collision_index,collision_year,collision_ref_no,vehicle_reference,vehicle_type,towing_and_articulation,vehicle_manoeuvre_historic,vehicle_manoeuvre,vehicle_direction_from,vehicle_direction_to,vehicle_location_restricted_lane_historic,vehicle_location_restricted_lane,junction_location,skidding_and_overturning,hit_object_in_carriageway,vehicle_leaving_carriageway,hit_object_off_carriageway,first_point_of_impact,vehicle_left_hand_drive,journey_purpose_of_driver_historic,journey_purpose_of_driver,sex_of_driver,age_of_driver,age_band_of_driver,engine_capacity_cc,propulsion_code,age_of_vehicle,generic_make_model,driver_imd_decile,lsoa_of_driver,escooter_flag,driver_distance_banding
2020990987138,2020,990987138,2,9,0,18,19,6,2,0,0,8,0,0,0,0,1,1,5,6,2,30,6,1995,2,13,-1,9,-1,0,-1
2020420952617,2020,420952617,1,20,0,18,19,3,7,0,0,0,0,0,0,0,2,1,6,6,1,46,8,3920,2,16,-1,5,E01021770,0,-1
2020211021840,2020,211021840,2,19,0,18,19,6,1,0,0,0,0,0,0,0,1,1,1,1,1,58,9,-1,-1,-1,-1,2,E01029492,0,-1
2020211013640,2020,211013640,2,20,0,3,3,1,5,0,0,0,0,0,0,0,2,1,1,1,1,45,7,-1,2,19,-1,10,E01029573,0,-1
2020420957053,2020,420957053,1,21,0,18,19,7,3,0,0,0,0,0,0,0,1,1,6,6,1,-1,-1,3920,2,15,-1,-1,-1,0,-1
2020990970600,2020,990970600,1,20,0,18,19,6,2,0,0,1,0,0,0,0,1,1,1,1,1,57,9,3900,2,19,-1,-1,-1,0,-1
2020170L31100,2020,170L31100,3,21,1,10,10,5,3,0,0,8,0,0,0,0,1,1,1,1,1,35,6,3920,2,15,-1,-1,-1,0,-1
2020540307620,2020,540307620,2,21,0,18,19,1,5,0,0,0,0,0,1,0,1,1,1,1,1,54,8,3900,2,16,-1,8,E01031940,0,-1
2020211007553,2020,211007553,2,19,0,18,19,1,5,0,0,0,0,0,0,0,2,1,6,6,1,48,8,3920,2,16,-1,1,E01009097,0,-1
2020541525020,2020,541525020,2,20,0,4,4,3,7,0,0,0,0,0,0,0,2,1,1,1,1,44,7,5880,2,15,-1,10,E01014889,0,-1
2020340K05052,2020,340K05052,2,19,0,18,19,6,2,0,0,0,1,0,0,0,3,1,1,1,2,30,6,3920,2,15,-1,8,E01027096,0,-1
2020460924155,2020,460924155,1,21,0,18,19,2,6,0,0,1,0,4,0,0,1,1,1,1,1,49,8,3920,2,14,-1,2,E01024128,0,-1
2020500929743,2020,500929743,1,21,0,18,19,1,5,0,0,0,1,0,0,0,1,1,1,1,1,22,5,5900,2,18,-1,6,E01015220,0,-1
2020420998112,2020,420998112,1,20,0,18,19,3,7,0,0,0,0,0,0,0,1,1,2,2,1,46,8,-1,-1,-1,-1,7,E01023888,0,-1
2020200991046,2020,200991046,2,21,0,18,19,-1,-1,0,0,0,0,0,0,0,2,1,1,1,3,-1,-1,5880,2,14,-1,-1,-1,0,-1
2020170L30530,2020,170L30530,1,19,0,12,12,2,6,0,0,0,0,0,0,0,3,1,6,6,2,-1,-1,1997,2,1,-1,-1,-1,0,-1
2020500966872,2020,500966872,1,9,0,16,19,1,5,0,0,0,0,0,1,10,3,1,2,2,1,40,7,1598,2,3,-1,4,E01029281,0,-1
2020420994044,2020,420994044,1,19,0,18,19,5,1,0,0,0,0,0,0,0,1,1,1,1,1,41,7,1598,2,4,-1,2,E01003507,0,-1
2020070591684,2020,070591684,2,19,0,4,4,7,3,0,0,0,0,0,0,0,1,1,1,1,1,28,6,1997,2,1,-1,6,E01018479,0,-1
2020010234306,2020,010234306,1,19,0,4,4,3,7,0,0,1,0,0,0,0,1,1,1,1,1,40,7,1997,2,1,-1,9,E01004546,0,-1
2020440360916,2020,440360916,1,19,0,7,7,4,7,0,0,5,0,0,1,0,1,1,6,6,1,31,6,1598,2,1,-1,3,E01017191,0,-1
2020420976925,2020,420976925,2,3,0,18,19,6,3,0,0,1,0,0,0,0,1,1,5,6,1,30,6,124,1,4,-1,1,E01021290,0,-1
2020440007246,2020,440007246,1,3,0,14,14,4,8,0,0,8,1,0,0,0,3,1,6,6,1,37,7,124,1,4,-1,9,E01022695,0,-1
2020170L30020,2020,170L30020,1,3,0,18,19,8,4,0,0,8,0,0,0,0,4,1,6,6,1,16,4,48,1,1,-1,5,E01012129,0,-1
2020990964260,2020,990964260,1,9,0,18,19,1,4,0,0,0,1,7,2,1,1,1,5,6,1,29,6,1999,1,18,-1,6,-1,0,-1
2020990998876,2020,990998876,1,9,0,18,19,1,5,0,0,0,2,0,7,11,2,1,6,6,1,23,5,1999,1,19,-1,9,-1,0,-1
2020140967327,2020,140967327,1,20,0,12,12,6,2,0,0,0,0,0,0,0,1,1,1,1,1,55,8,4485,2,1,IVECO EUROCARGO,1,E01007506,0,-1
2020302001606,2020,302001606,1,21,0,18,19,4,8,0,0,4,1,7,2,6,1,1,6,6,1,42,7,6728,2,3,IVECO EUROCARGO,-1,-1,0,-1
2020500964292,2020,500964292,1,21,0,9,9,4,2,0,0,6,1,0,0,0,1,1,1,1,1,58,9,6728,2,3,IVECO EUROCARGO,3,E01019059,0,-1
2020320205436,2020,320205436,1,19,0,18,19,5,1,0,0,0,0,0,1,0,0,1,1,1,2,40,7,6728,2,3,IVECO EUROCARGO,6,E01022053,0,-1
2020420998094,2020,420998094,1,21,0,18,19,7,3,0,0,0,0,0,0,0,1,1,1,1,1,54,8,4485,2,4,IVECO EUROCARGO,8,E01000371,0,-1
2020100927228,2020,100927228,1,20,0,9,9,7,5,0,0,1,0,0,0,0,3,1,1,1,1,61,9,4485,2,4,IVECO EUROCARGO,6,E01008181,0,-1
2020010270704,2020,010270704,1,20,0,7,7,1,4,0,0,5,0,0,0,0,4,1,1,1,1,32,6,6728,2,6,IVECO EUROCARGO,3,E01003146,0,-1
202063A085420,2020,63A085420,1,21,0,16,19,3,6,0,0,0,0,0,0,0,1,1,1,1,1,36,7,6728,2,5,IVECO EUROCARGO,5,W01001187,0,-1
2020070593496,2020,070593496,2,19,0,4,4,2,6,0,0,0,1,0,1,9,2,1,1,1,1,47,8,4485,2,5,IVECO EUROCARGO,1,E01006873,0,-1
2020010245181,2020,010245181,1,21,0,3,3,3,7,0,0,1,0,0,0,0,2,1,1,1,1,32,6,4485,2,3,IVECO EUROCARGO,3,E01000635,0,-1
2020052000794,2020,052000794,2,20,0,18,19,7,3,0,0,8,0,0,0,0,1,1,1,1,1,50,8,4485,2,6,IVECO EUROCARGO,-1,-1,0,-1
2020010269085,2020,010269085,1,19,0,18,19,2,6,0,0,1,0,0,0,0,3,1,6,6,3,-1,-1,4485,2,2,IVECO EUROCARGO,-1,-1,0,-1
2020990990619,2020,990990619,2,21,0,17,19,3,7,0,0,0,0,0,0,0,1,1,1,1,1,51,8,4485,2,5,IVECO EUROCARGO,3,-1,0,-1
2020010230039,2020,010230039,1,19,4,99,99,9,9,99,99,0,9,99,9,99,9,9,6,6,1,28,6,4485,2,1,IVECO EUROCARGO,5,E01004463,0,-1
2020460948111,2020,460948111,2,20,0,16,19,3,7,0,0,0,0,0,0,0,2,1,5,6,1,41,7,4485,2,5,IVECO EUROCARGO,3,E01016173,0,-1
2020100994406,2020,100994406,2,20,0,3,3,5,1,0,0,0,0,0,0,0,2,1,1,1,1,46,8,4485,2,4,IVECO EUROCARGO,-1,-1,0,-1
2020010259633,2020,010259633,2,21,0,18,19,5,1,2,2,1,1,0,0,0,1,1,1,1,1,37,7,6728,2,5,IVECO EUROCARGO,5,E01001060,0,-1
2020010283829,2020,010283829,1,19,0,5,5,3,7,0,0,2,0,0,0,0,4,1,1,1,1,34,6,-1,-1,-1,IVECO EUROCARGO,5,E01003697,0,-1
20201376H0705,2020,1376H0705,1,21,0,4,4,2,6,0,0,1,0,0,0,0,1,1,1,1,1,52,8,4485,2,4,IVECO EUROCARGO,2,E01006010,0,-1
2020302000537,2020,302000537,2,21,0,18,19,8,4,0,0,0,0,0,0,0,3,1,1,1,1,43,7,6728,2,5,IVECO EUROCARGO,4,E01008767,0,-1
2020440482494,2020,440482494,1,21,0,18,19,2,6,0,0,8,1,0,0,0,1,1,1,1,1,57,9,4485,2,5,IVECO EUROCARGO,3,E01022908,0,-1
2020332000090,2020,332000090,5,19,0,18,19,0,0,0,0,0,0,0,0,0,1,1,1,1,1,56,9,-1,-1,-1,IVECO EUROCARGO,2,E01027976,0,-1
2020350950334,2020,350950334,1,20,1,18,19,8,4,0,0,4,0,0,0,0,3,1,1,1,1,45,7,6728,2,4,IVECO EUROCARGO,5,E01032981,0,-1
2020110981030,2020,110981030,1,21,0,18,19,3,7,0,0,0,0,0,0,0,4,1,1,1,1,50,8,4485,2,0,IVECO EUROCARGO,1,E01020844,0,-1
2020500979509,2020,500979509,1,21,1,18,19,1,5,0,0,0,0,0,0,0,1,1,1,1,1,43,7,6728,2,4,IVECO EUROCARGO,4,E01014951,0,-1
2020500978828,2020,500978828,2,19,0,2,2,0,0,6,6,0,0,0,0,0,2,1,6,6,3,-1,-1,6728,2,2,IVECO EUROCARGO,-1,-1,0,-1
2020430255894,2020,430255894,1,20,0,7,7,3,5,0,0,6,0,0,0,0,3,1,1,1,1,47,8,4485,2,5,IVECO EUROCARGO,4,E01033174,0,-1
2020010265139,2020,010265139,1,20,0,5,5,0,2,0,0,1,0,0,0,0,1,1,1,1,1,53,8,4485,2,3,IVECO EUROCARGO,1,E01002036,0,-1
2020230940875,2020,230940875,1,19,0,18,19,6,2,0,0,4,0,0,0,0,1,1,6,6,1,34,6,4485,2,4,IVECO EUROCARGO,-1,-1,0,-1
2020010243019,2020,010243019,1,19,0,5,5,0,3,0,0,8,0,0,0,0,1,1,1,1,1,46,8,6728,2,6,IVECO EUROCARGO,6,E01003227,0,-1
2020230962619,2020,230962619,2,21,1,4,4,2,6,0,0,0,0,0,0,0,2,1,1,1,1,62,9,4485,2,3,IVECO EUROCARGO,1,E01015507,0,-1
2020360922346,2020,360922346,1,19,0,18,19,3,7,0,0,0,1,0,0,0,1,1,1,1,1,28,6,6728,2,3,IVECO EUROCARGO,4,E01030251,0,-1
2020500956109,2020,500956109,2,20,0,2,2,0,0,0,0,0,0,0,0,0,3,1,1,1,1,63,9,4485,2,3,IVECO EUROCARGO,8,E01032938,0,-1
2020332000237,2020,332000237,3,20,0,2,2,0,0,0,0,0,0,0,0,0,4,1,6,6,1,36,7,4485,2,5,IVECO EUROCARGO,3,E01026017,0,-1
2020622000431,2020,622000431,2,19,0,2,2,0,0,0,0,0,0,0,0,0,1,1,1,1,1,51,8,4485,2,2,IVECO EUROCARGO,1,W01001741,0,-1
2020220978671,2020,220978671,1,21,0,2,2,0,0,0,0,0,0,0,0,0,2,1,1,1,1,55,8,6728,2,6,IVECO EUROCARGO,2,E01014064,0,-1
2020137BD0343,2020,137BD0343,1,19,0,18,19,3,7,0,0,4,0,0,0,0,1,1,1,1,1,55,8,4485,2,6,IVECO EUROCARGO,4,E01011841,0,-1
2020370954031,2020,370954031,1,20,0,9,9,1,4,0,0,4,0,0,7,4,1,1,1,1,1,56,9,4485,2,3,IVECO EUROCARGO,10,E01028148,0,-1
2020122000387,2020,122000387,4,21,0,2,2,0,0,0,0,0,0,0,0,0,0,1,1,1,1,50,8,6728,2,3,IVECO EUROCARGO,9,E01027619,0,-1
2020450950383,2020,450950383,2,21,0,18,19,7,3,0,0,0,0,0,0,0,2,1,1,1,1,60,9,6728,2,2,IVECO EUROCARGO,6,E01004163,0,-1
2020622000862,2020,622000862,4,19,0,2,2,0,0,0,0,0,0,0,0,0,3,1,1,1,1,58,9,4485,2,3,IVECO EUROCARGO,1,W01000817,0,-1
2020211024786,2020,211024786,2,21,-1,-1,-1,8,2,-1,-1,-1,-1,-1,-1,0,-1,1,1,1,1,50,8,6728,2,3,IVECO EUROCARGO,4,E01018454,0,-1
202006A375127,2020,06A375127,2,20,0,18,19,4,8,0,0,8,0,0,0,0,1,1,1,1,1,59,9,4485,2,6,IVECO EUROCARGO,4,E01018638,0,-1
2020010264556,2020,010264556,2,19,9,2,2,0,0,0,0,1,0,0,1,0,3,1,6,6,3,-1,-1,6728,2,1,IVECO EUROCARGO,-1,-1,0,-1
2020420982597,2020,420982597,2,4,0,18,19,3,3,0,0,0,1,0,0,0,1,1,6,6,1,27,6,125,1,0,-1,-1,-1,0,-1
2020400979639,2020,400979639,2,3,0,18,19,4,8,0,0,0,0,0,0,0,4,1,6,6,1,23,5,125,1,0,-1,4,E01015722,0,-1
2020100918826,2020,100918826,1,3,0,18,19,5,1,0,0,1,2,0,0,0,1,1,5,6,1,31,6,125,1,2,-1,4,E01008654,0,-1
2020320030035,2020,320030035,1,3,0,17,19,1,7,0,0,2,0,0,1,0,0,1,6,6,1,18,4,125,1,1,-1,4,E01026183,0,-1
2020420928031,2020,420928031,1,3,0,18,19,7,3,0,0,0,0,0,0,0,1,1,6,6,1,22,5,125,1,1,-1,5,E01021922,0,-1
2020070095006,2020,070095006,2,4,0,18,19,4,1,0,0,2,0,0,0,0,4,1,1,1,1,40,7,125,1,1,-1,9,E01018500,0,-1
2020010252028,2020,010252028,2,2,0,18,19,3,7,0,0,1,0,7,0,0,1,1,1,1,1,20,4,49,1,0,-1,4,E01003573,0,-1
2020010278508,2020,010278508,1,3,0,18,19,3,7,0,0,1,1,0,0,0,0,1,6,6,1,35,6,125,1,0,-1,3,E01002587,0,-1
2020420979805,2020,420979805,2,3,0,4,4,4,8,0,0,0,0,0,0,0,2,1,2,2,1,45,7,125,1,0,-1,5,E01021388,0,-1
2020010285199,2020,010285199,2,3,0,18,19,7,3,0,0,8,0,0,0,0,1,1,6,6,1,31,6,125,1,0,-1,3,E01032581,0,-1
2020010286067,2020,010286067,2,3,0,15,15,8,4,0,0,8,5,0,0,0,3,1,2,2,1,24,5,125,1,0,-1,5,E01001677,0,-1
2020451008561,2020,451008561,1,5,0,4,4,5,1,0,0,0,1,0,0,0,3,1,6,6,1,78,11,1064,1,15,-1,8,E01003823,0,-1
2020170S31800,2020,170S31800,2,19,0,9,9,5,3,0,0,8,0,0,0,0,1,1,1,1,1,63,9,1598,2,3,RENAULT TRAFIC,2,E01012291,0,-1
2020040927194,2020,040927194,1,9,0,18,19,1,5,0,0,1,0,0,0,0,1,1,1,1,1,54,8,1598,2,2,RENAULT TRAFIC,8,E01025416,0,-1
2020122000976,2020,122000976,1,19,0,9,9,1,5,0,0,6,0,0,0,0,2,1,6,6,1,60,9,1996,2,8,RENAULT TRAFIC,6,E01027915,0,-1
2020161005207,2020,161005207,1,19,0,18,19,1,5,0,0,0,2,0,0,0,2,1,1,1,1,44,7,1996,2,9,RENAULT TRAFIC,8,E01013269,0,-1
2020041005606,2020,041005606,3,19,0,18,19,1,5,0,0,0,0,0,0,0,2,1,1,1,1,64,9,1997,2,0,RENAULT TRAFIC,10,E01028606,0,-1
2020070532342,2020,070532342,2,19,0,13,13,7,3,0,0,1,0,7,1,11,1,1,2,2,1,44,7,1598,2,1,RENAULT TRAFIC,7,E01012496,0,-1
2020137A91100,2020,137A91100,2,19,0,18,19,6,6,0,0,8,0,0,0,0,1,1,6,6,1,-1,-1,1995,2,6,RENAULT TRAFIC,5,E01011836,0,-1
2020500962199,2020,500962199,1,19,0,18,19,2,5,0,0,3,1,0,2,11,4,1,1,1,1,24,5,1996,2,9,RENAULT TRAFIC,4,E01018914,0,-1
2020450957199,2020,450957199,2,19,0,18,19,1,1,0,0,1,0,0,0,0,4,1,5,6,1,54,8,1598,2,3,RENAULT TRAFIC,10,E01030380,0,-1
2020302000688,2020,302000688,1,19,0,9,9,4,2,0,0,5,0,0,0,0,3,1,6,6,1,26,6,1598,2,4,RENAULT TRAFIC,10,E01019831,0,-1
2020370955910,2020,370955910,1,19,0,4,4,-1,-1,0,0,4,0,0,0,0,1,1,6,6,1,54,8,1870,2,15,RENAULT TRAFIC,6,E01030005,0,-1
2020010237377,2020,010237377,1,19,0,6,6,3,3,0,0,1,0,0,0,0,4,1,2,2,1,30,6,1598,2,5,RENAULT TRAFIC,10,E01030508,0,-1
2020060958615,2020,060958615,2,19,0,17,19,5,2,0,0,0,5,0,1,0,3,1,1,1,1,35,6,1598,2,5,RENAULT TRAFIC,2,E01004812,0,-1
2020350955335,2020,350955335,2,19,0,18,19,6,2,0,0,1,0,0,0,0,4,1,1,1,2,49,8,1598,2,1,RENAULT TRAFIC,10,E01018216,0,-1
202006F268242,2020,06F268242,1,19,0,18,19,5,1,0,0,0,0,0,0,0,3,1,1,1,1,30,6,1598,2,4,RENAULT TRAFIC,4,E01004939,0,-1
2020010263447,2020,010263447,3,19,0,3,3,5,1,0,0,8,0,0,0,0,0,1,2,2,1,49,8,1598,2,2,RENAULT TRAFIC,-1,-1,0,-1
2020460949010,2020,460949010,1,19,0,9,9,1,7,0,0,0,0,0,0,0,1,1,5,6,1,57,9,1598,2,3,RENAULT TRAFIC,9,E01016090,0,-1
2020340D03662,2020,340D03662,1,19,0,18,19,2,6,0,0,0,0,0,1,10,0,1,6,6,1,60,9,1598,2,4,RENAULT TRAFIC,7,E01032892,0,-1
2020170H10570,2020,170H10570,2,19,0,18,19,3,7,0,0,8,0,0,0,0,1,1,1,1,1,29,6,1598,2,3,RENAULT TRAFIC,-1,-1,0,-1
2020052000486,2020,052000486,2,19,0,18,19,3,7,0,0,0,0,0,0,0,4,1,2,2,1,25,5,1598,2,2,RENAULT TRAFIC,2,E01033097,0,-1
2020010263565,2020,010263565,1,19,0,5,5,2,6,0,0,0,0,0,0,0,3,1,1,1,1,45,7,1996,2,9,RENAULT TRAFIC,-1,-1,0,-1
2020010278564,2020,010278564,2,19,0,99,99,9,9,99,99,9,9,99,9,99,2,9,6,6,3,-1,-1,1995,2,6,RENAULT TRAFIC,-1,-1,0,-1
2020070539266,2020,070539266,1,8,0,18,19,2,6,0,0,1,0,0,0,0,1,1,6,6,1,56,9,1995,2,7,-1,-1,-1,0,-1
2020501004885,2020,501004885,2,19,0,18,19,3,7,0,0,8,0,0,0,0,1,1,1,1,1,31,6,1598,2,5,RENAULT TRAFIC,7,E01019955,0,-1
2020040983926,2020,040983926,1,19,0,18,19,7,3,0,0,0,0,0,0,0,1,1,1,1,1,59,9,1870,2,14,RENAULT TRAFIC,4,E01025249,0,-1
2020420972956,2020,420972956,1,19,0,18,19,4,8,0,0,0,0,0,0,0,1,1,6,6,1,33,6,1598,2,5,RENAULT TRAFIC,-1,-1,0,-1
2020010284040,2020,010284040,1,19,0,18,19,2,6,0,0,3,0,0,0,0,1,1,1,1,1,34,6,1598,2,4,RENAULT TRAFIC,-1,-1,0,-1
2020010281015,2020,010281015,2,19,0,3,3,3,7,0,0,1,0,0,0,0,2,1,1,1,1,46,8,1995,2,7,RENAULT TRAFIC,4,E01021957,0,-1
2020410987280,2020,410987280,2,19,0,4,4,3,7,0,0,0,0,0,0,0,2,1,1,1,1,57,9,1995,2,8,RENAULT TRAFIC,6,E01030081,0,-1
2020201022335,2020,201022335,1,19,0,18,19,3,7,0,0,8,0,0,0,0,1,1,6,6,1,-1,-1,1870,2,15,RENAULT TRAFIC,-1,-1,0,-1
2020100920822,2020,100920822,1,19,0,18,19,3,7,0,0,4,0,7,0,0,1,1,6,6,1,64,9,1996,2,8,RENAULT TRAFIC,8,E01008862,0,-1
2020010242382,2020,010242382,2,19,0,2,2,0,0,6,6,0,0,0,0,0,3,1,6,6,3,-1,-1,1997,2,1,RENAULT TRAFIC,-1,-1,0,-1
2020122000452,2020,122000452,2,19,0,16,19,8,3,0,0,0,0,0,0,0,1,1,1,1,1,35,6,1995,2,8,RENAULT TRAFIC,1,E01006360,0,-1
2020010258500,2020,010258500,1,19,0,18,19,3,7,0,0,8,5,9,0,0,1,1,6,6,1,39,7,1598,2,4,RENAULT TRAFIC,4,E01001672,0,-1
2020622000819,2020,622000819,1,19,0,2,2,0,0,0,0,0,0,0,0,0,3,1,6,6,1,46,8,1598,2,4,RENAULT TRAFIC,3,W01000961,0,-1
202031B143620,2020,31B143620,1,19,0,9,9,5,3,0,0,6,0,0,0,0,1,1,6,6,1,27,6,1995,2,13,RENAULT TRAFIC,6,E01028333,0,-1
2020440194330,2020,440194330,2,19,0,18,19,6,2,0,0,0,0,0,0,0,3,1,6,6,1,29,6,1995,2,8,RENAULT TRAFIC,4,E01022988,0,-1
2020451005614,2020,451005614,1,19,0,18,19,1,5,0,0,0,1,0,1,2,1,1,2,2,1,36,7,1997,2,1,RENAULT TRAFIC,9,E01022639,0,-1
2020500991696,2020,500991696,1,19,0,18,19,3,7,0,0,0,0,0,0,0,1,1,6,6,2,59,9,1996,2,9,RENAULT TRAFIC,2,E01033292,0,-1
2020500995723,2020,500995723,1,19,0,18,19,5,1,0,0,0,0,0,1,0,1,1,2,2,1,26,6,1598,2,3,RENAULT TRAFIC,10,E01020210,0,-1
2020010254401,2020,010254401,2,19,0,99,99,9,9,99,99,9,9,99,9,99,2,9,6,6,3,-1,-1,1996,2,8,RENAULT TRAFIC,3,E01004458,0,-1
2020500999720,2020,500999720,1,19,0,9,9,5,3,0,0,0,0,0,0,0,2,1,6,6,1,53,8,1870,2,16,RENAULT TRAFIC,5,E01018847,0,-1
2020010285614,2020,010285614,1,19,0,99,99,9,9,99,99,9,9,99,9,99,2,9,6,6,3,-1,-1,1598,2,2,RENAULT TRAFIC,-1,-1,0,-1
2020070143581,2020,070143581,1,19,0,9,9,7,5,0,0,5,0,0,0,0,2,1,1,1,1,-1,-1,1598,2,3,RENAULT TRAFIC,3,E01029766,0,-1
2020010251714,2020,010251714,1,19,0,4,4,1,5,0,0,1,0,4,0,0,4,1,1,1,1,51,8,1598,2,2,RENAULT TRAFIC,6,E01021334,0,-1
2020010238913,2020,010238913,1,19,0,18,19,3,7,0,0,1,0,0,0,0,1,1,1,1,1,51,8,1598,2,1,RENAULT TRAFIC,6,E01001236,0,-1
2020030982743,2020,030982743,1,19,0,18,19,5,1,0,0,0,0,0,0,0,1,1,6,6,1,23,5,1598,2,3,RENAULT TRAFIC,4,E01025172,0,-1
20201377H0884,2020,1377H0884,3,19,0,2,2,0,0,0,0,0,0,0,0,0,0,1,6,6,1,49,8,1995,2,7,RENAULT TRAFIC,9,E01011385,0,-1
2020010296447,2020,010296447,1,19,0,99,99,9,9,99,99,0,9,99,9,99,2,9,6,6,1,35,6,1870,2,15,RENAULT TRAFIC,3,E01003708,0,-1
2020220930283,2020,220930283,1,8,0,18,19,3,7,0,0,0,0,0,0,0,1,1,1,1,1,71,10,1598,2,4,-1,7,E01028925,0,-1
2020010262539,2020,010262539,2,19,0,99,99,9,9,99,99,9,9,99,9,99,1,9,6,6,3,41,7,1995,2,7,RENAULT TRAFIC,10,E01030606,0,-1
2020500941464,2020,500941464,2,19,0,2,2,0,0,0,0,0,0,0,0,0,2,1,6,6,1,46,8,1995,2,12,RENAULT TRAFIC,6,E01020335,0,-1
2020070418762,2020,070418762,2,10,0,4,4,7,3,0,0,0,0,2,0,0,2,1,1,1,1,46,8,-1,-1,-1,-1,-1,-1,0,-1
2020440082807,2020,440082807,3,19,0,10,10,5,1,0,0,8,0,0,0,0,1,1,6,6,1,51,8,1598,2,1,RENAULT TRAFIC,7,E01022481,0,-1
2020070332756,2020,070332756,1,19,0,18,19,8,4,0,0,0,0,0,0,0,1,1,6,6,1,55,8,1870,2,15,RENAULT TRAFIC,8,E01006119,0,-1
2020200960071,2020,200960071,1,19,0,18,19,3,7,0,0,0,0,0,0,0,1,1,2,2,1,55,8,1598,2,2,RENAULT TRAFIC,8,E01009425,0,-1
2020010265873,2020,010265873,2,19,0,18,19,1,5,0,0,8,0,0,0,0,1,1,1,1,1,24,5,1997,2,0,RENAULT TRAFIC,3,E01002284,0,-1
2020370980454,2020,370980454,1,19,0,7,7,5,1,0,0,2,0,0,0,0,1,1,1,1,1,35,6,1598,2,2,RENAULT TRAFIC,10,E01033444,0,-1
2020430290650,2020,430290650,1,19,0,18,19,4,8,0,0,1,0,0,0,0,1,1,2,2,1,21,5,1870,2,16,RENAULT TRAFIC,9,E01033316,0,-1
2020010257616,2020,010257616,1,19,0,3,3,5,1,0,0,0,0,0,0,0,0,1,6,6,3,-1,-1,1598,2,4,RENAULT TRAFIC,-1,-1,0,-1
2020552100072,2020,552100072,2,19,0,2,2,0,0,9,9,0,0,0,0,0,1,1,6,6,3,-1,-1,1995,2,11,RENAULT TRAFIC,-1,-1,0,-1
2020200957422,2020,200957422,2,19,0,18,19,2,6,0,0,1,0,0,0,0,1,1,6,6,1,60,9,1870,2,14,RENAULT TRAFIC,1,E01009952,0,-1
2020461013416,2020,461013416,1,19,0,9,9,1,5,0,0,0,0,0,0,0,1,1,6,6,1,21,5,1995,2,8,RENAULT TRAFIC,7,E01024719,0,-1
2020170S40200,2020,170S40200,2,19,0,9,9,8,6,4,4,8,0,0,0,0,1,1,1,1,1,54,8,1598,2,3,RENAULT TRAFIC,5,E01012218,0,-1
2020522004722,2020,522004722,2,19,0,3,3,6,2,0,0,1,0,0,0,0,1,1,6,6,1,57,9,1995,2,6,RENAULT TRAFIC,7,E01014817,0,-1
2020302000932,2020,302000932,2,19,0,3,3,5,7,0,0,4,0,0,0,0,1,1,2,2,1,54,8,1598,2,5,RENAULT TRAFIC,9,E01019706,0,-1
2020500944970,2020,500944970,3,19,0,7,7,1,3,0,0,5,0,0,0,0,0,1,6,6,1,22,5,1995,2,7,RENAULT TRAFIC,7,E01018813,0,-1
2020302001308,2020,302001308,1,19,0,16,19,2,4,0,0,0,0,0,1,1,1,1,6,6,1,33,6,1996,2,10,RENAULT TRAFIC,5,E01019436,0,-1
2020461003402,2020,461003402,1,19,0,18,19,7,1,0,0,1,0,0,0,0,1,1,5,6,1,23,5,1870,2,18,RENAULT TRAFIC,6,E01033091,0,-1
2020010252267,2020,010252267,2,19,0,99,99,9,9,99,99,0,9,99,9,99,9,9,6,6,1,34,6,1598,2,6,RENAULT TRAFIC,6,E01021331,0,-1
2020010239627,2020,010239627,2,19,0,99,99,9,9,99,99,9,9,99,9,99,2,9,6,6,3,-1,-1,1995,2,14,RENAULT TRAFIC,-1,-1,0,-1
2020010242603,2020,010242603,2,19,0,2,2,0,0,0,0,8,0,4,0,0,2,1,6,6,3,-1,-1,1995,2,12,RENAULT TRAFIC,-1,-1,0,-1
2020990967950,2020,990967950,2,19,0,17,19,3,8,0,0,0,0,0,0,0,1,1,6,6,2,60,9,1996,2,6,RENAULT TRAFIC,7,-1,0,-1
2020052001688,2020,052001688,1,19,0,9,9,7,5,0,0,8,0,0,0,0,1,1,6,6,2,66,10,1996,2,10,RENAULT TRAFIC,3,E01018534,0,-1
2020470976239,2020,470976239,1,19,0,9,9,4,1,0,0,8,0,0,0,0,1,1,5,6,1,48,8,1598,2,5,RENAULT TRAFIC,7,E01021189,0,-1
2020991010921,2020,991010921,2,19,0,18,19,5,1,0,0,0,0,0,0,0,1,1,1,1,1,45,7,1598,2,2,RENAULT TRAFIC,4,-1,0,-1
2020450923117,2020,450923117,1,19,0,6,6,1,5,8,6,8,0,0,0,0,1,1,1,1,1,21,5,1995,2,13,RENAULT TRAFIC,8,E01030730,0,-1
2020420984629,2020,420984629,1,19,0,18,19,4,1,0,0,0,0,0,0,0,1,1,2,2,1,56,9,2464,2,9,RENAULT TRAFIC,5,E01022017,0,-1