collision_index,collision_year,collision_ref_no,vehicle_reference,vehicle_type,towing_and_articulation,vehicle_manoeuvre_historic,vehicle_manoeuvre,vehicle_direction_from,vehicle_direction_to,vehicle_location_restricted_lane_historic,vehicle_location_restricted_lane,junction_location,skidding_and_overturning,hit_object_in_carriageway,vehicle_leaving_carriageway,hit_object_off_carriageway,first_point_of_impact,vehicle_left_hand_drive,journey_purpose_of_driver_historic,journey_purpose_of_driver,sex_of_driver,age_of_driver,age_band_of_driver,engine_capacity_cc,propulsion_code,age_of_vehicle,generic_make_model,driver_imd_decile,lsoa_of_driver,escooter_flag,driver_distance_banding
2020440007302,2020,440007302,5,9,0,18,19,6,2,0,0,0,0,0,1,7,1,1,2,2,1,43,7,999,1,6,SKODA CITIGO,5,E01017100,0,-1
2020041006516,2020,041006516,1,9,0,17,19,5,1,0,0,4,0,0,0,0,1,1,6,6,2,40,7,999,1,4,SKODA CITIGO,-1,-1,0,-1
2020450983459,2020,450983459,1,9,0,18,19,7,3,0,0,1,1,0,7,2,1,1,5,6,2,83,11,999,1,7,SKODA CITIGO,10,E01030403,0,-1
2020500933505,2020,500933505,1,9,0,16,19,5,1,0,0,0,5,0,0,0,1,1,1,1,1,26,6,999,1,1,SKODA CITIGO,5,E01015213,0,-1
202031A163220,2020,31A163220,1,9,0,6,6,8,8,0,0,6,0,0,0,0,4,1,2,2,1,19,4,999,1,1,SKODA CITIGO,8,E01027973,0,-1
2020552000454,2020,552000454,1,9,0,18,19,1,5,0,0,1,0,0,0,0,1,1,6,6,1,33,6,999,1,4,SKODA CITIGO,-1,-1,0,-1
202031D021520,2020,31D021520,2,9,0,3,3,2,6,0,0,0,0,0,0,0,2,1,1,1,1,48,8,999,1,4,SKODA CITIGO,10,E01028388,0,-1
2020990990853,2020,990990853,2,9,0,4,4,7,3,0,0,0,0,0,0,0,2,1,2,2,2,30,6,999,1,2,SKODA CITIGO,4,-1,0,-1
2020430014378,2020,430014378,2,9,0,18,19,9,9,0,0,8,0,0,0,0,4,1,2,2,2,27,6,999,1,3,SKODA CITIGO,7,E01016719,0,-1
2020340S02782,2020,340S02782,1,9,0,18,19,6,2,0,0,0,2,0,1,4,0,1,6,6,2,40,7,999,1,6,SKODA CITIGO,7,E01027305,0,-1
2020220968140,2020,220968140,2,9,0,18,19,5,1,0,0,0,0,0,0,0,3,1,5,6,2,51,8,999,1,3,SKODA CITIGO,9,E01032207,0,-1
2020430195537,2020,430195537,1,9,0,18,19,7,3,0,0,0,5,0,1,9,1,1,6,6,1,92,11,999,1,5,SKODA CITIGO,7,E01017854,0,-1
2020440078860,2020,440078860,1,9,0,13,13,3,7,0,0,0,0,0,0,0,4,1,6,6,2,85,11,999,1,3,SKODA CITIGO,5,E01022656,0,-1
2020552000484,2020,552000484,2,9,0,5,5,5,7,0,0,6,0,0,0,0,3,1,2,2,1,30,6,999,1,1,SKODA CITIGO,3,E01015294,0,-1
2020010233251,2020,010233251,1,9,0,18,19,3,7,0,0,1,0,0,0,0,1,1,6,6,1,18,4,999,1,2,SKODA CITIGO,5,E01002447,0,-1
2020440083618,2020,440083618,1,9,0,10,10,6,4,0,0,8,0,0,0,0,2,1,6,6,1,26,6,999,1,6,SKODA CITIGO,4,E01017277,0,-1
2020100922822,2020,100922822,1,9,0,18,19,1,1,0,0,1,0,0,0,0,1,1,5,6,2,61,9,999,1,4,SKODA CITIGO,4,E01008286,0,-1
2020450968307,2020,450968307,1,9,0,18,19,1,5,0,0,0,0,0,2,0,1,1,6,6,1,20,4,999,1,4,SKODA CITIGO,9,E01030910,0,-1
2020052000383,2020,052000383,1,9,0,3,3,3,7,0,0,1,0,0,0,0,1,1,6,6,1,86,11,999,1,5,SKODA CITIGO,2,E01006564,0,-1
2020990996892,2020,990996892,1,9,0,9,9,4,2,0,0,5,0,0,0,0,1,1,5,6,1,68,10,999,1,8,SKODA CITIGO,7,-1,0,-1
2020451004250,2020,451004250,1,9,0,18,19,5,1,0,0,1,0,0,3,4,1,1,5,6,2,25,5,999,1,1,SKODA CITIGO,9,E01030545,0,-1
2020200929762,2020,200929762,2,9,0,4,4,-1,-1,0,0,1,0,0,0,0,2,1,6,6,2,38,7,999,1,6,SKODA CITIGO,3,E01033565,0,-1
2020100922301,2020,100922301,2,9,0,17,19,6,2,0,0,0,0,0,0,0,4,1,1,1,2,51,8,999,1,6,SKODA CITIGO,10,E01027538,0,-1
2020010285018,2020,010285018,1,9,0,16,19,5,8,0,0,1,0,0,0,0,4,1,6,6,2,72,10,999,1,7,SKODA CITIGO,3,E01002806,0,-1
2020460931692,2020,460931692,3,9,0,16,19,6,2,0,0,0,0,0,0,0,3,1,2,2,1,54,8,999,1,4,SKODA CITIGO,5,E01024623,0,-1
2020010233118,2020,010233118,1,9,0,99,99,9,9,0,0,1,0,0,0,0,9,9,6,6,2,-1,-1,999,1,2,SKODA CITIGO,9,E01001993,0,-1
2020990962583,2020,990962583,1,9,0,1,1,1,5,0,0,0,0,4,0,0,2,1,6,6,1,52,8,999,1,5,SKODA CITIGO,10,-1,0,-1
2020470920820,2020,470920820,1,9,0,18,19,6,2,0,0,0,0,4,0,0,1,1,5,6,2,38,7,999,1,5,SKODA CITIGO,8,E01031765,0,-1
2020430414987,2020,430414987,1,9,0,4,4,4,8,0,0,0,0,0,0,0,1,1,6,6,2,67,10,999,1,6,SKODA CITIGO,7,E01028544,0,-1
2020440064992,2020,440064992,1,9,0,5,5,8,4,0,0,6,0,0,0,0,1,1,6,6,1,23,5,999,1,4,SKODA CITIGO,10,E01023045,0,-1
20201375F0258,2020,1375F0258,2,9,0,9,9,5,3,0,0,8,0,0,0,0,4,1,6,6,2,28,6,999,1,6,SKODA CITIGO,5,E01010854,0,-1
2020140964510,2020,140964510,2,9,0,5,5,1,5,0,0,0,0,0,0,0,1,2,6,6,1,21,5,999,1,5,SKODA CITIGO,-1,-1,0,-1
2020200950502,2020,200950502,2,9,0,3,3,7,3,0,0,1,0,0,0,0,2,1,2,2,1,49,8,999,1,6,SKODA CITIGO,3,E01010178,0,-1
2020201008345,2020,201008345,2,9,0,10,10,8,4,0,0,0,0,0,0,0,2,1,6,6,2,51,8,999,1,6,SKODA CITIGO,7,E01010081,0,-1
2020040923231,2020,040923231,1,9,0,18,19,2,6,0,0,2,0,0,0,0,1,1,1,1,2,54,8,999,1,7,SKODA CITIGO,9,E01025324,0,-1
2020622000554,2020,622000554,1,9,0,18,19,2,6,0,0,0,1,0,7,11,3,1,6,6,2,18,4,999,1,6,SKODA CITIGO,10,W01001084,0,-1
2020990973617,2020,990973617,1,9,0,9,9,4,2,0,0,1,0,0,0,0,1,1,1,1,1,26,6,999,1,3,SKODA CITIGO,1,-1,0,-1
2020070251164,2020,070251164,2,9,0,2,2,0,0,0,0,0,0,0,0,0,0,1,6,6,2,59,9,999,1,5,SKODA CITIGO,2,E01018739,0,-1
2020450941404,2020,450941404,2,9,0,17,19,6,2,0,0,0,0,0,1,0,1,1,5,6,2,60,9,999,1,4,SKODA CITIGO,7,E01030583,0,-1
2020201000999,2020,201000999,2,9,0,18,19,5,1,0,0,8,0,0,0,0,1,1,6,6,2,46,8,999,1,6,SKODA CITIGO,6,E01008956,0,-1
2020220944706,2020,220944706,1,9,0,5,5,5,1,2,2,6,0,0,0,0,4,1,5,6,2,22,5,999,1,3,SKODA CITIGO,6,E01032266,0,-1
2020350972572,2020,350972572,2,9,0,18,19,5,1,0,0,2,0,0,0,0,4,1,5,6,2,19,4,999,1,4,SKODA CITIGO,5,E01018214,0,-1
2020230965814,2020,230965814,1,9,0,18,19,8,4,0,0,0,0,0,0,0,1,1,2,2,2,32,6,999,1,4,SKODA CITIGO,10,E01031331,0,-1
2020110938399,2020,110938399,1,9,0,12,12,5,1,0,0,0,0,0,5,0,1,1,2,2,1,24,5,999,1,7,SKODA CITIGO,7,E01020685,0,-1
2020052001688,2020,052001688,2,9,0,18,19,2,7,0,0,8,0,0,0,0,1,1,6,6,2,63,9,999,1,4,SKODA CITIGO,6,E01007248,0,-1
2020360989194,2020,360989194,1,9,0,13,13,5,1,0,0,0,0,0,0,0,4,1,5,6,1,70,10,999,1,1,SKODA CITIGO,9,E01026582,0,-1
20201373L0692,2020,1373L0692,1,9,0,18,19,3,7,0,0,0,0,0,0,0,4,1,6,6,2,38,7,999,1,4,SKODA CITIGO,3,E01011784,0,-1
2020170M10560,2020,170M10560,2,9,0,3,3,8,4,0,0,0,0,0,0,0,2,1,2,2,1,31,6,999,1,7,SKODA CITIGO,1,E01012058,0,-1
2020070143378,2020,070143378,1,9,0,18,19,1,5,0,0,0,0,0,0,0,1,1,6,6,2,86,11,999,1,6,SKODA CITIGO,7,E01018357,0,-1
2020500946064,2020,500946064,2,9,0,9,9,5,3,0,0,1,0,0,0,0,1,1,5,6,2,48,8,999,1,8,SKODA CITIGO,5,E01019886,0,-1
2020470954771,2020,470954771,1,9,0,9,9,6,5,0,0,1,0,0,0,0,4,1,6,6,2,80,11,999,1,4,SKODA CITIGO,9,E01031670,0,-1
2020450960275,2020,450960275,1,9,0,7,7,3,6,0,0,1,0,0,0,0,2,1,5,6,2,54,8,999,1,8,SKODA CITIGO,7,E01030472,0,-1
2020361012791,2020,361012791,2,9,0,18,19,7,2,0,0,8,0,0,0,0,3,1,1,1,2,62,9,999,1,2,SKODA CITIGO,9,E01026570,0,-1
202031B076720,2020,31B076720,1,9,0,9,9,8,7,0,0,6,0,0,0,0,3,1,6,6,2,19,4,999,1,4,SKODA CITIGO,9,E01028332,0,-1
2020610042020,2020,610042020,2,9,0,8,8,5,7,0,0,1,0,0,0,0,1,1,6,6,2,74,10,999,1,5,SKODA CITIGO,-1,-1,0,-1
2020552000987,2020,552000987,1,9,0,4,4,6,2,0,0,0,0,0,0,0,1,1,2,2,2,57,9,999,1,1,SKODA CITIGO,9,E01015453,0,-1
2020991008012,2020,991008012,2,9,0,18,19,7,3,0,0,8,0,0,0,0,1,1,5,6,2,31,6,999,1,4,SKODA CITIGO,6,-1,0,-1
2020040972259,2020,040972259,2,9,0,18,19,3,7,0,0,8,1,0,7,0,4,1,5,6,2,66,10,999,1,3,SKODA CITIGO,7,E01025014,0,-1
2020221009298,2020,221009298,1,9,0,18,19,2,6,0,0,2,0,0,0,0,1,1,6,6,2,79,11,999,1,6,SKODA CITIGO,5,E01028928,0,-1
2020440402458,2020,440402458,2,9,0,18,19,5,1,0,0,1,0,0,0,0,1,1,2,2,2,60,9,999,1,2,SKODA CITIGO,1,E01017163,0,-1
2020010265017,2020,010265017,1,9,0,15,15,3,7,0,0,2,0,4,0,0,1,1,2,2,2,38,7,999,1,6,SKODA CITIGO,5,E01003274,0,-1
2020041001601,2020,041001601,2,9,0,18,19,1,5,0,0,0,0,0,0,0,4,1,5,6,2,39,7,999,1,7,SKODA CITIGO,9,E01025127,0,-1
2020622000404,2020,622000404,2,9,0,18,19,6,2,0,0,1,0,0,0,0,1,1,2,2,2,54,8,999,1,7,SKODA CITIGO,5,W01001863,0,-1
2020500995741,2020,500995741,1,9,0,18,19,3,7,0,0,1,0,0,0,0,1,1,6,6,1,65,9,999,1,5,SKODA CITIGO,4,E01018894,0,-1
2020200953921,2020,200953921,1,9,0,18,19,8,4,0,0,8,0,0,0,0,1,1,6,6,1,45,7,999,1,4,SKODA CITIGO,1,E01009152,0,-1
2020552000233,2020,552000233,4,9,0,3,3,2,6,0,0,0,0,0,0,0,2,1,6,6,2,75,10,999,1,1,SKODA CITIGO,7,E01020422,0,-1
20201372B0267,2020,1372B0267,1,9,0,4,4,7,3,0,0,1,0,0,0,0,1,1,1,1,1,28,6,999,1,5,SKODA CITIGO,4,E01011678,0,-1
2020430037623,2020,430037623,1,3,0,18,19,6,2,2,2,8,0,0,0,0,1,1,6,6,1,22,5,124,1,15,SUZUKI RV 125,9,E01016345,0,-1
2020010237218,2020,010237218,1,3,0,18,19,3,7,0,0,8,5,0,0,0,0,1,6,6,1,44,7,125,1,6,SUZUKI RV 125,2,E01003974,0,-1
2020010286845,2020,010286845,2,3,0,5,5,1,5,0,0,1,0,0,0,0,1,1,6,6,1,26,6,125,1,6,SUZUKI RV 125,5,E01004494,0,-1
2020010270805,2020,010270805,2,3,9,99,99,9,9,99,99,9,9,99,9,99,9,1,6,6,1,33,6,124,1,14,SUZUKI RV 125,7,E01003831,0,-1
2020140963778,2020,140963778,2,3,0,13,13,6,2,0,0,0,5,0,0,0,4,1,2,2,1,34,6,124,1,15,SUZUKI RV 125,1,E01007869,0,-1
2020070368739,2020,070368739,2,3,0,13,13,8,4,0,0,0,0,0,7,0,4,1,6,6,1,21,5,125,1,7,SUZUKI RV 125,10,E01018350,0,-1
2020010228542,2020,010228542,1,3,0,18,19,5,1,0,0,7,5,0,0,0,4,-1,6,6,2,36,7,125,1,6,SUZUKI RV 125,2,E01002087,0,-1
2020530975165,2020,530975165,2,3,0,18,19,7,3,0,0,0,0,0,0,0,1,1,5,6,1,37,7,124,1,17,SUZUKI RV 125,4,E01022428,0,-1
2020552000387,2020,552000387,1,3,0,18,19,1,5,0,0,1,0,0,0,0,0,1,6,6,1,52,8,124,1,14,SUZUKI RV 125,4,E01015321,0,-1
2020010276090,2020,010276090,1,3,0,18,19,1,5,0,0,8,2,0,0,0,1,1,6,6,1,23,5,124,1,12,SUZUKI RV 125,4,E01004737,0,-1
2020360928534,2020,360928534,1,5,0,17,19,8,4,0,0,0,2,0,7,0,1,1,2,2,1,25,5,644,1,21,-1,5,E01026511,0,-1
2020040965836,2020,040965836,2,90,0,5,5,4,7,0,0,0,0,0,0,0,4,1,5,6,1,81,11,1971,1,27,-1,2,E01012711,0,-1
2020522100596,2020,522100596,2,19,0,18,19,5,1,0,0,0,0,0,0,0,3,1,6,6,1,59,9,-1,-1,-1,-1,9,E01014851,0,-1
2020040984498,2020,040984498,1,9,0,7,7,5,7,0,0,6,0,11,0,0,1,1,5,6,1,85,11,1598,1,28,-1,7,E01025462,0,-1
2020010257304,2020,010257304,1,9,0,6,6,1,1,0,0,0,0,0,0,0,1,1,6,6,1,79,11,1796,1,34,-1,5,E01001301,0,-1
2020010254749,2020,010254749,1,9,0,7,7,1,4,0,0,8,0,0,0,0,1,1,6,6,2,60,9,1998,1,25,-1,8,E01000967,0,-1
2020141005895,2020,141005895,1,9,0,18,19,5,1,0,0,0,0,0,0,0,4,1,2,2,2,42,7,1297,1,34,-1,1,E01007318,0,-1
2020010284469,2020,010284469,1,9,0,5,5,1,5,0,0,0,0,0,0,0,1,1,6,6,1,71,10,1796,1,25,-1,3,E01000630,0,-1
2020440267363,2020,440267363,2,5,0,18,19,7,4,0,0,8,0,0,0,0,1,1,6,6,1,53,8,1731,1,5,-1,5,E01017055,0,-1
2020052000684,2020,052000684,2,5,0,18,19,3,7,0,0,8,0,0,0,0,3,1,6,6,1,67,10,892,1,20,-1,3,E01007217,0,-1
2020420928107,2020,420928107,2,3,0,18,19,7,2,0,0,8,5,0,0,0,1,1,5,6,1,27,6,892,1,20,-1,6,E01021380,0,-1
2020010282520,2020,010282520,1,2,0,18,19,5,1,0,0,1,0,0,0,0,0,1,6,6,1,42,7,124,1,8,-1,1,E01033604,0,-1
2020410925152,2020,410925152,1,3,0,18,19,7,5,0,0,1,0,0,0,0,0,1,2,2,1,23,5,124,1,8,-1,7,E01023434,0,-1
2020480990236,2020,480990236,1,3,0,18,19,5,1,0,0,2,0,0,0,0,1,1,2,2,1,43,7,124,1,8,-1,2,E01000743,0,-1
2020500965975,2020,500965975,1,3,0,18,19,1,7,0,0,0,2,0,0,0,1,1,6,6,1,-1,-1,124,1,6,-1,-1,-1,0,-1
2020450952277,2020,450952277,1,2,0,18,19,1,5,0,0,0,0,0,0,0,1,1,5,6,1,16,4,49,1,1,-1,8,E01030972,0,-1
2020420986592,2020,420986592,2,2,0,3,3,3,7,0,0,1,2,0,0,0,1,1,2,2,2,16,4,49,1,5,-1,2,E01021697,0,-1
2020420916359,2020,420916359,1,2,0,18,19,5,1,0,0,0,1,0,0,0,3,1,5,6,2,16,4,49,1,5,-1,2,E01021697,0,-1
2020160957788,2020,160957788,1,5,0,17,19,5,1,0,0,0,2,10,2,0,3,1,6,6,1,60,9,1198,1,6,-1,10,E01013092,0,-1
2020450944863,2020,450944863,1,5,0,17,19,5,1,0,0,0,0,0,1,0,1,1,5,6,1,39,7,1198,1,8,-1,5,E01030983,0,-1
2020420941954,2020,420941954,1,5,0,16,19,1,5,0,0,8,0,0,0,0,1,1,6,6,1,41,7,1198,1,8,-1,8,E01021424,0,-1
2020360954080,2020,360954080,3,5,0,18,19,2,6,0,0,0,0,0,0,0,0,1,5,6,1,44,7,1198,1,8,-1,4,E01026909,0,-1
2020010236045,2020,010236045,2,4,0,18,19,5,1,0,0,1,0,0,0,0,1,-1,6,6,1,28,6,821,1,5,-1,3,E01003141,0,-1
2020622000563,2020,622000563,2,5,0,18,19,4,8,0,0,1,0,0,0,0,1,1,6,6,1,29,6,821,1,1,-1,3,W01000881,0,-1
2020010271701,2020,010271701,1,5,0,13,13,5,1,0,0,1,0,0,0,0,1,1,2,2,1,28,6,821,1,4,-1,-1,-1,0,-1
2020122001108,2020,122001108,1,5,0,17,19,5,1,0,0,8,0,0,0,0,4,1,6,6,1,63,9,821,1,4,-1,8,E01027634,0,-1
2020010268245,2020,010268245,1,4,0,4,4,3,7,6,6,4,0,0,0,0,2,1,6,6,1,47,8,821,1,4,-1,2,E01001340,0,-1
2020010278260,2020,010278260,2,5,0,7,7,8,3,0,0,3,0,0,0,0,3,1,6,6,1,39,7,821,1,6,-1,-1,-1,0,-1
2020470968814,2020,470968814,2,90,0,9,9,5,3,0,0,8,0,0,0,0,1,1,5,6,1,31,6,2287,2,0,-1,1,E01016842,0,-1
2020122000716,2020,122000716,1,90,0,18,19,3,7,0,0,0,0,0,0,0,4,1,6,6,1,-1,-1,2287,2,3,-1,7,E01025180,0,-1
2020360961314,2020,360961314,4,9,0,18,19,7,3,0,0,1,0,0,0,0,1,1,2,2,1,56,9,1499,2,2,-1,6,-1,0,-1
2020461006076,2020,461006076,2,19,0,18,19,8,4,0,0,0,0,0,0,0,1,1,2,2,1,20,4,1499,2,3,FORD TRANSIT COURIER,4,E01024384,0,-1
2020070000151,2020,070000151,2,19,0,18,19,7,3,0,0,0,0,0,1,7,3,1,1,1,1,32,6,1499,2,2,FORD TRANSIT COURIER,4,E01018337,0,-1
2020010235752,2020,010235752,2,19,0,18,19,3,7,0,0,8,0,0,0,0,0,1,1,1,1,57,9,1560,2,6,FORD TRANSIT COURIER,10,E01023614,0,-1
2020430088263,2020,430088263,1,19,0,18,19,5,1,0,0,0,0,0,0,0,1,1,6,6,1,31,6,1499,2,1,FORD TRANSIT COURIER,8,E01028472,0,-1
2020990960828,2020,990960828,1,19,0,9,9,7,5,0,0,6,0,0,0,0,1,1,2,2,1,24,5,1560,2,3,FORD TRANSIT COURIER,6,-1,0,-1
2020010260297,2020,010260297,2,19,0,99,99,9,9,99,99,0,9,99,9,99,9,9,6,6,1,34,6,998,1,1,FORD TRANSIT COURIER,7,E01000668,0,-1
2020170M11170,2020,170M11170,1,19,0,10,10,4,2,0,0,1,0,0,0,0,2,1,6,6,1,44,7,1499,2,2,FORD TRANSIT COURIER,7,E01012064,0,-1
2020010268341,2020,010268341,2,19,0,99,99,9,9,99,99,9,9,99,9,99,2,9,6,6,3,-1,-1,1560,2,5,FORD TRANSIT COURIER,-1,-1,0,-1
2020200945761,2020,200945761,2,19,0,3,3,5,1,0,0,0,0,0,0,0,2,1,6,6,1,40,7,1499,2,1,FORD TRANSIT COURIER,5,E01009504,0,-1
2020160993836,2020,160993836,1,19,0,18,19,4,8,0,0,0,0,0,0,0,1,1,6,6,1,-1,-1,1499,2,2,FORD TRANSIT COURIER,-1,-1,0,-1
2020201002649,2020,201002649,2,19,0,18,19,2,6,0,0,8,0,0,0,0,1,1,1,1,1,42,7,1499,2,5,FORD TRANSIT COURIER,2,E01010019,0,-1
2020010255814,2020,010255814,1,19,0,9,9,3,1,0,0,8,0,0,0,0,1,1,6,6,1,56,9,1499,2,5,FORD TRANSIT COURIER,2,E01002278,0,-1
2020137970363,2020,137970363,2,19,0,4,4,5,1,9,9,0,0,0,1,4,2,1,1,1,1,62,9,998,1,2,FORD TRANSIT COURIER,10,E01011567,0,-1
2020420971276,2020,420971276,4,19,0,3,3,7,3,0,0,0,0,0,0,0,0,1,6,6,1,31,6,998,1,2,FORD TRANSIT COURIER,3,E01024480,0,-1
2020110931908,2020,110931908,1,19,0,18,19,4,1,0,0,1,0,0,0,0,1,1,1,1,1,58,9,1560,2,4,FORD TRANSIT COURIER,3,E01033203,0,-1
2020230918669,2020,230918669,1,19,0,6,6,5,5,8,6,0,0,0,0,0,3,1,1,1,1,25,5,1499,2,1,FORD TRANSIT COURIER,8,E01025793,0,-1
202031A116920,2020,31A116920,2,19,0,3,3,3,7,0,0,1,0,2,1,0,2,1,1,1,2,38,7,1499,2,4,FORD TRANSIT COURIER,-1,-1,0,-1
2020010266873,2020,010266873,1,19,0,4,4,5,1,0,0,1,0,0,0,0,1,1,1,1,1,24,5,1499,2,1,FORD TRANSIT COURIER,6,E01001064,0,-1
2020052002188,2020,052002188,1,19,0,18,19,5,1,0,0,8,0,0,7,4,1,1,6,6,1,33,6,1499,2,2,FORD TRANSIT COURIER,7,E01007203,0,-1
2020010244300,2020,010244300,1,19,9,99,99,9,9,0,0,1,9,99,9,0,9,9,6,6,3,62,9,1499,2,0,FORD TRANSIT COURIER,6,E01031839,0,-1
2020052001494,2020,052001494,1,19,0,18,19,3,7,0,0,0,0,0,0,0,1,1,1,1,1,53,8,998,1,1,FORD TRANSIT COURIER,4,E01006851,0,-1
2020052001415,2020,052001415,1,19,0,9,9,3,1,0,0,2,0,0,0,0,3,1,1,1,1,22,5,1560,2,5,FORD TRANSIT COURIER,6,E01006941,0,-1
2020041004900,2020,041004900,2,19,0,18,19,1,5,0,0,0,0,1,0,0,1,1,1,1,1,66,10,1499,2,4,FORD TRANSIT COURIER,3,E01019171,0,-1
2020340N06772,2020,340N06772,2,19,0,3,3,0,0,0,0,1,0,0,0,0,2,1,1,1,1,31,6,998,1,1,FORD TRANSIT COURIER,1,E01027310,0,-1
2020440355618,2020,440355618,2,19,0,18,19,3,7,0,0,8,0,0,0,0,1,1,1,1,1,29,6,998,1,0,FORD TRANSIT COURIER,2,E01023006,0,-1
2020010242919,2020,010242919,2,19,0,99,99,9,9,99,99,9,9,99,9,99,9,9,6,6,1,-1,-1,1499,2,1,FORD TRANSIT COURIER,9,E01023170,0,-1
2020200996508,2020,200996508,2,19,0,18,19,8,4,0,0,8,0,0,0,0,2,1,1,1,1,26,6,1499,2,5,FORD TRANSIT COURIER,5,E01009895,0,-1
2020170M11740,2020,170M11740,2,19,0,14,14,8,4,0,0,1,0,0,0,0,0,1,1,1,1,65,9,998,1,0,FORD TRANSIT COURIER,3,E01012017,0,-1
2020460960512,2020,460960512,1,19,0,4,4,5,1,0,0,1,0,0,0,0,1,1,6,6,1,-1,-1,1499,2,5,FORD TRANSIT COURIER,-1,-1,0,-1
2020450960718,2020,450960718,2,19,0,18,19,3,7,0,0,8,0,0,0,0,1,1,6,6,1,72,10,1499,2,4,FORD TRANSIT COURIER,4,E01030383,0,-1
2020610025620,2020,610025620,1,19,0,1,1,3,5,0,0,1,0,0,0,0,2,1,1,1,1,35,6,1499,2,2,FORD TRANSIT COURIER,3,W01001289,0,-1
2020010254338,2020,010254338,1,19,0,14,14,6,2,0,0,1,0,0,0,0,1,1,1,1,1,33,6,998,1,0,FORD TRANSIT COURIER,9,E01024819,0,-1
2020360947863,2020,360947863,1,19,0,3,3,6,4,0,0,1,0,0,0,0,1,1,1,1,1,19,4,1499,2,2,FORD TRANSIT COURIER,4,E01026628,0,-1
2020432003667,2020,432003667,2,19,0,18,19,9,9,0,0,8,0,0,0,0,4,1,1,1,1,-1,-1,1499,2,5,FORD TRANSIT COURIER,1,E01027249,0,-1
2020052002688,2020,052002688,1,19,0,18,19,1,5,0,0,4,5,0,1,4,1,1,6,6,1,29,6,1499,2,1,FORD TRANSIT COURIER,4,E01006998,0,-1
2020470999299,2020,470999299,1,19,0,18,19,6,2,0,0,0,0,0,0,0,1,1,5,6,1,19,4,1499,2,2,FORD TRANSIT COURIER,9,E01031630,0,-1
2020430073866,2020,430073866,2,19,0,5,5,5,1,0,0,0,0,0,0,0,3,1,6,6,1,-1,-1,1499,2,1,FORD TRANSIT COURIER,-1,-1,0,-1
2020460962547,2020,460962547,1,19,0,18,19,5,1,0,0,0,1,4,0,0,1,1,1,1,1,73,10,1499,2,4,FORD TRANSIT COURIER,4,E01024190,0,-1
2020500967735,2020,500967735,1,19,0,17,19,1,5,0,0,0,2,0,7,11,1,1,1,1,1,57,9,1560,2,5,FORD TRANSIT COURIER,4,E01020065,0,-1
2020010276165,2020,010276165,1,19,0,9,9,8,5,0,0,1,0,0,0,0,3,1,1,1,1,50,8,998,1,0,FORD TRANSIT COURIER,2,E01004252,0,-1
2020140939419,2020,140939419,1,19,0,14,14,3,7,0,0,0,0,0,0,0,4,1,1,1,1,52,8,1560,2,4,FORD TRANSIT COURIER,10,E01007937,0,-1
2020010256505,2020,010256505,1,19,0,4,4,4,8,0,0,0,0,0,0,0,2,1,1,1,1,28,6,1499,2,3,FORD TRANSIT COURIER,8,E01024184,0,-1
2020122100258,2020,122100258,1,19,0,10,10,5,1,0,0,1,0,0,0,0,2,1,1,1,1,58,9,1560,2,5,FORD TRANSIT COURIER,5,E01012106,0,-1
2020500971539,2020,500971539,2,19,0,4,4,4,2,0,0,5,0,0,0,0,2,1,1,1,1,33,6,1499,2,3,FORD TRANSIT COURIER,3,E01020212,0,-1
2020440061932,2020,440061932,1,19,0,4,4,6,2,0,0,0,0,0,0,0,2,1,2,2,1,33,6,1499,2,4,FORD TRANSIT COURIER,4,E01017270,0,-1
2020420923851,2020,420923851,1,19,0,17,19,7,3,0,0,0,1,0,0,0,1,1,2,2,1,30,6,1499,2,6,FORD TRANSIT COURIER,-1,-1,0,-1
2020470987921,2020,470987921,2,19,0,9,9,7,3,0,0,1,0,0,0,0,1,2,1,1,2,50,8,1499,2,1,FORD TRANSIT COURIER,8,E01032831,0,-1
2020010253726,2020,010253726,2,19,0,99,99,9,9,99,99,9,9,99,9,99,2,9,6,6,3,-1,-1,1499,2,3,FORD TRANSIT COURIER,6,E01001341,0,-1
2020440018828,2020,440018828,1,19,0,9,9,8,6,0,0,8,0,0,0,0,3,1,1,1,2,23,5,1499,2,1,FORD TRANSIT COURIER,3,E01032745,0,-1
2020460967769,2020,460967769,4,19,0,3,3,3,7,0,0,0,0,0,0,0,0,1,6,6,1,26,6,1499,2,0,FORD TRANSIT COURIER,5,E01021089,0,-1
2020500977683,2020,500977683,1,19,0,13,13,6,2,0,0,1,2,0,7,1,1,1,2,2,1,31,6,1499,2,5,FORD TRANSIT COURIER,3,E01020286,0,-1