collision_index,collision_year,collision_ref_no,vehicle_reference,vehicle_type,towing_and_articulation,vehicle_manoeuvre_historic,vehicle_manoeuvre,vehicle_direction_from,vehicle_direction_to,vehicle_location_restricted_lane_historic,vehicle_location_restricted_lane,junction_location,skidding_and_overturning,hit_object_in_carriageway,vehicle_leaving_carriageway,hit_object_off_carriageway,first_point_of_impact,vehicle_left_hand_drive,journey_purpose_of_driver_historic,journey_purpose_of_driver,sex_of_driver,age_of_driver,age_band_of_driver,engine_capacity_cc,propulsion_code,age_of_vehicle,generic_make_model,driver_imd_decile,lsoa_of_driver,escooter_flag,driver_distance_banding
2020200966022,2020,200966022,3,19,0,18,19,1,2,0,0,0,0,0,0,0,2,1,6,6,1,52,8,1499,2,0,FORD TRANSIT COURIER,7,E01029796,0,-1
2020010275127,2020,010275127,1,19,0,4,4,3,7,0,0,3,0,0,0,0,1,1,2,2,1,22,5,1499,2,2,FORD TRANSIT COURIER,3,E01024291,0,-1
2020010282030,2020,010282030,1,19,0,99,99,9,9,99,99,0,9,99,9,99,1,1,6,6,1,55,8,1499,2,2,FORD TRANSIT COURIER,3,E01003286,0,-1
2020471002982,2020,471002982,2,19,0,18,19,4,8,0,0,8,0,0,0,0,4,1,6,6,1,45,7,1499,2,4,FORD TRANSIT COURIER,6,E01017261,0,-1
2020991002057,2020,991002057,1,19,0,10,10,7,5,0,0,1,0,0,0,0,2,1,1,1,1,36,7,1499,2,2,FORD TRANSIT COURIER,3,-1,0,-1
2020010256634,2020,010256634,2,19,9,99,99,9,9,99,99,9,9,99,9,99,9,9,6,6,1,37,7,1499,2,3,FORD TRANSIT COURIER,2,E01002046,0,-1
2020440110439,2020,440110439,1,5,0,16,19,1,5,0,0,1,1,0,1,10,0,1,6,6,1,60,9,1200,1,16,-1,4,E01017262,0,-1
2020500989025,2020,500989025,2,5,0,18,19,2,6,0,0,1,0,0,0,0,1,1,5,6,1,29,6,1200,1,12,-1,4,E01020310,0,-1
2020460967688,2020,460967688,2,5,0,18,19,7,3,0,0,1,1,0,0,0,1,1,5,6,1,53,8,1200,1,19,-1,4,E01024142,0,-1
2020430316084,2020,430316084,3,5,0,18,19,8,4,0,0,2,0,0,0,0,4,1,6,6,1,33,6,1200,1,11,-1,7,E01003800,0,-1
2020470943096,2020,470943096,2,5,0,18,19,8,4,0,0,1,0,0,0,0,1,1,2,2,1,53,8,1202,1,4,-1,8,E01021073,0,-1
2020070185658,2020,070185658,1,21,0,18,19,1,5,0,0,4,5,9,0,0,4,1,1,1,1,38,7,7684,2,7,-1,2,E01005654,0,-1
2020010228791,2020,010228791,2,20,0,18,19,1,5,0,0,1,0,0,0,0,2,1,1,1,1,31,6,4009,2,6,-1,5,E01001271,0,-1
2020170S11290,2020,170S11290,2,5,0,18,19,8,4,0,0,0,0,0,0,0,3,1,6,6,1,63,9,1284,1,15,-1,5,E01012052,0,-1
20201377O1213,2020,1377O1213,1,5,0,13,13,8,4,0,0,0,0,0,0,0,1,1,6,6,1,66,10,1284,1,12,-1,6,E01005968,0,-1
20201373B0272,2020,1373B0272,1,9,0,18,19,3,7,0,0,0,0,0,0,0,1,1,2,2,1,52,8,1988,2,13,JAGUAR X TYPE,6,E01010785,0,-1
2020420959033,2020,420959033,1,9,0,18,19,4,8,0,0,0,0,0,0,0,0,1,5,6,1,34,6,1998,2,11,JAGUAR X TYPE,3,E01021704,0,-1
2020052000619,2020,052000619,1,9,0,18,19,8,4,0,0,0,0,0,0,0,1,1,6,6,1,80,11,1988,2,12,JAGUAR X TYPE,1,E01006432,0,-1
2020010280206,2020,010280206,1,9,0,18,19,5,1,0,0,6,0,0,0,0,1,1,6,6,2,58,9,2496,1,13,JAGUAR X TYPE,2,E01003988,0,-1
2020470960370,2020,470960370,1,9,0,1,1,8,4,0,0,0,0,0,0,0,2,1,6,6,1,59,9,2967,1,14,JAGUAR X TYPE,8,E01017000,0,-1
2020200949324,2020,200949324,2,9,0,18,19,5,8,0,0,0,0,0,0,0,0,1,6,6,1,41,7,2099,1,17,JAGUAR X TYPE,4,E01031238,0,-1
2020460932426,2020,460932426,1,9,0,18,19,1,5,0,0,0,0,0,0,0,1,1,5,6,1,77,11,1988,2,14,JAGUAR X TYPE,7,E01024232,0,-1
2020410997969,2020,410997969,1,9,0,4,4,1,5,0,0,0,0,0,7,10,1,1,6,6,1,84,11,2099,1,17,JAGUAR X TYPE,9,E01023946,0,-1
2020450974971,2020,450974971,2,9,0,18,19,2,6,0,0,8,0,0,0,0,1,1,2,2,1,40,7,2099,1,17,JAGUAR X TYPE,2,E01030599,0,-1
2020122000600,2020,122000600,2,9,0,4,4,3,7,0,0,0,0,0,0,0,2,1,6,6,1,48,8,1988,2,15,JAGUAR X TYPE,1,E01012928,0,-1
2020010239109,2020,010239109,1,9,0,9,9,5,3,0,0,6,0,0,0,0,1,1,6,6,1,34,6,2099,1,17,JAGUAR X TYPE,6,E01004145,0,-1
2020411007106,2020,411007106,2,9,0,18,19,5,1,0,0,0,1,0,2,0,4,1,2,2,2,57,9,2967,1,16,JAGUAR X TYPE,9,E01015797,0,-1
2020430215531,2020,430215531,1,9,0,17,19,8,5,0,0,0,0,0,1,4,1,1,6,6,1,53,8,1988,2,13,JAGUAR X TYPE,9,E01016313,0,-1
2020211007537,2020,211007537,1,9,0,18,19,1,5,0,0,0,0,0,0,0,4,1,6,6,1,94,11,2099,1,16,JAGUAR X TYPE,8,E01029570,0,-1
2020200963455,2020,200963455,1,9,0,18,19,4,8,0,0,0,0,4,0,0,1,1,6,6,1,27,6,2198,2,14,JAGUAR X TYPE,1,E01009173,0,-1
2020010279428,2020,010279428,4,9,0,2,2,0,0,0,0,0,0,0,0,0,0,1,6,6,3,-1,-1,2496,1,19,JAGUAR X TYPE,-1,-1,0,-1
2020500945181,2020,500945181,1,9,0,18,19,1,5,0,0,0,0,0,0,0,4,1,2,2,2,47,8,2496,1,18,JAGUAR X TYPE,5,E01015188,0,-1
2020010250037,2020,010250037,1,9,0,5,5,4,8,0,0,6,0,0,0,0,1,1,6,6,1,63,9,2967,1,19,JAGUAR X TYPE,5,E01003392,0,-1
2020471006210,2020,471006210,4,9,0,8,8,4,6,0,0,1,0,0,0,0,3,1,5,6,1,56,9,2496,1,14,JAGUAR X TYPE,5,E01021079,0,-1
2020350992297,2020,350992297,1,9,0,7,7,7,1,0,0,1,0,0,0,0,1,1,5,6,1,92,11,2099,1,18,JAGUAR X TYPE,8,E01018297,0,-1
2020421009847,2020,421009847,1,9,0,13,13,4,7,0,0,0,0,0,4,6,3,1,6,6,1,31,6,2099,1,15,JAGUAR X TYPE,2,E01000063,0,-1
2020010268803,2020,010268803,2,9,0,99,99,9,9,99,99,0,9,99,9,99,9,9,6,6,3,-1,-1,2198,2,12,JAGUAR X TYPE,-1,-1,0,-1
2020010278727,2020,010278727,2,9,0,9,9,3,1,0,0,8,0,0,0,0,3,1,6,6,3,-1,-1,2099,1,17,JAGUAR X TYPE,-1,-1,0,-1
2020040958609,2020,040958609,2,9,0,18,19,7,3,0,0,1,0,0,0,0,2,1,5,6,1,51,8,1998,2,12,JAGUAR X TYPE,4,E01025225,0,-1
202006L173645,2020,06L173645,1,9,0,18,19,4,8,9,9,0,0,0,1,10,3,1,6,6,1,21,5,1988,2,16,JAGUAR X TYPE,2,E01006262,0,-1
2020010259377,2020,010259377,3,9,0,3,3,2,6,0,0,2,0,0,0,0,2,1,6,6,1,68,10,2967,1,19,JAGUAR X TYPE,8,E01004602,0,-1
2020990998130,2020,990998130,1,9,0,9,9,6,4,0,0,8,0,0,0,0,3,1,5,6,1,78,11,2198,2,12,JAGUAR X TYPE,7,-1,0,-1
202006A270296,2020,06A270296,1,9,0,18,19,2,6,0,0,1,0,0,0,0,1,1,6,6,2,49,8,2099,1,16,JAGUAR X TYPE,1,E01005202,0,-1
202006G278543,2020,06G278543,1,9,0,18,19,1,5,0,0,1,0,0,0,0,1,1,6,6,2,30,6,2198,2,12,JAGUAR X TYPE,-1,-1,0,-1
20201378T1833,2020,1378T1833,3,9,0,2,2,0,0,9,9,0,0,0,0,0,2,1,6,6,3,-1,-1,2198,2,14,JAGUAR X TYPE,-1,-1,0,-1
2020137C21146,2020,137C21146,1,9,0,18,19,6,2,0,0,1,0,0,0,0,1,1,6,6,1,72,10,2198,2,11,JAGUAR X TYPE,5,E01010873,0,-1
2020200990123,2020,200990123,2,9,0,18,19,8,4,0,0,1,0,0,0,0,1,1,6,6,3,-1,-1,2198,2,14,JAGUAR X TYPE,-1,-1,0,-1
2020010240796,2020,010240796,4,9,0,2,2,0,0,0,0,1,0,0,0,0,0,1,6,6,3,-1,-1,2967,1,16,JAGUAR X TYPE,-1,-1,0,-1
2020460938659,2020,460938659,2,9,0,18,19,5,1,0,0,1,0,10,7,0,3,1,5,6,1,65,9,2198,2,15,JAGUAR X TYPE,5,E01024226,0,-1
2020361015273,2020,361015273,1,9,0,9,9,7,5,0,0,1,0,0,0,0,1,1,5,6,1,63,9,2198,2,12,JAGUAR X TYPE,1,E01026603,0,-1
2020451010861,2020,451010861,1,9,0,18,19,1,5,0,0,6,0,0,0,0,1,1,5,6,1,43,7,2198,2,14,JAGUAR X TYPE,6,E01030801,0,-1
2020990932896,2020,990932896,2,9,0,4,4,5,1,0,0,1,0,0,0,0,1,1,6,6,1,28,6,2198,2,15,JAGUAR X TYPE,-1,-1,0,-1
2020340W09232,2020,340W09232,2,9,0,18,19,3,7,0,0,8,0,0,0,0,3,1,6,6,1,34,6,1988,2,14,JAGUAR X TYPE,3,E01027191,0,-1
2020052002015,2020,052002015,1,9,0,18,19,1,5,0,0,0,0,0,0,0,1,1,6,6,3,-1,-1,1988,2,15,JAGUAR X TYPE,-1,-1,0,-1
2020170L20270,2020,170L20270,1,9,0,18,19,7,2,0,0,8,0,0,0,0,1,1,2,2,1,58,9,2099,2,13,JAGUAR X TYPE,5,E01020803,0,-1
2020320306018,2020,320306018,2,9,0,18,19,2,6,0,0,0,0,0,0,0,1,1,6,6,1,67,10,2198,2,14,JAGUAR X TYPE,6,E01026387,0,-1
2020530954246,2020,530954246,1,9,0,7,7,7,3,0,0,4,0,11,0,0,1,1,5,6,1,33,6,1988,2,14,JAGUAR X TYPE,6,E01022410,0,-1
2020010261291,2020,010261291,1,9,0,7,7,5,8,0,0,1,0,0,0,0,0,1,6,6,2,29,6,1988,2,17,JAGUAR X TYPE,-1,-1,0,-1
2020010270835,2020,010270835,1,9,0,18,19,3,7,0,0,2,0,0,0,0,1,1,6,6,1,48,8,2967,1,19,JAGUAR X TYPE,-1,-1,0,-1
2020320604551,2020,320604551,1,9,0,18,19,3,7,0,0,0,0,0,1,10,1,1,6,6,1,45,7,2099,2,14,JAGUAR X TYPE,3,E01026318,0,-1
2020010259971,2020,010259971,1,9,0,18,19,1,5,0,0,1,0,0,0,0,1,1,6,6,1,30,6,2496,1,15,JAGUAR X TYPE,5,E01004377,0,-1
2020370939272,2020,370939272,1,9,0,4,4,7,3,9,9,0,0,0,0,0,1,1,5,6,2,56,9,2496,1,17,JAGUAR X TYPE,2,E01033122,0,-1
2020010261934,2020,010261934,1,9,0,18,19,7,3,0,0,0,0,0,1,2,3,1,6,6,2,23,5,2496,1,18,JAGUAR X TYPE,7,E01000711,0,-1
2020460991010,2020,460991010,2,9,0,18,19,5,1,0,0,0,0,0,0,0,4,1,6,6,1,72,10,2495,1,17,JAGUAR X TYPE,7,E01024798,0,-1
2020520004946,2020,520004946,1,9,0,2,2,0,0,0,0,0,0,0,0,0,2,1,6,6,1,55,8,2496,1,19,JAGUAR X TYPE,6,E01029135,0,-1
2020070043333,2020,070043333,1,9,0,18,19,4,8,0,0,1,0,0,0,0,1,1,6,6,1,35,6,1988,2,15,JAGUAR X TYPE,3,E01018720,0,-1
2020471009998,2020,471009998,2,9,0,3,3,2,6,0,0,0,0,0,0,0,2,1,5,6,2,57,9,2198,2,14,JAGUAR X TYPE,6,E01031392,0,-1
2020461002609,2020,461002609,1,9,0,9,9,5,4,0,0,1,0,0,0,0,1,1,6,6,1,30,6,2496,1,17,JAGUAR X TYPE,1,E01024611,0,-1
2020370962123,2020,370962123,1,9,0,18,19,2,6,0,0,0,0,0,0,0,1,1,6,6,3,-1,-1,2099,2,15,JAGUAR X TYPE,-1,-1,0,-1
2020460920961,2020,460920961,2,9,0,3,3,6,2,0,0,1,0,0,0,0,2,1,2,2,1,56,9,1998,2,12,JAGUAR X TYPE,1,E01024659,0,-1
2020302001211,2020,302001211,1,9,0,11,11,6,1,0,0,1,0,0,0,0,1,1,6,6,1,61,9,1988,2,15,JAGUAR X TYPE,5,E01019451,0,-1
2020460936091,2020,460936091,1,9,0,4,4,3,6,0,0,6,0,0,0,0,1,1,6,6,1,81,11,2099,1,18,JAGUAR X TYPE,8,E01024642,0,-1
2020230959305,2020,230959305,1,9,0,18,19,5,1,0,0,2,0,0,0,0,1,1,5,6,1,69,10,2198,2,11,JAGUAR X TYPE,7,E01032255,0,-1
2020360936927,2020,360936927,3,9,0,18,19,2,6,0,0,1,1,0,0,0,1,1,5,6,1,68,10,1998,2,12,JAGUAR X TYPE,2,E01026607,0,-1
2020211026863,2020,211026863,2,9,0,4,4,4,8,0,0,0,0,0,0,0,2,1,6,6,1,51,8,2099,1,17,JAGUAR X TYPE,10,E01029714,0,-1
2020040920466,2020,040920466,1,9,0,18,19,3,7,0,0,2,0,0,0,0,4,1,5,6,1,55,8,1998,2,12,JAGUAR X TYPE,7,E01025347,0,-1
2020470965574,2020,470965574,1,9,0,9,9,2,8,0,0,6,0,0,0,0,1,1,6,6,1,31,6,2198,2,12,JAGUAR X TYPE,4,E01016890,0,-1
2020200940732,2020,200940732,1,9,0,7,7,2,4,0,0,6,0,0,0,0,1,1,6,6,1,70,10,2198,2,14,JAGUAR X TYPE,2,E01004729,0,-1
2020200936839,2020,200936839,1,9,0,18,19,2,6,0,0,0,0,0,0,0,1,1,5,6,1,35,6,2099,2,15,JAGUAR X TYPE,1,E01009743,0,-1
2020471006210,2020,471006210,5,9,0,8,8,4,6,0,0,1,0,0,0,0,2,1,5,6,2,58,9,2198,2,12,JAGUAR X TYPE,8,E01021176,0,-1
2020010248423,2020,010248423,2,9,0,18,19,4,8,0,0,1,9,0,0,99,1,9,6,6,2,-1,-1,2967,1,19,JAGUAR X TYPE,-1,-1,0,-1
2020010234093,2020,010234093,2,9,0,4,4,3,7,0,0,1,0,0,0,0,1,1,6,6,2,57,9,2099,2,13,JAGUAR X TYPE,4,E01000068,0,-1
2020450966533,2020,450966533,1,9,0,9,9,3,7,0,0,2,0,0,0,0,1,1,5,6,1,85,11,2496,1,19,JAGUAR X TYPE,10,E01030525,0,-1
2020552100200,2020,552100200,2,9,0,4,4,4,8,0,0,8,0,0,0,0,4,1,6,6,1,75,10,2198,2,11,JAGUAR X TYPE,6,E01020441,0,-1
20201377J1875,2020,1377J1875,1,9,0,18,19,7,2,0,0,0,5,0,0,0,1,1,6,6,1,41,7,2099,2,15,JAGUAR X TYPE,5,E01010992,0,-1
2020430305180,2020,430305180,2,9,0,18,19,4,8,0,0,8,1,0,0,0,1,1,2,2,1,57,9,1998,2,11,JAGUAR X TYPE,7,E01028432,0,-1
2020010238713,2020,010238713,2,9,0,2,2,0,0,0,0,0,0,0,0,0,2,1,6,6,3,-1,-1,2198,2,13,JAGUAR X TYPE,-1,-1,0,-1
2020010283595,2020,010283595,2,9,0,2,2,0,0,0,0,0,0,0,0,0,2,1,6,6,3,-1,-1,2496,1,14,JAGUAR X TYPE,-1,-1,0,-1
2020450964451,2020,450964451,1,9,0,9,9,4,8,0,0,0,0,0,0,0,4,1,5,6,1,41,7,2496,1,17,JAGUAR X TYPE,8,E01030877,0,-1
2020500992044,2020,500992044,2,9,0,18,19,3,7,6,6,8,1,0,2,11,4,1,5,6,1,56,9,1988,2,15,JAGUAR X TYPE,4,E01020126,0,-1
2020010228087,2020,010228087,1,9,0,1,1,1,3,0,0,1,0,11,1,11,2,1,6,6,1,48,8,1988,2,16,JAGUAR X TYPE,8,E01018792,0,-1
2020622000759,2020,622000759,2,9,0,18,19,8,4,0,0,1,0,0,0,0,1,1,6,6,1,67,10,2099,1,18,JAGUAR X TYPE,2,W01000788,0,-1
2020070676878,2020,070676878,1,9,0,5,5,5,1,0,0,1,0,0,0,0,3,1,6,6,1,63,9,1988,2,14,JAGUAR X TYPE,8,E01018593,0,-1
2020622000483,2020,622000483,1,9,0,9,9,5,2,0,0,6,1,0,3,11,1,1,6,6,1,83,11,2198,2,12,JAGUAR X TYPE,10,W01001091,0,-1
2020010232412,2020,010232412,1,9,9,99,99,9,9,0,0,9,9,99,9,99,9,9,6,6,2,53,8,2198,2,11,JAGUAR X TYPE,3,E01002401,0,-1
2020400948208,2020,400948208,1,9,0,1,1,5,2,0,0,2,0,0,0,0,2,1,6,6,1,70,10,2967,1,16,JAGUAR X TYPE,6,E01018246,0,-1
2020010280016,2020,010280016,1,9,0,4,4,5,1,0,0,3,0,0,0,0,2,1,6,6,1,23,5,2198,2,11,JAGUAR X TYPE,3,E01016358,0,-1
2020030996487,2020,030996487,1,9,0,6,6,6,2,0,0,0,0,0,0,0,3,1,6,6,2,65,9,2198,2,11,JAGUAR X TYPE,1,E01019263,0,-1
2020451015907,2020,451015907,1,9,0,18,19,5,1,0,0,0,0,0,8,4,1,1,5,6,1,27,6,1988,2,14,JAGUAR X TYPE,9,E01030639,0,-1
2020411003975,2020,411003975,1,9,0,18,19,7,3,0,0,0,0,0,0,0,1,1,6,6,3,-1,-1,1988,2,15,JAGUAR X TYPE,-1,-1,0,-1
2020010279090,2020,010279090,2,9,0,99,99,9,9,99,99,9,9,99,9,99,1,9,6,6,3,-1,-1,2099,1,16,JAGUAR X TYPE,-1,-1,0,-1
2020231007539,2020,231007539,1,9,0,18,19,6,2,0,0,1,0,0,3,11,1,1,2,2,1,43,7,2496,1,16,JAGUAR X TYPE,3,E01031332,0,-1
2020540099019,2020,540099019,2,9,0,18,19,4,8,0,0,1,0,0,0,0,1,1,6,6,1,65,9,2099,1,15,JAGUAR X TYPE,3,E01031854,0,-1
202063A051620,2020,63A051620,1,9,0,12,12,4,8,0,0,0,0,0,0,0,4,1,6,6,1,61,9,2198,2,14,JAGUAR X TYPE,4,W01000730,0,-1
2020430111952,2020,430111952,2,9,0,6,6,8,8,0,0,0,0,0,0,0,0,1,6,6,1,51,8,2198,2,11,JAGUAR X TYPE,3,E01017711,0,-1
2020200965806,2020,200965806,3,9,0,2,2,0,0,0,0,1,0,0,0,0,2,1,6,6,1,-1,-1,1988,2,13,JAGUAR X TYPE,9,E01010222,0,-1
2020622000655,2020,622000655,1,9,0,18,19,5,1,0,0,1,0,0,0,0,1,1,6,6,1,36,7,1988,2,14,JAGUAR X TYPE,1,W01000935,0,-1
2020470986651,2020,470986651,1,9,0,9,9,4,1,0,0,8,0,0,0,0,1,1,5,6,1,66,10,2099,1,18,JAGUAR X TYPE,5,E01031403,0,-1
2020622000503,2020,622000503,2,9,0,18,19,8,4,0,0,0,0,0,0,0,1,1,1,1,2,63,9,1988,2,16,JAGUAR X TYPE,3,W01001171,0,-1
2020430091241,2020,430091241,2,9,0,18,19,6,2,0,0,0,0,0,0,0,3,1,1,1,2,42,7,1988,2,16,JAGUAR X TYPE,-1,-1,0,-1
2020010267669,2020,010267669,1,9,0,18,19,5,1,0,0,0,0,0,0,0,1,1,6,6,1,63,9,2496,1,14,JAGUAR X TYPE,3,E01002542,0,-1
2020471005605,2020,471005605,2,9,0,18,19,1,5,0,0,0,0,0,0,0,1,1,5,6,1,85,11,2496,1,15,JAGUAR X TYPE,8,E01031840,0,-1
2020410961822,2020,410961822,2,9,0,16,19,6,8,0,0,1,0,0,0,0,1,1,6,6,1,51,8,2496,1,16,JAGUAR X TYPE,6,E01023633,0,-1
2020100969320,2020,100969320,2,9,0,4,4,1,4,0,0,4,0,0,0,0,1,1,2,2,1,60,9,2198,2,14,JAGUAR X TYPE,2,E01027429,0,-1
2020302000155,2020,302000155,1,9,0,18,19,2,6,0,0,0,0,0,0,0,1,1,6,6,2,53,8,1988,2,12,JAGUAR X TYPE,7,E01019472,0,-1
2020460929957,2020,460929957,1,9,0,17,19,6,7,0,0,1,0,0,1,1,1,1,2,2,1,59,9,2198,2,12,JAGUAR X TYPE,5,E01024202,0,-1
2020010254550,2020,010254550,4,9,0,3,3,1,5,0,0,0,0,0,0,0,1,1,6,6,3,-1,-1,2198,2,12,JAGUAR X TYPE,-1,-1,0,-1
2020430248398,2020,430248398,2,9,0,9,9,5,2,0,0,6,0,0,0,0,1,1,6,6,1,45,7,1988,2,16,JAGUAR X TYPE,-1,-1,0,-1
2020220941001,2020,220941001,3,9,0,18,19,3,7,0,0,0,0,0,0,0,1,1,5,6,1,60,9,1988,2,12,JAGUAR X TYPE,1,E01014113,0,-1
2020450924591,2020,450924591,1,9,0,17,19,8,5,0,0,8,0,10,4,10,3,1,6,6,1,53,8,2967,1,16,JAGUAR X TYPE,10,E01030638,0,-1
2020040920861,2020,040920861,1,9,0,18,19,5,1,0,0,0,0,0,0,0,1,1,5,6,1,62,9,2496,1,19,JAGUAR X TYPE,7,E01025203,0,-1
2020010256265,2020,010256265,2,9,0,9,9,5,3,0,0,1,9,0,0,99,1,9,6,6,1,48,8,2496,1,17,JAGUAR X TYPE,1,E01004449,0,-1
2020210949773,2020,210949773,1,9,0,18,19,1,4,0,0,0,0,0,0,0,1,1,2,2,1,47,8,1988,2,16,JAGUAR X TYPE,1,E01014222,0,-1
2020201003787,2020,201003787,1,9,0,18,19,2,6,0,0,1,2,10,7,4,1,1,6,6,1,-1,-1,1988,2,16,JAGUAR X TYPE,-1,-1,0,-1
2020340D01012,2020,340D01012,2,9,0,18,19,4,8,0,0,0,0,0,1,9,0,1,2,2,2,37,7,1988,2,14,JAGUAR X TYPE,8,E01027028,0,-1
2020040956080,2020,040956080,1,9,0,18,19,5,1,0,0,2,0,0,0,0,3,1,5,6,1,56,9,2099,1,18,JAGUAR X TYPE,2,E01025245,0,-1
2020451007326,2020,451007326,2,9,0,18,19,7,3,0,0,1,0,0,0,0,1,1,5,6,1,24,5,1998,2,12,JAGUAR X TYPE,8,E01004195,0,-1
2020522004241,2020,522004241,1,9,0,3,3,2,6,0,0,0,0,0,0,0,2,1,6,6,2,40,7,2198,2,13,JAGUAR X TYPE,7,E01014950,0,-1
2020990925839,2020,990925839,1,9,0,18,19,1,5,0,0,1,0,0,7,0,1,1,5,6,1,23,5,2496,1,17,JAGUAR X TYPE,-1,-1,0,-1
2020010247277,2020,010247277,2,9,0,2,2,0,0,0,0,2,0,4,0,0,4,1,6,6,3,-1,-1,2495,1,17,JAGUAR X TYPE,-1,-1,0,-1
2020522100629,2020,522100629,1,9,0,4,4,1,5,0,0,0,0,0,0,0,1,1,6,6,1,51,8,1988,2,15,JAGUAR X TYPE,2,E01009747,0,-1
2020040940523,2020,040940523,2,9,0,3,3,5,1,0,0,0,0,0,0,0,2,1,5,6,1,71,10,2198,2,12,JAGUAR X TYPE,4,E01025452,0,-1
2020220922667,2020,220922667,1,9,0,9,9,6,5,0,0,5,0,0,0,0,1,1,2,2,2,52,8,2198,2,13,JAGUAR X TYPE,7,E01032399,0,-1
2020010246944,2020,010246944,1,9,0,99,99,9,9,99,99,9,9,99,9,99,9,9,2,2,1,47,8,2099,1,16,JAGUAR X TYPE,5,E01000469,0,-1
2020010281356,2020,010281356,1,9,0,16,19,7,3,0,0,1,0,0,0,0,4,1,6,6,3,-1,-1,2495,1,16,JAGUAR X TYPE,-1,-1,0,-1
2020010246406,2020,010246406,1,9,0,18,19,1,5,0,0,1,0,0,0,0,4,1,6,6,1,83,11,1988,2,13,JAGUAR X TYPE,6,E01023582,0,-1
2020531011367,2020,531011367,1,9,0,18,19,1,3,0,0,1,0,0,7,0,1,1,5,6,2,58,9,2496,1,17,JAGUAR X TYPE,4,E01022250,0,-1
202006XF67200,2020,06XF67200,1,9,0,5,5,5,1,0,0,0,0,0,0,0,1,1,6,6,2,55,8,1988,2,14,JAGUAR X TYPE,7,E01005642,0,-1
2020140970717,2020,140970717,1,9,0,5,5,1,5,0,0,0,0,0,0,0,1,1,6,6,2,39,7,1998,2,11,JAGUAR X TYPE,3,E01007504,0,-1
2020040935430,2020,040935430,1,9,0,18,19,7,3,0,0,0,0,11,0,0,1,1,5,6,1,79,11,2099,1,17,JAGUAR X TYPE,4,E01012703,0,-1
2020461014899,2020,461014899,1,9,0,18,19,3,7,0,0,0,0,0,1,0,1,1,6,6,1,39,7,2496,1,14,JAGUAR X TYPE,2,E01003191,0,-1
2020100928350,2020,100928350,1,9,0,18,19,6,1,0,0,1,0,0,0,0,1,1,6,6,1,18,4,1988,2,15,JAGUAR X TYPE,-1,-1,0,-1
2020140945721,2020,140945721,1,9,-1,-1,-1,-1,-1,-1,-1,-1,-1,-1,-1,0,-1,1,6,6,3,30,6,1988,2,15,JAGUAR X TYPE,1,E01007905,0,-1
2020010234306,2020,010234306,2,9,0,18,19,7,3,0,0,1,0,0,0,0,1,1,6,6,1,83,11,2496,1,14,JAGUAR X TYPE,3,E01004536,0,-1
2020010273499,2020,010273499,1,9,0,5,5,5,1,0,0,4,0,0,0,0,0,1,6,6,2,63,9,2496,1,15,JAGUAR X TYPE,4,E01000570,0,-1
2020460931380,2020,460931380,1,9,0,18,19,5,1,0,0,0,5,11,1,0,0,1,5,6,1,59,9,2099,2,13,JAGUAR X TYPE,10,E01024733,0,-1
2020450961043,2020,450961043,2,9,0,18,19,1,5,0,0,1,0,0,0,0,1,1,6,6,3,50,8,1988,2,14,JAGUAR X TYPE,-1,-1,0,-1
2020500939028,2020,500939028,1,9,0,8,8,1,5,0,0,1,0,0,0,0,1,1,5,6,1,36,7,2099,1,16,JAGUAR X TYPE,6,E01025840,0,-1
2020430348014,2020,430348014,3,9,0,18,19,5,1,0,0,0,0,0,1,0,1,1,6,6,1,53,8,1998,2,11,JAGUAR X TYPE,10,E01031202,0,-1
2020400973969,2020,400973969,1,9,0,17,19,1,5,0,0,0,1,0,7,0,1,1,5,6,1,44,7,1988,2,17,JAGUAR X TYPE,10,E01017544,0,-1
2020350921987,2020,350921987,1,9,0,18,19,7,3,0,0,0,0,0,0,0,1,1,5,6,1,-1,-1,1988,2,15,JAGUAR X TYPE,2,E01027241,0,-1
2020460983305,2020,460983305,1,17,0,18,19,1,5,0,0,0,5,0,1,0,1,1,1,1,1,51,8,4400,2,4,-1,7,E01024554,0,-1
2020320162803,2020,320162803,2,17,4,18,19,5,1,0,0,0,5,0,1,0,0,1,1,1,1,55,8,4400,2,3,-1,-1,-1,0,-1
2020100974609,2020,100974609,2,17,0,17,19,7,3,0,0,0,0,0,0,0,1,1,1,1,1,17,4,4400,2,2,-1,-1,-1,0,-1
2020530915154,2020,530915154,3,9,0,9,9,3,7,0,0,0,0,0,0,0,1,1,5,6,2,52,8,4367,2,5,MAKE AND MODEL REDACTED,8,E01032938,0,-1
2020430118409,2020,430118409,1,3,0,18,19,3,7,0,0,0,0,0,0,0,1,1,2,2,1,21,5,125,1,2,-1,6,E01028703,0,-1
2020200956905,2020,200956905,2,3,0,17,19,4,2,0,0,8,0,10,1,0,4,1,6,6,1,36,7,125,1,1,-1,2,E01031066,0,-1
2020211015890,2020,211015890,2,3,0,18,19,1,5,0,0,0,0,0,0,0,1,1,6,6,1,52,8,125,1,2,-1,3,E01029437,0,-1
2020010270961,2020,010270961,2,2,0,18,19,8,4,0,0,1,0,0,0,0,3,1,6,6,1,22,5,125,1,3,-1,3,E01003431,0,-1