collision_index,collision_year,collision_ref_no,vehicle_reference,vehicle_type,towing_and_articulation,vehicle_manoeuvre_historic,vehicle_manoeuvre,vehicle_direction_from,vehicle_direction_to,vehicle_location_restricted_lane_historic,vehicle_location_restricted_lane,junction_location,skidding_and_overturning,hit_object_in_carriageway,vehicle_leaving_carriageway,hit_object_off_carriageway,first_point_of_impact,vehicle_left_hand_drive,journey_purpose_of_driver_historic,journey_purpose_of_driver,sex_of_driver,age_of_driver,age_band_of_driver,engine_capacity_cc,propulsion_code,age_of_vehicle,generic_make_model,driver_imd_decile,lsoa_of_driver,escooter_flag,driver_distance_banding
2020500966738,2020,500966738,2,9,0,9,9,1,5,0,0,8,0,0,0,0,1,1,5,6,1,87,11,1124,1,18,CITROEN SAXO,3,E01019053,0,-1
2020302000533,2020,302000533,1,9,0,18,19,6,2,0,0,0,5,10,1,0,0,1,6,6,1,46,8,1124,1,19,CITROEN SAXO,2,E01027987,0,-1
2020460984203,2020,460984203,1,9,0,16,19,2,6,0,0,1,0,4,0,0,1,1,6,6,2,49,8,1360,1,20,CITROEN SAXO,5,E01024711,0,-1
2020470986637,2020,470986637,2,9,0,18,19,6,2,0,0,1,1,0,1,0,1,1,5,6,1,25,5,1124,1,19,CITROEN SAXO,1,E01020994,0,-1
202054A803420,2020,54A803420,2,9,0,18,19,3,7,0,0,1,0,0,0,0,3,1,6,6,2,52,8,1360,1,19,CITROEN SAXO,7,E01032693,0,-1
2020520100231,2020,520100231,2,9,0,18,19,6,2,0,0,8,0,0,0,0,1,1,6,6,2,35,6,1124,1,17,CITROEN SAXO,6,E01029218,0,-1
2020137BN0712,2020,137BN0712,2,9,0,18,19,3,7,0,0,0,0,0,0,0,1,1,6,6,1,62,9,1997,2,1,-1,1,E01010928,0,-1
2020010271570,2020,010271570,1,3,0,99,99,9,9,99,99,9,9,99,9,99,9,1,6,6,1,21,5,124,1,4,-1,9,E01001098,0,-1
2020420967661,2020,420967661,1,3,0,18,19,7,3,0,0,0,0,0,0,0,2,1,5,6,1,58,9,124,1,8,-1,8,E01021482,0,-1
2020411013288,2020,411013288,2,3,0,18,19,7,3,0,0,3,5,0,0,0,2,1,6,6,1,19,4,124,1,4,-1,10,E01023432,0,-1
2020991011809,2020,991011809,2,3,0,5,5,7,3,0,0,2,0,0,0,0,1,1,2,2,1,61,9,124,1,4,-1,3,-1,0,-1
2020430422321,2020,430422321,2,3,0,18,19,1,5,0,0,1,0,0,0,0,1,1,6,6,1,24,5,124,1,9,-1,-1,-1,0,-1
2020302000969,2020,302000969,1,20,0,18,19,7,3,0,0,1,0,0,0,0,1,1,6,6,1,52,8,-1,-1,-1,-1,5,E01028036,0,-1
2020990973483,2020,990973483,1,19,0,4,4,1,6,0,0,0,0,0,0,0,1,1,6,6,1,40,7,2287,2,4,FIAT DUCATO,-1,-1,0,-1
2020320473242,2020,320473242,2,19,0,18,19,1,1,0,0,2,0,0,0,0,1,1,1,1,1,29,6,-1,-1,-1,FIAT DUCATO,9,E01026293,0,-1
2020320541794,2020,320541794,2,20,4,2,2,0,0,0,0,0,0,0,0,0,2,1,1,1,1,42,7,-1,-1,-1,-1,9,E01019845,0,-1
202031D084920,2020,31D084920,1,19,0,18,19,1,5,0,0,0,0,0,0,0,1,1,6,6,1,32,6,2287,2,8,FIAT DUCATO,-1,-1,0,-1
202031B066720,2020,31B066720,2,90,0,18,19,2,6,0,0,8,0,0,0,0,1,1,6,6,1,52,8,1905,2,18,FIAT DUCATO,7,E01028021,0,-1
2020500998619,2020,500998619,1,90,0,5,5,4,8,0,0,4,0,0,0,0,1,1,1,1,2,22,5,2287,2,1,FIAT DUCATO,5,E01015179,0,-1
2020140987389,2020,140987389,1,90,0,17,19,6,2,0,0,1,0,0,0,0,4,1,5,6,2,38,7,2999,2,4,FIAT DUCATO,-1,-1,0,-1
2020101010084,2020,101010084,1,19,0,4,4,5,1,0,0,0,1,7,0,0,1,1,5,6,1,58,9,-1,-1,-1,FIAT DUCATO,-1,-1,0,-1
2020010276079,2020,010276079,1,19,0,18,19,4,8,0,0,1,0,0,0,0,0,1,1,1,1,35,6,2287,2,0,FIAT DUCATO,8,E01015484,0,-1
2020140995215,2020,140995215,2,90,0,18,19,1,5,0,0,0,0,0,0,0,1,1,5,6,1,54,8,2286,2,17,FIAT DUCATO,5,E01019827,0,-1
2020052002157,2020,052002157,1,19,0,7,7,1,3,0,0,1,0,0,0,0,1,1,1,1,2,37,7,-1,-1,-1,FIAT DUCATO,-1,-1,0,-1
2020010237447,2020,010237447,2,20,0,99,99,9,9,0,0,1,0,0,0,0,4,9,6,6,3,-1,-1,2287,2,3,-1,-1,-1,0,-1
2020552000368,2020,552000368,1,19,0,5,5,8,4,0,0,0,0,0,0,0,1,1,1,1,1,33,6,2287,2,4,FIAT DUCATO,1,E01009326,0,-1
2020500979057,2020,500979057,1,20,0,4,4,6,2,0,0,0,0,0,0,0,1,1,1,1,1,29,6,2287,2,5,-1,4,E01020321,0,-1
2020200942312,2020,200942312,2,90,0,18,19,1,5,0,0,-1,0,0,0,0,4,1,6,6,1,37,7,2999,2,3,FIAT DUCATO,3,E01010382,0,-1
2020332000018,2020,332000018,2,19,0,18,19,2,6,0,0,0,0,4,0,0,1,1,1,1,1,27,6,1956,2,1,FIAT DUCATO,5,E01013914,0,-1
2020137BN1288,2020,137BN1288,1,10,0,5,5,3,7,0,0,0,0,0,0,0,1,1,1,1,1,52,8,-1,-1,-1,-1,-1,-1,0,-1
202006XP76054,2020,06XP76054,2,19,0,2,2,0,0,6,6,0,0,0,0,0,2,1,1,1,1,40,7,2287,2,3,FIAT DUCATO,4,E01025523,0,-1
202031D114720,2020,31D114720,2,19,0,18,19,1,5,0,0,1,0,0,0,0,0,1,1,1,1,46,8,-1,-1,-1,FIAT DUCATO,8,E01027959,0,-1
2020320337191,2020,320337191,1,19,0,9,9,7,5,0,0,6,0,0,0,0,1,1,1,1,1,42,7,-1,-1,-1,FIAT DUCATO,3,E01026310,0,-1
2020010262211,2020,010262211,2,19,0,2,2,0,0,0,0,0,0,0,0,0,2,1,6,6,3,-1,-1,2287,2,6,FIAT DUCATO,-1,-1,0,-1
2020530967459,2020,530967459,1,19,0,12,12,5,3,0,0,3,0,0,0,0,3,1,1,1,1,62,9,2287,2,2,FIAT DUCATO,4,E01020036,0,-1
2020302000098,2020,302000098,1,19,0,18,19,2,6,0,0,0,0,0,0,0,1,1,1,1,1,46,8,-1,-1,-1,FIAT DUCATO,6,E01019434,0,-1
2020200996450,2020,200996450,1,90,0,4,4,2,6,0,0,8,0,0,0,0,3,1,1,1,1,48,8,2287,2,2,FIAT DUCATO,7,E01029379,0,-1
2020010230252,2020,010230252,2,19,0,18,19,7,3,0,0,1,0,0,0,0,1,1,6,6,1,25,5,2287,2,1,FIAT DUCATO,5,E01025884,0,-1
2020460935488,2020,460935488,1,20,0,18,19,2,6,0,0,4,0,0,0,0,1,1,6,6,1,41,7,2287,2,1,-1,7,E01033143,0,-1
2020991005944,2020,991005944,1,19,0,7,7,1,3,0,0,1,0,0,0,0,1,1,1,1,1,27,6,2287,2,3,FIAT DUCATO,3,-1,0,-1
2020440301955,2020,440301955,1,90,0,14,14,2,6,0,0,8,0,0,0,0,1,1,1,1,1,48,8,2287,2,1,FIAT DUCATO,6,E01023063,0,-1
2020010228160,2020,010228160,1,90,0,18,19,6,2,0,0,8,0,0,0,0,1,1,1,1,2,57,9,2287,2,1,FIAT DUCATO,6,E01002258,0,-1
2020010249149,2020,010249149,2,19,0,18,19,5,1,0,0,8,0,0,0,0,3,1,1,1,1,27,6,2287,2,3,FIAT DUCATO,9,E01016592,0,-1
2020430282649,2020,430282649,1,19,0,9,9,1,7,0,0,5,0,0,0,0,4,1,1,1,1,44,7,2287,2,0,FIAT DUCATO,-1,-1,0,-1
2020140988108,2020,140988108,1,90,0,18,19,2,6,0,0,8,0,0,0,0,1,1,1,1,1,49,8,2287,2,1,FIAT DUCATO,8,E01028000,0,-1
2020040973546,2020,040973546,1,98,0,18,19,3,7,0,0,0,0,0,1,0,1,1,5,6,1,36,7,2287,2,6,-1,1,E01012744,0,-1
2020010240274,2020,010240274,2,19,0,18,19,1,5,0,0,8,0,4,0,0,1,1,2,2,1,33,6,2287,2,4,FIAT DUCATO,9,E01000456,0,-1
20201375V0944,2020,1375V0944,1,19,0,14,14,5,1,0,0,1,0,0,7,11,1,1,1,1,1,26,6,-1,-1,-1,FIAT DUCATO,6,E01010750,0,-1
202031C065120,2020,31C065120,2,19,0,9,9,5,2,0,0,5,0,0,0,0,0,1,1,1,1,37,7,-1,-1,-1,FIAT DUCATO,3,E01013932,0,-1
2020522002768,2020,522002768,2,19,0,1,1,7,3,0,0,0,0,0,0,0,2,1,6,6,3,-1,-1,2198,2,11,FIAT DUCATO,-1,-1,0,-1
2020230956410,2020,230956410,2,19,0,16,19,7,2,0,0,0,0,0,0,0,2,1,1,1,1,38,7,2287,2,4,FIAT DUCATO,7,E01009643,0,-1
2020541736320,2020,541736320,3,20,0,18,19,6,2,0,0,1,0,0,0,0,1,1,1,1,1,52,8,2287,2,5,-1,4,E01029238,0,-1
2020302001181,2020,302001181,2,90,0,18,19,5,1,0,0,8,5,0,0,0,4,1,1,1,1,58,9,2287,2,2,FIAT DUCATO,6,E01018755,0,-1
2020350940992,2020,350940992,1,98,0,1,1,3,7,0,0,1,0,0,0,0,2,1,1,1,1,31,6,2287,2,4,-1,3,E01023323,0,-1
2020500991862,2020,500991862,1,90,0,4,4,2,6,0,0,1,0,0,0,0,1,1,5,6,1,39,7,2800,2,18,FIAT DUCATO,3,E01000148,0,-1
2020430275397,2020,430275397,3,19,0,18,19,3,7,0,0,0,0,0,0,0,1,1,6,6,1,30,6,2287,2,3,FIAT DUCATO,-1,-1,0,-1
2020122001309,2020,122001309,1,19,0,18,19,1,5,0,0,0,2,0,5,6,3,1,6,6,1,69,10,-1,-1,-1,FIAT DUCATO,8,E01027859,0,-1
2020361021600,2020,361021600,1,90,0,18,19,1,5,0,0,0,0,0,0,0,1,1,1,1,1,66,10,2287,2,0,FIAT DUCATO,8,E01033538,0,-1
20201373A1241,2020,1373A1241,2,90,0,18,19,8,4,3,2,8,0,0,0,0,1,1,1,1,1,49,8,2999,2,3,FIAT DUCATO,5,E01011114,0,-1
2020340S05142,2020,340S05142,1,19,0,18,19,1,5,0,0,1,0,0,0,0,1,1,1,1,1,39,7,1956,2,1,FIAT DUCATO,4,E01027132,0,-1
2020501007799,2020,501007799,1,19,0,18,19,1,5,0,0,0,0,0,0,0,2,1,5,6,1,22,5,2287,2,2,FIAT DUCATO,3,E01020104,0,-1
202031A101420,2020,31A101420,1,19,0,18,19,3,7,0,0,1,1,4,0,0,1,1,2,2,1,35,6,2000,2,17,FIAT DUCATO,5,E01028243,0,-1
2020530982949,2020,530982949,2,98,0,18,19,7,3,0,0,0,0,0,0,0,3,1,5,6,2,47,8,2287,2,4,-1,4,E01022365,0,-1
2020010281518,2020,010281518,2,19,0,99,99,9,9,99,99,9,9,99,9,99,9,9,6,6,3,-1,-1,2287,2,11,FIAT DUCATO,10,E01000841,0,-1
2020010269010,2020,010269010,1,19,0,5,5,7,3,0,0,4,0,0,0,0,4,1,1,1,1,45,7,2287,2,7,FIAT DUCATO,2,E01000086,0,-1
2020522100936,2020,522100936,2,19,0,18,19,8,4,0,0,8,0,0,0,0,1,1,1,1,1,45,7,2287,2,0,FIAT DUCATO,3,E01023145,0,-1
2020010273903,2020,010273903,2,19,4,99,99,9,9,99,99,0,9,99,9,99,1,9,6,6,3,-1,-1,2287,2,2,FIAT DUCATO,-1,-1,0,-1
2020370953958,2020,370953958,2,90,0,13,13,3,7,0,0,1,0,0,0,0,4,1,1,1,1,40,7,2287,2,1,FIAT DUCATO,7,E01030020,0,-1
2020500969668,2020,500969668,1,90,0,13,13,3,7,0,0,1,1,0,7,0,1,1,1,1,2,42,7,2287,2,1,FIAT DUCATO,3,E01020286,0,-1
2020302000437,2020,302000437,2,19,0,17,19,1,5,0,0,2,0,0,0,0,2,1,6,6,1,-1,-1,2287,2,7,FIAT DUCATO,5,E01019451,0,-1
2020010264196,2020,010264196,2,19,4,99,99,9,9,99,99,9,9,99,9,99,1,9,6,6,3,30,6,2287,2,0,FIAT DUCATO,1,E01003075,0,-1
2020430362713,2020,430362713,2,20,0,4,4,4,8,0,0,1,0,0,0,0,2,1,1,1,1,24,5,2287,2,2,-1,6,E01017791,0,-1
2020010234812,2020,010234812,1,19,0,18,19,1,5,0,0,8,0,0,0,0,1,1,1,1,1,58,9,2287,2,3,FIAT DUCATO,1,E01023844,0,-1
2020320043533,2020,320043533,2,19,0,18,19,1,5,0,0,0,0,0,1,0,1,1,2,2,1,50,8,2287,2,2,FIAT DUCATO,1,E01007648,0,-1
2020211007137,2020,211007137,3,90,0,13,13,2,6,0,0,1,0,0,0,0,0,1,1,1,2,33,6,2999,2,4,FIAT DUCATO,2,E01014285,0,-1
2020052002666,2020,052002666,2,90,0,3,3,5,1,0,0,1,0,0,0,0,2,1,1,1,1,36,7,2287,2,1,FIAT DUCATO,1,E01012422,0,-1
2020010252749,2020,010252749,2,19,0,13,13,5,1,0,0,1,0,0,0,0,4,9,6,6,1,49,8,2287,2,9,FIAT DUCATO,4,E01004628,0,-1
2020141009962,2020,141009962,1,90,0,18,19,1,5,0,0,0,0,0,0,0,1,1,6,6,1,46,8,2287,2,1,FIAT DUCATO,6,E01011885,0,-1
2020122000275,2020,122000275,1,90,0,4,4,5,1,0,0,0,0,0,0,0,2,1,1,1,2,24,5,2287,2,1,FIAT DUCATO,3,E01011834,0,-1
2020140964143,2020,140964143,1,90,0,18,19,1,5,0,0,8,0,0,0,0,4,1,1,1,3,-1,-1,2999,2,4,FIAT DUCATO,-1,-1,0,-1
2020137CR1446,2020,137CR1446,2,90,0,18,19,3,7,0,0,8,0,0,0,0,0,1,1,1,1,-1,-1,2999,2,3,FIAT DUCATO,-1,-1,0,-1
202031D069520,2020,31D069520,1,19,0,14,14,8,4,0,0,8,0,0,0,0,1,1,1,1,1,40,7,-1,-1,-1,FIAT DUCATO,4,E01028130,0,-1
202006A175432,2020,06A175432,1,19,0,5,5,7,3,9,9,1,0,0,7,0,1,1,1,1,1,41,7,2287,2,3,FIAT DUCATO,1,E01005639,0,-1
2020010249422,2020,010249422,1,19,0,18,19,8,4,0,0,8,0,0,0,0,1,1,1,1,1,60,9,2287,2,6,FIAT DUCATO,10,E01030319,0,-1
2020010284141,2020,010284141,1,20,0,18,19,1,5,0,0,0,0,10,6,1,2,1,6,6,3,-1,-1,2198,2,11,-1,-1,-1,0,-1
2020360944401,2020,360944401,1,98,0,18,19,1,5,0,0,2,0,0,1,0,1,1,1,1,1,33,6,2287,2,5,-1,4,E01029820,0,-1
2020461005292,2020,461005292,1,19,0,18,19,3,7,0,0,0,0,0,0,0,1,1,1,1,1,32,6,2198,2,13,FIAT DUCATO,4,E01024373,0,-1
2020302000231,2020,302000231,1,19,0,5,5,2,6,0,0,1,0,0,0,0,1,1,1,1,1,31,6,1956,2,3,FIAT DUCATO,3,E01019404,0,-1
2020370986361,2020,370986361,1,90,0,18,19,3,7,0,0,0,0,0,0,0,0,1,1,1,2,57,9,2287,2,2,FIAT DUCATO,3,E01030014,0,-1
2020010278975,2020,010278975,2,19,0,18,19,5,1,0,0,0,0,0,0,0,1,1,1,1,1,58,9,2287,2,13,FIAT DUCATO,2,E01001940,0,-1
2020990928081,2020,990928081,1,19,0,16,19,7,2,0,0,0,1,0,0,0,1,1,1,1,1,37,7,1997,2,15,FIAT DUCATO,2,-1,0,-1
2020320084739,2020,320084739,3,19,0,18,19,7,2,0,0,0,0,0,0,0,3,1,1,1,1,42,7,2287,2,1,FIAT DUCATO,8,E01026262,0,-1
2020010269811,2020,010269811,2,19,0,99,99,9,9,99,99,9,9,99,9,99,9,9,6,6,3,31,6,2287,2,3,FIAT DUCATO,1,E01000524,0,-1
2020361011751,2020,361011751,2,19,0,18,19,3,7,0,0,0,0,0,0,0,3,1,1,1,1,61,9,-1,-1,-1,FIAT DUCATO,9,E01026916,0,-1
202063D078820,2020,63D078820,1,90,0,18,19,2,6,0,0,2,0,0,0,0,3,1,6,6,2,80,11,1997,2,14,FIAT DUCATO,6,W01000473,0,-1
2020010268536,2020,010268536,1,20,0,4,4,5,1,0,0,0,0,0,0,0,2,1,1,1,1,52,8,2287,2,2,-1,6,E01003437,0,-1
2020340K00922,2020,340K00922,1,19,0,18,19,5,1,0,0,1,1,0,0,0,1,1,1,1,1,29,6,-1,-1,-1,FIAT DUCATO,9,E01026998,0,-1
2020450978228,2020,450978228,1,98,0,17,19,3,7,0,0,0,0,0,0,0,2,1,5,6,1,31,6,2287,2,8,-1,10,E01030462,0,-1
20201379T0279,2020,1379T0279,1,19,4,11,11,8,4,0,0,0,0,0,0,0,3,1,1,1,1,37,7,2287,2,0,FIAT DUCATO,1,E01007453,0,-1
2020360935971,2020,360935971,1,19,0,18,19,7,3,0,0,0,5,0,7,9,1,1,1,1,1,52,8,2287,2,9,FIAT DUCATO,3,E01028891,0,-1
2020552100080,2020,552100080,1,90,0,18,19,2,6,0,0,0,0,0,0,0,1,1,6,6,1,81,11,2999,2,9,FIAT DUCATO,7,E01032641,0,-1
202031C061820,2020,31C061820,1,19,0,18,19,1,5,0,0,1,0,0,0,0,1,1,1,1,1,32,6,2287,2,5,FIAT DUCATO,4,E01028185,0,-1
2020010260726,2020,010260726,2,19,0,9,9,1,7,0,0,1,0,0,0,0,3,1,6,6,1,31,6,2287,2,3,FIAT DUCATO,5,E01023936,0,-1
2020552000715,2020,552000715,2,90,0,18,19,4,8,0,0,8,0,0,0,0,1,1,6,6,2,72,10,2000,2,14,FIAT DUCATO,3,E01027544,0,-1
202063C063320,2020,63C063320,1,19,0,18,19,2,6,0,0,0,0,0,0,0,1,1,1,1,1,22,5,2287,2,3,FIAT DUCATO,4,W01000591,0,-1
2020140918039,2020,140918039,1,90,0,18,19,1,5,0,0,0,0,0,0,0,1,1,1,1,1,38,7,2999,2,3,FIAT DUCATO,2,E01007763,0,-1
2020400960417,2020,400960417,1,90,0,4,4,7,3,0,0,8,0,0,0,0,1,1,1,1,2,27,6,2287,2,1,FIAT DUCATO,-1,-1,0,-1
2020100930526,2020,100930526,1,19,0,1,1,4,4,0,0,0,0,0,0,0,2,1,6,6,1,-1,-1,2287,2,6,FIAT DUCATO,-1,-1,0,-1
2020500990964,2020,500990964,2,98,0,18,19,1,5,0,0,0,0,0,0,0,3,1,1,1,1,58,9,2287,2,3,-1,4,E01019073,0,-1
2020470953402,2020,470953402,1,19,0,17,19,1,6,0,0,0,0,0,0,0,0,1,5,6,1,33,6,2287,2,2,FIAT DUCATO,4,E01001097,0,-1
2020500983848,2020,500983848,2,90,0,17,19,5,1,0,0,0,0,0,0,0,1,1,5,6,1,65,9,2287,2,5,FIAT DUCATO,6,E01019030,0,-1
2020010231465,2020,010231465,2,90,0,18,19,7,3,0,0,2,0,0,0,0,9,1,6,6,1,-1,-1,1971,1,32,FIAT DUCATO,5,E01002591,0,-1
2020010245775,2020,010245775,1,19,0,18,19,1,5,0,0,0,0,0,0,0,4,1,6,6,1,49,8,2286,2,17,FIAT DUCATO,6,E01003223,0,-1
20201376O0892,2020,1376O0892,2,19,0,18,19,1,5,0,0,0,0,0,0,0,1,1,1,1,1,31,6,2287,2,2,FIAT DUCATO,7,E01031013,0,-1
2020552001030,2020,552001030,2,90,0,18,19,5,1,0,0,8,0,0,0,0,1,1,6,6,1,65,9,2287,2,12,FIAT DUCATO,6,E01032083,0,-1
2020430362713,2020,430362713,3,19,0,8,8,4,6,0,0,1,0,0,0,0,2,1,1,1,1,30,6,2287,2,2,FIAT DUCATO,8,E01017766,0,-1
2020070083057,2020,070083057,2,19,0,18,19,8,4,0,0,8,5,0,7,0,4,1,6,6,1,53,8,-1,-1,-1,FIAT DUCATO,3,E01028903,0,-1
2020470994530,2020,470994530,3,19,0,18,19,1,4,0,0,1,0,0,1,0,3,1,1,1,1,45,7,2287,2,0,FIAT DUCATO,1,E01009577,0,-1
2020421001247,2020,421001247,3,19,0,18,19,3,7,0,0,0,0,0,0,0,2,1,1,1,1,57,9,2287,2,1,FIAT DUCATO,8,E01021944,0,-1
2020400945454,2020,400945454,3,19,0,2,2,0,0,0,0,0,0,0,0,0,2,1,1,1,1,31,6,2287,2,1,FIAT DUCATO,6,E01018150,0,-1
2020340W01732,2020,340W01732,3,90,0,16,19,1,5,0,0,1,0,0,0,0,0,1,1,1,1,56,9,2287,2,1,FIAT DUCATO,7,E01027023,0,-1
202031B056420,2020,31B056420,2,19,0,2,2,0,0,0,0,0,0,0,0,0,2,1,1,1,1,45,7,2287,2,2,FIAT DUCATO,-1,-1,0,-1
2020200994935,2020,200994935,2,90,0,13,13,8,4,0,0,0,0,0,0,0,1,1,1,1,2,44,7,2287,2,2,FIAT DUCATO,3,E01008924,0,-1
2020302000318,2020,302000318,2,90,0,18,19,7,3,0,0,1,0,0,0,0,4,1,1,1,3,-1,-1,2999,2,5,FIAT DUCATO,-1,-1,0,-1
2020200952229,2020,200952229,1,90,0,13,13,2,6,0,0,8,0,0,0,0,4,1,1,1,1,35,6,2287,2,0,FIAT DUCATO,8,E01010226,0,-1
2020010266557,2020,010266557,1,19,0,18,19,7,3,0,0,0,0,0,0,0,1,1,1,1,1,43,7,2287,2,3,FIAT DUCATO,7,E01023886,0,-1
2020410993175,2020,410993175,2,90,0,5,5,0,0,0,0,0,0,0,0,0,3,1,1,1,2,41,7,2287,2,0,FIAT DUCATO,5,E01023843,0,-1
202031D105120,2020,31D105120,2,19,0,2,2,0,0,0,0,0,0,0,0,0,3,1,1,1,1,31,6,2287,2,2,FIAT DUCATO,4,E01013498,0,-1
2020440039569,2020,440039569,1,19,0,18,19,5,1,0,0,1,0,0,0,0,1,1,1,1,1,64,9,2287,2,1,FIAT DUCATO,4,E01009970,0,-1
202031A020020,2020,31A020020,1,19,0,18,19,6,2,0,0,8,0,0,0,0,4,1,1,1,1,27,6,-1,-1,-1,FIAT DUCATO,-1,-1,0,-1
2020010243817,2020,010243817,1,19,0,5,5,5,1,0,0,8,0,0,0,0,4,2,1,1,1,23,5,-1,-1,-1,FIAT DUCATO,7,E01016976,0,-1
2020122000685,2020,122000685,2,90,0,2,2,0,0,0,0,0,0,0,0,0,1,1,6,6,1,60,9,2287,2,6,FIAT DUCATO,7,E01025130,0,-1
202006A270526,2020,06A270526,3,90,0,3,3,3,7,0,0,1,0,0,0,0,3,1,1,1,2,32,6,2287,2,3,FIAT DUCATO,1,E01005680,0,-1
2020200993018,2020,200993018,2,90,0,5,5,1,5,0,0,0,1,0,0,0,1,1,1,1,2,32,6,2999,2,4,FIAT DUCATO,7,E01029825,0,-1
2020010265161,2020,010265161,1,19,0,10,10,3,1,0,0,8,0,0,0,0,0,1,1,1,1,39,7,2287,2,10,FIAT DUCATO,7,E01029018,0,-1
2020370942432,2020,370942432,2,19,0,18,19,1,5,0,0,0,0,0,0,0,1,1,5,6,1,58,9,2287,2,5,FIAT DUCATO,5,E01026648,0,-1
2020010241834,2020,010241834,1,19,0,1,1,1,5,0,0,0,0,0,0,0,4,1,1,1,1,51,8,1997,2,14,FIAT DUCATO,8,E01002981,0,-1
2020460999861,2020,460999861,3,19,0,8,8,6,2,0,0,1,0,0,0,0,1,1,6,6,1,58,9,-1,-1,-1,FIAT DUCATO,7,E01024809,0,-1
2020500948057,2020,500948057,2,90,0,9,9,5,1,0,0,1,0,0,0,0,3,1,1,1,1,52,8,2287,2,1,FIAT DUCATO,4,E01018843,0,-1
2020320576139,2020,320576139,2,19,0,18,19,5,1,0,0,0,0,0,0,0,1,1,6,6,2,40,7,-1,-1,-1,FIAT DUCATO,7,E01026392,0,-1
2020220955126,2020,220955126,2,19,0,16,19,3,6,0,0,0,0,0,1,3,3,1,1,1,1,46,8,2287,2,7,FIAT DUCATO,4,E01028849,0,-1
2020450949191,2020,450949191,1,98,0,9,9,7,5,0,0,4,0,0,0,0,1,1,1,1,1,53,8,2287,2,8,-1,5,E01030984,0,-1
2020320371277,2020,320371277,1,90,0,18,19,4,8,0,0,0,0,0,0,0,4,1,1,1,1,30,6,2999,2,5,FIAT DUCATO,3,E01028033,0,-1
2020320102408,2020,320102408,3,19,0,2,2,0,0,0,0,0,0,0,0,0,1,1,6,6,2,51,8,1971,1,26,FIAT DUCATO,-1,-1,0,-1
2020460962160,2020,460962160,1,19,0,5,5,1,5,0,0,0,0,0,0,0,4,1,1,1,1,24,5,2287,2,0,FIAT DUCATO,5,E01024191,0,-1
2020201017186,2020,201017186,2,90,0,5,5,4,8,0,0,1,0,0,0,0,4,1,1,1,2,24,5,2287,2,0,FIAT DUCATO,3,E01009221,0,-1
2020010275488,2020,010275488,1,19,0,99,99,9,9,99,99,9,9,99,9,99,9,9,6,6,1,37,7,2287,2,4,FIAT DUCATO,4,E01002211,0,-1
2020990939581,2020,990939581,2,19,0,5,5,7,1,0,0,6,0,0,0,0,1,1,1,1,1,41,7,2198,2,12,FIAT DUCATO,3,-1,0,-1
2020500998478,2020,500998478,4,90,0,18,19,7,3,0,0,0,0,0,0,0,3,1,5,6,1,52,8,2500,2,23,FIAT DUCATO,3,E01020000,0,-1
202006L275934,2020,06L275934,1,19,0,18,19,6,2,0,0,2,0,0,0,0,1,1,1,1,1,35,6,2287,2,4,FIAT DUCATO,6,E01006221,0,-1
2020500929985,2020,500929985,2,19,0,17,19,4,8,0,0,0,0,0,0,0,1,1,1,1,1,32,6,2287,2,1,FIAT DUCATO,1,E01015144,0,-1
2020340W01732,2020,340W01732,1,19,0,4,4,5,1,0,0,1,0,0,1,9,1,1,1,1,1,28,6,2287,2,4,FIAT DUCATO,8,E01032969,0,-1
2020361014148,2020,361014148,2,19,0,18,19,2,6,0,0,8,0,0,0,0,4,1,1,1,1,65,9,-1,-1,-1,FIAT DUCATO,6,E01026612,0,-1
2020137B30783,2020,137B30783,1,90,0,18,19,7,3,0,0,1,0,0,0,0,0,1,1,1,2,29,6,2999,2,7,FIAT DUCATO,-1,-1,0,-1
2020320450428,2020,320450428,2,19,0,18,19,1,5,0,0,8,0,0,0,0,1,1,1,1,2,22,5,-1,-1,-1,FIAT DUCATO,3,E01019400,0,-1
2020350986682,2020,350986682,1,90,0,18,19,1,5,0,0,0,0,1,0,0,1,1,6,6,1,55,8,2287,2,5,FIAT DUCATO,10,E01002390,0,-1
2020221001632,2020,221001632,2,19,0,2,2,0,0,0,0,0,0,0,0,0,3,1,5,6,1,41,7,2287,2,5,FIAT DUCATO,8,E01032276,0,-1
2020141008472,2020,141008472,1,5,0,18,19,2,7,0,0,3,1,0,0,0,0,1,2,2,1,34,6,998,1,0,HONDA CB1000,7,E01007384,0,-1
2020010238610,2020,010238610,2,5,0,18,19,2,6,0,0,0,0,0,0,0,1,1,2,2,1,38,7,998,1,12,HONDA CB1000,4,E01000507,0,-1
2020320600324,2020,320600324,1,5,0,18,19,6,2,0,0,0,2,0,0,10,3,1,6,6,1,29,6,998,1,11,HONDA CB1000,6,E01026147,0,-1
2020302000777,2020,302000777,2,3,0,18,19,4,8,0,0,1,0,0,0,0,1,1,6,6,1,25,5,998,1,11,-1,2,E01029426,0,-1
2020010280958,2020,010280958,1,5,0,99,99,9,9,99,99,9,9,99,9,99,1,1,6,6,1,32,6,998,1,12,HONDA CB1000,9,E01003478,0,-1