collision_index,collision_year,collision_ref_no,vehicle_reference,vehicle_type,towing_and_articulation,vehicle_manoeuvre_historic,vehicle_manoeuvre,vehicle_direction_from,vehicle_direction_to,vehicle_location_restricted_lane_historic,vehicle_location_restricted_lane,junction_location,skidding_and_overturning,hit_object_in_carriageway,vehicle_leaving_carriageway,hit_object_off_carriageway,first_point_of_impact,vehicle_left_hand_drive,journey_purpose_of_driver_historic,journey_purpose_of_driver,sex_of_driver,age_of_driver,age_band_of_driver,engine_capacity_cc,propulsion_code,age_of_vehicle,generic_make_model,driver_imd_decile,lsoa_of_driver,escooter_flag,driver_distance_banding
2020440057066,2020,440057066,1,9,0,9,9,8,5,0,0,8,0,0,0,0,1,1,6,6,2,45,7,1587,1,17,CITROEN XSARA,6,E01017177,0,-1
2020221008863,2020,221008863,1,9,0,13,13,4,8,0,0,8,0,0,0,0,4,1,1,1,1,21,5,1560,2,14,CITROEN XSARA,4,W01000262,0,-1
2020200937300,2020,200937300,1,9,0,18,19,1,3,0,0,3,0,0,0,0,1,1,6,6,1,23,5,1587,1,20,CITROEN XSARA,9,E01009914,0,-1
202006F472678,2020,06F472678,2,8,0,4,4,2,6,0,0,0,0,0,0,0,2,1,6,6,1,30,6,1560,2,13,-1,-1,-1,0,-1
2020010250066,2020,010250066,1,9,0,99,99,9,9,99,99,1,9,99,9,99,9,9,6,6,2,44,7,1997,2,16,CITROEN XSARA,3,E01000465,0,-1
202006F178401,2020,06F178401,3,9,0,5,5,6,2,0,0,1,0,0,0,0,4,1,6,6,1,38,7,1587,1,18,CITROEN XSARA,2,E01005678,0,-1
2020200941088,2020,200941088,1,9,0,7,7,4,6,0,0,6,0,4,0,0,1,1,6,6,3,-1,-1,1997,2,19,CITROEN XSARA,-1,-1,0,-1
2020370965075,2020,370965075,1,9,0,9,9,6,2,0,0,2,0,0,0,0,1,1,2,2,1,36,7,1587,1,15,CITROEN XSARA,2,E01030023,0,-1
2020460994202,2020,460994202,2,9,0,18,19,3,7,0,0,0,0,0,0,0,0,1,5,6,2,29,6,1587,1,15,CITROEN XSARA,3,E01024567,0,-1
2020520001805,2020,520001805,2,9,0,9,9,4,2,0,0,8,0,0,0,0,3,1,6,6,2,63,9,1997,2,20,CITROEN XSARA,2,E01029100,0,-1
2020100953849,2020,100953849,1,9,0,16,19,1,5,0,0,0,0,0,0,0,1,1,5,6,1,79,11,1560,2,12,CITROEN XSARA,3,E01027512,0,-1
2020520004802,2020,520004802,2,9,0,8,8,6,8,0,0,1,0,0,0,0,2,1,6,6,2,65,9,1997,2,17,CITROEN XSARA,7,E01029140,0,-1
2020500964157,2020,500964157,1,9,0,18,19,5,2,0,0,0,0,0,3,10,1,1,5,6,1,69,10,1587,1,13,CITROEN XSARA,1,E01015046,0,-1
2020122000542,2020,122000542,1,9,0,4,4,1,5,0,0,1,0,0,0,0,1,1,6,6,1,64,9,1587,1,13,CITROEN XSARA,5,E01027795,0,-1
2020470954836,2020,470954836,1,9,0,18,19,2,6,0,0,8,0,0,0,0,1,1,6,6,2,66,10,1905,2,22,CITROEN XSARA,8,E01031474,0,-1
2020320356632,2020,320356632,1,8,0,16,19,3,7,0,0,0,0,0,0,0,3,1,6,6,1,64,9,1587,1,20,-1,7,E01028005,0,-1
2020137B60876,2020,137B60876,1,9,0,18,19,4,2,0,0,4,0,0,0,0,1,1,6,6,1,68,10,1560,2,12,CITROEN XSARA,3,E01011940,0,-1
2020460943229,2020,460943229,1,9,0,18,19,5,1,0,0,0,0,0,0,0,1,1,6,6,3,-1,-1,1997,2,15,CITROEN XSARA,-1,-1,0,-1
2020411006639,2020,411006639,2,9,0,3,3,1,5,0,0,1,0,0,0,0,2,1,6,6,1,-1,-1,1587,1,12,CITROEN XSARA,3,E01021418,0,-1
2020320309845,2020,320309845,1,9,0,18,19,1,5,0,0,0,1,0,1,4,3,1,6,6,2,37,7,1997,2,16,CITROEN XSARA,1,E01007875,0,-1
2020231012435,2020,231012435,1,9,0,18,19,4,8,0,0,8,0,0,0,0,3,1,5,6,1,73,10,1587,1,16,CITROEN XSARA,3,E01031117,0,-1
2020320419228,2020,320419228,2,9,0,10,10,5,1,0,0,1,0,0,0,0,1,1,6,6,1,69,10,1997,1,16,CITROEN XSARA,3,E01026104,0,-1
2020320620294,2020,320620294,1,9,0,16,19,8,4,0,0,0,1,0,1,4,4,1,2,2,1,64,9,1997,2,17,CITROEN XSARA,9,E01026119,0,-1
2020320484878,2020,320484878,1,9,0,18,19,1,5,0,0,0,0,0,0,0,3,1,6,6,2,32,6,1587,1,15,CITROEN XSARA,5,E01026284,0,-1
2020547141520,2020,547141520,2,9,0,18,19,3,7,0,0,0,0,0,1,0,3,1,6,6,2,57,9,1997,1,14,CITROEN XSARA,7,E01000340,0,-1
2020211024598,2020,211024598,2,9,0,7,7,4,8,7,6,8,0,0,0,0,2,1,6,6,2,54,8,1997,2,16,CITROEN XSARA,5,E01029345,0,-1
2020220994340,2020,220994340,1,9,0,5,5,3,7,0,0,4,0,0,0,0,1,1,2,2,1,56,9,1560,2,14,CITROEN XSARA,5,E01032330,0,-1
2020622000628,2020,622000628,2,9,0,18,19,8,4,0,0,0,0,0,0,0,1,1,6,6,1,24,5,1587,1,16,CITROEN XSARA,2,W01001910,0,-1
2020137AN1227,2020,137AN1227,1,9,0,18,19,1,5,0,0,1,0,0,7,7,1,1,6,6,3,-1,-1,1587,1,16,CITROEN XSARA,-1,-1,0,-1
2020549959120,2020,549959120,2,9,0,18,19,1,5,0,0,0,0,0,0,0,1,2,6,6,1,42,7,1997,2,16,CITROEN XSARA,6,E01032117,0,-1
2020520100541,2020,520100541,1,9,0,18,19,2,6,0,0,6,0,0,0,0,1,1,6,6,2,85,11,1560,2,12,CITROEN XSARA,7,E01029250,0,-1
2020052000109,2020,052000109,2,9,0,2,2,0,0,0,0,0,0,0,0,0,2,1,6,6,3,-1,-1,1587,1,13,CITROEN XSARA,-1,-1,0,-1
2020450952835,2020,450952835,3,9,0,18,19,2,6,0,0,0,0,0,0,0,1,1,5,6,1,54,8,1749,1,17,CITROEN XSARA,2,E01029097,0,-1
2020411032855,2020,411032855,1,9,0,18,19,1,3,0,0,1,0,0,0,0,3,1,6,6,2,53,8,1560,2,16,CITROEN XSARA,10,E01017651,0,-1
2020520004440,2020,520004440,2,9,0,17,19,4,8,0,0,0,0,0,0,0,1,1,6,6,2,56,9,1997,2,18,CITROEN XSARA,-1,-1,0,-1
2020070527839,2020,070527839,2,9,0,18,19,5,1,0,0,0,0,0,1,7,1,1,6,6,1,54,8,1587,1,16,CITROEN XSARA,5,-1,0,-1
2020460992258,2020,460992258,1,9,0,18,19,7,3,9,9,8,1,10,1,0,1,1,6,6,1,35,6,1997,2,15,CITROEN XSARA,4,E01024290,0,-1
202063C039420,2020,63C039420,2,9,0,18,19,1,5,0,0,8,0,0,0,0,4,1,6,6,2,43,7,1360,1,16,CITROEN XSARA,3,W01000607,0,-1
2020100923413,2020,100923413,2,9,0,3,3,1,5,0,0,2,0,0,0,0,2,1,5,6,2,52,8,1587,1,19,CITROEN XSARA,1,E01027533,0,-1
2020430263398,2020,430263398,1,9,0,9,9,3,1,0,0,2,0,0,0,0,3,1,6,6,1,81,11,1997,2,17,CITROEN XSARA,1,E01016844,0,-1
2020610014120,2020,610014120,1,9,0,18,19,1,7,0,0,4,0,0,0,0,2,1,2,2,2,36,7,1560,2,14,CITROEN XSARA,2,W01001668,0,-1
2020460941252,2020,460941252,1,9,0,18,19,7,3,0,0,0,0,0,0,0,1,1,6,6,2,34,6,1560,2,14,CITROEN XSARA,4,E01024582,0,-1
2020360977738,2020,360977738,1,9,0,18,19,4,8,0,0,1,0,0,0,0,3,1,6,6,1,41,7,1997,2,16,CITROEN XSARA,5,E01026940,0,-1
2020541662520,2020,541662520,2,9,0,1,1,7,3,0,0,0,0,0,1,0,3,1,6,6,1,53,8,1560,2,14,CITROEN XSARA,-1,-1,0,-1
2020140937601,2020,140937601,1,9,0,2,2,0,0,0,0,0,0,0,0,0,1,1,6,6,2,42,7,1997,2,15,CITROEN XSARA,3,E01007397,0,-1
2020070717642,2020,070717642,2,9,0,18,19,0,0,0,0,1,0,0,0,0,2,1,6,6,3,-1,-1,1749,1,18,CITROEN XSARA,6,E01018496,0,-1
2020320593190,2020,320593190,3,9,0,2,2,0,0,0,0,0,0,4,0,0,3,1,6,6,2,51,8,1560,2,15,CITROEN XSARA,3,E01026270,0,-1
2020010280766,2020,010280766,1,9,0,5,5,2,6,6,6,1,0,0,0,0,1,1,6,6,1,82,11,1587,1,17,CITROEN XSARA,4,E01002369,0,-1
2020360982219,2020,360982219,1,9,0,18,19,7,3,0,0,1,0,0,0,0,4,1,5,6,2,37,7,1560,2,13,CITROEN XSARA,1,E01026620,0,-1
2020110932423,2020,110932423,1,9,0,18,19,5,1,0,0,8,0,0,0,0,3,1,3,7,2,42,7,1560,2,11,CITROEN XSARA,3,E01020674,0,-1
2020070046647,2020,070046647,1,9,0,18,19,3,7,0,0,0,5,0,1,0,1,1,6,6,1,39,7,1560,2,14,CITROEN XSARA,3,E01012368,0,-1
2020500998992,2020,500998992,1,9,0,16,19,1,5,0,0,0,1,0,0,0,1,1,5,6,1,73,10,1749,1,16,CITROEN XSARA,-1,-1,0,-1
2020520001327,2020,520001327,1,9,0,18,19,2,6,0,0,8,0,0,0,0,1,1,6,6,2,45,7,1997,2,17,CITROEN XSARA,9,E01029032,0,-1
2020160996428,2020,160996428,2,9,0,9,9,1,7,0,0,4,0,0,0,0,3,1,5,6,2,28,6,1560,2,14,CITROEN XSARA,7,E01013224,0,-1
2020100923821,2020,100923821,1,9,0,18,19,7,3,0,0,8,0,0,0,0,1,1,5,6,1,69,10,1560,2,12,CITROEN XSARA,6,E01027532,0,-1
2020370933817,2020,370933817,2,9,0,18,19,3,7,0,0,0,0,0,0,0,2,1,2,2,1,42,7,1587,1,15,CITROEN XSARA,2,E01030032,0,-1
2020302000701,2020,302000701,1,9,0,18,19,6,2,0,0,0,0,0,0,0,4,1,6,6,1,-1,-1,1360,1,19,CITROEN XSARA,-1,-1,0,-1
2020421012073,2020,421012073,2,9,0,18,19,5,1,0,0,0,0,0,0,0,1,1,6,6,2,51,8,1997,2,17,CITROEN XSARA,2,E01021270,0,-1
20201376G0136,2020,1376G0136,1,9,0,1,1,8,4,0,0,0,0,0,0,0,2,1,6,6,1,-1,-1,1997,2,16,CITROEN XSARA,-1,-1,0,-1
2020430235730,2020,430235730,1,9,0,9,9,8,6,0,0,5,0,0,0,0,4,1,6,6,1,46,8,1587,1,15,CITROEN XSARA,5,E01028556,0,-1
2020220990138,2020,220990138,2,9,0,3,3,3,7,0,0,1,0,0,0,0,2,1,5,6,2,29,6,1560,2,14,CITROEN XSARA,5,E01014109,0,-1
2020220926302,2020,220926302,2,9,0,9,9,6,4,0,0,5,0,0,0,0,4,1,5,6,2,47,8,1997,1,14,CITROEN XSARA,2,E01032461,0,-1
2020440018423,2020,440018423,1,9,0,18,19,3,7,0,0,0,2,0,7,0,1,1,6,6,1,64,9,1587,1,13,CITROEN XSARA,1,E01017236,0,-1
2020522100677,2020,522100677,4,8,0,2,2,0,0,0,0,0,0,0,0,0,2,1,6,6,1,76,11,1997,2,17,-1,10,E01022632,0,-1
2020010270495,2020,010270495,2,9,0,99,99,9,9,99,99,9,9,99,9,99,1,9,6,6,3,68,10,1587,1,17,CITROEN XSARA,4,E01001686,0,-1
2020420983946,2020,420983946,3,9,0,3,3,1,5,0,0,1,0,0,0,0,1,1,6,6,2,37,7,1997,2,16,CITROEN XSARA,4,E01015870,0,-1
2020470994908,2020,470994908,2,9,0,18,19,3,7,0,0,8,0,0,0,0,1,1,5,6,1,84,11,1560,2,14,CITROEN XSARA,8,E01031356,0,-1
2020450966830,2020,450966830,2,9,0,10,10,7,5,0,0,1,0,0,0,0,4,1,5,6,2,48,8,1761,1,21,CITROEN XSARA,9,E01030358,0,-1
2020040939371,2020,040939371,2,9,0,5,5,2,6,0,0,4,0,0,0,0,1,1,6,6,1,46,8,1997,2,18,CITROEN XSARA,1,E01024885,0,-1
2020160972663,2020,160972663,1,9,0,6,6,5,1,2,2,2,0,0,0,0,1,1,5,6,2,59,9,1587,1,14,CITROEN XSARA,1,E01012857,0,-1
2020030976331,2020,030976331,2,9,0,18,19,7,3,0,0,0,1,0,0,0,1,1,5,6,1,39,7,1997,2,16,CITROEN XSARA,4,E01014321,0,-1
2020160998803,2020,160998803,1,9,0,5,5,7,3,0,0,6,0,0,0,0,1,1,6,6,1,30,6,1560,2,15,CITROEN XSARA,6,E01013302,0,-1
2020440060280,2020,440060280,1,9,0,18,19,8,4,0,0,0,1,0,1,4,3,1,6,6,1,37,7,1749,1,19,CITROEN XSARA,5,E01017368,0,-1
2020110950433,2020,110950433,2,9,0,18,19,8,2,0,0,1,0,0,0,0,3,1,6,6,1,49,8,1587,1,17,CITROEN XSARA,1,E01020874,0,-1
2020990963671,2020,990963671,3,9,0,4,4,6,2,0,0,0,0,0,0,0,2,1,6,6,1,54,8,1587,1,14,CITROEN XSARA,3,-1,0,-1
2020552000850,2020,552000850,2,9,0,17,19,5,3,0,0,0,0,0,0,0,1,1,6,6,2,48,8,1997,2,17,CITROEN XSARA,6,E01020447,0,-1
2020140926600,2020,140926600,1,9,0,17,19,4,1,0,0,0,1,4,1,11,1,1,6,6,1,23,5,1360,1,18,CITROEN XSARA,2,E01007364,0,-1
2020010253400,2020,010253400,2,9,0,18,19,1,5,0,0,2,0,0,0,0,1,1,6,6,1,41,7,1997,1,15,CITROEN XSARA,2,E01001594,0,-1
2020070379556,2020,070379556,1,9,0,4,4,7,3,0,0,6,0,0,3,1,4,1,1,1,1,51,8,1997,2,17,CITROEN XSARA,10,E01018683,0,-1
202031C162720,2020,31C162720,1,9,0,9,9,1,6,0,0,5,0,0,0,0,4,1,6,6,1,56,9,1587,1,14,CITROEN XSARA,1,E01013942,0,-1
2020421007547,2020,421007547,2,9,0,11,11,1,7,0,0,0,0,0,0,0,1,1,6,6,2,31,6,1587,1,15,CITROEN XSARA,5,E01021329,0,-1
2020440332432,2020,440332432,2,9,0,9,9,7,3,0,0,1,0,0,0,0,2,1,6,6,1,53,8,1560,2,12,CITROEN XSARA,3,E01017082,0,-1
2020110983429,2020,110983429,1,9,0,5,5,3,7,0,0,4,0,0,0,0,1,1,5,6,2,65,9,1997,2,16,CITROEN XSARA,1,E01020762,0,-1
20201376F1238,2020,1376F1238,1,9,0,2,2,5,1,0,0,0,0,0,0,0,2,1,6,6,2,24,5,1560,2,15,CITROEN XSARA,1,E01010618,0,-1
2020010265726,2020,010265726,1,9,0,7,7,3,6,0,0,1,0,0,0,0,1,1,6,6,2,64,9,1997,1,14,CITROEN XSARA,7,E01003956,0,-1
2020211015954,2020,211015954,3,9,0,18,19,7,2,0,0,1,0,0,0,0,2,1,6,6,1,29,6,1997,2,16,CITROEN XSARA,9,E01029847,0,-1
2020200945916,2020,200945916,1,9,0,18,19,4,8,0,0,0,0,0,0,0,1,1,6,6,1,-1,-1,1587,1,19,CITROEN XSARA,-1,-1,0,-1
2020460929474,2020,460929474,1,9,0,9,9,5,1,0,0,3,0,0,0,0,1,1,1,1,1,66,10,1560,2,14,CITROEN XSARA,1,E01016063,0,-1
2020470920213,2020,470920213,1,9,0,9,9,6,4,0,0,6,0,4,0,0,1,1,3,7,2,41,7,1360,1,16,CITROEN XSARA,5,E01031794,0,-1
2020140925322,2020,140925322,1,9,0,18,19,7,3,0,0,0,1,0,6,0,1,1,5,6,2,58,9,1997,2,16,CITROEN XSARA,1,E01007727,0,-1
202063A001321,2020,63A001321,2,9,0,18,19,8,4,0,0,0,0,0,0,0,1,1,6,6,2,60,9,1587,1,14,CITROEN XSARA,4,W01000681,0,-1
2020450996227,2020,450996227,1,9,0,5,5,6,7,0,0,4,0,0,0,0,1,1,6,6,1,59,9,1587,1,15,CITROEN XSARA,7,E01030466,0,-1
2020522004180,2020,522004180,1,9,0,11,11,2,6,0,0,0,0,0,0,0,4,1,6,6,1,46,8,1560,2,12,CITROEN XSARA,10,W01001936,0,-1
2020450978471,2020,450978471,2,9,0,5,5,1,5,0,0,0,0,0,0,0,1,1,5,6,1,63,9,1560,2,13,CITROEN XSARA,9,E01030412,0,-1
2020070735879,2020,070735879,1,9,0,6,6,2,2,0,0,0,0,0,0,0,3,1,6,6,1,58,9,1560,2,15,CITROEN XSARA,7,E01006379,0,-1
2020522003652,2020,522003652,1,9,0,18,19,4,8,0,0,8,0,0,0,0,1,1,6,6,1,56,9,1587,1,13,CITROEN XSARA,1,E01014706,0,-1
2020160960627,2020,160960627,1,9,0,18,19,5,1,0,0,8,0,0,0,0,3,1,6,6,2,27,6,1587,1,14,CITROEN XSARA,1,E01012881,0,-1
2020520005085,2020,520005085,2,9,0,18,19,4,8,0,0,0,0,0,1,0,3,1,6,6,1,69,10,1749,1,19,CITROEN XSARA,9,E01029129,0,-1
2020320633704,2020,320633704,1,9,0,18,19,6,2,0,0,0,0,0,0,0,1,1,6,6,1,74,10,1587,1,14,CITROEN XSARA,-1,-1,0,-1
2020440080124,2020,440080124,1,9,0,18,19,5,1,0,0,0,0,0,0,0,4,1,6,6,2,88,11,1587,1,14,CITROEN XSARA,-1,-1,0,-1
2020320242768,2020,320242768,1,9,0,5,5,3,7,0,0,6,0,0,0,0,1,1,6,6,1,68,10,1997,2,15,CITROEN XSARA,4,E01026090,0,-1
2020010246918,2020,010246918,3,9,0,18,19,8,4,0,0,1,0,4,0,0,1,1,6,6,1,32,6,1997,2,16,CITROEN XSARA,2,E01000013,0,-1
2020010272635,2020,010272635,2,9,0,99,99,9,9,99,99,9,9,99,9,99,1,9,6,6,2,52,8,1587,1,13,CITROEN XSARA,2,E01003181,0,-1
2020460955306,2020,460955306,2,9,0,16,19,2,6,0,0,0,1,6,0,0,2,1,6,6,2,33,6,1997,2,14,CITROEN XSARA,3,E01024695,0,-1
2020501011486,2020,501011486,2,9,0,5,5,3,7,0,0,0,0,0,0,0,2,1,5,6,2,64,9,1997,2,15,CITROEN XSARA,4,E01020305,0,-1
2020430105368,2020,430105368,1,9,0,9,9,6,4,0,0,6,0,0,0,0,1,1,6,6,3,21,5,1560,2,14,CITROEN XSARA,7,E01016401,0,-1
2020430400509,2020,430400509,1,9,0,13,13,1,6,0,0,0,0,0,0,0,1,1,6,6,2,64,9,1587,1,18,CITROEN XSARA,9,E01028783,0,-1
2020370985596,2020,370985596,1,9,0,18,19,5,1,0,0,1,2,0,0,0,-1,1,5,6,2,32,6,1587,1,10,CITROEN XSARA,8,E01030000,0,-1
202063C002920,2020,63C002920,1,9,0,18,19,6,2,0,0,0,0,0,1,10,4,1,6,6,2,37,7,1997,2,19,CITROEN XSARA,5,W01000546,0,-1
2020460964618,2020,460964618,2,9,4,3,3,-1,-1,0,0,2,0,0,0,0,2,1,5,6,1,37,7,1997,2,15,CITROEN XSARA,8,E01021150,0,-1
202006K169792,2020,06K169792,1,9,0,18,19,7,3,0,0,1,0,0,0,0,1,1,6,6,3,-1,-1,1997,2,19,CITROEN XSARA,-1,-1,0,-1
2020501014395,2020,501014395,2,9,0,18,19,1,5,0,0,1,1,0,0,0,3,1,5,6,1,51,8,1997,2,15,CITROEN XSARA,5,E01020098,0,-1
2020400977435,2020,400977435,2,9,0,4,4,2,6,0,0,0,0,0,0,0,2,1,6,6,1,20,4,1360,1,16,CITROEN XSARA,1,E01026092,0,-1
2020471000020,2020,471000020,1,9,0,17,19,3,8,0,0,8,0,0,1,0,4,1,5,6,2,41,7,1587,1,13,CITROEN XSARA,3,E01021178,0,-1
202031A074220,2020,31A074220,2,9,0,18,19,4,8,0,0,8,0,0,0,0,1,1,1,1,2,45,7,1587,1,16,CITROEN XSARA,2,E01027980,0,-1
2020420981180,2020,420981180,1,9,0,18,19,7,3,0,0,0,5,0,1,0,4,1,5,6,1,40,7,1997,2,17,CITROEN XSARA,4,E01022040,0,-1
202063AF00720,2020,63AF00720,1,9,0,9,9,8,5,0,0,8,0,0,0,0,0,1,6,6,1,72,10,1560,2,14,CITROEN XSARA,1,E01009212,0,-1
2020052000653,2020,052000653,1,9,0,18,19,1,5,0,0,0,0,0,0,0,1,1,6,6,1,40,7,1749,1,15,CITROEN XSARA,-1,-1,0,-1
2020160929631,2020,160929631,1,9,0,16,19,5,8,0,0,0,0,10,1,9,1,1,6,6,2,34,6,1997,2,17,CITROEN XSARA,1,E01012888,0,-1
2020440254790,2020,440254790,1,9,0,5,5,4,1,0,0,8,0,0,0,0,3,1,6,6,2,91,11,1560,2,15,CITROEN XSARA,10,E01022590,0,-1
2020320109454,2020,320109454,1,9,0,16,19,5,1,0,0,0,0,0,8,7,1,1,2,2,1,30,6,1587,1,11,CITROEN XSARA,1,E01033110,0,-1
2020460976401,2020,460976401,1,9,0,17,19,5,8,0,0,0,0,0,2,0,4,1,5,6,1,36,7,1587,1,15,CITROEN XSARA,5,E01024623,0,-1
2020460993424,2020,460993424,1,9,0,18,19,5,1,0,0,1,0,0,0,0,1,1,6,6,2,74,10,1560,2,15,CITROEN XSARA,7,E01024592,0,-1
2020010234040,2020,010234040,1,9,0,99,99,9,9,99,99,1,9,99,9,99,4,9,6,6,1,53,8,1587,1,11,CITROEN XSARA,2,E01000014,0,-1
2020500975629,2020,500975629,1,9,0,17,19,1,5,0,0,0,0,0,7,0,1,1,6,6,1,52,8,1560,2,13,CITROEN XSARA,6,E01020161,0,-1
2020230959305,2020,230959305,2,9,0,18,19,1,5,0,0,1,0,0,7,11,1,1,1,1,2,52,8,1560,2,14,CITROEN XSARA,9,E01032379,0,-1
202006L176747,2020,06L176747,2,9,0,18,19,8,4,0,0,8,0,0,0,0,1,1,6,6,2,65,9,1997,2,15,CITROEN XSARA,1,E01006254,0,-1
2020320249517,2020,320249517,1,9,0,17,19,3,7,0,0,0,0,0,1,4,1,1,6,6,1,80,11,1587,1,14,CITROEN XSARA,3,E01026123,0,-1
2020450926989,2020,450926989,2,9,0,2,2,0,0,6,6,0,0,0,0,0,2,1,6,6,1,34,6,1587,1,19,CITROEN XSARA,6,E01016506,0,-1
2020522100483,2020,522100483,1,9,0,18,19,7,3,0,0,0,0,0,0,0,1,1,6,6,2,93,11,1360,1,20,CITROEN XSARA,10,E01014388,0,-1
2020420997622,2020,420997622,2,9,0,3,3,4,8,0,0,0,0,0,0,0,2,1,6,6,1,59,9,1587,1,12,CITROEN XSARA,3,E01021418,0,-1
2020070368739,2020,070368739,1,9,0,6,6,8,4,0,0,0,0,0,0,0,1,1,2,2,1,58,9,1560,2,16,CITROEN XSARA,3,E01018446,0,-1
2020460959789,2020,460959789,2,9,0,18,19,7,3,0,0,0,0,0,0,0,1,1,6,6,1,78,11,1560,2,12,CITROEN XSARA,4,E01024312,0,-1
2020010272891,2020,010272891,1,9,0,99,99,9,9,99,99,1,9,99,9,99,2,1,6,6,2,27,6,1587,1,14,CITROEN XSARA,3,E01003135,0,-1
2020450932993,2020,450932993,2,9,0,18,19,1,5,0,0,8,0,0,0,0,1,1,5,6,2,39,7,1560,2,14,CITROEN XSARA,5,E01030337,0,-1
2020052000644,2020,052000644,1,9,0,5,5,7,1,0,0,8,0,0,0,0,1,1,6,6,1,31,6,1587,1,12,CITROEN XSARA,3,E01006719,0,-1
202006Q270677,2020,06Q270677,2,9,0,4,4,6,2,0,0,0,0,0,0,0,2,1,6,6,2,40,7,1560,2,14,CITROEN XSARA,4,E01006001,0,-1
2020200996676,2020,200996676,2,9,0,2,2,0,0,0,0,0,0,0,0,0,2,1,6,6,2,-1,-1,1587,1,18,CITROEN XSARA,-1,-1,0,-1
2020070555976,2020,070555976,1,9,0,9,9,3,8,0,0,6,0,0,0,0,1,1,6,6,1,65,9,1560,2,15,CITROEN XSARA,6,E01018481,0,-1
2020052001069,2020,052001069,1,8,0,18,19,1,5,0,0,0,0,0,0,0,1,1,1,1,1,56,9,1997,2,17,-1,1,E01006875,0,-1
2020160928288,2020,160928288,1,9,0,3,3,4,8,0,0,2,0,0,0,0,1,1,5,6,1,72,10,1587,1,15,CITROEN XSARA,1,E01012761,0,-1
2020122100007,2020,122100007,2,9,0,9,9,1,7,0,0,1,0,0,0,0,1,1,6,6,1,33,6,1560,2,12,CITROEN XSARA,3,E01027862,0,-1
2020160975208,2020,160975208,1,9,0,18,19,5,1,0,0,1,0,0,0,0,4,1,2,2,1,43,7,1997,2,15,CITROEN XSARA,10,E01013092,0,-1
2020470941425,2020,470941425,1,9,0,14,14,2,6,0,0,0,0,0,0,0,4,1,5,6,2,54,8,1997,2,17,CITROEN XSARA,1,E01016915,0,-1
2020460950727,2020,460950727,1,9,0,9,9,7,5,0,0,6,0,0,0,0,1,1,5,6,1,56,9,1997,2,15,CITROEN XSARA,1,E01024660,0,-1
2020070250299,2020,070250299,2,9,0,2,2,0,0,9,9,0,0,0,0,0,2,1,6,6,2,51,8,1587,1,13,CITROEN XSARA,4,E01012469,0,-1
2020030969570,2020,030969570,1,5,0,18,19,3,7,0,0,0,1,0,1,0,1,1,5,6,1,59,9,1868,1,2,-1,5,-1,0,-1
2020470971185,2020,470971185,2,5,0,18,19,8,4,0,0,8,0,0,0,0,3,1,6,6,1,53,8,1137,1,18,-1,1,E01020984,0,-1
2020010237462,2020,010237462,1,5,0,13,13,5,1,0,0,2,0,0,0,0,1,-1,2,2,1,49,8,1137,1,12,-1,4,E01003543,0,-1
2020552100156,2020,552100156,1,5,0,18,19,5,1,0,0,7,0,10,0,0,3,1,6,6,1,63,9,1137,1,17,-1,6,E01020516,0,-1
2020010245892,2020,010245892,1,5,0,18,19,3,7,0,0,1,1,0,0,0,1,1,2,2,1,46,8,1137,1,14,-1,-1,-1,0,-1
2020460925625,2020,460925625,2,5,0,15,15,8,4,0,0,1,0,0,0,0,4,1,5,6,1,59,9,745,1,6,-1,9,E01024446,0,-1
2020010270184,2020,010270184,2,4,0,18,19,5,1,0,0,5,0,0,0,0,1,1,6,6,1,27,6,745,1,5,-1,3,E01001147,0,-1
2020320292068,2020,320292068,1,5,0,3,3,3,7,0,0,0,0,0,0,0,0,1,6,6,1,53,8,742,1,18,-1,-1,-1,0,-1
2020010273761,2020,010273761,1,3,0,99,99,9,9,99,99,0,9,99,9,99,9,1,6,6,1,30,6,108,1,8,Honda NSC110WH,7,E01000309,0,-1
2020200988165,2020,200988165,1,3,0,3,3,6,2,0,0,0,0,0,0,0,1,1,1,1,1,36,7,108,1,8,Honda NSC110WH,1,E01009345,0,-1
2020010284000,2020,010284000,1,3,0,13,13,7,3,0,0,8,0,0,0,0,4,1,2,2,2,24,5,108,1,8,Honda NSC110WH,6,E01002555,0,-1
2020010256888,2020,010256888,1,3,0,13,13,3,7,0,0,5,0,4,0,0,1,1,1,1,1,32,6,108,1,8,Honda NSC110WH,6,E01000220,0,-1
2020010273432,2020,010273432,2,4,0,18,19,1,5,0,0,0,1,0,0,0,1,1,6,6,1,29,6,108,1,8,-1,2,E01004067,0,-1