collision_index,collision_year,collision_ref_no,vehicle_reference,vehicle_type,towing_and_articulation,vehicle_manoeuvre_historic,vehicle_manoeuvre,vehicle_direction_from,vehicle_direction_to,vehicle_location_restricted_lane_historic,vehicle_location_restricted_lane,junction_location,skidding_and_overturning,hit_object_in_carriageway,vehicle_leaving_carriageway,hit_object_off_carriageway,first_point_of_impact,vehicle_left_hand_drive,journey_purpose_of_driver_historic,journey_purpose_of_driver,sex_of_driver,age_of_driver,age_band_of_driver,engine_capacity_cc,propulsion_code,age_of_vehicle,generic_make_model,driver_imd_decile,lsoa_of_driver,escooter_flag,driver_distance_banding
2020010229326,2020,010229326,1,3,0,99,99,9,9,99,99,1,9,99,9,99,2,1,2,2,1,25,5,108,1,6,Honda NSC110WH,7,E01003643,0,-1
2020010260841,2020,010260841,1,3,0,99,99,9,9,99,99,9,9,99,9,99,1,1,2,2,1,46,8,108,1,7,Honda NSC110WH,4,E01003447,0,-1
2020010240360,2020,010240360,2,3,0,99,99,9,9,99,99,9,9,99,9,99,9,1,6,6,3,-1,-1,108,1,8,Honda NSC110WH,2,E01003980,0,-1
2020010281586,2020,010281586,1,3,0,99,99,9,9,99,99,9,9,99,9,99,1,1,6,6,1,19,4,108,1,8,Honda NSC110WH,4,E01002762,0,-1
2020010274226,2020,010274226,2,3,0,18,19,7,3,0,0,1,0,0,0,0,1,1,6,6,1,27,6,108,1,8,Honda NSC110WH,2,E01002881,0,-1
2020010239754,2020,010239754,1,3,0,99,99,9,9,99,99,9,9,99,9,99,4,1,6,6,1,35,6,108,1,8,Honda NSC110WH,6,E01000624,0,-1
2020010251637,2020,010251637,1,3,0,3,3,2,6,0,0,1,0,0,0,0,0,1,6,6,1,31,6,108,1,8,Honda NSC110WH,4,E01002802,0,-1
2020010240996,2020,010240996,1,3,0,99,99,9,9,99,99,0,9,99,9,99,1,1,6,6,2,19,4,108,1,9,Honda NSC110WH,6,E01000203,0,-1
2020010245562,2020,010245562,1,2,0,18,19,3,7,0,0,1,0,0,0,0,4,1,2,2,1,22,5,108,1,7,-1,1,E01004309,0,-1
2020010287062,2020,010287062,1,3,0,7,7,3,6,0,0,1,1,0,0,0,0,1,6,6,1,36,7,108,1,8,Honda NSC110WH,4,E01000307,0,-1
2020010228462,2020,010228462,2,3,0,17,19,4,1,0,0,1,0,0,1,0,3,1,6,6,1,25,5,108,1,7,Honda NSC110WH,2,E01000141,0,-1
2020010257083,2020,010257083,1,3,0,99,99,9,9,99,99,9,9,99,9,99,9,1,6,6,1,36,7,108,1,7,Honda NSC110WH,9,E01004595,0,-1
2020010245010,2020,010245010,2,3,0,18,19,1,5,0,0,1,0,0,0,0,1,1,2,2,1,17,4,108,1,7,Honda NSC110WH,2,E01000789,0,-1
2020010261654,2020,010261654,1,3,0,5,5,5,1,0,0,0,0,0,0,0,3,1,1,1,1,31,6,108,1,7,Honda NSC110WH,-1,-1,0,-1
2020010285632,2020,010285632,2,3,0,18,19,3,7,0,0,2,0,0,0,0,2,1,6,6,1,33,6,108,1,8,Honda NSC110WH,4,E01004565,0,-1
2020010237090,2020,010237090,1,3,9,99,99,9,9,99,99,9,9,99,9,99,1,-1,6,6,1,29,6,108,1,8,Honda NSC110WH,3,E01004600,0,-1
2020450992758,2020,450992758,1,3,0,4,4,3,7,0,0,8,0,0,0,0,1,1,5,6,1,40,7,108,1,7,Honda NSC110WH,4,E01002607,0,-1
2020010238316,2020,010238316,1,3,0,18,19,8,4,4,4,1,0,0,0,0,1,1,4,7,1,18,4,108,1,7,Honda NSC110WH,6,E01000318,0,-1
2020010254058,2020,010254058,1,2,0,18,19,5,1,0,0,1,0,0,0,0,1,1,1,1,1,25,5,108,1,7,-1,1,E01004206,0,-1
2020010242705,2020,010242705,1,3,0,99,99,9,9,99,99,1,9,99,9,99,1,1,6,6,1,19,4,108,1,8,Honda NSC110WH,1,E01003070,0,-1
2020010258414,2020,010258414,1,3,0,99,99,9,9,99,99,1,9,99,9,99,9,1,6,6,1,27,6,108,1,7,Honda NSC110WH,2,E01001143,0,-1
2020010263377,2020,010263377,1,3,0,14,14,5,1,0,0,0,9,0,0,0,9,1,2,2,1,28,6,108,1,8,Honda NSC110WH,1,E01033598,0,-1
2020010256501,2020,010256501,1,3,0,18,19,1,5,0,0,8,0,0,0,0,1,1,6,6,1,32,6,108,1,8,Honda NSC110WH,5,E01000302,0,-1
2020010251613,2020,010251613,2,3,0,18,19,1,5,0,0,1,0,0,0,0,1,1,2,2,1,29,6,108,1,8,Honda NSC110WH,-1,-1,0,-1
2020010238861,2020,010238861,3,3,0,2,2,0,0,0,0,0,0,0,0,0,0,1,6,6,3,-1,-1,108,1,8,Honda NSC110WH,-1,-1,0,-1
2020010259868,2020,010259868,2,3,0,15,15,1,5,0,0,0,1,4,0,0,1,1,1,1,2,21,5,108,1,9,Honda NSC110WH,5,E01004137,0,-1
2020010277913,2020,010277913,2,3,0,18,19,7,3,0,0,8,0,0,0,0,3,1,1,1,1,28,6,108,1,7,Honda NSC110WH,8,E01004158,0,-1
2020010231157,2020,010231157,1,3,0,18,19,2,6,0,0,0,0,0,0,0,1,1,6,6,1,22,5,108,1,7,Honda NSC110WH,2,E01003137,0,-1
2020010287097,2020,010287097,1,3,0,9,9,4,3,0,0,2,1,0,0,0,0,1,6,6,1,38,7,108,1,7,Honda NSC110WH,4,E01003249,0,-1
2020010275968,2020,010275968,1,2,0,9,9,2,7,0,0,1,0,0,0,0,1,1,6,6,2,37,7,108,1,7,-1,3,E01000800,0,-1
2020010279340,2020,010279340,2,3,0,14,14,7,3,0,0,1,5,0,0,0,1,1,6,6,1,22,5,108,1,7,Honda NSC110WH,1,E01004309,0,-1
2020522101158,2020,522101158,2,3,0,18,19,6,1,0,0,8,0,0,0,0,1,1,6,6,2,25,5,108,1,8,Honda NSC110WH,1,E01032518,0,-1
2020010228691,2020,010228691,1,3,0,18,19,4,8,0,0,1,2,4,0,0,2,-1,1,1,1,30,6,108,1,8,Honda NSC110WH,10,E01003362,0,-1
2020010255753,2020,010255753,2,3,0,18,19,5,1,0,0,2,2,0,0,0,1,1,1,1,1,26,6,108,1,8,Honda NSC110WH,7,E01000197,0,-1
2020010237090,2020,010237090,2,3,9,99,99,9,9,99,99,9,9,99,9,99,1,-1,6,6,3,-1,-1,108,1,8,Honda NSC110WH,-1,-1,0,-1
2020010274915,2020,010274915,1,4,0,17,19,1,5,0,0,0,0,4,0,0,1,1,2,2,1,43,7,108,1,7,-1,2,E01004295,0,-1
2020010270614,2020,010270614,1,3,0,18,19,3,7,0,0,2,1,0,0,0,0,1,6,6,1,24,5,108,1,7,Honda NSC110WH,8,E01003009,0,-1
2020010243154,2020,010243154,1,3,0,99,99,9,9,99,99,9,9,99,9,99,2,1,6,6,1,32,6,108,1,8,Honda NSC110WH,3,E01000127,0,-1
2020010283871,2020,010283871,1,3,0,15,15,7,3,2,2,1,0,0,0,0,1,1,1,1,1,20,4,108,1,8,Honda NSC110WH,2,E01004223,0,-1
2020010257124,2020,010257124,1,3,0,18,19,7,3,2,2,0,5,0,0,0,3,1,6,6,1,30,6,108,1,8,Honda NSC110WH,-1,-1,0,-1
2020010273344,2020,010273344,1,3,0,18,19,5,1,0,0,0,0,0,0,0,1,1,1,1,1,21,5,108,1,7,Honda NSC110WH,2,E01001152,0,-1
2020010281445,2020,010281445,1,3,0,99,99,9,9,99,99,0,9,99,9,99,1,1,2,2,1,42,7,108,1,8,Honda NSC110WH,4,E01003148,0,-1
2020010259083,2020,010259083,2,3,9,99,99,9,9,99,99,9,9,99,9,99,9,1,6,6,1,-1,-1,108,1,8,Honda NSC110WH,5,E01023584,0,-1
2020010246460,2020,010246460,2,3,0,99,99,9,9,99,99,9,9,99,9,99,9,-1,6,6,3,-1,-1,108,1,9,Honda NSC110WH,-1,-1,0,-1
2020010232550,2020,010232550,2,3,0,18,19,7,3,0,0,1,0,0,0,0,1,-1,2,2,2,27,6,108,1,7,Honda NSC110WH,7,E01003408,0,-1
2020010230863,2020,010230863,2,3,0,18,19,3,7,0,0,1,0,0,0,0,0,1,6,6,1,31,6,108,1,7,Honda NSC110WH,2,E01004302,0,-1
2020010262902,2020,010262902,2,2,0,13,13,3,7,0,0,8,1,0,0,0,1,1,1,1,1,30,6,108,1,7,-1,3,E01004540,0,-1
2020010232858,2020,010232858,1,3,0,18,19,7,3,9,9,8,0,4,7,1,1,1,6,6,1,16,4,108,1,8,Honda NSC110WH,1,E01003318,0,-1
2020010279279,2020,010279279,2,3,0,18,19,1,5,0,0,0,0,0,0,0,1,1,6,6,1,26,6,108,1,8,Honda NSC110WH,3,E01001192,0,-1
2020010284929,2020,010284929,2,3,0,18,19,8,4,0,0,1,0,0,0,0,1,1,6,6,2,33,6,108,1,8,Honda NSC110WH,8,E01001390,0,-1
2020010273276,2020,010273276,1,3,0,6,6,1,1,0,0,8,0,0,0,0,2,1,6,6,1,50,8,108,1,8,Honda NSC110WH,3,E01003143,0,-1
2020010262473,2020,010262473,1,3,0,99,99,9,9,99,99,9,9,99,9,99,9,1,6,6,1,32,6,108,1,8,Honda NSC110WH,9,E01030612,0,-1
2020010259779,2020,010259779,1,3,0,99,99,9,9,99,99,9,9,99,9,99,1,1,6,6,1,37,7,108,1,9,Honda NSC110WH,6,E01001563,0,-1
2020010282529,2020,010282529,2,3,0,5,5,1,5,0,0,1,2,0,0,0,1,1,6,6,1,38,7,108,1,7,Honda NSC110WH,-1,-1,0,-1
2020010255292,2020,010255292,1,3,0,99,99,9,9,99,99,9,9,99,9,99,9,1,6,6,1,26,6,108,1,8,Honda NSC110WH,5,E01000632,0,-1
2020010243188,2020,010243188,1,3,0,15,15,3,7,0,0,8,0,0,0,0,3,1,1,1,2,26,6,108,1,7,Honda NSC110WH,-1,-1,0,-1
2020010240647,2020,010240647,1,2,0,12,12,5,1,0,0,1,0,0,0,0,1,-1,6,6,1,19,4,108,1,7,-1,7,E01000572,0,-1
2020010233576,2020,010233576,1,3,0,99,99,9,9,99,99,9,9,99,9,99,9,1,6,6,1,28,6,108,1,7,Honda NSC110WH,6,E01004726,0,-1
2020010260433,2020,010260433,1,3,0,3,3,1,5,99,99,9,9,99,9,99,1,1,6,6,1,34,6,108,1,7,Honda NSC110WH,4,E01000976,0,-1
2020010282718,2020,010282718,1,3,0,99,99,9,9,99,99,9,9,99,9,99,1,1,6,6,1,39,7,108,1,7,Honda NSC110WH,1,E01004257,0,-1
2020010263189,2020,010263189,1,3,0,99,99,9,9,99,99,9,9,99,9,99,1,1,6,6,1,33,6,108,1,8,Honda NSC110WH,3,E01000127,0,-1
2020990976182,2020,990976182,1,3,0,18,19,3,7,0,0,0,2,0,0,0,0,1,6,6,1,32,6,108,1,6,Honda NSC110WH,-1,-1,0,-1
2020010246230,2020,010246230,1,3,0,99,99,9,9,99,99,9,9,99,9,99,1,-1,6,6,1,24,5,108,1,8,Honda NSC110WH,2,E01000998,0,-1
202063C058920,2020,63C058920,1,3,0,18,19,2,6,0,0,0,1,0,0,0,0,1,6,6,2,42,7,108,1,8,Honda NSC110WH,6,W01000614,0,-1
2020010253093,2020,010253093,1,3,0,9,9,3,1,0,0,8,0,0,0,0,1,1,6,6,1,18,4,108,1,6,Honda NSC110WH,2,E01033599,0,-1
2020010279655,2020,010279655,1,3,0,99,99,9,9,99,99,9,9,99,9,99,9,1,6,6,1,33,6,108,1,9,Honda NSC110WH,7,E01004635,0,-1
2020010231869,2020,010231869,1,4,0,18,19,1,5,0,0,0,1,0,0,0,1,1,6,6,2,23,5,108,1,8,-1,2,E01001826,0,-1
2020010237448,2020,010237448,2,3,0,18,19,7,3,0,0,1,2,0,0,0,2,1,1,1,1,32,6,108,1,8,Honda NSC110WH,2,E01003523,0,-1
2020010258588,2020,010258588,1,3,0,18,19,7,3,0,0,0,1,8,0,0,4,1,6,6,2,26,6,108,1,7,Honda NSC110WH,-1,-1,0,-1
2020010252759,2020,010252759,1,3,0,99,99,9,9,99,99,9,9,99,9,99,9,1,2,2,1,44,7,108,1,7,Honda NSC110WH,1,E01004311,0,-1
2020010228975,2020,010228975,1,3,0,4,4,7,3,0,0,8,1,0,0,0,2,1,1,1,1,32,6,108,1,8,Honda NSC110WH,2,E01003377,0,-1
2020010270586,2020,010270586,1,3,0,99,99,9,9,99,99,9,9,99,9,99,9,1,6,6,1,25,5,108,1,8,Honda NSC110WH,5,E01003262,0,-1
2020320530241,2020,320530241,2,3,0,18,19,8,4,0,0,0,2,0,0,0,4,1,6,6,1,28,6,108,1,8,Honda NSC110WH,4,E01026144,0,-1
2020031012300,2020,031012300,2,3,0,18,19,6,2,0,0,0,0,0,0,0,1,1,2,2,1,44,7,108,1,7,Honda NSC110WH,8,E01019262,0,-1
2020010262206,2020,010262206,2,3,0,18,19,3,7,0,0,1,2,0,0,0,3,1,1,1,1,18,4,108,1,9,Honda NSC110WH,4,E01001183,0,-1
2020470925097,2020,470925097,1,3,0,18,19,4,8,0,0,0,1,0,0,0,0,1,1,1,1,47,8,108,1,7,Honda NSC110WH,3,E01031409,0,-1
2020010251273,2020,010251273,1,3,0,99,99,9,9,0,0,0,0,0,0,0,2,1,6,6,2,26,6,108,1,8,Honda NSC110WH,3,E01003164,0,-1
2020040970468,2020,040970468,2,3,0,18,19,1,5,0,0,1,0,0,0,0,1,1,2,2,1,21,5,108,1,8,Honda NSC110WH,3,E01012669,0,-1
2020010271579,2020,010271579,1,3,0,99,99,9,9,99,99,9,9,99,9,99,9,1,6,6,1,28,6,108,1,8,Honda NSC110WH,4,E01002236,0,-1
202063D054420,2020,63D054420,1,2,0,18,19,6,2,0,0,0,1,0,0,0,0,1,1,1,2,33,6,108,1,7,-1,3,W01000479,0,-1
2020010234300,2020,010234300,1,3,0,99,99,9,9,99,99,9,9,99,9,99,2,1,6,6,1,38,7,108,1,8,Honda NSC110WH,1,E01000643,0,-1
2020010257606,2020,010257606,1,3,0,4,4,5,1,0,0,1,1,0,0,0,1,1,6,6,1,49,8,108,1,7,Honda NSC110WH,1,E01000153,0,-1
2020010258133,2020,010258133,1,3,0,18,19,3,7,0,0,5,5,0,0,0,3,1,6,6,1,37,7,108,1,7,Honda NSC110WH,2,E01004242,0,-1
2020010236329,2020,010236329,1,3,0,18,19,5,1,0,0,3,0,0,0,0,1,1,6,6,1,19,4,108,1,8,Honda NSC110WH,9,E01004079,0,-1
2020010254481,2020,010254481,2,2,0,18,19,5,1,0,0,1,0,0,0,0,3,1,6,6,2,21,5,108,1,7,-1,8,E01003455,0,-1
2020010263704,2020,010263704,1,3,0,99,99,9,9,99,99,9,9,99,9,99,9,1,6,6,1,36,7,108,1,7,Honda NSC110WH,6,E01003393,0,-1
2020450954076,2020,450954076,1,3,0,16,19,4,8,0,0,0,1,0,0,0,1,1,5,6,1,31,6,108,1,7,Honda NSC110WH,1,E01018930,0,-1
2020010249157,2020,010249157,1,3,0,99,99,9,9,99,99,9,9,99,9,99,1,1,2,2,1,24,5,108,1,8,Honda NSC110WH,3,E01004645,0,-1
2020010241196,2020,010241196,1,3,0,17,19,3,7,0,0,3,0,0,0,0,3,-1,6,6,1,35,6,108,1,8,Honda NSC110WH,7,E01004499,0,-1
2020411010783,2020,411010783,1,9,0,5,5,3,1,0,0,2,0,0,0,0,1,1,6,6,1,58,9,2143,2,3,-1,8,E01023415,0,-1
202006J175253,2020,06J175253,1,9,0,18,19,1,5,0,0,0,0,0,0,0,1,1,2,2,1,59,9,1997,1,18,MITSUBISHI Model Missing,2,E01006030,0,-1
2020500959982,2020,500959982,1,9,0,18,19,1,5,0,0,0,2,0,0,0,1,1,5,6,1,32,6,2477,2,13,MITSUBISHI Model Missing,5,E01019902,0,-1
2020450969061,2020,450969061,2,9,0,18,19,3,7,0,0,1,0,0,0,0,1,1,5,6,1,68,10,2830,2,26,MITSUBISHI Model Missing,8,E01030528,0,-1
2020010241349,2020,010241349,1,9,0,17,19,7,3,0,0,0,1,4,7,0,1,1,6,6,1,20,4,1997,1,19,MITSUBISHI Model Missing,-1,-1,0,-1
2020110985008,2020,110985008,1,9,0,18,19,7,3,0,0,0,0,0,0,0,1,1,5,6,1,22,5,3200,2,20,MITSUBISHI Model Missing,3,E01020827,0,-1
2020340D00162,2020,340D00162,1,9,0,18,19,8,4,0,0,0,2,0,8,9,1,1,6,6,1,57,9,2830,2,26,MITSUBISHI Model Missing,9,E01027021,0,-1
2020332000004,2020,332000004,1,9,0,18,19,3,7,0,0,0,0,12,7,4,1,1,6,6,1,70,10,3200,2,19,MITSUBISHI Model Missing,7,E01013787,0,-1
20201376I1798,2020,1376I1798,1,9,0,18,19,1,3,0,0,0,0,0,1,2,1,1,6,6,2,21,5,2830,2,26,MITSUBISHI Model Missing,1,E01010677,0,-1
2020302000620,2020,302000620,2,9,0,18,19,5,4,0,0,1,0,0,0,0,3,1,1,1,1,17,4,2000,1,24,MITSUBISHI Model Missing,8,E01019596,0,-1
2020610029620,2020,610029620,1,9,0,18,19,0,0,0,0,1,0,0,0,0,1,1,6,6,1,60,9,2830,2,26,MITSUBISHI Model Missing,6,W01001556,0,-1
2020100934317,2020,100934317,1,9,0,3,3,3,7,0,0,0,0,0,0,0,1,2,5,6,1,65,9,2477,2,14,MITSUBISHI Model Missing,-1,-1,0,-1
2020221003909,2020,221003909,1,9,0,4,4,2,6,0,0,0,0,0,0,0,2,1,1,1,1,41,7,2477,2,16,MITSUBISHI Model Missing,-1,-1,0,-1
2020430271580,2020,430271580,2,9,0,2,2,0,0,0,0,0,0,0,0,0,3,1,6,6,3,-1,-1,1830,1,21,MITSUBISHI Model Missing,-1,-1,0,-1
2020200988477,2020,200988477,1,9,0,4,4,3,7,0,0,1,0,0,0,0,1,1,6,6,1,66,10,3200,2,18,MITSUBISHI Model Missing,2,E01009151,0,-1
2020110917081,2020,110917081,2,9,0,4,4,1,5,0,0,0,0,0,0,0,2,1,1,1,1,58,9,2447,2,15,MITSUBISHI Model Missing,10,E01012223,0,-1
2020500921886,2020,500921886,4,20,0,2,2,0,0,0,0,0,0,0,0,0,2,1,6,6,3,-1,-1,3908,2,21,-1,-1,-1,0,-1
2020140942619,2020,140942619,1,9,0,18,19,2,6,0,0,0,1,0,4,0,1,1,5,6,1,28,6,2000,1,24,MITSUBISHI Model Missing,2,E01008125,0,-1
2020010259008,2020,010259008,1,19,9,99,99,9,9,99,99,0,9,99,9,99,9,1,6,6,1,-1,-1,2977,2,13,-1,-1,-1,0,-1
2020470962998,2020,470962998,2,9,0,3,3,2,6,0,0,0,0,0,0,0,2,1,6,6,1,-1,-1,3200,2,15,MITSUBISHI Model Missing,8,E01021082,0,-1
2020545213420,2020,545213420,2,9,0,3,3,5,1,0,0,8,0,0,0,0,1,1,6,6,2,67,10,2000,1,24,MITSUBISHI Model Missing,7,E01032116,0,-1
2020610009520,2020,610009520,2,9,0,18,19,5,1,0,0,8,0,0,0,0,1,1,6,6,1,35,6,2800,2,27,MITSUBISHI Model Missing,2,W01001402,0,-1
2020010252725,2020,010252725,2,9,0,99,99,9,9,99,99,9,9,99,9,99,3,9,6,6,1,50,8,2800,2,24,MITSUBISHI Model Missing,2,E01000008,0,-1
202063DF01220,2020,63DF01220,1,9,0,18,19,8,4,0,0,0,0,0,0,0,1,1,2,2,1,40,7,2830,2,26,MITSUBISHI Model Missing,4,E01014009,0,-1
2020101008147,2020,101008147,2,11,0,18,19,7,3,0,0,0,0,0,0,0,0,1,1,1,1,40,7,6700,2,10,OPTARE VERSA,-1,-1,0,-1
2020100939438,2020,100939438,1,11,0,18,19,3,7,0,0,3,0,0,0,0,1,1,1,1,1,54,8,6700,2,9,OPTARE VERSA,6,E01008177,0,-1
2020100933042,2020,100933042,1,11,0,18,19,5,1,0,0,0,0,0,0,0,1,1,1,1,1,49,8,6700,2,7,OPTARE VERSA,6,E01008181,0,-1
2020040987558,2020,040987558,2,11,0,18,19,1,5,2,2,0,0,0,0,0,1,1,1,1,1,54,8,6700,2,4,OPTARE VERSA,1,E01033231,0,-1
2020122000180,2020,122000180,1,11,0,5,5,1,2,0,0,2,0,0,0,0,0,1,1,1,1,55,8,-1,3,6,OPTARE VERSA,7,E01013345,0,-1
2020040952624,2020,040952624,2,11,0,2,2,7,3,2,2,0,0,0,0,0,2,1,1,1,1,44,7,6700,2,4,OPTARE VERSA,2,E01012591,0,-1
202006N276778,2020,06N276778,1,10,0,7,7,7,1,0,0,8,0,0,0,0,3,1,6,6,3,-1,-1,-1,-1,-1,-1,-1,-1,0,-1
2020122000875,2020,122000875,1,11,0,9,9,5,3,0,0,2,0,0,0,0,1,1,1,1,1,57,9,-1,3,5,OPTARE VERSA,10,E01013339,0,-1
2020040924870,2020,040924870,1,11,0,2,2,0,0,2,2,1,0,0,0,0,0,1,5,6,1,54,8,6690,2,3,OPTARE VERSA,1,E01024898,0,-1
2020302000542,2020,302000542,1,11,0,18,19,1,5,0,0,0,0,0,0,0,1,1,1,1,1,58,9,6690,2,4,OPTARE VERSA,6,E01019882,0,-1
2020040970948,2020,040970948,2,11,0,4,4,6,2,0,0,0,0,0,0,0,1,1,1,1,1,61,9,6690,2,3,OPTARE VERSA,1,E01025215,0,-1
2020450930617,2020,450930617,3,11,0,5,5,1,5,0,0,0,0,0,0,0,0,1,1,1,1,50,8,6690,2,3,OPTARE VERSA,10,E01030504,0,-1
2020041012620,2020,041012620,1,11,0,18,19,5,5,0,0,0,0,0,0,0,1,1,1,1,2,52,8,6690,2,3,OPTARE VERSA,1,E01024898,0,-1
2020100943193,2020,100943193,2,11,0,11,11,1,5,0,0,0,0,0,0,0,1,1,1,1,1,30,6,6700,2,7,OPTARE VERSA,-1,-1,0,-1
2020010256981,2020,010256981,2,19,0,99,99,9,9,99,99,9,9,99,9,99,4,9,6,6,1,55,8,1468,1,14,-1,10,E01004154,0,-1
2020460990020,2020,460990020,2,19,0,4,4,5,1,0,0,0,0,0,0,0,3,1,6,6,1,45,7,1468,1,16,-1,8,E01024723,0,-1
2020500921863,2020,500921863,1,2,0,18,19,1,5,0,0,2,0,0,0,0,1,1,6,6,1,16,4,49,1,8,MAKE AND MODEL REDACTED,7,E01019899,0,-1
2020500962698,2020,500962698,1,2,0,17,19,3,8,0,0,2,0,0,0,0,3,1,5,6,1,17,4,49,1,6,MAKE AND MODEL REDACTED,3,E01019070,0,-1
2020201019482,2020,201019482,2,2,0,18,19,1,5,0,0,8,0,0,0,0,1,1,6,6,1,16,4,49,1,7,MAKE AND MODEL REDACTED,2,E01010531,0,-1
2020430265063,2020,430265063,2,2,0,18,19,8,4,0,0,8,0,0,0,0,4,1,2,2,1,25,5,49,1,9,MAKE AND MODEL REDACTED,-1,-1,0,-1
2020160985116,2020,160985116,2,2,0,18,19,7,3,0,0,2,0,0,0,0,1,1,2,2,1,17,4,49,1,6,MAKE AND MODEL REDACTED,7,E01013096,0,-1
2020440251937,2020,440251937,1,2,0,7,7,7,1,0,0,8,0,0,0,0,0,1,6,6,2,16,4,49,1,8,MAKE AND MODEL REDACTED,7,E01031534,0,-1
2020461008238,2020,461008238,2,2,0,18,19,3,7,0,0,1,0,0,0,0,1,1,6,6,1,21,5,49,1,7,MAKE AND MODEL REDACTED,2,E01024741,0,-1
2020122000624,2020,122000624,2,2,0,18,19,3,5,0,0,0,0,0,0,0,1,1,6,6,2,16,4,49,1,21,-1,9,E01027856,0,-1
2020371014142,2020,371014142,1,2,0,18,19,3,7,0,0,0,1,0,0,0,1,1,5,6,1,26,6,49,1,19,-1,3,E01030139,0,-1
2020010241436,2020,010241436,2,9,0,99,99,9,9,99,99,9,9,99,9,99,1,9,6,6,1,-1,-1,1798,8,5,TOYOTA PRIUS+,4,E01001995,0,-1
2020201020777,2020,201020777,2,9,0,18,19,2,6,0,0,8,0,0,0,0,3,1,2,2,1,46,8,1797,8,1,TOYOTA PRIUS+,3,E01010396,0,-1
2020010242230,2020,010242230,2,9,0,4,4,1,5,0,0,1,0,0,0,0,1,1,6,6,1,20,4,1798,8,7,TOYOTA PRIUS+,4,E01000313,0,-1
2020010265340,2020,010265340,3,9,0,10,10,3,1,0,0,1,0,0,0,0,0,1,1,1,1,48,8,1798,8,6,TOYOTA PRIUS+,3,E01002553,0,-1
2020010270441,2020,010270441,1,9,0,3,3,1,5,0,0,1,0,0,0,0,2,1,1,1,1,58,9,1798,8,7,TOYOTA PRIUS+,3,E01001763,0,-1
2020010246083,2020,010246083,1,9,0,18,19,1,5,0,0,8,0,0,0,0,1,1,6,6,1,48,8,1797,8,8,TOYOTA PRIUS+,3,E01004645,0,-1
2020010233691,2020,010233691,1,9,9,99,99,9,9,99,99,9,9,99,9,99,9,9,6,6,1,-1,-1,1798,8,5,TOYOTA PRIUS+,6,E01004146,0,-1
2020450974774,2020,450974774,1,9,0,9,9,7,3,0,0,1,0,0,0,0,0,1,5,6,1,39,7,1798,8,6,TOYOTA PRIUS+,8,E01004602,0,-1
2020010239307,2020,010239307,2,9,0,2,2,0,0,0,0,0,0,0,0,0,3,1,6,6,3,-1,-1,1797,8,2,TOYOTA PRIUS+,-1,-1,0,-1
2020010270517,2020,010270517,1,9,0,99,99,9,9,99,99,9,9,99,9,99,9,9,6,6,1,46,8,1798,8,7,TOYOTA PRIUS+,2,E01003390,0,-1
2020010281017,2020,010281017,1,9,0,4,4,1,5,0,0,1,0,0,0,0,0,1,2,2,1,52,8,1798,8,5,TOYOTA PRIUS+,4,E01000978,0,-1
2020410954960,2020,410954960,1,9,0,12,12,6,1,0,0,7,0,0,0,0,3,1,5,6,1,49,8,1798,8,7,TOYOTA PRIUS+,6,E01023322,0,-1
2020010243793,2020,010243793,1,9,0,5,5,1,5,0,0,0,0,0,0,0,0,9,1,1,1,60,9,1798,8,6,TOYOTA PRIUS+,6,E01001093,0,-1
2020010285175,2020,010285175,2,8,0,99,99,9,9,99,99,0,9,99,9,99,1,9,6,6,3,-1,-1,1798,8,6,TOYOTA PRIUS+,9,E01004115,0,-1
2020010267365,2020,010267365,2,9,0,18,19,1,5,0,0,8,0,0,0,0,1,2,6,6,1,35,6,1797,8,6,TOYOTA PRIUS+,2,E01001257,0,-1
202006A372852,2020,06A372852,2,9,0,18,19,7,3,0,0,1,0,0,0,0,1,1,6,6,1,62,9,1797,8,0,TOYOTA PRIUS+,1,E01005089,0,-1
2020010235294,2020,010235294,2,8,0,4,4,1,5,0,0,7,0,0,0,0,4,1,1,1,1,43,7,1798,8,7,TOYOTA PRIUS+,3,E01004034,0,-1
2020010265963,2020,010265963,1,9,0,4,4,3,7,0,0,0,0,0,0,0,2,1,6,6,1,35,6,1798,8,4,TOYOTA PRIUS+,10,E01001416,0,-1