collision_index,collision_year,collision_ref_no,vehicle_reference,vehicle_type,towing_and_articulation,vehicle_manoeuvre_historic,vehicle_manoeuvre,vehicle_direction_from,vehicle_direction_to,vehicle_location_restricted_lane_historic,vehicle_location_restricted_lane,junction_location,skidding_and_overturning,hit_object_in_carriageway,vehicle_leaving_carriageway,hit_object_off_carriageway,first_point_of_impact,vehicle_left_hand_drive,journey_purpose_of_driver_historic,journey_purpose_of_driver,sex_of_driver,age_of_driver,age_band_of_driver,engine_capacity_cc,propulsion_code,age_of_vehicle,generic_make_model,driver_imd_decile,lsoa_of_driver,escooter_flag,driver_distance_banding
2020010264785,2020,010264785,1,9,0,9,9,3,1,0,0,5,0,0,0,0,3,1,1,1,1,44,7,1798,8,5,TOYOTA PRIUS+,6,E01004637,0,-1
2020010281683,2020,010281683,2,8,0,18,19,5,1,0,0,8,0,0,0,0,1,1,1,1,1,47,8,1798,8,4,TOYOTA PRIUS+,2,E01001012,0,-1
2020010275837,2020,010275837,1,9,0,18,19,1,5,0,0,1,0,0,0,0,2,1,1,1,1,50,8,1798,8,7,TOYOTA PRIUS+,-1,-1,0,-1
2020450937568,2020,450937568,2,8,0,18,19,3,7,0,0,4,0,0,0,0,1,1,6,6,1,45,7,1798,8,8,TOYOTA PRIUS+,3,E01002623,0,-1
2020010255570,2020,010255570,2,8,0,5,5,5,1,0,0,6,0,0,0,0,4,1,6,6,1,57,9,1797,8,2,TOYOTA PRIUS+,1,E01016049,0,-1
2020200958235,2020,200958235,1,9,0,18,19,6,2,0,0,0,0,0,0,0,3,1,1,1,1,39,7,1798,8,6,TOYOTA PRIUS+,1,E01010286,0,-1
2020420976925,2020,420976925,1,9,0,6,6,3,4,0,0,1,0,0,0,0,1,1,5,6,2,52,8,1797,8,1,TOYOTA PRIUS+,2,E01021286,0,-1
2020140992157,2020,140992157,1,9,0,5,5,1,1,9,9,0,0,0,0,0,1,1,6,6,2,43,7,1797,8,0,TOYOTA PRIUS+,-1,-1,0,-1
2020010265209,2020,010265209,1,8,0,99,99,9,9,99,99,9,9,99,9,99,2,9,6,6,1,50,8,1798,8,7,TOYOTA PRIUS+,2,E01004062,0,-1
2020010232342,2020,010232342,2,8,0,12,12,8,4,0,0,1,1,0,1,0,3,1,1,1,1,58,9,1798,8,5,TOYOTA PRIUS+,5,E01024138,0,-1
2020410952581,2020,410952581,1,9,0,17,19,7,3,0,0,0,0,0,0,0,1,1,1,1,1,34,6,1797,8,1,TOYOTA PRIUS+,4,E01001469,0,-1
2020010263331,2020,010263331,1,9,0,3,3,1,5,0,0,1,0,0,0,0,2,1,6,6,1,40,7,1797,8,0,TOYOTA PRIUS+,2,E01003189,0,-1
2020010230313,2020,010230313,1,8,0,9,9,7,4,0,0,5,0,0,0,0,3,2,1,1,1,38,7,1798,8,5,TOYOTA PRIUS+,9,E01004136,0,-1
2020010258298,2020,010258298,1,9,0,3,3,5,1,0,0,1,0,0,0,0,2,1,6,6,1,34,6,1797,8,7,TOYOTA PRIUS+,1,E01032750,0,-1
2020010283536,2020,010283536,1,8,0,99,99,9,9,99,99,2,9,99,9,99,2,1,6,6,1,45,7,1798,8,7,TOYOTA PRIUS+,5,E01002261,0,-1
2020010252909,2020,010252909,2,9,0,99,99,9,9,99,99,0,9,99,9,99,2,9,6,6,1,-1,-1,1798,8,5,TOYOTA PRIUS+,4,E01004699,0,-1
2020010247792,2020,010247792,1,9,0,99,99,9,9,99,99,0,9,99,9,99,2,9,6,6,1,45,7,1798,8,5,TOYOTA PRIUS+,3,E01003177,0,-1
2020010256451,2020,010256451,1,9,0,99,99,9,9,99,99,9,9,99,9,99,2,9,6,6,1,49,8,1798,8,8,TOYOTA PRIUS+,3,E01004202,0,-1
2020010284356,2020,010284356,2,8,0,99,99,9,9,99,99,9,9,99,9,99,1,9,6,6,3,-1,-1,1797,8,4,TOYOTA PRIUS+,6,E01000318,0,-1
2020010232126,2020,010232126,2,8,0,5,5,5,1,0,0,1,0,0,0,0,1,1,1,1,1,57,9,1798,8,5,TOYOTA PRIUS+,2,E01016835,0,-1
2020010250985,2020,010250985,2,9,9,2,2,0,0,0,0,1,9,99,0,0,3,9,6,6,3,-1,-1,1798,8,7,TOYOTA PRIUS+,-1,-1,0,-1
2020010283022,2020,010283022,3,9,0,15,15,3,7,0,0,1,0,0,0,0,1,1,6,6,1,59,9,1798,8,4,TOYOTA PRIUS+,1,E01015773,0,-1
2020010238157,2020,010238157,1,8,0,18,19,3,7,0,0,1,0,0,0,0,2,1,6,6,1,43,7,1798,8,6,TOYOTA PRIUS+,6,E01003646,0,-1
2020010241995,2020,010241995,3,9,0,2,2,0,0,0,0,1,0,0,0,0,4,1,6,6,3,-1,-1,1798,8,7,TOYOTA PRIUS+,-1,-1,0,-1
2020010230093,2020,010230093,1,9,0,5,5,5,1,0,0,2,0,0,0,0,1,1,6,6,1,56,9,1797,8,1,TOYOTA PRIUS+,4,E01004417,0,-1
2020420980370,2020,420980370,1,9,0,18,19,5,1,0,0,0,0,0,0,0,1,1,6,6,1,36,7,1797,8,1,TOYOTA PRIUS+,-1,-1,0,-1
2020010269628,2020,010269628,1,9,0,5,5,1,5,0,0,4,0,0,0,0,1,1,1,1,1,51,8,1798,8,5,TOYOTA PRIUS+,3,E01001640,0,-1
2020010241853,2020,010241853,1,8,0,99,99,9,9,99,99,2,9,99,9,99,9,9,6,6,1,51,8,1798,8,7,TOYOTA PRIUS+,5,E01003691,0,-1
2020010246030,2020,010246030,2,9,9,18,19,5,1,0,0,1,9,0,0,0,1,9,6,6,1,-1,-1,1798,8,6,TOYOTA PRIUS+,-1,-1,0,-1
2020010234015,2020,010234015,1,8,0,18,19,2,6,0,0,1,0,0,0,0,1,1,1,1,1,50,8,1798,8,4,TOYOTA PRIUS+,2,E01003712,0,-1
2020010240119,2020,010240119,2,9,0,18,19,1,5,0,0,8,0,0,0,0,2,1,6,6,3,-1,-1,1797,8,1,TOYOTA PRIUS+,-1,-1,0,-1
2020010261629,2020,010261629,2,9,0,99,99,9,9,99,99,9,9,99,9,99,9,9,6,6,1,47,8,1798,8,5,TOYOTA PRIUS+,5,E01000636,0,-1
2020010269869,2020,010269869,5,9,0,18,19,1,5,0,0,0,0,0,0,0,2,1,6,6,2,57,9,1798,8,3,TOYOTA PRIUS+,2,E01003300,0,-1
2020010256827,2020,010256827,2,9,0,99,99,9,9,99,99,0,9,99,9,99,4,9,6,6,3,39,7,1798,8,7,TOYOTA PRIUS+,6,E01004351,0,-1
2020450983040,2020,450983040,1,9,0,2,2,0,0,0,0,0,0,0,0,0,2,1,1,1,1,45,7,1797,8,1,TOYOTA PRIUS+,10,E01030627,0,-1
2020010273166,2020,010273166,2,8,0,18,19,7,3,0,0,8,0,0,0,0,1,1,6,6,1,44,7,1798,8,8,TOYOTA PRIUS+,5,E01002143,0,-1
2020010235748,2020,010235748,1,9,0,99,99,9,9,99,99,8,9,99,9,99,1,9,6,6,3,-1,-1,1797,8,2,TOYOTA PRIUS+,4,E01004401,0,-1
2020010240909,2020,010240909,2,8,0,99,99,9,9,99,99,9,9,99,9,99,1,9,6,6,1,54,8,1798,8,6,TOYOTA PRIUS+,1,E01002855,0,-1
2020010283707,2020,010283707,1,9,0,7,7,8,2,0,0,2,0,0,0,0,1,1,6,6,1,-1,-1,1798,8,5,TOYOTA PRIUS+,-1,-1,0,-1
2020010266031,2020,010266031,1,8,0,99,99,9,9,99,99,9,9,99,9,99,9,9,6,6,1,24,5,1798,8,5,TOYOTA PRIUS+,5,E01004363,0,-1
2020461006610,2020,461006610,1,9,0,9,9,7,8,0,0,0,0,0,0,0,3,1,5,6,1,57,9,1798,8,5,TOYOTA PRIUS+,4,E01003757,0,-1
2020010258283,2020,010258283,1,9,0,5,5,0,1,0,0,0,0,0,0,0,1,1,6,6,1,47,8,1797,8,1,TOYOTA PRIUS+,2,E01001746,0,-1
2020010270189,2020,010270189,2,9,0,99,99,9,9,99,99,9,9,99,9,99,1,9,6,6,3,-1,-1,1798,8,4,TOYOTA PRIUS+,1,E01001554,0,-1
2020420988847,2020,420988847,2,9,0,3,3,7,3,0,0,0,0,0,0,0,2,1,5,6,1,46,8,1797,8,1,TOYOTA PRIUS+,4,E01015952,0,-1
2020010285269,2020,010285269,1,8,0,18,19,3,7,0,0,1,0,0,0,0,4,1,1,1,1,46,8,1798,8,6,TOYOTA PRIUS+,2,E01003390,0,-1
2020010282958,2020,010282958,1,8,0,3,3,5,1,0,0,2,0,0,0,0,4,1,1,1,1,43,7,1798,8,5,TOYOTA PRIUS+,6,E01001184,0,-1
2020010233261,2020,010233261,2,9,0,99,99,9,9,99,99,9,9,99,9,99,1,9,6,6,3,-1,-1,1797,8,1,TOYOTA PRIUS+,-1,-1,0,-1
2020010276911,2020,010276911,1,9,0,18,19,5,1,0,0,0,0,0,0,0,4,1,1,1,1,53,8,1797,8,1,TOYOTA PRIUS+,7,E01002154,0,-1
2020480990414,2020,480990414,1,8,0,18,19,1,5,0,0,0,0,0,0,0,1,1,1,1,1,50,8,1798,8,4,TOYOTA PRIUS+,-1,-1,0,-1
2020010264960,2020,010264960,2,8,0,99,99,9,9,99,99,9,9,99,9,99,9,9,6,6,3,-1,-1,1798,8,6,TOYOTA PRIUS+,5,E01003415,0,-1
202063A031020,2020,63A031020,1,9,0,18,19,2,6,0,0,8,0,0,0,0,3,1,6,6,1,51,8,1797,8,1,TOYOTA PRIUS+,3,W01000654,0,-1
2020990968861,2020,990968861,1,9,0,8,8,7,1,0,0,2,0,0,0,0,3,1,5,6,1,63,9,1797,8,0,TOYOTA PRIUS+,1,-1,0,-1
2020010233456,2020,010233456,1,9,0,9,9,1,7,0,0,1,0,0,0,0,4,1,3,7,2,34,6,1797,8,1,TOYOTA PRIUS+,3,E01003819,0,-1
2020010258022,2020,010258022,2,9,0,99,99,9,9,99,99,9,9,99,9,99,1,9,6,6,1,48,8,1798,8,6,TOYOTA PRIUS+,10,E01002961,0,-1
2020010237671,2020,010237671,2,8,0,13,13,1,5,0,0,0,0,0,0,0,1,1,1,1,1,66,10,1798,8,3,TOYOTA PRIUS+,4,E01001738,0,-1
2020010281113,2020,010281113,1,9,0,99,99,9,9,99,99,9,9,99,9,99,9,1,6,6,1,70,10,1798,8,5,TOYOTA PRIUS+,2,E01001012,0,-1
2020010268107,2020,010268107,2,9,0,18,19,7,3,0,0,6,0,0,0,0,1,1,2,2,1,51,8,1798,8,7,TOYOTA PRIUS+,4,E01004150,0,-1
2020010249175,2020,010249175,2,9,0,9,9,1,6,0,0,1,0,0,0,0,0,1,6,6,1,42,7,1798,8,7,TOYOTA PRIUS+,2,E01004083,0,-1
2020111001052,2020,111001052,2,9,0,17,19,3,7,0,0,0,0,0,0,0,1,1,5,6,1,58,9,1797,8,0,TOYOTA PRIUS+,2,E01020788,0,-1
2020010257789,2020,010257789,2,8,0,99,99,9,9,99,99,9,9,99,9,99,1,9,6,6,3,-1,-1,1798,8,4,TOYOTA PRIUS+,3,E01004430,0,-1
2020010276156,2020,010276156,2,9,0,99,99,9,9,99,99,0,9,99,9,99,1,9,6,6,1,52,8,1797,8,2,TOYOTA PRIUS+,1,E01001786,0,-1
2020010275477,2020,010275477,1,8,0,9,9,4,2,0,0,0,0,0,0,0,1,1,1,1,2,48,8,1797,8,1,TOYOTA PRIUS+,3,E01001759,0,-1
2020010278751,2020,010278751,3,9,0,2,2,0,0,6,6,1,0,4,0,0,2,1,6,6,3,-1,-1,1797,8,6,TOYOTA PRIUS+,-1,-1,0,-1
2020010251331,2020,010251331,2,9,0,2,2,0,0,0,0,1,0,0,0,0,2,1,6,6,3,-1,-1,1798,8,8,TOYOTA PRIUS+,-1,-1,0,-1
2020010238705,2020,010238705,1,9,0,5,5,7,3,0,0,4,0,0,0,0,1,1,1,1,1,57,9,1798,8,7,TOYOTA PRIUS+,6,E01002422,0,-1
2020350915198,2020,350915198,2,8,0,5,5,1,5,5,5,1,0,0,0,0,1,1,1,1,1,35,6,1797,8,2,TOYOTA PRIUS+,8,E01017984,0,-1
2020010278551,2020,010278551,2,8,0,99,99,9,9,99,99,9,9,99,9,99,9,9,6,6,3,50,8,1798,8,6,TOYOTA PRIUS+,1,E01004236,0,-1
2020010253909,2020,010253909,1,9,0,18,19,7,3,0,0,1,1,10,1,4,3,1,1,1,1,45,7,1798,8,4,TOYOTA PRIUS+,-1,-1,0,-1
2020010272272,2020,010272272,2,8,9,99,99,9,9,99,99,9,9,99,9,99,1,9,6,6,3,39,7,1798,8,4,TOYOTA PRIUS+,2,E01002686,0,-1
2020400970336,2020,400970336,1,9,0,18,19,5,1,0,0,0,5,4,0,0,1,1,2,2,1,71,10,1798,8,4,TOYOTA PRIUS+,2,E01015760,0,-1
2020010240361,2020,010240361,2,9,0,4,4,3,7,99,99,1,0,0,0,0,2,9,6,6,3,-1,-1,1798,8,7,TOYOTA PRIUS+,-1,-1,0,-1
2020450935348,2020,450935348,2,9,0,3,3,3,7,0,0,0,0,0,1,9,2,1,1,1,1,32,6,1798,8,7,TOYOTA PRIUS+,3,E01001117,0,-1
2020101000817,2020,101000817,1,8,0,18,19,5,1,0,0,1,0,0,0,0,0,1,1,1,1,62,9,1797,8,1,TOYOTA PRIUS+,1,E01027542,0,-1
2020460964392,2020,460964392,2,9,0,4,4,5,1,0,0,0,0,0,0,0,2,1,5,6,1,49,8,1797,8,2,TOYOTA PRIUS+,5,E01003224,0,-1
2020010271467,2020,010271467,1,9,0,7,7,7,1,0,0,8,0,0,0,0,4,1,6,6,1,53,8,1798,8,5,TOYOTA PRIUS+,2,E01004404,0,-1
2020450961675,2020,450961675,1,9,0,9,9,2,1,0,0,6,0,0,0,0,3,1,1,1,1,45,7,1798,8,7,TOYOTA PRIUS+,4,E01004576,0,-1
2020010263920,2020,010263920,1,8,0,18,19,9,9,0,0,2,0,0,0,0,4,1,1,1,1,-1,-1,1797,8,1,TOYOTA PRIUS+,2,E01004403,0,-1
2020010272183,2020,010272183,1,9,0,5,5,3,7,0,0,6,0,4,3,0,1,1,6,6,1,36,7,1798,8,4,TOYOTA PRIUS+,5,E01001803,0,-1
2020010264029,2020,010264029,1,9,0,18,19,1,5,0,0,0,0,11,0,0,1,2,1,1,1,44,7,1798,8,8,TOYOTA PRIUS+,-1,-1,0,-1
2020010245913,2020,010245913,4,9,0,2,2,0,0,0,0,2,0,0,0,0,2,1,6,6,3,-1,-1,1797,8,1,TOYOTA PRIUS+,-1,-1,0,-1
2020010286866,2020,010286866,2,8,9,99,99,9,9,99,99,2,9,99,9,99,9,9,6,6,3,-1,-1,1798,8,4,TOYOTA PRIUS+,3,E01004259,0,-1
2020010279740,2020,010279740,2,9,0,2,2,0,0,0,0,0,0,0,0,0,2,1,6,6,3,-1,-1,1798,8,4,TOYOTA PRIUS+,-1,-1,0,-1
2020010248519,2020,010248519,2,9,0,3,3,7,3,0,0,1,0,0,0,0,2,1,6,6,1,61,9,1797,8,1,TOYOTA PRIUS+,3,E01001690,0,-1
2020430131115,2020,430131115,2,9,0,9,9,5,3,0,0,6,0,0,0,0,1,1,6,6,1,-1,-1,1797,8,2,TOYOTA PRIUS+,-1,-1,0,-1
2020010246298,2020,010246298,1,9,0,9,9,1,6,0,0,1,0,0,0,0,3,1,1,1,1,57,9,1797,8,2,TOYOTA PRIUS+,4,E01002779,0,-1
2020200999161,2020,200999161,1,9,0,18,19,6,2,0,0,0,0,0,0,0,1,1,3,7,2,35,6,1797,8,0,TOYOTA PRIUS+,3,E01010458,0,-1
2020522005094,2020,522005094,1,9,0,18,19,7,3,0,0,1,0,0,0,0,2,1,6,6,1,57,9,1798,8,3,TOYOTA PRIUS+,1,E01032518,0,-1
2020010283957,2020,010283957,1,9,0,9,9,1,8,0,0,6,0,0,0,0,1,1,6,6,1,59,9,1797,8,2,TOYOTA PRIUS+,1,E01013755,0,-1
2020480953358,2020,480953358,2,8,0,18,19,3,7,0,0,8,0,0,0,0,4,1,1,1,1,42,7,1798,8,5,TOYOTA PRIUS+,2,E01004296,0,-1
2020370965678,2020,370965678,2,9,0,5,5,3,7,0,0,2,0,0,0,0,1,1,5,6,2,30,6,1797,8,0,TOYOTA PRIUS+,2,E01033122,0,-1
2020470993023,2020,470993023,1,8,0,9,9,6,4,0,0,4,0,0,0,0,1,1,1,1,1,49,8,1797,8,1,TOYOTA PRIUS+,4,E01020916,0,-1
2020010283148,2020,010283148,3,9,0,3,3,4,8,0,0,0,0,0,0,0,2,1,6,6,1,52,8,1797,8,1,TOYOTA PRIUS+,7,E01004635,0,-1
2020010271133,2020,010271133,2,9,0,99,99,9,9,99,99,9,9,99,9,99,9,9,6,6,2,-1,-1,1798,8,2,TOYOTA PRIUS+,-1,-1,0,-1
2020010276203,2020,010276203,2,9,0,5,5,3,7,0,0,0,0,0,0,0,0,1,6,6,1,27,6,1797,8,1,TOYOTA PRIUS+,2,E01001824,0,-1
2020010282013,2020,010282013,2,8,0,9,9,5,3,0,0,8,0,4,0,0,1,1,1,1,1,42,7,1797,8,1,TOYOTA PRIUS+,2,E01003566,0,-1
2020010281871,2020,010281871,2,9,0,18,19,1,5,0,0,1,0,10,0,0,3,1,6,6,1,41,7,1797,8,1,TOYOTA PRIUS+,2,E01001172,0,-1
2020010254702,2020,010254702,1,8,0,18,19,1,5,0,0,1,0,0,0,0,1,1,6,6,1,57,9,1797,8,2,TOYOTA PRIUS+,2,E01003968,0,-1
2020010269440,2020,010269440,1,9,0,17,19,4,8,0,0,0,0,0,0,0,1,1,2,2,1,40,7,1797,8,1,TOYOTA PRIUS+,-1,-1,0,-1
2020440021305,2020,440021305,1,9,0,9,9,3,5,0,0,8,0,0,0,0,4,1,1,1,1,35,6,1798,8,6,TOYOTA PRIUS+,3,E01017244,0,-1
2020010238895,2020,010238895,1,8,0,18,19,1,5,0,0,1,0,0,0,0,4,2,1,1,1,51,8,1797,8,8,TOYOTA PRIUS+,7,E01001922,0,-1
2020010272041,2020,010272041,2,9,0,99,99,9,9,99,99,9,9,99,9,99,9,9,6,6,3,24,5,1798,8,7,TOYOTA PRIUS+,8,E01000910,0,-1
2020370959123,2020,370959123,1,9,0,5,5,2,6,0,0,2,0,0,0,0,4,1,5,6,2,46,8,1798,8,3,TOYOTA PRIUS+,8,E01030065,0,-1
2020010251049,2020,010251049,2,8,0,18,19,5,1,0,0,1,0,0,0,0,3,1,1,1,1,60,9,1798,8,4,TOYOTA PRIUS+,-1,-1,0,-1
2020010268857,2020,010268857,1,9,0,6,6,1,1,0,0,2,0,0,0,0,4,1,1,1,1,19,4,1797,8,7,TOYOTA PRIUS+,1,E01000595,0,-1
2020410973786,2020,410973786,1,9,0,-1,-1,-1,-1,-1,-1,0,-1,-1,-1,0,-1,2,6,6,1,50,8,1798,8,6,TOYOTA PRIUS+,2,E01015725,0,-1
2020010257058,2020,010257058,1,9,0,4,4,5,1,0,0,1,0,0,0,0,2,1,6,6,1,56,9,1798,8,4,TOYOTA PRIUS+,7,E01004639,0,-1
2020010233376,2020,010233376,1,9,0,4,4,5,1,0,0,1,0,0,0,0,1,1,1,1,1,56,9,1797,8,2,TOYOTA PRIUS+,-1,-1,0,-1
2020461019409,2020,461019409,3,9,0,2,2,0,0,0,0,2,0,0,0,0,2,1,1,1,1,55,8,1798,8,2,TOYOTA PRIUS+,8,E01024286,0,-1
2020010253042,2020,010253042,1,9,0,99,99,9,9,99,99,0,9,99,9,99,1,9,6,6,1,61,9,1798,8,7,TOYOTA PRIUS+,4,E01004628,0,-1
2020010258487,2020,010258487,1,8,0,1,1,1,5,0,0,0,0,0,0,0,2,1,1,1,1,20,4,1797,8,1,TOYOTA PRIUS+,4,E01000418,0,-1
2020010233607,2020,010233607,1,9,0,9,9,7,5,0,0,8,0,0,0,0,1,1,6,6,1,27,6,1797,8,1,TOYOTA PRIUS+,4,E01003211,0,-1
2020010276973,2020,010276973,1,9,0,9,9,1,6,0,0,6,0,0,0,0,1,1,6,6,1,46,8,1798,8,6,TOYOTA PRIUS+,3,E01032743,0,-1
2020010230458,2020,010230458,2,9,0,99,99,9,9,99,99,9,9,99,9,99,2,9,6,6,3,44,7,1797,8,1,TOYOTA PRIUS+,2,E01000074,0,-1
2020010240747,2020,010240747,1,9,0,18,19,3,7,0,0,0,0,0,0,0,1,1,6,6,1,37,7,1797,8,1,TOYOTA PRIUS+,2,E01000121,0,-1
2020522000220,2020,522000220,1,8,0,5,5,7,5,0,0,2,0,0,0,0,1,1,6,6,3,39,7,1798,8,3,TOYOTA PRIUS+,-1,-1,0,-1
2020010247838,2020,010247838,2,8,0,18,19,7,3,0,0,1,9,0,0,99,1,9,1,1,1,39,7,1798,8,6,TOYOTA PRIUS+,4,E01003482,0,-1
2020010275472,2020,010275472,1,8,0,5,5,1,5,0,0,8,0,0,0,0,3,1,1,1,1,45,7,1798,8,8,TOYOTA PRIUS+,3,E01033492,0,-1
2020010282439,2020,010282439,1,9,0,9,9,7,4,0,0,5,0,0,0,0,1,1,6,6,1,52,8,1797,8,2,TOYOTA PRIUS+,4,E01000313,0,-1
2020010262469,2020,010262469,1,9,0,99,99,9,9,99,99,9,9,99,9,99,1,9,2,2,2,35,6,1798,8,3,TOYOTA PRIUS+,2,E01000030,0,-1
2020010257343,2020,010257343,1,9,0,3,3,6,2,0,0,2,0,0,0,0,1,1,1,1,1,52,8,1798,8,6,TOYOTA PRIUS+,3,E01003563,0,-1
2020010283585,2020,010283585,1,8,0,3,3,1,5,0,0,1,9,0,0,0,2,9,6,6,1,50,8,1797,8,1,TOYOTA PRIUS+,7,E01033093,0,-1
2020010269635,2020,010269635,1,9,0,9,9,5,4,0,0,5,0,0,0,0,1,1,1,1,1,46,8,1798,8,5,TOYOTA PRIUS+,-1,-1,0,-1
2020010269247,2020,010269247,2,9,0,4,4,1,5,0,0,0,0,0,0,0,2,1,1,1,1,53,8,1798,8,4,TOYOTA PRIUS+,3,E01001832,0,-1
2020010276373,2020,010276373,2,9,0,2,2,0,0,0,0,1,0,0,0,0,2,1,6,6,3,-1,-1,1798,8,5,TOYOTA PRIUS+,-1,-1,0,-1
2020010240147,2020,010240147,1,8,9,99,99,9,9,99,99,9,9,99,9,99,9,9,6,6,1,45,7,1798,8,6,TOYOTA PRIUS+,2,E01000154,0,-1
2020010261226,2020,010261226,3,8,0,8,8,7,1,0,0,2,0,0,0,0,3,1,1,1,1,38,7,1798,8,3,TOYOTA PRIUS+,-1,-1,0,-1
2020010235419,2020,010235419,1,8,0,99,99,9,9,99,99,4,9,99,9,99,1,9,6,6,1,38,7,1798,8,6,TOYOTA PRIUS+,3,E01004266,0,-1
2020010276416,2020,010276416,2,9,0,18,19,7,3,0,0,1,0,0,0,0,1,1,6,6,1,51,8,1798,8,5,TOYOTA PRIUS+,2,E01004238,0,-1
2020010239406,2020,010239406,1,9,0,18,19,7,3,0,0,0,0,0,0,0,0,1,6,6,1,45,7,1798,8,7,TOYOTA PRIUS+,5,E01003706,0,-1
2020010247930,2020,010247930,2,9,0,99,99,9,9,99,99,9,9,99,9,99,1,9,6,6,3,-1,-1,1800,8,7,TOYOTA PRIUS+,-1,-1,0,-1
2020010266491,2020,010266491,2,9,0,99,99,9,9,99,99,0,9,99,9,99,9,9,6,6,1,-1,-1,1798,8,4,TOYOTA PRIUS+,-1,-1,0,-1
2020010249845,2020,010249845,1,8,0,99,99,9,9,99,99,9,9,99,9,99,9,9,6,6,1,30,6,1797,8,1,TOYOTA PRIUS+,3,E01001673,0,-1
2020040969774,2020,040969774,1,9,0,18,19,5,1,0,0,1,0,0,0,0,4,1,6,6,3,-1,-1,1797,8,1,TOYOTA PRIUS+,-1,-1,0,-1
2020010275680,2020,010275680,1,8,0,18,19,3,7,0,0,5,0,0,0,0,4,1,1,1,1,58,9,1797,8,7,TOYOTA PRIUS+,1,E01000595,0,-1
2020010261221,2020,010261221,2,9,0,99,99,9,9,99,99,9,9,99,9,99,4,9,6,6,1,41,7,1798,8,4,TOYOTA PRIUS+,2,E01000526,0,-1
2020010285165,2020,010285165,2,9,0,99,99,9,9,99,99,9,9,99,9,99,3,9,6,6,1,47,8,1797,8,1,TOYOTA PRIUS+,4,E01033424,0,-1
2020010256923,2020,010256923,1,9,0,18,19,5,1,0,0,2,0,0,0,0,1,1,6,6,2,62,9,1798,8,8,TOYOTA PRIUS+,5,E01001652,0,-1
2020010251473,2020,010251473,1,8,0,4,4,4,8,0,0,0,0,0,0,0,2,1,1,1,1,52,8,1798,8,4,TOYOTA PRIUS+,4,E01003793,0,-1
2020010264279,2020,010264279,1,9,0,99,99,9,9,99,99,9,0,0,9,0,9,9,6,6,3,-1,-1,1798,8,7,TOYOTA PRIUS+,-1,-1,0,-1
2020010256920,2020,010256920,1,8,0,3,3,3,7,0,0,2,0,0,0,0,1,1,1,1,1,51,8,1797,8,1,TOYOTA PRIUS+,2,E01001012,0,-1
2020010271682,2020,010271682,1,9,0,18,19,5,1,0,0,1,0,0,0,0,1,1,1,1,1,52,8,1798,8,8,TOYOTA PRIUS+,1,E01002037,0,-1
2020010250668,2020,010250668,2,8,0,3,3,5,1,0,0,7,0,0,0,0,0,1,1,1,1,44,7,1797,8,2,TOYOTA PRIUS+,5,E01003547,0,-1
2020400989986,2020,400989986,1,8,0,9,9,-1,-1,0,0,5,0,0,0,0,1,1,6,6,1,49,8,1798,8,4,TOYOTA PRIUS+,4,E01015717,0,-1
2020010252776,2020,010252776,1,9,0,7,7,2,4,0,0,6,0,0,0,0,1,1,1,1,1,59,9,1798,8,2,TOYOTA PRIUS+,2,E01000626,0,-1
2020201019311,2020,201019311,1,9,0,5,5,1,5,0,0,8,0,0,0,0,1,1,1,1,1,-1,-1,1797,8,0,TOYOTA PRIUS+,1,E01010046,0,-1
2020010274006,2020,010274006,1,9,0,7,7,5,7,0,0,8,0,0,0,0,3,1,1,1,1,51,8,1797,8,8,TOYOTA PRIUS+,3,E01033132,0,-1
2020010234107,2020,010234107,3,9,0,4,4,3,7,0,0,0,1,10,1,0,2,1,1,1,1,36,7,1798,8,7,TOYOTA PRIUS+,-1,-1,0,-1
2020010279428,2020,010279428,3,9,0,18,19,7,3,0,0,0,0,0,0,0,2,1,6,6,1,41,7,1797,8,1,TOYOTA PRIUS+,2,E01000604,0,-1
2020010250963,2020,010250963,1,9,0,2,2,0,0,0,0,1,0,0,0,0,2,9,6,6,1,70,10,1798,8,5,TOYOTA PRIUS+,2,E01001012,0,-1
2020010238506,2020,010238506,2,9,0,99,99,9,9,99,99,9,9,99,9,99,1,9,6,6,3,-1,-1,1798,8,7,TOYOTA PRIUS+,-1,-1,0,-1
2020010229883,2020,010229883,1,8,0,99,99,9,9,99,99,9,9,99,9,99,9,9,6,6,1,34,6,1798,8,7,TOYOTA PRIUS+,3,E01000800,0,-1
2020010232436,2020,010232436,2,9,0,99,99,9,9,0,0,0,0,99,0,0,3,9,6,6,3,-1,-1,1798,8,4,TOYOTA PRIUS+,-1,-1,0,-1
2020010270505,2020,010270505,1,9,0,6,6,2,2,9,9,2,0,0,7,0,1,1,6,6,1,55,8,1797,8,1,TOYOTA PRIUS+,2,E01000060,0,-1
2020480932234,2020,480932234,2,9,0,2,2,0,0,0,0,2,0,0,0,0,2,1,1,1,2,30,6,1798,8,2,TOYOTA PRIUS+,-1,-1,0,-1
2020010228797,2020,010228797,2,9,0,6,6,6,6,0,0,1,0,0,0,0,3,1,1,1,1,51,8,1797,8,2,TOYOTA PRIUS+,4,E01030709,0,-1
2020010282977,2020,010282977,1,8,0,18,19,5,1,0,0,1,0,0,0,0,4,1,1,1,1,57,9,1798,8,5,TOYOTA PRIUS+,5,E01004515,0,-1
2020440087180,2020,440087180,1,9,0,18,19,5,3,0,0,3,0,0,0,0,4,1,1,1,1,45,7,1798,8,4,TOYOTA PRIUS+,4,E01022523,0,-1
2020010256945,2020,010256945,2,9,0,16,19,5,1,0,0,0,0,0,0,0,3,1,6,6,1,61,9,1798,8,6,TOYOTA PRIUS+,3,E01001717,0,-1
2020010285007,2020,010285007,2,9,0,99,99,9,9,99,99,9,9,99,9,99,1,9,6,6,1,55,8,1798,8,3,TOYOTA PRIUS+,7,E01000317,0,-1