collision_index,collision_year,collision_ref_no,vehicle_reference,vehicle_type,towing_and_articulation,vehicle_manoeuvre_historic,vehicle_manoeuvre,vehicle_direction_from,vehicle_direction_to,vehicle_location_restricted_lane_historic,vehicle_location_restricted_lane,junction_location,skidding_and_overturning,hit_object_in_carriageway,vehicle_leaving_carriageway,hit_object_off_carriageway,first_point_of_impact,vehicle_left_hand_drive,journey_purpose_of_driver_historic,journey_purpose_of_driver,sex_of_driver,age_of_driver,age_band_of_driver,engine_capacity_cc,propulsion_code,age_of_vehicle,generic_make_model,driver_imd_decile,lsoa_of_driver,escooter_flag,driver_distance_banding
2020230954601,2020,230954601,2,9,0,18,19,4,8,0,0,6,0,0,0,0,0,1,1,1,1,35,6,2993,2,1,BMW X5,4,E01032157,0,-1
2020990951596,2020,990951596,1,9,0,7,7,5,2,0,0,3,0,0,0,0,4,1,6,6,2,52,8,2993,2,2,BMW X5,10,-1,0,-1
2020010240022,2020,010240022,2,9,0,99,99,9,9,99,99,0,9,99,9,99,1,9,6,6,3,36,7,1997,8,4,BMW X5,3,E01000092,0,-1
2020470931935,2020,470931935,4,9,0,18,19,5,1,0,0,1,0,0,0,0,0,1,1,1,1,29,6,2993,2,2,BMW X5,6,E01021034,0,-1
2020500921886,2020,500921886,3,9,0,18,19,5,1,0,0,0,0,0,0,0,1,1,1,1,1,-1,-1,2993,2,2,BMW X5,4,E01015029,0,-1
2020010263011,2020,010263011,1,9,0,18,19,3,7,0,0,1,0,0,0,0,3,1,1,1,1,30,6,2993,2,3,BMW X5,6,E01003013,0,-1
2020010247371,2020,010247371,1,9,0,5,5,3,7,0,0,1,0,10,0,0,1,1,1,1,1,39,7,2993,2,1,BMW X5,3,E01002133,0,-1
2020990955705,2020,990955705,1,9,0,4,4,8,4,0,0,1,0,0,0,0,1,1,1,1,1,34,6,2993,2,2,BMW X5,-1,-1,0,-1
2020400989481,2020,400989481,1,9,0,18,19,1,5,0,0,1,0,0,0,0,1,1,6,6,1,-1,-1,2993,2,12,BMW X5,-1,-1,0,-1
2020201008258,2020,201008258,1,9,0,18,19,7,3,0,0,1,0,0,0,0,2,1,6,6,3,-1,-1,2926,2,17,BMW X5,-1,-1,0,-1
2020200955973,2020,200955973,1,9,0,18,19,4,8,0,0,0,0,0,0,0,4,1,6,6,1,32,6,2926,2,18,BMW X5,1,E01009272,0,-1
2020990976959,2020,990976959,1,9,0,4,4,1,5,0,0,0,0,0,0,0,4,1,2,2,2,41,7,2993,2,2,BMW X5,10,-1,0,-1
2020137AC0226,2020,137AC0226,1,9,0,15,15,8,4,0,0,0,0,0,0,0,4,1,6,6,1,45,7,2993,2,0,BMW X5,2,E01011000,0,-1
2020100952882,2020,100952882,3,9,0,4,4,4,2,0,0,3,0,0,0,0,0,1,1,1,1,-1,-1,2993,2,4,BMW X5,-1,-1,0,-1
2020010235946,2020,010235946,1,9,9,9,9,3,1,0,0,2,0,0,0,0,4,9,6,6,1,29,6,2993,2,11,BMW X5,4,E01000155,0,-1
20201377K0803,2020,1377K0803,2,9,0,2,2,0,0,6,6,8,0,0,0,0,4,1,6,6,1,53,8,2993,2,4,BMW X5,4,E01011647,0,-1
2020450930629,2020,450930629,1,9,0,18,19,6,2,0,0,0,0,0,0,0,1,1,6,6,1,19,4,2979,1,18,BMW X5,9,E01030781,0,-1
2020420986826,2020,420986826,2,9,0,9,9,7,5,0,0,1,0,0,0,0,3,1,5,6,1,21,5,2993,2,3,BMW X5,6,E01003754,0,-1
2020460985531,2020,460985531,2,9,0,18,19,6,2,0,0,0,0,0,0,0,1,1,1,1,1,27,6,2993,2,3,BMW X5,7,E01024388,0,-1
2020421011201,2020,421011201,1,9,0,9,9,3,7,0,0,0,0,0,0,0,1,1,6,6,3,-1,-1,2993,2,17,BMW X5,-1,-1,0,-1
2020430233581,2020,430233581,3,9,0,18,19,1,3,0,0,1,0,0,0,0,0,1,1,1,1,32,6,2993,2,2,BMW X5,1,E01016742,0,-1
2020040957024,2020,040957024,1,9,0,12,12,1,5,0,0,0,0,4,0,0,1,1,5,6,1,77,11,2993,2,15,BMW X5,2,E01025581,0,-1
2020440233849,2020,440233849,3,9,0,2,2,0,0,0,0,2,0,0,0,0,2,2,6,6,1,-1,-1,2979,1,18,BMW X5,-1,-1,0,-1
202006N273178,2020,06N273178,1,9,0,18,19,3,7,0,0,8,1,0,0,0,1,1,6,6,3,-1,-1,2979,1,16,BMW X5,-1,-1,0,-1
2020450947518,2020,450947518,4,9,0,18,19,1,5,0,0,1,0,0,0,0,3,1,1,1,1,30,6,2993,2,2,BMW X5,-1,-1,0,-1
2020170H10750,2020,170H10750,3,9,0,18,19,1,5,0,0,1,0,0,0,0,1,1,1,1,1,48,8,2993,2,2,BMW X5,9,E01033480,0,-1
2020332000172,2020,332000172,1,9,0,18,19,5,1,0,0,0,0,0,0,0,1,1,6,6,1,36,7,2993,2,5,BMW X5,8,E01025873,0,-1
202063D082920,2020,63D082920,2,9,0,4,4,1,6,0,0,0,0,0,0,0,1,1,6,6,2,42,7,2926,2,19,BMW X5,2,W01001456,0,-1
2020010254211,2020,010254211,2,9,0,18,19,7,3,0,0,1,0,0,0,0,0,1,1,1,1,29,6,2993,2,1,BMW X5,8,E01016232,0,-1
2020460991849,2020,460991849,2,9,0,17,19,3,7,0,0,0,1,0,0,0,1,1,5,6,2,25,5,2993,2,11,BMW X5,6,E01024806,0,-1
2020302000813,2020,302000813,2,9,0,4,4,2,6,0,0,0,0,0,0,0,2,1,1,1,1,-1,-1,2993,2,2,BMW X5,5,E01019456,0,-1
2020430171683,2020,430171683,1,9,0,9,9,4,2,0,0,4,0,0,0,0,0,1,6,6,2,64,9,2993,2,5,BMW X5,10,E01016602,0,-1
2020010277694,2020,010277694,2,9,0,2,2,0,0,0,0,1,0,0,0,0,2,1,6,6,3,-1,-1,2996,1,13,BMW X5,-1,-1,0,-1
2020451000546,2020,451000546,2,9,0,11,11,2,6,0,0,0,0,0,0,0,2,1,1,1,1,37,7,2993,2,2,BMW X5,9,E01016683,0,-1
2020340K01452,2020,340K01452,2,9,0,18,19,5,1,0,0,0,0,0,0,0,2,1,6,6,2,36,7,2993,2,5,BMW X5,-1,-1,0,-1
2020010250867,2020,010250867,2,9,0,18,19,5,1,0,0,8,0,0,0,0,0,1,1,1,1,31,6,2993,2,3,BMW X5,-1,-1,0,-1
2020451010615,2020,451010615,1,9,0,9,9,5,7,0,0,8,0,0,0,0,4,1,5,6,2,51,8,1997,8,3,BMW X5,9,E01003872,0,-1
2020010244234,2020,010244234,2,9,0,18,19,6,2,0,0,1,0,0,0,0,0,1,1,1,1,36,7,1997,8,3,BMW X5,-1,-1,0,-1
2020201002270,2020,201002270,2,9,0,18,19,4,8,0,0,2,0,0,0,0,0,1,1,1,1,32,6,2993,2,2,BMW X5,-1,-1,0,-1
2020220969433,2020,220969433,2,9,0,18,19,1,5,0,0,0,0,0,0,0,2,1,1,1,1,38,7,2993,2,1,BMW X5,8,E01032400,0,-1
2020137371680,2020,137371680,1,9,0,13,13,2,6,0,0,0,0,0,0,0,1,1,6,6,1,18,4,2993,2,1,BMW X5,6,E01011728,0,-1
2020010228852,2020,010228852,1,9,0,18,19,1,5,0,0,2,0,0,0,0,0,1,1,1,1,30,6,2993,2,3,BMW X5,6,E01032767,0,-1
2020041000923,2020,041000923,1,9,0,18,19,6,2,0,0,0,0,0,1,1,1,1,5,6,1,32,6,2993,2,8,BMW X5,1,E01024893,0,-1
2020010262704,2020,010262704,6,9,0,18,19,7,3,0,0,1,0,0,0,0,0,1,1,1,1,-1,-1,2993,2,1,BMW X5,3,E01032764,0,-1
2020400958726,2020,400958726,2,9,0,2,2,0,0,0,0,0,0,0,0,0,2,1,5,6,1,50,8,2979,1,16,BMW X5,3,E01015730,0,-1
2020040930083,2020,040930083,1,9,0,1,1,8,4,0,0,1,0,0,0,0,0,1,6,6,3,71,10,2993,2,1,BMW X5,8,E01025540,0,-1
2020552001088,2020,552001088,1,9,0,18,19,6,2,0,0,0,0,0,0,0,1,1,6,6,2,53,8,2993,2,5,BMW X5,10,E01020381,0,-1
2020420995206,2020,420995206,3,9,0,18,19,5,1,0,0,0,0,0,0,0,4,1,6,6,1,55,8,2993,2,6,BMW X5,7,E01018002,0,-1
2020320475860,2020,320475860,1,9,0,9,9,5,7,0,0,8,0,0,0,0,1,1,6,6,2,59,9,2993,2,2,BMW X5,6,E01026398,0,-1
2020410926545,2020,410926545,2,9,0,18,19,1,7,0,0,0,0,4,7,7,1,1,6,6,1,31,6,2993,2,1,BMW X5,2,E01023338,0,-1
2020470975806,2020,470975806,1,9,0,18,19,2,6,0,0,8,0,0,0,0,1,1,1,1,1,45,7,2993,2,4,BMW X5,4,E01031575,0,-1
2020070116581,2020,070116581,1,9,0,18,19,6,2,0,0,0,1,1,2,7,1,1,6,6,1,49,8,1995,2,4,BMW X5,4,E01007115,0,-1
2020210962924,2020,210962924,2,9,0,13,13,8,4,0,0,0,0,0,0,0,1,1,1,1,1,-1,-1,2993,2,1,BMW X5,-1,-1,0,-1
2020501015618,2020,501015618,1,9,0,5,5,7,3,0,0,1,0,0,0,0,3,1,5,6,1,37,7,2993,2,9,BMW X5,4,E01019932,0,-1
2020100998924,2020,100998924,1,9,0,5,5,7,3,0,0,8,0,7,0,0,4,1,1,1,1,37,7,2993,2,4,BMW X5,-1,-1,0,-1
2020990983726,2020,990983726,2,9,0,18,19,6,2,0,0,1,0,0,0,0,1,1,5,6,1,38,7,2993,2,12,BMW X5,3,-1,0,-1
2020010253767,2020,010253767,4,9,0,18,19,1,5,0,0,1,0,0,0,0,0,1,1,1,1,43,7,2993,2,3,BMW X5,3,E01004666,0,-1
2020101002565,2020,101002565,2,9,0,18,19,5,1,0,0,8,0,0,0,0,1,1,5,6,1,35,6,2993,2,9,BMW X5,4,E01008597,0,-1
2020010228978,2020,010228978,2,9,0,9,9,1,6,0,0,1,0,0,0,0,4,1,6,6,1,57,9,2979,1,17,BMW X5,2,E01003057,0,-1
2020470952578,2020,470952578,1,9,0,18,19,8,4,0,0,1,0,0,0,0,3,1,3,7,1,42,7,2993,2,1,BMW X5,3,E01020991,0,-1
2020010254249,2020,010254249,1,9,0,3,3,5,1,0,0,1,0,0,0,0,2,1,6,6,2,41,7,2993,2,11,BMW X5,-1,-1,0,-1
2020010244157,2020,010244157,1,9,0,9,9,5,3,0,0,1,0,0,0,0,3,1,6,6,1,26,6,1995,2,6,BMW X5,8,E01002181,0,-1
2020440360396,2020,440360396,1,9,0,9,9,8,4,0,0,6,0,0,0,0,3,1,6,6,1,55,8,2926,2,17,BMW X5,8,E01022780,0,-1
2020010248140,2020,010248140,2,9,0,18,19,5,1,0,0,2,0,0,0,0,0,1,1,1,1,39,7,2993,2,3,BMW X5,-1,-1,0,-1
2020420984681,2020,420984681,2,9,0,18,19,3,7,0,0,1,0,0,0,0,0,1,1,1,1,41,7,2993,2,0,BMW X5,8,E01021544,0,-1
2020450945634,2020,450945634,3,9,0,18,19,8,2,0,0,4,0,0,0,0,1,1,5,6,1,34,6,2993,2,4,BMW X5,10,E01030435,0,-1
2020460946091,2020,460946091,2,9,0,7,7,5,7,0,0,5,0,0,0,0,0,1,5,6,1,32,6,2993,2,2,BMW X5,3,E01024717,0,-1
2020010240243,2020,010240243,1,9,0,3,3,3,7,0,0,1,0,0,0,0,1,2,6,6,1,32,6,2993,2,3,BMW X5,7,E01024737,0,-1
2020052002338,2020,052002338,1,9,0,18,19,3,7,0,0,0,0,0,0,0,1,1,6,6,1,52,8,2993,2,15,BMW X5,5,E01006848,0,-1
202006F171314,2020,06F171314,2,9,0,13,13,3,7,0,0,8,5,0,0,0,4,1,6,6,3,-1,-1,2993,2,1,BMW X5,-1,-1,0,-1
2020470948233,2020,470948233,2,9,0,7,7,7,1,0,0,5,0,0,0,0,1,1,1,1,1,41,7,2993,2,2,BMW X5,6,E01021034,0,-1
2020990929720,2020,990929720,1,9,0,9,9,5,3,0,0,8,0,0,0,0,0,1,1,1,1,31,6,1995,2,2,BMW X5,10,-1,0,-1
2020211005399,2020,211005399,2,9,0,18,19,5,2,0,0,3,0,10,1,2,1,1,3,7,2,51,8,2993,12,0,BMW X5,10,E01029366,0,-1
20201371F0989,2020,1371F0989,3,9,0,18,19,5,1,0,0,1,0,0,0,0,0,1,6,6,1,28,6,2993,2,2,BMW X5,6,E01011885,0,-1
2020010244423,2020,010244423,2,9,0,13,13,5,1,0,0,0,0,0,0,0,1,1,1,1,1,34,6,2993,2,1,BMW X5,6,E01032767,0,-1
2020990966563,2020,990966563,1,9,0,5,5,5,2,0,0,6,0,0,0,0,0,1,6,6,1,65,9,2996,2,10,BMW X5,8,-1,0,-1
202006A174676,2020,06A174676,1,9,0,9,9,7,5,9,9,1,1,0,0,0,1,1,1,1,1,30,6,2993,2,3,BMW X5,-1,-1,0,-1
2020052000152,2020,052000152,2,9,0,3,3,4,6,0,0,1,0,0,0,0,2,1,1,1,1,40,7,3993,2,2,BMW X5,-1,-1,0,-1
202031C083520,2020,31C083520,1,9,0,13,13,8,3,0,0,2,0,0,0,0,4,1,6,6,3,-1,-1,2993,2,5,BMW X5,1,E01013822,0,-1
2020010261689,2020,010261689,2,9,0,9,9,1,7,0,0,8,0,0,0,0,1,1,6,6,1,31,6,2993,2,5,BMW X5,7,E01028639,0,-1
2020010259104,2020,010259104,2,9,0,18,19,7,3,0,0,0,0,0,0,0,1,1,1,1,1,33,6,2993,2,1,BMW X5,7,E01003199,0,-1
2020340E00862,2020,340E00862,2,9,0,4,4,5,1,0,0,8,1,0,1,0,2,1,1,1,1,43,7,2993,2,3,BMW X5,6,E01026239,0,-1
2020010243609,2020,010243609,1,9,0,18,19,3,7,0,0,0,0,0,0,0,4,1,1,1,1,49,8,2993,2,4,BMW X5,4,E01030110,0,-1
2020410968117,2020,410968117,1,9,0,18,19,3,7,0,0,0,0,0,0,0,1,1,5,6,1,63,9,2993,2,14,BMW X5,4,E01021812,0,-1
2020400997546,2020,400997546,1,9,0,18,19,5,8,0,0,8,0,0,0,0,3,1,6,6,2,57,9,2993,2,1,BMW X5,5,E01015746,0,-1
2020430286341,2020,430286341,2,9,0,17,19,7,4,0,0,0,0,0,0,0,3,1,6,6,2,65,9,2993,2,12,BMW X5,9,E01016575,0,-1
2020450937214,2020,450937214,1,9,0,18,19,5,1,0,0,1,0,0,0,0,2,2,5,6,1,54,8,2993,2,1,BMW X5,9,E01030477,0,-1
2020302001705,2020,302001705,1,9,0,18,19,4,8,0,0,1,0,0,0,0,1,1,6,6,2,32,6,2993,2,14,BMW X5,6,E01013505,0,-1
2020500972382,2020,500972382,1,9,0,4,4,4,7,0,0,0,0,0,0,0,2,1,5,6,1,49,8,2993,2,6,BMW X5,10,E01022196,0,-1
2020500938760,2020,500938760,3,9,0,18,19,3,7,0,0,8,0,0,0,0,0,1,1,1,1,-1,-1,2993,2,3,BMW X5,-1,-1,0,-1
20201374S0071,2020,1374S0071,3,9,0,3,3,1,5,0,0,0,0,0,0,0,1,1,1,1,1,30,6,2993,2,4,BMW X5,2,E01011370,0,-1
2020470978348,2020,470978348,2,9,0,3,3,6,1,0,0,0,0,0,7,0,1,1,1,1,1,32,6,2993,2,2,BMW X5,6,E01021034,0,-1
202006G169221,2020,06G169221,1,9,0,18,19,6,2,0,0,1,0,0,0,0,3,1,6,6,1,38,7,2993,2,1,BMW X5,5,E01005944,0,-1
2020470954311,2020,470954311,4,9,0,18,19,3,7,0,0,0,0,0,0,0,0,1,1,1,1,43,7,2993,2,2,BMW X5,6,E01021034,0,-1
2020340K01662,2020,340K01662,2,9,0,18,19,8,4,0,0,4,0,0,0,0,1,1,1,1,1,-1,-1,2993,2,2,BMW X5,8,E01027162,0,-1
2020137760548,2020,137760548,3,9,0,4,4,3,8,0,0,8,0,0,0,0,0,1,6,6,3,-1,-1,2993,2,7,BMW X5,-1,-1,0,-1
2020010284323,2020,010284323,1,9,0,18,19,1,5,0,0,3,1,1,0,0,4,1,1,1,1,40,7,2993,2,3,BMW X5,-1,-1,0,-1
2020101022516,2020,101022516,2,9,0,4,4,3,7,0,0,1,0,0,0,0,2,1,2,2,1,49,8,2993,2,4,BMW X5,4,E01008483,0,-1
2020420928389,2020,420928389,3,9,0,4,4,7,3,0,0,0,0,0,0,0,2,1,5,6,1,34,6,2993,2,5,BMW X5,1,E01008415,0,-1
2020010251049,2020,010251049,1,9,0,18,19,5,1,0,0,1,0,0,0,0,0,1,1,1,1,28,6,2993,2,1,BMW X5,7,E01003199,0,-1
2020440057938,2020,440057938,2,9,0,4,4,2,6,0,0,0,0,0,0,0,2,1,2,2,1,33,6,2993,2,8,BMW X5,8,E01022667,0,-1
2020010228985,2020,010228985,3,9,0,18,19,7,3,0,0,0,0,10,4,11,1,1,1,1,2,35,6,2993,2,3,BMW X5,4,E01000472,0,-1
2020010236724,2020,010236724,1,9,0,18,19,5,1,0,0,8,0,0,0,0,1,1,6,6,1,57,9,4799,1,12,BMW X5,2,E01033148,0,-1
2020200938896,2020,200938896,1,9,0,18,19,7,3,0,0,0,0,0,0,0,0,1,6,6,2,31,6,2993,2,3,BMW X5,7,E01028826,0,-1
2020420984681,2020,420984681,4,9,0,18,19,3,7,0,0,1,0,0,0,0,0,1,1,1,1,37,7,2993,2,0,BMW X5,8,E01021544,0,-1
2020361021120,2020,361021120,2,9,0,2,2,0,0,0,0,2,0,0,0,0,1,1,5,6,1,63,9,2993,2,15,BMW X5,3,E01026631,0,-1
2020340N04702,2020,340N04702,1,9,0,11,11,7,3,0,0,3,1,0,0,0,2,1,1,1,1,27,6,2993,2,2,BMW X5,-1,-1,0,-1
2020010267450,2020,010267450,1,9,0,9,9,5,2,0,0,0,0,0,0,0,3,1,6,6,1,37,7,2993,2,4,BMW X5,1,E01002093,0,-1
2020170S21140,2020,170S21140,1,9,0,18,19,6,2,0,0,0,0,0,0,0,3,1,6,6,1,29,6,2497,2,13,BMW X5,3,E01012278,0,-1
2020141002763,2020,141002763,2,9,0,18,19,3,7,0,0,1,0,0,0,0,1,1,1,1,1,46,8,2993,2,8,BMW X5,1,E01007768,0,-1
2020410951170,2020,410951170,1,9,0,18,19,5,1,0,0,1,0,0,0,0,3,1,1,1,1,37,7,2993,2,3,BMW X5,-1,-1,0,-1
2020010240027,2020,010240027,1,9,0,11,11,1,5,0,0,3,0,0,0,0,4,1,6,6,1,37,7,2993,2,13,BMW X5,2,E01003338,0,-1
2020420974772,2020,420974772,2,9,0,3,3,1,5,0,0,0,0,0,0,0,2,1,5,6,2,33,6,2993,2,10,BMW X5,2,E01000431,0,-1
2020010254592,2020,010254592,1,9,0,10,10,3,1,0,0,8,0,0,0,0,4,1,2,2,1,42,7,2993,2,9,BMW X5,1,E01001781,0,-1
2020010276767,2020,010276767,1,9,0,18,19,1,5,0,0,0,0,0,0,0,1,1,1,1,1,31,6,2993,2,3,BMW X5,6,E01032767,0,-1
2020470994825,2020,470994825,1,9,0,9,9,6,4,0,0,6,0,0,0,0,1,1,6,6,1,-1,-1,2993,2,2,BMW X5,-1,-1,0,-1
2020990992512,2020,990992512,1,9,0,4,4,8,4,0,0,0,1,0,0,0,1,1,4,7,2,28,6,2993,2,12,BMW X5,1,-1,0,-1
2020200945772,2020,200945772,1,9,0,18,19,6,2,0,0,0,0,0,0,0,1,1,1,1,1,49,8,2993,2,1,BMW X5,8,E01031284,0,-1
2020420956058,2020,420956058,3,9,0,18,19,1,1,0,0,2,0,0,0,0,0,1,1,1,1,34,6,2993,2,2,BMW X5,8,E01021544,0,-1
2020340W02962,2020,340W02962,2,9,0,18,19,3,7,0,0,0,0,0,0,0,1,1,6,6,1,40,7,2993,2,7,BMW X5,8,E01016801,0,-1
2020990944224,2020,990944224,3,9,0,7,7,8,2,0,0,1,0,0,0,0,0,1,1,1,1,30,6,1995,2,3,BMW X5,10,-1,0,-1
2020010231266,2020,010231266,1,9,0,18,19,5,1,0,0,1,0,0,0,0,0,1,6,6,1,41,7,2993,2,1,BMW X5,3,E01032764,0,-1
2020010228130,2020,010228130,2,9,0,18,19,8,4,0,0,0,0,0,0,0,0,1,6,6,1,-1,-1,2993,2,2,BMW X5,2,E01004252,0,-1
202006K169114,2020,06K169114,3,9,0,18,19,5,1,0,0,0,0,0,0,0,0,1,1,1,1,38,7,2993,2,4,BMW X5,-1,-1,0,-1
2020010230888,2020,010230888,2,9,0,18,19,3,7,0,0,0,0,0,0,0,2,1,2,2,1,54,8,2993,2,10,BMW X5,10,E01030797,0,-1
2020010263127,2020,010263127,2,9,0,18,19,7,3,0,0,0,0,0,0,0,0,1,1,1,1,-1,-1,2993,2,1,BMW X5,3,E01032764,0,-1
2020100949102,2020,100949102,3,9,0,9,9,2,8,0,0,1,0,0,0,0,0,1,1,1,1,-1,-1,2993,2,4,BMW X5,-1,-1,0,-1
202031C171120,2020,31C171120,2,9,0,4,4,3,7,0,0,3,0,0,0,0,2,1,2,2,2,30,6,2993,2,9,BMW X5,1,E01013472,0,-1
2020010233442,2020,010233442,3,9,0,18,19,7,3,0,0,1,0,0,0,0,2,1,6,6,1,33,6,2993,2,13,BMW X5,5,E01016015,0,-1
2020411007167,2020,411007167,2,9,0,18,19,7,3,0,0,0,0,0,0,0,1,1,6,6,1,43,7,4398,1,18,BMW X5,7,E01033314,0,-1
2020010286098,2020,010286098,1,9,0,18,19,6,2,0,0,1,0,0,0,0,3,1,6,6,2,42,7,2979,1,18,BMW X5,4,E01000799,0,-1
2020010257794,2020,010257794,1,9,0,12,12,7,3,0,0,0,0,0,4,6,3,1,6,6,1,23,5,2993,2,6,BMW X5,3,E01003563,0,-1
2020010276612,2020,010276612,2,9,0,18,19,1,5,0,0,8,0,0,0,0,2,1,6,6,1,55,8,2993,2,8,BMW X5,4,E01001512,0,-1
2020052001803,2020,052001803,2,9,0,18,19,5,1,0,0,4,1,0,1,0,1,1,6,6,1,34,6,2993,2,13,BMW X5,3,E01007038,0,-1
2020230967819,2020,230967819,1,9,0,18,19,6,2,0,0,8,1,0,0,0,4,1,5,6,1,34,6,1995,2,6,BMW X5,2,E01008894,0,-1
2020010235790,2020,010235790,1,9,0,16,19,5,1,0,0,0,1,10,2,2,3,1,6,6,1,32,6,2993,2,7,BMW X5,5,E01000516,0,-1
2020470995285,2020,470995285,1,9,0,17,19,6,3,0,0,0,5,0,1,4,1,1,5,6,2,40,7,2993,2,1,BMW X5,6,E01021187,0,-1
2020010269078,2020,010269078,1,9,0,9,9,5,3,0,0,8,0,0,0,0,1,1,6,6,1,63,9,2979,1,18,BMW X5,5,E01003433,0,-1
2020430392634,2020,430392634,2,9,0,2,2,0,0,0,0,0,0,0,0,0,0,1,6,6,1,34,6,2993,2,5,BMW X5,6,E01023900,0,-1
202006F177652,2020,06F177652,1,9,0,18,19,6,2,0,0,8,0,0,0,0,1,1,6,6,1,29,6,2993,2,16,BMW X5,3,E01005619,0,-1
2020010239773,2020,010239773,1,9,0,18,19,3,7,0,0,0,0,0,0,0,0,1,6,6,1,35,6,2993,2,3,BMW X5,2,E01004252,0,-1
2020010248968,2020,010248968,1,9,0,18,19,7,3,0,0,1,0,0,0,0,0,1,1,1,1,54,8,2993,2,4,BMW X5,-1,-1,0,-1
2020010268891,2020,010268891,2,9,0,99,99,9,9,99,99,9,9,99,9,99,1,9,6,6,3,-1,-1,2996,2,10,BMW X5,4,E01002592,0,-1
2020010232107,2020,010232107,2,9,9,99,99,9,9,99,99,9,9,99,9,99,9,9,1,1,1,23,5,2979,1,15,BMW X5,7,E01003370,0,-1
2020010238929,2020,010238929,1,9,0,5,5,3,7,0,0,1,0,0,0,0,4,2,6,6,1,30,6,2993,2,10,BMW X5,4,E01004234,0,-1
2020430069686,2020,430069686,1,9,0,18,19,6,2,0,0,0,1,0,5,6,3,1,1,1,1,40,7,2993,2,1,BMW X5,10,E01028698,0,-1
202031C055720,2020,31C055720,1,9,0,18,19,5,1,0,0,0,0,7,0,0,1,1,2,2,1,20,4,2993,2,4,BMW X5,4,E01027933,0,-1
2020010285784,2020,010285784,2,9,0,99,99,9,9,99,99,3,9,99,9,99,9,9,6,6,3,-1,-1,2993,2,5,BMW X5,-1,-1,0,-1
2020340E03172,2020,340E03172,1,5,0,18,19,7,3,0,0,0,1,0,1,0,1,1,6,6,1,70,10,992,1,15,-1,6,E01027045,0,-1
2020420966555,2020,420966555,1,21,4,18,19,7,3,0,0,0,2,7,0,0,1,1,1,1,1,57,9,11000,2,18,-1,7,E01016584,0,-1
2020530974929,2020,530974929,1,21,0,18,19,7,3,0,0,1,0,0,0,0,1,1,6,6,1,77,11,6871,2,18,-1,8,E01028796,0,-1
2020140932307,2020,140932307,1,21,0,18,19,2,7,0,0,0,0,0,0,0,1,1,1,1,1,57,9,11000,2,19,-1,9,E01007386,0,-1
2020990982386,2020,990982386,2,21,0,17,19,4,1,0,0,0,0,0,0,0,1,1,2,2,1,42,7,11000,2,22,-1,7,-1,0,-1
2020361003123,2020,361003123,1,2,0,13,13,5,1,0,0,1,0,0,0,0,1,1,4,7,1,17,4,49,1,17,-1,2,E01026829,0,-1
2020230939616,2020,230939616,1,9,0,5,5,6,2,0,0,6,0,0,0,0,1,1,1,1,1,41,7,1248,2,12,-1,10,E01010189,0,-1
2020610039820,2020,610039820,1,19,0,16,19,4,7,0,0,4,0,0,1,2,1,1,2,2,2,53,8,1248,2,5,FIAT FIORINO,3,W01001336,0,-1
2020990994959,2020,990994959,1,19,0,18,19,8,4,0,0,0,0,0,0,0,1,1,2,2,2,30,6,1248,2,3,FIAT FIORINO,4,-1,0,-1
2020500989299,2020,500989299,1,19,0,16,19,1,5,0,0,0,1,0,0,0,3,1,1,1,1,36,7,1248,2,9,FIAT FIORINO,4,E01018874,0,-1
2020030929306,2020,030929306,3,9,0,10,10,7,5,0,0,1,0,0,0,0,2,1,6,6,1,44,7,-1,-1,-1,-1,5,E01019392,0,-1
2020010269336,2020,010269336,1,19,0,99,99,9,9,99,99,0,9,99,9,99,3,9,6,6,1,28,6,1248,2,5,FIAT FIORINO,4,E01000676,0,-1
2020400994304,2020,400994304,2,9,0,1,1,1,5,0,0,0,0,0,0,0,2,1,1,1,1,23,5,-1,-1,-1,-1,8,E01018152,0,-1
2020460965828,2020,460965828,1,19,0,7,7,1,3,9,9,0,1,0,0,0,4,1,1,1,1,26,6,1248,2,10,FIAT FIORINO,5,E01000824,0,-1
2020302000338,2020,302000338,3,19,0,18,19,4,8,0,0,0,0,0,0,0,2,1,6,6,2,54,8,1248,2,6,FIAT FIORINO,6,E01019654,0,-1
2020160941068,2020,160941068,2,98,0,18,19,6,2,0,0,0,0,0,0,0,3,1,6,6,1,-1,-1,1248,2,3,-1,-1,-1,0,-1
2020370947725,2020,370947725,1,9,0,18,19,1,5,0,0,4,0,0,0,0,2,1,1,1,2,-1,-1,-1,-1,-1,-1,6,E01024335,0,-1
2020137BN0248,2020,137BN0248,2,19,0,18,19,2,6,0,0,0,0,0,0,0,2,1,1,1,1,36,7,1248,2,6,FIAT FIORINO,8,E01011714,0,-1
2020010274370,2020,010274370,1,19,0,99,99,9,9,99,99,9,9,99,9,99,1,9,6,6,1,39,7,1360,1,11,FIAT FIORINO,1,E01033605,0,-1
2020990969914,2020,990969914,1,9,0,18,19,1,4,0,0,0,5,0,7,0,1,1,5,6,2,26,6,-1,-1,-1,-1,4,-1,0,-1
2020460955182,2020,460955182,1,19,0,7,7,5,7,0,0,6,1,0,0,0,3,1,5,6,1,42,7,1248,2,12,FIAT FIORINO,2,E01023974,0,-1
2020450941953,2020,450941953,2,19,0,9,9,3,1,0,0,8,0,0,0,0,1,1,6,6,1,52,8,1248,2,8,FIAT FIORINO,6,E01030570,0,-1