collision_index,collision_year,collision_ref_no,vehicle_reference,vehicle_type,towing_and_articulation,vehicle_manoeuvre_historic,vehicle_manoeuvre,vehicle_direction_from,vehicle_direction_to,vehicle_location_restricted_lane_historic,vehicle_location_restricted_lane,junction_location,skidding_and_overturning,hit_object_in_carriageway,vehicle_leaving_carriageway,hit_object_off_carriageway,first_point_of_impact,vehicle_left_hand_drive,journey_purpose_of_driver_historic,journey_purpose_of_driver,sex_of_driver,age_of_driver,age_band_of_driver,engine_capacity_cc,propulsion_code,age_of_vehicle,generic_make_model,driver_imd_decile,lsoa_of_driver,escooter_flag,driver_distance_banding
2020410933675,2020,410933675,1,98,0,9,9,1,7,0,0,5,0,0,0,0,4,1,1,1,1,24,5,1248,2,8,-1,5,E01015790,0,-1
2020470935995,2020,470935995,2,19,0,18,19,2,6,0,0,0,0,0,0,0,1,1,1,1,1,28,6,1248,2,4,FIAT FIORINO,7,E01024802,0,-1
2020450970850,2020,450970850,1,19,0,9,9,1,5,0,0,6,0,0,0,0,4,1,1,1,1,54,8,1248,2,2,FIAT FIORINO,10,E01030953,0,-1
20201375F0694,2020,1375F0694,2,5,0,18,19,1,5,0,0,8,2,0,0,0,4,1,6,6,1,53,8,1284,1,15,-1,2,E01011251,0,-1
2020040986221,2020,040986221,2,5,0,18,19,3,7,0,0,1,0,0,0,0,1,1,5,6,1,59,9,1284,1,14,-1,1,E01025389,0,-1
2020400991394,2020,400991394,2,2,0,5,5,3,7,0,0,3,0,0,0,0,2,1,5,6,1,22,5,250,1,14,-1,2,E01015779,0,-1
2020070706261,2020,070706261,1,9,0,16,19,1,5,0,0,1,1,0,7,0,1,1,6,6,1,33,6,1997,1,14,-1,5,E01018504,0,-1
2020030991760,2020,030991760,1,9,0,18,19,7,3,0,0,0,0,0,0,0,1,1,6,6,1,25,5,1997,1,18,-1,5,E01019128,0,-1
2020610035120,2020,610035120,1,9,0,16,19,4,7,0,0,0,2,0,0,11,1,1,6,6,1,27,6,1997,1,16,-1,7,E01000296,0,-1
2020470947597,2020,470947597,1,4,0,18,19,3,7,0,0,0,0,7,0,0,1,1,5,6,1,54,8,749,1,23,-1,8,E01021176,0,-1
2020500943318,2020,500943318,2,5,0,18,19,1,5,0,0,1,1,0,0,0,1,1,6,6,1,38,7,749,1,23,-1,3,E01019000,0,-1
2020430320243,2020,430320243,2,5,0,16,19,1,4,0,0,0,0,0,0,0,1,1,6,6,1,35,6,749,1,21,-1,10,E01017632,0,-1
2020470973580,2020,470973580,2,5,0,4,4,1,5,0,0,0,0,0,0,0,3,1,5,6,1,53,8,749,1,20,-1,8,E01016958,0,-1
2020100943099,2020,100943099,2,5,0,18,19,8,4,0,0,1,2,0,0,0,1,1,5,6,1,50,8,749,1,23,-1,4,E01008255,0,-1
2020041002259,2020,041002259,1,5,0,18,19,1,5,0,0,0,0,0,0,0,1,1,5,6,1,32,6,749,1,23,-1,2,E01012621,0,-1
2020460962160,2020,460962160,2,5,0,18,19,1,5,0,0,0,0,0,1,0,3,1,5,6,1,35,6,749,1,21,-1,2,E01024080,0,-1
2020100958250,2020,100958250,1,3,0,7,7,1,5,0,0,8,0,0,0,0,4,1,2,2,1,54,8,125,1,3,-1,2,E01008791,0,-1
2020160985360,2020,160985360,1,17,0,7,7,5,7,0,0,6,0,0,0,0,1,1,1,1,1,23,5,7400,2,17,-1,7,E01013046,0,-1
2020500966446,2020,500966446,2,17,4,9,9,8,6,0,0,1,0,0,0,0,3,1,1,1,1,33,6,-1,2,26,-1,4,E01019932,0,-1
2020221001898,2020,221001898,2,17,5,7,7,1,3,0,0,6,5,0,0,0,4,1,1,1,1,61,9,6000,2,11,-1,7,E01032375,0,-1
202031D070320,2020,31D070320,2,17,0,18,19,6,2,0,0,0,5,0,0,0,2,1,1,1,1,28,6,6600,2,7,-1,10,E01028415,0,-1
202063A068320,2020,63A068320,2,17,0,16,19,5,8,0,0,0,0,0,0,0,0,1,1,1,1,60,9,-1,2,9,-1,6,W01000673,0,-1
2020010251679,2020,010251679,1,5,0,18,19,6,2,0,0,8,0,0,0,0,1,1,6,6,1,53,8,650,1,25,-1,8,E01024514,0,-1
2020420991656,2020,420991656,1,17,4,7,7,5,7,8,6,0,0,0,0,0,0,1,1,1,1,51,8,-1,2,5,-1,10,E01021379,0,-1
2020040966274,2020,040966274,1,4,0,16,19,1,5,0,0,0,0,0,0,0,3,1,5,6,1,66,10,200,1,32,-1,2,E01012688,0,-1
2020470936628,2020,470936628,2,3,0,18,19,2,6,0,0,1,0,0,1,0,3,1,5,6,1,54,8,124,1,9,-1,5,E01016877,0,-1
2020122000407,2020,122000407,1,17,0,18,19,4,1,0,0,8,0,0,0,0,0,1,1,1,1,59,9,2482,2,1,-1,6,E01027628,0,-1
2020440091951,2020,440091951,1,9,0,18,19,6,2,0,0,1,0,0,0,0,1,1,6,6,1,70,10,1997,2,14,PEUGEOT 407,8,E01023215,0,-1
2020052001751,2020,052001751,2,9,0,4,4,8,4,0,0,1,0,0,0,0,0,1,6,6,2,62,9,1997,2,14,PEUGEOT 407,5,E01006887,0,-1
2020302000961,2020,302000961,1,9,0,18,19,3,7,0,0,8,0,0,0,0,1,1,6,6,1,54,8,1997,2,10,PEUGEOT 407,2,E01019817,0,-1
2020201007169,2020,201007169,1,9,0,9,9,6,4,0,0,6,0,0,0,0,3,1,6,6,3,-1,-1,1997,2,14,PEUGEOT 407,-1,-1,0,-1
2020160988714,2020,160988714,1,9,0,3,3,6,2,0,0,0,0,0,0,0,2,1,6,6,1,60,9,1997,2,15,PEUGEOT 407,1,E01012857,0,-1
2020010267569,2020,010267569,1,9,0,18,19,5,1,9,9,0,0,0,3,0,1,1,6,6,3,-1,-1,1560,2,10,PEUGEOT 407,-1,-1,0,-1
2020990929251,2020,990929251,2,9,0,9,9,3,1,0,0,8,0,0,0,0,3,1,1,1,2,39,7,1997,2,14,PEUGEOT 407,2,-1,0,-1
2020461001700,2020,461001700,1,9,0,18,19,5,1,0,0,3,1,0,0,0,1,1,6,6,1,48,8,1997,2,14,PEUGEOT 407,4,E01024579,0,-1
2020137CB1119,2020,137CB1119,2,9,0,2,2,8,4,0,0,0,0,0,0,0,2,1,6,6,2,53,8,1997,2,16,PEUGEOT 407,4,E01007761,0,-1
2020460936606,2020,460936606,1,9,0,18,19,5,1,0,0,1,0,0,0,0,1,1,6,6,1,-1,-1,1997,2,14,PEUGEOT 407,3,E01024508,0,-1
2020010240976,2020,010240976,3,9,0,2,2,0,0,0,0,1,0,4,0,0,4,1,6,6,3,-1,-1,1997,2,13,PEUGEOT 407,-1,-1,0,-1
2020010272296,2020,010272296,2,9,0,10,10,5,3,0,0,8,0,0,0,0,1,1,2,2,1,64,9,1997,2,13,PEUGEOT 407,4,E01000869,0,-1
2020010267570,2020,010267570,1,9,0,7,7,6,8,0,0,1,0,0,0,0,4,1,6,6,3,-1,-1,1560,2,10,PEUGEOT 407,-1,-1,0,-1
2020552001191,2020,552001191,2,9,0,9,9,1,7,0,0,6,0,0,0,0,3,1,1,1,1,29,6,1997,2,16,PEUGEOT 407,1,E01015290,0,-1
2020140991004,2020,140991004,1,9,0,9,9,2,8,0,0,2,0,0,0,0,1,1,2,2,1,57,9,1997,2,15,PEUGEOT 407,1,E01008123,0,-1
2020137AK0314,2020,137AK0314,2,9,0,2,2,0,0,0,0,0,0,0,0,0,2,1,6,6,1,68,10,1997,2,15,PEUGEOT 407,4,E01011678,0,-1
202006A268253,2020,06A268253,1,9,0,18,19,1,5,0,0,0,0,0,0,0,1,1,6,6,1,34,6,1997,2,14,PEUGEOT 407,2,E01006112,0,-1
2020110995645,2020,110995645,1,9,0,18,19,4,8,0,0,0,1,0,7,1,1,1,6,6,1,53,8,2179,2,13,PEUGEOT 407,2,E01020700,0,-1
20201378G1317,2020,1378G1317,1,9,0,3,3,3,7,0,0,1,0,0,0,0,1,1,6,6,1,27,6,1997,2,11,PEUGEOT 407,2,E01007783,0,-1
2020370954161,2020,370954161,2,9,0,17,19,8,1,0,0,0,5,0,1,0,4,1,2,2,1,55,8,1997,2,16,PEUGEOT 407,5,E01030283,0,-1
2020052001820,2020,052001820,2,9,0,9,9,3,7,0,0,0,0,0,0,0,3,1,6,6,1,64,9,1997,1,16,PEUGEOT 407,1,E01006817,0,-1
2020500995722,2020,500995722,1,9,0,1,1,3,7,0,0,0,0,0,0,0,4,1,5,6,1,85,11,1997,2,13,PEUGEOT 407,6,E01020083,0,-1
2020010241607,2020,010241607,2,9,0,4,4,2,6,0,0,2,0,0,0,0,1,1,6,6,1,-1,-1,1749,1,13,PEUGEOT 407,4,E01000532,0,-1
2020440400822,2020,440400822,2,9,0,18,19,1,5,0,0,8,0,4,0,0,4,1,6,6,2,34,6,1997,2,14,PEUGEOT 407,10,E01022895,0,-1
2020547940920,2020,547940920,2,9,0,2,2,0,0,0,0,0,0,0,0,0,3,1,6,6,1,51,8,1997,2,11,PEUGEOT 407,9,E01032038,0,-1
202006A274222,2020,06A274222,1,9,0,18,19,8,4,0,0,0,0,0,0,0,1,1,6,6,3,-1,-1,1997,2,13,PEUGEOT 407,-1,-1,0,-1
2020350986733,2020,350986733,1,9,0,18,19,5,1,0,0,0,0,0,0,0,1,1,5,6,1,34,6,1997,2,13,PEUGEOT 407,2,E01015662,0,-1
2020990919752,2020,990919752,2,9,0,4,4,1,5,0,0,0,0,0,0,0,2,1,2,2,2,40,7,1997,2,12,PEUGEOT 407,5,-1,0,-1
2020460994409,2020,460994409,3,9,0,18,19,7,3,0,0,0,0,0,0,0,1,1,6,6,1,33,6,1997,2,13,PEUGEOT 407,8,E01024089,0,-1
202006E171593,2020,06E171593,2,9,0,18,19,3,7,0,0,0,0,0,0,0,1,1,6,6,3,-1,-1,1997,2,13,PEUGEOT 407,-1,-1,0,-1
202031D048120,2020,31D048120,1,9,0,9,9,4,2,0,0,6,0,0,0,0,1,1,2,2,1,55,8,1997,2,15,PEUGEOT 407,6,E01028075,0,-1
2020010229441,2020,010229441,1,9,0,18,19,3,7,0,0,1,0,0,0,0,2,1,2,2,2,44,7,1997,2,15,PEUGEOT 407,4,E01031895,0,-1
20201374O0434,2020,1374O0434,2,9,0,9,9,7,5,0,0,6,0,0,0,0,1,1,6,6,3,-1,-1,1997,2,15,PEUGEOT 407,-1,-1,0,-1
2020500933527,2020,500933527,3,9,0,2,2,0,0,0,0,1,0,0,0,0,3,1,5,6,1,37,7,1997,2,15,PEUGEOT 407,4,E01019063,0,-1
2020460960471,2020,460960471,1,9,0,18,19,7,3,0,0,1,0,0,0,0,1,1,6,6,1,27,6,1560,2,12,PEUGEOT 407,6,E01024117,0,-1
2020010252860,2020,010252860,2,9,0,99,99,9,9,99,99,9,9,99,9,99,9,9,6,6,3,-1,-1,1997,2,14,PEUGEOT 407,3,E01016037,0,-1
2020137C91358,2020,137C91358,1,9,0,18,19,8,4,0,0,0,0,0,0,0,1,1,6,6,1,49,8,1997,2,10,PEUGEOT 407,2,E01011128,0,-1
2020461007469,2020,461007469,1,9,0,5,5,3,1,0,0,4,0,0,0,0,1,1,6,6,1,37,7,1997,2,11,PEUGEOT 407,2,E01016110,0,-1
2020302001479,2020,302001479,2,9,0,4,4,1,3,0,0,1,0,0,0,0,3,1,6,6,1,55,8,1560,2,10,PEUGEOT 407,4,E01013458,0,-1
2020552000292,2020,552000292,1,8,0,18,19,1,5,0,0,0,0,0,0,0,3,1,1,1,1,45,7,1997,2,11,-1,4,E01015327,0,-1
2020137951085,2020,137951085,2,9,0,11,11,3,7,0,0,3,0,0,0,0,4,1,6,6,1,55,8,1997,2,11,PEUGEOT 407,9,E01013025,0,-1
2020302000732,2020,302000732,1,9,0,5,5,8,4,0,0,1,0,0,0,0,1,1,2,2,1,44,7,1997,2,14,PEUGEOT 407,8,E01019609,0,-1
2020220987291,2020,220987291,2,9,0,18,19,6,2,0,0,0,0,0,0,0,1,1,6,6,3,34,6,1560,2,15,PEUGEOT 407,-1,-1,0,-1
2020450938161,2020,450938161,1,9,0,18,19,7,3,0,0,4,0,0,0,0,1,1,5,6,1,52,8,1997,2,14,PEUGEOT 407,10,E01030340,0,-1
20201379S0220,2020,1379S0220,1,9,0,18,19,2,6,0,0,7,0,0,0,0,1,1,1,1,1,19,4,1560,2,11,PEUGEOT 407,9,E01011576,0,-1
2020350933775,2020,350933775,1,9,0,9,9,5,3,0,0,8,0,0,0,0,1,1,5,6,1,33,6,1997,2,13,PEUGEOT 407,3,E01018081,0,-1
2020010280200,2020,010280200,1,9,0,15,15,1,5,0,0,2,0,0,0,0,3,1,2,2,1,49,8,1997,2,15,PEUGEOT 407,7,E01004627,0,-1
2020411018629,2020,411018629,3,9,0,2,2,0,0,0,0,0,0,0,0,0,0,1,6,6,1,-1,-1,2230,1,16,PEUGEOT 407,-1,-1,0,-1
2020361010873,2020,361010873,1,9,0,18,19,7,3,0,0,0,0,0,0,0,1,1,5,6,1,25,5,1997,2,13,PEUGEOT 407,5,E01026668,0,-1
2020302001674,2020,302001674,2,9,0,4,4,8,4,0,0,1,0,0,0,0,1,1,6,6,1,38,7,1997,2,16,PEUGEOT 407,2,E01019543,0,-1
2020110961670,2020,110961670,1,9,0,18,19,3,7,0,0,0,1,0,0,0,1,1,5,6,1,66,10,1997,2,15,PEUGEOT 407,5,E01020660,0,-1
2020340D05832,2020,340D05832,1,9,0,18,19,6,2,0,0,0,1,0,0,0,3,1,6,6,1,35,6,1997,2,13,PEUGEOT 407,2,E01027229,0,-1
2020460956745,2020,460956745,2,9,0,3,3,5,7,0,0,1,0,0,0,0,2,1,5,6,1,76,11,1997,2,14,PEUGEOT 407,1,E01024676,0,-1
2020500941537,2020,500941537,2,9,0,3,3,1,5,0,0,1,0,0,0,0,2,1,3,7,2,41,7,1997,2,14,PEUGEOT 407,4,E01015071,0,-1
2020220959248,2020,220959248,1,9,0,9,9,6,5,0,0,5,0,0,0,0,4,1,5,6,1,44,7,2230,1,15,PEUGEOT 407,7,E01009789,0,-1
2020201021131,2020,201021131,1,9,0,7,7,5,7,0,0,6,0,0,0,0,4,1,6,6,1,61,9,1997,2,14,PEUGEOT 407,1,E01009000,0,-1
2020440046747,2020,440046747,1,9,0,18,19,6,2,0,0,0,0,0,0,0,3,1,6,6,1,44,7,1560,2,15,PEUGEOT 407,2,E01017108,0,-1
2020520004698,2020,520004698,1,9,0,18,19,8,4,0,0,2,0,4,0,0,1,1,6,6,1,28,6,1997,2,12,PEUGEOT 407,6,E01029320,0,-1
2020500924180,2020,500924180,4,9,0,4,4,7,2,0,0,0,1,0,0,0,1,1,5,6,2,41,7,1997,2,10,PEUGEOT 407,4,E01020284,0,-1
2020200930839,2020,200930839,1,9,0,9,9,4,2,9,9,5,0,0,0,0,1,1,6,6,1,73,10,1997,2,10,PEUGEOT 407,4,E01010072,0,-1
202006L171655,2020,06L171655,1,9,0,18,19,4,8,0,0,1,1,0,0,0,1,1,6,6,1,36,7,1997,2,15,PEUGEOT 407,2,E01006307,0,-1
2020990946134,2020,990946134,1,9,0,18,19,7,3,0,0,4,0,0,0,0,1,1,6,6,2,44,7,1997,2,10,PEUGEOT 407,6,-1,0,-1
2020500938523,2020,500938523,4,9,0,4,4,7,3,0,0,0,0,1,0,0,2,1,2,2,1,49,8,1997,2,12,PEUGEOT 407,8,E01019015,0,-1
202006L268550,2020,06L268550,1,9,0,9,9,3,1,0,0,8,0,0,0,0,4,1,6,6,1,30,6,1997,2,15,PEUGEOT 407,-1,-1,0,-1
2020010286662,2020,010286662,1,9,0,99,99,9,9,99,99,9,9,99,9,99,2,9,6,6,1,69,10,1997,2,14,PEUGEOT 407,4,E01004484,0,-1
202031A131720,2020,31A131720,1,9,0,18,19,7,3,0,0,0,0,0,0,0,1,1,6,6,1,41,7,1997,2,10,PEUGEOT 407,3,E01027927,0,-1
2020231009121,2020,231009121,2,9,0,2,2,0,0,0,0,0,0,0,0,0,3,1,5,6,2,44,7,1997,2,14,PEUGEOT 407,6,E01031025,0,-1
2020500955218,2020,500955218,2,9,0,7,7,7,1,0,0,6,0,0,0,0,3,1,2,2,1,46,8,1997,2,15,PEUGEOT 407,3,E01020005,0,-1
2020010238685,2020,010238685,2,9,0,18,19,5,1,0,0,1,0,0,0,0,1,1,1,1,1,39,7,2230,1,14,PEUGEOT 407,3,E01001111,0,-1
2020010248324,2020,010248324,2,9,0,99,99,9,9,99,99,9,9,99,9,99,9,1,6,6,3,-1,-1,1997,2,15,PEUGEOT 407,3,E01002554,0,-1
2020040948402,2020,040948402,2,9,0,18,19,3,7,0,0,1,0,0,0,0,4,1,5,6,2,59,9,1997,2,13,PEUGEOT 407,3,E01025388,0,-1
2020440411788,2020,440411788,2,9,0,9,9,8,5,0,0,8,0,0,0,0,4,1,3,7,2,62,9,1560,2,11,PEUGEOT 407,3,E01017091,0,-1
2020461007497,2020,461007497,1,9,0,18,19,5,1,0,0,0,0,0,0,0,1,1,6,6,1,23,5,1997,2,14,PEUGEOT 407,2,E01024214,0,-1
2020010255016,2020,010255016,2,9,0,99,99,9,9,99,99,9,9,99,9,99,9,9,6,6,3,-1,-1,1560,2,13,PEUGEOT 407,3,E01004397,0,-1
2020122000523,2020,122000523,1,9,0,4,4,1,2,0,0,2,0,0,0,0,2,1,6,6,1,40,7,1997,2,13,PEUGEOT 407,6,E01012940,0,-1
2020040933946,2020,040933946,1,9,0,7,7,3,5,0,0,8,0,0,0,0,1,1,5,6,1,27,6,1560,2,15,PEUGEOT 407,3,E01025111,0,-1
2020460974101,2020,460974101,1,9,0,18,19,3,7,0,0,0,0,0,0,0,1,1,6,6,3,-1,-1,1997,2,16,PEUGEOT 407,-1,-1,0,-1
2020010254989,2020,010254989,1,9,0,18,19,5,1,0,0,1,0,0,0,0,3,1,6,6,2,24,5,1997,1,13,PEUGEOT 407,7,E01000361,0,-1
2020450931474,2020,450931474,1,9,0,18,19,1,5,0,0,8,0,0,0,0,0,1,6,6,1,37,7,1997,2,15,PEUGEOT 407,6,E01002555,0,-1
2020302000588,2020,302000588,1,9,0,9,9,6,2,0,0,5,0,0,0,0,4,1,6,6,1,43,7,1997,2,15,PEUGEOT 407,1,E01013456,0,-1
2020070044162,2020,070044162,1,9,0,4,4,3,7,0,0,0,0,0,0,0,1,1,2,2,1,38,7,1997,2,14,PEUGEOT 407,6,E01018514,0,-1
2020010247131,2020,010247131,2,9,0,99,99,9,9,99,99,9,9,99,9,99,9,9,6,6,3,-1,-1,1997,2,13,PEUGEOT 407,-1,-1,0,-1
2020220949330,2020,220949330,1,9,0,18,19,1,5,0,0,0,0,0,1,7,4,1,5,6,1,40,7,2230,1,13,PEUGEOT 407,6,E01009217,0,-1
2020622000751,2020,622000751,3,9,0,2,2,0,0,0,0,1,0,0,0,0,1,1,6,6,3,-1,-1,1997,2,16,PEUGEOT 407,-1,-1,0,-1
2020040928756,2020,040928756,2,9,0,4,4,7,3,0,0,0,0,0,4,0,2,1,5,6,2,40,7,1997,2,14,PEUGEOT 407,4,E01005286,0,-1
2020302000494,2020,302000494,1,9,0,18,19,8,5,0,0,0,0,0,1,2,1,1,6,6,1,51,8,1560,2,13,PEUGEOT 407,1,E01013591,0,-1
2020500942300,2020,500942300,1,9,0,4,4,7,3,0,0,0,1,0,0,0,2,1,1,1,1,49,8,1997,2,12,PEUGEOT 407,4,E01018968,0,-1
2020470974763,2020,470974763,1,9,0,18,19,3,7,0,0,1,0,0,0,0,1,1,6,6,3,-1,-1,1997,2,14,PEUGEOT 407,-1,-1,0,-1
2020990975257,2020,990975257,2,9,0,18,19,5,1,0,0,1,0,0,0,0,1,1,2,2,1,55,8,1997,2,15,PEUGEOT 407,5,-1,0,-1
2020040980362,2020,040980362,1,9,0,18,19,8,4,0,0,0,0,0,0,0,1,1,5,6,1,35,6,1997,2,13,PEUGEOT 407,2,E01033097,0,-1
2020430147004,2020,430147004,1,9,0,4,4,5,1,0,0,0,0,0,0,0,2,1,6,6,2,26,6,493,1,0,-1,3,E01017654,0,-1
2020430138087,2020,430138087,1,4,0,18,19,4,8,0,0,0,0,0,0,0,3,1,2,2,1,45,7,-1,-1,-1,MAKE AND MODEL REDACTED,4,E01000588,0,-1
202031D061020,2020,31D061020,2,3,0,18,19,6,2,0,0,0,0,0,0,0,0,1,6,6,1,46,8,124,1,36,-1,6,E01025704,0,-1
2020220929839,2020,220929839,2,2,0,18,19,5,1,0,0,8,0,0,0,0,4,1,5,6,1,16,4,50,1,19,-1,1,E01032204,0,-1
2020010252946,2020,010252946,2,3,0,13,13,5,1,0,0,0,0,0,0,0,4,1,6,6,1,55,8,125,1,57,-1,4,E01002908,0,-1
2020990984765,2020,990984765,1,3,0,4,4,4,8,0,0,2,0,0,1,0,1,1,6,6,1,27,6,125,1,37,-1,-1,-1,0,-1
2020040954421,2020,040954421,2,3,0,18,19,7,3,0,0,1,5,0,0,0,1,1,5,6,1,62,9,125,1,60,-1,8,E01025547,0,-1
2020010242589,2020,010242589,1,4,0,15,15,1,5,0,0,0,0,0,0,0,1,1,6,6,3,-1,-1,249,1,16,-1,-1,-1,0,-1
2020501003201,2020,501003201,1,3,0,16,19,2,6,0,0,1,0,4,0,0,4,1,5,6,1,19,4,125,1,5,-1,5,E01019954,0,-1
2020450980206,2020,450980206,2,3,0,18,19,6,2,0,0,1,2,0,0,0,1,1,5,6,1,25,5,125,1,5,-1,10,E01030444,0,-1
2020302000112,2020,302000112,1,4,0,18,19,5,1,9,9,2,1,10,7,0,3,1,6,6,1,27,6,125,1,12,-1,5,E01019442,0,-1
2020040929623,2020,040929623,2,3,0,18,19,1,5,0,0,8,1,0,0,0,1,1,6,6,1,17,4,125,1,6,-1,3,E01012663,0,-1
2020030983217,2020,030983217,1,5,0,18,19,3,7,0,0,0,1,0,0,0,0,1,6,6,1,59,9,955,1,18,-1,6,E01020822,0,-1
2020500934571,2020,500934571,1,5,5,17,19,3,7,0,0,0,5,0,2,7,4,1,5,6,1,37,7,955,1,17,-1,3,E01019922,0,-1
2020552000319,2020,552000319,2,5,0,9,9,6,4,8,6,8,0,0,0,0,4,1,2,2,1,49,8,955,1,19,-1,6,E01015358,0,-1
2020350952858,2020,350952858,2,5,0,18,19,2,6,0,0,0,1,0,7,0,2,1,5,6,1,52,8,955,1,18,-1,7,E01023445,0,-1
2020360954365,2020,360954365,2,5,0,18,19,-1,-1,0,0,8,0,0,0,0,3,1,5,6,1,53,8,955,1,21,-1,6,E01030053,0,-1
2020470986188,2020,470986188,2,5,0,18,19,6,2,0,0,1,0,0,7,3,1,1,5,6,1,54,8,955,1,16,-1,4,E01020971,0,-1
2020010261658,2020,010261658,1,9,0,5,5,1,5,0,0,4,0,0,1,0,1,1,6,6,2,55,8,1199,1,0,VAUXHALL GRANDLAND,9,E01002483,0,-1
2020210975283,2020,210975283,1,9,0,18,19,-1,-1,0,0,0,0,0,0,0,4,1,5,6,1,33,6,1199,1,1,VAUXHALL GRANDLAND,4,E01029555,0,-1
2020622001067,2020,622001067,1,9,0,18,19,5,1,0,0,8,0,0,7,11,1,1,6,6,1,25,5,1199,1,1,VAUXHALL GRANDLAND,-1,-1,0,-1
2020211024764,2020,211024764,1,9,-1,-1,-1,2,4,-1,-1,-1,-1,-1,-1,0,-1,1,6,6,1,38,7,1598,8,0,VAUXHALL GRANDLAND,6,E01014270,0,-1
2020211029111,2020,211029111,2,9,0,18,19,5,1,0,0,8,0,0,0,0,1,1,6,6,2,50,8,1199,1,2,VAUXHALL GRANDLAND,5,E01031028,0,-1
2020230979612,2020,230979612,1,9,0,7,7,5,7,0,0,5,0,0,0,0,4,1,5,6,2,27,6,1199,1,1,VAUXHALL GRANDLAND,6,E01031107,0,-1
2020350990150,2020,350990150,2,9,0,2,2,0,0,0,0,0,0,0,0,0,1,1,6,6,2,-1,-1,1199,1,0,VAUXHALL GRANDLAND,7,E01018022,0,-1
2020411001876,2020,411001876,2,9,0,6,6,1,1,0,0,8,0,0,0,0,3,1,1,1,2,24,5,1199,1,0,VAUXHALL GRANDLAND,8,E01033026,0,-1
2020220983661,2020,220983661,2,9,0,9,9,5,3,0,0,6,0,0,0,0,3,1,5,6,2,74,10,1199,1,1,VAUXHALL GRANDLAND,7,E01014002,0,-1
20201375L1545,2020,1375L1545,2,9,0,18,19,4,8,0,0,8,0,0,0,0,1,1,6,6,2,52,8,1499,2,0,VAUXHALL GRANDLAND,9,E01011385,0,-1
2020201017961,2020,201017961,2,9,0,4,4,5,1,0,0,8,0,0,0,0,1,1,6,6,2,27,6,1199,1,2,VAUXHALL GRANDLAND,1,E01031118,0,-1
2020010263687,2020,010263687,2,9,0,3,3,3,7,0,0,1,0,0,0,0,4,1,6,6,2,41,7,1499,2,2,VAUXHALL GRANDLAND,-1,-1,0,-1
2020010265432,2020,010265432,1,9,0,18,19,1,5,0,0,0,5,4,0,0,1,1,6,6,1,41,7,1199,1,1,VAUXHALL GRANDLAND,8,E01004073,0,-1
2020470937045,2020,470937045,1,9,0,18,19,8,4,0,0,0,1,0,4,6,1,1,1,1,1,21,5,1199,1,1,VAUXHALL GRANDLAND,7,E01031837,0,-1
2020220973539,2020,220973539,1,9,0,18,19,1,5,0,0,8,0,0,0,0,0,1,6,6,2,46,8,1199,1,0,VAUXHALL GRANDLAND,2,E01014127,0,-1
2020052000409,2020,052000409,2,9,0,2,2,0,0,0,0,0,0,0,0,0,2,1,6,6,2,32,6,1199,1,0,VAUXHALL GRANDLAND,1,E01033228,0,-1
2020122001180,2020,122001180,3,9,0,2,2,0,0,0,0,1,0,4,0,0,1,1,6,6,3,-1,-1,1199,1,0,VAUXHALL GRANDLAND,-1,-1,0,-1
2020010254324,2020,010254324,2,9,0,18,19,1,5,0,0,0,0,0,0,0,2,1,6,6,1,30,6,1199,1,1,VAUXHALL GRANDLAND,3,E01000222,0,-1
2020470923259,2020,470923259,2,9,0,18,19,2,6,0,0,0,0,0,0,0,2,1,5,6,1,57,9,1199,1,1,VAUXHALL GRANDLAND,8,E01031613,0,-1
2020140988605,2020,140988605,1,9,0,18,19,3,7,0,0,0,1,4,0,0,1,1,6,6,1,23,5,1199,1,0,VAUXHALL GRANDLAND,-1,-1,0,-1
2020332000108,2020,332000108,1,9,0,18,19,4,8,0,0,0,0,0,1,2,1,1,6,6,2,25,5,1199,1,1,VAUXHALL GRANDLAND,10,E01028390,0,-1
2020622000274,2020,622000274,1,9,0,18,19,1,5,0,0,4,0,0,0,0,1,1,6,6,2,50,8,1199,1,0,VAUXHALL GRANDLAND,2,W01001375,0,-1
2020200975310,2020,200975310,5,9,0,2,2,0,0,0,0,1,0,10,1,0,4,1,6,6,2,-1,-1,1199,1,1,VAUXHALL GRANDLAND,-1,-1,0,-1
2020990982041,2020,990982041,2,9,0,4,4,2,6,0,0,0,0,0,0,0,1,1,5,6,2,33,6,1199,1,2,VAUXHALL GRANDLAND,9,-1,0,-1
2020460998043,2020,460998043,2,9,0,12,12,5,1,0,0,0,0,0,0,0,1,1,6,6,1,30,6,1199,1,0,VAUXHALL GRANDLAND,5,E01024356,0,-1
2020010277261,2020,010277261,1,9,9,99,99,9,9,99,99,9,9,0,9,0,1,9,6,6,1,51,8,1199,1,1,VAUXHALL GRANDLAND,5,E01002529,0,-1
2020052001032,2020,052001032,2,9,0,18,19,1,5,0,0,0,0,0,0,0,4,1,6,6,2,32,6,1199,1,1,VAUXHALL GRANDLAND,2,E01007136,0,-1
2020320061061,2020,320061061,1,9,0,18,19,3,7,0,0,8,0,0,0,0,1,1,6,6,1,58,9,1199,1,1,VAUXHALL GRANDLAND,6,E01026282,0,-1