collision_index,collision_year,collision_ref_no,vehicle_reference,vehicle_type,towing_and_articulation,vehicle_manoeuvre_historic,vehicle_manoeuvre,vehicle_direction_from,vehicle_direction_to,vehicle_location_restricted_lane_historic,vehicle_location_restricted_lane,junction_location,skidding_and_overturning,hit_object_in_carriageway,vehicle_leaving_carriageway,hit_object_off_carriageway,first_point_of_impact,vehicle_left_hand_drive,journey_purpose_of_driver_historic,journey_purpose_of_driver,sex_of_driver,age_of_driver,age_band_of_driver,engine_capacity_cc,propulsion_code,age_of_vehicle,generic_make_model,driver_imd_decile,lsoa_of_driver,escooter_flag,driver_distance_banding
2020340E01882,2020,340E01882,1,3,0,18,19,3,7,0,0,1,0,0,0,0,4,1,6,6,1,30,6,124,1,3,-1,7,E01027033,0,-1
2020040936228,2020,040936228,2,3,0,18,19,5,1,0,0,1,0,0,0,0,1,1,6,6,1,21,5,124,1,2,-1,7,E01025096,0,-1
2020470915551,2020,470915551,2,5,0,18,19,2,8,0,0,1,0,0,0,0,2,1,5,6,1,23,5,1077,1,2,APRILIA TUONO,10,E01022954,0,-1
2020350969135,2020,350969135,1,5,0,18,19,7,3,0,0,1,0,0,1,0,1,1,5,6,1,25,5,999,1,9,APRILIA TUONO,2,E01027128,0,-1
2020552000804,2020,552000804,2,5,0,18,19,6,2,0,0,8,0,0,0,0,1,1,6,6,1,51,8,1077,1,4,APRILIA TUONO,9,E01020417,0,-1
2020070547506,2020,070547506,1,5,0,16,19,2,5,0,0,0,0,0,0,0,1,1,6,6,1,57,9,1077,1,0,APRILIA TUONO,10,E01024997,0,-1
2020990985142,2020,990985142,2,3,0,9,9,7,5,0,0,4,0,0,0,0,1,1,2,2,1,33,6,124,1,1,-1,-1,-1,0,-1
2020552000771,2020,552000771,1,3,0,9,9,8,6,0,0,5,1,0,0,0,3,1,6,6,1,21,5,124,1,1,-1,-1,-1,0,-1
2020440047129,2020,440047129,2,2,0,14,14,1,5,0,0,8,0,0,0,0,1,1,2,2,1,44,7,1077,1,1,-1,3,E01022959,0,-1
2020460977879,2020,460977879,1,5,0,18,19,4,1,0,0,1,5,0,1,0,0,1,5,6,1,47,8,1077,1,1,APRILIA TUONO,8,E01024763,0,-1
2020122000681,2020,122000681,1,3,0,13,13,5,1,0,0,1,0,0,0,0,1,1,6,6,1,57,9,1077,1,4,-1,7,E01011410,0,-1
2020430422166,2020,430422166,1,3,0,18,19,2,6,0,0,1,0,0,1,0,1,1,6,6,1,16,4,-1,-1,-1,-1,7,E01017705,0,-1
2020210993427,2020,210993427,1,5,0,18,19,7,3,0,0,1,0,0,0,0,1,1,6,6,1,46,8,999,1,6,APRILIA TUONO,8,E01010540,0,-1
2020500981061,2020,500981061,1,5,0,13,13,1,5,0,0,0,2,0,0,0,1,1,5,6,1,47,8,1077,1,2,APRILIA TUONO,6,E01020241,0,-1
2020361012511,2020,361012511,2,2,0,16,19,7,3,0,0,1,0,0,0,0,1,1,2,2,1,16,4,1077,1,1,-1,5,E01026730,0,-1
2020030943642,2020,030943642,1,5,0,18,19,2,6,0,0,1,0,0,7,0,1,1,6,6,1,59,9,999,1,8,APRILIA TUONO,6,E01019082,0,-1
20201376L0787,2020,1376L0787,1,5,0,18,19,2,6,0,0,0,0,0,0,0,1,1,6,6,1,33,6,998,1,11,APRILIA TUONO,2,E01007579,0,-1
2020211032254,2020,211032254,1,3,0,18,19,8,4,0,0,8,0,0,0,0,3,1,6,6,1,18,4,124,1,4,-1,4,E01029811,0,-1
2020552000114,2020,552000114,2,2,0,18,19,6,2,0,0,0,0,0,0,0,3,1,6,6,1,17,4,50,1,6,-1,7,E01015330,0,-1
202031A073120,2020,31A073120,1,3,0,18,19,4,8,0,0,8,0,0,0,0,3,1,6,6,1,36,7,124,1,4,-1,3,E01027954,0,-1
2020211025066,2020,211025066,1,4,0,18,19,1,5,0,0,1,0,0,0,0,1,1,6,6,2,39,7,125,1,3,-1,-1,-1,0,-1
2020470960394,2020,470960394,1,4,0,16,19,6,1,0,0,0,1,0,0,0,1,1,5,6,1,32,6,125,1,6,-1,3,E01016852,0,-1
2020991002390,2020,991002390,1,2,0,16,19,5,8,0,0,2,0,0,0,0,1,1,6,6,1,16,4,50,1,4,-1,7,-1,0,-1
2020220930208,2020,220930208,1,3,0,17,19,1,6,0,0,0,1,0,1,10,4,1,5,6,1,17,4,125,1,4,-1,6,E01014030,0,-1
2020220991543,2020,220991543,1,3,0,18,19,2,6,0,0,8,0,0,0,0,1,1,5,6,1,17,4,125,1,6,-1,10,E01028964,0,-1
2020320291093,2020,320291093,1,3,0,13,13,4,8,0,0,0,0,0,7,0,0,1,6,6,1,18,4,125,1,6,-1,4,E01026280,0,-1
2020010242919,2020,010242919,1,3,0,99,99,9,9,99,99,9,9,99,9,99,1,-1,6,6,1,19,4,125,1,5,-1,4,E01001050,0,-1
2020360999154,2020,360999154,2,3,0,18,19,6,2,0,0,0,0,0,0,0,1,1,6,6,1,26,6,125,1,4,-1,1,E01026809,0,-1
2020230924602,2020,230924602,2,2,0,18,19,7,3,0,0,8,1,0,1,0,1,1,5,6,1,16,4,50,1,4,-1,10,E01031139,0,-1
2020070124432,2020,070124432,2,3,0,18,19,4,8,0,0,1,0,0,0,0,1,1,1,1,1,26,6,124,1,4,-1,9,E01018494,0,-1
2020010262552,2020,010262552,2,5,0,9,9,8,5,0,0,1,0,0,0,0,0,1,1,1,1,45,7,853,1,0,BMW F 750,3,E01002133,0,-1
2020010246898,2020,010246898,2,5,0,18,19,6,2,0,0,2,0,0,0,0,1,1,6,6,1,25,5,853,1,1,BMW F 750,3,E01004666,0,-1
2020010281013,2020,010281013,2,5,0,18,19,7,3,0,0,1,0,0,0,0,4,1,1,1,1,43,7,853,1,0,BMW F 750,3,E01004666,0,-1
2020010244828,2020,010244828,2,4,0,18,19,8,4,0,0,0,0,0,0,0,0,1,1,1,1,45,7,853,1,0,-1,2,E01001215,0,-1
202006K370793,2020,06K370793,2,5,0,18,19,3,7,0,0,2,0,0,0,0,1,1,6,6,1,43,7,853,1,1,BMW F 750,8,E01006285,0,-1
2020350932568,2020,350932568,2,5,0,18,19,7,3,0,0,1,0,0,0,0,1,1,5,6,1,20,4,853,1,1,BMW F 750,6,E01018056,0,-1
2020010268201,2020,010268201,2,5,0,18,19,5,1,0,0,0,0,0,0,0,1,1,1,1,1,43,7,853,1,1,BMW F 750,4,E01000472,0,-1
2020010244493,2020,010244493,2,5,0,16,19,3,7,0,0,1,0,0,7,11,1,1,1,1,1,39,7,853,1,1,BMW F 750,-1,-1,0,-1
2020010280005,2020,010280005,3,5,0,18,19,7,3,0,0,1,0,0,0,0,0,1,6,6,1,26,6,853,1,1,BMW F 750,-1,-1,0,-1
2020010263127,2020,010263127,3,5,0,18,19,7,3,0,0,0,0,0,0,0,0,1,1,1,1,-1,-1,853,1,0,BMW F 750,3,E01032764,0,-1
2020410983597,2020,410983597,1,5,0,11,11,4,2,0,0,1,0,0,0,0,1,1,5,6,1,37,7,853,1,1,BMW F 750,6,E01023868,0,-1
2020010246267,2020,010246267,1,5,0,18,19,1,5,0,0,1,0,7,0,0,1,1,1,1,1,42,7,853,1,0,BMW F 750,3,E01004666,0,-1
2020401012226,2020,401012226,2,9,0,4,4,1,3,0,0,1,0,0,0,0,2,1,5,6,1,48,8,1905,2,27,-1,7,E01017478,0,-1
2020370915765,2020,370915765,1,9,0,17,19,7,4,0,0,0,1,0,1,4,4,1,2,2,1,23,5,1769,2,28,-1,7,E01030243,0,-1
2020440253544,2020,440253544,2,5,0,18,19,5,1,0,0,0,0,0,0,0,1,1,6,6,2,51,8,599,1,15,-1,3,E01022801,0,-1
2020340D04982,2020,340D04982,2,4,0,18,19,1,5,0,0,1,0,0,0,0,1,1,1,1,1,39,7,250,1,0,-1,8,E01027008,0,-1
2020350928770,2020,350928770,2,5,0,18,19,3,7,0,0,0,0,0,0,0,1,1,6,6,1,51,8,782,1,14,-1,5,E01026266,0,-1
2020122000713,2020,122000713,2,5,0,18,19,7,3,0,0,1,0,0,0,0,4,1,6,6,1,39,7,781,1,17,-1,3,E01027173,0,-1
2020040937702,2020,040937702,1,5,0,16,19,1,5,0,0,1,0,0,7,0,1,1,5,6,1,23,5,782,1,15,-1,8,E01025159,0,-1
2020500989687,2020,500989687,1,5,0,17,19,6,2,0,0,0,0,0,1,0,3,1,6,6,1,56,9,782,1,13,-1,8,E01018792,0,-1
2020010272284,2020,010272284,1,5,0,5,5,6,2,0,0,1,0,0,0,0,1,1,6,6,1,41,7,782,1,8,-1,-1,-1,0,-1
2020040958619,2020,040958619,2,5,0,18,19,3,3,0,0,8,0,0,0,0,1,1,5,6,1,49,8,782,1,13,-1,1,E01012682,0,-1
2020440400408,2020,440400408,2,5,0,18,19,4,8,0,0,8,0,0,0,0,1,1,6,6,2,46,8,782,1,11,-1,4,E01022804,0,-1
2020450950264,2020,450950264,1,5,0,7,7,5,1,0,0,3,5,0,8,10,4,1,5,6,1,38,7,782,1,10,-1,8,E01030800,0,-1
2020040967666,2020,040967666,1,5,0,16,19,2,6,0,0,0,0,0,7,9,1,1,5,6,1,68,10,782,1,15,-1,1,E01025110,0,-1
2020420950179,2020,420950179,1,4,0,18,19,8,4,0,0,0,0,0,0,0,2,1,2,2,1,39,7,350,1,3,-1,7,E01021967,0,-1
2020160941763,2020,160941763,1,4,0,18,19,1,5,0,0,1,2,0,0,0,1,1,6,6,1,23,5,350,1,6,-1,2,E01013315,0,-1
2020340S07462,2020,340S07462,1,20,0,7,7,7,1,0,0,6,0,0,0,0,1,1,1,1,1,43,7,-1,-1,-1,-1,9,E01017428,0,-1
2020990945895,2020,990945895,1,17,4,7,7,2,4,0,0,0,0,0,0,0,0,1,1,1,1,35,6,4400,2,10,JCB Model Missing,8,-1,0,-1
2020410982220,2020,410982220,1,17,1,18,19,5,1,0,0,1,1,0,0,0,1,1,1,1,1,22,5,-1,2,22,JCB Model Missing,6,E01023622,0,-1
2020370965059,2020,370965059,2,17,4,9,9,6,4,0,0,8,0,0,0,0,3,1,1,1,1,60,9,4400,2,16,JCB Model Missing,10,E01030104,0,-1
2020140934123,2020,140934123,2,17,0,-1,-1,-1,-1,-1,-1,0,-1,-1,-1,0,-1,1,6,6,1,-1,-1,4400,2,17,JCB Model Missing,5,E01007751,0,-1
2020070017203,2020,070017203,1,17,0,18,19,7,3,0,0,0,0,0,0,0,2,1,2,2,1,54,8,4400,2,9,JCB Model Missing,6,E01018373,0,-1
2020100952689,2020,100952689,2,17,0,18,19,3,3,0,0,0,0,0,1,9,2,1,1,1,1,29,6,4400,2,8,JCB Model Missing,5,E01027447,0,-1
2020137140752,2020,137140752,2,17,0,9,9,3,1,0,0,1,0,0,0,0,4,1,6,6,1,16,4,4400,2,7,JCB Model Missing,9,E01011311,0,-1
2020540960320,2020,540960320,1,17,4,1,1,2,6,0,0,6,0,0,0,0,4,1,6,6,1,22,5,-1,2,24,JCB Model Missing,7,E01031848,0,-1
2020361011657,2020,361011657,1,90,5,18,19,5,1,0,0,0,0,0,0,0,-1,1,1,1,1,45,7,6700,2,9,-1,6,E01026637,0,-1
2020122100047,2020,122100047,1,17,0,17,19,1,5,0,0,0,5,0,0,0,0,1,1,1,1,62,9,4400,2,5,JCB Model Missing,5,E01027636,0,-1
2020520100738,2020,520100738,1,17,4,18,19,6,2,0,0,4,0,0,1,2,4,1,6,6,1,48,8,7365,2,7,JCB Model Missing,5,E01032629,0,-1
2020160982083,2020,160982083,1,17,5,18,19,5,1,0,0,0,0,0,0,0,4,1,6,6,1,50,8,3990,2,16,JCB Model Missing,-1,-1,0,-1
2020040952883,2020,040952883,1,90,0,18,19,4,3,0,0,6,0,0,0,0,3,1,1,1,1,22,5,-1,2,24,-1,7,E01025609,0,-1
2020440065495,2020,440065495,1,2,0,4,4,7,3,0,0,1,0,0,0,0,3,1,6,6,1,16,4,50,1,3,LONGJIA LJ,1,E01017039,0,-1
2020351003711,2020,351003711,1,97,-1,-1,-1,-1,-1,-1,-1,-1,-1,-1,-1,0,-1,1,6,6,1,20,4,50,1,4,-1,8,E01017989,0,-1
2020530930485,2020,530930485,2,97,0,18,19,5,1,0,0,8,5,0,0,0,0,1,2,2,1,29,6,50,1,4,-1,5,E01022330,0,-1
2020470922296,2020,470922296,1,2,0,6,6,5,5,0,0,6,0,0,0,0,1,1,5,6,1,16,4,49,1,4,LONGJIA LJ,4,E01031799,0,-1
2020552000953,2020,552000953,1,2,0,18,19,6,2,0,0,0,0,4,0,0,1,1,6,6,1,22,5,49,1,10,LONGJIA LJ,1,E01015307,0,-1
2020552100172,2020,552100172,1,2,0,18,19,6,2,0,0,0,0,0,0,0,1,1,4,7,1,16,4,50,1,3,LONGJIA LJ,4,E01020585,0,-1
2020137971436,2020,137971436,2,2,0,7,7,5,7,0,0,8,0,0,0,0,1,1,6,6,1,52,8,50,1,4,LONGJIA LJ,3,E01010835,0,-1
2020990919243,2020,990919243,2,2,0,18,19,8,5,0,0,8,0,0,0,0,2,1,6,6,1,16,4,50,1,3,LONGJIA LJ,2,-1,0,-1
2020161009040,2020,161009040,2,2,0,18,19,3,7,0,0,4,0,0,0,0,1,1,5,6,1,16,4,50,1,3,LONGJIA LJ,2,E01013240,0,-1
2020430444762,2020,430444762,1,3,0,18,19,6,2,0,0,0,0,0,0,0,1,1,6,6,1,18,4,-1,-1,-1,-1,2,E01016451,0,-1
2020410988090,2020,410988090,2,2,0,5,5,1,3,0,0,4,0,0,0,0,2,1,5,6,1,37,7,50,1,4,LONGJIA LJ,5,E01023418,0,-1
2020430006637,2020,430006637,1,3,0,18,19,8,4,0,0,0,1,0,0,0,1,1,2,2,1,38,7,125,1,9,-1,-1,-1,0,-1
2020010232609,2020,010232609,2,2,0,18,19,7,3,0,0,1,0,0,0,0,3,1,6,6,1,20,4,125,1,7,LONGJIA LJ,1,E01004334,0,-1
2020302000355,2020,302000355,1,2,0,9,9,8,6,0,0,1,1,0,0,0,3,1,4,7,2,16,4,49,1,7,LONGJIA LJ,9,E01033168,0,-1
2020470917321,2020,470917321,2,2,0,4,4,7,3,0,0,0,0,0,0,0,2,1,6,6,1,16,4,50,1,4,LONGJIA LJ,9,E01031793,0,-1
2020010233962,2020,010233962,1,2,0,18,19,1,5,0,0,1,0,0,0,0,4,1,1,1,1,20,4,49,1,10,-1,10,E01002195,0,-1
2020010246289,2020,010246289,1,2,0,18,19,6,2,0,0,0,0,0,0,0,2,1,2,2,1,18,4,49,1,9,-1,3,E01002646,0,-1
2020320130537,2020,320130537,2,3,0,18,19,1,5,0,0,2,0,0,0,0,3,1,6,6,1,19,4,-1,-1,-1,-1,10,E01026189,0,-1
2020137AM1826,2020,137AM1826,1,2,0,18,19,7,3,0,0,8,0,0,0,0,0,1,6,6,1,22,5,49,1,17,-1,6,E01011830,0,-1
2020990916087,2020,990916087,2,9,0,18,19,5,1,0,0,0,0,0,0,0,4,1,5,6,1,24,5,1995,2,12,RENAULT LAGUNA,1,-1,0,-1
2020530946144,2020,530946144,1,9,0,9,9,2,3,0,0,5,0,0,0,0,3,1,5,6,1,58,9,1995,2,11,RENAULT LAGUNA,3,E01022124,0,-1
2020122000092,2020,122000092,2,9,0,18,19,6,2,0,0,0,0,0,0,0,4,1,6,6,2,34,6,1995,2,12,RENAULT LAGUNA,4,E01013359,0,-1
2020010246100,2020,010246100,2,9,0,99,99,9,9,99,99,2,9,99,9,99,4,9,6,6,3,-1,-1,1995,2,10,RENAULT LAGUNA,-1,-1,0,-1
2020040920687,2020,040920687,1,9,0,18,19,3,7,9,9,2,0,0,1,4,1,1,6,6,1,68,10,1998,1,14,RENAULT LAGUNA,1,E01025296,0,-1
2020320330504,2020,320330504,1,9,0,18,19,7,3,0,0,0,0,0,0,0,3,1,1,1,1,45,7,1995,2,9,RENAULT LAGUNA,8,E01026258,0,-1
2020040963643,2020,040963643,1,9,0,1,1,1,5,9,9,0,0,0,0,0,1,1,5,6,1,92,11,1783,1,18,RENAULT LAGUNA,3,E01024996,0,-1
2020160964004,2020,160964004,2,9,0,18,19,5,1,0,0,0,0,0,0,0,1,1,6,6,3,-1,-1,1783,1,16,RENAULT LAGUNA,-1,-1,0,-1
2020200980457,2020,200980457,2,9,0,5,5,-1,-1,0,0,1,0,0,0,0,4,1,6,6,1,-1,-1,1998,1,15,RENAULT LAGUNA,-1,-1,0,-1
2020010279461,2020,010279461,1,9,0,3,3,8,4,0,0,8,0,0,0,0,1,1,2,2,1,71,10,1998,1,15,RENAULT LAGUNA,9,E01000199,0,-1
2020010255295,2020,010255295,2,9,0,18,19,7,3,99,99,0,9,99,0,0,1,1,6,6,3,-1,-1,1461,2,12,RENAULT LAGUNA,-1,-1,0,-1
2020420926180,2020,420926180,1,9,0,18,19,3,7,0,0,0,0,0,1,0,1,1,6,6,1,24,5,1461,2,9,RENAULT LAGUNA,3,E01015862,0,-1
2020200961594,2020,200961594,1,9,0,18,19,7,3,0,0,2,0,0,0,0,1,1,6,6,1,38,7,1783,1,20,RENAULT LAGUNA,1,E01010430,0,-1
2020622000841,2020,622000841,1,9,0,16,19,5,1,0,0,0,0,0,1,11,1,1,6,6,1,40,7,1995,2,8,RENAULT LAGUNA,10,W01001103,0,-1
2020530939786,2020,530939786,1,9,0,2,2,7,3,0,0,0,0,0,0,0,3,1,1,1,1,30,6,1995,2,12,RENAULT LAGUNA,4,E01022151,0,-1
2020350929427,2020,350929427,1,9,0,9,9,6,5,0,0,8,0,0,0,0,3,1,2,2,1,47,8,1461,2,12,RENAULT LAGUNA,7,E01018279,0,-1
2020010255828,2020,010255828,1,9,0,18,19,7,3,0,0,6,0,0,0,0,1,2,6,6,1,70,10,1598,1,20,RENAULT LAGUNA,1,E01004428,0,-1
2020410927381,2020,410927381,1,9,0,18,19,5,1,0,0,0,0,0,0,0,1,1,6,6,1,66,10,1995,2,13,RENAULT LAGUNA,3,E01023348,0,-1
2020370924559,2020,370924559,2,9,0,3,3,7,3,0,0,0,1,0,1,0,2,1,2,2,1,36,7,1998,1,14,RENAULT LAGUNA,4,E01029940,0,-1
2020360942861,2020,360942861,2,9,0,18,19,0,0,0,0,0,0,0,0,0,2,1,5,6,1,48,8,1461,2,9,RENAULT LAGUNA,6,E01026451,0,-1
2020010243881,2020,010243881,2,9,0,9,9,3,1,0,0,6,0,0,0,0,3,1,6,6,3,-1,-1,1870,2,16,RENAULT LAGUNA,-1,-1,0,-1
2020010239028,2020,010239028,1,9,0,18,19,1,5,0,0,0,0,0,0,0,4,1,2,2,1,30,6,1995,2,13,RENAULT LAGUNA,5,E01021814,0,-1
2020010261771,2020,010261771,1,9,0,9,9,1,6,0,0,2,0,0,7,0,1,1,6,6,1,34,6,1995,2,11,RENAULT LAGUNA,2,E01000079,0,-1
2020470966841,2020,470966841,1,9,0,6,6,2,2,0,0,1,0,0,0,0,1,1,6,6,1,56,9,1783,1,21,RENAULT LAGUNA,3,E01016869,0,-1
2020161009839,2020,161009839,2,9,0,17,19,4,8,0,0,8,0,0,0,0,3,1,6,6,1,40,7,1461,2,11,RENAULT LAGUNA,1,E01012850,0,-1
202006Q272831,2020,06Q272831,1,9,0,13,13,6,2,0,0,8,1,0,0,0,1,1,6,6,3,-1,-1,1995,2,13,RENAULT LAGUNA,-1,-1,0,-1
2020430183038,2020,430183038,1,9,0,12,12,5,1,0,0,0,0,10,4,1,2,1,6,6,1,35,6,1998,1,15,RENAULT LAGUNA,2,E01016729,0,-1
2020360930764,2020,360930764,4,9,0,18,19,2,6,0,0,0,0,0,0,0,1,1,5,6,1,76,11,1598,1,20,RENAULT LAGUNA,4,E01026891,0,-1
2020410972524,2020,410972524,2,9,0,9,9,5,1,0,0,1,0,0,0,0,1,1,6,6,1,32,6,1995,2,12,RENAULT LAGUNA,8,E01022083,0,-1
2020320150901,2020,320150901,2,9,0,2,2,0,0,0,0,0,0,0,1,2,2,1,6,6,3,40,7,1783,1,16,RENAULT LAGUNA,-1,-1,0,-1
2020360938704,2020,360938704,2,9,0,3,3,3,7,0,0,1,0,0,0,0,2,1,5,6,2,33,6,1870,2,15,RENAULT LAGUNA,4,E01018044,0,-1
2020460985531,2020,460985531,1,9,0,9,9,8,4,0,0,0,0,0,0,0,4,1,6,6,1,25,5,1998,5,13,RENAULT LAGUNA,6,E01024052,0,-1
2020221009724,2020,221009724,1,9,0,16,19,3,6,0,0,0,2,0,1,0,4,1,5,6,1,49,8,1870,2,17,RENAULT LAGUNA,9,E01029664,0,-1
2020010230574,2020,010230574,2,9,0,99,99,9,9,0,0,0,0,0,0,0,1,9,-1,-1,3,-1,-1,2946,1,15,RENAULT LAGUNA,-1,-1,0,-1
2020030977785,2020,030977785,2,9,0,3,3,4,8,0,0,0,0,0,0,0,1,1,6,6,1,31,6,1995,2,12,RENAULT LAGUNA,-1,-1,0,-1
2020400938346,2020,400938346,2,9,0,18,19,6,1,0,0,4,0,0,0,0,0,1,5,6,1,-1,-1,1998,1,15,RENAULT LAGUNA,9,E01017546,0,-1
2020110953481,2020,110953481,1,9,0,18,19,1,5,0,0,1,0,0,0,0,1,1,6,6,3,30,6,1461,2,13,RENAULT LAGUNA,-1,-1,0,-1
2020552100257,2020,552100257,1,9,0,13,13,6,2,0,0,8,0,0,0,0,1,1,6,6,3,-1,-1,1998,1,15,RENAULT LAGUNA,-1,-1,0,-1
2020010275919,2020,010275919,1,9,0,14,14,1,5,0,0,0,0,0,0,0,4,1,6,6,2,47,8,1995,2,10,RENAULT LAGUNA,2,E01000223,0,-1
2020530992827,2020,530992827,2,9,0,18,19,1,5,0,0,0,1,0,1,0,1,1,6,6,1,59,9,1995,2,11,RENAULT LAGUNA,4,E01022149,0,-1
2020410963011,2020,410963011,1,9,0,18,19,5,1,0,0,0,1,0,8,0,1,1,5,6,1,51,8,1870,2,14,RENAULT LAGUNA,-1,-1,0,-1
2020137961586,2020,137961586,1,9,0,18,19,4,8,0,0,2,5,0,1,11,1,1,6,6,1,46,8,1870,2,13,RENAULT LAGUNA,8,E01027713,0,-1
2020360941478,2020,360941478,1,9,0,18,19,5,1,0,0,0,0,0,0,0,4,1,5,6,1,35,6,1998,1,15,RENAULT LAGUNA,7,E01026773,0,-1
2020211032020,2020,211032020,1,9,-1,-1,-1,-1,-1,-1,-1,-1,-1,-1,-1,0,-1,1,6,6,2,32,6,1995,2,11,RENAULT LAGUNA,4,E01029353,0,-1
2020461002602,2020,461002602,2,9,0,8,8,7,3,0,0,2,0,0,0,0,1,1,5,6,1,82,11,2188,2,13,RENAULT LAGUNA,4,E01024645,0,-1
2020430316256,2020,430316256,1,8,0,18,19,4,8,0,0,8,0,0,0,0,1,1,1,1,1,44,7,1995,2,9,-1,4,E01016423,0,-1
2020010287949,2020,010287949,1,9,0,18,19,7,3,0,0,0,0,0,0,0,1,9,6,6,2,38,7,1995,2,13,RENAULT LAGUNA,5,E01000174,0,-1
202031B058020,2020,31B058020,1,9,0,7,7,3,5,8,6,8,0,0,0,0,0,1,6,6,2,75,10,1461,2,11,RENAULT LAGUNA,5,E01030286,0,-1
2020010248128,2020,010248128,2,9,0,5,5,3,7,0,0,1,0,0,0,0,1,1,1,1,1,37,7,1461,2,12,RENAULT LAGUNA,3,E01002403,0,-1
2020990943173,2020,990943173,1,9,0,17,19,2,7,0,0,0,1,4,0,0,1,1,1,1,1,36,7,1997,1,13,RENAULT LAGUNA,7,-1,0,-1
2020052001263,2020,052001263,2,9,0,18,19,1,5,0,0,1,0,0,0,0,1,1,1,1,1,65,9,1870,2,13,RENAULT LAGUNA,1,E01006716,0,-1
2020140975920,2020,140975920,2,9,0,5,5,7,3,0,0,1,0,0,0,0,1,1,2,2,1,39,7,1870,2,16,RENAULT LAGUNA,1,E01011916,0,-1
2020200934389,2020,200934389,1,9,0,18,19,6,2,0,0,0,1,10,1,4,1,1,6,6,1,45,7,1870,2,15,RENAULT LAGUNA,1,E01010107,0,-1
2020500963486,2020,500963486,1,9,0,18,19,3,7,0,0,0,0,0,0,0,4,1,5,6,1,52,8,1998,1,16,RENAULT LAGUNA,1,E01019004,0,-1
2020010285729,2020,010285729,1,9,0,99,99,9,9,99,99,9,9,99,9,99,2,9,6,6,2,41,7,1968,2,1,SEAT TARRACO,8,E01030697,0,-1
202031C054920,2020,31C054920,2,9,0,18,19,6,1,0,0,2,0,0,0,0,1,1,6,6,1,35,6,1968,2,1,SEAT TARRACO,2,E01013900,0,-1
202006E174271,2020,06E174271,1,9,0,7,7,5,7,0,0,1,0,10,6,2,1,1,6,6,1,43,7,1968,2,1,SEAT TARRACO,2,E01006111,0,-1
2020370991655,2020,370991655,2,9,0,10,10,5,3,0,0,8,0,0,0,0,2,1,5,6,1,57,9,1968,2,1,SEAT TARRACO,4,E01022028,0,-1
2020010257006,2020,010257006,3,9,0,15,15,3,7,0,0,0,0,0,0,0,1,1,6,6,2,38,7,1498,1,0,SEAT TARRACO,3,E01002401,0,-1
2020430097957,2020,430097957,1,9,0,9,9,7,3,0,0,5,0,0,0,0,3,1,6,6,1,54,8,1498,1,1,SEAT TARRACO,9,E01028735,0,-1
2020070565547,2020,070565547,3,9,0,3,3,3,7,0,0,1,0,0,0,0,0,1,6,6,2,45,7,1498,1,1,SEAT TARRACO,9,E01012518,0,-1
2020010252349,2020,010252349,2,9,0,18,19,3,7,0,0,2,0,0,0,0,1,1,6,6,1,27,6,1968,2,1,SEAT TARRACO,3,E01004575,0,-1
2020430146523,2020,430146523,1,9,0,9,9,8,6,0,0,6,0,0,0,0,1,1,6,6,1,-1,-1,1498,1,0,SEAT TARRACO,2,E01016458,0,-1
2020010252864,2020,010252864,1,9,0,18,19,3,7,0,0,0,0,0,0,0,0,1,6,6,1,27,6,1968,2,1,SEAT TARRACO,5,E01004381,0,-1
2020010236617,2020,010236617,1,9,0,16,19,3,7,0,0,0,0,0,1,1,1,1,6,6,2,29,6,1498,1,1,SEAT TARRACO,6,E01001289,0,-1
2020070716020,2020,070716020,1,9,0,6,6,3,3,0,0,0,0,0,0,0,3,1,3,7,2,31,6,1498,1,0,SEAT TARRACO,2,E01018542,0,-1
2020040984497,2020,040984497,1,9,0,18,19,3,7,0,0,1,0,4,0,0,4,1,5,6,1,45,7,1968,2,1,SEAT TARRACO,-1,-1,0,-1
2020990998120,2020,990998120,2,9,0,18,19,3,7,0,0,4,0,0,0,0,3,1,5,6,1,29,6,1968,2,1,SEAT TARRACO,-1,-1,0,-1
202031B008120,2020,31B008120,2,9,0,3,3,8,4,0,0,2,0,0,0,0,2,1,1,1,1,37,7,1968,2,1,SEAT TARRACO,2,E01028029,0,-1
2020430208875,2020,430208875,2,9,0,18,19,6,2,0,0,6,0,0,0,0,1,1,6,6,1,-1,-1,1498,1,0,SEAT TARRACO,-1,-1,0,-1
2020040955664,2020,040955664,1,5,0,18,19,5,1,0,0,2,0,0,0,0,1,1,5,6,1,30,6,999,1,10,Suzuki GSXR 1000,1,E01012680,0,-1
2020990976953,2020,990976953,1,5,0,18,19,2,6,0,0,0,1,0,0,0,4,1,5,6,1,61,9,999,1,9,Suzuki GSXR 1000,-1,-1,0,-1
2020040935352,2020,040935352,2,5,0,18,19,7,3,0,0,1,1,0,0,0,1,1,2,2,1,43,7,999,1,11,Suzuki GSXR 1000,1,E01025110,0,-1