collision_index,collision_year,collision_ref_no,vehicle_reference,vehicle_type,towing_and_articulation,vehicle_manoeuvre_historic,vehicle_manoeuvre,vehicle_direction_from,vehicle_direction_to,vehicle_location_restricted_lane_historic,vehicle_location_restricted_lane,junction_location,skidding_and_overturning,hit_object_in_carriageway,vehicle_leaving_carriageway,hit_object_off_carriageway,first_point_of_impact,vehicle_left_hand_drive,journey_purpose_of_driver_historic,journey_purpose_of_driver,sex_of_driver,age_of_driver,age_band_of_driver,engine_capacity_cc,propulsion_code,age_of_vehicle,generic_make_model,driver_imd_decile,lsoa_of_driver,escooter_flag,driver_distance_banding
2020530953596,2020,530953596,1,5,0,18,19,6,2,0,0,0,0,0,0,0,2,1,6,6,1,35,6,999,1,8,Suzuki GSXR 1000,-1,-1,0,-1
2020990960507,2020,990960507,1,5,0,13,13,4,7,0,0,8,2,0,0,0,1,1,5,6,1,39,7,999,1,10,Suzuki GSXR 1000,7,-1,0,-1
2020420953124,2020,420953124,1,5,0,17,19,7,3,0,0,0,5,0,2,4,3,1,5,6,1,35,6,999,1,11,Suzuki GSXR 1000,-1,-1,0,-1
202031A044120,2020,31A044120,1,5,0,13,13,2,6,0,0,0,1,7,0,0,1,1,6,6,1,43,7,999,1,11,Suzuki GSXR 1000,5,E01028243,0,-1
2020522100635,2020,522100635,2,5,0,18,19,7,3,0,0,1,0,0,0,0,1,1,6,6,1,28,6,999,1,11,Suzuki GSXR 1000,2,E01014636,0,-1
2020430438121,2020,430438121,2,5,0,18,19,4,8,0,0,0,0,0,0,0,1,1,6,6,1,47,8,999,1,9,Suzuki GSXR 1000,4,E01016673,0,-1
2020450983057,2020,450983057,2,5,0,18,19,1,3,0,0,3,5,0,4,0,3,1,5,6,2,34,6,999,1,10,Suzuki GSXR 1000,8,E01030552,0,-1
2020010280475,2020,010280475,2,4,0,13,13,5,1,0,0,0,0,0,0,0,1,1,2,2,1,44,7,200,1,8,-1,3,E01000108,0,-1
2020010276794,2020,010276794,1,9,0,99,99,9,9,99,99,0,9,99,9,99,2,9,6,6,1,22,5,2979,1,4,BMW M2,9,E01000346,0,-1
2020430412397,2020,430412397,2,9,0,18,19,6,2,0,0,4,0,0,0,0,1,1,6,6,1,-1,-1,2979,1,5,BMW M2,-1,-1,0,-1
2020440078736,2020,440078736,1,9,0,18,19,7,3,0,0,8,0,0,0,0,1,1,6,6,2,48,8,2979,1,5,BMW M2,-1,-1,0,-1
2020140953891,2020,140953891,1,9,0,18,19,3,7,0,0,0,5,0,0,0,1,1,6,6,1,22,5,2979,1,2,BMW M2,2,E01007982,0,-1
2020140994890,2020,140994890,1,9,0,18,19,7,4,6,6,0,1,11,1,2,1,1,5,6,1,22,5,2998,1,3,BMW M2,10,E01007619,0,-1
2020410987771,2020,410987771,1,9,0,18,19,2,6,0,0,0,2,0,1,10,1,1,6,6,1,21,5,2979,1,5,BMW M2,8,E01033029,0,-1
2020320930604,2020,320930604,4,9,0,18,19,3,7,0,0,0,0,0,0,0,0,1,6,6,1,31,6,2998,1,4,BMW M2,7,E01026179,0,-1
2020622000262,2020,622000262,2,9,0,18,19,1,5,0,0,0,0,0,0,0,0,1,6,6,1,20,4,2979,1,5,BMW M2,6,W01000806,0,-1
2020230995192,2020,230995192,1,9,0,16,19,5,7,0,0,0,0,10,8,2,1,1,6,6,1,25,5,2979,1,4,BMW M2,4,E01009691,0,-1
2020210982314,2020,210982314,2,9,0,18,19,7,3,0,0,0,0,0,0,0,1,1,6,6,1,26,6,2979,1,2,BMW M2,8,E01029570,0,-1
2020430185665,2020,430185665,1,9,0,18,19,6,2,0,0,4,0,0,0,0,4,1,6,6,1,37,7,2998,1,3,BMW M2,10,E01016246,0,-1
2020010285087,2020,010285087,2,9,0,99,99,9,9,99,99,0,9,99,9,99,9,9,6,6,3,-1,-1,2998,1,1,BMW M2,-1,-1,0,-1
2020460925899,2020,460925899,1,9,0,18,19,6,2,9,9,0,1,0,2,2,1,1,6,6,1,24,5,2979,1,5,BMW M2,5,E01024774,0,-1
2020440224534,2020,440224534,2,9,0,4,4,8,4,0,0,2,0,0,0,0,1,1,6,6,1,26,6,2979,1,2,BMW M2,9,E01016201,0,-1
2020170M11400,2020,170M11400,2,9,0,18,19,4,8,0,0,8,0,0,0,0,1,1,6,6,1,23,5,1998,1,0,BMW M2,9,E01012066,0,-1
2020430065771,2020,430065771,1,9,0,9,9,6,4,0,0,5,0,0,0,0,1,1,6,6,1,40,7,2979,1,2,BMW M2,5,E01032724,0,-1
20201378G1363,2020,1378G1363,1,9,0,16,19,1,5,0,0,0,5,0,7,11,1,1,6,6,2,39,7,2998,1,2,BMW M2,2,E01033031,0,-1
2020100960338,2020,100960338,1,9,0,16,19,8,4,0,0,0,0,0,1,0,1,1,6,6,1,28,6,2979,1,0,BMW M2,10,E01008357,0,-1
2020340S03542,2020,340S03542,2,9,0,7,7,2,5,0,0,4,0,0,0,0,4,1,6,6,1,23,5,2979,1,5,BMW M2,8,E01027261,0,-1
2020010283074,2020,010283074,3,9,0,18,19,5,1,0,0,2,1,0,0,0,3,1,6,6,1,29,6,2979,1,3,BMW M2,5,E01003345,0,-1
2020010277710,2020,010277710,1,9,0,9,9,3,1,0,0,5,0,0,0,0,4,1,6,6,1,42,7,2979,1,1,BMW M2,6,E01030555,0,-1
2020010275509,2020,010275509,4,9,0,13,13,7,3,0,0,0,0,0,0,0,4,1,6,6,1,26,6,2979,1,4,BMW M2,-1,-1,0,-1
2020010239237,2020,010239237,1,9,0,4,4,5,1,3,2,8,0,0,0,0,1,1,6,6,2,60,9,2998,1,2,BMW M2,-1,-1,0,-1
2020430347346,2020,430347346,1,9,0,16,19,7,2,0,0,0,1,0,2,3,3,1,1,1,1,31,6,2998,1,4,BMW M2,5,E01022542,0,-1
2020140937572,2020,140937572,1,9,0,18,19,5,1,0,0,0,0,0,0,0,1,1,5,6,1,25,5,2979,1,4,BMW M2,3,E01011783,0,-1
2020990995580,2020,990995580,1,9,0,16,19,1,5,0,0,0,0,0,0,0,1,1,2,2,1,23,5,2979,1,4,BMW M2,4,-1,0,-1
2020302000314,2020,302000314,2,9,0,9,9,2,8,0,0,1,0,0,0,0,1,1,6,6,1,30,6,2998,1,3,BMW M2,9,E01019805,0,-1
2020070291156,2020,070291156,1,9,0,13,13,5,1,0,0,0,0,0,0,0,1,1,6,6,1,29,6,2998,1,2,BMW M2,8,E01018598,0,-1
2020010284137,2020,010284137,2,9,0,17,19,8,4,0,0,8,1,7,0,0,3,1,6,6,1,32,6,2998,1,4,BMW M2,-1,-1,0,-1
2020440447038,2020,440447038,1,9,0,12,12,2,6,0,0,0,0,0,4,6,3,1,2,2,1,50,8,2979,1,1,BMW M2,10,E01030808,0,-1
2020430062494,2020,430062494,2,9,0,18,19,3,7,0,0,0,0,0,0,0,1,1,6,6,1,23,5,2979,1,5,BMW M2,10,E01030418,0,-1
2020470948201,2020,470948201,2,9,0,16,19,3,6,0,0,8,0,0,5,6,1,1,5,6,1,32,6,2979,1,3,BMW M2,6,E01031468,0,-1
2020460953980,2020,460953980,1,9,0,18,19,7,3,0,0,1,0,0,0,0,0,1,5,6,1,68,10,1998,1,0,BMW M2,10,E01024631,0,-1
2020410942086,2020,410942086,2,9,0,18,19,1,1,0,0,0,0,0,0,0,1,1,5,6,1,38,7,2979,1,5,BMW M2,10,E01023908,0,-1
2020470943208,2020,470943208,3,9,0,17,19,4,1,0,0,0,0,0,7,4,3,1,5,6,2,53,8,1910,2,13,-1,6,E01031513,0,-1
2020370967421,2020,370967421,1,17,0,9,9,3,1,0,0,8,0,0,0,0,3,1,1,1,1,37,7,4400,2,10,-1,5,E01030176,0,-1
2020351006826,2020,351006826,1,17,0,9,9,2,8,0,0,6,0,0,0,0,3,1,1,1,1,56,9,-1,2,5,-1,7,E01018026,0,-1
2020030976102,2020,030976102,2,9,0,9,9,5,1,0,0,2,0,0,0,0,1,1,6,6,2,31,6,954,1,27,-1,1,E01019295,0,-1
2020160930177,2020,160930177,2,9,0,18,19,7,3,0,0,0,0,0,0,0,2,1,2,2,1,40,7,1997,2,6,CITROEN DS4,1,E01013144,0,-1
2020010268598,2020,010268598,2,9,0,99,99,9,9,99,99,9,9,99,9,99,9,9,6,6,1,22,5,1560,2,8,CITROEN DS4,4,E01017947,0,-1
2020200967748,2020,200967748,1,9,0,18,19,2,6,0,0,2,1,0,0,0,1,1,6,6,3,-1,-1,1560,2,6,CITROEN DS4,-1,-1,0,-1
2020500978534,2020,500978534,2,9,0,17,19,3,7,0,0,0,0,0,0,0,1,1,5,6,2,29,6,1560,2,5,CITROEN DS4,2,E01020113,0,-1
2020501000858,2020,501000858,1,9,0,18,19,7,3,0,0,8,0,0,0,0,1,1,5,6,2,54,8,1598,1,6,CITROEN DS4,5,E01020224,0,-1
2020201015945,2020,201015945,2,9,0,9,9,8,5,0,0,8,0,7,7,11,2,1,6,6,2,31,6,1997,2,6,CITROEN DS4,2,E01010409,0,-1
202006XK66980,2020,06XK66980,1,9,0,18,19,7,4,0,0,0,1,0,2,7,1,1,6,6,2,20,4,1560,2,9,CITROEN DS4,8,E01025233,0,-1
2020320544531,2020,320544531,1,9,0,18,19,5,1,0,0,8,0,0,0,0,1,1,6,6,2,36,7,1560,2,9,CITROEN DS4,2,E01026177,0,-1
2020332000143,2020,332000143,2,9,0,14,14,5,1,0,0,0,0,0,0,0,1,1,6,6,1,30,6,1560,2,7,CITROEN DS4,2,E01027106,0,-1
2020350952703,2020,350952703,1,9,0,9,9,1,1,0,0,2,0,0,0,0,3,1,1,1,2,50,8,1560,2,8,CITROEN DS4,2,E01033111,0,-1
2020140938883,2020,140938883,6,9,0,18,19,3,7,0,0,0,0,1,0,0,1,1,2,2,1,42,7,1560,2,7,CITROEN DS4,6,E01008030,0,-1
2020040990370,2020,040990370,1,9,0,5,5,7,3,0,0,6,0,0,0,0,0,1,5,6,1,32,6,1560,2,8,CITROEN DS4,7,E01025585,0,-1
2020201001295,2020,201001295,1,9,0,18,19,1,5,0,0,4,1,0,0,0,1,1,6,6,1,36,7,1560,2,8,CITROEN DS4,6,E01029869,0,-1
2020200965705,2020,200965705,2,9,0,16,19,5,1,0,0,8,0,0,0,0,0,1,6,6,1,31,6,1560,2,7,CITROEN DS4,3,E01010320,0,-1
202006K170446,2020,06K170446,2,9,0,18,19,1,5,0,0,8,0,0,0,0,1,1,6,6,1,59,9,1598,1,7,CITROEN DS4,1,E01033220,0,-1
202006N173366,2020,06N173366,1,9,0,7,7,5,7,0,0,2,0,0,0,0,4,1,6,6,3,-1,-1,1598,1,8,CITROEN DS4,-1,-1,0,-1
2020410979975,2020,410979975,2,9,0,5,5,1,3,0,0,4,0,0,0,0,1,1,6,6,2,51,8,1560,2,8,CITROEN DS4,9,E01023477,0,-1
2020440438516,2020,440438516,1,9,0,10,10,4,2,0,0,8,0,0,0,0,2,1,2,2,1,45,7,1997,2,5,CITROEN DS4,10,E01022691,0,-1
2020460990068,2020,460990068,2,9,0,4,4,5,1,0,0,1,0,0,0,0,2,1,5,6,1,32,6,1598,1,6,CITROEN DS4,2,E01024093,0,-1
2020230996449,2020,230996449,2,9,0,18,19,7,2,0,0,8,1,0,0,0,3,1,5,6,1,25,5,1598,1,9,CITROEN DS4,2,E01010239,0,-1
2020501003391,2020,501003391,3,9,0,10,10,4,2,0,0,6,0,0,0,0,1,1,6,6,2,30,6,1560,2,7,CITROEN DS4,3,E01018815,0,-1
2020990976939,2020,990976939,1,9,0,18,19,6,2,0,0,0,0,0,0,0,1,1,6,6,1,52,8,1560,2,8,CITROEN DS4,7,-1,0,-1
202006F177472,2020,06F177472,1,9,0,18,19,6,2,0,0,0,1,0,8,1,4,1,6,6,1,59,9,1560,2,9,CITROEN DS4,6,E01005620,0,-1
2020440414045,2020,440414045,1,9,0,18,19,2,6,0,0,0,2,0,2,10,4,1,6,6,1,41,7,1997,2,7,CITROEN DS4,9,E01016193,0,-1
2020040936972,2020,040936972,3,9,0,4,4,1,5,0,0,0,0,0,0,0,2,1,5,6,1,21,5,1997,2,9,CITROEN DS4,8,E01025542,0,-1
2020610020620,2020,610020620,1,9,0,16,19,4,7,0,0,1,0,0,0,0,1,1,6,6,1,50,8,1560,2,7,CITROEN DS4,7,W01001507,0,-1
2020210977651,2020,210977651,1,9,0,18,19,4,8,0,0,8,0,0,0,0,1,1,3,7,2,30,6,1560,2,8,CITROEN DS4,5,E01029829,0,-1
20201379O0321,2020,1379O0321,2,9,0,18,19,7,3,0,0,2,0,0,0,0,3,1,6,6,1,29,6,2777,2,11,-1,3,E01032606,0,-1
2020500956362,2020,500956362,3,9,0,2,2,0,0,0,0,0,0,0,0,0,2,1,6,6,1,-1,-1,2777,2,12,-1,-1,-1,0,-1
2020410986056,2020,410986056,1,9,0,18,19,8,4,6,6,0,0,0,0,0,4,1,5,6,1,59,9,2777,2,11,-1,10,E01023526,0,-1
2020320548938,2020,320548938,1,9,0,9,9,2,1,0,0,2,0,0,0,0,1,1,2,2,2,51,8,1560,2,4,DS DS4,5,E01026409,0,-1
2020549104720,2020,549104720,2,9,0,18,19,5,1,0,0,2,0,0,0,0,3,1,6,6,2,50,8,1560,2,3,DS DS4,7,E01032082,0,-1
2020052002359,2020,052002359,2,9,0,3,3,7,3,0,0,0,0,0,0,0,2,1,6,6,2,21,5,1560,2,4,DS DS4,9,E01007101,0,-1
2020220990126,2020,220990126,1,9,0,17,19,2,8,0,0,0,0,0,0,0,1,1,5,6,2,22,5,1200,1,4,DS DS4,4,E01032358,0,-1
2020500990075,2020,500990075,1,9,0,18,19,7,3,0,0,0,0,0,0,0,1,1,1,1,1,52,8,1560,2,4,DS DS4,5,E01015174,0,-1
2020052002134,2020,052002134,3,9,0,18,19,3,7,0,0,8,0,0,0,0,1,1,2,2,1,57,9,1560,2,3,DS DS4,5,E01007074,0,-1
2020990982914,2020,990982914,1,9,0,18,19,4,8,0,0,0,0,0,7,9,1,1,5,6,2,20,4,1560,2,4,DS DS4,7,-1,0,-1
2020170M10340,2020,170M10340,2,9,0,18,19,8,3,0,0,8,0,0,0,0,3,1,6,6,1,26,6,1560,2,4,DS DS4,9,E01012208,0,-1
2020200927478,2020,200927478,2,9,0,2,2,0,0,0,0,0,0,4,0,0,3,1,6,6,2,-1,-1,1560,2,4,DS DS4,-1,-1,0,-1
2020010248569,2020,010248569,2,9,0,99,99,1,5,0,0,0,9,0,0,99,1,9,6,6,3,86,11,1997,2,3,DS DS4,6,E01017810,0,-1
2020990965624,2020,990965624,1,9,0,18,19,3,7,5,5,0,0,0,1,1,1,1,5,6,2,43,7,1560,2,5,DS DS4,2,-1,0,-1
2020500990061,2020,500990061,2,5,0,18,19,0,0,0,0,0,0,0,0,0,1,1,6,6,1,55,8,1584,1,12,-1,8,E01019934,0,-1
2020070669860,2020,070669860,2,5,0,14,14,1,5,0,0,2,5,0,0,0,1,1,6,6,1,64,9,1745,1,2,-1,9,E01029816,0,-1
2020010269228,2020,010269228,1,5,0,99,99,9,9,2,2,0,9,99,9,99,1,1,2,2,1,53,8,1745,1,3,-1,6,E01002298,0,-1
2020200970173,2020,200970173,2,5,0,18,19,2,6,0,0,8,0,0,0,0,1,1,6,6,1,39,7,996,1,17,-1,5,E01009072,0,-1
2020122000262,2020,122000262,1,5,0,4,4,2,6,0,0,0,1,0,0,0,3,1,6,6,1,71,10,996,1,23,-1,1,E01025230,0,-1
2020211026374,2020,211026374,1,5,0,14,14,3,7,0,0,8,0,0,0,0,1,1,2,2,1,36,7,996,1,17,-1,4,E01028849,0,-1
2020440324637,2020,440324637,1,5,0,18,19,4,2,0,0,8,0,0,0,0,3,1,6,6,1,39,7,996,1,23,-1,8,E01016269,0,-1
2020200960887,2020,200960887,1,5,0,16,19,5,1,0,0,0,1,0,0,0,1,1,6,6,1,39,7,1000,1,22,-1,-1,-1,0,-1
2020010253264,2020,010253264,1,5,0,18,19,3,7,0,0,0,5,0,0,0,3,1,6,6,1,37,7,1150,1,9,-1,9,E01021335,0,-1
2020010243452,2020,010243452,2,5,0,18,19,1,5,0,0,1,0,0,0,0,1,1,6,6,1,48,8,1150,1,12,-1,7,E01030859,0,-1
2020622000384,2020,622000384,2,5,0,18,19,3,7,0,0,1,0,0,0,0,1,1,6,6,1,34,6,1150,1,9,-1,3,W01001706,0,-1
2020320249189,2020,320249189,1,5,0,18,19,7,3,0,0,0,2,0,7,0,0,1,6,6,1,44,7,1150,1,9,-1,2,E01026375,0,-1
2020990988569,2020,990988569,1,4,0,17,19,8,4,0,0,0,0,0,1,0,1,1,5,6,2,50,8,373,1,2,KTM 390 DUKE,7,-1,0,-1
2020990946696,2020,990946696,1,4,0,7,7,5,8,0,0,8,0,0,0,0,4,1,5,6,1,20,4,373,1,2,KTM 390 DUKE,7,-1,0,-1
2020010229758,2020,010229758,2,3,0,5,5,3,7,0,0,1,0,0,3,0,1,1,2,2,1,20,4,373,1,3,-1,7,E01003476,0,-1
202031B042520,2020,31B042520,2,4,0,17,19,4,8,0,0,0,0,0,0,0,3,1,6,6,1,55,8,373,1,2,KTM 390 DUKE,5,E01028342,0,-1
2020430401116,2020,430401116,1,4,0,18,19,2,6,0,0,0,0,0,1,2,1,1,2,2,1,44,7,373,1,2,KTM 390 DUKE,10,E01002152,0,-1
202031D099220,2020,31D099220,1,4,0,18,19,3,7,0,0,1,0,0,0,0,1,1,6,6,1,24,5,373,1,4,KTM 390 DUKE,8,E01019476,0,-1
2020470954254,2020,470954254,2,4,0,18,19,3,7,0,0,0,0,0,0,0,1,1,5,6,1,58,9,373,1,3,KTM 390 DUKE,8,E01031617,0,-1
2020010277597,2020,010277597,2,4,0,18,19,7,3,0,0,0,0,0,0,0,3,1,2,2,1,34,6,373,1,1,KTM 390 DUKE,7,E01015983,0,-1
2020420969107,2020,420969107,2,4,0,18,19,4,8,0,0,0,0,0,0,0,1,1,5,6,1,33,6,373,1,5,KTM 390 DUKE,10,E01021584,0,-1
2020522003886,2020,522003886,2,4,0,18,19,6,2,0,0,0,0,4,0,0,1,1,6,6,1,20,4,373,1,0,KTM 390 DUKE,2,E01014602,0,-1
2020500990101,2020,500990101,2,4,0,18,19,1,5,0,0,8,0,0,0,0,1,1,5,6,1,19,4,373,1,3,KTM 390 DUKE,7,E01020047,0,-1
2020460956698,2020,460956698,1,3,0,18,19,1,5,0,0,0,0,0,0,0,1,1,6,6,1,-1,-1,373,1,3,-1,-1,-1,0,-1
2020010254854,2020,010254854,2,4,0,15,15,1,5,0,0,8,5,0,0,0,1,1,6,6,1,20,4,373,1,0,KTM 390 DUKE,4,E01001176,0,-1
2020010278192,2020,010278192,1,4,0,13,13,7,3,0,0,8,0,0,0,0,1,1,6,6,1,27,6,373,1,4,KTM 390 DUKE,2,E01004524,0,-1
2020552000873,2020,552000873,1,4,0,18,19,8,4,0,0,0,0,0,8,11,1,1,6,6,2,66,10,373,1,0,KTM 390 DUKE,10,E01015400,0,-1
2020010275559,2020,010275559,2,4,0,99,99,9,9,0,0,0,0,0,0,0,1,1,6,6,3,44,7,373,1,3,KTM 390 DUKE,8,E01003471,0,-1
2020990983695,2020,990983695,2,5,0,16,19,6,2,0,0,0,1,4,0,0,1,1,6,6,1,25,5,942,1,14,-1,4,-1,0,-1
2020500957423,2020,500957423,1,5,0,4,4,6,2,0,0,0,1,0,0,0,3,1,5,6,1,50,8,942,2,15,-1,6,E01018959,0,-1
2020990963449,2020,990963449,1,5,0,18,19,1,5,0,0,1,1,0,1,11,1,1,5,6,1,53,8,942,1,13,-1,8,-1,0,-1
2020230975166,2020,230975166,2,5,0,13,13,2,6,0,0,8,0,0,0,0,1,1,5,6,1,60,9,942,1,13,-1,5,E01031312,0,-1
2020302001319,2020,302001319,1,5,0,18,19,2,7,0,0,0,1,0,0,0,1,1,6,6,1,48,8,942,1,13,-1,3,E01013455,0,-1
2020040958687,2020,040958687,1,5,0,16,19,3,7,0,0,0,2,0,7,0,1,1,5,6,1,70,10,749,1,20,-1,7,E01025131,0,-1
2020440200469,2020,440200469,1,5,0,18,19,3,7,0,0,0,0,12,0,0,1,1,6,6,1,55,8,1151,1,6,-1,8,E01022607,0,-1
2020070760516,2020,070760516,2,5,0,18,19,3,7,2,2,1,0,0,0,0,1,1,6,6,1,59,9,1151,1,8,-1,1,E01012444,0,-1
2020200928901,2020,200928901,2,9,0,11,11,8,4,0,0,0,0,0,0,0,0,1,6,6,2,36,7,1560,2,2,PEUGEOT 2008,10,E01010108,0,-1
202006K274129,2020,06K274129,1,9,0,7,7,1,3,0,0,8,0,0,0,0,1,1,6,6,1,69,10,1200,1,4,PEUGEOT 2008,3,E01004772,0,-1
2020430276089,2020,430276089,1,9,0,18,19,2,6,0,0,2,0,0,0,0,1,1,2,2,2,31,6,1200,1,4,PEUGEOT 2008,2,E01016726,0,-1
2020200940922,2020,200940922,2,9,0,3,3,8,4,0,0,0,0,0,0,0,2,1,3,7,1,36,7,1200,1,7,PEUGEOT 2008,4,E01009711,0,-1
2020460965691,2020,460965691,2,9,0,18,19,6,2,0,0,0,0,0,0,0,3,1,5,6,1,29,6,1200,1,1,PEUGEOT 2008,5,E01032063,0,-1
2020470971215,2020,470971215,1,9,0,5,5,8,5,0,0,1,0,0,0,0,1,1,5,6,2,52,8,1200,1,1,PEUGEOT 2008,2,E01021179,0,-1
2020010252298,2020,010252298,1,9,0,3,3,1,5,0,0,7,0,0,0,0,2,1,6,6,1,62,9,1560,2,3,PEUGEOT 2008,10,E01002917,0,-1
2020230986060,2020,230986060,1,9,0,9,9,6,4,0,0,5,0,0,0,0,1,1,5,6,2,55,8,1560,2,6,PEUGEOT 2008,4,E01031115,0,-1
2020460938666,2020,460938666,2,9,0,18,19,5,1,0,0,1,0,0,0,0,2,1,6,6,1,58,9,1560,2,6,PEUGEOT 2008,5,E01024319,0,-1
2020160925975,2020,160925975,1,9,0,18,19,6,2,0,0,4,0,0,0,0,1,1,5,6,1,82,11,1200,1,3,PEUGEOT 2008,5,E01012991,0,-1
202063B006620,2020,63B006620,2,9,0,18,19,6,2,0,0,1,0,0,0,0,1,1,6,6,1,88,11,1200,1,1,PEUGEOT 2008,7,W01000532,0,-1
2020450955746,2020,450955746,2,9,0,18,19,1,5,0,0,8,0,0,7,4,1,1,5,6,2,29,6,1560,2,5,PEUGEOT 2008,6,E01024428,0,-1
2020451005583,2020,451005583,1,9,0,7,7,4,8,0,0,0,5,4,7,0,1,1,5,6,2,42,7,1199,1,1,PEUGEOT 2008,7,E01030414,0,-1
2020040970028,2020,040970028,2,9,0,17,19,4,7,0,0,8,0,0,0,0,4,1,5,6,1,32,6,1398,2,5,PEUGEOT 2008,3,E01025069,0,-1
2020990951298,2020,990951298,1,9,0,18,19,1,4,0,0,4,0,0,0,0,1,1,2,2,1,24,5,1560,2,4,PEUGEOT 2008,1,-1,0,-1
2020040976857,2020,040976857,2,9,0,2,2,0,0,0,0,2,0,0,0,0,2,1,6,6,2,60,9,1560,2,5,PEUGEOT 2008,1,E01025583,0,-1
2020371000889,2020,371000889,1,9,0,18,19,6,2,0,0,0,0,0,0,0,1,1,3,7,1,28,6,1560,2,6,PEUGEOT 2008,1,E01030277,0,-1
2020400998280,2020,400998280,2,9,0,3,3,5,1,0,0,4,0,0,0,0,2,1,5,6,2,50,8,1560,2,6,PEUGEOT 2008,10,E01030476,0,-1
2020220969743,2020,220969743,2,9,0,5,5,5,1,0,0,0,0,0,0,0,1,1,6,6,1,36,7,1560,2,4,PEUGEOT 2008,7,E01028856,0,-1
2020548427820,2020,548427820,2,9,0,17,19,1,5,0,0,0,0,0,0,0,1,1,6,6,2,49,8,1200,1,3,PEUGEOT 2008,7,E01031872,0,-1
202006XN68409,2020,06XN68409,3,9,0,18,19,2,6,0,0,0,0,0,0,0,1,1,6,6,1,32,6,1199,1,1,PEUGEOT 2008,6,E01005962,0,-1
2020220987697,2020,220987697,2,9,0,7,7,7,1,0,0,5,0,0,0,0,4,1,5,6,1,45,7,1199,1,2,PEUGEOT 2008,2,E01014152,0,-1
2020530990649,2020,530990649,1,9,0,18,19,7,3,0,0,0,0,0,0,0,4,1,2,2,1,71,10,1560,2,4,PEUGEOT 2008,10,E01022425,0,-1
2020170S10850,2020,170S10850,1,9,0,18,19,5,1,0,0,8,0,0,0,0,1,1,6,6,1,55,8,1560,2,6,PEUGEOT 2008,-1,-1,0,-1
2020010256887,2020,010256887,3,9,0,99,99,9,9,99,99,9,9,99,9,99,1,9,6,6,3,-1,-1,1560,2,6,PEUGEOT 2008,-1,-1,0,-1
2020140938943,2020,140938943,1,9,0,12,12,7,3,0,0,0,0,0,0,0,2,1,5,6,1,25,5,1560,2,6,PEUGEOT 2008,4,E01011314,0,-1
2020160970930,2020,160970930,5,9,0,18,19,1,5,0,0,0,0,0,0,0,2,1,6,6,1,30,6,1200,1,2,PEUGEOT 2008,4,E01012901,0,-1
2020010238433,2020,010238433,2,9,0,5,5,1,5,0,0,1,0,0,0,0,1,1,6,6,2,31,6,1560,2,5,PEUGEOT 2008,5,E01033732,0,-1
2020122000256,2020,122000256,1,9,0,18,19,7,3,0,0,1,0,0,0,0,3,1,6,6,1,72,10,1560,2,4,PEUGEOT 2008,8,E01027682,0,-1
2020400964475,2020,400964475,1,9,0,18,19,4,8,0,0,1,0,0,0,0,1,1,6,6,1,67,10,1498,2,1,PEUGEOT 2008,3,E01017522,0,-1
2020410931297,2020,410931297,1,9,0,18,19,1,4,0,0,8,0,0,0,0,1,1,5,6,2,65,9,1200,1,0,PEUGEOT 2008,3,E01023326,0,-1
2020990956110,2020,990956110,2,9,0,15,15,3,7,0,0,1,0,0,0,0,3,2,5,6,2,33,6,1200,1,5,PEUGEOT 2008,1,-1,0,-1
2020420960328,2020,420960328,1,9,0,18,19,7,3,0,0,0,2,0,8,2,1,1,5,6,1,30,6,1200,1,6,PEUGEOT 2008,-1,-1,0,-1
2020010249417,2020,010249417,1,9,0,18,19,7,3,0,0,8,0,0,0,0,1,1,6,6,1,31,6,1200,1,6,PEUGEOT 2008,7,E01002577,0,-1
2020990933495,2020,990933495,1,9,0,18,19,8,4,0,0,2,0,0,0,0,1,1,2,2,2,28,6,1560,2,6,PEUGEOT 2008,2,-1,0,-1
20201371T1179,2020,1371T1179,1,9,0,18,19,6,2,0,0,0,0,0,0,0,1,1,6,6,3,-1,-1,1560,2,3,PEUGEOT 2008,-1,-1,0,-1
2020430043668,2020,430043668,2,9,0,18,19,8,4,0,0,8,0,0,0,0,1,1,3,7,2,35,6,1560,2,4,PEUGEOT 2008,6,E01028570,0,-1
2020501002599,2020,501002599,1,9,0,9,9,8,2,0,0,1,0,0,0,0,3,1,5,6,2,66,10,1398,2,5,PEUGEOT 2008,5,E01015179,0,-1
2020450952693,2020,450952693,1,9,0,18,19,7,3,0,0,0,0,0,0,0,3,1,6,6,3,18,4,1200,1,6,PEUGEOT 2008,10,E01022848,0,-1
2020530945476,2020,530945476,1,9,0,9,9,3,1,0,0,6,0,0,0,0,1,1,5,6,2,36,7,1200,1,2,PEUGEOT 2008,10,E01022167,0,-1
2020990921739,2020,990921739,1,9,0,9,9,3,8,0,0,2,0,0,0,0,1,1,5,6,1,70,10,1498,2,1,PEUGEOT 2008,1,-1,0,-1
2020010282898,2020,010282898,2,9,9,99,99,9,9,99,99,9,9,99,9,99,9,9,6,6,3,-1,-1,1199,1,1,PEUGEOT 2008,-1,-1,0,-1
2020351006716,2020,351006716,1,9,0,18,19,3,7,0,0,0,0,0,0,0,2,1,5,6,2,-1,-1,1560,2,6,PEUGEOT 2008,3,E01015652,0,-1