collision_index,collision_year,collision_ref_no,vehicle_reference,vehicle_type,towing_and_articulation,vehicle_manoeuvre_historic,vehicle_manoeuvre,vehicle_direction_from,vehicle_direction_to,vehicle_location_restricted_lane_historic,vehicle_location_restricted_lane,junction_location,skidding_and_overturning,hit_object_in_carriageway,vehicle_leaving_carriageway,hit_object_off_carriageway,first_point_of_impact,vehicle_left_hand_drive,journey_purpose_of_driver_historic,journey_purpose_of_driver,sex_of_driver,age_of_driver,age_band_of_driver,engine_capacity_cc,propulsion_code,age_of_vehicle,generic_make_model,driver_imd_decile,lsoa_of_driver,escooter_flag,driver_distance_banding
2020110915552,2020,110915552,1,9,0,18,19,8,4,0,0,0,0,0,0,0,1,1,6,6,1,65,9,1200,1,3,PEUGEOT 2008,-1,-1,0,-1
2020500934869,2020,500934869,1,9,0,18,19,2,6,0,0,1,0,0,3,0,1,1,6,6,2,54,8,1598,1,7,PEUGEOT 2008,6,E01020056,0,-1
2020990965630,2020,990965630,1,9,0,18,19,2,6,0,0,0,0,0,0,0,1,1,1,1,2,39,7,1200,1,3,PEUGEOT 2008,4,-1,0,-1
2020430349723,2020,430349723,1,9,0,9,9,3,8,0,0,6,0,0,0,0,1,1,6,6,1,68,10,1200,1,3,PEUGEOT 2008,7,E01028432,0,-1
2020500976980,2020,500976980,2,9,0,9,9,3,7,0,0,0,0,0,0,0,3,1,1,1,2,42,7,1200,1,5,PEUGEOT 2008,9,E01019993,0,-1
2020430357965,2020,430357965,1,9,0,18,19,3,7,0,0,0,0,0,0,0,4,1,2,2,2,30,6,1560,2,3,PEUGEOT 2008,8,E01022213,0,-1
2020010269663,2020,010269663,2,9,0,99,99,9,9,99,99,9,9,99,9,99,1,9,6,6,3,30,6,1200,1,0,PEUGEOT 2008,-1,-1,0,-1
2020450984410,2020,450984410,1,9,0,18,19,1,5,0,0,0,0,4,0,0,1,1,5,6,1,87,11,1200,1,4,PEUGEOT 2008,9,E01030718,0,-1
2020052000651,2020,052000651,2,9,0,3,3,1,5,0,0,8,0,0,0,0,2,1,6,6,2,45,7,1560,2,6,PEUGEOT 2008,3,E01007216,0,-1
2020040977294,2020,040977294,1,9,0,9,9,4,2,0,0,6,0,0,0,0,1,1,5,6,2,32,6,1560,2,6,PEUGEOT 2008,1,E01033231,0,-1
2020430014299,2020,430014299,1,9,0,9,9,3,1,0,0,6,0,0,0,0,1,1,6,6,2,51,8,1560,2,6,PEUGEOT 2008,5,E01016367,0,-1
202063A053320,2020,63A053320,2,9,0,18,19,8,4,0,0,1,0,0,0,0,2,1,6,6,2,22,5,1200,1,4,PEUGEOT 2008,9,E01030413,0,-1
2020501007566,2020,501007566,1,9,0,18,19,5,1,0,0,0,0,0,7,11,1,1,6,6,2,74,10,1398,2,6,PEUGEOT 2008,6,E01020207,0,-1
2020522002579,2020,522002579,2,9,0,9,9,4,2,0,0,5,5,0,0,0,3,1,6,6,1,35,6,1199,1,1,PEUGEOT 2008,3,E01014622,0,-1
2020520100427,2020,520100427,2,9,0,18,19,6,2,0,0,8,0,0,0,0,1,1,6,6,2,56,9,1560,2,6,PEUGEOT 2008,6,E01023155,0,-1
2020160999407,2020,160999407,1,9,0,18,19,2,6,0,0,4,0,0,0,0,3,1,6,6,1,47,8,1560,2,3,PEUGEOT 2008,3,E01012899,0,-1
2020070433471,2020,070433471,3,9,0,2,2,0,0,0,0,0,0,0,0,0,2,1,6,6,3,-1,-1,1200,1,1,PEUGEOT 2008,-1,-1,0,-1
2020990965824,2020,990965824,2,9,0,9,9,7,4,0,0,8,0,0,0,0,4,1,6,6,1,33,6,1200,1,1,PEUGEOT 2008,7,-1,0,-1
2020010262311,2020,010262311,1,9,0,7,7,5,8,0,0,2,0,10,2,1,1,1,6,6,2,41,7,1200,1,4,PEUGEOT 2008,2,E01001912,0,-1
2020040945290,2020,040945290,1,9,0,18,19,1,5,8,6,0,0,0,0,0,1,1,5,6,1,63,9,1200,1,4,PEUGEOT 2008,4,E01025034,0,-1
2020200931663,2020,200931663,1,9,0,10,10,3,7,0,0,1,0,0,0,0,2,1,6,6,2,56,9,1200,1,2,PEUGEOT 2008,4,E01010149,0,-1
2020052001550,2020,052001550,1,9,0,11,11,1,6,0,0,3,0,0,0,0,4,1,6,6,1,62,9,1200,1,2,PEUGEOT 2008,2,E01006616,0,-1
2020010281207,2020,010281207,1,9,0,99,99,9,9,99,99,9,9,99,9,99,1,9,6,6,2,41,7,1200,1,3,PEUGEOT 2008,6,E01000407,0,-1
2020420956423,2020,420956423,1,9,0,18,19,5,1,0,0,1,5,10,2,2,1,1,5,6,1,22,5,1200,1,6,PEUGEOT 2008,3,E01021641,0,-1
2020622000694,2020,622000694,3,9,0,2,2,0,0,6,6,0,0,0,0,0,2,1,6,6,3,-1,-1,1200,1,1,PEUGEOT 2008,-1,-1,0,-1
2020520002569,2020,520002569,2,9,0,9,9,1,6,0,0,8,0,0,0,0,1,1,6,6,2,57,9,1560,2,4,PEUGEOT 2008,5,E01019902,0,-1
2020500996137,2020,500996137,1,9,0,17,19,1,5,0,0,0,0,0,0,0,1,1,5,6,2,33,6,1560,2,5,PEUGEOT 2008,4,E01020322,0,-1
2020200947507,2020,200947507,2,9,0,3,3,1,5,0,0,1,0,0,0,0,2,1,6,6,1,79,11,1200,1,2,PEUGEOT 2008,7,E01009450,0,-1
2020990948615,2020,990948615,1,9,0,18,19,8,4,0,0,0,0,0,0,0,1,1,2,2,2,28,6,1560,2,3,PEUGEOT 2008,4,-1,0,-1
2020040985709,2020,040985709,2,9,0,18,19,7,3,0,0,0,0,0,0,0,3,1,5,6,2,39,7,1200,1,3,PEUGEOT 2008,5,E01025415,0,-1
2020990963831,2020,990963831,1,9,0,9,9,6,4,0,0,8,0,0,0,0,4,1,5,6,1,31,6,1200,1,3,PEUGEOT 2008,2,-1,0,-1
2020990990688,2020,990990688,2,9,0,18,19,3,7,0,0,8,0,0,0,0,1,1,5,6,1,60,9,1560,2,4,PEUGEOT 2008,8,-1,0,-1
2020070142238,2020,070142238,1,9,0,18,19,3,7,0,0,6,0,0,0,0,4,1,6,6,1,33,6,1200,1,4,PEUGEOT 2008,8,E01018440,0,-1
2020360972120,2020,360972120,1,9,0,18,19,5,3,0,0,2,0,0,0,0,1,1,5,6,1,72,10,1560,2,5,PEUGEOT 2008,5,E01026783,0,-1
2020230990125,2020,230990125,1,9,0,9,9,2,7,0,0,1,0,0,0,0,4,1,5,6,1,50,8,1199,1,2,PEUGEOT 2008,5,E01031056,0,-1
2020500961441,2020,500961441,1,9,0,18,19,1,5,0,0,4,0,0,0,0,1,1,6,6,1,59,9,1560,2,5,PEUGEOT 2008,5,E01020123,0,-1
2020460981503,2020,460981503,2,9,0,3,3,5,1,0,0,0,0,0,0,0,2,1,5,6,2,75,10,1560,2,4,PEUGEOT 2008,6,E01024127,0,-1
2020160943947,2020,160943947,2,9,0,7,7,7,3,0,0,1,0,0,0,0,4,1,6,6,1,27,6,1200,1,5,PEUGEOT 2008,1,E01033109,0,-1
2020991016962,2020,991016962,1,9,0,18,19,8,4,0,0,0,0,0,0,0,0,1,5,6,1,50,8,1498,2,2,PEUGEOT 2008,7,-1,0,-1
2020052001463,2020,052001463,2,9,0,9,9,5,3,0,0,8,0,0,0,0,4,1,6,6,1,26,6,1560,2,6,PEUGEOT 2008,1,E01033300,0,-1
2020137151394,2020,137151394,1,9,0,7,7,6,1,0,0,6,0,0,0,0,1,1,6,6,1,49,8,1560,2,4,PEUGEOT 2008,6,E01010588,0,-1
2020220971194,2020,220971194,4,9,0,2,2,0,0,0,0,1,0,0,0,0,3,1,5,6,2,38,7,1498,2,2,PEUGEOT 2008,7,E01008949,0,-1
2020430410488,2020,430410488,1,9,0,18,19,7,3,0,0,1,0,0,0,0,1,1,6,6,2,35,6,1560,2,4,PEUGEOT 2008,-1,-1,0,-1
2020040960722,2020,040960722,1,9,0,5,5,5,1,0,0,0,0,0,0,0,1,1,6,6,3,-1,-1,1560,2,3,PEUGEOT 2008,-1,-1,0,-1
2020371000542,2020,371000542,1,9,0,9,9,3,7,0,0,1,0,0,0,0,3,1,6,6,1,55,8,1398,2,5,PEUGEOT 2008,9,E01030072,0,-1
2020230959171,2020,230959171,2,9,0,18,19,4,8,0,0,0,0,0,4,6,1,1,5,6,1,70,10,1200,1,6,PEUGEOT 2008,4,E01031060,0,-1
2020522004613,2020,522004613,3,9,0,3,3,6,2,0,0,4,0,0,0,0,0,1,6,6,2,32,6,1200,1,5,PEUGEOT 2008,1,E01014639,0,-1
2020460992709,2020,460992709,4,9,0,2,2,0,0,0,0,1,0,0,0,0,3,1,5,6,2,-1,-1,1560,2,6,PEUGEOT 2008,2,E01016061,0,-1
2020211020375,2020,211020375,1,9,0,13,13,8,4,0,0,0,0,0,0,0,4,1,6,6,1,83,11,1200,1,0,PEUGEOT 2008,3,E01014364,0,-1
2020440447287,2020,440447287,1,9,0,5,5,3,5,0,0,8,0,0,0,0,1,1,6,6,3,-1,-1,1560,2,7,PEUGEOT 2008,-1,-1,0,-1
2020610018720,2020,610018720,1,9,0,18,19,3,7,0,0,8,1,0,0,0,4,1,6,6,1,31,6,1560,2,6,PEUGEOT 2008,1,W01001453,0,-1
202006Q173394,2020,06Q173394,1,9,0,4,4,7,3,0,0,1,0,0,0,0,4,1,6,6,2,32,6,1560,2,3,PEUGEOT 2008,3,E01005421,0,-1
2020040984542,2020,040984542,2,9,0,17,19,2,6,0,0,1,0,0,0,0,1,1,1,1,2,47,8,1200,1,2,PEUGEOT 2008,7,E01025339,0,-1
2020137391231,2020,137391231,1,9,0,14,14,1,5,0,0,0,0,0,0,0,1,1,6,6,1,57,9,1560,2,4,PEUGEOT 2008,6,E01011076,0,-1
2020122000181,2020,122000181,2,9,0,18,19,2,6,0,0,1,0,0,0,0,1,1,6,6,1,21,5,1199,1,1,PEUGEOT 2008,1,E01005225,0,-1
2020010270245,2020,010270245,1,9,0,4,4,3,7,0,0,8,0,0,0,0,2,1,6,6,2,43,7,1560,2,6,PEUGEOT 2008,4,E01000235,0,-1
2020110964112,2020,110964112,2,9,0,18,19,7,3,0,0,2,0,0,0,0,1,1,5,6,2,60,9,1200,1,2,PEUGEOT 2008,2,E01020892,0,-1
2020070428050,2020,070428050,2,9,0,4,4,7,3,0,0,0,0,0,0,0,2,1,6,6,2,27,6,1200,1,4,PEUGEOT 2008,2,E01012425,0,-1
2020010252562,2020,010252562,2,9,0,3,3,1,5,0,0,0,0,0,0,0,2,1,6,6,1,32,6,1200,1,5,PEUGEOT 2008,7,E01015964,0,-1
2020010252316,2020,010252316,2,9,0,18,19,5,1,0,0,0,0,0,0,0,1,1,6,6,1,27,6,1560,2,6,PEUGEOT 2008,1,E01004675,0,-1
2020552001215,2020,552001215,2,9,0,18,19,7,3,0,0,0,0,0,1,1,1,1,6,6,2,53,8,1560,2,3,PEUGEOT 2008,7,E01020507,0,-1
2020010277848,2020,010277848,2,9,0,12,12,5,1,0,0,2,0,0,0,0,2,1,6,6,1,47,8,1598,1,5,PEUGEOT 2008,2,E01003324,0,-1
2020522003460,2020,522003460,1,9,0,18,19,6,2,0,0,0,0,0,0,0,2,1,6,6,2,43,7,1560,2,5,PEUGEOT 2008,7,E01014611,0,-1
2020530927909,2020,530927909,3,9,0,5,5,7,3,0,0,1,0,0,0,0,1,1,2,2,1,56,9,1560,2,4,PEUGEOT 2008,7,E01022206,0,-1
2020122001119,2020,122001119,1,9,0,18,19,5,1,0,0,1,0,0,0,0,1,1,6,6,1,81,11,1560,2,6,PEUGEOT 2008,8,E01033185,0,-1
2020200946292,2020,200946292,1,9,0,18,19,-1,-1,0,0,8,0,0,0,0,1,1,6,6,1,-1,-1,1200,1,4,PEUGEOT 2008,-1,-1,0,-1
2020010259801,2020,010259801,1,9,0,18,19,7,3,0,0,2,0,4,0,0,1,1,6,6,2,31,6,1200,1,6,PEUGEOT 2008,-1,-1,0,-1
2020052002127,2020,052002127,1,9,0,9,9,7,3,0,0,8,0,0,0,0,3,1,6,6,2,77,11,1200,1,2,PEUGEOT 2008,5,E01006427,0,-1
2020360989922,2020,360989922,1,9,0,18,19,8,4,0,0,0,0,0,0,0,1,1,5,6,1,60,9,1200,1,6,PEUGEOT 2008,10,E01026852,0,-1
2020990951047,2020,990951047,1,9,0,18,19,2,6,0,0,0,0,0,0,0,1,1,5,6,1,87,11,1200,1,3,PEUGEOT 2008,4,-1,0,-1
2020400997590,2020,400997590,2,9,0,9,9,5,1,0,0,8,0,0,0,0,1,1,6,6,2,65,9,1200,1,2,PEUGEOT 2008,7,E01017423,0,-1
2020622000571,2020,622000571,2,9,0,9,9,2,7,0,0,8,0,0,0,0,4,1,6,6,1,67,10,1200,1,3,PEUGEOT 2008,8,W01000797,0,-1
2020010274577,2020,010274577,1,9,0,99,99,9,9,99,99,9,9,99,9,99,9,9,2,2,3,27,6,1200,1,2,PEUGEOT 2008,8,E01002946,0,-1
2020052000127,2020,052000127,2,8,0,18,19,3,7,0,0,1,0,0,0,0,1,1,6,6,2,74,10,1200,1,3,-1,1,E01006453,0,-1
2020302001427,2020,302001427,2,9,0,18,19,6,2,0,0,0,5,0,0,0,2,1,6,6,2,52,8,1200,1,6,PEUGEOT 2008,1,E01013484,0,-1
2020990937064,2020,990937064,1,9,0,12,12,5,1,0,0,0,0,0,0,0,3,1,5,6,1,53,8,1200,1,4,PEUGEOT 2008,2,-1,0,-1
2020052000193,2020,052000193,2,9,0,7,7,8,4,0,0,6,0,0,0,0,3,1,4,7,2,33,6,1200,1,4,PEUGEOT 2008,1,E01006961,0,-1
2020041006403,2020,041006403,3,9,0,18,19,5,1,0,0,0,0,0,0,0,3,1,3,7,2,35,6,1200,1,3,PEUGEOT 2008,5,E01024917,0,-1
2020520100116,2020,520100116,2,9,0,3,3,3,7,0,0,1,0,0,0,0,1,1,6,6,2,49,8,1560,2,4,PEUGEOT 2008,8,E01029089,0,-1
202031B103520,2020,31B103520,2,9,0,18,19,8,4,0,0,8,0,0,0,0,1,1,6,6,2,25,5,1560,2,6,PEUGEOT 2008,5,E01007751,0,-1
2020990992869,2020,990992869,1,9,0,18,19,1,5,0,0,2,0,0,0,0,2,1,6,6,2,30,6,1560,2,5,PEUGEOT 2008,4,-1,0,-1
2020990990766,2020,990990766,1,9,0,4,4,7,2,0,0,4,0,0,0,0,2,1,5,6,2,31,6,1199,1,1,PEUGEOT 2008,-1,-1,0,-1
2020430267664,2020,430267664,2,9,0,13,13,8,4,0,0,8,0,0,0,0,4,1,2,2,1,43,7,1200,1,0,PEUGEOT 2008,5,E01000505,0,-1
2020430225139,2020,430225139,3,9,0,18,19,1,5,0,0,0,0,0,0,0,1,1,1,1,1,29,6,1200,1,1,PEUGEOT 2008,5,E01009185,0,-1
2020421010415,2020,421010415,2,9,0,8,8,7,1,0,0,1,0,0,0,0,3,1,6,6,1,59,9,1200,1,0,PEUGEOT 2008,8,E01002383,0,-1
2020320010041,2020,320010041,2,9,0,18,19,1,5,0,0,8,0,0,0,0,1,1,6,6,2,52,8,1200,1,3,PEUGEOT 2008,7,E01026130,0,-1
2020622000782,2020,622000782,1,9,0,18,19,2,6,0,0,2,0,0,0,0,1,1,6,6,1,65,9,1560,2,3,PEUGEOT 2008,8,W01001495,0,-1
2020201015986,2020,201015986,1,9,0,9,9,3,1,0,0,5,0,0,0,0,3,1,6,6,2,38,7,1498,2,0,PEUGEOT 2008,3,E01010458,0,-1
2020010275442,2020,010275442,2,9,0,99,99,9,9,99,99,9,9,99,9,99,1,9,6,6,3,31,6,1200,1,4,PEUGEOT 2008,3,E01003587,0,-1
2020430412506,2020,430412506,2,9,0,18,19,3,7,0,0,8,0,0,0,0,4,1,2,2,2,40,7,1560,2,7,PEUGEOT 2008,8,E01028641,0,-1
2020110971373,2020,110971373,1,9,0,18,19,6,8,0,0,1,0,0,0,0,1,1,5,6,1,75,10,1200,1,0,PEUGEOT 2008,6,E01020822,0,-1
2020040936645,2020,040936645,1,9,0,18,19,1,5,0,0,0,0,0,1,0,1,1,1,1,1,48,8,1200,1,1,PEUGEOT 2008,8,E01025018,0,-1
2020470940784,2020,470940784,2,9,0,18,19,1,5,0,0,0,0,0,1,0,2,1,2,2,2,-1,-1,1560,2,5,PEUGEOT 2008,1,E01031427,0,-1
2020440499198,2020,440499198,1,9,0,2,2,8,4,0,0,0,0,0,0,0,0,1,6,6,1,41,7,1598,1,7,PEUGEOT 2008,3,E01022670,0,-1
2020052002230,2020,052002230,2,9,0,18,19,8,4,0,0,1,0,0,0,0,4,1,6,6,1,72,10,1200,1,0,PEUGEOT 2008,7,E01018369,0,-1
2020470938092,2020,470938092,1,9,0,5,5,4,6,9,9,0,0,0,0,0,1,1,1,1,1,29,6,1200,1,1,PEUGEOT 2008,6,E01017174,0,-1
202063D010620,2020,63D010620,2,9,0,2,2,0,0,0,0,0,0,0,0,0,3,1,6,6,1,47,8,1200,1,2,PEUGEOT 2008,8,W01001897,0,-1
2020010275747,2020,010275747,2,9,0,2,2,0,0,0,0,1,0,0,0,0,2,1,6,6,3,-1,-1,1560,2,4,PEUGEOT 2008,-1,-1,0,-1
2020522100782,2020,522100782,2,9,0,18,19,8,4,0,0,0,0,0,0,0,1,1,6,6,1,39,7,1200,1,4,PEUGEOT 2008,3,E01014941,0,-1
2020070514523,2020,070514523,4,9,0,2,2,0,0,0,0,0,0,0,0,0,2,1,6,6,1,-1,-1,1560,2,3,PEUGEOT 2008,-1,-1,0,-1
2020122000840,2020,122000840,1,9,0,13,13,7,3,0,0,0,0,0,0,0,1,1,6,6,1,47,8,1560,2,6,PEUGEOT 2008,2,E01008489,0,-1
2020010237879,2020,010237879,1,9,0,99,99,9,9,99,99,9,9,99,9,99,3,9,6,6,1,29,6,1560,2,3,PEUGEOT 2008,9,E01003828,0,-1
2020010274014,2020,010274014,2,9,0,99,99,9,9,99,99,9,9,99,9,99,9,9,6,6,1,33,6,1200,1,1,PEUGEOT 2008,3,E01003563,0,-1
2020520004637,2020,520004637,2,9,0,18,19,1,5,0,0,4,0,0,0,0,3,1,6,6,1,52,8,1200,1,1,PEUGEOT 2008,7,E01029216,0,-1
2020990976536,2020,990976536,1,9,0,18,19,5,1,0,0,0,0,0,0,0,4,1,5,6,2,55,8,1199,1,1,PEUGEOT 2008,7,E01025561,0,-1
202006E468969,2020,06E468969,1,9,0,18,19,5,1,0,0,1,0,0,2,0,3,1,6,6,3,30,6,1199,1,1,PEUGEOT 2008,-1,-1,0,-1
2020622000350,2020,622000350,1,9,0,18,19,2,6,0,0,0,0,0,0,0,1,1,6,6,2,25,5,1560,2,4,PEUGEOT 2008,5,W01001269,0,-1
2020320040367,2020,320040367,1,9,0,18,19,7,3,0,0,0,0,0,1,9,4,1,6,6,2,23,5,1560,2,7,PEUGEOT 2008,8,E01026289,0,-1
2020460997400,2020,460997400,2,9,0,18,19,7,3,0,0,1,0,0,0,0,1,1,6,6,2,34,6,1200,1,3,PEUGEOT 2008,3,E01024641,0,-1
2020230920022,2020,230920022,2,9,0,18,19,1,5,0,0,8,1,0,0,0,4,1,5,6,1,34,6,1200,1,6,PEUGEOT 2008,6,E01031207,0,-1
2020070649248,2020,070649248,1,9,0,9,9,1,7,0,0,6,0,10,3,0,3,1,6,6,1,92,11,1560,2,4,PEUGEOT 2008,3,E01018482,0,-1
2020302000565,2020,302000565,1,9,0,18,19,2,8,0,0,0,0,0,0,0,1,1,6,6,1,65,9,1560,2,4,PEUGEOT 2008,1,E01013456,0,-1
2020340S05982,2020,340S05982,2,9,0,18,19,3,7,0,0,8,0,0,0,0,1,1,6,6,2,39,7,1398,2,6,PEUGEOT 2008,2,E01027246,0,-1
2020010230226,2020,010230226,2,9,0,3,3,3,7,0,0,1,0,0,0,0,1,1,6,6,2,50,8,1560,2,5,PEUGEOT 2008,5,E01002232,0,-1
20201378O0365,2020,1378O0365,1,9,0,18,19,1,5,0,0,0,0,0,8,10,1,1,6,6,2,44,7,1200,1,0,PEUGEOT 2008,5,E01011184,0,-1
2020460986206,2020,460986206,2,9,0,3,3,2,6,0,0,1,0,0,0,0,2,1,3,7,2,36,7,1598,1,5,PEUGEOT 2008,2,E01024019,0,-1
2020350964441,2020,350964441,2,9,0,17,19,7,3,0,0,0,0,0,7,0,1,1,6,6,2,36,7,1398,2,6,PEUGEOT 2008,3,E01027035,0,-1
2020990987937,2020,990987937,1,9,0,18,19,1,5,0,0,0,1,0,1,0,1,1,5,6,1,86,11,1560,2,4,PEUGEOT 2008,8,-1,0,-1
2020052002063,2020,052002063,1,9,0,7,7,8,2,0,0,8,0,0,0,0,4,1,6,6,1,56,9,1200,1,0,PEUGEOT 2008,1,E01006562,0,-1
2020160927000,2020,160927000,1,9,0,18,19,7,3,0,0,2,0,0,1,7,1,1,6,6,2,55,8,1200,1,2,PEUGEOT 2008,3,E01013238,0,-1
2020040935439,2020,040935439,1,9,0,9,9,7,3,0,0,0,0,0,0,0,1,1,5,6,2,19,4,1200,1,1,PEUGEOT 2008,8,E01012581,0,-1
2020200931753,2020,200931753,1,9,0,12,12,6,2,0,0,0,0,0,0,0,2,1,6,6,1,-1,-1,1200,1,1,PEUGEOT 2008,-1,-1,0,-1
202031D102420,2020,31D102420,2,9,0,18,19,4,8,0,0,2,0,0,0,0,4,1,6,6,1,43,7,1200,1,3,PEUGEOT 2008,8,E01028194,0,-1
2020030981740,2020,030981740,2,9,0,18,19,2,6,0,0,1,0,0,0,0,4,1,6,6,1,68,10,1560,2,3,PEUGEOT 2008,9,E01019349,0,-1
2020200956121,2020,200956121,2,9,0,18,19,5,1,0,0,8,0,0,0,0,1,1,2,2,2,43,7,1560,2,2,PEUGEOT 2008,8,E01010241,0,-1
2020320668991,2020,320668991,2,9,0,9,9,6,4,0,0,1,0,0,0,0,3,1,6,6,2,51,8,1560,2,6,PEUGEOT 2008,3,E01026325,0,-1
2020010251635,2020,010251635,1,9,0,18,19,5,1,9,9,0,0,0,2,2,1,1,2,2,1,37,7,1200,1,5,PEUGEOT 2008,3,E01016465,0,-1
2020010287987,2020,010287987,1,9,0,3,3,7,3,0,0,1,0,0,0,0,2,9,6,6,2,42,7,1200,1,3,PEUGEOT 2008,8,E01030860,0,-1
2020010285852,2020,010285852,2,9,0,9,9,1,6,2,2,5,0,0,1,0,3,1,6,6,1,53,8,1560,2,7,PEUGEOT 2008,4,E01001939,0,-1
2020541574720,2020,541574720,1,9,0,4,4,7,3,0,0,0,0,0,0,0,1,1,6,6,2,61,9,1200,1,4,PEUGEOT 2008,3,E01015488,0,-1
202063C042020,2020,63C042020,2,9,0,9,9,1,7,0,0,5,0,0,0,0,2,1,6,6,2,50,8,1560,2,3,PEUGEOT 2008,6,W01000579,0,-1
2020161004149,2020,161004149,2,9,0,18,19,7,3,0,0,4,0,0,0,0,2,1,2,2,2,49,8,1560,2,7,PEUGEOT 2008,4,E01013271,0,-1
2020041010807,2020,041010807,1,9,0,3,3,1,5,0,0,1,0,0,0,0,2,1,5,6,1,47,8,1200,1,4,PEUGEOT 2008,4,E01012599,0,-1
2020547844020,2020,547844020,3,9,0,4,4,6,2,0,0,0,0,0,0,0,2,1,6,6,2,54,8,1200,1,0,PEUGEOT 2008,1,E01015507,0,-1
2020010231181,2020,010231181,1,9,0,7,7,6,7,0,0,3,0,0,0,0,1,1,6,6,2,29,6,1200,1,4,PEUGEOT 2008,3,E01004328,0,-1
202031B086820,2020,31B086820,1,9,0,18,19,3,7,0,0,1,0,0,0,0,1,1,6,6,1,51,8,1560,2,6,PEUGEOT 2008,6,E01028312,0,-1
2020410932553,2020,410932553,2,9,0,14,14,6,2,0,0,0,0,0,4,7,2,1,3,7,2,44,7,1200,1,5,PEUGEOT 2008,8,E01023486,0,-1
2020137BJ0092,2020,137BJ0092,1,9,4,5,5,5,1,0,0,0,0,0,0,0,2,1,1,1,2,51,8,1200,1,4,PEUGEOT 2008,9,E01011557,0,-1
2020041008448,2020,041008448,1,9,0,18,19,3,7,0,0,8,0,0,0,0,3,1,3,7,2,29,6,1200,1,2,PEUGEOT 2008,-1,-1,0,-1
2020140985518,2020,140985518,1,9,0,18,19,8,4,0,0,0,0,0,0,0,1,1,6,6,2,28,6,1398,2,6,PEUGEOT 2008,3,E01007345,0,-1
20201373O0858,2020,1373O0858,1,9,0,9,9,5,3,0,0,6,0,0,0,0,3,1,6,6,1,50,8,1200,1,1,PEUGEOT 2008,5,E01007438,0,-1
202006K170446,2020,06K170446,1,9,0,18,19,7,3,0,0,8,0,0,0,0,1,1,6,6,2,31,6,1200,1,2,PEUGEOT 2008,8,E01005050,0,-1
2020200926529,2020,200926529,1,9,0,18,19,2,6,0,0,0,0,0,0,0,1,1,6,6,1,71,10,1560,2,4,PEUGEOT 2008,3,E01009777,0,-1
2020410961822,2020,410961822,1,9,0,16,19,6,8,0,0,1,0,0,7,0,2,1,6,6,2,46,8,1200,1,3,PEUGEOT 2008,9,E01033190,0,-1
2020460981219,2020,460981219,2,9,0,3,3,5,1,0,0,1,0,0,0,0,2,1,5,6,1,31,6,1560,2,6,PEUGEOT 2008,6,E01032653,0,-1
2020010228663,2020,010228663,2,9,0,99,99,9,9,99,99,1,9,99,9,99,0,9,6,6,2,-1,-1,1560,2,5,PEUGEOT 2008,3,E01001043,0,-1
2020350932694,2020,350932694,2,9,0,2,2,7,2,9,9,0,0,0,0,0,4,1,6,6,2,27,6,1199,1,2,PEUGEOT 2008,7,E01018082,0,-1
2020471015947,2020,471015947,1,9,0,9,9,8,6,0,0,8,0,0,0,0,1,1,5,6,2,75,10,1200,1,4,PEUGEOT 2008,10,E01031425,0,-1
2020320414652,2020,320414652,1,9,0,5,5,5,3,0,0,1,0,0,0,0,3,1,6,6,2,54,8,1560,2,3,PEUGEOT 2008,5,E01013317,0,-1
2020230925243,2020,230925243,2,9,0,18,19,2,6,0,0,0,0,0,1,0,3,1,5,6,1,82,11,1200,1,3,PEUGEOT 2008,10,E01031232,0,-1
2020552000705,2020,552000705,2,9,0,10,10,8,5,0,0,1,0,0,0,0,2,1,6,6,1,85,11,1200,1,4,PEUGEOT 2008,10,E01020402,0,-1
2020460951353,2020,460951353,2,9,0,5,5,5,1,0,0,1,0,0,0,0,4,1,5,6,2,34,6,1560,2,6,PEUGEOT 2008,5,E01024485,0,-1
2020140933666,2020,140933666,2,9,0,3,3,5,1,0,0,0,0,0,0,0,2,1,6,6,2,33,6,1560,2,5,PEUGEOT 2008,8,E01007839,0,-1
2020990920553,2020,990920553,1,9,0,3,3,7,3,0,0,0,0,0,0,0,1,1,6,6,2,65,9,1200,1,3,PEUGEOT 2008,3,-1,0,-1
2020530949197,2020,530949197,1,9,0,5,5,8,4,0,0,4,0,0,0,0,3,1,5,6,1,34,6,1200,1,4,PEUGEOT 2008,8,E01022446,0,-1
2020410982253,2020,410982253,2,9,0,9,9,1,3,0,0,0,0,0,0,0,1,1,5,6,1,33,6,1200,1,3,PEUGEOT 2008,3,E01023326,0,-1
2020137571067,2020,137571067,1,9,0,16,19,5,1,0,0,3,0,0,0,0,1,1,6,6,2,51,8,1200,1,3,PEUGEOT 2008,3,E01011752,0,-1
2020430083820,2020,430083820,1,9,0,4,4,6,2,0,0,0,0,0,0,0,1,1,6,6,2,-1,-1,1200,1,1,PEUGEOT 2008,8,E01016711,0,-1
202006G179169,2020,06G179169,2,9,0,18,19,7,3,0,0,8,0,0,0,0,2,1,3,7,2,47,8,1200,1,2,PEUGEOT 2008,4,E01005986,0,-1
2020432001233,2020,432001233,2,9,0,3,3,3,7,0,0,4,0,0,0,0,2,1,6,6,2,47,8,1560,2,6,PEUGEOT 2008,1,E01016744,0,-1
2020522005101,2020,522005101,2,9,0,18,19,1,5,0,0,8,0,0,0,0,1,1,6,6,2,38,7,1560,2,4,PEUGEOT 2008,9,E01032061,0,-1