collision_index,collision_year,collision_ref_no,vehicle_reference,vehicle_type,towing_and_articulation,vehicle_manoeuvre_historic,vehicle_manoeuvre,vehicle_direction_from,vehicle_direction_to,vehicle_location_restricted_lane_historic,vehicle_location_restricted_lane,junction_location,skidding_and_overturning,hit_object_in_carriageway,vehicle_leaving_carriageway,hit_object_off_carriageway,first_point_of_impact,vehicle_left_hand_drive,journey_purpose_of_driver_historic,journey_purpose_of_driver,sex_of_driver,age_of_driver,age_band_of_driver,engine_capacity_cc,propulsion_code,age_of_vehicle,generic_make_model,driver_imd_decile,lsoa_of_driver,escooter_flag,driver_distance_banding
20201373H0540,2020,1373H0540,2,9,0,18,19,7,3,0,0,0,0,0,0,0,2,1,6,6,1,66,10,1998,1,15,TOYOTA RAV4,1,E01011294,0,-1
2020451011122,2020,451011122,2,9,0,18,19,1,5,0,0,0,0,0,0,0,1,1,6,6,3,20,4,1998,1,17,TOYOTA RAV4,-1,-1,0,-1
2020200984932,2020,200984932,1,9,0,9,9,1,6,0,0,6,0,0,0,0,3,1,6,6,1,77,11,1998,1,20,TOYOTA RAV4,4,E01009729,0,-1
2020470953282,2020,470953282,1,9,0,17,19,7,3,0,0,2,5,0,0,0,4,1,5,6,1,76,11,2494,8,3,TOYOTA RAV4,5,E01021109,0,-1
2020450960214,2020,450960214,1,9,0,18,19,3,7,0,0,0,1,0,0,0,1,1,6,6,3,24,5,1995,2,16,TOYOTA RAV4,4,E01002650,0,-1
2020010257202,2020,010257202,1,9,0,3,3,5,1,0,0,1,0,0,0,0,2,1,6,6,1,48,8,1995,2,15,TOYOTA RAV4,4,E01003282,0,-1
2020451002655,2020,451002655,3,9,0,18,19,5,1,0,0,0,0,0,0,0,1,1,1,1,1,61,9,1998,1,12,TOYOTA RAV4,10,E01003010,0,-1
2020160924201,2020,160924201,1,9,0,1,1,5,1,0,0,8,0,0,0,0,2,1,6,6,1,46,8,2494,8,2,TOYOTA RAV4,5,E01013119,0,-1
2020440074141,2020,440074141,2,9,0,5,5,4,8,0,0,1,0,0,0,0,1,1,6,6,1,-1,-1,2494,8,4,TOYOTA RAV4,-1,-1,0,-1
2020230963233,2020,230963233,3,9,0,2,2,0,0,0,0,0,0,0,0,0,2,1,5,6,1,77,11,1794,1,19,TOYOTA RAV4,5,E01031242,0,-1
2020010231566,2020,010231566,1,9,0,7,7,3,5,0,0,8,0,0,0,0,1,1,6,6,2,48,8,2494,8,2,TOYOTA RAV4,7,E01030968,0,-1
2020010238235,2020,010238235,1,9,0,3,3,3,7,0,0,2,0,0,0,0,3,1,6,6,2,45,7,2487,8,1,TOYOTA RAV4,2,E01004413,0,-1
2020140931265,2020,140931265,2,9,0,18,19,3,7,0,0,0,0,0,0,0,2,1,2,2,2,40,7,2494,8,3,TOYOTA RAV4,6,E01019524,0,-1
2020220993509,2020,220993509,2,9,0,18,19,3,7,0,0,8,0,0,0,0,1,1,5,6,2,30,6,1998,1,14,TOYOTA RAV4,5,E01032330,0,-1
2020010236063,2020,010236063,1,9,0,7,7,5,7,0,0,2,0,0,0,0,1,1,6,6,2,68,10,1998,1,17,TOYOTA RAV4,3,E01000622,0,-1
2020440484130,2020,440484130,1,9,0,7,7,7,1,0,0,6,0,0,0,0,1,1,6,6,2,42,7,1998,1,18,TOYOTA RAV4,5,E01022781,0,-1
2020010233889,2020,010233889,2,9,0,4,4,4,8,0,0,0,0,0,0,0,1,1,6,6,2,44,7,1998,1,14,TOYOTA RAV4,9,E01021747,0,-1
2020221000962,2020,221000962,1,9,0,18,19,3,7,0,0,0,0,0,0,0,1,1,2,2,2,64,9,2231,2,13,TOYOTA RAV4,10,E01032148,0,-1
2020500997948,2020,500997948,1,9,0,5,5,1,4,0,0,2,0,0,3,11,1,1,5,6,1,86,11,2231,2,10,TOYOTA RAV4,4,E01020100,0,-1
2020010280223,2020,010280223,2,9,0,99,99,9,9,99,99,9,9,99,9,99,1,9,6,6,3,42,7,2487,8,0,TOYOTA RAV4,4,E01001975,0,-1
2020220973710,2020,220973710,2,9,0,4,4,2,6,0,0,0,0,0,0,0,2,2,5,6,1,77,11,1995,2,4,TOYOTA RAV4,5,E01009936,0,-1
2020161004430,2020,161004430,1,9,0,18,19,5,1,0,0,8,0,9,1,9,1,1,5,6,1,59,9,1995,2,19,TOYOTA RAV4,-1,-1,0,-1
2020010250134,2020,010250134,2,9,0,17,19,2,8,0,0,8,0,0,0,0,1,1,6,6,1,53,8,2494,8,3,TOYOTA RAV4,3,E01003113,0,-1
2020302000305,2020,302000305,2,9,0,18,19,8,3,0,0,0,0,0,0,0,1,1,6,6,1,18,4,2231,2,13,TOYOTA RAV4,5,E01007823,0,-1
2020450972736,2020,450972736,1,9,0,18,19,3,7,0,0,0,2,0,7,4,1,1,6,6,1,20,4,1995,2,16,TOYOTA RAV4,7,E01024430,0,-1
2020200930767,2020,200930767,1,9,0,18,19,6,2,0,0,0,0,0,0,0,1,1,2,2,1,48,8,2231,2,9,TOYOTA RAV4,1,E01010370,0,-1
2020470947924,2020,470947924,1,9,0,5,5,6,2,0,0,4,0,0,0,0,1,1,5,6,2,65,9,1998,1,24,TOYOTA RAV4,8,E01031397,0,-1
2020302000538,2020,302000538,3,9,0,2,2,0,0,0,0,0,0,0,0,0,3,1,6,6,3,-1,-1,1998,1,13,TOYOTA RAV4,-1,-1,0,-1
2020010230780,2020,010230780,1,9,0,18,19,-1,-1,0,0,8,0,0,1,0,1,1,2,2,2,66,10,1998,1,13,TOYOTA RAV4,9,E01000201,0,-1
2020010268336,2020,010268336,2,9,0,9,9,7,5,0,0,8,0,0,0,0,4,1,6,6,1,35,6,2487,8,1,TOYOTA RAV4,4,E01003784,0,-1
2020210983718,2020,210983718,2,9,0,18,19,8,4,0,0,1,0,0,0,0,1,1,1,1,1,59,9,2487,8,0,TOYOTA RAV4,8,E01029486,0,-1
2020302000709,2020,302000709,1,9,0,3,3,7,3,0,0,0,0,0,0,0,2,1,6,6,1,46,8,2487,8,1,TOYOTA RAV4,9,E01019696,0,-1
2020100989209,2020,100989209,1,9,0,18,19,5,1,0,0,0,0,0,0,0,1,1,6,6,1,30,6,2487,8,0,TOYOTA RAV4,-1,-1,0,-1
2020990938598,2020,990938598,2,9,0,4,4,6,2,0,0,0,0,0,0,0,0,1,2,2,2,43,7,2494,8,2,TOYOTA RAV4,4,-1,0,-1
2020370987800,2020,370987800,1,9,0,15,15,7,3,0,0,0,0,0,0,0,4,1,5,6,2,67,10,2231,2,11,TOYOTA RAV4,4,E01030110,0,-1
2020220954861,2020,220954861,1,9,0,18,19,6,2,0,0,0,5,0,0,0,4,1,2,2,2,62,9,2231,2,11,TOYOTA RAV4,5,E01014059,0,-1
2020110930478,2020,110930478,2,9,0,18,19,1,5,0,0,0,1,0,0,0,1,1,2,2,2,57,9,2231,2,5,TOYOTA RAV4,9,E01012335,0,-1
2020622000475,2020,622000475,2,9,0,9,9,7,5,0,0,1,0,0,0,0,1,1,6,6,1,52,8,2231,2,12,TOYOTA RAV4,8,W01001190,0,-1
2020100935147,2020,100935147,1,9,0,4,4,2,6,0,0,1,0,0,0,0,1,1,6,6,2,58,9,2231,2,5,TOYOTA RAV4,-1,-1,0,-1
2020200959868,2020,200959868,1,9,0,18,19,7,3,0,0,1,0,0,0,0,1,1,6,6,3,-1,-1,2487,8,1,TOYOTA RAV4,-1,-1,0,-1
2020440114798,2020,440114798,2,9,0,4,4,8,4,0,0,1,0,0,0,0,1,1,6,6,3,-1,-1,2231,2,11,TOYOTA RAV4,-1,-1,0,-1
2020302000785,2020,302000785,1,9,0,18,19,1,5,0,0,0,0,0,0,0,1,1,6,6,1,27,6,1998,2,6,TOYOTA RAV4,5,E01019620,0,-1
2020100963041,2020,100963041,2,9,0,17,19,3,7,0,0,4,0,0,0,0,1,1,6,6,1,67,10,2494,8,2,TOYOTA RAV4,5,E01020629,0,-1
2020122001173,2020,122001173,1,9,0,16,19,3,7,0,0,0,1,0,1,9,4,1,1,1,1,30,6,1998,1,15,TOYOTA RAV4,6,E01010787,0,-1
2020430077136,2020,430077136,2,9,0,18,19,4,8,0,0,6,0,0,0,7,1,1,6,6,1,80,11,2494,8,3,TOYOTA RAV4,4,E01028239,0,-1
2020430144083,2020,430144083,1,9,0,9,9,2,7,0,0,5,2,0,0,0,4,1,6,6,1,61,9,2231,2,8,TOYOTA RAV4,-1,-1,0,-1
2020010239888,2020,010239888,1,9,0,5,5,3,7,0,0,6,0,0,0,0,1,1,6,6,1,40,7,2231,2,13,TOYOTA RAV4,3,E01003539,0,-1
202031B024220,2020,31B024220,1,9,0,18,19,6,2,0,0,8,0,0,0,0,4,1,2,2,1,41,7,1998,1,15,TOYOTA RAV4,6,E01028152,0,-1
2020470986445,2020,470986445,1,9,0,9,9,8,5,0,0,8,0,0,7,0,4,1,5,6,2,28,6,2231,2,11,TOYOTA RAV4,7,E01021108,0,-1
2020010268036,2020,010268036,2,9,0,9,9,1,6,0,0,6,0,0,0,0,3,1,6,6,1,41,7,2231,2,5,TOYOTA RAV4,7,E01002228,0,-1
2020552001136,2020,552001136,2,9,0,18,19,2,6,0,0,8,0,0,0,0,1,1,6,6,2,58,9,2487,8,0,TOYOTA RAV4,-1,-1,0,-1
2020501008359,2020,501008359,2,9,0,18,19,3,7,0,0,3,0,0,0,0,4,1,5,6,2,59,9,1998,1,13,TOYOTA RAV4,10,E01020042,0,-1
2020010244432,2020,010244432,2,9,0,99,99,9,9,99,99,0,9,99,9,99,0,9,6,6,3,-1,-1,2494,8,2,TOYOTA RAV4,-1,-1,0,-1
2020140987834,2020,140987834,2,9,0,18,19,1,5,0,0,0,0,1,0,0,1,1,5,6,1,50,8,2487,8,1,TOYOTA RAV4,4,E01007693,0,-1
2020461000414,2020,461000414,2,9,0,18,19,2,6,0,0,0,0,11,0,0,1,1,5,6,1,63,9,1998,1,17,TOYOTA RAV4,7,E01000723,0,-1
2020470915335,2020,470915335,1,9,0,9,9,6,4,0,0,6,0,0,0,0,1,1,6,6,2,52,8,2494,8,2,TOYOTA RAV4,7,E01031423,0,-1
2020010240505,2020,010240505,1,9,0,2,2,0,0,0,0,0,0,8,0,0,3,1,6,6,3,-1,-1,1998,1,14,TOYOTA RAV4,-1,-1,0,-1
2020122100081,2020,122100081,3,9,0,18,19,4,8,0,0,0,1,0,0,0,2,1,6,6,1,59,9,2231,2,10,TOYOTA RAV4,6,E01019381,0,-1
2020460952793,2020,460952793,2,9,0,18,19,1,5,0,0,0,0,0,0,0,3,1,5,6,2,71,10,2231,2,7,TOYOTA RAV4,5,E01024485,0,-1
2020010260455,2020,010260455,2,9,0,99,99,9,9,99,99,0,9,99,9,99,9,9,6,6,1,-1,-1,1998,1,13,TOYOTA RAV4,4,E01004531,0,-1
2020010259519,2020,010259519,2,8,0,99,99,9,9,99,99,0,9,99,9,99,1,9,6,6,3,53,8,2494,8,4,-1,3,E01003372,0,-1
2020542719320,2020,542719320,3,9,0,3,3,5,1,0,0,1,0,0,0,0,2,1,6,6,1,58,9,2231,2,7,TOYOTA RAV4,9,E01030723,0,-1
2020137B51234,2020,137B51234,1,9,0,18,19,5,1,0,0,0,0,0,0,0,1,1,6,6,1,20,4,2231,2,9,TOYOTA RAV4,2,E01012642,0,-1
2020320393048,2020,320393048,1,9,0,18,19,3,7,0,0,0,0,0,0,0,4,1,6,6,1,60,9,1998,1,17,TOYOTA RAV4,8,E01026365,0,-1
2020010246287,2020,010246287,1,9,0,18,19,2,6,0,0,1,2,10,1,11,1,1,6,6,2,28,6,2487,8,1,TOYOTA RAV4,2,E01003591,0,-1
202006K270566,2020,06K270566,2,9,0,5,5,6,2,0,0,6,0,0,0,0,3,1,6,6,2,51,8,1998,1,16,TOYOTA RAV4,1,E01024940,0,-1
2020010241457,2020,010241457,1,9,9,99,99,9,9,0,0,9,0,0,0,0,9,9,6,6,2,53,8,2494,8,4,TOYOTA RAV4,9,E01000455,0,-1
2020010279606,2020,010279606,2,9,0,18,19,3,7,0,0,8,0,0,0,0,1,1,6,6,3,-1,-1,1998,2,7,TOYOTA RAV4,-1,-1,0,-1
2020122000589,2020,122000589,1,9,0,18,19,1,5,0,0,1,0,0,0,0,1,1,6,6,2,84,11,1995,2,14,TOYOTA RAV4,5,E01010585,0,-1
2020501002564,2020,501002564,2,9,0,18,19,2,6,0,0,0,0,0,0,0,1,1,5,6,1,37,7,1998,2,6,TOYOTA RAV4,5,E01020342,0,-1
2020231007059,2020,231007059,3,9,0,3,3,3,7,0,0,1,0,0,0,0,3,1,5,6,1,33,6,1998,1,15,TOYOTA RAV4,9,E01009456,0,-1
2020220931273,2020,220931273,1,9,0,18,19,2,6,0,0,0,2,0,1,3,1,1,5,6,1,45,7,1998,1,14,TOYOTA RAV4,4,E01014003,0,-1
2020410974476,2020,410974476,1,9,0,18,19,1,5,0,0,0,0,0,0,0,1,1,5,6,2,64,9,2231,2,12,TOYOTA RAV4,10,E01023524,0,-1
2020010252842,2020,010252842,2,9,0,4,4,7,3,0,0,1,0,0,0,0,1,1,6,6,1,36,7,2494,8,3,TOYOTA RAV4,6,E01002422,0,-1
2020340N05782,2020,340N05782,2,9,0,18,19,1,5,0,0,8,0,0,0,0,1,1,1,1,2,61,9,2494,8,2,TOYOTA RAV4,2,E01027246,0,-1
2020450962753,2020,450962753,1,9,0,11,11,1,5,0,0,0,0,0,0,0,1,1,5,6,1,62,9,1998,1,15,TOYOTA RAV4,5,E01002671,0,-1
2020610048420,2020,610048420,1,9,0,18,19,2,6,0,0,8,0,0,0,0,3,1,1,1,1,36,7,2487,8,0,TOYOTA RAV4,4,W01001528,0,-1
2020010232619,2020,010232619,1,9,0,18,19,2,6,0,0,0,0,4,0,0,1,1,6,6,1,90,11,1998,1,19,TOYOTA RAV4,10,E01030820,0,-1
2020010268354,2020,010268354,2,9,0,99,99,9,9,99,99,9,9,99,9,99,1,9,6,6,3,-1,-1,2494,8,2,TOYOTA RAV4,-1,-1,0,-1
2020320601178,2020,320601178,1,9,0,9,9,1,5,0,0,5,0,0,0,0,1,1,6,6,2,49,8,1986,1,6,TOYOTA RAV4,5,E01026385,0,-1
2020430107197,2020,430107197,1,8,0,18,19,3,7,0,0,1,0,7,0,0,1,1,1,1,1,57,9,2231,2,8,-1,4,E01016516,0,-1
2020470983438,2020,470983438,2,9,0,18,19,5,1,0,0,8,0,0,0,0,1,1,5,6,1,52,8,1998,1,14,TOYOTA RAV4,8,E01030537,0,-1
20201372K0500,2020,1372K0500,1,9,0,18,19,5,1,0,0,0,0,0,0,0,1,1,6,6,1,69,10,1995,2,16,TOYOTA RAV4,2,E01005220,0,-1
2020160995195,2020,160995195,1,9,0,7,7,1,2,0,0,6,0,0,0,0,1,1,5,6,1,81,11,2487,8,1,TOYOTA RAV4,-1,-1,0,-1
2020201016741,2020,201016741,1,9,0,18,19,4,8,0,0,0,1,10,1,5,4,1,6,6,1,71,10,2494,8,2,TOYOTA RAV4,9,E01010175,0,-1
2020500942002,2020,500942002,1,9,0,18,19,4,8,0,0,0,0,0,0,0,1,1,2,2,2,39,7,1998,1,16,TOYOTA RAV4,9,E01020090,0,-1
2020220924151,2020,220924151,2,9,0,18,19,3,7,0,0,8,0,0,0,0,4,1,5,6,1,60,9,1995,2,15,TOYOTA RAV4,5,E01029016,0,-1
2020010266513,2020,010266513,1,9,0,18,19,8,4,9,9,1,0,0,1,4,1,1,3,7,2,37,7,1998,1,24,TOYOTA RAV4,9,E01004625,0,-1
2020140924913,2020,140924913,1,9,0,17,19,6,4,0,0,8,1,0,1,2,1,1,5,6,1,53,8,2487,8,0,TOYOTA RAV4,3,E01007357,0,-1
2020450997767,2020,450997767,1,9,0,17,19,1,5,0,0,0,1,0,1,11,1,1,5,6,1,47,8,1998,1,16,TOYOTA RAV4,9,E01030612,0,-1
2020201020240,2020,201020240,3,9,0,3,3,7,3,0,0,0,0,0,0,0,2,1,6,6,1,48,8,1987,1,3,TOYOTA RAV4,1,E01010129,0,-1
2020200933615,2020,200933615,1,9,0,18,19,3,7,0,0,6,0,0,0,0,1,1,6,6,2,76,11,2231,2,9,TOYOTA RAV4,9,E01008991,0,-1
2020350933182,2020,350933182,1,9,0,18,19,7,3,0,0,0,5,0,1,0,1,1,2,2,1,51,8,2494,8,4,TOYOTA RAV4,2,E01017948,0,-1
2020010268076,2020,010268076,2,9,0,5,5,1,5,0,0,1,0,0,0,0,0,1,1,1,1,50,8,2494,8,4,TOYOTA RAV4,4,E01004628,0,-1
2020302000872,2020,302000872,3,9,0,3,3,8,4,0,0,0,0,0,0,0,2,1,6,6,1,69,10,2487,8,0,TOYOTA RAV4,9,E01019641,0,-1
202063D041520,2020,63D041520,1,9,0,5,5,6,1,0,0,4,0,0,0,0,3,1,6,6,2,72,10,2231,2,9,TOYOTA RAV4,8,W01000450,0,-1
2020220955547,2020,220955547,1,9,0,17,19,1,6,0,0,8,0,0,1,0,3,1,5,6,2,68,10,2487,8,1,TOYOTA RAV4,8,E01009904,0,-1
2020010287074,2020,010287074,2,9,0,99,99,9,9,99,99,9,9,99,9,99,0,9,6,6,3,-1,-1,2231,2,11,TOYOTA RAV4,-1,-1,0,-1
2020040976783,2020,040976783,1,9,0,18,19,7,5,0,0,0,0,0,0,0,3,1,5,6,1,71,10,2494,8,3,TOYOTA RAV4,7,E01025561,0,-1
2020200942892,2020,200942892,1,9,0,18,19,8,4,0,0,1,0,0,0,0,1,1,6,6,1,64,9,1998,1,16,TOYOTA RAV4,2,E01010036,0,-1
2020137460642,2020,137460642,1,9,0,9,9,3,1,0,0,8,0,0,0,0,4,1,6,6,1,43,7,1998,1,19,TOYOTA RAV4,4,E01011892,0,-1
2020360953520,2020,360953520,1,9,0,18,19,3,7,0,0,0,0,11,1,9,1,1,5,6,1,62,9,1998,1,16,TOYOTA RAV4,10,E01026907,0,-1
2020370985946,2020,370985946,3,9,0,3,3,5,1,0,0,8,0,0,0,0,4,1,5,6,1,76,11,1998,2,7,TOYOTA RAV4,8,E01030237,0,-1
2020010274112,2020,010274112,1,9,0,18,19,3,7,0,0,8,0,0,0,0,4,1,6,6,1,62,9,2494,8,2,TOYOTA RAV4,4,E01000497,0,-1
2020530920883,2020,530920883,1,9,0,18,19,4,8,0,0,0,2,0,1,0,1,1,1,1,1,34,6,1995,2,15,TOYOTA RAV4,2,E01022332,0,-1
2020470980693,2020,470980693,2,9,0,18,19,1,5,0,0,0,0,0,0,0,0,1,6,6,3,50,8,2494,8,3,TOYOTA RAV4,-1,-1,0,-1
2020450992702,2020,450992702,1,9,0,9,9,5,3,0,0,8,0,0,0,0,4,1,5,6,2,60,9,2000,1,16,TOYOTA RAV4,10,E01030728,0,-1
2020420950807,2020,420950807,1,9,0,9,9,5,3,0,0,8,0,0,0,0,1,1,6,6,1,40,7,1995,2,16,TOYOTA RAV4,-1,-1,0,-1
2020430017931,2020,430017931,2,9,0,3,3,7,3,0,0,1,0,0,0,0,2,1,1,1,2,46,8,1998,1,15,TOYOTA RAV4,3,E01016714,0,-1
2020520100872,2020,520100872,2,9,0,3,3,4,8,0,0,2,0,0,0,0,4,1,6,6,1,54,8,1998,1,15,TOYOTA RAV4,8,E01032088,0,-1
2020420930065,2020,420930065,1,9,0,9,9,4,2,0,0,1,0,0,0,0,1,1,6,6,1,60,9,2494,8,4,TOYOTA RAV4,1,E01021323,0,-1
2020530976287,2020,530976287,1,9,0,18,19,3,7,0,0,1,0,0,0,0,1,1,6,6,2,66,10,1998,1,18,TOYOTA RAV4,5,E01022327,0,-1
2020371025147,2020,371025147,1,9,0,18,19,4,7,0,0,8,0,0,0,0,3,1,6,6,1,80,11,2494,8,4,TOYOTA RAV4,6,E01021430,0,-1
2020040953100,2020,040953100,1,9,0,18,19,1,7,0,0,1,0,0,0,0,1,1,5,6,1,55,8,1998,1,17,TOYOTA RAV4,2,E01024926,0,-1
2020340D08962,2020,340D08962,1,9,0,18,19,5,1,0,0,0,0,0,1,11,1,1,6,6,2,35,6,1995,2,17,TOYOTA RAV4,-1,-1,0,-1
2020370997697,2020,370997697,1,9,0,18,19,3,7,0,0,0,0,0,0,0,4,1,5,6,1,69,10,2494,8,3,TOYOTA RAV4,4,E01030201,0,-1
2020350932669,2020,350932669,1,9,0,18,19,2,6,0,0,1,0,0,0,0,1,1,5,6,2,80,11,2231,2,7,TOYOTA RAV4,-1,-1,0,-1
2020200969967,2020,200969967,1,9,0,4,4,-1,-1,0,0,0,0,0,0,0,0,1,6,6,1,29,6,2494,8,3,TOYOTA RAV4,1,E01009026,0,-1
2020350955506,2020,350955506,1,9,0,4,4,1,5,0,0,1,0,0,0,0,1,1,5,6,2,51,8,1995,2,18,TOYOTA RAV4,10,E01018285,0,-1
2020470917763,2020,470917763,2,9,0,10,10,2,8,0,0,0,0,0,0,0,2,1,6,6,2,34,6,1998,1,15,TOYOTA RAV4,9,E01031764,0,-1
2020460916833,2020,460916833,1,9,0,5,5,5,3,0,0,1,0,0,0,0,3,1,5,6,2,50,8,1998,1,18,TOYOTA RAV4,10,E01000445,0,-1
2020010278535,2020,010278535,1,9,0,9,9,7,5,0,0,2,0,0,0,0,3,1,2,2,1,28,6,1998,1,12,TOYOTA RAV4,4,E01001645,0,-1
2020010276354,2020,010276354,1,9,0,7,7,3,5,0,0,8,0,7,7,10,1,1,6,6,2,64,9,2494,8,2,TOYOTA RAV4,6,E01001083,0,-1
2020451004136,2020,451004136,1,9,0,16,19,5,1,0,0,0,1,7,0,0,1,1,5,6,1,30,6,2487,8,0,TOYOTA RAV4,8,E01030846,0,-1
2020340N05252,2020,340N05252,1,9,0,18,19,3,7,0,0,1,0,0,0,0,1,1,6,6,1,45,7,1998,2,7,TOYOTA RAV4,1,E01032979,0,-1
2020430379242,2020,430379242,2,9,0,18,19,6,2,0,0,1,0,0,0,0,1,1,6,6,1,57,9,2487,8,0,TOYOTA RAV4,8,E01032951,0,-1
2020220940589,2020,220940589,1,9,0,18,19,5,1,0,0,0,0,0,7,9,1,1,5,6,1,48,8,1995,2,15,TOYOTA RAV4,8,W01000453,0,-1
2020200941669,2020,200941669,1,9,0,7,7,2,4,0,0,6,0,0,0,0,1,1,6,6,1,34,6,2487,8,1,TOYOTA RAV4,1,E01009301,0,-1
2020990954562,2020,990954562,1,9,0,9,9,8,6,0,0,6,0,0,0,0,1,1,5,6,1,77,11,1998,1,13,TOYOTA RAV4,7,-1,0,-1
2020100963719,2020,100963719,1,9,0,18,19,5,1,0,0,8,0,0,0,0,4,1,6,6,1,49,8,1995,2,15,TOYOTA RAV4,9,E01008311,0,-1
2020010245424,2020,010245424,2,9,0,7,7,3,6,0,0,1,0,0,0,0,4,1,6,6,1,32,6,1998,1,19,TOYOTA RAV4,6,E01016075,0,-1
2020461008715,2020,461008715,2,9,0,3,3,1,5,0,0,1,0,0,0,0,2,1,5,6,2,56,9,1995,2,15,TOYOTA RAV4,5,E01024831,0,-1
2020010240068,2020,010240068,1,9,0,10,10,3,1,0,0,1,0,0,0,0,1,1,2,2,1,58,9,1998,1,14,TOYOTA RAV4,4,E01000401,0,-1
2020010253138,2020,010253138,1,9,0,9,9,2,7,0,0,8,0,0,0,0,1,1,6,6,1,54,8,1998,1,12,TOYOTA RAV4,1,E01033456,0,-1
2020440149315,2020,440149315,1,9,0,18,19,7,3,0,0,8,0,10,0,0,3,1,6,6,2,44,7,2494,8,3,TOYOTA RAV4,9,E01023272,0,-1
2020010269438,2020,010269438,1,9,0,15,15,5,1,0,0,1,0,0,0,0,4,1,3,7,2,50,8,1998,1,17,TOYOTA RAV4,2,E01001977,0,-1
2020410932082,2020,410932082,1,9,0,9,9,2,8,0,0,8,0,0,0,0,1,1,5,6,2,64,9,2487,8,1,TOYOTA RAV4,8,E01022091,0,-1
2020010272168,2020,010272168,1,9,9,99,99,9,9,99,99,9,9,99,9,99,9,9,6,6,3,-1,-1,1998,2,5,TOYOTA RAV4,-1,-1,0,-1
202006F174565,2020,06F174565,1,9,0,18,19,4,2,0,0,2,0,0,0,0,1,1,6,6,2,39,7,1998,1,20,TOYOTA RAV4,2,E01005670,0,-1
2020010230689,2020,010230689,3,9,0,2,2,0,0,0,0,0,0,0,0,0,3,1,6,6,3,-1,-1,2231,2,11,TOYOTA RAV4,-1,-1,0,-1
2020010234870,2020,010234870,3,9,0,2,2,0,0,0,0,0,0,0,0,0,2,1,6,6,3,-1,-1,1986,1,11,TOYOTA RAV4,-1,-1,0,-1
2020101000401,2020,101000401,2,9,0,18,19,5,1,0,0,0,0,0,0,0,2,1,2,2,1,44,7,2494,8,3,TOYOTA RAV4,4,E01008583,0,-1
2020460951551,2020,460951551,2,9,0,17,19,5,1,0,0,1,0,0,0,0,1,1,1,1,1,64,9,2487,8,0,TOYOTA RAV4,3,E01016150,0,-1
2020010264924,2020,010264924,1,9,0,18,19,1,5,0,0,8,0,4,0,0,3,1,6,6,2,42,7,2487,8,1,TOYOTA RAV4,3,E01003525,0,-1
2020460936952,2020,460936952,2,9,0,4,4,5,1,0,0,0,0,0,0,0,2,1,6,6,1,86,11,2487,8,1,TOYOTA RAV4,10,E01000694,0,-1
2020140996052,2020,140996052,3,9,0,18,19,5,1,0,0,0,0,0,0,0,1,1,6,6,1,67,10,2487,8,1,TOYOTA RAV4,9,E01007581,0,-1
2020420972739,2020,420972739,3,9,0,18,19,7,3,0,0,0,1,10,1,4,1,1,5,6,1,60,9,2494,8,2,TOYOTA RAV4,6,E01021595,0,-1
2020520004212,2020,520004212,1,9,0,18,19,2,6,0,0,1,1,0,0,0,1,1,6,6,1,44,7,2487,8,0,TOYOTA RAV4,8,E01014391,0,-1
2020500944267,2020,500944267,1,9,0,9,9,2,8,0,0,8,0,0,0,0,4,1,5,6,1,60,9,2231,2,6,TOYOTA RAV4,5,E01019039,0,-1
2020500957377,2020,500957377,2,9,0,17,19,2,6,0,0,0,0,0,0,0,1,1,6,6,1,53,8,1995,2,17,TOYOTA RAV4,4,E01020334,0,-1
2020430282209,2020,430282209,1,9,0,9,9,5,4,0,0,6,0,0,0,0,3,1,6,6,1,38,7,2487,8,0,TOYOTA RAV4,8,E01016269,0,-1
2020010262575,2020,010262575,2,9,0,99,99,9,9,99,99,9,9,99,9,99,2,9,6,6,3,-1,-1,2494,8,3,TOYOTA RAV4,-1,-1,0,-1
2020440276806,2020,440276806,1,9,0,6,6,4,8,0,0,0,0,0,0,0,3,1,6,6,1,60,9,1998,1,20,TOYOTA RAV4,1,E01017240,0,-1
2020340C02672,2020,340C02672,2,9,0,12,12,7,5,0,0,1,0,0,4,0,1,1,6,6,1,38,7,2487,8,1,TOYOTA RAV4,7,E01026974,0,-1
2020522001180,2020,522001180,2,9,0,7,7,5,6,0,0,6,0,0,0,0,1,1,6,6,1,49,8,1998,2,5,TOYOTA RAV4,2,E01014578,0,-1
2020052000995,2020,052000995,1,5,0,13,13,4,8,0,0,1,1,0,0,0,1,1,6,6,1,67,10,599,1,10,MAKE AND MODEL REDACTED,2,E01007176,0,-1
2020450935339,2020,450935339,1,5,0,3,3,1,2,0,0,0,0,0,0,0,0,1,2,2,1,36,7,600,1,7,MAKE AND MODEL REDACTED,9,E01030713,0,-1
2020460952482,2020,460952482,1,5,0,16,19,7,3,0,0,0,0,0,1,0,1,1,5,6,1,66,10,599,1,10,MAKE AND MODEL REDACTED,7,E01024727,0,-1
2020552100056,2020,552100056,1,5,0,18,19,8,4,0,0,7,1,0,0,0,0,1,2,2,1,22,5,599,1,10,MAKE AND MODEL REDACTED,8,E01020473,0,-1
2020030978979,2020,030978979,2,5,0,18,19,3,7,0,0,1,0,0,0,0,1,1,5,6,1,32,6,600,1,6,MAKE AND MODEL REDACTED,6,E01019084,0,-1