collision_index,collision_year,collision_ref_no,vehicle_reference,vehicle_type,towing_and_articulation,vehicle_manoeuvre_historic,vehicle_manoeuvre,vehicle_direction_from,vehicle_direction_to,vehicle_location_restricted_lane_historic,vehicle_location_restricted_lane,junction_location,skidding_and_overturning,hit_object_in_carriageway,vehicle_leaving_carriageway,hit_object_off_carriageway,first_point_of_impact,vehicle_left_hand_drive,journey_purpose_of_driver_historic,journey_purpose_of_driver,sex_of_driver,age_of_driver,age_band_of_driver,engine_capacity_cc,propulsion_code,age_of_vehicle,generic_make_model,driver_imd_decile,lsoa_of_driver,escooter_flag,driver_distance_banding
2020100920909,2020,100920909,2,19,0,18,19,5,1,0,0,8,1,0,7,1,4,1,1,1,1,35,6,-1,-1,-1,RENAULT TRUCKS MASTER,6,E01008195,0,-1
2020420943161,2020,420943161,1,19,0,18,19,1,5,0,0,4,0,0,0,0,4,1,1,1,1,33,6,2299,2,3,RENAULT TRUCKS MASTER,8,E01015693,0,-1
2020041006019,2020,041006019,1,19,0,9,9,1,7,0,0,8,0,0,0,0,4,2,1,1,1,24,5,2299,2,0,RENAULT TRUCKS MASTER,2,E01014185,0,-1
2020622000992,2020,622000992,1,19,0,18,19,4,8,0,0,0,0,0,0,0,0,1,1,1,1,34,6,2299,2,1,RENAULT TRUCKS MASTER,2,E01027980,0,-1
2020100998340,2020,100998340,2,90,0,18,19,1,5,0,0,1,0,0,0,0,4,1,1,1,2,45,7,2299,2,1,-1,3,E01008183,0,-1
2020470929931,2020,470929931,2,21,0,18,19,6,2,0,0,1,0,0,0,0,2,1,1,1,1,59,9,2299,2,3,-1,2,E01017265,0,-1
2020170L20370,2020,170L20370,1,3,0,18,19,3,7,0,0,0,0,12,0,0,1,1,2,2,1,60,9,124,1,5,-1,5,E01012144,0,-1
2020460942343,2020,460942343,2,9,0,3,3,4,8,0,0,1,0,0,0,0,2,1,6,6,2,56,9,998,1,4,TOYOTA AYGO,1,E01016111,0,-1
2020990922665,2020,990922665,4,9,0,4,4,6,2,0,0,2,0,0,0,0,2,1,2,2,2,20,4,998,1,2,TOYOTA AYGO,1,-1,0,-1
202054A699920,2020,54A699920,2,9,0,18,19,6,2,0,0,0,0,0,0,0,3,1,6,6,1,63,9,998,1,14,TOYOTA AYGO,6,E01031844,0,-1
2020052002022,2020,052002022,2,9,0,7,7,1,3,0,0,1,0,0,0,0,2,1,6,6,2,23,5,998,1,10,TOYOTA AYGO,-1,-1,0,-1
2020450924390,2020,450924390,1,9,0,9,9,1,7,0,0,8,0,0,0,0,1,1,2,2,2,17,4,998,1,10,TOYOTA AYGO,8,E01030602,0,-1
2020200989690,2020,200989690,2,9,0,18,19,2,6,0,0,1,0,0,0,0,1,1,5,6,2,21,5,998,1,0,TOYOTA AYGO,2,E01029362,0,-1
2020200988105,2020,200988105,4,9,0,18,19,4,8,0,0,1,0,0,0,0,2,1,6,6,2,29,6,998,1,6,TOYOTA AYGO,4,E01010298,0,-1
2020500998615,2020,500998615,1,9,0,16,19,7,3,0,0,0,0,0,0,0,4,1,6,6,1,59,9,998,1,12,TOYOTA AYGO,4,E01018962,0,-1
2020990956248,2020,990956248,1,9,0,5,5,8,4,0,0,2,0,0,0,0,3,1,5,6,2,32,6,998,1,6,TOYOTA AYGO,3,-1,0,-1
2020460930149,2020,460930149,2,9,0,4,4,1,5,0,0,0,0,0,0,0,4,1,6,6,1,33,6,998,1,11,TOYOTA AYGO,6,E01024071,0,-1
2020470964093,2020,470964093,1,9,0,18,19,7,3,0,0,0,0,0,0,0,1,1,2,2,2,51,8,998,1,4,TOYOTA AYGO,7,E01021212,0,-1
2020470929931,2020,470929931,3,9,0,4,4,6,2,0,0,1,0,0,0,0,2,1,5,6,2,45,7,998,1,7,TOYOTA AYGO,5,E01031663,0,-1
2020302000250,2020,302000250,2,9,0,18,19,4,8,0,0,0,0,0,0,0,1,1,6,6,2,26,6,998,1,0,TOYOTA AYGO,7,E01013186,0,-1
2020440042484,2020,440042484,2,9,0,18,19,4,8,0,0,8,0,0,0,0,4,1,6,6,2,61,9,998,1,7,TOYOTA AYGO,-1,-1,0,-1
2020552000316,2020,552000316,2,9,0,8,8,4,8,0,0,1,0,0,0,0,2,1,2,2,2,65,9,998,1,4,TOYOTA AYGO,10,E01015397,0,-1
202006F271037,2020,06F271037,2,9,0,9,9,2,8,0,0,8,0,0,0,0,4,1,6,6,3,30,6,998,1,11,TOYOTA AYGO,-1,-1,0,-1
202031C104220,2020,31C104220,2,9,0,18,19,8,4,0,0,1,0,0,0,0,1,1,1,1,2,-1,-1,998,1,0,TOYOTA AYGO,1,E01013866,0,-1
20201379E1469,2020,1379E1469,2,9,0,10,10,7,5,0,0,5,0,0,0,0,2,1,6,6,2,41,7,998,1,1,TOYOTA AYGO,2,E01011540,0,-1
2020500944177,2020,500944177,1,9,0,14,14,4,8,0,0,8,0,0,0,0,1,1,5,6,2,60,9,998,1,10,TOYOTA AYGO,6,E01015264,0,-1
2020302000452,2020,302000452,2,9,0,18,19,8,4,0,0,8,0,0,0,0,1,1,6,6,2,79,11,998,1,9,TOYOTA AYGO,4,E01019526,0,-1
2020010279186,2020,010279186,1,9,0,99,99,9,9,99,99,9,9,99,9,99,9,9,6,6,2,38,7,998,1,10,TOYOTA AYGO,7,E01001134,0,-1
2020430264038,2020,430264038,1,9,0,17,19,8,5,0,0,0,1,0,7,0,4,1,2,2,1,20,4,998,1,11,TOYOTA AYGO,10,E01016551,0,-1
2020230946902,2020,230946902,1,9,0,5,5,7,2,0,0,8,0,0,0,0,4,1,5,6,1,57,9,998,1,7,TOYOTA AYGO,2,E01010310,0,-1
2020320574985,2020,320574985,2,9,0,3,3,2,6,0,0,0,0,0,0,0,2,1,6,6,2,22,5,998,1,13,TOYOTA AYGO,10,E01028292,0,-1
2020010268223,2020,010268223,2,9,0,99,99,9,9,99,99,0,9,99,9,99,9,9,6,6,3,-1,-1,998,1,8,TOYOTA AYGO,-1,-1,0,-1
2020340N06172,2020,340N06172,2,9,0,18,19,5,1,0,0,1,0,0,0,0,1,1,1,1,1,39,7,998,1,6,TOYOTA AYGO,4,E01032980,0,-1
2020450946591,2020,450946591,2,9,0,4,4,1,5,0,0,0,0,0,2,2,3,1,5,6,2,56,9,998,1,13,TOYOTA AYGO,10,E01030603,0,-1
2020010262449,2020,010262449,2,9,0,99,99,9,9,99,99,9,9,99,9,99,1,9,6,6,2,35,6,998,1,12,TOYOTA AYGO,5,E01002651,0,-1
2020430380212,2020,430380212,1,9,0,18,19,2,6,0,0,8,0,0,0,0,3,1,6,6,2,31,6,998,1,1,TOYOTA AYGO,10,E01017849,0,-1
2020430346929,2020,430346929,1,9,0,9,9,1,7,0,0,5,0,0,0,0,3,1,6,6,1,19,4,998,1,0,TOYOTA AYGO,10,E01017640,0,-1
2020010258837,2020,010258837,1,9,0,18,19,5,1,0,0,8,0,0,0,0,1,1,6,6,2,38,7,998,1,10,TOYOTA AYGO,6,E01001084,0,-1
2020040968598,2020,040968598,3,9,0,16,19,4,4,0,0,1,0,0,0,0,1,1,2,2,1,34,6,998,1,13,TOYOTA AYGO,2,E01025290,0,-1
20201372M1467,2020,1372M1467,2,9,0,18,19,8,4,0,0,8,0,0,0,0,1,1,6,6,3,-1,-1,998,1,1,TOYOTA AYGO,-1,-1,0,-1
2020520001883,2020,520001883,1,9,0,18,19,2,6,0,0,0,0,0,0,0,1,1,6,6,2,72,10,998,1,2,TOYOTA AYGO,7,E01029055,0,-1
2020460935815,2020,460935815,1,9,0,18,19,2,7,0,0,8,0,0,0,0,3,1,5,6,2,36,7,998,1,5,TOYOTA AYGO,5,E01016118,0,-1
2020500933599,2020,500933599,1,9,0,9,9,1,7,0,0,6,0,0,0,0,3,1,5,6,2,92,11,998,1,6,TOYOTA AYGO,6,E01019003,0,-1
202006L273237,2020,06L273237,1,9,0,12,12,2,6,0,0,1,0,0,0,0,1,1,6,6,1,32,6,998,1,1,TOYOTA AYGO,2,E01005368,0,-1
202054C687720,2020,54C687720,2,9,0,18,19,4,8,0,0,0,0,0,0,0,1,1,6,6,2,80,11,998,1,5,TOYOTA AYGO,9,E01015485,0,-1
2020430036742,2020,430036742,1,9,0,18,19,4,8,0,0,2,1,0,1,0,1,1,6,6,1,37,7,998,1,4,TOYOTA AYGO,10,E01028804,0,-1
2020451010151,2020,451010151,2,9,0,2,2,5,1,0,0,0,0,0,0,0,2,1,5,6,2,37,7,998,1,8,TOYOTA AYGO,9,E01003910,0,-1
2020010263344,2020,010263344,2,9,0,2,2,0,0,0,0,0,0,0,0,0,0,1,6,6,3,-1,-1,998,1,1,TOYOTA AYGO,-1,-1,0,-1
2020420943100,2020,420943100,1,9,0,9,9,6,2,0,0,0,0,0,0,0,3,1,5,6,2,40,7,998,1,1,TOYOTA AYGO,8,E01021881,0,-1
2020010240194,2020,010240194,1,9,0,18,19,3,7,0,0,9,0,0,0,0,4,1,2,2,2,32,6,998,1,3,TOYOTA AYGO,2,E01002316,0,-1
2020552001141,2020,552001141,1,9,0,7,7,1,3,0,0,6,0,0,0,0,3,1,2,2,2,18,4,998,1,11,TOYOTA AYGO,4,E01015339,0,-1
2020010260888,2020,010260888,2,9,0,4,4,5,1,0,0,8,0,0,0,0,1,1,6,6,2,31,6,998,1,0,TOYOTA AYGO,4,E01004418,0,-1
2020420997332,2020,420997332,2,9,0,18,19,1,5,0,0,1,0,0,0,0,1,1,5,6,2,46,8,998,1,5,TOYOTA AYGO,6,E01021986,0,-1
2020100917388,2020,100917388,1,9,0,9,9,7,5,0,0,8,0,0,0,0,4,1,5,6,2,19,4,998,1,12,TOYOTA AYGO,1,E01008299,0,-1
202006G177403,2020,06G177403,2,9,0,18,19,1,5,0,0,8,0,0,0,0,1,1,6,6,2,55,8,998,1,2,TOYOTA AYGO,2,E01006036,0,-1
2020010266055,2020,010266055,2,9,9,9,9,2,7,0,0,5,9,0,0,0,1,9,6,6,3,-1,-1,998,1,13,TOYOTA AYGO,-1,-1,0,-1
2020622000247,2020,622000247,2,9,0,4,4,4,8,0,0,0,0,0,0,0,2,1,1,1,2,50,8,998,1,6,TOYOTA AYGO,7,W01001118,0,-1
2020430441167,2020,430441167,2,9,0,9,9,4,2,0,0,4,0,0,0,0,3,1,6,6,1,22,5,998,1,7,TOYOTA AYGO,-1,-1,0,-1
2020140954156,2020,140954156,2,9,0,18,19,5,1,0,0,1,0,0,0,0,1,1,5,6,1,77,11,998,1,2,TOYOTA AYGO,2,E01007708,0,-1
2020010251817,2020,010251817,1,9,0,18,19,8,4,0,0,1,0,0,0,0,3,1,6,6,1,44,7,998,1,11,TOYOTA AYGO,1,E01004721,0,-1
202006N175241,2020,06N175241,2,9,0,9,9,6,2,0,0,8,0,0,0,0,1,1,6,6,1,48,8,998,1,2,TOYOTA AYGO,1,E01004957,0,-1
2020552001067,2020,552001067,1,9,0,7,7,8,4,0,0,4,0,0,0,0,1,1,6,6,2,46,8,998,1,2,TOYOTA AYGO,-1,-1,0,-1
20201379R0678,2020,1379R0678,2,9,0,18,19,5,1,0,0,0,0,0,0,0,2,1,6,6,2,50,8,998,1,13,TOYOTA AYGO,3,E01010615,0,-1
2020430086724,2020,430086724,1,9,0,9,9,1,6,0,0,0,1,0,1,11,1,1,1,1,2,58,9,998,1,1,TOYOTA AYGO,2,E01032941,0,-1
202031B167120,2020,31B167120,2,9,0,18,19,5,1,0,0,0,0,11,0,0,1,1,6,6,2,21,5,998,1,4,TOYOTA AYGO,9,E01032993,0,-1
2020460929515,2020,460929515,1,9,0,18,19,5,1,0,0,0,0,0,0,0,3,1,6,6,1,31,6,998,1,2,TOYOTA AYGO,5,E01003340,0,-1
2020010269168,2020,010269168,2,9,0,99,99,9,9,99,99,9,9,99,9,99,9,9,6,6,3,-1,-1,998,1,4,TOYOTA AYGO,-1,-1,0,-1
2020070308645,2020,070308645,1,9,0,9,9,3,1,0,0,1,0,0,0,0,1,1,6,6,2,22,5,998,1,7,TOYOTA AYGO,10,E01018659,0,-1
2020010283485,2020,010283485,1,9,0,18,19,3,7,0,0,0,0,0,0,0,4,1,2,2,2,31,6,998,1,1,TOYOTA AYGO,9,E01030401,0,-1
2020040923880,2020,040923880,2,9,0,18,19,3,7,0,0,8,0,0,0,0,1,1,5,6,2,19,4,998,1,4,TOYOTA AYGO,3,E01012644,0,-1
2020040963132,2020,040963132,2,9,0,18,19,5,1,0,0,0,0,0,0,0,2,1,6,6,2,64,9,998,1,5,TOYOTA AYGO,4,E01012703,0,-1
2020160978325,2020,160978325,1,9,0,18,19,5,1,0,0,3,0,0,0,0,1,1,5,6,1,75,10,998,1,7,TOYOTA AYGO,6,E01028316,0,-1
2020200990226,2020,200990226,2,9,0,3,3,2,6,0,0,1,0,0,0,0,2,1,6,6,1,32,6,998,1,0,TOYOTA AYGO,6,E01010174,0,-1
2020420919062,2020,420919062,2,9,0,16,19,1,5,0,0,0,0,0,0,0,1,1,6,6,2,52,8,998,1,5,TOYOTA AYGO,8,E01021254,0,-1
2020200930218,2020,200930218,2,9,0,18,19,-1,-1,0,0,0,0,0,0,0,3,1,6,6,1,32,6,998,1,13,TOYOTA AYGO,6,E01009034,0,-1
202006N169365,2020,06N169365,3,9,0,2,2,0,0,0,0,0,0,0,0,0,2,1,6,6,3,-1,-1,998,1,11,TOYOTA AYGO,-1,-1,0,-1
2020200999372,2020,200999372,1,9,0,18,19,7,3,0,0,1,0,0,0,0,1,1,1,1,1,30,6,998,1,14,TOYOTA AYGO,1,E01033643,0,-1
2020010282525,2020,010282525,1,9,0,18,19,3,7,0,0,8,0,0,1,10,3,1,6,6,2,73,10,998,1,3,TOYOTA AYGO,6,E01000259,0,-1
2020430057470,2020,430057470,1,9,0,5,5,6,2,0,0,4,0,0,0,0,3,1,6,6,2,26,6,998,1,5,TOYOTA AYGO,4,E01016724,0,-1
2020440403439,2020,440403439,2,9,0,2,2,0,0,0,0,0,0,0,0,0,1,1,6,6,1,36,7,998,1,13,TOYOTA AYGO,3,E01017227,0,-1
2020501015265,2020,501015265,1,9,0,18,19,4,8,0,0,0,1,0,0,0,1,1,6,6,2,18,4,998,1,11,TOYOTA AYGO,3,E01020139,0,-1
2020140962762,2020,140962762,1,9,0,18,19,4,8,0,0,1,0,0,0,0,1,2,2,2,2,54,8,998,1,7,TOYOTA AYGO,6,E01007512,0,-1
2020420994619,2020,420994619,1,9,0,18,19,7,3,0,0,0,0,0,0,0,4,1,6,6,2,74,10,998,1,8,TOYOTA AYGO,7,E01015817,0,-1
2020010259561,2020,010259561,1,9,0,99,99,9,9,99,99,9,9,99,9,99,2,9,6,6,1,50,8,998,1,9,TOYOTA AYGO,6,E01004070,0,-1
2020070343909,2020,070343909,2,8,0,18,19,2,6,0,0,1,0,0,0,0,3,1,6,6,2,55,8,998,1,4,-1,1,E01012479,0,-1
2020010242873,2020,010242873,2,9,0,99,99,9,9,99,99,9,9,99,9,99,1,9,6,6,3,-1,-1,998,1,11,TOYOTA AYGO,-1,-1,0,-1
2020622000941,2020,622000941,2,9,0,5,5,6,2,0,0,6,0,0,0,0,3,1,6,6,2,31,6,998,1,4,TOYOTA AYGO,2,W01000744,0,-1
2020010273457,2020,010273457,1,9,0,99,99,9,9,99,99,9,9,99,9,99,2,9,2,2,1,34,6,998,1,8,TOYOTA AYGO,5,E01004347,0,-1
2020070100560,2020,070100560,1,9,0,17,19,4,7,0,0,3,0,0,1,2,1,1,6,6,1,45,7,998,1,1,TOYOTA AYGO,1,E01018486,0,-1
2020471001670,2020,471001670,1,9,0,16,19,1,4,0,0,1,0,0,0,0,1,1,6,6,2,64,9,998,1,8,TOYOTA AYGO,1,E01031454,0,-1
2020160938353,2020,160938353,1,9,0,3,3,5,1,0,0,0,0,0,0,0,1,1,6,6,1,-1,-1,998,1,5,TOYOTA AYGO,-1,-1,0,-1
2020110922079,2020,110922079,1,9,0,9,9,3,1,0,0,8,0,0,0,0,4,1,1,1,1,69,10,998,1,2,TOYOTA AYGO,4,E01020677,0,-1
2020010261065,2020,010261065,1,9,9,99,99,9,9,99,99,0,9,99,9,99,1,9,6,6,1,26,6,998,1,13,TOYOTA AYGO,3,E01001673,0,-1
2020470984454,2020,470984454,1,9,0,13,13,1,5,0,0,1,0,0,0,0,1,1,1,1,2,56,9,998,1,2,TOYOTA AYGO,6,E01031636,0,-1
2020400929075,2020,400929075,1,9,0,16,19,6,2,0,0,4,0,0,3,2,1,1,5,6,1,51,8,998,1,1,TOYOTA AYGO,9,E01016608,0,-1
2020122000200,2020,122000200,1,9,0,17,19,7,4,0,0,0,2,10,1,11,1,1,6,6,1,28,6,998,1,14,TOYOTA AYGO,9,E01011583,0,-1
2020500951696,2020,500951696,1,9,0,18,19,5,1,0,0,1,0,0,0,0,4,1,6,6,1,59,9,998,1,5,TOYOTA AYGO,3,E01015189,0,-1
2020351013571,2020,351013571,1,9,0,18,19,7,4,0,0,0,2,0,1,0,2,1,2,2,1,47,8,998,1,10,TOYOTA AYGO,10,E01018282,0,-1
2020401001810,2020,401001810,1,9,0,5,5,1,5,0,0,0,0,0,1,0,2,1,1,1,1,46,8,998,1,9,TOYOTA AYGO,2,E01015704,0,-1
202006E273014,2020,06E273014,2,9,0,18,19,3,7,0,0,1,0,0,0,0,1,1,6,6,1,45,7,998,1,10,TOYOTA AYGO,-1,-1,0,-1
2020010268942,2020,010268942,2,9,0,2,2,0,0,0,0,1,0,0,0,0,1,1,6,6,3,-1,-1,998,1,10,TOYOTA AYGO,-1,-1,0,-1
2020340S00622,2020,340S00622,2,9,0,18,19,5,1,0,0,0,0,0,0,0,2,1,6,6,1,38,7,998,1,4,TOYOTA AYGO,1,E01009622,0,-1
2020470924694,2020,470924694,1,9,0,9,9,1,7,0,0,4,0,0,0,0,1,2,6,6,2,64,9,998,1,10,TOYOTA AYGO,6,E01021047,0,-1
2020160980573,2020,160980573,1,9,0,16,19,8,4,0,0,0,0,0,0,0,3,1,5,6,2,19,4,998,1,8,TOYOTA AYGO,5,E01033414,0,-1
2020410986170,2020,410986170,2,9,0,5,5,5,8,0,0,0,0,0,0,0,2,1,6,6,2,53,8,998,1,8,TOYOTA AYGO,7,E01023651,0,-1
2020230937109,2020,230937109,1,9,0,5,5,2,6,0,0,4,0,0,1,9,1,1,5,6,2,77,11,998,1,3,TOYOTA AYGO,4,E01027779,0,-1
2020201000182,2020,201000182,1,9,0,18,19,1,5,0,0,2,0,0,0,0,1,1,6,6,3,41,7,998,1,11,TOYOTA AYGO,4,E01009625,0,-1
2020100944758,2020,100944758,2,9,0,11,11,7,3,0,0,0,0,0,0,0,2,1,6,6,1,19,4,998,1,6,TOYOTA AYGO,5,E01020650,0,-1
2020440467105,2020,440467105,2,9,0,3,3,1,6,0,0,0,0,0,0,0,2,1,2,2,1,24,5,998,1,8,TOYOTA AYGO,8,E01022491,0,-1
2020100983640,2020,100983640,1,9,0,9,9,3,5,0,0,8,0,0,0,0,3,1,2,2,2,35,6,998,1,3,TOYOTA AYGO,3,E01008511,0,-1
2020460936039,2020,460936039,1,9,0,18,19,1,5,0,0,1,0,0,0,0,1,1,6,6,2,38,7,998,1,8,TOYOTA AYGO,2,E01024294,0,-1
2020351005809,2020,351005809,2,9,0,18,19,1,5,0,0,0,0,0,0,0,1,1,6,6,2,70,10,998,1,3,TOYOTA AYGO,6,E01018264,0,-1
202006E369048,2020,06E369048,1,9,0,18,19,7,3,0,0,1,0,0,0,0,1,1,6,6,1,30,6,998,1,11,TOYOTA AYGO,-1,-1,0,-1
2020201016254,2020,201016254,2,9,0,4,4,6,2,0,0,0,0,0,0,0,2,1,6,6,1,19,4,998,1,5,TOYOTA AYGO,5,E01010393,0,-1
2020230963603,2020,230963603,1,9,0,9,9,5,3,0,0,6,0,0,0,0,3,1,5,6,1,25,5,998,1,4,TOYOTA AYGO,9,E01031222,0,-1
2020420982847,2020,420982847,2,9,0,3,3,3,7,0,0,0,0,0,0,0,1,1,5,6,1,28,6,998,1,4,TOYOTA AYGO,8,E01033460,0,-1
2020542189720,2020,542189720,1,9,0,18,19,2,6,0,0,1,0,0,0,0,4,1,6,6,1,50,8,998,1,13,TOYOTA AYGO,6,E01031967,0,-1
2020220936358,2020,220936358,4,9,0,18,19,2,6,0,0,0,0,11,0,0,1,1,2,2,2,20,4,998,1,1,TOYOTA AYGO,6,E01032244,0,-1
2020052001338,2020,052001338,1,9,0,10,10,7,3,0,0,1,0,0,0,0,2,1,2,2,2,53,8,998,1,1,TOYOTA AYGO,7,E01006774,0,-1
2020160934420,2020,160934420,1,9,0,18,19,6,2,0,0,0,0,0,0,0,1,1,5,6,1,17,4,998,1,12,TOYOTA AYGO,-1,-1,0,-1
2020991006935,2020,991006935,1,9,0,9,9,7,3,0,0,1,0,0,0,0,2,1,6,6,2,18,4,998,1,6,TOYOTA AYGO,5,-1,0,-1
2020990993735,2020,990993735,2,9,0,7,7,2,3,0,0,8,0,0,7,1,4,1,5,6,2,50,8,998,1,7,TOYOTA AYGO,2,-1,0,-1
2020500949506,2020,500949506,1,9,0,18,19,1,5,0,0,0,0,12,0,0,1,1,2,2,1,35,6,998,1,14,TOYOTA AYGO,5,E01018947,0,-1
2020200957977,2020,200957977,2,9,0,18,19,1,5,0,0,8,0,10,0,0,1,1,6,6,1,20,4,998,1,10,TOYOTA AYGO,1,E01009408,0,-1
2020101009889,2020,101009889,2,9,0,4,4,5,1,0,0,0,0,0,0,0,2,1,6,6,2,45,7,998,1,4,TOYOTA AYGO,9,E01008723,0,-1
2020140963398,2020,140963398,1,9,0,9,9,4,2,0,0,5,0,0,0,0,4,1,5,6,1,35,6,998,1,9,TOYOTA AYGO,4,E01008019,0,-1
2020302000729,2020,302000729,1,9,0,5,5,6,2,0,0,8,1,0,0,0,1,1,2,2,2,50,8,998,1,6,TOYOTA AYGO,6,E01019619,0,-1
202031D170620,2020,31D170620,1,9,0,18,19,5,1,0,0,0,0,0,0,0,1,1,6,6,1,18,4,998,1,1,TOYOTA AYGO,8,E01028182,0,-1
2020070781890,2020,070781890,2,9,0,18,19,2,6,0,0,0,0,0,0,0,1,1,2,2,2,53,8,998,1,8,TOYOTA AYGO,1,E01012479,0,-1
2020460980738,2020,460980738,4,9,0,18,19,2,6,0,0,0,0,0,0,0,1,1,6,6,1,24,5,998,1,5,TOYOTA AYGO,7,E01024802,0,-1
2020010266559,2020,010266559,1,9,0,18,19,5,1,0,0,0,0,0,0,0,4,1,6,6,1,41,7,998,1,15,TOYOTA AYGO,-1,-1,0,-1
2020140923418,2020,140923418,2,9,0,4,4,2,6,0,0,2,0,0,0,0,1,1,6,6,1,20,4,998,1,11,TOYOTA AYGO,1,E01007913,0,-1
2020460948942,2020,460948942,2,9,0,18,19,7,3,0,0,0,2,0,1,9,1,1,6,6,2,55,8,998,1,14,TOYOTA AYGO,6,E01023988,0,-1
2020552000647,2020,552000647,2,9,0,18,19,4,8,0,0,0,0,0,0,0,2,1,6,6,2,50,8,998,1,11,TOYOTA AYGO,2,E01015277,0,-1
2020220971237,2020,220971237,2,9,0,18,19,1,5,0,0,1,0,0,0,0,1,1,5,6,2,38,7,998,1,4,TOYOTA AYGO,7,E01009474,0,-1
2020522002066,2020,522002066,3,9,0,18,19,5,1,0,0,0,0,0,0,0,1,1,6,6,2,21,5,998,1,12,TOYOTA AYGO,7,E01014838,0,-1
2020540330720,2020,540330720,1,9,0,18,19,6,2,0,0,1,0,0,0,0,1,1,6,6,1,28,6,998,1,5,TOYOTA AYGO,6,E01032696,0,-1
2020010261757,2020,010261757,2,9,0,9,9,1,7,0,0,5,0,0,0,0,4,1,6,6,2,-1,-1,998,1,1,TOYOTA AYGO,3,E01001467,0,-1
202006E177694,2020,06E177694,3,9,0,9,9,4,2,0,0,8,0,0,0,0,3,1,6,6,2,53,8,998,1,14,TOYOTA AYGO,1,E01005287,0,-1
2020010265602,2020,010265602,1,9,0,2,2,0,0,0,0,0,0,0,0,0,3,1,6,6,3,-1,-1,998,1,3,TOYOTA AYGO,-1,-1,0,-1
2020070108933,2020,070108933,1,9,0,18,19,7,4,0,0,1,0,0,0,0,1,1,6,6,1,-1,-1,998,1,12,TOYOTA AYGO,10,E01018619,0,-1
2020170L31060,2020,170L31060,2,9,0,11,11,6,3,0,0,8,0,0,0,0,4,1,6,6,2,70,10,998,1,3,TOYOTA AYGO,6,E01027741,0,-1
2020470994981,2020,470994981,1,9,0,18,19,3,7,0,0,0,1,0,0,0,1,1,2,2,1,65,9,998,1,1,TOYOTA AYGO,9,E01031772,0,-1
20201373F1563,2020,1373F1563,1,9,0,18,19,3,7,0,0,4,2,0,3,0,1,1,6,6,1,22,5,998,1,13,TOYOTA AYGO,1,E01010626,0,-1
202006K170570,2020,06K170570,2,9,0,18,19,1,5,0,0,8,0,0,0,0,3,1,6,6,1,56,9,998,1,10,TOYOTA AYGO,1,E01004841,0,-1
2020450926358,2020,450926358,2,9,0,18,19,1,5,0,0,2,0,0,0,0,1,1,5,6,2,26,6,998,1,4,TOYOTA AYGO,8,E01030703,0,-1
2020420918313,2020,420918313,2,9,0,18,19,3,7,0,0,0,0,0,0,0,4,1,2,2,1,42,7,998,1,6,TOYOTA AYGO,10,E01021445,0,-1
2020990985315,2020,990985315,1,9,0,17,19,8,5,0,0,0,0,0,0,0,1,1,5,6,1,80,11,998,1,3,TOYOTA AYGO,9,-1,0,-1
2020160915590,2020,160915590,1,9,0,7,7,2,4,0,0,1,0,0,0,0,1,1,5,6,1,28,6,998,1,1,TOYOTA AYGO,1,E01013210,0,-1
2020460987509,2020,460987509,1,9,0,18,19,1,5,0,0,8,0,0,0,0,4,1,6,6,1,32,6,998,1,9,TOYOTA AYGO,1,E01024658,0,-1
2020332000166,2020,332000166,2,9,0,2,2,0,0,0,0,0,0,0,0,0,3,1,6,6,2,23,5,998,1,8,TOYOTA AYGO,2,E01013657,0,-1
2020201021901,2020,201021901,2,9,0,2,2,0,0,0,0,0,0,4,0,0,1,1,6,6,1,65,9,998,1,5,TOYOTA AYGO,7,E01010024,0,-1
2020320604551,2020,320604551,2,9,0,18,19,3,7,0,0,0,0,0,1,4,2,1,6,6,2,79,11,998,1,5,TOYOTA AYGO,-1,-1,0,-1
2020450983290,2020,450983290,2,9,0,18,19,6,2,0,0,1,0,0,0,0,3,1,6,6,2,45,7,998,1,7,TOYOTA AYGO,4,E01030619,0,-1
2020010231585,2020,010231585,1,9,0,6,6,2,2,0,0,0,0,0,0,0,3,1,6,6,1,37,7,998,1,2,TOYOTA AYGO,2,E01004394,0,-1
2020010276632,2020,010276632,1,9,0,99,99,9,9,99,99,9,9,99,9,99,2,9,6,6,2,42,7,998,1,2,TOYOTA AYGO,2,E01001014,0,-1
2020010278570,2020,010278570,1,9,0,18,19,5,1,0,0,1,0,4,0,0,3,1,2,2,1,28,6,998,1,3,TOYOTA AYGO,2,E01002217,0,-1
2020137AT0939,2020,137AT0939,2,9,0,18,19,1,5,0,0,0,0,0,0,0,2,1,6,6,2,26,6,1364,2,14,TOYOTA AYGO,3,E01010762,0,-1
2020990990774,2020,990990774,1,9,0,18,19,1,5,0,0,1,0,0,0,0,1,1,5,6,1,86,11,998,1,1,TOYOTA AYGO,10,-1,0,-1
2020030945303,2020,030945303,1,9,0,18,19,1,5,0,0,0,0,0,0,0,1,1,1,1,2,44,7,998,1,12,TOYOTA AYGO,2,E01019206,0,-1
2020460958434,2020,460958434,2,9,0,18,19,7,3,0,0,0,0,0,0,0,4,1,1,1,1,32,6,998,1,9,TOYOTA AYGO,1,E01016063,0,-1
2020010242150,2020,010242150,2,9,0,2,2,0,0,6,6,2,0,0,0,0,3,1,6,6,3,-1,-1,998,1,7,TOYOTA AYGO,-1,-1,0,-1
2020040925130,2020,040925130,1,9,0,18,19,1,5,0,0,1,0,0,0,0,1,1,5,6,1,29,6,998,1,4,TOYOTA AYGO,4,E01004796,0,-1