collision_index,collision_year,collision_ref_no,vehicle_reference,vehicle_type,towing_and_articulation,vehicle_manoeuvre_historic,vehicle_manoeuvre,vehicle_direction_from,vehicle_direction_to,vehicle_location_restricted_lane_historic,vehicle_location_restricted_lane,junction_location,skidding_and_overturning,hit_object_in_carriageway,vehicle_leaving_carriageway,hit_object_off_carriageway,first_point_of_impact,vehicle_left_hand_drive,journey_purpose_of_driver_historic,journey_purpose_of_driver,sex_of_driver,age_of_driver,age_band_of_driver,engine_capacity_cc,propulsion_code,age_of_vehicle,generic_make_model,driver_imd_decile,lsoa_of_driver,escooter_flag,driver_distance_banding
2020010272483,2020,010272483,1,9,0,18,19,1,5,0,0,1,0,0,0,0,3,1,3,7,2,47,8,998,1,3,TOYOTA AYGO,-1,-1,0,-1
2020122000501,2020,122000501,1,9,0,18,19,5,1,0,0,0,0,0,1,1,1,1,6,6,1,32,6,998,1,2,TOYOTA AYGO,9,E01027596,0,-1
2020401010808,2020,401010808,2,9,0,18,19,4,8,0,0,0,0,0,0,0,2,1,1,1,2,22,5,998,1,11,TOYOTA AYGO,5,E01015768,0,-1
2020460935539,2020,460935539,2,9,0,18,19,3,1,0,0,3,1,0,7,10,4,1,6,6,2,26,6,998,1,8,TOYOTA AYGO,7,E01024540,0,-1
2020052002462,2020,052002462,1,9,0,18,19,2,6,0,0,8,0,0,0,0,1,1,6,6,2,73,10,998,1,6,TOYOTA AYGO,9,E01006682,0,-1
2020200949027,2020,200949027,1,9,0,6,6,4,4,0,0,0,0,0,0,0,1,1,6,6,1,45,7,998,1,8,TOYOTA AYGO,1,E01009362,0,-1
2020410959413,2020,410959413,2,9,0,2,2,0,0,0,0,0,0,0,0,0,4,1,5,6,2,24,5,998,1,6,TOYOTA AYGO,-1,-1,0,-1
2020990969536,2020,990969536,1,9,0,18,19,6,3,0,0,0,0,0,0,0,3,1,5,6,2,78,11,998,1,12,TOYOTA AYGO,4,-1,0,-1
2020471002182,2020,471002182,1,9,0,9,9,6,2,0,0,0,0,0,0,0,3,1,5,6,2,22,5,998,1,12,TOYOTA AYGO,9,E01021124,0,-1
2020622001010,2020,622001010,4,9,0,2,2,0,0,0,0,0,0,0,0,0,2,1,6,6,3,-1,-1,998,1,5,TOYOTA AYGO,-1,-1,0,-1
2020010239466,2020,010239466,1,9,0,17,19,7,3,0,0,0,0,0,0,0,1,1,6,6,2,56,9,998,1,9,TOYOTA AYGO,4,E01003684,0,-1
2020410925517,2020,410925517,1,9,0,7,7,8,4,0,0,3,0,0,0,0,4,1,5,6,1,24,5,998,1,3,TOYOTA AYGO,7,E01023618,0,-1
2020410978688,2020,410978688,2,9,0,7,7,4,6,0,0,6,0,0,0,0,1,1,6,6,1,-1,-1,998,1,3,TOYOTA AYGO,4,E01017570,0,-1
2020211024015,2020,211024015,1,9,-1,-1,-1,2,6,-1,-1,-1,-1,-1,-1,0,-1,1,6,6,1,78,11,998,1,0,TOYOTA AYGO,1,E01029554,0,-1
202006A276861,2020,06A276861,1,9,0,12,12,7,3,0,0,0,0,0,0,0,2,1,6,6,2,34,6,998,1,5,TOYOTA AYGO,1,E01005609,0,-1
2020440471433,2020,440471433,2,9,0,9,9,4,2,0,0,8,0,0,0,0,4,1,2,2,1,20,4,998,1,11,TOYOTA AYGO,8,E01017190,0,-1
2020302001366,2020,302001366,3,9,0,18,19,2,6,0,0,8,2,0,0,0,1,1,6,6,1,43,7,998,1,3,TOYOTA AYGO,2,E01011374,0,-1
2020451000372,2020,451000372,2,9,0,2,2,0,0,0,0,0,1,0,0,0,1,1,6,6,3,47,8,998,1,4,TOYOTA AYGO,10,E01030297,0,-1
2020070404363,2020,070404363,1,9,0,17,19,7,3,0,0,0,0,0,1,1,1,1,6,6,1,87,11,998,1,2,TOYOTA AYGO,10,E01006152,0,-1
2020430098291,2020,430098291,2,9,0,9,9,5,1,0,0,1,0,0,7,1,2,1,1,1,1,48,8,998,1,3,TOYOTA AYGO,4,E01016357,0,-1
2020200956387,2020,200956387,1,9,0,9,9,2,8,0,0,6,0,0,0,0,4,1,6,6,2,72,10,998,1,4,TOYOTA AYGO,2,E01009091,0,-1
2020010234759,2020,010234759,1,9,0,3,3,1,5,0,0,7,0,0,0,0,1,1,6,6,2,80,11,998,1,4,TOYOTA AYGO,-1,-1,0,-1
2020200962359,2020,200962359,1,9,0,5,5,2,6,0,0,0,0,0,0,0,1,1,5,6,1,25,5,998,1,5,TOYOTA AYGO,5,E01033058,0,-1
2020010261684,2020,010261684,1,9,0,4,4,3,7,0,0,0,0,0,0,0,2,1,6,6,1,71,10,998,1,14,TOYOTA AYGO,5,E01001277,0,-1
2020430301889,2020,430301889,1,9,0,18,19,7,3,0,0,0,0,0,1,4,1,1,6,6,2,21,5,998,1,14,TOYOTA AYGO,9,E01017714,0,-1
202031A052820,2020,31A052820,3,9,0,2,2,0,0,0,0,0,0,0,0,0,2,1,6,6,3,-1,-1,998,1,7,TOYOTA AYGO,-1,-1,0,-1
2020137851000,2020,137851000,2,9,0,18,19,8,4,0,0,8,0,0,0,0,1,1,6,6,2,51,8,998,1,12,TOYOTA AYGO,8,E01011690,0,-1
2020201020324,2020,201020324,1,9,0,18,19,4,8,0,0,0,0,0,0,0,1,1,6,6,2,-1,-1,998,1,4,TOYOTA AYGO,3,E01009005,0,-1
2020470994643,2020,470994643,2,9,0,18,19,1,5,0,0,1,0,0,0,0,1,1,2,2,2,23,5,998,1,3,TOYOTA AYGO,8,E01021163,0,-1
2020052001090,2020,052001090,1,9,0,4,4,5,1,0,0,1,0,0,0,0,1,1,6,6,3,-1,-1,998,1,4,TOYOTA AYGO,-1,-1,0,-1
2020100994743,2020,100994743,2,9,0,18,19,5,1,0,0,8,0,0,0,0,3,1,5,6,2,79,11,998,1,1,TOYOTA AYGO,4,E01008814,0,-1
2020100977072,2020,100977072,2,9,0,7,7,3,1,0,0,3,0,0,0,0,4,1,6,6,1,31,6,998,1,3,TOYOTA AYGO,3,E01008298,0,-1
2020420972914,2020,420972914,2,9,0,17,19,5,2,0,0,0,0,0,1,0,1,1,5,6,2,34,6,998,1,4,TOYOTA AYGO,5,E01021362,0,-1
2020052001162,2020,052001162,1,9,0,18,19,5,1,0,0,0,0,0,0,0,1,1,6,6,1,75,10,998,1,2,TOYOTA AYGO,10,E01006932,0,-1
202031D157220,2020,31D157220,1,9,0,12,12,3,7,0,0,3,0,0,0,0,3,1,6,6,2,26,6,998,1,5,TOYOTA AYGO,4,E01027832,0,-1
2020552000937,2020,552000937,2,9,0,4,4,7,3,0,0,0,0,0,0,0,2,1,6,6,2,70,10,998,1,9,TOYOTA AYGO,10,E01020402,0,-1
2020140982363,2020,140982363,2,9,0,18,19,7,3,0,0,8,0,0,0,0,1,1,5,6,2,20,4,998,1,9,TOYOTA AYGO,3,E01007487,0,-1
202006A269517,2020,06A269517,2,9,0,5,5,3,7,0,0,1,0,0,0,0,2,1,6,6,1,28,6,998,1,13,TOYOTA AYGO,-1,-1,0,-1
2020460931505,2020,460931505,1,9,0,18,19,3,7,0,0,0,1,7,0,0,0,1,6,6,2,21,5,998,1,13,TOYOTA AYGO,9,E01000363,0,-1
2020460934043,2020,460934043,1,9,0,18,19,4,8,0,0,1,0,0,0,0,4,1,5,6,2,20,4,998,1,6,TOYOTA AYGO,8,E01016095,0,-1
2020040934750,2020,040934750,2,9,0,18,19,1,5,0,0,1,0,0,0,0,1,1,6,6,2,20,4,998,1,10,TOYOTA AYGO,6,E01025568,0,-1
2020351008280,2020,351008280,1,9,0,7,7,5,7,0,0,6,0,0,0,0,3,1,2,2,2,57,9,998,1,5,TOYOTA AYGO,10,E01017959,0,-1
2020320079262,2020,320079262,1,9,0,18,19,7,3,0,0,8,0,0,0,0,1,1,6,6,1,17,4,998,1,10,TOYOTA AYGO,5,E01026210,0,-1
20201376K1333,2020,1376K1333,1,9,0,13,13,5,1,0,0,8,0,0,3,11,1,1,6,6,1,18,4,998,1,8,TOYOTA AYGO,4,E01011908,0,-1
2020302001677,2020,302001677,1,9,0,16,19,1,6,0,0,3,1,10,0,0,1,1,6,6,1,20,4,998,1,11,TOYOTA AYGO,8,E01013546,0,-1
202063C069320,2020,63C069320,1,9,0,18,19,4,8,0,0,1,0,0,0,0,1,1,2,2,2,23,5,998,1,13,TOYOTA AYGO,9,W01000619,0,-1
2020100971629,2020,100971629,2,9,0,2,2,0,0,0,0,2,0,0,0,0,2,1,5,6,1,65,9,998,1,11,TOYOTA AYGO,4,E01008711,0,-1
2020140928436,2020,140928436,1,9,0,18,19,5,1,0,0,0,0,4,0,0,1,1,5,6,2,73,10,998,1,4,TOYOTA AYGO,1,E01007716,0,-1
2020440391638,2020,440391638,2,9,0,18,19,2,6,0,0,2,0,0,0,0,2,1,6,6,1,41,7,998,1,13,TOYOTA AYGO,3,E01003295,0,-1
2020140924885,2020,140924885,1,9,0,3,3,3,7,0,0,1,0,0,0,0,3,1,2,2,2,45,7,998,1,1,TOYOTA AYGO,1,E01007655,0,-1
2020221011981,2020,221011981,2,9,0,18,19,6,2,0,0,1,0,0,0,0,1,1,5,6,1,19,4,998,1,14,TOYOTA AYGO,5,E01028904,0,-1
2020140937490,2020,140937490,1,9,0,8,8,1,5,0,0,6,0,0,0,0,2,1,5,6,2,55,8,998,1,1,TOYOTA AYGO,9,E01008074,0,-1
2020010260539,2020,010260539,3,9,0,8,8,6,8,0,0,0,0,0,0,0,2,1,6,6,2,54,8,998,1,6,TOYOTA AYGO,1,E01000308,0,-1
2020350993572,2020,350993572,2,9,0,18,19,5,1,0,0,8,0,0,0,0,3,1,5,6,1,20,4,998,1,2,TOYOTA AYGO,7,E01018058,0,-1
2020122000721,2020,122000721,1,9,0,9,9,1,7,0,0,8,0,0,0,0,3,1,6,6,2,50,8,998,1,5,TOYOTA AYGO,9,E01027644,0,-1
2020010282380,2020,010282380,1,9,0,18,19,1,5,0,0,2,0,0,0,0,3,1,2,2,2,23,5,998,1,10,TOYOTA AYGO,3,E01017484,0,-1
2020140993144,2020,140993144,1,9,0,-1,-1,-1,-1,-1,-1,0,-1,-1,-1,0,-1,1,6,6,1,33,6,998,1,15,TOYOTA AYGO,5,E01007990,0,-1
2020201019028,2020,201019028,1,9,0,14,14,4,8,0,0,8,0,0,0,0,1,1,3,7,1,28,6,998,1,13,TOYOTA AYGO,10,E01009461,0,-1
2020010266956,2020,010266956,1,9,0,4,4,2,6,0,0,1,0,0,0,0,2,1,6,6,1,22,5,998,1,13,TOYOTA AYGO,3,E01001834,0,-1
2020420961630,2020,420961630,1,9,0,5,5,7,3,0,0,0,0,0,0,0,1,1,6,6,2,23,5,998,1,7,TOYOTA AYGO,9,E01015889,0,-1
2020450980590,2020,450980590,2,9,0,5,5,8,3,0,0,4,0,0,0,0,2,1,5,6,2,44,7,998,1,1,TOYOTA AYGO,3,E01030952,0,-1
2020201002637,2020,201002637,1,9,0,18,19,8,4,0,0,2,0,0,0,0,1,1,6,6,2,-1,-1,998,1,6,TOYOTA AYGO,10,E01031298,0,-1
2020040915485,2020,040915485,1,9,0,18,19,5,1,0,0,6,0,0,7,2,1,1,5,6,2,19,4,998,1,4,TOYOTA AYGO,2,E01025390,0,-1
2020450958995,2020,450958995,2,9,0,16,19,7,7,0,0,1,0,0,0,0,1,1,2,2,2,17,4,998,1,14,TOYOTA AYGO,4,E01030752,0,-1
2020501005147,2020,501005147,1,9,0,18,19,8,4,0,0,0,5,0,0,0,4,1,6,6,2,19,4,998,1,12,TOYOTA AYGO,1,E01018875,0,-1
202031D173320,2020,31D173320,1,9,0,18,19,5,1,0,0,0,1,0,1,9,1,1,2,2,1,26,6,998,1,9,TOYOTA AYGO,8,E01025768,0,-1
2020052001990,2020,052001990,2,9,0,4,4,2,6,0,0,0,0,0,0,0,2,1,6,6,2,57,9,998,1,7,TOYOTA AYGO,3,E01007180,0,-1
2020140928335,2020,140928335,1,9,0,9,9,2,8,0,0,6,0,0,0,0,3,1,2,2,2,24,5,998,1,5,TOYOTA AYGO,5,E01007438,0,-1
2020010281082,2020,010281082,1,9,0,99,99,9,9,99,99,9,9,99,9,99,2,9,6,6,3,-1,-1,998,1,2,TOYOTA AYGO,-1,-1,0,-1
20201372R0520,2020,1372R0520,1,9,0,1,1,5,1,0,0,0,0,0,7,11,2,1,6,6,2,83,11,998,1,9,TOYOTA AYGO,7,E01011155,0,-1
2020070018314,2020,070018314,1,9,0,18,19,8,4,0,0,0,0,0,0,0,1,1,1,1,2,48,8,998,1,7,TOYOTA AYGO,-1,-1,0,-1
2020320250151,2020,320250151,2,9,0,9,9,5,3,0,0,1,0,0,7,11,2,1,6,6,1,48,8,998,1,5,TOYOTA AYGO,4,E01026366,0,-1
2020430029390,2020,430029390,1,9,0,18,19,8,4,0,0,4,0,0,0,0,1,1,2,2,1,23,5,998,1,4,TOYOTA AYGO,10,E01022509,0,-1
2020991008545,2020,991008545,1,9,0,18,19,3,7,0,0,0,0,0,0,0,1,1,5,6,2,53,8,998,1,1,TOYOTA AYGO,9,-1,0,-1
2020010237150,2020,010237150,4,9,0,2,2,0,0,0,0,0,0,0,0,0,2,1,6,6,3,-1,-1,998,1,4,TOYOTA AYGO,-1,-1,0,-1
2020544718320,2020,544718320,1,9,0,5,5,0,2,9,9,2,0,10,0,0,1,1,6,6,2,85,11,998,1,12,TOYOTA AYGO,2,E01032086,0,-1
2020010255733,2020,010255733,1,9,0,13,13,1,5,0,0,1,5,0,0,0,1,1,6,6,1,18,4,998,1,9,TOYOTA AYGO,7,E01001537,0,-1
2020470954197,2020,470954197,1,9,0,18,19,2,6,0,0,0,5,0,1,11,1,1,5,6,1,17,4,998,1,15,TOYOTA AYGO,3,E01032832,0,-1
2020200947709,2020,200947709,1,9,0,18,19,4,8,0,0,6,0,0,0,0,3,1,6,6,2,20,4,998,1,8,TOYOTA AYGO,1,E01009365,0,-1
2020522002307,2020,522002307,1,9,0,3,3,4,8,0,0,8,0,0,0,0,2,1,6,6,1,55,8,998,1,1,TOYOTA AYGO,8,E01014765,0,-1
2020340K04352,2020,340K04352,2,9,0,18,19,5,1,0,0,8,0,0,0,0,1,1,6,6,2,62,9,998,1,3,TOYOTA AYGO,8,E01027101,0,-1
2020451006848,2020,451006848,1,9,0,18,19,1,1,0,0,0,0,0,0,0,4,1,1,1,2,68,10,998,1,12,TOYOTA AYGO,4,E01033415,0,-1
20201378G0919,2020,1378G0919,1,9,0,18,19,7,3,0,0,4,0,0,1,0,1,1,6,6,2,25,5,998,1,6,TOYOTA AYGO,1,E01011036,0,-1
2020990936267,2020,990936267,2,9,0,3,3,7,3,0,0,0,0,0,0,0,2,1,5,6,2,43,7,998,1,5,TOYOTA AYGO,3,-1,0,-1
2020990954302,2020,990954302,1,9,0,18,19,3,7,0,0,4,0,0,0,0,4,2,1,1,2,29,6,998,1,1,TOYOTA AYGO,1,-1,0,-1
2020010228060,2020,010228060,2,9,0,18,19,1,5,0,0,1,0,0,0,0,1,1,6,6,2,77,11,998,1,13,TOYOTA AYGO,-1,-1,0,-1
2020420951623,2020,420951623,1,9,0,5,5,4,8,0,0,4,0,0,0,0,1,1,1,1,2,18,4,998,1,1,TOYOTA AYGO,-1,-1,0,-1
2020010283945,2020,010283945,1,9,0,18,19,7,3,0,0,4,0,0,0,0,4,1,6,6,2,20,4,998,1,4,TOYOTA AYGO,3,E01002133,0,-1
2020111006975,2020,111006975,1,9,0,9,9,5,1,0,0,2,0,0,0,0,1,1,6,6,2,36,7,998,1,12,TOYOTA AYGO,1,E01008257,0,-1
202054A618020,2020,54A618020,2,9,0,18,19,7,3,0,0,8,0,0,0,0,4,1,1,1,2,48,8,998,1,13,TOYOTA AYGO,1,E01015544,0,-1
20201374O2026,2020,1374O2026,1,9,0,9,9,3,1,0,0,6,0,0,0,0,4,1,6,6,1,33,6,998,1,9,TOYOTA AYGO,1,E01010680,0,-1
2020201022752,2020,201022752,2,9,0,8,8,6,8,0,0,1,0,0,0,0,2,1,2,2,2,37,7,998,1,8,TOYOTA AYGO,8,E01010514,0,-1
2020220990205,2020,220990205,1,9,0,4,4,4,8,0,0,0,0,0,0,0,2,1,5,6,2,46,8,998,1,2,TOYOTA AYGO,8,E01013996,0,-1
2020010233334,2020,010233334,2,9,0,4,4,1,5,0,0,2,0,0,0,0,2,1,6,6,1,58,9,998,1,2,TOYOTA AYGO,-1,-1,0,-1
2020052000031,2020,052000031,1,9,0,18,19,1,5,0,0,0,0,0,0,0,1,1,6,6,2,47,8,998,1,2,TOYOTA AYGO,2,E01006456,0,-1
2020070378196,2020,070378196,2,9,0,18,19,5,1,0,0,0,0,2,0,0,4,1,6,6,1,36,7,998,1,3,TOYOTA AYGO,8,E01006827,0,-1
2020040920850,2020,040920850,1,9,0,18,19,5,1,0,0,2,0,0,0,0,1,1,5,6,2,31,6,998,1,5,TOYOTA AYGO,3,E01012734,0,-1
2020200938750,2020,200938750,2,9,0,2,2,0,0,0,0,1,0,0,0,0,3,1,6,6,2,-1,-1,998,1,7,TOYOTA AYGO,-1,-1,0,-1
2020461008172,2020,461008172,1,9,0,18,19,1,8,0,0,0,5,0,1,0,1,1,6,6,1,18,4,998,1,7,TOYOTA AYGO,7,E01024188,0,-1
2020200935019,2020,200935019,1,9,0,7,7,8,2,9,9,6,0,0,0,0,1,1,6,6,2,-1,-1,998,1,5,TOYOTA AYGO,2,E01009994,0,-1
2020111007829,2020,111007829,2,9,0,18,19,7,3,0,0,1,0,0,0,0,4,1,2,2,2,28,6,998,1,10,TOYOTA AYGO,5,E01020848,0,-1
2020010258662,2020,010258662,1,9,0,99,99,9,9,99,99,4,9,99,9,99,2,9,6,6,2,24,5,998,1,9,TOYOTA AYGO,5,E01002292,0,-1
2020361015498,2020,361015498,2,9,0,18,19,5,2,0,0,0,0,0,0,0,1,1,5,6,1,48,8,998,1,6,TOYOTA AYGO,3,E01026717,0,-1
2020100940439,2020,100940439,2,9,0,4,4,7,3,0,0,0,0,0,0,0,2,1,2,2,1,30,6,998,1,8,TOYOTA AYGO,2,E01020748,0,-1
202006XF78632,2020,06XF78632,2,9,0,18,19,2,6,0,0,0,0,0,0,0,2,1,6,6,1,33,6,998,1,3,TOYOTA AYGO,1,E01005731,0,-1
2020010254469,2020,010254469,1,9,0,99,99,9,9,99,99,9,9,99,9,99,9,9,2,2,2,25,5,998,1,1,TOYOTA AYGO,6,E01000513,0,-1
2020520001745,2020,520001745,1,9,0,9,9,2,8,0,0,8,0,0,0,0,4,1,6,6,2,61,9,998,1,11,TOYOTA AYGO,4,E01029334,0,-1
2020140935179,2020,140935179,1,9,0,18,19,6,1,0,0,4,0,0,0,0,1,1,5,6,2,20,4,998,1,14,TOYOTA AYGO,10,E01007954,0,-1
2020440253449,2020,440253449,1,9,0,9,9,8,6,0,0,8,0,0,0,0,1,1,6,6,1,46,8,998,1,6,TOYOTA AYGO,4,E01022523,0,-1
2020041005254,2020,041005254,1,9,0,18,19,1,5,0,0,0,0,0,0,0,1,1,1,1,2,57,9,998,1,3,TOYOTA AYGO,8,E01024973,0,-1
2020460978849,2020,460978849,2,9,0,18,19,6,2,0,0,0,0,0,0,0,3,1,3,7,2,36,7,998,1,1,TOYOTA AYGO,8,E01016131,0,-1
2020041000031,2020,041000031,2,9,0,3,3,7,3,0,0,0,0,0,0,0,2,1,5,6,2,50,8,998,1,9,TOYOTA AYGO,4,E01025187,0,-1
2020122001320,2020,122001320,2,9,0,9,9,6,2,0,0,1,0,0,0,0,2,1,6,6,2,20,4,998,1,3,TOYOTA AYGO,4,E01008019,0,-1
2020450934354,2020,450934354,1,9,0,18,19,5,8,0,0,0,0,0,0,0,1,1,2,2,1,27,6,998,1,11,TOYOTA AYGO,8,E01030675,0,-1
2020430348729,2020,430348729,1,9,0,3,3,2,6,0,0,1,0,0,0,0,2,1,2,2,1,22,5,998,1,8,TOYOTA AYGO,10,E01016562,0,-1
2020010286674,2020,010286674,1,9,0,5,5,3,7,0,0,2,0,0,0,0,1,1,6,6,2,41,7,998,1,5,TOYOTA AYGO,9,E01001018,0,-1
2020990952174,2020,990952174,1,9,0,9,9,6,3,0,0,0,0,0,0,0,1,1,5,6,2,20,4,998,1,5,TOYOTA AYGO,4,-1,0,-1
202006E269878,2020,06E269878,1,9,0,7,7,2,3,0,0,8,0,0,0,0,4,1,2,2,1,17,4,998,1,12,TOYOTA AYGO,7,E01005844,0,-1
2020122000646,2020,122000646,2,9,0,17,19,6,2,0,0,0,0,0,0,0,1,1,6,6,2,67,10,998,1,6,TOYOTA AYGO,6,E01013412,0,-1
2020040984350,2020,040984350,1,9,0,12,12,1,5,0,0,0,1,0,1,4,2,1,5,6,2,67,10,998,1,3,TOYOTA AYGO,4,E01012661,0,-1
2020137C60062,2020,137C60062,3,9,0,2,2,0,0,0,0,0,0,0,0,0,4,1,6,6,3,-1,-1,998,1,5,TOYOTA AYGO,-1,-1,0,-1
202006J170229,2020,06J170229,2,9,0,9,9,7,5,0,0,8,0,0,0,0,1,1,6,6,2,64,9,998,1,3,TOYOTA AYGO,10,E01005811,0,-1
2020401018757,2020,401018757,1,9,0,18,19,1,5,0,0,0,0,0,0,0,1,1,6,6,1,25,5,998,1,11,TOYOTA AYGO,4,E01015782,0,-1
2020041009829,2020,041009829,2,9,0,4,4,1,5,0,0,0,0,0,0,0,2,1,5,6,1,59,9,998,1,7,TOYOTA AYGO,7,E01024962,0,-1
202063D031220,2020,63D031220,1,9,0,5,5,7,3,9,9,6,0,0,0,0,1,1,2,2,2,54,8,998,1,5,TOYOTA AYGO,4,W01001899,0,-1
2020990941916,2020,990941916,1,9,0,18,19,7,3,0,0,0,0,0,0,0,1,1,5,6,1,22,5,998,1,9,TOYOTA AYGO,4,-1,0,-1
2020440477517,2020,440477517,3,9,0,3,3,2,6,0,0,8,0,0,0,0,2,1,6,6,1,57,9,998,1,4,TOYOTA AYGO,1,E01017037,0,-1
2020410983497,2020,410983497,2,9,0,2,2,6,2,0,0,0,0,0,0,0,2,1,5,6,2,24,5,998,1,14,TOYOTA AYGO,8,E01023552,0,-1
2020451019989,2020,451019989,3,9,0,2,2,0,0,0,0,0,0,0,0,0,4,1,6,6,3,-1,-1,998,1,10,TOYOTA AYGO,-1,-1,0,-1
2020140993730,2020,140993730,1,9,0,18,19,1,5,0,0,1,0,0,0,0,1,1,1,1,2,25,5,998,1,0,TOYOTA AYGO,-1,-1,0,-1
2020010246279,2020,010246279,2,9,0,9,9,2,7,0,0,8,0,0,1,11,2,1,1,1,1,32,6,998,1,13,TOYOTA AYGO,1,E01004702,0,-1
2020552100116,2020,552100116,1,9,0,7,7,6,8,0,0,8,0,0,0,0,4,1,6,6,1,34,6,998,1,3,TOYOTA AYGO,5,E01015274,0,-1
2020070649248,2020,070649248,2,9,0,18,19,7,3,0,0,8,0,0,0,0,1,1,6,6,2,50,8,998,1,13,TOYOTA AYGO,4,E01018454,0,-1
2020470984559,2020,470984559,1,9,0,17,19,1,3,0,0,1,0,0,0,0,1,1,5,6,2,19,4,998,1,11,TOYOTA AYGO,2,E01016941,0,-1
2020500965319,2020,500965319,1,9,0,18,19,3,1,0,0,3,0,0,0,0,1,1,5,6,1,63,9,998,1,10,TOYOTA AYGO,4,E01018892,0,-1
2020461005300,2020,461005300,1,9,0,13,13,7,3,0,0,0,0,0,1,0,1,1,6,6,1,36,7,998,1,8,TOYOTA AYGO,8,E01024024,0,-1
2020450982623,2020,450982623,2,9,0,18,19,7,3,0,0,1,0,0,0,0,1,1,6,6,1,19,4,998,1,2,TOYOTA AYGO,10,E01030965,0,-1
2020500944362,2020,500944362,1,9,0,18,19,5,1,0,0,8,0,0,3,11,1,1,5,6,2,53,8,998,1,6,TOYOTA AYGO,7,E01018889,0,-1
2020010263177,2020,010263177,2,9,9,99,99,9,9,99,99,0,9,99,9,99,9,9,6,6,3,-1,-1,998,1,12,TOYOTA AYGO,-1,-1,0,-1
2020100967323,2020,100967323,1,9,0,18,19,6,2,0,0,0,0,0,0,0,1,1,6,6,2,21,5,998,1,8,TOYOTA AYGO,3,E01008488,0,-1
202006N176119,2020,06N176119,1,9,0,9,9,4,3,0,0,8,0,0,0,0,4,1,6,6,2,20,4,998,1,4,TOYOTA AYGO,4,E01005440,0,-1
2020010277564,2020,010277564,2,9,0,99,99,9,9,99,99,9,9,99,9,99,1,9,6,6,3,31,6,998,1,5,TOYOTA AYGO,5,E01001581,0,-1
202006K373259,2020,06K373259,2,9,0,18,19,8,4,0,0,0,0,0,0,0,1,1,6,6,2,26,6,998,1,7,TOYOTA AYGO,2,E01004855,0,-1
2020991006259,2020,991006259,1,9,0,11,11,3,7,6,6,0,0,0,1,0,1,1,5,6,2,75,10,998,1,4,TOYOTA AYGO,9,-1,0,-1
2020622000746,2020,622000746,1,9,0,9,9,2,1,0,0,6,0,0,0,0,3,1,6,6,2,44,7,998,1,6,TOYOTA AYGO,1,W01000992,0,-1
2020990947608,2020,990947608,2,9,0,18,19,5,1,0,0,1,0,0,0,0,1,1,6,6,2,54,8,998,1,9,TOYOTA AYGO,-1,-1,0,-1
2020200970253,2020,200970253,2,9,0,8,8,8,2,0,0,1,0,4,0,0,3,1,6,6,2,32,6,998,1,6,TOYOTA AYGO,1,E01009020,0,-1
202006N175603,2020,06N175603,1,9,0,18,19,2,6,0,0,2,0,7,0,0,1,1,6,6,2,32,6,998,1,9,TOYOTA AYGO,3,E01005013,0,-1
2020010248022,2020,010248022,2,9,0,9,9,2,7,0,0,6,0,0,0,0,1,1,6,6,2,52,8,998,1,6,TOYOTA AYGO,-1,-1,0,-1
2020440475481,2020,440475481,2,9,0,17,19,1,7,0,0,1,1,0,0,0,3,1,6,6,1,18,4,998,1,10,TOYOTA AYGO,2,E01017322,0,-1
2020522001343,2020,522001343,1,9,0,5,5,3,7,0,0,0,0,0,0,0,1,1,6,6,1,35,6,998,1,2,TOYOTA AYGO,-1,-1,0,-1
2020470978768,2020,470978768,1,9,0,18,19,4,8,0,0,0,0,0,1,4,4,1,1,1,2,51,8,998,1,1,TOYOTA AYGO,6,E01031658,0,-1
2020460960019,2020,460960019,2,9,0,18,19,3,7,0,0,0,1,0,0,0,4,1,2,2,2,28,6,998,1,12,TOYOTA AYGO,7,E01024318,0,-1
2020160954893,2020,160954893,1,9,0,6,6,8,8,0,0,0,0,0,7,4,3,1,6,6,1,39,7,998,1,12,TOYOTA AYGO,8,E01026191,0,-1
2020040937946,2020,040937946,2,9,0,18,19,7,3,0,0,4,0,0,0,0,4,1,5,6,2,29,6,998,1,14,TOYOTA AYGO,1,E01012571,0,-1
2020440473226,2020,440473226,2,9,0,3,3,6,2,0,0,1,0,0,0,0,2,1,6,6,2,65,9,998,1,3,TOYOTA AYGO,9,E01017061,0,-1
2020522000452,2020,522000452,1,9,0,9,9,3,1,0,0,8,0,0,0,0,1,1,6,6,2,25,5,998,1,6,TOYOTA AYGO,1,E01014799,0,-1
2020520004949,2020,520004949,1,9,0,9,9,2,8,0,0,1,0,0,0,0,1,1,6,6,2,30,6,998,1,7,TOYOTA AYGO,3,E01029062,0,-1
2020010239416,2020,010239416,1,9,0,4,4,7,3,0,0,8,0,0,0,0,1,1,6,6,3,-1,-1,998,1,7,TOYOTA AYGO,-1,-1,0,-1
202031C159220,2020,31C159220,2,9,0,11,11,3,5,0,0,8,0,0,0,0,4,1,6,6,1,34,6,998,1,7,TOYOTA AYGO,-1,-1,0,-1
2020440019971,2020,440019971,2,9,0,18,19,5,8,0,0,1,0,0,0,0,2,1,6,6,2,63,9,998,1,6,TOYOTA AYGO,10,E01022747,0,-1
2020010277874,2020,010277874,2,9,0,99,99,9,9,99,99,9,9,99,9,99,1,9,6,6,3,-1,-1,998,1,1,TOYOTA AYGO,5,E01003787,0,-1
2020220968395,2020,220968395,2,9,0,17,19,4,8,0,0,0,1,0,0,0,1,1,5,6,1,21,5,998,1,6,TOYOTA AYGO,10,E01032149,0,-1