collision_index,collision_year,collision_ref_no,vehicle_reference,vehicle_type,towing_and_articulation,vehicle_manoeuvre_historic,vehicle_manoeuvre,vehicle_direction_from,vehicle_direction_to,vehicle_location_restricted_lane_historic,vehicle_location_restricted_lane,junction_location,skidding_and_overturning,hit_object_in_carriageway,vehicle_leaving_carriageway,hit_object_off_carriageway,first_point_of_impact,vehicle_left_hand_drive,journey_purpose_of_driver_historic,journey_purpose_of_driver,sex_of_driver,age_of_driver,age_band_of_driver,engine_capacity_cc,propulsion_code,age_of_vehicle,generic_make_model,driver_imd_decile,lsoa_of_driver,escooter_flag,driver_distance_banding
202063C067720,2020,63C067720,1,9,0,13,13,8,4,0,0,0,0,0,0,0,4,1,6,6,1,80,11,998,1,2,TOYOTA AYGO,5,W01000599,0,-1
2020010233769,2020,010233769,2,9,0,99,99,9,9,99,99,9,9,99,9,99,9,9,6,6,3,-1,-1,998,1,3,TOYOTA AYGO,-1,-1,0,-1
2020010236609,2020,010236609,2,9,0,18,19,5,1,0,0,8,0,0,0,0,1,1,6,6,1,18,4,998,1,11,TOYOTA AYGO,6,E01000691,0,-1
2020010272405,2020,010272405,1,9,0,99,99,9,9,99,99,9,9,99,9,99,1,9,6,6,1,29,6,998,1,6,TOYOTA AYGO,2,E01001706,0,-1
2020100925450,2020,100925450,3,9,0,4,4,5,1,0,0,0,0,0,0,0,2,1,2,2,2,45,7,998,1,6,TOYOTA AYGO,9,E01020756,0,-1
2020220965207,2020,220965207,1,9,0,18,19,8,4,0,0,1,0,0,0,0,1,1,6,6,2,32,6,998,1,10,TOYOTA AYGO,4,E01032254,0,-1
2020460959723,2020,460959723,1,9,0,18,19,3,7,0,0,4,5,9,3,0,1,1,6,6,1,29,6,998,1,3,TOYOTA AYGO,2,E01016041,0,-1
2020461008725,2020,461008725,2,9,0,18,19,1,5,0,0,0,0,0,4,6,3,1,2,2,2,26,6,998,1,12,TOYOTA AYGO,10,E01024353,0,-1
2020040978195,2020,040978195,1,9,0,9,9,3,1,0,0,0,0,0,0,0,1,1,6,6,3,-1,-1,998,1,9,TOYOTA AYGO,3,E01001733,0,-1
2020400991178,2020,400991178,2,9,-1,18,19,3,7,0,0,2,0,0,0,0,2,1,6,6,1,35,6,998,1,7,TOYOTA AYGO,4,E01015784,0,-1
2020100923043,2020,100923043,1,9,0,18,19,2,6,0,0,0,0,4,0,0,1,1,5,6,1,92,11,998,1,11,TOYOTA AYGO,9,E01033714,0,-1
20201378O0379,2020,1378O0379,1,9,0,18,19,6,2,0,0,0,0,0,0,0,4,1,6,6,1,89,11,998,1,5,TOYOTA AYGO,8,E01011244,0,-1
2020100964648,2020,100964648,1,9,0,9,9,5,1,0,0,0,0,0,0,0,1,1,6,6,2,67,10,998,1,5,TOYOTA AYGO,5,E01008236,0,-1
2020010283277,2020,010283277,1,9,0,18,19,3,7,0,0,1,0,0,0,0,1,1,6,6,1,41,7,998,1,14,TOYOTA AYGO,4,E01002684,0,-1
2020370944769,2020,370944769,1,9,0,18,19,3,7,0,0,1,0,0,0,0,1,1,5,6,2,81,11,998,1,10,TOYOTA AYGO,9,E01029897,0,-1
2020401009237,2020,401009237,1,9,0,3,3,1,2,0,0,4,0,0,0,0,2,1,6,6,1,28,6,998,1,1,TOYOTA AYGO,5,E01015763,0,-1
2020140967359,2020,140967359,1,9,0,18,19,5,1,0,0,0,1,4,0,0,1,1,6,6,1,20,4,998,1,11,TOYOTA AYGO,1,E01007913,0,-1
2020302000673,2020,302000673,2,9,0,18,19,4,1,0,0,0,0,0,0,0,4,1,1,1,1,29,6,998,1,12,TOYOTA AYGO,4,E01013524,0,-1
2020100936941,2020,100936941,1,9,0,5,5,3,7,0,0,1,0,0,0,0,-1,1,6,6,2,47,8,998,1,6,TOYOTA AYGO,6,E01008196,0,-1
2020350971256,2020,350971256,1,9,0,18,19,5,1,0,0,3,0,0,0,0,3,1,1,1,2,18,4,998,1,9,TOYOTA AYGO,4,E01033178,0,-1
2020410941603,2020,410941603,3,9,0,3,3,8,4,0,0,0,0,0,0,0,2,1,6,6,1,49,8,998,1,7,TOYOTA AYGO,8,E01023571,0,-1
2020200931469,2020,200931469,1,9,0,9,9,8,6,0,0,8,0,0,0,0,1,1,6,6,1,46,8,998,1,3,TOYOTA AYGO,3,E01010566,0,-1
2020040937423,2020,040937423,1,9,0,18,19,5,1,0,0,1,0,0,3,1,1,1,5,6,1,20,4,998,1,13,TOYOTA AYGO,1,E01025188,0,-1
2020137831096,2020,137831096,1,9,0,18,19,4,8,0,0,0,0,0,0,0,2,1,6,6,1,23,5,998,1,6,TOYOTA AYGO,1,E01010744,0,-1
2020200949767,2020,200949767,2,9,0,18,19,7,3,0,0,8,0,0,0,0,4,1,6,6,2,42,7,998,1,2,TOYOTA AYGO,1,E01009025,0,-1
2020622000247,2020,622000247,1,9,0,18,19,4,8,0,0,0,0,0,0,0,1,1,1,1,2,21,5,998,1,4,TOYOTA AYGO,7,W01001118,0,-1
202006E175484,2020,06E175484,1,9,0,18,19,5,1,0,0,8,1,0,0,0,2,1,6,6,1,20,4,998,1,8,TOYOTA AYGO,2,E01005280,0,-1
2020470990671,2020,470990671,3,9,0,18,19,3,7,0,0,0,0,0,0,0,2,1,6,6,2,56,9,998,1,2,TOYOTA AYGO,9,E01021190,0,-1
2020141005940,2020,141005940,2,9,0,9,9,1,2,0,0,2,0,0,0,0,4,1,6,6,1,36,7,998,1,13,TOYOTA AYGO,1,E01007851,0,-1
2020010267286,2020,010267286,2,9,0,99,99,9,9,99,99,9,9,99,9,99,2,9,6,6,3,-1,-1,998,1,13,TOYOTA AYGO,-1,-1,0,-1
2020052000485,2020,052000485,1,9,0,18,19,4,8,0,0,8,0,0,0,0,2,1,6,6,2,35,6,998,1,11,TOYOTA AYGO,1,E01007092,0,-1
2020990972890,2020,990972890,1,9,0,5,5,7,3,0,0,0,0,0,0,0,1,1,6,6,1,43,7,998,1,9,TOYOTA AYGO,4,-1,0,-1
2020302001287,2020,302001287,1,9,0,18,19,6,2,0,0,0,0,0,0,0,1,1,6,6,2,26,6,998,1,7,TOYOTA AYGO,7,E01019415,0,-1
2020440471433,2020,440471433,1,9,0,18,19,8,4,0,0,8,0,0,0,0,1,1,2,2,1,33,6,998,1,4,TOYOTA AYGO,3,E01017266,0,-1
2020010249882,2020,010249882,2,9,0,9,9,1,7,0,0,6,0,0,0,0,3,1,6,6,2,42,7,998,1,7,TOYOTA AYGO,2,E01001667,0,-1
2020010282486,2020,010282486,1,9,0,18,19,1,5,0,0,1,0,0,0,0,2,1,6,6,1,18,4,998,1,4,TOYOTA AYGO,2,E01002737,0,-1
2020450944432,2020,450944432,1,9,0,18,19,1,5,0,0,0,0,0,0,0,1,1,6,6,1,42,7,998,1,5,TOYOTA AYGO,8,E01004179,0,-1
2020110997386,2020,110997386,2,9,0,17,19,2,8,0,0,0,1,0,0,0,1,1,5,6,1,62,9,998,1,8,TOYOTA AYGO,7,E01012366,0,-1
2020530920700,2020,530920700,2,9,0,18,19,3,7,0,0,8,0,0,0,0,4,1,5,6,1,70,10,998,1,7,TOYOTA AYGO,6,E01022380,0,-1
2020990947878,2020,990947878,1,9,0,5,5,2,7,0,0,8,0,0,0,0,1,1,2,2,1,31,6,998,1,9,TOYOTA AYGO,5,-1,0,-1
2020010254706,2020,010254706,1,9,0,18,19,3,7,0,0,8,0,0,0,0,3,1,6,6,2,19,4,998,1,5,TOYOTA AYGO,3,E01033464,0,-1
2020500952204,2020,500952204,1,9,0,9,9,3,7,0,0,1,0,0,0,0,1,1,5,6,2,51,8,998,1,14,TOYOTA AYGO,3,E01018888,0,-1
2020430071207,2020,430071207,1,9,0,9,9,1,7,0,0,8,0,0,0,0,1,1,6,6,2,18,4,998,1,9,TOYOTA AYGO,4,E01017926,0,-1
2020401011091,2020,401011091,1,9,0,5,5,3,7,0,0,0,0,0,0,0,1,1,2,2,2,23,5,998,1,7,TOYOTA AYGO,9,E01017556,0,-1
2020010230907,2020,010230907,1,9,0,99,99,9,9,99,99,0,9,99,9,99,2,9,6,6,1,19,4,998,1,3,TOYOTA AYGO,3,E01024149,0,-1
2020450934458,2020,450934458,1,9,0,3,3,1,5,0,0,0,0,0,0,0,2,1,5,6,2,23,5,998,1,8,TOYOTA AYGO,10,E01030473,0,-1
2020010255184,2020,010255184,2,9,0,99,99,9,9,99,99,1,9,99,9,99,1,9,6,6,3,-1,-1,998,1,8,TOYOTA AYGO,3,E01021639,0,-1
202063C078420,2020,63C078420,1,9,0,9,9,2,1,0,0,6,0,0,0,0,1,1,6,6,1,19,4,998,1,12,TOYOTA AYGO,6,W01000612,0,-1
2020211012394,2020,211012394,1,9,0,7,7,8,4,0,0,0,0,0,0,0,1,1,6,6,1,49,8,998,1,5,TOYOTA AYGO,1,E01014261,0,-1
2020990955439,2020,990955439,1,9,0,18,19,6,2,0,0,0,0,0,0,0,4,1,5,6,2,83,11,998,1,1,TOYOTA AYGO,10,-1,0,-1
2020302000947,2020,302000947,1,9,0,9,9,4,1,0,0,8,0,0,0,0,3,1,1,1,1,20,4,998,1,9,TOYOTA AYGO,7,E01013489,0,-1
2020010269412,2020,010269412,2,9,0,99,99,9,9,99,99,9,9,99,9,99,1,9,6,6,2,28,6,998,1,0,TOYOTA AYGO,8,E01004293,0,-1
2020520004349,2020,520004349,2,9,0,10,10,3,1,0,0,5,0,0,0,0,3,1,6,6,2,30,6,998,1,10,TOYOTA AYGO,-1,-1,0,-1
202006M176560,2020,06M176560,1,9,0,18,19,1,5,0,0,0,0,0,0,0,4,1,1,1,1,55,8,998,1,6,TOYOTA AYGO,2,E01012457,0,-1
2020350984522,2020,350984522,1,9,0,18,19,7,3,0,0,0,0,0,0,0,1,1,5,6,2,17,4,998,1,12,TOYOTA AYGO,2,E01015660,0,-1
2020010258297,2020,010258297,1,9,0,7,7,7,1,0,0,3,0,0,0,0,4,1,1,1,2,30,6,998,1,2,TOYOTA AYGO,7,E01002939,0,-1
2020440371776,2020,440371776,2,9,0,18,19,8,6,0,0,8,0,0,0,0,1,1,6,6,1,43,7,998,1,4,TOYOTA AYGO,2,E01017032,0,-1
2020010251243,2020,010251243,2,9,0,3,3,3,7,0,0,1,0,0,0,0,2,2,6,6,1,21,5,998,1,13,TOYOTA AYGO,4,E01000618,0,-1
2020460991797,2020,460991797,2,9,0,18,19,6,2,0,0,3,0,0,0,0,2,1,6,6,2,29,6,998,1,8,TOYOTA AYGO,7,E01024355,0,-1
2020010240444,2020,010240444,1,9,0,18,19,7,3,0,0,3,0,0,1,10,4,1,6,6,2,84,11,998,1,11,TOYOTA AYGO,7,E01000118,0,-1
2020450928268,2020,450928268,1,9,0,9,9,1,5,0,0,0,0,0,0,0,4,1,5,6,2,18,4,998,1,2,TOYOTA AYGO,10,E01030899,0,-1
2020552000795,2020,552000795,1,9,0,9,9,3,1,0,0,6,0,0,0,0,1,1,2,2,2,47,8,998,1,2,TOYOTA AYGO,6,E01015440,0,-1
2020052001342,2020,052001342,1,9,0,18,19,2,6,0,0,0,0,0,0,0,3,1,6,6,1,64,9,998,1,1,TOYOTA AYGO,5,E01007223,0,-1
2020010281989,2020,010281989,1,9,0,9,9,5,3,0,0,2,0,0,7,0,3,1,3,7,1,52,8,998,1,3,TOYOTA AYGO,3,E01001493,0,-1
2020440440414,2020,440440414,1,9,0,9,9,7,5,0,0,8,0,0,0,0,1,1,6,6,1,24,5,998,1,3,TOYOTA AYGO,10,E01022595,0,-1
202006N277785,2020,06N277785,1,9,0,4,4,8,4,0,0,1,0,0,0,0,2,1,2,2,2,31,6,998,1,4,TOYOTA AYGO,10,E01004949,0,-1
2020200966028,2020,200966028,2,9,0,18,19,5,1,0,0,0,0,0,0,0,4,1,6,6,2,23,5,998,1,10,TOYOTA AYGO,1,E01009327,0,-1
2020440035997,2020,440035997,1,9,0,18,19,2,6,0,0,8,0,0,0,0,4,1,2,2,2,56,9,998,1,11,TOYOTA AYGO,7,E01023039,0,-1
2020010230303,2020,010230303,2,9,0,4,4,5,1,0,0,1,0,0,0,0,2,1,6,6,1,49,8,998,1,8,TOYOTA AYGO,1,E01004288,0,-1
2020200948949,2020,200948949,2,9,0,18,19,8,4,0,0,8,0,0,0,0,1,1,2,2,2,24,5,998,1,2,TOYOTA AYGO,3,E01009106,0,-1
202006A267835,2020,06A267835,1,9,0,18,19,3,7,0,0,1,0,0,0,0,1,1,6,6,2,47,8,998,1,3,TOYOTA AYGO,2,E01005146,0,-1
2020040935452,2020,040935452,1,9,0,18,19,7,3,0,0,8,0,0,0,0,1,1,2,2,2,50,8,998,1,14,TOYOTA AYGO,3,E01012750,0,-1
2020471009028,2020,471009028,4,9,0,4,4,4,8,0,0,0,0,0,0,0,2,1,6,6,2,18,4,998,1,13,TOYOTA AYGO,4,E01022916,0,-1
2020360965229,2020,360965229,2,9,0,18,19,7,3,0,0,2,0,0,0,0,4,1,5,6,2,69,10,998,1,5,TOYOTA AYGO,9,E01026933,0,-1
2020010233633,2020,010233633,2,9,0,99,99,9,9,99,99,9,9,99,9,99,2,9,6,6,3,-1,-1,998,1,13,TOYOTA AYGO,3,E01000535,0,-1
2020460980214,2020,460980214,1,9,0,17,19,3,7,0,0,3,0,0,0,0,1,1,5,6,2,20,4,998,1,8,TOYOTA AYGO,10,E01024150,0,-1
2020052002423,2020,052002423,1,9,0,14,14,8,4,0,0,0,0,0,0,0,1,1,6,6,2,31,6,998,1,3,TOYOTA AYGO,2,E01006464,0,-1
2020622000466,2020,622000466,1,9,0,8,8,6,7,0,0,1,0,0,0,0,1,1,6,6,1,41,7,998,1,10,TOYOTA AYGO,8,W01001836,0,-1
2020450918292,2020,450918292,1,9,0,4,4,5,1,0,0,8,0,0,0,0,2,1,5,6,2,54,8,998,1,8,TOYOTA AYGO,7,E01030613,0,-1
2020052000073,2020,052000073,1,9,0,4,4,1,5,0,0,4,1,0,0,0,1,1,6,6,1,17,4,998,1,3,TOYOTA AYGO,3,E01007234,0,-1
2020040954637,2020,040954637,1,9,0,16,19,3,7,0,0,0,0,0,0,0,1,1,2,2,2,35,6,998,1,4,TOYOTA AYGO,3,E01012663,0,-1
2020471008897,2020,471008897,2,9,0,18,19,4,8,0,0,0,5,0,0,0,3,1,5,6,2,78,11,998,1,5,TOYOTA AYGO,5,E01021096,0,-1
2020010232626,2020,010232626,1,9,0,18,19,5,1,0,0,1,0,0,0,0,3,1,6,6,2,27,6,998,1,7,TOYOTA AYGO,2,E01001056,0,-1
2020430386562,2020,430386562,2,9,0,18,19,1,5,0,0,0,0,0,0,0,1,1,1,1,1,36,7,998,1,9,TOYOTA AYGO,8,E01028531,0,-1
2020010279626,2020,010279626,3,9,0,2,2,0,0,0,0,0,0,0,0,0,2,1,6,6,3,-1,-1,998,1,13,TOYOTA AYGO,-1,-1,0,-1
2020010272094,2020,010272094,1,9,0,99,99,9,9,99,99,9,9,99,9,99,2,9,6,6,1,52,8,998,1,9,TOYOTA AYGO,4,E01001140,0,-1
2020122000850,2020,122000850,2,9,0,6,6,1,1,0,0,0,0,0,0,0,3,1,6,6,1,76,11,998,1,5,TOYOTA AYGO,5,E01027807,0,-1
2020990944587,2020,990944587,2,9,0,18,19,7,3,0,0,0,0,0,0,0,2,1,6,6,1,40,7,998,1,5,TOYOTA AYGO,1,-1,0,-1
2020420968004,2020,420968004,1,9,0,18,19,4,8,0,0,1,0,0,0,0,1,1,6,6,2,20,4,998,1,5,TOYOTA AYGO,7,E01021617,0,-1
2020450972635,2020,450972635,1,9,0,18,19,5,1,0,0,8,0,0,0,0,4,1,5,6,2,69,10,998,1,3,TOYOTA AYGO,9,E01003868,0,-1
2020010237769,2020,010237769,1,9,0,99,99,9,9,0,0,9,0,99,0,0,9,9,6,6,2,17,4,998,1,2,TOYOTA AYGO,9,E01000804,0,-1
2020221000847,2020,221000847,2,9,0,4,4,8,4,0,0,0,0,0,0,0,2,1,5,6,2,22,5,998,1,8,TOYOTA AYGO,6,E01028971,0,-1
2020460944967,2020,460944967,1,9,0,18,19,5,1,0,0,0,0,0,0,0,1,1,5,6,2,56,9,998,1,0,TOYOTA AYGO,1,E01024148,0,-1
2020122001267,2020,122001267,2,9,0,5,5,7,3,0,0,4,0,0,0,0,1,1,6,6,2,21,5,998,1,3,TOYOTA AYGO,10,E01013360,0,-1
2020010282762,2020,010282762,2,9,9,99,99,9,9,99,99,9,9,99,9,99,9,9,6,6,1,-1,-1,998,1,14,TOYOTA AYGO,-1,-1,0,-1
2020010238885,2020,010238885,1,9,0,9,9,5,2,0,0,8,0,0,0,0,1,1,6,6,2,20,4,998,1,9,TOYOTA AYGO,2,E01003593,0,-1
2020501007521,2020,501007521,2,9,0,9,9,8,5,0,0,0,0,0,0,0,3,1,2,2,1,39,7,998,1,6,TOYOTA AYGO,4,E01020307,0,-1
2020010251211,2020,010251211,1,9,0,4,4,3,7,0,0,1,0,0,0,0,4,1,2,2,2,42,7,998,1,2,TOYOTA AYGO,4,E01001503,0,-1
2020450919755,2020,450919755,1,9,0,12,12,6,2,0,0,5,0,0,0,0,1,1,2,2,1,39,7,998,1,11,TOYOTA AYGO,10,E01016659,0,-1
2020420917066,2020,420917066,1,9,0,18,19,5,1,0,0,0,0,0,0,0,1,1,1,1,1,28,6,998,1,7,TOYOTA AYGO,5,E01033141,0,-1
2020140976052,2020,140976052,1,9,0,11,11,8,5,0,0,0,0,0,1,0,1,1,2,2,2,57,9,998,1,0,TOYOTA AYGO,1,E01008157,0,-1
2020420971839,2020,420971839,1,9,0,5,5,1,5,0,0,6,0,0,0,0,3,1,3,7,1,35,6,999,1,4,VOLKSWAGEN UP BY,10,E01021805,0,-1
2020360990452,2020,360990452,1,9,0,18,19,6,2,0,0,0,0,0,0,0,4,1,1,1,2,21,5,999,1,1,VOLKSWAGEN UP BY,4,E01026749,0,-1
2020440357621,2020,440357621,1,9,0,18,19,6,2,0,0,0,0,0,0,0,3,1,6,6,1,23,5,999,1,3,VOLKSWAGEN UP BY,10,E01022530,0,-1
2020010233244,2020,010233244,1,9,0,18,19,5,1,0,0,1,0,0,0,0,1,1,2,2,2,31,6,999,1,1,VOLKSWAGEN UP BY,8,E01023511,0,-1
2020052000869,2020,052000869,1,9,0,9,9,4,8,0,0,5,0,0,0,0,4,1,1,1,2,23,5,999,1,3,VOLKSWAGEN UP BY,3,E01004932,0,-1
2020990976272,2020,990976272,1,9,0,10,10,8,6,0,0,2,0,0,0,0,0,1,5,6,1,64,9,999,1,1,VOLKSWAGEN UP BY,8,-1,0,-1
2020040978242,2020,040978242,1,9,0,18,19,1,5,0,0,1,1,0,0,0,3,1,5,6,2,21,5,999,1,3,VOLKSWAGEN UP BY,6,E01024991,0,-1
2020430000847,2020,430000847,2,9,0,7,7,1,3,0,0,6,0,0,1,0,3,1,6,6,1,20,4,999,1,1,VOLKSWAGEN UP BY,9,E01017888,0,-1
2020010228392,2020,010228392,1,9,0,18,19,1,5,0,0,0,0,0,0,0,1,1,6,6,2,21,5,999,1,3,VOLKSWAGEN UP BY,-1,-1,0,-1
2020450995310,2020,450995310,1,9,0,18,19,3,7,0,0,0,0,0,0,0,1,1,3,7,2,47,8,999,1,3,VOLKSWAGEN UP BY,10,E01030839,0,-1
2020052000996,2020,052000996,2,9,0,4,4,6,2,0,0,0,0,0,0,0,2,1,2,2,2,22,5,999,1,1,VOLKSWAGEN UP BY,8,E01006928,0,-1
2020370933573,2020,370933573,2,9,0,18,19,6,2,0,0,0,0,0,0,0,2,1,5,6,2,70,10,999,1,3,VOLKSWAGEN UP BY,9,E01033316,0,-1
2020010234656,2020,010234656,1,9,0,18,19,1,5,0,0,2,0,0,0,0,3,1,6,6,2,34,6,999,1,3,VOLKSWAGEN UP BY,-1,-1,0,-1
2020370978883,2020,370978883,1,9,0,5,5,-1,-1,0,0,2,0,0,0,0,3,1,5,6,2,18,4,999,1,1,VOLKSWAGEN UP BY,8,E01030173,0,-1
2020010269411,2020,010269411,1,9,0,99,99,9,9,99,99,0,9,99,9,99,2,9,6,6,2,32,6,999,1,1,VOLKSWAGEN UP BY,1,E01004312,0,-1
20201377D1790,2020,1377D1790,2,3,0,18,19,3,2,0,0,0,1,0,0,0,1,1,6,6,1,18,4,125,1,12,-1,3,E01011779,0,-1
2020350964429,2020,350964429,1,2,0,14,14,2,6,0,0,0,0,0,0,0,1,1,2,2,1,17,4,49,1,1,-1,10,E01018301,0,-1
2020440444927,2020,440444927,2,2,0,18,19,3,7,0,0,8,0,0,0,0,1,1,4,7,1,16,4,49,1,2,-1,3,E01022904,0,-1
2020210979058,2020,210979058,1,2,0,7,7,8,2,0,0,8,1,0,0,0,0,1,2,2,1,52,8,49,1,5,-1,9,E01029469,0,-1
2020210979534,2020,210979534,2,5,0,3,3,4,6,0,0,0,0,0,0,0,2,1,5,6,1,57,9,798,1,4,BMW F 800,3,E01010422,0,-1
2020110971001,2020,110971001,1,2,0,13,13,2,6,0,0,1,0,0,0,0,1,1,5,6,1,68,10,798,1,8,-1,1,E01020902,0,-1
2020030959800,2020,030959800,1,5,0,17,19,2,6,0,0,0,0,0,1,0,1,1,6,6,1,59,9,798,1,3,BMW F 800,6,E01025351,0,-1
2020030989210,2020,030989210,1,5,0,16,19,8,4,0,0,1,0,0,0,0,1,1,5,6,1,56,9,798,1,4,BMW F 800,6,E01010640,0,-1
2020100930526,2020,100930526,2,5,0,3,3,8,4,0,0,0,0,0,0,0,1,1,5,6,2,56,9,798,1,8,BMW F 800,1,E01008204,0,-1
2020530982483,2020,530982483,1,5,0,18,19,5,1,0,0,8,0,0,0,0,1,1,6,6,1,73,10,798,1,2,BMW F 800,7,E01031216,0,-1
2020430340711,2020,430340711,1,5,0,18,19,3,7,0,0,0,0,0,7,4,1,1,6,6,1,48,8,798,1,8,BMW F 800,8,E01017758,0,-1
2020010248719,2020,010248719,1,5,0,13,13,1,5,0,0,0,0,0,0,0,1,1,6,6,1,50,8,798,1,5,BMW F 800,2,E01003912,0,-1
2020460951353,2020,460951353,1,3,0,5,5,3,1,0,0,2,0,0,0,0,1,1,5,6,1,50,8,798,1,1,-1,9,E01024450,0,-1
2020302000572,2020,302000572,2,5,0,17,19,7,3,0,0,8,1,0,0,0,4,1,6,6,1,57,9,798,1,6,BMW F 800,10,E01028087,0,-1
2020010274365,2020,010274365,1,5,0,13,13,3,7,0,0,0,2,0,0,0,1,1,6,6,1,35,6,798,1,9,BMW F 800,1,E01004757,0,-1
2020010257968,2020,010257968,2,4,0,18,19,3,7,0,0,1,0,0,0,0,1,1,6,6,1,30,6,798,1,14,-1,1,E01002089,0,-1
2020010284446,2020,010284446,2,5,0,3,3,5,1,0,0,1,0,0,0,0,2,1,6,6,2,41,7,798,1,3,BMW F 800,5,E01004346,0,-1
2020400934261,2020,400934261,2,5,0,13,13,4,8,0,0,0,0,0,0,0,4,1,6,6,1,64,9,798,1,1,BMW F 800,7,E01017587,0,-1
2020010265090,2020,010265090,1,5,0,99,99,9,9,99,99,9,9,99,9,99,9,1,6,6,1,25,5,798,1,3,BMW F 800,-1,-1,0,-1
2020500978118,2020,500978118,2,5,0,4,4,1,5,0,0,1,0,0,0,0,2,1,5,6,1,55,8,798,1,7,BMW F 800,9,E01029188,0,-1
202063D035320,2020,63D035320,1,5,0,13,13,6,2,0,0,1,0,0,7,10,1,1,6,6,1,69,10,798,1,4,BMW F 800,3,W01000973,0,-1
2020010285121,2020,010285121,2,4,0,18,19,3,7,0,0,8,0,0,0,0,1,1,2,2,1,44,7,798,1,7,-1,9,E01024440,0,-1
2020010260297,2020,010260297,1,5,0,99,99,9,9,99,99,0,9,99,9,99,9,1,2,2,1,36,7,798,1,9,BMW F 800,8,E01016121,0,-1
2020500930130,2020,500930130,3,5,0,1,1,1,1,9,9,0,0,0,0,0,4,1,6,6,1,18,4,798,1,14,BMW F 800,6,E01028943,0,-1
2020010281961,2020,010281961,1,5,0,18,19,7,3,0,0,8,1,7,7,0,1,1,6,6,1,43,7,798,1,4,BMW F 800,-1,-1,0,-1
2020010265046,2020,010265046,2,5,0,3,3,7,3,0,0,0,0,0,0,0,4,1,1,1,1,41,7,798,1,4,BMW F 800,4,E01000472,0,-1
2020122000397,2020,122000397,1,5,0,18,19,5,1,0,0,0,1,0,0,0,1,1,2,2,1,27,6,798,1,9,BMW F 800,1,E01025230,0,-1
2020010238312,2020,010238312,1,5,0,18,19,3,7,0,0,0,0,0,0,0,1,1,2,2,1,24,5,798,1,4,BMW F 800,2,E01015929,0,-1
2020350955301,2020,350955301,1,5,0,18,19,3,7,0,0,0,0,12,0,0,4,1,2,2,1,66,10,798,1,7,BMW F 800,6,E01015636,0,-1
2020420947846,2020,420947846,2,5,0,18,19,7,3,0,0,0,1,4,0,0,1,1,1,1,1,61,9,798,1,10,BMW F 800,5,E01021551,0,-1
2020470918274,2020,470918274,2,5,0,16,19,7,2,0,0,0,0,0,0,0,3,1,2,2,1,55,8,798,1,9,BMW F 800,2,E01016978,0,-1
2020360978858,2020,360978858,2,5,0,18,19,8,4,0,0,0,5,0,0,0,1,1,2,2,1,64,9,798,1,11,BMW F 800,4,E01026874,0,-1
2020211025839,2020,211025839,2,4,0,3,3,3,7,0,0,0,0,0,0,0,2,1,6,6,1,61,9,798,1,4,-1,7,E01029660,0,-1
2020200959138,2020,200959138,1,5,0,11,11,2,6,0,0,1,0,0,0,0,1,1,2,2,1,21,5,798,1,5,BMW F 800,1,E01010039,0,-1
2020420968618,2020,420968618,2,5,0,18,19,3,7,0,0,4,0,0,0,0,1,1,2,2,1,50,8,798,1,8,BMW F 800,3,E01015877,0,-1
2020230952665,2020,230952665,1,9,0,9,9,8,6,0,0,6,0,0,0,0,1,1,2,2,1,53,8,1499,8,5,-1,9,E01031148,0,-1
2020040971330,2020,040971330,2,9,0,17,19,1,5,0,0,0,1,0,7,4,4,1,5,6,1,42,7,1499,8,5,-1,4,E01024975,0,-1
2020010262480,2020,010262480,2,9,0,99,99,9,9,99,99,9,9,99,9,99,1,9,6,6,1,28,6,1499,8,5,-1,6,E01004218,0,-1
2020440363904,2020,440363904,2,9,0,18,19,6,2,0,0,0,0,0,0,0,4,1,6,6,1,32,6,1499,8,5,-1,5,E01023151,0,-1
2020010236171,2020,010236171,1,9,0,9,9,7,4,0,0,1,0,0,0,0,1,1,3,7,1,49,8,1499,8,1,-1,9,E01000656,0,-1
2020010277626,2020,010277626,2,9,0,99,99,9,9,99,99,9,9,99,9,99,9,9,6,6,1,31,6,1499,8,6,-1,4,E01000558,0,-1
2020420969125,2020,420969125,1,9,0,17,19,1,4,0,0,0,1,0,1,4,1,1,5,6,1,25,5,1499,8,6,-1,1,E01021325,0,-1
2020040966499,2020,040966499,1,5,0,18,19,5,1,0,0,0,0,0,7,10,1,1,5,6,1,72,10,980,1,31,-1,5,E01025017,0,-1
2020200932770,2020,200932770,1,9,0,9,9,3,1,0,0,6,0,0,0,0,1,1,6,6,2,40,7,1995,1,18,-1,1,E01008935,0,-1
2020461002046,2020,461002046,1,9,0,13,13,7,5,0,0,1,1,0,0,0,1,1,6,6,1,43,7,1995,1,17,-1,-1,-1,0,-1
2020040946338,2020,040946338,1,5,0,14,14,1,5,0,0,1,5,0,0,0,1,1,2,2,1,52,8,599,1,12,-1,9,E01024972,0,-1
2020622001020,2020,622001020,1,97,0,13,13,5,1,0,0,0,0,0,0,0,1,1,6,6,1,43,7,599,1,15,-1,8,W01001117,0,-1