collision_index,collision_year,collision_ref_no,vehicle_reference,vehicle_type,towing_and_articulation,vehicle_manoeuvre_historic,vehicle_manoeuvre,vehicle_direction_from,vehicle_direction_to,vehicle_location_restricted_lane_historic,vehicle_location_restricted_lane,junction_location,skidding_and_overturning,hit_object_in_carriageway,vehicle_leaving_carriageway,hit_object_off_carriageway,first_point_of_impact,vehicle_left_hand_drive,journey_purpose_of_driver_historic,journey_purpose_of_driver,sex_of_driver,age_of_driver,age_band_of_driver,engine_capacity_cc,propulsion_code,age_of_vehicle,generic_make_model,driver_imd_decile,lsoa_of_driver,escooter_flag,driver_distance_banding
2020010259659,2020,010259659,2,9,0,99,99,9,9,99,99,9,9,99,9,99,1,9,6,6,1,-1,-1,1968,2,3,VOLKSWAGEN SHARAN,6,E01030717,0,-1
2020137811854,2020,137811854,2,9,0,18,19,4,8,0,0,0,0,0,0,0,4,1,1,1,2,45,7,1896,2,14,VOLKSWAGEN SHARAN,1,E01010650,0,-1
2020990934876,2020,990934876,2,9,0,18,19,2,6,0,0,8,0,0,0,0,4,1,5,6,1,59,9,1968,2,5,VOLKSWAGEN SHARAN,8,-1,0,-1
2020010244417,2020,010244417,1,9,0,99,99,9,9,99,99,9,9,99,9,99,2,9,2,2,1,-1,-1,1896,2,10,VOLKSWAGEN SHARAN,5,E01033740,0,-1
2020351003120,2020,351003120,2,9,0,3,3,-1,-1,0,0,0,0,0,0,0,2,1,6,6,1,44,7,1968,2,8,VOLKSWAGEN SHARAN,10,E01018141,0,-1
2020201022718,2020,201022718,1,8,0,2,2,0,0,0,0,8,0,0,0,0,0,1,1,1,1,46,8,1968,2,7,VOLKSWAGEN SHARAN,5,E01010432,0,-1
2020040939778,2020,040939778,1,9,0,18,19,1,5,0,0,6,0,0,0,0,1,1,5,6,1,57,9,1968,2,14,VOLKSWAGEN SHARAN,1,E01012571,0,-1
2020010240736,2020,010240736,1,9,0,3,3,5,1,0,0,1,0,0,0,0,2,1,6,6,1,29,6,1968,2,4,VOLKSWAGEN SHARAN,2,E01001875,0,-1
2020230991528,2020,230991528,1,9,0,18,19,4,8,0,0,0,1,0,1,11,1,1,5,6,1,48,8,1395,1,0,VOLKSWAGEN SHARAN,5,E01032391,0,-1
2020010265656,2020,010265656,3,9,0,2,2,0,0,9,9,1,0,0,0,0,2,1,6,6,3,-1,-1,1968,2,7,VOLKSWAGEN SHARAN,-1,-1,0,-1
2020010237744,2020,010237744,1,9,0,99,99,9,9,99,99,9,9,99,9,99,2,9,6,6,1,66,10,1896,2,13,VOLKSWAGEN SHARAN,5,E01002635,0,-1
2020340N02732,2020,340N02732,1,9,0,18,19,3,7,0,0,0,0,0,0,0,1,1,6,6,3,-1,-1,1896,2,13,VOLKSWAGEN SHARAN,-1,-1,0,-1
202054B417320,2020,54B417320,2,9,0,18,19,4,8,0,0,1,0,0,0,0,3,1,6,6,2,52,8,1896,2,14,VOLKSWAGEN SHARAN,9,E01015482,0,-1
2020010236583,2020,010236583,1,8,0,18,19,5,1,0,0,1,0,0,0,0,1,1,6,6,1,58,9,1968,2,1,VOLKSWAGEN SHARAN,3,E01004698,0,-1
2020010229462,2020,010229462,1,9,0,99,99,9,9,99,99,1,9,99,9,99,1,9,6,6,3,51,8,1896,2,12,VOLKSWAGEN SHARAN,3,E01003588,0,-1
2020010243889,2020,010243889,1,9,0,3,3,4,8,9,9,6,0,0,0,0,2,1,1,1,1,46,8,1984,1,14,VOLKSWAGEN SHARAN,2,E01004013,0,-1
2020010258556,2020,010258556,1,8,0,9,9,8,5,0,0,5,0,0,0,0,0,1,6,6,1,44,7,1968,2,3,VOLKSWAGEN SHARAN,6,E01001295,0,-1
2020010260827,2020,010260827,2,9,0,99,99,9,9,99,99,9,9,99,9,99,9,9,6,6,3,-1,-1,1968,2,4,VOLKSWAGEN SHARAN,8,E01004131,0,-1
2020451008590,2020,451008590,2,9,0,4,4,3,7,0,0,1,1,0,0,0,2,1,5,6,1,57,9,1968,2,1,VOLKSWAGEN SHARAN,10,E01030396,0,-1
2020400995931,2020,400995931,2,9,0,18,19,5,1,0,0,8,0,0,0,0,1,1,5,6,1,41,7,1968,2,7,VOLKSWAGEN SHARAN,1,E01017523,0,-1
2020450926889,2020,450926889,3,9,0,2,2,0,0,6,6,1,0,0,0,0,1,1,1,1,1,35,6,1968,2,5,VOLKSWAGEN SHARAN,6,E01030312,0,-1
2020010267359,2020,010267359,1,9,0,17,19,8,4,0,0,0,0,4,0,0,1,1,6,6,1,21,5,1968,2,13,VOLKSWAGEN SHARAN,5,E01003316,0,-1
2020010267476,2020,010267476,2,8,0,99,99,9,9,99,99,1,9,99,9,99,1,9,6,6,1,45,7,1968,2,9,VOLKSWAGEN SHARAN,4,E01003758,0,-1
2020522002079,2020,522002079,1,8,0,9,9,3,1,0,0,6,0,0,0,0,1,1,1,1,1,44,7,1968,2,6,VOLKSWAGEN SHARAN,1,E01033358,0,-1
2020010261676,2020,010261676,2,9,0,9,9,5,3,0,0,6,0,0,0,0,2,1,6,6,1,47,8,1968,2,7,VOLKSWAGEN SHARAN,3,E01000195,0,-1
2020010256848,2020,010256848,2,8,0,99,99,9,9,99,99,0,9,99,9,99,9,1,6,6,3,-1,-1,1968,2,4,VOLKSWAGEN SHARAN,-1,-1,0,-1
2020430434637,2020,430434637,4,9,0,3,3,8,4,0,0,1,0,0,0,0,2,1,6,6,2,44,7,1896,2,11,VOLKSWAGEN SHARAN,6,E01016469,0,-1
2020360941347,2020,360941347,1,9,0,18,19,5,1,0,0,1,0,0,0,0,1,1,5,6,1,41,7,1896,2,19,VOLKSWAGEN SHARAN,6,E01030039,0,-1
2020010256535,2020,010256535,2,9,0,99,99,9,9,99,99,9,9,99,9,99,1,9,6,6,3,-1,-1,1968,2,3,VOLKSWAGEN SHARAN,-1,-1,0,-1
2020010281887,2020,010281887,1,9,0,99,99,9,9,99,99,1,9,99,9,99,1,9,2,2,1,23,5,1968,2,6,VOLKSWAGEN SHARAN,4,E01002346,0,-1
202031C006520,2020,31C006520,1,9,0,14,14,6,2,0,0,2,0,4,0,0,1,1,6,6,1,57,9,1896,2,13,VOLKSWAGEN SHARAN,1,E01013810,0,-1
2020522002001,2020,522002001,4,9,0,18,19,8,4,0,0,0,0,0,0,0,1,1,6,6,1,61,9,1896,2,14,VOLKSWAGEN SHARAN,2,E01009890,0,-1
2020041005537,2020,041005537,1,9,0,2,2,0,0,9,9,0,0,0,0,0,3,1,1,1,1,47,8,1395,1,2,VOLKSWAGEN SHARAN,1,E01012622,0,-1
2020010236343,2020,010236343,1,8,0,9,9,5,2,0,0,8,0,0,0,0,1,1,1,1,1,63,9,1968,2,1,VOLKSWAGEN SHARAN,4,E01004419,0,-1
2020010257499,2020,010257499,2,9,0,9,9,5,3,0,0,8,0,0,0,0,4,1,6,6,1,50,8,1968,2,4,VOLKSWAGEN SHARAN,6,E01024833,0,-1
2020010234305,2020,010234305,1,9,0,4,4,7,3,0,0,1,0,0,0,0,1,1,6,6,2,46,8,1968,2,7,VOLKSWAGEN SHARAN,2,E01001702,0,-1
2020110966350,2020,110966350,2,9,0,18,19,7,3,0,0,1,0,0,0,0,1,1,6,6,1,33,6,1968,2,2,VOLKSWAGEN SHARAN,2,E01020647,0,-1
2020010276329,2020,010276329,1,9,0,99,99,9,9,99,99,1,9,99,9,99,9,9,2,2,1,41,7,1968,2,8,VOLKSWAGEN SHARAN,4,E01003704,0,-1
2020010278694,2020,010278694,1,8,0,99,99,9,9,99,99,9,9,99,9,99,2,9,6,6,1,46,8,1968,2,4,VOLKSWAGEN SHARAN,2,E01001021,0,-1
2020470963125,2020,470963125,1,9,0,9,9,5,3,0,0,1,0,0,0,0,1,1,1,1,1,40,7,1968,2,5,VOLKSWAGEN SHARAN,2,E01031361,0,-1
2020010271377,2020,010271377,1,9,0,18,19,3,7,0,0,8,0,0,0,0,1,1,1,1,1,53,8,1968,2,1,VOLKSWAGEN SHARAN,3,E01001578,0,-1
2020010283168,2020,010283168,2,9,0,18,19,3,7,0,0,1,0,0,0,0,1,1,6,6,1,40,7,1968,2,4,VOLKSWAGEN SHARAN,4,E01004576,0,-1
2020400946699,2020,400946699,1,8,0,12,12,1,5,0,0,0,0,0,0,0,3,1,1,1,1,60,9,1968,2,6,VOLKSWAGEN SHARAN,3,E01017538,0,-1
2020622001018,2020,622001018,2,9,0,18,19,6,2,0,0,0,0,0,0,0,2,1,6,6,2,39,7,1968,2,7,VOLKSWAGEN SHARAN,8,W01001860,0,-1
2020410941229,2020,410941229,2,9,0,18,19,8,4,0,0,0,0,0,0,0,1,1,1,1,1,48,8,1968,2,6,VOLKSWAGEN SHARAN,7,E01023719,0,-1
2020040976250,2020,040976250,2,9,0,18,19,5,1,0,0,0,0,0,0,0,2,1,2,2,1,32,6,1968,2,1,VOLKSWAGEN SHARAN,3,E01005218,0,-1
2020990963097,2020,990963097,2,8,0,18,19,5,1,0,0,4,0,0,0,0,1,1,1,1,1,28,6,1968,2,2,VOLKSWAGEN SHARAN,1,-1,0,-1
2020010233528,2020,010233528,1,9,0,7,7,5,7,0,0,3,0,0,0,0,4,1,1,1,1,45,7,1968,2,7,VOLKSWAGEN SHARAN,4,E01001704,0,-1
2020010284625,2020,010284625,1,9,0,9,9,1,7,0,0,1,0,0,0,0,4,1,6,6,1,32,6,1968,2,3,VOLKSWAGEN SHARAN,3,E01000164,0,-1
2020461012426,2020,461012426,2,9,0,18,19,7,3,0,0,0,0,0,0,0,2,1,6,6,2,37,7,1968,2,3,VOLKSWAGEN SHARAN,9,E01032816,0,-1
2020010273741,2020,010273741,1,8,0,99,99,9,9,99,99,9,9,99,9,99,2,9,6,6,1,39,7,1968,2,4,VOLKSWAGEN SHARAN,3,E01002215,0,-1
2020010231465,2020,010231465,1,9,0,18,19,7,3,0,0,2,0,0,0,0,2,1,6,6,1,27,6,1896,2,12,VOLKSWAGEN SHARAN,3,E01002647,0,-1
2020010237361,2020,010237361,1,9,0,99,99,9,9,99,99,9,9,99,9,99,2,9,2,2,2,56,9,1968,2,9,VOLKSWAGEN SHARAN,2,E01000056,0,-1
2020010280226,2020,010280226,2,9,0,4,4,5,1,0,0,1,0,0,0,0,1,1,6,6,3,-1,-1,1968,2,6,VOLKSWAGEN SHARAN,-1,-1,0,-1
2020040986810,2020,040986810,1,9,0,18,19,1,5,0,0,1,0,0,0,0,1,1,6,6,1,42,7,1896,2,17,VOLKSWAGEN SHARAN,1,E01012622,0,-1
2020350922182,2020,350922182,1,8,0,18,19,1,7,0,0,0,0,0,0,0,3,1,6,6,1,40,7,1968,2,9,VOLKSWAGEN SHARAN,2,E01015633,0,-1
202031C018320,2020,31C018320,2,9,0,4,4,6,2,0,0,0,0,0,0,0,2,1,6,6,2,52,8,1968,2,9,VOLKSWAGEN SHARAN,6,E01019411,0,-1
2020410924952,2020,410924952,2,9,0,18,19,1,5,0,0,0,0,0,1,0,1,1,6,6,1,25,5,1896,2,14,VOLKSWAGEN SHARAN,6,E01023762,0,-1
2020420974260,2020,420974260,1,8,0,18,19,4,8,0,0,1,0,0,0,0,1,1,1,1,1,47,8,1968,2,6,VOLKSWAGEN SHARAN,4,E01015907,0,-1
2020450923320,2020,450923320,1,9,0,17,19,5,1,0,0,0,1,0,1,4,1,1,1,1,1,26,6,1968,2,2,VOLKSWAGEN SHARAN,6,E01004529,0,-1
2020371020849,2020,371020849,1,9,0,9,9,3,8,0,0,0,0,0,0,0,1,1,5,6,1,63,9,1968,2,5,VOLKSWAGEN SHARAN,2,E01030031,0,-1
2020052002624,2020,052002624,1,9,0,9,9,1,5,0,0,8,0,0,0,0,3,1,1,1,1,31,6,1968,2,6,VOLKSWAGEN SHARAN,1,E01006417,0,-1
2020430319659,2020,430319659,2,9,0,7,7,2,4,0,0,5,0,0,0,0,0,1,6,6,2,37,7,1968,2,7,VOLKSWAGEN SHARAN,4,E01017904,0,-1
2020500948170,2020,500948170,1,8,0,18,19,4,8,0,0,8,0,0,0,0,1,1,5,6,1,39,7,1968,2,7,VOLKSWAGEN SHARAN,1,E01019004,0,-1
2020500979509,2020,500979509,3,9,0,4,4,1,5,0,0,0,0,0,0,0,2,1,5,6,1,54,8,1968,2,2,VOLKSWAGEN SHARAN,5,E01000379,0,-1
2020010230841,2020,010230841,1,8,0,99,99,9,9,99,99,9,9,99,9,99,9,9,6,6,1,55,8,1968,2,5,VOLKSWAGEN SHARAN,3,E01002151,0,-1
2020010257795,2020,010257795,1,8,0,18,19,3,7,0,0,0,0,0,0,0,1,1,6,6,1,49,8,1968,2,3,VOLKSWAGEN SHARAN,7,E01000298,0,-1
2020010231274,2020,010231274,1,9,0,18,19,5,1,0,0,0,0,0,0,0,2,1,6,6,1,31,6,1968,2,5,VOLKSWAGEN SHARAN,1,E01008544,0,-1
2020010248095,2020,010248095,3,9,0,18,19,3,7,0,0,1,0,0,0,0,1,1,6,6,1,49,8,1968,2,9,VOLKSWAGEN SHARAN,3,E01000108,0,-1
2020411003584,2020,411003584,1,9,0,4,4,1,5,0,0,0,0,0,0,0,2,1,6,6,2,35,6,1968,2,7,VOLKSWAGEN SHARAN,9,E01023833,0,-1
2020440488419,2020,440488419,1,9,0,4,4,4,8,0,0,1,0,0,0,0,2,1,6,6,2,-1,-1,1968,2,8,VOLKSWAGEN SHARAN,-1,-1,0,-1
2020500988017,2020,500988017,2,9,0,4,4,3,7,0,0,0,0,0,0,0,1,1,5,6,1,45,7,1968,2,3,VOLKSWAGEN SHARAN,8,E01028047,0,-1
2020410937672,2020,410937672,1,9,0,18,19,1,6,0,0,0,0,0,0,0,3,1,6,6,1,30,6,1968,2,3,VOLKSWAGEN SHARAN,10,E01023881,0,-1
2020010263209,2020,010263209,2,8,0,9,9,3,1,0,0,8,0,0,0,0,3,1,1,1,1,61,9,1968,2,1,VOLKSWAGEN SHARAN,9,E01000452,0,-1
2020990958817,2020,990958817,1,8,0,7,7,4,7,0,0,4,0,11,0,0,1,1,6,6,1,48,8,1968,2,7,VOLKSWAGEN SHARAN,7,-1,0,-1
2020010252651,2020,010252651,1,8,0,3,3,3,7,0,0,1,0,0,0,0,3,1,1,1,1,54,8,1968,2,1,VOLKSWAGEN SHARAN,1,E01002857,0,-1
2020302001289,2020,302001289,1,9,0,18,19,2,6,0,0,0,0,0,0,0,0,1,6,6,2,28,6,1968,2,1,VOLKSWAGEN SHARAN,3,E01019692,0,-1
2020010238635,2020,010238635,1,9,0,99,99,9,9,99,99,1,9,99,9,99,4,9,6,6,1,37,7,1968,2,2,VOLKSWAGEN SHARAN,3,E01004432,0,-1
2020010268364,2020,010268364,2,9,0,99,99,9,9,99,99,1,9,99,9,99,1,9,6,6,3,-1,-1,1968,2,1,VOLKSWAGEN SHARAN,3,E01033594,0,-1
2020010234094,2020,010234094,1,8,0,99,99,9,9,99,99,9,9,99,9,99,9,9,6,6,1,42,7,1968,2,1,VOLKSWAGEN SHARAN,3,E01002396,0,-1
2020010280455,2020,010280455,2,8,0,9,9,3,8,0,0,6,0,0,0,0,3,1,1,1,1,48,8,1968,2,4,VOLKSWAGEN SHARAN,5,E01000264,0,-1
2020990927265,2020,990927265,1,9,0,9,9,8,5,0,0,6,0,0,0,0,1,2,6,6,2,40,7,1968,2,8,VOLKSWAGEN SHARAN,9,-1,0,-1
2020450952892,2020,450952892,2,9,0,18,19,5,7,0,0,0,0,0,0,0,1,1,5,6,1,63,9,1968,2,3,VOLKSWAGEN SHARAN,9,E01030712,0,-1
2020040987460,2020,040987460,1,9,0,4,4,0,0,0,0,1,0,0,0,0,3,1,6,6,1,-1,-1,1968,2,13,VOLKSWAGEN SHARAN,1,E01033231,0,-1
2020450992821,2020,450992821,2,9,0,18,19,1,5,0,0,0,0,0,0,0,1,1,1,1,1,56,9,1968,2,6,VOLKSWAGEN SHARAN,7,E01030707,0,-1
2020450915148,2020,450915148,2,9,0,18,19,5,4,0,0,0,0,0,0,0,2,1,1,1,1,52,8,1968,2,1,VOLKSWAGEN SHARAN,5,E01003756,0,-1
2020220978635,2020,220978635,1,9,3,13,13,7,3,0,0,0,0,0,0,0,4,1,5,6,3,57,9,1896,2,11,VOLKSWAGEN SHARAN,-1,-1,0,-1
2020010266397,2020,010266397,1,8,0,99,99,9,9,0,0,9,0,0,0,0,3,9,6,6,1,50,8,1968,2,6,VOLKSWAGEN SHARAN,3,E01023650,0,-1
2020010234840,2020,010234840,1,9,0,99,99,9,9,99,99,9,9,99,9,99,9,9,6,6,3,-1,-1,1896,2,12,VOLKSWAGEN SHARAN,-1,-1,0,-1
2020100973675,2020,100973675,1,8,0,18,19,5,1,0,0,0,0,0,0,0,1,1,6,6,1,54,8,1968,2,5,VOLKSWAGEN SHARAN,-1,-1,0,-1
2020010247580,2020,010247580,2,9,0,4,4,2,6,0,0,1,0,0,0,0,3,1,1,1,1,45,7,1968,2,3,VOLKSWAGEN SHARAN,4,E01001037,0,-1
2020010234719,2020,010234719,1,9,0,9,9,5,3,0,0,2,1,0,0,0,1,1,2,2,1,36,7,1896,2,15,VOLKSWAGEN SHARAN,4,E01001252,0,-1
2020420999283,2020,420999283,1,9,0,18,19,3,7,6,6,0,0,0,1,4,1,1,6,6,2,29,6,1968,2,4,VOLKSWAGEN SHARAN,4,E01022024,0,-1
2020010287064,2020,010287064,1,8,0,4,4,1,5,0,0,4,0,0,9,99,1,1,6,6,1,65,9,1968,2,1,VOLKSWAGEN SHARAN,2,E01033698,0,-1
2020010256657,2020,010256657,1,8,0,18,19,1,5,0,0,1,0,0,0,0,1,1,1,1,1,53,8,1968,2,5,VOLKSWAGEN SHARAN,4,E01003714,0,-1
2020200940274,2020,200940274,2,8,0,18,19,8,5,0,0,0,0,0,0,0,2,1,1,1,1,52,8,1896,2,11,VOLKSWAGEN SHARAN,1,E01033650,0,-1
2020460999319,2020,460999319,2,9,0,18,19,7,3,0,0,1,0,0,0,0,3,1,5,6,1,39,7,1896,2,18,VOLKSWAGEN SHARAN,5,E01024342,0,-1
2020200996690,2020,200996690,1,8,0,18,19,8,2,0,0,6,0,0,0,0,4,1,1,1,1,45,7,1968,2,3,VOLKSWAGEN SHARAN,1,E01009344,0,-1
2020340N80082,2020,340N80082,1,9,0,11,11,7,3,0,0,0,0,0,0,0,0,1,2,2,1,59,9,1968,2,8,VOLKSWAGEN SHARAN,9,E01027325,0,-1
2020010261786,2020,010261786,2,8,0,99,99,9,9,99,99,9,9,99,9,99,9,9,6,6,3,-1,-1,1968,2,1,VOLKSWAGEN SHARAN,-1,-1,0,-1
202006E274662,2020,06E274662,2,9,0,18,19,8,4,0,0,8,0,0,0,0,3,1,6,6,2,53,8,1896,2,13,VOLKSWAGEN SHARAN,9,E01005867,0,-1
2020010260032,2020,010260032,2,8,0,99,99,9,9,99,99,9,9,99,9,99,9,9,6,6,1,-1,-1,1968,2,1,VOLKSWAGEN SHARAN,-1,-1,0,-1
2020010263510,2020,010263510,1,8,0,99,99,9,9,99,99,9,9,99,9,99,2,9,6,6,1,41,7,1968,2,4,VOLKSWAGEN SHARAN,2,E01003783,0,-1
2020990925715,2020,990925715,1,9,0,18,19,2,6,0,0,2,0,0,0,0,1,1,6,6,1,35,6,1968,2,5,VOLKSWAGEN SHARAN,6,-1,0,-1
2020010262527,2020,010262527,1,8,0,99,99,9,9,99,99,9,9,99,9,99,2,9,6,6,1,32,6,1968,2,3,VOLKSWAGEN SHARAN,3,E01000164,0,-1
2020010285246,2020,010285246,1,9,0,18,19,7,3,0,0,0,0,0,0,0,3,1,6,6,1,48,8,1968,2,2,VOLKSWAGEN SHARAN,3,E01004676,0,-1
2020450916589,2020,450916589,1,9,0,18,19,3,7,0,0,1,0,0,0,0,1,1,6,6,1,63,9,1968,2,5,VOLKSWAGEN SHARAN,8,E01016217,0,-1
2020010244351,2020,010244351,2,9,0,7,7,6,1,0,0,1,0,0,0,0,4,1,6,6,1,37,7,1968,2,2,VOLKSWAGEN SHARAN,1,E01033598,0,-1
2020010286174,2020,010286174,2,9,0,18,19,7,3,0,0,8,0,10,2,7,2,1,6,6,1,71,10,1968,2,6,VOLKSWAGEN SHARAN,10,E01016253,0,-1
2020010265916,2020,010265916,1,9,0,9,9,7,5,0,0,6,0,0,0,0,3,1,1,1,1,46,8,1968,2,3,VOLKSWAGEN SHARAN,3,E01003524,0,-1
2020522003195,2020,522003195,1,8,0,3,3,4,8,0,0,1,0,0,0,0,2,1,6,6,1,41,7,1968,2,2,VOLKSWAGEN SHARAN,2,E01014691,0,-1
2020010232264,2020,010232264,1,9,0,99,99,9,9,99,99,9,9,99,9,99,9,9,6,6,3,-1,-1,1968,2,4,VOLKSWAGEN SHARAN,8,E01002148,0,-1
2020450980158,2020,450980158,2,9,0,4,4,5,1,0,0,0,0,0,0,0,2,1,5,6,2,37,7,1968,2,7,VOLKSWAGEN SHARAN,4,E01030709,0,-1
2020010230955,2020,010230955,2,9,0,18,19,7,3,0,0,0,0,0,0,0,1,1,2,2,1,42,7,1968,2,2,VOLKSWAGEN SHARAN,2,E01004535,0,-1
2020990988260,2020,990988260,1,8,0,18,19,8,4,2,2,2,0,0,0,0,1,1,1,1,1,47,8,1968,2,4,VOLKSWAGEN SHARAN,9,-1,0,-1
2020990991006,2020,990991006,1,9,0,9,9,4,2,0,0,1,0,0,0,0,1,1,3,7,1,41,7,1968,2,4,VOLKSWAGEN SHARAN,10,-1,0,-1
2020470990893,2020,470990893,1,9,0,9,9,2,6,0,0,8,0,0,0,0,1,1,1,1,1,-1,-1,1968,2,5,VOLKSWAGEN SHARAN,6,E01016987,0,-1
2020010274492,2020,010274492,1,9,0,9,9,7,4,0,0,1,0,0,0,0,4,1,6,6,1,36,7,1968,2,1,VOLKSWAGEN SHARAN,3,E01002568,0,-1
2020400987418,2020,400987418,2,9,0,4,4,3,7,0,0,0,0,0,0,0,2,1,1,1,1,57,9,1968,2,1,VOLKSWAGEN SHARAN,4,E01015782,0,-1
2020010229694,2020,010229694,2,8,0,18,19,1,5,0,0,1,0,0,2,4,0,1,1,1,1,39,7,1968,2,4,VOLKSWAGEN SHARAN,-1,-1,0,-1
2020230922381,2020,230922381,1,9,0,7,7,8,2,0,0,6,0,0,0,0,1,1,5,6,1,51,8,1968,2,1,VOLKSWAGEN SHARAN,2,E01031046,0,-1
2020522002381,2020,522002381,2,9,0,5,5,1,5,0,0,1,0,0,0,0,1,1,6,6,3,-1,-1,1896,2,17,VOLKSWAGEN SHARAN,-1,-1,0,-1
2020010233319,2020,010233319,1,8,0,18,19,1,5,0,0,8,1,0,0,0,3,1,6,6,2,54,8,1968,2,1,VOLKSWAGEN SHARAN,2,E01002730,0,-1
2020040923145,2020,040923145,1,9,0,18,19,6,2,0,0,8,0,0,0,0,4,2,6,6,2,44,7,1896,2,13,VOLKSWAGEN SHARAN,1,E01025042,0,-1
2020991005555,2020,991005555,2,9,0,9,9,5,3,0,0,0,1,0,1,11,3,1,5,6,1,73,10,1968,2,5,VOLKSWAGEN SHARAN,7,-1,0,-1
2020040924880,2020,040924880,3,9,0,18,19,7,3,0,0,0,0,0,0,0,2,1,6,6,1,55,8,1896,2,15,VOLKSWAGEN SHARAN,1,E01012643,0,-1
2020010240276,2020,010240276,1,8,9,18,19,1,5,99,99,0,9,99,9,99,3,9,6,6,1,49,8,1968,2,1,VOLKSWAGEN SHARAN,6,E01000069,0,-1
2020010258105,2020,010258105,1,8,0,9,9,5,3,0,0,5,0,0,1,0,3,1,1,1,1,49,8,1968,2,3,VOLKSWAGEN SHARAN,5,E01004523,0,-1
2020401008890,2020,401008890,1,9,0,3,3,8,4,0,0,0,0,0,0,0,2,1,2,2,1,62,9,1968,2,1,VOLKSWAGEN SHARAN,8,E01015693,0,-1
2020010275453,2020,010275453,2,8,0,3,3,3,7,0,0,1,0,0,0,0,4,1,1,1,2,55,8,1968,2,1,VOLKSWAGEN SHARAN,3,E01033743,0,-1
2020470969022,2020,470969022,1,9,0,18,19,3,7,0,0,0,1,0,0,0,1,1,2,2,1,52,8,1896,2,17,VOLKSWAGEN SHARAN,4,E01031434,0,-1
2020010237246,2020,010237246,1,9,0,99,99,9,9,99,99,1,9,99,9,99,9,9,6,6,1,33,6,1896,2,10,VOLKSWAGEN SHARAN,2,E01029426,0,-1
2020450929655,2020,450929655,1,9,0,12,12,7,3,0,0,4,1,0,1,9,3,1,6,6,1,33,6,1968,2,3,VOLKSWAGEN SHARAN,8,E01000569,0,-1
2020040939893,2020,040939893,2,9,0,18,19,3,7,0,0,1,0,0,0,0,4,1,1,1,1,37,7,1896,2,15,VOLKSWAGEN SHARAN,4,E01025034,0,-1
2020010280696,2020,010280696,1,9,0,2,2,0,0,99,99,0,9,99,9,99,9,9,6,6,3,-1,-1,1968,2,5,VOLKSWAGEN SHARAN,-1,-1,0,-1
2020010233237,2020,010233237,1,9,0,18,19,7,3,0,0,0,0,0,0,0,2,1,6,6,1,31,6,1896,2,16,VOLKSWAGEN SHARAN,8,E01002453,0,-1
2020450956958,2020,450956958,2,9,0,18,19,5,1,0,0,0,0,0,0,0,2,1,5,6,2,33,6,1968,2,8,VOLKSWAGEN SHARAN,9,E01030501,0,-1
2020010231735,2020,010231735,1,9,0,18,19,7,3,0,0,8,0,0,0,0,1,1,6,6,1,51,8,1968,2,1,VOLKSWAGEN SHARAN,2,E01003125,0,-1
2020010241389,2020,010241389,1,9,0,99,99,9,9,99,99,9,9,99,9,99,1,9,6,6,3,-1,-1,1896,2,18,VOLKSWAGEN SHARAN,-1,-1,0,-1
2020010250574,2020,010250574,1,9,0,7,7,7,1,0,0,4,0,0,0,0,1,1,6,6,1,49,8,1968,2,2,VOLKSWAGEN SHARAN,3,E01003431,0,-1
2020100992939,2020,100992939,1,9,3,18,19,1,5,0,0,0,0,0,0,0,1,1,5,6,1,42,7,1968,2,5,VOLKSWAGEN SHARAN,7,E01008374,0,-1
2020010276250,2020,010276250,2,9,0,99,99,9,9,99,99,9,9,99,9,99,1,9,6,6,3,-1,-1,1968,2,1,VOLKSWAGEN SHARAN,-1,-1,0,-1
2020480952527,2020,480952527,1,8,0,4,4,5,1,0,0,0,0,0,0,0,4,1,1,1,1,52,8,1968,2,4,VOLKSWAGEN SHARAN,-1,-1,0,-1
2020010231101,2020,010231101,1,9,0,18,19,5,1,0,0,4,0,0,0,0,1,1,6,6,1,76,11,1896,2,14,VOLKSWAGEN SHARAN,1,E01000153,0,-1
2020010274056,2020,010274056,2,8,0,99,99,9,9,99,99,9,9,99,9,99,2,9,6,6,3,-1,-1,1968,2,1,VOLKSWAGEN SHARAN,-1,-1,0,-1
2020010260006,2020,010260006,2,8,0,99,99,9,9,99,99,9,9,99,9,99,1,9,6,6,3,-1,-1,1968,2,2,VOLKSWAGEN SHARAN,-1,-1,0,-1
2020450936023,2020,450936023,2,9,0,18,19,3,7,0,0,1,0,0,0,0,1,1,6,6,2,70,10,1968,2,2,VOLKSWAGEN SHARAN,7,E01030583,0,-1
2020420956004,2020,420956004,1,9,0,7,7,3,6,0,0,2,0,0,0,0,1,1,5,6,2,68,10,1968,2,1,VOLKSWAGEN SHARAN,9,E01021615,0,-1
2020010271705,2020,010271705,2,8,0,99,99,9,9,99,99,1,9,99,9,99,1,9,6,6,3,-1,-1,1968,2,5,VOLKSWAGEN SHARAN,2,E01003490,0,-1
2020160981366,2020,160981366,1,9,0,18,19,5,1,0,0,6,0,0,0,0,1,1,6,6,1,-1,-1,1896,2,11,VOLKSWAGEN SHARAN,-1,-1,0,-1
2020010260721,2020,010260721,2,8,0,9,9,5,3,0,0,8,9,99,9,99,1,9,1,1,1,48,8,1968,2,2,VOLKSWAGEN SHARAN,2,E01003124,0,-1
2020541673220,2020,541673220,1,9,0,18,19,5,1,0,0,8,0,0,0,0,1,1,6,6,2,41,7,1968,2,3,VOLKSWAGEN SHARAN,6,E01032083,0,-1
2020622000429,2020,622000429,1,9,0,18,19,5,1,0,0,2,0,0,0,0,2,1,6,6,2,39,7,1395,1,1,VOLKSWAGEN SHARAN,3,W01001181,0,-1