collision_index,collision_year,collision_ref_no,vehicle_reference,vehicle_type,towing_and_articulation,vehicle_manoeuvre_historic,vehicle_manoeuvre,vehicle_direction_from,vehicle_direction_to,vehicle_location_restricted_lane_historic,vehicle_location_restricted_lane,junction_location,skidding_and_overturning,hit_object_in_carriageway,vehicle_leaving_carriageway,hit_object_off_carriageway,first_point_of_impact,vehicle_left_hand_drive,journey_purpose_of_driver_historic,journey_purpose_of_driver,sex_of_driver,age_of_driver,age_band_of_driver,engine_capacity_cc,propulsion_code,age_of_vehicle,generic_make_model,driver_imd_decile,lsoa_of_driver,escooter_flag,driver_distance_banding
2020010258695,2020,010258695,1,8,0,99,99,9,9,99,99,9,9,99,9,99,2,9,6,6,1,58,9,1968,2,2,VOLKSWAGEN SHARAN,2,E01001151,0,-1
2020010278518,2020,010278518,1,9,0,9,9,3,8,0,0,6,0,0,0,0,1,1,3,7,1,47,8,1968,2,3,VOLKSWAGEN SHARAN,3,E01000610,0,-1
2020010271291,2020,010271291,1,9,0,18,19,3,7,0,0,8,0,0,0,0,1,1,6,6,1,56,9,1968,2,6,VOLKSWAGEN SHARAN,3,E01002491,0,-1
2020010254351,2020,010254351,2,9,0,99,99,9,9,99,99,9,9,99,9,99,1,9,6,6,3,47,8,1968,2,1,VOLKSWAGEN SHARAN,3,E01001436,0,-1
2020010249903,2020,010249903,1,9,0,18,19,3,7,0,0,8,0,0,0,0,1,1,1,1,1,47,8,1968,2,1,VOLKSWAGEN SHARAN,8,E01024185,0,-1
2020430010987,2020,430010987,2,4,0,13,13,3,7,0,0,0,0,0,0,0,4,1,2,2,1,30,6,125,1,3,-1,6,E01016385,0,-1
2020010273417,2020,010273417,1,3,0,10,10,1,7,0,0,1,0,0,0,0,4,1,1,1,1,37,7,125,1,3,YAMAHA MW125,-1,-1,0,-1
2020320588122,2020,320588122,2,3,0,18,19,5,2,0,0,3,0,0,0,0,1,1,1,1,2,37,7,125,1,4,YAMAHA MW125,2,E01026177,0,-1
2020010250345,2020,010250345,2,3,0,99,99,9,9,99,99,9,9,99,9,99,2,1,6,6,3,28,6,125,1,5,YAMAHA MW125,-1,-1,0,-1
2020010248838,2020,010248838,2,3,0,18,19,5,1,0,0,1,0,0,0,0,1,1,6,6,1,39,7,125,1,6,YAMAHA MW125,4,E01000932,0,-1
2020010232975,2020,010232975,2,97,0,99,99,9,9,99,99,9,9,99,9,99,2,9,6,6,3,-1,-1,125,1,4,-1,-1,-1,0,-1
2020990932946,2020,990932946,2,3,0,18,19,7,3,0,0,8,0,0,0,0,1,1,5,6,1,26,6,125,1,6,YAMAHA MW125,3,-1,0,-1
2020010243565,2020,010243565,1,3,0,99,99,9,9,99,99,1,9,99,9,99,1,1,6,6,1,39,7,125,1,5,YAMAHA MW125,4,E01003129,0,-1
2020010235311,2020,010235311,2,3,0,18,19,5,1,0,0,1,0,0,0,0,1,1,6,6,1,28,6,125,1,4,YAMAHA MW125,5,E01001530,0,-1
2020010280089,2020,010280089,1,3,0,18,19,8,4,0,0,0,5,4,0,0,1,1,6,6,1,35,6,125,1,5,YAMAHA MW125,6,E01002204,0,-1
2020010238290,2020,010238290,2,3,0,18,19,7,3,0,0,1,0,0,0,0,1,-1,2,2,1,43,7,125,1,4,YAMAHA MW125,-1,-1,0,-1
2020010241577,2020,010241577,2,3,0,18,19,5,1,2,2,8,0,0,0,0,1,1,2,2,1,29,6,125,1,4,YAMAHA MW125,3,E01004573,0,-1
2020460954420,2020,460954420,2,5,0,4,4,7,3,0,0,1,0,0,0,0,1,1,6,6,1,19,4,659,1,13,YAMAHA XT 600,2,E01024066,0,-1
2020010276730,2020,010276730,1,5,0,18,19,5,1,0,0,8,2,0,0,0,1,1,6,6,1,37,7,659,1,11,YAMAHA XT 600,-1,-1,0,-1
2020500981450,2020,500981450,2,5,0,18,19,3,7,0,0,1,0,0,0,0,1,1,6,6,1,53,8,660,1,11,YAMAHA XT 600,9,E01014998,0,-1
2020540760420,2020,540760420,2,5,0,3,3,7,3,0,0,8,0,0,0,0,2,1,2,2,1,47,8,659,1,13,YAMAHA XT 600,8,E01015536,0,-1
202006L273237,2020,06L273237,2,5,0,18,19,6,2,0,0,2,0,0,0,0,1,1,6,6,1,33,6,659,1,10,YAMAHA XT 600,9,E01006320,0,-1
2020030993233,2020,030993233,1,5,0,7,7,2,8,0,0,2,0,0,0,0,4,1,6,6,1,39,7,659,1,11,YAMAHA XT 600,1,E01019267,0,-1
2020010261609,2020,010261609,1,5,0,18,19,1,5,0,0,1,0,0,0,0,1,1,6,6,1,27,6,659,1,13,YAMAHA XT 600,2,E01001079,0,-1
2020220921783,2020,220921783,1,5,0,18,19,4,8,0,0,8,0,0,0,0,1,1,2,2,1,30,6,660,1,10,YAMAHA XT 600,9,E01029654,0,-1
202063D057320,2020,63D057320,1,5,0,18,19,4,8,0,0,1,0,0,0,0,1,1,6,6,1,58,9,660,1,11,YAMAHA XT 600,8,W01001904,0,-1
2020010244725,2020,010244725,1,5,0,99,99,9,9,99,99,9,9,99,9,99,1,9,6,6,1,35,6,659,1,15,YAMAHA XT 600,1,E01002039,0,-1
2020010264886,2020,010264886,1,5,0,99,99,9,9,99,99,9,9,99,9,99,9,1,6,6,1,25,5,659,1,13,YAMAHA XT 600,4,E01003282,0,-1
2020070595507,2020,070595507,2,5,0,18,19,7,7,0,0,1,0,0,0,0,1,1,6,6,1,31,6,659,1,15,YAMAHA XT 600,10,E01024974,0,-1
2020010260725,2020,010260725,1,5,0,99,99,9,9,99,99,9,9,99,9,99,2,1,6,6,1,40,7,659,1,7,YAMAHA XT 600,10,E01017868,0,-1
2020420981106,2020,420981106,1,5,0,13,13,7,3,0,0,1,0,0,0,0,4,1,5,6,1,49,8,659,1,12,YAMAHA XT 600,3,E01002279,0,-1
2020990929460,2020,990929460,1,5,0,18,19,1,5,0,0,8,0,0,0,0,4,1,2,2,1,53,8,659,1,14,YAMAHA XT 600,6,-1,0,-1
2020122000484,2020,122000484,1,5,0,16,19,1,4,0,0,0,1,0,7,11,1,1,6,6,2,53,8,660,1,12,YAMAHA XT 600,5,E01025061,0,-1
2020140970933,2020,140970933,1,5,0,17,19,6,2,9,9,0,0,0,1,10,1,1,6,6,1,40,7,659,1,13,YAMAHA XT 600,1,E01007769,0,-1
2020460937788,2020,460937788,2,5,0,18,19,1,5,0,0,0,0,0,0,0,3,1,5,6,1,24,5,659,1,7,YAMAHA XT 600,1,E01024612,0,-1
2020010263442,2020,010263442,2,5,0,18,19,1,5,0,0,1,0,0,0,0,1,1,6,6,1,25,5,599,1,18,YAMAHA XT 600,5,E01024711,0,-1
2020302000741,2020,302000741,1,5,0,18,19,1,6,0,0,2,0,0,0,0,2,1,6,6,1,28,6,660,1,9,YAMAHA XT 600,2,E01031010,0,-1
2020440010883,2020,440010883,2,5,0,18,19,8,4,0,0,8,0,0,0,0,1,1,6,6,1,21,5,659,1,15,YAMAHA XT 600,3,E01017266,0,-1
2020500945780,2020,500945780,1,5,0,18,19,5,1,0,0,1,0,0,0,0,4,1,5,6,1,26,6,660,1,10,YAMAHA XT 600,2,E01018774,0,-1
2020522001863,2020,522001863,2,5,0,3,3,1,5,0,0,1,0,0,0,0,2,1,6,6,1,55,8,659,1,19,YAMAHA XT 600,8,E01029148,0,-1
2020070467567,2020,070467567,2,5,0,18,19,8,3,0,0,2,0,0,0,0,4,1,6,6,1,53,8,660,1,9,YAMAHA XT 600,9,E01018684,0,-1
2020552000576,2020,552000576,2,5,0,18,19,7,3,0,0,1,1,0,0,0,1,1,6,6,1,46,8,659,1,10,YAMAHA XT 600,5,E01020506,0,-1
2020351003667,2020,351003667,3,9,0,18,19,0,3,0,0,0,0,0,0,0,4,1,6,6,2,-1,-1,1368,1,6,-1,-1,-1,0,-1
2020440095505,2020,440095505,1,9,0,11,11,3,7,0,0,8,0,0,0,0,1,1,6,6,2,20,4,1368,1,11,-1,2,E01020573,0,-1
2020430008997,2020,430008997,2,9,0,5,5,7,3,0,0,0,0,0,0,0,2,1,2,2,1,-1,-1,1368,1,8,-1,8,E01017818,0,-1
2020430211204,2020,430211204,3,9,0,18,19,1,5,0,0,0,0,0,0,0,1,1,6,6,1,-1,-1,1995,1,1,-1,10,E01016693,0,-1
2020010289283,2020,010289283,1,9,0,18,19,7,3,0,0,8,0,0,0,0,1,9,2,2,1,61,9,2143,2,2,-1,7,E01009858,0,-1
2020332000138,2020,332000138,1,9,0,18,19,5,1,0,0,0,1,0,1,7,2,1,6,6,2,51,8,2143,2,2,-1,9,E01028485,0,-1
2020460996084,2020,460996084,1,9,0,13,13,3,7,0,0,0,0,0,0,0,1,1,5,6,1,28,6,2995,1,2,AUDI S4,1,E01003192,0,-1
2020351003682,2020,351003682,1,9,0,18,19,1,5,0,0,2,1,0,3,11,1,1,6,6,1,40,7,2995,1,10,AUDI S4,4,E01018100,0,-1
2020552000397,2020,552000397,1,9,0,18,19,8,4,0,0,0,0,0,1,4,1,1,2,2,1,30,6,2995,1,6,AUDI S4,5,E01015375,0,-1
2020470925080,2020,470925080,1,9,0,18,19,6,2,0,0,1,0,0,0,0,1,1,5,6,2,49,8,2995,1,10,AUDI S4,9,E01031756,0,-1
2020480951348,2020,480951348,1,9,0,18,19,5,1,0,0,0,0,0,0,0,4,1,6,6,3,25,5,2995,1,10,AUDI S4,-1,-1,0,-1
2020010281871,2020,010281871,3,9,0,18,19,1,5,0,0,1,0,0,0,0,4,1,6,6,1,40,7,2995,1,2,AUDI S4,6,E01021058,0,-1
2020200961797,2020,200961797,1,9,0,12,12,4,8,0,0,0,0,0,0,0,1,1,2,2,1,32,6,4163,1,15,AUDI S4,2,E01009509,0,-1
2020010237389,2020,010237389,1,9,0,99,99,9,9,99,99,9,9,99,9,99,0,9,2,2,1,26,6,2995,1,3,AUDI S4,3,E01002923,0,-1
2020470937454,2020,470937454,1,9,0,18,19,6,2,0,0,0,1,0,2,10,1,1,6,6,1,38,7,2995,1,3,AUDI S4,6,E01021110,0,-1
2020501005828,2020,501005828,1,9,0,18,19,2,6,0,0,0,0,0,0,0,1,1,6,6,1,29,6,2671,1,21,AUDI S4,4,E01018919,0,-1
2020230967886,2020,230967886,2,9,0,18,19,3,7,0,0,0,0,0,0,0,0,1,5,6,1,56,9,4163,1,13,AUDI S4,6,E01031189,0,-1
2020052000717,2020,052000717,2,9,0,18,19,1,5,0,0,8,0,0,0,0,1,1,2,2,1,37,7,2967,2,1,AUDI S4,-1,-1,0,-1
202006A376453,2020,06A376453,1,9,0,18,19,1,5,0,0,0,0,0,0,0,1,1,6,6,1,23,5,2995,1,2,AUDI S4,5,E01005301,0,-1
2020140934977,2020,140934977,1,9,0,18,19,1,5,0,0,0,1,0,5,6,1,1,6,6,1,36,7,2995,1,3,AUDI S4,5,E01019534,0,-1
2020100973004,2020,100973004,1,9,0,5,5,4,8,0,0,0,0,0,0,0,4,1,6,6,1,41,7,2995,1,10,AUDI S4,3,E01008533,0,-1
2020400952782,2020,400952782,3,9,0,18,19,-1,-1,0,0,1,0,0,0,0,1,1,5,6,1,37,7,2995,1,3,AUDI S4,2,E01017537,0,-1
2020420992664,2020,420992664,3,9,0,4,4,6,2,0,0,0,0,0,0,0,2,1,2,2,1,37,7,2995,1,6,AUDI S4,8,E01033461,0,-1
2020302100094,2020,302100094,3,9,0,18,19,4,8,0,0,8,0,0,0,0,1,1,6,6,1,24,5,2995,1,10,AUDI S4,5,E01013595,0,-1
2020400994763,2020,400994763,1,9,0,18,19,8,3,0,0,0,0,0,0,0,1,1,5,6,1,32,6,4163,1,13,AUDI S4,6,E01017513,0,-1
2020010264804,2020,010264804,3,9,0,5,5,3,7,0,0,1,0,0,0,0,1,1,6,6,1,42,7,2995,1,7,AUDI S4,5,E01001265,0,-1
2020160995660,2020,160995660,2,9,0,10,10,1,7,0,0,8,0,0,0,0,2,1,5,6,1,57,9,2995,1,3,AUDI S4,-1,-1,0,-1
2020170S31260,2020,170S31260,1,9,0,10,10,5,3,0,0,1,0,0,0,0,4,1,6,6,1,48,8,2995,1,10,AUDI S4,4,E01012240,0,-1
2020200969885,2020,200969885,1,9,0,14,14,2,6,0,0,0,0,8,0,0,1,1,6,6,1,32,6,4163,1,16,AUDI S4,2,E01010344,0,-1
2020040922746,2020,040922746,1,9,0,18,19,7,5,0,0,2,0,0,0,0,1,1,5,6,1,60,9,2995,1,3,AUDI S4,8,E01025321,0,-1
2020430283097,2020,430283097,1,9,0,18,19,3,7,0,0,1,0,8,0,0,4,1,3,7,2,40,7,2995,1,8,AUDI S4,10,E01016596,0,-1
2020547503720,2020,547503720,2,9,0,4,4,3,6,0,0,4,0,0,0,0,2,1,2,2,1,44,7,2995,1,2,AUDI S4,9,E01027274,0,-1
2020010265818,2020,010265818,1,9,0,18,19,7,3,0,0,0,0,0,0,0,1,1,2,2,1,28,6,2995,1,3,AUDI S4,3,E01002503,0,-1
2020460996388,2020,460996388,1,9,0,4,4,1,5,0,0,0,1,0,0,0,1,1,5,6,2,65,9,2993,2,2,BMW 6 SERIES,7,E01024719,0,-1
2020140965929,2020,140965929,2,9,0,-1,-1,-1,-1,-1,-1,0,-1,-1,-1,0,2,1,6,6,3,-1,-1,1995,2,1,BMW 6 SERIES,-1,-1,0,-1
2020010263432,2020,010263432,1,9,0,18,19,3,7,0,0,1,0,0,0,0,1,1,2,2,1,42,7,2993,2,10,BMW 6 SERIES,4,E01003123,0,-1
2020522004028,2020,522004028,1,9,0,13,13,3,7,0,0,1,0,0,8,0,1,1,6,6,1,55,8,4799,1,14,BMW 6 SERIES,8,E01014894,0,-1
2020430256121,2020,430256121,1,9,0,4,4,8,4,0,0,0,0,0,0,0,2,1,2,2,2,45,7,2993,2,3,BMW 6 SERIES,10,E01017939,0,-1
2020470950516,2020,470950516,1,9,0,5,5,8,4,0,0,8,0,0,0,0,1,1,5,6,1,27,6,2993,2,4,BMW 6 SERIES,2,E01016945,0,-1
202031D137220,2020,31D137220,1,9,0,18,19,1,6,0,0,0,0,0,0,0,1,1,1,1,2,48,8,2993,2,5,BMW 6 SERIES,10,E01028396,0,-1
2020010243617,2020,010243617,2,9,0,3,3,1,5,0,0,2,0,4,0,0,2,1,2,2,1,55,8,2993,2,6,BMW 6 SERIES,6,E01001401,0,-1
2020010241158,2020,010241158,3,9,0,2,2,0,0,0,0,0,0,0,0,0,3,1,6,6,3,-1,-1,2993,2,10,BMW 6 SERIES,-1,-1,0,-1
2020010265923,2020,010265923,1,9,0,18,19,5,1,0,0,8,0,0,1,0,0,1,6,6,3,-1,-1,4398,1,15,BMW 6 SERIES,-1,-1,0,-1
2020010278115,2020,010278115,2,9,0,9,9,8,6,0,0,5,0,0,0,0,2,1,6,6,1,57,9,3430,1,32,BMW 6 SERIES,5,E01000705,0,-1
2020350944174,2020,350944174,1,9,0,4,4,1,2,0,0,0,0,0,0,0,3,1,5,6,1,47,8,2993,2,9,BMW 6 SERIES,10,E01017995,0,-1
2020451005949,2020,451005949,1,9,0,18,19,7,3,0,0,0,0,0,0,0,1,1,6,6,1,35,6,2993,2,5,BMW 6 SERIES,8,E01003897,0,-1
2020320258020,2020,320258020,1,9,0,4,4,7,3,0,0,0,0,12,1,4,1,1,6,6,1,29,6,2993,2,7,BMW 6 SERIES,-1,-1,0,-1
2020010280610,2020,010280610,2,9,0,99,99,9,9,99,99,9,9,99,9,99,9,9,6,6,1,25,5,2993,2,6,BMW 6 SERIES,2,E01000023,0,-1
2020010282758,2020,010282758,1,9,0,13,13,1,5,0,0,0,0,0,7,0,1,1,3,7,1,34,6,4398,1,16,BMW 6 SERIES,2,E01004539,0,-1
2020010234698,2020,010234698,2,9,0,99,99,9,9,99,99,9,9,99,9,99,9,9,6,6,3,-1,-1,2993,2,8,BMW 6 SERIES,4,E01003220,0,-1
2020201000852,2020,201000852,1,9,0,18,19,1,5,0,0,0,0,0,0,0,1,1,6,6,1,31,6,2996,1,14,BMW 6 SERIES,5,E01009654,0,-1
2020302000312,2020,302000312,2,9,0,18,19,6,8,0,0,1,0,0,0,0,4,1,6,6,1,33,6,2993,2,7,BMW 6 SERIES,9,E01033534,0,-1
2020010233386,2020,010233386,2,9,0,4,4,3,7,0,0,8,0,0,0,0,2,1,6,6,1,28,6,2993,2,11,BMW 6 SERIES,3,E01002528,0,-1
2020137BO0877,2020,137BO0877,3,9,0,2,2,6,2,0,0,2,1,0,0,0,2,1,6,6,3,-1,-1,2993,2,8,BMW 6 SERIES,-1,-1,0,-1
2020450929655,2020,450929655,2,9,0,9,9,2,4,0,0,4,0,0,0,0,4,1,5,6,1,39,7,2993,2,6,BMW 6 SERIES,10,E01030448,0,-1
2020450945625,2020,450945625,1,9,0,9,9,7,3,0,0,5,0,0,0,0,3,1,5,6,2,46,8,2996,1,14,BMW 6 SERIES,9,E01030731,0,-1
2020010262357,2020,010262357,1,9,0,18,19,7,3,0,0,0,0,7,0,0,1,1,6,6,3,-1,-1,2996,1,15,BMW 6 SERIES,-1,-1,0,-1
2020122001259,2020,122001259,2,9,0,13,13,1,5,0,0,0,0,0,0,0,1,1,2,2,1,39,7,3000,2,11,BMW 6 SERIES,7,E01027707,0,-1
2020070440191,2020,070440191,2,9,0,16,19,2,6,0,0,0,0,0,0,0,4,1,6,6,1,45,7,2993,2,6,BMW 6 SERIES,10,E01018503,0,-1
2020010260679,2020,010260679,3,9,0,2,2,0,0,0,0,0,0,0,0,0,2,1,6,6,3,-1,-1,4395,1,9,BMW 6 SERIES,-1,-1,0,-1
2020410958994,2020,410958994,1,9,-1,-1,-1,-1,-1,-1,-1,-1,-1,-1,-1,0,-1,1,6,6,2,-1,-1,1995,2,1,BMW 6 SERIES,9,E01017449,0,-1
2020010276721,2020,010276721,1,9,0,18,19,3,7,0,0,2,0,0,0,0,1,1,6,6,1,27,6,2993,2,5,BMW 6 SERIES,7,E01003696,0,-1
2020200929450,2020,200929450,3,9,0,18,19,7,3,0,0,8,0,0,0,0,3,1,6,6,1,34,6,2993,2,7,BMW 6 SERIES,4,E01009276,0,-1
2020990959015,2020,990959015,1,9,0,18,19,1,4,0,0,8,0,0,0,0,1,1,5,6,1,25,5,4398,1,16,BMW 6 SERIES,6,-1,0,-1
2020470936964,2020,470936964,1,9,0,11,11,1,5,0,0,0,2,0,1,4,1,1,6,6,1,47,8,2993,2,6,BMW 6 SERIES,9,E01030823,0,-1
2020500942256,2020,500942256,1,9,0,18,19,7,3,0,0,0,1,10,4,0,3,1,6,6,1,62,9,2996,1,14,BMW 6 SERIES,3,E01001823,0,-1
2020200992277,2020,200992277,1,9,0,5,5,3,5,0,0,6,0,0,0,0,3,1,6,6,1,-1,-1,2993,2,4,BMW 6 SERIES,-1,-1,0,-1
2020430299685,2020,430299685,2,9,0,18,19,8,4,0,0,8,0,0,0,0,1,1,6,6,1,59,9,2996,1,14,BMW 6 SERIES,10,E01017897,0,-1
2020010257205,2020,010257205,1,9,0,18,19,4,8,0,0,1,0,0,0,0,1,1,6,6,1,42,7,2996,1,14,BMW 6 SERIES,8,E01004649,0,-1
2020470982058,2020,470982058,2,9,0,18,19,6,2,0,0,0,0,0,0,0,1,1,5,6,1,42,7,4398,1,15,BMW 6 SERIES,5,E01016990,0,-1
2020420920785,2020,420920785,2,9,0,10,10,1,1,0,0,0,2,0,0,0,3,1,6,6,1,46,8,4799,1,14,BMW 6 SERIES,3,E01021974,0,-1
2020470971521,2020,470971521,2,9,0,18,19,5,1,0,0,0,0,0,0,0,1,1,5,6,2,64,9,2996,1,13,BMW 6 SERIES,8,E01021129,0,-1
2020411024731,2020,411024731,2,9,-1,-1,-1,-1,-1,-1,-1,0,-1,-1,-1,0,-1,1,6,6,1,30,6,3000,2,11,BMW 6 SERIES,9,E01023896,0,-1
2020421008130,2020,421008130,2,9,0,18,19,5,1,0,0,0,0,0,0,0,3,1,6,6,1,31,6,2993,2,8,BMW 6 SERIES,7,E01021985,0,-1
2020010249224,2020,010249224,1,9,0,6,6,4,4,0,0,1,0,0,0,0,0,1,6,6,1,28,6,2993,2,8,BMW 6 SERIES,3,E01000167,0,-1
2020010236565,2020,010236565,2,9,0,18,19,7,3,0,0,0,0,0,0,0,2,1,2,2,1,39,7,2993,2,11,BMW 6 SERIES,3,E01002375,0,-1
2020622000977,2020,622000977,2,9,0,3,3,8,4,0,0,0,0,0,0,0,1,1,2,2,1,42,7,1995,2,1,BMW 6 SERIES,4,W01000754,0,-1
2020010269869,2020,010269869,1,9,0,18,19,1,5,0,0,0,0,4,0,0,1,1,2,2,1,38,7,2993,2,5,BMW 6 SERIES,2,E01003987,0,-1
2020500957432,2020,500957432,1,9,0,18,19,1,5,0,0,0,1,0,1,0,1,1,5,6,1,32,6,2993,2,7,BMW 6 SERIES,-1,-1,0,-1
2020137370230,2020,137370230,1,9,0,16,19,3,5,0,0,1,0,0,7,1,1,1,6,6,1,25,5,2993,2,5,BMW 6 SERIES,3,E01011172,0,-1
202063A036420,2020,63A036420,2,9,0,17,19,3,8,0,0,8,0,0,0,0,4,1,6,6,1,42,7,2993,2,4,BMW 6 SERIES,3,W01000695,0,-1
2020221008214,2020,221008214,1,9,0,4,4,1,5,0,0,1,0,0,0,0,2,1,5,6,1,62,9,2993,2,11,BMW 6 SERIES,4,E01028945,0,-1
2020220972057,2020,220972057,1,9,0,5,5,3,7,0,0,6,0,0,0,0,3,1,1,1,1,75,10,2993,2,4,BMW 6 SERIES,4,E01014052,0,-1
2020460961394,2020,460961394,1,9,0,18,19,7,3,0,0,1,1,0,0,0,3,1,6,6,1,36,7,2993,2,7,BMW 6 SERIES,3,E01016059,0,-1
2020010230240,2020,010230240,3,9,0,18,19,1,5,0,0,0,0,0,0,0,1,1,6,6,1,34,6,2993,2,10,BMW 6 SERIES,2,E01001351,0,-1
2020010263837,2020,010263837,2,9,0,18,19,3,7,0,0,3,0,0,0,0,1,1,6,6,1,33,6,2993,2,2,BMW 6 SERIES,9,E01031113,0,-1
202006L272760,2020,06L272760,1,9,0,16,19,1,4,9,9,0,1,10,1,10,1,1,6,6,1,28,6,2996,1,13,BMW 6 SERIES,-1,-1,0,-1
2020010228155,2020,010228155,1,9,0,99,99,9,9,99,99,1,9,99,9,99,9,9,6,6,3,-1,-1,2993,2,8,BMW 6 SERIES,2,E01000086,0,-1
2020010266189,2020,010266189,1,9,0,99,99,9,9,99,99,9,9,99,9,99,2,9,6,6,1,23,5,2993,2,7,BMW 6 SERIES,5,E01002344,0,-1
2020010286372,2020,010286372,3,9,0,2,2,0,0,0,0,0,0,0,0,0,1,1,6,6,3,-1,-1,4799,1,14,BMW 6 SERIES,-1,-1,0,-1
2020460955993,2020,460955993,5,9,0,18,19,7,3,0,0,0,0,11,0,0,0,1,5,6,1,36,7,2993,2,5,BMW 6 SERIES,9,E01000409,0,-1
2020470995507,2020,470995507,2,9,0,18,19,6,2,0,0,0,0,0,0,0,2,1,2,2,1,32,6,4395,1,9,BMW 6 SERIES,6,E01021206,0,-1
2020141007697,2020,141007697,1,9,0,18,19,6,2,0,0,1,0,0,0,0,1,1,6,6,1,40,7,2993,2,6,BMW 6 SERIES,1,E01007506,0,-1
2020010234084,2020,010234084,2,9,0,-1,-1,-1,-1,0,0,1,0,0,9,0,1,9,6,6,2,-1,-1,2993,2,2,BMW 6 SERIES,7,E01022205,0,-1
2020122000427,2020,122000427,1,5,0,17,19,5,1,0,0,0,1,0,1,0,4,1,6,6,1,54,8,894,1,0,-1,7,E01025417,0,-1
2020522002175,2020,522002175,1,9,0,9,9,1,8,0,0,8,0,0,0,0,3,1,6,6,2,61,9,898,1,3,DACIA LOGAN,6,E01014487,0,-1
2020010240574,2020,010240574,2,9,0,18,19,5,1,0,0,8,0,0,0,0,1,1,6,6,1,24,5,1461,2,6,DACIA LOGAN,8,E01000989,0,-1
202006Q273589,2020,06Q273589,1,9,0,18,19,1,5,0,0,8,0,0,0,0,1,1,6,6,1,47,8,1461,2,1,DACIA LOGAN,8,E01006053,0,-1
2020101009516,2020,101009516,1,9,0,9,9,8,3,0,0,6,0,0,0,0,1,1,6,6,1,48,8,1461,2,5,DACIA LOGAN,2,E01008874,0,-1
2020461004811,2020,461004811,2,9,0,7,7,-1,-1,0,0,0,1,0,0,0,2,1,2,2,2,38,7,1461,2,7,DACIA LOGAN,6,E01024568,0,-1
2020990928117,2020,990928117,1,9,0,18,19,6,2,0,0,0,0,0,0,0,1,1,5,6,1,75,10,998,1,1,DACIA LOGAN,6,-1,0,-1
2020430408332,2020,430408332,2,9,0,18,19,2,7,0,0,1,0,0,0,0,1,1,6,6,2,45,7,1461,2,6,DACIA LOGAN,-1,-1,0,-1
2020201022729,2020,201022729,1,9,0,3,3,-1,-1,0,0,0,0,0,0,0,2,1,6,6,1,22,5,1461,2,4,DACIA LOGAN,1,E01033003,0,-1
2020230985733,2020,230985733,1,9,0,9,9,4,2,0,0,5,0,0,0,0,4,1,5,6,1,31,6,898,1,1,DACIA LOGAN,8,E01025664,0,-1
2020350982804,2020,350982804,2,9,3,10,10,3,7,0,0,5,0,0,0,0,1,1,5,6,1,59,9,1461,2,5,DACIA LOGAN,8,E01026517,0,-1
2020461005753,2020,461005753,1,9,0,4,4,5,1,0,0,0,0,0,0,0,1,1,2,2,1,35,6,1461,2,1,DACIA LOGAN,5,E01024014,0,-1
2020200988009,2020,200988009,3,9,0,9,9,1,7,0,0,5,0,0,0,0,0,1,6,6,1,55,8,898,1,1,DACIA LOGAN,3,E01009884,0,-1
2020552001196,2020,552001196,1,9,0,9,9,7,5,0,0,6,0,0,0,0,1,1,1,1,2,34,6,898,1,3,DACIA LOGAN,5,E01015275,0,-1
2020100988985,2020,100988985,3,9,0,2,2,0,0,0,0,1,0,0,0,0,0,1,5,6,1,54,8,898,1,0,DACIA LOGAN,5,E01027503,0,-1
2020220944588,2020,220944588,2,9,0,18,19,4,8,0,0,8,1,0,0,0,1,1,5,6,1,29,6,1461,2,6,DACIA LOGAN,6,E01028888,0,-1
2020140937712,2020,140937712,1,9,0,3,3,1,5,0,0,0,0,0,0,0,2,1,5,6,2,40,7,898,7,7,DACIA LOGAN,1,E01007507,0,-1
2020990934769,2020,990934769,2,9,0,9,9,7,5,0,0,1,0,0,0,0,4,1,2,2,1,46,8,898,1,6,DACIA LOGAN,4,-1,0,-1
2020530988585,2020,530988585,2,9,0,18,19,1,5,0,0,0,0,0,0,0,2,1,5,6,1,25,5,898,1,3,DACIA LOGAN,5,E01019605,0,-1
2020110990166,2020,110990166,2,9,0,18,19,7,3,0,0,8,0,0,0,0,1,1,6,6,1,57,9,1461,2,3,DACIA LOGAN,4,E01020677,0,-1
2020520001899,2020,520001899,2,9,0,17,19,1,5,0,0,0,0,0,0,0,1,1,6,6,1,66,10,898,1,1,DACIA LOGAN,6,E01015009,0,-1
2020990956345,2020,990956345,2,9,0,18,19,5,1,0,0,0,1,0,0,0,2,1,5,6,1,73,10,898,1,2,DACIA LOGAN,2,-1,0,-1
2020010240042,2020,010240042,1,9,0,18,19,5,1,0,0,8,0,0,0,0,1,1,1,1,1,62,9,1149,1,6,DACIA LOGAN,8,E01023298,0,-1
2020221013628,2020,221013628,1,9,0,18,19,2,6,0,0,8,0,0,0,0,4,1,5,6,2,41,7,898,1,5,DACIA LOGAN,8,E01028937,0,-1
2020421002263,2020,421002263,1,8,0,5,5,8,4,0,0,2,0,0,0,0,0,1,1,1,1,49,8,898,1,5,-1,3,E01030026,0,-1
2020622000836,2020,622000836,3,9,0,2,2,0,0,0,0,0,0,0,0,0,4,1,6,6,3,-1,-1,1461,2,5,DACIA LOGAN,-1,-1,0,-1