collision_index,collision_year,collision_ref_no,vehicle_reference,vehicle_type,towing_and_articulation,vehicle_manoeuvre_historic,vehicle_manoeuvre,vehicle_direction_from,vehicle_direction_to,vehicle_location_restricted_lane_historic,vehicle_location_restricted_lane,junction_location,skidding_and_overturning,hit_object_in_carriageway,vehicle_leaving_carriageway,hit_object_off_carriageway,first_point_of_impact,vehicle_left_hand_drive,journey_purpose_of_driver_historic,journey_purpose_of_driver,sex_of_driver,age_of_driver,age_band_of_driver,engine_capacity_cc,propulsion_code,age_of_vehicle,generic_make_model,driver_imd_decile,lsoa_of_driver,escooter_flag,driver_distance_banding
2020052002350,2020,052002350,1,9,0,6,6,5,5,0,0,0,0,0,0,0,3,1,6,6,1,38,7,1499,2,1,FORD KUGA,1,E01006692,0,-1
2020610003820,2020,610003820,2,9,0,5,5,3,7,0,0,4,0,0,0,0,1,1,2,2,1,57,9,1997,2,11,FORD KUGA,-1,-1,0,-1
2020220974988,2020,220974988,2,9,0,16,19,1,4,0,0,0,0,0,0,0,3,1,5,6,1,39,7,1997,2,9,FORD KUGA,5,E01028928,0,-1
2020010285851,2020,010285851,1,9,0,18,19,3,7,0,0,0,0,0,0,0,1,1,1,1,2,32,6,1498,1,5,FORD KUGA,-1,-1,0,-1
202006XE69179,2020,06XE69179,4,9,0,18,19,2,6,0,0,0,0,0,0,0,1,1,2,2,1,52,8,1997,2,7,FORD KUGA,3,E01005979,0,-1
2020610019620,2020,610019620,1,9,0,4,4,7,3,0,0,0,0,0,0,0,2,1,1,1,1,30,6,1997,2,2,FORD KUGA,4,W01001524,0,-1
2020500915603,2020,500915603,3,9,0,18,19,7,3,0,0,0,0,0,0,0,1,1,5,6,1,39,7,1997,2,4,FORD KUGA,6,W01001534,0,-1
2020990988731,2020,990988731,2,9,0,18,19,6,2,0,0,1,0,0,0,0,1,1,6,6,1,48,8,1995,2,0,FORD KUGA,9,-1,0,-1
2020302001063,2020,302001063,2,9,0,17,19,3,8,0,0,1,0,0,0,0,1,1,6,6,1,34,6,1997,2,7,FORD KUGA,5,E01029462,0,-1
2020010274032,2020,010274032,2,9,0,3,3,5,1,0,0,8,0,0,0,0,1,1,6,6,1,21,5,1997,2,1,FORD KUGA,7,E01001308,0,-1
2020420965995,2020,420965995,1,9,0,9,9,6,4,0,0,1,0,0,0,0,3,1,6,6,1,30,6,1498,1,2,FORD KUGA,6,E01021509,0,-1
2020500988940,2020,500988940,2,9,0,3,3,3,7,0,0,4,0,0,0,0,4,1,5,6,2,36,7,1997,2,3,FORD KUGA,1,E01019056,0,-1
2020010275751,2020,010275751,1,9,0,99,99,9,9,99,99,9,9,99,9,99,2,9,6,6,2,29,6,1997,2,1,FORD KUGA,3,E01002401,0,-1
2020420925807,2020,420925807,2,9,0,7,7,5,6,0,0,1,0,0,0,0,1,1,5,6,2,34,6,1997,2,4,FORD KUGA,5,E01021492,0,-1
2020052002457,2020,052002457,2,9,0,3,3,3,7,0,0,1,0,0,0,0,2,1,6,6,1,73,10,1496,1,0,FORD KUGA,7,E01012401,0,-1
2020070409358,2020,070409358,2,9,0,17,19,2,8,0,0,1,0,0,0,0,3,1,6,6,1,25,5,1997,2,3,FORD KUGA,3,E01005310,0,-1
2020430042738,2020,430042738,1,9,0,9,9,2,8,0,0,6,0,0,0,0,3,1,6,6,2,35,6,1997,2,2,FORD KUGA,1,W01000814,0,-1
2020990989635,2020,990989635,1,9,0,14,14,3,5,0,0,1,0,0,0,0,3,1,5,6,1,23,5,1499,2,1,FORD KUGA,6,-1,0,-1
2020360989693,2020,360989693,2,9,0,4,4,5,1,0,0,0,0,0,0,0,2,1,5,6,2,75,10,1997,2,2,FORD KUGA,9,E01019737,0,-1
2020040999483,2020,040999483,2,9,0,3,3,5,1,0,0,0,0,0,0,0,2,1,3,7,2,35,6,1498,1,2,FORD KUGA,10,E01025316,0,-1
2020010239412,2020,010239412,2,9,0,9,9,3,2,0,0,5,0,0,0,0,2,1,6,6,2,43,7,1997,2,7,FORD KUGA,4,E01000722,0,-1
2020470938137,2020,470938137,1,9,0,18,19,3,7,0,0,0,5,0,0,0,4,1,5,6,1,60,9,1997,2,6,FORD KUGA,9,E01030574,0,-1
2020040987690,2020,040987690,2,9,0,18,19,1,5,0,0,8,0,9,0,0,1,1,2,2,2,49,8,1997,2,4,FORD KUGA,1,E01025493,0,-1
2020302000941,2020,302000941,1,9,0,18,19,2,6,0,0,2,0,0,1,0,4,1,6,6,1,24,5,1498,1,4,FORD KUGA,9,E01019790,0,-1
2020430151990,2020,430151990,1,9,0,18,19,7,3,0,0,8,5,0,1,1,1,1,6,6,2,26,6,1997,2,11,FORD KUGA,5,E01016405,0,-1
2020137BR1368,2020,137BR1368,2,9,0,2,2,0,0,0,0,1,0,0,0,0,3,1,6,6,3,-1,-1,1997,2,9,FORD KUGA,-1,-1,0,-1
202006F178016,2020,06F178016,1,9,0,9,9,6,4,0,0,8,0,0,0,0,4,1,6,6,2,55,8,1997,2,5,FORD KUGA,5,E01005728,0,-1
2020140940840,2020,140940840,3,9,-1,3,3,4,8,0,0,0,0,0,0,0,2,1,6,6,3,-1,-1,1997,2,1,FORD KUGA,-1,-1,0,-1
2020137BU0657,2020,137BU0657,2,9,0,18,19,6,2,0,0,0,0,0,0,0,3,1,6,6,1,40,7,1997,2,5,FORD KUGA,3,E01011834,0,-1
2020100937372,2020,100937372,1,9,0,4,4,7,3,0,0,1,0,0,0,0,1,1,6,6,2,56,9,1997,2,8,FORD KUGA,4,E01008445,0,-1
2020552000511,2020,552000511,2,9,0,18,19,6,2,0,0,4,0,0,0,0,4,1,6,6,2,36,7,1499,2,3,FORD KUGA,5,E01015301,0,-1
2020200978125,2020,200978125,2,9,0,18,19,8,4,0,0,0,0,0,0,0,1,1,1,1,2,57,9,1997,2,11,FORD KUGA,7,E01008949,0,-1
2020470941447,2020,470941447,1,9,0,18,19,2,6,0,0,1,0,0,0,0,1,1,6,6,1,55,8,1997,2,9,FORD KUGA,6,E01031363,0,-1
2020137181281,2020,137181281,1,9,0,5,5,3,7,0,0,6,0,0,0,0,1,1,6,6,2,-1,-1,1997,2,4,FORD KUGA,-1,-1,0,-1
2020370951251,2020,370951251,2,9,0,18,19,5,1,0,0,0,0,0,0,0,3,1,1,1,1,-1,-1,1997,2,1,FORD KUGA,-1,-1,0,-1
2020302001594,2020,302001594,2,9,0,18,19,1,5,0,0,0,0,0,1,4,4,1,6,6,1,48,8,1997,2,6,FORD KUGA,10,E01013574,0,-1
2020010249885,2020,010249885,2,9,0,18,19,5,1,1,1,6,0,0,0,0,1,1,6,6,2,30,6,1498,1,2,FORD KUGA,2,E01000033,0,-1
2020500941582,2020,500941582,2,9,0,17,19,7,2,0,0,0,0,0,0,0,1,1,6,6,2,39,7,1498,1,1,FORD KUGA,8,E01015165,0,-1
2020070557997,2020,070557997,1,9,0,4,4,1,5,0,0,2,0,0,0,0,1,1,6,6,1,64,9,1499,2,1,FORD KUGA,3,E01012369,0,-1
2020140960262,2020,140960262,1,9,0,10,10,2,8,0,0,1,0,0,0,0,2,1,2,2,1,32,6,1997,2,6,FORD KUGA,2,E01007593,0,-1
2020201006832,2020,201006832,5,9,0,18,19,7,3,0,0,0,0,0,0,0,1,1,6,6,1,33,6,1997,2,0,FORD KUGA,9,E01009692,0,-1
2020220927370,2020,220927370,2,9,0,18,19,6,2,0,0,0,0,0,0,0,2,1,5,6,2,37,7,1997,2,4,FORD KUGA,7,E01032249,0,-1
2020010266547,2020,010266547,2,9,0,99,99,9,9,0,0,1,9,0,0,0,1,9,6,6,3,67,10,1498,1,4,FORD KUGA,6,E01003449,0,-1
2020140960646,2020,140960646,2,9,0,18,19,1,6,0,0,4,5,9,1,1,1,1,1,1,1,31,6,1997,2,1,FORD KUGA,3,E01007591,0,-1
2020200991895,2020,200991895,1,9,0,18,19,8,4,0,0,1,0,0,0,0,1,1,6,6,1,-1,-1,1498,1,1,FORD KUGA,-1,-1,0,-1
2020040990008,2020,040990008,1,9,0,16,19,5,7,0,0,0,1,0,4,2,1,1,5,6,1,83,11,1498,1,1,FORD KUGA,9,E01024972,0,-1
2020052001984,2020,052001984,1,9,0,18,19,7,3,0,0,0,0,0,1,6,1,1,6,6,1,21,5,1499,2,1,FORD KUGA,2,E01006667,0,-1
202031B087020,2020,31B087020,1,9,0,18,19,1,5,0,0,1,0,0,0,0,1,1,6,6,1,22,5,1997,2,11,FORD KUGA,1,E01028066,0,-1
2020100969879,2020,100969879,1,9,0,18,19,3,7,0,0,1,0,4,0,0,1,1,6,6,3,-1,-1,1498,1,1,FORD KUGA,-1,-1,0,-1
2020052002536,2020,052002536,1,9,0,16,19,3,7,0,0,5,0,0,0,0,1,1,6,6,1,33,6,1499,2,2,FORD KUGA,1,E01007092,0,-1
2020340N04582,2020,340N04582,1,9,0,18,19,7,3,0,0,8,2,0,7,2,1,1,1,1,1,36,7,1997,2,3,FORD KUGA,8,E01027162,0,-1
2020460965649,2020,460965649,2,9,0,18,19,5,1,0,0,1,0,0,0,0,0,1,1,1,2,-1,-1,1997,2,1,FORD KUGA,3,E01024508,0,-1
2020461013137,2020,461013137,1,9,0,18,19,7,3,0,0,1,1,0,0,0,1,1,5,6,1,61,9,1498,1,2,FORD KUGA,1,E01024580,0,-1
20201378I1128,2020,1378I1128,1,9,0,18,19,7,3,0,0,0,0,0,0,0,1,1,6,6,3,-1,-1,1997,2,8,FORD KUGA,1,E01010874,0,-1
2020460994526,2020,460994526,2,9,0,3,3,7,3,0,0,0,0,0,0,0,1,1,5,6,1,84,11,1997,2,4,FORD KUGA,5,E01024198,0,-1
2020470952926,2020,470952926,1,9,0,13,13,5,1,0,0,0,0,0,0,0,3,1,5,6,1,60,9,1499,2,2,FORD KUGA,5,E01031515,0,-1
2020522101267,2020,522101267,1,9,0,18,19,3,7,0,0,1,0,0,7,2,1,1,6,6,1,61,9,1997,2,2,FORD KUGA,10,E01014761,0,-1
2020160971682,2020,160971682,1,9,0,9,9,5,1,0,0,8,0,0,0,0,3,1,2,2,2,30,6,1997,2,11,FORD KUGA,8,E01012939,0,-1
2020010257792,2020,010257792,1,9,0,18,19,5,1,9,9,1,0,0,0,0,1,1,6,6,3,-1,-1,1499,2,2,FORD KUGA,-1,-1,0,-1
2020160973563,2020,160973563,2,9,0,18,19,8,4,0,0,1,0,0,0,0,1,1,6,6,1,51,8,1997,2,6,FORD KUGA,1,E01012931,0,-1
2020010285956,2020,010285956,1,9,0,99,99,9,9,99,99,9,9,99,9,99,1,9,6,6,2,41,7,1498,1,3,FORD KUGA,5,E01001149,0,-1
2020211011768,2020,211011768,2,9,0,2,2,0,0,0,0,0,0,0,0,0,2,1,6,6,2,29,6,1997,2,3,FORD KUGA,2,E01014234,0,-1
2020010258791,2020,010258791,1,9,0,7,7,5,7,0,0,5,0,0,0,0,9,1,6,6,3,-1,-1,1997,2,11,FORD KUGA,-1,-1,0,-1
2020210996400,2020,210996400,3,9,0,18,19,6,2,0,0,0,0,0,0,0,1,1,2,2,1,49,8,1997,2,5,FORD KUGA,5,E01014369,0,-1
2020991009147,2020,991009147,1,9,0,18,19,1,5,0,0,2,2,0,0,0,1,1,5,6,1,55,8,1997,2,5,FORD KUGA,6,-1,0,-1
2020440477676,2020,440477676,4,9,0,3,3,5,1,0,0,0,0,0,0,0,2,1,6,6,1,51,8,1498,1,1,FORD KUGA,5,E01022832,0,-1
2020450938581,2020,450938581,1,9,0,18,19,7,3,9,9,0,0,0,0,0,1,1,5,6,1,33,6,1498,1,3,FORD KUGA,3,E01030711,0,-1
2020460922883,2020,460922883,2,9,0,3,3,5,1,0,0,0,0,0,0,0,2,1,6,6,2,36,7,1997,2,4,FORD KUGA,3,E01024596,0,-1
2020041000245,2020,041000245,2,9,0,18,19,1,5,0,0,5,0,10,0,0,4,1,5,6,2,41,7,1997,2,5,FORD KUGA,9,E01024994,0,-1
2020010273860,2020,010273860,1,9,0,18,19,7,3,0,0,0,0,10,0,0,3,1,6,6,1,68,10,2488,8,0,FORD KUGA,2,E01001812,0,-1
2020010280657,2020,010280657,2,9,0,18,19,1,5,0,0,6,0,0,0,0,2,1,6,6,1,22,5,1997,2,5,FORD KUGA,8,E01030784,0,-1
2020420950183,2020,420950183,1,9,0,4,4,1,5,0,0,1,0,0,0,0,1,1,6,6,2,27,6,1997,2,7,FORD KUGA,-1,-1,0,-1
2020410949825,2020,410949825,4,9,0,2,2,0,0,9,9,1,0,0,0,0,4,1,6,6,3,-1,-1,1997,2,4,FORD KUGA,-1,-1,0,-1
2020522100649,2020,522100649,1,9,0,3,3,1,5,0,0,0,0,0,0,0,1,1,6,6,1,57,9,1499,2,3,FORD KUGA,2,E01009121,0,-1
2020430017900,2020,430017900,2,9,0,18,19,2,6,0,0,0,0,0,0,0,2,1,6,6,2,34,6,1997,2,10,FORD KUGA,7,E01016239,0,-1
2020500963965,2020,500963965,1,9,0,18,19,3,7,0,0,8,0,0,0,0,0,1,5,6,3,-1,-1,1997,2,1,FORD KUGA,-1,-1,0,-1
2020010283679,2020,010283679,1,9,0,9,9,1,7,0,0,2,0,0,7,0,4,1,6,6,1,53,8,1997,2,7,FORD KUGA,2,E01004231,0,-1
2020622000735,2020,622000735,2,9,0,4,4,8,4,0,0,1,0,0,0,0,1,1,6,6,2,26,6,1499,2,1,FORD KUGA,3,W01000945,0,-1
2020010265323,2020,010265323,1,9,0,99,99,9,9,99,99,9,9,99,9,99,1,9,6,6,1,71,10,1997,2,3,FORD KUGA,1,E01004318,0,-1
2020460931676,2020,460931676,1,9,0,3,3,2,6,0,0,0,0,4,0,0,3,1,6,6,1,61,9,1499,2,1,FORD KUGA,2,E01016161,0,-1
2020052002007,2020,052002007,1,9,0,1,1,2,6,0,0,6,0,0,0,0,2,1,6,6,2,25,5,1499,2,2,FORD KUGA,1,E01006693,0,-1
2020622000231,2020,622000231,3,9,0,4,4,2,6,0,0,0,0,0,0,0,2,1,6,6,1,54,8,1997,2,5,FORD KUGA,9,W01001191,0,-1
2020010229673,2020,010229673,1,9,0,18,19,7,3,0,0,0,0,0,0,0,1,1,6,6,2,65,9,1997,2,10,FORD KUGA,2,E01001081,0,-1
2020140974640,2020,140974640,3,9,0,18,19,1,5,0,0,0,0,0,0,0,3,1,5,6,1,56,9,1997,2,2,FORD KUGA,8,E01027420,0,-1
2020010945564,2020,010945564,1,9,0,18,19,5,1,0,0,0,0,0,0,0,1,1,6,6,3,-1,-1,1997,2,4,FORD KUGA,-1,-1,0,-1
2020420929291,2020,420929291,1,9,0,18,19,1,5,0,0,4,0,0,0,0,1,1,6,6,2,30,6,1997,2,8,FORD KUGA,-1,-1,0,-1
2020460917143,2020,460917143,3,9,0,2,2,1,1,0,0,0,0,0,0,0,1,1,6,6,2,46,8,1997,2,7,FORD KUGA,4,E01016164,0,-1
2020440449860,2020,440449860,2,9,0,18,19,1,5,0,0,8,0,0,0,0,1,1,6,6,1,68,10,1997,2,3,FORD KUGA,7,E01017316,0,-1
2020500977541,2020,500977541,1,9,0,18,19,1,5,0,0,0,0,0,0,0,1,1,5,6,1,65,9,1498,1,1,FORD KUGA,2,E01018774,0,-1
2020220975031,2020,220975031,1,9,0,17,19,6,2,0,0,0,2,0,7,11,1,1,5,6,1,25,5,1997,2,1,FORD KUGA,4,E01028945,0,-1
2020052000732,2020,052000732,1,9,0,7,7,7,1,0,0,8,0,10,0,0,4,1,6,6,1,47,8,1997,2,5,FORD KUGA,2,E01006655,0,-1
2020122001209,2020,122001209,2,9,0,18,19,7,3,0,0,0,0,0,0,0,1,1,2,2,2,23,5,1997,2,2,FORD KUGA,6,E01013021,0,-1
2020140998794,2020,140998794,1,9,0,18,19,7,4,0,0,3,0,0,0,0,4,1,6,6,2,46,8,1997,2,7,FORD KUGA,7,E01007748,0,-1
2020440278298,2020,440278298,2,9,0,18,19,7,3,0,0,8,0,0,1,0,3,1,6,6,1,60,9,1496,1,0,FORD KUGA,10,E01032012,0,-1
2020040967899,2020,040967899,1,9,0,18,19,5,1,0,0,1,0,0,0,0,1,1,5,6,2,29,6,1997,2,12,FORD KUGA,5,E01012706,0,-1
202006M167782,2020,06M167782,1,9,0,6,6,7,3,0,0,0,0,0,0,0,3,1,2,2,2,26,6,1499,2,1,FORD KUGA,4,E01006186,0,-1
2020070020546,2020,070020546,1,9,0,9,9,5,3,0,0,8,0,0,0,0,4,1,2,2,2,47,8,1499,2,2,FORD KUGA,6,E01012491,0,-1
2020471005632,2020,471005632,1,9,0,17,19,1,6,0,0,0,0,0,1,0,0,1,5,6,2,77,11,1997,2,5,FORD KUGA,9,E01021208,0,-1
20201375O1293,2020,1375O1293,1,9,0,18,19,1,5,0,0,0,0,0,0,0,3,1,6,6,2,50,8,1498,1,2,FORD KUGA,2,E01010724,0,-1
2020010281165,2020,010281165,1,9,0,18,19,5,1,0,0,0,0,0,0,0,1,1,3,7,2,30,6,1997,2,7,FORD KUGA,1,E01003517,0,-1
2020420988847,2020,420988847,1,9,0,4,4,7,3,0,0,0,0,0,0,0,1,1,5,6,1,40,7,1997,2,6,FORD KUGA,6,E01015961,0,-1
202006N278825,2020,06N278825,1,9,0,9,9,3,1,0,0,2,0,0,0,0,1,1,1,1,2,35,6,1997,2,5,FORD KUGA,3,E01005039,0,-1
2020100965632,2020,100965632,2,9,0,3,3,1,5,0,0,4,0,0,0,0,0,1,6,6,1,47,8,1499,2,1,FORD KUGA,-1,-1,0,-1
2020420992004,2020,420992004,1,9,0,18,19,2,5,0,0,0,0,0,4,0,1,1,2,2,1,40,7,1997,2,4,FORD KUGA,4,E01030236,0,-1
2020460947472,2020,460947472,1,9,0,18,19,7,3,0,0,0,5,0,0,0,1,1,5,6,1,34,6,1997,2,6,FORD KUGA,1,E01024278,0,-1
2020411003452,2020,411003452,2,9,0,-1,-1,3,7,0,0,0,0,10,0,0,-1,1,5,6,2,30,6,1997,2,6,FORD KUGA,6,E01023762,0,-1
20201373A1728,2020,1373A1728,1,9,0,18,19,3,7,0,0,4,0,0,0,0,1,1,1,1,2,25,5,1997,2,5,FORD KUGA,7,E01011383,0,-1
2020990932716,2020,990932716,1,9,0,18,19,3,7,0,0,1,0,0,0,0,1,1,5,6,1,34,6,1997,2,9,FORD KUGA,-1,-1,0,-1
2020410967143,2020,410967143,1,9,0,18,19,2,6,0,0,0,1,0,0,0,4,1,6,6,2,64,9,1997,2,3,FORD KUGA,4,E01023403,0,-1
202006Q173167,2020,06Q173167,1,9,0,18,19,7,3,0,0,8,0,0,0,0,1,1,1,1,1,30,6,1498,1,0,FORD KUGA,-1,-1,0,-1
2020990923443,2020,990923443,1,9,0,5,5,7,2,0,0,4,0,0,0,0,1,1,2,2,1,24,5,1997,2,5,FORD KUGA,7,-1,0,-1
2020137C21146,2020,137C21146,2,9,0,3,3,6,2,0,0,1,0,0,0,0,2,1,2,2,2,47,8,1997,2,5,FORD KUGA,10,E01010772,0,-1
2020470968531,2020,470968531,1,9,0,4,4,7,3,0,0,0,0,0,0,0,1,1,5,6,1,45,7,1997,2,2,FORD KUGA,5,E01031467,0,-1
2020160958829,2020,160958829,2,9,0,18,19,3,5,0,0,2,0,0,0,0,4,1,5,6,1,48,8,1499,2,3,FORD KUGA,1,E01012862,0,-1
2020622000661,2020,622000661,1,9,0,9,9,2,8,0,0,6,0,0,0,0,1,1,6,6,1,39,7,1997,2,9,FORD KUGA,4,W01001155,0,-1
2020430208753,2020,430208753,2,9,0,18,19,6,2,0,0,8,0,0,0,0,1,1,6,6,2,31,6,1997,2,9,FORD KUGA,9,E01017641,0,-1
2020500929985,2020,500929985,1,9,0,16,19,8,4,0,0,0,5,0,0,0,1,1,6,6,3,33,6,1997,2,9,FORD KUGA,2,E01015194,0,-1
2020010230577,2020,010230577,1,9,5,18,19,5,1,0,0,8,0,0,0,0,3,1,6,6,2,33,6,1997,2,1,FORD KUGA,3,E01000062,0,-1
2020052001430,2020,052001430,2,9,0,8,8,6,7,0,0,1,0,0,0,0,3,1,2,2,1,55,8,1997,2,9,FORD KUGA,3,E01012391,0,-1
2020140925322,2020,140925322,2,9,0,18,19,3,7,0,0,0,0,0,0,0,1,1,5,6,2,40,7,1997,2,6,FORD KUGA,7,E01032902,0,-1
2020140959468,2020,140959468,1,9,0,18,19,4,8,0,0,8,0,0,2,0,1,1,6,6,1,29,6,1997,2,5,FORD KUGA,10,E01007674,0,-1
2020990975913,2020,990975913,2,9,0,18,19,3,7,0,0,0,0,0,0,0,2,1,5,6,1,57,9,1498,1,2,FORD KUGA,3,-1,0,-1
2020332000090,2020,332000090,1,9,0,3,3,8,4,0,0,0,0,0,0,0,2,1,6,6,2,25,5,1997,2,12,FORD KUGA,7,E01025967,0,-1
2020030973868,2020,030973868,1,9,0,18,19,8,4,0,0,1,0,0,0,0,2,1,6,6,2,30,6,1498,1,1,FORD KUGA,6,E01019100,0,-1
2020201019254,2020,201019254,1,9,0,18,19,6,2,0,0,1,0,0,0,0,1,1,6,6,2,50,8,1499,2,2,FORD KUGA,5,E01010026,0,-1
2020010231483,2020,010231483,2,9,0,99,99,9,9,99,99,9,9,99,9,99,9,9,-1,-1,-1,-1,-1,1997,2,6,FORD KUGA,-1,-1,0,-1
2020122100056,2020,122100056,4,9,0,18,19,3,7,0,0,0,0,0,0,0,1,1,6,6,1,78,11,1997,2,5,FORD KUGA,7,E01027904,0,-1
2020430113346,2020,430113346,2,9,0,18,19,3,7,0,0,8,0,0,0,0,3,1,6,6,1,48,8,1997,2,4,FORD KUGA,10,E01017863,0,-1
202063C034620,2020,63C034620,1,9,0,4,4,1,6,0,0,1,0,0,0,0,3,1,6,6,2,61,9,1997,2,2,FORD KUGA,7,W01000565,0,-1
2020622000475,2020,622000475,1,9,0,5,5,5,1,0,0,1,0,0,0,0,1,1,6,6,1,60,9,1499,2,2,FORD KUGA,1,W01001260,0,-1
202006E375306,2020,06E375306,2,9,0,4,4,2,6,0,0,2,0,0,0,0,2,1,1,1,1,64,9,1995,2,0,FORD KUGA,2,E01005008,0,-1
2020010270534,2020,010270534,2,9,9,99,99,9,9,99,99,9,9,99,9,99,9,9,6,6,1,-1,-1,1499,2,1,FORD KUGA,3,E01001844,0,-1
2020622001040,2020,622001040,1,8,0,9,9,1,7,0,0,8,0,0,0,0,2,1,6,6,1,29,6,1997,2,8,-1,8,W01001242,0,-1
2020450925278,2020,450925278,1,9,0,5,5,1,5,0,0,4,0,0,0,0,3,1,2,2,1,49,8,1997,2,6,FORD KUGA,9,E01004115,0,-1
2020990990804,2020,990990804,1,9,0,18,19,7,3,0,0,0,0,0,0,0,1,1,5,6,1,74,10,1997,2,1,FORD KUGA,6,-1,0,-1
20201372O0227,2020,1372O0227,1,9,0,18,19,3,6,0,0,0,1,0,0,6,3,1,6,6,1,19,4,1997,2,2,FORD KUGA,6,E01024949,0,-1
2020201018804,2020,201018804,1,9,0,18,19,6,2,0,0,0,0,4,0,0,1,1,6,6,1,57,9,1997,2,1,FORD KUGA,2,E01010400,0,-1
2020520004270,2020,520004270,1,9,0,18,19,2,6,0,0,2,0,0,0,0,3,1,6,6,1,37,7,1997,2,10,FORD KUGA,4,E01029309,0,-1
2020990990377,2020,990990377,2,9,0,18,19,4,8,0,0,1,0,0,0,0,1,1,2,2,1,41,7,1997,2,5,FORD KUGA,6,-1,0,-1
2020320086818,2020,320086818,1,9,0,16,19,7,3,0,0,0,0,0,7,0,1,1,6,6,2,57,9,1997,2,2,FORD KUGA,5,E01026385,0,-1
2020990937525,2020,990937525,1,9,0,6,6,7,6,0,0,1,0,0,0,0,1,1,6,6,1,46,8,1997,2,3,FORD KUGA,9,-1,0,-1
2020530929875,2020,530929875,2,9,0,3,3,8,4,0,0,1,0,0,0,0,2,1,1,1,2,65,9,1498,1,2,FORD KUGA,6,E01022194,0,-1
2020160969652,2020,160969652,1,9,0,18,19,4,8,0,0,6,0,0,0,0,1,1,6,6,1,-1,-1,1995,2,0,FORD KUGA,8,E01012813,0,-1
2020340K00522,2020,340K00522,1,9,0,7,7,1,5,0,0,5,0,0,0,0,1,1,6,6,1,80,11,1997,2,3,FORD KUGA,8,E01027089,0,-1
2020420990383,2020,420990383,2,9,0,18,19,1,3,0,0,1,0,0,0,0,1,1,6,6,2,24,5,1997,2,3,FORD KUGA,6,E01015866,0,-1
2020470992807,2020,470992807,2,9,0,4,4,4,8,0,0,1,0,0,0,0,3,1,5,6,1,54,8,1499,2,3,FORD KUGA,4,E01031473,0,-1
2020410966987,2020,410966987,3,9,0,10,10,5,1,0,0,1,0,0,0,0,2,1,5,6,1,33,6,1498,1,1,FORD KUGA,3,E01023310,0,-1
2020991006498,2020,991006498,1,9,0,18,19,8,4,0,0,1,5,7,0,0,1,1,5,6,2,49,8,1997,2,5,FORD KUGA,2,-1,0,-1
202031D058220,2020,31D058220,1,9,0,18,19,2,6,0,0,8,1,0,7,0,1,1,1,1,1,50,8,1997,2,3,FORD KUGA,5,E01028189,0,-1
2020990931149,2020,990931149,2,9,0,18,19,5,1,0,0,0,0,0,0,0,1,1,1,1,1,36,7,1997,2,1,FORD KUGA,8,-1,0,-1
2020471008873,2020,471008873,1,9,0,18,19,7,3,0,0,0,1,0,4,0,1,1,5,6,2,38,7,1997,2,6,FORD KUGA,8,E01021174,0,-1
2020040999588,2020,040999588,2,9,0,18,19,5,1,0,0,0,0,0,0,0,1,1,5,6,1,68,10,1499,2,3,FORD KUGA,8,E01025178,0,-1
2020010277306,2020,010277306,2,9,9,99,99,9,9,99,99,9,9,99,9,99,9,9,6,6,1,57,9,1997,2,3,FORD KUGA,9,E01001385,0,-1
2020110984524,2020,110984524,1,9,0,18,19,1,5,0,0,0,0,0,0,0,2,1,6,6,1,53,8,1498,1,2,FORD KUGA,1,E01020807,0,-1
2020010237692,2020,010237692,2,9,0,18,19,1,5,0,0,0,0,0,1,5,2,1,6,6,2,64,9,1498,1,1,FORD KUGA,9,E01002384,0,-1
2020140921353,2020,140921353,1,9,0,18,19,2,6,0,0,0,0,0,0,0,0,1,1,1,1,-1,-1,1997,2,2,FORD KUGA,2,E01007336,0,-1
2020052000977,2020,052000977,1,9,0,18,19,2,6,0,0,0,0,0,0,0,1,1,6,6,2,33,6,1499,2,2,FORD KUGA,2,E01006797,0,-1
2020110968126,2020,110968126,1,9,0,5,5,5,1,0,0,4,0,0,0,0,1,1,6,6,1,47,8,1997,2,12,FORD KUGA,7,E01020714,0,-1
2020500988896,2020,500988896,1,9,0,18,19,2,6,0,0,0,1,4,0,0,1,1,1,1,1,34,6,1997,2,10,FORD KUGA,3,E01019914,0,-1
2020230964203,2020,230964203,2,9,0,18,19,6,2,0,0,1,0,0,0,0,2,1,5,6,2,47,8,1997,2,6,FORD KUGA,10,E01033061,0,-1
2020200931402,2020,200931402,1,9,0,5,5,1,5,0,0,2,0,0,0,0,4,1,1,1,2,53,8,1997,2,7,FORD KUGA,2,E01009257,0,-1
2020200962897,2020,200962897,1,9,0,1,1,2,6,0,0,0,0,0,0,0,2,1,6,6,3,-1,-1,1997,2,5,FORD KUGA,-1,-1,0,-1
2020501000647,2020,501000647,4,9,0,2,2,0,0,0,0,0,0,0,0,0,1,1,6,6,1,51,8,1596,1,7,FORD KUGA,3,E01015167,0,-1
2020990935196,2020,990935196,1,9,0,18,19,2,6,0,0,8,0,0,0,0,1,1,5,6,2,39,7,1499,2,2,FORD KUGA,1,-1,0,-1
2020052002445,2020,052002445,2,9,0,2,2,0,0,0,0,0,0,0,0,0,2,1,6,6,2,58,9,1499,2,3,FORD KUGA,6,E01006941,0,-1