collision_index,collision_year,collision_ref_no,vehicle_reference,vehicle_type,towing_and_articulation,vehicle_manoeuvre_historic,vehicle_manoeuvre,vehicle_direction_from,vehicle_direction_to,vehicle_location_restricted_lane_historic,vehicle_location_restricted_lane,junction_location,skidding_and_overturning,hit_object_in_carriageway,vehicle_leaving_carriageway,hit_object_off_carriageway,first_point_of_impact,vehicle_left_hand_drive,journey_purpose_of_driver_historic,journey_purpose_of_driver,sex_of_driver,age_of_driver,age_band_of_driver,engine_capacity_cc,propulsion_code,age_of_vehicle,generic_make_model,driver_imd_decile,lsoa_of_driver,escooter_flag,driver_distance_banding
2020010233610,2020,010233610,1,9,0,99,99,9,9,99,99,9,9,99,9,99,1,9,6,6,1,40,7,2494,8,3,-1,6,E01000220,0,-1
2020420983369,2020,420983369,4,9,0,4,4,5,1,0,0,0,0,0,0,0,2,1,5,6,1,54,8,2494,8,4,-1,7,E01021662,0,-1
202031D041320,2020,31D041320,1,9,0,9,9,5,4,0,0,6,0,0,0,0,4,1,6,6,1,58,9,2494,8,4,-1,9,E01028180,0,-1
2020010275758,2020,010275758,1,5,0,9,9,5,3,0,0,8,0,0,0,0,0,1,6,6,1,25,5,850,1,46,-1,6,E01002818,0,-1
2020052001941,2020,052001941,1,9,0,5,5,5,1,0,0,1,0,0,0,0,1,1,6,6,2,29,6,1498,2,1,-1,3,E01006652,0,-1
2020440471349,2020,440471349,1,9,0,18,19,4,8,0,0,0,0,0,0,0,1,1,6,6,1,54,8,1498,2,0,-1,9,E01022522,0,-1
2020010263518,2020,010263518,3,9,0,2,2,0,0,0,0,0,0,0,0,0,4,1,6,6,3,-1,-1,1500,2,0,-1,-1,-1,0,-1
2020552000726,2020,552000726,3,9,0,3,3,1,5,0,0,0,0,0,0,0,2,1,6,6,2,71,10,1498,2,1,-1,4,E01020551,0,-1
2020200998033,2020,200998033,1,9,0,18,19,8,4,0,0,4,0,0,0,0,0,1,6,6,1,80,11,1498,2,1,-1,1,E01009128,0,-1
2020100964006,2020,100964006,2,9,0,4,4,3,7,0,0,1,0,0,0,0,3,1,5,6,1,69,10,1500,2,1,-1,3,E01008637,0,-1
2020470983104,2020,470983104,1,9,0,18,19,5,1,0,0,1,0,0,0,0,1,1,5,6,1,54,8,1500,2,0,-1,9,E01031340,0,-1
2020460990024,2020,460990024,1,9,0,5,5,5,1,0,0,0,0,0,0,0,1,1,6,6,2,29,6,1498,2,1,-1,5,E01024010,0,-1
2020332000030,2020,332000030,2,9,0,18,19,4,8,0,0,8,0,0,0,0,1,1,6,6,1,28,6,1299,1,21,-1,-1,-1,0,-1
2020010228978,2020,010228978,1,3,0,18,19,1,5,0,0,1,0,0,0,0,1,1,6,6,1,69,10,278,1,10,-1,9,E01030510,0,-1
2020010283920,2020,010283920,1,5,0,5,5,7,3,4,4,1,1,7,0,0,1,1,1,1,1,40,7,749,1,8,SUZUKI GSR 750,9,E01030947,0,-1
2020010270832,2020,010270832,1,5,0,99,99,9,9,99,99,9,9,99,9,99,9,1,2,2,1,30,6,749,1,8,SUZUKI GSR 750,2,E01000015,0,-1
2020010270214,2020,010270214,1,3,0,4,4,1,5,0,0,2,0,0,0,0,2,1,6,6,2,31,6,749,1,8,-1,6,E01001952,0,-1
2020010239947,2020,010239947,1,5,0,18,19,1,5,0,0,1,0,0,0,0,4,1,6,6,1,33,6,749,1,7,SUZUKI GSR 750,5,E01023542,0,-1
2020010268676,2020,010268676,1,5,0,18,19,7,3,0,0,1,1,0,0,0,2,1,6,6,1,28,6,749,1,9,SUZUKI GSR 750,1,E01004035,0,-1
2020990974268,2020,990974268,1,5,0,17,19,6,2,0,0,0,1,0,1,0,1,1,5,6,1,53,8,749,1,7,SUZUKI GSR 750,6,-1,0,-1
2020420981576,2020,420981576,2,5,0,18,19,6,3,0,0,0,5,0,0,0,1,1,2,2,1,51,8,749,1,8,SUZUKI GSR 750,-1,-1,0,-1
2020211005454,2020,211005454,1,5,-1,14,14,3,7,0,0,1,0,0,0,0,1,1,5,6,1,27,6,749,1,5,SUZUKI GSR 750,6,E01029832,0,-1
2020010256007,2020,010256007,1,5,0,5,5,4,8,0,0,1,2,0,0,0,1,1,6,6,1,34,6,749,1,6,SUZUKI GSR 750,4,E01000588,0,-1
2020340N08612,2020,340N08612,2,5,0,18,19,4,8,0,0,8,0,0,0,0,1,1,2,2,1,31,6,749,1,5,SUZUKI GSR 750,8,E01027183,0,-1
2020140954205,2020,140954205,1,5,0,18,19,3,7,0,0,1,1,0,1,2,4,1,5,6,1,26,6,749,1,6,SUZUKI GSR 750,8,E01007427,0,-1
2020220976029,2020,220976029,1,5,0,18,19,4,8,0,0,0,0,0,0,0,1,1,6,6,2,57,9,749,1,4,SUZUKI GSR 750,4,E01029015,0,-1
2020990952887,2020,990952887,1,5,0,15,15,5,1,0,0,7,2,0,1,0,3,1,6,6,1,26,6,749,1,9,SUZUKI GSR 750,8,-1,0,-1
2020440014311,2020,440014311,2,5,0,18,19,5,1,0,0,0,0,0,0,0,3,1,6,6,1,41,7,749,1,7,SUZUKI GSR 750,5,E01023285,0,-1
2020522000664,2020,522000664,2,5,0,18,19,2,6,0,0,0,0,0,0,0,1,1,6,6,2,24,5,749,1,7,SUZUKI GSR 750,9,E01014441,0,-1
2020070120968,2020,070120968,1,5,0,18,19,7,3,0,0,0,1,0,0,0,1,1,2,2,1,32,6,749,1,7,SUZUKI GSR 750,1,E01012402,0,-1
2020460973896,2020,460973896,1,9,0,5,5,3,4,8,6,0,0,0,0,0,1,1,5,6,1,75,10,1328,1,18,SUZUKI JIMNY,10,E01024325,0,-1
2020552000541,2020,552000541,1,9,0,18,19,4,8,0,0,8,5,0,1,10,1,1,6,6,2,69,10,1328,1,4,SUZUKI JIMNY,6,E01020397,0,-1
2020450922299,2020,450922299,1,9,0,18,19,1,5,0,0,0,0,0,1,7,2,1,2,2,1,63,9,1328,1,11,SUZUKI JIMNY,6,E01030653,0,-1
2020440332988,2020,440332988,2,9,0,18,19,5,1,0,0,1,0,0,0,0,1,1,6,6,2,20,4,1298,1,18,SUZUKI JIMNY,2,E01033237,0,-1
2020460919854,2020,460919854,1,9,0,12,12,1,5,0,0,1,0,0,0,0,3,1,5,6,2,35,6,1328,1,19,SUZUKI JIMNY,5,E01030814,0,-1
2020010283067,2020,010283067,2,9,0,18,19,3,7,0,0,0,0,0,0,0,1,1,6,6,1,35,6,1298,1,22,SUZUKI JIMNY,4,E01004371,0,-1
2020410940590,2020,410940590,1,9,0,17,19,8,4,0,0,1,0,0,0,0,1,1,5,6,1,65,9,1328,1,17,SUZUKI JIMNY,10,E01023852,0,-1
2020461008312,2020,461008312,1,9,0,18,19,3,7,0,0,0,0,0,0,0,0,1,6,6,1,27,6,1328,1,17,SUZUKI JIMNY,4,E01024841,0,-1
2020320143547,2020,320143547,1,9,0,11,11,7,7,0,0,3,0,0,0,0,0,1,6,6,2,23,5,1462,1,0,SUZUKI JIMNY,2,E01026026,0,-1
2020470999268,2020,470999268,2,9,0,18,19,1,5,0,0,1,2,0,1,1,1,1,5,6,2,49,8,1328,1,16,SUZUKI JIMNY,6,E01031392,0,-1
2020420953416,2020,420953416,1,9,0,16,19,7,3,0,0,0,0,0,0,0,1,1,5,6,2,42,7,1328,1,16,SUZUKI JIMNY,6,E01033064,0,-1
2020461005754,2020,461005754,1,9,0,18,19,7,3,0,0,0,0,0,0,0,1,1,1,1,2,-1,-1,1298,1,19,SUZUKI JIMNY,8,E01016028,0,-1
2020010246032,2020,010246032,1,9,0,18,19,1,5,0,0,1,0,0,0,0,2,1,2,2,2,39,7,1328,1,5,SUZUKI JIMNY,9,E01000656,0,-1
2020990998805,2020,990998805,1,9,0,9,9,6,4,0,0,8,0,0,0,0,1,1,5,6,1,84,11,1298,1,20,SUZUKI JIMNY,2,-1,0,-1
2020530952889,2020,530952889,2,9,0,10,10,5,1,0,0,0,0,0,1,0,2,1,6,6,1,21,5,1328,1,15,SUZUKI JIMNY,7,E01022175,0,-1
2020622000783,2020,622000783,1,9,0,4,4,8,2,0,0,4,0,0,0,0,1,1,6,6,2,22,5,1328,1,3,SUZUKI JIMNY,6,E01001917,0,-1
2020161009758,2020,161009758,1,9,0,18,19,4,8,0,0,1,0,0,0,0,1,1,6,6,2,31,6,1328,1,9,SUZUKI JIMNY,-1,-1,0,-1
2020220979722,2020,220979722,2,9,0,9,9,1,8,0,0,6,0,0,0,0,1,1,5,6,1,86,11,1328,1,14,SUZUKI JIMNY,5,E01032193,0,-1
2020450991277,2020,450991277,1,9,0,18,19,7,3,0,0,1,1,0,0,0,1,1,5,6,2,36,7,1328,1,13,SUZUKI JIMNY,3,E01030901,0,-1
2020137131226,2020,137131226,2,9,0,7,7,3,5,0,0,6,0,0,7,0,3,1,6,6,1,25,5,1298,1,19,SUZUKI JIMNY,4,E01011095,0,-1
2020122000373,2020,122000373,2,9,0,18,19,7,3,0,0,8,1,0,0,0,3,1,6,6,2,22,5,1328,1,13,SUZUKI JIMNY,10,E01027715,0,-1
2020460982985,2020,460982985,2,9,0,1,1,3,7,0,0,0,0,0,0,0,3,1,5,6,1,48,8,1328,1,13,SUZUKI JIMNY,1,E01024305,0,-1
2020500921766,2020,500921766,1,9,0,18,19,6,2,0,0,0,0,0,0,0,1,1,6,6,1,80,11,1328,1,14,SUZUKI JIMNY,9,E01019900,0,-1
2020122000989,2020,122000989,1,9,0,18,19,7,3,0,0,0,5,0,1,0,3,1,6,6,2,18,4,1328,1,14,SUZUKI JIMNY,8,E01027650,0,-1
2020610032520,2020,610032520,1,9,0,18,19,8,4,0,0,0,0,0,0,4,1,1,6,6,1,45,7,1298,1,15,SUZUKI JIMNY,4,W01001524,0,-1
2020030964059,2020,030964059,1,9,4,2,2,0,0,0,0,0,0,0,0,0,0,1,6,6,3,-1,-1,1328,1,16,SUZUKI JIMNY,-1,-1,0,-1
2020440482481,2020,440482481,1,9,0,18,19,4,8,0,0,0,1,0,0,10,1,1,3,7,2,45,7,1328,1,13,SUZUKI JIMNY,10,E01023000,0,-1
2020450935026,2020,450935026,1,9,0,18,19,1,5,0,0,0,0,0,0,0,1,1,5,6,2,89,11,1328,1,10,SUZUKI JIMNY,8,E01030730,0,-1
2020530971265,2020,530971265,2,9,0,18,19,8,4,0,0,0,0,0,0,0,1,1,6,6,1,34,6,1328,1,9,SUZUKI JIMNY,7,E01022449,0,-1
2020552100031,2020,552100031,1,9,0,18,19,7,3,0,0,0,2,0,0,0,0,1,2,2,1,51,8,1328,1,9,SUZUKI JIMNY,2,E01029239,0,-1
202063A025020,2020,63A025020,1,9,0,18,19,-1,-1,0,0,0,0,0,0,0,1,1,6,6,1,46,8,1328,1,18,SUZUKI JIMNY,7,W01000675,0,-1
2020552100137,2020,552100137,2,9,0,10,10,8,4,0,0,1,0,0,7,10,2,1,2,2,1,57,9,1328,1,18,SUZUKI JIMNY,6,E01020493,0,-1
2020122100008,2020,122100008,1,9,0,18,19,7,3,0,0,0,2,0,0,0,3,1,6,6,1,19,4,1328,1,12,SUZUKI JIMNY,6,E01027758,0,-1
2020030937794,2020,030937794,1,9,0,9,9,3,7,0,0,1,0,0,0,0,1,1,5,6,2,74,10,1328,1,5,SUZUKI JIMNY,9,E01019373,0,-1
2020302000808,2020,302000808,1,9,0,18,19,4,8,0,0,1,5,0,0,0,3,1,6,6,1,23,5,1328,1,17,SUZUKI JIMNY,8,E01019630,0,-1
202063D040920,2020,63D040920,1,9,0,18,19,3,7,0,0,0,0,0,0,0,1,1,6,6,1,83,11,1328,1,7,SUZUKI JIMNY,8,W01000503,0,-1
2020030954538,2020,030954538,3,9,0,18,19,7,3,0,0,5,0,0,0,0,1,1,6,6,2,40,7,1328,1,12,SUZUKI JIMNY,3,E01019114,0,-1
2020350970259,2020,350970259,2,9,0,6,6,7,3,0,0,0,0,0,0,0,4,1,5,6,2,44,7,1328,1,17,SUZUKI JIMNY,4,E01015622,0,-1
2020990932885,2020,990932885,1,9,0,18,19,3,7,0,0,0,5,0,7,0,1,1,5,6,1,53,8,1328,1,11,SUZUKI JIMNY,7,-1,0,-1
2020140977619,2020,140977619,2,9,0,5,5,7,3,0,0,6,5,0,0,0,3,1,1,1,2,54,8,1328,1,14,SUZUKI JIMNY,1,E01007851,0,-1
2020430117925,2020,430117925,2,9,0,5,5,4,8,0,0,2,0,0,0,0,1,1,6,6,2,-1,-1,1328,1,15,SUZUKI JIMNY,-1,-1,0,-1
2020031006982,2020,031006982,1,9,0,18,19,5,1,0,0,2,0,0,0,0,4,1,5,6,1,74,10,1328,1,4,SUZUKI JIMNY,3,E01019114,0,-1
2020460974040,2020,460974040,1,9,0,9,9,1,5,0,0,6,0,0,0,0,0,1,5,6,1,78,11,1298,1,16,SUZUKI JIMNY,6,E01024472,0,-1
202006G268769,2020,06G268769,3,9,0,3,3,7,3,0,0,0,0,0,0,0,2,1,6,6,2,30,6,1328,1,12,SUZUKI JIMNY,-1,-1,0,-1
2020520101151,2020,520101151,1,9,0,18,19,5,1,0,0,0,5,6,0,0,3,1,6,6,1,61,9,1328,1,14,SUZUKI JIMNY,10,E01014381,0,-1
2020520004195,2020,520004195,2,9,0,18,19,6,2,0,0,8,0,0,0,0,1,1,6,6,1,30,6,1328,1,18,SUZUKI JIMNY,10,E01014761,0,-1
2020320665820,2020,320665820,1,9,0,18,19,7,3,0,0,0,2,0,1,4,1,1,6,6,2,59,9,1328,1,15,SUZUKI JIMNY,-1,-1,0,-1
2020500927746,2020,500927746,1,9,0,9,9,5,3,0,0,1,0,0,0,0,1,1,6,6,2,55,8,1328,1,15,SUZUKI JIMNY,5,E01020157,0,-1
2020990968586,2020,990968586,1,9,0,18,19,1,5,0,0,1,0,0,0,0,1,1,5,6,1,22,5,1328,1,18,SUZUKI JIMNY,4,-1,0,-1
2020430158837,2020,430158837,1,9,0,5,5,5,3,0,0,2,0,0,0,0,3,1,6,6,1,36,7,1328,1,12,SUZUKI JIMNY,5,E01028588,0,-1
2020500961124,2020,500961124,2,9,0,3,3,4,8,0,0,0,0,0,0,0,2,1,5,6,1,43,7,1298,1,20,SUZUKI JIMNY,5,E01032295,0,-1
2020460953662,2020,460953662,1,9,0,11,11,5,8,0,0,8,0,0,0,0,4,1,5,6,1,71,10,1328,1,16,SUZUKI JIMNY,4,E01002704,0,-1
2020040990634,2020,040990634,2,9,0,18,19,7,3,0,0,2,0,0,0,0,4,1,2,2,2,62,9,1328,1,6,SUZUKI JIMNY,5,E01024954,0,-1
2020460979664,2020,460979664,1,9,0,9,9,3,1,0,0,2,5,10,0,0,4,1,6,6,1,25,5,1328,1,16,SUZUKI JIMNY,7,E01024273,0,-1
2020221008166,2020,221008166,1,9,0,18,19,7,3,0,0,8,0,0,0,0,1,1,5,6,2,59,9,1328,1,13,SUZUKI JIMNY,5,E01032214,0,-1
2020500964418,2020,500964418,1,9,0,18,19,5,1,0,0,0,0,0,7,4,1,1,5,6,1,75,10,1328,1,3,SUZUKI JIMNY,4,E01018773,0,-1
2020302000676,2020,302000676,2,9,5,16,19,8,4,0,0,0,0,0,0,0,2,1,1,1,1,21,5,1298,1,15,SUZUKI JIMNY,7,E01019736,0,-1
2020522000807,2020,522000807,2,9,0,18,19,1,5,0,0,0,0,0,0,0,1,1,6,6,2,20,4,1328,1,14,SUZUKI JIMNY,2,E01006763,0,-1
2020520101198,2020,520101198,1,9,0,18,19,2,6,0,0,0,5,0,0,0,1,1,6,6,1,18,4,1328,1,17,SUZUKI JIMNY,7,E01029056,0,-1
2020440181884,2020,440181884,1,9,0,18,19,7,3,0,0,8,0,0,3,0,1,1,6,6,1,79,11,1328,1,13,SUZUKI JIMNY,6,E01017298,0,-1
2020430242509,2020,430242509,1,9,0,18,19,8,4,0,0,0,5,4,0,0,1,1,6,6,1,76,11,1328,1,14,SUZUKI JIMNY,8,E01028767,0,-1
2020500964586,2020,500964586,3,9,0,2,2,0,0,0,0,0,1,0,0,0,2,1,6,6,1,51,8,1328,1,10,SUZUKI JIMNY,4,E01020284,0,-1
2020200933174,2020,200933174,1,9,0,18,19,-1,-1,0,0,0,0,0,0,0,3,1,6,6,1,40,7,1995,2,12,TOYOTA AVENSIS,1,E01009477,0,-1
202006A378162,2020,06A378162,2,9,0,18,19,7,3,0,0,8,0,0,0,0,4,1,6,6,1,58,9,1598,2,4,TOYOTA AVENSIS,6,E01005176,0,-1
2020450958585,2020,450958585,2,9,0,3,3,0,0,0,0,0,0,0,0,0,3,1,5,6,1,30,6,1995,2,8,TOYOTA AVENSIS,-1,-1,0,-1
2020200997613,2020,200997613,1,9,0,5,5,6,2,0,0,0,0,0,0,0,4,1,6,6,1,25,5,1798,1,9,TOYOTA AVENSIS,2,E01009942,0,-1
2020340N09382,2020,340N09382,1,9,0,9,9,1,7,0,0,0,0,0,0,0,1,1,6,6,1,-1,-1,1995,2,4,TOYOTA AVENSIS,4,E01027252,0,-1
2020990933500,2020,990933500,1,9,0,18,19,1,5,0,0,0,0,0,7,7,1,1,5,6,1,75,10,2231,2,15,TOYOTA AVENSIS,5,-1,0,-1
202063A002620,2020,63A002620,1,9,0,18,19,6,2,0,0,0,2,0,7,10,1,1,6,6,1,84,11,1794,1,17,TOYOTA AVENSIS,7,W01000664,0,-1
2020460954333,2020,460954333,1,9,0,18,19,6,3,0,0,0,0,0,0,0,4,1,2,2,1,41,7,2231,2,12,TOYOTA AVENSIS,3,E01024713,0,-1
2020411004633,2020,411004633,1,9,0,18,19,1,5,0,0,8,0,0,0,0,3,1,2,2,1,64,9,1794,1,14,TOYOTA AVENSIS,4,E01023401,0,-1
2020010251402,2020,010251402,1,9,0,99,99,9,9,99,99,9,9,99,9,99,9,9,6,6,2,46,8,1798,1,10,TOYOTA AVENSIS,9,E01000829,0,-1
202006E177079,2020,06E177079,1,8,0,7,7,4,6,0,0,1,0,0,0,0,2,1,1,1,1,63,9,1598,2,4,TOYOTA AVENSIS,10,E01005849,0,-1
2020010261761,2020,010261761,1,9,0,4,4,3,7,0,0,0,0,4,0,0,3,1,6,6,1,33,6,1998,1,18,TOYOTA AVENSIS,3,E01001728,0,-1
2020010229587,2020,010229587,1,9,0,18,19,3,7,0,0,1,0,0,0,0,4,1,6,6,1,48,8,1794,1,15,TOYOTA AVENSIS,4,E01023870,0,-1
2020440035583,2020,440035583,1,9,0,18,19,1,5,0,0,0,0,0,0,0,1,1,2,2,1,53,8,2362,1,15,TOYOTA AVENSIS,7,E01022945,0,-1
2020220943977,2020,220943977,1,8,0,1,1,7,3,0,0,6,0,0,0,0,2,1,1,1,1,49,8,1995,2,5,TOYOTA AVENSIS,4,E01013986,0,-1
2020010274364,2020,010274364,2,9,0,99,99,9,9,99,99,9,9,99,9,99,9,9,6,6,3,-1,-1,1995,2,17,TOYOTA AVENSIS,8,E01002925,0,-1
2020450996809,2020,450996809,1,9,0,18,19,5,1,0,0,8,0,0,0,0,4,1,5,6,1,87,11,1798,1,8,TOYOTA AVENSIS,7,E01030943,0,-1
2020410933877,2020,410933877,1,9,0,16,19,8,2,0,0,1,5,10,0,0,1,1,5,6,1,66,10,1995,2,12,TOYOTA AVENSIS,4,E01004715,0,-1
2020052000358,2020,052000358,2,8,0,2,2,0,0,0,0,0,0,0,0,0,3,1,3,7,1,54,8,2231,2,14,TOYOTA AVENSIS,-1,-1,0,-1
2020200946310,2020,200946310,5,9,0,2,2,0,0,0,0,1,0,0,0,0,2,1,6,6,1,-1,-1,1794,7,15,TOYOTA AVENSIS,-1,-1,0,-1
2020440483329,2020,440483329,1,9,0,9,9,6,4,0,0,5,0,0,0,0,4,1,2,2,1,55,8,1995,2,7,TOYOTA AVENSIS,2,E01017186,0,-1
2020522100377,2020,522100377,1,9,0,18,19,2,6,0,0,0,0,0,1,0,1,1,6,6,1,75,10,1794,1,15,TOYOTA AVENSIS,5,E01014820,0,-1
2020461008238,2020,461008238,1,9,0,9,9,7,3,0,0,1,0,0,0,0,3,1,1,1,1,27,6,1995,2,6,TOYOTA AVENSIS,4,E01016129,0,-1
2020450964897,2020,450964897,1,9,0,18,19,4,7,0,0,4,1,9,7,2,1,1,6,6,1,36,7,1794,1,18,TOYOTA AVENSIS,5,E01030984,0,-1
2020471008439,2020,471008439,3,9,0,18,19,3,7,0,0,0,1,0,0,0,1,1,5,6,1,64,9,1995,2,8,TOYOTA AVENSIS,3,E01002554,0,-1
2020420972985,2020,420972985,1,9,0,3,3,7,3,9,9,6,0,0,0,0,3,1,6,6,1,45,7,1794,1,18,TOYOTA AVENSIS,-1,-1,0,-1
2020460925545,2020,460925545,2,9,0,3,3,2,6,0,0,1,0,0,0,0,2,1,6,6,1,56,9,1794,1,14,TOYOTA AVENSIS,3,E01016154,0,-1
202006F267601,2020,06F267601,1,9,0,18,19,2,6,0,0,1,0,0,0,0,1,1,1,1,1,34,6,1995,2,8,TOYOTA AVENSIS,1,E01005166,0,-1
2020211023847,2020,211023847,1,9,0,1,1,4,6,0,0,0,0,0,0,0,2,1,6,6,1,46,8,1995,2,13,TOYOTA AVENSIS,2,E01014262,0,-1
202031D014020,2020,31D014020,2,9,0,18,19,8,4,0,0,8,0,0,0,0,1,1,1,1,2,55,8,1995,2,19,TOYOTA AVENSIS,1,E01013877,0,-1
2020990962113,2020,990962113,2,9,0,3,3,1,4,0,0,0,0,0,0,0,2,1,6,6,1,43,7,1798,1,10,TOYOTA AVENSIS,3,-1,0,-1
2020010267017,2020,010267017,1,9,0,2,2,0,0,0,0,1,0,0,0,0,3,1,6,6,3,-1,-1,2231,2,10,TOYOTA AVENSIS,-1,-1,0,-1
20201376L1870,2020,1376L1870,1,9,0,18,19,4,8,0,0,0,0,0,0,0,1,1,6,6,1,27,6,1794,1,12,TOYOTA AVENSIS,2,E01011079,0,-1
2020010240231,2020,010240231,1,8,0,18,19,1,5,0,0,9,0,0,0,0,3,1,6,6,1,61,9,1995,2,10,TOYOTA AVENSIS,1,E01015732,0,-1
2020140924774,2020,140924774,1,8,0,9,9,6,3,0,0,2,0,0,0,0,1,1,6,6,1,51,8,1995,2,13,TOYOTA AVENSIS,2,E01007531,0,-1
2020010264981,2020,010264981,2,9,0,99,99,9,9,99,99,0,9,99,9,99,1,9,6,6,3,-1,-1,1798,1,6,TOYOTA AVENSIS,5,E01000982,0,-1
2020040995971,2020,040995971,2,9,0,18,19,3,7,0,0,1,0,0,0,0,3,1,1,1,1,53,8,1995,2,7,TOYOTA AVENSIS,1,E01024856,0,-1
2020010285497,2020,010285497,2,9,0,17,19,5,1,0,0,1,0,0,0,0,1,1,6,6,1,57,9,2231,2,12,TOYOTA AVENSIS,1,E01001145,0,-1
2020530931221,2020,530931221,1,8,0,18,19,5,1,0,0,1,0,0,0,0,1,1,1,1,1,35,6,1998,2,6,TOYOTA AVENSIS,3,E01022124,0,-1
202006Q179004,2020,06Q179004,2,8,0,3,3,6,2,0,0,0,0,0,0,0,2,1,1,1,1,60,9,1995,2,6,TOYOTA AVENSIS,4,E01005451,0,-1
2020040920454,2020,040920454,2,9,0,18,19,3,7,0,0,8,0,0,0,0,4,1,5,6,2,31,6,1998,2,10,TOYOTA AVENSIS,1,E01024940,0,-1
2020340K01122,2020,340K01122,2,9,0,18,19,3,7,0,0,3,0,0,8,0,4,1,3,7,1,39,7,2231,2,9,TOYOTA AVENSIS,3,E01027081,0,-1
2020010275962,2020,010275962,1,9,0,99,99,9,9,99,99,9,9,99,9,99,9,9,6,6,1,52,8,1798,1,10,TOYOTA AVENSIS,2,E01001654,0,-1
2020302001719,2020,302001719,1,9,0,9,9,1,7,0,0,5,0,0,0,0,1,1,6,6,1,54,8,1995,2,9,TOYOTA AVENSIS,4,E01019550,0,-1
2020522000425,2020,522000425,1,9,0,10,10,7,2,0,0,8,0,0,0,0,2,1,6,6,2,40,7,1995,2,17,TOYOTA AVENSIS,7,E01014763,0,-1
2020460921472,2020,460921472,3,9,0,18,19,5,1,0,0,1,0,0,0,0,3,1,5,6,1,89,11,1794,1,17,TOYOTA AVENSIS,8,E01024057,0,-1
202006E473785,2020,06E473785,2,9,0,16,19,4,7,0,0,0,1,0,0,0,3,1,1,1,1,38,7,1995,2,9,TOYOTA AVENSIS,1,E01005086,0,-1
2020210979989,2020,210979989,1,8,0,5,5,8,4,0,0,0,0,0,0,0,0,1,1,1,1,40,7,2231,2,11,TOYOTA AVENSIS,1,E01014306,0,-1
2020070130409,2020,070130409,1,9,0,4,4,6,2,0,0,0,0,0,0,0,1,2,2,2,1,40,7,1995,2,9,TOYOTA AVENSIS,6,E01018610,0,-1
2020140958838,2020,140958838,1,9,0,18,19,1,5,0,0,0,0,0,0,0,1,1,1,1,1,40,7,1995,2,8,TOYOTA AVENSIS,2,E01007651,0,-1
2020302000045,2020,302000045,1,9,0,16,19,3,7,0,0,0,0,0,7,0,1,1,6,6,1,53,8,1995,2,9,TOYOTA AVENSIS,6,E01019866,0,-1
2020070514337,2020,070514337,2,9,0,4,4,6,2,0,0,0,0,0,0,0,2,1,6,6,1,33,6,1998,1,18,TOYOTA AVENSIS,-1,-1,0,-1
2020420970108,2020,420970108,3,9,0,4,4,3,7,0,0,0,0,0,0,0,2,1,5,6,1,28,6,2231,2,14,TOYOTA AVENSIS,10,E01021366,0,-1
2020200935800,2020,200935800,2,9,0,10,10,3,8,0,0,8,0,0,0,0,2,1,6,6,1,41,7,1798,1,4,TOYOTA AVENSIS,4,E01009241,0,-1
2020010255020,2020,010255020,2,9,0,18,19,7,3,0,0,0,0,1,0,0,1,1,6,6,1,48,8,2231,2,14,TOYOTA AVENSIS,-1,-1,0,-1
2020010239985,2020,010239985,2,9,0,99,99,9,9,99,99,9,9,99,9,99,9,9,6,6,3,68,10,1986,1,11,TOYOTA AVENSIS,-1,-1,0,-1
2020440483277,2020,440483277,1,9,0,13,13,8,4,0,0,0,0,0,0,0,4,1,6,6,1,58,9,1998,2,13,TOYOTA AVENSIS,10,E01022605,0,-1
2020010279278,2020,010279278,2,9,0,99,99,9,9,99,99,9,9,99,9,99,1,9,6,6,3,28,6,1794,1,16,TOYOTA AVENSIS,3,E01001825,0,-1
2020430322850,2020,430322850,2,9,0,8,8,8,2,0,0,5,0,0,0,0,2,1,6,6,2,40,7,1998,2,11,TOYOTA AVENSIS,2,E01017665,0,-1
20201379E1240,2020,1379E1240,1,9,0,9,9,7,5,0,0,8,0,0,0,0,3,1,6,6,1,57,9,1995,2,9,TOYOTA AVENSIS,9,E01010764,0,-1
2020010261922,2020,010261922,2,9,0,99,99,9,9,99,99,9,9,99,9,99,1,9,6,6,1,51,8,1794,1,14,TOYOTA AVENSIS,5,E01002488,0,-1
2020010228644,2020,010228644,1,9,0,18,19,6,2,0,0,1,0,0,0,0,1,1,6,6,1,45,7,1995,2,9,TOYOTA AVENSIS,1,E01001787,0,-1
2020010263467,2020,010263467,2,9,9,99,99,9,9,0,0,1,0,0,0,0,1,9,6,6,3,-1,-1,1794,1,19,TOYOTA AVENSIS,-1,-1,0,-1
2020010248834,2020,010248834,2,9,0,5,5,3,7,0,0,7,0,0,0,0,2,1,6,6,1,28,6,1794,1,14,TOYOTA AVENSIS,3,E01002527,0,-1
2020470950054,2020,470950054,1,9,0,18,19,8,4,0,0,6,0,0,1,0,4,1,5,6,1,83,11,1794,1,12,TOYOTA AVENSIS,10,E01031654,0,-1
2020201004608,2020,201004608,1,9,0,17,19,3,8,0,0,8,0,0,0,0,3,1,1,1,1,49,8,1598,2,2,TOYOTA AVENSIS,2,E01010508,0,-1
2020140957806,2020,140957806,1,9,0,18,19,8,5,0,0,2,0,0,3,0,1,2,6,6,3,50,8,1794,1,15,TOYOTA AVENSIS,-1,-1,0,-1
2020440032218,2020,440032218,2,9,0,4,4,8,4,0,0,1,0,0,0,0,2,1,1,1,1,48,8,1995,2,4,TOYOTA AVENSIS,3,E01022739,0,-1