collision_index,collision_year,collision_ref_no,vehicle_reference,vehicle_type,towing_and_articulation,vehicle_manoeuvre_historic,vehicle_manoeuvre,vehicle_direction_from,vehicle_direction_to,vehicle_location_restricted_lane_historic,vehicle_location_restricted_lane,junction_location,skidding_and_overturning,hit_object_in_carriageway,vehicle_leaving_carriageway,hit_object_off_carriageway,first_point_of_impact,vehicle_left_hand_drive,journey_purpose_of_driver_historic,journey_purpose_of_driver,sex_of_driver,age_of_driver,age_band_of_driver,engine_capacity_cc,propulsion_code,age_of_vehicle,generic_make_model,driver_imd_decile,lsoa_of_driver,escooter_flag,driver_distance_banding
202006Q274597,2020,06Q274597,2,8,0,18,19,8,4,0,0,3,0,0,0,0,4,1,1,1,1,43,7,1995,2,4,TOYOTA AVENSIS,-1,-1,0,-1
202006P375654,2020,06P375654,1,8,0,7,7,5,8,0,0,2,0,11,0,0,1,1,6,6,1,64,9,1794,1,13,TOYOTA AVENSIS,1,E01033258,0,-1
2020200948768,2020,200948768,2,8,0,3,3,6,2,0,0,0,0,0,0,0,2,1,6,6,1,41,7,1998,2,9,TOYOTA AVENSIS,1,E01033628,0,-1
2020450974289,2020,450974289,1,9,0,18,19,5,1,0,0,0,0,0,0,0,1,1,2,2,1,47,8,1794,1,16,TOYOTA AVENSIS,8,E01023890,0,-1
2020040985098,2020,040985098,2,9,0,18,19,1,5,0,0,0,0,0,0,0,1,1,6,6,1,-1,-1,1998,2,11,TOYOTA AVENSIS,5,E01025212,0,-1
2020200946508,2020,200946508,1,9,0,3,3,6,2,0,0,1,0,0,0,0,2,1,6,6,1,33,6,1998,2,13,TOYOTA AVENSIS,2,E01009383,0,-1
2020137140050,2020,137140050,1,8,0,9,9,4,8,0,0,6,0,0,0,0,3,1,1,1,1,47,8,1798,1,10,TOYOTA AVENSIS,1,E01010811,0,-1
2020200989401,2020,200989401,2,8,0,7,7,6,8,0,0,6,0,0,0,0,1,1,6,6,1,34,6,1598,2,2,TOYOTA AVENSIS,6,E01008934,0,-1
2020040970849,2020,040970849,2,9,0,18,19,1,5,0,0,1,0,0,7,0,4,1,5,6,1,59,9,1798,1,10,TOYOTA AVENSIS,10,E01025352,0,-1
2020010233486,2020,010233486,1,9,0,4,4,1,5,0,0,1,0,10,1,10,3,1,6,6,1,56,9,1998,1,22,TOYOTA AVENSIS,1,E01004035,0,-1
2020302000666,2020,302000666,2,9,0,18,19,6,2,0,0,0,0,0,0,0,1,1,1,1,1,53,8,1995,2,6,TOYOTA AVENSIS,1,E01013590,0,-1
2020040930037,2020,040930037,1,9,0,18,19,5,1,0,0,0,0,0,0,0,4,1,1,1,1,58,9,1995,2,10,TOYOTA AVENSIS,1,E01025084,0,-1
2020302000489,2020,302000489,1,9,0,5,5,5,2,0,0,1,0,0,0,0,4,1,6,6,1,69,10,2231,2,10,TOYOTA AVENSIS,8,E01019616,0,-1
2020010282703,2020,010282703,1,9,0,5,5,1,5,0,0,8,0,99,0,0,3,1,6,6,1,-1,-1,2231,2,8,TOYOTA AVENSIS,6,E01001342,0,-1
2020302000862,2020,302000862,1,8,0,5,5,2,4,0,0,2,0,0,0,0,1,1,6,6,1,59,9,2231,2,13,TOYOTA AVENSIS,4,E01013459,0,-1
2020010240295,2020,010240295,1,9,0,99,99,9,9,99,99,9,9,99,9,99,1,9,6,6,3,-1,-1,1995,2,16,TOYOTA AVENSIS,-1,-1,0,-1
2020010261189,2020,010261189,1,9,0,9,9,5,3,0,0,6,0,0,0,0,3,1,6,6,3,-1,-1,1794,1,14,TOYOTA AVENSIS,-1,-1,0,-1
202006Q267949,2020,06Q267949,2,8,0,9,9,7,5,0,0,6,0,0,0,0,3,1,1,1,1,42,7,1998,2,11,TOYOTA AVENSIS,1,E01005349,0,-1
2020137AG0931,2020,137AG0931,2,8,0,2,2,4,8,0,0,0,0,0,1,0,2,1,1,1,1,49,8,1798,7,10,TOYOTA AVENSIS,-1,-1,0,-1
2020010233625,2020,010233625,1,9,0,18,19,1,5,0,0,8,0,7,0,0,1,1,6,6,1,37,7,1794,1,14,TOYOTA AVENSIS,2,E01015573,0,-1
2020010264817,2020,010264817,1,9,0,99,99,9,9,99,99,9,9,99,9,99,1,9,6,6,2,33,6,1995,2,13,TOYOTA AVENSIS,4,E01004177,0,-1
2020137CN1057,2020,137CN1057,2,8,0,7,7,3,7,0,0,8,0,0,0,0,2,1,1,1,1,43,7,1995,2,8,TOYOTA AVENSIS,5,E01011924,0,-1
2020010269186,2020,010269186,3,8,0,2,2,0,0,0,0,0,0,0,0,0,3,1,6,6,3,-1,-1,1798,1,8,TOYOTA AVENSIS,-1,-1,0,-1
2020220993819,2020,220993819,2,9,0,18,19,6,2,0,0,0,0,0,0,0,1,1,5,6,1,46,8,1998,2,5,TOYOTA AVENSIS,6,E01009069,0,-1
2020990925686,2020,990925686,1,9,0,18,19,4,8,0,0,0,0,0,0,0,1,1,5,6,2,39,7,1794,1,15,TOYOTA AVENSIS,10,-1,0,-1
2020160934801,2020,160934801,1,9,0,18,19,7,3,0,0,4,0,0,0,0,1,1,2,2,1,44,7,1995,2,15,TOYOTA AVENSIS,1,E01013083,0,-1
2020450977073,2020,450977073,1,9,0,2,2,3,7,9,9,0,0,0,0,0,2,1,2,2,1,59,9,1598,2,4,TOYOTA AVENSIS,9,E01030932,0,-1
202031C108320,2020,31C108320,2,8,0,18,19,8,4,0,0,1,0,4,0,0,1,1,2,2,1,38,7,1998,2,12,TOYOTA AVENSIS,6,E01028374,0,-1
2020430260560,2020,430260560,1,9,0,16,19,3,7,0,0,0,0,0,0,0,1,1,6,6,2,51,8,2231,2,11,TOYOTA AVENSIS,10,E01028613,0,-1
2020302000809,2020,302000809,2,9,0,2,2,0,0,0,0,0,0,0,0,0,2,1,6,6,1,64,9,1794,1,13,TOYOTA AVENSIS,8,E01019874,0,-1
202031C098220,2020,31C098220,2,9,0,18,19,4,1,0,0,8,0,0,0,0,1,1,1,1,1,-1,-1,1995,2,10,TOYOTA AVENSIS,-1,-1,0,-1
202006Q174673,2020,06Q174673,1,8,0,9,9,2,8,0,0,6,0,0,0,0,4,1,6,6,1,56,9,1995,2,7,TOYOTA AVENSIS,2,E01005951,0,-1
2020140971690,2020,140971690,1,8,0,16,19,1,1,0,0,3,0,0,0,0,1,1,1,1,1,53,8,1794,1,12,TOYOTA AVENSIS,7,E01007604,0,-1
2020010247579,2020,010247579,1,9,0,18,19,3,7,0,0,0,5,4,0,0,1,1,6,6,1,-1,-1,1794,1,13,TOYOTA AVENSIS,2,E01004403,0,-1
2020211009289,2020,211009289,1,9,-1,-1,-1,6,2,-1,-1,-1,-1,-1,-1,0,-1,1,6,6,1,40,7,1995,2,8,TOYOTA AVENSIS,1,E01014307,0,-1
2020040932996,2020,040932996,2,9,0,4,4,3,7,0,0,1,0,0,0,0,2,1,1,1,1,31,6,1995,2,13,TOYOTA AVENSIS,1,E01012622,0,-1
2020040978221,2020,040978221,1,9,0,9,9,1,5,0,0,1,0,0,0,0,3,1,6,6,1,44,7,1998,2,10,TOYOTA AVENSIS,1,E01024925,0,-1
2020201005092,2020,201005092,1,9,0,9,9,5,3,0,0,1,0,0,0,0,4,1,1,1,1,39,7,1995,2,4,TOYOTA AVENSIS,2,E01009754,0,-1
2020401010547,2020,401010547,1,9,0,10,10,5,2,0,0,1,0,0,0,0,1,1,6,6,2,38,7,2231,2,12,TOYOTA AVENSIS,2,E01017472,0,-1
2020302000294,2020,302000294,1,8,0,5,5,5,1,0,0,2,0,0,0,0,1,1,1,1,1,42,7,1998,2,6,TOYOTA AVENSIS,9,E01013544,0,-1
2020041000361,2020,041000361,1,9,0,18,19,5,1,0,0,0,1,0,2,7,1,1,5,6,2,28,6,1794,1,15,TOYOTA AVENSIS,10,E01004844,0,-1
2020010232865,2020,010232865,1,9,0,18,19,7,3,0,0,8,0,0,0,0,1,1,1,1,1,61,9,1798,1,6,TOYOTA AVENSIS,2,E01033341,0,-1
202006Q170079,2020,06Q170079,1,9,0,3,3,6,2,0,0,1,0,0,0,0,2,1,6,6,2,40,7,1794,1,16,TOYOTA AVENSIS,4,E01005462,0,-1
2020122000358,2020,122000358,1,9,0,18,19,5,8,0,0,1,1,0,0,0,1,1,6,6,1,81,11,1995,2,8,TOYOTA AVENSIS,5,E01020723,0,-1
2020200967590,2020,200967590,3,9,0,18,19,1,5,0,0,0,0,0,0,0,4,1,6,6,1,-1,-1,1798,7,11,TOYOTA AVENSIS,4,E01009423,0,-1
2020161001794,2020,161001794,1,9,0,18,19,7,3,0,0,0,0,0,0,0,1,1,6,6,1,54,8,1995,2,13,TOYOTA AVENSIS,6,E01013334,0,-1
2020622001101,2020,622001101,1,9,0,5,5,5,3,0,0,2,0,0,0,0,1,1,1,1,1,30,6,1794,1,16,TOYOTA AVENSIS,3,W01001767,0,-1
2020070026604,2020,070026604,2,9,0,4,4,8,4,0,0,0,0,0,0,0,1,1,1,1,2,42,7,1995,2,7,TOYOTA AVENSIS,3,E01007237,0,-1
2020010266150,2020,010266150,2,9,0,99,99,9,9,99,99,9,9,99,9,99,9,9,6,6,1,60,9,1798,1,8,TOYOTA AVENSIS,7,E01000573,0,-1
20201372I0434,2020,1372I0434,1,8,0,9,9,7,3,0,0,5,0,0,0,0,1,1,1,1,1,51,8,1995,2,7,TOYOTA AVENSIS,6,E01011156,0,-1
2020040922430,2020,040922430,1,9,0,18,19,5,1,0,0,2,0,0,0,0,3,1,5,6,2,36,7,2231,2,13,TOYOTA AVENSIS,-1,-1,0,-1
2020546182220,2020,546182220,1,9,0,15,15,2,6,0,0,0,2,10,0,0,1,1,6,6,1,48,8,1794,1,16,TOYOTA AVENSIS,5,E01032048,0,-1
2020200927524,2020,200927524,1,9,0,18,19,8,4,0,0,4,0,0,0,0,3,1,6,6,3,-1,-1,1995,2,14,TOYOTA AVENSIS,-1,-1,0,-1
2020137B71221,2020,137B71221,3,9,0,2,2,0,0,0,0,0,0,0,0,0,2,1,6,6,3,-1,-1,1998,2,11,TOYOTA AVENSIS,-1,-1,0,-1
2020430232286,2020,430232286,2,9,0,18,19,7,3,0,0,0,0,0,0,0,2,1,6,6,1,-1,-1,1598,2,3,TOYOTA AVENSIS,-1,-1,0,-1
2020010234407,2020,010234407,1,9,0,99,99,9,9,99,99,9,9,99,9,99,9,9,6,6,1,30,6,1798,1,11,TOYOTA AVENSIS,6,E01002433,0,-1
2020430146976,2020,430146976,1,9,0,9,9,2,8,0,0,6,0,0,0,0,1,1,2,2,1,35,6,1995,2,13,TOYOTA AVENSIS,8,E01017838,0,-1
2020210957299,2020,210957299,1,9,0,10,10,5,3,0,0,0,0,0,0,0,4,1,6,6,1,54,8,1998,2,6,TOYOTA AVENSIS,1,E01014331,0,-1
2020990921341,2020,990921341,2,9,0,18,19,4,8,0,0,1,0,0,0,0,1,1,6,6,1,35,6,1794,1,17,TOYOTA AVENSIS,-1,-1,0,-1
2020122100205,2020,122100205,1,9,0,1,1,5,1,0,0,5,0,0,0,0,2,1,6,6,1,54,8,1995,2,6,TOYOTA AVENSIS,10,E01027697,0,-1
2020200937782,2020,200937782,2,9,0,4,4,-1,-1,0,0,0,0,0,0,0,2,1,6,6,2,41,7,1998,2,12,TOYOTA AVENSIS,7,E01010184,0,-1
2020201022739,2020,201022739,2,8,0,3,3,-1,-1,0,0,0,0,0,0,0,1,1,1,1,1,-1,-1,1798,1,8,TOYOTA AVENSIS,1,E01009413,0,-1
2020137371682,2020,137371682,1,9,0,7,7,4,6,0,0,5,0,0,0,0,4,1,6,6,1,43,7,1798,1,10,TOYOTA AVENSIS,4,E01011039,0,-1
2020302000296,2020,302000296,1,9,0,18,19,4,8,0,0,0,1,0,1,0,4,1,6,6,1,22,5,1995,2,6,TOYOTA AVENSIS,2,E01010263,0,-1
2020200964207,2020,200964207,2,9,0,9,9,8,6,0,0,6,0,0,0,0,1,1,6,6,2,82,11,1794,1,19,TOYOTA AVENSIS,5,E01008948,0,-1
2020450979468,2020,450979468,2,9,0,18,19,1,5,0,0,0,0,0,0,0,1,1,2,2,1,49,8,1794,1,17,TOYOTA AVENSIS,6,E01002656,0,-1
2020531006156,2020,531006156,1,9,0,18,19,2,7,0,0,8,0,0,1,4,1,1,5,6,2,44,7,2231,2,12,TOYOTA AVENSIS,-1,-1,0,-1
202031C170720,2020,31C170720,2,9,0,18,19,1,5,0,0,8,0,0,0,0,1,1,1,1,1,28,6,1995,2,11,TOYOTA AVENSIS,2,E01013842,0,-1
2020010238626,2020,010238626,2,9,0,99,99,9,9,99,99,9,9,99,9,99,1,9,6,6,3,-1,-1,1998,1,16,TOYOTA AVENSIS,2,E01001827,0,-1
20201372N1809,2020,1372N1809,2,9,0,18,19,7,3,0,0,0,0,0,0,0,2,1,1,1,1,32,6,1794,1,14,TOYOTA AVENSIS,1,E01011133,0,-1
2020010282626,2020,010282626,2,9,0,99,99,9,9,99,99,0,9,99,9,99,9,9,6,6,1,44,7,1794,1,17,TOYOTA AVENSIS,3,E01003406,0,-1
2020460946753,2020,460946753,1,9,0,5,5,1,5,0,0,1,0,0,0,0,1,1,5,6,1,51,8,1794,1,19,TOYOTA AVENSIS,7,E01024794,0,-1
2020140929321,2020,140929321,1,9,0,18,19,2,6,0,0,2,0,0,0,0,1,1,5,6,1,61,9,1995,2,7,TOYOTA AVENSIS,9,E01007601,0,-1
2020010266115,2020,010266115,1,9,0,99,99,9,9,99,99,9,9,99,9,99,2,9,6,6,1,43,7,1794,1,13,TOYOTA AVENSIS,4,E01000769,0,-1
20201378F0097,2020,1378F0097,2,8,0,18,19,2,2,0,0,1,1,10,0,0,1,1,1,1,1,27,6,1995,2,9,TOYOTA AVENSIS,2,E01010738,0,-1
2020200996082,2020,200996082,2,9,0,18,19,2,6,0,0,1,0,0,0,0,1,1,6,6,1,-1,-1,1798,1,11,TOYOTA AVENSIS,-1,-1,0,-1
2020410937784,2020,410937784,1,9,0,5,5,7,3,0,0,8,0,0,0,0,3,1,1,1,1,46,8,1995,2,5,TOYOTA AVENSIS,7,E01023923,0,-1
2020430331667,2020,430331667,1,9,0,7,7,3,5,0,0,6,0,0,0,0,3,1,6,6,1,39,7,1998,2,6,TOYOTA AVENSIS,6,E01002439,0,-1
20201377R0511,2020,1377R0511,1,9,0,9,9,3,7,0,0,1,0,0,0,0,2,1,6,6,1,25,5,1798,7,9,TOYOTA AVENSIS,3,E01010835,0,-1
2020990936694,2020,990936694,2,8,0,18,19,3,7,0,0,8,0,0,0,0,1,1,1,1,1,51,8,1598,2,2,TOYOTA AVENSIS,3,-1,0,-1
202006F274062,2020,06F274062,1,9,0,10,10,6,4,0,0,1,0,0,0,0,2,1,6,6,1,45,7,1995,2,6,TOYOTA AVENSIS,2,E01033675,0,-1
2020122000584,2020,122000584,1,8,0,3,3,1,5,0,0,1,0,0,0,0,1,1,1,1,1,31,6,1995,2,6,TOYOTA AVENSIS,1,E01010842,0,-1
2020460981100,2020,460981100,2,9,0,2,2,0,0,2,2,0,0,0,0,0,3,1,2,2,1,45,7,2231,2,6,TOYOTA AVENSIS,9,E01024821,0,-1
2020460993374,2020,460993374,1,9,0,16,19,3,7,0,0,4,0,0,0,0,1,1,5,6,3,-1,-1,2231,2,11,TOYOTA AVENSIS,-1,-1,0,-1
2020302001037,2020,302001037,1,9,0,18,19,3,7,0,0,0,0,0,0,0,1,1,6,6,1,44,7,1794,1,14,TOYOTA AVENSIS,7,E01013892,0,-1
2020450968267,2020,450968267,1,9,0,18,19,6,2,0,0,1,0,11,1,0,4,1,5,6,2,88,11,1794,1,16,TOYOTA AVENSIS,8,E01030440,0,-1
2020200939037,2020,200939037,1,8,0,18,19,1,5,0,0,8,0,0,0,0,2,1,1,1,1,46,8,1998,2,11,TOYOTA AVENSIS,1,E01010485,0,-1
202031D180720,2020,31D180720,1,9,0,9,9,5,3,0,0,5,0,0,0,0,4,1,6,6,1,29,6,1995,2,8,TOYOTA AVENSIS,1,E01013846,0,-1
2020137750758,2020,137750758,3,9,0,17,19,7,3,0,0,0,0,0,0,0,0,1,6,6,3,-1,-1,1995,2,8,TOYOTA AVENSIS,-1,-1,0,-1
2020500941598,2020,500941598,2,9,0,4,4,3,7,0,0,0,0,0,0,0,2,1,5,6,1,62,9,1998,2,12,TOYOTA AVENSIS,6,E01019945,0,-1
2020010286356,2020,010286356,1,9,0,9,9,1,6,0,0,2,0,0,0,0,1,1,6,6,1,50,8,1794,1,15,TOYOTA AVENSIS,2,E01004033,0,-1
2020430420748,2020,430420748,2,9,0,11,11,8,4,0,0,0,0,0,0,0,1,1,6,6,1,-1,-1,1794,1,13,TOYOTA AVENSIS,-1,-1,0,-1
2020610010520,2020,610010520,1,8,0,18,19,6,2,0,0,0,0,0,0,0,1,1,1,1,1,61,9,1995,2,6,TOYOTA AVENSIS,3,W01001663,0,-1
2020460961187,2020,460961187,2,9,0,18,19,5,1,0,0,8,0,0,0,0,2,1,5,6,1,46,8,1598,2,4,TOYOTA AVENSIS,9,E01024376,0,-1
2020141010589,2020,141010589,2,9,0,18,19,1,5,9,9,2,0,0,0,0,1,1,3,7,2,42,7,1995,2,11,TOYOTA AVENSIS,5,E01008153,0,-1
2020610032220,2020,610032220,1,8,0,8,8,8,1,0,0,1,0,0,0,0,2,1,1,1,1,31,6,1995,2,9,TOYOTA AVENSIS,4,W01001682,0,-1
2020320006159,2020,320006159,3,8,0,5,5,1,5,0,0,1,0,0,0,0,2,1,6,6,3,40,7,1598,2,3,TOYOTA AVENSIS,-1,-1,0,-1
2020010267982,2020,010267982,1,9,0,4,4,7,3,0,0,0,0,0,0,0,1,1,2,2,1,43,7,1998,1,15,TOYOTA AVENSIS,3,E01002130,0,-1
2020302001457,2020,302001457,3,9,0,18,19,6,2,0,0,0,0,0,0,0,2,1,6,6,2,38,7,1998,2,10,TOYOTA AVENSIS,4,E01013458,0,-1
2020991003152,2020,991003152,2,8,0,17,19,6,2,0,0,0,0,0,0,0,1,1,1,1,1,55,8,1995,2,4,TOYOTA AVENSIS,5,-1,0,-1
202006E271463,2020,06E271463,2,9,0,5,5,7,3,0,0,8,0,0,0,0,4,1,6,6,1,42,7,1598,2,4,TOYOTA AVENSIS,2,E01005326,0,-1
2020010285854,2020,010285854,3,8,0,4,4,3,7,0,0,0,0,0,0,0,2,1,2,2,1,51,8,1798,1,9,TOYOTA AVENSIS,-1,-1,0,-1
2020420990950,2020,420990950,2,9,0,18,19,4,8,0,0,1,0,0,0,0,3,1,6,6,1,54,8,1798,7,11,TOYOTA AVENSIS,2,E01015934,0,-1
2020010255252,2020,010255252,1,9,0,4,4,7,3,0,0,0,0,0,0,0,1,1,2,2,2,47,8,1998,1,17,TOYOTA AVENSIS,1,E01004407,0,-1
2020440073788,2020,440073788,1,9,0,2,2,0,0,0,0,0,0,0,0,0,0,1,6,6,3,-1,-1,1794,1,16,TOYOTA AVENSIS,-1,-1,0,-1
2020201025685,2020,201025685,4,8,0,4,4,6,2,0,0,0,0,0,0,0,2,1,1,1,1,36,7,1998,2,10,TOYOTA AVENSIS,1,E01010416,0,-1
2020552001071,2020,552001071,1,9,0,18,19,7,3,0,0,0,0,0,0,0,4,1,6,6,2,59,9,1995,2,9,TOYOTA AVENSIS,7,E01032643,0,-1
2020210960567,2020,210960567,2,9,-1,-1,-1,1,4,-1,-1,-1,-1,-1,-1,0,-1,1,6,6,2,72,10,1798,1,7,TOYOTA AVENSIS,10,E01014350,0,-1
2020070770398,2020,070770398,1,9,0,18,19,8,3,0,0,0,0,0,7,11,1,1,6,6,1,46,8,1995,2,13,TOYOTA AVENSIS,2,E01005233,0,-1
2020440477676,2020,440477676,3,9,0,3,3,5,1,0,0,0,0,0,0,0,2,1,6,6,1,65,9,1794,1,17,TOYOTA AVENSIS,5,E01022832,0,-1
2020500947362,2020,500947362,1,9,3,13,13,2,6,0,0,0,4,0,0,0,4,1,5,6,2,34,6,2231,2,14,TOYOTA AVENSIS,7,E01017915,0,-1
2020450992851,2020,450992851,2,9,0,18,19,3,7,0,0,1,0,0,0,0,1,1,5,6,2,70,10,1798,1,9,TOYOTA AVENSIS,6,E01030714,0,-1
202031C182420,2020,31C182420,2,8,0,9,9,7,5,0,0,4,0,0,0,0,1,1,6,6,1,39,7,1998,2,6,TOYOTA AVENSIS,-1,-1,0,-1
2020320344129,2020,320344129,1,9,0,17,19,1,6,0,0,0,0,0,0,0,1,1,6,6,1,67,10,2231,2,12,TOYOTA AVENSIS,3,E01019826,0,-1
202031C171120,2020,31C171120,1,8,0,18,19,3,7,0,0,3,0,0,0,0,1,1,1,1,1,28,6,1998,2,5,TOYOTA AVENSIS,6,E01013837,0,-1
2020200928723,2020,200928723,2,9,0,18,19,6,2,0,0,1,0,0,0,0,2,1,1,1,1,-1,-1,1794,7,12,TOYOTA AVENSIS,3,E01010055,0,-1
2020220938341,2020,220938341,1,8,0,4,4,2,6,0,0,8,0,0,0,0,0,1,1,1,1,34,6,1995,2,8,TOYOTA AVENSIS,1,E01010046,0,-1
2020360944520,2020,360944520,2,9,0,5,5,8,4,0,0,1,0,0,0,0,1,1,2,2,1,49,8,1794,1,19,TOYOTA AVENSIS,1,E01026869,0,-1
2020201021989,2020,201021989,2,8,0,5,5,4,3,0,0,1,0,0,0,0,2,1,1,1,1,31,6,1995,2,7,TOYOTA AVENSIS,2,E01009082,0,-1
2020070042680,2020,070042680,2,9,0,18,19,8,4,0,0,1,0,0,0,0,1,1,6,6,1,69,10,1995,2,8,TOYOTA AVENSIS,2,E01018478,0,-1
2020552000455,2020,552000455,2,9,0,16,19,7,3,0,0,0,0,0,1,11,3,1,6,6,1,69,10,1762,1,22,TOYOTA AVENSIS,5,E01015302,0,-1
2020990934785,2020,990934785,2,9,0,16,19,5,2,0,0,0,0,0,1,9,1,1,2,2,2,38,7,1794,1,12,TOYOTA AVENSIS,6,-1,0,-1
202006A377493,2020,06A377493,2,8,0,18,19,7,3,0,0,1,0,0,0,0,1,1,2,2,1,39,7,1598,2,2,TOYOTA AVENSIS,5,E01005944,0,-1
2020332000009,2020,332000009,1,9,0,16,19,3,7,0,0,0,0,0,0,0,3,1,6,6,1,85,11,1794,1,19,TOYOTA AVENSIS,10,E01025944,0,-1
2020140930412,2020,140930412,1,9,0,3,3,2,6,0,0,0,0,0,0,0,2,1,3,7,2,38,7,1798,1,11,TOYOTA AVENSIS,1,E01007979,0,-1
2020010278173,2020,010278173,1,9,0,4,4,4,8,0,0,2,0,0,0,0,1,1,6,6,1,68,10,1794,1,18,TOYOTA AVENSIS,2,E01003324,0,-1
2020340D06512,2020,340D06512,1,9,0,13,13,7,3,0,0,0,5,0,1,9,1,1,1,1,1,46,8,1995,2,17,TOYOTA AVENSIS,4,E01027142,0,-1
2020350955481,2020,350955481,5,9,0,2,2,0,0,0,0,0,0,0,0,0,2,1,6,6,1,63,9,1998,2,10,TOYOTA AVENSIS,3,E01015652,0,-1
2020137B11634,2020,137B11634,2,9,0,4,4,1,4,0,0,0,0,0,0,0,3,1,6,6,1,54,8,1995,2,10,TOYOTA AVENSIS,1,E01010620,0,-1
2020470931744,2020,470931744,1,9,0,18,19,2,6,0,0,0,0,0,0,0,4,1,6,6,1,85,11,1998,1,16,TOYOTA AVENSIS,5,E01031501,0,-1
202006F273875,2020,06F273875,2,9,0,18,19,3,7,0,0,8,0,0,0,0,4,1,1,1,1,41,7,1995,2,6,TOYOTA AVENSIS,4,E01004978,0,-1
2020010246341,2020,010246341,2,9,0,99,99,9,9,99,99,9,9,99,9,99,9,9,6,6,3,-1,-1,1794,1,16,TOYOTA AVENSIS,-1,-1,0,-1
202006F275352,2020,06F275352,1,9,0,18,19,1,5,0,0,8,0,0,0,0,4,1,6,6,1,30,6,1995,2,13,TOYOTA AVENSIS,-1,-1,0,-1
2020200976970,2020,200976970,2,9,0,18,19,4,8,0,0,1,0,0,0,0,1,1,6,6,2,28,6,1798,1,9,TOYOTA AVENSIS,1,E01009323,0,-1
2020010229998,2020,010229998,1,9,0,9,9,5,2,0,0,2,0,0,0,0,1,1,2,2,1,43,7,1998,2,11,TOYOTA AVENSIS,7,E01000480,0,-1
2020360916751,2020,360916751,1,9,0,18,19,3,7,0,0,1,0,0,0,0,4,1,5,6,1,37,7,1998,2,5,TOYOTA AVENSIS,1,E01026662,0,-1
2020450939826,2020,450939826,1,9,0,18,19,1,4,0,0,0,0,0,0,0,1,1,6,6,2,66,10,1798,1,10,TOYOTA AVENSIS,8,E01030405,0,-1
2020350922658,2020,350922658,1,9,0,18,19,7,3,0,0,1,0,0,0,0,4,1,1,1,2,42,7,1596,1,10,TOYOTA AVENSIS,5,E01033113,0,-1
2020200964367,2020,200964367,2,8,0,18,19,3,7,0,0,2,0,0,0,0,4,1,1,1,1,60,9,1995,2,15,TOYOTA AVENSIS,1,E01010064,0,-1
202006A174241,2020,06A174241,1,9,0,18,19,4,8,0,0,2,0,0,0,0,4,1,6,6,1,55,8,1794,1,17,TOYOTA AVENSIS,1,E01005032,0,-1
2020201018664,2020,201018664,2,9,0,9,9,6,4,0,0,6,2,0,0,0,3,1,6,6,1,-1,-1,1794,7,12,TOYOTA AVENSIS,-1,-1,0,-1
202006A175519,2020,06A175519,1,9,0,18,19,2,6,0,0,0,0,0,0,0,1,1,6,6,1,45,7,1794,1,13,TOYOTA AVENSIS,1,E01005473,0,-1
2020430298985,2020,430298985,1,9,0,14,14,0,0,0,0,2,0,0,0,0,3,1,6,6,1,43,7,1995,2,17,TOYOTA AVENSIS,4,E01016356,0,-1
202006P370569,2020,06P370569,1,9,0,7,7,2,4,0,0,2,0,0,0,0,1,1,1,1,1,42,7,1995,2,8,TOYOTA AVENSIS,-1,-1,0,-1
2020200932567,2020,200932567,1,8,0,18,19,8,4,0,0,8,0,0,0,0,3,1,1,1,1,36,7,1798,7,10,TOYOTA AVENSIS,2,E01009516,0,-1
2020410956425,2020,410956425,1,9,0,18,19,1,1,0,0,0,0,0,0,0,3,1,5,6,1,52,8,1995,2,15,TOYOTA AVENSIS,2,E01015733,0,-1
2020420923349,2020,420923349,1,8,0,18,19,3,7,0,0,1,0,0,0,0,1,1,1,1,1,43,7,1995,2,5,TOYOTA AVENSIS,3,E01015856,0,-1
2020622000550,2020,622000550,1,9,0,9,9,8,6,0,0,1,0,0,0,0,4,1,6,6,2,46,8,1794,1,15,TOYOTA AVENSIS,10,W01001734,0,-1
2020350941660,2020,350941660,3,9,0,18,19,8,4,0,0,0,0,0,0,0,2,1,5,6,2,46,8,1986,1,11,TOYOTA AVENSIS,5,E01033180,0,-1
2020320090813,2020,320090813,2,8,0,18,19,1,5,0,0,1,0,0,0,0,2,1,1,1,1,53,8,1995,2,6,TOYOTA AVENSIS,1,E01026152,0,-1
2020470925172,2020,470925172,2,9,0,9,9,7,5,0,0,8,0,0,0,0,2,1,1,1,1,36,7,1998,2,5,TOYOTA AVENSIS,5,E01023201,0,-1
2020990938596,2020,990938596,2,9,0,3,3,4,1,0,0,4,0,0,0,0,2,1,5,6,2,33,6,1794,1,17,TOYOTA AVENSIS,6,-1,0,-1
2020010253384,2020,010253384,1,9,0,18,19,7,3,0,0,1,0,0,0,0,4,1,2,2,1,50,8,1798,1,11,TOYOTA AVENSIS,2,E01001202,0,-1
2020010279042,2020,010279042,1,8,0,4,4,4,8,0,0,0,0,0,0,0,1,1,1,1,1,63,9,1995,2,8,TOYOTA AVENSIS,1,E01004241,0,-1
2020552000273,2020,552000273,2,9,0,18,19,2,6,0,0,8,0,0,0,0,1,1,6,6,1,50,8,1998,2,10,TOYOTA AVENSIS,3,E01020572,0,-1
2020200931004,2020,200931004,2,9,0,18,19,-1,-1,0,0,8,0,0,0,0,4,1,6,6,1,49,8,2231,2,8,TOYOTA AVENSIS,4,E01009139,0,-1
2020470957182,2020,470957182,2,9,0,18,19,1,5,0,0,0,0,0,0,0,2,1,6,6,1,41,7,1794,1,17,TOYOTA AVENSIS,8,E01032831,0,-1