collision_index,collision_year,collision_ref_no,vehicle_reference,vehicle_type,towing_and_articulation,vehicle_manoeuvre_historic,vehicle_manoeuvre,vehicle_direction_from,vehicle_direction_to,vehicle_location_restricted_lane_historic,vehicle_location_restricted_lane,junction_location,skidding_and_overturning,hit_object_in_carriageway,vehicle_leaving_carriageway,hit_object_off_carriageway,first_point_of_impact,vehicle_left_hand_drive,journey_purpose_of_driver_historic,journey_purpose_of_driver,sex_of_driver,age_of_driver,age_band_of_driver,engine_capacity_cc,propulsion_code,age_of_vehicle,generic_make_model,driver_imd_decile,lsoa_of_driver,escooter_flag,driver_distance_banding
2020200934215,2020,200934215,1,9,0,9,9,6,4,0,0,2,0,0,0,0,1,1,1,1,1,38,7,1794,1,11,TOYOTA AVENSIS,1,E01010374,0,-1
2020400953643,2020,400953643,2,9,0,18,19,1,5,0,0,0,0,0,0,0,2,1,2,2,1,69,10,1794,1,13,TOYOTA AVENSIS,8,E01015706,0,-1
2020010260309,2020,010260309,2,9,0,99,99,9,9,99,99,9,9,99,9,99,9,9,6,6,3,-1,-1,1794,1,14,TOYOTA AVENSIS,-1,-1,0,-1
2020010241801,2020,010241801,1,9,0,18,19,5,1,0,0,2,0,0,0,0,1,1,6,6,1,67,10,1998,1,16,TOYOTA AVENSIS,4,E01001694,0,-1
2020420923883,2020,420923883,1,8,0,9,9,7,4,0,0,8,0,0,0,0,1,1,1,1,1,39,7,1995,2,8,TOYOTA AVENSIS,4,E01015870,0,-1
2020231001377,2020,231001377,2,9,0,2,2,0,0,0,0,0,0,0,0,0,2,1,5,6,1,41,7,2231,2,15,TOYOTA AVENSIS,1,E01009131,0,-1
202031C085620,2020,31C085620,1,8,0,18,19,4,8,0,0,1,0,0,0,0,1,1,1,1,1,-1,-1,1995,2,6,TOYOTA AVENSIS,4,E01016003,0,-1
2020470952877,2020,470952877,1,9,0,14,14,4,8,0,0,0,0,0,7,4,1,1,5,6,1,57,9,1998,1,15,TOYOTA AVENSIS,5,E01031832,0,-1
2020010268817,2020,010268817,2,9,0,18,19,5,1,0,0,1,0,0,0,0,1,1,1,1,1,30,6,1794,1,16,TOYOTA AVENSIS,6,E01003644,0,-1
2020137C91022,2020,137C91022,2,9,0,9,9,5,3,0,0,6,0,0,0,0,3,1,6,6,1,69,10,1995,2,5,TOYOTA AVENSIS,-1,-1,0,-1
2020100940024,2020,100940024,1,9,0,18,19,3,7,0,0,4,0,0,0,0,1,1,5,6,1,40,7,2231,2,15,TOYOTA AVENSIS,3,E01008508,0,-1
2020201017414,2020,201017414,1,9,0,18,19,6,5,0,0,0,0,0,0,0,1,1,2,2,1,41,7,2231,2,10,TOYOTA AVENSIS,3,E01009199,0,-1
2020470923449,2020,470923449,1,9,0,16,19,8,3,9,9,1,0,11,3,2,1,1,6,6,1,-1,-1,1998,1,18,TOYOTA AVENSIS,-1,-1,0,-1
2020010255803,2020,010255803,1,9,0,5,5,0,1,9,9,0,0,0,0,0,0,1,6,6,1,68,10,1794,1,15,TOYOTA AVENSIS,-1,-1,0,-1
2020200994562,2020,200994562,2,9,0,18,19,5,1,0,0,1,0,0,0,0,0,1,6,6,1,41,7,1794,1,15,TOYOTA AVENSIS,1,E01010061,0,-1
2020430434637,2020,430434637,2,9,0,18,19,8,4,0,0,1,0,0,0,0,3,1,6,6,1,55,8,1798,1,11,TOYOTA AVENSIS,3,E01016459,0,-1
2020548289920,2020,548289920,1,9,0,1,1,1,5,0,0,2,0,0,0,0,2,1,6,6,1,50,8,2231,2,14,TOYOTA AVENSIS,3,E01015502,0,-1
2020302000712,2020,302000712,2,9,0,10,10,2,7,0,0,1,0,0,0,0,2,1,1,1,1,48,8,1995,2,9,TOYOTA AVENSIS,1,E01013583,0,-1
2020052000933,2020,052000933,2,9,0,18,19,7,3,0,0,1,0,0,0,0,1,1,6,6,1,51,8,1998,2,10,TOYOTA AVENSIS,5,E01007235,0,-1
2020302100094,2020,302100094,2,9,0,18,19,4,8,0,0,8,0,0,0,0,1,1,6,6,1,48,8,2231,2,8,TOYOTA AVENSIS,1,E01013583,0,-1
2020137751390,2020,137751390,2,8,0,4,4,5,1,0,0,1,0,0,0,0,2,1,1,1,1,55,8,1598,2,3,TOYOTA AVENSIS,1,E01010625,0,-1
2020350924482,2020,350924482,1,4,0,18,19,1,1,0,0,0,0,0,0,0,1,1,1,1,1,50,8,1731,1,7,-1,4,E01018046,0,-1
2020332000155,2020,332000155,1,9,0,7,7,7,1,0,0,5,0,0,0,0,1,1,2,2,2,36,7,1956,2,6,ALFA ROMEO GIULIETTA,9,E01025876,0,-1
2020470937508,2020,470937508,1,9,0,18,19,1,5,0,0,0,0,4,0,0,1,1,6,6,2,37,7,1956,2,3,ALFA ROMEO GIULIETTA,4,E01021013,0,-1
2020010262064,2020,010262064,1,9,0,9,9,5,3,0,0,1,0,7,0,0,1,1,6,6,2,25,5,1368,1,9,ALFA ROMEO GIULIETTA,4,E01001090,0,-1
2020450967910,2020,450967910,1,9,0,6,6,6,2,0,0,0,0,0,0,0,3,1,5,6,1,61,9,1368,1,5,ALFA ROMEO GIULIETTA,10,E01016194,0,-1
2020460990417,2020,460990417,1,9,0,12,12,4,8,0,0,0,0,0,0,0,2,1,5,6,1,28,6,1956,2,10,ALFA ROMEO GIULIETTA,10,E01015433,0,-1
2020520004503,2020,520004503,3,9,0,18,19,2,6,0,0,0,0,0,0,0,1,1,6,6,1,32,6,1956,2,9,ALFA ROMEO GIULIETTA,4,E01029196,0,-1
2020501014516,2020,501014516,1,9,0,13,13,3,7,0,0,0,2,0,2,0,1,1,5,6,2,55,8,1956,2,10,ALFA ROMEO GIULIETTA,8,E01031977,0,-1
2020040980362,2020,040980362,4,9,0,2,2,0,0,0,0,0,0,0,0,0,1,1,6,6,1,-1,-1,1368,1,8,ALFA ROMEO GIULIETTA,8,E01025498,0,-1
2020010261214,2020,010261214,1,9,0,9,9,1,6,0,0,8,0,0,0,0,0,1,1,1,1,41,7,1598,2,8,ALFA ROMEO GIULIETTA,5,E01000284,0,-1
2020460974136,2020,460974136,2,9,0,5,5,5,1,0,0,8,0,0,0,0,0,1,5,6,1,34,6,1368,1,7,ALFA ROMEO GIULIETTA,6,E01024513,0,-1
2020100942515,2020,100942515,1,9,0,18,19,7,3,0,0,4,0,0,0,0,1,1,6,6,1,28,6,1598,2,6,ALFA ROMEO GIULIETTA,2,E01008571,0,-1
2020420915478,2020,420915478,1,9,0,16,19,1,5,0,0,0,0,0,0,0,1,1,6,6,3,30,6,1956,2,5,ALFA ROMEO GIULIETTA,-1,-1,0,-1
2020010229300,2020,010229300,1,9,0,18,19,1,5,0,0,6,0,0,0,0,4,1,6,6,2,58,9,1368,1,2,ALFA ROMEO GIULIETTA,4,E01003907,0,-1
2020460965880,2020,460965880,1,9,0,18,19,8,5,0,0,1,0,0,0,0,1,1,6,6,3,-1,-1,1956,2,6,ALFA ROMEO GIULIETTA,-1,-1,0,-1
2020421013936,2020,421013936,2,9,0,18,19,3,7,0,0,0,1,0,0,0,1,1,6,6,2,52,8,1956,2,3,ALFA ROMEO GIULIETTA,3,E01021974,0,-1
2020450953840,2020,450953840,1,9,0,2,2,8,4,0,0,1,0,0,0,0,3,1,1,1,2,46,8,1368,1,5,ALFA ROMEO GIULIETTA,9,E01030731,0,-1
2020010280623,2020,010280623,2,9,0,99,99,9,9,99,99,9,9,99,9,99,9,9,6,6,1,44,7,1742,1,4,ALFA ROMEO GIULIETTA,4,E01016484,0,-1
202006F277486,2020,06F277486,1,9,0,9,9,3,1,0,0,8,0,0,0,0,1,1,1,1,1,62,9,1368,1,8,ALFA ROMEO GIULIETTA,4,E01005630,0,-1
202006F174881,2020,06F174881,2,9,0,18,19,2,6,0,0,8,0,0,0,0,3,1,6,6,2,43,7,1368,1,7,ALFA ROMEO GIULIETTA,4,E01005730,0,-1
202063D009220,2020,63D009220,1,9,0,18,19,2,6,0,0,0,0,0,0,0,1,1,6,6,1,19,4,1598,2,10,ALFA ROMEO GIULIETTA,9,W01000482,0,-1
2020137BU0818,2020,137BU0818,2,9,0,18,19,6,2,0,0,1,0,0,0,0,1,1,6,6,1,71,10,1368,1,8,ALFA ROMEO GIULIETTA,6,E01011651,0,-1
2020420919207,2020,420919207,2,9,0,9,9,7,2,0,0,0,0,0,0,0,1,1,2,2,1,21,5,1956,2,6,ALFA ROMEO GIULIETTA,8,E01030167,0,-1
2020010281664,2020,010281664,4,9,0,2,2,0,0,0,0,1,0,0,0,0,4,1,6,6,3,-1,-1,1598,2,4,ALFA ROMEO GIULIETTA,-1,-1,0,-1
2020990983968,2020,990983968,3,9,0,13,13,3,7,0,0,0,0,0,5,6,4,1,5,6,1,44,7,1368,1,7,ALFA ROMEO GIULIETTA,4,-1,0,-1
2020460996029,2020,460996029,2,9,0,18,19,6,2,0,0,4,0,0,0,0,4,1,5,6,1,51,8,1956,2,10,ALFA ROMEO GIULIETTA,2,E01024517,0,-1
2020010276800,2020,010276800,1,9,0,6,6,3,3,9,9,1,0,0,0,0,3,1,6,6,2,57,9,1368,1,5,ALFA ROMEO GIULIETTA,2,E01000935,0,-1
2020302001224,2020,302001224,2,9,0,4,4,1,5,0,0,1,0,0,0,0,2,1,6,6,1,32,6,1956,2,10,ALFA ROMEO GIULIETTA,7,E01007827,0,-1
2020350986585,2020,350986585,2,9,0,18,19,7,3,0,0,1,0,0,0,0,1,1,5,6,2,46,8,1598,2,9,ALFA ROMEO GIULIETTA,4,E01018060,0,-1
2020302001576,2020,302001576,1,9,0,5,5,2,4,0,0,0,1,4,0,0,1,1,6,6,1,49,8,1956,2,4,ALFA ROMEO GIULIETTA,7,E01019832,0,-1
2020432003400,2020,432003400,1,9,0,9,9,7,5,0,0,3,0,0,0,0,3,1,6,6,2,24,5,1956,2,2,ALFA ROMEO GIULIETTA,7,E01016734,0,-1
202006G167083,2020,06G167083,2,9,0,2,2,0,0,0,0,0,0,11,0,0,3,1,6,6,1,30,6,1598,2,5,ALFA ROMEO GIULIETTA,-1,-1,0,-1
2020122000638,2020,122000638,2,9,0,5,5,1,2,0,0,1,0,0,0,0,3,1,6,6,2,39,7,1368,1,10,ALFA ROMEO GIULIETTA,7,E01027653,0,-1
2020470957156,2020,470957156,2,9,0,18,19,5,1,0,0,0,0,0,0,0,3,1,5,6,1,28,6,1956,2,7,ALFA ROMEO GIULIETTA,9,E01031129,0,-1
202006E271935,2020,06E271935,2,9,0,18,19,3,7,0,0,8,0,0,0,0,1,1,6,6,1,30,6,1368,1,7,ALFA ROMEO GIULIETTA,-1,-1,0,-1
2020160954639,2020,160954639,2,9,0,18,19,8,4,0,0,0,0,0,0,0,1,1,6,6,1,25,5,1956,2,10,ALFA ROMEO GIULIETTA,4,E01013003,0,-1
20201379J0975,2020,1379J0975,1,9,0,4,4,5,1,0,0,0,0,0,0,0,1,1,6,6,2,23,5,1956,2,9,ALFA ROMEO GIULIETTA,1,E01011559,0,-1
2020220921240,2020,220921240,1,9,0,18,19,4,7,0,0,1,0,0,0,0,1,1,5,6,1,22,5,1598,2,5,ALFA ROMEO GIULIETTA,9,E01032183,0,-1
2020140933934,2020,140933934,1,9,0,2,2,1,5,0,0,3,0,0,0,0,1,1,1,1,2,54,8,1956,2,9,ALFA ROMEO GIULIETTA,7,E01007477,0,-1
2020430030986,2020,430030986,1,9,0,18,19,3,7,0,0,0,0,0,0,0,1,1,6,6,1,40,7,1598,2,9,ALFA ROMEO GIULIETTA,-1,-1,0,-1
202006J276619,2020,06J276619,1,9,0,18,19,1,5,0,0,0,0,0,0,0,2,1,6,6,1,35,6,1956,2,4,ALFA ROMEO GIULIETTA,8,E01005880,0,-1
2020010236022,2020,010236022,2,9,9,99,99,9,9,99,99,9,0,99,9,99,9,9,6,6,3,-1,-1,1368,1,4,ALFA ROMEO GIULIETTA,-1,-1,0,-1
2020460926492,2020,460926492,2,9,0,3,3,5,1,0,0,1,0,0,0,0,2,1,2,2,2,38,7,1368,1,8,ALFA ROMEO GIULIETTA,2,E01024672,0,-1
2020450928585,2020,450928585,1,9,0,18,19,3,7,0,0,0,0,0,0,0,1,1,2,2,1,45,7,1956,2,9,ALFA ROMEO GIULIETTA,10,E01030753,0,-1
2020410969367,2020,410969367,2,9,0,9,9,3,7,0,0,5,0,0,0,0,3,1,6,6,2,-1,-1,1956,2,8,ALFA ROMEO GIULIETTA,9,E01023299,0,-1
2020010269923,2020,010269923,2,9,0,99,99,9,9,99,99,9,9,99,9,99,1,9,6,6,3,29,6,1956,2,9,ALFA ROMEO GIULIETTA,2,E01001442,0,-1
2020450974254,2020,450974254,1,9,0,18,19,1,5,0,0,0,2,10,1,7,4,1,5,6,1,20,4,1956,2,9,ALFA ROMEO GIULIETTA,3,E01003025,0,-1
2020110938621,2020,110938621,1,9,0,12,12,3,7,0,0,1,0,0,0,0,3,1,2,2,1,54,8,1598,2,7,ALFA ROMEO GIULIETTA,2,E01020672,0,-1
2020450934665,2020,450934665,3,9,0,18,19,7,3,0,0,0,0,0,0,0,1,1,2,2,1,37,7,1368,1,6,ALFA ROMEO GIULIETTA,8,E01030977,0,-1
2020200958147,2020,200958147,1,9,0,18,19,1,5,0,0,8,0,10,1,1,1,1,2,2,1,30,6,1598,2,9,ALFA ROMEO GIULIETTA,2,E01009058,0,-1
2020140963324,2020,140963324,1,9,0,16,19,2,6,0,0,0,0,0,1,4,1,1,1,1,1,55,8,1956,2,9,ALFA ROMEO GIULIETTA,2,E01028053,0,-1
2020370923626,2020,370923626,3,9,0,18,19,6,2,0,0,1,0,0,0,0,3,1,5,6,1,72,10,1956,2,6,ALFA ROMEO GIULIETTA,4,E01029920,0,-1
2020520004521,2020,520004521,1,9,0,18,19,2,6,0,0,1,0,0,0,0,4,1,6,6,1,48,8,1368,1,5,ALFA ROMEO GIULIETTA,4,E01032633,0,-1
2020471004870,2020,471004870,3,9,0,3,3,8,4,0,0,1,0,0,0,0,0,1,2,2,1,34,6,1368,1,8,ALFA ROMEO GIULIETTA,6,E01031784,0,-1
2020350982885,2020,350982885,1,9,0,18,19,2,6,0,0,8,1,0,7,0,1,1,6,6,1,49,8,1598,2,9,ALFA ROMEO GIULIETTA,1,E01015729,0,-1
2020470919744,2020,470919744,1,9,0,18,19,3,5,0,0,0,0,0,0,0,1,1,6,6,2,63,9,1598,2,5,ALFA ROMEO GIULIETTA,2,E01016955,0,-1
2020410982285,2020,410982285,1,9,0,5,5,1,7,9,9,6,0,0,0,0,3,1,5,6,1,22,5,1956,2,9,ALFA ROMEO GIULIETTA,7,E01023605,0,-1
2020540071319,2020,540071319,1,9,0,18,19,4,8,0,0,1,0,0,0,0,1,1,6,6,1,30,6,1956,2,10,ALFA ROMEO GIULIETTA,3,E01015491,0,-1
2020411024726,2020,411024726,1,9,0,16,19,1,5,0,0,5,1,0,6,0,1,1,5,6,1,30,6,1742,1,3,ALFA ROMEO GIULIETTA,5,E01001473,0,-1
2020410951133,2020,410951133,1,5,0,9,9,5,2,0,0,1,2,10,1,0,1,1,1,1,1,46,8,999,1,8,BMW S 1000,5,E01023772,0,-1
2020450921346,2020,450921346,1,5,0,18,19,5,1,0,0,0,0,0,0,0,4,1,5,6,1,51,8,999,1,3,BMW S 1000,10,E01000826,0,-1
2020010257622,2020,010257622,2,5,0,18,19,5,1,0,0,2,0,0,0,0,4,1,2,2,1,39,7,999,1,3,BMW S 1000,-1,-1,0,-1
2020010265123,2020,010265123,3,2,0,2,2,0,0,0,0,0,0,99,9,99,9,1,6,6,3,-1,-1,999,1,4,-1,-1,-1,0,-1
202063B067020,2020,63B067020,1,5,0,18,19,3,7,0,0,0,0,0,0,0,0,1,6,6,1,51,8,999,1,1,BMW S 1000,7,W01001754,0,-1
2020430210963,2020,430210963,1,5,0,16,19,4,8,0,0,0,0,10,8,10,1,1,6,6,1,51,8,999,1,5,BMW S 1000,7,E01023135,0,-1
2020430279805,2020,430279805,2,5,0,18,19,8,4,0,0,2,0,10,4,0,4,1,6,6,1,42,7,999,1,6,BMW S 1000,-1,-1,0,-1
2020302000993,2020,302000993,1,5,0,13,13,8,4,0,0,8,0,0,0,0,1,1,6,6,1,57,9,999,1,2,BMW S 1000,4,E01028260,0,-1
2020990992107,2020,990992107,1,5,0,17,19,3,7,0,0,0,1,0,2,0,1,1,5,6,1,41,7,999,1,0,BMW S 1000,-1,-1,0,-1
2020370954295,2020,370954295,1,5,0,18,19,7,5,0,0,0,1,0,0,0,3,1,5,6,1,57,9,999,1,4,BMW S 1000,5,E01026902,0,-1
2020122000634,2020,122000634,1,5,0,8,8,5,7,0,0,1,0,0,0,0,3,1,6,6,1,55,8,999,1,4,BMW S 1000,7,E01011111,0,-1
2020350946023,2020,350946023,2,5,0,3,3,7,3,0,0,7,0,0,0,0,2,1,6,6,1,60,9,999,1,2,BMW S 1000,6,E01033453,0,-1
2020010244845,2020,010244845,2,5,0,18,19,5,1,0,0,1,0,0,0,0,1,1,6,6,1,36,7,999,1,6,BMW S 1000,4,E01004375,0,-1
2020122000517,2020,122000517,1,5,0,18,19,5,1,0,0,0,1,0,7,9,1,1,6,6,1,29,6,999,1,2,BMW S 1000,10,E01012124,0,-1
2020210995053,2020,210995053,1,5,0,14,14,7,3,0,0,0,0,0,0,0,1,1,6,6,1,40,7,999,1,10,BMW S 1000,3,E01009790,0,-1
2020430121674,2020,430121674,1,5,0,16,19,2,5,0,0,8,1,0,7,4,1,1,6,6,1,29,6,999,1,9,BMW S 1000,10,E01028727,0,-1
2020070585179,2020,070585179,2,5,0,18,19,8,4,0,0,1,0,0,0,0,1,1,6,6,1,50,8,999,1,0,BMW S 1000,2,E01006869,0,-1
2020430438591,2020,430438591,1,5,0,16,19,1,4,0,0,0,1,0,5,6,3,1,6,6,1,26,6,999,1,2,BMW S 1000,9,E01028663,0,-1
2020320412093,2020,320412093,3,5,0,18,19,2,6,0,0,1,0,0,0,0,1,1,6,6,1,30,6,999,1,6,BMW S 1000,8,E01019707,0,-1
2020370947546,2020,370947546,2,4,0,18,19,3,7,0,0,1,2,0,0,0,1,1,1,1,1,39,7,999,1,3,-1,8,E01026581,0,-1
2020500965178,2020,500965178,1,5,0,18,19,7,3,0,0,1,0,0,0,0,3,1,5,6,1,26,6,999,1,5,BMW S 1000,8,E01015128,0,-1
2020010268350,2020,010268350,1,4,0,18,19,7,3,0,0,1,5,0,0,0,1,1,6,6,1,39,7,999,1,10,-1,4,E01004215,0,-1
2020440125525,2020,440125525,1,5,0,18,19,2,7,0,0,0,0,0,0,0,1,1,6,6,1,53,8,999,1,4,BMW S 1000,5,E01017273,0,-1
2020161008401,2020,161008401,1,5,0,18,19,2,6,0,0,0,0,0,0,0,0,1,5,6,1,25,5,999,1,8,BMW S 1000,1,E01012809,0,-1
2020030964638,2020,030964638,1,5,0,16,19,4,8,0,0,0,1,0,7,0,1,1,6,6,1,71,10,999,1,3,BMW S 1000,9,E01007101,0,-1
202063D057520,2020,63D057520,1,5,0,16,19,8,3,0,0,0,1,0,0,0,0,1,6,6,1,48,8,999,1,0,BMW S 1000,4,E01014041,0,-1
2020320412093,2020,320412093,2,5,0,18,19,2,6,0,0,8,0,0,0,0,1,1,6,6,1,60,9,999,1,3,BMW S 1000,6,E01019648,0,-1
2020010237377,2020,010237377,2,5,0,15,15,5,1,0,0,1,0,0,0,0,3,-1,2,2,1,54,8,999,1,5,BMW S 1000,10,E01004190,0,-1
2020010244069,2020,010244069,1,5,0,15,15,3,7,0,0,0,1,0,0,0,1,1,6,6,1,37,7,999,1,6,BMW S 1000,3,E01015973,0,-1
2020110983912,2020,110983912,1,5,0,17,19,7,3,0,0,0,0,0,1,0,0,1,5,6,1,54,8,999,1,4,BMW S 1000,2,E01020626,0,-1
2020070371501,2020,070371501,1,5,0,13,13,7,7,0,0,0,0,0,0,0,1,1,6,6,1,37,7,999,1,4,BMW S 1000,2,E01018400,0,-1
2020500947113,2020,500947113,1,5,0,15,15,2,4,0,0,0,0,0,0,0,1,1,5,6,1,63,9,999,1,2,BMW S 1000,7,E01015226,0,-1
2020122100101,2020,122100101,1,5,0,18,19,4,8,0,0,8,0,0,7,0,4,1,6,6,1,53,8,999,1,2,BMW S 1000,8,E01025739,0,-1
2020440257223,2020,440257223,1,5,0,9,9,6,3,0,0,3,1,0,0,0,3,1,6,6,1,65,9,999,1,0,BMW S 1000,8,E01022569,0,-1
2020010279876,2020,010279876,1,5,0,99,99,9,9,99,99,0,9,99,9,99,1,1,2,2,1,43,7,999,1,6,BMW S 1000,5,E01004374,0,-1
2020010241920,2020,010241920,1,5,0,18,19,3,7,0,0,0,0,0,0,0,1,1,6,6,1,48,8,999,1,10,BMW S 1000,2,E01003032,0,-1
2020460966317,2020,460966317,1,5,0,14,14,8,4,0,0,0,0,0,0,0,0,1,6,6,1,35,6,999,1,3,BMW S 1000,5,E01024478,0,-1
2020010260679,2020,010260679,1,5,0,18,19,1,5,0,0,0,1,0,0,0,2,1,6,6,1,28,6,999,1,6,BMW S 1000,2,E01000015,0,-1
2020010266077,2020,010266077,1,5,0,18,19,3,7,0,0,0,5,0,0,0,4,1,6,6,1,27,6,999,1,3,BMW S 1000,7,E01003396,0,-1
2020410955256,2020,410955256,1,5,0,17,19,6,2,0,0,3,0,0,0,0,3,1,1,1,1,-1,-1,999,1,0,BMW S 1000,-1,-1,0,-1
2020140958874,2020,140958874,1,5,0,17,19,5,1,0,0,0,0,0,1,0,4,1,5,6,1,45,7,999,1,2,BMW S 1000,6,E01007521,0,-1
202063B023820,2020,63B023820,2,5,0,18,19,8,4,0,0,8,0,0,0,0,4,1,6,6,1,51,8,999,1,5,BMW S 1000,3,W01000515,0,-1
2020990982519,2020,990982519,1,5,0,17,19,1,6,0,0,0,0,0,7,9,1,1,5,6,1,64,9,999,1,1,BMW S 1000,2,-1,0,-1
2020530965511,2020,530965511,2,5,0,18,19,6,2,0,0,0,0,0,0,0,1,1,6,6,1,53,8,999,1,2,BMW S 1000,7,E01022230,0,-1
2020360954080,2020,360954080,2,5,0,18,19,2,6,0,0,0,5,0,1,0,3,1,5,6,1,45,7,999,1,5,BMW S 1000,3,E01026455,0,-1
20201377H0884,2020,1377H0884,1,5,0,18,19,7,3,0,0,0,0,0,0,0,1,1,6,6,1,56,9,999,1,0,BMW S 1000,2,E01011856,0,-1
2020360918469,2020,360918469,2,5,0,18,19,6,2,0,0,8,5,0,0,0,1,1,6,6,1,56,9,999,1,1,BMW S 1000,5,E01030058,0,-1
2020230939500,2020,230939500,1,5,0,14,14,3,8,0,0,0,0,0,0,0,0,1,5,6,1,49,8,999,1,5,BMW S 1000,3,E01031047,0,-1
202063D040120,2020,63D040120,1,5,0,16,19,2,5,0,0,0,0,0,8,10,3,1,6,6,1,41,7,999,1,1,BMW S 1000,6,E01014100,0,-1
2020010252554,2020,010252554,2,5,0,15,15,3,7,0,0,1,0,0,0,0,1,1,6,6,1,31,6,999,1,7,BMW S 1000,2,E01003933,0,-1
2020302000893,2020,302000893,2,5,0,7,7,7,1,0,0,7,0,0,0,0,1,1,6,6,1,52,8,999,1,5,BMW S 1000,5,E01019442,0,-1
2020010253374,2020,010253374,2,5,0,18,19,5,1,0,0,1,0,0,0,0,3,1,6,6,1,44,7,999,1,3,BMW S 1000,7,E01000309,0,-1
2020010261703,2020,010261703,2,5,0,18,19,3,7,0,0,8,0,0,0,0,3,1,2,2,1,40,7,999,1,3,BMW S 1000,6,E01003862,0,-1
2020440090153,2020,440090153,1,5,0,18,19,6,2,0,0,8,1,0,0,0,0,1,2,2,1,55,8,999,1,2,BMW S 1000,10,E01022559,0,-1
2020411037732,2020,411037732,1,5,0,18,19,3,7,0,0,8,0,0,0,0,2,1,6,6,1,57,9,999,1,0,BMW S 1000,9,E01023375,0,-1
2020230960689,2020,230960689,2,5,0,4,4,6,2,0,0,1,0,0,0,0,2,1,5,6,1,56,9,999,1,1,BMW S 1000,10,E01017373,0,-1
2020450955558,2020,450955558,1,5,0,18,19,1,5,0,0,8,0,0,0,0,0,1,6,6,1,56,9,999,1,2,BMW S 1000,9,E01030830,0,-1
2020137B30582,2020,137B30582,2,5,0,18,19,8,4,0,0,1,5,0,0,0,1,1,6,6,1,51,8,999,1,2,BMW S 1000,10,E01011132,0,-1
2020470970952,2020,470970952,1,5,0,16,19,2,5,0,0,0,0,0,1,10,0,1,5,6,1,58,9,999,1,5,BMW S 1000,8,E01024760,0,-1
2020990947959,2020,990947959,2,5,0,18,19,7,3,0,0,1,2,0,0,0,3,1,5,6,1,44,7,999,1,0,BMW S 1000,7,-1,0,-1
20201376D1293,2020,1376D1293,1,5,0,16,19,3,7,0,0,0,2,0,7,9,4,1,6,6,1,52,8,999,1,8,BMW S 1000,3,E01004955,0,-1
2020010253736,2020,010253736,2,5,0,13,13,8,4,0,0,1,0,0,0,0,1,1,6,6,2,35,6,999,1,5,BMW S 1000,7,E01004627,0,-1
2020340W03512,2020,340W03512,1,5,0,18,19,1,5,0,0,0,5,0,0,0,0,1,6,6,1,32,6,999,1,9,BMW S 1000,9,E01026997,0,-1
2020420948007,2020,420948007,2,5,0,17,19,4,1,0,0,8,2,9,4,0,2,1,5,6,1,36,7,999,1,6,BMW S 1000,3,E01021320,0,-1
2020460948054,2020,460948054,1,5,0,18,19,5,1,0,0,8,1,0,0,0,0,1,5,6,1,56,9,999,1,6,BMW S 1000,10,E01024150,0,-1
202063C071820,2020,63C071820,2,9,0,4,4,4,8,0,0,0,5,0,8,10,2,1,6,6,2,-1,-1,999,1,1,FIAT 500X,7,W01000565,0,-1
2020010245694,2020,010245694,1,9,0,13,13,4,8,0,0,0,0,0,0,0,4,1,6,6,2,52,8,999,1,1,FIAT 500X,2,E01000121,0,-1
2020460929446,2020,460929446,1,9,0,4,4,3,1,0,0,1,0,0,0,0,1,1,6,6,1,61,9,999,1,2,FIAT 500X,9,E01024818,0,-1
2020122000445,2020,122000445,1,9,0,4,4,5,1,0,0,0,0,0,0,0,2,1,6,6,2,34,6,1332,1,1,FIAT 500X,4,E01027830,0,-1
2020160958835,2020,160958835,2,9,0,4,4,1,5,0,0,0,5,0,7,0,3,1,5,6,2,43,7,999,1,1,FIAT 500X,7,E01012966,0,-1
2020320663339,2020,320663339,1,9,0,18,19,1,5,0,0,0,0,0,0,0,3,1,6,6,2,42,7,999,1,1,FIAT 500X,5,E01026327,0,-1
2020420974149,2020,420974149,1,9,0,9,9,8,4,0,0,8,0,0,0,0,3,1,6,6,2,62,9,999,1,0,FIAT 500X,7,E01029875,0,-1
2020010280280,2020,010280280,2,9,0,99,99,9,9,99,99,8,9,99,9,99,1,9,6,6,2,-1,-1,1332,1,1,FIAT 500X,4,E01001953,0,-1
2020231012233,2020,231012233,2,9,0,18,19,1,5,0,0,0,0,0,0,0,1,1,1,1,2,28,6,999,1,1,FIAT 500X,7,E01032892,0,-1
2020522003775,2020,522003775,2,9,0,5,5,3,4,0,0,6,0,0,0,0,4,1,6,6,3,40,7,999,1,1,FIAT 500X,-1,-1,0,-1
2020010275597,2020,010275597,1,9,0,18,19,7,3,0,0,1,0,0,0,0,1,1,6,6,1,34,6,1332,1,1,FIAT 500X,2,E01002840,0,-1
2020200937310,2020,200937310,1,9,0,9,9,4,1,0,0,2,0,0,0,0,1,1,6,6,1,54,8,1598,2,3,FIAT 500X,2,E01033629,0,-1