collision_index,collision_year,collision_ref_no,vehicle_reference,vehicle_type,towing_and_articulation,vehicle_manoeuvre_historic,vehicle_manoeuvre,vehicle_direction_from,vehicle_direction_to,vehicle_location_restricted_lane_historic,vehicle_location_restricted_lane,junction_location,skidding_and_overturning,hit_object_in_carriageway,vehicle_leaving_carriageway,hit_object_off_carriageway,first_point_of_impact,vehicle_left_hand_drive,journey_purpose_of_driver_historic,journey_purpose_of_driver,sex_of_driver,age_of_driver,age_band_of_driver,engine_capacity_cc,propulsion_code,age_of_vehicle,generic_make_model,driver_imd_decile,lsoa_of_driver,escooter_flag,driver_distance_banding
2020430404796,2020,430404796,1,3,0,18,19,2,6,0,0,1,0,0,0,0,4,1,1,1,1,27,6,125,1,4,-1,4,E01016210,0,-1
202031A102120,2020,31A102120,1,3,0,18,19,6,2,0,0,1,1,0,0,0,1,1,6,6,1,29,6,125,1,5,-1,2,E01028269,0,-1
2020990988392,2020,990988392,1,3,0,13,13,1,5,0,0,1,5,0,0,0,1,1,5,6,1,25,5,125,1,4,-1,-1,-1,0,-1
2020522100103,2020,522100103,1,2,0,7,7,2,4,9,9,5,0,0,0,0,1,1,6,6,1,19,4,125,1,5,-1,2,E01014659,0,-1
2020010278210,2020,010278210,2,2,0,18,19,4,8,0,0,2,0,0,0,0,3,1,6,6,1,32,6,125,1,4,-1,3,E01002923,0,-1
2020990968243,2020,990968243,1,3,0,18,19,7,3,0,0,2,2,0,0,0,4,1,6,6,1,37,7,124,1,7,-1,7,-1,0,-1
2020070485892,2020,070485892,1,19,0,18,19,7,3,0,0,0,0,0,0,0,3,1,6,6,3,-1,-1,2500,2,18,-1,-1,-1,0,-1
2020160948494,2020,160948494,3,19,0,4,4,5,1,0,0,4,0,0,0,0,0,1,1,1,1,43,7,2500,2,14,-1,5,E01012804,0,-1
2020302001287,2020,302001287,2,19,0,2,2,0,0,0,0,0,0,0,0,0,2,1,6,6,1,46,8,2500,2,20,-1,5,E01019402,0,-1
2020200940277,2020,200940277,1,19,0,18,19,4,8,0,0,0,0,0,0,0,1,1,2,2,1,46,8,2400,2,17,-1,4,E01010002,0,-1
2020052000847,2020,052000847,2,97,0,18,19,5,1,0,0,0,0,0,0,0,1,1,6,6,1,83,11,125,1,4,-1,8,E01007031,0,-1
2020010275324,2020,010275324,2,4,0,15,15,3,7,2,2,1,0,0,0,0,1,1,6,6,1,24,5,125,1,1,-1,2,E01001631,0,-1
2020302000851,2020,302000851,2,2,0,3,3,1,8,0,0,4,0,0,0,0,2,1,6,6,2,56,9,125,1,0,-1,2,E01013522,0,-1
2020522004187,2020,522004187,2,3,0,3,3,6,2,0,0,1,0,0,0,0,2,1,6,6,2,28,6,125,1,1,-1,6,E01014900,0,-1
2020070147824,2020,070147824,1,3,0,18,19,3,7,0,0,0,2,0,0,0,3,1,6,6,1,18,4,125,1,4,-1,-1,-1,0,-1
2020040934348,2020,040934348,2,3,0,4,4,1,1,0,0,1,5,0,0,0,1,1,6,6,1,27,6,125,1,1,-1,1,E01025482,0,-1
2020010228817,2020,010228817,2,3,0,13,13,6,2,0,0,1,0,0,0,0,4,1,6,6,1,35,6,-1,-1,-1,-1,4,E01001241,0,-1
2020500923042,2020,500923042,2,3,0,18,19,1,5,0,0,0,0,0,1,0,1,1,6,6,1,58,9,125,1,4,-1,7,E01020249,0,-1
2020340S03342,2020,340S03342,1,3,0,4,4,3,7,0,0,0,0,0,0,0,1,1,2,2,2,20,4,125,1,3,-1,9,E01027263,0,-1
2020622000258,2020,622000258,1,3,0,18,19,8,4,0,0,0,0,0,0,0,4,1,2,2,2,31,6,125,1,5,-1,1,W01001144,0,-1
2020450970987,2020,450970987,3,97,0,18,19,2,6,0,0,0,0,0,0,0,4,1,5,6,2,16,4,50,1,3,-1,6,E01030721,0,-1
2020990986742,2020,990986742,2,3,0,18,19,8,4,0,0,0,5,0,0,0,1,1,6,6,1,52,8,125,1,4,-1,9,-1,0,-1
2020040951543,2020,040951543,1,3,0,7,7,7,5,0,0,2,0,0,0,0,1,1,5,6,1,52,8,125,1,4,-1,3,E01025571,0,-1
2020040994658,2020,040994658,2,3,0,18,19,5,5,0,0,1,0,0,0,0,3,1,2,2,1,52,8,125,1,5,-1,9,E01025595,0,-1
2020160975458,2020,160975458,1,3,0,5,5,5,1,0,0,0,0,0,0,0,1,1,6,6,1,-1,-1,125,1,4,-1,1,E01012877,0,-1
2020420999936,2020,420999936,2,3,0,18,19,2,6,0,0,1,1,0,0,0,1,1,5,6,1,57,9,125,1,9,-1,7,E01002268,0,-1
2020040996903,2020,040996903,1,4,0,18,19,1,5,0,0,1,0,0,0,0,1,1,2,2,1,60,9,151,1,4,-1,4,E01012712,0,-1
2020122000790,2020,122000790,1,4,0,18,19,1,5,0,0,0,0,0,0,0,1,1,6,6,1,23,5,125,1,6,-1,7,E01013336,0,-1
2020040998363,2020,040998363,2,3,0,18,19,5,1,0,0,4,0,0,0,0,0,1,1,1,1,56,9,125,1,5,-1,1,E01012671,0,-1
2020320115748,2020,320115748,1,9,0,18,19,1,5,0,0,0,1,0,1,0,1,1,1,1,1,24,5,1998,1,5,-1,9,E01026320,0,-1
2020160929454,2020,160929454,1,2,0,3,3,0,0,0,0,1,0,0,0,0,1,1,6,6,1,69,10,49,1,20,-1,3,E01012999,0,-1
2020170H10870,2020,170H10870,1,9,0,18,19,7,3,0,0,8,0,0,0,0,1,1,6,6,2,44,7,1985,1,17,-1,6,E01012279,0,-1
2020420918767,2020,420918767,1,9,0,18,19,1,5,0,0,0,0,0,0,0,1,1,5,6,2,60,9,1586,1,14,-1,9,E01021682,0,-1
2020010259089,2020,010259089,2,9,0,18,19,5,1,0,0,1,0,0,0,0,2,1,6,6,1,49,8,1590,1,18,-1,4,E01002088,0,-1
202006L173631,2020,06L173631,1,9,0,17,19,2,7,0,0,0,0,0,0,0,3,1,6,6,1,34,6,1586,1,13,-1,1,E01006350,0,-1
2020211029865,2020,211029865,1,9,0,18,19,3,7,0,0,8,0,0,0,0,1,1,6,6,1,70,10,1586,1,15,-1,1,E01032887,0,-1
2020101029178,2020,101029178,1,9,0,18,19,2,7,0,0,2,0,0,0,0,1,1,5,6,1,70,10,1586,1,15,-1,-1,-1,0,-1
2020100949741,2020,100949741,2,9,0,18,19,7,3,0,0,4,0,0,0,0,4,1,6,6,1,44,7,1586,1,15,-1,8,-1,0,-1
2020320348803,2020,320348803,2,9,0,18,19,2,7,0,0,0,0,0,0,0,1,1,6,6,1,74,10,1586,1,18,-1,1,E01026073,0,-1
202006G178200,2020,06G178200,2,9,0,9,9,6,5,0,0,1,0,0,0,0,4,1,6,6,1,31,6,1586,1,16,-1,1,E01005945,0,-1
2020450932874,2020,450932874,1,9,0,9,9,1,5,0,0,6,0,0,0,0,3,1,5,6,1,21,5,1590,1,19,-1,10,E01030495,0,-1
2020501010364,2020,501010364,1,4,0,18,19,4,8,0,0,0,1,0,0,0,1,1,6,6,1,-1,-1,400,1,10,MAKE AND MODEL REDACTED,-1,-1,0,-1
2020010240538,2020,010240538,2,4,0,16,19,2,6,0,0,3,0,0,0,0,1,1,6,6,1,57,9,400,1,10,MAKE AND MODEL REDACTED,2,E01003335,0,-1
2020990922783,2020,990922783,2,4,0,18,19,7,3,0,0,8,0,0,0,0,1,1,1,1,1,41,7,400,1,10,MAKE AND MODEL REDACTED,5,-1,0,-1
2020010236871,2020,010236871,1,9,0,9,9,5,3,0,0,8,0,0,0,0,1,1,6,6,1,33,6,1329,1,11,-1,5,E01000211,0,-1
2020522100413,2020,522100413,1,9,0,4,4,7,5,0,0,8,0,0,0,0,2,1,6,6,1,42,7,1329,1,10,-1,5,E01033339,0,-1
2020122000925,2020,122000925,1,9,0,18,19,7,3,0,0,0,0,0,2,11,1,1,6,6,2,70,10,1364,2,10,-1,5,E01027822,0,-1
2020101002617,2020,101002617,2,9,0,16,19,5,1,0,0,6,0,0,0,0,4,1,6,6,1,78,11,1364,2,9,-1,10,E01008522,0,-1
2020040946528,2020,040946528,2,9,0,18,19,5,1,0,0,1,0,0,0,0,1,1,5,6,1,49,8,1364,2,11,-1,10,E01012559,0,-1
2020200996565,2020,200996565,2,9,0,3,3,8,4,0,0,1,0,0,0,0,2,1,1,1,2,54,8,1364,2,10,-1,4,E01008982,0,-1
2020470920183,2020,470920183,3,9,0,4,4,8,3,0,0,4,0,0,0,0,1,1,2,2,1,63,9,1329,1,10,-1,6,E01021033,0,-1
2020990974047,2020,990974047,1,9,0,18,19,7,3,0,0,0,1,0,4,0,1,1,6,6,1,82,11,2922,1,23,-1,7,-1,0,-1
2020010236519,2020,010236519,2,9,9,99,99,9,9,0,0,9,0,0,0,0,9,9,6,6,2,53,8,2922,1,23,-1,2,E01001633,0,-1
2020070285809,2020,070285809,1,9,0,5,5,5,1,0,0,4,0,0,0,0,3,1,6,6,1,-1,-1,1984,2,9,VOLVO XC60,9,E01018737,0,-1
2020522100072,2020,522100072,1,9,0,18,19,7,3,0,0,8,0,0,0,0,1,1,6,6,2,19,4,2400,2,12,VOLVO XC60,7,E01014907,0,-1
2020461001735,2020,461001735,1,9,0,3,3,5,1,0,0,0,0,0,0,0,1,1,1,1,2,52,8,1969,8,2,VOLVO XC60,8,E01016079,0,-1
2020460918803,2020,460918803,2,9,1,4,4,7,3,0,0,1,-1,0,0,0,2,1,6,6,2,42,7,1984,2,8,VOLVO XC60,5,E01030981,0,-1
2020549448320,2020,549448320,1,9,0,18,19,6,2,0,0,1,0,0,0,0,1,1,6,6,2,57,9,1969,2,5,VOLVO XC60,8,E01015486,0,-1
2020010279208,2020,010279208,2,9,0,99,99,9,9,99,99,0,9,99,9,99,1,9,6,6,3,-1,-1,1969,2,0,VOLVO XC60,-1,-1,0,-1
2020430156090,2020,430156090,1,9,0,18,19,5,1,0,0,0,0,0,0,0,1,1,1,1,1,32,6,2400,2,3,VOLVO XC60,6,E01031018,0,-1
2020531008797,2020,531008797,1,9,0,18,19,5,1,0,0,0,0,0,0,0,4,1,5,6,1,64,9,1969,8,1,VOLVO XC60,2,E01022285,0,-1
2020302001720,2020,302001720,3,9,0,2,2,0,0,0,0,0,0,0,0,0,2,1,6,6,3,-1,-1,2400,2,6,VOLVO XC60,-1,-1,0,-1
2020370969149,2020,370969149,1,9,0,5,5,1,5,0,0,0,0,0,3,0,1,1,5,6,1,82,11,2400,2,6,VOLVO XC60,8,E01033443,0,-1
2020470936688,2020,470936688,2,9,0,17,19,5,2,0,0,8,0,0,7,10,1,1,6,6,2,62,9,1969,2,3,VOLVO XC60,8,E01024575,0,-1
2020451008423,2020,451008423,1,9,0,5,5,2,6,6,6,0,0,0,0,0,3,1,5,6,2,40,7,2400,2,4,VOLVO XC60,10,E01030316,0,-1
2020450995009,2020,450995009,2,9,0,18,19,8,4,0,0,0,0,0,0,0,2,1,5,6,1,63,9,1969,2,6,VOLVO XC60,10,E01030925,0,-1
2020360987034,2020,360987034,4,9,0,18,19,1,5,0,0,0,0,0,0,0,4,1,5,6,1,58,9,2400,2,4,VOLVO XC60,9,E01026742,0,-1
2020470955628,2020,470955628,2,9,0,18,19,8,5,0,0,0,0,0,0,0,1,1,5,6,1,43,7,2400,2,8,VOLVO XC60,10,E01030821,0,-1
2020420933684,2020,420933684,4,9,0,4,4,2,6,0,0,0,0,0,0,0,2,1,6,6,1,38,7,2400,2,3,VOLVO XC60,8,E01022064,0,-1
2020470970886,2020,470970886,2,9,0,18,19,7,3,0,0,0,0,0,0,0,1,1,5,6,1,68,10,2400,2,8,VOLVO XC60,9,E01021229,0,-1
20201372A1208,2020,1372A1208,2,9,0,18,19,6,2,0,0,8,0,0,0,0,1,1,6,6,1,21,5,1969,2,4,VOLVO XC60,7,E01011569,0,-1
2020040943097,2020,040943097,2,9,0,18,19,5,1,0,0,8,0,0,0,0,1,1,5,6,1,59,9,1969,2,2,VOLVO XC60,7,E01025003,0,-1
20201373B1258,2020,1373B1258,2,9,0,18,19,3,7,0,0,0,0,0,0,0,2,1,6,6,2,50,8,1969,2,3,VOLVO XC60,5,E01011114,0,-1
2020430294102,2020,430294102,5,9,0,3,3,5,1,0,0,8,0,0,0,0,3,1,6,6,1,56,9,2400,2,12,VOLVO XC60,5,E01002443,0,-1
2020410937905,2020,410937905,2,9,0,9,9,3,7,0,0,1,0,0,0,0,3,1,6,6,1,48,8,1969,2,1,VOLVO XC60,8,E01033029,0,-1
2020040958612,2020,040958612,2,9,0,18,19,1,5,0,0,0,0,0,0,0,1,1,5,6,1,62,9,2400,2,5,VOLVO XC60,9,E01025439,0,-1
2020351016005,2020,351016005,2,9,0,5,5,1,5,0,0,4,0,0,0,0,1,1,6,6,1,53,8,1969,2,6,VOLVO XC60,6,E01026330,0,-1
2020010271913,2020,010271913,2,9,0,18,19,3,7,0,0,8,0,0,0,0,3,1,6,6,1,32,6,1969,2,2,VOLVO XC60,-1,-1,0,-1
2020500942278,2020,500942278,3,9,0,18,19,3,7,0,0,0,0,0,0,0,2,1,1,1,1,37,7,1969,2,2,VOLVO XC60,9,E01029318,0,-1
2020552000970,2020,552000970,2,9,0,18,19,2,6,0,0,0,0,0,0,0,1,1,6,6,2,53,8,1984,2,10,VOLVO XC60,6,E01020449,0,-1
2020430071586,2020,430071586,2,9,0,18,19,4,8,0,0,1,0,0,0,0,3,1,6,6,1,30,6,1969,8,2,VOLVO XC60,5,E01016731,0,-1
2020010280455,2020,010280455,1,9,0,18,19,1,5,0,0,1,0,0,0,0,1,1,6,6,1,32,6,1969,2,5,VOLVO XC60,2,E01003302,0,-1
2020450925268,2020,450925268,3,9,0,18,19,1,1,0,0,0,0,0,0,0,2,1,5,6,1,60,9,1969,2,0,VOLVO XC60,8,E01030732,0,-1
2020010233001,2020,010233001,2,9,0,4,4,3,7,0,0,0,0,0,0,0,2,1,6,6,1,56,9,1969,8,3,VOLVO XC60,5,E01000530,0,-1
2020420927269,2020,420927269,1,9,0,18,19,6,2,0,0,0,0,0,0,0,1,1,2,2,1,44,7,2400,2,6,VOLVO XC60,6,E01021723,0,-1
2020052000249,2020,052000249,1,9,0,18,19,7,3,0,0,8,0,0,1,1,1,1,6,6,1,79,11,2400,2,10,VOLVO XC60,7,E01019387,0,-1
2020320114450,2020,320114450,3,9,0,18,19,1,5,0,0,0,0,0,0,0,2,1,6,6,2,-1,-1,1969,1,2,VOLVO XC60,8,E01013327,0,-1
2020010278586,2020,010278586,2,9,0,18,19,1,5,0,0,1,0,0,0,0,4,1,6,6,3,-1,-1,2400,2,9,VOLVO XC60,-1,-1,0,-1
2020552000403,2020,552000403,2,9,0,4,4,2,6,0,0,1,0,0,0,0,2,1,6,6,2,49,8,2400,2,9,VOLVO XC60,5,E01023011,0,-1
2020100916022,2020,100916022,1,9,0,18,19,1,5,0,0,0,0,0,0,0,1,1,6,6,1,50,8,2400,2,8,VOLVO XC60,2,E01008491,0,-1
2020010279377,2020,010279377,1,9,0,3,3,1,5,99,99,8,9,99,9,99,2,1,6,6,1,35,6,1969,1,2,VOLVO XC60,2,E01001848,0,-1
20201372K0910,2020,1372K0910,2,9,0,18,19,8,4,0,0,1,0,0,1,0,1,1,6,6,1,45,7,1969,2,1,VOLVO XC60,9,E01010687,0,-1
2020100971310,2020,100971310,2,9,0,9,9,5,3,0,0,8,0,0,0,0,1,1,6,6,1,74,10,1969,2,0,VOLVO XC60,10,E01008546,0,-1
2020622001074,2020,622001074,2,9,0,18,19,4,8,0,0,1,0,0,0,0,1,1,6,6,1,72,10,2400,2,6,VOLVO XC60,10,W01000827,0,-1
20201373G0133,2020,1373G0133,1,9,0,16,19,3,6,0,0,0,0,0,7,0,3,1,2,2,2,29,6,1969,2,5,VOLVO XC60,3,E01010980,0,-1
2020622000711,2020,622000711,3,9,0,17,19,8,4,0,0,0,0,0,0,0,1,1,6,6,1,43,7,1969,2,1,VOLVO XC60,10,W01000827,0,-1
2020470948133,2020,470948133,1,9,0,2,2,0,0,0,0,1,0,0,0,0,3,1,6,6,2,73,10,2400,2,11,VOLVO XC60,4,E01031386,0,-1
2020210983371,2020,210983371,2,9,0,7,7,2,6,0,0,0,0,0,0,0,1,1,3,7,2,47,8,2400,2,4,VOLVO XC60,7,E01010355,0,-1
2020100940796,2020,100940796,1,9,0,9,9,8,6,0,0,2,0,0,0,0,3,1,1,1,1,62,9,1969,2,6,VOLVO XC60,5,E01008835,0,-1
2020010244303,2020,010244303,3,9,0,2,2,0,0,0,0,0,0,0,0,0,3,1,6,6,3,-1,-1,1969,2,2,VOLVO XC60,-1,-1,0,-1
2020990960673,2020,990960673,2,9,0,18,19,8,4,0,0,8,0,0,0,0,1,1,5,6,2,30,6,1969,2,3,VOLVO XC60,10,-1,0,-1
202031C107220,2020,31C107220,2,9,0,11,11,7,3,0,0,2,0,0,0,0,4,1,6,6,2,46,8,1969,2,3,VOLVO XC60,2,E01013963,0,-1
2020332000144,2020,332000144,2,9,0,18,19,3,7,0,0,0,0,0,1,0,1,1,6,6,1,72,10,1969,2,1,VOLVO XC60,10,E01031124,0,-1
2020430241385,2020,430241385,1,9,0,18,19,8,2,0,0,4,0,0,0,0,1,1,6,6,2,38,7,2400,2,5,VOLVO XC60,7,E01017548,0,-1
2020010254816,2020,010254816,2,9,0,14,14,1,5,0,0,1,0,0,0,0,1,1,6,6,2,37,7,2400,2,7,VOLVO XC60,3,E01002814,0,-1
2020302000135,2020,302000135,1,9,0,18,19,2,6,0,0,0,0,0,0,0,4,1,6,6,1,30,6,1969,2,5,VOLVO XC60,6,E01013495,0,-1
2020010271058,2020,010271058,2,9,0,2,2,0,0,0,0,1,0,0,0,0,0,1,6,6,3,-1,-1,1969,2,4,VOLVO XC60,-1,-1,0,-1
2020200947632,2020,200947632,1,9,0,18,19,7,3,0,0,0,0,7,4,0,1,1,6,6,1,31,6,2400,2,7,VOLVO XC60,6,E01010380,0,-1
2020990939421,2020,990939421,2,9,0,18,19,8,4,0,0,1,0,0,0,0,1,1,5,6,2,35,6,2400,2,3,VOLVO XC60,5,-1,0,-1
2020100972214,2020,100972214,1,9,0,18,19,7,3,0,0,4,0,0,0,0,1,1,6,6,1,50,8,2400,2,11,VOLVO XC60,8,E01023879,0,-1
2020541270020,2020,541270020,1,9,0,18,19,7,5,0,0,3,0,0,0,0,4,1,2,2,1,65,9,1969,2,3,VOLVO XC60,6,E01031889,0,-1
2020052000438,2020,052000438,1,9,0,18,19,7,3,0,0,0,0,0,0,0,1,1,1,1,1,39,7,1969,2,1,VOLVO XC60,-1,-1,0,-1
2020010276049,2020,010276049,1,9,0,3,3,5,1,0,0,5,0,0,0,0,2,1,6,6,1,45,7,1969,2,6,VOLVO XC60,3,W01000850,0,-1
2020122001156,2020,122001156,3,9,0,3,3,5,1,0,0,0,0,0,0,0,2,1,2,2,2,45,7,2400,2,4,VOLVO XC60,8,E01027695,0,-1
2020010271222,2020,010271222,1,9,0,16,19,5,1,0,0,6,0,0,0,0,1,1,1,1,1,53,8,1969,2,1,VOLVO XC60,6,E01017014,0,-1
2020010280990,2020,010280990,1,9,0,9,9,4,1,0,0,5,0,0,0,0,1,1,6,6,1,63,9,2400,2,11,VOLVO XC60,2,E01004436,0,-1
2020461025500,2020,461025500,1,9,0,3,3,7,3,0,0,1,0,0,0,0,1,1,5,6,1,56,9,2400,2,6,VOLVO XC60,10,E01024404,0,-1
2020010263711,2020,010263711,2,9,0,9,9,1,7,0,0,5,0,0,0,0,3,1,6,6,2,48,8,1969,1,1,VOLVO XC60,8,E01001963,0,-1
2020350931352,2020,350931352,1,9,0,18,19,5,1,0,0,0,0,0,1,0,1,1,5,6,2,61,9,1969,2,4,VOLVO XC60,7,E01018026,0,-1
2020500981061,2020,500981061,2,9,0,4,4,3,7,0,0,0,0,0,0,0,1,1,5,6,1,51,8,1969,2,1,VOLVO XC60,10,E01020194,0,-1
2020230981912,2020,230981912,3,9,0,3,3,6,2,0,0,0,0,0,0,0,2,1,1,1,1,37,7,1969,2,0,VOLVO XC60,6,E01009699,0,-1
2020549679920,2020,549679920,4,9,0,4,4,1,5,0,0,1,0,0,0,0,2,1,6,6,1,69,10,1969,2,4,VOLVO XC60,10,E01031905,0,-1
2020122100040,2020,122100040,1,9,0,5,5,5,1,9,9,5,0,0,3,0,1,1,6,6,2,84,11,2400,2,5,VOLVO XC60,9,E01027708,0,-1
2020401004761,2020,401004761,3,9,0,18,19,7,3,0,0,0,0,0,0,0,0,1,5,6,1,70,10,1969,1,1,VOLVO XC60,10,E01017402,0,-1
2020010253401,2020,010253401,3,9,0,99,99,9,9,99,99,9,9,99,9,99,2,9,6,6,3,-1,-1,1969,1,3,VOLVO XC60,6,E01001527,0,-1
2020360968405,2020,360968405,1,9,0,9,9,7,5,0,0,8,0,0,0,0,0,1,1,1,1,54,8,1969,2,2,VOLVO XC60,8,E01026948,0,-1
2020040925638,2020,040925638,1,9,0,9,9,7,1,0,0,8,0,0,0,0,1,1,5,6,1,44,7,2400,2,4,VOLVO XC60,8,E01025420,0,-1
2020010246303,2020,010246303,1,9,0,6,6,3,3,9,9,0,0,0,1,0,1,1,6,6,3,-1,-1,2400,2,3,VOLVO XC60,-1,-1,0,-1
2020470969697,2020,470969697,1,9,0,16,19,1,4,0,0,1,0,0,0,0,1,1,5,6,1,79,11,2400,2,5,VOLVO XC60,4,E01031795,0,-1
2020440024125,2020,440024125,2,9,0,4,4,5,1,0,0,0,0,0,0,0,2,1,6,6,2,37,7,2400,2,9,VOLVO XC60,5,E01017275,0,-1
2020030921973,2020,030921973,2,9,0,3,3,7,3,0,0,0,0,0,0,0,0,1,2,2,1,46,8,1969,2,2,VOLVO XC60,7,E01019212,0,-1
2020501005306,2020,501005306,2,9,0,18,19,1,5,0,0,0,0,0,0,0,0,1,6,6,1,60,9,2400,2,5,VOLVO XC60,-1,-1,0,-1
2020440275480,2020,440275480,2,9,0,17,19,4,1,0,0,0,0,0,0,0,3,1,6,6,2,34,6,1969,2,1,VOLVO XC60,10,E01022708,0,-1
2020430302026,2020,430302026,1,9,0,3,3,2,6,0,0,0,0,0,0,0,1,1,3,7,1,40,7,1969,2,5,VOLVO XC60,9,E01032958,0,-1
2020522100947,2020,522100947,2,9,0,9,9,2,8,0,0,8,0,0,0,0,3,1,6,6,1,44,7,2400,2,7,VOLVO XC60,9,E01014738,0,-1
2020010235162,2020,010235162,2,9,0,99,99,9,9,99,99,9,9,99,9,99,1,9,6,6,3,63,9,1969,2,1,VOLVO XC60,8,E01000893,0,-1
2020430042586,2020,430042586,1,9,0,2,2,0,0,0,0,0,0,0,0,0,3,1,6,6,1,38,7,2000,2,9,VOLVO XC60,7,E01028424,0,-1
2020230953592,2020,230953592,2,9,0,3,3,8,4,0,0,1,0,0,0,0,2,1,5,6,1,57,9,2400,2,3,VOLVO XC60,9,E01031129,0,-1
2020420965032,2020,420965032,1,9,0,6,6,1,1,0,0,8,0,0,0,0,1,1,5,6,1,27,6,1969,2,6,VOLVO XC60,3,E01021852,0,-1
2020991009058,2020,991009058,1,9,0,13,13,5,1,0,0,0,0,0,7,0,1,1,5,6,1,25,5,1969,12,0,VOLVO XC60,5,E01033262,0,-1
2020990928022,2020,990928022,2,9,0,3,3,2,6,0,0,1,0,0,0,0,2,1,6,6,1,51,8,2400,2,4,VOLVO XC60,-1,-1,0,-1
2020552000842,2020,552000842,1,9,0,1,1,5,1,0,0,6,0,0,0,0,4,1,6,6,1,48,8,1969,1,2,VOLVO XC60,6,E01015462,0,-1
2020010251864,2020,010251864,1,9,0,18,19,1,5,0,0,1,0,0,4,4,1,1,6,6,1,18,4,2400,2,4,VOLVO XC60,4,E01003907,0,-1
2020610038820,2020,610038820,1,9,0,18,19,7,3,0,0,0,0,0,0,0,2,1,2,2,1,72,10,1969,1,1,VOLVO XC60,-1,-1,0,-1
2020220934301,2020,220934301,2,9,0,16,19,2,6,0,0,0,0,0,0,0,3,1,5,6,1,37,7,2400,2,8,VOLVO XC60,7,E01028950,0,-1
2020460977623,2020,460977623,3,9,0,2,2,0,0,0,0,1,0,0,1,0,1,1,6,6,3,-1,-1,2400,2,3,VOLVO XC60,-1,-1,0,-1
2020440025448,2020,440025448,2,9,0,18,19,4,8,0,0,8,0,0,0,0,1,1,3,7,2,44,7,1969,2,4,VOLVO XC60,10,E01023240,0,-1
2020360969363,2020,360969363,2,9,0,18,19,3,7,0,0,0,0,0,0,0,2,1,5,6,1,41,7,1984,2,8,VOLVO XC60,10,E01027280,0,-1
2020360938445,2020,360938445,2,9,0,18,19,2,1,0,0,0,0,0,0,0,1,1,5,6,2,36,7,1984,2,8,VOLVO XC60,6,E01026545,0,-1
2020160946833,2020,160946833,1,9,0,1,1,8,4,0,0,0,0,0,0,0,2,1,6,6,1,-1,-1,1969,2,6,VOLVO XC60,-1,-1,0,-1
2020430079709,2020,430079709,1,9,0,3,3,7,3,0,0,0,0,0,0,0,2,1,1,1,2,53,8,1969,2,1,VOLVO XC60,9,E01017684,0,-1
2020361004788,2020,361004788,1,9,0,18,19,1,5,0,0,0,0,0,0,0,1,1,5,6,1,73,10,1969,2,4,VOLVO XC60,4,E01026656,0,-1
2020041007158,2020,041007158,2,9,0,18,19,1,5,0,0,8,0,0,0,0,1,1,5,6,2,46,8,2400,2,6,VOLVO XC60,7,E01025373,0,-1
2020361010054,2020,361010054,6,9,0,18,19,6,2,0,0,0,0,0,0,0,1,1,5,6,1,71,10,1984,2,9,VOLVO XC60,8,E01026558,0,-1
2020010263346,2020,010263346,3,9,0,2,2,0,0,0,0,0,0,4,0,0,3,1,6,6,3,-1,-1,1969,1,3,VOLVO XC60,-1,-1,0,-1
2020500982776,2020,500982776,1,9,0,9,9,1,4,0,0,1,0,0,0,0,1,1,6,6,1,40,7,1969,8,0,VOLVO XC60,10,E01022145,0,-1
2020100933557,2020,100933557,2,9,0,10,10,5,1,0,0,8,0,0,0,0,1,1,5,6,2,51,8,1969,2,1,VOLVO XC60,4,E01027381,0,-1
2020470970154,2020,470970154,3,9,0,18,19,3,7,0,0,0,0,0,0,0,0,1,1,1,1,36,7,1969,8,1,VOLVO XC60,6,E01021034,0,-1
2020430157968,2020,430157968,2,9,0,4,4,7,3,0,0,8,0,0,0,0,1,1,6,6,2,49,8,1969,2,4,VOLVO XC60,10,E01028705,0,-1
2020990989186,2020,990989186,2,9,0,18,19,5,5,0,0,1,0,0,0,0,1,1,2,2,1,60,9,1969,2,3,VOLVO XC60,8,-1,0,-1
202006A167363,2020,06A167363,3,9,0,7,7,5,7,0,0,6,0,0,0,7,3,1,2,2,2,39,7,1969,2,5,VOLVO XC60,7,E01005550,0,-1
2020160941383,2020,160941383,1,9,0,18,19,1,5,0,0,0,0,0,0,0,1,1,6,6,1,62,9,1969,2,4,VOLVO XC60,7,E01013325,0,-1
2020460943425,2020,460943425,2,9,0,9,9,3,1,0,0,1,0,0,0,0,2,1,5,6,2,47,8,1969,2,5,VOLVO XC60,8,E01001617,0,-1
2020460962830,2020,460962830,1,9,0,18,19,5,1,0,0,0,5,7,1,0,1,1,6,6,2,67,10,2400,2,3,VOLVO XC60,5,E01016127,0,-1
20201372C0765,2020,1372C0765,1,9,0,18,19,2,6,0,0,1,0,0,0,0,4,1,6,6,1,31,6,2400,2,4,VOLVO XC60,3,E01010584,0,-1
2020460962691,2020,460962691,2,9,0,4,4,1,7,0,0,0,0,0,0,0,2,1,5,6,1,49,8,1969,2,2,VOLVO XC60,4,E01024624,0,-1
2020200960965,2020,200960965,1,9,0,18,19,-1,-1,0,0,0,0,0,0,0,1,1,5,6,3,46,8,1969,2,4,VOLVO XC60,5,E01009716,0,-1