collision_index,collision_year,collision_ref_no,vehicle_reference,vehicle_type,towing_and_articulation,vehicle_manoeuvre_historic,vehicle_manoeuvre,vehicle_direction_from,vehicle_direction_to,vehicle_location_restricted_lane_historic,vehicle_location_restricted_lane,junction_location,skidding_and_overturning,hit_object_in_carriageway,vehicle_leaving_carriageway,hit_object_off_carriageway,first_point_of_impact,vehicle_left_hand_drive,journey_purpose_of_driver_historic,journey_purpose_of_driver,sex_of_driver,age_of_driver,age_band_of_driver,engine_capacity_cc,propulsion_code,age_of_vehicle,generic_make_model,driver_imd_decile,lsoa_of_driver,escooter_flag,driver_distance_banding
2020010248392,2020,010248392,2,9,0,2,2,0,0,0,0,0,0,0,0,0,0,1,6,6,3,-1,-1,1969,1,3,VOLVO XC60,-1,-1,0,-1
2020460974186,2020,460974186,2,9,0,18,19,5,1,0,0,0,0,0,0,0,2,1,5,6,1,36,7,1984,2,8,VOLVO XC60,8,E01023141,0,-1
2020170S10130,2020,170S10130,1,9,0,3,3,6,2,0,0,0,0,0,0,0,2,1,6,6,2,31,6,1969,2,4,VOLVO XC60,10,E01033479,0,-1
2020460974681,2020,460974681,2,9,0,4,4,7,3,0,0,0,0,0,0,0,1,1,5,6,2,70,10,2400,2,7,VOLVO XC60,7,E01024459,0,-1
2020302000071,2020,302000071,2,9,0,18,19,2,6,0,0,1,1,0,0,0,1,1,6,6,1,52,8,2400,2,5,VOLVO XC60,8,E01019714,0,-1
2020010251632,2020,010251632,1,9,0,4,4,2,6,0,0,3,0,0,0,0,2,1,6,6,2,48,8,1969,1,1,VOLVO XC60,8,E01001967,0,-1
2020990937602,2020,990937602,1,9,0,16,19,1,5,0,0,0,0,0,8,0,1,1,5,6,1,70,10,1969,8,0,VOLVO XC60,8,-1,0,-1
2020220986125,2020,220986125,2,9,0,18,19,7,3,0,0,8,0,0,0,0,4,1,5,6,2,46,8,1969,2,4,VOLVO XC60,5,E01032181,0,-1
2020420978512,2020,420978512,3,9,0,7,7,2,2,0,0,0,0,0,0,0,0,1,5,6,1,49,8,1969,2,2,VOLVO XC60,8,E01021578,0,-1
2020010265851,2020,010265851,2,9,0,99,99,9,9,99,99,9,9,99,9,99,1,9,6,6,1,61,9,1969,2,1,VOLVO XC60,4,E01000561,0,-1
2020122001186,2020,122001186,2,9,0,18,19,8,4,0,0,8,0,0,0,0,4,1,6,6,2,67,10,1969,2,0,VOLVO XC60,8,E01027587,0,-1
2020420941546,2020,420941546,1,9,0,18,19,2,7,0,0,0,0,0,0,0,1,1,5,6,2,55,8,2400,2,8,VOLVO XC60,3,E01022019,0,-1
2020200935546,2020,200935546,2,9,0,3,3,8,4,0,0,0,0,0,0,0,2,1,6,6,1,41,7,1969,2,2,VOLVO XC60,6,E01010023,0,-1
2020500975651,2020,500975651,2,9,0,4,4,1,5,0,0,1,0,0,0,0,2,1,5,6,2,49,8,2400,2,10,VOLVO XC60,8,E01020110,0,-1
2020010276057,2020,010276057,1,9,0,9,9,1,6,0,0,6,0,0,0,0,1,1,2,2,2,45,7,1969,8,1,VOLVO XC60,6,E01001212,0,-1
2020991008092,2020,991008092,2,9,0,17,19,5,1,0,0,8,1,0,0,0,4,1,5,6,2,58,9,1969,2,6,VOLVO XC60,8,-1,0,-1
2020170H10180,2020,170H10180,1,9,0,18,19,2,6,0,0,0,0,0,0,0,1,1,6,6,1,54,8,2400,2,8,VOLVO XC60,5,E01020772,0,-1
2020010280005,2020,010280005,1,9,0,9,9,1,7,0,0,2,0,0,0,0,3,1,6,6,2,46,8,1969,1,1,VOLVO XC60,6,E01004626,0,-1
2020160989166,2020,160989166,2,9,0,3,3,2,6,0,0,0,0,0,0,0,2,1,6,6,2,-1,-1,1969,2,4,VOLVO XC60,7,E01012792,0,-1
202006J377682,2020,06J377682,2,9,0,17,19,5,2,0,0,0,5,0,0,0,1,1,6,6,2,38,7,1969,2,6,VOLVO XC60,10,E01018656,0,-1
2020010235260,2020,010235260,2,9,0,17,19,7,4,0,0,0,0,0,0,0,1,2,6,6,2,44,7,1969,1,1,VOLVO XC60,5,E01003080,0,-1
2020371006783,2020,371006783,1,9,0,18,19,4,8,0,0,0,0,0,0,0,-1,1,2,2,1,61,9,1969,1,3,VOLVO XC60,5,E01030138,0,-1
2020340N05862,2020,340N05862,2,9,0,3,3,3,7,0,0,1,0,0,0,0,2,1,6,6,1,49,8,2400,2,6,VOLVO XC60,1,E01027239,0,-1
2020070148984,2020,070148984,1,9,0,2,2,5,3,0,0,1,0,0,0,0,4,1,1,1,1,26,6,2400,2,3,VOLVO XC60,7,E01018725,0,-1
2020040984197,2020,040984197,2,9,0,18,19,7,3,0,0,0,0,0,2,6,2,1,5,6,2,29,6,1969,2,4,VOLVO XC60,6,E01011518,0,-1
2020137731032,2020,137731032,1,9,0,18,19,1,5,0,0,8,0,0,0,0,1,1,6,6,1,44,7,2400,2,4,VOLVO XC60,4,E01011325,0,-1
2020340N06062,2020,340N06062,1,9,0,5,5,1,5,0,0,4,0,0,0,0,1,1,6,6,2,29,6,2400,2,7,VOLVO XC60,8,E01027285,0,-1
2020450976603,2020,450976603,2,9,0,5,5,1,5,0,0,6,0,0,0,0,1,1,6,6,1,40,7,2400,2,6,VOLVO XC60,9,E01030510,0,-1
2020160988543,2020,160988543,2,9,0,18,19,5,1,0,0,0,0,0,0,0,2,1,6,6,2,58,9,1969,2,4,VOLVO XC60,7,E01012966,0,-1
2020460935032,2020,460935032,1,9,0,18,19,4,8,0,0,0,0,0,0,0,1,1,6,6,2,50,8,2400,2,8,VOLVO XC60,5,E01021100,0,-1
2020100938583,2020,100938583,1,9,0,18,19,1,5,0,0,0,0,0,0,0,1,1,6,6,1,63,9,1969,2,3,VOLVO XC60,3,E01004929,0,-1
2020052000588,2020,052000588,1,9,0,7,7,8,2,0,0,6,0,0,0,0,1,1,6,6,1,59,9,1969,1,3,VOLVO XC60,3,E01006534,0,-1
2020410989184,2020,410989184,2,9,0,18,19,8,4,0,0,0,0,0,7,10,3,1,6,6,1,40,7,1969,2,3,VOLVO XC60,10,E01023551,0,-1
2020470971011,2020,470971011,3,9,0,18,19,3,7,0,0,0,0,0,0,0,2,1,5,6,2,43,7,1969,2,6,VOLVO XC60,2,E01021103,0,-1
2020460944341,2020,460944341,1,9,0,17,19,5,1,0,0,0,0,0,1,1,1,1,5,6,1,38,7,2400,2,8,VOLVO XC60,4,E01000472,0,-1
2020450927008,2020,450927008,2,9,0,17,19,6,5,0,0,0,0,0,0,0,3,1,3,7,2,37,7,2953,1,12,VOLVO XC60,6,E01030600,0,-1
2020221020992,2020,221020992,3,9,0,18,19,2,6,0,0,0,0,0,0,0,1,1,6,6,2,27,6,2400,2,3,VOLVO XC60,5,E01014056,0,-1
2020052000032,2020,052000032,2,9,0,17,19,6,2,0,0,0,0,0,0,0,0,1,1,1,1,-1,-1,1969,2,1,VOLVO XC60,3,E01006743,0,-1
2020140998221,2020,140998221,1,9,0,10,10,7,4,0,0,1,0,0,0,0,2,1,5,6,2,40,7,1969,2,3,VOLVO XC60,9,E01007711,0,-1
2020400927740,2020,400927740,2,9,0,4,4,8,4,0,0,0,0,0,0,0,2,1,2,2,2,50,8,1969,2,4,VOLVO XC60,6,E01017578,0,-1
2020420991458,2020,420991458,1,9,0,7,7,8,2,0,0,1,0,0,3,0,1,1,6,6,2,31,6,1969,2,1,VOLVO XC60,7,E01023492,0,-1
2020991001217,2020,991001217,1,9,0,18,19,4,8,0,0,0,0,11,0,0,4,1,3,7,2,41,7,2400,2,7,VOLVO XC60,3,-1,0,-1
2020440413517,2020,440413517,1,9,0,3,3,3,7,0,0,8,0,0,0,0,1,1,6,6,1,41,7,1969,2,5,VOLVO XC60,9,E01031880,0,-1
2020420925270,2020,420925270,3,9,0,16,19,4,8,0,0,0,0,0,0,0,0,1,6,6,2,52,8,1969,2,3,VOLVO XC60,7,E01027210,0,-1
2020140950165,2020,140950165,2,9,0,18,19,5,1,0,0,1,0,0,0,0,1,1,6,6,1,73,10,2400,2,5,VOLVO XC60,4,E01007557,0,-1
2020010235824,2020,010235824,1,9,0,14,14,1,5,0,0,0,0,0,0,0,1,1,6,6,2,33,6,2400,2,8,VOLVO XC60,2,E01003190,0,-1
2020450994642,2020,450994642,2,9,0,18,19,1,5,0,0,0,0,0,0,0,2,1,5,6,1,37,7,2400,2,7,VOLVO XC60,10,E01030356,0,-1
2020990969848,2020,990969848,2,9,0,18,19,2,6,0,0,1,0,0,0,0,1,1,5,6,1,40,7,2400,2,6,VOLVO XC60,5,-1,0,-1
2020100974287,2020,100974287,1,9,0,9,9,5,3,0,0,6,0,0,0,0,3,1,5,6,1,70,10,1969,1,0,VOLVO XC60,5,E01008687,0,-1
2020400958391,2020,400958391,2,9,0,18,19,8,8,0,0,8,0,0,1,11,4,1,6,6,2,22,5,1969,2,5,VOLVO XC60,3,E01015724,0,-1
2020210996578,2020,210996578,1,9,0,18,19,1,5,0,0,8,0,0,0,0,3,1,6,6,1,71,10,2400,2,4,VOLVO XC60,3,E01029849,0,-1
2020010248683,2020,010248683,1,9,0,99,99,9,9,99,99,9,9,99,9,99,1,9,6,6,1,59,9,1969,2,5,VOLVO XC60,10,E01003881,0,-1
2020552000929,2020,552000929,1,9,0,11,11,6,2,4,4,0,0,0,0,0,4,1,6,6,1,33,6,2400,2,3,VOLVO XC60,5,E01015296,0,-1
2020501004912,2020,501004912,1,9,0,17,19,7,3,0,0,0,1,0,0,0,1,1,6,6,2,45,7,1984,2,9,VOLVO XC60,4,E01020311,0,-1
2020610045920,2020,610045920,1,9,0,16,19,8,2,0,0,0,0,0,0,4,1,1,6,6,1,54,8,1969,8,0,VOLVO XC60,7,E01022248,0,-1
20201372N1525,2020,1372N1525,1,9,0,6,6,5,1,0,0,0,0,0,0,0,3,1,6,6,1,65,9,2400,2,10,VOLVO XC60,2,E01011854,0,-1
2020460966581,2020,460966581,1,9,0,18,19,1,5,0,0,2,0,0,0,0,3,1,5,6,1,57,9,1969,1,1,VOLVO XC60,6,E01024130,0,-1
2020622000835,2020,622000835,2,10,0,18,19,2,6,0,0,8,0,0,0,0,1,1,6,6,1,28,6,-1,-1,-1,-1,9,W01000795,0,-1
2020030945368,2020,030945368,2,9,0,18,19,3,1,0,0,0,0,0,0,0,1,1,6,6,1,37,7,1969,2,6,VOLVO XC60,6,E01025535,0,-1
2020010229168,2020,010229168,1,3,0,99,99,9,9,99,99,9,9,99,9,99,1,1,6,6,1,19,4,124,1,3,YAMAHA X-MAX 125,3,E01004031,0,-1
2020430366823,2020,430366823,1,3,0,18,19,1,5,0,0,8,0,0,0,0,1,1,2,2,1,33,6,124,1,0,YAMAHA X-MAX 125,4,E01016378,0,-1
2020010273197,2020,010273197,1,3,0,18,19,2,6,0,0,2,0,0,0,0,3,1,2,2,1,19,4,124,1,0,YAMAHA X-MAX 125,6,E01001867,0,-1
2020010271576,2020,010271576,1,3,0,99,99,9,9,99,99,9,9,99,9,99,9,1,6,6,1,46,8,124,1,2,YAMAHA X-MAX 125,3,E01004568,0,-1
2020010282284,2020,010282284,2,3,0,18,19,1,5,0,0,8,0,0,0,0,1,1,6,6,1,17,4,124,1,0,YAMAHA X-MAX 125,3,E01002595,0,-1
2020010284665,2020,010284665,2,3,0,18,19,5,1,0,0,2,1,0,0,0,4,1,1,1,1,27,6,124,1,0,YAMAHA X-MAX 125,-1,-1,0,-1
2020010280282,2020,010280282,1,3,0,18,19,7,3,0,0,1,0,0,0,0,3,1,6,6,1,29,6,124,1,3,YAMAHA X-MAX 125,3,E01003485,0,-1
2020010240993,2020,010240993,2,3,0,13,13,1,5,0,0,1,5,0,0,0,1,1,1,1,1,36,7,124,1,3,YAMAHA X-MAX 125,3,E01000506,0,-1
2020010275292,2020,010275292,1,3,0,14,14,3,7,0,0,0,5,0,0,0,4,1,6,6,1,33,6,124,1,1,YAMAHA X-MAX 125,4,E01001355,0,-1
2020210985963,2020,210985963,2,3,-1,-1,-1,-1,-1,-1,-1,-1,-1,-1,-1,0,-1,1,6,6,1,43,7,124,1,1,YAMAHA X-MAX 125,7,E01029385,0,-1
2020010237914,2020,010237914,1,3,0,5,5,4,8,0,0,1,5,0,0,99,1,1,2,2,1,31,6,124,1,2,YAMAHA X-MAX 125,2,E01002831,0,-1
2020460962531,2020,460962531,1,3,0,18,19,7,3,0,0,1,0,0,0,0,0,1,6,6,1,39,7,124,1,3,YAMAHA X-MAX 125,8,E01024385,0,-1
2020471011640,2020,471011640,2,3,0,18,19,5,1,0,0,8,0,0,0,0,1,1,2,2,1,54,8,124,1,3,YAMAHA X-MAX 125,6,E01016878,0,-1
2020010231159,2020,010231159,1,3,0,18,19,7,3,0,0,6,2,0,0,0,0,1,6,6,1,25,5,124,1,2,YAMAHA X-MAX 125,5,E01004646,0,-1
2020010251017,2020,010251017,1,3,0,99,99,9,9,99,99,9,9,99,9,99,9,1,6,6,1,23,5,124,1,0,YAMAHA X-MAX 125,3,E01002030,0,-1
2020302001543,2020,302001543,1,3,0,18,19,4,8,0,0,0,1,0,1,9,0,1,6,6,1,18,4,124,1,0,YAMAHA X-MAX 125,5,E01019520,0,-1
2020010249190,2020,010249190,1,3,0,18,19,5,1,0,0,1,0,0,0,0,1,1,6,6,1,37,7,124,1,0,YAMAHA X-MAX 125,-1,-1,0,-1
2020010268577,2020,010268577,1,3,0,99,99,9,9,99,99,9,9,99,9,99,2,1,6,6,1,30,6,124,1,0,YAMAHA X-MAX 125,2,E01004211,0,-1
2020010283016,2020,010283016,1,3,0,18,19,5,1,0,0,8,0,0,0,0,1,1,6,6,1,55,8,124,1,2,YAMAHA X-MAX 125,-1,-1,0,-1
2020010258643,2020,010258643,1,3,0,18,19,4,8,0,0,1,2,0,0,0,2,1,6,6,1,22,5,124,1,1,YAMAHA X-MAX 125,3,E01004752,0,-1
2020460977473,2020,460977473,1,3,0,5,5,5,1,0,0,4,0,0,0,0,0,1,1,1,1,-1,-1,124,1,1,YAMAHA X-MAX 125,-1,-1,0,-1
2020460979140,2020,460979140,1,3,0,16,19,2,6,0,0,0,1,0,0,0,1,1,2,2,1,25,5,124,1,3,YAMAHA X-MAX 125,7,E01024273,0,-1
2020010242017,2020,010242017,1,3,0,99,99,9,9,99,99,0,9,99,9,99,9,1,6,6,1,30,6,124,1,1,YAMAHA X-MAX 125,4,E01001146,0,-1
2020010262750,2020,010262750,1,3,0,18,19,5,1,0,0,0,0,0,0,0,2,1,6,6,1,18,4,124,1,1,YAMAHA X-MAX 125,2,E01003601,0,-1
2020010279625,2020,010279625,1,3,9,99,99,9,9,99,99,9,9,99,9,99,9,1,6,6,1,25,5,124,1,0,YAMAHA X-MAX 125,3,E01001203,0,-1
2020010241682,2020,010241682,1,3,0,99,99,9,9,99,99,0,9,99,9,99,2,1,6,6,1,31,6,124,1,0,YAMAHA X-MAX 125,2,E01000556,0,-1
2020410995606,2020,410995606,2,3,0,18,19,7,3,0,0,4,0,0,0,0,3,1,5,6,1,37,7,124,1,0,YAMAHA X-MAX 125,2,E01004238,0,-1
2020010271571,2020,010271571,1,3,0,99,99,9,9,99,99,0,9,99,9,99,9,1,6,6,1,23,5,124,1,2,YAMAHA X-MAX 125,5,E01004523,0,-1
2020440378594,2020,440378594,1,3,0,5,5,7,3,0,0,0,0,0,0,0,2,1,1,1,1,32,6,124,1,0,YAMAHA X-MAX 125,5,E01017222,0,-1
2020010284192,2020,010284192,1,3,0,99,99,9,9,99,99,9,9,99,9,99,9,1,6,6,1,37,7,124,1,1,YAMAHA X-MAX 125,5,E01017997,0,-1
2020010260323,2020,010260323,2,3,0,18,19,2,6,0,0,1,0,0,0,0,1,1,6,6,1,22,5,124,1,0,YAMAHA X-MAX 125,-1,-1,0,-1
2020010257984,2020,010257984,1,3,0,5,5,2,6,0,0,6,1,0,0,0,1,1,6,6,1,30,6,124,1,3,YAMAHA X-MAX 125,2,E01001943,0,-1
2020010247696,2020,010247696,2,3,0,3,3,3,7,0,0,8,0,0,0,0,2,1,6,6,1,35,6,124,1,3,YAMAHA X-MAX 125,1,E01004324,0,-1
2020010286421,2020,010286421,2,2,0,18,19,1,5,0,0,2,0,0,0,0,1,1,6,6,1,27,6,124,1,0,-1,3,E01002749,0,-1
2020010272084,2020,010272084,1,3,0,13,13,7,3,0,0,8,0,0,0,0,2,1,6,6,1,29,6,124,1,0,YAMAHA X-MAX 125,2,E01003351,0,-1
2020010249811,2020,010249811,1,3,0,99,99,9,9,99,99,9,9,99,9,99,9,1,6,6,1,27,6,124,1,0,YAMAHA X-MAX 125,4,E01004457,0,-1
2020450961946,2020,450961946,1,3,0,18,19,4,8,0,0,8,0,0,0,0,1,1,1,1,1,25,5,124,1,2,YAMAHA X-MAX 125,8,E01030359,0,-1
2020010256074,2020,010256074,2,3,0,9,9,5,3,0,0,2,0,0,0,0,3,1,2,2,1,25,5,124,1,1,YAMAHA X-MAX 125,6,E01001235,0,-1
2020010260494,2020,010260494,2,3,0,18,19,7,3,0,0,2,5,0,0,0,1,1,6,6,1,50,8,124,1,2,YAMAHA X-MAX 125,-1,-1,0,-1
2020010236267,2020,010236267,1,3,0,99,99,9,9,99,99,9,9,99,9,99,9,-1,6,6,1,35,6,124,1,3,YAMAHA X-MAX 125,6,E01003386,0,-1
2020010263010,2020,010263010,1,3,0,99,99,9,9,99,99,9,9,99,9,99,1,1,6,6,1,19,4,124,1,3,YAMAHA X-MAX 125,3,E01004031,0,-1
2020010255724,2020,010255724,1,3,0,99,99,9,9,99,99,9,9,99,9,99,1,9,6,6,1,26,6,124,1,3,YAMAHA X-MAX 125,3,E01004397,0,-1
2020010270870,2020,010270870,1,3,0,99,99,9,9,99,99,1,9,99,9,99,1,1,6,6,1,29,6,124,1,0,YAMAHA X-MAX 125,3,E01000637,0,-1
2020010268692,2020,010268692,1,3,0,18,19,1,5,0,0,1,0,0,0,0,1,1,2,2,1,26,6,124,1,0,YAMAHA X-MAX 125,5,E01004548,0,-1
2020010251370,2020,010251370,1,4,0,18,19,6,2,0,0,8,0,0,0,0,1,-1,1,1,1,29,6,124,1,2,-1,8,E01000173,0,-1
2020010278220,2020,010278220,1,3,0,18,19,1,5,0,0,0,0,10,0,0,1,1,1,1,1,49,8,124,1,1,YAMAHA X-MAX 125,2,E01033090,0,-1
2020010265003,2020,010265003,1,3,0,18,19,4,8,0,0,1,0,0,0,0,1,1,6,6,1,35,6,124,1,0,YAMAHA X-MAX 125,4,E01004525,0,-1
2020010283573,2020,010283573,1,3,0,99,99,9,9,99,99,0,9,99,9,99,9,1,6,6,1,28,6,124,1,0,YAMAHA X-MAX 125,2,E01033085,0,-1
2020010273068,2020,010273068,2,3,0,14,14,8,4,0,0,1,0,0,0,0,1,1,6,6,1,34,6,124,1,0,YAMAHA X-MAX 125,2,E01002086,0,-1
2020010268676,2020,010268676,2,3,0,18,19,7,3,0,0,1,0,0,0,0,1,1,2,2,1,22,5,124,1,0,YAMAHA X-MAX 125,2,E01000533,0,-1
2020552001119,2020,552001119,1,3,0,9,9,3,1,0,0,5,0,0,0,0,1,1,1,1,1,31,6,124,1,0,YAMAHA X-MAX 125,6,E01015331,0,-1
2020010266464,2020,010266464,1,3,0,99,99,9,9,99,99,9,9,99,9,99,1,1,6,6,1,29,6,124,1,2,YAMAHA X-MAX 125,8,E01000173,0,-1
2020010257635,2020,010257635,1,3,0,99,99,9,9,99,99,9,9,99,9,99,0,1,6,6,1,25,5,124,1,0,YAMAHA X-MAX 125,3,E01000511,0,-1
2020010282311,2020,010282311,1,3,0,10,10,6,3,0,0,8,0,0,0,0,2,1,2,2,1,51,8,124,1,0,YAMAHA X-MAX 125,3,E01004019,0,-1
2020010254115,2020,010254115,1,3,0,99,99,9,9,99,99,9,9,99,9,99,1,1,2,2,1,18,4,124,1,0,YAMAHA X-MAX 125,2,E01002872,0,-1
2020010245312,2020,010245312,1,3,0,99,99,9,9,99,99,9,9,99,9,99,2,-1,6,6,1,30,6,124,1,3,YAMAHA X-MAX 125,4,E01003409,0,-1
2020400932418,2020,400932418,1,9,0,18,19,1,5,0,0,0,0,0,2,4,1,1,6,6,1,58,9,5935,1,3,-1,9,E01017394,0,-1
20201374D0204,2020,1374D0204,1,5,0,18,19,6,2,0,0,0,2,12,8,5,1,1,2,2,1,35,6,1100,1,19,-1,4,E01010902,0,-1
2020990950128,2020,990950128,1,5,0,4,4,6,2,0,0,0,5,0,1,0,4,1,5,6,1,59,9,1130,1,16,-1,5,-1,0,-1
2020460924967,2020,460924967,3,9,0,18,19,8,4,0,0,0,0,0,1,0,1,1,5,6,1,21,5,989,1,18,-1,4,E01024510,0,-1
20201379T0279,2020,1379T0279,2,11,0,18,19,8,4,0,0,0,0,0,0,0,1,1,1,1,2,28,6,9200,2,18,Daf Trucks Model Missing,6,E01011802,0,-1
2020052000520,2020,052000520,2,11,0,4,4,2,6,0,0,0,0,0,0,0,0,1,1,1,1,48,8,6700,2,12,Daf Trucks Model Missing,2,E01006218,0,-1
2020070591498,2020,070591498,1,11,0,2,2,1,5,0,0,2,0,0,0,0,0,1,1,1,1,-1,-1,6700,2,11,Daf Trucks Model Missing,-1,-1,0,-1
2020460919625,2020,460919625,1,11,0,18,19,4,8,0,0,2,0,5,0,0,1,1,1,1,1,50,8,9200,2,16,Daf Trucks Model Missing,1,E01024618,0,-1
2020110919526,2020,110919526,1,11,0,18,19,5,1,0,0,0,0,0,0,0,4,1,1,1,2,53,8,6700,2,11,Daf Trucks Model Missing,7,E01020857,0,-1
2020070068960,2020,070068960,1,11,0,4,4,6,2,0,0,1,0,0,0,0,1,1,1,1,1,59,9,3900,2,13,Daf Trucks Model Missing,8,E01012565,0,-1
202006K270383,2020,06K270383,3,11,0,18,19,8,4,0,0,8,0,0,0,0,1,1,1,1,1,66,10,6700,2,12,Daf Trucks Model Missing,2,E01004911,0,-1
2020160951879,2020,160951879,1,21,0,7,7,2,4,0,0,5,0,0,0,0,1,1,1,1,1,54,8,10837,2,4,Daf Trucks Model Missing,8,E01013102,0,-1
2020410965370,2020,410965370,2,11,0,8,8,5,3,0,0,1,0,0,0,0,0,1,1,1,1,42,7,6700,2,11,Daf Trucks Model Missing,4,E01023785,0,-1
2020990991554,2020,990991554,1,11,0,5,5,1,5,0,0,1,0,0,0,0,4,1,1,1,1,59,9,6700,2,11,Daf Trucks Model Missing,2,-1,0,-1
2020070744221,2020,070744221,1,11,0,4,4,2,6,3,2,1,0,0,0,0,1,1,1,1,1,48,8,3900,2,14,Daf Trucks Model Missing,8,E01012373,0,-1
2020137261227,2020,137261227,2,11,0,18,19,3,7,0,0,8,0,0,0,0,1,1,1,1,1,28,6,5900,2,14,Daf Trucks Model Missing,3,E01011898,0,-1
2020170L21020,2020,170L21020,1,11,0,18,19,6,2,0,0,0,0,0,0,0,1,1,1,1,1,24,5,6700,2,10,Daf Trucks Model Missing,1,E01012148,0,-1
2020052100093,2020,052100093,1,11,0,18,19,4,8,0,0,0,1,0,7,11,1,1,1,1,1,53,8,6700,2,12,Daf Trucks Model Missing,2,E01006322,0,-1
2020990918461,2020,990918461,1,9,0,7,7,1,3,0,0,2,0,0,0,0,3,1,5,6,1,29,6,1997,2,9,FORD MONDEO,1,-1,0,-1
2020370945116,2020,370945116,1,9,0,9,9,7,5,0,0,0,0,0,0,0,3,1,5,6,1,42,7,1997,2,12,FORD MONDEO,6,E01030212,0,-1
2020010275859,2020,010275859,2,9,0,18,19,1,5,0,0,8,0,0,0,0,0,1,1,1,1,37,7,1498,1,2,FORD MONDEO,-1,-1,0,-1
2020500984565,2020,500984565,1,9,0,18,19,7,3,0,0,0,0,0,2,0,1,1,6,6,2,28,6,1999,1,15,FORD MONDEO,5,E01029314,0,-1
2020210956486,2020,210956486,2,9,0,4,4,5,8,0,0,0,0,0,0,0,2,1,6,6,2,37,7,1560,2,9,FORD MONDEO,3,E01014257,0,-1
2020440248552,2020,440248552,1,9,0,3,3,5,1,0,0,0,0,0,0,0,2,1,2,2,1,27,6,1997,2,7,FORD MONDEO,5,E01022576,0,-1
2020430017567,2020,430017567,1,9,0,13,13,4,8,0,0,1,0,0,0,0,4,1,1,1,2,32,6,1995,2,1,FORD MONDEO,10,E01028473,0,-1
2020522004725,2020,522004725,2,9,0,3,3,8,4,0,0,4,0,0,0,0,2,1,6,6,1,54,8,1499,2,4,FORD MONDEO,10,E01014397,0,-1
2020500989684,2020,500989684,2,9,0,3,3,0,0,0,0,0,0,0,0,0,2,1,6,6,1,51,8,1753,2,10,FORD MONDEO,3,E01018932,0,-1
202031B111020,2020,31B111020,3,9,0,2,2,0,0,0,0,1,0,0,0,0,1,1,6,6,3,-1,-1,1998,2,17,FORD MONDEO,-1,-1,0,-1
2020421006856,2020,421006856,1,9,0,9,9,7,5,0,0,8,0,0,0,0,1,1,5,6,1,70,10,1997,2,11,FORD MONDEO,6,E01021733,0,-1
2020400967222,2020,400967222,1,9,0,18,19,4,8,0,0,0,1,0,0,0,1,1,5,6,1,42,7,1997,2,12,FORD MONDEO,3,E01000111,0,-1
2020140983821,2020,140983821,3,9,0,18,19,1,5,0,0,0,0,0,0,0,1,1,2,2,1,54,8,2198,2,14,FORD MONDEO,1,E01007566,0,-1
2020460927110,2020,460927110,3,9,0,10,10,2,6,0,0,0,0,0,0,0,0,1,5,6,1,52,8,1997,2,7,FORD MONDEO,10,E01024745,0,-1
2020052001815,2020,052001815,3,8,0,18,19,7,3,0,0,8,0,0,0,0,3,1,1,1,1,59,9,1997,2,5,FORD MONDEO,6,E01007158,0,-1
2020530959212,2020,530959212,1,9,0,18,19,3,7,0,0,0,0,0,0,0,1,1,6,6,1,73,10,1560,2,8,FORD MONDEO,10,E01022106,0,-1
2020302000069,2020,302000069,2,9,0,10,10,7,2,0,0,1,0,0,0,0,0,1,1,1,1,57,9,1997,2,12,FORD MONDEO,10,E01013563,0,-1
2020340N07442,2020,340N07442,1,9,0,18,19,3,7,0,0,8,0,0,0,0,1,1,6,6,1,47,8,1999,1,12,FORD MONDEO,2,E01027230,0,-1
2020450953657,2020,450953657,1,9,0,16,19,7,1,8,6,6,0,7,0,0,3,1,2,2,1,31,6,1753,2,9,FORD MONDEO,10,E01030487,0,-1
2020470969475,2020,470969475,1,9,0,18,19,1,5,0,0,8,0,0,0,0,3,1,5,6,2,29,6,1997,2,13,FORD MONDEO,4,E01031598,0,-1
2020010285159,2020,010285159,1,9,0,4,4,3,7,0,0,1,0,0,0,0,1,1,2,2,1,56,9,1997,2,6,FORD MONDEO,8,E01033724,0,-1
2020010268549,2020,010268549,1,9,0,7,7,8,2,99,99,8,9,99,9,99,4,9,6,6,1,38,7,1997,2,8,FORD MONDEO,2,E01016420,0,-1
2020500980646,2020,500980646,1,9,0,18,19,1,5,0,0,0,0,0,0,0,1,1,5,6,2,44,7,1997,2,10,FORD MONDEO,3,E01018769,0,-1
2020200980911,2020,200980911,1,9,0,5,5,6,8,0,0,3,0,0,0,0,4,1,6,6,3,-1,-1,1997,2,13,FORD MONDEO,-1,-1,0,-1