collision_index,collision_year,collision_ref_no,vehicle_reference,vehicle_type,towing_and_articulation,vehicle_manoeuvre_historic,vehicle_manoeuvre,vehicle_direction_from,vehicle_direction_to,vehicle_location_restricted_lane_historic,vehicle_location_restricted_lane,junction_location,skidding_and_overturning,hit_object_in_carriageway,vehicle_leaving_carriageway,hit_object_off_carriageway,first_point_of_impact,vehicle_left_hand_drive,journey_purpose_of_driver_historic,journey_purpose_of_driver,sex_of_driver,age_of_driver,age_band_of_driver,engine_capacity_cc,propulsion_code,age_of_vehicle,generic_make_model,driver_imd_decile,lsoa_of_driver,escooter_flag,driver_distance_banding
2020430362767,2020,430362767,1,9,0,3,3,2,6,0,0,1,0,0,0,0,2,1,6,6,2,35,6,1999,1,17,FORD MONDEO,5,E01032734,0,-1
2020500939053,2020,500939053,1,9,0,17,19,8,4,0,0,0,1,0,0,0,1,1,1,1,1,44,7,1560,2,5,FORD MONDEO,4,E01020330,0,-1
2020010231620,2020,010231620,2,9,0,99,99,9,9,0,0,0,0,0,0,0,3,1,-1,-1,3,-1,-1,1997,2,10,FORD MONDEO,-1,-1,0,-1
2020010277102,2020,010277102,2,9,0,99,99,9,9,99,99,9,9,99,9,99,4,9,6,6,3,-1,-1,1798,1,15,FORD MONDEO,-1,-1,0,-1
2020410944024,2020,410944024,2,9,0,18,19,7,3,0,0,0,0,0,0,0,3,1,6,6,1,53,8,1753,2,12,FORD MONDEO,9,E01023477,0,-1
2020302000872,2020,302000872,2,9,0,3,3,8,4,0,0,0,0,0,0,0,2,1,6,6,1,52,8,1997,2,7,FORD MONDEO,8,E01019616,0,-1
2020520001184,2020,520001184,2,9,0,18,19,2,6,0,0,0,0,0,0,0,2,1,6,6,1,51,8,2495,1,17,FORD MONDEO,6,E01020533,0,-1
2020010258343,2020,010258343,1,9,0,18,19,3,7,0,0,8,0,0,0,0,1,1,6,6,1,27,6,1997,2,7,FORD MONDEO,4,E01003666,0,-1
2020100988021,2020,100988021,1,9,0,5,5,1,2,0,0,0,0,0,0,0,1,1,5,6,1,70,10,1798,1,18,FORD MONDEO,2,E01008834,0,-1
2020230948879,2020,230948879,1,9,0,18,19,7,3,0,0,8,0,0,0,0,1,1,5,6,1,41,7,1997,2,7,FORD MONDEO,9,E01032351,0,-1
2020450945488,2020,450945488,1,9,0,17,19,3,7,0,0,8,1,0,8,7,1,1,2,2,1,26,6,1753,2,11,FORD MONDEO,8,E01016690,0,-1
2020030980616,2020,030980616,1,9,0,6,6,1,5,0,0,0,0,0,0,0,3,1,5,6,1,33,6,1753,2,11,FORD MONDEO,4,E01008255,0,-1
2020201001381,2020,201001381,1,9,0,5,5,1,5,0,0,4,0,0,0,0,1,1,6,6,1,30,6,1753,2,13,FORD MONDEO,1,E01009160,0,-1
2020200991378,2020,200991378,1,9,0,18,19,4,1,0,0,0,0,0,0,0,1,1,6,6,2,60,9,1997,2,10,FORD MONDEO,2,E01009753,0,-1
2020230961845,2020,230961845,1,8,0,5,5,2,6,0,0,0,0,0,0,0,4,1,1,1,1,47,8,1997,2,7,FORD MONDEO,10,E01031143,0,-1
2020361003079,2020,361003079,1,9,0,18,19,3,7,0,0,0,0,0,0,0,3,1,5,6,1,39,7,1997,2,7,FORD MONDEO,8,E01026889,0,-1
2020460981133,2020,460981133,1,9,0,18,19,5,1,0,0,1,0,0,0,0,1,1,5,6,1,35,6,1997,2,7,FORD MONDEO,7,E01024813,0,-1
2020430246762,2020,430246762,2,9,0,9,9,6,4,0,0,5,0,0,0,0,1,1,6,6,1,22,5,2198,2,14,FORD MONDEO,7,E01016250,0,-1
2020040948649,2020,040948649,1,9,0,9,9,2,8,0,0,5,0,0,0,0,1,1,5,6,1,26,6,1997,2,12,FORD MONDEO,3,E01025429,0,-1
2020160977368,2020,160977368,1,9,0,9,9,3,2,0,0,6,0,0,0,0,1,1,5,6,1,60,9,1560,2,9,FORD MONDEO,5,E01012756,0,-1
2020370975390,2020,370975390,3,9,0,3,3,6,2,0,0,0,0,0,0,0,2,1,5,6,1,37,7,1997,2,10,FORD MONDEO,5,E01017390,0,-1
2020010252150,2020,010252150,2,9,0,18,19,3,7,0,0,5,0,0,7,4,4,1,6,6,1,25,5,1999,1,11,FORD MONDEO,3,E01003630,0,-1
2020500965151,2020,500965151,3,9,0,18,19,3,7,0,0,1,0,0,1,0,1,1,5,6,1,62,9,1998,2,16,FORD MONDEO,8,E01018811,0,-1
2020010282987,2020,010282987,2,9,0,18,19,7,3,9,9,1,0,0,7,0,1,1,6,6,1,31,6,1997,2,10,FORD MONDEO,5,E01001038,0,-1
2020552001174,2020,552001174,3,9,0,3,3,2,6,0,0,1,0,0,0,0,1,1,2,2,1,61,9,1997,2,9,FORD MONDEO,4,E01020571,0,-1
2020140991549,2020,140991549,1,9,0,18,19,6,2,0,0,1,0,0,0,0,3,1,6,6,2,44,7,1998,2,13,FORD MONDEO,1,E01007499,0,-1
2020542505020,2020,542505020,1,8,0,9,9,3,8,0,0,8,0,0,0,0,3,1,1,1,1,59,9,1560,2,7,FORD MONDEO,8,E01015513,0,-1
2020522000472,2020,522000472,1,9,0,9,9,7,5,0,0,5,0,0,0,0,1,1,6,6,1,35,6,1997,2,1,FORD MONDEO,-1,-1,0,-1
2020070006251,2020,070006251,2,9,0,9,9,5,3,0,0,1,0,0,0,0,1,1,6,6,2,54,8,1997,2,13,FORD MONDEO,3,E01006815,0,-1
2020100983859,2020,100983859,2,9,0,9,9,7,1,0,0,8,0,0,0,0,3,1,5,6,2,57,9,1753,2,12,FORD MONDEO,-1,-1,0,-1
2020201003576,2020,201003576,2,9,0,18,19,3,7,0,0,0,0,0,0,0,3,1,2,2,1,52,8,1997,2,5,FORD MONDEO,5,E01010267,0,-1
2020440459035,2020,440459035,1,9,0,3,3,3,7,0,0,1,0,0,0,0,2,1,6,6,1,60,9,1997,2,3,FORD MONDEO,2,E01022818,0,-1
2020370998492,2020,370998492,1,9,0,9,9,3,7,0,0,1,0,0,0,0,3,1,5,6,2,62,9,1997,2,6,FORD MONDEO,3,E01021639,0,-1
2020010249615,2020,010249615,1,9,0,4,4,1,5,0,0,0,0,0,0,0,2,1,6,6,2,40,7,1997,2,12,FORD MONDEO,9,E01021943,0,-1
2020302000491,2020,302000491,1,9,0,16,19,6,2,0,0,0,2,0,7,11,1,1,6,6,1,19,4,1997,2,12,FORD MONDEO,8,E01019586,0,-1
202006E368702,2020,06E368702,2,9,0,18,19,5,1,0,0,8,0,0,0,0,4,1,6,6,1,45,7,1753,2,13,FORD MONDEO,5,E01006121,0,-1
202063C078420,2020,63C078420,3,9,0,4,4,5,1,0,0,8,0,0,0,0,1,1,6,6,1,58,9,1998,2,14,FORD MONDEO,4,W01000586,0,-1
2020420988561,2020,420988561,2,9,0,3,3,1,5,0,0,1,0,0,0,0,2,1,5,6,2,51,8,1997,2,12,FORD MONDEO,9,E01021927,0,-1
2020052002489,2020,052002489,1,8,0,18,19,3,7,0,0,8,0,0,0,0,1,1,6,6,1,22,5,1560,2,7,FORD MONDEO,1,E01006495,0,-1
2020470918112,2020,470918112,1,9,0,7,7,6,8,0,0,4,0,0,0,0,1,1,6,6,1,-1,-1,1997,2,5,FORD MONDEO,5,E01031584,0,-1
2020052001110,2020,052001110,1,9,0,9,9,5,3,0,0,1,0,0,0,0,1,1,6,6,1,43,7,1997,2,9,FORD MONDEO,3,E01006784,0,-1
2020610016520,2020,610016520,1,9,0,18,19,4,1,0,0,4,0,0,0,0,3,1,1,1,1,47,8,1997,2,8,FORD MONDEO,-1,-1,0,-1
2020320081283,2020,320081283,1,9,0,18,19,5,1,0,0,6,0,0,0,0,1,1,6,6,1,78,11,1997,2,11,FORD MONDEO,4,E01026259,0,-1
2020010242330,2020,010242330,1,9,0,14,14,1,5,99,99,0,9,99,9,99,4,9,6,6,3,-1,-1,1596,1,7,FORD MONDEO,-1,-1,0,-1
2020040976306,2020,040976306,2,9,0,18,19,3,7,0,0,0,0,0,0,0,1,1,1,1,1,28,6,1997,2,4,FORD MONDEO,4,E01007206,0,-1
2020420974239,2020,420974239,2,9,0,3,3,7,3,0,0,0,0,0,0,0,2,1,5,6,1,43,7,1999,1,15,FORD MONDEO,9,E01021740,0,-1
2020410938024,2020,410938024,1,9,0,9,9,3,1,0,0,6,0,0,0,0,1,1,6,6,1,75,10,1498,1,5,FORD MONDEO,8,E01023466,0,-1
2020122100178,2020,122100178,3,9,0,18,19,2,6,0,0,1,0,0,0,0,3,1,6,6,2,47,8,1998,2,16,FORD MONDEO,4,E01027905,0,-1
202006N271069,2020,06N271069,1,9,0,13,13,5,1,0,0,0,0,0,7,0,1,1,6,6,3,-1,-1,1560,2,8,FORD MONDEO,-1,-1,0,-1
2020501001565,2020,501001565,2,9,0,18,19,7,3,0,0,1,0,0,0,0,1,1,5,6,1,32,6,1997,2,10,FORD MONDEO,2,E01015218,0,-1
2020440457680,2020,440457680,1,9,0,18,19,6,2,0,0,8,0,0,0,0,0,1,6,6,2,75,10,2544,1,20,FORD MONDEO,10,E01023059,0,-1
2020460992954,2020,460992954,1,9,0,18,19,8,4,0,0,0,0,0,0,0,1,1,2,2,1,39,7,1798,1,14,FORD MONDEO,2,E01032799,0,-1
2020500940314,2020,500940314,3,9,0,18,19,3,7,0,0,0,0,0,0,0,0,1,5,6,2,33,6,1997,2,6,FORD MONDEO,3,E01018793,0,-1
2020052000351,2020,052000351,2,8,0,18,19,3,7,0,0,1,0,0,0,0,3,1,1,1,1,42,7,1997,2,6,FORD MONDEO,1,E01006630,0,-1
2020052000550,2020,052000550,1,9,0,18,19,7,3,0,0,1,0,0,0,0,1,1,1,1,1,51,8,1997,2,8,FORD MONDEO,1,E01006981,0,-1
202031C083020,2020,31C083020,1,9,0,18,19,8,4,0,0,1,0,0,0,0,0,1,6,6,1,75,10,1997,2,7,FORD MONDEO,2,E01032621,0,-1
2020522004020,2020,522004020,1,9,0,4,4,5,1,0,0,0,0,0,0,0,2,1,6,6,1,64,9,1997,2,7,FORD MONDEO,9,E01032289,0,-1
2020010286292,2020,010286292,1,9,0,18,19,1,5,0,0,1,0,0,0,0,2,1,6,6,1,41,7,1560,2,8,FORD MONDEO,4,E01002000,0,-1
2020010240783,2020,010240783,1,9,0,99,99,9,9,99,99,1,9,99,9,99,9,1,6,6,1,25,5,1997,2,12,FORD MONDEO,2,E01003196,0,-1
2020340E00542,2020,340E00542,2,9,0,18,19,7,3,0,0,0,0,0,0,0,2,1,1,1,1,56,9,1997,2,3,FORD MONDEO,2,E01027330,0,-1
2020010245823,2020,010245823,2,9,0,9,9,3,8,0,0,2,0,0,0,0,1,1,6,6,3,-1,-1,1997,2,12,FORD MONDEO,-1,-1,0,-1
2020470972812,2020,470972812,2,9,0,9,9,5,1,0,0,4,0,0,0,0,1,1,1,1,1,55,8,1995,2,1,FORD MONDEO,5,E01031771,0,-1
2020350970234,2020,350970234,1,9,0,5,5,8,3,0,0,3,0,0,0,0,3,1,5,6,2,25,5,1997,2,9,FORD MONDEO,5,E01015669,0,-1
2020520003987,2020,520003987,1,9,0,18,19,5,1,0,0,8,0,0,0,0,2,1,6,6,1,53,8,2179,2,11,FORD MONDEO,3,E01015150,0,-1
2020470925304,2020,470925304,3,9,0,18,19,5,1,0,0,0,0,0,0,0,2,1,5,6,1,60,9,1999,1,16,FORD MONDEO,6,E01030586,0,-1
2020440372066,2020,440372066,1,9,0,9,9,5,3,0,0,8,0,0,0,0,4,1,6,6,1,27,6,1798,1,15,FORD MONDEO,2,E01017155,0,-1
20201379K1697,2020,1379K1697,2,9,0,18,19,1,5,0,0,0,0,0,0,0,1,1,6,6,2,29,6,1997,2,6,FORD MONDEO,-1,-1,0,-1
2020610040220,2020,610040220,2,9,0,11,11,5,1,0,0,0,0,0,0,0,4,1,1,1,1,41,7,1997,2,7,FORD MONDEO,3,W01000961,0,-1
2020140933231,2020,140933231,1,9,0,18,19,3,7,0,0,0,1,0,0,0,1,1,1,1,1,46,8,1997,2,10,FORD MONDEO,3,E01007322,0,-1
2020430401397,2020,430401397,2,9,0,18,19,2,6,0,0,8,0,0,0,0,1,1,2,2,2,31,6,1997,2,1,FORD MONDEO,7,E01017860,0,-1
2020070671572,2020,070671572,1,9,0,4,4,5,1,0,0,1,0,0,0,0,1,1,6,6,1,35,6,1798,1,16,FORD MONDEO,2,E01018400,0,-1
2020460973658,2020,460973658,2,9,0,18,19,3,7,0,0,0,0,0,0,0,4,1,2,2,1,52,8,1997,2,4,FORD MONDEO,9,E01000356,0,-1
2020302000861,2020,302000861,1,9,0,2,2,0,0,0,0,0,0,0,0,0,2,1,6,6,2,52,8,2198,2,14,FORD MONDEO,10,E01019708,0,-1
2020230966685,2020,230966685,2,9,0,16,19,8,4,0,0,0,0,0,0,0,2,1,2,2,1,55,8,1753,2,9,FORD MONDEO,10,E01031135,0,-1
2020160936260,2020,160936260,1,9,0,18,19,1,5,0,0,1,0,0,0,0,1,1,5,6,1,65,9,1499,2,3,FORD MONDEO,1,E01007760,0,-1
2020160943399,2020,160943399,2,9,0,18,19,3,7,0,0,0,0,0,0,0,2,1,6,6,1,-1,-1,1753,2,12,FORD MONDEO,-1,-1,0,-1
2020320085770,2020,320085770,2,9,0,18,19,8,6,0,0,0,0,0,0,0,1,1,6,6,1,57,9,2179,2,9,FORD MONDEO,6,E01026252,0,-1
2020440311637,2020,440311637,1,9,0,18,19,2,6,0,0,0,0,0,0,0,1,1,6,6,2,77,11,1796,1,20,FORD MONDEO,9,E01022565,0,-1
2020010229453,2020,010229453,5,9,0,3,3,1,5,0,0,0,0,0,0,0,4,1,6,6,2,-1,-1,1498,1,4,FORD MONDEO,3,E01002806,0,-1
2020040963889,2020,040963889,1,9,0,9,9,7,3,0,0,0,0,0,0,0,4,1,5,6,1,30,6,1560,2,8,FORD MONDEO,1,E01025389,0,-1
2020350959381,2020,350959381,1,9,0,13,13,3,7,0,0,8,1,10,0,0,1,1,1,1,1,32,6,1997,2,1,FORD MONDEO,-1,-1,0,-1
2020010267037,2020,010267037,1,9,0,99,99,9,9,99,99,0,9,99,9,99,2,9,6,6,1,34,6,1997,2,12,FORD MONDEO,8,E01022083,0,-1
2020370938290,2020,370938290,1,9,0,5,5,2,6,0,0,2,0,0,0,0,3,1,5,6,2,66,10,1998,2,15,FORD MONDEO,6,E01030080,0,-1
2020470977274,2020,470977274,2,9,0,18,19,4,8,0,0,0,0,0,0,0,2,1,5,6,1,47,8,1997,2,3,FORD MONDEO,3,E01031492,0,-1
2020010289405,2020,010289405,2,9,0,99,99,9,9,0,0,5,0,0,0,0,2,1,6,6,3,-1,-1,1998,2,15,FORD MONDEO,-1,-1,0,-1
2020320687234,2020,320687234,2,9,0,9,9,4,2,0,0,0,0,0,0,0,3,1,6,6,1,66,10,1997,2,9,FORD MONDEO,2,E01026037,0,-1
2020470934330,2020,470934330,2,9,0,17,19,2,7,0,0,1,0,0,1,0,1,1,2,2,1,66,10,1997,2,13,FORD MONDEO,6,E01021193,0,-1
2020111004184,2020,111004184,1,9,0,9,9,6,4,0,0,1,0,0,0,0,3,1,1,1,1,63,9,1798,1,13,FORD MONDEO,2,E01008254,0,-1
20201377P1007,2020,1377P1007,2,9,0,18,19,4,8,0,0,0,0,0,0,0,1,1,6,6,1,72,10,1997,2,3,FORD MONDEO,4,E01027581,0,-1
2020470936063,2020,470936063,2,9,0,7,7,2,4,0,0,1,0,0,0,0,4,2,2,2,1,52,8,1999,1,18,FORD MONDEO,4,E01031551,0,-1
2020200929281,2020,200929281,1,9,0,18,19,3,7,0,0,0,0,0,0,0,1,1,2,2,1,60,9,1560,2,8,FORD MONDEO,3,E01010407,0,-1
2020500942616,2020,500942616,1,9,0,5,5,2,6,0,0,1,0,0,0,0,1,1,2,2,1,38,7,1999,1,13,FORD MONDEO,4,E01018948,0,-1
2020470939903,2020,470939903,1,9,0,5,5,4,8,0,0,4,0,0,0,0,1,1,5,6,1,75,10,1753,2,12,FORD MONDEO,9,E01021153,0,-1
202031C107020,2020,31C107020,1,9,0,9,9,1,7,0,0,8,0,0,0,0,1,1,6,6,1,39,7,1998,2,13,FORD MONDEO,9,E01028179,0,-1
2020010280846,2020,010280846,1,9,0,7,7,5,8,0,0,1,0,0,0,0,1,1,6,6,1,-1,-1,1998,2,14,FORD MONDEO,2,E01009265,0,-1
2020370938626,2020,370938626,1,9,0,9,9,2,6,0,0,0,0,0,0,0,3,1,5,6,1,84,11,1997,2,9,FORD MONDEO,6,E01030057,0,-1
2020161007931,2020,161007931,1,9,0,3,3,6,2,0,0,2,0,0,0,0,3,1,6,6,1,52,8,1999,1,17,FORD MONDEO,1,E01012898,0,-1
2020360979771,2020,360979771,2,9,0,18,19,2,6,0,0,1,0,0,0,0,1,1,1,1,1,34,6,1499,2,2,FORD MONDEO,5,E01030226,0,-1
2020990931376,2020,990931376,2,9,0,13,13,7,3,0,0,1,0,0,0,0,4,1,6,6,1,43,7,1997,2,10,FORD MONDEO,3,-1,0,-1
2020440244992,2020,440244992,1,9,0,18,19,2,6,0,0,8,1,0,7,0,1,1,6,6,1,30,6,2967,1,15,FORD MONDEO,4,E01032858,0,-1
2020400958458,2020,400958458,2,9,0,18,19,5,1,0,0,1,0,0,0,0,1,1,5,6,1,28,6,2179,2,12,FORD MONDEO,2,E01015743,0,-1
2020460961728,2020,460961728,2,9,0,18,19,1,5,0,0,0,0,0,0,0,1,1,5,6,2,56,9,1798,1,13,FORD MONDEO,10,E01024426,0,-1
2020010249576,2020,010249576,2,9,0,18,19,1,3,0,0,1,9,0,0,99,1,9,6,6,3,-1,-1,1798,1,14,FORD MONDEO,-1,-1,0,-1
2020451008786,2020,451008786,1,9,0,18,19,7,3,0,0,0,0,0,0,0,1,1,6,6,1,25,5,2967,1,17,FORD MONDEO,5,E01030310,0,-1
2020361009608,2020,361009608,1,9,0,13,13,6,2,0,0,0,5,0,1,9,4,1,1,1,1,66,10,1997,2,4,FORD MONDEO,3,E01026488,0,-1
2020420982394,2020,420982394,1,9,0,18,19,6,2,0,0,0,0,0,0,0,1,1,5,6,2,32,6,1997,2,11,FORD MONDEO,4,E01021451,0,-1
2020160979883,2020,160979883,1,9,0,9,9,3,3,0,0,2,0,0,0,0,2,1,6,6,1,35,6,1997,2,13,FORD MONDEO,9,E01012955,0,-1
2020010231311,2020,010231311,1,9,0,4,4,1,5,0,0,1,0,0,0,0,1,1,6,6,1,21,5,2198,2,14,FORD MONDEO,3,E01003585,0,-1
2020010254080,2020,010254080,2,9,0,18,19,5,1,0,0,8,0,0,0,0,1,1,6,6,1,78,11,1999,1,13,FORD MONDEO,6,E01030755,0,-1
2020410986728,2020,410986728,2,9,0,10,10,0,0,0,0,1,0,0,0,0,1,1,5,6,2,48,8,2544,1,20,FORD MONDEO,3,E01023958,0,-1
2020430367410,2020,430367410,1,9,0,18,19,7,3,0,0,8,0,0,0,0,1,1,6,6,1,21,5,1997,2,10,FORD MONDEO,5,E01017844,0,-1
2020070602424,2020,070602424,1,9,0,7,7,5,8,0,0,6,0,0,0,0,3,1,6,6,1,37,7,1997,2,12,FORD MONDEO,4,E01018709,0,-1
2020302001644,2020,302001644,1,9,0,14,14,2,6,0,0,0,0,4,1,0,1,2,2,2,1,58,9,1997,2,12,FORD MONDEO,1,E01019527,0,-1
202063C025220,2020,63C025220,1,9,0,18,19,7,3,0,0,0,0,0,8,10,1,1,6,6,1,31,6,1998,2,16,FORD MONDEO,6,W01000598,0,-1
2020040980204,2020,040980204,1,9,0,18,19,8,4,0,0,1,0,0,0,0,1,1,5,6,1,81,11,1596,1,12,FORD MONDEO,1,E01006254,0,-1
2020010274894,2020,010274894,1,9,0,99,99,9,9,99,99,9,9,99,9,99,2,9,2,2,1,36,7,1753,2,9,FORD MONDEO,6,E01003153,0,-1
2020140944641,2020,140944641,1,9,0,9,9,4,2,0,0,1,0,0,0,0,2,1,6,6,1,39,7,1997,2,10,FORD MONDEO,1,E01007902,0,-1
2020500996471,2020,500996471,1,9,0,18,19,1,5,0,0,4,0,0,0,0,1,1,6,6,2,38,7,1997,2,13,FORD MONDEO,7,E01015253,0,-1
2020010255688,2020,010255688,4,9,0,5,5,1,5,0,0,1,0,0,1,0,4,1,6,6,3,-1,-1,1753,2,10,FORD MONDEO,-1,-1,0,-1
202006XJ78567,2020,06XJ78567,6,9,0,4,4,7,3,0,0,0,0,0,0,0,1,1,6,6,1,40,7,1997,2,11,FORD MONDEO,6,E01005859,0,-1
2020110989681,2020,110989681,1,8,0,18,19,4,8,0,0,8,0,0,0,0,1,1,1,1,1,69,10,1997,2,6,FORD MONDEO,-1,-1,0,-1
2020160949104,2020,160949104,3,9,0,18,19,7,3,0,0,1,0,0,0,0,1,1,6,6,1,32,6,2179,2,12,FORD MONDEO,1,E01012892,0,-1
2020170M10040,2020,170M10040,2,9,0,18,19,5,1,0,0,8,0,0,0,0,4,1,6,6,2,26,6,1798,1,13,FORD MONDEO,1,E01033469,0,-1
2020360953684,2020,360953684,1,9,0,11,11,3,7,0,0,0,0,0,0,0,4,1,4,7,1,56,9,1997,2,4,FORD MONDEO,1,E01018107,0,-1
2020010266678,2020,010266678,2,9,0,99,99,9,9,99,99,9,9,99,9,99,1,9,6,6,1,35,6,1997,2,3,FORD MONDEO,2,E01000104,0,-1
2020350961825,2020,350961825,2,9,0,18,19,7,1,0,0,0,0,0,0,0,3,1,5,6,1,28,6,1798,1,18,FORD MONDEO,2,E01026478,0,-1
2020500994026,2020,500994026,2,9,0,18,19,1,5,0,0,8,0,0,0,0,2,1,3,7,2,40,7,1997,2,5,FORD MONDEO,8,E01018792,0,-1
2020410952033,2020,410952033,3,9,0,2,2,0,0,0,0,1,0,0,0,0,4,1,5,6,1,70,10,1997,2,12,FORD MONDEO,8,E01023466,0,-1
2020010239425,2020,010239425,1,9,0,99,99,9,9,99,99,0,9,99,9,99,9,9,6,6,1,50,8,1999,1,14,FORD MONDEO,2,E01004243,0,-1
2020010237669,2020,010237669,2,9,0,99,99,9,9,0,0,8,1,0,0,0,1,9,6,6,3,50,8,1999,8,4,FORD MONDEO,5,E01001322,0,-1
2020160973212,2020,160973212,1,9,0,18,19,1,5,0,0,2,0,0,0,0,4,1,5,6,1,52,8,1560,2,7,FORD MONDEO,2,E01012871,0,-1
2020460938699,2020,460938699,1,8,0,3,3,4,2,0,0,4,0,0,0,0,1,1,6,6,2,-1,-1,1753,2,11,FORD MONDEO,7,E01024680,0,-1
2020440085287,2020,440085287,2,9,0,18,19,6,2,0,0,0,0,0,0,0,1,1,6,6,2,46,8,1997,2,10,FORD MONDEO,6,E01022816,0,-1
2020010283740,2020,010283740,2,9,0,18,19,1,5,0,0,8,0,0,0,0,0,1,1,1,1,33,6,1498,1,3,FORD MONDEO,-1,-1,0,-1
2020122000529,2020,122000529,1,9,0,18,19,3,7,0,0,0,0,0,0,0,2,1,6,6,1,-1,-1,1997,2,8,FORD MONDEO,7,E01027703,0,-1
2020201014293,2020,201014293,1,9,0,18,19,6,2,0,0,1,0,0,0,0,1,1,6,6,1,33,6,2198,2,14,FORD MONDEO,9,E01032142,0,-1
2020220974236,2020,220974236,1,9,0,17,19,2,7,0,0,0,1,0,1,3,1,1,5,6,2,39,7,1798,1,14,FORD MONDEO,9,E01032142,0,-1
2020360936115,2020,360936115,3,9,0,18,19,1,5,0,0,0,0,0,0,0,1,1,5,6,1,37,7,2198,2,13,FORD MONDEO,5,E01026726,0,-1
2020200963632,2020,200963632,2,9,0,2,2,0,0,0,0,0,0,0,0,0,3,1,6,6,1,57,9,1997,2,8,FORD MONDEO,-1,-1,0,-1
202063A085120,2020,63A085120,2,9,0,5,5,6,2,0,0,4,0,0,0,0,2,1,2,2,2,39,7,1997,2,11,FORD MONDEO,1,W01001924,0,-1
2020420964407,2020,420964407,1,9,0,18,19,7,3,0,0,0,0,0,0,0,3,1,6,6,2,64,9,1997,2,5,FORD MONDEO,5,E01021732,0,-1
2020010248140,2020,010248140,4,9,0,18,19,1,5,9,9,1,0,0,1,0,0,1,1,1,1,43,7,1498,1,2,FORD MONDEO,-1,-1,0,-1
202031B039420,2020,31B039420,1,9,0,18,19,6,2,0,0,2,0,0,1,4,1,1,6,6,1,20,4,1998,2,13,FORD MONDEO,2,E01019510,0,-1
2020500962508,2020,500962508,4,9,0,3,3,2,6,0,0,0,0,0,0,0,2,1,6,6,1,51,8,1997,2,5,FORD MONDEO,10,E01015131,0,-1
2020141008216,2020,141008216,3,9,0,18,19,1,5,0,0,0,0,0,0,0,1,1,2,2,1,49,8,2198,2,15,FORD MONDEO,4,E01007587,0,-1
2020040958304,2020,040958304,1,9,0,5,5,7,3,0,0,0,0,0,0,0,4,2,6,6,3,-1,-1,1997,2,5,FORD MONDEO,-1,-1,0,-1
2020140991989,2020,140991989,4,9,0,18,19,3,7,0,0,0,1,0,0,0,1,1,5,6,1,22,5,1997,2,7,FORD MONDEO,4,E01007653,0,-1
2020100979093,2020,100979093,1,9,0,18,19,3,7,0,0,0,0,0,0,0,1,1,6,6,1,17,4,1997,2,9,FORD MONDEO,-1,-1,0,-1
2020010262217,2020,010262217,1,9,0,18,19,1,5,0,0,0,0,0,0,0,1,1,6,6,3,-1,-1,1997,2,13,FORD MONDEO,-1,-1,0,-1
202006A372482,2020,06A372482,2,9,0,8,8,5,1,0,0,8,0,0,0,0,2,1,6,6,1,37,7,1997,2,6,FORD MONDEO,2,E01005193,0,-1
2020302001570,2020,302001570,1,9,0,18,19,1,5,0,0,1,0,0,0,0,3,1,6,6,1,64,9,1998,2,15,FORD MONDEO,9,E01013596,0,-1
2020400931460,2020,400931460,1,9,0,4,4,4,8,0,0,0,0,0,0,0,2,1,6,6,1,30,6,1997,2,11,FORD MONDEO,3,E01017580,0,-1
2020110940504,2020,110940504,1,9,0,18,19,3,1,0,0,2,0,0,0,0,1,1,6,6,1,30,6,1997,2,4,FORD MONDEO,5,E01020620,0,-1
2020471002924,2020,471002924,2,9,0,4,4,1,5,0,0,0,0,0,0,0,2,1,4,7,2,33,6,1798,1,14,FORD MONDEO,5,E01031818,0,-1
2020410926560,2020,410926560,1,9,0,5,5,5,1,0,0,4,0,0,0,0,1,1,5,6,2,49,8,1997,2,10,FORD MONDEO,9,E01028561,0,-1
2020320656908,2020,320656908,1,9,0,18,19,3,7,0,0,0,0,0,0,0,1,1,6,6,1,59,9,1997,2,11,FORD MONDEO,2,E01027986,0,-1
2020470955796,2020,470955796,4,9,0,13,13,4,8,0,0,0,0,0,0,0,0,1,1,1,1,32,6,1997,2,4,FORD MONDEO,2,E01016949,0,-1
2020460997976,2020,460997976,1,9,0,12,12,3,7,0,0,0,0,0,0,0,3,1,6,6,1,-1,-1,1997,2,12,FORD MONDEO,10,E01024441,0,-1
2020370978497,2020,370978497,2,9,0,18,19,8,4,0,0,2,0,0,0,0,3,1,1,1,1,50,8,1560,2,7,FORD MONDEO,6,E01029919,0,-1
2020470968756,2020,470968756,2,9,0,18,19,2,6,0,0,8,0,0,0,0,1,1,2,2,1,45,7,1997,2,4,FORD MONDEO,9,E01000350,0,-1
2020170H10160,2020,170H10160,2,9,0,4,4,5,1,0,0,8,1,0,0,0,1,1,2,2,1,50,8,1997,2,3,FORD MONDEO,5,E01006261,0,-1