collision_index,collision_year,collision_ref_no,vehicle_reference,vehicle_type,towing_and_articulation,vehicle_manoeuvre_historic,vehicle_manoeuvre,vehicle_direction_from,vehicle_direction_to,vehicle_location_restricted_lane_historic,vehicle_location_restricted_lane,junction_location,skidding_and_overturning,hit_object_in_carriageway,vehicle_leaving_carriageway,hit_object_off_carriageway,first_point_of_impact,vehicle_left_hand_drive,journey_purpose_of_driver_historic,journey_purpose_of_driver,sex_of_driver,age_of_driver,age_band_of_driver,engine_capacity_cc,propulsion_code,age_of_vehicle,generic_make_model,driver_imd_decile,lsoa_of_driver,escooter_flag,driver_distance_banding
2020010267068,2020,010267068,1,9,0,9,9,1,6,0,0,1,0,0,0,0,1,1,6,6,1,47,8,1976,1,10,FORD MONDEO,2,E01003066,0,-1
2020991004379,2020,991004379,1,9,0,18,19,2,6,0,0,0,0,0,7,0,1,1,5,6,1,61,9,1998,2,16,FORD MONDEO,3,-1,0,-1
2020040920865,2020,040920865,1,9,0,18,19,1,4,0,0,0,0,4,0,0,1,1,5,6,1,51,8,1999,1,13,FORD MONDEO,10,E01024965,0,-1
2020052001425,2020,052001425,3,9,0,3,3,5,1,0,0,0,0,0,0,0,2,1,6,6,1,67,10,1997,2,4,FORD MONDEO,8,E01006992,0,-1
2020470963663,2020,470963663,1,9,0,2,2,0,0,0,0,0,0,0,0,0,3,1,1,1,1,76,11,1997,2,9,FORD MONDEO,3,E01021012,0,-1
2020010250413,2020,010250413,1,9,0,18,19,3,7,9,9,2,0,4,1,11,1,1,6,6,1,25,5,1560,2,9,FORD MONDEO,-1,-1,0,-1
2020010258555,2020,010258555,1,8,0,99,99,9,9,99,99,0,9,99,9,99,2,9,6,6,1,36,7,-1,3,4,FORD MONDEO,4,E01015958,0,-1
2020302000277,2020,302000277,1,9,0,18,19,6,2,0,0,8,0,0,0,0,2,1,6,6,2,43,7,1997,2,6,FORD MONDEO,3,E01019777,0,-1
202031B157320,2020,31B157320,1,9,0,18,19,5,1,9,9,0,0,0,0,0,1,1,6,6,3,-1,-1,2179,2,12,FORD MONDEO,-1,-1,0,-1
2020030966141,2020,030966141,1,8,0,7,7,0,3,0,0,2,0,0,0,0,1,1,1,1,2,44,7,1753,2,12,FORD MONDEO,2,E01019175,0,-1
2020220977009,2020,220977009,2,9,0,18,19,4,8,0,0,0,0,0,0,0,1,1,5,6,1,29,6,1997,2,10,FORD MONDEO,5,E01032426,0,-1
2020170H10970,2020,170H10970,3,9,0,18,19,3,7,0,0,1,0,0,0,0,0,1,1,1,1,-1,-1,1997,2,2,FORD MONDEO,9,E01033480,0,-1
2020531008232,2020,531008232,1,9,0,18,19,5,1,0,0,0,0,0,0,0,1,1,1,1,1,37,7,1998,2,16,FORD MONDEO,-1,-1,0,-1
2020137530930,2020,137530930,1,9,0,18,19,5,1,0,0,0,0,0,0,0,1,1,6,6,1,72,10,1998,2,13,FORD MONDEO,2,E01011251,0,-1
2020500979027,2020,500979027,2,9,0,2,2,0,0,0,0,8,0,0,0,0,3,1,5,6,2,51,8,1498,1,5,FORD MONDEO,4,E01015241,0,-1
2020010269271,2020,010269271,1,9,0,99,99,9,9,99,99,9,9,99,9,99,9,9,6,6,1,41,7,1997,2,6,FORD MONDEO,3,E01001169,0,-1
2020500949714,2020,500949714,2,9,0,17,19,7,4,0,0,0,0,0,0,0,3,1,5,6,1,79,11,1798,1,18,FORD MONDEO,5,E01018756,0,-1
2020010238866,2020,010238866,4,9,0,18,19,1,5,0,0,2,0,0,0,0,0,1,1,1,1,41,7,1498,1,3,FORD MONDEO,3,E01003221,0,-1
2020401007210,2020,401007210,1,9,0,5,5,3,7,0,0,6,0,0,0,0,3,1,2,2,1,41,7,2261,2,12,FORD MONDEO,4,E01017469,0,-1
2020340C07282,2020,340C07282,1,9,0,9,9,4,1,0,0,6,5,0,0,0,1,1,2,2,2,51,8,1997,2,11,FORD MONDEO,-1,-1,0,-1
2020520003998,2020,520003998,1,9,0,18,19,5,1,0,0,0,0,0,0,0,1,1,6,6,2,29,6,1998,2,13,FORD MONDEO,4,E01029183,0,-1
2020041009655,2020,041009655,4,9,0,18,19,3,7,0,0,0,1,1,1,0,4,1,2,2,1,55,8,1997,2,4,FORD MONDEO,6,E01025107,0,-1
2020122000461,2020,122000461,1,9,0,7,7,3,5,0,0,8,0,0,1,0,1,1,6,6,1,55,8,1997,2,12,FORD MONDEO,9,E01013408,0,-1
2020211030940,2020,211030940,1,9,-1,-1,-1,-1,-1,-1,-1,-1,-1,-1,-1,0,-1,1,6,6,2,44,7,1753,2,12,FORD MONDEO,2,E01029351,0,-1
2020420929664,2020,420929664,2,9,0,-1,-1,-1,-1,-1,-1,-1,-1,-1,-1,0,1,1,6,6,3,-1,-1,1997,2,13,FORD MONDEO,-1,-1,0,-1
2020370994604,2020,370994604,2,9,0,-1,-1,-1,-1,-1,-1,0,-1,-1,-1,0,-1,1,2,2,1,72,10,1997,2,5,FORD MONDEO,7,E01026421,0,-1
2020010228690,2020,010228690,1,9,0,18,19,6,2,0,0,1,0,0,0,0,0,1,6,6,1,44,7,1498,1,3,FORD MONDEO,4,E01003666,0,-1
2020320599746,2020,320599746,3,9,0,18,19,6,2,0,0,0,0,0,1,0,2,1,6,6,1,49,8,1998,2,14,FORD MONDEO,-1,-1,0,-1
2020040920805,2020,040920805,1,9,0,9,9,3,1,0,0,6,0,0,0,0,1,1,1,1,1,73,10,1999,1,11,FORD MONDEO,2,E01012746,0,-1
2020622000455,2020,622000455,4,9,0,2,2,0,0,0,0,1,0,0,0,0,2,1,6,6,3,-1,-1,1753,2,12,FORD MONDEO,-1,-1,0,-1
2020100916980,2020,100916980,2,9,0,3,3,1,5,0,0,0,0,0,0,0,2,1,2,2,1,41,7,1997,2,9,FORD MONDEO,4,E01020681,0,-1
2020010272154,2020,010272154,1,9,0,99,99,9,9,99,99,9,9,99,9,99,2,9,6,6,1,27,6,1499,2,3,FORD MONDEO,3,E01000403,0,-1
2020200992052,2020,200992052,1,9,0,18,19,-1,-1,0,0,8,0,0,0,0,1,1,6,6,1,-1,-1,2198,2,15,FORD MONDEO,-1,-1,0,-1
2020350980867,2020,350980867,3,9,0,5,5,5,1,0,0,0,0,0,0,0,1,1,1,1,2,40,7,1997,2,5,FORD MONDEO,10,E01018118,0,-1
2020460953468,2020,460953468,1,9,0,18,19,3,7,0,0,1,0,0,0,0,1,1,5,6,1,48,8,1753,2,11,FORD MONDEO,4,E01016163,0,-1
2020010241887,2020,010241887,4,9,0,18,19,7,3,0,0,0,0,0,0,0,0,1,6,6,1,49,8,1498,1,2,FORD MONDEO,4,E01001247,0,-1
2020122001333,2020,122001333,2,9,0,3,3,5,1,0,0,0,0,0,0,0,0,1,6,6,1,30,6,1998,2,15,FORD MONDEO,6,E01013363,0,-1
2020220972218,2020,220972218,2,9,0,5,5,1,4,0,0,6,0,0,0,0,3,1,5,6,1,46,8,1560,2,5,FORD MONDEO,7,E01032136,0,-1
2020040967928,2020,040967928,2,9,0,18,19,6,2,0,0,8,0,4,7,11,1,1,1,1,1,51,8,1560,2,6,FORD MONDEO,1,E01025184,0,-1
2020430248403,2020,430248403,2,9,0,18,19,4,8,0,0,8,0,0,0,0,3,1,6,6,2,20,4,1999,1,15,FORD MONDEO,3,E01013777,0,-1
2020410978551,2020,410978551,1,9,0,7,7,7,3,0,0,0,0,0,0,0,2,1,5,6,1,53,8,2967,1,14,FORD MONDEO,4,E01023543,0,-1
2020552000664,2020,552000664,1,9,0,18,19,1,5,0,0,8,0,0,2,2,1,1,6,6,1,53,8,1798,1,18,FORD MONDEO,-1,-1,0,-1
2020622000967,2020,622000967,1,9,0,9,9,7,5,0,0,6,0,0,0,0,4,1,6,6,1,82,11,1999,1,12,FORD MONDEO,9,W01000737,0,-1
2020460950965,2020,460950965,1,9,0,6,6,4,6,0,0,0,0,0,0,0,2,1,5,6,2,29,6,2198,2,14,FORD MONDEO,4,E01023997,0,-1
2020010260342,2020,010260342,1,9,0,4,4,2,6,0,0,2,0,0,0,0,1,1,1,1,1,37,7,1498,1,1,FORD MONDEO,7,E01003456,0,-1
2020040952899,2020,040952899,2,9,0,4,4,7,3,0,0,2,0,0,0,0,2,1,2,2,1,42,7,1997,2,12,FORD MONDEO,-1,-1,0,-1
2020522003194,2020,522003194,1,9,0,18,19,1,5,0,0,0,1,0,0,0,1,1,6,6,1,35,6,1999,1,10,FORD MONDEO,10,E01014883,0,-1
2020010282367,2020,010282367,2,9,0,18,19,7,3,0,0,1,0,0,0,0,1,1,1,1,1,25,5,1997,2,7,FORD MONDEO,5,E01001677,0,-1
2020320640832,2020,320640832,2,8,0,18,19,8,4,0,0,3,0,0,0,0,4,1,1,1,1,52,8,1997,2,4,FORD MONDEO,1,E01026312,0,-1
2020990923440,2020,990923440,1,9,0,18,19,3,7,0,0,0,0,0,0,0,1,1,6,6,1,73,10,2198,2,15,FORD MONDEO,7,-1,0,-1
2020302000459,2020,302000459,2,9,0,18,19,2,6,0,0,0,0,0,0,0,1,1,6,6,1,26,6,1998,2,13,FORD MONDEO,5,E01019456,0,-1
2020160987725,2020,160987725,1,9,0,18,19,5,1,0,0,1,0,0,0,0,3,1,6,6,3,-1,-1,1999,1,18,FORD MONDEO,-1,-1,0,-1
2020070353844,2020,070353844,2,9,0,18,19,1,5,0,0,8,5,0,0,0,3,1,6,6,2,55,8,1560,2,5,FORD MONDEO,10,E01018632,0,-1
2020052002463,2020,052002463,1,8,0,5,5,3,7,0,0,0,0,0,0,0,3,1,2,2,1,55,8,1560,2,9,FORD MONDEO,2,E01012379,0,-1
2020440008731,2020,440008731,2,9,0,17,19,2,7,0,0,8,0,0,0,0,0,1,6,6,2,45,7,1998,2,13,FORD MONDEO,4,E01022993,0,-1
2020500941640,2020,500941640,1,9,0,18,19,6,2,0,0,0,0,0,1,0,1,1,5,6,1,54,8,1997,2,5,FORD MONDEO,5,E01029287,0,-1
2020010283736,2020,010283736,1,9,0,4,4,6,2,0,0,4,0,0,0,0,3,1,6,6,1,47,8,1997,2,11,FORD MONDEO,3,E01000130,0,-1
2020421000810,2020,421000810,2,9,0,18,19,7,3,0,0,0,0,0,0,0,3,1,5,6,1,42,7,1753,2,10,FORD MONDEO,2,E01013597,0,-1
2020010261643,2020,010261643,1,9,0,4,4,5,1,0,0,4,0,0,0,0,2,1,6,6,1,59,9,1798,1,15,FORD MONDEO,3,E01003275,0,-1
2020990982344,2020,990982344,1,9,0,9,9,7,3,0,0,0,0,0,0,0,4,1,5,6,1,19,4,2198,2,14,FORD MONDEO,1,-1,0,-1
2020470966564,2020,470966564,1,9,0,18,19,1,5,0,0,0,2,0,1,10,4,1,5,6,1,34,6,2521,1,13,FORD MONDEO,3,E01031430,0,-1
2020200982212,2020,200982212,2,9,0,18,19,2,6,0,0,6,0,0,0,0,1,1,6,6,1,-1,-1,1999,8,4,FORD MONDEO,1,E01033647,0,-1
2020010265251,2020,010265251,1,9,0,4,4,5,1,0,0,2,0,0,0,0,3,2,1,1,1,35,6,1498,1,3,FORD MONDEO,-1,-1,0,-1
2020140955962,2020,140955962,2,9,0,7,7,2,4,0,0,2,0,0,0,0,3,1,6,6,1,29,6,1999,1,19,FORD MONDEO,2,E01033270,0,-1
2020990958498,2020,990958498,1,9,0,17,19,8,5,0,0,0,0,0,0,0,1,1,5,6,1,40,7,1998,2,16,FORD MONDEO,4,-1,0,-1
2020200937829,2020,200937829,3,9,0,10,10,2,8,0,0,8,0,0,0,0,2,1,6,6,1,52,8,1499,2,3,FORD MONDEO,7,E01029438,0,-1
2020170S11030,2020,170S11030,2,9,0,18,19,6,2,0,0,8,0,0,0,0,1,1,6,6,1,54,8,1997,2,2,FORD MONDEO,-1,-1,0,-1
2020420969111,2020,420969111,2,9,0,18,19,3,7,0,0,8,0,0,0,0,4,1,5,6,1,37,7,1995,2,0,FORD MONDEO,8,E01017753,0,-1
2020500984534,2020,500984534,1,9,0,18,19,8,4,0,0,0,0,0,0,0,1,1,1,1,1,45,7,1998,2,15,FORD MONDEO,4,E01020134,0,-1
2020370932751,2020,370932751,2,9,0,18,19,4,8,0,0,0,0,0,0,0,1,1,6,6,2,40,7,1997,2,6,FORD MONDEO,10,E01029895,0,-1
2020500977701,2020,500977701,1,9,0,18,19,8,6,0,0,6,0,0,0,0,3,1,5,6,1,38,7,2198,2,13,FORD MONDEO,5,E01020098,0,-1
2020160929439,2020,160929439,1,9,0,7,7,3,6,0,0,8,0,0,0,0,4,1,6,6,2,-1,-1,2179,2,11,FORD MONDEO,-1,-1,0,-1
2020470947903,2020,470947903,1,9,0,18,19,5,1,0,0,1,0,0,0,0,4,1,5,6,1,80,11,1798,1,17,FORD MONDEO,6,E01031513,0,-1
2020137250873,2020,137250873,2,9,0,3,3,7,3,0,0,0,0,0,0,0,2,1,6,6,1,34,6,2179,2,8,FORD MONDEO,2,E01011030,0,-1
2020440384724,2020,440384724,2,9,0,17,19,3,7,0,0,8,0,0,0,0,4,1,6,6,1,48,8,1999,1,12,FORD MONDEO,7,E01031979,0,-1
2020530965989,2020,530965989,1,9,0,9,9,8,4,0,0,0,0,0,0,0,1,1,6,6,1,49,8,1997,2,9,FORD MONDEO,5,E01014925,0,-1
2020140984178,2020,140984178,2,9,0,18,19,8,4,0,0,0,0,0,7,0,1,1,5,6,1,39,7,2261,1,12,FORD MONDEO,2,E01007336,0,-1
2020440194413,2020,440194413,2,9,0,18,19,8,4,0,0,1,0,0,0,0,1,1,6,6,1,49,8,1999,1,15,FORD MONDEO,3,E01017299,0,-1
2020350928784,2020,350928784,2,9,0,18,19,7,3,0,0,1,1,0,0,0,4,1,2,2,1,35,6,1753,2,10,FORD MONDEO,2,E01015612,0,-1
2020461008612,2020,461008612,2,9,0,16,19,1,3,0,0,0,0,0,0,0,3,1,2,2,1,51,8,1997,2,12,FORD MONDEO,4,E01024120,0,-1
2020010274170,2020,010274170,1,9,0,9,9,1,6,0,0,8,0,0,0,0,1,1,2,2,1,34,6,1997,2,11,FORD MONDEO,-1,-1,0,-1
2020200993584,2020,200993584,3,9,0,18,19,5,1,0,0,0,0,0,0,0,2,1,6,6,1,29,6,1997,2,5,FORD MONDEO,1,E01010401,0,-1
2020410955927,2020,410955927,2,9,0,9,9,1,8,0,0,0,0,0,0,0,4,1,5,6,1,22,5,1997,2,12,FORD MONDEO,7,E01000241,0,-1
2020520002005,2020,520002005,1,9,0,18,19,8,4,0,0,0,1,0,0,9,1,1,6,6,1,37,7,1798,1,13,FORD MONDEO,10,E01029159,0,-1
2020430066398,2020,430066398,1,9,0,18,19,3,7,0,0,0,1,0,0,0,1,1,6,6,1,27,6,1999,1,15,FORD MONDEO,-1,-1,0,-1
2020010264173,2020,010264173,1,9,0,99,99,9,9,99,99,1,9,99,9,99,1,9,6,6,1,37,7,1988,1,21,FORD MONDEO,4,E01001222,0,-1
2020500981258,2020,500981258,2,9,0,10,10,6,4,0,0,5,0,0,0,0,2,1,5,6,2,40,7,1560,2,9,FORD MONDEO,4,E01015077,0,-1
2020400938252,2020,400938252,1,9,0,17,19,2,6,0,0,0,0,0,0,0,1,1,5,6,1,33,6,1753,2,12,FORD MONDEO,3,E01017518,0,-1
2020320501228,2020,320501228,1,9,0,18,19,1,5,0,0,1,0,0,0,0,1,1,6,6,2,43,7,1997,2,10,FORD MONDEO,-1,-1,0,-1
2020440301788,2020,440301788,2,9,0,7,7,6,8,0,0,4,0,0,0,0,1,1,6,6,1,-1,-1,1997,2,11,FORD MONDEO,-1,-1,0,-1
2020122001360,2020,122001360,4,9,0,4,4,5,1,0,0,0,0,0,0,0,1,1,6,6,1,33,6,1999,1,9,FORD MONDEO,1,E01012284,0,-1
2020160988574,2020,160988574,1,9,0,5,5,3,7,0,0,4,0,0,0,0,1,1,5,6,1,54,8,1998,2,17,FORD MONDEO,1,E01013142,0,-1
2020140961114,2020,140961114,1,9,0,3,3,5,1,0,0,1,0,0,0,0,2,1,2,2,1,54,8,1997,2,7,FORD MONDEO,9,E01019805,0,-1
202006N176358,2020,06N176358,1,9,0,18,19,2,6,0,0,0,0,0,0,0,4,1,3,7,1,39,7,1997,2,3,FORD MONDEO,9,E01004968,0,-1
2020010263997,2020,010263997,1,9,0,18,19,1,5,0,0,1,0,10,0,0,2,1,6,6,1,25,5,1997,2,10,FORD MONDEO,4,E01000621,0,-1
2020010244885,2020,010244885,2,8,0,18,19,1,5,0,0,8,0,0,0,0,1,1,1,1,1,45,7,1997,2,5,FORD MONDEO,4,E01003722,0,-1
2020622000262,2020,622000262,3,9,0,18,19,5,1,0,0,0,0,0,0,0,1,1,6,6,1,58,9,1997,2,12,FORD MONDEO,8,E01021793,0,-1
2020440277107,2020,440277107,2,9,0,3,3,2,6,0,0,0,0,0,0,0,2,1,2,2,1,38,7,1753,2,10,FORD MONDEO,5,E01015377,0,-1
2020010282544,2020,010282544,2,9,0,10,10,2,7,0,0,8,0,0,0,0,4,1,6,6,2,47,8,2179,2,11,FORD MONDEO,9,E01001567,0,-1
2020010267016,2020,010267016,1,9,0,9,9,4,2,0,0,1,0,0,3,0,1,1,6,6,1,31,6,1999,1,12,FORD MONDEO,2,E01003179,0,-1
2020211008390,2020,211008390,1,9,-1,-1,-1,6,1,-1,-1,-1,-1,-1,-1,0,-1,1,6,6,1,53,8,1560,2,9,FORD MONDEO,-1,-1,0,-1
2020052002171,2020,052002171,2,9,0,18,19,1,5,0,0,2,0,0,0,0,1,1,2,2,1,49,8,1753,2,12,FORD MONDEO,1,E01007011,0,-1
2020320502879,2020,320502879,2,9,0,18,19,7,3,0,0,1,0,0,0,0,1,1,6,6,1,47,8,1998,2,15,FORD MONDEO,9,E01026355,0,-1
2020010266606,2020,010266606,1,9,0,4,4,1,5,0,0,0,0,0,0,0,0,2,1,1,1,38,7,1498,1,3,FORD MONDEO,4,E01000472,0,-1
2020010270327,2020,010270327,2,9,0,99,99,9,9,99,99,9,9,99,9,99,1,9,6,6,3,-1,-1,1999,1,14,FORD MONDEO,-1,-1,0,-1
2020140946714,2020,140946714,1,9,0,18,19,2,6,0,0,0,0,0,0,0,1,1,5,6,1,44,7,1997,2,11,FORD MONDEO,-1,-1,0,-1
2020220968140,2020,220968140,1,9,0,18,19,1,5,0,0,0,0,0,0,0,3,1,5,6,3,30,6,1798,1,13,FORD MONDEO,-1,-1,0,-1
2020450988782,2020,450988782,2,9,0,18,19,5,1,0,0,1,0,0,0,0,1,1,6,6,1,39,7,1753,2,10,FORD MONDEO,5,E01002426,0,-1
2020070249814,2020,070249814,3,9,0,2,2,0,0,0,0,1,0,0,0,0,4,1,6,6,3,-1,-1,1997,2,12,FORD MONDEO,2,E01018478,0,-1
20201377E1507,2020,1377E1507,2,9,0,18,19,3,7,0,0,8,0,0,0,0,1,1,2,2,1,39,7,1997,2,4,FORD MONDEO,10,E01011380,0,-1
2020302000995,2020,302000995,1,9,0,17,19,6,2,0,0,0,1,0,0,0,1,1,6,6,3,-1,-1,1997,2,13,FORD MONDEO,5,E01019456,0,-1
2020340N05222,2020,340N05222,2,9,0,5,5,0,7,0,0,0,0,0,0,0,1,1,6,6,1,63,9,1997,2,11,FORD MONDEO,9,E01027222,0,-1
2020010272403,2020,010272403,2,9,0,99,99,9,9,99,99,9,9,99,9,99,1,1,6,6,1,57,9,1997,2,13,FORD MONDEO,2,E01004711,0,-1
2020460967508,2020,460967508,2,9,0,18,19,3,7,0,0,1,0,0,0,0,1,1,6,6,1,59,9,1988,1,20,FORD MONDEO,4,E01024541,0,-1
2020010270264,2020,010270264,4,9,0,2,2,0,0,9,9,2,0,0,0,0,1,1,6,6,3,-1,-1,1976,1,10,FORD MONDEO,-1,-1,0,-1
2020052002443,2020,052002443,2,8,0,4,4,8,4,0,0,1,0,0,0,0,2,1,1,1,1,27,6,1499,2,2,FORD MONDEO,2,E01006428,0,-1
2020052000335,2020,052000335,2,8,0,4,4,1,5,0,0,0,0,0,0,0,2,1,6,6,1,-1,-1,1997,2,6,FORD MONDEO,-1,-1,0,-1
2020530962710,2020,530962710,2,9,0,18,19,5,3,0,0,8,0,0,0,0,3,1,6,6,2,58,9,1997,2,9,FORD MONDEO,-1,-1,0,-1
2020500946732,2020,500946732,2,9,0,18,19,5,1,0,0,1,0,0,0,0,1,1,2,2,1,39,7,1997,2,12,FORD MONDEO,3,E01019052,0,-1
2020450935187,2020,450935187,3,9,0,4,4,7,3,0,0,0,0,0,0,0,2,1,2,2,1,27,6,1998,2,14,FORD MONDEO,8,E01030853,0,-1
2020440282950,2020,440282950,2,9,0,18,19,1,5,0,0,8,0,0,0,0,3,1,2,2,1,-1,-1,1997,2,2,FORD MONDEO,7,E01023046,0,-1
2020501015658,2020,501015658,1,9,0,3,3,2,6,0,0,0,1,0,0,0,2,1,5,6,1,28,6,1997,2,12,FORD MONDEO,3,E01020218,0,-1
2020141008102,2020,141008102,1,9,0,17,19,7,3,0,0,0,0,0,0,0,1,1,6,6,1,42,7,1997,2,5,FORD MONDEO,3,E01007490,0,-1
2020400926629,2020,400926629,1,9,0,7,7,4,1,0,0,6,0,0,0,0,1,1,6,6,1,64,9,1753,2,12,FORD MONDEO,4,E01027059,0,-1
2020540835020,2020,540835020,1,9,0,16,19,6,1,0,0,0,0,0,1,11,1,1,6,6,1,19,4,1998,2,15,FORD MONDEO,9,E01023076,0,-1
2020430082279,2020,430082279,1,9,0,18,19,4,8,0,0,0,0,0,0,0,1,1,1,1,1,33,6,1997,2,10,FORD MONDEO,-1,-1,0,-1
2020552001195,2020,552001195,1,9,0,18,19,6,2,0,0,0,0,0,0,0,1,1,2,2,1,48,8,1798,1,19,FORD MONDEO,9,E01020435,0,-1
2020122001143,2020,122001143,2,9,0,7,7,1,5,0,0,1,0,0,0,0,4,1,1,1,1,42,7,1997,2,4,FORD MONDEO,1,E01033484,0,-1
2020230966114,2020,230966114,2,9,0,18,19,2,6,0,0,0,0,0,0,0,2,1,2,2,1,27,6,1753,2,12,FORD MONDEO,2,E01020897,0,-1
2020030976126,2020,030976126,1,9,0,18,19,3,7,0,0,0,0,0,0,0,1,1,6,6,1,25,5,1998,2,13,FORD MONDEO,-1,-1,0,-1
2020500990248,2020,500990248,3,9,0,3,3,4,2,0,0,0,0,0,0,0,2,1,5,6,1,72,10,1997,2,1,FORD MONDEO,8,E01019908,0,-1
2020140918726,2020,140918726,1,8,0,9,9,7,5,0,0,6,0,0,0,0,3,1,1,1,1,43,7,1997,2,9,FORD MONDEO,1,E01007320,0,-1
2020501009742,2020,501009742,2,9,0,9,9,8,2,0,0,6,0,0,0,0,0,1,5,6,1,29,6,1998,2,15,FORD MONDEO,5,E01020235,0,-1
2020010247920,2020,010247920,1,9,0,99,99,9,9,99,99,9,9,99,9,99,2,9,2,2,1,50,8,1498,1,3,FORD MONDEO,4,E01024377,0,-1
2020010261358,2020,010261358,2,9,0,18,19,5,1,0,0,1,0,0,0,0,1,1,6,6,1,-1,-1,1999,1,12,FORD MONDEO,-1,-1,0,-1
2020530972316,2020,530972316,2,9,0,18,19,-1,-1,0,0,0,0,0,0,0,1,1,6,6,1,-1,-1,1999,1,15,FORD MONDEO,5,E01022435,0,-1
2020137582009,2020,137582009,2,9,0,18,19,3,7,0,0,8,0,0,0,0,1,1,6,6,2,24,5,1998,2,13,FORD MONDEO,1,E01011746,0,-1
2020320402547,2020,320402547,1,9,0,2,2,7,3,0,0,0,0,0,0,0,2,1,6,6,1,50,8,1997,2,12,FORD MONDEO,6,E01026147,0,-1
2020010286559,2020,010286559,3,9,0,18,19,1,5,0,0,1,0,0,0,0,1,1,1,1,1,33,6,1498,1,3,FORD MONDEO,9,E01000759,0,-1
2020360942861,2020,360942861,1,9,0,18,19,1,5,0,0,0,0,0,0,0,1,1,5,6,1,71,10,1997,2,12,FORD MONDEO,6,E01026441,0,-1
2020010255455,2020,010255455,4,9,0,18,19,8,4,0,0,0,0,0,0,0,0,1,1,1,1,37,7,1498,1,3,FORD MONDEO,3,E01003221,0,-1
2020100976049,2020,100976049,1,9,0,13,13,5,1,0,0,0,0,0,0,0,4,1,6,6,1,37,7,2179,2,11,FORD MONDEO,-1,-1,0,-1
2020010268974,2020,010268974,2,9,0,99,99,9,9,99,99,9,9,99,9,99,9,9,6,6,3,36,7,1499,2,5,FORD MONDEO,5,E01000146,0,-1
2020140977488,2020,140977488,1,9,0,18,19,5,2,0,0,8,0,0,0,0,1,1,5,6,2,27,6,1997,2,5,FORD MONDEO,1,E01007791,0,-1
2020460943020,2020,460943020,1,9,0,4,4,7,3,0,0,0,0,4,0,0,4,1,1,1,1,36,7,1997,2,6,FORD MONDEO,1,E01024658,0,-1
2020522000112,2020,522000112,1,9,0,7,7,1,3,0,0,4,0,0,0,0,4,1,1,1,2,40,7,1997,2,7,FORD MONDEO,-1,-1,0,-1
2020030976017,2020,030976017,2,9,0,4,4,3,7,0,0,1,0,0,0,0,3,1,6,6,2,36,7,1560,2,8,FORD MONDEO,3,E01019198,0,-1
20201375U2138,2020,1375U2138,7,9,0,18,19,2,6,0,0,0,0,0,0,0,0,1,1,1,1,39,7,1997,2,3,FORD MONDEO,6,E01011885,0,-1
2020010286395,2020,010286395,1,9,0,18,19,1,5,0,0,2,0,0,0,0,1,1,1,1,2,28,6,1498,1,3,FORD MONDEO,-1,-1,0,-1
2020137BR0384,2020,137BR0384,2,9,0,18,19,2,6,0,0,8,0,0,0,0,1,1,6,6,1,64,9,1999,1,15,FORD MONDEO,2,E01032607,0,-1
2020500956757,2020,500956757,1,9,0,5,5,4,8,0,0,4,0,0,0,0,3,1,1,1,1,69,10,1499,2,2,FORD MONDEO,4,E01019007,0,-1
2020361010511,2020,361010511,1,8,0,18,19,7,3,0,0,1,0,0,0,0,1,1,1,1,1,45,7,1997,2,10,FORD MONDEO,4,E01026749,0,-1
2020360963624,2020,360963624,1,9,0,18,19,7,3,0,0,0,0,0,0,0,3,1,6,6,1,36,7,2198,2,15,FORD MONDEO,4,E01026762,0,-1
2020030962769,2020,030962769,2,9,0,9,9,5,3,0,0,0,0,0,0,0,2,1,6,6,1,25,5,2198,2,14,FORD MONDEO,2,E01019165,0,-1
2020450979118,2020,450979118,1,9,0,18,19,6,2,0,0,1,0,0,0,0,1,1,3,7,2,39,7,1997,2,5,FORD MONDEO,10,E01030589,0,-1
2020122000163,2020,122000163,1,8,0,18,19,2,6,0,0,1,0,0,0,0,1,1,1,1,1,56,9,1997,2,10,FORD MONDEO,7,E01013419,0,-1
2020420974312,2020,420974312,1,9,0,17,19,1,3,0,0,0,1,10,0,0,2,1,5,6,1,83,11,1988,1,21,FORD MONDEO,4,E01021425,0,-1
2020220938874,2020,220938874,1,9,0,9,9,8,6,0,0,5,0,0,1,11,1,1,5,6,1,34,6,1998,2,13,FORD MONDEO,5,W01000402,0,-1
2020622000364,2020,622000364,1,9,0,5,5,8,4,0,0,0,0,0,0,0,1,1,6,6,2,31,6,1998,2,17,FORD MONDEO,4,W01001158,0,-1
2020201023084,2020,201023084,1,9,0,13,13,4,8,0,0,0,0,0,0,0,1,1,6,6,1,-1,-1,2198,2,15,FORD MONDEO,1,E01009542,0,-1
2020500983883,2020,500983883,1,9,0,5,5,3,7,0,0,2,0,0,0,0,1,1,5,6,2,21,5,1998,2,16,FORD MONDEO,7,E01018899,0,-1
2020470925998,2020,470925998,1,9,0,18,19,5,1,0,0,1,0,0,0,0,1,1,1,1,1,37,7,1997,2,4,FORD MONDEO,6,E01031825,0,-1