collision_index,collision_year,collision_ref_no,vehicle_reference,vehicle_type,towing_and_articulation,vehicle_manoeuvre_historic,vehicle_manoeuvre,vehicle_direction_from,vehicle_direction_to,vehicle_location_restricted_lane_historic,vehicle_location_restricted_lane,junction_location,skidding_and_overturning,hit_object_in_carriageway,vehicle_leaving_carriageway,hit_object_off_carriageway,first_point_of_impact,vehicle_left_hand_drive,journey_purpose_of_driver_historic,journey_purpose_of_driver,sex_of_driver,age_of_driver,age_band_of_driver,engine_capacity_cc,propulsion_code,age_of_vehicle,generic_make_model,driver_imd_decile,lsoa_of_driver,escooter_flag,driver_distance_banding
2020370982697,2020,370982697,1,9,0,9,9,7,5,0,0,2,0,0,0,0,3,1,5,6,1,52,8,1997,2,13,FORD MONDEO,3,E01029914,0,-1
2020230973300,2020,230973300,2,9,0,18,19,5,1,0,0,0,0,0,1,10,1,1,1,1,1,63,9,1499,2,3,FORD MONDEO,7,E01018127,0,-1
2020522003060,2020,522003060,3,9,0,18,19,6,2,0,0,1,0,0,0,0,1,1,6,6,1,33,6,1753,2,11,FORD MONDEO,1,E01014831,0,-1
2020450936692,2020,450936692,3,9,0,12,12,3,7,0,0,0,1,0,1,7,2,1,2,2,1,59,9,1798,1,13,FORD MONDEO,3,E01023145,0,-1
2020991010996,2020,991010996,1,9,0,10,10,4,3,0,0,2,0,0,0,0,1,1,5,6,1,62,9,1997,2,8,FORD MONDEO,7,-1,0,-1
2020622000303,2020,622000303,3,8,0,3,3,8,4,0,0,0,0,0,0,0,2,1,1,1,1,50,8,1997,2,4,FORD MONDEO,4,W01001139,0,-1
2020200946930,2020,200946930,2,9,0,12,12,8,4,0,0,0,0,0,0,0,2,1,6,6,2,41,7,1798,1,19,FORD MONDEO,3,E01009619,0,-1
2020140960046,2020,140960046,1,9,0,9,9,2,8,0,0,5,0,0,0,0,1,1,1,1,1,72,10,1997,2,5,FORD MONDEO,6,E01007387,0,-1
2020500929270,2020,500929270,1,9,0,18,19,1,5,0,0,0,0,0,0,0,0,1,5,6,1,39,7,1997,2,6,FORD MONDEO,7,E01019969,0,-1
2020140948131,2020,140948131,2,9,0,-1,-1,-1,-1,-1,-1,-1,-1,-1,-1,0,-1,1,6,6,3,-1,-1,1997,2,12,FORD MONDEO,-1,-1,0,-1
202031C060120,2020,31C060120,1,9,0,18,19,7,3,0,0,2,0,0,0,0,1,1,6,6,1,45,7,1798,1,14,FORD MONDEO,1,E01013871,0,-1
2020440414871,2020,440414871,1,9,0,7,7,6,1,0,0,8,0,0,0,0,3,1,6,6,1,91,11,1999,1,13,FORD MONDEO,10,E01030726,0,-1
2020320453877,2020,320453877,2,8,0,18,19,5,1,0,0,1,0,0,0,0,4,1,1,1,1,45,7,1997,2,10,FORD MONDEO,2,E01026084,0,-1
2020370941679,2020,370941679,1,9,0,18,19,1,5,0,0,0,0,0,0,0,4,1,5,6,1,55,8,1999,1,19,FORD MONDEO,4,E01030276,0,-1
2020010256046,2020,010256046,1,9,0,18,19,5,1,0,0,1,0,0,0,0,0,1,6,6,1,62,9,1997,2,6,FORD MONDEO,5,E01033573,0,-1
2020010239005,2020,010239005,1,9,0,99,99,9,9,99,99,9,9,99,9,99,2,9,6,6,3,-1,-1,1997,2,8,FORD MONDEO,-1,-1,0,-1
2020320650701,2020,320650701,1,9,0,18,19,6,2,0,0,4,0,0,0,0,1,1,6,6,1,80,11,1999,1,16,FORD MONDEO,-1,-1,0,-1
202031C081020,2020,31C081020,1,9,0,5,5,5,1,0,0,1,0,0,0,0,4,1,6,6,1,63,9,1753,2,12,FORD MONDEO,5,E01028155,0,-1
2020410997105,2020,410997105,2,9,0,18,19,8,4,0,0,2,1,0,7,0,1,1,2,2,2,39,7,1798,1,15,FORD MONDEO,8,E01023485,0,-1
2020200954767,2020,200954767,2,9,0,9,9,6,4,0,0,5,0,0,0,0,3,1,6,6,1,37,7,2198,2,13,FORD MONDEO,1,E01009892,0,-1
202006A269759,2020,06A269759,1,9,0,17,19,4,1,0,0,1,0,0,0,0,1,1,6,6,1,25,5,1998,2,18,FORD MONDEO,-1,-1,0,-1
2020622000932,2020,622000932,2,9,0,9,9,3,1,0,0,1,0,0,0,0,1,1,6,6,1,48,8,1997,2,7,FORD MONDEO,4,W01000753,0,-1
2020420935448,2020,420935448,2,9,0,3,3,7,3,0,0,0,0,0,0,0,2,1,5,6,1,62,9,1498,1,4,FORD MONDEO,9,E01021740,0,-1
2020500962493,2020,500962493,1,9,0,18,19,7,3,0,0,0,0,0,0,0,1,1,6,6,1,19,4,2198,2,13,FORD MONDEO,6,E01018915,0,-1
2020320561638,2020,320561638,3,9,0,18,19,1,5,0,0,1,0,0,0,0,3,1,6,6,1,73,10,1997,2,7,FORD MONDEO,7,E01013150,0,-1
2020400921581,2020,400921581,2,9,0,18,19,3,7,0,0,8,0,0,0,0,1,1,2,2,1,35,6,1753,2,13,FORD MONDEO,2,E01015741,0,-1
2020100966761,2020,100966761,2,9,0,18,19,3,7,0,0,0,0,0,0,0,1,1,5,6,2,43,7,2179,2,10,FORD MONDEO,5,E01027409,0,-1
2020990997181,2020,990997181,1,9,0,16,19,2,5,0,0,1,1,0,7,0,1,1,1,1,1,45,7,1499,2,4,FORD MONDEO,9,E01030890,0,-1
2020340D08702,2020,340D08702,2,9,0,18,19,1,5,0,0,1,0,0,0,0,1,1,2,2,1,35,6,1997,2,11,FORD MONDEO,4,E01027247,0,-1
2020100992835,2020,100992835,1,8,0,6,6,4,8,0,0,1,0,0,0,0,3,1,1,1,2,34,6,1997,2,10,FORD MONDEO,1,E01008164,0,-1
2020470949095,2020,470949095,2,9,0,18,19,3,7,0,0,0,0,10,1,11,1,1,5,6,2,59,9,1999,1,15,FORD MONDEO,7,E01021098,0,-1
2020350919671,2020,350919671,1,9,0,9,9,3,7,0,0,0,0,0,0,0,4,1,6,6,2,-1,-1,2495,1,18,FORD MONDEO,9,E01018278,0,-1
2020010273374,2020,010273374,2,8,0,99,99,9,9,99,99,9,9,99,9,99,1,9,6,6,1,55,8,1999,8,4,FORD MONDEO,2,E01004264,0,-1
2020421000446,2020,421000446,3,9,0,18,19,1,5,0,0,0,0,0,0,0,2,1,6,6,1,34,6,1997,2,10,FORD MONDEO,2,E01000034,0,-1
2020460924971,2020,460924971,2,9,0,18,19,7,5,0,0,0,0,0,0,0,1,1,5,6,1,29,6,1998,2,16,FORD MONDEO,5,E01024206,0,-1
2020200931637,2020,200931637,2,9,0,3,3,8,4,0,0,1,0,0,0,0,2,1,6,6,1,27,6,1997,2,2,FORD MONDEO,5,E01010306,0,-1
2020140957056,2020,140957056,2,9,0,-1,-1,-1,-1,-1,-1,0,-1,-1,-1,0,1,1,6,6,1,-1,-1,1999,1,19,FORD MONDEO,-1,-1,0,-1
2020500986881,2020,500986881,1,9,0,17,19,6,3,0,0,0,0,0,0,0,1,1,2,2,2,38,7,1997,2,13,FORD MONDEO,4,E01020070,0,-1
202031B175020,2020,31B175020,2,9,0,18,19,1,5,0,0,1,0,0,0,0,1,1,6,6,1,63,9,1560,2,5,FORD MONDEO,4,E01028045,0,-1
2020522001861,2020,522001861,2,9,0,3,3,1,5,0,0,0,0,0,0,0,1,1,6,6,3,-1,-1,1997,2,13,FORD MONDEO,-1,-1,0,-1
2020010279450,2020,010279450,2,9,0,2,2,0,0,6,6,0,0,0,0,0,0,1,6,6,3,-1,-1,1999,1,19,FORD MONDEO,-1,-1,0,-1
202031C121620,2020,31C121620,1,9,0,7,7,1,3,0,0,5,0,0,0,0,3,1,6,6,1,53,8,1997,2,10,FORD MONDEO,8,E01013262,0,-1
2020137571072,2020,137571072,1,9,0,4,4,4,8,0,0,0,0,0,0,0,4,1,1,1,1,31,6,1560,2,6,FORD MONDEO,10,E01010936,0,-1
2020440063916,2020,440063916,1,9,0,18,19,2,6,0,0,8,0,0,0,0,1,1,6,6,1,79,11,1753,2,11,FORD MONDEO,8,E01030884,0,-1
2020140975104,2020,140975104,1,9,0,18,19,1,1,0,0,0,0,0,0,0,3,1,6,6,1,59,9,1997,2,9,FORD MONDEO,4,E01007817,0,-1
2020351008315,2020,351008315,2,9,0,18,19,1,5,0,0,4,1,0,0,0,4,1,5,6,2,75,10,1999,1,19,FORD MONDEO,9,E01018181,0,-1
2020010247113,2020,010247113,1,9,0,18,19,5,1,99,99,9,9,99,9,99,3,1,6,6,1,41,7,1997,2,11,FORD MONDEO,8,E01003421,0,-1
2020991010173,2020,991010173,2,8,0,18,19,1,5,0,0,1,1,4,1,11,4,1,1,1,1,66,10,1499,2,3,FORD MONDEO,2,-1,0,-1
2020546778320,2020,546778320,2,9,0,18,19,7,3,0,0,8,0,0,0,0,1,1,6,6,1,26,6,1560,2,8,FORD MONDEO,-1,-1,0,-1
2020420915645,2020,420915645,1,9,0,3,3,1,3,0,0,2,0,0,0,0,1,1,6,6,1,50,8,1999,1,14,FORD MONDEO,5,E01015993,0,-1
2020520001387,2020,520001387,2,9,0,18,19,8,4,0,0,8,0,0,0,0,1,1,6,6,1,49,8,1997,2,5,FORD MONDEO,9,E01029103,0,-1
2020500980455,2020,500980455,1,9,0,18,19,3,7,0,0,0,0,0,0,0,1,1,5,6,1,34,6,1997,2,12,FORD MONDEO,9,E01031036,0,-1
2020990978297,2020,990978297,1,8,0,18,19,3,7,0,0,8,0,0,0,0,4,1,1,1,1,74,10,1596,1,11,FORD MONDEO,4,-1,0,-1
2020470999296,2020,470999296,2,9,0,9,9,5,3,0,0,6,0,0,0,0,3,1,5,6,1,47,8,1997,2,6,FORD MONDEO,7,E01031406,0,-1
2020420972788,2020,420972788,2,9,0,3,3,1,4,0,0,0,0,0,0,0,3,1,2,2,1,46,8,1999,1,12,FORD MONDEO,7,E01021416,0,-1
2020451006359,2020,451006359,2,9,0,1,1,3,7,0,0,2,0,0,0,0,2,1,6,6,1,60,9,1998,2,13,FORD MONDEO,9,E01030991,0,-1
2020470983046,2020,470983046,1,9,0,18,19,7,3,0,0,4,0,0,0,0,1,1,6,6,3,-1,-1,1997,2,9,FORD MONDEO,-1,-1,0,-1
2020460983805,2020,460983805,1,9,0,16,19,7,3,0,0,0,0,0,0,0,1,1,6,6,1,18,4,1998,2,15,FORD MONDEO,6,E01023979,0,-1
2020200990522,2020,200990522,1,9,0,18,19,2,6,0,0,0,0,0,0,0,2,1,2,2,1,40,7,1997,2,13,FORD MONDEO,2,E01009495,0,-1
2020140982389,2020,140982389,2,9,0,5,5,1,5,0,0,1,0,0,0,0,1,1,2,2,2,42,7,1560,2,8,FORD MONDEO,1,E01007466,0,-1
2020500957735,2020,500957735,1,9,0,1,1,3,7,0,0,8,0,0,0,0,2,1,5,6,1,65,9,1998,2,17,FORD MONDEO,5,E01020101,0,-1
202006Q177433,2020,06Q177433,1,9,0,17,19,4,1,0,0,1,0,0,8,4,4,1,6,6,1,34,6,1999,1,15,FORD MONDEO,1,E01005427,0,-1
2020460930247,2020,460930247,2,8,0,10,10,3,5,0,0,1,0,0,0,0,2,1,1,1,1,52,8,-1,3,5,FORD MONDEO,2,E01024633,0,-1
2020420960859,2020,420960859,1,9,0,14,14,5,1,0,0,1,0,0,0,0,1,1,6,6,3,-1,-1,1998,2,14,FORD MONDEO,-1,-1,0,-1
2020010260124,2020,010260124,1,9,0,4,4,3,7,0,0,1,0,0,0,0,0,1,1,1,1,58,9,1997,2,7,FORD MONDEO,3,E01001779,0,-1
2020991002358,2020,991002358,2,9,0,2,2,0,0,0,0,1,0,0,0,0,2,1,5,6,1,25,5,1997,2,12,FORD MONDEO,5,-1,0,-1
2020410965909,2020,410965909,1,9,0,18,19,3,7,0,0,8,0,0,0,0,1,1,6,6,1,-1,-1,1798,1,14,FORD MONDEO,5,E01023630,0,-1
2020430227221,2020,430227221,1,9,0,18,19,4,8,0,0,4,0,0,0,0,1,1,6,6,2,32,6,1560,2,7,FORD MONDEO,-1,-1,0,-1
2020010270678,2020,010270678,2,9,9,99,99,9,9,99,99,0,9,99,9,99,9,9,6,6,3,-1,-1,2198,2,15,FORD MONDEO,-1,-1,0,-1
202006K377544,2020,06K377544,2,9,0,18,19,8,4,0,0,0,0,0,0,0,1,1,6,6,1,72,10,1997,2,3,FORD MONDEO,3,E01005686,0,-1
2020350938066,2020,350938066,2,9,0,18,19,6,2,0,0,0,1,0,1,4,3,1,2,2,1,58,9,1997,2,3,FORD MONDEO,5,E01030252,0,-1
2020041003884,2020,041003884,1,9,0,5,5,1,5,0,0,0,0,4,0,0,3,1,5,6,2,22,5,1798,1,14,FORD MONDEO,1,E01012674,0,-1
202031D080820,2020,31D080820,1,9,0,11,11,6,4,0,0,8,0,0,0,0,4,1,6,6,3,-1,-1,1997,2,9,FORD MONDEO,-1,-1,0,-1
2020440255015,2020,440255015,3,9,0,18,19,1,5,0,0,0,1,0,0,0,1,1,6,6,2,52,8,1999,1,17,FORD MONDEO,10,E01022629,0,-1
2020990994673,2020,990994673,2,9,0,18,19,4,7,0,0,0,0,0,0,0,3,1,6,6,1,44,7,1499,2,5,FORD MONDEO,3,-1,0,-1
2020302000311,2020,302000311,2,9,0,9,9,6,4,0,0,0,0,0,0,0,3,1,6,6,2,54,8,1997,2,12,FORD MONDEO,6,E01019654,0,-1
2020340N03642,2020,340N03642,1,9,0,18,19,7,3,0,0,8,0,0,0,0,0,1,6,6,2,33,6,1997,2,11,FORD MONDEO,5,E01027237,0,-1
2020360942025,2020,360942025,2,9,0,18,19,1,5,0,0,2,0,0,0,0,1,1,2,2,1,25,5,1998,2,16,FORD MONDEO,5,E01026594,0,-1
2020010250497,2020,010250497,1,9,0,18,19,7,3,0,0,0,0,0,0,0,2,1,6,6,1,29,6,1753,2,13,FORD MONDEO,7,E01002228,0,-1
2020200999087,2020,200999087,2,9,0,13,13,3,7,0,0,0,0,0,0,0,1,1,6,6,2,54,8,1753,2,9,FORD MONDEO,1,E01009978,0,-1
2020052002273,2020,052002273,1,8,0,5,5,1,5,0,0,1,0,0,0,0,0,1,1,1,3,-1,-1,1997,2,8,FORD MONDEO,-1,-1,0,-1
2020052000665,2020,052000665,1,9,0,18,19,6,2,0,0,0,0,0,0,0,1,1,6,6,3,-1,-1,1998,2,17,FORD MONDEO,-1,-1,0,-1
2020070739604,2020,070739604,2,9,0,10,10,1,7,0,0,1,0,0,0,0,2,1,6,6,1,74,10,1997,2,5,FORD MONDEO,8,E01012435,0,-1
2020360942133,2020,360942133,2,9,0,9,9,6,2,0,0,8,0,0,0,0,3,1,5,6,1,75,10,1798,1,18,FORD MONDEO,1,E01026622,0,-1
2020100989798,2020,100989798,1,9,0,9,9,1,2,0,0,5,0,0,0,0,3,1,6,6,1,56,9,1997,2,11,FORD MONDEO,1,E01008604,0,-1
2020170M20300,2020,170M20300,2,9,0,18,19,6,2,0,0,8,0,0,0,0,1,1,6,6,1,65,9,1753,2,13,FORD MONDEO,1,E01012020,0,-1
2020420984825,2020,420984825,1,9,0,6,6,6,7,0,0,1,0,0,0,0,4,1,6,6,1,61,9,1999,1,17,FORD MONDEO,9,E01021471,0,-1
2020371015958,2020,371015958,1,9,0,7,7,5,7,0,0,8,0,0,0,0,1,1,5,6,2,34,6,1596,1,8,FORD MONDEO,6,E01029956,0,-1
2020990960848,2020,990960848,1,9,0,18,19,8,4,0,0,0,0,0,0,0,1,1,1,1,1,54,8,1997,2,4,FORD MONDEO,6,-1,0,-1
2020230962983,2020,230962983,1,9,0,13,13,5,8,0,0,8,0,0,0,0,1,1,5,6,1,58,9,1997,2,6,FORD MONDEO,7,E01031160,0,-1
2020990990577,2020,990990577,2,9,0,9,9,1,6,0,0,8,0,0,0,0,3,1,5,6,1,40,7,1753,2,10,FORD MONDEO,4,-1,0,-1
20201371O1258,2020,1371O1258,1,9,0,18,19,5,1,0,0,0,0,0,0,0,1,1,1,1,1,53,8,2179,2,11,FORD MONDEO,5,E01010603,0,-1
2020010249874,2020,010249874,1,9,0,17,19,1,5,0,0,0,0,0,0,0,1,1,6,6,1,24,5,1798,1,13,FORD MONDEO,3,E01001809,0,-1
2020010249915,2020,010249915,1,9,0,18,19,5,1,0,0,1,0,0,0,0,1,1,6,6,1,24,5,1753,2,12,FORD MONDEO,1,E01004273,0,-1
2020010251913,2020,010251913,1,9,0,9,9,2,8,4,4,5,0,0,0,0,3,1,6,6,1,57,9,2967,1,14,FORD MONDEO,3,E01001262,0,-1
2020160946258,2020,160946258,1,9,0,17,19,2,6,0,0,8,1,0,1,7,1,1,6,6,1,27,6,1997,2,10,FORD MONDEO,1,E01012867,0,-1
2020200937881,2020,200937881,2,9,0,18,19,1,5,0,0,1,0,0,0,0,4,1,6,6,1,36,7,1997,2,11,FORD MONDEO,1,E01009124,0,-1
2020200953582,2020,200953582,2,9,0,18,19,5,1,0,0,8,0,0,0,0,1,1,2,2,1,41,7,2967,1,16,FORD MONDEO,4,E01009162,0,-1
2020200983935,2020,200983935,1,9,0,5,5,3,7,0,0,1,0,0,0,0,3,1,6,6,1,34,6,1997,2,13,FORD MONDEO,8,E01029001,0,-1
2020622000396,2020,622000396,1,9,0,18,19,4,8,0,0,1,0,4,0,0,3,1,2,2,1,32,6,1997,2,4,FORD MONDEO,2,W01000790,0,-1
2020010258365,2020,010258365,2,9,0,3,3,7,3,9,9,1,0,0,0,0,1,1,1,1,2,43,7,1498,1,3,FORD MONDEO,-1,-1,0,-1
2020140977477,2020,140977477,1,9,0,16,19,2,6,0,0,0,0,10,1,1,1,1,2,2,2,30,6,1997,2,12,FORD MONDEO,4,E01007625,0,-1
2020549712220,2020,549712220,2,3,0,7,7,6,2,0,0,3,0,0,0,0,4,1,6,6,2,53,8,85,1,28,HONDA C90,4,E01032070,0,-1
2020340E05892,2020,340E05892,2,3,0,10,10,5,1,0,0,1,0,0,0,0,2,1,6,6,1,44,7,85,1,21,HONDA C90,4,E01027056,0,-1
2020500962487,2020,500962487,2,3,0,3,3,3,7,0,0,0,0,0,0,0,1,1,2,2,2,60,9,89,1,28,HONDA C90,7,E01020045,0,-1
2020160949092,2020,160949092,2,3,0,18,19,7,3,0,0,0,0,0,0,0,4,1,1,1,1,58,9,85,1,18,HONDA C90,3,E01013310,0,-1
2020160960251,2020,160960251,2,3,0,18,19,4,8,0,0,2,0,0,0,0,1,1,5,6,1,17,4,85,1,30,HONDA C90,9,E01013304,0,-1
2020501015664,2020,501015664,2,3,0,3,3,5,1,0,0,4,0,0,0,0,2,1,5,6,2,60,9,89,1,28,HONDA C90,7,E01020045,0,-1
2020320242493,2020,320242493,1,3,0,18,19,5,1,0,0,1,0,0,0,0,1,1,6,6,1,69,10,85,1,32,HONDA C90,8,E01026138,0,-1
2020010231164,2020,010231164,2,3,9,99,99,9,9,0,0,1,9,0,0,0,1,1,6,6,1,51,8,85,1,21,HONDA C90,2,E01001780,0,-1
202031B060420,2020,31B060420,2,3,0,3,3,4,8,0,0,8,0,0,0,0,2,1,6,6,1,52,8,85,1,18,HONDA C90,6,E01028050,0,-1
2020522005083,2020,522005083,1,3,0,3,3,8,4,0,0,8,0,0,0,0,2,1,6,6,1,60,9,85,1,28,HONDA C90,9,E01014550,0,-1
2020420927346,2020,420927346,2,2,0,18,19,3,7,9,9,0,0,0,7,0,4,1,6,6,1,36,7,49,1,21,-1,5,E01021484,0,-1
2020010266993,2020,010266993,1,19,0,4,4,3,7,0,0,2,0,0,0,0,1,1,1,1,1,56,9,2497,2,5,-1,9,E01016106,0,-1
2020500973992,2020,500973992,1,19,0,16,19,1,5,0,0,0,0,0,0,0,1,1,1,1,1,35,6,2497,2,8,-1,1,E01015267,0,-1
2020101004231,2020,101004231,1,9,0,18,19,7,3,0,0,0,0,0,0,0,1,1,2,2,2,39,7,1991,1,2,-1,-1,-1,0,-1
2020410935883,2020,410935883,3,9,0,4,4,8,4,0,0,0,0,0,0,0,2,1,5,6,1,82,11,2993,2,7,-1,8,E01023415,0,-1
2020010267188,2020,010267188,2,5,0,18,19,3,7,0,0,1,0,0,1,0,1,1,6,6,1,37,7,1043,1,4,KAWASAKI ZR1000,-1,-1,0,-1
2020010234172,2020,010234172,1,3,0,5,5,1,5,0,0,3,2,0,0,0,3,1,1,1,1,44,7,953,1,14,-1,5,E01001074,0,-1
2020420968958,2020,420968958,2,5,0,3,3,7,3,0,0,5,0,0,0,0,2,1,5,6,1,57,9,1043,1,3,KAWASAKI ZR1000,9,E01029872,0,-1
2020420937562,2020,420937562,3,5,0,13,13,8,4,0,0,0,1,0,0,0,0,1,5,6,1,58,9,953,1,17,KAWASAKI ZR1000,8,E01021708,0,-1
2020070243699,2020,070243699,2,5,0,16,19,5,1,0,0,0,0,0,0,0,1,1,6,6,1,56,9,1000,1,14,KAWASAKI ZR1000,4,E01012478,0,-1
2020501021948,2020,501021948,1,5,0,18,19,3,7,0,0,0,1,0,0,0,1,1,2,2,1,28,6,1043,1,4,KAWASAKI ZR1000,3,E01015212,0,-1
2020010268215,2020,010268215,2,5,0,13,13,1,5,0,0,4,0,0,0,0,1,1,6,6,1,26,6,953,1,16,KAWASAKI ZR1000,8,E01001133,0,-1
2020320549729,2020,320549729,2,5,0,18,19,6,2,0,0,8,0,0,1,0,1,1,6,6,1,56,9,953,1,15,KAWASAKI ZR1000,2,E01026097,0,-1
2020010274982,2020,010274982,1,5,0,99,99,9,9,99,99,9,9,99,9,99,1,1,6,6,1,30,6,1043,1,10,KAWASAKI ZR1000,4,E01002088,0,-1
2020410962034,2020,410962034,1,5,0,16,19,6,2,0,0,8,1,0,1,0,1,1,6,6,1,36,7,953,1,16,KAWASAKI ZR1000,4,E01023925,0,-1
2020990920405,2020,990920405,2,5,0,14,14,3,7,0,0,1,0,0,0,0,3,1,6,6,1,37,7,1043,1,2,KAWASAKI ZR1000,-1,-1,0,-1
2020460974051,2020,460974051,1,5,0,18,19,1,5,0,0,3,1,0,0,0,0,1,1,1,1,52,8,1043,1,10,KAWASAKI ZR1000,5,E01024191,0,-1
2020530937443,2020,530937443,1,5,0,18,19,7,3,0,0,0,1,0,0,0,0,1,2,2,1,60,9,1043,1,3,KAWASAKI ZR1000,6,E01022236,0,-1
2020360963331,2020,360963331,1,5,0,18,19,1,5,0,0,0,0,0,0,0,1,1,5,6,1,37,7,1043,1,2,KAWASAKI ZR1000,2,E01030024,0,-1
2020030971908,2020,030971908,1,5,0,13,13,1,5,0,0,1,0,0,0,0,1,1,6,6,1,50,8,998,1,0,KAWASAKI ZR1000,2,E01019166,0,-1
2020460954933,2020,460954933,2,5,0,17,19,6,2,0,0,8,0,0,0,0,1,1,5,6,1,51,8,953,1,15,KAWASAKI ZR1000,9,E01024244,0,-1
2020010253508,2020,010253508,1,5,0,18,19,9,9,0,0,0,5,0,0,99,3,1,6,6,1,46,8,953,1,12,KAWASAKI ZR1000,9,E01016002,0,-1
2020350946023,2020,350946023,3,5,0,3,3,7,3,0,0,7,0,0,0,0,2,1,6,6,1,26,6,1043,1,4,KAWASAKI ZR1000,2,E01017948,0,-1
2020522003573,2020,522003573,1,5,0,9,9,4,8,0,0,0,0,0,0,0,1,1,6,6,1,61,9,953,1,10,KAWASAKI ZR1000,6,E01014451,0,-1
2020010271861,2020,010271861,1,5,0,16,19,8,4,0,0,8,1,0,0,0,1,1,6,6,1,42,7,1043,1,5,KAWASAKI ZR1000,-1,-1,0,-1
2020360953890,2020,360953890,2,5,0,18,19,2,6,0,0,8,1,0,7,0,1,1,5,6,1,63,9,1043,1,6,KAWASAKI ZR1000,6,E01026737,0,-1
2020010253280,2020,010253280,1,5,0,18,19,5,1,0,0,8,1,0,0,0,3,1,2,2,1,40,7,1043,1,4,KAWASAKI ZR1000,3,E01032743,0,-1
2020010257759,2020,010257759,2,5,0,18,19,1,5,0,0,8,0,0,0,0,1,1,6,6,1,46,8,1043,1,8,KAWASAKI ZR1000,3,E01000089,0,-1
2020200935582,2020,200935582,2,19,0,18,19,8,4,0,0,0,0,0,0,0,4,1,6,6,1,37,7,2499,2,1,-1,6,E01029497,0,-1
2020350994438,2020,350994438,2,19,0,2,2,0,0,0,0,0,0,0,0,0,4,1,6,6,1,30,6,2499,2,3,-1,-1,-1,0,-1
2020461002179,2020,461002179,1,19,0,13,13,5,1,0,0,0,1,10,0,0,3,1,1,1,1,60,9,2499,2,1,-1,6,E01024022,0,-1
202031A110420,2020,31A110420,1,19,0,18,19,1,5,0,0,8,0,0,0,0,4,1,6,6,1,27,6,2499,2,0,-1,3,E01028257,0,-1
2020010285549,2020,010285549,2,20,0,18,19,3,7,0,0,8,0,0,0,0,1,1,1,1,1,25,5,-1,3,0,-1,6,E01001648,0,-1
2020430091696,2020,430091696,1,19,0,18,19,7,3,0,0,0,0,0,0,0,4,1,1,1,1,40,7,-1,3,1,-1,2,E01016443,0,-1
2020122001056,2020,122001056,2,20,0,2,2,0,0,0,0,0,0,0,0,0,2,1,1,1,1,48,8,-1,-1,-1,-1,10,E01027786,0,-1
2020010284466,2020,010284466,1,19,9,99,99,9,9,99,99,9,9,99,9,99,9,9,6,6,1,24,5,-1,3,0,-1,4,E01002455,0,-1
2020200999452,2020,200999452,1,19,0,18,19,8,4,0,0,0,0,0,0,0,4,1,6,6,1,35,6,2499,2,1,-1,1,E01008966,0,-1
2020302000931,2020,302000931,2,9,0,2,2,0,0,0,0,0,0,0,0,0,4,1,6,6,1,57,9,3498,1,15,MERCEDES CLK CLASS,4,E01028185,0,-1
2020010281533,2020,010281533,1,9,0,9,9,4,2,0,0,6,0,0,0,0,1,1,6,6,2,64,9,1998,1,19,MERCEDES CLK CLASS,5,E01001149,0,-1
2020450953879,2020,450953879,1,9,0,18,19,3,7,0,0,4,0,0,0,0,1,1,5,6,1,55,8,2987,2,12,MERCEDES CLK CLASS,10,E01030903,0,-1
2020040975293,2020,040975293,2,9,0,18,19,3,7,0,0,2,0,0,1,0,4,1,5,6,1,38,7,2148,2,11,MERCEDES CLK CLASS,-1,-1,0,-1
2020201006129,2020,201006129,1,9,0,13,13,2,6,0,0,8,0,0,0,0,1,1,6,6,1,-1,-1,1796,1,14,MERCEDES CLK CLASS,-1,-1,0,-1
2020070738810,2020,070738810,3,9,0,18,19,3,7,0,0,0,0,0,0,0,3,1,2,2,1,49,8,3199,1,16,MERCEDES CLK CLASS,6,E01012509,0,-1
2020450962091,2020,450962091,2,9,0,18,19,1,5,0,0,1,0,0,0,0,1,1,5,6,1,52,8,3199,1,16,MERCEDES CLK CLASS,7,E01030458,0,-1
2020320123949,2020,320123949,1,9,0,18,19,1,5,0,0,0,0,0,0,0,1,1,6,6,3,-1,-1,2148,2,12,MERCEDES CLK CLASS,-1,-1,0,-1
2020410962513,2020,410962513,1,9,0,18,19,3,7,0,0,1,0,0,0,0,1,1,6,6,1,33,6,3199,1,18,MERCEDES CLK CLASS,3,E01023954,0,-1
2020450920581,2020,450920581,1,9,0,18,19,7,3,0,0,0,1,0,7,11,1,1,2,2,2,44,7,3199,1,21,MERCEDES CLK CLASS,5,E01030834,0,-1
2020320312155,2020,320312155,2,9,0,18,19,3,7,0,0,1,0,0,0,0,2,1,2,2,1,30,6,1796,1,15,MERCEDES CLK CLASS,6,E01016753,0,-1
2020010232450,2020,010232450,1,9,9,99,99,9,9,0,0,0,9,99,9,99,9,1,2,2,2,51,8,1796,1,11,MERCEDES CLK CLASS,9,E01002354,0,-1
2020461007452,2020,461007452,2,9,0,4,4,5,1,0,0,0,0,0,0,0,2,1,2,2,1,42,7,2149,2,13,MERCEDES CLK CLASS,3,E01016173,0,-1