collision_index,collision_year,collision_ref_no,vehicle_reference,vehicle_type,towing_and_articulation,vehicle_manoeuvre_historic,vehicle_manoeuvre,vehicle_direction_from,vehicle_direction_to,vehicle_location_restricted_lane_historic,vehicle_location_restricted_lane,junction_location,skidding_and_overturning,hit_object_in_carriageway,vehicle_leaving_carriageway,hit_object_off_carriageway,first_point_of_impact,vehicle_left_hand_drive,journey_purpose_of_driver_historic,journey_purpose_of_driver,sex_of_driver,age_of_driver,age_band_of_driver,engine_capacity_cc,propulsion_code,age_of_vehicle,generic_make_model,driver_imd_decile,lsoa_of_driver,escooter_flag,driver_distance_banding
2020010242471,2020,010242471,2,2,0,9,9,7,5,0,0,8,5,0,0,99,4,1,6,6,2,-1,-1,50,1,1,PIAGGIO VESPA,3,E01001162,0,-1
2020122000919,2020,122000919,1,3,0,18,19,5,1,0,0,4,0,0,0,0,1,1,6,6,1,65,9,123,1,4,PIAGGIO VESPA,6,E01027736,0,-1
2020010268980,2020,010268980,1,3,0,18,19,5,1,0,0,1,0,0,0,0,1,1,6,6,1,32,6,124,1,4,PIAGGIO VESPA,2,E01003334,0,-1
2020052002576,2020,052002576,1,3,0,18,19,4,8,0,0,1,0,0,0,0,1,1,6,6,1,63,9,124,1,19,PIAGGIO VESPA,5,E01007143,0,-1
2020010241361,2020,010241361,1,2,0,18,19,7,3,0,0,1,1,0,0,0,1,-1,2,2,1,61,9,49,1,13,PIAGGIO VESPA,8,E01004707,0,-1
2020461010813,2020,461010813,2,3,0,18,19,2,8,0,0,0,1,0,7,0,1,1,2,2,1,54,8,124,1,12,PIAGGIO VESPA,4,E01024705,0,-1
2020522004851,2020,522004851,2,4,0,18,19,1,5,0,0,0,0,0,0,0,1,1,6,6,2,52,8,125,1,0,PIAGGIO VESPA,1,E01014833,0,-1
2020010270974,2020,010270974,1,4,0,99,99,9,9,99,99,0,9,99,9,99,1,1,2,2,1,41,7,244,1,14,PIAGGIO VESPA,2,E01004296,0,-1
2020010232870,2020,010232870,1,3,0,99,99,9,9,99,99,9,9,99,9,99,1,-1,2,2,1,35,6,124,1,11,PIAGGIO VESPA,4,E01033576,0,-1
2020010233626,2020,010233626,2,3,0,13,13,4,8,0,0,1,0,0,0,0,1,1,2,2,1,56,9,124,1,10,PIAGGIO VESPA,2,E01002787,0,-1
2020522003393,2020,522003393,3,2,0,18,19,4,8,0,0,8,0,0,0,0,1,1,6,6,1,36,7,124,1,5,PIAGGIO VESPA,4,E01014488,0,-1
2020522000305,2020,522000305,1,2,0,18,19,4,8,0,0,1,0,0,0,0,1,1,6,6,2,41,7,49,1,4,PIAGGIO VESPA,9,E01014559,0,-1
2020010272138,2020,010272138,1,3,0,7,7,1,3,0,0,0,0,0,0,0,0,1,6,6,1,21,5,124,1,2,PIAGGIO VESPA,2,E01003132,0,-1
2020470928751,2020,470928751,1,3,0,18,19,3,7,0,0,0,1,0,0,0,1,1,6,6,2,20,4,124,1,5,PIAGGIO VESPA,3,E01016921,0,-1
2020160977586,2020,160977586,2,4,0,13,13,5,1,0,0,8,0,0,0,0,1,1,5,6,1,63,9,278,1,9,PIAGGIO VESPA,8,E01013005,0,-1
2020010278242,2020,010278242,2,3,0,18,19,1,5,0,0,8,1,0,0,0,1,1,6,6,1,56,9,125,1,3,PIAGGIO VESPA,8,E01004075,0,-1
2020500998511,2020,500998511,1,2,0,4,4,8,4,0,0,0,1,0,0,0,0,1,6,6,1,25,5,49,1,12,PIAGGIO VESPA,7,E01019960,0,-1
2020010260520,2020,010260520,1,3,0,99,99,9,9,99,99,9,9,99,9,99,1,1,2,2,1,25,5,124,1,12,PIAGGIO VESPA,2,E01004233,0,-1
2020010250493,2020,010250493,2,3,0,18,19,1,5,2,2,0,2,0,0,0,4,1,2,2,1,23,5,125,1,1,PIAGGIO VESPA,5,E01023904,0,-1
2020010270933,2020,010270933,2,2,0,13,13,5,1,0,0,1,5,0,0,0,3,1,2,2,2,26,6,49,1,11,PIAGGIO VESPA,7,E01000314,0,-1
2020010283134,2020,010283134,1,3,0,4,4,5,1,0,0,1,0,0,0,0,1,1,6,6,1,19,4,124,1,13,PIAGGIO VESPA,7,E01001380,0,-1
2020010242365,2020,010242365,2,2,0,13,13,5,1,0,0,1,0,0,0,0,4,1,2,2,1,30,6,49,1,15,PIAGGIO VESPA,5,E01001498,0,-1
2020010272777,2020,010272777,2,3,0,5,5,7,3,0,0,2,0,0,0,0,1,1,2,2,1,52,8,124,1,13,PIAGGIO VESPA,5,E01001201,0,-1
2020010240149,2020,010240149,1,3,0,10,10,8,5,0,0,1,0,0,0,0,1,1,6,6,1,46,8,124,1,11,PIAGGIO VESPA,8,E01001963,0,-1
2020010277757,2020,010277757,1,3,0,18,19,2,6,0,0,0,0,0,0,0,0,1,2,2,1,29,6,124,1,11,PIAGGIO VESPA,-1,-1,0,-1
2020530915357,2020,530915357,2,3,0,9,9,3,6,0,0,5,0,0,1,0,1,1,6,6,1,22,5,124,1,20,PIAGGIO VESPA,2,E01022332,0,-1
2020010237356,2020,010237356,2,4,0,99,99,9,9,99,99,9,9,99,9,99,9,-1,6,6,3,26,6,124,1,5,PIAGGIO VESPA,-1,-1,0,-1
2020010240116,2020,010240116,1,3,0,18,19,7,3,0,0,5,0,0,0,0,1,-1,6,6,1,47,8,124,1,5,PIAGGIO VESPA,6,E01030363,0,-1
2020010265851,2020,010265851,1,3,0,99,99,9,9,99,99,9,9,99,9,99,9,1,6,6,2,24,5,124,1,0,PIAGGIO VESPA,3,E01001886,0,-1
2020010230916,2020,010230916,1,3,0,18,19,7,3,0,0,1,0,0,0,0,1,-1,2,2,2,27,6,124,1,16,PIAGGIO VESPA,7,E01000117,0,-1
2020010262890,2020,010262890,2,2,0,18,19,1,5,0,0,8,2,0,0,0,1,1,6,6,2,35,6,124,1,19,PIAGGIO VESPA,-1,-1,0,-1
2020200943979,2020,200943979,2,4,0,18,19,6,2,0,0,2,0,0,0,0,4,1,6,6,1,47,8,278,1,6,PIAGGIO VESPA,1,E01009214,0,-1
2020522000245,2020,522000245,1,3,0,15,15,5,1,0,0,1,0,0,0,0,3,1,6,6,2,39,7,124,1,12,PIAGGIO VESPA,10,E01014417,0,-1
2020010273174,2020,010273174,2,3,0,14,14,5,1,0,0,8,0,0,0,0,4,1,1,1,1,31,6,124,1,15,PIAGGIO VESPA,3,E01001445,0,-1
2020440381549,2020,440381549,2,2,0,18,19,5,1,0,0,8,0,0,0,0,4,1,6,6,1,19,4,124,1,14,PIAGGIO VESPA,3,E01022901,0,-1
2020010243032,2020,010243032,1,2,0,99,99,9,9,99,99,9,9,99,9,99,9,1,6,6,1,26,6,49,1,12,PIAGGIO VESPA,2,E01003112,0,-1
2020010235382,2020,010235382,1,3,0,99,99,9,9,99,99,9,9,99,9,99,9,-1,6,6,1,42,7,124,1,7,PIAGGIO VESPA,9,E01003884,0,-1
2020010265790,2020,010265790,1,2,0,99,99,9,9,99,99,9,9,99,9,99,1,1,6,6,1,16,4,50,1,1,PIAGGIO VESPA,6,E01003232,0,-1
2020010246800,2020,010246800,1,3,0,18,19,8,4,0,0,0,0,0,0,0,3,1,6,6,1,22,5,124,1,6,PIAGGIO VESPA,6,E01001952,0,-1
2020010259101,2020,010259101,2,2,0,18,19,1,5,0,0,8,2,0,0,0,4,1,6,6,2,39,7,48,1,8,PIAGGIO VESPA,7,E01001918,0,-1
2020010243727,2020,010243727,1,4,0,18,19,3,7,0,0,0,0,0,7,0,1,1,2,2,1,50,8,125,1,2,PIAGGIO VESPA,9,E01003202,0,-1
2020010287072,2020,010287072,1,4,0,18,19,5,1,2,2,2,5,0,0,0,0,1,6,6,1,54,8,244,1,15,PIAGGIO VESPA,4,E01000546,0,-1
2020461001476,2020,461001476,2,2,0,18,19,8,4,0,0,0,0,0,0,0,1,1,6,6,1,47,8,124,1,16,PIAGGIO VESPA,2,E01024247,0,-1
2020440371337,2020,440371337,1,3,0,18,19,5,1,0,0,1,0,0,0,0,0,1,6,6,1,50,8,124,1,18,PIAGGIO VESPA,6,E01022940,0,-1
2020420935853,2020,420935853,2,3,0,9,9,1,5,0,0,0,0,0,0,0,2,1,1,1,1,46,8,125,1,22,PIAGGIO VESPA,4,E01021283,0,-1
2020010268075,2020,010268075,1,2,0,3,3,1,5,0,0,2,0,0,0,0,1,1,2,2,1,44,7,48,1,7,PIAGGIO VESPA,7,E01001380,0,-1
2020010244960,2020,010244960,2,3,0,3,3,1,5,0,0,1,0,0,0,0,1,1,6,6,1,27,6,124,1,1,PIAGGIO VESPA,1,E01002694,0,-1
2020010235206,2020,010235206,1,3,0,9,9,4,2,0,0,8,0,0,0,0,0,1,6,6,2,48,8,124,1,12,PIAGGIO VESPA,5,E01001935,0,-1
2020440242534,2020,440242534,2,4,0,18,19,1,5,0,0,8,1,0,0,0,1,1,1,1,1,29,6,-1,-1,-1,PIAGGIO VESPA,5,E01023705,0,-1
2020480964301,2020,480964301,1,2,0,9,9,7,5,0,0,8,0,0,0,0,4,1,2,2,2,55,8,48,1,9,PIAGGIO VESPA,9,E01021153,0,-1
2020010236529,2020,010236529,1,3,0,99,99,9,9,99,99,9,9,99,9,99,1,1,6,6,1,26,6,124,1,12,PIAGGIO VESPA,2,E01001849,0,-1
2020010254448,2020,010254448,1,3,0,13,13,1,5,0,0,1,0,0,0,0,3,1,2,2,1,56,9,124,1,6,PIAGGIO VESPA,4,E01021790,0,-1
2020140959201,2020,140959201,2,3,0,13,13,8,4,0,0,1,1,11,7,11,4,1,2,2,1,25,5,125,1,1,PIAGGIO VESPA,4,E01011871,0,-1
2020010280203,2020,010280203,1,4,0,99,99,9,9,99,99,9,9,99,9,99,1,1,6,6,1,28,6,150,1,4,PIAGGIO VESPA,4,E01001139,0,-1
2020010279529,2020,010279529,1,4,0,18,19,7,3,0,0,1,0,0,1,10,1,1,6,6,1,43,7,244,1,12,PIAGGIO VESPA,1,E01002854,0,-1
2020010263313,2020,010263313,1,3,0,18,19,5,1,0,0,5,0,0,0,0,1,1,6,6,2,25,5,124,1,3,PIAGGIO VESPA,7,E01000198,0,-1
2020302001106,2020,302001106,1,3,0,17,19,8,4,0,0,0,0,0,0,0,4,1,2,2,2,36,7,124,1,19,PIAGGIO VESPA,5,E01019738,0,-1
2020010273374,2020,010273374,1,3,0,99,99,9,9,99,99,9,9,99,9,99,9,1,6,6,1,62,9,124,1,5,PIAGGIO VESPA,8,E01000962,0,-1
2020010238454,2020,010238454,1,3,0,18,19,5,1,0,0,1,0,0,0,0,1,-1,2,2,1,34,6,124,1,10,PIAGGIO VESPA,-1,-1,0,-1
2020010283860,2020,010283860,2,2,0,18,19,1,5,2,2,0,0,0,0,0,1,1,1,1,1,26,6,124,1,15,PIAGGIO VESPA,2,E01003324,0,-1
2020010257749,2020,010257749,2,2,9,99,99,9,9,99,99,9,9,99,9,99,9,1,6,6,1,26,6,49,1,13,PIAGGIO VESPA,3,E01033051,0,-1
2020140984499,2020,140984499,1,2,0,18,19,8,5,0,0,2,0,0,0,0,3,1,5,6,1,78,11,278,1,8,PIAGGIO VESPA,6,E01007649,0,-1
2020010280250,2020,010280250,1,3,0,99,99,9,9,99,99,9,9,99,9,99,9,1,2,2,1,43,7,124,1,12,PIAGGIO VESPA,6,E01003469,0,-1
2020010254172,2020,010254172,1,3,0,99,99,9,9,99,99,9,9,99,9,99,1,1,6,6,3,18,4,124,1,4,PIAGGIO VESPA,2,E01001550,0,-1
2020546545720,2020,546545720,2,4,0,18,19,2,6,0,0,1,0,0,0,0,3,1,6,6,1,45,7,244,1,13,PIAGGIO VESPA,7,E01031882,0,-1
2020010255677,2020,010255677,1,3,0,99,99,9,9,99,99,9,9,99,9,99,9,1,2,2,1,36,7,124,1,11,PIAGGIO VESPA,4,E01033576,0,-1
2020010256740,2020,010256740,1,3,0,99,99,9,9,99,99,1,9,99,9,99,9,1,6,6,1,26,6,125,1,3,PIAGGIO VESPA,2,E01002767,0,-1
2020450932338,2020,450932338,1,2,0,16,19,5,1,0,0,8,1,0,1,0,2,1,5,6,2,25,5,49,1,13,PIAGGIO VESPA,8,E01002993,0,-1
2020010276186,2020,010276186,1,2,0,4,4,5,1,0,0,1,1,0,0,0,1,1,6,6,1,39,7,49,1,13,PIAGGIO VESPA,5,E01003130,0,-1
2020010274079,2020,010274079,2,3,0,15,15,1,5,0,0,8,0,0,0,0,1,1,6,6,1,32,6,124,1,9,PIAGGIO VESPA,9,E01003828,0,-1
2020010282007,2020,010282007,2,3,0,13,13,5,1,0,0,1,0,0,0,0,4,1,6,6,1,41,7,125,1,4,PIAGGIO VESPA,3,E01003372,0,-1
2020010254963,2020,010254963,2,3,0,18,19,7,3,0,0,5,0,0,0,0,1,1,6,6,1,54,8,125,1,3,PIAGGIO VESPA,2,E01004044,0,-1
2020010248078,2020,010248078,1,2,0,18,19,5,1,0,0,1,9,0,0,99,0,1,2,2,1,33,6,48,1,10,PIAGGIO VESPA,4,E01000745,0,-1
2020010236379,2020,010236379,1,4,0,18,19,5,1,0,0,0,1,0,0,0,0,1,6,6,1,53,8,-1,-1,-1,PIAGGIO VESPA,4,E01001934,0,-1
2020010228300,2020,010228300,2,2,0,18,19,2,6,0,0,2,0,0,0,0,1,1,6,6,1,16,4,48,1,11,PIAGGIO VESPA,6,E01004029,0,-1
2020010235245,2020,010235245,2,4,0,18,19,5,1,0,0,0,5,0,0,0,1,1,6,6,1,46,8,278,1,2,PIAGGIO VESPA,3,E01003388,0,-1
2020160980429,2020,160980429,2,3,0,18,19,7,3,0,0,1,0,0,0,0,1,1,5,6,1,32,6,124,1,9,PIAGGIO VESPA,5,E01012824,0,-1
20201375G0559,2020,1375G0559,1,2,0,18,19,5,2,0,0,8,0,0,0,0,3,1,6,6,1,16,4,49,1,15,-1,4,E01011823,0,-1
2020420916733,2020,420916733,1,2,0,9,9,7,5,0,0,8,5,0,0,0,4,1,4,7,2,17,4,49,1,6,-1,4,E01021640,0,-1
2020440384115,2020,440384115,2,2,0,15,15,1,5,0,0,8,0,0,0,0,1,1,6,6,1,20,4,49,1,3,-1,4,E01017071,0,-1
2020450976830,2020,450976830,1,9,0,18,19,5,1,0,0,0,5,0,0,0,1,1,6,6,1,47,8,-1,3,0,-1,8,E01030879,0,-1
2020010250397,2020,010250397,2,9,0,18,19,5,1,0,0,1,0,0,0,0,1,1,6,6,2,42,7,-1,3,0,-1,8,E01000230,0,-1
2020991012044,2020,991012044,2,9,0,18,19,2,6,0,0,0,0,0,0,0,1,1,6,6,1,65,9,-1,3,0,-1,8,-1,0,-1
2020440016417,2020,440016417,2,9,0,17,19,8,4,0,0,2,0,0,0,0,1,1,6,6,2,73,10,-1,3,0,-1,6,E01023063,0,-1
2020530959361,2020,530959361,1,9,0,5,5,2,4,0,0,1,0,0,0,0,4,1,5,6,1,63,9,1895,1,22,BMW Z3,6,E01022454,0,-1
2020220923850,2020,220923850,1,9,0,4,4,3,7,0,0,1,0,0,0,0,1,1,6,6,2,50,8,1895,1,21,BMW Z3,9,E01032297,0,-1
2020541525020,2020,541525020,1,9,0,18,19,3,7,0,0,0,0,0,0,0,3,1,6,6,1,71,10,1991,1,20,BMW Z3,-1,-1,0,-1
2020010272715,2020,010272715,1,9,0,99,99,9,9,99,99,9,9,99,9,99,9,9,6,6,1,25,5,2171,1,18,BMW Z3,2,E01004001,0,-1
2020411006822,2020,411006822,2,9,0,9,9,3,5,0,0,3,0,0,0,0,1,1,6,6,2,48,8,1900,1,23,BMW Z3,4,E01023783,0,-1
2020370999778,2020,370999778,1,9,0,9,9,3,1,0,0,8,0,0,0,0,4,1,5,6,2,57,9,1991,1,20,BMW Z3,10,E01023668,0,-1
2020501005014,2020,501005014,1,9,0,17,19,1,6,0,0,1,1,0,1,11,1,1,6,6,2,22,5,1895,1,22,BMW Z3,5,E01018853,0,-1
2020010253392,2020,010253392,2,9,0,3,3,5,1,0,0,4,0,0,0,0,2,1,6,6,1,59,9,1895,1,23,BMW Z3,6,E01001597,0,-1
2020440426156,2020,440426156,2,9,0,18,19,1,3,0,0,8,0,0,0,0,4,1,1,1,2,28,6,2793,1,21,BMW Z3,6,E01023155,0,-1
2020450991661,2020,450991661,1,9,0,18,19,7,3,0,0,0,0,0,0,0,1,1,6,6,1,25,5,2793,1,22,BMW Z3,9,E01002354,0,-1
2020420933196,2020,420933196,2,9,0,18,19,3,7,0,0,0,1,0,2,7,2,1,5,6,1,58,9,2793,1,23,BMW Z3,8,E01001544,0,-1
2020450957504,2020,450957504,1,9,0,18,19,7,3,0,0,0,1,0,0,0,3,1,5,6,1,21,5,1895,1,22,BMW Z3,9,E01008493,0,-1
2020420954917,2020,420954917,2,9,0,18,19,1,5,0,0,0,1,0,1,4,1,1,5,6,2,24,5,2171,1,19,BMW Z3,8,E01033460,0,-1
2020010248609,2020,010248609,2,9,0,99,99,9,9,99,99,9,9,99,9,99,1,9,6,6,3,-1,-1,2171,1,19,BMW Z3,10,E01030320,0,-1
2020100952459,2020,100952459,1,20,0,7,7,3,7,0,0,1,0,0,0,0,0,1,1,1,1,56,9,9200,2,15,-1,-1,-1,0,-1
2020990962056,2020,990962056,1,21,0,5,5,7,4,0,0,8,0,0,0,0,3,1,1,1,1,65,9,-1,2,17,-1,5,-1,0,-1
2020990997335,2020,990997335,1,3,0,18,19,3,7,0,0,0,1,0,1,0,4,1,6,6,1,33,6,124,1,11,-1,4,-1,0,-1
2020041003738,2020,041003738,2,3,0,18,19,3,7,0,0,0,5,0,0,0,3,1,2,2,2,52,8,124,1,11,-1,7,E01012602,0,-1
2020010274066,2020,010274066,1,2,0,14,14,3,7,0,0,1,0,0,0,0,1,1,2,2,1,31,6,125,1,10,Honda SH125,7,E01004153,0,-1
2020010265999,2020,010265999,2,3,0,4,4,7,3,0,0,8,0,0,0,0,1,1,1,1,1,40,7,125,1,9,Honda SH125,4,E01003666,0,-1
2020010260542,2020,010260542,1,3,0,99,99,9,9,99,99,9,9,99,9,99,9,1,6,6,1,38,7,125,1,9,Honda SH125,2,E01001438,0,-1
2020010255150,2020,010255150,1,3,0,99,99,9,9,99,99,9,9,99,9,99,1,1,6,6,1,46,8,125,1,9,Honda SH125,2,E01004243,0,-1
2020010252144,2020,010252144,1,3,0,18,19,5,1,0,0,2,0,0,0,0,0,1,6,6,1,20,4,125,1,8,Honda SH125,-1,-1,0,-1
2020010257374,2020,010257374,2,3,0,9,9,3,1,0,0,8,0,0,0,0,1,1,6,6,3,-1,-1,125,1,9,Honda SH125,-1,-1,0,-1
2020010233716,2020,010233716,1,3,0,99,99,9,9,99,99,8,9,99,9,99,9,1,2,2,1,19,4,125,1,10,Honda SH125,2,E01003189,0,-1
2020052002269,2020,052002269,2,3,0,18,19,5,1,0,0,3,0,0,0,0,4,1,2,2,1,34,6,125,1,9,Honda SH125,6,E01007037,0,-1
2020010287972,2020,010287972,1,3,0,18,19,5,1,0,0,0,0,0,0,0,1,1,2,2,1,40,7,125,1,10,Honda SH125,6,E01000166,0,-1
2020010275313,2020,010275313,2,3,0,18,19,7,3,0,0,8,0,0,0,0,1,1,1,1,1,38,7,125,1,9,Honda SH125,2,E01001438,0,-1
2020010244681,2020,010244681,1,3,0,99,99,9,9,99,99,9,9,99,9,99,9,-1,6,6,1,32,6,125,1,10,Honda SH125,4,E01000570,0,-1
2020010232084,2020,010232084,2,2,0,4,4,1,5,0,0,0,0,0,0,0,0,1,6,6,1,33,6,125,1,9,Honda SH125,10,E01001533,0,-1
2020010282455,2020,010282455,1,3,0,14,14,1,5,0,0,0,0,0,0,0,1,1,1,1,1,28,6,125,1,9,Honda SH125,4,E01000497,0,-1
2020010265364,2020,010265364,1,3,0,99,99,9,9,2,2,9,9,99,9,99,9,9,6,6,1,23,5,125,1,10,Honda SH125,-1,-1,0,-1
2020010235883,2020,010235883,1,3,0,18,19,3,7,0,0,1,0,0,0,99,1,1,6,6,1,44,7,125,1,10,Honda SH125,5,E01001910,0,-1
20201379B0983,2020,1379B0983,2,5,0,4,4,6,2,0,0,0,0,0,0,0,1,1,6,6,1,57,9,948,1,0,KAWASAKI ZR900,6,E01025066,0,-1
2020010254917,2020,010254917,2,5,0,13,13,1,5,0,0,0,0,0,0,0,1,1,6,6,1,25,5,948,1,3,KAWASAKI ZR900,2,E01004669,0,-1
2020302001507,2020,302001507,1,5,0,4,4,4,8,0,0,8,1,0,0,0,1,1,6,6,1,35,6,948,1,0,KAWASAKI ZR900,10,E01006193,0,-1
2020461006998,2020,461006998,1,5,0,18,19,3,7,0,0,2,2,7,0,0,1,1,2,2,1,30,6,948,1,3,KAWASAKI ZR900,1,E01024710,0,-1
2020122000449,2020,122000449,1,5,0,17,19,3,7,0,0,0,0,0,7,11,1,1,6,6,1,28,6,948,1,2,KAWASAKI ZR900,3,E01027651,0,-1
2020320194625,2020,320194625,1,5,0,9,9,3,1,0,0,6,0,0,0,0,0,1,2,2,1,46,8,948,1,3,KAWASAKI ZR900,9,E01026209,0,-1
2020010253374,2020,010253374,1,5,0,18,19,5,1,0,0,1,0,0,0,0,4,1,6,6,1,51,8,948,1,2,KAWASAKI ZR900,3,E01001501,0,-1
2020070306618,2020,070306618,1,5,0,18,19,8,4,0,0,0,1,0,4,0,0,1,6,6,1,40,7,948,1,1,KAWASAKI ZR900,5,E01012464,0,-1
2020320412315,2020,320412315,1,5,0,16,19,1,5,0,0,0,1,0,7,0,1,1,6,6,1,56,9,948,1,2,KAWASAKI ZR900,8,E01025839,0,-1
2020052001644,2020,052001644,1,5,0,5,5,1,5,0,0,8,0,0,0,0,1,1,6,6,1,34,6,948,1,0,KAWASAKI ZR900,5,E01006488,0,-1
2020302001123,2020,302001123,1,5,0,18,19,6,2,0,0,0,0,0,0,0,1,1,6,6,1,51,8,948,1,0,KAWASAKI ZR900,3,E01026246,0,-1
2020470972784,2020,470972784,1,5,0,14,14,8,4,0,0,1,0,0,0,0,4,1,5,6,1,50,8,948,1,1,KAWASAKI ZR900,9,E01021225,0,-1
2020500985787,2020,500985787,5,5,0,18,19,1,5,0,0,0,0,0,0,0,1,1,2,2,1,58,9,948,1,3,KAWASAKI ZR900,9,E01015121,0,-1
2020010233882,2020,010233882,1,5,0,5,5,5,1,0,0,0,0,0,0,0,3,1,6,6,1,36,7,948,1,3,KAWASAKI ZR900,4,E01002211,0,-1
2020370980548,2020,370980548,1,5,0,18,19,7,3,0,0,8,0,0,0,0,3,1,5,6,1,44,7,690,1,4,-1,9,E01023597,0,-1
2020548211420,2020,548211420,1,5,0,16,19,5,1,0,0,0,0,0,0,0,4,1,6,6,1,59,9,690,1,6,-1,6,W01001564,0,-1
2020410945877,2020,410945877,1,5,0,18,19,1,5,0,0,1,1,0,1,0,1,1,5,6,1,18,4,942,1,17,-1,4,E01023681,0,-1
2020320470696,2020,320470696,1,9,0,9,9,1,7,0,0,1,0,0,0,0,1,1,6,6,2,54,8,2995,1,15,LEXUS GS300,10,E01026233,0,-1
2020200967069,2020,200967069,4,9,0,2,2,0,0,9,9,2,0,0,0,0,2,1,6,6,2,50,8,2997,1,16,LEXUS GS300,1,E01033649,0,-1
2020200932585,2020,200932585,1,9,0,5,5,8,2,2,2,6,0,0,0,0,1,1,2,2,1,74,10,2997,7,17,LEXUS GS300,2,E01009509,0,-1
2020520004223,2020,520004223,1,9,0,9,9,8,6,0,0,8,0,0,0,0,3,1,6,6,1,59,9,2995,1,13,LEXUS GS300,10,E01025968,0,-1
2020070089467,2020,070089467,2,9,0,18,19,7,3,0,0,8,0,0,0,0,3,1,6,6,2,45,7,2995,1,15,LEXUS GS300,4,E01006537,0,-1
2020990922656,2020,990922656,2,9,0,6,6,3,1,0,0,8,0,0,0,0,3,1,6,6,1,32,6,2997,1,22,LEXUS GS300,2,-1,0,-1
2020010287093,2020,010287093,1,9,0,5,5,0,7,0,0,1,0,0,0,0,1,1,6,6,1,49,8,2995,1,15,LEXUS GS300,5,E01004521,0,-1
2020320191457,2020,320191457,1,9,0,11,11,1,5,0,0,0,0,0,0,0,1,1,6,6,1,63,9,2995,1,15,LEXUS GS300,7,E01026220,0,-1
2020010256664,2020,010256664,2,9,0,4,4,3,7,0,0,8,0,0,0,0,1,1,2,2,1,40,7,2494,8,5,LEXUS GS300,2,E01001712,0,-1
2020010246420,2020,010246420,2,9,0,18,19,3,7,0,0,1,0,0,0,0,1,1,6,6,1,53,8,2997,1,22,LEXUS GS300,8,E01030994,0,-1
2020471004473,2020,471004473,1,9,0,18,19,6,2,0,0,0,0,10,1,7,1,1,6,6,1,36,7,2997,1,18,LEXUS GS300,8,E01016956,0,-1
2020340N05382,2020,340N05382,2,9,0,2,2,0,0,0,0,0,0,0,0,0,3,1,6,6,1,56,9,2995,1,11,LEXUS GS300,1,E01027235,0,-1
2020302001430,2020,302001430,1,19,0,18,19,1,5,0,0,3,0,0,0,0,1,1,2,2,1,64,9,2500,2,20,-1,7,E01019656,0,-1
2020010248304,2020,010248304,1,3,0,18,19,8,4,0,0,1,1,4,0,0,1,1,6,6,1,36,7,744,1,10,-1,2,E01001849,0,-1
2020530963838,2020,530963838,2,5,0,18,19,3,7,0,0,8,5,0,0,0,1,1,6,6,1,75,10,744,1,11,-1,5,E01022155,0,-1
2020500933105,2020,500933105,1,9,0,18,19,8,4,0,0,1,1,0,7,10,1,1,5,6,1,23,5,1360,1,28,-1,6,E01019061,0,-1
2020137990018,2020,137990018,1,9,0,18,19,2,6,0,0,0,5,0,7,9,2,1,6,6,1,33,6,1769,2,27,-1,7,E01006290,0,-1
2020060998310,2020,060998310,2,9,0,18,19,1,5,0,0,0,0,0,7,0,3,1,5,6,1,54,8,1769,2,25,-1,9,E01025358,0,-1
2020470931917,2020,470931917,1,9,0,8,8,8,2,0,0,6,0,0,0,0,4,1,6,6,1,62,9,2990,1,27,-1,6,E01020960,0,-1
2020010271705,2020,010271705,1,9,0,99,99,9,9,99,99,1,9,99,9,99,2,9,6,6,2,37,7,1597,1,12,-1,6,E01001590,0,-1
2020360992042,2020,360992042,1,9,0,18,19,6,2,0,0,0,0,0,0,0,1,1,5,6,1,69,10,1597,7,11,-1,4,E01026728,0,-1
2020010248892,2020,010248892,1,3,0,18,19,6,2,0,0,0,1,0,0,0,3,1,6,6,1,24,5,124,1,8,-1,10,E01030642,0,-1
2020200998658,2020,200998658,2,9,0,7,7,7,2,0,0,6,0,0,0,0,1,1,6,6,2,-1,-1,1995,1,1,-1,-1,-1,0,-1
2020140915039,2020,140915039,1,9,0,18,19,3,7,0,0,0,5,4,0,0,1,1,5,6,2,78,11,1998,1,4,-1,10,E01008126,0,-1
2020542490720,2020,542490720,1,9,0,18,19,6,2,0,0,0,0,10,0,0,4,1,6,6,1,70,10,1995,1,6,-1,5,E01032054,0,-1
2020220986109,2020,220986109,1,9,0,18,19,1,5,0,0,0,0,0,0,0,4,1,2,2,2,47,8,1995,1,6,-1,8,E01032223,0,-1
2020122100087,2020,122100087,1,9,0,18,19,3,7,0,0,0,0,0,0,0,3,1,6,6,1,52,8,1998,2,8,-1,5,E01027769,0,-1
2020100929290,2020,100929290,1,9,0,5,5,4,1,0,0,8,0,0,0,0,1,1,5,6,1,75,10,1998,2,5,-1,9,E01027535,0,-1
2020350980319,2020,350980319,1,5,0,18,19,3,7,0,0,1,2,0,0,0,1,1,5,6,1,36,7,996,1,16,-1,4,E01015606,0,-1