collision_index,collision_year,collision_ref_no,vehicle_reference,vehicle_type,towing_and_articulation,vehicle_manoeuvre_historic,vehicle_manoeuvre,vehicle_direction_from,vehicle_direction_to,vehicle_location_restricted_lane_historic,vehicle_location_restricted_lane,junction_location,skidding_and_overturning,hit_object_in_carriageway,vehicle_leaving_carriageway,hit_object_off_carriageway,first_point_of_impact,vehicle_left_hand_drive,journey_purpose_of_driver_historic,journey_purpose_of_driver,sex_of_driver,age_of_driver,age_band_of_driver,engine_capacity_cc,propulsion_code,age_of_vehicle,generic_make_model,driver_imd_decile,lsoa_of_driver,escooter_flag,driver_distance_banding
2020420938158,2020,420938158,1,5,0,16,19,5,1,0,0,0,5,0,0,0,1,1,5,6,1,39,7,1037,1,2,-1,9,E01021547,0,-1
2020122000678,2020,122000678,2,5,0,3,3,5,1,0,0,1,1,0,0,0,1,1,6,6,1,58,9,996,1,16,-1,5,E01013107,0,-1
2020122001320,2020,122001320,1,5,0,18,19,6,2,0,0,1,0,0,0,0,1,1,6,6,1,70,10,1037,1,0,-1,9,E01027792,0,-1
2020010265746,2020,010265746,1,5,0,15,15,7,3,0,0,1,0,0,0,0,1,1,1,1,1,54,8,988,1,17,-1,9,E01016219,0,-1
2020990941320,2020,990941320,2,5,0,18,19,5,1,0,0,0,5,0,0,0,1,1,5,6,1,56,9,996,1,12,-1,9,-1,0,-1
2020520001805,2020,520001805,1,4,0,18,19,6,2,0,0,8,0,0,0,0,1,1,6,6,1,47,8,988,1,18,-1,-1,-1,0,-1
2020552000261,2020,552000261,2,4,0,18,19,6,2,0,0,1,0,0,0,0,1,1,6,6,1,60,9,988,1,18,-1,9,E01015351,0,-1
2020500989064,2020,500989064,2,5,0,3,3,7,3,0,0,0,0,4,0,0,2,1,6,6,1,62,9,1037,1,1,-1,5,E01018833,0,-1
2020010249551,2020,010249551,2,5,0,18,19,3,7,0,0,1,0,10,1,1,1,1,6,6,1,53,8,996,1,16,-1,4,E01000769,0,-1
2020990978690,2020,990978690,1,5,0,18,19,2,6,0,0,0,0,0,1,11,4,1,5,6,1,72,10,1037,1,2,-1,7,E01022990,0,-1
2020450944718,2020,450944718,1,5,0,18,19,5,1,0,0,2,0,0,0,0,3,1,5,6,1,42,7,765,1,0,-1,9,E01030315,0,-1
20201376G1772,2020,1376G1772,1,5,0,18,19,1,5,0,0,0,1,0,0,0,0,1,6,6,1,73,10,313,1,2,-1,6,E01010705,0,-1
2020420964300,2020,420964300,1,4,0,13,13,1,5,0,0,1,0,0,0,0,1,1,6,6,1,22,5,313,1,3,-1,8,E01021936,0,-1
2020522001563,2020,522001563,2,4,0,18,19,3,7,0,0,8,0,0,0,0,1,1,6,6,1,49,8,313,1,2,-1,10,E01033336,0,-1
2020990968998,2020,990968998,1,4,0,18,19,2,6,0,0,0,0,0,4,7,3,1,5,6,2,53,8,313,1,0,-1,9,-1,0,-1
2020500986835,2020,500986835,2,20,0,2,2,0,0,0,0,0,0,0,0,0,2,1,6,6,1,63,9,12600,2,17,-1,5,W01000567,0,-1
2020500932256,2020,500932256,1,9,0,16,19,6,8,0,0,0,2,0,2,10,1,1,5,6,1,19,4,1242,1,10,FORD KA,8,E01020107,0,-1
2020040984194,2020,040984194,1,9,0,16,19,3,7,0,0,2,2,0,1,11,0,1,5,6,1,23,5,1242,1,5,FORD KA,8,E01025413,0,-1
2020137711481,2020,137711481,1,9,0,5,5,5,1,0,0,0,0,0,0,0,1,1,6,6,2,74,10,1242,1,7,FORD KA,-1,-1,0,-1
2020137270289,2020,137270289,1,9,0,8,8,5,1,5,5,0,0,0,0,0,3,1,6,6,2,34,6,1242,1,8,FORD KA,1,E01011617,0,-1
2020141006485,2020,141006485,2,9,0,17,19,1,5,0,0,0,0,0,0,0,1,1,5,6,2,53,8,1242,1,6,FORD KA,1,E01007365,0,-1
2020010254550,2020,010254550,1,9,0,3,3,1,5,0,0,0,0,0,0,0,3,1,6,6,2,41,7,1242,1,9,FORD KA,4,E01001636,0,-1
2020552000185,2020,552000185,1,9,0,18,19,2,6,0,0,0,0,0,0,0,1,1,6,6,2,17,4,1242,1,10,FORD KA,5,E01020432,0,-1
2020460919464,2020,460919464,1,9,0,18,19,8,4,0,0,0,1,10,1,0,1,1,5,6,1,19,4,1299,1,19,FORD KA,7,E01016166,0,-1
2020440381770,2020,440381770,1,9,0,18,19,1,5,0,0,8,0,0,0,0,1,1,6,6,1,26,6,1299,1,18,FORD KA,6,E01032844,0,-1
2020470981594,2020,470981594,2,9,0,18,19,2,6,0,0,1,1,0,0,0,1,1,2,2,2,44,7,1242,1,11,FORD KA,9,E01031719,0,-1
2020500946818,2020,500946818,1,9,0,18,19,2,5,0,0,8,0,0,0,0,0,1,5,6,1,32,6,1299,1,12,FORD KA,5,E01019974,0,-1
2020470970115,2020,470970115,2,9,0,4,4,7,3,0,0,0,0,0,0,0,2,1,5,6,1,59,9,1299,1,19,FORD KA,6,E01021198,0,-1
2020440116971,2020,440116971,2,9,0,17,19,1,7,0,0,0,0,0,0,0,1,1,6,6,1,-1,-1,1299,1,13,FORD KA,-1,-1,0,-1
2020420963338,2020,420963338,1,9,0,9,9,8,5,0,0,8,0,0,0,0,2,1,5,6,2,24,5,1242,1,11,FORD KA,-1,-1,0,-1
2020460979568,2020,460979568,2,9,0,18,19,4,8,0,0,0,1,0,2,7,1,1,6,6,2,24,5,1242,1,11,FORD KA,4,E01024384,0,-1
2020440430440,2020,440430440,1,9,0,18,19,8,4,0,0,0,5,4,7,0,0,1,1,1,2,70,10,1242,1,6,FORD KA,8,E01017145,0,-1
2020440130296,2020,440130296,1,9,0,18,19,8,4,0,0,0,1,0,1,9,1,1,6,6,2,20,4,1242,1,11,FORD KA,10,E01022683,0,-1
2020430197365,2020,430197365,1,9,0,18,19,1,5,0,0,0,0,0,0,0,4,1,6,6,2,38,7,1242,1,6,FORD KA,9,E01017840,0,-1
2020371015760,2020,371015760,1,9,0,3,3,5,1,0,0,4,0,0,0,0,1,1,5,6,1,22,5,1299,1,15,FORD KA,3,E01030162,0,-1
2020010266893,2020,010266893,1,9,0,18,19,3,7,0,0,1,0,0,0,0,1,1,6,6,2,26,6,1242,1,8,FORD KA,8,E01000420,0,-1
2020360963009,2020,360963009,2,9,0,10,10,-1,-1,0,0,8,0,0,0,0,2,1,1,1,1,37,7,1242,1,6,FORD KA,7,E01026672,0,-1
2020420990693,2020,420990693,1,9,0,18,19,8,2,0,0,0,0,0,0,0,1,1,6,6,2,23,5,1242,1,11,FORD KA,5,E01033070,0,-1
2020421007302,2020,421007302,1,9,0,17,19,5,2,0,0,0,1,0,8,4,1,1,5,6,1,45,7,1242,1,10,FORD KA,9,E01021456,0,-1
2020210994025,2020,210994025,2,9,0,4,4,3,8,0,0,0,0,0,0,0,2,1,6,6,2,55,8,1242,1,7,FORD KA,4,E01029363,0,-1
2020470988450,2020,470988450,3,9,0,4,4,4,8,0,0,0,0,0,0,0,2,1,2,2,2,20,4,1242,1,11,FORD KA,7,E01031407,0,-1
2020461006603,2020,461006603,1,9,0,18,19,8,4,0,0,0,1,0,1,7,1,1,5,6,2,24,5,1242,1,11,FORD KA,8,E01024261,0,-1
2020500967044,2020,500967044,2,9,0,3,3,8,3,0,0,0,0,0,0,0,2,1,5,6,2,20,4,1299,1,14,FORD KA,6,E01020533,0,-1
2020500937951,2020,500937951,2,9,0,18,19,5,1,0,0,0,0,0,1,10,3,1,2,2,2,27,6,1242,1,10,FORD KA,5,E01019066,0,-1
2020522001872,2020,522001872,1,9,0,18,19,7,3,0,0,1,0,0,0,0,3,1,6,6,2,21,5,1299,1,12,FORD KA,10,E01014476,0,-1
2020500990066,2020,500990066,1,9,0,18,19,1,5,0,0,8,1,0,0,0,1,1,5,6,1,21,5,1299,1,22,FORD KA,3,E01019985,0,-1
2020460999623,2020,460999623,2,9,0,4,4,5,1,0,0,0,0,0,0,0,3,1,2,2,2,53,8,1242,1,6,FORD KA,6,E01024340,0,-1
2020371022122,2020,371022122,1,9,0,18,19,1,5,0,0,0,0,0,0,0,1,1,2,2,1,54,8,1242,1,6,FORD KA,4,E01029920,0,-1
2020302001528,2020,302001528,1,9,0,16,19,2,6,0,0,3,1,0,1,1,1,1,6,6,1,44,7,1299,1,16,FORD KA,10,E01013577,0,-1
202006P371074,2020,06P371074,1,9,0,18,19,5,1,0,0,1,0,0,0,0,1,1,6,6,2,41,7,1242,1,9,FORD KA,2,E01025381,0,-1
2020501013604,2020,501013604,1,9,0,6,6,1,8,0,0,1,0,0,0,0,2,1,2,2,2,24,5,1242,1,7,FORD KA,2,E01015081,0,-1
2020460958022,2020,460958022,1,9,0,18,19,7,3,0,0,0,1,0,0,0,1,1,5,6,2,33,6,1299,1,12,FORD KA,1,E01024670,0,-1
2020991000539,2020,991000539,1,9,0,16,19,7,2,9,9,0,0,0,7,0,1,1,5,6,2,26,6,1242,1,8,FORD KA,5,-1,0,-1
2020052002067,2020,052002067,1,9,0,9,9,3,1,0,0,8,0,0,0,0,1,1,6,6,2,53,8,1242,1,7,FORD KA,2,E01025091,0,-1
2020420915433,2020,420915433,1,9,0,4,4,7,3,0,0,2,0,0,0,0,1,1,6,6,2,20,4,1299,1,15,FORD KA,2,E01015934,0,-1
2020010232915,2020,010232915,1,9,0,99,99,9,9,0,0,1,0,0,0,0,2,9,2,2,2,23,5,1242,1,6,FORD KA,7,E01030859,0,-1
2020010268349,2020,010268349,1,9,0,4,4,3,7,0,0,1,0,4,1,0,1,1,6,6,2,23,5,1242,1,9,FORD KA,7,E01003682,0,-1
2020461008716,2020,461008716,2,9,0,6,6,3,7,0,0,2,0,0,0,0,3,1,2,2,2,24,5,1242,1,5,FORD KA,6,E01024180,0,-1
2020230958950,2020,230958950,2,9,0,3,3,8,4,0,0,1,0,0,0,0,2,1,5,6,2,21,5,1242,1,6,FORD KA,6,E01019876,0,-1
2020030981108,2020,030981108,1,9,0,18,19,1,2,0,0,0,0,0,0,0,3,1,5,6,1,57,9,1242,1,5,FORD KA,5,E01019356,0,-1
2020200979210,2020,200979210,2,9,0,9,9,7,4,0,0,5,0,0,0,0,2,1,6,6,1,22,5,1299,1,12,FORD KA,2,E01009661,0,-1
2020410943565,2020,410943565,2,9,0,2,2,0,0,0,0,0,0,0,0,0,2,1,6,6,3,-1,-1,1299,1,15,FORD KA,-1,-1,0,-1
2020501000116,2020,501000116,1,9,0,18,19,7,3,0,0,1,0,0,0,0,4,1,1,1,1,24,5,1299,1,19,FORD KA,4,E01020262,0,-1
2020471005588,2020,471005588,1,9,0,18,19,1,5,0,0,0,0,0,7,0,3,1,6,6,2,53,8,1242,1,7,FORD KA,6,E01031472,0,-1
2020302000289,2020,302000289,1,9,0,18,19,1,5,0,0,0,0,0,0,0,1,1,6,6,1,68,10,1299,1,12,FORD KA,3,E01019484,0,-1
2020440434763,2020,440434763,1,9,0,18,19,7,4,0,0,0,0,0,0,0,1,1,6,6,2,20,4,1299,1,15,FORD KA,10,E01022895,0,-1
2020040972622,2020,040972622,1,9,0,18,19,4,1,0,0,1,0,0,0,0,1,1,5,6,2,48,8,1299,1,12,FORD KA,1,E01005525,0,-1
2020500974027,2020,500974027,3,9,0,10,10,1,5,0,0,0,0,0,0,0,2,1,5,6,2,21,5,1299,1,12,FORD KA,9,E01019896,0,-1
2020070749166,2020,070749166,1,9,0,18,19,5,1,0,0,0,0,0,1,4,4,1,6,6,2,30,6,1242,1,10,FORD KA,4,E01012469,0,-1
2020140975104,2020,140975104,2,9,0,18,19,1,5,0,0,0,0,0,0,0,3,1,6,6,2,32,6,1299,1,12,FORD KA,6,E01007698,0,-1
2020990927238,2020,990927238,4,9,0,2,2,0,0,0,0,1,0,0,0,0,2,1,6,6,2,17,4,1248,2,11,FORD KA,6,-1,0,-1
2020140974222,2020,140974222,1,9,0,3,3,3,6,0,0,4,0,0,0,0,2,1,5,6,2,51,8,1242,1,6,FORD KA,7,E01008025,0,-1
2020302000677,2020,302000677,1,9,0,9,9,2,8,0,0,0,0,0,0,0,4,1,6,6,2,46,8,1242,1,9,FORD KA,2,E01019761,0,-1
2020160941374,2020,160941374,1,9,0,17,19,4,1,0,0,0,0,10,1,4,1,1,6,6,2,18,4,1242,1,11,FORD KA,-1,-1,0,-1
2020461010446,2020,461010446,1,9,0,18,19,3,7,0,0,1,1,0,0,0,4,1,6,6,2,18,4,1242,1,10,FORD KA,6,E01024736,0,-1
2020070090666,2020,070090666,1,9,0,18,19,1,5,0,0,2,0,0,1,0,1,1,1,1,2,24,5,1242,1,10,FORD KA,6,E01033753,0,-1
2020140948324,2020,140948324,1,9,0,11,11,1,6,0,0,3,0,0,1,2,1,1,2,2,2,40,7,1299,1,14,FORD KA,6,E01007725,0,-1
2020500953442,2020,500953442,1,9,0,5,5,5,3,0,0,7,0,0,0,0,1,1,5,6,2,20,4,1299,1,15,FORD KA,7,E01018795,0,-1
2020420938774,2020,420938774,1,9,0,5,5,3,7,0,0,2,0,0,0,0,3,1,1,1,2,21,5,1299,1,22,FORD KA,3,E01021888,0,-1
2020460990979,2020,460990979,2,9,0,-1,-1,7,3,0,0,0,0,0,0,0,1,1,2,2,1,36,7,1242,1,11,FORD KA,4,E01024591,0,-1
2020420992346,2020,420992346,1,9,0,18,19,1,3,0,0,8,0,0,3,0,1,1,6,6,2,64,9,1242,1,7,FORD KA,-1,-1,0,-1
2020420999273,2020,420999273,2,9,0,7,7,5,7,0,0,0,0,0,0,0,4,1,5,6,2,21,5,1242,1,9,FORD KA,8,E01021433,0,-1
2020170L30160,2020,170L30160,1,9,0,9,9,6,4,0,0,8,0,0,0,0,4,1,6,6,2,22,5,1242,1,11,FORD KA,-1,-1,0,-1
2020161002123,2020,161002123,1,9,0,17,19,1,5,0,0,8,1,10,7,0,1,1,2,2,2,28,6,1242,1,11,FORD KA,4,E01027835,0,-1
2020400950790,2020,400950790,1,9,0,17,19,1,1,0,0,0,1,0,1,0,4,1,5,6,1,58,9,1299,1,18,FORD KA,3,E01027060,0,-1
2020010262972,2020,010262972,1,9,0,11,11,9,9,5,5,1,9,0,1,99,4,9,6,6,3,-1,-1,1242,1,8,FORD KA,-1,-1,0,-1
2020210968099,2020,210968099,1,9,0,18,19,6,2,0,0,8,0,0,0,0,1,1,6,6,2,81,11,1299,1,16,FORD KA,7,E01029618,0,-1
2020200958424,2020,200958424,2,9,0,9,9,8,7,0,0,6,0,0,0,0,3,1,1,1,2,23,5,1242,1,11,FORD KA,2,E01033629,0,-1
2020520004135,2020,520004135,1,9,0,18,19,4,8,0,0,1,0,0,0,0,1,1,6,6,2,70,10,1299,1,12,FORD KA,4,E01029241,0,-1
2020420963898,2020,420963898,1,9,0,16,19,4,7,0,0,1,2,0,1,0,1,1,6,6,2,27,6,1299,1,12,FORD KA,6,E01002380,0,-1
2020440256194,2020,440256194,3,9,0,18,19,2,6,0,0,0,0,0,0,0,1,1,6,6,2,25,5,1299,1,14,FORD KA,6,E01023138,0,-1
202031A097720,2020,31A097720,1,9,0,18,19,6,2,0,0,1,0,0,0,0,1,1,6,6,1,53,8,1242,1,7,FORD KA,8,E01028246,0,-1
2020010272044,2020,010272044,1,9,0,18,19,5,1,0,0,0,0,0,0,0,2,1,6,6,2,21,5,1242,1,10,FORD KA,6,E01000691,0,-1
2020522100994,2020,522100994,1,9,0,18,19,5,1,0,0,8,0,0,0,0,1,1,6,6,2,27,6,1242,1,7,FORD KA,5,E01014732,0,-1
2020160964846,2020,160964846,2,9,0,4,4,4,8,0,0,1,0,0,0,0,1,1,6,6,1,46,8,1242,1,7,FORD KA,-1,-1,0,-1
2020110973351,2020,110973351,2,9,0,18,19,3,7,0,0,8,0,0,0,0,1,1,6,6,2,30,6,1242,1,10,FORD KA,2,E01020892,0,-1
2020030937794,2020,030937794,2,9,0,18,19,7,3,0,0,1,0,0,0,0,1,1,5,6,2,62,9,1299,1,14,FORD KA,6,E01010699,0,-1
2020010232617,2020,010232617,2,9,0,9,9,2,1,0,0,5,0,0,0,0,1,1,4,7,1,18,4,1242,1,9,FORD KA,10,E01030415,0,-1
2020622000202,2020,622000202,2,9,0,13,13,8,4,0,0,1,0,0,0,0,1,1,6,6,1,44,7,1242,1,9,FORD KA,1,W01001022,0,-1
2020440137395,2020,440137395,1,9,0,18,19,3,7,0,0,0,2,10,0,0,1,1,6,6,2,26,6,1242,1,8,FORD KA,9,E01030716,0,-1
2020361009236,2020,361009236,1,9,0,18,19,7,2,0,0,0,0,0,0,0,4,1,1,1,2,41,7,1299,1,12,FORD KA,5,E01026541,0,-1
2020010286120,2020,010286120,2,9,0,99,99,9,9,99,99,9,9,99,9,99,1,9,6,6,3,-1,-1,1299,1,13,FORD KA,10,E01000826,0,-1
2020410926732,2020,410926732,2,9,0,4,4,5,1,0,0,0,1,0,1,0,2,1,2,2,1,46,8,1242,1,7,FORD KA,6,E01002258,0,-1
2020010242321,2020,010242321,2,9,0,7,7,6,1,0,0,2,0,0,0,0,2,1,2,2,1,24,5,1242,1,11,FORD KA,7,E01003659,0,-1
2020052002513,2020,052002513,2,9,0,9,9,3,7,0,0,8,0,0,0,0,1,1,2,2,1,45,7,1242,1,10,FORD KA,1,E01007124,0,-1
2020201002875,2020,201002875,1,9,0,18,19,6,2,0,0,0,0,0,0,0,1,1,6,6,2,43,7,1242,1,9,FORD KA,1,E01008929,0,-1
2020200933838,2020,200933838,1,9,0,18,19,7,3,0,0,8,0,7,6,0,1,1,6,6,1,30,6,1242,1,11,FORD KA,4,E01002650,0,-1
2020471009074,2020,471009074,2,9,0,9,9,7,6,0,0,8,0,0,0,0,3,1,5,6,2,63,9,1242,1,6,FORD KA,10,E01031699,0,-1
2020040931242,2020,040931242,1,9,0,18,19,3,7,0,0,0,0,0,0,0,1,1,2,2,2,57,9,1242,1,6,FORD KA,7,E01025576,0,-1
2020440145874,2020,440145874,1,9,0,5,5,7,3,0,0,8,0,0,0,0,1,1,6,6,1,88,11,1242,1,9,FORD KA,6,E01023065,0,-1
2020370937683,2020,370937683,1,9,0,18,19,5,1,0,0,8,0,0,0,0,1,1,5,6,2,22,5,1299,1,13,FORD KA,3,E01029916,0,-1
2020200937188,2020,200937188,1,9,0,1,1,2,6,0,0,1,0,0,0,0,2,1,6,6,1,32,6,1299,1,13,FORD KA,1,E01009638,0,-1
2020010277104,2020,010277104,1,9,0,18,19,3,7,0,0,1,0,4,0,0,1,9,6,6,3,-1,-1,1299,1,17,FORD KA,-1,-1,0,-1
2020100959276,2020,100959276,1,9,0,18,19,4,8,0,0,1,0,0,0,0,1,1,6,6,2,21,5,1242,1,8,FORD KA,5,E01008741,0,-1
2020231007540,2020,231007540,1,9,0,18,19,2,6,0,0,0,2,10,1,10,1,1,5,6,2,31,6,1299,1,14,FORD KA,5,E01031274,0,-1
2020410986728,2020,410986728,1,9,0,9,9,8,6,0,0,1,0,0,0,0,1,1,5,6,2,24,5,1242,1,10,FORD KA,4,E01023957,0,-1
2020010274311,2020,010274311,2,9,9,99,99,9,9,0,0,9,9,99,0,0,9,9,6,6,1,19,4,1242,1,9,FORD KA,3,E01000092,0,-1
2020160996032,2020,160996032,2,9,0,18,19,4,8,0,0,0,0,0,0,0,1,1,5,6,2,56,9,1242,1,9,FORD KA,7,E01013307,0,-1
2020041022052,2020,041022052,2,9,0,18,19,1,1,0,0,3,0,0,0,0,3,1,5,6,2,44,7,1242,1,6,FORD KA,8,E01025603,0,-1
2020220969726,2020,220969726,2,9,0,3,3,3,7,0,0,8,0,0,0,0,2,1,5,6,2,22,5,1242,1,10,FORD KA,10,E01032151,0,-1
2020010228115,2020,010228115,1,9,0,18,19,2,6,0,0,0,0,0,0,0,2,1,6,6,2,44,7,1299,1,13,FORD KA,5,E01031401,0,-1
2020500950796,2020,500950796,4,9,0,18,19,1,5,0,0,0,0,0,0,0,2,1,1,1,2,64,9,1242,1,6,FORD KA,9,E01020532,0,-1
2020420964565,2020,420964565,1,9,0,18,19,1,5,9,9,2,1,7,1,1,1,1,6,6,2,25,5,1242,1,6,FORD KA,7,E01015849,0,-1
20201376J0695,2020,1376J0695,1,9,0,18,19,1,5,0,0,0,1,0,0,0,1,1,6,6,1,34,6,1299,1,15,FORD KA,3,E01011260,0,-1
2020160921325,2020,160921325,1,9,0,18,19,2,6,0,0,2,0,0,0,0,4,1,5,6,2,28,6,1242,1,6,FORD KA,5,E01012930,0,-1
2020010253110,2020,010253110,1,9,0,99,99,9,9,99,99,9,9,99,9,99,9,9,6,6,1,45,7,1242,1,9,FORD KA,3,E01002215,0,-1
202006L270347,2020,06L270347,1,9,0,9,9,5,3,0,0,6,0,0,0,0,3,1,6,6,2,17,4,1242,1,8,FORD KA,-1,-1,0,-1
2020470959002,2020,470959002,1,9,0,18,19,2,6,0,0,0,0,0,1,1,1,1,6,6,1,73,10,1242,1,10,FORD KA,7,E01031396,0,-1
2020420935215,2020,420935215,1,9,0,9,9,3,8,0,0,0,0,0,0,0,1,1,5,6,2,19,4,1299,1,16,FORD KA,5,E01022078,0,-1
2020332000133,2020,332000133,1,9,0,5,5,3,6,0,0,4,0,0,1,7,1,1,6,6,2,59,9,1299,1,17,FORD KA,10,E01025696,0,-1
2020210970822,2020,210970822,2,9,0,3,3,8,4,0,0,2,0,0,0,0,2,1,6,6,2,22,5,1242,1,7,FORD KA,5,E01025897,0,-1
2020430344031,2020,430344031,2,9,0,18,19,8,4,0,0,0,0,0,0,0,4,1,2,2,2,19,4,1299,1,12,FORD KA,7,E01032943,0,-1
2020460943027,2020,460943027,2,9,0,18,19,4,8,0,0,0,1,0,0,0,4,1,5,6,2,55,8,1242,1,8,FORD KA,10,E01030638,0,-1
2020622000695,2020,622000695,2,9,0,10,10,6,4,0,0,5,0,0,0,0,2,1,6,6,2,50,8,1242,1,7,FORD KA,8,W01001214,0,-1
2020052000428,2020,052000428,1,9,0,11,11,3,7,0,0,0,0,0,0,0,4,1,6,6,1,64,9,1242,1,7,FORD KA,1,E01006434,0,-1
2020140932375,2020,140932375,1,9,0,18,19,6,2,0,0,0,0,0,0,0,4,1,5,6,2,20,4,1242,1,8,FORD KA,3,E01032550,0,-1
2020360938800,2020,360938800,1,9,0,9,9,2,8,0,0,8,0,0,0,0,1,1,5,6,1,32,6,1242,1,11,FORD KA,6,E01026535,0,-1
2020201005398,2020,201005398,3,9,0,2,2,0,0,0,0,0,0,0,0,0,2,1,6,6,1,62,9,1299,1,14,FORD KA,1,E01009539,0,-1
2020122000350,2020,122000350,3,9,0,2,2,0,0,0,0,0,0,0,0,0,1,1,6,6,3,-1,-1,1242,1,8,FORD KA,-1,-1,0,-1
2020210975328,2020,210975328,1,9,0,17,19,8,4,0,0,0,0,0,0,0,1,1,6,6,1,21,5,1299,1,13,FORD KA,1,E01014210,0,-1
2020410952109,2020,410952109,1,9,0,18,19,5,1,0,0,3,0,0,0,0,4,1,1,1,2,19,4,1242,1,7,FORD KA,3,E01023300,0,-1
2020530959908,2020,530959908,2,9,0,4,4,5,1,0,0,1,0,0,0,0,1,1,6,6,1,29,6,1242,1,11,FORD KA,4,E01022241,0,-1
2020010237277,2020,010237277,1,9,0,99,99,9,9,99,99,1,9,99,9,99,2,9,6,6,2,23,5,1242,1,10,FORD KA,6,E01002266,0,-1
2020420972357,2020,420972357,1,9,0,18,19,5,1,0,0,0,0,0,0,0,1,1,5,6,2,18,4,1299,1,12,FORD KA,4,E01015972,0,-1
2020622000702,2020,622000702,1,9,0,18,19,5,7,0,0,4,0,0,0,0,1,1,6,6,2,84,11,1242,1,10,FORD KA,3,W01001080,0,-1
2020470988687,2020,470988687,1,9,0,9,9,1,7,0,0,8,1,0,1,0,1,1,5,6,2,20,4,1242,1,7,FORD KA,9,E01031683,0,-1
2020040961340,2020,040961340,2,9,0,18,19,1,1,0,0,0,0,0,1,0,2,1,5,6,1,85,11,1299,1,14,FORD KA,5,E01025311,0,-1
202006M278270,2020,06M278270,1,9,0,15,15,6,2,0,0,0,0,0,0,0,4,1,2,2,2,55,8,1242,1,6,FORD KA,9,E01006091,0,-1
2020200943257,2020,200943257,1,9,0,18,19,-1,-1,0,0,0,0,0,0,0,1,1,6,6,1,18,4,1242,1,11,FORD KA,3,E01009140,0,-1
2020040958581,2020,040958581,1,9,0,18,19,5,1,0,0,1,0,0,0,0,1,1,2,2,2,32,6,1242,1,8,FORD KA,4,E01012740,0,-1
2020450995425,2020,450995425,2,9,0,18,19,8,1,0,0,2,0,0,0,0,1,1,6,6,1,90,11,1242,1,11,FORD KA,10,E01030693,0,-1
202006E171009,2020,06E171009,1,9,0,9,9,1,7,0,0,1,0,0,0,0,4,1,6,6,2,30,6,1242,1,11,FORD KA,-1,-1,0,-1
2020421010039,2020,421010039,3,9,0,3,3,7,8,0,0,1,0,0,0,0,1,1,6,6,2,60,9,1299,1,18,FORD KA,3,E01021245,0,-1
2020010228211,2020,010228211,1,9,0,99,99,9,9,99,99,0,9,99,9,99,9,9,6,6,2,54,8,1299,1,18,FORD KA,8,E01002290,0,-1
2020470980114,2020,470980114,1,9,0,17,19,6,3,0,0,0,0,0,0,0,3,1,5,6,2,18,4,1242,1,8,FORD KA,7,E01020970,0,-1
202006A175109,2020,06A175109,1,9,0,18,19,3,7,0,0,8,0,0,7,0,1,1,6,6,2,29,6,1242,1,10,FORD KA,1,E01005225,0,-1
2020990982534,2020,990982534,2,9,0,18,19,2,5,0,0,1,0,0,1,0,1,1,5,6,2,19,4,1242,1,9,FORD KA,9,-1,0,-1
2020420960154,2020,420960154,1,9,0,17,19,3,7,0,0,0,0,0,4,0,1,1,5,6,1,28,6,1299,1,12,FORD KA,3,E01001505,0,-1
2020501015527,2020,501015527,1,9,0,18,19,6,2,0,0,0,1,0,0,0,4,1,5,6,2,60,9,1242,1,7,FORD KA,7,E01019025,0,-1
2020542796820,2020,542796820,1,9,0,18,19,4,8,0,0,8,0,0,0,0,1,1,6,6,2,29,6,1299,1,12,FORD KA,3,E01031912,0,-1
2020460927491,2020,460927491,2,9,0,4,4,7,3,0,0,0,0,0,0,0,2,1,2,2,1,21,5,1299,1,12,FORD KA,2,E01024049,0,-1
2020460950372,2020,460950372,4,9,0,2,2,0,0,0,0,0,0,0,0,0,3,1,5,6,2,-1,-1,1299,1,15,FORD KA,1,E01020982,0,-1
202006K373954,2020,06K373954,1,9,0,15,15,3,7,0,0,0,0,0,0,0,4,1,6,6,3,-1,-1,1242,1,4,FORD KA,-1,-1,0,-1
2020470951675,2020,470951675,2,9,0,18,19,4,8,0,0,8,5,0,0,0,1,1,5,6,2,19,4,1242,1,10,FORD KA,8,E01020953,0,-1
2020622000832,2020,622000832,1,9,0,18,19,2,6,0,0,0,5,4,0,0,1,1,6,6,2,73,10,1242,1,10,FORD KA,4,W01000901,0,-1
2020010240806,2020,010240806,1,9,0,99,99,9,9,99,99,9,9,99,9,99,9,9,6,6,2,23,5,1242,1,11,FORD KA,4,E01003937,0,-1
2020010244188,2020,010244188,2,9,0,9,9,1,7,0,0,8,0,0,0,0,3,1,6,6,2,23,5,1242,1,10,FORD KA,7,E01002171,0,-1