collision_index,collision_year,collision_ref_no,vehicle_reference,vehicle_type,towing_and_articulation,vehicle_manoeuvre_historic,vehicle_manoeuvre,vehicle_direction_from,vehicle_direction_to,vehicle_location_restricted_lane_historic,vehicle_location_restricted_lane,junction_location,skidding_and_overturning,hit_object_in_carriageway,vehicle_leaving_carriageway,hit_object_off_carriageway,first_point_of_impact,vehicle_left_hand_drive,journey_purpose_of_driver_historic,journey_purpose_of_driver,sex_of_driver,age_of_driver,age_band_of_driver,engine_capacity_cc,propulsion_code,age_of_vehicle,generic_make_model,driver_imd_decile,lsoa_of_driver,escooter_flag,driver_distance_banding
202031C097020,2020,31C097020,1,9,0,9,9,8,5,0,0,5,0,0,0,0,4,1,2,2,1,46,8,1299,1,16,FORD KA,4,E01013937,0,-1
2020320008870,2020,320008870,1,9,0,17,19,3,7,0,0,0,0,0,0,0,4,1,6,6,3,40,7,1299,1,12,FORD KA,-1,-1,0,-1
2020140951626,2020,140951626,1,9,0,5,5,2,6,0,0,0,0,0,0,0,3,1,5,6,2,39,7,1242,1,7,FORD KA,3,E01007639,0,-1
2020440488101,2020,440488101,1,9,0,18,19,5,1,0,0,0,0,0,4,6,1,1,6,6,2,18,4,1242,1,9,FORD KA,10,E01022629,0,-1
2020360928557,2020,360928557,1,9,0,18,19,6,2,0,0,1,1,0,0,0,1,1,5,6,2,42,7,1242,1,6,FORD KA,5,E01026783,0,-1
2020302000995,2020,302000995,2,9,0,16,19,2,6,0,0,0,0,0,1,11,3,1,6,6,1,78,11,1242,1,11,FORD KA,5,E01019407,0,-1
2020991007315,2020,991007315,1,9,0,4,4,4,8,0,0,1,0,0,0,0,1,1,6,6,2,23,5,1242,1,11,FORD KA,6,-1,0,-1
2020030942614,2020,030942614,1,9,0,18,19,1,5,0,0,0,0,0,1,3,1,1,6,6,2,19,4,1242,1,9,FORD KA,6,E01019384,0,-1
2020522101156,2020,522101156,2,9,0,5,5,4,8,0,0,4,0,0,0,0,1,1,6,6,2,51,8,1299,1,11,FORD KA,8,E01022362,0,-1
2020137BE1138,2020,137BE1138,2,9,0,18,19,5,1,0,0,0,0,0,0,0,2,1,6,6,1,25,5,1242,1,4,FORD KA,7,E01011642,0,-1
2020200938180,2020,200938180,1,9,0,5,5,8,4,0,0,0,0,0,0,0,1,1,6,6,1,60,9,1242,1,6,FORD KA,9,E01010175,0,-1
2020622000668,2020,622000668,3,9,0,4,4,8,4,0,0,0,0,0,0,0,2,1,6,6,2,43,7,1242,1,5,FORD KA,3,W01001137,0,-1
2020340K01772,2020,340K01772,1,9,0,4,4,8,4,0,0,0,0,0,0,0,1,1,6,6,1,80,11,1242,1,10,FORD KA,9,E01027084,0,-1
2020460964973,2020,460964973,1,9,0,6,6,5,1,0,0,0,0,0,0,0,4,1,6,6,1,18,4,1242,1,11,FORD KA,7,E01016162,0,-1
2020990967582,2020,990967582,2,9,0,18,19,2,5,0,0,8,0,0,0,0,1,2,5,6,1,79,11,1242,1,11,FORD KA,6,-1,0,-1
2020302000589,2020,302000589,2,9,0,4,4,8,4,0,0,1,0,0,0,0,2,1,6,6,2,23,5,1242,1,11,FORD KA,9,E01019610,0,-1
2020010247003,2020,010247003,2,9,0,99,99,9,9,99,99,9,9,99,9,99,1,9,6,6,3,-1,-1,1299,1,17,FORD KA,1,E01001899,0,-1
2020420992674,2020,420992674,1,9,0,9,9,1,7,0,0,5,0,0,0,0,4,1,5,6,2,23,5,1242,1,9,FORD KA,3,E01021326,0,-1
2020440078489,2020,440078489,1,9,0,18,19,1,4,0,0,0,2,0,1,9,1,1,6,6,2,23,5,1242,1,11,FORD KA,9,E01032753,0,-1
2020320549730,2020,320549730,2,9,0,18,19,3,7,0,0,8,1,0,1,11,3,1,6,6,2,68,10,1242,1,6,FORD KA,1,E01015661,0,-1
2020010245765,2020,010245765,1,9,0,5,5,7,3,0,0,2,0,0,0,0,1,1,6,6,2,30,6,1299,1,15,FORD KA,10,E01030342,0,-1
2020470973079,2020,470973079,1,9,0,18,19,4,8,0,0,0,1,0,1,0,1,1,2,2,1,52,8,1242,1,10,FORD KA,10,E01031763,0,-1
2020542785820,2020,542785820,1,9,0,18,19,3,7,0,0,4,0,0,0,0,1,1,2,2,2,56,9,1248,2,10,FORD KA,2,E01015506,0,-1
2020990931872,2020,990931872,1,9,0,18,19,3,7,9,9,0,0,10,1,0,1,2,1,1,2,39,7,1242,1,6,FORD KA,-1,-1,0,-1
2020070093186,2020,070093186,2,9,0,4,4,4,8,0,0,1,0,0,0,0,2,1,6,6,2,17,4,1242,1,8,FORD KA,8,E01012565,0,-1
2020420976948,2020,420976948,1,9,0,9,9,8,6,0,0,8,0,0,0,0,3,1,5,6,2,19,4,1299,1,13,FORD KA,3,E01015935,0,-1
2020420937458,2020,420937458,1,9,0,18,19,7,3,0,0,0,0,0,1,4,4,1,5,6,2,17,4,1299,1,16,FORD KA,9,E01021615,0,-1
2020460959486,2020,460959486,2,9,0,18,19,4,7,0,0,4,0,0,7,0,4,1,5,6,1,26,6,1299,1,14,FORD KA,4,E01024029,0,-1
2020160938959,2020,160938959,2,9,0,4,4,8,5,0,0,8,0,0,0,0,2,1,1,1,2,19,4,1242,1,7,FORD KA,6,E01012765,0,-1
2020440441353,2020,440441353,1,9,0,18,19,5,1,0,0,0,2,0,1,9,1,1,6,6,1,33,6,1299,1,12,FORD KA,7,E01022597,0,-1
2020520003871,2020,520003871,1,9,0,7,7,2,5,0,0,6,0,0,0,0,1,1,6,6,2,25,5,1242,1,6,FORD KA,8,E01023491,0,-1
2020522001264,2020,522001264,3,9,0,18,19,1,5,0,0,8,0,0,0,0,1,1,6,6,1,66,10,1299,1,13,FORD KA,1,E01014497,0,-1
2020140930673,2020,140930673,1,9,0,9,9,2,1,0,0,1,0,0,0,0,2,1,5,6,2,18,4,1242,1,8,FORD KA,6,E01008154,0,-1
2020201008040,2020,201008040,2,9,0,10,10,4,2,0,0,8,0,10,6,0,2,1,6,6,2,37,7,1242,1,10,FORD KA,1,E01009769,0,-1
2020460971695,2020,460971695,1,9,0,18,19,7,3,0,0,0,0,0,0,0,1,1,2,2,1,24,5,1299,1,15,FORD KA,2,E01024080,0,-1
2020040922746,2020,040922746,2,9,0,7,7,3,5,0,0,8,0,0,0,0,1,1,5,6,2,23,5,1299,1,13,FORD KA,2,E01033223,0,-1
202006A376354,2020,06A376354,1,9,0,18,19,2,6,0,0,0,0,0,0,0,1,1,2,2,1,58,9,1242,1,8,FORD KA,1,E01005113,0,-1
2020320057639,2020,320057639,1,9,0,18,19,5,1,0,0,0,0,0,0,0,1,1,6,6,2,84,11,1242,1,6,FORD KA,-1,-1,0,-1
2020160921768,2020,160921768,2,9,0,4,4,7,3,0,0,0,0,0,0,0,2,1,2,2,2,35,6,1242,1,6,FORD KA,1,E01012789,0,-1
2020052001620,2020,052001620,2,9,0,10,10,5,1,0,0,1,0,0,0,0,4,1,6,6,2,19,4,1242,1,10,FORD KA,1,E01006664,0,-1
2020320414306,2020,320414306,1,9,0,18,19,7,3,0,0,0,0,0,0,0,1,1,6,6,2,20,4,1242,1,9,FORD KA,8,E01013344,0,-1
2020211023669,2020,211023669,1,9,0,18,19,5,1,0,0,1,0,4,0,0,1,1,6,6,2,18,4,1242,1,6,FORD KA,4,E01029367,0,-1
2020320466854,2020,320466854,1,9,0,17,19,5,1,0,0,0,5,0,0,0,1,1,6,6,1,40,7,1299,1,15,FORD KA,3,E01026064,0,-1
2020370957569,2020,370957569,2,9,0,18,19,-1,-1,0,0,2,0,0,0,0,1,1,5,6,2,80,11,1242,1,10,FORD KA,8,E01030047,0,-1
2020320465681,2020,320465681,3,9,0,2,2,0,0,0,0,0,0,0,7,0,1,1,6,6,3,40,7,1242,1,10,FORD KA,-1,-1,0,-1
2020040947721,2020,040947721,1,9,0,7,7,1,7,0,0,5,0,0,0,0,4,1,5,6,1,76,11,1242,1,6,FORD KA,6,E01025145,0,-1
2020160994617,2020,160994617,1,9,0,7,7,4,8,0,0,6,0,0,0,0,1,1,6,6,1,-1,-1,1242,1,10,FORD KA,-1,-1,0,-1
2020370990136,2020,370990136,1,9,0,17,19,2,7,0,0,0,0,0,1,3,1,1,5,6,1,17,4,1299,1,15,FORD KA,2,E01029969,0,-1
2020500955208,2020,500955208,1,9,0,14,14,3,7,0,0,0,0,0,0,0,0,1,6,6,1,52,8,1242,1,9,FORD KA,5,E01018864,0,-1
2020500966593,2020,500966593,1,9,0,18,19,3,7,0,0,3,0,0,0,0,1,1,5,6,2,38,7,1242,1,7,FORD KA,4,E01020279,0,-1
2020010237201,2020,010237201,2,9,0,11,11,7,3,0,0,0,1,4,0,0,1,1,6,6,1,40,7,1299,1,18,FORD KA,-1,-1,0,-1
2020470969087,2020,470969087,1,9,0,4,4,2,6,0,0,1,0,0,0,0,1,1,2,2,2,27,6,1242,1,6,FORD KA,5,E01031818,0,-1
2020501001297,2020,501001297,1,9,0,9,9,3,7,0,0,1,1,0,7,0,3,1,5,6,2,36,7,1299,1,13,FORD KA,3,E01020139,0,-1
2020010282500,2020,010282500,2,9,0,18,19,1,5,0,0,2,0,0,0,0,1,1,6,6,1,22,5,1299,1,16,FORD KA,-1,-1,0,-1
2020360989109,2020,360989109,1,9,0,18,19,3,7,0,0,0,1,0,1,0,1,1,5,6,1,21,5,1299,1,13,FORD KA,6,E01026424,0,-1
2020622000080,2020,622000080,2,9,0,3,3,8,4,0,0,1,0,0,0,0,2,1,6,6,2,23,5,1242,1,9,FORD KA,1,W01001880,0,-1
202031C028520,2020,31C028520,2,9,0,18,19,8,4,1,1,1,0,0,0,0,4,1,1,1,2,31,6,1242,1,10,FORD KA,8,E01025748,0,-1
2020010235590,2020,010235590,2,9,0,2,2,0,0,1,1,2,0,0,0,0,2,1,6,6,3,-1,-1,1299,1,18,FORD KA,-1,-1,0,-1
2020220983661,2020,220983661,1,9,0,18,19,3,7,0,0,8,0,0,0,0,1,1,5,6,1,72,10,1299,1,12,FORD KA,4,W01000438,0,-1
2020622000118,2020,622000118,1,9,0,9,9,8,6,0,0,2,0,0,0,0,3,1,2,2,2,44,7,1242,1,8,FORD KA,10,W01001795,0,-1
2020140971972,2020,140971972,2,9,0,17,19,5,1,0,0,1,0,0,0,0,1,1,5,6,2,78,11,1299,1,13,FORD KA,9,E01007419,0,-1
2020211024248,2020,211024248,2,9,0,18,19,5,1,0,0,0,0,0,0,0,3,1,5,6,1,33,6,1299,1,12,FORD KA,2,E01005222,0,-1
2020320340955,2020,320340955,1,9,0,18,19,5,1,0,0,0,5,0,7,11,1,1,6,6,1,45,7,1242,1,11,FORD KA,9,E01012998,0,-1
2020302001364,2020,302001364,1,9,0,18,19,6,2,0,0,7,0,0,0,0,1,1,6,6,2,22,5,1299,1,12,FORD KA,4,E01027985,0,-1
2020440452677,2020,440452677,1,9,0,16,19,6,2,0,0,0,0,0,7,4,1,1,6,6,2,18,4,1242,1,10,FORD KA,10,E01022686,0,-1
2020140920749,2020,140920749,3,9,0,18,19,4,8,0,0,0,0,0,0,0,1,1,5,6,2,45,7,1242,1,11,FORD KA,8,E01007603,0,-1
2020010284447,2020,010284447,1,9,0,99,99,9,9,0,0,1,0,0,0,0,2,1,2,2,2,56,9,1242,1,4,FORD KA,8,E01000539,0,-1
2020332000156,2020,332000156,1,9,0,16,19,3,6,0,0,0,2,0,6,2,1,1,6,6,1,19,4,1299,1,13,FORD KA,3,E01025706,0,-1
2020160969418,2020,160969418,3,9,0,4,4,5,1,0,0,0,0,0,0,0,2,2,5,6,2,22,5,1242,1,6,FORD KA,-1,-1,0,-1
2020430200551,2020,430200551,1,9,0,7,7,2,4,0,0,5,0,10,7,0,1,1,6,6,1,68,10,1299,1,18,FORD KA,6,E01016398,0,-1
2020010284312,2020,010284312,1,9,0,18,19,1,5,9,9,1,0,0,0,0,3,1,6,6,2,22,5,1299,1,16,FORD KA,2,E01003189,0,-1
2020520100229,2020,520100229,1,9,0,18,19,4,8,0,0,0,0,0,0,0,3,1,6,6,2,48,8,1242,1,9,FORD KA,9,E01029182,0,-1
2020470986677,2020,470986677,1,9,0,16,19,4,2,0,0,0,5,0,0,0,1,1,1,1,1,32,6,1242,1,7,FORD KA,4,E01031596,0,-1
2020522101329,2020,522101329,1,9,0,18,19,7,3,0,0,8,0,0,0,0,3,1,1,1,2,21,5,1242,1,7,FORD KA,5,E01014983,0,-1
2020450992952,2020,450992952,1,9,0,18,19,1,5,0,0,0,0,0,0,0,1,1,1,1,2,24,5,1242,1,5,FORD KA,6,E01030842,0,-1
2020122000310,2020,122000310,1,9,0,18,19,1,5,0,0,1,1,0,1,11,2,1,6,6,1,20,4,1242,1,7,FORD KA,8,E01013403,0,-1
2020430028874,2020,430028874,1,9,0,7,7,7,1,0,0,6,0,0,0,0,3,1,6,6,2,58,9,1299,1,15,FORD KA,9,E01028591,0,-1
2020040962774,2020,040962774,1,9,0,4,4,1,5,0,0,1,0,0,0,0,1,1,6,6,2,19,4,1242,1,9,FORD KA,7,E01025585,0,-1
2020040990372,2020,040990372,2,9,0,18,19,1,5,0,0,1,0,0,0,0,2,1,2,2,2,59,9,1299,1,14,FORD KA,4,E01006278,0,-1
2020520100486,2020,520100486,1,9,0,18,19,3,7,0,0,0,0,0,0,0,1,1,6,6,2,19,4,1299,1,13,FORD KA,5,E01029322,0,-1
2020421010089,2020,421010089,1,9,0,18,19,3,7,0,0,0,1,0,2,7,1,1,5,6,2,30,6,1242,1,4,FORD KA,6,E01021331,0,-1
2020470953517,2020,470953517,2,9,0,9,9,6,2,0,0,5,0,0,0,0,2,1,5,6,1,61,9,1299,1,12,FORD KA,8,E01031397,0,-1
2020200963206,2020,200963206,1,9,0,18,19,8,4,0,0,8,0,0,0,0,1,1,6,6,2,31,6,1242,1,6,FORD KA,1,E01008980,0,-1
2020010260465,2020,010260465,1,9,0,99,99,9,9,99,99,9,9,99,9,99,2,9,6,6,2,29,6,1299,1,15,FORD KA,6,E01000250,0,-1
2020420923218,2020,420923218,2,9,0,3,3,1,5,0,0,1,0,0,0,0,2,1,2,2,2,29,6,1242,1,10,FORD KA,3,E01015869,0,-1
2020141010176,2020,141010176,1,9,0,-1,-1,-1,-1,-1,-1,0,-1,-1,-1,0,-1,1,6,6,3,-1,-1,1242,1,11,FORD KA,-1,-1,0,-1
2020430371024,2020,430371024,1,9,0,16,19,8,3,0,0,0,0,0,7,11,1,1,2,2,2,75,10,1299,1,14,FORD KA,-1,-1,0,-1
2020460939087,2020,460939087,1,9,0,5,5,5,3,0,0,0,0,0,0,0,1,1,6,6,2,18,4,1299,1,12,FORD KA,3,E01024126,0,-1
2020500997814,2020,500997814,1,9,0,9,9,2,7,0,0,5,0,0,0,0,4,1,5,6,2,23,5,1242,1,7,FORD KA,7,E01018814,0,-1
2020052000416,2020,052000416,3,9,0,18,19,7,3,0,0,1,0,0,0,0,1,1,6,6,2,40,7,1299,1,11,FORD KA,1,E01032508,0,-1
2020460942739,2020,460942739,1,9,0,18,19,3,7,0,0,0,0,0,0,0,1,1,5,6,1,27,6,1299,1,12,FORD KA,3,E01016150,0,-1
2020030960822,2020,030960822,1,9,0,18,19,3,7,0,0,1,0,0,0,0,1,1,5,6,1,63,9,1299,1,15,FORD KA,1,E01019095,0,-1
202031C093220,2020,31C093220,2,9,0,18,19,8,4,0,0,0,0,0,0,0,2,1,6,6,2,40,7,1299,1,18,FORD KA,6,E01026316,0,-1
2020040937618,2020,040937618,1,9,0,18,19,7,5,0,0,1,2,4,0,0,1,1,6,6,1,57,9,1299,1,14,FORD KA,1,E01012721,0,-1
2020010262902,2020,010262902,1,9,0,9,9,1,7,0,0,5,0,0,0,0,3,1,2,2,2,42,7,1242,1,5,FORD KA,4,E01016137,0,-1
2020460980734,2020,460980734,1,9,0,18,19,5,1,0,0,0,0,0,0,0,4,1,6,6,1,66,10,1299,1,15,FORD KA,2,E01016061,0,-1
2020110963924,2020,110963924,1,9,0,18,19,5,1,0,0,0,5,0,1,0,1,1,5,6,2,28,6,1242,1,9,FORD KA,1,E01020592,0,-1
2020122001327,2020,122001327,1,9,0,7,7,3,5,0,0,1,0,0,0,0,0,1,6,6,3,-1,-1,1242,1,6,FORD KA,-1,-1,0,-1
2020040966836,2020,040966836,1,9,0,18,19,5,1,9,9,0,0,0,7,10,1,2,1,1,1,41,7,1242,1,9,FORD KA,1,E01024878,0,-1
2020460999221,2020,460999221,2,9,0,3,3,0,0,0,0,0,0,0,0,0,2,1,6,6,2,29,6,1242,1,6,FORD KA,5,E01024383,0,-1
2020350959825,2020,350959825,1,9,0,18,19,7,3,0,0,0,0,0,0,0,1,1,5,6,2,38,7,1299,1,17,FORD KA,4,E01018060,0,-1
2020430042973,2020,430042973,1,9,0,9,9,2,8,0,0,5,0,0,0,0,4,1,1,1,2,33,6,1299,1,15,FORD KA,8,E01016238,0,-1
2020460919793,2020,460919793,1,9,0,15,15,3,7,0,0,1,0,0,8,1,4,1,5,6,2,84,11,1242,1,6,FORD KA,5,E01033089,0,-1
2020200964383,2020,200964383,1,9,0,18,19,7,3,0,0,8,5,0,0,0,4,1,1,1,2,21,5,1242,1,10,FORD KA,5,E01010026,0,-1
2020010238387,2020,010238387,1,9,0,99,99,9,9,99,99,0,9,99,9,99,1,9,6,6,2,41,7,1299,1,16,FORD KA,3,E01000333,0,-1
2020501015676,2020,501015676,1,9,0,16,19,6,3,0,0,0,1,0,0,0,1,1,4,7,2,17,4,1299,1,12,FORD KA,5,E01015164,0,-1
2020200996605,2020,200996605,1,9,0,4,4,5,1,0,0,0,0,0,0,0,3,1,1,1,2,58,9,1242,1,7,FORD KA,7,E01009443,0,-1
2020548678620,2020,548678620,1,9,0,18,19,1,5,0,0,0,0,0,0,0,1,1,6,6,1,28,6,1242,1,10,FORD KA,4,E01015494,0,-1
2020370972063,2020,370972063,1,9,0,5,5,5,3,0,0,2,0,0,0,0,3,1,5,6,2,79,11,1242,1,7,FORD KA,6,E01030212,0,-1
2020230946359,2020,230946359,2,9,0,18,19,7,3,0,0,1,1,0,0,0,1,1,5,6,2,75,10,1242,1,7,FORD KA,3,E01031265,0,-1
2020500998165,2020,500998165,2,9,0,10,10,3,1,0,0,1,0,0,0,0,4,1,5,6,2,70,10,1299,1,13,FORD KA,4,E01018874,0,-1
2020470960974,2020,470960974,2,9,0,18,19,1,5,0,0,8,0,0,0,0,1,1,5,6,2,64,9,1242,1,6,FORD KA,3,E01031791,0,-1
2020010252714,2020,010252714,1,9,0,99,99,9,9,99,99,0,9,99,9,99,2,9,6,6,3,23,5,1242,1,6,FORD KA,6,E01024472,0,-1
2020161007755,2020,161007755,1,9,0,9,9,2,6,0,0,8,0,0,0,0,1,1,5,6,2,74,10,1242,1,8,FORD KA,7,E01013289,0,-1
2020520003877,2020,520003877,1,9,0,9,9,8,6,0,0,8,0,0,0,0,2,1,6,6,2,36,7,1242,1,9,FORD KA,8,E01029282,0,-1
2020430247541,2020,430247541,1,9,0,18,19,8,4,0,0,8,0,0,0,0,4,1,6,6,2,52,8,1299,1,16,FORD KA,-1,-1,0,-1
2020420960291,2020,420960291,1,9,0,18,19,7,3,0,0,0,0,0,0,0,1,1,6,6,2,62,9,1242,1,4,FORD KA,3,E01021291,0,-1
2020610016220,2020,610016220,1,9,0,18,19,5,1,0,0,0,1,0,1,0,1,1,6,6,2,28,6,1242,1,9,FORD KA,3,W01001145,0,-1
2020420927586,2020,420927586,1,9,0,5,5,6,2,0,0,4,0,0,0,0,4,1,5,6,1,76,11,1242,1,7,FORD KA,1,E01022001,0,-1
202006G173542,2020,06G173542,1,9,0,18,19,7,3,0,0,8,5,0,0,0,1,1,1,1,1,30,6,1242,1,11,FORD KA,4,E01005986,0,-1
2020210957280,2020,210957280,1,9,0,6,6,7,7,0,0,1,0,0,0,0,0,1,6,6,1,19,4,1242,1,6,FORD KA,8,E01029784,0,-1
2020010267675,2020,010267675,1,9,0,99,99,9,9,99,99,0,9,99,9,99,2,9,2,2,2,23,5,1242,1,5,FORD KA,8,E01032620,0,-1
2020170H11030,2020,170H11030,1,9,0,9,9,7,5,0,0,8,0,0,0,0,1,1,6,6,2,28,6,1242,1,9,FORD KA,4,E01011986,0,-1
202006F178676,2020,06F178676,1,9,0,18,19,6,2,0,0,0,0,0,0,0,4,1,6,6,2,51,8,1299,1,15,FORD KA,6,E01004904,0,-1
2020201004733,2020,201004733,2,9,0,5,5,6,2,0,0,6,0,0,0,0,1,1,6,6,2,55,8,1242,1,9,FORD KA,6,E01010221,0,-1
2020622000968,2020,622000968,1,9,0,18,19,6,2,0,0,0,0,0,7,11,1,1,6,6,1,20,4,1242,1,4,FORD KA,4,W01000749,0,-1
2020010238040,2020,010238040,1,9,0,18,19,3,7,0,0,0,0,0,7,9,2,1,6,6,2,18,4,1242,1,9,FORD KA,5,E01002305,0,-1
2020010274041,2020,010274041,1,9,0,5,5,1,5,1,1,2,0,4,0,0,1,1,6,6,2,82,11,1299,1,13,FORD KA,6,E01004216,0,-1
2020420969457,2020,420969457,1,9,0,16,19,7,3,0,0,0,0,0,7,0,1,1,6,6,2,19,4,1242,1,7,FORD KA,2,E01002310,0,-1
2020010230049,2020,010230049,1,9,0,7,7,1,4,0,0,2,0,0,0,0,3,1,2,2,2,24,5,1242,1,7,FORD KA,-1,-1,0,-1
2020552000925,2020,552000925,2,9,0,18,19,6,2,0,0,0,0,0,0,0,1,1,6,6,2,80,11,1242,1,11,FORD KA,9,E01020435,0,-1
2020302000340,2020,302000340,1,9,0,14,14,4,8,0,0,0,0,0,0,0,1,1,6,6,2,58,9,1242,1,11,FORD KA,9,E01019467,0,-1
202031C060120,2020,31C060120,5,9,0,2,2,0,0,0,0,2,0,0,0,0,4,1,6,6,3,-1,-1,1242,1,9,FORD KA,-1,-1,0,-1
2020990952989,2020,990952989,1,9,0,9,9,3,1,0,0,1,0,0,0,0,1,1,5,6,1,34,6,1242,1,7,FORD KA,8,-1,0,-1
2020122000472,2020,122000472,2,9,0,18,19,3,7,0,0,1,0,0,0,0,1,1,6,6,2,67,10,1299,1,13,FORD KA,6,E01027701,0,-1
2020211009980,2020,211009980,1,9,0,5,5,5,2,0,0,6,0,0,0,0,1,1,6,6,2,48,8,1242,1,7,FORD KA,7,E01018429,0,-1
2020201023116,2020,201023116,1,9,0,18,19,2,6,0,0,0,0,7,0,0,1,1,6,6,1,43,7,1299,1,15,FORD KA,1,E01009396,0,-1
2020361011560,2020,361011560,2,9,0,5,5,7,3,0,0,1,0,0,1,0,1,1,2,2,2,68,10,1242,1,9,FORD KA,1,E01026830,0,-1
2020110938834,2020,110938834,2,9,0,18,19,8,4,0,0,8,0,0,0,0,3,1,5,6,1,46,8,1299,1,14,FORD KA,4,E01020644,0,-1
2020522002071,2020,522002071,1,9,0,18,19,1,5,0,0,0,0,0,0,0,1,1,6,6,1,18,4,1299,1,17,FORD KA,5,E01014746,0,-1
2020460935498,2020,460935498,1,9,0,5,5,4,6,0,0,1,0,0,0,0,1,1,2,2,2,57,9,1299,1,12,FORD KA,2,E01024664,0,-1
2020350960952,2020,350960952,1,9,0,5,5,8,4,0,0,0,0,0,0,0,0,1,6,6,3,-1,-1,1299,1,14,FORD KA,-1,-1,0,-1
2020110995985,2020,110995985,1,9,0,9,9,3,1,0,0,0,0,0,0,0,1,1,1,1,1,60,9,1242,1,11,FORD KA,10,E01012347,0,-1
2020052000585,2020,052000585,1,9,0,18,19,6,2,0,0,0,0,0,0,0,1,1,6,6,2,32,6,1299,1,14,FORD KA,5,E01006490,0,-1
20201372P1786,2020,1372P1786,1,9,0,12,12,1,5,0,0,0,0,0,0,0,0,1,6,6,3,-1,-1,1299,1,12,FORD KA,-1,-1,0,-1
202031A155920,2020,31A155920,1,9,0,10,10,4,1,0,0,8,0,0,1,11,2,1,6,6,2,25,5,1242,1,11,FORD KA,6,E01027971,0,-1
2020010230006,2020,010230006,1,9,0,18,19,8,4,0,0,0,0,0,0,0,1,1,1,1,2,19,4,1299,1,15,FORD KA,4,E01001624,0,-1
2020470922777,2020,470922777,2,9,0,10,10,4,3,0,0,1,0,0,0,0,4,1,1,1,1,61,9,1299,1,13,FORD KA,8,E01031439,0,-1
2020420929291,2020,420929291,2,9,0,18,19,1,5,0,0,4,0,0,0,0,2,1,6,6,2,19,4,1242,1,11,FORD KA,4,E01021277,0,-1
2020460966693,2020,460966693,1,9,0,18,19,1,5,0,0,1,0,0,0,0,1,1,6,6,1,20,4,1299,1,17,FORD KA,5,E01024640,0,-1
2020460963163,2020,460963163,1,9,0,18,19,5,1,0,0,0,5,0,1,7,1,1,6,6,2,50,8,1242,1,6,FORD KA,6,E01024833,0,-1
2020401003773,2020,401003773,1,9,0,18,19,1,5,0,0,0,0,0,0,0,4,1,2,2,2,23,5,1242,1,9,FORD KA,5,E01017615,0,-1
2020200993826,2020,200993826,2,9,0,18,19,3,7,0,0,8,0,0,0,0,3,1,1,1,1,48,8,1242,1,11,FORD KA,5,E01010014,0,-1
2020990941886,2020,990941886,1,9,0,18,19,8,4,0,0,0,0,0,7,11,1,1,5,6,2,23,5,1242,1,6,FORD KA,4,-1,0,-1
202006E276748,2020,06E276748,1,9,0,9,9,5,3,0,0,1,0,0,0,0,1,1,6,6,3,-1,-1,1242,1,5,FORD KA,-1,-1,0,-1
2020040927194,2020,040927194,2,9,0,4,4,1,5,0,0,1,0,0,0,0,2,1,5,6,2,18,4,1242,1,6,FORD KA,7,E01025028,0,-1
2020100990095,2020,100990095,1,9,0,10,10,5,2,0,0,8,0,0,7,2,1,1,5,6,2,33,6,1299,1,12,FORD KA,1,E01008854,0,-1
2020990921336,2020,990921336,1,9,0,18,19,5,1,0,0,8,0,0,0,0,1,1,6,6,2,87,11,1242,1,9,FORD KA,10,-1,0,-1
2020010235345,2020,010235345,1,9,0,99,99,9,9,99,99,9,9,99,9,99,9,9,2,2,1,31,6,1299,1,13,FORD KA,3,E01002554,0,-1
2020460980212,2020,460980212,1,9,0,18,19,7,3,9,9,0,1,11,1,4,1,1,5,6,1,18,4,1299,1,12,FORD KA,10,E01016091,0,-1
2020140923589,2020,140923589,2,9,0,18,19,6,2,0,0,1,0,0,0,0,1,1,5,6,2,23,5,1242,1,11,FORD KA,9,E01007792,0,-1
2020421009594,2020,421009594,1,9,0,18,19,5,1,0,0,0,0,12,0,0,3,1,6,6,2,39,7,1242,1,11,FORD KA,8,E01021544,0,-1
2020460987262,2020,460987262,1,9,0,15,15,1,5,0,0,0,1,0,0,0,1,1,6,6,2,18,4,1242,1,10,FORD KA,5,E01024138,0,-1
2020350952640,2020,350952640,1,9,0,3,3,1,5,0,0,1,0,0,0,0,2,1,5,6,2,59,9,1299,1,14,FORD KA,1,E01015661,0,-1
202054A624720,2020,54A624720,1,9,0,18,19,1,5,0,0,0,5,0,1,10,4,1,6,6,1,19,4,1242,1,8,FORD KA,10,E01031966,0,-1
202063A061820,2020,63A061820,1,9,0,18,19,6,2,0,0,1,0,0,0,0,1,1,6,6,2,23,5,1242,1,8,FORD KA,4,W01000681,0,-1
2020320302414,2020,320302414,2,9,0,3,3,5,3,0,0,3,0,0,0,0,1,1,2,2,2,22,5,1299,1,14,FORD KA,8,E01026262,0,-1