collision_index,collision_year,collision_ref_no,vehicle_reference,vehicle_type,towing_and_articulation,vehicle_manoeuvre_historic,vehicle_manoeuvre,vehicle_direction_from,vehicle_direction_to,vehicle_location_restricted_lane_historic,vehicle_location_restricted_lane,junction_location,skidding_and_overturning,hit_object_in_carriageway,vehicle_leaving_carriageway,hit_object_off_carriageway,first_point_of_impact,vehicle_left_hand_drive,journey_purpose_of_driver_historic,journey_purpose_of_driver,sex_of_driver,age_of_driver,age_band_of_driver,engine_capacity_cc,propulsion_code,age_of_vehicle,generic_make_model,driver_imd_decile,lsoa_of_driver,escooter_flag,driver_distance_banding
2020010247857,2020,010247857,2,9,0,99,99,9,9,99,99,9,9,99,9,99,9,9,6,6,3,-1,-1,1560,2,10,PEUGEOT 3008,-1,-1,0,-1
2020140920697,2020,140920697,3,9,0,18,19,7,3,0,0,0,0,0,0,0,1,1,5,6,1,50,8,1500,2,1,PEUGEOT 3008,6,E01009614,0,-1
2020440017722,2020,440017722,2,9,0,17,19,3,7,0,0,0,0,0,0,0,1,1,1,1,1,77,11,1560,2,8,PEUGEOT 3008,10,E01022731,0,-1
2020140920813,2020,140920813,1,9,0,18,19,5,1,0,0,0,0,0,0,0,3,1,6,6,1,49,8,1560,2,8,PEUGEOT 3008,3,E01007673,0,-1
2020010245430,2020,010245430,1,9,0,99,99,9,9,99,99,4,9,99,9,99,3,9,6,6,1,35,6,1997,2,2,PEUGEOT 3008,4,E01021837,0,-1
2020461007430,2020,461007430,1,9,0,5,5,3,5,9,9,1,0,0,0,0,3,1,1,1,1,46,8,1500,2,1,PEUGEOT 3008,10,E01024323,0,-1
2020991003182,2020,991003182,1,9,0,17,19,6,2,9,9,0,2,0,7,0,1,1,2,2,1,59,9,1560,2,4,PEUGEOT 3008,3,-1,0,-1
2020430328434,2020,430328434,1,9,0,4,4,2,6,0,0,0,1,0,0,0,1,1,6,6,2,25,5,1600,8,0,PEUGEOT 3008,-1,-1,0,-1
2020450957199,2020,450957199,1,9,0,5,5,1,3,0,0,7,0,0,0,0,1,1,5,6,1,38,7,1200,1,3,PEUGEOT 3008,10,E01030380,0,-1
202031D153320,2020,31D153320,1,9,0,18,19,5,1,0,0,0,0,0,0,0,1,1,6,6,2,30,6,1560,2,4,PEUGEOT 3008,10,E01028198,0,-1
202063D060720,2020,63D060720,1,9,0,9,9,2,8,0,0,5,5,0,2,10,1,1,6,6,1,81,11,1997,2,1,PEUGEOT 3008,9,E01009817,0,-1
2020100988277,2020,100988277,1,9,0,18,19,5,1,0,0,0,0,12,0,0,1,1,5,6,1,35,6,1560,2,9,PEUGEOT 3008,3,-1,0,-1
2020990937171,2020,990937171,3,9,0,18,19,3,8,0,0,1,1,0,0,0,1,1,2,2,1,40,7,1560,2,7,PEUGEOT 3008,4,-1,0,-1
2020610028820,2020,610028820,1,9,0,18,19,4,8,0,0,8,0,0,0,0,1,1,6,6,1,47,8,1560,2,2,PEUGEOT 3008,10,W01001639,0,-1
2020500925390,2020,500925390,1,9,0,18,19,1,5,0,0,1,0,0,0,0,1,1,5,6,2,47,8,1500,2,2,PEUGEOT 3008,3,E01015166,0,-1
2020010286772,2020,010286772,1,9,0,99,99,9,9,99,99,9,9,99,9,99,9,9,6,6,2,33,6,1200,1,3,PEUGEOT 3008,3,E01003587,0,-1
202006G175287,2020,06G175287,1,9,0,18,19,4,1,0,0,1,0,0,0,0,3,1,6,6,2,46,8,1560,2,7,PEUGEOT 3008,3,E01006014,0,-1
2020010251491,2020,010251491,1,9,0,14,14,5,1,0,0,0,0,0,0,0,4,1,6,6,1,45,7,1200,1,1,PEUGEOT 3008,10,E01021616,0,-1
2020137730296,2020,137730296,1,9,0,1,1,1,5,0,0,8,0,0,0,0,2,1,6,6,1,60,9,1598,1,10,PEUGEOT 3008,1,E01010829,0,-1
2020200950472,2020,200950472,2,9,0,5,5,6,2,0,0,6,5,0,0,0,4,1,6,6,1,49,8,1560,2,8,PEUGEOT 3008,5,E01010418,0,-1
202006F174881,2020,06F174881,3,9,0,2,2,0,0,9,9,1,0,0,0,0,4,1,6,6,1,44,7,1560,2,8,PEUGEOT 3008,2,-1,0,-1
2020200990183,2020,200990183,2,9,0,3,3,7,3,0,0,0,0,0,0,0,2,1,6,6,1,48,8,1560,2,9,PEUGEOT 3008,2,E01010087,0,-1
2020430175965,2020,430175965,1,9,0,18,19,1,5,0,0,0,2,0,1,11,1,1,6,6,2,34,6,1560,2,9,PEUGEOT 3008,8,E01016339,0,-1
202063A020020,2020,63A020020,1,9,0,18,19,4,8,0,0,0,0,0,0,0,1,1,6,6,1,76,11,1560,2,3,PEUGEOT 3008,6,W01000630,0,-1
2020010267867,2020,010267867,2,9,0,3,3,3,7,0,0,8,0,0,0,0,2,1,1,1,1,45,7,1200,1,2,PEUGEOT 3008,4,E01004142,0,-1
2020200987097,2020,200987097,1,9,0,18,19,7,3,0,0,2,5,10,2,10,1,1,6,6,1,36,7,1200,1,0,PEUGEOT 3008,3,E01010427,0,-1
2020010268214,2020,010268214,1,9,0,9,9,5,3,5,5,1,0,0,0,0,3,1,3,7,1,36,7,1997,2,3,PEUGEOT 3008,3,E01004043,0,-1
2020320237244,2020,320237244,2,9,0,18,19,1,5,0,0,8,5,0,0,0,3,1,2,2,1,55,8,1500,2,0,PEUGEOT 3008,5,E01019904,0,-1
2020200996546,2020,200996546,1,9,0,18,19,8,4,0,0,2,0,0,0,0,1,1,6,6,2,47,8,1560,2,7,PEUGEOT 3008,1,E01009579,0,-1
2020010298471,2020,010298471,1,9,0,3,3,1,5,0,0,1,0,0,3,0,3,1,6,6,2,24,5,1500,2,0,PEUGEOT 3008,4,E01003573,0,-1
2020160944561,2020,160944561,2,9,0,4,4,6,1,0,0,0,0,0,0,0,2,1,6,6,2,36,7,1200,1,2,PEUGEOT 3008,7,E01012966,0,-1
2020622001111,2020,622001111,2,9,0,18,19,4,8,0,0,0,0,0,0,0,1,1,6,6,1,48,8,1997,12,7,PEUGEOT 3008,2,W01001024,0,-1
2020230929986,2020,230929986,1,9,0,16,19,8,3,0,0,0,1,0,0,0,3,1,2,2,2,63,9,1500,2,2,PEUGEOT 3008,10,E01032144,0,-1
2020040959961,2020,040959961,1,9,0,16,19,1,7,0,0,1,0,0,0,0,3,1,5,6,1,55,8,1500,2,1,PEUGEOT 3008,10,E01025478,0,-1
2020990940394,2020,990940394,1,9,0,18,19,6,2,0,0,0,0,0,0,0,3,1,2,2,1,50,8,1560,2,3,PEUGEOT 3008,2,-1,0,-1
2020440049678,2020,440049678,2,9,0,18,19,5,1,0,0,8,0,0,0,0,1,1,6,6,1,63,9,1560,2,7,PEUGEOT 3008,7,E01017256,0,-1
2020990965138,2020,990965138,1,9,0,18,19,8,4,0,0,0,0,0,0,0,1,1,6,6,2,57,9,1560,2,7,PEUGEOT 3008,1,-1,0,-1
2020010242081,2020,010242081,1,9,0,18,19,6,2,0,0,0,5,4,0,0,1,1,6,6,1,28,6,1200,1,1,PEUGEOT 3008,3,E01003548,0,-1
2020552100186,2020,552100186,1,9,0,18,19,4,8,0,0,0,0,0,0,0,1,1,6,6,3,-1,-1,1500,2,1,PEUGEOT 3008,-1,-1,0,-1
202063C073920,2020,63C073920,1,9,0,4,4,1,5,0,0,8,0,0,0,0,2,1,6,6,1,71,10,1560,2,7,PEUGEOT 3008,4,W01000590,0,-1
2020420922714,2020,420922714,1,9,0,9,9,5,3,0,0,8,0,0,0,0,1,1,6,6,2,33,6,1560,2,8,PEUGEOT 3008,9,E01021826,0,-1
2020010265960,2020,010265960,1,9,0,5,5,0,3,0,0,0,0,0,0,0,2,1,6,6,2,39,7,1560,2,8,PEUGEOT 3008,6,E01001408,0,-1
2020110963520,2020,110963520,2,9,0,7,7,5,1,0,0,0,0,0,0,0,2,1,6,6,1,33,6,1997,2,2,PEUGEOT 3008,8,E01020680,0,-1
2020370929159,2020,370929159,2,9,0,10,10,5,1,0,0,8,0,0,0,0,2,1,1,1,2,43,7,1200,1,2,PEUGEOT 3008,7,E01021407,0,-1
2020010262785,2020,010262785,1,9,0,99,99,9,9,99,99,9,9,99,9,99,9,9,6,6,3,-1,-1,1200,1,2,PEUGEOT 3008,10,E01002431,0,-1
2020350931353,2020,350931353,1,9,0,18,19,6,2,0,0,0,0,10,6,4,1,1,6,6,1,73,10,1560,2,10,PEUGEOT 3008,6,E01018271,0,-1
2020500980491,2020,500980491,1,9,0,9,9,4,2,0,0,6,0,0,0,0,3,1,5,6,1,57,9,1560,2,9,PEUGEOT 3008,8,E01031103,0,-1
2020010259982,2020,010259982,2,9,0,3,3,7,3,0,0,2,0,0,0,0,1,1,6,6,2,67,10,1200,1,3,PEUGEOT 3008,7,E01000693,0,-1
2020622000256,2020,622000256,1,9,0,9,9,3,1,0,0,1,0,0,0,0,1,1,6,6,1,69,10,1200,1,3,PEUGEOT 3008,10,W01001828,0,-1
2020520001708,2020,520001708,1,9,0,18,19,5,1,0,0,8,0,0,0,0,4,1,6,6,1,64,9,1500,2,1,PEUGEOT 3008,5,E01031908,0,-1
2020010247005,2020,010247005,2,9,0,9,9,2,1,0,0,0,0,0,0,0,3,1,6,6,1,38,7,1997,2,6,PEUGEOT 3008,7,E01024465,0,-1
2020990950241,2020,990950241,1,9,0,9,9,5,2,0,0,5,0,0,0,0,0,1,5,6,1,46,8,1997,2,5,PEUGEOT 3008,8,-1,0,-1
2020420939745,2020,420939745,1,9,0,18,19,3,7,0,0,0,0,7,0,0,1,1,5,6,1,87,11,1200,1,3,PEUGEOT 3008,7,E01015849,0,-1
2020052001836,2020,052001836,1,9,0,12,12,7,3,0,0,0,0,0,0,0,1,1,6,6,1,26,6,1200,1,2,PEUGEOT 3008,2,E01006727,0,-1
20201374N1438,2020,1374N1438,3,9,0,18,19,5,3,0,0,8,0,0,0,0,0,1,1,1,1,43,7,1500,2,2,PEUGEOT 3008,-1,-1,0,-1
2020430025470,2020,430025470,1,9,0,9,9,7,5,0,0,1,0,0,0,0,1,1,6,6,2,-1,-1,1560,2,6,PEUGEOT 3008,-1,-1,0,-1
2020360949106,2020,360949106,1,9,0,5,5,7,3,0,0,1,0,0,0,0,3,1,5,6,2,50,8,1560,2,9,PEUGEOT 3008,6,E01026469,0,-1
2020161008228,2020,161008228,3,9,0,3,3,3,7,0,0,0,0,0,0,0,2,1,6,6,2,-1,-1,1560,2,4,PEUGEOT 3008,-1,-1,0,-1
2020052002284,2020,052002284,1,9,0,9,9,1,7,0,0,2,0,0,0,0,3,1,6,6,2,62,9,1560,2,7,PEUGEOT 3008,2,E01006813,0,-1
2020052000767,2020,052000767,2,9,0,2,2,0,0,0,0,0,0,0,0,0,2,1,6,6,1,74,10,1560,2,5,PEUGEOT 3008,6,E01007226,0,-1
2020430292879,2020,430292879,2,9,0,16,19,5,1,0,0,0,0,0,1,4,1,1,6,6,2,35,6,1997,2,10,PEUGEOT 3008,-1,-1,0,-1
2020201009340,2020,201009340,1,9,0,7,7,3,5,0,0,6,0,0,0,0,3,1,3,7,2,41,7,1560,2,6,PEUGEOT 3008,9,E01009860,0,-1
2020010244491,2020,010244491,1,9,0,10,10,7,4,0,0,1,0,0,0,0,1,1,6,6,1,38,7,1200,1,0,PEUGEOT 3008,1,E01000528,0,-1
2020010264862,2020,010264862,2,9,0,7,7,6,8,0,0,2,0,0,0,0,1,1,6,6,1,35,6,1997,2,3,PEUGEOT 3008,7,E01003283,0,-1
2020010230297,2020,010230297,1,9,0,18,19,3,7,0,0,1,0,0,0,0,0,1,2,2,2,52,8,1200,1,3,PEUGEOT 3008,10,E01023567,0,-1
2020052002590,2020,052002590,1,9,0,18,19,3,7,0,0,0,0,0,0,0,1,1,2,2,1,58,9,1560,2,6,PEUGEOT 3008,2,E01006708,0,-1
2020320114990,2020,320114990,1,9,0,18,19,1,5,0,0,1,0,0,0,0,1,1,6,6,2,38,7,1560,2,10,PEUGEOT 3008,2,E01013291,0,-1
2020302000973,2020,302000973,2,9,0,3,3,8,3,0,0,1,0,0,0,0,2,1,2,2,1,54,8,1560,2,7,PEUGEOT 3008,2,E01019579,0,-1
2020100957919,2020,100957919,2,9,0,3,3,3,7,0,0,1,0,0,0,0,2,1,6,6,2,62,9,1560,2,10,PEUGEOT 3008,4,E01008578,0,-1
2020460936952,2020,460936952,3,9,0,4,4,5,1,0,0,0,0,0,0,0,2,1,6,6,1,39,7,1500,2,2,PEUGEOT 3008,10,E01021157,0,-1
2020421002593,2020,421002593,2,9,0,9,9,3,5,0,0,4,0,0,0,0,3,1,6,6,2,66,10,1200,1,2,PEUGEOT 3008,6,E01021855,0,-1
2020991009394,2020,991009394,2,9,0,18,19,3,7,0,0,8,0,0,0,0,3,1,6,6,2,26,6,1560,2,3,PEUGEOT 3008,-1,-1,0,-1
20201371V0975,2020,1371V0975,3,9,0,3,3,8,4,0,0,0,0,0,0,0,2,1,6,6,1,26,6,1560,2,8,PEUGEOT 3008,1,E01011842,0,-1
2020545964920,2020,545964920,1,9,0,18,19,7,3,0,0,4,0,0,0,0,1,1,6,6,1,46,8,1560,2,6,PEUGEOT 3008,2,E01032064,0,-1
2020101007619,2020,101007619,2,9,0,18,19,1,4,0,0,4,0,0,0,0,3,1,6,6,1,31,6,1560,2,3,PEUGEOT 3008,10,E01008475,0,-1
2020430122127,2020,430122127,2,9,0,18,19,7,3,0,0,2,0,0,0,0,2,1,6,6,2,48,8,1560,2,5,PEUGEOT 3008,10,E01028719,0,-1
2020430103625,2020,430103625,1,9,0,9,9,1,7,0,0,6,0,0,0,0,1,1,2,2,1,31,6,1560,2,5,PEUGEOT 3008,10,E01028616,0,-1
2020360974208,2020,360974208,3,9,0,4,4,3,7,0,0,0,0,0,0,0,2,1,6,6,1,47,8,1560,2,7,PEUGEOT 3008,3,E01026617,0,-1
2020990966562,2020,990966562,2,9,0,18,19,7,3,0,0,0,1,0,0,0,1,1,6,6,1,24,5,1500,2,1,PEUGEOT 3008,5,E01004307,0,-1
2020210943121,2020,210943121,1,9,0,18,19,3,7,0,0,0,0,0,0,0,3,1,6,6,1,77,11,1500,2,1,PEUGEOT 3008,10,E01029576,0,-1
2020440460551,2020,440460551,1,9,0,18,19,1,5,0,0,1,0,0,0,0,1,1,6,6,2,59,9,1997,2,10,PEUGEOT 3008,7,E01031534,0,-1
2020140968847,2020,140968847,1,9,0,18,19,8,4,0,0,3,0,0,3,0,4,1,5,6,2,40,7,1500,2,1,PEUGEOT 3008,3,E01007632,0,-1
2020010251510,2020,010251510,2,9,0,4,4,8,4,0,0,0,0,0,0,0,1,1,6,6,1,42,7,1997,2,1,PEUGEOT 3008,8,E01033027,0,-1
2020460942620,2020,460942620,4,9,0,2,2,0,0,0,0,0,0,0,0,0,3,1,6,6,1,-1,-1,1200,1,2,PEUGEOT 3008,9,E01016073,0,-1
2020522004528,2020,522004528,1,9,0,18,19,7,3,0,0,0,0,0,0,10,1,1,6,6,2,55,8,1598,1,2,PEUGEOT 3008,8,E01014854,0,-1
2020320029631,2020,320029631,2,9,0,17,19,5,1,0,0,0,0,0,0,0,3,1,6,6,1,71,10,1598,1,1,PEUGEOT 3008,9,E01026118,0,-1
2020340E08682,2020,340E08682,2,9,0,18,19,5,1,0,0,0,0,0,0,0,0,1,1,1,1,54,8,1560,2,3,PEUGEOT 3008,2,E01027349,0,-1
2020010253638,2020,010253638,1,9,0,18,19,7,3,0,0,2,0,4,0,0,1,1,6,6,1,52,8,1200,1,0,PEUGEOT 3008,1,E01001786,0,-1
2020200946452,2020,200946452,1,9,0,18,19,2,6,0,0,1,0,0,0,0,1,1,6,6,1,61,9,1598,1,9,PEUGEOT 3008,2,E01010533,0,-1
2020010257270,2020,010257270,1,9,0,3,3,7,3,0,0,1,0,0,0,0,2,1,6,6,1,37,7,1200,1,0,PEUGEOT 3008,4,E01001518,0,-1
2020460970283,2020,460970283,1,9,0,11,11,3,7,0,0,0,0,0,1,7,4,1,6,6,1,83,11,1560,2,7,PEUGEOT 3008,8,E01024024,0,-1
2020400993923,2020,400993923,2,9,0,18,19,6,2,0,0,8,0,0,0,0,3,1,2,2,1,53,8,1560,2,9,PEUGEOT 3008,9,E01017558,0,-1
2020200935054,2020,200935054,2,9,0,18,19,4,8,0,0,0,0,0,0,0,1,1,2,2,2,39,7,1560,2,9,PEUGEOT 3008,3,E01010496,0,-1
2020010284444,2020,010284444,1,9,0,7,7,2,3,0,0,6,0,0,0,0,1,1,6,6,2,24,5,1200,1,1,PEUGEOT 3008,2,E01000086,0,-1
20201379J0975,2020,1379J0975,2,9,0,3,3,5,1,0,0,0,0,0,0,0,2,1,6,6,1,45,7,1200,1,1,PEUGEOT 3008,7,E01010976,0,-1
2020010240900,2020,010240900,1,9,0,3,3,3,7,0,0,1,0,0,0,0,2,1,6,6,1,40,7,1997,12,6,PEUGEOT 3008,2,E01004319,0,-1
2020460982079,2020,460982079,2,9,0,4,4,7,3,0,0,0,0,0,0,0,2,1,6,6,1,47,8,1500,2,1,PEUGEOT 3008,7,E01024689,0,-1
2020351003110,2020,351003110,1,9,0,1,1,7,3,0,0,0,0,0,0,0,2,1,6,6,1,82,11,1600,8,0,PEUGEOT 3008,9,E01018296,0,-1
2020470920832,2020,470920832,1,9,0,18,19,7,3,0,0,0,0,0,0,0,0,1,5,6,1,18,4,1200,1,2,PEUGEOT 3008,3,E01031791,0,-1
2020052002241,2020,052002241,1,9,0,1,1,1,5,0,0,0,0,0,0,0,2,1,6,6,1,57,9,1560,2,10,PEUGEOT 3008,1,E01006981,0,-1
2020990984658,2020,990984658,1,9,0,5,5,3,7,0,0,0,0,0,0,0,3,1,6,6,1,70,10,1560,2,4,PEUGEOT 3008,2,-1,0,-1
2020350929080,2020,350929080,2,9,0,18,19,5,1,0,0,0,0,0,0,0,2,1,5,6,1,32,6,1560,2,9,PEUGEOT 3008,9,E01018153,0,-1
2020010271406,2020,010271406,1,9,0,18,19,5,1,0,0,0,0,0,0,0,1,1,6,6,1,37,7,1200,1,1,PEUGEOT 3008,3,E01003923,0,-1
2020010232300,2020,010232300,1,9,0,99,99,9,9,99,99,9,9,99,9,99,1,9,6,6,1,72,10,1200,1,2,PEUGEOT 3008,7,E01017915,0,-1
2020350970370,2020,350970370,2,9,0,9,9,3,7,0,0,8,5,0,0,0,3,1,2,2,2,50,8,1997,2,9,PEUGEOT 3008,2,E01018070,0,-1
2020420941433,2020,420941433,3,9,0,4,4,6,2,0,0,0,0,0,0,0,1,1,6,6,2,46,8,1200,1,3,PEUGEOT 3008,8,E01021349,0,-1
2020522100100,2020,522100100,1,9,0,3,3,2,6,0,0,8,0,0,0,0,2,1,1,1,1,43,7,1560,2,7,PEUGEOT 3008,7,E01014905,0,-1
2020420991569,2020,420991569,2,9,0,5,5,3,7,0,0,1,0,0,0,0,3,1,2,2,2,28,6,1560,2,8,PEUGEOT 3008,3,E01015884,0,-1
2020320508837,2020,320508837,2,9,0,18,19,1,5,0,0,0,0,0,0,0,0,1,6,6,1,55,8,1997,2,9,PEUGEOT 3008,8,E01026342,0,-1
2020010249282,2020,010249282,2,9,0,18,19,7,3,0,0,2,0,0,0,0,1,1,6,6,2,44,7,1560,2,9,PEUGEOT 3008,5,E01000468,0,-1
2020200947378,2020,200947378,2,9,0,18,19,4,8,0,0,2,0,0,0,0,1,1,3,7,2,31,6,1997,2,5,PEUGEOT 3008,2,E01009991,0,-1
2020420990670,2020,420990670,1,9,0,4,4,1,5,0,0,0,0,0,0,0,1,1,5,6,1,30,6,1200,1,1,PEUGEOT 3008,3,E01031569,0,-1
2020421011952,2020,421011952,2,9,0,4,4,7,3,0,0,0,0,0,0,0,2,1,6,6,2,32,6,1200,1,3,PEUGEOT 3008,3,E01021852,0,-1
2020010266207,2020,010266207,1,9,0,18,19,7,3,0,0,0,0,0,0,0,4,1,2,2,1,56,9,1500,2,0,PEUGEOT 3008,3,E01023346,0,-1
2020500922330,2020,500922330,1,9,0,9,9,7,3,0,0,6,0,0,0,0,1,1,6,6,2,29,6,1560,2,8,PEUGEOT 3008,3,E01015193,0,-1
2020990962149,2020,990962149,1,9,0,10,10,5,3,0,0,1,0,0,0,0,1,1,6,6,2,26,6,1200,1,2,PEUGEOT 3008,2,-1,0,-1
2020040946708,2020,040946708,2,9,0,18,19,1,1,0,0,1,1,0,0,0,0,1,5,6,1,33,6,1200,1,1,PEUGEOT 3008,1,E01012743,0,-1
2020522001623,2020,522001623,1,9,0,2,2,0,0,0,0,8,0,0,0,0,2,1,6,6,2,43,7,1598,1,7,PEUGEOT 3008,4,E01014623,0,-1
2020200925235,2020,200925235,1,9,0,18,19,4,8,0,0,0,0,2,0,0,1,1,1,1,1,57,9,1997,2,1,PEUGEOT 3008,3,E01016804,0,-1
2020450991474,2020,450991474,2,9,0,18,19,7,3,0,0,8,0,0,0,0,1,1,1,1,2,72,10,1560,2,7,PEUGEOT 3008,9,E01030823,0,-1
2020170S30110,2020,170S30110,2,9,0,18,19,7,3,0,0,1,0,0,0,0,1,1,6,6,2,39,7,1560,2,6,PEUGEOT 3008,10,E01033479,0,-1
2020990996721,2020,990996721,2,9,0,18,19,2,6,0,0,8,0,0,0,0,4,1,2,2,2,43,7,1200,1,2,PEUGEOT 3008,10,-1,0,-1
2020200980032,2020,200980032,2,9,0,2,2,0,0,0,0,0,0,0,0,0,3,1,6,6,2,-1,-1,1560,2,10,PEUGEOT 3008,2,E01009872,0,-1
2020460928962,2020,460928962,2,9,0,18,19,5,1,0,0,0,0,0,0,0,1,1,6,6,2,40,7,1560,2,10,PEUGEOT 3008,7,E01024430,0,-1
2020622000767,2020,622000767,1,9,0,18,19,4,8,0,0,1,0,0,0,0,1,1,6,6,1,55,8,1200,1,3,PEUGEOT 3008,5,W01000794,0,-1
2020420974274,2020,420974274,2,9,0,18,19,5,1,0,0,0,0,0,0,0,3,1,6,6,1,70,10,1560,2,9,PEUGEOT 3008,2,E01003633,0,-1
2020122000918,2020,122000918,1,9,0,18,19,3,1,0,0,0,0,0,1,2,4,1,6,6,1,58,9,1560,2,8,PEUGEOT 3008,7,E01027677,0,-1
2020137C71631,2020,137C71631,2,9,0,18,19,1,5,0,0,8,0,0,0,0,1,1,6,6,1,33,6,1560,2,7,PEUGEOT 3008,8,E01011118,0,-1
2020052002643,2020,052002643,2,9,0,18,19,3,7,0,0,2,0,0,0,0,2,1,6,6,1,44,7,1560,2,7,PEUGEOT 3008,1,E01005141,0,-1
2020320043533,2020,320043533,1,9,0,16,19,5,1,0,0,0,0,0,0,0,1,1,6,6,1,69,10,1560,2,7,PEUGEOT 3008,7,E01026412,0,-1
2020200928546,2020,200928546,1,9,0,5,5,6,2,0,0,0,0,0,0,0,1,1,6,6,1,70,10,1560,2,6,PEUGEOT 3008,2,E01010056,0,-1
202006A168973,2020,06A168973,1,9,0,18,19,5,1,0,0,8,0,4,0,0,1,1,6,6,1,43,7,1200,1,2,PEUGEOT 3008,1,E01005707,0,-1
2020302000060,2020,302000060,2,9,0,18,19,2,6,0,0,4,0,0,0,0,1,1,6,6,2,76,11,1560,2,7,PEUGEOT 3008,5,E01019451,0,-1
2020360979966,2020,360979966,1,9,0,4,4,2,6,0,0,0,0,0,0,0,1,1,5,6,1,35,6,1560,2,9,PEUGEOT 3008,8,E01018217,0,-1
2020010230021,2020,010230021,3,9,0,3,3,1,5,0,0,1,0,0,0,0,1,1,6,6,1,28,6,1560,2,9,PEUGEOT 3008,4,E01000722,0,-1
202006G267598,2020,06G267598,2,9,0,2,2,0,0,0,0,1,0,0,0,0,2,1,6,6,2,34,6,1560,2,2,PEUGEOT 3008,1,E01006027,0,-1
2020622000529,2020,622000529,2,9,0,2,2,0,0,0,0,1,0,0,0,0,2,1,6,6,3,-1,-1,1560,2,9,PEUGEOT 3008,-1,-1,0,-1
2020201003430,2020,201003430,1,9,0,3,3,8,4,0,0,1,0,0,0,0,2,1,6,6,1,39,7,1997,2,7,PEUGEOT 3008,4,E01010510,0,-1
2020420930323,2020,420930323,2,9,0,9,9,3,7,0,0,5,0,0,0,0,3,1,6,6,1,31,6,1560,2,2,PEUGEOT 3008,2,E01015900,0,-1
2020010247231,2020,010247231,1,9,0,99,99,9,9,99,99,9,9,99,9,99,9,9,6,6,2,53,8,1200,1,1,PEUGEOT 3008,2,E01001441,0,-1
2020520002373,2020,520002373,1,9,0,18,19,4,8,0,0,8,0,0,0,0,1,1,6,6,1,45,7,1500,2,1,PEUGEOT 3008,7,E01029250,0,-1
2020010270085,2020,010270085,1,9,0,18,19,3,7,0,0,8,0,0,0,0,1,1,6,6,2,30,6,1500,2,0,PEUGEOT 3008,2,E01000025,0,-1
2020460938924,2020,460938924,1,9,0,5,5,5,3,0,0,0,0,0,0,0,1,1,6,6,2,40,7,1560,2,6,PEUGEOT 3008,2,E01024500,0,-1
2020200985227,2020,200985227,1,9,0,9,9,8,6,0,0,6,0,0,0,0,1,1,5,6,2,50,8,1560,2,3,PEUGEOT 3008,6,E01009869,0,-1
2020500961406,2020,500961406,1,9,0,18,19,1,5,6,6,0,0,0,0,0,1,1,5,6,1,78,11,1560,2,10,PEUGEOT 3008,8,E01020009,0,-1
2020122001125,2020,122001125,1,9,0,18,19,5,1,0,0,0,0,12,0,0,1,1,6,6,1,34,6,1560,2,4,PEUGEOT 3008,8,E01027875,0,-1
2020040932251,2020,040932251,1,9,0,9,9,1,5,0,0,8,0,0,0,0,1,1,5,6,1,88,11,1560,2,8,PEUGEOT 3008,10,E01025259,0,-1
2020200981812,2020,200981812,1,9,0,13,13,8,4,0,0,0,0,0,0,0,1,1,1,1,1,57,9,1200,1,0,PEUGEOT 3008,8,E01031152,0,-1
2020370959898,2020,370959898,2,9,0,18,19,8,4,0,0,2,0,0,0,0,1,1,5,6,2,63,9,1997,12,8,PEUGEOT 3008,8,E01030065,0,-1
2020552000403,2020,552000403,1,9,0,18,19,2,6,0,0,1,0,0,0,0,1,1,6,6,1,74,10,1560,2,4,PEUGEOT 3008,9,E01020162,0,-1
2020410997978,2020,410997978,1,9,0,9,9,7,1,0,0,2,0,0,0,0,3,1,5,6,2,75,10,1560,2,8,PEUGEOT 3008,9,E01023465,0,-1
2020110920142,2020,110920142,1,9,0,4,4,5,5,0,0,1,0,0,0,0,1,1,5,6,2,38,7,1200,1,1,PEUGEOT 3008,3,E01020811,0,-1
2020041000549,2020,041000549,1,9,0,18,19,7,3,0,0,1,0,0,0,0,1,1,5,6,2,25,5,1200,1,3,PEUGEOT 3008,3,E01025282,0,-1
202006E378196,2020,06E378196,2,9,0,18,19,3,7,0,0,8,0,0,0,0,4,1,6,6,2,33,6,1560,2,9,PEUGEOT 3008,3,E01005310,0,-1
2020010236174,2020,010236174,2,9,0,99,99,9,9,0,0,0,0,0,9,0,2,9,-1,-1,3,-1,-1,1560,2,10,PEUGEOT 3008,-1,-1,0,-1
2020010273136,2020,010273136,1,9,0,7,7,2,4,0,0,1,0,0,0,0,4,1,6,6,1,22,5,1500,2,0,PEUGEOT 3008,3,E01002502,0,-1
2020440196622,2020,440196622,1,9,0,15,15,1,0,0,0,0,0,0,0,0,4,1,6,6,2,35,6,1200,1,5,PEUGEOT 3008,10,E01023045,0,-1
2020990938084,2020,990938084,1,9,0,7,7,7,2,0,0,1,0,0,0,0,1,1,6,6,2,60,9,1560,2,5,PEUGEOT 3008,-1,-1,0,-1
2020500961399,2020,500961399,1,9,0,5,5,7,3,0,0,2,0,0,0,0,4,1,2,2,1,38,7,1598,1,8,PEUGEOT 3008,6,E01019014,0,-1
2020430003817,2020,430003817,2,9,0,7,7,6,8,0,0,6,0,0,0,0,4,1,1,1,1,35,6,1500,2,1,PEUGEOT 3008,3,E01029408,0,-1