collision_index,collision_year,collision_ref_no,vehicle_reference,vehicle_type,towing_and_articulation,vehicle_manoeuvre_historic,vehicle_manoeuvre,vehicle_direction_from,vehicle_direction_to,vehicle_location_restricted_lane_historic,vehicle_location_restricted_lane,junction_location,skidding_and_overturning,hit_object_in_carriageway,vehicle_leaving_carriageway,hit_object_off_carriageway,first_point_of_impact,vehicle_left_hand_drive,journey_purpose_of_driver_historic,journey_purpose_of_driver,sex_of_driver,age_of_driver,age_band_of_driver,engine_capacity_cc,propulsion_code,age_of_vehicle,generic_make_model,driver_imd_decile,lsoa_of_driver,escooter_flag,driver_distance_banding
2020137911916,2020,137911916,2,9,0,18,19,7,3,0,0,0,0,0,0,0,1,1,6,6,1,23,5,1248,1,7,HYUNDAI I20,10,E01010906,0,-1
2020530930595,2020,530930595,1,9,0,7,7,7,1,9,9,2,0,0,0,0,1,1,5,6,1,18,4,1248,1,2,HYUNDAI I20,9,E01022436,0,-1
202031B176820,2020,31B176820,2,9,0,18,19,1,5,0,0,8,0,0,0,0,2,1,6,6,2,22,5,1248,1,6,HYUNDAI I20,1,E01028320,0,-1
2020200995043,2020,200995043,2,9,0,18,19,6,2,0,0,0,1,7,4,0,1,1,6,6,1,28,6,1368,1,4,HYUNDAI I20,5,E01009185,0,-1
2020052001364,2020,052001364,2,9,0,18,19,7,3,0,0,8,0,0,0,0,1,1,6,6,2,31,6,1248,1,7,HYUNDAI I20,3,E01007156,0,-1
2020990982619,2020,990982619,1,9,0,9,9,4,3,0,0,6,0,0,1,10,1,1,6,6,1,50,8,1248,1,5,HYUNDAI I20,8,-1,0,-1
2020440227867,2020,440227867,2,9,0,17,19,6,2,0,0,8,0,0,0,0,3,1,6,6,1,44,7,1396,2,11,HYUNDAI I20,2,E01017216,0,-1
2020500946571,2020,500946571,1,9,0,7,7,3,7,0,0,0,0,0,0,0,0,1,2,2,1,64,9,1248,1,5,HYUNDAI I20,2,E01020113,0,-1
2020140920091,2020,140920091,1,9,0,3,3,1,5,0,0,0,0,0,0,0,3,1,5,6,2,29,6,1248,1,6,HYUNDAI I20,2,E01007967,0,-1
2020010250531,2020,010250531,2,9,0,99,99,9,9,99,99,9,9,99,9,99,1,9,6,6,3,-1,-1,1396,1,9,HYUNDAI I20,-1,-1,0,-1
2020010277515,2020,010277515,2,9,0,9,9,7,5,0,0,8,0,0,0,0,1,1,2,2,2,23,5,998,1,3,HYUNDAI I20,10,E01000325,0,-1
2020370992180,2020,370992180,1,9,0,18,19,7,3,0,0,8,0,0,0,0,1,1,1,1,2,58,9,1248,1,6,HYUNDAI I20,10,E01030011,0,-1
2020122000372,2020,122000372,1,9,0,18,19,5,8,0,0,0,0,0,7,0,1,1,6,6,2,47,8,1396,2,10,HYUNDAI I20,1,E01010700,0,-1
2020200965318,2020,200965318,1,9,0,9,9,2,8,0,0,8,0,0,0,0,1,1,2,2,1,38,7,1248,1,9,HYUNDAI I20,4,E01029000,0,-1
20201373M0505,2020,1373M0505,2,9,0,10,10,7,3,0,0,1,0,0,0,0,3,1,6,6,2,25,5,1248,1,3,HYUNDAI I20,9,E01011584,0,-1
2020460975504,2020,460975504,2,9,0,2,2,0,0,0,0,0,0,0,0,0,1,1,5,6,2,52,8,1248,1,3,HYUNDAI I20,1,E01024498,0,-1
2020421004154,2020,421004154,3,9,0,17,19,3,7,0,0,0,0,0,0,0,2,1,6,6,1,71,10,1248,1,4,HYUNDAI I20,3,E01033051,0,-1
2020610007820,2020,610007820,1,9,0,18,19,3,7,0,0,0,0,0,1,4,2,1,1,1,1,-1,-1,1396,2,8,HYUNDAI I20,7,W01001507,0,-1
202063DF01220,2020,63DF01220,4,9,0,2,2,0,0,0,0,0,0,0,0,0,2,1,6,6,1,25,5,1248,1,7,HYUNDAI I20,7,E01014070,0,-1
2020430069686,2020,430069686,2,9,0,2,2,0,0,0,0,0,0,0,0,0,2,1,2,2,1,-1,-1,1396,1,10,HYUNDAI I20,-1,-1,0,-1
2020111001069,2020,111001069,2,9,0,3,3,4,8,0,0,0,0,0,0,0,2,1,6,6,1,51,8,1248,1,8,HYUNDAI I20,5,E01020848,0,-1
2020501016145,2020,501016145,2,9,0,5,5,5,1,0,0,4,0,0,0,0,1,1,2,2,2,33,6,1248,1,6,HYUNDAI I20,8,E01020054,0,-1
2020430259341,2020,430259341,1,9,0,18,19,3,7,0,0,0,0,0,0,0,1,1,6,6,1,31,6,1248,1,11,HYUNDAI I20,10,E01028622,0,-1
2020070117327,2020,070117327,2,9,0,18,19,4,8,0,0,8,0,0,0,0,4,1,1,1,2,37,7,1248,1,4,HYUNDAI I20,1,E01018310,0,-1
2020010240562,2020,010240562,2,9,0,99,99,9,9,99,99,9,9,99,9,99,1,9,6,6,1,40,7,1248,1,7,HYUNDAI I20,1,E01004244,0,-1
2020030928863,2020,030928863,1,9,0,1,1,5,1,0,0,2,0,0,0,0,2,1,6,6,2,68,10,1396,1,8,HYUNDAI I20,1,E01019111,0,-1
202063A056920,2020,63A056920,1,9,0,9,9,8,6,0,0,6,0,0,0,0,0,1,6,6,2,56,9,1248,1,8,HYUNDAI I20,9,E01018415,0,-1
2020370967758,2020,370967758,1,9,0,18,19,1,5,0,0,8,0,0,0,0,1,1,6,6,2,52,8,1248,1,11,HYUNDAI I20,6,E01030081,0,-1
2020137BI0756,2020,137BI0756,2,9,0,18,19,5,1,0,0,0,0,0,0,0,1,1,6,6,2,38,7,1396,1,7,HYUNDAI I20,3,E01011125,0,-1
2020990938374,2020,990938374,2,9,0,18,19,3,7,0,0,1,0,0,7,0,1,1,6,6,2,72,10,1248,1,10,HYUNDAI I20,5,-1,0,-1
202063C009920,2020,63C009920,1,9,0,9,9,8,7,0,0,5,0,0,0,0,4,1,6,6,2,18,4,1248,1,9,HYUNDAI I20,4,W01000603,0,-1
2020010237437,2020,010237437,2,9,0,18,19,7,3,0,0,8,0,0,0,0,1,1,6,6,1,34,6,1248,1,11,HYUNDAI I20,6,E01004181,0,-1
2020052002122,2020,052002122,1,9,0,7,7,7,1,0,0,8,0,0,0,0,3,1,6,6,1,71,10,1396,1,10,HYUNDAI I20,5,E01007243,0,-1
2020220985774,2020,220985774,2,9,0,18,19,4,8,0,0,8,2,0,0,0,4,1,5,6,2,38,7,1248,1,7,HYUNDAI I20,8,E01014061,0,-1
2020210986021,2020,210986021,1,9,0,18,19,2,6,0,0,1,0,0,7,1,1,1,6,6,1,42,7,1248,1,9,HYUNDAI I20,7,E01014297,0,-1
2020010279584,2020,010279584,1,9,0,9,9,1,7,0,0,1,0,0,0,0,1,1,2,2,1,39,7,998,1,1,HYUNDAI I20,10,E01030958,0,-1
2020220993459,2020,220993459,2,9,0,16,19,8,3,0,0,0,1,0,7,0,3,1,5,6,1,70,10,1248,1,8,HYUNDAI I20,5,E01028898,0,-1
2020990951413,2020,990951413,2,9,0,18,19,7,3,0,0,0,1,0,1,0,2,1,6,6,1,50,8,1248,1,5,HYUNDAI I20,3,-1,0,-1
2020470996038,2020,470996038,1,9,0,18,19,3,7,0,0,0,1,11,1,9,1,1,5,6,1,32,6,1396,2,9,HYUNDAI I20,6,E01031520,0,-1
2020122000599,2020,122000599,1,9,0,9,9,8,6,0,0,8,0,0,0,0,1,1,6,6,2,73,10,1248,1,7,HYUNDAI I20,8,E01013417,0,-1
2020421007986,2020,421007986,1,9,0,5,5,1,3,0,0,1,0,0,0,0,3,1,5,6,2,84,11,1396,1,9,HYUNDAI I20,9,E01021727,0,-1
2020040981560,2020,040981560,2,9,0,18,19,1,5,0,0,0,0,0,0,0,1,1,3,7,2,25,5,1248,1,7,HYUNDAI I20,2,E01024890,0,-1
2020622000876,2020,622000876,2,9,0,2,2,0,0,0,0,0,0,0,0,0,2,1,6,6,3,-1,-1,1248,1,3,HYUNDAI I20,-1,-1,0,-1
2020040935899,2020,040935899,1,9,0,12,12,3,7,0,0,0,1,0,0,0,1,1,5,6,1,24,5,1248,1,9,HYUNDAI I20,7,E01025081,0,-1
2020160969098,2020,160969098,1,9,0,18,19,7,3,0,0,0,0,4,0,0,1,1,5,6,1,88,11,1396,1,10,HYUNDAI I20,6,E01013027,0,-1
2020420948004,2020,420948004,1,9,0,9,9,1,3,0,0,0,0,0,0,0,1,1,6,6,2,70,10,1396,1,10,HYUNDAI I20,5,E01021493,0,-1
2020170S10140,2020,170S10140,1,9,0,18,19,1,5,0,0,0,0,0,0,0,1,1,6,6,1,57,9,1248,1,6,HYUNDAI I20,3,E01012194,0,-1
2020210970812,2020,210970812,1,9,0,18,19,8,4,0,0,0,0,0,0,0,1,1,6,6,1,84,11,1368,1,5,HYUNDAI I20,10,E01029776,0,-1
2020070027596,2020,070027596,1,9,0,18,19,4,8,0,0,0,0,0,0,0,1,1,6,6,2,21,5,1248,1,2,HYUNDAI I20,4,E01018744,0,-1
2020200952602,2020,200952602,1,9,0,7,7,1,4,0,0,3,0,0,0,0,1,1,6,6,1,51,8,1396,1,10,HYUNDAI I20,3,E01009604,0,-1
2020990955665,2020,990955665,1,9,0,16,19,5,8,0,0,4,0,0,0,0,3,1,2,2,1,34,6,1248,1,7,HYUNDAI I20,4,-1,0,-1
2020420976699,2020,420976699,3,9,0,18,19,7,3,0,0,0,0,0,0,0,1,1,5,6,2,26,6,1248,1,2,HYUNDAI I20,5,E01021575,0,-1
2020201000257,2020,201000257,2,9,0,18,19,5,1,0,0,8,0,0,0,0,1,1,6,6,2,54,8,1368,1,5,HYUNDAI I20,9,E01029862,0,-1
2020990993768,2020,990993768,2,9,0,7,7,6,7,0,0,1,0,0,0,0,4,1,2,2,2,37,7,1248,1,3,HYUNDAI I20,4,-1,0,-1
2020990980094,2020,990980094,1,9,0,9,9,3,1,0,0,8,0,0,3,0,4,1,6,6,1,22,5,1248,1,5,HYUNDAI I20,2,-1,0,-1
2020052000655,2020,052000655,2,9,0,9,9,3,1,0,0,1,0,0,0,0,2,1,6,6,2,55,8,1248,1,4,HYUNDAI I20,8,E01007110,0,-1
202006G171232,2020,06G171232,1,9,0,1,1,3,7,0,0,0,0,0,0,0,2,1,6,6,1,61,9,1368,1,4,HYUNDAI I20,7,E01005939,0,-1
2020990989631,2020,990989631,1,9,0,9,9,7,5,0,0,8,0,0,0,0,4,1,1,1,1,43,7,1248,1,10,HYUNDAI I20,-1,-1,0,-1
2020471006342,2020,471006342,2,9,0,18,19,7,3,0,0,0,0,0,0,0,2,1,6,6,2,22,5,1396,2,9,HYUNDAI I20,6,E01030426,0,-1
2020137A31396,2020,137A31396,2,9,0,5,5,3,7,0,0,0,0,0,0,0,3,1,6,6,2,23,5,1248,1,11,HYUNDAI I20,1,E01010755,0,-1
2020440469985,2020,440469985,3,9,0,3,3,4,8,0,0,0,0,0,0,0,2,1,6,6,2,51,8,1248,1,1,HYUNDAI I20,10,E01022763,0,-1
2020230927580,2020,230927580,1,9,0,18,19,2,6,0,0,1,0,0,0,0,1,1,5,6,2,46,8,1248,1,9,HYUNDAI I20,3,E01031321,0,-1
2020220960136,2020,220960136,1,9,0,18,19,2,6,0,0,8,0,0,0,0,1,1,5,6,2,62,9,1396,1,8,HYUNDAI I20,8,E01032197,0,-1
2020450939026,2020,450939026,2,9,0,18,19,3,7,0,0,0,0,0,0,0,1,1,5,6,2,56,9,1248,1,8,HYUNDAI I20,8,E01030549,0,-1
202006K376777,2020,06K376777,1,9,0,9,9,6,4,0,0,8,0,0,0,0,1,1,6,6,2,67,10,1368,1,3,HYUNDAI I20,3,E01004916,0,-1
2020460997477,2020,460997477,3,9,0,18,19,2,6,0,0,1,0,0,0,0,1,1,6,6,2,43,7,1248,1,9,HYUNDAI I20,5,E01023992,0,-1
2020500992235,2020,500992235,2,9,0,4,4,2,6,0,0,0,0,0,0,0,2,1,6,6,1,41,7,1248,1,6,HYUNDAI I20,5,E01018833,0,-1
2020470984740,2020,470984740,2,9,0,18,19,7,3,0,0,1,0,0,0,0,4,1,5,6,1,53,8,1248,1,11,HYUNDAI I20,2,E01031456,0,-1
2020622100085,2020,622100085,1,9,0,18,19,5,1,0,0,2,0,4,0,0,1,1,6,6,2,32,6,1248,1,7,HYUNDAI I20,4,W01001365,0,-1
2020501017533,2020,501017533,2,9,0,4,4,1,5,0,0,0,1,0,0,0,1,1,5,6,1,23,5,1396,2,5,HYUNDAI I20,8,E01019962,0,-1
2020460928930,2020,460928930,1,9,0,9,9,4,2,0,0,1,0,0,0,0,1,1,6,6,2,31,6,1248,1,6,HYUNDAI I20,6,E01024021,0,-1
2020040937489,2020,040937489,2,9,0,3,3,1,5,0,0,0,0,0,0,0,2,1,2,2,2,25,5,1248,1,5,HYUNDAI I20,5,E01025543,0,-1
2020460921580,2020,460921580,2,9,0,4,4,2,6,0,0,3,0,0,0,0,3,1,6,6,2,32,6,1248,1,5,HYUNDAI I20,6,E01001599,0,-1
2020041006429,2020,041006429,1,9,0,18,19,5,1,0,0,0,0,0,0,0,3,1,4,7,2,49,8,1248,1,11,HYUNDAI I20,8,E01025056,0,-1
202063A045220,2020,63A045220,2,9,0,9,9,7,5,0,0,5,0,0,0,0,3,1,6,6,1,22,5,1396,1,11,HYUNDAI I20,-1,-1,0,-1
2020040914640,2020,040914640,1,9,0,18,19,1,5,0,0,1,0,0,0,0,3,1,5,6,1,53,8,1248,1,4,HYUNDAI I20,3,E01012662,0,-1
2020010235400,2020,010235400,1,9,0,9,9,7,8,0,0,2,0,0,0,0,1,1,6,6,1,52,8,1396,1,10,HYUNDAI I20,-1,-1,0,-1
2020340D08702,2020,340D08702,1,9,0,9,9,5,3,0,0,5,0,0,0,0,1,1,2,2,2,28,6,1248,1,0,HYUNDAI I20,5,E01027017,0,-1
2020010284302,2020,010284302,4,9,0,18,19,1,5,0,0,0,0,4,0,0,1,1,6,6,1,36,7,1248,1,7,HYUNDAI I20,3,E01003532,0,-1
202054A745620,2020,54A745620,1,9,0,1,1,2,6,0,0,2,0,0,0,0,1,1,6,6,2,30,6,1248,1,5,HYUNDAI I20,5,E01031908,0,-1
2020411003578,2020,411003578,1,9,0,17,19,6,8,0,0,3,0,0,0,0,1,1,5,6,1,40,7,998,1,4,HYUNDAI I20,10,E01023743,0,-1
2020990920242,2020,990920242,2,9,0,18,19,7,2,0,0,1,0,0,0,0,2,2,5,6,2,18,4,1248,1,12,HYUNDAI I20,5,-1,0,-1
2020500987272,2020,500987272,2,9,0,10,10,8,6,0,0,1,0,0,1,0,2,1,2,2,2,26,6,1248,1,3,HYUNDAI I20,2,E01019055,0,-1
2020432003118,2020,432003118,3,9,0,18,19,2,6,0,0,0,0,0,0,0,3,1,6,6,1,43,7,1368,1,2,HYUNDAI I20,4,E01016710,0,-1
2020137270655,2020,137270655,2,9,0,1,1,6,2,0,0,0,0,0,0,0,1,1,6,6,2,35,6,1248,1,5,HYUNDAI I20,1,E01010843,0,-1
2020420988903,2020,420988903,1,9,0,9,9,4,2,0,0,1,0,0,0,0,0,1,6,6,3,-1,-1,1248,1,9,HYUNDAI I20,-1,-1,0,-1
2020200995772,2020,200995772,1,9,0,18,19,8,4,0,0,0,0,8,0,0,4,1,6,6,2,71,10,1396,1,11,HYUNDAI I20,2,E01008886,0,-1
2020990936825,2020,990936825,1,9,0,5,5,2,6,0,0,8,0,0,0,0,2,1,5,6,1,50,8,1248,1,3,HYUNDAI I20,10,-1,0,-1
2020302000122,2020,302000122,1,9,0,18,19,6,2,0,0,0,0,0,0,0,2,1,6,6,2,26,6,1248,1,6,HYUNDAI I20,5,E01013542,0,-1
2020440365366,2020,440365366,1,9,0,9,9,7,5,0,0,8,0,0,0,0,1,1,6,6,1,34,6,1248,1,6,HYUNDAI I20,5,E01017023,0,-1
202006P268268,2020,06P268268,2,9,0,3,3,1,5,0,0,1,0,0,0,0,2,1,6,6,2,22,5,1248,1,3,HYUNDAI I20,1,E01005586,0,-1
2020070072911,2020,070072911,1,9,0,1,1,1,5,0,0,1,0,11,3,10,2,1,6,6,2,89,11,1396,1,10,HYUNDAI I20,8,E01018559,0,-1
2020421002331,2020,421002331,1,9,0,18,19,1,5,0,0,0,0,0,0,0,1,1,5,6,2,32,6,1248,1,10,HYUNDAI I20,2,E01021268,0,-1
2020052000995,2020,052000995,3,9,0,2,2,0,0,0,0,1,0,0,0,0,2,1,6,6,3,-1,-1,1248,1,9,HYUNDAI I20,-1,-1,0,-1
2020552001129,2020,552001129,2,9,0,4,4,7,3,0,0,0,0,0,0,0,2,1,6,6,1,45,7,1248,1,9,HYUNDAI I20,5,E01032660,0,-1
2020440292182,2020,440292182,2,9,0,13,13,5,3,0,0,8,0,0,0,0,4,1,2,2,2,51,8,1248,1,8,HYUNDAI I20,3,E01017107,0,-1
2020161008191,2020,161008191,1,9,0,18,19,7,3,0,0,0,1,4,0,0,1,1,6,6,1,26,6,1248,1,4,HYUNDAI I20,7,E01013153,0,-1
2020052001648,2020,052001648,1,9,0,12,12,3,7,0,0,0,0,0,0,0,3,1,1,1,2,52,8,1120,2,6,HYUNDAI I20,1,E01006863,0,-1
2020450950650,2020,450950650,3,9,0,18,19,6,2,0,0,1,0,0,0,0,0,1,6,6,3,27,6,1248,1,10,HYUNDAI I20,-1,-1,0,-1
2020052000461,2020,052000461,2,9,0,1,1,3,7,0,0,0,0,0,0,0,2,1,6,6,1,27,6,1396,2,11,HYUNDAI I20,1,E01006760,0,-1
2020440022017,2020,440022017,3,9,0,3,3,2,6,0,0,2,0,0,0,0,2,1,1,1,1,57,9,1248,1,4,HYUNDAI I20,2,E01017265,0,-1
2020547345320,2020,547345320,1,9,0,18,19,3,7,0,0,8,0,0,0,0,1,1,6,6,1,87,11,1248,1,6,HYUNDAI I20,5,E01014886,0,-1
2020040946415,2020,040946415,1,9,0,9,9,3,7,0,0,0,1,11,0,0,3,1,5,6,2,43,7,1248,1,9,HYUNDAI I20,6,E01025367,0,-1
2020040980719,2020,040980719,3,9,0,4,4,5,1,0,0,0,0,0,0,0,3,1,5,6,2,62,9,1248,1,2,HYUNDAI I20,5,E01025572,0,-1
2020470953393,2020,470953393,6,9,0,18,19,3,6,0,0,0,0,0,0,0,3,1,5,6,2,31,6,1248,1,10,HYUNDAI I20,7,E01031539,0,-1
2020340W06932,2020,340W06932,2,9,0,17,19,6,4,0,0,8,1,0,1,2,4,1,1,1,2,36,7,1248,1,7,HYUNDAI I20,3,E01027041,0,-1
2020010240428,2020,010240428,1,9,0,7,7,1,4,0,0,5,0,0,0,0,0,1,2,2,2,30,6,1248,1,5,HYUNDAI I20,2,E01004570,0,-1
2020440422481,2020,440422481,1,9,0,4,4,7,7,0,0,8,0,0,0,0,2,1,2,2,1,64,9,1248,1,4,HYUNDAI I20,6,E01022614,0,-1
2020990997098,2020,990997098,2,9,0,4,4,2,5,0,0,1,1,0,0,0,1,1,1,1,1,36,7,1396,1,10,HYUNDAI I20,2,-1,0,-1
2020320496303,2020,320496303,1,9,0,9,9,1,3,0,0,1,5,0,0,0,1,1,6,6,2,84,11,1368,1,3,HYUNDAI I20,7,E01026185,0,-1
2020450938594,2020,450938594,1,9,0,18,19,1,5,0,0,0,0,0,0,0,1,1,5,6,1,27,6,1248,1,2,HYUNDAI I20,7,E01023116,0,-1
2020451001989,2020,451001989,2,9,0,18,19,1,7,0,0,0,0,0,0,0,1,1,6,6,2,24,5,1396,1,11,HYUNDAI I20,9,E01022922,0,-1
2020052001772,2020,052001772,1,9,0,18,19,5,1,0,0,4,0,0,0,0,1,1,6,6,2,25,5,1248,1,7,HYUNDAI I20,5,E01006527,0,-1
2020052001353,2020,052001353,1,9,0,6,6,1,1,0,0,0,0,0,0,0,3,1,1,1,2,60,9,1248,1,11,HYUNDAI I20,1,E01006478,0,-1
2020110959159,2020,110959159,1,9,0,18,19,7,3,0,0,4,0,7,0,0,1,1,2,2,1,51,8,1248,1,5,HYUNDAI I20,2,E01020648,0,-1
2020200929375,2020,200929375,1,9,0,9,9,6,7,0,0,6,0,0,0,0,3,1,2,2,1,46,8,998,1,4,HYUNDAI I20,1,E01009092,0,-1
2020101004535,2020,101004535,2,9,0,2,2,0,0,0,0,0,0,0,0,0,1,1,6,6,3,-1,-1,1248,1,3,HYUNDAI I20,-1,-1,0,-1
2020440154518,2020,440154518,1,9,0,7,7,3,1,0,0,1,0,0,0,0,1,1,6,6,1,-1,-1,1248,1,1,HYUNDAI I20,-1,-1,0,-1
2020230996368,2020,230996368,1,9,0,18,19,3,6,0,0,0,0,0,0,0,3,1,6,6,1,74,10,1248,1,11,HYUNDAI I20,6,E01031271,0,-1
2020990918166,2020,990918166,2,9,0,18,19,1,6,0,0,2,0,0,0,0,3,1,6,6,2,37,7,1248,1,9,HYUNDAI I20,6,-1,0,-1
2020450938104,2020,450938104,1,9,0,9,9,5,3,0,0,5,0,0,0,0,1,1,5,6,1,74,10,1248,1,7,HYUNDAI I20,10,E01030989,0,-1
2020530923148,2020,530923148,2,9,0,18,19,5,1,0,0,8,0,0,0,0,1,1,2,2,2,32,6,1396,1,10,HYUNDAI I20,9,E01022259,0,-1
2020400933412,2020,400933412,1,9,0,10,10,1,5,0,0,6,0,0,0,0,1,1,6,6,2,46,8,1396,2,8,HYUNDAI I20,2,E01015727,0,-1
2020201022180,2020,201022180,2,9,0,10,10,5,3,0,0,1,0,0,0,0,2,1,6,6,1,26,6,1396,1,10,HYUNDAI I20,8,E01029633,0,-1
2020160965614,2020,160965614,2,9,0,9,9,5,2,0,0,6,0,0,0,0,3,1,6,6,2,82,11,1248,1,8,HYUNDAI I20,10,E01013171,0,-1
2020122001242,2020,122001242,2,9,0,18,19,1,5,0,0,0,1,0,1,11,3,1,6,6,2,51,8,1248,1,5,HYUNDAI I20,9,E01010769,0,-1
202006N267742,2020,06N267742,1,9,0,9,9,1,8,0,0,6,0,0,0,0,3,1,6,6,1,79,11,1248,1,3,HYUNDAI I20,-1,-1,0,-1
2020990958728,2020,990958728,2,9,0,3,3,7,3,0,0,1,0,0,0,0,2,1,6,6,2,19,4,1248,1,5,HYUNDAI I20,9,-1,0,-1
2020990925506,2020,990925506,1,9,0,18,19,7,2,0,0,1,0,0,0,0,1,1,3,7,2,44,7,1248,1,7,HYUNDAI I20,7,-1,0,-1
2020340D80072,2020,340D80072,2,9,0,18,19,5,1,0,0,0,0,0,0,0,1,1,2,2,1,51,8,1248,1,3,HYUNDAI I20,8,E01011930,0,-1
2020622100048,2020,622100048,2,9,0,18,19,3,6,0,0,8,0,0,0,0,1,1,1,1,2,30,6,1248,1,6,HYUNDAI I20,8,W01001914,0,-1
2020200994415,2020,200994415,1,9,-1,-1,-1,-1,-1,-1,-1,-1,-1,-1,-1,0,-1,1,6,6,1,51,8,1396,1,11,HYUNDAI I20,3,E01009315,0,-1
202054A967320,2020,54A967320,1,9,0,18,19,5,1,0,0,0,0,0,0,0,3,1,6,6,1,29,6,1368,1,5,HYUNDAI I20,9,E01031968,0,-1
2020302000473,2020,302000473,1,9,0,18,19,2,4,0,0,1,2,11,2,11,1,1,6,6,1,88,11,1368,1,4,HYUNDAI I20,7,E01019769,0,-1
2020430068057,2020,430068057,1,9,0,18,19,5,1,0,0,1,0,0,0,0,1,1,2,2,2,33,6,1396,1,9,HYUNDAI I20,9,E01016247,0,-1
2020420988682,2020,420988682,2,9,0,17,19,6,3,0,0,1,0,0,0,0,1,1,6,6,1,79,11,1248,1,4,HYUNDAI I20,10,E01021693,0,-1
2020440286092,2020,440286092,2,9,0,18,19,2,6,0,0,0,0,0,0,0,2,1,6,6,2,27,6,1248,1,6,HYUNDAI I20,5,E01017126,0,-1
2020010264257,2020,010264257,1,9,0,99,99,9,9,99,99,9,9,99,9,99,1,9,6,6,1,29,6,998,1,2,HYUNDAI I20,2,E01002029,0,-1
2020140971985,2020,140971985,1,9,0,15,15,5,1,0,0,0,0,0,0,0,4,1,5,6,1,80,11,1368,1,5,HYUNDAI I20,10,E01008126,0,-1
2020350984288,2020,350984288,2,9,0,2,2,7,7,0,0,2,0,0,0,0,4,1,5,6,3,-1,-1,1248,1,1,HYUNDAI I20,-1,-1,0,-1
2020350999894,2020,350999894,2,9,0,18,19,1,5,0,0,8,0,0,0,0,1,1,6,6,1,49,8,1248,1,6,HYUNDAI I20,2,E01018063,0,-1
2020010239291,2020,010239291,1,9,0,10,10,7,5,0,0,5,0,0,0,0,1,2,2,2,1,46,8,1396,1,9,HYUNDAI I20,7,E01001472,0,-1
2020170S30190,2020,170S30190,1,9,0,9,9,2,8,0,0,8,0,0,0,0,1,1,2,2,2,24,5,1248,1,4,HYUNDAI I20,10,E01032549,0,-1
2020010248285,2020,010248285,2,9,0,4,4,1,5,0,0,0,0,0,0,0,2,1,2,2,2,32,6,998,1,1,HYUNDAI I20,4,E01004565,0,-1
2020040973683,2020,040973683,1,9,0,9,9,1,7,0,0,8,0,0,0,0,3,1,2,2,1,45,7,1248,1,5,HYUNDAI I20,6,E01025514,0,-1
2020541636420,2020,541636420,2,9,0,4,4,5,1,0,0,0,0,0,0,0,2,1,6,6,2,40,7,1248,1,8,HYUNDAI I20,6,E01031845,0,-1
2020140969777,2020,140969777,3,9,0,4,4,7,2,0,0,0,0,0,0,0,1,1,6,6,2,32,6,1248,1,9,HYUNDAI I20,8,E01007831,0,-1
2020111009815,2020,111009815,1,9,0,18,19,8,4,0,0,0,0,0,0,0,1,1,5,6,1,50,8,1248,1,6,HYUNDAI I20,8,E01020732,0,-1
2020211008930,2020,211008930,2,9,0,4,4,1,4,0,0,8,0,0,0,0,2,1,6,6,2,58,9,1368,1,4,HYUNDAI I20,7,E01029694,0,-1
2020440016893,2020,440016893,1,9,0,18,19,3,7,0,0,2,0,0,0,0,1,1,6,6,2,84,11,1396,1,8,HYUNDAI I20,6,E01017072,0,-1
2020010249722,2020,010249722,1,9,0,99,99,9,9,99,99,9,9,99,9,99,2,9,6,6,2,55,8,1396,1,11,HYUNDAI I20,9,E01003680,0,-1
2020500992265,2020,500992265,2,9,0,9,9,3,7,0,0,4,0,0,0,0,1,1,5,6,1,63,9,1368,1,4,HYUNDAI I20,5,E01015062,0,-1
2020010249311,2020,010249311,2,9,0,99,99,9,9,99,99,9,9,99,9,99,9,9,6,6,3,-1,-1,1368,1,2,HYUNDAI I20,2,E01004364,0,-1
2020230935720,2020,230935720,1,9,0,3,3,4,8,0,0,1,0,0,0,0,2,1,5,6,2,37,7,1396,1,10,HYUNDAI I20,4,E01031079,0,-1
2020430427340,2020,430427340,1,9,0,11,11,8,4,0,0,1,0,0,0,0,2,1,6,6,1,32,6,1368,1,5,HYUNDAI I20,10,E01028820,0,-1
2020220970796,2020,220970796,1,9,0,9,9,6,4,0,0,5,0,0,0,0,4,1,5,6,1,73,10,1396,1,11,HYUNDAI I20,-1,-1,0,-1
2020411017963,2020,411017963,1,9,0,5,5,5,1,0,0,3,1,0,0,0,4,1,6,6,2,38,7,1248,1,7,HYUNDAI I20,6,E01023830,0,-1
2020210969287,2020,210969287,2,9,0,9,9,-1,-1,0,0,5,0,0,0,0,1,1,6,6,1,32,6,1396,1,10,HYUNDAI I20,1,E01014254,0,-1
2020010272623,2020,010272623,2,9,0,18,19,5,1,0,0,0,0,0,0,0,1,1,2,2,2,22,5,1248,1,8,HYUNDAI I20,3,E01004261,0,-1
2020010273854,2020,010273854,1,9,0,18,19,1,5,0,0,1,0,0,0,0,2,1,6,6,1,68,10,1248,1,10,HYUNDAI I20,2,E01000221,0,-1
2020010294133,2020,010294133,1,9,0,10,10,2,8,0,0,6,0,0,0,0,0,1,6,6,1,63,9,1396,2,5,HYUNDAI I20,2,E01001012,0,-1
2020302000815,2020,302000815,1,9,0,17,19,2,8,0,0,1,0,0,0,0,1,1,6,6,1,18,4,1248,1,3,HYUNDAI I20,7,E01013562,0,-1