collision_index,collision_year,collision_ref_no,vehicle_reference,vehicle_type,towing_and_articulation,vehicle_manoeuvre_historic,vehicle_manoeuvre,vehicle_direction_from,vehicle_direction_to,vehicle_location_restricted_lane_historic,vehicle_location_restricted_lane,junction_location,skidding_and_overturning,hit_object_in_carriageway,vehicle_leaving_carriageway,hit_object_off_carriageway,first_point_of_impact,vehicle_left_hand_drive,journey_purpose_of_driver_historic,journey_purpose_of_driver,sex_of_driver,age_of_driver,age_band_of_driver,engine_capacity_cc,propulsion_code,age_of_vehicle,generic_make_model,driver_imd_decile,lsoa_of_driver,escooter_flag,driver_distance_banding
2020622000844,2020,622000844,2,9,0,4,4,6,2,0,0,0,0,0,0,0,2,1,6,6,2,30,6,998,1,1,HYUNDAI I20,5,E01017136,0,-1
2020220935090,2020,220935090,2,9,0,18,19,1,5,0,0,8,0,0,0,0,1,1,5,6,2,23,5,1248,1,10,HYUNDAI I20,7,E01032170,0,-1
2020010237767,2020,010237767,2,9,0,9,9,3,1,0,0,8,0,4,0,0,4,1,6,6,2,45,7,1396,1,11,HYUNDAI I20,4,E01003123,0,-1
2020410928694,2020,410928694,2,9,0,4,4,7,4,0,0,0,0,0,0,0,1,1,2,2,2,22,5,1248,1,1,HYUNDAI I20,7,E01023658,0,-1
2020111003879,2020,111003879,2,9,0,3,3,7,3,0,0,1,0,0,0,0,4,1,1,1,2,63,9,1248,1,9,HYUNDAI I20,3,E01020658,0,-1
2020520002017,2020,520002017,1,9,0,18,19,4,8,0,0,0,0,0,0,0,2,1,6,6,2,66,10,1248,1,4,HYUNDAI I20,9,E01029207,0,-1
2020160934214,2020,160934214,1,9,0,18,19,6,2,0,0,1,0,0,0,0,1,1,5,6,2,69,10,1248,1,3,HYUNDAI I20,8,E01013094,0,-1
2020200989714,2020,200989714,1,9,0,18,19,8,4,0,0,0,0,0,0,0,1,1,6,6,3,-1,-1,1248,1,11,HYUNDAI I20,-1,-1,0,-1
2020170M31620,2020,170M31620,1,9,0,18,19,6,2,0,0,4,0,0,0,0,2,1,6,6,2,40,7,1248,1,1,HYUNDAI I20,2,E01012013,0,-1
2020010260536,2020,010260536,1,9,0,17,19,4,8,0,0,8,0,0,1,2,0,1,6,6,1,25,5,998,1,2,HYUNDAI I20,7,E01023809,0,-1
2020610019220,2020,610019220,2,9,0,18,19,3,7,0,0,8,0,0,0,0,1,1,6,6,1,89,11,1248,1,2,HYUNDAI I20,8,W01001582,0,-1
2020122000840,2020,122000840,3,9,0,18,19,3,7,0,0,0,0,0,0,0,2,1,6,6,1,71,10,1248,1,2,HYUNDAI I20,6,E01033472,0,-1
2020371024251,2020,371024251,1,9,0,18,19,7,3,0,0,0,0,0,0,0,1,1,5,6,2,31,6,1248,1,6,HYUNDAI I20,5,E01029874,0,-1
2020440198394,2020,440198394,1,9,0,18,19,5,1,0,0,1,0,4,7,10,1,1,6,6,1,86,11,1396,1,11,HYUNDAI I20,6,E01017298,0,-1
2020622001038,2020,622001038,1,9,0,9,9,2,8,0,0,5,0,0,0,0,4,1,6,6,2,49,8,1248,1,10,HYUNDAI I20,4,W01000753,0,-1
2020201015836,2020,201015836,3,9,0,2,2,0,0,0,0,0,0,0,0,0,1,1,6,6,2,-1,-1,1248,1,6,HYUNDAI I20,-1,-1,0,-1
2020470935433,2020,470935433,2,9,0,4,4,1,5,0,0,7,0,0,0,0,2,1,5,6,2,81,11,1396,1,10,HYUNDAI I20,2,E01016906,0,-1
2020160916464,2020,160916464,1,9,0,9,9,1,7,0,0,2,0,0,0,0,1,1,6,6,1,85,11,1248,1,6,HYUNDAI I20,6,E01012771,0,-1
2020052002569,2020,052002569,1,9,0,9,9,4,5,0,0,5,0,0,0,0,4,1,6,6,1,31,6,1248,1,6,HYUNDAI I20,1,E01006556,0,-1
202006F278340,2020,06F278340,2,9,0,18,19,1,5,0,0,8,0,0,0,0,1,1,6,6,2,24,5,1248,1,4,HYUNDAI I20,2,E01004824,0,-1
2020440400864,2020,440400864,2,9,0,18,19,2,6,0,0,0,0,0,0,0,3,1,6,6,1,21,5,1396,1,9,HYUNDAI I20,7,E01017047,0,-1
2020430289377,2020,430289377,2,9,0,9,9,7,6,0,0,3,0,0,0,0,2,1,2,2,2,23,5,1248,1,4,HYUNDAI I20,8,E01016758,0,-1
2020440421244,2020,440421244,2,9,0,9,9,2,8,0,0,8,0,0,0,0,1,1,6,6,1,44,7,1248,1,1,HYUNDAI I20,3,E01022680,0,-1
2020440460790,2020,440460790,1,9,0,18,19,8,2,0,0,1,0,0,0,0,1,1,6,6,2,50,8,1248,1,1,HYUNDAI I20,8,E01022721,0,-1
2020430098873,2020,430098873,2,9,0,18,19,4,8,0,0,8,0,0,0,0,4,1,6,6,1,26,6,1248,1,5,HYUNDAI I20,7,E01033509,0,-1
2020470929217,2020,470929217,1,9,0,18,19,3,7,0,0,0,1,0,1,11,1,1,5,6,1,85,11,1396,1,8,HYUNDAI I20,10,E01031702,0,-1
2020400935669,2020,400935669,1,9,0,18,19,4,8,0,0,1,0,0,0,0,1,1,5,6,2,40,7,1396,1,10,HYUNDAI I20,1,E01017523,0,-1
2020320556322,2020,320556322,1,9,0,17,19,7,3,0,0,0,1,0,0,4,1,1,6,6,2,20,4,1248,1,6,HYUNDAI I20,7,E01026089,0,-1
2020990973198,2020,990973198,1,9,0,5,5,1,5,0,0,0,0,0,0,0,4,1,6,6,1,64,9,1396,1,10,HYUNDAI I20,3,-1,0,-1
2020420981575,2020,420981575,1,9,0,10,10,1,5,0,0,1,0,0,0,0,1,1,5,6,2,74,10,1248,1,7,HYUNDAI I20,10,E01021787,0,-1
2020622000843,2020,622000843,2,9,0,4,4,2,6,0,0,0,0,0,0,0,2,1,6,6,2,25,5,1248,1,3,HYUNDAI I20,5,W01000426,0,-1
2020010253819,2020,010253819,2,9,0,18,19,5,1,0,0,0,0,0,0,0,2,1,1,1,1,62,9,1248,1,4,HYUNDAI I20,2,E01004001,0,-1
2020320266232,2020,320266232,1,9,0,18,19,5,1,0,0,8,0,0,0,0,1,1,6,6,2,30,6,1368,1,5,HYUNDAI I20,3,E01026025,0,-1
2020210982298,2020,210982298,3,9,0,18,19,1,5,0,0,0,0,0,0,0,1,1,6,6,2,22,5,1248,1,7,HYUNDAI I20,2,E01029496,0,-1
2020420978646,2020,420978646,2,9,0,3,3,3,7,0,0,1,0,0,0,0,2,1,6,6,2,49,8,1248,1,5,HYUNDAI I20,9,E01021721,0,-1
2020451010234,2020,451010234,5,9,0,18,19,8,4,0,0,0,0,0,0,0,0,1,5,6,1,29,6,1248,1,5,HYUNDAI I20,7,E01030700,0,-1
202006J277704,2020,06J277704,1,9,0,9,9,1,7,0,0,8,0,0,7,0,1,1,2,2,1,24,5,1248,1,4,HYUNDAI I20,10,E01006098,0,-1
2020622000722,2020,622000722,2,9,0,18,19,6,2,0,0,3,0,0,0,0,1,1,6,6,1,25,5,1248,1,1,HYUNDAI I20,10,W01001915,0,-1
2020460926144,2020,460926144,1,9,0,18,19,3,7,0,0,0,1,0,0,0,1,1,2,2,2,24,5,1248,1,7,HYUNDAI I20,7,E01024465,0,-1
2020451004489,2020,451004489,2,9,0,18,19,3,1,0,0,0,0,0,0,0,4,1,6,6,2,84,11,1396,1,8,HYUNDAI I20,10,E01030407,0,-1
2020430256700,2020,430256700,2,9,0,3,3,4,7,0,0,7,0,0,0,0,2,1,6,6,2,70,10,1248,1,7,HYUNDAI I20,7,E01016831,0,-1
2020230927843,2020,230927843,1,9,0,18,19,7,3,0,0,6,0,0,0,0,1,1,2,2,2,48,8,1248,1,6,HYUNDAI I20,4,E01031032,0,-1
2020010280254,2020,010280254,1,9,0,11,11,5,1,0,0,1,0,0,0,0,4,1,2,2,1,26,6,1248,1,5,HYUNDAI I20,4,E01003178,0,-1
2020010231832,2020,010231832,1,9,0,10,10,7,5,0,0,6,1,0,0,0,4,1,2,2,2,38,7,998,1,1,HYUNDAI I20,5,E01002143,0,-1
2020500980455,2020,500980455,2,9,0,4,4,3,7,0,0,0,0,0,0,0,2,1,5,6,2,24,5,1248,1,11,HYUNDAI I20,3,E01022540,0,-1
202063A084420,2020,63A084420,1,9,0,17,19,4,1,0,0,8,1,0,0,0,1,1,6,6,1,21,5,1396,1,10,HYUNDAI I20,4,W01000703,0,-1
2020471006210,2020,471006210,3,9,0,9,9,7,4,0,0,5,1,0,7,0,1,1,5,6,2,69,10,1248,1,5,HYUNDAI I20,8,E01021082,0,-1
2020010233228,2020,010233228,2,9,0,99,99,9,9,99,99,1,9,99,9,99,1,9,6,6,1,-1,-1,998,1,1,HYUNDAI I20,-1,-1,0,-1
2020010258531,2020,010258531,3,9,0,2,2,0,0,9,9,1,0,0,0,0,4,1,6,6,3,-1,-1,1396,2,9,HYUNDAI I20,-1,-1,0,-1
202054A961020,2020,54A961020,3,9,0,18,19,7,3,0,0,0,0,0,0,0,2,1,6,6,2,63,9,1396,1,11,HYUNDAI I20,-1,-1,0,-1
2020100972760,2020,100972760,2,9,0,9,9,1,7,0,0,3,0,0,0,0,2,1,6,6,1,20,4,1248,1,9,HYUNDAI I20,-1,-1,0,-1
2020010258361,2020,010258361,1,9,0,18,19,3,7,0,0,1,0,0,3,11,1,1,6,6,2,27,6,1396,1,11,HYUNDAI I20,-1,-1,0,-1
2020010243429,2020,010243429,1,9,0,18,19,1,5,0,0,0,0,0,0,0,1,1,2,2,2,75,10,1248,1,7,HYUNDAI I20,3,E01003296,0,-1
2020010282936,2020,010282936,1,9,0,7,7,4,7,0,0,5,0,4,0,0,1,1,6,6,2,21,5,1248,1,1,HYUNDAI I20,7,E01000339,0,-1
2020010267010,2020,010267010,4,9,0,2,2,0,0,0,0,2,0,0,0,0,1,1,6,6,3,-1,-1,1248,1,11,HYUNDAI I20,-1,-1,0,-1
2020361013840,2020,361013840,2,9,0,18,19,1,5,0,0,1,0,0,0,0,1,1,5,6,2,28,6,1368,1,2,HYUNDAI I20,5,E01018069,0,-1
202006K169792,2020,06K169792,2,9,0,10,10,3,1,0,0,2,0,0,0,0,1,1,6,6,2,31,6,1248,1,1,HYUNDAI I20,8,E01004919,0,-1
2020990918226,2020,990918226,2,9,0,2,2,0,0,0,0,4,0,0,0,0,2,1,5,6,1,73,10,1248,1,1,HYUNDAI I20,4,-1,0,-1
2020990966531,2020,990966531,1,9,0,17,19,8,4,0,0,0,0,0,0,0,1,1,6,6,1,78,11,1248,1,8,HYUNDAI I20,6,-1,0,-1
2020160995688,2020,160995688,2,9,0,18,19,7,3,0,0,8,5,0,6,0,3,1,6,6,1,32,6,1248,1,7,HYUNDAI I20,3,E01012860,0,-1
20201372L0846,2020,1372L0846,1,9,0,18,19,7,3,0,0,0,0,0,0,0,1,1,6,6,1,65,9,1248,1,8,HYUNDAI I20,3,E01011806,0,-1
202031A181320,2020,31A181320,1,9,0,18,19,1,5,0,0,0,0,0,0,0,1,1,6,6,2,29,6,1248,1,5,HYUNDAI I20,2,E01028223,0,-1
2020302100261,2020,302100261,3,9,0,18,19,2,6,0,0,0,0,0,0,0,2,1,6,6,1,56,9,1368,1,4,HYUNDAI I20,8,E01006046,0,-1
2020610047320,2020,610047320,1,9,0,4,4,3,1,0,0,1,0,0,0,0,3,1,6,6,2,27,6,1248,1,3,HYUNDAI I20,2,W01001664,0,-1
2020622000620,2020,622000620,1,9,0,5,5,8,3,0,0,4,0,0,0,0,3,1,2,2,2,32,6,1248,1,3,HYUNDAI I20,5,W01001310,0,-1
2020350986745,2020,350986745,2,9,0,10,10,2,8,0,0,1,0,0,0,0,2,1,5,6,1,31,6,998,1,3,HYUNDAI I20,10,E01018267,0,-1
2020211008152,2020,211008152,1,9,0,18,19,1,5,0,0,0,0,0,0,0,1,1,6,6,1,50,8,1248,1,6,HYUNDAI I20,6,E01029494,0,-1
2020010236339,2020,010236339,1,9,0,99,99,9,9,99,99,0,9,99,9,99,1,9,6,6,3,31,6,1248,1,9,HYUNDAI I20,5,E01033592,0,-1
2020170H10030,2020,170H10030,2,9,0,18,19,2,6,0,0,1,0,0,0,0,1,1,6,6,1,64,9,1248,1,10,HYUNDAI I20,2,E01012276,0,-1
2020552001220,2020,552001220,1,9,0,18,19,3,7,0,0,0,1,0,1,4,1,1,6,6,1,18,4,1248,1,11,HYUNDAI I20,7,E01020549,0,-1
2020420990712,2020,420990712,1,9,0,18,19,1,5,0,0,0,0,0,0,0,1,1,6,6,2,26,6,998,1,3,HYUNDAI I20,9,E01000351,0,-1
20201379E2281,2020,1379E2281,1,9,0,5,5,5,1,0,0,0,0,0,0,0,1,1,6,6,1,76,11,1248,1,0,HYUNDAI I20,3,E01011853,0,-1
2020160986775,2020,160986775,2,9,0,18,19,7,3,0,0,0,0,0,1,0,1,1,6,6,2,50,8,1248,1,4,HYUNDAI I20,10,E01013451,0,-1
2020320133234,2020,320133234,2,9,0,10,10,5,3,0,0,1,0,0,0,0,4,1,2,2,2,40,7,1248,1,11,HYUNDAI I20,1,E01013219,0,-1
2020520100707,2020,520100707,1,9,0,9,9,4,2,0,0,1,0,0,3,10,1,1,6,6,1,80,11,998,1,0,HYUNDAI I20,10,E01032634,0,-1
2020200943252,2020,200943252,2,9,0,18,19,4,8,0,0,8,0,0,0,0,3,1,6,6,1,39,7,1248,1,11,HYUNDAI I20,1,E01008932,0,-1
2020440350187,2020,440350187,1,9,0,9,9,4,2,0,0,8,0,0,0,0,3,1,6,6,2,30,6,1248,1,10,HYUNDAI I20,10,E01023242,0,-1
2020100962096,2020,100962096,1,9,0,11,11,5,1,0,0,0,0,0,0,0,4,1,5,6,2,35,6,1396,1,9,HYUNDAI I20,3,-1,0,-1
2020552000821,2020,552000821,1,9,0,18,19,2,6,0,0,1,0,0,0,0,1,1,6,6,2,24,5,1396,1,6,HYUNDAI I20,1,E01015307,0,-1
2020200941352,2020,200941352,2,9,0,4,4,6,2,0,0,1,0,0,0,0,2,1,6,6,2,19,4,998,1,0,HYUNDAI I20,2,E01010096,0,-1
2020470971604,2020,470971604,2,9,0,18,19,1,5,0,0,0,0,0,0,0,3,1,5,6,2,35,6,998,1,4,HYUNDAI I20,6,E01021113,0,-1
2020010287113,2020,010287113,2,9,0,2,2,0,0,0,0,1,0,0,0,0,1,1,6,6,3,-1,-1,1248,1,3,HYUNDAI I20,-1,-1,0,-1
2020200949434,2020,200949434,1,9,0,18,19,4,8,0,0,0,0,0,0,0,1,1,6,6,2,65,9,1248,1,10,HYUNDAI I20,9,E01009902,0,-1
2020010249020,2020,010249020,1,9,0,18,19,3,7,0,0,0,0,0,0,0,1,1,6,6,2,51,8,1248,1,8,HYUNDAI I20,3,E01002028,0,-1
2020320162939,2020,320162939,2,9,0,18,19,7,3,0,0,1,0,0,0,0,1,1,2,2,1,22,5,1248,1,4,HYUNDAI I20,4,E01026253,0,-1
2020302001419,2020,302001419,5,9,0,18,19,1,5,0,0,0,0,0,0,0,1,1,2,2,2,33,6,1248,1,1,HYUNDAI I20,-1,-1,0,-1
2020010278987,2020,010278987,1,9,0,99,99,9,9,99,99,0,9,99,9,99,9,1,2,2,2,57,9,1248,1,0,HYUNDAI I20,5,E01000450,0,-1
2020990997591,2020,990997591,1,9,0,5,5,8,6,0,0,2,0,0,0,0,1,1,5,6,2,80,11,1396,1,9,HYUNDAI I20,9,-1,0,-1
2020522004182,2020,522004182,2,9,0,18,19,6,2,0,0,0,1,0,0,0,2,1,6,6,1,18,4,1248,1,10,HYUNDAI I20,10,E01033336,0,-1
2020030956447,2020,030956447,2,9,0,18,19,8,3,0,0,1,0,0,0,0,1,1,6,6,1,23,5,1248,1,5,HYUNDAI I20,5,E01019132,0,-1
2020320643424,2020,320643424,1,9,0,18,19,3,7,0,0,0,0,0,0,0,1,1,6,6,2,20,4,1396,1,11,HYUNDAI I20,9,E01007889,0,-1
2020161005290,2020,161005290,1,9,0,18,19,5,1,0,0,1,0,0,7,4,1,1,5,6,2,18,4,998,1,3,HYUNDAI I20,8,E01013338,0,-1
2020070152362,2020,070152362,2,9,0,18,19,1,5,5,5,5,0,0,0,2,2,1,2,2,2,43,7,1248,1,3,HYUNDAI I20,2,E01005072,0,-1
2020622100001,2020,622100001,2,9,0,18,19,2,6,0,0,0,0,0,0,0,1,1,6,6,2,69,10,1248,1,1,HYUNDAI I20,7,W01001017,0,-1
2020360977985,2020,360977985,2,9,0,10,10,7,3,0,0,0,0,0,0,0,2,1,5,6,2,62,9,1248,1,6,HYUNDAI I20,5,E01026730,0,-1
2020140928267,2020,140928267,1,9,0,9,9,3,1,0,0,5,0,0,0,0,1,1,5,6,2,23,5,1368,1,2,HYUNDAI I20,7,E01007605,0,-1
2020470915313,2020,470915313,1,9,0,17,19,6,4,0,0,2,0,0,0,0,1,1,5,6,2,38,7,1248,1,7,HYUNDAI I20,7,E01021236,0,-1
20201375M1530,2020,1375M1530,1,9,0,18,19,0,0,0,0,0,0,0,0,0,1,1,6,6,3,-1,-1,1368,1,4,HYUNDAI I20,-1,-1,0,-1
2020350969279,2020,350969279,1,9,0,18,19,6,2,0,0,3,0,0,0,0,0,1,5,6,1,23,5,1248,1,2,HYUNDAI I20,7,E01018011,0,-1
202006J174486,2020,06J174486,2,9,0,18,19,1,5,0,0,0,0,0,0,0,1,1,6,6,1,51,8,1368,1,5,HYUNDAI I20,1,E01005781,0,-1
202031D122820,2020,31D122820,4,9,0,3,3,7,3,0,0,1,0,0,0,0,2,1,6,6,2,31,6,1248,1,3,HYUNDAI I20,6,E01028076,0,-1
2020350960375,2020,350960375,3,9,0,9,9,7,3,0,0,0,0,0,0,0,2,1,5,6,2,21,5,1396,2,9,HYUNDAI I20,3,E01009095,0,-1
2020430036365,2020,430036365,2,9,0,7,7,5,7,0,0,4,0,0,0,0,4,1,6,6,2,29,6,1248,1,1,HYUNDAI I20,3,E01016373,0,-1
2020320033976,2020,320033976,1,9,0,9,9,5,3,0,0,4,0,0,0,0,1,1,2,2,1,25,5,998,1,1,HYUNDAI I20,5,E01026133,0,-1
2020420934630,2020,420934630,1,9,0,18,19,1,5,0,0,0,0,0,1,0,3,1,5,6,2,40,7,1248,1,7,HYUNDAI I20,2,E01001439,0,-1
2020360987723,2020,360987723,2,9,0,17,19,1,5,0,0,8,0,0,0,0,1,1,5,6,1,38,7,1248,1,9,HYUNDAI I20,4,E01026780,0,-1
2020200979240,2020,200979240,2,9,0,18,19,1,5,0,0,8,0,0,0,0,1,1,6,6,1,68,10,1248,1,8,HYUNDAI I20,6,E01009708,0,-1
2020122000526,2020,122000526,2,9,0,5,5,5,7,0,0,6,0,0,0,0,2,1,6,6,1,49,8,1248,1,4,HYUNDAI I20,4,E01027608,0,-1
2020010239145,2020,010239145,1,9,0,18,19,7,3,0,0,8,0,0,0,0,1,1,2,2,2,31,6,1248,1,4,HYUNDAI I20,2,E01001115,0,-1
2020200944183,2020,200944183,2,9,0,18,19,6,2,0,0,8,0,0,0,0,2,1,6,6,1,70,10,1248,1,1,HYUNDAI I20,2,E01009412,0,-1
2020460943959,2020,460943959,1,9,0,16,19,4,7,0,0,0,0,0,1,0,1,1,4,7,1,17,4,1248,1,4,HYUNDAI I20,5,E01024381,0,-1
2020211023849,2020,211023849,1,9,0,18,19,3,7,0,0,0,0,0,0,0,0,1,6,6,1,78,11,1248,1,6,HYUNDAI I20,7,E01029660,0,-1
2020460992098,2020,460992098,1,9,0,9,9,1,7,0,0,8,0,0,0,0,1,1,5,6,1,54,8,1396,1,11,HYUNDAI I20,7,E01024538,0,-1
2020010263264,2020,010263264,2,9,0,18,19,5,1,0,0,0,0,0,0,0,2,1,6,6,2,29,6,1396,1,10,HYUNDAI I20,9,E01030612,0,-1
2020140917738,2020,140917738,2,9,0,18,19,4,8,0,0,1,0,0,0,0,1,1,6,6,2,41,7,1248,1,7,HYUNDAI I20,1,E01007352,0,-1
2020140963235,2020,140963235,1,9,0,2,2,8,8,0,0,1,0,0,0,0,1,1,3,7,2,61,9,1248,1,0,HYUNDAI I20,9,E01007890,0,-1
2020010276492,2020,010276492,1,9,0,99,99,9,9,99,99,9,9,99,9,99,9,9,2,2,1,23,5,1248,1,7,HYUNDAI I20,3,E01002413,0,-1
2020450931738,2020,450931738,2,9,0,18,19,8,8,0,0,0,0,0,0,0,1,1,5,6,2,77,11,1368,1,3,HYUNDAI I20,10,E01004114,0,-1
2020137851089,2020,137851089,2,9,0,18,19,3,7,0,0,0,0,0,0,0,1,1,6,6,1,45,7,1248,1,7,HYUNDAI I20,3,E01011085,0,-1
2020170M11920,2020,170M11920,3,9,0,3,3,4,8,0,0,8,0,0,0,0,3,1,6,6,2,52,8,1248,1,7,HYUNDAI I20,7,E01012024,0,-1
2020110948342,2020,110948342,1,9,0,18,19,5,1,0,0,8,0,0,3,0,4,1,1,1,2,61,9,1396,1,11,HYUNDAI I20,2,E01020761,0,-1
2020200963184,2020,200963184,2,9,0,2,2,0,0,0,0,0,0,0,0,0,0,1,6,6,3,-1,-1,1248,1,7,HYUNDAI I20,-1,-1,0,-1
2020500971352,2020,500971352,1,9,0,7,7,3,5,0,0,1,0,0,0,0,1,1,6,6,3,-1,-1,1120,2,7,HYUNDAI I20,-1,-1,0,-1
2020100918761,2020,100918761,2,9,0,9,9,6,2,0,0,0,0,0,0,0,1,1,2,2,2,63,9,1248,1,6,HYUNDAI I20,-1,-1,0,-1
2020410944190,2020,410944190,1,9,0,18,19,3,3,0,0,1,0,0,0,0,1,1,5,6,2,37,7,1368,1,5,HYUNDAI I20,10,E01023457,0,-1
2020500938523,2020,500938523,2,9,0,4,4,7,3,0,0,0,0,0,0,0,2,1,2,2,1,51,8,1248,1,7,HYUNDAI I20,8,E01026191,0,-1
2020371014048,2020,371014048,1,9,0,18,19,5,1,0,0,0,1,0,0,0,1,1,1,1,1,18,4,1248,1,10,HYUNDAI I20,8,E01030173,0,-1
2020010248267,2020,010248267,1,4,0,99,99,9,9,99,99,9,9,99,9,99,9,1,6,6,1,29,6,279,1,9,Honda SH300A,3,E01002105,0,-1
2020010266205,2020,010266205,2,4,0,18,19,1,5,0,0,1,1,0,0,0,3,1,6,6,1,23,5,279,1,10,Honda SH300A,-1,-1,0,-1
2020010246825,2020,010246825,1,4,0,99,99,9,9,99,99,9,9,99,9,99,9,1,6,6,1,36,7,279,1,9,Honda SH300A,2,E01000533,0,-1
2020010259163,2020,010259163,2,3,0,18,19,3,7,0,0,1,0,0,0,0,1,1,6,6,1,27,6,279,1,9,-1,10,E01003402,0,-1
2020010265283,2020,010265283,1,4,0,99,99,9,9,99,99,9,9,99,9,99,9,1,6,6,1,27,6,279,1,10,Honda SH300A,3,E01001203,0,-1
2020010248469,2020,010248469,1,4,0,18,19,4,8,0,0,2,0,0,0,0,0,1,6,6,1,18,4,279,1,1,Honda SH300A,-1,-1,0,-1
2020010231795,2020,010231795,1,4,0,99,99,9,9,99,99,9,9,99,9,99,1,1,6,6,1,35,6,279,1,9,Honda SH300A,5,E01003411,0,-1
2020010270091,2020,010270091,1,4,0,18,19,3,7,0,0,0,0,0,0,0,1,1,6,6,1,51,8,279,1,9,Honda SH300A,7,E01000317,0,-1
2020440407249,2020,440407249,1,4,0,13,13,6,2,0,0,1,1,0,0,0,4,1,6,6,1,56,9,279,1,9,Honda SH300A,4,E01017306,0,-1
2020010267792,2020,010267792,1,4,0,99,99,9,9,99,99,9,9,99,9,99,9,1,6,6,1,45,7,279,1,9,Honda SH300A,3,E01002100,0,-1
2020470982058,2020,470982058,1,4,0,18,19,6,2,0,0,0,5,0,0,0,1,1,5,6,1,55,8,279,1,9,Honda SH300A,1,E01016885,0,-1
2020010273839,2020,010273839,2,4,0,3,3,5,1,0,0,1,5,0,0,0,2,1,1,1,1,39,7,279,1,9,Honda SH300A,6,E01004714,0,-1
2020010267907,2020,010267907,1,4,0,99,99,9,9,99,99,9,9,99,9,99,9,1,6,6,1,30,6,279,1,9,Honda SH300A,4,E01000497,0,-1
2020010231295,2020,010231295,1,4,0,5,5,3,7,0,0,8,5,4,0,0,1,1,6,6,1,28,6,279,1,10,Honda SH300A,1,E01001846,0,-1
2020010253359,2020,010253359,2,4,9,99,99,9,9,0,0,9,9,99,9,99,9,1,6,6,3,-1,-1,279,1,10,Honda SH300A,-1,-1,0,-1
2020070301349,2020,070301349,2,5,0,7,7,3,5,0,0,1,2,0,0,0,4,1,6,6,1,67,10,903,1,4,-1,9,E01018408,0,-1
2020460965149,2020,460965149,2,5,0,18,19,4,8,0,0,2,5,0,0,0,4,1,2,2,1,56,9,903,1,6,-1,5,E01024025,0,-1
2020420970978,2020,420970978,1,5,0,4,4,7,3,0,0,1,1,0,0,0,4,1,5,6,1,56,9,903,1,3,-1,3,E01021641,0,-1
2020460941994,2020,460941994,1,9,0,18,19,1,5,0,0,0,0,0,0,0,3,1,5,6,1,53,8,3342,1,2,-1,6,E01024703,0,-1
202063A019920,2020,63A019920,1,9,0,9,9,1,7,0,0,5,1,0,7,10,3,1,6,6,1,56,9,3342,1,1,-1,10,E01031907,0,-1
202063A060120,2020,63A060120,1,9,0,1,1,8,4,0,0,0,0,0,0,0,2,1,1,1,1,53,8,3342,1,0,-1,5,W01000632,0,-1
2020122001222,2020,122001222,1,17,0,18,19,7,3,0,0,0,1,0,0,0,3,2,1,1,1,33,6,3990,2,15,-1,7,E01027703,0,-1
2020350969798,2020,350969798,2,17,0,9,9,1,5,0,0,0,0,0,0,0,2,1,1,1,1,43,7,-1,2,13,-1,9,E01018209,0,-1
2020420999978,2020,420999978,2,17,0,18,19,5,1,0,0,0,0,0,5,6,2,1,1,1,1,58,9,-1,2,11,-1,6,E01021343,0,-1
2020450949912,2020,450949912,2,17,0,18,19,2,6,0,0,0,1,0,0,0,3,2,1,1,1,32,6,4400,2,4,-1,9,E01030813,0,-1
202031B180420,2020,31B180420,3,17,0,18,19,5,1,0,0,1,0,0,0,0,0,1,6,6,1,34,6,3621,2,2,-1,3,E01028338,0,-1
2020361027202,2020,361027202,1,17,0,18,19,4,8,0,0,0,0,0,1,0,1,1,1,1,1,25,5,3621,2,2,-1,4,E01026780,0,-1
202031C023820,2020,31C023820,1,9,0,15,15,6,2,0,0,8,0,10,0,0,1,1,6,6,1,36,7,2184,2,8,-1,3,E01013873,0,-1
2020010233759,2020,010233759,1,9,0,9,9,3,1,0,0,1,0,0,0,0,1,1,6,6,1,42,7,2261,1,11,-1,2,E01002278,0,-1
2020110952795,2020,110952795,3,9,0,3,3,7,1,0,0,1,0,0,0,0,2,1,6,6,2,39,7,2184,2,9,-1,3,E01020631,0,-1
2020990928120,2020,990928120,1,9,0,9,9,5,3,0,0,1,0,0,0,0,1,1,6,6,1,35,6,2184,2,10,-1,6,-1,0,-1
2020990960324,2020,990960324,1,9,0,17,19,3,7,0,0,5,0,0,1,0,1,1,5,6,2,46,8,2261,1,11,-1,5,-1,0,-1
2020440095721,2020,440095721,1,9,0,9,9,8,6,0,0,8,0,0,0,0,1,1,6,6,1,48,8,2184,2,10,-1,6,E01022980,0,-1
2020231021123,2020,231021123,1,19,0,13,13,3,8,0,0,0,0,0,0,0,0,1,1,1,1,22,5,2143,2,9,MERCEDES SPRINTER,1,E01009401,0,-1
2020010262824,2020,010262824,1,19,0,17,19,5,1,0,0,1,0,0,0,0,2,1,2,2,1,54,8,2148,2,14,MERCEDES SPRINTER,1,E01033207,0,-1
2020010266883,2020,010266883,2,19,0,99,99,9,9,99,99,9,9,99,9,99,2,9,6,6,3,56,9,2143,2,1,MERCEDES SPRINTER,4,E01001613,0,-1