collision_index,collision_year,collision_ref_no,vehicle_reference,vehicle_type,towing_and_articulation,vehicle_manoeuvre_historic,vehicle_manoeuvre,vehicle_direction_from,vehicle_direction_to,vehicle_location_restricted_lane_historic,vehicle_location_restricted_lane,junction_location,skidding_and_overturning,hit_object_in_carriageway,vehicle_leaving_carriageway,hit_object_off_carriageway,first_point_of_impact,vehicle_left_hand_drive,journey_purpose_of_driver_historic,journey_purpose_of_driver,sex_of_driver,age_of_driver,age_band_of_driver,engine_capacity_cc,propulsion_code,age_of_vehicle,generic_make_model,driver_imd_decile,lsoa_of_driver,escooter_flag,driver_distance_banding
2020010268328,2020,010268328,1,90,0,99,99,9,9,99,99,0,9,99,9,99,9,9,6,6,1,23,5,2987,2,0,MERCEDES SPRINTER,5,E01002740,0,-1
2020010236888,2020,010236888,5,19,0,2,2,0,0,0,0,3,0,0,0,0,1,1,6,6,3,-1,-1,2148,2,13,MERCEDES SPRINTER,-1,-1,0,-1
2020350922175,2020,350922175,3,90,0,18,19,6,2,0,0,0,0,0,0,0,1,1,5,6,1,40,7,2987,2,6,MERCEDES SPRINTER,8,E01026714,0,-1
2020520003608,2020,520003608,2,19,0,18,19,6,2,0,0,8,0,0,0,0,0,1,6,6,1,45,7,2143,2,6,MERCEDES SPRINTER,2,E01029237,0,-1
2020010281487,2020,010281487,1,19,0,9,9,1,7,0,0,5,0,0,0,0,1,1,1,1,1,20,4,2143,2,0,MERCEDES SPRINTER,6,E01002523,0,-1
2020622001029,2020,622001029,3,19,0,4,4,6,2,0,0,0,0,0,0,0,1,1,1,1,1,32,6,2143,2,4,MERCEDES SPRINTER,10,E01032614,0,-1
2020010239924,2020,010239924,3,19,5,5,5,7,3,0,0,1,0,0,0,0,1,1,1,1,1,22,5,2143,2,6,MERCEDES SPRINTER,4,E01001297,0,-1
2020460979313,2020,460979313,3,10,0,18,19,3,7,0,0,0,0,0,0,0,2,1,1,1,1,55,8,2143,2,6,MERCEDES SPRINTER,4,E01016135,0,-1
2020440247589,2020,440247589,2,10,0,7,7,4,6,0,0,8,0,0,0,0,1,1,1,1,3,-1,-1,2143,2,4,MERCEDES SPRINTER,-1,-1,0,-1
2020052100086,2020,052100086,1,19,0,7,7,1,7,0,0,8,0,0,0,0,4,1,1,1,1,47,8,2143,2,4,MERCEDES SPRINTER,1,E01004839,0,-1
2020010278526,2020,010278526,2,20,0,99,99,9,9,99,99,9,9,99,9,99,9,9,1,1,3,25,5,2143,2,6,MERCEDES SPRINTER,5,E01023546,0,-1
2020140950112,2020,140950112,1,98,0,7,7,7,2,0,0,1,0,0,7,0,1,1,1,1,1,51,8,2143,2,3,-1,8,E01007831,0,-1
2020350917249,2020,350917249,1,19,0,9,9,2,8,0,0,6,0,0,0,0,1,1,1,1,1,26,6,2143,2,4,MERCEDES SPRINTER,1,E01009486,0,-1
2020140964929,2020,140964929,2,19,0,18,19,3,7,0,0,0,0,0,0,0,1,1,1,1,1,56,9,2143,2,0,MERCEDES SPRINTER,6,E01026380,0,-1
2020010269474,2020,010269474,1,19,0,6,6,1,1,0,0,0,0,0,0,0,3,1,1,1,1,36,7,2143,2,1,MERCEDES SPRINTER,9,E01002518,0,-1
2020010236289,2020,010236289,5,90,0,18,19,4,8,0,0,1,0,0,0,0,0,1,1,1,1,31,6,2143,2,10,MERCEDES SPRINTER,4,E01016496,0,-1
2020450975167,2020,450975167,1,19,0,18,19,4,4,0,0,0,0,0,0,0,3,1,1,1,1,35,6,2143,2,1,MERCEDES SPRINTER,4,E01030752,0,-1
2020140937580,2020,140937580,1,19,0,1,1,1,5,0,0,1,0,0,0,0,2,1,1,1,1,38,7,2143,2,1,MERCEDES SPRINTER,4,E01019503,0,-1
2020460992143,2020,460992143,1,19,0,11,11,7,1,0,0,0,0,0,0,0,1,1,6,6,1,34,6,2143,2,3,MERCEDES SPRINTER,8,E01024839,0,-1
2020340N08362,2020,340N08362,2,19,0,18,19,6,2,0,0,0,0,0,0,0,1,1,1,1,1,30,6,2143,2,3,MERCEDES SPRINTER,9,E01025798,0,-1
2020470923771,2020,470923771,1,19,0,18,19,6,2,0,0,0,5,0,1,1,1,1,1,1,1,65,9,2143,2,6,MERCEDES SPRINTER,7,E01000190,0,-1
2020010277665,2020,010277665,3,10,0,18,19,5,1,2,2,6,0,0,0,0,4,1,1,1,2,61,9,2143,2,0,MERCEDES SPRINTER,9,E01024415,0,-1
2020160984517,2020,160984517,2,20,0,9,9,2,1,0,0,8,0,0,0,0,3,1,1,1,2,31,6,-1,-1,-1,MERCEDES SPRINTER,2,E01012871,0,-1
2020220961313,2020,220961313,1,19,0,17,19,4,1,0,0,0,0,0,0,0,0,1,1,1,1,30,6,2143,2,1,MERCEDES SPRINTER,6,E01009880,0,-1
2020420984979,2020,420984979,1,19,1,18,19,3,7,0,0,0,0,0,0,0,3,1,6,6,3,-1,-1,2143,2,6,MERCEDES SPRINTER,-1,-1,0,-1
2020622000979,2020,622000979,1,19,0,18,19,2,6,0,0,0,0,0,0,0,1,1,6,6,1,32,6,2143,2,8,MERCEDES SPRINTER,5,W01001088,0,-1
2020461003529,2020,461003529,2,19,0,4,4,1,5,0,0,0,0,0,0,0,1,1,1,1,1,34,6,2143,2,1,MERCEDES SPRINTER,1,E01010478,0,-1
2020990967104,2020,990967104,1,19,0,18,19,3,7,0,0,0,0,0,0,0,1,1,6,6,1,41,7,2143,2,4,MERCEDES SPRINTER,5,-1,0,-1
2020201003577,2020,201003577,2,19,0,18,19,7,3,0,0,8,0,0,0,0,4,1,6,6,1,26,6,2148,2,15,MERCEDES SPRINTER,1,E01009326,0,-1
2020450988305,2020,450988305,2,19,0,9,9,1,7,0,0,1,0,0,0,0,0,1,6,6,1,45,7,2148,2,12,MERCEDES SPRINTER,5,E01000589,0,-1
2020350979377,2020,350979377,1,19,0,18,19,5,1,0,0,0,0,0,0,0,1,1,1,1,1,58,9,2143,2,3,MERCEDES SPRINTER,5,E01019432,0,-1
202006E170076,2020,06E170076,1,19,0,18,19,4,8,0,0,8,0,0,0,0,1,1,6,6,3,-1,-1,2143,2,3,MERCEDES SPRINTER,-1,-1,0,-1
202063D057620,2020,63D057620,2,19,3,17,19,6,3,0,0,0,0,0,0,0,0,1,6,6,2,61,9,2143,2,9,MERCEDES SPRINTER,7,E01028240,0,-1
2020990995679,2020,990995679,2,19,0,3,3,4,8,0,0,0,0,0,0,0,0,1,2,2,1,39,7,2143,2,8,MERCEDES SPRINTER,-1,-1,0,-1
2020110921350,2020,110921350,3,19,0,2,2,0,0,0,0,1,0,0,0,0,2,1,5,6,1,53,8,2143,2,1,MERCEDES SPRINTER,5,E01020695,0,-1
2020360958404,2020,360958404,1,20,0,18,19,1,5,0,0,0,0,0,0,0,4,1,1,1,1,47,8,-1,-1,-1,MERCEDES SPRINTER,6,E01028160,0,-1
2020470984035,2020,470984035,2,20,0,18,19,3,7,0,0,1,0,0,0,0,1,1,1,1,1,58,9,-1,-1,-1,MERCEDES SPRINTER,7,E01021029,0,-1
2020100996793,2020,100996793,1,19,0,18,19,7,3,0,0,0,0,0,0,0,4,1,1,1,3,55,8,2148,2,11,MERCEDES SPRINTER,1,E01008259,0,-1
2020420917966,2020,420917966,1,19,0,9,9,4,2,0,0,1,1,0,0,0,1,1,1,1,1,23,5,2143,2,6,MERCEDES SPRINTER,1,E01021304,0,-1
2020122100061,2020,122100061,1,19,0,18,19,4,8,0,0,0,0,0,1,4,1,1,1,1,1,39,7,2143,2,3,MERCEDES SPRINTER,-1,-1,0,-1
2020160970662,2020,160970662,1,19,0,18,19,6,1,0,0,1,0,0,0,0,1,1,6,6,3,-1,-1,2148,2,11,MERCEDES SPRINTER,-1,-1,0,-1
2020010272787,2020,010272787,1,19,0,9,9,2,7,0,0,6,0,11,0,0,1,1,6,6,1,27,6,2143,2,1,MERCEDES SPRINTER,-1,-1,0,-1
2020010260895,2020,010260895,1,20,0,18,19,7,3,0,0,1,0,0,0,0,3,1,2,2,1,33,6,-1,-1,-1,MERCEDES SPRINTER,6,E01000069,0,-1
2020530972814,2020,530972814,2,19,0,18,19,3,7,0,0,0,0,0,0,0,1,1,1,1,1,56,9,2143,2,3,MERCEDES SPRINTER,8,E01022362,0,-1
2020010277597,2020,010277597,1,19,0,11,11,7,3,0,0,0,0,0,0,0,4,1,1,1,1,28,6,2143,2,1,MERCEDES SPRINTER,9,E01014943,0,-1
2020010252693,2020,010252693,2,20,0,99,99,9,9,99,99,0,9,99,9,99,9,9,6,6,3,-1,-1,2143,2,1,MERCEDES SPRINTER,9,E01017655,0,-1
2020470918099,2020,470918099,1,19,0,9,9,8,6,0,0,6,0,0,0,0,1,1,1,1,1,32,6,2143,2,3,MERCEDES SPRINTER,1,E01010964,0,-1
2020460968498,2020,460968498,1,19,0,18,19,5,1,0,0,0,0,0,0,0,3,1,6,6,1,47,8,2143,2,6,MERCEDES SPRINTER,3,E01016021,0,-1
2020010248052,2020,010248052,2,19,0,3,3,7,3,0,0,1,0,0,0,0,1,1,2,2,1,34,6,2143,2,10,MERCEDES SPRINTER,-1,-1,0,-1
2020552001138,2020,552001138,1,19,0,3,3,3,7,0,0,1,0,0,0,0,1,1,1,1,1,33,6,2143,2,6,MERCEDES SPRINTER,3,E01017242,0,-1
2020350925759,2020,350925759,1,19,0,6,6,2,6,0,0,0,0,0,0,0,3,1,6,6,1,31,6,2143,2,4,MERCEDES SPRINTER,5,E01012219,0,-1
2020230965776,2020,230965776,1,19,0,18,19,4,8,0,0,8,0,0,0,0,3,1,5,6,1,25,5,2143,2,2,MERCEDES SPRINTER,2,E01010405,0,-1
2020161009771,2020,161009771,1,19,0,3,3,4,8,0,0,1,0,0,0,0,2,1,6,6,1,32,6,2143,2,5,MERCEDES SPRINTER,3,E01012913,0,-1
2020010233353,2020,010233353,2,19,0,18,19,1,5,0,0,8,0,0,0,0,1,1,1,1,1,55,8,2143,2,6,MERCEDES SPRINTER,4,E01000733,0,-1
2020010252932,2020,010252932,1,19,0,7,7,5,7,0,0,8,0,0,0,0,1,1,1,1,1,20,4,2143,2,3,MERCEDES SPRINTER,7,E01001226,0,-1
2020440016769,2020,440016769,2,19,0,18,19,7,3,0,0,0,0,0,0,0,3,1,1,1,1,40,7,2143,2,4,MERCEDES SPRINTER,6,E01016434,0,-1
2020990947840,2020,990947840,2,19,0,16,19,4,7,0,0,0,0,0,1,11,3,1,1,1,1,22,5,2143,2,1,MERCEDES SPRINTER,-1,-1,0,-1
2020990941793,2020,990941793,1,19,0,12,12,3,7,0,0,0,0,0,0,0,1,1,1,1,2,31,6,2143,2,2,MERCEDES SPRINTER,4,-1,0,-1
2020530958240,2020,530958240,1,19,0,9,9,5,3,0,0,1,0,0,0,0,1,1,1,1,2,33,6,2143,2,8,MERCEDES SPRINTER,2,E01010563,0,-1
2020010230997,2020,010230997,1,19,0,17,19,3,2,0,0,8,0,0,0,0,3,1,1,1,1,18,4,2143,2,1,MERCEDES SPRINTER,9,E01000415,0,-1
2020030927283,2020,030927283,2,19,0,18,19,5,3,0,0,8,0,0,0,0,0,1,1,1,1,25,5,2143,2,4,MERCEDES SPRINTER,2,E01019246,0,-1
202031B058720,2020,31B058720,1,19,0,17,19,4,1,0,0,8,0,0,3,4,1,1,1,1,1,31,6,2143,2,2,MERCEDES SPRINTER,2,E01013206,0,-1
2020990935894,2020,990935894,2,19,0,18,19,3,7,0,0,0,0,0,4,0,2,1,1,1,1,25,5,2143,2,2,MERCEDES SPRINTER,2,-1,0,-1
2020420961336,2020,420961336,1,19,0,18,19,5,1,0,0,0,0,0,1,7,1,1,2,2,1,30,6,2143,2,6,MERCEDES SPRINTER,5,E01015777,0,-1
2020010259147,2020,010259147,1,19,0,9,9,7,6,0,0,2,0,0,0,0,4,1,1,1,2,28,6,2143,2,1,MERCEDES SPRINTER,4,E01033081,0,-1
2020010231807,2020,010231807,4,19,0,18,19,1,5,0,0,1,0,0,0,0,0,1,1,1,1,-1,-1,2987,2,1,MERCEDES SPRINTER,4,E01001247,0,-1
2020010250827,2020,010250827,1,90,0,18,19,5,1,0,0,1,0,0,0,0,1,1,1,1,1,33,6,2987,2,2,MERCEDES SPRINTER,9,E01024484,0,-1
202006E170625,2020,06E170625,1,19,0,1,1,7,1,0,0,8,0,0,2,10,4,1,1,1,1,24,5,2143,2,7,MERCEDES SPRINTER,4,E01005214,0,-1
2020430334931,2020,430334931,2,19,0,18,19,5,1,0,0,0,0,0,0,0,2,1,2,2,1,49,8,2143,2,8,MERCEDES SPRINTER,-1,-1,0,-1
202006A279786,2020,06A279786,2,19,0,9,9,2,8,0,0,5,0,0,0,0,3,1,1,1,1,25,5,2143,2,5,MERCEDES SPRINTER,-1,-1,0,-1
2020200969534,2020,200969534,2,19,0,18,19,2,7,0,0,8,5,0,0,0,3,1,1,1,1,39,7,2143,2,10,MERCEDES SPRINTER,1,E01033647,0,-1
2020450943405,2020,450943405,2,19,0,18,19,5,1,0,0,0,0,0,0,0,1,1,1,1,1,22,5,2143,2,2,MERCEDES SPRINTER,6,E01032283,0,-1
2020070339970,2020,070339970,2,19,0,18,19,4,8,0,0,0,0,0,0,0,1,1,1,1,1,54,8,2143,2,7,MERCEDES SPRINTER,1,E01006560,0,-1
2020990990635,2020,990990635,2,19,0,9,9,5,7,0,0,1,0,0,0,0,2,1,1,1,1,24,5,2143,2,1,MERCEDES SPRINTER,1,E01008485,0,-1
2020010266477,2020,010266477,1,19,0,99,99,9,9,99,99,9,9,99,9,99,2,9,6,6,1,64,9,2143,2,10,MERCEDES SPRINTER,1,E01033604,0,-1
2020160945136,2020,160945136,1,19,0,3,3,2,6,0,0,1,0,0,0,0,2,1,6,6,1,25,5,2143,2,3,MERCEDES SPRINTER,2,E01012886,0,-1
2020411009442,2020,411009442,1,90,0,9,9,2,8,0,0,8,0,0,0,0,0,1,1,1,1,23,5,2987,2,4,MERCEDES SPRINTER,10,E01017881,0,-1
2020122000756,2020,122000756,1,19,0,5,5,7,3,9,9,6,0,0,0,0,3,1,1,1,3,-1,-1,2143,2,2,MERCEDES SPRINTER,-1,-1,0,-1
2020010280896,2020,010280896,2,19,0,99,99,9,9,99,99,9,9,99,9,99,1,9,6,6,3,-1,-1,2143,2,7,MERCEDES SPRINTER,7,E01003407,0,-1
2020420977626,2020,420977626,2,19,0,18,19,7,3,0,0,8,0,0,0,0,1,1,1,1,1,37,7,2143,2,0,MERCEDES SPRINTER,4,E01021287,0,-1
2020010250310,2020,010250310,2,20,0,3,3,7,3,0,0,1,0,0,0,0,2,1,6,6,1,-1,-1,-1,-1,-1,MERCEDES SPRINTER,-1,-1,0,-1
2020552001095,2020,552001095,1,19,0,7,7,3,7,0,0,6,0,0,0,0,4,1,1,1,1,28,6,2143,2,5,MERCEDES SPRINTER,5,E01029229,0,-1
2020010263630,2020,010263630,2,19,0,99,99,9,9,99,99,0,9,99,9,99,9,9,6,6,3,-1,-1,2143,2,1,MERCEDES SPRINTER,-1,-1,0,-1
2020010276989,2020,010276989,3,90,0,18,19,3,7,0,0,8,0,0,0,0,0,1,1,1,2,-1,-1,2987,2,5,MERCEDES SPRINTER,-1,-1,0,-1
2020990977378,2020,990977378,2,90,0,18,19,7,3,0,0,0,0,0,0,0,4,1,1,1,2,39,7,2987,2,3,MERCEDES SPRINTER,6,-1,0,-1
2020010231349,2020,010231349,1,19,0,17,19,5,1,0,0,8,0,10,7,0,1,1,6,6,1,33,6,2143,2,6,MERCEDES SPRINTER,-1,-1,0,-1
2020052002652,2020,052002652,1,19,0,18,19,7,3,0,0,8,5,0,0,0,4,1,1,1,2,28,6,-1,-1,-1,MERCEDES SPRINTER,3,E01007038,0,-1
2020410964135,2020,410964135,1,19,0,18,19,4,1,0,0,0,0,0,0,0,0,1,6,6,1,37,7,2143,2,11,MERCEDES SPRINTER,4,E01023646,0,-1
2020010232207,2020,010232207,2,19,0,9,9,8,6,0,0,5,0,0,0,0,3,1,1,1,1,64,9,2143,2,8,MERCEDES SPRINTER,4,E01003494,0,-1
2020101007767,2020,101007767,1,19,0,4,4,8,8,0,0,0,0,4,0,0,1,1,1,1,1,25,5,2143,2,8,MERCEDES SPRINTER,-1,-1,0,-1
2020230944789,2020,230944789,1,19,0,7,7,6,2,0,0,3,5,0,0,0,3,1,1,1,1,23,5,2143,2,1,MERCEDES SPRINTER,1,E01009334,0,-1
2020010238392,2020,010238392,2,19,0,18,19,2,6,0,0,1,0,8,0,0,4,1,6,6,1,-1,-1,2143,2,2,MERCEDES SPRINTER,-1,-1,0,-1
2020010254591,2020,010254591,2,19,9,99,99,9,9,99,99,0,9,99,9,99,2,1,6,6,3,-1,-1,2143,2,6,MERCEDES SPRINTER,3,E01001369,0,-1
2020010261333,2020,010261333,2,19,0,18,19,5,1,0,0,0,0,0,0,0,2,1,1,1,1,41,7,2143,2,3,MERCEDES SPRINTER,1,E01001554,0,-1
2020010280794,2020,010280794,2,20,0,99,99,9,9,99,99,9,9,99,9,99,9,9,6,6,3,49,8,-1,-1,-1,MERCEDES SPRINTER,3,E01003562,0,-1
2020430219491,2020,430219491,1,19,0,9,9,7,5,0,0,6,0,0,0,0,4,1,1,1,1,26,6,2143,2,1,MERCEDES SPRINTER,4,E01002180,0,-1
2020010275052,2020,010275052,1,19,0,18,19,3,7,0,0,3,0,0,0,0,1,1,2,2,1,46,8,2143,2,0,MERCEDES SPRINTER,5,E01002249,0,-1
2020010277301,2020,010277301,3,19,0,4,4,7,3,0,0,0,0,0,0,0,1,1,1,1,1,60,9,2143,2,6,MERCEDES SPRINTER,2,E01001414,0,-1
2020471009998,2020,471009998,7,19,0,18,19,3,7,0,0,0,0,0,0,0,2,1,1,1,1,40,7,2143,2,0,MERCEDES SPRINTER,6,E01031831,0,-1
2020010271247,2020,010271247,3,19,0,2,2,0,0,9,9,2,0,0,0,0,3,1,6,6,3,-1,-1,2143,2,4,MERCEDES SPRINTER,-1,-1,0,-1
2020200989161,2020,200989161,1,19,0,18,19,1,5,0,0,0,0,0,0,0,3,1,1,1,1,24,5,2143,2,4,MERCEDES SPRINTER,1,E01010316,0,-1
2020201016976,2020,201016976,2,19,0,3,3,4,8,0,0,1,0,0,0,0,1,1,6,6,1,-1,-1,2143,2,6,MERCEDES SPRINTER,5,E01010014,0,-1
2020140994326,2020,140994326,2,19,0,18,19,8,4,0,0,2,0,0,0,0,1,1,1,1,1,30,6,2143,2,5,MERCEDES SPRINTER,1,E01007902,0,-1
2020010250397,2020,010250397,1,19,0,18,19,5,1,0,0,1,0,0,0,0,2,1,1,1,1,34,6,2143,2,8,MERCEDES SPRINTER,3,E01004426,0,-1
2020200964800,2020,200964800,6,19,0,2,2,0,0,0,0,0,0,0,0,0,1,1,5,6,3,38,7,2143,2,2,MERCEDES SPRINTER,-1,-1,0,-1
2020430044383,2020,430044383,2,19,0,2,2,0,0,0,0,0,0,0,0,0,2,1,6,6,3,-1,-1,2151,2,18,MERCEDES SPRINTER,-1,-1,0,-1
202031B055820,2020,31B055820,1,21,0,18,19,4,8,0,0,0,0,0,1,9,1,1,1,1,1,28,6,-1,-1,-1,-1,1,E01010616,0,-1
2020010255556,2020,010255556,1,19,0,3,3,5,1,0,0,0,0,0,0,0,2,1,2,2,1,36,7,2143,2,8,MERCEDES SPRINTER,3,E01004430,0,-1
2020141006666,2020,141006666,2,19,0,18,19,3,7,0,0,0,0,0,0,0,2,1,1,1,1,53,8,2143,2,1,MERCEDES SPRINTER,1,E01008015,0,-1
2020200954438,2020,200954438,3,19,0,3,3,8,4,0,0,1,0,0,0,0,3,1,6,6,1,30,6,2148,2,15,MERCEDES SPRINTER,8,E01009437,0,-1
2020010236930,2020,010236930,1,19,0,10,10,1,7,0,0,6,0,11,0,0,1,1,6,6,1,35,6,2143,2,5,MERCEDES SPRINTER,4,E01002665,0,-1
2020460995692,2020,460995692,1,19,0,7,7,2,6,0,0,3,0,0,0,0,4,1,1,1,1,26,6,2143,2,2,MERCEDES SPRINTER,5,E01024565,0,-1
2020010248762,2020,010248762,2,20,0,99,99,9,9,0,0,9,9,99,9,99,4,1,6,6,3,-1,-1,-1,-1,-1,MERCEDES SPRINTER,-1,-1,0,-1
2020340E02312,2020,340E02312,3,19,0,18,19,3,7,0,0,0,0,0,0,0,1,1,1,1,1,38,7,2143,2,1,MERCEDES SPRINTER,2,E01026949,0,-1
2020010260847,2020,010260847,1,19,0,5,5,7,3,0,0,0,0,0,0,0,1,2,1,1,1,-1,-1,2143,2,1,MERCEDES SPRINTER,2,E01014236,0,-1
2020200997967,2020,200997967,1,20,0,18,19,8,4,0,0,0,0,4,0,0,4,1,1,1,1,53,8,2143,2,4,MERCEDES SPRINTER,6,E01028074,0,-1
2020220969428,2020,220969428,2,19,0,18,19,8,4,0,0,8,0,0,0,0,4,1,1,1,1,23,5,2143,2,1,MERCEDES SPRINTER,8,E01029633,0,-1
2020470998099,2020,470998099,1,90,0,9,9,3,1,0,0,8,0,0,0,0,3,1,1,1,2,43,7,2987,2,1,MERCEDES SPRINTER,8,E01017002,0,-1
2020440478157,2020,440478157,1,19,0,18,19,4,8,0,0,8,0,0,0,0,1,1,1,1,1,37,7,2143,2,6,MERCEDES SPRINTER,-1,-1,0,-1
2020010280226,2020,010280226,1,19,0,7,7,5,7,0,0,2,0,0,0,0,2,1,1,1,1,33,6,2143,2,5,MERCEDES SPRINTER,7,E01003677,0,-1
2020201000736,2020,201000736,1,19,0,18,19,8,4,0,0,0,0,4,0,0,4,1,6,6,1,-1,-1,2148,2,12,MERCEDES SPRINTER,-1,-1,0,-1
2020622000524,2020,622000524,3,21,0,3,3,4,8,0,0,1,0,0,0,0,2,1,1,1,1,24,5,2143,2,2,-1,3,W01001205,0,-1
2020332000163,2020,332000163,2,19,0,9,9,8,6,0,0,5,0,0,0,0,3,1,1,1,1,63,9,2143,2,11,MERCEDES SPRINTER,4,E01013662,0,-1
2020440217855,2020,440217855,2,19,0,1,1,1,5,0,0,0,0,0,0,0,2,1,1,1,3,-1,-1,2143,2,5,MERCEDES SPRINTER,-1,-1,0,-1
2020010273965,2020,010273965,2,19,0,5,5,4,8,0,0,0,0,0,0,0,1,1,1,1,1,26,6,2143,2,1,MERCEDES SPRINTER,6,E01004186,0,-1
2020471005578,2020,471005578,3,19,0,2,2,0,0,0,0,1,0,0,0,0,0,1,5,6,1,42,7,2148,2,13,MERCEDES SPRINTER,4,E01031551,0,-1
2020070434901,2020,070434901,1,19,0,5,5,2,6,0,0,2,0,0,0,0,1,1,1,1,1,44,7,2143,2,4,MERCEDES SPRINTER,1,E01004859,0,-1
2020170M10310,2020,170M10310,2,19,0,4,4,5,1,0,0,2,0,0,0,0,2,1,1,1,1,26,6,2143,2,6,MERCEDES SPRINTER,5,E01010795,0,-1
2020160991969,2020,160991969,1,19,0,4,4,3,7,0,0,0,0,0,0,0,1,1,1,1,1,39,7,2143,2,1,MERCEDES SPRINTER,2,E01013281,0,-1
2020010235026,2020,010235026,1,19,0,1,1,1,5,0,0,1,0,0,0,0,2,1,1,1,1,32,6,2143,2,2,MERCEDES SPRINTER,2,E01032562,0,-1
2020031003062,2020,031003062,1,19,0,18,19,2,6,0,0,0,0,0,0,0,0,1,1,1,1,49,8,2143,2,1,MERCEDES SPRINTER,5,E01019327,0,-1
2020320025070,2020,320025070,2,19,0,17,19,5,3,0,0,0,0,0,0,0,3,1,1,1,1,48,8,2143,2,8,MERCEDES SPRINTER,7,E01026326,0,-1
2020010255005,2020,010255005,1,19,0,1,1,1,5,0,0,0,0,4,0,0,2,1,6,6,1,-1,-1,2143,2,1,MERCEDES SPRINTER,10,E01023881,0,-1
2020420954906,2020,420954906,1,19,0,9,9,6,3,0,0,1,0,0,1,10,1,1,6,6,1,37,7,2143,2,2,MERCEDES SPRINTER,4,E01022037,0,-1
2020470998304,2020,470998304,1,19,0,18,19,6,2,0,0,1,0,0,0,0,3,1,1,1,1,62,9,2143,2,2,MERCEDES SPRINTER,6,E01021154,0,-1
2020100955602,2020,100955602,2,19,0,3,3,3,7,0,0,1,0,0,0,0,2,1,1,1,2,23,5,-1,-1,-1,MERCEDES SPRINTER,1,E01008735,0,-1
2020052000995,2020,052000995,2,19,0,9,9,4,2,0,0,8,0,0,0,0,1,1,6,6,1,48,8,2143,2,9,MERCEDES SPRINTER,1,E01007295,0,-1
2020070087343,2020,070087343,2,19,0,2,2,0,0,0,0,0,0,0,0,0,1,1,1,1,1,32,6,2143,2,3,MERCEDES SPRINTER,10,E01018506,0,-1
2020211007553,2020,211007553,1,19,0,18,19,1,5,0,0,0,0,0,0,0,1,1,6,6,1,48,8,2143,2,4,MERCEDES SPRINTER,2,E01003735,0,-1
2020137A60596,2020,137A60596,1,19,0,7,7,8,2,0,0,5,0,0,0,0,4,1,6,6,1,-1,-1,2143,2,0,MERCEDES SPRINTER,-1,-1,0,-1
2020541094720,2020,541094720,1,19,0,18,19,8,4,0,0,2,0,0,0,0,1,1,6,6,1,27,6,2143,2,1,MERCEDES SPRINTER,-1,-1,0,-1
2020410983651,2020,410983651,1,19,0,3,3,3,7,0,0,1,0,0,0,0,2,1,1,1,1,28,6,2143,2,3,MERCEDES SPRINTER,7,E01023863,0,-1
2020220930398,2020,220930398,1,19,0,5,5,6,2,0,0,2,0,0,0,0,3,1,1,1,1,72,10,2143,2,9,MERCEDES SPRINTER,6,E01014184,0,-1
2020010261230,2020,010261230,2,19,0,99,99,9,9,0,0,0,0,0,0,0,3,1,1,1,1,51,8,2143,2,1,MERCEDES SPRINTER,1,E01000093,0,-1
2020420972746,2020,420972746,2,19,0,4,4,4,3,0,0,0,0,0,0,0,0,1,1,1,1,38,7,2143,2,3,MERCEDES SPRINTER,-1,-1,0,-1
2020320628592,2020,320628592,1,19,0,1,1,8,4,0,0,1,0,0,0,0,2,1,1,1,1,50,8,2143,2,3,MERCEDES SPRINTER,2,E01003432,0,-1
2020420933118,2020,420933118,1,19,0,5,5,5,1,0,0,0,0,0,0,0,1,1,1,1,1,52,8,2143,2,7,MERCEDES SPRINTER,1,E01022001,0,-1
2020230929257,2020,230929257,1,19,0,18,19,8,4,0,0,2,0,0,0,0,1,1,1,1,1,21,5,2143,2,1,MERCEDES SPRINTER,1,E01031015,0,-1
2020010248010,2020,010248010,2,19,0,18,19,1,5,0,0,1,0,0,0,0,1,1,1,1,1,52,8,2143,2,1,MERCEDES SPRINTER,1,E01024308,0,-1
2020200944151,2020,200944151,1,19,0,4,4,2,6,0,0,1,0,0,0,0,0,1,6,6,3,-1,-1,2143,2,7,MERCEDES SPRINTER,-1,-1,0,-1
202063A048320,2020,63A048320,1,19,0,18,19,5,1,0,0,0,0,0,0,0,1,1,1,1,1,34,6,2143,2,9,MERCEDES SPRINTER,2,E01011250,0,-1
2020010238608,2020,010238608,3,19,0,18,19,7,3,0,0,0,0,0,0,0,3,1,1,1,1,51,8,2143,2,10,MERCEDES SPRINTER,3,E01000020,0,-1
2020010253364,2020,010253364,4,19,0,18,19,1,5,0,0,1,0,0,0,0,1,1,1,1,1,35,6,2143,2,4,MERCEDES SPRINTER,3,E01016005,0,-1
2020070307263,2020,070307263,4,21,1,18,19,5,1,0,0,2,0,2,0,0,1,1,1,1,1,38,7,2143,2,3,-1,1,E01033646,0,-1