collision_index,collision_year,collision_ref_no,vehicle_reference,vehicle_type,towing_and_articulation,vehicle_manoeuvre_historic,vehicle_manoeuvre,vehicle_direction_from,vehicle_direction_to,vehicle_location_restricted_lane_historic,vehicle_location_restricted_lane,junction_location,skidding_and_overturning,hit_object_in_carriageway,vehicle_leaving_carriageway,hit_object_off_carriageway,first_point_of_impact,vehicle_left_hand_drive,journey_purpose_of_driver_historic,journey_purpose_of_driver,sex_of_driver,age_of_driver,age_band_of_driver,engine_capacity_cc,propulsion_code,age_of_vehicle,generic_make_model,driver_imd_decile,lsoa_of_driver,escooter_flag,driver_distance_banding
2020450957014,2020,450957014,1,19,0,18,19,6,2,0,0,1,1,4,0,0,1,1,1,1,1,63,9,2143,2,9,MERCEDES SPRINTER,9,E01025750,0,-1
2020460995150,2020,460995150,3,20,0,4,4,0,0,0,0,0,0,0,0,0,2,1,1,1,1,42,7,2143,2,2,MERCEDES SPRINTER,7,E01016470,0,-1
2020460971574,2020,460971574,1,19,0,7,7,5,7,0,0,6,0,0,0,0,4,1,6,6,1,21,5,2143,2,3,MERCEDES SPRINTER,6,E01024071,0,-1
2020461010516,2020,461010516,1,19,0,13,13,2,6,0,0,0,0,0,7,0,1,1,6,6,1,49,8,2143,2,6,MERCEDES SPRINTER,4,E01030702,0,-1
2020231000570,2020,231000570,3,19,0,2,2,0,0,0,0,8,0,0,0,0,0,1,5,6,1,44,7,2148,2,14,MERCEDES SPRINTER,1,E01009540,0,-1
2020420986498,2020,420986498,1,19,0,18,19,3,7,0,0,0,0,0,0,0,1,1,1,1,1,50,8,2143,2,1,MERCEDES SPRINTER,7,E01008968,0,-1
2020522000310,2020,522000310,1,19,0,18,19,4,8,0,0,8,0,0,0,0,4,1,6,6,1,25,5,2686,2,14,MERCEDES SPRINTER,3,E01014499,0,-1
2020110964112,2020,110964112,3,19,0,3,3,0,0,0,0,1,0,0,0,0,2,1,1,1,1,25,5,2143,2,5,MERCEDES SPRINTER,8,E01012189,0,-1
2020070056962,2020,070056962,1,19,0,18,19,4,6,0,0,2,0,0,7,1,1,1,1,1,1,52,8,2143,2,5,MERCEDES SPRINTER,5,E01018418,0,-1
2020010245242,2020,010245242,2,19,0,99,99,9,9,99,99,9,9,99,9,99,2,9,6,6,1,53,8,2148,2,12,MERCEDES SPRINTER,3,E01003788,0,-1
2020450969083,2020,450969083,1,19,0,9,9,5,3,0,0,1,0,0,0,0,3,1,1,1,1,23,5,2143,2,4,MERCEDES SPRINTER,8,E01030782,0,-1
2020010261837,2020,010261837,3,19,0,4,4,1,5,0,0,1,0,0,0,0,2,1,1,1,1,55,8,2143,2,1,MERCEDES SPRINTER,10,E01000794,0,-1
2020141006306,2020,141006306,2,19,0,5,5,2,6,0,0,4,0,0,0,0,1,1,1,1,1,-1,-1,2143,2,0,MERCEDES SPRINTER,2,E01007910,0,-1
2020010241032,2020,010241032,1,10,0,9,9,1,6,0,0,5,0,0,0,0,4,1,3,7,1,58,9,2143,2,3,MERCEDES SPRINTER,3,E01000638,0,-1
2020010264463,2020,010264463,1,19,0,1,1,6,2,0,0,0,0,0,0,0,2,1,1,1,1,46,8,2143,2,4,MERCEDES SPRINTER,5,E01001060,0,-1
2020200963360,2020,200963360,1,19,0,14,14,4,8,0,0,0,0,4,0,0,1,1,1,1,1,38,7,2148,2,14,MERCEDES SPRINTER,6,E01009126,0,-1
2020302001225,2020,302001225,1,19,0,13,13,4,8,0,0,0,0,0,0,0,4,1,1,1,1,73,10,2143,2,1,MERCEDES SPRINTER,8,E01029676,0,-1
2020140978458,2020,140978458,2,19,0,9,9,4,2,0,0,1,0,0,0,0,3,1,6,6,3,-1,-1,2143,2,1,MERCEDES SPRINTER,-1,-1,0,-1
2020990924726,2020,990924726,1,19,0,8,8,7,8,0,0,8,0,0,0,0,4,1,1,1,1,50,8,2143,2,7,MERCEDES SPRINTER,8,-1,0,-1
2020541932520,2020,541932520,1,19,0,18,19,1,5,0,0,0,0,0,0,0,1,1,1,1,1,47,8,2143,2,6,MERCEDES SPRINTER,9,E01031880,0,-1
2020010245480,2020,010245480,1,20,0,4,4,3,7,0,0,1,0,0,0,0,0,1,1,1,1,29,6,2987,2,1,MERCEDES SPRINTER,4,E01003666,0,-1
2020421011948,2020,421011948,1,19,0,9,9,6,5,0,0,1,0,0,0,0,1,1,6,6,1,34,6,2143,2,6,MERCEDES SPRINTER,2,E01000017,0,-1
2020220943712,2020,220943712,1,19,0,5,5,7,5,0,0,6,0,0,0,0,1,1,1,1,1,34,6,2151,2,18,MERCEDES SPRINTER,4,E01032322,0,-1
2020500987191,2020,500987191,2,90,0,17,19,8,4,0,0,0,0,0,0,0,1,1,1,1,2,46,8,2987,2,5,MERCEDES SPRINTER,8,E01020270,0,-1
2020140963969,2020,140963969,2,19,0,18,19,3,7,0,0,1,0,0,0,0,1,1,1,1,1,27,6,2143,2,6,MERCEDES SPRINTER,10,E01007954,0,-1
2020010256820,2020,010256820,1,19,0,18,19,1,5,0,0,0,1,0,0,0,1,1,1,1,1,33,6,2143,2,3,MERCEDES SPRINTER,9,E01002263,0,-1
2020010264192,2020,010264192,2,19,0,99,99,9,9,99,99,1,9,99,9,99,1,9,6,6,3,54,8,2143,2,11,MERCEDES SPRINTER,1,E01005509,0,-1
2020230959895,2020,230959895,1,19,0,4,4,4,8,0,0,0,0,0,0,0,0,1,5,6,1,25,5,2143,2,9,MERCEDES SPRINTER,7,E01025825,0,-1
2020010237462,2020,010237462,2,19,0,18,19,5,1,0,0,1,0,0,0,0,1,1,1,1,1,55,8,2143,2,2,MERCEDES SPRINTER,4,E01001435,0,-1
2020200964979,2020,200964979,2,19,0,18,19,6,2,0,0,8,0,0,0,0,1,1,1,1,1,48,8,2143,2,3,MERCEDES SPRINTER,6,E01025925,0,-1
2020141010187,2020,141010187,2,19,0,18,19,5,1,0,0,0,0,0,0,0,3,1,1,1,1,-1,-1,2143,2,6,MERCEDES SPRINTER,-1,-1,0,-1
2020610008920,2020,610008920,1,19,0,18,19,5,1,0,0,0,0,0,0,0,4,1,2,2,1,26,6,2143,2,1,MERCEDES SPRINTER,2,W01001358,0,-1
2020400924584,2020,400924584,1,19,0,17,19,1,5,0,0,0,0,0,0,0,1,1,5,6,1,43,7,2143,2,2,MERCEDES SPRINTER,10,E01023473,0,-1
2020211025110,2020,211025110,1,19,0,18,19,2,6,0,0,0,0,0,6,0,1,1,1,1,1,36,7,2143,2,6,MERCEDES SPRINTER,2,E01011025,0,-1
2020010255359,2020,010255359,2,19,0,99,99,9,9,99,99,9,9,99,9,99,1,9,6,6,3,-1,-1,2148,2,12,MERCEDES SPRINTER,2,E01003160,0,-1
202063C077420,2020,63C077420,1,19,0,18,19,3,7,0,0,6,0,0,0,0,1,1,1,1,1,25,5,2143,2,7,MERCEDES SPRINTER,4,W01000652,0,-1
2020070365642,2020,070365642,1,20,0,5,5,5,8,0,0,8,0,0,0,0,3,1,1,1,1,38,7,-1,-1,-1,MERCEDES SPRINTER,5,E01012541,0,-1
2020500967727,2020,500967727,1,19,0,17,19,7,3,0,0,0,0,0,7,0,3,1,1,1,1,25,5,2143,2,5,MERCEDES SPRINTER,7,E01018970,0,-1
2020622000303,2020,622000303,2,19,0,3,3,8,4,0,0,0,0,0,0,0,2,1,1,1,1,57,9,2143,2,2,MERCEDES SPRINTER,2,W01001690,0,-1
2020041002296,2020,041002296,1,19,0,18,19,1,1,0,0,1,0,0,0,0,2,1,6,6,3,-1,-1,2143,2,9,MERCEDES SPRINTER,-1,-1,0,-1
2020070438464,2020,070438464,1,19,0,18,19,5,1,0,0,0,0,0,0,0,1,1,1,1,1,50,8,2143,2,1,MERCEDES SPRINTER,3,E01032896,0,-1
2020010249055,2020,010249055,2,19,0,13,13,9,9,0,0,1,9,0,0,99,4,9,1,1,1,45,7,2143,2,4,MERCEDES SPRINTER,4,E01002867,0,-1
2020221015060,2020,221015060,1,19,0,18,19,7,3,0,0,0,1,0,1,11,1,1,1,1,2,31,6,1950,2,0,MERCEDES SPRINTER,2,E01013994,0,-1
2020440159980,2020,440159980,2,20,0,18,19,8,4,0,0,0,0,0,0,0,0,1,1,1,1,-1,-1,2143,2,1,MERCEDES SPRINTER,-1,-1,0,-1
2020350957956,2020,350957956,2,19,0,5,5,8,6,0,0,2,0,0,0,0,1,1,1,1,1,51,8,2143,2,4,MERCEDES SPRINTER,-1,-1,0,-1
2020137811259,2020,137811259,1,19,0,1,1,3,1,0,0,8,0,0,0,0,2,1,1,1,1,29,6,2143,2,2,MERCEDES SPRINTER,2,E01007642,0,-1
2020990950561,2020,990950561,1,19,0,16,19,8,3,0,0,4,0,4,0,0,1,2,1,1,1,25,5,2143,2,3,MERCEDES SPRINTER,8,E01028844,0,-1
2020500996101,2020,500996101,2,19,0,16,19,6,2,0,0,0,1,0,0,0,1,1,1,1,1,63,9,2143,2,5,MERCEDES SPRINTER,3,E01020218,0,-1
202063D044620,2020,63D044620,1,19,0,16,19,3,6,0,0,0,1,0,1,10,1,1,1,1,1,53,8,2143,2,5,MERCEDES SPRINTER,2,E01010065,0,-1
2020010233744,2020,010233744,1,19,0,7,7,1,4,0,0,1,0,0,0,0,4,1,1,1,1,38,7,2143,2,6,MERCEDES SPRINTER,2,E01033587,0,-1
2020137BG0625,2020,137BG0625,1,19,0,9,9,1,3,0,0,1,0,0,0,0,0,1,6,6,1,51,8,2143,2,3,MERCEDES SPRINTER,10,E01011453,0,-1
2020320617331,2020,320617331,1,19,0,18,19,2,6,0,0,0,0,0,1,9,4,1,1,1,1,24,5,2143,2,4,MERCEDES SPRINTER,4,E01026019,0,-1
2020010263094,2020,010263094,1,19,0,18,19,8,4,0,0,2,0,0,0,0,1,1,1,1,1,24,5,2143,2,0,MERCEDES SPRINTER,7,E01002182,0,-1
2020140982024,2020,140982024,1,20,0,18,19,6,3,0,0,0,0,11,2,0,1,1,1,1,1,28,6,-1,-1,-1,MERCEDES SPRINTER,2,E01007336,0,-1
2020010251867,2020,010251867,1,19,0,7,7,1,3,0,0,5,0,0,0,0,1,1,1,1,1,33,6,2143,2,1,MERCEDES SPRINTER,2,E01002227,0,-1
2020990955107,2020,990955107,1,20,0,1,1,2,6,0,0,6,0,4,0,0,2,1,1,1,1,45,7,-1,-1,-1,MERCEDES SPRINTER,2,-1,0,-1
2020400958287,2020,400958287,1,19,0,18,19,1,5,0,0,0,1,0,3,0,1,1,1,1,1,65,9,2143,2,2,MERCEDES SPRINTER,7,E01008323,0,-1
2020470989076,2020,470989076,1,19,0,9,9,2,1,0,0,5,0,0,8,0,2,1,6,6,1,58,9,2143,2,3,MERCEDES SPRINTER,3,E01015935,0,-1
2020100978326,2020,100978326,1,19,0,12,12,2,6,0,0,0,1,2,0,0,3,1,1,1,1,48,8,2143,2,5,MERCEDES SPRINTER,1,E01009311,0,-1
2020990995676,2020,990995676,1,19,0,18,19,2,6,0,0,1,0,0,0,0,1,1,1,1,1,43,7,2143,2,0,MERCEDES SPRINTER,3,-1,0,-1
2020360961423,2020,360961423,1,19,0,5,5,7,5,0,0,0,0,0,0,0,3,1,2,2,1,53,8,2148,2,13,MERCEDES SPRINTER,8,E01033538,0,-1
2020440100660,2020,440100660,1,19,0,18,19,8,4,0,0,8,0,0,0,0,4,1,6,6,1,-1,-1,2143,2,5,MERCEDES SPRINTER,6,E01015337,0,-1
2020990925757,2020,990925757,1,19,0,1,1,6,2,0,0,1,0,0,0,0,2,1,1,1,1,26,6,2143,2,8,MERCEDES SPRINTER,-1,-1,0,-1
2020010247290,2020,010247290,2,19,0,18,19,3,7,0,0,2,0,0,0,0,2,1,1,1,2,37,7,2143,2,1,MERCEDES SPRINTER,2,E01001894,0,-1
2020340K05172,2020,340K05172,1,19,0,5,5,2,6,0,0,8,0,0,0,0,1,1,1,1,1,39,7,2143,2,0,MERCEDES SPRINTER,1,E01026960,0,-1
2020320429453,2020,320429453,1,19,0,18,19,3,7,0,0,8,0,0,0,0,4,1,1,1,1,31,6,2143,2,3,MERCEDES SPRINTER,3,E01027931,0,-1
2020500922383,2020,500922383,2,19,0,18,19,4,8,0,0,0,0,0,0,0,1,1,1,1,1,57,9,2143,2,4,MERCEDES SPRINTER,5,E01018864,0,-1
2020140990911,2020,140990911,2,19,0,9,9,8,5,0,0,6,0,0,0,0,1,1,1,1,1,25,5,2143,2,2,MERCEDES SPRINTER,1,E01007372,0,-1
2020622000186,2020,622000186,3,19,0,18,19,8,4,0,0,0,1,0,1,7,2,1,1,1,1,41,7,2143,2,1,MERCEDES SPRINTER,3,W01001338,0,-1
2020010267595,2020,010267595,1,19,0,9,9,5,3,0,0,6,0,0,0,0,1,1,1,1,1,55,8,2143,2,4,MERCEDES SPRINTER,7,E01018022,0,-1
2020460989292,2020,460989292,1,19,0,16,19,1,6,0,0,0,0,0,0,0,0,1,6,6,3,-1,-1,2143,2,6,MERCEDES SPRINTER,6,E01024436,0,-1
2020040972177,2020,040972177,1,19,0,5,5,3,7,0,0,1,0,0,0,0,1,1,6,6,3,-1,-1,2143,2,1,MERCEDES SPRINTER,-1,-1,0,-1
2020440149973,2020,440149973,1,19,0,18,19,5,1,0,0,8,0,0,0,0,1,1,1,1,1,56,9,2143,2,3,MERCEDES SPRINTER,6,E01017177,0,-1
2020440197019,2020,440197019,1,90,0,18,19,6,2,0,0,8,0,0,0,0,1,1,1,1,1,49,8,2987,2,3,MERCEDES SPRINTER,4,E01017262,0,-1
2020460976139,2020,460976139,2,90,0,18,19,2,6,0,0,2,0,0,0,0,3,1,1,1,2,23,5,2987,2,0,MERCEDES SPRINTER,4,E01024217,0,-1
2020350990596,2020,350990596,2,19,0,2,2,0,0,0,0,0,0,0,0,0,0,1,6,6,1,32,6,2143,2,5,MERCEDES SPRINTER,10,E01018253,0,-1
2020010242499,2020,010242499,1,19,0,2,2,0,0,6,6,1,0,4,0,0,2,1,6,6,3,-1,-1,2143,2,2,MERCEDES SPRINTER,-1,-1,0,-1
2020991005966,2020,991005966,1,20,0,18,19,4,8,0,0,0,0,0,0,0,2,1,1,1,1,46,8,-1,-1,-1,MERCEDES SPRINTER,9,-1,0,-1
2020420973954,2020,420973954,1,19,0,9,9,1,6,0,0,1,0,0,0,0,4,1,1,1,1,26,6,2143,2,2,MERCEDES SPRINTER,7,E01021679,0,-1
2020350944723,2020,350944723,2,19,0,18,19,6,8,0,0,0,0,0,0,0,1,1,1,1,1,31,6,2143,2,7,MERCEDES SPRINTER,4,E01018147,0,-1
2020010260489,2020,010260489,1,20,0,7,7,5,6,0,0,5,0,0,0,0,4,1,1,1,1,41,7,-1,-1,-1,MERCEDES SPRINTER,3,E01033744,0,-1
2020302000371,2020,302000371,1,19,0,9,9,6,4,0,0,2,0,0,0,0,1,1,6,6,1,38,7,2143,2,1,MERCEDES SPRINTER,3,E01006831,0,-1
2020470927138,2020,470927138,3,90,0,18,19,2,6,0,0,0,0,0,0,0,0,1,1,1,2,27,6,2987,2,0,MERCEDES SPRINTER,-1,-1,0,-1
2020622000104,2020,622000104,1,19,0,17,19,8,4,0,0,0,0,0,0,0,1,1,6,6,1,48,8,2143,2,3,MERCEDES SPRINTER,4,E01014928,0,-1
2020010281403,2020,010281403,2,19,0,99,99,9,9,99,99,8,9,99,9,99,0,9,6,6,3,-1,-1,2143,2,6,MERCEDES SPRINTER,3,E01000092,0,-1
2020220993973,2020,220993973,3,19,0,3,3,7,3,0,0,1,0,0,0,0,1,1,1,1,1,24,5,2143,2,7,MERCEDES SPRINTER,1,E01008909,0,-1
2020302001326,2020,302001326,2,19,0,5,5,7,3,0,0,0,0,0,0,0,1,1,6,6,3,-1,-1,2143,2,0,MERCEDES SPRINTER,5,E01019456,0,-1
2020010267823,2020,010267823,1,19,0,4,4,1,5,3,2,0,0,0,0,0,1,1,2,2,1,58,9,2143,2,7,MERCEDES SPRINTER,10,E01000115,0,-1
2020010270724,2020,010270724,2,19,0,99,99,9,9,99,99,0,9,99,9,99,2,9,6,6,3,-1,-1,2143,2,4,MERCEDES SPRINTER,9,E01021740,0,-1
2020990976889,2020,990976889,1,19,0,18,19,8,4,0,0,2,0,11,0,0,3,1,1,1,1,50,8,2143,2,2,MERCEDES SPRINTER,4,-1,0,-1
2020010282743,2020,010282743,2,19,0,1,1,1,5,0,0,5,0,0,0,0,2,1,6,6,3,-1,-1,2143,2,5,MERCEDES SPRINTER,-1,-1,0,-1
2020010237915,2020,010237915,1,19,0,18,19,8,4,0,0,0,0,11,0,0,4,1,1,1,1,26,6,2143,2,3,MERCEDES SPRINTER,6,E01017852,0,-1
2020122000584,2020,122000584,2,19,0,12,12,7,2,0,0,1,0,0,0,0,4,1,6,6,1,41,7,2148,2,11,MERCEDES SPRINTER,7,E01027657,0,-1
2020500987191,2020,500987191,4,19,0,16,19,4,8,0,0,0,0,0,0,0,0,1,6,6,1,39,7,2143,2,3,MERCEDES SPRINTER,8,E01019962,0,-1
2020450947920,2020,450947920,3,19,0,4,4,7,3,0,0,0,0,0,0,0,1,1,1,1,1,27,6,2143,2,5,MERCEDES SPRINTER,4,E01016215,0,-1
2020320509753,2020,320509753,2,19,0,3,3,5,1,0,0,8,0,0,0,0,1,1,2,2,1,22,5,2143,2,3,MERCEDES SPRINTER,8,E01013807,0,-1
2020230967415,2020,230967415,1,19,0,1,1,1,5,0,0,0,0,0,0,0,2,1,1,1,1,48,8,2143,2,3,MERCEDES SPRINTER,6,E01032968,0,-1
2020010285176,2020,010285176,2,19,4,99,99,9,9,99,99,9,9,99,9,99,1,9,6,6,3,-1,-1,2143,2,1,MERCEDES SPRINTER,-1,-1,0,-1
2020230986406,2020,230986406,1,19,0,18,19,5,1,0,0,8,0,0,7,2,1,1,5,6,1,36,7,2143,2,6,MERCEDES SPRINTER,1,E01009637,0,-1
2020500942375,2020,500942375,1,19,0,4,4,7,3,0,0,0,0,0,0,0,1,1,6,6,1,53,8,2143,2,1,MERCEDES SPRINTER,5,E01020278,0,-1
2020460943878,2020,460943878,1,19,0,13,13,1,6,0,0,0,0,0,0,0,2,1,1,1,1,34,6,2148,2,12,MERCEDES SPRINTER,3,E01024534,0,-1
2020500934398,2020,500934398,2,19,0,17,19,7,4,0,0,0,0,0,0,0,1,1,1,1,1,44,7,2143,2,5,MERCEDES SPRINTER,3,E01019991,0,-1
2020410980354,2020,410980354,3,19,0,18,19,5,1,0,0,0,0,0,0,0,3,1,6,6,1,35,6,2143,2,2,MERCEDES SPRINTER,-1,-1,0,-1
2020302000145,2020,302000145,1,19,0,4,4,8,4,0,0,0,0,0,0,0,1,1,1,1,1,27,6,2143,2,3,MERCEDES SPRINTER,1,E01008092,0,-1
2020070397159,2020,070397159,1,19,0,17,19,8,4,0,0,0,0,0,0,0,4,1,2,2,2,25,5,2151,2,17,MERCEDES SPRINTER,4,E01018624,0,-1
2020350965755,2020,350965755,1,20,0,9,9,1,3,3,2,2,0,0,0,0,0,1,1,1,1,32,6,-1,-1,-1,MERCEDES SPRINTER,8,E01013546,0,-1
2020411007940,2020,411007940,4,19,0,4,4,1,5,0,0,0,0,0,0,0,2,1,1,1,1,43,7,2143,2,1,MERCEDES SPRINTER,6,E01023868,0,-1
2020010262594,2020,010262594,2,19,0,99,99,9,9,99,99,8,9,99,9,99,1,9,6,6,3,30,6,2143,2,9,MERCEDES SPRINTER,-1,-1,0,-1
2020990945637,2020,990945637,1,19,0,7,7,7,1,0,0,1,0,0,0,0,2,1,1,1,1,23,5,2143,2,4,MERCEDES SPRINTER,1,-1,0,-1
2020320137374,2020,320137374,1,19,0,5,5,3,7,0,0,8,0,0,0,0,1,1,6,6,1,36,7,2151,2,19,MERCEDES SPRINTER,4,E01026280,0,-1
2020360962935,2020,360962935,1,19,0,9,9,3,5,0,0,2,0,0,0,0,2,1,1,1,1,30,6,2143,2,0,MERCEDES SPRINTER,-1,-1,0,-1
2020010233978,2020,010233978,1,19,0,3,3,3,7,0,0,1,0,0,0,0,1,1,2,2,1,34,6,2143,2,6,MERCEDES SPRINTER,-1,-1,0,-1
2020340N06092,2020,340N06092,2,19,0,18,19,5,1,0,0,8,0,0,0,0,1,1,1,1,1,34,6,2143,2,7,MERCEDES SPRINTER,4,E01027336,0,-1
2020350994521,2020,350994521,2,19,3,4,4,4,8,0,0,0,0,0,0,0,2,1,1,1,1,29,6,2987,2,8,MERCEDES SPRINTER,7,E01017478,0,-1
2020410983807,2020,410983807,2,19,0,4,4,7,3,0,0,0,0,0,0,0,2,1,1,1,2,47,8,2143,2,6,MERCEDES SPRINTER,4,E01003767,0,-1
20201374L1659,2020,1374L1659,1,19,0,2,2,0,0,0,0,0,0,0,0,0,2,1,1,1,1,52,8,2143,2,1,MERCEDES SPRINTER,2,E01011025,0,-1
2020010229728,2020,010229728,1,19,0,5,5,3,7,0,0,8,0,0,0,0,3,1,1,1,1,23,5,2143,2,1,MERCEDES SPRINTER,9,E01002956,0,-1
2020010255866,2020,010255866,2,20,0,99,99,9,9,99,99,0,9,99,9,99,9,9,6,6,3,-1,-1,2143,2,2,MERCEDES SPRINTER,-1,-1,0,-1
2020161003573,2020,161003573,1,19,0,4,4,4,8,0,0,0,0,0,0,0,1,1,1,1,1,37,7,2143,2,3,MERCEDES SPRINTER,8,E01013055,0,-1
2020220982983,2020,220982983,1,19,0,1,1,7,3,0,0,0,0,0,0,0,2,1,6,6,1,32,6,2143,2,7,MERCEDES SPRINTER,2,E01009102,0,-1
202006E272140,2020,06E272140,3,19,0,2,2,0,0,0,0,0,0,0,0,0,2,1,6,6,1,30,6,2143,2,9,MERCEDES SPRINTER,1,E01005201,0,-1
2020500945998,2020,500945998,1,19,0,16,19,8,3,0,0,0,1,0,0,0,1,1,1,1,1,52,8,2143,2,6,MERCEDES SPRINTER,4,E01018972,0,-1
2020350966724,2020,350966724,1,19,0,7,7,4,4,4,4,2,0,0,0,0,4,1,6,6,1,-1,-1,2143,2,1,MERCEDES SPRINTER,-1,-1,0,-1
2020990982042,2020,990982042,3,19,0,4,4,7,3,0,0,0,0,0,0,0,3,1,1,1,1,64,9,2143,2,0,MERCEDES SPRINTER,2,-1,0,-1
202063C046620,2020,63C046620,1,90,0,18,19,4,8,0,0,1,1,0,0,0,1,1,1,1,1,61,9,2987,2,7,MERCEDES SPRINTER,6,W01000571,0,-1
2020470984035,2020,470984035,3,20,0,18,19,3,7,0,0,1,0,0,0,0,4,1,1,1,1,31,6,-1,-1,-1,MERCEDES SPRINTER,9,E01031714,0,-1
2020990976787,2020,990976787,1,10,0,16,19,2,5,0,0,0,1,0,0,0,1,1,1,1,1,64,9,2151,2,17,MERCEDES SPRINTER,4,-1,0,-1
2020010249122,2020,010249122,2,90,0,4,4,7,3,0,0,0,0,0,0,0,1,1,1,1,1,48,8,2987,2,0,MERCEDES SPRINTER,6,E01016248,0,-1
202031C124820,2020,31C124820,1,19,0,7,7,2,4,0,0,5,0,0,0,0,2,1,1,1,2,40,7,2143,2,7,MERCEDES SPRINTER,2,E01013916,0,-1
2020470954169,2020,470954169,1,19,0,18,19,1,5,0,0,1,0,0,0,0,1,1,1,1,3,50,8,2143,2,4,MERCEDES SPRINTER,4,E01031608,0,-1
2020990924422,2020,990924422,1,19,0,18,19,7,3,0,0,1,0,0,0,0,4,1,1,1,1,20,4,2143,2,3,MERCEDES SPRINTER,2,-1,0,-1
2020122000875,2020,122000875,2,19,0,18,19,3,7,0,0,8,0,0,0,0,2,1,1,1,1,52,8,2143,2,3,MERCEDES SPRINTER,5,E01013384,0,-1
2020350975500,2020,350975500,1,19,0,4,4,1,5,0,0,0,0,0,0,0,2,1,1,1,1,44,7,2143,2,10,MERCEDES SPRINTER,1,E01002038,0,-1
2020040959042,2020,040959042,2,19,0,18,19,3,7,0,0,0,0,0,1,0,1,1,1,1,1,36,7,2143,2,3,MERCEDES SPRINTER,2,E01025006,0,-1
2020010252280,2020,010252280,2,19,0,9,9,7,5,0,0,2,0,0,0,0,1,1,1,1,1,21,5,2143,2,6,MERCEDES SPRINTER,3,E01004367,0,-1
2020122000535,2020,122000535,2,19,0,7,7,3,5,0,0,1,0,0,0,0,2,1,6,6,1,58,9,2143,2,8,MERCEDES SPRINTER,6,E01027758,0,-1
2020140960777,2020,140960777,2,19,0,4,4,5,8,0,0,1,0,0,0,0,1,1,1,1,1,54,8,2413,2,1,MERCEDES SPRINTER,6,E01007707,0,-1
2020160987909,2020,160987909,1,19,0,4,4,1,4,0,0,0,1,0,0,0,1,1,1,1,1,33,6,2143,2,0,MERCEDES SPRINTER,1,E01012841,0,-1
2020052002404,2020,052002404,2,19,0,4,4,4,8,0,0,0,0,0,0,0,2,1,1,1,1,65,9,2143,2,4,MERCEDES SPRINTER,3,E01007178,0,-1
2020070054047,2020,070054047,1,19,0,11,11,5,1,0,0,0,0,0,0,0,4,1,1,1,1,32,6,2143,2,4,MERCEDES SPRINTER,6,E01005643,0,-1
2020110988975,2020,110988975,1,19,0,18,19,3,7,0,0,1,0,0,0,0,3,1,2,2,1,30,6,2143,2,1,MERCEDES SPRINTER,4,E01020899,0,-1
2020460989164,2020,460989164,2,19,0,17,19,5,1,0,0,1,0,0,0,0,1,1,5,6,1,51,8,2143,2,7,MERCEDES SPRINTER,4,E01020927,0,-1
2020470977079,2020,470977079,1,19,0,18,19,8,4,0,0,0,0,0,7,10,1,1,1,1,1,50,8,2143,2,1,MERCEDES SPRINTER,3,E01031347,0,-1
2020010267758,2020,010267758,1,19,0,18,19,5,1,0,0,2,0,0,0,0,1,1,6,6,1,51,8,2143,2,5,MERCEDES SPRINTER,2,E01003498,0,-1
2020010228557,2020,010228557,3,19,0,18,19,3,7,0,0,1,0,0,0,0,2,1,6,6,1,26,6,2143,1,2,MERCEDES SPRINTER,2,E01004296,0,-1
2020471006734,2020,471006734,1,19,0,9,9,7,6,0,0,0,0,0,0,0,1,1,5,6,1,52,8,1950,2,0,MERCEDES SPRINTER,1,E01017112,0,-1
2020041005982,2020,041005982,1,19,0,18,19,5,1,0,0,0,0,0,0,0,1,1,1,1,1,22,5,2143,2,4,MERCEDES SPRINTER,2,E01006945,0,-1
2020530948161,2020,530948161,1,19,0,5,5,3,7,0,0,0,0,0,0,0,0,1,1,1,1,54,8,2143,2,7,MERCEDES SPRINTER,6,E01022236,0,-1
2020480934978,2020,480934978,3,19,0,18,19,5,1,0,0,0,0,0,0,0,1,1,1,1,1,46,8,2143,2,5,MERCEDES SPRINTER,3,E01016155,0,-1
2020360955998,2020,360955998,2,19,0,17,19,3,7,0,0,0,0,0,0,0,1,1,1,1,1,24,5,2143,2,2,MERCEDES SPRINTER,7,E01026669,0,-1
2020010278138,2020,010278138,1,19,0,18,19,3,7,0,0,0,0,4,0,0,1,1,1,1,1,41,7,2143,2,2,MERCEDES SPRINTER,5,E01001677,0,-1
2020010270774,2020,010270774,2,19,0,99,99,9,9,0,0,5,9,99,9,99,9,9,6,6,3,21,5,2143,2,7,MERCEDES SPRINTER,-1,-1,0,-1
2020430161691,2020,430161691,2,19,0,4,4,3,7,0,0,0,0,0,0,0,1,1,1,1,1,55,8,2143,2,1,MERCEDES SPRINTER,10,E01028487,0,-1