collision_index,collision_year,collision_ref_no,vehicle_reference,vehicle_type,towing_and_articulation,vehicle_manoeuvre_historic,vehicle_manoeuvre,vehicle_direction_from,vehicle_direction_to,vehicle_location_restricted_lane_historic,vehicle_location_restricted_lane,junction_location,skidding_and_overturning,hit_object_in_carriageway,vehicle_leaving_carriageway,hit_object_off_carriageway,first_point_of_impact,vehicle_left_hand_drive,journey_purpose_of_driver_historic,journey_purpose_of_driver,sex_of_driver,age_of_driver,age_band_of_driver,engine_capacity_cc,propulsion_code,age_of_vehicle,generic_make_model,driver_imd_decile,lsoa_of_driver,escooter_flag,driver_distance_banding
2020010277916,2020,010277916,1,90,0,10,10,1,7,0,0,6,0,0,0,0,0,1,1,1,2,47,8,2987,2,0,MERCEDES SPRINTER,4,E01001883,0,-1
2020430187147,2020,430187147,1,20,0,18,19,1,5,0,0,6,0,0,7,0,3,1,2,2,1,53,8,-1,-1,-1,MERCEDES SPRINTER,8,E01016302,0,-1
2020470951672,2020,470951672,3,19,0,4,4,6,2,0,0,8,0,0,0,0,0,1,1,1,1,26,6,2143,2,1,MERCEDES SPRINTER,3,E01031787,0,-1
2020470944046,2020,470944046,1,19,0,9,9,2,7,0,0,8,0,0,0,0,3,1,1,1,1,23,5,2143,2,6,MERCEDES SPRINTER,3,E01013613,0,-1
2020522100115,2020,522100115,1,19,0,18,19,7,3,0,0,0,0,0,0,0,1,1,6,6,1,30,6,2143,2,0,MERCEDES SPRINTER,1,E01032204,0,-1
20201371V0912,2020,1371V0912,3,19,0,2,2,0,0,0,0,0,0,0,0,0,2,1,6,6,1,37,7,2143,2,5,MERCEDES SPRINTER,-1,-1,0,-1
2020471000371,2020,471000371,1,19,0,10,10,7,5,0,0,1,0,0,0,0,1,1,1,1,1,23,5,2143,2,0,MERCEDES SPRINTER,5,E01031605,0,-1
2020420946702,2020,420946702,1,19,0,12,12,1,5,0,0,0,2,4,5,1,1,1,6,6,1,43,7,2143,2,11,MERCEDES SPRINTER,-1,-1,0,-1
2020552000149,2020,552000149,1,19,0,18,19,2,6,0,0,0,0,0,0,0,1,1,1,1,1,22,5,2143,2,7,MERCEDES SPRINTER,-1,-1,0,-1
2020990971572,2020,990971572,1,19,0,16,19,6,1,0,0,4,0,0,0,0,3,1,1,1,1,68,10,2143,2,6,MERCEDES SPRINTER,1,E01010054,0,-1
2020200975310,2020,200975310,3,19,0,2,2,0,0,0,0,1,0,4,0,0,1,1,6,6,3,-1,-1,2143,2,7,MERCEDES SPRINTER,-1,-1,0,-1
2020010271144,2020,010271144,2,19,0,10,10,5,3,0,0,5,0,0,0,0,1,1,1,1,1,51,8,2143,2,0,MERCEDES SPRINTER,7,E01002199,0,-1
2020420986740,2020,420986740,1,20,0,18,19,2,7,0,0,0,0,0,0,0,1,1,1,1,1,21,5,2143,2,3,MERCEDES SPRINTER,2,E01002368,0,-1
2020070296820,2020,070296820,1,19,0,16,19,8,4,0,0,8,1,0,0,0,3,1,1,1,1,34,6,2143,2,4,MERCEDES SPRINTER,7,E01006222,0,-1
2020170S21010,2020,170S21010,2,19,0,18,19,6,2,0,0,0,0,0,0,0,1,1,1,1,1,52,8,2143,2,3,MERCEDES SPRINTER,3,E01020836,0,-1
2020990959806,2020,990959806,1,19,0,9,9,2,8,0,0,1,0,0,0,0,4,1,1,1,1,48,8,2143,2,1,MERCEDES SPRINTER,5,-1,0,-1
202006M272759,2020,06M272759,2,19,0,18,19,8,4,0,0,1,0,0,0,0,1,1,1,1,1,34,6,2143,2,1,MERCEDES SPRINTER,10,E01005809,0,-1
2020231000570,2020,231000570,2,19,0,18,19,4,8,0,0,8,0,0,0,0,3,1,1,1,1,56,9,2148,2,13,MERCEDES SPRINTER,8,E01009668,0,-1
2020010238895,2020,010238895,2,19,0,1,1,7,3,0,0,1,0,0,0,0,1,1,6,6,3,-1,-1,2143,2,1,MERCEDES SPRINTER,-1,-1,0,-1
2020430059292,2020,430059292,1,19,0,16,19,5,8,0,0,0,2,0,1,3,1,1,1,1,1,21,5,2143,2,3,MERCEDES SPRINTER,-1,-1,0,-1
2020501013514,2020,501013514,3,19,0,18,19,5,1,0,0,0,0,0,0,0,4,1,2,2,1,42,7,2143,2,6,MERCEDES SPRINTER,3,E01018927,0,-1
2020010257145,2020,010257145,2,19,0,2,2,0,0,9,9,0,0,0,0,0,2,1,6,6,3,-1,-1,2148,2,12,MERCEDES SPRINTER,-1,-1,0,-1
2020010235121,2020,010235121,1,19,0,18,19,1,5,0,0,1,0,0,0,0,0,1,1,1,1,46,8,2143,2,4,MERCEDES SPRINTER,3,E01033583,0,-1
2020340N02432,2020,340N02432,2,19,0,18,19,6,2,0,0,4,0,0,0,0,0,1,1,1,1,50,8,2143,2,3,MERCEDES SPRINTER,5,E01030093,0,-1
2020440360101,2020,440360101,1,19,0,9,9,8,6,0,0,8,0,0,0,0,4,1,1,1,1,28,6,2143,2,3,MERCEDES SPRINTER,4,E01016457,0,-1
2020530977948,2020,530977948,1,19,0,1,1,0,5,9,9,1,0,0,0,0,2,1,1,1,1,38,7,2143,2,2,MERCEDES SPRINTER,5,E01022334,0,-1
2020010243154,2020,010243154,2,19,0,99,99,9,9,99,99,9,9,99,9,99,1,9,6,6,3,-1,-1,2143,2,9,MERCEDES SPRINTER,-1,-1,0,-1
2020410949853,2020,410949853,2,19,0,18,19,7,3,0,0,0,0,0,0,0,1,1,1,1,1,52,8,2143,2,5,MERCEDES SPRINTER,3,E01003339,0,-1
2020450991661,2020,450991661,2,90,0,18,19,7,3,0,0,0,1,0,0,0,4,1,1,1,1,50,8,2987,2,1,MERCEDES SPRINTER,7,E01030826,0,-1
2020010232467,2020,010232467,1,10,0,7,7,3,4,0,0,1,0,0,0,0,1,1,3,7,1,58,9,2143,2,9,MERCEDES SPRINTER,3,E01003586,0,-1
2020500965151,2020,500965151,1,19,0,18,19,1,3,0,0,1,2,0,0,0,1,1,1,1,1,33,6,2143,2,1,MERCEDES SPRINTER,2,E01014640,0,-1
2020010231900,2020,010231900,2,19,0,99,99,9,9,99,99,4,9,99,9,99,4,9,6,6,3,-1,-1,2143,2,2,MERCEDES SPRINTER,-1,-1,0,-1
2020160994589,2020,160994589,2,19,0,4,4,4,8,0,0,8,0,0,0,0,2,1,6,6,1,-1,-1,2143,2,0,MERCEDES SPRINTER,-1,-1,0,-1
2020010238045,2020,010238045,2,19,0,9,9,7,5,0,0,1,0,0,0,0,4,1,6,6,1,18,4,2143,2,3,MERCEDES SPRINTER,6,E01000581,0,-1
2020137BA1090,2020,137BA1090,2,19,0,7,7,2,1,0,0,0,0,0,0,0,4,1,1,1,1,37,7,2143,2,2,MERCEDES SPRINTER,2,E01011025,0,-1
2020010272534,2020,010272534,1,19,0,12,12,5,1,0,0,0,0,0,0,0,3,1,1,1,1,19,4,2143,2,1,MERCEDES SPRINTER,-1,-1,0,-1
2020010275286,2020,010275286,1,19,0,9,9,7,4,0,0,6,0,0,0,0,1,2,1,1,1,34,6,2143,2,3,MERCEDES SPRINTER,7,E01001457,0,-1
2020547844020,2020,547844020,2,90,0,15,15,6,2,0,0,0,0,0,0,0,4,1,1,1,2,23,5,2987,2,3,MERCEDES SPRINTER,9,E01015548,0,-1
2020302000331,2020,302000331,2,19,0,18,19,4,8,0,0,0,0,0,0,0,3,1,1,1,1,32,6,2148,2,14,MERCEDES SPRINTER,2,E01019646,0,-1
2020460922540,2020,460922540,1,19,0,4,4,8,4,0,0,1,0,0,0,0,3,1,1,1,1,28,6,2143,2,8,MERCEDES SPRINTER,3,E01001373,0,-1
2020420941356,2020,420941356,1,19,0,18,19,6,2,0,0,0,0,0,0,0,1,1,1,1,1,22,5,2143,2,4,MERCEDES SPRINTER,4,E01013493,0,-1
2020040958646,2020,040958646,1,19,0,9,9,7,3,0,0,8,0,0,0,0,3,1,5,6,1,23,5,2143,2,1,MERCEDES SPRINTER,1,E01012720,0,-1
2020052002563,2020,052002563,1,19,0,9,9,8,6,0,0,8,0,0,0,0,4,1,2,2,1,50,8,2148,2,12,MERCEDES SPRINTER,3,W01000127,0,-1
2020010234970,2020,010234970,1,20,0,18,19,7,3,0,0,2,0,0,0,0,0,1,1,1,1,32,6,2987,2,5,MERCEDES SPRINTER,5,E01000631,0,-1
2020400995021,2020,400995021,1,19,0,1,1,1,5,0,0,0,0,0,0,0,2,1,6,6,1,48,8,2143,2,4,MERCEDES SPRINTER,8,E01027000,0,-1
2020610050620,2020,610050620,1,19,0,3,3,7,3,0,0,0,0,0,0,0,1,1,1,1,1,22,5,2143,2,1,MERCEDES SPRINTER,1,W01001334,0,-1
2020200965298,2020,200965298,2,19,0,9,9,4,2,0,0,6,0,10,1,0,1,1,6,6,1,45,7,2143,2,10,MERCEDES SPRINTER,1,E01004794,0,-1
2020160922953,2020,160922953,1,19,0,10,10,3,7,0,0,1,0,0,0,0,0,1,1,1,2,26,6,2143,2,1,MERCEDES SPRINTER,1,E01012894,0,-1
2020210966635,2020,210966635,2,19,0,2,2,0,0,0,0,0,0,0,0,0,4,1,1,1,1,27,6,2143,2,1,MERCEDES SPRINTER,8,E01029792,0,-1
2020622000873,2020,622000873,1,20,0,18,19,6,2,0,0,1,5,10,1,10,3,1,2,2,2,39,7,-1,-1,-1,MERCEDES SPRINTER,5,W01001562,0,-1
2020010268407,2020,010268407,2,19,0,99,99,9,9,99,99,1,9,99,9,99,1,9,6,6,3,-1,-1,2143,2,4,MERCEDES SPRINTER,-1,-1,0,-1
2020010231476,2020,010231476,2,20,0,99,99,9,9,99,99,9,9,99,9,99,1,9,6,6,3,-1,-1,-1,-1,-1,MERCEDES SPRINTER,-1,-1,0,-1
2020991004274,2020,991004274,2,19,0,18,19,6,2,0,0,1,0,0,0,0,1,1,1,1,1,29,6,2143,2,1,MERCEDES SPRINTER,4,E01026474,0,-1
2020361002292,2020,361002292,1,19,0,18,19,7,3,0,0,0,0,0,0,0,1,1,1,1,1,69,10,2143,2,4,MERCEDES SPRINTER,2,E01026802,0,-1
2020010279157,2020,010279157,1,19,0,7,7,6,1,0,0,5,0,0,0,0,3,1,1,1,1,23,5,2143,2,1,MERCEDES SPRINTER,2,E01010017,0,-1
2020160957339,2020,160957339,1,19,0,18,19,6,2,0,0,0,0,0,0,0,1,1,1,1,1,-1,-1,2143,2,8,MERCEDES SPRINTER,8,E01013037,0,-1
2020070758029,2020,070758029,2,19,0,4,4,2,6,0,0,8,0,0,0,0,2,1,1,1,1,58,9,2143,2,8,MERCEDES SPRINTER,1,E01018740,0,-1
2020500988032,2020,500988032,2,19,0,4,4,6,2,0,0,1,0,0,0,0,2,1,1,1,1,36,7,2143,2,5,MERCEDES SPRINTER,-1,-1,0,-1
2020200996552,2020,200996552,2,19,0,18,19,6,2,0,0,8,0,0,0,0,1,1,1,1,1,-1,-1,2143,2,7,MERCEDES SPRINTER,2,E01010447,0,-1
2020010283207,2020,010283207,1,19,0,4,4,3,7,0,0,1,0,0,0,0,1,1,2,2,1,28,6,2143,2,4,MERCEDES SPRINTER,7,E01021856,0,-1
2020010234715,2020,010234715,2,19,0,18,19,7,3,0,0,1,9,0,0,99,1,9,1,1,1,-1,-1,2143,2,8,MERCEDES SPRINTER,-1,-1,0,-1
2020010255824,2020,010255824,2,20,4,9,9,7,6,0,0,1,0,0,0,0,3,1,6,6,3,-1,-1,2148,2,13,MERCEDES SPRINTER,7,E01015416,0,-1
2020420953760,2020,420953760,1,20,0,18,19,1,5,0,0,0,0,11,0,0,1,1,1,1,1,62,9,-1,-1,-1,MERCEDES SPRINTER,6,E01021562,0,-1
2020160979727,2020,160979727,3,19,0,18,19,6,2,0,0,0,0,0,0,0,2,1,5,6,1,31,6,2143,2,9,MERCEDES SPRINTER,6,E01027045,0,-1
2020010278835,2020,010278835,1,19,0,2,2,0,0,6,6,2,0,0,0,0,3,1,6,6,3,-1,-1,2143,2,2,MERCEDES SPRINTER,-1,-1,0,-1
2020161006261,2020,161006261,2,19,0,18,19,3,7,0,0,1,0,0,0,0,3,1,1,1,1,39,7,2143,2,0,MERCEDES SPRINTER,8,E01010561,0,-1
2020622000887,2020,622000887,1,19,0,7,7,6,8,0,0,8,0,0,0,0,1,1,1,1,1,47,8,2143,2,3,MERCEDES SPRINTER,7,W01000888,0,-1
2020010249408,2020,010249408,2,19,0,1,1,1,5,0,0,8,0,0,0,0,2,1,6,6,1,31,6,2143,2,1,MERCEDES SPRINTER,8,E01002575,0,-1
2020010281302,2020,010281302,1,20,0,1,1,3,7,0,0,0,0,0,0,0,2,1,1,1,1,39,7,-1,-1,-1,MERCEDES SPRINTER,5,E01003262,0,-1
2020220947249,2020,220947249,2,19,0,9,9,6,4,0,0,6,0,0,0,0,4,1,2,2,1,38,7,2143,2,3,MERCEDES SPRINTER,8,E01013990,0,-1
2020010232606,2020,010232606,2,19,9,99,99,9,9,0,0,1,9,0,0,0,9,1,6,6,3,-1,-1,2143,2,2,MERCEDES SPRINTER,-1,-1,0,-1
2020370999778,2020,370999778,2,19,0,18,19,6,2,0,0,1,0,0,0,0,1,1,1,1,1,51,8,2143,2,7,MERCEDES SPRINTER,3,E01018094,0,-1
2020122000298,2020,122000298,1,19,4,7,7,6,8,0,0,1,0,0,0,0,4,1,1,1,1,33,6,2143,2,2,MERCEDES SPRINTER,1,E01008436,0,-1
2020010254765,2020,010254765,2,19,0,1,1,3,7,0,0,6,0,0,0,0,2,1,6,6,3,-1,-1,2143,2,4,MERCEDES SPRINTER,-1,-1,0,-1
2020230962619,2020,230962619,1,19,0,18,19,2,6,0,0,0,0,0,7,6,1,1,1,1,1,50,8,2143,2,8,MERCEDES SPRINTER,9,E01031268,0,-1
2020220957915,2020,220957915,1,19,0,4,4,7,3,0,0,8,0,0,0,0,2,1,1,1,1,47,8,2143,2,4,MERCEDES SPRINTER,7,E01029618,0,-1
2020430158525,2020,430158525,1,19,0,18,19,4,8,0,0,0,0,0,0,0,3,1,1,1,1,60,9,2143,2,4,MERCEDES SPRINTER,6,E01022187,0,-1
2020010249523,2020,010249523,1,19,0,18,19,1,5,0,0,8,0,0,0,0,4,1,1,1,1,25,5,2143,2,3,MERCEDES SPRINTER,1,E01001429,0,-1
2020010263386,2020,010263386,1,19,0,5,5,1,5,0,0,4,0,0,0,0,4,1,1,1,1,48,8,2143,2,4,MERCEDES SPRINTER,3,E01003141,0,-1
2020440027571,2020,440027571,1,19,0,18,19,7,3,0,0,0,0,0,0,0,1,1,1,1,2,35,6,2143,2,1,MERCEDES SPRINTER,8,E01020455,0,-1
2020460919617,2020,460919617,2,19,0,18,19,3,7,0,0,0,0,0,0,0,1,1,6,6,1,33,6,2143,2,2,MERCEDES SPRINTER,3,E01024684,0,-1
2020010239876,2020,010239876,2,19,0,4,4,1,5,0,0,0,0,0,0,0,0,1,1,1,1,63,9,2148,2,14,MERCEDES SPRINTER,5,E01004275,0,-1
2020500962936,2020,500962936,1,19,0,2,2,0,0,0,0,0,0,0,0,0,4,1,1,1,1,37,7,2143,2,1,MERCEDES SPRINTER,1,W01001704,0,-1
2020040953506,2020,040953506,1,19,0,1,1,1,5,0,0,8,0,0,0,0,2,1,6,6,3,-1,-1,2148,2,11,MERCEDES SPRINTER,-1,-1,0,-1
2020520002780,2020,520002780,2,19,0,18,19,4,8,0,0,8,0,0,0,0,1,1,1,1,1,26,6,2143,2,6,MERCEDES SPRINTER,4,E01019972,0,-1
2020361016069,2020,361016069,2,19,0,7,7,8,1,0,0,1,0,0,7,0,1,1,1,1,1,30,6,2143,2,4,MERCEDES SPRINTER,6,E01026494,0,-1
2020546268020,2020,546268020,1,20,0,1,1,1,5,0,0,0,0,0,0,0,2,1,1,1,1,57,9,-1,-1,-1,MERCEDES SPRINTER,7,E01032007,0,-1
2020371002516,2020,371002516,3,19,0,18,19,7,3,0,0,0,0,0,0,0,2,1,1,1,1,41,7,2143,2,1,MERCEDES SPRINTER,6,E01030130,0,-1
2020010271438,2020,010271438,2,19,0,99,99,9,9,99,99,9,9,99,9,99,9,9,6,6,3,32,6,2143,2,1,MERCEDES SPRINTER,8,E01002210,0,-1
2020010236579,2020,010236579,1,19,0,9,9,5,3,0,0,8,0,0,0,0,4,1,6,6,1,52,8,2148,2,14,MERCEDES SPRINTER,1,E01001772,0,-1
2020552001103,2020,552001103,1,19,0,18,19,7,3,0,0,8,1,0,1,11,1,1,1,1,1,35,6,2143,2,2,MERCEDES SPRINTER,3,E01033242,0,-1
2020200949377,2020,200949377,3,19,0,2,2,0,0,0,0,2,0,0,0,0,2,1,6,6,1,-1,-1,2148,2,14,MERCEDES SPRINTER,3,E01009795,0,-1
2020010251773,2020,010251773,2,19,0,99,99,9,9,99,99,9,9,99,9,99,9,9,6,6,3,45,7,2143,2,4,MERCEDES SPRINTER,7,E01003451,0,-1
2020622000318,2020,622000318,3,19,0,4,4,7,3,0,0,0,0,0,0,0,1,1,2,2,1,51,8,2143,2,2,MERCEDES SPRINTER,3,W01001261,0,-1
2020501004896,2020,501004896,3,19,0,4,4,5,1,0,0,0,0,0,0,0,1,1,1,1,1,23,5,2143,2,5,MERCEDES SPRINTER,2,E01018751,0,-1
2020010235455,2020,010235455,1,19,0,18,19,7,3,0,0,0,0,0,0,0,1,1,2,2,1,33,6,2143,2,1,MERCEDES SPRINTER,7,E01000362,0,-1
2020200982189,2020,200982189,1,19,0,18,19,8,4,0,0,6,0,0,0,0,4,1,6,6,1,37,7,2148,2,12,MERCEDES SPRINTER,1,E01009344,0,-1
2020052001696,2020,052001696,3,19,0,2,2,0,0,0,0,1,0,0,0,0,1,1,1,1,3,-1,-1,2143,2,3,MERCEDES SPRINTER,-1,-1,0,-1
2020010285174,2020,010285174,2,19,0,99,99,9,9,99,99,9,9,99,9,99,2,9,6,6,3,-1,-1,2143,2,0,MERCEDES SPRINTER,7,E01031308,0,-1
2020470997902,2020,470997902,1,20,0,18,19,8,4,0,0,0,0,0,0,0,1,1,1,1,1,20,4,-1,-1,-1,MERCEDES SPRINTER,9,E01022909,0,-1
2020990957515,2020,990957515,1,19,0,4,4,7,3,0,0,8,0,0,0,0,4,1,1,1,1,30,6,2143,2,7,MERCEDES SPRINTER,4,-1,0,-1
2020450951540,2020,450951540,1,19,0,1,1,3,7,0,0,0,0,0,0,0,2,1,1,1,1,24,5,2143,2,4,MERCEDES SPRINTER,2,E01016368,0,-1
202031A036120,2020,31A036120,1,19,0,18,19,2,5,0,0,0,0,0,0,0,1,1,6,6,1,37,7,2143,2,7,MERCEDES SPRINTER,5,E01027949,0,-1
2020010240204,2020,010240204,1,19,9,99,99,9,9,99,99,0,9,99,9,99,2,1,6,6,1,-1,-1,2143,2,2,MERCEDES SPRINTER,2,E01000053,0,-1
2020201008040,2020,201008040,1,19,0,18,19,4,8,0,0,8,0,10,1,4,1,1,6,6,3,-1,-1,2143,2,7,MERCEDES SPRINTER,-1,-1,0,-1
2020010236543,2020,010236543,3,19,0,2,2,0,0,0,0,0,0,0,0,0,2,1,6,6,3,-1,-1,2143,2,0,MERCEDES SPRINTER,-1,-1,0,-1
2020200938284,2020,200938284,2,20,0,9,9,8,6,0,0,8,0,0,0,0,3,1,1,1,1,33,6,2143,2,2,MERCEDES SPRINTER,3,E01010113,0,-1
2020420934879,2020,420934879,1,19,0,7,7,5,1,0,0,3,0,0,0,0,4,1,1,1,1,52,8,2143,2,2,MERCEDES SPRINTER,6,E01023787,0,-1
2020545964920,2020,545964920,3,19,0,18,19,5,1,0,0,1,0,0,0,0,0,1,1,1,1,26,6,2143,2,3,MERCEDES SPRINTER,7,E01014763,0,-1
2020401006174,2020,401006174,1,19,0,18,19,1,5,0,0,4,1,0,7,1,1,1,5,6,1,25,5,-1,-1,-1,MERCEDES SPRINTER,8,E01017504,0,-1
2020010253105,2020,010253105,2,19,0,9,9,1,7,0,0,6,0,0,0,0,1,1,1,1,1,21,5,2143,2,0,MERCEDES SPRINTER,2,E01002774,0,-1
2020052002430,2020,052002430,1,19,0,18,19,7,3,0,0,6,0,0,0,0,3,1,1,1,1,61,9,2143,2,6,MERCEDES SPRINTER,5,E01006261,0,-1
2020010233404,2020,010233404,2,19,0,18,19,8,4,0,0,1,0,0,0,0,2,1,1,1,1,58,9,2143,2,3,MERCEDES SPRINTER,1,E01003246,0,-1
2020220951082,2020,220951082,1,19,0,2,2,0,0,0,0,8,0,0,0,0,3,1,1,1,1,21,5,2143,2,4,MERCEDES SPRINTER,3,E01009140,0,-1
2020201010389,2020,201010389,2,19,0,16,19,7,1,0,0,1,0,0,0,0,1,1,1,1,1,33,6,2143,2,6,MERCEDES SPRINTER,6,E01010114,0,-1
2020140995252,2020,140995252,2,19,0,18,19,4,8,0,0,1,0,0,0,0,1,1,6,6,3,-1,-1,2143,2,7,MERCEDES SPRINTER,-1,-1,0,-1
2020140990882,2020,140990882,1,19,0,18,19,2,7,0,0,0,0,0,0,0,3,1,6,6,1,42,7,2143,2,6,MERCEDES SPRINTER,5,E01019791,0,-1
2020552000524,2020,552000524,1,19,0,18,19,4,8,0,0,0,0,0,0,0,3,1,1,1,1,51,8,2143,2,7,MERCEDES SPRINTER,4,E01020322,0,-1
2020010233712,2020,010233712,2,19,0,18,19,7,3,0,0,8,0,0,0,0,1,1,1,1,1,62,9,2148,2,16,MERCEDES SPRINTER,7,E01029683,0,-1
2020010254395,2020,010254395,2,19,0,99,99,9,9,99,99,9,9,99,9,99,9,9,6,6,3,-1,-1,2143,2,5,MERCEDES SPRINTER,-1,-1,0,-1
2020010272263,2020,010272263,2,19,0,99,99,9,9,99,99,9,9,99,9,99,1,9,6,6,3,-1,-1,2143,2,6,MERCEDES SPRINTER,4,E01023488,0,-1
2020160945247,2020,160945247,2,19,0,4,4,8,4,0,0,0,0,0,0,0,1,1,1,1,1,-1,-1,2143,2,2,MERCEDES SPRINTER,-1,-1,0,-1
2020010249938,2020,010249938,1,19,0,18,19,5,1,0,0,1,0,0,0,0,1,1,1,1,1,45,7,2143,2,6,MERCEDES SPRINTER,3,E01004022,0,-1
2020010267546,2020,010267546,1,19,0,99,99,9,9,99,99,9,9,99,9,99,2,9,6,6,1,52,8,2143,2,1,MERCEDES SPRINTER,2,E01001577,0,-1
2020141007057,2020,141007057,1,19,0,4,4,2,6,0,0,0,0,0,0,0,2,1,6,6,1,55,8,2143,2,1,MERCEDES SPRINTER,3,E01007807,0,-1
2020010238235,2020,010238235,3,19,0,3,3,3,7,0,0,2,0,0,0,0,1,1,1,1,1,28,6,2143,2,3,MERCEDES SPRINTER,6,-1,0,-1
2020010285199,2020,010285199,1,19,0,9,9,3,8,0,0,8,0,0,0,0,1,1,6,6,1,45,7,2148,2,12,MERCEDES SPRINTER,3,E01016014,0,-1
2020530938997,2020,530938997,1,19,0,2,2,5,3,0,0,8,0,0,0,0,2,1,2,2,1,49,8,2148,2,11,MERCEDES SPRINTER,6,E01022405,0,-1
2020010229597,2020,010229597,2,19,0,7,7,8,2,0,0,5,0,0,0,0,4,1,1,1,1,44,7,2143,2,4,MERCEDES SPRINTER,3,E01000515,0,-1
2020420976842,2020,420976842,2,19,0,2,2,4,8,9,9,0,0,0,0,0,1,1,1,1,1,53,8,2143,2,1,MERCEDES SPRINTER,6,E01022035,0,-1
2020420967136,2020,420967136,2,19,0,2,2,7,7,0,0,0,0,0,0,0,2,1,1,1,1,63,9,2143,2,0,MERCEDES SPRINTER,2,E01021327,0,-1
2020010281899,2020,010281899,1,19,0,9,9,1,7,0,0,8,0,0,1,0,1,1,1,1,1,36,7,2143,2,0,MERCEDES SPRINTER,5,E01002584,0,-1
2020320296146,2020,320296146,1,20,0,17,19,7,4,0,0,0,5,0,1,9,4,1,1,1,1,35,6,-1,-1,-1,MERCEDES SPRINTER,2,E01025701,0,-1
2020361011775,2020,361011775,1,19,0,18,19,7,1,0,0,6,0,0,0,0,-1,1,6,6,1,63,9,2143,2,9,MERCEDES SPRINTER,9,E01026908,0,-1
2020990929666,2020,990929666,1,19,0,18,19,3,7,0,0,0,0,0,0,0,1,1,1,1,1,37,7,2143,2,6,MERCEDES SPRINTER,7,-1,0,-1
2020610036020,2020,610036020,1,19,0,18,19,4,8,0,0,8,0,4,0,0,1,1,6,6,1,50,8,2143,2,5,MERCEDES SPRINTER,8,W01001517,0,-1
2020501015834,2020,501015834,1,19,0,4,4,7,3,0,0,0,1,0,0,0,2,1,1,1,2,31,6,2143,2,0,MERCEDES SPRINTER,3,E01020225,0,-1
2020440222790,2020,440222790,2,19,0,17,19,1,5,0,0,0,1,0,0,0,3,1,1,1,1,27,6,2143,2,3,MERCEDES SPRINTER,-1,-1,0,-1
2020010262183,2020,010262183,1,90,0,7,7,7,1,0,0,5,0,0,0,0,1,1,6,6,1,36,7,2987,2,2,MERCEDES SPRINTER,3,E01017348,0,-1
2020010286130,2020,010286130,1,19,0,18,19,3,7,0,0,0,1,0,0,0,1,1,6,6,1,38,7,2143,2,6,MERCEDES SPRINTER,2,E01003324,0,-1
20201378P0263,2020,1378P0263,1,19,0,18,19,2,6,0,0,1,5,0,1,11,1,1,1,1,1,24,5,2143,2,4,MERCEDES SPRINTER,5,E01010585,0,-1
2020470933587,2020,470933587,1,19,0,18,19,3,7,0,0,1,0,0,0,0,1,1,2,2,1,32,6,2143,2,1,MERCEDES SPRINTER,5,E01021216,0,-1
2020140949097,2020,140949097,2,19,0,9,9,6,2,0,0,1,0,0,0,0,3,1,5,6,1,58,9,2143,2,8,MERCEDES SPRINTER,4,E01019252,0,-1
202006L176893,2020,06L176893,1,19,0,7,7,6,8,0,0,2,0,0,0,0,2,1,1,1,1,49,8,2143,2,7,MERCEDES SPRINTER,4,E01006388,0,-1
2020010245490,2020,010245490,2,19,0,2,2,0,0,0,0,0,0,0,0,0,2,1,6,6,3,-1,-1,2143,2,5,MERCEDES SPRINTER,-1,-1,0,-1
2020200957939,2020,200957939,2,19,0,17,19,3,1,0,0,8,0,0,0,0,1,1,1,1,1,34,6,2143,2,5,MERCEDES SPRINTER,1,E01009409,0,-1
2020140965115,2020,140965115,1,19,0,18,19,7,3,0,0,0,0,0,0,0,2,1,1,1,1,28,6,2143,2,4,MERCEDES SPRINTER,7,E01007798,0,-1
2020460989977,2020,460989977,2,20,0,5,5,7,3,0,0,1,0,0,0,0,1,1,1,1,1,52,8,2143,2,6,MERCEDES SPRINTER,8,E01021140,0,-1
2020040923708,2020,040923708,1,19,0,9,9,3,7,0,0,6,0,0,0,0,1,1,1,1,1,53,8,2143,2,7,MERCEDES SPRINTER,3,E01012694,0,-1
2020010261767,2020,010261767,1,19,0,18,19,7,3,0,0,1,0,7,0,0,1,2,1,1,1,37,7,2143,2,0,MERCEDES SPRINTER,1,E01005098,0,-1
2020010253315,2020,010253315,1,19,9,99,99,9,9,99,99,2,9,99,9,99,9,9,6,6,3,-1,-1,2143,2,4,MERCEDES SPRINTER,-1,-1,0,-1
2020010257095,2020,010257095,9,19,0,2,2,0,0,0,0,1,0,0,0,0,3,1,6,6,3,-1,-1,2143,2,4,MERCEDES SPRINTER,-1,-1,0,-1
2020137CC1102,2020,137CC1102,1,20,0,4,4,3,7,0,0,0,0,0,0,0,1,1,2,2,1,33,6,2143,2,10,MERCEDES SPRINTER,6,E01011688,0,-1