collision_index,collision_year,collision_ref_no,vehicle_reference,vehicle_type,towing_and_articulation,vehicle_manoeuvre_historic,vehicle_manoeuvre,vehicle_direction_from,vehicle_direction_to,vehicle_location_restricted_lane_historic,vehicle_location_restricted_lane,junction_location,skidding_and_overturning,hit_object_in_carriageway,vehicle_leaving_carriageway,hit_object_off_carriageway,first_point_of_impact,vehicle_left_hand_drive,journey_purpose_of_driver_historic,journey_purpose_of_driver,sex_of_driver,age_of_driver,age_band_of_driver,engine_capacity_cc,propulsion_code,age_of_vehicle,generic_make_model,driver_imd_decile,lsoa_of_driver,escooter_flag,driver_distance_banding
2020200950090,2020,200950090,1,19,0,18,19,2,6,0,0,0,0,0,0,0,1,1,1,1,1,22,5,2143,2,5,MERCEDES SPRINTER,10,E01031034,0,-1
2020450978266,2020,450978266,2,19,0,18,19,7,3,0,0,8,0,0,0,0,0,1,1,1,1,25,5,2143,2,6,MERCEDES SPRINTER,10,E01030790,0,-1
2020552001051,2020,552001051,2,19,0,17,19,4,8,0,0,0,0,0,0,0,3,1,1,1,1,53,8,2143,2,5,MERCEDES SPRINTER,10,E01015464,0,-1
2020320029934,2020,320029934,1,19,0,9,9,1,3,0,0,2,5,0,1,0,4,1,1,1,1,46,8,2143,2,2,MERCEDES SPRINTER,8,E01026289,0,-1
2020420918106,2020,420918106,1,90,0,18,19,7,3,0,0,1,0,0,0,0,3,1,1,1,1,30,6,2987,2,6,MERCEDES SPRINTER,-1,-1,0,-1
2020430309365,2020,430309365,1,19,0,18,19,6,2,0,0,1,0,0,0,0,1,1,1,1,1,55,8,2143,2,6,MERCEDES SPRINTER,8,E01010333,0,-1
2020010269254,2020,010269254,1,19,0,9,9,5,3,0,0,2,0,0,7,0,3,1,1,1,1,41,7,2143,2,8,MERCEDES SPRINTER,3,E01004274,0,-1
2020470992893,2020,470992893,2,19,0,17,19,4,1,0,0,0,0,0,0,0,1,1,1,1,1,31,6,2143,2,1,MERCEDES SPRINTER,5,E01031401,0,-1
202031D158620,2020,31D158620,2,19,0,17,19,6,4,0,0,0,0,0,0,0,1,1,1,1,1,31,6,2143,2,2,MERCEDES SPRINTER,-1,-1,0,-1
2020430426054,2020,430426054,1,19,0,4,4,7,3,0,0,1,0,0,0,0,1,1,1,1,1,45,7,2143,2,3,MERCEDES SPRINTER,8,E01014773,0,-1
2020052001060,2020,052001060,1,19,0,18,19,3,7,0,0,6,0,0,0,0,1,1,1,1,1,63,9,2143,2,3,MERCEDES SPRINTER,4,E01004961,0,-1
2020991003772,2020,991003772,1,19,0,18,19,5,1,0,0,0,0,8,0,0,1,1,1,1,1,30,6,2143,2,9,MERCEDES SPRINTER,4,-1,0,-1
2020010282672,2020,010282672,2,20,0,99,99,9,9,99,99,9,9,99,9,99,1,9,6,6,3,-1,-1,-1,-1,-1,MERCEDES SPRINTER,-1,-1,0,-1
2020211026981,2020,211026981,1,19,0,18,19,1,5,0,0,0,0,0,0,0,2,1,1,1,1,24,5,2143,2,3,MERCEDES SPRINTER,-1,-1,0,-1
2020010234243,2020,010234243,4,19,9,99,99,9,9,0,0,1,9,99,9,99,2,9,1,1,1,-1,-1,2143,2,7,MERCEDES SPRINTER,7,E01000314,0,-1
2020200997900,2020,200997900,2,19,0,2,2,0,0,0,0,2,0,0,0,0,0,1,6,6,1,66,10,2143,2,6,MERCEDES SPRINTER,9,E01009549,0,-1
2020010248156,2020,010248156,2,20,0,99,99,9,9,99,99,9,9,99,9,99,1,9,6,6,3,-1,-1,-1,-1,-1,MERCEDES SPRINTER,6,E01004351,0,-1
2020440377478,2020,440377478,1,19,0,18,19,7,3,0,0,1,0,0,0,0,1,1,1,1,1,65,9,2143,2,3,MERCEDES SPRINTER,10,E01022665,0,-1
202031C075720,2020,31C075720,2,19,0,2,2,0,0,0,0,0,0,0,0,0,3,1,1,1,1,34,6,2143,2,4,MERCEDES SPRINTER,1,E01013876,0,-1
2020990928665,2020,990928665,2,19,0,17,19,4,1,0,0,0,0,0,1,0,1,1,1,1,1,49,8,2143,2,0,MERCEDES SPRINTER,8,-1,0,-1
2020010246338,2020,010246338,2,19,0,6,6,9,9,0,0,1,9,0,0,99,3,9,1,1,3,-1,-1,2143,2,3,MERCEDES SPRINTER,-1,-1,0,-1
2020552000781,2020,552000781,3,19,0,4,4,4,8,0,0,8,0,0,0,0,2,1,1,1,1,63,9,2143,2,4,MERCEDES SPRINTER,9,E01032642,0,-1
2020160981992,2020,160981992,2,19,0,17,19,1,6,0,0,0,0,0,0,0,1,1,1,1,1,70,10,2143,2,4,MERCEDES SPRINTER,5,E01013297,0,-1
2020040963115,2020,040963115,2,19,0,4,4,3,7,0,0,0,0,0,0,0,2,1,1,1,1,30,6,2143,2,5,MERCEDES SPRINTER,-1,-1,0,-1
2020552000458,2020,552000458,3,19,0,2,2,0,0,0,0,0,0,0,0,0,2,1,1,1,1,42,7,-1,-1,-1,MERCEDES SPRINTER,4,E01015465,0,-1
2020430188839,2020,430188839,2,19,0,14,14,7,3,0,0,0,0,0,0,0,4,1,1,1,3,-1,-1,2143,2,1,MERCEDES SPRINTER,-1,-1,0,-1
2020161003873,2020,161003873,1,19,0,10,10,7,3,0,0,6,0,0,0,0,3,1,1,1,1,48,8,2143,2,2,MERCEDES SPRINTER,7,E01033106,0,-1
2020430113350,2020,430113350,1,19,0,13,13,6,2,0,0,1,0,0,0,0,1,1,1,1,1,47,8,2143,2,3,MERCEDES SPRINTER,2,E01001428,0,-1
202063D038120,2020,63D038120,2,19,0,18,19,2,7,0,0,8,5,0,0,0,3,1,1,1,1,34,6,2143,2,1,MERCEDES SPRINTER,3,W01001460,0,-1
2020220932036,2020,220932036,2,19,0,2,2,0,0,0,0,0,0,0,0,0,1,1,1,1,1,50,8,2143,2,0,MERCEDES SPRINTER,2,E01029426,0,-1
2020010249004,2020,010249004,1,19,0,99,99,9,9,99,99,2,9,99,9,99,1,1,6,6,3,44,7,2143,2,11,MERCEDES SPRINTER,2,E01002090,0,-1
2020010269102,2020,010269102,1,10,0,18,19,3,7,0,0,8,0,0,0,0,0,1,1,1,1,54,8,2143,2,3,MERCEDES SPRINTER,9,E01030704,0,-1
2020010267607,2020,010267607,1,19,0,1,1,3,1,0,0,1,0,0,0,0,2,1,1,1,1,20,4,2143,2,3,MERCEDES SPRINTER,1,E01004005,0,-1
2020010283560,2020,010283560,1,19,0,16,19,3,7,0,0,2,0,11,7,11,1,1,1,1,1,37,7,2143,2,6,MERCEDES SPRINTER,3,E01001629,0,-1
2020430233922,2020,430233922,2,19,0,18,19,8,4,0,0,0,0,0,0,0,3,1,1,1,1,56,9,2143,2,5,MERCEDES SPRINTER,8,E01015472,0,-1
202054B417320,2020,54B417320,1,19,0,9,9,2,8,0,0,1,0,0,0,0,1,1,6,6,1,55,8,2143,2,4,MERCEDES SPRINTER,7,E01015474,0,-1
2020340D04952,2020,340D04952,4,19,0,18,19,7,3,0,0,0,0,0,0,0,1,1,1,1,1,54,8,2143,2,8,MERCEDES SPRINTER,5,E01009616,0,-1
2020500938523,2020,500938523,5,19,0,18,19,7,3,0,0,0,1,1,0,0,1,1,1,1,1,51,8,2143,2,1,MERCEDES SPRINTER,5,E01019438,0,-1
2020100978220,2020,100978220,1,19,0,5,5,4,3,0,0,0,0,0,0,0,0,1,1,1,1,43,7,2143,2,0,MERCEDES SPRINTER,-1,-1,0,-1
2020010253822,2020,010253822,2,19,0,99,99,9,9,99,99,9,9,99,9,99,9,9,6,6,3,-1,-1,2151,2,16,MERCEDES SPRINTER,2,E01003320,0,-1
2020520101339,2020,520101339,2,19,0,16,19,3,7,0,0,0,0,0,0,0,1,1,6,6,1,27,6,2143,2,4,MERCEDES SPRINTER,4,E01032090,0,-1
2020500996325,2020,500996325,2,19,4,4,4,1,5,0,0,0,0,0,0,0,2,1,5,6,1,72,10,2143,2,5,MERCEDES SPRINTER,8,E01022178,0,-1
2020370987485,2020,370987485,1,19,0,18,19,3,7,0,0,2,0,0,1,9,1,1,1,1,1,38,7,-1,-1,-1,MERCEDES SPRINTER,2,E01033124,0,-1
2020010260495,2020,010260495,3,19,0,10,10,1,7,0,0,5,0,10,7,0,2,1,1,1,1,39,7,2143,2,6,MERCEDES SPRINTER,2,E01000057,0,-1
2020332000326,2020,332000326,2,19,0,5,5,3,7,0,0,8,0,0,0,0,1,1,1,1,1,56,9,2143,2,4,MERCEDES SPRINTER,3,E01013517,0,-1
2020231003426,2020,231003426,2,19,0,4,4,5,1,0,0,0,0,0,0,0,4,1,1,1,1,59,9,2143,2,2,MERCEDES SPRINTER,4,E01031238,0,-1
2020230987769,2020,230987769,1,19,0,5,5,3,7,0,0,6,0,0,0,0,1,1,1,1,1,38,7,2143,2,2,MERCEDES SPRINTER,7,E01029719,0,-1
2020231009950,2020,231009950,1,19,0,4,4,7,3,0,0,0,0,0,0,0,2,1,1,1,1,32,6,2143,2,2,MERCEDES SPRINTER,3,E01010427,0,-1
2020520004905,2020,520004905,1,20,0,9,9,2,8,0,0,8,0,0,0,0,4,1,6,6,1,24,5,-1,-1,-1,MERCEDES SPRINTER,1,E01014829,0,-1
2020400933155,2020,400933155,2,19,0,2,2,0,0,0,0,0,0,0,0,0,1,1,6,6,1,27,6,2143,2,7,MERCEDES SPRINTER,10,E01017438,0,-1
2020010229340,2020,010229340,1,19,0,18,19,5,1,0,0,0,0,4,0,0,1,1,4,7,1,23,5,2143,2,9,MERCEDES SPRINTER,5,E01002443,0,-1
2020170S21570,2020,170S21570,2,10,0,18,19,8,4,0,0,8,0,0,0,0,4,1,1,1,1,55,8,2143,2,2,MERCEDES SPRINTER,6,E01012260,0,-1
2020220964854,2020,220964854,1,19,0,9,9,3,1,0,0,5,0,0,0,0,4,1,1,1,1,30,6,2143,2,4,MERCEDES SPRINTER,6,E01009880,0,-1
2020460979533,2020,460979533,1,19,0,12,12,6,2,0,0,1,0,0,0,0,0,1,1,1,1,18,4,2143,2,2,MERCEDES SPRINTER,8,E01024053,0,-1
2020010277140,2020,010277140,2,19,0,9,9,5,3,0,0,5,0,0,0,0,1,1,1,1,1,30,6,2143,2,0,MERCEDES SPRINTER,3,E01002264,0,-1
2020010277594,2020,010277594,2,19,0,99,99,9,9,99,99,9,9,99,9,99,9,9,6,6,3,-1,-1,2143,2,7,MERCEDES SPRINTER,6,E01003285,0,-1
2020010264752,2020,010264752,1,19,0,1,1,6,2,0,0,0,0,0,0,0,2,1,1,1,1,28,6,2143,2,1,MERCEDES SPRINTER,4,E01024178,0,-1
2020010280770,2020,010280770,2,19,0,99,99,9,9,99,99,9,9,99,9,99,2,9,6,6,3,36,7,2148,2,13,MERCEDES SPRINTER,4,E01000561,0,-1
2020520002838,2020,520002838,1,19,0,18,19,4,8,0,0,0,0,0,0,0,1,1,6,6,1,41,7,2143,2,1,MERCEDES SPRINTER,7,E01032670,0,-1
2020040925305,2020,040925305,1,19,0,17,19,1,1,0,0,0,0,10,1,1,1,1,1,1,1,49,8,2143,2,9,MERCEDES SPRINTER,2,E01010059,0,-1
2020990989654,2020,990989654,1,19,0,6,6,2,2,0,0,1,0,0,7,0,3,1,1,1,1,40,7,2143,2,3,MERCEDES SPRINTER,8,-1,0,-1
2020010268488,2020,010268488,1,19,0,3,3,1,5,0,0,1,0,0,0,0,0,1,1,1,1,-1,-1,2987,2,1,MERCEDES SPRINTER,4,E01001247,0,-1
2020030919541,2020,030919541,2,20,0,2,2,0,0,0,0,0,0,0,0,0,2,1,1,1,1,30,6,-1,-1,-1,MERCEDES SPRINTER,5,E01019233,0,-1
2020450962436,2020,450962436,2,19,0,18,19,6,2,0,0,0,0,0,0,0,1,1,1,1,1,41,7,2143,2,5,MERCEDES SPRINTER,4,E01033424,0,-1
202031C094320,2020,31C094320,2,19,0,7,7,4,6,0,0,6,0,0,0,0,1,1,1,1,1,38,7,2143,2,7,MERCEDES SPRINTER,3,E01013873,0,-1
2020332000102,2020,332000102,1,19,0,18,19,1,5,0,0,8,1,0,0,0,1,1,1,1,1,45,7,2143,2,4,MERCEDES SPRINTER,1,E01013730,0,-1
2020052001425,2020,052001425,1,19,4,18,19,5,1,0,0,0,0,0,0,0,1,1,1,1,1,31,6,2143,2,5,MERCEDES SPRINTER,7,E01029393,0,-1
2020010274044,2020,010274044,1,19,0,17,19,3,7,0,0,0,0,0,0,0,1,1,1,1,1,28,6,2143,2,5,MERCEDES SPRINTER,8,E01003426,0,-1
2020010231546,2020,010231546,1,19,0,99,99,9,9,0,0,0,0,0,0,0,1,1,6,6,3,-1,-1,2143,2,9,MERCEDES SPRINTER,6,E01001565,0,-1
2020500964624,2020,500964624,2,19,0,4,4,5,1,0,0,0,0,0,0,0,1,1,1,1,1,39,7,2143,2,2,MERCEDES SPRINTER,5,E01020006,0,-1
2020420986305,2020,420986305,1,19,0,18,19,5,1,0,0,0,0,0,7,0,1,1,1,1,1,41,7,2143,2,0,MERCEDES SPRINTER,6,E01017578,0,-1
202031C143920,2020,31C143920,1,19,0,18,19,7,3,0,0,0,0,0,0,0,1,1,1,1,1,61,9,2143,2,0,MERCEDES SPRINTER,10,E01028123,0,-1
2020122000856,2020,122000856,1,19,0,9,9,1,7,0,0,8,0,0,0,0,1,1,1,1,1,20,4,2143,2,1,MERCEDES SPRINTER,10,E01007147,0,-1
2020010231623,2020,010231623,2,19,0,15,15,2,6,0,0,0,0,0,1,0,1,1,6,6,1,50,8,2143,2,8,MERCEDES SPRINTER,-1,-1,0,-1
2020990957187,2020,990957187,1,19,0,9,9,4,2,0,0,5,0,0,0,0,1,1,2,2,1,33,6,2143,2,5,MERCEDES SPRINTER,3,-1,0,-1
2020450947920,2020,450947920,2,19,0,4,4,7,3,0,0,0,0,0,0,0,1,1,1,1,1,48,8,2143,2,5,MERCEDES SPRINTER,4,E01002098,0,-1
2020500988381,2020,500988381,1,20,0,4,4,5,1,0,0,0,0,0,0,0,2,1,5,6,1,49,8,-1,-1,-1,MERCEDES SPRINTER,4,E01018948,0,-1
2020122000596,2020,122000596,2,19,4,17,19,2,6,0,0,8,0,0,7,0,1,1,6,6,1,48,8,2143,2,2,MERCEDES SPRINTER,8,E01033465,0,-1
2020010263186,2020,010263186,2,19,0,99,99,9,9,99,99,9,9,99,9,99,9,9,6,6,3,32,6,2143,2,3,MERCEDES SPRINTER,6,E01030995,0,-1
202006P177023,2020,06P177023,1,19,0,18,19,2,6,0,0,0,0,0,0,0,4,1,6,6,1,32,6,2148,2,12,MERCEDES SPRINTER,2,E01005105,0,-1
2020010253681,2020,010253681,1,19,0,18,19,5,1,0,0,0,0,10,1,7,1,1,1,1,1,30,6,2151,2,17,MERCEDES SPRINTER,2,E01033581,0,-1
2020010249118,2020,010249118,1,19,0,14,14,3,7,0,0,0,0,0,0,0,3,1,6,6,1,41,7,2143,2,7,MERCEDES SPRINTER,9,E01029744,0,-1
2020010266854,2020,010266854,2,19,0,99,99,9,9,99,99,9,9,99,9,99,9,9,6,6,3,-1,-1,2143,2,5,MERCEDES SPRINTER,-1,-1,0,-1
202017M114320,2020,17M114320,1,19,0,1,1,7,3,0,0,1,0,0,0,0,2,1,1,1,1,31,6,2143,2,6,MERCEDES SPRINTER,4,E01032544,0,-1
2020010241128,2020,010241128,1,19,0,5,5,3,7,0,0,7,0,0,0,0,1,1,1,1,1,38,7,2143,2,8,MERCEDES SPRINTER,4,E01031610,0,-1
2020430423348,2020,430423348,1,19,0,18,19,4,8,0,0,6,0,0,0,0,1,1,1,1,1,32,6,2143,2,1,MERCEDES SPRINTER,5,E01032716,0,-1
2020210997903,2020,210997903,1,19,0,4,4,7,3,0,0,1,0,0,0,0,3,1,6,6,1,19,4,2143,2,6,MERCEDES SPRINTER,4,E01014106,0,-1
2020360975321,2020,360975321,1,19,0,18,19,3,3,0,0,1,0,0,0,0,4,1,1,1,1,35,6,2143,2,5,MERCEDES SPRINTER,2,E01033436,0,-1
2020340K02882,2020,340K02882,1,19,0,18,19,5,1,0,0,8,0,0,0,0,1,1,6,6,1,-1,-1,2143,2,2,MERCEDES SPRINTER,-1,-1,0,-1
2020522101022,2020,522101022,1,19,0,18,19,1,5,0,0,8,0,0,0,0,1,1,6,6,1,26,6,2143,2,4,MERCEDES SPRINTER,1,E01014516,0,-1
2020522004697,2020,522004697,2,19,0,18,19,7,3,0,0,4,0,0,0,0,2,1,1,1,3,-1,-1,2143,2,0,MERCEDES SPRINTER,-1,-1,0,-1
2020480934978,2020,480934978,1,19,0,5,5,1,5,0,0,0,0,0,0,0,3,1,1,1,1,31,6,2143,2,3,MERCEDES SPRINTER,2,E01021092,0,-1
2020501006015,2020,501006015,2,9,0,4,4,3,7,0,0,0,0,0,0,0,1,1,5,6,1,52,8,2143,2,3,-1,2,E01015026,0,-1
2020500955577,2020,500955577,1,19,0,18,19,1,5,0,0,8,1,0,0,0,1,1,1,1,1,53,8,2143,2,1,MERCEDES SPRINTER,6,E01020056,0,-1
2020440376244,2020,440376244,2,19,0,18,19,6,2,0,0,0,0,0,0,0,1,1,1,1,1,41,7,2143,2,2,MERCEDES SPRINTER,3,E01019667,0,-1
2020010286196,2020,010286196,2,19,0,99,99,9,9,99,99,9,9,99,9,99,1,9,6,6,3,30,6,2143,2,6,MERCEDES SPRINTER,-1,-1,0,-1
2020010264377,2020,010264377,1,19,0,5,5,3,7,0,0,4,0,0,0,0,1,1,1,1,1,35,6,2148,2,15,MERCEDES SPRINTER,7,E01000334,0,-1
2020010273686,2020,010273686,2,19,0,99,99,9,9,99,99,9,9,99,9,99,1,9,6,6,3,-1,-1,2143,2,6,MERCEDES SPRINTER,-1,-1,0,-1
2020500968002,2020,500968002,1,19,0,1,1,1,5,0,0,0,0,0,0,0,2,1,1,1,1,27,6,2143,2,1,MERCEDES SPRINTER,6,E01018752,0,-1
2020440071461,2020,440071461,2,19,0,4,4,4,8,0,0,0,0,0,0,0,2,1,6,6,1,-1,-1,2143,2,7,MERCEDES SPRINTER,-1,-1,0,-1
2020101012940,2020,101012940,1,9,0,18,19,7,3,0,0,0,0,0,0,0,1,1,6,6,1,54,8,2143,2,1,-1,2,E01008221,0,-1
2020430026865,2020,430026865,3,20,0,18,19,3,7,0,0,0,0,0,0,0,3,1,2,2,1,48,8,-1,-1,-1,MERCEDES SPRINTER,6,E01023390,0,-1
202006XN69954,2020,06XN69954,1,19,0,4,4,1,5,0,0,0,0,0,0,0,0,1,6,6,1,43,7,2143,2,8,MERCEDES SPRINTER,4,E01005436,0,-1
2020622001086,2020,622001086,2,19,0,18,19,4,8,0,0,8,0,0,0,0,1,1,1,1,1,23,5,2143,2,0,MERCEDES SPRINTER,2,W01001253,0,-1
2020140950281,2020,140950281,2,19,0,4,4,8,4,0,0,0,0,0,1,0,2,1,1,1,1,31,6,2143,2,3,MERCEDES SPRINTER,1,E01007662,0,-1
202063A037620,2020,63A037620,2,19,0,18,19,8,4,0,0,0,0,0,0,0,1,1,6,6,1,56,9,2148,2,14,MERCEDES SPRINTER,1,E01014581,0,-1
2020160987020,2020,160987020,3,19,0,4,4,6,2,0,0,0,0,0,0,0,2,1,1,1,1,72,10,2143,2,3,MERCEDES SPRINTER,4,E01013227,0,-1
2020440433252,2020,440433252,1,19,0,3,3,2,6,0,0,1,0,0,0,0,2,1,1,1,1,40,7,2143,2,2,MERCEDES SPRINTER,4,E01017058,0,-1
20201377B1360,2020,1377B1360,1,19,0,1,1,7,3,0,0,0,0,0,0,0,2,1,6,6,1,-1,-1,2143,2,2,MERCEDES SPRINTER,-1,-1,0,-1
20201376O0892,2020,1376O0892,3,19,0,18,19,1,5,0,0,0,0,0,0,0,1,1,1,1,1,48,8,2143,2,1,MERCEDES SPRINTER,4,E01013460,0,-1
2020010266691,2020,010266691,1,19,0,99,99,9,9,99,99,0,9,99,9,99,9,9,6,6,1,58,9,2143,2,6,MERCEDES SPRINTER,2,E01001172,0,-1
2020450959065,2020,450959065,1,20,0,9,9,3,7,0,0,0,0,0,0,0,3,1,5,6,1,40,7,-1,-1,-1,MERCEDES SPRINTER,6,E01024568,0,-1
2020010271990,2020,010271990,2,19,9,99,99,9,9,99,99,9,9,99,9,99,9,9,6,6,1,34,6,2143,2,5,MERCEDES SPRINTER,5,E01002213,0,-1
2020010251564,2020,010251564,1,19,0,99,99,9,9,99,99,9,9,99,9,99,2,9,6,6,1,51,8,2143,2,0,MERCEDES SPRINTER,9,E01001532,0,-1
2020470993700,2020,470993700,2,20,0,18,19,3,7,0,0,8,0,0,0,0,1,1,1,1,1,34,6,-1,-1,-1,MERCEDES SPRINTER,4,E01016977,0,-1
2020350973184,2020,350973184,1,19,0,1,1,3,7,0,0,0,0,0,0,0,2,1,1,1,1,32,6,2143,2,11,MERCEDES SPRINTER,8,E01023879,0,-1
2020010267099,2020,010267099,1,19,0,7,7,3,5,0,0,5,0,0,0,0,4,1,6,6,1,39,7,2143,2,1,MERCEDES SPRINTER,2,E01003558,0,-1
2020122000183,2020,122000183,1,19,0,3,3,5,1,0,0,0,0,0,0,0,4,1,1,1,3,-1,-1,2143,2,2,MERCEDES SPRINTER,-1,-1,0,-1
2020010275934,2020,010275934,2,20,0,1,1,4,8,0,0,6,0,0,0,0,1,1,1,1,1,46,8,2143,2,5,MERCEDES SPRINTER,3,E01004126,0,-1
2020990939424,2020,990939424,2,19,0,18,19,1,5,0,0,1,0,0,0,0,1,1,1,1,1,39,7,2143,2,4,MERCEDES SPRINTER,5,-1,0,-1
2020410985712,2020,410985712,2,20,0,18,19,3,6,0,0,2,0,0,0,0,1,1,1,1,1,39,7,-1,-1,-1,MERCEDES SPRINTER,8,E01017624,0,-1
2020160994607,2020,160994607,2,19,0,18,19,8,4,0,0,0,0,0,0,0,1,1,6,6,1,-1,-1,2143,2,1,MERCEDES SPRINTER,-1,-1,0,-1
2020010244513,2020,010244513,1,19,0,5,5,1,5,0,0,6,0,0,1,0,1,1,1,1,1,50,8,2143,2,1,MERCEDES SPRINTER,8,E01003812,0,-1
2020320539783,2020,320539783,1,19,0,1,1,1,5,0,0,2,0,0,0,0,2,1,6,6,3,40,7,2143,2,1,MERCEDES SPRINTER,-1,-1,0,-1
2020010270282,2020,010270282,2,19,4,18,19,5,1,0,0,7,0,0,0,0,2,1,1,1,1,36,7,2143,2,1,MERCEDES SPRINTER,-1,-1,0,-1
2020430426054,2020,430426054,3,19,0,4,4,7,3,0,0,1,0,0,0,0,2,1,1,1,1,22,5,2143,2,1,MERCEDES SPRINTER,4,E01011499,0,-1
2020010242410,2020,010242410,2,19,0,18,19,1,5,0,0,0,0,0,0,0,1,1,1,1,1,39,7,2143,2,9,MERCEDES SPRINTER,2,E01003191,0,-1
2020430186542,2020,430186542,2,19,0,9,9,1,7,0,0,1,0,0,0,0,4,1,1,1,1,26,6,2143,2,4,MERCEDES SPRINTER,-1,-1,0,-1
2020010281147,2020,010281147,1,19,0,10,10,5,3,0,0,8,0,0,0,0,4,1,1,1,1,59,9,2143,2,4,MERCEDES SPRINTER,2,E01000600,0,-1
202054B941820,2020,54B941820,2,19,0,2,2,0,0,0,0,1,0,0,0,0,1,1,1,1,1,52,8,2987,2,1,MERCEDES SPRINTER,6,E01022225,0,-1
2020302001508,2020,302001508,2,19,0,3,3,1,5,0,0,0,0,0,0,0,2,1,6,6,2,46,8,2143,2,10,MERCEDES SPRINTER,9,E01013596,0,-1
2020460931251,2020,460931251,2,19,0,18,19,5,1,0,0,0,0,0,0,0,1,1,6,6,1,47,8,2143,2,1,MERCEDES SPRINTER,8,E01016095,0,-1
2020450923057,2020,450923057,2,10,0,18,19,1,5,0,0,0,0,0,0,0,1,1,1,1,1,47,8,2143,2,3,MERCEDES SPRINTER,9,E01003870,0,-1
2020010262459,2020,010262459,1,90,0,18,19,7,3,0,0,8,0,0,0,0,1,1,1,1,2,49,8,2987,2,0,MERCEDES SPRINTER,10,E01000425,0,-1
2020420960112,2020,420960112,1,19,0,5,5,4,8,0,0,0,0,0,0,0,2,1,1,1,1,34,6,2143,2,5,MERCEDES SPRINTER,5,E01021602,0,-1
2020320203287,2020,320203287,1,19,0,1,1,6,2,0,0,8,0,0,0,0,0,1,1,1,1,57,9,2143,2,4,MERCEDES SPRINTER,1,E01026176,0,-1
2020460981633,2020,460981633,3,19,0,14,14,3,7,0,0,1,0,0,0,0,1,1,1,1,1,52,8,2143,2,1,MERCEDES SPRINTER,5,E01024134,0,-1
2020410985670,2020,410985670,1,19,0,9,9,1,5,9,9,1,0,4,7,0,1,1,1,1,1,40,7,2143,2,3,MERCEDES SPRINTER,2,E01003556,0,-1
2020430027219,2020,430027219,1,19,0,9,9,3,1,0,0,6,0,0,0,0,1,1,6,6,1,48,8,2143,2,7,MERCEDES SPRINTER,9,E01023094,0,-1
2020141010619,2020,141010619,3,19,0,18,19,8,4,0,0,0,0,0,0,0,2,1,6,6,1,27,6,2143,2,0,MERCEDES SPRINTER,2,E01007697,0,-1
2020440501204,2020,440501204,1,90,0,13,13,6,2,0,0,8,0,0,0,0,1,1,1,1,1,43,7,2987,2,5,MERCEDES SPRINTER,8,E01022758,0,-1
20201378J1094,2020,1378J1094,1,19,0,18,19,5,1,0,0,8,0,0,5,11,1,1,6,6,2,38,7,2143,2,9,MERCEDES SPRINTER,7,E01011383,0,-1
2020122100059,2020,122100059,1,20,0,18,19,2,6,0,0,0,0,0,1,9,1,1,1,1,1,22,5,-1,-1,-1,MERCEDES SPRINTER,1,E01012083,0,-1
2020460975956,2020,460975956,2,19,0,18,19,7,3,0,0,3,0,0,0,0,4,1,1,1,1,32,6,2143,2,0,MERCEDES SPRINTER,1,E01024613,0,-1
2020031007064,2020,031007064,1,19,0,4,4,8,4,0,0,1,0,0,0,0,1,1,1,1,1,36,7,2143,2,2,MERCEDES SPRINTER,4,E01019094,0,-1
2020610034620,2020,610034620,1,19,0,18,19,3,7,0,0,0,0,11,0,0,1,1,6,6,1,42,7,2143,2,5,MERCEDES SPRINTER,-1,-1,0,-1
2020010272983,2020,010272983,1,90,0,99,99,9,9,99,99,9,9,99,9,99,9,9,6,6,2,56,9,2143,2,10,MERCEDES SPRINTER,3,E01001409,0,-1
2020040933971,2020,040933971,1,19,0,18,19,1,5,0,0,0,1,0,5,6,1,1,1,1,1,26,6,2148,2,13,MERCEDES SPRINTER,1,E01010928,0,-1
2020010252960,2020,010252960,1,20,0,4,4,7,3,0,0,1,0,0,0,0,3,1,1,1,1,50,8,-1,-1,-1,MERCEDES SPRINTER,3,E01002404,0,-1
2020360984879,2020,360984879,1,19,0,4,4,7,3,0,0,1,0,0,0,0,2,1,1,1,1,26,6,2143,2,2,MERCEDES SPRINTER,3,E01033439,0,-1
2020420941954,2020,420941954,2,19,0,17,19,5,1,0,0,8,0,0,0,0,1,1,6,6,1,47,8,2148,2,13,MERCEDES SPRINTER,5,E01021393,0,-1
2020070321840,2020,070321840,1,19,0,14,14,1,5,0,0,0,0,0,0,0,3,1,6,6,1,-1,-1,2143,2,1,MERCEDES SPRINTER,-1,-1,0,-1
2020990994099,2020,990994099,1,19,0,7,7,6,1,0,0,1,0,0,0,0,1,1,6,6,1,33,6,2143,2,3,MERCEDES SPRINTER,10,-1,0,-1