collision_index,collision_year,collision_ref_no,vehicle_reference,vehicle_type,towing_and_articulation,vehicle_manoeuvre_historic,vehicle_manoeuvre,vehicle_direction_from,vehicle_direction_to,vehicle_location_restricted_lane_historic,vehicle_location_restricted_lane,junction_location,skidding_and_overturning,hit_object_in_carriageway,vehicle_leaving_carriageway,hit_object_off_carriageway,first_point_of_impact,vehicle_left_hand_drive,journey_purpose_of_driver_historic,journey_purpose_of_driver,sex_of_driver,age_of_driver,age_band_of_driver,engine_capacity_cc,propulsion_code,age_of_vehicle,generic_make_model,driver_imd_decile,lsoa_of_driver,escooter_flag,driver_distance_banding
2020160961914,2020,160961914,1,9,0,18,19,6,2,0,0,0,5,0,0,0,1,1,5,6,1,43,7,2184,2,16,NISSAN PRIMERA,1,E01012798,0,-1
2020010234090,2020,010234090,2,9,0,99,99,9,9,0,0,0,0,99,0,0,9,9,-1,-1,3,-1,-1,1769,1,15,NISSAN PRIMERA,-1,-1,0,-1
2020100979166,2020,100979166,2,9,0,5,5,3,1,0,0,2,0,0,0,0,3,1,5,6,1,66,10,1769,1,15,NISSAN PRIMERA,1,E01008380,0,-1
2020010250598,2020,010250598,1,9,0,17,19,3,7,0,0,0,1,0,7,4,1,1,6,6,1,20,4,1769,1,15,NISSAN PRIMERA,-1,-1,0,-1
2020200933833,2020,200933833,1,9,0,18,19,6,2,0,0,0,0,10,1,2,1,1,6,6,1,26,6,2184,2,15,NISSAN PRIMERA,2,E01009872,0,-1
2020460935638,2020,460935638,3,9,0,18,19,6,2,0,0,0,1,0,0,0,3,1,5,6,2,26,6,1998,1,22,NISSAN PRIMERA,4,E01024204,0,-1
2020461000880,2020,461000880,2,9,0,10,10,6,2,0,0,1,0,0,0,0,1,1,5,6,1,17,4,2184,2,16,NISSAN PRIMERA,8,E01024760,0,-1
2020500925505,2020,500925505,2,9,0,10,10,3,7,0,0,0,0,0,0,0,2,1,6,6,2,49,8,1769,1,16,NISSAN PRIMERA,4,E01020320,0,-1
2020010251156,2020,010251156,1,9,0,12,12,7,3,6,6,0,1,0,7,4,1,1,2,2,1,48,8,1769,1,18,NISSAN PRIMERA,-1,-1,0,-1
20201375G0566,2020,1375G0566,2,9,0,18,19,6,2,0,0,0,0,0,0,0,2,1,6,6,2,89,11,1769,1,14,NISSAN PRIMERA,7,E01010726,0,-1
202006A276063,2020,06A276063,1,9,0,18,19,4,8,0,0,1,0,0,0,0,1,1,6,6,1,57,9,2184,2,16,NISSAN PRIMERA,-1,-1,0,-1
2020460943531,2020,460943531,1,9,0,9,9,1,7,0,0,1,0,0,0,0,1,1,5,6,1,86,11,1998,1,15,NISSAN PRIMERA,8,E01000671,0,-1
2020030982795,2020,030982795,2,9,0,4,4,7,3,0,0,1,0,0,0,0,4,1,6,6,1,73,10,1998,1,16,NISSAN PRIMERA,10,E01019393,0,-1
2020040924874,2020,040924874,1,9,0,18,19,5,1,0,0,8,0,0,0,0,1,1,1,1,1,38,7,1998,1,16,NISSAN PRIMERA,2,E01025274,0,-1
2020010248767,2020,010248767,2,9,0,99,99,9,9,0,0,8,0,0,0,0,9,9,6,6,3,-1,-1,1998,1,16,NISSAN PRIMERA,6,E01030399,0,-1
2020546000320,2020,546000320,1,9,0,15,15,6,2,0,0,0,0,0,0,0,1,1,3,7,1,43,7,1597,1,22,NISSAN PRIMERA,8,E01032053,0,-1
2020010262992,2020,010262992,4,9,0,2,2,0,0,0,0,0,0,0,0,0,2,1,6,6,3,-1,-1,1597,1,19,NISSAN PRIMERA,-1,-1,0,-1
2020360999890,2020,360999890,1,9,0,18,19,1,5,0,0,0,0,0,0,0,1,1,6,6,1,26,6,1769,1,18,NISSAN PRIMERA,6,E01026549,0,-1
2020430323583,2020,430323583,1,9,0,1,1,2,6,9,9,6,0,0,0,0,2,1,6,6,2,49,8,1769,1,15,NISSAN PRIMERA,-1,-1,0,-1
2020010274302,2020,010274302,1,9,0,18,19,3,7,0,0,1,0,0,0,0,1,1,2,2,1,66,10,1769,1,15,NISSAN PRIMERA,-1,-1,0,-1
2020340N02702,2020,340N02702,1,9,0,18,19,6,2,0,0,1,0,0,0,0,1,1,6,6,1,30,6,1769,1,16,NISSAN PRIMERA,-1,-1,0,-1
2020010273074,2020,010273074,2,9,0,10,10,3,1,0,0,2,0,0,0,0,1,1,1,1,1,64,9,1597,1,21,NISSAN PRIMERA,8,E01002238,0,-1
2020230914810,2020,230914810,2,9,0,18,19,7,3,0,0,2,0,0,1,0,1,1,5,6,1,34,6,2184,2,16,NISSAN PRIMERA,1,E01009564,0,-1
2020010254004,2020,010254004,2,9,9,99,99,9,9,99,99,0,9,99,9,99,9,9,6,6,3,-1,-1,1769,1,17,NISSAN PRIMERA,9,E01003847,0,-1
2020010257421,2020,010257421,2,9,0,9,9,3,1,0,0,8,0,0,1,0,4,1,6,6,1,62,9,1769,1,14,NISSAN PRIMERA,-1,-1,0,-1
2020010275308,2020,010275308,1,9,0,8,8,5,7,0,0,0,0,0,0,0,2,1,3,7,1,63,9,1769,1,17,NISSAN PRIMERA,6,E01002940,0,-1
2020220976412,2020,220976412,2,9,0,18,19,7,3,0,0,6,0,0,0,0,4,1,5,6,1,58,9,1769,1,16,NISSAN PRIMERA,7,E01016840,0,-1
2020220927967,2020,220927967,1,9,0,9,9,6,4,0,0,5,0,0,0,0,1,1,5,6,2,35,6,2184,2,17,NISSAN PRIMERA,2,E01014074,0,-1
2020470982374,2020,470982374,1,9,0,18,19,2,6,0,0,0,0,0,0,0,1,1,1,1,1,38,7,1769,1,18,NISSAN PRIMERA,3,E01031492,0,-1
2020010236909,2020,010236909,2,9,0,99,99,9,9,99,99,0,0,99,9,99,1,1,6,6,1,-1,-1,1998,1,16,NISSAN PRIMERA,-1,-1,0,-1
2020040932968,2020,040932968,1,3,0,18,19,7,3,0,0,0,0,0,0,0,1,1,1,1,1,25,5,124,1,9,-1,1,E01012647,0,-1
2020411028829,2020,411028829,1,4,0,9,9,2,6,0,0,3,5,0,0,0,3,1,5,6,2,17,4,124,1,14,-1,6,E01023764,0,-1
2020122001129,2020,122001129,2,3,0,14,14,5,1,0,0,1,0,0,0,0,4,1,1,1,1,47,8,124,1,6,-1,8,E01013430,0,-1
2020420997729,2020,420997729,2,3,0,18,19,8,4,0,0,0,0,0,0,0,1,1,1,1,1,26,6,124,1,13,-1,1,E01021665,0,-1
2020100977044,2020,100977044,1,3,0,18,19,1,5,0,0,8,1,11,1,2,4,1,5,6,1,34,6,124,1,14,-1,-1,-1,0,-1
2020420941095,2020,420941095,2,3,0,3,3,6,2,0,0,3,2,4,0,0,2,1,5,6,1,23,5,125,1,1,SYM JET 125,1,E01021703,0,-1
2020160991410,2020,160991410,2,23,0,18,19,4,8,0,0,0,0,0,0,0,3,1,6,6,1,40,7,125,1,2,-1,-1,-1,0,-1
2020350991133,2020,350991133,1,23,0,18,19,3,1,0,0,8,1,0,0,0,0,1,1,1,1,22,5,125,1,1,-1,5,E01015651,0,-1
2020010280148,2020,010280148,1,3,9,99,99,9,9,99,99,0,9,99,9,99,2,1,2,2,1,31,6,125,1,0,SYM JET 125,3,E01000245,0,-1
2020100933518,2020,100933518,1,4,0,18,19,7,3,0,0,4,1,9,0,0,1,1,6,6,3,16,4,125,1,1,-1,-1,-1,0,-1
2020450958032,2020,450958032,1,3,0,18,19,2,6,0,0,1,0,0,0,0,3,1,6,6,1,20,4,125,1,3,SYM JET 125,5,E01030980,0,-1
2020010244017,2020,010244017,1,3,0,14,14,1,5,0,0,1,9,0,0,99,1,1,6,6,1,26,6,125,1,3,SYM JET 125,4,E01001085,0,-1
2020010269870,2020,010269870,2,3,0,18,19,3,7,0,0,8,0,0,7,0,3,1,6,6,1,-1,-1,125,1,1,SYM JET 125,-1,-1,0,-1
2020010268343,2020,010268343,1,2,0,18,19,4,8,0,0,4,0,9,0,0,4,1,2,2,1,19,4,125,1,0,-1,4,E01002643,0,-1
2020010280068,2020,010280068,1,3,0,99,99,9,9,99,99,9,9,99,9,99,2,1,2,2,1,46,8,125,1,2,SYM JET 125,6,E01023305,0,-1
2020010233192,2020,010233192,1,3,0,99,99,9,9,99,99,9,9,99,9,99,1,1,6,6,1,25,5,125,1,1,SYM JET 125,2,E01003151,0,-1
2020461009117,2020,461009117,2,3,0,18,19,2,6,0,0,8,0,0,0,0,1,1,5,6,1,21,5,125,1,2,SYM JET 125,2,E01024093,0,-1
2020070602873,2020,070602873,1,2,0,4,4,4,1,0,0,1,1,0,0,0,0,1,6,6,2,29,6,125,1,2,-1,-1,-1,0,-1
2020470930445,2020,470930445,2,4,0,18,19,4,8,0,0,1,0,0,0,0,4,1,6,6,1,55,8,125,1,1,-1,7,E01020938,0,-1
2020360959960,2020,360959960,1,3,0,17,19,3,7,0,0,0,1,0,0,0,3,1,2,2,1,21,5,125,1,1,SYM JET 125,2,E01026700,0,-1
2020010273861,2020,010273861,2,3,0,13,13,1,5,0,0,8,0,0,0,0,4,1,2,2,1,34,6,125,1,0,SYM JET 125,1,E01003192,0,-1
2020052002270,2020,052002270,1,3,0,18,19,5,1,0,0,0,1,0,0,0,1,1,6,6,1,25,5,125,1,0,SYM JET 125,2,E01007125,0,-1
2020040982376,2020,040982376,1,3,0,18,19,1,5,0,0,3,0,10,1,10,1,1,2,2,1,28,6,125,1,0,SYM JET 125,5,E01025030,0,-1
202031C080020,2020,31C080020,1,3,0,18,19,1,5,0,0,8,1,0,0,0,0,1,1,1,1,39,7,125,1,2,SYM JET 125,1,E01013855,0,-1
2020010247124,2020,010247124,1,5,0,9,9,1,7,0,0,8,0,0,0,0,3,1,6,6,1,-1,-1,865,1,6,TRIUMPH SPEED MASTER 865,3,E01003630,0,-1
2020170H10330,2020,170H10330,1,5,0,4,4,6,2,0,0,1,1,0,0,0,4,1,6,6,1,67,10,865,1,13,TRIUMPH SPEED MASTER 865,3,E01011964,0,-1
2020221004162,2020,221004162,1,5,0,13,13,3,7,0,0,8,0,0,0,0,1,1,2,2,1,35,6,865,1,6,TRIUMPH SPEED MASTER 865,6,E01032244,0,-1
2020160982500,2020,160982500,1,5,0,15,15,7,3,0,0,0,0,0,0,0,1,1,6,6,1,52,8,865,1,15,TRIUMPH SPEED MASTER 865,-1,-1,0,-1
2020990976654,2020,990976654,1,5,0,16,19,7,3,0,0,0,1,0,0,0,1,1,5,6,1,72,10,865,1,7,TRIUMPH SPEED MASTER 865,3,-1,0,-1
2020460927604,2020,460927604,1,5,0,4,4,3,7,0,0,0,1,0,0,0,0,1,2,2,1,39,7,865,1,12,TRIUMPH SPEED MASTER 865,5,E01016029,0,-1
2020440254611,2020,440254611,1,5,0,18,19,5,1,0,0,1,1,0,0,0,3,1,6,6,1,42,7,865,1,6,TRIUMPH SPEED MASTER 865,6,E01017142,0,-1
2020552000758,2020,552000758,2,5,0,18,19,1,5,0,0,0,0,0,0,0,1,1,6,6,1,61,9,865,1,14,TRIUMPH SPEED MASTER 865,6,E01020466,0,-1
202006J270203,2020,06J270203,2,5,0,18,19,1,5,0,0,8,0,0,0,0,4,1,6,6,1,40,7,865,1,4,TRIUMPH SPEED MASTER 865,8,E01011091,0,-1
2020211026528,2020,211026528,1,5,0,18,19,4,8,0,0,8,1,0,0,0,0,1,6,6,1,67,10,865,1,10,TRIUMPH SPEED MASTER 865,8,E01029749,0,-1
2020990967347,2020,990967347,1,5,0,16,19,6,8,0,0,0,1,0,7,0,3,1,5,6,1,52,8,865,1,4,TRIUMPH SPEED MASTER 865,3,-1,0,-1
2020200954404,2020,200954404,1,5,0,18,19,7,3,0,0,1,1,0,0,0,1,1,6,6,1,27,6,865,1,12,TRIUMPH SPEED MASTER 865,1,E01009321,0,-1
2020990954361,2020,990954361,2,5,0,18,19,1,5,0,0,3,0,0,0,0,1,1,6,6,1,59,9,865,1,9,TRIUMPH SPEED MASTER 865,-1,-1,0,-1
2020230953817,2020,230953817,1,5,0,4,4,3,1,0,0,8,1,0,1,9,1,1,5,6,1,33,6,599,1,16,-1,7,E01022287,0,-1
2020100917965,2020,100917965,2,3,0,18,19,3,7,0,0,8,2,0,0,0,1,1,6,6,1,56,9,-1,-1,-1,-1,-1,-1,0,-1
2020350924754,2020,350924754,2,4,0,18,19,1,1,0,0,1,0,0,0,0,1,1,2,2,1,22,5,-1,-1,-1,-1,6,E01026239,0,-1
2020470932676,2020,470932676,2,3,0,14,14,8,3,0,0,0,0,0,0,0,1,1,1,1,1,30,6,-1,-1,-1,-1,4,E01016871,0,-1
2020990928299,2020,990928299,2,5,0,7,7,8,2,2,2,3,0,0,0,0,1,1,2,2,1,35,6,1063,1,21,-1,2,-1,0,-1
2020552000321,2020,552000321,1,5,0,18,19,4,8,0,0,0,0,0,0,0,1,1,6,6,1,26,6,1063,1,15,-1,7,E01015418,0,-1
2020470988567,2020,470988567,2,5,0,18,19,3,7,0,0,1,0,0,0,0,4,1,2,2,1,29,6,1063,1,20,-1,7,E01031488,0,-1
2020040958558,2020,040958558,2,5,0,18,19,5,1,0,0,1,0,0,0,0,4,1,2,2,1,50,8,1063,1,14,-1,3,E01024884,0,-1
2020110973238,2020,110973238,2,4,0,18,19,1,5,0,0,0,0,0,0,0,1,1,6,6,1,62,9,1063,1,15,-1,1,E01020873,0,-1
2020400950806,2020,400950806,1,5,0,7,7,4,8,0,0,4,1,0,0,0,0,1,5,6,1,43,7,1063,1,19,-1,2,E01015743,0,-1
2020370939729,2020,370939729,1,17,0,3,3,1,3,0,0,2,0,0,0,0,3,1,1,1,1,82,11,-1,2,36,-1,5,E01030286,0,-1
2020220927370,2020,220927370,1,9,0,18,19,6,2,0,0,0,0,0,0,0,1,1,6,6,1,37,7,2226,1,33,-1,7,E01032249,0,-1
2020450956310,2020,450956310,1,9,0,18,19,7,3,0,0,0,1,0,0,0,1,1,3,7,1,47,8,1990,1,-1,-1,7,E01030530,0,-1
2020990954617,2020,990954617,2,5,0,4,4,4,8,0,0,1,2,0,1,0,1,1,2,2,1,56,9,1649,1,8,-1,5,-1,0,-1
2020110954643,2020,110954643,1,5,0,18,19,1,5,0,0,0,0,12,0,0,1,1,5,6,1,58,9,1649,1,2,-1,7,E01020655,0,-1
202031B089020,2020,31B089020,1,4,0,4,4,8,4,0,0,8,0,0,0,0,1,1,6,6,1,61,9,1649,1,6,-1,7,E01019769,0,-1
2020430153454,2020,430153454,2,5,0,18,19,7,2,0,0,8,0,0,0,0,1,1,6,6,1,56,9,1649,1,9,-1,8,E01026993,0,-1
2020141002310,2020,141002310,1,5,0,18,19,5,1,0,0,0,1,0,0,0,4,1,5,6,1,61,9,1649,1,9,-1,6,E01007695,0,-1
2020420939546,2020,420939546,1,5,0,17,19,8,4,0,0,0,1,0,7,0,1,1,6,6,1,48,8,1649,1,5,-1,6,E01024292,0,-1
2020041017076,2020,041017076,2,97,0,14,14,5,1,0,0,0,0,0,0,0,0,1,5,6,1,53,8,1649,1,6,-1,4,E01006805,0,-1
2020030983901,2020,030983901,1,5,0,16,19,7,1,0,0,0,1,0,1,11,1,1,5,6,1,54,8,1649,1,1,-1,3,E01008631,0,-1
2020350971256,2020,350971256,2,5,0,18,19,5,1,0,0,4,0,0,0,0,4,1,5,6,1,-1,-1,1649,1,1,-1,6,E01027085,0,-1
2020210956709,2020,210956709,2,21,4,18,19,5,1,0,0,0,0,0,0,0,4,1,1,1,1,54,8,12900,2,8,MAKE AND MODEL REDACTED,-1,-1,0,-1
2020052001653,2020,052001653,2,21,1,18,19,5,1,0,0,8,0,0,0,0,1,1,1,1,1,53,8,12902,2,7,MAKE AND MODEL REDACTED,4,E01031030,0,-1
2020420956293,2020,420956293,2,4,0,18,19,7,3,0,0,8,2,0,0,0,1,1,6,6,1,66,10,499,1,18,-1,8,E01022083,0,-1
2020010229461,2020,010229461,2,4,0,4,4,1,5,0,0,0,2,0,0,0,0,1,6,6,1,26,6,499,1,16,-1,3,E01004630,0,-1
2020460973816,2020,460973816,2,4,0,18,19,7,3,0,0,1,0,0,0,0,1,1,6,6,1,73,10,349,1,16,-1,1,E01024563,0,-1
2020440211690,2020,440211690,2,4,0,18,19,6,3,0,0,8,0,0,0,0,1,1,6,6,1,51,8,350,1,58,-1,8,E01022887,0,-1
2020070461997,2020,070461997,1,4,0,18,19,4,1,0,0,1,0,0,0,0,0,1,6,6,1,54,8,499,1,28,-1,9,E01018365,0,-1
2020010230930,2020,010230930,2,9,0,99,99,9,9,99,99,9,9,99,9,99,9,9,6,6,3,-1,-1,3984,1,8,-1,8,E01002290,0,-1
2020500933537,2020,500933537,1,5,0,17,19,1,5,0,0,0,2,0,1,0,1,1,5,6,1,59,9,1868,1,1,-1,4,E01019918,0,-1
2020070578818,2020,070578818,1,5,0,18,19,2,6,0,0,2,0,0,0,0,1,1,1,1,1,50,8,1202,1,8,-1,8,E01029570,0,-1
2020230935487,2020,230935487,1,3,0,13,13,8,4,0,0,8,0,0,0,0,1,1,2,2,1,35,6,125,1,3,-1,3,E01025852,0,-1
2020010260773,2020,010260773,2,9,9,99,99,9,9,99,99,9,9,99,9,99,1,9,6,6,1,-1,-1,2995,1,3,LAND ROVER RANGE ROVER VELAR,4,E01001167,0,-1
2020010280902,2020,010280902,1,9,0,99,99,9,9,99,99,0,9,99,9,99,2,9,6,6,1,41,7,2995,1,2,LAND ROVER RANGE ROVER VELAR,8,E01000878,0,-1
2020010261814,2020,010261814,1,9,0,18,19,5,1,0,0,0,0,0,0,0,4,1,1,1,1,51,8,2993,2,0,LAND ROVER RANGE ROVER VELAR,-1,-1,0,-1
2020461009630,2020,461009630,1,9,0,5,5,7,3,0,0,1,0,0,1,0,1,1,2,2,1,29,6,1999,2,0,LAND ROVER RANGE ROVER VELAR,4,E01024387,0,-1
2020401011089,2020,401011089,2,9,0,5,5,5,3,0,0,6,0,0,0,0,3,1,6,6,1,61,9,2993,2,1,LAND ROVER RANGE ROVER VELAR,9,E01017428,0,-1
202006M273825,2020,06M273825,1,9,0,18,19,8,4,0,0,2,0,0,0,0,1,1,2,2,1,61,9,1999,2,3,LAND ROVER RANGE ROVER VELAR,10,E01006083,0,-1
202006N273140,2020,06N273140,1,9,0,5,5,2,5,0,0,8,0,7,1,1,3,1,2,2,2,27,6,1999,2,1,LAND ROVER RANGE ROVER VELAR,10,E01018427,0,-1
2020031021093,2020,031021093,2,9,0,3,3,7,3,0,0,1,0,0,0,0,2,1,3,7,1,40,7,1999,2,2,LAND ROVER RANGE ROVER VELAR,5,E01019264,0,-1
2020010272484,2020,010272484,4,9,0,18,19,7,3,0,0,0,1,0,0,0,2,1,6,6,1,43,7,2993,2,2,LAND ROVER RANGE ROVER VELAR,4,E01033576,0,-1
2020101007767,2020,101007767,2,9,0,3,3,8,8,0,0,0,0,0,0,0,2,1,6,6,2,40,7,1999,2,3,LAND ROVER RANGE ROVER VELAR,3,E01020591,0,-1
2020030960934,2020,030960934,1,9,0,18,19,3,7,0,0,0,0,0,0,0,4,1,6,6,1,62,9,2993,2,2,LAND ROVER RANGE ROVER VELAR,7,E01019212,0,-1
2020010264575,2020,010264575,1,9,0,99,99,9,9,99,99,9,9,99,9,99,9,9,2,2,1,36,7,1999,2,2,LAND ROVER RANGE ROVER VELAR,2,E01004252,0,-1
2020010256262,2020,010256262,1,9,0,5,5,5,1,0,0,1,0,10,1,0,1,1,6,6,1,23,5,1999,2,1,LAND ROVER RANGE ROVER VELAR,4,E01004375,0,-1
2020410955273,2020,410955273,2,9,0,3,3,8,5,0,0,8,0,0,0,0,4,1,5,6,1,42,7,1999,2,2,LAND ROVER RANGE ROVER VELAR,4,E01023333,0,-1
2020200981765,2020,200981765,2,9,0,18,19,6,2,0,0,8,0,0,0,0,1,1,6,6,2,29,6,1999,2,3,LAND ROVER RANGE ROVER VELAR,6,E01010035,0,-1
2020030982874,2020,030982874,2,9,0,17,19,3,7,0,0,0,0,0,1,0,1,1,5,6,1,67,10,1999,2,2,LAND ROVER RANGE ROVER VELAR,5,E01019309,0,-1
20201375I1242,2020,1375I1242,1,9,0,15,15,3,7,0,0,0,0,0,0,0,0,1,6,6,3,-1,-1,1999,2,2,LAND ROVER RANGE ROVER VELAR,-1,-1,0,-1
2020122000365,2020,122000365,3,9,0,18,19,5,1,0,0,0,0,0,0,0,1,1,6,6,2,25,5,1999,2,0,LAND ROVER RANGE ROVER VELAR,8,E01027568,0,-1
2020211026767,2020,211026767,1,9,0,18,19,2,6,0,0,0,0,0,7,0,1,1,6,6,1,35,6,1999,2,0,LAND ROVER RANGE ROVER VELAR,4,E01029857,0,-1
202006Q276597,2020,06Q276597,2,9,0,2,2,0,0,0,0,0,0,0,0,0,3,1,6,6,1,22,5,2993,2,0,LAND ROVER RANGE ROVER VELAR,7,E01005375,0,-1
2020470930436,2020,470930436,2,9,0,4,4,5,1,0,0,0,0,0,0,0,2,1,6,6,2,37,7,1997,1,2,LAND ROVER RANGE ROVER VELAR,7,E01031697,0,-1
2020200999575,2020,200999575,2,9,0,18,19,8,4,0,0,0,0,0,0,0,2,1,3,7,2,37,7,1999,2,0,LAND ROVER RANGE ROVER VELAR,10,E01009457,0,-1
2020010232118,2020,010232118,1,9,0,16,19,2,5,6,6,7,0,0,0,0,1,1,6,6,1,30,6,1999,2,3,LAND ROVER RANGE ROVER VELAR,6,E01000479,0,-1
2020430098075,2020,430098075,3,9,0,18,19,4,8,0,0,8,0,0,0,0,1,1,6,6,2,39,7,2993,2,1,LAND ROVER RANGE ROVER VELAR,8,E01028773,0,-1
2020010228501,2020,010228501,2,9,0,18,19,3,7,0,0,0,0,0,0,0,3,1,6,6,2,58,9,1997,1,1,LAND ROVER RANGE ROVER VELAR,2,E01002566,0,-1
2020230919697,2020,230919697,1,9,0,5,5,8,6,0,0,1,0,0,0,0,1,1,6,6,1,33,6,1999,2,2,LAND ROVER RANGE ROVER VELAR,9,E01031315,0,-1
2020471001918,2020,471001918,1,9,0,18,19,4,8,0,0,6,0,0,0,0,1,1,2,2,1,51,8,1997,1,2,LAND ROVER RANGE ROVER VELAR,4,E01001142,0,-1
2020140967957,2020,140967957,1,9,0,18,19,1,5,0,0,1,5,0,7,1,4,1,2,2,1,37,7,1999,2,3,LAND ROVER RANGE ROVER VELAR,5,E01007609,0,-1
2020010228391,2020,010228391,1,9,0,9,9,1,6,0,0,1,0,4,0,0,2,1,6,6,1,26,6,2993,2,2,LAND ROVER RANGE ROVER VELAR,1,E01003761,0,-1
2020040982145,2020,040982145,1,9,0,9,9,4,2,0,0,8,0,0,0,0,1,1,5,6,2,31,6,1999,2,2,LAND ROVER RANGE ROVER VELAR,5,E01025304,0,-1
2020450982626,2020,450982626,3,9,0,4,4,7,3,0,0,0,0,0,0,0,2,1,5,6,2,31,6,1999,2,2,LAND ROVER RANGE ROVER VELAR,8,E01030333,0,-1
2020010274219,2020,010274219,2,9,0,9,9,2,8,0,0,1,0,0,0,0,4,1,6,6,1,25,5,1999,2,2,LAND ROVER RANGE ROVER VELAR,2,E01002767,0,-1
2020610005320,2020,610005320,2,9,0,18,19,7,3,0,0,1,1,0,0,0,1,1,6,6,1,32,6,1999,2,2,LAND ROVER RANGE ROVER VELAR,8,W01001913,0,-1
2020230987628,2020,230987628,2,9,0,1,1,4,8,0,0,6,0,0,0,0,4,1,2,2,1,53,8,1999,2,0,LAND ROVER RANGE ROVER VELAR,7,E01031024,0,-1
2020010268811,2020,010268811,1,9,0,99,99,9,9,99,99,9,9,99,9,99,2,9,6,6,1,73,10,1999,2,2,LAND ROVER RANGE ROVER VELAR,6,E01001991,0,-1
2020010235807,2020,010235807,2,9,0,18,19,4,8,0,0,1,0,0,0,0,1,1,6,6,3,-1,-1,1999,2,0,LAND ROVER RANGE ROVER VELAR,-1,-1,0,-1
2020430009299,2020,430009299,3,9,0,18,19,5,1,0,0,0,0,0,0,0,2,1,1,1,1,61,9,1997,1,2,LAND ROVER RANGE ROVER VELAR,7,E01017803,0,-1
2020420916338,2020,420916338,1,9,0,18,19,3,7,0,0,4,2,0,3,0,1,1,6,6,1,21,5,1999,2,0,LAND ROVER RANGE ROVER VELAR,4,E01004254,0,-1
2020230979870,2020,230979870,2,9,0,17,19,2,8,0,0,0,0,0,1,0,3,1,5,6,1,25,5,1999,2,2,LAND ROVER RANGE ROVER VELAR,-1,-1,0,-1
2020010245557,2020,010245557,1,9,0,5,5,0,3,0,0,8,0,0,0,0,3,1,6,6,2,44,7,1999,2,0,LAND ROVER RANGE ROVER VELAR,6,E01001245,0,-1
2020991008513,2020,991008513,1,9,0,18,19,4,8,0,0,0,0,0,0,0,1,1,3,7,2,39,7,1999,2,0,LAND ROVER RANGE ROVER VELAR,9,-1,0,-1
2020530990573,2020,530990573,1,9,0,18,19,8,4,0,0,1,0,0,1,1,3,1,6,6,2,32,6,1999,2,1,LAND ROVER RANGE ROVER VELAR,5,E01022421,0,-1
2020010245440,2020,010245440,2,9,0,9,9,5,2,0,0,6,0,0,0,0,3,1,6,6,1,44,7,1999,2,2,LAND ROVER RANGE ROVER VELAR,8,E01004103,0,-1
2020010236291,2020,010236291,1,9,0,18,19,1,5,0,0,1,0,10,0,0,1,1,6,6,2,23,5,2993,2,3,LAND ROVER RANGE ROVER VELAR,5,E01001542,0,-1
2020200944175,2020,200944175,2,9,0,18,19,8,4,0,0,1,0,0,0,0,2,1,2,2,1,27,6,1997,1,1,LAND ROVER RANGE ROVER VELAR,2,E01009746,0,-1
2020340S04812,2020,340S04812,2,9,0,18,19,1,5,0,0,0,1,0,0,0,1,1,6,6,1,66,10,1999,2,1,LAND ROVER RANGE ROVER VELAR,6,E01027234,0,-1
2020010233896,2020,010233896,2,9,0,7,7,5,8,0,0,2,0,10,0,0,0,1,6,6,3,-1,-1,2993,2,2,LAND ROVER RANGE ROVER VELAR,-1,-1,0,-1
2020052000547,2020,052000547,1,9,0,7,7,2,4,0,0,8,0,0,0,0,1,1,2,2,1,57,9,1999,2,1,LAND ROVER RANGE ROVER VELAR,6,E01006894,0,-1
2020410990234,2020,410990234,1,9,0,18,19,5,1,0,0,1,0,0,0,0,4,1,5,6,2,43,7,2993,2,1,LAND ROVER RANGE ROVER VELAR,3,E01023958,0,-1
2020030968429,2020,030968429,4,9,0,2,2,0,0,0,0,0,0,0,0,0,1,1,5,6,1,43,7,1999,2,3,LAND ROVER RANGE ROVER VELAR,9,E01019163,0,-1
2020010286283,2020,010286283,1,9,0,5,5,1,5,0,0,4,0,0,1,0,3,1,1,1,1,63,9,1999,2,2,LAND ROVER RANGE ROVER VELAR,10,E01003364,0,-1
2020100997152,2020,100997152,4,9,0,18,19,4,8,0,0,2,0,0,0,0,1,1,5,6,1,48,8,1999,2,2,LAND ROVER RANGE ROVER VELAR,8,E01008761,0,-1
2020201021092,2020,201021092,2,9,0,18,19,2,6,0,0,0,0,0,0,0,2,1,6,6,2,34,6,1999,2,1,LAND ROVER RANGE ROVER VELAR,3,E01008924,0,-1
2020137CI0343,2020,137CI0343,1,9,0,18,19,5,8,0,0,0,0,0,0,0,4,1,6,6,1,66,10,2993,2,3,LAND ROVER RANGE ROVER VELAR,8,E01010997,0,-1