collision_index,collision_year,collision_ref_no,vehicle_reference,vehicle_type,towing_and_articulation,vehicle_manoeuvre_historic,vehicle_manoeuvre,vehicle_direction_from,vehicle_direction_to,vehicle_location_restricted_lane_historic,vehicle_location_restricted_lane,junction_location,skidding_and_overturning,hit_object_in_carriageway,vehicle_leaving_carriageway,hit_object_off_carriageway,first_point_of_impact,vehicle_left_hand_drive,journey_purpose_of_driver_historic,journey_purpose_of_driver,sex_of_driver,age_of_driver,age_band_of_driver,engine_capacity_cc,propulsion_code,age_of_vehicle,generic_make_model,driver_imd_decile,lsoa_of_driver,escooter_flag,driver_distance_banding
2020010251905,2020,010251905,1,9,0,99,99,9,9,99,99,9,9,99,9,99,1,9,6,6,1,29,6,1999,2,3,LAND ROVER RANGE ROVER VELAR,2,E01000992,0,-1
2020471002669,2020,471002669,1,9,0,5,5,4,1,0,0,3,0,0,0,0,1,1,5,6,2,34,6,1997,1,2,LAND ROVER RANGE ROVER VELAR,10,E01031650,0,-1
2020450961620,2020,450961620,2,9,0,11,11,7,3,0,0,0,0,0,0,0,4,1,5,6,1,57,9,1999,2,1,LAND ROVER RANGE ROVER VELAR,4,E01031652,0,-1
2020410999246,2020,410999246,1,9,0,1,1,7,3,0,0,6,0,0,0,0,2,1,5,6,2,32,6,1999,2,3,LAND ROVER RANGE ROVER VELAR,8,E01000253,0,-1
2020230935927,2020,230935927,1,9,0,5,5,4,8,0,0,6,0,0,0,0,1,1,5,6,2,56,9,1999,2,2,LAND ROVER RANGE ROVER VELAR,10,E01031305,0,-1
2020010246795,2020,010246795,2,9,0,2,2,0,0,0,0,1,0,0,0,0,4,1,6,6,3,-1,-1,1999,2,1,LAND ROVER RANGE ROVER VELAR,-1,-1,0,-1
2020332000028,2020,332000028,1,9,0,18,19,8,4,0,0,3,0,0,0,0,2,1,1,1,1,-1,-1,5000,1,1,LAND ROVER RANGE ROVER VELAR,-1,-1,0,-1
2020320601647,2020,320601647,1,9,0,9,9,8,2,0,0,6,0,0,0,0,4,1,6,6,2,44,7,1999,2,2,LAND ROVER RANGE ROVER VELAR,7,E01026096,0,-1
2020990999608,2020,990999608,1,9,0,18,19,6,2,0,0,4,0,0,0,0,1,1,6,6,2,22,5,1999,2,2,LAND ROVER RANGE ROVER VELAR,7,-1,0,-1
2020201001295,2020,201001295,2,9,0,5,5,3,7,0,0,4,0,0,0,0,1,1,6,6,2,37,7,1999,2,1,LAND ROVER RANGE ROVER VELAR,5,E01009288,0,-1
2020990963395,2020,990963395,2,9,0,10,10,5,3,0,0,1,0,0,0,0,2,1,6,6,1,64,9,1999,2,1,LAND ROVER RANGE ROVER VELAR,8,-1,0,-1
2020530958261,2020,530958261,3,9,0,3,3,3,7,0,0,0,0,0,0,0,2,1,6,6,1,58,9,1999,2,2,LAND ROVER RANGE ROVER VELAR,10,E01022113,0,-1
2020990989973,2020,990989973,1,9,0,18,19,8,4,0,0,0,0,0,7,0,1,1,5,6,2,32,6,1999,2,1,LAND ROVER RANGE ROVER VELAR,9,-1,0,-1
2020420992644,2020,420992644,3,2,0,18,19,1,5,0,0,8,0,0,0,0,3,1,6,6,1,53,8,125,1,33,-1,8,E01004386,0,-1
2020140954300,2020,140954300,2,9,0,9,9,2,6,0,0,1,0,0,0,0,2,1,6,6,1,55,8,1796,1,6,-1,1,E01007547,0,-1
2020160950261,2020,160950261,2,4,0,18,19,3,7,0,0,0,0,0,0,0,1,1,6,6,1,57,9,143,1,37,-1,8,E01013033,0,-1
2020040931429,2020,040931429,2,19,0,18,19,3,1,0,0,1,0,0,0,0,1,1,5,6,2,32,6,2953,2,3,-1,7,E01006814,0,-1
2020100929213,2020,100929213,1,19,0,9,9,5,1,0,0,0,0,0,0,0,1,1,1,1,2,47,8,2953,2,2,-1,2,E01020602,0,-1
2020460968636,2020,460968636,1,19,0,16,19,5,1,0,0,7,2,0,3,0,3,1,1,1,1,56,9,2488,2,4,-1,2,E01003300,0,-1
2020990957724,2020,990957724,2,19,0,13,13,3,7,0,0,0,0,0,0,0,4,1,1,1,1,62,9,2953,2,3,-1,-1,-1,0,-1
2020010251543,2020,010251543,4,20,0,12,12,8,4,0,0,1,0,0,0,0,0,1,6,6,1,44,7,2488,2,5,-1,9,E01016081,0,-1
2020350956791,2020,350956791,2,21,0,9,9,1,4,0,0,0,0,0,0,0,4,1,6,6,1,41,7,2488,2,5,-1,8,E01017427,0,-1
2020460996255,2020,460996255,1,19,0,18,19,5,1,0,0,0,0,0,0,0,3,1,1,1,1,46,8,2488,2,6,-1,8,E01024845,0,-1
2020400973052,2020,400973052,1,4,0,18,19,5,1,0,0,0,1,10,1,0,4,1,5,6,2,44,7,124,1,3,-1,5,E01017543,0,-1
2020990974904,2020,990974904,1,9,0,18,19,1,5,0,0,1,0,4,0,0,1,1,6,6,1,32,6,500,1,15,-1,-1,-1,0,-1
2020990998413,2020,990998413,2,9,0,18,19,5,1,0,0,8,0,0,0,0,1,1,2,2,2,42,7,999,1,0,RENAULT CAPTUR,5,-1,0,-1
2020990938018,2020,990938018,1,9,0,7,7,1,2,0,0,5,0,0,1,0,3,1,6,6,1,27,6,1461,2,2,RENAULT CAPTUR,1,-1,0,-1
2020010281876,2020,010281876,1,9,0,4,4,5,1,0,0,1,0,0,0,0,3,1,2,2,1,38,7,1333,1,1,RENAULT CAPTUR,2,E01003507,0,-1
2020010255938,2020,010255938,1,9,0,10,10,8,5,0,0,0,0,0,0,0,2,1,2,2,2,29,6,898,1,1,RENAULT CAPTUR,5,E01002490,0,-1
202063D029020,2020,63D029020,3,9,0,17,19,6,3,0,0,0,0,0,0,0,1,1,6,6,1,77,11,1461,2,5,RENAULT CAPTUR,7,W01000470,0,-1
2020040933006,2020,040933006,2,9,0,18,19,2,4,0,0,1,0,0,0,0,3,1,5,6,2,39,7,1461,2,4,RENAULT CAPTUR,1,E01025287,0,-1
2020990970903,2020,990970903,1,9,0,18,19,7,4,0,0,0,0,0,0,0,1,1,5,6,1,34,6,898,1,2,RENAULT CAPTUR,9,-1,0,-1
2020460969139,2020,460969139,1,9,0,4,4,7,3,0,0,0,0,0,0,0,1,1,1,1,2,53,8,898,1,6,RENAULT CAPTUR,6,E01023986,0,-1
2020990996957,2020,990996957,2,9,0,18,19,3,7,0,0,1,0,0,0,0,4,1,6,6,2,35,6,898,1,4,RENAULT CAPTUR,7,-1,0,-1
2020010241656,2020,010241656,2,9,9,99,99,9,9,8,6,9,9,99,9,99,9,9,6,6,2,71,10,1197,1,4,RENAULT CAPTUR,10,E01000753,0,-1
2020430040814,2020,430040814,2,9,0,3,3,2,6,0,0,1,0,0,0,0,2,1,6,6,2,30,6,1461,2,6,RENAULT CAPTUR,10,E01016571,0,-1
2020350984921,2020,350984921,2,9,0,4,4,7,3,0,0,0,0,0,0,0,2,1,5,6,2,32,6,1461,2,5,RENAULT CAPTUR,8,E01033118,0,-1
2020220996678,2020,220996678,2,9,0,16,19,6,1,0,0,2,0,0,0,0,1,1,5,6,2,49,8,1461,2,7,RENAULT CAPTUR,4,E01014158,0,-1
2020990936949,2020,990936949,1,9,0,18,19,1,5,0,0,0,5,0,1,0,1,1,6,6,1,80,11,1461,2,6,RENAULT CAPTUR,1,-1,0,-1
2020110941622,2020,110941622,1,9,0,9,9,1,7,0,0,5,0,0,0,0,1,1,2,2,2,25,5,898,1,4,RENAULT CAPTUR,10,E01020829,0,-1
2020010240544,2020,010240544,1,9,0,18,19,5,1,0,0,1,0,10,0,0,4,1,6,6,1,48,8,898,1,5,RENAULT CAPTUR,5,E01003058,0,-1
2020990918804,2020,990918804,2,9,0,18,19,6,2,0,0,0,0,0,0,0,2,1,5,6,1,41,7,1461,2,5,RENAULT CAPTUR,3,-1,0,-1
2020010254796,2020,010254796,2,9,9,99,99,9,9,99,99,9,9,99,9,99,1,9,6,6,3,-1,-1,898,1,3,RENAULT CAPTUR,3,E01001089,0,-1
2020470994530,2020,470994530,1,9,0,9,9,7,4,0,0,6,0,0,0,0,1,1,6,6,2,30,6,898,1,3,RENAULT CAPTUR,9,E01030875,0,-1
202006K278817,2020,06K278817,1,9,0,7,7,8,7,0,0,2,0,0,0,0,3,1,6,6,1,25,5,898,1,2,RENAULT CAPTUR,6,E01004883,0,-1
202031D045020,2020,31D045020,1,9,0,12,12,2,6,0,0,4,0,0,0,0,3,1,2,2,2,44,7,1461,2,6,RENAULT CAPTUR,2,E01033172,0,-1
20201372C0254,2020,1372C0254,2,9,0,18,19,4,8,0,0,8,0,11,0,1,4,1,1,1,1,34,6,1461,2,7,RENAULT CAPTUR,8,E01010596,0,-1
2020552001216,2020,552001216,3,9,0,18,19,2,6,0,0,1,0,0,0,0,2,1,1,1,2,50,8,898,1,2,RENAULT CAPTUR,7,E01015272,0,-1
2020411011138,2020,411011138,1,9,0,18,19,8,4,0,0,0,0,0,0,0,1,1,2,2,2,27,6,1461,2,3,RENAULT CAPTUR,9,E01017551,0,-1
2020200955557,2020,200955557,2,9,0,18,19,1,5,0,0,8,0,0,0,0,1,1,6,6,2,55,8,1461,2,5,RENAULT CAPTUR,6,E01008956,0,-1
2020010268295,2020,010268295,1,9,0,3,3,3,7,4,4,0,0,0,0,0,4,1,3,7,1,47,8,1333,1,1,RENAULT CAPTUR,-1,-1,0,-1
2020201000619,2020,201000619,4,9,0,2,2,0,0,0,0,0,0,0,0,0,2,1,6,6,2,-1,-1,1461,2,4,RENAULT CAPTUR,-1,-1,0,-1
2020052002635,2020,052002635,1,9,0,18,19,3,7,0,0,0,0,0,0,0,1,1,6,6,2,40,7,898,1,2,RENAULT CAPTUR,2,E01006660,0,-1
2020161009441,2020,161009441,1,9,0,18,19,4,8,0,0,0,0,0,0,0,1,1,5,6,2,45,7,1461,2,2,RENAULT CAPTUR,1,E01012876,0,-1
2020137690956,2020,137690956,1,9,0,4,4,8,4,0,0,6,0,0,7,0,1,1,1,1,2,26,6,1461,2,6,RENAULT CAPTUR,8,E01011191,0,-1
2020450996809,2020,450996809,2,9,0,9,9,7,5,0,0,6,0,0,0,0,1,1,5,6,1,86,11,1197,1,5,RENAULT CAPTUR,10,E01030344,0,-1
202063A063520,2020,63A063520,2,9,0,4,4,2,6,0,0,1,0,0,0,0,2,1,6,6,1,60,9,898,1,2,RENAULT CAPTUR,8,W01000759,0,-1
2020200941088,2020,200941088,2,9,0,2,2,0,0,0,0,8,0,0,0,0,4,1,6,6,1,41,7,1461,2,6,RENAULT CAPTUR,3,E01033626,0,-1
2020991012356,2020,991012356,1,9,0,9,9,6,4,0,0,6,0,0,0,0,4,1,6,6,1,83,11,898,1,5,RENAULT CAPTUR,6,-1,0,-1
2020470971791,2020,470971791,1,9,0,18,19,3,7,0,0,8,0,0,0,0,1,2,6,6,1,64,9,898,1,2,RENAULT CAPTUR,9,E01031704,0,-1
2020070368117,2020,070368117,2,9,0,3,3,7,3,0,0,1,0,0,0,0,0,1,6,6,1,48,8,1461,2,4,RENAULT CAPTUR,4,E01018744,0,-1
2020141005302,2020,141005302,1,9,0,18,19,6,2,0,0,0,0,0,0,0,1,1,6,6,2,32,6,999,1,0,RENAULT CAPTUR,1,E01008116,0,-1
2020622000176,2020,622000176,1,9,0,18,19,6,2,0,0,1,5,4,0,0,2,1,6,6,1,64,9,1333,1,1,RENAULT CAPTUR,1,W01001699,0,-1
2020420930723,2020,420930723,1,9,0,18,19,6,1,0,0,3,0,0,0,0,3,1,5,6,1,56,9,1197,1,2,RENAULT CAPTUR,10,E01021379,0,-1
2020440091278,2020,440091278,1,9,0,9,9,6,7,0,0,5,0,0,0,0,1,1,2,2,1,38,7,1461,2,3,RENAULT CAPTUR,4,E01023192,0,-1
20201373I1300,2020,1373I1300,1,9,0,9,9,8,6,0,0,0,0,0,0,0,1,1,6,6,2,36,7,1461,2,4,RENAULT CAPTUR,1,E01011348,0,-1
2020990993735,2020,990993735,1,9,0,9,9,2,7,0,0,8,0,0,0,0,1,1,5,6,1,47,8,898,1,2,RENAULT CAPTUR,3,-1,0,-1
2020622001095,2020,622001095,1,9,0,13,13,8,4,0,0,0,0,0,0,0,1,1,6,6,1,55,8,1333,1,0,RENAULT CAPTUR,6,W01000842,0,-1
202031B163320,2020,31B163320,1,9,0,18,19,1,5,0,0,8,0,0,0,0,1,1,6,6,2,40,7,1461,2,7,RENAULT CAPTUR,10,E01028128,0,-1
2020010263471,2020,010263471,2,9,9,1,1,4,8,0,0,1,0,0,0,0,2,1,6,6,1,-1,-1,1461,2,2,RENAULT CAPTUR,-1,-1,0,-1
2020010235712,2020,010235712,2,9,0,99,99,9,9,99,99,9,9,99,9,99,1,9,6,6,3,-1,-1,898,1,0,RENAULT CAPTUR,-1,-1,0,-1
2020010265830,2020,010265830,4,9,0,18,19,3,7,0,0,8,0,0,0,0,0,1,6,6,1,53,8,898,1,6,RENAULT CAPTUR,9,E01000446,0,-1
2020420928680,2020,420928680,1,9,0,5,5,1,3,0,0,0,0,0,0,0,4,1,3,7,2,48,8,898,1,2,RENAULT CAPTUR,6,E01021372,0,-1
2020041020052,2020,041020052,6,9,0,18,19,7,3,0,0,0,1,0,0,0,1,1,6,6,1,33,6,1461,2,5,RENAULT CAPTUR,1,E01012678,0,-1
202006XQ75204,2020,06XQ75204,1,9,0,13,13,8,4,0,0,0,0,0,0,0,4,1,6,6,3,-1,-1,898,1,3,RENAULT CAPTUR,-1,-1,0,-1
2020160992675,2020,160992675,1,9,0,7,7,3,7,0,0,8,0,4,0,0,1,1,6,6,3,-1,-1,999,1,0,RENAULT CAPTUR,-1,-1,0,-1
2020010257479,2020,010257479,1,9,0,9,9,5,3,0,0,5,0,0,0,0,4,1,6,6,2,56,9,1461,2,7,RENAULT CAPTUR,3,E01002508,0,-1
2020622001064,2020,622001064,1,9,0,4,4,6,2,0,0,0,0,0,0,0,1,1,3,7,2,31,6,1461,2,5,RENAULT CAPTUR,1,W01001742,0,-1
2020500960771,2020,500960771,1,9,0,17,19,3,5,0,0,0,2,0,2,2,4,1,5,6,2,48,8,1461,2,4,RENAULT CAPTUR,5,E01015164,0,-1
2020010269062,2020,010269062,1,9,0,18,19,7,3,0,0,3,0,0,0,0,1,1,3,7,1,33,6,1333,1,1,RENAULT CAPTUR,2,E01001698,0,-1
2020522000055,2020,522000055,1,9,0,8,8,2,5,0,0,1,0,0,0,0,2,1,6,6,1,58,9,1461,2,2,RENAULT CAPTUR,4,E01014445,0,-1
2020450988538,2020,450988538,1,9,0,18,19,1,5,0,0,2,0,0,0,0,2,1,2,2,2,62,9,898,1,2,RENAULT CAPTUR,5,E01031584,0,-1
2020552001014,2020,552001014,1,9,0,9,9,1,7,0,0,8,0,0,0,0,4,1,6,6,1,82,11,898,1,6,RENAULT CAPTUR,6,E01015440,0,-1
2020450927255,2020,450927255,1,9,0,5,5,2,6,0,0,4,0,0,0,0,3,1,1,1,1,51,8,1461,2,2,RENAULT CAPTUR,7,E01022477,0,-1
2020990994788,2020,990994788,1,9,0,18,19,5,1,0,0,0,0,0,0,0,1,1,5,6,1,38,7,898,1,7,RENAULT CAPTUR,2,-1,0,-1
2020122000887,2020,122000887,2,9,0,4,4,1,5,0,0,1,0,0,0,0,2,1,1,1,2,24,5,1333,1,0,RENAULT CAPTUR,5,E01011479,0,-1
2020471004345,2020,471004345,1,9,0,7,7,3,5,0,0,8,0,0,0,0,4,2,5,6,1,41,7,999,1,0,RENAULT CAPTUR,1,E01016942,0,-1
2020230989150,2020,230989150,3,9,0,18,19,4,8,0,0,8,0,0,0,0,1,1,5,6,2,21,5,1461,2,5,RENAULT CAPTUR,-1,-1,0,-1
2020040999804,2020,040999804,1,9,0,2,2,3,3,0,0,1,0,0,0,0,2,1,2,2,2,30,6,1461,2,6,RENAULT CAPTUR,5,E01025573,0,-1
2020990985510,2020,990985510,2,9,0,18,19,1,5,0,0,1,0,0,0,0,1,1,5,6,1,60,9,898,1,1,RENAULT CAPTUR,3,-1,0,-1
2020200991719,2020,200991719,1,9,0,5,5,1,7,0,0,5,0,0,0,0,1,1,2,2,2,26,6,1461,2,5,RENAULT CAPTUR,5,E01031050,0,-1
2020501007799,2020,501007799,4,9,0,18,19,1,5,0,0,0,0,0,0,0,2,1,5,6,2,47,8,1461,2,3,RENAULT CAPTUR,9,E01020086,0,-1
202006K172946,2020,06K172946,2,9,0,17,19,7,4,0,0,2,0,0,0,0,3,1,6,6,2,49,8,898,1,7,RENAULT CAPTUR,1,E01004866,0,-1
2020100978696,2020,100978696,1,9,0,5,5,1,5,0,0,4,0,0,0,0,4,1,6,6,1,40,7,1461,2,3,RENAULT CAPTUR,5,E01027553,0,-1
2020200955082,2020,200955082,2,9,0,13,13,5,1,0,0,0,0,0,0,0,1,1,6,6,1,85,11,1461,2,4,RENAULT CAPTUR,3,E01010382,0,-1
2020230985401,2020,230985401,2,9,0,10,10,7,5,0,0,5,0,0,0,0,2,1,5,6,1,36,7,898,1,5,RENAULT CAPTUR,6,E01032229,0,-1
2020101008419,2020,101008419,2,9,0,18,19,8,4,0,0,0,0,0,1,10,1,1,1,1,2,56,9,1461,2,4,RENAULT CAPTUR,4,E01008565,0,-1
2020500941359,2020,500941359,1,9,0,18,19,1,5,0,0,0,0,0,0,0,3,1,5,6,1,53,8,1461,2,5,RENAULT CAPTUR,8,E01014824,0,-1
2020210984928,2020,210984928,1,9,0,18,19,6,2,0,0,1,0,0,0,0,1,1,6,6,3,-1,-1,1461,2,6,RENAULT CAPTUR,-1,-1,0,-1
2020990970839,2020,990970839,2,9,0,9,9,1,5,0,0,0,0,0,0,0,3,1,5,6,1,72,10,1461,2,6,RENAULT CAPTUR,-1,-1,0,-1
2020210983301,2020,210983301,1,9,0,16,19,1,5,0,0,0,0,0,0,0,1,1,6,6,1,80,11,898,1,3,RENAULT CAPTUR,7,E01029780,0,-1
2020302001409,2020,302001409,2,9,0,18,19,3,7,0,0,0,0,0,0,0,0,1,6,6,2,70,10,1197,1,3,RENAULT CAPTUR,7,E01006330,0,-1
2020010246918,2020,010246918,1,9,0,3,3,8,4,0,0,1,0,0,0,0,2,2,6,6,2,29,6,1333,1,0,RENAULT CAPTUR,2,E01000087,0,-1
2020137570724,2020,137570724,1,9,0,5,5,2,6,0,0,8,0,0,0,0,0,1,6,6,1,51,8,1461,2,1,RENAULT CAPTUR,8,E01011690,0,-1
2020140937754,2020,140937754,1,9,0,18,19,3,7,0,0,0,0,0,0,0,1,1,6,6,1,37,7,898,1,1,RENAULT CAPTUR,2,E01033278,0,-1
2020101003570,2020,101003570,2,9,0,18,19,3,7,0,0,0,0,0,0,0,3,1,6,6,2,69,10,1461,2,4,RENAULT CAPTUR,10,E01027471,0,-1
2020622000215,2020,622000215,2,9,0,18,19,6,2,0,0,1,0,0,0,0,1,1,2,2,2,38,7,898,1,2,RENAULT CAPTUR,7,W01001003,0,-1
2020460982712,2020,460982712,2,9,0,9,9,1,5,0,0,0,0,0,0,0,2,1,6,6,1,57,9,1461,2,5,RENAULT CAPTUR,6,E01024555,0,-1
202031A074420,2020,31A074420,3,9,0,2,2,0,0,0,0,1,0,0,0,0,3,1,6,6,2,72,10,1461,2,2,RENAULT CAPTUR,6,E01028283,0,-1
2020430091788,2020,430091788,1,9,0,18,19,7,3,0,0,1,0,0,0,0,1,1,6,6,2,-1,-1,898,1,5,RENAULT CAPTUR,-1,-1,0,-1
2020450934142,2020,450934142,1,9,0,18,19,7,7,0,0,1,0,0,0,0,2,1,3,7,2,37,7,1461,2,1,RENAULT CAPTUR,6,E01023140,0,-1
2020450922427,2020,450922427,1,9,0,5,5,1,5,0,0,0,0,0,0,0,4,1,5,6,2,65,9,1461,2,4,RENAULT CAPTUR,9,E01030960,0,-1
2020100942850,2020,100942850,1,9,0,13,13,2,6,0,0,0,0,0,0,0,4,1,6,6,1,64,9,898,1,1,RENAULT CAPTUR,-1,-1,0,-1
2020610041420,2020,610041420,2,9,0,18,19,5,3,0,0,1,0,0,0,0,1,1,6,6,2,31,6,1461,2,6,RENAULT CAPTUR,2,W01001466,0,-1
2020101005884,2020,101005884,1,9,0,7,7,7,5,0,0,6,0,0,0,0,1,1,2,2,1,47,8,1461,2,6,RENAULT CAPTUR,2,E01008695,0,-1
2020420972367,2020,420972367,1,9,0,18,19,3,7,0,0,0,0,0,0,0,1,1,6,6,2,23,5,1461,2,5,RENAULT CAPTUR,-1,-1,0,-1
2020220926499,2020,220926499,1,9,0,4,4,1,5,0,0,2,0,0,0,0,2,1,2,2,2,51,8,898,1,6,RENAULT CAPTUR,7,E01032442,0,-1
2020360928554,2020,360928554,2,9,0,3,3,-1,-1,0,0,1,0,0,0,0,2,1,5,6,2,51,8,898,1,5,RENAULT CAPTUR,3,E01026592,0,-1
2020010282080,2020,010282080,1,9,0,99,99,9,9,99,99,9,9,99,9,99,3,9,2,2,2,63,9,1197,1,2,RENAULT CAPTUR,4,E01001146,0,-1
2020460946151,2020,460946151,2,9,0,18,19,7,3,0,0,0,0,0,7,0,1,1,5,6,2,24,5,1461,2,5,RENAULT CAPTUR,6,E01024084,0,-1
2020990928374,2020,990928374,2,9,0,2,2,7,4,0,0,0,0,0,0,0,2,1,5,6,1,67,10,1461,2,5,RENAULT CAPTUR,10,-1,0,-1
2020110972336,2020,110972336,2,9,0,18,19,8,4,0,0,0,0,0,0,0,1,1,5,6,2,32,6,1333,1,0,RENAULT CAPTUR,3,E01012353,0,-1
2020220956798,2020,220956798,2,9,0,18,19,1,5,0,0,8,5,0,0,0,3,1,5,6,2,48,8,1461,2,5,RENAULT CAPTUR,8,W01000457,0,-1
2020522100078,2020,522100078,1,9,0,18,19,4,8,0,0,1,0,0,0,0,1,1,6,6,2,62,9,898,1,5,RENAULT CAPTUR,1,E01014580,0,-1
20201371S1217,2020,1371S1217,1,9,0,17,19,3,7,0,0,0,0,0,0,0,1,1,6,6,1,71,10,898,1,6,RENAULT CAPTUR,6,E01011070,0,-1
2020500928677,2020,500928677,1,9,0,18,19,7,3,0,0,0,0,0,0,0,2,1,5,6,2,23,5,1461,2,1,RENAULT CAPTUR,2,E01015026,0,-1
2020010256685,2020,010256685,1,9,0,7,7,3,6,0,0,3,0,0,0,0,1,1,1,1,1,44,7,898,1,1,RENAULT CAPTUR,3,E01004317,0,-1
202031D057820,2020,31D057820,1,9,0,18,19,2,6,0,0,8,0,0,3,0,4,1,6,6,2,31,6,1461,2,5,RENAULT CAPTUR,8,E01028131,0,-1
2020302000913,2020,302000913,1,9,0,4,4,6,2,0,0,0,0,0,0,0,0,1,6,6,1,55,8,1461,2,2,RENAULT CAPTUR,7,E01019814,0,-1
2020440299854,2020,440299854,2,9,0,4,4,1,5,0,0,0,0,0,0,0,2,1,6,6,1,46,8,898,1,1,RENAULT CAPTUR,7,E01028733,0,-1
2020010260543,2020,010260543,1,9,0,17,19,1,5,0,0,0,5,4,0,0,3,1,6,6,2,29,6,898,1,4,RENAULT CAPTUR,7,E01003796,0,-1
2020990960377,2020,990960377,1,9,0,5,5,8,5,0,0,4,0,0,0,0,1,1,6,6,1,76,11,1461,2,1,RENAULT CAPTUR,4,-1,0,-1
2020200975310,2020,200975310,6,9,0,2,2,0,0,0,0,1,0,0,0,0,4,1,6,6,2,-1,-1,1461,2,5,RENAULT CAPTUR,-1,-1,0,-1
2020200944859,2020,200944859,1,9,0,18,19,-1,-1,0,0,0,0,0,0,0,1,1,6,6,1,85,11,1333,1,1,RENAULT CAPTUR,8,E01010226,0,-1
2020211020286,2020,211020286,2,9,0,3,3,1,4,0,0,2,0,0,0,0,2,1,6,6,1,35,6,1461,2,7,RENAULT CAPTUR,9,E01029508,0,-1
2020040983426,2020,040983426,1,9,0,16,19,3,7,0,0,0,0,0,7,11,1,1,6,6,2,50,8,1461,2,4,RENAULT CAPTUR,4,E01025392,0,-1
2020552000094,2020,552000094,1,9,0,5,5,7,3,0,0,4,1,9,8,11,3,1,2,2,2,35,6,1461,2,6,RENAULT CAPTUR,3,E01033242,0,-1
2020211025583,2020,211025583,4,9,0,3,3,4,8,0,0,0,0,0,0,0,3,1,6,6,2,25,5,1461,2,1,RENAULT CAPTUR,8,E01014326,0,-1
2020500959090,2020,500959090,2,9,0,3,3,1,5,0,0,0,0,0,0,0,3,1,5,6,2,27,6,1461,2,6,RENAULT CAPTUR,3,E01015063,0,-1
2020420920864,2020,420920864,3,9,0,3,3,5,1,0,0,1,0,0,0,0,2,1,6,6,1,47,8,1461,2,4,RENAULT CAPTUR,1,E01015867,0,-1
2020350997148,2020,350997148,1,9,0,18,19,1,1,0,0,6,0,0,0,0,1,1,6,6,2,32,6,1461,2,2,RENAULT CAPTUR,6,E01018076,0,-1
202031B079620,2020,31B079620,1,9,0,18,19,1,5,0,0,1,1,7,1,2,1,1,6,6,1,39,7,1461,2,6,RENAULT CAPTUR,3,E01007758,0,-1
2020471004870,2020,471004870,1,9,0,9,9,2,8,0,0,6,0,0,0,0,3,1,5,6,2,61,9,898,1,6,RENAULT CAPTUR,10,E01031425,0,-1
2020160931064,2020,160931064,1,9,0,4,4,2,6,0,0,6,0,0,0,0,4,1,5,6,2,31,6,1461,2,2,RENAULT CAPTUR,1,E01013205,0,-1
2020030996143,2020,030996143,2,9,0,3,3,4,8,0,0,3,0,0,0,0,0,1,3,7,2,29,6,999,1,0,RENAULT CAPTUR,1,E01019174,0,-1
2020622000108,2020,622000108,4,9,0,2,2,0,0,0,0,0,0,0,0,0,3,1,6,6,3,-1,-1,1461,2,6,RENAULT CAPTUR,-1,-1,0,-1
2020622000717,2020,622000717,1,9,0,5,5,4,8,0,0,4,0,0,0,0,1,1,6,6,2,55,8,1461,2,3,RENAULT CAPTUR,9,W01000807,0,-1
2020340E01712,2020,340E01712,2,9,0,18,19,4,8,0,0,1,0,10,1,0,1,1,6,6,2,42,7,1461,2,7,RENAULT CAPTUR,6,E01017481,0,-1
2020450918092,2020,450918092,1,9,0,18,19,5,1,0,0,0,0,0,0,0,3,1,5,6,2,58,9,1333,1,1,RENAULT CAPTUR,9,E01030813,0,-1
2020070044155,2020,070044155,2,9,0,18,19,1,5,0,0,0,0,7,0,6,2,1,6,6,2,51,8,1461,2,3,RENAULT CAPTUR,6,E01018566,0,-1
2020221020992,2020,221020992,1,9,0,4,4,2,6,0,0,0,0,0,0,0,2,1,6,6,1,68,10,1461,2,5,RENAULT CAPTUR,5,E01014008,0,-1
2020122001150,2020,122001150,1,9,0,8,8,1,7,0,0,6,0,0,0,0,1,1,6,6,1,63,9,1461,2,5,RENAULT CAPTUR,7,E01027727,0,-1
2020041009005,2020,041009005,2,9,0,9,9,2,6,0,0,4,0,0,1,0,4,1,1,1,2,62,9,898,1,1,RENAULT CAPTUR,7,E01025419,0,-1
2020470989959,2020,470989959,2,9,0,4,4,8,4,0,0,1,1,0,0,0,2,1,2,2,2,69,10,1461,2,4,RENAULT CAPTUR,9,E01031395,0,-1
2020170L20690,2020,170L20690,1,9,0,18,19,4,8,0,0,1,0,0,0,0,4,1,6,6,1,49,8,898,1,2,RENAULT CAPTUR,-1,-1,0,-1
2020990935857,2020,990935857,2,9,0,18,19,1,5,0,0,1,0,0,0,0,3,1,5,6,1,44,7,1461,2,2,RENAULT CAPTUR,6,-1,0,-1
2020440477967,2020,440477967,1,9,0,18,19,4,8,0,0,0,1,0,0,0,1,1,6,6,2,32,6,1461,2,2,RENAULT CAPTUR,7,E01017041,0,-1
2020530928281,2020,530928281,5,9,0,18,19,1,5,0,0,0,0,0,0,0,1,1,6,6,2,24,5,1461,2,1,RENAULT CAPTUR,3,E01008988,0,-1