collision_index,collision_year,collision_ref_no,vehicle_reference,vehicle_type,towing_and_articulation,vehicle_manoeuvre_historic,vehicle_manoeuvre,vehicle_direction_from,vehicle_direction_to,vehicle_location_restricted_lane_historic,vehicle_location_restricted_lane,junction_location,skidding_and_overturning,hit_object_in_carriageway,vehicle_leaving_carriageway,hit_object_off_carriageway,first_point_of_impact,vehicle_left_hand_drive,journey_purpose_of_driver_historic,journey_purpose_of_driver,sex_of_driver,age_of_driver,age_band_of_driver,engine_capacity_cc,propulsion_code,age_of_vehicle,generic_make_model,driver_imd_decile,lsoa_of_driver,escooter_flag,driver_distance_banding
2020990926766,2020,990926766,3,9,0,18,19,5,1,0,0,0,0,0,0,0,3,1,5,6,2,31,6,898,1,3,RENAULT CAPTUR,8,-1,0,-1
2020010241346,2020,010241346,1,9,0,18,19,1,5,0,0,2,0,0,0,0,1,1,6,6,2,31,6,1461,2,4,RENAULT CAPTUR,5,E01001278,0,-1
2020200946779,2020,200946779,1,9,0,9,9,2,8,0,0,2,0,0,0,0,1,1,6,6,2,60,9,1461,2,4,RENAULT CAPTUR,2,E01009788,0,-1
2020500981450,2020,500981450,1,9,0,1,1,1,5,0,0,1,0,0,0,0,0,1,6,6,1,30,6,1333,1,0,RENAULT CAPTUR,5,E01020137,0,-1
2020200966736,2020,200966736,2,9,0,2,2,0,0,0,0,0,0,0,0,0,3,1,6,6,1,-1,-1,1333,1,0,RENAULT CAPTUR,-1,-1,0,-1
2020137CF1715,2020,137CF1715,2,9,0,18,19,8,4,0,0,3,0,0,0,0,2,1,6,6,2,57,9,898,1,2,RENAULT CAPTUR,7,E01027735,0,-1
2020990979757,2020,990979757,1,9,0,9,9,6,3,0,0,1,0,0,0,0,4,1,5,6,2,67,10,1461,2,3,RENAULT CAPTUR,1,-1,0,-1
2020302000932,2020,302000932,1,9,0,3,3,5,7,0,0,4,0,0,0,0,2,1,6,6,2,38,7,1461,2,1,RENAULT CAPTUR,4,E01010323,0,-1
2020410982276,2020,410982276,2,9,0,9,9,6,4,0,0,0,0,0,0,0,4,1,6,6,1,26,6,1333,1,0,RENAULT CAPTUR,8,E01001470,0,-1
202006L176963,2020,06L176963,2,9,0,9,9,8,6,0,0,8,0,0,0,0,4,1,6,6,2,55,8,898,1,2,RENAULT CAPTUR,9,E01006365,0,-1
2020160968871,2020,160968871,1,9,0,9,9,2,8,0,0,8,0,0,0,0,1,1,5,6,1,87,11,1461,2,5,RENAULT CAPTUR,3,E01013286,0,-1
2020100996006,2020,100996006,2,9,0,3,3,1,5,0,0,4,0,0,0,0,2,1,6,6,2,35,6,1461,2,5,RENAULT CAPTUR,1,E01008658,0,-1
2020440492537,2020,440492537,2,9,0,18,19,7,3,0,0,8,0,0,0,0,4,1,1,1,1,50,8,1461,2,5,RENAULT CAPTUR,8,E01023215,0,-1
2020470990344,2020,470990344,1,9,0,5,5,3,7,4,4,1,0,0,0,0,3,1,6,6,1,55,8,1461,2,2,RENAULT CAPTUR,5,E01031467,0,-1
2020040968291,2020,040968291,1,9,0,18,19,2,6,0,0,0,0,0,0,0,1,1,6,6,3,-1,-1,898,1,1,RENAULT CAPTUR,-1,-1,0,-1
2020622000233,2020,622000233,1,9,0,18,19,4,8,0,0,0,0,0,1,7,1,1,6,6,1,70,10,1461,2,4,RENAULT CAPTUR,8,E01020388,0,-1
2020160999091,2020,160999091,1,9,0,2,2,0,0,0,0,0,0,0,0,0,3,1,5,6,2,49,8,1461,2,5,RENAULT CAPTUR,7,E01013324,0,-1
2020990988129,2020,990988129,2,9,0,3,3,7,3,0,0,1,0,0,0,0,2,1,5,6,2,28,6,1461,2,5,RENAULT CAPTUR,1,-1,0,-1
2020990958272,2020,990958272,2,9,0,3,3,8,4,0,0,1,0,0,0,0,2,1,6,6,2,41,7,898,1,6,RENAULT CAPTUR,3,-1,0,-1
2020070468745,2020,070468745,1,9,0,16,19,7,3,0,0,4,0,0,0,0,1,1,6,6,1,37,7,1461,2,6,RENAULT CAPTUR,5,E01012464,0,-1
2020430091563,2020,430091563,1,9,0,16,19,4,6,0,0,6,0,0,1,9,1,1,6,6,1,39,7,1461,2,1,RENAULT CAPTUR,9,E01028730,0,-1
2020030987253,2020,030987253,1,9,0,17,19,1,5,0,0,0,0,0,0,0,1,1,5,6,1,62,9,1461,2,4,RENAULT CAPTUR,7,E01019148,0,-1
2020460964541,2020,460964541,1,9,0,18,19,8,4,0,0,0,1,0,0,0,1,1,6,6,2,51,8,1333,1,1,RENAULT CAPTUR,2,E01024699,0,-1
2020990980817,2020,990980817,2,9,0,4,4,7,2,0,0,1,0,0,0,0,4,1,6,6,2,25,5,1461,2,4,RENAULT CAPTUR,1,-1,0,-1
2020160966575,2020,160966575,2,9,0,18,19,7,3,0,0,3,0,0,0,0,2,1,2,2,2,54,8,898,1,2,RENAULT CAPTUR,8,E01013033,0,-1
2020100915598,2020,100915598,3,9,0,10,10,1,5,0,0,1,0,0,0,0,3,1,5,6,2,41,7,898,1,1,RENAULT CAPTUR,-1,-1,0,-1
2020990941456,2020,990941456,1,9,0,4,4,5,1,0,0,2,1,0,0,0,1,1,1,1,1,30,6,1461,2,3,RENAULT CAPTUR,5,-1,0,-1
2020010253664,2020,010253664,1,9,0,99,99,9,9,99,99,9,9,99,9,99,2,9,6,6,2,35,6,1461,2,5,RENAULT CAPTUR,2,E01004263,0,-1
2020440452341,2020,440452341,2,9,0,3,3,4,8,0,0,8,0,0,0,0,2,1,6,6,1,39,7,898,1,7,RENAULT CAPTUR,5,E01022835,0,-1
2020460959436,2020,460959436,2,9,0,12,12,5,1,0,0,0,0,7,4,6,3,1,1,1,1,41,7,1461,2,3,RENAULT CAPTUR,2,E01023976,0,-1
2020470937059,2020,470937059,1,9,0,9,9,2,8,0,0,1,0,0,0,0,3,1,5,6,2,46,8,1461,2,5,RENAULT CAPTUR,4,E01020927,0,-1
2020200975423,2020,200975423,2,9,0,18,19,8,4,0,0,8,0,0,0,0,1,1,6,6,2,43,7,1461,2,4,RENAULT CAPTUR,5,E01010250,0,-1
2020010259311,2020,010259311,1,9,0,9,9,3,1,0,0,6,0,0,0,0,1,1,6,6,2,54,8,1461,2,5,RENAULT CAPTUR,5,E01002083,0,-1
2020010250558,2020,010250558,1,9,0,18,19,1,5,0,0,0,0,0,0,0,1,1,6,6,1,34,6,1461,2,5,RENAULT CAPTUR,2,E01003553,0,-1
2020470978276,2020,470978276,2,9,0,7,7,6,8,0,0,8,0,0,0,0,4,1,6,6,1,56,9,1461,2,1,RENAULT CAPTUR,1,E01016904,0,-1
2020010249631,2020,010249631,1,9,0,5,5,3,7,0,0,4,0,0,0,0,1,1,6,6,2,49,8,898,1,1,RENAULT CAPTUR,5,E01000663,0,-1
2020990960743,2020,990960743,1,9,0,18,19,3,8,0,0,0,0,0,0,0,4,1,5,6,2,46,8,1333,1,1,RENAULT CAPTUR,6,-1,0,-1
20201377F1162,2020,1377F1162,1,9,0,14,14,7,3,0,0,1,0,0,0,0,1,1,6,6,1,32,6,999,1,0,RENAULT CAPTUR,1,E01011148,0,-1
2020052001737,2020,052001737,1,9,0,18,19,3,7,0,0,3,0,0,0,0,4,1,6,6,1,69,10,1461,2,5,RENAULT CAPTUR,4,E01007288,0,-1
2020040967100,2020,040967100,2,9,0,18,19,6,1,0,0,0,0,0,0,0,1,1,2,2,2,28,6,1461,2,5,RENAULT CAPTUR,8,E01025354,0,-1
2020990977605,2020,990977605,1,9,0,17,19,8,6,8,6,2,0,0,0,0,0,1,6,6,2,87,11,1461,2,5,RENAULT CAPTUR,6,-1,0,-1
2020010228543,2020,010228543,2,9,0,2,2,0,0,0,0,0,0,0,0,0,4,1,6,6,3,-1,-1,898,1,4,RENAULT CAPTUR,-1,-1,0,-1
2020471003121,2020,471003121,1,9,0,18,19,5,1,0,0,8,0,0,0,0,1,1,6,6,1,48,8,1461,2,5,RENAULT CAPTUR,4,E01016948,0,-1
2020201021846,2020,201021846,2,9,0,3,3,-1,-1,0,0,0,0,0,0,0,2,1,1,1,2,40,7,898,1,4,RENAULT CAPTUR,1,E01010066,0,-1
2020200933574,2020,200933574,2,9,0,3,3,2,6,0,0,1,0,0,0,0,2,1,6,6,1,56,9,1461,2,4,RENAULT CAPTUR,9,E01010515,0,-1
2020010259670,2020,010259670,2,9,0,18,19,1,5,0,0,1,0,0,0,0,1,1,6,6,1,79,11,1333,1,1,RENAULT CAPTUR,9,E01001417,0,-1
2020200998699,2020,200998699,2,9,0,18,19,2,6,0,0,8,0,0,0,0,1,1,6,6,1,30,6,1333,1,0,RENAULT CAPTUR,-1,-1,0,-1
2020501015521,2020,501015521,1,9,0,9,9,3,7,0,0,1,0,0,0,0,1,1,5,6,1,81,11,898,1,1,RENAULT CAPTUR,5,E01020213,0,-1
2020990918784,2020,990918784,2,9,0,18,19,5,1,0,0,1,0,0,0,0,2,1,5,6,1,59,9,1461,2,5,RENAULT CAPTUR,1,-1,0,-1
2020161004179,2020,161004179,2,9,0,18,19,7,3,0,0,1,0,0,0,0,4,1,2,2,2,39,7,1461,2,5,RENAULT CAPTUR,1,E01012875,0,-1
2020100988683,2020,100988683,2,9,0,3,3,3,7,0,0,1,0,0,0,0,2,1,5,6,2,56,9,898,1,0,RENAULT CAPTUR,9,E01008466,0,-1
2020200974011,2020,200974011,1,9,0,6,6,5,5,0,0,2,0,10,1,0,1,1,6,6,2,17,4,898,1,7,RENAULT CAPTUR,2,E01009890,0,-1
2020010281254,2020,010281254,2,9,0,99,99,9,9,99,99,9,9,99,9,99,1,9,6,6,3,-1,-1,1333,1,0,RENAULT CAPTUR,-1,-1,0,-1
2020450980765,2020,450980765,2,9,0,18,19,1,5,0,0,1,0,0,1,0,1,1,2,2,2,34,6,898,1,0,RENAULT CAPTUR,8,E01030949,0,-1
2020110941201,2020,110941201,2,9,0,18,19,3,7,0,0,0,0,0,0,0,1,1,6,6,2,61,9,898,1,2,RENAULT CAPTUR,4,E01020735,0,-1
2020100969097,2020,100969097,2,9,0,18,19,6,2,0,0,1,5,0,0,0,4,1,6,6,2,54,8,898,1,3,RENAULT CAPTUR,8,E01008266,0,-1
2020161013646,2020,161013646,1,9,0,9,9,1,7,0,0,6,0,0,0,0,1,1,2,2,2,63,9,1461,2,5,RENAULT CAPTUR,10,E01013114,0,-1
2020100968138,2020,100968138,1,9,0,18,19,5,1,0,0,1,0,0,0,0,1,1,1,1,2,25,5,1461,2,2,RENAULT CAPTUR,5,E01033684,0,-1
2020010261510,2020,010261510,1,9,0,9,9,1,8,0,0,6,0,0,0,0,1,1,2,2,2,50,8,1333,1,1,RENAULT CAPTUR,10,E01023510,0,-1
2020201000127,2020,201000127,1,9,0,5,5,6,2,9,9,0,0,0,0,0,0,1,6,6,1,-1,-1,999,1,0,RENAULT CAPTUR,-1,-1,0,-1
2020137821714,2020,137821714,1,9,0,18,19,4,8,0,0,0,0,0,0,0,1,2,6,6,2,36,7,1461,2,4,RENAULT CAPTUR,5,E01010898,0,-1
2020990934637,2020,990934637,1,9,0,18,19,4,8,0,0,0,0,0,0,0,1,1,1,1,1,38,7,898,1,3,RENAULT CAPTUR,10,-1,0,-1
2020210989722,2020,210989722,1,9,0,5,5,1,6,0,0,8,0,0,0,0,1,1,6,6,2,25,5,898,1,5,RENAULT CAPTUR,-1,-1,0,-1
2020990999863,2020,990999863,1,9,0,5,5,6,3,0,0,6,0,0,0,0,1,1,5,6,1,40,7,1461,2,1,RENAULT CAPTUR,2,-1,0,-1
2020470976795,2020,470976795,2,9,0,18,19,2,6,0,0,1,0,0,0,0,1,1,5,6,1,77,11,1461,2,4,RENAULT CAPTUR,7,E01031508,0,-1
2020500954651,2020,500954651,1,9,0,1,1,1,5,0,0,0,0,0,0,0,2,1,6,6,1,74,10,1461,2,3,RENAULT CAPTUR,3,E01018788,0,-1
2020470998248,2020,470998248,1,9,0,5,5,7,3,0,0,4,0,0,0,0,3,1,6,6,2,52,8,1461,2,4,RENAULT CAPTUR,6,E01031554,0,-1
2020140977265,2020,140977265,2,9,0,18,19,4,1,0,0,1,0,0,0,0,1,1,5,6,2,44,7,898,1,2,RENAULT CAPTUR,1,E01010814,0,-1
2020010272457,2020,010272457,3,9,0,4,4,5,1,0,0,1,0,0,0,0,0,1,6,6,1,36,7,1197,1,3,RENAULT CAPTUR,5,E01002119,0,-1
2020220957664,2020,220957664,1,9,0,3,3,3,7,0,0,1,0,0,0,0,2,1,5,6,2,42,7,1461,2,6,RENAULT CAPTUR,6,E01014180,0,-1
2020052001630,2020,052001630,1,9,0,13,13,1,5,0,0,0,0,0,0,0,4,1,6,6,2,46,8,898,1,2,RENAULT CAPTUR,5,E01006978,0,-1
2020990976313,2020,990976313,4,9,0,2,2,0,0,0,0,0,0,0,0,0,3,1,5,6,1,34,6,1461,2,3,RENAULT CAPTUR,2,-1,0,-1
2020320655770,2020,320655770,1,9,0,18,19,5,1,0,0,1,0,0,0,0,1,1,6,6,2,51,8,1461,2,6,RENAULT CAPTUR,8,E01026296,0,-1
2020990943571,2020,990943571,2,9,0,14,14,4,8,0,0,0,0,0,0,0,1,1,2,2,2,47,8,898,1,7,RENAULT CAPTUR,1,-1,0,-1
2020500997078,2020,500997078,1,9,0,18,19,6,2,0,0,0,0,0,0,0,4,1,6,6,1,74,10,1461,2,5,RENAULT CAPTUR,3,E01018990,0,-1
2020470965468,2020,470965468,1,9,0,18,19,7,3,0,0,0,0,4,0,0,1,1,5,6,2,78,11,1197,1,3,RENAULT CAPTUR,9,E01031793,0,-1
2020040998505,2020,040998505,4,9,0,4,4,5,1,0,0,8,0,0,0,0,1,1,5,6,1,57,9,1461,2,4,RENAULT CAPTUR,2,E01025059,0,-1
2020460931028,2020,460931028,1,9,0,4,4,7,3,0,0,0,0,0,0,0,1,1,1,1,2,47,8,898,1,6,RENAULT CAPTUR,8,E01024653,0,-1
2020990976237,2020,990976237,1,9,0,16,19,8,4,0,0,0,2,0,2,11,4,1,5,6,2,70,10,898,1,5,RENAULT CAPTUR,3,-1,0,-1
2020430266689,2020,430266689,2,9,0,18,19,3,7,0,0,4,0,0,0,0,3,1,6,6,1,-1,-1,898,1,4,RENAULT CAPTUR,-1,-1,0,-1
202063A085120,2020,63A085120,1,9,0,18,19,6,2,0,0,4,0,0,0,0,1,1,2,2,1,56,9,1461,2,6,RENAULT CAPTUR,7,W01000651,0,-1
2020500984795,2020,500984795,1,9,0,18,19,3,7,0,0,0,0,0,0,0,1,1,5,6,1,43,7,1461,2,5,RENAULT CAPTUR,7,E01019018,0,-1
2020530986690,2020,530986690,2,9,0,18,19,1,5,0,0,8,1,0,7,0,4,1,6,6,2,47,8,898,1,3,RENAULT CAPTUR,6,E01022380,0,-1
2020010257318,2020,010257318,2,9,0,18,19,8,4,0,0,0,0,4,0,0,1,1,6,6,3,39,7,898,1,1,RENAULT CAPTUR,-1,-1,0,-1
2020010261790,2020,010261790,1,9,0,16,19,7,3,0,0,6,0,0,0,0,1,1,6,6,1,70,10,1197,1,3,RENAULT CAPTUR,7,E01003476,0,-1
2020040983943,2020,040983943,1,9,0,18,19,1,5,0,0,4,0,0,0,0,1,1,5,6,2,52,8,898,1,3,RENAULT CAPTUR,3,E01025111,0,-1
202006L273649,2020,06L273649,2,9,0,7,7,8,3,0,0,8,0,0,0,0,2,1,6,6,1,72,10,1461,2,2,RENAULT CAPTUR,2,E01006218,0,-1
2020010252149,2020,010252149,2,9,0,3,3,7,3,0,0,4,0,0,0,0,1,1,1,1,2,29,6,999,1,0,RENAULT CAPTUR,6,E01004491,0,-1
2020522003507,2020,522003507,1,9,0,18,19,5,1,0,0,0,0,0,0,0,1,1,6,6,2,77,11,898,1,1,RENAULT CAPTUR,10,E01014417,0,-1
2020501009507,2020,501009507,2,9,0,18,19,1,5,0,0,1,0,0,0,0,4,1,5,6,1,70,10,1461,2,1,RENAULT CAPTUR,1,E01018875,0,-1
2020540982920,2020,540982920,1,9,0,16,19,5,7,0,0,0,0,0,1,10,1,1,6,6,2,84,11,1461,2,6,RENAULT CAPTUR,5,E01032075,0,-1
2020622000191,2020,622000191,2,9,0,2,2,0,0,0,0,0,0,4,0,0,2,1,6,6,3,-1,-1,898,1,3,RENAULT CAPTUR,-1,-1,0,-1
2020451010328,2020,451010328,1,9,0,5,5,3,7,0,0,1,0,0,0,0,3,1,5,6,1,58,9,1197,1,2,RENAULT CAPTUR,8,E01030537,0,-1
2020201010439,2020,201010439,1,9,0,14,14,4,8,0,0,0,0,0,0,0,1,1,6,6,1,57,9,1461,2,2,RENAULT CAPTUR,3,E01008930,0,-1
2020990939174,2020,990939174,2,9,0,18,19,4,8,0,0,1,2,4,0,0,3,1,5,6,2,36,7,1197,1,2,RENAULT CAPTUR,9,-1,0,-1
202031C067620,2020,31C067620,1,9,0,3,3,6,2,0,0,1,0,0,0,0,2,1,6,6,2,44,7,1461,2,2,RENAULT CAPTUR,1,E01013859,0,-1
2020100969373,2020,100969373,2,9,0,3,3,7,3,0,0,1,0,0,0,0,2,1,6,6,1,48,8,898,1,2,RENAULT CAPTUR,6,E01027479,0,-1
2020501000647,2020,501000647,1,9,0,18,19,6,2,0,0,0,0,4,8,0,1,1,5,6,1,81,11,1333,1,1,RENAULT CAPTUR,3,E01015167,0,-1
202006Q268093,2020,06Q268093,1,9,0,18,19,3,7,0,0,1,0,0,0,0,1,1,6,6,3,30,6,1461,2,4,RENAULT CAPTUR,-1,-1,0,-1
2020201013311,2020,201013311,2,9,0,18,19,5,1,0,0,8,0,0,0,0,4,1,2,2,2,36,7,1461,2,4,RENAULT CAPTUR,2,E01009788,0,-1
2020340D02762,2020,340D02762,2,9,0,18,19,1,5,0,0,0,0,0,0,0,0,1,1,1,2,41,7,1461,2,2,RENAULT CAPTUR,1,E01019808,0,-1
2020450923407,2020,450923407,2,9,0,18,19,5,1,0,0,0,0,0,0,0,2,1,5,6,2,70,10,1461,2,4,RENAULT CAPTUR,5,E01017021,0,-1
2020531011260,2020,531011260,2,9,0,5,5,5,1,0,0,8,0,0,0,0,1,1,5,6,1,75,10,1461,2,3,RENAULT CAPTUR,6,E01022249,0,-1
2020010272073,2020,010272073,2,9,9,99,99,9,9,99,99,9,9,99,9,99,9,9,6,6,2,56,9,898,1,0,RENAULT CAPTUR,-1,-1,0,-1
2020010265107,2020,010265107,1,9,0,99,99,9,9,99,99,5,9,99,9,99,2,1,6,6,2,26,6,898,1,1,RENAULT CAPTUR,4,E01000788,0,-1
2020100989699,2020,100989699,2,9,0,18,19,7,3,0,0,1,0,0,0,0,3,1,5,6,2,68,10,1333,1,1,RENAULT CAPTUR,3,E01008819,0,-1
2020501015469,2020,501015469,1,9,0,18,19,7,3,0,0,0,1,0,0,0,1,1,5,6,1,33,6,1333,1,0,RENAULT CAPTUR,6,E01002525,0,-1
2020200995209,2020,200995209,2,9,0,18,19,4,8,0,0,1,0,0,0,0,3,1,2,2,2,39,7,1333,1,0,RENAULT CAPTUR,10,E01032886,0,-1
2020440147336,2020,440147336,1,9,0,18,19,2,6,0,0,0,0,0,0,0,3,1,6,6,2,31,6,1461,2,6,RENAULT CAPTUR,10,E01023220,0,-1
2020371004035,2020,371004035,1,9,0,18,19,4,8,0,0,0,0,0,0,0,4,1,5,6,2,38,7,898,1,1,RENAULT CAPTUR,8,E01030043,0,-1
2020440435642,2020,440435642,2,9,0,17,19,3,7,0,0,0,0,0,0,0,1,1,6,6,1,65,9,1333,1,0,RENAULT CAPTUR,10,E01031690,0,-1
202031C075920,2020,31C075920,2,9,0,18,19,2,6,0,0,1,0,0,0,0,2,1,6,6,1,40,7,1461,2,1,RENAULT CAPTUR,1,E01013859,0,-1
2020052002316,2020,052002316,2,9,0,2,2,0,0,0,0,0,0,0,0,0,3,1,6,6,3,-1,-1,1333,1,0,RENAULT CAPTUR,-1,-1,0,-1
2020010283069,2020,010283069,1,9,0,99,99,9,9,99,99,9,9,99,9,99,1,9,6,6,2,47,8,898,1,5,RENAULT CAPTUR,9,E01030830,0,-1
2020041023466,2020,041023466,2,9,0,10,10,1,6,0,0,1,0,0,0,0,2,1,5,6,1,58,9,1461,2,6,RENAULT CAPTUR,10,E01025007,0,-1
2020622000139,2020,622000139,2,9,0,3,3,8,3,0,0,1,0,0,0,0,2,1,6,6,1,67,10,999,1,0,RENAULT CAPTUR,9,W01001196,0,-1
2020991008631,2020,991008631,1,9,0,18,19,7,4,0,0,4,0,0,0,0,3,1,5,6,2,28,6,898,1,3,RENAULT CAPTUR,-1,-1,0,-1
2020420993926,2020,420993926,1,9,0,18,19,1,5,0,0,8,0,0,0,0,3,1,5,6,2,63,9,1461,2,4,RENAULT CAPTUR,3,E01021276,0,-1
2020320438840,2020,320438840,2,9,0,7,7,1,5,0,0,2,0,0,0,0,4,1,6,6,2,44,7,898,1,3,RENAULT CAPTUR,1,E01026083,0,-1
2020010247464,2020,010247464,1,9,0,18,19,1,5,0,0,4,0,0,0,0,1,1,1,1,1,42,7,898,1,1,RENAULT CAPTUR,10,E01024751,0,-1
202006L172068,2020,06L172068,2,9,0,3,3,8,4,0,0,0,0,0,0,0,2,1,6,6,1,26,6,1461,2,5,RENAULT CAPTUR,8,E01006230,0,-1
2020010264232,2020,010264232,1,9,0,18,19,7,3,0,0,0,0,0,0,0,1,1,1,1,1,48,8,1461,2,4,RENAULT CAPTUR,8,E01002320,0,-1
2020990932356,2020,990932356,2,9,0,4,4,8,4,0,0,0,0,0,0,0,0,1,5,6,1,67,10,1461,2,5,RENAULT CAPTUR,2,-1,0,-1
2020302000576,2020,302000576,2,9,0,18,19,2,7,0,0,1,0,0,0,0,1,1,6,6,2,24,5,1461,2,3,RENAULT CAPTUR,1,E01013584,0,-1
2020990926316,2020,990926316,1,9,0,18,19,8,4,0,0,8,0,0,0,0,1,1,1,1,2,49,8,1461,2,6,RENAULT CAPTUR,9,-1,0,-1
2020530940984,2020,530940984,1,9,0,18,19,2,7,0,0,3,0,0,0,0,4,1,6,6,2,57,9,1461,2,4,RENAULT CAPTUR,10,E01022461,0,-1
2020530964474,2020,530964474,3,9,0,18,19,4,1,0,0,0,0,0,0,0,3,1,6,6,1,51,8,898,1,3,RENAULT CAPTUR,3,E01001701,0,-1
2020460949493,2020,460949493,1,9,0,18,19,5,1,0,0,0,0,4,0,0,1,1,5,6,2,56,9,1461,2,6,RENAULT CAPTUR,6,E01024276,0,-1
2020622000369,2020,622000369,3,9,0,4,4,8,4,0,0,0,0,0,0,0,2,1,6,6,1,57,9,1461,2,7,RENAULT CAPTUR,3,W01001444,0,-1
202063A004120,2020,63A004120,1,9,0,18,19,2,6,0,0,0,0,0,0,0,1,1,6,6,1,63,9,1461,2,2,RENAULT CAPTUR,4,W01000636,0,-1
2020530977250,2020,530977250,1,9,0,18,19,7,3,0,0,0,0,0,0,0,1,1,5,6,2,58,9,1333,1,1,RENAULT CAPTUR,2,E01022324,0,-1
2020200949377,2020,200949377,4,9,0,2,2,0,0,0,0,2,0,0,0,0,1,1,6,6,1,77,11,1461,2,2,RENAULT CAPTUR,2,E01010429,0,-1
2020421001940,2020,421001940,2,9,0,18,19,7,3,0,0,0,0,0,0,0,1,1,5,6,2,55,8,1461,2,3,RENAULT CAPTUR,8,E01021677,0,-1
2020010249237,2020,010249237,1,9,0,5,5,5,1,0,0,5,0,0,0,0,2,1,6,6,1,32,6,898,1,4,RENAULT CAPTUR,4,E01003118,0,-1
2020420915012,2020,420915012,3,9,0,18,19,7,3,0,0,2,0,0,0,0,2,2,2,2,2,49,8,1197,1,2,RENAULT CAPTUR,2,E01015861,0,-1
2020990945782,2020,990945782,1,9,0,18,19,4,8,0,0,0,0,0,8,9,1,1,2,2,2,62,9,1461,2,7,RENAULT CAPTUR,8,-1,0,-1
2020170M31800,2020,170M31800,1,9,0,18,19,2,6,0,0,0,0,0,0,0,1,1,2,2,2,35,6,898,1,6,RENAULT CAPTUR,-1,-1,0,-1
2020500939268,2020,500939268,3,9,0,18,19,3,7,0,0,0,0,0,0,0,3,1,6,6,1,50,8,1461,2,2,RENAULT CAPTUR,9,-1,0,-1
2020070692469,2020,070692469,1,9,0,5,5,5,1,0,0,1,0,0,0,0,1,1,6,6,1,30,6,1461,2,4,RENAULT CAPTUR,2,E01012370,0,-1
2020990991042,2020,990991042,1,9,0,16,19,8,4,0,0,0,0,0,7,11,1,1,6,6,1,49,8,999,1,0,RENAULT CAPTUR,6,-1,0,-1
202031C126920,2020,31C126920,2,9,0,18,19,5,1,0,0,1,0,0,0,0,1,1,6,6,2,25,5,898,1,5,RENAULT CAPTUR,2,E01027986,0,-1
2020350921417,2020,350921417,2,9,0,18,19,5,1,0,0,0,0,0,0,0,1,1,5,6,2,51,8,1461,2,5,RENAULT CAPTUR,5,E01018069,0,-1
2020137321497,2020,137321497,2,9,0,18,19,1,5,0,0,8,0,0,0,0,1,1,6,6,2,22,5,1461,2,6,RENAULT CAPTUR,1,E01011906,0,-1
2020200971815,2020,200971815,1,9,0,18,19,5,1,0,0,0,5,7,0,0,1,1,2,2,1,60,9,898,1,4,RENAULT CAPTUR,4,E01010324,0,-1
2020990954361,2020,990954361,1,9,0,18,19,3,7,0,0,4,0,0,0,0,3,1,6,6,1,57,9,1461,2,1,RENAULT CAPTUR,3,-1,0,-1
2020010251736,2020,010251736,1,9,0,99,99,9,9,99,99,9,9,99,9,99,1,9,6,6,2,-1,-1,898,1,5,RENAULT CAPTUR,5,E01003772,0,-1
2020500997974,2020,500997974,1,9,0,9,9,3,5,0,0,5,0,0,0,0,1,1,6,6,1,31,6,898,1,1,RENAULT CAPTUR,-1,-1,0,-1
2020302001670,2020,302001670,1,9,0,4,4,8,4,0,0,1,0,0,0,0,2,1,6,6,2,55,8,1461,2,4,RENAULT CAPTUR,6,E01013505,0,-1
2020450919737,2020,450919737,1,9,0,3,3,1,5,0,0,1,0,0,0,0,2,1,2,2,2,36,7,1461,2,6,RENAULT CAPTUR,10,E01002920,0,-1
2020440195174,2020,440195174,2,9,0,17,19,5,1,0,0,0,0,0,0,0,3,1,6,6,1,81,11,1461,2,4,RENAULT CAPTUR,9,E01022610,0,-1
2020010279549,2020,010279549,1,9,0,99,99,9,9,99,99,5,9,99,9,99,4,1,6,6,2,52,8,1461,2,0,RENAULT CAPTUR,3,E01003296,0,-1
2020410989704,2020,410989704,1,9,0,18,19,3,5,0,0,0,0,0,0,0,1,1,5,6,2,67,10,1197,1,4,RENAULT CAPTUR,8,E01023629,0,-1
202006Q271992,2020,06Q271992,3,9,0,2,2,0,0,0,0,0,0,0,0,0,1,1,6,6,3,-1,-1,898,1,5,RENAULT CAPTUR,-1,-1,0,-1
202006G277614,2020,06G277614,3,9,0,18,19,7,3,0,0,2,0,0,0,0,3,1,6,6,1,54,8,1461,2,4,RENAULT CAPTUR,3,E01006007,0,-1
2020990976232,2020,990976232,1,9,0,9,9,4,1,0,0,6,0,0,0,0,1,1,5,6,2,59,9,1461,2,5,RENAULT CAPTUR,9,-1,0,-1
2020200979156,2020,200979156,1,9,0,18,19,4,8,0,0,4,0,0,0,0,4,1,2,2,1,57,9,898,1,2,RENAULT CAPTUR,3,E01032587,0,-1
2020220971479,2020,220971479,1,9,0,18,19,6,2,0,0,1,0,0,0,0,1,1,5,6,1,26,6,1461,2,5,RENAULT CAPTUR,1,E01009733,0,-1
2020010255309,2020,010255309,1,9,0,99,99,9,9,99,99,9,9,99,9,99,3,9,2,2,2,52,8,898,1,3,RENAULT CAPTUR,2,E01002392,0,-1
2020991010117,2020,991010117,1,9,0,9,9,5,1,0,0,1,0,0,0,0,3,1,2,2,2,50,8,1461,2,4,RENAULT CAPTUR,2,-1,0,-1
2020110989812,2020,110989812,2,9,0,2,2,0,0,0,0,2,0,0,0,0,4,1,6,6,1,67,10,1461,2,3,RENAULT CAPTUR,5,E01020904,0,-1