collision_index,collision_year,collision_ref_no,vehicle_reference,vehicle_type,towing_and_articulation,vehicle_manoeuvre_historic,vehicle_manoeuvre,vehicle_direction_from,vehicle_direction_to,vehicle_location_restricted_lane_historic,vehicle_location_restricted_lane,junction_location,skidding_and_overturning,hit_object_in_carriageway,vehicle_leaving_carriageway,hit_object_off_carriageway,first_point_of_impact,vehicle_left_hand_drive,journey_purpose_of_driver_historic,journey_purpose_of_driver,sex_of_driver,age_of_driver,age_band_of_driver,engine_capacity_cc,propulsion_code,age_of_vehicle,generic_make_model,driver_imd_decile,lsoa_of_driver,escooter_flag,driver_distance_banding
2020410928523,2020,410928523,2,9,0,11,11,7,6,0,0,7,0,0,0,0,1,1,6,6,2,30,6,1461,2,6,RENAULT CAPTUR,7,E01023856,0,-1
20201372T0537,2020,1372T0537,2,9,0,18,19,3,7,0,0,1,0,0,0,0,1,1,6,6,2,36,7,1461,2,5,RENAULT CAPTUR,9,E01011945,0,-1
2020450953861,2020,450953861,3,9,0,18,19,5,1,0,0,0,1,0,0,0,2,2,5,6,1,50,8,1461,2,4,RENAULT CAPTUR,5,E01016226,0,-1
2020100967091,2020,100967091,2,9,0,18,19,2,5,0,0,8,0,0,0,0,4,1,5,6,1,50,8,898,1,2,RENAULT CAPTUR,2,E01008571,0,-1
2020070325656,2020,070325656,1,9,0,5,5,1,5,0,0,2,0,0,0,0,3,1,6,6,1,80,11,1197,1,3,RENAULT CAPTUR,3,E01012458,0,-1
2020010263057,2020,010263057,2,9,0,9,9,5,3,0,0,8,0,0,0,0,1,1,6,6,1,53,8,1461,2,0,RENAULT CAPTUR,-1,-1,0,-1
2020122000699,2020,122000699,3,9,0,3,3,5,1,0,0,8,0,0,0,0,1,1,6,6,2,60,9,1461,2,3,RENAULT CAPTUR,10,E01013068,0,-1
2020052000485,2020,052000485,2,9,0,18,19,4,8,0,0,8,0,0,0,0,1,1,6,6,2,22,5,1461,2,3,RENAULT CAPTUR,1,E01007005,0,-1
2020522001441,2020,522001441,3,9,0,3,3,6,2,0,0,0,0,0,0,0,2,1,6,6,2,33,6,1333,1,1,RENAULT CAPTUR,10,E01033334,0,-1
2020990987138,2020,990987138,1,9,0,18,19,8,4,0,0,4,0,0,0,0,1,1,5,6,2,63,9,1461,2,4,RENAULT CAPTUR,2,-1,0,-1
2020211024957,2020,211024957,3,9,-1,-1,-1,5,1,-1,-1,0,-1,-1,-1,0,-1,1,6,6,1,68,10,898,1,0,RENAULT CAPTUR,2,E01014293,0,-1
2020450917920,2020,450917920,1,9,0,5,5,3,7,0,0,6,0,0,0,0,4,1,2,2,2,46,8,898,1,3,RENAULT CAPTUR,7,E01030629,0,-1
2020622000629,2020,622000629,1,9,0,9,9,4,1,0,0,1,0,0,0,0,1,1,6,6,2,28,6,898,1,6,RENAULT CAPTUR,4,W01000932,0,-1
2020450962169,2020,450962169,2,9,0,18,19,1,5,0,0,1,0,0,5,0,2,1,5,6,2,61,9,1461,2,6,RENAULT CAPTUR,4,E01020914,0,-1
2020500945265,2020,500945265,2,9,5,9,9,3,1,0,0,5,5,0,7,0,4,1,6,6,1,67,10,1461,2,1,RENAULT CAPTUR,6,E01018803,0,-1
2020201019910,2020,201019910,2,9,0,18,19,7,3,0,0,0,0,0,0,0,2,1,6,6,2,28,6,898,1,5,RENAULT CAPTUR,9,E01009666,0,-1
2020140976846,2020,140976846,1,9,0,18,19,3,3,0,0,0,0,4,0,0,1,1,5,6,2,55,8,1461,2,5,RENAULT CAPTUR,1,E01007534,0,-1
2020140939910,2020,140939910,2,9,0,18,19,3,7,0,0,0,0,0,0,0,1,1,5,6,1,64,9,1461,2,2,RENAULT CAPTUR,1,E01007668,0,-1
2020010286007,2020,010286007,1,19,0,9,9,8,5,0,0,1,0,0,7,0,2,1,1,1,1,46,8,2298,2,5,RENAULT MASTER,3,E01002151,0,-1
2020470954187,2020,470954187,2,20,0,18,19,4,8,0,0,8,0,0,7,4,4,1,5,6,1,65,9,-1,-1,-1,RENAULT MASTER,7,E01021165,0,-1
2020460945047,2020,460945047,2,19,0,10,10,4,2,0,0,1,0,0,0,0,2,1,2,2,1,20,4,2299,2,6,RENAULT MASTER,5,E01016065,0,-1
2020010248919,2020,010248919,2,19,0,99,99,9,9,99,99,9,9,99,9,99,1,9,6,6,3,-1,-1,2298,2,3,RENAULT MASTER,-1,-1,0,-1
2020420934161,2020,420934161,1,19,0,9,9,2,6,0,0,0,1,0,0,0,4,1,1,1,1,23,5,2298,2,3,RENAULT MASTER,6,E01021541,0,-1
2020420982950,2020,420982950,1,19,0,4,4,7,3,0,0,4,0,0,0,0,1,1,6,6,1,48,8,2464,2,13,RENAULT MASTER,-1,-1,0,-1
2020500948677,2020,500948677,1,10,0,9,9,1,7,0,0,6,0,0,0,0,3,1,1,1,1,41,7,2464,2,12,-1,7,E01020268,0,-1
2020320146672,2020,320146672,1,19,0,18,19,7,3,0,0,0,0,0,0,0,4,1,1,1,1,47,8,-1,-1,-1,RENAULT MASTER,1,E01026383,0,-1
2020010237629,2020,010237629,1,19,0,10,10,2,8,0,0,1,0,0,0,0,3,9,2,2,1,49,8,2463,2,16,RENAULT MASTER,5,E01004610,0,-1
2020010277604,2020,010277604,1,19,0,5,5,5,1,0,0,8,0,0,0,0,1,1,1,1,1,39,7,2298,2,5,RENAULT MASTER,4,E01023870,0,-1
2020991005966,2020,991005966,2,20,0,4,4,4,8,0,0,0,0,0,0,0,2,1,1,1,1,55,8,2298,2,2,RENAULT MASTER,1,-1,0,-1
2020470983829,2020,470983829,1,19,0,18,19,1,5,0,0,0,0,12,1,0,1,1,2,2,1,29,6,2298,2,0,RENAULT MASTER,7,E01021181,0,-1
2020170M11670,2020,170M11670,1,20,0,18,19,6,2,0,0,8,0,0,0,0,1,1,1,1,1,31,6,2298,2,3,RENAULT MASTER,6,E01012151,0,-1
2020010274905,2020,010274905,2,19,0,18,19,3,7,0,0,7,0,0,0,0,1,1,1,1,1,41,7,2298,2,1,RENAULT MASTER,5,E01000310,0,-1
2020990921322,2020,990921322,1,19,0,18,19,3,7,0,0,0,0,0,0,0,1,1,2,2,1,38,7,2298,2,2,RENAULT MASTER,1,-1,0,-1
2020010237813,2020,010237813,1,19,0,18,19,1,5,0,0,2,0,0,0,0,1,1,2,2,1,65,9,2298,2,5,RENAULT MASTER,2,E01003498,0,-1
2020220991626,2020,220991626,3,19,0,18,19,8,4,0,0,8,0,0,0,0,1,1,1,1,1,45,7,2298,2,1,RENAULT MASTER,3,E01025844,0,-1
2020010228866,2020,010228866,1,19,0,18,19,3,7,0,0,1,0,0,0,0,1,1,1,1,1,41,7,2298,2,4,RENAULT MASTER,5,E01003706,0,-1
2020990994323,2020,990994323,1,19,0,18,19,3,7,0,0,0,0,0,0,0,1,1,6,6,1,48,8,2464,2,12,RENAULT MASTER,10,-1,0,-1
2020161008095,2020,161008095,2,19,0,18,19,7,3,0,0,8,0,0,0,0,1,1,1,1,1,25,5,2298,2,3,RENAULT MASTER,3,E01012817,0,-1
2020360977485,2020,360977485,2,19,0,18,19,7,3,0,0,2,0,0,0,0,1,1,2,2,1,47,8,2464,2,13,RENAULT MASTER,4,E01026794,0,-1
2020132000911,2020,132000911,2,19,0,18,19,5,1,0,0,1,0,0,0,0,2,1,6,6,1,62,9,2298,2,2,RENAULT MASTER,9,E01013121,0,-1
2020400992280,2020,400992280,2,19,0,3,3,2,6,0,0,0,0,0,0,0,2,1,2,2,1,31,6,2298,2,4,RENAULT MASTER,8,E01033118,0,-1
2020522003383,2020,522003383,2,19,0,18,19,3,7,0,0,2,0,0,0,0,1,1,6,6,3,-1,-1,2298,2,5,RENAULT MASTER,-1,-1,0,-1
2020010234489,2020,010234489,2,19,0,2,2,0,0,0,0,0,0,4,0,0,3,1,6,6,3,-1,-1,2298,2,4,RENAULT MASTER,-1,-1,0,-1
2020440431047,2020,440431047,2,19,0,1,1,3,7,0,0,0,0,0,0,0,2,1,6,6,3,-1,-1,2298,2,9,RENAULT MASTER,-1,-1,0,-1
20201377L1029,2020,1377L1029,1,19,0,18,19,1,5,0,0,0,0,4,0,0,1,1,6,6,1,32,6,2298,2,6,RENAULT MASTER,9,E01007899,0,-1
2020010228620,2020,010228620,1,19,0,7,7,3,5,0,0,1,0,0,0,0,4,1,1,1,1,50,8,2298,2,2,RENAULT MASTER,9,E01023917,0,-1
2020440419853,2020,440419853,1,19,0,18,19,1,5,0,0,0,0,0,7,11,1,1,6,6,3,-1,-1,2298,2,9,RENAULT MASTER,-1,-1,0,-1
2020990990378,2020,990990378,1,19,0,13,13,4,8,0,0,0,5,0,0,0,1,1,6,6,1,57,9,2299,2,8,RENAULT MASTER,4,-1,0,-1
2020450918162,2020,450918162,2,19,0,18,19,3,7,0,0,0,1,0,4,0,2,1,1,1,1,37,7,2298,2,4,RENAULT MASTER,2,E01010101,0,-1
2020340N02592,2020,340N02592,2,19,0,18,19,1,5,0,0,0,1,0,0,0,1,1,1,1,1,64,9,2298,2,1,RENAULT MASTER,4,E01029451,0,-1
2020010232037,2020,010232037,1,19,0,99,99,9,9,99,99,9,9,99,9,99,2,9,6,6,1,35,6,2298,2,3,RENAULT MASTER,6,E01003000,0,-1
2020010253097,2020,010253097,1,19,0,18,19,8,4,0,0,4,0,0,0,0,1,1,1,1,1,37,7,2463,2,14,RENAULT MASTER,3,E01000333,0,-1
202031C121920,2020,31C121920,2,19,0,13,13,4,8,0,0,0,0,0,0,0,0,1,6,6,1,-1,-1,2464,2,11,RENAULT MASTER,7,E01027354,0,-1
2020990982496,2020,990982496,2,19,4,3,3,5,1,0,0,0,0,0,0,0,4,1,1,1,1,22,5,2298,2,1,RENAULT MASTER,2,-1,0,-1
2020440485902,2020,440485902,2,19,0,9,9,7,5,0,0,6,0,0,0,0,0,1,1,1,1,26,6,2298,2,2,RENAULT MASTER,3,E01017195,0,-1
2020450962941,2020,450962941,1,19,0,2,2,1,5,7,6,0,0,0,0,0,2,1,5,6,1,48,8,2298,2,5,RENAULT MASTER,9,E01001025,0,-1
2020461011146,2020,461011146,1,19,0,18,19,6,2,0,0,0,0,0,0,0,4,1,1,1,1,30,6,2298,2,2,RENAULT MASTER,4,E01000031,0,-1
2020010285454,2020,010285454,1,19,0,18,19,3,7,0,0,2,0,0,0,0,1,1,2,2,1,53,8,2298,2,2,RENAULT MASTER,-1,-1,0,-1
2020010286549,2020,010286549,2,19,0,99,99,9,9,99,99,0,9,99,9,99,1,9,6,6,3,-1,-1,2298,2,2,RENAULT MASTER,-1,-1,0,-1
2020010274328,2020,010274328,2,19,0,99,99,9,9,99,99,9,9,99,9,99,2,9,6,6,3,30,6,2298,2,2,RENAULT MASTER,-1,-1,0,-1
2020320453167,2020,320453167,3,19,0,18,19,7,3,0,0,1,0,0,0,0,1,1,6,6,2,36,7,-1,-1,-1,RENAULT MASTER,10,E01025772,0,-1
2020070502788,2020,070502788,2,19,0,18,19,1,5,0,0,8,0,0,0,0,1,1,1,1,1,47,8,2298,2,1,RENAULT MASTER,3,W01000298,0,-1
2020010276069,2020,010276069,1,19,0,10,10,3,8,0,0,1,0,0,0,0,3,1,2,2,1,48,8,2188,2,17,RENAULT MASTER,2,E01000087,0,-1
2020220951134,2020,220951134,1,19,0,13,13,7,3,0,0,0,1,0,0,0,1,1,1,1,1,36,7,2298,2,9,RENAULT MASTER,7,E01032944,0,-1
2020220979248,2020,220979248,1,19,0,18,19,4,8,0,0,8,0,0,0,0,1,1,1,1,1,53,8,2299,2,6,RENAULT MASTER,5,E01028846,0,-1
2020010283604,2020,010283604,1,19,0,9,9,7,5,0,0,5,0,0,0,0,4,1,1,1,1,33,6,2298,2,0,RENAULT MASTER,8,E01030491,0,-1
2020170L20980,2020,170L20980,2,19,0,17,19,7,5,0,0,1,0,0,0,0,3,1,1,1,1,40,7,2298,2,8,RENAULT MASTER,3,E01011991,0,-1
2020420955976,2020,420955976,1,19,0,1,1,3,6,0,0,0,0,0,0,0,2,1,5,6,1,30,6,2298,2,1,RENAULT MASTER,-1,-1,0,-1
2020140973908,2020,140973908,1,19,0,3,3,5,1,0,0,0,0,0,0,0,2,1,2,2,1,49,8,2463,2,14,RENAULT MASTER,3,E01007903,0,-1
2020440430475,2020,440430475,1,19,0,2,2,0,0,0,0,0,0,0,0,0,2,1,6,6,1,35,6,2464,2,11,RENAULT MASTER,2,E01017149,0,-1
2020010232823,2020,010232823,2,19,0,99,99,9,9,99,99,9,9,99,9,99,1,9,6,6,3,-1,-1,2298,2,4,RENAULT MASTER,-1,-1,0,-1
2020361022542,2020,361022542,2,19,0,2,2,6,2,0,0,0,0,0,0,0,2,1,1,1,1,32,6,2298,2,4,RENAULT MASTER,4,E01026884,0,-1
2020420979283,2020,420979283,1,20,0,18,19,3,7,0,0,0,0,0,0,0,1,1,1,1,1,33,6,2298,2,4,RENAULT MASTER,2,E01003500,0,-1
2020552001093,2020,552001093,2,19,0,18,19,1,5,0,0,8,1,0,7,0,1,1,1,1,1,22,5,2298,2,4,RENAULT MASTER,6,E01020476,0,-1
2020052001176,2020,052001176,1,19,0,18,19,7,3,0,0,0,0,4,0,0,1,1,1,1,1,46,8,2298,2,2,RENAULT MASTER,7,E01025078,0,-1
2020440407255,2020,440407255,2,19,0,5,5,5,1,0,0,1,0,0,0,0,2,1,1,1,1,44,7,2188,2,19,RENAULT MASTER,10,E01023218,0,-1
2020450988563,2020,450988563,2,19,0,18,19,1,5,0,0,1,0,0,0,0,4,1,2,2,1,33,6,2298,2,0,RENAULT MASTER,8,E01030491,0,-1
2020470944866,2020,470944866,2,19,0,18,19,3,7,0,0,0,0,0,0,0,3,1,1,1,1,23,5,-1,-1,-1,RENAULT MASTER,1,E01003245,0,-1
2020320322386,2020,320322386,1,19,0,3,3,5,1,0,0,2,0,0,0,0,2,1,1,1,1,50,8,2298,2,5,RENAULT MASTER,-1,-1,0,-1
2020460996155,2020,460996155,1,19,0,5,5,3,7,0,0,2,0,0,0,0,3,1,1,1,1,58,9,2298,2,5,RENAULT MASTER,6,E01024674,0,-1
2020470954216,2020,470954216,1,19,0,9,9,6,4,0,0,1,0,0,0,0,0,1,2,2,1,33,6,2298,2,1,RENAULT MASTER,3,E01002243,0,-1
2020010249291,2020,010249291,2,19,0,99,99,9,9,99,99,0,9,99,9,99,1,9,6,6,3,30,6,2298,2,3,RENAULT MASTER,-1,-1,0,-1
2020522001009,2020,522001009,1,19,0,16,19,1,4,0,0,0,0,0,0,0,3,1,1,1,2,33,6,-1,-1,-1,RENAULT MASTER,5,E01014530,0,-1
2020990999944,2020,990999944,1,19,0,17,19,1,5,0,0,0,1,6,0,0,4,1,1,1,1,29,6,2298,2,0,RENAULT MASTER,-1,-1,0,-1
2020340D03932,2020,340D03932,2,19,0,18,19,5,1,0,0,0,0,0,0,0,1,1,6,6,2,69,10,2464,2,12,RENAULT MASTER,5,E01029817,0,-1
2020622000367,2020,622000367,1,20,0,18,19,4,8,0,0,0,0,0,1,0,0,1,1,1,1,54,8,2464,2,12,RENAULT MASTER,4,W01001384,0,-1
2020450979468,2020,450979468,3,19,0,18,19,1,5,0,0,0,5,0,0,0,1,1,1,1,1,40,7,2298,2,0,RENAULT MASTER,7,E01002962,0,-1
2020420934755,2020,420934755,2,19,0,18,19,5,1,0,0,0,0,0,0,0,1,1,1,1,1,47,8,2298,2,8,RENAULT MASTER,6,E01021903,0,-1
2020070259820,2020,070259820,2,20,0,2,2,0,0,0,0,0,0,0,0,0,2,1,1,1,1,57,9,-1,-1,-1,RENAULT MASTER,6,E01018713,0,-1
2020500966300,2020,500966300,2,19,0,18,19,5,1,0,0,1,0,0,0,0,1,1,1,1,1,49,8,2298,2,1,RENAULT MASTER,1,E01015146,0,-1
2020470974736,2020,470974736,2,19,0,9,9,3,1,0,0,8,0,0,0,0,2,1,1,1,1,60,9,2298,2,2,RENAULT MASTER,5,E01031571,0,-1
2020990980505,2020,990980505,1,19,0,18,19,2,6,0,0,0,0,0,0,0,4,1,1,1,1,37,7,2298,2,4,RENAULT MASTER,2,-1,0,-1
2020010251234,2020,010251234,1,19,4,18,19,3,7,0,0,1,0,0,0,0,4,1,1,1,1,38,7,2463,2,16,RENAULT MASTER,2,E01000049,0,-1
2020122000709,2020,122000709,2,19,0,18,19,3,7,0,0,1,0,0,0,0,1,1,1,1,1,30,6,2298,2,2,RENAULT MASTER,9,E01013052,0,-1
2020140922765,2020,140922765,3,19,0,3,3,1,5,0,0,1,0,0,0,0,2,1,1,1,2,51,8,2298,2,3,RENAULT MASTER,1,E01007730,0,-1
2020010263718,2020,010263718,1,19,0,1,1,5,1,0,0,2,0,0,0,0,2,1,1,1,1,53,8,2298,2,3,RENAULT MASTER,9,E01030413,0,-1
202031A069320,2020,31A069320,1,19,0,18,19,8,4,0,0,1,0,0,0,0,1,1,6,6,1,51,8,2298,2,6,RENAULT MASTER,9,E01028241,0,-1
2020430186113,2020,430186113,2,19,0,3,3,4,8,0,0,2,0,0,0,0,2,1,6,6,1,43,7,2298,2,2,RENAULT MASTER,6,E01027051,0,-1
2020450927609,2020,450927609,3,19,0,18,19,5,1,0,0,1,1,0,0,0,1,1,2,2,1,17,4,2298,2,5,RENAULT MASTER,9,E01016688,0,-1
2020010279321,2020,010279321,2,19,0,18,19,5,1,0,0,0,0,0,0,0,1,1,1,1,1,29,6,2298,2,2,RENAULT MASTER,5,E01015992,0,-1
202006G172887,2020,06G172887,1,19,0,18,19,1,5,0,0,1,0,0,0,0,1,1,6,6,3,-1,-1,2298,2,9,RENAULT MASTER,-1,-1,0,-1
2020340S08372,2020,340S08372,3,19,0,4,4,5,1,0,0,8,0,0,0,0,1,1,1,1,1,24,5,2298,2,4,RENAULT MASTER,3,E01004454,0,-1
2020361009509,2020,361009509,1,19,0,7,7,7,1,0,0,8,0,0,0,0,1,1,1,1,1,63,9,2298,2,3,RENAULT MASTER,6,E01030240,0,-1
2020010232210,2020,010232210,1,19,0,99,99,9,9,99,99,9,9,99,9,99,9,9,6,6,1,49,8,2463,2,16,RENAULT MASTER,5,E01004610,0,-1
2020200978660,2020,200978660,1,19,0,18,19,6,2,0,0,1,0,0,0,0,0,1,6,6,1,43,7,2298,2,9,RENAULT MASTER,5,E01009713,0,-1
2020460994130,2020,460994130,1,19,0,4,4,5,1,0,0,0,0,0,0,0,1,1,2,2,1,29,6,2298,2,1,RENAULT MASTER,2,E01016039,0,-1
2020320493141,2020,320493141,1,19,0,18,19,5,1,0,0,0,1,0,0,0,1,1,1,1,1,34,6,2298,2,4,RENAULT MASTER,3,E01028310,0,-1
2020470965937,2020,470965937,4,19,0,18,19,7,3,0,0,0,0,0,0,0,0,1,6,6,2,49,8,2299,2,8,RENAULT MASTER,8,E01021169,0,-1
2020430148451,2020,430148451,2,19,0,16,19,2,4,0,0,8,0,0,0,0,1,1,6,6,1,-1,-1,2464,2,13,RENAULT MASTER,-1,-1,0,-1
2020530984468,2020,530984468,2,19,0,4,4,6,2,0,0,0,0,0,0,0,1,1,6,6,1,-1,-1,2298,2,1,RENAULT MASTER,-1,-1,0,-1
2020360956734,2020,360956734,2,19,0,18,19,-1,-1,0,0,0,0,0,0,0,3,1,1,1,1,35,6,2298,2,5,RENAULT MASTER,7,E01026910,0,-1
2020420982373,2020,420982373,2,20,0,17,19,8,5,0,0,0,1,0,0,0,1,1,6,6,1,38,7,-1,-1,-1,RENAULT MASTER,7,E01033143,0,-1
2020031004621,2020,031004621,2,19,0,18,19,3,7,0,0,1,0,0,0,0,2,1,1,1,1,65,9,2298,2,6,RENAULT MASTER,-1,-1,0,-1
2020501005096,2020,501005096,1,20,0,9,9,7,1,0,0,8,0,0,0,0,4,1,1,1,1,46,8,-1,-1,-1,RENAULT MASTER,6,E01020187,0,-1
2020010243391,2020,010243391,1,19,0,99,99,9,9,99,99,9,9,99,9,99,1,9,6,6,1,28,6,2298,2,8,RENAULT MASTER,7,E01030859,0,-1
2020141011581,2020,141011581,1,19,0,4,4,5,1,0,0,1,0,0,0,0,1,1,6,6,1,-1,-1,2298,2,0,RENAULT MASTER,6,E01018045,0,-1
2020451009951,2020,451009951,2,19,0,4,4,1,5,0,0,0,0,0,0,0,1,1,6,6,1,30,6,2298,2,5,RENAULT MASTER,3,E01004454,0,-1
2020010257291,2020,010257291,2,19,0,99,99,9,9,99,99,0,9,99,9,99,1,9,6,6,1,21,5,2298,2,3,RENAULT MASTER,7,E01031164,0,-1
2020470962307,2020,470962307,1,19,0,1,1,4,8,0,0,1,0,0,0,0,2,1,6,6,1,40,7,2298,2,2,RENAULT MASTER,3,E01017080,0,-1
2020010256396,2020,010256396,1,19,0,99,99,9,9,99,99,4,9,99,9,99,1,1,6,6,2,58,9,2298,2,5,RENAULT MASTER,8,E01000261,0,-1
2020370939351,2020,370939351,2,10,0,18,19,3,7,0,0,0,0,0,0,0,3,1,3,7,1,77,11,2463,2,13,-1,5,E01030138,0,-1
202031D066520,2020,31D066520,1,19,0,7,7,2,4,0,0,6,0,0,0,0,1,1,6,6,1,54,8,2299,2,8,RENAULT MASTER,1,E01013821,0,-1
2020320514987,2020,320514987,2,20,0,18,19,7,3,0,0,0,0,0,0,0,2,1,1,1,1,40,7,-1,-1,-1,RENAULT MASTER,1,E01015663,0,-1
20201376D0966,2020,1376D0966,1,19,0,8,8,6,2,0,0,1,0,0,0,0,2,1,1,1,1,25,5,2298,2,4,RENAULT MASTER,1,E01010994,0,-1
2020990974845,2020,990974845,1,19,0,18,19,8,4,0,0,0,0,10,0,0,1,1,1,1,1,38,7,2298,2,2,RENAULT MASTER,4,-1,0,-1
2020220936841,2020,220936841,1,19,0,4,4,1,5,0,0,8,0,0,0,0,1,1,1,1,1,59,9,2298,2,4,RENAULT MASTER,3,E01014155,0,-1
2020010268445,2020,010268445,2,19,0,2,2,0,0,0,0,0,0,4,0,0,3,1,6,6,3,-1,-1,2298,2,9,RENAULT MASTER,-1,-1,0,-1
2020010240956,2020,010240956,2,19,0,99,99,9,9,99,99,0,9,99,9,99,2,9,6,6,1,33,6,2464,2,11,RENAULT MASTER,4,E01002326,0,-1
2020351009653,2020,351009653,1,19,0,3,3,6,2,0,0,1,0,0,0,0,1,1,2,2,1,45,7,2298,2,4,RENAULT MASTER,5,E01018214,0,-1
2020070656300,2020,070656300,1,21,1,9,9,2,6,0,0,5,0,0,0,0,1,2,1,1,1,35,6,-1,-1,-1,-1,-1,-1,0,-1
2020990996383,2020,990996383,2,19,0,9,9,4,1,0,0,1,0,0,1,11,2,1,1,1,1,50,8,2298,2,0,RENAULT MASTER,5,E01008855,0,-1
2020430015303,2020,430015303,1,19,0,18,19,1,5,0,0,4,0,0,0,0,1,1,1,1,1,21,5,2298,2,4,RENAULT MASTER,3,E01016442,0,-1
2020010257953,2020,010257953,1,19,0,2,2,0,0,0,0,0,0,0,0,0,3,1,6,6,3,-1,-1,2298,2,4,RENAULT MASTER,-1,-1,0,-1
2020010258088,2020,010258088,2,19,0,99,99,9,9,99,99,9,9,99,9,99,0,9,6,6,3,41,7,2298,2,1,RENAULT MASTER,4,E01002211,0,-1
2020010268336,2020,010268336,3,19,4,3,3,5,1,1,1,8,0,0,0,0,0,1,1,1,1,22,5,2298,2,3,RENAULT MASTER,1,E01001574,0,-1
2020040967217,2020,040967217,2,19,0,9,9,7,5,0,0,0,0,0,0,0,4,1,1,1,1,40,7,2298,2,10,RENAULT MASTER,4,E01025544,0,-1
2020430016774,2020,430016774,1,19,0,1,1,4,8,9,9,0,0,0,0,0,2,1,6,6,1,53,8,2298,2,4,RENAULT MASTER,10,E01028596,0,-1
2020230934429,2020,230934429,2,19,0,16,19,8,2,0,0,0,0,0,0,0,1,1,2,2,1,33,6,2463,2,15,RENAULT MASTER,9,E01025828,0,-1
2020450980187,2020,450980187,1,19,0,18,19,4,8,0,0,8,0,0,3,0,1,1,1,1,1,60,9,2298,2,1,RENAULT MASTER,5,E01002950,0,-1
2020100996755,2020,100996755,1,19,0,18,19,7,3,0,0,0,0,0,0,0,4,1,1,1,1,27,6,2298,2,2,RENAULT MASTER,1,E01008793,0,-1
2020010277808,2020,010277808,2,19,0,2,2,0,0,0,0,2,0,0,0,0,2,1,6,6,3,-1,-1,2298,2,3,RENAULT MASTER,-1,-1,0,-1
2020420947373,2020,420947373,2,19,0,18,19,6,8,0,0,0,0,0,0,0,2,1,6,6,1,56,9,2299,2,7,RENAULT MASTER,8,E01031491,0,-1
2020530995446,2020,530995446,1,19,0,18,19,5,1,0,0,8,0,0,0,0,1,1,1,1,1,36,7,2298,2,5,RENAULT MASTER,7,E01022407,0,-1
2020302000721,2020,302000721,3,19,0,18,19,4,8,0,0,1,0,0,0,0,1,1,1,1,1,30,6,-1,-1,-1,RENAULT MASTER,6,E01011518,0,-1
2020371007157,2020,371007157,1,19,0,7,7,1,4,0,0,8,0,0,0,0,1,1,1,1,1,45,7,2298,2,4,RENAULT MASTER,2,E01030170,0,-1
2020200942941,2020,200942941,1,19,0,11,11,6,2,0,0,1,0,0,0,0,4,1,6,6,1,-1,-1,2298,2,8,RENAULT MASTER,-1,-1,0,-1
2020350995119,2020,350995119,2,19,0,18,19,6,2,0,0,1,0,0,1,0,1,1,5,6,1,59,9,2298,2,3,RENAULT MASTER,6,E01018076,0,-1
2020200923700,2020,200923700,1,19,0,16,19,2,5,0,0,0,0,0,0,0,1,1,6,6,1,-1,-1,2299,2,7,RENAULT MASTER,-1,-1,0,-1
202031C083320,2020,31C083320,1,19,0,1,1,5,1,0,0,0,0,0,0,0,2,1,1,1,1,58,9,2298,2,4,RENAULT MASTER,4,E01013614,0,-1
2020450938767,2020,450938767,1,19,0,18,19,1,5,0,0,1,0,0,0,0,1,1,6,6,1,60,9,2298,2,8,RENAULT MASTER,8,E01022918,0,-1
2020010283205,2020,010283205,1,19,0,5,5,3,7,0,0,0,0,0,0,0,1,1,1,1,1,59,9,2298,2,1,RENAULT MASTER,5,E01023755,0,-1
2020010256572,2020,010256572,1,19,0,7,7,2,3,0,0,5,0,0,0,0,4,1,1,1,1,52,8,2298,2,1,RENAULT MASTER,5,E01000631,0,-1
2020420955336,2020,420955336,2,19,0,18,19,7,3,0,0,1,0,0,0,0,1,1,1,1,1,40,7,2298,2,2,RENAULT MASTER,1,E01016006,0,-1
2020220964978,2020,220964978,2,19,0,18,19,4,8,0,0,2,1,0,0,0,3,1,5,6,1,38,7,2463,2,16,RENAULT MASTER,6,E01032247,0,-1
2020471008376,2020,471008376,1,90,0,4,4,3,7,0,0,1,0,0,0,0,1,2,1,1,2,43,7,2299,2,0,-1,1,E01016864,0,-1
2020501007784,2020,501007784,2,19,0,17,19,6,2,0,0,1,0,0,0,0,4,1,1,1,1,51,8,2298,2,4,RENAULT MASTER,3,E01020073,0,-1
2020500977531,2020,500977531,1,19,0,5,5,5,1,0,0,4,0,0,0,0,1,1,6,6,1,27,6,2463,2,17,RENAULT MASTER,3,E01019005,0,-1