collision_index,collision_year,collision_ref_no,vehicle_reference,vehicle_type,towing_and_articulation,vehicle_manoeuvre_historic,vehicle_manoeuvre,vehicle_direction_from,vehicle_direction_to,vehicle_location_restricted_lane_historic,vehicle_location_restricted_lane,junction_location,skidding_and_overturning,hit_object_in_carriageway,vehicle_leaving_carriageway,hit_object_off_carriageway,first_point_of_impact,vehicle_left_hand_drive,journey_purpose_of_driver_historic,journey_purpose_of_driver,sex_of_driver,age_of_driver,age_band_of_driver,engine_capacity_cc,propulsion_code,age_of_vehicle,generic_make_model,driver_imd_decile,lsoa_of_driver,escooter_flag,driver_distance_banding
2020451006437,2020,451006437,1,9,0,8,8,1,4,0,0,6,0,0,0,0,1,1,2,2,2,57,9,1995,2,3,BMW X1,9,E01004116,0,-1
2020010285262,2020,010285262,2,9,9,99,99,9,9,99,99,9,9,99,9,99,9,2,6,6,3,-1,-1,1499,1,1,BMW X1,-1,-1,0,-1
2020610008320,2020,610008320,1,9,0,16,19,1,2,0,0,0,0,0,0,0,1,1,2,2,2,62,9,1995,2,1,BMW X1,9,W01001349,0,-1
2020041010240,2020,041010240,2,9,0,18,19,8,4,0,0,8,0,0,0,0,1,1,6,6,2,41,7,1499,1,1,BMW X1,10,E01025532,0,-1
2020990931530,2020,990931530,1,9,0,9,9,6,3,0,0,8,0,0,0,0,3,1,5,6,1,44,7,1995,2,7,BMW X1,6,-1,0,-1
2020010277365,2020,010277365,1,9,0,99,99,9,9,99,99,9,9,99,9,99,2,9,6,6,2,38,7,1995,2,3,BMW X1,7,E01028679,0,-1
202031D065820,2020,31D065820,1,9,0,13,13,6,2,0,0,0,0,0,0,0,1,1,6,6,1,17,4,1995,2,4,BMW X1,7,E01026319,0,-1
2020010252307,2020,010252307,2,9,0,3,3,1,5,0,0,0,0,0,0,0,1,9,6,6,3,-1,-1,1995,2,4,BMW X1,-1,-1,0,-1
2020010270418,2020,010270418,2,9,0,7,7,7,1,0,0,8,0,0,0,0,1,1,6,6,2,26,6,1995,2,2,BMW X1,3,E01004735,0,-1
2020440257851,2020,440257851,3,9,0,18,19,6,2,0,0,0,0,0,0,0,2,1,6,6,2,52,8,1995,2,4,BMW X1,8,E01030893,0,-1
2020201015725,2020,201015725,1,9,0,18,19,1,5,0,0,4,0,0,0,0,1,1,6,6,2,-1,-1,1995,2,8,BMW X1,-1,-1,0,-1
2020010273456,2020,010273456,1,9,0,13,13,5,1,0,0,0,0,0,0,0,1,1,6,6,2,23,5,1995,2,9,BMW X1,2,E01005538,0,-1
2020430114133,2020,430114133,1,9,0,12,12,4,8,0,0,0,2,0,4,0,1,1,6,6,1,42,7,1995,2,2,BMW X1,3,E01016721,0,-1
2020200991689,2020,200991689,3,9,0,18,19,8,4,0,0,2,0,0,0,0,3,1,6,6,1,44,7,1995,2,1,BMW X1,2,E01009997,0,-1
2020010239912,2020,010239912,1,9,0,3,3,3,7,0,0,0,0,99,0,0,2,1,6,6,2,34,6,1995,2,5,BMW X1,5,E01033577,0,-1
2020140957128,2020,140957128,2,9,0,18,19,8,3,0,0,0,0,0,0,0,2,1,2,2,1,70,10,1998,1,1,BMW X1,8,E01007713,0,-1
2020010254433,2020,010254433,2,9,0,99,99,9,9,99,99,9,9,99,9,99,1,9,6,6,3,-1,-1,1998,1,2,BMW X1,-1,-1,0,-1
2020110988663,2020,110988663,1,9,0,1,1,1,5,0,0,6,0,0,0,0,2,1,6,6,2,23,5,1995,2,6,BMW X1,-1,-1,0,-1
2020070717702,2020,070717702,1,9,0,4,4,4,8,0,0,0,0,0,0,0,1,1,2,2,1,19,4,1995,2,8,BMW X1,6,E01007105,0,-1
2020410973797,2020,410973797,2,9,0,18,19,5,1,0,0,0,0,0,0,0,1,1,2,2,1,42,7,1995,2,4,BMW X1,4,E01010919,0,-1
2020010270971,2020,010270971,2,9,0,3,3,3,7,0,0,8,0,0,0,0,4,1,6,6,1,39,7,1995,2,0,BMW X1,5,E01004370,0,-1
2020450946680,2020,450946680,4,9,0,7,7,1,3,0,0,4,0,0,0,0,1,1,6,6,1,31,6,1995,2,6,BMW X1,8,E01030949,0,-1
2020010242747,2020,010242747,1,9,0,18,19,1,5,0,0,1,0,0,0,0,1,1,6,6,1,50,8,1499,1,1,BMW X1,6,E01004474,0,-1
2020010268793,2020,010268793,2,9,0,18,19,6,2,0,0,1,0,0,0,0,1,1,6,6,1,35,6,1995,2,4,BMW X1,5,E01001908,0,-1
2020500983620,2020,500983620,1,9,0,18,19,2,6,0,0,1,0,0,0,0,1,1,5,6,2,71,10,1995,2,2,BMW X1,3,E01020229,0,-1
2020440461880,2020,440461880,1,9,0,9,9,4,2,0,0,8,0,0,0,0,4,1,6,6,2,70,10,1995,2,6,BMW X1,7,E01022514,0,-1
2020360942679,2020,360942679,2,9,0,4,4,6,2,0,0,0,0,0,0,0,4,1,2,2,2,30,6,1995,2,8,BMW X1,8,E01026470,0,-1
2020440377478,2020,440377478,3,9,0,4,4,7,3,0,0,1,0,0,0,0,2,1,1,1,1,46,8,1995,2,2,BMW X1,10,E01023096,0,-1
2020990944287,2020,990944287,1,9,0,5,5,2,7,9,9,1,0,4,0,0,2,1,6,6,1,62,9,1995,2,2,BMW X1,9,-1,0,-1
2020400940567,2020,400940567,2,9,0,5,5,3,7,0,0,0,0,0,0,0,3,1,5,6,2,40,7,1995,2,1,BMW X1,7,E01015694,0,-1
2020440077455,2020,440077455,1,9,0,9,9,4,2,0,0,8,0,0,0,0,3,1,6,6,1,38,7,1995,2,10,BMW X1,7,E01022529,0,-1
2020010275128,2020,010275128,2,9,0,18,19,3,7,0,0,0,0,0,0,0,1,1,6,6,2,71,10,1995,2,11,BMW X1,8,E01004069,0,-1
2020041001256,2020,041001256,1,9,0,18,19,1,5,0,0,2,0,0,0,0,3,1,3,7,1,47,8,1995,2,3,BMW X1,6,E01024921,0,-1
202006G273264,2020,06G273264,2,9,0,2,2,0,0,0,0,0,0,0,0,0,1,1,6,6,2,30,6,1995,2,4,BMW X1,-1,-1,0,-1
2020137990630,2020,137990630,1,9,0,1,1,5,1,0,0,0,0,0,0,0,4,1,6,6,2,57,9,1995,2,10,BMW X1,1,E01011339,0,-1
2020450965639,2020,450965639,2,9,0,5,5,3,7,0,0,1,0,0,0,0,1,1,5,6,2,54,8,1995,2,8,BMW X1,10,E01030461,0,-1
2020030981822,2020,030981822,2,9,0,3,3,5,1,0,0,0,0,0,0,0,2,1,5,6,1,71,10,1499,1,1,BMW X1,7,E01019093,0,-1
2020302000223,2020,302000223,1,9,0,7,7,8,6,0,0,8,0,0,0,0,4,1,6,6,1,78,11,1995,2,3,BMW X1,9,E01031036,0,-1
2020010269741,2020,010269741,1,9,0,3,3,1,5,0,0,2,0,0,0,0,1,1,6,6,1,34,6,1998,1,2,BMW X1,3,E01001546,0,-1
2020610048720,2020,610048720,1,9,0,16,19,3,6,0,0,4,0,0,0,0,1,1,6,6,2,29,6,1499,1,1,BMW X1,3,E01008930,0,-1
2020471004784,2020,471004784,1,9,0,18,19,4,8,0,0,8,0,0,0,0,4,1,5,6,1,23,5,1995,2,10,BMW X1,6,E01032833,0,-1
2020990957171,2020,990957171,1,9,0,18,19,7,3,0,0,0,0,0,0,0,4,1,5,6,1,56,9,1995,2,4,BMW X1,7,-1,0,-1
2020010234687,2020,010234687,2,9,0,99,99,9,9,0,0,8,0,0,9,0,1,9,6,6,1,54,8,1998,1,2,BMW X1,9,E01004276,0,-1
2020010241622,2020,010241622,1,9,0,14,14,1,5,0,0,5,1,0,0,0,1,1,2,2,1,55,8,1995,2,3,BMW X1,9,E01002463,0,-1
2020010274793,2020,010274793,1,9,0,3,3,5,1,0,0,1,0,0,0,0,4,1,3,7,2,39,7,1995,2,3,BMW X1,10,E01023840,0,-1
2020500953166,2020,500953166,2,9,0,3,3,1,5,0,0,0,0,0,0,0,1,1,6,6,2,28,6,1995,2,2,BMW X1,6,E01020187,0,-1
2020200948728,2020,200948728,1,9,0,1,1,2,8,0,0,5,0,0,1,0,2,1,6,6,1,-1,-1,1995,2,3,BMW X1,10,E01009457,0,-1
2020531012090,2020,531012090,2,9,0,3,3,2,6,0,0,1,0,0,0,0,2,1,6,6,1,60,9,1995,2,4,BMW X1,7,E01022190,0,-1
2020990971669,2020,990971669,1,9,0,5,5,1,5,0,0,8,0,0,0,0,2,1,5,6,2,63,9,1998,1,1,BMW X1,8,-1,0,-1
2020470969383,2020,470969383,2,9,0,18,19,1,5,0,0,8,0,0,0,0,4,1,6,6,1,53,8,1995,2,2,BMW X1,9,E01031339,0,-1
2020440366401,2020,440366401,2,9,0,2,2,0,0,0,0,0,0,0,0,0,1,1,6,6,3,-1,-1,1995,2,6,BMW X1,-1,-1,0,-1
2020070368117,2020,070368117,1,9,0,5,5,1,5,0,0,6,0,0,0,0,1,1,6,6,1,69,10,1995,2,3,BMW X1,10,E01018705,0,-1
2020010264323,2020,010264323,2,9,0,3,3,1,5,0,0,1,0,0,0,0,2,1,6,6,1,79,11,1995,2,9,BMW X1,3,E01023294,0,-1
2020137630374,2020,137630374,2,10,0,18,19,1,5,0,0,1,0,0,0,0,2,1,6,6,1,35,6,-1,-1,-1,-1,1,E01011140,0,-1
2020052002077,2020,052002077,1,9,0,1,1,1,5,0,0,1,0,0,0,0,2,1,6,6,1,66,10,1995,2,8,BMW X1,5,E01006491,0,-1
2020052000689,2020,052000689,2,9,0,18,19,5,1,0,0,2,0,0,0,0,4,1,6,6,1,51,8,1995,2,10,BMW X1,7,E01007080,0,-1
2020010281441,2020,010281441,2,9,0,99,99,9,9,99,99,9,9,99,9,99,4,9,6,6,3,-1,-1,1995,2,4,BMW X1,-1,-1,0,-1
2020460988653,2020,460988653,2,9,0,18,19,4,8,0,0,8,0,0,0,0,4,1,3,7,2,25,5,1995,2,7,BMW X1,4,E01024624,0,-1
202006F177472,2020,06F177472,2,9,0,2,2,0,0,0,0,0,0,0,1,2,3,1,6,6,2,50,8,1995,2,9,BMW X1,3,E01006341,0,-1
2020070610535,2020,070610535,2,9,0,18,19,8,2,0,0,1,0,0,1,11,2,1,1,1,1,27,6,1995,2,8,BMW X1,9,E01018688,0,-1
2020040938113,2020,040938113,2,9,0,18,19,5,5,0,0,0,0,0,1,0,1,1,1,1,1,50,8,1995,2,4,BMW X1,9,E01006233,0,-1
2020010228787,2020,010228787,1,9,0,99,99,9,9,99,99,4,9,99,9,99,9,9,2,2,2,43,7,1995,2,10,BMW X1,6,E01002296,0,-1
2020010271711,2020,010271711,2,9,0,6,6,7,7,0,0,2,0,0,0,0,0,1,6,6,2,22,5,1995,2,0,BMW X1,3,E01011670,0,-1
2020440127895,2020,440127895,1,9,0,9,9,6,7,0,0,8,0,0,0,0,4,1,6,6,2,46,8,1995,2,6,BMW X1,4,E01017110,0,-1
2020010243775,2020,010243775,1,9,0,18,19,2,6,0,0,1,0,0,0,0,1,1,6,6,2,51,8,1499,1,1,BMW X1,9,E01001279,0,-1
2020010263237,2020,010263237,2,9,0,99,99,9,9,99,99,9,9,99,9,99,1,9,6,6,1,39,7,1995,2,7,BMW X1,7,E01003839,0,-1
2020010280505,2020,010280505,2,9,0,99,99,9,9,99,99,0,9,99,9,99,0,9,6,6,1,74,10,1995,2,1,BMW X1,6,E01001084,0,-1
2020010251301,2020,010251301,2,9,0,99,99,9,9,99,99,9,9,99,9,99,1,9,6,6,3,29,6,1998,1,1,BMW X1,3,E01001190,0,-1
2020470919724,2020,470919724,1,9,0,5,5,3,7,0,0,2,0,0,0,0,1,1,5,6,1,84,11,1997,1,7,BMW X1,6,E01016874,0,-1
2020010247070,2020,010247070,3,9,0,2,2,0,0,0,0,1,0,0,0,0,1,1,6,6,3,-1,-1,1998,1,0,BMW X1,-1,-1,0,-1
2020140931948,2020,140931948,1,9,0,3,3,5,1,0,0,0,0,0,0,0,2,1,5,6,2,34,6,1995,2,10,BMW X1,4,E01007359,0,-1
2020010274933,2020,010274933,2,9,0,3,3,5,1,0,0,1,0,0,0,0,0,1,6,6,2,36,7,1998,1,0,BMW X1,5,E01023325,0,-1
2020610031220,2020,610031220,2,9,0,2,2,0,0,0,0,0,0,0,0,0,2,1,6,6,1,-1,-1,1995,2,1,BMW X1,6,W01001564,0,-1
2020010257791,2020,010257791,2,9,9,10,10,5,3,99,99,9,9,99,9,99,9,9,6,6,2,53,8,1995,2,3,BMW X1,9,E01004136,0,-1
202006E170884,2020,06E170884,3,9,0,2,2,0,0,0,0,2,0,0,0,0,3,1,6,6,1,20,4,1995,2,9,BMW X1,1,E01005213,0,-1
2020461001968,2020,461001968,2,9,0,18,19,1,5,0,0,2,0,0,0,0,1,1,6,6,2,30,6,1995,2,8,BMW X1,1,E01024148,0,-1
2020543272520,2020,543272520,1,9,0,3,3,0,3,9,9,0,0,0,0,0,4,1,6,6,2,48,8,1995,2,9,BMW X1,7,E01032073,0,-1
2020410990952,2020,410990952,1,9,0,18,19,5,1,6,6,0,0,0,1,0,1,1,6,6,1,56,9,1998,1,0,BMW X1,-1,-1,0,-1
2020460991805,2020,460991805,1,9,0,18,19,5,1,0,0,1,0,0,0,0,3,1,5,6,1,68,10,1995,2,0,BMW X1,7,E01024173,0,-1
202054A284620,2020,54A284620,2,9,0,9,9,6,4,0,0,5,0,0,0,0,3,1,6,6,1,56,9,1998,1,0,BMW X1,3,E01031963,0,-1
202031C000120,2020,31C000120,1,9,0,9,9,4,2,0,0,5,0,0,0,0,1,1,2,2,1,63,9,1998,1,3,BMW X1,5,E01032522,0,-1
2020430073780,2020,430073780,2,9,0,18,19,1,5,0,0,1,0,0,0,0,1,1,6,6,1,-1,-1,1995,2,8,BMW X1,-1,-1,0,-1
202063DF01120,2020,63DF01120,1,9,0,16,19,2,5,0,0,0,0,0,0,0,1,1,6,6,1,54,8,1995,2,2,BMW X1,8,W01000457,0,-1
2020552000599,2020,552000599,2,5,0,5,5,8,4,0,0,8,1,0,0,0,4,1,6,6,1,46,8,904,1,20,-1,8,E01020514,0,-1
2020370965197,2020,370965197,2,5,0,15,15,7,3,0,0,1,0,0,0,0,1,1,5,6,1,54,8,998,1,0,-1,5,E01030290,0,-1
2020430264220,2020,430264220,1,5,0,16,19,4,7,0,0,0,0,10,7,9,3,1,6,6,1,51,8,1043,1,0,-1,8,E01017715,0,-1
2020460973977,2020,460973977,3,5,0,17,19,7,3,0,0,0,0,1,1,0,0,1,5,6,1,37,7,1043,1,0,-1,10,E01024418,0,-1
202054B026920,2020,54B026920,2,5,0,18,19,5,1,0,0,8,0,0,0,0,1,1,6,6,1,39,7,998,1,0,-1,5,E01031937,0,-1
2020100977458,2020,100977458,1,5,0,13,13,6,2,0,0,8,0,0,0,0,4,1,6,6,1,52,8,1043,1,0,-1,4,E01008767,0,-1
2020500985189,2020,500985189,2,5,0,18,19,4,8,0,0,0,0,0,0,0,1,1,5,6,1,48,8,1043,1,0,-1,5,E01018821,0,-1
20201373K0280,2020,1373K0280,1,5,0,18,19,6,2,0,0,8,0,0,0,0,4,1,2,2,1,54,8,1043,1,0,-1,5,E01011870,0,-1
2020040996902,2020,040996902,1,3,0,18,19,5,1,0,0,3,1,0,0,0,1,1,6,6,1,24,5,124,1,13,-1,4,E01025150,0,-1
2020450998369,2020,450998369,3,3,0,18,19,3,7,0,0,0,0,0,0,0,0,1,5,6,1,17,4,124,1,12,-1,7,E01030905,0,-1
2020100951188,2020,100951188,2,3,0,18,19,1,5,0,0,8,0,0,0,0,4,1,2,2,1,22,5,124,1,9,-1,4,E01008255,0,-1
2020160964900,2020,160964900,2,3,0,18,19,4,8,0,0,1,1,0,0,0,1,1,6,6,1,50,8,123,1,28,LAMBRETTA Model Missing,4,E01013239,0,-1
2020361008175,2020,361008175,2,3,0,18,19,5,1,0,0,1,0,0,0,0,4,1,5,6,1,71,10,125,1,60,LAMBRETTA Model Missing,9,E01026576,0,-1
2020302000159,2020,302000159,1,3,0,18,19,7,4,0,0,0,1,0,1,0,4,1,6,6,1,57,9,125,1,60,LAMBRETTA Model Missing,7,E01028154,0,-1
2020137820710,2020,137820710,1,3,0,18,19,8,4,0,0,0,0,0,1,11,1,1,6,6,1,48,8,148,1,49,LAMBRETTA Model Missing,2,E01011268,0,-1
2020460982236,2020,460982236,2,3,0,9,9,1,5,0,0,2,1,0,0,0,1,1,6,6,1,-1,-1,125,1,-1,LAMBRETTA Model Missing,6,E01024357,0,-1
2020420988798,2020,420988798,1,4,0,18,19,5,1,0,0,0,0,0,0,0,3,1,5,6,1,72,10,150,1,60,-1,7,E01021264,0,-1
2020440297404,2020,440297404,1,3,0,18,19,1,0,0,0,8,0,0,0,0,1,1,6,6,1,50,8,148,1,42,LAMBRETTA Model Missing,5,E01017317,0,-1
2020500988630,2020,500988630,1,3,0,9,9,5,3,0,0,8,0,0,0,0,4,1,5,6,1,68,10,125,1,55,LAMBRETTA Model Missing,5,E01020093,0,-1
2020500981796,2020,500981796,1,4,0,3,3,3,7,0,0,1,5,0,0,0,3,1,5,6,1,67,10,148,1,52,-1,4,E01018929,0,-1
2020010248649,2020,010248649,2,3,0,18,19,3,7,0,0,1,0,0,0,0,1,1,6,6,1,56,9,125,1,51,LAMBRETTA Model Missing,2,E01004305,0,-1
2020990974325,2020,990974325,2,3,0,18,19,7,3,0,0,0,0,0,0,0,2,1,5,6,1,65,9,125,1,-1,LAMBRETTA Model Missing,1,-1,0,-1
2020420918307,2020,420918307,1,3,0,16,19,2,4,0,0,0,5,0,0,0,4,1,5,6,1,52,8,125,1,53,LAMBRETTA Model Missing,6,E01021758,0,-1
2020010287846,2020,010287846,1,4,0,99,99,9,9,99,99,9,9,99,9,99,1,1,6,6,1,58,9,150,1,-1,-1,6,E01000486,0,-1
2020360974641,2020,360974641,2,3,0,18,19,5,1,0,0,0,1,0,0,0,4,1,5,6,1,53,8,125,1,52,LAMBRETTA Model Missing,8,E01026918,0,-1
2020010255926,2020,010255926,2,3,0,99,99,9,9,99,99,9,9,99,9,99,9,1,6,6,3,-1,-1,125,1,62,LAMBRETTA Model Missing,-1,-1,0,-1
2020160945152,2020,160945152,2,4,0,18,19,7,3,0,0,2,0,0,0,0,1,1,5,6,1,61,9,150,1,43,-1,5,E01012800,0,-1
2020360974641,2020,360974641,1,3,0,18,19,5,1,0,0,0,1,0,0,0,3,1,5,6,1,52,8,125,1,48,LAMBRETTA Model Missing,6,E01026797,0,-1
2020052002434,2020,052002434,2,3,0,18,19,5,1,0,0,8,0,0,7,11,1,1,6,6,1,36,7,125,1,4,-1,2,E01006783,0,-1
2020460936357,2020,460936357,1,3,0,3,3,1,5,0,0,1,0,0,0,0,1,1,6,6,1,-1,-1,125,1,2,-1,-1,-1,0,-1
2020070034838,2020,070034838,2,3,0,18,19,7,1,0,0,2,0,0,0,0,1,1,2,2,1,20,4,125,1,2,-1,3,E01012458,0,-1
2020052000565,2020,052000565,2,2,0,18,19,3,7,0,0,1,1,0,0,0,1,1,6,6,1,29,6,125,1,1,-1,1,E01007003,0,-1
2020440020017,2020,440020017,1,21,0,5,5,2,6,8,6,0,0,0,0,0,2,1,1,1,1,29,6,-1,-1,-1,-1,10,E01024344,0,-1
2020122000712,2020,122000712,2,4,0,18,19,1,5,0,0,1,0,0,0,0,4,1,6,6,1,54,8,249,1,2,-1,9,E01027596,0,-1
2020010243619,2020,010243619,2,3,0,15,15,7,3,0,0,2,0,0,0,0,1,1,6,6,1,54,8,124,1,7,-1,1,E01001772,0,-1
2020430037596,2020,430037596,1,3,0,18,19,5,1,0,0,0,0,0,0,0,4,1,6,6,1,46,8,124,1,8,-1,9,E01017888,0,-1
2020010278559,2020,010278559,1,3,0,18,19,4,8,0,0,0,0,0,0,0,4,1,6,6,1,45,7,124,1,7,-1,6,E01004078,0,-1
2020010231858,2020,010231858,1,3,0,18,19,2,6,0,0,2,0,0,0,0,1,-1,6,6,2,35,6,124,1,7,-1,-1,-1,0,-1
2020010272440,2020,010272440,2,3,0,7,7,5,7,0,0,8,0,11,0,0,3,1,6,6,2,39,7,124,1,6,-1,5,E01004641,0,-1
2020010261826,2020,010261826,1,3,0,13,13,7,3,0,0,0,5,0,0,0,1,1,1,1,1,35,6,124,1,6,-1,2,E01001943,0,-1
2020470917619,2020,470917619,2,3,0,18,19,7,3,0,0,1,0,0,0,0,1,1,2,2,1,41,7,124,1,8,-1,3,E01016921,0,-1
2020010281461,2020,010281461,1,3,0,99,99,9,9,99,99,1,9,99,9,99,9,1,2,2,2,31,6,124,1,8,-1,5,E01003131,0,-1
2020220970307,2020,220970307,1,9,0,7,7,2,4,0,0,6,0,0,0,0,1,1,5,6,2,88,11,1396,1,16,-1,5,E01028996,0,-1
2020460971197,2020,460971197,2,9,0,18,19,7,3,0,0,0,0,0,0,0,2,1,3,7,2,36,7,1968,2,11,SKODA SUPERB,3,E01024596,0,-1
2020430031441,2020,430031441,1,9,0,9,9,8,6,0,0,8,0,0,0,0,4,1,6,6,2,53,8,1395,1,3,SKODA SUPERB,8,E01017671,0,-1
2020137341016,2020,137341016,2,9,0,18,19,5,1,0,0,6,0,0,0,0,1,1,6,6,1,25,5,1968,2,6,SKODA SUPERB,-1,-1,0,-1
2020122001140,2020,122001140,1,9,0,18,19,3,7,0,0,8,0,0,0,0,1,1,6,6,1,25,5,1598,2,0,SKODA SUPERB,9,E01027844,0,-1
2020230979725,2020,230979725,2,9,0,18,19,2,6,0,0,0,0,0,0,0,1,1,1,1,1,48,8,1968,2,5,SKODA SUPERB,8,E01031284,0,-1
2020320148800,2020,320148800,2,9,0,12,12,1,5,0,0,1,0,0,7,1,3,1,1,1,1,52,8,1968,2,3,SKODA SUPERB,6,E01018186,0,-1
2020122000899,2020,122000899,2,8,0,18,19,4,1,2,2,1,0,0,0,0,1,1,1,1,1,39,7,1968,2,2,SKODA SUPERB,9,E01027844,0,-1
2020230945301,2020,230945301,1,9,0,9,9,1,7,0,0,5,0,0,0,0,4,1,2,2,1,52,8,1984,1,3,SKODA SUPERB,5,E01008888,0,-1
2020544249820,2020,544249820,1,9,0,9,9,8,6,0,0,4,0,0,0,0,1,1,6,6,1,40,7,1598,2,5,SKODA SUPERB,4,E01032087,0,-1
2020010236267,2020,010236267,2,9,0,99,99,9,9,99,99,9,9,99,9,99,9,9,6,6,3,-1,-1,1984,1,4,SKODA SUPERB,-1,-1,0,-1
2020350982882,2020,350982882,2,9,0,18,19,6,2,0,0,0,0,0,0,0,1,1,6,6,1,54,8,1968,2,8,SKODA SUPERB,1,E01015604,0,-1
2020410951545,2020,410951545,2,9,0,1,1,2,8,0,0,0,0,0,0,0,4,1,6,6,1,47,8,1968,2,4,SKODA SUPERB,-1,-1,0,-1
2020440033570,2020,440033570,1,9,0,9,9,8,6,0,0,8,0,0,0,0,1,1,2,2,1,40,7,1968,2,10,SKODA SUPERB,4,E01017028,0,-1
2020320370981,2020,320370981,2,9,0,4,4,2,6,0,0,0,0,0,0,0,2,1,6,6,2,57,9,1968,2,1,SKODA SUPERB,1,E01008100,0,-1
2020302001498,2020,302001498,1,9,0,11,11,6,2,0,0,0,0,0,0,0,1,1,3,7,2,32,6,1968,2,3,SKODA SUPERB,2,E01019471,0,-1
2020470945483,2020,470945483,1,9,0,18,19,3,7,0,0,4,0,0,0,0,1,1,2,2,2,52,8,1968,2,5,SKODA SUPERB,9,E01023731,0,-1
2020460994193,2020,460994193,3,9,0,3,3,5,1,0,0,0,0,0,0,0,2,1,6,6,1,28,6,1968,2,0,SKODA SUPERB,7,E01002255,0,-1
2020320390198,2020,320390198,1,8,0,2,2,0,0,0,0,0,0,0,0,0,4,1,1,1,1,42,7,1968,2,4,SKODA SUPERB,-1,-1,0,-1
2020122000933,2020,122000933,1,8,0,5,5,4,8,0,0,1,0,0,0,0,1,1,1,1,1,54,8,1968,2,7,SKODA SUPERB,1,E01027874,0,-1
2020500975267,2020,500975267,3,8,0,4,4,7,3,0,0,0,0,0,0,0,2,1,6,6,1,62,9,1968,2,9,SKODA SUPERB,1,E01015058,0,-1
2020460937933,2020,460937933,2,9,0,4,4,7,3,0,0,3,0,0,0,0,2,1,6,6,2,52,8,1968,2,2,SKODA SUPERB,5,E01024191,0,-1
2020351024642,2020,351024642,2,8,0,7,7,8,1,0,0,0,0,0,0,0,2,1,1,1,1,-1,-1,1968,2,7,SKODA SUPERB,9,E01018027,0,-1
2020040936728,2020,040936728,1,9,0,18,19,5,1,0,0,1,0,0,0,0,1,1,1,1,1,58,9,1968,2,4,SKODA SUPERB,6,E01025587,0,-1
2020440195394,2020,440195394,1,9,0,18,19,4,8,0,0,0,2,0,0,0,1,1,6,6,1,35,6,1968,2,4,SKODA SUPERB,5,E01023201,0,-1
2020010253281,2020,010253281,2,9,0,1,1,1,5,99,99,9,0,0,0,0,9,9,6,6,3,-1,-1,1968,2,2,SKODA SUPERB,-1,-1,0,-1
2020432316294,2020,432316294,1,9,0,1,1,7,3,0,0,0,0,0,0,0,2,1,6,6,2,-1,-1,1781,1,16,SKODA SUPERB,-1,-1,0,-1
2020010250489,2020,010250489,1,9,0,3,3,1,5,6,6,0,0,4,0,0,2,1,2,2,1,45,7,1598,2,8,SKODA SUPERB,3,E01002585,0,-1
2020500994926,2020,500994926,2,9,0,18,19,3,7,0,0,0,0,0,0,0,3,1,5,6,1,48,8,1798,1,8,SKODA SUPERB,6,E01015244,0,-1
2020610051320,2020,610051320,2,9,0,4,4,7,3,0,0,0,0,0,0,0,1,1,6,6,1,62,9,1968,2,9,SKODA SUPERB,5,E01014861,0,-1
2020350963028,2020,350963028,1,9,0,7,7,7,3,0,0,2,0,0,0,0,1,1,6,6,1,42,7,1896,2,15,SKODA SUPERB,7,E01017668,0,-1
2020360938216,2020,360938216,2,9,0,18,19,4,8,0,0,1,0,0,0,0,1,1,2,2,1,56,9,1968,2,3,SKODA SUPERB,6,E01026877,0,-1
2020360941478,2020,360941478,2,9,0,18,19,1,5,0,0,0,0,0,0,0,1,1,5,6,1,58,9,1968,2,4,SKODA SUPERB,2,E01026796,0,-1
2020100996381,2020,100996381,2,9,0,18,19,1,5,0,0,1,0,0,0,0,4,1,1,1,1,39,7,1984,1,0,SKODA SUPERB,3,E01008298,0,-1
2020100930661,2020,100930661,3,9,0,18,19,7,1,0,0,2,0,0,0,0,2,1,1,1,1,82,11,1968,2,6,SKODA SUPERB,10,E01027468,0,-1
2020470984496,2020,470984496,2,9,0,18,19,1,5,0,0,8,0,0,0,0,1,1,6,6,3,-1,-1,1968,2,11,SKODA SUPERB,-1,-1,0,-1
2020320134104,2020,320134104,3,9,0,18,19,2,4,0,0,0,0,0,0,0,0,1,1,1,1,42,7,1968,2,4,SKODA SUPERB,7,E01026029,0,-1
2020371016249,2020,371016249,1,8,0,18,19,5,1,0,0,0,0,0,0,0,1,1,1,1,1,74,10,1896,2,16,SKODA SUPERB,6,E01030273,0,-1
2020622000829,2020,622000829,2,8,0,2,2,0,0,0,0,0,0,0,0,0,2,1,1,1,1,73,10,1598,2,8,SKODA SUPERB,5,W01001096,0,-1
202006N273093,2020,06N273093,2,9,0,18,19,1,5,0,0,2,0,0,0,0,1,1,6,6,1,44,7,1968,2,3,SKODA SUPERB,6,E01004973,0,-1
2020201021940,2020,201021940,1,9,0,18,19,2,6,0,0,0,0,0,0,0,1,1,2,2,1,50,8,1598,2,8,SKODA SUPERB,2,E01032474,0,-1