collision_index,collision_year,collision_ref_no,vehicle_reference,vehicle_type,towing_and_articulation,vehicle_manoeuvre_historic,vehicle_manoeuvre,vehicle_direction_from,vehicle_direction_to,vehicle_location_restricted_lane_historic,vehicle_location_restricted_lane,junction_location,skidding_and_overturning,hit_object_in_carriageway,vehicle_leaving_carriageway,hit_object_off_carriageway,first_point_of_impact,vehicle_left_hand_drive,journey_purpose_of_driver_historic,journey_purpose_of_driver,sex_of_driver,age_of_driver,age_band_of_driver,engine_capacity_cc,propulsion_code,age_of_vehicle,generic_make_model,driver_imd_decile,lsoa_of_driver,escooter_flag,driver_distance_banding
2020990951435,2020,990951435,1,9,0,18,19,7,3,0,0,0,2,0,0,0,1,1,2,2,2,45,7,1968,2,5,SKODA SUPERB,6,-1,0,-1
2020440277178,2020,440277178,5,9,0,18,19,1,0,0,0,0,0,0,0,0,0,1,1,1,1,78,11,1498,1,1,SKODA SUPERB,9,E01022642,0,-1
2020520004138,2020,520004138,1,8,0,9,9,4,2,0,0,4,0,0,0,0,1,1,1,1,1,30,6,1968,2,5,SKODA SUPERB,-1,-1,0,-1
2020302001144,2020,302001144,2,9,0,5,5,2,8,0,0,1,0,0,0,0,1,1,6,6,1,42,7,1968,2,1,SKODA SUPERB,6,E01019421,0,-1
2020430044087,2020,430044087,3,8,0,18,19,6,2,0,0,1,0,0,0,0,2,1,6,6,2,56,9,1968,2,7,SKODA SUPERB,5,E01016233,0,-1
2020110961302,2020,110961302,1,9,0,18,19,4,8,0,0,1,0,0,0,0,3,1,5,6,2,54,8,1598,2,5,SKODA SUPERB,1,E01011973,0,-1
20201372L0647,2020,1372L0647,2,9,0,18,19,1,3,0,0,8,0,0,7,0,1,1,6,6,1,36,7,1968,2,5,SKODA SUPERB,1,E01010650,0,-1
2020990968997,2020,990968997,1,9,0,18,19,8,4,0,0,2,0,0,0,0,3,1,6,6,1,37,7,1896,2,16,SKODA SUPERB,9,-1,0,-1
202006M169492,2020,06M169492,2,9,0,9,9,5,3,0,0,8,0,0,0,0,2,1,6,6,1,28,6,1598,2,4,SKODA SUPERB,2,E01004855,0,-1
2020351001201,2020,351001201,2,9,0,18,19,3,7,0,0,3,0,0,0,0,1,1,1,1,1,26,6,1968,2,7,SKODA SUPERB,5,E01015651,0,-1
2020010230851,2020,010230851,2,9,0,10,10,6,4,0,0,1,0,0,0,0,1,1,1,1,1,35,6,1598,2,8,SKODA SUPERB,4,E01021809,0,-1
2020320082338,2020,320082338,1,9,0,4,4,3,7,0,0,0,0,0,0,0,0,1,1,1,1,51,8,1968,2,3,SKODA SUPERB,7,E01026723,0,-1
2020500975637,2020,500975637,1,8,0,6,6,7,6,0,0,6,0,0,0,0,3,1,1,1,1,62,9,1598,2,8,SKODA SUPERB,6,E01020202,0,-1
2020302000286,2020,302000286,2,9,0,4,4,8,4,0,0,0,0,0,0,0,2,1,6,6,1,46,8,1968,2,5,SKODA SUPERB,3,E01019777,0,-1
2020070561996,2020,070561996,2,9,0,18,19,3,7,0,0,1,1,0,0,0,1,1,2,2,2,26,6,1984,1,2,SKODA SUPERB,2,E01012439,0,-1
2020010242568,2020,010242568,1,9,0,13,13,2,6,0,0,8,0,10,0,0,3,1,1,1,1,39,7,3597,1,7,SKODA SUPERB,6,E01032767,0,-1
2020320537108,2020,320537108,1,8,0,18,19,3,7,9,9,6,0,0,0,0,4,1,1,1,1,35,6,1968,2,2,SKODA SUPERB,1,E01026126,0,-1
2020460941250,2020,460941250,2,9,0,18,19,1,5,0,0,1,0,0,0,0,1,1,5,6,1,66,10,1598,2,7,SKODA SUPERB,3,E01023984,0,-1
2020544345920,2020,544345920,1,9,0,13,13,8,4,0,0,0,0,0,0,0,4,1,6,6,1,46,8,1968,2,3,SKODA SUPERB,9,E01015525,0,-1
202006Q270361,2020,06Q270361,1,9,0,18,19,8,4,0,0,1,0,0,0,0,1,1,6,6,1,39,7,1968,2,4,SKODA SUPERB,2,E01005343,0,-1
2020470931956,2020,470931956,1,9,0,18,19,8,4,0,0,1,0,0,0,0,3,1,1,1,1,38,7,1968,2,6,SKODA SUPERB,8,E01017003,0,-1
2020010263997,2020,010263997,2,9,0,18,19,1,5,0,0,1,0,0,1,0,3,1,1,1,1,32,6,3597,1,6,SKODA SUPERB,-1,-1,0,-1
2020420984818,2020,420984818,2,9,0,3,3,5,1,0,0,1,0,0,0,0,2,1,6,6,2,62,9,1968,2,5,SKODA SUPERB,4,E01021636,0,-1
2020110994356,2020,110994356,1,9,0,18,19,2,6,0,0,0,0,0,0,0,1,1,5,6,1,90,11,1968,2,5,SKODA SUPERB,-1,-1,0,-1
2020010265033,2020,010265033,2,9,0,18,19,1,5,0,0,8,0,0,0,0,2,1,6,6,1,45,7,1984,1,2,SKODA SUPERB,6,E01032767,0,-1
2020522000734,2020,522000734,1,9,0,7,7,6,8,0,0,5,0,0,0,0,4,1,6,6,1,47,8,1968,2,1,SKODA SUPERB,8,E01015472,0,-1
2020470951924,2020,470951924,2,9,0,18,19,7,3,0,0,1,1,0,0,0,1,1,2,2,1,52,8,1968,2,3,SKODA SUPERB,5,E01021024,0,-1
2020140918220,2020,140918220,2,9,0,18,19,6,2,0,0,8,0,0,0,0,4,1,5,6,1,47,8,1968,2,4,SKODA SUPERB,2,E01007638,0,-1
2020200995122,2020,200995122,2,9,0,7,7,6,1,0,0,1,0,0,0,0,2,1,1,1,1,47,8,1968,2,6,SKODA SUPERB,1,E01009400,0,-1
2020622000263,2020,622000263,1,9,0,18,19,3,7,0,0,0,2,0,6,6,1,1,1,1,1,47,8,1968,2,4,SKODA SUPERB,2,E01007717,0,-1
20201379H2176,2020,1379H2176,1,9,0,18,19,2,6,0,0,8,0,0,0,0,1,1,6,6,3,-1,-1,1968,2,4,SKODA SUPERB,-1,-1,0,-1
2020990922727,2020,990922727,3,9,0,18,19,4,8,0,0,2,1,0,1,11,3,1,5,6,1,80,11,1498,1,1,SKODA SUPERB,7,-1,0,-1
2020420984005,2020,420984005,1,8,0,18,19,5,1,0,0,8,0,0,0,0,0,1,1,1,1,64,9,1968,2,1,SKODA SUPERB,7,E01021827,0,-1
2020010282390,2020,010282390,1,9,0,9,9,5,2,4,4,5,0,0,0,0,1,1,6,6,1,36,7,1984,1,1,SKODA SUPERB,3,E01001000,0,-1
2020420997332,2020,420997332,1,9,0,18,19,7,3,0,0,1,0,0,0,0,4,1,5,6,1,63,9,1598,2,8,SKODA SUPERB,4,E01022049,0,-1
2020400931016,2020,400931016,2,9,0,4,4,7,3,0,0,0,0,0,0,0,2,1,6,6,1,-1,-1,1598,2,7,SKODA SUPERB,5,E01000037,0,-1
202006XE75167,2020,06XE75167,1,8,0,11,11,7,3,0,0,0,0,0,0,0,1,1,1,1,1,61,9,1598,2,2,SKODA SUPERB,3,E01006260,0,-1
202063A073720,2020,63A073720,1,9,0,18,19,1,4,0,0,1,0,0,0,0,4,1,1,1,1,65,9,1968,2,2,SKODA SUPERB,4,E01008747,0,-1
2020440225569,2020,440225569,1,9,0,9,9,4,2,0,0,8,0,0,0,0,1,1,6,6,1,36,7,1968,2,4,SKODA SUPERB,1,E01017039,0,-1
202063C066720,2020,63C066720,1,9,0,18,19,8,5,0,0,8,0,0,0,0,1,1,1,1,1,32,6,1968,2,11,SKODA SUPERB,3,W01000607,0,-1
2020411024258,2020,411024258,1,9,0,9,9,1,5,0,0,5,0,0,0,0,1,1,6,6,1,65,9,1968,2,5,SKODA SUPERB,10,E01023558,0,-1
2020470954030,2020,470954030,2,9,0,18,19,3,7,0,0,0,0,0,0,0,1,1,6,6,1,30,6,1968,2,10,SKODA SUPERB,1,E01016864,0,-1
2020221017645,2020,221017645,1,9,0,3,3,2,6,0,0,0,0,0,0,0,2,1,5,6,1,39,7,1598,2,1,SKODA SUPERB,5,E01016088,0,-1
2020220987877,2020,220987877,2,9,0,18,19,4,8,0,0,8,0,0,0,0,1,1,5,6,1,63,9,1968,2,5,SKODA SUPERB,6,E01028874,0,-1
2020070418762,2020,070418762,4,9,0,4,4,7,3,6,6,0,0,2,0,0,2,1,1,1,1,-1,-1,1968,2,0,SKODA SUPERB,6,E01019748,0,-1
202063B049620,2020,63B049620,3,9,0,10,10,3,1,0,0,1,0,0,0,0,0,1,6,6,1,-1,-1,1968,2,8,SKODA SUPERB,5,E01032214,0,-1
2020470920839,2020,470920839,1,9,0,9,9,3,6,0,0,1,0,0,0,0,3,1,1,1,1,32,6,1598,2,5,SKODA SUPERB,6,E01016889,0,-1
2020522101060,2020,522101060,1,9,0,18,19,7,3,0,0,0,5,0,0,0,3,1,6,6,1,39,7,1968,2,1,SKODA SUPERB,1,E01014593,0,-1
2020450962444,2020,450962444,2,9,0,18,19,4,6,0,0,8,0,0,0,0,1,1,6,6,1,35,6,1968,2,3,SKODA SUPERB,10,E01023101,0,-1
2020350931678,2020,350931678,2,9,0,3,3,3,7,0,0,0,0,0,0,0,2,1,1,1,1,54,8,1968,2,7,SKODA SUPERB,2,E01009741,0,-1
20201378F1437,2020,1378F1437,2,9,0,17,19,6,4,0,0,8,0,0,0,0,1,1,6,6,1,30,6,1968,2,5,SKODA SUPERB,5,E01007608,0,-1
2020160939441,2020,160939441,2,9,0,18,19,3,7,0,0,0,1,0,0,0,1,1,2,2,1,49,8,1968,2,3,SKODA SUPERB,9,E01013275,0,-1
2020610014920,2020,610014920,1,9,0,9,9,5,2,0,0,1,0,0,0,0,1,1,2,2,1,54,8,1968,2,2,SKODA SUPERB,5,E01022272,0,-1
2020160983813,2020,160983813,2,9,0,2,2,0,0,0,0,0,0,8,0,0,3,1,6,6,1,81,11,1395,1,4,SKODA SUPERB,2,E01012821,0,-1
2020030942577,2020,030942577,1,9,0,1,1,3,7,0,0,1,0,0,0,0,2,1,6,6,1,41,7,1968,2,0,SKODA SUPERB,7,E01019093,0,-1
20201379F0440,2020,1379F0440,3,9,0,18,19,2,6,0,0,0,0,0,0,0,1,1,6,6,1,59,9,1896,2,17,SKODA SUPERB,3,E01016036,0,-1
2020500933985,2020,500933985,2,9,0,18,19,1,5,0,0,8,0,0,0,0,1,1,1,1,1,32,6,1984,1,5,SKODA SUPERB,4,E01015029,0,-1
2020460938887,2020,460938887,4,9,0,2,2,0,0,0,0,1,0,0,0,0,2,1,3,7,2,47,8,1968,2,4,SKODA SUPERB,5,E01024654,0,-1
2020100982768,2020,100982768,3,9,0,5,5,3,7,0,0,0,0,0,0,0,1,1,6,6,3,-1,-1,1968,2,8,SKODA SUPERB,-1,-1,0,-1
202006Q267949,2020,06Q267949,3,9,0,18,19,5,1,0,0,1,0,0,0,0,0,1,6,6,1,30,6,1598,2,7,SKODA SUPERB,6,E01005397,0,-1
2020302001073,2020,302001073,2,8,0,2,2,0,0,0,0,0,0,0,0,0,1,1,1,1,1,34,6,1598,2,8,SKODA SUPERB,1,E01013568,0,-1
2020070739502,2020,070739502,2,9,0,4,4,6,2,0,0,2,0,2,0,0,2,1,1,1,2,49,8,1968,2,5,SKODA SUPERB,8,E01018582,0,-1
2020052000834,2020,052000834,1,9,0,18,19,1,5,0,0,1,0,0,0,0,4,1,6,6,2,31,6,1968,2,11,SKODA SUPERB,3,E01026756,0,-1
2020211001100,2020,211001100,2,9,0,18,19,6,2,0,0,1,0,0,1,10,3,1,1,1,1,47,8,1968,2,5,SKODA SUPERB,3,E01014322,0,-1
2020350999489,2020,350999489,1,9,0,18,19,2,6,0,0,0,0,0,0,0,3,1,6,6,2,78,11,1968,2,6,SKODA SUPERB,9,E01018013,0,-1
2020200966887,2020,200966887,2,9,0,18,19,8,4,0,0,8,0,0,0,0,1,1,6,6,1,54,8,1968,2,3,SKODA SUPERB,3,E01010382,0,-1
2020137CA1613,2020,137CA1613,2,8,0,18,19,4,8,0,0,8,0,0,0,0,1,1,1,1,1,50,8,1968,2,6,SKODA SUPERB,2,E01032502,0,-1
2020990983065,2020,990983065,2,9,0,9,9,5,7,0,0,8,0,0,0,0,2,1,6,6,1,33,6,1968,2,10,SKODA SUPERB,-1,-1,0,-1
2020552001039,2020,552001039,1,9,0,6,6,5,5,0,0,3,0,0,0,0,0,1,6,6,1,59,9,1968,2,4,SKODA SUPERB,10,E01020470,0,-1
2020010281489,2020,010281489,1,9,0,5,5,1,5,0,0,2,0,0,0,0,1,1,1,1,1,52,8,1968,2,6,SKODA SUPERB,5,E01033741,0,-1
2020052000863,2020,052000863,1,9,0,2,2,0,0,0,0,0,0,0,0,0,3,1,6,6,2,53,8,1598,2,7,SKODA SUPERB,6,E01006927,0,-1
2020122000441,2020,122000441,2,9,0,7,7,5,6,0,0,1,0,0,0,0,1,1,1,1,1,52,8,1968,2,2,SKODA SUPERB,8,E01027738,0,-1
20201372T1834,2020,1372T1834,1,9,0,5,5,3,6,0,0,1,0,0,0,0,1,1,1,1,1,50,8,1968,2,6,SKODA SUPERB,2,E01032502,0,-1
2020302000313,2020,302000313,2,8,0,9,9,2,8,0,0,2,0,0,0,0,3,1,6,6,1,34,6,1968,2,6,SKODA SUPERB,1,E01007877,0,-1
2020540615820,2020,540615820,1,9,0,16,19,6,1,0,0,0,0,0,0,0,1,1,6,6,1,40,7,1498,1,1,SKODA SUPERB,7,E01032084,0,-1
2020350932263,2020,350932263,3,9,0,18,19,1,5,0,0,0,0,0,0,0,2,1,6,6,1,42,7,1598,2,8,SKODA SUPERB,9,E01026274,0,-1
2020430291838,2020,430291838,1,9,0,15,15,8,4,0,0,0,0,0,0,0,3,1,6,6,3,66,10,1968,2,6,SKODA SUPERB,2,E01016718,0,-1
2020140926853,2020,140926853,1,9,0,18,19,5,1,0,0,0,0,0,0,0,1,1,6,6,3,-1,-1,1968,2,3,SKODA SUPERB,-1,-1,0,-1
2020990940051,2020,990940051,1,9,0,18,19,4,8,0,0,0,0,0,0,0,1,1,5,6,1,28,6,1598,2,1,SKODA SUPERB,1,-1,0,-1
2020160933895,2020,160933895,2,8,0,18,19,5,1,0,0,2,0,0,0,0,3,1,5,6,1,41,7,1968,2,3,SKODA SUPERB,2,E01013332,0,-1
2020470976592,2020,470976592,2,9,0,18,19,7,3,0,0,1,0,0,0,0,3,1,5,6,1,49,8,1984,1,1,SKODA SUPERB,7,E01016213,0,-1
2020420964865,2020,420964865,2,8,0,18,19,3,7,0,0,4,0,0,0,0,1,1,1,1,1,57,9,1968,2,1,SKODA SUPERB,2,E01002312,0,-1
2020302000599,2020,302000599,1,9,0,4,4,6,4,0,0,0,0,0,0,0,2,1,6,6,1,48,8,1984,1,3,SKODA SUPERB,5,E01010399,0,-1
2020461009640,2020,461009640,2,9,0,9,9,7,5,0,0,3,0,0,0,0,4,1,5,6,2,57,9,1498,1,0,SKODA SUPERB,5,E01024489,0,-1
2020340N05442,2020,340N05442,2,9,0,18,19,7,3,0,0,1,0,0,0,0,1,1,6,6,2,48,8,1968,2,3,SKODA SUPERB,3,E01027196,0,-1
2020522004932,2020,522004932,1,9,0,3,3,4,8,0,0,1,0,0,0,0,3,1,6,6,2,51,8,1798,1,9,SKODA SUPERB,10,E01014620,0,-1
2020200999986,2020,200999986,1,9,0,18,19,1,5,0,0,8,0,0,0,0,1,1,6,6,1,-1,-1,1968,2,6,SKODA SUPERB,4,E01009167,0,-1
2020470961952,2020,470961952,2,9,0,2,2,0,0,0,0,0,0,4,0,0,2,1,6,6,1,42,7,1598,2,5,SKODA SUPERB,4,E01003482,0,-1
2020990938996,2020,990938996,2,8,0,18,19,1,5,0,0,2,0,0,0,0,4,1,1,1,1,38,7,1598,2,6,SKODA SUPERB,2,-1,0,-1
2020470978285,2020,470978285,2,9,0,18,19,3,8,0,0,1,0,0,0,0,1,1,6,6,1,62,9,1968,2,5,SKODA SUPERB,7,E01020938,0,-1
2020360940183,2020,360940183,3,9,0,4,4,4,8,0,0,0,0,0,0,0,1,1,5,6,1,61,9,1968,2,9,SKODA SUPERB,6,E01026764,0,-1
2020990994959,2020,990994959,2,9,0,3,3,8,4,0,0,0,0,0,0,0,2,1,2,2,1,37,7,1798,1,9,SKODA SUPERB,-1,-1,0,-1
2020100933183,2020,100933183,2,9,0,18,19,3,8,0,0,0,0,0,0,0,1,1,1,1,1,48,8,1598,2,3,SKODA SUPERB,-1,-1,0,-1
2020400936615,2020,400936615,2,9,0,18,19,8,4,0,0,0,0,0,0,0,1,1,2,2,1,28,6,1968,2,2,SKODA SUPERB,4,E01003559,0,-1
2020140958523,2020,140958523,1,8,0,18,19,1,5,0,0,0,0,10,0,0,-1,1,6,6,1,-1,-1,1968,2,6,SKODA SUPERB,-1,-1,0,-1
2020610021420,2020,610021420,2,8,0,18,19,3,7,0,0,8,0,0,0,0,1,1,3,7,1,-1,-1,1968,2,3,SKODA SUPERB,2,W01001690,0,-1
2020440381572,2020,440381572,2,9,0,4,4,2,6,0,0,0,0,0,0,0,2,1,6,6,1,63,9,1968,2,2,SKODA SUPERB,3,E01017105,0,-1
2020440072663,2020,440072663,1,9,0,7,7,6,2,0,0,8,0,0,0,0,1,1,2,2,1,59,9,1896,2,16,SKODA SUPERB,4,E01017234,0,-1
2020548678620,2020,548678620,3,9,0,4,4,1,5,0,0,0,0,0,0,0,2,1,6,6,1,41,7,1968,2,8,SKODA SUPERB,10,E01015512,0,-1
2020220922535,2020,220922535,2,9,0,17,19,1,6,0,0,8,0,0,0,0,4,1,2,2,1,40,7,1598,2,7,SKODA SUPERB,5,E01028946,0,-1
2020470959958,2020,470959958,2,9,0,18,19,7,3,0,0,8,0,0,0,0,1,1,6,6,2,49,8,1798,1,6,SKODA SUPERB,6,E01016933,0,-1
2020040988726,2020,040988726,1,9,0,18,19,1,5,0,0,1,0,0,0,0,1,1,5,6,1,45,7,1968,2,3,SKODA SUPERB,7,E01025419,0,-1
2020110929849,2020,110929849,2,8,0,18,19,4,8,0,0,1,0,0,0,0,4,1,1,1,1,30,6,1968,2,6,SKODA SUPERB,-1,-1,0,-1
2020170S40260,2020,170S40260,1,8,0,18,19,1,5,0,0,0,0,0,0,0,1,1,1,1,1,43,7,1598,2,5,SKODA SUPERB,8,E01012010,0,-1
2020141007729,2020,141007729,3,9,0,9,9,4,2,0,0,2,0,0,0,0,4,1,6,6,2,57,9,1395,8,0,SKODA SUPERB,4,E01007647,0,-1
2020052001703,2020,052001703,1,9,0,18,19,3,7,0,0,0,0,0,0,0,1,1,6,6,1,92,11,1498,1,1,SKODA SUPERB,10,E01007200,0,-1
2020460939234,2020,460939234,1,9,0,18,19,8,4,0,0,0,0,0,0,0,1,1,2,2,1,69,10,1968,2,4,SKODA SUPERB,2,E01024604,0,-1
2020370929101,2020,370929101,3,9,0,18,19,3,7,0,0,0,0,0,0,0,3,1,5,6,1,51,8,1968,2,5,SKODA SUPERB,7,E01029966,0,-1
2020440016936,2020,440016936,1,9,0,18,19,7,3,0,0,0,0,0,0,0,1,1,6,6,1,67,10,1598,2,4,SKODA SUPERB,5,E01022616,0,-1
2020350951172,2020,350951172,2,8,0,5,5,3,7,0,0,1,0,0,0,0,3,1,1,1,1,34,6,1968,2,2,SKODA SUPERB,9,E01017993,0,-1
2020470927079,2020,470927079,2,9,0,18,19,8,4,0,0,0,0,0,0,0,1,1,5,6,1,56,9,1968,2,4,SKODA SUPERB,9,E01017001,0,-1
2020460943700,2020,460943700,1,9,0,7,7,5,7,0,0,0,0,0,0,0,4,1,1,1,1,-1,-1,1968,2,5,SKODA SUPERB,4,E01024841,0,-1
2020990963083,2020,990963083,2,8,0,16,19,2,6,0,0,0,0,0,0,0,1,1,1,1,1,59,9,1598,2,4,SKODA SUPERB,4,-1,0,-1
2020430225232,2020,430225232,1,9,0,18,19,3,7,0,0,0,0,0,0,0,4,1,1,1,3,55,8,1968,2,7,SKODA SUPERB,10,E01028460,0,-1
2020052001858,2020,052001858,1,9,0,5,5,2,6,0,0,1,0,0,3,0,4,1,1,1,1,38,7,1968,2,7,SKODA SUPERB,6,E01007059,0,-1
2020040996712,2020,040996712,2,9,0,3,3,5,1,0,0,1,0,0,0,0,1,1,1,1,1,26,6,1968,2,4,SKODA SUPERB,8,E01025056,0,-1
2020420962204,2020,420962204,1,9,0,7,7,5,2,0,0,3,0,0,0,0,4,1,5,6,1,35,6,1968,2,5,SKODA SUPERB,10,E01022084,0,-1
2020200948710,2020,200948710,1,9,0,7,7,2,4,0,0,8,0,0,0,0,1,1,6,6,1,-1,-1,1968,2,3,SKODA SUPERB,-1,-1,0,-1
2020302000347,2020,302000347,1,9,0,1,1,5,1,0,0,0,0,0,0,0,2,1,1,1,1,45,7,1968,2,7,SKODA SUPERB,7,E01019705,0,-1
2020230937797,2020,230937797,1,9,0,7,7,1,3,0,0,6,0,0,1,0,1,1,5,6,1,58,9,1598,2,7,SKODA SUPERB,6,E01031084,0,-1
2020470976910,2020,470976910,1,9,0,18,19,2,6,0,0,8,0,0,0,0,1,1,5,6,1,26,6,1968,2,4,SKODA SUPERB,2,E01020910,0,-1
2020470978315,2020,470978315,3,9,0,10,10,8,6,0,0,1,0,0,0,0,1,1,5,6,1,73,10,1968,2,3,SKODA SUPERB,10,E01031706,0,-1
2020052001142,2020,052001142,1,8,0,18,19,6,2,0,0,0,0,0,0,0,0,1,1,1,1,47,8,1968,2,2,SKODA SUPERB,2,E01007176,0,-1
2020420960677,2020,420960677,2,9,0,10,10,4,7,0,0,1,0,0,0,0,2,1,6,6,1,50,8,1968,2,8,SKODA SUPERB,7,E01021617,0,-1
2020010254448,2020,010254448,2,9,0,10,10,3,1,0,0,1,0,0,0,0,3,1,2,2,1,39,7,1968,2,4,SKODA SUPERB,3,E01021858,0,-1
2020410933152,2020,410933152,2,9,0,4,4,5,1,0,0,1,0,0,0,0,1,1,5,6,2,25,5,1968,2,10,SKODA SUPERB,4,E01023774,0,-1
2020990928298,2020,990928298,1,8,0,6,6,5,3,0,0,1,0,0,0,0,3,1,1,1,1,69,10,1598,2,3,SKODA SUPERB,4,-1,0,-1
2020440446929,2020,440446929,2,9,0,18,19,8,4,0,0,8,0,0,0,0,4,1,6,6,1,76,11,1968,2,8,SKODA SUPERB,9,E01023281,0,-1
2020320256611,2020,320256611,1,8,0,18,19,4,8,0,0,1,0,0,0,0,1,1,6,6,1,65,9,1968,2,2,SKODA SUPERB,10,E01026395,0,-1
2020421000062,2020,421000062,1,9,0,18,19,5,1,0,0,0,0,0,0,0,2,1,1,1,1,61,9,1968,2,1,SKODA SUPERB,1,E01016007,0,-1
2020101008070,2020,101008070,2,9,0,10,10,1,7,0,0,1,0,0,0,0,4,1,1,1,1,53,8,1968,2,3,SKODA SUPERB,2,E01008232,0,-1
2020302001235,2020,302001235,2,4,0,5,5,1,5,0,0,0,0,0,0,0,4,1,6,6,1,51,8,249,1,21,-1,10,E01019425,0,-1
20201379D0126,2020,1379D0126,1,9,0,5,5,5,1,0,0,0,5,4,0,0,1,1,6,6,1,20,4,1896,2,12,VOLKSWAGEN Model Missing,-1,-1,0,-1
2020122000351,2020,122000351,2,9,0,18,19,5,1,0,0,1,0,0,0,0,1,1,6,6,1,33,6,1896,2,19,VOLKSWAGEN Model Missing,2,E01027825,0,-1
2020471002924,2020,471002924,1,90,0,18,19,1,5,0,0,0,0,0,0,0,1,2,5,6,1,50,8,1493,1,54,-1,7,E01031813,0,-1
2020010247617,2020,010247617,1,9,0,18,19,5,1,0,0,0,0,0,0,0,1,1,6,6,2,29,6,1896,2,14,VOLKSWAGEN Model Missing,5,E01001265,0,-1
2020440449274,2020,440449274,2,19,0,18,19,2,6,0,0,8,0,0,0,0,3,1,2,2,1,45,7,-1,-1,-1,-1,7,E01030423,0,-1
2020100983534,2020,100983534,2,9,0,2,2,0,0,9,9,0,0,0,0,0,2,1,6,6,3,-1,-1,1968,2,4,VOLKSWAGEN Model Missing,-1,-1,0,-1
2020010280517,2020,010280517,2,90,0,9,9,3,1,0,0,2,0,0,0,0,0,1,6,6,2,54,8,2000,1,43,-1,4,E01000928,0,-1
2020350978097,2020,350978097,2,9,0,4,4,3,7,0,0,0,0,0,0,0,2,1,2,2,1,58,9,1198,1,12,VOLKSWAGEN Model Missing,10,E01026359,0,-1
2020361030921,2020,361030921,2,9,0,2,2,0,0,6,6,0,0,0,0,0,3,1,1,1,1,39,7,-1,-1,-1,VOLKSWAGEN Model Missing,1,E01026603,0,-1
2020360936835,2020,360936835,2,9,0,4,4,7,3,0,0,0,0,0,0,0,3,1,5,6,1,28,6,1968,2,16,VOLKSWAGEN Model Missing,4,E01028781,0,-1
202006A276168,2020,06A276168,1,9,0,1,1,1,5,0,0,1,0,0,0,0,2,1,6,6,3,-1,-1,1968,2,14,VOLKSWAGEN Model Missing,-1,-1,0,-1
2020501003107,2020,501003107,2,9,0,18,19,1,5,0,0,0,0,0,0,0,1,1,6,6,2,-1,-1,2000,1,20,VOLKSWAGEN Model Missing,10,E01015131,0,-1
2020230988412,2020,230988412,1,9,0,18,19,2,6,0,0,0,0,0,0,0,1,1,6,6,1,34,6,1968,2,16,VOLKSWAGEN Model Missing,-1,-1,0,-1
2020010254345,2020,010254345,2,19,0,18,19,1,5,0,0,8,0,0,0,0,1,1,6,6,3,-1,-1,2461,2,12,-1,-1,-1,0,-1
2020010266063,2020,010266063,1,9,0,99,99,9,9,99,99,0,9,99,9,99,2,9,6,6,1,31,6,1896,2,18,VOLKSWAGEN Model Missing,5,E01000975,0,-1
2020140946656,2020,140946656,2,9,0,9,9,5,2,0,0,1,0,0,0,0,1,1,5,6,1,38,7,1984,1,12,VOLKSWAGEN Model Missing,-1,-1,0,-1
2020101002439,2020,101002439,1,9,0,18,19,1,5,0,0,1,0,0,0,0,3,2,5,6,1,70,10,1198,1,10,VOLKSWAGEN Model Missing,9,E01020635,0,-1
2020201001910,2020,201001910,1,9,0,18,19,8,4,0,0,8,0,0,0,0,1,1,6,6,1,40,7,1896,2,17,VOLKSWAGEN Model Missing,3,E01009587,0,-1
2020010270202,2020,010270202,1,9,0,5,5,7,3,0,0,4,0,0,0,0,3,1,6,6,1,53,8,1390,1,10,VOLKSWAGEN Model Missing,3,E01000640,0,-1
2020470967482,2020,470967482,1,9,0,13,13,1,5,0,0,0,0,0,0,0,0,1,5,6,1,44,7,1197,1,9,VOLKSWAGEN Model Missing,10,E01031695,0,-1
2020450959337,2020,450959337,2,90,0,16,19,5,3,0,0,0,0,0,0,0,1,1,5,6,2,57,9,1600,1,-1,-1,8,E01030333,0,-1
2020522002688,2020,522002688,2,9,0,18,19,5,1,0,0,8,0,0,0,0,1,1,6,6,1,41,7,1968,2,14,VOLKSWAGEN Model Missing,10,E01015014,0,-1
2020100983049,2020,100983049,2,90,0,18,19,1,5,0,0,0,0,0,1,3,1,1,5,6,1,82,11,1968,2,5,-1,4,E01026248,0,-1
2020010256878,2020,010256878,2,9,0,4,4,5,1,0,0,2,0,0,0,0,2,1,2,2,1,25,5,1896,2,20,VOLKSWAGEN Model Missing,9,E01002108,0,-1
2020210984595,2020,210984595,1,9,0,18,19,2,6,0,0,1,0,0,0,0,1,1,6,6,1,24,5,1781,1,19,VOLKSWAGEN Model Missing,6,E01029728,0,-1
2020350962455,2020,350962455,1,5,0,13,13,7,3,0,0,0,0,0,7,10,1,1,5,6,1,34,6,998,1,11,YAMAHA YZF R1,2,E01015633,0,-1
2020010259421,2020,010259421,1,5,0,18,19,5,1,0,0,1,0,0,0,0,1,1,6,6,1,34,6,998,1,19,YAMAHA YZF R1,2,E01001750,0,-1