collision_index,collision_year,collision_ref_no,vehicle_reference,vehicle_type,towing_and_articulation,vehicle_manoeuvre_historic,vehicle_manoeuvre,vehicle_direction_from,vehicle_direction_to,vehicle_location_restricted_lane_historic,vehicle_location_restricted_lane,junction_location,skidding_and_overturning,hit_object_in_carriageway,vehicle_leaving_carriageway,hit_object_off_carriageway,first_point_of_impact,vehicle_left_hand_drive,journey_purpose_of_driver_historic,journey_purpose_of_driver,sex_of_driver,age_of_driver,age_band_of_driver,engine_capacity_cc,propulsion_code,age_of_vehicle,generic_make_model,driver_imd_decile,lsoa_of_driver,escooter_flag,driver_distance_banding
2020440404672,2020,440404672,1,3,0,18,19,3,7,0,0,2,0,0,0,0,1,1,2,2,1,23,5,124,1,11,YAMAHA YBR 125,7,E01023224,0,-1
2020010266004,2020,010266004,2,3,0,18,19,7,3,0,0,0,5,0,0,0,1,1,6,6,2,34,6,125,1,4,YAMAHA YBR 125,2,E01002077,0,-1
2020200953707,2020,200953707,1,3,0,18,19,2,6,0,0,2,0,0,0,0,4,1,1,1,1,28,6,124,1,10,YAMAHA YBR 125,1,E01009607,0,-1
2020500958781,2020,500958781,1,3,0,16,19,2,4,0,0,0,0,0,0,0,3,1,5,6,1,20,4,124,1,7,YAMAHA YBR 125,3,E01015150,0,-1
2020360992445,2020,360992445,2,3,0,18,19,6,2,0,0,8,0,0,0,0,1,1,2,2,1,24,5,125,1,6,YAMAHA YBR 125,2,E01033040,0,-1
2020450979118,2020,450979118,2,3,0,9,9,5,3,0,0,2,0,0,0,0,3,1,4,7,2,17,4,124,1,9,YAMAHA YBR 125,8,E01030565,0,-1
2020220941645,2020,220941645,1,3,0,18,19,3,7,0,0,8,0,0,0,0,4,1,5,6,1,32,6,124,1,9,YAMAHA YBR 125,1,E01014198,0,-1
2020500920922,2020,500920922,2,3,0,18,19,3,7,0,0,8,0,0,0,0,4,1,6,6,2,55,8,125,1,5,YAMAHA YBR 125,8,E01020170,0,-1
2020332000218,2020,332000218,1,3,0,18,19,5,1,0,0,8,0,0,0,0,1,1,2,2,1,24,5,124,1,10,YAMAHA YBR 125,3,E01025949,0,-1
2020320052677,2020,320052677,1,3,0,4,4,7,3,0,0,0,0,0,0,0,2,1,6,6,1,66,10,124,1,7,YAMAHA YBR 125,3,E01026124,0,-1
2020500980822,2020,500980822,1,3,0,16,19,3,7,0,0,0,0,0,0,0,1,1,5,6,1,24,5,124,1,9,YAMAHA YBR 125,3,E01018769,0,-1
2020400988137,2020,400988137,2,3,0,3,3,7,3,0,0,2,0,0,0,0,2,1,6,6,1,55,8,125,1,5,YAMAHA YBR 125,3,E01017619,0,-1
2020160964885,2020,160964885,2,3,0,5,5,1,5,0,0,1,0,0,7,0,1,1,5,6,1,24,5,124,1,13,YAMAHA YBR 125,1,E01012867,0,-1
2020530954768,2020,530954768,2,3,0,5,5,1,1,0,0,0,0,0,0,0,2,1,6,6,1,19,4,124,1,7,YAMAHA YBR 125,8,E01022123,0,-1
202031A179520,2020,31A179520,2,3,0,18,19,1,5,0,0,0,0,0,0,0,1,1,2,2,1,56,9,125,1,5,YAMAHA YBR 125,5,E01027946,0,-1
2020430190729,2020,430190729,2,4,0,18,19,3,7,0,0,8,0,0,0,0,1,1,6,6,1,28,6,124,1,14,YAMAHA YBR 125,6,E01016310,0,-1
2020010269563,2020,010269563,1,4,0,3,3,6,2,0,0,1,0,0,0,0,2,1,6,6,1,20,4,124,1,7,YAMAHA YBR 125,4,E01001087,0,-1
202006P176553,2020,06P176553,1,3,0,18,19,7,3,0,0,8,1,0,0,0,1,1,2,2,1,60,9,124,1,12,YAMAHA YBR 125,1,E01005482,0,-1
2020370999900,2020,370999900,1,3,0,18,19,1,5,0,0,1,0,0,0,0,1,1,5,6,1,31,6,124,1,11,YAMAHA YBR 125,1,E01030261,0,-1
2020010255436,2020,010255436,1,3,0,17,19,1,5,0,0,6,0,0,0,0,1,1,2,2,1,43,7,124,1,13,YAMAHA YBR 125,4,E01003658,0,-1
2020010232638,2020,010232638,1,2,0,15,15,7,3,0,0,0,5,0,0,0,0,1,6,6,1,38,7,124,1,7,-1,4,E01000875,0,-1
2020200942848,2020,200942848,2,3,0,11,11,5,1,0,0,3,0,0,0,0,4,1,1,1,1,27,6,124,1,7,YAMAHA YBR 125,5,E01009031,0,-1
202031D043620,2020,31D043620,1,3,0,9,9,7,5,0,0,6,0,0,0,0,3,1,6,6,1,17,4,124,1,13,YAMAHA YBR 125,3,E01019657,0,-1
2020070706519,2020,070706519,1,3,0,18,19,7,3,0,0,0,0,11,0,10,1,1,2,2,1,34,6,124,1,12,YAMAHA YBR 125,5,E01018480,0,-1
2020360944958,2020,360944958,2,3,0,18,19,7,3,0,0,0,0,0,0,0,4,1,5,6,1,20,4,125,1,6,YAMAHA YBR 125,5,E01026541,0,-1
2020137AR1259,2020,137AR1259,1,3,0,18,19,7,3,0,0,4,0,0,0,0,1,1,6,6,1,23,5,124,1,10,YAMAHA YBR 125,1,E01011363,0,-1
2020400936827,2020,400936827,2,3,0,18,19,4,8,0,0,8,5,0,0,0,1,1,2,2,1,18,4,124,1,11,YAMAHA YBR 125,9,E01017546,0,-1
2020450952159,2020,450952159,2,3,0,18,19,7,3,0,0,0,0,0,0,0,3,1,5,6,1,24,5,124,1,11,YAMAHA YBR 125,-1,-1,0,-1
202031C051120,2020,31C051120,1,3,0,18,19,1,4,0,0,1,0,0,0,0,1,1,2,2,1,30,6,124,1,13,YAMAHA YBR 125,2,E01013919,0,-1
202006Q176972,2020,06Q176972,1,4,0,13,13,5,1,0,0,8,0,0,0,0,4,1,4,7,1,18,4,124,1,12,YAMAHA YBR 125,2,E01005999,0,-1
2020622000994,2020,622000994,1,4,0,18,19,6,2,0,0,8,0,0,0,0,1,1,6,6,1,22,5,124,1,10,YAMAHA YBR 125,1,W01000862,0,-1
2020320025070,2020,320025070,1,3,0,16,19,3,5,0,0,0,1,0,0,0,1,1,1,1,2,29,6,124,1,8,YAMAHA YBR 125,7,E01026326,0,-1
202031A114320,2020,31A114320,2,3,0,18,19,3,7,0,0,1,1,0,0,0,1,1,6,6,1,51,8,124,1,9,YAMAHA YBR 125,2,E01028281,0,-1
2020470978375,2020,470978375,2,3,0,18,19,7,3,0,0,2,0,0,0,0,0,1,5,6,2,30,6,124,1,6,YAMAHA YBR 125,9,E01021167,0,-1
2020010270308,2020,010270308,1,3,0,18,19,1,5,0,0,8,0,0,0,0,1,1,6,6,1,26,6,125,1,4,YAMAHA YBR 125,3,E01003122,0,-1
2020200951069,2020,200951069,1,4,0,7,7,3,5,0,0,5,0,0,0,0,1,1,6,6,1,19,4,124,1,12,YAMAHA YBR 125,1,E01032531,0,-1
2020420956422,2020,420956422,1,3,0,18,19,3,7,0,0,0,0,0,1,4,1,1,6,6,1,20,4,124,1,8,YAMAHA YBR 125,9,E01021947,0,-1
20201377U0975,2020,1377U0975,2,4,0,15,15,3,7,0,0,0,0,0,0,0,1,1,6,6,1,27,6,124,1,11,YAMAHA YBR 125,3,E01011834,0,-1
2020520000835,2020,520000835,2,3,0,18,19,8,4,0,0,8,0,0,0,0,1,1,6,6,1,23,5,124,1,9,YAMAHA YBR 125,5,E01029286,0,-1
2020460954024,2020,460954024,2,3,0,17,19,1,5,0,0,1,0,0,0,0,4,1,6,6,1,49,8,124,1,13,YAMAHA YBR 125,5,E01024227,0,-1
2020622000609,2020,622000609,1,4,0,9,9,4,7,0,0,3,1,0,0,0,3,1,6,6,2,34,6,125,1,6,YAMAHA YBR 125,6,W01001000,0,-1
2020040972822,2020,040972822,1,3,0,16,19,7,3,0,0,0,0,0,0,0,1,1,5,6,1,30,6,124,1,7,YAMAHA YBR 125,2,E01012589,0,-1
202031C036720,2020,31C036720,1,3,0,18,19,4,8,0,0,0,1,0,0,0,1,1,6,6,1,31,6,124,1,10,YAMAHA YBR 125,4,E01028380,0,-1
2020010271040,2020,010271040,2,3,0,9,9,1,6,2,2,1,0,0,0,0,3,1,6,6,1,27,6,124,1,9,YAMAHA YBR 125,2,E01032765,0,-1
2020360977858,2020,360977858,1,4,0,18,19,2,6,0,0,0,0,10,1,0,4,1,5,6,2,51,8,124,1,8,YAMAHA YBR 125,8,E01026577,0,-1
202054A614920,2020,54A614920,2,3,0,4,4,6,2,0,0,1,0,0,0,0,0,1,2,2,1,22,5,124,1,6,YAMAHA YBR 125,7,E01032046,0,-1
2020140921816,2020,140921816,1,3,0,18,19,4,8,0,0,8,0,0,0,0,1,1,6,6,1,53,8,125,1,5,YAMAHA YBR 125,3,E01007363,0,-1
2020201005256,2020,201005256,1,3,0,18,19,4,8,0,0,0,2,0,0,0,0,1,6,6,1,33,6,125,1,6,YAMAHA YBR 125,3,E01010407,0,-1
2020220932127,2020,220932127,1,3,0,17,19,8,4,0,0,0,1,0,1,1,4,1,5,6,1,23,5,124,1,8,YAMAHA YBR 125,6,E01032199,0,-1
2020010248371,2020,010248371,1,3,0,99,99,9,9,99,99,9,9,99,9,99,1,-1,2,2,1,29,6,124,1,7,YAMAHA YBR 125,4,E01002088,0,-1
2020122001161,2020,122001161,1,4,0,18,19,3,7,0,0,8,0,0,0,0,1,1,1,1,1,18,4,124,1,10,YAMAHA YBR 125,8,E01027640,0,-1
2020440292812,2020,440292812,1,3,0,18,19,6,3,0,0,0,0,0,1,4,0,1,2,2,1,26,6,124,1,10,YAMAHA YBR 125,7,E01017114,0,-1
202063C057720,2020,63C057720,1,3,0,18,19,8,4,0,0,0,1,0,2,10,4,1,6,6,1,24,5,124,1,8,YAMAHA YBR 125,2,W01000594,0,-1
2020010256774,2020,010256774,2,3,0,17,19,5,1,0,0,1,0,0,1,0,4,1,6,6,1,60,9,124,1,8,YAMAHA YBR 125,-1,-1,0,-1
2020610029320,2020,610029320,1,3,0,9,9,5,3,0,0,3,1,0,0,0,1,1,6,6,2,29,6,124,1,10,YAMAHA YBR 125,10,W01001853,0,-1
2020211025583,2020,211025583,1,3,0,3,3,4,8,0,0,0,1,0,0,0,1,1,6,6,1,28,6,125,1,4,YAMAHA YBR 125,1,E01014217,0,-1
2020371016620,2020,371016620,2,3,0,10,10,7,5,0,0,1,0,0,0,0,0,1,5,6,1,18,4,124,1,10,YAMAHA YBR 125,4,E01033123,0,-1
2020010269371,2020,010269371,2,3,0,99,99,9,9,99,99,0,9,99,9,99,9,9,6,6,3,-1,-1,124,1,7,YAMAHA YBR 125,-1,-1,0,-1
2020450929730,2020,450929730,1,3,0,18,19,1,5,0,0,8,0,0,0,0,2,1,2,2,1,38,7,124,1,7,YAMAHA YBR 125,9,E01030704,0,-1
2020471010182,2020,471010182,1,3,0,18,19,7,3,0,0,1,0,11,0,0,1,1,5,6,2,22,5,124,1,13,YAMAHA YBR 125,7,E01031540,0,-1
202006N266777,2020,06N266777,2,4,0,18,19,3,7,0,0,8,0,0,0,0,1,1,6,6,2,22,5,124,1,11,YAMAHA YBR 125,6,E01004800,0,-1
2020052001280,2020,052001280,1,3,0,18,19,5,1,0,0,3,1,10,7,2,3,1,6,6,1,36,7,125,1,5,YAMAHA YBR 125,2,E01018553,0,-1
2020160944428,2020,160944428,2,3,0,18,19,6,2,0,0,1,0,0,0,0,4,1,2,2,1,44,7,125,1,4,YAMAHA YBR 125,1,E01012848,0,-1
2020220954572,2020,220954572,1,3,0,18,19,3,7,0,0,0,0,0,0,0,3,1,2,2,1,21,5,124,1,14,YAMAHA YBR 125,4,E01013991,0,-1
202031D145920,2020,31D145920,1,3,0,18,19,1,5,0,0,0,0,0,1,0,1,1,6,6,1,26,6,124,1,10,YAMAHA YBR 125,-1,-1,0,-1
2020552100026,2020,552100026,2,3,0,18,19,3,7,0,0,1,1,0,0,0,0,1,6,6,2,65,9,125,1,6,YAMAHA YBR 125,10,E01020381,0,-1
2020137BM0899,2020,137BM0899,2,3,0,18,19,6,2,0,0,8,0,0,0,0,1,1,6,6,1,56,9,124,1,8,YAMAHA YBR 125,1,E01011750,0,-1
2020122001112,2020,122001112,1,3,0,18,19,1,5,0,0,0,1,0,1,9,1,1,2,2,1,18,4,125,1,6,YAMAHA YBR 125,7,E01027761,0,-1
2020221003797,2020,221003797,1,3,0,13,13,3,7,0,0,0,0,0,0,0,4,1,5,6,1,17,4,124,1,7,YAMAHA YBR 125,2,E01032470,0,-1
2020010254087,2020,010254087,1,2,9,99,99,9,9,99,99,9,9,99,9,99,3,-1,6,6,1,30,6,124,1,7,-1,2,E01003489,0,-1
2020370991018,2020,370991018,2,3,0,18,19,8,4,0,0,8,5,0,0,0,1,1,5,6,1,23,5,124,1,10,YAMAHA YBR 125,1,E01029994,0,-1
2020200991350,2020,200991350,2,3,0,18,19,2,6,0,0,8,0,0,0,0,1,1,1,1,1,28,6,124,1,10,YAMAHA YBR 125,-1,-1,0,-1
2020010261366,2020,010261366,1,3,0,18,19,5,1,0,0,8,0,0,0,0,1,1,6,6,1,19,4,124,1,9,YAMAHA YBR 125,3,E01004661,0,-1
2020520003170,2020,520003170,2,3,0,18,19,6,2,0,0,1,0,0,0,0,1,1,6,6,1,51,8,124,1,7,YAMAHA YBR 125,6,E01020083,0,-1
2020552100214,2020,552100214,1,3,0,9,9,8,4,0,0,1,0,0,0,0,3,1,6,6,1,18,4,125,1,4,YAMAHA YBR 125,4,E01015339,0,-1
20201374H1611,2020,1374H1611,2,3,0,9,9,2,6,0,0,8,0,0,0,0,1,1,6,6,1,38,7,124,1,9,YAMAHA YBR 125,2,E01032500,0,-1
2020010274494,2020,010274494,2,3,0,7,7,3,6,0,0,8,0,0,0,0,3,1,6,6,1,31,6,124,1,13,YAMAHA YBR 125,1,E01003052,0,-1
2020010262788,2020,010262788,1,3,0,18,19,1,5,0,0,8,9,0,0,0,4,1,6,6,1,35,6,124,1,9,YAMAHA YBR 125,6,E01003386,0,-1
2020460956661,2020,460956661,1,3,0,18,19,3,7,0,0,0,1,0,0,0,1,1,5,6,1,24,5,124,1,11,YAMAHA YBR 125,4,E01024694,0,-1
2020610048820,2020,610048820,2,3,0,18,19,1,5,0,0,0,0,0,0,0,3,1,6,6,1,32,6,124,1,15,YAMAHA YBR 125,-1,-1,0,-1
202006F173952,2020,06F173952,2,3,0,18,19,8,4,0,0,8,0,0,0,0,1,1,2,2,1,21,5,124,1,7,YAMAHA YBR 125,3,E01004929,0,-1
2020500963314,2020,500963314,1,3,0,18,19,6,2,0,0,4,0,10,0,0,1,1,6,6,1,26,6,124,1,10,YAMAHA YBR 125,3,E01015143,0,-1
20201379H1113,2020,1379H1113,1,3,0,5,5,2,5,0,0,0,0,0,0,0,1,1,6,6,1,19,4,124,1,6,YAMAHA YBR 125,2,E01011450,0,-1
2020622000742,2020,622000742,1,3,0,18,19,6,4,0,0,0,1,0,0,0,0,1,2,2,1,40,7,125,1,4,YAMAHA YBR 125,1,W01000921,0,-1
2020010239917,2020,010239917,2,3,0,18,19,4,8,0,0,8,0,0,3,0,1,-1,6,6,1,21,5,124,1,7,YAMAHA YBR 125,9,E01003890,0,-1
2020140977488,2020,140977488,2,4,0,7,7,6,1,0,0,3,0,0,0,0,3,1,2,2,1,24,5,321,1,2,-1,2,E01007804,0,-1
2020010241328,2020,010241328,1,4,0,99,99,9,9,99,99,9,9,99,9,99,9,1,2,2,1,39,7,321,1,4,-1,6,E01004577,0,-1
2020010240525,2020,010240525,1,3,0,9,9,1,7,0,0,1,0,0,0,0,4,1,6,6,1,19,4,321,1,1,-1,4,E01003803,0,-1
2020010275090,2020,010275090,2,4,0,18,19,6,2,0,0,8,5,0,0,0,1,1,1,1,1,40,7,321,1,1,-1,3,E01003532,0,-1
2020040991635,2020,040991635,1,4,0,18,19,7,3,0,0,0,5,0,0,0,4,1,5,6,1,88,11,321,1,4,-1,1,E01025287,0,-1
202063A057020,2020,63A057020,2,4,0,17,19,2,7,0,0,8,0,0,0,0,1,1,6,6,1,52,8,321,1,1,-1,3,W01000658,0,-1
2020010278984,2020,010278984,2,4,0,18,19,6,2,0,0,1,0,0,0,0,1,1,6,6,1,25,5,321,1,3,-1,3,E01001141,0,-1
2020010269563,2020,010269563,2,4,0,14,14,6,2,0,0,1,0,4,0,0,1,1,2,2,1,30,6,321,1,0,-1,4,E01003450,0,-1
2020470970277,2020,470970277,1,4,0,18,19,2,6,0,0,1,0,10,1,0,1,1,2,2,1,21,5,321,1,1,-1,6,E01031692,0,-1
2020460953670,2020,460953670,1,4,0,16,19,4,8,0,0,0,0,0,0,0,3,1,1,1,1,23,5,124,1,0,-1,8,E01024015,0,-1
2020320081261,2020,320081261,2,3,0,18,19,1,5,0,0,0,0,0,0,0,4,1,6,6,1,22,5,124,1,1,-1,2,E01026277,0,-1
2020361013538,2020,361013538,2,3,0,7,7,4,1,0,0,1,0,0,0,0,2,1,6,6,1,22,5,125,1,1,-1,5,E01026649,0,-1
2020010241302,2020,010241302,2,9,0,99,99,9,9,99,99,9,9,99,9,99,1,9,6,6,3,-1,-1,2480,1,4,-1,-1,-1,0,-1
2020420965383,2020,420965383,3,9,0,18,19,7,3,0,0,0,0,0,0,0,2,1,5,6,2,63,9,2480,1,1,-1,9,E01021927,0,-1
2020010235375,2020,010235375,3,9,0,3,3,3,7,0,0,1,0,0,0,0,2,1,6,6,1,30,6,2993,2,6,BMW X6,4,E01003632,0,-1
2020010244361,2020,010244361,4,9,0,2,2,0,0,0,0,1,0,4,0,0,1,1,6,6,3,-1,-1,2993,2,5,BMW X6,-1,-1,0,-1
2020430229765,2020,430229765,2,9,0,18,19,2,6,0,0,0,0,0,0,0,3,1,2,2,2,27,6,2993,2,6,BMW X6,7,E01000256,0,-1
2020160935359,2020,160935359,1,9,0,9,9,4,2,0,0,1,0,0,0,0,1,1,5,6,1,24,5,2993,2,11,BMW X6,3,E01012872,0,-1
2020052002375,2020,052002375,2,9,0,18,19,2,6,0,0,1,0,0,0,0,1,1,6,6,2,42,7,2993,2,3,BMW X6,6,E01006794,0,-1
2020140944575,2020,140944575,1,9,0,18,19,7,3,0,0,0,0,0,0,0,1,1,2,2,2,50,8,2993,2,10,BMW X6,6,E01008020,0,-1
2020522002504,2020,522002504,2,9,0,18,19,2,6,0,0,0,0,0,0,0,1,1,6,6,1,55,8,2993,2,3,BMW X6,7,E01015022,0,-1
2020010250062,2020,010250062,1,9,0,4,4,1,5,0,0,0,0,0,0,0,3,1,6,6,1,40,7,2993,2,5,BMW X6,3,E01002079,0,-1
2020430098873,2020,430098873,1,9,0,9,9,6,4,0,0,8,0,0,0,0,3,1,6,6,1,37,7,2993,2,8,BMW X6,2,E01016847,0,-1
2020010254363,2020,010254363,1,9,0,18,19,5,1,0,0,8,0,0,0,0,1,1,6,6,1,52,8,2993,2,8,BMW X6,2,E01004296,0,-1
2020010263601,2020,010263601,1,9,0,99,99,9,9,99,99,9,9,99,9,99,1,9,6,6,1,38,7,2993,2,9,BMW X6,1,E01002036,0,-1
2020200969627,2020,200969627,1,9,0,1,1,2,4,0,0,6,0,4,0,0,2,1,6,6,1,-1,-1,4395,1,3,BMW X6,-1,-1,0,-1
2020160965146,2020,160965146,1,9,0,5,5,6,2,9,9,0,0,0,0,0,4,1,5,6,1,63,9,2993,2,10,BMW X6,10,E01013110,0,-1
2020410936278,2020,410936278,2,9,0,18,19,3,7,0,0,0,0,0,0,0,1,1,6,6,2,32,6,2993,2,9,BMW X6,2,E01015779,0,-1
2020052000949,2020,052000949,1,9,0,9,9,7,5,0,0,8,0,0,0,0,4,1,6,6,1,33,6,2993,2,11,BMW X6,1,E01006711,0,-1
2020010265166,2020,010265166,1,9,0,16,19,2,5,0,0,0,2,0,0,0,1,1,6,6,1,30,6,2993,2,7,BMW X6,-1,-1,0,-1
2020460931840,2020,460931840,5,9,0,2,2,0,0,0,0,0,0,0,0,0,2,1,6,6,1,-1,-1,2993,2,6,BMW X6,8,E01024761,0,-1
2020010269210,2020,010269210,1,9,0,18,19,1,5,0,0,0,5,7,0,0,1,1,6,6,1,39,7,2993,2,6,BMW X6,7,E01003456,0,-1
2020430030886,2020,430030886,1,9,0,18,19,5,1,0,0,0,0,0,0,0,1,1,6,6,3,55,8,2993,2,2,BMW X6,4,E01028500,0,-1
2020430315226,2020,430315226,1,9,0,18,19,3,7,0,0,2,0,0,0,0,0,1,6,6,1,-1,-1,4395,1,5,BMW X6,-1,-1,0,-1
2020552000307,2020,552000307,2,9,0,18,19,7,3,0,0,0,0,0,0,0,1,1,6,6,1,74,10,2993,2,8,BMW X6,7,E01020405,0,-1
2020010281427,2020,010281427,1,9,0,5,5,1,5,0,0,1,0,0,0,0,0,1,6,6,1,44,7,2993,2,8,BMW X6,1,E01003051,0,-1
2020370999253,2020,370999253,1,9,0,18,19,5,1,0,0,1,0,0,0,0,3,1,5,6,1,26,6,2993,2,8,BMW X6,2,E01030023,0,-1
202031D129520,2020,31D129520,1,9,0,18,19,7,3,0,0,0,0,0,0,0,1,1,6,6,1,37,7,2993,2,11,BMW X6,4,E01028210,0,-1
2020430066470,2020,430066470,1,9,0,18,19,2,6,0,0,4,5,9,1,1,1,1,6,6,1,42,7,2998,1,0,BMW X6,8,E01017669,0,-1
2020350968289,2020,350968289,1,9,-1,-1,-1,-1,-1,-1,-1,0,-1,-1,-1,0,-1,1,1,1,1,22,5,2993,2,2,BMW X6,4,E01003740,0,-1
2020440396834,2020,440396834,1,9,0,4,4,5,1,0,0,2,0,0,0,0,2,1,6,6,1,37,7,2993,2,3,BMW X6,6,E01002497,0,-1
2020411014145,2020,411014145,1,9,0,14,14,4,8,0,0,0,0,0,0,0,1,1,2,2,1,35,6,2993,2,5,BMW X6,9,E01023882,0,-1
2020010235330,2020,010235330,2,9,0,18,19,1,5,0,0,8,0,0,0,0,1,1,6,6,2,57,9,2993,2,8,BMW X6,3,E01000111,0,-1
2020170S31800,2020,170S31800,1,9,0,14,14,3,7,0,0,8,0,0,0,0,1,1,2,2,1,28,6,2993,2,4,BMW X6,4,E01012292,0,-1
2020470958653,2020,470958653,1,9,0,9,9,1,6,0,0,0,0,0,0,0,1,1,6,6,3,-1,-1,2993,2,12,BMW X6,-1,-1,0,-1
2020420947461,2020,420947461,1,9,0,18,19,1,5,0,0,0,2,0,8,0,1,1,5,6,1,29,6,5000,1,11,BMW X6,2,E01002087,0,-1
2020140983742,2020,140983742,2,9,0,18,19,5,6,0,0,1,0,0,0,0,1,1,1,1,1,52,8,2993,2,7,BMW X6,10,E01008044,0,-1
2020010260114,2020,010260114,1,9,0,99,99,9,9,99,99,0,9,99,9,99,9,9,6,6,2,38,7,2993,2,0,BMW X6,4,E01015936,0,-1
2020010254172,2020,010254172,2,9,0,99,99,9,9,99,99,9,9,99,9,99,2,9,6,6,3,-1,-1,2993,2,11,BMW X6,-1,-1,0,-1
2020010283347,2020,010283347,2,9,0,2,2,0,0,0,0,2,0,0,0,0,4,1,6,6,3,-1,-1,2993,2,7,BMW X6,-1,-1,0,-1
2020340D02302,2020,340D02302,1,9,0,9,9,3,7,0,0,5,0,0,0,0,4,1,6,6,1,66,10,2993,2,2,BMW X6,9,E01027002,0,-1
2020530971212,2020,530971212,1,9,0,5,5,8,4,0,0,0,0,0,0,0,1,1,1,1,1,30,6,2993,2,5,BMW X6,3,E01022284,0,-1
2020110973386,2020,110973386,2,9,0,18,19,6,2,0,0,0,0,0,0,0,4,1,5,6,1,26,6,2993,2,2,BMW X6,6,E01020640,0,-1
2020122000705,2020,122000705,1,9,0,5,5,1,5,0,0,8,0,0,0,0,4,1,6,6,2,51,8,2993,2,8,BMW X6,8,E01027627,0,-1
2020990992684,2020,990992684,3,9,0,10,10,1,7,0,0,1,0,0,0,0,2,1,6,6,2,49,8,2993,2,7,BMW X6,7,-1,0,-1
2020522101067,2020,522101067,1,9,0,4,4,8,4,0,0,1,0,0,0,0,2,1,6,6,2,48,8,2993,2,2,BMW X6,5,E01033345,0,-1
2020460965828,2020,460965828,2,9,0,18,19,1,6,9,9,0,0,0,0,0,1,1,6,6,1,25,5,2993,2,11,BMW X6,7,E01024764,0,-1
2020010282453,2020,010282453,1,9,0,4,4,5,1,0,0,0,0,0,0,0,2,1,6,6,2,32,6,2993,2,5,BMW X6,8,E01002461,0,-1
2020160945136,2020,160945136,2,9,0,18,19,2,6,0,0,1,0,0,0,0,1,1,6,6,1,-1,-1,2993,2,4,BMW X6,-1,-1,0,-1
2020990938600,2020,990938600,2,9,0,18,19,1,5,0,0,0,0,0,0,0,2,1,2,2,1,52,8,2993,2,3,BMW X6,9,-1,0,-1
2020010236616,2020,010236616,1,9,0,18,19,2,6,0,0,8,0,0,1,1,1,1,6,6,1,36,7,2993,2,3,BMW X6,-1,-1,0,-1
2020010273243,2020,010273243,1,9,0,7,7,3,5,0,0,5,0,0,0,0,4,1,6,6,1,37,7,2993,2,2,BMW X6,4,E01002681,0,-1
2020010233013,2020,010233013,2,9,0,99,99,9,9,99,99,9,9,99,9,99,1,9,6,6,3,-1,-1,2993,2,9,BMW X6,-1,-1,0,-1
2020990960531,2020,990960531,2,9,0,18,19,1,5,0,0,0,0,0,0,0,3,1,6,6,2,65,9,2993,2,2,BMW X6,3,-1,0,-1
2020140937964,2020,140937964,1,9,0,18,19,4,8,0,0,0,0,0,0,0,3,1,2,2,1,48,8,2993,2,1,BMW X6,6,E01007424,0,-1
2020010243520,2020,010243520,2,9,0,99,99,9,9,99,99,9,9,99,9,99,1,9,6,6,3,-1,-1,2993,2,2,BMW X6,-1,-1,0,-1
2020010286282,2020,010286282,2,9,0,12,12,3,7,0,0,0,0,0,0,0,1,1,6,6,1,28,6,2993,2,7,BMW X6,4,E01021451,0,-1
2020010270659,2020,010270659,1,9,0,4,4,1,5,0,0,1,0,0,0,0,1,1,2,2,2,48,8,2993,2,7,BMW X6,2,E01001693,0,-1
2020160976697,2020,160976697,2,3,0,18,19,8,4,0,0,1,1,0,0,0,1,1,5,6,1,34,6,124,1,6,-1,1,E01012798,0,-1
2020622001078,2020,622001078,1,19,0,18,19,5,1,0,0,1,0,0,0,0,1,1,2,2,1,21,5,1753,2,8,FORD TRANSIT CONNECT,7,W01001397,0,-1
2020010271071,2020,010271071,3,19,0,5,5,5,1,0,0,4,0,0,0,0,0,1,2,2,1,36,7,1499,2,2,FORD TRANSIT CONNECT,6,E01029707,0,-1
2020230997331,2020,230997331,3,19,0,17,19,4,1,0,0,8,0,0,0,0,1,1,1,1,1,49,8,1499,2,1,FORD TRANSIT CONNECT,6,E01031221,0,-1
2020421001827,2020,421001827,1,19,0,17,19,3,8,0,0,0,0,0,0,0,1,1,1,1,1,29,6,1753,2,8,FORD TRANSIT CONNECT,2,E01001551,0,-1
2020200930942,2020,200930942,2,19,0,18,19,6,2,0,0,4,0,0,0,0,1,1,6,6,1,37,7,1560,2,5,FORD TRANSIT CONNECT,1,E01010283,0,-1
2020450953549,2020,450953549,2,19,0,15,15,1,5,0,0,2,0,0,0,0,3,1,6,6,1,27,6,1753,2,15,FORD TRANSIT CONNECT,6,E01030748,0,-1
2020320432930,2020,320432930,1,19,0,18,19,5,1,0,0,0,0,0,0,0,4,1,6,6,1,26,6,1753,2,15,FORD TRANSIT CONNECT,-1,-1,0,-1
2020500973348,2020,500973348,1,19,0,13,13,4,8,0,0,0,0,0,0,0,2,1,5,6,1,50,8,1753,2,14,FORD TRANSIT CONNECT,8,E01018855,0,-1