collision_index,collision_year,collision_ref_no,vehicle_reference,vehicle_type,towing_and_articulation,vehicle_manoeuvre_historic,vehicle_manoeuvre,vehicle_direction_from,vehicle_direction_to,vehicle_location_restricted_lane_historic,vehicle_location_restricted_lane,junction_location,skidding_and_overturning,hit_object_in_carriageway,vehicle_leaving_carriageway,hit_object_off_carriageway,first_point_of_impact,vehicle_left_hand_drive,journey_purpose_of_driver_historic,journey_purpose_of_driver,sex_of_driver,age_of_driver,age_band_of_driver,engine_capacity_cc,propulsion_code,age_of_vehicle,generic_make_model,driver_imd_decile,lsoa_of_driver,escooter_flag,driver_distance_banding
2020231000837,2020,231000837,2,19,0,9,9,2,8,0,0,1,0,0,0,0,3,1,5,6,1,34,6,1499,2,3,FORD TRANSIT CONNECT,5,E01025865,0,-1
2020137891503,2020,137891503,1,19,0,18,19,1,3,0,0,0,0,0,0,0,1,1,6,6,3,30,6,1753,2,15,FORD TRANSIT CONNECT,-1,-1,0,-1
2020010246956,2020,010246956,1,19,0,9,9,1,7,0,0,1,0,0,0,0,0,1,1,1,1,51,8,1560,2,5,FORD TRANSIT CONNECT,9,E01003442,0,-1
2020220984422,2020,220984422,1,19,0,9,9,5,3,0,0,5,0,0,0,0,4,1,1,1,1,35,6,1499,2,0,FORD TRANSIT CONNECT,8,E01032233,0,-1
2020500955448,2020,500955448,2,19,0,7,7,1,7,0,0,0,0,0,0,0,0,1,5,6,1,64,9,1753,2,12,FORD TRANSIT CONNECT,4,E01018922,0,-1
2020410964208,2020,410964208,1,19,0,18,19,7,3,0,0,1,0,0,0,0,1,1,1,1,1,59,9,1499,2,4,FORD TRANSIT CONNECT,8,E01000563,0,-1
2020010228233,2020,010228233,1,19,0,99,99,9,9,99,99,2,9,99,9,99,1,9,6,6,1,32,6,1499,2,3,FORD TRANSIT CONNECT,3,E01003532,0,-1
2020420999948,2020,420999948,1,19,0,18,19,4,8,0,0,0,1,0,0,0,1,1,2,2,1,34,6,1499,2,1,FORD TRANSIT CONNECT,8,E01018228,0,-1
2020140998794,2020,140998794,2,19,0,15,15,7,1,0,0,8,0,0,0,0,3,1,6,6,3,-1,-1,1753,2,16,FORD TRANSIT CONNECT,-1,-1,0,-1
2020302000492,2020,302000492,3,19,0,18,19,4,8,0,0,8,0,0,0,0,2,1,6,6,1,-1,-1,1499,2,3,FORD TRANSIT CONNECT,5,E01019633,0,-1
2020010241308,2020,010241308,2,19,0,99,99,9,9,99,99,9,9,99,9,99,2,9,6,6,3,-1,-1,1753,2,14,FORD TRANSIT CONNECT,-1,-1,0,-1
2020410932173,2020,410932173,2,19,0,10,10,1,5,0,0,1,0,0,1,0,3,1,1,1,1,44,7,1499,2,2,FORD TRANSIT CONNECT,3,E01002405,0,-1
202006E371005,2020,06E371005,1,19,0,9,9,3,1,0,0,6,0,0,0,0,3,1,6,6,1,30,6,1753,2,14,FORD TRANSIT CONNECT,-1,-1,0,-1
2020420927019,2020,420927019,2,19,0,2,2,1,1,0,0,0,0,0,0,0,2,1,6,6,1,40,7,1753,2,15,FORD TRANSIT CONNECT,-1,-1,0,-1
2020420963566,2020,420963566,2,19,0,18,19,3,7,0,0,2,0,0,7,2,1,1,6,6,1,28,6,1499,2,3,FORD TRANSIT CONNECT,6,E01033145,0,-1
2020411012455,2020,411012455,2,20,0,5,5,4,7,0,0,8,0,0,0,0,2,1,6,6,1,63,9,-1,-1,-1,FORD TRANSIT CONNECT,9,E01023406,0,-1
2020302000926,2020,302000926,2,19,0,18,19,5,1,0,0,0,1,0,1,0,1,1,6,6,1,20,4,1560,2,5,FORD TRANSIT CONNECT,10,E01019413,0,-1
2020460917732,2020,460917732,1,19,0,18,19,3,7,0,0,8,0,0,0,0,1,1,1,1,1,35,6,1560,2,5,FORD TRANSIT CONNECT,10,E01016085,0,-1
2020410931801,2020,410931801,1,19,0,18,19,2,6,0,0,8,1,0,8,4,1,1,6,6,1,20,4,1560,2,6,FORD TRANSIT CONNECT,5,E01023827,0,-1
2020470940728,2020,470940728,1,19,0,18,19,5,1,0,0,1,0,0,0,0,1,1,6,6,1,35,6,1753,2,10,FORD TRANSIT CONNECT,2,E01020923,0,-1
2020440280566,2020,440280566,1,19,0,9,9,3,1,0,0,8,0,0,0,0,1,1,1,1,1,32,6,1499,2,3,FORD TRANSIT CONNECT,6,E01022816,0,-1
2020401010728,2020,401010728,1,19,0,6,6,7,3,0,0,1,0,0,0,0,1,1,1,1,1,56,9,1499,2,2,FORD TRANSIT CONNECT,6,E01015620,0,-1
2020200955973,2020,200955973,3,19,0,18,19,4,8,0,0,0,0,0,0,0,2,1,6,6,1,33,6,1753,2,13,FORD TRANSIT CONNECT,1,E01009354,0,-1
2020201015243,2020,201015243,1,19,0,18,19,6,2,0,0,0,0,4,4,0,1,1,6,6,1,27,6,1560,2,4,FORD TRANSIT CONNECT,6,E01009034,0,-1
2020430294102,2020,430294102,2,19,0,18,19,1,5,0,0,8,0,0,0,0,4,1,2,2,1,56,9,1499,2,2,FORD TRANSIT CONNECT,5,E01002443,0,-1
2020010262764,2020,010262764,1,19,0,9,9,3,1,0,0,5,0,0,0,0,1,1,6,6,2,55,8,1753,2,9,FORD TRANSIT CONNECT,2,E01003175,0,-1
2020340D00592,2020,340D00592,3,19,0,18,19,7,3,0,0,0,0,0,0,0,1,1,6,6,1,-1,-1,1499,2,3,FORD TRANSIT CONNECT,-1,-1,0,-1
2020500985173,2020,500985173,2,19,0,18,19,7,3,0,0,0,0,0,0,0,1,1,5,6,1,31,6,1753,2,15,FORD TRANSIT CONNECT,8,E01020091,0,-1
2020610039220,2020,610039220,2,19,0,18,19,7,3,0,0,3,0,0,0,0,2,1,2,2,1,-1,-1,1499,2,3,FORD TRANSIT CONNECT,8,W01001379,0,-1
2020070484926,2020,070484926,1,19,0,7,7,5,7,0,0,3,0,0,0,0,1,1,2,2,1,25,5,1560,2,6,FORD TRANSIT CONNECT,8,E01012548,0,-1
2020470986106,2020,470986106,1,20,0,5,5,7,3,0,0,0,0,0,0,0,3,1,6,6,1,61,9,-1,-1,-1,FORD TRANSIT CONNECT,4,E01031553,0,-1
2020421003470,2020,421003470,1,19,0,7,7,7,1,0,0,4,0,0,0,0,3,1,1,1,2,55,8,1753,2,14,FORD TRANSIT CONNECT,4,E01022040,0,-1
2020211028257,2020,211028257,1,19,0,18,19,7,3,0,0,0,0,0,0,0,1,1,6,6,1,37,7,1753,2,14,FORD TRANSIT CONNECT,1,E01010295,0,-1
2020430204081,2020,430204081,1,19,0,13,13,8,4,0,0,0,0,0,0,0,2,1,6,6,2,28,6,1560,2,4,FORD TRANSIT CONNECT,2,E01016394,0,-1
2020010255507,2020,010255507,1,19,0,9,9,1,7,0,0,5,0,0,0,0,4,1,6,6,1,19,4,1499,2,1,FORD TRANSIT CONNECT,4,E01021260,0,-1
2020450918270,2020,450918270,1,19,0,18,19,5,5,9,9,0,0,0,3,0,4,1,6,6,1,37,7,1753,2,15,FORD TRANSIT CONNECT,10,E01023102,0,-1
2020211010421,2020,211010421,2,19,0,2,2,0,0,0,0,0,0,0,0,0,3,1,6,6,1,-1,-1,1753,2,15,FORD TRANSIT CONNECT,4,E01029598,0,-1
2020400991113,2020,400991113,2,19,0,18,19,5,1,0,0,1,0,0,0,0,1,1,2,2,1,27,6,1753,2,8,FORD TRANSIT CONNECT,6,E01017554,0,-1
2020010234896,2020,010234896,2,19,0,18,19,4,8,2,2,1,0,0,0,0,1,1,2,2,1,57,9,1499,2,2,FORD TRANSIT CONNECT,3,E01000130,0,-1
2020440072825,2020,440072825,1,19,0,3,3,2,6,0,0,1,0,0,0,0,2,1,6,6,2,25,5,1499,2,4,FORD TRANSIT CONNECT,6,E01030801,0,-1
2020010248389,2020,010248389,1,19,0,99,99,9,9,0,0,8,0,0,0,0,2,9,2,2,1,39,7,1499,2,2,FORD TRANSIT CONNECT,10,E01030779,0,-1
2020302001562,2020,302001562,1,19,0,18,19,1,5,0,0,1,0,0,0,0,0,1,6,6,1,35,6,1753,2,15,FORD TRANSIT CONNECT,6,E01019502,0,-1
2020450939026,2020,450939026,1,19,0,18,19,7,3,0,0,0,2,0,7,4,1,1,5,6,1,26,6,1753,2,13,FORD TRANSIT CONNECT,7,E01002986,0,-1
2020010276819,2020,010276819,1,19,0,14,14,4,8,0,0,1,0,0,0,0,1,1,6,6,1,76,11,1753,2,13,FORD TRANSIT CONNECT,7,E01000442,0,-1
2020501005040,2020,501005040,1,19,0,17,19,3,8,0,0,0,2,0,7,10,1,1,6,6,1,22,5,1753,2,17,FORD TRANSIT CONNECT,5,E01018864,0,-1
2020522101185,2020,522101185,1,19,0,18,19,6,3,0,0,0,0,0,0,0,3,1,6,6,1,67,10,1560,2,4,FORD TRANSIT CONNECT,10,E01014778,0,-1
2020500946878,2020,500946878,1,19,0,3,3,1,5,0,0,0,0,0,0,0,4,1,1,1,1,28,6,1499,2,1,FORD TRANSIT CONNECT,8,E01020120,0,-1
2020552000074,2020,552000074,1,19,0,18,19,2,6,0,0,1,0,0,0,0,1,1,6,6,2,44,7,1753,2,12,FORD TRANSIT CONNECT,9,E01020399,0,-1
2020420978217,2020,420978217,1,19,0,18,19,1,5,0,0,0,0,0,1,10,1,1,5,6,1,31,6,1753,2,11,FORD TRANSIT CONNECT,7,E01021344,0,-1
2020430436259,2020,430436259,1,19,0,18,19,6,2,0,0,8,0,0,1,1,1,1,6,6,1,36,7,1499,2,0,FORD TRANSIT CONNECT,8,E01016674,0,-1
20201371I1627,2020,1371I1627,1,19,0,2,2,6,2,0,0,0,0,0,0,0,3,1,6,6,1,36,7,1753,2,18,FORD TRANSIT CONNECT,2,E01011632,0,-1
2020420969251,2020,420969251,1,19,0,6,6,7,3,0,0,8,0,0,0,0,0,1,6,6,1,78,11,1796,7,14,FORD TRANSIT CONNECT,1,E01021990,0,-1
2020302001388,2020,302001388,2,19,0,18,19,1,6,0,0,4,0,0,0,0,1,1,6,6,1,51,8,1753,2,12,FORD TRANSIT CONNECT,1,E01019578,0,-1
2020170M30550,2020,170M30550,1,19,0,4,4,4,8,0,0,1,0,0,0,0,2,1,6,6,1,34,6,1560,2,5,FORD TRANSIT CONNECT,3,E01032552,0,-1
2020010276263,2020,010276263,1,19,0,9,9,3,1,0,0,5,0,0,0,0,4,1,1,1,1,22,5,1499,2,2,FORD TRANSIT CONNECT,6,E01024432,0,-1
2020471005132,2020,471005132,1,19,0,18,19,3,7,0,0,1,0,0,0,0,1,1,1,1,1,32,6,1499,2,4,FORD TRANSIT CONNECT,4,E01031364,0,-1
2020010248166,2020,010248166,2,19,0,99,99,9,9,99,99,9,9,99,9,99,1,9,6,6,1,31,6,1560,2,6,FORD TRANSIT CONNECT,4,E01032742,0,-1
2020450975472,2020,450975472,1,19,0,18,19,2,6,0,0,0,0,0,0,0,1,1,6,6,2,41,7,1753,2,15,FORD TRANSIT CONNECT,1,E01031427,0,-1
2020010234000,2020,010234000,1,19,0,18,19,5,1,0,0,8,0,10,1,0,3,1,1,1,1,57,9,1753,2,15,FORD TRANSIT CONNECT,5,E01016642,0,-1
2020350978132,2020,350978132,2,19,0,18,19,5,1,0,0,0,2,0,0,0,1,1,1,1,1,20,4,1560,2,6,FORD TRANSIT CONNECT,10,E01018193,0,-1
2020010275404,2020,010275404,1,19,0,7,7,1,2,0,0,8,0,0,0,0,4,1,1,1,1,24,5,1560,2,6,FORD TRANSIT CONNECT,8,E01002382,0,-1
2020040987767,2020,040987767,4,19,0,18,19,1,5,0,0,0,0,0,0,0,1,1,6,6,1,20,4,1753,2,17,FORD TRANSIT CONNECT,3,E01010986,0,-1
2020460929064,2020,460929064,1,19,0,18,19,2,6,0,0,2,0,0,0,0,3,1,5,6,1,25,5,1560,2,5,FORD TRANSIT CONNECT,6,E01024065,0,-1
2020420925312,2020,420925312,2,19,0,18,19,3,6,0,0,0,0,0,0,0,2,1,6,6,1,58,9,1560,2,6,FORD TRANSIT CONNECT,5,E01021644,0,-1
2020141000919,2020,141000919,2,19,0,18,19,8,4,0,0,0,0,0,0,0,3,1,6,6,1,30,6,1753,2,14,FORD TRANSIT CONNECT,4,E01007852,0,-1
2020360977342,2020,360977342,1,19,0,18,19,1,5,0,0,2,5,10,3,11,1,1,1,1,1,54,8,1753,2,7,FORD TRANSIT CONNECT,10,E01026543,0,-1
2020010245816,2020,010245816,1,19,0,1,1,3,7,0,0,0,0,0,0,0,2,1,1,1,1,44,7,1753,2,15,FORD TRANSIT CONNECT,4,E01004572,0,-1
2020170M11500,2020,170M11500,2,19,0,18,19,4,8,0,0,8,0,0,0,0,4,1,6,6,1,29,6,1499,2,0,FORD TRANSIT CONNECT,10,W01000396,0,-1
2020010258179,2020,010258179,1,19,0,9,9,1,6,0,0,5,0,0,1,0,1,1,6,6,1,46,8,1499,2,4,FORD TRANSIT CONNECT,7,E01030569,0,-1
2020137C10438,2020,137C10438,1,19,0,9,9,1,7,0,0,8,0,0,0,0,4,1,1,1,1,51,8,1560,2,4,FORD TRANSIT CONNECT,8,E01007420,0,-1
2020010233033,2020,010233033,4,19,0,3,3,1,5,0,0,1,0,0,0,0,2,1,6,6,1,20,4,1560,2,4,FORD TRANSIT CONNECT,2,E01015641,0,-1
2020451004431,2020,451004431,2,19,0,18,19,4,8,0,0,0,0,0,0,0,1,1,6,6,2,66,10,1753,2,10,FORD TRANSIT CONNECT,3,E01002711,0,-1
2020990972225,2020,990972225,1,19,0,18,19,3,7,0,0,2,0,0,0,0,1,1,2,2,1,52,8,1753,2,7,FORD TRANSIT CONNECT,7,-1,0,-1
2020010280396,2020,010280396,1,19,0,99,99,9,9,99,99,0,9,99,9,99,2,9,2,2,1,27,6,1499,2,0,FORD TRANSIT CONNECT,6,E01024152,0,-1
2020200950710,2020,200950710,2,19,0,18,19,5,1,0,0,8,0,0,0,0,1,1,1,1,1,23,5,1499,2,3,FORD TRANSIT CONNECT,3,E01009950,0,-1
202031D108220,2020,31D108220,1,19,0,18,19,1,5,0,0,1,0,4,0,0,1,1,2,2,1,64,9,1753,2,15,FORD TRANSIT CONNECT,2,E01027967,0,-1
2020010262716,2020,010262716,2,19,0,4,4,1,5,0,0,1,0,0,0,0,1,1,6,6,1,55,8,1753,2,11,FORD TRANSIT CONNECT,4,E01001142,0,-1
202006Q176800,2020,06Q176800,1,19,0,18,19,7,3,0,0,8,0,0,0,0,1,1,6,6,3,-1,-1,1753,2,12,FORD TRANSIT CONNECT,-1,-1,0,-1
2020211027300,2020,211027300,1,20,0,16,19,3,6,0,0,0,1,0,0,0,1,1,6,6,1,27,6,-1,-1,-1,FORD TRANSIT CONNECT,-1,-1,0,-1
2020140948429,2020,140948429,2,19,0,9,9,1,5,0,0,1,0,0,0,0,3,1,5,6,1,29,6,1753,2,13,FORD TRANSIT CONNECT,2,E01008077,0,-1
2020470995614,2020,470995614,1,19,0,18,19,2,6,0,0,0,0,0,0,0,1,1,1,1,1,63,9,1560,2,4,FORD TRANSIT CONNECT,6,E01023081,0,-1
2020450995068,2020,450995068,2,19,0,7,7,7,7,0,0,4,0,0,0,0,1,1,1,1,1,52,8,1560,2,4,FORD TRANSIT CONNECT,3,E01030952,0,-1
2020430230507,2020,430230507,2,19,0,1,1,6,2,0,0,0,0,0,0,0,2,1,6,6,1,45,7,1499,2,2,FORD TRANSIT CONNECT,-1,-1,0,-1
2020541284320,2020,541284320,1,19,0,4,4,6,2,0,0,0,0,0,0,0,1,1,2,2,1,41,7,1560,2,5,FORD TRANSIT CONNECT,9,E01032710,0,-1
2020100965679,2020,100965679,1,19,0,18,19,5,1,0,0,0,0,0,0,0,1,1,1,1,1,31,6,1499,2,3,FORD TRANSIT CONNECT,1,E01008658,0,-1
2020010284752,2020,010284752,1,19,0,7,7,4,6,0,0,1,0,0,0,0,1,1,1,1,1,65,9,1560,2,5,FORD TRANSIT CONNECT,4,E01003776,0,-1
2020040951115,2020,040951115,1,19,0,18,19,1,5,0,0,0,0,0,0,0,1,1,5,6,1,40,7,1753,2,13,FORD TRANSIT CONNECT,1,E01025570,0,-1
2020040923277,2020,040923277,2,19,0,18,19,1,5,0,0,1,0,0,0,0,1,1,2,2,1,51,8,1560,2,4,FORD TRANSIT CONNECT,2,E01012685,0,-1
2020201019519,2020,201019519,1,19,0,18,19,8,4,0,0,8,0,0,0,0,1,1,1,1,1,58,9,1560,2,4,FORD TRANSIT CONNECT,4,E01006104,0,-1
2020010255585,2020,010255585,2,19,0,4,4,3,7,0,0,0,0,0,0,0,2,1,1,1,1,35,6,1560,2,5,FORD TRANSIT CONNECT,-1,-1,0,-1
2020010286350,2020,010286350,2,19,0,99,99,9,9,0,0,0,0,0,0,0,4,1,6,6,3,-1,-1,1753,2,14,FORD TRANSIT CONNECT,-1,-1,0,-1
2020110931821,2020,110931821,3,19,0,18,19,5,1,0,0,0,0,0,0,0,2,1,6,6,1,30,6,1560,2,5,FORD TRANSIT CONNECT,-1,-1,0,-1
2020302001500,2020,302001500,3,19,0,4,4,8,4,0,0,0,0,0,0,0,2,1,6,6,1,69,10,1499,2,0,FORD TRANSIT CONNECT,2,E01014252,0,-1
202006N177115,2020,06N177115,1,19,0,18,19,2,6,0,0,0,0,0,0,0,1,1,6,6,3,-1,-1,1753,2,9,FORD TRANSIT CONNECT,-1,-1,0,-1
2020990920363,2020,990920363,1,19,0,16,19,7,3,0,0,0,1,0,0,0,1,1,6,6,1,59,9,1499,2,3,FORD TRANSIT CONNECT,7,-1,0,-1
2020302000363,2020,302000363,1,19,0,16,19,2,6,0,0,0,2,0,7,10,0,1,2,2,1,23,5,1753,2,11,FORD TRANSIT CONNECT,7,E01019681,0,-1
202031B176820,2020,31B176820,1,19,0,18,19,1,5,0,0,8,0,0,0,0,1,1,1,1,1,51,8,1499,2,1,FORD TRANSIT CONNECT,5,W01000740,0,-1
2020140973068,2020,140973068,1,19,0,7,7,5,7,4,4,0,0,0,0,0,1,1,6,6,1,34,6,1499,2,1,FORD TRANSIT CONNECT,4,E01007519,0,-1
2020010281486,2020,010281486,1,19,0,9,9,1,6,0,0,5,0,0,0,0,0,1,6,6,1,47,8,999,1,1,FORD TRANSIT CONNECT,6,E01003107,0,-1
2020481002082,2020,481002082,1,19,0,9,9,7,5,0,0,8,0,0,0,0,4,1,1,1,1,58,9,998,1,3,FORD TRANSIT CONNECT,3,E01003635,0,-1
2020140964529,2020,140964529,1,19,0,9,9,6,3,0,0,3,0,0,0,0,1,1,2,2,1,49,8,1753,2,12,FORD TRANSIT CONNECT,8,E01007527,0,-1
2020010265687,2020,010265687,1,19,0,99,99,9,9,99,99,9,9,99,9,99,1,9,6,6,3,-1,-1,1499,2,0,FORD TRANSIT CONNECT,-1,-1,0,-1
2020122001273,2020,122001273,1,19,0,7,7,1,5,0,0,1,0,10,1,2,1,1,6,6,1,37,7,1753,2,14,FORD TRANSIT CONNECT,1,E01027819,0,-1
2020200961753,2020,200961753,3,19,0,2,2,0,0,0,0,0,0,0,0,0,3,1,1,1,1,50,8,1499,2,1,FORD TRANSIT CONNECT,9,E01010334,0,-1
2020320075542,2020,320075542,1,19,0,9,9,3,2,0,0,6,0,0,0,0,1,1,6,6,1,28,6,1753,2,15,FORD TRANSIT CONNECT,3,E01026068,0,-1
2020122100018,2020,122100018,1,19,0,3,3,5,1,0,0,0,0,0,0,0,1,1,6,6,1,65,9,1753,2,8,FORD TRANSIT CONNECT,6,E01027637,0,-1
2020200942184,2020,200942184,1,19,0,18,19,2,6,0,0,1,0,0,0,0,1,1,6,6,1,-1,-1,1753,2,14,FORD TRANSIT CONNECT,-1,-1,0,-1
2020470919614,2020,470919614,1,19,0,18,19,6,2,0,0,0,1,0,0,0,1,1,1,1,1,31,6,1753,2,17,FORD TRANSIT CONNECT,10,E01016185,0,-1
2020410926967,2020,410926967,1,19,0,18,19,7,3,0,0,0,0,0,0,0,2,1,1,1,1,31,6,1499,2,4,FORD TRANSIT CONNECT,8,W01001565,0,-1
2020220962987,2020,220962987,1,19,0,18,19,1,5,0,0,0,0,0,0,0,3,1,1,1,3,35,6,1560,2,5,FORD TRANSIT CONNECT,-1,-1,0,-1
2020461010654,2020,461010654,1,19,0,11,11,2,4,0,0,4,0,0,3,0,3,1,1,1,1,63,9,1499,2,3,FORD TRANSIT CONNECT,9,E01024008,0,-1
2020220975157,2020,220975157,1,19,0,17,19,5,2,0,0,0,2,10,1,3,4,1,6,6,1,24,5,1753,2,16,FORD TRANSIT CONNECT,5,E01028834,0,-1
2020201017354,2020,201017354,1,19,0,18,19,6,2,0,0,0,0,0,0,0,3,1,6,6,1,-1,-1,1753,2,12,FORD TRANSIT CONNECT,-1,-1,0,-1
2020410983841,2020,410983841,2,19,0,4,4,5,1,0,0,0,0,0,0,0,2,1,6,6,1,45,7,1753,2,16,FORD TRANSIT CONNECT,6,E01023789,0,-1
2020540780320,2020,540780320,1,19,0,18,19,2,6,0,0,1,0,0,0,0,1,1,1,1,1,38,7,1499,2,1,FORD TRANSIT CONNECT,2,W01001885,0,-1
2020010250790,2020,010250790,2,19,0,5,5,3,7,0,0,1,0,0,0,0,1,1,6,6,1,52,8,1753,2,16,FORD TRANSIT CONNECT,10,E01021251,0,-1
2020420953262,2020,420953262,2,19,0,5,5,4,8,0,0,0,0,0,0,0,2,1,1,1,1,33,6,1753,2,12,FORD TRANSIT CONNECT,6,E01033723,0,-1
2020160988748,2020,160988748,1,19,0,18,19,3,7,0,0,4,0,0,3,0,1,1,6,6,1,62,9,1753,2,15,FORD TRANSIT CONNECT,1,E01012783,0,-1
2020411005761,2020,411005761,1,19,0,5,5,6,2,0,0,6,0,0,0,0,0,1,2,2,1,59,9,1753,2,10,FORD TRANSIT CONNECT,4,E01023805,0,-1
2020010232976,2020,010232976,1,19,0,18,19,3,7,0,0,1,0,0,0,0,1,1,6,6,1,50,8,1499,2,1,FORD TRANSIT CONNECT,5,E01000211,0,-1
2020360958607,2020,360958607,1,19,0,9,9,2,6,0,0,1,0,0,0,0,4,1,6,6,1,33,6,1753,2,7,FORD TRANSIT CONNECT,5,E01026435,0,-1
2020530924328,2020,530924328,1,19,0,7,7,5,4,0,0,6,0,0,0,0,1,1,1,1,1,59,9,1499,2,1,FORD TRANSIT CONNECT,8,E01033338,0,-1
2020470994981,2020,470994981,2,20,0,18,19,3,7,0,0,0,1,0,1,0,1,1,2,2,1,36,7,-1,-1,-1,FORD TRANSIT CONNECT,8,E01024744,0,-1
2020420925966,2020,420925966,2,19,0,18,19,3,7,0,0,0,1,0,0,0,1,1,1,1,1,42,7,1499,2,2,FORD TRANSIT CONNECT,4,E01001197,0,-1
2020070640667,2020,070640667,2,19,0,2,2,0,0,9,9,2,0,0,0,0,2,1,6,6,3,-1,-1,1753,2,17,FORD TRANSIT CONNECT,-1,-1,0,-1
2020010248971,2020,010248971,1,19,0,2,2,0,0,0,0,1,0,8,0,0,3,1,6,6,3,-1,-1,1499,2,2,FORD TRANSIT CONNECT,-1,-1,0,-1
2020010281977,2020,010281977,1,19,0,99,99,9,9,0,0,0,9,99,9,99,2,1,2,2,1,51,8,1499,2,1,FORD TRANSIT CONNECT,5,E01018157,0,-1
2020440178082,2020,440178082,1,19,0,18,19,1,5,0,0,0,0,0,0,0,1,1,6,6,3,-1,-1,1753,2,12,FORD TRANSIT CONNECT,-1,-1,0,-1
2020010277778,2020,010277778,1,19,0,4,4,5,1,0,0,0,0,0,0,0,2,1,1,1,2,62,9,1499,2,1,FORD TRANSIT CONNECT,7,E01021381,0,-1
2020470963120,2020,470963120,1,19,0,18,19,1,5,0,0,0,0,0,0,0,1,1,6,6,3,-1,-1,1753,2,14,FORD TRANSIT CONNECT,-1,-1,0,-1
2020010268878,2020,010268878,1,19,0,18,19,7,3,0,0,8,0,0,0,0,4,1,6,6,1,49,8,1753,2,14,FORD TRANSIT CONNECT,4,E01023861,0,-1
2020010247993,2020,010247993,2,19,0,16,19,7,1,0,0,1,0,0,0,0,2,1,1,1,1,45,7,1560,2,6,FORD TRANSIT CONNECT,3,E01002405,0,-1
2020370979627,2020,370979627,2,19,0,3,3,-1,-1,0,0,1,0,0,0,0,2,1,5,6,1,68,10,1753,2,11,FORD TRANSIT CONNECT,10,E01030204,0,-1
2020420967968,2020,420967968,2,19,0,9,9,7,3,0,0,5,0,0,0,0,2,1,6,6,1,63,9,1753,2,16,FORD TRANSIT CONNECT,4,E01015936,0,-1
2020400996597,2020,400996597,1,19,0,18,19,7,3,0,0,0,1,0,0,0,3,1,1,1,1,59,9,1499,2,1,FORD TRANSIT CONNECT,9,E01017549,0,-1
2020010275580,2020,010275580,1,19,0,18,19,7,3,0,0,8,0,0,0,0,1,1,6,6,1,59,9,1560,2,4,FORD TRANSIT CONNECT,-1,-1,0,-1
2020420953594,2020,420953594,1,19,0,2,2,1,5,0,0,8,0,0,0,0,0,1,5,6,1,33,6,1753,2,15,FORD TRANSIT CONNECT,4,E01021829,0,-1
2020420973936,2020,420973936,1,19,0,1,1,7,3,0,0,1,0,0,0,0,2,1,1,1,1,49,8,1753,2,15,FORD TRANSIT CONNECT,9,E01016002,0,-1
2020200930377,2020,200930377,1,19,0,5,5,3,8,0,0,6,0,7,7,2,1,1,6,6,2,61,9,1753,2,7,FORD TRANSIT CONNECT,4,E01010303,0,-1
2020010251145,2020,010251145,1,19,0,99,99,9,9,99,99,9,9,99,9,99,2,9,6,6,1,31,6,1499,2,2,FORD TRANSIT CONNECT,10,E01000811,0,-1
2020200948322,2020,200948322,2,19,0,3,3,2,6,0,0,0,0,0,0,0,2,1,6,6,2,24,5,1499,2,2,FORD TRANSIT CONNECT,5,E01008888,0,-1
2020010238515,2020,010238515,1,19,0,7,7,5,8,9,9,1,0,0,0,0,3,1,2,2,1,53,8,1753,2,16,FORD TRANSIT CONNECT,5,E01001536,0,-1
2020430215227,2020,430215227,3,19,0,4,4,2,6,0,0,0,0,0,3,3,2,1,2,2,1,34,6,1753,2,9,FORD TRANSIT CONNECT,6,E01022117,0,-1
2020470942498,2020,470942498,2,20,0,16,19,4,6,0,0,0,0,0,0,0,3,1,1,1,1,54,8,-1,-1,-1,FORD TRANSIT CONNECT,4,E01031575,0,-1
20201379A0675,2020,1379A0675,1,19,0,18,19,7,3,0,0,0,0,0,0,0,1,1,6,6,3,-1,-1,1499,2,4,FORD TRANSIT CONNECT,-1,-1,0,-1
2020420916160,2020,420916160,1,19,0,4,4,3,7,0,0,4,0,0,0,0,1,1,6,6,1,49,8,1753,2,12,FORD TRANSIT CONNECT,8,E01021333,0,-1
2020010258843,2020,010258843,2,19,0,9,9,7,4,0,0,1,0,0,0,0,4,1,6,6,1,34,6,1560,2,5,FORD TRANSIT CONNECT,4,E01030432,0,-1
2020111002844,2020,111002844,1,19,0,18,19,1,5,0,0,8,0,0,7,0,3,1,6,6,1,62,9,1499,2,3,FORD TRANSIT CONNECT,9,E01023352,0,-1