collision_index,collision_year,collision_ref_no,vehicle_reference,vehicle_type,towing_and_articulation,vehicle_manoeuvre_historic,vehicle_manoeuvre,vehicle_direction_from,vehicle_direction_to,vehicle_location_restricted_lane_historic,vehicle_location_restricted_lane,junction_location,skidding_and_overturning,hit_object_in_carriageway,vehicle_leaving_carriageway,hit_object_off_carriageway,first_point_of_impact,vehicle_left_hand_drive,journey_purpose_of_driver_historic,journey_purpose_of_driver,sex_of_driver,age_of_driver,age_band_of_driver,engine_capacity_cc,propulsion_code,age_of_vehicle,generic_make_model,driver_imd_decile,lsoa_of_driver,escooter_flag,driver_distance_banding
202031B151620,2020,31B151620,2,9,0,18,19,1,5,0,0,4,0,0,0,0,4,1,2,2,1,56,9,2993,2,3,LAND ROVER RANGE ROVER SPORT,6,E01007521,0,-1
2020471011242,2020,471011242,1,9,0,18,19,3,7,0,0,2,0,4,0,0,1,1,5,6,1,40,7,2720,2,15,LAND ROVER RANGE ROVER SPORT,6,E01016887,0,-1
2020122000190,2020,122000190,1,9,0,18,19,1,5,0,0,0,0,0,0,0,2,1,6,6,1,86,11,2993,2,1,LAND ROVER RANGE ROVER SPORT,3,E01012986,0,-1
2020370981820,2020,370981820,2,9,0,18,19,7,2,0,0,0,0,0,0,0,1,1,1,1,2,41,7,2993,2,3,LAND ROVER RANGE ROVER SPORT,8,E01029942,0,-1
2020010228566,2020,010228566,2,9,0,99,99,9,9,99,99,9,9,99,9,99,9,1,6,6,3,-1,-1,2993,2,7,LAND ROVER RANGE ROVER SPORT,9,E01002134,0,-1
202006K274573,2020,06K274573,1,9,0,9,9,7,5,0,0,8,0,0,0,0,1,1,6,6,1,43,7,2993,2,6,LAND ROVER RANGE ROVER SPORT,1,E01005725,0,-1
2020200978581,2020,200978581,1,9,0,5,5,3,7,0,0,8,1,10,1,0,1,1,6,6,1,25,5,2993,2,7,LAND ROVER RANGE ROVER SPORT,1,E01009337,0,-1
2020460984367,2020,460984367,1,9,0,18,19,3,7,0,0,1,0,0,0,0,3,1,6,6,1,39,7,2993,2,7,LAND ROVER RANGE ROVER SPORT,9,E01024409,0,-1
2020010242602,2020,010242602,1,9,0,18,19,7,3,0,0,2,0,0,0,0,3,1,6,6,3,-1,-1,2993,2,6,LAND ROVER RANGE ROVER SPORT,-1,-1,0,-1
2020010281892,2020,010281892,1,9,0,13,13,1,5,0,0,1,0,0,0,0,3,1,6,6,2,32,6,4999,1,2,LAND ROVER RANGE ROVER SPORT,8,E01002889,0,-1
2020450950301,2020,450950301,1,9,0,18,19,7,3,0,0,0,0,0,0,0,2,1,5,6,1,33,6,2993,2,2,LAND ROVER RANGE ROVER SPORT,9,E01030446,0,-1
2020220965835,2020,220965835,1,9,0,18,19,5,1,0,0,1,0,0,0,0,1,1,6,6,1,33,6,2993,2,3,LAND ROVER RANGE ROVER SPORT,8,E01032153,0,-1
2020010286762,2020,010286762,2,9,0,99,99,9,9,99,99,9,9,99,9,99,1,9,6,6,3,-1,-1,2993,2,5,LAND ROVER RANGE ROVER SPORT,-1,-1,0,-1
2020052002203,2020,052002203,1,9,0,18,19,5,1,0,0,8,0,0,6,0,1,1,2,2,2,50,8,2993,2,3,LAND ROVER RANGE ROVER SPORT,9,E01025476,0,-1
2020541424020,2020,541424020,2,9,0,18,19,8,4,0,0,0,0,0,0,0,4,1,6,6,1,46,8,2993,2,2,LAND ROVER RANGE ROVER SPORT,8,E01032071,0,-1
2020471006903,2020,471006903,1,9,0,18,19,3,7,0,0,0,0,0,0,0,4,1,6,6,1,23,5,2993,2,6,LAND ROVER RANGE ROVER SPORT,7,E01031421,0,-1
2020420966247,2020,420966247,2,9,0,18,19,1,1,0,0,0,0,0,0,0,1,1,5,6,1,30,6,2993,2,0,LAND ROVER RANGE ROVER SPORT,6,E01030218,0,-1
2020010245262,2020,010245262,2,9,0,99,99,9,9,99,99,9,9,99,9,99,9,9,6,6,3,-1,-1,2993,2,1,LAND ROVER RANGE ROVER SPORT,-1,-1,0,-1
2020230989173,2020,230989173,1,9,0,1,1,5,1,9,9,6,0,0,0,0,3,1,5,6,1,57,9,3628,2,12,LAND ROVER RANGE ROVER SPORT,5,E01031050,0,-1
2020010275739,2020,010275739,2,9,0,99,99,9,9,99,99,9,9,99,9,99,9,9,6,6,3,-1,-1,2993,2,1,LAND ROVER RANGE ROVER SPORT,9,E01003894,0,-1
2020530931406,2020,530931406,2,9,0,18,19,7,3,0,0,0,1,0,0,0,1,1,6,6,1,60,9,2993,2,8,LAND ROVER RANGE ROVER SPORT,5,E01022244,0,-1
2020460939483,2020,460939483,2,9,0,18,19,1,5,0,0,0,0,0,0,0,1,1,6,6,2,29,6,2993,2,3,LAND ROVER RANGE ROVER SPORT,8,E01024004,0,-1
2020320581835,2020,320581835,1,9,0,18,19,5,1,0,0,1,1,10,3,0,1,1,6,6,2,19,4,2993,2,8,LAND ROVER RANGE ROVER SPORT,-1,-1,0,-1
2020010270382,2020,010270382,2,9,0,99,99,9,9,99,99,9,9,99,9,99,2,9,6,6,3,-1,-1,1997,1,0,LAND ROVER RANGE ROVER SPORT,-1,-1,0,-1
2020140925322,2020,140925322,3,9,0,18,19,3,7,0,0,0,0,0,0,0,1,1,5,6,1,42,7,2720,2,15,LAND ROVER RANGE ROVER SPORT,1,E01007492,0,-1
2020010278856,2020,010278856,2,9,0,18,19,2,6,0,0,0,0,0,0,0,1,1,2,2,2,28,6,2993,2,4,LAND ROVER RANGE ROVER SPORT,8,E01000563,0,-1
2020030993417,2020,030993417,1,9,0,18,19,5,1,8,6,0,1,0,1,0,1,1,5,6,1,45,7,2993,2,4,LAND ROVER RANGE ROVER SPORT,6,E01019100,0,-1
2020460927180,2020,460927180,1,9,0,9,9,2,6,0,0,0,0,0,0,0,3,1,6,6,1,37,7,2993,2,3,LAND ROVER RANGE ROVER SPORT,8,E01000680,0,-1
2020990983846,2020,990983846,2,9,0,17,19,7,3,0,0,0,0,0,0,0,4,1,5,6,1,60,9,2996,1,1,LAND ROVER RANGE ROVER SPORT,10,E01010694,0,-1
2020010283708,2020,010283708,1,9,0,18,19,5,1,1,1,0,0,0,0,0,1,1,6,6,2,60,9,2993,2,7,LAND ROVER RANGE ROVER SPORT,6,E01017832,0,-1
2020420986305,2020,420986305,2,9,0,18,19,1,5,0,0,0,0,0,0,0,3,1,6,6,1,64,9,4197,1,14,LAND ROVER RANGE ROVER SPORT,8,E01022092,0,-1
2020302001298,2020,302001298,2,9,0,4,4,5,1,0,0,1,0,0,0,0,2,1,6,6,1,61,9,2993,2,7,LAND ROVER RANGE ROVER SPORT,8,E01019406,0,-1
2020010247176,2020,010247176,1,9,0,4,4,4,0,0,0,1,9,0,0,99,1,9,6,6,2,27,6,2993,2,2,LAND ROVER RANGE ROVER SPORT,5,E01000505,0,-1
2020460961222,2020,460961222,1,9,0,4,4,7,3,0,0,0,0,0,0,0,2,1,5,6,1,23,5,2993,2,5,LAND ROVER RANGE ROVER SPORT,3,E01026747,0,-1
202006A267100,2020,06A267100,1,9,0,18,19,3,7,0,0,1,0,0,0,0,1,1,6,6,1,29,6,4999,1,4,LAND ROVER RANGE ROVER SPORT,4,E01004978,0,-1
2020070108933,2020,070108933,2,9,0,4,4,7,4,0,0,1,0,0,0,0,2,1,6,6,2,34,6,2993,2,2,LAND ROVER RANGE ROVER SPORT,4,E01018618,0,-1
2020430309003,2020,430309003,2,9,0,3,3,7,3,0,0,8,0,0,0,0,2,1,1,1,2,41,7,2996,1,0,LAND ROVER RANGE ROVER SPORT,5,E01000224,0,-1
2020360966684,2020,360966684,2,9,0,18,19,1,5,0,0,2,0,0,0,0,1,1,5,6,1,29,6,2993,2,7,LAND ROVER RANGE ROVER SPORT,6,E01026535,0,-1
2020460923331,2020,460923331,1,9,0,18,19,2,6,9,9,0,0,0,7,0,1,1,6,6,1,63,9,2993,2,4,LAND ROVER RANGE ROVER SPORT,-1,-1,0,-1
2020010251558,2020,010251558,2,9,0,99,99,9,9,99,99,9,9,99,9,99,1,9,6,6,1,29,6,2993,2,2,LAND ROVER RANGE ROVER SPORT,2,E01001012,0,-1
2020052002030,2020,052002030,1,9,0,18,19,3,7,0,0,1,0,0,0,0,1,1,6,6,1,30,6,4999,1,0,LAND ROVER RANGE ROVER SPORT,2,E01006551,0,-1
2020010281699,2020,010281699,2,9,0,1,1,4,8,0,0,0,0,0,0,0,2,1,6,6,3,-1,-1,2993,2,1,LAND ROVER RANGE ROVER SPORT,-1,-1,0,-1
202006XP73091,2020,06XP73091,3,9,0,18,19,6,2,0,0,0,0,0,0,0,1,1,6,6,1,55,8,2993,2,6,LAND ROVER RANGE ROVER SPORT,7,E01025585,0,-1
2020440024735,2020,440024735,1,9,0,18,19,1,5,0,0,8,0,0,0,0,1,1,6,6,2,39,7,2993,2,2,LAND ROVER RANGE ROVER SPORT,6,E01023155,0,-1
2020340W07902,2020,340W07902,3,9,0,2,2,0,0,0,0,0,0,0,0,0,0,1,6,6,3,-1,-1,2720,2,14,LAND ROVER RANGE ROVER SPORT,-1,-1,0,-1
2020122000892,2020,122000892,2,9,0,3,3,2,6,0,0,4,0,0,0,0,2,1,6,6,1,59,9,2993,2,3,LAND ROVER RANGE ROVER SPORT,6,E01010857,0,-1
2020450961471,2020,450961471,2,9,0,18,19,1,1,0,0,0,0,0,0,0,2,1,6,6,1,25,5,2993,2,2,LAND ROVER RANGE ROVER SPORT,10,W01001852,0,-1
2020160995222,2020,160995222,1,9,0,18,19,4,8,0,0,0,0,0,0,0,1,1,5,6,2,35,6,2993,2,7,LAND ROVER RANGE ROVER SPORT,5,E01012824,0,-1
2020010237692,2020,010237692,7,9,0,18,19,1,5,0,0,0,0,0,0,0,2,1,6,6,1,59,9,4197,1,14,LAND ROVER RANGE ROVER SPORT,6,E01002327,0,-1
2020010239988,2020,010239988,2,9,0,99,99,9,9,99,99,9,9,99,9,99,9,9,6,6,3,-1,-1,2993,2,3,LAND ROVER RANGE ROVER SPORT,-1,-1,0,-1
202031D116720,2020,31D116720,1,9,0,13,13,1,5,0,0,1,0,0,0,0,4,1,6,6,3,-1,-1,4999,1,3,LAND ROVER RANGE ROVER SPORT,-1,-1,0,-1
2020010262270,2020,010262270,2,9,0,18,19,1,5,0,0,1,0,0,0,0,1,1,6,6,1,48,8,2993,2,6,LAND ROVER RANGE ROVER SPORT,-1,-1,0,-1
20201379O0552,2020,1379O0552,2,9,0,18,19,1,5,0,0,2,0,0,0,0,2,1,6,6,2,35,6,2993,2,4,LAND ROVER RANGE ROVER SPORT,9,E01011713,0,-1
2020010238150,2020,010238150,2,9,0,18,19,3,7,0,0,0,0,0,0,0,2,1,6,6,1,44,7,4999,1,1,LAND ROVER RANGE ROVER SPORT,7,E01001380,0,-1
2020030943928,2020,030943928,1,9,0,9,9,1,6,0,0,6,0,0,0,0,3,1,6,6,2,52,8,2720,2,15,LAND ROVER RANGE ROVER SPORT,4,E01019151,0,-1
2020010255667,2020,010255667,4,9,0,2,2,0,0,0,0,2,0,0,7,0,4,1,6,6,3,-1,-1,4394,1,14,LAND ROVER RANGE ROVER SPORT,-1,-1,0,-1
2020231007466,2020,231007466,1,9,0,17,19,4,2,0,0,8,1,0,1,1,1,1,5,6,1,49,8,2993,2,8,LAND ROVER RANGE ROVER SPORT,8,E01031182,0,-1
2020430164252,2020,430164252,2,9,0,2,2,0,0,0,0,0,0,0,0,0,2,1,6,6,2,32,6,4999,1,2,LAND ROVER RANGE ROVER SPORT,8,E01015991,0,-1
2020170M30450,2020,170M30450,1,9,0,3,3,4,8,0,0,0,0,0,0,0,2,1,6,6,2,32,6,2993,2,4,LAND ROVER RANGE ROVER SPORT,9,E01032593,0,-1
2020010255719,2020,010255719,1,9,0,99,99,9,9,99,99,9,9,99,9,99,1,9,6,6,3,30,6,2993,2,2,LAND ROVER RANGE ROVER SPORT,4,E01016516,0,-1
2020010265885,2020,010265885,2,9,0,18,19,7,3,0,0,1,0,0,0,0,1,1,6,6,1,34,6,2993,2,8,LAND ROVER RANGE ROVER SPORT,2,E01001130,0,-1
2020461006391,2020,461006391,2,9,0,18,19,1,7,0,0,0,0,0,0,0,2,1,6,6,1,29,6,2720,2,14,LAND ROVER RANGE ROVER SPORT,8,E01024519,0,-1
2020361013840,2020,361013840,3,9,0,3,3,3,7,0,0,1,0,0,0,0,3,1,5,6,1,68,10,2993,2,8,LAND ROVER RANGE ROVER SPORT,4,E01026661,0,-1
2020440474759,2020,440474759,2,9,0,18,19,8,4,0,0,8,0,0,0,0,1,1,6,6,2,38,7,2993,2,4,LAND ROVER RANGE ROVER SPORT,9,E01016255,0,-1
2020302000912,2020,302000912,2,9,0,3,3,3,7,0,0,4,0,0,0,0,2,1,6,6,2,45,7,2993,2,3,LAND ROVER RANGE ROVER SPORT,5,E01007753,0,-1
2020460932119,2020,460932119,2,9,0,18,19,5,1,0,0,0,1,0,1,4,1,1,6,6,2,51,8,2720,2,15,LAND ROVER RANGE ROVER SPORT,6,E01024117,0,-1
2020122000222,2020,122000222,2,9,0,17,19,1,6,0,0,0,0,0,0,0,1,1,6,6,2,59,9,2993,2,2,LAND ROVER RANGE ROVER SPORT,8,E01027627,0,-1
2020220988539,2020,220988539,2,9,0,4,4,3,7,0,0,0,0,0,0,0,2,1,5,6,2,33,6,2993,2,0,LAND ROVER RANGE ROVER SPORT,5,E01032309,0,-1
2020470963766,2020,470963766,1,9,0,18,19,8,4,0,0,0,0,0,0,0,2,1,5,6,1,65,9,2993,2,4,LAND ROVER RANGE ROVER SPORT,8,E01016959,0,-1
2020010274273,2020,010274273,2,9,0,99,99,9,9,99,99,9,9,99,9,99,1,9,6,6,3,-1,-1,2993,2,9,LAND ROVER RANGE ROVER SPORT,-1,-1,0,-1
2020450989659,2020,450989659,1,9,0,18,19,3,7,0,0,0,0,0,1,3,1,1,6,6,2,30,6,4999,1,2,LAND ROVER RANGE ROVER SPORT,9,E01030705,0,-1
2020351009587,2020,351009587,1,9,0,18,19,1,5,0,0,0,0,0,0,0,1,1,5,6,1,52,8,2993,2,5,LAND ROVER RANGE ROVER SPORT,5,E01018009,0,-1
2020440244891,2020,440244891,1,9,0,18,19,5,1,0,0,8,0,4,7,11,1,1,6,6,1,29,6,4197,1,15,LAND ROVER RANGE ROVER SPORT,4,E01017334,0,-1
2020440106425,2020,440106425,1,9,0,18,19,8,4,0,0,0,0,0,0,0,2,1,6,6,1,52,8,2993,2,5,LAND ROVER RANGE ROVER SPORT,10,E01022921,0,-1
202063A083620,2020,63A083620,1,9,0,18,19,1,5,0,0,0,1,7,0,0,1,1,6,6,1,30,6,2720,2,14,LAND ROVER RANGE ROVER SPORT,3,W01000633,0,-1
2020122000865,2020,122000865,1,9,0,4,4,5,1,0,0,1,0,0,0,0,2,1,6,6,1,43,7,2993,2,2,LAND ROVER RANGE ROVER SPORT,10,E01027903,0,-1
2020010282184,2020,010282184,1,9,0,7,7,2,5,0,0,5,0,0,7,0,1,1,1,1,1,50,8,2993,2,8,LAND ROVER RANGE ROVER SPORT,2,E01004720,0,-1
2020170H10920,2020,170H10920,2,9,0,7,7,3,5,0,0,1,0,0,0,0,1,1,6,6,2,33,6,2993,2,8,LAND ROVER RANGE ROVER SPORT,1,E01011989,0,-1
2020052001181,2020,052001181,1,9,0,2,2,0,0,0,0,1,0,0,0,0,0,1,6,6,3,-1,-1,2720,2,15,LAND ROVER RANGE ROVER SPORT,-1,-1,0,-1
2020320475509,2020,320475509,2,9,0,18,19,5,1,0,0,1,0,0,1,4,2,1,2,2,1,50,8,2993,2,4,LAND ROVER RANGE ROVER SPORT,3,E01026122,0,-1
2020990951640,2020,990951640,2,9,0,7,7,4,6,0,0,1,0,0,0,0,2,1,5,6,1,51,8,2993,2,3,LAND ROVER RANGE ROVER SPORT,8,-1,0,-1
2020220936508,2020,220936508,1,9,0,18,19,3,7,0,0,0,0,0,0,0,1,1,6,6,2,21,5,4367,2,3,LAND ROVER RANGE ROVER SPORT,5,E01028859,0,-1
2020470967125,2020,470967125,1,9,0,18,19,3,7,0,0,0,0,0,0,0,1,1,6,6,1,46,8,2993,2,3,LAND ROVER RANGE ROVER SPORT,4,E01030816,0,-1
2020201004084,2020,201004084,2,9,0,18,19,7,3,0,0,8,0,0,0,0,1,1,6,6,1,39,7,4367,2,5,LAND ROVER RANGE ROVER SPORT,2,E01010363,0,-1
2020030993123,2020,030993123,1,9,0,5,5,8,2,0,0,0,0,0,0,0,1,1,6,6,2,50,8,2993,2,5,LAND ROVER RANGE ROVER SPORT,10,E01019241,0,-1
2020010255991,2020,010255991,3,9,0,2,2,0,0,0,0,5,0,0,0,0,2,1,6,6,3,-1,-1,2993,2,7,LAND ROVER RANGE ROVER SPORT,-1,-1,0,-1
2020110959993,2020,110959993,2,9,0,18,19,1,5,0,0,0,2,0,1,0,1,1,2,2,1,31,6,4999,1,2,LAND ROVER RANGE ROVER SPORT,4,E01008536,0,-1
2020010272294,2020,010272294,3,9,0,5,5,5,1,0,0,8,0,0,0,0,1,1,6,6,2,44,7,4367,2,4,LAND ROVER RANGE ROVER SPORT,9,E01017767,0,-1
2020010252425,2020,010252425,1,9,0,6,6,1,1,0,0,1,0,0,0,0,1,1,6,6,1,26,6,2993,2,2,LAND ROVER RANGE ROVER SPORT,1,E01005132,0,-1
2020302000107,2020,302000107,1,9,0,18,19,4,8,0,0,1,0,0,0,0,1,1,6,6,1,46,8,2993,2,7,LAND ROVER RANGE ROVER SPORT,7,E01019802,0,-1
2020420975711,2020,420975711,2,9,0,18,19,6,2,0,0,0,0,0,0,0,2,1,5,6,2,34,6,2993,2,5,LAND ROVER RANGE ROVER SPORT,10,E01030342,0,-1
202031D109620,2020,31D109620,1,9,0,9,9,3,1,0,0,6,0,0,0,0,1,1,6,6,1,28,6,2996,1,1,LAND ROVER RANGE ROVER SPORT,1,E01013959,0,-1
2020501011486,2020,501011486,1,9,0,5,5,3,7,0,0,0,0,0,0,0,1,1,6,6,1,-1,-1,2993,2,8,LAND ROVER RANGE ROVER SPORT,-1,-1,0,-1
2020500984833,2020,500984833,1,9,0,18,19,3,7,0,0,0,0,0,0,0,1,1,5,6,1,50,8,2993,2,5,LAND ROVER RANGE ROVER SPORT,4,E01018952,0,-1
2020340S02812,2020,340S02812,1,9,0,18,19,2,6,0,0,0,0,0,0,0,3,1,3,7,1,46,8,2993,2,1,LAND ROVER RANGE ROVER SPORT,8,E01027028,0,-1
2020010253068,2020,010253068,1,9,0,3,3,1,5,0,0,1,0,0,0,0,2,1,6,6,1,48,8,4197,1,14,LAND ROVER RANGE ROVER SPORT,6,E01003100,0,-1
2020210982207,2020,210982207,1,9,0,18,19,5,1,0,0,1,0,0,0,0,1,1,6,6,1,20,4,4999,1,1,LAND ROVER RANGE ROVER SPORT,8,E01029751,0,-1
2020010274178,2020,010274178,2,9,9,99,99,9,9,99,99,9,9,99,9,99,9,9,6,6,2,-1,-1,2993,2,2,LAND ROVER RANGE ROVER SPORT,-1,-1,0,-1
2020040993015,2020,040993015,1,9,0,5,5,7,3,0,0,0,0,0,2,0,1,1,5,6,1,77,11,4999,1,0,LAND ROVER RANGE ROVER SPORT,10,E01025467,0,-1
2020440072740,2020,440072740,2,9,0,5,5,2,8,0,0,1,0,0,0,0,1,1,6,6,2,39,7,2993,2,3,LAND ROVER RANGE ROVER SPORT,10,E01016228,0,-1
2020010247094,2020,010247094,1,9,0,99,99,9,9,99,99,9,9,99,9,99,2,9,2,2,1,43,7,2993,2,3,LAND ROVER RANGE ROVER SPORT,7,E01002220,0,-1
2020137391834,2020,137391834,1,9,0,5,5,3,7,0,0,1,0,0,0,0,1,1,6,6,1,39,7,2993,2,6,LAND ROVER RANGE ROVER SPORT,1,E01010666,0,-1
2020010242163,2020,010242163,1,9,0,18,19,1,5,0,0,2,0,0,0,0,4,1,6,6,2,50,8,1997,8,0,LAND ROVER RANGE ROVER SPORT,7,E01007666,0,-1
2020137651326,2020,137651326,2,9,0,18,19,3,7,0,0,0,0,0,0,0,1,1,6,6,1,25,5,2993,2,6,LAND ROVER RANGE ROVER SPORT,1,E01010817,0,-1
202031C128720,2020,31C128720,1,9,0,18,19,8,4,0,0,1,0,0,0,0,1,1,1,1,1,52,8,4999,1,1,LAND ROVER RANGE ROVER SPORT,10,E01028407,0,-1
2020070208847,2020,070208847,1,9,0,5,5,6,3,0,0,6,0,2,0,0,1,1,2,2,1,41,7,4999,1,2,LAND ROVER RANGE ROVER SPORT,2,E01006862,0,-1
2020010248313,2020,010248313,2,9,0,18,19,1,5,0,0,8,0,0,0,0,1,1,6,6,1,31,6,2993,2,2,LAND ROVER RANGE ROVER SPORT,8,E01001891,0,-1
2020400931807,2020,400931807,2,9,-1,-1,-1,1,1,-1,-1,0,-1,-1,-1,0,-1,1,5,6,2,42,7,2720,2,14,LAND ROVER RANGE ROVER SPORT,4,E01015750,0,-1
202017H109001,2020,17H109001,1,9,0,18,19,1,5,0,0,0,0,0,0,0,1,1,6,6,1,51,8,2993,2,0,LAND ROVER RANGE ROVER SPORT,9,E01011982,0,-1
20201371R0232,2020,1371R0232,1,9,0,4,4,5,1,0,0,0,1,0,0,0,1,1,6,6,2,28,6,2993,2,4,LAND ROVER RANGE ROVER SPORT,5,E01007687,0,-1
2020450988293,2020,450988293,1,9,0,18,19,3,1,0,0,0,1,0,1,0,1,1,6,6,1,38,7,4367,2,5,LAND ROVER RANGE ROVER SPORT,10,E01028746,0,-1
2020010254781,2020,010254781,1,9,0,18,19,7,3,0,0,0,0,0,0,0,4,1,6,6,1,37,7,2993,2,6,LAND ROVER RANGE ROVER SPORT,8,E01002159,0,-1
2020302000924,2020,302000924,2,9,0,4,4,6,2,0,0,1,0,0,0,0,2,1,6,6,1,27,6,2720,2,14,LAND ROVER RANGE ROVER SPORT,-1,-1,0,-1
2020010256102,2020,010256102,1,9,0,5,5,3,7,0,0,2,0,0,0,0,3,1,6,6,1,54,8,2993,2,5,LAND ROVER RANGE ROVER SPORT,8,E01030701,0,-1
2020450996318,2020,450996318,1,9,0,10,10,3,1,0,0,0,0,0,0,0,2,1,2,2,1,51,8,2993,2,6,LAND ROVER RANGE ROVER SPORT,10,E01030996,0,-1
2020548542020,2020,548542020,1,9,0,9,9,5,1,0,0,8,0,0,0,0,1,1,6,6,2,54,8,2993,2,8,LAND ROVER RANGE ROVER SPORT,8,E01015498,0,-1
2020010253168,2020,010253168,1,9,0,18,19,1,5,0,0,0,0,0,0,0,1,1,6,6,1,31,6,4999,1,2,LAND ROVER RANGE ROVER SPORT,3,E01002028,0,-1
2020010281436,2020,010281436,1,9,3,18,19,5,1,0,0,0,0,0,0,0,2,1,6,6,1,47,8,2993,2,6,LAND ROVER RANGE ROVER SPORT,8,E01000649,0,-1
202006J373089,2020,06J373089,2,9,0,2,2,0,0,0,0,0,0,0,0,0,1,1,6,6,1,47,8,4999,1,3,LAND ROVER RANGE ROVER SPORT,10,E01005930,0,-1
2020200947751,2020,200947751,2,9,0,18,19,6,2,0,0,0,0,0,0,0,1,1,6,6,1,28,6,4367,2,4,LAND ROVER RANGE ROVER SPORT,6,E01010232,0,-1
2020100964332,2020,100964332,3,9,0,2,2,0,0,9,9,0,0,0,0,0,2,1,5,6,1,35,6,2993,2,6,LAND ROVER RANGE ROVER SPORT,-1,-1,0,-1
2020010275507,2020,010275507,1,9,0,4,4,3,7,0,0,2,0,0,0,0,1,1,3,7,2,38,7,2993,2,2,LAND ROVER RANGE ROVER SPORT,6,E01002531,0,-1
2020350988296,2020,350988296,1,9,0,18,19,1,5,0,0,8,5,11,0,0,1,1,5,6,1,33,6,2993,2,6,LAND ROVER RANGE ROVER SPORT,-1,-1,0,-1
2020990984771,2020,990984771,1,9,0,18,19,3,7,0,0,8,0,0,0,0,1,1,6,6,1,37,7,2993,2,10,LAND ROVER RANGE ROVER SPORT,4,-1,0,-1
2020010273577,2020,010273577,2,9,0,99,99,9,9,99,99,9,9,99,9,99,0,9,6,6,3,-1,-1,4197,1,15,LAND ROVER RANGE ROVER SPORT,8,E01000896,0,-1
2020040990677,2020,040990677,2,9,0,18,19,5,1,0,0,0,0,0,0,0,1,1,5,6,1,63,9,2993,2,3,LAND ROVER RANGE ROVER SPORT,6,-1,0,-1
2020622000987,2020,622000987,2,3,0,4,4,4,8,0,0,8,0,0,0,0,2,1,6,6,1,20,4,124,1,3,-1,1,W01001811,0,-1
2020411028908,2020,411028908,2,4,0,15,15,5,1,0,0,8,0,0,0,0,1,1,5,6,2,19,4,124,1,3,-1,9,E01023895,0,-1
2020010274028,2020,010274028,1,3,0,99,99,9,9,99,99,9,9,99,9,99,9,1,6,6,1,20,4,124,1,3,-1,2,E01001151,0,-1
2020221011831,2020,221011831,2,3,0,18,19,1,5,0,0,0,0,0,4,6,1,1,5,6,1,26,6,124,1,2,-1,7,E01014070,0,-1
2020421005870,2020,421005870,1,9,0,9,9,7,4,0,0,8,0,0,0,0,3,1,6,6,1,42,7,3456,8,13,LEXUS GS 450,3,E01024567,0,-1
2020420962032,2020,420962032,1,9,0,9,9,2,7,0,0,6,0,0,0,0,1,1,5,6,1,36,7,3456,8,12,LEXUS GS 450,9,E01021364,0,-1
2020010278858,2020,010278858,4,9,0,4,4,1,5,0,0,1,0,0,0,0,0,1,6,6,1,73,10,3456,8,10,LEXUS GS 450,3,E01001808,0,-1
2020010250834,2020,010250834,2,9,0,99,99,9,9,99,99,9,9,99,9,99,9,9,6,6,3,-1,-1,3456,8,12,LEXUS GS 450,1,E01000106,0,-1
2020500944214,2020,500944214,1,9,0,18,19,2,6,0,0,0,1,0,0,0,1,1,5,6,2,46,8,3456,8,14,LEXUS GS 450,9,E01016424,0,-1
2020010279593,2020,010279593,2,9,0,99,99,9,9,99,99,9,9,99,9,99,1,9,6,6,3,-1,-1,3456,8,14,LEXUS GS 450,-1,-1,0,-1
2020010249633,2020,010249633,3,9,0,18,19,1,5,0,0,0,0,0,0,0,1,1,6,6,1,63,9,3456,8,13,LEXUS GS 450,6,E01000513,0,-1
2020470980166,2020,470980166,1,9,0,18,19,4,8,0,0,0,0,0,0,0,3,1,6,6,1,-1,-1,3456,8,12,LEXUS GS 450,-1,-1,0,-1
2020010263496,2020,010263496,1,9,0,16,19,5,1,0,0,0,0,0,0,0,1,1,6,6,1,41,7,3456,8,13,LEXUS GS 450,-1,-1,0,-1
2020010251561,2020,010251561,1,9,0,10,10,1,7,0,0,1,0,0,0,0,1,1,6,6,1,79,11,3456,8,8,LEXUS GS 450,5,E01004647,0,-1
2020530961719,2020,530961719,2,9,0,18,19,5,1,0,0,0,0,0,0,0,1,1,6,6,1,76,11,3456,8,11,LEXUS GS 450,9,E01022276,0,-1
2020430411719,2020,430411719,2,9,0,5,5,2,6,0,0,4,0,0,0,0,2,1,6,6,1,51,8,3456,8,11,LEXUS GS 450,-1,-1,0,-1