collision_index,collision_year,collision_ref_no,vehicle_reference,vehicle_type,towing_and_articulation,vehicle_manoeuvre_historic,vehicle_manoeuvre,vehicle_direction_from,vehicle_direction_to,vehicle_location_restricted_lane_historic,vehicle_location_restricted_lane,junction_location,skidding_and_overturning,hit_object_in_carriageway,vehicle_leaving_carriageway,hit_object_off_carriageway,first_point_of_impact,vehicle_left_hand_drive,journey_purpose_of_driver_historic,journey_purpose_of_driver,sex_of_driver,age_of_driver,age_band_of_driver,engine_capacity_cc,propulsion_code,age_of_vehicle,generic_make_model,driver_imd_decile,lsoa_of_driver,escooter_flag,driver_distance_banding
2020411022500,2020,411022500,1,9,0,5,5,3,7,0,0,4,0,0,0,0,1,1,6,6,2,55,8,2191,2,7,MAZDA 6,10,E01023381,0,-1
2020500954662,2020,500954662,2,9,0,9,9,4,2,0,0,6,0,0,0,0,1,1,6,6,1,63,9,2183,2,10,MAZDA 6,3,E01015063,0,-1
2020010238509,2020,010238509,1,9,0,18,19,3,7,0,0,1,0,0,1,2,1,1,6,6,1,20,4,2184,2,6,MAZDA 6,-1,-1,0,-1
2020990971024,2020,990971024,1,9,0,18,19,4,8,0,0,4,0,0,0,0,1,1,6,6,1,36,7,1998,1,5,MAZDA 6,6,-1,0,-1
2020010243576,2020,010243576,2,9,0,18,19,1,5,0,0,0,0,0,0,0,1,1,6,6,1,40,7,1998,1,7,MAZDA 6,3,E01004573,0,-1
2020010266837,2020,010266837,2,9,0,99,99,9,9,99,99,9,9,99,9,99,2,9,6,6,3,-1,-1,2191,2,4,MAZDA 6,-1,-1,0,-1
2020010281681,2020,010281681,1,9,0,9,9,7,6,0,0,2,0,0,0,0,1,2,6,6,2,48,8,1798,1,11,MAZDA 6,2,E01003243,0,-1
2020211026307,2020,211026307,1,9,0,5,5,4,7,0,0,4,0,0,0,0,3,1,6,6,1,35,6,1998,2,12,MAZDA 6,2,E01014294,0,-1
2020010259668,2020,010259668,2,9,0,99,99,9,9,99,99,0,9,99,9,99,1,9,6,6,3,-1,-1,2191,2,5,MAZDA 6,-1,-1,0,-1
2020461006070,2020,461006070,1,9,0,9,9,6,4,0,0,0,0,0,0,0,4,1,6,6,1,52,8,2191,2,4,MAZDA 6,5,E01016065,0,-1
2020320312155,2020,320312155,1,9,0,18,19,3,7,0,0,1,0,0,0,0,1,1,6,6,1,56,9,2184,2,11,MAZDA 6,8,E01026035,0,-1
2020010278525,2020,010278525,2,9,0,3,3,3,7,0,0,1,0,0,0,0,2,1,2,2,1,42,7,2191,2,4,MAZDA 6,6,E01003000,0,-1
2020470970856,2020,470970856,2,9,0,18,19,2,6,0,0,0,0,0,1,0,3,1,5,6,2,36,7,1998,1,1,MAZDA 6,8,E01031613,0,-1
2020990967352,2020,990967352,1,9,0,18,19,3,7,0,0,8,0,0,0,0,1,1,6,6,1,41,7,1798,1,14,MAZDA 6,10,-1,0,-1
2020070780291,2020,070780291,1,9,0,18,19,6,2,0,0,1,2,0,1,11,4,1,2,2,1,28,6,2191,2,6,MAZDA 6,4,W01000381,0,-1
2020990956333,2020,990956333,3,9,0,3,3,3,7,0,0,0,0,0,0,0,2,1,6,6,1,60,9,2191,2,4,MAZDA 6,5,-1,0,-1
2020370937660,2020,370937660,1,9,0,18,19,7,3,0,0,0,0,0,2,4,1,1,2,2,2,33,6,2184,2,11,MAZDA 6,7,E01030060,0,-1
2020501011674,2020,501011674,1,9,0,9,9,6,2,0,0,1,0,0,0,0,3,1,6,6,1,45,7,1798,1,14,MAZDA 6,1,E01015045,0,-1
2020010252612,2020,010252612,1,9,0,99,99,9,9,99,99,9,9,99,9,99,9,9,2,2,1,32,6,2191,2,4,MAZDA 6,4,E01002326,0,-1
2020350997929,2020,350997929,1,9,0,3,3,6,1,0,0,0,0,0,0,0,1,1,6,6,1,-1,-1,1798,1,15,MAZDA 6,5,E01016500,0,-1
2020500989499,2020,500989499,2,9,0,18,19,5,1,0,0,1,0,0,0,0,4,1,5,6,1,64,9,1998,1,3,MAZDA 6,6,E01018917,0,-1
2020440352697,2020,440352697,1,9,0,5,5,5,1,0,0,8,0,0,0,0,1,1,6,6,1,23,5,1999,1,10,MAZDA 6,6,E01026167,0,-1
2020200970197,2020,200970197,1,9,0,4,4,2,6,9,9,6,0,0,0,0,3,1,6,6,1,76,11,2183,2,10,MAZDA 6,2,E01009508,0,-1
20201378L1135,2020,1378L1135,1,9,0,18,19,8,4,0,0,0,0,0,0,0,4,1,1,1,1,61,9,1998,2,13,MAZDA 6,3,E01007449,0,-1
2020470929212,2020,470929212,1,9,0,18,19,7,3,0,0,0,0,0,0,0,1,1,3,7,1,42,7,2191,2,7,MAZDA 6,9,E01031756,0,-1
2020340N03272,2020,340N03272,1,9,0,18,19,4,8,0,0,8,0,0,0,0,1,1,6,6,1,36,7,1999,1,9,MAZDA 6,9,E01027212,0,-1
2020010256913,2020,010256913,1,9,0,18,19,7,3,0,0,1,0,0,0,0,0,1,2,2,2,64,9,1798,1,10,MAZDA 6,2,E01002784,0,-1
2020350978933,2020,350978933,1,9,0,18,19,5,1,0,0,0,1,0,1,0,3,1,1,1,1,52,8,2183,2,9,MAZDA 6,2,E01018075,0,-1
2020010249617,2020,010249617,2,9,0,6,6,7,7,0,0,0,0,0,0,0,4,1,6,6,1,26,6,1999,1,15,MAZDA 6,-1,-1,0,-1
2020990965125,2020,990965125,1,9,0,18,19,6,2,0,0,1,0,0,0,0,1,1,5,6,1,81,11,1998,1,2,MAZDA 6,7,-1,0,-1
2020450927242,2020,450927242,2,9,0,4,4,3,7,0,0,8,0,0,0,0,2,1,5,6,2,61,9,2191,2,2,MAZDA 6,10,E01030792,0,-1
2020350941717,2020,350941717,1,9,0,9,9,8,5,0,0,5,0,0,0,0,1,1,1,1,1,38,7,1999,1,14,MAZDA 6,9,E01018148,0,-1
2020010232488,2020,010232488,2,9,0,18,19,5,1,0,0,8,0,0,0,0,1,1,1,1,1,27,6,2191,2,5,MAZDA 6,4,E01001325,0,-1
2020320525832,2020,320525832,2,9,0,18,19,3,7,0,0,1,0,0,0,0,4,1,6,6,1,26,6,2184,2,11,MAZDA 6,3,E01026386,0,-1
2020070671531,2020,070671531,1,9,0,5,5,3,7,0,0,6,0,0,1,4,3,1,6,6,2,61,9,2191,2,2,MAZDA 6,10,E01018385,0,-1
20201371S1368,2020,1371S1368,1,9,0,18,19,6,2,0,0,8,0,0,0,0,1,1,6,6,1,44,7,1798,1,16,MAZDA 6,1,E01011899,0,-1
2020122001154,2020,122001154,2,9,0,5,5,2,8,0,0,4,0,0,0,0,1,1,6,6,1,48,8,2191,2,7,MAZDA 6,10,E01013402,0,-1
2020332000090,2020,332000090,3,9,0,3,3,8,4,0,0,0,0,0,0,0,2,1,1,1,2,33,6,2191,2,5,MAZDA 6,7,E01014315,0,-1
2020200954354,2020,200954354,2,9,0,18,19,8,4,0,0,1,0,0,0,0,1,1,6,6,1,35,6,1998,2,12,MAZDA 6,2,E01010419,0,-1
2020470953910,2020,470953910,1,9,0,18,19,7,3,0,0,0,0,0,0,0,4,1,6,6,1,62,9,2488,1,12,MAZDA 6,7,E01017008,0,-1
2020990937772,2020,990937772,2,9,0,1,1,0,0,0,0,0,0,0,0,0,2,1,6,6,2,45,7,1998,1,1,MAZDA 6,-1,-1,0,-1
202031D076020,2020,31D076020,1,9,0,17,19,2,6,0,0,6,0,0,0,0,1,1,1,1,1,20,4,2183,2,9,MAZDA 6,7,E01028392,0,-1
2020450952935,2020,450952935,2,9,0,2,2,7,3,0,0,0,0,0,0,0,2,1,6,6,1,37,7,2183,2,10,MAZDA 6,3,E01030354,0,-1
2020010285494,2020,010285494,2,9,0,15,15,5,1,0,0,1,0,0,0,0,3,1,6,6,1,27,6,2191,2,7,MAZDA 6,10,E01023701,0,-1
2020010247090,2020,010247090,2,9,0,3,3,5,1,0,0,1,0,0,0,0,2,2,6,6,1,42,7,1998,2,12,MAZDA 6,4,E01001514,0,-1
2020030985231,2020,030985231,4,9,0,18,19,2,8,0,0,1,0,0,0,0,2,1,5,6,1,44,7,2191,2,7,MAZDA 6,3,E01019081,0,-1
2020140978727,2020,140978727,2,9,0,9,9,3,1,8,6,0,0,0,0,0,1,1,5,6,1,79,11,2191,2,4,MAZDA 6,10,E01011699,0,-1
2020548540720,2020,548540720,3,9,0,4,4,1,5,0,0,1,0,0,0,0,0,1,6,6,1,75,10,1999,1,9,MAZDA 6,6,E01032119,0,-1
2020302001318,2020,302001318,2,9,0,18,19,6,2,0,0,0,0,0,0,0,1,1,6,6,2,-1,-1,2191,2,5,MAZDA 6,5,E01019456,0,-1
202006N178423,2020,06N178423,1,9,0,9,9,5,3,0,0,8,0,0,0,0,4,1,2,2,1,41,7,2191,2,7,MAZDA 6,7,E01011042,0,-1
2020340E00182,2020,340E00182,2,9,0,18,19,3,7,0,0,1,0,0,0,0,1,1,6,6,1,42,7,1998,1,12,MAZDA 6,4,E01027059,0,-1
2020410956224,2020,410956224,1,9,0,18,19,2,6,0,0,4,0,0,0,0,0,1,5,6,1,77,11,2191,2,7,MAZDA 6,9,E01023375,0,-1
2020420920732,2020,420920732,1,9,0,18,19,4,8,0,0,2,0,0,0,0,1,1,6,6,1,60,9,2183,2,10,MAZDA 6,8,E01021632,0,-1
2020230994301,2020,230994301,4,9,0,4,4,6,2,0,0,0,0,0,0,0,2,1,5,6,2,42,7,2191,2,4,MAZDA 6,7,E01031319,0,-1
2020201011101,2020,201011101,1,9,0,9,9,8,6,0,0,1,0,0,0,0,4,1,6,6,1,57,9,2191,2,4,MAZDA 6,1,E01009110,0,-1
2020010240412,2020,010240412,1,9,0,9,9,5,2,0,0,6,0,0,0,0,1,1,2,2,1,49,8,1999,1,11,MAZDA 6,3,E01004422,0,-1
2020440312233,2020,440312233,2,9,0,18,19,6,2,0,0,8,0,0,0,0,1,1,1,1,1,35,6,2191,2,7,MAZDA 6,10,E01023231,0,-1
2020231009877,2020,231009877,1,9,0,18,19,2,6,0,0,0,0,0,0,0,4,1,1,1,1,29,6,2183,2,10,MAZDA 6,8,E01031103,0,-1
2020052001295,2020,052001295,1,9,0,3,3,8,4,0,0,0,0,0,0,0,2,1,6,6,1,40,7,1998,1,7,MAZDA 6,1,E01006637,0,-1
202006L273385,2020,06L273385,1,9,0,5,5,7,3,0,0,8,0,0,0,0,1,1,6,6,1,55,8,1998,2,13,MAZDA 6,2,E01006322,0,-1
2020100923147,2020,100923147,1,9,0,13,13,7,3,0,0,0,0,0,0,0,1,1,6,6,1,28,6,1998,2,14,MAZDA 6,7,E01008179,0,-1
2020010281100,2020,010281100,2,9,0,4,4,5,1,0,0,0,1,0,0,0,2,1,6,6,1,39,7,2191,2,5,MAZDA 6,2,E01004460,0,-1
2020522100248,2020,522100248,3,9,0,2,2,0,0,0,0,1,0,0,0,0,1,1,6,6,3,-1,-1,1998,1,1,MAZDA 6,-1,-1,0,-1
2020010238874,2020,010238874,1,9,0,18,19,6,2,0,0,0,9,0,0,99,4,9,6,6,1,-1,-1,1999,1,16,MAZDA 6,-1,-1,0,-1
2020137191307,2020,137191307,2,9,0,9,9,7,5,0,0,8,0,0,0,0,3,1,6,6,1,49,8,2184,2,11,MAZDA 6,5,E01011896,0,-1
2020350990230,2020,350990230,1,9,0,10,10,5,1,0,0,5,0,0,0,0,2,1,6,6,1,71,10,1999,1,13,MAZDA 6,7,E01018300,0,-1
2020010284445,2020,010284445,1,9,0,99,99,9,9,99,99,0,9,99,9,99,9,9,6,6,1,-1,-1,1999,1,13,MAZDA 6,4,E01004531,0,-1
2020430231712,2020,430231712,2,9,0,7,7,6,8,0,0,6,0,0,0,0,3,1,6,6,2,-1,-1,2184,2,6,MAZDA 6,-1,-1,0,-1
2020231009360,2020,231009360,1,9,0,9,9,4,2,0,0,6,0,0,0,0,1,1,5,6,2,54,8,1998,1,4,MAZDA 6,5,E01031274,0,-1
2020230970417,2020,230970417,1,9,0,9,9,4,2,0,0,1,0,0,0,0,3,1,5,6,1,42,7,2184,2,11,MAZDA 6,7,E01009707,0,-1
2020100977597,2020,100977597,1,9,0,18,19,7,3,0,0,0,0,0,0,0,4,1,6,6,2,28,6,1998,2,12,MAZDA 6,-1,-1,0,-1
202031C130020,2020,31C130020,1,9,0,7,7,8,1,0,0,6,0,0,0,0,4,1,3,7,1,38,7,1998,1,4,MAZDA 6,2,E01013858,0,-1
2020010244204,2020,010244204,3,9,0,2,2,0,0,0,0,0,0,0,0,0,3,1,6,6,3,-1,-1,2191,2,6,MAZDA 6,-1,-1,0,-1
2020460922135,2020,460922135,2,9,0,3,3,0,0,0,0,7,0,0,0,0,1,1,6,6,1,41,7,1998,2,11,MAZDA 6,5,E01024525,0,-1
2020320294822,2020,320294822,2,9,0,18,19,5,1,0,0,8,0,0,1,7,1,1,2,2,1,58,9,1998,2,14,MAZDA 6,2,E01018063,0,-1
2020530940246,2020,530940246,1,9,0,17,19,5,1,0,0,0,1,0,7,11,1,1,2,2,1,32,6,1998,1,3,MAZDA 6,10,E01022103,0,-1
2020360937656,2020,360937656,2,9,0,9,9,7,5,0,0,8,0,0,0,0,3,1,5,6,2,31,6,1998,1,12,MAZDA 6,4,E01026659,0,-1
2020400926676,2020,400926676,1,9,0,1,1,2,6,0,0,0,0,0,0,0,2,1,5,6,1,34,6,1999,1,9,MAZDA 6,2,E01015794,0,-1
2020500998174,2020,500998174,1,9,0,5,5,1,3,0,0,2,0,0,0,0,3,1,5,6,1,40,7,2488,1,12,MAZDA 6,1,E01019020,0,-1
2020450994153,2020,450994153,2,9,0,18,19,2,4,0,0,0,0,0,0,0,1,1,6,6,3,50,8,1998,2,13,MAZDA 6,4,E01002507,0,-1
2020140922645,2020,140922645,1,9,0,10,10,8,6,0,0,8,0,0,0,0,2,1,1,1,1,47,8,2183,2,9,MAZDA 6,3,E01007490,0,-1
2020010239560,2020,010239560,1,9,0,18,19,7,3,0,0,1,0,4,0,0,1,1,2,2,1,45,7,1998,2,14,MAZDA 6,4,E01033589,0,-1
202031C027020,2020,31C027020,1,9,0,9,9,2,8,0,0,5,0,0,0,0,0,1,6,6,1,31,6,2191,2,6,MAZDA 6,2,E01013947,0,-1
2020040947162,2020,040947162,1,9,0,18,19,5,1,0,0,4,0,0,0,0,1,1,2,2,2,41,7,1998,1,5,MAZDA 6,8,E01024922,0,-1
2020010262615,2020,010262615,1,9,0,5,5,2,6,0,0,1,0,0,0,0,4,1,1,1,1,28,6,2191,2,4,MAZDA 6,10,E01003780,0,-1
2020200933703,2020,200933703,2,8,0,18,19,1,5,0,0,8,0,0,0,0,2,1,6,6,1,32,6,1798,1,11,-1,2,E01010363,0,-1
2020430431170,2020,430431170,2,9,0,18,19,8,4,0,0,0,0,0,0,0,3,1,2,2,1,46,8,1998,1,6,MAZDA 6,10,E01017787,0,-1
2020010232252,2020,010232252,2,9,0,99,99,9,9,99,99,4,9,99,9,99,2,9,-1,-1,-1,-1,-1,1998,2,12,MAZDA 6,4,E01015750,0,-1
2020340K05052,2020,340K05052,3,9,0,18,19,2,6,0,0,0,0,0,0,0,1,1,6,6,2,27,6,2184,2,11,MAZDA 6,6,E01032970,0,-1
2020461001683,2020,461001683,2,9,0,2,2,0,0,0,0,0,0,0,1,0,0,1,6,6,3,-1,-1,2191,2,1,MAZDA 6,-1,-1,0,-1
202063A031620,2020,63A031620,2,9,0,17,19,2,7,0,0,0,0,0,1,10,1,1,6,6,2,57,9,1998,1,12,MAZDA 6,9,W01000611,0,-1
2020522003115,2020,522003115,1,9,0,18,19,3,7,0,0,4,0,0,0,0,3,1,6,6,1,69,10,2183,2,8,MAZDA 6,8,E01014668,0,-1
2020340E04912,2020,340E04912,1,9,0,9,9,3,7,0,0,8,0,0,0,0,1,1,6,6,2,56,9,2191,2,6,MAZDA 6,8,E01027044,0,-1
2020400958314,2020,400958314,1,9,0,18,19,5,1,0,0,0,0,0,0,0,1,1,2,2,1,29,6,2183,2,9,MAZDA 6,5,E01027062,0,-1
2020140933399,2020,140933399,1,9,0,18,19,8,5,0,0,8,0,0,0,0,3,1,2,2,1,49,8,2183,2,10,MAZDA 6,1,E01007320,0,-1
2020010259619,2020,010259619,1,9,0,18,19,5,1,0,0,1,5,10,0,0,1,2,6,6,1,32,6,1998,1,5,MAZDA 6,5,E01001201,0,-1
2020040986440,2020,040986440,1,9,0,18,19,1,5,0,0,2,0,0,0,0,1,1,5,6,1,24,5,1998,1,11,MAZDA 6,3,E01012617,0,-1
2020470971215,2020,470971215,2,9,0,3,3,8,5,0,0,4,0,0,0,0,2,1,5,6,1,39,7,2261,1,14,MAZDA 6,8,E01021163,0,-1
2020460977958,2020,460977958,1,9,0,18,19,6,2,0,0,0,0,0,0,0,1,1,6,6,1,28,6,1999,1,16,MAZDA 6,-1,-1,0,-1
2020160990763,2020,160990763,1,9,0,18,19,2,6,0,0,6,0,0,0,0,3,1,5,6,2,50,8,2183,2,8,MAZDA 6,7,E01013017,0,-1
2020410951706,2020,410951706,3,9,0,2,2,0,0,9,9,0,0,0,0,0,2,1,6,6,1,-1,-1,1998,2,13,MAZDA 6,8,E01023708,0,-1
2020470953050,2020,470953050,2,9,0,18,19,4,8,0,0,0,0,0,0,0,3,1,2,2,1,42,7,2184,2,6,MAZDA 6,5,E01021089,0,-1
2020010248095,2020,010248095,2,9,0,4,4,3,7,0,0,1,0,0,0,0,2,1,6,6,2,-1,-1,1798,1,8,MAZDA 6,3,E01000090,0,-1
2020450972631,2020,450972631,1,9,0,6,6,7,3,0,0,0,1,0,5,0,3,1,6,6,1,22,5,2261,1,14,MAZDA 6,-1,-1,0,-1
2020471001272,2020,471001272,2,9,0,4,4,1,5,0,0,0,0,0,0,0,2,1,5,6,1,63,9,1998,1,1,MAZDA 6,5,E01016957,0,-1
202006XF67200,2020,06XF67200,2,9,0,3,3,5,1,0,0,0,0,0,0,0,1,1,6,6,1,48,8,1999,1,13,MAZDA 6,3,E01005619,0,-1
2020200934052,2020,200934052,2,9,0,18,19,6,2,0,0,8,0,0,0,0,1,1,1,1,1,32,6,1998,2,12,MAZDA 6,1,E01009328,0,-1
2020010245522,2020,010245522,2,9,0,18,19,1,5,0,0,4,0,0,0,0,1,1,1,1,1,44,7,2184,2,11,MAZDA 6,-1,-1,0,-1
202063A005520,2020,63A005520,1,9,0,17,19,1,6,0,0,0,0,0,1,3,1,1,6,6,1,33,6,2183,2,10,MAZDA 6,3,W01000695,0,-1
2020430150894,2020,430150894,2,9,0,18,19,2,6,0,0,0,0,0,0,0,2,1,6,6,1,29,6,2191,2,4,MAZDA 6,6,E01001312,0,-1
2020370985692,2020,370985692,1,9,0,18,19,4,8,0,0,0,0,0,0,0,1,1,6,6,1,31,6,2183,2,8,MAZDA 6,7,E01029981,0,-1
2020522003448,2020,522003448,1,9,0,3,3,1,5,0,0,0,0,0,0,0,2,1,6,6,2,41,7,2191,2,5,MAZDA 6,4,E01014612,0,-1
2020110965681,2020,110965681,2,9,0,18,19,8,4,0,0,0,0,0,0,0,1,1,2,2,2,35,6,2191,2,7,MAZDA 6,1,E01012327,0,-1
2020110944058,2020,110944058,1,9,0,7,7,5,7,0,0,3,0,0,0,0,1,1,2,2,1,30,6,2191,2,5,MAZDA 6,9,E01020611,0,-1
2020010245013,2020,010245013,1,9,0,9,9,7,5,0,0,8,0,0,1,0,3,1,6,6,1,46,8,1998,1,11,MAZDA 6,4,E01030752,0,-1
2020991008446,2020,991008446,1,9,0,4,4,7,3,0,0,4,0,0,0,0,3,1,2,2,1,73,10,1998,1,12,MAZDA 6,9,-1,0,-1
2020990938210,2020,990938210,2,9,0,3,3,1,5,0,0,0,0,0,0,0,2,1,6,6,1,60,9,2183,2,8,MAZDA 6,3,-1,0,-1
2020340N02432,2020,340N02432,1,9,0,18,19,6,2,0,0,4,0,0,0,0,3,1,6,6,2,61,9,1999,1,13,MAZDA 6,9,E01027250,0,-1
2020400926048,2020,400926048,1,9,0,9,9,3,1,0,0,1,0,0,0,0,1,1,6,6,1,34,6,1998,2,12,MAZDA 6,10,E01000283,0,-1
2020990925919,2020,990925919,1,9,0,9,9,4,2,0,0,0,0,0,0,0,4,1,2,2,1,36,7,1998,1,1,MAZDA 6,1,-1,0,-1
2020320028512,2020,320028512,1,9,0,9,9,3,4,0,0,5,0,0,0,0,1,1,6,6,1,22,5,1999,1,11,MAZDA 6,6,E01026398,0,-1
2020470950754,2020,470950754,2,9,0,1,1,2,6,0,0,0,0,0,1,2,2,1,5,6,1,39,7,1998,2,13,MAZDA 6,3,E01031482,0,-1
2020070040153,2020,070040153,1,8,0,18,19,7,3,0,0,0,1,0,0,10,1,1,1,1,1,35,6,2184,2,10,-1,3,E01018497,0,-1
2020500965319,2020,500965319,2,9,0,18,19,5,1,0,0,3,0,0,0,0,2,1,5,6,1,65,9,1999,1,15,MAZDA 6,3,E01019005,0,-1
2020522003576,2020,522003576,3,9,0,2,2,0,0,0,0,0,0,0,0,0,3,1,6,6,3,-1,-1,1998,1,12,MAZDA 6,-1,-1,0,-1
2020500942269,2020,500942269,1,9,0,18,19,6,2,0,0,0,0,0,0,0,1,1,1,1,1,46,8,1999,1,14,MAZDA 6,1,E01015030,0,-1
2020500969653,2020,500969653,2,9,0,13,13,3,7,0,0,0,0,0,0,0,1,1,6,6,1,37,7,1798,1,8,MAZDA 6,2,E01003266,0,-1
2020990951683,2020,990951683,1,9,0,9,9,5,3,0,0,0,1,0,3,4,1,1,6,6,1,27,6,2191,2,6,MAZDA 6,2,-1,0,-1
2020200967712,2020,200967712,1,9,0,18,19,6,2,0,0,0,0,10,1,11,1,1,2,2,2,28,6,1798,1,15,MAZDA 6,2,E01009265,0,-1
2020200968689,2020,200968689,1,9,0,18,19,2,6,0,0,0,0,0,0,0,3,1,6,6,1,45,7,1998,1,5,MAZDA 6,4,E01009625,0,-1
2020990929248,2020,990929248,1,9,0,18,19,8,4,0,0,4,1,10,1,0,1,2,6,6,1,31,6,1798,1,9,MAZDA 6,2,-1,0,-1
2020320406588,2020,320406588,1,9,0,18,19,7,3,0,0,0,0,0,0,0,1,1,1,1,2,57,9,1999,1,17,MAZDA 6,8,E01015690,0,-1
2020302001350,2020,302001350,2,9,0,9,9,4,8,0,0,1,0,0,0,0,4,1,6,6,1,41,7,2191,2,4,MAZDA 6,3,E01026983,0,-1
2020500992471,2020,500992471,1,9,0,18,19,1,5,0,0,1,0,0,0,0,1,1,6,6,1,67,10,2184,2,11,MAZDA 6,4,E01019073,0,-1
2020100915989,2020,100915989,2,9,0,15,15,8,4,0,0,0,0,0,0,0,4,1,5,6,1,33,6,1999,1,9,MAZDA 6,2,E01008481,0,-1
2020200947301,2020,200947301,2,9,0,9,9,2,1,0,0,6,0,0,0,0,1,1,6,6,2,74,10,1998,1,11,MAZDA 6,1,E01009752,0,-1
2020010282652,2020,010282652,2,9,0,99,99,9,9,99,99,1,9,99,9,99,1,9,6,6,3,-1,-1,1998,2,12,MAZDA 6,-1,-1,0,-1
2020470933343,2020,470933343,2,9,0,17,19,7,4,0,0,0,0,0,0,0,1,1,5,6,1,45,7,1999,1,14,MAZDA 6,5,E01031663,0,-1
2020440270953,2020,440270953,2,9,0,9,9,1,6,0,0,8,0,0,0,0,1,1,6,6,2,-1,-1,1998,1,11,MAZDA 6,9,E01022857,0,-1
20201375Q1328,2020,1375Q1328,1,9,0,18,19,1,5,0,0,1,0,0,0,0,1,1,6,6,1,35,6,1998,1,5,MAZDA 6,1,E01011364,0,-1
2020230971116,2020,230971116,1,9,0,9,9,8,5,0,0,5,0,0,0,0,1,1,5,6,1,38,7,1998,1,12,MAZDA 6,2,E01009609,0,-1
2020430337347,2020,430337347,1,9,0,18,19,6,2,0,0,0,0,0,0,0,4,1,6,6,1,32,6,2191,2,7,MAZDA 6,3,E01023310,0,-1
2020200955570,2020,200955570,2,9,0,2,2,0,0,0,0,0,1,4,0,0,3,1,1,1,1,35,6,1999,1,10,MAZDA 6,1,E01009344,0,-1
2020140998088,2020,140998088,1,9,0,18,19,4,1,0,0,0,1,4,1,0,1,1,5,6,1,30,6,1999,1,13,MAZDA 6,1,E01007716,0,-1
2020010268098,2020,010268098,1,9,0,99,99,9,9,99,99,9,9,99,9,99,1,9,6,6,1,48,8,1999,1,14,MAZDA 6,6,E01000514,0,-1
2020010231407,2020,010231407,2,9,0,4,4,2,6,0,0,1,0,0,0,0,0,1,6,6,1,31,6,1999,1,13,MAZDA 6,3,E01000372,0,-1
202006G167119,2020,06G167119,1,9,0,18,19,6,2,0,0,8,0,0,0,0,1,1,6,6,1,37,7,1998,1,5,MAZDA 6,10,E01006062,0,-1
2020010253103,2020,010253103,2,9,0,18,19,3,7,99,99,0,9,99,9,99,1,1,6,6,2,-1,-1,1999,1,14,MAZDA 6,8,E01003470,0,-1
2020430201543,2020,430201543,1,9,0,11,11,7,3,0,0,1,0,0,0,0,4,1,6,6,1,36,7,2191,2,6,MAZDA 6,7,E01017705,0,-1
2020340E04992,2020,340E04992,2,9,0,18,19,1,5,0,0,1,0,0,0,0,4,1,2,2,1,41,7,2191,2,6,MAZDA 6,3,E01026983,0,-1
2020430191021,2020,430191021,1,9,0,18,19,4,6,0,0,0,0,0,0,0,1,1,6,6,2,34,6,1999,1,11,MAZDA 6,10,E01028702,0,-1
2020500955981,2020,500955981,1,9,0,18,19,3,6,0,0,8,0,0,0,0,1,1,5,6,1,38,7,2191,2,2,MAZDA 6,6,E01015102,0,-1
2020460968321,2020,460968321,2,9,0,3,3,5,4,0,0,6,0,0,0,0,1,1,5,6,1,50,8,1998,1,3,MAZDA 6,8,E01024184,0,-1
2020010238134,2020,010238134,2,9,0,9,9,5,3,0,0,1,0,0,0,0,1,1,6,6,1,60,9,1997,1,6,MAZDA 6,10,E01000839,0,-1
202031C139120,2020,31C139120,1,9,0,9,9,4,2,0,0,5,0,0,0,0,1,1,6,6,1,21,5,2183,2,9,MAZDA 6,2,E01013845,0,-1
2020010285287,2020,010285287,1,9,0,9,9,2,7,0,0,8,0,0,0,0,1,1,6,6,1,41,7,1999,1,11,MAZDA 6,4,E01001704,0,-1
2020991006550,2020,991006550,1,9,0,18,19,7,3,0,0,0,0,0,0,0,1,1,6,6,1,72,10,1798,1,10,MAZDA 6,9,-1,0,-1
2020200956528,2020,200956528,1,9,0,14,14,7,3,0,0,1,0,0,0,0,1,1,6,6,2,37,7,2191,2,4,MAZDA 6,2,E01010439,0,-1
2020110937851,2020,110937851,2,9,0,9,9,1,3,4,4,0,0,0,0,0,3,1,1,1,1,53,8,2191,2,5,MAZDA 6,1,E01020765,0,-1
2020320510126,2020,320510126,1,9,0,18,19,1,1,0,0,1,0,0,0,0,1,1,6,6,2,64,9,1999,1,8,MAZDA 6,7,E01026218,0,-1
2020460943144,2020,460943144,2,9,0,18,19,4,8,0,0,1,0,0,0,0,1,1,5,6,1,23,5,1999,1,17,MAZDA 6,6,E01024756,0,-1
2020010255055,2020,010255055,2,9,0,18,19,1,5,0,0,1,0,0,0,0,2,1,6,6,1,31,6,1798,1,12,MAZDA 6,3,E01000403,0,-1
2020400922845,2020,400922845,2,9,0,18,19,3,7,0,0,0,0,0,7,4,1,1,5,6,3,31,6,2183,2,10,MAZDA 6,5,E01015700,0,-1
2020140985274,2020,140985274,1,9,0,18,19,1,1,0,0,0,0,0,0,0,2,1,6,6,1,33,6,1999,1,13,MAZDA 6,4,E01007545,0,-1
2020010242504,2020,010242504,2,9,0,16,19,8,4,0,0,8,0,0,0,0,1,1,6,6,1,45,7,1999,1,17,MAZDA 6,6,E01024456,0,-1
202006J178147,2020,06J178147,1,9,0,18,19,1,5,0,0,1,0,0,0,0,4,1,6,6,3,-1,-1,1998,1,1,MAZDA 6,-1,-1,0,-1
2020522003839,2020,522003839,2,9,0,3,3,5,1,0,0,1,0,0,0,0,2,1,6,6,1,34,6,2488,1,10,MAZDA 6,7,E01014950,0,-1
2020411020793,2020,411020793,1,9,0,5,5,7,2,0,0,8,0,0,0,0,1,1,5,6,1,27,6,1998,1,2,MAZDA 6,2,E01001976,0,-1