collision_index,collision_year,collision_ref_no,vehicle_reference,vehicle_type,towing_and_articulation,vehicle_manoeuvre_historic,vehicle_manoeuvre,vehicle_direction_from,vehicle_direction_to,vehicle_location_restricted_lane_historic,vehicle_location_restricted_lane,junction_location,skidding_and_overturning,hit_object_in_carriageway,vehicle_leaving_carriageway,hit_object_off_carriageway,first_point_of_impact,vehicle_left_hand_drive,journey_purpose_of_driver_historic,journey_purpose_of_driver,sex_of_driver,age_of_driver,age_band_of_driver,engine_capacity_cc,propulsion_code,age_of_vehicle,generic_make_model,driver_imd_decile,lsoa_of_driver,escooter_flag,driver_distance_banding
2020500957532,2020,500957532,2,2,0,18,19,8,4,0,0,1,0,0,0,0,1,1,5,6,1,16,4,49,1,8,YAMAHA YQ 50 AEROX,2,E01015096,0,-1
20201379D1181,2020,1379D1181,2,2,0,18,19,5,1,0,0,8,0,0,0,0,1,1,6,6,1,17,4,49,1,18,YAMAHA YQ 50 AEROX,3,E01011123,0,-1
2020211005421,2020,211005421,2,2,-1,-1,-1,-1,-1,-1,-1,0,-1,-1,-1,0,-1,1,5,6,1,42,7,49,1,18,YAMAHA YQ 50 AEROX,3,E01029452,0,-1
202054C876020,2020,54C876020,2,2,0,7,7,3,7,0,0,0,0,0,0,0,1,1,6,6,1,16,4,49,1,13,YAMAHA YQ 50 AEROX,8,E01032712,0,-1
2020140995274,2020,140995274,1,2,0,18,19,5,1,0,0,2,0,0,0,0,1,1,1,1,1,16,4,49,1,6,YAMAHA YQ 50 AEROX,1,E01008022,0,-1
2020160985359,2020,160985359,1,2,0,18,19,8,4,0,0,1,0,0,0,0,0,1,6,6,1,16,4,49,1,9,YAMAHA YQ 50 AEROX,1,E01012787,0,-1
2020340C02072,2020,340C02072,1,9,0,18,19,8,4,0,0,0,0,0,1,9,1,1,6,6,1,43,7,998,1,31,-1,4,E01026982,0,-1
2020221000840,2020,221000840,1,9,0,16,19,2,5,0,0,0,1,0,7,3,3,1,5,6,1,19,4,998,1,32,-1,9,E01009799,0,-1
2020470980139,2020,470980139,2,9,0,18,19,3,6,0,0,3,0,0,0,0,4,1,2,2,1,34,6,998,1,34,-1,8,E01031587,0,-1
2020420975040,2020,420975040,2,9,0,4,4,3,7,0,0,0,0,0,0,0,2,1,6,6,1,59,9,1997,2,2,-1,4,E01000039,0,-1
2020200977523,2020,200977523,1,9,0,18,19,4,2,0,0,5,0,0,0,0,4,1,6,6,2,-1,-1,1997,2,1,-1,-1,-1,0,-1
2020030960599,2020,030960599,2,9,0,3,3,7,3,0,0,0,0,0,0,0,2,1,5,6,1,48,8,1598,1,1,-1,10,E01025259,0,-1
2020530960232,2020,530960232,1,9,0,17,19,5,1,0,0,1,1,12,1,1,1,1,5,6,1,20,4,1598,1,1,-1,6,E01021204,0,-1
2020990987952,2020,990987952,7,9,0,18,19,8,4,0,0,0,0,0,0,0,1,1,6,6,1,51,8,1499,2,0,-1,9,-1,0,-1
2020450924204,2020,450924204,1,9,0,4,4,1,5,0,0,1,0,0,0,0,2,1,1,1,1,61,9,1598,1,1,-1,8,E01030575,0,-1
2020221038157,2020,221038157,1,9,0,13,13,1,5,0,0,8,0,0,0,0,1,1,5,6,1,65,9,1997,2,1,-1,6,E01032472,0,-1
2020010228659,2020,010228659,2,5,0,18,19,5,1,0,0,8,0,0,0,0,1,1,6,6,1,48,8,1200,1,17,HARLEY-DAVIDSON Model Missing,2,E01002811,0,-1
2020010232738,2020,010232738,1,5,0,99,99,9,9,99,99,9,9,99,9,99,9,1,6,6,2,38,7,883,1,22,HARLEY-DAVIDSON Model Missing,2,E01001827,0,-1
2020450968581,2020,450968581,2,5,0,5,5,7,3,0,0,0,0,0,0,0,1,1,5,6,1,55,8,1690,1,6,HARLEY-DAVIDSON Model Missing,4,E01022936,0,-1
2020010260862,2020,010260862,1,4,0,18,19,5,1,0,0,0,0,4,0,0,0,1,6,6,1,56,9,1200,1,43,-1,3,E01004528,0,-1
2020990976273,2020,990976273,2,5,0,18,19,5,1,0,0,1,0,0,0,0,1,1,2,2,1,54,8,1340,1,29,HARLEY-DAVIDSON Model Missing,8,-1,0,-1
2020010256223,2020,010256223,1,5,0,99,99,9,9,99,99,9,9,99,9,99,9,-1,6,6,1,27,6,-1,-1,-1,HARLEY-DAVIDSON Model Missing,5,E01001829,0,-1
2020040976214,2020,040976214,2,97,0,18,19,1,4,0,0,1,5,0,0,0,4,1,5,6,1,62,9,1340,1,31,-1,9,E01023993,0,-1
2020230921914,2020,230921914,1,5,0,18,19,2,6,0,0,0,0,0,0,0,4,1,5,6,1,70,10,1340,1,26,HARLEY-DAVIDSON Model Missing,3,E01009584,0,-1
2020990975896,2020,990975896,2,5,0,18,19,6,2,0,0,0,0,4,0,0,1,1,5,6,1,54,8,1200,1,29,HARLEY-DAVIDSON Model Missing,-1,-1,0,-1
2020350985413,2020,350985413,1,5,0,17,19,3,7,0,0,1,0,0,1,0,3,1,5,6,1,57,9,1340,1,28,HARLEY-DAVIDSON Model Missing,6,E01018304,0,-1
2020350972075,2020,350972075,2,5,0,18,19,5,1,0,0,6,0,0,7,0,4,1,5,6,1,71,10,1200,1,23,HARLEY-DAVIDSON Model Missing,5,E01026727,0,-1
2020461010056,2020,461010056,1,5,0,18,19,3,7,0,0,0,2,0,7,0,3,1,6,6,1,21,5,1584,1,12,HARLEY-DAVIDSON Model Missing,5,E01024701,0,-1
2020470953874,2020,470953874,1,5,0,16,19,1,4,0,0,0,0,0,7,9,1,1,5,6,1,57,9,1200,1,33,HARLEY-DAVIDSON Model Missing,9,E01031672,0,-1
2020351007524,2020,351007524,2,4,0,13,13,-1,-1,0,0,0,0,0,0,0,2,1,2,2,1,54,8,500,1,23,-1,9,E01018307,0,-1
2020522004018,2020,522004018,2,5,0,18,19,6,2,0,0,0,0,0,0,0,1,1,6,6,1,60,9,1573,1,12,HARLEY-DAVIDSON Model Missing,10,E01014967,0,-1
2020010235348,2020,010235348,1,5,0,99,99,9,9,99,99,9,9,99,9,99,9,1,2,2,1,28,6,883,1,15,HARLEY-DAVIDSON Model Missing,7,E01000118,0,-1
2020340E06992,2020,340E06992,2,5,0,18,19,7,5,0,0,8,0,0,0,0,4,1,6,6,1,50,8,1340,1,30,HARLEY-DAVIDSON Model Missing,9,E01027053,0,-1
2020200993066,2020,200993066,2,5,0,18,19,6,2,0,0,8,0,0,0,0,0,1,6,6,1,55,8,1130,1,16,HARLEY-DAVIDSON Model Missing,7,E01029673,0,-1
2020070176912,2020,070176912,1,5,0,13,13,7,3,0,0,1,0,0,0,0,3,1,6,6,1,58,9,883,1,24,HARLEY-DAVIDSON Model Missing,9,E01018528,0,-1
2020470963720,2020,470963720,1,5,0,4,4,3,7,0,0,0,1,0,0,0,3,1,5,6,1,66,10,1340,1,31,HARLEY-DAVIDSON Model Missing,5,E01021089,0,-1
2020210976346,2020,210976346,1,5,0,18,19,1,5,0,0,4,0,0,0,0,3,1,5,6,1,68,10,883,1,25,HARLEY-DAVIDSON Model Missing,9,E01029478,0,-1
2020530955603,2020,530955603,3,5,0,18,19,1,5,0,0,0,0,0,0,0,2,1,6,6,1,47,8,-1,-1,-1,HARLEY-DAVIDSON Model Missing,5,W01001229,0,-1
2020110992428,2020,110992428,1,90,0,13,13,8,4,0,0,0,0,0,0,0,1,1,6,6,1,52,8,1450,1,16,-1,4,E01020824,0,-1
2020440230216,2020,440230216,1,5,0,18,19,3,7,0,0,8,0,0,0,0,0,1,6,6,1,55,8,1100,1,42,HARLEY-DAVIDSON Model Missing,2,E01023156,0,-1
2020320399905,2020,320399905,1,5,0,18,19,6,2,0,0,1,0,0,0,0,1,1,6,6,1,65,9,1450,1,7,HARLEY-DAVIDSON Model Missing,3,E01026104,0,-1
2020200967422,2020,200967422,1,5,0,18,19,5,1,0,0,0,1,0,0,0,4,1,6,6,1,58,9,599,1,8,-1,6,E01009657,0,-1
2020420930675,2020,420930675,1,5,0,7,7,1,3,0,0,0,2,0,0,0,3,1,5,6,1,31,6,599,1,7,-1,7,E01021932,0,-1
2020440018828,2020,440018828,2,5,0,18,19,6,2,0,0,8,0,0,0,0,1,1,6,6,1,46,8,599,1,6,-1,1,E01017218,0,-1
2020370962892,2020,370962892,2,5,0,18,19,-1,-1,0,0,1,0,0,0,0,1,1,2,2,1,27,6,599,1,8,-1,8,E01030122,0,-1
2020400933412,2020,400933412,2,5,0,18,19,5,1,0,0,8,0,10,0,0,1,1,6,6,1,28,6,599,1,7,-1,3,E01015715,0,-1
2020470956301,2020,470956301,1,9,0,9,9,6,5,0,0,8,0,7,0,0,1,1,5,6,1,49,8,1493,1,27,-1,2,E01021091,0,-1
2020010269251,2020,010269251,2,5,0,18,19,3,7,0,0,0,0,0,0,0,3,1,2,2,1,25,5,745,1,6,-1,2,E01016009,0,-1
2020010267834,2020,010267834,1,5,0,18,19,7,3,0,0,1,2,0,0,0,3,1,2,2,1,30,6,745,1,6,-1,6,E01016125,0,-1
2020010243407,2020,010243407,1,3,0,5,5,3,7,0,0,8,0,0,0,0,1,-1,6,6,2,42,7,108,1,10,Honda NHX110WH,4,E01000171,0,-1
2020010282093,2020,010282093,2,3,0,18,19,1,5,0,0,6,0,0,0,0,4,1,6,6,1,34,6,108,1,10,Honda NHX110WH,5,E01003142,0,-1
2020010249158,2020,010249158,1,3,0,2,2,0,0,0,0,0,5,0,0,99,1,1,6,6,1,32,6,108,1,9,Honda NHX110WH,2,E01001172,0,-1
2020010250894,2020,010250894,1,3,0,18,19,7,3,0,0,8,0,0,0,0,1,1,2,2,1,29,6,108,1,10,Honda NHX110WH,4,E01033739,0,-1
2020010240869,2020,010240869,1,3,0,5,5,5,1,0,0,1,0,0,0,0,1,1,6,6,1,30,6,108,1,9,Honda NHX110WH,4,E01001476,0,-1
2020010233965,2020,010233965,1,3,0,18,19,1,5,0,0,1,0,0,0,0,1,-1,6,6,1,57,9,108,1,10,Honda NHX110WH,2,E01003580,0,-1
2020010245821,2020,010245821,1,3,0,99,99,9,9,99,99,9,9,99,9,99,1,-1,6,6,1,30,6,108,1,9,Honda NHX110WH,4,E01003684,0,-1
2020010258506,2020,010258506,2,3,0,18,19,1,5,0,0,1,0,0,0,0,1,1,1,1,1,30,6,108,1,9,Honda NHX110WH,2,E01002356,0,-1
2020010246943,2020,010246943,2,2,0,18,19,3,7,0,0,1,0,0,0,0,1,1,6,6,1,31,6,108,1,9,-1,10,E01030486,0,-1
2020010283142,2020,010283142,1,3,0,4,4,5,1,0,0,1,0,0,0,0,1,1,6,6,1,50,8,108,1,10,Honda NHX110WH,1,E01000524,0,-1
2020010270151,2020,010270151,2,3,0,18,19,2,6,0,0,0,0,0,0,0,1,1,6,6,1,32,6,108,1,9,Honda NHX110WH,2,E01001734,0,-1
2020010232812,2020,010232812,1,3,0,18,19,1,5,9,9,8,0,0,0,0,4,1,1,1,1,52,8,108,1,10,Honda NHX110WH,5,E01004353,0,-1
2020010248499,2020,010248499,2,3,0,18,19,1,5,0,0,8,0,0,3,0,1,1,1,1,1,27,6,108,1,9,Honda NHX110WH,4,E01002179,0,-1
2020010232301,2020,010232301,1,3,0,18,19,1,5,0,0,0,5,0,0,0,1,1,6,6,1,35,6,108,1,10,Honda NHX110WH,7,E01000228,0,-1
2020170H10210,2020,170H10210,1,3,0,18,19,8,4,0,0,8,0,0,0,0,1,1,6,6,1,22,5,248,1,12,-1,1,E01011992,0,-1
2020440497647,2020,440497647,2,3,0,18,19,2,6,0,0,8,0,0,0,0,1,1,6,6,1,16,4,50,1,8,-1,1,E01017112,0,-1
2020160987929,2020,160987929,2,3,0,18,19,8,4,2,2,1,0,0,0,0,1,1,5,6,1,18,4,50,1,11,-1,5,E01012773,0,-1
2020010252208,2020,010252208,1,2,0,99,99,9,9,99,99,9,9,99,9,99,1,1,2,2,1,49,8,50,1,6,-1,3,E01002027,0,-1
2020010280381,2020,010280381,1,5,0,18,19,3,7,0,0,8,0,0,0,0,3,1,2,2,1,52,8,1195,1,5,-1,9,E01003837,0,-1
2020610024720,2020,610024720,2,4,0,18,19,5,1,0,0,0,0,0,0,0,3,1,6,6,1,44,7,1195,1,4,-1,3,W01001491,0,-1
2020010266582,2020,010266582,1,3,0,18,19,3,7,0,0,0,0,0,0,0,1,1,6,6,1,36,7,125,1,5,Keeway TX 125,3,E01003328,0,-1
2020200987043,2020,200987043,2,3,0,16,19,5,7,0,0,3,0,0,0,0,2,1,6,6,1,36,7,125,1,2,Keeway TX 125,2,E01010261,0,-1
2020450994753,2020,450994753,1,3,0,16,19,1,3,0,0,0,2,0,0,0,1,1,5,6,1,17,4,125,1,8,Keeway TX 125,4,E01030608,0,-1
2020140982532,2020,140982532,1,3,0,9,9,7,5,0,0,2,0,0,0,0,1,1,6,6,1,33,6,125,1,0,Keeway TX 125,5,E01008034,0,-1
202006K374124,2020,06K374124,2,3,0,18,19,2,6,0,0,8,0,0,0,0,1,1,6,6,1,20,4,125,1,3,Keeway TX 125,5,E01006391,0,-1
2020430076127,2020,430076127,1,3,0,13,13,8,4,0,0,8,0,0,0,0,1,1,6,6,1,52,8,125,1,4,Keeway TX 125,5,E01016203,0,-1
202031B012320,2020,31B012320,2,3,0,9,9,7,5,0,0,6,0,0,0,0,1,1,6,6,1,18,4,125,1,4,Keeway TX 125,2,E01028053,0,-1
2020522100714,2020,522100714,3,3,0,3,3,1,5,0,0,0,1,0,0,0,1,1,6,6,1,22,5,125,1,5,Keeway TX 125,6,E01014914,0,-1
2020320235542,2020,320235542,1,3,0,18,19,1,5,0,0,0,0,0,0,0,1,1,6,6,1,30,6,125,1,2,Keeway TX 125,6,E01026088,0,-1
2020122000905,2020,122000905,1,3,0,4,4,7,3,0,0,0,1,0,0,0,3,1,2,2,1,20,4,125,1,2,Keeway TX 125,8,E01027754,0,-1
2020040998881,2020,040998881,2,3,0,18,19,7,3,0,0,8,0,0,0,0,1,1,5,6,1,26,6,125,1,7,Keeway TX 125,2,E01024886,0,-1
2020010261075,2020,010261075,2,4,0,18,19,1,5,0,0,1,1,0,0,0,1,1,6,6,1,20,4,125,1,4,-1,2,E01003302,0,-1
2020140951011,2020,140951011,2,3,0,18,19,2,6,0,0,1,0,0,0,0,3,1,6,6,1,28,6,125,1,1,Keeway TX 125,1,E01008059,0,-1
202006F266936,2020,06F266936,1,4,0,9,9,7,5,0,0,1,0,0,0,0,1,1,6,6,1,30,6,125,1,4,-1,-1,-1,0,-1
2020220991953,2020,220991953,2,3,0,17,19,8,5,0,0,0,0,0,0,0,3,1,5,6,1,19,4,125,1,6,Keeway TX 125,5,E01032404,0,-1
2020010254555,2020,010254555,2,4,0,18,19,6,2,0,0,2,1,0,0,0,4,1,6,6,2,56,9,125,1,0,-1,2,E01004615,0,-1
2020420979606,2020,420979606,2,9,0,18,19,5,1,0,0,0,0,0,0,0,2,1,6,6,1,62,9,3456,1,13,-1,10,E01003746,0,-1
2020070258530,2020,070258530,1,9,0,18,19,7,3,0,0,0,0,0,0,0,2,1,6,6,1,73,10,3456,1,12,-1,10,E01018619,0,-1
2020010240038,2020,010240038,1,9,0,7,7,3,5,0,0,8,0,0,0,0,1,1,6,6,2,46,8,3456,1,14,-1,9,E01003894,0,-1
2020430405673,2020,430405673,1,9,0,16,19,3,6,0,0,0,0,0,0,0,1,1,6,6,1,78,11,3456,1,12,-1,9,E01022859,0,-1
2020410967005,2020,410967005,4,9,0,2,2,0,0,0,0,1,0,0,0,0,0,1,6,6,2,-1,-1,3456,1,14,-1,9,E01023626,0,-1
2020010236895,2020,010236895,1,8,0,6,6,3,3,0,0,1,0,0,0,0,1,1,1,1,1,64,9,2402,2,15,LONDON TAXIS INT. TXII,4,E01002866,0,-1
2020450925307,2020,450925307,1,9,0,18,19,8,4,0,0,0,0,0,0,0,2,1,1,1,1,53,8,-1,-1,-1,-1,10,E01030307,0,-1
2020010235751,2020,010235751,2,8,0,99,99,9,9,99,99,9,9,99,9,99,9,9,6,6,1,-1,-1,2402,2,15,LONDON TAXIS INT. TXII,4,E01021956,0,-1
2020350969978,2020,350969978,2,8,0,3,3,3,7,0,0,0,0,4,0,0,2,1,1,1,1,40,7,2664,2,14,LONDON TAXIS INT. TXII,2,E01015599,0,-1
2020052001855,2020,052001855,1,8,0,18,19,3,7,0,0,0,0,0,0,0,3,1,1,1,1,47,8,2402,2,14,LONDON TAXIS INT. TXII,1,E01033764,0,-1
2020010246208,2020,010246208,2,8,0,18,19,1,5,0,0,3,5,0,0,0,4,1,1,1,1,65,9,2402,2,15,LONDON TAXIS INT. TXII,9,E01031751,0,-1
2020010271475,2020,010271475,1,8,0,18,19,1,5,0,0,1,0,0,0,0,1,2,6,6,2,62,9,2402,2,15,LONDON TAXIS INT. TXII,4,E01002454,0,-1
2020010258685,2020,010258685,1,8,0,18,19,3,7,0,0,0,0,0,0,0,2,1,1,1,1,43,7,2402,2,15,LONDON TAXIS INT. TXII,3,E01002589,0,-1
2020052002506,2020,052002506,1,8,0,18,19,7,3,0,0,8,0,0,0,0,1,1,1,1,1,53,8,2402,2,14,LONDON TAXIS INT. TXII,1,E01006412,0,-1
2020010254561,2020,010254561,2,9,9,99,99,9,9,99,99,9,9,99,9,99,9,9,6,6,1,62,9,-1,-1,-1,-1,5,E01015989,0,-1
2020052000025,2020,052000025,2,8,0,18,19,4,8,0,0,8,0,0,0,0,1,1,1,1,1,60,9,2402,2,16,LONDON TAXIS INT. TXII,6,E01006422,0,-1
2020010235015,2020,010235015,2,8,0,18,19,7,3,0,0,8,1,0,1,0,4,1,1,1,1,69,10,2402,2,15,LONDON TAXIS INT. TXII,3,E01033583,0,-1
2020010231196,2020,010231196,1,8,0,99,99,9,9,99,99,1,9,99,9,99,2,9,6,6,2,44,7,2402,2,16,LONDON TAXIS INT. TXII,8,E01033610,0,-1
2020010237765,2020,010237765,1,8,0,3,3,3,7,0,0,0,0,0,0,0,2,1,6,6,1,62,9,2402,2,15,LONDON TAXIS INT. TXII,9,E01021532,0,-1
2020010274808,2020,010274808,2,8,0,5,5,0,5,0,0,9,9,99,0,0,3,1,6,6,3,-1,-1,2402,2,14,LONDON TAXIS INT. TXII,-1,-1,0,-1
2020010278854,2020,010278854,2,8,0,9,9,2,8,0,0,2,0,0,0,0,2,1,1,1,1,76,11,2402,2,14,LONDON TAXIS INT. TXII,7,E01000217,0,-1
2020200934935,2020,200934935,1,8,0,18,19,6,2,2,2,2,0,0,0,0,1,1,1,1,1,68,10,2402,2,18,LONDON TAXIS INT. TXII,8,E01010179,0,-1
2020052001254,2020,052001254,2,8,0,9,9,5,1,0,0,1,0,0,0,0,1,1,1,1,1,64,9,2402,2,18,LONDON TAXIS INT. TXII,1,E01006442,0,-1
2020010236343,2020,010236343,3,8,0,18,19,3,7,0,0,1,0,0,0,0,3,1,1,1,1,66,10,2402,2,14,LONDON TAXIS INT. TXII,10,E01030728,0,-1
2020010240042,2020,010240042,2,8,0,9,9,1,7,0,0,8,0,0,0,0,1,1,1,1,1,64,9,2402,2,16,LONDON TAXIS INT. TXII,3,E01000441,0,-1
2020041008533,2020,041008533,1,9,0,13,13,2,2,0,0,0,0,0,0,0,3,1,6,6,3,-1,-1,-1,-1,-1,-1,-1,-1,0,-1
2020140996062,2020,140996062,1,8,0,18,19,2,6,0,0,2,0,0,0,0,4,1,1,1,1,37,7,2402,2,14,LONDON TAXIS INT. TXII,3,E01008108,0,-1
2020010238610,2020,010238610,1,8,0,6,6,8,8,0,0,0,0,0,0,0,1,1,1,1,1,38,7,2402,2,14,LONDON TAXIS INT. TXII,5,E01001310,0,-1
2020010234414,2020,010234414,1,8,0,4,4,1,5,0,0,0,0,0,0,0,2,1,1,1,1,78,11,2402,2,14,LONDON TAXIS INT. TXII,8,E01000910,0,-1
2020010235075,2020,010235075,1,8,0,5,5,3,7,0,0,8,0,0,0,0,2,1,1,1,1,38,7,2402,2,15,LONDON TAXIS INT. TXII,5,E01021814,0,-1
2020010243531,2020,010243531,1,8,0,9,9,8,6,0,0,1,2,0,0,0,3,1,1,1,1,40,7,2402,2,15,LONDON TAXIS INT. TXII,5,E01003691,0,-1
2020010257925,2020,010257925,1,8,0,18,19,1,5,0,0,0,0,0,0,0,2,1,2,2,1,42,7,2402,2,16,LONDON TAXIS INT. TXII,3,E01004568,0,-1
2020340N00472,2020,340N00472,1,8,0,18,19,1,5,0,0,1,0,0,0,0,1,1,6,6,1,21,5,2402,2,16,LONDON TAXIS INT. TXII,3,E01027196,0,-1
2020010256416,2020,010256416,1,8,0,9,9,5,2,0,0,0,0,0,0,0,2,1,1,1,1,48,8,2402,2,15,LONDON TAXIS INT. TXII,3,E01002726,0,-1
2020010270870,2020,010270870,2,8,0,99,99,9,9,99,99,1,9,99,9,99,9,9,6,6,1,-1,-1,2402,2,14,LONDON TAXIS INT. TXII,-1,-1,0,-1
2020010230613,2020,010230613,1,8,9,4,4,1,5,0,0,0,0,0,0,0,0,9,6,6,1,-1,-1,2402,2,14,LONDON TAXIS INT. TXII,-1,-1,0,-1
2020350992791,2020,350992791,3,9,0,18,19,3,7,0,0,0,0,0,0,0,0,1,5,6,1,57,9,1499,1,0,MINI COUNTRYMAN,6,E01027043,0,-1
2020070021007,2020,070021007,1,9,0,18,19,6,2,0,0,1,0,0,0,0,1,1,6,6,2,45,7,1598,2,8,MINI COUNTRYMAN,6,E01005963,0,-1
2020990960897,2020,990960897,1,9,0,9,9,5,3,0,0,6,0,0,0,0,3,1,5,6,2,38,7,1499,8,1,MINI COUNTRYMAN,-1,-1,0,-1
2020420980221,2020,420980221,2,9,0,16,19,5,1,0,0,1,0,0,0,0,1,1,5,6,2,64,9,1598,1,4,MINI COUNTRYMAN,6,E01021656,0,-1
2020010262393,2020,010262393,1,9,0,18,19,1,5,0,0,1,0,0,0,0,2,1,6,6,2,29,6,1499,1,1,MINI COUNTRYMAN,6,E01001059,0,-1
2020622000846,2020,622000846,1,9,0,18,19,8,4,0,0,0,0,0,7,4,1,1,6,6,2,26,6,2000,2,8,MINI COUNTRYMAN,6,W01001039,0,-1
2020200946216,2020,200946216,2,9,0,9,9,6,2,0,0,5,0,0,0,0,3,1,6,6,2,47,8,1499,1,2,MINI COUNTRYMAN,1,E01009155,0,-1
2020370979238,2020,370979238,2,9,0,16,19,8,4,0,0,0,0,0,0,0,1,1,6,6,2,29,6,1995,2,6,MINI COUNTRYMAN,-1,-1,0,-1
2020450942903,2020,450942903,1,9,0,5,5,3,7,0,0,4,0,0,0,0,1,1,5,6,2,40,7,1600,2,9,MINI COUNTRYMAN,8,E01030951,0,-1
2020210945393,2020,210945393,2,9,0,9,9,2,8,0,0,8,0,0,0,0,3,1,1,1,2,21,5,1598,2,7,MINI COUNTRYMAN,-1,-1,0,-1
202006K276701,2020,06K276701,1,9,0,7,7,8,2,0,0,8,0,0,0,0,3,1,6,6,2,30,6,1499,1,2,MINI COUNTRYMAN,4,E01006188,0,-1
2020460932414,2020,460932414,1,9,0,18,19,3,7,0,0,8,0,0,0,0,1,1,6,6,2,-1,-1,1600,2,8,MINI COUNTRYMAN,10,E01024386,0,-1
2020041006250,2020,041006250,1,9,0,18,19,5,1,0,0,0,0,0,0,0,4,1,5,6,1,72,10,1598,2,7,MINI COUNTRYMAN,9,E01025533,0,-1
2020010257270,2020,010257270,2,9,0,3,3,7,3,0,0,1,0,0,0,0,1,1,6,6,1,30,6,1995,2,6,MINI COUNTRYMAN,6,E01001522,0,-1
2020010240972,2020,010240972,2,9,9,18,19,1,5,0,0,9,9,99,0,0,9,1,6,6,1,-1,-1,1998,1,1,MINI COUNTRYMAN,-1,-1,0,-1
2020420991533,2020,420991533,2,9,0,7,7,7,8,0,0,2,0,0,0,0,3,1,6,6,2,32,6,1995,2,7,MINI COUNTRYMAN,8,E01022091,0,-1
2020200994967,2020,200994967,1,9,0,15,15,7,3,0,0,0,0,10,1,11,4,1,3,7,2,45,7,1598,2,8,MINI COUNTRYMAN,6,E01009036,0,-1
2020361001398,2020,361001398,2,9,0,18,19,1,5,0,0,0,0,0,0,0,2,1,5,6,2,40,7,1998,1,2,MINI COUNTRYMAN,7,E01026669,0,-1
2020010269376,2020,010269376,1,9,0,99,99,9,9,99,99,9,9,99,9,99,2,9,6,6,2,-1,-1,1499,1,3,MINI COUNTRYMAN,7,E01000214,0,-1
2020990948754,2020,990948754,1,9,0,14,14,8,4,0,0,1,0,0,0,0,4,1,5,6,1,64,9,1598,1,6,MINI COUNTRYMAN,10,-1,0,-1
2020010242086,2020,010242086,2,9,0,99,99,9,9,99,99,0,9,99,9,99,9,1,6,6,3,63,9,1499,1,2,MINI COUNTRYMAN,4,E01001276,0,-1
2020070269384,2020,070269384,2,9,0,17,19,2,8,0,0,1,0,0,0,0,2,2,6,6,2,30,6,1499,8,0,MINI COUNTRYMAN,9,E01012448,0,-1
2020010276100,2020,010276100,2,9,0,18,19,7,3,0,0,1,0,0,0,0,1,1,6,6,1,33,6,1598,1,5,MINI COUNTRYMAN,2,E01001010,0,-1
2020420997314,2020,420997314,1,9,0,18,19,1,5,0,0,3,0,7,1,7,1,1,5,6,2,33,6,1995,2,3,MINI COUNTRYMAN,1,E01021271,0,-1
2020010257072,2020,010257072,2,9,0,2,2,0,0,6,6,0,0,4,0,0,2,1,6,6,3,-1,-1,1499,1,2,MINI COUNTRYMAN,-1,-1,0,-1
2020450977603,2020,450977603,1,9,0,18,19,4,2,0,0,0,0,0,0,0,2,1,1,1,2,26,6,1598,1,4,MINI COUNTRYMAN,10,E01022888,0,-1
2020500955497,2020,500955497,1,9,0,9,9,6,3,0,0,6,0,0,0,0,1,1,5,6,2,80,11,1499,1,1,MINI COUNTRYMAN,4,E01018880,0,-1
2020460970507,2020,460970507,1,9,0,18,19,1,1,0,0,0,0,0,0,0,1,1,5,6,1,44,7,1995,2,9,MINI COUNTRYMAN,4,E01024200,0,-1
2020460956471,2020,460956471,1,9,0,18,19,7,3,0,0,0,0,0,7,0,1,1,5,6,2,24,5,1600,2,9,MINI COUNTRYMAN,8,E01024721,0,-1
2020010236570,2020,010236570,4,9,0,18,19,5,1,0,0,0,0,0,0,0,2,1,6,6,2,46,8,1499,8,2,MINI COUNTRYMAN,9,E01000202,0,-1
2020010240144,2020,010240144,2,9,0,99,99,9,9,99,99,9,9,99,9,99,2,9,6,6,3,-1,-1,1995,2,5,MINI COUNTRYMAN,-1,-1,0,-1
2020430263535,2020,430263535,2,9,0,18,19,3,7,0,0,0,0,0,0,0,1,1,6,6,2,58,9,1499,1,3,MINI COUNTRYMAN,8,E01028744,0,-1
2020430027773,2020,430027773,2,9,0,18,19,5,1,0,0,0,0,0,0,0,1,1,6,6,2,50,8,1598,2,8,MINI COUNTRYMAN,5,E01026373,0,-1
2020552001148,2020,552001148,1,9,0,5,5,3,8,0,0,6,0,0,0,0,1,1,3,7,2,49,8,1499,8,0,MINI COUNTRYMAN,7,E01015348,0,-1
2020060786968,2020,060786968,1,9,0,12,12,3,7,0,0,0,5,0,5,0,3,1,6,6,2,46,8,1499,1,2,MINI COUNTRYMAN,8,E01005842,0,-1