collision_index,collision_year,collision_ref_no,vehicle_reference,vehicle_type,towing_and_articulation,vehicle_manoeuvre_historic,vehicle_manoeuvre,vehicle_direction_from,vehicle_direction_to,vehicle_location_restricted_lane_historic,vehicle_location_restricted_lane,junction_location,skidding_and_overturning,hit_object_in_carriageway,vehicle_leaving_carriageway,hit_object_off_carriageway,first_point_of_impact,vehicle_left_hand_drive,journey_purpose_of_driver_historic,journey_purpose_of_driver,sex_of_driver,age_of_driver,age_band_of_driver,engine_capacity_cc,propulsion_code,age_of_vehicle,generic_make_model,driver_imd_decile,lsoa_of_driver,escooter_flag,driver_distance_banding
2020160974808,2020,160974808,1,9,0,13,13,2,6,0,0,0,0,0,0,0,1,1,5,6,1,46,8,1984,1,0,SKODA KODIAQ,5,E01007609,0,-1
2020010242128,2020,010242128,1,9,0,18,19,3,7,0,0,1,0,7,0,0,1,1,6,6,1,60,9,1498,1,1,SKODA KODIAQ,10,E01003825,0,-1
2020552100107,2020,552100107,1,9,0,18,19,4,8,0,0,8,0,0,0,0,1,1,6,6,2,76,11,1968,2,2,SKODA KODIAQ,6,E01019936,0,-1
2020351007517,2020,351007517,2,9,0,9,9,8,7,0,0,3,1,0,0,0,2,1,5,6,2,27,6,1498,1,1,SKODA KODIAQ,5,E01018051,0,-1
2020530995142,2020,530995142,4,9,0,18,19,1,5,0,0,1,0,0,0,0,3,1,5,6,2,44,7,1968,2,1,SKODA KODIAQ,4,E01022310,0,-1
2020110992866,2020,110992866,2,9,0,18,19,5,1,0,0,1,0,0,0,0,1,1,6,6,1,34,6,1968,2,2,SKODA KODIAQ,3,E01020705,0,-1
2020040993295,2020,040993295,2,9,0,18,19,5,1,0,0,0,0,0,0,0,1,1,5,6,1,64,9,1968,2,2,SKODA KODIAQ,6,E01027573,0,-1
2020200947168,2020,200947168,2,9,0,18,19,8,4,0,0,8,0,0,0,0,4,1,6,6,1,32,6,1395,1,2,SKODA KODIAQ,1,E01010435,0,-1
2020010271457,2020,010271457,1,9,0,3,3,1,5,0,0,1,0,0,0,0,2,1,2,2,1,35,6,1984,1,1,SKODA KODIAQ,5,E01003791,0,-1
2020010285001,2020,010285001,1,9,0,7,7,7,8,0,0,6,0,0,0,0,1,1,3,7,1,45,7,1498,1,1,SKODA KODIAQ,8,E01000749,0,-1
2020210983325,2020,210983325,1,9,0,18,19,7,3,0,0,0,0,0,0,0,4,1,6,6,2,35,6,1968,2,2,SKODA KODIAQ,8,E01029500,0,-1
2020010278277,2020,010278277,1,9,0,9,9,5,3,0,0,5,0,0,0,0,1,1,6,6,1,40,7,1395,1,2,SKODA KODIAQ,2,E01001824,0,-1
2020370955159,2020,370955159,2,9,0,17,19,7,4,0,0,0,0,0,0,0,3,1,5,6,2,32,6,1498,1,1,SKODA KODIAQ,5,E01030286,0,-1
202063D082920,2020,63D082920,1,9,0,16,19,6,1,0,0,0,0,0,0,0,1,1,6,6,1,50,8,1968,2,2,SKODA KODIAQ,8,W01001904,0,-1
2020140960053,2020,140960053,1,9,0,3,3,6,2,0,0,4,0,0,0,0,2,1,5,6,1,38,7,1968,2,2,SKODA KODIAQ,6,E01007452,0,-1
2020530986860,2020,530986860,2,9,0,18,19,7,3,0,0,1,0,0,0,0,1,1,6,6,1,75,10,1395,1,3,SKODA KODIAQ,10,E01031804,0,-1
2020030993588,2020,030993588,1,9,0,17,19,1,5,0,0,0,1,0,0,0,1,1,2,2,2,53,8,1968,2,2,SKODA KODIAQ,10,E01019355,0,-1
2020031008910,2020,031008910,4,9,0,16,19,5,1,0,0,0,0,0,0,0,0,1,2,2,2,35,6,1968,2,0,SKODA KODIAQ,8,E01019101,0,-1
2020201014451,2020,201014451,1,9,0,9,9,2,8,0,0,6,0,0,0,0,4,1,6,6,1,51,8,1968,2,1,SKODA KODIAQ,8,E01029680,0,-1
2020420998080,2020,420998080,2,9,0,5,5,1,7,0,0,2,0,0,0,0,1,1,3,7,2,47,8,1968,2,2,SKODA KODIAQ,9,E01021661,0,-1
2020520000329,2020,520000329,1,9,0,3,3,7,3,0,0,0,0,0,0,0,2,1,6,6,1,50,8,1968,2,3,SKODA KODIAQ,5,E01029020,0,-1
2020530919776,2020,530919776,2,9,0,3,3,2,6,0,0,1,0,0,0,0,2,1,6,6,2,40,7,1968,2,2,SKODA KODIAQ,5,E01014032,0,-1
2020401003802,2020,401003802,3,9,0,18,19,4,8,0,0,0,0,0,0,0,2,1,6,6,1,41,7,1984,1,0,SKODA KODIAQ,7,E01015719,0,-1
2020010274936,2020,010274936,2,9,9,99,99,9,9,99,99,9,9,99,9,99,9,9,6,6,3,33,6,1395,1,2,SKODA KODIAQ,8,E01000216,0,-1
2020010234254,2020,010234254,2,9,0,99,99,9,9,99,99,9,9,99,9,99,9,9,6,6,3,-1,-1,1395,1,2,SKODA KODIAQ,-1,-1,0,-1
2020010255816,2020,010255816,1,9,0,18,19,7,3,0,0,1,0,0,0,0,2,1,2,2,2,40,7,1395,1,2,SKODA KODIAQ,5,E01000265,0,-1
2020010282290,2020,010282290,2,9,0,7,7,7,1,0,0,2,0,0,0,0,0,1,6,6,1,40,7,1498,1,1,SKODA KODIAQ,6,E01000790,0,-1
2020010286571,2020,010286571,2,9,0,99,99,9,9,99,99,9,9,99,9,99,1,9,6,6,3,-1,-1,1498,1,0,SKODA KODIAQ,10,E01003871,0,-1
2020010277142,2020,010277142,2,9,0,99,99,9,9,99,99,0,9,99,9,99,9,9,6,6,3,-1,-1,1968,2,2,SKODA KODIAQ,-1,-1,0,-1
2020210957452,2020,210957452,1,9,0,18,19,6,2,0,0,0,0,0,0,0,1,1,2,2,1,35,6,1968,2,3,SKODA KODIAQ,1,E01014164,0,-1
2020010283572,2020,010283572,1,9,0,3,3,7,3,0,0,1,0,0,0,0,2,1,1,1,1,34,6,1968,2,3,SKODA KODIAQ,3,E01003606,0,-1
2020231007407,2020,231007407,2,9,0,18,19,8,4,0,0,0,5,0,0,0,2,1,5,6,2,29,6,1395,1,2,SKODA KODIAQ,9,E01016314,0,-1
2020470997765,2020,470997765,3,9,0,18,19,6,2,0,0,1,0,0,0,0,0,1,5,6,2,51,8,1395,1,3,SKODA KODIAQ,7,E01024805,0,-1
2020332000090,2020,332000090,2,9,0,3,3,8,4,0,0,0,0,0,0,0,2,1,6,6,2,47,8,1498,1,1,SKODA KODIAQ,10,E01025726,0,-1
2020320453952,2020,320453952,1,9,0,13,13,7,3,0,0,0,0,0,1,11,1,1,6,6,1,84,11,1968,2,1,SKODA KODIAQ,8,E01026200,0,-1
2020990993655,2020,990993655,1,9,0,16,19,5,1,0,0,0,0,0,0,0,1,1,5,6,1,74,10,1968,2,2,SKODA KODIAQ,10,-1,0,-1
2020552000868,2020,552000868,2,3,0,18,19,2,7,0,0,8,0,0,1,0,0,1,6,6,1,19,4,125,1,8,-1,2,E01032659,0,-1
2020440024882,2020,440024882,2,9,0,18,19,2,6,0,0,8,0,0,0,0,1,1,6,6,1,72,10,998,1,5,SUZUKI CELERIO,5,E01033229,0,-1
2020031005091,2020,031005091,1,9,0,18,19,3,7,0,0,0,0,0,1,0,1,1,6,6,1,80,11,996,1,4,SUZUKI CELERIO,7,E01019091,0,-1
20201374N1181,2020,1374N1181,2,9,0,2,2,8,4,9,9,0,0,0,0,0,3,1,6,6,2,-1,-1,998,1,2,SUZUKI CELERIO,-1,-1,0,-1
202063C017020,2020,63C017020,2,9,0,18,19,1,5,0,0,1,0,0,1,7,1,1,6,6,1,73,10,998,1,4,SUZUKI CELERIO,4,W01000587,0,-1
2020520101343,2020,520101343,1,9,0,18,19,4,8,0,0,0,0,0,0,0,1,1,6,6,2,77,11,998,1,5,SUZUKI CELERIO,5,E01020503,0,-1
20201379K0789,2020,1379K0789,1,9,0,6,6,3,7,0,0,2,0,0,0,0,3,1,6,6,1,46,8,998,1,2,SUZUKI CELERIO,-1,-1,0,-1
2020522000267,2020,522000267,1,9,0,2,2,0,0,0,0,1,0,0,0,0,1,1,6,6,1,69,10,996,1,4,SUZUKI CELERIO,9,E01032682,0,-1
2020552000188,2020,552000188,1,9,0,7,7,8,4,0,0,1,0,0,0,0,4,1,6,6,1,78,11,998,1,4,SUZUKI CELERIO,3,E01015285,0,-1
2020140992761,2020,140992761,2,9,0,18,19,5,1,0,0,0,0,0,0,0,1,1,5,6,1,44,7,996,1,3,SUZUKI CELERIO,3,E01007374,0,-1
2020010253471,2020,010253471,1,9,0,17,19,1,5,0,0,1,0,4,0,0,1,1,6,6,1,77,11,996,1,3,SUZUKI CELERIO,8,E01002348,0,-1
2020500942000,2020,500942000,1,9,0,4,4,3,7,0,0,1,0,0,0,0,1,1,6,6,1,19,4,996,1,5,SUZUKI CELERIO,4,E01018759,0,-1
2020552000905,2020,552000905,2,9,0,18,19,3,7,0,0,8,0,0,0,0,4,1,6,6,2,30,6,998,1,2,SUZUKI CELERIO,4,E01020578,0,-1
2020440202129,2020,440202129,1,9,0,11,11,2,6,0,0,0,0,10,1,11,1,1,2,2,1,57,9,998,1,2,SUZUKI CELERIO,2,E01022820,0,-1
2020470936275,2020,470936275,1,9,0,5,5,3,7,0,0,0,0,0,0,0,0,1,6,6,2,55,8,998,1,2,SUZUKI CELERIO,5,E01016957,0,-1
2020122001303,2020,122001303,1,9,0,18,19,7,3,0,0,0,1,0,0,0,1,1,6,6,2,70,10,998,1,3,SUZUKI CELERIO,10,E01013436,0,-1
2020052000901,2020,052000901,1,9,0,18,19,7,3,0,0,0,0,0,0,0,3,1,6,6,1,26,6,996,1,5,SUZUKI CELERIO,2,E01006819,0,-1
2020361017570,2020,361017570,1,9,0,18,19,7,3,0,0,0,1,0,0,0,1,1,5,6,2,77,11,998,1,3,SUZUKI CELERIO,3,E01018109,0,-1
202063A038620,2020,63A038620,1,9,0,5,5,8,4,0,0,4,0,0,0,0,1,1,6,6,2,65,9,998,1,3,SUZUKI CELERIO,5,W01000627,0,-1
2020500971539,2020,500971539,3,9,0,4,4,4,2,0,0,5,0,0,0,0,2,1,6,6,1,83,11,998,1,5,SUZUKI CELERIO,7,E01020233,0,-1
202031A026120,2020,31A026120,1,9,0,18,19,6,1,0,0,2,0,7,0,0,1,1,6,6,2,81,11,996,1,5,SUZUKI CELERIO,3,E01028258,0,-1
2020200933792,2020,200933792,2,9,0,3,3,2,6,0,0,1,0,0,0,0,2,1,6,6,2,22,5,998,1,4,SUZUKI CELERIO,6,E01029623,0,-1
2020220963404,2020,220963404,1,9,0,18,19,6,2,0,0,1,0,0,7,10,3,1,6,6,1,36,7,996,1,5,SUZUKI CELERIO,1,E01009173,0,-1
2020622000181,2020,622000181,1,9,0,5,5,4,8,0,0,1,0,0,0,0,1,1,1,1,2,54,8,996,1,5,SUZUKI CELERIO,2,W01001750,0,-1
20201379J0992,2020,1379J0992,1,9,0,15,15,1,5,0,0,0,0,0,0,0,1,1,6,6,2,60,9,998,1,3,SUZUKI CELERIO,2,E01011760,0,-1
2020140931948,2020,140931948,2,9,0,4,4,5,1,0,0,0,0,0,0,0,1,1,5,6,1,81,11,998,1,5,SUZUKI CELERIO,9,W01001903,0,-1
20201376P0815,2020,1376P0815,1,9,0,18,19,8,4,0,0,0,5,0,0,0,3,1,6,6,1,88,11,998,1,4,SUZUKI CELERIO,6,E01011548,0,-1
2020460967989,2020,460967989,2,9,0,8,8,8,4,0,0,1,0,0,0,0,2,1,6,6,2,20,4,998,1,3,SUZUKI CELERIO,2,E01016040,0,-1
2020361014059,2020,361014059,2,9,0,18,19,2,6,0,0,0,0,0,0,0,2,1,5,6,2,73,10,998,1,2,SUZUKI CELERIO,6,E01026498,0,-1
2020990947456,2020,990947456,1,9,0,18,19,4,8,0,0,3,0,0,0,0,1,1,1,1,1,63,9,998,1,3,SUZUKI CELERIO,3,-1,0,-1
2020470920652,2020,470920652,1,9,0,18,19,6,2,0,0,1,0,0,0,0,1,1,5,6,1,48,8,998,1,4,SUZUKI CELERIO,7,E01020961,0,-1
2020201018473,2020,201018473,2,9,0,18,19,4,8,0,0,0,0,0,0,0,2,1,1,1,2,24,5,998,1,4,SUZUKI CELERIO,3,E01010262,0,-1
202031B079420,2020,31B079420,2,9,0,10,10,7,5,0,0,8,0,0,0,0,2,1,6,6,1,53,8,998,1,3,SUZUKI CELERIO,8,E01028032,0,-1
2020110979264,2020,110979264,2,9,0,18,19,3,7,0,0,0,0,0,0,0,2,1,2,2,1,54,8,998,1,4,SUZUKI CELERIO,10,E01012330,0,-1
2020122001344,2020,122001344,1,9,0,18,19,1,5,0,0,0,0,0,0,0,1,1,6,6,2,72,10,998,1,2,SUZUKI CELERIO,4,E01013382,0,-1
2020010271528,2020,010271528,1,9,0,11,11,4,8,0,0,0,0,0,0,0,2,1,6,6,1,37,7,998,1,4,SUZUKI CELERIO,2,E01001633,0,-1
2020100985122,2020,100985122,3,9,0,2,2,3,7,0,0,0,0,0,0,0,4,1,6,6,2,70,10,996,1,4,SUZUKI CELERIO,1,E01008610,0,-1
2020052001783,2020,052001783,4,9,0,3,3,6,8,0,0,2,0,0,0,0,2,1,6,6,2,47,8,996,1,5,SUZUKI CELERIO,2,E01006868,0,-1
2020990933009,2020,990933009,1,9,0,1,1,2,7,0,0,0,0,0,0,0,2,1,5,6,2,63,9,998,1,5,SUZUKI CELERIO,9,-1,0,-1
2020221000163,2020,221000163,2,9,0,9,9,5,3,0,0,5,5,10,1,11,3,1,5,6,1,49,8,998,1,4,SUZUKI CELERIO,3,E01014145,0,-1
2020500972023,2020,500972023,2,9,0,3,3,1,5,0,0,1,0,0,0,0,2,1,1,1,2,39,7,998,1,5,SUZUKI CELERIO,7,E01018883,0,-1
2020200993195,2020,200993195,2,9,0,18,19,7,3,0,0,8,5,0,0,0,4,1,6,6,2,45,7,996,1,4,SUZUKI CELERIO,3,E01009969,0,-1
20201379J0092,2020,1379J0092,1,9,0,15,15,1,5,0,0,0,0,0,0,0,1,1,6,6,2,60,9,998,1,3,SUZUKI CELERIO,2,E01011760,0,-1
20201372K1295,2020,1372K1295,2,9,0,4,4,5,1,0,0,0,0,0,0,0,2,1,6,6,2,23,5,998,1,3,SUZUKI CELERIO,3,E01011868,0,-1
2020622001011,2020,622001011,2,9,0,18,19,2,6,0,0,2,0,0,0,0,1,1,6,6,1,55,8,996,1,5,SUZUKI CELERIO,5,W01001310,0,-1
2020010268330,2020,010268330,1,9,0,9,9,1,7,0,0,2,0,0,7,10,1,1,6,6,2,80,11,998,1,5,SUZUKI CELERIO,6,E01000677,0,-1
2020410924294,2020,410924294,2,9,0,5,5,5,8,0,0,0,0,0,0,0,1,1,5,6,1,22,5,996,1,5,SUZUKI CELERIO,10,E01023498,0,-1
2020440275754,2020,440275754,1,9,0,16,19,8,4,0,0,0,0,0,1,4,1,1,6,6,2,18,4,998,1,5,SUZUKI CELERIO,10,E01023228,0,-1
2020461008732,2020,461008732,1,9,0,18,19,7,3,0,0,0,0,0,0,0,1,1,6,6,2,44,7,996,1,4,SUZUKI CELERIO,7,E01024550,0,-1
2020040975881,2020,040975881,1,9,0,9,9,7,1,0,0,3,0,0,1,0,1,1,5,6,1,75,10,998,1,3,SUZUKI CELERIO,5,E01025573,0,-1
2020040957204,2020,040957204,2,9,0,18,19,1,5,0,0,1,0,0,0,0,1,1,2,2,2,24,5,996,1,3,SUZUKI CELERIO,6,E01004930,0,-1
2020010277056,2020,010277056,2,3,0,18,19,7,3,0,0,1,0,0,0,0,1,1,1,1,1,17,4,-1,-1,-1,-1,2,E01001824,0,-1
2020010257433,2020,010257433,1,3,0,4,4,7,3,0,0,0,0,0,0,0,2,1,2,2,1,36,7,-1,-1,-1,-1,2,E01003971,0,-1
2020010252064,2020,010252064,2,3,0,3,3,7,3,0,0,1,5,0,0,0,2,1,6,6,1,35,6,-1,-1,-1,-1,-1,-1,0,-1
2020010257120,2020,010257120,1,2,0,18,19,5,1,0,0,0,0,0,0,0,1,-1,1,1,1,32,6,-1,3,2,-1,4,E01015711,0,-1
2020522101106,2020,522101106,1,3,0,9,9,5,3,0,0,5,0,0,0,0,4,1,1,1,1,17,4,-1,-1,-1,-1,3,E01014461,0,-1
2020030953728,2020,030953728,2,9,0,7,7,3,7,0,0,2,0,0,0,0,0,1,1,1,1,25,5,1969,1,2,-1,6,E01019235,0,-1
2020030963248,2020,030963248,2,9,0,18,19,7,1,0,0,1,0,0,0,0,0,1,1,1,1,41,7,1969,1,2,-1,6,E01019235,0,-1
2020440297312,2020,440297312,1,4,0,18,19,7,3,0,0,0,0,0,0,0,1,1,6,6,1,56,9,125,1,4,-1,6,E01032884,0,-1
2020440316196,2020,440316196,1,3,0,9,9,4,2,0,0,1,0,0,0,0,3,1,6,6,1,19,4,125,1,4,AJS MODENA 125,4,E01022834,0,-1
2020530990089,2020,530990089,2,3,0,18,19,1,5,0,0,0,0,0,1,0,3,1,5,6,1,17,4,125,1,6,AJS MODENA 125,7,E01032380,0,-1
2020990959979,2020,990959979,1,3,0,4,4,7,3,0,0,1,0,0,0,0,4,1,6,6,1,64,9,125,1,4,AJS MODENA 125,3,-1,0,-1
2020040980209,2020,040980209,2,3,0,18,19,4,8,0,0,1,0,0,0,0,1,1,5,6,1,55,8,125,1,3,AJS MODENA 125,4,E01005150,0,-1
2020552000848,2020,552000848,2,3,0,18,19,3,7,0,0,8,0,0,0,0,3,1,6,6,1,61,9,125,1,2,AJS MODENA 125,6,E01015291,0,-1
2020471005978,2020,471005978,1,3,0,18,19,6,2,0,0,0,0,0,0,0,1,1,5,6,1,21,5,125,1,5,AJS MODENA 125,1,E01017040,0,-1
2020540748020,2020,540748020,2,3,0,18,19,8,4,0,0,3,0,0,0,0,4,1,2,2,1,54,8,125,1,4,AJS MODENA 125,8,E01031910,0,-1
2020137BU0954,2020,137BU0954,1,3,0,3,3,5,1,0,0,0,0,0,0,0,1,1,6,6,2,26,6,125,1,4,AJS MODENA 125,10,E01011376,0,-1
2020470954836,2020,470954836,2,3,0,10,10,2,6,0,0,8,0,0,0,0,2,1,6,6,1,31,6,125,1,3,AJS MODENA 125,6,E01031484,0,-1
2020010247237,2020,010247237,1,3,0,4,4,3,7,0,0,1,0,0,0,0,2,1,2,2,1,54,8,125,1,4,AJS MODENA 125,10,E01021345,0,-1
2020010271645,2020,010271645,2,3,0,18,19,5,1,0,0,2,0,0,0,0,1,1,6,6,2,57,9,125,1,3,AJS MODENA 125,2,E01003991,0,-1
2020450985174,2020,450985174,1,97,0,16,19,5,1,0,0,0,0,4,0,0,1,1,5,6,1,17,4,125,1,3,-1,8,E01030373,0,-1
2020220979150,2020,220979150,1,5,0,16,19,8,2,0,0,0,1,7,0,0,3,1,5,6,1,51,8,998,1,16,-1,1,E01009299,0,-1
2020990955135,2020,990955135,2,5,0,18,19,1,5,0,0,8,0,0,0,0,1,1,5,6,1,70,10,998,1,15,-1,6,-1,0,-1
2020450957754,2020,450957754,1,9,0,18,19,3,7,0,0,0,0,0,0,0,0,1,5,6,1,62,9,4735,1,10,-1,9,E01030372,0,-1
2020010266809,2020,010266809,2,9,0,99,99,9,9,99,99,0,9,99,9,99,1,9,6,6,1,34,6,4735,1,5,-1,7,E01004553,0,-1
2020440037998,2020,440037998,1,9,0,18,19,8,4,0,0,0,0,0,0,0,1,1,6,6,1,60,9,4735,1,11,-1,7,E01023225,0,-1
2020010267278,2020,010267278,1,9,0,4,4,1,5,0,0,1,0,0,1,0,9,1,6,6,1,25,5,4282,1,12,-1,8,E01002472,0,-1
2020140990849,2020,140990849,2,9,0,7,7,3,5,0,0,2,0,0,0,0,1,1,6,6,1,-1,-1,4282,1,14,-1,10,E01008043,0,-1
2020010267400,2020,010267400,2,9,0,99,99,9,9,99,99,0,9,99,9,99,1,9,6,6,3,-1,-1,4735,1,4,-1,-1,-1,0,-1
2020450978331,2020,450978331,1,9,0,18,19,4,8,0,0,0,0,0,3,11,1,1,5,6,1,58,9,4735,1,3,-1,10,E01030691,0,-1
202031D131620,2020,31D131620,1,9,0,18,19,4,8,0,0,0,1,0,0,0,3,1,6,6,1,66,10,5935,1,20,-1,10,E01025891,0,-1
2020010258386,2020,010258386,1,9,0,13,13,3,7,0,0,0,0,10,1,4,1,1,6,6,1,61,9,4735,1,10,-1,8,E01021783,0,-1
2020140975928,2020,140975928,2,9,0,18,19,8,4,0,0,1,0,0,0,0,4,1,5,6,1,18,4,1598,2,1,AUDI Q2,5,E01011765,0,-1
2020210933436,2020,210933436,1,9,0,1,1,6,6,9,9,1,0,0,0,0,1,1,6,6,2,22,5,1598,2,1,AUDI Q2,5,E01029658,0,-1
2020200994564,2020,200994564,2,9,0,4,4,-1,-1,0,0,0,0,0,0,0,1,1,6,6,2,35,6,999,1,2,AUDI Q2,1,E01009511,0,-1
2020420937762,2020,420937762,1,9,0,5,5,1,2,0,0,8,1,0,0,0,1,1,5,6,1,73,10,1498,1,0,AUDI Q2,1,E01021997,0,-1
2020052002265,2020,052002265,2,9,0,2,2,0,0,0,0,1,0,0,0,0,2,1,6,6,1,37,7,1598,2,2,AUDI Q2,1,E01006664,0,-1
2020990967602,2020,990967602,2,9,0,18,19,6,2,0,0,1,0,0,0,0,1,1,5,6,1,33,6,999,1,0,AUDI Q2,1,-1,0,-1
2020990985559,2020,990985559,2,9,0,17,19,8,4,0,0,0,0,0,0,0,1,1,5,6,1,22,5,1598,2,0,AUDI Q2,7,-1,0,-1
2020302001291,2020,302001291,2,9,0,3,3,8,4,0,0,1,0,0,0,0,2,1,1,1,1,22,5,999,1,2,AUDI Q2,3,E01013572,0,-1
2020622000712,2020,622000712,3,9,0,18,19,6,2,0,0,1,0,0,0,0,1,1,6,6,2,63,9,1498,1,1,AUDI Q2,9,W01000800,0,-1
202031C170120,2020,31C170120,1,9,0,18,19,7,3,0,0,1,0,0,0,0,1,1,6,6,1,52,8,999,1,2,AUDI Q2,2,E01013933,0,-1
2020440417571,2020,440417571,2,9,0,3,3,4,7,0,0,4,0,0,0,0,2,1,2,2,2,54,8,1498,1,0,AUDI Q2,7,E01023179,0,-1
2020100976541,2020,100976541,1,9,0,18,19,3,7,0,0,0,0,0,0,0,1,1,6,6,1,22,5,999,1,3,AUDI Q2,2,E01008752,0,-1
2020010249662,2020,010249662,2,9,0,99,99,9,9,99,99,9,9,99,9,99,2,9,6,6,3,-1,-1,1598,2,1,AUDI Q2,2,E01003984,0,-1
202006P274440,2020,06P274440,2,9,0,18,19,4,8,0,0,1,0,0,0,0,2,1,6,6,2,30,6,1498,1,0,AUDI Q2,6,E01005560,0,-1
2020010276423,2020,010276423,1,9,0,99,99,9,9,99,99,9,9,99,9,99,2,9,6,6,2,26,6,1498,1,0,AUDI Q2,4,E01001165,0,-1
2020200952253,2020,200952253,1,9,0,9,9,2,8,0,0,4,0,0,0,0,1,1,6,6,2,31,6,1395,1,2,AUDI Q2,2,E01008942,0,-1
2020500940361,2020,500940361,1,9,0,4,4,3,7,0,0,1,0,0,0,0,1,1,5,6,2,27,6,1598,2,1,AUDI Q2,4,E01020002,0,-1
2020010275811,2020,010275811,1,9,0,99,99,9,9,99,99,9,9,99,9,99,3,9,6,6,2,52,8,1498,1,0,AUDI Q2,3,E01003025,0,-1
202006A276861,2020,06A276861,3,9,0,3,3,7,3,0,0,0,0,0,0,0,3,1,6,6,2,35,6,1395,1,2,AUDI Q2,8,E01001413,0,-1
2020010284358,2020,010284358,1,9,0,99,99,9,9,99,99,9,9,99,9,99,1,9,6,6,1,23,5,1395,1,3,AUDI Q2,4,E01001480,0,-1
2020140994831,2020,140994831,1,9,0,3,3,5,1,0,0,0,0,0,0,0,2,1,5,6,2,45,7,999,1,0,AUDI Q2,1,E01007376,0,-1
2020010236594,2020,010236594,1,9,0,17,19,4,8,0,0,0,0,0,0,0,1,1,6,6,1,18,4,1598,2,1,AUDI Q2,-1,-1,0,-1
2020010252946,2020,010252946,1,9,0,10,10,4,1,0,0,0,0,0,0,0,3,1,6,6,2,35,6,1395,1,2,AUDI Q2,1,E01000524,0,-1
2020010268142,2020,010268142,1,9,0,18,19,1,5,0,0,8,0,0,0,0,1,1,6,6,2,19,4,1598,2,0,AUDI Q2,3,E01000024,0,-1
2020990951035,2020,990951035,2,9,0,14,14,5,1,0,0,1,0,0,0,0,4,1,1,1,2,35,6,999,1,1,AUDI Q2,10,-1,0,-1
2020400998549,2020,400998549,1,9,0,16,19,2,6,0,0,0,1,0,0,0,1,1,5,6,1,18,4,1498,1,1,AUDI Q2,6,E01017550,0,-1
2020010274297,2020,010274297,1,9,0,99,99,9,9,99,99,9,9,99,9,99,9,9,6,6,2,21,5,1598,2,2,AUDI Q2,2,E01004686,0,-1
2020990915315,2020,990915315,1,9,0,18,19,8,4,0,0,4,0,0,0,0,1,1,2,2,1,41,7,1598,2,1,AUDI Q2,7,-1,0,-1
2020010280148,2020,010280148,2,9,0,99,99,9,9,99,99,0,9,99,9,99,9,1,6,6,3,-1,-1,1598,2,0,AUDI Q2,-1,-1,0,-1
2020010285731,2020,010285731,1,9,0,18,19,1,5,0,0,4,0,0,0,0,1,1,6,6,1,26,6,1395,1,3,AUDI Q2,4,E01000476,0,-1
2020200991790,2020,200991790,1,9,0,15,15,5,1,0,0,0,0,0,0,0,1,1,6,6,2,26,6,1598,2,2,AUDI Q2,1,E01009047,0,-1
2020100933491,2020,100933491,1,9,0,4,4,1,5,0,0,0,0,0,0,0,1,1,6,6,2,45,7,1395,1,3,AUDI Q2,-1,-1,0,-1
20201378O1239,2020,1378O1239,2,9,0,18,19,3,7,0,0,8,0,0,0,0,1,1,6,6,2,56,9,1498,1,0,AUDI Q2,3,E01007487,0,-1
202031C028520,2020,31C028520,1,9,0,12,12,8,2,0,0,1,0,0,0,0,3,1,1,1,2,41,7,1498,1,0,AUDI Q2,2,E01013957,0,-1
202006K175873,2020,06K175873,1,9,0,7,7,5,7,0,0,2,0,0,0,0,1,1,6,6,1,23,5,999,1,0,AUDI Q2,2,E01005959,0,-1
2020302000369,2020,302000369,2,9,0,18,19,6,2,0,0,2,0,0,0,0,1,1,6,6,1,58,9,1395,1,3,AUDI Q2,6,E01019782,0,-1
2020100918951,2020,100918951,1,9,0,7,7,3,5,2,2,6,0,0,0,0,3,1,6,6,2,53,8,999,1,1,AUDI Q2,10,E01033551,0,-1
2020010276392,2020,010276392,3,9,0,18,19,3,7,0,0,0,0,0,0,0,0,1,6,6,2,24,5,1598,2,0,AUDI Q2,-1,-1,0,-1
2020010265594,2020,010265594,1,9,0,2,2,0,0,0,0,0,0,0,0,0,3,1,6,6,3,-1,-1,1498,1,0,AUDI Q2,-1,-1,0,-1
2020010262253,2020,010262253,1,9,0,4,4,7,3,0,0,1,0,0,0,0,2,1,6,6,1,32,6,1598,2,1,AUDI Q2,1,E01032512,0,-1
2020010279327,2020,010279327,2,9,0,99,99,9,9,99,99,1,9,99,9,99,9,9,6,6,3,-1,-1,1498,1,1,AUDI Q2,-1,-1,0,-1
2020070232900,2020,070232900,2,9,0,18,19,2,6,0,0,1,0,0,0,0,1,1,6,6,2,27,6,1598,2,0,AUDI Q2,1,E01006522,0,-1
2020622000874,2020,622000874,1,9,0,9,9,4,2,0,0,6,0,0,0,0,1,1,6,6,1,66,10,1395,1,3,AUDI Q2,3,W01001702,0,-1
2020990916148,2020,990916148,1,9,0,9,9,2,7,0,0,8,0,0,0,0,1,1,6,6,1,38,7,1598,2,0,AUDI Q2,1,-1,0,-1
2020201022258,2020,201022258,2,9,0,4,4,2,6,0,0,0,0,0,0,0,2,1,6,6,2,36,7,1598,2,1,AUDI Q2,3,E01010097,0,-1
2020010286624,2020,010286624,1,9,0,18,19,1,5,0,0,8,0,0,0,0,1,1,6,6,1,33,6,999,1,0,AUDI Q2,8,E01030592,0,-1