collision_index,collision_year,collision_ref_no,vehicle_reference,vehicle_type,towing_and_articulation,vehicle_manoeuvre_historic,vehicle_manoeuvre,vehicle_direction_from,vehicle_direction_to,vehicle_location_restricted_lane_historic,vehicle_location_restricted_lane,junction_location,skidding_and_overturning,hit_object_in_carriageway,vehicle_leaving_carriageway,hit_object_off_carriageway,first_point_of_impact,vehicle_left_hand_drive,journey_purpose_of_driver_historic,journey_purpose_of_driver,sex_of_driver,age_of_driver,age_band_of_driver,engine_capacity_cc,propulsion_code,age_of_vehicle,generic_make_model,driver_imd_decile,lsoa_of_driver,escooter_flag,driver_distance_banding
2020010262539,2020,010262539,1,9,0,99,99,9,9,99,99,9,9,99,9,99,2,9,6,6,2,29,6,1498,1,1,AUDI Q2,10,E01004106,0,-1
2020460965650,2020,460965650,2,9,0,9,9,3,7,0,0,2,0,0,0,0,3,1,2,2,1,61,9,999,1,3,AUDI Q2,7,E01024726,0,-1
2020622000803,2020,622000803,1,9,0,18,19,4,8,0,0,1,0,7,0,0,1,1,6,6,2,34,6,1598,2,2,AUDI Q2,2,W01001150,0,-1
2020200964305,2020,200964305,7,9,0,18,19,5,1,0,0,0,0,0,0,0,1,1,6,6,1,20,4,1598,2,0,AUDI Q2,1,E01010283,0,-1
2020500982434,2020,500982434,1,9,0,18,19,1,5,0,0,0,0,0,0,0,1,1,5,6,2,50,8,1598,2,1,AUDI Q2,3,E01015238,0,-1
2020552000591,2020,552000591,1,9,0,18,19,1,5,0,0,8,0,0,0,0,3,1,6,6,2,60,9,1395,1,3,AUDI Q2,7,E01020491,0,-1
2020010280733,2020,010280733,1,9,0,1,1,5,2,9,9,6,0,0,0,0,2,1,6,6,1,49,8,999,1,2,AUDI Q2,6,E01001415,0,-1
2020010233950,2020,010233950,1,9,0,9,9,7,4,0,0,5,0,0,0,0,1,1,6,6,1,21,5,1598,2,2,AUDI Q2,2,E01000730,0,-1
2020160987742,2020,160987742,2,9,0,18,19,6,2,0,0,2,0,0,0,0,3,1,2,2,1,38,7,1598,2,2,AUDI Q2,7,E01013096,0,-1
2020010285539,2020,010285539,1,9,0,18,19,3,7,0,0,2,0,0,0,0,1,1,6,6,2,23,5,1598,2,1,AUDI Q2,2,E01000429,0,-1
2020430384982,2020,430384982,2,9,0,3,3,3,7,0,0,0,0,0,0,0,2,1,6,6,2,19,4,1395,1,2,AUDI Q2,4,E01002454,0,-1
2020141004802,2020,141004802,2,9,0,3,3,4,8,0,0,0,0,0,0,0,2,1,2,2,2,24,5,1498,1,0,AUDI Q2,7,E01033280,0,-1
2020622000216,2020,622000216,2,9,0,5,5,4,7,0,0,4,0,0,0,0,4,1,6,6,2,57,9,999,1,3,AUDI Q2,8,W01001047,0,-1
2020450965943,2020,450965943,1,9,0,18,19,3,7,0,0,0,0,0,0,0,1,1,2,2,1,26,6,1598,2,3,AUDI Q2,9,E01022615,0,-1
2020137860253,2020,137860253,2,9,0,18,19,2,6,0,0,8,0,0,0,0,1,1,6,6,2,55,8,1395,1,3,AUDI Q2,10,E01011948,0,-1
2020990965913,2020,990965913,1,9,0,17,19,2,6,0,0,0,0,0,0,0,1,1,5,6,1,70,10,1395,1,3,AUDI Q2,6,-1,0,-1
2020040941878,2020,040941878,4,9,0,3,3,7,3,0,0,1,0,0,0,0,2,1,2,2,2,42,7,1598,2,2,AUDI Q2,6,E01025563,0,-1
2020500944764,2020,500944764,1,9,0,5,5,7,3,0,0,0,0,0,0,0,1,1,5,6,1,21,5,1598,2,1,AUDI Q2,4,E01019024,0,-1
2020350934524,2020,350934524,1,9,0,10,10,7,4,0,0,1,0,0,0,0,2,1,2,2,2,55,8,1395,1,2,AUDI Q2,8,E01015590,0,-1
2020010276970,2020,010276970,2,9,9,99,99,9,9,99,99,9,9,99,9,99,9,9,6,6,3,-1,-1,1598,2,0,AUDI Q2,-1,-1,0,-1
2020010260317,2020,010260317,1,9,0,3,3,1,5,0,0,2,0,0,0,0,1,1,2,2,1,23,5,1498,1,1,AUDI Q2,9,E01000350,0,-1
2020440019615,2020,440019615,1,9,0,10,10,2,1,0,0,8,0,0,0,0,2,1,2,2,2,42,7,1395,1,2,AUDI Q2,4,E01017022,0,-1
2020010236837,2020,010236837,2,9,0,18,19,7,3,2,2,8,0,0,1,1,1,1,6,6,1,23,5,1598,2,1,AUDI Q2,1,E01004244,0,-1
2020010286698,2020,010286698,1,9,0,5,5,3,7,0,0,1,0,0,0,0,1,1,6,6,2,20,4,1598,2,0,AUDI Q2,2,E01000189,0,-1
2020010254891,2020,010254891,1,9,0,3,3,7,3,0,0,0,0,0,0,0,2,1,6,6,2,24,5,1598,2,2,AUDI Q2,3,E01004756,0,-1
2020460930982,2020,460930982,1,9,0,11,11,5,1,0,0,3,0,0,0,0,1,1,5,6,1,55,8,1395,1,2,AUDI Q2,8,E01024475,0,-1
2020010278156,2020,010278156,2,9,0,99,99,9,9,99,99,1,9,99,9,99,1,9,6,6,3,-1,-1,1598,2,1,AUDI Q2,-1,-1,0,-1
2020070044162,2020,070044162,3,9,0,4,4,3,7,0,0,0,0,0,0,0,2,1,2,2,2,48,8,999,1,1,AUDI Q2,8,E01018465,0,-1
2020010229546,2020,010229546,1,9,0,18,19,3,7,0,0,0,0,0,0,0,4,1,2,2,2,63,9,1395,1,3,AUDI Q2,2,E01004467,0,-1
202006N269907,2020,06N269907,2,9,0,18,19,1,5,0,0,8,0,0,0,0,2,1,6,6,2,26,6,1598,2,1,AUDI Q2,8,E01004982,0,-1
2020471010013,2020,471010013,1,9,0,1,1,8,4,0,0,1,0,0,0,0,2,1,6,6,2,-1,-1,1395,1,2,AUDI Q2,-1,-1,0,-1
2020450979759,2020,450979759,2,9,0,4,4,7,3,0,0,0,0,0,0,0,2,1,5,6,1,20,4,1598,2,1,AUDI Q2,3,E01002803,0,-1
20201372K1008,2020,1372K1008,2,9,0,18,19,6,2,0,0,0,0,0,0,0,1,1,6,6,1,74,10,1498,1,1,AUDI Q2,9,E01011847,0,-1
2020010265594,2020,010265594,2,9,0,18,19,5,1,0,0,0,0,0,0,0,4,1,6,6,1,30,6,1598,2,0,AUDI Q2,-1,-1,0,-1
2020201014941,2020,201014941,1,9,0,1,1,-1,-1,9,9,0,0,0,0,0,2,1,6,6,1,-1,-1,999,1,0,AUDI Q2,-1,-1,0,-1
2020010272715,2020,010272715,2,9,0,99,99,9,9,99,99,9,9,99,9,99,1,9,6,6,1,35,6,1598,2,1,AUDI Q2,3,E01000531,0,-1
2020010251860,2020,010251860,1,9,0,9,9,3,1,0,0,5,0,0,0,0,1,1,6,6,1,27,6,1598,2,1,AUDI Q2,2,E01003323,0,-1
2020990951463,2020,990951463,2,9,0,17,19,7,3,0,0,0,0,0,0,0,3,1,5,6,2,50,8,1498,1,1,AUDI Q2,6,-1,0,-1
2020220973747,2020,220973747,1,9,0,18,19,4,8,0,0,0,0,0,0,0,1,1,1,1,2,41,7,1598,2,3,AUDI Q2,7,E01028995,0,-1
202031D115220,2020,31D115220,1,9,0,18,19,8,4,0,0,8,1,12,7,9,1,1,6,6,2,41,7,999,1,2,AUDI Q2,10,E01028403,0,-1
2020010269055,2020,010269055,1,9,0,18,19,5,1,0,0,2,0,0,0,0,4,1,6,6,1,27,6,1498,1,1,AUDI Q2,2,E01001066,0,-1
2020622000694,2020,622000694,4,9,0,2,2,0,0,6,6,0,0,0,0,0,1,1,6,6,3,-1,-1,1598,2,1,AUDI Q2,-1,-1,0,-1
2020200956012,2020,200956012,1,9,0,9,9,8,6,0,0,8,0,0,0,0,1,1,6,6,1,-1,-1,1598,2,1,AUDI Q2,-1,-1,0,-1
2020200936168,2020,200936168,4,9,0,18,19,8,4,0,0,0,0,0,0,0,4,1,6,6,1,31,6,1598,2,1,AUDI Q2,1,E01009366,0,-1
20201379G1221,2020,1379G1221,1,9,0,9,9,3,1,0,0,8,0,0,7,1,3,1,6,6,2,71,10,1395,1,2,AUDI Q2,9,E01011935,0,-1
2020010260394,2020,010260394,2,9,0,99,99,9,9,99,99,0,9,99,9,99,1,9,6,6,3,-1,-1,999,1,0,AUDI Q2,6,E01016887,0,-1
2020010272240,2020,010272240,2,9,0,99,99,9,9,99,99,0,9,99,9,99,1,9,6,6,3,30,6,1498,1,1,AUDI Q2,3,E01003296,0,-1
202006A175606,2020,06A175606,2,9,0,18,19,6,2,0,0,8,0,0,0,0,1,1,6,6,1,19,4,1598,2,1,AUDI Q2,5,E01005248,0,-1
2020010283123,2020,010283123,2,9,9,99,99,9,9,99,99,0,9,99,9,99,9,9,6,6,2,-1,-1,999,1,0,AUDI Q2,3,E01023866,0,-1
2020010255899,2020,010255899,2,9,0,99,99,9,9,99,99,9,9,99,9,99,1,9,6,6,3,-1,-1,1598,2,0,AUDI Q2,-1,-1,0,-1
2020010259523,2020,010259523,2,9,0,18,19,1,5,0,0,0,0,0,0,0,2,1,6,6,2,65,9,1395,1,2,AUDI Q2,10,E01011458,0,-1
2020010282383,2020,010282383,1,9,0,5,5,5,1,0,0,8,0,0,0,0,1,1,3,7,2,34,6,1395,1,3,AUDI Q2,8,E01000671,0,-1
2020010271880,2020,010271880,1,9,0,3,3,4,8,0,0,1,0,0,0,0,1,1,6,6,2,34,6,1395,1,2,AUDI Q2,7,E01000123,0,-1
2020360954578,2020,360954578,2,9,0,18,19,8,5,0,0,8,0,0,0,0,1,1,5,6,2,59,9,1395,1,3,AUDI Q2,6,E01026637,0,-1
2020410976359,2020,410976359,1,9,0,18,19,3,7,0,0,0,0,7,2,0,1,1,6,6,1,22,5,1598,2,0,AUDI Q2,9,E01000272,0,-1
2020010242074,2020,010242074,1,9,0,4,4,1,5,0,0,1,0,0,0,0,1,1,6,6,1,21,5,1598,2,1,AUDI Q2,1,E01002099,0,-1
202031D042220,2020,31D042220,1,9,0,2,2,0,0,0,0,8,0,0,7,11,2,1,6,6,2,-1,-1,1598,2,1,AUDI Q2,6,E01028106,0,-1
2020340W02472,2020,340W02472,2,9,0,4,4,3,7,0,0,0,0,0,0,0,2,1,1,1,1,39,7,1395,1,2,AUDI Q2,9,E01027084,0,-1
2020052000614,2020,052000614,1,9,0,18,19,2,6,0,0,0,0,0,0,0,1,1,6,6,1,29,6,999,1,3,AUDI Q2,3,E01007020,0,-1
2020010249313,2020,010249313,2,9,0,2,2,0,0,6,6,0,1,10,0,0,3,1,6,6,3,-1,-1,999,1,3,AUDI Q2,-1,-1,0,-1
2020990976774,2020,990976774,1,9,0,1,1,6,2,9,9,8,0,0,0,0,2,1,5,6,2,35,6,1395,1,3,AUDI Q2,9,-1,0,-1
2020140980192,2020,140980192,1,9,0,18,19,5,1,0,0,0,0,0,0,0,2,1,6,6,2,49,8,1984,1,2,AUDI Q2,9,E01016585,0,-1
2020440082199,2020,440082199,1,9,0,18,19,6,2,0,0,0,0,0,0,0,1,1,6,6,1,81,11,1395,1,3,AUDI Q2,7,E01020273,0,-1
202031C011320,2020,31C011320,1,9,0,7,7,4,6,9,9,2,0,0,0,0,1,1,6,6,2,25,5,999,1,2,AUDI Q2,1,E01013876,0,-1
2020010255043,2020,010255043,1,9,0,9,9,3,1,0,0,8,0,10,1,1,1,1,6,6,2,22,5,1598,2,1,AUDI Q2,1,E01004702,0,-1
2020522005076,2020,522005076,1,9,0,18,19,1,5,0,0,4,0,0,0,0,4,1,6,6,2,30,6,999,1,2,AUDI Q2,1,E01014486,0,-1
2020137AR1227,2020,137AR1227,2,9,0,18,19,8,4,0,0,0,0,0,0,0,1,1,6,6,1,26,6,1598,2,2,AUDI Q2,3,E01005332,0,-1
2020622000739,2020,622000739,1,9,0,7,7,7,1,0,0,5,0,0,1,0,3,1,6,6,3,-1,-1,1598,2,1,AUDI Q2,-1,-1,0,-1
2020010278359,2020,010278359,1,9,0,99,99,9,9,99,99,9,9,99,9,99,2,9,6,6,1,-1,-1,1395,1,3,AUDI Q2,3,E01002085,0,-1
2020010283985,2020,010283985,1,9,0,99,99,9,9,99,99,0,9,99,9,99,2,9,2,2,2,33,6,999,1,2,AUDI Q2,1,E01004273,0,-1
2020450994086,2020,450994086,4,9,0,2,2,5,1,0,0,1,0,0,0,0,1,1,6,6,3,40,7,1598,2,3,AUDI Q2,-1,-1,0,-1
2020360961940,2020,360961940,2,9,0,18,19,1,5,0,0,1,0,0,7,10,1,1,5,6,1,86,11,1395,1,2,AUDI Q2,4,E01026763,0,-1
2020010275591,2020,010275591,1,9,0,10,10,8,5,0,0,1,0,0,0,0,1,1,6,6,2,27,6,999,1,0,AUDI Q2,2,E01001698,0,-1
2020052002046,2020,052002046,3,9,0,3,3,3,7,0,0,0,0,0,0,0,2,1,6,6,1,17,4,1598,2,0,AUDI Q2,3,E01006722,0,-1
2020010255672,2020,010255672,2,9,0,18,19,5,1,0,0,3,0,0,0,0,0,1,6,6,1,38,7,1395,1,2,AUDI Q2,-1,-1,0,-1
2020010253510,2020,010253510,1,9,0,99,99,9,9,99,99,9,9,99,9,99,2,9,6,6,1,24,5,1598,2,1,AUDI Q2,4,E01000134,0,-1
2020460974101,2020,460974101,2,9,0,18,19,3,7,0,0,0,0,0,0,0,2,1,5,6,2,25,5,1498,1,0,AUDI Q2,9,E01000395,0,-1
2020211021134,2020,211021134,2,9,0,8,8,4,8,0,0,1,0,0,0,0,2,1,6,6,2,21,5,1598,2,3,AUDI Q2,6,E01029753,0,-1
2020010232124,2020,010232124,3,9,0,18,19,1,5,0,0,0,0,0,0,0,4,1,6,6,2,28,6,1498,1,1,AUDI Q2,5,E01001524,0,-1
2020430437249,2020,430437249,1,9,0,18,19,4,8,0,0,6,0,0,0,0,1,1,1,1,1,23,5,1598,2,1,AUDI Q2,-1,-1,0,-1
2020010260069,2020,010260069,1,9,0,18,19,3,7,0,0,8,0,0,0,0,2,1,6,6,2,47,8,1395,1,2,AUDI Q2,6,E01003754,0,-1
2020100969730,2020,100969730,2,9,0,11,11,7,3,0,0,0,1,4,0,0,1,1,6,6,2,25,5,1395,1,3,AUDI Q2,-1,-1,0,-1
2020460930277,2020,460930277,2,9,0,3,3,5,1,0,0,1,0,0,0,0,2,1,5,6,2,24,5,999,1,1,AUDI Q2,7,E01024737,0,-1
2020460960512,2020,460960512,2,9,0,4,4,5,1,0,0,1,0,0,0,0,2,1,6,6,2,22,5,1498,1,1,AUDI Q2,9,E01024160,0,-1
2020440470852,2020,440470852,1,9,0,4,4,6,2,0,0,0,0,0,0,0,0,1,6,6,2,25,5,1498,1,1,AUDI Q2,10,E01022741,0,-1
2020421007302,2020,421007302,2,9,0,18,19,2,5,0,0,0,0,0,0,0,1,1,5,6,2,59,9,1598,2,1,AUDI Q2,6,E01033064,0,-1
2020010259407,2020,010259407,1,9,0,9,9,3,8,0,0,1,0,0,0,0,1,1,6,6,2,41,7,1395,1,3,AUDI Q2,6,E01004107,0,-1
2020460955062,2020,460955062,2,9,0,18,19,7,3,0,0,0,0,0,0,0,2,1,5,6,1,22,5,1598,2,1,AUDI Q2,1,E01024670,0,-1
2020070529719,2020,070529719,2,9,0,18,19,2,6,0,0,1,0,0,0,0,3,1,6,6,1,21,5,999,1,0,AUDI Q2,5,E01012464,0,-1
2020990973181,2020,990973181,2,9,0,17,19,8,4,0,0,0,0,0,0,0,1,1,5,6,1,25,5,1598,2,2,AUDI Q2,6,-1,0,-1
202006F175994,2020,06F175994,1,9,0,18,19,5,1,0,0,8,0,0,8,2,1,1,6,6,2,41,7,1598,2,0,AUDI Q2,9,E01012569,0,-1
2020010258193,2020,010258193,1,9,9,18,19,8,4,0,0,1,9,0,0,99,9,9,6,6,2,31,6,1498,1,1,AUDI Q2,4,E01000507,0,-1
2020010258794,2020,010258794,1,9,0,99,99,9,9,99,99,9,9,99,9,99,9,9,6,6,1,26,6,1598,2,2,AUDI Q2,7,E01002428,0,-1
2020320069092,2020,320069092,2,9,0,4,4,5,1,0,0,0,0,0,0,0,2,1,6,6,2,77,11,1498,1,1,AUDI Q2,8,E01026022,0,-1
2020140936282,2020,140936282,1,9,0,18,19,1,5,0,0,3,1,0,2,1,3,1,5,6,1,19,4,1598,2,1,AUDI Q2,1,E01008114,0,-1
2020990965389,2020,990965389,2,9,0,18,19,2,7,0,0,8,0,0,0,0,1,1,6,6,1,59,9,1498,1,0,AUDI Q2,3,-1,0,-1
2020040972869,2020,040972869,3,9,0,18,19,1,5,0,0,0,0,0,0,0,1,1,5,6,2,29,6,1598,2,2,AUDI Q2,8,E01025542,0,-1
2020010257145,2020,010257145,1,9,0,18,19,1,5,0,0,0,0,0,0,0,1,2,6,6,2,26,6,1498,1,0,AUDI Q2,-1,-1,0,-1
2020010248569,2020,010248569,1,9,0,3,3,1,5,0,0,0,9,0,0,99,2,9,6,6,1,22,5,999,1,2,AUDI Q2,2,E01001878,0,-1
2020410992862,2020,410992862,1,9,0,18,19,5,1,0,0,0,0,0,0,0,1,1,5,6,2,54,8,1498,1,0,AUDI Q2,8,E01017148,0,-1
2020010234623,2020,010234623,1,9,0,4,4,7,3,0,0,0,0,0,0,0,2,1,2,2,1,21,5,1395,1,3,AUDI Q2,7,E01002337,0,-1
2020010283986,2020,010283986,1,9,0,99,99,9,9,0,0,1,0,0,0,0,2,9,1,1,2,30,6,999,1,3,AUDI Q2,9,E01000538,0,-1
2020010238164,2020,010238164,1,9,0,99,99,9,9,99,99,9,9,99,9,99,2,9,6,6,1,52,8,1395,1,2,AUDI Q2,8,E01000210,0,-1
2020010279849,2020,010279849,1,9,0,18,19,8,4,0,0,4,0,0,0,0,4,1,6,6,1,20,4,1598,2,0,AUDI Q2,1,E01024148,0,-1
2020010284801,2020,010284801,2,9,0,13,13,2,6,0,0,1,0,0,0,0,4,9,6,6,3,-1,-1,1498,1,2,AUDI Q2,-1,-1,0,-1
2020010248970,2020,010248970,1,9,0,18,19,3,7,0,0,2,0,0,0,0,1,1,6,6,1,21,5,1598,2,1,AUDI Q2,3,E01003603,0,-1
2020052000799,2020,052000799,4,9,0,18,19,5,1,0,0,0,0,0,0,0,1,1,2,2,2,47,8,999,1,2,AUDI Q2,8,E01007154,0,-1
2020470983422,2020,470983422,1,9,0,18,19,5,1,0,0,0,0,0,7,4,1,1,5,6,1,67,10,1498,1,1,AUDI Q2,6,E01021118,0,-1
2020010253403,2020,010253403,2,9,0,18,19,5,1,0,0,0,0,0,0,0,2,1,6,6,2,21,5,1498,1,1,AUDI Q2,3,E01021861,0,-1
2020010239607,2020,010239607,1,9,0,9,9,3,2,0,0,3,0,0,0,0,1,1,2,2,2,40,7,1395,1,2,AUDI Q2,4,E01000588,0,-1
2020200937303,2020,200937303,1,9,0,18,19,2,6,0,0,8,0,0,0,0,1,1,6,6,1,27,6,1598,2,1,AUDI Q2,3,E01010051,0,-1
2020010244359,2020,010244359,1,9,0,99,99,9,9,99,99,2,9,99,9,99,2,9,6,6,1,21,5,1598,2,1,AUDI Q2,7,E01001918,0,-1
2020010254050,2020,010254050,1,9,0,18,19,1,5,0,0,1,0,0,0,0,1,1,6,6,1,23,5,1598,2,0,AUDI Q2,8,E01003823,0,-1
20201379J1481,2020,1379J1481,1,9,0,18,19,4,8,0,0,0,0,0,0,0,1,1,6,6,2,26,6,1598,2,0,AUDI Q2,5,E01011648,0,-1
2020010256580,2020,010256580,1,9,0,99,99,9,9,99,99,9,9,99,9,99,2,9,6,6,2,23,5,1598,2,1,AUDI Q2,5,E01001293,0,-1
2020400955205,2020,400955205,1,9,0,13,13,1,5,0,0,0,0,0,0,0,1,1,5,6,1,19,4,1598,2,1,AUDI Q2,3,E01015730,0,-1
2020302001414,2020,302001414,2,3,0,18,19,2,6,0,0,1,0,0,0,0,1,1,6,6,1,50,8,124,1,13,-1,1,E01019509,0,-1
2020360994021,2020,360994021,1,2,0,9,9,6,4,0,0,2,0,0,0,0,1,1,5,6,1,23,5,49,1,12,-1,6,E01026675,0,-1
2020010274435,2020,010274435,1,9,0,99,99,9,9,99,99,9,9,99,9,99,2,9,6,6,2,44,7,989,1,17,-1,8,E01000247,0,-1
2020470919762,2020,470919762,1,9,0,18,19,1,5,0,0,0,0,0,0,0,1,1,5,6,1,78,11,989,1,17,-1,4,E01031428,0,-1
2020010265819,2020,010265819,2,9,0,3,3,3,7,0,0,2,0,0,0,0,1,1,6,6,1,49,8,989,1,17,-1,2,E01003689,0,-1
2020350950427,2020,350950427,2,9,0,18,19,5,8,0,0,1,0,0,0,0,1,1,5,6,2,69,10,1296,1,20,-1,-1,-1,0,-1
2020420931976,2020,420931976,1,9,0,18,19,7,3,0,0,0,0,0,0,0,1,1,2,2,1,49,8,989,1,16,-1,10,E01021939,0,-1
2020302001230,2020,302001230,1,9,0,18,19,4,8,0,0,4,0,0,0,0,1,1,1,1,1,43,7,989,1,15,-1,-1,-1,0,-1
2020141010282,2020,141010282,1,9,0,18,19,3,7,0,0,8,0,0,0,0,1,1,1,1,1,38,7,989,1,15,-1,2,E01033270,0,-1
2020470977790,2020,470977790,2,5,0,9,9,1,3,0,0,5,0,0,0,0,3,1,5,6,1,64,9,1262,1,0,-1,9,E01031592,0,-1
2020440174658,2020,440174658,1,5,0,18,19,2,6,0,0,0,1,0,0,0,4,1,6,6,1,48,8,916,1,19,-1,5,E01017067,0,-1
2020010244580,2020,010244580,1,5,0,18,19,3,7,0,0,1,0,4,0,0,1,1,6,6,1,39,7,1690,1,6,-1,8,E01004507,0,-1
2020010243238,2020,010243238,2,5,0,18,19,2,6,0,0,1,0,0,0,0,1,-1,6,6,1,53,8,1868,1,0,-1,5,E01000747,0,-1
2020070536022,2020,070536022,2,4,0,9,9,1,7,0,0,5,0,0,0,0,2,1,6,6,1,29,6,449,1,13,-1,10,E01018419,0,-1
2020010240189,2020,010240189,1,4,0,18,19,5,1,0,0,2,0,0,0,0,1,1,6,6,1,64,9,125,1,13,HONDA PES 125,3,E01002841,0,-1
2020010248473,2020,010248473,1,3,0,99,99,9,9,99,99,9,9,99,9,99,9,1,6,6,1,34,6,125,1,10,HONDA PES 125,2,E01002049,0,-1
2020010237504,2020,010237504,2,3,0,99,99,9,9,99,99,9,9,99,9,99,9,1,6,6,3,-1,-1,125,1,13,HONDA PES 125,-1,-1,0,-1
2020010258798,2020,010258798,1,3,0,99,99,9,9,99,99,9,9,99,9,99,1,1,2,2,1,18,4,125,1,12,HONDA PES 125,3,E01000510,0,-1
2020420968292,2020,420968292,2,3,0,18,19,5,1,0,0,0,0,0,0,0,1,1,6,6,1,26,6,125,1,12,HONDA PES 125,1,E01000308,0,-1
2020461001706,2020,461001706,2,3,0,18,19,3,7,0,0,0,0,0,0,0,1,1,6,6,1,17,4,125,1,14,HONDA PES 125,5,E01024138,0,-1
2020010255319,2020,010255319,1,3,2,99,99,9,9,99,99,9,9,99,9,99,1,9,6,6,1,28,6,125,1,12,HONDA PES 125,1,E01002071,0,-1
2020010278716,2020,010278716,1,2,0,18,19,5,1,0,0,1,1,0,0,0,0,1,6,6,1,18,4,125,1,12,-1,2,E01003093,0,-1
2020440466360,2020,440466360,1,3,0,7,7,1,2,0,0,4,1,0,0,0,2,1,2,2,1,61,9,125,1,11,HONDA PES 125,2,E01022949,0,-1
2020010252189,2020,010252189,1,3,0,99,99,9,9,99,99,0,9,99,9,99,1,1,6,6,1,19,4,125,1,12,HONDA PES 125,5,E01004071,0,-1
2020010234415,2020,010234415,1,3,0,18,19,3,7,0,0,0,0,0,0,0,1,1,4,7,1,23,5,125,1,10,HONDA PES 125,4,E01002970,0,-1
2020430268040,2020,430268040,2,3,0,18,19,8,4,0,0,0,0,0,0,0,1,1,2,2,1,30,6,125,1,11,HONDA PES 125,-1,-1,0,-1
2020010283277,2020,010283277,2,3,0,3,3,3,7,0,0,2,0,0,0,0,2,1,6,6,2,56,9,125,1,11,HONDA PES 125,3,E01000535,0,-1
2020010266810,2020,010266810,1,3,0,99,99,9,9,99,99,9,9,99,9,99,9,1,6,6,1,20,4,125,1,12,HONDA PES 125,2,E01001250,0,-1
2020010262067,2020,010262067,2,3,0,99,99,9,9,99,99,9,9,99,9,99,9,1,6,6,1,50,8,125,1,11,HONDA PES 125,1,E01002073,0,-1
2020010264196,2020,010264196,1,3,0,99,99,9,9,99,99,9,9,99,9,99,9,1,2,2,1,61,9,125,1,14,HONDA PES 125,5,E01003312,0,-1
2020010278676,2020,010278676,1,3,0,5,5,3,7,0,0,2,0,0,0,0,1,1,6,6,1,22,5,125,1,12,HONDA PES 125,5,E01002520,0,-1
2020320363942,2020,320363942,1,3,0,17,19,7,4,0,0,2,1,0,0,0,0,1,2,2,1,21,5,125,1,14,HONDA PES 125,4,E01026253,0,-1
2020010240903,2020,010240903,1,3,0,5,5,5,1,0,0,3,0,0,0,0,1,1,6,6,2,34,6,125,1,11,HONDA PES 125,-1,-1,0,-1
2020140953660,2020,140953660,2,3,0,18,19,3,7,0,0,1,1,0,0,0,0,1,5,6,1,53,8,125,1,12,HONDA PES 125,6,E01007725,0,-1
2020010265286,2020,010265286,1,3,0,18,19,6,2,0,0,1,0,0,3,0,0,1,2,2,1,53,8,125,1,11,HONDA PES 125,4,E01000518,0,-1
2020410941847,2020,410941847,2,3,0,18,19,5,1,0,0,0,2,0,0,0,4,1,6,6,1,25,5,125,1,12,HONDA PES 125,1,E01000308,0,-1
2020010255911,2020,010255911,1,3,0,3,3,1,5,0,0,1,0,0,0,0,3,1,6,6,1,18,4,125,1,11,HONDA PES 125,2,E01000956,0,-1
2020010263687,2020,010263687,1,2,0,5,5,0,7,0,0,1,0,0,0,0,3,1,6,6,1,17,4,125,1,11,-1,4,E01003165,0,-1
2020010264878,2020,010264878,1,3,0,18,19,3,7,0,0,2,0,0,0,0,4,1,6,6,1,22,5,125,1,12,HONDA PES 125,-1,-1,0,-1
2020522004113,2020,522004113,2,3,0,18,19,1,7,0,0,8,0,0,0,0,1,1,6,6,1,53,8,125,1,14,HONDA PES 125,-1,-1,0,-1
2020432004024,2020,432004024,2,4,0,18,19,8,4,0,0,8,0,0,0,0,4,1,1,1,1,43,7,125,1,11,HONDA PES 125,2,E01016718,0,-1
2020010232553,2020,010232553,1,3,0,18,19,3,7,0,0,0,0,0,0,0,1,1,1,1,1,42,7,125,1,12,HONDA PES 125,1,E01003318,0,-1
2020010258308,2020,010258308,2,3,0,99,99,9,9,99,99,0,9,99,9,99,1,1,6,6,1,-1,-1,125,1,14,HONDA PES 125,4,E01000805,0,-1
2020010256078,2020,010256078,1,3,0,99,99,9,9,99,99,9,9,99,9,99,9,1,6,6,1,40,7,125,1,10,HONDA PES 125,3,E01002104,0,-1
2020010257612,2020,010257612,1,3,0,18,19,1,5,0,0,8,0,0,0,0,1,1,6,6,1,17,4,125,1,12,HONDA PES 125,7,E01000135,0,-1
2020010273327,2020,010273327,1,3,0,99,99,9,9,99,99,9,9,99,9,99,9,1,6,6,1,26,6,125,1,12,HONDA PES 125,5,E01001908,0,-1
2020010279549,2020,010279549,2,3,0,18,19,1,5,0,0,1,9,0,0,0,9,1,6,6,3,-1,-1,125,1,9,HONDA PES 125,-1,-1,0,-1
2020010232841,2020,010232841,1,3,0,18,19,3,7,0,0,1,0,0,0,0,1,1,6,6,1,35,6,125,1,13,HONDA PES 125,5,E01001381,0,-1
2020137361024,2020,137361024,2,3,0,18,19,2,6,0,0,1,0,0,0,0,4,1,1,1,1,33,6,125,1,11,HONDA PES 125,1,E01011429,0,-1
2020420959038,2020,420959038,2,4,0,18,19,5,1,0,0,0,0,0,0,0,3,1,5,6,1,52,8,125,1,11,HONDA PES 125,4,E01016013,0,-1