collision_index,collision_year,collision_ref_no,vehicle_reference,vehicle_type,towing_and_articulation,vehicle_manoeuvre_historic,vehicle_manoeuvre,vehicle_direction_from,vehicle_direction_to,vehicle_location_restricted_lane_historic,vehicle_location_restricted_lane,junction_location,skidding_and_overturning,hit_object_in_carriageway,vehicle_leaving_carriageway,hit_object_off_carriageway,first_point_of_impact,vehicle_left_hand_drive,journey_purpose_of_driver_historic,journey_purpose_of_driver,sex_of_driver,age_of_driver,age_band_of_driver,engine_capacity_cc,propulsion_code,age_of_vehicle,generic_make_model,driver_imd_decile,lsoa_of_driver,escooter_flag,driver_distance_banding
2020302001161,2020,302001161,2,9,0,2,2,0,0,0,0,0,0,0,1,7,2,1,6,6,1,26,6,1998,2,10,SUBARU IMPREZA,1,E01014249,0,-1
2020522100627,2020,522100627,1,9,0,4,4,1,5,0,0,1,0,0,0,0,1,1,6,6,1,22,5,1994,1,23,SUBARU IMPREZA,6,E01022225,0,-1
2020450980376,2020,450980376,1,9,0,18,19,8,3,0,0,0,0,0,0,0,1,1,5,6,1,22,5,1994,1,15,SUBARU IMPREZA,6,E01030336,0,-1
2020320084739,2020,320084739,1,9,0,16,19,2,7,0,0,0,0,0,0,0,3,1,6,6,1,64,9,1994,1,15,SUBARU IMPREZA,4,E01026253,0,-1
2020501005047,2020,501005047,1,9,0,2,2,0,0,0,0,0,0,0,0,0,2,1,6,6,1,31,6,1994,1,12,SUBARU IMPREZA,8,E01015111,0,-1
2020010267676,2020,010267676,1,9,0,99,99,9,9,99,99,1,9,99,9,99,2,9,6,6,1,33,6,1994,1,15,SUBARU IMPREZA,5,E01000530,0,-1
2020340D08062,2020,340D08062,2,9,0,18,19,5,2,0,0,8,0,0,0,0,4,1,2,2,1,37,7,2457,1,14,SUBARU IMPREZA,1,E01027013,0,-1
2020302001052,2020,302001052,1,9,0,18,19,8,6,0,0,2,0,0,0,0,1,2,6,6,1,23,5,2000,1,27,SUBARU IMPREZA,5,E01028036,0,-1
2020010286532,2020,010286532,1,9,0,9,9,1,7,0,0,6,0,0,0,0,2,1,6,6,1,31,6,1994,1,17,SUBARU IMPREZA,-1,-1,0,-1
2020552100259,2020,552100259,1,9,0,18,19,1,5,0,0,0,0,0,1,4,1,1,6,6,1,21,5,1994,1,16,SUBARU IMPREZA,8,E01020400,0,-1
2020522005142,2020,522005142,1,9,0,18,19,6,2,0,0,0,1,0,7,0,3,1,6,6,1,38,7,1994,1,21,SUBARU IMPREZA,5,E01014518,0,-1
2020302000340,2020,302000340,2,9,0,18,19,8,4,0,0,0,0,0,0,0,1,1,6,6,2,31,6,1994,1,11,SUBARU IMPREZA,7,E01019448,0,-1
2020350995855,2020,350995855,1,9,0,3,3,7,3,0,0,4,0,0,0,0,2,1,6,6,1,30,6,2457,1,13,SUBARU IMPREZA,5,E01026423,0,-1
2020522004835,2020,522004835,1,9,0,18,19,8,4,0,0,0,0,0,0,0,1,1,6,6,1,34,6,2457,1,13,SUBARU IMPREZA,2,E01014578,0,-1
2020552100241,2020,552100241,2,9,0,4,4,6,2,0,0,0,0,0,0,0,2,1,6,6,2,32,6,1994,1,16,SUBARU IMPREZA,7,E01020513,0,-1
2020440078958,2020,440078958,2,9,0,16,19,5,8,0,0,0,0,0,0,0,1,1,6,6,1,34,6,2457,1,12,SUBARU IMPREZA,10,E01023238,0,-1
2020990965389,2020,990965389,1,9,0,18,19,7,2,0,0,1,1,0,0,0,1,1,6,6,1,31,6,1994,1,23,SUBARU IMPREZA,1,-1,0,-1
2020320678009,2020,320678009,1,9,0,18,19,3,7,0,0,0,0,0,0,0,4,1,6,6,1,27,6,2000,1,26,SUBARU IMPREZA,9,E01026234,0,-1
2020460942282,2020,460942282,2,9,0,18,19,3,7,0,0,0,2,11,1,0,1,1,6,6,2,49,8,1994,1,15,SUBARU IMPREZA,1,E01024687,0,-1
2020500947247,2020,500947247,1,9,0,18,19,1,5,0,0,0,1,0,7,4,4,1,5,6,1,29,6,2457,1,13,SUBARU IMPREZA,6,E01018794,0,-1
2020622000534,2020,622000534,1,9,0,18,19,6,2,0,0,0,1,0,2,11,4,1,6,6,1,35,6,2457,1,13,SUBARU IMPREZA,1,W01000993,0,-1
2020991006874,2020,991006874,1,9,0,17,19,3,7,9,9,0,1,10,1,5,4,1,5,6,1,33,6,1994,1,16,SUBARU IMPREZA,2,-1,0,-1
2020201022666,2020,201022666,1,9,0,18,19,2,6,0,0,1,0,0,0,0,3,1,6,6,1,45,7,1600,1,3,SUBARU IMPREZA,1,E01009492,0,-1
2020990924188,2020,990924188,1,9,0,18,19,4,8,0,0,0,2,0,7,11,1,1,2,2,1,46,8,1994,1,14,SUBARU IMPREZA,6,-1,0,-1
2020201018664,2020,201018664,1,9,0,18,19,4,8,0,0,8,0,0,0,0,1,1,2,2,1,31,6,1994,1,23,SUBARU IMPREZA,6,E01009183,0,-1
2020990994725,2020,990994725,1,9,0,18,19,7,3,0,0,1,0,0,0,0,1,1,5,6,1,68,10,1600,1,1,SUBARU IMPREZA,9,-1,0,-1
2020220964768,2020,220964768,2,9,0,17,19,6,3,0,0,0,1,0,0,0,1,1,5,6,1,23,5,2457,1,14,SUBARU IMPREZA,1,E01013995,0,-1
2020990927599,2020,990927599,1,9,0,15,15,4,7,0,0,0,0,0,1,11,1,1,6,6,1,25,5,1994,1,17,SUBARU IMPREZA,-1,-1,0,-1
2020360988408,2020,360988408,2,9,0,4,4,1,5,0,0,0,0,0,0,0,2,1,5,6,2,53,8,1994,1,14,SUBARU IMPREZA,5,E01026745,0,-1
2020522100712,2020,522100712,1,4,0,18,19,7,3,0,0,0,0,0,0,0,3,1,6,6,1,20,4,124,1,4,-1,4,E01014469,0,-1
2020500963141,2020,500963141,1,3,0,4,4,3,7,0,0,1,0,0,0,0,1,1,6,6,1,18,4,124,1,4,-1,5,E01020296,0,-1
2020990925948,2020,990925948,1,5,0,18,19,4,8,0,0,0,2,0,0,0,4,1,6,6,1,58,9,1255,1,10,MAKE AND MODEL REDACTED,7,-1,0,-1
2020420954359,2020,420954359,1,5,0,4,4,1,4,0,0,0,1,0,0,0,4,1,2,2,1,60,9,1255,1,10,MAKE AND MODEL REDACTED,6,E01021666,0,-1
2020500975995,2020,500975995,1,5,0,16,19,1,5,0,0,8,1,0,0,0,4,1,5,6,1,69,10,1255,1,8,MAKE AND MODEL REDACTED,5,E01020122,0,-1
2020302000500,2020,302000500,1,3,0,16,19,5,3,0,0,0,1,0,0,0,0,1,2,2,1,48,8,1255,1,8,-1,2,E01013483,0,-1
2020010261030,2020,010261030,2,5,0,14,14,7,3,0,0,0,0,0,0,0,1,1,6,6,1,51,8,1255,1,11,MAKE AND MODEL REDACTED,4,E01002247,0,-1
2020500954493,2020,500954493,1,5,0,18,19,7,3,0,0,0,0,0,2,0,1,1,6,6,1,38,7,1255,1,11,MAKE AND MODEL REDACTED,3,E01019985,0,-1
2020010278945,2020,010278945,1,5,0,18,19,3,7,0,0,8,0,0,0,0,1,1,2,2,1,66,10,1255,1,10,MAKE AND MODEL REDACTED,9,E01000424,0,-1
2020070288774,2020,070288774,2,3,0,4,4,8,4,0,0,0,0,0,0,0,3,1,6,6,1,61,9,1200,1,2,-1,5,E01005269,0,-1
2020010249070,2020,010249070,2,5,0,18,19,4,8,0,0,0,5,0,0,0,1,1,6,6,1,55,8,865,1,12,-1,-1,-1,0,-1
2020440279453,2020,440279453,2,5,0,16,19,6,2,0,0,8,0,0,0,0,1,1,6,6,1,74,10,865,1,16,-1,10,E01023222,0,-1
2020420950120,2020,420950120,2,5,0,17,19,7,4,0,0,8,2,0,0,0,1,1,5,6,1,35,6,865,1,6,-1,9,E01021654,0,-1
2020010271637,2020,010271637,1,4,0,99,99,9,9,99,99,9,9,99,9,99,1,1,2,2,1,21,5,250,1,11,-1,4,E01004572,0,-1
2020420951409,2020,420951409,2,4,0,17,19,4,2,0,0,3,5,0,1,0,1,1,5,6,2,33,6,250,1,10,-1,5,E01021491,0,-1
2020552000777,2020,552000777,1,9,0,6,6,5,5,0,0,6,0,0,0,0,1,1,6,6,1,24,5,1368,1,11,ALFA ROMEO MITO,7,E01015408,0,-1
2020122000954,2020,122000954,1,9,0,2,2,0,0,6,6,0,0,0,0,0,3,1,6,6,1,30,6,875,1,5,ALFA ROMEO MITO,9,E01013431,0,-1
2020460952228,2020,460952228,1,9,0,18,19,5,1,0,0,0,0,0,0,0,3,1,6,6,1,25,5,1368,1,10,ALFA ROMEO MITO,3,E01016084,0,-1
2020211007994,2020,211007994,2,9,0,18,19,1,5,0,0,0,0,0,0,0,3,1,6,6,1,35,6,1368,1,8,ALFA ROMEO MITO,3,E01013457,0,-1
2020470961936,2020,470961936,1,9,0,18,19,7,3,0,0,1,0,10,0,0,1,1,5,6,1,20,4,875,1,7,ALFA ROMEO MITO,3,E01016858,0,-1
2020010249472,2020,010249472,1,9,0,18,19,5,1,0,0,2,0,0,0,0,1,1,6,6,1,72,10,1368,1,4,ALFA ROMEO MITO,8,E01001062,0,-1
2020220992302,2020,220992302,2,9,0,18,19,7,3,0,0,0,0,0,0,0,1,1,5,6,1,48,8,1248,2,6,ALFA ROMEO MITO,5,E01014055,0,-1
2020350973037,2020,350973037,2,9,0,18,19,6,2,0,0,8,1,0,7,4,4,1,6,6,2,56,9,1368,1,9,ALFA ROMEO MITO,2,E01018091,0,-1
202031C003820,2020,31C003820,1,9,0,9,9,5,2,0,0,5,0,0,0,0,1,1,6,6,2,22,5,875,1,7,ALFA ROMEO MITO,4,E01028158,0,-1
2020460961111,2020,460961111,2,9,0,3,3,8,4,0,0,1,0,0,0,0,2,1,2,2,1,48,8,1368,1,6,ALFA ROMEO MITO,8,E01024394,0,-1
2020440024750,2020,440024750,1,9,0,18,19,8,4,0,0,0,0,0,0,0,1,1,6,6,1,40,7,1368,1,10,ALFA ROMEO MITO,8,E01023080,0,-1
2020440398207,2020,440398207,1,9,0,17,19,6,2,0,0,8,0,0,1,1,1,1,6,6,1,19,4,1368,1,11,ALFA ROMEO MITO,4,E01017122,0,-1
2020010271257,2020,010271257,1,9,0,9,9,5,2,0,0,1,0,0,0,0,3,1,6,6,1,56,9,1248,2,8,ALFA ROMEO MITO,6,E01002129,0,-1
2020160958836,2020,160958836,1,9,0,18,19,6,2,0,0,1,0,0,1,0,1,1,5,6,1,20,4,875,1,8,ALFA ROMEO MITO,5,E01013244,0,-1
2020211018670,2020,211018670,2,9,0,2,2,0,0,0,0,1,0,0,0,0,2,1,6,6,1,50,8,875,1,2,ALFA ROMEO MITO,2,E01010535,0,-1
2020170L10720,2020,170L10720,1,9,0,13,13,4,8,0,0,0,0,0,0,0,1,1,6,6,1,26,6,1368,1,10,ALFA ROMEO MITO,4,E01012162,0,-1
2020200948602,2020,200948602,2,9,0,18,19,2,6,0,0,8,0,0,0,0,1,1,1,1,1,20,4,1368,1,11,ALFA ROMEO MITO,1,E01009115,0,-1
2020450950235,2020,450950235,1,9,0,18,19,3,7,9,9,0,0,0,1,11,1,1,6,6,1,54,8,1368,1,10,ALFA ROMEO MITO,10,E01030299,0,-1
2020430279270,2020,430279270,1,9,0,7,7,6,1,0,0,3,0,0,0,0,4,1,6,6,2,27,6,1368,1,11,ALFA ROMEO MITO,6,E01016574,0,-1
2020470960285,2020,470960285,1,9,0,9,9,2,7,0,0,5,0,0,0,0,4,1,2,2,2,45,7,875,1,5,ALFA ROMEO MITO,6,E01021118,0,-1
2020010274912,2020,010274912,1,9,0,99,99,9,9,99,99,9,9,99,9,99,1,9,6,6,2,25,5,1368,1,11,ALFA ROMEO MITO,7,E01030707,0,-1
2020460966609,2020,460966609,2,9,0,4,4,1,5,0,0,0,0,0,0,0,2,1,5,6,2,35,6,1368,1,3,ALFA ROMEO MITO,1,E01024295,0,-1
2020470970875,2020,470970875,2,9,0,18,19,3,7,0,0,0,0,0,0,0,1,1,6,6,2,20,4,1368,1,10,ALFA ROMEO MITO,6,E01031661,0,-1
2020410951485,2020,410951485,1,9,0,18,19,1,3,0,0,2,0,0,0,0,1,1,5,6,1,20,4,1368,1,10,ALFA ROMEO MITO,6,E01023929,0,-1
2020211008871,2020,211008871,1,9,0,18,19,1,5,0,0,3,0,0,0,0,1,1,6,6,1,36,7,1598,2,11,ALFA ROMEO MITO,8,E01029432,0,-1
2020010276675,2020,010276675,1,9,0,99,99,9,9,99,99,9,9,99,9,99,2,9,6,6,2,38,7,1368,1,11,ALFA ROMEO MITO,3,E01001004,0,-1
2020351006721,2020,351006721,1,9,0,16,19,5,1,0,0,0,2,0,1,10,1,1,5,6,2,19,4,875,1,6,ALFA ROMEO MITO,8,E01018270,0,-1
2020420976453,2020,420976453,3,9,0,3,3,7,3,0,0,0,0,0,0,0,2,1,5,6,2,30,6,1368,1,11,ALFA ROMEO MITO,5,E01002319,0,-1
2020420990686,2020,420990686,1,9,0,18,19,7,3,0,0,0,0,0,0,0,1,1,5,6,1,49,8,875,1,4,ALFA ROMEO MITO,6,E01021907,0,-1
2020070768719,2020,070768719,1,9,0,18,19,7,2,0,0,1,0,0,0,0,1,1,6,6,2,24,5,875,1,7,ALFA ROMEO MITO,8,E01018721,0,-1
2020010239021,2020,010239021,2,9,0,18,19,7,3,0,0,4,0,0,0,0,4,1,6,6,1,18,4,1368,1,11,ALFA ROMEO MITO,10,E01000458,0,-1
2020231011857,2020,231011857,1,9,0,18,19,4,8,0,0,8,0,0,0,0,1,1,1,1,2,29,6,1368,1,9,ALFA ROMEO MITO,4,E01009626,0,-1
2020440277178,2020,440277178,1,9,0,18,19,2,6,0,0,0,0,0,0,0,1,1,6,6,1,44,7,1368,1,10,ALFA ROMEO MITO,3,E01022739,0,-1
2020137742157,2020,137742157,2,9,0,2,2,3,7,0,0,0,0,0,1,11,2,1,6,6,1,-1,-1,1368,1,8,ALFA ROMEO MITO,-1,-1,0,-1
2020440501292,2020,440501292,1,9,0,4,4,7,3,0,0,1,0,0,0,0,2,1,6,6,2,23,5,1368,1,10,ALFA ROMEO MITO,10,E01023193,0,-1
2020160928543,2020,160928543,1,9,0,18,19,4,8,0,0,1,0,0,0,0,4,1,2,2,2,40,7,1368,1,11,ALFA ROMEO MITO,-1,-1,0,-1
2020140924864,2020,140924864,1,9,0,4,4,1,5,0,0,0,0,0,0,0,2,1,6,6,1,38,7,875,1,4,ALFA ROMEO MITO,1,E01007543,0,-1
2020160990642,2020,160990642,2,9,0,18,19,2,6,0,0,8,0,0,0,0,3,1,2,2,2,23,5,1248,2,7,ALFA ROMEO MITO,7,E01013307,0,-1
2020010244727,2020,010244727,2,9,0,99,99,9,9,99,99,9,9,99,9,99,1,9,6,6,3,-1,-1,1368,1,10,ALFA ROMEO MITO,-1,-1,0,-1
2020030985352,2020,030985352,2,9,0,18,19,7,3,0,0,0,0,0,0,0,1,1,2,2,1,18,4,1248,2,10,ALFA ROMEO MITO,6,E01019131,0,-1
2020010239064,2020,010239064,1,9,0,9,9,3,1,0,0,2,0,0,0,0,1,1,6,6,1,48,8,1368,1,8,ALFA ROMEO MITO,7,E01004619,0,-1
2020520000530,2020,520000530,1,9,0,18,19,5,1,0,0,0,0,4,0,0,1,1,6,6,2,31,6,1248,2,10,ALFA ROMEO MITO,5,E01029342,0,-1
2020211026816,2020,211026816,1,9,0,12,12,5,1,0,0,0,0,0,0,0,1,1,2,2,2,22,5,875,1,5,ALFA ROMEO MITO,1,E01014220,0,-1
2020211013168,2020,211013168,1,9,0,11,11,2,6,0,0,0,0,0,0,0,4,1,6,6,1,19,4,1368,1,11,ALFA ROMEO MITO,4,E01029797,0,-1
2020160976489,2020,160976489,2,9,0,18,19,2,6,0,0,1,0,0,1,10,2,1,6,6,1,-1,-1,1368,1,11,ALFA ROMEO MITO,8,E01025732,0,-1
2020461012081,2020,461012081,2,9,0,18,19,8,4,0,0,1,0,0,0,0,0,1,6,6,1,24,5,1248,2,8,ALFA ROMEO MITO,6,E01032807,0,-1
2020041004507,2020,041004507,1,9,0,18,19,7,3,0,0,8,0,0,6,0,1,1,5,6,1,17,4,1368,1,11,ALFA ROMEO MITO,6,E01025098,0,-1
2020122000259,2020,122000259,2,9,0,18,19,2,6,0,0,8,0,0,0,0,1,1,6,6,2,31,6,1598,2,5,ALFA ROMEO MITO,10,E01027675,0,-1
2020010246872,2020,010246872,2,9,0,99,99,9,9,99,99,9,9,0,0,0,9,9,6,6,3,18,4,1368,1,8,ALFA ROMEO MITO,2,E01003604,0,-1
2020010273092,2020,010273092,1,9,0,99,99,9,9,99,99,0,9,99,9,99,9,9,6,6,2,47,8,1368,1,10,ALFA ROMEO MITO,6,E01001138,0,-1
2020420998284,2020,420998284,1,9,0,7,7,7,1,0,0,0,1,0,7,9,1,1,5,6,1,31,6,1368,1,5,ALFA ROMEO MITO,7,E01021463,0,-1
2020100948125,2020,100948125,1,9,0,9,9,4,6,0,0,0,0,0,1,0,1,1,5,6,1,36,7,1368,1,3,ALFA ROMEO MITO,7,E01027475,0,-1
2020350966212,2020,350966212,1,9,0,16,19,3,7,0,0,0,0,0,1,4,1,1,5,6,1,18,4,1368,1,11,ALFA ROMEO MITO,8,E01018197,0,-1
202031B144520,2020,31B144520,1,9,0,18,19,3,7,0,0,1,0,0,0,0,1,1,6,6,2,18,4,875,1,7,ALFA ROMEO MITO,6,E01028006,0,-1
2020302000284,2020,302000284,2,9,0,18,19,3,7,0,0,1,0,0,0,0,3,1,6,6,2,39,7,875,1,5,ALFA ROMEO MITO,6,E01019489,0,-1
2020350969454,2020,350969454,2,9,0,10,10,3,2,0,0,1,0,0,0,0,1,1,5,6,2,51,8,1368,1,10,ALFA ROMEO MITO,10,E01026187,0,-1
2020460977958,2020,460977958,2,9,0,18,19,2,6,0,0,0,1,0,7,0,1,1,6,6,1,27,6,1368,1,10,ALFA ROMEO MITO,9,E01024814,0,-1
2020010283207,2020,010283207,3,9,0,3,3,3,7,0,0,1,0,0,0,0,2,1,6,6,2,49,8,1368,1,11,ALFA ROMEO MITO,-1,-1,0,-1
202031B155320,2020,31B155320,2,9,0,2,2,0,0,0,0,0,0,0,0,0,2,1,6,6,3,-1,-1,1368,1,9,ALFA ROMEO MITO,-1,-1,0,-1
2020450989478,2020,450989478,2,9,0,18,19,1,5,0,0,8,0,0,0,0,1,1,2,2,2,20,4,1368,1,6,ALFA ROMEO MITO,8,E01030840,0,-1
2020302001146,2020,302001146,1,9,0,5,5,6,8,0,0,8,0,0,0,0,0,1,6,6,1,17,4,875,1,7,ALFA ROMEO MITO,5,E01019883,0,-1
2020500956041,2020,500956041,1,9,0,18,19,8,4,0,0,8,0,0,0,0,2,1,5,6,2,49,8,875,1,6,ALFA ROMEO MITO,4,E01019927,0,-1
2020010236550,2020,010236550,2,9,0,3,3,3,7,0,0,0,0,0,0,0,2,1,6,6,1,42,7,1368,1,5,ALFA ROMEO MITO,2,E01000100,0,-1
2020101027173,2020,101027173,1,9,0,12,12,5,1,0,0,0,1,0,0,0,1,1,2,2,1,26,6,1368,1,9,ALFA ROMEO MITO,1,E01027424,0,-1
2020530997444,2020,530997444,1,9,0,3,3,2,6,0,0,1,0,0,0,0,2,1,5,6,2,73,10,875,1,6,ALFA ROMEO MITO,9,E01022223,0,-1
2020460969857,2020,460969857,2,9,0,4,4,1,5,0,0,0,0,0,0,0,2,1,6,6,1,48,8,1368,1,8,ALFA ROMEO MITO,6,E01016142,0,-1
2020610000120,2020,610000120,3,9,0,2,2,0,0,0,0,0,0,0,0,0,3,1,6,6,1,-1,-1,1368,1,9,ALFA ROMEO MITO,-1,-1,0,-1
2020460958384,2020,460958384,1,9,0,18,19,3,7,0,0,0,0,0,5,6,1,1,5,6,1,22,5,1368,1,10,ALFA ROMEO MITO,8,E01024652,0,-1
2020610026220,2020,610026220,1,9,0,18,19,1,4,0,0,1,0,0,0,0,1,1,6,6,1,26,6,1248,2,3,ALFA ROMEO MITO,5,W01001403,0,-1
2020140951582,2020,140951582,2,9,0,4,4,3,7,0,0,1,0,0,0,0,0,1,5,6,1,53,8,1368,1,9,ALFA ROMEO MITO,5,E01028031,0,-1
2020370984081,2020,370984081,2,9,0,18,19,8,4,0,0,1,0,0,0,0,3,1,5,6,1,19,4,1598,2,11,ALFA ROMEO MITO,6,E01030087,0,-1
2020010248721,2020,010248721,1,9,0,7,7,4,5,0,0,3,0,0,1,0,1,1,1,1,1,53,8,875,1,3,ALFA ROMEO MITO,6,E01001607,0,-1
2020200998264,2020,200998264,6,9,0,2,2,0,0,9,9,2,0,0,0,0,1,1,6,6,3,-1,-1,1368,1,4,ALFA ROMEO MITO,-1,-1,0,-1
2020140933354,2020,140933354,2,9,0,7,7,8,2,0,0,6,0,0,7,0,3,1,5,6,1,24,5,1368,1,11,ALFA ROMEO MITO,-1,-1,0,-1
2020450937504,2020,450937504,2,9,0,4,4,5,1,0,0,0,1,0,0,0,2,1,6,6,1,28,6,1368,1,6,ALFA ROMEO MITO,7,E01004156,0,-1
2020070250299,2020,070250299,1,9,0,18,19,4,8,0,0,0,0,0,0,0,1,1,6,6,2,27,6,1368,1,10,ALFA ROMEO MITO,7,E01012467,0,-1
2020320508958,2020,320508958,1,9,0,18,19,7,3,0,0,0,0,0,0,0,1,1,6,6,2,18,4,1368,1,10,ALFA ROMEO MITO,6,E01026153,0,-1
2020200956988,2020,200956988,1,9,0,9,9,6,4,0,0,8,0,0,0,0,1,1,6,6,1,32,6,875,1,5,ALFA ROMEO MITO,-1,-1,0,-1
2020430034052,2020,430034052,1,9,0,2,2,0,0,0,0,1,0,0,0,0,3,1,6,6,1,32,6,1248,2,6,ALFA ROMEO MITO,3,E01033422,0,-1
2020470961188,2020,470961188,2,9,0,12,12,1,5,0,0,0,1,0,0,0,4,1,2,2,1,29,6,875,1,5,ALFA ROMEO MITO,10,E01031699,0,-1
2020160998914,2020,160998914,2,2,0,18,19,5,1,0,0,0,0,0,0,0,1,1,5,6,1,16,4,50,1,16,-1,-1,-1,0,-1
2020501005224,2020,501005224,1,2,0,9,9,5,1,0,0,2,0,0,0,0,4,1,5,6,1,16,4,50,1,11,-1,2,E01018751,0,-1
2020421013936,2020,421013936,1,2,0,18,19,3,7,0,0,0,1,0,0,0,1,1,4,7,1,16,4,50,1,9,-1,6,E01021991,0,-1
2020552001072,2020,552001072,2,9,0,18,19,6,2,0,0,8,0,0,0,0,1,1,3,7,2,50,8,1984,1,24,-1,9,E01015463,0,-1
2020420951661,2020,420951661,2,5,0,18,19,8,2,0,0,8,0,0,0,0,4,1,5,6,1,54,8,1079,1,7,-1,10,E01021626,0,-1
202063A009820,2020,63A009820,2,9,0,18,19,7,3,0,0,0,0,0,0,0,2,1,6,6,1,64,9,1997,2,16,-1,3,W01000714,0,-1
2020420924018,2020,420924018,2,3,0,18,19,3,7,0,0,0,5,11,0,0,1,1,2,2,1,55,8,176,1,19,-1,10,E01021379,0,-1
2020420960308,2020,420960308,1,3,0,5,5,1,5,0,0,0,0,0,0,0,1,1,5,6,1,30,6,124,1,17,-1,1,E01015917,0,-1
2020010286762,2020,010286762,1,3,0,99,99,9,9,99,99,9,9,99,9,99,9,1,6,6,1,34,6,125,1,5,HONDA ANC125E,5,E01000512,0,-1
2020010274170,2020,010274170,2,3,0,18,19,5,1,0,0,8,1,0,0,0,1,1,2,2,1,31,6,125,1,5,HONDA ANC125E,-1,-1,0,-1
2020010262024,2020,010262024,1,3,0,99,99,9,9,99,99,9,9,99,9,99,9,1,6,6,1,24,5,125,1,5,HONDA ANC125E,3,E01033464,0,-1
2020010250324,2020,010250324,2,3,0,13,13,1,5,0,0,8,0,0,0,0,1,1,6,6,1,42,7,125,1,5,HONDA ANC125E,9,E01000807,0,-1
2020010275240,2020,010275240,2,3,0,18,19,1,5,0,0,1,0,0,0,0,1,1,1,1,1,30,6,125,1,6,HONDA ANC125E,3,E01003127,0,-1
2020010284775,2020,010284775,1,3,0,99,99,9,9,99,99,9,9,99,9,99,9,1,6,6,1,25,5,125,1,5,HONDA ANC125E,4,E01000980,0,-1
2020110965967,2020,110965967,2,3,0,16,19,7,3,0,0,1,1,0,0,0,0,1,6,6,2,29,6,125,1,6,HONDA ANC125E,9,E01020855,0,-1
2020010278262,2020,010278262,1,3,0,18,19,3,7,0,0,1,1,0,0,0,0,1,6,6,1,50,8,125,1,6,HONDA ANC125E,5,E01000211,0,-1
2020010276803,2020,010276803,2,2,0,99,99,9,9,0,0,1,0,0,0,0,9,1,6,6,3,-1,-1,125,1,6,-1,-1,-1,0,-1
2020010273012,2020,010273012,1,3,0,99,99,9,9,99,99,9,9,99,9,99,2,1,6,6,2,28,6,125,1,6,HONDA ANC125E,2,E01002053,0,-1
2020010272610,2020,010272610,1,3,0,99,99,9,9,99,99,0,9,99,9,99,1,1,6,6,2,34,6,125,1,6,HONDA ANC125E,8,E01001596,0,-1
2020010276829,2020,010276829,1,3,0,18,19,1,5,0,0,1,0,0,0,0,2,1,6,6,2,27,6,125,1,6,HONDA ANC125E,5,E01003411,0,-1
2020010251674,2020,010251674,2,3,0,18,19,1,5,0,0,1,0,0,0,0,1,1,6,6,1,32,6,125,1,5,HONDA ANC125E,5,E01003638,0,-1
2020010282614,2020,010282614,1,3,0,99,99,9,9,99,99,9,9,99,9,99,2,1,2,2,2,20,4,125,1,6,HONDA ANC125E,5,E01003140,0,-1
2020010278805,2020,010278805,1,3,0,99,99,9,9,99,99,9,9,99,9,99,1,1,6,6,2,32,6,125,1,4,HONDA ANC125E,6,E01000584,0,-1
2020010254884,2020,010254884,1,3,0,18,19,2,6,0,0,8,0,0,0,0,1,1,6,6,1,34,6,125,1,5,HONDA ANC125E,5,E01004521,0,-1
2020010286811,2020,010286811,1,3,0,99,99,9,9,99,99,9,9,99,9,99,9,1,6,6,1,25,5,125,1,6,HONDA ANC125E,4,E01000634,0,-1
2020451000368,2020,451000368,2,3,0,18,19,1,5,0,0,0,0,0,0,0,1,1,6,6,2,27,6,125,1,4,HONDA ANC125E,6,E01023118,0,-1
2020010231981,2020,010231981,1,3,4,15,15,3,7,0,0,7,0,0,0,0,2,1,2,2,1,26,6,125,1,6,HONDA ANC125E,-1,-1,0,-1
2020010240972,2020,010240972,1,3,0,99,99,9,9,99,99,9,9,99,9,99,1,-1,6,6,1,27,6,125,1,6,HONDA ANC125E,2,E01000876,0,-1
2020010257419,2020,010257419,2,4,0,4,4,5,1,0,0,1,0,0,0,0,1,1,1,1,1,34,6,125,1,5,-1,5,E01004494,0,-1
2020010270774,2020,010270774,1,3,0,99,99,9,9,0,0,2,9,99,9,99,1,1,6,6,2,30,6,125,1,6,HONDA ANC125E,3,E01000637,0,-1
2020010247867,2020,010247867,1,3,0,18,19,2,6,0,0,8,0,4,0,0,1,1,2,2,2,31,6,125,1,5,HONDA ANC125E,1,E01002095,0,-1
2020010248408,2020,010248408,2,3,0,15,15,7,3,0,0,1,0,0,0,0,1,1,2,2,1,19,4,125,1,6,HONDA ANC125E,2,E01004435,0,-1
2020010231443,2020,010231443,2,3,0,18,19,1,5,0,0,8,0,0,0,0,1,1,2,2,1,26,6,125,1,6,HONDA ANC125E,6,E01001253,0,-1