collision_index,collision_year,collision_ref_no,vehicle_reference,vehicle_type,towing_and_articulation,vehicle_manoeuvre_historic,vehicle_manoeuvre,vehicle_direction_from,vehicle_direction_to,vehicle_location_restricted_lane_historic,vehicle_location_restricted_lane,junction_location,skidding_and_overturning,hit_object_in_carriageway,vehicle_leaving_carriageway,hit_object_off_carriageway,first_point_of_impact,vehicle_left_hand_drive,journey_purpose_of_driver_historic,journey_purpose_of_driver,sex_of_driver,age_of_driver,age_band_of_driver,engine_capacity_cc,propulsion_code,age_of_vehicle,generic_make_model,driver_imd_decile,lsoa_of_driver,escooter_flag,driver_distance_banding
2020010269285,2020,010269285,1,3,9,99,99,9,9,99,99,0,9,99,9,99,9,1,6,6,1,33,6,125,1,6,HONDA ANC125E,1,E01004311,0,-1
2020010281807,2020,010281807,2,3,0,18,19,1,5,0,0,1,5,0,0,0,1,1,6,6,1,18,4,125,1,5,HONDA ANC125E,4,E01001041,0,-1
2020010234346,2020,010234346,1,2,0,3,3,3,7,0,0,1,0,0,0,0,2,1,1,1,1,26,6,125,1,5,-1,4,E01000976,0,-1
2020470994670,2020,470994670,2,3,0,18,19,7,3,0,0,8,0,0,0,0,1,1,1,1,1,33,6,125,1,6,HONDA ANC125E,5,E01016971,0,-1
2020010254513,2020,010254513,1,3,0,99,99,9,9,99,99,9,9,99,9,99,9,1,6,6,1,44,7,125,1,6,HONDA ANC125E,1,E01002040,0,-1
2020010258556,2020,010258556,2,3,0,18,19,5,1,0,0,1,0,0,0,0,0,1,1,1,1,28,6,125,1,6,HONDA ANC125E,3,E01001116,0,-1
2020420967987,2020,420967987,1,9,0,18,19,1,5,0,0,4,0,0,0,0,1,1,6,6,3,-1,-1,1958,1,30,-1,-1,-1,0,-1
2020500965196,2020,500965196,1,9,0,18,19,6,2,0,0,0,0,0,0,0,1,1,6,6,1,57,9,1997,1,27,-1,1,E01018997,0,-1
2020522002583,2020,522002583,3,9,0,2,2,0,0,0,0,0,0,0,0,0,2,1,6,6,2,22,5,1958,1,32,-1,7,E01014756,0,-1
2020351007908,2020,351007908,2,17,4,9,9,5,2,0,0,1,0,0,0,0,3,1,1,1,1,53,8,420,1,10,-1,7,E01027050,0,-1
2020520004866,2020,520004866,1,5,0,16,19,1,5,0,0,0,0,0,0,0,1,1,6,6,1,53,8,996,1,17,-1,9,E01014748,0,-1
2020160983183,2020,160983183,1,5,0,16,19,4,8,0,0,0,0,0,1,0,1,1,2,2,1,50,8,996,1,19,-1,4,E01013246,0,-1
2020302000742,2020,302000742,2,5,0,18,19,3,7,0,0,1,0,0,1,0,4,1,6,6,1,63,9,996,1,13,-1,2,E01013512,0,-1
2020632000892,2020,632000892,1,5,0,18,19,4,8,0,0,1,0,0,0,0,1,1,6,6,1,50,8,996,1,14,-1,9,W01001126,0,-1
202063D061120,2020,63D061120,3,5,0,16,19,5,8,0,0,0,0,0,0,0,0,1,6,6,1,63,9,996,1,15,-1,10,E01017604,0,-1
2020070018834,2020,070018834,2,5,0,18,19,5,1,0,0,1,0,0,0,0,2,1,6,6,1,37,7,1202,1,9,MAKE AND MODEL REDACTED,1,E01018563,0,-1
2020552000194,2020,552000194,2,5,0,13,13,6,2,0,0,1,0,0,7,0,4,1,6,6,1,49,8,1133,1,1,-1,8,E01020379,0,-1
2020350960936,2020,350960936,1,3,0,3,3,1,5,0,0,1,0,0,0,0,3,1,5,6,2,-1,-1,1000,1,1,-1,9,E01018205,0,-1
2020990969052,2020,990969052,1,5,0,18,19,6,2,0,0,1,5,0,0,0,4,1,5,6,1,22,5,1133,1,1,-1,3,-1,0,-1
2020460959249,2020,460959249,2,4,0,18,19,1,5,0,0,0,2,0,0,0,0,1,5,6,1,31,6,1000,1,2,-1,4,E01024002,0,-1
2020500978842,2020,500978842,2,5,0,15,15,3,7,0,0,1,0,0,7,0,4,1,6,6,1,69,10,1133,1,3,-1,7,E01020268,0,-1
2020520004810,2020,520004810,1,9,0,18,19,4,8,0,0,1,0,0,0,0,3,1,6,6,1,35,6,3696,1,10,-1,6,E01029027,0,-1
2020122000678,2020,122000678,1,17,0,9,9,7,5,0,0,5,0,0,0,0,1,1,1,1,1,16,4,4400,2,0,-1,9,E01027791,0,-1
20201377J0949,2020,1377J0949,1,9,0,18,19,4,8,0,0,0,0,0,0,0,1,1,6,6,2,41,7,1580,8,4,KIA NIRO,2,E01011866,0,-1
2020500990085,2020,500990085,2,9,0,4,4,4,8,0,0,1,0,0,0,0,3,1,5,6,2,38,7,1580,8,1,KIA NIRO,8,E01019908,0,-1
2020470982969,2020,470982969,1,9,0,5,5,2,8,0,0,0,0,0,0,0,4,1,5,6,2,63,9,1580,8,1,KIA NIRO,7,E01032577,0,-1
2020010238926,2020,010238926,1,9,0,9,9,7,5,0,0,5,0,0,0,0,4,1,1,1,1,34,6,1580,8,0,KIA NIRO,4,E01004141,0,-1
2020010243029,2020,010243029,1,9,0,5,5,3,7,0,0,8,0,0,0,0,3,1,1,1,1,28,6,1580,8,1,KIA NIRO,1,E01001558,0,-1
2020460990341,2020,460990341,2,9,0,4,4,5,1,0,0,0,0,0,0,0,2,1,5,6,1,76,11,1580,8,3,KIA NIRO,7,E01002301,0,-1
2020471001651,2020,471001651,1,9,0,7,7,2,5,0,0,4,0,0,0,0,1,1,6,6,1,69,10,1580,8,1,KIA NIRO,8,E01032831,0,-1
2020010272529,2020,010272529,2,9,0,18,19,1,5,0,0,0,1,0,0,0,1,1,6,6,1,21,5,1580,8,3,KIA NIRO,3,E01003154,0,-1
2020010259272,2020,010259272,2,9,0,18,19,1,5,0,0,1,0,0,0,0,1,1,6,6,2,43,7,1580,8,3,KIA NIRO,7,E01004516,0,-1
2020451004301,2020,451004301,1,9,0,9,9,3,1,0,0,6,0,0,0,0,3,1,5,6,1,47,8,-1,3,0,KIA NIRO,9,E01030692,0,-1
2020010285201,2020,010285201,1,8,0,99,99,9,9,99,99,9,9,99,9,99,2,9,6,6,1,36,7,-1,3,0,KIA NIRO,7,E01002127,0,-1
2020340N03982,2020,340N03982,2,9,0,18,19,5,1,0,0,3,5,0,0,0,0,1,1,1,1,44,7,1580,8,0,KIA NIRO,9,E01027148,0,-1
2020010284397,2020,010284397,2,9,0,99,99,9,9,99,99,9,9,99,9,99,9,9,6,6,3,45,7,1580,8,3,KIA NIRO,8,E01000311,0,-1
2020200939695,2020,200939695,2,9,0,17,19,4,2,0,0,0,0,0,0,0,3,1,6,6,2,46,8,1580,8,2,KIA NIRO,4,E01010112,0,-1
2020990918783,2020,990918783,2,9,0,18,19,8,3,0,0,0,0,0,0,0,2,1,1,1,2,54,8,1580,8,2,KIA NIRO,7,-1,0,-1
2020400991610,2020,400991610,1,9,0,18,19,7,3,0,0,0,0,0,0,0,1,1,5,6,1,23,5,1580,8,0,KIA NIRO,3,E01015728,0,-1
2020470920037,2020,470920037,1,9,0,18,19,4,8,0,0,0,0,0,0,0,4,1,6,6,2,50,8,1580,8,3,KIA NIRO,1,E01016865,0,-1
2020400975144,2020,400975144,2,9,-1,-1,-1,-1,-1,-1,-1,0,-1,-1,-1,0,2,1,6,6,2,68,10,1580,8,0,KIA NIRO,-1,-1,0,-1
2020470984454,2020,470984454,2,9,0,9,9,1,7,0,0,1,0,0,0,0,3,1,5,6,2,53,8,1580,8,2,KIA NIRO,4,E01031547,0,-1
2020010230450,2020,010230450,1,9,0,99,99,9,9,99,99,9,9,99,9,99,4,9,6,6,1,45,7,1580,8,2,KIA NIRO,7,E01024540,0,-1
2020160934349,2020,160934349,1,9,0,2,2,7,3,0,0,0,0,0,0,0,3,1,6,6,1,37,7,1580,8,2,KIA NIRO,10,E01013042,0,-1
2020010268830,2020,010268830,1,9,0,9,9,4,2,0,0,6,0,0,0,0,1,1,6,6,1,53,8,1580,8,1,KIA NIRO,6,E01000324,0,-1
2020010283488,2020,010283488,1,9,0,99,99,9,9,99,99,0,9,99,9,99,9,9,6,6,1,30,6,1580,8,1,KIA NIRO,3,E01004568,0,-1
2020137BO0877,2020,137BO0877,4,9,0,2,2,6,2,0,0,2,1,0,0,0,2,1,6,6,3,-1,-1,1580,8,0,KIA NIRO,-1,-1,0,-1
2020010264309,2020,010264309,1,9,0,5,5,1,5,0,0,0,0,0,0,0,1,1,6,6,1,45,7,1580,8,2,KIA NIRO,3,E01000725,0,-1
2020052000865,2020,052000865,2,8,0,18,19,1,5,0,0,8,0,0,0,0,3,1,2,2,1,28,6,1580,8,1,KIA NIRO,1,E01006752,0,-1
2020410977726,2020,410977726,1,9,0,9,9,4,2,0,0,0,0,0,0,0,1,1,5,6,1,76,11,1580,8,0,KIA NIRO,9,E01023389,0,-1
2020010230955,2020,010230955,1,8,0,6,6,7,7,0,0,0,0,0,0,0,3,1,1,1,1,28,6,1580,8,2,KIA NIRO,2,E01003174,0,-1
2020421006286,2020,421006286,3,9,0,18,19,7,3,0,0,0,0,0,0,0,2,1,2,2,2,42,7,1580,8,4,KIA NIRO,6,E01021380,0,-1
2020010237994,2020,010237994,2,9,0,12,12,8,4,0,0,2,0,0,0,0,1,1,6,6,1,31,6,1580,8,1,KIA NIRO,5,E01003713,0,-1
2020201022425,2020,201022425,2,9,0,9,9,4,2,0,0,8,0,0,0,0,4,1,6,6,2,54,8,1580,8,0,KIA NIRO,2,E01010268,0,-1
2020010248051,2020,010248051,1,8,0,14,14,2,6,0,0,2,0,0,0,0,3,1,6,6,1,49,8,1580,8,2,KIA NIRO,6,E01000587,0,-1
2020010237348,2020,010237348,1,9,0,18,19,3,7,0,0,1,0,0,0,0,4,1,6,6,1,67,10,-1,3,1,KIA NIRO,2,E01003611,0,-1
2020622000211,2020,622000211,3,9,0,18,19,2,6,0,0,1,0,0,0,0,2,1,6,6,1,65,9,1580,8,1,KIA NIRO,8,W01000876,0,-1
2020470967647,2020,470967647,1,9,0,18,19,5,1,0,0,0,0,0,0,0,0,1,6,6,1,81,11,1580,8,1,KIA NIRO,8,E01021197,0,-1
2020010260349,2020,010260349,2,9,0,5,5,7,3,0,0,8,0,0,0,0,1,1,6,6,1,37,7,1580,8,2,KIA NIRO,1,E01004249,0,-1
202063C023220,2020,63C023220,1,9,0,9,9,6,4,0,0,5,0,0,1,10,4,1,6,6,2,49,8,-1,3,0,KIA NIRO,6,W01000571,0,-1
20201375H2003,2020,1375H2003,1,9,0,18,19,1,5,0,0,0,0,0,0,0,1,1,6,6,1,24,5,1580,8,3,KIA NIRO,2,E01011000,0,-1
2020010283087,2020,010283087,1,9,0,99,99,9,9,99,99,9,9,99,9,99,2,9,6,6,2,32,6,1580,8,4,KIA NIRO,2,E01002604,0,-1
2020122001209,2020,122001209,1,9,0,18,19,7,3,0,0,0,0,0,0,0,2,1,2,2,2,27,6,1580,8,0,KIA NIRO,8,E01027896,0,-1
2020010256363,2020,010256363,2,8,0,10,10,3,8,0,0,1,0,0,4,10,2,1,6,6,1,45,7,-1,3,0,KIA NIRO,3,E01000132,0,-1
2020010270292,2020,010270292,1,9,0,9,9,2,8,1,1,6,0,0,0,0,1,1,1,1,1,41,7,1580,8,4,KIA NIRO,3,E01000499,0,-1
2020432003221,2020,432003221,2,9,0,18,19,4,8,0,0,4,0,0,0,0,2,1,6,6,1,22,5,1580,8,0,KIA NIRO,8,E01027211,0,-1
2020010251197,2020,010251197,2,9,0,2,2,0,0,9,9,0,0,0,0,0,2,1,6,6,3,-1,-1,1580,8,2,KIA NIRO,-1,-1,0,-1
2020040963406,2020,040963406,2,9,0,18,19,3,7,0,0,1,0,0,0,0,3,1,5,6,2,47,8,1580,8,0,KIA NIRO,2,E01012705,0,-1
2020141005131,2020,141005131,1,9,0,18,19,4,8,0,0,1,0,0,0,0,1,1,3,7,2,40,7,1580,8,0,KIA NIRO,7,E01019770,0,-1
2020010236208,2020,010236208,1,9,0,17,19,5,2,0,0,8,0,0,0,0,3,1,1,1,2,28,6,1580,8,1,KIA NIRO,4,E01002642,0,-1
2020052000861,2020,052000861,2,9,0,18,19,5,1,0,0,8,0,0,0,0,1,1,6,6,2,50,8,1580,8,0,KIA NIRO,5,E01007041,0,-1
2020440485857,2020,440485857,1,9,0,1,1,3,7,0,0,6,0,0,3,10,2,1,6,6,1,56,9,1580,8,0,KIA NIRO,3,E01022914,0,-1
2020010229378,2020,010229378,1,8,0,18,19,3,7,4,4,2,0,0,0,0,3,1,1,1,1,53,8,1580,8,1,KIA NIRO,5,E01000251,0,-1
2020622000801,2020,622000801,2,9,0,3,3,3,7,0,0,0,0,0,0,0,3,1,6,6,1,60,9,1580,8,1,KIA NIRO,2,W01000838,0,-1
2020052001603,2020,052001603,2,9,0,3,3,7,3,0,0,0,0,0,0,0,1,1,6,6,2,33,6,1580,8,0,KIA NIRO,1,E01006755,0,-1
2020010260838,2020,010260838,1,9,0,5,5,1,5,0,0,1,0,0,0,0,1,1,1,1,1,40,7,1580,8,3,KIA NIRO,4,E01003090,0,-1
20201374J0892,2020,1374J0892,1,9,0,9,9,1,7,0,0,5,0,0,0,0,3,1,6,6,2,70,10,1580,8,2,KIA NIRO,6,E01010699,0,-1
2020160986034,2020,160986034,1,9,0,14,14,5,1,0,0,0,0,0,0,0,2,1,6,6,1,73,10,1580,8,0,KIA NIRO,9,E01013061,0,-1
2020230931274,2020,230931274,1,9,0,18,19,2,5,0,0,8,0,0,0,0,1,1,6,6,2,56,9,1580,8,2,KIA NIRO,7,E01031061,0,-1
2020470917763,2020,470917763,1,9,0,18,19,2,8,0,0,0,0,0,0,0,1,1,6,6,1,35,6,1580,8,3,KIA NIRO,8,E01031642,0,-1
2020371013465,2020,371013465,1,9,0,18,19,8,3,0,0,0,0,0,1,0,1,1,5,6,2,26,6,1580,8,2,KIA NIRO,5,E01030174,0,-1
2020411004079,2020,411004079,1,9,0,9,9,-1,-1,0,0,8,0,0,0,0,1,1,2,2,1,44,7,1580,8,3,KIA NIRO,3,E01023346,0,-1
2020010242881,2020,010242881,1,9,0,99,99,9,9,99,99,0,9,99,9,99,4,9,6,6,1,46,8,1580,8,2,KIA NIRO,5,E01003948,0,-1
2020440268851,2020,440268851,1,9,0,18,19,3,7,0,0,0,5,0,2,7,4,1,6,6,1,57,9,1580,8,1,KIA NIRO,7,E01015226,0,-1
2020010228572,2020,010228572,1,8,0,99,99,9,9,99,99,9,9,99,9,99,9,9,6,6,1,39,7,1580,8,3,KIA NIRO,2,E01001010,0,-1
2020010283333,2020,010283333,2,9,0,18,19,3,7,0,0,2,0,0,0,0,1,1,6,6,1,27,6,1580,8,1,KIA NIRO,4,E01002964,0,-1
2020010254002,2020,010254002,1,8,0,99,99,9,9,99,99,0,9,99,9,99,2,9,6,6,1,39,7,1580,8,3,KIA NIRO,2,E01001010,0,-1
2020010269984,2020,010269984,1,9,0,99,99,9,9,99,99,9,9,99,9,99,9,9,6,6,1,57,9,1580,8,1,KIA NIRO,4,E01000731,0,-1
2020410938680,2020,410938680,3,9,0,2,2,0,0,0,0,0,0,0,0,0,2,1,6,6,2,55,8,1580,8,1,KIA NIRO,3,E01000167,0,-1
2020010286716,2020,010286716,1,8,0,99,99,9,9,99,99,8,9,99,9,99,1,9,6,6,1,51,8,1580,8,1,KIA NIRO,5,E01003701,0,-1
2020460966746,2020,460966746,3,9,2,18,19,5,1,0,0,3,0,0,4,0,1,1,2,2,2,36,7,-1,3,0,KIA NIRO,8,E01016175,0,-1
2020052002298,2020,052002298,1,9,0,18,19,4,8,0,0,6,0,10,2,10,3,1,1,1,1,30,6,1580,8,2,KIA NIRO,1,E01006637,0,-1
2020010258533,2020,010258533,1,8,0,5,5,3,7,0,0,1,0,0,0,0,1,2,1,1,1,50,8,1580,8,2,KIA NIRO,1,E01003516,0,-1
2020010273614,2020,010273614,1,9,0,9,9,7,5,0,0,2,0,0,0,0,1,1,1,1,1,45,7,1580,8,1,KIA NIRO,-1,-1,0,-1
2020500930518,2020,500930518,1,9,0,18,19,7,3,0,0,4,0,0,0,0,1,1,1,1,1,45,7,1580,8,2,KIA NIRO,1,E01015047,0,-1
2020010273434,2020,010273434,3,9,0,4,4,3,7,0,0,0,0,0,0,0,1,1,1,1,2,38,7,-1,3,0,KIA NIRO,-1,-1,0,-1
2020010270821,2020,010270821,2,9,0,18,19,5,1,0,0,8,0,0,0,0,3,1,1,1,2,39,7,1580,8,1,KIA NIRO,2,E01003097,0,-1
2020010286008,2020,010286008,2,9,0,99,99,9,9,99,99,9,9,99,9,99,1,9,6,6,3,30,6,1580,8,0,KIA NIRO,-1,-1,0,-1
202063A054920,2020,63A054920,2,9,0,18,19,2,7,0,0,8,0,0,0,0,3,1,6,6,2,60,9,1580,8,2,KIA NIRO,3,W01001153,0,-1
2020070354259,2020,070354259,2,8,0,18,19,7,3,0,0,1,0,0,0,0,4,1,1,1,1,55,8,1580,8,0,KIA NIRO,4,E01012428,0,-1
2020161008208,2020,161008208,2,9,0,18,19,7,3,0,0,4,0,0,0,0,3,1,6,6,2,-1,-1,1580,8,0,KIA NIRO,-1,-1,0,-1
2020010233727,2020,010233727,1,8,0,5,5,0,1,0,0,0,0,0,0,0,1,2,6,6,1,28,6,1580,8,1,KIA NIRO,10,E01002960,0,-1
2020411020350,2020,411020350,2,9,0,18,19,7,3,0,0,8,0,0,0,0,1,1,5,6,2,52,8,1580,8,0,KIA NIRO,2,E01023641,0,-1
2020501015487,2020,501015487,1,9,0,17,19,5,1,0,0,0,0,0,0,0,0,1,6,6,1,76,11,1580,8,0,KIA NIRO,9,E01015130,0,-1
2020010252773,2020,010252773,2,9,0,18,19,1,5,0,0,8,0,0,0,0,1,1,6,6,3,-1,-1,1580,8,2,KIA NIRO,-1,-1,0,-1
2020010234100,2020,010234100,1,9,0,7,7,5,8,0,0,6,0,0,0,0,0,1,6,6,1,40,7,1580,8,2,KIA NIRO,3,E01001690,0,-1
2020991004501,2020,991004501,1,9,0,16,19,7,3,0,0,0,0,0,0,0,1,1,6,6,2,47,8,1580,8,2,KIA NIRO,8,-1,0,-1
2020010228286,2020,010228286,1,8,0,18,19,5,1,0,0,0,0,0,0,0,1,1,2,2,1,37,7,1580,8,2,KIA NIRO,3,E01002540,0,-1
2020410948084,2020,410948084,1,9,-1,4,4,7,3,0,0,0,0,0,0,0,1,1,5,6,2,39,7,1580,8,3,KIA NIRO,3,E01023573,0,-1
2020470968609,2020,470968609,1,9,0,18,19,5,1,0,0,0,0,0,0,0,1,1,6,6,2,45,7,1580,8,1,KIA NIRO,6,E01031408,0,-1
2020622000816,2020,622000816,2,9,0,3,3,4,8,0,0,1,0,0,0,0,2,1,6,6,2,39,7,1580,8,1,KIA NIRO,1,W01000835,0,-1
2020990929650,2020,990929650,1,9,0,7,7,6,1,0,0,8,0,0,0,0,1,1,6,6,2,72,10,1580,8,1,KIA NIRO,3,-1,0,-1
2020010236612,2020,010236612,1,9,0,18,19,4,8,0,0,1,0,0,0,0,1,1,1,1,1,51,8,1580,8,1,KIA NIRO,2,E01001633,0,-1
2020200984001,2020,200984001,2,9,0,18,19,7,3,0,0,8,0,0,0,0,1,1,1,1,2,52,8,1580,8,2,KIA NIRO,3,E01009184,0,-1
2020450923716,2020,450923716,1,9,0,18,19,2,6,0,0,0,0,0,0,0,3,1,2,2,2,61,9,1580,8,1,KIA NIRO,6,E01023104,0,-1
2020140929021,2020,140929021,5,9,0,18,19,1,5,0,0,0,0,0,0,0,2,1,1,1,1,61,9,1580,8,2,KIA NIRO,9,E01011576,0,-1
2020010276787,2020,010276787,2,8,0,99,99,9,9,99,99,9,9,99,9,99,9,9,6,6,3,-1,-1,1580,8,1,KIA NIRO,-1,-1,0,-1
2020320477074,2020,320477074,3,9,0,18,19,3,7,0,0,1,0,0,0,0,2,1,6,6,1,44,7,1580,8,4,KIA NIRO,4,E01013227,0,-1
2020420927263,2020,420927263,1,9,0,16,19,5,1,0,0,0,0,0,0,0,1,1,2,2,1,52,8,1580,8,2,KIA NIRO,10,E01023825,0,-1
2020137AG0546,2020,137AG0546,1,9,0,18,19,7,3,0,0,0,0,0,0,0,2,1,6,6,2,40,7,1580,8,3,KIA NIRO,-1,-1,0,-1
2020010239358,2020,010239358,1,8,0,99,99,9,9,99,99,0,9,99,9,99,2,9,6,6,1,-1,-1,1580,8,3,KIA NIRO,2,E01001010,0,-1
2020230991379,2020,230991379,1,9,0,18,19,6,2,0,0,8,1,0,0,0,1,1,5,6,1,53,8,-1,3,0,KIA NIRO,4,E01032397,0,-1
2020010274068,2020,010274068,2,9,0,18,19,7,3,0,0,1,0,0,0,0,4,1,2,2,1,32,6,1580,8,2,KIA NIRO,2,E01001442,0,-1
2020010240170,2020,010240170,4,9,0,9,9,2,7,0,0,4,0,0,0,0,2,1,6,6,2,68,10,1580,8,3,KIA NIRO,10,E01003797,0,-1
2020010233008,2020,010233008,1,9,0,99,99,9,9,99,99,9,9,99,9,99,9,9,6,6,1,30,6,1580,8,3,KIA NIRO,3,E01001832,0,-1
2020552000393,2020,552000393,2,9,0,4,4,6,2,0,0,0,0,0,0,0,2,1,6,6,1,75,10,1580,8,3,KIA NIRO,8,E01020425,0,-1
2020010250406,2020,010250406,3,9,0,2,2,0,0,0,0,1,0,10,1,0,3,1,6,6,3,-1,-1,1580,8,1,KIA NIRO,-1,-1,0,-1
2020420932796,2020,420932796,1,9,0,18,19,7,3,0,0,0,1,7,0,0,1,1,6,6,1,56,9,1580,8,4,KIA NIRO,7,E01024433,0,-1
2020010253128,2020,010253128,1,9,0,18,19,3,7,0,0,1,0,0,0,0,2,1,6,6,2,51,8,1580,8,1,KIA NIRO,3,E01000819,0,-1
2020990999402,2020,990999402,1,9,0,18,19,6,2,0,0,0,1,0,0,0,4,1,5,6,1,31,6,1580,8,3,KIA NIRO,1,E01008901,0,-1
2020610041020,2020,610041020,1,9,0,18,19,8,4,0,0,1,0,0,0,0,3,1,3,7,2,55,8,-1,3,0,KIA NIRO,-1,-1,0,-1
2020100934431,2020,100934431,2,9,0,18,19,5,1,0,0,1,0,0,0,0,2,1,1,1,1,37,7,1580,8,1,KIA NIRO,3,E01027414,0,-1
2020610038720,2020,610038720,1,9,0,9,9,1,6,0,0,1,0,0,0,0,1,1,6,6,1,76,11,1580,8,2,KIA NIRO,4,W01001413,0,-1
202006K271334,2020,06K271334,1,9,0,18,19,5,1,0,0,0,0,0,0,0,1,1,6,6,1,39,7,1580,8,1,KIA NIRO,2,E01004812,0,-1
2020460954896,2020,460954896,1,4,0,6,6,1,5,0,0,0,0,0,0,0,2,1,6,6,1,-1,-1,999,1,15,-1,-1,-1,0,-1
2020450980792,2020,450980792,1,5,0,18,19,8,2,0,0,0,0,0,0,0,4,1,5,6,1,57,9,1000,1,8,-1,10,E01030500,0,-1
2020340E06182,2020,340E06182,1,5,0,18,19,3,7,0,0,0,1,0,1,0,1,1,6,6,1,31,6,999,1,12,-1,10,E01027046,0,-1
2020501015114,2020,501015114,2,5,0,10,10,3,7,0,0,1,0,0,0,0,4,1,6,6,1,45,7,942,1,12,-1,5,E01018903,0,-1
2020010250564,2020,010250564,1,4,0,18,19,3,7,0,0,8,2,0,0,0,1,1,1,1,1,-1,-1,1000,1,11,-1,10,E01002960,0,-1
2020100962213,2020,100962213,2,5,0,16,19,8,3,0,0,0,0,11,0,0,0,1,6,6,1,66,10,1000,1,9,-1,6,E01027505,0,-1
2020040966289,2020,040966289,1,5,0,18,19,5,1,0,0,1,2,0,0,0,1,1,6,6,1,52,8,942,1,12,-1,7,E01025231,0,-1
2020302000876,2020,302000876,1,4,0,15,15,1,5,0,0,1,0,0,0,0,2,1,6,6,1,30,6,942,1,12,-1,5,E01032156,0,-1
2020990954232,2020,990954232,1,5,0,16,19,2,5,0,0,0,5,0,7,0,1,1,5,6,1,35,6,1000,1,10,-1,6,-1,0,-1
2020370978609,2020,370978609,2,9,0,3,3,5,1,0,0,0,0,0,0,0,2,1,5,6,2,50,8,2148,2,11,MERCEDES CLC CLASS,7,E01030119,0,-1
2020010231572,2020,010231572,1,9,0,99,99,9,9,99,99,0,9,99,9,99,2,9,6,6,2,29,6,2148,2,11,MERCEDES CLC CLASS,2,E01004341,0,-1
2020010241566,2020,010241566,2,9,0,7,7,2,5,0,0,1,0,0,1,0,4,1,6,6,1,25,5,1796,1,11,MERCEDES CLC CLASS,-1,-1,0,-1
2020411003416,2020,411003416,1,9,0,18,19,5,1,0,0,0,0,0,0,0,1,1,2,2,1,29,6,2148,2,12,MERCEDES CLC CLASS,8,E01023907,0,-1
2020370999202,2020,370999202,1,9,0,18,19,5,1,0,0,0,0,0,1,11,2,1,1,1,1,38,7,2148,2,12,MERCEDES CLC CLASS,5,E01030030,0,-1
2020010243076,2020,010243076,2,9,9,18,19,2,5,0,0,1,9,0,0,99,1,9,6,6,2,-1,-1,1796,1,10,MERCEDES CLC CLASS,-1,-1,0,-1
2020302001356,2020,302001356,1,9,0,17,19,6,4,0,0,8,1,0,2,11,1,1,6,6,1,31,6,1796,1,9,MERCEDES CLC CLASS,3,E01019531,0,-1
2020140988786,2020,140988786,2,9,0,18,19,7,3,0,0,0,0,0,0,0,2,1,5,6,1,76,11,1796,1,11,MERCEDES CLC CLASS,2,E01007395,0,-1
2020010234402,2020,010234402,2,9,0,18,19,5,1,0,0,1,0,0,0,0,1,1,6,6,1,35,6,2148,2,11,MERCEDES CLC CLASS,3,E01032581,0,-1
2020421007818,2020,421007818,2,9,0,18,19,2,6,0,0,0,1,0,1,0,0,1,6,6,2,29,6,1796,1,11,MERCEDES CLC CLASS,6,E01021769,0,-1
2020010258700,2020,010258700,2,9,0,9,9,1,6,0,0,1,0,0,0,0,1,1,2,2,2,32,6,1796,1,11,MERCEDES CLC CLASS,3,E01001465,0,-1
2020010273733,2020,010273733,2,9,9,99,99,9,9,99,99,9,9,99,9,99,9,9,6,6,2,50,8,1796,1,10,MERCEDES CLC CLASS,4,E01002101,0,-1
2020460971043,2020,460971043,1,9,0,18,19,7,3,0,0,4,0,0,0,0,1,1,6,6,1,27,6,2148,2,12,MERCEDES CLC CLASS,4,E01024027,0,-1
2020320362881,2020,320362881,1,9,0,4,4,1,5,0,0,0,0,0,0,0,2,1,6,6,2,28,6,1597,1,10,MERCEDES CLC CLASS,8,E01026258,0,-1
2020500959711,2020,500959711,1,9,0,18,19,2,7,0,0,1,0,0,0,0,1,1,2,2,1,54,8,1796,1,9,MERCEDES CLC CLASS,5,E01020093,0,-1
2020010239541,2020,010239541,2,9,0,17,19,7,3,0,0,0,0,0,0,0,3,1,6,6,1,34,6,1796,1,11,MERCEDES CLC CLASS,1,E01001730,0,-1
2020450919305,2020,450919305,2,9,0,5,5,3,1,0,0,8,0,0,0,0,1,1,2,2,2,44,7,1796,1,12,MERCEDES CLC CLASS,4,E01030503,0,-1
2020010235887,2020,010235887,2,9,0,7,7,1,2,0,0,1,0,99,0,0,9,9,6,6,3,-1,-1,1597,1,10,MERCEDES CLC CLASS,-1,-1,0,-1
2020010259489,2020,010259489,2,9,0,9,9,7,5,0,0,8,0,0,0,0,1,1,6,6,2,28,6,1796,1,12,MERCEDES CLC CLASS,2,E01000095,0,-1
2020302000515,2020,302000515,1,9,0,2,2,0,0,0,0,0,0,0,0,0,2,1,6,6,1,60,9,3498,1,12,MERCEDES CLC CLASS,3,E01019776,0,-1
2020010267976,2020,010267976,2,9,0,99,99,9,9,99,99,9,9,99,9,99,1,9,6,6,3,-1,-1,1796,1,11,MERCEDES CLC CLASS,6,E01003764,0,-1
2020200955905,2020,200955905,4,9,0,5,5,6,2,0,0,0,2,10,1,0,2,1,6,6,1,33,6,2148,2,11,MERCEDES CLC CLASS,3,E01010089,0,-1