collision_index,collision_year,collision_ref_no,vehicle_reference,vehicle_type,towing_and_articulation,vehicle_manoeuvre_historic,vehicle_manoeuvre,vehicle_direction_from,vehicle_direction_to,vehicle_location_restricted_lane_historic,vehicle_location_restricted_lane,junction_location,skidding_and_overturning,hit_object_in_carriageway,vehicle_leaving_carriageway,hit_object_off_carriageway,first_point_of_impact,vehicle_left_hand_drive,journey_purpose_of_driver_historic,journey_purpose_of_driver,sex_of_driver,age_of_driver,age_band_of_driver,engine_capacity_cc,propulsion_code,age_of_vehicle,generic_make_model,driver_imd_decile,lsoa_of_driver,escooter_flag,driver_distance_banding
2020010255648,2020,010255648,2,19,0,12,12,5,1,0,0,0,0,0,0,0,3,1,6,6,3,-1,-1,7201,2,7,MERCEDES Model Missing,-1,-1,0,-1
2020500930309,2020,500930309,2,9,0,9,9,3,1,0,0,8,0,0,0,0,1,1,2,2,1,20,4,2148,2,15,MERCEDES Model Missing,2,E01018865,0,-1
2020320453952,2020,320453952,3,21,0,18,19,7,3,0,0,0,0,0,0,0,1,1,1,1,1,51,8,12809,2,4,MERCEDES Model Missing,2,E01026011,0,-1
2020010265176,2020,010265176,2,19,9,99,99,9,9,99,99,9,9,99,9,99,4,9,6,6,3,-1,-1,5132,2,1,MERCEDES Model Missing,1,E01006716,0,-1
2020320657491,2020,320657491,3,21,4,17,19,5,1,0,0,0,3,0,1,1,1,1,1,1,1,39,7,10677,2,1,MERCEDES Model Missing,-1,-1,0,-1
2020140928824,2020,140928824,2,21,1,18,19,7,3,0,0,0,0,0,0,0,1,1,1,1,1,52,8,12809,2,1,MERCEDES Model Missing,7,E01019718,0,-1
2020410971013,2020,410971013,3,21,1,18,19,7,3,0,0,0,0,0,0,0,4,1,1,1,1,62,9,12809,2,3,MERCEDES Model Missing,10,E01031143,0,-1
2020990942537,2020,990942537,1,21,0,17,19,8,5,9,9,0,0,0,1,11,1,1,1,1,1,62,9,6374,2,7,MERCEDES Model Missing,10,-1,0,-1
2020302000735,2020,302000735,2,20,3,18,19,3,6,0,0,0,0,0,1,11,1,1,1,1,1,58,9,4250,2,9,MERCEDES Model Missing,9,E01012957,0,-1
2020548381820,2020,548381820,1,21,0,9,9,7,3,0,0,4,0,0,0,0,4,1,1,1,1,60,9,12809,2,3,MERCEDES Model Missing,2,E01020645,0,-1
2020340D80072,2020,340D80072,4,21,1,18,19,5,1,0,0,0,0,0,0,0,1,1,1,1,1,22,5,12809,2,2,MERCEDES Model Missing,6,E01032117,0,-1
2020622000081,2020,622000081,2,11,0,18,19,3,7,0,0,1,0,0,0,0,3,1,1,1,1,31,6,6374,2,7,MERCEDES Model Missing,3,W01001702,0,-1
2020610051420,2020,610051420,2,20,0,18,19,1,5,0,0,2,0,0,0,0,2,1,1,1,1,48,8,7201,2,9,MERCEDES Model Missing,3,W01001408,0,-1
2020471010337,2020,471010337,2,20,0,18,19,6,2,0,0,0,0,0,0,0,3,1,1,1,1,36,7,7698,2,2,MERCEDES Model Missing,2,E01016018,0,-1
2020010246795,2020,010246795,1,21,0,18,19,5,1,0,0,1,0,0,0,0,3,1,1,1,1,28,6,-1,-1,-1,MERCEDES Model Missing,7,E01000574,0,-1
2020461012378,2020,461012378,4,21,5,18,19,1,5,0,0,0,0,0,0,0,1,1,5,6,1,65,9,12809,2,6,MERCEDES Model Missing,9,E01030326,0,-1
2020070751514,2020,070751514,1,20,0,16,19,7,7,0,0,0,0,0,1,9,3,1,1,1,1,40,7,10677,2,6,MERCEDES Model Missing,-1,-1,0,-1
2020200998362,2020,200998362,1,9,0,18,19,8,4,0,0,8,0,10,1,5,1,1,6,6,3,17,4,2199,2,21,MERCEDES Model Missing,1,E01009612,0,-1
2020010240946,2020,010240946,1,9,9,99,99,9,9,99,99,9,9,99,9,99,9,9,6,6,3,-1,-1,1689,2,18,MERCEDES Model Missing,-1,-1,0,-1
2020450983471,2020,450983471,2,21,0,9,9,5,1,0,0,8,0,0,0,0,4,1,1,1,1,46,8,5132,2,5,MERCEDES Model Missing,4,E01003900,0,-1
2020470968377,2020,470968377,2,20,0,18,19,1,5,0,0,2,0,0,8,11,1,1,1,1,1,24,5,-1,-1,-1,MERCEDES Model Missing,8,W01000053,0,-1
2020370952807,2020,370952807,2,21,4,18,19,1,5,0,0,0,0,0,0,0,3,1,1,1,1,41,7,12809,2,4,MERCEDES Model Missing,2,E01016110,0,-1
2020031021618,2020,031021618,1,21,1,18,19,7,3,0,0,0,0,0,0,0,1,1,1,1,1,56,9,12809,2,3,MERCEDES Model Missing,6,E01019480,0,-1
2020140972917,2020,140972917,1,21,0,16,19,5,1,0,0,0,0,0,0,0,3,1,1,1,1,43,7,12809,2,1,MERCEDES Model Missing,3,E01007758,0,-1
2020010229620,2020,010229620,4,21,1,18,19,1,5,0,0,0,0,0,0,0,4,1,1,1,1,46,8,12809,2,4,MERCEDES Model Missing,8,E01033610,0,-1
2020101002001,2020,101002001,1,11,0,18,19,6,2,0,0,6,0,0,0,0,0,1,1,1,1,51,8,6370,2,10,MERCEDES Model Missing,-1,-1,0,-1
2020420925683,2020,420925683,3,20,0,18,19,5,1,0,0,0,0,0,0,0,1,1,1,1,1,34,6,6374,2,7,MERCEDES Model Missing,8,E01021690,0,-1
2020410984493,2020,410984493,1,21,0,18,19,3,1,0,0,0,0,0,0,0,1,1,1,1,1,39,7,7698,2,5,MERCEDES Model Missing,7,E01032656,0,-1
2020040917708,2020,040917708,1,98,0,7,7,3,4,0,0,1,0,0,0,0,2,1,1,1,1,49,8,-1,-1,-1,MERCEDES Model Missing,6,E01007287,0,-1
2020440375464,2020,440375464,2,19,0,1,1,4,8,0,0,8,0,0,0,0,2,1,6,6,1,36,7,2987,2,12,MERCEDES Model Missing,1,E01017038,0,-1
2020140976773,2020,140976773,1,21,0,18,19,1,5,0,0,0,0,0,0,0,2,1,1,1,1,59,9,12809,2,3,MERCEDES Model Missing,4,E01007817,0,-1
2020010232058,2020,010232058,1,20,0,1,1,4,8,0,0,1,0,0,0,0,2,1,1,1,1,30,6,7698,2,3,MERCEDES Model Missing,4,E01000608,0,-1
2020991009078,2020,991009078,1,21,0,18,19,5,1,7,6,0,0,0,0,0,0,1,1,1,1,53,8,-1,-1,-1,MERCEDES Model Missing,1,-1,0,-1
2020350924645,2020,350924645,2,20,0,18,19,3,7,0,0,0,0,0,0,0,2,1,1,1,1,69,10,10677,2,2,MERCEDES Model Missing,9,E01018015,0,-1
2020350945283,2020,350945283,2,21,0,11,11,7,3,0,0,0,0,0,0,0,1,1,6,6,1,57,9,12809,2,6,MERCEDES Model Missing,3,E01007667,0,-1
2020010252912,2020,010252912,2,11,0,9,9,1,7,0,0,1,0,0,0,0,1,1,1,1,1,57,9,2148,2,13,MERCEDES Model Missing,5,E01001088,0,-1
2020070261555,2020,070261555,1,21,1,9,9,3,1,0,0,8,2,0,0,7,4,1,1,1,1,29,6,10677,2,5,MERCEDES Model Missing,-1,-1,0,-1
20201378K0523,2020,1378K0523,1,21,1,12,12,1,5,0,0,0,0,0,0,0,1,1,1,1,1,37,7,12809,2,6,MERCEDES Model Missing,8,W01000476,0,-1
2020470923292,2020,470923292,1,11,0,18,19,4,8,0,0,2,0,0,0,0,3,1,1,1,1,52,8,11967,2,12,MERCEDES Model Missing,1,E01016895,0,-1
2020360941274,2020,360941274,1,21,0,18,19,1,5,0,0,1,0,0,0,0,1,1,1,1,1,42,7,12809,2,5,MERCEDES Model Missing,4,E01026250,0,-1
202006A177345,2020,06A177345,1,19,0,1,1,8,4,0,0,1,0,0,0,0,2,1,1,1,1,22,5,2148,2,11,MERCEDES Model Missing,1,E01004927,0,-1
2020010242305,2020,010242305,2,21,1,4,4,7,3,0,0,0,0,0,0,0,1,1,1,1,1,55,8,10677,2,0,MERCEDES Model Missing,6,E01015866,0,-1
2020420987840,2020,420987840,2,21,0,9,9,7,5,0,0,1,0,0,0,0,2,1,1,1,1,62,9,6370,2,9,MERCEDES Model Missing,9,E01022063,0,-1
2020420952636,2020,420952636,2,21,0,4,4,7,3,0,0,0,0,0,0,0,2,1,1,1,1,28,6,6370,2,11,MERCEDES Model Missing,8,E01030043,0,-1
2020522002827,2020,522002827,1,21,0,11,11,5,1,0,0,1,0,0,0,0,4,1,6,6,1,35,6,12809,2,4,MERCEDES Model Missing,10,E01014879,0,-1
2020451008943,2020,451008943,2,20,1,18,19,1,5,0,0,0,0,0,0,0,4,1,2,2,1,50,8,-1,-1,-1,MERCEDES Model Missing,6,E01024345,0,-1
2020470940994,2020,470940994,2,11,0,18,19,2,6,2,2,1,0,0,0,0,0,1,1,1,1,35,6,11967,2,12,MERCEDES Model Missing,1,E01016964,0,-1
2020010258909,2020,010258909,1,11,0,5,5,0,1,0,0,0,0,0,0,0,0,1,6,6,1,57,9,6370,2,11,MERCEDES Model Missing,2,E01001667,0,-1
2020010251362,2020,010251362,2,90,0,3,3,1,5,0,0,1,0,0,0,0,2,1,1,1,1,54,8,7698,2,3,MERCEDES Model Missing,4,E01000728,0,-1
2020420923323,2020,420923323,2,21,1,18,19,7,3,0,0,0,0,0,0,0,2,1,1,1,1,56,9,11967,2,7,MERCEDES Model Missing,4,E01022817,0,-1
2020990919758,2020,990919758,3,21,1,2,2,0,0,0,0,2,0,0,0,0,1,1,1,1,1,56,9,6370,2,8,MERCEDES Model Missing,9,-1,0,-1
2020360923544,2020,360923544,1,21,0,13,13,7,2,0,0,0,0,0,0,0,4,1,1,1,1,65,9,6370,2,9,MERCEDES Model Missing,1,E01026115,0,-1
2020220970781,2020,220970781,2,21,1,18,19,5,1,0,0,0,0,0,1,0,3,1,1,1,1,33,6,12809,2,4,MERCEDES Model Missing,4,E01014450,0,-1
2020010252396,2020,010252396,1,21,0,9,9,1,7,0,0,5,0,0,0,0,1,1,1,1,1,43,7,-1,-1,-1,MERCEDES Model Missing,5,E01001344,0,-1
2020340K06072,2020,340K06072,1,21,1,1,1,7,3,0,0,8,0,0,0,0,2,1,1,1,1,32,6,12809,2,6,MERCEDES Model Missing,10,E01033442,0,-1
2020010246691,2020,010246691,2,98,9,9,9,5,3,0,0,1,0,0,0,99,3,1,1,1,3,30,6,-1,-1,-1,MERCEDES Model Missing,-1,-1,0,-1
2020062001649,2020,062001649,2,98,1,18,19,1,5,0,0,0,0,0,0,0,2,1,1,1,3,-1,-1,12809,2,1,MERCEDES Model Missing,-1,-1,0,-1
2020070307263,2020,070307263,3,21,1,18,19,5,1,0,0,2,0,2,0,0,1,1,1,1,1,59,9,7698,2,6,MERCEDES Model Missing,5,E01027789,0,-1
2020040960982,2020,040960982,1,21,0,18,19,6,2,0,0,0,0,0,0,0,1,1,6,6,3,-1,-1,6370,2,15,MERCEDES Model Missing,-1,-1,0,-1
2020470936997,2020,470936997,1,9,0,18,19,1,5,0,0,6,0,0,0,0,1,1,6,6,1,63,9,4973,1,23,MERCEDES Model Missing,10,E01016984,0,-1
2020210927592,2020,210927592,3,21,0,3,3,3,6,0,0,0,0,0,0,0,2,1,1,1,1,59,9,7698,2,4,MERCEDES Model Missing,8,E01029610,0,-1
2020160959296,2020,160959296,1,21,0,18,19,5,8,0,0,0,0,0,0,0,3,1,6,6,3,20,4,12809,2,4,MERCEDES Model Missing,-1,-1,0,-1
2020440103024,2020,440103024,1,9,0,6,6,8,8,0,0,6,0,0,7,2,3,1,6,6,1,62,9,2987,2,7,MERCEDES Model Missing,10,E01022869,0,-1
2020420965307,2020,420965307,1,21,0,1,1,7,2,0,0,0,0,0,0,0,2,1,5,6,1,56,9,-1,-1,-1,MERCEDES Model Missing,2,E01021319,0,-1
2020110951149,2020,110951149,1,20,1,18,19,5,1,0,0,1,0,0,0,0,1,1,1,1,1,30,6,-1,-1,-1,MERCEDES Model Missing,-1,-1,0,-1
2020137C20282,2020,137C20282,1,21,1,4,4,5,1,0,0,0,0,0,0,0,1,1,1,1,1,-1,-1,10677,2,5,MERCEDES Model Missing,-1,-1,0,-1
2020110967711,2020,110967711,2,11,0,18,19,3,7,0,0,4,0,0,0,0,0,1,1,1,1,54,8,6370,2,12,MERCEDES Model Missing,5,E01008741,0,-1
2020360974385,2020,360974385,1,21,0,4,4,4,8,0,0,1,0,0,0,0,1,1,1,1,1,40,7,6370,2,10,MERCEDES Model Missing,3,E01024866,0,-1
2020302000426,2020,302000426,2,21,0,2,2,0,0,0,0,5,0,0,0,0,2,1,1,1,1,61,9,-1,-1,-1,MERCEDES Model Missing,8,E01010683,0,-1
2020070468400,2020,070468400,1,21,1,13,13,1,5,0,0,0,1,0,0,0,1,1,1,1,1,49,8,12809,2,4,MERCEDES Model Missing,1,E01007119,0,-1
2020230990608,2020,230990608,1,21,1,12,12,8,5,0,0,0,0,0,0,0,4,1,1,1,1,55,8,12809,2,7,MERCEDES Model Missing,3,E01025391,0,-1
2020460925345,2020,460925345,1,20,0,18,19,7,3,0,0,0,0,0,0,0,1,1,1,1,1,35,6,5132,2,5,MERCEDES Model Missing,1,E01024609,0,-1
2020990985857,2020,990985857,2,10,0,18,19,1,5,0,0,6,0,0,0,0,1,1,1,1,1,62,9,2686,2,13,MERCEDES Model Missing,4,-1,0,-1
2020010272160,2020,010272160,1,21,0,3,3,3,7,0,0,0,0,0,0,0,2,1,1,1,1,55,8,7698,2,6,MERCEDES Model Missing,6,E01001573,0,-1
2020070314575,2020,070314575,1,20,0,13,13,1,5,0,0,0,0,0,0,0,4,1,1,1,1,52,8,-1,-1,-1,MERCEDES Model Missing,6,W01001930,0,-1
2020010242772,2020,010242772,2,90,0,9,9,7,5,0,0,8,0,0,0,0,1,1,1,1,1,38,7,6370,2,13,MERCEDES Model Missing,7,E01032781,0,-1
2020450946694,2020,450946694,2,21,0,18,19,7,3,0,0,0,0,0,0,0,2,1,1,1,1,56,9,10677,2,3,MERCEDES Model Missing,10,E01023825,0,-1
2020371000970,2020,371000970,2,90,0,18,19,7,3,0,0,0,0,0,0,0,1,1,1,1,1,38,7,2987,2,6,MERCEDES Model Missing,8,E01030121,0,-1
2020990938926,2020,990938926,1,21,0,18,19,5,1,0,0,1,5,0,1,9,1,1,1,1,1,37,7,-1,-1,-1,MERCEDES Model Missing,6,-1,0,-1
20201375F0258,2020,1375F0258,1,21,1,18,19,7,3,0,0,4,0,0,0,0,3,1,1,1,1,35,6,10677,2,1,MERCEDES Model Missing,1,E01007885,0,-1
202006J275122,2020,06J275122,1,21,0,18,19,7,3,0,0,1,0,0,0,0,4,1,1,1,1,60,9,4250,2,9,MERCEDES Model Missing,4,E01004832,0,-1
2020100936701,2020,100936701,1,21,1,7,7,8,2,0,0,4,0,0,0,0,4,1,6,6,1,42,7,10677,2,5,MERCEDES Model Missing,2,E01006709,0,-1
2020370957450,2020,370957450,2,21,0,5,5,4,8,0,0,0,0,0,0,0,1,1,1,1,1,60,9,12809,2,3,MERCEDES Model Missing,5,E01030215,0,-1
2020500942279,2020,500942279,3,21,1,3,3,0,0,0,0,0,0,0,0,0,0,1,1,1,1,36,7,11967,2,10,MERCEDES Model Missing,5,E01014414,0,-1
2020010272588,2020,010272588,1,21,5,7,7,1,2,0,0,2,0,0,0,0,1,1,1,1,1,32,6,10677,2,3,MERCEDES Model Missing,2,E01004224,0,-1
2020500946826,2020,500946826,1,21,1,16,19,3,6,0,0,0,0,0,0,0,2,1,1,1,1,55,8,11946,2,7,MERCEDES Model Missing,9,-1,0,-1
2020990922745,2020,990922745,2,21,0,2,2,1,5,0,0,0,0,0,0,0,2,1,1,1,1,34,6,7698,2,1,MERCEDES Model Missing,-1,-1,0,-1
2020360921770,2020,360921770,4,21,1,4,4,1,5,0,0,0,0,0,0,0,0,1,1,1,1,39,7,12809,2,6,MERCEDES Model Missing,4,E01032087,0,-1
2020991006222,2020,991006222,2,21,0,17,19,5,1,0,0,0,1,0,0,0,1,1,1,1,1,32,6,10677,2,1,MERCEDES Model Missing,6,-1,0,-1
2020137BJ0092,2020,137BJ0092,2,19,0,5,5,5,1,0,0,0,0,0,0,0,1,1,1,1,1,30,6,6370,2,9,MERCEDES Model Missing,1,E01007530,0,-1
2020160959196,2020,160959196,1,21,0,18,19,2,6,0,0,0,0,4,0,0,1,1,1,1,1,48,8,12809,2,6,MERCEDES Model Missing,-1,-1,0,-1
2020420939869,2020,420939869,2,21,1,4,4,3,7,0,0,0,0,0,0,0,2,1,1,1,1,51,8,12809,2,5,MERCEDES Model Missing,10,E01024629,0,-1
2020430216846,2020,430216846,1,21,0,18,19,7,3,0,0,0,0,0,0,0,1,1,1,1,1,-1,-1,12809,2,4,MERCEDES Model Missing,-1,-1,0,-1
2020990934753,2020,990934753,1,21,1,18,19,2,6,0,0,0,0,4,0,0,1,1,1,1,1,38,7,10677,2,5,MERCEDES Model Missing,7,-1,0,-1
2020010279973,2020,010279973,3,21,0,18,19,5,1,0,0,2,0,0,0,0,2,1,1,1,1,38,7,7698,2,6,MERCEDES Model Missing,3,E01002120,0,-1
2020200989161,2020,200989161,2,21,1,18,19,1,5,0,0,0,0,0,0,0,4,1,1,1,1,49,8,10677,2,4,MERCEDES Model Missing,9,E01018442,0,-1
202031D077420,2020,31D077420,1,19,0,18,19,1,5,0,0,2,0,0,0,0,4,1,6,6,1,-1,-1,4250,2,12,MERCEDES Model Missing,1,E01013487,0,-1
2020010260643,2020,010260643,1,11,0,4,4,3,7,0,0,0,0,0,0,0,0,1,1,1,1,21,5,6370,2,11,MERCEDES Model Missing,1,E01004273,0,-1
2020010234647,2020,010234647,1,20,1,5,5,0,1,0,0,2,0,0,0,0,2,1,1,1,1,-1,-1,-1,-1,-1,MERCEDES Model Missing,7,E01014972,0,-1
2020302001664,2020,302001664,3,21,1,18,19,1,5,0,0,0,0,4,0,0,1,1,1,1,1,60,9,12809,2,1,MERCEDES Model Missing,7,E01011893,0,-1
2020320544890,2020,320544890,2,21,4,18,19,3,7,0,0,1,0,0,0,0,1,1,1,1,1,56,9,10677,2,3,MERCEDES Model Missing,-1,-1,0,-1
2020230987692,2020,230987692,1,21,1,11,11,5,1,0,0,0,0,0,0,0,4,1,1,1,1,39,7,12809,2,5,MERCEDES Model Missing,8,E01031977,0,-1
2020340N00662,2020,340N00662,1,21,0,1,1,7,3,0,0,0,0,0,0,0,2,1,1,1,1,-1,-1,12809,2,6,MERCEDES Model Missing,-1,-1,0,-1
2020221005157,2020,221005157,1,21,4,7,7,1,3,0,0,5,0,10,0,0,4,1,1,1,1,56,9,10677,2,6,MERCEDES Model Missing,5,E01029011,0,-1
2020010277868,2020,010277868,2,21,1,18,19,7,3,0,0,8,0,0,0,0,2,1,1,1,1,30,6,12809,2,7,MERCEDES Model Missing,6,E01018076,0,-1
2020010254348,2020,010254348,2,20,0,5,5,8,4,0,0,1,0,0,0,0,1,1,1,1,1,59,9,10677,2,3,MERCEDES Model Missing,2,E01001081,0,-1
2020010243775,2020,010243775,3,9,0,2,2,0,0,0,0,2,0,0,0,0,3,1,6,6,3,-1,-1,3200,2,19,MERCEDES Model Missing,-1,-1,0,-1
2020137690956,2020,137690956,2,9,0,18,19,6,2,0,0,8,0,0,7,0,4,1,6,6,1,79,11,2597,1,20,MERCEDES Model Missing,7,E01011110,0,-1
202006L268315,2020,06L268315,1,11,0,5,5,1,5,0,0,8,0,0,0,0,0,1,1,1,1,57,9,7698,2,5,MERCEDES Model Missing,2,E01004865,0,-1
2020070137748,2020,070137748,2,21,1,18,19,6,2,0,0,0,0,0,0,0,3,1,1,1,1,57,9,10677,2,4,MERCEDES Model Missing,6,E01018472,0,-1
2020370918523,2020,370918523,3,21,1,4,4,6,2,0,0,0,0,0,0,0,3,1,1,1,1,58,9,7698,2,3,MERCEDES Model Missing,8,E01002498,0,-1
2020302001419,2020,302001419,3,21,1,18,19,1,5,0,0,0,0,0,0,0,2,1,6,6,1,59,9,10677,2,3,MERCEDES Model Missing,5,E01010165,0,-1
2020210943130,2020,210943130,1,21,1,18,19,4,8,0,0,0,0,0,0,0,1,1,1,1,1,60,9,12809,2,5,MERCEDES Model Missing,5,E01013200,0,-1
2020522001707,2020,522001707,1,98,0,18,19,6,2,0,0,0,0,0,0,0,4,1,1,1,1,39,7,10677,2,3,MERCEDES Model Missing,7,E01009550,0,-1
2020420988035,2020,420988035,1,21,1,18,19,4,8,0,0,0,0,0,0,0,3,1,6,6,1,59,9,12809,2,2,MERCEDES Model Missing,6,E01012331,0,-1
2020141004083,2020,141004083,1,21,0,18,19,1,5,0,0,2,1,0,0,0,2,1,1,1,1,31,6,12809,2,1,MERCEDES Model Missing,1,E01006790,0,-1
2020320528140,2020,320528140,1,21,0,17,19,8,4,0,0,0,5,0,1,4,1,1,1,1,1,51,8,12809,2,4,MERCEDES Model Missing,7,E01033314,0,-1
202006XN75597,2020,06XN75597,2,21,1,18,19,3,7,0,0,0,0,0,0,0,4,1,1,1,1,45,7,12809,2,2,MERCEDES Model Missing,1,E01005532,0,-1
2020040994319,2020,040994319,2,21,0,18,19,2,6,0,0,8,0,0,0,0,1,1,1,1,1,41,7,12809,2,4,MERCEDES Model Missing,1,E01025528,0,-1
2020990965630,2020,990965630,3,21,0,16,19,6,2,0,0,0,0,0,0,0,0,1,1,1,1,39,7,6370,2,12,MERCEDES Model Missing,5,-1,0,-1
202006M271941,2020,06M271941,1,21,0,7,7,6,8,0,0,8,0,0,0,0,1,1,1,1,1,56,9,7698,2,1,MERCEDES Model Missing,5,E01012544,0,-1
2020430189837,2020,430189837,2,21,0,18,19,7,4,0,0,8,0,0,0,0,4,1,1,1,1,39,7,12809,2,2,MERCEDES Model Missing,5,E01030027,0,-1
2020622000117,2020,622000117,1,11,0,18,19,4,8,0,0,8,1,0,0,0,1,1,1,1,1,31,6,4250,2,13,MERCEDES Model Missing,1,W01001002,0,-1
2020471004471,2020,471004471,1,9,0,9,9,5,3,0,0,1,0,0,0,0,1,1,6,6,1,42,7,4966,1,20,MERCEDES Model Missing,5,E01016989,0,-1
2020010274706,2020,010274706,2,20,9,99,99,9,9,99,99,9,9,99,9,99,9,9,6,6,1,45,7,11946,2,9,MERCEDES Model Missing,4,E01002607,0,-1
2020230984311,2020,230984311,5,21,1,3,3,4,8,0,0,0,0,0,0,0,2,1,1,1,1,39,7,12809,2,5,MERCEDES Model Missing,3,E01001177,0,-1
2020501010665,2020,501010665,1,21,4,7,7,4,7,0,0,1,0,0,0,0,4,1,1,1,1,47,8,12809,2,3,MERCEDES Model Missing,4,E01027969,0,-1
2020410963553,2020,410963553,3,21,1,18,19,4,8,0,0,0,0,0,0,0,2,1,6,6,1,55,8,12809,2,6,MERCEDES Model Missing,4,E01030645,0,-1
2020137350248,2020,137350248,1,21,0,18,19,5,1,0,0,0,0,0,0,0,1,2,1,1,1,25,5,10677,2,0,MERCEDES Model Missing,3,E01019530,0,-1
2020040958248,2020,040958248,1,21,0,9,9,3,1,0,0,6,0,0,0,0,4,1,6,6,3,-1,-1,6370,2,15,MERCEDES Model Missing,-1,-1,0,-1
2020360943057,2020,360943057,1,21,4,18,19,5,1,0,0,0,0,0,7,11,1,1,1,1,1,60,9,12809,2,3,MERCEDES Model Missing,1,E01017274,0,-1
2020010244651,2020,010244651,2,21,1,18,19,7,3,0,0,0,0,0,0,0,2,1,1,1,1,63,9,12809,2,6,MERCEDES Model Missing,-1,-1,0,-1
2020100995360,2020,100995360,1,11,0,2,2,3,7,0,0,0,0,0,0,0,0,1,1,1,1,36,7,6370,2,12,MERCEDES Model Missing,2,E01008757,0,-1
2020990951659,2020,990951659,2,19,0,18,19,4,8,0,0,0,0,0,1,0,1,1,1,1,1,42,7,2143,2,4,MERCEDES Model Missing,2,-1,0,-1
2020420981645,2020,420981645,1,21,1,12,12,4,8,0,0,0,0,0,0,0,3,1,1,1,1,65,9,10677,2,5,MERCEDES Model Missing,8,E01025792,0,-1
2020160988269,2020,160988269,2,21,0,9,9,5,1,0,0,8,0,0,0,0,3,1,1,1,1,23,5,7698,2,5,MERCEDES Model Missing,9,E01013016,0,-1
2020400950975,2020,400950975,1,21,1,18,19,4,8,0,0,0,0,4,0,0,1,1,1,1,1,47,8,10677,2,5,MERCEDES Model Missing,8,E01027332,0,-1
2020070604213,2020,070604213,1,21,1,18,19,1,5,0,0,8,0,0,0,0,4,1,1,1,1,52,8,12809,2,6,MERCEDES Model Missing,4,E01018024,0,-1
2020470933462,2020,470933462,1,11,0,18,19,1,5,2,2,8,0,0,0,0,1,1,1,1,1,39,7,11967,2,12,MERCEDES Model Missing,7,E01016899,0,-1
2020610042920,2020,610042920,3,21,1,18,19,8,4,0,0,0,0,0,0,0,3,1,1,1,1,58,9,12809,2,4,MERCEDES Model Missing,3,E01014493,0,-1
2020460953868,2020,460953868,2,21,4,2,2,8,4,0,0,0,0,0,0,0,2,1,1,1,1,50,8,12809,2,2,MERCEDES Model Missing,9,E01024438,0,-1
2020990963161,2020,990963161,2,21,0,18,19,4,8,0,0,0,0,0,1,0,1,1,1,1,1,54,8,7698,2,0,MERCEDES Model Missing,5,-1,0,-1
2020340S05432,2020,340S05432,1,21,0,11,11,5,1,0,0,8,0,0,0,0,4,1,1,1,1,61,9,12809,2,2,MERCEDES Model Missing,2,-1,0,-1
2020461017666,2020,461017666,1,9,0,18,19,5,1,0,0,0,0,0,0,0,1,1,5,6,3,-1,-1,1461,2,2,MERCEDES Model Missing,-1,-1,0,-1
2020010256592,2020,010256592,2,21,5,18,19,7,3,0,0,8,0,0,0,0,1,1,1,1,1,65,9,12809,2,2,MERCEDES Model Missing,5,E01024082,0,-1
2020470970794,2020,470970794,2,21,0,18,19,7,3,0,0,0,0,0,0,0,2,1,1,1,1,51,8,10677,2,2,MERCEDES Model Missing,6,E01032011,0,-1