collision_index,collision_year,collision_ref_no,vehicle_reference,vehicle_type,towing_and_articulation,vehicle_manoeuvre_historic,vehicle_manoeuvre,vehicle_direction_from,vehicle_direction_to,vehicle_location_restricted_lane_historic,vehicle_location_restricted_lane,junction_location,skidding_and_overturning,hit_object_in_carriageway,vehicle_leaving_carriageway,hit_object_off_carriageway,first_point_of_impact,vehicle_left_hand_drive,journey_purpose_of_driver_historic,journey_purpose_of_driver,sex_of_driver,age_of_driver,age_band_of_driver,engine_capacity_cc,propulsion_code,age_of_vehicle,generic_make_model,driver_imd_decile,lsoa_of_driver,escooter_flag,driver_distance_banding
2020231007226,2020,231007226,1,9,0,18,19,4,6,0,0,3,1,0,1,9,1,1,5,6,1,81,11,1332,1,0,NISSAN QASHQAI,3,E01025950,0,-1
2020552000855,2020,552000855,1,9,0,17,19,8,6,0,0,8,0,0,0,0,1,1,6,6,2,51,8,1461,2,12,NISSAN QASHQAI,1,E01015281,0,-1
2020030951871,2020,030951871,1,9,0,18,19,6,2,0,0,6,0,0,2,11,1,1,2,2,2,36,7,1461,2,9,NISSAN QASHQAI,6,E01005069,0,-1
2020010284406,2020,010284406,2,9,0,3,3,3,7,0,0,1,0,0,0,0,2,1,6,6,2,44,7,1197,1,2,NISSAN QASHQAI,2,E01032580,0,-1
2020540843520,2020,540843520,2,9,0,4,4,4,8,0,0,1,0,0,0,0,2,1,6,6,2,31,6,1598,1,8,NISSAN QASHQAI,4,E01022671,0,-1
2020200950373,2020,200950373,1,9,0,18,19,6,2,0,0,1,0,0,0,0,1,1,6,6,1,40,7,1461,2,7,NISSAN QASHQAI,2,E01009986,0,-1
202006XN72334,2020,06XN72334,1,9,0,12,12,8,4,0,0,8,0,0,0,0,2,1,6,6,1,68,10,1598,1,8,NISSAN QASHQAI,2,E01005026,0,-1
202006A272525,2020,06A272525,1,9,0,9,9,3,1,0,0,8,0,0,0,0,1,1,6,6,2,30,6,1332,1,1,NISSAN QASHQAI,-1,-1,0,-1
2020040993295,2020,040993295,1,9,0,17,19,1,5,0,0,0,1,0,7,9,1,1,2,2,1,18,4,1332,1,1,NISSAN QASHQAI,5,E01025329,0,-1
202031A124220,2020,31A124220,2,9,0,2,2,0,0,0,0,1,0,0,0,0,3,1,6,6,3,-1,-1,1598,2,5,NISSAN QASHQAI,-1,-1,0,-1
2020052001833,2020,052001833,1,9,0,18,19,4,8,0,0,0,0,0,0,0,4,1,6,6,2,40,7,1598,1,12,NISSAN QASHQAI,7,E01006774,0,-1
2020010250302,2020,010250302,1,9,0,18,19,7,3,0,0,1,0,0,0,0,4,1,6,6,2,39,7,1598,1,11,NISSAN QASHQAI,7,E01003451,0,-1
2020460956771,2020,460956771,2,9,0,18,19,2,6,0,0,1,0,0,0,0,1,1,5,6,1,22,5,1994,2,12,NISSAN QASHQAI,4,E01024296,0,-1
2020101004183,2020,101004183,2,9,0,18,19,5,1,0,0,8,0,0,0,0,1,1,5,6,1,54,8,1461,2,1,NISSAN QASHQAI,-1,-1,0,-1
2020320571786,2020,320571786,1,9,0,18,19,3,5,0,0,0,0,0,0,0,1,1,2,2,2,41,7,1461,2,5,NISSAN QASHQAI,9,E01026335,0,-1
2020010234915,2020,010234915,1,9,0,15,15,3,7,0,0,1,0,0,0,0,4,1,2,2,2,32,6,1461,2,5,NISSAN QASHQAI,2,E01000083,0,-1
2020410931355,2020,410931355,1,9,0,18,19,5,1,0,0,0,0,0,0,0,1,1,5,6,1,31,6,1598,1,10,NISSAN QASHQAI,2,E01002856,0,-1
2020351013519,2020,351013519,2,9,0,18,19,3,7,0,0,3,0,0,0,0,4,1,5,6,2,33,6,1461,2,2,NISSAN QASHQAI,6,E01015620,0,-1
2020460923571,2020,460923571,2,9,0,18,19,2,6,0,0,0,0,4,0,0,3,1,6,6,1,57,9,1598,2,6,NISSAN QASHQAI,8,E01022089,0,-1
2020010276101,2020,010276101,1,9,0,18,19,1,5,0,0,8,9,0,0,0,1,9,6,6,2,31,6,1997,1,12,NISSAN QASHQAI,7,E01003407,0,-1
2020360980001,2020,360980001,1,9,0,18,19,8,4,0,0,0,0,0,0,0,1,1,5,6,2,47,8,1598,1,7,NISSAN QASHQAI,1,E01026826,0,-1
2020160941109,2020,160941109,1,9,0,5,5,7,3,0,0,0,0,0,0,0,1,1,6,6,1,54,8,1461,2,5,NISSAN QASHQAI,5,E01013255,0,-1
2020010252653,2020,010252653,2,9,0,18,19,3,7,0,0,1,0,0,0,0,1,1,6,6,1,34,6,1461,2,4,NISSAN QASHQAI,1,E01001356,0,-1
2020230937844,2020,230937844,1,9,0,18,19,4,8,0,0,0,0,0,5,6,1,1,2,2,1,57,9,1461,2,3,NISSAN QASHQAI,6,E01018514,0,-1
2020211009887,2020,211009887,1,9,-1,-1,-1,8,6,-1,-1,-1,-1,-1,-1,0,-1,1,6,6,1,73,10,1332,1,1,NISSAN QASHQAI,7,E01014310,0,-1
2020460962162,2020,460962162,1,9,0,10,10,3,5,0,0,5,0,0,0,0,1,1,5,6,1,-1,-1,1197,1,3,NISSAN QASHQAI,4,E01024258,0,-1
2020010267823,2020,010267823,2,9,0,3,3,1,5,0,0,0,0,0,0,0,2,1,6,6,2,39,7,1461,2,7,NISSAN QASHQAI,-1,-1,0,-1
2020420972821,2020,420972821,2,9,0,2,2,0,0,0,0,2,0,10,0,0,1,1,6,6,3,-1,-1,1997,1,11,NISSAN QASHQAI,-1,-1,0,-1
2020010249567,2020,010249567,1,9,0,18,19,3,7,0,0,1,0,0,0,0,3,1,6,6,2,50,8,1461,2,1,NISSAN QASHQAI,10,E01000758,0,-1
2020010251891,2020,010251891,2,9,0,99,99,9,9,99,99,9,9,99,9,99,2,9,6,6,3,-1,-1,1332,1,0,NISSAN QASHQAI,-1,-1,0,-1
2020622000354,2020,622000354,1,9,0,4,4,4,8,0,0,2,0,0,0,0,1,1,6,6,2,43,7,1598,2,5,NISSAN QASHQAI,1,W01001699,0,-1
2020450943089,2020,450943089,2,9,0,18,19,7,3,0,0,0,1,0,1,9,3,1,5,6,2,24,5,1997,1,7,NISSAN QASHQAI,6,E01022890,0,-1
2020170L10910,2020,170L10910,1,9,0,18,19,4,8,0,0,0,0,0,7,4,1,1,6,6,2,37,7,1461,2,9,NISSAN QASHQAI,5,E01012140,0,-1
2020470974189,2020,470974189,1,9,0,1,1,3,7,0,0,6,0,0,0,0,2,1,5,6,2,62,9,1461,2,9,NISSAN QASHQAI,3,E01031360,0,-1
2020200995462,2020,200995462,1,9,0,12,12,4,8,0,0,0,0,0,0,0,3,1,6,6,1,42,7,1332,1,0,NISSAN QASHQAI,-1,-1,0,-1
2020622000375,2020,622000375,1,9,0,18,19,8,4,0,0,0,0,0,1,0,1,1,1,1,1,39,7,1461,2,5,NISSAN QASHQAI,5,W01001161,0,-1
2020140933666,2020,140933666,4,9,0,3,3,5,1,0,0,0,0,0,0,0,2,1,6,6,2,36,7,1598,1,7,NISSAN QASHQAI,3,E01007966,0,-1
2020137B71468,2020,137B71468,1,9,0,17,19,3,7,0,0,0,5,10,0,0,0,1,6,6,1,46,8,1598,1,13,NISSAN QASHQAI,1,E01011671,0,-1
2020070404955,2020,070404955,1,9,0,18,19,4,8,0,0,0,0,0,0,0,0,1,6,6,1,29,6,1461,2,6,NISSAN QASHQAI,5,E01006142,0,-1
2020302001359,2020,302001359,3,9,0,18,19,6,2,0,0,0,0,1,0,0,1,1,6,6,1,46,8,1461,2,1,NISSAN QASHQAI,3,E01013572,0,-1
2020470989599,2020,470989599,1,9,0,18,19,4,8,9,9,0,0,0,0,0,4,1,6,6,2,25,5,1461,2,10,NISSAN QASHQAI,1,E01020972,0,-1
2020010260484,2020,010260484,2,9,0,18,19,1,5,0,0,1,0,0,0,0,4,1,6,6,2,57,9,1997,1,12,NISSAN QASHQAI,3,E01003264,0,-1
2020990962137,2020,990962137,2,9,0,18,19,5,7,0,0,1,0,0,0,0,4,1,5,6,2,28,6,1461,2,3,NISSAN QASHQAI,7,-1,0,-1
2020461000240,2020,461000240,2,9,0,18,19,6,2,9,9,0,5,0,1,9,1,1,1,1,1,40,7,1197,1,5,NISSAN QASHQAI,1,E01024580,0,-1
2020302001626,2020,302001626,1,9,0,18,19,3,7,0,0,0,0,11,7,11,4,1,6,6,1,27,6,1461,2,2,NISSAN QASHQAI,3,E01019541,0,-1
2020040968006,2020,040968006,1,9,0,7,7,1,5,0,0,0,0,0,0,0,1,1,1,1,2,67,10,1995,2,9,NISSAN QASHQAI,4,E01033072,0,-1
2020400999702,2020,400999702,2,9,0,2,2,0,0,0,0,0,0,0,0,0,2,1,6,6,3,-1,-1,1598,1,6,NISSAN QASHQAI,-1,-1,0,-1
2020100925670,2020,100925670,2,9,0,2,2,7,3,0,0,0,0,0,0,0,3,1,5,6,1,64,9,1197,1,2,NISSAN QASHQAI,4,E01008347,0,-1
2020070583724,2020,070583724,3,9,0,2,2,0,0,0,0,2,0,0,0,0,4,1,6,6,1,34,6,1197,1,5,NISSAN QASHQAI,1,E01005313,0,-1
2020010264173,2020,010264173,2,9,0,99,99,9,9,99,99,1,9,99,9,99,1,9,6,6,3,-1,-1,1332,1,1,NISSAN QASHQAI,-1,-1,0,-1
2020101008542,2020,101008542,1,9,0,6,6,3,7,0,0,8,0,0,0,0,1,1,2,2,2,64,9,1461,2,3,NISSAN QASHQAI,2,E01008644,0,-1
2020010261438,2020,010261438,1,9,0,99,99,9,9,99,99,1,9,99,9,99,2,9,6,6,2,29,6,1332,1,1,NISSAN QASHQAI,8,E01031873,0,-1
2020010242031,2020,010242031,1,9,0,14,14,5,1,0,0,1,0,0,0,0,1,1,6,6,1,51,8,1197,1,5,NISSAN QASHQAI,2,E01001706,0,-1
2020010270832,2020,010270832,2,9,0,99,99,9,9,99,99,9,9,99,9,99,0,9,6,6,3,-1,-1,1598,1,7,NISSAN QASHQAI,10,E01021243,0,-1
2020360986935,2020,360986935,1,9,0,18,19,1,7,0,0,0,0,0,0,0,4,1,2,2,2,48,8,1461,2,2,NISSAN QASHQAI,3,E01015619,0,-1
2020461003241,2020,461003241,2,9,0,3,3,7,3,0,0,0,0,0,0,0,2,1,6,6,2,30,6,1332,1,1,NISSAN QASHQAI,7,E01024515,0,-1
2020010254063,2020,010254063,1,9,0,18,19,5,1,0,0,1,0,0,0,0,3,1,6,6,1,50,8,1995,2,7,NISSAN QASHQAI,4,E01004401,0,-1
2020340C00232,2020,340C00232,1,9,0,18,19,2,6,0,0,0,0,0,0,0,3,1,3,7,2,43,7,1461,2,6,NISSAN QASHQAI,8,E01032966,0,-1
2020622000281,2020,622000281,2,9,0,4,4,2,6,0,0,0,0,0,0,0,2,1,6,6,1,64,9,1197,1,5,NISSAN QASHQAI,7,W01001877,0,-1
2020201017852,2020,201017852,3,9,0,2,2,0,0,0,0,0,0,0,0,0,4,1,6,6,2,65,9,1461,2,10,NISSAN QASHQAI,10,E01009723,0,-1
2020010234287,2020,010234287,2,9,0,99,99,9,9,99,99,9,9,99,9,99,9,9,6,6,3,-1,-1,1198,1,6,NISSAN QASHQAI,9,E01002192,0,-1
202031B060620,2020,31B060620,2,9,0,18,19,5,1,0,0,0,0,0,0,0,4,1,6,6,1,30,6,1461,2,8,NISSAN QASHQAI,10,E01026198,0,-1
2020440495830,2020,440495830,1,9,0,18,19,3,7,0,0,0,1,0,4,6,2,1,6,6,2,34,6,1461,2,2,NISSAN QASHQAI,1,E01017210,0,-1
2020460976504,2020,460976504,1,9,0,18,19,4,8,0,0,0,1,0,0,0,1,1,5,6,1,56,9,1461,2,3,NISSAN QASHQAI,4,E01027187,0,-1
2020100973040,2020,100973040,2,9,0,7,7,3,1,0,0,3,0,0,0,0,4,1,5,6,1,49,8,1461,2,6,NISSAN QASHQAI,2,E01027398,0,-1
202006XF71627,2020,06XF71627,2,9,0,18,19,3,7,0,0,0,0,0,0,0,1,1,6,6,2,35,6,1461,2,11,NISSAN QASHQAI,1,E01004870,0,-1
202006M277348,2020,06M277348,1,9,0,7,7,2,4,0,0,8,0,0,0,0,1,1,2,2,2,40,7,1197,1,5,NISSAN QASHQAI,10,E01006101,0,-1
2020340C09132,2020,340C09132,1,9,0,18,19,6,2,0,0,0,0,0,0,0,1,1,2,2,1,47,8,1618,1,4,NISSAN QASHQAI,7,E01026978,0,-1
2020211023660,2020,211023660,1,9,0,18,19,4,8,0,0,0,0,0,0,0,1,1,6,6,1,35,6,1461,2,12,NISSAN QASHQAI,2,E01029809,0,-1
2020440287653,2020,440287653,4,9,0,18,19,8,4,0,0,0,0,0,0,0,1,1,6,6,1,29,6,1461,2,9,NISSAN QASHQAI,4,E01025073,0,-1
202006J166226,2020,06J166226,2,9,0,9,9,6,4,0,0,8,0,0,0,0,3,1,6,6,2,21,5,1197,1,3,NISSAN QASHQAI,3,E01005982,0,-1
2020500988959,2020,500988959,2,9,0,3,3,5,8,0,0,1,0,0,0,0,2,1,5,6,1,64,9,1332,1,1,NISSAN QASHQAI,10,E01025714,0,-1
2020010253716,2020,010253716,2,9,0,18,19,8,4,0,0,1,0,0,1,0,1,1,6,6,2,33,6,1461,2,5,NISSAN QASHQAI,2,E01001753,0,-1
2020200945807,2020,200945807,2,9,0,18,19,2,6,0,0,0,0,0,0,0,1,1,6,6,1,45,7,1461,2,4,NISSAN QASHQAI,1,E01009203,0,-1
2020350965330,2020,350965330,1,9,0,18,19,1,5,0,0,3,0,0,0,0,1,1,5,6,2,32,6,1598,2,7,NISSAN QASHQAI,9,E01018181,0,-1
2020220934701,2020,220934701,2,9,0,16,19,1,4,0,0,0,0,0,0,0,1,1,5,6,1,88,11,1461,2,3,NISSAN QASHQAI,5,E01028948,0,-1
2020052001169,2020,052001169,2,9,0,17,19,5,1,0,0,0,0,0,0,0,1,1,6,6,2,28,6,1994,2,12,NISSAN QASHQAI,3,E01006534,0,-1
202054B010620,2020,54B010620,1,9,0,18,19,2,6,0,0,1,1,0,0,0,1,1,6,6,1,35,6,1598,2,4,NISSAN QASHQAI,8,E01031946,0,-1
2020350924597,2020,350924597,5,9,0,18,19,2,6,0,0,0,0,0,0,0,3,1,2,2,1,48,8,1332,1,1,NISSAN QASHQAI,8,E01023321,0,-1
2020520100394,2020,520100394,1,9,0,18,19,5,1,0,0,0,0,0,0,0,2,1,6,6,1,29,6,1598,2,4,NISSAN QASHQAI,3,E01029280,0,-1
2020421003891,2020,421003891,2,9,0,18,19,6,2,0,0,1,0,0,0,0,1,1,5,6,1,37,7,1461,2,6,NISSAN QASHQAI,9,E01021623,0,-1
202063B049620,2020,63B049620,2,9,0,4,4,3,6,0,0,1,0,0,0,0,2,1,6,6,1,34,6,1198,1,6,NISSAN QASHQAI,7,E01014043,0,-1
2020470928304,2020,470928304,3,9,0,4,4,2,6,0,0,2,0,0,0,0,2,1,5,6,1,22,5,1198,1,5,NISSAN QASHQAI,3,E01020913,0,-1
2020320279963,2020,320279963,2,9,0,18,19,5,1,0,0,1,0,0,0,0,1,1,6,6,1,71,10,1198,1,6,NISSAN QASHQAI,9,E01026118,0,-1
2020200997234,2020,200997234,1,9,0,5,5,4,8,0,0,4,0,0,0,0,3,1,6,6,1,39,7,1461,2,4,NISSAN QASHQAI,1,E01009338,0,-1
2020052001310,2020,052001310,1,9,0,9,9,7,5,0,0,8,0,0,0,0,4,1,6,6,1,40,7,1197,1,4,NISSAN QASHQAI,7,W01000255,0,-1
2020420981547,2020,420981547,2,9,0,18,19,5,1,0,0,2,0,0,0,0,3,1,5,6,2,40,7,1598,1,9,NISSAN QASHQAI,2,E01021270,0,-1
2020552000311,2020,552000311,2,9,0,4,4,1,5,0,0,8,0,0,0,0,2,1,2,2,2,51,8,1598,2,6,NISSAN QASHQAI,6,E01020398,0,-1
2020010234321,2020,010234321,2,9,0,9,9,3,1,0,0,3,1,0,0,0,4,1,6,6,2,30,6,1461,2,2,NISSAN QASHQAI,8,E01001100,0,-1
2020160993896,2020,160993896,2,9,0,3,3,1,5,0,0,0,0,0,0,0,2,1,6,6,1,77,11,1332,1,0,NISSAN QASHQAI,4,E01012938,0,-1
2020470915444,2020,470915444,2,9,0,4,4,5,1,0,0,1,0,0,0,0,2,1,6,6,1,41,7,1598,1,6,NISSAN QASHQAI,4,E01031575,0,-1
2020450953550,2020,450953550,1,9,0,9,9,7,1,0,0,6,1,0,0,0,3,1,5,6,1,38,7,1997,1,11,NISSAN QASHQAI,4,E01002987,0,-1
2020070669294,2020,070669294,1,9,0,1,1,8,4,0,0,6,0,0,0,0,2,1,6,6,2,71,10,1461,2,12,NISSAN QASHQAI,8,E01018493,0,-1
2020410974539,2020,410974539,2,9,0,9,9,5,3,0,0,1,0,0,0,0,3,1,5,6,2,47,8,1598,1,7,NISSAN QASHQAI,10,E01023454,0,-1
2020370941525,2020,370941525,1,9,0,18,19,7,3,0,0,1,0,0,0,0,1,1,1,1,1,31,6,1461,2,7,NISSAN QASHQAI,10,E01030172,0,-1
2020137AH0971,2020,137AH0971,1,9,0,1,1,3,7,0,0,0,0,0,0,0,2,1,6,6,1,35,6,1461,2,4,NISSAN QASHQAI,-1,-1,0,-1
2020302000882,2020,302000882,2,9,0,7,7,2,4,0,0,5,0,0,0,0,1,1,6,6,1,63,9,1332,1,0,NISSAN QASHQAI,3,E01019665,0,-1
2020302001268,2020,302001268,2,9,0,18,19,3,7,0,0,1,0,4,0,0,1,1,2,2,2,39,7,1461,2,9,NISSAN QASHQAI,9,E01013514,0,-1
2020200947378,2020,200947378,1,9,0,4,4,8,4,0,0,1,0,4,0,0,1,1,3,7,2,30,6,1461,2,5,NISSAN QASHQAI,2,E01009998,0,-1
2020440061932,2020,440061932,2,9,0,18,19,6,2,0,0,0,0,0,0,0,1,1,1,1,1,64,9,1461,2,8,NISSAN QASHQAI,-1,-1,0,-1
2020471004584,2020,471004584,1,9,0,4,4,6,2,0,0,1,0,0,0,0,2,1,5,6,1,42,7,1461,2,10,NISSAN QASHQAI,5,E01016963,0,-1
2020400933155,2020,400933155,1,9,0,18,19,8,4,0,0,0,1,4,0,0,1,1,5,6,2,36,7,1461,2,7,NISSAN QASHQAI,5,E01017440,0,-1
2020450965487,2020,450965487,2,9,0,4,4,1,1,0,0,0,0,0,0,0,2,1,5,6,2,53,8,1997,1,9,NISSAN QASHQAI,8,E01032571,0,-1
2020522002064,2020,522002064,1,9,0,18,19,6,2,0,0,8,0,0,0,0,1,1,6,6,2,39,7,1461,2,5,NISSAN QASHQAI,1,E01014582,0,-1
2020302000260,2020,302000260,1,9,0,18,19,7,4,0,0,1,0,0,0,0,2,1,6,6,2,36,7,1461,2,13,NISSAN QASHQAI,4,E01013548,0,-1
20201374H0477,2020,1374H0477,1,9,0,18,19,2,6,0,0,2,0,0,0,0,1,1,6,6,1,44,7,1461,2,4,NISSAN QASHQAI,1,E01011337,0,-1
2020010254968,2020,010254968,1,9,0,99,99,9,9,99,99,0,9,99,9,99,9,9,6,6,1,36,7,1461,2,2,NISSAN QASHQAI,6,E01015942,0,-1
2020340N03272,2020,340N03272,3,9,0,3,3,4,8,0,0,8,0,0,0,0,1,1,6,6,1,76,11,1197,1,5,NISSAN QASHQAI,3,E01027240,0,-1
2020400994206,2020,400994206,4,9,0,18,19,5,1,0,0,2,0,0,0,0,3,1,5,6,1,59,9,1198,1,5,NISSAN QASHQAI,3,E01017453,0,-1
2020500944834,2020,500944834,1,9,0,18,19,4,8,0,0,8,0,0,0,0,1,1,2,2,2,30,6,1598,1,12,NISSAN QASHQAI,2,E01015073,0,-1
2020010269424,2020,010269424,1,9,0,18,19,3,7,0,0,2,0,0,0,0,1,1,2,2,2,32,6,1332,1,1,NISSAN QASHQAI,5,E01000379,0,-1
2020401004615,2020,401004615,1,9,0,18,19,1,3,0,0,0,1,0,0,0,4,1,5,6,2,56,9,1461,2,4,NISSAN QASHQAI,-1,-1,0,-1
2020440229254,2020,440229254,2,9,0,18,19,5,1,0,0,8,0,0,0,0,1,1,6,6,2,26,6,1461,2,10,NISSAN QASHQAI,7,E01022634,0,-1
2020010261384,2020,010261384,2,9,0,18,19,1,5,0,0,2,0,0,0,0,1,1,6,6,2,37,7,1997,1,12,NISSAN QASHQAI,6,E01003754,0,-1
2020010277763,2020,010277763,1,9,0,99,99,9,9,99,99,9,9,99,9,99,9,9,6,6,2,41,7,1598,1,8,NISSAN QASHQAI,9,E01000341,0,-1
202006Q177754,2020,06Q177754,2,9,0,3,3,5,1,0,0,1,0,0,0,0,1,1,6,6,1,36,7,1598,1,7,NISSAN QASHQAI,4,E01005436,0,-1
2020460976307,2020,460976307,3,9,0,18,19,3,7,0,0,1,0,0,0,0,1,1,6,6,1,49,8,1197,1,4,NISSAN QASHQAI,1,E01024597,0,-1
2020010277872,2020,010277872,2,9,0,18,19,5,1,0,0,0,0,0,0,0,2,1,6,6,1,30,6,1198,1,6,NISSAN QASHQAI,4,E01003715,0,-1
2020160933492,2020,160933492,1,9,0,18,19,5,1,0,0,1,0,0,0,0,3,1,5,6,2,47,8,1598,1,9,NISSAN QASHQAI,5,E01013274,0,-1
20201371T1584,2020,1371T1584,2,9,0,7,7,1,4,0,0,8,2,0,0,0,4,1,2,2,1,36,7,1461,2,2,NISSAN QASHQAI,8,E01010575,0,-1
2020010238709,2020,010238709,2,9,0,18,19,3,7,0,0,6,0,0,0,0,2,1,6,6,1,43,7,1197,1,3,NISSAN QASHQAI,8,E01002216,0,-1
2020501024127,2020,501024127,2,9,0,18,19,5,1,0,0,0,0,0,0,0,1,1,5,6,1,47,8,1461,2,8,NISSAN QASHQAI,9,E01033234,0,-1
2020420958280,2020,420958280,2,9,0,18,19,3,7,0,0,0,0,0,0,0,1,1,5,6,2,33,6,1198,1,6,NISSAN QASHQAI,8,E01021926,0,-1
2020500925203,2020,500925203,3,9,0,4,4,3,7,0,0,0,0,0,0,0,1,1,5,6,2,60,9,1598,1,11,NISSAN QASHQAI,8,E01016888,0,-1
2020450986164,2020,450986164,1,9,0,7,7,3,7,0,0,8,0,0,7,0,3,1,6,6,2,47,8,1598,1,10,NISSAN QASHQAI,8,E01030722,0,-1
2020140936674,2020,140936674,1,9,0,18,19,1,5,0,0,0,0,0,0,0,2,1,2,2,1,48,8,1997,1,11,NISSAN QASHQAI,8,E01007527,0,-1
2020522005073,2020,522005073,1,9,0,3,3,7,3,0,0,0,0,0,0,0,4,1,6,6,2,29,6,1461,2,5,NISSAN QASHQAI,3,E01014811,0,-1
2020990970107,2020,990970107,1,9,0,15,15,7,3,0,0,1,0,0,0,0,3,1,5,6,2,47,8,1461,2,4,NISSAN QASHQAI,10,-1,0,-1
2020320532555,2020,320532555,1,9,0,18,19,1,1,0,0,8,1,0,1,0,1,2,6,6,2,30,6,1197,1,3,NISSAN QASHQAI,7,E01026319,0,-1
20201379J0803,2020,1379J0803,2,9,0,18,19,6,2,0,0,8,0,0,0,0,4,1,6,6,1,56,9,1197,1,2,NISSAN QASHQAI,2,E01010605,0,-1
2020010283534,2020,010283534,2,9,0,5,5,3,7,0,0,1,0,0,0,0,1,1,2,2,1,30,6,1197,1,4,NISSAN QASHQAI,8,E01030860,0,-1
2020010269404,2020,010269404,1,9,0,99,99,9,9,99,99,0,9,99,9,99,2,9,6,6,1,39,7,1598,1,8,NISSAN QASHQAI,2,E01003593,0,-1
2020070511546,2020,070511546,1,9,0,3,3,4,8,0,0,4,0,0,0,0,1,1,6,6,2,50,8,1461,2,9,NISSAN QASHQAI,4,E01014268,0,-1
2020350973811,2020,350973811,2,9,0,18,19,4,8,0,0,0,0,0,0,0,2,1,5,6,1,26,6,1332,1,1,NISSAN QASHQAI,10,E01033175,0,-1
2020990932721,2020,990932721,2,9,0,3,3,4,8,0,0,0,0,0,0,0,2,1,5,6,2,31,6,1461,2,2,NISSAN QASHQAI,4,-1,0,-1
2020010258820,2020,010258820,1,9,0,99,99,9,9,99,99,9,9,99,9,99,3,9,6,6,2,34,6,1332,1,0,NISSAN QASHQAI,5,E01025137,0,-1
2020200997471,2020,200997471,1,9,0,9,9,1,6,0,0,5,0,0,0,0,4,1,6,6,1,72,10,1598,1,11,NISSAN QASHQAI,2,E01009263,0,-1
2020030973346,2020,030973346,1,9,0,18,19,5,1,0,0,0,0,0,0,0,1,1,5,6,1,24,5,1998,2,9,NISSAN QASHQAI,5,E01019359,0,-1
2020122000625,2020,122000625,1,9,0,18,19,7,3,0,0,8,0,0,0,0,3,1,6,6,2,29,6,1994,2,12,NISSAN QASHQAI,3,E01008805,0,-1
2020010263106,2020,010263106,1,9,0,9,9,7,4,0,0,2,0,0,0,0,1,1,6,6,2,41,7,1197,1,3,NISSAN QASHQAI,-1,-1,0,-1
2020410982274,2020,410982274,2,9,0,18,19,5,1,0,0,0,0,0,0,0,1,1,6,6,2,55,8,1461,2,6,NISSAN QASHQAI,9,E01023442,0,-1
2020010246272,2020,010246272,1,9,0,5,5,8,4,0,0,0,0,0,0,0,1,1,2,2,1,39,7,1461,2,8,NISSAN QASHQAI,4,E01001087,0,-1
2020201023779,2020,201023779,2,9,0,2,2,0,0,0,0,0,0,4,1,0,2,1,6,6,1,55,8,1461,2,8,NISSAN QASHQAI,2,E01009877,0,-1
2020410972166,2020,410972166,1,9,0,18,19,7,1,0,0,0,0,0,0,0,4,1,5,6,1,26,6,1198,1,6,NISSAN QASHQAI,9,E01023477,0,-1
2020430137238,2020,430137238,2,9,0,18,19,7,3,0,0,0,1,0,1,7,2,1,6,6,1,34,6,1598,1,7,NISSAN QASHQAI,5,E01002584,0,-1
202006K278497,2020,06K278497,1,9,0,18,19,6,2,0,0,1,5,0,0,0,1,1,6,6,1,40,7,1461,2,10,NISSAN QASHQAI,1,E01004960,0,-1
2020440016961,2020,440016961,1,9,0,18,19,1,5,0,0,0,0,0,0,0,1,1,6,6,2,41,7,1461,2,3,NISSAN QASHQAI,3,E01017348,0,-1
202006Q273096,2020,06Q273096,2,9,0,18,19,3,7,0,0,8,0,0,0,0,4,1,6,6,2,48,8,1197,1,4,NISSAN QASHQAI,3,E01005445,0,-1
2020990941320,2020,990941320,1,9,0,5,5,1,5,0,0,0,0,0,0,0,1,1,5,6,1,60,9,1461,2,3,NISSAN QASHQAI,10,-1,0,-1
2020010268779,2020,010268779,2,9,0,18,19,5,1,0,0,8,2,0,0,0,3,1,6,6,2,41,7,1598,1,9,NISSAN QASHQAI,3,E01000515,0,-1
2020461000880,2020,461000880,1,9,0,9,9,1,5,0,0,5,0,0,0,0,1,1,5,6,2,67,10,1997,1,13,NISSAN QASHQAI,5,E01024786,0,-1
2020070168268,2020,070168268,2,9,0,4,4,2,6,0,0,8,0,0,0,0,3,1,2,2,1,39,7,1598,2,7,NISSAN QASHQAI,6,E01033670,0,-1
2020137251704,2020,137251704,1,9,0,18,19,4,8,0,0,0,0,0,0,0,1,1,6,6,1,53,8,1332,1,1,NISSAN QASHQAI,5,E01011855,0,-1
2020460929455,2020,460929455,1,9,0,18,19,3,7,0,0,1,0,0,0,0,1,1,5,6,2,66,10,1598,2,8,NISSAN QASHQAI,5,E01024831,0,-1
2020010259684,2020,010259684,1,9,0,18,19,8,4,0,0,2,0,0,0,0,1,1,6,6,1,46,8,1997,1,12,NISSAN QASHQAI,2,E01003320,0,-1
2020010271735,2020,010271735,2,9,0,2,2,0,0,0,0,0,0,0,0,0,1,1,6,6,3,-1,-1,1598,1,13,NISSAN QASHQAI,-1,-1,0,-1
2020450934570,2020,450934570,1,9,0,7,7,1,7,0,0,6,0,0,0,0,4,1,5,6,2,31,6,1598,1,7,NISSAN QASHQAI,10,E01030891,0,-1