collision_index,collision_year,collision_ref_no,vehicle_reference,vehicle_type,towing_and_articulation,vehicle_manoeuvre_historic,vehicle_manoeuvre,vehicle_direction_from,vehicle_direction_to,vehicle_location_restricted_lane_historic,vehicle_location_restricted_lane,junction_location,skidding_and_overturning,hit_object_in_carriageway,vehicle_leaving_carriageway,hit_object_off_carriageway,first_point_of_impact,vehicle_left_hand_drive,journey_purpose_of_driver_historic,journey_purpose_of_driver,sex_of_driver,age_of_driver,age_band_of_driver,engine_capacity_cc,propulsion_code,age_of_vehicle,generic_make_model,driver_imd_decile,lsoa_of_driver,escooter_flag,driver_distance_banding
2020430018422,2020,430018422,2,9,0,18,19,5,1,0,0,0,0,0,0,0,1,1,6,6,2,45,7,1995,2,8,NISSAN QASHQAI,1,E01016742,0,-1
2020201019431,2020,201019431,3,9,0,3,3,6,2,0,0,0,0,0,0,0,2,1,1,1,3,46,8,1461,2,10,NISSAN QASHQAI,1,E01009571,0,-1
2020400932020,2020,400932020,2,9,0,4,4,4,8,0,0,4,0,0,0,0,1,1,5,6,2,73,10,1461,2,11,NISSAN QASHQAI,7,E01023424,0,-1
2020010249668,2020,010249668,2,9,0,99,99,9,9,99,99,9,9,99,9,99,9,9,6,6,3,-1,-1,1598,1,9,NISSAN QASHQAI,-1,-1,0,-1
2020460939523,2020,460939523,2,9,0,2,2,0,0,0,0,0,0,0,0,0,2,1,6,6,2,-1,-1,1461,2,2,NISSAN QASHQAI,6,E01024038,0,-1
2020010257332,2020,010257332,1,9,0,5,5,5,1,0,0,1,0,4,0,0,1,1,6,6,1,37,7,1598,1,10,NISSAN QASHQAI,5,E01003415,0,-1
2020010237883,2020,010237883,1,9,0,18,19,6,2,0,0,1,0,0,0,0,2,1,6,6,1,50,8,1994,2,12,NISSAN QASHQAI,1,E01001549,0,-1
2020010234213,2020,010234213,2,9,0,99,99,9,9,99,99,9,9,99,9,99,1,9,6,6,3,-1,-1,1598,1,8,NISSAN QASHQAI,7,E01002465,0,-1
2020440255278,2020,440255278,2,9,0,2,2,0,0,0,0,0,0,0,0,0,2,1,6,6,1,63,9,1197,1,2,NISSAN QASHQAI,-1,-1,0,-1
2020070085382,2020,070085382,1,9,0,18,19,4,8,0,0,2,5,7,0,7,1,1,6,6,2,43,7,1598,1,9,NISSAN QASHQAI,3,E01030901,0,-1
2020420966363,2020,420966363,1,9,0,16,19,1,7,0,0,0,0,0,0,0,1,1,5,6,2,43,7,1997,1,13,NISSAN QASHQAI,3,E01021859,0,-1
2020160951493,2020,160951493,1,9,0,18,19,5,1,0,0,0,0,0,0,0,1,1,2,2,1,34,6,1461,2,5,NISSAN QASHQAI,6,E01013176,0,-1
2020010268978,2020,010268978,3,9,0,9,9,7,5,0,0,8,2,0,0,0,4,1,6,6,1,44,7,1461,2,4,NISSAN QASHQAI,6,E01020482,0,-1
2020010262907,2020,010262907,2,9,0,99,99,9,9,99,99,9,9,99,9,99,2,9,6,6,3,-1,-1,1332,1,0,NISSAN QASHQAI,-1,-1,0,-1
2020140975303,2020,140975303,3,9,0,18,19,1,5,0,0,0,0,0,0,0,3,1,5,6,1,72,10,1598,2,7,NISSAN QASHQAI,9,E01019779,0,-1
2020440006727,2020,440006727,2,9,0,2,2,0,0,0,0,8,0,0,0,0,3,1,6,6,3,-1,-1,1598,2,6,NISSAN QASHQAI,-1,-1,0,-1
2020010249788,2020,010249788,2,9,0,7,7,3,5,0,0,1,9,0,0,99,4,9,6,6,1,-1,-1,1461,2,3,NISSAN QASHQAI,2,E01004238,0,-1
2020430233581,2020,430233581,2,9,0,4,4,1,2,0,0,1,0,0,0,0,2,1,6,6,1,39,7,1461,2,8,NISSAN QASHQAI,1,E01016845,0,-1
2020460952488,2020,460952488,1,9,0,5,5,7,3,0,0,7,0,0,0,0,1,1,2,2,1,51,8,1598,1,13,NISSAN QASHQAI,6,E01024491,0,-1
2020010273661,2020,010273661,1,9,0,99,99,9,9,99,99,9,9,99,9,99,1,9,2,2,2,32,6,1598,1,8,NISSAN QASHQAI,4,E01000978,0,-1
2020052001776,2020,052001776,2,9,0,18,19,6,2,0,0,1,0,0,0,0,1,1,6,6,1,79,11,1461,2,2,NISSAN QASHQAI,7,E01006668,0,-1
2020320130257,2020,320130257,1,9,0,5,5,1,5,0,0,1,0,0,0,0,2,1,6,6,2,29,6,1618,1,3,NISSAN QASHQAI,-1,-1,0,-1
2020010265485,2020,010265485,2,9,0,99,99,9,9,99,99,9,9,99,9,99,9,9,6,6,3,-1,-1,1598,1,7,NISSAN QASHQAI,-1,-1,0,-1
2020440441875,2020,440441875,1,9,0,9,9,3,1,0,0,8,0,0,0,0,1,1,6,6,2,51,8,1598,1,7,NISSAN QASHQAI,1,E01017037,0,-1
2020552000232,2020,552000232,3,9,0,2,2,0,0,0,0,0,0,0,0,0,1,1,6,6,3,-1,-1,1461,2,4,NISSAN QASHQAI,-1,-1,0,-1
2020430089227,2020,430089227,1,9,0,9,9,6,4,0,0,6,0,0,0,0,3,1,2,2,2,62,9,1598,2,4,NISSAN QASHQAI,9,E01028738,0,-1
20201379S0260,2020,1379S0260,1,9,0,18,19,5,1,0,0,0,0,0,0,0,1,1,6,6,1,58,9,1332,1,0,NISSAN QASHQAI,-1,-1,0,-1
2020430037746,2020,430037746,1,9,0,7,7,1,3,0,0,6,0,0,0,0,4,1,6,6,1,50,8,1198,1,5,NISSAN QASHQAI,-1,-1,0,-1
2020460934572,2020,460934572,1,9,0,18,19,-1,-1,0,0,1,1,0,0,0,3,1,6,6,2,-1,-1,1598,2,2,NISSAN QASHQAI,8,E01016093,0,-1
2020990939737,2020,990939737,2,9,0,3,3,7,3,0,0,0,0,0,0,0,2,1,1,1,1,46,8,1461,2,4,NISSAN QASHQAI,3,-1,0,-1
2020522002935,2020,522002935,2,9,0,3,3,4,8,0,0,8,0,0,0,0,1,1,6,6,2,47,8,1598,2,7,NISSAN QASHQAI,-1,-1,0,-1
2020360943682,2020,360943682,1,9,0,5,5,5,1,0,0,1,0,0,0,0,1,1,6,6,2,32,6,1197,1,2,NISSAN QASHQAI,2,E01026834,0,-1
202006Q267323,2020,06Q267323,3,9,0,4,4,6,2,0,0,1,0,0,0,0,2,1,6,6,2,38,7,1197,1,2,NISSAN QASHQAI,1,E01033678,0,-1
2020460996336,2020,460996336,1,9,0,9,9,1,7,0,0,6,0,0,0,0,4,1,6,6,1,70,10,1461,2,5,NISSAN QASHQAI,6,E01024628,0,-1
2020010278118,2020,010278118,2,9,0,4,4,7,3,0,0,0,0,0,0,0,2,1,6,6,2,44,7,1198,1,5,NISSAN QASHQAI,2,E01000096,0,-1
2020470922298,2020,470922298,3,9,0,3,3,2,6,0,0,1,0,0,0,0,3,1,5,6,2,49,8,1995,2,8,NISSAN QASHQAI,7,E01031766,0,-1
2020461017590,2020,461017590,2,9,0,5,5,1,3,0,0,2,0,0,0,0,1,1,3,7,2,33,6,1461,2,5,NISSAN QASHQAI,10,E01024755,0,-1
2020200961808,2020,200961808,1,9,0,5,5,3,7,0,0,6,0,0,0,0,1,1,2,2,1,38,7,1461,2,7,NISSAN QASHQAI,2,E01010077,0,-1
2020010285040,2020,010285040,1,9,0,18,19,7,3,0,0,0,0,0,0,0,1,1,6,6,2,45,7,1618,1,5,NISSAN QASHQAI,2,E01001491,0,-1
2020010233593,2020,010233593,1,9,0,99,99,9,9,99,99,9,9,99,9,99,1,1,6,6,2,38,7,1598,1,7,NISSAN QASHQAI,2,E01000102,0,-1
2020350979117,2020,350979117,1,9,0,13,13,1,5,0,0,0,0,0,1,0,1,1,6,6,2,46,8,1197,1,2,NISSAN QASHQAI,1,E01033112,0,-1
2020400915233,2020,400915233,2,9,0,3,3,1,5,0,0,2,0,0,0,0,2,1,6,6,2,47,8,1598,1,13,NISSAN QASHQAI,4,E01015734,0,-1
2020010251124,2020,010251124,2,9,0,18,19,5,1,0,0,8,0,0,0,0,1,1,1,1,2,46,8,1598,2,8,NISSAN QASHQAI,3,E01032581,0,-1
2020200988407,2020,200988407,2,9,0,16,19,6,1,0,0,0,0,10,0,0,1,1,6,6,1,82,11,1994,2,11,NISSAN QASHQAI,8,E01029651,0,-1
2020160947648,2020,160947648,2,9,0,18,19,1,5,0,0,1,0,0,0,0,4,1,1,1,1,59,9,1197,1,3,NISSAN QASHQAI,7,E01013096,0,-1
2020361001075,2020,361001075,5,9,0,18,19,3,7,0,0,0,-1,-1,-1,0,-1,1,6,6,1,39,7,1461,2,4,NISSAN QASHQAI,3,E01026621,0,-1
2020140924889,2020,140924889,1,9,0,3,3,6,1,0,0,2,0,0,0,0,2,1,5,6,2,34,6,1197,1,4,NISSAN QASHQAI,4,E01007353,0,-1
2020040953772,2020,040953772,1,9,0,5,5,7,3,0,0,1,0,0,0,0,1,1,5,6,1,66,10,1461,2,10,NISSAN QASHQAI,8,E01007032,0,-1
2020400982781,2020,400982781,1,9,0,3,3,5,1,0,0,0,0,0,0,0,1,1,6,6,2,43,7,1598,1,8,NISSAN QASHQAI,2,E01017539,0,-1
2020400969179,2020,400969179,2,9,1,4,4,7,3,0,0,0,0,0,0,0,2,1,5,6,2,38,7,1461,2,1,NISSAN QASHQAI,2,E01015779,0,-1
2020470919719,2020,470919719,3,9,0,4,4,1,6,0,0,0,0,10,1,0,1,1,2,2,2,29,6,1598,1,7,NISSAN QASHQAI,9,E01021056,0,-1
2020040964085,2020,040964085,1,9,0,18,19,1,5,0,0,4,5,0,7,0,1,1,2,2,1,33,6,1461,2,7,NISSAN QASHQAI,1,E01012603,0,-1
2020990941885,2020,990941885,2,9,0,3,3,4,8,0,0,1,0,0,0,0,2,1,5,6,2,27,6,1461,2,3,NISSAN QASHQAI,4,-1,0,-1
2020010246139,2020,010246139,1,9,9,99,99,9,9,0,0,1,0,0,0,0,1,9,6,6,1,37,7,1461,2,5,NISSAN QASHQAI,3,E01001661,0,-1
2020231006066,2020,231006066,2,9,0,9,9,7,5,0,0,5,0,0,0,0,4,1,5,6,2,63,9,1598,2,2,NISSAN QASHQAI,9,E01031151,0,-1
2020420935397,2020,420935397,2,9,0,4,4,3,7,0,0,1,0,0,0,0,2,1,5,6,2,30,6,1598,1,10,NISSAN QASHQAI,2,E01030013,0,-1
2020010283564,2020,010283564,1,9,0,5,5,5,1,7,6,1,0,0,0,0,1,2,6,6,2,57,9,1994,2,11,NISSAN QASHQAI,2,E01000041,0,-1
2020100991588,2020,100991588,1,9,0,18,19,4,8,0,0,0,0,0,0,0,0,1,6,6,1,49,8,1598,1,13,NISSAN QASHQAI,-1,-1,0,-1
2020520101374,2020,520101374,1,9,0,9,9,5,3,0,0,1,0,0,0,0,1,1,6,6,2,52,8,1461,2,9,NISSAN QASHQAI,10,E01029244,0,-1
2020010255788,2020,010255788,1,9,0,9,9,1,8,0,0,6,0,0,0,0,4,1,6,6,1,55,8,1461,2,10,NISSAN QASHQAI,4,E01016137,0,-1
2020371009348,2020,371009348,2,9,0,7,7,8,2,0,0,0,0,0,0,0,3,1,3,7,2,51,8,1461,2,5,NISSAN QASHQAI,10,E01030075,0,-1
2020471004042,2020,471004042,1,9,0,18,19,1,5,0,0,0,2,0,4,0,1,1,1,1,1,31,6,1461,2,5,NISSAN QASHQAI,8,E01021197,0,-1
2020030964198,2020,030964198,1,9,0,18,19,1,2,0,0,4,0,0,0,0,1,1,5,6,1,54,8,1598,1,10,NISSAN QASHQAI,5,-1,0,-1
202006J169952,2020,06J169952,2,9,0,1,1,3,7,0,0,8,0,0,0,0,2,1,6,6,1,63,9,1332,1,1,NISSAN QASHQAI,4,E01005877,0,-1
2020010279038,2020,010279038,2,9,0,18,19,1,5,0,0,0,0,0,7,0,0,1,3,7,2,47,8,1197,1,2,NISSAN QASHQAI,2,E01000152,0,-1
202031D105320,2020,31D105320,2,9,0,18,19,1,5,0,0,1,1,0,0,0,1,1,6,6,1,97,11,1197,1,2,NISSAN QASHQAI,5,E01028189,0,-1
2020450930307,2020,450930307,1,9,0,9,9,7,1,0,0,6,0,0,0,0,2,1,6,6,2,53,8,1994,2,13,NISSAN QASHQAI,-1,-1,0,-1
2020460931840,2020,460931840,2,9,0,18,19,1,5,0,0,0,0,0,0,0,1,1,6,6,1,26,6,1997,1,13,NISSAN QASHQAI,5,E01016029,0,-1
2020140967945,2020,140967945,2,9,0,2,2,0,0,9,9,0,0,0,0,0,3,1,5,6,1,24,5,1461,2,1,NISSAN QASHQAI,7,E01007860,0,-1
2020010244928,2020,010244928,1,9,0,18,19,5,1,0,0,8,0,0,1,11,1,1,6,6,1,25,5,1461,2,2,NISSAN QASHQAI,3,E01001003,0,-1
2020320650918,2020,320650918,2,9,0,7,7,3,5,0,0,1,0,0,0,0,2,1,2,2,2,47,8,1598,2,3,NISSAN QASHQAI,10,E01026364,0,-1
2020160927455,2020,160927455,1,9,0,7,7,6,8,0,0,6,0,0,0,0,1,1,2,2,2,34,6,1332,1,1,NISSAN QASHQAI,4,E01012820,0,-1
2020110950398,2020,110950398,1,9,0,1,1,7,3,0,0,0,0,0,0,0,2,1,1,1,1,57,9,1461,2,2,NISSAN QASHQAI,3,E01012355,0,-1
2020500964924,2020,500964924,2,9,0,18,19,7,3,0,0,0,0,0,0,0,1,1,5,6,1,66,10,1461,2,3,NISSAN QASHQAI,6,E01019938,0,-1
2020200926634,2020,200926634,2,9,0,18,19,2,6,0,0,4,0,0,0,0,1,1,6,6,1,31,6,1197,1,3,NISSAN QASHQAI,8,E01032126,0,-1
2020420988733,2020,420988733,2,9,0,18,19,5,1,0,0,8,0,0,1,1,1,1,6,6,1,41,7,1461,2,5,NISSAN QASHQAI,4,E01015958,0,-1
2020010259570,2020,010259570,1,9,0,9,9,5,2,0,0,5,0,0,0,0,3,1,6,6,2,30,6,1995,2,9,NISSAN QASHQAI,-1,-1,0,-1
2020010306670,2020,010306670,1,9,0,99,99,9,9,99,99,9,9,99,9,99,9,9,2,2,2,35,6,1997,1,10,NISSAN QASHQAI,2,E01004060,0,-1
2020400937998,2020,400937998,1,9,0,5,5,5,1,0,0,0,0,0,0,0,1,1,6,6,2,53,8,1461,2,4,NISSAN QASHQAI,10,E01017566,0,-1
2020100978564,2020,100978564,2,9,0,3,3,7,3,0,0,1,0,0,0,0,2,1,6,6,1,55,8,1461,2,2,NISSAN QASHQAI,4,E01008468,0,-1
2020530976490,2020,530976490,3,9,0,18,19,3,7,0,0,0,0,0,0,0,1,1,5,6,2,37,7,1461,2,10,NISSAN QASHQAI,5,E01022266,0,-1
202006XG76116,2020,06XG76116,1,9,0,18,19,3,6,0,0,7,0,0,0,0,3,1,2,2,1,26,6,1598,2,5,NISSAN QASHQAI,1,E01005953,0,-1
2020010261273,2020,010261273,2,9,0,4,4,3,7,0,0,1,0,0,0,0,2,1,6,6,2,24,5,1598,1,7,NISSAN QASHQAI,2,E01004055,0,-1
2020460996029,2020,460996029,1,9,0,6,6,2,6,0,0,4,0,0,0,0,3,1,5,6,1,61,9,1461,2,3,NISSAN QASHQAI,6,E01020142,0,-1
2020470980809,2020,470980809,2,9,0,18,19,7,3,0,0,1,0,0,0,0,3,1,5,6,2,48,8,1461,2,9,NISSAN QASHQAI,10,E01030871,0,-1
2020460984832,2020,460984832,2,9,0,18,19,5,1,0,0,0,0,2,0,0,3,1,5,6,1,53,8,1461,2,2,NISSAN QASHQAI,5,E01024198,0,-1
2020040976241,2020,040976241,1,9,0,18,19,1,5,9,9,0,0,0,0,0,1,1,6,6,2,35,6,1461,2,6,NISSAN QASHQAI,5,E01025243,0,-1
202063A017620,2020,63A017620,3,9,0,4,4,8,4,0,0,0,0,0,0,0,2,1,6,6,1,57,9,1994,2,11,NISSAN QASHQAI,4,E01014019,0,-1
2020160994895,2020,160994895,2,9,0,5,5,4,8,0,0,6,0,0,0,0,4,1,5,6,1,47,8,1197,1,3,NISSAN QASHQAI,5,E01012819,0,-1
2020161009441,2020,161009441,2,9,0,18,19,4,8,0,0,0,0,0,0,0,1,1,5,6,1,36,7,1461,2,6,NISSAN QASHQAI,4,E01012828,0,-1
2020302000564,2020,302000564,1,9,0,13,13,6,2,0,0,0,0,0,0,0,1,1,6,6,1,38,7,1461,2,11,NISSAN QASHQAI,1,E01008100,0,-1
2020360983909,2020,360983909,1,9,0,5,5,2,6,0,0,0,0,0,0,0,3,1,5,6,1,77,11,1197,1,3,NISSAN QASHQAI,9,E01026582,0,-1
2020430011197,2020,430011197,1,9,0,9,9,1,7,0,0,6,0,0,0,0,3,1,1,1,1,20,4,1461,2,10,NISSAN QASHQAI,-1,-1,0,-1
2020010282041,2020,010282041,1,9,0,18,19,1,5,0,0,4,0,0,0,0,2,1,6,6,2,55,8,1598,1,10,NISSAN QASHQAI,8,E01003777,0,-1
2020470985093,2020,470985093,2,9,0,18,19,6,2,0,0,0,0,0,0,0,2,1,2,2,2,43,7,1197,1,2,NISSAN QASHQAI,10,E01031824,0,-1
2020010286101,2020,010286101,1,9,0,9,9,1,7,0,0,6,0,0,0,0,1,1,6,6,1,28,6,1332,1,1,NISSAN QASHQAI,1,E01033701,0,-1
2020010238660,2020,010238660,1,9,0,9,9,7,5,7,6,6,0,0,0,0,1,1,6,6,1,53,8,1598,1,13,NISSAN QASHQAI,6,E01000795,0,-1
2020052002652,2020,052002652,2,9,0,18,19,5,1,0,0,8,0,0,0,0,1,1,2,2,1,35,6,1461,2,8,NISSAN QASHQAI,1,E01006432,0,-1
2020040994368,2020,040994368,2,9,0,4,4,3,3,0,0,1,0,0,0,0,2,1,5,6,1,30,6,1598,1,7,NISSAN QASHQAI,10,E01025255,0,-1
2020220969726,2020,220969726,3,9,0,18,19,3,7,0,0,8,0,0,0,0,1,1,6,6,1,42,7,1332,1,1,NISSAN QASHQAI,6,E01032480,0,-1
2020450996371,2020,450996371,1,9,0,18,19,1,7,0,0,0,0,0,0,0,3,1,5,6,1,36,7,1598,2,5,NISSAN QASHQAI,6,E01002928,0,-1
2020430042406,2020,430042406,1,9,0,18,19,6,2,0,0,3,0,0,0,0,4,1,6,6,2,52,8,1618,1,4,NISSAN QASHQAI,10,E01017932,0,-1
2020420990693,2020,420990693,2,9,0,18,19,8,2,0,0,0,0,0,0,0,2,1,6,6,2,44,7,1598,1,9,NISSAN QASHQAI,3,E01022007,0,-1
2020360937833,2020,360937833,2,9,0,18,19,3,7,0,0,8,0,0,0,0,3,1,2,2,2,57,9,1461,2,4,NISSAN QASHQAI,6,E01026524,0,-1
2020010262192,2020,010262192,2,9,3,18,19,5,1,0,0,1,0,0,0,0,1,1,6,6,1,61,9,1598,2,2,NISSAN QASHQAI,2,E01003111,0,-1
2020420972629,2020,420972629,2,9,0,16,19,7,3,0,0,0,0,0,1,0,1,1,6,6,1,63,9,1332,1,0,NISSAN QASHQAI,6,E01001494,0,-1
2020140955814,2020,140955814,1,9,0,18,19,5,1,0,0,1,0,0,0,0,1,1,5,6,2,25,5,1598,2,4,NISSAN QASHQAI,6,E01007560,0,-1
2020010233542,2020,010233542,1,9,0,9,9,1,6,0,0,8,0,0,1,0,4,1,6,6,1,66,10,1598,1,8,NISSAN QASHQAI,6,E01002640,0,-1
2020460950804,2020,460950804,2,9,0,2,2,0,0,0,0,2,0,4,0,0,1,1,6,6,1,-1,-1,1598,1,13,NISSAN QASHQAI,2,E01024840,0,-1
2020440418226,2020,440418226,2,9,0,18,19,4,8,0,0,8,0,4,0,0,4,1,6,6,2,30,6,1461,2,6,NISSAN QASHQAI,10,E01022595,0,-1
202006A172802,2020,06A172802,1,9,0,8,8,3,7,0,0,8,0,0,0,0,4,1,6,6,1,49,8,1461,2,8,NISSAN QASHQAI,6,E01004912,0,-1
2020500995722,2020,500995722,3,9,0,2,2,0,0,0,0,0,0,0,0,0,4,1,5,6,1,68,10,1461,2,2,NISSAN QASHQAI,9,E01019998,0,-1
2020200970248,2020,200970248,3,9,0,3,3,3,7,0,0,1,0,0,0,0,2,1,6,6,1,46,8,1598,2,3,NISSAN QASHQAI,-1,-1,0,-1
2020430069610,2020,430069610,1,9,0,18,19,8,4,0,0,0,0,0,1,10,1,1,6,6,2,48,8,1197,1,3,NISSAN QASHQAI,9,E01028783,0,-1
2020200995004,2020,200995004,1,9,0,7,7,6,8,0,0,6,0,0,0,0,1,1,6,6,2,30,6,1198,1,5,NISSAN QASHQAI,5,E01010378,0,-1
2020110952556,2020,110952556,2,9,0,18,19,5,2,0,0,1,0,0,0,0,4,1,5,6,1,31,6,1461,2,9,NISSAN QASHQAI,5,E01025431,0,-1
2020010236599,2020,010236599,1,9,0,9,9,1,7,0,0,8,0,0,0,0,1,1,6,6,1,43,7,1198,1,5,NISSAN QASHQAI,5,E01000469,0,-1
2020137AC0300,2020,137AC0300,2,9,0,18,19,1,5,0,0,0,1,0,0,0,1,1,6,6,1,40,7,1461,2,10,NISSAN QASHQAI,1,E01010833,0,-1
2020100974657,2020,100974657,1,9,0,18,19,4,1,0,0,0,5,4,1,0,1,1,6,6,2,30,6,1461,2,1,NISSAN QASHQAI,2,E01008690,0,-1
2020052000689,2020,052000689,1,9,0,18,19,7,3,0,0,1,0,0,0,0,1,1,6,6,3,-1,-1,1598,2,7,NISSAN QASHQAI,-1,-1,0,-1
2020010265628,2020,010265628,4,9,0,2,2,0,0,0,0,1,0,0,0,0,1,1,6,6,3,-1,-1,1598,1,13,NISSAN QASHQAI,-1,-1,0,-1
202006XF69175,2020,06XF69175,2,9,0,18,19,5,1,0,0,0,0,0,1,0,2,1,2,2,1,39,7,1461,2,4,NISSAN QASHQAI,-1,-1,0,-1
2020010263642,2020,010263642,2,9,0,2,2,0,0,0,0,0,0,0,0,0,2,1,6,6,3,-1,-1,1197,1,2,NISSAN QASHQAI,-1,-1,0,-1
2020010260492,2020,010260492,1,9,0,8,8,1,4,0,0,4,0,0,0,0,2,1,2,2,1,33,6,1461,2,12,NISSAN QASHQAI,9,E01030704,0,-1
2020010284186,2020,010284186,1,9,0,9,9,2,8,0,0,8,0,0,0,0,1,1,6,6,1,53,8,1598,1,8,NISSAN QASHQAI,7,E01001058,0,-1
2020040986439,2020,040986439,2,9,0,18,19,1,5,0,0,4,0,0,0,0,3,1,5,6,2,33,6,1461,2,10,NISSAN QASHQAI,2,E01025205,0,-1
2020430158327,2020,430158327,2,9,0,18,19,1,5,0,0,8,0,0,0,0,4,1,6,6,1,39,7,1332,1,0,NISSAN QASHQAI,3,E01016475,0,-1
2020010256937,2020,010256937,1,9,0,18,19,8,4,0,0,2,0,99,0,0,9,1,6,6,1,39,7,1197,1,5,NISSAN QASHQAI,7,E01000297,0,-1
2020140923452,2020,140923452,1,9,0,18,19,7,3,0,0,1,0,0,0,0,1,1,5,6,2,26,6,1598,1,8,NISSAN QASHQAI,7,E01011211,0,-1
2020450969318,2020,450969318,1,9,0,4,4,3,7,0,0,0,0,0,0,0,2,1,5,6,1,44,7,1618,1,5,NISSAN QASHQAI,3,E01030657,0,-1
2020010278870,2020,010278870,1,9,0,18,19,3,7,0,0,0,0,0,0,0,3,1,6,6,2,45,7,1598,1,8,NISSAN QASHQAI,4,E01002487,0,-1
2020040921343,2020,040921343,1,9,0,18,19,7,3,0,0,1,0,0,0,0,1,1,5,6,1,36,7,1461,2,3,NISSAN QASHQAI,8,E01025012,0,-1
2020100987093,2020,100987093,2,9,0,18,19,4,8,0,0,0,0,0,0,0,2,1,2,2,1,29,6,1461,2,1,NISSAN QASHQAI,-1,-1,0,-1
2020410998282,2020,410998282,2,9,0,2,2,-1,-1,0,0,0,0,0,0,0,3,1,5,6,3,-1,-1,1197,1,2,NISSAN QASHQAI,-1,-1,0,-1
2020547186520,2020,547186520,3,9,0,16,19,3,7,0,0,1,0,0,0,0,1,1,6,6,1,50,8,1461,2,4,NISSAN QASHQAI,10,E01031907,0,-1
202006M170226,2020,06M170226,1,9,0,7,7,7,1,0,0,8,0,0,0,0,1,1,2,2,1,30,6,1598,1,7,NISSAN QASHQAI,5,E01006184,0,-1
2020140935061,2020,140935061,1,9,0,4,4,5,1,0,0,0,0,0,0,0,2,1,2,2,2,25,5,1198,1,6,NISSAN QASHQAI,6,E01007908,0,-1
2020010234661,2020,010234661,1,9,0,18,19,6,2,0,0,1,0,0,0,0,2,1,2,2,2,35,6,1197,1,4,NISSAN QASHQAI,6,E01003394,0,-1
2020110968383,2020,110968383,2,9,0,2,2,0,0,0,0,1,0,0,0,0,4,1,5,6,1,49,8,1994,2,10,NISSAN QASHQAI,3,E01020591,0,-1
2020010277525,2020,010277525,2,9,0,99,99,9,9,99,99,9,9,99,9,99,1,9,6,6,2,42,7,1197,1,4,NISSAN QASHQAI,1,E01002099,0,-1
2020010255892,2020,010255892,2,9,0,99,99,9,9,99,99,9,9,99,9,99,2,9,6,6,3,-1,-1,1598,1,8,NISSAN QASHQAI,10,E01004122,0,-1
2020010251676,2020,010251676,2,9,0,18,19,1,5,0,0,8,0,0,0,0,0,1,6,6,1,46,8,1997,1,7,NISSAN QASHQAI,2,E01001130,0,-1
2020361015714,2020,361015714,1,9,0,4,4,3,7,0,0,0,0,0,0,0,2,1,5,6,1,39,7,1598,1,9,NISSAN QASHQAI,6,E01026664,0,-1
2020010261268,2020,010261268,2,9,0,99,99,9,9,99,99,9,9,99,9,99,1,9,6,6,1,33,6,1461,2,13,NISSAN QASHQAI,7,E01000748,0,-1
2020010274898,2020,010274898,1,9,0,9,9,3,1,0,0,1,0,0,0,0,1,1,6,6,2,33,6,1197,1,3,NISSAN QASHQAI,2,E01003950,0,-1
2020010239851,2020,010239851,1,9,0,99,99,9,9,99,99,9,9,99,9,99,4,9,2,2,1,26,6,1197,1,5,NISSAN QASHQAI,9,E01001281,0,-1
2020500946879,2020,500946879,1,9,0,18,19,7,3,0,0,6,0,0,0,0,2,1,3,7,2,47,8,1461,2,8,NISSAN QASHQAI,3,E01018888,0,-1
2020370944056,2020,370944056,2,9,0,9,9,1,7,0,0,1,0,0,0,0,3,1,1,1,1,38,7,1461,2,1,NISSAN QASHQAI,3,E01029954,0,-1
2020440160460,2020,440160460,1,9,0,18,19,1,5,0,0,4,0,0,0,0,3,1,2,2,2,54,8,1461,2,9,NISSAN QASHQAI,9,E01022879,0,-1
2020137AV2300,2020,137AV2300,1,9,0,18,19,1,5,0,0,0,0,0,0,11,1,1,6,6,2,25,5,1461,2,6,NISSAN QASHQAI,4,E01010704,0,-1
2020201005547,2020,201005547,2,9,0,18,19,6,2,0,0,8,0,0,0,0,1,1,6,6,2,39,7,1598,2,4,NISSAN QASHQAI,5,E01009186,0,-1
2020410992336,2020,410992336,1,9,-1,-1,-1,8,4,0,0,0,0,0,0,0,-1,1,3,7,2,-1,-1,1598,1,8,NISSAN QASHQAI,9,E01022063,0,-1
2020201018737,2020,201018737,1,9,0,18,19,1,5,0,0,1,1,0,0,0,1,1,6,6,1,24,5,1461,2,3,NISSAN QASHQAI,2,E01010047,0,-1
2020010243255,2020,010243255,1,9,0,99,99,9,9,99,99,9,9,99,9,99,2,9,6,6,2,33,6,1461,2,7,NISSAN QASHQAI,2,E01000796,0,-1
2020140916518,2020,140916518,1,9,0,18,19,8,4,0,0,0,0,11,0,0,1,1,5,6,2,31,6,1461,2,9,NISSAN QASHQAI,1,E01008083,0,-1
2020010276257,2020,010276257,2,9,0,4,4,1,5,0,0,0,0,0,0,0,1,1,6,6,3,-1,-1,1332,1,1,NISSAN QASHQAI,-1,-1,0,-1
2020140995584,2020,140995584,1,9,0,18,19,6,2,4,4,8,0,0,0,0,1,1,6,6,2,50,8,1461,2,11,NISSAN QASHQAI,7,E01007683,0,-1