collision_index,collision_year,collision_ref_no,vehicle_reference,vehicle_type,towing_and_articulation,vehicle_manoeuvre_historic,vehicle_manoeuvre,vehicle_direction_from,vehicle_direction_to,vehicle_location_restricted_lane_historic,vehicle_location_restricted_lane,junction_location,skidding_and_overturning,hit_object_in_carriageway,vehicle_leaving_carriageway,hit_object_off_carriageway,first_point_of_impact,vehicle_left_hand_drive,journey_purpose_of_driver_historic,journey_purpose_of_driver,sex_of_driver,age_of_driver,age_band_of_driver,engine_capacity_cc,propulsion_code,age_of_vehicle,generic_make_model,driver_imd_decile,lsoa_of_driver,escooter_flag,driver_distance_banding
2020041010495,2020,041010495,1,9,0,18,19,5,1,0,0,0,1,0,0,0,1,2,6,6,2,51,8,1332,1,0,NISSAN QASHQAI,3,E01025469,0,-1
2020170S20320,2020,170S20320,1,9,0,18,19,5,1,0,0,8,0,0,0,0,4,1,6,6,2,29,6,1461,2,8,NISSAN QASHQAI,1,E01012245,0,-1
2020371009273,2020,371009273,2,9,0,9,9,6,4,0,0,8,5,0,0,0,1,1,2,2,1,43,7,1332,1,0,NISSAN QASHQAI,2,E01030036,0,-1
2020460991296,2020,460991296,1,9,0,9,9,7,5,0,0,5,0,0,0,0,1,1,5,6,2,30,6,1598,1,9,NISSAN QASHQAI,3,E01024222,0,-1
2020010268058,2020,010268058,2,9,0,99,99,9,9,99,99,9,9,99,9,99,1,9,6,6,1,29,6,1598,1,13,NISSAN QASHQAI,4,E01033320,0,-1
2020041018169,2020,041018169,1,9,0,17,19,6,2,0,0,0,1,0,2,0,1,1,5,6,2,34,6,1461,2,11,NISSAN QASHQAI,6,E01025179,0,-1
2020010250413,2020,010250413,4,9,0,2,2,0,0,0,0,2,0,0,0,0,1,2,6,6,3,-1,-1,1461,2,3,NISSAN QASHQAI,-1,-1,0,-1
2020010282951,2020,010282951,2,9,0,4,4,8,4,0,0,0,0,0,0,0,1,1,2,2,2,31,6,1598,1,9,NISSAN QASHQAI,2,E01000484,0,-1
2020010278254,2020,010278254,1,9,0,99,99,9,9,99,99,0,9,99,9,99,1,9,2,2,2,39,7,1197,1,2,NISSAN QASHQAI,3,E01000465,0,-1
2020010250118,2020,010250118,2,9,0,2,2,0,0,0,0,0,0,4,0,0,3,1,6,6,3,-1,-1,1461,2,6,NISSAN QASHQAI,-1,-1,0,-1
2020140994876,2020,140994876,1,9,0,17,19,7,3,0,0,8,0,0,0,0,3,1,5,6,2,53,8,1461,2,1,NISSAN QASHQAI,9,E01007475,0,-1
2020200953452,2020,200953452,1,9,0,18,19,3,7,0,0,0,0,0,0,0,1,1,6,6,2,45,7,1197,1,5,NISSAN QASHQAI,1,E01032888,0,-1
2020201002637,2020,201002637,2,9,0,3,3,8,4,0,0,1,0,0,0,0,2,1,6,6,1,37,7,1598,2,8,NISSAN QASHQAI,8,E01010151,0,-1
2020990985126,2020,990985126,1,9,0,18,19,3,7,0,0,0,0,0,0,0,1,1,5,6,1,50,8,1598,2,4,NISSAN QASHQAI,2,-1,0,-1
2020010251017,2020,010251017,2,9,0,99,99,9,9,99,99,9,9,99,9,99,9,9,6,6,3,-1,-1,1197,1,4,NISSAN QASHQAI,-1,-1,0,-1
2020420970466,2020,420970466,2,9,0,9,9,3,1,0,0,8,0,0,0,0,1,1,6,6,2,31,6,1197,1,2,NISSAN QASHQAI,6,E01021794,0,-1
2020622000127,2020,622000127,1,9,0,17,19,2,6,0,0,8,0,0,0,0,3,1,6,6,2,47,8,1461,2,9,NISSAN QASHQAI,10,W01000770,0,-1
202054B667620,2020,54B667620,2,9,0,13,13,5,1,0,0,0,0,0,0,0,1,1,6,6,2,35,6,1598,2,6,NISSAN QASHQAI,5,E01032068,0,-1
2020450980742,2020,450980742,1,9,0,5,5,3,7,0,0,1,0,0,0,0,1,1,5,6,2,39,7,1995,2,9,NISSAN QASHQAI,3,E01030578,0,-1
2020211028199,2020,211028199,1,9,0,4,4,5,1,0,0,0,0,0,0,0,2,1,6,6,1,59,9,1461,2,11,NISSAN QASHQAI,5,E01033096,0,-1
2020460973608,2020,460973608,1,9,0,5,5,8,6,0,0,2,0,0,0,0,1,1,5,6,1,32,6,1461,2,10,NISSAN QASHQAI,6,E01024130,0,-1
202063B027720,2020,63B027720,2,9,0,17,19,7,4,0,0,0,0,0,1,10,1,1,6,6,2,32,6,1461,2,8,NISSAN QASHQAI,5,W01000536,0,-1
2020010264966,2020,010264966,1,9,0,99,99,9,9,99,99,0,9,99,9,99,9,9,6,6,1,21,5,1332,1,1,NISSAN QASHQAI,3,E01002646,0,-1
2020350979373,2020,350979373,2,9,0,18,19,5,1,0,0,0,0,0,0,0,1,1,6,6,1,24,5,1598,1,8,NISSAN QASHQAI,4,E01033178,0,-1
2020460943526,2020,460943526,2,9,0,18,19,3,3,0,0,0,0,0,0,0,4,1,1,1,2,50,8,1598,1,13,NISSAN QASHQAI,8,E01000671,0,-1
2020201022782,2020,201022782,2,9,0,3,3,8,4,0,0,1,0,0,0,0,2,1,6,6,1,54,8,1461,2,11,NISSAN QASHQAI,1,E01009709,0,-1
2020440471756,2020,440471756,4,9,0,18,19,0,0,0,0,2,0,4,0,0,4,1,6,6,3,-1,-1,1994,2,12,NISSAN QASHQAI,-1,-1,0,-1
2020420967987,2020,420967987,2,9,0,11,11,8,3,0,0,3,0,0,0,0,4,1,6,6,2,34,6,1461,2,9,NISSAN QASHQAI,6,E01021536,0,-1
2020420990157,2020,420990157,5,9,0,18,19,7,3,0,0,0,0,0,0,0,1,1,2,2,2,47,8,1332,1,1,NISSAN QASHQAI,3,E01016114,0,-1
2020010235998,2020,010235998,1,9,0,7,7,1,3,0,0,8,0,0,0,0,4,1,6,6,1,33,6,1198,1,6,NISSAN QASHQAI,5,E01003110,0,-1
2020460958918,2020,460958918,1,9,0,4,4,3,1,0,0,6,0,0,0,0,3,1,6,6,2,44,7,1461,2,8,NISSAN QASHQAI,7,E01024422,0,-1
2020100933186,2020,100933186,1,9,0,18,19,7,3,0,0,1,0,0,0,0,1,1,5,6,1,22,5,1461,2,4,NISSAN QASHQAI,3,E01032648,0,-1
2020010265552,2020,010265552,2,9,0,99,99,9,9,99,99,9,9,99,9,99,1,9,6,6,2,40,7,1997,1,9,NISSAN QASHQAI,5,E01000036,0,-1
2020460917683,2020,460917683,2,9,0,3,3,3,7,0,0,1,0,0,0,0,1,1,2,2,2,41,7,1461,2,8,NISSAN QASHQAI,8,E01024845,0,-1
2020320394000,2020,320394000,2,9,0,18,19,8,4,0,0,0,0,0,0,0,3,1,6,6,1,67,10,1598,2,4,NISSAN QASHQAI,3,E01026104,0,-1
2020470960613,2020,470960613,2,9,0,18,19,3,7,0,0,0,0,0,0,0,3,1,6,6,2,53,8,1461,2,13,NISSAN QASHQAI,5,E01021109,0,-1
2020370923563,2020,370923563,2,9,0,18,19,4,8,0,0,0,0,0,0,0,4,1,6,6,2,54,8,1461,2,6,NISSAN QASHQAI,8,E01030089,0,-1
2020010241012,2020,010241012,1,9,0,5,5,8,4,0,0,8,0,0,0,0,3,1,2,2,1,54,8,1461,2,9,NISSAN QASHQAI,6,E01002138,0,-1
2020440298533,2020,440298533,3,9,0,4,4,3,7,0,0,0,1,0,0,0,1,1,6,6,2,32,6,1598,1,11,NISSAN QASHQAI,6,E01000259,0,-1
2020470919095,2020,470919095,2,9,0,10,10,1,8,0,0,5,0,0,0,0,2,1,5,6,1,62,9,1461,2,1,NISSAN QASHQAI,5,E01031394,0,-1
2020010246617,2020,010246617,1,9,0,2,2,0,0,0,0,0,0,0,0,0,2,1,6,6,3,-1,-1,1197,1,5,NISSAN QASHQAI,-1,-1,0,-1
2020522003581,2020,522003581,2,9,0,18,19,8,4,0,0,0,0,0,0,0,1,1,6,6,3,30,6,1332,1,0,NISSAN QASHQAI,-1,-1,0,-1
2020010259347,2020,010259347,2,9,0,99,99,9,9,99,99,9,9,99,9,99,9,9,6,6,3,-1,-1,1198,1,6,NISSAN QASHQAI,2,E01003922,0,-1
2020040971687,2020,040971687,1,9,0,18,19,1,5,0,0,0,2,0,3,6,1,1,5,6,1,27,6,1461,2,5,NISSAN QASHQAI,5,E01012633,0,-1
2020122001001,2020,122001001,1,9,0,18,19,2,6,0,0,2,0,0,0,0,1,1,6,6,2,22,5,1461,2,5,NISSAN QASHQAI,6,E01013056,0,-1
2020137C81058,2020,137C81058,7,9,0,18,19,7,3,0,0,0,0,0,0,0,2,1,6,6,1,62,9,1461,2,11,NISSAN QASHQAI,4,E01007567,0,-1
2020010229065,2020,010229065,1,9,0,5,5,1,5,0,0,1,0,0,0,0,1,1,6,6,1,69,10,1332,1,1,NISSAN QASHQAI,3,E01000718,0,-1
2020440274197,2020,440274197,2,9,0,9,9,1,7,0,0,8,0,0,0,0,4,1,6,6,1,18,4,1198,1,5,NISSAN QASHQAI,-1,-1,0,-1
2020030932136,2020,030932136,2,9,0,18,19,5,1,0,0,0,0,0,0,0,1,1,6,6,2,39,7,1598,2,4,NISSAN QASHQAI,1,E01019277,0,-1
2020010284440,2020,010284440,1,9,0,9,9,1,7,0,0,1,0,0,0,0,1,1,6,6,2,57,9,1997,1,10,NISSAN QASHQAI,2,E01003229,0,-1
2020010237150,2020,010237150,1,9,0,18,19,5,1,0,0,0,5,4,0,0,1,1,6,6,2,37,7,1997,1,8,NISSAN QASHQAI,10,E01000684,0,-1
2020440362329,2020,440362329,1,9,0,3,3,5,1,0,0,1,0,0,0,0,2,1,6,6,2,50,8,1197,1,2,NISSAN QASHQAI,10,E01017062,0,-1
2020160926683,2020,160926683,2,9,0,18,19,8,4,0,0,1,0,0,1,10,1,1,6,6,1,51,8,1598,1,11,NISSAN QASHQAI,3,E01012759,0,-1
2020530963491,2020,530963491,1,9,0,18,19,3,7,0,0,4,0,0,0,0,3,1,2,2,1,48,8,1461,2,8,NISSAN QASHQAI,2,E01022290,0,-1
2020460930873,2020,460930873,2,9,0,18,19,4,8,0,0,2,0,0,0,0,2,1,5,6,2,32,6,1461,2,4,NISSAN QASHQAI,9,E01016112,0,-1
2020010273126,2020,010273126,1,9,0,99,99,9,9,99,99,9,9,99,9,99,2,9,6,6,1,47,8,1461,2,10,NISSAN QASHQAI,8,E01002478,0,-1
2020430289723,2020,430289723,2,9,0,3,3,4,8,0,0,1,0,0,0,0,2,1,6,6,1,36,7,1598,2,7,NISSAN QASHQAI,3,E01028621,0,-1
2020991029573,2020,991029573,1,9,0,1,1,5,1,5,5,1,0,0,0,0,2,1,3,7,2,39,7,1598,1,7,NISSAN QASHQAI,10,-1,0,-1
2020010273652,2020,010273652,1,9,0,5,5,1,5,0,0,7,0,0,0,0,1,1,2,2,1,58,9,1598,1,7,NISSAN QASHQAI,9,E01004632,0,-1
2020470941860,2020,470941860,1,9,0,9,9,1,7,0,0,8,0,0,0,0,1,1,5,6,1,24,5,1598,1,10,NISSAN QASHQAI,-1,-1,0,-1
2020302000325,2020,302000325,2,9,0,9,9,7,5,0,0,1,0,0,0,0,1,1,6,6,1,60,9,1461,2,1,NISSAN QASHQAI,2,E01019644,0,-1
2020400989482,2020,400989482,2,9,0,17,19,7,3,0,0,0,0,0,0,0,1,1,5,6,2,46,8,1461,2,1,NISSAN QASHQAI,9,E01033433,0,-1
2020070395987,2020,070395987,2,9,0,18,19,6,2,0,0,0,0,0,0,11,4,1,6,6,1,-1,-1,1461,2,2,NISSAN QASHQAI,6,E01019760,0,-1
2020470994724,2020,470994724,2,9,0,18,19,3,7,0,0,0,0,0,0,0,1,1,5,6,1,47,8,1332,1,0,NISSAN QASHQAI,9,E01031339,0,-1
20201377G1444,2020,1377G1444,1,9,0,15,15,7,3,0,0,1,0,0,0,0,1,1,6,6,1,66,10,1598,1,13,NISSAN QASHQAI,5,E01010603,0,-1
202063A004120,2020,63A004120,2,9,0,4,4,2,6,0,0,0,0,0,0,0,2,1,6,6,2,33,6,1997,1,12,NISSAN QASHQAI,1,W01000708,0,-1
2020990982399,2020,990982399,1,9,0,4,4,7,2,0,0,0,0,0,1,0,4,1,5,6,1,21,5,1461,2,2,NISSAN QASHQAI,2,-1,0,-1
2020990938129,2020,990938129,1,9,0,18,19,3,7,0,0,0,0,0,0,0,2,1,2,2,1,34,6,1598,1,11,NISSAN QASHQAI,9,-1,0,-1
2020010277646,2020,010277646,2,9,0,99,99,9,9,99,99,9,9,99,9,99,1,9,6,6,3,-1,-1,1198,1,5,NISSAN QASHQAI,-1,-1,0,-1
2020052000390,2020,052000390,2,9,0,18,19,5,1,0,0,0,0,0,0,0,1,1,6,6,2,57,9,1598,1,11,NISSAN QASHQAI,2,E01007091,0,-1
2020111003154,2020,111003154,2,9,0,18,19,5,1,0,0,1,0,0,5,7,1,1,6,6,2,32,6,1461,2,4,NISSAN QASHQAI,4,E01012002,0,-1
2020470943841,2020,470943841,1,9,0,18,19,7,3,0,0,4,0,0,2,1,1,1,5,6,1,73,10,1997,1,7,NISSAN QASHQAI,7,E01020926,0,-1
2020320414396,2020,320414396,3,9,0,18,19,7,3,0,0,0,0,0,0,0,2,1,6,6,1,56,9,1332,1,1,NISSAN QASHQAI,6,E01013505,0,-1
2020440442323,2020,440442323,1,9,0,18,19,5,1,0,0,0,1,0,1,9,1,1,6,6,1,54,8,1461,2,2,NISSAN QASHQAI,1,E01015313,0,-1
2020440049142,2020,440049142,2,9,0,9,9,7,5,0,0,8,0,0,0,0,3,1,6,6,2,48,8,1461,2,4,NISSAN QASHQAI,10,E01022838,0,-1
2020461010689,2020,461010689,2,9,0,18,19,5,1,0,0,0,0,0,0,0,3,1,6,6,2,44,7,1461,2,9,NISSAN QASHQAI,7,E01024037,0,-1
2020501007477,2020,501007477,1,9,0,17,19,4,8,0,0,0,2,0,0,0,4,1,2,2,1,54,8,1461,2,10,NISSAN QASHQAI,4,E01020313,0,-1
2020460961374,2020,460961374,1,9,0,18,19,1,5,0,0,8,0,0,0,0,3,1,5,6,2,28,6,1198,1,5,NISSAN QASHQAI,1,E01024613,0,-1
2020440470204,2020,440470204,1,9,0,7,7,7,2,0,0,6,0,0,0,0,3,1,6,6,1,46,8,1461,2,5,NISSAN QASHQAI,3,E01022904,0,-1
2020410960914,2020,410960914,1,9,0,5,5,1,5,0,0,1,0,0,0,0,1,1,5,6,1,-1,-1,1461,2,6,NISSAN QASHQAI,-1,-1,0,-1
2020200963044,2020,200963044,1,9,0,5,5,2,6,0,0,1,0,0,0,0,1,1,6,6,2,29,6,1461,2,9,NISSAN QASHQAI,5,E01031141,0,-1
2020010233286,2020,010233286,1,9,0,99,99,9,9,99,99,9,9,99,9,99,2,9,6,6,2,55,8,1997,1,11,NISSAN QASHQAI,2,E01003266,0,-1
2020460996084,2020,460996084,3,9,0,13,13,3,7,0,0,0,1,0,5,0,2,1,5,6,1,47,8,1197,1,2,NISSAN QASHQAI,7,E01000457,0,-1
2020070053984,2020,070053984,1,9,0,9,9,7,5,0,0,5,0,0,0,0,1,1,2,2,1,30,6,1598,1,9,NISSAN QASHQAI,1,E01018317,0,-1
2020501015143,2020,501015143,1,9,0,9,9,7,3,0,0,1,0,0,0,0,1,1,6,6,1,36,7,1461,2,8,NISSAN QASHQAI,3,E01018761,0,-1
2020460999326,2020,460999326,1,9,0,18,19,7,3,0,0,0,0,0,0,0,1,1,6,6,2,52,8,1598,2,4,NISSAN QASHQAI,4,E01024690,0,-1
2020140916554,2020,140916554,1,9,0,18,19,3,7,0,0,1,0,0,0,0,3,1,2,2,2,42,7,1995,2,9,NISSAN QASHQAI,7,E01007423,0,-1
20201372M1467,2020,1372M1467,1,9,0,18,19,6,2,0,0,8,0,0,0,0,4,1,6,6,2,35,6,1598,1,7,NISSAN QASHQAI,5,E01011150,0,-1
2020201018657,2020,201018657,1,9,0,18,19,4,8,0,0,8,0,0,0,0,1,1,6,6,1,79,11,1598,1,7,NISSAN QASHQAI,4,E01008997,0,-1
2020040929230,2020,040929230,1,9,0,18,19,5,1,0,0,3,0,0,0,0,1,1,5,6,1,74,10,1997,1,9,NISSAN QASHQAI,10,E01025316,0,-1
2020200947295,2020,200947295,2,9,0,18,19,2,6,0,0,8,0,0,0,0,4,1,2,2,2,27,6,1598,1,7,NISSAN QASHQAI,1,E01008941,0,-1
2020450918145,2020,450918145,2,9,0,3,3,1,5,0,0,0,0,0,0,0,2,1,1,1,2,56,9,1598,1,7,NISSAN QASHQAI,10,E01030462,0,-1
2020460944011,2020,460944011,1,9,0,7,7,3,5,0,0,4,0,0,0,0,3,1,6,6,2,-1,-1,1598,1,11,NISSAN QASHQAI,6,E01016113,0,-1
2020200964800,2020,200964800,5,9,0,2,2,0,0,0,0,0,0,0,0,0,1,1,5,6,3,38,7,1461,2,5,NISSAN QASHQAI,-1,-1,0,-1
2020010271098,2020,010271098,1,9,0,12,12,7,3,0,0,2,0,0,0,0,0,1,6,6,2,47,8,1598,2,8,NISSAN QASHQAI,2,E01002392,0,-1
2020010258587,2020,010258587,1,9,0,18,19,3,7,0,0,1,0,0,0,0,1,1,6,6,2,54,8,1598,1,7,NISSAN QASHQAI,5,E01004482,0,-1
2020010258604,2020,010258604,2,9,0,3,3,7,3,0,0,3,0,0,0,0,2,1,6,6,1,49,8,1461,2,10,NISSAN QASHQAI,3,E01002504,0,-1
2020351007444,2020,351007444,3,9,0,3,3,4,8,0,0,0,0,0,0,0,2,1,6,6,2,41,7,1598,2,6,NISSAN QASHQAI,3,E01009138,0,-1
2020040988867,2020,040988867,2,9,0,18,19,1,5,0,0,8,0,0,0,0,4,1,5,6,1,71,10,1461,2,3,NISSAN QASHQAI,7,E01025609,0,-1
2020522100547,2020,522100547,2,9,0,4,4,3,7,0,0,8,0,0,0,0,2,1,6,6,1,34,6,1332,1,1,NISSAN QASHQAI,10,W01001841,0,-1
2020010261107,2020,010261107,2,9,0,18,19,4,8,0,0,1,0,0,0,0,1,1,6,6,1,56,9,1598,1,8,NISSAN QASHQAI,7,E01000234,0,-1
2020370976391,2020,370976391,2,9,0,18,19,7,1,0,0,8,0,0,8,0,3,1,5,6,1,54,8,1461,2,2,NISSAN QASHQAI,6,E01030154,0,-1
2020440322529,2020,440322529,5,9,0,4,4,3,7,0,0,2,0,0,0,0,2,1,6,6,1,28,6,1197,1,3,NISSAN QASHQAI,1,E01001196,0,-1
2020450961919,2020,450961919,2,9,0,18,19,5,1,0,0,4,0,0,1,1,3,1,2,2,2,30,6,1598,1,10,NISSAN QASHQAI,9,E01030795,0,-1
2020500928135,2020,500928135,1,9,0,16,19,1,5,0,0,0,1,0,0,0,1,1,5,6,1,46,8,1332,1,1,NISSAN QASHQAI,2,E01014636,0,-1
2020220998610,2020,220998610,1,9,0,18,19,8,4,0,0,0,5,10,1,1,1,1,5,6,1,84,11,1461,2,1,NISSAN QASHQAI,8,E01032153,0,-1
2020160919739,2020,160919739,2,9,0,5,5,7,4,0,0,6,0,0,0,0,1,1,5,6,1,42,7,1598,2,4,NISSAN QASHQAI,5,E01013274,0,-1
2020200937756,2020,200937756,1,9,0,9,9,8,6,0,0,5,0,0,0,0,4,1,6,6,2,25,5,1461,2,10,NISSAN QASHQAI,3,E01009084,0,-1
2020030994995,2020,030994995,2,9,0,18,19,1,5,0,0,0,0,4,0,0,1,1,5,6,2,20,4,1197,1,5,NISSAN QASHQAI,5,E01019386,0,-1
20201377G0872,2020,1377G0872,3,9,0,18,19,7,3,0,0,1,0,0,0,0,4,1,6,6,2,24,5,1461,2,4,NISSAN QASHQAI,3,E01010891,0,-1
2020990952474,2020,990952474,1,9,0,17,19,2,6,0,0,0,5,10,1,2,1,1,5,6,1,51,8,1197,1,2,NISSAN QASHQAI,1,-1,0,-1
2020302000815,2020,302000815,2,9,0,18,19,7,2,0,0,8,0,0,0,0,1,1,6,6,1,41,7,1461,2,11,NISSAN QASHQAI,5,E01013587,0,-1
2020052000836,2020,052000836,1,9,0,18,19,3,7,0,0,0,0,0,0,0,4,1,2,2,1,19,4,1461,2,4,NISSAN QASHQAI,1,E01006790,0,-1
2020010272956,2020,010272956,1,9,0,7,7,2,4,4,4,5,0,0,1,0,4,1,3,7,1,36,7,1197,1,4,NISSAN QASHQAI,1,E01033153,0,-1
2020370932975,2020,370932975,1,9,0,18,19,5,1,0,0,0,0,0,0,0,4,1,3,7,2,41,7,1198,1,5,NISSAN QASHQAI,2,E01030265,0,-1
2020010239545,2020,010239545,2,9,0,7,7,2,4,0,0,2,9,0,0,99,1,9,6,6,1,41,7,1994,2,11,NISSAN QASHQAI,3,E01015715,0,-1
2020040923792,2020,040923792,1,9,0,9,9,5,3,0,0,8,0,0,0,0,1,1,5,6,2,30,6,1461,2,6,NISSAN QASHQAI,5,E01024928,0,-1
2020010272922,2020,010272922,1,9,0,99,99,9,9,99,99,1,9,99,9,99,2,9,6,6,2,27,6,1598,2,6,NISSAN QASHQAI,2,E01004251,0,-1
2020500997954,2020,500997954,1,9,0,17,19,2,6,0,0,0,0,0,0,0,1,1,2,2,2,34,6,1598,1,7,NISSAN QASHQAI,1,E01015145,0,-1
2020140993167,2020,140993167,1,9,0,16,19,1,5,0,0,0,0,0,0,0,1,1,6,6,2,38,7,1995,2,9,NISSAN QASHQAI,2,E01007872,0,-1
2020547904220,2020,547904220,1,9,0,9,9,3,1,0,0,1,0,0,0,0,1,1,6,6,1,33,6,1461,2,4,NISSAN QASHQAI,5,E01032698,0,-1
2020110927120,2020,110927120,1,9,0,18,19,6,1,0,0,1,1,0,1,0,0,1,5,6,2,32,6,1598,2,8,NISSAN QASHQAI,5,E01020660,0,-1
2020552000846,2020,552000846,2,9,0,3,3,4,8,0,0,0,0,0,0,0,2,1,1,1,2,41,7,1197,1,3,NISSAN QASHQAI,9,E01020524,0,-1
2020522100987,2020,522100987,2,9,0,18,19,5,1,0,0,0,0,0,0,0,1,1,6,6,2,71,10,1461,2,5,NISSAN QASHQAI,7,E01014512,0,-1
202006XP75131,2020,06XP75131,1,9,0,18,19,4,8,0,0,0,0,0,5,0,1,1,6,6,2,29,6,1461,2,9,NISSAN QASHQAI,1,E01005104,0,-1
2020320089409,2020,320089409,1,9,0,18,19,1,3,0,0,1,0,10,1,1,1,1,6,6,1,44,7,1461,2,5,NISSAN QASHQAI,2,E01026108,0,-1
2020100932688,2020,100932688,2,9,0,3,3,3,7,0,0,0,0,0,0,0,2,1,6,6,2,54,8,1197,1,3,NISSAN QASHQAI,5,E01008679,0,-1
2020450923324,2020,450923324,1,9,0,13,13,1,5,0,0,0,0,0,0,0,1,1,3,7,2,35,6,1997,1,8,NISSAN QASHQAI,9,E01003005,0,-1
2020010269798,2020,010269798,2,9,0,99,99,9,9,99,99,9,9,99,9,99,1,9,6,6,1,32,6,1997,1,8,NISSAN QASHQAI,8,E01016099,0,-1
2020170L10100,2020,170L10100,2,9,0,3,3,4,8,0,0,1,0,0,0,0,2,1,6,6,1,51,8,1461,2,1,NISSAN QASHQAI,4,E01012990,0,-1
2020990954008,2020,990954008,1,9,0,9,9,3,8,0,0,8,0,0,0,0,4,1,2,2,1,35,6,1332,1,0,NISSAN QASHQAI,1,-1,0,-1
2020040914669,2020,040914669,1,9,0,18,19,5,5,0,0,0,0,0,0,0,3,1,6,6,1,28,6,1598,1,6,NISSAN QASHQAI,6,E01025383,0,-1
2020461010691,2020,461010691,1,9,0,18,19,1,5,0,0,0,0,0,0,0,1,1,6,6,2,23,5,1598,1,12,NISSAN QASHQAI,4,E01024570,0,-1
2020010280835,2020,010280835,2,9,0,5,5,3,7,0,0,4,0,0,0,0,1,1,6,6,2,40,7,1461,2,6,NISSAN QASHQAI,-1,-1,0,-1
2020010233902,2020,010233902,1,9,0,18,19,1,5,0,0,1,0,0,0,0,4,1,6,6,1,42,7,1197,1,2,NISSAN QASHQAI,3,E01003081,0,-1
2020010285374,2020,010285374,2,9,0,99,99,9,9,99,99,9,9,99,9,99,9,9,6,6,3,-1,-1,1332,1,1,NISSAN QASHQAI,5,E01003028,0,-1
202006N273093,2020,06N273093,3,9,0,18,19,1,5,0,0,2,0,0,0,0,1,1,6,6,2,28,6,1461,2,7,NISSAN QASHQAI,4,E01004986,0,-1
2020400919548,2020,400919548,2,9,0,18,19,3,7,0,0,0,0,0,0,0,2,1,6,6,1,49,8,1461,2,3,NISSAN QASHQAI,5,E01023788,0,-1
2020501013140,2020,501013140,2,9,0,2,2,0,0,0,0,8,5,0,7,0,2,1,5,6,2,45,7,1461,2,10,NISSAN QASHQAI,4,E01020053,0,-1
2020200943432,2020,200943432,2,9,0,4,4,5,1,0,0,8,0,0,0,0,4,1,6,6,2,-1,-1,1461,2,8,NISSAN QASHQAI,5,E01008960,0,-1
20201377O1524,2020,1377O1524,1,9,0,9,9,8,4,0,0,8,0,0,0,0,1,1,6,6,1,39,7,1461,2,5,NISSAN QASHQAI,10,E01011709,0,-1
2020990936268,2020,990936268,1,9,0,17,19,7,5,9,9,8,0,0,1,11,1,1,6,6,1,72,10,1461,2,4,NISSAN QASHQAI,7,-1,0,-1
2020110967519,2020,110967519,2,9,0,18,19,3,7,0,0,8,0,0,7,11,1,1,5,6,2,28,6,1598,1,11,NISSAN QASHQAI,2,E01020645,0,-1
2020201023553,2020,201023553,1,9,0,12,12,7,2,0,0,4,0,0,0,0,3,1,6,6,1,66,10,1197,1,3,NISSAN QASHQAI,3,E01008933,0,-1
2020010234170,2020,010234170,1,9,0,18,19,6,2,0,0,2,0,0,0,0,4,1,2,2,1,73,10,1598,2,3,NISSAN QASHQAI,7,E01001495,0,-1
2020460963367,2020,460963367,2,9,0,4,4,2,6,0,0,0,0,0,0,0,2,1,5,6,1,-1,-1,1461,2,7,NISSAN QASHQAI,4,E01021017,0,-1
2020430153648,2020,430153648,1,9,0,9,9,8,6,0,0,8,0,0,0,0,1,1,6,6,1,40,7,1197,1,5,NISSAN QASHQAI,3,E01016846,0,-1
2020420928800,2020,420928800,2,9,0,18,19,5,1,0,0,1,0,0,0,0,1,1,5,6,1,44,7,1598,1,9,NISSAN QASHQAI,8,E01021936,0,-1
2020110933841,2020,110933841,2,9,0,3,3,4,8,0,0,1,0,0,0,0,3,1,2,2,2,47,8,1461,2,10,NISSAN QASHQAI,6,E01020778,0,-1
2020201019272,2020,201019272,1,9,0,18,19,4,8,0,0,0,0,0,0,0,1,1,6,6,2,40,7,1198,1,5,NISSAN QASHQAI,5,E01009774,0,-1
2020522000898,2020,522000898,1,9,0,18,19,2,6,0,0,8,0,0,0,0,1,1,6,6,2,49,8,1197,1,3,NISSAN QASHQAI,6,E01032679,0,-1
2020501015999,2020,501015999,2,9,0,17,19,4,1,0,0,8,0,0,0,0,1,1,5,6,2,-1,-1,1997,1,10,NISSAN QASHQAI,9,E01015110,0,-1
2020430412587,2020,430412587,1,9,0,18,19,6,2,0,0,8,0,0,0,0,3,1,6,6,2,35,6,1598,1,7,NISSAN QASHQAI,3,E01016498,0,-1
2020170H10580,2020,170H10580,1,9,0,18,19,5,1,0,0,3,0,0,0,0,3,1,6,6,2,30,6,1197,1,3,NISSAN QASHQAI,2,E01011954,0,-1
2020010271169,2020,010271169,2,9,0,5,5,7,3,0,0,1,0,0,0,0,1,1,3,7,1,60,9,1598,1,7,NISSAN QASHQAI,2,E01004033,0,-1
2020122000862,2020,122000862,1,9,0,9,9,1,7,0,0,2,0,0,0,0,1,1,2,2,1,35,6,1461,2,7,NISSAN QASHQAI,5,E01027785,0,-1
2020991006460,2020,991006460,2,9,0,18,19,2,6,0,0,0,0,0,0,0,1,1,6,6,2,35,6,1598,2,7,NISSAN QASHQAI,4,-1,0,-1