collision_index,collision_year,collision_ref_no,vehicle_reference,vehicle_type,towing_and_articulation,vehicle_manoeuvre_historic,vehicle_manoeuvre,vehicle_direction_from,vehicle_direction_to,vehicle_location_restricted_lane_historic,vehicle_location_restricted_lane,junction_location,skidding_and_overturning,hit_object_in_carriageway,vehicle_leaving_carriageway,hit_object_off_carriageway,first_point_of_impact,vehicle_left_hand_drive,journey_purpose_of_driver_historic,journey_purpose_of_driver,sex_of_driver,age_of_driver,age_band_of_driver,engine_capacity_cc,propulsion_code,age_of_vehicle,generic_make_model,driver_imd_decile,lsoa_of_driver,escooter_flag,driver_distance_banding
2020122000420,2020,122000420,1,9,0,18,19,1,5,0,0,2,0,0,0,0,4,1,6,6,1,35,6,1461,2,5,NISSAN QASHQAI,8,E01013373,0,-1
2020010237192,2020,010237192,1,9,0,9,9,7,5,0,0,8,0,0,0,0,1,1,6,6,2,51,8,1598,1,7,NISSAN QASHQAI,3,E01003109,0,-1
202031C155820,2020,31C155820,1,9,0,7,7,2,5,0,0,2,0,0,0,0,3,1,2,2,1,37,7,1461,2,3,NISSAN QASHQAI,4,E01013937,0,-1
2020160982140,2020,160982140,1,9,0,18,19,1,5,0,0,8,0,0,0,0,2,1,6,6,2,-1,-1,1461,2,4,NISSAN QASHQAI,9,E01013438,0,-1
2020470984122,2020,470984122,1,9,0,9,9,7,5,0,0,5,0,0,0,0,3,1,6,6,1,-1,-1,1461,2,7,NISSAN QASHQAI,7,E01031374,0,-1
2020010247927,2020,010247927,1,9,0,7,7,2,4,0,0,5,0,0,1,0,4,1,2,2,2,38,7,1198,1,5,NISSAN QASHQAI,2,E01004535,0,-1
2020420920640,2020,420920640,1,9,0,18,19,3,7,0,0,1,0,0,0,0,1,1,5,6,2,34,6,1997,1,8,NISSAN QASHQAI,4,E01015906,0,-1
2020302000883,2020,302000883,1,9,0,18,19,1,5,0,0,1,0,0,0,0,1,1,6,6,1,47,8,1598,1,7,NISSAN QASHQAI,6,E01019489,0,-1
2020430163822,2020,430163822,1,9,0,18,19,4,8,0,0,0,0,0,0,6,4,1,6,6,1,25,5,1332,1,0,NISSAN QASHQAI,5,E01016838,0,-1
2020052001922,2020,052001922,1,9,0,5,5,3,7,0,0,8,0,0,0,0,1,1,6,6,2,65,9,1198,1,6,NISSAN QASHQAI,6,E01006941,0,-1
2020010283721,2020,010283721,1,9,0,99,99,9,9,99,99,9,9,99,9,99,9,9,2,2,2,30,6,1197,1,4,NISSAN QASHQAI,5,E01004377,0,-1
2020340N08352,2020,340N08352,1,9,0,18,19,1,5,0,0,8,0,0,0,0,1,1,2,2,1,50,8,1461,2,9,NISSAN QASHQAI,1,E01027199,0,-1
2020010262718,2020,010262718,1,9,0,9,9,3,1,0,0,5,0,0,0,0,0,1,6,6,2,27,6,1598,2,6,NISSAN QASHQAI,4,E01004591,0,-1
2020546174620,2020,546174620,1,9,0,18,19,6,3,0,0,0,0,0,0,0,1,1,6,6,1,53,8,1461,2,5,NISSAN QASHQAI,7,E01032073,0,-1
2020010234355,2020,010234355,1,9,0,9,9,3,1,0,0,1,0,0,0,0,1,1,6,6,2,45,7,1997,1,13,NISSAN QASHQAI,2,E01000016,0,-1
2020010244162,2020,010244162,2,9,0,99,99,9,9,99,99,9,9,99,9,99,9,9,6,6,3,-1,-1,1461,2,2,NISSAN QASHQAI,-1,-1,0,-1
2020220986418,2020,220986418,1,9,0,9,9,1,7,0,0,6,0,0,0,0,3,1,5,6,2,31,6,1461,2,2,NISSAN QASHQAI,2,E01032470,0,-1
2020010254643,2020,010254643,1,9,0,7,7,1,4,0,0,5,0,0,0,0,4,1,6,6,2,35,6,1197,1,2,NISSAN QASHQAI,3,E01003485,0,-1
2020220974337,2020,220974337,1,9,0,8,8,6,8,0,0,1,0,0,0,0,2,1,5,6,2,30,6,1598,1,11,NISSAN QASHQAI,9,E01014022,0,-1
2020460998206,2020,460998206,2,9,0,5,5,3,7,0,0,0,0,0,0,0,3,1,6,6,2,28,6,1197,1,4,NISSAN QASHQAI,1,E01024661,0,-1
2020360936927,2020,360936927,2,9,0,10,10,7,4,0,0,1,1,0,0,0,2,1,5,6,2,27,6,1461,2,9,NISSAN QASHQAI,-1,-1,0,-1
2020010241668,2020,010241668,1,9,0,18,19,5,1,9,9,0,0,0,1,2,3,1,6,6,1,56,9,1461,2,1,NISSAN QASHQAI,7,E01023739,0,-1
2020460960080,2020,460960080,1,9,0,18,19,4,8,0,0,1,0,0,0,0,1,1,6,6,2,42,7,1197,1,2,NISSAN QASHQAI,4,E01024698,0,-1
2020010259612,2020,010259612,1,9,0,18,19,5,1,0,0,4,0,0,0,0,2,1,6,6,1,52,8,1197,1,4,NISSAN QASHQAI,3,E01001043,0,-1
2020010250970,2020,010250970,2,9,0,99,99,9,9,99,99,0,9,99,9,99,1,9,6,6,3,28,6,1598,1,11,NISSAN QASHQAI,6,E01003038,0,-1
2020351031467,2020,351031467,1,9,0,6,6,7,3,0,0,8,0,0,0,0,4,1,3,7,2,40,7,1994,2,12,NISSAN QASHQAI,10,E01018303,0,-1
2020010256503,2020,010256503,2,9,0,99,99,9,9,99,99,9,9,99,9,99,9,9,6,6,3,-1,-1,1198,1,6,NISSAN QASHQAI,-1,-1,0,-1
2020440022017,2020,440022017,4,9,0,3,3,2,6,0,0,2,0,0,0,0,2,1,6,6,1,52,8,1461,2,3,NISSAN QASHQAI,1,E01017167,0,-1
2020010244874,2020,010244874,1,9,0,18,19,1,5,0,0,1,0,7,0,0,1,1,6,6,1,23,5,1197,1,3,NISSAN QASHQAI,10,E01000794,0,-1
2020010263030,2020,010263030,2,9,0,99,99,9,9,99,99,9,9,99,9,99,1,9,6,6,1,30,6,1461,2,9,NISSAN QASHQAI,6,E01023564,0,-1
2020010264544,2020,010264544,2,9,9,99,99,9,9,99,99,9,9,99,9,99,9,9,6,6,3,-1,-1,1994,2,10,NISSAN QASHQAI,-1,-1,0,-1
2020302001484,2020,302001484,2,9,0,4,4,1,5,0,0,0,0,0,0,0,2,1,6,6,1,58,9,1461,2,3,NISSAN QASHQAI,3,E01019400,0,-1
2020010240859,2020,010240859,1,9,0,16,19,1,4,0,0,1,0,0,0,0,2,1,6,6,2,68,10,1197,1,4,NISSAN QASHQAI,3,E01004540,0,-1
2020100956432,2020,100956432,1,9,0,18,19,1,5,0,0,8,0,0,0,0,4,1,5,6,1,45,7,1461,2,9,NISSAN QASHQAI,4,E01027531,0,-1
2020010277422,2020,010277422,1,9,0,99,99,9,9,99,99,9,9,99,9,99,9,9,6,6,2,42,7,1598,1,7,NISSAN QASHQAI,3,E01000090,0,-1
2020010233957,2020,010233957,1,9,0,18,19,3,7,0,0,0,0,0,0,0,0,1,6,6,2,56,9,1332,1,1,NISSAN QASHQAI,-1,-1,0,-1
2020990943422,2020,990943422,1,9,0,18,19,3,7,0,0,8,0,0,0,0,1,1,5,6,1,69,10,1461,2,1,NISSAN QASHQAI,1,-1,0,-1
2020010229543,2020,010229543,1,9,0,18,19,1,5,0,0,1,0,0,0,0,1,1,6,6,2,34,6,1598,2,5,NISSAN QASHQAI,4,E01000039,0,-1
2020040977231,2020,040977231,1,9,0,9,9,3,7,0,0,8,0,4,0,0,1,1,5,6,2,30,6,1461,2,11,NISSAN QASHQAI,2,E01025060,0,-1
2020450963049,2020,450963049,2,9,0,18,19,5,1,0,0,0,0,4,0,0,3,1,5,6,1,51,8,1461,2,5,NISSAN QASHQAI,8,E01030479,0,-1
2020440420339,2020,440420339,1,9,0,18,19,8,4,0,0,0,0,0,0,0,1,1,6,6,2,35,6,1598,1,12,NISSAN QASHQAI,3,E01017242,0,-1
2020320016794,2020,320016794,1,9,0,9,9,5,3,0,0,8,0,0,0,0,4,1,6,6,2,22,5,1197,1,2,NISSAN QASHQAI,10,E01026305,0,-1
2020340E01182,2020,340E01182,1,9,0,5,5,6,2,0,0,0,0,0,0,0,1,1,6,6,1,51,8,1332,1,1,NISSAN QASHQAI,10,E01025803,0,-1
2020010229291,2020,010229291,1,9,0,18,19,5,1,0,0,0,0,0,0,0,1,1,3,7,1,47,8,1598,2,4,NISSAN QASHQAI,1,E01001545,0,-1
2020522002530,2020,522002530,1,9,0,5,5,4,8,0,0,6,0,0,0,0,3,1,6,6,2,57,9,1598,1,8,NISSAN QASHQAI,10,E01014901,0,-1
2020010265759,2020,010265759,1,9,0,99,99,9,9,99,99,9,9,99,9,99,1,9,2,2,1,64,9,1598,1,8,NISSAN QASHQAI,5,E01000243,0,-1
2020170L20340,2020,170L20340,3,9,0,3,3,3,7,0,0,8,0,0,0,0,3,1,6,6,1,30,6,1598,1,11,NISSAN QASHQAI,2,E01012168,0,-1
2020010266096,2020,010266096,1,9,0,99,99,9,9,99,99,9,9,99,9,99,9,9,2,2,1,20,4,1598,1,9,NISSAN QASHQAI,2,E01001152,0,-1
2020010286469,2020,010286469,2,9,0,2,2,0,0,0,0,2,0,0,0,0,0,2,6,6,3,-1,-1,1461,2,2,NISSAN QASHQAI,-1,-1,0,-1
2020010249607,2020,010249607,1,9,0,99,99,9,9,99,99,0,9,99,9,99,2,9,2,2,1,39,7,1197,1,5,NISSAN QASHQAI,4,E01003448,0,-1
2020302000782,2020,302000782,1,9,0,5,5,4,8,0,0,0,0,0,0,0,3,1,6,6,1,28,6,1598,2,5,NISSAN QASHQAI,4,E01019495,0,-1
2020450949856,2020,450949856,2,9,0,5,5,1,5,0,0,1,0,0,0,0,0,1,6,6,1,37,7,1332,1,1,NISSAN QASHQAI,10,E01030378,0,-1
2020137AA1411,2020,137AA1411,1,9,0,18,19,7,3,0,0,8,0,0,0,0,3,1,6,6,2,33,6,1598,2,5,NISSAN QASHQAI,3,E01010864,0,-1
2020420971534,2020,420971534,2,9,0,18,19,2,6,0,0,0,0,0,0,0,1,1,5,6,2,33,6,1461,2,11,NISSAN QASHQAI,8,E01021411,0,-1
2020522004475,2020,522004475,1,9,0,18,19,5,1,0,0,0,0,0,0,0,1,1,6,6,2,55,8,1461,2,13,NISSAN QASHQAI,3,E01014519,0,-1
2020430059033,2020,430059033,2,9,0,18,19,8,4,0,0,1,0,0,0,0,1,1,6,6,2,36,7,1461,2,4,NISSAN QASHQAI,9,E01016799,0,-1
2020990955794,2020,990955794,1,9,0,18,19,5,1,0,0,8,5,0,0,0,3,1,5,6,1,20,4,1198,1,5,NISSAN QASHQAI,4,-1,0,-1
2020200960833,2020,200960833,1,9,0,18,19,7,3,0,0,1,0,0,0,0,1,1,6,6,1,-1,-1,1461,2,12,NISSAN QASHQAI,-1,-1,0,-1
2020010282512,2020,010282512,1,9,0,18,19,5,1,0,0,1,0,0,0,0,4,1,6,6,1,39,7,1197,1,5,NISSAN QASHQAI,1,E01001813,0,-1
2020052002386,2020,052002386,2,9,0,3,3,8,4,0,0,0,0,0,0,0,1,1,6,6,1,39,7,1598,1,9,NISSAN QASHQAI,5,E01006669,0,-1
2020110983982,2020,110983982,1,9,0,18,19,5,1,0,0,0,0,0,0,0,1,1,5,6,1,67,10,1197,1,5,NISSAN QASHQAI,1,E01020874,0,-1
2020351012409,2020,351012409,2,9,0,4,4,1,6,0,0,3,0,0,0,0,2,1,5,6,2,32,6,1461,2,3,NISSAN QASHQAI,5,E01015670,0,-1
2020450946919,2020,450946919,1,9,0,18,19,5,1,0,0,1,0,0,0,0,1,1,2,2,2,27,6,1461,2,8,NISSAN QASHQAI,9,E01022617,0,-1
2020540902620,2020,540902620,1,9,0,18,19,4,7,0,0,4,0,10,3,1,1,1,6,6,1,33,6,1461,2,6,NISSAN QASHQAI,5,E01029081,0,-1
2020211010815,2020,211010815,2,9,-1,-1,-1,7,1,-1,-1,-1,-1,-1,-1,0,-1,1,6,6,2,36,7,1598,1,11,NISSAN QASHQAI,2,E01014285,0,-1
2020370981305,2020,370981305,2,9,0,4,4,6,1,0,0,1,0,0,0,0,2,1,5,6,1,60,9,1461,2,4,NISSAN QASHQAI,4,E01021392,0,-1
2020010286043,2020,010286043,2,9,0,9,9,5,3,0,0,8,0,0,0,0,0,1,6,6,1,30,6,1461,2,3,NISSAN QASHQAI,6,E01000549,0,-1
2020302001720,2020,302001720,2,9,0,2,2,0,0,0,0,0,0,0,0,0,2,1,6,6,3,-1,-1,1198,1,6,NISSAN QASHQAI,-1,-1,0,-1
2020010248170,2020,010248170,1,9,0,7,7,5,7,0,0,5,0,0,0,0,4,1,2,2,1,49,8,1997,1,7,NISSAN QASHQAI,4,E01003740,0,-1
2020137660369,2020,137660369,1,9,0,18,19,6,1,0,0,1,0,0,0,0,3,1,6,6,2,47,8,1598,2,8,NISSAN QASHQAI,4,E01010902,0,-1
2020040987366,2020,040987366,2,9,0,18,19,6,2,0,0,0,0,0,0,0,4,1,5,6,2,35,6,1598,2,8,NISSAN QASHQAI,2,E01025092,0,-1
2020471010986,2020,471010986,2,9,0,18,19,4,8,0,0,0,0,0,0,0,1,1,5,6,2,31,6,1994,2,11,NISSAN QASHQAI,9,E01031711,0,-1
2020990927724,2020,990927724,2,9,0,5,5,4,1,0,0,1,0,0,0,0,1,1,5,6,2,58,9,1332,1,1,NISSAN QASHQAI,3,-1,0,-1
2020470995995,2020,470995995,2,9,0,8,8,2,5,0,0,0,0,0,0,0,2,1,6,6,2,48,8,1197,1,4,NISSAN QASHQAI,5,E01031605,0,-1
2020430073792,2020,430073792,1,9,0,18,19,4,8,0,0,1,0,0,0,0,4,1,2,2,1,48,8,1598,2,5,NISSAN QASHQAI,3,E01033421,0,-1
2020371019116,2020,371019116,2,9,0,2,2,0,0,0,0,0,0,0,0,0,2,1,1,1,2,45,7,1461,2,13,NISSAN QASHQAI,5,E01030267,0,-1
202006E167322,2020,06E167322,1,9,0,7,7,1,3,0,0,6,0,0,0,0,1,1,6,6,3,-1,-1,1598,2,7,NISSAN QASHQAI,-1,-1,0,-1
2020220966756,2020,220966756,1,9,0,18,19,7,3,0,0,0,0,4,0,0,1,1,5,6,1,30,6,1598,1,10,NISSAN QASHQAI,2,E01032450,0,-1
2020990956793,2020,990956793,2,9,0,18,19,2,6,0,0,0,0,0,0,0,1,1,5,6,2,29,6,1461,2,6,NISSAN QASHQAI,1,-1,0,-1
2020010262499,2020,010262499,1,9,0,99,99,9,9,99,99,9,9,99,9,99,1,9,2,2,1,49,8,1197,1,4,NISSAN QASHQAI,3,E01003548,0,-1
2020100940154,2020,100940154,1,9,0,7,7,6,1,0,0,8,0,0,0,0,1,1,6,6,1,50,8,1461,2,4,NISSAN QASHQAI,10,E01027513,0,-1
2020010232571,2020,010232571,1,9,0,10,10,1,6,0,0,5,0,0,0,0,2,1,6,6,1,59,9,1598,1,7,NISSAN QASHQAI,4,E01000787,0,-1
2020010256782,2020,010256782,2,9,0,18,19,5,1,0,0,0,0,0,0,0,1,1,6,6,1,-1,-1,1994,2,12,NISSAN QASHQAI,-1,-1,0,-1
2020010275674,2020,010275674,1,9,0,9,9,5,3,0,0,8,0,0,0,0,1,1,6,6,1,55,8,1197,1,5,NISSAN QASHQAI,8,E01004075,0,-1
2020010264130,2020,010264130,1,9,0,99,99,9,9,99,99,9,9,99,9,99,9,9,6,6,2,30,6,1598,1,10,NISSAN QASHQAI,4,E01004531,0,-1
2020010257219,2020,010257219,2,9,0,99,99,9,9,99,99,0,9,99,9,99,1,9,6,6,3,-1,-1,1332,1,1,NISSAN QASHQAI,3,E01003581,0,-1
2020990958393,2020,990958393,1,9,0,9,9,3,1,0,0,8,0,0,0,0,3,1,1,1,2,34,6,1461,2,4,NISSAN QASHQAI,1,-1,0,-1
2020010228532,2020,010228532,1,9,0,5,5,5,1,0,0,8,0,0,0,0,1,1,6,6,1,71,10,1332,1,2,NISSAN QASHQAI,3,E01002721,0,-1
2020010298486,2020,010298486,1,9,0,99,99,9,9,99,99,0,9,99,9,99,2,9,6,6,2,38,7,1598,1,9,NISSAN QASHQAI,3,E01004066,0,-1
2020010281011,2020,010281011,1,9,0,2,2,0,0,0,0,0,0,0,0,0,4,1,6,6,3,-1,-1,1598,1,8,NISSAN QASHQAI,-1,-1,0,-1
2020500972019,2020,500972019,1,9,0,18,19,1,5,0,0,0,0,0,0,0,1,1,6,6,1,72,10,1461,2,4,NISSAN QASHQAI,7,E01015203,0,-1
2020010275540,2020,010275540,1,9,0,5,5,5,1,0,0,8,0,0,0,0,1,1,6,6,1,34,6,1598,1,8,NISSAN QASHQAI,4,E01002454,0,-1
2020350960470,2020,350960470,1,9,0,18,19,5,6,0,0,0,0,0,0,0,1,1,5,6,1,61,9,1461,2,8,NISSAN QASHQAI,5,E01015688,0,-1
2020010247007,2020,010247007,2,9,0,9,9,3,8,0,0,1,0,0,0,0,1,1,2,2,2,37,7,1997,1,7,NISSAN QASHQAI,2,E01003330,0,-1
2020470934628,2020,470934628,2,9,0,10,10,4,2,0,0,8,0,0,0,0,2,1,2,2,2,51,8,1461,2,4,NISSAN QASHQAI,6,E01021087,0,-1
2020410999462,2020,410999462,2,9,0,13,13,7,3,0,0,1,0,0,0,0,1,1,5,6,2,50,8,1461,2,10,NISSAN QASHQAI,8,E01023486,0,-1
2020010282630,2020,010282630,2,9,0,7,7,3,4,0,0,1,0,0,0,0,4,1,6,6,2,36,7,1598,1,9,NISSAN QASHQAI,4,E01003666,0,-1
2020500946911,2020,500946911,2,9,0,18,19,1,5,0,0,0,0,0,1,11,1,1,6,6,1,46,8,1461,2,9,NISSAN QASHQAI,5,E01018900,0,-1
2020520002780,2020,520002780,1,9,0,18,19,8,4,0,0,8,0,0,0,0,1,1,6,6,1,53,8,1461,2,11,NISSAN QASHQAI,8,E01029190,0,-1
2020990964810,2020,990964810,2,9,0,18,19,8,4,0,0,0,0,0,0,0,2,1,5,6,1,27,6,1461,2,2,NISSAN QASHQAI,4,-1,0,-1
2020302000264,2020,302000264,2,9,0,18,19,3,7,0,0,8,0,0,0,0,4,1,6,6,2,-1,-1,1198,1,5,NISSAN QASHQAI,9,E01025733,0,-1
2020990938534,2020,990938534,1,9,0,18,19,7,3,0,0,0,0,0,0,0,1,1,5,6,1,76,11,1461,2,2,NISSAN QASHQAI,2,-1,0,-1
2020010238837,2020,010238837,2,9,0,99,99,9,9,99,99,6,9,99,9,99,1,1,6,6,3,-1,-1,1197,1,4,NISSAN QASHQAI,8,E01000646,0,-1
2020101008292,2020,101008292,2,9,0,18,19,2,6,0,0,8,0,0,1,0,4,1,5,6,2,47,8,1332,1,0,NISSAN QASHQAI,3,E01008803,0,-1
2020201013872,2020,201013872,1,9,0,18,19,6,2,0,0,5,0,0,0,0,1,1,6,6,1,46,8,1598,2,4,NISSAN QASHQAI,1,E01009993,0,-1
2020471004801,2020,471004801,1,9,0,6,6,2,2,0,0,1,0,0,0,0,1,1,5,6,1,66,10,1332,1,2,NISSAN QASHQAI,9,E01031496,0,-1
2020470953162,2020,470953162,2,9,0,18,19,2,6,0,0,1,0,0,0,0,1,1,2,2,2,31,6,1598,1,8,NISSAN QASHQAI,7,E01031438,0,-1
2020450917944,2020,450917944,1,9,0,18,19,7,3,0,0,4,0,0,0,0,1,1,5,6,1,64,9,1997,1,8,NISSAN QASHQAI,8,E01003845,0,-1
2020040920860,2020,040920860,1,9,0,9,9,6,2,0,0,6,0,0,0,0,4,1,5,6,1,26,6,1461,2,6,NISSAN QASHQAI,5,E01004923,0,-1
2020500930378,2020,500930378,2,9,0,3,3,1,5,0,0,1,0,0,0,0,2,1,5,6,2,32,6,1461,2,6,NISSAN QASHQAI,7,E01019942,0,-1
2020010250527,2020,010250527,1,9,0,99,99,9,9,99,99,9,9,99,9,99,0,9,6,6,3,32,6,1598,1,9,NISSAN QASHQAI,3,E01001864,0,-1
2020552000438,2020,552000438,1,9,0,18,19,6,2,0,0,0,0,0,0,0,1,1,6,6,2,33,6,1598,2,8,NISSAN QASHQAI,9,E01015360,0,-1
2020622000459,2020,622000459,1,9,0,18,19,2,6,0,0,1,0,0,0,0,1,1,6,6,1,41,7,1461,2,8,NISSAN QASHQAI,1,W01001807,0,-1
2020010267366,2020,010267366,2,9,0,99,99,9,9,99,99,0,9,99,9,99,2,9,6,6,3,-1,-1,1995,2,9,NISSAN QASHQAI,-1,-1,0,-1
2020411012853,2020,411012853,2,9,0,2,2,0,0,0,0,0,0,0,0,0,3,1,5,6,3,-1,-1,1332,1,1,NISSAN QASHQAI,-1,-1,0,-1
2020010279628,2020,010279628,2,9,0,18,19,5,1,0,0,8,0,0,0,0,1,1,6,6,1,26,6,1994,2,12,NISSAN QASHQAI,3,E01001999,0,-1
2020010238875,2020,010238875,1,9,0,99,99,9,9,99,99,9,9,99,9,99,2,9,6,6,2,33,6,1598,1,7,NISSAN QASHQAI,2,E01002829,0,-1
2020201020399,2020,201020399,2,9,0,18,19,1,5,0,0,0,0,0,0,0,3,1,2,2,1,46,8,1598,1,9,NISSAN QASHQAI,1,E01009631,0,-1
202031B143320,2020,31B143320,2,9,0,8,8,4,7,0,0,1,0,0,0,0,2,1,6,6,1,50,8,1461,2,11,NISSAN QASHQAI,1,E01028318,0,-1
2020500995743,2020,500995743,2,9,0,18,19,3,7,0,0,1,0,0,0,0,4,1,5,6,1,70,10,1197,1,3,NISSAN QASHQAI,8,E01032095,0,-1
2020370992413,2020,370992413,1,9,0,18,19,4,8,0,0,0,5,0,0,0,1,1,5,6,2,40,7,1598,1,7,NISSAN QASHQAI,6,E01029902,0,-1
2020200947642,2020,200947642,2,9,0,18,19,5,1,0,0,8,0,0,0,0,1,1,3,7,1,42,7,1598,1,13,NISSAN QASHQAI,2,E01009610,0,-1
2020990928872,2020,990928872,3,9,0,18,19,3,7,0,0,0,0,0,0,0,1,1,2,2,2,45,7,1461,2,10,NISSAN QASHQAI,10,-1,0,-1
2020031009246,2020,031009246,1,9,0,12,12,1,5,0,0,0,5,0,7,0,3,1,5,6,1,48,8,1461,2,1,NISSAN QASHQAI,6,E01014184,0,-1
2020340W04842,2020,340W04842,1,9,0,18,19,8,4,0,0,4,0,0,0,0,3,1,6,6,2,29,6,1598,1,9,NISSAN QASHQAI,9,E01027347,0,-1
2020450968881,2020,450968881,2,9,0,18,19,5,2,0,0,0,0,0,0,0,2,1,5,6,2,59,9,1461,2,10,NISSAN QASHQAI,8,E01030708,0,-1
202031A020120,2020,31A020120,1,9,0,18,19,8,4,0,0,1,0,0,0,0,3,1,6,6,1,60,9,1197,1,3,NISSAN QASHQAI,2,E01027967,0,-1
2020340N08352,2020,340N08352,3,9,0,10,10,1,5,0,0,8,0,0,0,0,2,1,6,6,1,72,10,1461,2,1,NISSAN QASHQAI,1,E01027200,0,-1
2020070599375,2020,070599375,2,9,0,4,4,3,7,0,0,1,0,0,0,0,2,1,6,6,2,38,7,1461,2,9,NISSAN QASHQAI,5,E01018733,0,-1
2020211020286,2020,211020286,1,9,0,4,4,8,4,0,0,1,0,0,0,0,1,1,6,6,1,50,8,1461,2,3,NISSAN QASHQAI,6,E01005801,0,-1
2020137C41169,2020,137C41169,1,9,0,18,19,6,2,0,0,0,0,0,0,0,4,1,6,6,2,30,6,1598,1,13,NISSAN QASHQAI,-1,-1,0,-1
2020122000944,2020,122000944,1,9,0,18,19,5,1,0,0,0,0,12,0,0,1,1,6,6,1,55,8,1461,2,1,NISSAN QASHQAI,9,E01013431,0,-1
2020201003300,2020,201003300,1,9,0,5,5,-1,-1,0,0,4,0,0,0,0,1,1,6,6,2,-1,-1,1461,2,11,NISSAN QASHQAI,1,E01009325,0,-1
2020160966236,2020,160966236,1,9,0,18,19,8,4,0,0,0,0,0,0,0,1,1,2,2,2,65,9,1598,1,7,NISSAN QASHQAI,5,E01013125,0,-1
2020010246470,2020,010246470,2,9,0,9,9,3,8,0,0,6,0,0,0,0,1,1,6,6,1,44,7,1598,1,11,NISSAN QASHQAI,6,E01003311,0,-1
2020520100855,2020,520100855,2,9,0,18,19,5,1,0,0,8,0,0,0,0,4,1,6,6,2,40,7,1461,2,10,NISSAN QASHQAI,8,E01029274,0,-1
2020100930611,2020,100930611,1,9,0,18,19,1,5,0,0,0,0,0,0,0,1,1,5,6,1,76,11,1461,2,3,NISSAN QASHQAI,10,E01008546,0,-1
2020421000726,2020,421000726,2,9,0,3,3,7,3,0,0,0,0,0,0,0,2,1,6,6,1,42,7,1197,1,4,NISSAN QASHQAI,7,E01015977,0,-1
2020461006932,2020,461006932,1,9,0,18,19,7,3,0,0,0,0,0,1,11,1,1,5,6,2,50,8,1997,1,12,NISSAN QASHQAI,3,E01016020,0,-1
2020070686948,2020,070686948,2,9,0,9,9,8,2,0,0,1,0,0,0,0,1,1,1,1,2,41,7,1461,2,7,NISSAN QASHQAI,2,E01005318,0,-1
2020990958480,2020,990958480,1,9,0,18,19,3,8,0,0,0,0,0,0,0,3,1,6,6,2,60,9,1197,1,2,NISSAN QASHQAI,10,-1,0,-1
202063B052720,2020,63B052720,2,9,0,4,4,4,8,0,0,8,0,0,0,0,1,1,6,6,2,63,9,1197,1,3,NISSAN QASHQAI,4,W01000022,0,-1
2020302000297,2020,302000297,1,9,0,18,19,3,5,0,0,0,0,0,0,0,1,1,6,6,1,38,7,1598,2,6,NISSAN QASHQAI,10,E01032614,0,-1
2020450949113,2020,450949113,2,9,0,18,19,1,5,0,0,0,0,0,0,0,4,1,2,2,1,44,7,1197,1,4,NISSAN QASHQAI,7,E01030826,0,-1
2020010281388,2020,010281388,1,9,0,18,19,7,3,0,0,1,0,0,0,0,4,1,3,7,2,41,7,1997,1,8,NISSAN QASHQAI,10,E01002158,0,-1
2020070728609,2020,070728609,1,9,0,5,5,6,2,0,0,0,0,0,0,0,1,1,6,6,2,60,9,1461,2,9,NISSAN QASHQAI,2,E01018354,0,-1
2020451006203,2020,451006203,2,9,0,18,19,3,7,0,0,3,0,0,0,0,4,1,5,6,2,75,10,1332,1,0,NISSAN QASHQAI,9,E01030991,0,-1
2020370977140,2020,370977140,1,9,0,18,19,7,3,0,0,0,0,0,0,0,1,1,5,6,1,67,10,1461,2,5,NISSAN QASHQAI,5,E01030222,0,-1
2020070770532,2020,070770532,1,9,0,7,7,1,2,0,0,2,0,0,0,0,1,1,6,6,2,-1,-1,1461,2,2,NISSAN QASHQAI,6,E01006257,0,-1
2020010272545,2020,010272545,1,9,0,18,19,3,7,0,0,1,0,0,0,0,0,1,2,2,2,55,8,1197,1,3,NISSAN QASHQAI,2,E01003239,0,-1
2020010268333,2020,010268333,2,9,0,99,99,9,9,99,99,9,9,99,9,99,2,9,6,6,3,-1,-1,1332,1,1,NISSAN QASHQAI,-1,-1,0,-1
2020420937469,2020,420937469,2,9,0,18,19,3,7,0,0,0,0,0,0,0,3,1,5,6,1,37,7,1598,2,3,NISSAN QASHQAI,10,E01033055,0,-1
2020610034920,2020,610034920,2,9,0,7,7,2,5,0,0,1,0,0,0,0,1,1,6,6,2,36,7,1461,2,11,NISSAN QASHQAI,2,W01001668,0,-1
2020070400253,2020,070400253,1,9,0,18,19,2,6,0,0,0,0,0,2,7,4,1,6,6,1,56,9,1461,2,4,NISSAN QASHQAI,10,E01018695,0,-1
2020200945310,2020,200945310,2,9,0,18,19,3,7,0,0,8,0,10,7,0,1,1,1,1,1,-1,-1,1461,2,4,NISSAN QASHQAI,7,E01029642,0,-1
2020440243870,2020,440243870,2,9,0,5,5,7,3,0,0,1,0,0,0,0,2,1,6,6,1,40,7,1332,1,1,NISSAN QASHQAI,9,E01031880,0,-1