collision_index,collision_year,collision_ref_no,vehicle_reference,vehicle_type,towing_and_articulation,vehicle_manoeuvre_historic,vehicle_manoeuvre,vehicle_direction_from,vehicle_direction_to,vehicle_location_restricted_lane_historic,vehicle_location_restricted_lane,junction_location,skidding_and_overturning,hit_object_in_carriageway,vehicle_leaving_carriageway,hit_object_off_carriageway,first_point_of_impact,vehicle_left_hand_drive,journey_purpose_of_driver_historic,journey_purpose_of_driver,sex_of_driver,age_of_driver,age_band_of_driver,engine_capacity_cc,propulsion_code,age_of_vehicle,generic_make_model,driver_imd_decile,lsoa_of_driver,escooter_flag,driver_distance_banding
2020440404599,2020,440404599,2,5,0,18,19,7,3,0,0,8,1,0,0,0,1,1,6,6,2,46,8,649,1,2,KAWASAKI ER650,8,E01032841,0,-1
2020450935312,2020,450935312,2,5,0,18,19,1,5,0,0,8,5,0,0,0,1,1,6,6,2,61,9,649,1,3,KAWASAKI ER650,7,E01001027,0,-1
2020530937714,2020,530937714,1,5,0,17,19,5,1,0,0,0,1,0,1,0,4,1,5,6,1,42,7,649,1,6,KAWASAKI ER650,5,E01022312,0,-1
2020230991199,2020,230991199,2,5,-1,-1,-1,-1,-1,-1,-1,0,-1,-1,-1,0,-1,1,5,6,1,37,7,649,1,1,KAWASAKI ER650,1,E01032531,0,-1
2020070301191,2020,070301191,1,5,0,16,19,3,7,0,0,0,0,0,7,9,1,1,6,6,1,34,6,649,1,4,KAWASAKI ER650,2,E01009414,0,-1
2020400993647,2020,400993647,1,5,0,15,15,5,1,0,0,0,2,0,0,0,4,1,1,1,1,60,9,649,1,9,KAWASAKI ER650,8,E01015707,0,-1
202063D080920,2020,63D080920,1,5,0,7,7,8,2,0,0,6,0,0,0,0,0,1,2,2,1,47,8,649,1,6,KAWASAKI ER650,7,W01000460,0,-1
2020010273232,2020,010273232,1,5,0,7,7,8,2,0,0,8,1,0,0,0,4,1,6,6,1,28,6,649,1,13,KAWASAKI ER650,4,E01000916,0,-1
2020500924475,2020,500924475,1,5,0,18,19,1,5,0,0,0,1,0,0,0,0,1,1,1,1,36,7,649,1,6,KAWASAKI ER650,1,E01015028,0,-1
2020340E06872,2020,340E06872,1,5,0,17,19,1,5,0,0,0,1,0,0,0,4,1,2,2,1,26,6,649,1,12,KAWASAKI ER650,7,E01026978,0,-1
2020210996400,2020,210996400,1,5,0,13,13,6,2,0,0,0,0,0,1,0,1,1,5,6,1,21,5,650,1,6,KAWASAKI ER650,2,E01029593,0,-1
2020400932277,2020,400932277,1,5,0,18,19,4,8,0,0,1,0,0,0,0,1,1,5,6,1,27,6,649,1,4,KAWASAKI ER650,2,E01015774,0,-1
2020420953004,2020,420953004,1,5,0,13,13,7,3,0,0,0,0,0,0,0,0,1,5,6,1,22,5,649,1,3,KAWASAKI ER650,7,E01021650,0,-1
2020990983467,2020,990983467,1,5,0,9,9,7,4,0,0,1,2,0,0,0,4,1,5,6,2,48,8,649,1,1,KAWASAKI ER650,6,-1,0,-1
2020450954073,2020,450954073,1,5,0,9,9,1,7,0,0,8,0,0,0,0,4,1,6,6,1,64,9,649,1,10,KAWASAKI ER650,8,E01030505,0,-1
2020010282694,2020,010282694,1,5,0,18,19,7,3,0,0,1,0,0,0,0,1,1,2,2,1,29,6,649,1,1,KAWASAKI ER650,3,E01024280,0,-1
2020140994630,2020,140994630,1,5,0,7,7,3,5,0,0,0,2,0,0,0,1,1,5,6,2,51,8,649,1,12,KAWASAKI ER650,3,E01007800,0,-1
2020230985423,2020,230985423,2,5,0,13,13,2,6,0,0,8,0,0,0,0,1,1,2,2,1,24,5,649,1,2,KAWASAKI ER650,10,E01031124,0,-1
2020470952184,2020,470952184,2,5,0,3,3,4,8,0,0,1,0,0,0,0,2,1,5,6,1,33,6,649,1,2,KAWASAKI ER650,3,E01016952,0,-1
2020010241851,2020,010241851,2,4,0,18,19,3,7,0,0,1,0,0,0,0,1,1,6,6,2,67,10,649,1,3,-1,4,E01004565,0,-1
2020010272663,2020,010272663,1,5,0,18,19,6,2,0,0,8,0,0,0,0,3,1,6,6,1,35,6,649,1,4,KAWASAKI ER650,9,E01015999,0,-1
2020340K80172,2020,340K80172,1,5,0,18,19,7,3,0,0,0,0,0,2,0,1,1,2,2,1,23,5,649,1,1,KAWASAKI ER650,9,E01027022,0,-1
2020520101133,2020,520101133,1,5,0,18,19,6,2,0,0,0,1,0,7,9,1,1,6,6,1,25,5,649,1,6,KAWASAKI ER650,7,E01029216,0,-1
2020010277591,2020,010277591,1,3,0,18,19,4,8,0,0,1,5,0,0,0,1,1,6,6,1,32,6,649,1,13,-1,3,E01000081,0,-1
2020450967912,2020,450967912,2,5,0,17,19,1,6,0,0,0,2,0,0,0,1,1,2,2,1,32,6,649,1,12,KAWASAKI ER650,9,E01031000,0,-1
2020440079512,2020,440079512,1,4,0,9,9,2,8,0,0,8,0,4,1,0,1,1,6,6,2,34,6,649,1,4,-1,10,E01023247,0,-1
2020230991199,2020,230991199,1,5,0,16,19,6,2,0,0,0,1,0,0,0,1,1,5,6,1,49,8,649,1,1,KAWASAKI ER650,9,E01032894,0,-1
2020010257845,2020,010257845,1,5,0,99,99,9,9,99,99,9,9,99,9,99,9,-1,6,6,2,38,7,649,1,3,KAWASAKI ER650,3,E01000148,0,-1
2020471004500,2020,471004500,2,5,0,18,19,4,8,0,0,0,0,0,0,0,1,1,5,6,1,50,8,649,1,14,KAWASAKI ER650,3,E01021016,0,-1
2020010278170,2020,010278170,2,5,0,3,3,7,3,0,0,1,0,0,0,0,2,1,2,2,1,28,6,649,1,0,KAWASAKI ER650,1,E01001957,0,-1
20201371L1619,2020,1371L1619,1,5,0,18,19,7,3,0,0,0,1,0,0,0,1,1,6,6,1,19,4,649,1,11,KAWASAKI ER650,1,E01010826,0,-1
2020990965913,2020,990965913,2,5,0,17,19,6,2,0,0,0,1,0,1,0,1,1,5,6,1,33,6,649,1,6,KAWASAKI ER650,2,-1,0,-1
2020552000778,2020,552000778,2,3,0,18,19,6,2,0,0,8,0,0,0,0,4,1,6,6,2,27,6,649,1,2,-1,5,E01015275,0,-1
2020320120525,2020,320120525,1,5,0,18,19,5,1,0,0,1,5,0,0,0,4,1,6,6,1,35,6,649,1,10,KAWASAKI ER650,9,E01032993,0,-1
2020070264246,2020,070264246,1,5,0,18,19,2,6,0,0,2,1,10,1,11,1,1,6,6,1,20,4,649,1,12,KAWASAKI ER650,4,E01018726,0,-1
2020470940025,2020,470940025,1,3,0,17,19,1,6,0,0,2,0,0,1,4,1,1,5,6,1,35,6,649,1,12,-1,10,E01031823,0,-1
2020460985877,2020,460985877,2,3,0,18,19,6,2,0,0,0,0,0,0,0,1,1,6,6,1,24,5,125,1,5,-1,7,E01024361,0,-1
2020460963518,2020,460963518,2,3,0,18,19,6,2,0,0,1,0,0,0,0,4,1,6,6,1,56,9,125,1,4,-1,5,E01023992,0,-1
2020302100144,2020,302100144,1,3,0,4,4,1,5,0,0,1,1,0,0,0,1,1,6,6,1,65,9,125,1,4,-1,1,E01007878,0,-1
2020137CC0352,2020,137CC0352,1,3,0,18,19,3,7,0,0,8,0,0,0,0,1,1,6,6,1,32,6,125,1,4,-1,4,E01011499,0,-1
2020010281773,2020,010281773,1,3,0,99,99,9,9,99,99,1,9,99,9,99,2,1,2,2,3,39,7,125,1,0,-1,3,E01000020,0,-1
2020010288678,2020,010288678,1,3,0,99,99,9,9,99,99,0,9,99,9,99,9,1,2,2,1,29,6,125,1,0,-1,4,E01004642,0,-1
2020010265193,2020,010265193,2,3,0,18,19,5,1,0,0,1,2,0,2,10,3,1,2,2,1,42,7,125,1,0,-1,6,E01015950,0,-1
2020500985578,2020,500985578,1,3,0,16,19,1,5,0,0,0,2,0,0,0,0,1,2,2,1,17,4,125,1,1,-1,4,E01020055,0,-1
2020010264608,2020,010264608,1,3,0,18,19,1,5,0,0,0,0,0,0,0,1,1,6,6,1,20,4,125,1,1,-1,9,E01030391,0,-1
2020010282410,2020,010282410,1,4,0,18,19,5,1,0,0,1,0,0,0,0,1,1,2,2,1,23,5,125,1,1,-1,3,E01000800,0,-1
20201371K0649,2020,1371K0649,1,2,0,15,15,2,6,0,0,0,0,0,0,0,3,1,6,6,1,19,4,125,1,0,-1,1,E01011904,0,-1
2020052001444,2020,052001444,1,3,0,18,19,8,4,0,0,2,0,0,0,0,1,1,6,6,1,21,5,125,1,0,-1,3,E01006575,0,-1
2020430059529,2020,430059529,2,3,0,18,19,5,8,0,0,1,0,0,0,0,3,1,2,2,1,33,6,125,1,2,-1,4,E01016784,0,-1
2020430210789,2020,430210789,1,3,0,7,7,1,3,0,0,5,0,0,0,0,4,1,1,1,1,21,5,125,1,2,-1,2,E01028518,0,-1
2020010269056,2020,010269056,2,4,0,18,19,2,6,0,0,1,0,0,0,0,1,1,1,1,1,40,7,125,1,0,-1,7,E01002203,0,-1
2020470993279,2020,470993279,2,3,0,18,19,3,7,0,0,1,0,0,0,0,1,1,2,2,1,29,6,125,1,0,-1,4,E01031652,0,-1
2020450949690,2020,450949690,1,3,0,16,19,7,2,0,0,8,2,0,0,0,4,1,6,6,1,24,5,125,1,0,-1,5,E01030787,0,-1
2020070387475,2020,070387475,2,9,0,18,19,2,6,0,0,0,0,0,0,0,2,1,6,6,3,-1,-1,2143,2,2,MERCEDES GLA CLASS,-1,-1,0,-1
2020010267822,2020,010267822,2,9,0,10,10,5,2,0,0,8,0,0,0,0,2,1,6,6,2,30,6,2143,2,5,MERCEDES GLA CLASS,2,E01001464,0,-1
2020010282838,2020,010282838,1,9,0,99,99,9,9,99,99,9,9,99,9,99,9,9,6,6,2,25,5,1991,1,4,MERCEDES GLA CLASS,7,E01000986,0,-1
2020010269257,2020,010269257,1,9,0,18,19,3,7,0,0,1,0,0,0,0,4,1,6,6,2,40,7,1595,1,2,MERCEDES GLA CLASS,4,E01001323,0,-1
2020220934829,2020,220934829,1,9,0,15,15,3,7,0,0,8,0,0,0,0,1,1,6,6,1,43,7,1595,1,2,MERCEDES GLA CLASS,4,E01009241,0,-1
2020010252534,2020,010252534,1,9,0,99,99,9,9,99,99,9,9,99,9,99,1,9,6,6,1,29,6,2143,2,3,MERCEDES GLA CLASS,2,E01004004,0,-1
2020200986349,2020,200986349,2,9,0,5,5,3,4,0,0,6,0,7,4,0,2,1,6,6,2,43,7,2143,2,2,MERCEDES GLA CLASS,7,E01009040,0,-1
2020460982851,2020,460982851,1,9,0,9,9,3,7,0,0,1,0,0,0,0,4,1,6,6,1,60,9,2143,2,3,MERCEDES GLA CLASS,5,E01003955,0,-1
2020010268861,2020,010268861,1,9,0,7,7,2,4,0,0,1,0,0,0,0,1,1,6,6,1,24,5,1595,1,1,MERCEDES GLA CLASS,4,E01033099,0,-1
2020010242492,2020,010242492,1,9,0,99,99,9,9,99,99,9,9,99,9,99,9,9,6,6,1,26,6,2143,2,1,MERCEDES GLA CLASS,-1,-1,0,-1
2020470973407,2020,470973407,1,9,0,11,11,8,2,0,0,3,0,0,0,0,1,1,6,6,1,-1,-1,1595,1,0,MERCEDES GLA CLASS,-1,-1,0,-1
2020200991326,2020,200991326,1,9,0,7,7,2,4,0,0,6,0,0,0,0,1,1,3,7,2,31,6,1595,1,2,MERCEDES GLA CLASS,7,E01009645,0,-1
2020010245677,2020,010245677,2,9,0,7,7,3,6,0,0,1,0,0,1,0,1,1,6,6,1,27,6,1595,1,1,MERCEDES GLA CLASS,6,E01032768,0,-1
2020360995424,2020,360995424,1,9,0,18,19,7,3,0,0,4,0,0,0,0,1,1,6,6,1,47,8,2143,2,4,MERCEDES GLA CLASS,10,E01018272,0,-1
2020052001473,2020,052001473,1,9,0,18,19,3,7,0,0,8,0,0,0,0,1,1,6,6,2,41,7,1595,1,1,MERCEDES GLA CLASS,1,E01006630,0,-1
2020010253019,2020,010253019,1,9,0,99,99,9,9,99,99,0,9,99,9,99,2,9,6,6,2,27,6,2143,2,4,MERCEDES GLA CLASS,4,E01032732,0,-1
2020430197018,2020,430197018,1,9,0,16,19,5,8,0,0,0,0,0,0,0,3,1,6,6,1,34,6,1595,1,0,MERCEDES GLA CLASS,10,-1,0,-1
2020010263540,2020,010263540,1,9,0,9,9,6,4,0,0,6,0,0,0,0,1,1,6,6,1,28,6,2143,2,3,MERCEDES GLA CLASS,4,E01000611,0,-1
2020010275826,2020,010275826,1,9,0,18,19,1,5,0,0,8,0,0,0,0,1,1,6,6,2,25,5,2143,2,4,MERCEDES GLA CLASS,4,E01023357,0,-1
2020522005164,2020,522005164,2,9,0,3,3,4,8,0,0,4,0,0,0,0,1,1,6,6,3,-1,-1,2143,2,5,MERCEDES GLA CLASS,-1,-1,0,-1
2020200976123,2020,200976123,3,9,0,3,3,4,8,0,0,1,0,0,0,0,4,1,6,6,2,33,6,2143,2,6,MERCEDES GLA CLASS,3,E01033564,0,-1
2020010239977,2020,010239977,1,9,0,99,99,9,9,99,99,0,9,99,9,99,2,9,2,2,2,-1,-1,1991,1,5,MERCEDES GLA CLASS,2,E01001339,0,-1
2020200996521,2020,200996521,1,9,0,1,1,2,6,0,0,6,0,0,0,0,2,1,2,2,2,27,6,2143,2,5,MERCEDES GLA CLASS,3,E01009790,0,-1
20201372T1251,2020,1372T1251,1,9,0,7,7,1,3,0,0,1,0,0,0,0,2,1,6,6,1,-1,-1,1595,1,1,MERCEDES GLA CLASS,-1,-1,0,-1
202063AF00121,2020,63AF00121,2,9,0,13,13,1,5,0,0,1,1,0,0,0,1,1,6,6,2,56,9,2143,2,2,MERCEDES GLA CLASS,4,W01000724,0,-1
2020140950291,2020,140950291,5,9,0,2,2,0,0,9,9,0,0,0,0,0,1,1,6,6,2,-1,-1,1595,1,1,MERCEDES GLA CLASS,8,E01007705,0,-1
2020552100167,2020,552100167,1,9,0,9,9,6,2,0,0,6,0,0,0,0,1,1,1,1,2,50,8,2143,2,5,MERCEDES GLA CLASS,9,E01015405,0,-1
2020211024922,2020,211024922,2,9,-1,-1,-1,5,2,-1,-1,-1,-1,-1,-1,0,-1,1,6,6,2,42,7,2143,2,4,MERCEDES GLA CLASS,4,E01029559,0,-1
2020010250817,2020,010250817,1,9,0,18,19,1,5,0,0,0,0,0,0,0,2,1,6,6,2,37,7,1595,1,2,MERCEDES GLA CLASS,5,E01003080,0,-1
202006F179454,2020,06F179454,1,9,0,18,19,8,4,0,0,8,0,0,0,0,1,1,2,2,2,33,6,1595,1,2,MERCEDES GLA CLASS,4,E01005675,0,-1
2020549494420,2020,549494420,3,9,0,18,19,6,2,0,0,1,0,0,0,0,1,1,1,1,2,51,8,1595,1,2,MERCEDES GLA CLASS,10,E01015518,0,-1
2020010276803,2020,010276803,1,9,0,99,99,9,9,0,0,1,0,99,0,0,9,1,6,6,3,41,7,1595,1,1,MERCEDES GLA CLASS,2,E01003159,0,-1
2020460997777,2020,460997777,1,9,0,9,9,2,6,0,0,5,0,0,0,0,3,1,6,6,2,33,6,1595,1,1,MERCEDES GLA CLASS,6,E01023978,0,-1
2020420980153,2020,420980153,4,9,0,18,19,7,3,0,0,0,0,0,0,0,1,1,6,6,2,48,8,2143,2,4,MERCEDES GLA CLASS,8,E01021257,0,-1
2020010257298,2020,010257298,2,9,0,18,19,1,5,0,0,4,0,0,0,0,2,1,6,6,2,26,6,2143,2,4,MERCEDES GLA CLASS,-1,-1,0,-1
2020440322529,2020,440322529,1,9,0,3,3,3,7,0,0,2,0,0,0,0,2,1,6,6,1,36,7,2143,2,6,MERCEDES GLA CLASS,1,E01015611,0,-1
202006L175499,2020,06L175499,2,9,0,18,19,3,7,0,0,8,0,0,0,0,3,1,6,6,2,49,8,1595,1,1,MERCEDES GLA CLASS,3,W01000405,0,-1
2020470951592,2020,470951592,1,9,0,9,9,8,7,0,0,8,0,0,0,0,3,1,6,6,2,59,9,2143,2,2,MERCEDES GLA CLASS,6,E01021148,0,-1
2020010284079,2020,010284079,2,9,0,99,99,9,9,99,99,9,9,99,9,99,1,9,6,6,3,43,7,1595,1,0,MERCEDES GLA CLASS,1,E01033645,0,-1
2020010275683,2020,010275683,1,9,0,4,4,5,1,0,0,1,0,0,0,0,2,1,6,6,1,28,6,1595,1,1,MERCEDES GLA CLASS,2,E01001667,0,-1
2020420950183,2020,420950183,2,9,0,18,19,1,5,0,0,1,0,0,0,0,2,1,6,6,2,35,6,2143,2,3,MERCEDES GLA CLASS,-1,-1,0,-1
2020160935195,2020,160935195,1,9,0,18,19,7,3,0,0,0,0,0,0,0,2,1,1,1,1,39,7,2143,2,5,MERCEDES GLA CLASS,6,E01013095,0,-1
2020010230629,2020,010230629,1,9,0,9,9,5,2,0,0,6,0,0,0,0,1,1,3,7,2,29,6,2143,2,5,MERCEDES GLA CLASS,9,E01021789,0,-1
2020010281296,2020,010281296,1,9,0,99,99,9,9,99,99,9,9,99,9,99,1,9,6,6,1,23,5,2143,2,4,MERCEDES GLA CLASS,5,E01002769,0,-1
202006K373629,2020,06K373629,2,9,0,3,3,1,5,0,0,7,0,0,0,0,2,1,6,6,1,40,7,2143,2,5,MERCEDES GLA CLASS,2,E01005652,0,-1
2020531021483,2020,531021483,1,9,0,5,5,1,5,6,6,1,0,0,3,0,1,1,5,6,2,33,6,1595,1,1,MERCEDES GLA CLASS,4,E01032157,0,-1
2020200942931,2020,200942931,1,9,0,9,9,4,2,0,0,6,0,0,0,0,3,1,2,2,2,26,6,1595,1,1,MERCEDES GLA CLASS,4,E01033617,0,-1
2020010248092,2020,010248092,1,9,0,10,10,1,7,0,0,1,0,0,0,0,3,1,6,6,2,53,8,1595,1,1,MERCEDES GLA CLASS,9,E01002025,0,-1
2020400929485,2020,400929485,3,9,0,8,8,5,3,0,0,1,0,0,0,0,3,1,5,6,2,58,9,1595,1,2,MERCEDES GLA CLASS,5,E01017557,0,-1
2020460936785,2020,460936785,1,9,0,18,19,8,4,0,0,0,1,0,1,0,1,1,5,6,2,48,8,2143,2,4,MERCEDES GLA CLASS,9,E01000647,0,-1
2020010262953,2020,010262953,1,9,0,99,99,9,9,99,99,0,9,99,9,99,2,9,6,6,2,26,6,1595,1,1,MERCEDES GLA CLASS,5,E01000705,0,-1
2020170M30850,2020,170M30850,1,9,0,18,19,5,1,0,0,0,0,0,0,0,1,1,6,6,2,23,5,2143,2,1,MERCEDES GLA CLASS,7,E01011959,0,-1
2020010286016,2020,010286016,2,9,0,4,4,7,3,0,0,1,0,0,0,0,2,1,2,2,2,53,8,2143,2,4,MERCEDES GLA CLASS,8,E01023312,0,-1
2020010238140,2020,010238140,2,9,0,4,4,7,3,0,0,0,0,0,0,0,2,1,6,6,2,34,6,2143,2,5,MERCEDES GLA CLASS,9,E01024750,0,-1
2020552001048,2020,552001048,2,9,0,17,19,8,4,0,0,0,0,0,0,0,4,1,6,6,1,51,8,2143,2,4,MERCEDES GLA CLASS,10,E01030841,0,-1
2020351004306,2020,351004306,1,9,0,5,5,1,5,0,0,1,0,0,0,0,3,1,3,7,2,36,7,2143,2,6,MERCEDES GLA CLASS,7,E01017965,0,-1
2020461006637,2020,461006637,1,9,0,18,19,1,5,0,0,1,0,0,0,0,3,1,6,6,1,76,11,2143,2,6,MERCEDES GLA CLASS,5,E01024701,0,-1
2020410955735,2020,410955735,1,9,0,11,11,1,5,0,0,0,1,0,2,0,1,1,5,6,1,25,5,2143,2,3,MERCEDES GLA CLASS,4,E01023538,0,-1
2020200931716,2020,200931716,4,9,0,3,3,4,8,0,0,0,0,0,0,0,2,1,2,2,2,53,8,2143,2,3,MERCEDES GLA CLASS,10,E01010183,0,-1
2020010276407,2020,010276407,2,9,0,2,2,0,0,0,0,0,0,0,0,0,2,1,6,6,3,-1,-1,1595,1,1,MERCEDES GLA CLASS,-1,-1,0,-1
2020421011011,2020,421011011,1,9,0,7,7,4,7,0,0,1,0,0,0,0,4,1,6,6,1,58,9,1595,1,1,MERCEDES GLA CLASS,8,E01021521,0,-1
2020010240753,2020,010240753,2,9,0,99,99,9,9,99,99,9,9,99,9,99,9,9,6,6,3,-1,-1,1595,1,2,MERCEDES GLA CLASS,-1,-1,0,-1
2020470976855,2020,470976855,3,9,0,18,19,3,7,0,0,0,0,0,0,0,3,1,5,6,2,59,9,2143,2,2,MERCEDES GLA CLASS,6,E01021148,0,-1
2020201003037,2020,201003037,3,9,0,3,3,8,4,0,0,0,0,0,0,0,2,1,6,6,1,69,10,2143,2,3,MERCEDES GLA CLASS,3,E01009792,0,-1
2020137CE0334,2020,137CE0334,1,9,0,5,5,5,1,4,4,1,0,0,0,0,1,1,6,6,2,55,8,1595,1,1,MERCEDES GLA CLASS,10,E01011386,0,-1
2020010233386,2020,010233386,1,9,0,5,5,7,3,0,0,8,0,0,0,0,1,1,6,6,2,27,6,2143,2,3,MERCEDES GLA CLASS,3,E01004217,0,-1
2020470976550,2020,470976550,2,9,0,9,9,7,5,0,0,8,0,0,0,0,0,1,6,6,1,53,8,1595,1,1,MERCEDES GLA CLASS,1,E01016942,0,-1
2020010239128,2020,010239128,1,9,0,17,19,6,4,0,0,2,1,7,1,11,1,1,6,6,1,18,4,1595,1,3,MERCEDES GLA CLASS,3,E01003405,0,-1
2020522000214,2020,522000214,1,9,0,18,19,1,5,0,0,0,0,0,0,0,1,1,6,6,2,-1,-1,2143,2,2,MERCEDES GLA CLASS,-1,-1,0,-1
2020420969069,2020,420969069,1,9,0,9,9,1,5,0,0,8,0,0,0,0,1,1,1,1,2,54,8,2143,2,4,MERCEDES GLA CLASS,2,E01003576,0,-1
2020100971702,2020,100971702,1,9,0,18,19,8,4,0,0,0,0,0,0,0,1,1,2,2,2,29,6,2143,2,5,MERCEDES GLA CLASS,9,E01027481,0,-1
2020010284133,2020,010284133,2,9,0,99,99,9,9,99,99,8,9,99,9,99,1,9,6,6,3,53,8,1595,1,2,MERCEDES GLA CLASS,3,E01001807,0,-1
2020201002085,2020,201002085,2,9,0,18,19,5,1,0,0,8,0,7,0,0,1,1,2,2,1,53,8,2143,2,2,MERCEDES GLA CLASS,3,E01031174,0,-1
2020010260639,2020,010260639,1,9,0,18,19,3,7,0,0,8,0,0,0,0,1,1,6,6,1,63,9,1595,1,1,MERCEDES GLA CLASS,5,E01002319,0,-1
2020010230062,2020,010230062,1,9,0,4,4,5,1,0,0,1,0,0,0,0,1,1,6,6,1,35,6,2143,2,3,MERCEDES GLA CLASS,3,E01002043,0,-1
202031A161120,2020,31A161120,2,9,0,17,19,6,4,0,0,0,0,0,0,0,1,1,6,6,1,68,10,1332,1,0,MERCEDES GLA CLASS,8,E01028251,0,-1
2020010235842,2020,010235842,2,9,0,99,99,9,9,99,99,9,9,99,9,99,1,9,6,6,3,28,6,1991,1,5,MERCEDES GLA CLASS,4,E01002698,0,-1
2020010268798,2020,010268798,1,9,0,99,99,9,9,99,99,9,9,99,9,99,1,9,2,2,1,37,7,2143,2,3,MERCEDES GLA CLASS,10,E01030297,0,-1
2020320399905,2020,320399905,2,9,0,9,9,6,4,0,0,5,0,0,0,0,3,1,1,1,1,34,6,1595,1,1,MERCEDES GLA CLASS,10,E01005930,0,-1
2020010235603,2020,010235603,1,9,0,5,5,1,5,0,0,6,0,0,0,0,4,1,2,2,2,22,5,2143,2,5,MERCEDES GLA CLASS,7,E01002144,0,-1
2020420920875,2020,420920875,1,9,0,9,9,1,7,0,0,6,0,0,0,0,3,1,2,2,2,18,4,2143,2,4,MERCEDES GLA CLASS,8,E01015833,0,-1
2020500981421,2020,500981421,1,9,0,3,3,1,5,0,0,1,0,0,0,0,2,1,5,6,2,37,7,2143,2,6,MERCEDES GLA CLASS,8,E01015098,0,-1
2020340D08342,2020,340D08342,5,9,0,18,19,3,7,0,0,0,0,0,5,6,2,1,6,6,2,36,7,1595,1,1,MERCEDES GLA CLASS,4,E01025988,0,-1
2020421001953,2020,421001953,1,9,0,18,19,3,7,0,0,0,0,0,7,0,1,1,6,6,2,44,7,1595,1,1,MERCEDES GLA CLASS,9,E01021933,0,-1
2020421003891,2020,421003891,1,9,0,18,19,1,2,0,0,1,0,0,0,0,1,1,5,6,1,28,6,2143,2,5,MERCEDES GLA CLASS,7,E01021887,0,-1
2020220964410,2020,220964410,1,9,0,7,7,6,8,0,0,6,0,0,0,0,1,1,5,6,2,33,6,1595,1,1,MERCEDES GLA CLASS,9,E01028947,0,-1
2020460993379,2020,460993379,1,9,0,6,6,7,3,0,0,1,0,0,0,0,3,1,2,2,2,35,6,2143,2,4,MERCEDES GLA CLASS,7,E01024375,0,-1
2020010258726,2020,010258726,2,9,0,99,99,9,9,99,99,9,9,99,9,99,1,9,6,6,3,-1,-1,1595,1,1,MERCEDES GLA CLASS,9,E01002147,0,-1
2020140991989,2020,140991989,3,9,0,18,19,3,7,0,0,0,0,0,0,0,3,1,5,6,1,29,6,2143,2,6,MERCEDES GLA CLASS,7,E01007553,0,-1
2020010259464,2020,010259464,1,9,0,2,2,0,0,9,9,0,0,0,0,0,2,1,6,6,1,40,7,1595,1,1,MERCEDES GLA CLASS,-1,-1,0,-1
2020010260105,2020,010260105,1,9,0,99,99,9,9,99,99,9,9,99,9,99,9,9,6,6,2,28,6,2143,2,4,MERCEDES GLA CLASS,2,E01001550,0,-1
2020052000286,2020,052000286,1,9,0,18,19,4,8,0,0,1,0,0,0,0,4,1,2,2,1,57,9,1595,1,1,MERCEDES GLA CLASS,1,E01006821,0,-1
2020420998740,2020,420998740,2,9,0,18,19,3,3,0,0,0,0,0,0,0,2,1,6,6,2,41,7,2143,2,2,MERCEDES GLA CLASS,-1,-1,0,-1
2020052002693,2020,052002693,2,9,0,18,19,4,8,0,0,8,0,0,0,0,3,1,6,6,1,39,7,1595,1,1,MERCEDES GLA CLASS,9,E01007027,0,-1
2020200952825,2020,200952825,2,9,0,18,19,2,6,0,0,8,0,0,0,0,3,1,2,2,2,58,9,2143,2,3,MERCEDES GLA CLASS,1,E01010289,0,-1
2020410959788,2020,410959788,1,9,-1,1,1,1,5,0,0,0,0,0,0,0,-1,1,6,6,2,-1,-1,1595,1,1,MERCEDES GLA CLASS,10,E01023290,0,-1
2020500942626,2020,500942626,1,9,0,9,9,5,3,0,0,6,0,0,0,0,4,1,2,2,2,44,7,2143,2,3,MERCEDES GLA CLASS,2,E01015158,0,-1
2020010262345,2020,010262345,2,9,0,9,9,6,4,0,0,1,0,0,0,0,4,1,6,6,1,25,5,2143,2,4,MERCEDES GLA CLASS,5,E01004461,0,-1
2020052002107,2020,052002107,1,9,0,18,19,5,1,0,0,0,0,0,0,0,1,1,6,6,1,32,6,1595,1,1,MERCEDES GLA CLASS,1,E01006607,0,-1
2020122001227,2020,122001227,1,9,0,13,13,3,7,0,0,0,0,0,7,10,1,1,6,6,1,61,9,1950,2,0,MERCEDES GLA CLASS,7,E01013024,0,-1
202006P176627,2020,06P176627,1,9,0,4,4,2,6,0,0,3,0,0,0,2,0,1,6,6,2,57,9,2143,2,3,MERCEDES GLA CLASS,9,E01005577,0,-1
2020010266094,2020,010266094,2,9,0,8,8,3,5,0,0,6,0,0,0,0,1,1,1,1,1,25,5,1595,1,0,MERCEDES GLA CLASS,1,E01001957,0,-1
202006K177487,2020,06K177487,1,9,0,18,19,7,3,0,0,0,0,0,0,0,1,1,1,1,1,34,6,1991,1,6,MERCEDES GLA CLASS,2,E01004815,0,-1