collision_index,collision_year,collision_ref_no,vehicle_reference,vehicle_type,towing_and_articulation,vehicle_manoeuvre_historic,vehicle_manoeuvre,vehicle_direction_from,vehicle_direction_to,vehicle_location_restricted_lane_historic,vehicle_location_restricted_lane,junction_location,skidding_and_overturning,hit_object_in_carriageway,vehicle_leaving_carriageway,hit_object_off_carriageway,first_point_of_impact,vehicle_left_hand_drive,journey_purpose_of_driver_historic,journey_purpose_of_driver,sex_of_driver,age_of_driver,age_band_of_driver,engine_capacity_cc,propulsion_code,age_of_vehicle,generic_make_model,driver_imd_decile,lsoa_of_driver,escooter_flag,driver_distance_banding
2020010276909,2020,010276909,2,9,0,4,4,7,3,0,0,0,0,0,0,0,4,1,6,6,2,30,6,2143,2,3,MERCEDES GLA CLASS,4,E01000805,0,-1
2020100995468,2020,100995468,1,9,0,18,19,1,5,0,0,1,0,0,0,0,1,1,5,6,1,28,6,1595,1,1,MERCEDES GLA CLASS,10,E01008237,0,-1
2020010280381,2020,010280381,2,9,0,7,7,3,5,0,0,8,0,0,0,0,4,1,6,6,2,36,7,2143,2,4,MERCEDES GLA CLASS,2,E01000527,0,-1
2020010240926,2020,010240926,1,9,0,10,10,5,3,0,0,5,0,0,0,0,1,1,6,6,1,23,5,1595,1,1,MERCEDES GLA CLASS,1,E01001899,0,-1
2020010236078,2020,010236078,2,9,0,4,4,1,5,0,0,3,0,0,0,0,1,1,6,6,2,34,6,1595,1,1,MERCEDES GLA CLASS,2,E01003634,0,-1
2020010276771,2020,010276771,1,9,0,18,19,3,7,0,0,8,0,10,3,2,1,1,6,6,2,24,5,2143,2,3,MERCEDES GLA CLASS,2,E01001144,0,-1
2020052000253,2020,052000253,1,9,0,12,12,3,7,0,0,0,0,0,0,0,0,1,6,6,2,69,10,1595,1,1,MERCEDES GLA CLASS,2,E01025520,0,-1
2020460973120,2020,460973120,1,9,0,18,19,5,2,0,0,0,5,11,0,0,3,1,5,6,2,51,8,2143,2,3,MERCEDES GLA CLASS,5,E01024366,0,-1
2020430057266,2020,430057266,2,9,0,3,3,6,8,0,0,1,0,0,0,0,2,1,6,6,2,46,8,2143,2,3,MERCEDES GLA CLASS,9,E01033514,0,-1
2020100990789,2020,100990789,1,9,0,18,19,7,3,0,0,0,0,0,0,0,4,1,5,6,1,22,5,2143,2,5,MERCEDES GLA CLASS,1,E01008606,0,-1
2020010286260,2020,010286260,1,9,0,3,3,7,3,0,0,3,0,0,0,0,2,1,6,6,2,31,6,2143,2,3,MERCEDES GLA CLASS,-1,-1,0,-1
2020010274674,2020,010274674,1,9,0,5,5,1,5,0,0,0,0,0,0,0,1,1,6,6,1,28,6,2143,2,3,MERCEDES GLA CLASS,-1,-1,0,-1
2020010229253,2020,010229253,1,9,0,99,99,9,9,99,99,9,9,99,9,99,2,9,6,6,1,48,8,2143,2,4,MERCEDES GLA CLASS,8,E01004193,0,-1
2020010270023,2020,010270023,2,9,0,18,19,1,5,0,0,0,0,0,0,0,3,1,1,1,1,29,6,1595,1,1,MERCEDES GLA CLASS,1,E01000953,0,-1
2020460946609,2020,460946609,3,9,0,2,2,-1,-1,0,0,8,0,0,0,0,3,1,6,6,3,-1,-1,1595,1,2,MERCEDES GLA CLASS,-1,-1,0,-1
2020522004330,2020,522004330,1,9,0,6,6,6,6,0,0,8,0,0,0,0,4,1,6,6,1,63,9,1595,1,1,MERCEDES GLA CLASS,1,W01001699,0,-1
2020010268997,2020,010268997,2,9,0,16,19,5,1,8,6,3,0,0,0,0,2,1,6,6,1,20,4,2143,2,4,MERCEDES GLA CLASS,7,E01021914,0,-1
202006M271522,2020,06M271522,1,9,0,18,19,6,2,0,0,0,0,10,0,0,0,1,6,6,1,42,7,1595,1,1,MERCEDES GLA CLASS,2,E01033104,0,-1
2020200939252,2020,200939252,2,9,0,18,19,7,3,0,0,8,0,0,0,0,4,1,6,6,2,38,7,1595,1,1,MERCEDES GLA CLASS,1,E01033649,0,-1
2020122100133,2020,122100133,2,9,0,18,19,8,4,0,0,0,0,0,0,0,1,1,6,6,2,28,6,2143,2,4,MERCEDES GLA CLASS,6,E01027774,0,-1
2020201018824,2020,201018824,1,9,0,9,9,7,5,0,0,5,0,0,0,0,3,1,6,6,2,31,6,1595,1,0,MERCEDES GLA CLASS,3,E01010491,0,-1
2020350982882,2020,350982882,1,9,0,9,9,2,6,0,0,0,0,0,0,0,1,1,6,6,2,51,8,2143,2,1,MERCEDES GLA CLASS,6,E01015675,0,-1
2020010282179,2020,010282179,1,9,0,18,19,7,3,0,0,1,0,0,0,0,1,2,2,2,1,49,8,1991,1,4,MERCEDES GLA CLASS,3,E01004747,0,-1
2020010278078,2020,010278078,2,9,0,18,19,5,1,0,0,4,0,0,0,0,4,1,6,6,1,26,6,1595,1,0,MERCEDES GLA CLASS,2,E01003336,0,-1
2020010238463,2020,010238463,1,9,0,3,3,1,5,0,0,1,0,0,0,0,1,1,6,6,1,41,7,2143,2,3,MERCEDES GLA CLASS,7,E01030707,0,-1
2020522005112,2020,522005112,2,9,0,18,19,5,1,0,0,1,0,0,0,0,1,1,6,6,2,51,8,2143,2,4,MERCEDES GLA CLASS,6,E01014813,0,-1
2020010282962,2020,010282962,2,9,0,9,9,7,5,0,0,1,0,0,0,0,1,1,6,6,1,35,6,1595,1,2,MERCEDES GLA CLASS,1,E01001944,0,-1
2020200948347,2020,200948347,2,9,0,5,5,8,4,0,0,3,0,0,0,0,-1,1,6,6,2,27,6,1595,1,1,MERCEDES GLA CLASS,1,E01010456,0,-1
2020010240108,2020,010240108,1,9,9,99,99,9,9,99,99,9,9,99,9,99,9,9,-1,-1,3,-1,-1,1595,1,0,MERCEDES GLA CLASS,-1,-1,0,-1
2020221000764,2020,221000764,2,9,0,8,8,5,6,0,0,1,0,0,0,0,2,1,5,6,1,74,10,2143,2,2,MERCEDES GLA CLASS,9,E01032207,0,-1
202006M172142,2020,06M172142,1,9,0,18,19,7,3,0,0,0,0,0,0,0,1,1,6,6,1,77,11,2143,2,5,MERCEDES GLA CLASS,8,E01006128,0,-1
2020400999528,2020,400999528,1,9,0,4,4,3,7,0,0,0,0,0,0,0,2,1,6,6,1,58,9,2143,2,5,MERCEDES GLA CLASS,6,E01015766,0,-1
2020052001498,2020,052001498,1,9,0,9,9,6,4,0,0,1,0,0,0,0,1,1,6,6,2,26,6,1595,1,0,MERCEDES GLA CLASS,5,E01006538,0,-1
2020100918356,2020,100918356,1,9,0,18,19,1,5,0,0,1,0,0,0,0,1,1,6,6,1,32,6,1595,1,1,MERCEDES GLA CLASS,-1,-1,0,-1
2020010262927,2020,010262927,1,9,0,9,9,6,4,0,0,1,0,0,0,0,4,1,6,6,1,29,6,1595,1,1,MERCEDES GLA CLASS,3,E01032719,0,-1
2020010234848,2020,010234848,2,9,0,14,14,1,5,0,0,1,0,0,0,0,1,1,6,6,2,29,6,1595,1,1,MERCEDES GLA CLASS,2,E01002716,0,-1
2020622001029,2020,622001029,4,9,0,4,4,6,2,0,0,0,0,0,0,0,2,1,2,2,2,39,7,2143,2,2,MERCEDES GLA CLASS,1,W01001881,0,-1
2020040992843,2020,040992843,1,9,0,7,7,1,1,0,0,4,0,0,0,0,1,1,5,6,1,45,7,1595,1,0,MERCEDES GLA CLASS,5,E01025212,0,-1
2020010285300,2020,010285300,1,9,0,18,19,7,3,0,0,8,0,0,0,0,1,1,6,6,2,65,9,2143,2,5,MERCEDES GLA CLASS,8,E01030698,0,-1
2020010263114,2020,010263114,2,9,0,9,9,3,1,0,0,5,0,0,0,0,4,1,6,6,3,-1,-1,1595,1,1,MERCEDES GLA CLASS,-1,-1,0,-1
2020350963817,2020,350963817,1,9,0,9,9,1,7,0,0,6,0,0,0,0,3,1,5,6,2,41,7,2143,2,4,MERCEDES GLA CLASS,10,E01018288,0,-1
2020010250045,2020,010250045,2,9,0,18,19,7,3,0,0,8,1,0,0,0,3,1,6,6,3,-1,-1,1595,1,1,MERCEDES GLA CLASS,-1,-1,0,-1
2020010264473,2020,010264473,2,9,0,12,12,6,2,0,0,0,0,0,0,0,4,1,6,6,2,33,6,2143,2,2,MERCEDES GLA CLASS,-1,-1,0,-1
2020200951018,2020,200951018,2,9,0,18,19,4,8,0,0,0,0,0,0,0,3,1,2,2,2,54,8,2143,2,5,MERCEDES GLA CLASS,2,E01009982,0,-1
2020100922601,2020,100922601,1,9,0,18,19,3,5,0,0,1,0,0,0,0,3,1,6,6,1,36,7,1595,1,3,MERCEDES GLA CLASS,6,E01027472,0,-1
2020010250949,2020,010250949,2,9,0,99,99,9,9,99,99,9,9,99,9,99,9,9,6,6,2,-1,-1,1595,1,1,MERCEDES GLA CLASS,2,E01001783,0,-1
2020400955121,2020,400955121,2,9,0,5,5,1,4,0,0,6,0,0,4,0,3,1,2,2,2,61,9,1595,1,0,MERCEDES GLA CLASS,9,E01017450,0,-1
2020010229820,2020,010229820,1,9,0,18,19,3,7,0,0,0,0,0,0,0,4,1,6,6,1,42,7,1595,1,1,MERCEDES GLA CLASS,8,E01002495,0,-1
2020010240896,2020,010240896,2,9,0,7,7,1,3,0,0,5,1,0,0,0,1,1,6,6,1,32,6,1332,1,0,MERCEDES GLA CLASS,5,E01000255,0,-1
2020010259358,2020,010259358,1,9,0,18,19,6,2,0,0,0,0,0,0,0,4,1,6,6,1,48,8,1595,1,1,MERCEDES GLA CLASS,2,E01004467,0,-1
2020200985023,2020,200985023,1,9,0,18,19,8,4,0,0,3,0,0,0,0,1,1,6,6,1,26,6,1595,1,2,MERCEDES GLA CLASS,4,E01009176,0,-1
2020450969110,2020,450969110,1,9,0,4,4,6,8,0,0,0,0,0,0,0,2,1,5,6,1,43,7,2143,2,2,MERCEDES GLA CLASS,10,E01016551,0,-1
2020170L40770,2020,170L40770,1,9,0,18,19,8,4,0,0,8,0,0,0,0,1,1,6,6,1,53,8,2143,2,2,MERCEDES GLA CLASS,6,E01012022,0,-1
20201375S1038,2020,1375S1038,1,9,0,18,19,5,1,0,0,8,0,0,0,0,1,1,6,6,2,40,7,1595,1,1,MERCEDES GLA CLASS,8,E01010892,0,-1
2020332000245,2020,332000245,1,9,0,18,19,7,3,0,0,0,0,0,0,0,3,1,6,6,1,35,6,1595,1,1,MERCEDES GLA CLASS,5,E01031584,0,-1
2020010275803,2020,010275803,1,9,0,18,19,1,5,0,0,2,0,0,0,0,1,1,6,6,2,29,6,1595,1,1,MERCEDES GLA CLASS,2,E01000724,0,-1
2020430150936,2020,430150936,1,9,0,9,9,8,6,0,0,8,0,0,0,0,1,1,6,6,2,48,8,1595,1,2,MERCEDES GLA CLASS,5,E01028494,0,-1
2020010267795,2020,010267795,1,9,0,18,19,3,7,0,0,8,0,0,0,0,4,1,2,2,2,55,8,2143,2,3,MERCEDES GLA CLASS,2,E01000104,0,-1
2020010246879,2020,010246879,1,9,0,18,19,3,7,0,0,0,0,7,0,0,1,1,6,6,1,41,7,1595,1,1,MERCEDES GLA CLASS,2,E01000098,0,-1
2020320531203,2020,320531203,2,9,0,2,2,0,0,0,0,0,0,0,0,0,2,1,6,6,2,47,8,2143,2,4,MERCEDES GLA CLASS,2,E01026382,0,-1
2020010256965,2020,010256965,1,9,0,18,19,7,3,0,0,5,0,0,1,0,1,1,6,6,1,43,7,1595,1,0,MERCEDES GLA CLASS,10,E01004105,0,-1
2020501013864,2020,501013864,1,9,0,17,19,3,7,0,0,0,0,0,1,11,1,1,5,6,2,73,10,1332,1,0,MERCEDES GLA CLASS,4,E01029328,0,-1
2020460977277,2020,460977277,1,9,0,18,19,4,8,0,0,1,0,0,1,11,1,1,6,6,1,23,5,1595,1,0,MERCEDES GLA CLASS,2,E01000386,0,-1
2020010252393,2020,010252393,2,9,0,4,4,3,7,0,0,0,0,0,0,0,2,1,6,6,2,50,8,1595,1,1,MERCEDES GLA CLASS,4,E01001261,0,-1
2020010264386,2020,010264386,1,9,0,9,9,2,1,0,0,0,0,0,0,0,3,1,6,6,1,61,9,2143,2,2,MERCEDES GLA CLASS,5,E01004494,0,-1
2020010239095,2020,010239095,1,9,0,5,5,0,7,0,0,0,0,0,0,0,4,1,6,6,3,-1,-1,1595,1,0,MERCEDES GLA CLASS,-1,-1,0,-1
2020010258675,2020,010258675,2,9,0,2,2,0,0,9,9,0,0,0,0,0,0,1,6,6,3,-1,-1,1595,1,2,MERCEDES GLA CLASS,-1,-1,0,-1
2020201023177,2020,201023177,1,9,0,13,13,6,2,0,0,0,1,4,0,0,4,1,6,6,1,29,6,1595,1,1,MERCEDES GLA CLASS,1,E01009192,0,-1
2020010238154,2020,010238154,1,9,0,5,5,5,1,0,0,1,0,0,0,0,1,1,6,6,1,20,4,1595,1,1,MERCEDES GLA CLASS,4,E01004715,0,-1
20201374M0775,2020,1374M0775,1,9,0,9,9,3,8,0,0,1,5,0,0,0,3,1,6,6,2,49,8,1595,1,1,MERCEDES GLA CLASS,10,E01011932,0,-1
2020010284539,2020,010284539,2,9,0,18,19,7,3,0,0,8,0,0,0,0,1,1,2,2,1,37,7,1595,1,0,MERCEDES GLA CLASS,8,E01001133,0,-1
2020010270660,2020,010270660,1,9,9,99,99,9,9,0,0,1,9,99,0,0,9,9,6,6,1,36,7,2143,2,6,MERCEDES GLA CLASS,1,E01033405,0,-1
2020137A21555,2020,137A21555,1,9,0,10,10,3,7,0,0,6,0,0,0,0,3,1,6,6,2,41,7,1950,2,0,MERCEDES GLA CLASS,2,E01011837,0,-1
2020470994716,2020,470994716,1,9,0,9,9,6,3,0,0,8,0,0,0,0,4,1,5,6,2,46,8,1332,1,0,MERCEDES GLA CLASS,9,E01001386,0,-1
2020552000369,2020,552000369,2,9,0,11,11,3,6,0,0,8,0,0,0,0,4,1,6,6,2,60,9,2143,2,2,MERCEDES GLA CLASS,5,E01033288,0,-1
2020500967701,2020,500967701,1,9,0,17,19,5,1,0,0,1,0,0,0,0,1,1,6,6,1,61,9,2143,2,4,MERCEDES GLA CLASS,3,E01020010,0,-1
2020440015487,2020,440015487,1,9,0,18,19,2,6,0,0,0,0,0,0,0,4,1,1,1,2,38,7,1595,1,2,MERCEDES GLA CLASS,9,E01022613,0,-1
2020100972189,2020,100972189,2,9,0,5,5,4,8,0,0,8,0,0,7,0,3,1,6,6,2,58,9,1595,1,1,MERCEDES GLA CLASS,2,E01008644,0,-1
2020200982843,2020,200982843,1,9,0,18,19,2,6,0,0,2,0,0,0,0,0,1,6,6,3,-1,-1,2143,2,3,MERCEDES GLA CLASS,-1,-1,0,-1
2020320249425,2020,320249425,1,9,0,18,19,5,1,0,0,6,0,0,0,0,1,1,6,6,2,25,5,2143,2,5,MERCEDES GLA CLASS,5,E01026100,0,-1
2020052000321,2020,052000321,1,9,0,9,9,3,7,0,0,1,0,0,0,0,2,1,6,6,1,49,8,1595,1,1,MERCEDES GLA CLASS,4,E01006626,0,-1
2020010268856,2020,010268856,1,9,0,7,7,1,3,4,4,5,0,0,1,0,4,1,6,6,3,-1,-1,2143,2,4,MERCEDES GLA CLASS,-1,-1,0,-1
2020440042307,2020,440042307,2,9,0,7,7,3,5,0,0,1,0,0,0,0,1,1,6,6,1,-1,-1,2143,2,4,MERCEDES GLA CLASS,4,E01023099,0,-1
2020990927599,2020,990927599,2,9,0,18,19,3,7,0,0,0,0,0,0,0,4,1,5,6,2,37,7,2143,2,4,MERCEDES GLA CLASS,1,-1,0,-1
2020010268535,2020,010268535,1,9,0,18,19,1,5,0,0,0,0,0,0,0,3,1,6,6,2,40,7,2143,2,5,MERCEDES GLA CLASS,5,E01000820,0,-1
2020052001518,2020,052001518,1,9,0,18,19,5,1,0,0,0,0,0,0,0,1,1,6,6,1,28,6,1595,1,2,MERCEDES GLA CLASS,1,E01006778,0,-1
2020622000670,2020,622000670,3,9,0,2,2,0,0,0,0,0,0,0,0,0,4,1,6,6,3,-1,-1,1595,1,2,MERCEDES GLA CLASS,-1,-1,0,-1
2020990959668,2020,990959668,1,9,0,12,12,5,1,0,0,0,0,0,0,0,1,1,6,6,1,29,6,1991,1,3,MERCEDES GLA CLASS,10,-1,0,-1
2020010280002,2020,010280002,2,9,0,99,99,9,9,99,99,0,9,99,9,99,9,9,6,6,3,30,6,1595,1,1,MERCEDES GLA CLASS,-1,-1,0,-1
2020411015398,2020,411015398,1,9,0,18,19,1,5,0,0,0,1,11,2,0,4,1,1,1,2,50,8,1595,1,1,MERCEDES GLA CLASS,8,E01015696,0,-1
2020100967308,2020,100967308,3,9,0,4,4,1,5,0,0,0,0,0,0,0,2,1,6,6,1,46,8,1595,1,1,MERCEDES GLA CLASS,2,E01008632,0,-1
2020010251295,2020,010251295,2,9,0,4,4,5,1,0,0,1,0,0,0,0,2,1,6,6,1,64,9,1595,1,1,MERCEDES GLA CLASS,-1,-1,0,-1
2020010234411,2020,010234411,1,9,0,99,99,9,9,99,99,9,9,99,9,99,2,9,6,6,1,41,7,1991,1,5,MERCEDES GLA CLASS,8,E01000913,0,-1
2020010273987,2020,010273987,2,9,0,99,99,9,9,99,99,9,9,99,9,99,1,9,6,6,3,26,6,2143,2,4,MERCEDES GLA CLASS,9,E01000987,0,-1
2020010229868,2020,010229868,1,9,0,2,2,0,0,0,0,1,0,0,0,0,3,1,6,6,3,-1,-1,1595,1,1,MERCEDES GLA CLASS,-1,-1,0,-1
2020010264125,2020,010264125,2,9,9,99,99,9,9,99,99,9,9,99,9,99,9,9,6,6,3,33,6,1332,1,0,MERCEDES GLA CLASS,6,E01003707,0,-1
2020541643320,2020,541643320,1,9,0,18,19,8,4,0,0,4,0,0,0,0,1,1,6,6,2,54,8,2143,2,1,MERCEDES GLA CLASS,3,E01015502,0,-1
2020070518557,2020,070518557,1,9,0,9,9,6,4,0,0,6,0,0,0,0,3,1,6,6,1,76,11,2143,2,1,MERCEDES GLA CLASS,1,E01014358,0,-1
2020010250784,2020,010250784,1,9,0,99,99,9,9,99,99,0,0,0,0,0,2,9,6,6,2,33,6,2143,2,5,MERCEDES GLA CLASS,3,E01003101,0,-1
2020470933524,2020,470933524,2,9,0,18,19,7,3,0,0,8,0,0,1,0,4,1,5,6,2,47,8,2143,2,5,MERCEDES GLA CLASS,8,E01030867,0,-1
2020010252351,2020,010252351,2,9,0,99,99,9,9,99,99,1,9,99,9,99,9,9,6,6,3,35,6,1595,1,1,MERCEDES GLA CLASS,2,E01004385,0,-1
2020010262523,2020,010262523,1,9,0,7,7,6,7,0,0,1,0,0,0,0,1,1,1,1,1,27,6,1595,1,1,MERCEDES GLA CLASS,1,E01003045,0,-1
2020010249502,2020,010249502,1,9,0,7,7,6,8,0,0,1,9,0,0,99,2,9,6,6,1,44,7,1595,1,1,MERCEDES GLA CLASS,1,E01002855,0,-1
2020990917857,2020,990917857,2,9,0,18,19,3,7,0,0,0,0,0,0,0,1,1,6,6,1,27,6,2143,2,2,MERCEDES GLA CLASS,1,-1,0,-1
2020420971028,2020,420971028,2,9,0,2,2,7,3,0,0,0,0,0,0,0,2,1,6,6,1,33,6,1595,1,0,MERCEDES GLA CLASS,2,E01033587,0,-1
2020010260504,2020,010260504,1,9,0,4,4,7,3,0,0,0,0,0,0,0,2,1,6,6,2,56,9,2143,2,2,MERCEDES GLA CLASS,7,E01024812,0,-1
2020010262219,2020,010262219,2,9,0,99,99,9,9,99,99,9,9,99,9,99,9,9,6,6,3,47,8,2143,2,2,MERCEDES GLA CLASS,3,E01001326,0,-1
202006E370421,2020,06E370421,1,9,0,18,19,7,3,0,0,1,0,0,0,0,4,1,2,2,1,28,6,2143,2,6,MERCEDES GLA CLASS,1,E01005074,0,-1
2020320392582,2020,320392582,2,9,0,18,19,1,5,0,0,0,0,0,0,0,2,1,1,1,1,52,8,2143,2,6,MERCEDES GLA CLASS,4,E01032986,0,-1
2020430215118,2020,430215118,2,9,0,18,19,4,8,0,0,2,0,0,0,0,1,1,6,6,2,69,10,2143,2,2,MERCEDES GLA CLASS,5,E01016223,0,-1
2020302001202,2020,302001202,2,9,0,3,3,6,2,0,0,0,0,0,0,0,2,1,6,6,2,37,7,2143,2,6,MERCEDES GLA CLASS,9,E01033168,0,-1
2020220973340,2020,220973340,2,9,0,18,19,3,7,0,0,1,0,0,0,0,1,1,6,6,1,48,8,1595,1,1,MERCEDES GLA CLASS,5,E01028989,0,-1
2020010282626,2020,010282626,1,9,0,99,99,9,9,99,99,0,9,99,9,99,9,9,6,6,1,23,5,2143,2,4,MERCEDES GLA CLASS,6,E01001093,0,-1
2020010283441,2020,010283441,1,9,0,99,99,9,9,99,99,9,9,99,9,99,1,1,6,6,1,24,5,2143,2,5,MERCEDES GLA CLASS,4,E01003147,0,-1
2020010228281,2020,010228281,4,9,0,4,4,7,3,0,0,0,0,0,0,0,2,1,6,6,1,32,6,2143,2,4,MERCEDES GLA CLASS,-1,-1,0,-1
2020460917773,2020,460917773,2,9,0,7,7,5,7,0,0,1,0,0,0,0,3,1,2,2,1,53,8,2143,2,3,MERCEDES GLA CLASS,6,E01024425,0,-1
2020302001177,2020,302001177,1,9,0,7,7,4,8,0,0,1,0,7,7,2,1,1,6,6,1,27,6,2143,2,5,MERCEDES GLA CLASS,2,E01013504,0,-1
2020010229291,2020,010229291,2,9,0,14,14,1,5,0,0,0,0,0,0,0,1,1,3,7,1,45,7,1595,1,1,MERCEDES GLA CLASS,7,E01001411,0,-1
2020990971465,2020,990971465,1,9,0,17,19,2,6,0,0,0,0,0,0,0,4,1,6,6,2,27,6,2143,2,3,MERCEDES GLA CLASS,3,-1,0,-1
2020320363243,2020,320363243,1,9,0,18,19,1,5,0,0,0,0,0,0,0,1,1,6,6,1,36,7,1595,1,1,MERCEDES GLA CLASS,3,E01026085,0,-1
2020401008042,2020,401008042,2,9,0,4,4,5,1,0,0,0,0,0,0,0,2,1,6,6,1,35,6,2143,2,5,MERCEDES GLA CLASS,8,E01017529,0,-1
2020470958167,2020,470958167,2,9,0,2,2,0,0,0,0,0,0,0,0,0,4,1,6,6,3,-1,-1,2143,2,2,MERCEDES GLA CLASS,-1,-1,0,-1
2020010240976,2020,010240976,1,9,0,4,4,4,8,0,0,2,0,4,0,0,4,1,6,6,2,27,6,2143,2,4,MERCEDES GLA CLASS,2,E01000600,0,-1
2020332000194,2020,332000194,1,9,0,1,1,5,1,0,0,2,0,0,0,0,2,1,6,6,1,43,7,2143,2,3,MERCEDES GLA CLASS,8,E01025768,0,-1
2020200976023,2020,200976023,2,9,0,18,19,6,2,0,0,8,5,10,1,10,1,1,6,6,3,31,6,2143,2,3,MERCEDES GLA CLASS,1,E01009373,0,-1
2020440342679,2020,440342679,1,9,0,9,9,8,6,0,0,8,0,0,0,0,1,1,6,6,1,22,5,2143,2,5,MERCEDES GLA CLASS,1,E01017038,0,-1
2020010277456,2020,010277456,2,9,0,99,99,9,9,99,99,9,9,99,9,99,1,9,6,6,2,53,8,1595,1,2,MERCEDES GLA CLASS,7,E01000217,0,-1
2020010250826,2020,010250826,2,9,0,99,99,9,9,99,99,9,9,99,9,99,2,9,6,6,3,-1,-1,1595,1,0,MERCEDES GLA CLASS,-1,-1,0,-1
2020200930190,2020,200930190,2,9,0,10,10,7,5,0,0,0,0,0,0,0,2,1,6,6,2,37,7,2143,2,2,MERCEDES GLA CLASS,2,E01009661,0,-1
2020100962533,2020,100962533,1,9,0,18,19,5,1,0,0,8,0,0,0,0,1,1,2,2,1,26,6,2143,2,3,MERCEDES GLA CLASS,8,E01008734,0,-1
202031C112420,2020,31C112420,2,9,0,13,13,4,8,0,0,8,0,0,0,0,4,1,6,6,1,27,6,1595,1,0,MERCEDES GLA CLASS,5,E01013831,0,-1
2020010279719,2020,010279719,1,9,0,17,19,3,7,0,0,1,0,0,0,0,1,1,2,2,2,28,6,2143,2,2,MERCEDES GLA CLASS,-1,-1,0,-1
2020010246007,2020,010246007,1,9,0,4,4,6,2,0,0,1,0,0,0,0,3,1,6,6,2,23,5,2143,2,6,MERCEDES GLA CLASS,4,E01002775,0,-1
2020160940001,2020,160940001,1,9,0,18,19,1,5,0,0,0,0,0,0,0,1,1,6,6,1,36,7,1595,1,1,MERCEDES GLA CLASS,1,E01012876,0,-1
2020010261316,2020,010261316,1,9,0,99,99,9,9,99,99,0,9,99,9,99,1,9,6,6,1,43,7,2143,2,4,MERCEDES GLA CLASS,6,E01000778,0,-1
2020010280012,2020,010280012,2,9,0,9,9,5,3,0,0,6,0,0,0,0,1,1,6,6,1,53,8,2143,2,5,MERCEDES GLA CLASS,3,E01001661,0,-1
2020010265494,2020,010265494,1,9,0,9,9,1,5,0,0,6,0,0,0,0,2,1,6,6,2,55,8,2143,2,2,MERCEDES GLA CLASS,5,E01002622,0,-1
202054A435720,2020,54A435720,2,9,0,4,4,4,8,0,0,1,0,0,0,0,2,1,2,2,1,57,9,1595,1,1,MERCEDES GLA CLASS,4,E01003927,0,-1
2020430163637,2020,430163637,1,9,0,5,5,2,5,0,0,6,0,0,0,0,3,1,2,2,2,52,8,2143,2,5,MERCEDES GLA CLASS,8,E01017776,0,-1
2020010251240,2020,010251240,1,9,0,99,99,9,9,99,99,9,9,99,9,99,2,9,6,6,2,41,7,1595,1,1,MERCEDES GLA CLASS,1,E01002855,0,-1
2020010284396,2020,010284396,1,9,0,9,9,3,2,0,0,1,0,0,0,0,4,1,6,6,2,55,8,2143,2,4,MERCEDES GLA CLASS,3,E01004540,0,-1
2020010258531,2020,010258531,2,9,0,9,9,2,7,0,0,1,0,0,0,0,4,1,6,6,2,30,6,1595,1,0,MERCEDES GLA CLASS,3,E01001318,0,-1
2020420965384,2020,420965384,3,9,0,3,3,8,4,0,0,0,0,0,0,0,2,1,5,6,2,34,6,1595,1,2,MERCEDES GLA CLASS,4,E01022016,0,-1
2020010258504,2020,010258504,2,9,0,11,11,3,7,0,0,1,0,0,0,0,1,1,6,6,3,-1,-1,1991,1,4,MERCEDES GLA CLASS,-1,-1,0,-1
2020211001854,2020,211001854,2,9,0,2,2,0,0,0,0,0,0,0,0,0,2,1,6,6,2,34,6,1595,1,1,MERCEDES GLA CLASS,6,E01029753,0,-1
2020010273309,2020,010273309,1,9,0,99,99,9,9,99,99,0,9,99,9,99,2,9,6,6,1,24,5,1595,1,0,MERCEDES GLA CLASS,5,E01015818,0,-1
202006K169916,2020,06K169916,2,9,0,18,19,1,5,0,0,8,0,0,0,0,1,1,1,1,1,34,6,1595,1,1,MERCEDES GLA CLASS,10,E01005786,0,-1
202006F170344,2020,06F170344,2,9,0,16,19,8,3,0,0,0,1,0,0,0,3,1,6,6,3,-1,-1,1595,1,1,MERCEDES GLA CLASS,-1,-1,0,-1
2020010250715,2020,010250715,1,9,0,99,99,9,9,99,99,9,9,99,9,99,2,9,6,6,2,32,6,2143,2,3,MERCEDES GLA CLASS,2,E01001849,0,-1
202031A165220,2020,31A165220,2,9,0,18,19,5,1,0,0,8,0,0,0,0,1,1,6,6,2,27,6,2143,2,3,MERCEDES GLA CLASS,-1,-1,0,-1
202006L176963,2020,06L176963,1,9,0,18,19,2,6,0,0,8,0,0,0,0,1,1,6,6,2,36,7,2143,2,3,MERCEDES GLA CLASS,8,E01004780,0,-1
202006F170040,2020,06F170040,2,9,0,18,19,4,8,0,0,0,0,0,0,0,3,1,6,6,1,67,10,1595,1,0,MERCEDES GLA CLASS,6,E01004940,0,-1