collision_index,collision_year,collision_ref_no,vehicle_reference,vehicle_type,towing_and_articulation,vehicle_manoeuvre_historic,vehicle_manoeuvre,vehicle_direction_from,vehicle_direction_to,vehicle_location_restricted_lane_historic,vehicle_location_restricted_lane,junction_location,skidding_and_overturning,hit_object_in_carriageway,vehicle_leaving_carriageway,hit_object_off_carriageway,first_point_of_impact,vehicle_left_hand_drive,journey_purpose_of_driver_historic,journey_purpose_of_driver,sex_of_driver,age_of_driver,age_band_of_driver,engine_capacity_cc,propulsion_code,age_of_vehicle,generic_make_model,driver_imd_decile,lsoa_of_driver,escooter_flag,driver_distance_banding
2020010253134,2020,010253134,1,9,0,2,2,0,0,0,0,1,0,0,0,0,3,1,6,6,3,-1,-1,1595,1,2,MERCEDES GLA CLASS,-1,-1,0,-1
2020420986964,2020,420986964,2,9,0,3,3,6,3,0,0,2,0,0,0,0,1,1,6,6,1,30,6,2143,2,5,MERCEDES GLA CLASS,2,E01021998,0,-1
2020990960723,2020,990960723,1,9,0,18,19,4,8,0,0,2,0,0,0,0,1,1,5,6,2,50,8,2143,2,4,MERCEDES GLA CLASS,5,-1,0,-1
2020010247967,2020,010247967,1,9,0,17,19,6,3,0,0,6,0,0,0,0,3,1,6,6,2,33,6,1595,1,1,MERCEDES GLA CLASS,3,E01001368,0,-1
2020460953917,2020,460953917,2,9,0,18,19,3,7,0,0,0,0,0,0,0,1,1,6,6,1,42,7,2143,2,4,MERCEDES GLA CLASS,3,E01024149,0,-1
2020610029120,2020,610029120,1,9,0,18,19,2,5,0,0,8,0,0,0,0,4,1,6,6,2,58,9,2143,2,3,MERCEDES GLA CLASS,2,W01001474,0,-1
2020010275465,2020,010275465,2,9,0,99,99,9,9,99,99,9,9,99,9,99,2,9,6,6,3,-1,-1,2143,2,2,MERCEDES GLA CLASS,-1,-1,0,-1
2020302001298,2020,302001298,3,9,0,3,3,5,1,0,0,5,0,0,0,0,2,1,6,6,1,35,6,2143,2,4,MERCEDES GLA CLASS,9,E01019627,0,-1
2020990997134,2020,990997134,1,9,0,18,19,1,5,0,0,0,0,0,3,4,1,1,5,6,1,30,6,1595,1,2,MERCEDES GLA CLASS,5,-1,0,-1
2020052000077,2020,052000077,2,9,0,18,19,5,1,0,0,0,0,0,0,0,4,1,6,6,2,51,8,1595,1,2,MERCEDES GLA CLASS,1,E01006776,0,-1
2020010254758,2020,010254758,2,9,0,18,19,3,7,0,0,1,0,7,7,1,3,1,6,6,1,20,4,1595,1,1,MERCEDES GLA CLASS,-1,-1,0,-1
2020220926954,2020,220926954,3,9,0,4,4,2,6,0,0,1,0,0,0,0,2,1,2,2,2,66,10,2143,2,3,MERCEDES GLA CLASS,10,E01033062,0,-1
2020460934009,2020,460934009,2,9,0,7,7,7,1,0,0,3,0,0,0,0,4,1,5,6,1,48,8,1595,1,1,MERCEDES GLA CLASS,10,E01023996,0,-1
2020010246079,2020,010246079,1,9,0,4,4,1,5,6,6,2,0,8,0,0,4,1,6,6,1,37,7,2143,2,1,MERCEDES GLA CLASS,5,E01000144,0,-1
2020440005029,2020,440005029,1,9,0,18,19,1,5,0,0,8,0,0,0,0,4,1,2,2,2,64,9,1991,1,4,MERCEDES GLA CLASS,7,E01022924,0,-1
2020010236346,2020,010236346,1,9,0,99,99,9,9,99,99,9,9,99,9,99,2,9,6,6,3,32,6,1595,1,1,MERCEDES GLA CLASS,3,E01000510,0,-1
2020332000007,2020,332000007,2,9,0,18,19,4,8,0,0,0,0,0,0,0,2,1,6,6,2,37,7,1595,1,2,MERCEDES GLA CLASS,4,E01025666,0,-1
2020010278792,2020,010278792,1,9,0,9,9,3,8,0,0,8,0,0,0,0,3,1,3,7,2,32,6,2143,2,2,MERCEDES GLA CLASS,3,E01000010,0,-1
2020340W00792,2020,340W00792,2,9,0,2,2,0,0,0,0,0,0,0,0,0,2,1,6,6,2,57,9,2143,2,2,MERCEDES GLA CLASS,8,E01027348,0,-1
2020360944258,2020,360944258,1,97,0,18,19,5,1,0,0,0,2,0,0,0,2,1,5,6,1,51,8,49,1,19,-1,1,E01026800,0,-1
2020440022108,2020,440022108,2,2,0,18,19,5,1,0,0,8,0,0,0,0,1,1,2,2,1,16,4,49,1,15,-1,4,E01032858,0,-1
2020360960283,2020,360960283,1,2,0,18,19,1,5,0,0,1,0,0,0,0,2,1,5,6,1,19,4,49,1,17,-1,4,E01026732,0,-1
2020320063174,2020,320063174,1,3,0,14,14,3,3,0,0,0,0,7,0,0,0,1,6,6,1,22,5,100,1,13,-1,1,E01026069,0,-1
2020450986419,2020,450986419,1,9,0,17,19,6,2,0,0,4,0,0,0,0,4,1,5,6,1,43,7,848,1,20,-1,8,E01030575,0,-1
2020552000504,2020,552000504,1,2,0,18,19,2,6,0,0,1,0,0,0,0,1,1,6,6,1,16,4,50,1,3,-1,4,E01023068,0,-1
2020200952845,2020,200952845,1,3,0,13,13,6,2,0,0,8,0,0,0,0,1,1,6,6,1,29,6,124,1,6,-1,1,E01008941,0,-1
2020170L20060,2020,170L20060,2,3,0,18,19,2,6,0,0,0,0,0,0,0,1,1,6,6,1,16,4,-1,-1,-1,-1,5,E01012172,0,-1
2020140941892,2020,140941892,2,3,0,18,19,5,7,0,0,0,0,0,0,0,1,1,5,6,1,44,7,124,1,7,-1,-1,-1,0,-1
2020440480656,2020,440480656,1,2,0,18,19,7,3,0,0,8,0,0,0,0,1,1,6,6,1,17,4,50,1,3,-1,4,E01017199,0,-1
2020500964918,2020,500964918,1,2,0,8,8,1,5,0,0,0,0,0,0,0,4,1,6,6,1,16,4,50,1,5,-1,8,E01020190,0,-1
2020122000626,2020,122000626,1,2,0,18,19,3,7,0,0,8,0,0,0,0,1,1,2,2,1,16,4,50,1,5,-1,7,E01013336,0,-1
2020552001212,2020,552001212,2,3,0,18,19,1,6,0,0,8,0,0,0,0,1,1,6,6,1,26,6,124,1,4,-1,5,E01020460,0,-1
2020110920124,2020,110920124,2,9,-1,18,19,7,3,0,0,0,0,0,7,0,1,1,2,2,2,47,8,1197,1,4,TOYOTA AURIS,2,E01020763,0,-1
2020010262734,2020,010262734,1,9,0,99,99,9,9,99,99,0,9,99,9,99,2,9,6,6,2,39,7,1598,1,7,TOYOTA AURIS,3,E01021847,0,-1
2020010256600,2020,010256600,1,9,0,7,7,1,4,0,0,1,0,8,0,0,1,1,6,6,2,-1,-1,1797,8,6,TOYOTA AURIS,5,E01003083,0,-1
2020201004152,2020,201004152,1,9,0,3,3,7,4,0,0,1,0,0,0,0,2,1,2,2,1,42,7,1798,8,5,TOYOTA AURIS,1,E01009638,0,-1
202006M171384,2020,06M171384,1,9,0,18,19,7,3,0,0,8,0,0,0,0,4,1,6,6,1,47,8,1797,8,9,TOYOTA AURIS,7,E01006182,0,-1
2020010256101,2020,010256101,1,9,0,5,5,4,8,0,0,0,0,0,0,0,2,1,6,6,1,42,7,1798,8,3,TOYOTA AURIS,3,E01003105,0,-1
2020622001018,2020,622001018,3,9,0,18,19,6,2,0,0,0,0,0,0,0,1,2,6,6,1,77,11,1598,1,12,TOYOTA AURIS,3,W01001706,0,-1
2020522102312,2020,522102312,1,9,0,18,19,2,6,0,0,8,0,0,0,0,1,1,6,6,1,50,8,1798,8,2,TOYOTA AURIS,1,E01014658,0,-1
2020010254631,2020,010254631,1,9,0,7,7,3,5,0,0,6,0,0,0,0,1,1,6,6,2,54,8,1797,8,10,TOYOTA AURIS,10,E01023567,0,-1
2020430320796,2020,430320796,1,9,0,5,5,4,8,0,0,0,0,0,0,0,1,1,3,7,1,43,7,1598,1,7,TOYOTA AURIS,10,E01017650,0,-1
2020137BK0216,2020,137BK0216,2,8,0,9,9,6,2,0,0,0,0,0,0,0,1,1,1,1,1,35,6,1798,8,3,TOYOTA AURIS,2,E01010619,0,-1
202031C036720,2020,31C036720,2,9,0,18,19,4,8,0,0,0,0,0,0,0,2,1,6,6,2,59,9,1798,8,4,TOYOTA AURIS,10,E01028409,0,-1
2020200985672,2020,200985672,1,9,0,18,19,1,5,0,0,0,0,0,0,0,4,1,6,6,2,38,7,1598,1,9,TOYOTA AURIS,1,E01009367,0,-1
2020010258505,2020,010258505,1,8,0,18,19,5,1,0,0,8,0,10,0,0,4,1,1,1,1,41,7,1798,8,4,TOYOTA AURIS,6,E01016506,0,-1
2020137670280,2020,137670280,1,9,0,16,19,8,4,0,0,0,0,0,0,0,1,1,1,1,1,42,7,1798,8,3,TOYOTA AURIS,-1,-1,0,-1
202031C022820,2020,31C022820,2,9,0,3,3,8,4,0,0,1,0,0,0,0,2,1,1,1,1,29,6,1797,8,7,TOYOTA AURIS,1,E01013948,0,-1
202031C128120,2020,31C128120,2,9,0,18,19,3,7,0,0,0,0,0,0,0,3,1,1,1,1,29,6,1798,8,5,TOYOTA AURIS,1,E01013850,0,-1
2020460985933,2020,460985933,1,9,0,18,19,1,5,0,0,0,0,0,0,0,1,1,6,6,1,27,6,1798,8,3,TOYOTA AURIS,4,E01024339,0,-1
2020010273626,2020,010273626,2,9,0,4,4,7,3,0,0,0,0,0,0,0,2,1,6,6,1,47,8,1797,8,9,TOYOTA AURIS,1,E01004247,0,-1
2020160946042,2020,160946042,1,9,0,4,4,1,5,0,0,0,0,0,0,0,1,1,6,6,2,18,4,1598,1,9,TOYOTA AURIS,5,E01013225,0,-1
2020040971594,2020,040971594,1,9,0,18,19,4,8,0,0,0,0,0,0,0,0,1,2,2,1,48,8,1797,8,6,TOYOTA AURIS,2,E01025284,0,-1
2020122000154,2020,122000154,1,9,0,13,13,8,4,0,0,0,0,0,1,10,1,1,6,6,2,66,10,1197,1,2,TOYOTA AURIS,5,E01027590,0,-1
2020351004143,2020,351004143,1,9,0,6,6,6,2,0,0,0,0,0,0,0,1,1,1,1,1,41,7,1798,8,3,TOYOTA AURIS,3,E01015668,0,-1
202006N277491,2020,06N277491,1,8,0,1,1,7,2,0,0,1,0,0,0,0,2,1,1,1,1,45,7,1364,2,6,TOYOTA AURIS,1,E01005585,0,-1
2020522001820,2020,522001820,2,9,0,7,7,6,8,0,0,8,0,0,0,0,0,1,6,6,3,20,4,1364,2,6,TOYOTA AURIS,-1,-1,0,-1
2020052002162,2020,052002162,2,9,0,7,7,3,5,0,0,1,0,0,0,0,3,1,2,2,2,36,7,1798,8,4,TOYOTA AURIS,1,E01006658,0,-1
2020500946204,2020,500946204,1,9,0,16,19,7,3,0,0,0,0,0,0,0,1,1,6,6,1,59,9,1364,2,12,TOYOTA AURIS,1,E01019029,0,-1
2020302001204,2020,302001204,2,9,0,6,6,3,3,0,0,0,0,0,0,0,3,1,6,6,1,34,6,1598,1,11,TOYOTA AURIS,2,E01006185,0,-1
2020432001187,2020,432001187,2,9,0,18,19,5,1,0,0,4,0,0,0,0,3,1,6,6,1,20,4,1598,1,10,TOYOTA AURIS,9,E01017417,0,-1
2020440401235,2020,440401235,1,9,0,18,19,7,3,0,0,0,0,0,0,0,3,1,1,1,1,35,6,1798,8,2,TOYOTA AURIS,7,E01023014,0,-1
2020990978391,2020,990978391,1,9,0,18,19,7,2,0,0,0,0,0,0,0,2,1,5,6,2,27,6,1798,8,2,TOYOTA AURIS,3,-1,0,-1
2020031011051,2020,031011051,1,9,0,9,9,4,6,0,0,1,0,0,0,0,4,1,6,6,1,77,11,1598,2,4,TOYOTA AURIS,7,E01019155,0,-1
2020470922695,2020,470922695,3,9,0,18,19,2,6,0,0,0,0,0,0,0,2,1,1,1,1,56,9,1798,8,4,TOYOTA AURIS,9,E01021053,0,-1
2020430355872,2020,430355872,2,8,0,3,3,8,4,0,0,0,0,0,0,0,2,1,1,1,1,45,7,1798,8,3,TOYOTA AURIS,4,E01028532,0,-1
2020010278965,2020,010278965,1,9,0,18,19,7,3,0,0,1,0,99,0,0,0,9,1,1,1,-1,-1,1798,8,3,TOYOTA AURIS,-1,-1,0,-1
2020460922933,2020,460922933,2,9,0,18,19,8,3,0,0,1,5,0,0,0,3,1,5,6,1,29,6,1197,1,3,TOYOTA AURIS,1,E01016024,0,-1
2020470992291,2020,470992291,1,9,0,14,14,3,7,0,0,0,0,0,0,0,1,1,2,2,2,55,8,1797,8,5,TOYOTA AURIS,9,E01021053,0,-1
2020010249635,2020,010249635,1,9,0,99,99,9,9,99,99,9,9,99,9,99,3,9,2,2,2,62,9,1329,1,11,TOYOTA AURIS,5,E01003664,0,-1
2020137C50981,2020,137C50981,4,8,0,4,4,1,5,0,0,1,0,0,0,0,3,1,1,1,1,55,8,1797,8,7,TOYOTA AURIS,1,E01033035,0,-1
2020010275909,2020,010275909,1,8,0,99,99,9,9,99,99,9,9,99,9,99,9,9,6,6,1,45,7,1798,8,4,TOYOTA AURIS,2,E01001506,0,-1
2020210944049,2020,210944049,1,8,0,18,19,-1,-1,0,0,1,0,0,0,0,1,1,1,1,1,-1,-1,1797,8,7,TOYOTA AURIS,5,E01014304,0,-1
2020010263992,2020,010263992,2,9,0,9,9,1,6,0,0,0,0,0,0,0,1,1,6,6,2,20,4,1797,8,9,TOYOTA AURIS,3,E01002120,0,-1
2020010276622,2020,010276622,1,9,9,99,99,9,9,99,99,9,9,99,9,99,9,9,6,6,3,-1,-1,1197,1,5,TOYOTA AURIS,1,E01001574,0,-1
2020350995249,2020,350995249,1,9,0,18,19,2,4,0,0,8,0,0,0,0,1,1,2,2,2,30,6,1598,1,7,TOYOTA AURIS,6,E01017973,0,-1
2020201021923,2020,201021923,2,9,0,18,19,8,6,0,0,6,0,0,0,0,1,1,6,6,2,23,5,1329,1,11,TOYOTA AURIS,1,E01009329,0,-1
2020010281910,2020,010281910,1,9,0,5,5,5,1,0,0,6,0,0,0,0,1,1,6,6,1,60,9,1798,8,4,TOYOTA AURIS,4,E01001683,0,-1
2020010269350,2020,010269350,1,9,0,7,7,1,2,0,0,0,0,0,0,0,3,1,1,1,2,51,8,1797,8,9,TOYOTA AURIS,8,E01003827,0,-1
2020010286899,2020,010286899,1,9,0,18,19,5,1,0,0,6,0,0,0,0,1,1,6,6,2,51,8,1598,1,12,TOYOTA AURIS,7,E01001871,0,-1
2020010258032,2020,010258032,1,9,9,99,99,9,9,99,99,9,9,99,9,99,9,9,6,6,1,47,8,1798,8,2,TOYOTA AURIS,-1,-1,0,-1
2020010252805,2020,010252805,1,9,0,5,5,4,8,0,0,8,0,0,0,0,1,1,6,6,1,44,7,1598,1,7,TOYOTA AURIS,1,E01003577,0,-1
2020200980457,2020,200980457,1,8,0,5,5,-1,-1,0,0,1,0,0,0,0,3,1,2,2,1,29,6,1598,1,7,TOYOTA AURIS,1,E01009836,0,-1
2020010276836,2020,010276836,1,9,0,18,19,7,3,0,0,6,0,0,0,0,4,1,6,6,1,22,5,1598,1,11,TOYOTA AURIS,4,E01002775,0,-1
2020430298859,2020,430298859,1,9,0,18,19,5,1,0,0,0,0,0,0,0,2,1,6,6,2,43,7,1998,2,13,TOYOTA AURIS,5,E01016395,0,-1
2020210993403,2020,210993403,2,9,0,4,4,2,6,0,0,1,0,0,0,0,1,1,6,6,1,47,8,1364,2,6,TOYOTA AURIS,6,E01029722,0,-1
2020052002532,2020,052002532,1,8,0,9,9,7,5,0,0,1,0,0,0,0,3,1,6,6,1,25,5,1798,8,3,TOYOTA AURIS,7,E01006689,0,-1
2020137332097,2020,137332097,2,9,0,12,12,5,1,0,0,1,0,0,0,0,1,1,1,1,1,45,7,1798,8,3,TOYOTA AURIS,1,E01011347,0,-1
2020990978622,2020,990978622,1,8,0,5,5,7,3,0,0,0,0,0,0,0,1,1,1,1,1,37,7,1798,8,3,TOYOTA AURIS,3,-1,0,-1
2020137CO1119,2020,137CO1119,2,9,0,4,4,4,8,0,0,1,0,0,0,0,1,1,6,6,1,-1,-1,1598,1,11,TOYOTA AURIS,-1,-1,0,-1
2020220999158,2020,220999158,2,9,0,10,10,5,3,0,0,1,0,0,0,0,2,1,1,1,1,30,6,1797,8,6,TOYOTA AURIS,1,E01009489,0,-1
2020160961228,2020,160961228,1,9,0,9,9,6,4,0,0,1,0,0,0,0,1,1,6,6,2,-1,-1,1598,1,10,TOYOTA AURIS,6,E01012959,0,-1
2020350999853,2020,350999853,1,8,0,5,5,1,7,0,0,4,0,0,0,0,1,1,1,1,1,59,9,1798,8,3,TOYOTA AURIS,9,E01018299,0,-1
20201371D1058,2020,1371D1058,1,9,0,9,9,2,8,0,0,4,0,0,0,0,3,1,6,6,2,31,6,1797,8,9,TOYOTA AURIS,1,E01011663,0,-1
2020522002419,2020,522002419,2,9,0,9,9,6,4,0,0,6,0,0,0,0,1,1,6,6,1,20,4,1197,1,5,TOYOTA AURIS,-1,-1,0,-1
2020460978142,2020,460978142,1,9,0,4,4,8,4,0,0,1,0,0,0,0,1,1,5,6,1,47,8,1798,8,4,TOYOTA AURIS,4,E01003685,0,-1
20201378I1155,2020,1378I1155,2,9,0,18,19,4,8,0,0,0,0,0,0,0,1,1,1,1,1,55,8,1798,8,3,TOYOTA AURIS,1,E01010745,0,-1
2020460938721,2020,460938721,2,9,0,18,19,3,7,0,0,0,0,0,0,0,4,1,3,7,2,49,8,1598,1,10,TOYOTA AURIS,7,E01016167,0,-1
2020320530434,2020,320530434,1,9,0,18,19,6,1,0,0,1,0,0,0,0,1,1,6,6,1,67,10,1998,2,12,TOYOTA AURIS,5,E01026327,0,-1
2020140956602,2020,140956602,2,9,0,7,7,1,3,0,0,5,0,0,0,0,1,1,6,6,2,65,9,1598,1,11,TOYOTA AURIS,6,E01011861,0,-1
2020040926743,2020,040926743,1,9,0,9,9,1,5,0,0,8,0,0,0,0,4,1,5,6,1,63,9,1798,8,3,TOYOTA AURIS,3,E01025087,0,-1
2020470918176,2020,470918176,1,9,0,18,19,7,3,0,0,0,0,0,0,0,1,1,1,1,1,25,5,1798,8,2,TOYOTA AURIS,5,E01031585,0,-1
2020010252653,2020,010252653,1,9,0,9,9,7,5,0,0,1,0,0,0,0,4,1,6,6,1,41,7,1598,1,12,TOYOTA AURIS,2,-1,0,-1
2020420972919,2020,420972919,1,9,0,5,5,3,7,8,6,0,0,0,0,0,3,1,6,6,1,40,7,1398,1,13,TOYOTA AURIS,6,E01015915,0,-1
2020137A81147,2020,137A81147,2,9,0,18,19,6,2,0,0,0,0,0,0,0,2,1,1,1,1,35,6,1798,8,4,TOYOTA AURIS,3,E01011035,0,-1
2020010262945,2020,010262945,1,9,0,18,19,5,1,0,0,1,0,0,0,0,1,1,1,1,2,57,9,1798,8,2,TOYOTA AURIS,2,E01000604,0,-1
202006G278207,2020,06G278207,2,8,0,5,5,2,6,0,0,4,0,4,0,0,3,1,6,6,1,30,6,1798,8,3,TOYOTA AURIS,1,E01005063,0,-1
2020420939976,2020,420939976,1,9,0,7,7,2,4,0,0,8,0,0,0,0,3,1,1,1,1,37,7,1797,8,7,TOYOTA AURIS,1,E01021323,0,-1
2020010285226,2020,010285226,2,9,0,99,99,9,9,99,99,0,9,99,9,99,1,9,6,6,1,-1,-1,1798,8,3,TOYOTA AURIS,3,E01002130,0,-1
2020990921817,2020,990921817,1,9,0,18,19,7,3,0,0,0,1,0,0,0,1,1,5,6,1,49,8,1329,1,10,TOYOTA AURIS,-1,-1,0,-1
2020622001013,2020,622001013,3,9,0,18,19,2,6,0,0,0,0,0,0,0,2,1,6,6,1,45,7,1798,8,5,TOYOTA AURIS,2,W01000790,0,-1
2020221001365,2020,221001365,1,9,0,18,19,8,4,0,0,8,1,0,0,0,4,1,1,1,1,61,9,1598,1,10,TOYOTA AURIS,2,E01014127,0,-1
2020010251242,2020,010251242,2,9,0,8,8,1,4,0,0,2,0,0,0,0,2,1,6,6,1,35,6,1798,8,3,TOYOTA AURIS,5,E01023869,0,-1
2020010257224,2020,010257224,1,8,0,18,19,1,5,0,0,2,5,0,0,0,3,1,1,1,1,48,8,1797,8,6,TOYOTA AURIS,2,E01000100,0,-1
2020010231966,2020,010231966,2,8,0,99,99,9,9,99,99,9,9,99,9,99,1,9,6,6,3,54,8,1797,8,6,TOYOTA AURIS,3,E01033583,0,-1
2020010230689,2020,010230689,2,9,0,2,2,0,0,9,9,0,0,0,0,0,2,1,6,6,3,-1,-1,1797,8,8,TOYOTA AURIS,-1,-1,0,-1
2020340N08952,2020,340N08952,2,9,0,18,19,7,3,0,0,0,0,0,0,0,2,1,2,2,2,26,6,1598,1,5,TOYOTA AURIS,10,E01027075,0,-1
20201379D0397,2020,1379D0397,1,8,0,18,19,2,6,0,0,2,0,0,0,0,1,1,1,1,1,46,8,1797,8,5,TOYOTA AURIS,1,E01011906,0,-1
202031C153820,2020,31C153820,2,9,0,18,19,3,7,0,0,1,0,0,0,0,1,1,6,6,1,34,6,1798,8,4,TOYOTA AURIS,1,E01013825,0,-1
202006A177799,2020,06A177799,2,9,0,18,19,5,1,0,0,8,0,0,0,0,4,1,6,6,1,35,6,1598,1,12,TOYOTA AURIS,1,E01005224,0,-1
2020010265557,2020,010265557,1,9,0,4,4,4,8,0,0,1,0,0,0,0,4,1,6,6,1,32,6,1197,1,4,TOYOTA AURIS,2,E01004253,0,-1
2020200950460,2020,200950460,1,8,0,9,9,4,2,0,0,1,0,10,7,2,1,1,1,1,1,49,8,1797,8,8,TOYOTA AURIS,1,E01009540,0,-1
202006F171288,2020,06F171288,2,9,0,18,19,6,2,0,0,0,0,0,0,0,1,1,1,1,1,51,8,1798,8,4,TOYOTA AURIS,1,E01004926,0,-1
2020010256208,2020,010256208,2,9,0,3,3,6,2,0,0,0,0,0,0,0,2,1,6,6,1,38,7,1797,8,9,TOYOTA AURIS,-1,-1,0,-1
2020052000217,2020,052000217,1,9,0,7,7,8,1,0,0,5,0,0,0,0,1,1,1,1,1,28,6,1364,2,7,TOYOTA AURIS,1,E01017039,0,-1
2020370984025,2020,370984025,2,9,0,9,9,3,1,0,0,0,0,0,0,0,2,1,5,6,1,84,11,1598,1,8,TOYOTA AURIS,9,E01030183,0,-1
2020010280252,2020,010280252,2,9,0,18,19,3,7,0,0,8,0,0,0,0,1,1,6,6,2,50,8,1797,8,7,TOYOTA AURIS,6,E01000318,0,-1
2020010231340,2020,010231340,1,8,0,99,99,9,9,99,99,9,9,99,9,99,2,9,6,6,1,42,7,1598,2,5,TOYOTA AURIS,4,E01015712,0,-1
2020530990951,2020,530990951,1,9,0,9,9,7,5,0,0,8,0,0,0,0,1,1,1,1,1,37,7,1798,8,2,TOYOTA AURIS,2,E01022332,0,-1
2020137BA0245,2020,137BA0245,2,8,0,3,3,0,0,0,0,8,0,0,0,0,2,1,6,6,1,53,8,1798,8,5,TOYOTA AURIS,2,E01010916,0,-1
2020140938072,2020,140938072,1,9,0,16,19,7,1,0,0,0,0,0,0,0,4,1,5,6,2,27,6,1398,1,12,TOYOTA AURIS,1,E01007769,0,-1
2020302000076,2020,302000076,1,9,0,5,5,8,2,0,0,6,0,0,0,0,1,1,6,6,2,-1,-1,1398,1,12,TOYOTA AURIS,-1,-1,0,-1
2020137270520,2020,137270520,1,9,0,9,9,4,1,0,0,2,0,11,0,0,1,1,6,6,2,40,7,1598,1,11,TOYOTA AURIS,1,E01010743,0,-1
20201372C1469,2020,1372C1469,2,8,0,3,3,0,0,0,0,2,0,0,0,0,4,1,1,1,3,-1,-1,1797,8,6,TOYOTA AURIS,6,E01011480,0,-1
2020450923889,2020,450923889,1,9,0,18,19,5,1,0,0,4,0,0,0,0,1,1,1,1,1,40,7,1798,8,2,TOYOTA AURIS,9,E01030366,0,-1
2020040932935,2020,040932935,2,9,0,18,19,3,7,0,0,1,0,0,0,0,1,1,1,1,1,52,8,1798,8,3,TOYOTA AURIS,1,E01012738,0,-1
2020470968962,2020,470968962,1,9,0,2,2,8,4,0,0,0,0,0,0,0,1,1,5,6,2,42,7,1598,1,13,TOYOTA AURIS,5,E01000663,0,-1
20201372S0929,2020,1372S0929,1,8,0,5,5,2,6,0,0,0,0,0,0,0,1,1,1,1,1,51,8,1798,8,3,TOYOTA AURIS,3,E01010805,0,-1
2020220929516,2020,220929516,1,9,0,7,7,4,5,0,0,6,0,0,0,0,1,1,2,2,1,58,9,1798,8,4,TOYOTA AURIS,5,E01014066,0,-1
2020211024287,2020,211024287,1,9,0,7,7,8,3,0,0,2,0,0,0,0,1,1,1,1,1,38,7,1797,8,5,TOYOTA AURIS,2,E01014285,0,-1
2020450935901,2020,450935901,2,9,0,18,19,1,5,0,0,1,0,0,0,0,1,1,2,2,2,40,7,1329,1,10,TOYOTA AURIS,7,E01031632,0,-1
2020010234411,2020,010234411,2,9,9,99,99,9,9,99,99,9,0,4,0,0,1,9,6,6,3,51,8,1797,8,5,TOYOTA AURIS,9,E01001992,0,-1
2020010269530,2020,010269530,1,9,0,9,9,1,7,0,0,1,0,0,0,0,1,1,6,6,1,43,7,1797,8,10,TOYOTA AURIS,2,E01000008,0,-1
202031C024820,2020,31C024820,1,9,0,11,11,2,6,0,0,0,0,0,0,0,1,1,6,6,1,21,5,1798,8,4,TOYOTA AURIS,2,E01013856,0,-1
2020460932322,2020,460932322,1,9,0,18,19,6,2,0,0,0,0,0,0,0,1,1,1,1,2,36,7,1598,1,10,TOYOTA AURIS,9,E01024827,0,-1
2020040975161,2020,040975161,1,9,0,18,19,7,3,0,0,0,0,0,0,0,1,1,6,6,2,42,7,1598,2,5,TOYOTA AURIS,7,E01025326,0,-1
2020400943337,2020,400943337,1,9,0,18,19,5,1,0,0,0,0,0,0,0,1,1,5,6,1,55,8,1398,1,13,TOYOTA AURIS,10,E01017405,0,-1
2020160945397,2020,160945397,2,8,0,18,19,6,3,0,0,8,0,0,0,0,2,1,1,1,1,35,6,1798,8,4,TOYOTA AURIS,1,E01012855,0,-1
2020010232898,2020,010232898,1,9,0,18,19,5,1,0,0,1,1,0,0,0,1,1,6,6,2,39,7,1797,8,6,TOYOTA AURIS,10,E01000681,0,-1
2020141010097,2020,141010097,2,8,0,18,19,1,2,0,0,1,0,0,0,0,1,1,1,1,1,62,9,1364,2,2,TOYOTA AURIS,3,E01007907,0,-1
2020622000896,2020,622000896,2,9,0,18,19,4,8,0,0,1,0,0,0,0,1,1,3,7,2,44,7,1364,2,5,TOYOTA AURIS,4,W01001749,0,-1
2020160923205,2020,160923205,3,9,0,18,19,1,5,0,0,1,0,0,0,0,1,1,1,1,2,62,9,1798,8,2,TOYOTA AURIS,5,E01027807,0,-1
2020440074896,2020,440074896,1,9,0,11,11,5,1,0,0,0,0,0,0,0,2,1,6,6,1,28,6,1798,8,1,TOYOTA AURIS,3,E01017267,0,-1
2020010232290,2020,010232290,1,9,0,18,19,7,3,0,0,8,0,0,0,0,2,1,2,2,1,36,7,1329,1,11,TOYOTA AURIS,-1,-1,0,-1
2020140935386,2020,140935386,2,9,0,18,19,3,7,0,0,1,0,0,0,0,1,1,5,6,2,31,6,1598,2,5,TOYOTA AURIS,5,E01007819,0,-1
2020302001223,2020,302001223,1,8,0,9,9,3,1,0,0,1,0,0,0,0,2,1,1,1,1,61,9,1798,8,4,TOYOTA AURIS,9,E01013979,0,-1
2020160939919,2020,160939919,1,9,0,18,19,7,3,0,0,0,0,0,0,0,1,1,5,6,2,80,11,1797,8,7,TOYOTA AURIS,9,E01032674,0,-1
2020010274391,2020,010274391,1,9,0,18,19,5,1,0,0,2,0,0,0,0,1,1,6,6,1,33,6,1598,1,13,TOYOTA AURIS,2,E01033703,0,-1
2020010243245,2020,010243245,3,9,0,2,2,0,0,0,0,8,0,0,0,0,2,1,6,6,3,-1,-1,1798,8,1,TOYOTA AURIS,-1,-1,0,-1
2020360982639,2020,360982639,2,9,0,4,4,1,5,0,0,0,0,0,0,0,2,1,5,6,1,66,10,1598,1,6,TOYOTA AURIS,2,E01013523,0,-1
2020200948360,2020,200948360,2,9,0,5,5,8,4,0,0,6,0,0,0,0,1,1,6,6,1,30,6,1329,1,11,TOYOTA AURIS,2,E01009044,0,-1