collision_index,collision_year,collision_ref_no,vehicle_reference,vehicle_type,towing_and_articulation,vehicle_manoeuvre_historic,vehicle_manoeuvre,vehicle_direction_from,vehicle_direction_to,vehicle_location_restricted_lane_historic,vehicle_location_restricted_lane,junction_location,skidding_and_overturning,hit_object_in_carriageway,vehicle_leaving_carriageway,hit_object_off_carriageway,first_point_of_impact,vehicle_left_hand_drive,journey_purpose_of_driver_historic,journey_purpose_of_driver,sex_of_driver,age_of_driver,age_band_of_driver,engine_capacity_cc,propulsion_code,age_of_vehicle,generic_make_model,driver_imd_decile,lsoa_of_driver,escooter_flag,driver_distance_banding
2020522000305,2020,522000305,2,8,0,18,19,5,7,0,0,6,0,0,0,0,3,1,1,1,1,40,7,1798,8,2,TOYOTA AURIS,-1,-1,0,-1
2020201013937,2020,201013937,2,9,0,18,19,4,8,0,0,8,0,0,0,0,3,1,6,6,2,62,9,1798,8,3,TOYOTA AURIS,4,E01010145,0,-1
2020400927041,2020,400927041,2,9,0,17,19,3,7,0,0,8,0,0,0,0,4,1,5,6,1,77,11,1798,8,5,TOYOTA AURIS,9,E01017428,0,-1
2020052002142,2020,052002142,1,9,0,5,5,5,1,0,0,0,0,0,0,0,3,1,6,6,1,44,7,1798,8,2,TOYOTA AURIS,1,E01006694,0,-1
2020040960333,2020,040960333,2,9,0,18,19,1,5,0,0,0,0,0,0,0,4,1,1,1,1,36,7,1797,8,5,TOYOTA AURIS,1,E01025298,0,-1
2020010280731,2020,010280731,3,9,0,99,99,9,9,99,99,9,9,99,9,99,2,9,6,6,3,-1,-1,1797,8,6,TOYOTA AURIS,-1,-1,0,-1
2020040984328,2020,040984328,1,9,0,18,19,5,1,0,0,2,0,0,0,0,4,1,1,1,1,44,7,1798,8,2,TOYOTA AURIS,4,E01025567,0,-1
2020200988484,2020,200988484,2,9,0,10,10,4,2,0,0,8,1,0,0,0,1,1,2,2,1,37,7,1364,2,3,TOYOTA AURIS,1,E01009123,0,-1
2020200947816,2020,200947816,1,9,0,5,5,-1,-1,0,0,0,0,0,0,0,3,1,1,1,1,-1,-1,1797,7,5,TOYOTA AURIS,-1,-1,0,-1
2020990999886,2020,990999886,1,9,0,9,9,4,2,0,0,4,0,0,0,0,3,1,6,6,2,51,8,1798,8,3,TOYOTA AURIS,10,-1,0,-1
2020010257703,2020,010257703,1,9,0,99,99,9,9,99,99,9,9,99,9,99,2,9,2,2,1,29,6,1798,8,2,TOYOTA AURIS,4,E01003034,0,-1
2020010241191,2020,010241191,1,8,0,99,99,9,9,99,99,9,9,99,9,99,9,9,6,6,1,52,8,1798,8,5,TOYOTA AURIS,8,E01000210,0,-1
2020040931326,2020,040931326,1,9,0,18,19,5,8,0,0,3,0,0,0,0,1,1,5,6,1,50,8,1598,1,13,TOYOTA AURIS,4,E01025276,0,-1
2020052001248,2020,052001248,1,9,0,6,6,7,7,0,0,1,0,0,0,0,3,1,1,1,1,40,7,1798,8,3,TOYOTA AURIS,3,E01006722,0,-1
2020010284237,2020,010284237,2,9,0,99,99,9,9,99,99,0,9,99,9,99,1,9,6,6,3,50,8,1798,8,3,TOYOTA AURIS,2,E01001800,0,-1
2020500965857,2020,500965857,2,9,0,4,4,4,8,0,0,1,0,0,0,0,2,1,5,6,1,34,6,1798,8,2,TOYOTA AURIS,4,E01018820,0,-1
2020010253165,2020,010253165,1,9,0,9,9,7,5,0,0,8,0,0,0,0,4,1,6,6,1,59,9,1798,8,3,TOYOTA AURIS,7,E01000117,0,-1
2020100935499,2020,100935499,1,9,0,9,9,3,1,0,0,1,0,0,0,0,0,1,2,2,1,47,8,1798,8,4,TOYOTA AURIS,4,E01008277,0,-1
2020470941275,2020,470941275,2,9,0,9,9,2,8,0,0,4,0,0,0,0,1,1,1,1,1,34,6,1798,8,2,TOYOTA AURIS,4,E01021002,0,-1
2020440387678,2020,440387678,2,8,0,18,19,8,4,0,0,8,0,0,0,0,1,1,1,1,1,41,7,1798,8,5,TOYOTA AURIS,3,E01032745,0,-1
2020041020052,2020,041020052,3,9,0,18,19,7,5,0,0,0,1,0,0,0,1,1,5,6,1,55,8,1197,1,3,TOYOTA AURIS,9,E01025299,0,-1
2020302000954,2020,302000954,1,9,0,18,19,1,5,0,0,8,0,0,0,0,4,1,1,1,1,36,7,1798,8,4,TOYOTA AURIS,1,E01013486,0,-1
2020010230325,2020,010230325,1,9,0,18,19,5,1,0,0,0,0,0,0,0,1,1,6,6,1,32,6,1797,8,6,TOYOTA AURIS,2,E01004615,0,-1
2020421004855,2020,421004855,2,9,0,5,5,2,6,0,0,3,0,0,0,0,2,1,5,6,1,53,8,1798,8,3,TOYOTA AURIS,3,E01015986,0,-1
2020530978152,2020,530978152,3,9,0,16,19,7,3,0,0,0,0,0,0,0,1,1,6,6,2,33,6,1598,1,7,TOYOTA AURIS,5,E01022334,0,-1
2020200993016,2020,200993016,2,9,0,18,19,6,2,0,0,0,0,0,0,0,2,1,5,6,1,40,7,1797,8,6,TOYOTA AURIS,1,E01009475,0,-1
2020137380743,2020,137380743,2,8,0,18,19,7,3,0,0,0,0,0,0,0,3,1,1,1,1,42,7,1797,8,5,TOYOTA AURIS,3,E01011313,0,-1
2020052002696,2020,052002696,2,9,0,18,19,7,3,0,0,8,0,0,0,0,4,1,6,6,2,23,5,1598,1,11,TOYOTA AURIS,1,E01007290,0,-1
2020340N05412,2020,340N05412,1,9,0,18,19,1,5,0,0,1,0,0,0,0,1,1,6,6,1,34,6,1798,8,3,TOYOTA AURIS,8,E01026990,0,-1
2020010247629,2020,010247629,2,9,9,18,19,7,3,0,0,1,0,0,0,0,1,1,6,6,1,65,9,1598,1,13,TOYOTA AURIS,3,E01003588,0,-1
2020420931156,2020,420931156,2,9,0,18,19,7,3,0,0,0,1,0,0,0,2,1,2,2,1,44,7,1798,8,3,TOYOTA AURIS,4,E01015948,0,-1
2020010247868,2020,010247868,1,8,0,99,99,9,9,99,99,9,9,99,9,99,9,9,6,6,1,35,6,1797,8,7,TOYOTA AURIS,3,E01000092,0,-1
2020010270233,2020,010270233,1,8,0,18,19,6,2,0,0,3,0,0,0,0,4,1,1,1,1,48,8,1797,8,5,TOYOTA AURIS,2,E01001692,0,-1
2020040941857,2020,040941857,1,9,0,9,9,7,3,0,0,1,0,0,0,0,3,1,6,6,2,60,9,1598,2,4,TOYOTA AURIS,3,E01025097,0,-1
2020410987023,2020,410987023,1,9,0,3,3,-1,-1,0,0,0,0,11,0,0,1,1,6,6,1,22,5,1598,1,5,TOYOTA AURIS,8,E01023486,0,-1
2020010231905,2020,010231905,1,9,0,18,19,3,7,0,0,1,0,0,0,0,1,1,1,1,1,38,7,1797,8,7,TOYOTA AURIS,4,E01017903,0,-1
2020200930814,2020,200930814,2,9,0,18,19,6,2,0,0,8,0,0,0,0,1,1,6,6,1,-1,-1,1598,1,13,TOYOTA AURIS,1,E01010375,0,-1
2020070686081,2020,070686081,1,9,0,18,19,2,6,0,0,0,0,11,1,5,1,1,6,6,1,72,10,1798,8,3,TOYOTA AURIS,10,E01018325,0,-1
2020010252484,2020,010252484,1,9,0,99,99,9,9,99,99,9,9,99,9,99,1,9,6,6,1,54,8,1797,8,6,TOYOTA AURIS,2,E01004255,0,-1
2020100949216,2020,100949216,1,9,0,4,4,5,1,0,0,1,0,0,1,10,1,1,5,6,2,51,8,1364,2,7,TOYOTA AURIS,2,E01008478,0,-1
2020200929470,2020,200929470,3,8,0,18,19,7,3,0,0,0,0,0,0,0,3,1,1,1,1,42,7,1798,8,3,TOYOTA AURIS,3,E01008936,0,-1
2020990928081,2020,990928081,2,9,0,17,19,2,7,0,0,0,1,0,1,0,3,1,6,6,1,34,6,1797,8,8,TOYOTA AURIS,8,-1,0,-1
2020010245972,2020,010245972,2,9,0,5,5,0,3,0,0,0,0,0,0,0,4,1,6,6,2,45,7,1598,1,13,TOYOTA AURIS,8,E01000777,0,-1
2020010279966,2020,010279966,1,9,0,9,9,1,6,0,0,8,0,0,0,0,1,1,6,6,1,70,10,1797,8,10,TOYOTA AURIS,1,E01004541,0,-1
2020010242870,2020,010242870,1,9,0,99,99,9,9,99,99,9,9,99,9,99,9,9,6,6,1,27,6,1797,8,8,TOYOTA AURIS,2,E01003623,0,-1
2020010244508,2020,010244508,1,9,0,7,7,6,1,0,0,1,0,0,0,0,4,1,2,2,2,44,7,1598,1,8,TOYOTA AURIS,8,E01004144,0,-1
2020010238242,2020,010238242,2,8,0,99,99,9,9,99,99,9,9,99,9,99,1,9,6,6,1,33,6,1797,8,5,TOYOTA AURIS,3,E01003555,0,-1
20201378U1162,2020,1378U1162,2,9,0,18,19,5,1,0,0,0,0,0,4,6,4,1,6,6,1,42,7,1798,8,1,TOYOTA AURIS,2,E01011163,0,-1
2020220926780,2020,220926780,2,9,0,18,19,7,3,0,0,0,0,0,0,0,3,1,2,2,2,26,6,1329,1,11,TOYOTA AURIS,2,E01009782,0,-1
2020010259143,2020,010259143,1,9,0,99,99,9,9,0,0,1,9,0,0,99,1,1,6,6,2,-1,-1,1797,8,8,TOYOTA AURIS,4,E01004348,0,-1
2020010285787,2020,010285787,1,8,0,18,19,7,3,0,0,0,0,0,0,0,1,1,1,1,1,37,7,1798,8,3,TOYOTA AURIS,2,E01000091,0,-1
202031A128020,2020,31A128020,1,9,0,12,12,6,2,0,0,1,0,0,0,0,3,1,1,1,1,46,8,1797,8,6,TOYOTA AURIS,1,E01013810,0,-1
2020460995782,2020,460995782,2,9,0,18,19,3,7,0,0,8,0,0,0,0,4,1,1,1,1,41,7,1797,8,6,TOYOTA AURIS,2,E01016035,0,-1
2020410926619,2020,410926619,2,9,0,9,9,6,4,0,0,4,0,0,0,0,1,1,6,6,1,52,8,1598,1,13,TOYOTA AURIS,5,E01023761,0,-1
2020010264847,2020,010264847,2,9,9,99,99,9,9,99,99,9,9,99,9,99,9,9,6,6,3,46,8,1598,1,11,TOYOTA AURIS,3,E01002645,0,-1
2020332000101,2020,332000101,2,8,0,18,19,4,8,0,0,1,0,0,0,0,3,1,1,1,1,44,7,1798,8,4,TOYOTA AURIS,5,E01013689,0,-1
2020481002079,2020,481002079,1,8,0,1,1,1,5,0,0,2,0,0,0,0,2,1,1,1,1,59,9,1797,8,6,TOYOTA AURIS,3,E01004028,0,-1
2020200992138,2020,200992138,2,9,0,18,19,4,8,0,0,0,0,7,6,0,2,1,5,6,1,26,6,1598,1,12,TOYOTA AURIS,1,E01009484,0,-1
2020010259158,2020,010259158,1,9,0,10,10,1,7,0,0,6,0,0,0,0,1,1,1,1,2,36,7,1598,1,8,TOYOTA AURIS,4,E01002511,0,-1
2020302001606,2020,302001606,2,8,0,9,9,6,8,0,0,4,0,7,5,6,1,1,1,1,1,38,7,1798,8,4,TOYOTA AURIS,1,E01010673,0,-1
2020010262792,2020,010262792,1,9,0,18,19,3,7,0,0,8,0,0,0,0,1,1,6,6,1,47,8,1798,8,4,TOYOTA AURIS,3,E01032786,0,-1
2020010276633,2020,010276633,1,9,0,99,99,9,9,99,99,9,9,99,9,99,9,9,6,6,1,46,8,1798,8,4,TOYOTA AURIS,9,E01011302,0,-1
20201377S1114,2020,1377S1114,1,8,0,5,5,5,1,0,0,0,0,0,0,0,0,1,1,1,1,32,6,1797,8,9,TOYOTA AURIS,1,E01010830,0,-1
2020350924181,2020,350924181,3,9,0,2,2,0,0,0,0,0,0,0,0,0,0,1,6,6,3,-1,-1,1197,1,2,TOYOTA AURIS,-1,-1,0,-1
2020471006258,2020,471006258,1,9,0,17,19,6,2,0,0,8,1,0,7,9,1,1,3,7,2,34,6,1998,2,12,TOYOTA AURIS,6,E01031538,0,-1
2020010263786,2020,010263786,1,8,0,99,99,9,9,99,99,0,9,99,9,99,9,9,2,2,1,31,6,1797,8,7,TOYOTA AURIS,2,E01000091,0,-1
2020470926684,2020,470926684,2,9,0,18,19,1,5,0,0,0,0,0,0,0,2,1,1,1,1,40,7,1797,8,5,TOYOTA AURIS,5,E01021000,0,-1
2020470971076,2020,470971076,1,9,0,5,5,6,4,0,0,4,0,0,0,0,1,1,1,1,1,53,8,1798,8,4,TOYOTA AURIS,1,E01020994,0,-1
202006K273046,2020,06K273046,2,9,0,18,19,6,2,0,0,0,0,0,0,0,0,1,6,6,1,69,10,1398,1,13,TOYOTA AURIS,8,E01004778,0,-1
20201372B0267,2020,1372B0267,2,9,0,3,3,7,3,0,0,1,0,0,0,0,2,1,2,2,1,40,7,1797,8,5,TOYOTA AURIS,6,E01011480,0,-1
2020350958330,2020,350958330,1,9,0,18,19,1,2,0,0,0,0,0,0,0,1,1,5,6,1,38,7,1798,8,4,TOYOTA AURIS,8,E01015690,0,-1
2020460982194,2020,460982194,1,9,0,5,5,5,1,0,0,1,0,0,0,0,1,1,6,6,1,53,8,1598,1,11,TOYOTA AURIS,4,E01024258,0,-1
2020010228638,2020,010228638,1,8,0,99,99,9,9,99,99,0,9,99,9,99,9,9,6,6,1,38,7,1797,8,8,TOYOTA AURIS,4,E01000112,0,-1
20201373D1575,2020,1373D1575,2,8,0,18,19,1,5,0,0,8,0,0,0,0,1,1,6,6,1,-1,-1,1798,8,4,TOYOTA AURIS,5,E01010729,0,-1
2020010264356,2020,010264356,1,9,0,9,9,8,5,0,0,8,0,0,0,0,4,1,1,1,1,36,7,1798,8,3,TOYOTA AURIS,-1,-1,0,-1
2020432003920,2020,432003920,3,9,0,3,3,3,7,0,0,1,0,0,0,0,3,1,6,6,1,43,7,1797,8,5,TOYOTA AURIS,-1,-1,0,-1
2020010255422,2020,010255422,4,9,0,2,2,0,0,0,0,0,0,4,0,0,1,1,6,6,3,-1,-1,1797,8,6,TOYOTA AURIS,-1,-1,0,-1
2020460946260,2020,460946260,1,9,0,5,5,5,1,0,0,0,0,11,3,11,1,1,6,6,1,62,9,1798,8,3,TOYOTA AURIS,7,E01024140,0,-1
2020010266156,2020,010266156,1,9,0,99,99,9,9,99,99,9,9,99,9,99,9,9,6,6,2,26,6,1798,8,4,TOYOTA AURIS,2,E01002530,0,-1
2020010242010,2020,010242010,2,9,0,99,99,9,9,99,99,9,9,99,9,99,1,9,6,6,3,-1,-1,1798,8,4,TOYOTA AURIS,7,E01001134,0,-1
2020622000373,2020,622000373,2,9,0,2,2,0,0,0,0,0,0,0,0,0,2,1,6,6,3,-1,-1,1197,1,3,TOYOTA AURIS,-1,-1,0,-1
2020010238024,2020,010238024,1,9,0,5,5,7,3,0,0,1,0,0,0,0,2,1,6,6,1,38,7,1798,8,3,TOYOTA AURIS,2,E01001337,0,-1
2020200987681,2020,200987681,2,8,0,2,2,0,0,0,0,1,0,0,0,0,4,1,6,6,1,49,8,1797,8,6,TOYOTA AURIS,-1,-1,0,-1
2020470982593,2020,470982593,1,9,0,18,19,2,6,0,0,2,0,0,0,0,4,1,6,6,1,30,6,1798,8,3,TOYOTA AURIS,8,E01031821,0,-1
2020450966792,2020,450966792,1,9,0,3,3,1,5,0,0,0,0,0,0,0,2,1,5,6,1,66,10,1797,8,5,TOYOTA AURIS,3,E01003969,0,-1
2020041010659,2020,041010659,1,9,0,18,19,7,3,0,0,0,1,0,7,9,1,1,1,1,1,30,6,1998,2,13,TOYOTA AURIS,1,E01025293,0,-1
202031B126620,2020,31B126620,1,9,0,18,19,3,7,0,0,0,0,0,7,4,1,1,6,6,1,35,6,1998,2,13,TOYOTA AURIS,3,E01028339,0,-1
2020010277918,2020,010277918,1,8,0,99,99,9,9,99,99,0,9,99,9,99,2,9,6,6,1,40,7,1797,8,5,TOYOTA AURIS,1,E01033269,0,-1
2020010276391,2020,010276391,1,9,0,2,2,0,0,0,0,0,1,0,1,0,3,1,6,6,3,-1,-1,1329,1,11,TOYOTA AURIS,-1,-1,0,-1
2020470984856,2020,470984856,1,9,0,7,7,3,5,0,0,8,0,0,0,0,3,1,1,1,1,60,9,1798,8,2,TOYOTA AURIS,5,E01016884,0,-1
2020140918297,2020,140918297,1,9,0,18,19,6,2,0,0,8,0,0,0,0,1,1,1,1,1,41,7,1798,8,2,TOYOTA AURIS,1,E01033269,0,-1
2020440185452,2020,440185452,1,9,0,18,19,8,4,0,0,0,0,0,0,0,1,1,6,6,1,30,6,1797,8,6,TOYOTA AURIS,8,E01022628,0,-1
2020010245389,2020,010245389,1,9,0,18,19,5,1,1,1,0,0,0,0,0,1,1,6,6,1,36,7,1598,1,13,TOYOTA AURIS,2,E01003975,0,-1
2020430128742,2020,430128742,1,9,0,18,19,4,8,0,0,0,0,0,0,0,1,1,6,6,1,33,6,1998,2,13,TOYOTA AURIS,7,E01017705,0,-1
2020161006160,2020,161006160,2,9,0,18,19,7,3,0,0,0,0,0,0,0,1,1,5,6,1,41,7,1998,2,13,TOYOTA AURIS,1,E01033109,0,-1
2020010257507,2020,010257507,2,9,0,99,99,9,9,99,99,0,9,99,9,99,9,9,6,6,3,-1,-1,1598,1,12,TOYOTA AURIS,6,E01002200,0,-1
2020010236416,2020,010236416,2,9,0,18,19,3,7,0,0,0,0,0,0,0,2,1,6,6,1,45,7,1798,8,2,TOYOTA AURIS,3,E01000163,0,-1
2020430299685,2020,430299685,1,9,0,9,9,4,2,0,0,5,0,0,0,0,1,1,1,1,2,34,6,1797,8,9,TOYOTA AURIS,10,E01017863,0,-1
2020420978224,2020,420978224,2,9,0,18,19,1,5,0,0,0,0,0,0,0,2,1,1,1,1,28,6,1798,8,2,TOYOTA AURIS,3,E01032581,0,-1
2020530920580,2020,530920580,1,9,0,9,9,4,3,0,0,0,1,0,0,0,1,1,5,6,2,53,8,1364,2,5,TOYOTA AURIS,9,E01022393,0,-1
2020430032039,2020,430032039,3,9,0,18,19,1,0,0,0,0,0,0,0,0,2,1,6,6,2,32,6,1798,8,4,TOYOTA AURIS,8,E01017671,0,-1
2020010247247,2020,010247247,2,9,0,18,19,4,8,0,0,0,9,0,0,99,4,9,6,6,1,-1,-1,1798,8,2,TOYOTA AURIS,-1,-1,0,-1
2020137CI0339,2020,137CI0339,2,9,0,18,19,6,2,0,0,0,0,0,0,0,2,1,6,6,1,63,9,1798,8,4,TOYOTA AURIS,3,E01010793,0,-1
202006A276085,2020,06A276085,2,8,0,18,19,7,3,0,0,1,0,0,0,0,4,1,6,6,1,25,5,1798,8,2,TOYOTA AURIS,1,E01032912,0,-1
2020010241173,2020,010241173,1,9,0,9,9,5,2,0,0,6,0,0,0,0,3,1,6,6,1,30,6,1797,8,6,TOYOTA AURIS,-1,-1,0,-1
2020400944170,2020,400944170,2,9,0,10,10,7,5,0,0,1,0,0,0,0,2,1,1,1,1,45,7,1797,8,5,TOYOTA AURIS,2,E01016718,0,-1
202006P268268,2020,06P268268,1,9,0,4,4,1,5,0,0,1,1,0,0,0,1,1,6,6,2,30,6,1797,8,8,TOYOTA AURIS,-1,-1,0,-1
2020137751554,2020,137751554,3,9,0,2,2,0,0,0,0,0,0,4,0,0,2,1,6,6,3,-1,-1,1364,2,10,TOYOTA AURIS,-1,-1,0,-1
202031C034220,2020,31C034220,1,8,0,4,4,2,6,0,0,1,0,0,0,0,1,1,1,1,1,38,7,1798,8,4,TOYOTA AURIS,1,E01013960,0,-1
2020010284420,2020,010284420,2,9,0,99,99,9,9,99,99,9,9,99,9,99,2,9,6,6,3,-1,-1,1797,8,9,TOYOTA AURIS,-1,-1,0,-1
2020201020604,2020,201020604,2,9,0,9,9,7,5,0,0,5,0,10,7,1,3,1,6,6,2,35,6,1398,1,12,TOYOTA AURIS,6,E01009828,0,-1
2020410977751,2020,410977751,2,9,0,9,9,1,4,0,0,3,0,0,0,0,2,2,5,6,1,45,7,1798,8,3,TOYOTA AURIS,7,E01015764,0,-1
2020010286407,2020,010286407,1,8,0,18,19,6,2,0,0,8,0,0,0,0,1,1,2,2,1,33,6,1798,8,2,TOYOTA AURIS,3,E01001728,0,-1
2020010275400,2020,010275400,1,9,0,18,19,4,8,0,0,0,0,0,0,0,1,1,3,7,2,45,7,1798,8,4,TOYOTA AURIS,5,E01000505,0,-1
2020040996853,2020,040996853,1,9,0,5,5,1,1,0,0,3,0,0,0,0,3,1,6,6,3,-1,-1,1329,1,9,TOYOTA AURIS,-1,-1,0,-1
2020420997729,2020,420997729,1,9,0,9,9,4,2,0,0,0,0,0,0,0,1,1,6,6,1,33,6,1598,1,9,TOYOTA AURIS,4,E01021642,0,-1
2020460989313,2020,460989313,1,9,0,4,4,3,5,0,0,0,0,0,0,0,2,1,6,6,1,52,8,1798,8,4,TOYOTA AURIS,8,E01024642,0,-1
2020010237505,2020,010237505,2,9,0,99,99,9,9,99,99,3,9,99,9,99,4,9,6,6,3,30,6,1797,8,5,TOYOTA AURIS,-1,-1,0,-1
2020010248494,2020,010248494,2,9,9,99,99,9,9,99,99,9,9,99,9,99,9,9,6,6,3,-1,-1,1798,8,2,TOYOTA AURIS,-1,-1,0,-1
2020100950152,2020,100950152,2,9,0,3,3,7,3,0,0,0,0,0,0,0,1,1,5,6,2,67,10,1798,8,4,TOYOTA AURIS,9,E01027437,0,-1
2020421002121,2020,421002121,2,9,0,17,19,3,1,0,0,0,0,0,1,0,3,1,6,6,1,68,10,1797,8,7,TOYOTA AURIS,7,E01033057,0,-1
2020430022491,2020,430022491,1,8,0,1,1,7,1,0,0,1,0,0,0,0,2,1,1,1,1,-1,-1,1797,8,5,TOYOTA AURIS,-1,-1,0,-1
2020500932103,2020,500932103,1,8,0,5,5,6,2,2,2,0,0,0,0,0,3,1,1,1,1,49,8,1798,8,2,TOYOTA AURIS,7,E01015100,0,-1
2020622001018,2020,622001018,5,9,0,18,19,6,2,0,0,0,0,0,0,0,1,1,6,6,1,39,7,1798,8,3,TOYOTA AURIS,3,W01001875,0,-1
2020461002118,2020,461002118,2,9,0,18,19,5,1,0,0,0,0,0,0,0,4,1,2,2,1,22,5,1398,1,11,TOYOTA AURIS,4,E01024262,0,-1
2020320072294,2020,320072294,1,9,0,18,19,5,1,0,0,0,0,0,0,0,0,1,2,2,1,48,8,1598,1,12,TOYOTA AURIS,-1,-1,0,-1
2020200989167,2020,200989167,1,9,0,18,19,1,6,0,0,6,0,0,0,0,1,1,1,1,3,-1,-1,1364,2,11,TOYOTA AURIS,-1,-1,0,-1
2020137C80241,2020,137C80241,2,9,0,18,19,5,1,0,0,4,0,0,0,0,1,1,6,6,1,46,8,1797,8,7,TOYOTA AURIS,3,E01010762,0,-1
2020542834720,2020,542834720,1,9,0,9,9,8,2,0,0,8,0,0,0,0,1,1,6,6,2,61,9,1364,2,7,TOYOTA AURIS,-1,-1,0,-1
2020522002936,2020,522002936,1,9,0,18,19,1,5,0,0,1,0,0,0,0,1,1,6,6,1,74,10,1798,8,2,TOYOTA AURIS,7,E01014972,0,-1
2020010242171,2020,010242171,1,8,0,14,14,3,7,0,0,1,0,0,0,0,3,1,1,1,1,39,7,1797,8,6,TOYOTA AURIS,2,E01000091,0,-1
202031B060420,2020,31B060420,3,9,0,3,3,4,8,0,0,8,0,0,0,0,2,1,6,6,1,45,7,1797,8,7,TOYOTA AURIS,6,E01030134,0,-1
2020010282612,2020,010282612,1,9,0,3,3,1,5,0,0,1,9,99,9,99,1,9,2,2,1,41,7,1598,1,7,TOYOTA AURIS,4,E01001672,0,-1
2020522100802,2020,522100802,1,8,0,-1,-1,-1,-1,0,0,0,0,0,0,0,1,1,1,1,1,44,7,1797,8,5,TOYOTA AURIS,6,E01031853,0,-1
2020350992351,2020,350992351,1,9,0,5,5,5,1,0,0,2,0,0,7,0,3,1,6,6,1,72,10,1798,8,4,TOYOTA AURIS,2,E01018144,0,-1
2020010241733,2020,010241733,1,9,0,9,9,3,1,0,0,2,0,0,0,0,3,1,6,6,2,38,7,1797,8,6,TOYOTA AURIS,9,E01000538,0,-1
2020010248196,2020,010248196,1,9,0,9,9,3,1,0,0,8,0,0,0,0,4,1,2,2,2,46,8,1797,8,8,TOYOTA AURIS,6,E01003665,0,-1
2020400978047,2020,400978047,1,9,0,18,19,1,3,0,0,0,0,0,0,0,1,1,6,6,1,50,8,1598,1,7,TOYOTA AURIS,-1,-1,0,-1
2020010233781,2020,010233781,1,9,0,99,99,9,9,99,99,9,9,99,9,99,2,9,6,6,1,50,8,1798,8,5,TOYOTA AURIS,2,E01032569,0,-1
2020010261359,2020,010261359,1,9,0,7,7,5,7,0,0,1,0,0,0,0,4,1,6,6,1,50,8,1598,1,13,TOYOTA AURIS,1,E01000939,0,-1
2020350968031,2020,350968031,2,9,0,18,19,1,5,0,0,0,0,0,0,0,1,1,5,6,1,74,10,1797,8,6,TOYOTA AURIS,9,E01015681,0,-1
2020010242702,2020,010242702,1,9,0,99,99,9,9,99,99,9,9,99,9,99,1,9,6,6,2,40,7,1598,1,9,TOYOTA AURIS,4,E01004314,0,-1
2020140953067,2020,140953067,1,9,0,1,1,5,7,0,0,0,0,0,0,0,2,1,5,6,1,41,7,1798,8,4,TOYOTA AURIS,3,E01007680,0,-1
2020622000604,2020,622000604,1,9,0,18,19,2,6,0,0,0,0,0,0,0,4,1,2,2,1,53,8,1598,1,8,TOYOTA AURIS,6,W01001372,0,-1
2020440368973,2020,440368973,1,8,0,6,6,5,5,0,0,8,0,0,0,0,0,1,1,1,1,46,8,1798,8,4,TOYOTA AURIS,1,E01017250,0,-1
202006P167776,2020,06P167776,1,9,0,18,19,7,3,0,0,1,0,0,0,0,1,1,6,6,1,57,9,1598,1,7,TOYOTA AURIS,9,E01005574,0,-1
2020460939229,2020,460939229,1,9,0,18,19,2,6,0,0,4,0,0,0,0,3,1,5,6,2,67,10,1598,1,6,TOYOTA AURIS,7,E01024844,0,-1
2020430356242,2020,430356242,1,9,0,18,19,7,3,0,0,0,0,0,0,0,1,1,2,2,1,61,9,1598,1,11,TOYOTA AURIS,3,E01016486,0,-1
2020052000037,2020,052000037,1,9,0,5,5,0,3,0,0,1,0,0,0,0,1,1,6,6,1,48,8,1797,8,7,TOYOTA AURIS,9,E01018675,0,-1
2020010281959,2020,010281959,1,8,0,99,99,9,9,99,99,9,9,99,9,99,9,9,6,6,1,33,6,1798,8,5,TOYOTA AURIS,5,E01002488,0,-1
2020010279154,2020,010279154,2,9,0,2,2,0,0,0,0,0,0,0,0,0,2,9,6,6,3,-1,-1,1797,8,9,TOYOTA AURIS,-1,-1,0,-1
2020010252479,2020,010252479,1,8,0,18,19,1,5,0,0,1,0,0,0,0,2,1,1,1,1,42,7,1797,8,6,TOYOTA AURIS,8,E01002963,0,-1
2020200931900,2020,200931900,2,9,0,18,19,5,1,0,0,8,0,0,0,0,4,1,6,6,1,55,8,1364,2,13,TOYOTA AURIS,2,E01010047,0,-1
2020450980756,2020,450980756,2,9,0,18,19,3,7,0,0,1,0,0,0,0,3,1,5,6,1,41,7,1329,1,11,TOYOTA AURIS,9,E01031001,0,-1
2020010249761,2020,010249761,2,9,0,18,19,5,1,0,0,2,0,0,0,0,1,1,6,6,1,40,7,1398,1,13,TOYOTA AURIS,4,E01023333,0,-1
2020460946753,2020,460946753,2,9,0,18,19,3,7,0,0,2,0,0,0,0,1,1,5,6,1,55,8,1798,8,3,TOYOTA AURIS,9,E01024409,0,-1
20201372R1665,2020,1372R1665,1,8,0,18,19,1,5,6,6,0,0,0,0,0,0,1,1,1,1,44,7,1798,8,2,TOYOTA AURIS,1,E01011349,0,-1
2020460938756,2020,460938756,1,9,0,18,19,1,5,0,0,0,1,0,0,0,1,1,6,6,1,-1,-1,1998,2,12,TOYOTA AURIS,-1,-1,0,-1
2020430259495,2020,430259495,2,9,0,9,9,2,8,0,0,8,0,0,7,11,1,1,6,6,1,17,4,1598,1,7,TOYOTA AURIS,-1,-1,0,-1