collision_index,collision_year,collision_ref_no,vehicle_reference,vehicle_type,towing_and_articulation,vehicle_manoeuvre_historic,vehicle_manoeuvre,vehicle_direction_from,vehicle_direction_to,vehicle_location_restricted_lane_historic,vehicle_location_restricted_lane,junction_location,skidding_and_overturning,hit_object_in_carriageway,vehicle_leaving_carriageway,hit_object_off_carriageway,first_point_of_impact,vehicle_left_hand_drive,journey_purpose_of_driver_historic,journey_purpose_of_driver,sex_of_driver,age_of_driver,age_band_of_driver,engine_capacity_cc,propulsion_code,age_of_vehicle,generic_make_model,driver_imd_decile,lsoa_of_driver,escooter_flag,driver_distance_banding
2020990974730,2020,990974730,1,9,0,17,19,8,4,0,0,0,0,10,1,11,3,1,5,6,1,32,6,1598,1,10,TOYOTA AURIS,3,-1,0,-1
202031C180520,2020,31C180520,1,8,0,18,19,4,7,0,0,1,0,0,0,0,3,1,1,1,1,46,8,1798,8,3,TOYOTA AURIS,1,E01013942,0,-1
2020460996102,2020,460996102,2,9,0,3,3,0,0,0,0,1,0,0,0,0,1,1,5,6,1,41,7,1797,8,6,TOYOTA AURIS,2,E01016035,0,-1
2020040923305,2020,040923305,1,9,0,9,9,3,7,0,0,2,0,0,0,0,1,1,2,2,1,54,8,1329,1,9,TOYOTA AURIS,3,E01012617,0,-1
2020522003874,2020,522003874,2,9,0,2,2,0,0,0,0,2,0,0,0,0,1,1,6,6,3,-1,-1,1797,8,9,TOYOTA AURIS,-1,-1,0,-1
202006A176507,2020,06A176507,2,9,0,18,19,3,7,0,0,1,0,0,0,0,2,1,6,6,1,35,6,1797,8,6,TOYOTA AURIS,1,E01005130,0,-1
2020010269307,2020,010269307,2,9,0,18,19,3,7,0,0,8,0,0,0,0,0,1,1,1,1,49,8,1797,8,7,TOYOTA AURIS,4,E01000401,0,-1
2020200996245,2020,200996245,2,9,0,6,6,6,6,0,0,0,0,0,0,0,3,1,6,6,2,41,7,1798,8,2,TOYOTA AURIS,10,E01029628,0,-1
2020010273716,2020,010273716,1,9,0,99,99,9,9,0,0,8,1,0,0,0,4,9,6,6,1,45,7,1598,1,7,TOYOTA AURIS,9,E01000715,0,-1
2020320071527,2020,320071527,2,9,0,18,19,1,5,0,0,1,0,0,0,0,2,1,6,6,1,30,6,1798,8,4,TOYOTA AURIS,2,E01010312,0,-1
2020370932971,2020,370932971,2,9,0,18,19,5,1,0,0,0,0,0,0,0,1,1,1,1,2,63,9,1797,8,5,TOYOTA AURIS,5,E01026648,0,-1
20201377E0714,2020,1377E0714,1,9,0,5,5,3,1,0,0,6,0,0,0,0,3,1,1,1,1,49,8,1798,8,2,TOYOTA AURIS,4,E01011462,0,-1
2020010263383,2020,010263383,1,9,0,99,99,9,9,99,99,9,9,99,9,99,2,9,2,2,1,55,8,1797,8,9,TOYOTA AURIS,9,E01003356,0,-1
2020010253576,2020,010253576,1,8,0,3,3,5,1,0,0,2,0,0,0,0,3,1,1,1,1,50,8,1797,8,6,TOYOTA AURIS,3,E01002540,0,-1
2020460926296,2020,460926296,1,9,0,18,19,4,8,0,0,1,0,0,1,10,4,1,5,6,2,86,11,1797,8,7,TOYOTA AURIS,9,E01024799,0,-1
2020302001093,2020,302001093,2,9,0,18,19,2,8,0,0,8,0,0,0,0,4,1,6,6,2,38,7,1998,2,13,TOYOTA AURIS,2,E01013499,0,-1
2020010247167,2020,010247167,1,8,0,18,19,7,3,0,0,8,0,0,0,0,1,1,2,2,1,27,6,1797,8,6,TOYOTA AURIS,5,E01002011,0,-1
20201378B2219,2020,1378B2219,1,8,0,18,19,1,5,0,0,8,0,0,0,0,1,1,1,1,1,29,6,1797,8,5,TOYOTA AURIS,1,E01010841,0,-1
2020451003431,2020,451003431,1,9,0,4,4,6,2,0,0,2,0,0,0,0,1,1,2,2,2,47,8,1798,8,4,TOYOTA AURIS,6,E01031817,0,-1
2020010258528,2020,010258528,2,9,0,99,99,9,9,99,99,0,9,99,9,99,1,9,6,6,3,49,8,1798,8,4,TOYOTA AURIS,2,E01033587,0,-1
2020010277813,2020,010277813,2,9,0,4,4,6,2,0,0,1,0,0,0,0,1,1,6,6,1,44,7,1364,2,11,TOYOTA AURIS,5,E01001029,0,-1
2020990947875,2020,990947875,1,9,0,18,19,8,4,0,0,0,1,0,0,0,1,1,6,6,1,42,7,1798,8,2,TOYOTA AURIS,10,-1,0,-1
2020400927671,2020,400927671,1,9,0,15,15,8,4,0,0,8,0,0,0,0,3,1,6,6,1,42,7,1598,1,11,TOYOTA AURIS,2,E01015727,0,-1
2020010264861,2020,010264861,2,9,0,18,19,5,1,0,0,3,0,0,0,0,1,1,6,6,1,33,6,1598,1,12,TOYOTA AURIS,5,E01002626,0,-1
2020010247290,2020,010247290,1,9,0,18,19,3,7,0,0,2,0,0,0,0,1,1,2,2,1,48,8,1598,1,12,TOYOTA AURIS,3,E01002649,0,-1
2020010266617,2020,010266617,1,9,0,10,10,5,4,0,0,5,0,0,0,0,1,1,2,2,1,26,6,1598,1,11,TOYOTA AURIS,3,E01017619,0,-1
2020041020352,2020,041020352,1,9,0,18,19,1,1,0,0,0,0,0,0,0,1,1,2,2,1,69,10,1798,8,4,TOYOTA AURIS,1,E01012594,0,-1
2020361001367,2020,361001367,1,9,0,18,19,7,3,0,0,0,0,0,0,0,1,1,1,1,1,60,9,1798,8,4,TOYOTA AURIS,3,E01026596,0,-1
2020201023130,2020,201023130,2,9,0,2,2,0,0,0,0,0,0,0,0,0,3,1,6,6,1,19,4,1364,2,10,TOYOTA AURIS,3,E01009239,0,-1
2020500932019,2020,500932019,1,9,0,1,1,5,1,0,0,0,0,0,0,0,2,1,5,6,1,73,10,1598,1,8,TOYOTA AURIS,10,E01019957,0,-1
2020010257146,2020,010257146,1,8,0,18,19,4,8,0,0,3,0,0,0,0,1,2,1,1,1,58,9,1797,8,6,TOYOTA AURIS,3,E01003581,0,-1
2020010274238,2020,010274238,1,9,0,18,19,5,1,0,0,0,0,0,0,0,2,1,6,6,1,21,5,1797,8,6,TOYOTA AURIS,10,E01030769,0,-1
2020010264167,2020,010264167,1,9,0,9,9,3,8,0,0,1,0,0,0,0,4,1,6,6,2,23,5,1598,1,13,TOYOTA AURIS,-1,-1,0,-1
2020440475651,2020,440475651,2,9,0,18,19,7,3,0,0,8,0,0,0,0,1,1,2,2,2,41,7,1598,1,11,TOYOTA AURIS,4,E01017193,0,-1
2020010247477,2020,010247477,1,9,0,3,3,8,4,0,0,0,0,0,0,0,3,1,2,2,1,61,9,1798,8,4,TOYOTA AURIS,-1,-1,0,-1
2020201002948,2020,201002948,2,9,0,3,3,2,6,0,0,0,0,0,0,0,2,1,1,1,2,50,8,1598,1,7,TOYOTA AURIS,6,E01009496,0,-1
2020010273856,2020,010273856,1,9,0,18,19,7,3,0,0,0,0,0,0,0,3,1,1,1,1,38,7,1364,2,13,TOYOTA AURIS,-1,-1,0,-1
2020400970336,2020,400970336,2,9,0,2,2,1,5,0,0,0,0,0,0,0,1,1,6,6,1,56,9,1364,2,4,TOYOTA AURIS,2,E01015760,0,-1
2020200944020,2020,200944020,1,9,0,9,9,8,6,0,0,1,0,0,0,0,1,1,1,1,1,39,7,1797,8,5,TOYOTA AURIS,1,E01009490,0,-1
2020137CV0938,2020,137CV0938,2,9,0,18,19,5,1,0,0,0,0,0,0,0,1,1,6,6,1,35,6,1798,8,3,TOYOTA AURIS,7,E01011506,0,-1
2020522101350,2020,522101350,1,9,0,18,19,5,1,0,0,0,0,4,0,0,3,1,6,6,1,39,7,1598,1,6,TOYOTA AURIS,10,E01014460,0,-1
2020450998689,2020,450998689,2,9,0,18,19,5,1,0,0,1,0,0,0,0,1,1,5,6,2,59,9,1797,8,5,TOYOTA AURIS,8,E01030979,0,-1
2020140958854,2020,140958854,1,9,0,5,5,2,6,0,0,1,0,0,0,0,1,2,6,6,1,39,7,2231,2,11,TOYOTA AURIS,3,E01007357,0,-1
2020200979511,2020,200979511,1,9,0,9,9,3,5,0,0,1,0,0,0,0,1,1,6,6,1,18,4,1598,1,11,TOYOTA AURIS,1,E01009396,0,-1
202006Q178861,2020,06Q178861,1,9,0,9,9,8,6,0,0,8,0,0,0,0,1,1,6,6,3,-1,-1,1797,8,5,TOYOTA AURIS,-1,-1,0,-1
202006XN75876,2020,06XN75876,3,9,0,3,3,5,1,0,0,0,0,1,0,0,2,1,6,6,1,32,6,1598,1,10,TOYOTA AURIS,4,E01005029,0,-1
2020010283781,2020,010283781,1,9,0,18,19,5,1,0,0,0,0,0,0,0,1,1,6,6,1,44,7,1598,1,9,TOYOTA AURIS,7,E01002918,0,-1
2020010231774,2020,010231774,1,9,0,99,99,9,9,99,99,9,9,99,9,99,2,9,6,6,1,42,7,1797,8,5,TOYOTA AURIS,5,E01015818,0,-1
2020470969436,2020,470969436,1,9,0,18,19,3,7,0,0,0,0,0,0,0,3,1,5,6,1,43,7,1798,8,3,TOYOTA AURIS,10,E01030919,0,-1
2020137160723,2020,137160723,2,8,0,18,19,7,3,0,0,0,0,0,0,0,2,1,1,1,1,33,6,1797,8,8,TOYOTA AURIS,1,E01010622,0,-1
2020040936645,2020,040936645,2,9,0,18,19,5,1,0,0,0,0,0,7,0,1,1,2,2,1,63,9,1797,8,6,TOYOTA AURIS,8,E01004780,0,-1
2020010284636,2020,010284636,1,9,0,18,19,5,1,0,0,0,0,0,0,0,1,2,2,2,1,27,6,1797,8,8,TOYOTA AURIS,6,E01022090,0,-1
2020200954728,2020,200954728,1,9,0,-1,-1,6,2,-1,-1,8,-1,-1,-1,0,-1,1,6,6,3,-1,-1,1798,8,3,TOYOTA AURIS,-1,-1,0,-1
2020100930809,2020,100930809,1,8,0,13,13,5,1,0,0,0,0,4,0,0,3,1,1,1,1,53,8,1798,8,1,TOYOTA AURIS,1,E01008380,0,-1
2020010230564,2020,010230564,1,9,0,18,19,2,6,0,0,8,0,0,0,0,4,1,2,2,1,31,6,1598,1,13,TOYOTA AURIS,4,E01002607,0,-1
2020010231524,2020,010231524,1,9,9,99,99,9,9,99,99,9,9,99,9,99,9,9,6,6,1,35,6,1798,8,5,TOYOTA AURIS,3,E01004563,0,-1
2020137CB0711,2020,137CB0711,2,9,0,18,19,3,7,0,0,1,0,0,0,0,1,1,1,1,1,37,7,1798,8,2,TOYOTA AURIS,-1,-1,0,-1
2020041006423,2020,041006423,1,9,0,9,9,1,3,0,0,6,0,4,0,0,2,1,5,6,2,37,7,1329,1,12,TOYOTA AURIS,-1,-1,0,-1
2020440016900,2020,440016900,2,9,0,7,7,7,1,0,0,6,0,0,0,0,3,1,1,1,1,-1,-1,1798,8,4,TOYOTA AURIS,-1,-1,0,-1
2020070414847,2020,070414847,1,9,0,18,19,6,2,0,0,0,0,0,1,11,1,1,6,6,2,49,8,1598,1,10,TOYOTA AURIS,2,E01018685,0,-1
202006G169302,2020,06G169302,2,9,0,18,19,1,5,0,0,8,0,0,1,10,4,1,6,6,1,36,7,1798,8,5,TOYOTA AURIS,2,E01005950,0,-1
2020137B91053,2020,137B91053,3,8,0,3,3,4,8,0,0,1,0,0,0,0,3,1,6,6,1,40,7,1798,8,3,TOYOTA AURIS,1,E01011429,0,-1
2020010250317,2020,010250317,1,8,9,99,99,9,9,99,99,9,9,99,9,99,4,9,6,6,1,33,6,1797,8,7,TOYOTA AURIS,2,E01004319,0,-1
2020420947991,2020,420947991,1,9,0,5,5,1,3,0,0,4,0,0,0,0,3,1,5,6,1,63,9,1598,1,12,TOYOTA AURIS,10,E01021247,0,-1
2020010231284,2020,010231284,3,9,0,18,19,5,1,0,0,1,0,0,0,0,0,1,6,6,3,-1,-1,1797,8,6,TOYOTA AURIS,-1,-1,0,-1
2020411001378,2020,411001378,2,9,0,2,2,0,0,0,0,0,0,0,0,0,4,1,5,6,3,-1,-1,1798,8,3,TOYOTA AURIS,-1,-1,0,-1
2020101013576,2020,101013576,2,9,0,18,19,1,5,9,9,0,0,0,0,0,1,1,1,1,1,30,6,1797,8,7,TOYOTA AURIS,4,E01008832,0,-1
2020101006075,2020,101006075,1,8,0,18,19,6,2,0,0,0,0,0,0,0,1,1,1,1,2,42,7,1798,8,2,TOYOTA AURIS,1,E01027518,0,-1
2020320538381,2020,320538381,2,9,0,4,4,6,8,0,0,0,0,0,0,0,2,1,6,6,1,60,9,1364,2,8,TOYOTA AURIS,-1,-1,0,-1
2020137960842,2020,137960842,1,9,0,9,9,6,4,0,0,8,0,0,0,0,3,1,1,1,1,51,8,1797,8,7,TOYOTA AURIS,-1,-1,0,-1
2020122000776,2020,122000776,1,9,0,7,7,1,3,0,0,6,0,0,0,0,4,1,6,6,1,73,10,1798,8,3,TOYOTA AURIS,7,E01013419,0,-1
2020460934535,2020,460934535,1,9,0,12,12,1,5,0,0,0,1,0,0,0,1,1,5,6,2,49,8,1998,2,12,TOYOTA AURIS,5,E01024831,0,-1
2020010236305,2020,010236305,2,9,0,7,7,5,7,0,0,6,0,0,0,0,3,1,3,7,2,38,7,1797,8,7,TOYOTA AURIS,-1,-1,0,-1
2020010272880,2020,010272880,4,9,0,99,99,9,9,0,0,8,0,0,0,0,3,1,6,6,3,-1,-1,1797,8,10,TOYOTA AURIS,-1,-1,0,-1
2020500942278,2020,500942278,1,9,0,18,19,3,7,0,0,0,0,0,4,1,1,1,1,1,2,54,8,1598,1,11,TOYOTA AURIS,8,E01015090,0,-1
2020010249760,2020,010249760,1,8,0,99,99,9,9,99,99,9,9,99,9,99,9,9,6,6,1,24,5,1798,8,4,TOYOTA AURIS,2,E01001460,0,-1
2020470939799,2020,470939799,1,9,0,18,19,4,8,0,0,0,0,0,4,6,4,1,2,2,1,31,6,1798,8,2,TOYOTA AURIS,7,E01016917,0,-1
202031C145720,2020,31C145720,2,9,0,3,3,1,5,0,0,1,0,0,0,0,2,1,6,6,1,34,6,1798,8,4,TOYOTA AURIS,1,E01013825,0,-1
2020010260646,2020,010260646,2,9,0,14,14,5,1,0,0,1,9,0,0,99,4,9,6,6,3,-1,-1,1797,8,8,TOYOTA AURIS,-1,-1,0,-1
2020010238347,2020,010238347,1,9,0,9,9,8,6,0,0,8,0,0,0,0,3,1,2,2,2,62,9,1798,8,1,TOYOTA AURIS,8,E01003417,0,-1
2020010254472,2020,010254472,1,9,0,99,99,9,9,99,99,9,9,99,9,99,3,9,6,6,1,51,8,1798,8,2,TOYOTA AURIS,4,E01000503,0,-1
2020440010722,2020,440010722,1,9,0,18,19,8,4,0,0,8,0,0,0,0,4,1,6,6,1,74,10,1598,1,12,TOYOTA AURIS,10,E01022751,0,-1
2020010231030,2020,010231030,1,8,0,99,99,9,9,99,99,9,9,99,9,99,9,9,6,6,3,42,7,1797,8,5,TOYOTA AURIS,3,E01002313,0,-1
2020010238261,2020,010238261,2,9,9,6,6,1,1,99,99,9,9,99,9,99,9,9,6,6,1,28,6,1598,1,5,TOYOTA AURIS,9,E01002156,0,-1
2020430148031,2020,430148031,1,9,0,18,19,5,1,5,5,8,0,0,0,0,1,1,2,2,2,36,7,1364,2,7,TOYOTA AURIS,5,E01028538,0,-1
2020137CO1119,2020,137CO1119,1,8,0,4,4,4,8,0,0,1,0,0,0,0,2,1,1,1,1,27,6,1798,8,4,TOYOTA AURIS,1,E01010832,0,-1
20201379C7810,2020,1379C7810,2,8,0,18,19,1,5,0,0,0,0,0,0,0,3,1,1,1,1,53,8,1797,8,5,TOYOTA AURIS,1,E01010745,0,-1
2020010266890,2020,010266890,2,9,0,99,99,9,9,99,99,9,9,99,9,99,1,9,6,6,2,22,5,1398,1,12,TOYOTA AURIS,1,E01004722,0,-1
2020010283480,2020,010283480,2,9,0,9,9,5,3,0,0,5,0,0,0,0,1,1,6,6,1,27,6,1797,8,9,TOYOTA AURIS,3,E01000644,0,-1
2020552000510,2020,552000510,1,8,0,6,6,7,7,3,2,0,0,0,0,0,3,1,1,1,1,38,7,1798,8,1,TOYOTA AURIS,3,E01033241,0,-1
202006K371566,2020,06K371566,2,9,0,9,9,8,6,0,0,8,0,0,0,0,3,1,2,2,2,33,6,1398,1,13,TOYOTA AURIS,3,E01004854,0,-1
2020010269135,2020,010269135,2,9,0,99,99,9,9,99,99,0,9,99,9,99,1,9,6,6,3,43,7,1797,8,5,TOYOTA AURIS,1,E01004244,0,-1
2020010282742,2020,010282742,5,9,0,2,2,0,0,0,0,0,0,0,0,0,0,1,6,6,3,-1,-1,1998,2,13,TOYOTA AURIS,-1,-1,0,-1
2020010232295,2020,010232295,1,9,0,3,3,8,4,0,0,1,0,0,0,0,1,1,6,6,1,37,7,1598,1,9,TOYOTA AURIS,3,E01001717,0,-1
2020010268384,2020,010268384,1,9,0,99,99,9,9,99,99,9,9,99,9,99,9,9,6,6,1,46,8,1797,8,6,TOYOTA AURIS,2,E01002741,0,-1
2020010272855,2020,010272855,1,8,0,99,99,9,9,99,99,9,9,99,9,99,9,9,6,6,1,34,6,1798,8,4,TOYOTA AURIS,4,E01004376,0,-1
2020010252572,2020,010252572,2,8,0,2,2,0,0,0,0,0,0,4,0,0,3,1,6,6,3,-1,-1,1797,8,5,TOYOTA AURIS,-1,-1,0,-1
2020522000806,2020,522000806,1,9,0,3,3,8,4,0,0,1,0,0,0,0,2,1,6,6,1,27,6,1598,1,10,TOYOTA AURIS,4,E01014587,0,-1
202031C025720,2020,31C025720,2,8,0,3,3,8,4,0,0,8,0,0,0,0,2,1,1,1,1,46,8,1798,8,4,TOYOTA AURIS,-1,-1,0,-1
2020460936980,2020,460936980,1,9,0,11,11,6,2,0,0,0,1,0,0,0,1,1,6,6,2,52,8,1598,1,13,TOYOTA AURIS,6,E01024555,0,-1
2020010248167,2020,010248167,2,8,0,18,19,1,5,0,0,3,0,0,0,0,1,1,2,2,1,36,7,1797,8,6,TOYOTA AURIS,-1,-1,0,-1
2020460983938,2020,460983938,1,9,0,6,6,5,7,0,0,0,0,0,0,0,4,1,6,6,1,52,8,1797,8,5,TOYOTA AURIS,3,E01001629,0,-1
2020052001297,2020,052001297,1,8,0,1,1,8,4,0,0,0,0,0,0,0,2,1,1,1,1,34,6,1798,8,3,TOYOTA AURIS,1,E01006638,0,-1
2020470995220,2020,470995220,2,9,0,4,4,8,4,0,0,1,0,0,0,0,2,1,5,6,1,37,7,1598,1,7,TOYOTA AURIS,10,E01031734,0,-1
2020522100900,2020,522100900,2,9,0,5,5,6,2,0,0,0,0,0,0,0,3,1,6,6,1,68,10,1797,8,10,TOYOTA AURIS,9,E01014739,0,-1
2020200994548,2020,200994548,2,9,0,2,2,0,0,0,0,0,0,0,0,0,2,1,6,6,2,72,10,1998,2,12,TOYOTA AURIS,10,E01009436,0,-1
2020070744184,2020,070744184,2,8,0,18,19,4,8,0,0,8,0,0,0,7,4,1,6,6,1,43,7,1797,8,6,TOYOTA AURIS,1,E01014256,0,-1
2020010282570,2020,010282570,2,9,0,99,99,9,9,99,99,9,9,99,9,99,1,9,6,6,3,55,8,1797,8,9,TOYOTA AURIS,4,E01003123,0,-1
2020460972933,2020,460972933,1,9,0,18,19,7,3,0,0,0,0,0,0,0,1,1,6,6,1,-1,-1,1797,8,5,TOYOTA AURIS,8,E01016126,0,-1
2020990943571,2020,990943571,1,9,0,5,5,5,8,0,0,0,0,0,0,0,1,1,6,6,1,46,8,1364,2,6,TOYOTA AURIS,1,-1,0,-1
2020200936168,2020,200936168,2,9,0,18,19,6,2,0,0,0,0,0,0,0,2,1,6,6,1,27,6,1797,8,6,TOYOTA AURIS,1,E01009397,0,-1
2020430074362,2020,430074362,1,9,0,18,19,2,6,0,0,0,0,0,0,0,1,1,1,1,1,64,9,1798,8,4,TOYOTA AURIS,10,E01016535,0,-1
2020010243071,2020,010243071,2,9,9,99,99,9,9,99,99,9,9,99,9,99,9,9,6,6,1,-1,-1,1797,8,5,TOYOTA AURIS,3,E01001177,0,-1
2020137BO0779,2020,137BO0779,1,9,0,18,19,1,5,0,0,0,0,0,0,0,4,1,6,6,1,51,8,1797,8,5,TOYOTA AURIS,2,E01010738,0,-1
2020501013488,2020,501013488,1,9,0,18,19,1,5,0,0,0,5,0,7,1,1,1,5,6,1,78,11,1197,1,4,TOYOTA AURIS,4,E01018931,0,-1
2020010240343,2020,010240343,1,8,0,9,9,2,7,0,0,2,0,0,0,0,1,1,1,1,1,35,6,1797,8,6,TOYOTA AURIS,3,E01016465,0,-1
2020460990721,2020,460990721,1,9,0,5,5,8,3,0,0,0,0,0,0,0,1,1,6,6,1,40,7,1398,1,12,TOYOTA AURIS,9,E01024819,0,-1
2020010264417,2020,010264417,2,9,0,5,5,3,7,0,0,2,0,0,0,0,2,1,6,6,1,34,6,1798,8,1,TOYOTA AURIS,3,E01000977,0,-1
2020200985256,2020,200985256,1,9,0,18,19,-1,-1,0,0,0,0,0,0,0,1,1,6,6,1,-1,-1,1998,2,13,TOYOTA AURIS,1,E01009979,0,-1
2020010286659,2020,010286659,2,9,0,99,99,9,9,99,99,9,9,99,9,99,1,9,6,6,3,37,7,1797,8,9,TOYOTA AURIS,2,E01003497,0,-1
2020010234662,2020,010234662,1,9,0,18,19,5,1,0,0,0,0,0,0,0,4,1,6,6,1,37,7,1329,1,9,TOYOTA AURIS,1,E01004272,0,-1
2020010278268,2020,010278268,1,9,0,18,19,3,7,0,0,0,5,10,0,0,1,1,6,6,1,25,5,1598,1,11,TOYOTA AURIS,5,E01000158,0,-1
2020052001012,2020,052001012,1,9,0,18,19,4,8,0,0,0,0,0,1,2,1,1,6,6,1,28,6,1797,8,7,TOYOTA AURIS,2,E01006723,0,-1
2020220961841,2020,220961841,1,9,0,12,12,1,5,0,0,0,0,0,0,0,1,1,2,2,1,36,7,1797,8,9,TOYOTA AURIS,7,E01014070,0,-1
202006L278277,2020,06L278277,1,9,0,9,9,7,5,0,0,2,0,0,0,0,1,1,6,6,1,90,11,1598,1,13,TOYOTA AURIS,-1,-1,0,-1
2020010234394,2020,010234394,1,9,0,18,19,2,6,0,0,8,0,0,0,0,1,1,2,2,2,41,7,1798,8,4,TOYOTA AURIS,-1,-1,0,-1
202006Q171408,2020,06Q171408,2,9,0,2,2,0,0,0,0,2,0,0,0,0,3,1,6,6,1,30,6,1364,2,7,TOYOTA AURIS,3,E01005437,0,-1
2020010252923,2020,010252923,1,9,0,7,7,3,5,0,0,6,0,0,0,0,1,1,6,6,1,35,6,1398,1,12,TOYOTA AURIS,5,E01002692,0,-1
2020010251978,2020,010251978,2,8,0,99,99,9,9,99,99,9,9,99,9,99,2,9,6,6,3,-1,-1,1798,8,3,TOYOTA AURIS,-1,-1,0,-1
2020161000125,2020,161000125,1,9,0,9,9,5,3,0,0,6,0,0,0,0,3,1,6,6,1,33,6,1798,8,2,TOYOTA AURIS,10,E01013223,0,-1
202006E268019,2020,06E268019,1,9,0,18,19,7,3,0,0,8,0,0,0,0,1,1,1,1,1,29,6,1798,8,4,TOYOTA AURIS,7,E01005780,0,-1
2020201005418,2020,201005418,2,8,0,18,19,5,1,0,0,1,0,0,0,0,3,1,1,1,1,31,6,1598,1,9,TOYOTA AURIS,1,E01009484,0,-1
2020340E08022,2020,340E08022,2,9,0,18,19,7,3,0,0,0,0,0,0,0,2,1,1,1,2,42,7,1797,8,5,TOYOTA AURIS,5,E01015669,0,-1
2020450925268,2020,450925268,1,9,0,18,19,1,1,0,0,0,0,0,0,0,1,1,6,6,2,73,10,1798,8,4,TOYOTA AURIS,8,E01030730,0,-1
2020440047065,2020,440047065,3,9,0,9,9,6,4,0,0,8,0,0,0,0,1,1,6,6,2,58,9,1797,8,7,TOYOTA AURIS,10,E01022498,0,-1
2020200940635,2020,200940635,1,9,0,9,9,2,7,0,0,5,0,0,0,0,1,1,6,6,1,56,9,1364,2,6,TOYOTA AURIS,6,E01023855,0,-1
2020010252653,2020,010252653,3,9,0,1,1,1,5,6,6,1,0,0,0,0,4,1,6,6,1,29,6,1598,1,13,TOYOTA AURIS,1,E01009311,0,-1
2020100990673,2020,100990673,2,9,0,9,9,7,4,0,0,8,0,0,0,0,1,1,5,6,1,59,9,1598,2,4,TOYOTA AURIS,4,E01008202,0,-1
202006XE76934,2020,06XE76934,1,9,0,11,11,6,2,0,0,0,0,0,7,0,2,1,6,6,1,66,10,1398,1,11,TOYOTA AURIS,7,E01014362,0,-1
2020040983462,2020,040983462,1,9,0,18,19,1,5,0,0,1,5,0,0,0,4,1,5,6,1,47,8,1598,1,13,TOYOTA AURIS,2,E01012746,0,-1
2020010272218,2020,010272218,2,9,0,99,99,9,9,99,99,0,9,99,9,99,3,9,6,6,3,-1,-1,1197,1,2,TOYOTA AURIS,5,E01020296,0,-1
2020461012085,2020,461012085,2,9,0,18,19,7,3,0,0,2,0,0,0,0,4,1,6,6,1,67,10,1364,2,12,TOYOTA AURIS,4,E01016143,0,-1
2020522003755,2020,522003755,1,9,0,18,19,4,8,0,0,1,0,0,0,0,2,1,6,6,2,52,8,1598,1,11,TOYOTA AURIS,10,E01014454,0,-1
202006L168652,2020,06L168652,1,9,0,18,19,7,3,0,0,4,0,0,0,0,1,1,6,6,1,69,10,1329,1,8,TOYOTA AURIS,1,E01006361,0,-1
2020440066129,2020,440066129,1,9,0,18,19,7,3,0,0,4,0,0,0,0,3,1,2,2,1,55,8,1598,1,11,TOYOTA AURIS,6,E01022961,0,-1
2020010282557,2020,010282557,1,8,0,99,99,9,9,99,99,9,9,99,9,99,1,9,6,6,3,30,6,1798,8,3,TOYOTA AURIS,-1,-1,0,-1
2020200969661,2020,200969661,1,8,0,18,19,2,6,0,0,0,0,0,0,0,1,1,1,1,1,53,8,1797,8,5,TOYOTA AURIS,1,E01010366,0,-1
2020470970154,2020,470970154,1,9,0,18,19,7,3,0,0,0,0,0,0,0,1,1,5,6,1,16,4,1598,1,13,TOYOTA AURIS,3,E01020930,0,-1
2020010275233,2020,010275233,2,9,0,99,99,9,9,99,99,9,9,99,9,99,1,9,6,6,3,-1,-1,1329,1,9,TOYOTA AURIS,-1,-1,0,-1
2020010254735,2020,010254735,2,9,0,10,10,2,8,0,0,5,0,0,0,0,2,1,6,6,1,61,9,1797,8,6,TOYOTA AURIS,-1,-1,0,-1
2020137950417,2020,137950417,1,9,0,7,7,1,3,0,0,4,0,0,0,0,1,1,1,1,1,48,8,1797,8,6,TOYOTA AURIS,1,E01010720,0,-1
2020010277043,2020,010277043,1,8,0,99,99,9,9,99,99,0,9,99,9,99,2,9,6,6,1,40,7,1798,8,3,TOYOTA AURIS,5,E01001029,0,-1
2020010252801,2020,010252801,1,8,0,18,19,5,1,0,0,0,0,0,0,0,1,2,1,1,1,48,8,1797,8,6,TOYOTA AURIS,6,E01004218,0,-1
2020010275541,2020,010275541,1,9,0,18,19,3,7,0,0,0,0,0,7,0,1,1,6,6,1,47,8,1797,8,9,TOYOTA AURIS,3,E01003716,0,-1
2020350977765,2020,350977765,1,9,0,9,9,2,6,0,0,1,0,0,0,0,1,1,1,1,1,34,6,1798,8,5,TOYOTA AURIS,2,E01015633,0,-1
2020010285609,2020,010285609,1,9,0,18,19,3,7,0,0,4,0,0,0,0,1,1,3,7,1,50,8,1598,1,12,TOYOTA AURIS,1,E01004222,0,-1
2020430017900,2020,430017900,1,9,0,18,19,2,6,0,0,0,0,0,0,0,1,1,6,6,2,34,6,1798,8,2,TOYOTA AURIS,10,E01016663,0,-1
2020200921744,2020,200921744,1,9,0,9,9,2,8,0,0,5,0,0,0,0,1,1,6,6,2,36,7,1598,1,13,TOYOTA AURIS,10,E01009670,0,-1
2020450933935,2020,450933935,1,9,0,4,4,2,6,0,0,0,0,0,0,0,2,1,5,6,2,35,6,1598,1,11,TOYOTA AURIS,5,E01030310,0,-1
2020010234715,2020,010234715,1,9,0,10,10,7,5,0,0,1,0,0,0,0,2,9,6,6,2,38,7,1598,1,13,TOYOTA AURIS,3,E01001264,0,-1