collision_index,collision_year,collision_ref_no,vehicle_reference,vehicle_type,towing_and_articulation,vehicle_manoeuvre_historic,vehicle_manoeuvre,vehicle_direction_from,vehicle_direction_to,vehicle_location_restricted_lane_historic,vehicle_location_restricted_lane,junction_location,skidding_and_overturning,hit_object_in_carriageway,vehicle_leaving_carriageway,hit_object_off_carriageway,first_point_of_impact,vehicle_left_hand_drive,journey_purpose_of_driver_historic,journey_purpose_of_driver,sex_of_driver,age_of_driver,age_band_of_driver,engine_capacity_cc,propulsion_code,age_of_vehicle,generic_make_model,driver_imd_decile,lsoa_of_driver,escooter_flag,driver_distance_banding
2020140976628,2020,140976628,1,8,0,18,19,6,2,0,0,1,0,0,0,0,1,1,1,1,1,46,8,1798,8,3,TOYOTA AURIS,1,E01007875,0,-1
2020522004638,2020,522004638,1,9,0,18,19,7,3,0,0,0,0,0,0,0,1,1,6,6,2,22,5,1797,8,5,TOYOTA AURIS,5,E01013608,0,-1
2020010242653,2020,010242653,2,9,0,18,19,5,1,0,0,0,0,0,0,0,4,1,6,6,1,45,7,1798,8,4,TOYOTA AURIS,3,E01000009,0,-1
2020052001061,2020,052001061,1,8,0,18,19,5,1,0,0,8,0,0,1,7,4,1,1,1,1,30,6,1798,8,3,TOYOTA AURIS,2,E01006745,0,-1
2020010245663,2020,010245663,1,8,0,99,99,9,9,99,99,5,9,99,9,99,3,9,6,6,1,35,6,1798,8,2,TOYOTA AURIS,4,E01003743,0,-1
2020522001139,2020,522001139,1,9,0,18,19,4,1,0,0,1,0,0,0,0,1,1,6,6,1,30,6,1598,1,13,TOYOTA AURIS,8,E01014722,0,-1
2020010271133,2020,010271133,1,9,0,99,99,9,9,99,99,9,9,99,9,99,9,9,6,6,1,78,11,1798,8,4,TOYOTA AURIS,3,E01003280,0,-1
2020351010450,2020,351010450,2,9,0,11,11,3,3,0,0,0,0,0,0,0,4,1,6,6,2,40,7,1197,1,4,TOYOTA AURIS,9,E01018254,0,-1
2020137C10215,2020,137C10215,1,9,0,7,7,8,2,0,0,8,0,0,0,0,4,1,2,2,1,57,9,2231,2,11,TOYOTA AURIS,9,E01011174,0,-1
2020622000673,2020,622000673,2,9,0,16,19,2,6,0,0,1,0,0,0,0,1,1,6,6,1,75,10,1798,8,1,TOYOTA AURIS,9,W01000776,0,-1
2020440488805,2020,440488805,1,9,0,9,9,1,7,0,0,5,0,0,5,10,1,1,6,6,1,47,8,1364,2,12,TOYOTA AURIS,7,E01023255,0,-1
2020990951046,2020,990951046,1,9,0,18,19,7,3,0,0,0,0,0,0,0,1,2,5,6,1,32,6,1598,1,10,TOYOTA AURIS,3,-1,0,-1
2020200938049,2020,200938049,1,9,0,9,9,2,7,0,0,8,0,0,0,0,3,1,6,6,1,39,7,1598,1,12,TOYOTA AURIS,1,E01010371,0,-1
2020010254080,2020,010254080,1,9,0,5,5,7,3,0,0,2,0,0,0,0,3,1,6,6,2,54,8,1798,8,5,TOYOTA AURIS,6,E01003888,0,-1
2020320094067,2020,320094067,1,9,0,18,19,1,5,0,0,0,5,0,0,0,1,1,6,6,1,32,6,1364,2,7,TOYOTA AURIS,6,E01026239,0,-1
2020470994229,2020,470994229,3,9,0,2,2,1,5,0,0,0,0,0,0,0,2,2,6,6,3,-1,-1,1798,8,4,TOYOTA AURIS,-1,-1,0,-1
2020010266270,2020,010266270,1,9,0,9,9,5,3,0,0,3,0,0,0,0,4,2,6,6,2,45,7,1197,1,5,TOYOTA AURIS,5,E01001345,0,-1
2020010240785,2020,010240785,2,9,0,99,99,9,9,99,99,0,9,99,9,99,1,9,6,6,3,22,5,1598,1,13,TOYOTA AURIS,2,E01004284,0,-1
2020320490449,2020,320490449,2,9,0,7,7,7,1,0,0,2,0,0,0,0,3,1,2,2,2,64,9,1598,1,12,TOYOTA AURIS,-1,-1,0,-1
2020450934659,2020,450934659,1,9,0,18,19,1,2,0,0,4,0,0,0,0,1,1,5,6,1,70,10,1798,8,3,TOYOTA AURIS,7,E01030938,0,-1
2020302000322,2020,302000322,5,9,0,18,19,2,7,0,0,0,0,0,0,0,3,1,6,6,1,-1,-1,1197,1,2,TOYOTA AURIS,4,E01007359,0,-1
2020500999361,2020,500999361,2,9,0,18,19,4,8,0,0,8,0,0,0,0,1,1,6,6,1,28,6,1598,1,11,TOYOTA AURIS,1,E01015255,0,-1
2020052002411,2020,052002411,1,9,0,3,3,3,7,0,0,0,0,0,0,0,3,1,6,6,1,44,7,1598,1,13,TOYOTA AURIS,4,E01007313,0,-1
2020302001405,2020,302001405,1,9,0,5,5,1,6,0,0,2,0,0,0,0,1,1,1,1,3,-1,-1,1797,8,6,TOYOTA AURIS,5,E01019456,0,-1
2020140986156,2020,140986156,2,8,0,18,19,7,5,2,2,6,0,0,0,0,0,1,6,6,3,42,7,1798,8,3,TOYOTA AURIS,1,E01008083,0,-1
2020461012648,2020,461012648,1,9,0,18,19,3,1,0,0,1,0,0,0,0,1,1,6,6,2,66,10,1797,8,9,TOYOTA AURIS,4,E01024742,0,-1
2020160969531,2020,160969531,1,9,0,18,19,1,4,0,0,3,0,0,0,0,1,1,6,6,2,32,6,1598,1,7,TOYOTA AURIS,7,E01033108,0,-1
2020010266074,2020,010266074,1,9,0,99,99,9,9,99,99,0,9,99,9,99,2,9,6,6,1,55,8,1598,1,11,TOYOTA AURIS,5,E01003650,0,-1
2020200940196,2020,200940196,1,8,0,18,19,6,2,0,0,1,0,0,0,0,3,1,1,1,1,-1,-1,1797,8,6,TOYOTA AURIS,-1,-1,0,-1
2020010260250,2020,010260250,1,9,0,18,19,5,1,0,0,0,1,0,0,0,3,1,1,1,1,42,7,1797,8,5,TOYOTA AURIS,-1,-1,0,-1
2020460950693,2020,460950693,4,9,0,2,2,0,0,0,0,1,0,0,0,0,3,1,5,6,2,43,7,1364,2,6,TOYOTA AURIS,4,E01024373,0,-1
20201379P0898,2020,1379P0898,2,8,0,18,19,1,5,0,0,8,0,0,0,0,3,1,6,6,1,44,7,1798,8,4,TOYOTA AURIS,8,E01011243,0,-1
202031C166320,2020,31C166320,2,9,0,18,19,4,8,0,0,8,0,0,0,0,4,1,6,6,1,72,10,1197,1,5,TOYOTA AURIS,1,E01013812,0,-1
2020552000875,2020,552000875,1,9,0,9,9,5,3,0,0,6,0,0,0,0,1,1,6,6,1,83,11,1797,8,5,TOYOTA AURIS,4,E01020483,0,-1
2020010278528,2020,010278528,1,9,0,18,19,5,1,0,0,1,0,0,0,0,3,1,2,2,1,38,7,1797,8,10,TOYOTA AURIS,4,E01004215,0,-1
202006G277293,2020,06G277293,1,9,0,7,7,7,1,0,0,8,0,0,0,0,1,1,6,6,1,50,8,1598,1,12,TOYOTA AURIS,10,E01019756,0,-1
2020200959116,2020,200959116,2,9,0,4,4,4,8,0,0,0,0,0,0,0,2,1,6,6,2,48,8,1329,1,11,TOYOTA AURIS,1,E01010483,0,-1
2020010272038,2020,010272038,2,9,0,99,99,9,9,99,99,9,9,99,9,99,1,9,6,6,3,30,6,1598,1,10,TOYOTA AURIS,-1,-1,0,-1
2020231012858,2020,231012858,1,9,0,5,5,6,2,8,6,0,1,0,0,0,2,1,5,6,1,39,7,1598,1,13,TOYOTA AURIS,3,E01009239,0,-1
2020200996282,2020,200996282,1,9,0,9,9,5,3,0,0,5,0,0,0,0,3,1,6,6,2,66,10,1798,8,2,TOYOTA AURIS,7,E01029484,0,-1
2020430301770,2020,430301770,1,9,0,7,7,3,5,9,9,5,0,0,0,0,4,1,2,2,2,53,8,1598,1,8,TOYOTA AURIS,7,E01016840,0,-1
2020137171307,2020,137171307,1,9,0,2,2,1,5,0,0,0,0,0,0,0,3,1,1,1,1,47,8,1798,8,4,TOYOTA AURIS,1,E01011360,0,-1
202031D087520,2020,31D087520,3,9,0,2,2,0,0,0,0,0,0,0,0,0,2,1,6,6,1,83,11,1598,1,13,TOYOTA AURIS,8,E01032622,0,-1
2020137AN1227,2020,137AN1227,2,9,0,5,5,1,5,0,0,8,0,0,0,0,3,1,6,6,1,58,9,1797,8,5,TOYOTA AURIS,1,E01010829,0,-1
2020137670930,2020,137670930,1,9,0,18,19,1,5,0,0,0,0,0,0,0,1,1,1,1,1,42,7,1798,8,3,TOYOTA AURIS,4,E01010591,0,-1
2020010230262,2020,010230262,1,9,0,18,19,7,3,0,0,8,0,0,0,0,1,1,6,6,1,23,5,1797,8,7,TOYOTA AURIS,5,E01000607,0,-1
2020350932669,2020,350932669,2,9,0,10,10,2,8,0,0,1,0,0,7,0,2,1,5,6,1,73,10,1329,1,5,TOYOTA AURIS,7,E01023594,0,-1
20201372O0657,2020,1372O0657,2,9,0,12,12,5,1,0,0,0,0,0,0,0,2,1,6,6,2,31,6,1798,8,4,TOYOTA AURIS,3,E01011137,0,-1
2020010275224,2020,010275224,1,8,0,99,99,9,9,99,99,9,9,99,9,99,9,9,6,6,1,28,6,1797,8,5,TOYOTA AURIS,5,E01003307,0,-1
2020010269714,2020,010269714,1,9,9,18,19,1,5,0,0,0,9,99,0,0,1,1,6,6,2,65,9,1798,8,4,TOYOTA AURIS,3,E01003154,0,-1
2020302001640,2020,302001640,2,8,0,9,9,7,5,0,0,8,0,0,0,0,4,1,1,1,1,44,7,1364,2,6,TOYOTA AURIS,1,E01007875,0,-1
20201375F1342,2020,1375F1342,1,9,0,1,1,5,1,0,0,0,0,0,0,0,0,1,1,1,1,-1,-1,1798,8,1,TOYOTA AURIS,-1,-1,0,-1
2020010284555,2020,010284555,2,9,0,99,99,9,9,99,99,9,9,99,9,99,9,9,6,6,3,-1,-1,1798,8,4,TOYOTA AURIS,2,E01001151,0,-1
2020200986426,2020,200986426,1,8,0,7,7,2,4,0,0,6,0,0,0,0,1,1,6,6,1,-1,-1,1598,1,5,TOYOTA AURIS,-1,-1,0,-1
20201372R0641,2020,1372R0641,1,9,0,9,9,8,6,0,0,8,0,0,0,0,1,1,1,1,2,31,6,1329,1,11,TOYOTA AURIS,1,E01010809,0,-1
2020010269572,2020,010269572,2,9,0,9,9,1,7,0,0,6,0,0,0,0,1,1,3,7,2,37,7,1598,1,12,TOYOTA AURIS,3,E01000092,0,-1
2020010243520,2020,010243520,1,9,0,99,99,9,9,99,99,9,9,99,9,99,1,9,6,6,1,40,7,1798,8,4,TOYOTA AURIS,9,E01003271,0,-1
2020010258552,2020,010258552,1,9,0,9,9,3,1,0,0,5,0,0,0,0,1,1,1,1,1,49,8,1798,8,3,TOYOTA AURIS,2,E01004264,0,-1
2020302000301,2020,302000301,1,9,0,18,19,6,2,0,0,7,0,0,1,2,3,1,2,2,1,31,6,1598,1,13,TOYOTA AURIS,1,E01013487,0,-1
2020010286208,2020,010286208,1,8,9,18,19,5,1,0,0,0,9,0,0,0,0,9,1,1,3,-1,-1,1797,8,6,TOYOTA AURIS,-1,-1,0,-1
2020547805720,2020,547805720,2,9,0,4,4,3,7,0,0,0,0,0,0,0,2,1,6,6,1,55,8,1797,8,6,TOYOTA AURIS,4,E01015796,0,-1
2020010254296,2020,010254296,1,9,0,7,7,7,1,0,0,8,0,0,0,0,4,1,6,6,2,58,9,1197,1,5,TOYOTA AURIS,3,E01000944,0,-1
2020010238933,2020,010238933,3,9,0,4,4,1,5,7,6,6,0,4,0,0,1,1,6,6,1,44,7,1598,1,13,TOYOTA AURIS,4,E01002611,0,-1
2020010265331,2020,010265331,1,8,0,99,99,9,9,99,99,9,9,99,9,99,1,9,6,6,1,37,7,1797,8,7,TOYOTA AURIS,7,E01000178,0,-1
2020410971437,2020,410971437,3,9,0,18,19,1,5,0,0,0,0,0,0,0,2,1,5,6,1,40,7,1329,1,9,TOYOTA AURIS,6,E01023858,0,-1
2020137211404,2020,137211404,2,8,0,4,4,5,1,0,0,2,0,0,0,0,2,1,1,1,1,35,6,1798,8,3,TOYOTA AURIS,4,E01011157,0,-1
2020010264428,2020,010264428,1,9,0,99,99,9,9,99,99,9,9,99,9,99,9,9,6,6,3,-1,-1,1797,8,9,TOYOTA AURIS,1,E01002099,0,-1
2020990996412,2020,990996412,3,9,0,18,19,2,6,0,0,0,0,0,1,0,3,1,6,6,2,44,7,1798,8,3,TOYOTA AURIS,7,-1,0,-1
2020010258285,2020,010258285,2,9,0,99,99,9,9,99,99,0,9,99,9,99,2,9,6,6,3,38,7,1797,8,9,TOYOTA AURIS,3,E01001043,0,-1
2020040992898,2020,040992898,1,9,0,18,19,1,5,0,0,0,0,0,0,0,1,1,6,6,2,49,8,1329,1,8,TOYOTA AURIS,6,E01004883,0,-1
2020201020960,2020,201020960,2,8,0,18,19,3,7,0,0,8,0,0,0,0,1,1,6,6,1,54,8,1797,8,5,TOYOTA AURIS,2,E01009022,0,-1
2020210973462,2020,210973462,2,9,0,18,19,8,4,0,0,2,0,0,0,0,3,1,1,1,1,39,7,1797,8,6,TOYOTA AURIS,1,E01014254,0,-1
2020041021459,2020,041021459,1,9,0,5,5,1,7,0,0,1,0,0,0,0,1,1,2,2,2,40,7,1329,1,11,TOYOTA AURIS,8,E01025602,0,-1
2020010233687,2020,010233687,1,9,0,7,7,1,3,0,0,2,0,0,0,0,4,1,6,6,1,69,10,1798,8,3,TOYOTA AURIS,3,E01003439,0,-1
2020010244122,2020,010244122,1,9,0,99,99,9,9,99,99,9,9,99,9,99,9,9,6,6,1,24,5,1797,8,9,TOYOTA AURIS,7,E01000145,0,-1
2020141009842,2020,141009842,2,9,0,18,19,3,7,0,0,0,0,4,0,0,1,1,1,1,1,47,8,1797,8,9,TOYOTA AURIS,2,E01007451,0,-1
2020010237504,2020,010237504,1,9,0,99,99,9,9,99,99,9,9,99,9,99,9,9,6,6,1,32,6,1798,8,3,TOYOTA AURIS,1,E01004316,0,-1
2020010229903,2020,010229903,1,9,3,18,19,5,1,0,0,0,0,10,0,0,3,1,6,6,1,47,8,1598,1,11,TOYOTA AURIS,2,E01002368,0,-1
2020010284245,2020,010284245,1,9,0,18,19,3,7,0,0,0,0,11,0,0,1,1,6,6,1,22,5,1797,8,5,TOYOTA AURIS,2,E01003498,0,-1
2020140978727,2020,140978727,1,8,0,18,19,6,2,0,0,0,0,0,0,0,3,1,1,1,1,32,6,1797,8,7,TOYOTA AURIS,1,E01007534,0,-1
2020450954910,2020,450954910,1,9,0,18,19,5,1,0,0,1,0,0,0,0,1,1,5,6,1,54,8,1797,8,6,TOYOTA AURIS,10,E01030989,0,-1
202006XQ67786,2020,06XQ67786,5,9,0,18,19,3,7,0,0,0,0,0,0,0,2,1,6,6,1,70,10,1798,8,3,TOYOTA AURIS,2,E01005461,0,-1
202031C044620,2020,31C044620,2,9,0,18,19,5,1,0,0,8,0,0,0,0,1,1,1,1,1,30,6,1797,8,6,TOYOTA AURIS,2,E01013845,0,-1
2020200939357,2020,200939357,1,9,0,18,19,3,7,0,0,0,0,4,0,0,0,1,6,6,2,-1,-1,1197,1,5,TOYOTA AURIS,-1,-1,0,-1
2020421013668,2020,421013668,2,9,0,18,19,7,3,0,0,3,0,0,0,0,2,1,6,6,1,60,9,1797,8,5,TOYOTA AURIS,5,E01015989,0,-1
2020010254463,2020,010254463,2,9,0,6,6,1,1,0,0,1,0,0,0,0,4,1,6,6,2,45,7,1598,1,12,TOYOTA AURIS,4,E01004348,0,-1
2020040930790,2020,040930790,1,9,0,18,19,1,5,0,0,0,0,0,0,0,1,1,6,6,2,40,7,1998,2,13,TOYOTA AURIS,4,E01033281,0,-1
2020990969994,2020,990969994,1,9,0,1,1,8,6,0,0,1,0,0,0,0,2,1,6,6,1,31,6,1598,1,13,TOYOTA AURIS,5,-1,0,-1
2020450982659,2020,450982659,2,9,0,18,19,5,1,0,0,8,0,0,2,1,3,1,5,6,1,30,6,1797,8,10,TOYOTA AURIS,3,E01000473,0,-1
2020010235160,2020,010235160,2,9,0,99,99,9,9,99,99,0,9,99,9,99,2,9,6,6,3,-1,-1,1329,1,11,TOYOTA AURIS,-1,-1,0,-1
2020991003172,2020,991003172,1,9,0,18,19,1,5,0,0,0,1,4,0,0,1,1,5,6,1,27,6,1598,1,12,TOYOTA AURIS,5,-1,0,-1
2020140929221,2020,140929221,2,9,0,18,19,5,1,0,0,0,0,0,0,0,1,1,2,2,1,39,7,1797,8,10,TOYOTA AURIS,5,E01011870,0,-1
2020137AI1725,2020,137AI1725,2,9,0,18,19,6,2,0,0,8,0,0,0,0,1,1,1,1,1,39,7,1797,8,5,TOYOTA AURIS,1,E01011474,0,-1
2020370923053,2020,370923053,1,9,0,17,19,2,8,0,0,0,0,0,0,0,3,1,5,6,1,47,8,1798,8,4,TOYOTA AURIS,6,E01029907,0,-1
2020201002858,2020,201002858,1,9,0,5,5,8,4,0,0,4,0,0,0,0,1,1,6,6,1,30,6,1797,8,6,TOYOTA AURIS,1,E01009390,0,-1
2020010240111,2020,010240111,1,9,0,5,5,2,6,0,0,0,0,0,0,0,1,1,1,1,1,59,9,1798,8,2,TOYOTA AURIS,7,E01003419,0,-1
2020010239407,2020,010239407,2,9,0,99,99,9,9,0,0,0,0,0,9,0,2,9,-1,-1,3,-1,-1,1598,1,12,TOYOTA AURIS,-1,-1,0,-1
2020040962040,2020,040962040,1,9,0,17,19,1,5,0,0,1,0,0,0,0,1,1,1,1,1,51,8,1364,2,5,TOYOTA AURIS,-1,-1,0,-1
2020411006098,2020,411006098,2,9,0,3,3,2,6,0,0,0,0,0,0,0,2,1,2,2,1,51,8,1598,2,4,TOYOTA AURIS,6,E01026534,0,-1
2020201008247,2020,201008247,1,9,0,17,19,7,4,0,0,0,0,0,0,0,3,1,6,6,1,52,8,1797,8,6,TOYOTA AURIS,4,E01009089,0,-1
2020010234208,2020,010234208,1,9,0,5,5,7,3,0,0,0,0,0,0,0,1,1,2,2,2,56,9,1598,1,9,TOYOTA AURIS,4,E01001225,0,-1
2020137321469,2020,137321469,2,9,0,18,19,3,7,0,0,0,0,0,0,0,2,1,6,6,2,17,4,1364,2,6,TOYOTA AURIS,4,E01010671,0,-1
2020030966102,2020,030966102,2,9,0,18,19,5,1,0,0,0,0,0,0,0,4,1,5,6,2,70,10,1798,8,2,TOYOTA AURIS,9,E01023309,0,-1
2020010239163,2020,010239163,2,8,0,99,99,9,9,99,99,9,9,99,9,99,9,9,6,6,3,-1,-1,1798,8,3,TOYOTA AURIS,3,E01003549,0,-1
2020610046120,2020,610046120,1,8,0,1,1,1,5,0,0,1,0,0,0,2,2,1,1,1,1,54,8,1798,8,4,TOYOTA AURIS,6,E01014614,0,-1
202031D100420,2020,31D100420,2,8,0,3,3,6,2,0,0,1,0,0,0,0,3,1,1,1,1,-1,-1,1797,8,5,TOYOTA AURIS,7,E01028157,0,-1
2020201015575,2020,201015575,2,9,0,18,19,3,7,0,0,8,0,0,0,0,4,1,6,6,1,46,8,1998,2,12,TOYOTA AURIS,1,E01009585,0,-1
2020137871278,2020,137871278,2,9,0,7,7,5,7,0,0,0,0,0,0,0,3,1,6,6,1,52,8,1797,8,9,TOYOTA AURIS,2,E01010806,0,-1
2020010247946,2020,010247946,1,9,0,99,99,9,9,99,99,9,9,99,9,99,2,9,6,6,1,42,7,1797,8,5,TOYOTA AURIS,5,E01015818,0,-1
2020101000500,2020,101000500,1,9,0,15,15,4,8,0,0,1,0,0,0,0,1,1,6,6,1,28,6,1398,1,12,TOYOTA AURIS,1,E01008596,0,-1
2020010270162,2020,010270162,1,9,0,18,19,3,7,0,0,1,0,0,0,0,2,1,6,6,2,44,7,1598,1,12,TOYOTA AURIS,1,E01003511,0,-1
2020137A20303,2020,137A20303,1,9,0,18,19,7,3,0,0,0,0,0,0,0,1,1,6,6,1,38,7,1798,8,3,TOYOTA AURIS,1,E01010623,0,-1
2020010277090,2020,010277090,2,9,0,5,5,4,8,0,0,1,0,10,0,0,2,1,2,2,1,36,7,1797,8,5,TOYOTA AURIS,5,E01024138,0,-1
2020440391609,2020,440391609,1,9,0,18,19,8,4,0,0,1,0,0,0,0,4,1,1,1,1,24,5,1797,8,5,TOYOTA AURIS,1,E01017274,0,-1
2020010231137,2020,010231137,1,9,0,5,5,0,7,0,0,0,0,0,0,0,0,1,6,6,1,67,10,1598,1,7,TOYOTA AURIS,3,E01000577,0,-1
202006Q169739,2020,06Q169739,2,8,0,18,19,5,1,0,0,2,0,0,0,0,1,1,1,1,1,49,8,1797,8,10,TOYOTA AURIS,3,E01005435,0,-1
2020410994510,2020,410994510,2,9,0,5,5,7,3,0,0,1,1,4,7,0,1,1,5,6,1,42,7,1364,2,12,TOYOTA AURIS,4,E01015786,0,-1
2020460927167,2020,460927167,2,9,0,4,4,3,7,0,0,0,0,0,1,0,2,1,1,1,1,29,6,1598,1,8,TOYOTA AURIS,9,E01024338,0,-1
2020420983727,2020,420983727,2,9,0,3,3,3,7,0,0,3,0,0,0,0,2,1,1,1,2,41,7,1798,8,2,TOYOTA AURIS,2,E01021638,0,-1
2020010238074,2020,010238074,1,9,0,9,9,4,3,0,0,1,0,0,0,0,1,1,1,1,1,50,8,1798,8,2,TOYOTA AURIS,2,E01004435,0,-1
2020010261244,2020,010261244,1,8,0,99,99,9,9,99,99,9,9,99,9,99,2,9,6,6,1,33,6,1798,8,2,TOYOTA AURIS,2,E01001079,0,-1
202006Q172401,2020,06Q172401,1,9,0,18,19,7,3,0,0,0,0,0,0,0,4,1,6,6,1,36,7,1797,8,6,TOYOTA AURIS,2,E01005430,0,-1
2020440400408,2020,440400408,1,9,0,7,7,6,8,0,0,8,0,0,0,0,3,1,6,6,1,70,10,1798,8,3,TOYOTA AURIS,10,E01022726,0,-1
202031C075820,2020,31C075820,1,8,0,1,1,7,3,0,0,0,0,0,0,0,2,1,1,1,1,-1,-1,1798,8,4,TOYOTA AURIS,1,E01013959,0,-1
2020990932894,2020,990932894,1,9,0,17,19,3,7,0,0,0,1,0,7,7,4,1,6,6,1,57,9,1598,1,9,TOYOTA AURIS,7,-1,0,-1
202006K267777,2020,06K267777,2,9,0,9,9,7,5,0,0,8,0,0,0,0,3,1,6,6,1,31,6,1998,2,12,TOYOTA AURIS,2,E01004865,0,-1
2020137730229,2020,137730229,1,8,0,9,9,7,4,8,6,0,0,0,0,0,3,1,1,1,1,63,9,1797,8,8,TOYOTA AURIS,1,E01011140,0,-1
2020200982309,2020,200982309,1,9,0,18,19,5,1,0,0,8,0,0,0,0,1,1,6,6,1,30,6,1798,8,4,TOYOTA AURIS,7,E01009251,0,-1
2020010259651,2020,010259651,2,9,0,99,99,9,9,99,99,9,9,99,9,99,1,9,6,6,1,45,7,1798,8,1,TOYOTA AURIS,2,E01001491,0,-1
2020010236139,2020,010236139,2,9,4,99,99,9,9,99,99,9,9,99,9,99,1,9,6,6,3,-1,-1,1797,8,5,TOYOTA AURIS,5,E01004307,0,-1
2020010268871,2020,010268871,2,9,0,5,5,3,7,0,0,6,1,10,7,11,4,1,2,2,1,43,7,1798,8,2,TOYOTA AURIS,7,E01002871,0,-1
202006J375530,2020,06J375530,1,9,0,7,7,5,7,0,0,1,0,0,0,0,2,1,6,6,1,37,7,1598,1,6,TOYOTA AURIS,2,E01005221,0,-1
2020500954443,2020,500954443,2,9,0,4,4,5,1,0,0,0,0,0,0,0,1,1,6,6,1,36,7,1798,8,2,TOYOTA AURIS,6,E01020108,0,-1
2020200929051,2020,200929051,1,9,0,18,19,2,6,0,0,3,0,0,0,0,1,1,6,6,1,41,7,1329,1,11,TOYOTA AURIS,1,E01009147,0,-1
2020010250631,2020,010250631,2,9,0,18,19,3,7,0,0,8,0,0,0,0,4,1,6,6,1,41,7,1798,8,4,TOYOTA AURIS,7,E01002944,0,-1
2020450962431,2020,450962431,4,9,0,2,2,0,0,0,0,0,0,0,0,0,2,1,6,6,1,35,6,1598,1,12,TOYOTA AURIS,8,E01030735,0,-1
2020990966445,2020,990966445,1,9,0,9,9,6,2,0,0,5,0,0,0,0,3,1,5,6,1,72,10,1798,8,3,TOYOTA AURIS,1,-1,0,-1
2020170H10150,2020,170H10150,1,9,0,9,9,6,3,0,0,3,0,0,0,0,4,1,6,6,1,28,6,1329,1,10,TOYOTA AURIS,10,E01012298,0,-1
2020451007265,2020,451007265,1,9,0,5,5,5,1,0,0,0,0,0,0,0,1,1,2,2,1,40,7,1797,8,6,TOYOTA AURIS,6,E01030600,0,-1
2020010266699,2020,010266699,2,9,0,99,99,9,9,99,99,9,9,99,9,99,1,9,6,6,3,-1,-1,1797,8,6,TOYOTA AURIS,-1,-1,0,-1
2020450990611,2020,450990611,2,9,0,9,9,5,1,0,0,6,0,0,0,0,1,1,1,1,1,39,7,1798,8,2,TOYOTA AURIS,7,E01000993,0,-1
2020010269832,2020,010269832,1,9,0,5,5,3,7,0,0,8,0,11,0,0,1,1,6,6,1,46,8,1797,8,6,TOYOTA AURIS,3,E01003372,0,-1
2020010234220,2020,010234220,1,8,0,99,99,9,9,99,99,9,9,99,9,99,1,9,6,6,1,49,8,1798,8,4,TOYOTA AURIS,3,E01001493,0,-1
2020010262973,2020,010262973,2,9,9,99,99,9,9,99,99,9,9,99,9,99,9,9,6,6,1,-1,-1,1998,2,13,TOYOTA AURIS,-1,-1,0,-1
202006A169384,2020,06A169384,2,9,0,18,19,3,7,0,0,8,0,0,0,0,2,1,1,1,1,32,6,1798,8,3,TOYOTA AURIS,2,E01033686,0,-1
2020522002378,2020,522002378,1,9,0,3,3,5,1,0,0,1,0,0,0,0,2,1,6,6,2,46,8,1797,8,9,TOYOTA AURIS,9,E01014851,0,-1
2020010243354,2020,010243354,2,9,0,9,9,1,7,0,0,1,0,0,0,0,1,1,1,1,1,57,9,1798,8,4,TOYOTA AURIS,8,E01031620,0,-1
2020430278283,2020,430278283,2,9,0,4,4,8,4,0,0,0,0,0,0,0,2,1,6,6,1,36,7,1364,2,7,TOYOTA AURIS,5,E01016500,0,-1
2020500928152,2020,500928152,2,9,0,18,19,7,3,0,0,0,0,0,0,0,1,1,6,6,2,51,8,1364,2,7,TOYOTA AURIS,4,E01019054,0,-1
2020410926775,2020,410926775,1,9,0,15,15,1,4,0,0,8,0,0,2,2,1,1,5,6,1,35,6,1798,8,5,TOYOTA AURIS,8,E01027141,0,-1
2020040941761,2020,040941761,2,9,0,18,19,7,3,0,0,8,0,0,0,0,4,1,2,2,1,56,9,1598,1,12,TOYOTA AURIS,2,E01012608,0,-1
2020450920144,2020,450920144,1,9,0,18,19,8,4,0,0,8,0,0,0,0,1,1,5,6,2,53,8,1797,8,5,TOYOTA AURIS,7,E01030465,0,-1
2020010245653,2020,010245653,3,9,0,2,2,0,0,0,0,1,0,0,0,0,1,1,6,6,3,-1,-1,1797,8,6,TOYOTA AURIS,-1,-1,0,-1
2020350973028,2020,350973028,1,9,0,5,5,5,5,0,0,0,0,0,0,0,0,1,5,6,2,54,8,1329,1,10,TOYOTA AURIS,6,E01017973,0,-1
202006K167778,2020,06K167778,1,9,0,18,19,8,4,0,0,2,0,0,0,0,1,1,6,6,1,46,8,1598,1,13,TOYOTA AURIS,2,E01004852,0,-1
2020470968616,2020,470968616,1,9,0,18,19,3,7,0,0,2,0,0,0,0,1,1,5,6,2,36,7,1598,1,11,TOYOTA AURIS,7,E01031813,0,-1
2020221004052,2020,221004052,1,9,0,4,4,8,4,0,0,8,0,0,0,0,2,1,5,6,1,32,6,1998,2,12,TOYOTA AURIS,1,E01032252,0,-1
2020010262463,2020,010262463,5,9,0,18,19,4,8,0,0,2,0,0,0,0,3,1,6,6,1,64,9,1798,8,3,TOYOTA AURIS,2,E01002080,0,-1
202006J171559,2020,06J171559,1,9,0,9,9,4,2,0,0,5,0,0,0,0,0,1,1,1,1,36,7,1798,8,5,TOYOTA AURIS,2,E01005238,0,-1
2020302000331,2020,302000331,1,9,0,15,15,8,4,0,0,0,0,0,0,0,3,1,6,6,1,56,9,1197,1,3,TOYOTA AURIS,10,E01032614,0,-1