collision_index,collision_year,collision_ref_no,vehicle_reference,vehicle_type,towing_and_articulation,vehicle_manoeuvre_historic,vehicle_manoeuvre,vehicle_direction_from,vehicle_direction_to,vehicle_location_restricted_lane_historic,vehicle_location_restricted_lane,junction_location,skidding_and_overturning,hit_object_in_carriageway,vehicle_leaving_carriageway,hit_object_off_carriageway,first_point_of_impact,vehicle_left_hand_drive,journey_purpose_of_driver_historic,journey_purpose_of_driver,sex_of_driver,age_of_driver,age_band_of_driver,engine_capacity_cc,propulsion_code,age_of_vehicle,generic_make_model,driver_imd_decile,lsoa_of_driver,escooter_flag,driver_distance_banding
2020010248694,2020,010248694,1,9,0,3,3,1,5,0,0,2,0,0,0,0,1,1,6,6,1,32,6,1984,1,13,AUDI TT,9,E01003271,0,-1
2020470977251,2020,470977251,1,9,0,11,11,1,4,0,0,0,0,0,0,0,0,1,2,2,1,57,9,1781,1,19,AUDI TT,8,E01031707,0,-1
2020990943560,2020,990943560,1,9,0,18,19,2,6,0,0,0,0,0,7,4,3,1,5,6,1,32,6,2480,1,7,AUDI TT,9,-1,0,-1
2020410932301,2020,410932301,2,9,0,18,19,4,2,0,0,2,0,0,0,0,1,1,1,1,1,55,8,1781,1,17,AUDI TT,7,E01023382,0,-1
2020990998106,2020,990998106,3,9,0,18,19,8,4,0,0,0,0,0,0,0,4,1,5,6,1,54,8,1781,1,19,AUDI TT,7,-1,0,-1
2020010261922,2020,010261922,1,9,0,99,99,9,9,99,99,9,9,99,9,99,1,9,6,6,2,28,6,1984,1,13,AUDI TT,2,E01002217,0,-1
2020010263704,2020,010263704,2,9,0,99,99,9,9,99,99,9,9,99,9,99,1,9,6,6,3,27,6,1798,1,6,AUDI TT,9,E01001018,0,-1
2020530982773,2020,530982773,1,9,0,5,5,3,5,0,0,4,0,0,0,0,1,1,6,6,2,-1,-1,1781,1,19,AUDI TT,6,E01022126,0,-1
2020552000953,2020,552000953,2,9,0,2,2,0,0,0,0,0,0,0,0,0,2,1,6,6,3,-1,-1,1781,1,19,AUDI TT,-1,-1,0,-1
2020450990381,2020,450990381,2,9,0,18,19,3,1,0,0,3,0,0,0,0,1,1,6,6,1,34,6,1781,1,17,AUDI TT,7,E01030515,0,-1
2020420971493,2020,420971493,3,9,0,4,4,6,2,0,0,0,0,0,0,0,2,1,6,6,2,54,8,1984,1,6,AUDI TT,9,E01021826,0,-1
2020010230998,2020,010230998,1,9,0,99,99,9,9,99,99,9,9,99,9,99,1,9,6,6,3,29,6,1781,1,17,AUDI TT,8,E01003807,0,-1
2020220919985,2020,220919985,2,9,0,5,5,6,2,0,0,1,0,0,0,0,1,1,2,2,1,24,5,1781,1,20,AUDI TT,7,E01014002,0,-1
2020460972930,2020,460972930,2,9,0,8,8,5,1,0,0,0,0,0,7,0,2,1,5,6,2,51,8,1984,1,12,AUDI TT,9,E01024438,0,-1
2020522001743,2020,522001743,1,9,0,18,19,7,3,0,0,8,0,7,1,6,1,1,6,6,1,30,6,1781,1,16,AUDI TT,1,E01014727,0,-1
2020201014182,2020,201014182,2,9,0,18,19,7,3,0,0,0,0,0,0,0,3,1,6,6,1,24,5,1968,2,12,AUDI TT,1,E01008905,0,-1
2020320256211,2020,320256211,1,9,0,18,19,7,3,0,0,0,0,0,0,0,1,1,2,2,1,49,8,1984,1,14,AUDI TT,2,E01026006,0,-1
2020420957158,2020,420957158,2,9,0,4,4,5,1,0,0,0,0,0,0,0,2,1,6,6,2,57,9,1984,1,11,AUDI TT,-1,-1,0,-1
2020010255950,2020,010255950,2,9,0,18,19,3,7,0,0,2,0,0,0,0,1,1,6,6,3,-1,-1,1984,1,4,AUDI TT,-1,-1,0,-1
2020010229796,2020,010229796,1,9,0,18,19,5,1,0,0,0,0,0,0,0,4,1,6,6,1,28,6,1968,2,9,AUDI TT,-1,-1,0,-1
2020530998065,2020,530998065,2,9,0,5,5,3,7,0,0,0,0,0,0,0,3,1,6,6,2,46,8,1984,1,7,AUDI TT,2,E01022160,0,-1
2020500995354,2020,500995354,1,9,0,7,7,1,7,0,0,1,0,0,0,0,0,1,6,6,3,-1,-1,1781,1,16,AUDI TT,-1,-1,0,-1
2020990961205,2020,990961205,1,9,0,9,9,4,3,0,0,5,0,0,0,0,4,1,2,2,2,25,5,1781,1,17,AUDI TT,7,-1,0,-1
2020170S11360,2020,170S11360,2,9,0,1,1,5,1,0,0,8,0,0,0,0,2,1,6,6,2,39,7,1984,1,13,AUDI TT,5,E01012218,0,-1
2020410941661,2020,410941661,1,9,0,7,7,8,4,0,0,1,5,10,7,9,1,1,6,6,2,33,6,1781,1,16,AUDI TT,9,E01023426,0,-1
2020460978001,2020,460978001,1,9,0,9,9,6,4,0,0,2,0,0,0,0,1,1,5,6,1,20,4,1781,1,19,AUDI TT,7,E01024637,0,-1
2020010261878,2020,010261878,1,9,0,18,19,6,2,0,0,0,0,0,0,0,1,1,1,1,1,35,6,3189,1,14,AUDI TT,3,E01001728,0,-1
2020070045444,2020,070045444,1,9,0,4,4,2,6,0,0,0,0,0,0,0,2,1,2,2,2,28,6,1968,2,9,AUDI TT,5,E01012635,0,-1
2020010264951,2020,010264951,2,9,0,4,4,3,7,0,0,0,0,0,0,0,2,1,6,6,2,27,6,1968,2,8,AUDI TT,5,E01002591,0,-1
2020990939297,2020,990939297,1,9,0,7,7,4,7,9,9,4,0,0,0,0,4,1,2,2,1,48,8,1781,1,18,AUDI TT,4,-1,0,-1
2020010281001,2020,010281001,1,9,0,9,9,4,3,0,0,5,0,0,0,0,1,1,6,6,2,53,8,1984,1,9,AUDI TT,5,E01000994,0,-1
2020420984699,2020,420984699,2,9,0,18,19,1,6,0,0,0,1,0,4,6,1,1,5,6,2,57,9,1781,1,15,AUDI TT,3,E01000092,0,-1
2020201000274,2020,201000274,2,9,0,1,1,8,4,0,0,1,0,0,0,0,2,1,6,6,3,39,7,1781,1,15,AUDI TT,7,E01010436,0,-1
2020471010803,2020,471010803,1,9,0,1,1,7,3,0,0,1,0,0,0,0,0,1,6,6,1,60,9,1984,1,12,AUDI TT,7,E01030872,0,-1
2020552000393,2020,552000393,3,9,0,4,4,6,2,0,0,0,0,0,0,0,2,1,6,6,1,59,9,1798,1,7,AUDI TT,6,E01031509,0,-1
2020010228939,2020,010228939,2,9,0,99,99,9,9,99,99,1,9,99,9,99,9,9,6,6,3,-1,-1,1781,1,18,AUDI TT,-1,-1,0,-1
2020522000834,2020,522000834,1,9,0,18,19,5,1,0,0,8,0,0,0,0,4,1,6,6,2,54,8,1798,1,11,AUDI TT,6,E01014392,0,-1
2020010285171,2020,010285171,3,9,0,9,9,2,7,0,0,8,0,0,0,0,1,1,6,6,1,28,6,1984,1,13,AUDI TT,5,W01001938,0,-1
2020460965972,2020,460965972,2,9,0,4,4,5,1,0,0,1,0,0,0,0,2,1,5,6,1,71,10,1984,1,13,AUDI TT,6,E01024703,0,-1
2020010268110,2020,010268110,1,9,0,18,19,1,5,0,0,1,0,0,0,0,1,1,6,6,2,41,7,1984,1,12,AUDI TT,5,E01001164,0,-1
2020070185535,2020,070185535,2,9,0,3,3,0,0,0,0,1,0,0,0,0,2,1,6,6,2,46,8,1968,2,9,AUDI TT,5,E01018480,0,-1
2020010281656,2020,010281656,3,9,0,18,19,7,3,0,0,8,0,0,0,0,1,1,6,6,3,-1,-1,3189,1,16,AUDI TT,-1,-1,0,-1
2020052002381,2020,052002381,2,9,0,8,8,1,3,0,0,1,0,0,0,0,3,1,6,6,1,47,8,1781,1,17,AUDI TT,5,E01006474,0,-1
2020210935722,2020,210935722,5,9,0,18,19,1,5,0,0,0,0,0,0,0,2,1,6,6,1,45,7,1968,2,11,AUDI TT,8,E01018609,0,-1
2020520002970,2020,520002970,2,9,0,8,8,4,6,0,0,8,0,0,0,0,4,1,6,6,3,-1,-1,1968,2,12,AUDI TT,-1,-1,0,-1
2020500976983,2020,500976983,1,9,0,9,9,3,1,0,0,8,0,0,0,0,1,1,6,6,1,34,6,1781,1,18,AUDI TT,4,E01018812,0,-1
2020990987804,2020,990987804,1,9,0,13,13,2,6,0,0,0,0,0,0,0,1,1,5,6,2,67,10,1984,1,13,AUDI TT,3,-1,0,-1
2020041010260,2020,041010260,3,9,0,18,19,5,1,0,0,1,0,0,0,0,0,1,5,6,2,52,8,1984,1,13,AUDI TT,6,E01025338,0,-1
2020522003924,2020,522003924,1,9,0,18,19,7,3,0,0,0,0,0,0,0,2,1,6,6,1,25,5,1781,1,17,AUDI TT,2,E01014601,0,-1
2020460984203,2020,460984203,2,9,0,2,2,0,0,0,0,2,0,0,0,0,1,1,6,6,3,-1,-1,1781,1,18,AUDI TT,-1,-1,0,-1
2020230944003,2020,230944003,2,9,0,18,19,6,2,0,0,0,0,0,0,0,2,1,5,6,2,53,8,1968,2,6,AUDI TT,7,E01025954,0,-1
202031D126820,2020,31D126820,2,9,0,9,9,8,5,0,0,5,0,0,0,0,3,1,6,6,2,25,5,1798,1,8,AUDI TT,10,E01032614,0,-1
2020010270080,2020,010270080,1,9,0,99,99,9,9,99,99,9,9,99,9,99,1,9,6,6,2,27,6,1781,1,16,AUDI TT,3,E01004030,0,-1
2020430249756,2020,430249756,1,9,0,18,19,2,6,0,0,0,1,0,1,11,1,1,6,6,1,37,7,1984,1,12,AUDI TT,6,E01017934,0,-1
2020420987577,2020,420987577,1,9,0,18,19,7,5,0,0,0,0,0,0,0,1,1,6,6,1,-1,-1,1781,1,15,AUDI TT,3,E01021321,0,-1
2020622000716,2020,622000716,2,9,0,3,3,3,7,0,0,1,0,0,0,0,2,1,6,6,2,28,6,1984,1,3,AUDI TT,4,W01001957,0,-1
2020010256433,2020,010256433,2,9,0,18,19,5,1,0,0,1,0,0,1,10,3,1,6,6,1,34,6,1798,1,6,AUDI TT,2,E01003600,0,-1
2020460987158,2020,460987158,1,9,0,16,19,5,1,0,0,1,1,0,7,11,1,1,5,6,1,35,6,3189,1,16,AUDI TT,1,E01024618,0,-1
2020500963139,2020,500963139,1,9,0,16,19,1,5,0,0,0,1,0,0,0,3,1,5,6,2,24,5,1984,1,13,AUDI TT,4,E01015142,0,-1
2020430029416,2020,430029416,1,9,0,18,19,4,8,0,0,0,1,10,1,11,1,1,2,2,1,48,8,1781,1,19,AUDI TT,4,E01016481,0,-1
2020430079553,2020,430079553,1,9,0,18,19,8,4,0,0,4,1,0,0,0,2,1,6,6,2,30,6,1968,2,3,AUDI TT,9,E01016237,0,-1
2020432003667,2020,432003667,1,9,0,18,19,9,9,0,0,8,0,0,0,0,1,1,6,6,1,-1,-1,1781,1,19,AUDI TT,-1,-1,0,-1
2020410998249,2020,410998249,1,9,0,2,2,0,0,6,6,0,0,0,0,0,3,1,6,6,1,46,8,1984,1,10,AUDI TT,10,E01023503,0,-1
2020450945634,2020,450945634,1,9,0,18,19,8,2,0,0,4,1,0,1,11,1,1,5,6,1,45,7,1781,1,20,AUDI TT,7,E01022592,0,-1
2020450968858,2020,450968858,1,9,0,11,11,6,2,0,0,0,0,0,0,0,2,1,5,6,1,25,5,1781,1,17,AUDI TT,6,E01014960,0,-1
2020400940106,2020,400940106,2,9,0,18,19,4,8,0,0,0,0,0,0,0,1,1,6,6,2,30,6,1968,2,7,AUDI TT,8,E01023875,0,-1
2020010265855,2020,010265855,4,9,0,2,2,0,0,0,0,0,0,10,0,0,1,1,6,6,3,-1,-1,1984,1,9,AUDI TT,-1,-1,0,-1
2020040974025,2020,040974025,1,9,0,18,19,3,7,0,0,1,0,0,0,0,4,1,5,6,1,27,6,1984,1,13,AUDI TT,2,E01012709,0,-1
2020990977939,2020,990977939,1,9,0,18,19,3,7,0,0,0,0,0,1,0,1,1,5,6,1,23,5,1984,1,13,AUDI TT,6,-1,0,-1
2020420978454,2020,420978454,2,9,0,18,19,5,1,0,0,1,0,0,0,0,1,1,5,6,1,30,6,1781,1,19,AUDI TT,10,E01023449,0,-1
2020210926376,2020,210926376,1,9,0,17,19,5,2,0,0,2,0,0,0,0,1,1,6,6,1,41,7,1781,1,15,AUDI TT,5,E01029774,0,-1
2020450931114,2020,450931114,1,9,0,18,19,1,5,0,0,0,0,0,0,0,1,1,5,6,1,46,8,1984,1,10,AUDI TT,10,E01030376,0,-1
2020460991788,2020,460991788,1,9,0,4,4,5,1,0,0,8,0,0,0,0,1,1,6,6,1,41,7,1984,1,13,AUDI TT,1,E01016111,0,-1
2020990977635,2020,990977635,4,9,0,9,9,8,6,0,0,0,0,0,0,0,3,2,6,6,1,55,8,1984,1,7,AUDI TT,4,-1,0,-1
2020530990916,2020,530990916,2,9,0,18,19,6,2,0,0,8,0,0,0,0,1,1,5,6,2,53,8,1798,1,2,AUDI TT,8,E01004386,0,-1
2020622000425,2020,622000425,1,9,0,18,19,8,4,0,0,1,1,0,0,0,1,1,6,6,1,51,8,1984,1,13,AUDI TT,9,W01000998,0,-1
2020420996769,2020,420996769,1,9,0,18,19,7,3,0,0,0,0,0,0,0,1,1,2,2,1,58,9,1781,1,17,AUDI TT,9,E01021781,0,-1
2020320302502,2020,320302502,1,9,0,18,19,5,1,0,0,0,5,7,0,0,3,1,6,6,2,59,9,1984,1,5,AUDI TT,5,E01026034,0,-1
2020350969794,2020,350969794,2,9,0,2,2,0,0,0,0,2,0,0,0,0,2,1,5,6,3,30,6,1984,1,12,AUDI TT,-1,-1,0,-1
202006K171848,2020,06K171848,2,9,0,18,19,3,7,0,0,1,0,0,7,0,1,1,6,6,2,42,7,1781,1,15,AUDI TT,8,E01004783,0,-1
2020302000462,2020,302000462,2,9,0,18,19,6,2,0,0,1,0,0,0,0,0,1,6,6,1,19,4,1984,1,12,AUDI TT,5,E01019658,0,-1
2020420983333,2020,420983333,1,9,0,4,4,3,3,0,0,0,0,0,0,0,1,1,2,2,1,48,8,1781,1,20,AUDI TT,8,E01021371,0,-1
2020460992036,2020,460992036,1,9,0,18,19,1,5,0,0,1,0,0,0,0,1,1,6,6,1,37,7,3189,1,14,AUDI TT,-1,-1,0,-1
2020420962831,2020,420962831,1,9,0,18,19,7,3,0,0,0,0,0,8,0,1,1,5,6,1,28,6,1984,1,10,AUDI TT,9,E01021721,0,-1
2020137B31591,2020,137B31591,2,9,0,18,19,1,5,0,0,0,0,0,0,0,4,1,6,6,2,-1,-1,1798,1,7,AUDI TT,4,E01010791,0,-1
2020400928620,2020,400928620,1,9,0,18,19,1,1,0,0,1,0,0,0,0,3,1,6,6,1,43,7,1968,2,10,AUDI TT,3,E01015801,0,-1
2020010271418,2020,010271418,2,9,0,18,19,4,8,1,1,1,1,0,0,0,1,1,6,6,2,51,8,1984,1,13,AUDI TT,3,E01003431,0,-1
2020210923657,2020,210923657,2,9,0,18,19,1,5,0,0,0,0,0,2,0,1,1,1,1,2,47,8,1968,2,7,AUDI TT,4,E01008955,0,-1
2020040941878,2020,040941878,3,9,0,3,3,7,3,0,0,1,0,0,0,0,2,1,2,2,2,67,10,1781,1,17,AUDI TT,4,E01025544,0,-1
20201379E2007,2020,1379E2007,2,9,0,18,19,3,7,0,0,0,1,0,0,0,1,1,6,6,1,19,4,1781,1,19,AUDI TT,1,E01011899,0,-1
2020010242679,2020,010242679,1,9,0,18,19,5,1,0,0,1,0,0,0,0,1,1,6,6,1,55,8,1984,1,9,AUDI TT,10,E01030378,0,-1
2020220984052,2020,220984052,2,9,0,4,4,7,3,0,0,1,0,0,0,0,1,1,6,6,1,22,5,1968,2,10,AUDI TT,6,E01031188,0,-1
2020371014173,2020,371014173,1,9,5,18,19,5,1,0,0,0,1,0,7,0,4,1,5,6,1,23,5,1781,1,21,AUDI TT,4,E01030236,0,-1
2020320568864,2020,320568864,1,9,0,17,19,4,1,0,0,0,1,0,7,9,3,1,6,6,2,56,9,1984,1,1,AUDI TT,5,E01026054,0,-1
2020530970680,2020,530970680,3,9,0,18,19,1,5,0,0,1,0,0,0,0,1,1,5,6,2,47,8,1781,1,15,AUDI TT,7,E01022252,0,-1
2020140929111,2020,140929111,1,9,0,18,19,7,3,0,0,0,1,0,4,0,3,1,1,1,1,54,8,1798,1,7,AUDI TT,4,E01007641,0,-1
2020470950172,2020,470950172,2,9,0,18,19,4,8,0,0,0,0,0,0,0,1,1,5,6,1,23,5,1968,2,7,AUDI TT,7,E01031488,0,-1
2020010247423,2020,010247423,2,9,0,2,2,0,0,0,0,0,0,4,0,0,1,1,6,6,3,-1,-1,1984,1,13,AUDI TT,-1,-1,0,-1
2020460976073,2020,460976073,1,9,0,18,19,5,1,0,0,0,0,10,0,0,4,1,2,2,1,50,8,1781,1,17,AUDI TT,6,E01023985,0,-1
2020420986613,2020,420986613,3,9,0,4,4,2,3,0,0,0,0,0,0,0,2,1,6,6,1,26,6,1984,1,10,AUDI TT,9,E01021681,0,-1
2020010274145,2020,010274145,2,9,0,99,99,9,9,0,0,0,0,0,0,0,9,1,6,6,1,-1,-1,1781,1,15,AUDI TT,-1,-1,0,-1
2020101006509,2020,101006509,2,9,0,-1,-1,5,3,-1,-1,-1,-1,-1,-1,0,-1,1,6,6,1,40,7,1798,1,3,AUDI TT,9,E01027439,0,-1
2020122000646,2020,122000646,1,9,0,3,3,6,2,0,0,0,0,0,0,0,2,1,6,6,1,36,7,1781,1,18,AUDI TT,3,E01013447,0,-1
2020010276703,2020,010276703,1,9,0,4,4,1,5,0,0,2,0,0,0,0,1,1,6,6,1,68,10,3189,1,12,AUDI TT,-1,-1,0,-1
2020460924759,2020,460924759,1,9,0,9,9,2,7,0,0,6,0,0,0,0,1,1,6,6,1,55,8,1984,1,12,AUDI TT,10,E01024068,0,-1
2020010243110,2020,010243110,1,9,0,18,19,5,1,9,9,1,0,0,1,10,1,1,6,6,1,51,8,1781,1,20,AUDI TT,-1,-1,0,-1
2020230956059,2020,230956059,1,9,0,7,7,5,7,0,0,4,0,0,0,0,3,1,5,6,1,59,9,1798,1,7,AUDI TT,5,E01032414,0,-1
2020430021066,2020,430021066,1,9,0,18,19,1,5,0,0,0,0,0,0,0,1,1,6,6,1,21,5,1984,1,13,AUDI TT,8,E01028715,0,-1
2020530955941,2020,530955941,1,9,0,18,19,2,8,0,0,0,0,0,0,0,1,1,6,6,2,79,11,1968,2,12,AUDI TT,9,E01022183,0,-1
2020460943007,2020,460943007,2,9,0,10,10,6,2,0,0,0,0,0,0,0,2,1,5,6,1,46,8,1984,1,13,AUDI TT,7,E01024727,0,-1
2020230924354,2020,230924354,1,9,0,9,9,2,8,0,0,6,0,0,0,0,1,1,5,6,3,35,6,1984,1,5,AUDI TT,-1,-1,0,-1
2020460938610,2020,460938610,2,9,0,3,3,5,6,0,0,0,0,0,0,0,2,1,5,6,2,52,8,1984,1,13,AUDI TT,5,E01024202,0,-1
2020552000920,2020,552000920,2,9,0,18,19,3,7,0,0,0,0,0,0,0,1,1,2,2,1,28,6,1984,1,12,AUDI TT,7,E01020492,0,-1
2020010260934,2020,010260934,1,9,0,99,99,9,9,99,99,0,9,99,9,99,2,9,6,6,1,36,7,1984,1,5,AUDI TT,3,E01000108,0,-1
2020552000326,2020,552000326,2,9,0,18,19,1,5,0,0,0,0,0,0,0,1,1,6,6,1,58,9,1781,1,18,AUDI TT,7,E01015425,0,-1
2020470988527,2020,470988527,1,9,0,4,4,7,3,0,0,0,0,0,0,0,3,1,2,2,2,33,6,1968,2,10,AUDI TT,4,E01021131,0,-1
2020522003056,2020,522003056,1,3,0,18,19,8,4,0,0,8,0,0,0,0,4,1,6,6,1,32,6,798,1,27,-1,7,E01011767,0,-1
202054C559420,2020,54C559420,1,3,0,18,19,1,5,0,0,3,2,0,0,0,0,1,6,6,1,17,4,125,1,3,-1,9,E01015482,0,-1
2020030945934,2020,030945934,1,4,0,9,9,1,3,0,0,5,0,0,0,0,1,1,6,6,1,45,7,249,1,4,-1,3,E01019194,0,-1
2020552000230,2020,552000230,1,3,0,18,19,6,2,0,0,0,1,0,0,0,1,1,2,2,2,49,8,125,1,3,-1,2,E01015277,0,-1
2020500927284,2020,500927284,1,9,0,18,19,1,5,0,0,0,0,0,0,0,1,1,6,6,3,-1,-1,1298,1,16,-1,-1,-1,0,-1
2020549473620,2020,549473620,2,5,0,18,19,8,4,0,0,1,0,0,0,0,4,1,6,6,1,52,8,955,1,3,DUCATI 899 PANIGALE,10,E01022504,0,-1
2020302000623,2020,302000623,2,5,0,17,19,7,3,0,0,0,0,4,1,0,3,1,6,6,1,36,7,898,1,7,DUCATI 899 PANIGALE,3,E01011222,0,-1
2020430232286,2020,430232286,1,5,0,18,19,7,3,0,0,0,0,0,0,0,1,1,6,6,1,60,9,898,1,6,DUCATI 899 PANIGALE,6,E01017717,0,-1
2020320321920,2020,320321920,1,5,0,13,13,7,3,0,0,1,0,0,7,10,1,1,6,6,1,41,7,898,1,6,DUCATI 899 PANIGALE,9,E01026186,0,-1
2020500993983,2020,500993983,1,5,0,18,19,5,1,0,0,8,0,0,0,0,1,1,6,6,1,33,6,955,1,3,DUCATI 899 PANIGALE,4,E01001047,0,-1
2020200946956,2020,200946956,1,5,0,13,13,5,1,0,0,0,0,10,0,0,4,1,6,6,1,46,8,898,1,6,DUCATI 899 PANIGALE,6,E01028842,0,-1
2020302001036,2020,302001036,1,3,0,18,19,2,6,0,0,1,0,0,0,0,3,1,1,1,1,24,5,898,1,5,-1,3,E01019810,0,-1
2020070583185,2020,070583185,1,5,0,18,19,3,7,0,0,0,1,0,0,0,4,1,6,6,1,51,8,955,1,4,DUCATI 899 PANIGALE,3,E01006831,0,-1
2020010233403,2020,010233403,1,5,0,18,19,7,3,0,0,8,0,0,1,0,3,1,2,2,1,37,7,898,1,6,DUCATI 899 PANIGALE,6,E01000584,0,-1
2020500948684,2020,500948684,1,5,0,13,13,3,7,0,0,1,0,0,0,0,3,1,5,6,1,40,7,898,1,5,DUCATI 899 PANIGALE,2,E01015194,0,-1
2020990945534,2020,990945534,2,5,0,18,19,2,6,0,0,1,0,0,0,0,1,1,5,6,1,45,7,955,1,3,DUCATI 899 PANIGALE,10,-1,0,-1
2020340K05312,2020,340K05312,2,5,0,18,19,5,1,0,0,1,0,0,0,0,3,1,6,6,1,46,8,1690,1,3,-1,2,E01027128,0,-1
20201375J1207,2020,1375J1207,2,5,0,12,12,7,3,0,0,0,5,0,0,0,1,1,6,6,1,72,10,1340,1,21,-1,7,E01011827,0,-1
2020370974537,2020,370974537,2,3,0,18,19,7,3,0,0,1,0,0,0,0,1,1,1,1,1,22,5,125,1,6,-1,6,E01030135,0,-1
2020361015612,2020,361015612,2,4,0,18,19,3,7,0,0,1,0,0,0,0,1,1,5,6,1,27,6,125,1,7,-1,1,E01026798,0,-1
2020010245703,2020,010245703,1,3,0,99,99,9,9,99,99,9,9,99,9,99,9,-1,6,6,1,39,7,125,1,5,-1,1,E01004428,0,-1
2020137BN0796,2020,137BN0796,2,3,0,18,19,2,6,0,0,8,5,0,0,0,1,1,6,6,1,24,5,125,1,8,-1,9,E01010589,0,-1
2020010243314,2020,010243314,2,3,0,3,3,1,5,0,0,1,0,0,0,0,4,1,6,6,1,35,6,125,1,7,-1,7,E01003371,0,-1
2020500988891,2020,500988891,1,3,0,16,19,3,7,0,0,0,1,0,0,0,1,1,2,2,1,20,4,125,1,6,-1,2,E01020269,0,-1
2020030955047,2020,030955047,1,5,0,16,19,4,8,0,0,0,0,0,0,0,1,1,6,6,1,59,9,998,1,21,-1,5,E01019123,0,-1
2020010286512,2020,010286512,2,9,9,7,7,5,7,99,99,9,9,99,9,0,9,1,6,6,2,42,7,2494,8,3,LEXUS NX300,3,E01002725,0,-1
2020480254910,2020,480254910,2,9,0,99,99,9,9,99,99,9,9,99,9,99,9,9,6,6,3,-1,-1,2494,8,0,LEXUS NX300,-1,-1,0,-1
2020460930188,2020,460930188,2,9,0,4,4,7,3,0,0,0,0,0,0,0,2,1,6,6,2,42,7,2494,8,1,LEXUS NX300,5,E01024134,0,-1
2020010279392,2020,010279392,2,9,0,14,14,1,5,0,0,1,0,0,0,0,2,1,6,6,1,55,8,2494,8,5,LEXUS NX300,9,E01030358,0,-1
2020440095505,2020,440095505,2,9,0,4,4,3,0,0,0,8,0,0,0,0,2,1,6,6,1,27,6,2494,8,4,LEXUS NX300,4,E01000534,0,-1
2020010286372,2020,010286372,1,9,0,2,2,0,0,0,0,0,5,0,0,0,2,1,6,6,3,-1,-1,2494,8,2,LEXUS NX300,-1,-1,0,-1
2020548703020,2020,548703020,2,9,0,18,19,7,3,0,0,0,0,0,0,0,4,1,6,6,1,48,8,2494,8,2,LEXUS NX300,3,E01031854,0,-1
2020010281914,2020,010281914,2,9,0,3,3,3,7,0,0,1,0,0,0,0,1,1,6,6,2,52,8,2494,8,0,LEXUS NX300,2,E01004306,0,-1
2020460950674,2020,460950674,1,9,0,14,14,5,1,0,0,0,0,4,0,0,1,1,5,6,1,32,6,2494,8,3,LEXUS NX300,10,E01024344,0,-1
2020010251417,2020,010251417,1,9,0,5,5,1,5,0,0,0,0,0,0,0,2,1,6,6,1,45,7,2494,8,4,LEXUS NX300,3,E01003819,0,-1
2020530915236,2020,530915236,2,9,0,18,19,5,1,0,0,0,2,0,1,0,4,1,5,6,1,84,11,2494,8,5,LEXUS NX300,9,E01022393,0,-1
2020440229978,2020,440229978,2,9,0,2,2,0,0,0,0,0,0,0,0,0,4,1,6,6,3,-1,-1,2494,8,3,LEXUS NX300,-1,-1,0,-1
2020450972631,2020,450972631,2,9,0,18,19,1,5,0,0,0,0,0,0,0,1,1,6,6,1,27,6,2494,8,0,LEXUS NX300,6,E01004588,0,-1
2020010284141,2020,010284141,3,9,0,18,19,5,1,0,0,0,0,0,0,0,1,1,6,6,1,55,8,2494,8,5,LEXUS NX300,-1,-1,0,-1
2020201014512,2020,201014512,2,9,0,3,3,2,6,0,0,1,0,0,0,0,2,1,6,6,1,66,10,2494,8,2,LEXUS NX300,4,E01009111,0,-1
2020500978536,2020,500978536,2,9,0,2,2,0,0,0,0,0,0,0,0,0,4,1,5,6,2,18,4,2494,8,0,LEXUS NX300,5,E01020332,0,-1
2020110990166,2020,110990166,1,9,0,9,9,5,3,0,0,6,0,0,0,0,1,1,6,6,1,73,10,2494,8,4,LEXUS NX300,3,E01020662,0,-1
2020010262774,2020,010262774,1,9,0,99,99,9,9,0,0,0,0,0,0,0,9,1,6,6,1,70,10,2494,8,2,LEXUS NX300,4,E01000242,0,-1
2020010240772,2020,010240772,1,9,0,99,99,9,9,99,99,9,9,99,9,99,3,9,6,6,1,29,6,2494,8,5,LEXUS NX300,7,E01002474,0,-1
2020100997299,2020,100997299,2,9,0,18,19,1,5,0,0,8,0,0,0,0,1,1,1,1,1,56,9,2494,8,1,LEXUS NX300,3,E01033206,0,-1
2020010244595,2020,010244595,1,9,0,1,1,8,4,0,0,0,0,0,0,0,3,1,6,6,1,37,7,2494,8,5,LEXUS NX300,-1,-1,0,-1
2020010246327,2020,010246327,2,9,0,99,99,9,9,99,99,9,9,99,9,99,9,9,6,6,3,53,8,2494,8,4,LEXUS NX300,6,E01004513,0,-1
2020200951816,2020,200951816,2,9,0,18,19,1,5,0,0,8,0,10,1,0,2,1,6,6,2,56,9,2494,8,2,LEXUS NX300,8,E01032533,0,-1
2020010258720,2020,010258720,1,9,0,18,19,3,7,0,0,9,0,0,0,0,1,9,6,6,2,58,9,2494,8,5,LEXUS NX300,2,E01002831,0,-1
2020400958921,2020,400958921,1,9,0,8,8,1,3,0,0,1,0,0,0,0,3,1,6,6,1,-1,-1,2494,8,0,LEXUS NX300,6,E01030667,0,-1