collision_index,collision_year,collision_ref_no,vehicle_reference,vehicle_type,towing_and_articulation,vehicle_manoeuvre_historic,vehicle_manoeuvre,vehicle_direction_from,vehicle_direction_to,vehicle_location_restricted_lane_historic,vehicle_location_restricted_lane,junction_location,skidding_and_overturning,hit_object_in_carriageway,vehicle_leaving_carriageway,hit_object_off_carriageway,first_point_of_impact,vehicle_left_hand_drive,journey_purpose_of_driver_historic,journey_purpose_of_driver,sex_of_driver,age_of_driver,age_band_of_driver,engine_capacity_cc,propulsion_code,age_of_vehicle,generic_make_model,driver_imd_decile,lsoa_of_driver,escooter_flag,driver_distance_banding
2020010245335,2020,010245335,1,8,0,8,8,3,6,0,0,5,0,0,0,0,2,1,6,6,1,41,7,1797,8,9,TOYOTA PRIUS,6,E01000069,0,-1
2020450998845,2020,450998845,1,9,0,17,19,5,1,0,0,0,1,0,1,10,1,1,1,1,1,27,6,1797,8,9,TOYOTA PRIUS,10,E01002355,0,-1
2020010269367,2020,010269367,1,8,0,99,99,9,9,99,99,1,9,99,9,99,4,9,6,6,1,60,9,1798,8,3,TOYOTA PRIUS,2,E01003582,0,-1
2020010272204,2020,010272204,2,8,0,99,99,9,9,99,99,9,9,99,9,99,1,9,6,6,3,-1,-1,1797,8,8,TOYOTA PRIUS,1,E01000605,0,-1
202006K174148,2020,06K174148,2,8,0,2,2,0,0,0,0,0,0,0,0,0,2,1,1,1,1,46,8,1497,8,15,TOYOTA PRIUS,1,E01004850,0,-1
202006A175648,2020,06A175648,2,9,0,9,9,5,3,0,0,8,0,0,0,0,3,1,6,6,1,39,7,1791,8,9,TOYOTA PRIUS,2,E01005460,0,-1
2020010269869,2020,010269869,2,9,0,18,19,1,5,0,0,0,0,4,0,0,2,1,6,6,1,37,7,1798,8,2,TOYOTA PRIUS,4,E01001247,0,-1
2020010272914,2020,010272914,1,9,0,5,5,6,2,0,0,6,0,0,0,0,1,1,1,1,1,45,7,1798,8,1,TOYOTA PRIUS,2,E01004679,0,-1
2020010259121,2020,010259121,1,9,0,3,3,3,7,0,0,1,0,0,0,0,4,1,1,1,1,51,8,1797,8,6,TOYOTA PRIUS,1,E01001220,0,-1
2020010274203,2020,010274203,1,9,0,99,99,9,9,0,0,8,0,0,0,0,9,9,6,6,1,53,8,1497,8,13,TOYOTA PRIUS,3,E01002370,0,-1
2020230999012,2020,230999012,1,9,0,18,19,4,8,0,0,0,0,0,0,0,1,1,5,6,1,48,8,1797,8,10,TOYOTA PRIUS,1,E01031043,0,-1
2020010248494,2020,010248494,1,9,0,99,99,9,9,99,99,9,9,99,9,99,2,9,6,6,1,24,5,1798,8,6,TOYOTA PRIUS,2,E01004321,0,-1
2020010260532,2020,010260532,1,9,0,17,19,5,1,0,0,1,0,4,7,11,1,1,6,6,1,61,9,1497,8,11,TOYOTA PRIUS,5,E01033030,0,-1
2020010233277,2020,010233277,1,9,0,10,10,7,5,0,0,8,0,0,0,0,1,1,6,6,1,38,7,1797,8,7,TOYOTA PRIUS,6,E01000219,0,-1
2020010267259,2020,010267259,2,8,0,18,19,2,6,0,0,1,0,0,0,0,0,1,1,1,1,50,8,1797,8,7,TOYOTA PRIUS,9,E01002164,0,-1
2020010286380,2020,010286380,1,9,0,99,99,9,9,0,0,1,0,0,0,0,9,1,6,6,3,-1,-1,1797,8,3,TOYOTA PRIUS,1,E01001206,0,-1
2020010272191,2020,010272191,2,9,9,99,99,9,9,99,99,0,9,99,9,99,2,9,6,6,1,49,8,1797,8,6,TOYOTA PRIUS,7,E01015829,0,-1
2020010241346,2020,010241346,3,9,0,2,2,0,0,0,0,2,0,4,0,0,3,1,6,6,3,-1,-1,1798,8,7,TOYOTA PRIUS,-1,-1,0,-1
2020010282316,2020,010282316,1,9,0,99,99,9,9,99,99,9,9,99,9,99,2,9,6,6,1,48,8,1798,8,5,TOYOTA PRIUS,4,E01002648,0,-1
2020010263328,2020,010263328,2,9,0,9,9,1,6,0,0,1,0,0,0,0,3,1,1,1,1,44,7,1798,8,6,TOYOTA PRIUS,3,E01003122,0,-1
2020010277738,2020,010277738,1,9,0,18,19,1,5,0,0,2,0,0,0,0,1,1,6,6,1,32,6,1797,8,9,TOYOTA PRIUS,1,E01001210,0,-1
2020010247889,2020,010247889,1,9,0,16,19,3,7,0,0,2,0,0,0,0,1,1,6,6,1,23,5,1497,8,15,TOYOTA PRIUS,3,E01004600,0,-1
2020010257845,2020,010257845,2,9,0,99,99,9,9,99,99,9,9,99,9,99,9,9,6,6,3,-1,-1,1797,8,8,TOYOTA PRIUS,-1,-1,0,-1
2020010238034,2020,010238034,2,9,0,18,19,7,3,0,0,1,0,0,0,0,1,1,6,6,3,-1,-1,1797,8,11,TOYOTA PRIUS,-1,-1,0,-1
2020010263190,2020,010263190,2,9,0,99,99,9,9,99,99,9,9,99,9,99,1,9,6,6,3,51,8,1797,8,10,TOYOTA PRIUS,10,E01003463,0,-1
2020010279905,2020,010279905,1,8,0,99,99,9,9,99,99,9,9,99,9,99,0,9,6,6,3,-1,-1,1797,8,9,TOYOTA PRIUS,3,E01001397,0,-1
2020010269667,2020,010269667,1,9,0,9,9,7,5,0,0,5,0,0,0,0,4,1,1,1,1,28,6,1798,8,3,TOYOTA PRIUS,5,E01004503,0,-1
202031C028820,2020,31C028820,1,9,0,9,9,6,4,0,0,6,0,0,0,0,1,1,6,6,2,37,7,1497,8,12,TOYOTA PRIUS,7,E01028175,0,-1
2020010228403,2020,010228403,1,9,0,3,3,1,5,0,0,1,0,0,0,0,1,1,2,2,1,66,10,1497,8,13,TOYOTA PRIUS,4,E01004376,0,-1
2020400971499,2020,400971499,2,9,0,18,19,1,5,0,0,0,0,0,0,0,4,1,5,6,1,37,7,1797,8,10,TOYOTA PRIUS,7,E01015764,0,-1
2020500961400,2020,500961400,2,8,0,18,19,3,7,0,0,1,0,0,0,0,1,1,1,1,1,41,7,1798,8,7,TOYOTA PRIUS,1,E01015046,0,-1
2020010263069,2020,010263069,1,9,0,9,9,1,7,0,0,8,0,0,0,0,4,1,6,6,1,50,8,1497,8,12,TOYOTA PRIUS,4,E01016457,0,-1
2020010290797,2020,010290797,1,8,0,99,99,9,9,99,99,9,9,99,9,99,1,9,6,6,1,46,8,1798,8,5,TOYOTA PRIUS,4,E01003322,0,-1
2020451000906,2020,451000906,3,9,0,16,19,1,3,0,0,0,0,4,0,0,1,1,1,1,1,32,6,1798,8,5,TOYOTA PRIUS,7,E01004635,0,-1
2020430249206,2020,430249206,1,9,0,18,19,8,4,0,0,4,0,0,0,0,3,1,1,1,1,32,6,1798,8,8,TOYOTA PRIUS,2,E01015774,0,-1
2020010256894,2020,010256894,1,8,0,4,4,7,3,0,0,1,0,0,0,0,4,1,6,6,1,37,7,1798,8,2,TOYOTA PRIUS,1,E01004304,0,-1
2020010253226,2020,010253226,1,9,0,99,99,9,9,99,99,9,9,99,9,99,9,9,6,6,1,58,9,1798,8,1,TOYOTA PRIUS,4,E01002055,0,-1
2020010231154,2020,010231154,2,9,0,18,19,7,3,0,0,2,0,0,0,0,1,1,6,6,3,-1,-1,1797,8,5,TOYOTA PRIUS,-1,-1,0,-1
2020302001071,2020,302001071,2,9,0,2,2,0,0,0,0,0,0,0,0,0,3,1,6,6,3,-1,-1,1797,8,11,TOYOTA PRIUS,-1,-1,0,-1
2020010241358,2020,010241358,1,8,0,6,6,4,4,0,0,0,1,0,0,0,1,1,1,1,1,49,8,1798,8,1,TOYOTA PRIUS,1,E01003487,0,-1
2020010256484,2020,010256484,2,9,0,99,99,9,9,99,99,9,9,99,9,99,9,9,6,6,3,34,6,1798,8,1,TOYOTA PRIUS,3,E01002543,0,-1
2020461007354,2020,461007354,2,9,0,18,19,2,6,0,0,2,0,0,0,0,1,1,6,6,1,60,9,1497,8,12,TOYOTA PRIUS,4,E01003758,0,-1
2020010268437,2020,010268437,1,9,0,99,99,9,9,99,99,9,9,99,9,99,2,9,6,6,1,28,6,1797,8,10,TOYOTA PRIUS,2,E01001848,0,-1
2020360970272,2020,360970272,1,9,0,5,5,4,8,0,0,2,0,0,0,0,3,1,5,6,1,80,11,1798,8,1,TOYOTA PRIUS,4,E01026743,0,-1
2020010256081,2020,010256081,1,8,0,99,99,9,9,99,99,9,9,99,9,99,1,9,6,6,1,49,8,1797,8,4,TOYOTA PRIUS,8,E01000539,0,-1
2020010277568,2020,010277568,1,8,0,99,99,9,9,99,99,9,9,99,9,99,2,9,6,6,1,33,6,1797,8,6,TOYOTA PRIUS,9,E01002242,0,-1
20201379N1600,2020,1379N1600,1,8,0,9,9,5,1,0,0,0,0,0,0,0,4,1,6,6,2,38,7,1497,8,12,TOYOTA PRIUS,3,E01011369,0,-1
2020052000411,2020,052000411,1,8,0,9,9,7,5,0,0,6,0,0,0,0,3,1,1,1,1,32,6,1797,8,11,TOYOTA PRIUS,1,E01006721,0,-1
2020010255741,2020,010255741,1,9,0,5,5,3,7,0,0,0,0,0,0,0,3,1,1,1,1,50,8,1791,8,9,TOYOTA PRIUS,2,E01004400,0,-1
2020010265388,2020,010265388,1,9,0,18,19,5,1,0,0,1,0,0,0,0,3,1,6,6,1,28,6,1497,8,13,TOYOTA PRIUS,3,E01001823,0,-1
2020010244703,2020,010244703,1,8,9,99,99,9,9,99,99,0,5,99,8,99,2,9,6,6,3,-1,-1,1798,8,1,TOYOTA PRIUS,2,E01004455,0,-1
2020010273591,2020,010273591,1,9,0,9,9,3,1,0,0,1,0,0,0,0,1,1,1,1,1,54,8,1797,8,6,TOYOTA PRIUS,1,E01002036,0,-1
2020010285623,2020,010285623,3,9,0,2,2,0,0,0,0,0,0,0,0,0,1,1,6,6,3,-1,-1,1797,8,7,TOYOTA PRIUS,-1,-1,0,-1
2020010254709,2020,010254709,1,9,0,5,5,7,3,0,0,8,0,0,0,0,4,1,6,6,1,25,5,1797,8,10,TOYOTA PRIUS,5,E01000038,0,-1
2020010263945,2020,010263945,1,9,0,5,5,3,7,0,0,0,0,0,0,0,1,1,1,1,1,58,9,1798,8,4,TOYOTA PRIUS,6,E01000851,0,-1
2020010250896,2020,010250896,1,8,0,5,5,1,5,0,0,8,0,0,0,0,1,1,1,1,1,40,7,1797,8,9,TOYOTA PRIUS,4,E01000801,0,-1
2020010256052,2020,010256052,2,9,0,99,99,9,9,99,99,0,9,99,9,99,2,1,6,6,3,55,8,1798,8,4,TOYOTA PRIUS,7,E01001313,0,-1
2020522003083,2020,522003083,2,8,0,1,1,8,4,0,0,0,0,0,0,0,2,1,1,1,1,-1,-1,1798,8,3,TOYOTA PRIUS,-1,-1,0,-1
2020552001135,2020,552001135,1,9,0,7,7,6,8,0,0,6,0,0,0,0,0,1,1,1,1,28,6,1798,8,1,TOYOTA PRIUS,4,E01015326,0,-1
2020010274372,2020,010274372,1,8,0,18,19,3,7,0,0,1,0,0,0,0,1,1,1,1,1,47,8,1797,8,6,TOYOTA PRIUS,-1,-1,0,-1
2020010273644,2020,010273644,2,9,0,99,99,9,9,99,99,9,9,99,9,99,9,9,6,6,3,-1,-1,1798,8,1,TOYOTA PRIUS,-1,-1,0,-1
2020010252674,2020,010252674,1,9,0,18,19,3,7,0,0,2,0,0,0,0,2,1,6,6,1,64,9,1797,8,6,TOYOTA PRIUS,3,E01001508,0,-1
2020010277460,2020,010277460,2,9,0,18,19,3,7,0,0,0,0,0,0,0,2,1,6,6,1,59,9,1497,8,14,TOYOTA PRIUS,6,E01024172,0,-1
2020010268351,2020,010268351,2,9,0,7,7,3,5,0,0,8,0,0,0,0,4,1,1,1,1,50,8,1798,8,8,TOYOTA PRIUS,-1,-1,0,-1
2020010248397,2020,010248397,1,8,0,4,4,4,8,0,0,2,0,0,0,0,2,1,1,1,1,47,8,1798,8,5,TOYOTA PRIUS,5,E01004521,0,-1
2020010237662,2020,010237662,1,8,0,99,99,9,9,99,99,9,9,99,9,99,2,9,6,6,1,41,7,1797,8,9,TOYOTA PRIUS,3,E01004037,0,-1
2020200942851,2020,200942851,1,9,0,4,4,4,2,0,0,1,0,0,-1,0,1,1,1,1,1,25,5,1797,8,6,TOYOTA PRIUS,6,E01009041,0,-1
2020010267654,2020,010267654,1,9,0,9,9,3,1,0,0,1,0,0,0,0,1,1,1,1,1,61,9,1797,8,6,TOYOTA PRIUS,5,E01000158,0,-1
2020010272713,2020,010272713,1,8,0,12,12,7,3,0,0,0,0,0,0,0,3,1,1,1,1,44,7,1797,8,10,TOYOTA PRIUS,5,E01016479,0,-1
2020010279857,2020,010279857,1,9,0,18,19,7,3,0,0,1,0,0,0,0,2,1,6,6,1,50,8,1797,8,6,TOYOTA PRIUS,6,E01002422,0,-1
2020370962342,2020,370962342,1,9,0,18,19,4,2,0,0,0,0,0,0,0,-1,1,1,1,3,33,6,1797,8,11,TOYOTA PRIUS,9,E01033447,0,-1
2020010282472,2020,010282472,2,9,9,99,99,9,9,99,99,9,9,99,9,99,9,9,6,6,3,-1,-1,1797,8,9,TOYOTA PRIUS,-1,-1,0,-1
2020410992464,2020,410992464,1,8,0,16,19,6,2,0,0,0,1,0,0,0,0,1,1,1,1,48,8,1798,8,4,TOYOTA PRIUS,4,E01023805,0,-1
2020010268755,2020,010268755,2,9,0,99,99,9,9,99,99,0,9,99,9,99,9,9,6,6,3,-1,-1,1798,8,1,TOYOTA PRIUS,-1,-1,0,-1
2020010248463,2020,010248463,1,9,9,99,99,9,9,99,99,9,9,99,9,99,9,9,6,6,1,32,6,1797,8,5,TOYOTA PRIUS,3,E01001043,0,-1
2020500954934,2020,500954934,1,9,0,18,19,1,5,0,0,0,0,0,0,0,1,1,6,6,2,54,8,1497,8,15,TOYOTA PRIUS,8,E01019898,0,-1
2020420921734,2020,420921734,2,9,0,4,4,7,3,0,0,0,0,0,0,0,2,1,1,1,1,60,9,1798,8,2,TOYOTA PRIUS,2,E01003726,0,-1
202031C071920,2020,31C071920,2,9,0,18,19,6,2,0,0,0,0,0,0,0,1,1,2,2,1,54,8,1797,8,9,TOYOTA PRIUS,5,E01013831,0,-1
2020340D05042,2020,340D05042,1,8,0,4,4,5,1,0,0,4,1,0,8,10,1,1,1,1,1,65,9,1798,8,8,TOYOTA PRIUS,1,E01027153,0,-1
2020010242541,2020,010242541,1,9,0,99,99,9,9,99,99,9,9,99,9,99,9,9,6,6,1,39,7,1798,8,4,TOYOTA PRIUS,3,E01004411,0,-1
2020010283798,2020,010283798,2,9,0,9,9,1,7,99,99,8,9,99,9,99,3,9,6,6,1,-1,-1,1798,8,1,TOYOTA PRIUS,1,E01003047,0,-1
2020010265039,2020,010265039,1,9,0,18,19,8,4,0,0,1,0,7,0,0,1,1,1,1,1,55,8,1797,8,8,TOYOTA PRIUS,-1,-1,0,-1
202006A273363,2020,06A273363,2,9,0,3,3,3,7,0,0,1,0,0,0,0,2,1,6,6,1,30,6,1497,8,13,TOYOTA PRIUS,2,E01005140,0,-1
2020010231631,2020,010231631,1,8,0,99,99,9,9,99,99,9,9,99,9,99,1,9,6,6,1,34,6,1797,8,11,TOYOTA PRIUS,3,E01000020,0,-1
2020010286815,2020,010286815,2,8,0,18,19,4,8,0,0,1,0,0,0,0,0,2,6,6,1,63,9,1798,8,6,TOYOTA PRIUS,8,E01000539,0,-1
2020200978532,2020,200978532,2,8,0,18,19,1,5,0,0,0,0,0,0,0,3,1,6,6,1,32,6,1797,8,6,TOYOTA PRIUS,2,E01009340,0,-1
2020010284740,2020,010284740,1,8,0,18,19,5,1,0,0,0,0,0,0,0,1,1,6,6,1,51,8,1797,8,5,TOYOTA PRIUS,2,E01003309,0,-1
2020010266810,2020,010266810,2,9,0,99,99,9,9,99,99,9,9,99,9,99,1,9,6,6,3,58,9,1497,8,12,TOYOTA PRIUS,4,E01001396,0,-1
2020010228950,2020,010228950,2,9,0,4,4,7,3,0,0,0,0,0,0,0,2,1,1,1,1,36,7,1797,8,7,TOYOTA PRIUS,4,E01003492,0,-1
2020010233547,2020,010233547,1,9,0,99,99,9,9,99,99,9,9,99,9,99,2,9,6,6,3,29,6,1497,8,15,TOYOTA PRIUS,2,E01003558,0,-1
2020010272385,2020,010272385,1,8,0,18,19,1,5,0,0,1,0,0,0,0,1,1,1,1,1,30,6,1798,8,6,TOYOTA PRIUS,3,E01002725,0,-1
2020450929611,2020,450929611,1,9,0,18,19,7,3,0,0,8,0,0,0,0,1,1,1,1,1,50,8,1797,8,10,TOYOTA PRIUS,6,E01002640,0,-1
2020010256351,2020,010256351,2,9,0,99,99,9,9,99,99,9,9,99,9,99,2,9,6,6,2,39,7,1797,8,10,TOYOTA PRIUS,3,E01003533,0,-1
2020010240457,2020,010240457,2,8,0,99,99,9,9,99,99,9,9,99,9,99,1,9,6,6,3,53,8,1797,8,9,TOYOTA PRIUS,2,E01001783,0,-1
2020010268520,2020,010268520,1,9,0,99,99,9,9,99,99,9,9,99,9,99,2,9,6,6,1,57,9,1797,8,10,TOYOTA PRIUS,6,E01001077,0,-1
2020040975171,2020,040975171,1,9,0,18,19,3,7,0,0,0,0,0,0,0,1,1,1,1,1,39,7,1797,8,8,TOYOTA PRIUS,1,E01012657,0,-1
2020010252495,2020,010252495,2,9,0,10,10,6,5,0,0,5,0,0,0,0,4,1,1,1,1,45,7,1791,8,8,TOYOTA PRIUS,1,E01004205,0,-1
2020200950052,2020,200950052,2,8,0,3,3,8,4,0,0,8,0,0,0,0,2,1,1,1,1,34,6,1798,8,1,TOYOTA PRIUS,1,E01008907,0,-1
2020010257267,2020,010257267,1,9,0,9,9,1,7,0,0,2,0,0,0,0,1,1,1,1,1,51,8,1798,8,6,TOYOTA PRIUS,1,E01003075,0,-1
2020010234259,2020,010234259,2,9,0,99,99,9,9,99,99,9,9,99,9,99,9,9,6,6,3,-1,-1,1798,8,2,TOYOTA PRIUS,5,E01004076,0,-1
2020010266467,2020,010266467,2,8,0,9,9,1,7,0,0,8,0,0,0,0,1,1,1,1,1,50,8,1797,8,6,TOYOTA PRIUS,6,E01000262,0,-1
2020010247671,2020,010247671,2,9,0,99,99,9,9,99,99,9,9,99,9,99,1,9,6,6,3,41,7,1497,8,12,TOYOTA PRIUS,4,E01001404,0,-1
2020010264655,2020,010264655,2,9,0,18,19,3,7,0,0,0,0,0,0,0,2,1,1,1,1,45,7,1797,8,10,TOYOTA PRIUS,3,E01000052,0,-1
2020010255306,2020,010255306,2,9,0,9,9,1,7,0,0,1,0,0,0,0,0,1,6,6,1,35,6,1798,8,8,TOYOTA PRIUS,2,E01000550,0,-1
2020010243619,2020,010243619,1,9,0,5,5,0,3,0,0,1,0,0,0,0,3,1,1,1,1,30,6,1798,8,2,TOYOTA PRIUS,2,E01032765,0,-1
2020010269590,2020,010269590,1,8,0,99,99,9,9,99,99,0,9,99,9,99,9,9,6,6,1,32,6,1797,8,7,TOYOTA PRIUS,3,E01003570,0,-1
2020010244873,2020,010244873,2,9,0,99,99,9,9,99,99,9,9,99,9,99,1,9,6,6,3,-1,-1,1797,8,8,TOYOTA PRIUS,-1,-1,0,-1
2020010281938,2020,010281938,1,9,0,10,10,7,6,0,0,1,0,0,0,0,1,1,6,6,2,62,9,1497,8,12,TOYOTA PRIUS,7,E01000480,0,-1
2020450999082,2020,450999082,2,9,0,18,19,1,5,0,0,1,0,0,0,0,3,1,1,1,1,50,8,1797,8,6,TOYOTA PRIUS,2,E01001205,0,-1
2020450960600,2020,450960600,2,9,0,18,19,3,7,0,0,0,0,0,0,0,0,1,6,6,3,55,8,1797,8,11,TOYOTA PRIUS,-1,-1,0,-1
2020010272243,2020,010272243,2,9,0,99,99,9,9,99,99,9,9,99,9,99,1,9,6,6,1,-1,-1,1790,8,8,TOYOTA PRIUS,5,E01003713,0,-1
2020480943354,2020,480943354,2,8,0,3,3,7,3,0,0,8,0,0,0,0,3,1,1,1,1,41,7,1790,8,9,TOYOTA PRIUS,9,E01015982,0,-1
2020450962215,2020,450962215,1,8,0,10,10,3,7,0,0,1,0,0,0,0,2,1,1,1,1,39,7,1797,8,7,TOYOTA PRIUS,3,E01016449,0,-1
2020010257393,2020,010257393,1,9,0,18,19,3,7,0,0,8,0,0,0,0,1,1,1,1,1,52,8,1798,8,5,TOYOTA PRIUS,4,E01004565,0,-1
2020411008978,2020,411008978,2,9,0,18,19,7,3,0,0,0,0,0,0,0,1,1,6,6,1,65,9,1497,8,11,TOYOTA PRIUS,4,E01023957,0,-1
2020010274414,2020,010274414,2,8,0,99,99,9,9,99,99,9,9,99,9,99,1,9,6,6,3,-1,-1,1798,8,7,TOYOTA PRIUS,3,E01015713,0,-1
2020010237426,2020,010237426,1,9,0,99,99,9,9,99,99,0,9,99,9,99,1,9,6,6,1,38,7,1798,8,8,TOYOTA PRIUS,1,E01009572,0,-1
2020137AO1441,2020,137AO1441,1,9,0,18,19,5,1,0,0,1,0,0,0,0,1,1,6,6,1,-1,-1,1797,8,10,TOYOTA PRIUS,-1,-1,0,-1
2020010272751,2020,010272751,2,9,0,18,19,1,5,0,0,1,0,0,0,0,1,1,2,2,1,46,8,1798,8,2,TOYOTA PRIUS,3,E01000092,0,-1
2020010280711,2020,010280711,1,9,0,18,19,2,6,0,0,1,0,0,0,0,1,1,1,1,1,37,7,1791,8,8,TOYOTA PRIUS,3,E01000806,0,-1
2020010284928,2020,010284928,1,9,0,18,19,8,4,0,0,2,1,0,0,0,1,1,1,1,1,42,7,1797,8,9,TOYOTA PRIUS,2,E01002506,0,-1
2020070361798,2020,070361798,2,9,0,18,19,8,4,0,0,0,0,0,0,0,1,1,2,2,1,37,7,1497,8,15,TOYOTA PRIUS,2,E01014329,0,-1
2020010286884,2020,010286884,1,8,0,99,99,9,9,99,99,2,9,99,9,99,2,9,6,6,1,29,6,1790,8,5,TOYOTA PRIUS,4,E01003767,0,-1
2020010233573,2020,010233573,1,8,0,15,15,5,1,0,0,6,0,0,0,0,1,1,1,1,1,42,7,1797,8,9,TOYOTA PRIUS,2,E01004033,0,-1
2020010276718,2020,010276718,1,9,0,1,1,3,1,0,0,0,0,0,0,0,2,1,2,2,1,44,7,1798,8,5,TOYOTA PRIUS,2,E01001780,0,-1
2020010261031,2020,010261031,2,8,0,18,19,3,7,0,0,0,0,0,0,0,1,1,1,1,1,41,7,1797,8,9,TOYOTA PRIUS,5,E01033608,0,-1
2020010233457,2020,010233457,1,9,0,17,19,1,5,0,0,8,0,0,0,0,4,1,6,6,2,47,8,1497,8,13,TOYOTA PRIUS,3,E01004028,0,-1
2020010234111,2020,010234111,1,9,9,99,99,9,9,99,99,9,9,99,9,99,9,9,6,6,1,68,10,1798,8,3,TOYOTA PRIUS,3,E01001141,0,-1
2020420941751,2020,420941751,2,9,0,18,19,4,1,0,0,1,0,0,0,0,1,1,2,2,2,34,6,1497,8,12,TOYOTA PRIUS,1,E01016010,0,-1
2020421003657,2020,421003657,2,9,0,3,3,1,5,0,0,1,0,0,0,0,2,1,6,6,1,35,6,1790,8,6,TOYOTA PRIUS,3,E01021631,0,-1
2020450962467,2020,450962467,2,9,0,18,19,4,2,0,0,4,0,0,0,0,4,1,2,2,1,42,7,1797,8,9,TOYOTA PRIUS,8,E01003909,0,-1
2020010285245,2020,010285245,1,8,3,99,99,9,9,99,99,9,9,99,9,99,9,9,6,6,1,43,7,1798,8,3,TOYOTA PRIUS,6,E01001159,0,-1
2020010268959,2020,010268959,2,8,0,2,2,0,0,0,0,0,0,0,0,0,2,1,6,6,3,-1,-1,1797,8,8,TOYOTA PRIUS,-1,-1,0,-1
2020010231226,2020,010231226,2,9,0,99,99,9,9,99,99,9,9,99,9,99,1,9,6,6,3,-1,-1,1497,8,12,TOYOTA PRIUS,-1,-1,0,-1
2020010243175,2020,010243175,1,9,0,18,19,3,7,0,0,8,0,0,0,0,4,1,6,6,1,71,10,1497,8,14,TOYOTA PRIUS,2,E01002831,0,-1
2020010262293,2020,010262293,2,8,0,99,99,9,9,99,99,9,9,99,9,99,4,9,6,6,3,-1,-1,1798,8,4,TOYOTA PRIUS,2,E01004242,0,-1
2020230926313,2020,230926313,2,9,0,4,4,6,2,0,0,0,0,4,0,0,2,1,5,6,1,42,7,1797,8,10,TOYOTA PRIUS,1,E01009605,0,-1
2020010255357,2020,010255357,2,9,0,1,1,3,5,0,0,1,0,0,0,0,2,1,6,6,1,40,7,1797,8,8,TOYOTA PRIUS,3,E01003631,0,-1
2020302001076,2020,302001076,1,9,0,9,9,4,8,0,0,1,0,0,0,0,0,1,1,1,1,32,6,1497,8,15,TOYOTA PRIUS,5,E01013587,0,-1
2020010252597,2020,010252597,2,8,0,6,6,5,5,0,0,1,0,0,0,0,4,1,1,1,1,50,8,1800,8,8,TOYOTA PRIUS,1,E01004541,0,-1
2020010270220,2020,010270220,2,9,0,9,9,5,3,0,0,2,0,0,0,0,1,1,6,6,1,45,7,1798,8,6,TOYOTA PRIUS,4,E01004401,0,-1
2020010259781,2020,010259781,1,8,0,18,19,3,7,0,0,0,0,0,0,0,4,1,1,1,1,50,8,1798,8,3,TOYOTA PRIUS,-1,-1,0,-1
2020010240588,2020,010240588,1,8,0,18,19,5,1,0,0,1,0,0,3,10,1,1,1,1,1,40,7,1797,8,9,TOYOTA PRIUS,2,E01001550,0,-1
202006K172285,2020,06K172285,2,9,0,18,19,1,5,0,0,8,0,0,0,0,4,1,1,1,2,31,6,1497,8,14,TOYOTA PRIUS,-1,-1,0,-1
2020010265817,2020,010265817,2,8,0,16,19,3,7,0,0,4,0,0,0,0,1,1,6,6,1,29,6,1797,8,9,TOYOTA PRIUS,2,E01004251,0,-1
2020010233855,2020,010233855,1,8,0,18,19,5,1,0,0,0,0,0,0,0,1,1,6,6,1,40,7,1798,8,5,TOYOTA PRIUS,5,E01003142,0,-1
2020010267281,2020,010267281,2,8,0,7,7,5,8,0,0,1,0,0,0,0,4,1,6,6,1,49,8,1797,8,6,TOYOTA PRIUS,3,E01001239,0,-1
2020430104648,2020,430104648,2,9,0,17,19,5,2,0,0,0,0,0,0,0,0,1,6,6,1,30,6,1797,8,4,TOYOTA PRIUS,3,E01017906,0,-1
2020420935121,2020,420935121,2,9,0,18,19,3,7,0,0,8,0,0,0,0,3,1,5,6,2,32,6,1497,8,11,TOYOTA PRIUS,3,E01000109,0,-1
2020010281957,2020,010281957,1,9,0,99,99,9,9,99,99,9,9,99,9,99,2,9,6,6,2,50,8,1797,8,11,TOYOTA PRIUS,4,E01000558,0,-1
2020430373923,2020,430373923,1,9,0,18,19,8,4,0,0,0,0,0,0,0,4,1,6,6,1,-1,-1,1497,8,13,TOYOTA PRIUS,-1,-1,0,-1
2020010231253,2020,010231253,1,9,0,5,5,3,7,0,0,8,0,0,0,0,1,1,2,2,1,28,6,1798,8,4,TOYOTA PRIUS,2,E01001775,0,-1
2020010262433,2020,010262433,2,8,0,99,99,9,9,99,99,9,9,99,9,99,1,9,6,6,3,-1,-1,1797,8,9,TOYOTA PRIUS,6,E01015766,0,-1
2020010272647,2020,010272647,2,9,0,99,99,9,9,99,99,9,9,99,9,99,1,9,6,6,1,42,7,1797,8,9,TOYOTA PRIUS,2,E01003600,0,-1
2020010262929,2020,010262929,1,9,0,18,19,1,5,0,0,8,0,0,0,0,2,1,6,6,1,34,6,1798,8,2,TOYOTA PRIUS,5,E01004046,0,-1
2020010251097,2020,010251097,2,9,0,4,4,5,1,0,0,1,0,0,0,0,2,1,6,6,1,42,7,1798,8,2,TOYOTA PRIUS,3,E01004633,0,-1
2020010267483,2020,010267483,1,8,0,18,19,2,6,0,0,0,0,0,0,0,1,1,1,1,1,49,8,1790,8,7,TOYOTA PRIUS,2,E01003634,0,-1
202006G178771,2020,06G178771,1,9,0,6,6,7,7,0,0,1,0,0,0,0,1,1,1,1,1,29,6,1797,8,4,TOYOTA PRIUS,1,E01005948,0,-1