collision_index,collision_year,collision_ref_no,vehicle_reference,vehicle_type,towing_and_articulation,vehicle_manoeuvre_historic,vehicle_manoeuvre,vehicle_direction_from,vehicle_direction_to,vehicle_location_restricted_lane_historic,vehicle_location_restricted_lane,junction_location,skidding_and_overturning,hit_object_in_carriageway,vehicle_leaving_carriageway,hit_object_off_carriageway,first_point_of_impact,vehicle_left_hand_drive,journey_purpose_of_driver_historic,journey_purpose_of_driver,sex_of_driver,age_of_driver,age_band_of_driver,engine_capacity_cc,propulsion_code,age_of_vehicle,generic_make_model,driver_imd_decile,lsoa_of_driver,escooter_flag,driver_distance_banding
2020522001631,2020,522001631,1,8,0,18,19,6,2,0,0,2,0,0,0,0,1,1,6,6,1,45,7,1798,8,4,TOYOTA PRIUS,-1,-1,0,-1
2020010232337,2020,010232337,1,9,0,18,19,5,1,0,0,1,0,0,0,0,4,1,6,6,1,-1,-1,1797,8,9,TOYOTA PRIUS,2,E01003591,0,-1
2020010254811,2020,010254811,2,9,0,18,19,1,5,0,0,6,0,0,3,0,1,1,1,1,1,38,7,1798,8,3,TOYOTA PRIUS,6,E01002258,0,-1
2020010233277,2020,010233277,2,9,0,18,19,3,7,0,0,8,0,0,0,0,1,1,1,1,1,41,7,1797,8,6,TOYOTA PRIUS,3,E01001362,0,-1
2020010245859,2020,010245859,2,9,0,18,19,2,6,0,0,0,0,0,0,0,1,1,6,6,1,30,6,1798,8,7,TOYOTA PRIUS,3,E01004317,0,-1
2020010275202,2020,010275202,1,9,0,18,19,7,3,0,0,1,0,0,0,0,1,1,1,1,1,62,9,1798,8,6,TOYOTA PRIUS,1,E01004459,0,-1
2020010256943,2020,010256943,2,9,0,2,2,0,0,0,0,0,0,0,0,0,4,1,6,6,3,-1,-1,1797,8,10,TOYOTA PRIUS,-1,-1,0,-1
2020010230165,2020,010230165,1,9,0,18,19,8,4,0,0,1,0,0,0,0,3,1,6,6,1,38,7,1797,8,10,TOYOTA PRIUS,6,E01023784,0,-1
2020411011865,2020,411011865,1,9,0,5,5,7,3,0,0,8,0,0,0,0,1,1,1,1,1,-1,-1,1797,8,7,TOYOTA PRIUS,6,E01023314,0,-1
2020430241640,2020,430241640,2,9,0,18,19,8,4,0,0,5,0,0,0,0,0,1,3,7,2,42,7,1497,8,16,TOYOTA PRIUS,7,E01016777,0,-1
2020010266304,2020,010266304,2,9,0,99,99,9,9,99,99,9,9,99,9,99,2,9,6,6,3,-1,-1,1797,8,11,TOYOTA PRIUS,7,E01000573,0,-1
2020010253324,2020,010253324,2,9,0,99,99,9,9,99,99,9,9,99,9,99,9,9,6,6,3,-1,-1,1798,8,4,TOYOTA PRIUS,-1,-1,0,-1
2020470980397,2020,470980397,2,9,0,18,19,5,1,0,0,0,0,0,1,7,4,1,5,6,1,49,8,1797,8,6,TOYOTA PRIUS,5,E01000036,0,-1
2020200991125,2020,200991125,2,9,0,2,2,0,0,0,0,2,0,0,0,0,1,1,2,2,1,41,7,1797,8,11,TOYOTA PRIUS,1,E01010054,0,-1
2020010272884,2020,010272884,1,8,0,99,99,9,9,99,99,9,9,99,9,99,2,9,6,6,1,24,5,1798,8,1,TOYOTA PRIUS,3,E01000502,0,-1
2020010285504,2020,010285504,1,8,0,18,19,3,7,99,99,0,0,0,0,0,1,9,1,1,1,44,7,1800,8,7,TOYOTA PRIUS,2,E01032580,0,-1
2020010262383,2020,010262383,2,9,0,18,19,5,1,0,0,2,0,0,0,0,1,2,2,2,1,41,7,1797,8,11,TOYOTA PRIUS,4,E01000155,0,-1
2020010247991,2020,010247991,2,9,0,3,3,1,5,0,0,0,1,0,0,0,2,1,1,1,1,35,6,1798,8,2,TOYOTA PRIUS,9,E01000191,0,-1
2020470968240,2020,470968240,2,9,0,4,4,5,1,0,0,0,0,0,0,0,2,1,1,1,1,46,8,1798,8,2,TOYOTA PRIUS,4,E01020928,0,-1
2020010286900,2020,010286900,2,9,0,99,99,9,9,0,0,2,0,0,0,0,9,9,6,6,3,-1,-1,1797,8,6,TOYOTA PRIUS,-1,-1,0,-1
2020010236965,2020,010236965,1,9,9,99,99,9,9,0,0,9,9,99,9,99,9,9,-1,-1,-1,-1,-1,1797,8,10,TOYOTA PRIUS,-1,-1,0,-1
2020010274145,2020,010274145,1,9,0,99,99,9,9,99,99,0,9,99,9,99,2,1,6,6,1,33,6,1797,8,8,TOYOTA PRIUS,2,E01001795,0,-1
2020010254548,2020,010254548,1,9,0,99,99,9,9,99,99,1,9,99,9,99,1,9,6,6,1,-1,-1,1797,8,7,TOYOTA PRIUS,4,E01003721,0,-1
2020010257426,2020,010257426,2,8,0,99,99,9,9,99,99,0,9,99,9,99,9,9,6,6,3,-1,-1,1798,8,2,TOYOTA PRIUS,2,E01003950,0,-1
2020400962328,2020,400962328,1,9,0,18,19,1,3,0,0,4,0,0,0,0,1,1,1,1,1,44,7,1497,8,13,TOYOTA PRIUS,4,E01015782,0,-1
2020010235527,2020,010235527,1,9,0,18,19,3,7,0,0,1,0,0,0,0,1,1,6,6,1,25,5,1797,8,7,TOYOTA PRIUS,2,E01003591,0,-1
2020010239407,2020,010239407,1,8,0,99,99,9,9,99,99,0,9,99,9,99,2,9,6,6,1,42,7,1797,8,6,TOYOTA PRIUS,2,E01004224,0,-1
202006P174858,2020,06P174858,1,9,0,9,9,3,2,0,0,2,0,0,0,0,1,1,1,1,1,49,8,1497,8,13,TOYOTA PRIUS,1,E01005592,0,-1
2020137330817,2020,137330817,1,9,0,9,9,7,3,0,0,5,0,11,0,0,1,1,6,6,1,54,8,1797,8,11,TOYOTA PRIUS,1,E01010841,0,-1
2020010237256,2020,010237256,2,8,0,99,99,9,9,99,99,9,9,99,9,99,9,9,6,6,1,36,7,1791,8,8,TOYOTA PRIUS,6,E01023539,0,-1
2020010256240,2020,010256240,1,8,9,18,19,5,1,0,0,0,9,0,0,99,1,1,1,1,1,-1,-1,1798,8,3,TOYOTA PRIUS,-1,-1,0,-1
2020450993449,2020,450993449,1,9,0,3,3,3,7,0,0,1,0,0,0,0,2,1,5,6,1,40,7,1797,8,11,TOYOTA PRIUS,10,E01030367,0,-1
2020010279567,2020,010279567,2,9,9,7,7,5,7,99,99,8,9,99,9,99,1,9,6,6,1,-1,-1,1797,8,6,TOYOTA PRIUS,4,E01001953,0,-1
2020450935366,2020,450935366,2,9,0,3,3,1,5,0,0,8,0,0,0,0,2,1,1,1,1,34,6,1798,8,7,TOYOTA PRIUS,3,E01016501,0,-1
2020010256796,2020,010256796,3,9,0,2,2,0,0,9,9,0,0,0,0,0,2,1,6,6,3,-1,-1,1790,8,6,TOYOTA PRIUS,-1,-1,0,-1
2020010264323,2020,010264323,3,9,0,3,3,5,1,0,0,1,0,0,0,0,1,1,1,1,1,33,6,1798,8,1,TOYOTA PRIUS,1,E01001429,0,-1
2020010258891,2020,010258891,1,8,0,99,99,9,9,99,99,9,9,99,9,99,1,9,6,6,1,27,6,1797,8,5,TOYOTA PRIUS,4,E01001153,0,-1
202031D027820,2020,31D027820,1,9,0,18,19,3,7,0,0,4,0,0,0,0,3,1,1,1,1,42,7,1798,8,5,TOYOTA PRIUS,3,E01013932,0,-1
2020010250300,2020,010250300,1,8,0,99,99,9,9,99,99,9,9,99,9,99,1,9,1,1,1,28,6,1797,8,10,TOYOTA PRIUS,6,E01023858,0,-1
2020010249939,2020,010249939,1,9,0,6,6,1,1,0,0,0,0,0,0,0,0,1,6,6,1,54,8,1497,8,12,TOYOTA PRIUS,4,E01002050,0,-1
2020010250914,2020,010250914,1,9,0,99,99,9,9,99,99,0,9,99,9,99,2,9,6,6,2,45,7,1797,8,11,TOYOTA PRIUS,8,E01000181,0,-1
2020010270185,2020,010270185,2,8,0,99,99,9,9,99,99,9,9,99,9,99,1,9,6,6,3,52,8,1797,8,6,TOYOTA PRIUS,2,E01033591,0,-1
2020200930163,2020,200930163,1,8,0,9,9,2,2,0,0,6,0,0,0,0,1,1,1,1,1,53,8,1797,8,7,TOYOTA PRIUS,1,E01009480,0,-1
2020010280232,2020,010280232,2,9,0,99,99,9,9,99,99,0,9,99,9,99,9,9,6,6,3,42,7,1797,8,5,TOYOTA PRIUS,1,E01000551,0,-1
2020010264538,2020,010264538,1,9,0,9,9,1,7,0,0,8,0,0,0,0,1,1,6,6,1,30,6,1797,8,10,TOYOTA PRIUS,1,E01002089,0,-1
2020010283937,2020,010283937,2,9,0,99,99,9,9,99,99,9,9,99,9,99,1,9,6,6,3,31,6,1797,8,7,TOYOTA PRIUS,3,E01003387,0,-1
2020010250273,2020,010250273,2,9,0,18,19,3,7,0,0,1,1,0,0,0,3,1,6,6,1,65,9,1797,8,6,TOYOTA PRIUS,7,E01000786,0,-1
2020010238098,2020,010238098,1,8,0,99,99,9,9,99,99,9,9,99,9,99,2,1,6,6,1,46,8,1790,8,9,TOYOTA PRIUS,8,E01003909,0,-1
2020040959662,2020,040959662,1,9,0,5,5,1,5,0,0,0,0,0,0,0,4,1,1,1,1,35,6,1497,8,15,TOYOTA PRIUS,2,E01012608,0,-1
202006P168775,2020,06P168775,2,9,0,3,3,3,7,0,0,8,0,0,0,0,2,1,6,6,1,31,6,1797,8,11,TOYOTA PRIUS,4,E01005494,0,-1
2020010260070,2020,010260070,1,9,0,18,19,1,5,0,0,0,0,0,0,0,2,1,6,6,1,44,7,1798,8,0,TOYOTA PRIUS,3,E01001793,0,-1
2020010237521,2020,010237521,1,8,0,6,6,3,3,0,0,0,0,0,0,0,1,1,1,1,1,37,7,1797,8,10,TOYOTA PRIUS,1,E01004340,0,-1
2020010262925,2020,010262925,2,9,0,18,19,7,3,0,0,0,0,0,0,0,1,1,1,1,1,28,6,1798,8,8,TOYOTA PRIUS,3,E01001368,0,-1
2020010233023,2020,010233023,1,9,0,5,5,1,5,0,0,4,0,0,0,0,1,1,6,6,1,40,7,1798,8,2,TOYOTA PRIUS,3,E01001629,0,-1
2020010264894,2020,010264894,2,9,0,2,2,0,0,0,0,0,0,0,0,0,1,1,6,6,3,-1,-1,1797,8,9,TOYOTA PRIUS,-1,-1,0,-1
2020010285841,2020,010285841,1,9,0,9,9,6,4,7,6,0,0,0,0,0,4,1,6,6,1,44,7,1497,8,15,TOYOTA PRIUS,1,E01004205,0,-1
2020010250254,2020,010250254,2,9,0,99,99,9,9,99,99,9,9,99,9,99,1,9,6,6,1,50,8,1797,8,6,TOYOTA PRIUS,6,E01001084,0,-1
2020420927346,2020,420927346,1,9,0,9,9,3,7,0,0,0,0,0,0,0,3,1,5,6,1,25,5,1497,8,12,TOYOTA PRIUS,5,E01021494,0,-1
2020622000355,2020,622000355,2,9,0,18,19,6,2,0,0,8,0,0,0,0,1,1,6,6,3,-1,-1,1798,8,8,TOYOTA PRIUS,-1,-1,0,-1
2020010260205,2020,010260205,2,9,0,2,2,0,0,0,0,1,0,0,0,0,3,1,6,6,3,-1,-1,1798,8,1,TOYOTA PRIUS,-1,-1,0,-1
2020010273147,2020,010273147,2,9,0,99,99,9,9,99,99,9,9,99,9,99,0,9,6,6,3,-1,-1,1798,8,4,TOYOTA PRIUS,3,E01003379,0,-1
2020010287130,2020,010287130,1,8,0,99,99,9,9,99,99,9,9,99,9,99,2,9,6,6,1,23,5,1797,8,8,TOYOTA PRIUS,2,E01001205,0,-1
2020200954806,2020,200954806,1,9,0,5,5,4,8,0,0,0,0,7,4,0,4,1,1,1,1,33,6,1797,8,6,TOYOTA PRIUS,2,E01009508,0,-1
2020010271129,2020,010271129,2,8,0,99,99,9,9,99,99,9,9,99,9,99,9,9,6,6,3,-1,-1,1798,8,2,TOYOTA PRIUS,7,E01003270,0,-1
2020010232040,2020,010232040,2,9,0,7,7,7,1,0,0,1,0,0,0,0,0,1,6,6,1,47,8,1497,8,12,TOYOTA PRIUS,4,E01002000,0,-1
2020010278364,2020,010278364,2,9,9,18,19,1,5,0,0,1,0,0,0,0,2,9,6,6,3,-1,-1,1798,8,5,TOYOTA PRIUS,-1,-1,0,-1
2020400936615,2020,400936615,1,9,0,6,6,8,4,0,0,0,0,0,0,0,3,1,5,6,1,64,9,1797,8,10,TOYOTA PRIUS,8,E01002174,0,-1
2020340N05132,2020,340N05132,1,9,0,18,19,5,1,0,0,0,0,0,0,0,1,1,6,6,1,51,8,1497,8,12,TOYOTA PRIUS,2,E01027227,0,-1
2020010237575,2020,010237575,1,8,0,99,99,9,9,99,99,1,9,99,9,99,2,9,6,6,1,35,6,1797,8,6,TOYOTA PRIUS,3,E01003736,0,-1
2020010228596,2020,010228596,1,9,0,12,12,5,1,0,0,1,0,0,0,0,2,1,1,1,2,32,6,1798,8,1,TOYOTA PRIUS,1,E01033356,0,-1
2020010275509,2020,010275509,1,9,0,18,19,7,3,9,9,0,0,0,1,11,1,1,6,6,1,65,9,1797,8,10,TOYOTA PRIUS,4,E01003645,0,-1
2020010253520,2020,010253520,1,8,0,99,99,9,9,99,99,9,9,99,9,99,2,9,6,6,1,32,6,1798,8,5,TOYOTA PRIUS,4,E01023301,0,-1
2020010273840,2020,010273840,1,9,0,9,9,3,1,0,0,2,1,10,3,11,3,1,6,6,1,35,6,1497,8,15,TOYOTA PRIUS,8,E01000678,0,-1
2020410920758,2020,410920758,1,8,0,17,19,5,1,0,0,0,2,0,7,4,1,1,1,1,1,47,8,1798,8,5,TOYOTA PRIUS,2,E01015716,0,-1
2020010263775,2020,010263775,2,8,0,99,99,9,9,0,0,9,0,0,0,0,9,9,6,6,3,-1,-1,1797,8,7,TOYOTA PRIUS,4,E01004643,0,-1
2020010232252,2020,010232252,1,9,0,99,99,9,9,99,99,4,9,99,9,99,2,9,6,6,1,33,6,1798,8,7,TOYOTA PRIUS,7,E01033733,0,-1
2020010235051,2020,010235051,2,8,0,6,6,5,5,0,0,2,0,0,0,0,3,9,1,1,1,-1,-1,1797,8,9,TOYOTA PRIUS,-1,-1,0,-1
202031C132520,2020,31C132520,1,8,0,5,5,1,5,0,0,6,0,0,0,0,0,1,1,1,3,-1,-1,1797,8,11,TOYOTA PRIUS,-1,-1,0,-1
202006P268004,2020,06P268004,2,8,0,18,19,5,1,0,0,0,0,0,0,0,1,1,1,1,1,28,6,1497,8,12,TOYOTA PRIUS,1,E01005581,0,-1
2020010264770,2020,010264770,1,9,0,99,99,9,9,99,99,0,9,99,9,99,2,1,6,6,3,43,7,1797,8,7,TOYOTA PRIUS,3,E01001492,0,-1
2020010233719,2020,010233719,2,9,0,18,19,5,1,0,0,1,0,0,0,0,1,1,6,6,1,40,7,1791,8,9,TOYOTA PRIUS,2,E01004398,0,-1
2020440422619,2020,440422619,2,9,0,18,19,7,3,0,0,8,0,0,0,0,1,1,6,6,1,75,10,1798,8,3,TOYOTA PRIUS,5,E01022957,0,-1
2020070614578,2020,070614578,2,8,0,18,19,1,5,0,0,8,0,0,0,0,4,1,1,1,1,26,6,179,8,6,TOYOTA PRIUS,2,E01005026,0,-1
2020211027075,2020,211027075,1,9,0,18,19,7,3,0,0,2,0,0,0,0,1,1,1,1,1,53,8,1797,8,7,TOYOTA PRIUS,-1,-1,0,-1
2020010251025,2020,010251025,1,8,0,5,5,5,1,0,0,8,0,0,0,0,3,1,1,1,1,44,7,1798,8,7,TOYOTA PRIUS,5,E01004519,0,-1
2020010250148,2020,010250148,1,9,0,5,5,0,5,0,0,1,0,0,0,0,1,1,1,1,1,49,8,1798,8,3,TOYOTA PRIUS,2,E01000482,0,-1
2020430006711,2020,430006711,2,9,0,4,4,8,4,0,0,0,0,0,0,0,2,1,6,6,1,53,8,1797,8,9,TOYOTA PRIUS,5,E01016756,0,-1
2020010245845,2020,010245845,2,9,0,99,99,9,9,99,99,9,9,99,9,99,1,9,6,6,3,40,7,1797,8,9,TOYOTA PRIUS,1,E01004309,0,-1
2020010236892,2020,010236892,1,9,0,4,4,3,7,0,0,3,0,0,0,0,2,1,6,6,2,50,8,1798,8,4,TOYOTA PRIUS,2,E01000045,0,-1
2020451000331,2020,451000331,1,9,0,3,3,3,1,0,0,1,0,0,0,0,2,1,4,7,2,19,4,1797,8,9,TOYOTA PRIUS,4,E01033424,0,-1
2020010238155,2020,010238155,2,9,0,10,10,5,3,0,0,5,0,0,0,0,1,1,6,6,1,50,8,1797,8,10,TOYOTA PRIUS,8,E01015522,0,-1
2020010285133,2020,010285133,1,9,0,18,19,3,7,0,0,0,0,0,0,0,4,1,6,6,1,45,7,1797,8,11,TOYOTA PRIUS,1,E01002905,0,-1
2020400988489,2020,400988489,2,9,0,2,2,0,0,0,0,0,0,0,0,0,1,1,6,6,3,-1,-1,1497,8,13,TOYOTA PRIUS,-1,-1,0,-1
202006A270526,2020,06A270526,1,9,0,9,9,3,1,0,0,8,0,0,0,0,1,1,6,6,2,31,6,1797,8,10,TOYOTA PRIUS,2,E01005140,0,-1
2020010230420,2020,010230420,1,9,0,99,99,9,9,99,99,9,9,99,9,99,9,9,6,6,1,45,7,1798,8,7,TOYOTA PRIUS,8,E01002216,0,-1
2020010248137,2020,010248137,1,8,0,2,2,0,0,0,0,1,0,0,0,0,3,1,6,6,3,-1,-1,1798,8,4,TOYOTA PRIUS,-1,-1,0,-1
2020010252062,2020,010252062,2,9,0,18,19,7,3,0,0,1,0,0,0,0,1,1,6,6,1,40,7,1797,8,6,TOYOTA PRIUS,4,E01003056,0,-1
2020010251504,2020,010251504,2,9,0,99,99,9,9,99,99,9,9,99,9,99,9,9,6,6,3,-1,-1,1497,8,14,TOYOTA PRIUS,1,E01000551,0,-1
2020010264767,2020,010264767,1,8,0,18,19,7,3,0,0,8,0,0,0,0,4,1,1,1,1,49,8,1798,8,5,TOYOTA PRIUS,2,E01004398,0,-1
2020010235414,2020,010235414,1,8,0,5,5,2,6,0,0,2,0,0,3,0,0,1,1,1,1,50,8,1798,8,5,TOYOTA PRIUS,4,E01001285,0,-1
2020010257019,2020,010257019,1,8,0,99,99,9,9,99,99,9,9,99,9,99,9,9,6,6,1,34,6,1797,8,6,TOYOTA PRIUS,3,E01003521,0,-1
202031D005420,2020,31D005420,1,8,0,18,19,2,6,0,0,2,0,7,0,0,1,1,1,1,1,36,7,1798,8,3,TOYOTA PRIUS,-1,-1,0,-1
2020010269146,2020,010269146,1,9,0,99,99,9,9,99,99,9,9,99,9,99,9,9,6,6,1,-1,-1,1797,8,5,TOYOTA PRIUS,6,E01003386,0,-1
2020010234745,2020,010234745,2,9,0,99,99,9,9,99,99,9,9,99,9,99,1,9,6,6,3,-1,-1,1797,8,7,TOYOTA PRIUS,-1,-1,0,-1
2020010243163,2020,010243163,5,9,0,2,2,0,0,0,0,0,0,0,0,0,1,1,6,6,3,-1,-1,1797,8,9,TOYOTA PRIUS,-1,-1,0,-1
2020010257383,2020,010257383,4,8,0,18,19,2,6,0,0,1,0,0,0,0,3,1,6,6,1,25,5,1797,8,6,TOYOTA PRIUS,2,E01004720,0,-1
2020360983993,2020,360983993,1,9,0,9,9,4,2,0,0,1,0,0,0,0,4,1,5,6,1,50,8,1798,8,1,TOYOTA PRIUS,2,E01026865,0,-1
2020010271225,2020,010271225,1,9,0,99,99,9,9,99,99,9,9,99,9,99,1,9,6,6,1,46,8,1798,8,2,TOYOTA PRIUS,1,E01002037,0,-1
2020010261633,2020,010261633,2,9,0,99,99,9,9,99,99,0,9,99,9,99,2,9,6,6,3,-1,-1,1797,8,7,TOYOTA PRIUS,-1,-1,0,-1
2020400927740,2020,400927740,1,9,0,18,19,8,4,0,0,0,0,0,0,0,1,1,2,2,1,27,6,1797,8,8,TOYOTA PRIUS,2,E01015737,0,-1
2020010284629,2020,010284629,2,9,0,99,99,9,9,99,99,9,9,99,9,99,9,9,6,6,1,39,7,1797,8,5,TOYOTA PRIUS,3,E01001363,0,-1
2020010261609,2020,010261609,2,8,0,10,10,1,7,0,0,5,0,0,0,0,4,1,1,1,2,32,6,1797,8,10,TOYOTA PRIUS,8,E01002942,0,-1
2020010250025,2020,010250025,2,9,0,4,4,1,5,0,0,1,0,0,0,0,1,1,6,6,1,48,8,1791,8,9,TOYOTA PRIUS,3,E01002647,0,-1
2020010257118,2020,010257118,2,9,0,5,5,1,5,0,0,1,0,0,0,0,1,1,2,2,1,37,7,1798,8,1,TOYOTA PRIUS,3,E01000900,0,-1
2020351006625,2020,351006625,1,8,0,9,9,6,4,0,0,5,0,0,0,0,3,1,6,6,1,43,7,1797,8,8,TOYOTA PRIUS,3,E01017971,0,-1
2020400987757,2020,400987757,2,9,0,4,4,7,1,0,0,0,0,0,1,0,2,1,6,6,1,48,8,1797,8,8,TOYOTA PRIUS,4,E01017512,0,-1
2020010286350,2020,010286350,1,8,0,99,99,9,9,0,0,0,0,0,0,0,3,1,6,6,1,48,8,1797,8,5,TOYOTA PRIUS,9,E01004080,0,-1
2020040970459,2020,040970459,6,9,0,3,3,3,7,0,0,2,0,0,0,0,1,1,2,2,1,62,9,1798,8,2,TOYOTA PRIUS,8,E01025420,0,-1
2020010287811,2020,010287811,2,9,0,18,19,7,3,99,99,4,9,99,0,0,9,1,6,6,1,56,9,1797,8,5,TOYOTA PRIUS,5,E01003713,0,-1
2020010282271,2020,010282271,2,9,0,99,99,9,9,99,99,9,9,99,9,99,9,9,6,6,3,-1,-1,1798,8,6,TOYOTA PRIUS,4,E01000507,0,-1
2020010277931,2020,010277931,2,9,0,9,9,1,6,0,0,8,0,0,0,0,3,1,6,6,1,42,7,1797,8,11,TOYOTA PRIUS,6,E01003653,0,-1
2020010238112,2020,010238112,1,8,0,4,4,3,7,0,0,0,0,0,0,0,1,1,1,1,1,50,8,1798,8,8,TOYOTA PRIUS,2,E01003324,0,-1
2020302000974,2020,302000974,2,9,0,18,19,4,8,0,0,8,0,0,0,0,4,1,6,6,1,79,11,1497,8,12,TOYOTA PRIUS,6,E01029424,0,-1
2020010251870,2020,010251870,1,8,0,9,9,7,5,0,0,5,0,0,0,0,1,1,1,1,1,35,6,1798,8,4,TOYOTA PRIUS,4,E01003554,0,-1
2020010258165,2020,010258165,2,8,0,18,19,3,7,0,0,8,0,0,0,0,1,1,6,6,3,-1,-1,1798,8,4,TOYOTA PRIUS,-1,-1,0,-1
2020010228659,2020,010228659,1,9,0,18,19,1,5,0,0,8,0,0,0,0,1,1,1,1,1,36,7,1797,8,10,TOYOTA PRIUS,1,E01033701,0,-1
2020010285779,2020,010285779,1,9,0,11,11,5,1,0,0,1,0,0,0,0,4,1,2,2,1,57,9,1797,8,9,TOYOTA PRIUS,2,E01033341,0,-1
2020010229168,2020,010229168,2,9,0,99,99,9,9,99,99,9,9,99,9,99,9,9,6,6,3,29,6,1798,8,3,TOYOTA PRIUS,-1,-1,0,-1
2020010278032,2020,010278032,1,9,0,4,4,8,4,0,0,1,0,0,0,0,1,1,1,1,1,29,6,1798,8,0,TOYOTA PRIUS,2,E01000523,0,-1
2020200929945,2020,200929945,1,9,0,18,19,-1,-1,0,0,0,0,0,0,0,1,1,6,6,1,-1,-1,1797,8,10,TOYOTA PRIUS,-1,-1,0,-1
2020010262402,2020,010262402,2,9,0,4,4,1,5,0,0,4,0,0,0,0,2,1,1,1,1,45,7,1798,8,6,TOYOTA PRIUS,4,E01004345,0,-1
2020010276550,2020,010276550,1,9,0,3,3,5,1,0,0,0,0,0,0,0,4,1,1,1,1,26,6,1797,8,5,TOYOTA PRIUS,2,E01000954,0,-1
2020010236599,2020,010236599,2,9,0,18,19,5,1,0,0,1,0,10,0,0,3,1,1,1,1,46,8,1798,8,7,TOYOTA PRIUS,1,E01001425,0,-1
2020137A10957,2020,137A10957,1,8,0,18,19,3,7,0,0,0,0,0,0,0,2,1,6,6,1,-1,-1,1797,8,6,TOYOTA PRIUS,-1,-1,0,-1
2020010271881,2020,010271881,2,9,0,1,1,5,1,0,0,0,0,4,0,0,2,1,6,6,2,44,7,1791,8,8,TOYOTA PRIUS,3,E01000114,0,-1
2020010235890,2020,010235890,2,9,0,99,99,9,9,99,99,9,9,99,9,99,9,9,6,6,3,-1,-1,1798,8,5,TOYOTA PRIUS,4,E01003034,0,-1
2020010229472,2020,010229472,1,9,0,99,99,9,9,99,99,9,9,99,9,99,9,9,6,6,1,-1,-1,1797,8,6,TOYOTA PRIUS,5,E01004624,0,-1
202006K171020,2020,06K171020,1,8,0,18,19,5,1,0,0,8,0,0,0,0,1,1,6,6,1,30,6,1798,8,5,TOYOTA PRIUS,-1,-1,0,-1
2020410968117,2020,410968117,2,9,0,18,19,3,7,0,0,0,0,0,0,0,2,1,5,6,1,53,8,1797,8,5,TOYOTA PRIUS,4,E01023336,0,-1
2020010269338,2020,010269338,1,9,0,18,19,7,3,0,0,0,0,0,0,0,1,1,1,1,1,45,7,1798,8,4,TOYOTA PRIUS,3,E01002547,0,-1
2020460996789,2020,460996789,2,9,0,18,19,4,8,0,0,0,0,0,0,0,3,1,1,1,1,45,7,1797,8,5,TOYOTA PRIUS,8,E01024184,0,-1
2020010277583,2020,010277583,3,9,0,7,7,1,3,2,2,1,0,0,0,0,4,1,1,1,1,49,8,1797,8,9,TOYOTA PRIUS,6,E01003393,0,-1
2020010289534,2020,010289534,1,8,0,1,1,5,1,0,0,0,0,0,0,0,2,9,6,6,3,-1,-1,1797,8,5,TOYOTA PRIUS,-1,-1,0,-1
2020010254130,2020,010254130,1,9,0,5,5,5,1,0,0,2,0,0,0,0,1,1,6,6,1,39,7,1797,8,8,TOYOTA PRIUS,4,E01004565,0,-1
2020010259589,2020,010259589,2,8,0,18,19,5,1,0,0,3,0,0,0,0,1,1,1,1,1,45,7,1798,8,3,TOYOTA PRIUS,3,E01021563,0,-1
2020320440259,2020,320440259,1,9,0,4,4,1,5,0,0,1,0,0,0,0,1,1,6,6,1,25,5,1497,8,13,TOYOTA PRIUS,3,E01026025,0,-1
2020010256232,2020,010256232,2,8,0,99,99,9,9,99,99,9,9,99,9,99,1,9,6,6,3,-1,-1,1797,8,9,TOYOTA PRIUS,-1,-1,0,-1
2020010254572,2020,010254572,1,9,0,5,5,1,5,0,0,1,0,0,0,0,1,1,1,1,1,55,8,1797,8,3,TOYOTA PRIUS,1,E01000153,0,-1
2020010263580,2020,010263580,1,8,0,99,99,9,9,99,99,9,9,99,9,99,2,9,6,6,1,42,7,1798,8,6,TOYOTA PRIUS,2,E01001249,0,-1
2020010274187,2020,010274187,1,9,0,18,19,6,2,0,0,1,0,0,0,0,4,1,1,1,1,47,8,1798,8,2,TOYOTA PRIUS,-1,-1,0,-1
2020010267418,2020,010267418,1,9,0,9,9,6,3,0,0,2,0,0,0,0,3,1,2,2,1,32,6,1800,8,6,TOYOTA PRIUS,3,E01002795,0,-1
2020010282039,2020,010282039,3,9,0,18,19,3,7,0,0,2,0,4,0,0,1,1,1,1,1,56,9,1798,8,6,TOYOTA PRIUS,-1,-1,0,-1
2020010253418,2020,010253418,2,9,0,9,9,6,4,0,0,6,0,0,0,0,0,1,1,1,1,47,8,1791,8,9,TOYOTA PRIUS,3,E01001834,0,-1
2020010236858,2020,010236858,1,8,0,5,5,6,2,99,99,1,9,99,9,99,2,9,6,6,1,40,7,1798,8,2,TOYOTA PRIUS,3,E01000740,0,-1
2020010239560,2020,010239560,2,9,0,3,3,3,7,0,0,1,0,0,0,0,1,1,3,7,1,40,7,1798,8,4,TOYOTA PRIUS,3,E01003719,0,-1
2020200927842,2020,200927842,1,8,0,18,19,2,6,0,0,0,0,0,0,0,1,1,6,6,1,-1,-1,1797,8,6,TOYOTA PRIUS,-1,-1,0,-1
2020400986055,2020,400986055,3,9,0,18,19,5,1,0,0,0,0,0,0,0,1,1,6,6,1,32,6,1798,8,2,TOYOTA PRIUS,5,E01015740,0,-1
2020010286900,2020,010286900,1,9,0,99,99,9,9,99,99,2,0,0,0,0,0,1,6,6,1,44,7,1798,8,3,TOYOTA PRIUS,3,E01003635,0,-1
2020522000605,2020,522000605,2,8,0,4,4,7,3,0,0,1,0,0,0,0,1,1,6,6,3,-1,-1,1798,8,2,TOYOTA PRIUS,-1,-1,0,-1