collision_index,collision_year,collision_ref_no,vehicle_reference,vehicle_type,towing_and_articulation,vehicle_manoeuvre_historic,vehicle_manoeuvre,vehicle_direction_from,vehicle_direction_to,vehicle_location_restricted_lane_historic,vehicle_location_restricted_lane,junction_location,skidding_and_overturning,hit_object_in_carriageway,vehicle_leaving_carriageway,hit_object_off_carriageway,first_point_of_impact,vehicle_left_hand_drive,journey_purpose_of_driver_historic,journey_purpose_of_driver,sex_of_driver,age_of_driver,age_band_of_driver,engine_capacity_cc,propulsion_code,age_of_vehicle,generic_make_model,driver_imd_decile,lsoa_of_driver,escooter_flag,driver_distance_banding
2020010277486,2020,010277486,1,9,0,7,7,1,4,0,0,6,0,0,0,0,1,1,1,1,1,21,5,1797,8,9,TOYOTA PRIUS,7,E01000459,0,-1
2020010268064,2020,010268064,1,8,0,18,19,5,1,0,0,8,0,0,0,0,4,1,1,1,1,44,7,1797,8,6,TOYOTA PRIUS,2,E01001320,0,-1
2020041004329,2020,041004329,3,9,0,18,19,1,5,0,0,0,0,0,0,0,2,1,1,1,1,39,7,1497,8,12,TOYOTA PRIUS,1,E01012641,0,-1
2020041001941,2020,041001941,1,9,0,4,4,1,7,0,0,1,0,0,0,0,1,1,6,6,3,-1,-1,1497,8,13,TOYOTA PRIUS,-1,-1,0,-1
2020421013668,2020,421013668,1,9,0,18,19,7,3,0,0,4,0,0,0,0,1,1,1,1,1,34,6,1798,8,5,TOYOTA PRIUS,4,E01015930,0,-1
2020440464215,2020,440464215,2,9,0,18,19,7,3,0,0,8,0,0,0,0,1,1,1,1,2,37,7,1798,8,5,TOYOTA PRIUS,1,E01017102,0,-1
2020010275121,2020,010275121,1,9,0,99,99,9,9,99,99,9,9,99,9,99,9,9,6,6,3,-1,-1,1797,8,5,TOYOTA PRIUS,-1,-1,0,-1
2020010257378,2020,010257378,1,9,0,99,99,9,9,99,99,9,9,99,9,99,2,9,6,6,1,50,8,1797,8,11,TOYOTA PRIUS,5,E01004492,0,-1
2020010283942,2020,010283942,1,8,0,7,7,5,7,0,0,8,0,0,0,0,1,1,2,2,1,51,8,1798,8,7,TOYOTA PRIUS,4,E01004643,0,-1
2020430281373,2020,430281373,2,8,0,3,3,6,2,0,0,1,0,0,0,0,2,1,1,1,1,43,7,1797,8,7,TOYOTA PRIUS,7,E01016495,0,-1
2020010283123,2020,010283123,1,9,0,99,99,9,9,99,99,0,9,99,9,99,2,9,6,6,1,55,8,1797,8,11,TOYOTA PRIUS,5,E01003067,0,-1
2020400990162,2020,400990162,2,9,0,5,5,4,8,0,0,2,0,0,0,0,3,1,2,2,1,45,7,1798,8,4,TOYOTA PRIUS,5,E01015768,0,-1
2020010253011,2020,010253011,1,9,0,7,7,6,1,0,0,0,0,0,0,0,1,1,6,6,1,43,7,1798,8,5,TOYOTA PRIUS,4,E01001883,0,-1
2020010236855,2020,010236855,1,9,0,3,3,2,6,0,0,1,9,0,0,99,2,9,6,6,1,40,7,1497,8,14,TOYOTA PRIUS,3,E01002557,0,-1
2020010256800,2020,010256800,1,9,0,3,3,7,3,9,9,0,0,4,0,0,4,1,1,1,1,46,8,1797,8,6,TOYOTA PRIUS,4,E01016448,0,-1
2020360936863,2020,360936863,1,9,0,5,5,2,6,0,0,0,0,0,3,10,1,1,6,6,1,34,6,1497,8,12,TOYOTA PRIUS,1,E01026467,0,-1
2020010272176,2020,010272176,1,9,0,4,4,5,1,0,0,1,0,0,0,0,2,1,6,6,1,45,7,1497,8,14,TOYOTA PRIUS,2,E01001800,0,-1
2020010260750,2020,010260750,2,9,0,99,99,9,9,99,99,0,0,99,9,99,9,9,6,6,3,-1,-1,1798,8,3,TOYOTA PRIUS,-1,-1,0,-1
2020010237824,2020,010237824,2,9,0,18,19,6,2,99,99,9,9,99,9,99,1,1,6,6,3,-1,-1,1497,8,13,TOYOTA PRIUS,-1,-1,0,-1
2020010249604,2020,010249604,2,9,0,99,99,9,9,99,99,9,9,99,9,99,0,9,6,6,3,-1,-1,1497,8,12,TOYOTA PRIUS,4,E01002299,0,-1
2020010277287,2020,010277287,1,9,0,5,5,0,3,0,0,1,0,0,0,0,3,1,1,1,1,41,7,1797,8,9,TOYOTA PRIUS,2,E01004535,0,-1
2020410989656,2020,410989656,1,8,0,18,19,4,8,0,0,0,0,0,0,0,3,1,1,1,1,41,7,1797,8,7,TOYOTA PRIUS,2,E01004535,0,-1
2020010242271,2020,010242271,1,9,0,8,8,6,8,0,0,1,0,0,0,0,3,1,1,1,1,30,6,1797,8,8,TOYOTA PRIUS,6,E01002678,0,-1
2020410935789,2020,410935789,2,9,0,9,9,4,8,0,0,0,0,0,0,0,3,1,1,1,1,31,6,1797,8,9,TOYOTA PRIUS,4,E01023805,0,-1
2020010239622,2020,010239622,2,8,0,18,19,3,7,99,99,1,9,99,9,99,1,9,6,6,1,52,8,1798,8,6,TOYOTA PRIUS,7,E01002172,0,-1
2020010236921,2020,010236921,1,8,0,4,4,1,5,0,0,2,0,0,0,0,1,1,1,1,1,33,6,1798,8,8,TOYOTA PRIUS,3,E01001359,0,-1
2020010259222,2020,010259222,1,9,0,6,6,4,4,0,0,1,0,0,0,0,1,1,6,6,1,35,6,1797,8,7,TOYOTA PRIUS,1,E01001798,0,-1
2020460953667,2020,460953667,1,9,0,9,9,4,1,0,0,4,0,0,0,0,1,1,5,6,1,62,9,1497,8,14,TOYOTA PRIUS,7,E01024801,0,-1
2020010235395,2020,010235395,1,9,0,10,10,5,2,0,0,1,0,0,0,0,3,1,6,6,1,43,7,1798,8,4,TOYOTA PRIUS,6,E01002258,0,-1
2020010268389,2020,010268389,1,8,0,10,10,5,3,0,0,5,0,0,0,0,4,1,1,1,1,52,8,1792,8,6,TOYOTA PRIUS,8,E01030701,0,-1
2020010284026,2020,010284026,1,8,0,99,99,9,9,99,99,8,9,99,9,99,2,9,6,6,1,49,8,1797,8,6,TOYOTA PRIUS,2,E01003731,0,-1
2020010249201,2020,010249201,1,9,0,9,9,3,8,0,0,1,0,0,0,0,4,1,1,1,1,59,9,1798,8,1,TOYOTA PRIUS,5,E01023761,0,-1
2020010272403,2020,010272403,1,8,0,99,99,9,9,99,99,9,9,99,9,99,2,1,6,6,1,24,5,1798,8,6,TOYOTA PRIUS,3,E01000973,0,-1
2020010286031,2020,010286031,2,9,0,99,99,9,9,99,99,9,9,99,9,99,1,9,6,6,1,37,7,1798,8,6,TOYOTA PRIUS,2,E01000627,0,-1
2020420962909,2020,420962909,1,9,0,17,19,8,5,0,0,4,0,0,0,0,1,1,6,6,1,-1,-1,1798,8,2,TOYOTA PRIUS,-1,-1,0,-1
2020990932842,2020,990932842,1,8,0,18,19,4,1,0,0,4,0,0,0,0,1,1,1,1,1,49,8,1797,8,10,TOYOTA PRIUS,9,-1,0,-1
2020010264596,2020,010264596,1,9,0,3,3,5,1,0,0,1,0,0,0,0,3,1,6,6,1,40,7,1798,8,1,TOYOTA PRIUS,3,E01003915,0,-1
2020010228951,2020,010228951,2,9,0,99,99,9,9,99,99,0,9,99,9,99,9,9,6,6,3,-1,-1,1797,8,5,TOYOTA PRIUS,6,E01004581,0,-1
2020010264391,2020,010264391,2,9,0,99,99,9,9,99,99,9,9,99,9,99,9,9,6,6,3,32,6,1797,8,6,TOYOTA PRIUS,1,E01000595,0,-1
2020010282787,2020,010282787,2,9,0,18,19,5,1,0,0,1,0,0,0,0,3,1,1,1,1,52,8,1798,8,2,TOYOTA PRIUS,1,E01015852,0,-1
2020211010815,2020,211010815,1,9,-1,-1,-1,5,1,-1,-1,-1,-1,-1,-1,0,-1,1,6,6,1,30,6,1798,8,0,TOYOTA PRIUS,2,E01014285,0,-1
2020010285203,2020,010285203,2,8,0,18,19,1,5,99,99,9,9,99,9,99,1,1,6,6,1,28,6,1800,8,4,TOYOTA PRIUS,1,E01002280,0,-1
2020010261516,2020,010261516,2,9,0,18,19,5,1,0,0,0,0,0,0,0,1,1,6,6,1,-1,-1,1797,8,10,TOYOTA PRIUS,-1,-1,0,-1
2020010230119,2020,010230119,1,9,0,99,99,9,9,99,99,0,9,99,9,99,2,9,6,6,1,43,7,1797,8,10,TOYOTA PRIUS,5,E01002447,0,-1
2020010247277,2020,010247277,1,9,0,2,2,0,0,0,0,2,0,0,0,0,3,1,6,6,3,-1,-1,1797,8,10,TOYOTA PRIUS,-1,-1,0,-1
2020010231170,2020,010231170,2,9,0,3,3,1,5,0,0,0,1,4,0,0,1,1,6,6,1,20,4,1797,8,6,TOYOTA PRIUS,-1,-1,0,-1
2020010233710,2020,010233710,2,9,0,99,99,9,9,99,99,9,9,99,9,99,1,9,6,6,3,-1,-1,1798,8,7,TOYOTA PRIUS,3,E01000610,0,-1
2020010257386,2020,010257386,1,8,0,99,99,9,9,99,99,9,9,99,9,99,2,9,6,6,1,45,7,1797,8,10,TOYOTA PRIUS,6,E01021541,0,-1
2020010233259,2020,010233259,1,9,0,9,9,5,3,0,0,8,0,0,0,0,1,1,6,6,1,41,7,1797,8,10,TOYOTA PRIUS,3,E01001267,0,-1
2020500950589,2020,500950589,1,9,0,18,19,5,6,9,9,5,0,0,0,0,1,1,6,6,1,86,11,1798,8,2,TOYOTA PRIUS,8,E01020281,0,-1
2020010249663,2020,010249663,1,8,0,99,99,9,9,99,99,9,9,99,9,99,2,9,6,6,1,38,7,1798,8,4,TOYOTA PRIUS,3,E01002030,0,-1
2020470978313,2020,470978313,1,9,0,9,9,1,7,0,0,6,0,0,0,0,4,1,5,6,1,62,9,1497,8,14,TOYOTA PRIUS,7,E01020970,0,-1
2020430194020,2020,430194020,2,8,0,17,19,6,4,0,0,0,0,0,0,0,1,1,1,1,1,34,6,1791,8,8,TOYOTA PRIUS,4,E01016484,0,-1
2020010253692,2020,010253692,1,9,0,9,9,3,1,0,0,8,0,11,0,0,1,1,6,6,1,22,5,1797,8,11,TOYOTA PRIUS,7,E01004130,0,-1
2020010232553,2020,010232553,2,9,0,6,6,7,7,0,0,0,0,0,0,0,4,1,6,6,1,22,5,1797,8,10,TOYOTA PRIUS,5,E01003307,0,-1
2020010243498,2020,010243498,1,9,9,99,99,9,9,99,99,9,9,99,9,99,9,9,6,6,1,43,7,1797,8,9,TOYOTA PRIUS,3,E01003379,0,-1
2020010240335,2020,010240335,2,9,0,18,19,7,3,0,0,1,0,0,0,0,4,1,6,6,1,46,8,1797,8,9,TOYOTA PRIUS,6,E01033083,0,-1
2020010251284,2020,010251284,1,9,0,99,99,9,9,99,99,9,9,99,9,99,2,9,6,6,1,38,7,1797,8,10,TOYOTA PRIUS,3,E01000499,0,-1
2020340N06012,2020,340N06012,2,8,0,5,5,1,5,0,0,2,0,0,1,10,1,1,6,6,1,44,7,1798,8,6,TOYOTA PRIUS,2,E01027241,0,-1
2020010240334,2020,010240334,2,8,0,9,9,3,1,0,0,0,0,0,0,0,3,1,6,6,1,43,7,1497,8,11,TOYOTA PRIUS,1,E01025183,0,-1
2020430323922,2020,430323922,1,9,0,18,19,5,1,0,0,8,0,7,7,10,3,1,3,7,2,38,7,1497,8,13,TOYOTA PRIUS,10,E01016627,0,-1
2020010280026,2020,010280026,1,9,0,9,9,7,4,0,0,8,0,0,0,0,1,1,1,1,1,53,8,1798,8,4,TOYOTA PRIUS,1,E01009951,0,-1
2020440089947,2020,440089947,2,8,0,18,19,6,2,0,0,8,0,0,0,0,1,1,1,1,1,58,9,1797,8,7,TOYOTA PRIUS,6,E01017214,0,-1
2020010271131,2020,010271131,1,9,0,18,19,5,1,0,0,1,0,0,0,0,4,1,6,6,1,36,7,1798,8,8,TOYOTA PRIUS,-1,-1,0,-1
2020400952104,2020,400952104,1,9,0,18,19,5,1,0,0,0,0,0,0,0,3,1,5,6,1,43,7,1798,8,5,TOYOTA PRIUS,-1,-1,0,-1
2020430245191,2020,430245191,1,9,0,18,19,1,5,0,0,8,0,0,0,0,1,1,1,1,1,27,6,1798,8,3,TOYOTA PRIUS,9,E01028754,0,-1
2020010284912,2020,010284912,1,9,0,99,99,9,9,99,99,9,9,99,9,99,1,9,6,6,1,27,6,1797,8,6,TOYOTA PRIUS,4,E01009871,0,-1
2020010247863,2020,010247863,2,8,0,7,7,5,7,0,0,8,0,0,0,0,4,1,1,1,1,39,7,1791,8,8,TOYOTA PRIUS,3,E01002649,0,-1
2020010229333,2020,010229333,3,9,0,18,19,5,1,0,0,1,0,0,0,0,1,1,6,6,1,50,8,1797,8,6,TOYOTA PRIUS,9,E01002980,0,-1
2020460968303,2020,460968303,1,9,0,18,19,1,5,0,0,0,0,10,0,0,0,1,1,1,1,-1,-1,1798,8,7,TOYOTA PRIUS,3,E01024182,0,-1
2020010267991,2020,010267991,2,8,0,99,99,9,9,99,99,0,9,99,9,99,2,9,6,6,3,-1,-1,1798,8,8,TOYOTA PRIUS,-1,-1,0,-1
2020010236770,2020,010236770,1,8,0,18,19,7,3,0,0,8,0,0,0,0,1,1,1,1,1,54,8,1797,8,11,TOYOTA PRIUS,2,E01004755,0,-1
2020010276818,2020,010276818,1,9,0,9,9,1,6,0,0,5,0,0,0,0,1,1,1,1,1,50,8,1798,8,4,TOYOTA PRIUS,6,E01003754,0,-1
2020010248158,2020,010248158,1,9,0,18,19,7,3,0,0,8,0,0,0,0,4,9,6,6,3,41,7,1797,8,7,TOYOTA PRIUS,6,E01000414,0,-1
2020010262760,2020,010262760,1,9,0,99,99,9,9,99,99,9,9,99,9,99,1,9,6,6,2,50,8,1798,8,8,TOYOTA PRIUS,3,E01002185,0,-1
2020010272242,2020,010272242,1,8,0,9,9,1,7,0,0,5,0,0,0,0,4,1,1,1,1,50,8,1798,8,5,TOYOTA PRIUS,3,E01002503,0,-1
2020010268625,2020,010268625,2,8,0,99,99,9,9,99,99,9,9,99,9,99,1,9,6,6,3,-1,-1,1797,8,7,TOYOTA PRIUS,2,E01000600,0,-1
2020010229029,2020,010229029,1,8,0,9,9,1,6,0,0,8,0,0,0,0,1,1,1,1,1,29,6,1790,8,5,TOYOTA PRIUS,4,E01004150,0,-1
2020010256452,2020,010256452,1,8,0,99,99,9,9,99,99,0,9,99,9,99,2,9,6,6,1,57,9,1798,8,7,TOYOTA PRIUS,2,E01003624,0,-1
2020010271550,2020,010271550,1,9,0,9,9,8,5,0,0,1,0,0,0,0,4,1,1,1,1,31,6,1791,8,8,TOYOTA PRIUS,3,E01001359,0,-1
2020010234918,2020,010234918,2,8,0,4,4,1,5,0,0,0,0,0,0,0,4,1,1,1,1,-1,-1,1797,8,5,TOYOTA PRIUS,3,E01024166,0,-1
2020360930764,2020,360930764,3,9,0,18,19,2,6,0,0,0,0,0,0,0,1,1,5,6,1,49,8,1797,8,6,TOYOTA PRIUS,2,E01003729,0,-1
2020010286515,2020,010286515,1,9,0,99,99,9,9,99,99,0,9,99,9,99,1,9,6,6,1,48,8,1797,8,10,TOYOTA PRIUS,3,E01000032,0,-1
2020010240729,2020,010240729,1,8,0,9,9,7,5,0,0,5,0,0,0,0,3,1,1,1,1,36,7,1798,8,5,TOYOTA PRIUS,2,E01003950,0,-1
2020010264439,2020,010264439,1,8,0,9,9,3,2,0,0,8,0,0,0,0,1,1,1,1,1,36,7,1797,8,5,TOYOTA PRIUS,3,E01000725,0,-1
2020010234490,2020,010234490,2,9,0,99,99,9,9,99,99,9,9,99,9,99,9,9,6,6,3,-1,-1,1777,8,10,TOYOTA PRIUS,-1,-1,0,-1
2020010263817,2020,010263817,1,8,0,99,99,9,9,99,99,9,9,99,9,99,2,9,6,6,3,-1,-1,1797,8,6,TOYOTA PRIUS,-1,-1,0,-1
2020010249700,2020,010249700,1,9,0,99,99,9,9,99,99,0,9,99,9,99,9,1,6,6,3,-1,-1,1797,8,8,TOYOTA PRIUS,-1,-1,0,-1
2020010245373,2020,010245373,1,9,0,99,99,9,9,99,99,9,9,99,9,99,0,9,6,6,3,41,7,1797,8,10,TOYOTA PRIUS,4,E01000155,0,-1
2020010231328,2020,010231328,3,9,0,3,3,5,1,0,0,0,0,0,0,0,2,1,1,1,1,31,6,1797,8,10,TOYOTA PRIUS,3,E01001111,0,-1
2020010284270,2020,010284270,2,9,0,99,99,9,9,99,99,9,0,0,9,0,9,1,6,6,3,-1,-1,1798,8,6,TOYOTA PRIUS,-1,-1,0,-1
2020070499559,2020,070499559,1,8,0,9,9,4,3,0,0,6,0,0,1,4,3,1,1,1,1,53,8,1797,8,11,TOYOTA PRIUS,3,E01012458,0,-1
2020010266071,2020,010266071,1,8,0,99,99,9,9,99,99,9,9,99,9,99,4,9,6,6,1,44,7,1798,8,8,TOYOTA PRIUS,5,E01002394,0,-1
2020010270275,2020,010270275,2,9,0,18,19,1,5,0,0,1,0,0,0,0,3,1,1,1,1,44,7,1797,8,10,TOYOTA PRIUS,2,E01003599,0,-1
2020010276104,2020,010276104,2,8,0,99,99,9,9,99,99,9,9,99,9,99,9,9,6,6,1,38,7,1797,8,6,TOYOTA PRIUS,2,E01000952,0,-1
2020010263133,2020,010263133,1,8,0,3,3,1,5,0,0,1,0,0,0,0,1,1,1,1,1,51,8,1797,8,7,TOYOTA PRIUS,3,E01001492,0,-1
2020010236200,2020,010236200,1,9,0,9,9,6,3,0,0,6,0,0,0,0,1,1,6,6,2,76,11,1497,8,12,TOYOTA PRIUS,3,E01000287,0,-1
2020410974573,2020,410974573,1,9,0,9,9,6,4,0,0,8,0,0,0,0,1,1,1,1,1,46,8,1797,8,7,TOYOTA PRIUS,8,E01023576,0,-1
2020010260115,2020,010260115,2,9,0,99,99,9,9,99,99,9,9,99,9,99,9,9,6,6,3,-1,-1,1798,8,8,TOYOTA PRIUS,-1,-1,0,-1
2020340N00942,2020,340N00942,2,9,0,7,7,1,5,0,0,8,0,0,0,1,1,1,1,1,1,43,7,1797,8,10,TOYOTA PRIUS,4,E01027252,0,-1
2020010258794,2020,010258794,2,9,0,99,99,9,9,99,99,9,9,99,9,99,2,9,6,6,3,22,5,1497,8,12,TOYOTA PRIUS,5,E01002546,0,-1
2020461010446,2020,461010446,3,9,0,2,2,0,0,0,0,1,0,0,0,0,2,1,6,6,1,35,6,1798,8,4,TOYOTA PRIUS,4,E01003561,0,-1
2020010269675,2020,010269675,1,8,0,5,5,3,7,0,0,6,0,10,1,0,3,1,6,6,1,40,7,1798,8,7,TOYOTA PRIUS,2,E01002697,0,-1
2020010235901,2020,010235901,2,8,0,9,9,2,7,0,0,1,0,0,0,0,2,1,1,1,1,49,8,1800,8,7,TOYOTA PRIUS,6,E01004621,0,-1
2020340N07922,2020,340N07922,1,8,0,18,19,5,1,0,0,1,0,0,0,0,1,1,1,1,1,65,9,1798,8,8,TOYOTA PRIUS,1,E01027153,0,-1
2020010255004,2020,010255004,2,8,0,99,99,9,9,99,99,9,9,99,9,99,9,9,6,6,3,-1,-1,1797,8,9,TOYOTA PRIUS,-1,-1,0,-1
2020010256946,2020,010256946,1,8,0,99,99,9,9,99,99,9,9,99,9,99,9,9,6,6,1,31,6,1797,8,5,TOYOTA PRIUS,3,E01004427,0,-1
2020010278558,2020,010278558,2,9,0,4,4,3,7,0,0,2,0,0,0,0,1,1,6,6,2,22,5,1497,8,16,TOYOTA PRIUS,4,E01003927,0,-1
2020010278985,2020,010278985,1,9,0,99,99,9,9,99,99,9,9,99,9,99,1,9,6,6,1,44,7,1797,8,10,TOYOTA PRIUS,4,E01033572,0,-1
2020200988039,2020,200988039,2,8,0,18,19,2,6,0,0,1,0,0,0,0,3,1,1,1,1,51,8,1798,8,6,TOYOTA PRIUS,4,E01009625,0,-1
2020010270813,2020,010270813,1,9,0,5,5,5,1,0,0,2,0,0,0,0,3,2,6,6,1,38,7,1797,8,6,TOYOTA PRIUS,-1,-1,0,-1
2020010250467,2020,010250467,1,9,0,99,99,9,9,99,99,0,9,99,9,99,2,9,6,6,1,47,8,1797,8,7,TOYOTA PRIUS,5,E01003642,0,-1
2020010235119,2020,010235119,3,9,0,3,3,3,7,0,0,2,0,0,0,0,3,1,6,6,1,45,7,1797,8,9,TOYOTA PRIUS,4,E01001183,0,-1
2020400991924,2020,400991924,1,9,0,17,19,1,2,0,0,3,0,0,0,0,3,1,6,6,1,24,5,1797,8,10,TOYOTA PRIUS,4,E01000634,0,-1
2020370958386,2020,370958386,2,9,0,18,19,6,2,0,0,2,0,0,0,0,1,1,5,6,1,53,8,1797,8,7,TOYOTA PRIUS,3,E01029998,0,-1
2020010241310,2020,010241310,2,8,0,3,3,1,5,0,0,0,0,0,0,0,1,1,6,6,3,-1,-1,1797,8,7,TOYOTA PRIUS,-1,-1,0,-1
2020010230460,2020,010230460,1,9,0,99,99,9,9,99,99,9,9,99,9,99,9,9,6,6,1,34,6,1797,8,11,TOYOTA PRIUS,5,E01002556,0,-1
2020200964130,2020,200964130,3,9,0,2,2,0,0,9,9,1,0,0,0,0,0,1,6,6,1,-1,-1,1497,8,15,TOYOTA PRIUS,-1,-1,0,-1
2020010251652,2020,010251652,1,8,0,18,19,5,1,0,0,2,0,0,0,0,2,1,6,6,1,57,9,1797,8,10,TOYOTA PRIUS,4,E01002168,0,-1
2020140965113,2020,140965113,1,9,0,18,19,1,5,0,0,0,0,0,0,0,1,1,1,1,1,35,6,1798,8,3,TOYOTA PRIUS,1,E01007718,0,-1
2020140971586,2020,140971586,1,9,0,5,5,8,2,0,0,6,1,0,0,0,3,1,6,6,2,57,9,1797,8,10,TOYOTA PRIUS,1,E01007949,0,-1
2020010274118,2020,010274118,2,9,0,9,9,7,5,0,0,8,0,0,0,0,1,1,1,1,1,31,6,1798,8,2,TOYOTA PRIUS,4,E01002059,0,-1
2020010282950,2020,010282950,1,8,0,17,19,1,5,0,0,0,0,0,0,0,1,1,1,1,1,53,8,1798,8,0,TOYOTA PRIUS,4,E01015712,0,-1
2020010269287,2020,010269287,1,9,0,9,9,8,5,0,0,2,0,0,0,0,1,1,1,1,1,27,6,1798,8,4,TOYOTA PRIUS,3,E01001363,0,-1
2020200933132,2020,200933132,1,8,0,18,19,-1,-1,0,0,0,0,0,0,0,1,1,6,6,1,-1,-1,1797,8,9,TOYOTA PRIUS,-1,-1,0,-1
2020010285927,2020,010285927,1,9,0,99,99,9,9,99,99,9,9,99,0,0,9,9,6,6,1,33,6,1497,8,14,TOYOTA PRIUS,2,E01003377,0,-1
2020010267403,2020,010267403,1,9,0,7,7,5,8,0,0,5,0,0,0,0,0,1,6,6,2,24,5,1797,8,10,TOYOTA PRIUS,4,E01024164,0,-1
2020010283230,2020,010283230,1,9,0,99,99,9,9,99,99,9,9,99,9,99,2,9,6,6,1,41,7,1797,8,10,TOYOTA PRIUS,5,E01000194,0,-1
2020010275823,2020,010275823,1,9,0,9,9,5,3,0,0,8,0,0,0,0,4,1,1,1,1,47,8,1798,8,6,TOYOTA PRIUS,2,E01000905,0,-1
2020451011241,2020,451011241,2,9,0,9,9,6,2,0,0,8,0,0,0,0,4,1,1,1,2,47,8,1497,8,13,TOYOTA PRIUS,4,E01030383,0,-1
2020010260220,2020,010260220,1,8,0,6,6,5,5,0,0,0,0,0,0,0,1,1,1,1,1,54,8,1797,8,10,TOYOTA PRIUS,1,E01001220,0,-1
2020010284909,2020,010284909,1,8,0,10,10,7,5,0,0,1,0,0,0,0,3,1,1,1,1,35,6,1798,8,7,TOYOTA PRIUS,1,E01000643,0,-1
2020010231003,2020,010231003,1,9,9,18,19,1,5,99,99,9,9,99,9,99,4,9,6,6,1,57,9,1798,8,2,TOYOTA PRIUS,3,E01024279,0,-1
2020010285451,2020,010285451,2,8,0,99,99,9,9,99,99,9,9,99,9,99,1,9,6,6,1,23,5,1798,8,4,TOYOTA PRIUS,5,E01032789,0,-1
2020010228097,2020,010228097,1,9,0,18,19,1,5,0,0,0,0,0,0,0,4,1,1,1,1,50,8,1798,8,8,TOYOTA PRIUS,7,E01004139,0,-1
2020010260718,2020,010260718,1,8,0,18,19,5,1,0,0,6,0,10,0,0,4,1,1,1,1,43,7,1797,8,6,TOYOTA PRIUS,5,E01000146,0,-1
2020010279624,2020,010279624,1,8,0,7,7,7,8,0,0,2,0,0,0,0,1,1,6,6,1,50,8,1798,8,2,TOYOTA PRIUS,3,E01004453,0,-1
2020010247630,2020,010247630,1,8,0,17,19,7,3,0,0,0,0,0,0,0,1,1,1,1,1,49,8,1797,8,10,TOYOTA PRIUS,4,E01002398,0,-1
2020200991515,2020,200991515,1,8,0,6,6,7,3,0,0,0,0,0,0,0,1,1,1,1,1,29,6,1797,8,9,TOYOTA PRIUS,2,E01009505,0,-1
2020010263748,2020,010263748,2,9,0,9,9,7,4,0,0,0,0,0,0,0,3,1,1,1,1,56,9,1797,8,9,TOYOTA PRIUS,3,E01002306,0,-1
2020410991473,2020,410991473,1,9,0,10,10,7,3,0,0,6,0,0,0,0,1,1,6,6,1,44,7,1798,8,4,TOYOTA PRIUS,3,E01001504,0,-1
2020010247213,2020,010247213,1,9,0,7,7,2,3,0,0,5,0,0,0,0,2,1,6,6,2,67,10,1497,8,11,TOYOTA PRIUS,7,E01002930,0,-1
202006K168266,2020,06K168266,1,8,0,9,9,4,1,0,0,8,0,0,0,0,2,1,1,1,1,37,7,1798,8,2,TOYOTA PRIUS,1,E01004853,0,-1
2020010259610,2020,010259610,1,9,0,3,3,3,7,0,0,1,0,0,0,0,1,1,1,1,1,54,8,1798,8,6,TOYOTA PRIUS,4,E01000498,0,-1
2020010257260,2020,010257260,1,8,0,7,7,1,4,0,0,1,0,0,0,0,0,1,2,2,1,52,8,1798,8,4,TOYOTA PRIUS,3,E01000638,0,-1
2020010249734,2020,010249734,1,9,0,9,9,7,6,0,0,1,0,0,0,0,4,1,1,1,1,32,6,1798,8,2,TOYOTA PRIUS,2,E01001331,0,-1
2020010237875,2020,010237875,1,8,0,9,9,7,5,0,0,2,0,0,0,0,1,1,6,6,1,29,6,1798,8,5,TOYOTA PRIUS,3,E01001508,0,-1
2020200935924,2020,200935924,1,9,0,18,19,6,2,0,0,2,0,0,0,0,1,1,3,7,1,45,7,1797,8,6,TOYOTA PRIUS,5,E01010026,0,-1
2020010271244,2020,010271244,1,9,0,18,19,3,7,0,0,8,0,0,0,0,1,1,6,6,1,48,8,1798,8,5,TOYOTA PRIUS,4,E01002643,0,-1
2020010252530,2020,010252530,1,9,0,18,19,3,7,0,0,2,0,0,0,0,4,1,6,6,1,40,7,1797,8,8,TOYOTA PRIUS,2,E01004235,0,-1
2020010259083,2020,010259083,1,9,9,99,99,9,9,99,99,9,9,99,9,99,9,9,6,6,1,55,8,1798,8,2,TOYOTA PRIUS,3,E01000128,0,-1
2020040996896,2020,040996896,2,9,0,8,8,6,2,9,9,1,0,0,1,0,2,1,5,6,1,39,7,1497,8,14,TOYOTA PRIUS,1,E01012656,0,-1
2020450984673,2020,450984673,2,9,0,18,19,1,5,0,0,1,0,0,0,0,1,1,6,6,1,86,11,1497,8,12,TOYOTA PRIUS,9,E01030991,0,-1
2020010272836,2020,010272836,1,9,0,7,7,1,3,0,0,5,0,0,0,0,1,1,1,1,1,39,7,1798,8,5,TOYOTA PRIUS,3,E01003025,0,-1
2020010282144,2020,010282144,1,9,0,99,99,9,9,99,99,9,9,99,9,99,4,9,6,6,2,43,7,1497,8,12,TOYOTA PRIUS,7,E01004153,0,-1
2020010241464,2020,010241464,2,9,9,99,99,9,9,99,99,9,9,99,9,99,9,9,6,6,1,-1,-1,1497,8,19,TOYOTA PRIUS,-1,-1,0,-1
2020010259596,2020,010259596,1,9,0,18,19,5,1,0,0,1,0,0,0,0,4,1,6,6,1,25,5,1798,8,2,TOYOTA PRIUS,3,E01004600,0,-1
2020010257887,2020,010257887,2,8,0,99,99,9,9,99,99,9,9,99,9,99,1,9,6,6,3,52,8,1797,8,8,TOYOTA PRIUS,1,E01002751,0,-1