collision_index,collision_year,collision_ref_no,vehicle_reference,vehicle_type,towing_and_articulation,vehicle_manoeuvre_historic,vehicle_manoeuvre,vehicle_direction_from,vehicle_direction_to,vehicle_location_restricted_lane_historic,vehicle_location_restricted_lane,junction_location,skidding_and_overturning,hit_object_in_carriageway,vehicle_leaving_carriageway,hit_object_off_carriageway,first_point_of_impact,vehicle_left_hand_drive,journey_purpose_of_driver_historic,journey_purpose_of_driver,sex_of_driver,age_of_driver,age_band_of_driver,engine_capacity_cc,propulsion_code,age_of_vehicle,generic_make_model,driver_imd_decile,lsoa_of_driver,escooter_flag,driver_distance_banding
2020070083194,2020,070083194,1,9,0,9,9,1,7,0,0,6,0,0,0,0,1,1,6,6,1,45,7,1364,1,7,VAUXHALL MERIVA,4,E01018629,0,-1
2020211022750,2020,211022750,3,9,-1,-1,-1,5,2,-1,-1,-1,-1,-1,-1,0,-1,1,6,6,1,46,8,1686,2,9,VAUXHALL MERIVA,4,E01018402,0,-1
2020430121307,2020,430121307,1,9,0,9,9,8,6,0,0,6,0,0,0,0,1,1,6,6,1,44,7,1686,2,8,VAUXHALL MERIVA,8,E01016414,0,-1
2020052000077,2020,052000077,1,9,0,18,19,5,1,0,0,0,0,0,0,0,3,1,6,6,1,34,6,1398,1,4,VAUXHALL MERIVA,1,E01006573,0,-1
2020450927503,2020,450927503,3,9,0,2,2,0,0,0,0,0,0,0,0,0,2,1,6,6,1,63,9,1686,2,9,VAUXHALL MERIVA,6,E01030896,0,-1
2020140982024,2020,140982024,4,9,0,4,4,6,6,0,0,0,0,0,0,0,2,1,5,6,2,52,8,1686,2,15,VAUXHALL MERIVA,9,E01007386,0,-1
20201371O0928,2020,1371O0928,1,9,0,18,19,6,2,0,0,4,0,0,0,0,1,1,6,6,2,34,6,1364,1,13,VAUXHALL MERIVA,1,E01011317,0,-1
2020230926355,2020,230926355,1,9,0,18,19,3,7,0,0,6,0,0,0,0,1,1,5,6,1,67,10,1364,1,8,VAUXHALL MERIVA,5,E01009235,0,-1
2020552001096,2020,552001096,1,9,0,9,9,1,7,0,0,5,0,0,0,0,4,1,2,2,2,59,9,1364,1,6,VAUXHALL MERIVA,8,E01015319,0,-1
2020440362646,2020,440362646,2,9,0,4,4,2,6,0,0,1,0,0,0,0,4,1,6,6,2,30,6,1364,1,7,VAUXHALL MERIVA,1,E01017036,0,-1
2020230926182,2020,230926182,1,9,0,5,5,5,8,0,0,6,0,0,0,0,4,1,6,6,2,29,6,1686,2,12,VAUXHALL MERIVA,6,E01029482,0,-1
2020010247612,2020,010247612,1,9,0,12,12,5,1,0,0,8,0,0,1,4,3,1,6,6,1,24,5,1398,1,10,VAUXHALL MERIVA,5,E01001157,0,-1
2020070314702,2020,070314702,1,9,0,5,5,2,6,0,0,1,0,0,0,0,1,1,6,6,1,53,8,1364,1,9,VAUXHALL MERIVA,7,E01028899,0,-1
2020070554168,2020,070554168,2,9,0,18,19,5,1,0,0,0,0,0,0,0,1,1,6,6,2,49,8,1598,1,16,VAUXHALL MERIVA,2,E01018542,0,-1
2020400946308,2020,400946308,2,9,0,9,9,5,7,0,0,1,0,0,0,0,1,1,6,6,1,29,6,1598,1,12,VAUXHALL MERIVA,1,E01015732,0,-1
2020451006348,2020,451006348,3,9,0,18,19,4,8,0,0,0,0,0,0,0,2,1,5,6,1,65,9,1598,1,13,VAUXHALL MERIVA,7,E01030741,0,-1
2020161001515,2020,161001515,1,9,0,18,19,8,4,0,0,0,1,4,0,0,1,1,6,6,1,29,6,1598,1,11,VAUXHALL MERIVA,4,E01012901,0,-1
2020400994988,2020,400994988,2,9,0,17,19,7,4,0,0,0,1,0,0,0,1,1,5,6,2,39,7,1598,1,12,VAUXHALL MERIVA,5,E01015748,0,-1
2020040916586,2020,040916586,1,9,0,9,9,4,2,0,0,8,0,0,0,0,3,1,6,6,3,-1,-1,1598,1,16,VAUXHALL MERIVA,-1,-1,0,-1
2020440306142,2020,440306142,1,9,0,18,19,6,2,0,0,8,0,0,0,0,1,1,2,2,1,38,7,1398,1,4,VAUXHALL MERIVA,10,E01022595,0,-1
2020360943356,2020,360943356,1,9,0,5,5,3,7,0,0,0,0,0,0,0,0,1,1,1,2,27,6,1398,1,9,VAUXHALL MERIVA,10,E01026572,0,-1
2020430139255,2020,430139255,1,9,0,18,19,5,1,0,0,4,5,9,3,4,1,1,2,2,1,49,8,1796,1,15,VAUXHALL MERIVA,1,E01016742,0,-1
2020070150331,2020,070150331,2,9,0,3,3,5,1,0,0,1,0,0,0,0,2,1,6,6,1,62,9,1398,1,7,VAUXHALL MERIVA,7,E01018540,0,-1
2020410926372,2020,410926372,1,9,0,13,13,5,1,0,0,0,0,0,0,0,4,1,1,1,1,66,10,1398,1,6,VAUXHALL MERIVA,10,E01023608,0,-1
2020201014838,2020,201014838,1,9,0,18,19,1,5,0,0,3,0,0,0,0,1,1,6,6,1,42,7,1598,1,13,VAUXHALL MERIVA,1,E01009718,0,-1
2020140974620,2020,140974620,1,9,0,3,3,1,5,0,0,2,0,0,0,0,2,1,5,6,1,70,10,1248,2,12,VAUXHALL MERIVA,3,E01019826,0,-1
2020052001489,2020,052001489,4,9,0,10,10,1,7,0,0,1,0,0,0,0,2,1,6,6,2,65,9,1248,2,12,VAUXHALL MERIVA,8,E01006519,0,-1
2020401007925,2020,401007925,1,9,0,17,19,1,7,0,0,0,0,0,0,0,1,1,2,2,1,66,10,1398,1,9,VAUXHALL MERIVA,6,E01017540,0,-1
2020010238713,2020,010238713,5,9,0,2,2,0,0,0,0,0,0,0,0,0,2,1,6,6,3,-1,-1,1398,1,3,VAUXHALL MERIVA,-1,-1,0,-1
2020230984106,2020,230984106,1,9,0,18,19,5,1,0,0,0,0,0,0,0,3,1,5,6,1,45,7,1364,1,4,VAUXHALL MERIVA,9,E01031269,0,-1
2020010243365,2020,010243365,2,9,0,99,99,9,9,99,99,9,9,99,9,99,9,9,6,6,3,-1,-1,1686,2,8,VAUXHALL MERIVA,7,E01002328,0,-1
2020070617044,2020,070617044,2,9,0,18,19,1,5,0,0,1,0,0,0,0,4,1,1,1,1,-1,-1,1364,1,14,VAUXHALL MERIVA,1,E01018521,0,-1
202006L270572,2020,06L270572,2,9,0,4,4,6,2,0,0,1,0,0,0,0,2,1,6,6,2,49,8,1398,1,7,VAUXHALL MERIVA,2,E01006344,0,-1
2020230919618,2020,230919618,1,9,0,18,19,2,6,0,0,0,0,0,0,0,1,1,3,7,2,39,7,1398,1,6,VAUXHALL MERIVA,5,E01031169,0,-1
2020201010590,2020,201010590,1,9,0,9,9,2,8,0,0,5,0,10,1,1,1,1,6,6,2,55,8,1598,1,13,VAUXHALL MERIVA,3,E01009604,0,-1
2020470944295,2020,470944295,1,9,0,18,19,2,6,0,0,0,0,0,7,0,1,1,5,6,2,32,6,1364,1,12,VAUXHALL MERIVA,6,E01026686,0,-1
2020010236078,2020,010236078,1,9,0,3,3,5,1,0,0,3,0,0,0,0,2,1,6,6,1,41,7,1598,1,16,VAUXHALL MERIVA,2,E01000080,0,-1
2020137821735,2020,137821735,1,9,0,9,9,1,5,0,0,0,0,0,0,0,4,1,6,6,1,30,6,1398,1,4,VAUXHALL MERIVA,1,E01010828,0,-1
2020430048721,2020,430048721,1,9,0,18,19,8,4,0,0,8,0,0,0,0,4,1,2,2,1,51,8,1598,1,17,VAUXHALL MERIVA,7,E01016401,0,-1
2020460999119,2020,460999119,2,9,0,3,3,4,8,0,0,1,0,0,0,0,1,1,5,6,2,50,8,1598,1,14,VAUXHALL MERIVA,9,E01028916,0,-1
2020010247714,2020,010247714,1,9,0,18,19,1,5,0,0,1,0,0,0,0,4,1,6,6,2,61,9,1364,1,9,VAUXHALL MERIVA,2,E01002506,0,-1
2020010241835,2020,010241835,2,9,0,18,19,1,5,99,99,1,9,0,9,0,1,1,6,6,2,-1,-1,1364,1,11,VAUXHALL MERIVA,7,E01001399,0,-1
2020470945300,2020,470945300,2,9,0,18,19,8,4,0,0,8,0,0,0,0,4,1,5,6,1,53,8,1398,1,9,VAUXHALL MERIVA,7,E01021080,0,-1
2020221001898,2020,221001898,1,9,0,18,19,3,7,0,0,8,0,0,0,0,1,1,2,2,2,57,9,1364,1,10,VAUXHALL MERIVA,4,E01032473,0,-1
2020470967125,2020,470967125,4,9,0,3,3,3,7,0,0,0,0,0,0,0,2,1,6,6,1,23,5,1364,1,14,VAUXHALL MERIVA,8,E01031603,0,-1
2020200936512,2020,200936512,2,9,0,18,19,8,4,0,0,0,1,0,0,0,1,1,6,6,1,-1,-1,1598,1,10,VAUXHALL MERIVA,-1,-1,0,-1
2020440054086,2020,440054086,1,9,0,7,7,1,3,0,0,8,0,0,0,0,3,1,6,6,2,29,6,1598,1,16,VAUXHALL MERIVA,2,E01022970,0,-1
2020361009916,2020,361009916,2,9,0,18,19,7,3,0,0,0,0,0,0,0,1,1,2,2,2,55,8,1686,2,12,VAUXHALL MERIVA,6,E01026514,0,-1
2020100961355,2020,100961355,1,9,0,3,3,8,4,0,0,0,0,0,0,0,2,1,6,6,1,76,11,1364,1,12,VAUXHALL MERIVA,2,E01027429,0,-1
2020350919391,2020,350919391,4,9,0,3,3,5,1,0,0,0,0,0,0,0,2,1,6,6,1,55,8,1364,1,13,VAUXHALL MERIVA,9,E01018032,0,-1
2020320642516,2020,320642516,2,9,0,18,19,5,1,0,0,0,0,0,1,0,1,1,6,6,1,59,9,1364,1,7,VAUXHALL MERIVA,1,E01026383,0,-1
2020320599911,2020,320599911,1,9,0,17,19,4,2,0,0,0,1,0,1,0,3,1,2,2,1,26,6,1598,1,13,VAUXHALL MERIVA,4,E01010856,0,-1
2020440023773,2020,440023773,2,9,0,4,4,1,5,0,0,0,0,0,0,0,2,1,6,6,1,81,11,1686,2,9,VAUXHALL MERIVA,9,E01022909,0,-1
2020137CH0806,2020,137CH0806,2,9,0,18,19,8,4,0,0,1,0,0,0,0,3,1,6,6,1,64,9,1686,2,16,VAUXHALL MERIVA,3,E01007465,0,-1
2020040973305,2020,040973305,2,9,0,18,19,1,5,0,0,0,0,0,0,0,3,1,6,6,2,71,10,1598,1,11,VAUXHALL MERIVA,5,E01020332,0,-1
2020610050320,2020,610050320,1,9,0,18,19,2,8,0,0,1,0,0,0,0,4,1,6,6,1,69,10,1364,1,11,VAUXHALL MERIVA,-1,-1,0,-1
2020420929878,2020,420929878,1,9,0,18,19,4,8,0,0,0,0,0,0,0,1,1,6,6,2,34,6,1364,1,8,VAUXHALL MERIVA,6,E01022053,0,-1
2020471005532,2020,471005532,2,9,0,18,19,7,3,0,0,0,0,0,0,0,3,1,5,6,2,34,6,1364,1,9,VAUXHALL MERIVA,8,E01021061,0,-1
202031D181120,2020,31D181120,1,9,0,18,19,5,1,0,0,4,0,10,1,1,1,1,6,6,1,83,11,1398,1,5,VAUXHALL MERIVA,2,E01028110,0,-1
2020010247078,2020,010247078,2,9,0,18,19,1,5,0,0,8,0,0,0,0,3,1,6,6,2,39,7,1598,1,10,VAUXHALL MERIVA,-1,-1,0,-1
2020160959198,2020,160959198,2,9,0,2,2,0,0,0,0,2,0,0,0,0,2,1,5,6,2,45,7,1398,1,3,VAUXHALL MERIVA,9,E01026401,0,-1
2020430357264,2020,430357264,2,9,0,18,19,8,4,0,0,0,0,0,0,0,1,1,6,6,1,20,4,1796,1,14,VAUXHALL MERIVA,-1,-1,0,-1
2020030953745,2020,030953745,1,9,0,5,5,3,7,0,0,1,0,0,0,0,1,1,5,6,1,35,6,1364,1,11,VAUXHALL MERIVA,6,E01019346,0,-1
2020500975702,2020,500975702,3,9,0,2,2,0,0,0,0,0,0,4,0,0,2,1,5,6,2,59,9,1598,1,16,VAUXHALL MERIVA,7,E01020298,0,-1
2020370956918,2020,370956918,1,9,0,18,19,5,1,0,0,0,0,0,3,0,1,1,5,6,2,65,9,1364,1,10,VAUXHALL MERIVA,5,E01030252,0,-1
2020400986414,2020,400986414,2,9,5,18,19,2,7,0,0,0,1,0,1,0,2,1,5,6,1,29,6,1598,1,12,VAUXHALL MERIVA,4,E01017493,0,-1
202006K168189,2020,06K168189,1,9,0,7,7,2,4,0,0,2,0,0,0,0,1,1,6,6,1,49,8,1364,1,4,VAUXHALL MERIVA,7,E01004900,0,-1
2020470973930,2020,470973930,1,9,0,16,19,7,3,0,0,0,2,0,0,0,1,1,6,6,1,40,7,1598,1,16,VAUXHALL MERIVA,8,E01021106,0,-1
2020470920653,2020,470920653,1,9,0,18,19,2,7,0,0,4,0,0,0,0,1,2,5,6,2,51,8,1598,1,16,VAUXHALL MERIVA,10,E01031389,0,-1
2020010247320,2020,010247320,2,9,0,99,99,9,9,99,99,9,9,99,9,99,9,9,6,6,3,54,8,1398,1,7,VAUXHALL MERIVA,9,E01000832,0,-1
2020302001549,2020,302001549,1,9,0,4,4,4,8,0,0,0,0,0,0,0,2,1,4,7,1,27,6,1598,1,11,VAUXHALL MERIVA,3,E01019508,0,-1
2020430146963,2020,430146963,1,9,0,7,7,6,1,0,0,6,0,0,0,0,1,1,6,6,1,43,7,1598,1,15,VAUXHALL MERIVA,3,E01016373,0,-1
2020010252583,2020,010252583,1,9,0,99,99,9,9,99,99,9,9,99,9,99,2,1,6,6,1,39,7,1364,1,10,VAUXHALL MERIVA,2,E01001191,0,-1
2020140941892,2020,140941892,1,9,0,9,9,1,3,0,0,0,0,0,0,0,1,1,5,6,1,68,10,1398,1,10,VAUXHALL MERIVA,-1,-1,0,-1
2020350987260,2020,350987260,2,9,0,4,4,6,2,0,0,0,0,0,0,0,2,1,2,2,2,33,6,1398,1,9,VAUXHALL MERIVA,6,E01023789,0,-1
2020500987335,2020,500987335,1,9,0,18,19,3,6,0,0,0,0,0,0,0,1,1,5,6,1,36,7,1598,1,13,VAUXHALL MERIVA,9,E01032060,0,-1
2020010230830,2020,010230830,2,9,0,3,3,5,1,0,0,2,0,0,0,0,2,1,6,6,2,54,8,1686,2,9,VAUXHALL MERIVA,3,E01002215,0,-1
2020990980416,2020,990980416,3,9,0,2,2,0,0,5,5,0,0,0,0,0,2,1,6,6,3,-1,-1,1364,1,11,VAUXHALL MERIVA,-1,-1,0,-1
2020160922763,2020,160922763,2,9,0,12,12,2,6,0,0,0,0,0,0,0,1,1,5,6,1,62,9,1686,2,12,VAUXHALL MERIVA,1,E01012905,0,-1
2020137B41699,2020,137B41699,1,9,0,5,5,3,7,0,0,0,0,4,0,0,1,1,6,6,1,38,7,1398,1,9,VAUXHALL MERIVA,-1,-1,0,-1
2020010245396,2020,010245396,1,9,0,99,99,9,9,99,99,0,9,99,9,99,1,9,6,6,1,21,5,1598,1,15,VAUXHALL MERIVA,7,E01000369,0,-1
2020530993956,2020,530993956,1,9,0,18,19,1,5,0,0,4,0,0,0,0,1,1,5,6,1,44,7,1364,1,9,VAUXHALL MERIVA,6,E01022117,0,-1
2020111007724,2020,111007724,1,9,0,9,9,1,5,0,0,6,0,0,0,0,1,1,5,6,2,46,8,1598,1,10,VAUXHALL MERIVA,-1,-1,0,-1
202031C121220,2020,31C121220,1,9,0,1,1,3,7,0,0,6,0,0,0,0,4,1,6,6,2,34,6,1686,2,12,VAUXHALL MERIVA,2,E01013886,0,-1
2020010247239,2020,010247239,1,9,0,5,5,1,5,0,0,2,0,0,0,0,1,1,6,6,2,46,8,1598,1,13,VAUXHALL MERIVA,8,E01001680,0,-1
2020100981548,2020,100981548,1,9,0,18,19,8,4,0,0,0,0,0,0,0,1,1,2,2,2,44,7,1598,2,6,VAUXHALL MERIVA,6,E01008268,0,-1
2020990989114,2020,990989114,2,9,0,2,2,0,0,6,6,0,0,0,0,0,2,1,6,6,1,49,8,1398,1,8,VAUXHALL MERIVA,7,E01008473,0,-1
2020470920071,2020,470920071,2,9,0,2,2,0,0,9,9,0,0,0,0,0,1,2,6,6,2,34,6,1398,1,10,VAUXHALL MERIVA,4,E01020924,0,-1
2020010281860,2020,010281860,1,9,0,18,19,3,7,0,0,4,0,0,0,0,1,1,6,6,2,47,8,1796,1,15,VAUXHALL MERIVA,7,E01000297,0,-1
2020440210624,2020,440210624,1,9,0,18,19,1,5,0,0,8,0,0,0,0,1,1,6,6,2,47,8,1686,2,7,VAUXHALL MERIVA,2,E01017109,0,-1
2020052001771,2020,052001771,5,9,0,2,2,0,0,0,0,0,0,0,0,0,2,1,6,6,3,-1,-1,1686,2,9,VAUXHALL MERIVA,-1,-1,0,-1
2020052001452,2020,052001452,1,9,0,18,19,1,5,0,0,1,0,0,0,0,1,1,6,6,2,64,9,1364,1,8,VAUXHALL MERIVA,3,E01007141,0,-1
2020010239117,2020,010239117,1,9,0,3,3,3,7,0,0,0,0,0,0,0,4,1,6,6,1,69,10,1598,1,11,VAUXHALL MERIVA,3,E01003615,0,-1
2020500959518,2020,500959518,2,9,0,18,19,5,1,0,0,0,0,0,0,0,0,1,6,6,2,48,8,1364,1,8,VAUXHALL MERIVA,5,E01018947,0,-1
2020450944728,2020,450944728,2,9,0,10,10,6,2,0,0,1,0,0,0,0,1,1,6,6,2,55,8,1598,1,13,VAUXHALL MERIVA,8,E01003904,0,-1
2020440092320,2020,440092320,1,9,0,4,4,4,8,0,0,1,0,0,0,0,1,1,6,6,1,72,10,1364,1,6,VAUXHALL MERIVA,10,E01022985,0,-1
2020430230187,2020,430230187,1,9,0,1,1,7,3,0,0,1,0,0,0,0,2,1,6,6,1,-1,-1,1364,1,14,VAUXHALL MERIVA,-1,-1,0,-1
2020990957201,2020,990957201,1,9,0,18,19,6,2,0,0,0,0,0,1,11,1,2,5,6,1,47,8,1686,2,9,VAUXHALL MERIVA,5,-1,0,-1
2020010237143,2020,010237143,1,9,0,18,19,-1,-1,0,0,1,0,0,0,0,1,1,6,6,3,-1,-1,1598,1,15,VAUXHALL MERIVA,-1,-1,0,-1
202006Q173602,2020,06Q173602,1,9,0,18,19,4,8,0,0,1,0,0,0,0,1,1,6,6,1,30,6,1248,2,11,VAUXHALL MERIVA,-1,-1,0,-1
2020401037281,2020,401037281,2,9,0,18,19,5,1,0,0,0,0,0,0,0,1,1,6,6,1,54,8,1364,1,14,VAUXHALL MERIVA,1,E01015736,0,-1
2020460939561,2020,460939561,2,9,0,18,19,7,3,0,0,1,0,0,0,0,1,1,5,6,2,36,7,1598,1,12,VAUXHALL MERIVA,2,E01024192,0,-1
2020340S08722,2020,340S08722,1,9,0,18,19,5,1,0,0,8,0,0,0,0,1,1,6,6,2,68,10,1598,1,12,VAUXHALL MERIVA,7,E01027354,0,-1
2020990933708,2020,990933708,2,9,0,18,19,4,8,0,0,0,0,0,0,0,1,1,5,6,1,48,8,1398,1,6,VAUXHALL MERIVA,8,-1,0,-1
2020041006260,2020,041006260,2,9,0,3,3,6,8,0,0,4,0,0,0,0,2,1,6,6,1,39,7,1686,2,14,VAUXHALL MERIVA,6,E01025114,0,-1
2020320524396,2020,320524396,1,9,0,7,7,5,7,0,0,8,0,0,0,0,1,1,6,6,1,68,10,1364,1,4,VAUXHALL MERIVA,5,E01026266,0,-1
2020302000966,2020,302000966,5,9,0,2,2,0,0,0,0,0,0,0,0,0,3,1,6,6,3,-1,-1,1686,2,9,VAUXHALL MERIVA,-1,-1,0,-1
2020420960419,2020,420960419,2,9,0,18,19,1,7,0,0,0,0,0,0,0,4,1,5,6,1,65,9,1686,2,8,VAUXHALL MERIVA,7,E01021857,0,-1
2020010264960,2020,010264960,1,9,0,99,99,9,9,99,99,9,9,99,9,99,9,9,6,6,2,55,8,1598,1,11,VAUXHALL MERIVA,4,E01004128,0,-1
2020010289804,2020,010289804,1,9,0,99,99,9,9,99,99,9,9,99,9,99,9,9,6,6,2,47,8,1686,2,9,VAUXHALL MERIVA,9,E01017549,0,-1
2020501002498,2020,501002498,3,9,0,18,19,1,5,0,0,1,0,0,0,0,1,1,6,6,1,79,11,1248,2,10,VAUXHALL MERIVA,1,E01019004,0,-1
2020522003028,2020,522003028,1,9,0,14,14,6,2,0,0,0,0,0,0,0,1,1,6,6,2,55,8,1598,1,16,VAUXHALL MERIVA,3,E01014501,0,-1
2020220962298,2020,220962298,1,9,0,4,4,8,4,0,0,1,0,0,0,0,1,1,2,2,1,21,5,1248,2,7,VAUXHALL MERIVA,2,E01032435,0,-1
2020530949840,2020,530949840,2,9,0,2,2,0,0,0,0,0,0,0,0,0,1,1,6,6,1,60,9,1686,2,9,VAUXHALL MERIVA,8,E01022163,0,-1
2020010276294,2020,010276294,2,9,0,99,99,9,9,99,99,9,9,99,9,99,9,9,6,6,3,-1,-1,1364,1,11,VAUXHALL MERIVA,-1,-1,0,-1
2020070380294,2020,070380294,2,9,0,5,5,7,3,0,0,1,0,0,0,0,3,1,6,6,1,49,8,1398,1,9,VAUXHALL MERIVA,2,E01018484,0,-1
2020220928238,2020,220928238,2,9,0,4,4,4,8,0,0,1,0,0,0,0,2,1,5,6,1,41,7,1364,1,8,VAUXHALL MERIVA,9,E01014103,0,-1
2020160980727,2020,160980727,1,9,0,5,5,6,2,0,0,4,0,0,0,0,1,1,3,7,2,33,6,1364,1,9,VAUXHALL MERIVA,1,E01013141,0,-1
20201377K1135,2020,1377K1135,1,9,0,18,19,8,4,0,0,0,0,0,0,0,3,1,6,6,1,30,6,1598,1,12,VAUXHALL MERIVA,3,E01010846,0,-1
2020052001454,2020,052001454,1,9,0,18,19,4,8,0,0,0,0,0,0,0,1,1,6,6,1,51,8,1364,1,15,VAUXHALL MERIVA,1,E01006546,0,-1
2020450934172,2020,450934172,2,9,0,9,9,1,5,0,0,0,0,0,0,0,0,1,2,2,1,77,11,1364,1,11,VAUXHALL MERIVA,6,E01021145,0,-1
2020420967661,2020,420967661,2,9,0,18,19,7,3,0,0,0,0,0,0,0,1,1,5,6,1,71,10,1364,1,8,VAUXHALL MERIVA,5,E01021497,0,-1
2020420960739,2020,420960739,5,9,0,3,3,7,3,0,0,0,0,0,0,0,3,1,6,6,1,58,9,1398,1,3,VAUXHALL MERIVA,2,E01021370,0,-1
2020200955862,2020,200955862,1,9,0,9,9,2,8,0,0,5,0,0,0,0,1,1,6,6,1,62,9,1686,2,15,VAUXHALL MERIVA,2,E01009499,0,-1
2020010233638,2020,010233638,1,9,0,18,19,1,5,0,0,0,0,0,0,0,4,2,6,6,1,45,7,1362,1,7,VAUXHALL MERIVA,3,E01003250,0,-1
2020052000559,2020,052000559,1,9,0,18,19,3,7,0,0,8,0,0,0,0,1,1,6,6,2,34,6,1364,1,11,VAUXHALL MERIVA,1,E01033759,0,-1
2020430403637,2020,430403637,1,9,0,5,5,8,4,0,0,6,0,0,1,11,1,1,6,6,2,82,11,1598,1,11,VAUXHALL MERIVA,10,E01016665,0,-1
2020010247873,2020,010247873,1,9,0,18,19,4,8,0,0,0,9,0,0,99,1,9,6,6,2,38,7,1686,2,9,VAUXHALL MERIVA,1,E01003535,0,-1
2020360999248,2020,360999248,1,9,0,18,19,7,3,0,0,1,0,0,0,0,1,1,6,6,1,53,8,1686,2,14,VAUXHALL MERIVA,3,E01026488,0,-1
2020200943699,2020,200943699,2,9,0,9,9,6,4,0,0,5,0,0,0,0,3,1,6,6,1,-1,-1,1364,1,13,VAUXHALL MERIVA,6,E01009207,0,-1
2020200981708,2020,200981708,2,9,0,18,19,8,4,0,0,8,0,0,0,0,1,1,6,6,1,20,4,1364,1,7,VAUXHALL MERIVA,1,E01009127,0,-1
2020010239114,2020,010239114,2,9,0,9,9,5,2,0,0,0,0,4,0,0,1,2,6,6,1,18,4,1598,1,12,VAUXHALL MERIVA,2,E01001006,0,-1
202031A155920,2020,31A155920,2,9,0,18,19,4,8,0,0,1,0,0,0,0,1,1,6,6,1,69,10,1364,1,10,VAUXHALL MERIVA,1,E01027978,0,-1
2020549231220,2020,549231220,3,9,0,18,19,5,1,0,0,0,0,0,0,0,3,1,6,6,2,49,8,1364,1,4,VAUXHALL MERIVA,3,E01031851,0,-1
2020201019482,2020,201019482,1,9,0,5,5,3,2,0,0,6,0,0,0,0,4,1,6,6,2,30,6,1398,1,5,VAUXHALL MERIVA,2,E01010531,0,-1
2020991001023,2020,991001023,1,9,0,18,19,3,7,0,0,1,0,0,0,0,1,1,5,6,2,49,8,1364,1,11,VAUXHALL MERIVA,10,-1,0,-1
2020170L20520,2020,170L20520,1,9,0,18,19,2,6,0,0,0,0,0,0,0,1,1,6,6,2,49,8,1364,1,10,VAUXHALL MERIVA,1,E01012100,0,-1
2020450964888,2020,450964888,2,9,0,18,19,8,4,0,0,0,0,0,7,2,1,1,5,6,1,60,9,1598,1,10,VAUXHALL MERIVA,5,E01030983,0,-1
2020410941610,2020,410941610,2,9,0,9,9,1,5,0,0,8,0,0,0,0,1,1,6,6,2,64,9,1364,1,14,VAUXHALL MERIVA,3,E01001505,0,-1
2020010244986,2020,010244986,2,9,0,9,9,5,3,0,0,1,0,0,0,0,4,1,2,2,1,27,6,1598,1,17,VAUXHALL MERIVA,10,E01002419,0,-1
2020410993607,2020,410993607,1,9,0,18,19,3,5,0,0,3,0,0,0,0,1,1,6,6,1,83,11,1364,1,10,VAUXHALL MERIVA,8,E01023763,0,-1
2020500921457,2020,500921457,2,9,0,18,19,1,7,0,0,8,0,0,0,0,0,1,5,6,1,50,8,1598,2,3,VAUXHALL MERIVA,3,E01015061,0,-1
2020471006369,2020,471006369,1,9,0,18,19,5,1,0,0,8,0,0,0,0,3,1,6,6,2,-1,-1,1364,1,10,VAUXHALL MERIVA,-1,-1,0,-1
2020410920273,2020,410920273,2,9,0,18,19,3,7,0,0,1,0,0,0,0,1,1,6,6,1,25,5,1364,1,12,VAUXHALL MERIVA,6,E01015775,0,-1
2020360944138,2020,360944138,2,9,0,18,19,1,5,0,0,2,0,0,0,0,1,1,5,6,2,39,7,1364,1,13,VAUXHALL MERIVA,2,E01026633,0,-1
2020522004028,2020,522004028,2,9,0,9,9,3,7,0,0,1,0,0,0,0,3,1,6,6,2,41,7,1398,1,6,VAUXHALL MERIVA,6,E01014891,0,-1
2020421005149,2020,421005149,2,9,0,18,19,3,7,0,0,2,0,0,0,0,1,1,5,6,2,66,10,1398,1,3,VAUXHALL MERIVA,4,E01022011,0,-1
2020200953524,2020,200953524,2,9,0,18,19,8,4,0,0,8,0,0,0,0,4,1,6,6,1,65,9,1398,1,9,VAUXHALL MERIVA,1,E01010416,0,-1
2020010268421,2020,010268421,1,9,0,10,10,1,6,0,0,1,0,0,0,0,2,9,6,6,1,35,6,1398,1,8,VAUXHALL MERIVA,6,E01002295,0,-1
2020530938867,2020,530938867,1,9,0,18,19,7,3,0,0,2,0,0,0,0,1,1,5,6,1,83,11,1398,1,8,VAUXHALL MERIVA,9,E01022276,0,-1
2020010280013,2020,010280013,1,9,0,18,19,5,1,0,0,8,0,0,0,0,1,1,3,7,1,54,8,1686,2,9,VAUXHALL MERIVA,2,E01001687,0,-1
2020100996006,2020,100996006,1,9,0,3,3,8,4,0,0,4,0,0,0,0,1,1,6,6,2,45,7,1686,2,9,VAUXHALL MERIVA,6,E01008740,0,-1
2020430426336,2020,430426336,2,9,0,18,19,6,2,0,0,0,0,0,0,0,2,1,2,2,1,73,10,1796,1,12,VAUXHALL MERIVA,7,E01016719,0,-1
2020100942766,2020,100942766,2,9,0,18,19,1,5,0,0,0,0,0,0,0,2,1,6,6,1,64,9,1598,1,13,VAUXHALL MERIVA,2,E01008613,0,-1
2020450955786,2020,450955786,3,9,0,17,19,6,2,0,0,0,0,0,0,0,1,1,5,6,1,70,10,1364,1,10,VAUXHALL MERIVA,9,E01021682,0,-1
20201371D0213,2020,1371D0213,1,9,0,18,19,6,2,0,0,0,0,0,0,0,1,1,1,1,1,58,9,1796,1,16,VAUXHALL MERIVA,-1,-1,0,-1