collision_index,collision_year,collision_ref_no,vehicle_reference,vehicle_type,towing_and_articulation,vehicle_manoeuvre_historic,vehicle_manoeuvre,vehicle_direction_from,vehicle_direction_to,vehicle_location_restricted_lane_historic,vehicle_location_restricted_lane,junction_location,skidding_and_overturning,hit_object_in_carriageway,vehicle_leaving_carriageway,hit_object_off_carriageway,first_point_of_impact,vehicle_left_hand_drive,journey_purpose_of_driver_historic,journey_purpose_of_driver,sex_of_driver,age_of_driver,age_band_of_driver,engine_capacity_cc,propulsion_code,age_of_vehicle,generic_make_model,driver_imd_decile,lsoa_of_driver,escooter_flag,driver_distance_banding
2020420987938,2020,420987938,1,9,0,18,19,7,3,0,0,4,0,0,0,0,1,1,5,6,1,72,10,2993,2,11,JAGUAR XF SERIES,8,E01021533,0,-1
2020471006561,2020,471006561,2,9,0,18,19,3,7,0,0,0,1,4,1,0,1,1,2,2,1,42,7,2179,2,8,JAGUAR XF SERIES,4,E01031834,0,-1
2020500992083,2020,500992083,1,9,0,9,9,1,7,0,0,2,0,0,0,0,3,1,6,6,1,62,9,2720,2,11,JAGUAR XF SERIES,3,E01015249,0,-1
2020070744015,2020,070744015,2,9,0,18,19,5,1,0,0,1,0,0,0,0,1,1,6,6,1,27,6,2179,2,6,JAGUAR XF SERIES,1,E01018466,0,-1
2020991012058,2020,991012058,2,9,0,17,19,3,8,0,0,0,0,0,0,0,1,1,6,6,1,66,10,1999,2,4,JAGUAR XF SERIES,7,-1,0,-1
2020010235603,2020,010235603,2,9,0,18,19,7,3,0,0,1,0,0,0,0,3,1,2,2,2,54,8,2179,2,5,JAGUAR XF SERIES,10,E01002188,0,-1
2020010242868,2020,010242868,1,9,0,18,19,2,6,0,0,8,0,0,0,0,1,1,6,6,2,40,7,2179,2,5,JAGUAR XF SERIES,4,E01001329,0,-1
2020460985539,2020,460985539,1,9,0,10,10,5,3,0,0,1,0,0,0,0,1,1,5,6,1,70,10,2993,2,6,JAGUAR XF SERIES,1,E01024612,0,-1
2020211001567,2020,211001567,1,9,0,9,9,4,2,0,0,8,0,0,0,0,2,1,6,6,1,46,8,2993,2,9,JAGUAR XF SERIES,2,E01009981,0,-1
2020440007283,2020,440007283,2,9,0,4,4,2,5,0,0,0,0,0,0,0,1,1,6,6,1,49,8,2993,2,9,JAGUAR XF SERIES,7,E01033750,0,-1
2020040931088,2020,040931088,2,9,0,18,19,1,5,0,0,1,0,0,0,0,1,1,2,2,1,51,8,2993,2,7,JAGUAR XF SERIES,5,E01025431,0,-1
2020450928413,2020,450928413,2,9,0,18,19,1,5,0,0,0,0,0,0,0,3,1,5,6,1,32,6,2179,2,8,JAGUAR XF SERIES,6,E01030311,0,-1
2020522003318,2020,522003318,3,9,0,18,19,8,4,0,0,8,0,0,0,0,1,1,6,6,1,70,10,1997,1,1,JAGUAR XF SERIES,4,E01014612,0,-1
2020160957114,2020,160957114,2,9,0,13,13,1,5,0,0,0,0,0,0,0,4,1,5,6,1,57,9,2993,2,4,JAGUAR XF SERIES,6,E01013318,0,-1
2020990978765,2020,990978765,2,9,0,18,19,2,6,0,0,8,0,0,0,0,2,1,6,6,2,55,8,1999,2,3,JAGUAR XF SERIES,3,-1,0,-1
2020010257110,2020,010257110,1,9,0,7,7,1,4,0,0,5,0,0,0,0,4,1,6,6,1,44,7,2179,2,5,JAGUAR XF SERIES,10,E01016245,0,-1
2020140922322,2020,140922322,3,9,0,3,3,7,3,0,0,0,0,0,0,0,2,1,1,1,1,63,9,1999,2,2,JAGUAR XF SERIES,10,E01004842,0,-1
2020440164118,2020,440164118,2,9,0,18,19,7,3,0,0,0,1,0,0,0,1,1,4,7,3,-1,-1,1999,2,4,JAGUAR XF SERIES,-1,-1,0,-1
2020990959285,2020,990959285,1,9,0,9,9,5,3,0,0,8,0,0,0,0,3,1,5,6,1,73,10,1999,2,0,JAGUAR XF SERIES,9,-1,0,-1
2020360976196,2020,360976196,2,9,0,4,4,7,3,0,0,4,0,0,0,0,1,1,2,2,2,41,7,2179,2,6,JAGUAR XF SERIES,10,E01026838,0,-1
2020460973115,2020,460973115,1,9,0,18,19,7,3,0,0,0,0,0,0,0,1,1,2,2,1,46,8,1999,2,3,JAGUAR XF SERIES,10,E01024146,0,-1
2020320109454,2020,320109454,2,9,0,16,19,5,1,0,0,0,0,0,0,7,1,1,2,2,1,47,8,2179,2,8,JAGUAR XF SERIES,3,E01026125,0,-1
2020430218491,2020,430218491,2,9,0,16,19,4,6,0,0,0,1,0,0,0,2,1,6,6,1,38,7,2993,2,9,JAGUAR XF SERIES,10,E01016625,0,-1
2020141013242,2020,141013242,3,9,0,3,3,6,2,0,0,2,0,0,0,0,2,1,5,6,1,37,7,2179,2,5,JAGUAR XF SERIES,1,E01007500,0,-1
2020010246161,2020,010246161,2,9,0,99,99,9,9,99,99,0,9,99,9,99,2,9,6,6,1,-1,-1,2720,2,12,JAGUAR XF SERIES,3,E01001177,0,-1
2020201007056,2020,201007056,2,9,0,3,3,7,3,0,0,1,0,0,0,0,1,1,6,6,1,74,10,2993,2,9,JAGUAR XF SERIES,10,E01010172,0,-1
2020450999963,2020,450999963,1,9,0,9,9,3,1,0,0,1,0,0,0,0,1,1,3,7,1,69,10,2179,2,9,JAGUAR XF SERIES,5,E01030983,0,-1
2020370998334,2020,370998334,1,9,5,18,19,6,2,0,0,0,0,0,0,0,1,1,5,6,1,71,10,2993,2,10,JAGUAR XF SERIES,7,E01033449,0,-1
2020010242449,2020,010242449,2,9,0,4,4,3,7,0,0,2,0,0,0,0,1,1,6,6,1,73,10,5000,1,11,JAGUAR XF SERIES,3,E01000092,0,-1
2020160986620,2020,160986620,1,9,0,18,19,3,7,0,0,1,0,0,0,0,3,1,2,2,1,41,7,2179,2,8,JAGUAR XF SERIES,10,E01012973,0,-1
2020450965249,2020,450965249,1,9,0,18,19,7,3,0,0,4,0,0,0,0,4,1,5,6,1,35,6,2993,2,9,JAGUAR XF SERIES,6,E01030767,0,-1
2020430141694,2020,430141694,1,9,0,9,9,8,6,0,0,8,0,0,0,0,4,1,6,6,1,30,6,2179,2,8,JAGUAR XF SERIES,9,E01017783,0,-1
2020010243184,2020,010243184,2,9,0,4,4,3,7,0,0,1,0,0,0,0,1,1,6,6,1,47,8,2993,2,10,JAGUAR XF SERIES,3,E01003485,0,-1
2020400963280,2020,400963280,1,9,-1,-1,-1,-1,-1,-1,-1,0,-1,-1,-1,0,-1,1,6,6,1,79,11,1999,2,3,JAGUAR XF SERIES,4,E01015796,0,-1
2020010265497,2020,010265497,1,9,0,18,19,7,3,0,0,0,0,0,0,0,1,1,6,6,1,57,9,2179,2,8,JAGUAR XF SERIES,4,W01000724,0,-1
202006G167886,2020,06G167886,2,9,0,18,19,4,8,0,0,8,0,0,0,0,3,1,2,2,1,64,9,2179,2,7,JAGUAR XF SERIES,3,E01005524,0,-1
2020430151670,2020,430151670,2,9,0,3,3,7,3,0,0,1,0,0,0,0,2,1,6,6,1,55,8,2993,2,7,JAGUAR XF SERIES,10,E01028461,0,-1
2020360979005,2020,360979005,1,9,0,18,19,5,8,0,0,4,0,0,3,0,1,1,5,6,1,50,8,2179,2,5,JAGUAR XF SERIES,4,E01030223,0,-1
2020010277923,2020,010277923,1,9,0,5,5,3,7,0,0,0,0,0,0,0,3,1,6,6,1,29,6,1999,2,3,JAGUAR XF SERIES,4,E01024262,0,-1
2020200918986,2020,200918986,2,9,0,18,19,8,4,0,0,3,0,0,0,0,1,1,6,6,2,49,8,2179,2,8,JAGUAR XF SERIES,4,E01010100,0,-1
2020400985073,2020,400985073,2,9,0,9,9,7,3,0,0,1,0,0,0,0,3,1,5,6,1,43,7,1999,2,2,JAGUAR XF SERIES,9,E01017549,0,-1
2020052001545,2020,052001545,2,9,0,18,19,4,8,0,0,0,0,0,0,0,2,1,6,6,1,52,8,2993,2,9,JAGUAR XF SERIES,6,E01006465,0,-1
202031B177420,2020,31B177420,1,9,0,16,19,8,4,0,0,0,5,0,7,11,1,1,2,2,1,43,7,2993,2,11,JAGUAR XF SERIES,1,E01019444,0,-1
2020302000931,2020,302000931,1,9,0,9,9,2,8,0,0,0,0,0,0,0,4,1,6,6,1,77,11,2967,1,10,JAGUAR XF SERIES,10,E01013461,0,-1
2020410936385,2020,410936385,1,9,0,18,19,3,7,0,0,4,0,0,0,0,1,1,6,6,1,50,8,2993,2,11,JAGUAR XF SERIES,7,E01022067,0,-1
2020140956901,2020,140956901,1,9,0,9,9,3,8,0,0,6,0,0,0,0,3,1,2,2,1,-1,-1,2179,2,6,JAGUAR XF SERIES,2,E01007726,0,-1
2020430017089,2020,430017089,1,9,0,4,4,3,7,0,0,1,0,0,0,0,1,1,6,6,2,78,11,2179,2,5,JAGUAR XF SERIES,-1,-1,0,-1
2020990918299,2020,990918299,1,9,0,9,9,5,3,0,0,5,0,0,0,0,1,1,5,6,1,64,9,1999,2,4,JAGUAR XF SERIES,9,-1,0,-1
2020052001822,2020,052001822,2,9,0,18,19,1,5,0,0,8,0,0,0,0,3,1,6,6,1,59,9,1999,2,3,JAGUAR XF SERIES,10,E01006914,0,-1
2020220953608,2020,220953608,2,9,0,18,19,4,8,0,0,8,0,0,0,0,4,1,5,6,1,51,8,2720,2,11,JAGUAR XF SERIES,1,E01014163,0,-1
2020320505471,2020,320505471,1,9,0,18,19,5,3,0,0,6,0,0,0,0,1,1,6,6,1,51,8,2993,2,6,JAGUAR XF SERIES,10,E01026215,0,-1
2020360945073,2020,360945073,1,9,0,16,19,2,6,0,0,0,1,0,1,4,1,1,5,6,1,73,10,2179,2,7,JAGUAR XF SERIES,8,E01018021,0,-1
2020122100082,2020,122100082,1,9,0,10,10,7,5,0,0,6,0,0,0,0,3,1,6,6,1,79,11,2179,2,6,JAGUAR XF SERIES,9,E01027652,0,-1
2020340N05262,2020,340N05262,2,9,0,18,19,5,1,0,0,1,5,0,0,0,1,1,6,6,1,73,10,2179,2,7,JAGUAR XF SERIES,3,E01027180,0,-1
2020010228211,2020,010228211,2,9,9,99,99,9,9,99,99,0,9,99,9,99,9,9,6,6,1,-1,-1,2179,2,7,JAGUAR XF SERIES,9,E01002270,0,-1
2020010250118,2020,010250118,3,9,0,2,2,0,0,0,0,0,0,0,0,0,1,1,6,6,3,-1,-1,1999,2,3,JAGUAR XF SERIES,-1,-1,0,-1
2020522100769,2020,522100769,1,9,0,18,19,7,3,0,0,8,0,0,0,0,4,1,6,6,1,76,11,2993,2,7,JAGUAR XF SERIES,6,E01032899,0,-1
202006Q272849,2020,06Q272849,1,9,0,9,9,6,4,0,0,8,0,0,0,0,1,1,6,6,1,70,10,2179,2,5,JAGUAR XF SERIES,-1,-1,0,-1
2020220981327,2020,220981327,2,9,0,2,2,0,0,0,0,0,0,0,0,0,3,1,5,6,1,34,6,2179,2,7,JAGUAR XF SERIES,6,E01032258,0,-1
2020110986449,2020,110986449,2,9,0,17,19,2,6,0,0,1,0,0,0,0,3,1,6,6,1,77,11,2993,2,10,JAGUAR XF SERIES,8,E01020718,0,-1
2020350930266,2020,350930266,2,9,0,18,19,3,7,0,0,0,1,0,0,0,4,1,1,1,2,35,6,1999,2,4,JAGUAR XF SERIES,6,E01018150,0,-1
2020440332979,2020,440332979,1,9,0,16,19,2,6,0,0,0,0,0,0,0,1,1,6,6,1,63,9,1999,2,3,JAGUAR XF SERIES,10,E01023180,0,-1
2020161009451,2020,161009451,2,9,0,18,19,6,2,0,0,0,1,0,1,0,1,1,2,2,1,33,6,1999,2,4,JAGUAR XF SERIES,7,E01012985,0,-1
2020460962557,2020,460962557,1,9,0,18,19,1,5,0,0,0,5,0,0,0,1,1,6,6,1,22,5,2179,2,5,JAGUAR XF SERIES,9,E01024768,0,-1
2020010270101,2020,010270101,2,9,9,99,99,9,9,99,99,0,9,99,9,99,9,9,6,6,3,-1,-1,1999,2,3,JAGUAR XF SERIES,4,E01003482,0,-1
2020470995207,2020,470995207,1,9,0,9,9,4,2,0,0,0,0,0,0,0,1,1,2,2,1,59,9,2993,2,10,JAGUAR XF SERIES,1,E01021005,0,-1
2020350923499,2020,350923499,1,9,0,18,19,5,1,0,0,0,0,0,0,0,4,1,6,6,1,52,8,1999,2,1,JAGUAR XF SERIES,10,E01018222,0,-1
2020052000242,2020,052000242,2,9,0,3,3,2,6,0,0,0,0,0,0,0,2,1,3,7,2,41,7,2720,2,11,JAGUAR XF SERIES,2,E01007139,0,-1
2020010243330,2020,010243330,2,9,0,9,9,5,4,0,0,8,0,0,7,3,3,1,6,6,2,64,9,1999,2,3,JAGUAR XF SERIES,5,E01000443,0,-1
2020040920874,2020,040920874,4,9,0,4,4,1,5,0,0,0,0,0,0,0,2,1,5,6,1,46,8,2993,2,11,JAGUAR XF SERIES,1,E01025112,0,-1
202031C140620,2020,31C140620,2,9,0,9,9,8,6,0,0,5,0,0,0,0,3,1,2,2,1,41,7,2993,2,5,JAGUAR XF SERIES,8,E01027938,0,-1
2020110981640,2020,110981640,1,9,0,9,9,5,3,0,0,1,0,0,1,0,1,1,5,6,2,44,7,2179,2,6,JAGUAR XF SERIES,8,E01012360,0,-1
2020010260383,2020,010260383,2,9,0,99,99,9,9,99,99,9,9,99,9,99,1,9,6,6,3,-1,-1,1999,2,4,JAGUAR XF SERIES,-1,-1,0,-1
2020450922260,2020,450922260,1,9,0,5,5,7,3,0,0,6,0,0,0,0,3,1,5,6,1,48,8,2993,2,10,JAGUAR XF SERIES,4,E01020973,0,-1
2020360927908,2020,360927908,2,9,0,18,19,8,4,0,0,0,0,0,0,0,1,1,1,1,2,30,6,2179,2,8,JAGUAR XF SERIES,6,E01033036,0,-1
2020320444180,2020,320444180,2,9,0,4,4,3,1,0,0,2,0,0,0,0,2,1,6,6,1,68,10,1997,1,3,JAGUAR XF SERIES,6,E01028349,0,-1
2020210957624,2020,210957624,3,9,0,3,3,8,4,0,0,0,0,0,0,0,2,1,6,6,1,36,7,2179,2,6,JAGUAR XF SERIES,5,E01014365,0,-1
202006A370102,2020,06A370102,2,9,0,3,3,3,7,0,0,1,0,0,0,0,2,1,6,6,1,38,7,2993,2,0,JAGUAR XF SERIES,7,E01006059,0,-1
2020332000148,2020,332000148,1,9,0,18,19,4,8,0,0,0,0,0,0,0,1,1,6,6,1,59,9,2993,2,9,JAGUAR XF SERIES,5,E01013767,0,-1
2020990992830,2020,990992830,1,9,0,5,5,4,1,0,0,6,0,0,0,0,1,1,5,6,1,63,9,1999,2,2,JAGUAR XF SERIES,10,-1,0,-1
2020361001075,2020,361001075,1,9,0,18,19,3,7,0,0,0,-1,-1,-1,0,-1,1,6,6,1,35,6,2993,2,9,JAGUAR XF SERIES,1,E01026634,0,-1
2020010269811,2020,010269811,1,9,0,99,99,9,9,99,99,9,9,99,9,99,1,9,6,6,1,45,7,2179,2,5,JAGUAR XF SERIES,8,E01003361,0,-1
2020010259398,2020,010259398,2,9,0,99,99,9,9,99,99,9,9,99,9,99,1,9,6,6,3,31,6,2179,2,7,JAGUAR XF SERIES,10,E01023473,0,-1
2020522001840,2020,522001840,1,9,0,3,3,5,1,0,0,8,0,0,0,0,2,1,6,6,1,54,8,2993,2,9,JAGUAR XF SERIES,6,E01015532,0,-1
2020370936989,2020,370936989,1,9,0,18,19,1,4,9,9,8,0,10,1,11,1,1,5,6,1,36,7,2993,2,5,JAGUAR XF SERIES,3,E01030014,0,-1
2020010233991,2020,010233991,2,9,0,5,5,7,3,0,0,1,0,0,0,0,1,1,2,2,1,24,5,1999,2,4,JAGUAR XF SERIES,5,E01003951,0,-1
2020010270280,2020,010270280,1,9,0,11,11,3,7,0,0,1,0,0,0,0,0,2,6,6,1,26,6,1999,2,4,JAGUAR XF SERIES,5,E01000516,0,-1
2020010240589,2020,010240589,1,9,0,16,19,5,1,0,0,0,5,0,8,2,1,1,6,6,1,26,6,2720,2,12,JAGUAR XF SERIES,1,E01032978,0,-1
2020360973266,2020,360973266,1,9,0,17,19,6,2,0,0,0,0,0,7,0,1,1,5,6,1,52,8,2720,2,12,JAGUAR XF SERIES,7,E01026462,0,-1
2020460987887,2020,460987887,1,9,0,18,19,7,3,0,0,0,0,0,0,0,1,1,5,6,1,28,6,2993,2,9,JAGUAR XF SERIES,4,E01024486,0,-1
2020210968142,2020,210968142,2,9,0,18,19,8,4,0,0,0,0,0,0,0,4,1,6,6,2,57,9,2179,2,9,JAGUAR XF SERIES,4,E01029386,0,-1
2020010284537,2020,010284537,1,9,0,13,13,5,1,0,0,2,0,0,0,0,1,1,6,6,3,-1,-1,1997,1,0,JAGUAR XF SERIES,-1,-1,0,-1
2020041004900,2020,041004900,1,9,0,18,19,1,5,0,0,0,1,1,0,0,3,1,1,1,1,54,8,2993,2,6,JAGUAR XF SERIES,8,-1,0,-1
2020010282845,2020,010282845,1,9,0,9,9,1,6,0,0,8,0,0,0,0,0,1,6,6,1,70,10,1999,2,1,JAGUAR XF SERIES,3,E01003280,0,-1
2020200946824,2020,200946824,2,9,0,18,19,-1,-1,0,0,0,0,0,0,0,2,1,6,6,1,69,10,2179,2,7,JAGUAR XF SERIES,5,E01029645,0,-1
2020010256258,2020,010256258,2,9,0,99,99,9,9,99,99,9,9,99,9,99,0,9,6,6,3,-1,-1,2720,2,12,JAGUAR XF SERIES,-1,-1,0,-1
2020420933050,2020,420933050,2,9,0,17,19,5,1,0,0,1,0,0,0,0,1,1,5,6,1,60,9,1997,1,2,JAGUAR XF SERIES,10,E01004114,0,-1
2020010284539,2020,010284539,1,9,0,9,9,3,1,0,0,8,0,0,0,0,1,1,6,6,1,57,9,2179,2,8,JAGUAR XF SERIES,-1,-1,0,-1
2020500987313,2020,500987313,4,9,0,18,19,2,6,0,0,1,0,0,0,0,1,1,6,6,1,71,10,2720,2,12,JAGUAR XF SERIES,7,E01024547,0,-1
2020160947648,2020,160947648,1,9,0,11,11,5,1,6,6,2,1,4,1,2,1,1,1,1,2,39,7,2179,2,5,JAGUAR XF SERIES,8,E01012791,0,-1
2020122000499,2020,122000499,1,9,0,4,4,4,6,0,0,1,0,0,0,0,1,1,6,6,1,83,11,2993,2,7,JAGUAR XF SERIES,10,E01013420,0,-1
2020610033520,2020,610033520,1,9,0,5,5,7,3,0,0,0,0,12,0,0,1,1,2,2,1,57,9,1999,2,5,JAGUAR XF SERIES,8,W01001508,0,-1
2020010259154,2020,010259154,3,9,0,18,19,5,1,0,0,0,0,0,0,0,2,1,6,6,1,31,6,2720,2,12,JAGUAR XF SERIES,1,E01015772,0,-1
2020010235454,2020,010235454,2,9,0,10,10,1,7,0,0,6,0,0,0,0,1,1,6,6,3,-1,-1,1999,2,4,JAGUAR XF SERIES,-1,-1,0,-1
2020201000200,2020,201000200,2,9,0,18,19,7,3,0,0,4,0,0,0,0,1,1,6,6,1,80,11,2967,1,10,JAGUAR XF SERIES,10,E01010386,0,-1
2020350944776,2020,350944776,2,9,0,18,19,7,2,0,0,0,0,0,0,0,3,1,6,6,1,73,10,2993,2,6,JAGUAR XF SERIES,10,E01000772,0,-1
2020990928128,2020,990928128,2,9,0,18,19,1,5,0,0,8,0,0,0,0,1,1,5,6,1,44,7,2967,1,12,JAGUAR XF SERIES,7,-1,0,-1
2020122000588,2020,122000588,1,9,0,18,19,1,5,0,0,8,0,0,0,0,1,1,6,6,1,62,9,2179,2,5,JAGUAR XF SERIES,7,E01027645,0,-1
2020220961522,2020,220961522,2,9,0,11,11,3,1,0,0,8,0,0,0,0,4,1,5,6,2,35,6,2179,2,8,JAGUAR XF SERIES,1,E01014120,0,-1
2020141005653,2020,141005653,2,9,0,18,19,7,3,0,0,0,0,0,0,0,4,1,3,7,2,29,6,2993,2,10,JAGUAR XF SERIES,3,E01007515,0,-1
2020160954641,2020,160954641,1,9,0,18,19,3,7,0,0,0,0,0,0,0,1,1,5,6,2,30,6,2993,2,7,JAGUAR XF SERIES,1,E01013204,0,-1
2020010283941,2020,010283941,2,9,0,99,99,9,9,99,99,9,9,99,9,99,2,9,6,6,3,55,8,1999,2,4,JAGUAR XF SERIES,4,E01003934,0,-1
2020010280351,2020,010280351,1,9,0,18,19,5,1,0,0,1,0,0,0,0,1,1,6,6,1,48,8,2993,2,10,JAGUAR XF SERIES,5,E01002262,0,-1
2020460979696,2020,460979696,2,9,0,3,3,1,5,0,0,0,0,0,0,0,2,1,5,6,2,39,7,2993,2,9,JAGUAR XF SERIES,8,E01002321,0,-1
2020470933296,2020,470933296,1,9,0,18,19,5,1,0,0,6,0,0,1,0,1,1,2,2,1,59,9,2720,2,11,JAGUAR XF SERIES,3,E01031830,0,-1
2020350976961,2020,350976961,1,9,0,18,19,8,4,0,0,0,1,0,7,0,4,1,5,6,2,48,8,2179,2,8,JAGUAR XF SERIES,2,E01018063,0,-1
2020070452826,2020,070452826,1,9,0,9,9,4,2,0,0,7,0,0,1,1,4,1,2,2,1,46,8,1999,2,3,JAGUAR XF SERIES,7,E01018699,0,-1
2020010275757,2020,010275757,2,9,0,9,9,5,3,0,0,2,0,0,0,0,3,1,6,6,1,28,6,2993,2,9,JAGUAR XF SERIES,3,E01016012,0,-1
2020010246236,2020,010246236,1,9,0,99,99,9,9,99,99,9,9,99,9,99,9,9,6,6,1,25,5,1999,2,5,JAGUAR XF SERIES,7,E01000391,0,-1
2020340E05682,2020,340E05682,1,9,0,9,9,1,5,0,0,2,0,0,7,0,1,1,6,6,2,63,9,2993,2,10,JAGUAR XF SERIES,7,E01027076,0,-1
2020220961731,2020,220961731,1,9,0,13,13,1,5,0,0,8,0,0,0,0,4,1,5,6,1,51,8,2993,2,6,JAGUAR XF SERIES,10,E01032298,0,-1
2020470966459,2020,470966459,1,9,0,18,19,8,4,0,0,0,0,0,1,11,1,1,6,6,1,71,10,2993,2,9,JAGUAR XF SERIES,5,E01001091,0,-1
2020460995809,2020,460995809,1,9,0,18,19,1,5,0,0,1,0,0,0,0,1,1,6,6,1,47,8,2179,2,6,JAGUAR XF SERIES,8,E01024784,0,-1
2020320144473,2020,320144473,1,9,0,9,9,7,3,0,0,5,0,0,0,0,4,1,6,6,1,57,9,2179,2,8,JAGUAR XF SERIES,2,E01028311,0,-1
2020010270295,2020,010270295,2,9,0,18,19,7,3,0,0,0,0,0,0,0,2,1,6,6,1,44,7,2179,2,5,JAGUAR XF SERIES,3,E01003630,0,-1
2020070202297,2020,070202297,2,9,0,4,4,3,7,0,0,1,0,0,0,0,1,1,6,6,1,49,8,1999,2,3,JAGUAR XF SERIES,8,E01012435,0,-1
2020010255428,2020,010255428,2,9,0,9,9,1,7,0,0,8,0,0,0,0,1,2,6,6,1,38,7,2993,2,1,JAGUAR XF SERIES,4,E01001321,0,-1
2020500999061,2020,500999061,1,9,0,4,4,1,5,0,0,0,1,0,0,0,1,1,6,6,1,58,9,2993,2,9,JAGUAR XF SERIES,3,E01015063,0,-1
2020010267897,2020,010267897,1,9,0,4,4,1,5,0,0,0,0,0,0,0,1,1,6,6,1,49,8,2993,2,11,JAGUAR XF SERIES,-1,-1,0,-1
2020351012501,2020,351012501,1,9,0,18,19,1,4,0,0,0,0,0,7,11,1,1,5,6,1,25,5,2993,2,9,JAGUAR XF SERIES,3,E01015615,0,-1
2020200953616,2020,200953616,2,9,0,3,3,6,2,0,0,1,0,0,0,0,1,1,1,1,1,55,8,2993,2,11,JAGUAR XF SERIES,6,E01010075,0,-1
2020122001074,2020,122001074,1,9,0,18,19,5,1,0,0,0,0,0,7,0,1,1,6,6,1,62,9,2993,2,8,JAGUAR XF SERIES,4,E01011808,0,-1
2020461020243,2020,461020243,1,9,0,18,19,7,3,0,0,0,0,0,0,0,0,1,6,6,1,-1,-1,2179,2,7,JAGUAR XF SERIES,1,E01024678,0,-1
2020010259536,2020,010259536,2,9,0,99,99,9,9,99,99,9,9,99,9,99,9,9,6,6,3,-1,-1,1997,1,0,JAGUAR XF SERIES,-1,-1,0,-1
2020160951621,2020,160951621,2,9,0,18,19,5,1,0,0,0,0,0,0,0,1,1,5,6,1,59,9,2993,2,8,JAGUAR XF SERIES,6,E01012766,0,-1
2020302000890,2020,302000890,1,9,0,5,5,3,1,0,0,6,0,0,0,0,3,1,2,2,1,30,6,1999,2,5,JAGUAR XF SERIES,6,E01019674,0,-1
2020350923009,2020,350923009,1,9,0,4,4,4,8,0,0,0,0,0,0,0,1,1,6,6,1,-1,-1,2179,2,8,JAGUAR XF SERIES,-1,-1,0,-1
20201379L1763,2020,1379L1763,1,9,0,18,19,1,5,0,0,3,0,0,0,0,1,1,6,6,1,76,11,2179,2,5,JAGUAR XF SERIES,8,E01027566,0,-1
2020440287653,2020,440287653,3,9,0,18,19,8,4,0,0,0,0,0,0,0,1,1,6,6,1,55,8,2179,2,6,JAGUAR XF SERIES,-1,-1,0,-1
2020400980907,2020,400980907,2,9,0,3,3,1,5,0,0,0,0,0,0,0,2,1,6,6,1,49,8,2993,2,10,JAGUAR XF SERIES,9,E01017565,0,-1
2020400951682,2020,400951682,1,9,0,18,19,3,7,0,0,0,0,0,0,0,1,1,6,6,3,-1,-1,2993,2,11,JAGUAR XF SERIES,-1,-1,0,-1
2020100981149,2020,100981149,1,9,0,18,19,4,8,0,0,1,0,0,0,0,4,1,5,6,1,54,8,2179,2,5,JAGUAR XF SERIES,2,E01033074,0,-1
2020471008285,2020,471008285,2,9,0,2,2,0,0,0,0,2,0,0,0,0,3,1,6,6,3,-1,-1,1999,2,3,JAGUAR XF SERIES,-1,-1,0,-1
2020460984558,2020,460984558,2,9,0,18,19,5,1,0,0,0,0,0,0,0,1,1,1,1,1,46,8,1999,2,2,JAGUAR XF SERIES,7,E01024332,0,-1
2020201008258,2020,201008258,3,9,0,3,3,7,3,0,0,1,0,4,0,0,2,1,6,6,1,61,9,2993,2,7,JAGUAR XF SERIES,2,E01009610,0,-1
2020010270542,2020,010270542,3,9,0,99,99,9,9,99,99,9,9,99,9,99,1,9,6,6,3,-1,-1,2967,1,10,JAGUAR XF SERIES,3,E01002401,0,-1
2020200954951,2020,200954951,1,9,0,18,19,1,5,0,0,0,0,0,0,0,1,1,6,6,1,58,9,2993,2,10,JAGUAR XF SERIES,3,E01009255,0,-1
2020160976717,2020,160976717,2,9,0,18,19,6,2,0,0,0,1,0,0,0,1,1,6,6,1,36,7,2993,2,9,JAGUAR XF SERIES,7,E01013014,0,-1
2020140998088,2020,140998088,2,9,0,2,2,0,0,0,0,0,0,0,0,0,4,1,6,6,3,-1,-1,2993,2,10,JAGUAR XF SERIES,-1,-1,0,-1
2020200994176,2020,200994176,1,9,0,13,13,8,4,0,0,8,0,0,0,0,1,1,6,6,1,-1,-1,2179,2,5,JAGUAR XF SERIES,-1,-1,0,-1
2020360939702,2020,360939702,2,9,0,18,19,2,6,0,0,1,0,0,0,0,2,1,1,1,1,39,7,1999,2,4,JAGUAR XF SERIES,9,E01026708,0,-1
2020040938113,2020,040938113,1,9,0,11,11,5,5,0,0,0,0,0,1,0,1,1,5,6,1,56,9,2967,1,10,JAGUAR XF SERIES,8,E01025603,0,-1
2020520103403,2020,520103403,1,9,0,16,19,8,4,0,0,0,0,0,1,4,1,1,6,6,1,61,9,2179,2,8,JAGUAR XF SERIES,6,E01020443,0,-1
2020420995206,2020,420995206,4,9,0,18,19,1,5,0,0,0,0,0,0,0,1,1,6,6,1,47,8,2993,2,9,JAGUAR XF SERIES,7,E01002366,0,-1