collision_index,collision_year,collision_ref_no,vehicle_reference,vehicle_type,towing_and_articulation,vehicle_manoeuvre_historic,vehicle_manoeuvre,vehicle_direction_from,vehicle_direction_to,vehicle_location_restricted_lane_historic,vehicle_location_restricted_lane,junction_location,skidding_and_overturning,hit_object_in_carriageway,vehicle_leaving_carriageway,hit_object_off_carriageway,first_point_of_impact,vehicle_left_hand_drive,journey_purpose_of_driver_historic,journey_purpose_of_driver,sex_of_driver,age_of_driver,age_band_of_driver,engine_capacity_cc,propulsion_code,age_of_vehicle,generic_make_model,driver_imd_decile,lsoa_of_driver,escooter_flag,driver_distance_banding
2020400932314,2020,400932314,1,9,0,18,19,4,8,0,0,2,0,0,0,0,1,1,1,1,1,22,5,2993,2,10,JAGUAR XF SERIES,8,E01017426,0,-1
2020040976784,2020,040976784,2,9,0,16,19,4,8,0,0,0,0,0,0,0,2,1,5,6,1,30,6,2993,2,10,JAGUAR XF SERIES,1,E01012704,0,-1
2020010287057,2020,010287057,2,9,0,99,99,9,9,99,99,9,9,99,9,99,1,9,6,6,3,-1,-1,2993,2,10,JAGUAR XF SERIES,-1,-1,0,-1
2020302000433,2020,302000433,1,9,0,9,9,8,6,0,0,0,0,0,0,0,4,1,6,6,1,43,7,2720,2,12,JAGUAR XF SERIES,6,E01032591,0,-1
2020340S02362,2020,340S02362,2,9,0,18,19,7,3,0,0,1,0,0,0,0,2,1,1,1,1,53,8,2993,2,7,JAGUAR XF SERIES,4,E01027171,0,-1
2020430045784,2020,430045784,2,9,0,16,19,8,3,0,0,3,0,0,0,0,3,1,6,6,1,33,6,1999,2,4,JAGUAR XF SERIES,3,E01028449,0,-1
202031A096520,2020,31A096520,1,9,0,5,5,1,5,0,0,6,0,0,0,0,4,1,6,6,1,54,8,2179,2,9,JAGUAR XF SERIES,2,E01027967,0,-1
2020140959201,2020,140959201,1,9,0,9,9,8,6,0,0,1,0,0,0,0,1,1,5,6,2,45,7,2993,2,11,JAGUAR XF SERIES,1,E01007367,0,-1
2020010230870,2020,010230870,3,9,0,2,2,0,0,0,0,1,0,0,0,0,1,1,6,6,3,-1,-1,1999,2,4,JAGUAR XF SERIES,-1,-1,0,-1
2020110978208,2020,110978208,1,9,0,18,19,5,1,0,0,0,1,0,2,7,4,1,6,6,1,53,8,2179,2,6,JAGUAR XF SERIES,6,E01008464,0,-1
2020460932048,2020,460932048,1,9,0,18,19,7,3,0,0,0,0,0,0,0,1,1,5,6,1,87,11,2993,2,7,JAGUAR XF SERIES,10,E01024404,0,-1
2020230948805,2020,230948805,1,9,0,13,13,2,6,0,0,0,1,0,2,4,4,1,2,2,1,68,10,5000,1,7,JAGUAR XF SERIES,7,E01031160,0,-1
2020137991099,2020,137991099,1,9,0,9,9,2,8,0,0,4,0,0,0,0,1,1,6,6,2,30,6,2179,2,7,JAGUAR XF SERIES,10,E01011701,0,-1
20201378G0919,2020,1378G0919,2,9,0,18,19,5,8,0,0,8,0,0,0,0,4,1,6,6,1,32,6,2993,2,7,JAGUAR XF SERIES,1,E01007544,0,-1
2020101003140,2020,101003140,1,9,0,4,4,7,3,0,0,1,0,0,0,0,1,1,5,6,1,46,8,2993,2,10,JAGUAR XF SERIES,10,E01008271,0,-1
2020420960315,2020,420960315,1,9,0,18,19,1,5,0,0,0,0,0,7,4,1,1,5,6,1,53,8,2179,2,5,JAGUAR XF SERIES,4,E01021451,0,-1
2020530965912,2020,530965912,2,9,0,17,19,5,1,0,0,0,1,0,0,0,1,1,5,6,1,71,10,2993,2,7,JAGUAR XF SERIES,8,E01022409,0,-1
2020520003173,2020,520003173,2,9,0,3,3,6,2,0,0,0,0,0,0,0,2,1,6,6,2,58,9,2993,2,9,JAGUAR XF SERIES,6,E01014471,0,-1
202006Q269987,2020,06Q269987,2,2,0,18,19,3,6,0,0,8,0,0,0,0,3,1,1,1,1,58,9,125,1,6,-1,9,E01005339,0,-1
2020070778070,2020,070778070,2,3,0,18,19,3,7,0,0,1,0,0,0,0,1,1,1,1,2,46,8,125,1,4,-1,8,E01018469,0,-1
2020440016417,2020,440016417,1,3,0,16,19,4,8,0,0,1,1,0,7,0,4,1,2,2,1,21,5,123,1,5,-1,7,E01023046,0,-1
2020370960949,2020,370960949,1,3,0,9,9,5,3,0,0,1,0,0,0,0,4,1,2,2,1,31,6,123,1,4,-1,5,E01029961,0,-1
2020420971368,2020,420971368,1,3,0,14,14,7,3,0,0,8,0,0,0,0,1,1,6,6,1,19,4,123,1,5,-1,-1,-1,0,-1
2020230943992,2020,230943992,2,3,0,18,19,2,6,0,0,8,0,0,0,0,1,1,5,6,1,22,5,123,1,5,-1,5,E01031169,0,-1
2020052002634,2020,052002634,1,9,0,18,19,3,7,0,0,1,0,0,0,0,1,1,6,6,1,23,5,1798,2,10,MITSUBISHI ASX,3,E01006654,0,-1
2020522003355,2020,522003355,2,9,0,5,5,7,3,0,0,8,0,0,0,0,3,1,6,6,1,21,5,1590,1,2,MITSUBISHI ASX,-1,-1,0,-1
2020100996726,2020,100996726,1,9,0,18,19,3,7,0,0,0,0,0,0,0,4,1,5,6,1,60,9,1798,2,6,MITSUBISHI ASX,3,E01008395,0,-1
20201371P1368,2020,1371P1368,2,9,0,4,4,2,6,0,0,0,0,0,0,0,2,1,6,6,1,40,7,2268,2,4,MITSUBISHI ASX,10,E01010954,0,-1
2020137AU0972,2020,137AU0972,2,9,0,7,7,1,4,0,0,0,0,0,0,0,4,1,6,6,2,57,9,1590,1,4,MITSUBISHI ASX,1,E01011471,0,-1
2020302000611,2020,302000611,1,9,0,9,9,5,2,0,0,8,0,0,0,0,1,1,6,6,2,40,7,1798,2,7,MITSUBISHI ASX,8,E01019609,0,-1
2020991009412,2020,991009412,2,9,0,18,19,5,1,0,0,1,0,0,0,0,1,1,5,6,2,73,10,1590,1,7,MITSUBISHI ASX,3,-1,0,-1
2020320039917,2020,320039917,3,9,0,15,15,1,5,0,0,1,0,0,0,0,1,1,6,6,1,51,8,1590,1,9,MITSUBISHI ASX,3,E01026017,0,-1
2020122000943,2020,122000943,1,9,0,18,19,5,1,0,0,0,0,0,0,0,2,1,6,6,2,49,8,1560,2,3,MITSUBISHI ASX,6,E01027628,0,-1
2020522004561,2020,522004561,1,9,0,18,19,4,8,0,0,0,0,0,0,0,2,1,6,6,2,26,6,1798,2,7,MITSUBISHI ASX,6,E01014708,0,-1
2020122000829,2020,122000829,1,9,0,9,9,1,6,0,0,8,0,0,0,0,1,1,6,6,2,29,6,1590,1,6,MITSUBISHI ASX,2,E01027579,0,-1
2020161007734,2020,161007734,1,9,0,17,19,6,3,0,0,0,0,0,0,0,1,1,6,6,2,29,6,1798,2,9,MITSUBISHI ASX,9,E01013120,0,-1
2020302000899,2020,302000899,2,9,0,18,19,4,8,0,0,8,0,0,0,0,1,1,6,6,1,57,9,1798,2,6,MITSUBISHI ASX,6,E01029121,0,-1
2020137BA1100,2020,137BA1100,2,9,0,15,15,3,7,0,0,0,0,0,0,0,1,1,6,6,1,82,11,2268,2,4,MITSUBISHI ASX,9,E01010647,0,-1
2020450915882,2020,450915882,1,9,0,17,19,3,3,0,0,0,0,0,1,4,1,1,5,6,2,60,9,1590,1,10,MITSUBISHI ASX,8,E01032571,0,-1
2020421007322,2020,421007322,1,9,0,15,15,7,3,0,0,0,0,0,0,0,1,1,5,6,1,37,7,1560,2,5,MITSUBISHI ASX,3,E01022055,0,-1
2020302001352,2020,302001352,1,9,0,18,19,4,8,0,0,1,0,0,0,0,1,2,6,6,1,22,5,1560,2,3,MITSUBISHI ASX,7,E01019479,0,-1
2020010233064,2020,010233064,1,9,0,9,9,6,4,0,0,6,0,0,0,0,4,1,3,7,2,41,7,1590,1,5,MITSUBISHI ASX,9,E01000991,0,-1
2020140923146,2020,140923146,1,9,0,4,4,2,6,0,0,1,0,0,0,0,1,1,2,2,2,33,6,1798,2,9,MITSUBISHI ASX,2,E01007405,0,-1
2020991010338,2020,991010338,2,9,0,5,5,3,7,0,0,1,0,0,0,0,2,1,6,6,1,34,6,1590,1,3,MITSUBISHI ASX,6,-1,0,-1
2020360983262,2020,360983262,1,9,0,18,19,3,6,0,0,2,0,0,0,0,1,1,6,6,1,57,9,1798,2,9,MITSUBISHI ASX,5,E01018080,0,-1
2020161011144,2020,161011144,2,9,0,18,19,1,4,0,0,5,0,0,0,0,1,1,5,6,2,36,7,1798,2,7,MITSUBISHI ASX,8,E01013102,0,-1
2020420920130,2020,420920130,3,9,0,7,7,7,2,0,0,1,0,0,0,0,3,1,2,2,2,53,8,1798,2,9,MITSUBISHI ASX,5,E01021992,0,-1
2020010248523,2020,010248523,2,9,0,17,19,1,5,0,0,1,0,0,7,0,1,1,6,6,1,61,9,1798,2,10,MITSUBISHI ASX,3,E01000553,0,-1
202054A803420,2020,54A803420,1,9,0,18,19,7,3,0,0,1,0,0,0,4,3,1,6,6,1,81,11,1560,2,5,MITSUBISHI ASX,7,E01031852,0,-1
2020460932426,2020,460932426,4,9,0,3,3,1,5,0,0,0,0,0,0,0,0,1,5,6,2,42,7,1798,2,10,MITSUBISHI ASX,7,E01024252,0,-1
2020460936122,2020,460936122,2,9,0,18,19,3,7,0,0,0,5,0,8,0,2,1,5,6,1,71,10,2268,2,4,MITSUBISHI ASX,1,E01024580,0,-1
2020450987850,2020,450987850,1,9,0,9,9,1,5,0,0,6,0,0,0,0,1,1,5,6,1,86,11,2268,2,5,MITSUBISHI ASX,5,E01031584,0,-1
2020500950471,2020,500950471,2,9,0,18,19,6,2,0,0,0,0,0,0,0,1,1,5,6,2,42,7,1590,1,10,MITSUBISHI ASX,6,E01020033,0,-1
2020230999267,2020,230999267,2,9,0,18,19,7,3,0,0,8,0,0,0,0,1,1,5,6,2,57,9,1798,2,9,MITSUBISHI ASX,6,E01031206,0,-1
2020370964831,2020,370964831,2,9,0,18,19,7,3,0,0,0,0,0,7,0,3,1,5,6,1,51,8,1998,1,0,MITSUBISHI ASX,7,E01030038,0,-1
2020522003229,2020,522003229,2,9,0,18,19,8,4,0,0,0,0,0,0,0,0,1,6,6,1,52,8,1798,2,7,MITSUBISHI ASX,4,W01001121,0,-1
202054B594520,2020,54B594520,2,9,0,17,19,5,1,0,0,0,0,0,0,0,2,1,6,6,2,53,8,1590,1,10,MITSUBISHI ASX,10,E01031907,0,-1
2020140965115,2020,140965115,3,9,0,18,19,7,3,0,0,0,5,0,1,0,1,1,2,2,1,39,7,1798,2,10,MITSUBISHI ASX,1,E01008082,0,-1
2020201007917,2020,201007917,1,9,0,18,19,4,8,0,0,1,0,0,0,0,1,1,2,2,2,46,8,1590,1,5,MITSUBISHI ASX,1,E01010383,0,-1
2020200943982,2020,200943982,2,9,0,3,3,5,1,0,0,1,0,12,0,0,2,1,6,6,1,40,7,1590,1,4,MITSUBISHI ASX,3,E01009967,0,-1
2020010252628,2020,010252628,2,9,0,16,19,3,7,0,0,1,0,0,0,0,1,1,6,6,2,41,7,2268,2,6,MITSUBISHI ASX,2,E01003229,0,-1
2020530995522,2020,530995522,2,9,0,18,19,6,8,0,0,0,0,0,0,0,2,1,6,6,1,50,8,1798,2,9,MITSUBISHI ASX,10,E01022128,0,-1
2020200963513,2020,200963513,2,9,0,5,5,4,8,0,0,8,0,10,7,1,4,1,6,6,2,62,9,1560,2,3,MITSUBISHI ASX,4,E01029634,0,-1
2020010268640,2020,010268640,1,9,0,99,99,9,9,99,99,9,9,99,9,99,2,9,6,6,1,64,9,1798,2,9,MITSUBISHI ASX,4,W01001121,0,-1
2020990934316,2020,990934316,1,9,0,18,19,4,8,0,0,0,2,0,7,11,3,1,5,6,1,27,6,1590,1,5,MITSUBISHI ASX,2,-1,0,-1
2020010261764,2020,010261764,2,9,0,3,3,1,5,0,0,1,0,11,0,0,1,1,6,6,1,56,9,1998,1,1,MITSUBISHI ASX,10,E01030388,0,-1
2020350996626,2020,350996626,1,9,0,18,19,4,8,0,0,0,0,0,0,0,1,1,5,6,2,59,9,2268,2,4,MITSUBISHI ASX,8,E01018194,0,-1
2020010245581,2020,010245581,1,9,0,18,19,3,7,0,0,0,0,4,0,0,1,1,6,6,1,24,5,1560,2,4,MITSUBISHI ASX,8,E01000989,0,-1
2020460943519,2020,460943519,2,9,0,18,19,6,2,0,0,0,2,0,1,9,2,1,5,6,1,59,9,1590,1,7,MITSUBISHI ASX,4,E01002000,0,-1
2020522002809,2020,522002809,2,9,0,18,19,3,7,0,0,0,0,0,0,0,1,1,6,6,3,20,4,1590,1,5,MITSUBISHI ASX,-1,-1,0,-1
2020122000619,2020,122000619,2,9,0,18,19,7,3,0,0,0,0,0,0,0,4,1,6,6,2,42,7,1560,2,2,MITSUBISHI ASX,8,E01027568,0,-1
2020544918520,2020,544918520,1,9,0,9,9,5,3,0,0,1,0,0,0,0,4,1,6,6,1,23,5,1590,1,8,MITSUBISHI ASX,8,E01015562,0,-1
2020430197018,2020,430197018,2,9,0,17,19,8,5,0,0,0,0,0,0,0,3,1,6,6,2,36,7,1590,1,8,MITSUBISHI ASX,9,E01016678,0,-1
2020100947893,2020,100947893,1,9,0,18,19,7,3,9,9,3,5,10,3,4,1,1,5,6,1,73,10,1590,1,3,MITSUBISHI ASX,-1,-1,0,-1
2020549492820,2020,549492820,2,9,0,16,19,5,8,0,0,1,0,0,1,11,1,1,6,6,1,60,9,1798,2,9,MITSUBISHI ASX,9,E01031870,0,-1
2020990963798,2020,990963798,1,9,0,14,14,1,5,0,0,0,0,0,0,0,1,1,1,1,1,83,11,2268,2,6,MITSUBISHI ASX,7,-1,0,-1
202063A022220,2020,63A022220,1,9,0,5,5,6,2,0,0,6,0,0,0,0,3,1,6,6,1,23,5,1590,1,4,MITSUBISHI ASX,6,W01000628,0,-1
2020070017672,2020,070017672,2,9,0,18,19,8,4,0,0,8,0,0,0,0,1,1,6,6,2,26,6,1590,1,10,MITSUBISHI ASX,9,E01018492,0,-1
2020211015871,2020,211015871,1,9,0,9,9,-1,-1,0,0,1,0,0,0,0,1,1,6,6,2,68,10,1798,2,5,MITSUBISHI ASX,7,E01029794,0,-1
2020500967701,2020,500967701,3,9,0,2,2,0,0,0,0,1,0,0,0,0,2,1,6,6,1,30,6,1590,1,8,MITSUBISHI ASX,6,E01015107,0,-1
2020200989447,2020,200989447,1,9,0,18,19,7,3,0,0,0,0,0,0,0,1,1,6,6,1,29,6,2268,2,5,MITSUBISHI ASX,3,E01009777,0,-1
2020010235643,2020,010235643,2,9,0,4,4,7,3,0,0,0,0,0,0,0,1,1,1,1,1,44,7,1798,2,8,MITSUBISHI ASX,5,E01003495,0,-1
2020547807320,2020,547807320,1,9,0,9,9,2,6,0,0,4,0,0,0,0,4,1,6,6,1,87,11,1590,1,3,MITSUBISHI ASX,10,E01032005,0,-1
2020010230826,2020,010230826,2,9,0,99,99,9,9,99,99,9,9,99,9,99,1,9,6,6,3,31,6,1590,1,2,MITSUBISHI ASX,1,E01003245,0,-1
2020140931963,2020,140931963,1,9,0,18,19,7,3,0,0,1,1,0,0,0,1,1,1,1,2,49,8,1798,2,6,MITSUBISHI ASX,6,E01013253,0,-1
2020400933228,2020,400933228,1,9,0,18,19,2,6,0,0,0,0,4,0,0,1,1,5,6,1,48,8,1798,2,10,MITSUBISHI ASX,3,E01017518,0,-1
2020220960524,2020,220960524,1,9,0,18,19,1,5,0,0,0,1,0,7,7,1,1,5,6,1,50,8,3799,1,11,-1,7,E01009040,0,-1
2020470972366,2020,470972366,1,9,0,18,19,2,6,0,0,0,0,0,0,0,0,1,5,6,3,41,7,3799,1,11,-1,3,E01030114,0,-1
2020200951889,2020,200951889,1,9,0,18,19,4,8,0,0,0,1,7,1,2,1,1,6,6,1,29,6,3799,1,10,-1,1,W01001699,0,-1
2020041005990,2020,041005990,1,9,0,13,13,7,3,0,0,0,1,0,0,0,4,1,5,6,1,58,9,3799,1,10,-1,9,E01025545,0,-1
2020401007154,2020,401007154,2,3,0,18,19,8,4,0,0,0,0,0,0,0,3,1,1,1,1,59,9,125,1,3,PEUGEOT SPEEDFIGHT,3,E01027317,0,-1
2020137181957,2020,137181957,1,3,0,18,19,7,3,0,0,0,5,0,0,1,1,1,6,6,1,34,6,125,1,2,PEUGEOT SPEEDFIGHT,2,E01011334,0,-1
2020361008901,2020,361008901,1,3,0,18,19,2,6,0,0,0,0,0,0,0,3,1,5,6,1,23,5,125,1,6,PEUGEOT SPEEDFIGHT,2,E01033040,0,-1
2020500961109,2020,500961109,2,2,0,3,3,1,5,0,0,0,0,0,0,0,1,1,5,6,1,16,4,49,1,1,PEUGEOT SPEEDFIGHT,3,E01015248,0,-1
2020520005175,2020,520005175,1,2,0,3,3,8,4,0,0,1,0,0,0,0,1,1,6,6,1,21,5,49,1,2,PEUGEOT SPEEDFIGHT,7,E01029150,0,-1
2020500939225,2020,500939225,3,3,0,18,19,7,6,2,2,1,0,0,0,0,1,1,5,6,1,23,5,125,1,5,PEUGEOT SPEEDFIGHT,4,E01015177,0,-1
2020522003984,2020,522003984,1,2,0,13,13,6,2,0,0,8,0,4,0,0,4,1,6,6,1,36,7,125,1,1,PEUGEOT SPEEDFIGHT,4,E01014573,0,-1
202031C162320,2020,31C162320,2,3,0,9,9,1,6,0,0,5,0,0,0,0,3,1,6,6,1,17,4,125,1,5,PEUGEOT SPEEDFIGHT,2,E01013842,0,-1
2020302000772,2020,302000772,2,3,0,18,19,8,4,0,0,2,1,0,0,0,0,1,6,6,2,22,5,125,1,1,PEUGEOT SPEEDFIGHT,6,E01027962,0,-1
2020410927036,2020,410927036,2,2,0,18,19,7,3,0,0,0,0,0,0,0,1,1,6,6,1,16,4,49,1,12,PEUGEOT SPEEDFIGHT,4,E01023805,0,-1
2020440116939,2020,440116939,2,3,0,18,19,3,7,0,0,8,1,0,1,0,3,1,6,6,1,49,8,49,1,19,PEUGEOT SPEEDFIGHT,2,E01017106,0,-1
2020211029967,2020,211029967,1,3,0,18,19,3,7,0,0,1,0,0,0,0,2,1,6,6,1,17,4,49,1,18,PEUGEOT SPEEDFIGHT,1,E01010441,0,-1
2020440294380,2020,440294380,1,2,0,18,19,3,7,0,0,1,0,0,0,0,1,1,2,2,1,18,4,100,1,14,PEUGEOT SPEEDFIGHT,9,E01023275,0,-1
2020552000386,2020,552000386,1,2,0,9,9,2,7,0,0,0,0,0,0,0,3,1,6,6,1,16,4,49,1,15,PEUGEOT SPEEDFIGHT,5,E01015329,0,-1
2020501015824,2020,501015824,2,2,0,18,19,1,5,0,0,8,0,0,0,0,1,1,5,6,1,17,4,49,1,3,PEUGEOT SPEEDFIGHT,5,E01018833,0,-1
2020430276708,2020,430276708,2,2,0,18,19,6,2,0,0,8,0,0,0,0,1,1,1,1,1,39,7,125,1,5,PEUGEOT SPEEDFIGHT,10,E01017773,0,-1
2020332000070,2020,332000070,2,3,0,4,4,4,8,0,0,1,0,0,0,0,1,1,6,6,1,-1,-1,125,1,6,PEUGEOT SPEEDFIGHT,9,E01013802,0,-1
2020420994158,2020,420994158,1,3,0,18,19,8,3,0,0,0,0,0,0,0,3,1,1,1,1,25,5,125,1,5,PEUGEOT SPEEDFIGHT,6,E01022090,0,-1
202031C140620,2020,31C140620,1,3,0,13,13,8,4,0,0,8,0,0,0,0,1,1,6,6,1,23,5,125,1,0,PEUGEOT SPEEDFIGHT,2,E01013834,0,-1
2020370967421,2020,370967421,2,3,0,18,19,1,5,0,0,8,5,0,0,0,1,1,2,2,2,62,9,125,1,5,PEUGEOT SPEEDFIGHT,7,E01030217,0,-1
202031A027120,2020,31A027120,1,3,0,18,19,6,2,0,0,8,0,0,0,0,1,1,2,2,1,25,5,125,1,1,PEUGEOT SPEEDFIGHT,1,E01028256,0,-1
2020420940259,2020,420940259,1,3,0,14,14,7,3,0,0,0,2,0,0,0,1,1,5,6,2,38,7,125,1,2,PEUGEOT SPEEDFIGHT,7,E01021606,0,-1
2020360937656,2020,360937656,1,3,0,14,14,5,1,0,0,8,0,0,0,0,1,1,5,6,1,27,6,125,1,4,PEUGEOT SPEEDFIGHT,3,E01026670,0,-1
2020160970027,2020,160970027,1,2,0,18,19,2,6,0,0,0,1,0,0,0,1,1,6,6,1,16,4,49,1,13,PEUGEOT SPEEDFIGHT,-1,-1,0,-1
2020440177379,2020,440177379,2,2,0,4,4,4,8,0,0,2,0,0,0,0,2,1,2,2,2,23,5,125,1,6,PEUGEOT SPEEDFIGHT,7,E01023031,0,-1
2020470950172,2020,470950172,1,3,0,18,19,8,4,0,0,0,0,10,0,0,1,1,2,2,1,16,4,49,1,12,PEUGEOT SPEEDFIGHT,7,E01031539,0,-1
2020440148338,2020,440148338,1,2,0,18,19,5,1,0,0,8,0,0,0,0,1,1,6,6,1,16,4,49,1,17,PEUGEOT SPEEDFIGHT,4,E01017087,0,-1
2020100926035,2020,100926035,1,3,0,3,3,8,2,0,0,0,1,0,0,0,4,1,6,6,1,24,5,125,1,1,PEUGEOT SPEEDFIGHT,-1,-1,0,-1
2020122000757,2020,122000757,1,4,0,18,19,4,8,0,0,1,1,10,0,0,1,1,6,6,1,42,7,125,1,0,-1,4,E01027910,0,-1
2020460948656,2020,460948656,1,2,0,17,19,8,5,0,0,0,1,0,0,0,0,1,5,6,1,17,4,49,1,4,PEUGEOT SPEEDFIGHT,6,E01024238,0,-1
2020140916568,2020,140916568,1,2,0,4,4,8,4,0,0,0,1,0,0,0,3,1,6,6,1,41,7,49,1,3,PEUGEOT SPEEDFIGHT,4,E01007699,0,-1
2020302000064,2020,302000064,1,3,0,16,19,2,6,0,0,0,1,0,0,0,4,1,6,6,1,17,4,100,1,19,PEUGEOT SPEEDFIGHT,2,E01019497,0,-1
2020522100501,2020,522100501,1,2,0,17,19,1,6,0,0,5,1,0,0,0,4,1,6,6,2,40,7,49,1,15,PEUGEOT SPEEDFIGHT,8,E01014982,0,-1
2020360952505,2020,360952505,1,2,0,18,19,1,5,0,0,0,0,0,0,0,1,1,5,6,1,24,5,49,1,14,PEUGEOT SPEEDFIGHT,9,E01026836,0,-1
2020411000826,2020,411000826,2,2,0,18,19,5,1,0,0,0,0,0,0,0,0,1,6,6,1,17,4,49,1,1,PEUGEOT SPEEDFIGHT,10,E01023725,0,-1
2020010279884,2020,010279884,1,3,0,18,19,1,5,0,0,3,0,0,0,0,3,1,1,1,1,34,6,125,1,5,PEUGEOT SPEEDFIGHT,1,E01001178,0,-1
2020410924053,2020,410924053,1,3,0,18,19,1,5,0,0,1,0,0,1,0,1,1,6,6,1,18,4,125,1,1,PEUGEOT SPEEDFIGHT,3,E01017562,0,-1
2020101011038,2020,101011038,2,2,0,15,15,5,1,0,0,1,0,0,0,0,4,1,5,6,1,17,4,49,1,4,PEUGEOT SPEEDFIGHT,2,E01008755,0,-1
2020450919753,2020,450919753,1,3,0,18,19,3,7,0,0,1,2,0,0,0,1,1,6,6,1,27,6,125,1,1,PEUGEOT SPEEDFIGHT,7,E01030651,0,-1
20201378T1276,2020,1378T1276,1,3,0,18,19,1,5,0,0,1,0,0,0,0,1,1,6,6,1,30,6,125,1,3,PEUGEOT SPEEDFIGHT,2,E01010796,0,-1
2020520004736,2020,520004736,1,4,0,18,19,5,1,0,0,0,0,0,0,0,1,1,6,6,1,23,5,125,1,4,-1,3,E01029341,0,-1
2020122000638,2020,122000638,1,4,0,18,19,6,2,0,0,1,0,0,0,0,1,1,1,1,1,38,7,125,1,4,-1,6,E01027659,0,-1
2020140967196,2020,140967196,2,3,0,18,19,7,3,0,0,0,1,0,0,0,1,1,6,6,1,30,6,125,1,4,-1,4,E01005358,0,-1
2020470996922,2020,470996922,2,3,0,9,9,8,6,0,0,8,0,0,0,0,2,1,2,2,2,32,6,125,1,5,-1,3,E01017129,0,-1
2020470965870,2020,470965870,1,3,0,17,19,3,8,0,0,0,1,0,1,0,3,1,5,6,1,20,4,125,1,4,-1,8,E01002949,0,-1
2020010256211,2020,010256211,3,9,0,2,2,0,0,6,6,1,0,0,0,0,2,1,6,6,3,-1,-1,698,1,16,SMART CITY,-1,-1,0,-1
2020010262132,2020,010262132,2,9,0,99,99,9,9,99,99,9,9,99,9,99,1,9,6,6,3,-1,-1,698,1,15,SMART CITY,4,E01000307,0,-1
2020200953994,2020,200953994,2,9,0,4,4,2,6,0,0,8,0,0,0,0,2,1,2,2,2,45,7,698,1,16,SMART CITY,1,E01010482,0,-1
2020010285148,2020,010285148,2,9,0,2,2,0,0,0,0,2,0,0,0,0,2,1,6,6,3,-1,-1,698,1,15,SMART CITY,-1,-1,0,-1
2020470941242,2020,470941242,1,9,0,9,9,8,5,0,0,5,0,0,0,0,1,1,2,2,2,23,5,698,1,16,SMART CITY,7,E01021205,0,-1
2020010282540,2020,010282540,2,9,0,2,2,0,0,0,0,0,0,0,0,0,1,1,6,6,3,-1,-1,698,1,17,SMART CITY,-1,-1,0,-1
2020430298985,2020,430298985,4,9,0,2,2,0,0,0,0,2,0,0,0,0,2,1,6,6,3,-1,-1,698,1,15,SMART CITY,-1,-1,0,-1
2020010248194,2020,010248194,2,9,0,99,99,9,9,99,99,9,9,99,9,99,9,9,6,6,3,-1,-1,698,1,14,SMART CITY,-1,-1,0,-1
2020010229139,2020,010229139,1,9,0,99,99,9,9,99,99,9,9,99,9,99,2,9,6,6,1,59,9,698,1,14,SMART CITY,7,E01018128,0,-1
2020220981474,2020,220981474,2,9,0,17,19,3,8,0,0,4,0,0,0,0,1,1,5,6,2,58,9,698,1,17,SMART CITY,8,E01014179,0,-1
2020200990537,2020,200990537,2,9,0,18,19,2,6,0,0,0,0,0,0,0,1,1,6,6,1,57,9,698,1,14,SMART CITY,3,E01010113,0,-1
2020010258553,2020,010258553,3,9,0,2,2,0,0,0,0,0,0,0,0,0,2,1,6,6,3,-1,-1,698,1,16,SMART CITY,-1,-1,0,-1
2020430190308,2020,430190308,1,9,0,18,19,3,7,0,0,0,0,0,0,0,1,1,6,6,1,40,7,698,1,16,SMART CITY,-1,-1,0,-1
2020010279683,2020,010279683,1,9,0,18,19,3,7,0,0,1,0,0,0,0,3,1,6,6,1,33,6,698,1,17,SMART CITY,2,E01033146,0,-1
2020522005113,2020,522005113,1,9,0,18,19,5,1,0,0,8,0,0,0,0,1,1,6,6,1,25,5,698,1,13,SMART CITY,9,E01014943,0,-1
2020010253886,2020,010253886,2,9,0,18,19,7,3,0,0,1,0,99,0,0,1,9,-1,-1,3,-1,-1,698,1,16,SMART CITY,-1,-1,0,-1
2020470945638,2020,470945638,1,9,0,18,19,7,3,0,0,1,0,0,0,0,1,1,6,6,1,31,6,698,1,17,SMART CITY,2,E01020998,0,-1
2020201002098,2020,201002098,1,9,0,9,9,8,6,0,0,6,0,0,0,0,3,1,6,6,1,69,10,698,1,16,SMART CITY,1,E01009844,0,-1
2020010284944,2020,010284944,1,9,0,7,7,5,7,0,0,5,0,0,0,0,0,1,1,1,1,53,8,698,1,16,SMART CITY,5,E01001168,0,-1
2020010284829,2020,010284829,1,9,9,99,99,9,9,99,99,9,9,99,9,99,9,9,2,2,1,38,7,698,1,16,SMART CITY,10,E01030691,0,-1
2020010254534,2020,010254534,2,9,0,99,99,9,9,0,0,0,0,0,0,0,1,9,6,6,1,43,7,698,1,16,SMART CITY,5,E01032790,0,-1
2020010263151,2020,010263151,2,9,0,18,19,1,5,0,0,1,0,0,0,0,1,1,2,2,1,59,9,698,1,15,SMART CITY,5,E01002395,0,-1
2020440427981,2020,440427981,1,9,0,9,9,7,5,0,0,5,0,0,0,0,4,1,6,6,2,82,11,698,1,16,SMART CITY,7,E01023150,0,-1
2020350922056,2020,350922056,2,5,0,18,19,5,1,0,0,1,1,0,0,0,1,1,2,2,1,52,8,1250,1,18,YAMAHA XJR 1300,5,E01018105,0,-1