collision_index,collision_year,collision_ref_no,vehicle_reference,vehicle_type,towing_and_articulation,vehicle_manoeuvre_historic,vehicle_manoeuvre,vehicle_direction_from,vehicle_direction_to,vehicle_location_restricted_lane_historic,vehicle_location_restricted_lane,junction_location,skidding_and_overturning,hit_object_in_carriageway,vehicle_leaving_carriageway,hit_object_off_carriageway,first_point_of_impact,vehicle_left_hand_drive,journey_purpose_of_driver_historic,journey_purpose_of_driver,sex_of_driver,age_of_driver,age_band_of_driver,engine_capacity_cc,propulsion_code,age_of_vehicle,generic_make_model,driver_imd_decile,lsoa_of_driver,escooter_flag,driver_distance_banding
20201374E0610,2020,1374E0610,3,9,0,2,2,0,0,0,0,0,0,0,0,0,1,1,6,6,1,-1,-1,2967,2,14,AUDI Q7,-1,-1,0,-1
2020137751390,2020,137751390,1,9,0,4,4,5,1,0,0,1,0,0,0,0,1,1,6,6,1,49,8,2967,2,12,AUDI Q7,4,E01010599,0,-1
2020010272527,2020,010272527,2,9,0,16,19,3,7,0,0,8,0,0,0,0,1,1,6,6,1,-1,-1,2967,2,13,AUDI Q7,7,E01017909,0,-1
2020622000481,2020,622000481,1,9,0,18,19,6,2,0,0,1,0,0,0,0,1,1,6,6,1,39,7,2967,2,6,AUDI Q7,9,W01001115,0,-1
2020010287949,2020,010287949,2,9,0,4,4,7,3,0,0,0,0,0,0,0,2,9,6,6,1,-1,-1,2967,2,8,AUDI Q7,6,E01002565,0,-1
2020010287450,2020,010287450,2,9,0,99,99,9,9,99,99,8,9,99,9,99,9,9,6,6,3,46,8,2967,2,9,AUDI Q7,6,E01004653,0,-1
2020101002412,2020,101002412,1,9,0,7,7,3,7,0,0,1,0,0,0,0,1,1,6,6,3,20,4,2967,2,13,AUDI Q7,-1,-1,0,-1
2020140968483,2020,140968483,2,9,0,18,19,5,1,0,0,0,0,0,0,0,-1,1,6,6,1,60,9,2967,2,4,AUDI Q7,-1,-1,0,-1
2020420927164,2020,420927164,1,9,0,9,9,1,7,0,0,5,0,0,0,0,1,1,5,6,2,29,6,2967,2,4,AUDI Q7,9,E01021543,0,-1
2020010280258,2020,010280258,2,9,0,5,5,6,2,0,0,1,0,0,1,1,1,1,6,6,1,20,4,2967,2,10,AUDI Q7,-1,-1,0,-1
2020450956580,2020,450956580,2,9,0,13,13,3,7,0,0,0,0,0,0,0,1,1,6,6,1,55,8,2967,2,13,AUDI Q7,7,E01030993,0,-1
2020220995000,2020,220995000,2,9,0,2,2,0,0,0,0,0,0,0,0,0,3,1,5,6,2,32,6,2967,2,3,AUDI Q7,6,E01032128,0,-1
202031C133520,2020,31C133520,2,9,0,18,19,2,6,0,0,8,0,0,0,0,1,1,6,6,1,31,6,2967,2,5,AUDI Q7,10,E01028356,0,-1
2020400973941,2020,400973941,1,9,0,18,19,1,3,0,0,1,0,4,0,0,2,1,6,6,1,-1,-1,5204,1,14,-1,-1,-1,0,-1
202006F278382,2020,06F278382,2,9,0,18,19,4,8,0,0,0,0,0,0,0,4,1,6,6,1,44,7,5204,1,13,-1,7,E01005041,0,-1
2020052002413,2020,052002413,2,9,0,18,19,5,1,0,0,2,0,0,0,0,4,1,2,2,1,43,7,3993,1,5,-1,7,E01007310,0,-1
20201378O0771,2020,1378O0771,1,5,0,13,13,1,6,0,0,1,0,0,0,0,1,1,6,6,1,17,4,-1,-1,-1,-1,1,E01011431,0,-1
2020552100217,2020,552100217,2,9,0,2,2,0,0,0,0,0,0,4,0,0,2,1,6,6,3,-1,-1,6800,1,57,-1,-1,-1,0,-1
2020010236929,2020,010236929,1,9,0,18,19,5,1,0,0,1,0,11,0,0,4,1,6,6,3,-1,-1,4565,1,11,-1,-1,-1,0,-1
2020450977391,2020,450977391,2,21,0,1,1,3,7,9,9,0,0,0,0,0,2,1,5,6,1,62,9,9200,2,16,-1,7,E01030466,0,-1
2020420922734,2020,420922734,2,9,0,10,10,7,3,0,0,1,0,0,0,0,2,1,5,6,1,37,7,1495,1,13,-1,5,E01015949,0,-1
202031A030520,2020,31A030520,1,9,0,18,19,6,2,0,0,0,0,0,0,0,1,1,6,6,1,46,8,1495,1,13,-1,2,E01028280,0,-1
2020470986175,2020,470986175,2,3,0,17,19,4,1,0,0,0,0,0,0,0,1,1,2,2,1,44,7,125,1,2,-1,4,E01020966,0,-1
2020990960790,2020,990960790,1,3,0,17,19,3,8,0,0,0,0,0,0,0,4,1,5,6,1,33,6,125,1,1,-1,2,-1,0,-1
2020010233487,2020,010233487,1,5,0,14,14,5,1,0,0,8,2,4,0,0,3,1,2,2,1,46,8,998,1,1,-1,7,E01003673,0,-1
2020500965182,2020,500965182,1,5,0,18,19,3,7,0,0,0,0,0,0,0,1,1,6,6,1,47,8,998,1,2,-1,8,E01015223,0,-1
2020122000850,2020,122000850,1,5,0,3,3,5,1,0,0,0,0,0,0,0,1,1,6,6,1,52,8,998,1,3,-1,8,E01012977,0,-1
2020010258075,2020,010258075,2,2,0,99,99,9,9,99,99,9,9,99,9,99,9,1,6,6,1,30,6,998,1,3,-1,3,E01001000,0,-1
2020450959936,2020,450959936,1,5,0,17,19,5,1,0,0,1,0,11,1,0,3,1,5,6,1,70,10,998,1,1,-1,10,E01030898,0,-1
2020010283783,2020,010283783,2,5,0,18,19,4,8,0,0,1,0,0,0,0,1,1,1,1,1,30,6,745,1,4,-1,6,E01031676,0,-1
2020990967356,2020,990967356,1,5,0,18,19,2,6,0,0,0,0,0,0,0,4,1,5,6,1,64,9,745,1,4,-1,6,E01024460,0,-1
2020522101208,2020,522101208,1,5,0,13,13,6,2,0,0,2,0,10,6,0,4,1,6,6,1,47,8,745,1,4,-1,7,E01014916,0,-1
2020420982640,2020,420982640,1,5,0,18,19,8,4,0,0,0,5,0,0,0,1,1,6,6,1,26,6,745,1,4,-1,6,E01003153,0,-1
2020410991556,2020,410991556,1,5,0,18,19,1,5,0,0,1,0,0,0,0,1,1,6,6,1,44,7,745,1,4,-1,6,E01023858,0,-1
2020220949298,2020,220949298,2,21,1,16,19,2,5,0,0,0,0,0,0,0,2,1,1,1,1,52,8,10308,2,7,IVECO STRALIS,5,E01019837,0,-1
2020990998731,2020,990998731,1,21,0,5,5,1,5,0,0,0,0,0,0,0,1,1,1,1,1,28,6,-1,-1,-1,IVECO STRALIS,1,-1,0,-1
2020010255420,2020,010255420,3,21,1,4,4,1,5,0,0,0,0,0,0,0,1,1,1,1,1,41,7,11120,2,2,IVECO STRALIS,3,E01008930,0,-1
2020990934340,2020,990934340,2,21,1,18,19,6,2,0,0,0,0,0,0,0,1,1,1,1,1,41,7,12900,5,2,IVECO STRALIS,1,-1,0,-1
2020420962499,2020,420962499,2,21,1,2,2,0,0,6,6,0,0,0,0,0,2,1,1,1,1,70,10,11120,2,2,IVECO STRALIS,5,E01021901,0,-1
2020440294389,2020,440294389,1,21,0,11,11,7,3,0,0,0,0,0,0,0,1,1,1,1,1,73,10,11120,2,2,IVECO STRALIS,3,E01023055,0,-1
2020430434971,2020,430434971,2,21,1,17,19,1,6,0,0,0,0,0,0,0,2,1,1,1,1,55,8,11120,2,2,IVECO STRALIS,2,E01026975,0,-1
2020010232428,2020,010232428,2,21,0,7,7,7,1,0,0,8,5,0,0,0,1,1,6,6,1,-1,-1,8710,2,4,IVECO STRALIS,-1,-1,0,-1
2020230978643,2020,230978643,1,21,1,9,9,5,3,0,0,3,0,0,0,0,1,1,1,1,1,63,9,12882,2,3,IVECO STRALIS,7,E01025620,0,-1
2020010259977,2020,010259977,1,20,9,5,5,5,1,9,9,2,9,99,9,99,3,1,1,1,1,54,8,7790,2,7,-1,-1,-1,0,-1
2020052100160,2020,052100160,1,21,1,11,11,1,5,0,0,0,0,0,0,0,4,1,1,1,1,56,9,11120,2,4,IVECO STRALIS,1,E01007017,0,-1
2020010262277,2020,010262277,2,21,0,7,7,5,8,0,0,1,0,0,0,0,4,1,6,6,1,-1,-1,12882,2,4,IVECO STRALIS,-1,-1,0,-1
2020170L30630,2020,170L30630,2,21,1,18,19,2,6,0,0,0,0,0,0,0,1,1,1,1,1,51,8,8710,2,5,IVECO STRALIS,9,E01012234,0,-1
202006XL68205,2020,06XL68205,1,21,0,12,12,1,5,0,0,7,0,0,0,0,3,1,1,1,1,40,7,11120,2,5,IVECO STRALIS,7,E01013892,0,-1
2020031012809,2020,031012809,2,21,1,18,19,8,4,0,0,0,0,0,0,0,1,1,1,1,1,60,9,10308,2,7,IVECO STRALIS,10,E01011696,0,-1
2020530976287,2020,530976287,2,21,0,3,3,7,3,0,0,1,0,0,0,0,1,1,1,1,1,38,7,8710,2,6,IVECO STRALIS,10,E01022145,0,-1
2020031012127,2020,031012127,1,21,1,17,19,1,5,0,0,0,5,0,0,0,4,1,1,1,1,60,9,10308,2,6,IVECO STRALIS,7,E01019382,0,-1
2020420979606,2020,420979606,1,21,0,11,11,5,1,0,0,0,0,0,0,0,1,1,1,1,1,27,6,11120,2,3,IVECO STRALIS,1,E01009574,0,-1
2020460941193,2020,460941193,2,9,0,18,19,7,3,0,0,0,0,0,0,0,1,1,5,6,1,45,7,2987,2,3,JEEP GRAND CHEROKEE,4,E01004254,0,-1
2020522004574,2020,522004574,1,9,0,12,12,8,4,0,0,1,0,0,0,0,3,1,6,6,1,53,8,2987,2,7,JEEP GRAND CHEROKEE,6,E01022270,0,-1
2020010273800,2020,010273800,1,9,0,5,5,4,8,0,0,2,0,0,0,0,3,2,6,6,1,37,7,2987,2,5,JEEP GRAND CHEROKEE,3,E01001397,0,-1
2020320351819,2020,320351819,2,9,0,18,19,4,8,0,0,1,0,0,0,0,1,1,1,1,2,40,7,2987,2,6,JEEP GRAND CHEROKEE,10,E01028292,0,-1
2020010250084,2020,010250084,2,9,0,7,7,4,6,9,9,5,0,0,0,0,2,1,6,6,1,32,6,2987,2,2,JEEP GRAND CHEROKEE,8,E01002289,0,-1
2020200936102,2020,200936102,1,9,0,18,19,2,6,0,0,0,0,0,0,0,2,1,6,6,1,56,9,2987,2,3,JEEP GRAND CHEROKEE,8,E01032223,0,-1
2020461003537,2020,461003537,2,9,0,18,19,1,5,0,0,1,0,0,0,0,1,1,6,6,1,49,8,2987,2,3,JEEP GRAND CHEROKEE,5,E01024033,0,-1
2020420917082,2020,420917082,1,9,0,18,19,1,5,0,0,0,0,0,0,0,1,1,6,6,1,43,7,6166,1,0,JEEP GRAND CHEROKEE,8,E01024133,0,-1
2020622000374,2020,622000374,2,9,0,4,4,7,3,0,0,2,0,0,0,0,2,1,6,6,2,58,9,2987,2,4,JEEP GRAND CHEROKEE,4,W01000773,0,-1
2020140951223,2020,140951223,1,9,0,3,3,1,4,0,0,0,0,0,0,0,2,1,5,6,1,35,6,2987,2,3,JEEP GRAND CHEROKEE,8,E01008131,0,-1
2020340C06692,2020,340C06692,1,9,0,5,5,1,5,0,0,0,0,0,0,0,1,1,6,6,1,47,8,2987,2,6,JEEP GRAND CHEROKEE,2,E01026957,0,-1
2020350999841,2020,350999841,1,9,0,17,19,7,4,0,0,0,0,0,7,0,1,1,5,6,1,84,11,2987,2,3,JEEP GRAND CHEROKEE,7,E01018218,0,-1
202054B478420,2020,54B478420,1,9,0,9,9,5,7,0,0,8,0,0,0,0,4,1,6,6,1,62,9,2987,2,4,JEEP GRAND CHEROKEE,1,E01015508,0,-1
20201379T1195,2020,1379T1195,1,9,0,18,19,7,3,0,0,0,0,0,0,0,1,1,6,6,1,29,6,2987,2,6,JEEP GRAND CHEROKEE,5,E01032495,0,-1
2020990956329,2020,990956329,1,9,0,12,12,7,1,0,0,8,0,0,0,0,3,1,5,6,1,40,7,2987,2,5,JEEP GRAND CHEROKEE,2,-1,0,-1
2020542426220,2020,542426220,1,9,0,18,19,8,4,0,0,0,0,0,0,0,3,1,6,6,1,57,9,2987,2,7,JEEP GRAND CHEROKEE,4,E01002876,0,-1
2020500997096,2020,500997096,2,5,0,18,19,8,4,0,0,6,1,0,0,0,1,1,6,6,1,55,8,1165,1,18,-1,6,E01019035,0,-1
2020450934363,2020,450934363,2,5,0,13,13,8,4,0,0,0,2,0,7,10,1,1,5,6,1,28,6,1199,1,18,-1,7,E01030684,0,-1
2020470952909,2020,470952909,1,5,0,17,19,3,8,0,0,1,0,10,7,10,3,1,2,2,1,56,9,1164,1,14,-1,8,E01031634,0,-1
2020302001433,2020,302001433,2,4,0,18,19,2,5,0,0,1,0,0,0,0,3,1,2,2,1,54,8,1199,1,18,-1,2,E01033172,0,-1
2020370943234,2020,370943234,2,5,0,18,19,2,6,0,0,0,0,0,0,0,4,1,5,6,1,53,8,1164,1,16,-1,1,E01029994,0,-1
2020450979808,2020,450979808,1,9,0,17,19,7,3,0,0,1,5,0,1,0,1,1,5,6,1,23,5,1998,1,1,-1,6,E01031692,0,-1
2020110995297,2020,110995297,2,9,0,18,19,5,1,0,0,1,0,0,0,0,1,1,6,6,2,67,10,1998,1,0,-1,3,E01020884,0,-1
202031B163320,2020,31B163320,2,9,0,9,9,5,3,0,0,5,0,0,0,0,0,1,6,6,2,40,7,1998,1,0,-1,9,E01013252,0,-1
2020460991806,2020,460991806,3,9,0,4,4,3,7,0,0,0,0,12,0,0,1,1,6,6,2,28,6,1998,1,0,-1,2,E01024634,0,-1
2020990994148,2020,990994148,1,5,0,16,19,2,6,0,0,1,1,0,0,0,4,1,6,6,1,59,9,1151,1,9,-1,9,-1,0,-1
202054B323820,2020,54B323820,2,3,0,3,3,4,2,0,0,3,0,0,0,0,2,1,2,2,1,54,8,1064,1,14,-1,3,E01032115,0,-1
2020410958555,2020,410958555,2,3,0,18,19,3,7,0,0,8,0,0,0,0,1,1,6,6,1,18,4,120,1,3,-1,4,E01021799,0,-1
2020132001137,2020,132001137,2,19,0,9,9,8,4,0,0,1,5,0,7,0,1,1,6,6,1,55,8,2953,2,16,NISSAN CABSTAR,9,E01027898,0,-1
2020100994494,2020,100994494,1,19,0,18,19,3,7,0,0,0,0,0,0,0,1,1,1,1,1,26,6,2953,2,14,NISSAN CABSTAR,3,E01008508,0,-1
2020137AE1070,2020,137AE1070,2,19,0,18,19,6,2,0,0,0,0,0,0,0,3,1,6,6,1,30,6,2953,2,17,NISSAN CABSTAR,-1,-1,0,-1
2020552000577,2020,552000577,4,19,0,2,2,0,0,0,0,2,0,0,0,0,1,1,1,1,3,-1,-1,2488,2,13,NISSAN CABSTAR,-1,-1,0,-1
2020410992262,2020,410992262,1,19,0,18,19,2,6,0,0,1,0,0,0,0,1,1,1,1,1,34,6,2488,2,12,NISSAN CABSTAR,9,E01023291,0,-1
2020501004965,2020,501004965,2,19,0,17,19,1,3,0,0,0,1,0,0,0,1,1,1,1,1,59,9,2664,2,18,NISSAN CABSTAR,5,E01020153,0,-1
2020010265698,2020,010265698,2,19,0,18,19,3,7,0,0,4,0,0,0,0,1,1,2,2,1,59,9,2488,2,13,NISSAN CABSTAR,7,E01024157,0,-1
2020010245079,2020,010245079,2,19,0,2,2,0,0,0,0,1,0,0,0,0,4,1,6,6,3,-1,-1,2488,2,10,NISSAN CABSTAR,-1,-1,0,-1
2020320358490,2020,320358490,1,19,0,16,19,6,2,0,0,2,0,0,7,11,1,1,1,1,1,32,6,2488,2,8,NISSAN CABSTAR,3,E01026318,0,-1
20201376F0946,2020,1376F0946,1,19,4,18,19,1,5,0,0,0,0,0,0,0,4,1,1,1,1,65,9,2953,2,16,NISSAN CABSTAR,8,E01010861,0,-1
2020420927530,2020,420927530,1,19,0,18,19,1,5,0,0,0,0,0,0,0,1,1,6,6,3,61,9,2953,2,16,NISSAN CABSTAR,5,E01023475,0,-1
2020548542020,2020,548542020,2,20,0,9,9,7,5,0,0,8,0,0,0,0,3,1,1,1,1,43,7,2488,2,7,-1,4,E01031895,0,-1
2020450937455,2020,450937455,1,20,0,18,19,3,7,0,0,0,0,0,0,0,1,1,6,6,1,39,7,2488,2,13,-1,8,E01030867,0,-1
2020450995561,2020,450995561,1,19,0,1,1,6,2,0,0,0,0,0,0,0,4,1,5,6,1,55,8,2488,2,12,NISSAN CABSTAR,7,E01003854,0,-1
2020410989024,2020,410989024,2,19,0,9,9,8,3,0,0,8,0,0,0,0,3,1,2,2,1,22,5,2953,2,15,NISSAN CABSTAR,8,E01023486,0,-1
2020470986177,2020,470986177,2,3,0,18,19,7,3,0,0,1,1,0,0,0,1,1,1,1,1,23,5,124,1,11,-1,3,E01016858,0,-1
2020010257796,2020,010257796,1,3,0,4,4,5,1,0,0,2,0,4,0,0,1,1,6,6,1,17,4,124,1,10,-1,5,E01002145,0,-1
2020200930823,2020,200930823,2,4,0,18,19,8,4,0,0,8,0,0,0,0,4,1,6,6,1,55,8,124,1,9,-1,4,E01008947,0,-1
2020010257591,2020,010257591,2,3,0,3,3,7,3,0,0,1,5,0,0,0,2,1,6,6,1,64,9,124,1,5,-1,5,E01000274,0,-1
2020010266587,2020,010266587,2,3,0,18,19,3,7,0,0,8,0,0,0,0,4,1,6,6,1,32,6,124,1,8,-1,1,E01002905,0,-1
2020010276588,2020,010276588,1,3,0,18,19,7,3,0,0,8,0,0,0,0,1,1,6,6,1,37,7,124,1,5,-1,4,E01001854,0,-1
2020010268540,2020,010268540,2,3,0,2,2,0,0,0,0,0,0,0,0,0,3,1,6,6,3,-1,-1,124,1,4,-1,-1,-1,0,-1
2020420997498,2020,420997498,1,4,0,4,4,1,5,0,0,0,2,0,0,0,4,1,2,2,1,52,8,399,1,12,-1,3,E01021418,0,-1
2020010253481,2020,010253481,2,4,0,7,7,8,2,0,0,1,0,0,0,0,1,1,6,6,1,48,8,399,1,10,-1,-1,-1,0,-1
2020010228992,2020,010228992,3,9,0,18,19,7,3,0,0,0,0,0,0,0,2,1,6,6,2,33,6,2967,2,3,PORSCHE MACAN,3,E01001501,0,-1
2020400973107,2020,400973107,2,9,0,18,19,1,1,0,0,1,0,0,0,0,1,1,5,6,2,57,9,2967,2,5,PORSCHE MACAN,7,E01017545,0,-1
2020990985042,2020,990985042,1,9,0,9,9,7,4,0,0,2,0,0,0,0,3,1,5,6,1,76,11,2967,2,5,PORSCHE MACAN,8,-1,0,-1
2020010282169,2020,010282169,2,9,0,99,99,9,9,99,99,9,9,99,9,99,1,9,6,6,2,34,6,1984,1,2,PORSCHE MACAN,-1,-1,0,-1
2020450971873,2020,450971873,2,9,0,4,4,7,3,0,0,4,0,0,0,0,3,1,5,6,1,55,8,2997,1,2,PORSCHE MACAN,10,E01030360,0,-1
2020070061931,2020,070061931,1,9,0,4,4,4,8,0,0,1,0,0,0,0,2,1,6,6,2,54,8,2995,1,1,PORSCHE MACAN,7,E01018360,0,-1
2020010275919,2020,010275919,2,9,0,14,14,5,1,0,0,0,0,0,0,0,2,1,6,6,1,47,8,2995,1,1,PORSCHE MACAN,7,E01000135,0,-1
2020070382830,2020,070382830,1,9,0,5,5,2,6,8,6,0,0,0,0,0,1,1,3,7,2,23,5,1984,1,2,PORSCHE MACAN,10,E01018573,0,-1
2020450970325,2020,450970325,2,9,0,9,9,4,8,0,0,1,0,0,0,0,1,1,5,6,1,66,10,2995,1,1,PORSCHE MACAN,10,E01022197,0,-1
2020520101159,2020,520101159,1,9,0,9,9,2,8,0,0,8,0,0,0,0,1,1,6,6,2,39,7,2967,2,5,PORSCHE MACAN,9,E01032985,0,-1
2020430048936,2020,430048936,2,9,0,17,19,1,6,0,0,0,0,0,0,0,1,1,6,6,2,75,10,2997,1,3,PORSCHE MACAN,7,E01028762,0,-1
2020010284486,2020,010284486,1,9,0,17,19,4,8,0,0,2,0,4,0,0,1,1,6,6,2,26,6,2995,1,1,PORSCHE MACAN,-1,-1,0,-1
2020010276457,2020,010276457,2,9,0,99,99,9,9,99,99,9,9,99,9,99,2,9,6,6,3,-1,-1,2967,2,3,PORSCHE MACAN,-1,-1,0,-1
2020200961584,2020,200961584,1,9,0,18,19,5,1,0,0,8,0,0,0,0,1,1,6,6,1,28,6,2967,2,5,PORSCHE MACAN,8,E01010389,0,-1
2020470977558,2020,470977558,2,9,0,4,4,1,5,0,0,0,0,0,0,0,2,1,5,6,2,42,7,1984,1,2,PORSCHE MACAN,6,E01021097,0,-1
2020122001084,2020,122001084,1,9,0,4,4,7,3,0,0,0,0,0,0,0,1,1,6,6,2,48,8,2995,1,0,PORSCHE MACAN,8,E01013450,0,-1
202006F275340,2020,06F275340,2,9,0,9,9,7,5,9,9,8,5,0,1,10,1,1,1,1,1,39,7,2995,1,0,PORSCHE MACAN,5,E01011734,0,-1
2020010276118,2020,010276118,2,9,0,99,99,9,9,99,99,9,9,99,9,99,9,9,6,6,3,-1,-1,2967,2,4,PORSCHE MACAN,3,E01004406,0,-1
2020552100081,2020,552100081,1,9,0,18,19,6,2,0,0,6,0,0,0,0,1,1,6,6,2,63,9,2997,1,3,PORSCHE MACAN,6,E01015366,0,-1
2020990932894,2020,990932894,2,9,0,16,19,7,3,0,0,0,0,0,0,0,1,1,5,6,1,51,8,2997,1,2,PORSCHE MACAN,7,-1,0,-1
2020140962403,2020,140962403,2,9,0,4,4,1,5,0,0,0,0,0,0,0,1,1,6,6,2,36,7,2997,1,3,PORSCHE MACAN,5,E01008105,0,-1
2020040982181,2020,040982181,2,9,0,16,19,7,2,0,0,0,0,0,0,0,4,1,6,6,1,50,8,2997,1,4,PORSCHE MACAN,8,E01012597,0,-1
2020100980250,2020,100980250,1,9,0,10,10,3,7,0,0,1,0,0,0,0,3,1,5,6,1,58,9,1984,1,2,PORSCHE MACAN,-1,-1,0,-1
2020201013717,2020,201013717,2,9,0,18,19,8,4,0,0,0,0,0,0,0,4,1,6,6,1,32,6,2997,1,2,PORSCHE MACAN,10,E01010173,0,-1
2020100948836,2020,100948836,2,9,0,18,19,5,1,0,0,0,0,0,1,0,1,1,6,6,2,57,9,2997,1,2,PORSCHE MACAN,7,E01027450,0,-1
2020010240818,2020,010240818,1,9,0,18,19,3,7,0,0,2,0,0,0,0,1,1,6,6,2,45,7,1984,1,1,PORSCHE MACAN,8,E01000985,0,-1
2020070656201,2020,070656201,2,9,0,17,19,5,2,0,0,2,0,0,1,11,3,1,6,6,1,60,9,2995,1,1,PORSCHE MACAN,7,E01018597,0,-1
2020440002086,2020,440002086,2,9,0,18,19,2,6,0,0,0,0,0,0,0,3,1,2,2,1,49,8,2967,2,3,PORSCHE MACAN,8,E01022532,0,-1
2020990976261,2020,990976261,1,9,0,18,19,8,4,0,0,0,0,0,0,0,1,1,5,6,1,73,10,2997,1,3,PORSCHE MACAN,-1,-1,0,-1
2020450929118,2020,450929118,2,9,0,16,19,6,2,0,0,1,0,0,0,0,1,1,5,6,1,60,9,2997,1,3,PORSCHE MACAN,10,E01030299,0,-1
2020480968720,2020,480968720,3,9,0,2,2,0,0,0,0,0,0,0,0,0,2,1,6,6,1,36,7,2967,2,3,PORSCHE MACAN,3,E01001629,0,-1
2020410980019,2020,410980019,1,9,0,18,19,1,5,0,0,4,0,0,0,0,2,1,5,6,2,51,8,1984,1,2,PORSCHE MACAN,10,E01023566,0,-1
2020010275772,2020,010275772,2,9,3,18,19,5,1,0,0,4,0,0,0,0,1,1,6,6,3,-1,-1,2997,1,3,PORSCHE MACAN,-1,-1,0,-1
2020010261325,2020,010261325,1,9,0,5,5,7,3,0,0,1,0,0,0,0,3,1,6,6,2,23,5,2997,1,3,PORSCHE MACAN,-1,-1,0,-1
2020041005651,2020,041005651,2,9,0,18,19,3,7,0,0,0,0,0,0,0,2,1,2,2,2,47,8,2967,2,4,PORSCHE MACAN,10,E01025345,0,-1
2020450915998,2020,450915998,2,9,0,18,19,6,2,0,0,0,0,0,0,0,1,1,5,6,1,32,6,2967,2,3,PORSCHE MACAN,8,E01016690,0,-1
2020410992862,2020,410992862,4,9,0,18,19,5,1,0,0,0,0,0,0,0,2,1,1,1,2,34,6,2967,2,5,PORSCHE MACAN,10,E01025734,0,-1
2020070318439,2020,070318439,2,9,0,18,19,6,2,0,0,0,0,0,0,0,3,1,2,2,1,44,7,2967,2,4,PORSCHE MACAN,-1,-1,0,-1
2020010229847,2020,010229847,2,9,0,99,99,9,9,99,99,9,9,99,9,99,1,9,6,6,3,-1,-1,2995,1,1,PORSCHE MACAN,-1,-1,0,-1
2020451000089,2020,451000089,4,9,0,18,19,1,5,0,0,0,0,0,0,0,2,1,5,6,1,69,10,2967,2,3,PORSCHE MACAN,6,E01030516,0,-1
2020160947871,2020,160947871,2,9,0,9,9,3,7,0,0,1,0,0,0,0,2,1,2,2,2,47,8,1984,1,1,PORSCHE MACAN,10,E01013093,0,-1
202063D010720,2020,63D010720,1,9,0,18,19,8,4,0,0,0,1,0,0,0,1,1,6,6,1,53,8,2967,2,6,PORSCHE MACAN,4,W01001558,0,-1
2020010272579,2020,010272579,1,9,9,1,1,3,7,99,99,0,9,0,0,0,9,9,6,6,2,-1,-1,2967,2,2,PORSCHE MACAN,9,E01000698,0,-1
2020220965343,2020,220965343,3,9,0,18,19,8,4,0,0,0,1,0,4,6,4,1,5,6,1,57,9,3604,1,3,PORSCHE MACAN,3,E01014811,0,-1
2020471008613,2020,471008613,2,9,0,3,3,1,5,0,0,8,0,0,0,0,2,1,1,1,1,53,8,2967,2,6,PORSCHE MACAN,9,E01030823,0,-1
2020430073660,2020,430073660,2,9,0,17,19,5,2,0,0,0,0,0,0,0,1,1,6,6,1,42,7,2995,1,1,PORSCHE MACAN,10,E01027280,0,-1
2020010277694,2020,010277694,1,9,0,18,19,1,5,0,0,1,0,4,0,0,1,1,6,6,2,28,6,2967,2,4,PORSCHE MACAN,9,E01002263,0,-1
2020530969160,2020,530969160,1,9,0,18,19,8,3,0,0,1,0,0,0,0,1,1,6,6,1,47,8,2967,2,6,PORSCHE MACAN,8,E01028766,0,-1
2020450994731,2020,450994731,2,9,0,18,19,5,1,0,0,0,0,0,0,0,2,1,5,6,1,58,9,1984,1,3,PORSCHE MACAN,10,E01030807,0,-1
2020122000679,2020,122000679,1,5,0,18,19,8,4,0,0,0,0,0,0,0,0,1,6,6,1,68,10,650,1,1,-1,6,-1,0,-1
2020351011100,2020,351011100,2,5,0,3,3,7,3,0,0,0,0,0,0,0,0,1,1,1,1,48,8,650,1,1,-1,6,E01015620,0,-1
2020450987214,2020,450987214,1,5,0,18,19,5,1,0,0,1,0,0,0,0,3,1,5,6,1,20,4,650,1,0,-1,9,E01030715,0,-1
2020137180996,2020,137180996,2,5,0,18,19,7,3,0,0,8,0,0,0,0,1,1,6,6,1,64,9,650,1,1,-1,3,E01010629,0,-1
2020547919020,2020,547919020,1,5,0,5,5,5,1,6,6,6,2,0,0,0,3,1,6,6,1,66,10,650,1,1,-1,5,E01032054,0,-1
2020010274518,2020,010274518,1,3,0,18,19,5,1,0,0,0,2,0,0,0,1,1,6,6,1,29,6,125,1,5,-1,4,E01001724,0,-1
2020411002893,2020,411002893,1,9,0,2,2,4,8,6,6,1,0,0,0,0,0,1,5,6,1,31,6,993,1,30,-1,6,E01023848,0,-1
2020010270999,2020,010270999,2,3,0,14,14,5,1,0,0,8,1,4,0,0,1,1,6,6,1,19,4,124,1,8,YAMAHA NXC 125,-1,-1,0,-1
2020070531501,2020,070531501,2,2,0,4,4,7,3,0,0,0,2,0,0,0,0,1,6,6,2,47,8,124,1,11,-1,1,E01014361,0,-1
2020410945931,2020,410945931,1,3,0,16,19,3,7,0,0,0,0,11,0,0,1,1,6,6,1,54,8,124,1,12,YAMAHA NXC 125,8,E01023478,0,-1