collision_index,collision_year,collision_ref_no,vehicle_reference,vehicle_type,towing_and_articulation,vehicle_manoeuvre_historic,vehicle_manoeuvre,vehicle_direction_from,vehicle_direction_to,vehicle_location_restricted_lane_historic,vehicle_location_restricted_lane,junction_location,skidding_and_overturning,hit_object_in_carriageway,vehicle_leaving_carriageway,hit_object_off_carriageway,first_point_of_impact,vehicle_left_hand_drive,journey_purpose_of_driver_historic,journey_purpose_of_driver,sex_of_driver,age_of_driver,age_band_of_driver,engine_capacity_cc,propulsion_code,age_of_vehicle,generic_make_model,driver_imd_decile,lsoa_of_driver,escooter_flag,driver_distance_banding
2020010261319,2020,010261319,1,3,0,99,99,9,9,99,99,9,9,99,9,99,1,1,6,6,1,29,6,125,1,6,YAMAHA NXC 125,3,E01004448,0,-1
2020010271002,2020,010271002,1,3,0,13,13,1,5,0,0,1,0,0,0,0,1,1,6,6,1,25,5,124,1,13,YAMAHA NXC 125,6,E01002618,0,-1
2020010278643,2020,010278643,2,3,9,99,99,9,9,99,99,9,9,99,9,99,9,1,6,6,2,-1,-1,124,1,9,YAMAHA NXC 125,4,E01001167,0,-1
2020010259585,2020,010259585,1,3,0,18,19,3,7,0,0,0,0,0,0,0,1,1,1,1,1,33,6,125,1,6,YAMAHA NXC 125,3,E01001638,0,-1
2020622000241,2020,622000241,1,3,0,18,19,8,4,0,0,1,0,0,0,0,1,1,6,6,1,24,5,124,1,11,YAMAHA NXC 125,3,W01001145,0,-1
2020010270426,2020,010270426,1,3,0,14,14,5,1,0,0,1,1,0,7,10,0,1,2,2,1,38,7,124,1,10,YAMAHA NXC 125,1,E01004469,0,-1
2020010268351,2020,010268351,1,3,0,18,19,1,5,0,0,8,0,0,0,0,1,1,6,6,1,47,8,124,1,13,YAMAHA NXC 125,5,E01000146,0,-1
2020010272038,2020,010272038,1,3,0,99,99,9,9,99,99,9,9,99,9,99,1,1,6,6,1,31,6,124,1,8,YAMAHA NXC 125,6,E01001342,0,-1
2020622000185,2020,622000185,2,3,0,18,19,6,2,0,0,1,0,0,0,0,1,1,2,2,1,49,8,124,1,12,YAMAHA NXC 125,1,W01001753,0,-1
2020480946909,2020,480946909,2,3,0,15,15,7,3,0,0,1,0,0,0,0,1,1,1,1,1,25,5,124,1,10,YAMAHA NXC 125,1,E01004322,0,-1
2020010252243,2020,010252243,2,2,0,18,19,5,1,0,0,0,2,0,0,0,1,1,2,2,2,48,8,125,1,4,-1,3,E01001311,0,-1
2020410944149,2020,410944149,1,3,0,8,8,1,5,0,0,0,0,0,0,0,1,1,1,1,1,54,8,124,1,6,YAMAHA NXC 125,5,E01023755,0,-1
2020010252229,2020,010252229,1,3,3,18,19,7,3,0,0,6,0,0,0,0,4,1,2,2,1,21,5,124,1,7,YAMAHA NXC 125,3,E01003917,0,-1
2020010271929,2020,010271929,1,3,0,99,99,9,9,99,99,0,9,99,9,99,9,1,6,6,1,25,5,124,1,11,YAMAHA NXC 125,4,E01003412,0,-1
2020010246954,2020,010246954,1,3,0,17,19,5,1,0,0,0,0,0,0,0,1,1,6,6,1,43,7,124,1,15,YAMAHA NXC 125,2,E01003194,0,-1
2020070375411,2020,070375411,1,3,0,9,9,8,6,0,0,4,1,0,0,0,4,1,6,6,1,22,5,124,1,12,YAMAHA NXC 125,1,E01018310,0,-1
2020100994528,2020,100994528,2,3,0,18,19,5,1,0,0,8,2,0,0,0,1,1,2,2,1,25,5,124,1,9,YAMAHA NXC 125,-1,-1,0,-1
2020010274184,2020,010274184,2,3,0,18,19,7,3,0,0,2,0,0,0,0,1,1,6,6,1,54,8,125,1,5,YAMAHA NXC 125,2,E01003092,0,-1
2020010247874,2020,010247874,2,3,0,18,19,3,7,0,0,1,0,0,0,0,1,1,1,1,1,25,5,124,1,8,YAMAHA NXC 125,6,E01000706,0,-1
2020470978902,2020,470978902,3,3,0,18,19,8,4,0,0,0,0,0,0,0,1,1,2,2,1,19,4,124,1,8,YAMAHA NXC 125,6,E01031586,0,-1
2020420948225,2020,420948225,2,3,0,5,5,3,5,0,0,0,0,0,0,0,1,1,5,6,1,18,4,124,1,12,YAMAHA NXC 125,-1,-1,0,-1
2020302000913,2020,302000913,2,2,0,18,19,6,2,0,0,0,0,0,0,0,0,1,6,6,1,19,4,124,1,11,-1,5,E01019494,0,-1
2020552000444,2020,552000444,2,2,0,16,19,4,6,0,0,0,0,0,0,0,1,1,2,2,2,42,7,124,1,12,-1,3,E01015308,0,-1
2020010258516,2020,010258516,1,3,0,18,19,1,5,0,0,0,0,0,0,0,2,1,1,1,1,33,6,125,1,5,YAMAHA NXC 125,1,E01000521,0,-1
2020122000455,2020,122000455,2,3,0,18,19,3,7,0,0,1,1,0,2,10,1,1,2,2,1,33,6,124,1,8,YAMAHA NXC 125,8,E01027668,0,-1
2020010284309,2020,010284309,1,4,0,14,14,4,8,0,0,1,0,0,0,0,1,1,2,2,1,29,6,124,1,8,-1,2,E01002049,0,-1
2020052000475,2020,052000475,2,3,0,18,19,3,7,0,0,8,0,0,0,0,3,1,6,6,1,19,4,124,1,10,YAMAHA NXC 125,1,E01006760,0,-1
2020010242386,2020,010242386,2,3,0,13,13,3,7,0,0,8,0,0,0,0,1,-1,6,6,1,37,7,124,1,7,YAMAHA NXC 125,2,E01003506,0,-1
2020201020059,2020,201020059,1,3,0,18,19,5,1,0,0,1,0,0,0,0,1,1,6,6,1,-1,-1,124,1,8,YAMAHA NXC 125,5,E01009973,0,-1
2020030974967,2020,030974967,1,3,0,18,19,7,3,9,9,0,0,0,2,1,-1,1,5,6,1,16,4,124,1,11,YAMAHA NXC 125,5,E01019123,0,-1
2020010255774,2020,010255774,2,3,0,18,19,5,1,0,0,1,0,0,0,0,1,1,1,1,1,49,8,124,1,12,YAMAHA NXC 125,4,E01003409,0,-1
2020010282470,2020,010282470,2,3,0,18,19,1,5,0,0,8,0,0,0,0,1,1,1,1,1,19,4,124,1,8,YAMAHA NXC 125,2,E01004434,0,-1
2020501033614,2020,501033614,1,3,0,18,19,2,5,0,0,1,0,4,0,0,1,1,5,6,1,22,5,124,1,8,YAMAHA NXC 125,4,E01018871,0,-1
2020302000085,2020,302000085,2,3,0,13,13,6,2,0,0,1,1,0,0,0,3,1,2,2,1,28,6,125,1,6,YAMAHA NXC 125,6,E01019482,0,-1
2020010228820,2020,010228820,2,3,0,18,19,5,1,0,0,1,2,0,0,0,1,1,1,1,1,33,6,124,1,11,YAMAHA NXC 125,5,E01000277,0,-1
2020122000731,2020,122000731,1,3,0,18,19,5,1,0,0,8,0,0,0,0,1,1,6,6,1,77,11,124,1,9,YAMAHA NXC 125,9,E01013414,0,-1
2020010252304,2020,010252304,2,3,0,18,19,5,1,0,0,0,0,0,0,0,2,1,2,2,1,37,7,124,1,11,YAMAHA NXC 125,5,E01003139,0,-1
2020010263361,2020,010263361,1,3,0,18,19,6,2,0,0,0,5,8,0,99,1,1,6,6,1,36,7,124,1,12,YAMAHA NXC 125,3,E01004421,0,-1
2020622000395,2020,622000395,1,3,0,18,19,8,4,0,0,1,0,0,0,0,4,1,1,1,1,21,5,124,1,7,YAMAHA NXC 125,1,W01001857,0,-1
2020010269448,2020,010269448,1,3,0,99,99,9,9,99,99,9,9,99,9,99,1,1,2,2,1,37,7,125,1,5,YAMAHA NXC 125,4,E01004376,0,-1
202063A082420,2020,63A082420,1,4,0,18,19,3,7,0,0,8,0,0,0,0,1,1,6,6,1,57,9,124,1,8,-1,4,W01000636,0,-1
202031D167720,2020,31D167720,1,3,0,18,19,5,1,0,0,0,1,0,0,0,1,1,6,6,1,20,4,124,1,15,YAMAHA NXC 125,6,E01028374,0,-1
2020400929485,2020,400929485,2,3,0,18,19,6,2,0,0,1,2,0,0,0,1,1,5,6,1,21,5,124,1,8,YAMAHA NXC 125,9,E01017613,0,-1
2020010262224,2020,010262224,1,3,0,18,19,1,5,0,0,1,0,0,0,0,1,1,6,6,1,23,5,124,1,10,YAMAHA NXC 125,3,E01000929,0,-1
2020010270341,2020,010270341,1,3,0,18,19,3,7,0,0,1,5,0,0,0,4,1,6,6,1,29,6,124,1,8,YAMAHA NXC 125,2,E01002049,0,-1
2020522100850,2020,522100850,1,3,0,18,19,7,3,0,0,1,0,0,0,0,1,1,6,6,1,54,8,124,1,8,YAMAHA NXC 125,3,E01014690,0,-1
2020010229061,2020,010229061,2,3,0,18,19,7,3,0,0,1,5,0,0,0,1,1,6,6,1,41,7,124,1,8,YAMAHA NXC 125,7,E01003456,0,-1
2020070511795,2020,070511795,1,3,0,4,4,6,1,0,0,1,1,0,0,0,0,1,6,6,1,23,5,125,1,5,YAMAHA NXC 125,3,E01018732,0,-1
2020052002226,2020,052002226,1,3,0,18,19,7,3,0,0,2,0,0,0,0,1,1,6,6,3,-1,-1,124,1,7,YAMAHA NXC 125,-1,-1,0,-1
2020010273486,2020,010273486,2,3,0,14,14,3,7,0,0,8,0,0,0,0,4,1,2,2,1,45,7,124,1,7,YAMAHA NXC 125,6,E01000365,0,-1
2020010267255,2020,010267255,1,5,0,4,4,5,1,0,0,1,0,0,0,0,2,1,6,6,1,56,9,598,1,22,-1,5,E01000530,0,-1
2020160981172,2020,160981172,1,5,0,18,19,1,5,0,0,0,0,0,0,0,1,1,6,6,1,36,7,598,1,21,-1,1,E01026383,0,-1
2020137A60476,2020,137A60476,1,9,0,16,19,3,7,0,0,0,0,4,0,0,1,1,6,6,1,54,8,-1,-1,-1,-1,2,E01011872,0,-1
2020140976565,2020,140976565,2,90,0,2,2,0,0,9,9,2,0,0,0,0,-1,1,6,6,3,-1,-1,1769,2,27,-1,-1,-1,0,-1
2020230957907,2020,230957907,2,5,0,7,7,5,8,0,0,3,0,0,0,0,2,1,5,6,1,57,9,937,1,0,-1,10,E01025836,0,-1
2020460983098,2020,460983098,2,5,0,3,3,5,1,0,0,1,0,0,0,0,2,1,5,6,1,59,9,1262,1,0,-1,9,E01024818,0,-1
2020990984610,2020,990984610,1,5,0,16,19,1,5,0,0,0,0,0,0,0,1,1,6,6,1,46,8,937,1,1,-1,10,E01007952,0,-1
2020440403698,2020,440403698,1,9,0,10,10,7,3,0,0,1,0,0,0,0,2,1,6,6,1,36,7,1599,1,16,FORD STREETKA,10,E01022791,0,-1
2020160989628,2020,160989628,2,9,0,7,7,3,6,0,0,0,0,0,0,0,4,1,6,6,2,52,8,1599,1,15,FORD STREETKA,6,E01013085,0,-1
2020470982801,2020,470982801,1,9,0,9,9,7,5,0,0,8,0,0,0,0,4,1,6,6,2,32,6,1599,1,15,FORD STREETKA,5,E01016886,0,-1
2020470947970,2020,470947970,2,9,0,2,2,0,0,6,6,0,0,0,1,4,2,1,5,6,2,23,5,1599,1,17,FORD STREETKA,5,E01021011,0,-1
2020430156787,2020,430156787,1,9,0,18,19,1,5,0,0,0,0,0,0,0,4,1,6,6,1,31,6,1599,1,16,FORD STREETKA,-1,-1,0,-1
202006K376067,2020,06K376067,1,9,0,18,19,4,8,0,0,0,0,0,0,0,4,1,6,6,1,43,7,1599,1,16,FORD STREETKA,2,E01004838,0,-1
2020200937986,2020,200937986,2,9,0,18,19,6,2,0,0,1,0,0,0,0,2,1,6,6,2,56,9,1599,1,15,FORD STREETKA,4,E01010499,0,-1
2020010248212,2020,010248212,2,9,0,99,99,9,9,99,99,9,9,99,9,99,1,9,6,6,3,-1,-1,1599,1,16,FORD STREETKA,-1,-1,0,-1
2020230937838,2020,230937838,1,9,0,16,19,6,1,0,0,0,1,0,1,4,2,1,6,6,2,65,9,1599,1,16,FORD STREETKA,7,E01031247,0,-1
2020010256067,2020,010256067,2,9,0,99,99,9,9,99,99,0,9,99,9,99,1,9,6,6,3,-1,-1,1599,1,15,FORD STREETKA,8,E01030528,0,-1
2020440168518,2020,440168518,1,9,0,4,4,1,0,0,0,0,2,0,7,11,0,1,2,2,2,21,5,1599,1,16,FORD STREETKA,5,E01022999,0,-1
2020450934792,2020,450934792,1,9,0,18,19,1,5,0,0,0,0,10,0,0,4,1,1,1,1,40,7,1599,1,14,FORD STREETKA,2,E01001081,0,-1
202031D030620,2020,31D030620,1,9,0,13,13,6,2,0,0,0,2,10,8,0,3,1,6,6,3,-1,-1,1599,1,14,FORD STREETKA,-1,-1,0,-1
2020622100023,2020,622100023,2,9,0,7,7,6,8,0,0,1,0,0,0,0,3,1,6,6,2,60,9,1599,1,17,FORD STREETKA,1,W01001292,0,-1
2020500990993,2020,500990993,1,9,0,13,13,5,1,0,0,1,0,0,1,0,4,1,6,6,1,72,10,1599,1,17,FORD STREETKA,6,E01020059,0,-1
2020140948870,2020,140948870,1,9,0,17,19,7,3,0,0,0,2,0,1,0,1,1,6,6,2,21,5,1599,1,17,FORD STREETKA,7,E01007846,0,-1
2020200998030,2020,200998030,1,9,0,14,14,7,3,0,0,0,0,0,0,0,0,1,6,6,1,-1,-1,1599,1,16,FORD STREETKA,-1,-1,0,-1
2020200988416,2020,200988416,1,9,0,9,9,8,6,0,0,6,0,0,0,0,3,1,6,6,1,20,4,1599,1,14,FORD STREETKA,5,E01010534,0,-1
2020302000444,2020,302000444,2,9,0,18,19,2,4,0,0,0,0,0,0,0,4,1,6,6,1,78,11,1599,1,17,FORD STREETKA,2,E01013569,0,-1
2020460988819,2020,460988819,2,9,0,9,9,5,1,0,0,5,0,0,0,0,0,1,5,6,2,27,6,1599,1,15,FORD STREETKA,6,E01024830,0,-1
2020400992287,2020,400992287,1,5,0,18,19,1,4,0,0,8,0,0,0,0,4,1,6,6,1,54,8,1000,1,6,-1,10,E01017374,0,-1
2020430274015,2020,430274015,1,5,0,18,19,3,7,0,0,0,1,10,0,0,1,1,6,6,1,52,8,1000,1,5,-1,10,E01016294,0,-1
2020010248404,2020,010248404,1,5,0,18,19,7,3,9,9,2,2,0,1,10,1,1,6,6,1,35,6,1000,1,6,-1,2,E01001439,0,-1
2020450974774,2020,450974774,2,5,0,18,19,3,7,0,0,1,1,10,0,0,3,1,2,2,1,29,6,636,1,15,KAWASAKI ZX636,3,E01030354,0,-1
2020302000888,2020,302000888,1,5,0,15,15,6,2,0,0,0,0,0,1,11,0,1,1,1,1,46,8,636,1,0,KAWASAKI ZX636,8,E01019685,0,-1
2020420983698,2020,420983698,1,5,0,15,15,7,3,0,0,0,2,0,8,0,1,1,6,6,1,28,6,636,1,1,KAWASAKI ZX636,4,E01022041,0,-1
2020450980202,2020,450980202,1,4,0,16,19,5,1,0,0,2,1,10,0,0,0,1,6,6,1,47,8,636,1,15,-1,5,E01030974,0,-1
2020010282630,2020,010282630,1,5,0,18,19,3,7,0,0,1,0,0,0,0,4,1,6,6,1,26,6,636,1,7,KAWASAKI ZX636,1,E01033584,0,-1
2020500975681,2020,500975681,1,4,0,5,5,5,3,0,0,2,2,0,0,0,1,1,5,6,2,45,7,636,1,18,-1,4,E01018925,0,-1
2020360954080,2020,360954080,4,5,0,18,19,6,2,0,0,0,0,0,0,0,0,1,5,6,1,30,6,636,1,7,KAWASAKI ZX636,3,E01002279,0,-1
2020200987004,2020,200987004,1,5,0,18,19,2,6,0,0,8,5,0,0,0,3,1,6,6,1,28,6,636,1,16,KAWASAKI ZX636,8,E01031208,0,-1
2020430062992,2020,430062992,1,4,0,17,19,2,7,0,0,0,0,0,1,0,1,1,6,6,1,27,6,636,1,1,-1,8,E01017776,0,-1
2020010252810,2020,010252810,1,5,0,18,19,7,3,0,0,0,0,0,0,0,1,1,6,6,1,29,6,636,1,14,KAWASAKI ZX636,10,E01024337,0,-1
2020522000432,2020,522000432,2,5,0,3,3,3,7,0,0,0,0,0,0,0,2,1,6,6,1,49,8,636,1,14,KAWASAKI ZX636,8,E01014723,0,-1
2020470944230,2020,470944230,2,4,0,18,19,8,4,2,2,1,0,0,0,0,1,1,2,2,1,36,7,636,1,6,-1,8,E01017002,0,-1
2020010282755,2020,010282755,2,5,0,16,19,5,1,0,0,1,0,0,0,0,1,1,6,6,1,39,7,636,1,14,KAWASAKI ZX636,3,E01003917,0,-1
2020040970984,2020,040970984,1,5,0,18,19,5,1,0,0,0,0,0,4,1,1,1,5,6,1,35,6,636,1,0,KAWASAKI ZX636,5,E01024888,0,-1
2020440490611,2020,440490611,2,4,0,18,19,4,8,0,0,8,0,0,0,0,1,1,2,2,1,25,5,636,1,17,-1,7,E01017223,0,-1
2020522004180,2020,522004180,2,5,0,18,19,2,6,0,0,0,0,0,0,0,3,1,6,6,1,50,8,636,1,6,KAWASAKI ZX636,7,E01015017,0,-1
2020010263968,2020,010263968,1,5,9,99,99,9,9,0,0,0,9,99,0,0,9,1,6,6,1,22,5,636,1,1,KAWASAKI ZX636,7,E01000438,0,-1
2020530965912,2020,530965912,1,5,0,16,19,1,5,0,0,0,2,0,7,4,1,1,6,6,1,33,6,636,1,5,KAWASAKI ZX636,7,E01014651,0,-1
2020420962204,2020,420962204,2,5,0,11,11,7,2,0,0,3,1,0,0,0,1,1,5,6,1,34,6,636,1,0,KAWASAKI ZX636,7,E01021660,0,-1
2020221027501,2020,221027501,1,5,0,18,19,4,8,0,0,8,1,11,7,0,1,1,5,6,1,26,6,636,1,4,KAWASAKI ZX636,5,E01014063,0,-1
2020546165220,2020,546165220,1,5,0,16,19,3,7,0,0,1,0,11,0,0,2,1,6,6,1,26,6,636,1,16,KAWASAKI ZX636,9,E01031880,0,-1
2020990973924,2020,990973924,1,5,0,17,19,4,8,0,0,0,0,0,1,0,4,1,6,6,1,35,6,636,1,17,KAWASAKI ZX636,1,-1,0,-1
2020440311894,2020,440311894,1,5,0,16,19,2,4,0,0,0,1,0,0,0,4,1,6,6,2,40,7,636,1,2,KAWASAKI ZX636,8,E01023215,0,-1
2020170H10950,2020,170H10950,1,5,0,18,19,3,7,0,0,0,0,0,0,0,1,1,6,6,1,35,6,636,1,5,KAWASAKI ZX636,1,E01033466,0,-1
2020461026599,2020,461026599,2,4,0,18,19,1,5,0,0,1,0,0,0,0,1,1,6,6,1,18,4,125,1,4,-1,8,E01024511,0,-1
2020010245343,2020,010245343,2,3,0,18,19,5,1,0,0,8,0,0,0,0,1,1,6,6,1,20,4,125,1,4,KTM RC 125,-1,-1,0,-1
2020500993550,2020,500993550,1,3,0,18,19,1,3,0,0,1,0,0,0,0,1,1,5,6,1,21,5,125,1,4,KTM RC 125,9,E01019952,0,-1
202031A069820,2020,31A069820,1,3,0,13,13,6,2,0,0,5,1,0,7,11,1,1,6,6,1,17,4,125,1,4,KTM RC 125,4,E01027933,0,-1
2020522100943,2020,522100943,1,2,0,15,15,8,4,0,0,0,0,0,0,0,3,1,6,6,1,22,5,125,1,2,-1,5,E01033345,0,-1
2020030931388,2020,030931388,2,3,0,18,19,7,3,0,0,8,0,0,0,0,4,1,6,6,1,19,4,125,1,3,KTM RC 125,9,E01019124,0,-1
2020010257991,2020,010257991,1,3,0,13,13,5,1,0,0,0,0,0,0,0,4,1,6,6,1,35,6,125,1,1,KTM RC 125,7,E01000237,0,-1
2020010257032,2020,010257032,1,3,0,99,99,9,9,99,99,9,9,99,9,99,9,1,2,2,1,23,5,125,1,1,KTM RC 125,10,E01030404,0,-1
2020052000272,2020,052000272,2,4,0,18,19,5,1,0,0,1,0,0,0,0,1,1,6,6,1,25,5,125,1,5,-1,5,E01006934,0,-1
202031A120020,2020,31A120020,1,3,0,18,19,2,6,0,0,4,1,0,0,0,1,1,6,6,1,23,5,125,1,5,KTM RC 125,2,E01027987,0,-1
2020990938139,2020,990938139,1,3,0,17,19,5,1,0,0,3,1,0,0,0,3,1,6,6,1,21,5,125,1,4,KTM RC 125,1,-1,0,-1
2020420999078,2020,420999078,2,3,0,18,19,3,7,0,0,0,5,0,0,0,1,1,5,6,1,18,4,125,1,4,KTM RC 125,3,E01021273,0,-1
2020010267160,2020,010267160,1,3,0,13,13,7,3,0,0,1,0,0,0,0,1,1,6,6,1,27,6,125,1,4,KTM RC 125,-1,-1,0,-1
2020010250878,2020,010250878,2,4,0,14,14,3,7,0,0,1,0,0,0,0,1,1,6,6,2,47,8,125,1,1,-1,4,E01000378,0,-1
2020500945816,2020,500945816,2,3,0,5,5,3,7,0,0,2,0,0,0,0,3,1,6,6,1,18,4,125,1,2,KTM RC 125,1,E01015153,0,-1
2020552000682,2020,552000682,1,4,0,14,14,7,3,0,0,8,1,0,0,0,1,1,2,2,1,27,6,125,1,4,-1,1,E01015290,0,-1
2020010267919,2020,010267919,2,3,0,13,13,1,5,0,0,8,0,0,0,0,1,1,6,6,1,36,7,125,1,2,KTM RC 125,2,E01004719,0,-1
2020220983257,2020,220983257,2,3,0,18,19,7,3,0,0,8,0,0,0,0,1,1,5,6,1,23,5,125,1,2,KTM RC 125,2,E01032311,0,-1
2020010251675,2020,010251675,1,3,0,18,19,5,1,0,0,1,2,0,0,0,1,1,6,6,1,23,5,125,1,4,KTM RC 125,3,E01003491,0,-1
2020470963771,2020,470963771,2,3,0,18,19,4,8,0,0,2,0,0,0,0,1,1,5,6,1,27,6,125,1,4,KTM RC 125,5,E01016957,0,-1
2020230953031,2020,230953031,1,4,0,18,19,7,3,0,0,8,0,0,0,0,1,1,5,6,1,23,5,125,1,3,-1,5,E01031141,0,-1
2020350994551,2020,350994551,2,4,0,5,5,1,5,0,0,1,0,0,0,0,1,1,6,6,1,26,6,125,1,0,-1,7,E01018085,0,-1
2020522100256,2020,522100256,1,2,0,18,19,4,8,0,0,0,0,0,0,0,1,1,6,6,1,28,6,125,1,2,-1,6,E01014677,0,-1
2020522001796,2020,522001796,1,3,0,18,19,3,7,0,0,0,0,0,0,0,1,1,6,6,1,22,5,125,1,3,KTM RC 125,3,E01033355,0,-1
2020030935726,2020,030935726,1,3,0,18,19,3,7,0,0,0,5,0,2,0,4,1,6,6,1,39,7,125,1,4,KTM RC 125,3,E01019204,0,-1
2020990954915,2020,990954915,1,3,0,5,5,3,7,0,0,0,0,0,0,0,0,1,6,6,1,37,7,125,1,4,KTM RC 125,7,-1,0,-1
2020420951669,2020,420951669,2,3,0,16,19,5,8,0,0,0,0,0,0,0,3,1,5,6,1,27,6,125,1,5,KTM RC 125,2,E01022046,0,-1
2020201013315,2020,201013315,1,3,0,16,19,3,6,0,0,0,0,0,0,0,1,1,1,1,1,38,7,125,1,3,KTM RC 125,3,E01010396,0,-1
2020522101328,2020,522101328,1,3,0,18,19,3,7,0,0,0,0,0,1,0,1,1,6,6,1,19,4,125,1,0,KTM RC 125,2,E01014601,0,-1
2020420974149,2020,420974149,2,3,0,18,19,7,3,0,0,1,5,0,0,0,1,1,6,6,1,21,5,125,1,1,KTM RC 125,5,E01021647,0,-1
2020522002021,2020,522002021,2,3,0,15,15,8,4,0,0,1,0,0,0,0,2,1,6,6,1,29,6,125,1,2,KTM RC 125,6,E01014952,0,-1
20201376P1337,2020,1376P1337,2,3,0,18,19,1,7,0,0,1,0,0,0,0,1,1,6,6,1,17,4,125,1,2,KTM RC 125,9,E01011190,0,-1
202031B043720,2020,31B043720,2,3,0,16,19,2,5,0,0,8,0,0,0,0,1,1,2,2,1,17,4,125,1,4,KTM RC 125,2,E01019581,0,-1
2020990958069,2020,990958069,2,3,0,16,19,2,6,0,0,0,2,0,7,0,1,1,5,6,1,37,7,125,1,1,KTM RC 125,4,-1,0,-1
2020040954603,2020,040954603,2,3,0,18,19,1,7,0,0,0,0,0,0,0,1,1,6,6,1,32,6,125,1,4,KTM RC 125,1,E01012675,0,-1
2020122000872,2020,122000872,2,3,0,18,19,5,1,0,0,8,0,0,0,0,1,1,2,2,1,18,4,125,1,1,KTM RC 125,6,E01027758,0,-1
2020450934172,2020,450934172,1,3,0,13,13,5,1,0,0,0,0,0,7,4,1,1,6,6,1,22,5,125,1,1,KTM RC 125,4,E01031575,0,-1
2020440182414,2020,440182414,1,3,0,18,19,6,2,0,0,0,0,7,0,0,1,1,6,6,1,17,4,125,1,4,LEXMOTO XFLM 125,2,E01017322,0,-1
2020440052810,2020,440052810,1,3,0,18,19,5,1,0,0,8,0,0,0,0,4,1,2,2,1,31,6,125,1,4,LEXMOTO XFLM 125,2,E01017168,0,-1
2020370940816,2020,370940816,2,3,0,18,19,7,1,0,0,8,0,0,0,0,4,1,5,6,1,19,4,125,1,4,LEXMOTO XFLM 125,2,E01030246,0,-1
2020201005092,2020,201005092,2,3,0,18,19,1,5,0,0,1,2,0,0,0,1,1,6,6,1,21,5,125,1,4,LEXMOTO XFLM 125,3,E01009757,0,-1
202031B078720,2020,31B078720,1,3,0,18,19,7,3,0,0,0,0,0,0,0,1,1,6,6,1,19,4,125,1,4,LEXMOTO XFLM 125,9,E01028063,0,-1
2020010241300,2020,010241300,1,3,0,18,19,7,3,0,0,1,1,0,0,0,1,-1,6,6,1,42,7,125,1,4,LEXMOTO XFLM 125,2,E01033601,0,-1
2020040955740,2020,040955740,2,3,0,18,19,3,7,0,0,8,0,0,0,0,1,1,5,6,1,17,4,125,1,5,LEXMOTO XFLM 125,-1,-1,0,-1
2020010281914,2020,010281914,1,3,0,3,3,3,7,0,0,1,0,0,0,0,2,1,1,1,1,40,7,125,1,4,LEXMOTO XFLM 125,4,E01004617,0,-1
2020470975929,2020,470975929,2,3,0,18,19,8,4,0,0,1,2,0,0,0,1,1,6,6,1,19,4,125,1,4,LEXMOTO XFLM 125,8,E01004110,0,-1
2020440226839,2020,440226839,1,4,0,16,19,4,8,0,0,0,0,0,7,0,1,1,6,6,1,18,4,125,1,5,-1,10,E01023209,0,-1
2020450927965,2020,450927965,1,3,0,18,19,5,1,0,0,0,0,0,0,0,0,1,2,2,1,24,5,125,1,5,LEXMOTO XFLM 125,6,E01030995,0,-1
2020302000235,2020,302000235,1,3,0,18,19,6,2,0,0,8,0,0,0,0,1,1,6,6,1,21,5,125,1,5,LEXMOTO XFLM 125,2,E01019799,0,-1
2020332000124,2020,332000124,2,3,0,13,13,8,4,0,0,0,0,0,0,0,4,1,6,6,1,18,4,125,1,4,LEXMOTO XFLM 125,2,E01013639,0,-1
2020520100374,2020,520100374,2,3,0,13,13,8,4,0,0,8,0,0,0,0,1,1,6,6,1,30,6,125,1,4,LEXMOTO XFLM 125,2,E01029100,0,-1
2020990954008,2020,990954008,2,3,0,18,19,7,3,0,0,8,0,0,0,0,1,1,1,1,1,25,5,125,1,4,LEXMOTO XFLM 125,6,-1,0,-1
2020320576817,2020,320576817,1,3,0,18,19,7,3,0,0,2,1,0,0,0,1,1,6,6,1,20,4,125,1,5,LEXMOTO XFLM 125,6,E01026040,0,-1
2020500962274,2020,500962274,2,3,0,5,5,7,3,0,0,0,0,0,0,0,1,1,5,6,1,25,5,125,1,4,LEXMOTO XFLM 125,4,E01018825,0,-1
2020040977932,2020,040977932,2,3,0,18,19,3,7,0,0,8,0,0,0,0,1,1,6,6,1,20,4,125,1,4,LEXMOTO XFLM 125,3,E01024996,0,-1
2020522101203,2020,522101203,2,3,0,18,19,5,2,0,0,8,0,0,0,0,1,1,6,6,1,22,5,125,1,4,LEXMOTO XFLM 125,1,E01014799,0,-1
202006F170824,2020,06F170824,2,3,0,18,19,2,6,0,0,8,0,0,0,0,4,1,6,6,1,18,4,125,1,4,LEXMOTO XFLM 125,1,E01006248,0,-1
2020450923132,2020,450923132,2,3,0,14,14,1,5,0,0,0,0,0,0,0,4,1,2,2,1,19,4,125,1,1,-1,4,E01030676,0,-1