collision_index,collision_year,collision_ref_no,vehicle_reference,vehicle_type,towing_and_articulation,vehicle_manoeuvre_historic,vehicle_manoeuvre,vehicle_direction_from,vehicle_direction_to,vehicle_location_restricted_lane_historic,vehicle_location_restricted_lane,junction_location,skidding_and_overturning,hit_object_in_carriageway,vehicle_leaving_carriageway,hit_object_off_carriageway,first_point_of_impact,vehicle_left_hand_drive,journey_purpose_of_driver_historic,journey_purpose_of_driver,sex_of_driver,age_of_driver,age_band_of_driver,engine_capacity_cc,propulsion_code,age_of_vehicle,generic_make_model,driver_imd_decile,lsoa_of_driver,escooter_flag,driver_distance_banding
2020052000476,2020,052000476,2,9,0,17,19,1,5,0,0,0,0,0,0,0,1,1,6,6,2,44,7,1364,1,1,VAUXHALL MOKKA,1,E01007138,0,-1
2020200942801,2020,200942801,1,9,0,5,5,6,4,0,0,6,0,0,0,0,3,1,6,6,2,32,6,1598,1,4,VAUXHALL MOKKA,6,E01009526,0,-1
2020100936737,2020,100936737,2,9,0,3,3,1,1,0,0,1,0,0,0,0,2,1,3,7,2,50,8,1364,1,4,VAUXHALL MOKKA,2,E01008599,0,-1
2020100983541,2020,100983541,2,9,0,2,2,3,7,0,0,1,0,0,0,0,3,1,2,2,1,60,9,1598,1,6,VAUXHALL MOKKA,2,E01008695,0,-1
2020010278984,2020,010278984,1,9,0,9,9,3,8,0,0,5,0,0,0,0,2,1,2,2,2,56,9,1598,2,5,VAUXHALL MOKKA,1,E01000744,0,-1
2020450921464,2020,450921464,1,9,0,18,19,6,2,0,0,0,1,0,7,4,1,1,2,2,2,39,7,1364,1,2,VAUXHALL MOKKA,7,E01023116,0,-1
2020411002671,2020,411002671,1,9,0,18,19,6,2,0,0,0,0,0,0,0,3,1,5,6,2,52,8,1364,1,6,VAUXHALL MOKKA,5,E01023914,0,-1
2020990918156,2020,990918156,1,9,0,18,19,4,8,0,0,0,5,0,0,0,4,1,5,6,2,73,10,1364,1,3,VAUXHALL MOKKA,3,-1,0,-1
2020440287653,2020,440287653,5,9,0,18,19,8,4,0,0,0,0,0,0,0,2,1,6,6,1,36,7,1364,1,3,VAUXHALL MOKKA,4,E01025073,0,-1
2020200991689,2020,200991689,2,9,0,18,19,3,7,0,0,2,0,0,0,0,3,1,6,6,2,60,9,1598,2,4,VAUXHALL MOKKA,1,E01010273,0,-1
2020010277160,2020,010277160,2,9,0,99,99,9,9,99,99,9,9,99,9,99,9,9,6,6,3,-1,-1,1686,2,6,VAUXHALL MOKKA,-1,-1,0,-1
2020470978180,2020,470978180,1,9,0,1,1,3,7,0,0,0,0,0,0,0,2,1,5,6,1,30,6,1364,1,5,VAUXHALL MOKKA,9,E01021235,0,-1
2020010234921,2020,010234921,1,9,9,99,99,9,9,99,99,9,9,99,9,99,9,9,-1,-1,3,-1,-1,1364,1,2,VAUXHALL MOKKA,-1,-1,0,-1
2020070079114,2020,070079114,2,9,0,4,4,0,0,0,0,1,0,0,0,0,2,1,2,2,2,25,5,1364,1,2,VAUXHALL MOKKA,2,E01018522,0,-1
2020361012791,2020,361012791,1,9,0,18,19,7,1,0,0,8,0,0,7,11,1,1,5,6,2,60,9,1686,2,7,VAUXHALL MOKKA,9,E01026570,0,-1
2020522002707,2020,522002707,1,9,0,18,19,3,7,0,0,0,0,0,0,0,1,1,6,6,2,87,11,1364,1,6,VAUXHALL MOKKA,8,E01032680,0,-1
2020500946196,2020,500946196,2,9,0,3,3,7,3,0,0,0,0,0,0,0,2,1,1,1,1,72,10,1364,1,3,VAUXHALL MOKKA,8,E01020110,0,-1
2020010263458,2020,010263458,2,9,9,99,99,9,9,99,99,9,9,99,9,99,9,9,6,6,2,-1,-1,1686,2,6,VAUXHALL MOKKA,2,E01000315,0,-1
2020140973240,2020,140973240,2,9,0,3,3,2,6,0,0,1,0,0,0,0,2,1,2,2,2,40,7,1598,2,2,VAUXHALL MOKKA,1,E01007542,0,-1
2020440166882,2020,440166882,2,9,0,9,9,1,3,0,0,1,0,0,0,0,3,1,6,6,1,-1,-1,1364,1,4,VAUXHALL MOKKA,-1,-1,0,-1
2020360939495,2020,360939495,1,9,0,6,6,3,7,0,0,0,0,0,0,0,3,1,5,6,2,31,6,1686,2,7,VAUXHALL MOKKA,2,E01026802,0,-1
2020440236915,2020,440236915,1,9,0,18,19,3,7,0,0,0,0,0,0,0,1,1,6,6,2,26,6,1364,1,5,VAUXHALL MOKKA,4,E01022810,0,-1
2020041010971,2020,041010971,1,9,0,11,11,7,1,0,0,1,0,0,0,0,3,1,5,6,1,59,9,1598,2,5,VAUXHALL MOKKA,5,E01012729,0,-1
2020010282467,2020,010282467,1,9,9,99,99,9,9,99,99,9,9,99,9,99,9,9,6,6,3,-1,-1,1364,1,2,VAUXHALL MOKKA,-1,-1,0,-1
2020430137810,2020,430137810,1,9,0,2,2,0,0,0,0,0,0,0,0,0,3,1,1,1,2,52,8,1364,1,5,VAUXHALL MOKKA,10,E01016533,0,-1
2020010277692,2020,010277692,2,9,0,6,6,1,1,0,0,2,0,0,0,0,1,1,6,6,1,39,7,1364,1,5,VAUXHALL MOKKA,7,E01001587,0,-1
2020070628828,2020,070628828,2,9,0,7,7,1,3,0,0,1,0,0,0,0,4,1,6,6,1,50,8,1598,1,4,VAUXHALL MOKKA,6,E01018472,0,-1
202031A018720,2020,31A018720,1,9,0,9,9,4,2,0,0,5,0,0,0,0,1,1,6,6,1,66,10,1598,1,5,VAUXHALL MOKKA,7,E01027988,0,-1
2020137240107,2020,137240107,1,9,0,18,19,5,6,0,0,0,1,10,0,10,3,1,6,6,2,47,8,1686,2,7,VAUXHALL MOKKA,9,E01011296,0,-1
2020200931830,2020,200931830,1,9,0,18,19,2,6,0,0,6,0,0,0,0,1,1,6,6,1,-1,-1,1364,1,3,VAUXHALL MOKKA,-1,-1,0,-1
2020302000329,2020,302000329,2,9,0,18,19,5,1,0,0,1,0,0,0,0,1,1,6,6,1,85,11,1364,1,2,VAUXHALL MOKKA,2,E01019668,0,-1
2020460919317,2020,460919317,1,9,0,18,19,4,8,0,0,0,0,0,0,0,1,1,1,1,2,37,7,1598,2,4,VAUXHALL MOKKA,7,E01024743,0,-1
2020010272497,2020,010272497,2,9,0,99,99,9,9,99,99,9,9,99,9,99,1,9,6,6,3,-1,-1,1364,1,5,VAUXHALL MOKKA,2,E01001506,0,-1
2020470939989,2020,470939989,2,9,0,18,19,8,4,0,0,0,5,0,0,0,1,1,5,6,2,64,9,1364,1,3,VAUXHALL MOKKA,3,E01021185,0,-1
2020010252773,2020,010252773,1,9,0,4,4,1,5,0,0,8,0,0,0,0,2,1,2,2,1,37,7,1598,2,5,VAUXHALL MOKKA,4,E01000997,0,-1
2020040926822,2020,040926822,2,9,0,4,4,5,1,0,0,0,0,0,0,0,2,1,2,2,2,45,7,1598,2,3,VAUXHALL MOKKA,2,E01006311,0,-1
2020010251006,2020,010251006,1,9,0,18,19,7,3,0,0,2,0,0,0,0,3,1,6,6,2,73,10,1364,1,2,VAUXHALL MOKKA,8,E01004195,0,-1
2020100996610,2020,100996610,1,9,0,5,5,1,5,0,0,3,0,0,0,0,2,1,6,6,1,73,10,1364,1,5,VAUXHALL MOKKA,9,E01008501,0,-1
2020360966600,2020,360966600,2,9,0,18,19,3,1,0,0,0,0,0,0,0,2,1,1,1,3,-1,-1,1598,2,3,VAUXHALL MOKKA,-1,-1,0,-1
2020302001516,2020,302001516,1,9,0,18,19,5,1,9,9,1,0,0,1,11,1,1,6,6,2,32,6,1686,2,6,VAUXHALL MOKKA,2,E01019469,0,-1
2020522100970,2020,522100970,1,9,0,18,19,7,3,0,0,8,0,0,0,0,4,1,6,6,2,71,10,1686,2,7,VAUXHALL MOKKA,10,E01014999,0,-1
2020010282383,2020,010282383,2,9,0,5,5,7,3,0,0,1,0,0,0,0,4,2,3,7,2,38,7,1598,1,3,VAUXHALL MOKKA,2,E01032564,0,-1
2020500956781,2020,500956781,2,9,0,2,2,0,0,0,0,0,0,4,0,0,2,1,5,6,1,75,10,1364,1,2,VAUXHALL MOKKA,2,E01020297,0,-1
2020122000323,2020,122000323,2,9,0,2,2,0,0,0,0,0,0,0,0,0,2,1,6,6,1,35,6,1598,2,3,VAUXHALL MOKKA,8,E01013373,0,-1
2020137941395,2020,137941395,2,9,0,5,5,8,6,0,0,2,0,0,0,0,1,1,6,6,1,73,10,1686,2,5,VAUXHALL MOKKA,1,E01011750,0,-1
2020500934869,2020,500934869,2,9,0,18,19,4,8,0,0,8,0,0,0,0,3,1,6,6,2,42,7,1364,1,7,VAUXHALL MOKKA,4,E01020055,0,-1
2020460972035,2020,460972035,1,9,0,18,19,8,4,0,0,1,0,0,0,0,1,1,6,6,2,-1,-1,1364,1,1,VAUXHALL MOKKA,5,E01016118,0,-1
2020302001595,2020,302001595,2,9,0,6,6,5,5,0,0,0,0,0,0,0,3,1,6,6,1,30,6,1686,2,6,VAUXHALL MOKKA,10,E01029418,0,-1
2020400933228,2020,400933228,2,9,0,2,2,0,0,0,0,0,0,0,0,0,3,1,6,6,1,58,9,1598,2,5,VAUXHALL MOKKA,1,E01017523,0,-1
2020460947690,2020,460947690,3,9,0,2,2,0,0,0,0,2,0,0,0,0,3,1,6,6,2,46,8,1686,2,6,VAUXHALL MOKKA,3,W01001331,0,-1
2020430017167,2020,430017167,1,9,0,18,19,3,7,0,0,0,0,0,0,0,1,1,6,6,1,45,7,1598,2,1,VAUXHALL MOKKA,8,E01032709,0,-1
2020440429233,2020,440429233,2,9,0,5,5,1,5,0,0,8,0,0,0,0,1,1,6,6,1,60,9,1364,1,3,VAUXHALL MOKKA,5,E01017209,0,-1
2020990999440,2020,990999440,1,9,0,9,9,7,5,0,0,8,0,0,0,0,1,1,6,6,1,29,6,1364,1,1,VAUXHALL MOKKA,4,-1,0,-1
2020040980196,2020,040980196,2,9,0,10,10,3,7,0,0,0,0,0,0,0,2,1,2,2,2,53,8,1364,1,2,VAUXHALL MOKKA,6,E01024949,0,-1
2020010263426,2020,010263426,2,9,0,9,9,1,6,0,0,1,0,0,0,0,4,1,2,2,1,33,6,1364,1,6,VAUXHALL MOKKA,3,E01001147,0,-1
2020440475651,2020,440475651,1,9,0,18,19,5,1,0,0,8,0,0,0,0,4,1,6,6,2,69,10,1364,1,5,VAUXHALL MOKKA,4,E01017187,0,-1
2020140992315,2020,140992315,2,9,0,5,5,5,1,0,0,0,0,0,0,0,1,1,6,6,3,-1,-1,1598,2,3,VAUXHALL MOKKA,-1,-1,0,-1
202031B103720,2020,31B103720,2,9,3,18,19,1,5,0,0,0,3,0,1,9,2,1,6,6,1,72,10,1598,2,3,VAUXHALL MOKKA,6,E01007560,0,-1
2020990922665,2020,990922665,1,9,0,4,4,6,2,0,0,6,0,0,0,0,1,1,1,1,1,48,8,1598,1,6,VAUXHALL MOKKA,1,-1,0,-1
2020220939631,2020,220939631,1,9,0,9,9,5,2,0,0,5,0,0,0,0,2,1,5,6,1,34,6,1364,1,2,VAUXHALL MOKKA,7,E01022274,0,-1
2020500946196,2020,500946196,1,9,0,4,4,7,3,0,0,0,0,0,0,0,1,1,5,6,2,73,10,1364,1,5,VAUXHALL MOKKA,5,E01020098,0,-1
2020010260984,2020,010260984,2,9,0,99,99,9,9,99,99,9,9,99,9,99,1,9,6,6,3,-1,-1,1364,1,2,VAUXHALL MOKKA,-1,-1,0,-1
202031B079420,2020,31B079420,3,9,0,18,19,3,7,0,0,1,0,0,0,0,1,1,6,6,1,55,8,1364,1,2,VAUXHALL MOKKA,1,E01007794,0,-1
2020990933345,2020,990933345,1,9,0,9,9,5,2,0,0,1,0,0,0,0,1,1,5,6,1,76,11,1364,1,2,VAUXHALL MOKKA,9,-1,0,-1
2020360944520,2020,360944520,1,9,0,18,19,8,4,0,0,1,0,0,0,0,1,1,2,2,2,47,8,1598,2,4,VAUXHALL MOKKA,7,E01026564,0,-1
202063D045820,2020,63D045820,1,9,0,18,19,4,8,0,0,0,0,0,2,1,4,1,6,6,2,61,9,1364,1,3,VAUXHALL MOKKA,7,W01000494,0,-1
2020010238298,2020,010238298,2,9,0,99,99,9,9,99,99,9,9,99,9,99,9,9,6,6,3,36,7,1598,1,4,VAUXHALL MOKKA,1,E01002800,0,-1
2020440052179,2020,440052179,2,9,0,18,19,1,5,0,0,0,0,0,4,6,2,1,6,6,1,51,8,1598,2,3,VAUXHALL MOKKA,5,E01020368,0,-1
20201374F0855,2020,1374F0855,2,9,0,3,3,8,6,0,0,1,0,0,0,0,1,1,6,6,2,56,9,1598,2,5,VAUXHALL MOKKA,2,E01011246,0,-1
2020552000203,2020,552000203,1,9,0,4,4,2,6,0,0,0,0,0,0,0,1,1,6,6,2,53,8,1364,1,5,VAUXHALL MOKKA,5,E01023010,0,-1
2020990974649,2020,990974649,2,9,0,17,19,4,8,0,0,0,0,0,0,0,1,1,5,6,2,56,9,1598,2,4,VAUXHALL MOKKA,8,-1,0,-1
2020100981309,2020,100981309,1,9,0,18,19,7,5,0,0,0,1,4,1,1,1,1,2,2,2,46,8,1598,1,6,VAUXHALL MOKKA,1,E01008290,0,-1
2020470983825,2020,470983825,1,9,0,18,19,2,6,0,0,0,1,0,1,1,1,1,5,6,1,33,6,1686,2,5,VAUXHALL MOKKA,3,E01031552,0,-1
2020010232581,2020,010232581,2,8,0,5,5,6,2,0,0,0,9,99,9,99,1,9,6,6,3,-1,-1,1364,1,3,-1,-1,-1,0,-1
2020420996841,2020,420996841,3,9,0,18,19,5,8,0,0,8,0,0,0,0,2,1,6,6,1,42,7,1598,1,5,VAUXHALL MOKKA,6,E01021434,0,-1
2020370989741,2020,370989741,2,9,0,4,4,3,7,0,0,0,0,0,0,0,1,1,5,6,1,38,7,1364,1,5,VAUXHALL MOKKA,5,E01030140,0,-1
2020340E00742,2020,340E00742,2,9,0,17,19,7,3,0,0,1,0,0,0,0,1,1,6,6,1,85,11,1364,1,2,VAUXHALL MOKKA,7,E01027090,0,-1
2020610037720,2020,610037720,1,9,0,9,9,4,1,0,0,2,0,0,0,0,1,1,6,6,2,64,9,1686,2,6,VAUXHALL MOKKA,-1,-1,0,-1
2020160926142,2020,160926142,1,9,0,12,12,4,8,0,0,0,0,0,0,0,1,1,6,6,3,-1,-1,1598,1,7,VAUXHALL MOKKA,-1,-1,0,-1
2020010228248,2020,010228248,2,9,0,2,2,0,0,0,0,0,0,0,0,0,3,1,6,6,3,-1,-1,1364,1,5,VAUXHALL MOKKA,-1,-1,0,-1
2020440087355,2020,440087355,1,9,0,18,19,5,3,0,0,2,0,0,0,0,4,1,6,6,1,82,11,1364,1,1,VAUXHALL MOKKA,10,E01030770,0,-1
2020052001616,2020,052001616,2,9,0,18,19,2,6,0,0,0,0,0,0,0,1,1,6,6,2,40,7,1686,2,5,VAUXHALL MOKKA,1,E01006768,0,-1
2020990922768,2020,990922768,1,9,0,18,19,7,4,0,0,8,0,0,0,0,4,1,5,6,2,31,6,1686,2,6,VAUXHALL MOKKA,8,-1,0,-1
2020320411992,2020,320411992,1,9,0,9,9,5,7,0,0,6,0,0,0,0,1,1,6,6,2,55,8,1364,1,5,VAUXHALL MOKKA,5,E01026266,0,-1
2020010258525,2020,010258525,3,9,0,2,2,0,0,0,0,2,0,0,0,0,2,1,6,6,3,-1,-1,1364,1,2,VAUXHALL MOKKA,-1,-1,0,-1
2020070702741,2020,070702741,2,9,0,14,14,3,7,0,0,1,0,0,0,0,1,1,2,2,2,57,9,1364,1,4,VAUXHALL MOKKA,9,E01018420,0,-1
2020010246814,2020,010246814,1,9,0,18,19,4,8,0,0,0,0,0,0,0,1,1,6,6,1,17,4,1364,1,1,VAUXHALL MOKKA,2,E01003092,0,-1
202031C085720,2020,31C085720,2,9,0,4,4,4,8,0,0,8,0,0,0,0,1,1,6,6,2,31,6,1364,1,1,VAUXHALL MOKKA,2,E01013870,0,-1
2020370940100,2020,370940100,1,9,0,2,2,0,0,0,0,1,0,0,0,0,4,1,5,6,2,29,6,1598,1,6,VAUXHALL MOKKA,5,E01030027,0,-1
2020410992169,2020,410992169,1,9,0,18,19,8,2,0,0,3,0,0,0,0,4,1,5,6,2,57,9,1364,1,3,VAUXHALL MOKKA,8,E01002985,0,-1
2020522001665,2020,522001665,2,9,0,18,19,1,5,0,0,0,0,0,0,0,2,1,6,6,1,74,10,1364,1,1,VAUXHALL MOKKA,3,E01014811,0,-1
2020552001179,2020,552001179,4,9,0,4,4,7,3,0,0,0,0,0,0,0,2,1,6,6,1,64,9,1686,2,7,VAUXHALL MOKKA,6,E01020172,0,-1
2020990992030,2020,990992030,1,9,0,9,9,3,1,0,0,5,0,12,0,0,1,1,5,6,1,78,11,1364,1,3,VAUXHALL MOKKA,-1,-1,0,-1
2020010228145,2020,010228145,1,9,0,99,99,9,9,99,99,9,9,99,9,99,9,9,6,6,2,31,6,1364,1,5,VAUXHALL MOKKA,3,E01001116,0,-1
2020460986900,2020,460986900,2,9,0,3,3,7,3,0,0,0,0,0,0,0,2,1,1,1,1,50,8,1598,2,1,VAUXHALL MOKKA,2,E01023973,0,-1
2020320666010,2020,320666010,1,9,0,18,19,4,8,0,0,0,0,0,0,0,1,1,1,1,1,52,8,1686,2,7,VAUXHALL MOKKA,4,E01026071,0,-1
2020200993895,2020,200993895,2,9,0,18,19,1,5,0,0,8,0,0,0,0,0,1,3,7,2,37,7,1598,2,4,VAUXHALL MOKKA,3,E01009772,0,-1
2020200987688,2020,200987688,3,9,0,18,19,1,1,0,0,0,0,0,0,0,1,1,6,6,1,38,7,1686,2,6,VAUXHALL MOKKA,2,E01010065,0,-1
2020522100135,2020,522100135,1,9,0,18,19,8,4,0,0,0,0,0,0,0,1,1,6,6,2,26,6,1364,1,3,VAUXHALL MOKKA,7,E01014402,0,-1
2020622000212,2020,622000212,1,9,0,9,9,2,6,0,0,6,0,0,0,0,1,1,6,6,1,67,10,1364,1,2,VAUXHALL MOKKA,1,W01001871,0,-1
2020990921341,2020,990921341,1,9,0,4,4,4,8,0,0,1,0,0,0,0,2,1,2,2,2,41,7,1598,1,4,VAUXHALL MOKKA,4,-1,0,-1
2020220980509,2020,220980509,1,9,0,7,7,8,2,0,0,6,0,0,0,0,2,1,2,2,2,54,8,1686,2,5,VAUXHALL MOKKA,4,E01029000,0,-1
2020460994854,2020,460994854,2,9,0,18,19,1,5,0,0,0,1,0,1,7,4,1,5,6,2,60,9,1364,1,2,VAUXHALL MOKKA,5,E01000454,0,-1
2020230971116,2020,230971116,2,9,0,17,19,2,8,0,0,8,0,0,0,0,3,1,5,6,1,24,5,1364,1,2,VAUXHALL MOKKA,4,E01031008,0,-1
2020160982615,2020,160982615,1,9,0,18,19,2,6,0,0,2,0,0,0,0,1,1,6,6,3,-1,-1,1686,2,7,VAUXHALL MOKKA,-1,-1,0,-1
202006Q177788,2020,06Q177788,1,9,0,18,19,8,4,0,0,0,0,0,0,0,1,1,6,6,1,30,6,1364,1,3,VAUXHALL MOKKA,-1,-1,0,-1
2020010278378,2020,010278378,1,9,0,99,99,9,9,99,99,9,9,99,9,99,2,9,6,6,2,35,6,1364,1,3,VAUXHALL MOKKA,2,E01001462,0,-1
2020137220940,2020,137220940,1,9,0,18,19,3,7,0,0,0,0,0,0,0,1,1,6,6,1,50,8,1364,1,2,VAUXHALL MOKKA,10,E01016589,0,-1
202006J172648,2020,06J172648,1,9,0,9,9,6,4,0,0,5,0,0,0,0,3,1,6,6,3,-1,-1,1364,1,2,VAUXHALL MOKKA,-1,-1,0,-1
2020410985732,2020,410985732,1,9,0,18,19,7,3,0,0,3,0,0,0,0,1,1,5,6,1,64,9,1364,1,1,VAUXHALL MOKKA,7,E01023658,0,-1
2020030924654,2020,030924654,2,9,0,18,19,1,5,0,0,8,0,0,0,0,1,1,5,6,1,62,9,1598,2,4,VAUXHALL MOKKA,1,E01019280,0,-1
2020010228871,2020,010228871,1,9,0,18,19,5,1,0,0,8,0,0,0,0,2,1,6,6,1,65,9,1598,2,5,VAUXHALL MOKKA,3,E01000127,0,-1
202006A170044,2020,06A170044,2,9,0,10,10,2,8,0,0,8,0,0,0,0,2,1,6,6,1,32,6,1364,1,5,VAUXHALL MOKKA,3,E01005372,0,-1
2020140932121,2020,140932121,1,9,0,18,19,6,2,0,0,8,0,10,5,1,1,1,5,6,2,49,8,1364,1,4,VAUXHALL MOKKA,5,E01007486,0,-1
2020991006483,2020,991006483,2,9,0,7,7,5,7,0,0,1,0,0,0,0,1,2,6,6,2,58,9,1598,1,3,VAUXHALL MOKKA,2,-1,0,-1
2020100952882,2020,100952882,1,9,0,18,19,7,3,0,0,4,0,0,0,0,1,1,6,6,1,46,8,1364,1,3,VAUXHALL MOKKA,2,E01008694,0,-1
2020201018611,2020,201018611,2,9,0,18,19,3,7,0,0,0,0,0,0,0,1,1,6,6,2,-1,-1,1598,2,2,VAUXHALL MOKKA,3,E01009783,0,-1
2020430035557,2020,430035557,3,9,0,8,8,8,6,0,0,1,0,0,0,0,1,1,6,6,1,67,10,1598,2,5,VAUXHALL MOKKA,10,E01017696,0,-1
2020340W07512,2020,340W07512,1,9,0,18,19,3,7,0,0,0,0,0,0,0,3,1,6,6,1,40,7,1364,1,5,VAUXHALL MOKKA,8,E01027337,0,-1
2020010271067,2020,010271067,1,9,0,18,19,5,1,0,0,6,0,0,0,0,1,1,2,2,2,63,9,1686,2,5,VAUXHALL MOKKA,9,E01004111,0,-1
2020230995174,2020,230995174,1,9,0,18,19,6,2,0,0,0,0,0,0,0,1,1,5,6,2,32,6,1686,2,6,VAUXHALL MOKKA,7,E01029856,0,-1
2020160976588,2020,160976588,1,9,0,18,19,4,7,0,0,8,0,0,0,0,1,1,5,6,2,51,8,1364,1,3,VAUXHALL MOKKA,3,E01009544,0,-1
2020430323646,2020,430323646,1,9,0,18,19,6,2,0,0,1,0,0,0,0,1,1,2,2,2,60,9,1598,2,4,VAUXHALL MOKKA,6,E01016332,0,-1
2020332000122,2020,332000122,3,9,0,16,19,4,8,0,0,0,0,0,7,0,1,1,2,2,1,30,6,1686,2,6,VAUXHALL MOKKA,-1,-1,0,-1
2020990932724,2020,990932724,1,9,0,18,19,6,1,0,0,0,0,0,0,0,1,1,5,6,2,56,9,1364,1,2,VAUXHALL MOKKA,4,-1,0,-1
2020460965997,2020,460965997,2,9,0,9,9,3,7,0,0,0,0,0,0,0,2,1,5,6,1,50,8,1598,1,6,VAUXHALL MOKKA,9,E01024256,0,-1
20201377B1045,2020,1377B1045,1,9,0,18,19,2,6,0,0,8,0,0,0,0,3,1,6,6,2,65,9,1364,1,3,VAUXHALL MOKKA,3,E01010891,0,-1
2020201001806,2020,201001806,2,9,0,18,19,3,7,0,0,8,0,0,0,0,1,1,6,6,1,33,6,1364,1,4,VAUXHALL MOKKA,9,E01009416,0,-1
2020350944723,2020,350944723,1,9,0,3,3,4,8,0,0,0,0,0,0,0,2,1,2,2,2,59,9,1598,2,4,VAUXHALL MOKKA,5,E01015651,0,-1
2020010233032,2020,010233032,1,9,0,18,19,5,1,0,0,0,0,0,0,0,1,1,6,6,2,51,8,1364,1,4,VAUXHALL MOKKA,7,E01002220,0,-1
2020430249221,2020,430249221,2,9,0,10,10,7,5,0,0,8,0,0,0,0,1,1,6,6,2,69,10,1364,1,4,VAUXHALL MOKKA,7,E01016719,0,-1
20201372T0883,2020,1372T0883,3,9,0,2,2,0,0,0,0,8,0,0,0,0,3,1,6,6,3,-1,-1,1364,1,3,VAUXHALL MOKKA,-1,-1,0,-1
2020040966069,2020,040966069,2,9,0,16,19,3,6,0,0,8,0,0,0,0,4,1,5,6,1,67,10,1364,1,7,VAUXHALL MOKKA,2,E01025208,0,-1
2020430266564,2020,430266564,2,9,0,18,19,3,7,0,0,8,0,0,0,0,1,1,6,6,2,44,7,1686,2,7,VAUXHALL MOKKA,7,E01016301,0,-1
2020990958054,2020,990958054,2,9,0,18,19,7,3,0,0,0,0,0,0,0,2,1,6,6,1,27,6,1598,2,3,VAUXHALL MOKKA,5,-1,0,-1
2020420971028,2020,420971028,3,9,0,16,19,7,3,0,0,0,0,0,0,0,3,1,6,6,1,65,9,1364,1,2,VAUXHALL MOKKA,3,E01030025,0,-1
2020201019948,2020,201019948,2,9,0,7,7,2,5,0,0,6,0,0,0,0,1,1,6,6,1,74,10,1598,2,5,VAUXHALL MOKKA,10,E01009470,0,-1
2020070784421,2020,070784421,2,9,0,18,19,5,1,0,0,8,5,0,0,0,4,1,2,2,2,48,8,1364,1,5,VAUXHALL MOKKA,8,E01018718,0,-1
2020460946173,2020,460946173,2,9,0,3,3,5,1,0,0,1,0,0,0,0,3,1,6,6,2,28,6,1364,1,5,VAUXHALL MOKKA,2,E01024584,0,-1
202063D024120,2020,63D024120,3,9,0,16,19,7,2,0,0,0,0,0,0,0,1,1,6,6,1,48,8,1598,2,4,VAUXHALL MOKKA,9,W01000481,0,-1
2020500964412,2020,500964412,2,9,0,18,19,3,7,0,0,0,0,0,1,0,1,1,5,6,2,25,5,1364,1,2,VAUXHALL MOKKA,10,E01020194,0,-1
2020421014216,2020,421014216,2,9,0,18,19,4,8,0,0,8,0,0,0,0,1,1,6,6,2,53,8,1598,1,4,VAUXHALL MOKKA,5,E01021753,0,-1
2020440235953,2020,440235953,2,9,0,18,19,6,2,0,0,8,0,0,0,0,4,1,6,6,2,38,7,1364,1,6,VAUXHALL MOKKA,1,E01022933,0,-1
2020340N05762,2020,340N05762,1,9,0,5,5,6,2,0,0,8,0,0,0,0,1,1,3,7,2,31,6,1598,1,3,VAUXHALL MOKKA,2,E01027170,0,-1
2020460962162,2020,460962162,2,9,0,9,9,5,3,0,0,6,0,0,0,0,1,1,5,6,1,29,6,1598,2,3,VAUXHALL MOKKA,6,E01024266,0,-1
2020500979312,2020,500979312,1,9,0,17,19,1,5,0,0,1,0,0,0,0,1,1,5,6,1,75,10,1686,2,6,VAUXHALL MOKKA,6,E01021373,0,-1
2020137190986,2020,137190986,1,9,0,18,19,8,4,0,0,0,0,0,0,0,4,1,6,6,2,23,5,1364,1,2,VAUXHALL MOKKA,5,E01011748,0,-1
2020010280771,2020,010280771,2,9,0,99,99,9,9,99,99,9,9,99,9,99,1,9,6,6,1,26,6,1364,1,5,VAUXHALL MOKKA,3,E01001412,0,-1
2020460939176,2020,460939176,1,9,0,18,19,3,7,0,0,0,0,0,0,0,1,1,6,6,2,29,6,1686,2,5,VAUXHALL MOKKA,5,E01024774,0,-1
2020332000090,2020,332000090,4,9,0,3,3,8,4,0,0,0,0,0,0,0,2,1,6,6,2,52,8,1364,1,5,VAUXHALL MOKKA,9,E01028264,0,-1
2020990976929,2020,990976929,2,9,0,18,19,5,2,0,0,1,5,0,0,0,3,1,5,6,1,76,11,1598,2,4,VAUXHALL MOKKA,5,-1,0,-1
2020030954538,2020,030954538,1,9,0,18,19,3,7,0,0,5,0,0,1,0,1,1,6,6,2,28,6,1686,2,7,VAUXHALL MOKKA,6,E01019090,0,-1
2020622000161,2020,622000161,2,9,0,4,4,8,5,0,0,1,0,0,0,0,2,1,6,6,2,51,8,1364,1,1,VAUXHALL MOKKA,5,W01001346,0,-1
2020010239700,2020,010239700,2,9,0,99,99,9,9,99,99,9,9,99,9,99,9,9,6,6,1,35,6,1598,1,5,VAUXHALL MOKKA,2,E01024585,0,-1
2020460923927,2020,460923927,2,9,0,18,19,4,8,0,0,0,0,11,0,0,1,1,5,6,1,46,8,1364,1,7,VAUXHALL MOKKA,6,E01024568,0,-1
2020141004243,2020,141004243,1,9,0,9,9,4,2,0,0,1,0,0,0,0,1,1,2,2,1,46,8,1598,2,5,VAUXHALL MOKKA,5,E01007644,0,-1
2020100970451,2020,100970451,1,9,0,18,19,1,5,0,0,1,0,0,0,0,1,1,5,6,2,63,9,1598,2,4,VAUXHALL MOKKA,5,E01033718,0,-1
20201371F1485,2020,1371F1485,2,9,0,18,19,1,5,0,0,0,0,0,0,0,2,1,1,1,1,20,4,1364,1,3,VAUXHALL MOKKA,-1,-1,0,-1