collision_index,collision_year,collision_ref_no,vehicle_reference,vehicle_type,towing_and_articulation,vehicle_manoeuvre_historic,vehicle_manoeuvre,vehicle_direction_from,vehicle_direction_to,vehicle_location_restricted_lane_historic,vehicle_location_restricted_lane,junction_location,skidding_and_overturning,hit_object_in_carriageway,vehicle_leaving_carriageway,hit_object_off_carriageway,first_point_of_impact,vehicle_left_hand_drive,journey_purpose_of_driver_historic,journey_purpose_of_driver,sex_of_driver,age_of_driver,age_band_of_driver,engine_capacity_cc,propulsion_code,age_of_vehicle,generic_make_model,driver_imd_decile,lsoa_of_driver,escooter_flag,driver_distance_banding
2020010235250,2020,010235250,2,9,0,7,7,5,7,0,0,2,0,0,0,0,1,1,6,6,3,50,8,1200,1,5,DS DS3,-1,-1,0,-1
2020140931068,2020,140931068,1,9,0,14,14,2,6,0,0,0,0,0,0,0,1,1,5,6,1,51,8,1200,1,2,DS DS3,5,E01007887,0,-1
2020420937594,2020,420937594,2,9,0,4,4,3,7,0,0,0,0,0,0,0,2,1,6,6,1,28,6,1200,1,1,DS DS3,7,E01021571,0,-1
2020320141616,2020,320141616,1,9,0,18,19,1,5,0,0,0,0,0,0,0,1,1,6,6,2,23,5,1200,1,5,DS DS3,4,E01026377,0,-1
202063A073320,2020,63A073320,2,9,0,18,19,8,4,0,0,0,0,0,0,0,1,1,6,6,1,18,4,1560,2,3,DS DS3,5,W01000629,0,-1
202006L172822,2020,06L172822,2,9,0,18,19,6,2,0,0,0,0,0,0,0,1,1,6,6,1,31,6,1200,1,3,DS DS3,8,E01006314,0,-1
2020010259458,2020,010259458,1,9,0,10,10,1,6,0,0,1,0,0,0,0,2,1,6,6,2,29,6,1200,1,2,DS DS3,2,E01004384,0,-1
2020160963741,2020,160963741,2,9,0,7,7,2,5,0,0,0,0,0,0,0,4,1,5,6,2,41,7,1200,1,4,DS DS3,8,E01013013,0,-1
2020010242986,2020,010242986,2,9,0,4,4,3,7,0,0,0,0,0,0,0,2,1,2,2,2,46,8,1200,1,4,DS DS3,2,E01001653,0,-1
2020010243399,2020,010243399,1,9,0,99,99,9,9,99,99,1,9,99,9,99,9,1,6,6,1,51,8,1200,1,1,DS DS3,4,E01000497,0,-1
2020501015264,2020,501015264,2,9,0,18,19,7,3,0,0,0,0,0,0,0,1,1,5,6,2,23,5,1200,1,4,DS DS3,4,E01015177,0,-1
202006L174674,2020,06L174674,1,9,0,7,7,7,1,0,0,5,0,0,0,0,4,1,6,6,2,24,5,1200,1,3,DS DS3,10,E01006237,0,-1
2020231001128,2020,231001128,1,9,0,9,9,8,6,0,0,5,1,0,7,0,4,1,2,2,1,23,5,1560,2,4,DS DS3,4,E01031030,0,-1
202006G276741,2020,06G276741,1,9,0,3,3,8,4,0,0,8,0,0,0,0,1,1,6,6,1,40,7,1200,1,4,DS DS3,1,E01006005,0,-1
2020141010085,2020,141010085,1,9,0,17,19,3,7,0,0,0,2,0,7,0,1,1,6,6,1,55,8,1600,1,4,DS DS3,4,E01008142,0,-1
2020200975833,2020,200975833,1,9,0,18,19,4,8,0,0,1,1,0,0,0,1,1,6,6,2,25,5,1200,1,5,DS DS3,2,E01009414,0,-1
2020200932770,2020,200932770,2,9,0,18,19,5,1,0,0,8,0,0,0,0,3,1,1,1,1,17,4,1560,2,3,DS DS3,7,E01008949,0,-1
2020501016033,2020,501016033,2,9,0,3,3,1,5,0,0,1,0,0,0,0,2,1,5,6,2,65,9,1560,2,4,DS DS3,5,E01018768,0,-1
2020030973882,2020,030973882,2,9,0,18,19,7,3,0,0,1,0,0,0,0,2,1,6,6,1,24,5,1560,2,4,DS DS3,5,E01008795,0,-1
2020361014059,2020,361014059,1,9,0,18,19,2,6,0,0,0,0,0,0,0,1,1,5,6,1,41,7,1200,1,1,DS DS3,2,E01004723,0,-1
2020990982338,2020,990982338,2,9,0,4,4,6,3,0,0,1,0,0,0,0,2,1,6,6,2,47,8,1200,1,3,DS DS3,9,-1,0,-1
2020210962650,2020,210962650,3,9,0,4,4,7,1,0,0,2,0,0,0,0,2,1,6,6,2,51,8,1200,1,3,DS DS3,3,E01029752,0,-1
2020010230922,2020,010230922,2,9,0,99,99,9,9,99,99,9,9,99,9,99,1,9,6,6,3,30,6,1200,1,1,DS DS3,3,E01001166,0,-1
2020470941275,2020,470941275,1,9,0,18,19,4,8,0,0,4,0,0,0,0,3,1,5,6,2,45,7,1200,1,4,DS DS3,4,E01021002,0,-1
2020461007237,2020,461007237,2,9,0,18,19,5,1,0,0,8,0,0,3,0,1,1,1,1,2,42,7,1598,1,3,DS DS3,7,E01024378,0,-1
2020990920784,2020,990920784,2,9,0,18,19,2,6,0,0,8,1,0,0,0,3,1,5,6,2,24,5,1200,1,1,DS DS3,1,-1,0,-1
2020100981358,2020,100981358,1,9,0,18,19,5,1,0,0,1,0,0,0,0,4,1,2,2,2,43,7,1200,1,3,DS DS3,1,E01008389,0,-1
2020122000532,2020,122000532,2,9,0,5,5,7,5,0,0,8,0,0,0,0,1,1,1,1,2,25,5,1560,2,5,DS DS3,9,E01027917,0,-1
2020990990468,2020,990990468,2,9,0,16,19,5,1,0,0,0,0,0,0,0,1,1,6,6,2,59,9,1200,1,3,DS DS3,8,-1,0,-1
2020010263094,2020,010263094,3,9,0,18,19,8,4,0,0,2,0,0,0,0,2,1,1,1,1,27,6,-1,3,0,DS DS3,2,E01000189,0,-1
2020010259518,2020,010259518,1,9,0,99,99,9,9,99,99,9,9,99,9,99,1,1,2,2,1,31,6,1200,1,4,DS DS3,4,E01002611,0,-1
2020160983212,2020,160983212,2,9,0,18,19,2,6,0,0,8,0,0,0,0,1,1,6,6,2,-1,-1,1200,1,2,DS DS3,-1,-1,0,-1
2020040954277,2020,040954277,2,9,0,18,19,3,7,0,0,3,1,0,0,0,4,1,2,2,2,52,8,1200,1,4,DS DS3,6,E01025031,0,-1
2020200939567,2020,200939567,2,9,0,10,10,2,7,0,0,8,0,0,0,0,2,1,6,6,2,33,6,1560,2,3,DS DS3,2,E01032453,0,-1
2020040932719,2020,040932719,2,9,0,18,19,1,5,0,0,0,0,11,0,0,1,1,6,6,2,19,4,1200,1,4,DS DS3,1,E01025283,0,-1
2020170S11110,2020,170S11110,1,9,0,18,19,3,7,0,0,0,0,0,0,0,4,1,2,2,1,58,9,1200,1,4,DS DS3,4,E01012026,0,-1
2020360959774,2020,360959774,1,9,0,9,9,7,5,0,0,8,0,0,0,0,1,1,2,2,1,20,4,1560,2,4,DS DS3,3,E01026631,0,-1
2020420990157,2020,420990157,1,9,0,12,12,1,3,0,0,0,0,0,0,0,3,1,2,2,2,38,7,1600,1,5,DS DS3,3,E01015922,0,-1
2020500949654,2020,500949654,2,9,0,2,2,0,0,0,0,0,0,0,1,10,2,1,5,6,2,24,5,1200,1,4,DS DS3,1,E01015146,0,-1
2020990954929,2020,990954929,1,9,0,18,19,5,1,0,0,0,0,0,0,0,2,1,6,6,1,28,6,1560,2,4,DS DS3,2,-1,0,-1
2020122000906,2020,122000906,3,9,0,18,19,5,1,0,0,0,0,0,0,0,3,1,6,6,2,73,10,1200,1,4,DS DS3,4,E01027866,0,-1
2020137CM0575,2020,137CM0575,1,9,0,18,19,1,7,0,0,8,0,0,0,0,3,1,6,6,1,45,7,1200,1,3,DS DS3,8,E01011244,0,-1
2020990935406,2020,990935406,1,9,0,18,19,2,8,0,0,8,0,0,0,0,4,1,5,6,2,28,6,1200,1,1,DS DS3,-1,-1,0,-1
2020140962065,2020,140962065,5,9,0,2,2,0,0,0,0,0,0,0,0,0,3,1,6,6,1,20,4,1560,2,4,DS DS3,6,E01007787,0,-1
2020170H10130,2020,170H10130,1,9,0,18,19,1,5,0,0,0,0,0,0,0,1,1,6,6,1,68,10,1200,1,5,DS DS3,1,E01033466,0,-1
2020040990170,2020,040990170,2,9,0,18,19,7,3,0,0,0,0,0,0,0,1,1,5,6,1,24,5,1200,1,0,DS DS3,6,E01025261,0,-1
2020420934197,2020,420934197,1,9,0,-1,-1,-1,-1,-1,-1,0,-1,-1,-1,0,-1,1,6,6,1,22,5,1200,1,2,DS DS3,1,E01015895,0,-1
20201371D1483,2020,1371D1483,1,9,0,4,4,2,6,0,0,1,1,0,0,0,2,1,6,6,1,62,9,1200,1,1,DS DS3,10,E01027561,0,-1
2020140996214,2020,140996214,1,9,0,18,19,1,3,0,0,0,0,0,0,0,1,1,1,1,2,22,5,1200,1,4,DS DS3,4,E01007445,0,-1
2020440222045,2020,440222045,2,9,0,2,2,0,0,0,0,2,0,0,0,0,1,1,1,1,2,61,9,1200,1,5,DS DS3,5,E01017368,0,-1
2020990917972,2020,990917972,1,9,0,3,3,7,3,0,0,1,0,0,0,0,1,1,5,6,2,18,4,1560,2,5,DS DS3,1,-1,0,-1
2020070502552,2020,070502552,1,9,0,18,19,6,2,9,9,2,0,0,1,11,1,1,6,6,2,60,9,1200,1,1,DS DS3,3,E01018347,0,-1
2020010282717,2020,010282717,1,9,0,99,99,9,9,99,99,0,9,99,9,99,2,9,2,2,2,56,9,1560,2,4,DS DS3,7,E01021910,0,-1
2020520100942,2020,520100942,1,9,0,9,9,3,1,0,0,8,0,0,0,0,4,1,6,6,2,18,4,1560,2,5,DS DS3,8,E01029124,0,-1
20201371K0212,2020,1371K0212,1,9,0,18,19,7,3,0,0,1,0,0,0,0,1,1,2,2,2,55,8,1560,2,4,DS DS3,9,E01025453,0,-1
2020430329615,2020,430329615,2,9,0,18,19,6,2,0,0,0,0,0,0,0,1,1,6,6,1,39,7,1560,2,4,DS DS3,8,E01017838,0,-1
2020100950396,2020,100950396,2,9,0,18,19,1,5,0,0,0,0,0,0,0,2,1,5,6,2,23,5,1200,1,4,DS DS3,7,E01027473,0,-1
2020990955774,2020,990955774,1,9,0,9,9,7,5,0,0,8,0,0,0,0,1,1,5,6,1,75,10,1200,1,3,DS DS3,7,-1,0,-1
2020990934386,2020,990934386,1,9,0,3,3,4,8,0,0,0,0,0,0,0,1,1,5,6,1,47,8,1560,2,5,DS DS3,4,-1,0,-1
2020440087310,2020,440087310,1,9,0,18,19,5,1,0,0,0,0,0,1,1,1,1,1,1,2,32,6,1560,2,4,DS DS3,2,E01022934,0,-1
2020302000893,2020,302000893,1,9,0,9,9,1,7,0,0,5,0,0,0,0,1,1,1,1,1,20,4,1560,2,4,DS DS3,6,E01019421,0,-1
2020137250800,2020,137250800,1,9,0,9,9,3,1,0,0,5,0,0,0,0,1,1,6,6,1,24,5,1598,1,3,DS DS3,4,E01011839,0,-1
202006A167450,2020,06A167450,3,9,0,4,4,2,6,0,0,2,0,0,0,0,1,1,6,6,1,45,7,1200,1,5,DS DS3,3,E01005536,0,-1
2020302001539,2020,302001539,1,9,0,18,19,6,8,0,0,0,0,0,0,0,4,1,3,7,2,37,7,1200,1,4,DS DS3,4,E01019499,0,-1
2020170S20010,2020,170S20010,1,9,0,18,19,0,0,0,0,8,5,0,0,0,1,1,6,6,2,48,8,1200,1,4,DS DS3,7,E01012244,0,-1
2020010269302,2020,010269302,1,9,0,1,1,5,1,0,0,0,0,0,0,0,2,1,6,6,3,-1,-1,1560,2,3,DS DS3,-1,-1,0,-1
2020160990168,2020,160990168,1,9,0,9,9,5,3,0,0,8,0,0,0,0,1,1,6,6,2,26,6,1560,2,4,DS DS3,8,E01013101,0,-1
2020010232174,2020,010232174,1,9,0,18,19,5,1,0,0,1,0,0,0,0,1,1,1,1,2,54,8,1600,1,5,DS DS3,8,E01031655,0,-1
2020122001199,2020,122001199,2,9,0,3,3,1,5,0,0,1,0,0,0,0,2,1,2,2,2,26,6,1200,1,4,DS DS3,1,E01027740,0,-1
2020140967360,2020,140967360,2,9,0,18,19,8,4,0,0,0,0,0,0,0,1,1,2,2,2,28,6,1200,1,3,DS DS3,-1,-1,0,-1
2020137AK0767,2020,137AK0767,2,9,0,18,19,4,8,0,0,0,0,0,0,0,2,1,6,6,2,58,9,1560,2,4,DS DS3,1,E01010614,0,-1
2020990988871,2020,990988871,1,9,0,18,19,4,8,0,0,0,0,0,0,0,1,1,5,6,2,26,6,1200,1,3,DS DS3,7,-1,0,-1
2020040984996,2020,040984996,1,9,0,18,19,1,5,0,0,1,0,0,0,0,4,1,5,6,2,21,5,1200,1,0,DS DS3,6,E01025261,0,-1
2020531005396,2020,531005396,1,5,0,13,13,1,3,0,0,1,2,10,7,0,3,1,5,6,1,62,9,748,1,20,-1,4,E01031936,0,-1
2020420971156,2020,420971156,2,3,0,18,19,7,3,0,0,0,0,0,0,0,1,1,6,6,1,23,5,125,1,9,Honda CBR125R,3,E01016014,0,-1
2020990939926,2020,990939926,1,3,0,18,19,5,1,0,0,0,2,0,0,0,1,1,6,6,1,27,6,125,1,9,Honda CBR125R,2,-1,0,-1
2020470970922,2020,470970922,2,3,0,18,19,7,3,0,0,8,0,0,0,0,1,1,2,2,2,28,6,125,1,9,Honda CBR125R,5,E01031378,0,-1
2020440024863,2020,440024863,2,3,0,16,19,8,4,0,0,0,0,0,1,0,1,1,2,2,1,26,6,125,1,10,Honda CBR125R,10,E01020420,0,-1
2020360965562,2020,360965562,1,3,0,18,19,2,6,0,0,1,0,10,0,0,1,1,5,6,1,25,5,125,1,9,Honda CBR125R,5,E01015591,0,-1
2020461011012,2020,461011012,1,3,0,18,19,5,1,0,0,1,0,0,0,0,1,1,6,6,1,21,5,125,1,9,Honda CBR125R,8,E01024235,0,-1
2020610031020,2020,610031020,1,3,0,17,19,2,7,0,0,0,1,7,2,7,1,1,6,6,2,23,5,125,1,9,Honda CBR125R,-1,-1,0,-1
2020470956754,2020,470956754,2,3,0,18,19,7,3,0,0,8,2,0,1,0,1,1,5,6,1,22,5,125,1,10,Honda CBR125R,2,E01016914,0,-1
2020160937687,2020,160937687,1,3,0,13,13,6,2,0,0,8,0,0,0,0,1,1,6,6,1,20,4,125,1,9,Honda CBR125R,7,E01013017,0,-1
2020370950951,2020,370950951,1,3,0,18,19,5,1,0,0,0,0,12,0,0,1,1,2,2,1,17,4,125,1,9,Honda CBR125R,2,E01030023,0,-1
2020070376396,2020,070376396,1,2,0,13,13,6,2,0,0,1,2,0,0,0,1,1,6,6,1,30,6,125,1,9,-1,4,E01018712,0,-1
2020010241737,2020,010241737,1,3,0,14,14,3,7,0,0,1,0,0,0,0,4,1,6,6,1,35,6,125,1,8,Honda CBR125R,5,E01001960,0,-1
2020552000763,2020,552000763,1,4,0,13,13,8,4,0,0,8,1,0,0,0,1,1,2,2,1,25,5,125,1,9,Honda CBR125R,4,E01020394,0,-1
2020070260406,2020,070260406,1,3,0,16,19,3,7,0,0,0,1,0,7,9,1,1,6,6,1,17,4,124,1,9,MAKE AND MODEL REDACTED,-1,-1,0,-1
2020420963566,2020,420963566,1,9,0,9,9,5,3,0,0,6,0,0,0,0,1,1,6,6,2,77,11,1997,1,15,-1,-1,-1,0,-1
2020547182420,2020,547182420,1,9,0,5,5,7,3,0,0,1,0,0,0,0,1,1,6,6,1,74,10,1991,2,14,-1,8,E01031900,0,-1
2020010274153,2020,010274153,1,9,0,5,5,0,1,0,0,0,0,4,0,0,3,1,6,6,1,84,11,2000,1,17,-1,3,E01001170,0,-1
202031D056820,2020,31D056820,2,9,0,18,19,7,3,0,0,8,0,0,0,0,1,1,1,1,1,39,7,2497,2,12,KIA SORENTO,10,E01025761,0,-1
2020201014146,2020,201014146,1,9,0,5,5,8,4,0,0,8,0,0,0,0,1,1,2,2,2,48,8,2199,2,3,KIA SORENTO,6,E01009802,0,-1
2020370979338,2020,370979338,1,9,-1,-1,-1,-1,-1,-1,-1,-1,-1,-1,-1,0,-1,1,6,6,1,-1,-1,2199,2,3,KIA SORENTO,8,E01030122,0,-1
2020610032820,2020,610032820,1,9,0,7,7,7,1,0,0,1,0,0,0,0,0,1,1,1,2,45,7,2497,2,11,KIA SORENTO,2,W01001371,0,-1
2020460921145,2020,460921145,1,9,0,18,19,8,4,0,0,0,0,0,0,0,0,1,6,6,2,38,7,2199,2,6,KIA SORENTO,8,E01024723,0,-1
202063A018820,2020,63A018820,1,9,0,18,19,7,3,9,9,1,0,0,7,10,3,1,6,6,2,68,10,2199,2,2,KIA SORENTO,10,W01000640,0,-1
2020360981265,2020,360981265,1,9,3,18,19,7,3,0,0,0,0,0,0,0,1,1,5,6,1,55,8,2199,2,10,KIA SORENTO,2,E01033279,0,-1
2020350996224,2020,350996224,1,9,0,18,19,7,3,0,0,0,0,0,0,0,2,1,5,6,2,45,7,2497,2,13,KIA SORENTO,3,E01017971,0,-1
2020430272741,2020,430272741,2,9,0,3,3,8,4,0,0,1,0,0,0,0,2,1,6,6,2,40,7,2199,2,4,KIA SORENTO,10,E01017402,0,-1
2020411005042,2020,411005042,2,9,0,18,19,1,5,0,0,1,0,0,0,0,1,1,6,6,1,43,7,2199,2,2,KIA SORENTO,2,E01001830,0,-1
2020501015598,2020,501015598,2,9,0,17,19,7,4,0,0,1,0,0,0,0,4,1,5,6,2,58,9,2497,2,15,KIA SORENTO,5,E01018900,0,-1
2020137AS0814,2020,137AS0814,1,9,0,18,19,7,3,0,0,0,0,0,0,0,1,1,1,1,1,-1,-1,2199,2,3,KIA SORENTO,-1,-1,0,-1
2020552000247,2020,552000247,3,9,0,2,2,0,0,0,0,0,0,0,0,0,2,1,6,6,3,-1,-1,2497,2,14,KIA SORENTO,-1,-1,0,-1
2020361007918,2020,361007918,1,9,0,5,5,7,6,0,0,6,0,0,0,0,1,1,5,6,2,59,9,2497,2,13,KIA SORENTO,5,E01026940,0,-1
2020400936414,2020,400936414,1,9,0,18,19,2,6,0,0,0,1,0,1,9,3,1,5,6,2,40,7,2199,2,4,KIA SORENTO,10,E01017611,0,-1
2020052001488,2020,052001488,1,9,0,18,19,6,2,0,0,8,0,0,0,0,1,1,6,6,1,48,8,2199,2,10,KIA SORENTO,2,E01006564,0,-1
2020370962892,2020,370962892,1,9,0,9,9,5,3,0,0,1,0,0,0,0,1,1,2,2,1,75,10,2497,2,15,KIA SORENTO,5,E01030105,0,-1
202031C177020,2020,31C177020,1,9,0,14,14,3,7,0,0,0,0,0,0,0,3,1,6,6,2,48,8,2199,2,8,KIA SORENTO,1,E01013962,0,-1
2020122000995,2020,122000995,2,9,0,2,2,0,0,0,0,1,0,0,0,0,4,1,6,6,2,36,7,2199,2,1,KIA SORENTO,10,E01027855,0,-1
2020140935341,2020,140935341,1,9,0,18,19,7,1,0,0,8,0,0,0,0,3,2,5,6,2,32,6,2497,2,15,KIA SORENTO,1,E01007628,0,-1
202006K169453,2020,06K169453,2,9,0,16,19,4,8,0,0,1,0,0,0,0,2,1,6,6,1,62,9,2199,2,10,KIA SORENTO,2,E01005708,0,-1
2020010251075,2020,010251075,2,9,0,9,9,5,2,0,0,0,0,0,0,0,2,1,6,6,1,54,8,2497,2,13,KIA SORENTO,6,E01002166,0,-1
2020420939625,2020,420939625,2,9,0,18,19,3,7,0,0,1,0,0,0,0,3,1,5,6,1,61,9,2497,2,13,KIA SORENTO,3,E01033051,0,-1
2020220974360,2020,220974360,1,9,0,11,11,2,6,0,0,3,0,0,0,0,4,1,5,6,1,67,10,2497,2,15,KIA SORENTO,9,E01032324,0,-1
2020990955438,2020,990955438,2,9,0,18,19,7,3,0,0,0,0,0,1,0,3,1,2,2,2,42,7,2199,2,5,KIA SORENTO,4,-1,0,-1
2020010228281,2020,010228281,3,9,0,4,4,7,3,0,0,0,0,0,0,0,2,1,6,6,1,28,6,2199,2,4,KIA SORENTO,2,E01004584,0,-1
202006L178473,2020,06L178473,2,9,0,18,19,7,3,0,0,8,0,0,0,0,1,1,6,6,1,66,10,2497,2,11,KIA SORENTO,7,E01006231,0,-1
2020990987165,2020,990987165,1,9,0,18,19,8,3,0,0,4,0,9,0,0,1,1,5,6,1,58,9,2199,2,1,KIA SORENTO,8,-1,0,-1
2020052000944,2020,052000944,1,9,0,18,19,3,7,0,0,8,0,0,0,0,3,1,1,1,1,50,8,2199,2,7,KIA SORENTO,4,E01006846,0,-1
2020110989506,2020,110989506,1,9,0,9,9,6,4,0,0,2,0,0,0,0,1,1,3,7,2,32,6,2500,2,17,KIA SORENTO,1,E01020639,0,-1
2020110935301,2020,110935301,1,9,0,18,19,7,3,0,0,0,0,0,0,0,4,1,6,6,3,-1,-1,2500,2,17,KIA SORENTO,-1,-1,0,-1
2020430307043,2020,430307043,2,9,0,18,19,8,4,0,0,1,0,0,0,0,3,1,6,6,1,47,8,2199,2,5,KIA SORENTO,-1,-1,0,-1
2020990978441,2020,990978441,2,9,0,3,3,7,3,4,4,0,0,0,0,0,2,1,5,6,2,78,11,2497,2,16,KIA SORENTO,2,-1,0,-1
2020040984611,2020,040984611,2,9,0,18,19,5,1,0,0,1,0,0,0,0,3,1,3,7,1,32,6,2497,2,15,KIA SORENTO,5,E01012690,0,-1
2020137131658,2020,137131658,1,9,0,18,19,2,6,0,0,0,0,0,0,0,4,1,6,6,1,70,10,2199,2,10,KIA SORENTO,7,E01011152,0,-1
2020461010444,2020,461010444,1,9,0,5,5,3,7,0,0,0,0,0,0,0,1,1,3,7,1,43,7,2199,2,0,KIA SORENTO,7,E01024317,0,-1
2020450932743,2020,450932743,2,9,0,11,11,3,7,0,0,2,0,0,1,0,4,1,1,1,1,42,7,2199,2,1,KIA SORENTO,7,E01030865,0,-1
2020140933370,2020,140933370,1,9,0,9,9,1,7,0,0,6,0,0,0,0,4,1,5,6,1,31,6,2497,2,15,KIA SORENTO,1,E01007466,0,-1
2020500921404,2020,500921404,2,9,0,9,9,5,7,0,0,1,0,0,0,0,3,1,5,6,1,47,8,3500,1,17,KIA SORENTO,8,E01015165,0,-1
2020460984062,2020,460984062,3,9,0,18,19,7,3,0,0,0,0,0,0,0,1,1,1,1,1,44,7,2199,2,2,KIA SORENTO,9,E01023134,0,-1
2020990968600,2020,990968600,1,9,0,12,12,7,3,0,0,0,2,0,1,0,0,1,5,6,2,56,9,2497,2,11,KIA SORENTO,2,-1,0,-1
2020430059935,2020,430059935,1,9,0,10,10,5,3,0,0,1,0,0,0,0,1,1,3,7,2,42,7,2199,2,7,KIA SORENTO,4,E01016360,0,-1
2020350970035,2020,350970035,1,9,0,7,7,1,3,0,0,1,0,0,0,0,1,1,6,6,1,54,8,2199,2,3,KIA SORENTO,10,E01018293,0,-1
2020420995775,2020,420995775,1,9,0,6,6,2,6,0,0,1,0,0,0,0,1,1,6,6,2,47,8,2199,2,1,KIA SORENTO,7,E01021505,0,-1
2020400972228,2020,400972228,1,9,0,18,19,2,6,0,0,1,0,0,0,0,1,1,5,6,1,38,7,2199,2,5,KIA SORENTO,6,E01018182,0,-1
2020302000212,2020,302000212,1,9,0,18,19,2,6,0,0,1,0,0,0,0,4,1,6,6,1,48,8,2497,2,15,KIA SORENTO,4,E01019519,0,-1
2020520004387,2020,520004387,1,9,0,18,19,3,7,0,0,0,2,10,0,0,3,1,6,6,1,45,7,2497,2,13,KIA SORENTO,8,E01014449,0,-1
2020010277740,2020,010277740,2,9,0,18,19,7,3,0,0,0,0,0,1,0,1,1,6,6,1,44,7,2500,2,17,KIA SORENTO,-1,-1,0,-1
202031B160120,2020,31B160120,2,9,0,17,19,4,1,0,0,8,0,0,0,0,1,1,2,2,1,58,9,2497,2,16,KIA SORENTO,4,E01028228,0,-1
2020010271993,2020,010271993,2,9,0,9,9,1,6,0,0,1,0,0,0,0,1,2,6,6,1,45,7,2199,2,6,KIA SORENTO,8,E01000913,0,-1
2020370940891,2020,370940891,1,9,0,3,3,1,5,0,0,0,0,0,0,0,1,1,2,2,2,23,5,2497,2,11,KIA SORENTO,8,E01030294,0,-1
202031B151220,2020,31B151220,2,9,0,18,19,3,7,0,0,8,0,0,0,0,1,1,1,1,1,46,8,2497,2,13,KIA SORENTO,3,E01028033,0,-1
2020461001818,2020,461001818,1,9,0,4,4,3,7,0,0,2,0,0,0,0,1,1,5,6,2,58,9,2500,2,17,KIA SORENTO,4,E01024262,0,-1
2020320420687,2020,320420687,2,9,0,18,19,7,3,0,0,8,0,0,7,2,4,1,6,6,1,69,10,2497,2,14,KIA SORENTO,9,E01026203,0,-1
2020220974337,2020,220974337,2,9,0,4,4,6,2,0,0,1,0,0,0,0,1,1,5,6,1,76,11,2497,2,14,KIA SORENTO,6,E01014082,0,-1
2020991008012,2020,991008012,1,9,0,18,19,5,1,0,0,8,0,0,0,0,4,1,5,6,1,42,7,2199,2,3,KIA SORENTO,8,-1,0,-1
2020450924096,2020,450924096,2,9,0,4,4,7,3,0,0,0,0,0,0,0,2,1,2,2,1,45,7,2199,2,9,KIA SORENTO,9,E01030425,0,-1
2020440104917,2020,440104917,1,9,0,18,19,7,3,0,0,0,0,0,7,9,3,1,2,2,1,24,5,2497,2,14,KIA SORENTO,10,E01022846,0,-1
2020122000400,2020,122000400,2,9,0,18,19,8,4,0,0,0,0,0,0,0,1,1,6,6,2,61,9,2199,2,5,KIA SORENTO,5,E01027796,0,-1
2020460924967,2020,460924967,1,9,0,18,19,8,4,0,0,0,0,0,1,0,1,1,5,6,1,45,7,2497,2,16,KIA SORENTO,7,E01024518,0,-1
2020010248409,2020,010248409,1,9,0,16,19,1,3,0,0,4,0,0,0,0,3,1,6,6,2,38,7,2199,2,2,KIA SORENTO,6,E01000407,0,-1
2020070561390,2020,070561390,1,9,0,4,4,6,2,0,0,1,0,0,0,0,1,1,6,6,2,-1,-1,2199,2,5,KIA SORENTO,3,E01018734,0,-1
2020040997361,2020,040997361,1,9,0,17,19,7,3,0,0,0,1,0,2,11,4,1,1,1,2,29,6,2199,2,2,KIA SORENTO,3,E01025097,0,-1
202063B025320,2020,63B025320,1,9,0,17,19,7,4,0,0,0,2,0,2,10,4,1,6,6,2,37,7,2497,2,15,KIA SORENTO,6,W01000524,0,-1
2020030964464,2020,030964464,2,9,0,18,19,3,7,0,0,1,0,0,7,0,1,1,6,6,1,57,9,2497,2,12,KIA SORENTO,5,E01019394,0,-1
202031B153020,2020,31B153020,1,9,0,17,19,2,6,0,0,0,2,0,1,9,1,1,6,6,1,43,7,2199,2,3,KIA SORENTO,6,E01028312,0,-1
2020210985955,2020,210985955,1,9,0,13,13,3,7,0,0,0,0,0,0,0,4,1,5,6,2,51,8,2199,2,9,KIA SORENTO,8,E01029792,0,-1
2020420951530,2020,420951530,2,9,0,18,19,2,6,0,0,1,0,0,0,0,3,1,5,6,1,55,8,2497,2,15,KIA SORENTO,8,E01021400,0,-1
20201374O1160,2020,1374O1160,1,9,0,18,19,1,5,0,0,0,0,0,0,0,1,1,6,6,1,52,8,2497,2,14,KIA SORENTO,1,E01010994,0,-1
2020360937628,2020,360937628,1,9,0,3,3,4,8,0,0,1,0,0,0,0,1,1,5,6,1,23,5,2500,2,17,KIA SORENTO,8,E01026561,0,-1
2020052000202,2020,052000202,3,9,0,18,19,3,7,0,0,1,0,0,0,0,1,1,2,2,1,66,10,2199,2,2,KIA SORENTO,7,E01012722,0,-1
2020211017057,2020,211017057,2,9,0,2,2,0,0,0,0,0,0,4,0,0,2,1,5,6,2,56,9,2497,2,15,KIA SORENTO,3,E01011786,0,-1
202031C175720,2020,31C175720,1,9,0,18,19,5,1,0,0,8,0,0,0,0,1,1,6,6,1,68,10,2497,2,15,KIA SORENTO,9,E01028095,0,-1
2020440240827,2020,440240827,2,9,0,1,1,0,1,0,0,1,0,0,0,0,2,1,6,6,3,-1,-1,2497,2,14,KIA SORENTO,-1,-1,0,-1