collision_index,collision_year,collision_ref_no,vehicle_reference,vehicle_type,towing_and_articulation,vehicle_manoeuvre_historic,vehicle_manoeuvre,vehicle_direction_from,vehicle_direction_to,vehicle_location_restricted_lane_historic,vehicle_location_restricted_lane,junction_location,skidding_and_overturning,hit_object_in_carriageway,vehicle_leaving_carriageway,hit_object_off_carriageway,first_point_of_impact,vehicle_left_hand_drive,journey_purpose_of_driver_historic,journey_purpose_of_driver,sex_of_driver,age_of_driver,age_band_of_driver,engine_capacity_cc,propulsion_code,age_of_vehicle,generic_make_model,driver_imd_decile,lsoa_of_driver,escooter_flag,driver_distance_banding
2020220986452,2020,220986452,1,9,0,9,9,1,7,0,0,5,0,0,0,0,1,1,5,6,1,47,8,2500,2,17,KIA SORENTO,1,E01032471,0,-1
2020040956606,2020,040956606,1,9,0,4,4,7,3,0,0,1,0,0,0,0,2,1,5,6,1,28,6,2497,2,14,KIA SORENTO,1,E01012596,0,-1
2020320041136,2020,320041136,1,9,0,10,10,5,1,0,0,1,0,0,0,0,1,1,6,6,2,40,7,2199,2,4,KIA SORENTO,9,E01032683,0,-1
2020070104732,2020,070104732,2,9,0,18,19,1,5,0,0,8,0,0,0,0,1,1,2,2,2,34,6,2199,2,8,KIA SORENTO,2,E01018685,0,-1
2020440005421,2020,440005421,2,9,0,13,13,7,3,0,0,0,0,0,0,0,4,1,6,6,1,57,9,2199,2,1,KIA SORENTO,7,E01022823,0,-1
2020350930691,2020,350930691,2,9,0,2,2,-1,-1,0,0,0,0,0,0,0,1,1,5,6,1,38,7,2199,2,2,KIA SORENTO,3,E01017978,0,-1
2020010249422,2020,010249422,2,9,0,3,3,8,4,0,0,8,0,0,0,0,2,1,6,6,1,40,7,2497,2,13,KIA SORENTO,-1,-1,0,-1
2020522000458,2020,522000458,1,9,0,18,19,1,1,0,0,0,0,0,0,0,0,1,6,6,1,59,9,2199,2,9,KIA SORENTO,8,E01014425,0,-1
2020070286104,2020,070286104,2,9,0,18,19,4,8,0,0,2,1,0,0,0,3,1,6,6,2,48,8,2199,2,4,KIA SORENTO,8,E01018707,0,-1
2020302001518,2020,302001518,2,9,0,16,19,4,8,0,0,0,0,0,0,0,3,1,6,6,1,-1,-1,2199,2,7,KIA SORENTO,5,E01019432,0,-1
2020421005629,2020,421005629,2,9,0,7,7,7,1,0,0,3,0,0,0,0,2,1,6,6,1,60,9,2199,2,3,KIA SORENTO,8,E01021708,0,-1
2020200963507,2020,200963507,2,9,0,18,19,8,4,0,0,8,0,10,1,11,1,1,5,6,1,37,7,2500,2,17,KIA SORENTO,1,E01010288,0,-1
2020990959959,2020,990959959,1,9,0,7,7,3,5,0,0,4,0,0,0,0,1,1,5,6,1,41,7,2199,2,9,KIA SORENTO,1,-1,0,-1
2020350975044,2020,350975044,2,9,0,5,5,5,2,5,5,1,0,0,0,0,1,1,5,6,1,53,8,2497,2,14,KIA SORENTO,5,E01018080,0,-1
2020460996110,2020,460996110,2,9,0,18,19,8,4,0,0,0,0,0,0,0,3,1,5,6,1,46,8,2497,2,13,KIA SORENTO,7,E01024572,0,-1
2020360976989,2020,360976989,2,9,0,9,9,6,5,0,0,1,0,0,1,0,3,1,5,6,1,42,7,2199,2,7,KIA SORENTO,7,E01030429,0,-1
2020302000160,2020,302000160,2,9,0,18,19,4,8,0,0,0,0,0,1,0,3,1,6,6,2,73,10,2199,2,1,KIA SORENTO,-1,-1,0,-1
2020040973460,2020,040973460,1,9,0,7,7,3,7,0,0,0,0,0,0,0,1,1,2,2,1,57,9,2199,2,5,KIA SORENTO,3,E01012585,0,-1
2020010280954,2020,010280954,2,9,0,17,19,1,6,0,0,7,0,0,0,0,0,1,6,6,1,51,8,2199,2,5,KIA SORENTO,9,E01017637,0,-1
2020010253527,2020,010253527,1,9,0,5,5,3,7,99,99,9,9,99,9,99,1,9,6,6,1,56,9,2500,2,17,KIA SORENTO,3,E01033744,0,-1
2020410967005,2020,410967005,1,9,0,7,7,5,1,0,0,6,0,0,0,0,1,1,6,6,2,41,7,2199,2,7,KIA SORENTO,7,E01023623,0,-1
2020010267938,2020,010267938,1,9,0,3,3,1,5,0,0,1,0,0,0,0,2,1,3,7,2,44,7,2199,2,3,KIA SORENTO,10,E01032624,0,-1
2020231001797,2020,231001797,1,9,0,13,13,4,8,0,0,0,0,0,0,0,0,1,5,6,2,38,7,2199,2,5,KIA SORENTO,3,E01009184,0,-1
2020500995356,2020,500995356,3,9,0,18,19,5,1,0,0,1,0,0,0,0,3,1,5,6,2,45,7,2497,2,14,KIA SORENTO,7,E01019935,0,-1
2020351008315,2020,351008315,1,9,0,18,19,3,7,0,0,4,1,0,3,0,1,1,5,6,1,72,10,2199,2,6,KIA SORENTO,6,E01018186,0,-1
2020160946042,2020,160946042,2,9,0,10,10,1,5,0,0,0,0,0,0,0,2,1,6,6,1,26,6,2199,2,5,KIA SORENTO,5,E01013200,0,-1
2020522003229,2020,522003229,1,3,0,18,19,8,4,0,0,0,0,0,0,0,1,1,6,6,1,17,4,125,1,0,KTM 125 DUKE,5,E01014804,0,-1
2020451003498,2020,451003498,1,3,0,18,19,3,7,0,0,0,0,0,0,0,3,1,5,6,1,17,4,125,1,9,KTM 125 DUKE,6,E01030721,0,-1
2020230989570,2020,230989570,1,3,0,18,19,8,4,0,0,0,0,0,0,0,2,1,2,2,1,27,6,125,1,3,KTM 125 DUKE,10,E01031318,0,-1
2020440294157,2020,440294157,2,3,0,18,19,2,6,0,0,2,0,0,0,0,1,1,6,6,1,18,4,125,1,5,KTM 125 DUKE,4,E01017110,0,-1
2020010236853,2020,010236853,2,3,0,16,19,4,6,0,0,0,5,0,0,0,1,1,2,2,1,18,4,125,1,1,KTM 125 DUKE,2,W01000856,0,-1
2020420962904,2020,420962904,1,3,0,18,19,3,7,0,0,1,0,0,0,0,1,1,5,6,1,22,5,125,1,2,KTM 125 DUKE,5,E01021410,0,-1
2020530982899,2020,530982899,1,3,0,10,10,1,7,0,0,0,0,10,1,0,2,1,6,6,1,-1,-1,125,1,0,KTM 125 DUKE,7,E01022299,0,-1
2020520002824,2020,520002824,1,3,0,18,19,5,1,0,0,8,0,0,0,0,1,1,6,6,1,19,4,125,1,8,KTM 125 DUKE,4,E01029338,0,-1
2020031005462,2020,031005462,2,3,0,18,19,3,7,0,0,1,0,0,0,0,4,1,5,6,1,19,4,125,1,2,KTM 125 DUKE,3,E01019089,0,-1
2020430249484,2020,430249484,1,3,0,18,19,4,8,0,0,8,0,0,0,0,1,1,6,6,1,18,4,125,1,3,KTM 125 DUKE,3,E01016389,0,-1
2020500984531,2020,500984531,2,3,0,17,19,7,3,0,0,0,0,0,0,0,1,1,6,6,1,18,4,125,1,4,KTM 125 DUKE,6,E01015222,0,-1
2020461000740,2020,461000740,2,3,0,4,4,1,5,0,0,0,2,0,0,0,3,1,5,6,1,20,4,125,1,2,KTM 125 DUKE,4,E01024296,0,-1
2020320363234,2020,320363234,1,3,0,18,19,4,8,0,0,0,0,0,1,0,1,1,6,6,2,35,6,125,1,1,KTM 125 DUKE,9,E01026320,0,-1
2020221007336,2020,221007336,2,3,0,18,19,3,7,0,0,8,0,0,0,0,1,1,2,2,1,24,5,125,1,2,KTM 125 DUKE,3,E01032321,0,-1
2020200953974,2020,200953974,2,4,0,18,19,6,2,0,0,8,0,0,0,0,4,1,6,6,1,40,7,125,1,9,KTM 125 DUKE,2,E01009407,0,-1
2020420966548,2020,420966548,1,3,0,17,19,1,5,0,0,0,0,0,7,11,1,1,6,6,1,31,6,125,1,3,KTM 125 DUKE,8,E01015970,0,-1
2020440202129,2020,440202129,2,4,0,18,19,2,6,0,0,0,0,0,0,0,3,1,6,6,1,17,4,125,1,8,KTM 125 DUKE,7,E01022777,0,-1
2020460943721,2020,460943721,1,3,0,18,19,7,3,0,0,0,0,0,0,0,1,1,5,6,1,23,5,125,1,3,KTM 125 DUKE,2,E01024192,0,-1
2020350967281,2020,350967281,1,3,0,16,19,5,1,0,0,8,1,0,7,0,1,1,6,6,1,20,4,125,1,2,KTM 125 DUKE,10,E01023659,0,-1
2020010276052,2020,010276052,2,3,0,13,13,1,5,0,0,8,0,0,0,0,1,1,2,2,1,31,6,125,1,1,KTM 125 DUKE,4,E01000733,0,-1
2020040965637,2020,040965637,1,3,0,18,19,1,5,0,0,0,0,0,0,0,1,1,5,6,1,25,5,125,1,8,KTM 125 DUKE,2,E01024941,0,-1
2020470976230,2020,470976230,1,3,0,13,13,4,8,0,0,0,0,0,0,0,4,1,6,6,1,17,4,125,1,2,KTM 125 DUKE,1,E01020980,0,-1
2020010239594,2020,010239594,1,3,0,99,99,9,9,99,99,9,9,99,9,99,9,-1,2,2,1,23,5,125,1,3,KTM 125 DUKE,4,E01018062,0,-1
2020010261053,2020,010261053,1,3,0,18,19,1,5,0,0,0,0,0,0,0,1,1,6,6,1,35,6,125,1,5,KTM 125 DUKE,3,E01001799,0,-1
2020420920329,2020,420920329,2,3,0,18,19,6,2,0,0,1,2,0,0,0,1,1,6,6,1,46,8,125,1,2,KTM 125 DUKE,5,E01021415,0,-1
2020340E09172,2020,340E09172,2,5,0,18,19,1,5,0,0,8,0,0,0,0,1,1,6,6,1,26,6,125,1,1,-1,6,E01027039,0,-1
2020501008747,2020,501008747,2,3,0,18,19,1,5,0,0,1,0,0,0,0,1,1,6,6,1,18,4,125,1,7,KTM 125 DUKE,3,E01015240,0,-1
2020990983079,2020,990983079,1,3,0,16,19,8,3,0,0,0,1,10,7,0,1,1,5,6,1,17,4,125,1,5,KTM 125 DUKE,7,-1,0,-1
2020010234019,2020,010234019,2,4,0,18,19,3,7,0,0,1,0,0,0,0,1,1,6,6,1,22,5,125,1,6,KTM 125 DUKE,1,E01003075,0,-1
2020070625850,2020,070625850,2,3,5,18,19,6,2,0,0,0,0,0,0,0,4,1,6,6,1,27,6,125,1,5,KTM 125 DUKE,8,E01018703,0,-1
2020610000220,2020,610000220,1,3,0,13,13,5,1,0,0,2,0,10,0,0,1,1,6,6,1,23,5,125,1,1,KTM 125 DUKE,4,W01001330,0,-1
2020430306241,2020,430306241,1,3,0,18,19,4,8,0,0,0,0,0,0,0,4,1,6,6,1,19,4,125,1,9,KTM 125 DUKE,10,E01016551,0,-1
2020432003174,2020,432003174,1,3,0,18,19,6,2,0,0,0,0,11,0,0,1,1,6,6,1,27,6,125,1,8,KTM 125 DUKE,4,E01016715,0,-1
2020010248256,2020,010248256,2,3,0,18,19,7,3,0,0,1,0,0,0,0,1,1,6,6,1,27,6,125,1,3,KTM 125 DUKE,3,E01021852,0,-1
2020420917760,2020,420917760,2,4,0,3,3,7,3,0,0,4,0,0,0,0,2,1,2,2,1,49,8,125,1,1,KTM 125 DUKE,-1,-1,0,-1
2020010238603,2020,010238603,1,3,0,18,19,2,6,0,0,1,0,10,0,0,3,1,2,2,1,38,7,125,1,4,KTM 125 DUKE,3,E01004336,0,-1
2020122001004,2020,122001004,1,4,0,18,19,5,1,0,0,8,1,0,0,0,0,1,1,1,1,30,6,125,1,3,KTM 125 DUKE,10,E01027718,0,-1
20201373S0331,2020,1373S0331,1,3,0,18,19,4,8,0,0,0,0,0,1,4,1,1,6,6,1,47,8,125,1,3,KTM 125 DUKE,10,E01011567,0,-1
2020010262554,2020,010262554,1,4,0,18,19,5,1,0,0,8,5,0,0,0,1,1,6,6,1,41,7,125,1,2,KTM 125 DUKE,-1,-1,0,-1
2020522003052,2020,522003052,1,5,0,18,19,1,5,0,0,1,0,0,0,0,0,1,6,6,1,29,6,125,1,1,-1,5,E01014925,0,-1
2020211013534,2020,211013534,1,4,0,18,19,6,2,0,0,0,1,0,1,0,1,1,6,6,1,19,4,125,1,7,KTM 125 DUKE,1,E01014366,0,-1
2020010239876,2020,010239876,3,3,0,18,19,1,5,0,0,0,0,0,0,0,1,1,1,1,1,39,7,125,1,2,KTM 125 DUKE,9,E01000658,0,-1
2020010268941,2020,010268941,3,4,0,99,99,9,9,99,99,9,9,99,9,99,1,1,6,6,3,21,5,125,1,2,KTM 125 DUKE,3,E01002645,0,-1
2020501007000,2020,501007000,2,3,0,18,19,3,7,0,0,8,0,0,0,0,1,1,6,6,1,47,8,125,1,8,KTM 125 DUKE,3,E01015032,0,-1
2020010248962,2020,010248962,1,3,0,18,19,4,8,0,0,3,1,10,0,0,1,1,6,6,1,20,4,125,1,0,KTM 125 DUKE,2,E01001959,0,-1
2020010259639,2020,010259639,1,3,0,99,99,9,9,99,99,0,9,99,9,99,1,1,6,6,1,26,6,125,1,1,KTM 125 DUKE,2,E01000221,0,-1
2020420968262,2020,420968262,2,4,0,18,19,7,3,0,0,0,0,0,0,0,0,1,6,6,1,17,4,125,1,2,KTM 125 DUKE,7,E01022088,0,-1
2020990946710,2020,990946710,2,3,0,18,19,1,1,0,0,0,0,0,0,0,3,1,6,6,1,23,5,125,1,0,KTM 125 DUKE,3,-1,0,-1
2020010268713,2020,010268713,1,3,0,18,19,1,5,0,0,1,0,0,0,0,1,1,2,2,1,22,5,125,1,1,KTM 125 DUKE,2,E01003097,0,-1
2020990993280,2020,990993280,2,3,0,16,19,8,4,0,0,2,0,0,0,0,1,1,6,6,1,28,6,125,1,1,KTM 125 DUKE,1,-1,0,-1
2020440394655,2020,440394655,1,3,0,15,15,7,1,0,0,8,0,0,1,2,3,1,6,6,1,17,4,125,1,2,KTM 125 DUKE,7,E01031421,0,-1
2020471004354,2020,471004354,2,3,0,18,19,3,7,0,0,0,0,0,0,0,4,1,5,6,1,24,5,125,1,1,KTM 125 DUKE,2,E01031371,0,-1
2020430272498,2020,430272498,2,3,0,18,19,3,7,0,0,8,0,10,7,0,1,1,6,6,1,22,5,125,1,7,KTM 125 DUKE,5,E01016374,0,-1
2020400985073,2020,400985073,1,3,0,13,13,7,5,0,0,1,0,0,0,0,4,1,5,6,1,18,4,125,1,1,KTM 125 DUKE,9,E01017549,0,-1
2020400921171,2020,400921171,1,4,0,18,19,3,3,0,0,0,0,0,0,0,1,1,5,6,1,31,6,125,1,7,KTM 125 DUKE,1,E01015771,0,-1
2020990958485,2020,990958485,1,3,0,13,13,3,7,0,0,0,0,0,0,0,3,1,5,6,1,17,4,125,1,0,KTM 125 DUKE,4,-1,0,-1
2020450966273,2020,450966273,1,3,0,18,19,5,1,0,0,4,0,0,0,0,1,1,5,6,1,31,6,125,1,4,KTM 125 DUKE,4,E01030364,0,-1
2020440040476,2020,440040476,2,3,0,18,19,3,7,0,0,8,0,0,0,0,1,1,6,6,1,17,4,125,1,1,KTM 125 DUKE,9,E01022768,0,-1
2020411023938,2020,411023938,1,3,0,18,19,4,8,0,0,1,0,0,0,0,1,1,6,6,1,20,4,125,1,2,KTM 125 DUKE,6,E01023722,0,-1
2020360937896,2020,360937896,2,3,0,18,19,2,6,0,0,2,0,0,0,0,1,1,5,6,1,30,6,125,1,7,KTM 125 DUKE,4,E01026733,0,-1
2020220997574,2020,220997574,2,3,0,18,19,4,8,0,0,8,0,10,7,0,1,1,5,6,1,17,4,125,1,7,KTM 125 DUKE,5,E01014178,0,-1
2020522001222,2020,522001222,2,3,0,4,4,4,8,0,0,1,0,0,0,0,2,1,6,6,1,35,6,125,1,9,KTM 125 DUKE,5,E01014973,0,-1
2020421005780,2020,421005780,2,3,0,-1,-1,-1,-1,-1,-1,0,-1,-1,-1,0,-1,1,5,6,2,19,4,125,1,7,KTM 125 DUKE,2,E01022046,0,-1
2020070279444,2020,070279444,1,4,0,18,19,7,3,0,0,0,2,4,0,0,2,1,6,6,2,26,6,125,1,8,KTM 125 DUKE,8,E01012387,0,-1
2020420934797,2020,420934797,1,3,0,13,13,3,7,0,0,1,5,0,0,0,4,1,5,6,1,28,6,125,1,7,KTM 125 DUKE,1,E01001788,0,-1
2020350962192,2020,350962192,2,3,0,18,19,6,2,0,0,8,0,0,0,0,1,1,1,1,1,40,7,125,1,2,KTM 125 DUKE,10,E01018237,0,-1
2020010245356,2020,010245356,2,3,0,18,19,3,7,0,0,8,0,0,0,0,1,1,6,6,1,29,6,125,1,8,KTM 125 DUKE,-1,-1,0,-1
2020010270417,2020,010270417,1,3,0,18,19,3,7,0,0,1,0,0,0,0,1,1,6,6,1,19,4,125,1,1,KTM 125 DUKE,1,E01001052,0,-1
2020420949805,2020,420949805,1,3,0,18,19,2,6,0,0,8,5,0,0,0,1,1,2,2,1,21,5,125,1,9,KTM 125 DUKE,5,E01021443,0,-1
2020010234447,2020,010234447,3,3,0,3,3,7,3,0,0,1,0,0,0,0,1,1,2,2,1,36,7,125,1,1,KTM 125 DUKE,8,E01001044,0,-1
2020137C91022,2020,137C91022,1,3,0,18,19,5,1,0,0,8,0,0,0,0,4,1,6,6,1,22,5,125,1,1,KTM 125 DUKE,-1,-1,0,-1
2020161006136,2020,161006136,1,3,0,18,19,5,1,0,0,8,0,0,0,0,1,1,6,6,1,18,4,125,1,8,KTM 125 DUKE,1,E01012779,0,-1
2020160977600,2020,160977600,2,3,0,13,13,6,2,0,0,8,0,0,0,0,1,1,6,6,1,18,4,125,1,5,KTM 125 DUKE,8,E01013028,0,-1
2020542365320,2020,542365320,2,3,0,18,19,1,5,0,0,8,0,0,0,0,1,1,6,6,1,19,4,125,1,2,KTM 125 DUKE,9,E01032099,0,-1
2020122001358,2020,122001358,2,3,0,17,19,3,6,0,0,8,1,0,0,0,2,1,6,6,1,39,7,124,1,16,-1,1,E01012928,0,-1
2020552000547,2020,552000547,1,3,0,7,7,4,8,0,0,8,1,0,0,0,4,1,6,6,1,23,5,124,1,5,LEXMOTO ZSB 125,8,E01020478,0,-1
2020430021523,2020,430021523,2,4,0,18,19,-1,-1,0,0,8,0,0,0,0,1,1,6,6,1,30,6,124,1,5,-1,2,E01016847,0,-1
2020430151292,2020,430151292,2,4,0,18,19,1,5,0,0,8,0,0,0,0,4,1,6,6,1,21,5,124,1,1,-1,5,E01016787,0,-1
2020440495072,2020,440495072,2,3,0,18,19,8,4,0,0,8,0,0,0,0,1,1,6,6,1,27,6,124,1,5,LEXMOTO ZSB 125,7,E01022710,0,-1
2020420986759,2020,420986759,2,3,0,18,19,2,4,0,0,0,0,0,0,0,4,1,5,6,1,25,5,124,1,4,LEXMOTO ZSB 125,1,E01022025,0,-1
2020440064675,2020,440064675,2,3,0,18,19,2,6,0,0,8,0,0,0,0,4,1,2,2,1,25,5,124,1,4,LEXMOTO ZSB 125,1,E01017167,0,-1
2020420970852,2020,420970852,1,3,0,7,7,1,7,0,0,0,1,0,0,0,3,1,5,6,1,22,5,124,1,4,LEXMOTO ZSB 125,3,E01033051,0,-1
2020040957000,2020,040957000,2,3,0,18,19,7,3,0,0,4,2,0,0,0,1,1,5,6,1,25,5,124,1,0,LEXMOTO ZSB 125,6,E01032928,0,-1
2020220932001,2020,220932001,2,3,0,18,19,5,1,0,0,8,0,0,0,0,3,1,5,6,1,60,9,124,1,5,LEXMOTO ZSB 125,5,E01032203,0,-1
2020360981033,2020,360981033,2,3,0,18,19,7,2,0,0,0,0,0,0,0,4,1,5,6,1,17,4,124,1,4,LEXMOTO ZSB 125,10,E01026709,0,-1
2020041001238,2020,041001238,1,3,0,18,19,1,5,0,0,0,1,0,0,0,1,1,5,6,1,36,7,124,1,0,LEXMOTO ZSB 125,2,E01012580,0,-1
2020990935361,2020,990935361,2,3,0,18,19,5,1,0,0,1,0,0,0,0,3,1,2,2,1,30,6,124,1,1,LEXMOTO ZSB 125,2,-1,0,-1
2020990972502,2020,990972502,1,3,0,12,12,5,2,0,0,0,0,0,0,0,3,1,2,2,1,19,4,124,1,4,LEXMOTO ZSB 125,3,-1,0,-1
2020320521711,2020,320521711,1,3,0,18,19,7,3,0,0,0,2,0,0,0,0,1,6,6,1,21,5,124,1,0,LEXMOTO ZSB 125,5,E01026287,0,-1
2020070208547,2020,070208547,2,4,4,17,19,4,1,0,0,0,0,0,0,0,3,1,1,1,1,17,4,124,1,0,-1,5,E01018480,0,-1
2020070460751,2020,070460751,2,3,0,5,5,3,1,0,0,4,0,0,0,0,3,1,1,1,1,20,4,124,1,0,LEXMOTO ZSB 125,1,E01012526,0,-1
2020470985694,2020,470985694,4,9,0,10,10,1,5,0,0,0,0,0,0,0,3,1,5,6,2,34,6,1798,1,12,MAZDA 5,4,E01031795,0,-1
2020320573448,2020,320573448,1,9,0,11,11,5,1,0,0,8,0,0,0,0,4,1,2,2,1,56,9,1998,2,12,MAZDA 5,2,E01026037,0,-1
2020411023903,2020,411023903,1,9,0,18,19,4,8,0,0,1,0,0,0,0,1,1,5,6,1,29,6,1998,2,12,MAZDA 5,7,E01023739,0,-1
202031C109520,2020,31C109520,2,9,0,18,19,5,1,0,0,0,0,0,0,0,1,1,6,6,2,39,7,1999,1,13,MAZDA 5,9,E01019641,0,-1
2020541974420,2020,541974420,1,9,0,18,19,2,6,0,0,1,0,0,0,0,1,1,6,6,2,55,8,1998,2,12,MAZDA 5,3,E01015530,0,-1
2020010276191,2020,010276191,2,9,0,99,99,9,9,99,99,9,9,99,9,99,2,9,6,6,3,55,8,1999,1,15,MAZDA 5,6,E01001163,0,-1
2020320476869,2020,320476869,1,9,0,18,19,3,7,0,0,0,1,0,7,9,1,1,6,6,2,36,7,1998,2,13,MAZDA 5,5,E01026284,0,-1
2020100989542,2020,100989542,1,9,0,18,19,5,1,0,0,4,0,0,0,0,1,1,6,6,1,64,9,1798,1,15,MAZDA 5,7,E01008519,0,-1
2020010255445,2020,010255445,1,9,9,99,99,9,9,99,99,9,9,99,9,99,9,9,6,6,2,46,8,1798,1,13,MAZDA 5,1,E01004236,0,-1
20201372L0846,2020,1372L0846,2,9,0,3,3,7,3,0,0,0,0,0,0,0,2,1,6,6,2,38,7,1560,2,5,MAZDA 5,7,E01013075,0,-1
202006M275457,2020,06M275457,2,9,0,18,19,1,5,0,0,8,0,0,0,0,3,1,6,6,2,53,8,1999,1,13,MAZDA 5,3,E01005115,0,-1
2020010279309,2020,010279309,1,9,0,18,19,1,5,0,0,0,0,0,0,0,1,1,1,1,2,44,7,1999,1,7,MAZDA 5,-1,-1,0,-1
2020450983471,2020,450983471,1,9,0,18,19,5,1,0,0,1,0,0,0,0,4,2,3,7,1,38,7,1999,1,13,MAZDA 5,4,E01030746,0,-1
2020350925618,2020,350925618,1,9,0,2,2,0,0,6,6,0,0,0,0,0,0,1,5,6,1,35,6,1998,2,13,MAZDA 5,8,E01033118,0,-1
2020010283921,2020,010283921,2,9,0,99,99,9,9,99,99,9,9,99,9,99,9,9,6,6,3,-1,-1,1798,1,15,MAZDA 5,2,E01001748,0,-1
2020460924041,2020,460924041,2,9,0,18,19,5,1,0,0,1,0,0,0,0,1,1,5,6,2,45,7,1798,1,12,MAZDA 5,3,E01024310,0,-1
2020010277273,2020,010277273,1,9,0,4,4,6,2,0,0,8,0,0,0,0,2,1,1,1,1,45,7,1798,1,9,MAZDA 5,2,E01004264,0,-1
2020302001527,2020,302001527,2,9,0,10,10,6,3,0,0,1,0,0,0,0,2,1,6,6,1,66,10,1998,2,11,MAZDA 5,2,E01019699,0,-1
2020140974437,2020,140974437,2,9,0,9,9,8,6,0,0,5,0,0,0,0,3,1,5,6,1,-1,-1,1999,1,13,MAZDA 5,8,E01028571,0,-1
2020140937436,2020,140937436,1,9,0,9,9,1,2,0,0,1,0,0,0,0,1,1,5,6,2,31,6,1798,1,10,MAZDA 5,3,E01007385,0,-1
2020500993759,2020,500993759,1,9,0,18,19,3,7,0,0,0,0,0,0,0,1,1,6,6,3,-1,-1,1998,2,12,MAZDA 5,-1,-1,0,-1
2020200950502,2020,200950502,1,9,0,5,5,7,3,0,0,1,0,0,0,0,1,1,2,2,1,52,8,1999,1,13,MAZDA 5,1,E01009700,0,-1
2020430055328,2020,430055328,1,9,0,18,19,8,4,0,0,4,0,0,0,0,1,1,1,1,2,40,7,1560,2,9,MAZDA 5,10,E01016426,0,-1
2020160936897,2020,160936897,1,9,0,18,19,4,8,0,0,1,0,0,0,0,1,1,6,6,1,-1,-1,1999,1,12,MAZDA 5,1,E01033110,0,-1
2020440193320,2020,440193320,2,9,0,18,19,2,6,0,0,8,0,0,0,0,1,1,6,6,1,41,7,1798,1,12,MAZDA 5,4,E01017297,0,-1
2020160956464,2020,160956464,1,9,0,18,19,8,4,0,0,0,2,0,0,0,1,1,2,2,1,46,8,1998,2,12,MAZDA 5,3,E01012872,0,-1
2020500941598,2020,500941598,1,9,0,18,19,3,7,0,0,0,0,0,0,0,1,1,6,6,2,40,7,1999,1,13,MAZDA 5,9,E01019895,0,-1
2020610020420,2020,610020420,4,9,0,2,2,0,0,0,0,0,0,0,0,0,1,1,6,6,2,32,6,1999,1,13,MAZDA 5,5,W01001383,0,-1
2020110980437,2020,110980437,3,9,0,18,19,7,3,0,0,1,1,0,1,0,1,1,5,6,1,39,7,1999,1,13,MAZDA 5,2,E01028227,0,-1
2020010284253,2020,010284253,2,9,0,18,19,5,1,0,0,0,0,0,0,0,1,1,6,6,1,40,7,1999,1,11,MAZDA 5,6,E01002659,0,-1
2020010231721,2020,010231721,1,9,0,5,5,3,7,9,9,0,0,0,0,0,3,1,6,6,1,65,9,1798,1,12,MAZDA 5,7,E01003696,0,-1
2020552000401,2020,552000401,2,9,0,2,2,0,0,0,0,0,0,0,0,0,4,1,6,6,3,-1,-1,1798,1,11,MAZDA 5,-1,-1,0,-1
2020411005906,2020,411005906,1,9,0,18,19,5,1,0,0,0,0,0,0,0,3,1,3,7,1,47,8,1999,1,10,MAZDA 5,9,E01023509,0,-1
2020420928328,2020,420928328,2,9,0,18,19,2,6,0,0,1,1,0,0,0,4,1,5,6,1,55,8,1798,1,13,MAZDA 5,5,E01002371,0,-1
2020010232846,2020,010232846,1,9,0,9,9,2,7,0,0,1,0,0,0,0,1,1,6,6,1,58,9,1999,1,14,MAZDA 5,3,E01003841,0,-1
2020522001811,2020,522001811,2,9,0,18,19,4,8,0,0,8,0,0,0,0,1,1,6,6,1,23,5,1798,1,14,MAZDA 5,1,E01014663,0,-1
2020010284079,2020,010284079,1,9,0,99,99,9,9,99,99,9,9,99,9,99,9,9,6,6,2,51,8,1999,1,14,MAZDA 5,10,E01002191,0,-1
2020010247962,2020,010247962,3,9,0,5,5,5,1,0,0,0,0,0,0,0,2,1,6,6,1,39,7,1798,1,10,MAZDA 5,2,E01003604,0,-1
202031C007420,2020,31C007420,2,9,0,3,3,5,1,0,0,8,0,0,0,0,4,1,6,6,1,45,7,1998,2,12,MAZDA 5,3,E01028209,0,-1
202006M172142,2020,06M172142,2,9,0,18,19,7,3,0,0,0,0,0,0,0,2,1,6,6,2,38,7,1798,1,13,MAZDA 5,1,E01005081,0,-1
2020010275074,2020,010275074,1,9,0,18,19,5,1,0,0,1,0,0,0,0,1,2,6,6,1,44,7,1999,1,12,MAZDA 5,2,E01003041,0,-1
202006K373439,2020,06K373439,3,9,0,2,2,0,0,9,9,4,0,0,0,0,2,1,6,6,1,32,6,1798,1,15,MAZDA 5,-1,-1,0,-1
2020200961476,2020,200961476,1,9,0,18,19,4,8,0,0,0,0,0,0,0,4,1,6,6,1,45,7,1998,2,11,MAZDA 5,1,E01032531,0,-1
2020201010520,2020,201010520,2,9,0,3,3,1,5,0,0,2,0,0,0,0,1,1,6,6,1,45,7,1798,7,8,MAZDA 5,1,E01009377,0,-1
2020340N04832,2020,340N04832,1,9,0,4,4,7,3,0,0,0,0,0,0,0,3,1,6,6,1,33,6,1999,1,14,MAZDA 5,2,E01027241,0,-1