collision_index,collision_year,collision_ref_no,vehicle_reference,vehicle_type,towing_and_articulation,vehicle_manoeuvre_historic,vehicle_manoeuvre,vehicle_direction_from,vehicle_direction_to,vehicle_location_restricted_lane_historic,vehicle_location_restricted_lane,junction_location,skidding_and_overturning,hit_object_in_carriageway,vehicle_leaving_carriageway,hit_object_off_carriageway,first_point_of_impact,vehicle_left_hand_drive,journey_purpose_of_driver_historic,journey_purpose_of_driver,sex_of_driver,age_of_driver,age_band_of_driver,engine_capacity_cc,propulsion_code,age_of_vehicle,generic_make_model,driver_imd_decile,lsoa_of_driver,escooter_flag,driver_distance_banding
2020351013186,2020,351013186,1,9,0,18,19,3,2,0,0,0,1,0,0,0,4,1,5,6,2,31,6,1999,1,9,MAZDA 5,1,E01015658,0,-1
2020070637451,2020,070637451,2,9,0,18,19,1,5,0,0,0,0,0,1,0,1,1,2,2,1,50,8,1999,1,9,MAZDA 5,8,E01018616,0,-1
2020220995787,2020,220995787,1,9,0,18,19,1,5,0,0,0,0,0,0,0,1,1,5,6,1,80,11,1798,1,13,MAZDA 5,6,E01019405,0,-1
2020440084659,2020,440084659,1,9,0,13,13,2,6,0,0,0,5,0,2,4,1,1,6,6,2,25,5,1796,1,17,-1,10,E01022203,0,-1
2020010259280,2020,010259280,2,3,0,18,19,6,2,0,0,2,5,0,0,0,1,1,6,6,1,20,4,125,1,0,-1,1,E01002095,0,-1
2020160999916,2020,160999916,3,3,0,18,19,1,5,0,0,1,2,0,0,0,3,1,1,1,1,26,6,125,1,0,-1,9,E01013115,0,-1
2020100953244,2020,100953244,1,5,0,18,19,2,6,0,0,0,0,0,0,0,1,1,5,6,1,63,9,600,1,2,-1,9,E01027437,0,-1
2020010242922,2020,010242922,1,3,0,3,3,1,5,0,0,6,0,0,0,0,2,1,6,6,1,49,8,1215,1,6,-1,2,E01004385,0,-1
2020220940322,2020,220940322,2,5,0,18,19,2,6,0,0,0,0,0,0,0,1,1,2,2,1,61,9,1215,1,5,Triumph TIGER,8,E01028887,0,-1
2020440437581,2020,440437581,2,5,0,18,19,3,7,0,0,8,0,0,0,0,1,1,6,6,1,56,9,800,1,9,Triumph TIGER,4,E01022484,0,-1
2020010281015,2020,010281015,1,5,4,4,4,3,7,0,0,1,2,8,0,0,1,1,6,6,1,25,5,1215,1,5,Triumph TIGER,9,E01021085,0,-1
2020052002009,2020,052002009,1,5,0,18,19,8,4,0,0,1,1,12,0,0,1,1,6,6,1,31,6,800,1,9,Triumph TIGER,1,E01006507,0,-1
2020450954876,2020,450954876,2,3,0,14,14,1,5,0,0,6,1,4,0,0,1,1,6,6,1,51,8,800,1,9,-1,5,E01030481,0,-1
2020990974206,2020,990974206,1,5,0,4,4,6,2,0,0,0,0,0,0,0,4,1,5,6,1,56,9,800,1,8,Triumph TIGER,4,E01020644,0,-1
2020500954769,2020,500954769,3,5,0,13,13,5,1,0,0,0,0,0,0,0,0,1,5,6,1,54,8,1215,1,8,Triumph TIGER,3,E01020323,0,-1
2020543164220,2020,543164220,2,5,0,18,19,5,1,0,0,0,0,0,0,0,1,1,6,6,1,63,9,1215,1,7,Triumph TIGER,7,E01032699,0,-1
2020122000469,2020,122000469,1,5,0,18,19,8,4,0,0,0,0,0,0,0,3,1,6,6,1,57,9,1215,1,8,Triumph TIGER,9,E01010642,0,-1
2020522000169,2020,522000169,2,5,0,14,14,2,6,0,0,0,0,0,0,0,0,1,6,6,1,60,9,800,1,8,Triumph TIGER,9,E01014443,0,-1
2020420957144,2020,420957144,2,5,0,18,19,7,3,0,0,3,0,0,0,0,4,1,5,6,1,47,8,800,1,6,Triumph TIGER,-1,-1,0,-1
2020201020617,2020,201020617,2,5,0,13,13,3,7,0,0,2,0,10,0,0,1,1,2,2,1,55,8,800,1,9,Triumph TIGER,3,E01008977,0,-1
2020450951511,2020,450951511,1,5,0,13,13,5,1,0,0,0,5,0,8,11,4,1,5,6,1,41,7,800,1,9,Triumph TIGER,7,E01002918,0,-1
2020070308058,2020,070308058,1,5,0,5,5,1,3,0,0,0,0,0,1,0,1,1,6,6,1,57,9,1215,1,5,Triumph TIGER,2,E01018467,0,-1
2020010234897,2020,010234897,1,5,0,13,13,3,7,0,0,1,0,0,0,0,0,1,1,1,1,62,9,800,1,6,Triumph TIGER,8,E01001925,0,-1
2020010275212,2020,010275212,1,5,0,14,14,7,3,0,0,0,0,0,0,0,1,1,2,2,1,30,6,1215,1,8,Triumph TIGER,3,E01004562,0,-1
2020552001045,2020,552001045,1,5,0,18,19,4,8,0,0,0,1,0,0,0,4,1,2,2,1,43,7,1215,1,7,Triumph TIGER,8,E01020416,0,-1
2020420973966,2020,420973966,1,3,0,14,14,8,4,0,0,1,0,0,0,0,1,1,5,6,1,53,8,1215,1,7,-1,2,E01021846,0,-1
2020470920479,2020,470920479,2,5,0,18,19,5,1,0,0,8,0,0,1,0,1,1,6,6,1,34,6,1215,1,8,Triumph TIGER,2,E01021179,0,-1
2020122000625,2020,122000625,2,5,0,18,19,5,1,0,0,8,0,0,0,0,1,1,6,6,1,56,9,1050,1,7,Triumph TIGER,8,E01027900,0,-1
2020470991604,2020,470991604,1,4,0,13,13,7,3,0,0,0,0,0,0,0,1,1,5,6,1,45,7,1215,1,6,-1,4,E01021004,0,-1
2020010266170,2020,010266170,2,5,0,99,99,9,9,99,99,9,9,99,9,99,1,1,6,6,3,53,8,800,1,9,Triumph TIGER,4,E01016097,0,-1
2020990984753,2020,990984753,1,5,0,13,13,6,2,0,0,0,0,0,0,0,3,1,5,6,1,61,9,1215,1,8,Triumph TIGER,10,-1,0,-1
2020211025099,2020,211025099,1,5,0,18,19,4,8,0,0,0,0,0,0,0,1,1,6,6,1,60,9,1215,1,7,Triumph TIGER,4,E01029528,0,-1
2020360969368,2020,360969368,2,5,0,11,11,7,3,0,0,4,0,0,0,0,4,1,6,6,1,47,8,800,1,8,Triumph TIGER,6,E01026505,0,-1
2020010247412,2020,010247412,1,5,0,5,5,1,5,0,0,4,0,0,0,0,2,-1,6,6,1,41,7,1215,1,5,Triumph TIGER,-1,-1,0,-1
2020360969854,2020,360969854,5,5,0,18,19,6,2,0,0,0,1,0,0,0,1,1,5,6,1,35,6,800,1,7,Triumph TIGER,4,E01030108,0,-1
2020370938626,2020,370938626,2,5,0,18,19,6,2,0,0,0,0,0,0,0,3,1,2,2,1,66,10,800,1,9,Triumph TIGER,8,E01030173,0,-1
2020100957846,2020,100957846,2,3,0,18,19,4,8,0,0,1,0,0,0,0,1,1,6,6,1,48,8,-1,-1,-1,-1,4,E01008445,0,-1
2020160952979,2020,160952979,1,3,0,18,19,7,3,0,0,0,0,10,0,0,4,1,5,6,1,21,5,-1,-1,-1,-1,1,E01012889,0,-1
2020052002224,2020,052002224,2,3,0,18,19,3,7,0,0,8,0,0,0,0,1,1,6,6,1,31,6,124,1,4,-1,6,E01006935,0,-1
2020170S10100,2020,170S10100,2,3,0,18,19,6,2,0,0,8,0,0,0,0,1,1,6,6,1,51,8,-1,-1,-1,-1,4,E01012192,0,-1
202006Q176491,2020,06Q176491,1,4,0,18,19,6,2,0,0,0,0,0,0,0,1,1,6,6,1,21,5,124,1,8,-1,1,E01005434,0,-1
2020110937005,2020,110937005,1,3,0,18,19,1,5,9,9,1,2,0,7,0,1,1,6,6,1,17,4,124,1,14,-1,2,E01020741,0,-1
2020460975652,2020,460975652,1,3,0,17,19,5,2,0,0,0,0,0,0,0,1,1,6,6,3,-1,-1,124,1,13,-1,-1,-1,0,-1
2020410953175,2020,410953175,1,3,0,18,19,6,8,0,0,1,0,0,0,0,1,1,5,6,1,17,4,124,1,12,-1,6,E01023606,0,-1
2020210941866,2020,210941866,1,5,0,17,19,5,6,0,0,0,0,0,0,0,4,1,5,6,1,57,9,750,1,7,-1,5,E01033413,0,-1
2020220980921,2020,220980921,1,5,0,18,19,3,7,0,0,1,1,0,0,0,1,1,5,6,1,71,10,750,1,8,-1,5,E01029540,0,-1
2020530936011,2020,530936011,1,21,0,5,5,5,1,0,0,0,0,0,2,0,1,1,5,6,1,41,7,-1,-1,-1,-1,2,E01014517,0,-1
2020990967361,2020,990967361,1,5,0,13,13,5,8,0,0,1,0,0,7,0,1,1,6,6,1,50,8,1170,1,11,-1,9,-1,0,-1
2020990942508,2020,990942508,1,5,0,4,4,6,8,0,0,0,1,0,8,0,1,1,5,6,1,45,7,1157,1,14,-1,6,-1,0,-1
2020430389042,2020,430389042,2,5,0,18,19,7,3,0,0,0,0,0,0,0,2,1,6,6,1,57,9,1157,1,15,-1,10,E01017882,0,-1
2020122000970,2020,122000970,1,5,0,17,19,6,3,0,0,0,1,0,1,0,1,1,6,6,1,44,7,1157,1,15,-1,8,E01027750,0,-1
2020332000124,2020,332000124,1,8,0,12,12,8,4,0,0,0,0,0,0,0,3,1,6,6,1,37,7,650,1,2,-1,4,E01013782,0,-1
2020122000535,2020,122000535,1,5,0,18,19,3,7,0,0,1,0,0,0,0,1,1,6,6,1,61,9,1285,1,5,-1,1,E01011661,0,-1
2020230961306,2020,230961306,1,4,0,18,19,1,5,0,0,4,1,0,1,0,1,1,5,6,1,29,6,1285,1,5,-1,3,E01013641,0,-1
2020410980354,2020,410980354,2,5,0,18,19,5,1,0,0,0,1,0,0,0,1,1,5,6,1,37,7,1285,1,5,-1,5,E01023905,0,-1
202006Q269455,2020,06Q269455,2,4,0,13,13,7,3,0,0,8,0,0,0,0,1,1,2,2,1,28,6,124,1,8,-1,8,E01005417,0,-1
2020040947007,2020,040947007,1,3,0,17,19,1,5,0,0,0,1,0,1,11,1,1,5,6,1,28,6,124,1,5,-1,1,E01012638,0,-1
2020010285843,2020,010285843,1,9,9,99,99,9,9,99,99,9,9,99,9,99,9,9,6,6,3,-1,-1,1248,2,9,-1,-1,-1,0,-1
2020522005043,2020,522005043,1,9,0,18,19,1,5,0,0,1,0,0,0,0,1,1,6,6,2,83,11,1248,2,7,-1,7,E01031974,0,-1
2020010284158,2020,010284158,1,9,0,3,3,5,1,0,0,1,0,0,0,0,2,1,6,6,1,25,5,1360,1,10,-1,1,E01003075,0,-1
2020340D07562,2020,340D07562,2,9,0,13,13,1,5,0,0,0,0,0,0,0,4,1,6,6,2,40,7,1248,2,8,-1,1,E01019808,0,-1
2020410982647,2020,410982647,3,9,0,2,2,0,0,6,6,0,0,0,1,0,0,1,6,6,2,56,9,1248,2,6,-1,10,E01023730,0,-1
2020010249399,2020,010249399,1,9,0,1,1,5,1,0,0,1,0,0,0,0,2,1,6,6,1,45,7,1360,1,7,-1,4,E01003658,0,-1
2020010274011,2020,010274011,2,9,0,99,99,9,9,99,99,9,9,99,9,99,9,9,6,6,3,-1,-1,1248,2,3,-1,4,E01002873,0,-1
2020542154420,2020,542154420,2,5,0,18,19,8,4,0,0,1,0,0,0,0,1,1,6,6,1,50,8,1585,1,9,-1,8,E01032050,0,-1
2020470970677,2020,470970677,2,5,0,18,19,5,1,0,0,8,0,0,0,0,4,1,5,6,1,44,7,1690,1,6,-1,5,E01021109,0,-1
2020220986129,2020,220986129,1,5,0,17,19,5,2,0,0,0,1,0,1,11,1,1,5,6,1,46,8,1585,1,10,-1,6,W01000635,0,-1
2020400921485,2020,400921485,1,5,0,16,19,4,8,0,0,0,1,0,0,0,0,1,2,2,1,28,6,1585,1,10,-1,4,E01017476,0,-1
2020420958655,2020,420958655,2,5,0,13,13,2,6,0,0,0,2,0,0,0,1,1,5,6,1,58,9,1690,1,5,-1,-1,-1,0,-1
2020010244491,2020,010244491,2,3,0,13,13,7,3,0,0,1,0,0,0,0,1,-1,6,6,1,18,4,125,1,4,HONDA MSX125,1,E01000602,0,-1
202006E471997,2020,06E471997,2,3,0,18,19,3,7,0,0,8,0,0,0,0,1,1,6,6,1,36,7,125,1,2,HONDA MSX125,2,E01006167,0,-1
2020522005114,2020,522005114,2,5,0,3,3,4,8,0,0,1,0,0,0,0,1,1,6,6,1,17,4,125,1,3,-1,6,E01014769,0,-1
2020440449159,2020,440449159,1,3,0,17,19,2,7,0,0,0,0,0,1,0,0,1,6,6,1,17,4,125,1,4,HONDA MSX125,4,E01022988,0,-1
2020460950955,2020,460950955,1,3,0,18,19,5,1,0,0,1,0,0,0,0,1,1,6,6,1,-1,-1,125,1,7,HONDA MSX125,2,E01024315,0,-1
2020010242047,2020,010242047,1,3,0,18,19,2,6,0,0,6,0,0,0,0,0,1,6,6,1,25,5,125,1,3,HONDA MSX125,-1,-1,0,-1
2020460987824,2020,460987824,1,3,0,4,4,6,2,0,0,1,0,0,0,0,1,1,6,6,2,18,4,125,1,6,HONDA MSX125,6,E01024367,0,-1
2020210936353,2020,210936353,2,3,0,13,13,3,7,0,0,0,0,0,0,0,1,1,6,6,1,33,6,125,1,6,HONDA MSX125,2,E01029362,0,-1
2020010277063,2020,010277063,2,3,0,18,19,6,2,0,0,0,2,0,0,0,4,1,6,6,2,46,8,125,1,0,HONDA MSX125,7,E01000309,0,-1
2020010258855,2020,010258855,1,3,0,18,19,5,1,0,0,0,0,0,0,0,1,1,6,6,1,42,7,125,1,4,HONDA MSX125,5,E01000071,0,-1
2020320362881,2020,320362881,2,3,0,18,19,1,5,0,0,0,0,0,0,0,1,1,2,2,1,20,4,125,1,4,HONDA MSX125,5,E01026027,0,-1
2020161007947,2020,161007947,2,3,0,13,13,7,3,0,0,1,0,0,0,0,1,1,6,6,1,23,5,125,1,6,HONDA MSX125,1,E01012836,0,-1
2020500980458,2020,500980458,2,3,0,18,19,1,5,0,0,8,1,0,0,0,0,1,5,6,1,18,4,125,1,5,HONDA MSX125,2,E01015190,0,-1
2020470935752,2020,470935752,1,3,0,18,19,8,4,0,0,1,0,0,0,0,1,1,5,6,2,19,4,125,1,1,HONDA MSX125,5,E01021211,0,-1
2020010251208,2020,010251208,2,3,0,18,19,3,7,0,0,8,0,11,0,0,1,1,6,6,1,19,4,125,1,4,HONDA MSX125,5,E01002302,0,-1
2020470971663,2020,470971663,2,3,0,13,13,7,3,0,0,1,0,0,0,0,1,1,5,6,1,25,5,125,1,4,HONDA MSX125,8,E01031560,0,-1
2020420940412,2020,420940412,2,3,0,18,19,7,3,0,0,8,0,0,0,0,1,1,6,6,1,24,5,125,1,1,HONDA MSX125,7,E01015837,0,-1
2020500957377,2020,500957377,1,3,0,16,19,6,2,0,0,0,0,0,0,0,1,1,5,6,1,21,5,125,1,2,HONDA MSX125,8,E01020190,0,-1
202054B793520,2020,54B793520,1,3,0,18,19,3,7,0,0,1,0,0,0,0,1,1,6,6,1,32,6,125,1,6,HONDA MSX125,10,E01031948,0,-1
2020230976063,2020,230976063,1,3,0,18,19,4,8,0,0,8,0,10,1,0,0,1,5,6,1,19,4,125,1,0,HONDA MSX125,9,E01031148,0,-1
2020990974912,2020,990974912,1,3,0,16,19,7,2,0,0,0,1,0,7,9,1,1,5,6,1,19,4,125,1,3,HONDA MSX125,8,-1,0,-1
2020470984747,2020,470984747,1,3,0,18,19,3,7,0,0,0,0,0,1,0,1,1,5,6,1,21,5,125,1,2,HONDA MSX125,6,E01031796,0,-1
2020052000912,2020,052000912,2,3,0,18,19,5,1,0,0,8,0,0,0,0,1,1,6,6,1,41,7,125,1,3,HONDA MSX125,4,E01012469,0,-1
2020470918221,2020,470918221,1,3,0,18,19,7,3,0,0,0,0,0,0,0,1,1,6,6,1,23,5,125,1,2,HONDA MSX125,4,E01021060,0,-1
2020370952292,2020,370952292,2,3,0,18,19,7,3,0,0,0,0,0,0,0,2,1,5,6,1,35,6,125,1,2,HONDA MSX125,3,E01030139,0,-1
2020070616908,2020,070616908,2,3,0,18,19,5,1,0,0,0,0,0,7,11,1,1,2,2,1,27,6,125,1,1,HONDA MSX125,2,E01004858,0,-1
2020010248076,2020,010248076,2,3,0,18,19,0,1,0,0,1,5,4,0,0,4,1,6,6,1,26,6,125,1,3,HONDA MSX125,-1,-1,0,-1
2020122000502,2020,122000502,1,4,0,18,19,7,3,0,0,1,1,0,0,0,1,1,6,6,1,22,5,125,1,4,-1,9,E01010706,0,-1
2020010255758,2020,010255758,1,3,0,99,99,9,9,99,99,9,9,99,9,99,2,1,6,6,1,51,8,125,1,4,HONDA MSX125,3,E01003536,0,-1
2020530951972,2020,530951972,1,3,0,18,19,5,1,0,0,0,0,0,0,0,1,1,5,6,1,31,6,125,1,2,HONDA MSX125,6,E01022414,0,-1
2020052000988,2020,052000988,1,4,0,18,19,8,4,0,0,1,0,0,0,0,1,1,6,6,1,17,4,125,1,4,-1,7,E01007222,0,-1
2020500945646,2020,500945646,2,3,0,18,19,5,1,0,0,1,0,0,0,0,4,1,1,1,2,36,7,125,1,2,HONDA MSX125,3,E01020218,0,-1
2020470971633,2020,470971633,2,3,0,18,19,1,5,0,0,8,0,0,0,0,1,1,2,2,1,55,8,125,1,3,HONDA MSX125,5,E01031585,0,-1
2020320039945,2020,320039945,2,3,0,18,19,3,7,0,0,1,0,0,0,0,1,1,6,6,1,27,6,125,1,6,HONDA MSX125,-1,-1,0,-1
2020040924530,2020,040924530,1,3,0,9,9,3,3,0,0,8,0,0,0,0,4,1,1,1,2,19,4,125,1,6,HONDA MSX125,6,E01007033,0,-1
2020990978413,2020,990978413,2,4,0,4,4,1,5,0,0,0,0,0,0,0,2,1,5,6,1,28,6,125,1,6,-1,2,-1,0,-1
2020030972980,2020,030972980,1,3,0,17,19,2,6,0,0,2,0,0,0,0,4,1,5,6,1,81,11,125,1,3,HONDA MSX125,8,E01005571,0,-1
2020470983377,2020,470983377,1,3,0,17,19,2,8,0,0,1,1,0,1,0,3,1,5,6,2,19,4,125,1,6,HONDA MSX125,9,E01030823,0,-1
2020501011674,2020,501011674,2,3,0,18,19,2,6,0,0,1,5,0,1,0,3,1,1,1,1,34,6,125,1,5,HONDA MSX125,9,E01015121,0,-1
2020460992420,2020,460992420,2,3,0,4,4,3,7,0,0,0,0,0,0,0,3,1,2,2,1,28,6,125,1,6,HONDA MSX125,4,E01024358,0,-1
202006P269324,2020,06P269324,2,4,0,18,19,1,5,0,0,1,0,0,0,0,1,1,2,2,2,29,6,125,1,2,-1,3,E01005479,0,-1
2020230939681,2020,230939681,2,3,0,18,19,8,4,0,0,8,0,0,0,0,1,1,5,6,1,35,6,125,1,3,HONDA MSX125,6,E01031049,0,-1
2020010234979,2020,010234979,2,3,0,9,9,3,1,0,0,4,5,0,0,0,1,1,2,2,2,19,4,125,1,5,HONDA MSX125,10,E01003886,0,-1
2020440431285,2020,440431285,1,3,0,18,19,3,7,0,0,3,0,0,0,0,1,1,6,6,1,18,4,125,1,5,HONDA MSX125,8,E01022815,0,-1
2020470993272,2020,470993272,2,3,0,18,19,3,7,0,0,8,0,0,0,0,1,1,6,6,3,18,4,125,1,3,HONDA MSX125,9,E01031728,0,-1
2020552001086,2020,552001086,2,3,0,13,13,3,7,0,0,8,1,0,0,0,1,1,2,2,1,19,4,125,1,4,HONDA MSX125,4,E01015339,0,-1
2020451005915,2020,451005915,1,3,0,18,19,4,2,0,0,1,1,0,1,4,1,1,5,6,1,20,4,125,1,1,HONDA MSX125,10,E01030590,0,-1
2020501005343,2020,501005343,1,3,0,18,19,1,5,0,0,0,0,10,1,0,4,1,5,6,1,17,4,125,1,5,HONDA MSX125,1,E01015180,0,-1
2020122000374,2020,122000374,1,3,0,18,19,3,7,0,0,0,1,0,0,0,4,1,1,1,1,59,9,125,1,1,HONDA MSX125,3,E01027865,0,-1
2020010251342,2020,010251342,2,3,0,13,13,3,7,0,0,0,0,0,0,0,4,1,2,2,1,23,5,125,1,3,HONDA MSX125,9,E01000346,0,-1
2020470972902,2020,470972902,1,3,0,18,19,2,6,0,0,8,5,0,0,0,1,1,5,6,2,31,6,125,1,4,HONDA MSX125,7,E01031540,0,-1
2020440423566,2020,440423566,1,3,0,18,19,4,8,0,0,0,1,0,0,0,0,1,6,6,1,18,4,125,1,4,HONDA MSX125,4,E01023088,0,-1
2020137AJ1761,2020,137AJ1761,2,3,0,18,19,3,7,0,0,4,0,0,0,0,1,1,6,6,1,23,5,125,1,2,HONDA MSX125,1,E01010607,0,-1
2020160978056,2020,160978056,2,3,0,18,19,7,3,0,0,0,0,0,0,0,1,1,5,6,1,17,4,125,1,4,HONDA MSX125,5,E01012902,0,-1
2020302000225,2020,302000225,1,3,0,16,19,5,2,0,0,0,1,0,2,7,4,1,2,2,1,42,7,125,1,5,HONDA MSX125,1,E01013533,0,-1
2020460977637,2020,460977637,1,3,0,18,19,7,3,0,0,0,1,0,0,0,1,1,5,6,1,51,8,125,1,2,HONDA MSX125,2,E01024397,0,-1
2020461003213,2020,461003213,2,3,0,18,19,5,1,0,0,2,0,0,0,0,1,1,6,6,1,18,4,125,1,3,HONDA MSX125,7,E01024801,0,-1
2020010273692,2020,010273692,1,3,0,99,99,9,9,99,99,9,9,99,9,99,9,1,6,6,1,20,4,125,1,1,HONDA MSX125,2,E01033488,0,-1
2020230949745,2020,230949745,1,4,0,18,19,4,8,0,0,3,0,0,0,0,3,1,5,6,1,24,5,125,1,6,-1,4,E01031052,0,-1
2020040932663,2020,040932663,1,3,0,7,7,5,1,0,0,1,0,0,0,0,2,1,5,6,2,21,5,125,1,2,HONDA MSX125,1,E01006881,0,-1
2020010243568,2020,010243568,2,9,0,99,99,9,9,99,99,4,9,99,9,99,1,9,6,6,3,-1,-1,1991,2,16,-1,2,E01002281,0,-1
2020460964365,2020,460964365,1,9,0,4,4,3,7,0,0,0,0,0,0,0,1,1,5,6,1,28,6,1975,1,17,-1,5,E01016156,0,-1
2020070262090,2020,070262090,1,5,0,4,4,1,5,0,0,4,2,9,3,0,1,1,6,6,1,36,7,1000,1,4,Honda Model Missing,6,E01005769,0,-1
2020010264380,2020,010264380,1,3,0,99,99,9,9,99,99,9,9,99,9,99,9,1,6,6,1,39,7,125,1,4,Honda Model Missing,4,E01002050,0,-1
2020400999197,2020,400999197,2,9,0,18,19,3,7,0,0,3,0,0,0,0,4,1,5,6,1,45,7,3470,1,13,Honda Model Missing,4,E01017555,0,-1
2020010258600,2020,010258600,2,3,0,18,19,7,3,0,0,8,0,0,0,0,1,1,1,1,1,30,6,124,1,1,Honda Model Missing,-1,-1,0,-1
2020302000830,2020,302000830,1,9,0,18,19,2,6,0,0,0,5,0,8,4,3,1,6,6,1,21,5,2000,1,18,Honda Model Missing,10,E01019593,0,-1
2020010280218,2020,010280218,1,4,0,99,99,9,9,99,99,9,9,99,9,99,1,1,6,6,1,35,6,398,1,17,Honda Model Missing,6,E01001751,0,-1
2020440095477,2020,440095477,1,9,0,5,5,7,3,0,0,1,0,0,0,0,1,1,6,6,1,48,8,1339,1,18,Honda Model Missing,1,E01017102,0,-1
2020010277003,2020,010277003,1,3,0,99,99,9,9,99,99,9,9,99,9,99,1,1,6,6,1,18,4,110,1,0,Honda Model Missing,2,E01001006,0,-1
2020010253672,2020,010253672,1,9,0,99,99,9,9,99,99,9,9,99,9,99,9,9,6,6,1,35,6,1490,1,10,Honda Model Missing,1,E01004665,0,-1
2020010273120,2020,010273120,1,3,0,18,19,1,5,0,0,1,0,0,0,0,1,1,1,1,1,24,5,110,1,0,Honda Model Missing,3,E01003143,0,-1
2020302000629,2020,302000629,1,2,0,16,19,2,4,0,0,0,1,0,0,0,1,1,6,6,1,16,4,48,1,35,-1,4,E01013537,0,-1
202031C045320,2020,31C045320,2,9,0,18,19,5,1,0,0,8,0,0,0,0,1,1,6,6,2,42,7,998,1,8,PEUGEOT 107,4,E01013889,0,-1
2020470938560,2020,470938560,1,9,0,18,19,3,7,0,0,0,0,4,0,0,1,1,5,6,2,19,4,998,1,10,PEUGEOT 107,7,E01031387,0,-1
2020420980939,2020,420980939,2,9,0,18,19,4,1,0,0,4,0,0,0,0,2,1,1,1,2,21,5,998,1,13,PEUGEOT 107,6,E01021573,0,-1
2020540463720,2020,540463720,2,9,0,4,4,2,6,0,0,4,0,0,0,0,3,1,6,6,2,23,5,998,1,7,PEUGEOT 107,8,E01015561,0,-1
2020430266576,2020,430266576,2,9,0,9,9,2,8,0,0,6,0,0,0,0,1,1,2,2,2,23,5,998,1,15,PEUGEOT 107,6,E01028675,0,-1
202006F174056,2020,06F174056,2,9,0,18,19,7,3,0,0,0,0,0,0,0,2,1,6,6,2,25,5,998,1,10,PEUGEOT 107,6,E01005643,0,-1
2020500967878,2020,500967878,1,9,0,16,19,6,8,0,0,4,0,0,0,0,4,1,5,6,2,63,9,998,1,12,PEUGEOT 107,8,E01020190,0,-1
2020990951435,2020,990951435,2,9,0,10,10,8,4,0,0,0,0,0,0,0,3,1,2,2,2,21,5,998,1,14,PEUGEOT 107,5,-1,0,-1
2020541662520,2020,541662520,1,9,0,18,19,7,3,0,0,0,1,0,1,1,4,1,6,6,1,61,9,998,1,14,PEUGEOT 107,2,E01003288,0,-1
2020622001113,2020,622001113,1,9,0,4,4,8,4,0,0,1,0,0,0,0,1,1,6,6,1,63,9,998,1,9,PEUGEOT 107,5,W01000946,0,-1
2020010277628,2020,010277628,1,9,0,99,99,9,9,99,99,9,9,99,9,99,9,9,6,6,2,30,6,998,1,11,PEUGEOT 107,2,E01001464,0,-1
2020500947022,2020,500947022,1,9,0,18,19,2,6,0,0,0,0,0,0,0,1,1,6,6,2,28,6,998,1,13,PEUGEOT 107,4,E01018885,0,-1
2020460939386,2020,460939386,3,9,0,18,19,3,7,0,0,0,0,0,0,0,1,1,6,6,2,30,6,998,1,6,PEUGEOT 107,3,E01024126,0,-1
2020460963627,2020,460963627,2,9,0,5,5,5,1,0,0,0,0,0,0,0,2,1,2,2,2,62,9,998,1,10,PEUGEOT 107,4,E01024535,0,-1
2020100938971,2020,100938971,2,9,0,18,19,7,3,0,0,8,0,0,0,0,4,1,3,7,2,73,10,998,1,7,PEUGEOT 107,3,E01008476,0,-1
2020460956771,2020,460956771,1,9,0,9,9,6,2,0,0,1,0,0,0,0,3,1,5,6,1,18,4,998,1,12,PEUGEOT 107,9,E01024297,0,-1
2020430164968,2020,430164968,1,9,0,18,19,7,3,0,0,4,0,0,0,0,3,1,6,6,1,20,4,998,1,12,PEUGEOT 107,10,E01017799,0,-1
2020070737063,2020,070737063,1,9,0,18,19,3,7,0,0,0,1,0,7,0,1,1,6,6,1,68,10,998,1,13,PEUGEOT 107,3,E01018631,0,-1
2020370982583,2020,370982583,1,9,0,5,5,3,1,0,0,1,0,0,0,0,1,1,2,2,2,29,6,998,1,12,PEUGEOT 107,3,E01033046,0,-1
2020552000482,2020,552000482,2,9,0,5,5,8,4,0,0,0,0,0,0,0,0,1,6,6,1,43,7,998,1,9,PEUGEOT 107,9,E01015351,0,-1
2020070422835,2020,070422835,1,9,0,18,19,6,8,0,0,2,0,0,0,0,3,1,6,6,1,24,5,998,1,14,PEUGEOT 107,10,E01018346,0,-1
2020100946969,2020,100946969,1,9,0,16,19,3,7,0,0,0,0,0,0,0,1,1,5,6,2,38,7,998,1,6,PEUGEOT 107,1,E01008730,0,-1