collision_index,collision_year,collision_ref_no,vehicle_reference,vehicle_type,towing_and_articulation,vehicle_manoeuvre_historic,vehicle_manoeuvre,vehicle_direction_from,vehicle_direction_to,vehicle_location_restricted_lane_historic,vehicle_location_restricted_lane,junction_location,skidding_and_overturning,hit_object_in_carriageway,vehicle_leaving_carriageway,hit_object_off_carriageway,first_point_of_impact,vehicle_left_hand_drive,journey_purpose_of_driver_historic,journey_purpose_of_driver,sex_of_driver,age_of_driver,age_band_of_driver,engine_capacity_cc,propulsion_code,age_of_vehicle,generic_make_model,driver_imd_decile,lsoa_of_driver,escooter_flag,driver_distance_banding
2020041004215,2020,041004215,1,9,0,18,19,7,3,0,0,1,0,0,0,0,1,1,5,6,2,60,9,998,1,6,PEUGEOT 107,4,E01025335,0,-1
2020450955327,2020,450955327,2,9,0,18,19,3,7,0,0,1,0,0,0,0,1,1,1,1,2,21,5,998,1,9,PEUGEOT 107,8,E01030979,0,-1
2020360973023,2020,360973023,1,9,0,18,19,3,7,0,0,2,0,0,0,0,1,1,5,6,1,51,8,998,1,6,PEUGEOT 107,3,E01026639,0,-1
2020420970188,2020,420970188,2,9,0,3,3,3,6,0,0,0,0,0,0,0,2,1,5,6,1,77,11,998,1,8,PEUGEOT 107,6,E01021398,0,-1
2020470976801,2020,470976801,1,9,0,16,19,2,5,0,0,0,5,0,5,4,1,1,5,6,1,38,7,998,1,11,PEUGEOT 107,2,E01016854,0,-1
2020340S03802,2020,340S03802,1,9,0,18,19,5,1,0,0,0,0,0,0,0,1,1,6,6,2,18,4,998,1,7,PEUGEOT 107,10,E01017647,0,-1
2020010274849,2020,010274849,2,9,0,99,99,9,9,99,99,9,9,99,9,99,9,9,6,6,3,-1,-1,998,1,12,PEUGEOT 107,-1,-1,0,-1
2020990917517,2020,990917517,2,9,0,18,19,2,6,0,0,8,0,0,0,0,4,1,6,6,2,18,4,998,1,12,PEUGEOT 107,1,-1,0,-1
2020440474943,2020,440474943,2,9,0,7,7,5,7,0,0,8,0,0,0,0,1,1,6,6,2,31,6,998,1,12,PEUGEOT 107,2,E01033237,0,-1
2020552001056,2020,552001056,1,9,0,18,19,8,4,0,0,0,0,0,0,0,1,1,1,1,1,71,10,998,1,10,PEUGEOT 107,7,E01015424,0,-1
2020200985070,2020,200985070,2,9,0,18,19,6,2,0,0,8,0,0,0,0,4,1,6,6,2,61,9,998,1,8,PEUGEOT 107,5,E01009765,0,-1
2020170S30300,2020,170S30300,3,9,0,18,19,5,1,0,0,0,0,0,0,0,1,1,2,2,2,18,4,998,1,14,PEUGEOT 107,9,E01012231,0,-1
2020440480459,2020,440480459,2,9,0,9,9,7,5,0,0,8,0,0,0,0,1,1,6,6,2,-1,-1,998,1,9,PEUGEOT 107,-1,-1,0,-1
2020210990726,2020,210990726,1,9,0,9,9,3,1,0,0,6,0,0,0,0,1,1,6,6,1,17,4,998,1,15,PEUGEOT 107,4,E01014312,0,-1
2020137BP1169,2020,137BP1169,1,9,0,9,9,1,5,0,0,0,0,0,0,0,2,1,6,6,1,54,8,998,1,10,PEUGEOT 107,7,E01011550,0,-1
2020450992126,2020,450992126,1,9,0,18,19,1,1,0,0,0,0,0,0,0,2,1,6,6,2,25,5,998,1,8,PEUGEOT 107,10,E01030770,0,-1
2020400999504,2020,400999504,1,9,0,18,19,1,1,0,0,1,0,0,0,0,1,1,6,6,1,80,11,998,1,13,PEUGEOT 107,6,E01015718,0,-1
2020302001017,2020,302001017,2,9,0,3,3,4,8,0,0,0,0,0,0,0,2,1,6,6,1,22,5,998,1,7,PEUGEOT 107,9,E01028219,0,-1
2020010280712,2020,010280712,1,9,0,9,9,1,6,0,0,8,0,0,0,0,4,1,2,2,2,27,6,998,1,7,PEUGEOT 107,5,E01004503,0,-1
202031C152820,2020,31C152820,2,9,0,3,3,5,1,0,0,0,0,0,0,0,2,1,6,6,2,20,4,998,1,10,PEUGEOT 107,1,E01013871,0,-1
2020991005613,2020,991005613,2,9,0,18,19,4,8,0,0,0,0,0,7,0,1,1,5,6,1,52,8,998,1,12,PEUGEOT 107,7,-1,0,-1
2020552000577,2020,552000577,3,9,0,2,2,0,0,0,0,2,0,0,0,0,2,1,6,6,3,-1,-1,998,1,10,PEUGEOT 107,-1,-1,0,-1
2020610047920,2020,610047920,2,9,0,4,4,3,7,0,0,0,0,0,0,0,2,1,2,2,1,18,4,998,1,10,PEUGEOT 107,5,W01001328,0,-1
2020470979432,2020,470979432,1,9,0,11,11,7,3,0,0,8,0,0,0,0,0,1,6,6,3,-1,-1,998,1,9,PEUGEOT 107,-1,-1,0,-1
2020430333215,2020,430333215,1,9,0,9,9,2,8,0,0,5,0,0,0,0,1,1,6,6,1,23,5,998,1,11,PEUGEOT 107,10,E01017882,0,-1
2020137BE1475,2020,137BE1475,2,9,0,2,2,3,7,0,0,0,0,0,0,0,3,1,6,6,3,-1,-1,998,1,10,PEUGEOT 107,-1,-1,0,-1
2020350989728,2020,350989728,2,9,0,3,3,5,1,0,0,0,0,0,0,0,2,1,6,6,1,31,6,998,1,8,PEUGEOT 107,10,E01023655,0,-1
2020100924882,2020,100924882,1,9,0,14,14,5,1,0,0,0,0,0,0,0,4,1,6,6,2,27,6,998,1,7,PEUGEOT 107,8,E01008528,0,-1
2020010279272,2020,010279272,2,9,0,5,5,3,7,0,0,1,0,0,0,0,4,1,6,6,1,25,5,998,1,8,PEUGEOT 107,1,E01000153,0,-1
202031C152120,2020,31C152120,1,9,0,9,9,1,7,0,0,5,0,0,0,0,1,1,6,6,2,18,4,998,1,10,PEUGEOT 107,9,E01013980,0,-1
2020540284120,2020,540284120,2,9,0,3,3,6,2,0,0,1,0,0,0,0,2,1,6,6,2,54,8,998,1,9,PEUGEOT 107,6,E01031844,0,-1
2020140956559,2020,140956559,1,9,0,3,3,8,2,0,0,8,0,0,0,0,2,1,5,6,2,20,4,998,1,6,PEUGEOT 107,10,E01008044,0,-1
2020470972651,2020,470972651,3,9,0,18,19,3,7,0,0,0,1,0,1,0,1,1,2,2,2,23,5,998,1,12,PEUGEOT 107,8,E01031667,0,-1
2020500998325,2020,500998325,2,9,0,16,19,5,1,0,0,0,0,0,0,0,1,1,5,6,1,20,4,998,1,13,PEUGEOT 107,4,E01020302,0,-1
2020470959954,2020,470959954,1,9,0,18,19,1,5,0,0,1,1,0,0,0,4,1,6,6,1,39,7,998,1,11,PEUGEOT 107,8,E01031776,0,-1
2020010263308,2020,010263308,1,9,0,9,9,7,5,0,0,1,0,0,0,0,1,2,6,6,1,25,5,998,1,13,PEUGEOT 107,5,E01000443,0,-1
2020552000106,2020,552000106,1,9,0,1,1,5,3,0,0,0,0,0,0,0,2,1,6,6,2,25,5,998,1,11,PEUGEOT 107,3,E01015415,0,-1
2020010255442,2020,010255442,1,9,0,99,99,9,9,0,0,9,0,0,0,0,3,9,6,6,1,46,8,998,1,14,PEUGEOT 107,2,E01002310,0,-1
2020622000161,2020,622000161,1,9,0,4,4,8,5,0,0,1,0,0,0,0,1,1,6,6,2,23,5,998,1,13,PEUGEOT 107,6,W01001814,0,-1
2020010270789,2020,010270789,1,9,0,9,9,4,1,0,0,8,0,0,0,0,4,1,1,1,2,27,6,998,1,12,PEUGEOT 107,2,E01004223,0,-1
2020070092325,2020,070092325,1,9,0,16,19,1,5,0,0,2,0,0,0,0,4,1,2,2,2,38,7,998,1,14,PEUGEOT 107,6,E01006900,0,-1
2020440287278,2020,440287278,1,9,0,7,7,3,6,0,0,8,0,0,0,0,4,1,6,6,1,28,6,998,1,10,PEUGEOT 107,9,E01022697,0,-1
2020010255033,2020,010255033,3,9,0,2,2,0,0,0,0,2,0,0,0,0,3,1,6,6,3,-1,-1,998,1,7,PEUGEOT 107,-1,-1,0,-1
2020122000615,2020,122000615,1,9,0,18,19,5,1,0,0,0,1,0,1,10,4,1,6,6,2,18,4,998,1,14,PEUGEOT 107,6,E01027601,0,-1
2020161009658,2020,161009658,1,9,0,18,19,1,5,0,0,0,0,0,0,0,4,1,5,6,1,22,5,998,1,6,PEUGEOT 107,7,E01013294,0,-1
2020440186209,2020,440186209,1,9,0,4,4,7,3,0,0,1,0,0,0,0,2,1,6,6,2,19,4,998,1,8,PEUGEOT 107,3,E01023205,0,-1
2020410989550,2020,410989550,2,9,0,10,10,5,1,0,0,1,0,0,0,0,0,1,6,6,2,29,6,998,1,7,PEUGEOT 107,8,E01023893,0,-1
2020420940205,2020,420940205,2,9,0,18,19,-1,-1,0,0,1,0,0,0,0,1,1,1,1,2,33,6,998,1,11,PEUGEOT 107,3,E01030114,0,-1
2020440038263,2020,440038263,1,9,0,18,19,8,3,0,0,1,0,4,0,0,1,1,6,6,2,67,10,998,1,10,PEUGEOT 107,8,E01032871,0,-1
2020552000925,2020,552000925,1,9,0,18,19,2,6,0,0,0,0,0,0,0,1,1,6,6,2,57,9,998,1,7,PEUGEOT 107,7,E01020465,0,-1
2020070634183,2020,070634183,2,9,0,18,19,3,7,0,0,1,0,0,0,0,1,1,6,6,1,46,8,998,1,13,PEUGEOT 107,2,E01018467,0,-1
2020302001160,2020,302001160,1,9,0,3,3,7,2,0,0,1,0,0,0,0,2,1,6,6,2,29,6,998,1,6,PEUGEOT 107,5,E01013519,0,-1
2020201021969,2020,201021969,2,9,0,18,19,6,8,0,0,8,5,10,1,0,4,1,1,1,1,39,7,998,1,15,PEUGEOT 107,3,E01033626,0,-1
2020500942283,2020,500942283,1,9,0,18,19,1,6,0,0,0,1,0,7,11,3,1,4,7,1,17,4,998,1,11,PEUGEOT 107,6,E01020312,0,-1
2020201007628,2020,201007628,1,9,0,18,19,7,3,0,0,1,0,0,0,0,1,1,6,6,2,27,6,998,1,15,PEUGEOT 107,1,E01010367,0,-1
2020140970139,2020,140970139,1,9,0,18,19,2,7,0,0,1,1,0,0,0,1,1,6,6,1,18,4,998,1,8,PEUGEOT 107,1,E01007716,0,-1
2020140967336,2020,140967336,1,9,0,3,3,1,5,0,0,0,0,0,0,0,2,1,6,6,2,28,6,998,1,10,PEUGEOT 107,7,E01007973,0,-1
2020010272068,2020,010272068,2,9,0,99,99,9,9,99,99,9,9,99,9,99,1,9,6,6,3,45,7,998,1,13,PEUGEOT 107,2,E01004615,0,-1
2020200931875,2020,200931875,2,9,0,18,19,6,2,0,0,8,0,0,0,0,3,1,6,6,2,49,8,998,1,10,PEUGEOT 107,1,E01009569,0,-1
2020052002135,2020,052002135,1,9,0,18,19,6,2,0,0,8,0,0,0,0,3,1,6,6,1,64,9,1997,2,17,PEUGEOT 406,3,E01007058,0,-1
2020530984826,2020,530984826,1,9,0,18,19,5,1,0,0,1,5,0,1,0,4,1,5,6,1,53,8,2088,2,23,PEUGEOT 406,6,E01029218,0,-1
2020470970072,2020,470970072,1,9,0,9,9,4,1,0,0,8,0,0,0,0,4,1,5,6,1,43,7,1997,1,19,PEUGEOT 406,5,E01021084,0,-1
2020520100524,2020,520100524,1,9,0,16,19,8,4,0,0,0,0,0,0,0,1,1,6,6,1,72,10,1997,2,19,PEUGEOT 406,6,E01029181,0,-1
2020010245843,2020,010245843,2,9,0,99,99,9,9,99,99,0,9,99,9,99,2,9,6,6,3,-1,-1,1997,2,17,PEUGEOT 406,5,E01003779,0,-1
2020501014477,2020,501014477,1,9,0,4,4,1,4,0,0,1,0,0,0,0,1,1,6,6,2,43,7,1997,2,17,PEUGEOT 406,5,E01018900,0,-1
2020450979124,2020,450979124,1,9,0,18,19,3,7,0,0,8,0,0,0,0,1,1,5,6,1,63,9,1997,2,17,PEUGEOT 406,10,E01030375,0,-1
2020220960612,2020,220960612,1,9,0,9,9,6,4,0,0,6,0,0,0,0,1,1,5,6,1,75,10,1997,2,17,PEUGEOT 406,5,E01028828,0,-1
2020360928567,2020,360928567,1,9,0,18,19,3,7,0,0,0,0,0,1,4,4,1,1,1,1,60,9,1997,2,17,PEUGEOT 406,3,E01026455,0,-1
2020500983840,2020,500983840,1,9,0,18,19,3,7,0,0,1,0,0,0,0,1,1,5,6,1,30,6,1997,2,17,PEUGEOT 406,4,E01018961,0,-1
2020430287118,2020,430287118,1,9,0,18,19,6,2,0,0,4,0,0,0,0,1,1,1,1,1,60,9,1997,2,17,PEUGEOT 406,-1,-1,0,-1
2020040961304,2020,040961304,2,9,0,13,13,7,3,0,0,0,0,0,0,0,4,1,2,2,1,73,10,1997,2,16,PEUGEOT 406,8,E01025105,0,-1
2020340N00452,2020,340N00452,1,9,0,2,2,0,0,0,0,1,0,0,0,0,3,1,6,6,1,-1,-1,2088,2,22,PEUGEOT 406,-1,-1,0,-1
2020010250798,2020,010250798,1,9,0,99,99,9,9,99,99,9,9,99,9,99,1,9,6,6,2,54,8,1997,1,19,PEUGEOT 406,3,E01000111,0,-1
2020122000532,2020,122000532,1,9,0,18,19,5,1,0,0,8,0,0,0,0,1,1,1,1,1,36,7,1997,2,19,PEUGEOT 406,3,E01027908,0,-1
2020460986029,2020,460986029,2,9,0,18,19,3,7,0,0,1,0,0,0,0,1,1,6,6,1,65,9,1997,2,17,PEUGEOT 406,9,E01024849,0,-1
2020122100324,2020,122100324,1,9,0,18,19,1,5,0,0,0,0,0,0,0,1,1,6,6,1,57,9,2179,2,17,PEUGEOT 406,8,E01027611,0,-1
2020170L10260,2020,170L10260,1,9,0,18,19,2,6,0,0,0,0,0,7,11,1,1,2,2,1,39,7,1997,2,18,PEUGEOT 406,2,E01012134,0,-1
2020552001094,2020,552001094,1,9,0,18,19,7,3,0,0,8,0,0,0,0,1,1,6,6,2,53,8,1997,1,19,PEUGEOT 406,5,E01015393,0,-1
2020461009699,2020,461009699,1,9,0,2,2,2,6,0,0,0,0,0,0,0,1,1,2,2,1,23,5,2179,2,17,PEUGEOT 406,9,E01031742,0,-1
2020010256820,2020,010256820,2,9,0,18,19,1,5,0,0,0,0,0,0,0,1,1,6,6,1,83,11,1997,2,17,PEUGEOT 406,2,E01033581,0,-1
2020990974078,2020,990974078,2,9,0,18,19,1,5,0,0,1,1,0,1,0,1,1,5,6,2,66,10,1997,2,17,PEUGEOT 406,7,-1,0,-1
2020040996734,2020,040996734,2,9,0,3,3,5,1,0,0,1,0,0,0,0,2,1,1,1,1,54,8,1905,2,22,PEUGEOT 406,1,E01025295,0,-1
202006L278306,2020,06L278306,1,9,0,18,19,3,7,0,0,8,0,0,0,0,1,1,6,6,1,62,9,1997,2,19,PEUGEOT 406,2,E01006249,0,-1
2020040934770,2020,040934770,2,9,0,18,19,5,1,0,0,1,0,0,1,0,1,1,5,6,1,40,7,1997,2,19,PEUGEOT 406,2,E01025274,0,-1
2020460920924,2020,460920924,1,8,0,18,19,7,3,0,0,0,0,0,0,0,1,1,6,6,1,56,9,1997,2,5,-1,4,E01024086,0,-1
2020460964926,2020,460964926,1,8,0,18,19,5,1,0,0,0,0,0,0,0,1,1,1,1,1,56,9,1997,2,5,-1,4,E01024086,0,-1
20201377V1441,2020,1377V1441,1,9,0,18,19,8,4,0,0,0,0,0,0,0,0,1,2,2,2,38,7,1997,2,7,-1,6,E01010590,0,-1
2020610002820,2020,610002820,3,8,0,4,4,1,5,0,0,8,0,0,0,0,0,1,6,6,1,49,8,1997,2,4,-1,4,W01001365,0,-1
2020522100180,2020,522100180,1,9,0,18,19,7,3,0,0,0,0,0,0,0,3,1,6,6,1,76,11,1988,1,3,PORSCHE 718,10,E01014785,0,-1
2020031008895,2020,031008895,1,9,0,18,19,1,5,0,0,0,1,0,2,0,4,1,2,2,1,55,8,1988,1,3,PORSCHE 718,9,E01025126,0,-1
2020010268775,2020,010268775,1,9,0,2,2,0,0,0,0,0,0,0,0,0,3,1,6,6,3,-1,-1,2497,1,4,PORSCHE 718,-1,-1,0,-1
2020370987897,2020,370987897,3,9,0,18,19,7,3,0,0,0,0,0,0,0,3,1,1,1,2,22,5,1988,1,1,PORSCHE 718,6,E01029902,0,-1
2020010254667,2020,010254667,1,9,0,5,5,1,5,0,0,8,0,0,0,0,1,1,2,2,2,40,7,2497,1,2,PORSCHE 718,9,E01023041,0,-1
2020201004691,2020,201004691,1,9,0,18,19,4,8,0,0,0,1,10,1,2,4,1,6,6,2,33,6,1988,1,4,PORSCHE 718,4,E01009176,0,-1
2020450992582,2020,450992582,1,9,0,18,19,1,1,0,0,0,0,0,0,0,4,1,1,1,1,29,6,2497,1,3,PORSCHE 718,9,E01030690,0,-1
2020010246936,2020,010246936,1,9,0,99,99,9,9,99,99,9,9,99,9,99,2,9,2,2,2,35,6,1988,1,1,PORSCHE 718,5,E01004188,0,-1
2020010232298,2020,010232298,1,9,0,3,3,5,1,0,0,1,0,0,0,0,3,1,6,6,1,30,6,1988,1,4,PORSCHE 718,8,E01004649,0,-1
2020010283268,2020,010283268,1,9,0,3,3,7,3,0,0,1,0,0,0,0,1,1,6,6,2,56,9,1988,1,0,PORSCHE 718,-1,-1,0,-1
2020440345806,2020,440345806,1,9,0,7,7,7,1,0,0,2,1,0,0,0,1,1,6,6,3,-1,-1,1988,1,3,PORSCHE 718,-1,-1,0,-1
2020340N01752,2020,340N01752,2,9,0,18,19,5,1,0,0,0,0,0,0,0,2,1,6,6,1,31,6,2967,2,12,-1,2,E01027241,0,-1
2020160995951,2020,160995951,1,9,0,18,19,5,1,0,0,1,0,0,0,0,1,1,6,6,2,36,7,2697,2,13,-1,1,E01013278,0,-1
2020430428166,2020,430428166,1,9,0,1,1,8,6,0,0,8,0,0,0,0,2,1,6,6,1,63,9,2967,2,11,-1,-1,-1,0,-1
2020990982005,2020,990982005,1,9,0,4,4,6,2,0,0,1,0,0,0,0,1,1,6,6,1,34,6,2967,2,9,-1,4,-1,0,-1
2020430295229,2020,430295229,2,2,0,18,19,7,3,0,0,8,0,0,0,0,1,1,6,6,1,16,4,49,1,3,-1,2,E01016394,0,-1
2020440222114,2020,440222114,1,2,0,18,19,5,1,0,0,8,0,0,0,0,1,1,6,6,1,25,5,49,1,7,-1,3,E01017051,0,-1
2020440388382,2020,440388382,1,2,0,18,19,2,6,0,0,2,0,0,0,0,1,1,4,7,1,17,4,49,1,5,-1,2,E01022818,0,-1
2020460955079,2020,460955079,2,2,0,4,4,1,5,0,0,0,0,0,0,0,1,1,5,6,1,16,4,49,1,7,-1,7,E01024573,0,-1
2020030931378,2020,030931378,1,2,0,3,3,7,3,0,0,1,0,0,0,0,1,1,4,7,3,16,4,49,1,6,-1,2,E01019166,0,-1
2020547123020,2020,547123020,1,2,0,4,4,2,6,0,0,1,0,0,0,0,1,1,6,6,1,20,4,49,1,4,-1,9,E01015471,0,-1
2020460955250,2020,460955250,1,2,0,14,14,3,7,0,0,0,5,0,0,0,1,1,5,6,1,17,4,49,1,4,-1,9,E01024088,0,-1
2020470953070,2020,470953070,1,2,0,16,19,5,8,0,0,8,1,0,0,0,1,1,5,6,1,16,4,49,1,4,-1,1,E01020993,0,-1
2020520002941,2020,520002941,2,3,0,18,19,4,8,0,0,8,0,0,0,0,1,1,6,6,2,18,4,-1,-1,-1,-1,6,E01029084,0,-1
2020360998612,2020,360998612,2,2,0,14,14,6,2,0,0,8,0,0,0,0,1,1,4,7,1,62,9,49,1,4,-1,6,E01026761,0,-1
2020201007671,2020,201007671,1,5,0,18,19,3,7,0,0,8,0,0,0,0,1,1,2,2,1,33,6,599,1,10,MAKE AND MODEL REDACTED,1,E01010062,0,-1
2020440362515,2020,440362515,2,5,0,18,19,2,6,0,0,8,0,0,0,0,1,1,1,1,1,29,6,599,1,8,MAKE AND MODEL REDACTED,4,E01017233,0,-1
2020231022152,2020,231022152,1,4,0,13,13,4,8,0,0,8,1,0,0,0,1,1,2,2,1,67,10,312,1,1,-1,7,E01031089,0,-1
2020010247918,2020,010247918,2,3,0,18,19,4,8,0,0,1,5,0,0,0,0,1,6,6,1,41,7,853,1,1,-1,6,E01001991,0,-1
2020010279089,2020,010279089,2,5,0,14,14,3,7,0,0,0,5,0,0,0,4,1,2,2,1,29,6,853,1,1,-1,10,E01028613,0,-1
2020010267403,2020,010267403,2,5,0,18,19,5,1,0,0,2,0,0,0,0,0,1,2,2,1,30,6,853,1,0,-1,5,E01024577,0,-1
2020520003944,2020,520003944,2,5,0,18,19,4,8,0,0,0,0,0,0,0,1,1,6,6,1,51,8,853,1,1,-1,6,W01001318,0,-1
2020470960788,2020,470960788,1,5,0,18,19,6,2,0,0,0,0,0,0,0,1,1,5,6,1,57,9,853,1,1,-1,10,E01031702,0,-1
2020010243362,2020,010243362,1,4,0,18,19,5,1,0,0,0,0,4,0,0,4,1,6,6,1,38,7,853,1,1,-1,7,E01000258,0,-1
202006J371182,2020,06J371182,1,5,0,18,19,8,4,0,0,0,1,0,0,0,4,1,6,6,1,39,7,853,1,1,-1,9,E01005926,0,-1
2020470983830,2020,470983830,2,5,0,18,19,3,7,0,0,8,1,0,7,0,3,1,5,6,1,58,9,1293,1,8,-1,9,E01021026,0,-1
2020010271461,2020,010271461,1,5,0,99,99,9,9,99,99,9,9,99,9,99,9,1,6,6,1,58,9,1293,1,5,-1,9,E01030536,0,-1
2020211013560,2020,211013560,1,5,0,18,19,3,8,0,0,1,0,0,0,0,1,1,6,6,1,49,8,1290,1,11,-1,4,E01019503,0,-1
20201371S0387,2020,1371S0387,2,5,0,12,12,2,6,0,0,0,1,0,0,0,1,1,6,6,1,34,6,1290,1,11,-1,10,E01011706,0,-1
2020480958816,2020,480958816,2,5,0,18,19,3,7,0,0,8,0,0,0,0,4,1,2,2,1,55,8,1293,1,9,-1,4,E01024164,0,-1
2020030979272,2020,030979272,2,5,0,18,19,3,7,0,0,1,0,0,0,0,2,1,6,6,1,46,8,1293,1,6,-1,3,E01014835,0,-1
2020440277399,2020,440277399,3,9,0,4,4,3,7,0,0,1,0,0,0,0,2,1,6,6,1,50,8,1560,2,4,CITROEN C4,7,E01023025,0,-1
2020530959300,2020,530959300,1,9,0,18,19,3,4,0,0,3,0,0,0,0,0,1,6,6,2,23,5,1587,1,15,CITROEN C4,4,E01022156,0,-1
2020460934681,2020,460934681,3,9,0,4,4,3,7,0,0,2,0,0,0,0,2,1,3,7,2,38,7,1997,2,13,CITROEN C4,5,E01016165,0,-1
20201376K0509,2020,1376K0509,1,9,0,18,19,7,3,0,0,0,0,0,0,0,2,1,6,6,1,42,7,1560,2,11,CITROEN C4,8,E01011279,0,-1
202006P173924,2020,06P173924,2,9,0,18,19,2,6,0,0,1,0,0,0,0,3,1,6,6,2,30,6,1560,2,6,CITROEN C4,1,E01005464,0,-1
2020010239786,2020,010239786,3,9,0,2,2,0,0,0,0,1,0,0,0,0,4,1,6,6,3,-1,-1,1560,2,9,CITROEN C4,-1,-1,0,-1
2020470977198,2020,470977198,2,9,0,4,4,6,2,0,0,0,0,0,0,0,2,1,6,6,2,67,10,1560,2,3,CITROEN C4,7,E01021165,0,-1
2020340D08642,2020,340D08642,1,9,0,18,19,4,8,0,0,8,0,0,0,0,1,1,6,6,1,31,6,1560,2,3,CITROEN C4,4,E01027012,0,-1
2020350959735,2020,350959735,1,9,0,18,19,6,4,0,0,2,0,0,0,0,1,1,6,6,1,48,8,1360,1,15,CITROEN C4,8,E01015687,0,-1
2020470960131,2020,470960131,2,9,0,18,19,1,5,0,0,0,0,0,0,0,4,1,6,6,2,35,6,1360,1,10,CITROEN C4,4,E01031550,0,-1
2020010253135,2020,010253135,1,9,0,5,5,0,3,0,0,0,0,0,0,0,1,1,1,1,1,37,7,1560,2,2,CITROEN C4,2,E01001011,0,-1
2020010228472,2020,010228472,2,8,0,2,2,0,0,9,9,1,0,0,0,0,1,1,6,6,3,-1,-1,1560,2,7,CITROEN C4,-1,-1,0,-1
20201375N0793,2020,1375N0793,2,9,0,9,9,5,1,0,0,2,0,0,0,0,4,1,6,6,1,42,7,1560,2,14,CITROEN C4,4,E01011462,0,-1
2020100965578,2020,100965578,2,9,0,18,19,5,1,0,0,0,0,0,0,0,4,1,5,6,2,41,7,1560,2,4,CITROEN C4,4,E01008614,0,-1
2020010281698,2020,010281698,2,8,0,99,99,9,9,99,99,9,9,99,9,99,1,9,6,6,1,40,7,1560,2,3,CITROEN C4,2,E01004326,0,-1
2020070253418,2020,070253418,1,9,0,5,5,3,7,0,0,1,1,0,3,1,1,1,6,6,1,70,10,1560,2,7,CITROEN C4,5,E01018480,0,-1
2020122000240,2020,122000240,1,9,0,18,19,4,8,0,0,1,0,0,0,0,1,1,2,2,3,-1,-1,1997,2,12,CITROEN C4,-1,-1,0,-1
2020220968414,2020,220968414,1,9,0,17,19,1,7,0,0,0,0,0,0,0,1,1,5,6,1,79,11,1560,2,10,CITROEN C4,5,E01032428,0,-1
2020010248738,2020,010248738,2,9,0,18,19,8,4,0,0,0,0,0,0,0,1,1,6,6,1,30,6,1598,1,9,CITROEN C4,2,E01000523,0,-1
202006Q271201,2020,06Q271201,1,9,0,3,3,4,8,0,0,1,0,0,0,0,2,1,6,6,1,75,10,1560,2,4,CITROEN C4,2,E01005460,0,-1
2020010244163,2020,010244163,2,9,0,18,19,1,5,0,0,0,0,0,1,0,1,1,6,6,1,56,9,1560,2,7,CITROEN C4,7,E01000668,0,-1
2020041003171,2020,041003171,1,9,0,16,19,5,1,0,0,0,1,0,7,0,1,1,2,2,2,36,7,1587,1,12,CITROEN C4,7,E01025565,0,-1
2020470927360,2020,470927360,2,9,0,18,19,2,6,0,0,0,0,0,0,0,4,1,5,6,2,27,6,1560,2,5,CITROEN C4,7,E01021063,0,-1
2020200947568,2020,200947568,1,9,0,14,14,8,4,0,0,1,0,0,0,0,1,1,6,6,1,27,6,1587,1,13,CITROEN C4,2,E01009517,0,-1
2020122000929,2020,122000929,1,9,0,4,4,3,7,0,0,1,0,0,0,0,1,1,2,2,1,61,9,1798,1,12,CITROEN C4,5,E01027796,0,-1
2020010249216,2020,010249216,1,9,0,3,3,1,5,0,0,2,0,0,0,0,0,1,1,1,1,43,7,1560,2,4,CITROEN C4,3,E01000088,0,-1
202031B010920,2020,31B010920,1,9,0,7,7,6,2,0,0,6,0,0,0,0,2,1,6,6,1,40,7,1560,2,5,CITROEN C4,6,E01028046,0,-1
2020010284601,2020,010284601,1,9,0,6,6,5,5,9,9,0,0,10,1,10,1,1,6,6,1,76,11,1997,1,12,CITROEN C4,8,E01001302,0,-1
2020360952533,2020,360952533,2,9,0,18,19,1,3,0,0,0,0,0,0,0,2,1,6,6,1,41,7,1560,2,6,CITROEN C4,4,E01026804,0,-1
2020010231786,2020,010231786,1,9,0,14,14,1,5,0,0,1,0,0,0,0,1,1,1,1,1,46,8,1560,2,4,CITROEN C4,3,E01003221,0,-1
2020990948239,2020,990948239,1,9,0,18,19,5,1,0,0,8,0,0,0,0,1,1,6,6,2,42,7,1560,2,5,CITROEN C4,3,-1,0,-1
2020010272081,2020,010272081,1,9,0,5,5,1,5,0,0,2,0,0,0,0,1,1,6,6,2,34,6,1587,1,14,CITROEN C4,3,E01000578,0,-1
2020010250807,2020,010250807,1,9,0,3,3,2,6,0,0,1,0,0,0,0,2,1,6,6,1,54,8,1560,2,2,CITROEN C4,3,E01015973,0,-1
2020010236865,2020,010236865,2,8,0,99,99,9,9,99,99,9,9,99,9,99,0,9,6,6,3,-1,-1,1560,2,5,CITROEN C4,-1,-1,0,-1
2020531008530,2020,531008530,1,9,0,9,9,5,3,0,0,2,0,0,0,0,1,1,5,6,1,71,10,1560,2,11,CITROEN C4,6,E01022454,0,-1