collision_index,collision_year,collision_ref_no,vehicle_reference,vehicle_type,towing_and_articulation,vehicle_manoeuvre_historic,vehicle_manoeuvre,vehicle_direction_from,vehicle_direction_to,vehicle_location_restricted_lane_historic,vehicle_location_restricted_lane,junction_location,skidding_and_overturning,hit_object_in_carriageway,vehicle_leaving_carriageway,hit_object_off_carriageway,first_point_of_impact,vehicle_left_hand_drive,journey_purpose_of_driver_historic,journey_purpose_of_driver,sex_of_driver,age_of_driver,age_band_of_driver,engine_capacity_cc,propulsion_code,age_of_vehicle,generic_make_model,driver_imd_decile,lsoa_of_driver,escooter_flag,driver_distance_banding
2020201005844,2020,201005844,1,9,0,18,19,-1,-1,0,0,0,0,0,0,0,1,1,6,6,1,-1,-1,1560,2,7,CITROEN C4,2,E01013657,0,-1
2020530942316,2020,530942316,1,9,0,4,4,-1,-1,0,0,0,0,0,0,0,2,1,5,6,2,57,9,1560,2,4,CITROEN C4,6,E01022260,0,-1
20201379N1071,2020,1379N1071,1,9,0,17,19,5,1,0,0,0,0,0,0,0,1,1,6,6,2,40,7,1560,2,5,CITROEN C4,9,E01008311,0,-1
2020200922030,2020,200922030,2,9,0,2,2,0,0,0,0,0,0,4,0,0,3,1,6,6,1,30,6,1560,2,5,CITROEN C4,3,E01009781,0,-1
2020460994138,2020,460994138,1,9,0,18,19,7,3,0,0,0,1,0,0,0,1,1,2,2,2,44,7,1560,2,12,CITROEN C4,8,E01024642,0,-1
2020522101366,2020,522101366,1,9,0,18,19,7,2,0,0,3,0,0,0,0,3,1,6,6,1,54,8,1560,2,11,CITROEN C4,3,E01014540,0,-1
2020052001045,2020,052001045,2,9,0,2,2,0,0,0,0,0,0,0,0,0,2,1,6,6,3,-1,-1,1200,1,4,CITROEN C4,-1,-1,0,-1
2020361008769,2020,361008769,1,9,0,9,9,2,6,0,0,8,0,0,0,0,1,1,5,6,2,24,5,1200,1,4,CITROEN C4,-1,-1,0,-1
2020010252838,2020,010252838,2,8,0,18,19,3,7,0,0,0,1,0,2,4,2,1,6,6,1,46,8,1560,2,5,CITROEN C4,6,E01003711,0,-1
2020010243278,2020,010243278,1,9,0,3,3,1,5,0,0,3,0,0,0,0,2,1,6,6,1,56,9,1560,2,3,CITROEN C4,2,E01001491,0,-1
2020460919414,2020,460919414,1,9,0,18,19,6,2,0,0,6,0,0,0,0,1,1,5,6,2,32,6,1560,2,13,CITROEN C4,3,E01024696,0,-1
2020170S11210,2020,170S11210,2,9,0,7,7,7,8,0,0,3,0,0,0,0,1,1,6,6,1,65,9,1560,2,11,CITROEN C4,-1,-1,0,-1
2020610024120,2020,610024120,2,9,0,18,19,3,7,0,0,4,1,0,0,0,3,1,1,1,1,37,7,1560,2,5,CITROEN C4,6,W01001369,0,-1
2020522004146,2020,522004146,1,9,0,9,9,1,7,9,9,5,0,0,7,10,1,1,6,6,2,46,8,1560,2,13,CITROEN C4,4,E01014627,0,-1
2020160949704,2020,160949704,3,9,0,2,2,0,0,0,0,0,0,4,7,0,1,1,5,6,3,-1,-1,1560,2,12,CITROEN C4,-1,-1,0,-1
2020010270115,2020,010270115,1,8,0,1,1,7,3,0,0,0,0,0,0,0,2,1,1,1,1,50,8,1560,2,3,CITROEN C4,-1,-1,0,-1
2020320016429,2020,320016429,1,9,0,18,19,5,1,0,0,0,0,0,0,0,1,1,1,1,1,44,7,1560,2,4,CITROEN C4,2,E01026328,0,-1
2020070038322,2020,070038322,2,9,0,18,19,5,1,0,0,0,0,0,0,0,0,1,6,6,2,36,7,1997,2,8,CITROEN C4,4,-1,0,-1
2020460964439,2020,460964439,3,9,0,2,2,0,0,0,0,0,0,0,0,0,3,1,5,6,2,51,8,1587,1,14,CITROEN C4,3,E01024309,0,-1
2020991000944,2020,991000944,2,9,0,3,3,7,3,0,0,1,0,0,0,0,2,1,5,6,2,48,8,1200,1,1,CITROEN C4,10,-1,0,-1
2020440407315,2020,440407315,1,9,0,14,14,1,5,0,0,0,0,4,0,0,1,1,2,2,1,45,7,1560,2,12,CITROEN C4,2,E01022820,0,-1
2020220972122,2020,220972122,1,9,0,17,19,8,5,0,0,8,5,0,2,9,1,1,2,2,1,22,5,1360,1,13,CITROEN C4,7,E01032210,0,-1
2020370978513,2020,370978513,2,9,0,18,19,1,5,0,0,8,0,0,0,0,3,1,5,6,2,37,7,1560,2,10,CITROEN C4,2,E01033122,0,-1
2020200996301,2020,200996301,1,9,0,9,9,5,3,0,0,5,0,0,0,0,1,1,3,7,2,33,6,1798,1,12,CITROEN C4,4,E01009226,0,-1
2020420923426,2020,420923426,1,9,0,18,19,5,1,0,0,0,0,0,1,0,3,1,5,6,2,61,9,1560,2,5,CITROEN C4,6,E01030057,0,-1
2020010249081,2020,010249081,1,9,0,18,19,1,5,0,0,0,0,4,7,2,1,1,6,6,3,-1,-1,1997,1,15,CITROEN C4,1,E01016010,0,-1
2020460949464,2020,460949464,1,9,0,18,19,3,7,0,0,0,0,0,0,0,0,1,6,6,2,58,9,1560,2,4,CITROEN C4,1,E01024306,0,-1
2020200999545,2020,200999545,3,9,0,2,2,0,0,0,0,0,0,0,0,0,2,1,6,6,2,36,7,1560,2,11,CITROEN C4,1,E01010033,0,-1
2020460953868,2020,460953868,1,9,0,18,19,8,4,0,0,0,1,7,0,0,1,1,6,6,1,23,5,1587,1,15,CITROEN C4,3,E01001467,0,-1
2020470935461,2020,470935461,8,9,0,4,4,4,2,0,0,1,0,0,0,0,2,1,6,6,1,67,10,1560,2,5,CITROEN C4,7,E01031405,0,-1
2020471004573,2020,471004573,1,9,0,18,19,4,8,0,0,0,0,4,0,0,1,1,2,2,2,53,8,1997,2,4,CITROEN C4,6,E01016862,0,-1
2020990955158,2020,990955158,3,9,0,18,19,3,7,0,0,1,0,0,0,0,0,1,5,6,1,77,11,1560,2,8,CITROEN C4,3,-1,0,-1
2020140979674,2020,140979674,1,9,0,18,19,6,2,0,0,1,0,0,0,0,1,1,2,2,1,32,6,1560,2,14,CITROEN C4,7,E01007381,0,-1
2020200933132,2020,200933132,2,9,0,18,19,-1,-1,0,0,0,0,0,0,0,2,1,6,6,1,33,6,1199,1,5,CITROEN C4,6,E01032591,0,-1
2020160918773,2020,160918773,3,9,0,18,19,2,6,0,0,0,0,0,0,0,3,1,5,6,2,29,6,1560,2,5,CITROEN C4,10,E01013293,0,-1
2020030972277,2020,030972277,1,9,0,5,5,5,1,0,0,6,0,0,0,0,1,1,6,6,1,27,6,1560,2,8,CITROEN C4,2,E01019166,0,-1
2020520002040,2020,520002040,2,9,0,9,9,4,2,0,0,8,0,0,0,0,1,1,6,6,1,76,11,1560,2,6,CITROEN C4,8,E01029251,0,-1
2020302000671,2020,302000671,1,9,0,5,5,3,7,8,6,0,0,0,0,0,3,1,1,1,1,30,6,1587,1,15,CITROEN C4,8,E01025668,0,-1
2020200989709,2020,200989709,2,9,0,18,19,2,6,0,0,8,0,0,0,0,4,1,2,2,1,46,8,1560,2,4,CITROEN C4,5,E01010399,0,-1
2020420936669,2020,420936669,2,9,0,18,19,7,3,0,0,8,0,0,0,0,1,1,5,6,2,27,6,1200,1,2,CITROEN C4,3,E01022019,0,-1
2020500938744,2020,500938744,2,9,0,18,19,5,1,0,0,1,2,0,7,0,1,1,2,2,1,44,7,1200,1,5,CITROEN C4,8,E01029319,0,-1
2020220974931,2020,220974931,1,9,0,3,3,3,7,0,0,1,0,0,0,0,2,1,5,6,1,58,9,1560,2,11,CITROEN C4,7,E01014036,0,-1
2020440267363,2020,440267363,1,9,0,9,9,4,1,0,0,8,0,0,0,0,4,1,6,6,1,55,8,1587,1,13,CITROEN C4,2,E01001875,0,-1
2020122001076,2020,122001076,1,9,0,18,19,2,6,0,0,1,0,0,0,0,1,1,6,6,1,31,6,1587,1,14,CITROEN C4,5,E01012937,0,-1
2020410997545,2020,410997545,1,9,0,17,19,1,5,0,0,2,5,4,0,0,1,1,5,6,1,31,6,1997,2,5,CITROEN C4,3,E01023842,0,-1
2020522100954,2020,522100954,2,9,0,17,19,6,4,0,0,8,0,0,0,0,4,1,6,6,1,34,6,1560,2,4,CITROEN C4,1,E01014658,0,-1
2020122000389,2020,122000389,2,9,0,8,8,1,3,0,0,2,0,0,0,0,2,1,6,6,2,25,5,1798,1,13,CITROEN C4,4,E01027835,0,-1
2020140973679,2020,140973679,1,9,0,9,9,1,6,0,0,6,0,0,0,0,4,1,6,6,1,59,9,1560,2,9,CITROEN C4,2,E01007806,0,-1
2020160988281,2020,160988281,3,9,0,18,19,7,3,0,0,1,0,0,0,0,1,1,2,2,1,27,6,1560,2,13,CITROEN C4,3,E01013272,0,-1
2020430291787,2020,430291787,1,9,0,4,4,7,3,0,0,0,0,0,0,0,2,1,2,2,1,32,6,1200,1,3,CITROEN C4,-1,-1,0,-1
2020200947592,2020,200947592,2,9,0,7,7,6,8,0,0,6,0,0,0,0,1,1,6,6,1,78,11,1200,1,4,CITROEN C4,6,E01009586,0,-1
2020470921335,2020,470921335,2,9,0,18,19,4,8,0,0,8,0,0,0,0,1,1,5,6,2,36,7,1560,2,10,CITROEN C4,7,E01031387,0,-1
2020160996838,2020,160996838,1,9,0,7,7,2,6,0,0,4,0,0,0,0,1,1,6,6,1,79,11,1560,2,7,CITROEN C4,5,E01013255,0,-1
2020200975414,2020,200975414,2,9,0,4,4,6,2,0,0,1,0,0,0,0,3,1,6,6,1,38,7,1598,1,9,CITROEN C4,2,E01009304,0,-1
2020010238100,2020,010238100,2,9,0,18,19,3,7,0,0,8,9,0,0,0,2,1,6,6,3,-1,-1,1560,2,5,CITROEN C4,-1,-1,0,-1
2020010229585,2020,010229585,1,9,0,99,99,9,9,99,99,0,9,99,9,99,9,9,6,6,2,33,6,1560,2,5,CITROEN C4,4,E01000418,0,-1
2020140937601,2020,140937601,2,9,0,18,19,1,7,0,0,0,1,4,0,0,1,1,5,6,1,22,5,1560,2,11,CITROEN C4,3,E01007457,0,-1
202063D027220,2020,63D027220,2,9,0,16,19,6,1,0,0,0,0,0,0,0,1,1,6,6,1,33,6,1200,1,4,CITROEN C4,7,W01000497,0,-1
20201377S0715,2020,1377S0715,2,9,0,18,19,3,7,0,0,8,0,0,0,0,4,1,6,6,1,44,7,1560,2,4,CITROEN C4,3,E01010895,0,-1
2020052002118,2020,052002118,1,9,0,18,19,5,1,0,0,0,0,0,0,0,1,1,2,2,3,-1,-1,1560,2,10,CITROEN C4,-1,-1,0,-1
2020461011030,2020,461011030,2,9,0,2,2,0,0,6,6,0,0,0,0,0,2,1,6,6,1,83,11,1560,2,5,CITROEN C4,7,E01024234,0,-1
2020302001523,2020,302001523,2,9,0,5,5,5,7,0,0,7,0,0,0,0,2,1,6,6,2,61,9,1200,1,1,CITROEN C4,10,E01013465,0,-1
2020140943674,2020,140943674,1,9,0,18,19,3,7,0,0,1,0,0,0,0,1,1,6,6,1,44,7,1560,2,12,CITROEN C4,3,E01007807,0,-1
2020140979461,2020,140979461,2,9,0,7,7,7,8,0,0,5,0,0,0,0,1,1,5,6,2,25,5,1560,2,11,CITROEN C4,1,E01007472,0,-1
2020220931850,2020,220931850,2,9,0,18,19,1,5,0,0,0,0,0,0,0,2,1,5,6,2,38,7,1200,1,4,CITROEN C4,5,E01022231,0,-1
2020010277422,2020,010277422,2,9,9,99,99,9,9,99,99,9,9,99,9,99,9,9,6,6,3,-1,-1,1560,2,15,CITROEN C4,-1,-1,0,-1
2020530943346,2020,530943346,1,9,0,17,19,6,2,0,0,0,2,0,7,4,1,1,6,6,1,50,8,1587,1,12,CITROEN C4,10,E01022114,0,-1
2020010257146,2020,010257146,2,9,0,18,19,8,4,0,0,3,0,0,0,0,4,2,6,6,2,21,5,1560,2,5,CITROEN C4,2,E01004060,0,-1
2020530971332,2020,530971332,2,8,0,3,3,5,1,0,0,2,0,0,0,0,2,1,5,6,1,63,9,1499,2,1,CITROEN C4,8,E01022432,0,-1
202006A172043,2020,06A172043,2,9,0,4,4,8,4,0,0,1,0,0,0,0,2,1,6,6,2,38,7,1560,2,4,CITROEN C4,5,E01012633,0,-1
2020010246178,2020,010246178,1,9,0,9,9,7,5,0,0,5,0,0,0,0,2,1,6,6,1,38,7,1798,1,13,CITROEN C4,6,E01030721,0,-1
2020622000782,2020,622000782,2,9,0,18,19,5,1,0,0,1,0,0,0,0,3,1,6,6,2,45,7,1560,2,5,CITROEN C4,10,W01001114,0,-1
2020010283304,2020,010283304,2,9,0,12,12,3,7,0,0,4,0,0,0,0,0,1,2,2,1,32,6,1587,1,13,CITROEN C4,4,E01001153,0,-1
2020200988127,2020,200988127,4,9,0,2,2,0,0,0,0,0,0,0,0,0,1,1,6,6,1,-1,-1,1997,2,13,CITROEN C4,-1,-1,0,-1
2020160993415,2020,160993415,3,9,0,18,19,7,3,0,0,8,0,0,0,0,2,1,6,6,1,30,6,1200,1,2,CITROEN C4,7,E01012814,0,-1
2020370946314,2020,370946314,2,9,0,18,19,1,5,0,0,8,0,0,0,0,1,1,5,6,1,-1,-1,1997,2,11,CITROEN C4,3,E01030163,0,-1
2020010230325,2020,010230325,2,9,0,6,6,5,5,0,0,0,0,0,0,0,3,1,6,6,2,37,7,1997,2,1,CITROEN C4,-1,-1,0,-1
2020122000621,2020,122000621,2,9,0,11,11,7,3,0,0,0,0,0,0,0,4,1,6,6,1,27,6,1500,2,1,CITROEN C4,6,E01027659,0,-1
2020460973443,2020,460973443,3,9,0,4,4,8,4,0,0,0,0,0,0,0,2,1,6,6,2,26,6,1587,1,13,CITROEN C4,4,E01017473,0,-1
2020010246225,2020,010246225,2,9,0,99,99,9,9,99,99,9,9,99,9,99,9,9,6,6,2,-1,-1,1200,1,2,CITROEN C4,1,E01002074,0,-1
2020440346150,2020,440346150,2,9,0,18,19,3,7,0,0,0,0,0,0,0,4,1,6,6,2,30,6,1560,2,12,CITROEN C4,1,E01017280,0,-1
2020470982513,2020,470982513,1,9,0,6,6,8,8,0,0,8,0,0,0,0,1,1,6,6,1,41,7,1200,1,1,CITROEN C4,6,E01016935,0,-1
2020200998542,2020,200998542,1,9,0,3,3,8,4,0,0,1,0,0,0,0,2,1,6,6,2,49,8,1997,2,11,CITROEN C4,9,E01023833,0,-1
2020160927687,2020,160927687,1,9,0,18,19,8,2,0,0,1,0,0,0,0,1,1,1,1,1,44,7,1560,2,13,CITROEN C4,5,E01033414,0,-1
2020320148004,2020,320148004,1,9,0,18,19,7,3,0,0,8,0,0,0,0,1,1,3,7,1,18,4,1360,1,14,CITROEN C4,4,E01026288,0,-1
2020200976051,2020,200976051,2,9,0,3,3,6,2,0,0,0,0,0,0,0,2,1,6,6,1,48,8,1560,2,11,CITROEN C4,2,E01009758,0,-1
2020500923588,2020,500923588,1,9,0,18,19,4,8,0,0,1,0,0,0,0,1,1,6,6,2,43,7,1587,1,14,CITROEN C4,4,E01019031,0,-1
2020470918099,2020,470918099,2,9,0,18,19,6,2,0,0,1,0,0,0,0,1,1,5,6,2,59,9,1560,2,2,CITROEN C4,4,E01021131,0,-1
2020200983691,2020,200983691,2,9,0,3,3,6,2,0,0,1,0,0,0,0,2,1,2,2,1,62,9,1560,2,5,CITROEN C4,4,E01031086,0,-1
2020010236732,2020,010236732,1,9,0,6,6,8,8,0,0,1,0,0,0,0,1,1,6,6,1,64,9,1200,1,5,CITROEN C4,9,E01001224,0,-1
202063D031920,2020,63D031920,2,9,0,18,19,8,4,0,0,0,0,0,7,2,1,1,2,2,2,43,7,1499,2,1,CITROEN C4,5,W01000452,0,-1
2020160979307,2020,160979307,1,8,0,9,9,6,4,0,0,6,0,0,0,0,2,1,6,6,3,-1,-1,1560,2,5,CITROEN C4,-1,-1,0,-1
202006F274032,2020,06F274032,2,9,0,5,5,8,4,0,0,1,0,0,0,0,1,1,6,6,1,35,6,1560,2,9,CITROEN C4,1,E01005653,0,-1
2020552000063,2020,552000063,2,9,0,18,19,6,2,0,0,1,0,0,1,11,1,1,2,2,2,49,8,1560,2,8,CITROEN C4,5,E01020454,0,-1
2020052001328,2020,052001328,1,9,0,9,9,6,4,0,0,8,0,0,0,0,4,1,2,2,2,62,9,1200,1,4,CITROEN C4,2,E01007239,0,-1
2020010255422,2020,010255422,2,9,0,2,2,0,0,0,0,0,0,4,7,0,1,1,6,6,3,-1,-1,1598,1,7,CITROEN C4,-1,-1,0,-1
2020350929293,2020,350929293,2,9,0,4,4,1,5,0,0,0,0,0,0,0,2,1,6,6,2,59,9,1560,2,14,CITROEN C4,2,E01015599,0,-1
2020200970305,2020,200970305,6,9,0,2,2,0,0,0,0,0,0,0,0,0,0,1,6,6,3,-1,-1,1200,1,5,CITROEN C4,-1,-1,0,-1
2020070494010,2020,070494010,1,9,0,9,9,5,1,0,0,8,0,0,0,0,1,1,6,6,1,58,9,1560,2,10,CITROEN C4,6,E01018728,0,-1
2020010236336,2020,010236336,1,8,0,9,9,5,3,0,0,5,0,0,0,0,1,1,1,1,1,61,9,1560,2,4,CITROEN C4,10,E01002466,0,-1
2020137530930,2020,137530930,2,9,0,3,3,0,0,0,0,0,0,0,0,0,3,1,6,6,2,55,8,1200,1,3,CITROEN C4,2,E01011251,0,-1
2020010247754,2020,010247754,1,9,0,18,19,1,5,0,0,1,0,0,0,0,4,1,6,6,2,32,6,1587,1,13,CITROEN C4,2,E01001477,0,-1
2020440102308,2020,440102308,2,9,0,18,19,5,1,0,0,0,0,0,0,0,1,1,6,6,2,36,7,1560,2,13,CITROEN C4,2,E01017326,0,-1
2020410980702,2020,410980702,2,9,0,4,4,3,7,0,0,0,0,0,0,0,4,1,5,6,1,39,7,1560,2,13,CITROEN C4,-1,-1,0,-1
2020010246807,2020,010246807,1,9,0,9,9,1,6,0,0,6,0,0,0,0,1,1,6,6,1,50,8,1200,1,4,CITROEN C4,1,E01000595,0,-1
2020460923055,2020,460923055,2,9,0,18,19,3,7,0,0,0,0,0,0,0,1,1,5,6,2,37,7,1499,2,1,CITROEN C4,6,E01024420,0,-1
2020440203063,2020,440203063,2,9,0,18,19,1,7,9,9,8,0,0,0,0,1,1,6,6,1,59,9,1560,2,5,CITROEN C4,4,E01020438,0,-1
2020010259574,2020,010259574,1,9,0,4,4,5,1,0,0,1,0,0,0,0,2,1,1,1,1,53,8,1560,2,4,CITROEN C4,2,E01004584,0,-1
2020990936182,2020,990936182,1,9,0,12,12,7,3,0,0,0,0,0,0,0,3,1,6,6,2,54,8,1560,2,5,CITROEN C4,6,-1,0,-1
2020210992322,2020,210992322,1,9,0,7,7,7,1,0,0,8,0,0,0,0,3,1,5,6,2,78,11,1200,1,5,CITROEN C4,9,E01029712,0,-1
2020480990424,2020,480990424,1,8,0,5,5,1,5,0,0,1,0,0,0,0,1,1,1,1,1,40,7,1560,2,4,CITROEN C4,-1,-1,0,-1
202063A010120,2020,63A010120,2,9,0,17,19,2,7,0,0,0,0,0,0,0,3,1,6,6,2,28,6,1560,2,5,CITROEN C4,6,W01000700,0,-1
202031A049420,2020,31A049420,4,9,0,2,2,0,0,0,0,2,0,0,0,0,2,1,6,6,3,-1,-1,1560,2,11,CITROEN C4,-1,-1,0,-1
2020030966402,2020,030966402,1,9,0,3,3,7,1,0,0,1,0,0,0,0,1,1,6,6,2,22,5,1560,2,9,CITROEN C4,6,E01019239,0,-1
2020010272093,2020,010272093,1,9,0,3,3,7,3,0,0,8,9,0,0,0,2,9,6,6,2,25,5,1560,2,3,CITROEN C4,1,E01001145,0,-1
2020991005687,2020,991005687,2,9,0,2,2,0,0,9,9,0,0,0,0,0,3,1,6,6,3,-1,-1,1560,2,2,CITROEN C4,-1,-1,0,-1
2020360998566,2020,360998566,1,9,0,18,19,7,3,0,0,1,0,0,0,0,1,1,5,6,2,47,8,1560,2,12,CITROEN C4,4,E01026780,0,-1
2020010248340,2020,010248340,4,9,0,4,4,5,1,0,0,0,0,0,0,0,2,1,1,1,1,45,7,1798,1,13,CITROEN C4,6,E01030399,0,-1
2020170M20050,2020,170M20050,2,9,0,18,19,8,4,0,0,8,0,0,0,0,1,1,6,6,2,25,5,1560,2,13,CITROEN C4,1,E01012150,0,-1
2020520001535,2020,520001535,1,9,0,18,19,8,4,0,0,0,0,0,0,0,1,1,6,6,1,24,5,1997,2,15,CITROEN C4,2,E01029311,0,-1
2020010276607,2020,010276607,2,8,0,99,99,9,9,99,99,9,9,99,9,99,1,9,6,6,3,-1,-1,1560,2,10,CITROEN C4,3,E01000107,0,-1
2020500972019,2020,500972019,2,9,0,18,19,5,1,0,0,0,0,0,0,0,1,1,6,6,1,66,10,1499,2,1,CITROEN C4,3,E01015245,0,-1
2020470995179,2020,470995179,1,9,0,16,19,8,3,0,0,0,1,0,1,3,1,1,5,6,2,22,5,1200,1,3,CITROEN C4,4,E01020997,0,-1
202031D108220,2020,31D108220,3,9,0,2,2,0,0,0,0,1,0,0,0,0,2,1,6,6,3,-1,-1,1560,2,7,CITROEN C4,-1,-1,0,-1
2020500978500,2020,500978500,1,9,0,16,19,3,7,0,0,0,1,0,0,0,4,1,5,6,1,76,11,1560,2,5,CITROEN C4,6,E01018985,0,-1
2020141004536,2020,141004536,2,9,0,18,19,7,3,0,0,0,0,0,1,0,1,1,5,6,2,32,6,1560,2,7,CITROEN C4,4,E01007995,0,-1
2020990962013,2020,990962013,1,9,0,18,19,3,7,0,0,2,0,0,0,0,1,1,6,6,2,53,8,1560,2,13,CITROEN C4,8,-1,0,-1
2020990948639,2020,990948639,3,9,0,13,13,2,6,0,0,0,0,0,0,0,1,1,5,6,1,35,6,1560,2,5,CITROEN C4,9,-1,0,-1
2020200931812,2020,200931812,2,9,0,3,3,8,4,0,0,0,0,0,0,0,2,1,6,6,1,-1,-1,1200,1,1,CITROEN C4,1,E01009354,0,-1
2020440185498,2020,440185498,2,9,0,18,19,1,5,0,0,8,0,0,1,11,3,1,6,6,2,42,7,1200,1,1,CITROEN C4,6,E01017173,0,-1
2020460939425,2020,460939425,4,9,0,18,19,8,4,0,0,0,0,0,0,0,1,1,6,6,1,24,5,1500,2,2,CITROEN C4,-1,-1,0,-1
2020470970147,2020,470970147,1,9,0,18,19,2,6,0,0,3,1,10,2,10,4,1,5,6,1,53,8,1560,2,3,CITROEN C4,8,E01033213,0,-1
2020100946747,2020,100946747,1,9,4,18,19,6,3,0,0,1,5,7,0,0,1,1,1,1,1,67,10,1560,2,4,CITROEN C4,4,E01008842,0,-1
2020544964920,2020,544964920,1,9,0,18,19,5,1,0,0,0,0,0,0,0,1,1,6,6,1,25,5,1560,2,8,CITROEN C4,6,E01031989,0,-1
2020500930495,2020,500930495,1,9,0,9,9,5,3,0,0,8,0,0,0,0,3,1,6,6,1,63,9,1560,2,5,CITROEN C4,6,E01020181,0,-1
2020010255947,2020,010255947,1,9,0,2,2,0,0,6,6,0,0,0,0,0,4,1,6,6,3,-1,-1,1560,2,10,CITROEN C4,-1,-1,0,-1
2020460958434,2020,460958434,1,9,0,5,5,1,5,0,0,0,0,0,0,0,0,1,6,6,1,28,6,1560,2,11,CITROEN C4,2,E01016061,0,-1
2020040945538,2020,040945538,2,9,0,18,19,1,5,0,0,8,0,0,0,0,3,1,2,2,1,44,7,1560,2,12,CITROEN C4,5,E01012645,0,-1
2020520042120,2020,520042120,2,9,0,18,19,3,7,0,0,0,0,0,4,6,4,1,1,1,1,33,6,1560,2,13,CITROEN C4,2,W01001614,0,-1
2020141007697,2020,141007697,2,9,0,9,9,1,5,0,0,6,0,0,0,0,3,1,6,6,2,25,5,1560,2,5,CITROEN C4,3,E01007510,0,-1
2020350943832,2020,350943832,2,9,0,9,9,3,1,0,0,0,0,0,7,11,3,1,5,6,2,47,8,1499,2,1,CITROEN C4,-1,-1,0,-1
2020010278359,2020,010278359,2,9,9,99,99,9,9,99,99,9,9,99,9,99,9,9,6,6,3,-1,-1,1598,1,6,CITROEN C4,-1,-1,0,-1
2020440402997,2020,440402997,1,9,0,18,19,5,1,0,0,2,0,0,0,0,4,1,6,6,2,64,9,1587,1,14,CITROEN C4,4,E01022723,0,-1
2020320680208,2020,320680208,1,9,0,5,5,5,1,9,9,0,0,0,0,0,1,1,6,6,2,28,6,1560,2,8,CITROEN C4,-1,-1,0,-1
2020990974845,2020,990974845,2,9,0,4,4,8,4,0,0,0,0,0,0,0,2,1,5,6,1,47,8,1560,2,2,CITROEN C4,6,-1,0,-1
2020010256106,2020,010256106,1,9,0,10,10,1,7,0,0,6,0,0,0,0,1,2,1,1,1,33,6,1560,2,4,CITROEN C4,5,E01000299,0,-1
2020010280570,2020,010280570,2,9,0,7,7,5,7,6,6,7,0,0,0,0,1,1,6,6,2,40,7,1587,1,14,CITROEN C4,-1,-1,0,-1
2020010267573,2020,010267573,1,9,0,8,8,7,8,0,0,4,0,4,0,0,1,1,6,6,1,19,4,1997,2,10,CITROEN C4,-1,-1,0,-1
2020350992275,2020,350992275,1,9,0,18,19,6,2,0,0,0,0,0,0,0,1,1,6,6,1,66,10,1560,2,3,CITROEN C4,7,E01026754,0,-1
2020010240324,2020,010240324,1,9,0,9,9,1,7,0,0,5,0,0,0,0,4,1,6,6,1,40,7,1560,2,12,CITROEN C4,2,E01003240,0,-1
2020302000123,2020,302000123,1,9,0,5,5,1,5,0,0,8,0,0,0,0,3,1,6,6,1,74,10,1200,1,1,CITROEN C4,3,E01019797,0,-1
2020010248779,2020,010248779,1,9,0,99,99,9,9,99,99,9,0,0,0,0,4,9,6,6,2,38,7,1560,2,4,CITROEN C4,1,E01033585,0,-1
2020010251135,2020,010251135,2,9,0,9,9,5,3,0,0,6,0,0,0,0,3,1,1,1,1,52,8,1560,2,5,CITROEN C4,3,E01001394,0,-1
2020220989462,2020,220989462,2,9,0,18,19,3,7,0,0,8,0,0,0,0,1,1,2,2,1,26,6,1200,1,5,CITROEN C4,10,E01009803,0,-1
2020010265399,2020,010265399,1,9,0,9,9,5,4,0,0,8,0,0,0,0,4,1,6,6,1,26,6,1587,1,12,CITROEN C4,6,E01002351,0,-1
2020501014250,2020,501014250,1,9,0,5,5,2,6,0,0,1,0,0,0,0,1,1,2,2,1,41,7,1560,2,8,CITROEN C4,4,E01015241,0,-1
2020010228499,2020,010228499,3,9,0,3,3,3,7,0,0,1,0,0,0,0,2,1,6,6,2,29,6,1560,2,6,CITROEN C4,6,E01024034,0,-1
2020360940824,2020,360940824,2,9,0,18,19,1,5,0,0,8,0,0,0,0,1,1,5,6,1,56,9,1560,2,4,CITROEN C4,7,E01026502,0,-1
2020160918268,2020,160918268,1,9,0,7,7,2,4,0,0,8,0,0,0,0,1,1,5,6,1,29,6,1560,2,12,CITROEN C4,1,E01013139,0,-1
2020530938761,2020,530938761,1,9,0,18,19,1,5,0,0,8,0,0,0,0,1,1,6,6,1,-1,-1,1560,2,8,CITROEN C4,9,E01022408,0,-1
2020010270547,2020,010270547,1,9,0,4,4,1,5,0,0,2,0,0,0,0,3,1,6,6,2,45,7,1200,1,2,CITROEN C4,9,E01003894,0,-1
2020420920875,2020,420920875,2,9,0,18,19,1,5,0,0,8,0,0,0,0,1,1,5,6,1,49,8,1997,2,7,CITROEN C4,-1,-1,0,-1
2020500944204,2020,500944204,3,9,0,4,4,3,7,0,0,1,0,0,0,0,1,1,5,6,1,85,11,1200,1,3,CITROEN C4,5,E01015202,0,-1
2020622001116,2020,622001116,1,9,0,18,19,8,4,0,0,1,0,0,0,0,1,1,6,6,2,35,6,1798,1,12,CITROEN C4,1,W01000958,0,-1