collision_index,collision_year,collision_ref_no,vehicle_reference,vehicle_type,towing_and_articulation,vehicle_manoeuvre_historic,vehicle_manoeuvre,vehicle_direction_from,vehicle_direction_to,vehicle_location_restricted_lane_historic,vehicle_location_restricted_lane,junction_location,skidding_and_overturning,hit_object_in_carriageway,vehicle_leaving_carriageway,hit_object_off_carriageway,first_point_of_impact,vehicle_left_hand_drive,journey_purpose_of_driver_historic,journey_purpose_of_driver,sex_of_driver,age_of_driver,age_band_of_driver,engine_capacity_cc,propulsion_code,age_of_vehicle,generic_make_model,driver_imd_decile,lsoa_of_driver,escooter_flag,driver_distance_banding
2020010266839,2020,010266839,2,9,0,18,19,7,3,0,0,2,0,0,0,0,3,1,3,7,2,31,6,1200,1,5,CITROEN C4,2,E01003497,0,-1
2020010281662,2020,010281662,2,9,0,3,3,1,5,0,0,1,0,0,0,0,0,1,6,6,1,44,7,1560,2,4,CITROEN C4,-1,-1,0,-1
2020040973687,2020,040973687,1,9,0,2,2,0,0,0,0,0,0,0,0,0,3,1,6,6,3,-1,-1,1200,1,4,CITROEN C4,-1,-1,0,-1
2020161012606,2020,161012606,2,9,0,18,19,8,4,0,0,0,0,0,0,0,1,1,6,6,2,44,7,1560,2,5,CITROEN C4,10,E01012972,0,-1
2020302001177,2020,302001177,2,9,0,9,9,1,8,0,0,1,0,0,0,0,1,1,6,6,1,66,10,1560,2,13,CITROEN C4,3,E01013517,0,-1
202031C165620,2020,31C165620,1,9,0,18,19,3,7,0,0,0,0,4,0,0,1,1,6,6,1,27,6,1587,1,13,CITROEN C4,5,E01013766,0,-1
2020201023282,2020,201023282,2,9,0,18,19,8,4,0,0,1,0,0,0,0,1,1,6,6,1,45,7,1560,2,6,CITROEN C4,1,E01010524,0,-1
2020420946344,2020,420946344,1,9,0,18,19,3,6,9,9,0,0,0,7,0,1,1,5,6,1,76,11,1560,2,3,CITROEN C4,2,E01021989,0,-1
2020210948701,2020,210948701,1,9,0,9,9,7,5,0,0,8,0,0,0,0,1,1,3,7,1,72,10,1798,1,13,CITROEN C4,4,E01014353,0,-1
2020552000802,2020,552000802,2,9,0,2,2,0,0,0,0,0,0,0,0,0,2,1,6,6,3,-1,-1,1560,2,13,CITROEN C4,-1,-1,0,-1
2020010285091,2020,010285091,2,8,0,99,99,9,9,99,99,9,9,99,9,99,1,9,6,6,1,49,8,1560,2,10,CITROEN C4,2,E01003089,0,-1
2020140929433,2020,140929433,3,9,0,4,4,8,4,0,0,0,0,0,0,0,1,1,5,6,1,29,6,1360,1,14,CITROEN C4,1,E01011671,0,-1
2020010234059,2020,010234059,2,9,0,18,19,6,2,0,0,0,1,0,0,0,1,1,6,6,1,-1,-1,1997,2,13,CITROEN C4,-1,-1,0,-1
20201375O0993,2020,1375O0993,2,9,0,9,9,3,7,0,0,8,0,0,0,0,1,1,6,6,1,43,7,1560,2,10,CITROEN C4,1,E01011101,0,-1
2020400981422,2020,400981422,1,9,0,9,9,4,6,0,0,6,0,0,0,0,1,1,6,6,3,-1,-1,1587,1,14,CITROEN C4,-1,-1,0,-1
2020991008114,2020,991008114,1,9,0,5,5,5,1,0,0,1,0,0,0,0,1,1,1,1,1,53,8,1200,1,2,CITROEN C4,1,-1,0,-1
2020622000249,2020,622000249,2,9,0,18,19,4,8,0,0,1,0,0,0,0,1,1,1,1,2,43,7,1200,1,4,CITROEN C4,2,W01001620,0,-1
2020100920678,2020,100920678,1,9,0,9,9,5,3,0,0,1,0,0,0,0,1,1,6,6,1,-1,-1,1798,1,13,CITROEN C4,5,E01027536,0,-1
2020010268245,2020,010268245,2,9,0,4,4,3,7,7,6,4,0,0,0,0,1,1,6,6,2,51,8,1560,2,13,CITROEN C4,2,E01001257,0,-1
202006K268899,2020,06K268899,1,9,0,9,9,7,5,0,0,8,0,0,0,0,1,1,6,6,1,45,7,1587,1,14,CITROEN C4,7,E01004799,0,-1
2020500967391,2020,500967391,2,9,0,18,19,3,7,0,0,0,0,0,0,0,1,1,5,6,1,20,4,1200,1,0,CITROEN C4,6,E01020304,0,-1
2020350987814,2020,350987814,2,9,0,18,19,1,5,0,0,1,0,0,0,0,1,1,6,6,2,29,6,1560,2,13,CITROEN C4,7,E01018011,0,-1
2020230925416,2020,230925416,3,9,0,2,2,0,0,0,0,0,0,4,0,0,1,1,5,6,1,64,9,1560,2,6,CITROEN C4,7,E01031233,0,-1
2020450949471,2020,450949471,1,9,0,9,9,6,4,0,0,5,0,0,0,0,4,1,5,6,2,37,7,1997,2,7,CITROEN C4,10,E01016183,0,-1
2020010272118,2020,010272118,1,9,0,99,99,9,9,99,99,0,9,99,9,99,2,9,6,6,2,29,6,1200,1,5,CITROEN C4,3,E01001264,0,-1
2020040974795,2020,040974795,1,9,0,7,7,1,3,0,0,6,0,4,7,0,1,1,5,6,2,24,5,1200,1,5,CITROEN C4,4,E01025407,0,-1
202006M266986,2020,06M266986,3,9,0,18,19,4,8,0,0,1,0,0,0,0,1,1,6,6,1,44,7,1598,1,12,CITROEN C4,7,E01006132,0,-1
2020470996023,2020,470996023,1,9,0,1,1,1,5,1,1,0,0,4,0,0,2,1,3,7,2,78,11,1560,2,3,CITROEN C4,6,E01016987,0,-1
2020990984272,2020,990984272,2,9,0,10,10,6,2,0,0,0,0,0,0,0,2,1,5,6,2,63,9,1560,2,8,CITROEN C4,4,-1,0,-1
2020137AJ1761,2020,137AJ1761,1,9,0,18,19,5,1,0,0,4,0,0,0,0,1,1,6,6,1,34,6,1560,2,10,CITROEN C4,2,E01032607,0,-1
2020010286594,2020,010286594,2,9,0,18,19,5,1,0,0,0,1,0,0,0,3,1,6,6,2,45,7,1200,1,3,CITROEN C4,5,E01004347,0,-1
2020430408332,2020,430408332,1,9,0,3,3,2,7,0,0,1,0,0,0,0,2,1,6,6,2,30,6,1200,1,2,CITROEN C4,3,E01017609,0,-1
2020201020059,2020,201020059,2,9,0,10,10,5,3,0,0,1,0,0,0,0,2,1,6,6,1,30,6,1360,1,15,CITROEN C4,1,E01032889,0,-1
2020030924340,2020,030924340,1,9,0,17,19,6,2,0,0,0,2,0,1,10,1,1,5,6,1,29,6,1997,2,5,CITROEN C4,-1,-1,0,-1
2020100959125,2020,100959125,2,9,0,18,19,1,5,0,0,1,0,0,0,0,1,1,5,6,1,25,5,1560,2,6,CITROEN C4,-1,-1,0,-1
202031C045420,2020,31C045420,2,9,0,2,2,0,0,0,0,0,0,0,0,0,2,1,6,6,2,29,6,1560,2,6,CITROEN C4,1,E01013821,0,-1
2020420982540,2020,420982540,3,9,0,18,19,7,2,0,0,0,0,0,0,0,2,1,5,6,2,46,8,1560,2,6,CITROEN C4,8,E01021604,0,-1
2020420924443,2020,420924443,2,9,0,3,3,1,5,0,0,0,0,0,0,0,2,1,5,6,1,28,6,1200,1,3,CITROEN C4,8,E01033610,0,-1
20201372M1714,2020,1372M1714,2,9,0,2,2,0,0,0,0,0,0,0,0,0,3,1,6,6,3,-1,-1,1798,1,12,CITROEN C4,-1,-1,0,-1
2020160926579,2020,160926579,1,9,0,1,1,7,1,0,0,0,0,4,1,0,2,1,6,6,2,-1,-1,1200,1,5,CITROEN C4,-1,-1,0,-1
2020201021678,2020,201021678,1,9,0,18,19,1,5,0,0,8,0,0,0,0,4,1,6,6,1,38,7,1587,1,14,CITROEN C4,2,E01009981,0,-1
2020421002378,2020,421002378,2,9,0,2,2,0,0,0,0,0,0,0,0,0,3,1,6,6,3,-1,-1,1798,1,13,CITROEN C4,-1,-1,0,-1
2020010252162,2020,010252162,2,9,9,99,99,9,9,99,99,9,9,0,0,0,1,9,6,6,1,-1,-1,1560,2,4,CITROEN C4,-1,-1,0,-1
2020010239358,2020,010239358,2,9,0,99,99,9,9,99,99,0,9,99,9,99,2,9,6,6,1,-1,-1,1587,1,14,CITROEN C4,-1,-1,0,-1
2020211026811,2020,211026811,1,9,0,18,19,1,7,0,0,2,0,0,0,0,1,1,6,6,1,60,9,1560,2,3,CITROEN C4,8,E01029579,0,-1
2020070460540,2020,070460540,1,9,0,18,19,1,3,0,0,0,0,0,0,0,1,1,1,1,1,-1,-1,1560,2,15,CITROEN C4,4,E01018402,0,-1
2020030939575,2020,030939575,2,9,0,18,19,8,8,0,0,0,0,0,0,0,2,1,6,6,2,58,9,1560,2,6,CITROEN C4,6,E01019178,0,-1
2020200940560,2020,200940560,1,9,0,18,19,5,1,0,0,0,0,0,0,0,1,1,4,7,1,45,7,1560,2,8,CITROEN C4,7,E01010355,0,-1
2020137572176,2020,137572176,1,9,0,5,5,5,1,0,0,0,0,0,0,0,3,1,6,6,2,18,4,1560,2,11,CITROEN C4,1,E01010618,0,-1
2020302001176,2020,302001176,1,9,0,18,19,6,8,9,9,5,0,0,1,0,1,1,6,6,1,92,11,1997,2,13,CITROEN C4,10,E01019712,0,-1
2020200999086,2020,200999086,1,9,0,14,14,6,2,0,0,0,0,0,0,0,4,1,2,2,2,29,6,1560,2,10,CITROEN C4,1,E01010289,0,-1
2020522004566,2020,522004566,1,9,0,18,19,6,3,0,0,6,0,0,0,0,1,1,6,6,1,23,5,1360,1,14,CITROEN C4,6,E01014984,0,-1
2020370938276,2020,370938276,1,9,0,5,5,1,7,0,0,0,0,0,0,0,3,1,5,6,1,78,11,1560,2,4,CITROEN C4,4,E01030223,0,-1
2020200996176,2020,200996176,1,9,0,7,7,6,8,0,0,5,0,0,0,0,3,1,6,6,2,41,7,1560,2,4,CITROEN C4,6,E01009925,0,-1
2020010270166,2020,010270166,2,8,0,9,9,7,5,0,0,8,9,99,0,0,3,9,6,6,1,-1,-1,1560,2,5,CITROEN C4,1,E01004256,0,-1
2020200963349,2020,200963349,2,9,0,2,2,0,0,0,0,0,0,0,0,0,2,1,6,6,3,-1,-1,1560,2,4,CITROEN C4,-1,-1,0,-1
202063B048520,2020,63B048520,1,9,0,9,9,8,7,0,0,6,0,0,0,0,3,1,6,6,2,49,8,1560,2,5,CITROEN C4,8,W01000796,0,-1
2020200950854,2020,200950854,2,9,0,2,2,0,0,0,0,1,0,0,0,0,4,1,6,6,1,-1,-1,1560,2,6,CITROEN C4,-1,-1,0,-1
20201379K1374,2020,1379K1374,2,9,0,18,19,3,7,0,0,0,0,0,0,0,3,1,6,6,2,44,7,1200,1,0,CITROEN C4,3,E01010725,0,-1
2020010254007,2020,010254007,1,9,0,5,5,0,3,0,0,1,0,10,7,11,1,1,6,6,2,35,6,1560,2,5,CITROEN C4,2,E01004403,0,-1
2020010228515,2020,010228515,1,9,0,8,8,8,2,0,0,1,0,0,0,0,3,1,6,6,1,27,6,1560,2,7,CITROEN C4,6,E01000259,0,-1
2020141009792,2020,141009792,1,9,0,10,10,1,5,0,0,8,0,0,0,0,2,1,5,6,1,27,6,1560,2,7,CITROEN C4,4,E01007728,0,-1
2020430307043,2020,430307043,3,9,0,18,19,8,4,0,0,1,0,0,0,0,3,1,6,6,1,31,6,1560,2,3,CITROEN C4,8,E01016751,0,-1
2020470954611,2020,470954611,2,9,0,18,19,5,1,0,0,0,0,0,0,0,1,1,2,2,1,44,7,1560,2,12,CITROEN C4,3,E01022904,0,-1
2020990969914,2020,990969914,2,9,0,18,19,1,4,0,0,0,0,0,0,0,3,1,5,6,1,51,8,1200,1,5,CITROEN C4,6,-1,0,-1
2020420975273,2020,420975273,1,9,0,11,11,3,7,0,0,0,0,0,0,0,3,1,2,2,1,64,9,1560,2,6,CITROEN C4,6,E01021917,0,-1
2020460924501,2020,460924501,1,9,0,4,4,2,6,2,2,3,0,0,1,0,3,1,6,6,1,52,8,1560,2,5,CITROEN C4,7,E01024064,0,-1
2020420998763,2020,420998763,1,9,0,18,19,7,3,0,0,0,0,0,0,0,1,1,5,6,1,63,9,1997,1,13,CITROEN C4,10,E01015910,0,-1
2020420982488,2020,420982488,2,9,0,12,12,1,5,0,0,7,0,0,0,0,2,1,1,1,1,35,6,1560,2,4,CITROEN C4,4,E01015953,0,-1
2020070079893,2020,070079893,3,9,0,10,10,3,1,0,0,1,0,0,0,0,1,1,2,2,2,37,7,1997,2,5,CITROEN C4,10,E01018680,0,-1
2020170M11900,2020,170M11900,2,9,0,18,19,6,2,0,0,2,0,0,0,0,4,1,6,6,2,35,6,1560,2,9,CITROEN C4,1,E01012039,0,-1
2020545651220,2020,545651220,1,9,0,18,19,1,6,0,0,8,0,0,0,0,3,1,6,6,1,42,7,1560,2,9,CITROEN C4,7,E01017721,0,-1
2020450970446,2020,450970446,1,9,0,18,19,7,3,0,0,0,0,0,0,0,2,1,5,6,2,43,7,1560,2,3,CITROEN C4,10,E01030811,0,-1
2020990975544,2020,990975544,2,9,0,5,5,7,1,0,0,7,0,0,0,0,1,1,2,2,1,40,7,1560,2,6,CITROEN C4,7,-1,0,-1
2020070007222,2020,070007222,2,9,0,9,9,3,1,0,0,1,0,0,0,0,0,1,6,6,1,31,6,1598,1,12,CITROEN C4,1,E01018462,0,-1
2020010257247,2020,010257247,1,9,0,8,8,7,1,0,0,1,0,0,0,0,2,2,6,6,1,54,8,1560,2,8,CITROEN C4,5,E01030740,0,-1
2020360999154,2020,360999154,1,9,0,9,9,8,6,0,0,0,0,0,0,0,3,1,6,6,1,65,9,1598,1,8,CITROEN C4,6,E01026569,0,-1
2020010266619,2020,010266619,2,8,9,1,1,1,5,99,99,0,9,99,9,99,9,9,6,6,1,-1,-1,1560,2,5,CITROEN C4,3,E01003788,0,-1
2020501014098,2020,501014098,1,9,0,5,5,7,3,0,0,4,0,0,0,0,1,1,6,6,1,65,9,1587,1,13,CITROEN C4,3,E01015115,0,-1
2020361008358,2020,361008358,2,9,0,18,19,1,5,0,0,0,1,0,0,0,1,1,5,6,2,73,10,1587,1,15,CITROEN C4,6,E01026899,0,-1
2020040951936,2020,040951936,1,9,0,2,2,3,7,9,9,0,0,0,0,0,1,1,5,6,2,-1,-1,1560,2,12,CITROEN C4,6,E01025265,0,-1
2020100982924,2020,100982924,2,9,0,18,19,5,1,0,0,0,0,0,0,0,0,1,5,6,2,42,7,1560,2,7,CITROEN C4,3,E01008185,0,-1
2020070068998,2020,070068998,1,9,0,18,19,2,6,0,0,5,0,0,3,1,1,1,6,6,2,72,10,1200,1,3,CITROEN C4,5,E01018418,0,-1
2020160918102,2020,160918102,1,9,0,18,19,1,1,0,0,0,0,0,0,0,2,1,5,6,1,46,8,1560,2,15,CITROEN C4,2,E01013291,0,-1
2020010276295,2020,010276295,1,9,0,18,19,7,3,0,0,3,0,0,0,0,1,1,6,6,2,50,8,1560,2,6,CITROEN C4,2,E01002277,0,-1
2020010246384,2020,010246384,4,9,0,18,19,3,7,2,2,8,0,0,0,0,1,1,6,6,1,17,4,1598,1,9,CITROEN C4,-1,-1,0,-1
2020220953388,2020,220953388,1,9,0,18,19,3,7,0,0,0,0,0,0,0,1,1,2,2,1,54,8,1199,1,5,CITROEN C4,7,E01028921,0,-1
2020440472522,2020,440472522,1,9,0,7,7,5,7,0,0,2,0,0,0,0,1,1,6,6,1,70,10,1200,1,3,CITROEN C4,3,E01017127,0,-1
2020522100693,2020,522100693,1,9,0,6,6,1,1,0,0,0,0,0,0,0,3,1,6,6,1,29,6,1200,1,2,CITROEN C4,8,E01014509,0,-1
2020302000757,2020,302000757,1,8,0,9,9,8,6,0,0,1,0,0,0,0,3,1,6,6,1,61,9,1560,2,10,CITROEN C4,3,E01013510,0,-1
2020990935023,2020,990935023,1,9,0,18,19,4,8,0,0,0,0,0,7,0,1,1,6,6,1,74,10,1560,2,4,CITROEN C4,1,-1,0,-1
2020140945437,2020,140945437,1,9,0,18,19,8,4,0,0,0,0,0,0,0,1,1,6,6,2,45,7,1200,1,1,CITROEN C4,-1,-1,0,-1
2020990989627,2020,990989627,2,9,0,18,19,8,4,0,0,8,0,0,0,0,1,1,5,6,1,40,7,1560,2,8,CITROEN C4,1,-1,0,-1
2020010233414,2020,010233414,2,9,0,99,99,9,9,99,99,9,9,99,9,99,9,9,6,6,3,-1,-1,1560,2,6,CITROEN C4,-1,-1,0,-1
2020990993790,2020,990993790,2,9,0,17,19,1,6,0,0,0,0,0,1,10,1,1,2,2,2,54,8,1560,2,10,CITROEN C4,2,-1,0,-1
2020220985320,2020,220985320,1,9,0,5,5,6,2,0,0,0,0,0,0,0,1,1,5,6,1,36,7,1560,2,6,CITROEN C4,8,E01032317,0,-1
2020140957041,2020,140957041,1,9,0,18,19,3,7,0,0,0,0,0,0,0,3,1,6,6,2,29,6,1560,2,8,CITROEN C4,5,E01008153,0,-1
2020041000095,2020,041000095,1,9,0,9,9,8,6,0,0,8,0,0,0,0,3,1,5,6,1,56,9,1560,2,8,CITROEN C4,7,E01025561,0,-1
2020522004273,2020,522004273,2,9,0,18,19,7,3,0,0,0,0,0,0,0,1,1,6,6,3,-1,-1,1560,2,6,CITROEN C4,-1,-1,0,-1
2020370939966,2020,370939966,1,9,0,18,19,5,8,0,0,0,1,0,0,0,1,1,3,7,2,36,7,1560,2,6,CITROEN C4,7,E01029901,0,-1
2020221015905,2020,221015905,1,9,0,18,19,1,5,0,0,8,0,0,0,0,1,1,2,2,1,64,9,1560,2,13,CITROEN C4,7,E01014075,0,-1
2020622100055,2020,622100055,2,9,0,2,2,0,0,0,0,0,0,0,0,0,3,1,6,6,3,-1,-1,1560,2,4,CITROEN C4,-1,-1,0,-1
2020461002513,2020,461002513,2,9,0,18,19,1,5,0,0,1,0,0,0,0,4,1,6,6,1,-1,-1,1560,2,10,CITROEN C4,9,E01024834,0,-1
2020200972045,2020,200972045,1,9,0,18,19,5,1,0,0,4,0,10,3,1,1,1,6,6,1,40,7,1560,2,6,CITROEN C4,1,E01008980,0,-1
2020552000717,2020,552000717,1,9,0,18,19,8,4,0,0,0,0,0,0,0,1,1,6,6,1,38,7,1560,2,12,CITROEN C4,3,E01015293,0,-1
2020010246098,2020,010246098,1,9,0,18,19,5,1,0,0,1,0,0,0,0,1,1,6,6,1,23,5,1200,1,4,CITROEN C4,2,E01004240,0,-1
2020010257293,2020,010257293,1,9,0,99,99,9,9,99,99,9,9,99,9,99,9,9,6,6,1,39,7,1360,1,11,CITROEN C4,6,E01021730,0,-1
2020430086025,2020,430086025,1,9,0,18,19,6,2,0,0,0,0,0,0,0,4,1,3,7,2,43,7,1560,2,10,CITROEN C4,10,E01016349,0,-1
2020501011500,2020,501011500,2,9,0,18,19,1,5,0,0,0,0,0,0,0,2,1,6,6,2,51,8,1997,2,13,CITROEN C4,5,E01015129,0,-1
2020470988826,2020,470988826,1,9,0,1,1,4,8,0,0,8,0,0,0,0,1,1,5,6,1,81,11,1200,1,1,CITROEN C4,9,E01021153,0,-1
2020320447121,2020,320447121,2,9,0,18,19,3,7,0,0,1,0,0,0,0,2,1,2,2,1,56,9,1587,1,14,CITROEN C4,3,E01026381,0,-1
202006N275665,2020,06N275665,1,9,0,5,5,7,3,0,0,6,0,0,0,0,1,1,6,6,2,35,6,1560,2,6,CITROEN C4,5,E01004975,0,-1
2020500940811,2020,500940811,2,9,0,3,3,8,4,0,0,0,0,0,0,0,2,1,5,6,2,24,5,1587,1,14,CITROEN C4,6,E01015076,0,-1
2020460921505,2020,460921505,2,9,0,2,2,0,0,0,0,1,1,0,0,0,2,1,6,6,2,-1,-1,1587,1,13,CITROEN C4,8,E01024803,0,-1
2020360941245,2020,360941245,2,9,0,18,19,5,1,0,0,2,0,0,0,0,3,1,5,6,2,39,7,1560,2,5,CITROEN C4,4,E01026909,0,-1
2020040941764,2020,040941764,1,9,0,18,19,7,3,0,0,1,0,0,0,0,2,1,5,6,2,54,8,1560,2,2,CITROEN C4,9,E01012598,0,-1
2020230917892,2020,230917892,1,9,0,9,9,1,7,0,0,2,0,0,0,0,1,1,5,6,1,69,10,1360,1,11,CITROEN C4,9,E01031329,0,-1
2020340D08342,2020,340D08342,1,9,0,4,4,3,7,0,0,0,0,0,0,0,2,1,6,6,1,37,7,1560,2,6,CITROEN C4,-1,-1,0,-1
2020010231985,2020,010231985,2,9,0,99,99,9,9,99,99,9,9,99,9,99,9,9,6,6,3,75,10,1560,2,5,CITROEN C4,3,E01002646,0,-1
2020302001366,2020,302001366,2,9,0,4,4,2,6,0,0,8,0,0,0,0,2,1,6,6,2,43,7,1560,2,7,CITROEN C4,4,E01008073,0,-1
2020010262994,2020,010262994,2,9,0,18,19,7,3,0,0,1,0,0,0,0,4,1,6,6,1,77,11,1600,1,5,CITROEN C4,8,E01002273,0,-1
2020200989420,2020,200989420,1,9,0,18,19,8,4,0,0,0,0,0,0,0,1,1,3,7,1,29,6,1560,2,11,CITROEN C4,2,E01010091,0,-1
2020137BK0692,2020,137BK0692,1,9,0,5,5,3,7,0,0,0,0,0,0,0,0,1,1,1,1,-1,-1,1200,1,1,CITROEN C4,-1,-1,0,-1
2020500945837,2020,500945837,2,9,0,18,19,3,7,0,0,0,0,0,0,0,3,1,6,6,2,36,7,1560,2,11,CITROEN C4,6,E01019893,0,-1
2020370977372,2020,370977372,1,9,0,18,19,4,8,0,0,1,0,0,0,0,1,1,5,6,1,34,6,1560,2,9,CITROEN C4,7,E01032820,0,-1
2020350937154,2020,350937154,2,9,0,16,19,7,3,0,0,0,1,0,0,0,1,1,6,6,3,-1,-1,1560,2,4,CITROEN C4,-1,-1,0,-1
2020200996546,2020,200996546,2,9,0,3,3,8,4,0,0,2,0,0,0,0,2,1,6,6,2,38,7,1560,2,5,CITROEN C4,6,E01009676,0,-1
2020440272229,2020,440272229,2,9,0,18,19,6,2,0,0,8,0,0,8,11,4,1,6,6,2,22,5,1560,2,4,CITROEN C4,1,E01017332,0,-1
2020010272856,2020,010272856,1,9,0,9,9,1,7,0,0,1,0,0,0,0,1,1,3,7,1,35,6,1560,2,12,CITROEN C4,6,E01001258,0,-1
2020460980220,2020,460980220,1,9,0,18,19,1,5,0,0,0,0,0,0,0,1,1,5,6,2,35,6,1560,2,5,CITROEN C4,6,E01016056,0,-1
2020010230073,2020,010230073,2,9,0,5,5,5,1,0,0,8,0,0,0,0,1,1,6,6,2,39,7,1560,2,11,CITROEN C4,2,E01001079,0,-1
2020522004243,2020,522004243,2,9,0,5,5,2,6,0,0,0,0,0,0,0,3,1,6,6,1,-1,-1,1997,2,5,CITROEN C4,-1,-1,0,-1
2020160945624,2020,160945624,1,9,0,1,1,7,3,0,0,1,0,0,0,0,2,1,5,6,1,73,10,1360,1,11,CITROEN C4,4,E01012938,0,-1
2020010231226,2020,010231226,1,8,0,99,99,9,9,99,99,9,9,99,9,99,2,9,6,6,1,39,7,1560,2,4,CITROEN C4,3,E01004425,0,-1
2020370959267,2020,370959267,1,9,0,17,19,4,8,0,0,0,5,0,2,0,1,1,5,6,1,54,8,1560,2,12,CITROEN C4,3,E01005528,0,-1
2020460964392,2020,460964392,1,9,0,4,4,5,1,0,0,0,0,0,0,0,1,1,5,6,1,29,6,1997,2,7,CITROEN C4,6,E01016134,0,-1
2020410939610,2020,410939610,2,9,0,16,19,4,8,0,0,0,0,0,0,0,4,1,5,6,2,62,9,1587,1,13,CITROEN C4,9,E01017692,0,-1
2020460973326,2020,460973326,3,9,0,3,3,6,2,0,0,0,0,11,0,0,2,1,6,6,1,59,9,1997,2,12,CITROEN C4,4,E01024645,0,-1
2020470992789,2020,470992789,1,9,0,5,5,7,3,0,0,0,0,0,0,0,1,1,5,6,2,40,7,1560,2,4,CITROEN C4,7,E01021108,0,-1
2020351013161,2020,351013161,2,9,0,5,5,8,4,0,0,0,0,0,0,0,2,1,3,7,1,66,10,1997,2,9,CITROEN C4,5,E01018102,0,-1
2020542182420,2020,542182420,5,9,0,18,19,1,5,0,0,0,0,0,0,0,2,1,6,6,2,54,8,1560,2,10,CITROEN C4,10,E01015521,0,-1
2020070657373,2020,070657373,2,9,0,4,4,8,4,0,0,1,0,0,0,0,2,1,6,6,1,39,7,1200,1,3,CITROEN C4,10,E01018589,0,-1
2020200949747,2020,200949747,2,9,0,3,3,8,4,0,0,0,0,4,0,0,1,1,2,2,2,57,9,1560,2,15,CITROEN C4,4,E01009835,0,-1
2020010228205,2020,010228205,1,9,0,5,5,2,6,0,0,1,0,0,0,0,2,1,6,6,1,42,7,1798,1,12,CITROEN C4,5,E01001644,0,-1
2020320578910,2020,320578910,2,9,0,3,3,1,5,0,0,0,0,0,0,0,2,1,6,6,1,75,10,1560,2,4,CITROEN C4,4,E01026410,0,-1
2020530960749,2020,530960749,2,9,0,9,9,7,3,0,0,8,0,0,0,0,1,1,6,6,1,44,7,1560,2,5,CITROEN C4,8,E01022387,0,-1
2020501009112,2020,501009112,2,9,0,9,9,2,8,0,0,2,0,0,0,0,1,1,6,6,2,23,5,1560,2,10,CITROEN C4,8,E01018792,0,-1
2020501013130,2020,501013130,1,9,0,18,19,3,1,0,0,1,0,0,0,0,1,1,6,6,2,42,7,1798,1,12,CITROEN C4,2,E01020113,0,-1
2020450939372,2020,450939372,2,9,0,18,19,1,5,0,0,0,1,0,0,0,1,2,6,6,2,29,6,1560,2,12,CITROEN C4,8,E01030735,0,-1
2020010229656,2020,010229656,2,9,9,99,99,9,9,99,99,9,9,99,9,99,4,9,6,6,3,-1,-1,1560,2,3,CITROEN C4,-1,-1,0,-1
2020320340341,2020,320340341,1,8,0,9,9,4,6,0,0,1,0,0,1,4,3,1,6,6,1,25,5,1587,1,15,CITROEN C4,6,E01026159,0,-1
2020010285405,2020,010285405,2,9,0,10,10,1,7,0,0,2,0,0,0,0,1,1,2,2,1,56,9,1200,1,3,CITROEN C4,7,E01000377,0,-1
2020200951131,2020,200951131,1,9,0,16,19,3,6,0,0,0,5,4,0,0,1,1,6,6,2,71,10,1560,2,5,CITROEN C4,7,E01010247,0,-1
20201377M1254,2020,1377M1254,2,9,0,18,19,1,5,0,0,0,0,0,0,0,2,1,6,6,2,35,6,1200,1,4,CITROEN C4,4,E01027985,0,-1
2020010240768,2020,010240768,1,9,0,9,9,7,4,0,0,1,0,0,0,0,0,1,2,2,1,22,5,1560,2,11,CITROEN C4,4,E01000792,0,-1
202031B165920,2020,31B165920,1,9,0,11,11,2,7,0,0,8,0,0,0,0,1,1,6,6,1,63,9,1560,2,12,CITROEN C4,1,E01014238,0,-1
2020010272806,2020,010272806,2,9,0,3,3,7,3,0,0,1,0,0,0,0,2,1,6,6,1,50,8,1200,1,1,CITROEN C4,3,E01001282,0,-1
2020160976243,2020,160976243,1,9,0,4,4,8,4,0,0,0,0,0,0,0,2,1,5,6,2,28,6,1560,2,5,CITROEN C4,2,E01012884,0,-1
2020552000445,2020,552000445,2,9,0,4,4,7,3,0,0,1,0,0,0,0,2,1,6,6,2,36,7,1560,2,12,CITROEN C4,8,E01015411,0,-1
2020160949442,2020,160949442,2,9,0,9,9,6,4,0,0,8,0,0,0,0,1,1,6,6,1,-1,-1,1560,2,7,CITROEN C4,5,E01012824,0,-1
2020370944845,2020,370944845,1,9,0,5,5,5,1,0,0,1,0,0,0,0,3,1,5,6,1,81,11,1200,1,3,CITROEN C4,5,E01029958,0,-1
2020471006266,2020,471006266,1,9,0,18,19,2,6,0,0,3,0,0,0,0,3,1,5,6,1,45,7,1560,2,10,CITROEN C4,2,E01021091,0,-1
2020211023378,2020,211023378,1,9,0,18,19,8,4,0,0,0,0,0,1,0,1,1,1,1,1,56,9,1560,2,7,CITROEN C4,2,E01014234,0,-1
2020320314706,2020,320314706,2,9,0,18,19,7,3,0,0,8,2,0,7,9,4,1,6,6,2,52,8,1560,2,5,CITROEN C4,7,E01013018,0,-1