collision_index,collision_year,collision_ref_no,vehicle_reference,vehicle_type,towing_and_articulation,vehicle_manoeuvre_historic,vehicle_manoeuvre,vehicle_direction_from,vehicle_direction_to,vehicle_location_restricted_lane_historic,vehicle_location_restricted_lane,junction_location,skidding_and_overturning,hit_object_in_carriageway,vehicle_leaving_carriageway,hit_object_off_carriageway,first_point_of_impact,vehicle_left_hand_drive,journey_purpose_of_driver_historic,journey_purpose_of_driver,sex_of_driver,age_of_driver,age_band_of_driver,engine_capacity_cc,propulsion_code,age_of_vehicle,generic_make_model,driver_imd_decile,lsoa_of_driver,escooter_flag,driver_distance_banding
2020530979941,2020,530979941,2,9,0,4,4,6,2,0,0,0,0,0,0,0,2,1,6,6,1,46,8,1560,2,2,CITROEN C4,6,E01026664,0,-1
2020460968047,2020,460968047,2,9,0,4,4,-1,-1,0,0,0,0,0,0,0,2,1,6,6,2,48,8,1560,2,7,CITROEN C4,4,E01024290,0,-1
2020010271980,2020,010271980,2,9,9,99,99,9,9,99,99,9,9,99,9,99,1,9,6,6,3,-1,-1,1997,2,9,CITROEN C4,2,E01003089,0,-1
2020010260052,2020,010260052,1,9,0,1,1,7,3,0,0,6,0,0,0,0,9,1,6,6,1,-1,-1,1560,2,7,CITROEN C4,8,E01002159,0,-1
2020440284061,2020,440284061,1,9,0,18,19,4,8,0,0,1,0,0,0,0,1,1,6,6,2,87,11,1560,2,4,CITROEN C4,10,E01016708,0,-1
2020460966108,2020,460966108,1,9,0,18,19,7,3,0,0,0,5,0,0,0,1,1,6,6,2,25,5,1200,1,4,CITROEN C4,5,E01032654,0,-1
2020200999986,2020,200999986,2,9,0,5,5,7,3,0,0,8,0,0,0,0,4,1,6,6,2,56,9,1560,2,11,CITROEN C4,7,E01009805,0,-1
202006XF77125,2020,06XF77125,2,9,0,18,19,5,1,0,0,0,0,0,0,0,3,1,6,6,1,38,7,1560,2,12,CITROEN C4,7,E01006279,0,-1
2020302000245,2020,302000245,1,9,0,18,19,1,5,0,0,8,0,4,0,0,3,1,6,6,2,28,6,1587,1,13,CITROEN C4,10,E01019848,0,-1
2020500956774,2020,500956774,2,9,0,18,19,3,7,0,0,0,0,0,0,0,1,1,5,6,2,70,10,1560,2,15,CITROEN C4,7,E01018795,0,-1
2020101008956,2020,101008956,1,9,0,2,2,0,0,0,0,0,0,8,0,0,3,1,5,6,2,58,9,1560,2,5,CITROEN C4,10,E01008784,0,-1
202031A065020,2020,31A065020,2,9,0,18,19,3,7,0,0,8,0,0,0,0,1,1,6,6,1,72,10,1587,1,14,CITROEN C4,7,E01027990,0,-1
2020320685770,2020,320685770,1,9,0,18,19,4,8,0,0,2,1,0,3,9,1,1,2,2,1,28,6,1560,2,9,CITROEN C4,4,E01026102,0,-1
2020010245318,2020,010245318,3,8,0,18,19,1,5,0,0,1,0,0,0,0,1,1,1,1,1,63,9,1560,2,5,CITROEN C4,5,E01024181,0,-1
2020370938894,2020,370938894,2,9,0,10,10,0,0,0,0,8,0,0,0,0,2,1,5,6,1,26,6,1560,2,11,CITROEN C4,1,E01026599,0,-1
2020990969658,2020,990969658,1,9,0,9,9,1,7,0,0,1,0,0,0,0,1,1,5,6,1,82,11,1560,2,11,CITROEN C4,4,-1,0,-1
2020530950389,2020,530950389,1,9,0,13,13,5,2,0,0,0,0,0,0,0,3,1,5,6,2,35,6,1560,2,10,CITROEN C4,6,E01022235,0,-1
2020622000330,2020,622000330,3,9,0,2,2,0,0,0,0,1,0,0,0,0,4,1,6,6,3,-1,-1,1587,1,12,CITROEN C4,-1,-1,0,-1
2020221014040,2020,221014040,1,9,0,18,19,5,1,0,0,0,2,0,0,0,3,1,5,6,2,33,6,1200,1,4,CITROEN C4,7,E01028995,0,-1
2020450971790,2020,450971790,1,9,0,18,19,3,7,0,0,3,0,0,0,0,1,1,5,6,2,72,10,1560,2,5,CITROEN C4,8,E01031560,0,-1
2020470924408,2020,470924408,3,9,0,18,19,1,5,0,0,1,0,0,0,0,4,1,5,6,2,45,7,1560,2,6,CITROEN C4,9,E01021225,0,-1
2020990915269,2020,990915269,1,9,0,7,7,1,4,0,0,1,0,0,0,0,4,1,6,6,1,55,8,1560,2,3,CITROEN C4,3,-1,0,-1
2020522004676,2020,522004676,1,9,0,18,19,8,4,0,0,8,0,0,0,2,1,1,6,6,3,-1,-1,1499,2,1,CITROEN C4,-1,-1,0,-1
2020040936248,2020,040936248,1,9,0,18,19,4,8,0,0,0,2,0,1,11,1,1,5,6,1,30,6,1200,1,1,CITROEN C4,8,E01012582,0,-1
2020552000924,2020,552000924,2,9,0,4,4,6,2,0,0,0,0,0,0,0,2,1,2,2,2,40,7,1587,1,12,CITROEN C4,8,E01020504,0,-1
2020500999667,2020,500999667,1,9,0,18,19,7,3,0,0,1,0,0,0,0,1,1,6,6,2,61,9,1200,1,3,CITROEN C4,4,E01020217,0,-1
2020440230177,2020,440230177,1,9,0,18,19,6,2,0,0,2,0,0,0,0,1,1,6,6,1,23,5,1560,2,12,CITROEN C4,2,E01017208,0,-1
202063A073320,2020,63A073320,1,9,0,5,5,8,4,0,0,0,0,0,0,0,2,1,6,6,1,24,5,1560,2,14,CITROEN C4,6,W01000628,0,-1
2020400924498,2020,400924498,4,9,0,4,4,5,1,0,0,0,0,0,0,0,2,1,6,6,2,43,7,1560,2,14,CITROEN C4,10,E01017621,0,-1
2020010258687,2020,010258687,2,9,0,7,7,1,4,0,0,6,0,0,0,0,0,1,6,6,3,-1,-1,1560,2,4,CITROEN C4,-1,-1,0,-1
2020990946696,2020,990946696,2,9,0,7,7,4,1,0,0,8,0,10,1,1,3,1,2,2,1,39,7,1560,2,7,CITROEN C4,7,-1,0,-1
2020552000321,2020,552000321,2,9,0,3,3,4,8,0,0,0,0,0,0,0,2,1,6,6,1,59,9,1560,2,4,CITROEN C4,5,E01015427,0,-1
2020552000525,2020,552000525,1,9,0,18,19,1,5,0,0,0,1,0,1,0,1,1,1,1,1,34,6,1560,2,6,CITROEN C4,1,E01015281,0,-1
2020200998667,2020,200998667,1,9,0,9,9,6,4,0,0,5,0,0,0,0,1,1,6,6,2,43,7,1560,2,7,CITROEN C4,4,E01009689,0,-1
2020340N02592,2020,340N02592,1,9,0,18,19,5,1,0,0,0,1,0,0,0,1,1,2,2,1,28,6,1560,2,3,CITROEN C4,6,E01031107,0,-1
2020440416494,2020,440416494,1,9,0,9,9,8,6,0,0,8,0,0,0,0,1,1,6,6,3,-1,-1,1587,1,14,CITROEN C4,-1,-1,0,-1
2020010263395,2020,010263395,2,9,0,18,19,3,7,0,0,1,0,0,0,0,1,1,6,6,3,-1,-1,1997,2,13,CITROEN C4,-1,-1,0,-1
2020350968809,2020,350968809,2,9,0,4,4,7,3,0,0,0,0,0,0,0,2,1,5,6,1,49,8,1560,2,11,CITROEN C4,2,E01015657,0,-1
2020622001043,2020,622001043,2,9,0,4,4,4,8,0,0,0,0,0,0,0,2,1,1,1,2,51,8,1560,2,13,CITROEN C4,3,W01000987,0,-1
2020552001068,2020,552001068,2,9,0,3,3,4,8,0,0,0,0,0,0,0,2,1,6,6,1,59,9,1587,1,13,CITROEN C4,3,E01015409,0,-1
2020010250859,2020,010250859,4,9,0,2,2,0,0,9,9,1,0,0,0,0,1,2,6,6,3,-1,-1,1560,2,14,CITROEN C4,-1,-1,0,-1
2020320666010,2020,320666010,2,9,0,4,4,4,8,0,0,0,0,0,0,0,2,1,1,1,2,52,8,1200,1,3,CITROEN C4,5,E01026054,0,-1
2020460949415,2020,460949415,2,9,0,18,19,1,5,0,0,8,5,0,7,0,4,1,2,2,1,27,6,1560,2,10,CITROEN C4,4,E01024771,0,-1
202006P376673,2020,06P376673,1,9,0,18,19,2,6,0,0,0,0,0,0,0,1,1,6,6,1,38,7,1560,2,6,CITROEN C4,-1,-1,0,-1
2020440107657,2020,440107657,2,9,0,18,19,7,3,0,0,8,0,0,0,0,1,1,1,1,2,34,6,1560,2,10,CITROEN C4,1,E01017053,0,-1
2020450943149,2020,450943149,2,9,0,9,9,4,6,0,0,0,0,11,0,0,1,1,5,6,2,64,9,1200,1,4,CITROEN C4,9,E01030330,0,-1
2020010258368,2020,010258368,1,8,0,10,10,1,6,0,0,0,0,0,0,0,4,1,1,1,1,58,9,1560,2,5,CITROEN C4,2,E01000925,0,-1
2020420984478,2020,420984478,2,9,0,18,19,3,7,0,0,0,1,0,5,0,3,1,5,6,1,74,10,1560,2,8,CITROEN C4,9,E01020404,0,-1
2020420976921,2020,420976921,1,9,0,18,19,8,3,0,0,4,0,0,0,0,1,1,5,6,1,72,10,1200,1,1,CITROEN C4,2,E01021977,0,-1
2020140942185,2020,140942185,1,9,0,18,19,8,5,0,0,8,0,0,0,0,4,1,5,6,1,57,9,1560,2,9,CITROEN C4,1,E01007645,0,-1
2020030921899,2020,030921899,1,9,0,18,19,7,3,0,0,0,0,0,0,0,1,1,6,6,2,73,10,1560,2,6,CITROEN C4,5,E01019225,0,-1
2020552000232,2020,552000232,7,9,0,2,2,0,0,0,0,0,0,0,0,0,1,1,6,6,3,-1,-1,1560,2,6,CITROEN C4,-1,-1,0,-1
2020320396769,2020,320396769,2,9,0,18,19,7,3,0,0,8,0,0,1,11,1,1,6,6,1,38,7,1997,2,11,CITROEN C4,7,E01026053,0,-1
2020041002062,2020,041002062,1,9,0,18,19,1,5,0,0,1,0,0,0,0,1,2,5,6,1,46,8,1997,2,7,CITROEN C4,1,E01012657,0,-1
2020161008991,2020,161008991,2,9,0,18,19,7,3,0,0,0,0,0,0,0,2,1,6,6,1,40,7,1560,2,10,CITROEN C4,7,E01012814,0,-1
2020522000225,2020,522000225,1,9,0,18,19,6,1,0,0,8,0,0,0,0,1,1,6,6,2,54,8,1200,1,1,CITROEN C4,5,E01014438,0,-1
202031D169920,2020,31D169920,1,9,0,18,19,1,5,0,0,8,0,0,0,0,1,1,6,6,2,68,10,1200,1,4,CITROEN C4,9,E01028355,0,-1
2020302001224,2020,302001224,4,9,0,4,4,1,5,0,0,1,0,0,0,0,1,1,6,6,1,33,6,1560,2,3,CITROEN C4,10,E01011454,0,-1
2020400954943,2020,400954943,1,9,0,10,10,1,5,0,0,8,0,0,0,0,3,1,6,6,1,30,6,1587,1,12,CITROEN C4,1,E01027110,0,-1
2020332000217,2020,332000217,1,9,0,18,19,5,1,0,0,1,0,0,0,0,1,1,6,6,1,62,9,1200,1,2,CITROEN C4,8,E01025990,0,-1
20201375N0424,2020,1375N0424,3,9,0,18,19,5,1,0,0,1,0,0,0,0,1,1,6,6,1,75,10,1560,2,3,CITROEN C4,8,E01011185,0,-1
2020200996511,2020,200996511,1,9,0,4,4,8,4,0,0,1,0,0,0,0,1,1,1,1,1,-1,-1,1997,2,13,CITROEN C4,3,E01001747,0,-1
2020302001035,2020,302001035,3,9,0,2,2,0,0,0,0,8,0,0,0,0,3,1,6,6,3,-1,-1,1560,2,8,CITROEN C4,-1,-1,0,-1
2020460917969,2020,460917969,1,9,0,18,19,3,6,0,0,0,0,0,0,0,1,1,3,7,2,43,7,1560,2,13,CITROEN C4,9,E01016133,0,-1
2020552000375,2020,552000375,1,9,0,18,19,1,5,0,0,1,1,0,1,4,1,1,6,6,1,39,7,1587,1,15,CITROEN C4,6,E01029227,0,-1
2020070043629,2020,070043629,1,9,0,18,19,4,6,0,0,6,0,0,0,0,1,1,6,6,2,30,6,1560,2,3,CITROEN C4,10,E01018505,0,-1
2020430320601,2020,430320601,4,9,0,18,19,1,5,0,0,0,0,0,0,0,2,1,6,6,1,41,7,1997,1,13,CITROEN C4,5,E01022488,0,-1
2020340N06752,2020,340N06752,1,9,0,9,9,4,1,0,0,8,0,0,0,0,4,1,6,6,2,46,8,1560,2,6,CITROEN C4,7,E01027202,0,-1
2020040941922,2020,040941922,1,9,0,4,4,3,7,0,0,0,0,0,1,11,1,1,5,6,1,84,11,1560,2,2,CITROEN C4,2,E01006910,0,-1
2020991004274,2020,991004274,3,9,0,10,10,2,8,0,0,1,0,0,0,0,1,1,5,6,2,39,7,1560,2,5,CITROEN C4,4,-1,0,-1
2020137390799,2020,137390799,1,3,0,18,19,1,5,0,0,8,0,0,7,0,4,1,6,6,1,26,6,124,1,0,-1,3,E01010980,0,-1
2020010265387,2020,010265387,2,3,0,18,19,1,5,0,0,1,2,0,0,0,1,1,6,6,1,37,7,124,1,3,-1,9,E01030326,0,-1
2020450964058,2020,450964058,1,5,0,17,19,1,5,0,0,8,0,10,1,0,4,1,2,2,1,61,9,773,1,6,-1,7,E01023124,0,-1
2020230946284,2020,230946284,1,3,0,16,19,1,4,0,0,0,1,6,0,0,1,1,5,6,1,20,4,124,1,6,-1,9,E01031200,0,-1
2020010283776,2020,010283776,1,9,0,18,19,1,5,0,0,0,0,0,0,0,2,1,2,2,1,70,10,4367,2,4,LAND ROVER RANGE ROVER,4,E01002059,0,-1
2020552000517,2020,552000517,1,9,0,4,4,4,8,0,0,1,0,0,0,0,2,1,6,6,1,29,6,2993,2,3,LAND ROVER RANGE ROVER,7,E01015425,0,-1
2020471008664,2020,471008664,1,9,0,4,4,4,8,0,0,0,0,0,0,0,4,1,5,6,1,22,5,4367,2,8,LAND ROVER RANGE ROVER,6,E01031770,0,-1
2020470990781,2020,470990781,1,9,0,5,5,4,1,0,0,6,0,0,0,0,1,1,5,6,1,66,10,2993,2,3,LAND ROVER RANGE ROVER,9,E01017001,0,-1
2020200942584,2020,200942584,1,9,0,9,9,4,2,0,0,6,0,0,0,0,1,1,6,6,1,-1,-1,2993,2,10,LAND ROVER RANGE ROVER,-1,-1,0,-1
2020141010128,2020,141010128,2,9,0,18,19,6,2,0,0,8,0,0,0,0,1,1,6,6,2,-1,-1,2720,2,12,LAND ROVER RANGE ROVER,-1,-1,0,-1
2020220959153,2020,220959153,3,9,0,2,2,0,0,0,0,0,0,0,0,0,4,1,5,6,1,20,4,4999,1,9,LAND ROVER RANGE ROVER,-1,-1,0,-1
2020052002378,2020,052002378,2,9,0,4,4,6,2,0,0,1,0,0,0,0,2,1,6,6,1,56,9,4367,2,5,LAND ROVER RANGE ROVER,6,E01025495,0,-1
2020420990950,2020,420990950,1,9,0,18,19,8,4,0,0,2,0,0,0,0,1,1,6,6,1,48,8,3628,2,12,LAND ROVER RANGE ROVER,7,E01015955,0,-1
2020010252083,2020,010252083,3,9,0,17,19,5,1,0,0,6,0,4,0,0,1,1,1,1,1,53,8,4999,1,1,LAND ROVER RANGE ROVER,6,E01003013,0,-1
2020320075853,2020,320075853,1,9,0,17,19,1,5,0,0,0,0,0,7,0,1,1,6,6,1,53,8,2497,2,24,LAND ROVER RANGE ROVER,2,E01026154,0,-1
2020010261823,2020,010261823,2,9,0,99,99,9,9,99,99,9,9,99,9,99,2,9,6,6,1,66,10,4999,1,8,LAND ROVER RANGE ROVER,10,E01023887,0,-1
2020201023043,2020,201023043,2,9,0,18,19,8,4,0,0,8,0,0,0,0,1,1,6,6,1,49,8,2926,2,14,LAND ROVER RANGE ROVER,1,E01010318,0,-1
2020552000895,2020,552000895,2,9,0,3,3,8,4,0,0,0,0,0,0,0,2,1,6,6,2,50,8,2993,2,5,LAND ROVER RANGE ROVER,2,E01015384,0,-1
202031C173120,2020,31C173120,2,9,0,18,19,7,3,0,0,6,0,0,0,0,3,1,6,6,1,43,7,3628,2,11,LAND ROVER RANGE ROVER,5,E01028126,0,-1
2020420942305,2020,420942305,2,9,0,18,19,3,7,0,0,1,0,0,0,0,4,1,5,6,1,51,8,3628,2,14,LAND ROVER RANGE ROVER,3,E01021276,0,-1
2020522100656,2020,522100656,1,9,0,3,3,7,3,0,0,0,0,0,0,0,1,1,6,6,1,31,6,2720,2,13,LAND ROVER RANGE ROVER,10,E01014866,0,-1
2020200945720,2020,200945720,1,9,0,18,19,7,3,0,0,0,0,0,0,0,0,1,6,6,1,57,9,3628,2,14,LAND ROVER RANGE ROVER,4,E01009835,0,-1
2020470990671,2020,470990671,2,9,0,18,19,3,7,0,0,0,0,0,0,0,1,1,6,6,2,30,6,4398,1,16,LAND ROVER RANGE ROVER,8,E01031466,0,-1
2020010263725,2020,010263725,1,9,0,18,19,5,1,0,0,2,0,0,0,0,3,1,6,6,1,70,10,4398,1,18,LAND ROVER RANGE ROVER,3,E01002058,0,-1
202031B043720,2020,31B043720,1,9,0,18,19,8,4,0,0,6,0,0,0,0,4,1,2,2,2,28,6,3628,2,10,LAND ROVER RANGE ROVER,8,E01028035,0,-1
2020470971652,2020,470971652,1,9,0,1,1,6,2,0,0,0,0,0,0,0,2,1,5,6,1,-1,-1,2993,2,9,LAND ROVER RANGE ROVER,-1,-1,0,-1
2020470994053,2020,470994053,1,9,0,18,19,5,1,0,0,8,0,0,0,0,1,1,5,6,1,44,7,3628,2,13,LAND ROVER RANGE ROVER,6,E01021105,0,-1
2020010269184,2020,010269184,1,9,0,99,99,9,9,99,99,1,9,99,9,99,4,9,6,6,2,44,7,2993,2,3,LAND ROVER RANGE ROVER,6,E01003705,0,-1
2020531014332,2020,531014332,2,9,0,18,19,3,3,0,0,0,0,0,0,0,1,1,6,6,1,39,7,2497,2,21,LAND ROVER RANGE ROVER,10,E01022417,0,-1
2020041020052,2020,041020052,1,9,0,18,19,7,3,0,0,0,1,7,0,0,1,1,6,6,1,57,9,2993,2,3,LAND ROVER RANGE ROVER,6,E01025020,0,-1
2020332000009,2020,332000009,2,9,0,17,19,7,3,0,0,0,0,0,0,0,3,1,6,6,2,52,8,1997,8,1,LAND ROVER RANGE ROVER,9,E01029419,0,-1
2020010267604,2020,010267604,1,9,0,18,19,4,8,0,0,4,0,0,0,0,1,1,6,6,2,55,8,4367,2,3,LAND ROVER RANGE ROVER,-1,-1,0,-1
2020610048120,2020,610048120,2,9,0,2,2,0,0,0,0,0,0,0,0,0,0,1,6,6,2,-1,-1,4556,1,20,LAND ROVER RANGE ROVER,7,W01001507,0,-1
2020302001395,2020,302001395,1,9,0,18,19,6,5,0,0,8,0,0,0,0,4,1,6,6,1,56,9,2993,2,10,LAND ROVER RANGE ROVER,10,E01019881,0,-1
2020430390967,2020,430390967,6,9,0,2,2,0,0,0,0,2,0,0,0,0,3,1,6,6,1,-1,-1,4999,1,5,LAND ROVER RANGE ROVER,-1,-1,0,-1
2020420977399,2020,420977399,1,9,0,16,19,8,4,0,0,0,0,0,0,0,0,1,6,6,1,46,8,4367,2,2,LAND ROVER RANGE ROVER,-1,-1,0,-1
2020010253512,2020,010253512,2,9,0,99,99,9,9,99,99,9,9,99,9,99,9,9,6,6,3,-1,-1,2993,2,4,LAND ROVER RANGE ROVER,-1,-1,0,-1
2020052001667,2020,052001667,1,9,0,4,4,1,2,0,0,0,1,0,0,0,1,1,2,2,1,47,8,2926,2,14,LAND ROVER RANGE ROVER,8,E01007247,0,-1
2020470922695,2020,470922695,1,9,0,18,19,8,4,0,0,0,0,0,0,0,1,1,2,2,1,63,9,2995,1,2,LAND ROVER RANGE ROVER,4,E01000633,0,-1
20201375P0822,2020,1375P0822,3,9,0,18,19,5,1,0,0,8,0,0,0,0,1,1,6,6,1,50,8,2993,2,6,LAND ROVER RANGE ROVER,2,E01010682,0,-1
2020052002546,2020,052002546,2,9,0,11,11,3,7,0,0,1,0,0,1,2,1,1,2,2,1,52,8,2720,2,12,LAND ROVER RANGE ROVER,2,E01025524,0,-1
2020010257411,2020,010257411,2,9,0,18,19,2,6,0,0,8,0,0,0,0,4,1,6,6,1,26,6,2993,2,1,LAND ROVER RANGE ROVER,3,E01002846,0,-1
2020420978039,2020,420978039,1,9,0,15,15,1,5,0,0,0,0,0,0,0,1,1,6,6,1,80,11,4367,2,9,LAND ROVER RANGE ROVER,7,E01021457,0,-1
2020320428422,2020,320428422,1,9,0,18,19,5,1,0,0,2,0,0,0,0,1,1,6,6,2,70,10,2993,2,10,LAND ROVER RANGE ROVER,4,E01026044,0,-1
2020440292123,2020,440292123,2,9,0,18,19,2,6,0,0,8,0,0,0,0,3,1,6,6,1,52,8,3628,2,12,LAND ROVER RANGE ROVER,4,E01023144,0,-1
2020010246646,2020,010246646,2,9,0,18,19,8,4,0,0,2,0,0,0,0,2,1,6,6,2,36,7,2993,2,5,LAND ROVER RANGE ROVER,4,E01002583,0,-1
2020370943707,2020,370943707,2,9,0,-1,-1,-1,-1,-1,-1,-1,-1,-1,-1,0,-1,1,6,6,3,58,9,3628,2,12,LAND ROVER RANGE ROVER,5,E01030176,0,-1
2020302000133,2020,302000133,1,9,0,10,10,6,4,0,0,1,0,0,0,0,2,1,6,6,1,54,8,4367,2,7,LAND ROVER RANGE ROVER,10,E01019712,0,-1
2020332000144,2020,332000144,1,9,0,17,19,6,3,0,0,0,0,0,0,0,1,1,6,6,1,73,10,4367,2,4,LAND ROVER RANGE ROVER,8,E01025771,0,-1
2020990953130,2020,990953130,1,9,0,9,9,3,1,0,0,8,0,0,0,0,1,1,5,6,1,64,9,4999,1,4,LAND ROVER RANGE ROVER,9,-1,0,-1
2020500967867,2020,500967867,1,9,0,18,19,6,2,0,0,4,0,0,0,0,3,1,6,6,1,67,10,2720,2,13,LAND ROVER RANGE ROVER,5,E01015123,0,-1
2020200990441,2020,200990441,1,9,0,18,19,1,5,0,0,6,1,4,0,0,1,1,6,6,1,29,6,2926,2,17,LAND ROVER RANGE ROVER,5,E01009690,0,-1
2020100961322,2020,100961322,1,9,0,18,19,1,5,0,0,2,0,0,0,0,1,1,6,6,2,57,9,3628,2,13,LAND ROVER RANGE ROVER,3,E01008281,0,-1
2020440204190,2020,440204190,1,9,0,5,5,1,4,0,0,8,0,0,0,0,1,1,6,6,3,-1,-1,2993,2,9,LAND ROVER RANGE ROVER,-1,-1,0,-1
2020500975576,2020,500975576,1,9,0,18,19,8,5,0,0,0,1,0,7,9,3,1,6,6,2,68,10,2926,2,16,LAND ROVER RANGE ROVER,6,E01018803,0,-1
2020010234063,2020,010234063,2,9,0,18,19,3,7,0,0,0,0,0,0,0,1,1,6,6,2,55,8,3628,2,12,LAND ROVER RANGE ROVER,3,E01003221,0,-1
2020140947883,2020,140947883,1,9,0,17,19,1,6,0,0,2,0,0,0,0,3,1,6,6,1,35,6,2993,2,0,LAND ROVER RANGE ROVER,2,E01008158,0,-1
2020460936888,2020,460936888,1,9,0,5,5,7,3,0,0,2,0,0,0,0,1,1,5,6,2,31,6,2926,2,18,LAND ROVER RANGE ROVER,3,E01016059,0,-1
2020460988635,2020,460988635,1,9,0,15,15,5,1,0,0,0,0,0,0,0,1,1,6,6,1,50,8,2720,2,11,LAND ROVER RANGE ROVER,4,E01016128,0,-1
20201379F0440,2020,1379F0440,1,9,0,18,19,2,6,0,0,0,0,0,0,0,0,1,6,6,3,-1,-1,1997,8,0,LAND ROVER RANGE ROVER,-1,-1,0,-1
2020040957159,2020,040957159,1,9,0,17,19,7,3,0,0,1,0,0,0,0,4,1,5,6,1,31,6,4197,1,13,LAND ROVER RANGE ROVER,5,E01025080,0,-1
2020450992727,2020,450992727,1,9,0,17,19,5,1,0,0,0,0,0,0,0,3,1,5,6,2,37,7,4367,2,9,LAND ROVER RANGE ROVER,9,E01030822,0,-1
2020500942942,2020,500942942,2,9,0,9,9,1,5,0,0,8,0,0,3,1,3,1,5,6,1,33,6,2993,2,11,LAND ROVER RANGE ROVER,1,E01019020,0,-1
2020420965958,2020,420965958,2,9,0,18,19,5,1,0,0,1,0,0,0,0,1,1,6,6,1,23,5,2497,2,23,LAND ROVER RANGE ROVER,4,E01021688,0,-1
2020370979890,2020,370979890,2,9,0,18,19,7,3,0,0,0,0,0,0,0,2,1,5,6,1,55,8,4367,2,2,LAND ROVER RANGE ROVER,8,E01030197,0,-1
2020010287140,2020,010287140,2,9,0,3,3,3,7,0,0,1,0,0,0,0,0,1,6,6,1,57,9,2993,2,5,LAND ROVER RANGE ROVER,4,E01001260,0,-1
2020010236552,2020,010236552,1,9,0,9,9,1,7,0,0,8,0,0,0,0,3,1,6,6,1,47,8,2926,2,15,LAND ROVER RANGE ROVER,4,E01003658,0,-1
2020520003675,2020,520003675,2,9,0,18,19,5,1,0,0,8,0,0,0,0,0,1,6,6,2,40,7,4367,2,7,LAND ROVER RANGE ROVER,5,E01029230,0,-1
2020052000309,2020,052000309,1,9,0,18,19,3,7,0,0,1,0,0,0,0,4,1,6,6,2,49,8,3628,2,12,LAND ROVER RANGE ROVER,10,E01007079,0,-1
2020201020976,2020,201020976,1,9,0,18,19,7,3,0,0,1,0,7,6,11,1,1,1,1,2,33,6,2926,2,17,LAND ROVER RANGE ROVER,4,E01010459,0,-1
2020220995058,2020,220995058,1,9,0,18,19,7,3,0,0,0,2,0,1,9,1,1,5,6,1,42,7,4367,2,9,LAND ROVER RANGE ROVER,7,E01032124,0,-1
2020420920536,2020,420920536,1,9,0,9,9,1,7,0,0,0,0,0,0,0,1,1,6,6,2,52,8,4367,2,7,LAND ROVER RANGE ROVER,5,E01021768,0,-1
202054B440520,2020,54B440520,2,9,0,18,19,7,3,0,0,0,0,0,0,0,3,1,6,6,1,54,8,2993,2,11,LAND ROVER RANGE ROVER,10,E01032017,0,-1
2020210982161,2020,210982161,2,9,0,18,19,4,8,0,0,0,0,0,0,0,1,1,6,6,1,65,9,2497,2,19,LAND ROVER RANGE ROVER,8,E01010201,0,-1
2020010265698,2020,010265698,1,9,0,18,19,1,5,0,0,4,0,0,0,0,4,1,3,7,1,46,8,2993,2,9,LAND ROVER RANGE ROVER,3,E01000719,0,-1
2020010228150,2020,010228150,2,9,0,18,19,3,7,0,0,1,0,0,4,1,1,1,6,6,1,28,6,2720,2,12,LAND ROVER RANGE ROVER,8,E01002273,0,-1
2020460922350,2020,460922350,1,9,0,7,7,8,2,0,0,1,0,0,0,0,1,1,6,6,1,35,6,2926,2,15,LAND ROVER RANGE ROVER,10,E01024144,0,-1
2020010286082,2020,010286082,2,9,0,9,9,1,7,0,0,8,0,0,0,0,3,1,2,2,2,55,8,2993,2,10,LAND ROVER RANGE ROVER,5,E01021770,0,-1
2020010284279,2020,010284279,2,9,0,18,19,5,1,0,0,8,0,0,0,0,2,1,6,6,1,29,6,4367,2,2,LAND ROVER RANGE ROVER,6,E01001083,0,-1
2020470935356,2020,470935356,2,9,0,18,19,7,3,0,0,0,0,0,0,0,2,1,5,6,2,42,7,4367,2,5,LAND ROVER RANGE ROVER,6,E01029906,0,-1
2020010238966,2020,010238966,3,9,0,2,2,0,0,0,0,2,0,0,0,0,3,2,6,6,3,-1,-1,2720,2,14,LAND ROVER RANGE ROVER,-1,-1,0,-1
2020140933666,2020,140933666,1,9,0,18,19,5,1,0,0,0,0,0,0,0,1,1,6,6,1,43,7,2720,2,14,LAND ROVER RANGE ROVER,2,E01008014,0,-1
2020010243317,2020,010243317,1,9,0,99,99,9,9,99,99,0,9,99,9,99,9,9,2,2,1,27,6,4367,2,2,LAND ROVER RANGE ROVER,10,E01004196,0,-1
2020010256382,2020,010256382,2,9,0,99,99,9,9,99,99,9,9,99,9,99,9,9,6,6,3,34,6,4367,2,7,LAND ROVER RANGE ROVER,8,E01026977,0,-1