collision_index,collision_year,collision_ref_no,vehicle_reference,vehicle_type,towing_and_articulation,vehicle_manoeuvre_historic,vehicle_manoeuvre,vehicle_direction_from,vehicle_direction_to,vehicle_location_restricted_lane_historic,vehicle_location_restricted_lane,junction_location,skidding_and_overturning,hit_object_in_carriageway,vehicle_leaving_carriageway,hit_object_off_carriageway,first_point_of_impact,vehicle_left_hand_drive,journey_purpose_of_driver_historic,journey_purpose_of_driver,sex_of_driver,age_of_driver,age_band_of_driver,engine_capacity_cc,propulsion_code,age_of_vehicle,generic_make_model,driver_imd_decile,lsoa_of_driver,escooter_flag,driver_distance_banding
2020461002622,2020,461002622,2,9,0,18,19,6,8,0,0,2,0,0,0,0,1,1,6,6,2,57,9,3628,2,13,LAND ROVER RANGE ROVER,6,E01024568,0,-1
2020010282359,2020,010282359,1,9,0,9,9,7,5,0,0,8,0,0,0,0,3,1,6,6,1,65,9,3628,2,12,LAND ROVER RANGE ROVER,6,E01004738,0,-1
2020440035956,2020,440035956,1,9,0,18,19,2,6,0,0,0,0,4,0,0,1,1,6,6,1,63,9,2720,2,11,LAND ROVER RANGE ROVER,7,E01023131,0,-1
2020200929450,2020,200929450,2,9,0,18,19,3,7,0,0,8,0,0,0,0,4,1,6,6,1,42,7,2720,2,14,LAND ROVER RANGE ROVER,1,E01010033,0,-1
2020137320360,2020,137320360,2,9,0,9,9,3,8,0,0,2,0,0,0,0,3,1,6,6,1,71,10,2993,2,4,LAND ROVER RANGE ROVER,3,E01011024,0,-1
2020052001764,2020,052001764,2,9,0,18,19,1,5,0,0,0,0,0,0,0,3,1,6,6,1,63,9,1997,8,1,LAND ROVER RANGE ROVER,6,E01006972,0,-1
2020430322379,2020,430322379,2,9,0,1,1,8,4,0,0,0,0,0,0,0,2,1,6,6,1,45,7,4999,1,7,LAND ROVER RANGE ROVER,-1,-1,0,-1
2020450961054,2020,450961054,1,9,0,18,19,1,5,0,0,0,0,0,1,0,0,1,2,2,1,49,8,3628,2,12,LAND ROVER RANGE ROVER,5,E01030814,0,-1
2020552100141,2020,552100141,3,9,0,18,19,2,6,0,0,1,0,0,0,0,3,1,6,6,1,64,9,4197,1,12,LAND ROVER RANGE ROVER,7,E01020405,0,-1
202031C147920,2020,31C147920,1,9,0,18,19,7,3,0,0,1,0,0,0,0,1,1,6,6,1,30,6,3628,2,12,LAND ROVER RANGE ROVER,1,E01013862,0,-1
2020370984993,2020,370984993,2,9,0,18,19,-1,-1,0,0,0,0,12,0,0,1,1,1,1,1,63,9,3628,2,11,LAND ROVER RANGE ROVER,6,E01029877,0,-1
2020010270287,2020,010270287,2,9,0,99,99,9,9,99,99,9,9,99,9,99,1,9,6,6,3,-1,-1,4367,2,8,LAND ROVER RANGE ROVER,-1,-1,0,-1
2020010256683,2020,010256683,1,9,0,18,19,3,7,0,0,0,0,0,0,0,1,1,6,6,1,29,6,2926,2,14,LAND ROVER RANGE ROVER,-1,-1,0,-1
2020010231600,2020,010231600,2,9,0,18,19,-1,-1,0,0,8,0,0,0,0,1,1,6,6,3,-1,-1,2720,2,11,LAND ROVER RANGE ROVER,-1,-1,0,-1
2020010267557,2020,010267557,1,9,9,7,7,1,4,0,0,8,0,0,9,99,1,1,6,6,3,-1,-1,4367,2,6,LAND ROVER RANGE ROVER,-1,-1,0,-1
2020552001126,2020,552001126,1,9,0,18,19,4,8,0,0,8,0,0,0,0,1,1,2,2,1,37,7,2993,2,4,LAND ROVER RANGE ROVER,8,E01015322,0,-1
2020010236882,2020,010236882,1,9,0,18,19,5,1,0,0,4,0,0,0,0,1,1,6,6,1,54,8,4367,2,5,LAND ROVER RANGE ROVER,6,E01024421,0,-1
2020201004174,2020,201004174,1,9,0,18,19,4,8,0,0,8,0,0,0,0,4,1,6,6,1,58,9,3628,2,14,LAND ROVER RANGE ROVER,2,E01008984,0,-1
2020220929420,2020,220929420,1,9,0,18,19,8,4,0,0,0,0,0,0,0,1,1,5,6,1,53,8,4367,2,8,LAND ROVER RANGE ROVER,8,E01014203,0,-1
2020010271172,2020,010271172,2,9,0,99,99,9,9,99,99,9,9,99,9,99,9,9,6,6,1,34,6,2993,2,6,LAND ROVER RANGE ROVER,1,E01001957,0,-1
2020010285328,2020,010285328,1,9,0,99,99,9,9,99,99,0,9,99,9,99,9,9,6,6,3,-1,-1,3628,2,14,LAND ROVER RANGE ROVER,2,E01003557,0,-1
2020010247475,2020,010247475,1,9,0,7,7,1,4,0,0,8,0,0,0,0,0,1,1,1,1,31,6,4999,1,0,LAND ROVER RANGE ROVER,10,E01031755,0,-1
2020470922626,2020,470922626,1,9,0,18,19,8,3,0,0,0,0,0,0,0,1,1,6,6,2,49,8,2720,2,13,LAND ROVER RANGE ROVER,3,E01031366,0,-1
2020211009198,2020,211009198,1,9,0,11,11,5,1,0,0,0,0,0,0,0,1,1,6,6,1,53,8,3628,2,13,LAND ROVER RANGE ROVER,9,E01018727,0,-1
2020501005346,2020,501005346,1,9,0,18,19,3,7,0,0,0,5,0,0,0,4,1,5,6,1,22,5,2926,2,16,LAND ROVER RANGE ROVER,4,E01015054,0,-1
2020010235195,2020,010235195,1,9,0,18,19,8,4,0,0,0,0,0,0,0,3,1,6,6,1,39,7,4367,2,4,LAND ROVER RANGE ROVER,2,E01000958,0,-1
20201371A1166,2020,1371A1166,3,9,0,18,19,3,7,0,0,1,0,0,0,0,1,1,6,6,1,55,8,3628,2,11,LAND ROVER RANGE ROVER,7,E01010760,0,-1
2020470993260,2020,470993260,1,9,0,13,13,3,7,0,0,0,0,0,1,0,3,1,5,6,1,77,11,4554,1,24,LAND ROVER RANGE ROVER,1,E01020979,0,-1
2020610038120,2020,610038120,1,9,0,3,3,7,3,0,0,1,0,0,0,0,2,1,6,6,1,61,9,4367,2,10,LAND ROVER RANGE ROVER,4,W01001686,0,-1
2020552000811,2020,552000811,1,9,0,18,19,3,7,0,0,0,0,0,0,0,3,1,6,6,1,56,9,2926,2,14,LAND ROVER RANGE ROVER,6,E01020449,0,-1
2020400965279,2020,400965279,2,9,0,18,19,8,4,0,0,1,0,0,0,0,3,1,5,6,1,32,6,3628,2,12,LAND ROVER RANGE ROVER,10,E01017419,0,-1
2020440467791,2020,440467791,1,9,0,16,19,2,6,0,0,0,1,0,8,4,1,1,6,6,1,52,8,2993,12,6,LAND ROVER RANGE ROVER,7,E01023164,0,-1
2020010248850,2020,010248850,1,9,0,99,99,9,9,99,99,9,9,99,9,99,9,9,6,6,1,49,8,2926,2,15,LAND ROVER RANGE ROVER,1,E01001958,0,-1
2020410981652,2020,410981652,1,9,0,4,4,5,1,0,0,0,0,0,0,0,2,1,6,6,1,53,8,4197,1,14,LAND ROVER RANGE ROVER,9,E01023352,0,-1
2020470977546,2020,470977546,1,9,0,9,9,4,2,0,0,8,0,0,0,0,1,1,1,1,1,39,7,4197,1,14,LAND ROVER RANGE ROVER,2,E01021014,0,-1
2020201007678,2020,201007678,1,9,0,5,5,2,6,9,9,0,0,0,0,0,4,1,4,7,2,28,6,2720,2,14,LAND ROVER RANGE ROVER,5,E01009765,0,-1
2020370984993,2020,370984993,1,9,5,18,19,-1,-1,0,0,0,0,0,0,0,-1,1,1,1,1,67,10,2926,2,15,LAND ROVER RANGE ROVER,2,E01030031,0,-1
2020010246287,2020,010246287,3,9,0,2,2,0,0,9,9,1,0,0,0,0,4,1,6,6,3,-1,-1,3628,2,10,LAND ROVER RANGE ROVER,-1,-1,0,-1
2020010230268,2020,010230268,1,9,0,7,7,7,1,0,0,5,0,0,0,0,4,1,6,6,1,52,8,2993,2,6,LAND ROVER RANGE ROVER,4,E01031572,0,-1
2020460965255,2020,460965255,1,9,0,17,19,5,1,0,0,0,0,0,2,0,1,1,6,6,1,33,6,3628,2,10,LAND ROVER RANGE ROVER,6,E01024054,0,-1
2020450986486,2020,450986486,1,9,0,18,19,7,3,0,0,0,1,4,1,0,4,1,6,6,1,38,7,3950,1,19,LAND ROVER RANGE ROVER,9,E01001020,0,-1
2020010272884,2020,010272884,2,9,0,99,99,9,9,99,99,9,9,99,9,99,9,9,6,6,3,32,6,2993,2,0,LAND ROVER RANGE ROVER,1,E01001554,0,-1
2020010231227,2020,010231227,2,9,0,99,99,9,9,99,99,9,9,99,9,99,1,9,6,6,3,29,6,3628,2,11,LAND ROVER RANGE ROVER,6,E01001869,0,-1
202006Q178503,2020,06Q178503,3,9,0,2,2,0,0,0,0,1,0,4,0,0,2,1,6,6,3,-1,-1,2993,2,10,LAND ROVER RANGE ROVER,1,E01005350,0,-1
2020360917511,2020,360917511,1,9,0,18,19,6,2,9,9,2,0,0,1,2,1,1,1,1,2,53,8,2720,2,13,LAND ROVER RANGE ROVER,4,E01026750,0,-1
2020220993060,2020,220993060,1,9,0,18,19,6,2,7,6,1,0,4,1,0,1,1,6,6,1,37,7,2720,2,13,LAND ROVER RANGE ROVER,4,E01014020,0,-1
2020010279564,2020,010279564,1,9,0,18,19,5,1,0,0,6,0,0,0,0,1,1,1,1,1,42,7,4367,2,6,LAND ROVER RANGE ROVER,9,E01002376,0,-1
2020010247743,2020,010247743,2,9,4,4,4,3,7,0,0,2,5,0,0,0,0,1,6,6,1,27,6,2993,2,11,LAND ROVER RANGE ROVER,4,E01023870,0,-1
2020010245258,2020,010245258,2,9,0,7,7,7,1,0,0,6,0,0,0,0,0,1,6,6,3,-1,-1,4367,2,2,LAND ROVER RANGE ROVER,-1,-1,0,-1
2020200982284,2020,200982284,2,9,0,16,19,4,6,0,0,1,0,0,0,0,3,1,6,6,1,61,9,2993,2,9,LAND ROVER RANGE ROVER,7,E01009805,0,-1
202006Q171943,2020,06Q171943,2,9,0,13,13,1,5,0,0,8,1,0,0,0,4,1,2,2,1,30,6,2993,2,10,LAND ROVER RANGE ROVER,2,E01005320,0,-1
2020140960646,2020,140960646,1,9,0,18,19,1,5,0,0,3,0,0,0,0,0,1,6,6,3,-1,-1,2926,2,17,LAND ROVER RANGE ROVER,-1,-1,0,-1
2020430328434,2020,430328434,2,9,0,4,4,2,6,0,0,0,1,0,0,0,2,1,6,6,1,39,7,2720,2,13,LAND ROVER RANGE ROVER,9,E01017660,0,-1
2020220956921,2020,220956921,2,9,0,4,4,1,5,0,0,1,0,0,0,0,4,1,5,6,1,19,4,2993,2,9,LAND ROVER RANGE ROVER,4,E01028993,0,-1
2020211015717,2020,211015717,2,9,0,17,19,1,5,0,0,0,0,0,0,0,1,1,6,6,1,42,7,4367,2,4,LAND ROVER RANGE ROVER,7,E01029796,0,-1
2020460975836,2020,460975836,2,9,0,18,19,3,7,0,0,0,0,0,0,0,1,1,5,6,1,47,8,2993,2,4,LAND ROVER RANGE ROVER,10,E01002952,0,-1
2020430003137,2020,430003137,1,9,0,18,19,6,2,0,0,1,0,0,0,0,2,1,6,6,1,-1,-1,4367,2,7,LAND ROVER RANGE ROVER,-1,-1,0,-1
2020221001632,2020,221001632,1,9,0,14,14,5,1,0,0,0,0,4,0,0,4,1,6,6,2,34,6,2926,2,17,LAND ROVER RANGE ROVER,-1,-1,0,-1
2020470916066,2020,470916066,1,9,0,13,13,6,2,0,0,0,0,0,0,0,1,1,5,6,1,46,8,4367,2,4,LAND ROVER RANGE ROVER,8,E01031664,0,-1
2020460961698,2020,460961698,1,9,0,18,19,1,5,0,0,3,0,9,1,10,1,1,6,6,3,-1,-1,2497,2,25,LAND ROVER RANGE ROVER,-1,-1,0,-1
2020991005687,2020,991005687,1,9,0,5,5,5,1,9,9,0,0,0,0,0,4,1,5,6,1,38,7,4367,2,5,LAND ROVER RANGE ROVER,4,-1,0,-1
2020440256193,2020,440256193,2,9,0,18,19,2,6,0,0,8,0,0,0,0,1,1,6,6,1,69,10,4367,2,10,LAND ROVER RANGE ROVER,10,E01022504,0,-1
2020137CM0698,2020,137CM0698,1,9,0,18,19,8,4,0,0,1,0,0,0,0,1,1,6,6,1,36,7,2720,2,13,LAND ROVER RANGE ROVER,5,E01033070,0,-1
2020010278337,2020,010278337,1,9,0,18,19,5,1,0,0,1,0,11,0,0,1,1,6,6,2,47,8,2993,2,9,LAND ROVER RANGE ROVER,6,E01000677,0,-1
2020302001560,2020,302001560,1,9,0,18,19,1,5,0,0,5,0,7,0,0,1,1,6,6,1,44,7,3628,2,10,LAND ROVER RANGE ROVER,7,E01019521,0,-1
202063D065020,2020,63D065020,3,9,0,17,19,5,2,0,0,0,0,0,0,0,3,1,6,6,1,59,9,2993,2,10,LAND ROVER RANGE ROVER,4,E01029363,0,-1
2020160954893,2020,160954893,2,9,0,18,19,8,4,0,0,0,0,0,7,0,1,1,5,6,1,36,7,2926,2,18,LAND ROVER RANGE ROVER,3,E01026227,0,-1
202063D048720,2020,63D048720,3,9,0,18,19,8,4,0,0,0,0,0,0,0,1,1,1,1,1,58,9,2926,2,17,LAND ROVER RANGE ROVER,5,E01014097,0,-1
2020220997876,2020,220997876,2,9,0,3,3,1,5,0,0,1,0,0,0,0,2,1,5,6,1,52,8,2926,2,17,LAND ROVER RANGE ROVER,10,E01033062,0,-1
2020200964606,2020,200964606,1,9,0,18,19,5,1,0,0,1,0,0,0,0,3,1,6,6,1,24,5,2926,2,17,LAND ROVER RANGE ROVER,2,E01008937,0,-1
2020440285773,2020,440285773,1,9,0,2,2,0,0,0,0,0,0,0,0,0,2,1,6,6,1,52,8,3628,2,13,LAND ROVER RANGE ROVER,1,E01019729,0,-1
2020201022195,2020,201022195,1,9,0,10,10,5,3,0,0,8,0,0,0,0,1,1,6,6,1,40,7,3628,2,13,LAND ROVER RANGE ROVER,8,E01010209,0,-1
2020040962368,2020,040962368,2,9,0,18,19,1,5,0,0,1,0,0,0,0,3,1,5,6,1,42,7,4367,2,10,LAND ROVER RANGE ROVER,7,E01025457,0,-1
2020990984862,2020,990984862,1,9,0,18,19,7,3,0,0,0,0,0,0,0,1,1,5,6,1,72,10,3950,1,18,LAND ROVER RANGE ROVER,2,-1,0,-1
2020410958229,2020,410958229,2,9,0,18,19,1,5,0,0,0,1,0,1,0,1,1,5,6,1,21,5,2993,2,1,LAND ROVER RANGE ROVER,7,E01026319,0,-1
2020010256679,2020,010256679,1,9,0,18,19,1,5,0,0,0,0,0,0,0,1,1,6,6,1,52,8,2993,2,9,LAND ROVER RANGE ROVER,9,E01001422,0,-1
2020010277437,2020,010277437,2,9,0,9,9,3,1,0,0,6,0,0,0,0,3,1,2,2,1,36,7,3628,2,11,LAND ROVER RANGE ROVER,-1,-1,0,-1
2020450945040,2020,450945040,1,9,0,18,19,7,3,0,0,1,0,0,0,0,1,1,2,2,1,27,6,2993,2,9,LAND ROVER RANGE ROVER,10,E01023097,0,-1
2020421005779,2020,421005779,1,9,0,18,19,3,6,0,0,0,0,0,0,0,1,1,5,6,1,38,7,3628,2,12,LAND ROVER RANGE ROVER,8,E01022089,0,-1
2020460948798,2020,460948798,4,9,0,2,2,0,0,0,0,0,0,0,0,0,2,1,5,6,2,-1,-1,2926,2,17,LAND ROVER RANGE ROVER,9,E01016104,0,-1
2020220933883,2020,220933883,2,9,0,18,19,5,1,0,0,0,0,0,0,0,1,1,5,6,1,44,7,2993,2,2,LAND ROVER RANGE ROVER,9,E01010166,0,-1
2020421012139,2020,421012139,1,9,0,18,19,5,1,0,0,0,0,0,0,0,2,1,6,6,1,50,8,3628,2,10,LAND ROVER RANGE ROVER,1,E01021500,0,-1
2020010259092,2020,010259092,2,9,0,99,99,9,9,99,99,0,9,99,9,99,1,9,6,6,3,-1,-1,2720,2,13,LAND ROVER RANGE ROVER,-1,-1,0,-1
2020500985563,2020,500985563,2,9,0,2,2,0,0,0,0,0,0,0,0,0,2,1,6,6,2,32,6,4367,2,9,LAND ROVER RANGE ROVER,6,E01020059,0,-1
202006A277520,2020,06A277520,2,9,0,18,19,2,6,0,0,0,0,0,0,0,4,1,6,6,2,47,8,3628,2,13,LAND ROVER RANGE ROVER,1,E01005135,0,-1
2020451003689,2020,451003689,1,9,0,18,19,1,5,0,0,0,1,0,0,0,1,2,5,6,2,21,5,4367,2,10,LAND ROVER RANGE ROVER,8,E01030490,0,-1
2020040975603,2020,040975603,2,9,0,9,9,1,6,0,0,8,0,0,0,0,1,1,6,6,1,56,9,2720,2,13,LAND ROVER RANGE ROVER,8,E01012584,0,-1
2020530971522,2020,530971522,1,9,0,18,19,6,2,0,0,1,0,0,0,0,1,1,6,6,1,-1,-1,4197,1,14,LAND ROVER RANGE ROVER,6,E01022222,0,-1
2020451001669,2020,451001669,2,9,0,2,2,0,0,6,6,0,0,0,0,0,2,1,3,7,1,53,8,3628,2,12,LAND ROVER RANGE ROVER,7,E01030850,0,-1
2020990969658,2020,990969658,2,9,0,18,19,5,1,0,0,1,0,0,0,0,1,2,5,6,1,63,9,3628,2,13,LAND ROVER RANGE ROVER,7,-1,0,-1
2020410973148,2020,410973148,1,9,0,18,19,3,1,0,0,5,0,0,3,11,1,1,5,6,2,49,8,4398,1,16,LAND ROVER RANGE ROVER,6,E01023746,0,-1
2020430320701,2020,430320701,2,9,0,18,19,3,7,0,0,1,0,0,0,0,1,1,6,6,1,-1,-1,3628,2,13,LAND ROVER RANGE ROVER,-1,-1,0,-1
2020010277588,2020,010277588,2,9,0,7,7,2,4,0,0,2,0,0,0,0,2,1,2,2,1,37,7,2993,2,5,LAND ROVER RANGE ROVER,4,E01002455,0,-1
202031A117320,2020,31A117320,3,9,0,9,9,2,1,0,0,8,0,0,0,0,2,1,6,6,1,37,7,3628,2,12,LAND ROVER RANGE ROVER,3,E01027977,0,-1
2020070514523,2020,070514523,6,9,0,2,2,0,0,0,0,0,0,0,0,0,2,1,6,6,1,-1,-1,2993,2,4,LAND ROVER RANGE ROVER,-1,-1,0,-1
2020460955194,2020,460955194,1,9,0,13,13,5,1,0,0,0,0,0,0,0,3,1,5,6,1,58,9,2993,2,6,LAND ROVER RANGE ROVER,7,E01024547,0,-1
2020010255049,2020,010255049,2,9,0,15,15,7,3,0,0,0,0,0,0,0,1,1,6,6,1,42,7,2993,2,11,LAND ROVER RANGE ROVER,-1,-1,0,-1
2020010251686,2020,010251686,3,9,0,18,19,7,3,0,0,0,0,0,0,0,3,1,6,6,1,25,5,2993,2,2,LAND ROVER RANGE ROVER,2,E01000050,0,-1
2020400986408,2020,400986408,1,9,0,18,19,5,1,0,0,8,0,0,0,0,1,1,6,6,2,36,7,3628,2,11,LAND ROVER RANGE ROVER,3,E01017562,0,-1
2020470991975,2020,470991975,3,9,0,9,9,2,8,0,0,8,0,0,0,0,0,1,6,6,1,69,10,2993,2,9,LAND ROVER RANGE ROVER,8,E01031439,0,-1
2020471008129,2020,471008129,2,9,0,2,2,0,0,0,0,0,0,0,0,0,3,1,5,6,1,55,8,2720,2,13,LAND ROVER RANGE ROVER,7,E01016929,0,-1
2020470920431,2020,470920431,1,9,0,11,11,1,3,0,0,0,0,0,0,0,1,1,6,6,1,43,7,2993,2,5,LAND ROVER RANGE ROVER,7,E01030583,0,-1
202031A086320,2020,31A086320,1,9,0,18,19,7,3,0,0,0,0,0,7,0,1,1,6,6,1,31,6,2993,2,10,LAND ROVER RANGE ROVER,1,E01027956,0,-1
2020350943767,2020,350943767,1,9,0,18,19,1,7,0,0,0,0,0,0,0,1,1,5,6,1,37,7,2993,2,2,LAND ROVER RANGE ROVER,5,E01015591,0,-1
2020010228504,2020,010228504,1,9,0,18,19,5,1,0,0,0,0,0,0,0,3,1,6,6,1,42,7,2993,2,7,LAND ROVER RANGE ROVER,9,E01002571,0,-1
2020430206520,2020,430206520,1,9,0,9,9,3,1,0,0,0,0,0,0,0,1,1,6,6,2,53,8,3628,2,12,LAND ROVER RANGE ROVER,-1,-1,0,-1
2020010273472,2020,010273472,2,9,0,4,4,1,5,0,0,1,0,0,0,0,1,1,1,1,1,33,6,3628,2,12,LAND ROVER RANGE ROVER,2,E01002368,0,-1
2020041016152,2020,041016152,1,9,0,18,19,1,5,0,0,0,0,10,1,0,1,1,6,6,1,47,8,4367,2,3,LAND ROVER RANGE ROVER,1,E01025236,0,-1
2020450998608,2020,450998608,2,9,0,16,19,3,7,0,0,1,0,0,0,0,1,1,3,7,1,46,8,2993,2,5,LAND ROVER RANGE ROVER,6,E01030862,0,-1
2020544010120,2020,544010120,2,9,0,9,9,4,2,0,0,4,0,0,0,0,1,1,6,6,1,24,5,4367,2,5,LAND ROVER RANGE ROVER,8,E01031883,0,-1
2020010257623,2020,010257623,2,9,0,99,99,9,9,99,99,9,9,99,9,99,2,9,6,6,3,57,9,4398,1,17,LAND ROVER RANGE ROVER,2,E01001191,0,-1
2020010270864,2020,010270864,1,9,0,99,99,9,9,99,99,9,9,99,9,99,3,9,2,2,1,40,7,3628,2,10,LAND ROVER RANGE ROVER,10,E01032623,0,-1
2020010252554,2020,010252554,1,9,0,11,11,3,7,0,0,1,0,0,0,0,2,1,6,6,1,34,6,2993,2,5,LAND ROVER RANGE ROVER,2,E01002832,0,-1
2020450992851,2020,450992851,1,9,0,18,19,2,6,0,0,2,1,0,0,0,3,1,5,6,2,27,6,4197,1,13,LAND ROVER RANGE ROVER,8,E01030708,0,-1
2020210968059,2020,210968059,1,9,0,4,4,1,5,0,0,1,0,0,0,0,1,1,6,6,1,76,11,3628,2,12,LAND ROVER RANGE ROVER,2,E01010411,0,-1
2020450975598,2020,450975598,1,9,0,18,19,2,6,0,0,0,0,12,1,0,1,1,1,1,1,33,6,2720,2,12,LAND ROVER RANGE ROVER,6,E01030524,0,-1
2020400984864,2020,400984864,1,9,0,18,19,6,2,0,0,1,0,0,0,0,1,1,6,6,1,30,6,2993,2,1,LAND ROVER RANGE ROVER,7,E01017511,0,-1
202063A062920,2020,63A062920,1,9,0,17,19,2,7,0,0,0,0,0,7,10,1,1,6,6,1,77,11,2497,2,23,LAND ROVER RANGE ROVER,8,W01000682,0,-1
20201376E1786,2020,1376E1786,1,9,0,13,13,6,2,0,0,0,0,0,0,0,4,1,6,6,1,34,6,2993,2,11,LAND ROVER RANGE ROVER,7,E01010593,0,-1
2020052001604,2020,052001604,2,9,0,9,9,1,7,0,0,8,0,0,7,4,3,1,6,6,2,54,8,4367,2,1,LAND ROVER RANGE ROVER,8,E01025513,0,-1
2020302001073,2020,302001073,1,9,0,1,1,4,8,0,0,0,0,0,0,0,2,1,6,6,1,56,9,2720,2,12,LAND ROVER RANGE ROVER,1,E01013536,0,-1
2020420964871,2020,420964871,2,9,0,17,19,6,2,0,0,1,0,0,0,0,1,1,2,2,2,37,7,2720,2,13,LAND ROVER RANGE ROVER,10,E01022085,0,-1
2020010279091,2020,010279091,1,9,0,9,9,1,7,0,0,8,0,0,0,0,1,1,6,6,1,40,7,3628,2,10,LAND ROVER RANGE ROVER,8,E01002945,0,-1
2020471008637,2020,471008637,1,9,0,18,19,2,6,0,0,0,0,0,0,0,4,1,5,6,1,72,10,3628,2,10,LAND ROVER RANGE ROVER,6,E01024420,0,-1
2020461011007,2020,461011007,1,9,0,18,19,3,7,0,0,0,0,0,0,0,1,1,6,6,1,46,8,3628,2,10,LAND ROVER RANGE ROVER,2,E01016064,0,-1
2020440404599,2020,440404599,1,8,0,18,19,1,5,0,0,4,0,0,0,0,3,1,6,6,1,63,9,3950,6,25,-1,9,E01004638,0,-1
202006A374145,2020,06A374145,1,9,0,9,9,2,7,0,0,6,0,0,0,0,1,1,1,1,1,57,9,4367,2,8,LAND ROVER RANGE ROVER,3,E01005437,0,-1
2020010259176,2020,010259176,3,9,0,2,2,0,0,6,6,8,0,0,0,0,2,1,6,6,3,-1,-1,2993,2,5,LAND ROVER RANGE ROVER,-1,-1,0,-1
2020200978009,2020,200978009,1,9,0,9,9,3,8,0,0,6,0,0,0,0,1,1,6,6,1,67,10,4367,2,8,LAND ROVER RANGE ROVER,6,E01010167,0,-1
2020010239648,2020,010239648,2,9,0,99,99,9,9,99,99,9,9,99,9,99,9,9,6,6,3,-1,-1,4367,2,9,LAND ROVER RANGE ROVER,-1,-1,0,-1
2020430055877,2020,430055877,1,9,0,18,19,4,8,0,0,0,0,0,1,3,1,1,6,6,1,41,7,2720,2,11,LAND ROVER RANGE ROVER,10,E01017847,0,-1
2020460928961,2020,460928961,2,9,0,2,2,0,0,0,0,0,0,0,0,0,2,1,5,6,1,-1,-1,3628,2,13,LAND ROVER RANGE ROVER,4,E01024384,0,-1
2020010237699,2020,010237699,3,9,0,18,19,7,3,0,0,0,0,0,0,0,2,1,6,6,2,59,9,4367,2,7,LAND ROVER RANGE ROVER,8,E01021763,0,-1
2020546986920,2020,546986920,1,9,0,1,1,5,1,-1,-1,0,0,0,0,0,2,1,6,6,1,59,9,4999,1,9,LAND ROVER RANGE ROVER,9,E01014465,0,-1
2020450952876,2020,450952876,1,9,0,18,19,3,7,0,0,0,0,0,0,0,3,1,5,6,1,43,7,3628,2,11,LAND ROVER RANGE ROVER,10,E01030533,0,-1
2020430066459,2020,430066459,2,9,0,3,3,8,4,0,0,1,0,0,0,0,2,1,6,6,1,59,9,2993,2,7,LAND ROVER RANGE ROVER,7,E01023776,0,-1
2020520001654,2020,520001654,2,9,0,18,19,2,6,0,0,0,0,0,0,0,4,1,6,6,3,-1,-1,3628,2,12,LAND ROVER RANGE ROVER,-1,-1,0,-1
2020030991887,2020,030991887,1,9,0,4,4,3,7,0,0,2,0,0,0,0,1,1,6,6,1,24,5,4367,2,5,LAND ROVER RANGE ROVER,5,E01019188,0,-1
2020070764931,2020,070764931,2,9,0,2,2,0,0,0,0,0,0,0,0,0,0,1,6,6,2,39,7,2720,2,13,LAND ROVER RANGE ROVER,3,E01018423,0,-1
2020137511755,2020,137511755,1,9,0,18,19,1,5,0,0,8,0,0,7,11,4,1,6,6,1,32,6,1997,8,0,LAND ROVER RANGE ROVER,4,E01010675,0,-1
2020320257656,2020,320257656,1,9,0,9,9,3,7,0,0,1,0,0,0,0,3,1,6,6,1,69,10,2993,2,3,LAND ROVER RANGE ROVER,4,E01026071,0,-1
2020030931232,2020,030931232,1,9,0,18,19,1,5,0,0,0,0,0,7,0,1,1,5,6,1,40,7,4367,2,3,LAND ROVER RANGE ROVER,10,E01027468,0,-1
2020460980064,2020,460980064,2,9,0,2,2,0,0,0,0,0,0,0,0,0,0,1,6,6,2,57,9,4367,2,6,LAND ROVER RANGE ROVER,9,E01016060,0,-1
2020470986138,2020,470986138,1,9,0,18,19,4,8,0,0,1,0,0,0,0,1,1,2,2,1,50,8,2993,2,10,LAND ROVER RANGE ROVER,3,E01031787,0,-1
2020530927055,2020,530927055,1,9,0,18,19,8,4,0,0,0,0,0,0,0,-1,1,6,6,3,-1,-1,2497,2,22,LAND ROVER RANGE ROVER,-1,-1,0,-1
2020440474762,2020,440474762,2,9,0,9,9,1,7,0,0,8,0,0,0,0,3,1,6,6,2,43,7,2993,2,2,LAND ROVER RANGE ROVER,9,E01030910,0,-1