collision_index,collision_year,collision_ref_no,vehicle_reference,vehicle_type,towing_and_articulation,vehicle_manoeuvre_historic,vehicle_manoeuvre,vehicle_direction_from,vehicle_direction_to,vehicle_location_restricted_lane_historic,vehicle_location_restricted_lane,junction_location,skidding_and_overturning,hit_object_in_carriageway,vehicle_leaving_carriageway,hit_object_off_carriageway,first_point_of_impact,vehicle_left_hand_drive,journey_purpose_of_driver_historic,journey_purpose_of_driver,sex_of_driver,age_of_driver,age_band_of_driver,engine_capacity_cc,propulsion_code,age_of_vehicle,generic_make_model,driver_imd_decile,lsoa_of_driver,escooter_flag,driver_distance_banding
2020220937296,2020,220937296,1,9,0,3,3,6,2,0,0,0,0,0,0,0,0,1,6,6,1,-1,-1,1997,8,1,LAND ROVER RANGE ROVER,7,E01032136,0,-1
2020332000015,2020,332000015,1,9,0,17,19,6,2,0,0,2,5,10,2,11,1,1,6,6,1,53,8,4367,2,0,LAND ROVER RANGE ROVER,8,E01025771,0,-1
2020010280402,2020,010280402,2,9,9,99,99,9,9,0,0,9,9,99,0,0,9,9,6,6,2,-1,-1,2720,2,12,LAND ROVER RANGE ROVER,-1,-1,0,-1
2020470923421,2020,470923421,1,9,0,18,19,4,8,0,0,0,0,0,0,0,4,1,5,6,1,39,7,4398,1,17,LAND ROVER RANGE ROVER,6,E01021058,0,-1
2020200943556,2020,200943556,1,9,0,18,19,5,8,0,0,1,0,0,0,0,1,1,6,6,1,-1,-1,4367,2,7,LAND ROVER RANGE ROVER,2,E01033641,0,-1
202031A143820,2020,31A143820,1,9,0,18,19,5,1,0,0,2,0,0,0,0,1,1,6,6,3,-1,-1,2720,2,12,LAND ROVER RANGE ROVER,-1,-1,0,-1
20201372P1605,2020,1372P1605,1,9,0,10,10,3,7,0,0,1,0,0,0,0,3,1,6,6,1,74,10,4367,2,8,LAND ROVER RANGE ROVER,5,E01010873,0,-1
202063A048120,2020,63A048120,1,9,0,16,19,3,6,0,0,0,0,0,1,10,1,1,6,6,2,18,4,2926,2,18,LAND ROVER RANGE ROVER,-1,-1,0,-1
2020010242757,2020,010242757,1,9,0,7,7,7,1,0,0,5,0,0,0,0,2,1,2,2,1,45,7,4367,2,3,LAND ROVER RANGE ROVER,9,E01000213,0,-1
2020430349928,2020,430349928,1,9,0,18,19,8,4,0,0,0,0,0,5,6,3,1,6,6,1,52,8,3628,2,13,LAND ROVER RANGE ROVER,8,E01000539,0,-1
2020141005653,2020,141005653,1,9,0,2,2,0,0,0,0,0,0,0,0,0,0,1,3,7,2,35,6,3628,2,13,LAND ROVER RANGE ROVER,9,E01007617,0,-1
2020010243050,2020,010243050,1,9,0,7,7,1,2,0,0,8,0,0,0,0,3,1,6,6,1,49,8,2720,2,13,LAND ROVER RANGE ROVER,5,E01001682,0,-1
2020430167659,2020,430167659,2,9,0,2,2,6,2,0,0,7,0,1,0,0,2,1,3,7,2,39,7,2720,2,12,LAND ROVER RANGE ROVER,5,E01016593,0,-1
2020010277928,2020,010277928,1,9,0,99,99,9,9,99,99,9,9,99,9,99,9,9,6,6,3,-1,-1,4197,1,14,LAND ROVER RANGE ROVER,-1,-1,0,-1
2020010234703,2020,010234703,1,9,9,99,99,9,9,0,0,0,9,99,9,99,9,9,6,6,1,23,5,4367,2,4,LAND ROVER RANGE ROVER,8,E01021599,0,-1
2020010257796,2020,010257796,2,9,0,3,3,5,1,0,0,2,0,0,0,0,2,1,6,6,1,36,7,2993,2,1,LAND ROVER RANGE ROVER,3,E01002841,0,-1
2020530993863,2020,530993863,1,9,0,6,6,7,3,0,0,0,0,0,1,0,1,1,6,6,1,74,10,4367,2,2,LAND ROVER RANGE ROVER,6,E01022222,0,-1
2020010235681,2020,010235681,2,9,0,99,99,9,9,99,99,9,9,99,9,99,9,9,6,6,3,-1,-1,2993,2,6,LAND ROVER RANGE ROVER,8,E01002513,0,-1
202031D079520,2020,31D079520,1,9,0,18,19,6,8,0,0,4,0,0,0,0,3,1,6,6,1,56,9,3628,2,13,LAND ROVER RANGE ROVER,6,E01019421,0,-1
2020470975806,2020,470975806,2,9,0,9,9,2,6,0,0,8,0,0,0,0,2,1,2,2,1,46,8,2926,2,14,LAND ROVER RANGE ROVER,10,E01031581,0,-1
202006Q169989,2020,06Q169989,1,9,0,18,19,4,8,0,0,1,1,0,0,0,1,1,6,6,1,28,6,2993,2,10,LAND ROVER RANGE ROVER,4,E01006047,0,-1
2020461010527,2020,461010527,1,9,0,5,5,5,1,0,0,1,0,0,0,0,1,1,6,6,1,81,11,4999,1,11,LAND ROVER RANGE ROVER,2,E01021103,0,-1
2020530919776,2020,530919776,3,9,0,3,3,2,6,0,0,1,0,0,0,0,2,1,6,6,1,38,7,4367,2,7,LAND ROVER RANGE ROVER,10,E01028801,0,-1
2020470983168,2020,470983168,3,9,0,18,19,8,4,0,0,0,5,0,7,10,3,1,5,6,1,77,11,4554,1,19,LAND ROVER RANGE ROVER,8,E01031618,0,-1
2020010260268,2020,010260268,1,9,0,99,99,9,9,99,99,9,9,99,9,99,9,9,2,2,1,61,9,2993,2,9,LAND ROVER RANGE ROVER,4,E01000616,0,-1
2020122001104,2020,122001104,1,9,0,17,19,7,3,0,0,0,1,0,8,4,1,1,6,6,2,63,9,4367,2,7,LAND ROVER RANGE ROVER,6,E01027742,0,-1
2020010276062,2020,010276062,2,9,0,99,99,9,9,99,99,0,9,99,9,99,9,9,6,6,3,-1,-1,2993,12,5,LAND ROVER RANGE ROVER,-1,-1,0,-1
2020010236147,2020,010236147,1,9,0,9,9,6,4,0,0,6,0,0,0,0,1,1,6,6,1,53,8,3628,2,10,LAND ROVER RANGE ROVER,-1,-1,0,-1
2020440003806,2020,440003806,2,9,4,16,19,8,4,0,0,0,0,0,0,0,0,1,1,1,1,75,10,4554,1,18,LAND ROVER RANGE ROVER,6,E01022941,0,-1
2020141001282,2020,141001282,1,9,0,18,19,3,7,0,0,1,0,0,0,0,4,1,5,6,1,29,6,3628,2,10,LAND ROVER RANGE ROVER,4,E01007882,0,-1
2020010233665,2020,010233665,2,9,0,10,10,5,3,0,0,1,0,0,0,0,4,1,2,2,1,22,5,2993,2,1,LAND ROVER RANGE ROVER,7,E01000241,0,-1
2020010287187,2020,010287187,2,9,9,99,99,9,9,99,99,9,9,99,9,99,9,9,6,6,3,-1,-1,3628,2,13,LAND ROVER RANGE ROVER,-1,-1,0,-1
2020220966082,2020,220966082,1,9,4,14,14,1,5,0,0,0,0,2,0,0,4,1,2,2,1,64,9,2926,2,18,LAND ROVER RANGE ROVER,10,E01030959,0,-1
2020200931824,2020,200931824,1,9,0,13,13,-1,-1,0,0,0,0,0,0,0,4,1,6,6,1,-1,-1,2993,2,10,LAND ROVER RANGE ROVER,-1,-1,0,-1
2020031004721,2020,031004721,1,9,0,16,19,5,1,0,0,3,0,0,0,0,1,1,2,2,1,72,10,2720,2,13,LAND ROVER RANGE ROVER,7,E01019240,0,-1
2020010230291,2020,010230291,1,9,0,10,10,1,7,0,0,6,0,0,0,0,1,1,1,1,2,30,6,4367,2,5,LAND ROVER RANGE ROVER,5,E01004564,0,-1
2020451002395,2020,451002395,1,9,0,5,5,3,7,0,0,0,0,11,0,0,1,1,6,6,1,35,6,2926,2,15,LAND ROVER RANGE ROVER,10,E01030375,0,-1
2020371016974,2020,371016974,2,9,0,4,4,3,7,0,0,0,0,0,0,0,2,1,5,6,2,58,9,3628,2,12,LAND ROVER RANGE ROVER,3,E01018066,0,-1
2020010273879,2020,010273879,1,9,0,99,99,9,9,99,99,9,9,99,9,99,2,9,6,6,1,30,6,2993,2,9,LAND ROVER RANGE ROVER,2,E01028435,0,-1
2020991002320,2020,991002320,2,9,0,18,19,7,3,0,0,2,1,0,0,0,1,1,5,6,1,39,7,2993,2,10,LAND ROVER RANGE ROVER,9,-1,0,-1
2020010276382,2020,010276382,2,9,0,99,99,9,9,99,99,9,9,99,9,99,9,9,6,6,3,-1,-1,4197,1,15,LAND ROVER RANGE ROVER,-1,-1,0,-1
2020010254187,2020,010254187,2,9,0,18,19,3,7,0,0,0,0,0,0,0,1,1,6,6,1,29,6,4367,2,10,LAND ROVER RANGE ROVER,1,E01000858,0,-1
2020137881896,2020,137881896,2,9,0,3,3,7,3,0,0,0,0,0,0,0,2,1,6,6,2,40,7,2720,2,11,LAND ROVER RANGE ROVER,5,E01010668,0,-1
2020010247439,2020,010247439,2,9,0,16,19,6,2,0,0,8,0,0,0,0,1,1,6,6,2,29,6,2993,2,5,LAND ROVER RANGE ROVER,9,E01000804,0,-1
2020052002334,2020,052002334,1,9,0,3,3,8,4,0,0,1,0,0,0,0,3,1,6,6,2,33,6,2987,2,14,MERCEDES R CLASS,2,E01006751,0,-1
2020010235576,2020,010235576,1,9,0,3,3,5,1,0,0,4,0,0,0,0,2,1,1,1,1,45,7,2987,2,9,MERCEDES R CLASS,8,E01000210,0,-1
202006A167450,2020,06A167450,1,9,0,4,4,2,6,0,0,2,0,0,0,0,2,1,6,6,1,38,7,2987,2,10,MERCEDES R CLASS,-1,-1,0,-1
20201377P1621,2020,1377P1621,1,9,0,18,19,5,1,0,0,1,0,0,0,0,1,1,6,6,1,34,6,2987,2,9,MERCEDES R CLASS,1,E01010730,0,-1
2020440426205,2020,440426205,2,9,0,18,19,1,5,0,0,3,0,0,0,0,1,1,3,7,2,40,7,2987,2,12,MERCEDES R CLASS,8,E01022754,0,-1
2020040921016,2020,040921016,1,9,0,18,19,1,5,0,0,1,0,0,0,0,2,1,5,6,2,38,7,2987,2,9,MERCEDES R CLASS,8,E01024939,0,-1
2020040986681,2020,040986681,1,9,0,9,9,7,3,0,0,5,0,0,0,0,4,1,5,6,1,66,10,2987,2,12,MERCEDES R CLASS,3,E01025237,0,-1
2020010274179,2020,010274179,1,9,0,18,19,7,3,0,0,8,0,0,0,0,1,1,6,6,1,66,10,2987,2,13,MERCEDES R CLASS,2,E01004405,0,-1
2020430048458,2020,430048458,2,9,0,18,19,1,5,0,0,6,0,0,0,0,1,1,6,6,2,33,6,2987,2,12,MERCEDES R CLASS,8,E01032758,0,-1
2020010228810,2020,010228810,7,9,0,18,19,7,3,0,0,5,0,4,0,0,1,1,6,6,3,-1,-1,2987,2,9,MERCEDES R CLASS,-1,-1,0,-1
2020991012356,2020,991012356,2,9,0,18,19,8,4,0,0,2,0,0,1,0,3,1,2,2,2,40,7,1499,1,1,MITSUBISHI ECLIPSE,5,-1,0,-1
2020990986483,2020,990986483,1,9,0,11,11,1,5,0,0,0,0,0,0,0,4,1,2,2,1,29,6,1499,1,1,MITSUBISHI ECLIPSE,3,-1,0,-1
2020200946417,2020,200946417,1,9,0,18,19,5,1,0,0,6,0,10,1,0,1,1,6,6,1,50,8,1499,1,1,MITSUBISHI ECLIPSE,2,E01009101,0,-1
2020350956830,2020,350956830,2,9,0,17,19,4,8,0,0,0,0,0,1,0,3,1,2,2,2,62,9,1499,1,2,MITSUBISHI ECLIPSE,6,E01018196,0,-1
2020500969150,2020,500969150,1,9,0,18,19,1,5,0,0,0,0,0,0,0,3,1,5,6,1,60,9,1499,1,1,MITSUBISHI ECLIPSE,5,E01020072,0,-1
2020320055083,2020,320055083,2,9,0,2,2,3,7,0,0,1,0,0,0,0,2,1,1,1,2,28,6,1499,1,2,MITSUBISHI ECLIPSE,7,E01026427,0,-1
2020320431579,2020,320431579,1,9,0,6,6,3,7,0,0,1,0,0,1,9,1,1,6,6,1,86,11,1499,1,2,MITSUBISHI ECLIPSE,4,E01026254,0,-1
2020430397106,2020,430397106,2,9,0,9,9,5,4,0,0,5,0,0,0,0,2,1,3,7,2,44,7,1499,1,1,MITSUBISHI ECLIPSE,-1,-1,0,-1
2020430965539,2020,430965539,2,9,0,18,19,1,5,0,0,0,0,0,0,0,3,1,5,6,1,43,7,1499,1,2,MITSUBISHI ECLIPSE,7,E01030993,0,-1
2020010248420,2020,010248420,1,9,0,5,5,5,1,0,0,4,0,0,0,0,3,1,6,6,1,63,9,1499,1,1,MITSUBISHI ECLIPSE,6,E01000262,0,-1
2020030957947,2020,030957947,2,9,0,18,19,3,7,0,0,1,0,0,0,0,1,1,6,6,1,70,10,1499,1,1,MITSUBISHI ECLIPSE,9,E01019162,0,-1
2020440381868,2020,440381868,2,9,0,9,9,6,4,0,0,8,1,0,0,0,0,1,1,1,2,48,8,1499,1,1,MITSUBISHI ECLIPSE,4,E01007788,0,-1
2020010275233,2020,010275233,1,9,0,99,99,9,9,99,99,9,9,99,9,99,2,9,6,6,2,47,8,1499,1,1,MITSUBISHI ECLIPSE,8,E01001044,0,-1
2020010246665,2020,010246665,1,9,0,10,10,5,3,0,0,1,0,0,0,0,0,1,6,6,1,62,9,1499,1,1,MITSUBISHI ECLIPSE,5,E01003340,0,-1
2020070476638,2020,070476638,1,9,0,9,9,3,8,0,0,1,0,0,0,0,1,1,6,6,1,22,5,3498,1,11,NISSAN 350,2,E01018714,0,-1
2020141010152,2020,141010152,2,9,0,18,19,7,3,0,0,0,0,0,0,0,1,1,6,6,1,59,9,3498,1,15,NISSAN 350,4,E01007587,0,-1
2020440170969,2020,440170969,2,9,0,18,19,4,8,0,0,8,0,0,0,0,1,1,6,6,1,38,7,3498,1,12,NISSAN 350,3,E01022575,0,-1
2020471009809,2020,471009809,1,9,0,18,19,8,4,0,0,0,0,0,0,0,1,1,5,6,1,26,6,3498,1,16,NISSAN 350,10,E01021194,0,-1
2020122001301,2020,122001301,3,9,0,5,5,3,7,0,0,0,1,0,0,0,1,1,6,6,1,24,5,3498,1,16,NISSAN 350,-1,-1,0,-1
2020360970343,2020,360970343,1,9,0,9,9,8,5,0,0,2,1,7,0,0,3,1,5,6,1,26,6,3498,1,13,NISSAN 350,10,E01026927,0,-1
2020990926767,2020,990926767,1,9,0,18,19,5,1,0,0,0,2,0,4,6,1,1,5,6,1,54,8,3500,1,17,NISSAN 350,4,-1,0,-1
2020547430720,2020,547430720,1,9,0,16,19,5,2,0,0,0,1,0,1,4,1,1,6,6,1,21,5,3498,1,16,NISSAN 350,4,E01015509,0,-1
2020610021020,2020,610021020,2,9,0,18,19,1,1,0,0,1,0,0,0,0,1,1,1,1,1,23,5,3499,1,15,NISSAN 350,10,W01001591,0,-1
2020460957820,2020,460957820,1,9,0,7,7,3,5,0,0,6,0,0,0,0,3,1,1,1,1,55,8,3498,1,17,NISSAN 350,9,E01024299,0,-1
2020302001665,2020,302001665,2,9,0,18,19,2,6,0,0,0,0,0,0,0,1,1,2,2,1,22,5,3498,1,14,NISSAN 350,5,E01019738,0,-1
2020520000522,2020,520000522,2,9,0,18,19,2,6,0,0,0,0,0,0,0,1,1,6,6,1,57,9,1560,2,7,PEUGEOT 508,5,E01029144,0,-1
2020010263797,2020,010263797,2,9,0,4,4,2,6,0,0,0,0,0,1,0,1,1,6,6,1,24,5,1560,2,9,PEUGEOT 508,6,E01003002,0,-1
2020400977024,2020,400977024,2,9,0,9,9,3,7,0,0,0,0,0,7,0,4,1,5,6,1,55,8,1598,1,1,PEUGEOT 508,9,E01018181,0,-1
2020360935730,2020,360935730,1,9,0,18,19,1,5,0,0,8,0,0,0,0,4,1,1,1,1,50,8,1997,2,5,PEUGEOT 508,6,E01026612,0,-1
2020360965308,2020,360965308,1,9,0,4,4,3,7,0,0,0,0,0,0,0,1,1,5,6,1,25,5,1997,2,7,PEUGEOT 508,1,E01026635,0,-1
2020052001282,2020,052001282,1,9,0,2,2,0,0,0,0,0,0,0,0,0,0,1,1,1,1,48,8,1997,2,8,PEUGEOT 508,1,E01012402,0,-1
2020420983731,2020,420983731,1,9,0,18,19,1,3,0,0,0,0,0,0,0,1,1,6,6,1,-1,-1,1997,12,7,PEUGEOT 508,-1,-1,0,-1
2020622000218,2020,622000218,1,9,0,7,7,5,1,0,0,6,0,0,0,0,3,1,2,2,2,59,9,1997,2,8,PEUGEOT 508,10,W01001086,0,-1
2020420957146,2020,420957146,1,9,0,18,19,4,1,0,0,3,1,10,8,2,1,1,5,6,2,45,7,2179,2,7,PEUGEOT 508,2,E01021977,0,-1
2020040929853,2020,040929853,1,9,0,18,19,5,1,0,0,8,0,0,0,0,3,1,2,2,1,43,7,1560,2,7,PEUGEOT 508,1,E01025042,0,-1
2020350930691,2020,350930691,1,8,0,18,19,8,2,0,0,0,0,7,0,0,1,1,6,6,1,48,8,1560,2,5,-1,-1,-1,0,-1
2020140925958,2020,140925958,1,9,0,4,4,1,5,9,9,1,0,0,0,0,4,1,6,6,3,-1,-1,1598,1,1,PEUGEOT 508,-1,-1,0,-1
2020100923035,2020,100923035,2,9,0,3,3,4,8,0,0,0,0,0,0,0,2,1,6,6,1,30,6,1560,2,8,PEUGEOT 508,1,E01008485,0,-1
2020371015518,2020,371015518,2,9,0,10,10,5,3,0,0,1,0,0,0,0,2,1,1,1,1,25,5,1560,2,5,PEUGEOT 508,5,E01029990,0,-1
2020990932378,2020,990932378,2,9,0,4,4,6,2,0,0,1,0,0,0,0,2,2,3,7,2,36,7,1598,1,1,PEUGEOT 508,9,-1,0,-1
2020546326920,2020,546326920,1,9,0,18,19,7,3,0,0,0,1,0,1,1,1,1,1,1,1,32,6,2000,2,1,PEUGEOT 508,4,E01032070,0,-1
2020610015220,2020,610015220,1,9,0,8,8,4,3,0,0,4,0,0,0,0,3,1,6,6,1,41,7,2179,2,9,PEUGEOT 508,10,W01001586,0,-1
2020991008464,2020,991008464,1,9,0,18,19,4,8,0,0,1,0,0,1,1,1,1,5,6,1,43,7,1997,2,8,PEUGEOT 508,6,-1,0,-1
2020991000074,2020,991000074,1,9,0,18,19,4,8,0,0,1,0,0,0,0,3,1,6,6,1,73,10,1997,2,8,PEUGEOT 508,1,-1,0,-1
2020010280713,2020,010280713,2,9,0,18,19,5,1,0,0,8,0,0,0,0,3,1,6,6,1,68,10,1997,12,7,PEUGEOT 508,-1,-1,0,-1
2020420929764,2020,420929764,1,9,0,18,19,5,1,0,0,0,0,0,1,0,4,1,5,6,1,66,10,1997,2,6,PEUGEOT 508,7,E01021407,0,-1
2020010264783,2020,010264783,1,9,0,18,19,6,2,0,0,1,0,0,0,0,1,1,6,6,1,44,7,1500,2,1,PEUGEOT 508,9,E01024454,0,-1
2020010283121,2020,010283121,1,9,0,99,99,9,9,99,99,0,9,99,9,99,3,9,6,6,2,48,8,1997,2,9,PEUGEOT 508,2,E01000041,0,-1
2020140945721,2020,140945721,2,9,0,3,3,3,8,0,0,2,0,0,0,0,2,1,6,6,1,46,8,1560,2,7,PEUGEOT 508,4,E01019573,0,-1
202006N271364,2020,06N271364,1,9,0,6,6,4,4,4,4,2,0,0,0,0,4,1,6,6,1,65,9,1997,2,7,PEUGEOT 508,4,E01006839,0,-1
2020622000946,2020,622000946,2,9,0,18,19,2,6,0,0,1,0,0,0,0,2,1,2,2,1,59,9,1560,2,8,PEUGEOT 508,2,W01001750,0,-1
2020320491323,2020,320491323,1,9,0,18,19,1,5,0,0,1,0,0,0,0,1,1,6,6,2,39,7,2179,2,8,PEUGEOT 508,6,E01026404,0,-1
2020400951725,2020,400951725,1,9,0,2,2,0,0,0,0,0,0,0,0,0,2,1,6,6,1,32,6,1560,2,9,PEUGEOT 508,5,E01016768,0,-1
202031A038820,2020,31A038820,2,9,0,18,19,2,6,0,0,0,0,0,1,0,1,1,2,2,1,43,7,1560,2,6,PEUGEOT 508,5,E01028243,0,-1
2020522100098,2020,522100098,2,9,0,18,19,7,3,0,0,0,0,0,0,0,2,1,6,6,2,49,8,1560,2,9,PEUGEOT 508,4,E01014586,0,-1
2020430055760,2020,430055760,1,9,0,18,19,3,7,0,0,1,0,0,0,0,1,1,2,2,1,29,6,1997,2,5,PEUGEOT 508,10,E01028824,0,-1
2020221002078,2020,221002078,2,9,0,18,19,5,1,0,0,4,0,0,0,0,1,1,5,6,1,72,10,1997,2,8,PEUGEOT 508,5,E01032305,0,-1
2020340N00062,2020,340N00062,1,9,0,9,9,6,2,0,0,8,0,0,0,0,2,1,6,6,3,-1,-1,1560,2,9,PEUGEOT 508,-1,-1,0,-1
2020137861474,2020,137861474,1,9,0,18,19,5,1,0,0,8,0,0,0,0,3,1,6,6,1,65,9,1560,2,7,PEUGEOT 508,5,E01011921,0,-1
2020430040709,2020,430040709,3,9,0,18,19,4,8,0,0,1,0,0,0,0,3,1,2,2,1,50,8,1598,1,9,PEUGEOT 508,3,E01017711,0,-1
2020010270824,2020,010270824,1,9,0,18,19,7,3,0,0,4,0,0,0,0,1,1,1,1,1,65,9,1560,2,5,PEUGEOT 508,3,E01003387,0,-1
2020360998045,2020,360998045,1,9,0,9,9,2,8,0,0,8,0,0,0,0,1,1,1,1,1,53,8,1560,2,6,PEUGEOT 508,1,E01026634,0,-1
2020530935353,2020,530935353,1,9,0,18,19,4,8,0,0,0,0,0,0,0,1,1,6,6,1,52,8,1560,2,6,PEUGEOT 508,6,E01022233,0,-1
2020460957169,2020,460957169,1,9,0,18,19,7,3,0,0,0,0,11,0,0,1,1,5,6,1,40,7,1500,2,1,PEUGEOT 508,-1,-1,0,-1
2020400975670,2020,400975670,2,9,0,5,5,6,7,0,0,4,0,0,0,0,1,1,5,6,1,33,6,1500,2,0,PEUGEOT 508,5,E01015748,0,-1
2020522100185,2020,522100185,1,9,0,-1,-1,-1,-1,0,0,0,1,0,7,0,1,1,6,6,1,52,8,1997,2,4,PEUGEOT 508,5,E01014439,0,-1
2020010259880,2020,010259880,2,9,0,18,19,5,1,0,0,0,0,0,0,0,1,1,6,6,1,50,8,1560,2,8,PEUGEOT 508,-1,-1,0,-1
2020522101011,2020,522101011,1,9,0,7,7,5,8,0,0,3,0,0,0,0,4,1,6,6,1,77,11,1560,2,8,PEUGEOT 508,10,E01014818,0,-1
2020010243053,2020,010243053,1,8,0,18,19,3,7,0,0,8,0,7,0,0,1,1,1,1,1,35,6,1560,2,4,-1,7,E01023719,0,-1
2020340N03912,2020,340N03912,2,9,0,18,19,1,5,0,0,0,0,0,0,0,0,1,6,6,2,43,7,1560,2,8,PEUGEOT 508,4,E01027247,0,-1
2020547715220,2020,547715220,3,9,0,3,3,7,3,0,0,2,0,0,0,0,2,1,1,1,1,64,9,1500,2,1,PEUGEOT 508,7,E01032007,0,-1
202031A136720,2020,31A136720,4,9,0,2,2,0,0,0,0,0,0,0,0,0,3,1,6,6,3,-1,-1,1997,2,4,PEUGEOT 508,-1,-1,0,-1
2020201019018,2020,201019018,3,9,0,18,19,8,4,0,0,0,0,0,0,0,3,1,6,6,1,38,7,1560,2,8,PEUGEOT 508,2,E01010344,0,-1
2020010278877,2020,010278877,2,9,0,99,99,9,9,99,99,6,9,99,9,99,1,9,6,6,2,28,6,1997,2,7,PEUGEOT 508,-1,-1,0,-1
2020370944505,2020,370944505,2,2,0,18,19,5,1,0,0,1,0,0,0,0,1,1,5,6,1,17,4,50,1,7,-1,5,E01026944,0,-1
2020360992404,2020,360992404,2,3,0,18,19,4,8,0,0,8,0,0,0,0,4,1,5,6,1,35,6,125,1,0,-1,8,E01026691,0,-1
2020302000955,2020,302000955,2,3,0,18,19,2,6,0,0,1,0,0,0,0,1,1,6,6,1,24,5,125,1,0,-1,4,E01019519,0,-1
2020440035519,2020,440035519,2,5,0,18,19,1,5,0,0,1,0,10,0,0,3,1,2,2,1,47,8,645,1,15,SUZUKI SV 650,5,E01017090,0,-1
2020010274065,2020,010274065,2,5,0,5,5,3,7,0,0,8,2,10,0,0,1,1,6,6,1,42,7,645,1,4,SUZUKI SV 650,7,E01000400,0,-1
2020470932733,2020,470932733,1,5,0,18,19,3,7,0,0,0,0,0,0,0,3,1,5,6,1,20,4,645,1,21,SUZUKI SV 650,7,E01031607,0,-1
2020370978984,2020,370978984,1,5,0,18,19,3,7,0,0,0,2,10,0,0,4,1,5,6,2,46,8,645,1,14,SUZUKI SV 650,6,E01021714,0,-1
2020360961524,2020,360961524,1,5,0,17,19,3,7,0,0,0,0,0,1,0,0,1,5,6,1,57,9,645,1,20,SUZUKI SV 650,6,E01026492,0,-1
2020522003769,2020,522003769,1,5,0,13,13,4,8,0,0,0,0,0,0,0,3,1,2,2,1,45,7,645,1,21,SUZUKI SV 650,3,E01014841,0,-1
2020010276184,2020,010276184,1,5,0,99,99,9,9,99,99,9,9,99,9,99,9,1,2,2,1,41,7,645,1,6,SUZUKI SV 650,3,E01001690,0,-1
2020140954300,2020,140954300,1,5,0,13,13,2,6,0,0,1,1,0,0,0,1,1,6,6,1,29,6,645,1,1,SUZUKI SV 650,-1,-1,0,-1
2020421004310,2020,421004310,1,5,0,7,7,3,7,0,0,0,2,0,7,0,1,1,5,6,1,60,9,645,1,0,SUZUKI SV 650,10,E01023948,0,-1
202063A056820,2020,63A056820,1,5,0,17,19,1,6,0,0,0,1,0,1,9,1,1,6,6,1,36,7,645,1,19,SUZUKI SV 650,6,W01000614,0,-1
2020360937323,2020,360937323,1,5,0,18,19,1,5,0,0,1,0,12,0,0,4,1,5,6,2,33,6,645,1,20,SUZUKI SV 650,6,E01026629,0,-1
2020990963458,2020,990963458,1,5,0,18,19,6,2,0,0,2,0,0,0,0,3,1,5,6,1,61,9,645,1,7,SUZUKI SV 650,6,-1,0,-1
2020440016450,2020,440016450,2,3,0,17,19,6,2,0,0,8,0,0,0,0,4,1,6,6,1,56,9,645,1,2,-1,6,E01022824,0,-1
2020440452338,2020,440452338,1,5,0,15,15,5,1,0,0,0,1,0,1,2,1,1,6,6,1,23,5,645,1,20,SUZUKI SV 650,1,E01022967,0,-1
2020430229765,2020,430229765,1,5,0,11,11,2,6,0,0,0,0,0,1,0,4,1,6,6,1,44,7,645,1,3,SUZUKI SV 650,7,E01016409,0,-1
2020220995589,2020,220995589,1,5,0,13,13,3,7,0,0,0,1,0,0,0,3,1,5,6,1,21,5,645,1,11,SUZUKI SV 650,3,E01028880,0,-1
2020122000531,2020,122000531,2,5,0,13,13,5,1,0,0,8,1,0,0,0,1,1,6,6,1,53,8,645,1,17,SUZUKI SV 650,10,E01011845,0,-1
2020500965904,2020,500965904,2,5,0,18,19,1,5,0,0,8,0,0,0,0,1,1,5,6,1,22,5,645,1,16,SUZUKI SV 650,3,E01015059,0,-1
2020530936579,2020,530936579,2,5,0,13,13,7,3,0,0,0,2,0,0,0,3,1,6,6,1,21,5,645,1,16,SUZUKI SV 650,10,E01027324,0,-1
2020420969439,2020,420969439,1,4,0,14,14,7,3,0,0,0,0,0,0,0,1,1,2,2,1,41,7,645,1,21,-1,3,E01021490,0,-1
2020360992278,2020,360992278,2,5,0,18,19,1,5,0,0,8,0,0,0,0,4,1,5,6,1,73,10,645,1,0,SUZUKI SV 650,8,E01026563,0,-1
2020460976794,2020,460976794,2,5,0,9,9,7,3,0,0,0,0,0,0,0,4,1,5,6,1,28,6,645,1,20,SUZUKI SV 650,1,E01024610,0,-1
202031B139720,2020,31B139720,1,5,0,18,19,1,5,0,0,8,0,10,1,0,4,1,6,6,1,70,10,645,1,1,SUZUKI SV 650,5,E01019525,0,-1
2020430287187,2020,430287187,1,5,0,4,4,1,5,0,0,0,1,0,0,0,3,1,6,6,1,65,9,645,1,4,SUZUKI SV 650,-1,-1,0,-1
2020522003491,2020,522003491,2,5,0,18,19,2,6,0,0,8,0,0,0,0,1,1,6,6,1,55,8,645,1,11,SUZUKI SV 650,9,E01015018,0,-1