collision_index,collision_year,collision_ref_no,vehicle_reference,vehicle_type,towing_and_articulation,vehicle_manoeuvre_historic,vehicle_manoeuvre,vehicle_direction_from,vehicle_direction_to,vehicle_location_restricted_lane_historic,vehicle_location_restricted_lane,junction_location,skidding_and_overturning,hit_object_in_carriageway,vehicle_leaving_carriageway,hit_object_off_carriageway,first_point_of_impact,vehicle_left_hand_drive,journey_purpose_of_driver_historic,journey_purpose_of_driver,sex_of_driver,age_of_driver,age_band_of_driver,engine_capacity_cc,propulsion_code,age_of_vehicle,generic_make_model,driver_imd_decile,lsoa_of_driver,escooter_flag,driver_distance_banding
2020302000685,2020,302000685,1,4,0,13,13,4,8,0,0,1,0,0,0,0,1,1,6,6,1,20,4,645,1,15,-1,6,E01010915,0,-1
2020141001961,2020,141001961,1,5,0,18,19,7,3,0,0,1,0,0,0,0,1,1,6,6,1,33,6,650,1,20,SUZUKI SV 650,1,E01008054,0,-1
2020230918621,2020,230918621,2,5,0,14,14,6,2,0,0,0,0,0,0,0,1,1,2,2,1,32,6,645,1,7,SUZUKI SV 650,8,E01025793,0,-1
2020010263987,2020,010263987,1,5,0,9,9,7,5,0,0,1,0,0,0,0,1,1,6,6,3,-1,-1,645,1,4,SUZUKI SV 650,-1,-1,0,-1
2020461010860,2020,461010860,1,5,0,18,19,5,1,0,0,0,0,0,0,0,4,1,1,1,1,19,4,645,1,13,SUZUKI SV 650,5,E01024191,0,-1
2020450976812,2020,450976812,1,5,0,18,19,6,2,0,0,0,5,0,8,11,1,1,5,6,1,29,6,645,1,21,SUZUKI SV 650,10,E01030963,0,-1
2020546767420,2020,546767420,1,5,0,18,19,3,7,0,0,1,0,0,0,0,4,1,6,6,1,23,5,645,1,21,SUZUKI SV 650,8,E01031954,0,-1
2020137351793,2020,137351793,2,5,0,18,19,8,4,0,0,1,0,0,0,0,1,1,6,6,1,47,8,645,1,18,SUZUKI SV 650,10,E01010696,0,-1
2020030976394,2020,030976394,2,5,0,18,19,2,6,0,0,8,0,0,0,0,1,1,6,6,1,26,6,645,1,20,SUZUKI SV 650,4,E01019151,0,-1
2020010266784,2020,010266784,1,5,0,15,15,2,6,0,0,1,0,0,0,0,1,1,6,6,1,23,5,645,1,12,SUZUKI SV 650,3,E01000132,0,-1
202063D024620,2020,63D024620,1,5,0,18,19,4,7,0,0,4,1,0,0,0,0,1,6,6,1,58,9,645,1,20,SUZUKI SV 650,8,W01001905,0,-1
2020010229481,2020,010229481,2,5,0,13,13,5,1,0,0,2,0,0,0,0,1,1,6,6,1,37,7,645,1,4,SUZUKI SV 650,3,E01002711,0,-1
2020010259539,2020,010259539,1,5,0,18,19,5,1,0,0,8,0,0,0,0,1,1,6,6,1,39,7,645,1,11,SUZUKI SV 650,4,E01000802,0,-1
2020990976944,2020,990976944,1,5,0,4,4,4,2,0,0,1,0,0,0,0,2,1,6,6,1,23,5,645,1,11,SUZUKI SV 650,1,-1,0,-1
2020010258007,2020,010258007,1,4,0,15,15,7,3,2,2,2,0,0,0,0,1,1,6,6,1,51,8,645,1,1,-1,5,E01024075,0,-1
2020010265830,2020,010265830,1,5,0,18,19,7,3,0,0,8,2,0,0,0,4,1,6,6,1,25,5,645,1,20,SUZUKI SV 650,-1,-1,0,-1
2020010283243,2020,010283243,1,5,0,99,99,9,9,99,99,9,9,99,9,99,9,1,2,2,1,27,6,645,1,12,SUZUKI SV 650,8,E01022887,0,-1
2020410928523,2020,410928523,1,5,0,18,19,2,6,0,0,2,0,0,0,0,3,1,6,6,1,30,6,645,1,4,SUZUKI SV 650,8,E01023884,0,-1
2020010243061,2020,010243061,1,5,0,18,19,5,1,0,0,0,0,0,0,0,1,1,6,6,1,22,5,645,1,12,SUZUKI SV 650,-1,-1,0,-1
2020460988819,2020,460988819,1,5,0,18,19,1,5,0,0,1,0,11,0,0,1,1,5,6,1,35,6,645,1,13,SUZUKI SV 650,9,E01021153,0,-1
2020010229063,2020,010229063,2,5,0,3,3,7,3,0,0,1,0,0,0,0,3,-1,2,2,1,30,6,645,1,18,SUZUKI SV 650,4,E01022841,0,-1
2020500987222,2020,500987222,2,5,0,18,19,1,5,0,0,0,5,0,0,0,1,1,5,6,1,21,5,645,1,16,SUZUKI SV 650,6,E01020069,0,-1
2020030984046,2020,030984046,1,5,0,16,19,2,6,0,0,0,0,0,7,11,1,1,5,6,2,47,8,645,1,15,SUZUKI SV 650,8,E01029713,0,-1
2020500979157,2020,500979157,1,5,0,18,19,7,3,0,0,0,2,0,0,0,1,1,5,6,1,24,5,645,1,17,SUZUKI SV 650,6,E01015132,0,-1
2020320485358,2020,320485358,1,5,0,18,19,7,3,0,0,1,5,0,0,0,4,1,2,2,1,31,6,645,1,5,SUZUKI SV 650,2,E01026006,0,-1
2020530992808,2020,530992808,2,5,0,17,19,3,1,0,0,8,2,0,0,0,4,1,5,6,1,27,6,645,1,20,SUZUKI SV 650,5,E01022150,0,-1
2020010252424,2020,010252424,1,5,0,18,19,5,1,0,0,1,2,10,1,0,2,1,6,6,1,21,5,645,1,17,SUZUKI SV 650,8,E01003455,0,-1
2020040959687,2020,040959687,1,5,0,18,19,3,7,0,0,0,0,0,0,0,4,1,5,6,1,82,11,645,1,16,SUZUKI SV 650,5,E01025235,0,-1
2020160979437,2020,160979437,1,5,0,13,13,6,2,0,0,0,0,7,0,0,1,1,2,2,1,37,7,645,1,20,SUZUKI SV 650,5,E01013308,0,-1
2020420964694,2020,420964694,2,3,0,18,19,2,6,0,0,8,5,0,0,0,1,1,6,6,1,26,6,645,1,18,-1,7,E01021628,0,-1
2020100989360,2020,100989360,2,5,0,18,19,3,7,0,0,2,2,0,1,0,3,1,5,6,1,25,5,645,1,20,SUZUKI SV 650,1,E01008545,0,-1
202063A056920,2020,63A056920,2,5,0,13,13,6,2,0,0,8,1,0,1,10,1,1,6,6,1,34,6,645,1,21,SUZUKI SV 650,7,W01000679,0,-1
2020137240601,2020,137240601,1,5,0,18,19,3,7,0,0,8,0,0,0,0,1,1,6,6,1,29,6,645,1,16,SUZUKI SV 650,2,E01011370,0,-1
2020140992605,2020,140992605,2,5,0,18,19,2,3,0,0,0,0,0,0,0,3,1,5,6,1,21,5,645,1,21,SUZUKI SV 650,1,E01007809,0,-1
2020460991621,2020,460991621,2,5,0,18,19,5,2,0,0,3,0,0,0,0,2,1,6,6,1,22,5,645,1,16,SUZUKI SV 650,5,E01000398,0,-1
2020400986096,2020,400986096,1,5,0,5,5,1,5,0,0,4,1,0,0,0,0,1,6,6,2,45,7,645,1,7,SUZUKI SV 650,5,E01017486,0,-1
2020440408660,2020,440408660,2,5,0,18,19,4,8,0,0,8,0,0,0,0,4,1,2,2,1,29,6,645,1,13,SUZUKI SV 650,1,E01017207,0,-1
2020522100175,2020,522100175,1,5,0,18,19,1,5,0,0,1,1,6,0,0,1,1,6,6,1,39,7,845,1,18,SUZUKI SV 650,8,E01014773,0,-1
2020122000612,2020,122000612,2,5,0,18,19,4,8,0,0,0,1,0,0,0,3,1,6,6,1,23,5,645,1,11,SUZUKI SV 650,5,E01027828,0,-1
2020990975181,2020,990975181,2,5,0,13,13,2,6,0,0,0,0,0,0,0,4,1,6,6,1,23,5,645,1,17,SUZUKI SV 650,8,-1,0,-1
2020990917079,2020,990917079,1,5,0,18,19,4,8,0,0,0,2,0,0,0,1,1,6,6,1,21,5,645,1,16,SUZUKI SV 650,1,-1,0,-1
2020052000625,2020,052000625,2,5,0,18,19,8,4,0,0,1,0,0,0,0,1,1,6,6,1,36,7,645,1,15,SUZUKI SV 650,2,E01007205,0,-1
2020430260681,2020,430260681,1,5,0,16,19,1,4,0,0,1,0,0,0,0,1,1,6,6,1,40,7,645,1,15,SUZUKI SV 650,5,E01016279,0,-1
2020211024827,2020,211024827,1,5,0,18,19,-1,-1,0,0,0,0,0,0,0,0,1,2,2,1,42,7,645,1,18,SUZUKI SV 650,2,E01014355,0,-1
2020010282115,2020,010282115,1,5,0,18,19,3,7,0,0,1,0,7,0,0,1,1,6,6,1,25,5,645,1,13,SUZUKI SV 650,1,E01007979,0,-1
2020350952858,2020,350952858,1,5,0,18,19,2,6,0,0,0,1,0,0,0,1,1,5,6,1,22,5,645,1,20,SUZUKI SV 650,7,E01023445,0,-1
2020990944291,2020,990944291,1,5,0,16,19,6,1,0,0,0,2,0,7,0,4,1,6,6,1,23,5,645,1,16,SUZUKI SV 650,10,-1,0,-1
2020480931403,2020,480931403,2,5,0,14,14,3,7,0,0,2,0,0,0,0,4,1,2,2,1,21,5,645,1,2,SUZUKI SV 650,2,E01033327,0,-1
2020440054069,2020,440054069,2,5,0,18,19,1,5,0,0,0,0,0,0,0,1,1,2,2,1,25,5,645,1,19,SUZUKI SV 650,3,E01017189,0,-1
2020302000487,2020,302000487,1,5,0,18,19,4,8,0,0,0,0,0,7,0,1,1,6,6,1,30,6,645,1,21,SUZUKI SV 650,-1,-1,0,-1
202063D064120,2020,63D064120,1,5,0,17,19,4,1,0,0,0,0,0,1,10,1,1,6,6,1,38,7,645,1,16,SUZUKI SV 650,1,E01016743,0,-1
2020040922570,2020,040922570,2,97,0,18,19,3,7,0,0,0,0,0,0,0,1,1,5,6,1,21,5,49,1,8,-1,1,E01025117,0,-1
2020230950877,2020,230950877,1,2,0,17,19,8,5,0,0,1,2,10,1,2,1,1,5,6,1,38,7,49,1,13,-1,9,E01031328,0,-1
2020430022556,2020,430022556,2,9,0,9,9,5,3,0,0,5,0,0,0,0,1,1,6,6,1,-1,-1,1493,1,44,-1,10,E01028606,0,-1
2020010255608,2020,010255608,1,9,0,18,19,3,7,0,0,0,1,4,0,0,1,1,6,6,1,22,5,1493,1,32,-1,4,E01003343,0,-1
202006XP67340,2020,06XP67340,1,9,0,18,19,3,7,0,0,0,0,0,4,0,1,1,6,6,1,45,7,-1,-1,-1,VOLKSWAGEN CADDY,3,E01013752,0,-1
20201379J1422,2020,1379J1422,3,19,0,18,19,1,5,0,0,1,0,0,0,0,1,1,6,6,1,36,7,1968,2,10,VOLKSWAGEN CADDY,-1,-1,0,-1
2020010272796,2020,010272796,2,19,0,99,99,9,9,99,99,9,9,99,9,99,4,9,6,6,1,55,8,1968,2,3,VOLKSWAGEN CADDY,4,E01002442,0,-1
2020170H10130,2020,170H10130,2,19,0,2,2,0,0,0,0,0,0,0,0,0,1,1,6,6,1,-1,-1,1896,2,11,VOLKSWAGEN CADDY,-1,-1,0,-1
2020332000196,2020,332000196,1,19,0,4,4,5,1,0,0,0,0,0,0,0,1,1,1,1,1,23,5,1968,2,2,VOLKSWAGEN CADDY,1,E01033405,0,-1
2020470944022,2020,470944022,2,19,0,5,5,5,7,0,0,3,0,0,0,0,2,1,1,1,1,35,6,1968,2,4,VOLKSWAGEN CADDY,7,E01031607,0,-1
2020420967403,2020,420967403,2,19,0,18,19,3,7,0,0,0,0,0,0,0,2,1,2,2,1,29,6,1598,2,7,VOLKSWAGEN CADDY,6,E01016134,0,-1
2020010265721,2020,010265721,1,19,0,9,9,5,3,4,4,5,0,0,0,0,4,1,1,1,1,28,6,1968,2,3,VOLKSWAGEN CADDY,-1,-1,0,-1
2020450960399,2020,450960399,2,19,0,18,19,1,5,0,0,0,0,0,0,0,1,1,6,6,1,60,9,1968,2,0,VOLKSWAGEN CADDY,8,E01031653,0,-1
2020622000452,2020,622000452,2,19,0,4,4,6,8,0,0,1,0,0,1,0,2,1,6,6,1,28,6,1598,2,7,VOLKSWAGEN CADDY,10,W01001956,0,-1
2020010281014,2020,010281014,2,19,0,18,19,2,6,0,0,2,0,0,0,0,1,1,2,2,1,22,5,999,1,1,VOLKSWAGEN CADDY,8,E01001031,0,-1
2020552000098,2020,552000098,3,19,0,8,8,7,3,0,0,1,0,0,0,0,2,1,6,6,1,34,6,1968,2,1,VOLKSWAGEN CADDY,5,E01015301,0,-1
2020430071203,2020,430071203,2,8,0,18,19,1,5,0,0,6,0,0,0,0,1,1,6,6,1,-1,-1,1968,2,4,-1,-1,-1,0,-1
2020200989548,2020,200989548,1,19,0,5,5,6,8,0,0,6,0,0,0,0,1,1,6,6,1,61,9,1598,2,6,VOLKSWAGEN CADDY,7,E01009318,0,-1
2020470923448,2020,470923448,1,19,0,11,11,3,3,0,0,0,0,0,0,0,4,1,6,6,1,-1,-1,1598,2,9,VOLKSWAGEN CADDY,3,E01031482,0,-1
2020010238577,2020,010238577,1,19,0,18,19,2,6,0,0,0,0,0,0,0,4,1,1,1,1,61,9,1598,2,6,VOLKSWAGEN CADDY,5,E01000619,0,-1
2020440485083,2020,440485083,3,8,0,2,2,2,6,0,0,2,0,0,0,0,2,1,6,6,3,-1,-1,1598,2,8,-1,-1,-1,0,-1
2020460967769,2020,460967769,2,19,0,3,3,3,7,0,0,0,0,0,0,0,2,1,6,6,1,30,6,1968,2,4,VOLKSWAGEN CADDY,5,E01003681,0,-1
2020070136391,2020,070136391,1,19,0,17,19,5,1,0,0,0,1,0,0,0,1,1,1,1,1,42,7,1598,2,7,VOLKSWAGEN CADDY,6,E01018356,0,-1
2020010252189,2020,010252189,2,19,0,99,99,9,9,99,99,0,9,99,9,99,2,9,6,6,3,-1,-1,1896,2,11,VOLKSWAGEN CADDY,10,E01030368,0,-1
2020200933174,2020,200933174,2,9,0,18,19,-1,-1,0,0,0,0,0,0,0,3,1,6,6,1,-1,-1,-1,-1,-1,VOLKSWAGEN CADDY,-1,-1,0,-1
20201371O0871,2020,1371O0871,1,19,0,18,19,5,1,0,0,0,1,0,0,0,1,1,1,1,1,19,4,1968,2,2,VOLKSWAGEN CADDY,5,E01027723,0,-1
2020440468659,2020,440468659,2,19,0,18,19,1,4,0,0,1,1,0,0,0,1,1,6,6,1,-1,-1,1896,2,18,VOLKSWAGEN CADDY,-1,-1,0,-1
2020460970506,2020,460970506,1,19,0,5,5,5,1,0,0,0,0,0,0,0,2,1,1,1,1,37,7,1598,2,6,VOLKSWAGEN CADDY,10,E01024353,0,-1
2020100992659,2020,100992659,1,9,0,18,19,2,6,0,0,8,0,0,0,0,1,1,6,6,1,56,9,-1,-1,-1,VOLKSWAGEN CADDY,8,E01027407,0,-1
2020010258891,2020,010258891,2,19,0,99,99,9,9,99,99,9,9,99,9,99,9,9,6,6,3,-1,-1,1968,2,1,VOLKSWAGEN CADDY,3,E01023142,0,-1
2020010268016,2020,010268016,2,19,0,99,99,9,9,0,0,9,0,99,0,0,9,9,6,6,3,-1,-1,1968,2,3,VOLKSWAGEN CADDY,5,E01000375,0,-1
2020010236377,2020,010236377,1,19,0,9,9,1,6,0,0,5,0,0,0,0,1,1,1,1,1,43,7,1968,2,2,VOLKSWAGEN CADDY,5,E01032731,0,-1
2020070038286,2020,070038286,1,19,0,18,19,1,5,0,0,0,0,0,0,0,3,1,2,2,1,50,8,1896,2,12,VOLKSWAGEN CADDY,6,E01018625,0,-1
2020122001346,2020,122001346,1,19,0,18,19,4,8,0,0,0,0,0,0,0,1,1,6,6,1,26,6,1968,2,4,VOLKSWAGEN CADDY,-1,-1,0,-1
2020430023909,2020,430023909,3,19,0,3,3,6,2,0,0,0,0,0,0,0,2,1,1,1,1,62,9,1598,2,9,VOLKSWAGEN CADDY,5,E01016768,0,-1
2020450999079,2020,450999079,3,19,0,18,19,5,1,0,0,0,0,0,0,0,1,1,2,2,1,33,6,1968,2,3,VOLKSWAGEN CADDY,5,E01001677,0,-1
2020351020592,2020,351020592,1,19,0,3,3,4,8,0,0,1,0,0,0,0,4,1,1,1,1,50,8,1968,2,2,VOLKSWAGEN CADDY,9,E01026422,0,-1
2020470992240,2020,470992240,1,19,0,4,4,3,7,0,0,1,0,0,0,0,2,1,6,6,1,-1,-1,1598,2,7,VOLKSWAGEN CADDY,10,E01020940,0,-1
2020010253407,2020,010253407,1,19,0,99,99,9,9,99,99,9,9,99,9,99,9,9,6,6,1,33,6,1598,2,5,VOLKSWAGEN CADDY,-1,-1,0,-1
2020010256440,2020,010256440,1,19,0,99,99,9,9,99,99,9,9,99,9,99,1,9,6,6,1,46,8,1598,2,9,VOLKSWAGEN CADDY,3,E01000506,0,-1
2020010242133,2020,010242133,2,19,0,18,19,7,3,0,0,2,0,0,0,0,1,1,6,6,3,-1,-1,1968,2,2,VOLKSWAGEN CADDY,-1,-1,0,-1
2020990980806,2020,990980806,3,19,0,18,19,7,3,0,0,0,0,0,0,0,1,1,2,2,1,24,5,1896,2,13,VOLKSWAGEN CADDY,2,-1,0,-1
2020500935750,2020,500935750,1,19,0,16,19,3,7,0,0,0,5,0,2,0,4,1,5,6,1,87,11,1598,2,8,VOLKSWAGEN CADDY,5,E01020319,0,-1
2020340N05702,2020,340N05702,2,19,0,18,19,7,3,0,0,0,0,0,0,0,2,1,6,6,1,70,10,1896,2,10,VOLKSWAGEN CADDY,10,E01027355,0,-1
2020052001715,2020,052001715,3,19,0,2,2,0,0,0,0,0,0,0,0,0,3,1,6,6,3,-1,-1,1598,2,8,VOLKSWAGEN CADDY,-1,-1,0,-1
2020400931788,2020,400931788,1,9,0,4,4,1,5,0,0,1,0,0,0,0,2,1,1,1,1,48,8,1896,2,14,VOLKSWAGEN CADDY,2,E01017537,0,-1
2020100967162,2020,100967162,2,19,0,18,19,7,3,0,0,0,0,0,0,0,3,1,1,1,1,20,4,1968,2,1,VOLKSWAGEN CADDY,4,E01027531,0,-1
2020170H10740,2020,170H10740,3,19,0,18,19,5,1,0,0,0,0,0,0,0,3,1,1,1,1,48,8,1598,2,4,VOLKSWAGEN CADDY,8,E01027611,0,-1
2020211005454,2020,211005454,3,19,0,3,3,3,7,0,0,1,0,0,0,0,0,1,6,6,1,32,6,1968,2,16,VOLKSWAGEN CADDY,6,E01029837,0,-1
2020460969788,2020,460969788,2,9,0,17,19,4,8,0,0,0,0,0,0,0,1,1,5,6,1,54,8,-1,-1,-1,VOLKSWAGEN CADDY,5,E01021116,0,-1
2020622000138,2020,622000138,1,19,0,1,1,1,7,0,0,1,0,0,0,0,2,1,3,7,1,31,6,1598,2,3,VOLKSWAGEN CADDY,3,W01001317,0,-1
2020400944096,2020,400944096,1,19,0,5,5,4,1,0,0,0,0,0,0,0,1,1,1,1,1,30,6,1598,2,5,VOLKSWAGEN CADDY,5,E01018226,0,-1
2020230925243,2020,230925243,1,19,4,18,19,6,2,0,0,0,1,10,0,0,1,1,1,1,1,64,9,1896,2,12,VOLKSWAGEN CADDY,5,E01032340,0,-1
2020410964208,2020,410964208,2,19,0,9,9,3,1,0,0,8,0,0,0,0,1,1,1,1,1,30,6,1598,2,7,VOLKSWAGEN CADDY,7,E01023398,0,-1
2020500996085,2020,500996085,2,9,0,18,19,3,7,0,0,1,0,0,0,0,1,1,5,6,2,57,9,1968,2,1,VOLKSWAGEN CADDY,8,E01020158,0,-1
2020990953642,2020,990953642,2,19,0,18,19,1,5,0,0,0,0,0,0,0,3,1,1,1,1,19,4,1598,2,6,VOLKSWAGEN CADDY,6,-1,0,-1
2020052000624,2020,052000624,2,19,0,2,2,0,0,0,0,0,0,0,0,0,2,1,1,1,1,65,9,1968,2,1,VOLKSWAGEN CADDY,4,E01007140,0,-1
2020110950345,2020,110950345,1,19,0,1,1,1,5,0,0,2,0,0,0,0,2,1,5,6,1,54,8,1598,2,9,VOLKSWAGEN CADDY,7,E01012334,0,-1
2020010239825,2020,010239825,2,19,0,18,19,7,3,0,0,0,0,0,0,0,2,1,6,6,1,33,6,1598,2,8,VOLKSWAGEN CADDY,10,E01002466,0,-1
2020010279283,2020,010279283,2,19,0,99,99,9,9,99,99,9,9,99,9,99,2,9,6,6,3,-1,-1,1598,2,8,VOLKSWAGEN CADDY,3,E01003235,0,-1
2020500937096,2020,500937096,1,19,0,4,4,5,3,0,0,1,1,0,0,0,2,1,2,2,1,54,8,1968,2,7,VOLKSWAGEN CADDY,6,E01019016,0,-1
2020440217980,2020,440217980,1,19,0,18,19,4,8,0,0,0,0,0,0,0,1,1,6,6,3,-1,-1,1968,2,1,VOLKSWAGEN CADDY,-1,-1,0,-1
2020360950964,2020,360950964,1,19,0,9,9,5,1,0,0,8,0,0,0,0,4,1,1,1,1,53,8,1968,2,1,VOLKSWAGEN CADDY,6,E01026575,0,-1
2020500962657,2020,500962657,1,19,0,18,19,1,5,0,0,0,1,0,1,10,4,1,6,6,1,61,9,1968,2,4,VOLKSWAGEN CADDY,4,E01020131,0,-1
2020470991925,2020,470991925,2,19,0,18,19,7,3,0,0,0,0,0,0,0,1,1,2,2,1,35,6,1896,2,11,VOLKSWAGEN CADDY,9,E01031561,0,-1
2020010266702,2020,010266702,1,19,0,5,5,3,7,0,0,0,0,0,0,0,4,1,6,6,1,29,6,1968,2,3,VOLKSWAGEN CADDY,6,E01001236,0,-1
2020052001410,2020,052001410,2,19,0,18,19,1,5,0,0,8,0,0,0,0,4,1,6,6,1,72,10,1968,2,4,VOLKSWAGEN CADDY,9,E01006986,0,-1
2020470941820,2020,470941820,1,19,0,18,19,2,6,0,0,1,0,0,0,0,1,1,1,1,1,30,6,1598,2,6,VOLKSWAGEN CADDY,10,E01031649,0,-1
2020370947610,2020,370947610,1,9,0,18,19,1,1,0,0,8,0,0,0,0,1,1,6,6,2,56,9,1598,2,7,VOLKSWAGEN CADDY,3,E01029998,0,-1
2020160997368,2020,160997368,2,19,0,17,19,5,1,0,0,1,0,0,7,7,1,1,2,2,1,35,6,1896,2,10,VOLKSWAGEN CADDY,8,E01013305,0,-1
2020400994039,2020,400994039,2,19,0,17,19,2,6,0,0,0,0,0,0,0,3,1,2,2,1,44,7,1896,2,11,VOLKSWAGEN CADDY,4,E01015793,0,-1
20201379U0852,2020,1379U0852,1,19,0,17,19,4,8,0,0,0,0,0,1,11,1,1,6,6,1,60,9,1968,2,11,VOLKSWAGEN CADDY,6,E01010920,0,-1
2020440446667,2020,440446667,1,19,0,9,9,7,5,0,0,6,0,0,0,0,1,1,1,1,1,33,6,1968,2,1,VOLKSWAGEN CADDY,4,E01022916,0,-1
2020302001224,2020,302001224,3,19,0,18,19,1,5,0,0,1,0,0,0,0,1,1,6,6,1,29,6,1598,2,5,VOLKSWAGEN CADDY,2,E01019547,0,-1
2020440024771,2020,440024771,3,19,0,18,19,5,2,0,0,8,0,0,0,0,1,1,1,1,1,41,7,1968,2,3,VOLKSWAGEN CADDY,6,E01023118,0,-1
2020450960296,2020,450960296,1,98,0,18,19,7,3,0,0,0,0,0,0,0,2,1,5,6,1,52,8,1896,2,15,-1,8,E01017855,0,-1
2020010259325,2020,010259325,2,19,0,2,2,0,0,9,9,0,0,0,0,0,3,1,6,6,3,-1,-1,1968,2,3,VOLKSWAGEN CADDY,-1,-1,0,-1
2020430383782,2020,430383782,1,19,0,18,19,4,8,0,0,8,0,0,0,0,1,1,2,2,1,51,8,1598,2,8,VOLKSWAGEN CADDY,8,E01017690,0,-1
2020302000501,2020,302000501,1,19,0,4,4,8,4,0,0,0,0,0,0,0,2,1,6,6,1,52,8,1968,2,3,VOLKSWAGEN CADDY,4,E01019492,0,-1
2020360987845,2020,360987845,1,19,0,18,19,1,5,0,0,1,0,0,0,0,1,1,6,6,2,-1,-1,1598,2,5,VOLKSWAGEN CADDY,-1,-1,0,-1
2020420960089,2020,420960089,2,19,0,11,11,4,8,0,0,0,0,0,0,0,1,1,1,1,1,51,8,1968,2,1,VOLKSWAGEN CADDY,8,E01021375,0,-1
2020500975237,2020,500975237,1,19,0,18,19,6,2,0,0,0,0,0,1,0,1,1,5,6,1,53,8,1598,2,7,VOLKSWAGEN CADDY,5,E01018920,0,-1
202006L277387,2020,06L277387,2,19,0,3,3,7,3,0,0,1,0,0,0,0,1,1,1,1,1,30,6,1598,2,7,VOLKSWAGEN CADDY,3,E01005249,0,-1
2020990992306,2020,990992306,2,19,0,4,4,2,6,0,0,0,0,0,0,0,1,1,5,6,1,20,4,1896,2,13,VOLKSWAGEN CADDY,8,-1,0,-1
2020450981624,2020,450981624,1,19,0,9,9,1,7,0,0,1,0,0,0,0,1,1,5,6,1,29,6,1598,2,9,VOLKSWAGEN CADDY,7,E01022630,0,-1
202031D181920,2020,31D181920,2,19,0,18,19,5,1,0,0,0,2,0,6,6,1,1,6,6,1,35,6,1598,2,9,VOLKSWAGEN CADDY,4,E01013106,0,-1
2020010260466,2020,010260466,2,19,0,99,99,9,9,99,99,9,9,99,9,99,9,9,6,6,3,31,6,999,1,2,VOLKSWAGEN CADDY,3,E01000432,0,-1
2020200956112,2020,200956112,1,9,0,5,5,8,2,0,0,4,0,0,0,0,1,1,6,6,1,40,7,1968,2,1,VOLKSWAGEN CADDY,5,E01009227,0,-1
2020302000348,2020,302000348,1,19,0,17,19,4,1,0,0,0,5,0,1,4,4,1,2,2,1,24,5,1598,2,9,VOLKSWAGEN CADDY,9,E01019879,0,-1
2020430372271,2020,430372271,1,19,0,9,9,4,3,0,0,6,0,0,1,0,3,1,6,6,1,26,6,1896,2,17,VOLKSWAGEN CADDY,-1,-1,0,-1
2020122001260,2020,122001260,2,19,0,2,2,0,0,0,0,8,0,0,0,0,4,1,2,2,1,52,8,1598,2,9,VOLKSWAGEN CADDY,10,E01013352,0,-1
202006M269491,2020,06M269491,2,9,0,16,19,4,7,0,0,0,0,0,0,0,1,1,6,6,1,57,9,1968,2,2,VOLKSWAGEN CADDY,9,E01005926,0,-1
2020010263465,2020,010263465,1,19,0,18,19,1,5,0,0,1,0,0,0,0,1,1,1,1,1,66,10,1598,2,6,VOLKSWAGEN CADDY,2,E01001395,0,-1
2020451001424,2020,451001424,1,19,0,3,3,5,1,0,0,0,0,0,0,0,2,1,6,6,1,63,9,1598,2,5,VOLKSWAGEN CADDY,10,E01022877,0,-1
2020010231328,2020,010231328,2,9,0,4,4,5,1,0,0,0,0,4,0,0,2,1,2,2,1,48,8,1968,2,3,VOLKSWAGEN CADDY,5,E01001149,0,-1
2020451006209,2020,451006209,1,19,0,12,12,3,7,0,0,0,0,0,0,0,2,1,1,1,1,32,6,1896,2,11,VOLKSWAGEN CADDY,5,E01033339,0,-1
2020520004029,2020,520004029,1,9,0,18,19,7,3,0,0,8,0,0,0,0,1,1,6,6,1,67,10,-1,-1,-1,VOLKSWAGEN CADDY,5,E01029020,0,-1
2020100988695,2020,100988695,2,8,0,3,3,1,5,0,0,1,0,0,0,0,2,1,1,1,1,38,7,1598,2,5,-1,4,E01020669,0,-1
2020302001688,2020,302001688,1,19,0,18,19,4,8,0,0,1,0,0,0,0,1,1,6,6,1,22,5,1598,2,9,VOLKSWAGEN CADDY,9,E01019670,0,-1
2020137CE0230,2020,137CE0230,1,19,0,11,11,4,8,0,0,3,0,0,0,0,4,1,3,7,1,42,7,1968,2,4,VOLKSWAGEN CADDY,8,E01011496,0,-1
2020010284912,2020,010284912,2,19,9,99,99,9,9,99,99,9,9,99,9,99,1,9,6,6,3,-1,-1,1598,2,8,VOLKSWAGEN CADDY,7,E01030414,0,-1
2020170H10620,2020,170H10620,1,8,0,18,19,3,7,0,0,0,0,0,0,0,1,1,1,1,2,36,7,1968,2,3,-1,7,E01011998,0,-1
2020520001764,2020,520001764,2,9,0,4,4,5,1,0,0,0,0,0,0,0,2,1,6,6,1,42,7,1896,2,10,VOLKSWAGEN CADDY,1,E01029293,0,-1
2020430023580,2020,430023580,1,9,0,9,9,4,2,0,0,5,0,0,0,0,1,1,6,6,1,64,9,1968,2,7,VOLKSWAGEN CADDY,9,E01016788,0,-1
2020450992952,2020,450992952,2,9,0,4,4,1,5,0,0,0,0,0,0,0,2,1,1,1,2,24,5,1968,2,3,VOLKSWAGEN CADDY,9,E01031742,0,-1
202063A002820,2020,63A002820,3,19,0,3,3,3,6,0,0,1,0,0,0,0,2,1,6,6,1,23,5,1968,2,2,VOLKSWAGEN CADDY,5,W01000617,0,-1