collision_index,collision_year,collision_ref_no,vehicle_reference,vehicle_type,towing_and_articulation,vehicle_manoeuvre_historic,vehicle_manoeuvre,vehicle_direction_from,vehicle_direction_to,vehicle_location_restricted_lane_historic,vehicle_location_restricted_lane,junction_location,skidding_and_overturning,hit_object_in_carriageway,vehicle_leaving_carriageway,hit_object_off_carriageway,first_point_of_impact,vehicle_left_hand_drive,journey_purpose_of_driver_historic,journey_purpose_of_driver,sex_of_driver,age_of_driver,age_band_of_driver,engine_capacity_cc,propulsion_code,age_of_vehicle,generic_make_model,driver_imd_decile,lsoa_of_driver,escooter_flag,driver_distance_banding
2020221012737,2020,221012737,2,19,0,13,13,2,6,0,0,8,1,10,7,4,1,1,2,2,1,50,8,1598,2,8,VOLKSWAGEN CADDY,5,E01028955,0,-1
2020010256820,2020,010256820,3,19,0,18,19,1,5,0,0,0,0,0,0,0,2,1,1,1,1,38,7,1598,2,9,VOLKSWAGEN CADDY,4,E01021829,0,-1
2020410932298,2020,410932298,2,19,0,18,19,1,5,0,0,1,1,0,1,0,2,1,6,6,2,47,8,1968,2,4,VOLKSWAGEN CADDY,8,E01023485,0,-1
2020010281204,2020,010281204,2,19,0,3,3,5,1,0,0,0,0,0,0,0,3,1,1,1,1,34,6,1968,2,0,VOLKSWAGEN CADDY,3,E01004735,0,-1
2020440070386,2020,440070386,1,19,0,5,5,1,4,0,0,4,0,0,0,0,3,1,1,1,1,68,10,1598,2,8,VOLKSWAGEN CADDY,4,E01017074,0,-1
2020340S05102,2020,340S05102,1,19,0,17,19,3,7,0,0,0,5,0,1,0,1,1,6,6,1,65,9,1896,2,11,VOLKSWAGEN CADDY,10,E01027283,0,-1
2020340W06702,2020,340W06702,1,9,0,18,19,5,1,9,9,0,0,0,1,4,3,1,6,6,1,26,6,-1,-1,-1,VOLKSWAGEN CADDY,6,E01027323,0,-1
2020010255248,2020,010255248,2,19,0,7,7,1,3,0,0,1,0,0,0,0,4,1,6,6,3,-1,-1,1968,2,2,VOLKSWAGEN CADDY,-1,-1,0,-1
2020430043228,2020,430043228,1,19,0,18,19,6,2,0,0,0,0,0,0,0,4,1,1,1,1,-1,-1,1598,2,9,VOLKSWAGEN CADDY,-1,-1,0,-1
2020470939714,2020,470939714,2,9,0,9,9,8,5,0,0,8,5,0,0,0,4,1,1,1,1,60,9,-1,-1,-1,VOLKSWAGEN CADDY,8,E01020988,0,-1
202006A269140,2020,06A269140,1,9,0,18,19,3,7,0,0,0,0,0,0,0,1,1,6,6,2,37,7,1968,2,3,VOLKSWAGEN CADDY,3,E01005528,0,-1
2020440051101,2020,440051101,2,19,0,4,4,3,7,0,0,0,0,0,0,0,2,1,1,1,1,38,7,1598,2,5,VOLKSWAGEN CADDY,2,E01022833,0,-1
2020220977685,2020,220977685,1,19,0,7,7,7,1,0,0,5,0,0,0,0,1,1,5,6,1,29,6,1598,2,5,VOLKSWAGEN CADDY,4,E01013986,0,-1
2020400987063,2020,400987063,2,9,0,9,9,1,1,0,0,1,0,0,0,0,3,1,3,7,2,45,7,1968,2,2,VOLKSWAGEN CADDY,5,E01015700,0,-1
2020010269091,2020,010269091,2,9,0,18,19,8,4,0,0,0,0,0,0,0,1,1,2,2,1,31,6,-1,-1,-1,VOLKSWAGEN CADDY,2,E01003731,0,-1
2020302001392,2020,302001392,1,19,0,12,12,7,4,0,0,0,0,0,0,0,1,1,6,6,1,45,7,1598,2,8,VOLKSWAGEN CADDY,6,E01007703,0,-1
2020470922695,2020,470922695,2,19,0,3,3,8,4,0,0,0,0,0,0,0,2,1,1,1,1,32,6,1598,2,7,VOLKSWAGEN CADDY,5,E01031544,0,-1
2020140985362,2020,140985362,1,19,0,18,19,5,1,0,0,0,0,0,0,0,4,1,5,6,2,50,8,1598,2,5,VOLKSWAGEN CADDY,10,E01007937,0,-1
2020110961478,2020,110961478,3,9,0,3,3,3,7,0,0,0,0,0,0,0,2,1,6,6,1,38,7,1598,2,9,VOLKSWAGEN CADDY,2,E01020734,0,-1
202063A085320,2020,63A085320,1,19,0,18,19,5,1,0,0,8,0,0,0,0,1,1,1,1,1,36,7,1968,2,9,VOLKSWAGEN CADDY,7,W01000731,0,-1
2020010236056,2020,010236056,1,19,0,18,19,5,1,0,0,1,0,0,0,0,1,1,2,2,1,30,6,1968,2,1,VOLKSWAGEN CADDY,-1,-1,0,-1
2020230950615,2020,230950615,1,19,0,11,11,5,7,0,0,3,5,0,0,0,4,1,5,6,1,28,6,1598,2,5,VOLKSWAGEN CADDY,2,E01027314,0,-1
2020420930455,2020,420930455,1,9,0,18,19,8,4,0,0,0,1,0,2,0,4,1,5,6,1,17,4,-1,-1,-1,VOLKSWAGEN CADDY,2,E01021354,0,-1
2020010276479,2020,010276479,1,19,0,5,5,1,5,0,0,0,0,0,0,0,4,1,1,1,1,51,8,1968,2,0,VOLKSWAGEN CADDY,2,E01003551,0,-1
2020440149875,2020,440149875,2,19,0,18,19,7,3,0,0,8,0,0,0,0,1,1,2,2,1,45,7,1968,2,14,VOLKSWAGEN CADDY,6,E01022802,0,-1
2020320337191,2020,320337191,2,19,0,18,19,5,1,0,0,8,0,0,0,0,4,1,1,1,1,24,5,1968,2,2,VOLKSWAGEN CADDY,4,E01026345,0,-1
2020010253087,2020,010253087,1,9,9,99,99,9,9,0,0,9,9,99,0,0,9,9,6,6,3,-1,-1,1968,2,7,VOLKSWAGEN CADDY,-1,-1,0,-1
2020552001129,2020,552001129,1,19,0,18,19,7,3,0,0,0,0,0,0,0,1,1,1,1,1,55,8,1896,2,16,VOLKSWAGEN CADDY,5,E01020562,0,-1
2020470968585,2020,470968585,2,19,0,4,4,7,3,0,0,0,0,0,0,0,2,1,2,2,1,52,8,1598,2,5,VOLKSWAGEN CADDY,5,E01031470,0,-1
2020010256736,2020,010256736,2,9,0,99,99,9,9,99,99,9,9,99,9,99,1,9,6,6,3,-1,-1,1968,2,3,VOLKSWAGEN CADDY,4,E01004369,0,-1
2020140991601,2020,140991601,2,19,0,5,5,5,1,0,0,4,0,0,0,0,3,1,5,6,1,29,6,1598,2,9,VOLKSWAGEN CADDY,5,E01007366,0,-1
2020430373491,2020,430373491,2,9,0,18,19,5,1,0,0,4,0,0,0,0,1,1,1,1,1,28,6,1598,2,5,VOLKSWAGEN CADDY,4,E01016457,0,-1
2020470967626,2020,470967626,1,19,0,6,6,4,4,0,0,1,0,0,0,0,4,1,2,2,1,49,8,1598,2,8,VOLKSWAGEN CADDY,6,E01024847,0,-1
2020137BH0635,2020,137BH0635,1,19,0,1,1,3,7,0,0,0,0,0,0,0,2,1,1,1,1,39,7,1968,2,14,VOLKSWAGEN CADDY,3,E01011024,0,-1
2020100963760,2020,100963760,2,19,0,7,7,1,5,0,0,1,0,0,0,0,1,1,6,6,1,30,6,1896,2,14,VOLKSWAGEN CADDY,7,E01019240,0,-1
2020201011669,2020,201011669,2,19,0,18,19,4,8,0,0,8,0,0,0,0,4,1,1,1,2,50,8,1598,2,5,VOLKSWAGEN CADDY,5,E01029382,0,-1
2020410928483,2020,410928483,1,19,0,9,9,5,1,0,0,0,0,0,0,0,4,1,2,2,1,37,7,1968,2,1,VOLKSWAGEN CADDY,5,E01023304,0,-1
202006A269613,2020,06A269613,2,9,0,6,6,1,1,0,0,0,0,0,0,0,3,1,6,6,1,32,6,1896,2,11,VOLKSWAGEN CADDY,2,E01004972,0,-1
2020010275631,2020,010275631,1,19,9,99,99,9,9,99,99,9,9,99,9,99,1,1,6,6,3,-1,-1,1598,2,6,VOLKSWAGEN CADDY,4,E01001939,0,-1
2020552001190,2020,552001190,2,19,4,18,19,2,6,0,0,8,5,0,7,1,1,1,1,1,1,45,7,1968,2,4,VOLKSWAGEN CADDY,2,E01015304,0,-1
2020610000320,2020,610000320,1,19,0,9,9,1,8,0,0,1,0,0,0,0,1,1,1,1,1,56,9,1598,2,9,VOLKSWAGEN CADDY,7,W01001425,0,-1
2020010269055,2020,010269055,2,19,0,18,19,2,6,0,0,2,0,0,1,0,1,1,1,1,1,41,7,1598,2,9,VOLKSWAGEN CADDY,2,E01001144,0,-1
2020010274586,2020,010274586,1,19,0,5,5,7,3,0,0,0,0,0,0,0,4,1,2,2,1,41,7,1896,2,11,VOLKSWAGEN CADDY,3,E01032583,0,-1
2020010264158,2020,010264158,1,9,0,99,99,9,9,99,99,0,9,99,9,99,1,9,6,6,1,40,7,1598,2,5,VOLKSWAGEN CADDY,3,E01003575,0,-1
20201375U2402,2020,1375U2402,1,9,0,18,19,7,1,0,0,4,0,0,0,0,1,1,6,6,1,22,5,1598,2,5,VOLKSWAGEN CADDY,1,E01010737,0,-1
2020450986963,2020,450986963,1,9,0,4,4,1,5,0,0,0,1,6,0,0,1,1,2,2,1,67,10,-1,-1,-1,VOLKSWAGEN CADDY,8,E01030848,0,-1
2020170H10960,2020,170H10960,1,19,0,9,9,1,7,0,0,8,5,0,0,0,4,1,1,1,1,63,9,1968,2,16,VOLKSWAGEN CADDY,3,E01020744,0,-1
2020211000993,2020,211000993,2,9,0,5,5,7,3,0,0,1,0,0,0,0,1,1,6,6,1,42,7,1598,2,7,VOLKSWAGEN CADDY,4,E01014245,0,-1
2020070173635,2020,070173635,1,19,0,18,19,7,3,0,0,0,1,0,0,6,1,1,2,2,1,24,5,1598,2,9,VOLKSWAGEN CADDY,10,E01025336,0,-1
202063B013920,2020,63B013920,1,9,0,18,19,-1,-1,0,0,2,5,0,2,10,1,1,6,6,1,46,8,1598,2,5,VOLKSWAGEN CADDY,5,W01000531,0,-1
2020302000053,2020,302000053,1,19,0,5,5,7,1,0,0,6,0,0,0,0,1,1,6,6,1,26,6,1896,2,16,VOLKSWAGEN CADDY,7,E01019601,0,-1
2020010231328,2020,010231328,1,19,0,4,4,5,1,0,0,0,0,0,0,0,1,1,2,2,1,25,5,1968,2,10,VOLKSWAGEN CADDY,6,E01001159,0,-1
2020543109820,2020,543109820,3,9,0,18,19,3,7,0,0,0,0,0,0,0,1,1,1,1,1,43,7,-1,-1,-1,VOLKSWAGEN CADDY,-1,-1,0,-1
2020010273802,2020,010273802,1,19,0,4,4,7,3,0,0,0,0,0,0,0,1,1,1,1,1,41,7,1598,2,6,VOLKSWAGEN CADDY,9,E01002147,0,-1
202006K370921,2020,06K370921,1,19,0,16,19,4,7,0,0,0,0,10,7,0,1,1,6,6,1,26,6,1968,2,4,VOLKSWAGEN CADDY,5,E01006129,0,-1
2020990957225,2020,990957225,1,9,0,18,19,4,8,0,0,0,0,0,7,11,1,1,5,6,2,19,4,1968,2,1,VOLKSWAGEN CADDY,5,-1,0,-1
2020010248961,2020,010248961,2,19,0,18,19,5,1,0,0,1,0,0,0,0,4,1,2,2,1,36,7,1968,2,12,VOLKSWAGEN CADDY,6,E01031557,0,-1
2020522003969,2020,522003969,1,19,0,3,3,7,3,0,0,1,0,0,0,0,2,1,1,1,1,30,6,1968,2,10,VOLKSWAGEN CADDY,3,E01014674,0,-1
2020460953754,2020,460953754,1,9,0,18,19,3,7,0,0,1,0,0,0,0,1,1,6,6,1,78,11,1968,2,4,VOLKSWAGEN CADDY,1,E01024618,0,-1
2020010274032,2020,010274032,1,19,0,18,19,1,5,0,0,7,0,4,0,0,3,1,6,6,1,35,6,1598,2,3,VOLKSWAGEN CADDY,1,-1,0,-1
2020470951817,2020,470951817,3,19,0,1,1,5,3,9,9,0,0,0,0,0,0,1,1,1,1,35,6,1598,2,8,VOLKSWAGEN CADDY,4,E01031428,0,-1
2020010259790,2020,010259790,2,19,0,99,99,9,9,99,99,0,9,99,9,99,1,9,6,6,1,41,7,1896,2,13,VOLKSWAGEN CADDY,2,E01004013,0,-1
2020010257478,2020,010257478,1,19,0,7,7,1,4,0,0,6,0,0,0,0,1,1,6,6,1,33,6,1395,1,2,VOLKSWAGEN CADDY,3,E01004012,0,-1
2020991010313,2020,991010313,2,19,0,17,19,5,1,0,0,0,1,0,0,0,1,1,2,2,1,61,9,1968,2,11,VOLKSWAGEN CADDY,7,-1,0,-1
2020010245077,2020,010245077,1,19,0,9,9,7,5,0,0,1,0,0,0,0,1,1,2,2,1,33,6,1598,2,6,VOLKSWAGEN CADDY,10,E01030566,0,-1
2020220968395,2020,220968395,1,19,0,16,19,8,4,0,0,0,1,0,0,0,3,1,1,1,1,26,6,1598,2,8,VOLKSWAGEN CADDY,7,E01032130,0,-1
202054A612220,2020,54A612220,2,8,0,3,3,7,3,0,0,0,0,0,0,0,2,1,1,1,1,58,9,1598,2,8,-1,4,E01029232,0,-1
2020302001199,2020,302001199,1,8,0,6,6,8,8,8,6,0,0,0,0,0,4,1,1,1,1,42,7,1968,2,12,-1,3,E01019569,0,-1
2020552000516,2020,552000516,2,19,0,17,19,3,8,0,0,0,0,0,0,0,3,1,6,6,1,61,9,1598,2,6,VOLKSWAGEN CADDY,3,E01029093,0,-1
2020010228024,2020,010228024,3,9,0,3,3,5,1,0,0,1,0,0,0,0,1,1,6,6,1,51,8,1968,2,1,VOLKSWAGEN CADDY,1,E01001549,0,-1
2020451001473,2020,451001473,1,9,0,9,9,5,3,0,0,0,0,0,0,0,1,1,5,6,1,35,6,-1,-1,-1,VOLKSWAGEN CADDY,9,E01031582,0,-1
2020622000148,2020,622000148,2,8,0,3,3,2,6,0,0,0,0,0,0,0,2,1,1,1,1,37,7,1896,2,10,-1,9,W01001949,0,-1
2020221010777,2020,221010777,1,19,0,18,19,8,3,0,0,1,0,0,0,0,1,1,5,6,1,51,8,1598,2,9,VOLKSWAGEN CADDY,4,E01031086,0,-1
2020010273794,2020,010273794,1,19,0,10,10,3,2,0,0,6,0,0,0,0,3,1,1,1,1,56,9,1968,2,3,VOLKSWAGEN CADDY,5,E01003415,0,-1
2020440264508,2020,440264508,1,19,0,18,19,1,5,0,0,2,1,0,1,9,1,1,6,6,1,41,7,1896,2,13,VOLKSWAGEN CADDY,6,E01022677,0,-1
2020500962893,2020,500962893,2,19,0,18,19,7,3,0,0,0,1,0,1,0,1,1,6,6,1,60,9,1896,2,18,VOLKSWAGEN CADDY,4,E01020314,0,-1
2020231001429,2020,231001429,1,19,0,17,19,8,4,0,0,0,1,0,7,4,1,1,5,6,1,69,10,1896,2,10,VOLKSWAGEN CADDY,5,E01032414,0,-1
2020500952234,2020,500952234,1,9,0,17,19,7,3,0,0,0,0,0,0,0,1,1,2,2,1,60,9,1968,2,3,VOLKSWAGEN CADDY,6,E01019938,0,-1
2020990963116,2020,990963116,2,9,0,3,3,5,1,0,0,1,0,11,0,0,2,1,1,1,2,27,6,1968,2,1,VOLKSWAGEN CADDY,8,-1,0,-1
2020500953764,2020,500953764,1,9,0,18,19,7,3,0,0,0,0,0,0,0,1,1,6,6,1,31,6,-1,-1,-1,VOLKSWAGEN CADDY,8,E01020171,0,-1
2020010260508,2020,010260508,1,9,5,11,11,7,3,0,0,8,0,0,0,0,1,1,6,6,1,60,9,-1,-1,-1,VOLKSWAGEN CADDY,4,E01000307,0,-1
2020230987684,2020,230987684,2,19,0,2,2,0,0,0,0,0,0,0,0,0,2,1,5,6,1,50,8,1598,2,9,VOLKSWAGEN CADDY,6,E01031263,0,-1
2020470950692,2020,470950692,1,9,0,18,19,4,8,0,0,0,0,0,7,4,1,1,6,6,1,54,8,1968,2,2,VOLKSWAGEN CADDY,8,E01032620,0,-1
2020400935583,2020,400935583,1,19,0,18,19,2,6,0,0,1,0,0,0,0,1,1,6,6,1,67,10,1598,2,9,VOLKSWAGEN CADDY,7,E01017416,0,-1
2020010275416,2020,010275416,2,19,0,3,3,1,5,0,0,1,0,0,0,0,2,1,1,1,1,40,7,1968,2,4,VOLKSWAGEN CADDY,9,E01000775,0,-1
2020470939824,2020,470939824,1,19,0,9,9,2,8,0,0,8,0,0,0,0,1,1,6,6,1,40,7,1598,2,5,VOLKSWAGEN CADDY,10,E01020946,0,-1
2020010234131,2020,010234131,1,19,0,16,19,7,3,2,2,0,0,0,0,0,1,1,6,6,1,39,7,1968,2,4,VOLKSWAGEN CADDY,3,E01001267,0,-1
2020500995317,2020,500995317,1,19,0,18,19,6,2,0,0,0,0,0,0,0,1,1,1,1,1,30,6,1896,2,11,VOLKSWAGEN CADDY,5,E01019019,0,-1
2020010268070,2020,010268070,1,19,0,16,19,7,3,0,0,0,0,0,0,0,1,1,1,1,1,49,8,1598,2,8,VOLKSWAGEN CADDY,-1,-1,0,-1
2020501002907,2020,501002907,2,19,0,18,19,3,7,0,0,8,0,0,0,0,1,1,5,6,1,51,8,1968,2,10,VOLKSWAGEN CADDY,7,E01020327,0,-1
2020170L21000,2020,170L21000,1,19,0,18,19,1,5,0,0,8,0,0,0,0,1,1,6,6,1,27,6,1968,2,2,VOLKSWAGEN CADDY,8,E01012225,0,-1
2020010254949,2020,010254949,1,19,0,5,5,2,6,0,0,0,0,0,0,0,0,1,6,6,1,52,8,1968,2,4,VOLKSWAGEN CADDY,9,E01001018,0,-1
2020440246201,2020,440246201,1,19,0,18,19,3,1,0,0,1,0,0,1,4,1,1,6,6,1,33,6,1598,2,8,VOLKSWAGEN CADDY,9,E01016255,0,-1
2020010262988,2020,010262988,1,19,9,99,99,9,9,99,99,0,9,99,9,99,2,9,6,6,1,31,6,1968,2,11,VOLKSWAGEN CADDY,2,E01000941,0,-1
2020010243544,2020,010243544,1,19,0,6,6,7,7,0,0,0,0,0,0,0,3,1,1,1,1,28,6,1968,2,3,VOLKSWAGEN CADDY,7,E01003659,0,-1
2020990932637,2020,990932637,1,19,0,18,19,3,7,0,0,0,2,0,0,0,1,1,1,1,1,21,5,1598,2,6,VOLKSWAGEN CADDY,7,-1,0,-1
2020010276815,2020,010276815,2,19,0,18,19,8,4,0,0,0,0,0,0,0,1,1,6,6,1,32,6,1598,2,6,VOLKSWAGEN CADDY,3,E01032568,0,-1
2020552001103,2020,552001103,2,19,0,18,19,1,5,0,0,8,0,0,0,0,1,1,2,2,1,34,6,1896,2,10,VOLKSWAGEN CADDY,5,E01015441,0,-1
2020221008929,2020,221008929,2,19,0,7,7,3,6,0,0,3,0,0,0,0,4,1,5,6,1,36,7,1598,2,6,VOLKSWAGEN CADDY,9,E01029364,0,-1
2020460970302,2020,460970302,1,9,0,18,19,3,7,0,0,6,0,0,0,0,1,1,6,6,1,41,7,-1,-1,-1,VOLKSWAGEN CADDY,6,E01024260,0,-1
2020100967650,2020,100967650,1,19,0,17,19,6,2,0,0,8,0,0,0,0,4,1,5,6,1,49,8,1896,2,11,VOLKSWAGEN CADDY,1,E01027424,0,-1
2020010250014,2020,010250014,1,19,0,18,19,4,8,0,0,1,0,0,0,0,3,1,1,1,1,35,6,1968,2,3,VOLKSWAGEN CADDY,7,E01023871,0,-1
2020137C21146,2020,137C21146,3,19,0,3,3,6,2,0,0,1,0,0,0,0,2,1,2,2,1,42,7,1598,2,7,VOLKSWAGEN CADDY,3,E01010794,0,-1
2020230971561,2020,230971561,2,19,0,5,5,8,4,0,0,1,0,0,0,0,3,1,1,1,1,56,9,1968,2,1,VOLKSWAGEN CADDY,3,E01031172,0,-1
2020522001890,2020,522001890,2,19,0,5,5,6,2,0,0,0,0,0,0,0,1,1,6,6,2,25,5,1395,1,3,VOLKSWAGEN CADDY,-1,-1,0,-1
2020010242449,2020,010242449,1,19,0,4,4,3,7,0,0,2,0,0,0,0,2,1,1,1,1,42,7,1968,2,1,VOLKSWAGEN CADDY,-1,-1,0,-1
2020622000411,2020,622000411,2,9,0,2,2,0,0,0,0,1,0,0,0,0,3,1,6,6,1,31,6,1598,2,9,VOLKSWAGEN CADDY,4,W01000724,0,-1
2020461009589,2020,461009589,2,19,0,18,19,5,1,0,0,1,0,0,0,0,1,1,2,2,1,57,9,1896,2,11,VOLKSWAGEN CADDY,9,E01024415,0,-1
2020140978987,2020,140978987,1,19,0,3,3,2,8,0,0,1,0,0,0,0,1,1,6,6,1,-1,-1,1598,2,6,VOLKSWAGEN CADDY,3,E01007963,0,-1
20201377A0341,2020,1377A0341,1,19,0,18,19,3,7,0,0,0,0,0,0,0,1,1,1,1,1,39,7,1598,2,9,VOLKSWAGEN CADDY,7,E01011119,0,-1
2020010250232,2020,010250232,1,19,0,9,9,2,8,0,0,5,0,0,3,0,1,1,6,6,1,43,7,1968,2,2,VOLKSWAGEN CADDY,2,E01023338,0,-1
2020420939805,2020,420939805,1,19,0,18,19,7,3,0,0,1,0,0,0,0,1,1,6,6,1,36,7,1968,2,14,VOLKSWAGEN CADDY,4,E01015874,0,-1
2020137561082,2020,137561082,2,9,0,2,2,0,0,0,0,0,0,0,0,0,2,1,6,6,2,-1,-1,1968,2,4,VOLKSWAGEN CADDY,-1,-1,0,-1
2020070505428,2020,070505428,1,9,0,1,1,7,7,0,0,0,0,0,0,0,2,1,6,6,1,43,7,-1,-1,-1,VOLKSWAGEN CADDY,3,E01018464,0,-1
2020010269448,2020,010269448,2,19,9,99,99,9,9,99,99,9,9,99,9,99,9,9,6,6,3,-1,-1,1968,2,1,VOLKSWAGEN CADDY,-1,-1,0,-1
2020500961104,2020,500961104,1,19,0,18,19,6,2,0,0,8,0,0,0,0,3,1,6,6,3,-1,-1,1896,2,10,VOLKSWAGEN CADDY,-1,-1,0,-1
2020340D07882,2020,340D07882,1,19,0,16,19,6,2,0,0,0,1,0,1,1,0,1,6,6,1,29,6,1968,2,13,VOLKSWAGEN CADDY,6,E01026986,0,-1
2020220932274,2020,220932274,1,19,0,18,19,8,4,2,2,8,0,0,0,0,1,1,2,2,1,22,5,1598,2,8,VOLKSWAGEN CADDY,5,E01032457,0,-1
2020211029069,2020,211029069,2,19,0,18,19,8,4,0,0,8,0,0,0,0,1,1,6,6,1,62,9,1968,2,1,VOLKSWAGEN CADDY,-1,-1,0,-1
2020320472091,2020,320472091,1,19,0,4,4,4,2,0,0,0,0,0,0,0,1,1,1,1,1,54,8,1968,2,10,VOLKSWAGEN CADDY,4,E01026105,0,-1
2020302001592,2020,302001592,2,19,0,7,7,6,1,0,0,1,0,0,0,0,4,1,6,6,1,29,6,1968,2,13,VOLKSWAGEN CADDY,2,E01019647,0,-1
2020170M30370,2020,170M30370,1,19,0,14,14,2,6,0,0,0,0,0,0,0,1,1,1,1,1,47,8,1968,2,10,VOLKSWAGEN CADDY,1,E01012045,0,-1
2020220941001,2020,220941001,1,19,0,18,19,7,3,0,0,0,0,0,0,0,0,1,6,6,1,35,6,1968,2,2,VOLKSWAGEN CADDY,2,E01010311,0,-1
2020302000072,2020,302000072,1,9,0,18,19,4,8,0,0,0,0,0,0,0,3,1,1,1,2,39,7,1968,2,3,VOLKSWAGEN CADDY,2,E01013581,0,-1
2020500946447,2020,500946447,2,9,0,4,4,4,8,0,0,0,0,0,0,0,1,1,6,6,1,38,7,1896,2,12,VOLKSWAGEN CADDY,4,E01020057,0,-1
2020137CH0699,2020,137CH0699,1,19,0,18,19,7,3,0,0,0,0,0,0,0,0,1,2,2,1,50,8,1598,2,6,VOLKSWAGEN CADDY,2,E01011758,0,-1
2020440116939,2020,440116939,1,19,0,9,9,7,5,0,0,8,0,0,0,0,1,1,1,1,1,20,4,1968,2,1,VOLKSWAGEN CADDY,7,E01022764,0,-1
2020522101041,2020,522101041,1,19,0,9,9,7,5,0,0,5,0,0,0,0,1,1,6,6,1,45,7,1968,2,14,VOLKSWAGEN CADDY,6,E01014648,0,-1
2020137AB0533,2020,137AB0533,2,19,0,18,19,4,8,0,0,0,0,0,0,0,2,1,6,6,1,29,6,1896,2,14,VOLKSWAGEN CADDY,2,E01011282,0,-1
2020320627107,2020,320627107,2,19,0,18,19,2,6,0,0,2,0,0,0,0,1,1,2,2,1,24,5,1598,2,7,VOLKSWAGEN CADDY,7,E01026096,0,-1
2020010276477,2020,010276477,2,9,0,99,99,9,9,99,99,9,9,99,9,99,1,9,6,6,3,-1,-1,-1,-1,-1,VOLKSWAGEN CADDY,-1,-1,0,-1
202063A024820,2020,63A024820,1,19,0,16,19,3,6,0,0,0,2,0,8,10,1,1,6,6,1,23,5,1968,2,13,VOLKSWAGEN CADDY,7,W01000651,0,-1
2020010285727,2020,010285727,1,19,0,9,9,7,5,0,0,5,0,0,0,0,1,1,1,1,1,35,6,1968,2,1,VOLKSWAGEN CADDY,4,E01030615,0,-1
2020160977368,2020,160977368,2,19,0,18,19,1,1,0,0,1,0,0,7,0,4,1,1,1,1,50,8,1968,2,10,VOLKSWAGEN CADDY,1,E01012873,0,-1
2020220955547,2020,220955547,2,19,0,16,19,6,1,0,0,8,0,0,7,10,1,1,1,1,1,25,5,1598,2,6,VOLKSWAGEN CADDY,1,E01010456,0,-1
2020010280350,2020,010280350,2,19,0,1,1,1,5,6,6,2,0,0,0,0,2,1,6,6,1,40,7,1896,2,11,VOLKSWAGEN CADDY,2,E01001249,0,-1
2020400959271,2020,400959271,1,19,0,18,19,1,5,0,0,0,0,0,0,0,1,1,6,6,1,45,7,1968,2,10,VOLKSWAGEN CADDY,4,E01017475,0,-1
2020522003787,2020,522003787,2,19,0,18,19,1,5,0,0,8,0,0,0,0,1,1,6,6,1,62,9,1968,2,2,VOLKSWAGEN CADDY,6,E01014677,0,-1
2020990942572,2020,990942572,2,19,0,9,9,7,5,0,0,1,0,0,0,0,4,1,5,6,1,36,7,1896,2,10,VOLKSWAGEN CADDY,-1,-1,0,-1
2020161009657,2020,161009657,1,19,0,4,4,6,2,0,0,1,0,0,0,0,1,1,6,6,1,28,6,1598,2,7,VOLKSWAGEN CADDY,5,E01033414,0,-1
2020070138037,2020,070138037,2,9,0,18,19,7,3,0,0,8,0,0,0,0,1,1,1,1,2,29,6,1968,2,2,VOLKSWAGEN CADDY,7,E01012560,0,-1
2020450983790,2020,450983790,1,19,0,5,5,3,7,0,0,0,0,0,0,0,2,1,6,6,1,35,6,1896,2,10,VOLKSWAGEN CADDY,2,E01023338,0,-1
2020201004767,2020,201004767,1,19,0,9,9,6,3,0,0,8,0,0,0,0,1,1,6,6,1,49,8,1598,2,4,VOLKSWAGEN CADDY,7,E01009439,0,-1
2020500962505,2020,500962505,1,19,0,3,3,3,7,0,0,1,0,0,0,0,2,1,6,6,2,36,7,1968,2,3,VOLKSWAGEN CADDY,6,E01019023,0,-1
2020302000919,2020,302000919,1,19,0,9,9,8,6,0,0,5,0,0,0,0,0,1,6,6,1,69,10,1968,2,10,VOLKSWAGEN CADDY,1,E01013535,0,-1
2020140935885,2020,140935885,1,19,0,3,3,5,1,0,0,0,0,0,0,0,2,1,2,2,1,30,6,1598,2,5,VOLKSWAGEN CADDY,3,E01007966,0,-1
2020010254252,2020,010254252,1,19,0,18,19,1,5,0,0,8,5,0,0,0,4,1,1,1,1,27,6,1968,2,4,VOLKSWAGEN CADDY,5,E01003342,0,-1
2020010259433,2020,010259433,2,19,0,9,9,7,5,0,0,5,0,0,0,0,0,1,6,6,3,-1,-1,1598,2,7,VOLKSWAGEN CADDY,-1,-1,0,-1
2020360949455,2020,360949455,1,19,0,17,19,1,3,0,0,1,0,0,0,0,1,1,1,1,1,33,6,1598,2,7,VOLKSWAGEN CADDY,6,E01026272,0,-1
2020440333760,2020,440333760,1,19,0,13,13,1,5,0,0,0,0,0,0,0,4,1,6,6,1,62,9,1968,2,3,VOLKSWAGEN CADDY,7,E01022561,0,-1
2020010245336,2020,010245336,1,19,0,4,4,1,5,0,0,1,0,0,0,0,0,1,6,6,1,49,8,1896,2,10,VOLKSWAGEN CADDY,8,E01000366,0,-1
2020010250684,2020,010250684,1,9,0,4,4,1,5,0,0,1,0,0,0,0,1,1,2,2,1,46,8,1598,2,5,VOLKSWAGEN CADDY,5,E01001201,0,-1
2020440400822,2020,440400822,3,19,0,2,2,0,0,0,0,2,0,0,0,0,2,1,6,6,3,-1,-1,1598,2,8,VOLKSWAGEN CADDY,-1,-1,0,-1
2020990956335,2020,990956335,2,19,0,18,19,5,1,0,0,0,0,0,1,0,1,1,5,6,1,27,6,1598,2,7,VOLKSWAGEN CADDY,7,-1,0,-1