collision_index,collision_year,collision_ref_no,vehicle_reference,vehicle_type,towing_and_articulation,vehicle_manoeuvre_historic,vehicle_manoeuvre,vehicle_direction_from,vehicle_direction_to,vehicle_location_restricted_lane_historic,vehicle_location_restricted_lane,junction_location,skidding_and_overturning,hit_object_in_carriageway,vehicle_leaving_carriageway,hit_object_off_carriageway,first_point_of_impact,vehicle_left_hand_drive,journey_purpose_of_driver_historic,journey_purpose_of_driver,sex_of_driver,age_of_driver,age_band_of_driver,engine_capacity_cc,propulsion_code,age_of_vehicle,generic_make_model,driver_imd_decile,lsoa_of_driver,escooter_flag,driver_distance_banding
2020440374207,2020,440374207,1,9,0,2,2,8,4,0,0,0,0,0,0,0,0,1,6,6,1,26,6,1596,1,11,FORD FOCUS,10,E01022756,0,-1
2020401006586,2020,401006586,2,9,0,18,19,5,1,0,0,0,0,0,0,0,4,1,6,6,1,41,7,1596,1,9,FORD FOCUS,7,E01033431,0,-1
2020361013471,2020,361013471,2,9,0,18,19,3,8,0,0,8,0,0,0,0,1,1,5,6,1,60,9,1596,1,9,FORD FOCUS,2,E01026834,0,-1
2020451010143,2020,451010143,2,9,0,18,19,1,5,0,0,0,0,0,0,0,1,1,6,6,1,42,7,1596,1,9,FORD FOCUS,6,E01030857,0,-1
2020450965629,2020,450965629,1,9,0,18,19,1,5,0,0,0,0,0,0,0,3,1,5,6,1,65,9,1997,2,14,FORD FOCUS,5,E01030971,0,-1
2020200940640,2020,200940640,1,9,0,18,19,2,6,0,0,4,0,0,0,0,1,1,6,6,1,33,6,1753,2,13,FORD FOCUS,2,E01009746,0,-1
2020460946892,2020,460946892,2,9,0,18,19,7,2,0,0,8,0,0,0,0,1,1,5,6,1,38,7,2261,1,3,FORD FOCUS,2,E01023976,0,-1
2020530968969,2020,530968969,2,9,0,15,15,1,5,0,0,0,0,0,0,0,3,1,5,6,2,59,9,1753,2,14,FORD FOCUS,10,E01022417,0,-1
2020010248434,2020,010248434,1,9,0,99,99,9,9,99,99,9,9,99,9,99,2,9,6,6,2,40,7,1498,1,5,FORD FOCUS,2,E01003335,0,-1
2020040976306,2020,040976306,1,9,0,5,5,3,7,0,0,0,0,0,0,0,1,1,2,2,1,26,6,1560,2,10,FORD FOCUS,3,E01025578,0,-1
2020100956840,2020,100956840,2,9,0,17,19,2,6,0,0,0,0,0,0,0,1,1,5,6,1,28,6,1560,2,5,FORD FOCUS,3,E01008242,0,-1
2020052000817,2020,052000817,2,9,0,18,19,2,6,0,0,8,0,0,0,0,1,1,6,6,2,52,8,1999,1,13,FORD FOCUS,2,E01006977,0,-1
2020320619024,2020,320619024,1,9,0,18,19,5,1,0,0,0,0,0,7,0,1,1,6,6,1,20,4,999,1,2,FORD FOCUS,9,E01013804,0,-1
202063B015020,2020,63B015020,2,9,0,17,19,2,7,0,0,1,0,0,0,0,1,1,6,6,1,83,11,1560,2,8,FORD FOCUS,5,W01000535,0,-1
2020540984420,2020,540984420,1,9,0,18,19,5,1,0,0,0,0,0,0,0,1,1,6,6,2,56,9,998,1,8,FORD FOCUS,9,E01031915,0,-1
2020010233829,2020,010233829,2,9,0,3,3,3,7,0,0,1,0,0,0,0,1,1,-1,-1,3,-1,-1,1496,1,1,FORD FOCUS,-1,-1,0,-1
2020070368488,2020,070368488,1,9,0,18,19,5,1,0,0,8,0,0,0,0,4,1,6,6,1,31,6,999,1,4,FORD FOCUS,4,E01012504,0,-1
2020552001078,2020,552001078,1,9,0,9,9,2,4,0,0,5,0,0,0,0,1,1,6,6,2,47,8,1798,1,9,FORD FOCUS,5,E01020587,0,-1
2020031005179,2020,031005179,1,9,0,9,9,1,7,0,0,8,0,0,0,0,1,1,6,6,2,56,9,1596,1,17,FORD FOCUS,8,E01019242,0,-1
2020220921463,2020,220921463,1,9,0,9,9,5,2,0,0,6,0,0,7,0,3,1,2,2,2,18,4,998,1,8,FORD FOCUS,5,E01028893,0,-1
2020160943585,2020,160943585,2,9,0,18,19,1,5,0,0,4,0,0,0,0,4,1,6,6,1,34,6,1596,1,14,FORD FOCUS,1,E01013199,0,-1
2020100994906,2020,100994906,1,9,0,17,19,6,2,0,0,0,0,4,0,0,4,1,6,6,1,53,8,1753,2,18,FORD FOCUS,6,E01008770,0,-1
2020141010619,2020,141010619,4,9,0,18,19,8,4,0,0,0,0,0,0,0,1,1,6,6,2,29,6,1596,1,19,FORD FOCUS,3,E01007374,0,-1
2020411007863,2020,411007863,3,9,0,3,3,6,2,0,0,0,0,0,0,0,2,1,1,1,1,51,8,1999,1,12,FORD FOCUS,5,E01023705,0,-1
2020040925790,2020,040925790,2,9,0,18,19,3,7,0,0,0,0,0,0,0,2,1,2,2,1,39,7,1596,1,13,FORD FOCUS,2,E01025245,0,-1
2020070554988,2020,070554988,1,9,0,18,19,8,4,0,0,0,0,0,0,0,1,1,6,6,1,21,5,1753,2,12,FORD FOCUS,1,E01014250,0,-1
2020010232456,2020,010232456,1,9,0,9,9,1,7,0,0,6,0,0,0,0,1,1,2,2,1,56,9,1596,1,17,FORD FOCUS,6,E01003952,0,-1
2020460998152,2020,460998152,1,9,0,4,4,5,1,0,0,0,0,0,0,0,1,1,5,6,1,62,9,1596,1,17,FORD FOCUS,2,E01001625,0,-1
2020040977507,2020,040977507,1,9,0,9,9,5,1,0,0,1,0,0,0,0,2,1,6,6,2,31,6,1560,2,15,FORD FOCUS,1,E01024953,0,-1
2020010243065,2020,010243065,1,9,0,99,99,9,9,99,99,9,9,99,9,99,9,9,6,6,3,-1,-1,2261,1,1,FORD FOCUS,-1,-1,0,-1
202031C171720,2020,31C171720,1,9,0,15,15,4,8,0,0,1,0,0,0,0,3,1,6,6,1,45,7,999,1,4,FORD FOCUS,1,E01013825,0,-1
2020010271020,2020,010271020,2,9,0,17,19,3,7,0,0,8,0,0,0,0,4,1,6,6,1,62,9,1596,1,5,FORD FOCUS,9,E01030733,0,-1
2020052000665,2020,052000665,2,9,0,18,19,2,6,0,0,0,0,0,0,0,1,1,6,6,1,40,7,998,1,7,FORD FOCUS,2,E01006655,0,-1
2020420977230,2020,420977230,1,9,0,1,1,2,6,9,9,0,0,0,0,0,2,1,5,6,1,55,8,1496,1,0,FORD FOCUS,3,E01015924,0,-1
2020110989439,2020,110989439,3,9,0,2,2,0,0,0,0,1,0,0,0,0,3,1,1,1,2,40,7,1496,1,0,FORD FOCUS,-1,-1,0,-1
2020450936210,2020,450936210,2,9,0,18,19,1,5,0,0,1,0,0,1,0,1,1,5,6,2,41,7,1596,1,14,FORD FOCUS,6,E01030610,0,-1
2020420993508,2020,420993508,1,9,0,7,7,2,3,0,0,4,0,0,0,0,4,1,6,6,2,44,7,1596,1,14,FORD FOCUS,2,E01015844,0,-1
2020160956948,2020,160956948,2,9,0,18,19,5,1,0,0,0,0,0,0,0,1,1,6,6,1,47,8,1560,2,15,FORD FOCUS,1,E01013174,0,-1
2020360966500,2020,360966500,1,9,0,18,19,8,5,0,0,0,0,4,8,11,1,1,5,6,1,28,6,1753,2,12,FORD FOCUS,5,E01026788,0,-1
2020010240736,2020,010240736,3,9,0,18,19,5,1,0,0,5,0,4,0,0,1,1,6,6,3,-1,-1,999,1,1,FORD FOCUS,-1,-1,0,-1
2020360973357,2020,360973357,1,9,0,5,5,3,1,0,0,0,0,0,0,0,1,1,5,6,1,66,10,1596,1,16,FORD FOCUS,5,E01026766,0,-1
2020010262817,2020,010262817,2,9,9,99,99,9,9,0,0,9,9,99,9,99,9,9,6,6,3,-1,-1,1596,1,12,FORD FOCUS,-1,-1,0,-1
2020522002478,2020,522002478,2,9,0,18,19,6,2,0,0,8,0,0,0,0,2,1,6,6,1,32,6,1753,2,14,FORD FOCUS,3,E01014572,0,-1
2020040999697,2020,040999697,2,9,0,18,19,3,7,0,0,1,0,0,0,0,1,1,5,6,1,58,9,1499,2,5,FORD FOCUS,1,E01005090,0,-1
2020470996922,2020,470996922,1,9,0,18,19,4,8,0,0,8,0,0,0,0,1,1,5,6,1,83,11,1596,1,14,FORD FOCUS,7,E01031438,0,-1
2020470987918,2020,470987918,3,9,0,18,19,3,7,0,0,1,0,0,0,0,3,1,2,2,1,48,8,1596,1,14,FORD FOCUS,6,E01016874,0,-1
2020010261820,2020,010261820,1,9,0,12,12,3,7,0,0,4,0,0,0,0,3,1,6,6,1,33,6,999,1,3,FORD FOCUS,10,E01030396,0,-1
2020622000506,2020,622000506,2,9,0,2,2,0,0,0,0,0,0,0,0,0,2,1,6,6,3,-1,-1,1596,1,11,FORD FOCUS,-1,-1,0,-1
2020200934008,2020,200934008,2,9,0,18,19,4,8,0,0,0,0,0,0,0,3,1,2,2,1,35,6,1560,2,8,FORD FOCUS,10,E01010231,0,-1
2020460987887,2020,460987887,3,9,0,18,19,7,3,0,0,0,0,0,0,0,2,1,2,2,1,32,6,1596,1,8,FORD FOCUS,4,E01024178,0,-1
2020451003065,2020,451003065,1,9,0,18,19,1,5,0,0,1,0,4,0,0,1,1,5,6,1,76,11,1596,1,6,FORD FOCUS,10,E01030395,0,-1
2020010238334,2020,010238334,1,9,0,99,99,9,9,99,99,9,9,99,9,99,9,9,6,6,1,31,6,1798,1,13,FORD FOCUS,5,E01000251,0,-1
2020440173471,2020,440173471,1,9,0,3,3,6,2,0,0,0,0,0,0,0,2,1,6,6,1,36,7,1499,2,4,FORD FOCUS,1,E01017250,0,-1
2020140960182,2020,140960182,2,9,0,18,19,2,7,0,0,0,0,0,0,0,1,1,5,6,1,18,4,1499,2,5,FORD FOCUS,5,E01007505,0,-1
2020010275666,2020,010275666,1,9,0,18,19,5,1,0,0,2,0,0,0,0,1,1,6,6,2,61,9,1596,1,13,FORD FOCUS,3,E01003565,0,-1
2020140998874,2020,140998874,1,9,0,7,7,4,6,0,0,6,0,0,0,0,3,1,5,6,1,27,6,1596,1,18,FORD FOCUS,5,E01007650,0,-1
202006A274108,2020,06A274108,2,9,0,18,19,1,5,0,0,1,0,0,0,0,1,1,6,6,1,59,9,1997,2,8,FORD FOCUS,4,E01004993,0,-1
2020200963507,2020,200963507,1,9,0,18,19,6,2,0,0,6,0,10,3,11,1,1,5,6,1,29,6,1997,2,15,FORD FOCUS,1,E01010286,0,-1
2020200947116,2020,200947116,1,9,0,9,9,1,7,0,0,5,0,0,0,0,1,1,6,6,2,25,5,1796,1,20,FORD FOCUS,4,E01029367,0,-1
2020141000457,2020,141000457,1,9,0,9,9,6,1,0,0,8,0,0,0,0,3,1,5,6,1,21,5,1560,2,6,FORD FOCUS,9,E01007926,0,-1
2020010264505,2020,010264505,1,9,0,9,9,5,2,0,0,8,0,0,0,0,3,1,6,6,1,36,7,1560,2,6,FORD FOCUS,9,E01002263,0,-1
2020990940027,2020,990940027,1,9,0,16,19,2,6,0,0,0,1,0,1,0,1,1,6,6,1,26,6,1753,2,13,FORD FOCUS,6,-1,0,-1
2020040990172,2020,040990172,1,9,0,9,9,3,1,0,0,2,0,0,0,0,1,1,5,6,1,57,9,1560,2,14,FORD FOCUS,1,E01012577,0,-1
2020010274223,2020,010274223,1,9,0,4,4,5,1,0,0,1,0,0,1,0,2,1,6,6,1,26,6,1596,1,13,FORD FOCUS,3,E01004303,0,-1
2020400918543,2020,400918543,1,9,0,10,10,4,8,0,0,0,0,0,0,0,2,1,2,2,1,40,7,1560,2,9,FORD FOCUS,3,E01015701,0,-1
2020421002268,2020,421002268,1,9,0,18,19,3,7,0,0,0,0,0,1,4,1,1,5,6,1,18,4,999,1,4,FORD FOCUS,6,E01021355,0,-1
2020522100137,2020,522100137,1,9,0,18,19,1,5,0,0,0,0,0,0,0,1,1,6,6,1,33,6,1596,1,15,FORD FOCUS,8,E01022353,0,-1
2020350999735,2020,350999735,2,9,0,17,19,3,8,0,0,8,0,0,0,0,1,1,5,6,2,40,7,1596,1,11,FORD FOCUS,2,E01026716,0,-1
2020030996584,2020,030996584,1,9,0,18,19,8,4,0,0,3,0,0,0,0,1,1,6,6,2,85,11,1596,1,9,FORD FOCUS,9,E01019176,0,-1
202031D122820,2020,31D122820,3,9,0,3,3,7,3,0,0,1,0,0,0,0,2,1,6,6,1,60,9,1596,1,16,FORD FOCUS,2,E01019682,0,-1
2020450925407,2020,450925407,1,9,0,18,19,1,1,0,0,0,0,0,0,0,1,1,5,6,2,32,6,1596,1,14,FORD FOCUS,4,E01030383,0,-1
2020230925627,2020,230925627,1,9,0,9,9,2,8,0,0,6,0,0,0,0,1,1,5,6,1,44,7,1798,1,16,FORD FOCUS,5,E01031203,0,-1
2020400941062,2020,400941062,1,9,0,1,1,3,7,0,0,0,0,0,0,0,2,1,6,6,1,44,7,1596,1,16,FORD FOCUS,3,E01017518,0,-1
2020010274034,2020,010274034,1,9,0,18,19,6,2,0,0,8,2,0,0,0,1,1,6,6,1,33,6,1596,1,15,FORD FOCUS,1,E01033153,0,-1
2020211023838,2020,211023838,3,9,0,7,7,3,6,0,0,8,0,0,0,0,0,1,6,6,2,23,5,1753,2,14,FORD FOCUS,4,E01029808,0,-1
2020470984740,2020,470984740,1,9,0,18,19,5,1,0,0,1,0,0,0,0,1,1,5,6,1,19,4,1798,1,12,FORD FOCUS,7,E01031407,0,-1
2020530915154,2020,530915154,2,9,0,7,7,1,7,0,0,0,0,0,0,0,2,1,5,6,1,57,9,1753,2,13,FORD FOCUS,1,E01022152,0,-1
202063C079920,2020,63C079920,1,9,0,9,9,8,5,0,0,6,0,0,0,0,1,1,2,2,1,23,5,1798,1,13,FORD FOCUS,7,W01000561,0,-1
2020100967226,2020,100967226,1,9,0,18,19,5,8,0,0,1,0,0,0,0,1,1,5,6,1,35,6,1753,2,16,FORD FOCUS,-1,-1,0,-1
2020302000039,2020,302000039,1,9,0,18,19,8,4,0,0,0,0,0,0,0,1,1,2,2,1,33,6,1596,1,13,FORD FOCUS,4,E01028249,0,-1
2020010269038,2020,010269038,2,9,0,9,9,7,4,0,0,1,0,0,0,0,1,1,2,2,1,33,6,999,1,3,FORD FOCUS,-1,-1,0,-1
2020140988811,2020,140988811,1,9,0,9,9,7,5,0,0,3,1,0,0,0,2,1,5,6,2,50,8,999,1,4,FORD FOCUS,6,E01007455,0,-1
2020461001195,2020,461001195,5,9,0,2,2,3,1,0,0,0,0,0,0,0,3,1,6,6,2,29,6,1753,2,16,FORD FOCUS,4,E01024841,0,-1
2020040953126,2020,040953126,1,9,0,18,19,7,1,0,0,1,0,0,0,0,1,1,5,6,1,68,10,1596,1,14,FORD FOCUS,3,E01004772,0,-1
2020420935084,2020,420935084,2,9,0,3,3,5,1,0,0,1,0,0,0,0,2,1,6,6,1,52,8,1596,1,13,FORD FOCUS,5,E01021550,0,-1
2020430199150,2020,430199150,1,9,0,17,19,4,1,0,0,0,1,0,0,0,3,1,6,6,1,36,7,1796,1,20,FORD FOCUS,6,E01016254,0,-1
2020010238100,2020,010238100,1,9,0,18,19,3,7,0,0,3,9,0,0,0,1,1,6,6,1,39,7,999,1,2,FORD FOCUS,8,E01021337,0,-1
2020211001062,2020,211001062,1,9,0,7,7,2,3,0,0,8,0,0,0,0,1,1,6,6,2,31,6,1997,2,12,FORD FOCUS,2,E01029426,0,-1
2020460940253,2020,460940253,1,9,0,9,9,8,4,0,0,0,0,0,0,0,1,1,3,7,2,36,7,1798,1,13,FORD FOCUS,6,E01024452,0,-1
2020420937576,2020,420937576,2,9,0,18,19,3,7,0,0,1,0,0,0,0,1,1,2,2,1,38,7,1560,2,14,FORD FOCUS,5,E01015975,0,-1
2020440425378,2020,440425378,2,9,0,18,19,1,5,0,0,8,0,0,0,0,3,1,4,7,1,71,10,1798,1,11,FORD FOCUS,6,E01022802,0,-1
2020460926813,2020,460926813,1,9,0,18,19,5,1,0,0,1,0,0,0,0,1,1,5,6,1,51,8,1596,1,7,FORD FOCUS,8,E01024017,0,-1
2020990969126,2020,990969126,1,9,0,16,19,2,6,0,0,0,0,0,6,0,1,1,2,2,1,29,6,1560,2,10,FORD FOCUS,4,-1,0,-1
2020010228419,2020,010228419,2,9,0,7,7,7,1,0,0,6,0,0,0,0,3,1,6,6,1,47,8,1560,2,14,FORD FOCUS,8,E01023666,0,-1
2020010238802,2020,010238802,2,9,0,7,7,5,7,0,0,6,1,0,0,0,3,1,6,6,2,71,10,1596,1,14,FORD FOCUS,6,E01000187,0,-1
2020500930369,2020,500930369,1,9,0,9,9,1,5,0,0,5,0,0,0,0,1,1,5,6,1,45,7,1596,1,14,FORD FOCUS,3,E01015059,0,-1
202031B138720,2020,31B138720,2,9,0,3,3,7,3,0,0,1,0,0,0,0,1,1,6,6,1,63,9,1596,1,6,FORD FOCUS,3,E01028020,0,-1
2020140960052,2020,140960052,2,9,0,18,19,7,5,0,0,6,0,0,3,0,1,1,5,6,1,21,5,1560,2,11,FORD FOCUS,1,E01008018,0,-1
2020450940002,2020,450940002,2,9,0,9,9,4,2,0,0,8,0,0,0,0,3,1,5,6,1,44,7,1999,1,11,FORD FOCUS,7,E01030629,0,-1
2020450997354,2020,450997354,1,9,0,18,19,7,3,0,0,0,0,0,0,0,0,1,6,6,2,35,6,1596,1,16,FORD FOCUS,6,E01030717,0,-1
2020500928588,2020,500928588,1,9,0,7,7,5,7,0,0,1,0,0,0,0,1,1,5,6,2,38,7,999,1,1,FORD FOCUS,3,E01018932,0,-1
2020351001781,2020,351001781,1,9,0,17,19,7,3,0,0,1,2,7,1,7,1,1,5,6,1,25,5,1560,2,9,FORD FOCUS,4,E01018100,0,-1
2020410986103,2020,410986103,1,9,0,18,19,2,6,0,0,0,1,0,8,11,1,1,2,2,2,51,8,1596,1,8,FORD FOCUS,8,E01023321,0,-1
2020500930510,2020,500930510,1,9,0,18,19,5,1,0,0,0,0,0,1,1,1,1,6,6,2,41,7,1596,1,12,FORD FOCUS,8,E01019910,0,-1
2020432003118,2020,432003118,2,9,0,18,19,2,6,0,0,0,0,0,0,0,1,1,6,6,1,29,6,1753,2,12,FORD FOCUS,5,E01016756,0,-1
2020010238263,2020,010238263,1,9,0,9,9,2,8,9,9,2,0,0,1,4,1,1,6,6,2,55,8,1798,1,9,FORD FOCUS,3,E01004709,0,-1
2020010239600,2020,010239600,1,9,0,7,7,7,2,9,9,7,0,0,0,0,1,1,6,6,1,23,5,999,1,1,FORD FOCUS,2,E01003377,0,-1
2020161011199,2020,161011199,2,9,0,18,19,2,6,0,0,1,0,0,0,0,2,1,2,2,1,58,9,1560,2,7,FORD FOCUS,4,E01013227,0,-1
2020430222302,2020,430222302,2,9,0,18,19,8,4,0,0,0,0,0,0,0,3,1,6,6,2,48,8,1596,1,13,FORD FOCUS,5,E01025875,0,-1
2020530972222,2020,530972222,1,9,0,18,19,8,4,0,0,1,0,0,0,0,1,1,5,6,1,32,6,1753,2,13,FORD FOCUS,2,E01011809,0,-1
2020040961340,2020,040961340,1,9,0,18,19,1,1,0,0,0,0,0,0,0,1,1,5,6,1,52,8,1596,1,13,FORD FOCUS,5,E01025311,0,-1
2020420954267,2020,420954267,1,9,0,18,19,5,1,0,0,1,0,0,0,0,1,1,5,6,1,29,6,2521,1,10,FORD FOCUS,6,E01021979,0,-1
2020030947322,2020,030947322,1,9,0,18,19,3,7,0,0,4,0,0,0,0,3,1,1,1,1,23,5,1499,2,3,FORD FOCUS,5,E01019220,0,-1
2020010247806,2020,010247806,1,9,0,18,19,2,6,0,0,8,0,0,0,0,4,1,6,6,2,57,9,1596,1,15,FORD FOCUS,5,E01003495,0,-1
2020161002096,2020,161002096,1,9,0,9,9,8,5,0,0,8,0,0,0,0,1,1,6,6,2,36,7,1596,1,13,FORD FOCUS,6,E01013056,0,-1
202006L275934,2020,06L275934,2,9,0,7,7,6,7,0,0,2,0,0,1,0,2,1,6,6,2,34,6,999,1,5,FORD FOCUS,3,E01006220,0,-1
2020450936666,2020,450936666,1,9,0,18,19,1,5,0,0,0,0,0,0,0,1,1,5,6,1,58,9,1753,2,11,FORD FOCUS,10,E01032809,0,-1
2020100930724,2020,100930724,3,9,0,3,3,8,4,0,0,0,0,0,0,0,2,1,6,6,1,50,8,1997,2,15,FORD FOCUS,-1,-1,0,-1
2020070671572,2020,070671572,2,9,0,8,8,5,1,0,0,1,0,0,0,0,2,1,6,6,1,51,8,1997,2,12,FORD FOCUS,4,E01018396,0,-1
2020552000129,2020,552000129,1,9,0,9,9,7,5,0,0,1,0,0,0,0,1,1,6,6,1,39,7,1753,2,13,FORD FOCUS,5,E01015374,0,-1
2020451008093,2020,451008093,2,9,0,5,5,3,7,0,0,0,0,0,0,0,4,1,1,1,1,27,6,1596,1,14,FORD FOCUS,7,E01004153,0,-1
2020990980357,2020,990980357,1,9,0,7,7,4,7,0,0,1,0,0,0,0,3,1,2,2,1,26,6,1499,2,3,FORD FOCUS,9,-1,0,-1
2020220933889,2020,220933889,2,9,0,18,19,1,4,0,0,3,1,10,1,4,3,1,2,2,1,38,7,1499,2,5,FORD FOCUS,3,E01014153,0,-1
2020440074415,2020,440074415,1,9,0,18,19,6,2,0,0,1,0,0,0,0,1,1,3,7,2,70,10,1596,1,16,FORD FOCUS,3,E01017225,0,-1
2020010228810,2020,010228810,5,9,0,18,19,3,7,0,0,1,0,0,0,0,0,1,6,6,1,24,5,1596,1,12,FORD FOCUS,2,E01001830,0,-1
2020552000577,2020,552000577,2,9,0,5,5,4,8,0,0,8,0,0,0,0,1,1,6,6,1,32,6,1596,1,9,FORD FOCUS,6,E01015361,0,-1
2020010250389,2020,010250389,1,9,9,99,99,9,9,99,99,9,9,99,9,99,9,9,6,6,3,-1,-1,1997,2,10,FORD FOCUS,-1,-1,0,-1
202063D015320,2020,63D015320,2,9,0,10,10,6,4,0,0,1,0,0,0,0,2,1,6,6,2,57,9,1560,2,6,FORD FOCUS,7,W01000442,0,-1
2020052000540,2020,052000540,1,9,0,18,19,3,7,0,0,6,1,0,0,0,3,1,6,6,1,39,7,1499,2,5,FORD FOCUS,1,E01006560,0,-1
2020990950149,2020,990950149,2,9,0,15,15,3,7,0,0,1,0,0,0,0,1,1,2,2,1,33,6,1560,2,7,FORD FOCUS,1,-1,0,-1
2020990995042,2020,990995042,1,9,0,6,6,7,3,0,0,0,0,0,0,0,1,1,5,6,1,50,8,1753,2,13,FORD FOCUS,-1,-1,0,-1
2020200945103,2020,200945103,1,9,0,18,19,7,3,0,0,1,0,0,0,0,4,1,1,1,1,16,4,1560,2,14,FORD FOCUS,1,E01009131,0,-1
2020010235975,2020,010235975,1,9,0,11,11,8,4,0,0,0,0,0,0,0,4,1,6,6,1,35,6,1560,2,14,FORD FOCUS,-1,-1,0,-1
2020200928518,2020,200928518,1,9,0,18,19,6,2,0,0,0,0,0,0,0,1,1,6,6,3,-1,-1,2521,1,12,FORD FOCUS,-1,-1,0,-1
2020210989752,2020,210989752,2,9,0,7,7,7,3,0,0,0,0,0,0,0,2,1,1,1,2,30,6,1560,2,11,FORD FOCUS,2,E01029492,0,-1
2020030924198,2020,030924198,2,9,0,4,4,5,1,0,0,0,0,0,0,0,2,1,6,6,1,79,11,1596,1,13,FORD FOCUS,1,E01019097,0,-1
2020440342876,2020,440342876,2,9,0,18,19,2,6,0,0,8,0,0,0,0,4,1,6,6,2,32,6,1796,1,20,FORD FOCUS,2,E01022913,0,-1
20201378B0562,2020,1378B0562,1,9,0,5,5,6,2,0,0,0,0,0,0,0,1,1,6,6,2,23,5,1596,1,9,FORD FOCUS,2,E01007448,0,-1
2020010287622,2020,010287622,2,9,0,99,99,9,9,99,99,9,9,99,9,99,1,9,6,6,3,-1,-1,1596,1,13,FORD FOCUS,4,E01003632,0,-1
2020010232134,2020,010232134,1,9,0,9,9,3,1,1,1,6,0,11,0,0,1,1,6,6,1,25,5,1753,2,12,FORD FOCUS,3,E01003916,0,-1
2020010270485,2020,010270485,2,9,9,99,99,9,9,99,99,6,9,99,9,99,9,9,6,6,2,49,8,998,1,8,FORD FOCUS,3,E01001794,0,-1
2020549663620,2020,549663620,1,9,0,17,19,5,1,0,0,8,0,0,0,0,1,1,6,6,2,46,8,1596,1,18,FORD FOCUS,4,E01014586,0,-1
2020052002331,2020,052002331,1,9,0,2,2,0,0,0,0,0,0,8,0,0,2,1,6,6,2,20,4,1499,2,2,FORD FOCUS,1,E01006446,0,-1
20201372O1575,2020,1372O1575,2,9,0,18,19,4,8,0,0,1,0,0,0,0,4,1,6,6,1,28,6,1560,2,6,FORD FOCUS,9,E01011812,0,-1
2020420955666,2020,420955666,2,9,0,18,19,1,5,0,0,4,0,0,0,0,1,1,5,6,1,39,7,1560,2,8,FORD FOCUS,8,E01033142,0,-1
2020052002340,2020,052002340,2,9,0,5,5,5,1,0,0,1,0,0,0,0,1,1,6,6,1,23,5,999,1,2,FORD FOCUS,1,E01033765,0,-1
2020430015770,2020,430015770,2,9,0,4,4,7,3,0,0,0,0,0,0,0,2,1,2,2,1,62,9,1596,1,8,FORD FOCUS,10,E01016343,0,-1
2020100959350,2020,100959350,1,9,0,18,19,2,6,0,0,1,0,0,0,0,1,1,5,6,2,61,9,1596,1,9,FORD FOCUS,1,E01008762,0,-1
2020040941974,2020,040941974,2,9,0,18,19,3,7,0,0,8,0,0,0,0,1,1,5,6,2,44,7,999,1,3,FORD FOCUS,10,E01010580,0,-1
202031C122920,2020,31C122920,1,9,0,18,19,1,5,0,0,1,0,0,0,0,1,1,6,6,1,48,8,1560,2,7,FORD FOCUS,2,E01013886,0,-1
2020410952109,2020,410952109,2,9,0,18,19,7,1,0,0,4,0,0,0,0,1,1,6,6,1,24,5,1596,1,15,FORD FOCUS,2,E01033491,0,-1
2020622000985,2020,622000985,1,9,0,18,19,2,6,0,0,0,1,10,2,2,1,1,3,7,2,35,6,1596,1,16,FORD FOCUS,10,W01001100,0,-1
2020302001334,2020,302001334,1,9,0,5,5,1,5,0,0,8,0,0,0,0,3,1,2,2,1,34,6,1596,1,13,FORD FOCUS,5,E01019598,0,-1
2020220921709,2020,220921709,1,9,0,15,15,2,6,0,0,8,5,0,1,10,3,1,5,6,1,77,11,1997,2,10,FORD FOCUS,7,E01014002,0,-1
2020052000126,2020,052000126,3,9,0,2,2,0,0,0,0,1,0,0,0,0,2,1,6,6,3,-1,-1,1499,2,1,FORD FOCUS,-1,-1,0,-1
2020010275802,2020,010275802,1,9,0,7,7,5,7,5,5,6,0,0,0,0,1,1,2,2,1,33,6,999,1,5,FORD FOCUS,-1,-1,0,-1
2020470942486,2020,470942486,1,9,0,18,19,6,2,0,0,0,1,0,1,9,1,1,5,6,1,35,6,1596,1,16,FORD FOCUS,2,E01021103,0,-1
2020470916354,2020,470916354,2,9,0,18,19,3,7,0,0,0,0,0,0,0,1,1,6,6,2,41,7,998,1,8,FORD FOCUS,3,E01031441,0,-1
2020220987488,2020,220987488,1,9,0,18,19,2,6,0,0,0,1,10,2,2,4,1,5,6,1,59,9,1753,2,14,FORD FOCUS,3,E01014126,0,-1
2020170S21720,2020,170S21720,1,9,0,3,3,7,3,0,0,0,0,0,0,0,1,1,2,2,2,29,6,1999,1,5,FORD FOCUS,3,E01011987,0,-1
2020461007808,2020,461007808,2,9,0,18,19,5,1,0,0,0,0,0,0,0,1,1,6,6,1,39,7,999,1,3,FORD FOCUS,7,E01024689,0,-1
2020360995447,2020,360995447,1,9,0,5,5,5,7,0,0,1,0,0,0,0,1,1,6,6,1,52,8,1596,1,8,FORD FOCUS,7,E01029947,0,-1
2020140995897,2020,140995897,1,9,0,2,2,2,6,0,0,1,0,0,0,0,2,1,5,6,1,65,9,999,1,1,FORD FOCUS,7,E01007911,0,-1