collision_index,collision_year,collision_ref_no,vehicle_reference,vehicle_type,towing_and_articulation,vehicle_manoeuvre_historic,vehicle_manoeuvre,vehicle_direction_from,vehicle_direction_to,vehicle_location_restricted_lane_historic,vehicle_location_restricted_lane,junction_location,skidding_and_overturning,hit_object_in_carriageway,vehicle_leaving_carriageway,hit_object_off_carriageway,first_point_of_impact,vehicle_left_hand_drive,journey_purpose_of_driver_historic,journey_purpose_of_driver,sex_of_driver,age_of_driver,age_band_of_driver,engine_capacity_cc,propulsion_code,age_of_vehicle,generic_make_model,driver_imd_decile,lsoa_of_driver,escooter_flag,driver_distance_banding
2020010263999,2020,010263999,2,9,0,9,9,7,4,0,0,1,0,0,0,0,3,1,6,6,1,42,7,1596,1,15,FORD FOCUS,3,E01003209,0,-1
2020470916006,2020,470916006,1,9,0,9,9,4,2,0,0,8,5,0,0,0,1,1,6,6,1,58,9,1596,1,14,FORD FOCUS,8,E01031698,0,-1
2020170S30660,2020,170S30660,1,9,0,18,19,3,7,0,0,0,0,0,1,2,1,1,6,6,1,24,5,1753,2,13,FORD FOCUS,1,E01012027,0,-1
2020460975493,2020,460975493,1,9,0,18,19,2,6,0,0,0,0,4,1,0,1,1,5,6,1,34,6,1596,1,13,FORD FOCUS,10,E01016092,0,-1
2020070026439,2020,070026439,2,9,0,18,19,3,7,0,0,0,0,0,0,0,1,1,1,1,1,52,8,1499,2,2,FORD FOCUS,9,E01006365,0,-1
2020010256596,2020,010256596,2,9,0,6,6,1,1,0,0,2,0,0,0,0,3,1,6,6,1,25,5,1560,2,13,FORD FOCUS,4,E01020871,0,-1
2020010246044,2020,010246044,2,9,0,2,2,0,0,0,0,0,0,0,0,0,2,1,6,6,3,-1,-1,999,1,1,FORD FOCUS,-1,-1,0,-1
202031B086920,2020,31B086920,3,9,0,2,2,0,0,0,0,0,0,0,7,0,4,1,6,6,1,63,9,1596,1,7,FORD FOCUS,4,E01028335,0,-1
2020450988265,2020,450988265,2,9,0,14,14,7,3,0,0,0,0,0,0,0,4,1,3,7,2,44,7,1798,1,9,FORD FOCUS,9,E01030880,0,-1
2020351008250,2020,351008250,1,9,0,9,9,7,4,0,0,2,0,0,7,3,1,1,5,6,1,26,6,1596,1,14,FORD FOCUS,10,E01018175,0,-1
2020010268845,2020,010268845,1,9,0,3,3,8,4,0,0,0,0,0,0,0,2,1,6,6,2,35,6,1499,2,2,FORD FOCUS,7,E01000400,0,-1
2020010257015,2020,010257015,1,9,0,9,9,1,7,0,0,6,0,0,0,0,1,1,6,6,1,43,7,998,1,7,FORD FOCUS,5,E01001737,0,-1
2020100938211,2020,100938211,1,9,0,18,19,1,5,0,0,0,0,0,0,0,1,1,5,6,1,51,8,1596,1,11,FORD FOCUS,8,E01008527,0,-1
2020320444214,2020,320444214,1,9,0,5,5,1,1,0,0,1,0,0,3,0,1,1,6,6,1,69,10,998,1,6,FORD FOCUS,2,E01026328,0,-1
2020070093186,2020,070093186,3,9,0,10,10,4,8,0,0,1,0,0,0,0,2,1,6,6,1,28,6,1596,1,11,FORD FOCUS,5,E01006550,0,-1
2020421000080,2020,421000080,1,9,0,4,4,1,2,0,0,0,0,0,0,0,2,1,6,6,2,54,8,1596,1,9,FORD FOCUS,-1,-1,0,-1
2020430006274,2020,430006274,2,9,0,18,19,6,2,0,0,0,0,0,0,0,1,1,6,6,1,-1,-1,1560,2,10,FORD FOCUS,-1,-1,0,-1
2020460970227,2020,460970227,1,9,0,5,5,4,8,0,0,0,0,0,0,0,1,1,5,6,1,28,6,1596,1,16,FORD FOCUS,1,E01016069,0,-1
2020052000108,2020,052000108,2,8,0,18,19,1,5,0,0,8,0,0,0,0,1,1,1,1,3,-1,-1,999,1,3,FORD FOCUS,-1,-1,0,-1
2020010234681,2020,010234681,2,9,9,99,99,9,9,99,99,0,9,99,9,0,9,9,6,6,1,-1,-1,1997,2,10,FORD FOCUS,-1,-1,0,-1
2020460981134,2020,460981134,1,9,0,18,19,1,5,0,0,8,0,0,0,0,1,1,6,6,1,53,8,1796,1,21,FORD FOCUS,4,E01024566,0,-1
2020500945845,2020,500945845,1,9,0,9,9,2,7,0,0,8,0,0,0,0,4,1,1,1,2,34,6,1999,1,7,FORD FOCUS,8,E01015090,0,-1
2020137AV2300,2020,137AV2300,2,9,0,18,19,5,1,0,0,0,0,0,0,0,1,1,6,6,1,37,7,1499,2,1,FORD FOCUS,3,E01010714,0,-1
2020170H10010,2020,170H10010,3,9,0,18,19,7,3,0,0,1,0,0,0,0,1,1,6,6,2,31,6,999,1,6,FORD FOCUS,5,E01020772,0,-1
2020010263947,2020,010263947,1,9,0,7,7,5,7,0,0,5,0,10,0,0,1,1,6,6,1,20,4,1798,1,13,FORD FOCUS,3,E01000944,0,-1
2020010246666,2020,010246666,2,9,0,99,99,9,9,99,99,9,9,99,9,99,1,9,6,6,3,-1,-1,1499,2,3,FORD FOCUS,-1,-1,0,-1
2020420941442,2020,420941442,1,9,0,18,19,7,3,9,9,0,0,10,7,11,1,1,6,6,1,25,5,1999,1,10,FORD FOCUS,8,E01021566,0,-1
2020010267297,2020,010267297,1,9,0,7,7,3,6,0,0,1,0,0,0,0,4,1,1,1,1,30,6,1596,1,15,FORD FOCUS,7,E01023880,0,-1
2020440452795,2020,440452795,2,9,0,18,19,3,7,0,0,8,0,0,0,0,1,1,3,7,1,57,9,1560,2,7,FORD FOCUS,8,E01022952,0,-1
2020302000512,2020,302000512,2,9,0,18,19,8,4,0,0,8,1,0,0,0,4,1,6,6,1,48,8,1997,2,7,FORD FOCUS,7,E01019832,0,-1
2020010251054,2020,010251054,2,9,0,99,99,9,9,99,99,9,9,99,9,99,2,9,6,6,3,-1,-1,1596,1,5,FORD FOCUS,-1,-1,0,-1
2020122100133,2020,122100133,1,9,0,13,13,8,4,0,0,0,0,0,7,0,2,1,6,6,1,65,9,999,1,2,FORD FOCUS,8,E01027591,0,-1
2020010281095,2020,010281095,1,9,3,13,13,5,1,0,0,0,1,0,0,0,1,1,6,6,1,20,4,1499,2,5,FORD FOCUS,1,E01004256,0,-1
202006Q267949,2020,06Q267949,1,9,0,18,19,5,1,0,0,1,0,0,0,0,1,1,6,6,1,30,6,1560,2,8,FORD FOCUS,-1,-1,0,-1
2020211026719,2020,211026719,1,9,0,9,9,7,5,0,0,8,0,0,0,0,1,1,6,6,3,-1,-1,1596,1,14,FORD FOCUS,-1,-1,0,-1
2020010257409,2020,010257409,3,9,0,16,19,3,7,0,0,0,0,7,7,10,1,1,6,6,1,33,6,1596,1,18,FORD FOCUS,5,E01002292,0,-1
2020470946125,2020,470946125,1,9,0,7,7,6,2,0,0,2,0,0,0,0,1,1,6,6,1,83,11,999,1,3,FORD FOCUS,8,E01021106,0,-1
2020200978580,2020,200978580,1,9,0,18,19,8,4,0,0,0,0,0,0,0,4,1,6,6,2,35,6,999,1,1,FORD FOCUS,1,E01010286,0,-1
2020010258114,2020,010258114,1,9,0,18,19,3,7,0,0,1,0,0,0,0,1,1,6,6,2,34,6,1596,1,10,FORD FOCUS,4,E01033490,0,-1
2020460979484,2020,460979484,2,9,0,5,5,7,3,0,0,0,0,0,0,0,3,1,6,6,1,26,6,1499,2,3,FORD FOCUS,4,E01016067,0,-1
2020430208303,2020,430208303,1,9,0,16,19,8,3,0,0,0,2,0,7,11,1,1,6,6,1,28,6,1596,1,16,FORD FOCUS,5,E01016580,0,-1
2020990987181,2020,990987181,2,9,0,16,19,4,8,0,0,1,0,0,0,0,3,1,6,6,2,45,7,999,1,2,FORD FOCUS,10,-1,0,-1
2020100955706,2020,100955706,1,9,0,18,19,3,7,0,0,8,0,0,0,0,1,1,6,6,1,56,9,1560,2,7,FORD FOCUS,5,E01008646,0,-1
2020170M11290,2020,170M11290,1,9,0,1,1,1,5,0,0,1,0,0,0,0,2,1,6,6,1,23,5,998,1,6,FORD FOCUS,1,E01033469,0,-1
2020052000570,2020,052000570,1,9,0,18,19,3,7,0,0,8,0,0,0,0,4,1,6,6,2,51,8,999,1,1,FORD FOCUS,4,E01006425,0,-1
2020370937185,2020,370937185,2,9,0,2,2,0,0,0,0,0,0,0,0,0,2,1,5,6,1,40,7,1498,1,5,FORD FOCUS,10,E01030206,0,-1
2020440107657,2020,440107657,1,9,0,18,19,5,1,0,0,8,0,0,0,0,1,1,1,1,2,51,8,1560,2,8,FORD FOCUS,2,E01022965,0,-1
2020460978140,2020,460978140,1,9,0,4,4,1,5,0,0,0,0,0,0,0,1,1,5,6,1,26,6,1596,1,5,FORD FOCUS,5,E01024110,0,-1
2020160951040,2020,160951040,1,9,0,17,19,3,7,0,0,0,1,7,2,4,1,1,6,6,2,26,6,1596,1,15,FORD FOCUS,3,E01027908,0,-1
202063A028220,2020,63A028220,2,9,0,4,4,1,4,0,0,1,0,0,0,0,2,1,6,6,1,42,7,1596,1,14,FORD FOCUS,7,W01000675,0,-1
2020440087291,2020,440087291,2,9,0,18,19,5,1,0,0,1,0,0,0,0,4,1,6,6,3,30,6,1499,2,2,FORD FOCUS,10,E01022748,0,-1
2020460964625,2020,460964625,1,9,0,5,5,2,7,0,0,6,0,0,0,0,4,1,6,6,2,27,6,1596,1,7,FORD FOCUS,10,E01024733,0,-1
2020450920612,2020,450920612,1,9,0,9,9,4,2,0,0,8,0,0,0,0,1,1,6,6,1,50,8,1753,2,12,FORD FOCUS,10,E01030821,0,-1
2020440389437,2020,440389437,1,9,0,18,19,2,6,0,0,0,5,0,1,4,1,1,6,6,1,50,8,998,1,8,FORD FOCUS,3,E01023157,0,-1
2020070409361,2020,070409361,1,9,0,5,5,1,5,0,0,2,1,0,0,0,2,1,6,6,1,75,10,1499,2,4,FORD FOCUS,8,E01018670,0,-1
2020200963360,2020,200963360,2,9,0,2,2,0,0,0,0,0,0,0,0,0,3,1,6,6,2,57,9,1596,1,12,FORD FOCUS,2,E01009121,0,-1
2020350941135,2020,350941135,1,9,0,18,19,3,7,0,0,0,5,0,0,0,3,1,5,6,2,37,7,1596,1,16,FORD FOCUS,8,E01018003,0,-1
2020522101024,2020,522101024,2,9,0,9,9,7,5,0,0,6,0,0,0,0,1,1,6,6,2,27,6,1560,2,15,FORD FOCUS,3,E01014684,0,-1
2020430433974,2020,430433974,1,9,0,13,13,2,6,0,0,0,0,0,0,0,4,1,6,6,3,-1,-1,1596,1,15,FORD FOCUS,-1,-1,0,-1
2020470992904,2020,470992904,2,9,0,4,4,6,2,0,0,0,0,0,0,0,2,2,5,6,2,30,6,1596,1,19,FORD FOCUS,2,E01031558,0,-1
2020201011916,2020,201011916,1,9,0,18,19,6,3,0,0,0,0,0,0,0,3,1,6,6,1,-1,-1,1499,2,3,FORD FOCUS,1,E01010421,0,-1
202006M171453,2020,06M171453,1,9,0,5,5,5,1,0,0,4,0,0,0,0,1,1,6,6,1,50,8,999,1,1,FORD FOCUS,8,E01006133,0,-1
2020552000966,2020,552000966,1,9,0,18,19,8,4,0,0,0,1,12,0,0,1,1,1,1,1,33,6,1753,2,10,FORD FOCUS,8,E01020514,0,-1
2020420937576,2020,420937576,1,9,0,9,9,5,1,0,0,6,0,0,0,0,3,1,6,6,2,34,6,999,1,4,FORD FOCUS,4,E01015972,0,-1
2020500964608,2020,500964608,1,9,0,16,19,1,5,0,0,0,2,0,0,0,1,1,5,6,1,24,5,1596,1,13,FORD FOCUS,5,E01015139,0,-1
2020200940572,2020,200940572,1,9,0,9,9,7,5,0,0,5,0,0,0,0,1,1,6,6,1,51,8,1560,2,6,FORD FOCUS,3,E01010144,0,-1
2020990962147,2020,990962147,1,9,0,1,1,5,1,0,0,2,0,4,0,0,2,1,6,6,1,39,7,1753,2,12,FORD FOCUS,-1,-1,0,-1
2020622000159,2020,622000159,2,9,0,18,19,4,8,0,0,0,0,0,4,0,1,1,6,6,1,73,10,1499,2,5,FORD FOCUS,10,W01000868,0,-1
2020440113098,2020,440113098,1,9,0,18,19,1,5,0,0,8,0,0,7,1,1,1,6,6,2,43,7,1596,1,15,FORD FOCUS,6,E01022875,0,-1
2020052001553,2020,052001553,1,9,0,9,9,1,7,0,0,8,0,0,0,0,4,1,6,6,1,21,5,1596,1,13,FORD FOCUS,1,E01012438,0,-1
2020220960136,2020,220960136,2,9,0,10,10,2,1,0,0,8,0,0,0,0,2,1,5,6,1,65,9,999,1,3,FORD FOCUS,7,E01014029,0,-1
2020040964553,2020,040964553,2,9,0,18,19,1,5,0,0,3,0,0,0,0,2,1,2,2,1,33,6,999,1,1,FORD FOCUS,10,E01006237,0,-1
2020010256672,2020,010256672,1,9,0,99,99,9,9,99,99,9,9,99,9,99,1,9,6,6,2,40,7,1596,1,7,FORD FOCUS,10,E01023839,0,-1
2020350992297,2020,350992297,2,9,0,9,9,3,1,0,0,1,0,0,7,0,3,1,5,6,1,72,10,1596,1,12,FORD FOCUS,3,E01017944,0,-1
2020160975094,2020,160975094,2,9,0,18,19,3,7,0,0,2,0,0,0,0,2,1,6,6,2,32,6,1596,1,8,FORD FOCUS,4,E01012829,0,-1
2020460980895,2020,460980895,2,9,0,18,19,8,4,0,0,0,1,0,1,0,2,1,1,1,1,34,6,1596,1,13,FORD FOCUS,7,E01024430,0,-1
2020552000930,2020,552000930,1,9,0,18,19,5,1,0,0,1,0,0,0,0,1,1,6,6,2,70,10,1596,1,18,FORD FOCUS,5,E01015286,0,-1
2020302000254,2020,302000254,1,9,0,18,19,6,2,0,0,8,0,0,0,0,1,1,6,6,2,58,9,1560,2,11,FORD FOCUS,8,E01029844,0,-1
2020361005087,2020,361005087,1,9,0,18,19,3,8,0,0,0,1,0,0,0,2,1,2,2,1,19,4,1596,1,17,FORD FOCUS,3,E01018073,0,-1
2020070089352,2020,070089352,2,9,0,4,4,3,7,0,0,1,0,0,0,0,2,1,2,2,2,60,9,1596,1,9,FORD FOCUS,6,E01012378,0,-1
2020140959468,2020,140959468,2,9,0,9,9,2,8,0,0,6,0,0,0,0,1,1,6,6,1,37,7,1496,1,1,FORD FOCUS,5,E01007909,0,-1
2020122100177,2020,122100177,2,9,0,18,19,7,3,0,0,0,0,0,0,0,3,1,6,6,3,-1,-1,1596,1,12,FORD FOCUS,-1,-1,0,-1
2020170M11700,2020,170M11700,3,9,0,9,9,4,3,0,0,8,0,0,0,0,0,1,6,6,3,-1,-1,1596,1,10,FORD FOCUS,-1,-1,0,-1
2020010228130,2020,010228130,1,9,0,17,19,8,4,0,0,0,1,7,0,0,1,1,6,6,3,-1,-1,1596,1,13,FORD FOCUS,-1,-1,0,-1
202063D037920,2020,63D037920,1,9,0,18,19,7,3,0,0,1,0,0,1,10,1,1,6,6,1,29,6,998,1,7,FORD FOCUS,10,W01001734,0,-1
2020610033820,2020,610033820,2,9,0,2,2,0,0,0,0,1,0,0,0,0,1,1,6,6,1,44,7,1596,1,15,FORD FOCUS,5,W01001611,0,-1
2020545112220,2020,545112220,1,9,0,17,19,1,5,0,0,0,0,6,0,11,4,1,6,6,2,46,8,1997,2,12,FORD FOCUS,2,E01031896,0,-1
2020430137458,2020,430137458,1,9,0,18,19,8,4,0,0,0,2,0,7,4,4,1,6,6,1,32,6,1796,1,21,FORD FOCUS,6,E01017717,0,-1
2020010264422,2020,010264422,1,9,0,13,13,4,8,8,6,1,0,10,7,10,1,1,6,6,1,18,4,1596,1,14,FORD FOCUS,7,E01000215,0,-1
2020010262994,2020,010262994,1,9,0,9,9,1,7,0,0,1,0,0,0,0,1,1,6,6,2,75,10,1596,1,15,FORD FOCUS,8,E01002274,0,-1
202006F169192,2020,06F169192,1,9,0,18,19,6,2,0,0,0,0,0,0,0,1,1,6,6,2,33,6,1596,1,8,FORD FOCUS,6,E01012554,0,-1
202031A098520,2020,31A098520,1,9,0,8,8,7,1,0,0,6,0,0,0,0,1,1,6,6,1,44,7,1499,2,4,FORD FOCUS,2,E01027952,0,-1
2020420966999,2020,420966999,1,9,0,18,19,3,7,0,0,1,0,0,0,0,1,1,6,6,2,52,8,999,1,5,FORD FOCUS,2,E01001977,0,-1
2020320355090,2020,320355090,2,9,0,18,19,6,2,0,0,8,0,0,0,0,1,1,6,6,1,34,6,1499,2,4,FORD FOCUS,10,E01026184,0,-1
2020010282893,2020,010282893,1,9,0,3,3,7,3,0,0,5,0,0,0,0,4,1,6,6,1,40,7,1560,2,11,FORD FOCUS,3,E01004432,0,-1
2020622000699,2020,622000699,3,8,0,18,19,4,8,0,0,0,0,0,0,0,2,1,1,1,1,59,9,1560,2,8,FORD FOCUS,7,W01000798,0,-1
2020470958274,2020,470958274,1,9,0,18,19,4,8,0,0,8,0,0,0,0,1,1,6,6,1,38,7,1796,1,19,FORD FOCUS,4,E01020935,0,-1
2020320190015,2020,320190015,1,9,0,18,19,6,1,0,0,4,0,0,0,0,1,1,6,6,2,53,8,1560,2,9,FORD FOCUS,8,E01026035,0,-1
2020549422620,2020,549422620,1,9,0,5,5,3,7,0,0,0,0,0,0,0,3,1,6,6,1,70,10,1560,2,11,FORD FOCUS,10,E01032097,0,-1
2020440267301,2020,440267301,1,9,0,18,19,5,1,0,0,8,0,0,0,0,1,1,6,6,2,43,7,1596,1,12,FORD FOCUS,10,E01022647,0,-1
20201375S0300,2020,1375S0300,1,9,0,18,19,8,4,0,0,1,0,0,0,0,1,1,6,6,1,52,8,1596,1,15,FORD FOCUS,1,E01011559,0,-1
2020052001401,2020,052001401,2,9,0,18,19,1,5,0,0,1,0,0,0,0,1,1,6,6,1,58,9,1596,1,15,FORD FOCUS,2,E01006497,0,-1
2020361006972,2020,361006972,1,9,0,18,19,3,7,0,0,0,0,0,0,0,1,1,2,2,1,67,10,1596,1,14,FORD FOCUS,8,E01026584,0,-1
2020200957834,2020,200957834,1,9,0,18,19,3,7,9,9,0,1,10,7,10,1,1,1,1,1,29,6,1997,2,12,FORD FOCUS,1,E01010286,0,-1
2020140994972,2020,140994972,1,9,0,18,19,6,2,0,0,1,1,7,7,0,1,1,2,2,1,23,5,1753,2,14,FORD FOCUS,5,E01032927,0,-1
2020552000342,2020,552000342,2,9,0,4,4,7,3,0,0,0,0,0,0,0,2,1,2,2,1,45,7,1560,2,6,FORD FOCUS,1,E01029247,0,-1
2020470970115,2020,470970115,3,9,0,3,3,7,3,0,0,0,0,0,0,0,2,1,5,6,1,63,9,1596,1,19,FORD FOCUS,4,E01031469,0,-1
2020010270656,2020,010270656,3,9,0,99,99,9,9,99,99,0,9,99,9,99,9,9,6,6,3,-1,-1,1596,1,16,FORD FOCUS,5,E01023924,0,-1
2020100967162,2020,100967162,1,9,0,18,19,3,7,0,0,0,0,0,0,0,1,1,6,6,2,38,7,1596,1,15,FORD FOCUS,6,E01027358,0,-1
2020350943491,2020,350943491,1,9,0,9,9,3,7,0,0,1,0,0,0,0,1,1,2,2,1,42,7,1560,2,9,FORD FOCUS,4,E01024560,0,-1
2020010279162,2020,010279162,1,9,0,9,9,3,2,0,0,2,0,0,0,0,3,1,6,6,2,24,5,1596,1,19,FORD FOCUS,8,E01002290,0,-1
2020401008882,2020,401008882,3,9,0,2,2,0,0,0,0,2,0,0,0,0,0,1,6,6,1,-1,-1,999,1,3,FORD FOCUS,-1,-1,0,-1
2020360928655,2020,360928655,1,9,0,18,19,5,1,0,0,0,0,0,7,4,1,1,6,6,2,39,7,1596,1,17,FORD FOCUS,2,E01026700,0,-1
2020040917397,2020,040917397,1,9,0,18,19,7,3,0,0,0,0,0,0,0,1,1,3,7,2,31,6,1596,1,9,FORD FOCUS,4,E01012634,0,-1
2020450970446,2020,450970446,3,9,0,18,19,7,3,0,0,0,0,0,0,0,1,1,2,2,1,33,6,1596,1,16,FORD FOCUS,10,E01030316,0,-1
2020010249138,2020,010249138,1,9,0,18,19,5,1,0,0,2,0,0,0,0,3,1,1,1,1,27,6,999,1,3,FORD FOCUS,4,E01017567,0,-1
2020500981768,2020,500981768,1,9,0,4,4,1,5,0,0,1,0,0,0,0,1,1,5,6,1,63,9,999,1,2,FORD FOCUS,2,E01015186,0,-1
2020470974738,2020,470974738,2,9,0,18,19,3,7,0,0,0,0,0,1,9,2,1,5,6,1,59,9,1560,2,8,FORD FOCUS,5,E01001973,0,-1
2020440188746,2020,440188746,1,9,0,18,19,3,6,0,0,8,0,0,0,0,3,1,6,6,1,24,5,1798,1,14,FORD FOCUS,5,E01017023,0,-1
2020040923880,2020,040923880,1,9,0,9,9,7,6,0,0,8,0,0,0,0,1,1,5,6,1,33,6,1499,2,3,FORD FOCUS,3,E01012588,0,-1
2020461010367,2020,461010367,2,9,0,5,5,7,5,0,0,1,0,0,0,0,1,1,6,6,1,51,8,1753,2,11,FORD FOCUS,5,E01016149,0,-1
2020010280553,2020,010280553,2,9,0,99,99,9,9,99,99,9,9,99,9,99,9,9,6,6,1,38,7,1596,1,9,FORD FOCUS,2,E01003265,0,-1
2020010284611,2020,010284611,1,9,0,18,19,3,7,0,0,1,0,0,0,0,4,1,6,6,1,32,6,1560,2,13,FORD FOCUS,-1,-1,0,-1
2020010284783,2020,010284783,2,9,0,4,4,5,1,0,0,4,0,0,0,0,1,1,6,6,1,56,9,1596,1,6,FORD FOCUS,6,E01021761,0,-1
2020470976722,2020,470976722,2,9,0,18,19,4,8,0,0,0,0,0,0,0,1,1,5,6,2,54,8,998,1,6,FORD FOCUS,8,E01031420,0,-1
2020010242063,2020,010242063,2,9,0,99,99,9,9,99,99,1,9,99,9,99,1,9,6,6,3,-1,-1,1997,2,14,FORD FOCUS,-1,-1,0,-1
2020332000236,2020,332000236,2,9,0,7,7,1,3,0,0,6,0,0,0,0,1,1,6,6,1,-1,-1,1596,1,16,FORD FOCUS,-1,-1,0,-1
2020440254101,2020,440254101,2,9,0,7,7,1,3,0,0,1,0,0,0,0,3,1,6,6,1,-1,-1,1499,2,0,FORD FOCUS,-1,-1,0,-1
2020470975837,2020,470975837,1,9,0,18,19,5,1,0,0,1,0,0,0,0,3,1,1,1,2,45,7,1596,1,12,FORD FOCUS,7,E01031633,0,-1
2020430128676,2020,430128676,1,9,0,18,19,5,1,0,0,3,0,0,0,0,3,1,2,2,2,49,8,1596,1,14,FORD FOCUS,8,E01017817,0,-1
2020460972987,2020,460972987,2,9,0,4,4,7,3,0,0,1,0,0,0,0,2,1,6,6,1,30,6,1560,2,9,FORD FOCUS,8,E01024044,0,-1
2020302000898,2020,302000898,1,9,0,10,10,2,7,0,0,1,0,0,0,0,4,1,6,6,1,28,6,1997,2,14,FORD FOCUS,6,E01013528,0,-1
2020990939401,2020,990939401,1,9,0,9,9,7,5,0,0,6,0,0,0,0,1,1,5,6,2,19,4,1596,1,15,FORD FOCUS,10,-1,0,-1
2020230937255,2020,230937255,2,9,0,18,19,6,2,0,0,0,0,0,0,0,1,1,3,7,2,38,7,1997,2,7,FORD FOCUS,6,E01031099,0,-1
2020010269041,2020,010269041,1,9,0,5,5,5,1,0,0,2,0,0,0,0,4,1,3,7,1,36,7,1596,1,11,FORD FOCUS,3,E01004425,0,-1
2020622000535,2020,622000535,4,9,0,2,2,0,0,0,0,2,0,0,0,0,2,1,6,6,3,-1,-1,1999,1,11,FORD FOCUS,-1,-1,0,-1
2020430026818,2020,430026818,1,9,0,9,9,2,8,0,0,6,0,0,0,0,3,1,2,2,1,38,7,1798,1,15,FORD FOCUS,10,E01016602,0,-1
2020470951528,2020,470951528,2,9,0,3,3,4,8,0,0,4,0,0,0,0,2,1,5,6,1,39,7,1596,1,19,FORD FOCUS,4,E01031455,0,-1
2020137390231,2020,137390231,2,9,0,18,19,1,5,0,0,8,0,0,0,0,4,1,1,1,1,41,7,1997,2,13,FORD FOCUS,6,E01007518,0,-1
2020010279368,2020,010279368,1,9,0,18,19,3,7,9,9,1,0,0,7,0,0,1,6,6,1,25,5,999,1,2,FORD FOCUS,2,E01001172,0,-1
2020030958021,2020,030958021,1,9,0,7,7,5,7,0,0,6,0,0,0,0,4,1,6,6,2,46,8,1499,2,4,FORD FOCUS,4,E01019217,0,-1
2020420986167,2020,420986167,3,9,0,18,19,6,2,0,0,0,0,0,0,0,2,1,6,6,1,32,6,999,1,0,FORD FOCUS,6,E01002293,0,-1
2020220974147,2020,220974147,1,9,0,18,19,6,2,0,0,0,5,10,1,11,1,1,5,6,2,28,6,1560,2,15,FORD FOCUS,3,E01028905,0,-1
202031D120620,2020,31D120620,2,9,0,18,19,4,8,0,0,2,1,0,1,0,1,1,6,6,2,31,6,2521,1,13,FORD FOCUS,3,E01019675,0,-1
2020370984047,2020,370984047,1,9,0,18,19,8,4,0,0,8,0,0,0,0,1,1,5,6,1,70,10,1596,1,5,FORD FOCUS,5,E01013767,0,-1
2020420967949,2020,420967949,1,9,0,4,4,2,5,0,0,4,0,0,0,0,3,1,5,6,2,54,8,1596,1,14,FORD FOCUS,-1,-1,0,-1
2020340E00412,2020,340E00412,1,9,0,11,11,3,7,0,0,0,5,0,0,6,1,1,6,6,1,52,8,1560,2,11,FORD FOCUS,5,E01033180,0,-1
2020500988928,2020,500988928,1,9,0,5,5,5,1,0,0,2,0,0,0,0,4,1,5,6,2,41,7,1596,1,12,FORD FOCUS,3,E01018942,0,-1
2020990981181,2020,990981181,3,9,0,18,19,1,5,0,0,0,1,0,0,0,1,1,6,6,1,32,6,998,1,7,FORD FOCUS,6,-1,0,-1
2020450966834,2020,450966834,1,9,0,18,19,3,7,0,0,4,0,9,1,1,4,1,5,6,2,17,4,1753,2,12,FORD FOCUS,9,E01030315,0,-1
2020500943329,2020,500943329,1,9,0,18,19,3,7,0,0,6,0,0,0,0,1,1,6,6,2,18,4,1388,1,18,FORD FOCUS,1,E01015057,0,-1
2020210936138,2020,210936138,1,9,0,12,12,8,4,0,0,0,0,0,0,0,1,1,6,6,1,-1,-1,1753,2,17,FORD FOCUS,-1,-1,0,-1
2020522002309,2020,522002309,1,9,0,18,19,3,7,0,0,8,0,0,0,0,1,1,6,6,2,33,6,1753,2,15,FORD FOCUS,9,E01019896,0,-1
2020500948305,2020,500948305,2,9,0,18,19,4,7,0,0,5,0,0,0,0,1,1,2,2,1,26,6,2521,1,13,FORD FOCUS,5,E01018992,0,-1
2020990968574,2020,990968574,1,9,0,16,19,5,1,0,0,0,1,0,0,0,1,1,6,6,2,21,5,1596,1,13,FORD FOCUS,1,-1,0,-1
2020500939718,2020,500939718,1,9,0,16,19,4,8,0,0,1,2,0,1,10,1,1,2,2,1,20,4,1999,1,14,FORD FOCUS,3,E01020323,0,-1
2020450994753,2020,450994753,2,9,0,17,19,3,1,0,0,0,0,0,0,0,1,1,6,6,1,60,9,1798,1,11,FORD FOCUS,4,E01030608,0,-1
2020070542934,2020,070542934,2,9,0,9,9,8,4,0,0,0,0,0,0,0,3,1,1,1,2,29,6,1596,1,7,FORD FOCUS,-1,-1,0,-1
2020420977713,2020,420977713,3,9,0,3,3,4,2,0,0,1,0,0,0,0,1,1,5,6,1,51,8,1596,1,15,FORD FOCUS,5,E01021694,0,-1
2020140984143,2020,140984143,2,9,0,5,5,1,5,0,0,4,0,0,0,0,1,1,1,1,1,50,8,1560,2,6,FORD FOCUS,7,E01007552,0,-1
202063D030820,2020,63D030820,1,9,0,18,19,6,2,0,0,0,0,0,1,10,1,1,6,6,2,73,10,1560,2,8,FORD FOCUS,9,W01000441,0,-1
2020040988583,2020,040988583,1,9,0,18,19,1,5,0,0,1,0,0,0,0,1,1,6,6,1,-1,-1,1560,2,9,FORD FOCUS,-1,-1,0,-1
2020201002572,2020,201002572,2,9,0,5,5,5,1,0,0,8,0,10,1,2,1,1,1,1,1,24,5,1560,2,7,FORD FOCUS,10,E01010212,0,-1