collision_index,collision_year,collision_ref_no,vehicle_reference,vehicle_type,towing_and_articulation,vehicle_manoeuvre_historic,vehicle_manoeuvre,vehicle_direction_from,vehicle_direction_to,vehicle_location_restricted_lane_historic,vehicle_location_restricted_lane,junction_location,skidding_and_overturning,hit_object_in_carriageway,vehicle_leaving_carriageway,hit_object_off_carriageway,first_point_of_impact,vehicle_left_hand_drive,journey_purpose_of_driver_historic,journey_purpose_of_driver,sex_of_driver,age_of_driver,age_band_of_driver,engine_capacity_cc,propulsion_code,age_of_vehicle,generic_make_model,driver_imd_decile,lsoa_of_driver,escooter_flag,driver_distance_banding
2020440430388,2020,440430388,1,9,0,18,19,7,3,0,0,2,0,0,0,0,1,1,2,2,1,23,5,1560,2,7,FORD FOCUS,8,E01017145,0,-1
2020420923839,2020,420923839,1,9,0,4,4,1,5,0,0,0,0,0,0,0,1,1,5,6,2,39,7,1560,2,17,FORD FOCUS,2,E01021316,0,-1
2020622000567,2020,622000567,1,9,0,9,9,5,3,0,0,8,0,0,0,0,4,1,6,6,1,61,9,1560,2,7,FORD FOCUS,9,W01001319,0,-1
2020420951027,2020,420951027,2,9,0,18,19,4,8,0,0,1,0,0,0,0,1,1,5,6,1,21,5,1753,2,15,FORD FOCUS,7,E01021985,0,-1
2020340D03192,2020,340D03192,1,9,0,18,19,5,2,0,0,2,0,0,0,0,1,1,6,6,1,52,8,1560,2,15,FORD FOCUS,3,E01027009,0,-1
2020610024120,2020,610024120,1,9,0,18,19,1,5,0,0,4,1,0,0,0,1,1,6,6,1,24,5,1596,1,15,FORD FOCUS,6,W01001372,0,-1
2020161011022,2020,161011022,2,9,0,18,19,6,2,0,0,0,0,0,0,0,2,1,5,6,1,25,5,1560,2,9,FORD FOCUS,4,E01012901,0,-1
2020460956864,2020,460956864,1,9,0,18,19,7,3,0,0,0,0,0,0,0,1,1,6,6,1,31,6,1560,2,10,FORD FOCUS,3,E01024307,0,-1
2020010237989,2020,010237989,1,9,0,99,99,9,9,99,99,2,9,99,9,99,0,1,6,6,1,26,6,999,1,1,FORD FOCUS,2,E01000548,0,-1
2020420936654,2020,420936654,1,9,0,4,4,7,3,0,0,0,0,0,0,0,2,1,2,2,1,32,6,1596,1,7,FORD FOCUS,8,E01021959,0,-1
2020411001125,2020,411001125,2,9,0,2,2,0,0,9,9,1,0,0,0,0,2,1,2,2,1,49,8,1798,1,12,FORD FOCUS,5,E01023904,0,-1
2020470973996,2020,470973996,2,9,0,3,3,2,6,0,0,1,0,0,0,0,2,1,6,6,1,47,8,1499,2,2,FORD FOCUS,2,E01000143,0,-1
2020010258973,2020,010258973,2,9,0,99,99,9,9,99,99,9,9,99,9,99,9,9,6,6,3,-1,-1,1796,1,21,FORD FOCUS,-1,-1,0,-1
2020010263917,2020,010263917,2,9,0,9,9,4,2,0,0,8,0,0,0,0,3,1,6,6,1,57,9,1498,1,4,FORD FOCUS,5,E01001644,0,-1
2020030945994,2020,030945994,2,9,0,9,9,4,3,0,0,6,0,0,0,0,1,1,5,6,1,76,11,1560,2,6,FORD FOCUS,6,E01019083,0,-1
2020110940003,2020,110940003,5,9,0,18,19,5,1,0,0,1,0,0,0,0,0,1,6,6,3,30,6,1596,1,11,FORD FOCUS,-1,-1,0,-1
2020622001105,2020,622001105,1,9,0,16,19,5,1,0,0,0,1,0,8,4,1,1,6,6,1,27,6,1560,2,13,FORD FOCUS,9,W01001105,0,-1
2020200984020,2020,200984020,2,9,0,9,9,1,6,0,0,5,0,0,0,0,4,1,6,6,1,40,7,1596,1,10,FORD FOCUS,7,E01010394,0,-1
2020070433471,2020,070433471,4,9,0,2,2,0,0,0,0,0,0,0,0,0,1,1,6,6,3,-1,-1,999,1,1,FORD FOCUS,-1,-1,0,-1
2020010281069,2020,010281069,1,9,9,99,99,9,9,99,99,2,9,99,9,99,9,9,6,6,1,41,7,999,1,1,FORD FOCUS,2,E01003556,0,-1
2020360997825,2020,360997825,1,9,0,18,19,2,6,0,0,0,0,0,0,0,3,1,5,6,1,73,10,999,1,0,FORD FOCUS,5,E01026496,0,-1
2020470994770,2020,470994770,1,9,0,18,19,4,8,0,0,0,0,0,0,0,1,1,2,2,1,28,6,999,1,4,FORD FOCUS,-1,-1,0,-1
2020110957003,2020,110957003,2,9,0,16,19,5,1,0,0,0,0,0,0,0,1,1,1,1,1,30,6,1499,2,3,FORD FOCUS,3,E01008208,0,-1
2020010230253,2020,010230253,1,9,0,18,19,5,1,0,0,2,0,0,0,0,2,1,6,6,2,40,7,1499,2,3,FORD FOCUS,3,E01002558,0,-1
2020990976276,2020,990976276,1,9,0,18,19,7,3,0,0,1,0,0,7,1,1,1,6,6,1,36,7,1997,2,8,FORD FOCUS,6,-1,0,-1
2020010268069,2020,010268069,1,9,0,99,99,9,9,99,99,0,9,99,9,99,3,9,6,6,1,27,6,1596,1,9,FORD FOCUS,2,E01023974,0,-1
2020500993157,2020,500993157,1,9,0,16,19,5,8,0,0,0,2,0,0,0,1,1,5,6,1,24,5,1596,1,14,FORD FOCUS,1,E01015232,0,-1
2020430096310,2020,430096310,2,9,0,18,19,1,5,0,0,0,0,0,0,0,3,1,2,2,1,34,6,1560,2,14,FORD FOCUS,7,E01001343,0,-1
2020010281746,2020,010281746,1,9,0,9,9,3,1,0,0,8,0,0,0,0,4,1,6,6,1,35,6,1596,1,13,FORD FOCUS,2,E01000079,0,-1
2020470930964,2020,470930964,2,9,0,18,19,3,7,0,0,8,0,0,0,0,4,1,6,6,2,26,6,1560,2,11,FORD FOCUS,5,E01031565,0,-1
2020052002184,2020,052002184,2,9,0,3,3,7,3,0,0,0,0,0,0,0,2,2,6,6,1,33,6,998,1,6,FORD FOCUS,6,E01006576,0,-1
2020360961282,2020,360961282,1,9,0,18,19,7,3,0,0,1,0,0,0,0,1,1,1,1,1,53,8,1560,2,8,FORD FOCUS,6,E01026797,0,-1
2020200926969,2020,200926969,1,9,0,18,19,8,4,0,0,0,0,0,0,0,1,1,6,6,1,-1,-1,1560,2,8,FORD FOCUS,-1,-1,0,-1
2020010257724,2020,010257724,2,9,0,18,19,1,5,0,0,0,0,0,0,0,1,1,1,1,1,41,7,1499,2,4,FORD FOCUS,7,E01003839,0,-1
2020052001448,2020,052001448,2,9,0,18,19,6,2,0,0,0,0,0,0,0,1,1,6,6,1,73,10,1596,1,9,FORD FOCUS,-1,-1,0,-1
2020010251472,2020,010251472,1,9,0,3,3,5,1,0,0,0,0,0,0,0,2,1,6,6,2,37,7,1596,1,18,FORD FOCUS,2,E01000015,0,-1
2020470926684,2020,470926684,1,9,0,5,5,1,5,0,0,0,0,0,0,0,1,1,6,6,1,23,5,1596,1,16,FORD FOCUS,1,E01020993,0,-1
2020201002542,2020,201002542,1,9,0,5,5,7,3,0,0,8,0,0,0,0,3,1,6,6,1,-1,-1,1753,2,18,FORD FOCUS,-1,-1,0,-1
2020350971568,2020,350971568,1,9,0,5,5,4,8,0,0,0,0,0,7,11,1,1,5,6,1,-1,-1,1596,1,12,FORD FOCUS,3,E01018092,0,-1
2020110977059,2020,110977059,2,9,0,18,19,1,5,0,0,1,0,0,0,0,3,1,5,6,1,32,6,1560,2,11,FORD FOCUS,1,E01012327,0,-1
2020010247750,2020,010247750,1,9,0,99,99,9,9,99,99,9,9,99,9,99,2,9,6,6,2,27,6,1596,1,8,FORD FOCUS,2,E01003300,0,-1
2020040926411,2020,040926411,1,9,0,18,19,7,5,0,0,3,0,0,0,0,4,1,5,6,1,68,10,999,1,4,FORD FOCUS,2,E01025044,0,-1
2020010258330,2020,010258330,1,9,0,4,4,5,1,0,0,0,0,0,0,0,1,1,6,6,1,21,5,1560,2,13,FORD FOCUS,2,E01000100,0,-1
2020101007619,2020,101007619,1,9,0,9,9,7,4,0,0,8,0,0,0,0,4,1,6,6,1,65,9,1499,2,4,FORD FOCUS,1,E01008542,0,-1
2020220929527,2020,220929527,1,9,0,5,5,8,4,0,0,4,0,0,0,0,1,1,5,6,2,51,8,1388,1,21,FORD FOCUS,2,E01032464,0,-1
2020470968270,2020,470968270,1,9,0,18,19,5,1,0,0,0,0,0,0,0,1,1,1,1,1,53,8,1560,2,6,FORD FOCUS,4,E01016855,0,-1
2020200958121,2020,200958121,1,9,0,9,9,3,1,0,0,8,0,0,0,0,1,1,6,6,1,74,10,1753,2,14,FORD FOCUS,7,E01031137,0,-1
2020010251290,2020,010251290,1,9,0,99,99,9,9,0,0,1,0,99,0,0,9,9,6,6,1,46,8,1596,1,15,FORD FOCUS,2,E01024604,0,-1
2020070763780,2020,070763780,2,9,0,2,2,8,4,0,0,0,0,0,0,0,2,1,6,6,3,28,6,1560,2,14,FORD FOCUS,-1,-1,0,-1
2020430268062,2020,430268062,2,9,0,3,3,3,7,0,0,1,0,0,0,0,2,1,6,6,1,32,6,1560,2,8,FORD FOCUS,7,E01027023,0,-1
2020200980657,2020,200980657,1,9,0,9,9,2,8,0,0,5,0,0,0,0,1,1,2,2,1,57,9,1798,1,14,FORD FOCUS,1,E01008979,0,-1
2020100981483,2020,100981483,2,9,0,18,19,5,1,0,0,0,0,0,0,0,3,1,5,6,1,61,9,1596,1,18,FORD FOCUS,5,E01027383,0,-1
2020010283666,2020,010283666,1,9,0,11,11,4,8,0,0,0,0,0,0,0,4,1,2,2,1,33,6,999,1,3,FORD FOCUS,4,E01002442,0,-1
2020052001965,2020,052001965,2,9,0,3,3,1,5,0,0,1,0,0,0,0,2,1,6,6,1,51,8,1560,2,9,FORD FOCUS,1,E01006603,0,-1
2020010240586,2020,010240586,4,9,0,18,19,1,5,0,0,0,0,0,0,0,3,1,6,6,3,-1,-1,1499,2,5,FORD FOCUS,-1,-1,0,-1
2020522001989,2020,522001989,1,9,0,18,19,5,1,0,0,8,0,0,0,0,1,1,6,6,1,30,6,1753,2,15,FORD FOCUS,8,E01014981,0,-1
2020340D01002,2020,340D01002,2,9,0,18,19,4,8,0,0,0,0,0,0,0,1,1,6,6,1,21,5,1560,2,5,FORD FOCUS,6,E01031144,0,-1
2020010248340,2020,010248340,3,9,0,4,4,5,1,0,0,0,0,0,0,0,2,1,1,1,1,51,8,1499,2,4,FORD FOCUS,7,E01002944,0,-1
2020040922719,2020,040922719,2,9,0,18,19,5,1,0,0,1,0,0,0,0,4,1,5,6,2,49,8,1596,1,10,FORD FOCUS,2,E01025060,0,-1
20201373N1590,2020,1373N1590,1,9,0,18,19,8,4,0,0,8,1,0,3,10,1,1,6,6,1,22,5,1560,2,8,FORD FOCUS,3,E01011322,0,-1
2020410981652,2020,410981652,2,9,0,3,3,5,1,0,0,0,0,0,0,0,1,1,6,6,1,49,8,1388,1,18,FORD FOCUS,6,E01017795,0,-1
2020990996706,2020,990996706,2,9,0,18,19,7,3,0,0,1,0,0,0,0,1,1,6,6,1,34,6,1753,2,14,FORD FOCUS,1,-1,0,-1
2020010233590,2020,010233590,1,9,0,4,4,7,3,0,0,1,0,0,0,0,4,1,6,6,2,31,6,999,1,5,FORD FOCUS,2,E01002561,0,-1
2020420960815,2020,420960815,2,9,0,18,19,3,7,0,0,0,0,0,0,0,3,1,6,6,2,27,6,1596,1,12,FORD FOCUS,1,E01015842,0,-1
2020010286031,2020,010286031,1,9,0,99,99,9,9,99,99,9,9,99,9,99,2,9,6,6,3,-1,-1,1596,1,8,FORD FOCUS,-1,-1,0,-1
2020010230924,2020,010230924,2,9,0,99,99,9,9,99,99,1,9,99,9,99,1,9,6,6,3,-1,-1,1796,1,17,FORD FOCUS,5,E01017923,0,-1
2020460993076,2020,460993076,2,9,0,2,2,0,0,0,0,1,0,0,0,0,3,1,6,6,3,-1,-1,1596,1,8,FORD FOCUS,-1,-1,0,-1
2020360972473,2020,360972473,1,9,0,18,19,3,7,0,0,2,0,0,0,0,0,1,5,6,2,22,5,1560,2,8,FORD FOCUS,2,E01026828,0,-1
2020220966238,2020,220966238,1,9,0,18,19,8,4,0,0,0,5,0,2,10,4,1,6,6,2,55,8,1596,1,16,FORD FOCUS,6,E01032480,0,-1
2020200954464,2020,200954464,2,9,0,5,5,1,4,0,0,8,0,0,0,0,3,1,6,6,1,39,7,1560,2,9,FORD FOCUS,1,E01010450,0,-1
2020302001664,2020,302001664,2,9,0,18,19,1,5,0,0,0,0,0,0,0,1,1,6,6,1,23,5,1499,2,3,FORD FOCUS,-1,-1,0,-1
2020302000574,2020,302000574,2,9,0,11,11,8,5,0,0,0,0,0,0,0,1,1,6,6,2,29,6,1596,1,10,FORD FOCUS,5,E01019520,0,-1
2020160937032,2020,160937032,1,9,0,6,6,7,3,0,0,2,0,10,7,11,1,1,2,2,2,70,10,1596,1,5,FORD FOCUS,8,E01013005,0,-1
2020522002202,2020,522002202,1,9,0,18,19,1,5,0,0,0,0,0,0,0,1,1,6,6,1,30,6,998,1,6,FORD FOCUS,-1,-1,0,-1
2020430116795,2020,430116795,1,9,0,16,19,1,4,0,0,2,0,0,0,0,1,1,2,2,1,52,8,1596,1,15,FORD FOCUS,8,E01017921,0,-1
2020470931497,2020,470931497,1,9,0,18,19,3,7,0,0,0,0,10,6,1,1,1,6,6,1,49,8,1596,1,18,FORD FOCUS,5,E01016963,0,-1
2020450933922,2020,450933922,1,9,0,9,9,5,3,0,0,6,0,0,0,0,1,1,5,6,1,35,6,2521,1,14,FORD FOCUS,5,E01030579,0,-1
2020350963028,2020,350963028,2,9,0,4,4,3,7,0,0,1,0,0,0,0,3,1,6,6,1,26,6,999,1,1,FORD FOCUS,10,E01027276,0,-1
2020350990159,2020,350990159,1,9,0,3,3,5,1,0,0,0,0,0,0,0,1,1,6,6,2,50,8,1596,1,17,FORD FOCUS,2,E01017946,0,-1
2020411008868,2020,411008868,3,9,0,2,2,8,4,0,0,0,0,0,0,0,2,1,6,6,2,24,5,1596,1,6,FORD FOCUS,10,E01033053,0,-1
2020420974286,2020,420974286,1,9,0,18,19,3,7,0,0,6,0,0,0,0,1,1,5,6,1,23,5,1596,1,15,FORD FOCUS,3,E01021358,0,-1
2020201001045,2020,201001045,2,9,0,18,19,7,4,0,0,1,0,0,0,0,1,1,6,6,2,28,6,1596,1,14,FORD FOCUS,4,E01009521,0,-1
202006Q268610,2020,06Q268610,1,9,0,18,19,7,3,0,0,0,0,0,0,0,1,1,1,1,1,52,8,1596,1,18,FORD FOCUS,1,E01005353,0,-1
2020010238292,2020,010238292,1,9,0,18,19,3,7,0,0,0,0,0,0,0,1,1,6,6,1,18,4,1596,1,6,FORD FOCUS,3,E01001516,0,-1
2020070438339,2020,070438339,1,9,0,7,7,7,1,0,0,6,0,0,0,0,1,1,6,6,2,71,10,999,1,2,FORD FOCUS,8,E01018493,0,-1
2020137851268,2020,137851268,1,9,0,18,19,2,4,0,0,0,1,0,1,11,1,1,6,6,1,20,4,1596,1,14,FORD FOCUS,10,E01011570,0,-1
2020470920607,2020,470920607,3,9,0,16,19,5,7,0,0,0,1,0,1,0,3,1,2,2,2,29,6,1596,1,13,FORD FOCUS,8,E01031679,0,-1
2020230937852,2020,230937852,1,9,0,18,19,1,5,0,0,8,0,0,0,0,1,1,5,6,1,40,7,1388,1,14,FORD FOCUS,2,E01031119,0,-1
2020010250459,2020,010250459,1,9,0,18,19,5,1,0,0,1,0,0,0,0,1,1,6,6,2,50,8,1596,1,18,FORD FOCUS,2,E01001695,0,-1
2020450930588,2020,450930588,2,9,0,9,9,1,5,0,0,8,0,0,1,11,2,1,5,6,1,54,8,1596,1,8,FORD FOCUS,7,E01030729,0,-1
2020440374924,2020,440374924,1,9,0,16,19,2,4,0,0,2,0,0,0,0,4,1,6,6,1,26,6,1596,1,15,FORD FOCUS,8,E01020416,0,-1
2020410952833,2020,410952833,1,9,0,18,19,6,2,0,0,1,1,10,0,0,1,1,5,6,1,37,7,1753,2,15,FORD FOCUS,7,E01023472,0,-1
2020340N04462,2020,340N04462,1,9,0,18,19,3,7,0,0,8,0,0,0,0,1,1,6,6,1,55,8,1560,2,15,FORD FOCUS,3,E01027152,0,-1
2020622000126,2020,622000126,1,9,0,9,9,7,5,0,0,5,0,0,0,0,1,1,6,6,1,25,5,1997,2,12,FORD FOCUS,3,E01002559,0,-1
2020010265756,2020,010265756,1,9,0,18,19,5,1,0,0,0,0,0,0,0,4,1,6,6,2,73,10,1798,1,13,FORD FOCUS,6,E01002336,0,-1
202006K377544,2020,06K377544,1,9,0,18,19,4,8,0,0,0,0,0,0,0,1,1,2,2,1,46,8,1596,1,13,FORD FOCUS,8,E01005001,0,-1
2020010280457,2020,010280457,2,9,0,9,9,1,6,0,0,1,0,10,7,1,4,1,6,6,1,27,6,999,1,2,FORD FOCUS,8,E01030538,0,-1
2020460985539,2020,460985539,2,9,0,18,19,3,7,0,0,1,0,0,1,0,3,1,5,6,2,30,6,1596,1,14,FORD FOCUS,1,E01024609,0,-1
2020010232663,2020,010232663,1,9,0,18,19,1,5,0,0,0,0,0,0,0,2,1,6,6,2,39,7,1596,1,17,FORD FOCUS,6,E01002617,0,-1
2020470962036,2020,470962036,2,9,0,12,12,5,1,0,0,0,0,0,0,0,3,1,5,6,1,43,7,1596,1,16,FORD FOCUS,2,E01016905,0,-1
2020420943858,2020,420943858,2,9,0,18,19,1,6,0,0,8,0,7,0,0,3,1,6,6,2,35,6,1596,1,12,FORD FOCUS,4,E01015853,0,-1
2020137410248,2020,137410248,2,9,0,18,19,2,6,0,0,8,0,0,0,0,1,1,6,6,1,53,8,1596,1,13,FORD FOCUS,10,E01027561,0,-1
2020420982964,2020,420982964,1,9,0,4,4,1,6,0,0,8,0,0,0,0,1,1,5,6,2,24,5,1596,1,13,FORD FOCUS,7,E01021613,0,-1
2020040986179,2020,040986179,1,9,0,7,7,3,5,0,0,2,0,0,0,0,1,1,6,6,2,-1,-1,1496,1,1,FORD FOCUS,-1,-1,0,-1
2020440344913,2020,440344913,2,9,0,2,2,0,0,0,0,0,0,0,0,0,1,1,6,6,3,-1,-1,1753,2,13,FORD FOCUS,-1,-1,0,-1
2020200965201,2020,200965201,1,9,0,17,19,4,1,0,0,0,5,4,1,11,1,1,6,6,3,-1,-1,1596,1,16,FORD FOCUS,-1,-1,0,-1
2020200949377,2020,200949377,7,9,0,2,2,0,0,0,0,2,0,0,0,0,1,1,6,6,2,52,8,1596,1,13,FORD FOCUS,2,E01010429,0,-1
2020320577152,2020,320577152,1,9,0,17,19,3,7,0,0,0,0,0,0,0,4,1,6,6,1,36,7,1596,1,9,FORD FOCUS,3,E01026110,0,-1
2020137BB0770,2020,137BB0770,1,9,0,9,9,5,2,0,0,2,0,0,3,0,3,1,6,6,1,26,6,1798,1,13,FORD FOCUS,1,E01011673,0,-1
2020371015028,2020,371015028,1,9,0,18,19,3,7,0,0,0,0,0,0,0,1,1,6,6,1,36,7,998,1,6,FORD FOCUS,3,E01030234,0,-1
2020137BP0700,2020,137BP0700,1,9,0,9,9,2,7,0,0,8,0,0,0,0,3,1,6,6,3,-1,-1,1388,1,17,FORD FOCUS,-1,-1,0,-1
2020140957910,2020,140957910,2,9,0,4,4,5,8,0,0,0,0,0,0,0,1,1,5,6,2,29,6,1798,1,12,FORD FOCUS,3,E01027908,0,-1
2020052002600,2020,052002600,1,9,0,9,9,3,1,0,0,6,0,0,0,0,1,1,2,2,1,49,8,1560,2,8,FORD FOCUS,1,E01006754,0,-1
2020470917236,2020,470917236,1,9,0,7,7,5,7,0,0,6,0,0,0,0,1,1,2,2,2,58,9,998,1,8,FORD FOCUS,6,E01031440,0,-1
2020470961767,2020,470961767,2,9,0,18,19,7,3,0,0,1,0,0,0,0,2,1,6,6,1,36,7,1596,1,9,FORD FOCUS,9,E01021225,0,-1
2020220945824,2020,220945824,2,9,0,2,2,0,0,0,0,0,0,0,0,0,3,1,5,6,1,66,10,1596,1,13,FORD FOCUS,1,E01014118,0,-1
2020060373934,2020,060373934,2,9,0,9,9,5,1,0,0,1,0,0,0,0,3,1,6,6,2,60,9,1499,2,5,FORD FOCUS,7,E01019746,0,-1
2020461000161,2020,461000161,1,9,0,4,4,3,7,0,0,1,0,0,0,0,3,1,6,6,2,64,9,1596,1,17,FORD FOCUS,1,E01024683,0,-1
202031B162920,2020,31B162920,1,9,0,13,13,3,7,0,0,0,0,0,1,4,2,1,2,2,1,45,7,1988,1,17,FORD FOCUS,2,E01028226,0,-1
2020990934381,2020,990934381,2,9,0,10,10,6,2,0,0,1,0,0,0,0,2,1,6,6,1,24,5,1560,2,10,FORD FOCUS,3,-1,0,-1
2020991001266,2020,991001266,1,9,0,18,19,7,3,0,0,0,0,0,8,4,1,1,6,6,1,49,8,1999,1,8,FORD FOCUS,6,-1,0,-1
202006A179047,2020,06A179047,2,9,0,18,19,3,7,0,0,1,0,0,0,0,2,1,6,6,1,38,7,1560,2,11,FORD FOCUS,5,E01005977,0,-1
2020360994168,2020,360994168,2,9,0,4,4,6,2,0,0,0,0,0,0,0,2,1,5,6,1,52,8,999,1,5,FORD FOCUS,7,E01026883,0,-1
2020420919735,2020,420919735,1,9,0,9,9,7,4,0,0,8,0,0,0,0,1,1,5,6,1,27,6,1753,2,12,FORD FOCUS,3,E01015891,0,-1
2020010243673,2020,010243673,2,9,0,99,99,9,9,99,99,9,9,99,9,99,1,9,6,6,3,-1,-1,1596,1,8,FORD FOCUS,1,E01000661,0,-1
2020040922190,2020,040922190,1,9,0,12,12,1,5,0,0,1,0,10,8,1,2,1,2,2,1,32,6,1560,2,6,FORD FOCUS,3,E01026123,0,-1
2020430326795,2020,430326795,1,9,0,18,19,5,1,0,0,0,0,0,1,3,1,1,6,6,2,29,6,1560,2,9,FORD FOCUS,10,E01016538,0,-1
2020460936203,2020,460936203,2,9,0,18,19,4,8,0,0,1,0,0,0,0,1,1,6,6,2,36,7,1560,2,9,FORD FOCUS,1,E01024615,0,-1
202006L176747,2020,06L176747,1,9,0,7,7,8,3,0,0,8,0,0,0,0,1,1,2,2,1,41,7,1796,1,21,FORD FOCUS,3,E01006260,0,-1
2020440090356,2020,440090356,2,9,0,18,19,8,4,0,0,8,0,0,0,0,1,1,6,6,2,27,6,1596,1,15,FORD FOCUS,4,E01017199,0,-1
20201372L0721,2020,1372L0721,1,9,0,9,9,6,4,0,0,8,0,0,0,0,1,1,6,6,2,37,7,1560,2,9,FORD FOCUS,1,E01011357,0,-1
2020360995613,2020,360995613,4,9,0,18,19,8,4,0,0,1,0,0,0,0,1,1,1,1,2,56,9,1753,2,14,FORD FOCUS,4,E01026660,0,-1
2020400950993,2020,400950993,2,9,0,18,19,-1,-1,0,0,0,0,0,0,0,2,1,6,6,2,27,6,1997,2,2,FORD FOCUS,9,E01017582,0,-1
2020070552453,2020,070552453,3,9,0,2,2,0,0,9,9,0,0,0,0,0,2,1,6,6,1,46,8,1499,2,2,FORD FOCUS,2,E01012433,0,-1
2020230942732,2020,230942732,1,9,0,5,5,1,5,0,0,0,0,0,0,0,1,1,5,6,1,26,6,999,1,1,FORD FOCUS,8,E01009530,0,-1
2020460943562,2020,460943562,2,9,0,18,19,6,2,0,0,0,0,0,0,0,2,1,5,6,2,45,7,1596,1,12,FORD FOCUS,3,E01024218,0,-1
2020460959857,2020,460959857,1,9,0,18,19,1,5,0,0,1,0,0,0,0,1,1,6,6,1,18,4,1596,1,15,FORD FOCUS,9,E01024275,0,-1
2020010236155,2020,010236155,1,9,0,99,99,9,9,99,99,9,9,99,9,99,2,9,2,2,2,38,7,1798,1,13,FORD FOCUS,10,E01002937,0,-1
2020137971118,2020,137971118,1,9,0,18,19,4,8,0,0,1,0,0,0,0,3,1,6,6,1,27,6,1999,1,13,FORD FOCUS,7,E01011578,0,-1
2020420986400,2020,420986400,1,9,0,9,9,1,7,0,0,8,0,0,0,0,4,1,6,6,2,61,9,1796,1,19,FORD FOCUS,7,E01015983,0,-1
2020990970448,2020,990970448,1,9,0,11,11,3,7,0,0,0,5,7,0,0,4,1,6,6,1,73,10,998,1,7,FORD FOCUS,5,-1,0,-1
2020440256276,2020,440256276,2,9,0,18,19,8,4,0,0,0,1,0,0,0,1,1,6,6,1,20,4,1596,1,19,FORD FOCUS,4,E01017319,0,-1
2020371002516,2020,371002516,2,9,0,18,19,7,3,0,0,0,0,0,0,0,1,1,5,6,1,50,8,999,1,5,FORD FOCUS,9,E01029882,0,-1
2020430042531,2020,430042531,1,9,0,18,19,4,8,0,0,0,0,0,0,0,1,1,1,1,3,-1,-1,1796,1,17,FORD FOCUS,4,E01016439,0,-1
2020320501438,2020,320501438,1,9,0,18,19,7,3,0,0,0,1,0,1,9,2,1,6,6,2,31,6,1596,1,16,FORD FOCUS,6,E01026242,0,-1
2020440082807,2020,440082807,2,9,0,18,19,1,5,0,0,8,0,0,0,0,1,1,6,6,1,31,6,1798,1,11,FORD FOCUS,6,E01022486,0,-1
2020010240966,2020,010240966,2,9,0,99,99,9,9,99,99,0,9,99,9,99,9,9,6,6,3,-1,-1,1596,1,10,FORD FOCUS,4,E01004357,0,-1
202006M175681,2020,06M175681,1,9,0,3,3,6,2,0,0,1,0,0,0,0,1,1,2,2,1,40,7,1596,1,12,FORD FOCUS,-1,-1,0,-1
2020400943509,2020,400943509,2,9,0,15,15,7,3,0,0,0,0,0,0,0,0,1,1,1,1,40,7,1560,2,9,FORD FOCUS,4,E01002507,0,-1
2020010262401,2020,010262401,1,9,9,99,99,9,9,99,99,9,9,99,9,99,9,1,6,6,1,40,7,998,1,8,FORD FOCUS,9,E01003457,0,-1
2020552000003,2020,552000003,1,9,0,18,19,3,7,0,0,0,0,0,0,0,1,1,6,6,1,46,8,1796,1,17,FORD FOCUS,3,E01033241,0,-1
2020460974702,2020,460974702,1,9,0,18,19,5,1,0,0,2,0,11,0,0,1,1,5,6,1,38,7,1596,1,13,FORD FOCUS,1,E01024663,0,-1
2020410968566,2020,410968566,2,9,0,18,19,1,6,0,0,3,0,0,0,0,4,1,6,6,2,76,11,1596,1,17,FORD FOCUS,6,E01023322,0,-1
2020340C07282,2020,340C07282,2,9,0,18,19,1,5,0,0,8,0,0,0,0,1,1,6,6,1,35,6,1560,2,14,FORD FOCUS,8,E01013788,0,-1
2020370980452,2020,370980452,1,9,0,18,19,1,5,0,0,0,0,0,0,0,3,1,5,6,2,66,10,999,1,0,FORD FOCUS,7,E01029873,0,-1
2020990998144,2020,990998144,1,9,0,9,9,8,6,0,0,1,0,0,0,0,1,1,5,6,2,71,10,1596,1,10,FORD FOCUS,8,-1,0,-1
2020470942724,2020,470942724,2,9,0,18,19,4,8,0,0,1,0,0,0,0,1,1,1,1,2,49,8,1596,1,11,FORD FOCUS,6,E01021128,0,-1
2020420994845,2020,420994845,1,9,0,18,19,4,6,9,9,6,0,0,0,0,1,1,3,7,2,29,6,1560,2,8,FORD FOCUS,9,E01021579,0,-1
2020420960234,2020,420960234,2,9,0,5,5,2,7,0,0,8,0,0,0,0,1,1,1,1,1,47,8,1596,1,16,FORD FOCUS,5,E01002344,0,-1
2020320583910,2020,320583910,3,9,0,9,9,8,4,0,0,1,0,0,0,0,2,1,6,6,1,55,8,1560,2,6,FORD FOCUS,9,E01026371,0,-1
2020010242875,2020,010242875,1,9,0,4,4,1,5,0,0,1,0,0,0,0,2,1,1,1,1,50,8,1560,2,6,FORD FOCUS,6,E01002541,0,-1
2020500999766,2020,500999766,1,9,0,18,19,2,6,0,0,1,0,0,0,0,1,1,5,6,2,26,6,1496,1,0,FORD FOCUS,2,E01015026,0,-1