collision_index,collision_year,collision_ref_no,vehicle_reference,vehicle_type,towing_and_articulation,vehicle_manoeuvre_historic,vehicle_manoeuvre,vehicle_direction_from,vehicle_direction_to,vehicle_location_restricted_lane_historic,vehicle_location_restricted_lane,junction_location,skidding_and_overturning,hit_object_in_carriageway,vehicle_leaving_carriageway,hit_object_off_carriageway,first_point_of_impact,vehicle_left_hand_drive,journey_purpose_of_driver_historic,journey_purpose_of_driver,sex_of_driver,age_of_driver,age_band_of_driver,engine_capacity_cc,propulsion_code,age_of_vehicle,generic_make_model,driver_imd_decile,lsoa_of_driver,escooter_flag,driver_distance_banding
2020460946271,2020,460946271,2,9,0,18,19,3,7,0,0,1,0,0,0,0,3,1,5,6,1,51,8,1596,1,11,FORD FOCUS,6,E01024216,0,-1
2020990989121,2020,990989121,1,9,0,17,19,4,2,0,0,1,0,0,0,0,3,1,6,6,1,54,8,1499,2,2,FORD FOCUS,5,-1,0,-1
20201376N0259,2020,1376N0259,2,9,0,2,2,0,0,0,0,0,0,0,0,0,2,1,6,6,3,-1,-1,999,1,2,FORD FOCUS,-1,-1,0,-1
2020052002314,2020,052002314,1,9,0,18,19,3,7,0,0,2,0,0,0,0,4,1,2,2,1,26,6,1560,2,6,FORD FOCUS,6,E01006227,0,-1
2020552001057,2020,552001057,2,9,0,18,19,7,3,0,0,8,0,0,0,0,2,1,6,6,2,33,6,1596,1,9,FORD FOCUS,2,E01015430,0,-1
2020070647452,2020,070647452,1,9,0,9,9,7,5,0,0,2,0,0,0,0,1,2,6,6,2,42,7,998,1,6,FORD FOCUS,2,E01012409,0,-1
2020440427093,2020,440427093,2,9,0,3,3,5,1,0,0,1,0,0,0,0,2,1,6,6,2,35,6,1560,2,9,FORD FOCUS,7,E01017041,0,-1
202006L269548,2020,06L269548,1,9,0,18,19,1,2,0,0,3,0,0,0,0,2,1,6,6,3,-1,-1,1997,2,6,FORD FOCUS,-1,-1,0,-1
2020010238685,2020,010238685,1,9,0,18,19,3,7,0,0,1,0,0,0,0,1,1,1,1,1,34,6,1596,1,18,FORD FOCUS,5,E01001091,0,-1
2020010230281,2020,010230281,1,9,0,18,19,7,3,0,0,6,0,0,0,0,1,1,6,6,2,35,6,1798,1,11,FORD FOCUS,4,E01002409,0,-1
2020200969230,2020,200969230,2,9,0,18,19,3,7,0,0,8,0,0,0,0,1,1,6,6,1,32,6,1596,1,15,FORD FOCUS,4,E01009871,0,-1
2020200990528,2020,200990528,2,9,0,3,3,5,8,0,0,0,0,0,0,0,2,1,6,6,2,63,9,1596,1,6,FORD FOCUS,8,E01032126,0,-1
2020430020031,2020,430020031,1,9,0,4,4,7,3,0,0,0,0,0,0,0,1,1,6,6,2,29,6,998,1,8,FORD FOCUS,9,E01028511,0,-1
2020450924204,2020,450924204,3,9,0,18,19,1,5,1,1,2,1,0,0,0,1,2,5,6,2,24,5,1596,1,15,FORD FOCUS,6,E01030570,0,-1
2020140958853,2020,140958853,1,9,0,5,5,4,8,0,0,1,0,0,0,0,1,1,5,6,2,32,6,1596,1,8,FORD FOCUS,9,E01007581,0,-1
2020010278145,2020,010278145,2,9,0,99,99,9,9,0,0,0,0,0,0,0,9,9,6,6,3,-1,-1,1596,1,15,FORD FOCUS,-1,-1,0,-1
2020520003170,2020,520003170,1,9,0,9,9,2,8,0,0,5,0,0,0,0,1,1,6,6,2,54,8,1596,1,15,FORD FOCUS,3,E01029333,0,-1
2020400950783,2020,400950783,1,9,0,15,15,8,4,0,0,0,0,0,0,0,1,1,2,2,1,36,7,1560,2,6,FORD FOCUS,6,E01023787,0,-1
2020140941087,2020,140941087,2,9,0,16,19,3,1,0,0,8,0,0,0,0,1,1,6,6,3,-1,-1,1997,2,12,FORD FOCUS,-1,-1,0,-1
2020100919604,2020,100919604,1,9,0,18,19,3,7,0,0,1,0,0,0,0,1,1,6,6,1,38,7,1596,1,11,FORD FOCUS,-1,-1,0,-1
2020010274273,2020,010274273,1,9,0,99,99,9,9,99,99,9,9,99,9,99,2,9,6,6,2,30,6,1596,1,11,FORD FOCUS,3,E01001267,0,-1
2020430030867,2020,430030867,1,9,0,9,9,1,7,0,0,8,0,0,0,0,4,1,6,6,3,-1,-1,1596,1,11,FORD FOCUS,-1,-1,0,-1
2020552000564,2020,552000564,2,9,0,18,19,7,3,0,0,8,0,0,0,0,3,1,6,6,1,48,8,1596,1,15,FORD FOCUS,3,E01015285,0,-1
2020450982521,2020,450982521,1,9,0,12,12,7,3,0,0,0,0,0,0,0,3,1,5,6,1,66,10,1596,1,14,FORD FOCUS,4,E01030710,0,-1
2020070178082,2020,070178082,2,9,0,18,19,8,4,0,0,0,0,0,0,0,1,1,6,6,1,49,8,1560,2,10,FORD FOCUS,10,E01029770,0,-1
2020010285314,2020,010285314,3,9,0,18,19,7,3,0,0,1,0,0,0,0,1,1,6,6,1,71,10,1596,1,13,FORD FOCUS,6,E01001253,0,-1
2020010250323,2020,010250323,1,9,0,18,19,7,3,0,0,1,0,0,0,0,1,1,6,6,1,28,6,1997,2,3,FORD FOCUS,1,E01004256,0,-1
2020052000219,2020,052000219,2,9,0,18,19,7,3,0,0,0,0,0,0,0,4,1,1,1,1,68,10,1560,2,5,FORD FOCUS,3,E01006535,0,-1
2020141006164,2020,141006164,1,9,0,18,19,1,3,0,0,2,0,0,0,0,3,1,5,6,2,37,7,1596,1,5,FORD FOCUS,3,E01007397,0,-1
2020320419568,2020,320419568,1,9,0,10,10,3,7,0,0,0,0,0,0,0,1,1,6,6,1,27,6,1499,2,3,FORD FOCUS,10,E01026187,0,-1
2020622000668,2020,622000668,2,9,0,4,4,8,4,0,0,0,0,0,0,0,1,1,6,6,1,55,8,999,1,5,FORD FOCUS,9,W01001227,0,-1
2020990968979,2020,990968979,4,9,0,18,19,3,7,0,0,0,0,0,0,0,2,1,6,6,1,43,7,1596,1,6,FORD FOCUS,3,-1,0,-1
2020990934150,2020,990934150,1,9,0,5,5,7,4,0,0,8,0,0,0,0,1,1,6,6,2,26,6,1560,2,6,FORD FOCUS,2,-1,0,-1
2020350955377,2020,350955377,2,9,0,2,2,0,0,0,0,0,0,0,0,0,1,1,6,6,1,23,5,1753,2,14,FORD FOCUS,7,E01015686,0,-1
2020110943873,2020,110943873,3,9,0,18,19,5,1,0,0,1,0,0,0,0,1,1,6,6,1,30,6,1560,2,7,FORD FOCUS,-1,-1,0,-1
2020010265121,2020,010265121,1,9,0,1,1,1,5,0,0,1,0,0,0,0,2,1,6,6,1,28,6,1596,1,16,FORD FOCUS,6,E01003762,0,-1
202031D135820,2020,31D135820,1,9,0,13,13,5,1,0,0,0,0,0,0,0,4,1,6,6,2,72,10,1596,1,13,FORD FOCUS,10,E01028412,0,-1
2020520000489,2020,520000489,3,9,0,18,19,1,5,0,0,8,0,0,0,0,1,1,6,6,1,30,6,1560,2,11,FORD FOCUS,5,E01029152,0,-1
2020230928878,2020,230928878,1,9,0,5,5,1,4,0,0,4,0,0,0,0,1,1,5,6,1,63,9,1560,2,7,FORD FOCUS,10,E01031259,0,-1
2020320615326,2020,320615326,1,9,0,18,19,8,4,0,0,0,5,0,7,0,1,1,6,6,1,46,8,1596,1,15,FORD FOCUS,4,E01013614,0,-1
2020340S02002,2020,340S02002,2,9,0,18,19,1,5,0,0,0,0,11,0,0,1,1,6,6,1,44,7,1596,1,14,FORD FOCUS,5,E01016756,0,-1
2020010257765,2020,010257765,2,9,0,18,19,1,5,0,0,8,0,0,0,0,1,1,6,6,1,37,7,1999,1,4,FORD FOCUS,3,E01015962,0,-1
2020010253424,2020,010253424,1,9,0,18,19,1,5,9,9,1,0,0,7,11,1,1,6,6,1,30,6,1988,1,16,FORD FOCUS,-1,-1,0,-1
2020010256604,2020,010256604,1,9,0,9,9,5,2,0,0,5,0,0,0,0,1,1,6,6,2,75,10,1498,1,5,FORD FOCUS,6,E01000161,0,-1
2020522100408,2020,522100408,1,9,0,3,3,5,1,0,0,0,0,0,0,0,2,1,6,6,2,27,6,1997,2,11,FORD FOCUS,6,E01014487,0,-1
2020010248369,2020,010248369,1,9,0,4,4,5,1,0,0,0,0,0,0,0,1,1,6,6,1,67,10,1988,1,18,FORD FOCUS,3,E01004337,0,-1
2020010261289,2020,010261289,1,9,0,99,99,9,9,99,99,9,9,99,9,99,3,9,6,6,1,21,5,1388,1,13,FORD FOCUS,7,E01000369,0,-1
2020210985407,2020,210985407,1,9,-1,-1,-1,-1,-1,-1,-1,-1,-1,-1,-1,0,-1,1,6,6,1,30,6,1596,1,9,FORD FOCUS,4,E01029740,0,-1
2020520100679,2020,520100679,1,9,0,18,19,7,3,0,0,0,5,0,1,9,1,1,6,6,1,24,5,1596,1,13,FORD FOCUS,-1,-1,0,-1
2020040945753,2020,040945753,1,9,0,7,7,7,5,0,0,5,0,0,0,0,1,1,5,6,2,37,7,1560,2,6,FORD FOCUS,3,E01025310,0,-1
2020137490129,2020,137490129,1,9,0,18,19,6,2,0,0,8,1,10,3,11,1,1,6,6,1,33,6,1499,2,5,FORD FOCUS,1,E01011745,0,-1
2020160945385,2020,160945385,1,9,0,2,2,0,0,0,0,2,0,0,0,0,3,1,6,6,1,27,6,1388,1,17,FORD FOCUS,3,E01013004,0,-1
2020010244406,2020,010244406,1,9,0,7,7,1,4,9,9,0,0,4,0,0,1,1,6,6,1,-1,-1,1596,1,15,FORD FOCUS,-1,-1,0,-1
2020010254480,2020,010254480,1,9,0,18,19,7,3,0,0,0,0,4,0,0,1,1,2,2,1,44,7,1753,2,16,FORD FOCUS,1,E01002066,0,-1
2020030981038,2020,030981038,1,9,0,18,19,3,7,0,0,0,0,0,0,0,4,1,5,6,1,54,8,1560,2,11,FORD FOCUS,3,E01019081,0,-1
2020360956694,2020,360956694,2,9,0,2,2,0,0,0,0,0,0,0,0,0,0,1,5,6,2,74,10,1560,2,9,FORD FOCUS,3,E01026775,0,-1
2020200946794,2020,200946794,1,9,0,18,19,6,3,0,0,8,0,0,0,0,3,1,6,6,2,28,6,1596,1,11,FORD FOCUS,1,E01009952,0,-1
2020010278133,2020,010278133,1,9,0,18,19,3,7,0,0,2,0,0,0,0,3,1,6,6,2,33,6,1560,2,6,FORD FOCUS,1,E01024581,0,-1
2020500938825,2020,500938825,1,9,0,18,19,1,5,0,0,0,2,0,7,0,1,1,1,1,2,28,6,1560,2,10,FORD FOCUS,3,E01020294,0,-1
2020052001237,2020,052001237,1,9,0,4,4,2,6,0,0,2,0,0,0,0,1,1,6,6,1,24,5,1999,1,7,FORD FOCUS,6,E01007063,0,-1
2020010252555,2020,010252555,1,9,0,6,6,1,1,9,9,8,0,0,7,11,1,1,6,6,1,73,10,1997,2,8,FORD FOCUS,4,E01001704,0,-1
2020052000428,2020,052000428,2,9,0,18,19,3,7,0,0,0,0,0,0,0,3,1,6,6,1,27,6,999,1,1,FORD FOCUS,5,E01006473,0,-1
2020010248374,2020,010248374,3,9,0,2,2,0,0,0,0,1,0,0,0,0,1,1,6,6,3,-1,-1,1796,1,21,FORD FOCUS,-1,-1,0,-1
2020360961931,2020,360961931,1,9,0,18,19,7,3,0,0,0,0,0,1,0,1,1,5,6,2,60,9,1596,1,19,FORD FOCUS,2,E01026821,0,-1
2020450963129,2020,450963129,1,9,0,16,19,5,1,0,0,0,2,0,2,4,1,1,5,6,1,20,4,1596,1,17,FORD FOCUS,5,E01030974,0,-1
2020470936146,2020,470936146,2,9,0,3,3,1,5,0,0,0,0,0,0,0,2,1,2,2,1,45,7,1560,2,7,FORD FOCUS,10,E01031744,0,-1
2020990963113,2020,990963113,2,9,0,9,9,1,7,0,0,1,1,0,0,0,4,1,6,6,1,65,9,998,1,7,FORD FOCUS,7,-1,0,-1
2020520101258,2020,520101258,1,9,0,18,19,4,8,0,0,1,0,12,0,0,1,1,6,6,2,42,7,1997,2,3,FORD FOCUS,7,E01014423,0,-1
2020137BK1199,2020,137BK1199,2,9,0,18,19,3,7,0,0,0,0,0,0,0,3,1,6,6,1,48,8,999,1,4,FORD FOCUS,8,E01011066,0,-1
2020350994563,2020,350994563,3,9,0,5,5,3,7,0,0,0,0,0,0,0,0,1,6,6,1,-1,-1,1997,2,7,FORD FOCUS,6,E01029952,0,-1
2020420941711,2020,420941711,2,9,0,5,5,5,1,0,0,8,0,0,0,0,1,1,2,2,1,53,8,998,1,7,FORD FOCUS,9,E01002384,0,-1
2020052001771,2020,052001771,3,9,0,2,2,0,0,0,0,0,0,0,0,0,2,1,6,6,3,-1,-1,1596,1,19,FORD FOCUS,-1,-1,0,-1
202031C031720,2020,31C031720,1,9,0,18,19,2,6,0,0,2,0,0,0,0,1,1,6,6,1,37,7,1596,1,14,FORD FOCUS,7,E01033386,0,-1
2020230946902,2020,230946902,2,9,0,18,19,8,5,0,0,8,0,0,0,0,3,1,5,6,2,39,7,1560,2,15,FORD FOCUS,1,E01009299,0,-1
2020010229072,2020,010229072,1,9,0,18,19,7,3,0,0,0,0,0,0,0,1,1,6,6,1,33,6,1988,1,17,FORD FOCUS,4,E01000558,0,-1
2020430222912,2020,430222912,1,9,0,3,3,2,6,0,0,1,0,0,0,0,2,1,6,6,1,43,7,1596,1,6,FORD FOCUS,10,E01016235,0,-1
2020552000251,2020,552000251,2,9,0,16,19,4,6,0,0,0,0,0,0,0,1,1,2,2,2,40,7,1499,2,5,FORD FOCUS,9,E01029210,0,-1
2020200937850,2020,200937850,1,9,0,18,19,2,6,0,0,0,5,10,4,4,1,1,6,6,1,26,6,1596,1,16,FORD FOCUS,3,E01009977,0,-1
2020137C31329,2020,137C31329,1,9,0,4,4,1,5,0,0,3,0,0,0,0,1,1,6,6,1,24,5,1997,2,3,FORD FOCUS,2,E01010799,0,-1
2020010287105,2020,010287105,1,9,0,99,99,9,9,99,99,8,9,99,9,99,9,9,6,6,1,27,6,1560,2,9,FORD FOCUS,3,E01000088,0,-1
2020522100649,2020,522100649,2,9,0,3,3,1,5,0,0,0,0,0,0,0,2,1,6,6,1,28,6,1560,2,8,FORD FOCUS,7,E01029288,0,-1
20201377R0896,2020,1377R0896,1,9,0,18,19,3,7,0,0,0,0,0,0,0,1,1,6,6,1,50,8,1596,1,16,FORD FOCUS,1,E01011780,0,-1
2020440481721,2020,440481721,1,9,0,1,1,8,4,0,0,0,0,0,0,0,2,1,3,7,1,33,6,1596,1,12,FORD FOCUS,6,E01022614,0,-1
2020231011192,2020,231011192,2,9,0,18,19,1,5,0,0,8,0,0,0,0,4,1,5,6,2,38,7,1596,1,11,FORD FOCUS,4,E01031054,0,-1
2020100980428,2020,100980428,1,9,0,18,19,5,1,0,0,2,0,0,0,0,3,1,6,6,2,40,7,1596,1,10,FORD FOCUS,10,E01008475,0,-1
2020010281438,2020,010281438,1,9,0,3,3,3,7,0,0,2,0,0,0,0,2,1,6,6,1,79,11,1596,1,6,FORD FOCUS,10,E01003364,0,-1
2020010271635,2020,010271635,1,9,0,18,19,7,3,0,0,8,0,0,0,0,1,1,2,2,1,47,8,1596,1,15,FORD FOCUS,3,E01003520,0,-1
202063A063020,2020,63A063020,1,9,0,17,19,8,5,0,0,0,0,0,0,0,1,1,1,1,1,53,8,1560,2,7,FORD FOCUS,8,W01000547,0,-1
202006N174892,2020,06N174892,1,9,0,9,9,1,7,0,0,8,0,0,0,0,1,1,6,6,1,56,9,998,1,6,FORD FOCUS,7,E01005014,0,-1
2020480948691,2020,480948691,3,9,0,3,3,5,1,0,0,1,0,0,0,0,0,1,1,1,1,32,6,1560,2,6,FORD FOCUS,-1,-1,0,-1
2020140968846,2020,140968846,1,9,0,4,4,6,2,0,0,1,0,0,0,0,2,1,5,6,2,40,7,2521,1,14,FORD FOCUS,3,E01007807,0,-1
2020052001489,2020,052001489,3,9,0,10,10,1,7,0,0,1,0,0,0,0,2,1,6,6,1,39,7,1596,1,10,FORD FOCUS,2,E01006709,0,-1
2020340W07902,2020,340W07902,1,9,0,18,19,8,4,0,0,0,0,4,0,0,1,1,6,6,1,18,4,1596,1,12,FORD FOCUS,-1,-1,0,-1
2020070437988,2020,070437988,1,9,0,17,19,5,1,0,0,0,0,0,7,3,1,1,6,6,1,20,4,1596,1,9,FORD FOCUS,7,E01018353,0,-1
2020200969843,2020,200969843,1,9,0,18,19,4,8,0,0,2,0,10,1,1,1,1,6,6,1,77,11,998,1,6,FORD FOCUS,1,E01009366,0,-1
2020400991935,2020,400991935,1,9,0,18,19,1,5,0,0,8,1,0,0,0,1,1,2,2,2,27,6,999,1,0,FORD FOCUS,5,E01015748,0,-1
2020332000096,2020,332000096,2,9,0,7,7,6,8,0,0,6,0,0,0,0,1,1,6,6,1,-1,-1,1596,1,15,FORD FOCUS,-1,-1,0,-1
2020990976155,2020,990976155,1,9,0,18,19,3,7,0,0,0,0,4,0,0,3,1,6,6,1,61,9,1596,1,12,FORD FOCUS,1,-1,0,-1
2020040988074,2020,040988074,2,9,0,4,4,1,5,0,0,1,0,0,0,0,1,1,5,6,1,41,7,1596,1,7,FORD FOCUS,1,E01025250,0,-1
2020470948002,2020,470948002,1,9,0,18,19,6,2,0,0,0,0,0,0,0,1,1,5,6,1,51,8,1596,1,16,FORD FOCUS,6,E01031359,0,-1
2020010264313,2020,010264313,2,9,0,18,19,1,5,0,0,1,0,4,0,0,1,1,2,2,1,32,6,1596,1,15,FORD FOCUS,4,E01002179,0,-1
2020421009550,2020,421009550,1,9,0,1,1,3,7,0,0,1,0,0,0,0,2,1,6,6,1,65,9,1596,1,17,FORD FOCUS,7,E01003643,0,-1
2020430417906,2020,430417906,1,9,0,18,19,2,6,0,0,1,0,0,0,0,0,1,1,1,1,34,6,1496,1,1,FORD FOCUS,-1,-1,0,-1
2020010228128,2020,010228128,1,9,0,18,19,6,2,0,0,2,0,0,0,0,1,1,6,6,2,33,6,999,1,2,FORD FOCUS,1,E01001545,0,-1
2020010273924,2020,010273924,2,9,0,99,99,9,9,99,99,0,9,99,9,99,1,9,6,6,3,27,6,1560,2,9,FORD FOCUS,2,E01003179,0,-1
2020010276942,2020,010276942,2,9,0,2,2,0,0,6,6,1,0,11,0,0,1,1,6,6,3,-1,-1,1596,1,9,FORD FOCUS,-1,-1,0,-1
2020010262759,2020,010262759,3,9,0,18,19,1,5,0,0,8,0,0,0,0,4,1,2,2,1,59,9,1596,1,11,FORD FOCUS,3,E01002311,0,-1
2020010234388,2020,010234388,1,9,0,2,2,0,0,0,0,2,0,0,0,0,3,2,6,6,3,-1,-1,1596,1,12,FORD FOCUS,-1,-1,0,-1
2020201000788,2020,201000788,1,9,0,14,14,2,4,0,0,0,0,0,0,0,3,1,6,6,1,-1,-1,1596,1,18,FORD FOCUS,-1,-1,0,-1
2020010280133,2020,010280133,2,9,0,99,99,9,9,99,99,9,9,99,9,99,9,9,6,6,3,-1,-1,1596,1,17,FORD FOCUS,-1,-1,0,-1
2020990990977,2020,990990977,1,9,0,17,19,3,8,0,0,0,0,0,1,0,1,1,2,2,1,34,6,1596,1,13,FORD FOCUS,-1,-1,0,-1
2020420941769,2020,420941769,2,9,0,18,19,6,2,0,0,0,0,0,0,0,1,1,5,6,1,60,9,1560,2,8,FORD FOCUS,10,E01021918,0,-1
2020990938823,2020,990938823,2,9,0,3,3,7,3,0,0,0,0,0,0,0,2,1,6,6,2,37,7,999,1,4,FORD FOCUS,2,-1,0,-1
2020430214876,2020,430214876,1,9,0,18,19,2,6,0,0,2,5,0,0,0,1,1,6,6,1,69,10,999,1,4,FORD FOCUS,5,E01016223,0,-1
2020430056108,2020,430056108,1,9,0,4,4,8,4,0,0,1,0,0,0,0,2,1,6,6,1,61,9,1596,1,17,FORD FOCUS,7,E01016355,0,-1
2020010250559,2020,010250559,2,9,0,11,11,5,1,0,0,0,0,0,0,0,3,1,3,7,1,54,8,1596,1,19,FORD FOCUS,7,E01000702,0,-1
2020622000727,2020,622000727,1,9,0,18,19,8,4,0,0,0,1,0,0,0,1,1,6,6,1,41,7,1596,1,14,FORD FOCUS,1,W01001457,0,-1
2020610023220,2020,610023220,2,9,0,18,19,5,1,0,0,0,0,0,0,0,1,1,2,2,1,48,8,1796,1,19,FORD FOCUS,8,W01001540,0,-1
2020440432024,2020,440432024,2,9,0,18,19,8,4,0,0,8,0,0,0,0,4,1,6,6,1,50,8,1796,1,16,FORD FOCUS,9,E01022712,0,-1
2020520002899,2020,520002899,1,9,0,18,19,4,8,0,0,8,0,0,0,0,0,1,6,6,1,22,5,1753,2,17,FORD FOCUS,1,E01029105,0,-1
2020470934705,2020,470934705,2,9,0,3,3,7,3,0,0,0,0,0,0,0,2,1,5,6,2,52,8,1596,1,14,FORD FOCUS,10,E01022624,0,-1
2020137330290,2020,137330290,3,9,0,4,4,1,5,0,0,0,0,0,0,0,1,1,6,6,2,25,5,999,1,1,FORD FOCUS,8,E01010709,0,-1
2020440459867,2020,440459867,2,9,0,18,19,6,2,0,0,2,5,0,0,0,4,1,1,1,1,40,7,1499,2,4,FORD FOCUS,10,E01023211,0,-1
2020160930924,2020,160930924,2,9,0,18,19,1,5,0,0,0,0,0,0,0,1,1,5,6,1,30,6,999,1,5,FORD FOCUS,7,E01013290,0,-1
2020500975724,2020,500975724,2,9,0,9,9,1,5,0,0,4,0,0,0,0,2,1,5,6,1,36,7,1796,1,15,FORD FOCUS,6,E01019971,0,-1
2020010272892,2020,010272892,2,9,0,3,3,1,5,0,0,0,0,0,0,0,2,1,2,2,2,26,6,999,1,3,FORD FOCUS,8,E01003897,0,-1
2020450941791,2020,450941791,2,9,0,18,19,2,6,0,0,0,0,0,0,0,3,1,1,1,1,27,6,1596,1,12,FORD FOCUS,5,E01023129,0,-1
2020460969486,2020,460969486,1,9,0,18,19,7,3,0,0,0,0,0,0,0,1,1,6,6,3,-1,-1,1596,1,14,FORD FOCUS,-1,-1,0,-1
2020010248704,2020,010248704,1,9,0,18,19,5,1,0,0,6,0,0,0,0,1,1,2,2,1,27,6,1560,2,7,FORD FOCUS,7,E01002675,0,-1
2020471010133,2020,471010133,1,9,0,9,9,1,8,0,0,6,0,0,0,0,3,1,6,6,1,28,6,1596,1,17,FORD FOCUS,4,E01031806,0,-1
2020460986236,2020,460986236,1,9,0,18,19,4,8,0,0,0,0,4,0,0,3,1,6,6,1,33,6,1596,1,16,FORD FOCUS,6,E01024410,0,-1
2020622000778,2020,622000778,1,9,0,9,9,4,3,0,0,6,0,0,0,0,3,1,6,6,1,27,6,2521,1,14,FORD FOCUS,1,W01001299,0,-1
2020450923327,2020,450923327,4,9,0,18,19,1,5,0,0,0,0,0,0,0,1,1,5,6,2,49,8,1596,1,11,FORD FOCUS,5,E01024767,0,-1
2020010284892,2020,010284892,2,9,0,99,99,9,9,99,99,9,9,99,9,99,1,9,6,6,3,-1,-1,1596,1,13,FORD FOCUS,2,E01004253,0,-1
2020200936928,2020,200936928,1,9,0,7,7,6,8,2,2,5,0,0,0,0,2,1,2,2,1,-1,-1,1560,2,6,FORD FOCUS,7,E01009292,0,-1
2020522004964,2020,522004964,2,9,0,9,9,1,7,0,0,6,0,0,0,0,4,1,6,6,1,26,6,1596,1,16,FORD FOCUS,9,E01014465,0,-1
2020231000837,2020,231000837,1,9,0,13,13,2,6,0,0,8,0,0,7,9,4,1,5,6,1,29,6,2521,1,11,FORD FOCUS,8,E01009536,0,-1
2020440386928,2020,440386928,3,9,0,18,19,6,2,0,0,8,0,0,0,0,1,1,2,2,1,25,5,1999,1,8,FORD FOCUS,9,E01022594,0,-1
2020420982473,2020,420982473,1,9,0,5,5,8,4,0,0,4,0,0,0,0,1,1,5,6,2,57,9,1596,1,5,FORD FOCUS,1,E01015886,0,-1
2020220927994,2020,220927994,1,9,0,4,4,4,8,0,0,8,0,0,0,0,2,1,2,2,2,44,7,999,1,3,FORD FOCUS,7,E01014087,0,-1
2020010249984,2020,010249984,1,9,0,9,9,6,4,0,0,1,0,0,0,0,1,1,6,6,2,43,7,1596,1,8,FORD FOCUS,3,E01004437,0,-1
2020990935432,2020,990935432,4,9,0,3,3,5,1,6,6,1,0,0,0,0,4,1,5,6,2,64,9,1997,2,12,FORD FOCUS,7,-1,0,-1
2020991001395,2020,991001395,2,9,0,18,19,3,7,0,0,1,0,0,1,4,1,1,6,6,1,23,5,999,1,5,FORD FOCUS,1,-1,0,-1
2020460969490,2020,460969490,2,9,0,16,19,5,1,0,0,1,1,0,0,0,1,1,2,2,1,46,8,1596,1,9,FORD FOCUS,10,E01024404,0,-1
2020360938654,2020,360938654,2,9,0,18,19,5,1,0,0,0,0,0,0,0,2,1,5,6,1,73,10,1596,1,9,FORD FOCUS,6,E01026446,0,-1
2020160978650,2020,160978650,1,9,0,18,19,8,4,0,0,4,0,0,0,0,1,1,6,6,3,-1,-1,1499,2,2,FORD FOCUS,-1,-1,0,-1
2020430273937,2020,430273937,1,9,0,3,3,2,5,0,0,8,0,0,0,0,1,1,6,6,1,44,7,1560,2,10,FORD FOCUS,-1,-1,0,-1
2020010254547,2020,010254547,2,9,0,99,99,9,9,99,99,9,9,99,9,99,2,9,6,6,3,-1,-1,1596,1,15,FORD FOCUS,-1,-1,0,-1
2020010263483,2020,010263483,2,9,0,99,99,9,9,99,99,9,9,99,9,99,1,9,6,6,3,-1,-1,1388,1,13,FORD FOCUS,4,E01000557,0,-1
2020040972793,2020,040972793,1,9,0,18,19,3,7,0,0,0,0,0,0,0,1,1,6,6,3,59,9,1596,1,14,FORD FOCUS,-1,-1,0,-1
2020460959438,2020,460959438,2,9,0,18,19,1,5,0,0,1,0,0,0,0,1,1,5,6,1,24,5,1498,1,4,FORD FOCUS,9,E01000446,0,-1
202006F171599,2020,06F171599,2,8,0,18,19,1,5,0,0,0,0,0,0,0,1,1,6,6,1,29,6,1596,1,9,FORD FOCUS,2,E01005633,0,-1
202031B101020,2020,31B101020,1,9,0,16,19,1,4,0,0,5,2,0,1,0,0,1,6,6,1,33,6,1596,1,17,FORD FOCUS,4,E01028305,0,-1
2020201020481,2020,201020481,2,9,0,5,5,8,4,0,0,1,0,0,0,0,4,1,6,6,1,21,5,1596,1,8,FORD FOCUS,3,E01009701,0,-1
2020010244628,2020,010244628,1,9,0,4,4,3,7,0,0,1,0,0,0,0,0,1,6,6,2,71,10,1596,1,6,FORD FOCUS,2,E01002872,0,-1
2020137BO1052,2020,137BO1052,1,9,0,9,9,3,7,0,0,6,0,0,0,0,3,1,6,6,2,65,9,998,1,6,FORD FOCUS,4,E01011717,0,-1
2020010240014,2020,010240014,3,9,0,99,99,9,9,0,0,0,0,0,0,0,1,1,6,6,1,-1,-1,999,1,1,FORD FOCUS,1,E01003488,0,-1
2020010281279,2020,010281279,1,9,0,8,8,1,3,0,0,1,0,0,0,0,3,1,6,6,1,30,6,1596,1,17,FORD FOCUS,4,E01001180,0,-1
2020470976952,2020,470976952,1,9,0,18,19,1,5,0,0,2,1,0,2,0,1,1,5,6,1,28,6,999,1,0,FORD FOCUS,3,E01016911,0,-1
2020450982259,2020,450982259,1,9,0,15,15,5,1,0,0,0,0,0,0,0,3,1,5,6,2,53,8,1560,2,12,FORD FOCUS,8,E01030527,0,-1
2020200937854,2020,200937854,4,9,0,2,2,0,0,0,0,0,0,0,0,0,3,1,6,6,3,-1,-1,1999,1,13,FORD FOCUS,-1,-1,0,-1
2020010276065,2020,010276065,2,9,0,99,99,9,9,99,99,9,9,99,9,99,4,9,6,6,3,49,8,1596,1,11,FORD FOCUS,2,E01003151,0,-1
2020430317384,2020,430317384,1,9,0,16,19,1,8,0,0,0,1,0,7,9,1,1,6,6,2,21,5,1596,1,14,FORD FOCUS,5,E01028446,0,-1