collision_index,collision_year,collision_ref_no,vehicle_reference,vehicle_type,towing_and_articulation,vehicle_manoeuvre_historic,vehicle_manoeuvre,vehicle_direction_from,vehicle_direction_to,vehicle_location_restricted_lane_historic,vehicle_location_restricted_lane,junction_location,skidding_and_overturning,hit_object_in_carriageway,vehicle_leaving_carriageway,hit_object_off_carriageway,first_point_of_impact,vehicle_left_hand_drive,journey_purpose_of_driver_historic,journey_purpose_of_driver,sex_of_driver,age_of_driver,age_band_of_driver,engine_capacity_cc,propulsion_code,age_of_vehicle,generic_make_model,driver_imd_decile,lsoa_of_driver,escooter_flag,driver_distance_banding
2020548097820,2020,548097820,1,9,0,18,19,8,4,0,0,8,0,0,0,0,1,1,6,6,1,30,6,1499,2,4,FORD FOCUS,2,E01003634,0,-1
2020552000886,2020,552000886,2,9,0,4,4,6,2,0,0,1,0,0,0,0,2,1,6,6,1,62,9,1997,2,5,FORD FOCUS,9,E01015453,0,-1
2020010247078,2020,010247078,1,9,0,18,19,7,3,0,0,8,0,0,0,0,1,1,6,6,1,41,7,1796,1,19,FORD FOCUS,-1,-1,0,-1
2020100929290,2020,100929290,2,9,0,18,19,1,5,0,0,8,0,0,0,0,1,1,5,6,1,29,6,1796,1,21,FORD FOCUS,2,E01027546,0,-1
2020420964030,2020,420964030,1,9,0,5,5,1,5,0,0,2,0,0,0,0,3,1,6,6,1,82,11,1596,1,12,FORD FOCUS,9,E01021364,0,-1
2020460952722,2020,460952722,3,9,0,2,2,0,0,0,0,0,0,0,0,0,3,1,5,6,2,26,6,1596,1,11,FORD FOCUS,9,E01024431,0,-1
2020201003952,2020,201003952,2,9,0,18,19,6,2,0,0,5,0,0,0,0,1,1,6,6,1,-1,-1,1997,2,6,FORD FOCUS,-1,-1,0,-1
2020040967366,2020,040967366,2,9,0,18,19,3,7,0,0,0,0,0,0,0,1,1,1,1,1,45,7,1560,2,7,FORD FOCUS,1,E01012684,0,-1
2020010287080,2020,010287080,1,9,0,99,99,9,9,99,99,9,9,99,9,99,2,9,6,6,1,29,6,1753,2,16,FORD FOCUS,4,E01017135,0,-1
2020351008009,2020,351008009,1,9,0,18,19,1,5,0,0,1,0,0,0,0,1,1,2,2,1,34,6,1560,2,7,FORD FOCUS,8,E01018206,0,-1
2020200993892,2020,200993892,2,9,0,18,19,6,2,0,0,8,5,10,1,0,3,1,5,6,2,42,7,1798,1,13,FORD FOCUS,2,E01009445,0,-1
2020010278117,2020,010278117,1,9,0,99,99,9,9,99,99,9,9,99,9,99,2,9,2,2,1,23,5,1499,2,1,FORD FOCUS,5,E01033573,0,-1
2020470928870,2020,470928870,2,9,0,4,4,2,6,0,0,1,0,0,0,0,2,1,3,7,1,41,7,1596,1,18,FORD FOCUS,5,E01021000,0,-1
2020460983729,2020,460983729,2,9,0,3,3,1,5,8,6,2,0,0,0,0,3,1,1,1,1,23,5,1596,1,15,FORD FOCUS,7,E01024746,0,-1
2020340D80072,2020,340D80072,1,9,0,18,19,5,1,0,0,0,1,0,2,0,2,1,2,2,1,35,6,1596,1,8,FORD FOCUS,10,E01025641,0,-1
2020010253163,2020,010253163,2,9,0,99,99,9,9,99,99,9,9,99,9,99,1,9,6,6,1,-1,-1,1499,2,4,FORD FOCUS,9,E01024473,0,-1
2020320174126,2020,320174126,2,9,0,18,19,7,3,0,0,0,0,0,0,0,2,1,6,6,1,53,8,1997,2,17,FORD FOCUS,3,E01013259,0,-1
2020302000752,2020,302000752,1,9,0,18,19,8,4,0,0,0,0,0,0,0,1,1,6,6,2,49,8,1999,1,12,FORD FOCUS,6,E01013505,0,-1
2020500932760,2020,500932760,2,9,0,12,12,5,2,0,0,0,0,0,0,0,1,1,4,7,2,52,8,999,1,2,FORD FOCUS,2,E01015044,0,-1
2020302001477,2020,302001477,1,9,0,18,19,8,4,0,0,0,0,0,0,0,4,1,6,6,2,44,7,1388,1,13,FORD FOCUS,3,E01005115,0,-1
2020501008718,2020,501008718,2,9,0,18,19,1,5,0,0,0,0,0,0,0,1,1,5,6,2,37,7,1596,1,14,FORD FOCUS,5,E01018782,0,-1
2020350976749,2020,350976749,1,9,0,18,19,1,5,0,0,0,2,0,8,3,3,1,5,6,1,22,5,1560,2,10,FORD FOCUS,5,E01017949,0,-1
2020410926386,2020,410926386,1,9,0,18,19,4,8,2,2,1,0,11,0,0,1,1,5,6,2,61,9,1997,2,5,FORD FOCUS,10,E01017438,0,-1
2020470980397,2020,470980397,1,9,0,18,19,5,1,0,0,0,0,0,0,0,4,1,5,6,1,32,6,1997,2,8,FORD FOCUS,5,E01021064,0,-1
2020450997265,2020,450997265,1,9,0,18,19,1,1,0,0,0,0,0,0,0,4,1,5,6,1,69,10,1989,1,20,FORD FOCUS,7,E01024437,0,-1
2020122001146,2020,122001146,3,9,0,2,2,0,0,0,0,1,0,0,0,0,1,1,6,6,3,-1,-1,1596,1,14,FORD FOCUS,-1,-1,0,-1
2020122000483,2020,122000483,1,9,0,18,19,3,7,0,0,0,0,0,0,0,0,1,6,6,1,32,6,1596,1,20,FORD FOCUS,5,E01025200,0,-1
2020010239561,2020,010239561,1,9,0,99,99,9,9,99,99,9,9,99,9,99,2,9,6,6,1,46,8,1560,2,15,FORD FOCUS,4,E01001087,0,-1
2020420943167,2020,420943167,1,9,0,18,19,3,7,0,0,4,0,0,0,0,3,1,2,2,2,32,6,1997,2,5,FORD FOCUS,5,E01022014,0,-1
2020140990245,2020,140990245,1,9,0,5,5,1,7,0,0,0,0,0,0,0,1,1,5,6,1,31,6,999,1,1,FORD FOCUS,2,E01008056,0,-1
2020220966466,2020,220966466,3,9,0,18,19,6,2,0,0,2,0,0,0,0,2,1,6,6,1,38,7,1498,1,2,FORD FOCUS,7,E01009805,0,-1
2020101000572,2020,101000572,1,9,0,18,19,4,8,0,0,1,0,0,0,0,1,1,6,6,3,-1,-1,1596,1,12,FORD FOCUS,-1,-1,0,-1
2020370985962,2020,370985962,1,9,0,9,9,4,8,0,0,0,0,0,0,0,4,1,1,1,2,43,7,1596,1,12,FORD FOCUS,6,E01033453,0,-1
2020010286763,2020,010286763,1,9,0,4,4,5,1,0,0,1,0,0,0,0,2,1,6,6,1,28,6,1596,1,14,FORD FOCUS,2,E01021049,0,-1
2020530923705,2020,530923705,2,9,0,4,4,8,1,0,0,0,0,0,0,0,2,1,2,2,1,20,4,998,1,7,FORD FOCUS,9,E01022342,0,-1
2020470927677,2020,470927677,1,9,0,18,19,1,5,0,0,0,1,0,1,0,1,1,5,6,1,21,5,1999,1,7,FORD FOCUS,6,E01017009,0,-1
2020220934193,2020,220934193,3,9,0,4,4,3,7,0,0,0,0,0,0,0,3,1,2,2,1,44,7,1560,2,13,FORD FOCUS,8,E01028848,0,-1
2020440035021,2020,440035021,5,9,0,18,19,7,3,0,0,0,0,0,0,0,1,1,6,6,1,64,9,1596,1,10,FORD FOCUS,7,E01022946,0,-1
2020420971002,2020,420971002,1,9,0,18,19,5,1,0,0,0,0,0,0,0,1,1,6,6,1,26,6,1596,1,9,FORD FOCUS,4,E01004417,0,-1
2020361010790,2020,361010790,1,9,0,-1,-1,-1,-1,0,0,0,0,0,0,0,-1,1,6,6,1,-1,-1,1560,2,7,FORD FOCUS,7,E01026672,0,-1
2020110977128,2020,110977128,1,9,0,18,19,1,5,0,0,4,0,0,0,0,1,1,6,6,1,37,7,1997,2,14,FORD FOCUS,2,E01012165,0,-1
2020460940886,2020,460940886,2,9,0,18,19,5,1,0,0,0,0,0,0,0,3,1,5,6,2,23,5,1560,2,9,FORD FOCUS,4,E01024747,0,-1
2020221013636,2020,221013636,1,9,0,7,7,6,8,0,0,3,0,0,0,0,1,1,5,6,1,56,9,1560,2,8,FORD FOCUS,6,E01028878,0,-1
2020052000979,2020,052000979,1,9,0,11,11,5,3,0,0,3,1,0,1,11,1,1,6,6,2,32,6,1596,1,17,FORD FOCUS,1,E01006732,0,-1
2020010255469,2020,010255469,1,9,0,99,99,9,9,99,99,9,9,99,9,99,1,9,6,6,2,69,10,1798,1,11,FORD FOCUS,3,E01002554,0,-1
2020401010057,2020,401010057,1,9,0,18,19,6,2,7,6,0,5,10,1,9,1,1,6,6,1,21,5,1596,1,13,FORD FOCUS,-1,-1,0,-1
2020991003184,2020,991003184,1,9,0,9,9,1,5,9,9,0,0,0,0,0,1,1,5,6,1,72,10,1499,2,3,FORD FOCUS,3,-1,0,-1
2020400961851,2020,400961851,1,9,0,18,19,3,7,0,0,0,0,0,0,0,1,1,6,6,2,37,7,1560,2,8,FORD FOCUS,2,E01017474,0,-1
2020100976869,2020,100976869,1,9,0,18,19,7,3,0,0,1,0,0,0,0,1,1,6,6,2,52,8,1596,1,9,FORD FOCUS,3,E01008649,0,-1
2020200942189,2020,200942189,3,9,0,2,2,0,0,0,0,2,0,0,0,0,1,1,6,6,1,-1,-1,1596,1,16,FORD FOCUS,1,E01010147,0,-1
2020440181566,2020,440181566,1,9,0,10,10,8,5,0,0,1,0,0,0,0,2,1,2,2,2,65,9,998,1,6,FORD FOCUS,4,E01022936,0,-1
2020361010564,2020,361010564,1,9,0,18,19,2,6,0,0,0,0,0,0,0,1,1,6,6,1,51,8,1560,2,6,FORD FOCUS,7,E01026427,0,-1
2020302001260,2020,302001260,1,9,0,18,19,5,2,0,0,0,1,0,1,7,1,1,2,2,1,32,6,1388,1,18,FORD FOCUS,8,E01013469,0,-1
2020522002063,2020,522002063,1,9,0,18,19,4,8,0,0,0,1,0,4,6,1,1,6,6,1,41,7,1560,2,7,FORD FOCUS,4,W01000947,0,-1
2020320351872,2020,320351872,2,9,0,18,19,8,4,0,0,2,0,0,0,0,2,1,6,6,1,25,5,1596,1,15,FORD FOCUS,3,E01026227,0,-1
202031C110520,2020,31C110520,1,9,0,9,9,1,7,0,0,5,0,0,0,0,1,1,6,6,1,24,5,1596,1,16,FORD FOCUS,1,E01013725,0,-1
2020420970653,2020,420970653,2,9,0,13,13,3,3,0,0,0,0,0,0,0,4,1,5,6,2,63,9,1596,1,20,FORD FOCUS,3,E01015884,0,-1
2020340W01442,2020,340W01442,1,9,0,18,19,3,7,0,0,6,0,0,0,0,3,1,6,6,1,39,7,1596,1,9,FORD FOCUS,-1,-1,0,-1
2020350992791,2020,350992791,5,9,0,18,19,3,7,0,0,0,0,0,0,0,0,1,5,6,2,55,8,999,1,3,FORD FOCUS,6,E01027043,0,-1
2020522003717,2020,522003717,2,9,0,4,4,1,3,0,0,1,0,0,0,0,1,1,6,6,1,69,10,998,1,7,FORD FOCUS,1,E01014703,0,-1
2020010234166,2020,010234166,2,9,0,9,9,3,1,0,0,6,0,0,0,0,3,1,6,6,1,20,4,1596,1,15,FORD FOCUS,-1,-1,0,-1
2020522004567,2020,522004567,1,9,0,18,19,3,7,0,0,1,0,0,0,0,0,1,1,1,1,32,6,1560,2,9,FORD FOCUS,-1,-1,0,-1
2020430119694,2020,430119694,1,9,0,18,19,3,7,0,0,0,1,0,0,4,1,1,6,6,1,50,8,999,1,5,FORD FOCUS,7,E01017673,0,-1
2020200995038,2020,200995038,1,9,0,9,9,8,6,0,0,5,0,0,0,0,3,1,6,6,2,51,8,1499,2,4,FORD FOCUS,4,E01009767,0,-1
2020430211331,2020,430211331,1,9,0,13,13,2,7,0,0,0,1,0,0,0,1,1,6,6,1,32,6,1596,1,18,FORD FOCUS,5,E01016404,0,-1
2020010231276,2020,010231276,1,9,0,4,4,1,5,0,0,0,0,0,0,0,1,1,6,6,1,55,8,1596,1,18,FORD FOCUS,-1,-1,0,-1
2020360972459,2020,360972459,1,9,0,18,19,4,8,0,0,1,0,0,0,0,1,1,6,6,1,51,8,1596,1,14,FORD FOCUS,2,E01026716,0,-1
2020110953962,2020,110953962,3,9,0,2,2,0,0,0,0,2,0,0,0,0,3,1,6,6,2,30,6,1798,1,14,FORD FOCUS,-1,-1,0,-1
2020010272541,2020,010272541,1,9,0,99,99,9,9,99,99,8,9,99,9,99,1,9,6,6,3,-1,-1,1596,1,17,FORD FOCUS,-1,-1,0,-1
2020010284697,2020,010284697,2,9,0,99,99,9,9,0,0,0,0,0,0,0,9,9,6,6,3,-1,-1,1560,2,15,FORD FOCUS,-1,-1,0,-1
202031C058320,2020,31C058320,1,9,0,6,6,4,4,0,0,0,0,0,0,0,3,1,1,1,2,25,5,1499,2,3,FORD FOCUS,2,E01013910,0,-1
2020220934658,2020,220934658,2,9,0,17,19,7,4,0,0,8,0,0,0,0,1,1,5,6,1,76,11,1997,2,4,FORD FOCUS,6,E01014058,0,-1
2020052000281,2020,052000281,2,9,0,7,7,2,3,0,0,8,0,0,0,0,1,1,6,6,2,52,8,1596,1,7,FORD FOCUS,9,E01006886,0,-1
2020302000359,2020,302000359,4,9,0,2,2,0,0,0,0,0,0,0,0,0,2,1,6,6,3,-1,-1,1560,2,10,FORD FOCUS,-1,-1,0,-1
2020010252870,2020,010252870,2,9,0,18,19,3,7,0,0,1,0,0,0,0,4,1,6,6,2,34,6,999,1,1,FORD FOCUS,4,E01003077,0,-1
2020530962710,2020,530962710,1,9,0,9,9,7,3,0,0,8,0,0,7,2,4,1,6,6,2,28,6,1796,1,20,FORD FOCUS,8,E01022177,0,-1
2020122000247,2020,122000247,2,9,0,8,8,2,5,0,0,8,0,0,0,0,3,1,6,6,1,35,6,1753,2,13,FORD FOCUS,6,E01013393,0,-1
2020221010777,2020,221010777,3,9,0,3,3,8,3,0,0,1,0,0,0,0,0,1,5,6,1,50,8,2521,1,12,FORD FOCUS,9,E01026195,0,-1
2020552000958,2020,552000958,2,9,0,3,3,5,1,0,0,0,0,0,0,0,2,1,2,2,1,34,6,1499,2,1,FORD FOCUS,2,E01015379,0,-1
2020610050520,2020,610050520,2,9,0,18,19,6,1,0,0,1,0,0,0,0,3,1,6,6,1,67,10,1499,2,3,FORD FOCUS,2,W01001414,0,-1
2020420958243,2020,420958243,1,9,0,18,19,4,8,0,0,0,5,0,1,0,3,1,6,6,1,39,7,1796,1,19,FORD FOCUS,6,E01024571,0,-1
2020470971185,2020,470971185,1,9,0,18,19,8,4,0,0,8,0,0,0,0,4,1,6,6,2,31,6,1596,1,13,FORD FOCUS,5,E01003130,0,-1
2020010277755,2020,010277755,1,9,0,99,99,9,9,99,99,9,9,99,9,99,1,9,6,6,2,41,7,998,1,8,FORD FOCUS,3,E01003209,0,-1
2020161009657,2020,161009657,2,9,0,3,3,6,2,0,0,1,0,0,0,0,2,1,6,6,2,48,8,1596,1,17,FORD FOCUS,5,E01013211,0,-1
2020010231730,2020,010231730,2,9,0,99,99,9,9,99,99,9,9,0,1,0,1,9,6,6,3,24,5,1596,1,8,FORD FOCUS,1,E01003065,0,-1
2020160978271,2020,160978271,1,9,0,18,19,4,2,0,0,1,0,0,0,0,1,1,5,6,1,27,6,1997,2,12,FORD FOCUS,3,E01013004,0,-1
2020100995803,2020,100995803,1,9,0,9,9,5,3,0,0,1,0,0,0,0,1,1,2,2,1,33,6,1596,1,10,FORD FOCUS,6,E01008696,0,-1
2020052000875,2020,052000875,1,9,0,5,5,3,7,0,0,8,0,0,0,0,1,1,6,6,1,32,6,1798,1,14,FORD FOCUS,1,E01007204,0,-1
202054C673520,2020,54C673520,2,9,0,9,9,5,3,0,0,8,0,0,0,0,4,1,6,6,1,30,6,1388,1,14,FORD FOCUS,9,E01015535,0,-1
2020440485330,2020,440485330,1,9,0,18,19,8,5,0,0,1,0,0,0,0,1,1,3,7,2,31,6,1596,1,7,FORD FOCUS,5,E01023201,0,-1
2020160999244,2020,160999244,2,9,0,9,9,6,4,0,0,0,0,0,0,0,3,1,6,6,2,31,6,1560,2,6,FORD FOCUS,5,E01012773,0,-1
2020500971201,2020,500971201,1,9,0,18,19,1,5,0,0,0,0,0,0,0,1,1,5,6,1,66,10,1560,2,15,FORD FOCUS,8,E01029194,0,-1
2020470975807,2020,470975807,1,9,0,18,19,2,6,0,0,0,1,4,0,0,1,1,5,6,2,68,10,1596,1,19,FORD FOCUS,3,E01024600,0,-1
2020041001678,2020,041001678,1,9,0,16,19,3,7,0,0,0,5,0,0,0,4,1,5,6,1,20,4,1596,1,13,FORD FOCUS,3,E01025505,0,-1
2020420967271,2020,420967271,1,9,0,17,19,2,2,0,0,0,1,0,0,0,1,1,5,6,1,19,4,1596,1,19,FORD FOCUS,2,E01022043,0,-1
2020010228406,2020,010228406,1,9,0,18,19,2,6,0,0,0,0,0,0,0,1,1,6,6,1,30,6,999,1,3,FORD FOCUS,2,E01003239,0,-1
2020122100001,2020,122100001,1,9,0,10,10,3,7,0,0,1,0,0,0,0,2,1,2,2,1,31,6,1560,2,16,FORD FOCUS,10,E01013337,0,-1
202063A054020,2020,63A054020,2,9,0,4,4,6,3,0,0,0,0,0,0,0,2,1,6,6,2,67,10,1499,2,3,FORD FOCUS,5,W01000717,0,-1
2020420954068,2020,420954068,1,9,0,11,11,8,4,0,0,0,0,0,0,0,2,1,1,1,1,49,8,1560,2,5,FORD FOCUS,7,E01017571,0,-1
2020230962245,2020,230962245,1,9,0,5,5,4,8,0,0,4,0,0,0,0,4,1,2,2,1,32,6,1596,1,16,FORD FOCUS,1,E01031116,0,-1
2020052001670,2020,052001670,2,9,0,18,19,2,6,0,0,0,0,0,0,0,3,1,6,6,1,39,7,1997,2,13,FORD FOCUS,2,E01018739,0,-1
2020470921319,2020,470921319,1,9,0,18,19,5,1,0,0,0,0,0,0,0,1,1,1,1,1,40,7,1753,2,17,FORD FOCUS,5,E01031807,0,-1
2020340N08002,2020,340N08002,1,9,0,18,19,5,1,0,0,8,0,0,0,0,1,1,1,1,3,-1,-1,1496,1,0,FORD FOCUS,-1,-1,0,-1
20201376S1731,2020,1376S1731,1,9,0,18,19,1,5,0,0,1,0,0,0,0,1,1,6,6,1,26,6,1798,1,15,FORD FOCUS,7,E01011744,0,-1
2020530992793,2020,530992793,1,9,0,16,19,4,8,0,0,0,1,6,0,0,4,1,6,6,1,40,7,1798,1,16,FORD FOCUS,1,E01022311,0,-1
2020137841382,2020,137841382,1,9,0,9,9,3,1,0,0,6,0,0,0,0,1,1,6,6,1,53,8,1560,2,10,FORD FOCUS,4,E01010984,0,-1
2020010274616,2020,010274616,1,9,0,9,9,3,2,0,0,2,0,0,0,0,1,1,6,6,2,38,7,1796,1,16,FORD FOCUS,2,E01003768,0,-1
2020500987245,2020,500987245,2,9,0,2,2,7,3,0,0,0,0,0,0,0,2,1,6,6,2,58,9,1560,2,13,FORD FOCUS,4,E01018931,0,-1
2020140967339,2020,140967339,1,9,0,12,12,6,5,0,0,3,0,0,0,0,1,1,5,6,2,24,5,1596,1,13,FORD FOCUS,3,E01007639,0,-1
2020991000724,2020,991000724,3,9,0,18,19,4,8,0,0,0,0,1,7,0,4,1,2,2,2,59,9,1499,2,4,FORD FOCUS,2,-1,0,-1
2020440184460,2020,440184460,1,9,0,4,4,3,7,0,0,2,0,0,0,0,2,1,6,6,1,55,8,1999,1,14,FORD FOCUS,6,E01022925,0,-1
2020460942895,2020,460942895,2,9,0,18,19,1,5,0,0,0,0,0,0,0,3,1,5,6,2,28,6,1596,1,7,FORD FOCUS,7,E01032820,0,-1
2020052000375,2020,052000375,1,9,0,9,9,3,7,0,0,6,0,0,0,0,1,1,6,6,3,-1,-1,1560,2,8,FORD FOCUS,-1,-1,0,-1
2020470969092,2020,470969092,2,9,0,17,19,8,5,0,0,0,0,0,1,4,3,1,5,6,1,29,6,1997,2,16,FORD FOCUS,6,E01031656,0,-1
202031C031820,2020,31C031820,2,9,0,18,19,3,7,0,0,8,0,0,0,0,4,1,6,6,1,45,7,1596,1,15,FORD FOCUS,1,E01013818,0,-1
2020100920694,2020,100920694,1,9,0,9,9,5,7,0,0,8,0,0,0,0,1,1,6,6,1,23,5,1560,2,13,FORD FOCUS,-1,-1,0,-1
2020040969411,2020,040969411,2,9,0,18,19,1,5,0,0,1,0,0,0,0,4,1,5,6,1,82,11,1798,1,12,FORD FOCUS,6,E01024991,0,-1
2020350938102,2020,350938102,2,9,0,5,5,7,3,0,0,0,0,0,0,0,4,1,5,6,1,29,6,1596,1,11,FORD FOCUS,6,E01033121,0,-1
2020990924435,2020,990924435,1,9,0,4,4,2,6,0,0,0,0,0,0,0,1,1,5,6,2,73,10,1596,1,7,FORD FOCUS,7,-1,0,-1
2020160969152,2020,160969152,2,9,0,18,19,8,4,0,0,4,0,0,0,0,1,1,6,6,3,-1,-1,1596,1,15,FORD FOCUS,-1,-1,0,-1
2020430008336,2020,430008336,1,9,0,18,19,3,7,0,0,8,2,9,1,1,1,1,1,1,1,38,7,1596,1,13,FORD FOCUS,6,E01033179,0,-1
2020040984633,2020,040984633,1,9,0,5,5,5,1,0,0,2,0,0,0,0,1,1,1,1,1,66,10,1596,1,17,FORD FOCUS,3,E01012653,0,-1
202031A076920,2020,31A076920,1,9,0,18,19,1,5,0,0,8,1,10,3,9,1,1,6,6,1,46,8,1753,2,13,FORD FOCUS,1,E01027930,0,-1
2020100980769,2020,100980769,2,9,0,2,2,0,0,0,0,1,0,0,0,0,4,1,5,6,1,35,6,1560,2,9,FORD FOCUS,5,E01008741,0,-1
2020610048620,2020,610048620,2,9,0,18,19,1,5,0,0,1,0,0,0,0,1,1,6,6,2,52,8,1798,1,13,FORD FOCUS,3,W01001336,0,-1
2020370941225,2020,370941225,1,9,0,5,5,8,4,0,0,2,0,0,0,0,1,1,5,6,2,45,7,1596,1,10,FORD FOCUS,4,E01030169,0,-1
2020552000103,2020,552000103,1,9,0,16,19,1,5,0,0,0,0,0,1,4,1,1,6,6,1,42,7,1560,2,7,FORD FOCUS,9,E01020373,0,-1
2020340N08612,2020,340N08612,1,9,0,9,9,1,8,0,0,6,0,0,0,0,4,1,6,6,2,44,7,1596,1,12,FORD FOCUS,9,E01027208,0,-1
2020201004974,2020,201004974,1,9,0,18,19,4,8,0,0,0,0,0,0,0,1,1,1,1,1,24,5,1560,2,11,FORD FOCUS,2,E01010525,0,-1
2020100968084,2020,100968084,1,9,0,9,9,5,1,0,0,1,0,0,0,0,1,1,5,6,1,54,8,1753,2,11,FORD FOCUS,10,E01008272,0,-1
2020010248862,2020,010248862,1,9,0,18,19,5,1,0,0,1,0,0,0,0,4,1,6,6,1,26,6,1388,1,18,FORD FOCUS,2,E01003601,0,-1
2020040981156,2020,040981156,2,9,0,9,9,1,5,0,0,8,0,0,0,0,3,1,2,2,1,50,8,1753,2,18,FORD FOCUS,5,E01025304,0,-1
2020041004467,2020,041004467,2,9,0,18,19,2,6,0,0,0,0,0,1,10,1,1,5,6,2,38,7,1596,1,14,FORD FOCUS,1,E01012720,0,-1
2020548278420,2020,548278420,1,9,0,17,19,7,3,0,0,0,1,0,1,9,1,1,2,2,1,22,5,1596,1,14,FORD FOCUS,2,E01015542,0,-1
2020622000128,2020,622000128,1,9,0,18,19,4,8,0,0,4,0,0,0,0,1,1,6,6,1,84,11,1560,2,12,FORD FOCUS,6,W01001756,0,-1
2020010242541,2020,010242541,2,9,0,99,99,9,9,99,99,9,9,99,9,99,1,9,6,6,3,-1,-1,1560,2,12,FORD FOCUS,-1,-1,0,-1
2020500999650,2020,500999650,2,9,0,2,2,0,0,0,0,0,0,0,0,0,1,1,5,6,2,34,6,1596,1,13,FORD FOCUS,6,E01020230,0,-1
2020522100037,2020,522100037,2,9,0,18,19,5,1,0,0,1,0,0,0,0,4,1,6,6,1,49,8,1596,1,18,FORD FOCUS,3,E01014830,0,-1
2020122001215,2020,122001215,1,9,0,7,7,1,5,0,0,0,2,0,7,9,3,1,6,6,1,21,5,1596,1,10,FORD FOCUS,2,E01013071,0,-1
2020040983008,2020,040983008,2,9,0,12,12,5,1,0,0,0,0,0,0,0,2,1,5,6,2,24,5,999,1,1,FORD FOCUS,7,-1,0,-1
2020440483518,2020,440483518,1,9,0,4,4,6,2,0,0,8,0,0,0,0,1,1,6,6,1,40,7,1596,1,12,FORD FOCUS,4,E01017278,0,-1
2020460940197,2020,460940197,1,9,0,5,5,6,1,0,0,4,0,0,0,0,3,1,5,6,2,56,9,1596,1,5,FORD FOCUS,10,E01024765,0,-1
2020522100191,2020,522100191,1,9,0,3,3,2,6,0,0,2,0,0,0,0,2,1,6,6,2,41,7,1753,2,12,FORD FOCUS,4,E01015007,0,-1
2020360974190,2020,360974190,3,9,0,3,3,8,4,0,0,0,0,0,0,0,2,1,5,6,1,75,10,1596,1,11,FORD FOCUS,4,E01026725,0,-1
2020461002037,2020,461002037,2,9,0,4,4,1,5,0,0,0,0,0,0,0,2,1,6,6,1,18,4,998,1,6,FORD FOCUS,10,E01024320,0,-1
2020010257355,2020,010257355,2,9,0,99,99,9,9,99,99,9,9,99,9,99,9,9,6,6,3,49,8,1499,2,4,FORD FOCUS,3,E01000130,0,-1
2020460922194,2020,460922194,2,9,0,18,19,4,8,0,0,1,0,0,0,0,1,1,2,2,1,-1,-1,1560,2,6,FORD FOCUS,7,E01024388,0,-1
2020211023625,2020,211023625,1,9,0,16,19,2,6,0,0,1,0,0,0,0,3,1,6,6,1,40,7,1560,2,7,FORD FOCUS,1,E01014255,0,-1
2020990951038,2020,990951038,2,9,0,18,19,4,2,0,0,8,0,0,0,0,4,1,5,6,2,53,8,2261,1,1,FORD FOCUS,1,-1,0,-1
2020140984668,2020,140984668,1,9,0,16,19,6,1,0,0,0,1,0,7,0,1,1,5,6,1,22,5,1999,1,4,FORD FOCUS,10,E01023814,0,-1
2020440298272,2020,440298272,1,9,0,18,19,7,3,0,0,1,0,0,0,0,2,1,6,6,1,45,7,999,1,1,FORD FOCUS,10,E01022972,0,-1
2020010257512,2020,010257512,2,9,0,99,99,9,9,99,99,9,9,99,9,99,1,9,6,6,2,35,6,999,1,4,FORD FOCUS,3,E01033492,0,-1
2020430287962,2020,430287962,1,9,0,18,19,8,4,0,0,8,0,0,0,0,4,1,6,6,1,31,6,1997,2,9,FORD FOCUS,9,E01032982,0,-1
2020010244869,2020,010244869,1,9,0,9,9,1,6,0,0,6,0,0,0,0,1,1,6,6,1,46,8,998,1,6,FORD FOCUS,-1,-1,0,-1
2020052002291,2020,052002291,1,9,0,9,9,8,4,0,0,6,0,0,0,0,3,1,6,6,2,32,6,999,1,0,FORD FOCUS,-1,-1,0,-1
2020010230339,2020,010230339,1,9,9,99,99,9,9,99,99,9,9,99,9,99,9,9,6,6,2,49,8,1596,1,12,FORD FOCUS,2,E01000482,0,-1
2020320138919,2020,320138919,1,9,0,4,4,1,5,0,0,1,0,0,0,0,1,1,6,6,1,19,4,1997,2,14,FORD FOCUS,5,E01026232,0,-1
2020990921347,2020,990921347,1,9,0,18,19,2,6,0,0,0,0,0,0,0,1,1,2,2,1,39,7,1596,1,17,FORD FOCUS,-1,-1,0,-1
2020010273449,2020,010273449,2,9,0,99,99,9,9,99,99,0,9,99,9,99,2,9,6,6,3,20,4,1596,1,12,FORD FOCUS,2,E01004755,0,-1
2020010247843,2020,010247843,1,9,0,99,99,9,9,99,99,9,9,99,9,99,2,1,6,6,1,47,8,1798,1,12,FORD FOCUS,4,E01030676,0,-1
2020010270140,2020,010270140,2,9,0,2,2,0,0,0,0,0,0,0,7,0,2,1,6,6,3,-1,-1,1596,1,20,FORD FOCUS,-1,-1,0,-1
2020470951244,2020,470951244,1,9,0,18,19,7,3,0,0,1,0,0,0,0,1,1,5,6,2,50,8,1596,1,8,FORD FOCUS,6,E01031637,0,-1
2020501015190,2020,501015190,1,9,0,13,13,3,7,0,0,0,1,0,7,0,1,1,1,1,1,23,5,1560,2,7,FORD FOCUS,4,E01020279,0,-1