collision_index,collision_year,collision_ref_no,vehicle_reference,vehicle_type,towing_and_articulation,vehicle_manoeuvre_historic,vehicle_manoeuvre,vehicle_direction_from,vehicle_direction_to,vehicle_location_restricted_lane_historic,vehicle_location_restricted_lane,junction_location,skidding_and_overturning,hit_object_in_carriageway,vehicle_leaving_carriageway,hit_object_off_carriageway,first_point_of_impact,vehicle_left_hand_drive,journey_purpose_of_driver_historic,journey_purpose_of_driver,sex_of_driver,age_of_driver,age_band_of_driver,engine_capacity_cc,propulsion_code,age_of_vehicle,generic_make_model,driver_imd_decile,lsoa_of_driver,escooter_flag,driver_distance_banding
2020010252240,2020,010252240,1,9,0,99,99,9,9,99,99,9,9,99,9,99,2,9,6,6,2,37,7,1596,1,13,FORD FOCUS,5,E01004275,0,-1
2020052000592,2020,052000592,1,8,0,1,1,1,5,0,0,0,0,0,0,0,2,1,1,1,1,39,7,1560,2,9,FORD FOCUS,2,E01006536,0,-1
2020070531812,2020,070531812,1,9,0,4,4,7,8,0,0,0,0,0,0,0,0,1,3,7,1,55,8,1499,2,5,FORD FOCUS,1,E01012420,0,-1
2020010230686,2020,010230686,1,9,0,99,99,9,9,99,99,9,9,99,9,99,2,9,6,6,2,29,6,1496,1,1,FORD FOCUS,4,E01001406,0,-1
2020340K03972,2020,340K03972,2,9,0,18,19,7,3,0,0,0,0,0,0,0,0,1,6,6,2,27,6,1596,1,15,FORD FOCUS,3,E01027111,0,-1
2020552000841,2020,552000841,1,9,0,5,5,8,4,0,0,8,1,0,0,0,1,1,6,6,1,28,6,1753,2,17,FORD FOCUS,8,E01015448,0,-1
2020500988644,2020,500988644,1,9,0,18,19,1,5,0,0,0,1,0,2,11,1,1,6,6,2,23,5,1596,1,12,FORD FOCUS,4,E01020307,0,-1
2020420972206,2020,420972206,2,9,0,18,19,3,7,0,0,1,0,0,0,0,1,1,1,1,1,26,6,1499,2,5,FORD FOCUS,2,E01021318,0,-1
2020990950969,2020,990950969,1,9,0,18,19,1,5,0,0,4,0,0,0,0,1,1,5,6,1,81,11,1596,1,7,FORD FOCUS,6,-1,0,-1
2020460943615,2020,460943615,1,9,0,10,10,7,5,0,0,0,0,0,0,0,1,1,6,6,3,-1,-1,1997,2,14,FORD FOCUS,-1,-1,0,-1
2020030985435,2020,030985435,1,9,0,17,19,1,6,0,0,0,0,0,0,0,1,1,6,6,1,21,5,1499,2,4,FORD FOCUS,4,E01019276,0,-1
2020371002141,2020,371002141,1,9,0,9,9,7,3,0,0,1,0,0,0,0,1,1,2,2,2,20,4,1596,1,12,FORD FOCUS,7,E01029974,0,-1
2020420990829,2020,420990829,1,9,0,18,19,6,3,0,0,4,2,9,1,10,1,1,2,2,1,23,5,1596,1,14,FORD FOCUS,3,E01021860,0,-1
2020470984448,2020,470984448,3,9,-1,3,3,4,8,0,0,0,0,0,0,0,2,1,6,6,2,26,6,1596,1,13,FORD FOCUS,5,E01031524,0,-1
2020450987561,2020,450987561,1,9,0,2,2,0,0,6,6,0,0,0,0,0,2,1,6,6,1,66,10,1560,2,7,FORD FOCUS,10,E01030416,0,-1
2020520004385,2020,520004385,4,9,0,18,19,1,5,0,0,1,0,0,0,0,1,1,6,6,1,46,8,1596,1,16,FORD FOCUS,7,E01020550,0,-1
20201375S0730,2020,1375S0730,2,9,0,18,19,6,2,0,0,0,0,0,0,0,2,1,6,6,2,53,8,1596,1,18,FORD FOCUS,7,E01011578,0,-1
2020460995798,2020,460995798,1,9,0,18,19,8,2,0,0,0,0,0,2,4,1,1,6,6,2,50,8,1753,2,14,FORD FOCUS,5,E01024788,0,-1
2020070623013,2020,070623013,1,9,0,5,5,5,1,0,0,4,0,0,0,0,1,1,6,6,1,22,5,999,1,2,FORD FOCUS,6,E01012378,0,-1
2020361000746,2020,361000746,1,9,0,7,7,3,5,0,0,8,0,0,0,0,1,1,2,2,1,65,9,1997,2,4,FORD FOCUS,10,E01026915,0,-1
2020010253163,2020,010253163,1,9,0,99,99,9,9,99,99,9,9,99,9,99,2,9,6,6,1,45,7,1596,1,18,FORD FOCUS,9,E01000344,0,-1
2020201023337,2020,201023337,1,9,0,9,9,4,2,0,0,5,0,0,0,0,4,1,6,6,2,30,6,1596,1,13,FORD FOCUS,1,E01009486,0,-1
2020100928350,2020,100928350,2,9,0,7,7,1,4,0,0,1,0,0,0,0,1,1,6,6,1,56,9,1560,2,10,FORD FOCUS,1,E01033547,0,-1
2020440190144,2020,440190144,1,9,0,9,9,8,5,0,0,8,0,0,0,0,1,1,6,6,2,49,8,998,1,7,FORD FOCUS,9,E01022594,0,-1
2020010248302,2020,010248302,1,9,0,7,7,5,7,0,0,5,0,10,0,0,1,1,6,6,1,46,8,1596,1,15,FORD FOCUS,3,E01002572,0,-1
2020211027295,2020,211027295,1,9,0,18,19,2,6,0,0,0,0,0,8,11,1,1,6,6,1,72,10,1596,1,12,FORD FOCUS,7,E01029823,0,-1
2020070453828,2020,070453828,1,9,0,7,7,3,5,0,0,1,0,0,0,0,1,1,6,6,1,33,6,1499,2,4,FORD FOCUS,1,E01012424,0,-1
2020470915367,2020,470915367,4,9,0,18,19,7,4,0,0,8,0,0,0,0,1,1,5,6,1,70,10,1496,1,1,FORD FOCUS,9,E01031461,0,-1
20201376C0278,2020,1376C0278,2,9,0,18,19,5,1,0,0,0,0,0,0,0,1,1,6,6,2,50,8,999,1,5,FORD FOCUS,5,E01011734,0,-1
202006J372561,2020,06J372561,1,9,0,18,19,2,3,0,0,4,0,0,0,0,1,1,6,6,1,22,5,999,1,5,FORD FOCUS,4,E01005834,0,-1
2020070168479,2020,070168479,1,9,0,18,19,3,7,0,0,1,0,0,0,0,4,1,6,6,3,-1,-1,1596,1,11,FORD FOCUS,-1,-1,0,-1
2020161006527,2020,161006527,1,9,0,18,19,4,8,0,0,1,0,0,0,0,1,1,5,6,2,32,6,1596,1,9,FORD FOCUS,1,E01012946,0,-1
2020470989278,2020,470989278,1,9,0,18,19,5,1,0,0,1,0,0,0,0,1,1,5,6,2,24,5,1560,2,10,FORD FOCUS,7,E01030594,0,-1
2020410955977,2020,410955977,1,9,0,18,19,8,4,0,0,2,0,0,0,0,1,1,2,2,2,29,6,1596,1,21,FORD FOCUS,7,E01023835,0,-1
2020040927563,2020,040927563,1,9,0,9,9,1,7,0,0,3,1,4,1,0,1,1,5,6,1,31,6,1798,1,13,FORD FOCUS,8,E01024944,0,-1
2020010276721,2020,010276721,2,9,0,18,19,3,7,0,0,2,0,0,0,0,2,1,6,6,2,56,9,1596,1,17,FORD FOCUS,5,E01003640,0,-1
2020302001010,2020,302001010,2,9,0,3,3,8,6,0,0,1,0,0,0,0,2,2,6,6,2,19,4,1596,1,12,FORD FOCUS,1,E01007949,0,-1
2020170M30550,2020,170M30550,2,9,0,18,19,4,8,0,0,1,0,0,0,0,1,1,6,6,1,26,6,1560,2,6,FORD FOCUS,2,E01012042,0,-1
2020410929746,2020,410929746,1,9,0,9,9,3,7,0,0,5,0,0,0,0,1,1,5,6,2,61,9,1999,1,14,FORD FOCUS,7,E01023366,0,-1
202063D041920,2020,63D041920,4,9,0,18,19,4,8,0,0,2,0,0,1,10,1,1,6,6,1,-1,-1,1997,2,12,FORD FOCUS,8,W01000439,0,-1
2020010268944,2020,010268944,2,9,0,99,99,9,9,99,99,9,9,99,9,99,1,9,6,6,3,-1,-1,1596,1,12,FORD FOCUS,3,E01000510,0,-1
2020400968196,2020,400968196,2,9,0,18,19,5,1,0,0,1,0,0,0,0,1,1,5,6,1,36,7,1596,1,7,FORD FOCUS,6,E01017513,0,-1
2020141007685,2020,141007685,1,9,0,13,13,3,7,0,0,0,0,0,0,0,4,1,6,6,1,46,8,1753,2,13,FORD FOCUS,2,E01007451,0,-1
2020101008660,2020,101008660,2,9,0,17,19,3,8,0,0,0,0,0,0,0,0,1,6,6,1,32,6,1560,2,7,FORD FOCUS,5,E01027374,0,-1
2020070035784,2020,070035784,3,9,0,18,19,1,5,0,0,8,0,0,0,0,2,1,6,6,2,60,9,1596,1,14,FORD FOCUS,2,E01012409,0,-1
2020320671545,2020,320671545,1,9,0,18,19,4,8,0,0,0,0,4,1,0,1,1,6,6,1,39,7,1596,1,15,FORD FOCUS,8,E01026365,0,-1
2020411006793,2020,411006793,2,9,0,15,15,1,1,0,0,0,0,0,0,0,1,1,5,6,1,39,7,1496,1,1,FORD FOCUS,3,E01023866,0,-1
2020460945097,2020,460945097,2,9,0,18,19,7,3,0,0,0,0,0,0,0,3,1,5,6,2,54,8,1499,2,5,FORD FOCUS,6,E01016057,0,-1
2020140995640,2020,140995640,2,9,0,18,19,1,5,0,0,0,0,0,0,0,3,1,2,2,1,41,7,1499,2,3,FORD FOCUS,5,E01020691,0,-1
2020350934842,2020,350934842,2,9,0,18,19,8,4,0,0,8,0,0,0,0,0,1,5,6,1,45,7,1560,2,8,FORD FOCUS,6,E01018052,0,-1
2020421006631,2020,421006631,1,9,0,4,4,3,5,0,0,1,0,0,0,0,1,1,6,6,2,43,7,998,1,6,FORD FOCUS,8,E01015894,0,-1
2020990990087,2020,990990087,2,9,0,4,4,5,5,0,0,1,0,4,0,0,2,1,2,2,2,23,5,998,1,7,FORD FOCUS,8,-1,0,-1
2020101008292,2020,101008292,1,9,0,5,5,2,6,0,0,2,0,0,0,0,1,1,6,6,1,-1,-1,1988,1,15,FORD FOCUS,-1,-1,0,-1
2020420917934,2020,420917934,2,9,0,5,5,3,7,0,0,8,0,0,0,0,2,1,3,7,2,38,7,999,1,4,FORD FOCUS,10,E01021250,0,-1
2020010242326,2020,010242326,2,9,0,99,99,9,9,99,99,9,9,99,9,99,1,9,6,6,3,-1,-1,1560,2,7,FORD FOCUS,-1,-1,0,-1
2020201005336,2020,201005336,1,9,0,18,19,2,6,0,0,0,0,4,0,0,3,1,6,6,1,30,6,1753,2,18,FORD FOCUS,1,E01010452,0,-1
2020460989216,2020,460989216,2,9,0,3,3,3,7,0,0,0,0,0,0,0,2,1,5,6,2,46,8,1596,1,14,FORD FOCUS,4,E01024111,0,-1
2020010246644,2020,010246644,1,9,0,17,19,7,3,9,9,1,1,0,7,11,1,1,6,6,1,25,5,1596,1,20,FORD FOCUS,5,E01029961,0,-1
2020140923241,2020,140923241,1,9,0,18,19,3,7,0,0,1,0,0,0,0,2,1,5,6,1,43,7,1753,2,12,FORD FOCUS,1,E01007737,0,-1
2020420986517,2020,420986517,2,9,0,2,2,1,5,0,0,0,0,0,0,0,3,1,1,1,1,28,6,1499,2,5,FORD FOCUS,1,E01015895,0,-1
2020500961105,2020,500961105,1,9,0,13,13,7,3,0,0,0,0,0,0,0,1,1,6,6,1,51,8,1596,1,17,FORD FOCUS,6,E01020187,0,-1
2020440349675,2020,440349675,2,9,0,9,9,2,8,0,0,8,0,0,0,0,2,1,6,6,2,25,5,1596,1,12,FORD FOCUS,6,E01022614,0,-1
2020440417035,2020,440417035,1,9,0,18,19,8,4,0,0,8,0,0,0,0,1,1,6,6,3,-1,-1,1560,2,9,FORD FOCUS,-1,-1,0,-1
2020100960814,2020,100960814,1,9,0,18,19,2,6,0,0,1,0,0,0,0,3,1,5,6,2,67,10,1596,1,8,FORD FOCUS,1,E01008542,0,-1
2020200989359,2020,200989359,1,9,0,18,19,2,6,0,0,0,0,4,0,0,1,1,6,6,1,85,11,1596,1,17,FORD FOCUS,9,E01010116,0,-1
2020470951003,2020,470951003,2,9,0,18,19,7,3,0,0,1,0,0,0,0,1,1,6,6,1,37,7,1596,1,19,FORD FOCUS,8,E01020987,0,-1
2020052000343,2020,052000343,2,9,0,2,2,0,0,0,0,0,0,0,0,0,2,1,6,6,2,53,8,1560,2,11,FORD FOCUS,5,E01006670,0,-1
2020420963408,2020,420963408,1,9,0,18,19,4,8,0,0,0,1,0,0,0,1,1,2,2,1,35,6,1798,1,11,FORD FOCUS,4,E01021706,0,-1
2020010276392,2020,010276392,1,9,0,18,19,7,3,0,0,0,1,0,0,0,1,1,6,6,2,24,5,1999,1,13,FORD FOCUS,1,E01001483,0,-1
2020410920324,2020,410920324,1,9,0,4,4,3,7,0,0,0,1,0,0,0,1,1,5,6,1,55,8,1596,1,18,FORD FOCUS,8,E01002534,0,-1
2020552000551,2020,552000551,1,9,0,17,19,7,3,0,0,8,1,9,0,0,1,1,6,6,2,41,7,1796,1,20,FORD FOCUS,5,E01015468,0,-1
2020030948546,2020,030948546,2,9,0,18,19,2,6,0,0,1,0,0,0,0,1,1,6,6,2,53,8,1499,2,3,FORD FOCUS,2,E01019177,0,-1
2020450988763,2020,450988763,1,9,0,7,7,7,3,0,0,1,0,0,0,0,4,1,1,1,1,37,7,1499,2,4,FORD FOCUS,10,E01016571,0,-1
2020220946071,2020,220946071,3,9,0,2,2,0,0,0,0,1,0,0,0,0,2,1,5,6,3,34,6,1499,2,2,FORD FOCUS,3,E01011920,0,-1
2020411012750,2020,411012750,1,9,0,11,11,1,5,0,0,0,0,0,0,0,2,1,5,6,2,68,10,999,1,1,FORD FOCUS,8,E01023383,0,-1
2020470952081,2020,470952081,2,9,0,18,19,1,5,0,0,0,0,0,0,0,1,1,2,2,1,54,8,1560,2,12,FORD FOCUS,4,E01030615,0,-1
2020052001345,2020,052001345,2,9,0,13,13,7,3,0,0,0,0,0,0,0,4,1,6,6,1,36,7,1798,1,13,FORD FOCUS,1,E01007227,0,-1
2020010247357,2020,010247357,2,9,9,99,99,9,9,99,99,9,9,99,9,99,9,9,6,6,3,-1,-1,1596,1,14,FORD FOCUS,-1,-1,0,-1
2020370937961,2020,370937961,1,9,0,18,19,2,6,0,0,0,0,0,0,0,1,1,5,6,2,77,11,1596,1,17,FORD FOCUS,4,E01030110,0,-1
2020010274283,2020,010274283,5,9,0,2,2,0,0,0,0,2,0,0,0,0,1,1,6,6,3,-1,-1,1753,2,19,FORD FOCUS,-1,-1,0,-1
2020522003433,2020,522003433,1,9,0,18,19,5,1,0,0,8,0,0,0,0,1,1,6,6,1,41,7,1596,1,15,FORD FOCUS,9,E01014430,0,-1
202006L273649,2020,06L273649,1,9,0,18,19,8,5,0,0,8,0,0,0,0,1,1,6,6,3,-1,-1,2521,1,15,FORD FOCUS,-1,-1,0,-1
2020522003996,2020,522003996,1,9,0,2,2,0,0,0,0,0,0,0,0,0,3,1,6,6,1,52,8,1997,2,4,FORD FOCUS,1,W01001081,0,-1
2020010239785,2020,010239785,2,9,0,3,3,3,7,0,0,2,0,0,0,0,1,1,6,6,1,30,6,1596,1,12,FORD FOCUS,3,E01001834,0,-1
2020990922611,2020,990922611,2,9,0,3,3,8,4,0,0,1,0,0,0,0,1,1,1,1,1,45,7,1560,2,10,FORD FOCUS,2,-1,0,-1
2020010237286,2020,010237286,2,9,0,7,7,3,5,0,0,1,0,0,0,0,1,1,6,6,2,36,7,1596,1,12,FORD FOCUS,6,E01003386,0,-1
2020540802420,2020,540802420,3,9,0,4,4,6,2,0,0,0,0,0,0,0,2,1,2,2,2,55,8,1997,2,13,FORD FOCUS,2,E01031896,0,-1
2020200989415,2020,200989415,1,9,0,13,13,7,3,0,0,1,0,11,1,0,1,1,6,6,1,19,4,1596,1,15,FORD FOCUS,1,E01010294,0,-1
2020440277584,2020,440277584,1,9,0,3,3,1,5,0,0,1,0,0,0,0,2,1,6,6,2,19,4,999,1,3,FORD FOCUS,10,E01022785,0,-1
2020230942863,2020,230942863,2,9,0,18,19,2,6,0,0,8,0,0,0,0,1,1,5,6,2,25,5,1560,2,6,FORD FOCUS,8,E01031217,0,-1
2020351004313,2020,351004313,1,9,0,9,9,4,2,0,0,5,0,0,0,0,1,1,3,7,2,44,7,1499,2,5,FORD FOCUS,5,E01032802,0,-1
2020010235493,2020,010235493,2,9,9,14,14,3,7,0,0,1,0,0,0,0,1,9,6,6,1,-1,-1,1596,1,9,FORD FOCUS,-1,-1,0,-1
2020990929236,2020,990929236,1,9,0,18,19,7,3,0,0,0,0,0,0,0,1,1,5,6,1,36,7,999,1,4,FORD FOCUS,5,-1,0,-1
2020470987587,2020,470987587,2,9,0,18,19,7,3,0,0,0,0,0,0,0,1,1,2,2,1,45,7,1596,1,12,FORD FOCUS,5,E01031401,0,-1
2020440041524,2020,440041524,2,9,0,17,19,7,5,0,0,0,1,0,0,0,1,1,6,6,1,46,8,1596,1,9,FORD FOCUS,10,E01022510,0,-1
2020360991511,2020,360991511,1,9,0,18,19,7,3,0,0,1,0,0,0,0,1,1,5,6,1,45,7,1596,1,8,FORD FOCUS,3,E01026779,0,-1
2020370982123,2020,370982123,1,9,0,13,13,7,3,0,0,0,0,0,7,10,1,1,5,6,2,34,6,1596,1,13,FORD FOCUS,2,E01033122,0,-1
2020137760199,2020,137760199,2,9,0,18,19,8,4,0,0,0,1,4,0,0,1,1,6,6,1,26,6,1997,2,14,FORD FOCUS,1,E01010673,0,-1
2020622100012,2020,622100012,1,9,0,18,19,8,4,0,0,6,1,0,0,0,1,1,6,6,1,22,5,1560,2,7,FORD FOCUS,1,W01001002,0,-1
2020430004872,2020,430004872,2,9,0,9,9,5,3,0,0,5,0,0,0,0,1,1,6,6,1,22,5,998,1,6,FORD FOCUS,7,E01028658,0,-1
2020160970624,2020,160970624,1,9,0,5,5,6,2,0,0,6,0,0,0,0,4,1,6,6,2,24,5,1997,2,5,FORD FOCUS,1,E01012888,0,-1
2020461006910,2020,461006910,1,9,0,18,19,8,4,0,0,2,0,0,0,0,4,1,2,2,1,46,8,1596,1,10,FORD FOCUS,6,E01033091,0,-1
2020010273141,2020,010273141,1,9,0,3,3,3,7,0,0,4,0,0,0,0,1,1,6,6,2,39,7,1596,1,9,FORD FOCUS,9,E01003885,0,-1
2020052001783,2020,052001783,3,9,0,3,3,6,8,0,0,2,0,0,0,0,2,1,6,6,2,29,6,1798,1,12,FORD FOCUS,1,E01006850,0,-1
2020990998958,2020,990998958,1,9,0,18,19,1,5,0,0,0,1,0,7,0,3,1,5,6,1,40,7,1596,1,17,FORD FOCUS,-1,-1,0,-1
2020410997920,2020,410997920,1,9,0,4,4,4,8,0,0,0,1,0,0,0,1,1,6,6,1,53,8,1796,1,19,FORD FOCUS,5,E01023303,0,-1
2020040976857,2020,040976857,1,9,0,18,19,2,6,0,0,2,1,4,0,0,1,1,6,6,3,-1,-1,1388,1,17,FORD FOCUS,-1,-1,0,-1
2020052001880,2020,052001880,2,9,0,18,19,2,6,0,0,0,0,0,0,0,1,1,2,2,2,53,8,1796,1,17,FORD FOCUS,4,E01025518,0,-1
2020052000288,2020,052000288,1,9,0,18,19,7,3,0,0,1,0,0,0,0,3,1,6,6,1,25,5,999,1,4,FORD FOCUS,3,E01006535,0,-1
2020351020979,2020,351020979,2,9,0,18,19,3,7,0,0,0,0,0,0,0,2,1,6,6,2,34,6,1596,1,9,FORD FOCUS,6,E01026239,0,-1
2020541974320,2020,541974320,1,9,0,4,4,1,5,0,0,8,0,0,0,0,1,1,6,6,1,31,6,999,1,1,FORD FOCUS,4,E01031980,0,-1
2020302000251,2020,302000251,1,9,0,17,19,7,3,0,0,0,0,0,0,0,3,1,2,2,1,38,7,1997,2,14,FORD FOCUS,3,E01019775,0,-1
2020010281669,2020,010281669,2,9,0,9,9,6,4,0,0,1,0,0,6,0,1,1,6,6,3,-1,-1,1596,1,15,FORD FOCUS,-1,-1,0,-1
2020041001481,2020,041001481,2,9,0,9,9,5,2,0,0,8,0,0,0,0,3,1,2,2,2,27,6,1388,1,18,FORD FOCUS,4,E01024919,0,-1
2020552000123,2020,552000123,2,9,0,17,19,1,5,0,0,1,0,0,0,0,1,1,6,6,1,18,4,999,1,4,FORD FOCUS,9,E01015419,0,-1
2020990963449,2020,990963449,2,9,0,9,9,5,3,0,0,8,0,0,0,0,0,1,5,6,2,33,6,999,1,2,FORD FOCUS,9,E01033475,0,-1
2020420931003,2020,420931003,2,9,0,8,8,8,4,0,0,0,0,0,0,0,3,1,5,6,1,72,10,999,1,5,FORD FOCUS,3,E01022007,0,-1
2020461012644,2020,461012644,2,9,0,18,19,4,8,0,0,0,0,0,0,0,1,1,5,6,2,28,6,1560,2,14,FORD FOCUS,2,E01000739,0,-1
2020100945673,2020,100945673,1,9,0,18,19,5,5,0,0,4,0,0,0,0,3,1,2,2,2,44,7,1560,2,6,FORD FOCUS,10,E01027401,0,-1
2020100963874,2020,100963874,1,9,0,11,11,1,5,0,0,0,0,0,0,0,1,1,5,6,1,27,6,1499,2,4,FORD FOCUS,-1,-1,0,-1
2020320528077,2020,320528077,1,9,0,18,19,7,3,0,0,0,0,0,0,0,1,1,2,2,2,32,6,1560,2,7,FORD FOCUS,3,E01026085,0,-1
2020030946218,2020,030946218,2,9,0,18,19,5,1,0,0,0,0,0,0,0,1,1,6,6,1,54,8,1499,2,4,FORD FOCUS,1,E01019111,0,-1
2020340W00492,2020,340W00492,2,9,0,10,10,5,1,0,0,5,0,0,7,0,2,1,2,2,1,24,5,999,1,1,FORD FOCUS,3,E01012590,0,-1
2020100997041,2020,100997041,1,9,0,9,9,7,5,0,0,8,0,0,0,0,1,1,6,6,1,20,4,1596,1,15,FORD FOCUS,1,E01027540,0,-1
2020991008066,2020,991008066,2,9,0,4,4,1,5,0,0,0,0,0,0,0,2,1,6,6,2,33,6,1560,2,8,FORD FOCUS,-1,-1,0,-1
2020430342787,2020,430342787,9,9,0,18,19,7,3,0,0,0,0,0,0,0,-1,1,6,6,1,37,7,1499,2,5,FORD FOCUS,5,E01002490,0,-1
2020100922398,2020,100922398,2,9,0,18,19,7,3,0,0,8,0,0,0,0,4,1,6,6,1,35,6,1560,2,15,FORD FOCUS,1,E01008459,0,-1
2020542247520,2020,542247520,1,9,0,10,10,8,2,0,0,8,0,0,0,0,2,1,6,6,2,41,7,1596,1,16,FORD FOCUS,1,E01032096,0,-1
2020320327368,2020,320327368,1,9,0,18,19,5,8,0,0,0,0,0,0,0,1,1,6,6,1,77,11,1796,1,17,FORD FOCUS,6,E01026265,0,-1
2020010281695,2020,010281695,2,9,9,99,99,9,9,99,99,0,9,99,9,99,9,1,6,6,3,-1,-1,1499,2,2,FORD FOCUS,-1,-1,0,-1
2020010252858,2020,010252858,1,9,0,99,99,9,9,99,99,9,9,99,9,99,2,9,6,6,1,19,4,1498,1,4,FORD FOCUS,4,E01004357,0,-1
2020370958386,2020,370958386,1,9,0,5,5,8,5,0,0,2,0,0,0,0,1,1,5,6,1,33,6,1997,2,14,FORD FOCUS,2,E01030024,0,-1
2020010269432,2020,010269432,1,9,0,15,15,7,3,0,0,0,0,0,0,0,4,1,6,6,1,21,5,1596,1,19,FORD FOCUS,8,E01030701,0,-1
20201372K0094,2020,1372K0094,1,9,0,18,19,5,1,0,0,0,0,0,2,11,4,1,6,6,1,26,6,1596,1,17,FORD FOCUS,6,E01027578,0,-1
2020211025274,2020,211025274,2,9,0,18,19,5,1,0,0,0,0,0,0,0,3,1,2,2,1,64,9,999,1,3,FORD FOCUS,9,E01029738,0,-1
2020030947275,2020,030947275,1,9,0,18,19,7,3,0,0,0,0,0,0,0,1,1,6,6,1,52,8,1596,1,6,FORD FOCUS,8,E01019330,0,-1
2020471001274,2020,471001274,2,9,0,18,19,3,7,0,0,0,2,0,0,0,1,1,5,6,1,87,11,1596,1,10,FORD FOCUS,5,E01021024,0,-1
2020460921011,2020,460921011,1,9,0,16,19,1,5,0,0,3,0,0,0,0,1,1,2,2,1,57,9,1560,2,8,FORD FOCUS,7,E01024405,0,-1
2020052002372,2020,052002372,1,9,0,18,19,2,6,0,0,8,0,0,0,0,4,1,6,6,2,25,5,999,1,4,FORD FOCUS,2,E01006218,0,-1
2020500951704,2020,500951704,1,9,0,18,19,5,1,0,0,0,0,0,0,0,4,1,6,6,2,32,6,1596,1,11,FORD FOCUS,4,E01019007,0,-1
2020470985195,2020,470985195,1,9,0,7,7,3,6,0,0,5,0,0,0,0,1,1,6,6,3,-1,-1,1596,1,12,FORD FOCUS,-1,-1,0,-1
2020201023201,2020,201023201,2,9,0,18,19,8,4,0,0,8,1,0,0,0,4,1,2,2,1,55,8,1560,2,7,FORD FOCUS,3,E01010249,0,-1
2020140964951,2020,140964951,1,9,0,18,19,1,5,0,0,2,0,0,0,0,1,1,5,6,1,24,5,1560,2,12,FORD FOCUS,-1,-1,0,-1
202006M272141,2020,06M272141,1,9,0,18,19,4,8,0,0,8,0,0,0,0,1,1,6,6,1,50,8,1988,1,17,FORD FOCUS,10,E01006192,0,-1
2020030940580,2020,030940580,1,9,0,18,19,5,5,0,0,2,0,0,0,0,1,1,6,6,2,45,7,1388,1,14,FORD FOCUS,7,E01019203,0,-1
2020460932201,2020,460932201,2,9,0,1,1,0,0,0,0,1,0,0,0,0,1,1,5,6,1,44,7,1596,1,13,FORD FOCUS,2,E01024315,0,-1
2020450942046,2020,450942046,2,9,0,5,5,1,5,6,6,0,0,0,0,0,3,1,5,6,1,22,5,999,1,3,FORD FOCUS,5,E01023285,0,-1
2020200953471,2020,200953471,1,9,0,9,9,2,8,0,0,8,0,0,0,0,1,1,6,6,2,45,7,999,1,1,FORD FOCUS,7,E01032588,0,-1
2020200929752,2020,200929752,1,9,0,18,19,2,6,0,0,8,0,10,7,2,1,1,2,2,1,47,8,1596,1,11,FORD FOCUS,1,E01009123,0,-1
2020522100771,2020,522100771,1,9,0,9,9,7,5,0,0,6,0,0,0,0,1,1,6,6,2,45,7,1596,1,20,FORD FOCUS,3,E01014461,0,-1
2020201022104,2020,201022104,2,9,0,9,9,1,7,0,0,4,0,0,0,0,3,1,6,6,2,49,8,1560,2,9,FORD FOCUS,5,E01009647,0,-1
2020070106307,2020,070106307,2,9,0,18,19,1,5,0,0,0,0,0,0,0,1,1,6,6,3,-1,-1,1596,1,9,FORD FOCUS,-1,-1,0,-1
2020010250597,2020,010250597,2,9,0,9,9,7,5,0,0,6,0,0,0,0,0,1,6,6,3,40,7,1499,2,5,FORD FOCUS,2,E01004341,0,-1
2020430261246,2020,430261246,2,9,0,18,19,3,7,0,0,0,0,0,0,0,3,1,6,6,1,60,9,999,1,4,FORD FOCUS,9,E01017704,0,-1
2020010251564,2020,010251564,2,9,0,99,99,9,9,99,99,9,9,99,9,99,1,9,6,6,3,-1,-1,1596,1,15,FORD FOCUS,-1,-1,0,-1
2020010286437,2020,010286437,1,9,0,18,19,5,1,0,0,2,0,0,0,0,1,1,6,6,1,33,6,998,1,6,FORD FOCUS,5,E01030787,0,-1
2020350928600,2020,350928600,2,9,0,10,10,8,5,0,0,0,0,0,0,0,2,1,6,6,1,30,6,1753,2,14,FORD FOCUS,4,E01026288,0,-1
2020010266995,2020,010266995,1,9,0,18,19,1,5,99,99,1,9,99,9,99,2,9,2,2,2,22,5,999,1,0,FORD FOCUS,8,E01002206,0,-1
2020070389698,2020,070389698,2,9,0,9,9,7,4,0,0,8,0,0,0,0,1,1,6,6,2,47,8,999,1,2,FORD FOCUS,9,E01018676,0,-1
2020460987250,2020,460987250,1,9,0,9,9,3,1,0,0,1,0,0,0,0,1,1,6,6,1,39,7,1596,1,11,FORD FOCUS,10,E01024151,0,-1
2020470993699,2020,470993699,2,9,0,9,9,2,8,0,0,4,0,0,0,0,2,1,6,6,1,38,7,1596,1,10,FORD FOCUS,4,E01031596,0,-1
2020010259270,2020,010259270,2,9,0,99,99,9,9,99,99,9,9,99,9,99,9,9,6,6,3,21,5,1753,2,13,FORD FOCUS,3,E01001359,0,-1