collision_index,collision_year,collision_ref_no,vehicle_reference,vehicle_type,towing_and_articulation,vehicle_manoeuvre_historic,vehicle_manoeuvre,vehicle_direction_from,vehicle_direction_to,vehicle_location_restricted_lane_historic,vehicle_location_restricted_lane,junction_location,skidding_and_overturning,hit_object_in_carriageway,vehicle_leaving_carriageway,hit_object_off_carriageway,first_point_of_impact,vehicle_left_hand_drive,journey_purpose_of_driver_historic,journey_purpose_of_driver,sex_of_driver,age_of_driver,age_band_of_driver,engine_capacity_cc,propulsion_code,age_of_vehicle,generic_make_model,driver_imd_decile,lsoa_of_driver,escooter_flag,driver_distance_banding
202006A175500,2020,06A175500,1,9,0,5,5,3,7,0,0,8,0,0,0,0,1,1,6,6,1,36,7,1596,1,13,FORD FOCUS,7,E01005847,0,-1
2020030982942,2020,030982942,2,9,0,18,19,6,2,0,0,0,0,0,0,0,1,1,6,6,2,27,6,1753,2,14,FORD FOCUS,1,E01019140,0,-1
202031B045520,2020,31B045520,2,9,0,18,19,5,1,0,0,6,0,0,0,0,1,1,6,6,1,29,6,1560,2,7,FORD FOCUS,2,E01028067,0,-1
2020010280660,2020,010280660,2,9,0,9,9,3,2,0,0,3,0,0,0,0,1,1,6,6,3,-1,-1,1560,2,9,FORD FOCUS,-1,-1,0,-1
2020052001904,2020,052001904,1,9,0,18,19,1,5,0,0,1,0,0,0,0,1,1,6,6,1,71,10,1388,1,18,FORD FOCUS,1,E01006455,0,-1
2020010271721,2020,010271721,2,9,0,18,19,3,7,0,0,8,0,0,0,0,1,1,6,6,2,36,7,1596,1,7,FORD FOCUS,1,E01004316,0,-1
202031C136620,2020,31C136620,1,9,0,18,19,8,4,0,0,8,0,0,0,0,1,1,6,6,1,24,5,1596,1,9,FORD FOCUS,1,E01013942,0,-1
2020990993721,2020,990993721,1,9,0,9,9,3,1,0,0,1,0,0,0,0,1,1,6,6,1,34,6,1596,1,14,FORD FOCUS,2,-1,0,-1
2020500981925,2020,500981925,1,9,0,18,19,8,4,0,0,0,0,0,0,0,4,1,5,6,1,70,10,1596,1,12,FORD FOCUS,6,E01019058,0,-1
2020140953630,2020,140953630,2,9,0,18,19,3,7,0,0,0,0,0,0,0,1,1,5,6,1,24,5,1560,2,11,FORD FOCUS,4,E01007545,0,-1
2020010231896,2020,010231896,1,9,0,5,5,5,1,0,0,1,0,0,0,0,1,1,6,6,1,91,11,1596,1,17,FORD FOCUS,-1,-1,0,-1
2020500991308,2020,500991308,2,9,0,18,19,1,5,0,0,0,0,0,0,0,4,1,5,6,3,-1,-1,1596,1,18,FORD FOCUS,-1,-1,0,-1
2020141010769,2020,141010769,1,9,0,9,9,8,5,0,0,8,0,0,0,0,4,1,2,2,1,50,8,999,1,4,FORD FOCUS,5,E01007980,0,-1
2020461006076,2020,461006076,1,9,0,3,3,0,0,0,0,0,0,0,0,0,2,1,2,2,2,61,9,1596,1,20,FORD FOCUS,6,E01016080,0,-1
2020421005997,2020,421005997,2,9,0,18,19,1,5,0,0,0,0,0,0,0,2,1,5,6,1,45,7,1798,1,11,FORD FOCUS,4,E01024624,0,-1
2020370977663,2020,370977663,1,9,0,-1,-1,-1,-1,-1,-1,0,-1,-1,-1,0,4,1,6,6,2,59,9,1560,2,12,FORD FOCUS,7,E01029965,0,-1
2020201011610,2020,201011610,1,9,0,18,19,6,2,0,0,0,0,10,1,1,4,1,6,6,1,29,6,1753,2,13,FORD FOCUS,1,E01008907,0,-1
2020420988821,2020,420988821,1,9,0,5,5,1,2,0,0,0,0,0,0,0,3,1,5,6,2,57,9,1796,1,18,FORD FOCUS,7,E01021344,0,-1
2020170H10070,2020,170H10070,1,9,0,18,19,5,1,0,0,2,0,0,0,0,4,1,6,6,1,29,6,2521,1,13,FORD FOCUS,1,E01033466,0,-1
2020010244112,2020,010244112,2,9,0,2,2,0,0,0,0,0,0,0,0,0,2,1,6,6,3,-1,-1,999,1,1,FORD FOCUS,-1,-1,0,-1
2020450947198,2020,450947198,1,9,0,18,19,7,3,0,0,0,0,0,0,0,1,1,2,2,2,64,9,999,1,3,FORD FOCUS,10,E01030642,0,-1
2020160963768,2020,160963768,1,9,0,13,13,2,6,0,0,1,0,0,7,0,1,1,5,6,1,85,11,1596,1,11,FORD FOCUS,4,E01007625,0,-1
2020990953032,2020,990953032,2,9,0,10,10,2,7,0,0,1,0,0,0,0,2,1,5,6,2,46,8,999,1,3,FORD FOCUS,5,-1,0,-1
2020200930163,2020,200930163,2,9,0,18,19,2,6,0,0,8,0,0,0,0,4,1,6,6,1,42,7,999,1,4,FORD FOCUS,6,E01008965,0,-1
2020470972703,2020,470972703,1,9,0,18,19,4,1,0,0,0,0,0,0,0,1,1,5,6,2,37,7,1560,2,11,FORD FOCUS,2,E01020929,0,-1
2020010277383,2020,010277383,1,9,0,5,5,3,7,0,0,1,0,0,0,0,1,1,6,6,2,53,8,999,1,2,FORD FOCUS,2,E01004755,0,-1
2020200994297,2020,200994297,1,9,0,14,14,7,3,0,0,8,0,10,7,0,1,1,6,6,3,-1,-1,1596,1,9,FORD FOCUS,-1,-1,0,-1
2020160917097,2020,160917097,1,9,0,1,1,0,2,0,0,0,0,0,0,0,2,1,5,6,1,27,6,1560,2,6,FORD FOCUS,1,E01013229,0,-1
2020040950223,2020,040950223,1,9,0,9,9,1,1,0,0,1,0,0,0,0,1,1,2,2,1,30,6,1499,2,5,FORD FOCUS,10,E01025380,0,-1
2020170M21230,2020,170M21230,1,9,0,18,19,2,6,0,0,2,0,0,0,0,1,1,6,6,1,30,6,1596,1,16,FORD FOCUS,-1,-1,0,-1
2020140994831,2020,140994831,2,9,0,18,19,5,1,0,0,0,0,0,0,0,1,1,6,6,1,-1,-1,1596,1,14,FORD FOCUS,5,E01007366,0,-1
2020522002274,2020,522002274,2,9,0,2,2,0,0,0,0,0,0,0,0,0,2,1,6,6,2,56,9,1798,1,12,FORD FOCUS,4,E01014704,0,-1
2020010259179,2020,010259179,1,9,0,18,19,1,5,0,0,1,0,0,0,0,3,1,1,1,1,39,7,999,1,3,FORD FOCUS,7,E01002817,0,-1
2020160933982,2020,160933982,1,9,0,9,9,2,1,0,0,2,0,0,0,0,3,1,1,1,1,23,5,999,1,5,FORD FOCUS,10,E01013064,0,-1
2020990932917,2020,990932917,1,8,0,4,4,1,5,2,2,1,0,0,0,0,1,1,1,1,1,38,7,1499,2,5,FORD FOCUS,-1,-1,0,-1
2020350922497,2020,350922497,3,9,0,4,4,4,4,0,0,0,0,0,0,0,0,1,6,6,2,43,7,1997,2,7,FORD FOCUS,5,E01021414,0,-1
2020160951312,2020,160951312,1,9,0,9,9,7,3,0,0,6,0,0,7,0,3,1,5,6,1,31,6,1560,2,11,FORD FOCUS,2,E01013291,0,-1
2020500962844,2020,500962844,2,9,0,2,2,0,0,0,0,1,0,0,0,0,1,1,5,6,2,21,5,998,1,7,FORD FOCUS,5,E01015135,0,-1
2020140957100,2020,140957100,1,9,0,18,19,7,3,0,0,0,0,0,7,0,1,1,6,6,2,27,6,1796,1,18,FORD FOCUS,2,E01007796,0,-1
2020010286658,2020,010286658,2,9,0,99,99,9,9,99,99,9,9,99,9,99,2,9,6,6,1,36,7,2261,1,2,FORD FOCUS,9,E01002147,0,-1
2020360993180,2020,360993180,1,9,0,18,19,1,5,0,0,1,0,0,0,0,1,1,5,6,1,75,10,1560,2,10,FORD FOCUS,4,E01026589,0,-1
2020420988406,2020,420988406,1,9,0,18,19,8,4,0,0,1,0,0,0,0,1,1,2,2,2,43,7,1596,1,9,FORD FOCUS,9,E01021479,0,-1
2020552000927,2020,552000927,1,9,0,18,19,2,6,0,0,0,0,0,0,0,1,1,6,6,1,29,6,1560,2,8,FORD FOCUS,7,E01020360,0,-1
2020450986432,2020,450986432,1,9,0,18,19,7,3,0,0,1,0,0,0,0,1,1,1,1,1,60,9,1596,1,18,FORD FOCUS,7,E01001495,0,-1
2020332000176,2020,332000176,1,9,0,18,19,2,6,0,0,0,0,0,0,0,1,1,6,6,1,42,7,1596,1,10,FORD FOCUS,10,E01025893,0,-1
2020450919935,2020,450919935,2,9,0,18,19,1,5,0,0,0,0,0,0,0,1,1,6,6,2,54,8,1596,1,12,FORD FOCUS,5,E01002011,0,-1
2020522002973,2020,522002973,1,9,0,9,9,2,8,0,0,2,0,0,0,0,2,1,6,6,1,47,8,1796,1,17,FORD FOCUS,4,E01014495,0,-1
2020470920828,2020,470920828,1,9,0,18,19,1,5,0,0,0,0,0,0,0,1,1,6,6,1,-1,-1,1560,2,9,FORD FOCUS,-1,-1,0,-1
202031D142520,2020,31D142520,1,9,0,4,4,1,5,0,0,0,0,0,0,0,2,1,6,6,3,-1,-1,1798,1,14,FORD FOCUS,-1,-1,0,-1
2020010266428,2020,010266428,2,9,0,99,99,9,9,99,99,9,9,99,9,99,9,9,6,6,1,43,7,1596,1,8,FORD FOCUS,4,E01003114,0,-1
2020010284120,2020,010284120,1,9,0,18,19,1,5,0,0,0,0,0,0,0,1,1,1,1,2,28,6,999,1,5,FORD FOCUS,2,E01004271,0,-1
2020990954167,2020,990954167,2,9,0,17,19,2,6,0,0,0,0,0,0,0,3,1,5,6,1,69,10,999,1,5,FORD FOCUS,4,-1,0,-1
2020010280965,2020,010280965,2,9,0,99,99,9,9,99,99,9,9,99,9,99,9,9,6,6,3,-1,-1,1596,1,17,FORD FOCUS,-1,-1,0,-1
2020137380691,2020,137380691,2,9,0,18,19,6,2,0,0,0,5,0,2,11,3,1,6,6,2,26,6,1499,2,3,FORD FOCUS,8,E01011109,0,-1
2020552000229,2020,552000229,2,9,0,9,9,8,6,0,0,5,0,0,0,0,2,1,6,6,2,52,8,1596,1,11,FORD FOCUS,8,E01020504,0,-1
2020350960375,2020,350960375,2,9,0,18,19,3,7,0,0,0,0,0,0,0,2,1,5,6,1,46,8,1499,2,4,FORD FOCUS,8,E01025626,0,-1
2020010262008,2020,010262008,2,9,0,99,99,9,9,99,99,9,9,99,9,99,3,9,6,6,3,-1,-1,1596,1,8,FORD FOCUS,-1,-1,0,-1
2020990965661,2020,990965661,1,9,0,18,19,6,2,0,0,8,0,0,7,2,1,1,6,6,1,35,6,1596,1,13,FORD FOCUS,1,-1,0,-1
2020460928978,2020,460928978,1,9,0,9,9,5,3,0,0,2,0,0,0,0,1,1,6,6,1,30,6,1798,1,12,FORD FOCUS,5,E01016088,0,-1
2020552100207,2020,552100207,1,9,0,18,19,2,6,0,0,0,5,0,1,2,1,1,6,6,1,22,5,998,1,8,FORD FOCUS,6,E01015318,0,-1
2020420981117,2020,420981117,1,9,0,9,9,5,1,0,0,8,0,0,0,0,1,2,5,6,1,61,9,1596,1,14,FORD FOCUS,10,E01023452,0,-1
2020111018507,2020,111018507,2,9,0,18,19,2,6,0,0,1,0,0,0,0,1,1,6,6,2,69,10,1596,1,15,FORD FOCUS,4,E01020825,0,-1
2020450956037,2020,450956037,1,9,0,18,19,3,7,0,0,0,0,0,0,0,1,1,5,6,1,21,5,1596,1,15,FORD FOCUS,4,E01030432,0,-1
2020052000662,2020,052000662,2,9,0,18,19,5,1,0,0,8,0,0,0,0,1,1,6,6,2,43,7,999,1,1,FORD FOCUS,1,E01006740,0,-1
2020201000200,2020,201000200,3,9,0,18,19,1,5,0,0,4,0,0,0,0,1,1,6,6,2,45,7,999,1,3,FORD FOCUS,7,E01009292,0,-1
2020361002575,2020,361002575,1,9,0,18,19,4,8,0,0,0,0,0,0,0,4,1,5,6,1,21,5,1499,2,0,FORD FOCUS,8,E01026566,0,-1
2020522001619,2020,522001619,1,9,0,18,19,1,5,0,0,8,0,0,0,0,1,1,6,6,2,43,7,1596,1,10,FORD FOCUS,7,E01014860,0,-1
2020200947578,2020,200947578,2,9,0,3,3,-1,-1,0,0,0,0,0,0,0,2,1,6,6,1,40,7,1596,1,6,FORD FOCUS,3,E01009120,0,-1
2020460982777,2020,460982777,1,9,0,7,7,3,7,0,0,1,0,0,0,0,4,1,6,6,2,-1,-1,1596,1,5,FORD FOCUS,2,E01024477,0,-1
2020070524374,2020,070524374,1,9,0,4,4,5,1,0,0,0,0,0,0,0,2,1,6,6,2,31,6,1596,1,14,FORD FOCUS,2,E01005917,0,-1
2020070542192,2020,070542192,1,9,0,9,9,7,3,0,0,2,0,0,0,0,1,1,6,6,1,26,6,1596,1,13,FORD FOCUS,5,E01018501,0,-1
2020542502020,2020,542502020,2,9,0,18,19,7,1,0,0,4,0,0,0,0,0,1,6,6,2,54,8,1997,2,5,FORD FOCUS,9,E01015547,0,-1
2020010270467,2020,010270467,2,9,0,18,19,5,1,0,0,4,0,0,0,0,2,1,2,2,1,29,6,1498,1,3,FORD FOCUS,2,E01001716,0,-1
2020350923964,2020,350923964,2,9,0,18,19,2,6,0,0,0,0,0,0,0,1,1,5,6,2,75,10,1596,1,12,FORD FOCUS,8,E01033118,0,-1
2020440022108,2020,440022108,1,9,0,9,9,1,7,0,0,8,0,0,0,0,1,1,2,2,2,35,6,1596,1,17,FORD FOCUS,4,E01032858,0,-1
2020522002463,2020,522002463,2,9,0,7,7,1,5,0,0,6,0,0,0,0,1,1,6,6,3,-1,-1,1499,2,4,FORD FOCUS,-1,-1,0,-1
2020470961974,2020,470961974,2,9,0,9,9,8,5,0,0,0,0,0,0,0,1,1,6,6,1,40,7,1596,1,15,FORD FOCUS,2,E01031779,0,-1
2020370937983,2020,370937983,1,9,0,4,4,2,6,0,0,2,0,0,0,0,2,1,4,7,1,55,8,1560,2,7,FORD FOCUS,10,E01030050,0,-1
2020420963710,2020,420963710,1,9,0,5,5,4,3,0,0,0,0,0,0,0,1,1,5,6,1,19,4,999,1,5,FORD FOCUS,5,E01021550,0,-1
2020010230224,2020,010230224,1,9,0,9,9,1,6,0,0,8,0,0,0,0,3,1,6,6,1,32,6,1499,2,4,FORD FOCUS,7,E01002197,0,-1
2020010280849,2020,010280849,2,9,0,99,99,9,9,99,99,1,9,99,9,99,9,9,6,6,1,36,7,1560,2,8,FORD FOCUS,8,E01000206,0,-1
2020461001195,2020,461001195,11,9,0,2,2,1,3,0,0,0,0,0,0,0,4,1,6,6,1,59,9,1997,2,9,FORD FOCUS,4,E01024841,0,-1
2020470934923,2020,470934923,1,9,0,18,19,2,4,0,0,4,0,0,0,0,2,1,4,7,2,20,4,1388,1,18,FORD FOCUS,4,E01031551,0,-1
2020122001301,2020,122001301,2,9,0,4,4,3,7,0,0,0,0,0,0,0,2,1,6,6,1,31,6,1560,2,5,FORD FOCUS,1,E01011918,0,-1
2020320263701,2020,320263701,1,9,0,18,19,7,3,0,0,8,0,0,7,0,4,1,2,2,1,76,11,1596,1,19,FORD FOCUS,3,E01026085,0,-1
2020052002304,2020,052002304,1,9,0,18,19,3,7,0,0,0,0,0,0,0,1,1,6,6,1,23,5,999,1,5,FORD FOCUS,1,E01006412,0,-1
2020421004639,2020,421004639,2,9,0,4,4,5,1,0,0,0,0,0,0,0,2,1,2,2,1,37,7,1753,2,13,FORD FOCUS,5,E01003742,0,-1
2020010242136,2020,010242136,2,9,0,18,19,8,4,0,0,1,5,10,0,0,1,1,6,6,1,19,4,998,1,8,FORD FOCUS,3,E01001676,0,-1
2020552000654,2020,552000654,1,9,0,9,9,7,5,0,0,8,0,0,0,0,4,1,6,6,1,88,11,999,1,1,FORD FOCUS,7,E01020390,0,-1
2020370999538,2020,370999538,1,9,0,18,19,2,6,0,0,0,0,0,0,0,1,1,2,2,2,58,9,1600,1,15,FORD FOCUS,5,E01030094,0,-1
2020070631088,2020,070631088,1,9,0,5,5,6,2,0,0,1,0,0,0,0,2,1,6,6,1,19,4,1560,2,6,FORD FOCUS,1,E01018351,0,-1
2020220977680,2020,220977680,1,9,0,18,19,1,5,0,0,0,0,10,7,10,3,1,5,6,2,60,9,999,1,0,FORD FOCUS,8,E01032317,0,-1
2020200931074,2020,200931074,1,9,0,7,7,6,1,0,0,2,0,0,0,0,1,1,2,2,1,39,7,1496,1,1,FORD FOCUS,1,E01009002,0,-1
2020450973287,2020,450973287,2,9,0,18,19,4,8,0,0,0,0,0,0,0,0,1,1,1,2,32,6,1499,2,4,FORD FOCUS,-1,-1,0,-1
2020010249558,2020,010249558,1,8,0,9,9,7,5,0,0,5,0,0,7,0,1,1,6,6,1,44,7,1498,1,5,FORD FOCUS,3,E01004066,0,-1
2020360951248,2020,360951248,2,9,0,18,19,3,7,0,0,8,0,0,0,0,1,1,5,6,2,53,8,1596,1,7,FORD FOCUS,3,E01023405,0,-1
2020421009413,2020,421009413,1,9,0,9,9,1,6,0,0,1,1,0,0,0,1,1,6,6,1,-1,-1,1997,2,15,FORD FOCUS,-1,-1,0,-1
2020420962538,2020,420962538,3,9,0,14,14,7,3,0,0,0,0,0,0,0,0,1,1,1,1,33,6,1560,2,6,FORD FOCUS,9,E01021781,0,-1
2020137CB0174,2020,137CB0174,2,9,0,18,19,7,3,0,0,1,0,0,0,0,1,1,2,2,1,56,9,2521,1,13,FORD FOCUS,9,E01011464,0,-1
2020420960203,2020,420960203,2,9,0,18,19,2,6,0,0,1,0,0,0,0,2,1,5,6,2,30,6,999,1,3,FORD FOCUS,5,E01021720,0,-1
2020070074675,2020,070074675,1,9,0,5,5,8,2,0,0,4,0,0,0,0,2,1,6,6,2,-1,-1,1753,2,13,FORD FOCUS,7,E01018393,0,-1
2020530939008,2020,530939008,1,9,0,18,19,6,2,0,0,0,0,4,0,0,1,1,5,6,1,73,10,1560,2,8,FORD FOCUS,5,E01022228,0,-1
2020420932512,2020,420932512,1,9,0,9,9,1,5,0,0,8,0,0,0,0,1,1,2,2,1,21,5,999,1,5,FORD FOCUS,5,E01015928,0,-1
2020520003239,2020,520003239,2,9,0,18,19,5,1,0,0,2,0,0,0,0,1,1,6,6,2,30,6,1596,1,18,FORD FOCUS,-1,-1,0,-1
2020010244300,2020,010244300,2,9,9,99,99,9,9,0,0,8,0,99,9,99,9,9,6,6,3,-1,-1,1596,1,5,FORD FOCUS,-1,-1,0,-1
2020990949257,2020,990949257,1,9,0,12,12,8,4,0,0,0,0,10,7,7,1,1,6,6,1,30,6,1560,2,5,FORD FOCUS,2,-1,0,-1
2020220988162,2020,220988162,2,9,0,18,19,3,7,0,0,1,1,0,0,0,1,1,5,6,1,65,9,1997,2,16,FORD FOCUS,8,E01032446,0,-1
2020461011066,2020,461011066,1,9,0,18,19,2,6,0,0,1,5,0,7,10,1,1,6,6,2,-1,-1,1596,1,15,FORD FOCUS,-1,-1,0,-1
2020370998198,2020,370998198,1,9,0,18,19,3,7,0,0,0,0,0,0,0,3,1,5,6,2,36,7,1596,1,9,FORD FOCUS,2,W01001332,0,-1
2020010253438,2020,010253438,1,9,0,18,19,3,7,0,0,0,0,4,0,0,1,1,6,6,2,40,7,1999,1,11,FORD FOCUS,10,E01004117,0,-1
2020501016799,2020,501016799,1,9,0,4,4,1,6,0,0,0,2,10,2,10,3,1,2,2,2,31,6,998,1,6,FORD FOCUS,1,E01018930,0,-1
2020010239309,2020,010239309,2,9,0,18,19,1,5,0,0,0,0,0,0,0,1,1,6,6,3,20,4,1596,1,10,FORD FOCUS,-1,-1,0,-1
2020030992421,2020,030992421,1,9,0,13,13,6,4,0,0,0,0,0,7,11,1,1,2,2,1,60,9,1560,2,8,FORD FOCUS,7,E01019344,0,-1
2020350917691,2020,350917691,1,9,0,18,19,5,8,0,0,0,0,0,0,0,4,1,2,2,1,63,9,1596,1,13,FORD FOCUS,5,E01018226,0,-1
2020460986099,2020,460986099,2,9,0,18,19,5,1,0,0,1,0,0,0,0,4,1,6,6,1,20,4,1798,1,14,FORD FOCUS,8,E01024816,0,-1
2020460960479,2020,460960479,1,9,0,14,14,6,4,0,0,0,0,0,0,0,1,1,5,6,1,61,9,1560,2,9,FORD FOCUS,1,E01024663,0,-1
2020400993914,2020,400993914,1,9,0,16,19,1,5,0,0,3,1,10,4,0,3,1,5,6,1,35,6,1499,2,0,FORD FOCUS,6,E01017517,0,-1
2020200935635,2020,200935635,2,9,0,18,19,4,8,0,0,8,0,0,0,0,1,1,6,6,1,-1,-1,1596,1,12,FORD FOCUS,-1,-1,0,-1
2020230925243,2020,230925243,3,9,0,18,19,2,6,0,0,0,0,0,0,0,1,1,5,6,1,30,6,1560,2,9,FORD FOCUS,10,E01031292,0,-1
2020460947773,2020,460947773,1,9,0,5,5,5,2,8,6,0,0,0,0,0,3,1,5,6,1,71,10,998,1,6,FORD FOCUS,4,E01024197,0,-1
2020470930297,2020,470930297,2,9,0,3,3,3,7,0,0,0,0,0,0,0,2,1,6,6,2,29,6,1997,2,16,FORD FOCUS,8,E01031418,0,-1
20201377K1172,2020,1377K1172,1,9,0,18,19,5,1,0,0,2,0,0,0,0,4,1,6,6,1,49,8,1596,1,18,FORD FOCUS,5,E01011447,0,-1
2020990978272,2020,990978272,1,9,0,18,19,2,6,0,0,1,0,0,0,0,1,1,6,6,1,25,5,1596,1,13,FORD FOCUS,-1,-1,0,-1
2020230919900,2020,230919900,1,9,0,5,5,7,6,0,0,0,0,0,0,0,3,1,2,2,1,-1,-1,1596,1,15,FORD FOCUS,2,E01026992,0,-1
2020302000754,2020,302000754,1,9,0,5,5,2,8,0,0,4,0,0,0,0,3,1,6,6,2,35,6,999,1,4,FORD FOCUS,10,E01019640,0,-1
202031A025420,2020,31A025420,2,9,0,3,3,8,4,0,0,1,1,0,0,0,2,1,6,6,2,40,7,1596,1,18,FORD FOCUS,5,E01028342,0,-1
2020501000958,2020,501000958,1,9,0,3,3,5,1,0,0,0,0,0,0,0,2,1,6,6,2,50,8,2261,1,3,FORD FOCUS,6,E01020145,0,-1
2020430072587,2020,430072587,1,9,0,9,9,7,5,0,0,6,0,0,0,0,3,1,2,2,2,38,7,1596,1,19,FORD FOCUS,6,E01016204,0,-1
2020010267186,2020,010267186,1,9,0,99,99,9,9,99,99,9,9,99,9,99,3,9,6,6,1,22,5,999,1,1,FORD FOCUS,5,E01002212,0,-1
2020070146018,2020,070146018,2,9,0,8,8,0,0,0,0,1,0,0,0,0,2,1,6,6,2,27,6,1596,1,11,FORD FOCUS,2,E01018364,0,-1
2020160949392,2020,160949392,1,9,0,18,19,3,7,0,0,1,0,0,1,0,1,1,6,6,1,29,6,1798,1,12,FORD FOCUS,1,E01012881,0,-1
202031C006520,2020,31C006520,2,9,0,2,2,0,0,0,0,2,0,0,0,0,3,1,6,6,3,-1,-1,1560,2,9,FORD FOCUS,-1,-1,0,-1
2020460967781,2020,460967781,2,9,0,18,19,7,3,0,0,8,0,0,0,0,4,1,5,6,1,38,7,1596,1,13,FORD FOCUS,1,E01016111,0,-1
202006M168381,2020,06M168381,1,9,0,11,11,5,1,0,0,0,0,0,0,0,4,1,6,6,3,-1,-1,1560,2,6,FORD FOCUS,-1,-1,0,-1
2020010281933,2020,010281933,2,9,0,99,99,9,9,0,0,0,9,0,0,0,3,9,6,6,3,-1,-1,1596,1,16,FORD FOCUS,-1,-1,0,-1
2020230979744,2020,230979744,2,9,0,9,9,7,5,0,0,5,0,0,0,0,3,1,2,2,1,54,8,1798,1,13,FORD FOCUS,2,E01009608,0,-1
2020052000778,2020,052000778,2,8,0,9,9,7,5,0,0,1,0,0,0,0,3,1,6,6,1,34,6,1499,2,3,FORD FOCUS,1,E01006509,0,-1
2020220921577,2020,220921577,1,9,0,11,11,5,8,0,0,4,0,0,0,0,1,1,6,6,1,28,6,1560,2,6,FORD FOCUS,7,E01013988,0,-1
2020070612471,2020,070612471,2,9,0,18,19,1,5,0,0,8,0,0,0,0,3,1,6,6,1,32,6,1596,1,14,FORD FOCUS,-1,-1,0,-1
2020100937115,2020,100937115,1,9,0,18,19,3,7,0,0,8,0,0,7,0,4,1,5,6,1,87,11,1753,2,13,FORD FOCUS,5,E01008265,0,-1
2020010273603,2020,010273603,1,9,0,9,9,7,5,0,0,6,0,0,0,0,1,1,6,6,1,54,8,999,1,5,FORD FOCUS,3,E01000522,0,-1
2020220968245,2020,220968245,2,9,0,7,7,2,5,0,0,3,0,0,0,0,2,1,5,6,2,26,6,1988,1,17,FORD FOCUS,2,E01032202,0,-1
2020450959035,2020,450959035,2,9,0,7,7,5,7,0,0,8,0,0,0,0,3,1,1,1,2,26,6,1499,2,4,FORD FOCUS,8,E01030478,0,-1
2020360977973,2020,360977973,1,9,0,11,11,4,1,0,0,0,0,0,0,0,1,1,2,2,2,33,6,1596,1,7,FORD FOCUS,5,E01026487,0,-1
2020400938048,2020,400938048,2,9,0,18,19,6,8,0,0,1,0,0,0,0,3,1,6,6,2,33,6,1596,1,15,FORD FOCUS,9,E01017414,0,-1
2020410997548,2020,410997548,1,9,0,18,19,1,3,0,0,4,0,0,0,0,1,1,6,6,1,80,11,1596,1,12,FORD FOCUS,9,E01017702,0,-1
2020302000478,2020,302000478,2,9,0,9,9,4,3,0,0,8,0,0,0,0,1,1,1,1,1,56,9,1560,2,7,FORD FOCUS,6,E01019878,0,-1
2020010230645,2020,010230645,2,9,0,9,9,7,4,0,0,1,0,0,0,0,3,1,6,6,1,25,5,998,1,7,FORD FOCUS,8,E01002385,0,-1
2020010276851,2020,010276851,1,9,0,99,99,9,9,99,99,9,9,99,9,99,2,9,6,6,2,42,7,1796,1,19,FORD FOCUS,5,E01004381,0,-1
2020460969490,2020,460969490,1,9,0,17,19,1,5,0,0,1,1,0,0,0,1,1,6,6,1,-1,-1,1596,1,9,FORD FOCUS,-1,-1,0,-1
2020010236043,2020,010236043,1,9,0,18,19,7,3,0,0,1,0,0,0,0,1,1,3,7,2,40,7,1596,1,9,FORD FOCUS,4,E01003632,0,-1
2020420987962,2020,420987962,2,9,0,2,2,4,8,6,6,0,0,0,0,0,3,1,6,6,3,-1,-1,1596,1,9,FORD FOCUS,-1,-1,0,-1
2020010235690,2020,010235690,2,9,0,99,99,9,9,99,99,9,9,99,9,99,1,9,-1,-1,3,-1,-1,1496,1,1,FORD FOCUS,-1,-1,0,-1
2020522003570,2020,522003570,2,9,0,18,19,7,4,0,0,8,0,0,0,0,1,1,6,6,1,58,9,1560,2,7,FORD FOCUS,1,E01014800,0,-1
2020140951232,2020,140951232,2,9,0,18,19,3,7,0,0,1,0,0,0,0,4,1,5,6,1,64,9,999,1,1,FORD FOCUS,3,E01007635,0,-1
2020410959372,2020,410959372,1,9,0,16,19,8,4,0,0,0,0,10,0,0,3,1,5,6,1,29,6,1560,2,6,FORD FOCUS,2,E01000040,0,-1
2020040960456,2020,040960456,2,9,0,18,19,5,1,0,0,0,0,0,0,0,1,1,6,6,1,-1,-1,1753,2,11,FORD FOCUS,4,E01025057,0,-1
2020010274811,2020,010274811,2,9,0,18,19,1,5,0,0,8,0,0,0,0,1,1,6,6,2,40,7,999,1,3,FORD FOCUS,-1,-1,0,-1
2020137760934,2020,137760934,2,9,0,18,19,6,2,0,0,0,0,0,0,0,2,1,6,6,2,25,5,1596,1,9,FORD FOCUS,2,E01010942,0,-1
2020420943102,2020,420943102,1,9,0,14,14,5,1,0,0,0,0,0,0,0,3,1,5,6,1,26,6,1596,1,15,FORD FOCUS,3,E01001489,0,-1
2020100918745,2020,100918745,1,9,0,4,4,5,1,0,0,1,0,0,0,0,1,1,6,6,1,-1,-1,1596,1,13,FORD FOCUS,1,E01008340,0,-1
2020160979801,2020,160979801,2,9,0,7,7,2,4,0,0,6,0,0,0,0,1,1,5,6,1,34,6,1560,2,11,FORD FOCUS,1,E01012855,0,-1
2020450966576,2020,450966576,2,9,0,18,19,6,2,0,0,0,0,0,0,0,3,1,1,1,1,67,10,1596,1,17,FORD FOCUS,6,E01030767,0,-1