collision_index,collision_year,collision_ref_no,vehicle_reference,vehicle_type,towing_and_articulation,vehicle_manoeuvre_historic,vehicle_manoeuvre,vehicle_direction_from,vehicle_direction_to,vehicle_location_restricted_lane_historic,vehicle_location_restricted_lane,junction_location,skidding_and_overturning,hit_object_in_carriageway,vehicle_leaving_carriageway,hit_object_off_carriageway,first_point_of_impact,vehicle_left_hand_drive,journey_purpose_of_driver_historic,journey_purpose_of_driver,sex_of_driver,age_of_driver,age_band_of_driver,engine_capacity_cc,propulsion_code,age_of_vehicle,generic_make_model,driver_imd_decile,lsoa_of_driver,escooter_flag,driver_distance_banding
2020220951153,2020,220951153,1,9,0,18,19,1,5,0,0,0,0,0,0,0,4,1,3,7,2,27,6,1560,2,9,FORD FOCUS,7,E01028998,0,-1
2020360996606,2020,360996606,1,9,0,18,19,8,4,0,0,0,0,0,0,0,1,1,5,6,1,51,8,1997,2,13,FORD FOCUS,4,E01026884,0,-1
2020230984657,2020,230984657,2,9,0,18,19,1,5,0,0,0,0,0,0,0,3,1,5,6,1,42,7,1560,2,8,FORD FOCUS,10,E01022495,0,-1
2020460955306,2020,460955306,3,9,0,16,19,2,6,0,0,0,0,0,0,0,2,1,6,6,1,55,8,1499,2,1,FORD FOCUS,9,E01014039,0,-1
202031B043420,2020,31B043420,1,9,0,18,19,4,8,0,0,0,0,4,1,0,1,1,6,6,1,48,8,1596,1,12,FORD FOCUS,4,E01026410,0,-1
2020230981912,2020,230981912,2,9,0,3,3,6,1,0,0,0,0,0,0,0,2,1,2,2,1,46,8,1596,1,14,FORD FOCUS,6,E01031106,0,-1
2020530924244,2020,530924244,3,9,0,18,19,8,5,0,0,0,0,0,1,9,0,1,6,6,2,28,6,1999,1,11,FORD FOCUS,7,E01014895,0,-1
2020010232556,2020,010232556,1,9,0,99,99,9,9,99,99,9,9,99,9,99,2,9,6,6,1,33,6,1596,1,17,FORD FOCUS,2,E01003624,0,-1
2020450999521,2020,450999521,1,9,0,18,19,5,1,9,9,0,0,0,0,0,1,1,2,2,1,32,6,1596,1,14,FORD FOCUS,10,E01030487,0,-1
2020040952899,2020,040952899,1,9,0,18,19,7,3,0,0,2,0,0,0,0,1,1,6,6,1,24,5,1596,1,15,FORD FOCUS,1,E01012624,0,-1
2020040981175,2020,040981175,1,9,0,18,19,1,6,0,0,0,0,0,0,0,1,1,6,6,1,30,6,1596,1,13,FORD FOCUS,7,E01004781,0,-1
2020137A40009,2020,137A40009,2,9,0,18,19,3,7,0,0,0,0,0,0,0,1,1,6,6,1,82,11,999,1,2,FORD FOCUS,1,E01011342,0,-1
2020350983312,2020,350983312,1,9,0,9,9,3,7,0,0,1,0,0,0,0,1,1,5,6,2,38,7,1596,1,5,FORD FOCUS,5,E01018158,0,-1
2020140924395,2020,140924395,2,9,0,18,19,2,6,0,0,0,0,0,0,0,2,1,6,6,3,-1,-1,999,1,3,FORD FOCUS,-1,-1,0,-1
2020101030172,2020,101030172,1,9,0,1,1,-1,-1,0,0,0,0,4,0,0,-1,1,6,6,1,43,7,1560,2,15,FORD FOCUS,-1,-1,0,-1
2020010260709,2020,010260709,1,9,0,5,5,0,1,0,0,0,0,0,0,0,4,1,1,1,1,38,7,1596,1,9,FORD FOCUS,4,E01001444,0,-1
2020430440121,2020,430440121,1,9,0,5,5,8,4,0,0,0,0,0,0,0,3,1,6,6,1,33,6,1560,2,15,FORD FOCUS,-1,-1,0,-1
2020030961540,2020,030961540,1,9,0,18,19,1,5,0,0,0,0,0,0,0,1,1,6,6,1,24,5,1999,1,3,FORD FOCUS,6,E01019100,0,-1
2020010257805,2020,010257805,3,9,0,16,19,3,7,0,0,1,0,0,0,0,2,1,2,2,1,25,5,999,1,1,FORD FOCUS,5,E01003664,0,-1
2020010241308,2020,010241308,1,9,0,99,99,9,9,99,99,9,9,99,9,99,1,9,6,6,2,39,7,999,1,3,FORD FOCUS,5,E01002249,0,-1
2020010253267,2020,010253267,2,9,0,99,99,9,9,99,99,9,9,99,9,99,1,9,6,6,3,-1,-1,1498,1,3,FORD FOCUS,-1,-1,0,-1
202006M175161,2020,06M175161,1,9,0,4,4,2,6,0,0,1,0,0,0,0,2,1,2,2,2,38,7,999,1,5,FORD FOCUS,8,E01006170,0,-1
2020052000360,2020,052000360,2,9,0,6,6,2,2,0,0,8,0,0,0,0,3,1,3,7,1,45,7,1499,2,5,FORD FOCUS,1,E01033765,0,-1
2020220979868,2020,220979868,2,9,0,17,19,7,3,0,0,0,0,0,0,0,1,1,5,6,1,32,6,1499,2,6,FORD FOCUS,1,E01008932,0,-1
202006P272976,2020,06P272976,1,9,0,18,19,2,6,0,0,2,0,0,0,0,1,1,6,6,3,-1,-1,1560,2,8,FORD FOCUS,-1,-1,0,-1
2020052001135,2020,052001135,2,9,0,18,19,6,2,0,0,0,0,0,0,0,2,1,6,6,2,56,9,1560,2,9,FORD FOCUS,9,E01006365,0,-1
2020450981622,2020,450981622,2,9,0,8,8,3,5,0,0,6,0,0,0,0,4,1,5,6,1,37,7,1596,1,13,FORD FOCUS,7,E01003831,0,-1
2020302001617,2020,302001617,1,9,0,1,1,0,0,0,0,0,0,0,0,0,2,1,6,6,1,29,6,1560,2,8,FORD FOCUS,4,E01013460,0,-1
2020221015673,2020,221015673,3,9,0,18,19,4,8,0,0,8,0,0,1,10,1,1,5,6,2,27,6,1560,2,7,FORD FOCUS,1,E01010511,0,-1
2020052002042,2020,052002042,1,9,0,7,7,1,3,0,0,6,0,0,0,0,4,1,1,1,1,45,7,1499,2,3,FORD FOCUS,1,E01006614,0,-1
2020221001496,2020,221001496,1,9,0,18,19,8,4,0,0,8,0,0,7,10,1,1,5,6,2,61,9,1596,1,15,FORD FOCUS,4,E01028914,0,-1
2020332000045,2020,332000045,1,9,0,6,6,8,8,0,0,8,0,0,0,0,1,1,6,6,1,40,7,1596,1,18,FORD FOCUS,1,E01013638,0,-1
2020420990157,2020,420990157,2,9,0,18,19,7,3,0,0,0,0,0,0,0,4,1,2,2,1,30,6,1997,2,14,FORD FOCUS,4,E01015994,0,-1
2020010271039,2020,010271039,1,9,0,18,19,1,5,0,0,3,0,0,0,0,1,1,2,2,1,30,6,1499,2,3,FORD FOCUS,3,E01033583,0,-1
2020101003287,2020,101003287,1,9,0,5,5,2,5,0,0,4,0,0,0,0,3,1,5,6,1,64,9,999,1,6,FORD FOCUS,3,E01033548,0,-1
2020522003712,2020,522003712,1,9,0,18,19,6,2,0,0,8,0,0,0,0,1,1,6,6,2,54,8,999,1,4,FORD FOCUS,9,E01014757,0,-1
2020410961721,2020,410961721,2,9,0,9,9,7,4,0,0,1,0,0,0,0,4,1,6,6,1,34,6,1753,2,15,FORD FOCUS,8,E01023688,0,-1
2020030997243,2020,030997243,1,9,0,6,6,7,3,0,0,0,0,0,0,0,3,1,5,6,1,76,11,999,1,3,FORD FOCUS,5,E01019144,0,-1
2020200942972,2020,200942972,2,9,0,18,19,7,3,0,0,0,0,0,0,0,2,1,6,6,1,31,6,1560,2,9,FORD FOCUS,2,E01008964,0,-1
2020520001899,2020,520001899,1,9,0,16,19,5,1,0,0,0,0,0,0,0,1,1,6,6,1,39,7,1596,1,18,FORD FOCUS,2,E01014828,0,-1
2020100949102,2020,100949102,1,9,0,18,19,2,8,0,0,8,0,0,1,11,1,1,6,6,1,18,4,1596,1,14,FORD FOCUS,-1,-1,0,-1
202006A277521,2020,06A277521,1,9,0,18,19,2,6,0,0,0,1,0,6,4,1,1,6,6,2,30,6,1596,1,13,FORD FOCUS,7,E01007002,0,-1
2020010280353,2020,010280353,1,9,0,99,99,9,9,99,99,9,9,99,9,99,2,9,6,6,1,46,8,999,1,3,FORD FOCUS,3,E01002543,0,-1
2020470940349,2020,470940349,1,9,0,18,19,3,7,0,0,0,0,4,0,0,1,1,2,2,2,42,7,998,1,7,FORD FOCUS,2,E01021135,0,-1
2020420927442,2020,420927442,2,9,0,18,19,6,2,0,0,1,0,0,0,0,2,1,6,6,1,40,7,1596,1,18,FORD FOCUS,6,E01021714,0,-1
2020340K05732,2020,340K05732,1,9,0,9,9,6,2,0,0,6,0,0,0,0,3,1,6,6,1,27,6,1999,1,5,FORD FOCUS,4,E01027126,0,-1
2020010241849,2020,010241849,1,9,0,18,19,8,4,0,0,0,0,0,0,0,1,1,2,2,1,30,6,1997,2,2,FORD FOCUS,4,E01000162,0,-1
20201371V1044,2020,1371V1044,1,9,0,18,19,3,7,0,0,0,1,0,0,0,1,1,6,6,1,67,10,999,1,5,FORD FOCUS,6,E01020778,0,-1
2020010238640,2020,010238640,2,9,0,18,19,7,3,0,0,1,0,0,0,0,2,1,1,1,1,30,6,999,1,1,FORD FOCUS,2,E01016480,0,-1
2020460928978,2020,460928978,2,9,0,9,9,5,3,0,0,2,0,0,0,0,2,1,6,6,2,27,6,1997,2,9,FORD FOCUS,2,E01016040,0,-1
2020470934803,2020,470934803,1,9,0,18,19,7,3,0,0,0,0,0,1,4,1,1,5,6,1,27,6,1596,1,7,FORD FOCUS,6,E01022925,0,-1
2020010258584,2020,010258584,2,9,0,17,19,3,7,0,0,6,0,0,0,0,1,1,6,6,1,48,8,1596,1,14,FORD FOCUS,8,E01002160,0,-1
2020430010196,2020,430010196,2,9,0,17,19,8,5,0,0,0,0,0,1,0,3,1,6,6,2,34,6,1596,1,14,FORD FOCUS,5,E01016369,0,-1
2020010259278,2020,010259278,2,9,0,99,99,9,9,99,99,9,9,99,9,99,9,9,6,6,3,-1,-1,1596,1,16,FORD FOCUS,3,E01004337,0,-1
2020052002472,2020,052002472,2,9,0,3,3,1,5,0,0,0,0,0,0,0,2,1,3,7,1,43,7,1596,1,14,FORD FOCUS,3,E01007156,0,-1
2020500962530,2020,500962530,1,9,0,7,7,8,4,0,0,8,0,0,0,0,4,1,5,6,2,42,7,999,1,0,FORD FOCUS,3,E01018888,0,-1
2020410970657,2020,410970657,2,9,0,9,9,6,4,0,0,1,0,0,0,0,1,1,6,6,1,38,7,1496,1,1,FORD FOCUS,3,E01023866,0,-1
2020440350048,2020,440350048,1,9,0,6,6,4,4,0,0,0,0,0,0,0,3,1,6,6,1,87,11,999,1,4,FORD FOCUS,5,E01016436,0,-1
2020220985377,2020,220985377,1,9,0,5,5,3,7,0,0,4,0,0,0,0,3,1,5,6,2,35,6,1560,2,11,FORD FOCUS,7,E01022169,0,-1
2020400977435,2020,400977435,1,9,0,4,4,2,6,0,0,0,0,0,0,0,1,1,6,6,1,31,6,1596,1,8,FORD FOCUS,7,E01017516,0,-1
2020140981790,2020,140981790,1,9,0,18,19,1,5,0,0,8,0,0,3,0,1,1,6,6,3,-1,-1,1560,2,10,FORD FOCUS,-1,-1,0,-1
2020470982028,2020,470982028,1,9,0,18,19,1,5,0,0,0,0,0,0,0,1,1,5,6,2,27,6,1560,2,7,FORD FOCUS,5,E01031600,0,-1
2020041002371,2020,041002371,2,9,0,18,19,6,2,0,0,0,0,0,0,0,1,1,6,6,1,47,8,1499,2,1,FORD FOCUS,6,E01027570,0,-1
2020430158596,2020,430158596,1,9,0,18,19,8,4,0,0,1,1,0,1,0,1,1,6,6,2,43,7,1596,1,17,FORD FOCUS,7,E01016728,0,-1
2020052000126,2020,052000126,2,9,0,2,2,0,0,0,0,1,0,0,0,0,2,1,6,6,3,-1,-1,1499,2,4,FORD FOCUS,-1,-1,0,-1
2020010262661,2020,010262661,3,9,0,9,9,1,7,0,0,5,0,0,0,0,0,1,6,6,1,51,8,1596,1,12,FORD FOCUS,6,E01004501,0,-1
2020010249324,2020,010249324,1,9,0,18,19,3,7,0,0,1,0,0,0,0,3,1,6,6,2,42,7,1596,1,9,FORD FOCUS,4,E01002607,0,-1
2020010236793,2020,010236793,1,9,0,18,19,3,7,0,0,0,0,0,0,0,1,1,2,2,1,46,8,1596,1,17,FORD FOCUS,-1,-1,0,-1
2020040968291,2020,040968291,2,9,0,18,19,2,6,0,0,0,0,0,0,0,1,1,5,6,1,51,8,1596,1,9,FORD FOCUS,3,E01012623,0,-1
2020200988416,2020,200988416,2,9,0,18,19,6,2,0,0,8,0,0,0,0,1,1,6,6,1,23,5,1999,1,4,FORD FOCUS,7,E01010034,0,-1
202063A018920,2020,63A018920,1,9,0,7,7,2,4,0,0,6,0,0,0,0,1,1,6,6,1,51,8,1997,2,5,FORD FOCUS,7,W01000651,0,-1
2020140993730,2020,140993730,2,9,0,9,9,3,1,0,0,1,0,0,0,0,1,1,5,6,1,44,7,1753,2,10,FORD FOCUS,3,E01001243,0,-1
2020201007276,2020,201007276,1,9,0,5,5,2,6,0,0,1,0,0,0,0,2,1,6,6,1,32,6,1596,1,11,FORD FOCUS,4,E01009871,0,-1
2020320317570,2020,320317570,1,9,0,13,13,7,3,0,0,1,5,0,0,1,1,1,2,2,1,24,5,1596,1,11,FORD FOCUS,4,E01026268,0,-1
2020010276877,2020,010276877,1,9,0,7,7,1,4,0,0,0,0,0,1,0,4,1,6,6,1,30,6,1596,1,12,FORD FOCUS,9,E01002953,0,-1
2020440457375,2020,440457375,1,9,0,2,2,0,0,0,0,0,0,0,0,0,3,1,6,6,3,-1,-1,1596,1,11,FORD FOCUS,-1,-1,0,-1
2020010266130,2020,010266130,1,9,0,9,9,1,6,0,0,3,0,0,0,0,2,1,6,6,1,31,6,1596,1,8,FORD FOCUS,-1,-1,0,-1
2020610004420,2020,610004420,1,9,0,18,19,2,6,0,0,8,1,0,3,10,1,1,6,6,1,64,9,1560,2,10,FORD FOCUS,7,W01001568,0,-1
2020420996938,2020,420996938,1,9,0,16,19,5,1,0,0,0,2,0,7,11,1,1,6,6,1,42,7,1596,1,17,FORD FOCUS,1,E01022025,0,-1
2020990969772,2020,990969772,2,9,0,4,4,2,6,0,0,0,0,0,0,0,2,1,5,6,1,46,8,2521,1,12,FORD FOCUS,1,-1,0,-1
2020470993030,2020,470993030,2,9,0,1,1,6,2,0,0,0,0,0,0,0,3,1,6,6,2,28,6,1997,2,4,FORD FOCUS,7,E01031500,0,-1
2020070519417,2020,070519417,2,9,0,3,3,2,7,0,0,1,0,0,0,0,2,1,6,6,1,45,7,1596,1,9,FORD FOCUS,7,E01007203,0,-1
2020410931773,2020,410931773,2,9,0,18,19,2,6,0,0,1,0,0,0,0,1,1,1,1,1,37,7,998,1,6,FORD FOCUS,5,E01023937,0,-1
2020500975847,2020,500975847,1,9,0,2,2,1,5,0,0,0,0,0,0,0,2,1,5,6,1,32,6,1596,1,8,FORD FOCUS,4,E01020247,0,-1
2020040996712,2020,040996712,1,9,0,18,19,1,5,0,0,1,0,0,0,0,1,1,6,6,3,-1,-1,1560,2,7,FORD FOCUS,-1,-1,0,-1
202031B105920,2020,31B105920,1,9,0,18,19,3,7,0,0,0,0,0,0,0,1,1,6,6,1,22,5,1560,2,8,FORD FOCUS,1,E01028066,0,-1
2020360918916,2020,360918916,1,9,0,9,9,7,5,0,0,8,0,0,0,0,3,1,2,2,2,57,9,998,1,6,FORD FOCUS,5,E01026643,0,-1
2020200923572,2020,200923572,1,9,0,18,19,3,7,0,0,0,0,0,0,0,1,1,6,6,1,26,6,1997,2,13,FORD FOCUS,4,E01014138,0,-1
2020450963402,2020,450963402,1,9,0,2,2,0,0,0,0,0,0,0,0,0,1,1,5,6,2,76,11,1997,2,14,FORD FOCUS,7,E01030410,0,-1
2020460991056,2020,460991056,1,9,0,9,9,7,5,0,0,0,0,0,0,0,1,1,6,6,1,86,11,1596,1,21,FORD FOCUS,8,E01024271,0,-1
2020200944852,2020,200944852,3,9,0,1,1,5,1,0,0,2,0,0,0,0,2,1,6,6,1,27,6,999,1,1,FORD FOCUS,1,E01013958,0,-1
2020010257241,2020,010257241,1,9,0,99,99,9,9,99,99,9,9,99,9,99,9,9,6,6,1,33,6,1499,2,2,FORD FOCUS,4,E01004358,0,-1
2020990991653,2020,990991653,1,9,0,5,5,6,2,0,0,2,0,0,0,0,3,1,5,6,1,83,11,999,1,2,FORD FOCUS,9,-1,0,-1
2020010285535,2020,010285535,2,9,0,4,4,1,5,0,0,1,0,0,1,0,1,1,6,6,2,36,7,1596,1,7,FORD FOCUS,6,E01001648,0,-1
2020052000280,2020,052000280,2,9,0,18,19,2,6,0,0,8,0,0,0,0,3,1,6,6,1,34,6,999,1,5,FORD FOCUS,1,E01007126,0,-1
2020430238563,2020,430238563,1,9,0,18,19,1,5,0,0,1,0,0,0,0,4,1,6,6,1,28,6,1596,1,9,FORD FOCUS,5,E01032555,0,-1
2020450940139,2020,450940139,2,9,0,9,9,3,5,0,0,3,0,0,0,0,1,1,1,1,2,23,5,1596,1,14,FORD FOCUS,4,E01004380,0,-1
2020990974141,2020,990974141,1,9,0,5,5,3,7,0,0,0,0,0,0,0,1,1,6,6,1,28,6,1499,2,5,FORD FOCUS,1,-1,0,-1
2020990981430,2020,990981430,1,9,0,16,19,5,1,0,0,0,0,0,7,4,1,1,5,6,1,21,5,1496,1,0,FORD FOCUS,2,-1,0,-1
2020421009997,2020,421009997,1,9,0,4,4,3,7,0,0,0,1,0,0,0,1,1,5,6,1,26,6,1798,1,15,FORD FOCUS,9,E01021934,0,-1
2020010285999,2020,010285999,2,9,0,4,4,8,4,0,0,0,0,0,0,0,0,1,1,1,1,33,6,1560,2,6,FORD FOCUS,9,E01031772,0,-1
2020010262284,2020,010262284,1,9,0,8,8,1,4,0,0,7,0,0,0,0,2,1,6,6,2,42,7,1596,1,9,FORD FOCUS,5,E01003663,0,-1
2020010251402,2020,010251402,2,9,0,99,99,9,9,99,99,9,9,99,9,99,9,9,6,6,1,64,9,1560,2,9,FORD FOCUS,6,E01024756,0,-1
2020990925891,2020,990925891,1,9,0,14,14,3,7,0,0,0,0,0,0,0,1,1,5,6,1,23,5,1997,2,5,FORD FOCUS,4,-1,0,-1
2020430030915,2020,430030915,2,9,0,18,19,-1,-1,0,0,8,0,0,0,0,4,1,2,2,1,76,11,999,1,3,FORD FOCUS,-1,-1,0,-1
2020370953746,2020,370953746,1,9,0,4,4,2,6,0,0,0,0,0,1,1,1,1,5,6,2,73,10,1596,1,6,FORD FOCUS,8,E01030173,0,-1
2020552000446,2020,552000446,1,9,0,5,5,7,2,0,0,4,0,0,0,0,1,1,1,1,1,54,8,1499,2,1,FORD FOCUS,5,E01033283,0,-1
2020340D08342,2020,340D08342,6,9,0,18,19,3,7,0,0,0,0,0,0,0,1,1,6,6,1,55,8,1499,2,3,FORD FOCUS,4,E01027012,0,-1
2020010234841,2020,010234841,1,9,0,9,9,1,7,0,0,5,0,0,0,0,3,1,6,6,1,28,6,1596,1,12,FORD FOCUS,2,E01004235,0,-1
2020010262149,2020,010262149,2,9,0,99,99,9,9,99,99,9,9,99,9,99,1,9,6,6,3,-1,-1,1753,2,17,FORD FOCUS,-1,-1,0,-1
2020101006367,2020,101006367,2,9,0,5,5,1,5,0,0,1,0,0,0,0,1,1,5,6,2,35,6,1560,2,6,FORD FOCUS,1,E01008305,0,-1
2020450938068,2020,450938068,1,9,0,18,19,1,1,0,0,0,0,0,0,0,2,1,3,7,1,37,7,1753,2,17,FORD FOCUS,6,E01030665,0,-1
2020137A90490,2020,137A90490,1,9,0,8,8,5,3,0,0,8,0,0,0,0,2,1,6,6,2,56,9,1596,1,14,FORD FOCUS,2,E01011485,0,-1
2020040968298,2020,040968298,1,9,0,18,19,3,7,0,0,1,0,7,0,0,1,1,5,6,1,49,8,1596,1,16,FORD FOCUS,8,E01025420,0,-1
2020010240149,2020,010240149,2,9,0,9,9,2,8,0,0,5,0,0,7,0,1,1,6,6,2,72,10,1596,1,19,FORD FOCUS,4,E01002016,0,-1
2020400926594,2020,400926594,2,9,0,16,19,7,3,0,0,4,0,0,0,0,3,1,5,6,2,33,6,1999,1,7,FORD FOCUS,10,E01017607,0,-1
2020500962638,2020,500962638,2,9,0,18,19,1,5,0,0,1,0,0,0,0,4,1,6,6,1,56,9,1499,2,5,FORD FOCUS,5,E01020082,0,-1
2020361002370,2020,361002370,3,9,0,18,19,7,3,0,0,0,0,0,0,0,4,1,1,1,2,27,6,1499,2,4,FORD FOCUS,6,E01026707,0,-1
2020010255574,2020,010255574,1,9,0,99,99,9,9,99,99,1,9,99,9,99,4,9,6,6,1,29,6,1596,1,11,FORD FOCUS,2,E01000095,0,-1
2020400984922,2020,400984922,2,9,0,7,7,5,8,0,0,6,0,0,0,0,3,1,6,6,1,62,9,1560,2,9,FORD FOCUS,7,E01017527,0,-1
2020230951799,2020,230951799,1,9,0,18,19,6,2,0,0,0,0,0,0,0,3,1,6,6,1,30,6,1560,2,8,FORD FOCUS,9,E01009543,0,-1
2020070303557,2020,070303557,1,9,0,16,19,3,6,0,0,0,1,0,0,0,1,1,2,2,1,34,6,998,1,8,FORD FOCUS,8,E01018465,0,-1
2020200985293,2020,200985293,1,9,0,18,19,6,2,0,0,0,0,0,0,0,1,1,6,6,3,-1,-1,1596,1,15,FORD FOCUS,-1,-1,0,-1
202063A035020,2020,63A035020,1,9,0,5,5,4,8,0,0,0,0,0,0,0,4,1,6,6,1,29,6,1753,2,14,FORD FOCUS,4,W01000697,0,-1
2020460975943,2020,460975943,1,9,0,18,19,4,8,0,0,7,0,0,0,0,1,1,5,6,2,-1,-1,1596,1,9,FORD FOCUS,6,E01024136,0,-1
2020430014378,2020,430014378,1,9,0,18,19,9,9,0,0,4,0,0,0,0,1,1,6,6,1,-1,-1,1999,1,12,FORD FOCUS,10,E01016792,0,-1
2020461001708,2020,461001708,2,9,0,9,9,2,7,0,0,8,0,0,0,0,3,1,1,1,1,-1,-1,1596,1,11,FORD FOCUS,5,E01016156,0,-1
2020420983578,2020,420983578,4,9,0,3,3,2,7,0,0,0,0,0,0,0,2,1,6,6,1,78,11,1596,1,7,FORD FOCUS,6,E01021758,0,-1
20201375L0811,2020,1375L0811,2,9,0,18,19,3,7,0,0,0,0,0,0,0,2,1,6,6,2,24,5,1753,2,14,FORD FOCUS,-1,-1,0,-1
2020500999061,2020,500999061,2,9,0,4,4,1,5,0,0,0,0,0,1,0,2,1,6,6,1,30,6,999,1,1,FORD FOCUS,1,E01020094,0,-1
2020010261018,2020,010261018,2,9,9,99,99,9,9,99,99,9,9,99,9,99,9,9,6,6,3,-1,-1,1596,1,9,FORD FOCUS,-1,-1,0,-1
2020544994520,2020,544994520,1,9,0,17,19,5,1,0,0,0,1,0,7,1,1,1,6,6,2,37,7,1753,2,13,FORD FOCUS,5,E01032063,0,-1
2020430148451,2020,430148451,1,9,0,9,9,2,8,0,0,6,0,0,0,0,3,1,6,6,2,65,9,1596,1,10,FORD FOCUS,10,E01016184,0,-1
2020410922496,2020,410922496,1,9,0,5,5,3,8,0,0,2,0,0,0,0,1,1,1,1,1,30,6,1596,1,8,FORD FOCUS,7,E01023683,0,-1
2020990926468,2020,990926468,1,9,0,18,19,7,3,0,0,0,2,0,7,11,1,1,6,6,1,63,9,1798,1,14,FORD FOCUS,3,-1,0,-1
2020040972177,2020,040972177,2,9,0,2,2,0,0,0,0,1,0,0,0,0,4,1,5,6,1,25,5,998,1,7,FORD FOCUS,2,E01025390,0,-1
2020990994172,2020,990994172,1,9,0,7,7,3,6,0,0,4,0,0,0,0,1,1,2,2,1,41,7,1560,2,8,FORD FOCUS,5,-1,0,-1
2020420983665,2020,420983665,2,9,0,18,19,4,8,0,0,4,0,0,0,0,4,1,5,6,1,85,11,1596,1,13,FORD FOCUS,4,E01021984,0,-1
2020430012500,2020,430012500,1,9,0,18,19,7,3,0,0,0,0,0,2,4,1,1,6,6,1,48,8,1596,1,19,FORD FOCUS,6,E01030759,0,-1
2020302000279,2020,302000279,1,9,0,17,19,6,2,0,0,0,5,0,2,11,4,1,3,7,2,45,7,1753,2,15,FORD FOCUS,9,E01007432,0,-1
2020320467678,2020,320467678,2,9,0,17,19,7,3,0,0,1,0,0,0,0,1,1,6,6,1,27,6,999,1,1,FORD FOCUS,7,E01026412,0,-1
2020010262704,2020,010262704,5,9,0,2,2,0,0,0,0,1,0,0,0,0,3,1,6,6,3,-1,-1,1499,2,4,FORD FOCUS,-1,-1,0,-1
2020200938311,2020,200938311,1,9,0,18,19,4,8,0,0,1,0,0,0,0,1,1,6,6,1,26,6,1596,1,9,FORD FOCUS,7,E01009562,0,-1
2020410933322,2020,410933322,1,9,0,9,9,3,5,0,0,6,0,0,0,0,1,1,6,6,2,27,6,1596,1,14,FORD FOCUS,3,E01023613,0,-1
2020350919391,2020,350919391,3,9,0,3,3,5,1,0,0,0,0,0,0,0,2,1,6,6,1,27,6,998,1,6,FORD FOCUS,10,E01018014,0,-1
2020990931871,2020,990931871,1,9,0,18,19,7,3,0,0,0,0,0,7,0,2,1,5,6,1,54,8,1560,2,7,FORD FOCUS,6,-1,0,-1
2020340D04532,2020,340D04532,1,9,0,18,19,1,5,0,0,1,0,0,0,0,1,1,2,2,1,28,6,1596,1,15,FORD FOCUS,3,E01009105,0,-1
2020010236089,2020,010236089,2,9,0,99,99,9,9,99,99,0,9,99,9,99,1,9,6,6,3,55,8,1560,2,8,FORD FOCUS,4,E01004221,0,-1
2020500940203,2020,500940203,1,9,0,18,19,2,1,0,0,0,0,0,0,0,1,1,6,6,2,47,8,1596,1,18,FORD FOCUS,9,E01020026,0,-1
2020530964379,2020,530964379,1,9,0,6,6,7,3,0,0,0,0,0,0,0,3,1,6,6,2,53,8,1596,1,17,FORD FOCUS,3,E01022294,0,-1
2020200988992,2020,200988992,1,9,0,6,6,6,6,0,0,0,0,0,0,0,1,1,6,6,1,49,8,999,1,5,FORD FOCUS,4,E01010009,0,-1
2020500985787,2020,500985787,2,9,0,18,19,1,5,0,0,0,0,0,0,0,1,1,2,2,2,46,8,999,1,5,FORD FOCUS,2,E01015023,0,-1
2020470976855,2020,470976855,1,9,0,13,13,3,7,0,0,0,1,0,1,0,4,1,5,6,1,20,4,999,1,3,FORD FOCUS,8,E01021055,0,-1
2020220928755,2020,220928755,2,9,0,4,4,3,7,0,0,0,0,0,0,0,2,1,5,6,1,37,7,1560,2,5,FORD FOCUS,1,E01008966,0,-1
2020052000097,2020,052000097,1,8,0,9,9,5,3,0,0,5,0,0,0,0,3,1,1,1,1,58,9,1499,2,4,FORD FOCUS,6,E01007105,0,-1
2020010241070,2020,010241070,2,9,0,3,3,1,5,0,0,1,0,0,0,0,2,1,6,6,1,46,8,1596,1,13,FORD FOCUS,2,E01000626,0,-1
2020122000356,2020,122000356,2,9,0,13,13,8,4,0,0,0,0,0,0,0,1,1,6,6,2,55,8,1560,2,9,FORD FOCUS,1,E01032497,0,-1
2020230991379,2020,230991379,3,9,0,4,4,6,2,0,0,1,0,0,0,0,2,1,5,6,1,54,8,999,1,0,FORD FOCUS,10,E01017737,0,-1
2020990939174,2020,990939174,1,9,0,18,19,2,6,0,0,6,0,0,0,0,1,1,5,6,1,45,7,1499,2,4,FORD FOCUS,3,-1,0,-1
2020010252649,2020,010252649,1,9,0,7,7,3,5,4,4,1,0,0,0,0,4,1,6,6,1,21,5,1596,1,12,FORD FOCUS,2,E01004226,0,-1
2020010260916,2020,010260916,1,9,0,9,9,1,6,0,0,5,0,0,0,0,1,1,6,6,2,77,11,1596,1,9,FORD FOCUS,6,E01000166,0,-1
2020200952602,2020,200952602,2,9,0,18,19,2,4,0,0,8,0,0,0,0,1,1,1,1,1,34,6,1596,1,12,FORD FOCUS,1,E01009700,0,-1
2020320087934,2020,320087934,1,9,0,16,19,7,3,0,0,0,1,0,2,4,1,1,1,1,1,27,6,1596,1,13,FORD FOCUS,4,E01028305,0,-1
2020137AM1262,2020,137AM1262,1,9,0,7,7,2,6,0,0,5,0,0,0,0,4,1,6,6,1,44,7,1560,2,6,FORD FOCUS,6,E01011057,0,-1