collision_index,collision_year,collision_ref_no,vehicle_reference,vehicle_type,towing_and_articulation,vehicle_manoeuvre_historic,vehicle_manoeuvre,vehicle_direction_from,vehicle_direction_to,vehicle_location_restricted_lane_historic,vehicle_location_restricted_lane,junction_location,skidding_and_overturning,hit_object_in_carriageway,vehicle_leaving_carriageway,hit_object_off_carriageway,first_point_of_impact,vehicle_left_hand_drive,journey_purpose_of_driver_historic,journey_purpose_of_driver,sex_of_driver,age_of_driver,age_band_of_driver,engine_capacity_cc,propulsion_code,age_of_vehicle,generic_make_model,driver_imd_decile,lsoa_of_driver,escooter_flag,driver_distance_banding
2020500933521,2020,500933521,1,9,0,18,19,1,5,0,0,0,0,0,7,11,1,1,5,6,1,24,5,2521,1,14,FORD FOCUS,1,E01015180,0,-1
2020410919967,2020,410919967,2,9,0,3,3,5,1,0,0,0,1,4,0,0,2,1,6,6,1,54,8,1596,1,17,FORD FOCUS,3,E01015761,0,-1
2020010242392,2020,010242392,2,9,0,6,6,1,1,0,0,8,0,0,0,0,3,1,6,6,1,34,6,1499,2,1,FORD FOCUS,4,E01023681,0,-1
2020320106347,2020,320106347,1,9,0,18,19,5,1,0,0,4,0,0,0,0,1,1,1,1,1,37,7,1598,2,6,FORD FOCUS,1,E01018107,0,-1
2020040914725,2020,040914725,1,9,0,18,19,6,2,0,0,8,0,0,0,0,1,1,5,6,1,36,7,1596,1,17,FORD FOCUS,8,E01025599,0,-1
2020010243767,2020,010243767,1,9,0,12,12,1,5,2,2,8,0,0,0,0,1,1,6,6,1,59,9,1753,2,14,FORD FOCUS,2,E01002505,0,-1
2020400928521,2020,400928521,2,9,0,18,19,2,6,0,0,0,0,0,0,0,3,1,5,6,1,34,6,1999,1,6,FORD FOCUS,9,E01017389,0,-1
2020040998131,2020,040998131,2,9,0,18,19,7,3,0,0,8,0,0,0,0,3,1,5,6,1,23,5,999,1,0,FORD FOCUS,10,E01025316,0,-1
2020302000530,2020,302000530,2,9,0,7,7,8,2,0,0,2,0,0,0,0,3,1,6,6,2,41,7,1560,2,11,FORD FOCUS,10,E01019727,0,-1
2020530920237,2020,530920237,2,9,0,3,3,-1,-1,0,0,0,0,0,0,0,2,1,5,6,2,66,10,999,1,3,FORD FOCUS,10,E01015521,0,-1
2020450932738,2020,450932738,2,9,0,17,19,6,2,0,0,0,0,0,0,0,1,1,5,6,1,25,5,1596,1,13,FORD FOCUS,8,E01016468,0,-1
2020440391423,2020,440391423,2,9,0,18,19,5,1,0,0,8,0,0,0,0,1,1,2,2,2,53,8,1798,1,14,FORD FOCUS,10,E01022742,0,-1
2020460983938,2020,460983938,2,9,0,18,19,7,3,0,0,0,0,0,0,0,1,1,6,6,1,49,8,1753,2,14,FORD FOCUS,7,E01000427,0,-1
2020410962240,2020,410962240,1,9,0,4,4,5,1,0,0,0,0,0,0,0,1,1,5,6,1,38,7,998,1,8,FORD FOCUS,3,E01001492,0,-1
2020360982823,2020,360982823,1,9,0,1,1,4,8,0,0,0,0,0,0,0,2,1,5,6,1,67,10,999,1,2,FORD FOCUS,6,E01026748,0,-1
2020470966136,2020,470966136,1,9,0,18,19,5,1,0,0,1,0,0,0,0,1,1,5,6,1,55,8,1596,1,19,FORD FOCUS,5,E01031807,0,-1
2020010268160,2020,010268160,2,9,0,99,99,9,9,99,99,0,9,99,9,99,1,9,6,6,3,-1,-1,1753,2,13,FORD FOCUS,2,E01004055,0,-1
2020200971543,2020,200971543,1,9,0,18,19,2,6,0,0,0,0,10,7,5,1,1,6,6,1,34,6,1560,2,9,FORD FOCUS,10,E01009899,0,-1
2020010255172,2020,010255172,2,9,0,4,4,7,3,0,0,1,0,0,0,0,1,1,2,2,1,44,7,998,1,6,FORD FOCUS,9,E01002116,0,-1
2020430068795,2020,430068795,1,9,0,2,2,4,8,0,0,0,0,0,0,0,1,1,6,6,2,35,6,1596,1,13,FORD FOCUS,5,E01016836,0,-1
2020460977625,2020,460977625,1,9,0,7,7,5,7,0,0,1,0,0,0,0,1,1,6,6,1,16,4,1596,1,18,FORD FOCUS,4,E01032800,0,-1
20201378O1470,2020,1378O1470,1,9,0,18,19,3,7,0,0,1,0,0,0,0,0,1,6,6,1,29,6,999,1,0,FORD FOCUS,2,E01011010,0,-1
2020010276782,2020,010276782,2,9,9,99,99,9,9,99,99,0,9,99,9,99,9,9,6,6,3,37,7,1560,2,6,FORD FOCUS,9,E01002537,0,-1
2020320068492,2020,320068492,2,9,0,18,19,5,1,0,0,2,0,0,0,0,2,1,6,6,1,24,5,1560,2,8,FORD FOCUS,8,E01028375,0,-1
2020320576139,2020,320576139,1,9,0,14,14,1,5,0,0,0,0,0,0,0,1,1,6,6,1,19,4,1798,1,13,FORD FOCUS,3,E01026311,0,-1
2020170M11810,2020,170M11810,2,9,0,9,9,7,4,0,0,8,0,0,0,0,1,1,6,6,1,37,7,1560,2,6,FORD FOCUS,5,E01012295,0,-1
2020010268913,2020,010268913,1,9,0,9,9,4,3,0,0,5,0,0,0,0,1,1,6,6,1,34,6,1753,2,12,FORD FOCUS,2,E01001333,0,-1
2020430262426,2020,430262426,1,9,0,3,3,4,8,0,0,0,0,0,0,0,2,1,6,6,1,77,11,1560,2,8,FORD FOCUS,10,E01028670,0,-1
2020440341289,2020,440341289,1,9,0,9,9,8,6,0,0,8,0,0,0,0,4,1,6,6,1,48,8,1560,2,10,FORD FOCUS,1,E01032750,0,-1
202031C169320,2020,31C169320,1,9,0,9,9,7,5,0,0,8,0,0,0,0,4,1,6,6,2,34,6,1596,1,20,FORD FOCUS,3,E01019661,0,-1
2020200923239,2020,200923239,1,9,0,17,19,1,4,0,0,0,0,0,8,4,3,1,5,6,1,29,6,2521,1,12,FORD FOCUS,9,E01022778,0,-1
2020052001589,2020,052001589,1,9,0,7,7,7,1,0,0,5,5,0,0,0,1,1,6,6,1,55,8,1596,1,10,FORD FOCUS,4,E01007140,0,-1
2020320455783,2020,320455783,1,9,0,13,13,1,5,0,0,1,0,0,0,0,1,1,6,6,3,40,7,1596,1,9,FORD FOCUS,-1,-1,0,-1
2020122000359,2020,122000359,1,9,0,18,19,1,5,0,0,1,0,0,0,0,1,1,2,2,1,44,7,1499,2,4,FORD FOCUS,7,E01013449,0,-1
2020350990181,2020,350990181,1,9,0,3,3,3,7,0,0,0,0,0,0,0,1,1,6,6,2,50,8,1596,1,11,FORD FOCUS,2,E01015633,0,-1
2020010263772,2020,010263772,2,9,0,99,99,9,9,99,99,9,9,99,9,99,1,9,6,6,3,27,6,1596,1,13,FORD FOCUS,2,E01004253,0,-1
20201373B1040,2020,1373B1040,1,9,0,18,19,8,6,0,0,2,0,0,0,0,1,1,6,6,1,27,6,1560,2,8,FORD FOCUS,2,E01011017,0,-1
2020220933088,2020,220933088,1,9,0,18,19,1,6,0,0,8,1,0,7,11,4,1,6,6,2,45,7,999,1,1,FORD FOCUS,7,E01032425,0,-1
2020070452907,2020,070452907,2,9,0,18,19,1,5,0,0,0,1,0,1,7,2,1,6,6,1,66,10,999,1,1,FORD FOCUS,7,E01008968,0,-1
2020141004165,2020,141004165,2,9,0,6,6,5,5,0,0,0,0,0,0,0,3,1,5,6,1,54,8,1596,1,17,FORD FOCUS,4,E01007699,0,-1
2020990963872,2020,990963872,2,9,0,2,2,0,0,0,0,0,0,0,0,0,2,1,6,6,2,32,6,999,1,2,FORD FOCUS,6,-1,0,-1
2020990973556,2020,990973556,2,9,0,18,19,2,6,0,0,0,0,4,0,0,1,1,5,6,2,34,6,1596,1,13,FORD FOCUS,4,-1,0,-1
2020460994194,2020,460994194,1,9,0,9,9,7,3,0,0,1,0,0,0,0,1,1,5,6,1,50,8,1560,2,7,FORD FOCUS,2,E01024398,0,-1
2020501007365,2020,501007365,1,9,0,7,7,5,7,0,0,1,0,0,0,0,3,1,5,6,1,35,6,1596,1,18,FORD FOCUS,5,E01020006,0,-1
2020420958554,2020,420958554,1,9,0,18,19,3,6,0,0,5,0,0,0,0,1,1,6,6,1,31,6,1596,1,14,FORD FOCUS,10,E01021569,0,-1
2020440336485,2020,440336485,2,9,0,18,19,2,7,0,0,8,0,0,0,0,3,1,6,6,2,55,8,1596,1,14,FORD FOCUS,5,E01023086,0,-1
202031A074420,2020,31A074420,2,9,0,2,2,0,0,0,0,1,0,0,0,0,3,1,6,6,1,58,9,1596,1,12,FORD FOCUS,6,E01028283,0,-1
2020320313979,2020,320313979,2,9,0,12,12,1,5,0,0,8,0,0,0,0,0,1,2,2,1,30,6,1596,1,9,FORD FOCUS,2,E01026175,0,-1
2020010236551,2020,010236551,1,9,0,15,15,5,1,0,0,0,0,4,0,0,1,1,6,6,1,17,4,1560,2,12,FORD FOCUS,2,E01004243,0,-1
2020450980289,2020,450980289,1,9,0,5,5,0,0,0,0,0,0,0,0,0,3,1,5,6,1,34,6,999,1,1,FORD FOCUS,4,E01030805,0,-1
2020010246947,2020,010246947,2,9,0,2,2,0,0,6,6,0,0,0,0,0,1,1,6,6,3,-1,-1,2261,1,3,FORD FOCUS,-1,-1,0,-1
2020450968739,2020,450968739,3,9,0,3,3,7,3,0,0,8,0,0,0,0,3,2,2,2,1,54,8,2261,1,3,FORD FOCUS,9,E01030521,0,-1
2020420967248,2020,420967248,2,9,0,18,19,8,5,0,0,1,0,0,0,0,1,1,5,6,1,24,5,1499,2,0,FORD FOCUS,2,E01021319,0,-1
2020040940542,2020,040940542,1,9,0,18,19,1,5,0,0,0,0,0,1,3,1,1,5,6,1,29,6,1560,2,11,FORD FOCUS,3,E01025578,0,-1
2020522100048,2020,522100048,3,9,0,18,19,5,1,0,0,0,0,0,0,0,1,1,6,6,1,57,9,1499,2,5,FORD FOCUS,5,E01015423,0,-1
2020010237291,2020,010237291,2,9,0,99,99,9,9,99,99,9,9,99,9,99,9,9,6,6,3,-1,-1,1560,2,7,FORD FOCUS,-1,-1,0,-1
2020010233075,2020,010233075,2,9,0,2,2,0,0,0,0,0,0,4,0,0,2,1,6,6,3,-1,-1,1596,1,10,FORD FOCUS,-1,-1,0,-1
2020010255220,2020,010255220,2,9,0,99,99,9,9,99,99,9,9,99,9,99,9,9,6,6,3,-1,-1,1596,1,9,FORD FOCUS,-1,-1,0,-1
2020990945600,2020,990945600,1,9,0,17,19,3,7,0,0,0,0,6,0,0,4,1,5,6,1,30,6,1596,1,16,FORD FOCUS,1,-1,0,-1
2020440185498,2020,440185498,1,9,0,18,19,8,3,0,0,8,0,0,0,0,1,1,6,6,2,27,6,999,1,2,FORD FOCUS,10,E01022661,0,-1
2020040928801,2020,040928801,5,9,0,18,19,1,5,0,0,0,0,0,1,0,1,1,5,6,1,53,8,1499,2,3,FORD FOCUS,4,E01006278,0,-1
2020460959136,2020,460959136,1,9,0,18,19,6,2,0,0,0,0,11,1,0,1,1,2,2,1,28,6,1560,2,9,FORD FOCUS,2,E01023973,0,-1
2020052000430,2020,052000430,2,9,0,18,19,3,7,0,0,8,0,0,0,0,1,1,6,6,1,59,9,998,1,6,FORD FOCUS,1,E01007215,0,-1
2020040969500,2020,040969500,1,9,0,5,5,3,7,0,0,0,0,0,0,0,1,2,2,2,2,27,6,998,1,6,FORD FOCUS,4,E01025556,0,-1
2020470959287,2020,470959287,1,9,0,18,19,4,8,0,0,1,0,0,0,0,1,1,6,6,2,31,6,1560,2,9,FORD FOCUS,8,E01031765,0,-1
2020420924862,2020,420924862,1,9,0,17,19,1,5,9,9,0,5,0,7,0,1,1,5,6,1,27,6,1988,1,19,FORD FOCUS,2,E01015938,0,-1
2020410972037,2020,410972037,1,9,0,18,19,4,5,0,0,0,0,0,0,0,1,1,5,6,1,22,5,999,1,5,FORD FOCUS,8,E01018132,0,-1
2020370954424,2020,370954424,2,9,0,2,2,0,0,0,0,0,0,0,0,0,1,1,2,2,1,52,8,1596,1,10,FORD FOCUS,7,E01030235,0,-1
2020010282501,2020,010282501,2,9,0,99,99,9,9,99,99,9,9,99,9,99,1,9,6,6,2,53,8,1596,1,12,FORD FOCUS,2,E01001528,0,-1
2020010256505,2020,010256505,3,9,0,4,4,4,8,0,0,0,0,0,0,0,2,1,6,6,3,-1,-1,1596,1,13,FORD FOCUS,-1,-1,0,-1
2020440441025,2020,440441025,1,9,0,17,19,4,8,0,0,0,1,0,1,11,1,1,6,6,1,-1,-1,1753,2,14,FORD FOCUS,-1,-1,0,-1
2020440429651,2020,440429651,1,9,0,5,5,3,7,0,0,8,0,0,0,0,4,1,6,6,2,48,8,1596,1,13,FORD FOCUS,3,E01023107,0,-1
2020010275833,2020,010275833,1,9,0,18,19,3,7,0,0,0,0,0,0,0,2,1,6,6,1,35,6,1596,1,15,FORD FOCUS,2,E01002031,0,-1
202006A368541,2020,06A368541,1,9,0,15,15,5,1,0,0,1,0,0,0,0,1,1,6,6,1,15,3,1596,1,20,FORD FOCUS,-1,-1,0,-1
2020440389219,2020,440389219,2,9,0,3,3,8,2,0,0,8,0,0,0,0,2,1,6,6,1,31,6,1596,1,9,FORD FOCUS,2,E01022833,0,-1
2020440207531,2020,440207531,1,9,0,18,19,1,5,0,0,1,0,0,0,0,1,1,6,6,2,30,6,1596,1,16,FORD FOCUS,4,E01017277,0,-1
2020010258717,2020,010258717,2,9,0,99,99,9,9,99,99,9,9,99,9,99,1,9,6,6,3,-1,-1,1596,1,15,FORD FOCUS,-1,-1,0,-1
2020420982515,2020,420982515,1,9,0,18,19,3,7,0,0,0,2,0,7,0,1,1,6,6,1,30,6,1596,1,13,FORD FOCUS,9,E01013980,0,-1
2020401009987,2020,401009987,1,9,-1,-1,-1,1,5,0,0,-1,-1,-1,-1,0,-1,1,6,6,1,30,6,1596,1,15,FORD FOCUS,-1,-1,0,-1
2020990916582,2020,990916582,1,9,0,18,19,3,7,0,0,0,0,0,0,0,4,1,2,2,2,28,6,1560,2,7,FORD FOCUS,3,-1,0,-1
2020040962127,2020,040962127,1,9,0,18,19,3,7,0,0,0,1,0,0,0,4,1,5,6,1,47,8,998,1,8,FORD FOCUS,1,E01025230,0,-1
2020160989134,2020,160989134,1,9,0,12,12,6,2,0,0,1,0,0,7,0,3,1,5,6,1,40,7,1560,2,16,FORD FOCUS,5,E01024873,0,-1
2020440178082,2020,440178082,2,9,0,2,2,0,0,0,0,0,0,0,0,0,1,1,6,6,3,-1,-1,1997,2,16,FORD FOCUS,-1,-1,0,-1
2020470982988,2020,470982988,1,9,0,18,19,7,3,0,0,0,1,12,0,0,0,1,5,6,1,54,8,1753,2,14,FORD FOCUS,4,E01031469,0,-1
2020220961287,2020,220961287,1,9,0,17,19,1,5,0,0,0,2,0,7,10,1,1,5,6,1,27,6,1798,1,13,FORD FOCUS,5,E01028843,0,-1
2020460935628,2020,460935628,2,9,0,17,19,5,1,0,0,0,0,0,0,0,1,1,6,6,1,80,11,1999,1,12,FORD FOCUS,8,E01024575,0,-1
2020990976912,2020,990976912,2,9,0,18,19,3,7,0,0,1,0,0,1,0,1,1,5,6,2,39,7,1596,1,9,FORD FOCUS,4,-1,0,-1
2020460959714,2020,460959714,1,9,0,13,13,3,7,0,0,0,1,0,5,6,4,1,6,6,1,31,6,1596,1,9,FORD FOCUS,3,E01004208,0,-1
2020010286084,2020,010286084,2,9,0,99,99,9,9,99,99,9,9,99,9,99,9,9,6,6,3,-1,-1,999,1,1,FORD FOCUS,-1,-1,0,-1
2020161003401,2020,161003401,2,9,0,18,19,3,7,0,0,1,0,0,0,0,1,1,6,6,1,39,7,1798,1,14,FORD FOCUS,-1,-1,0,-1
202031A083920,2020,31A083920,1,9,0,7,7,3,6,0,0,6,0,0,0,0,3,1,6,6,1,20,4,1753,2,12,FORD FOCUS,1,E01027965,0,-1
2020500941327,2020,500941327,6,9,0,4,4,2,7,0,0,0,0,0,0,0,1,1,5,6,1,33,6,1388,1,17,FORD FOCUS,1,E01015152,0,-1
2020440015873,2020,440015873,1,9,0,18,19,8,3,0,0,0,1,0,7,4,1,1,2,2,1,47,8,1796,1,20,FORD FOCUS,10,E01032017,0,-1
2020010238802,2020,010238802,1,9,0,18,19,7,3,0,0,2,0,10,0,0,1,1,6,6,1,26,6,1999,1,3,FORD FOCUS,2,E01000133,0,-1
2020420985552,2020,420985552,2,9,0,18,19,7,1,0,0,4,0,0,0,0,3,1,5,6,2,32,6,999,1,1,FORD FOCUS,4,E01021817,0,-1
202054B249520,2020,54B249520,1,9,0,9,9,7,5,0,0,1,0,7,0,10,1,1,6,6,2,37,7,1560,2,13,FORD FOCUS,2,E01015539,0,-1
2020220968105,2020,220968105,1,9,0,16,19,6,1,0,0,0,0,0,0,0,1,1,5,6,2,60,9,999,1,3,FORD FOCUS,2,E01032461,0,-1
2020137930891,2020,137930891,2,9,0,3,3,3,7,0,0,1,0,0,0,0,2,1,6,6,2,52,8,1753,2,17,FORD FOCUS,3,E01010751,0,-1
2020010237717,2020,010237717,1,9,0,18,19,3,7,0,0,0,0,0,0,0,1,1,1,1,1,46,8,1596,1,14,FORD FOCUS,4,E01032566,0,-1
2020140980125,2020,140980125,2,9,0,15,15,4,8,0,0,1,0,0,0,0,1,1,2,2,1,52,8,1997,2,4,FORD FOCUS,4,E01007353,0,-1
2020610023920,2020,610023920,1,9,0,17,19,8,5,0,0,0,0,0,0,0,1,1,6,6,1,36,7,1596,1,12,FORD FOCUS,3,W01001363,0,-1
2020200990581,2020,200990581,1,9,0,9,9,8,6,0,0,6,0,0,0,0,3,1,6,6,1,29,6,999,1,4,FORD FOCUS,1,E01009212,0,-1
2020440009183,2020,440009183,1,9,0,18,19,4,8,0,0,8,0,0,0,0,1,1,2,2,1,55,8,1997,2,7,FORD FOCUS,9,E01023009,0,-1
2020010276220,2020,010276220,2,9,0,18,19,7,3,1,1,0,0,0,0,0,2,1,1,1,1,56,9,1798,1,16,FORD FOCUS,5,E01004503,0,-1
2020040972850,2020,040972850,1,9,0,1,1,5,1,9,9,0,0,0,0,0,4,1,5,6,1,32,6,1596,1,13,FORD FOCUS,3,E01025291,0,-1
2020010286058,2020,010286058,1,9,0,5,5,1,5,0,0,2,0,0,0,0,1,1,2,2,2,34,6,1596,1,13,FORD FOCUS,3,E01003391,0,-1
2020010273610,2020,010273610,1,9,0,99,99,9,9,99,99,9,9,99,9,99,9,9,6,6,3,30,6,1499,2,1,FORD FOCUS,-1,-1,0,-1
202031B116220,2020,31B116220,1,9,0,18,19,7,3,0,0,0,0,4,0,0,1,1,6,6,2,26,6,1560,2,6,FORD FOCUS,1,E01028066,0,-1
202006L171637,2020,06L171637,2,9,0,18,19,3,7,0,0,8,0,0,0,0,1,1,6,6,1,21,5,1560,2,9,FORD FOCUS,-1,-1,0,-1
2020201021159,2020,201021159,2,9,0,18,19,8,4,0,0,8,0,0,0,0,2,1,6,6,2,34,6,1596,1,12,FORD FOCUS,1,E01009364,0,-1
2020110996415,2020,110996415,2,9,0,18,19,7,3,0,0,1,0,0,0,0,4,1,2,2,1,64,9,1753,2,18,FORD FOCUS,2,E01020773,0,-1
2020010279437,2020,010279437,1,9,0,99,99,9,9,99,99,9,9,99,9,99,9,9,6,6,2,24,5,1596,1,15,FORD FOCUS,6,E01002555,0,-1
2020040983820,2020,040983820,1,9,0,14,14,3,7,0,0,0,0,0,0,0,1,1,1,1,1,24,5,1753,2,14,FORD FOCUS,3,E01025306,0,-1
2020360965294,2020,360965294,3,9,0,2,2,0,0,0,0,0,0,0,0,0,3,1,5,6,2,46,8,1560,2,15,FORD FOCUS,-1,-1,0,-1
2020370980681,2020,370980681,1,9,0,5,5,5,3,0,0,2,0,0,0,0,1,1,2,2,1,23,5,1499,2,5,FORD FOCUS,6,E01030135,0,-1
2020010261123,2020,010261123,1,9,0,4,4,3,7,0,0,1,0,0,0,0,2,1,1,1,2,52,8,1596,1,9,FORD FOCUS,6,E01002298,0,-1
2020100955491,2020,100955491,2,9,0,5,5,5,1,0,0,8,0,0,0,0,4,1,5,6,1,50,8,1798,1,11,FORD FOCUS,6,E01027532,0,-1
2020201007083,2020,201007083,1,9,0,18,19,6,2,0,0,0,0,4,0,0,4,1,6,6,3,-1,-1,1798,1,13,FORD FOCUS,-1,-1,0,-1
2020160967926,2020,160967926,2,9,0,18,19,7,3,0,0,3,0,0,0,0,1,1,6,6,3,-1,-1,1596,1,15,FORD FOCUS,-1,-1,0,-1
2020200991801,2020,200991801,2,9,0,18,19,1,6,0,0,2,0,0,0,0,0,1,6,6,3,-1,-1,1596,1,6,FORD FOCUS,-1,-1,0,-1
2020137921328,2020,137921328,1,9,0,18,19,1,5,0,0,0,0,0,0,0,2,1,1,1,2,47,8,1999,1,13,FORD FOCUS,1,E01011906,0,-1
2020010274158,2020,010274158,1,9,0,18,19,7,3,0,0,1,0,0,0,0,1,1,6,6,1,36,7,1596,1,9,FORD FOCUS,4,E01000229,0,-1
2020100923423,2020,100923423,2,9,0,3,3,7,7,0,0,1,0,0,0,0,2,1,5,6,1,32,6,1596,1,10,FORD FOCUS,3,E01008167,0,-1
2020420992309,2020,420992309,1,9,0,5,5,2,8,0,0,8,0,0,0,0,3,1,5,6,1,28,6,1798,1,13,FORD FOCUS,7,E01021361,0,-1
2020990936618,2020,990936618,1,9,0,16,19,4,8,0,0,0,0,0,0,0,1,1,6,6,1,24,5,1560,2,7,FORD FOCUS,2,-1,0,-1
2020052000170,2020,052000170,1,9,0,9,9,1,7,0,0,6,0,0,0,0,3,1,6,6,3,-1,-1,998,1,6,FORD FOCUS,-1,-1,0,-1
2020500941555,2020,500941555,1,9,0,16,19,5,1,0,0,0,5,0,1,10,4,1,5,6,1,29,6,1560,2,15,FORD FOCUS,4,E01020065,0,-1
2020340N06062,2020,340N06062,2,9,0,18,19,7,3,0,0,3,0,0,1,0,4,1,1,1,1,52,8,1596,1,13,FORD FOCUS,5,E01027134,0,-1
2020302001538,2020,302001538,1,9,0,7,7,6,8,0,0,1,0,0,0,0,2,1,6,6,1,37,7,2521,1,12,FORD FOCUS,4,E01019824,0,-1
2020010278901,2020,010278901,2,9,0,99,99,9,9,0,0,9,9,99,9,99,1,9,6,6,3,-1,-1,1596,1,13,FORD FOCUS,-1,-1,0,-1
2020990965477,2020,990965477,2,9,0,18,19,2,7,0,0,0,0,0,0,0,1,1,5,6,1,67,10,1596,1,13,FORD FOCUS,2,-1,0,-1
2020010263808,2020,010263808,1,9,0,7,7,7,1,0,0,2,0,0,0,0,0,1,6,6,1,18,4,999,1,1,FORD FOCUS,9,E01000168,0,-1
2020040958296,2020,040958296,1,9,0,18,19,7,3,0,0,0,1,0,0,0,2,1,2,2,1,43,7,1997,2,14,FORD FOCUS,-1,-1,0,-1
202063A069120,2020,63A069120,1,9,0,18,19,4,8,0,0,0,0,4,0,0,1,1,6,6,1,56,9,1596,1,14,FORD FOCUS,5,W01001925,0,-1
2020471007318,2020,471007318,3,9,0,17,19,4,6,0,0,1,0,0,0,0,1,1,2,2,2,40,7,1560,2,5,FORD FOCUS,10,E01031737,0,-1
2020522101272,2020,522101272,1,9,0,18,19,7,3,0,0,0,0,0,0,0,1,1,6,6,2,51,8,1596,1,13,FORD FOCUS,5,E01014751,0,-1
2020460931157,2020,460931157,1,9,0,9,9,6,2,5,5,0,0,0,0,0,1,1,6,6,1,36,7,1596,1,17,FORD FOCUS,6,E01024830,0,-1
2020220949742,2020,220949742,1,9,0,1,1,8,4,0,0,6,0,0,0,0,2,1,5,6,1,62,9,999,1,4,FORD FOCUS,8,E01032184,0,-1
2020460923287,2020,460923287,3,9,0,4,4,5,1,0,0,0,0,0,0,0,3,1,6,6,2,45,7,1596,1,13,FORD FOCUS,6,E01023988,0,-1
2020420978050,2020,420978050,1,9,0,18,19,3,7,0,0,1,2,0,1,1,1,1,5,6,1,80,11,1999,1,5,FORD FOCUS,8,E01021282,0,-1
2020052002669,2020,052002669,1,9,0,9,9,3,1,0,0,1,0,0,0,0,4,1,1,1,1,32,6,999,1,5,FORD FOCUS,4,E01006528,0,-1
2020370984096,2020,370984096,1,9,0,18,19,3,7,0,0,0,0,0,0,0,1,1,5,6,1,67,10,1798,1,10,FORD FOCUS,8,E01029909,0,-1
2020010235252,2020,010235252,1,9,0,18,19,3,7,0,0,1,0,0,0,0,1,1,6,6,1,36,7,1596,1,9,FORD FOCUS,3,E01001263,0,-1
2020370937654,2020,370937654,1,9,0,9,9,2,6,0,0,8,0,0,0,0,1,1,5,6,1,58,9,1796,1,16,FORD FOCUS,5,E01030165,0,-1
2020070052154,2020,070052154,1,9,0,7,7,6,8,0,0,8,0,0,0,0,1,1,6,6,2,-1,-1,999,1,4,FORD FOCUS,2,E01025521,0,-1
2020200989415,2020,200989415,2,9,0,9,9,3,1,0,0,5,0,0,1,0,1,1,2,2,2,37,7,1596,1,10,FORD FOCUS,4,E01010254,0,-1
2020430184548,2020,430184548,1,9,0,18,19,2,6,0,0,8,0,0,0,0,1,1,6,6,1,34,6,1596,1,11,FORD FOCUS,10,E01028573,0,-1
2020470922086,2020,470922086,1,9,0,18,19,6,2,0,0,2,0,0,0,0,1,1,5,6,1,66,10,1999,1,14,FORD FOCUS,4,E01020997,0,-1
2020522004544,2020,522004544,1,9,0,-1,-1,-1,-1,0,0,0,0,0,0,0,1,1,6,6,1,43,7,1596,1,14,FORD FOCUS,1,E01014574,0,-1
2020440459035,2020,440459035,2,9,0,3,3,3,7,0,0,1,0,0,0,0,2,1,6,6,1,56,9,2261,1,0,FORD FOCUS,10,E01022770,0,-1
2020140969412,2020,140969412,2,9,0,1,1,8,-1,0,0,0,0,0,0,0,2,1,6,6,1,49,8,2521,1,13,FORD FOCUS,2,E01014340,0,-1
2020010269646,2020,010269646,2,9,0,18,19,4,8,0,0,1,0,0,0,0,3,1,6,6,1,26,6,999,1,1,FORD FOCUS,10,E01000463,0,-1
2020010257863,2020,010257863,2,9,0,2,2,0,0,0,0,8,0,0,0,0,0,1,6,6,3,-1,-1,1596,1,13,FORD FOCUS,-1,-1,0,-1
2020470961023,2020,470961023,1,9,0,18,19,1,5,0,0,8,0,0,0,0,3,1,6,6,1,46,8,1596,1,8,FORD FOCUS,8,E01016962,0,-1
2020010238936,2020,010238936,1,9,0,15,15,4,8,0,0,1,0,0,0,0,4,1,3,7,2,37,7,1596,1,8,FORD FOCUS,3,E01003606,0,-1
2020160991576,2020,160991576,1,9,0,18,19,7,3,0,0,4,0,0,0,0,1,1,6,6,2,-1,-1,1596,1,9,FORD FOCUS,5,E01012767,0,-1
2020440490702,2020,440490702,1,9,0,18,19,6,2,9,9,0,0,0,1,11,1,1,6,6,1,23,5,1596,1,8,FORD FOCUS,5,E01002739,0,-1
2020040959700,2020,040959700,2,9,0,18,19,1,5,0,0,0,0,0,0,0,1,1,5,6,1,55,8,1798,1,12,FORD FOCUS,1,E01006643,0,-1
2020420918174,2020,420918174,2,9,0,18,19,7,3,0,0,0,0,0,0,0,1,1,5,6,1,25,5,1596,1,14,FORD FOCUS,8,E01022089,0,-1
2020010241302,2020,010241302,1,9,0,99,99,9,9,99,99,9,9,99,9,99,2,9,6,6,1,55,8,1596,1,15,FORD FOCUS,4,E01001435,0,-1
2020552000687,2020,552000687,1,9,0,13,13,6,2,0,0,0,1,0,7,0,4,1,2,2,1,36,7,1596,1,15,FORD FOCUS,6,E01029227,0,-1
2020010233295,2020,010233295,2,9,0,99,99,9,9,99,99,1,9,99,9,99,2,9,6,6,3,-1,-1,1596,1,16,FORD FOCUS,-1,-1,0,-1