collision_index,collision_year,collision_ref_no,vehicle_reference,vehicle_type,towing_and_articulation,vehicle_manoeuvre_historic,vehicle_manoeuvre,vehicle_direction_from,vehicle_direction_to,vehicle_location_restricted_lane_historic,vehicle_location_restricted_lane,junction_location,skidding_and_overturning,hit_object_in_carriageway,vehicle_leaving_carriageway,hit_object_off_carriageway,first_point_of_impact,vehicle_left_hand_drive,journey_purpose_of_driver_historic,journey_purpose_of_driver,sex_of_driver,age_of_driver,age_band_of_driver,engine_capacity_cc,propulsion_code,age_of_vehicle,generic_make_model,driver_imd_decile,lsoa_of_driver,escooter_flag,driver_distance_banding
2020541684420,2020,541684420,1,9,0,9,9,7,5,0,0,2,0,0,0,0,3,1,6,6,1,60,9,1596,1,9,FORD FOCUS,6,E01031845,0,-1
2020052000071,2020,052000071,3,9,0,18,19,2,6,0,0,1,0,0,0,0,1,1,6,6,1,23,5,1596,1,11,FORD FOCUS,4,E01006454,0,-1
2020548716220,2020,548716220,2,9,0,2,2,0,0,0,0,0,0,0,0,0,2,1,6,6,3,40,7,1596,1,14,FORD FOCUS,3,E01031911,0,-1
2020470931465,2020,470931465,1,9,0,18,19,8,4,0,0,0,0,0,0,0,1,1,2,2,1,38,7,2261,1,3,FORD FOCUS,6,E01031712,0,-1
2020520004285,2020,520004285,2,9,0,3,3,6,2,0,0,0,0,0,0,0,2,1,6,6,1,77,11,1596,1,12,FORD FOCUS,4,E01029196,0,-1
2020470968971,2020,470968971,2,9,0,18,19,5,1,0,0,0,0,0,0,0,0,1,1,1,1,33,6,1499,2,5,FORD FOCUS,6,E01021034,0,-1
2020552000825,2020,552000825,2,9,0,4,4,8,2,0,0,6,0,0,0,0,2,1,6,6,2,25,5,1997,2,7,FORD FOCUS,8,E01032001,0,-1
2020460977957,2020,460977957,2,9,0,2,2,0,0,0,0,0,0,0,0,0,4,1,5,6,1,63,9,1596,1,10,FORD FOCUS,10,E01024829,0,-1
2020010263375,2020,010263375,2,9,0,99,99,9,9,99,99,9,9,99,9,99,9,9,6,6,3,-1,-1,1596,1,20,FORD FOCUS,-1,-1,0,-1
2020320118242,2020,320118242,1,9,0,18,19,6,3,0,0,0,0,0,0,0,4,1,6,6,1,66,10,998,1,7,FORD FOCUS,6,E01026147,0,-1
2020552000870,2020,552000870,3,9,0,9,9,4,2,0,0,5,0,0,0,0,0,1,6,6,1,33,6,1596,1,17,FORD FOCUS,-1,-1,0,-1
2020320642516,2020,320642516,1,9,0,18,19,1,5,0,0,0,0,0,0,0,1,1,2,2,1,34,6,1596,1,15,FORD FOCUS,4,E01026148,0,-1
2020500941504,2020,500941504,1,9,0,5,5,3,7,0,0,1,0,0,0,0,1,1,5,6,1,72,10,1596,1,10,FORD FOCUS,1,E01015057,0,-1
2020140952541,2020,140952541,1,9,0,5,5,4,6,0,0,1,0,0,0,0,3,1,5,6,2,29,6,1596,1,11,FORD FOCUS,4,E01007625,0,-1
2020010256436,2020,010256436,1,9,0,18,19,7,3,0,0,8,0,0,0,0,1,1,6,6,1,36,7,1596,1,6,FORD FOCUS,5,E01004601,0,-1
2020010258609,2020,010258609,1,9,0,99,99,9,9,99,99,0,9,99,9,99,2,9,6,6,1,64,9,1596,1,8,FORD FOCUS,4,E01001624,0,-1
2020010251515,2020,010251515,1,9,0,18,19,7,3,0,0,1,0,0,0,0,2,1,6,6,1,43,7,1596,1,14,FORD FOCUS,3,E01003571,0,-1
2020990988558,2020,990988558,1,9,0,4,4,3,7,0,0,0,0,0,0,0,1,1,5,6,2,46,8,1999,1,13,FORD FOCUS,1,-1,0,-1
2020052001440,2020,052001440,1,8,0,3,3,3,7,0,0,1,0,0,0,0,4,1,1,1,1,36,7,1560,2,9,FORD FOCUS,1,E01006698,0,-1
2020010275540,2020,010275540,2,9,0,9,9,1,6,0,0,8,0,0,0,0,3,1,6,6,1,19,4,1596,1,17,FORD FOCUS,-1,-1,0,-1
2020140984178,2020,140984178,1,9,0,9,9,4,8,0,0,0,0,0,1,0,3,1,5,6,1,26,6,2261,1,2,FORD FOCUS,7,E01007523,0,-1
2020500999038,2020,500999038,2,9,0,18,19,1,5,0,0,0,0,0,0,0,2,1,5,6,1,52,8,1499,2,1,FORD FOCUS,6,E01023469,0,-1
2020500999622,2020,500999622,1,9,0,5,5,2,7,0,0,8,0,0,0,0,1,1,1,1,1,51,8,1499,2,4,FORD FOCUS,3,E01019914,0,-1
2020450977256,2020,450977256,2,9,0,18,19,3,7,0,0,1,0,0,0,0,1,1,1,1,2,64,9,1560,2,6,FORD FOCUS,7,E01026489,0,-1
2020221000962,2020,221000962,2,9,0,4,4,3,7,0,0,0,0,0,0,0,2,1,5,6,1,58,9,1753,2,11,FORD FOCUS,9,E01032325,0,-1
2020410975719,2020,410975719,2,9,0,2,2,0,0,0,0,0,0,4,0,0,4,1,6,6,1,37,7,1596,1,16,FORD FOCUS,3,E01023323,0,-1
2020010232088,2020,010232088,2,9,0,18,19,3,7,0,0,1,0,0,0,0,1,1,6,6,1,19,4,1596,1,10,FORD FOCUS,5,E01001530,0,-1
2020410952365,2020,410952365,1,9,0,5,5,7,2,0,0,4,0,0,0,0,3,1,2,2,2,52,8,1596,1,12,FORD FOCUS,5,E01023904,0,-1
2020500966458,2020,500966458,1,9,0,17,19,7,5,0,0,2,5,0,2,11,4,1,5,6,2,30,6,1596,1,13,FORD FOCUS,5,E01018981,0,-1
2020122000896,2020,122000896,1,9,0,16,19,7,2,0,0,1,2,0,1,9,1,1,6,6,1,37,7,1560,2,16,FORD FOCUS,6,E01027600,0,-1
2020010255436,2020,010255436,2,9,0,11,11,1,5,0,0,4,0,0,0,0,2,1,6,6,1,20,4,1753,2,18,FORD FOCUS,4,E01000406,0,-1
2020040972873,2020,040972873,1,9,0,2,2,0,0,6,6,0,0,0,0,0,1,1,5,6,2,29,6,2521,1,13,FORD FOCUS,2,E01006010,0,-1
2020230942605,2020,230942605,4,9,0,18,19,4,8,0,0,0,0,0,0,0,4,1,5,6,2,27,6,999,1,1,FORD FOCUS,9,E01031148,0,-1
2020200929801,2020,200929801,2,9,0,9,9,6,4,0,0,8,0,0,0,0,4,1,6,6,1,40,7,999,1,2,FORD FOCUS,3,E01008921,0,-1
2020350927534,2020,350927534,1,9,0,3,3,2,6,0,0,1,0,0,0,0,2,1,2,2,2,38,7,999,1,4,FORD FOCUS,10,E01026303,0,-1
2020990941897,2020,990941897,2,9,0,18,19,1,6,0,0,8,0,0,0,0,4,1,5,6,1,48,8,1499,2,1,FORD FOCUS,1,-1,0,-1
2020220923691,2020,220923691,1,9,0,9,9,7,5,0,0,5,0,0,0,0,4,1,5,6,2,58,9,1798,1,10,FORD FOCUS,6,E01032403,0,-1
20201377D0231,2020,1377D0231,1,9,0,18,19,6,2,0,0,0,0,0,7,4,1,1,6,6,2,28,6,1596,1,12,FORD FOCUS,6,E01011704,0,-1
2020010260532,2020,010260532,2,9,0,3,3,5,1,0,0,1,0,0,0,0,1,1,6,6,2,36,7,999,1,4,FORD FOCUS,5,E01002584,0,-1
2020351007948,2020,351007948,1,9,0,18,19,1,5,0,0,0,0,0,0,0,1,1,6,6,1,24,5,1596,1,11,FORD FOCUS,2,E01026865,0,-1
2020430358636,2020,430358636,3,9,0,18,19,2,6,0,0,1,0,0,0,0,1,1,6,6,1,77,11,999,1,5,FORD FOCUS,9,E01028434,0,-1
2020170M20300,2020,170M20300,3,9,0,2,2,0,0,0,0,2,0,0,0,0,2,1,6,6,1,-1,-1,1560,2,15,FORD FOCUS,-1,-1,0,-1
2020140944325,2020,140944325,1,9,0,18,19,3,7,0,0,0,0,0,0,0,0,1,6,6,3,-1,-1,1560,2,10,FORD FOCUS,-1,-1,0,-1
2020200942685,2020,200942685,1,9,0,3,3,-1,-1,0,0,0,0,0,0,0,1,1,6,6,3,-1,-1,1753,2,14,FORD FOCUS,-1,-1,0,-1
2020370921059,2020,370921059,1,9,0,18,19,3,7,0,0,0,0,0,0,0,1,1,1,1,1,35,6,1499,2,3,FORD FOCUS,9,E01030191,0,-1
2020430242219,2020,430242219,2,9,0,18,19,6,2,0,0,0,0,0,0,0,3,1,6,6,1,66,10,999,1,5,FORD FOCUS,10,E01028563,0,-1
20201378R0562,2020,1378R0562,1,9,0,7,7,4,7,0,0,1,0,0,0,0,4,1,6,6,1,42,7,1596,1,16,FORD FOCUS,1,E01011426,0,-1
2020500969351,2020,500969351,1,9,0,16,19,3,6,0,0,0,0,0,1,0,1,1,5,6,1,48,8,999,1,4,FORD FOCUS,3,E01011897,0,-1
2020010253924,2020,010253924,2,9,0,3,3,3,7,0,0,0,0,0,0,0,2,1,6,6,1,45,7,1596,1,14,FORD FOCUS,2,E01000743,0,-1
2020010260950,2020,010260950,2,9,0,99,99,9,9,99,99,9,9,99,9,99,9,9,6,6,3,46,8,1560,2,8,FORD FOCUS,3,E01004645,0,-1
2020440313546,2020,440313546,1,9,0,9,9,7,5,0,0,8,0,0,0,0,1,1,6,6,1,54,8,1596,1,15,FORD FOCUS,4,E01017164,0,-1
2020430136668,2020,430136668,1,9,0,9,9,6,4,0,0,6,1,0,4,4,1,1,6,6,1,34,6,1388,1,13,FORD FOCUS,2,E01028450,0,-1
2020440254987,2020,440254987,1,9,0,7,7,8,3,0,0,1,0,0,0,0,2,1,6,6,1,28,6,1596,1,15,FORD FOCUS,3,E01017189,0,-1
2020010228975,2020,010228975,2,9,0,5,5,7,3,0,0,6,0,0,0,0,1,1,6,6,1,25,5,1596,1,15,FORD FOCUS,7,E01001120,0,-1
2020500953199,2020,500953199,1,9,0,18,19,3,7,0,0,0,1,0,0,0,1,1,5,6,1,19,4,1596,1,16,FORD FOCUS,7,E01020132,0,-1
2020230976167,2020,230976167,1,9,0,9,9,3,1,0,0,5,0,0,0,0,1,1,5,6,1,20,4,999,1,4,FORD FOCUS,10,E01031305,0,-1
2020140990877,2020,140990877,3,9,0,9,9,3,1,0,0,1,0,0,0,0,2,1,5,6,2,36,7,1596,1,12,FORD FOCUS,6,E01007585,0,-1
2020040927371,2020,040927371,2,9,0,18,19,5,1,0,0,0,0,0,0,0,2,1,6,6,1,31,6,1596,1,9,FORD FOCUS,8,E01006100,0,-1
2020360980482,2020,360980482,1,9,0,18,19,1,5,0,0,0,0,0,7,0,1,1,5,6,1,82,11,1798,1,12,FORD FOCUS,4,E01029900,0,-1
20201378D1421,2020,1378D1421,2,9,0,18,19,1,5,0,0,1,0,0,0,0,3,1,6,6,1,-1,-1,1596,1,16,FORD FOCUS,-1,-1,0,-1
2020010281537,2020,010281537,2,9,0,18,19,7,3,0,0,6,0,0,0,0,3,1,6,6,2,-1,-1,1596,1,17,FORD FOCUS,-1,-1,0,-1
2020470947842,2020,470947842,1,9,0,18,19,7,5,0,0,0,5,0,0,0,1,1,1,1,1,22,5,1596,1,17,FORD FOCUS,8,E01022620,0,-1
2020440153317,2020,440153317,1,9,0,18,19,1,5,0,0,0,0,0,0,0,1,1,6,6,1,38,7,1499,2,4,FORD FOCUS,3,E01032851,0,-1
2020010281207,2020,010281207,2,9,0,99,99,9,9,99,99,9,9,99,9,99,9,9,6,6,1,45,7,1596,1,9,FORD FOCUS,2,E01000433,0,-1
2020420947986,2020,420947986,1,9,0,4,4,5,1,0,0,0,0,0,0,0,1,1,1,1,1,55,8,1560,2,9,FORD FOCUS,4,E01004345,0,-1
2020010252954,2020,010252954,2,9,0,4,4,1,5,0,0,8,0,0,0,0,2,1,6,6,1,34,6,999,1,3,FORD FOCUS,3,E01001162,0,-1
2020460968189,2020,460968189,2,9,0,5,5,2,4,0,0,6,0,0,0,0,3,1,6,6,1,28,6,1997,2,12,FORD FOCUS,3,E01020996,0,-1
2020461008404,2020,461008404,1,9,0,18,19,4,8,0,0,0,0,0,0,0,1,1,6,6,2,50,8,1499,2,3,FORD FOCUS,6,E01024516,0,-1
2020010234011,2020,010234011,1,9,0,7,7,3,5,0,0,2,0,4,0,0,1,1,6,6,1,20,4,999,1,5,FORD FOCUS,-1,-1,0,-1
2020460935707,2020,460935707,1,9,0,13,13,4,8,0,0,0,0,0,0,0,4,1,6,6,3,-1,-1,1596,1,17,FORD FOCUS,-1,-1,0,-1
2020440104404,2020,440104404,1,9,0,18,19,3,7,0,0,0,1,0,0,0,1,1,6,6,1,40,7,1796,1,20,FORD FOCUS,6,E01023250,0,-1
2020440410191,2020,440410191,1,9,0,5,5,8,4,0,0,1,0,0,0,0,2,1,2,2,2,38,7,1596,1,11,FORD FOCUS,6,E01022677,0,-1
2020010283595,2020,010283595,3,9,0,18,19,5,1,0,0,0,1,0,0,0,1,1,6,6,1,27,6,999,1,1,FORD FOCUS,-1,-1,0,-1
2020070703819,2020,070703819,3,9,0,2,2,0,0,0,0,0,0,0,0,0,2,1,1,1,2,34,6,1596,1,13,FORD FOCUS,5,E01018547,0,-1
2020010245049,2020,010245049,2,9,0,18,19,1,5,0,0,8,0,0,7,0,1,1,6,6,1,26,6,1596,1,14,FORD FOCUS,2,E01004539,0,-1
2020160969652,2020,160969652,2,8,0,18,19,2,6,0,0,8,0,0,0,0,4,1,1,1,1,-1,-1,1560,2,7,FORD FOCUS,4,E01013106,0,-1
2020360988271,2020,360988271,1,9,0,18,19,5,1,0,0,1,0,0,0,0,1,1,3,7,2,33,6,1499,2,3,FORD FOCUS,10,E01026506,0,-1
2020010248080,2020,010248080,2,5,0,14,14,5,1,0,0,1,0,0,0,0,1,1,6,6,1,41,7,1000,1,6,-1,9,E01003885,0,-1
2020010230984,2020,010230984,1,5,0,99,99,9,9,0,0,6,0,0,0,0,4,9,6,6,1,34,6,1000,1,6,-1,6,E01001083,0,-1
2020010275964,2020,010275964,2,5,0,18,19,1,5,0,0,1,0,0,0,0,1,1,6,6,1,62,9,1000,1,6,-1,5,E01004188,0,-1
2020122000409,2020,122000409,1,9,0,17,19,5,3,0,0,0,0,0,1,4,1,1,6,6,2,69,10,3471,1,12,-1,4,E01008778,0,-1
2020010262711,2020,010262711,1,9,0,9,9,1,6,0,0,6,0,0,0,0,0,1,2,2,2,74,10,3474,1,24,-1,6,E01000970,0,-1
2020010233019,2020,010233019,1,9,0,18,19,1,5,0,0,8,0,11,0,0,1,1,6,6,1,55,8,3474,1,19,-1,5,E01000469,0,-1
2020040982576,2020,040982576,1,3,0,18,19,7,3,0,0,0,0,0,0,0,1,1,6,6,1,36,7,124,1,18,-1,2,E01012745,0,-1
2020200976106,2020,200976106,2,19,0,18,19,1,5,0,0,8,0,0,0,0,1,1,1,1,1,53,8,2287,2,2,IVECO DAILY,9,E01009696,0,-1
2020460996026,2020,460996026,2,19,0,16,19,3,8,0,0,0,0,0,0,0,1,1,5,6,1,36,7,2287,2,2,IVECO DAILY,6,E01024152,0,-1
202006XE76570,2020,06XE76570,2,20,0,4,4,5,8,6,6,1,0,0,0,0,2,1,1,1,1,57,9,2998,2,1,IVECO DAILY,2,E01006175,0,-1
2020010241438,2020,010241438,1,19,0,4,4,3,7,0,0,1,0,0,0,0,2,1,1,1,1,28,6,2287,2,7,IVECO DAILY,7,E01002918,0,-1
2020420998695,2020,420998695,2,19,0,18,19,3,7,0,0,0,0,0,0,0,4,1,1,1,1,46,8,2287,2,4,IVECO DAILY,-1,-1,0,-1
2020320460629,2020,320460629,1,20,0,18,19,6,2,0,0,0,0,0,0,0,1,1,1,1,1,42,7,-1,-1,-1,IVECO DAILY,4,E01012883,0,-1
2020010274622,2020,010274622,2,19,0,99,99,9,9,99,99,9,9,99,9,99,9,9,6,6,3,32,6,-1,-1,-1,IVECO DAILY,1,E01033456,0,-1
2020302000051,2020,302000051,2,19,0,2,2,0,0,0,0,0,0,0,0,0,2,1,1,1,1,39,7,2287,2,4,IVECO DAILY,2,E01019471,0,-1
2020450945440,2020,450945440,1,19,0,16,19,1,5,0,0,0,0,0,7,4,1,1,5,6,1,31,6,2998,2,3,IVECO DAILY,7,E01023098,0,-1
2020460939150,2020,460939150,1,19,0,1,1,3,7,0,0,0,0,0,0,0,2,1,6,6,1,71,10,2998,2,11,IVECO DAILY,7,E01024812,0,-1
2020622000539,2020,622000539,2,10,0,2,2,0,0,0,0,0,0,0,0,0,2,1,6,6,3,-1,-1,2287,2,9,-1,-1,-1,0,-1
202006XF68217,2020,06XF68217,2,20,0,3,3,7,3,6,6,0,0,0,0,0,2,1,1,1,1,54,8,2998,2,1,IVECO DAILY,5,E01005398,0,-1
2020010242058,2020,010242058,2,19,0,99,99,9,9,99,99,9,9,99,9,99,1,9,6,6,1,-1,-1,2998,2,12,IVECO DAILY,8,E01000370,0,-1
2020040999250,2020,040999250,2,19,0,18,19,1,5,0,0,0,5,0,0,0,1,1,5,6,1,40,7,2287,2,13,IVECO DAILY,-1,-1,0,-1
2020990926419,2020,990926419,2,20,0,18,19,2,6,0,0,0,0,0,0,0,1,1,1,1,1,56,9,2998,2,11,IVECO DAILY,1,-1,0,-1
2020010278476,2020,010278476,1,19,0,15,15,5,1,0,0,2,0,0,1,0,4,1,1,1,1,28,6,2287,2,4,IVECO DAILY,2,E01001151,0,-1
2020370939477,2020,370939477,1,21,4,18,19,1,3,0,0,0,1,0,7,3,3,1,1,1,1,55,8,2998,2,2,-1,2,E01029984,0,-1
2020450952331,2020,450952331,2,19,0,18,19,7,3,0,0,0,0,0,0,0,0,1,6,6,1,58,9,2287,2,1,IVECO DAILY,10,E01030789,0,-1
2020010257241,2020,010257241,2,19,0,99,99,9,9,99,99,9,9,99,9,99,1,9,6,6,3,40,7,2287,2,4,IVECO DAILY,3,E01001552,0,-1
2020450917920,2020,450917920,2,19,0,18,19,1,5,0,0,8,0,0,0,0,1,1,1,1,1,23,5,2300,2,14,IVECO DAILY,7,E01030569,0,-1
2020610042320,2020,610042320,2,98,5,2,2,0,0,0,0,1,0,0,0,0,1,1,1,1,1,72,10,2998,2,7,-1,-1,-1,0,-1
2020211028080,2020,211028080,2,19,0,18,19,3,7,0,0,1,0,0,0,0,1,1,6,6,1,51,8,2287,2,6,IVECO DAILY,8,E01029392,0,-1
2020430997931,2020,430997931,1,19,0,10,10,6,2,0,0,6,0,0,0,0,3,1,1,1,1,63,9,2998,2,5,IVECO DAILY,4,E01002507,0,-1
2020340K03282,2020,340K03282,1,19,0,7,7,3,5,0,0,6,0,0,0,0,1,1,1,1,1,24,5,2287,2,6,IVECO DAILY,4,E01027313,0,-1
2020010255938,2020,010255938,3,19,0,10,10,8,5,0,0,0,0,0,0,0,1,1,1,1,1,30,6,2287,2,5,IVECO DAILY,6,E01001309,0,-1
2020041006499,2020,041006499,2,19,0,18,19,7,3,0,0,4,0,0,0,0,3,1,2,2,1,45,7,2287,2,6,IVECO DAILY,7,E01025565,0,-1
2020140979584,2020,140979584,2,19,0,18,19,2,5,0,0,1,0,0,0,0,1,1,1,1,1,38,7,2287,2,2,IVECO DAILY,5,E01007803,0,-1
2020622000541,2020,622000541,3,19,0,18,19,5,1,0,0,4,0,0,0,0,1,1,6,6,1,54,8,2287,2,8,IVECO DAILY,5,W01001403,0,-1
2020010231592,2020,010231592,2,21,0,4,4,1,5,0,0,0,0,0,0,0,2,1,1,1,1,61,9,2287,2,3,-1,10,E01030953,0,-1
2020410961760,2020,410961760,2,21,0,18,19,6,6,0,0,1,0,0,0,0,0,1,5,6,1,-1,-1,2998,2,10,-1,-1,-1,0,-1
2020990953203,2020,990953203,1,19,0,5,5,3,1,0,0,6,0,0,0,0,4,1,1,1,1,54,8,2998,2,2,IVECO DAILY,7,-1,0,-1
2020320516203,2020,320516203,2,20,0,18,19,1,5,0,0,1,0,0,0,0,1,1,1,1,1,30,6,-1,-1,-1,IVECO DAILY,7,E01018188,0,-1
2020010263809,2020,010263809,1,19,0,18,19,1,5,0,0,1,1,0,0,0,1,1,1,1,1,35,6,2287,2,9,IVECO DAILY,7,E01021897,0,-1
2020010232968,2020,010232968,2,20,0,99,99,9,9,99,99,9,9,99,9,99,1,9,6,6,3,-1,-1,2998,2,3,IVECO DAILY,-1,-1,0,-1
2020440064678,2020,440064678,2,19,0,17,19,4,1,0,0,0,0,0,0,0,1,1,1,1,1,61,9,2287,2,4,IVECO DAILY,6,E01031465,0,-1
2020460931271,2020,460931271,1,19,0,18,19,-1,-1,0,0,0,0,0,0,0,1,1,6,6,1,30,6,2998,2,13,IVECO DAILY,9,E01000356,0,-1
2020040921016,2020,040921016,2,19,0,18,19,1,5,0,0,1,0,0,0,0,1,1,1,1,1,41,7,2287,2,1,IVECO DAILY,2,E01024941,0,-1
2020220991607,2020,220991607,3,21,1,3,3,6,2,0,0,0,0,0,0,0,2,1,1,1,1,48,8,2287,2,5,-1,2,E01032461,0,-1
2020031001022,2020,031001022,2,19,0,3,3,4,8,0,0,0,0,0,0,0,2,1,1,1,1,30,6,2287,2,4,IVECO DAILY,3,E01019236,0,-1
2020420934755,2020,420934755,1,19,0,12,12,1,1,0,0,0,2,0,1,7,3,1,2,2,1,51,8,2287,2,11,IVECO DAILY,6,E01021372,0,-1
2020010263497,2020,010263497,2,20,0,2,2,0,0,0,0,0,0,0,0,0,3,1,6,6,3,-1,-1,-1,-1,-1,IVECO DAILY,-1,-1,0,-1
2020201002520,2020,201002520,1,19,0,18,19,6,2,0,0,6,0,0,0,0,1,1,1,1,1,-1,-1,2287,2,4,IVECO DAILY,7,E01010504,0,-1
2020430136427,2020,430136427,2,19,0,17,19,1,6,0,0,8,0,0,0,0,1,1,1,1,1,31,6,2287,2,4,IVECO DAILY,5,E01017901,0,-1
2020200956670,2020,200956670,2,19,0,2,2,0,0,0,0,0,0,0,0,0,2,1,1,1,3,-1,-1,2287,2,9,IVECO DAILY,-1,-1,0,-1
2020010268327,2020,010268327,2,20,9,99,99,9,9,99,99,9,9,99,9,99,9,9,6,6,3,36,7,-1,-1,-1,IVECO DAILY,5,E01003751,0,-1
2020522001544,2020,522001544,2,19,0,18,19,1,5,0,0,1,0,0,0,0,1,1,6,6,1,38,7,2287,2,5,IVECO DAILY,7,E01029033,0,-1
2020010231844,2020,010231844,1,19,5,18,19,1,5,0,0,3,5,0,0,0,2,1,1,1,1,39,7,2287,2,4,IVECO DAILY,4,E01023350,0,-1
2020200980546,2020,200980546,1,19,0,18,19,5,1,0,0,8,0,0,0,0,3,1,6,6,1,41,7,2287,2,10,IVECO DAILY,1,E01009274,0,-1
2020410962721,2020,410962721,2,19,0,2,2,0,0,0,0,0,0,4,0,0,3,1,1,1,3,-1,-1,2287,2,6,IVECO DAILY,-1,-1,0,-1
2020470965460,2020,470965460,1,19,0,18,19,2,6,0,0,1,0,0,0,0,1,1,1,1,1,52,8,2287,2,4,IVECO DAILY,9,E01031395,0,-1
2020010274713,2020,010274713,2,19,0,2,2,0,0,0,0,2,0,0,0,0,2,1,6,6,3,-1,-1,2287,2,4,IVECO DAILY,-1,-1,0,-1
2020440401878,2020,440401878,1,19,0,3,3,1,5,0,0,2,0,0,0,0,2,1,2,2,1,30,6,2287,2,5,IVECO DAILY,10,E01023194,0,-1
2020230950297,2020,230950297,2,19,0,18,19,6,2,0,0,1,0,0,0,0,1,1,5,6,1,58,9,2998,2,4,IVECO DAILY,8,E01025853,0,-1
202031D024920,2020,31D024920,2,19,0,2,2,0,0,0,0,0,0,0,0,0,2,1,6,6,3,-1,-1,-1,-1,-1,IVECO DAILY,-1,-1,0,-1
2020010256302,2020,010256302,1,19,9,18,19,7,3,99,99,9,9,99,9,99,2,1,6,6,1,76,11,2287,2,12,IVECO DAILY,6,E01002246,0,-1
202031A136720,2020,31A136720,3,19,0,2,2,0,0,0,0,0,0,0,0,0,3,1,6,6,3,-1,-1,2287,2,2,IVECO DAILY,-1,-1,0,-1
2020010229415,2020,010229415,2,19,0,18,19,3,7,0,0,6,0,0,0,0,1,1,1,1,1,45,7,2287,2,13,IVECO DAILY,3,E01001076,0,-1
2020410958578,2020,410958578,2,19,0,18,19,5,1,0,0,0,0,4,0,0,1,1,1,1,1,50,8,2287,2,8,IVECO DAILY,6,E01023934,0,-1
2020010281343,2020,010281343,2,19,0,99,99,9,9,99,99,9,9,99,9,99,1,9,6,6,3,-1,-1,2287,2,3,IVECO DAILY,-1,-1,0,-1
2020010252851,2020,010252851,4,19,0,18,19,7,3,0,0,1,0,0,0,0,1,1,6,6,1,51,8,2287,2,5,IVECO DAILY,5,E01001677,0,-1
2020010233401,2020,010233401,2,19,0,99,99,9,9,99,99,9,9,99,9,99,9,9,6,6,1,49,8,2287,2,10,IVECO DAILY,5,E01002344,0,-1
2020070769852,2020,070769852,1,19,0,18,19,1,5,0,0,1,0,0,0,0,1,1,1,1,1,63,9,2287,2,4,IVECO DAILY,3,E01018497,0,-1
2020041007317,2020,041007317,2,19,0,10,10,7,5,0,0,1,0,0,0,0,0,1,1,1,1,52,8,2287,2,0,IVECO DAILY,7,E01025079,0,-1
2020010245879,2020,010245879,3,19,0,18,19,5,1,0,0,8,0,0,0,0,4,1,6,6,1,60,9,2287,2,0,IVECO DAILY,2,E01015716,0,-1
2020440469343,2020,440469343,2,20,0,2,2,0,0,0,0,0,0,0,1,0,2,1,1,1,1,36,7,2287,2,8,IVECO DAILY,8,E01020344,0,-1
2020040971453,2020,040971453,1,19,0,18,19,7,3,0,0,1,0,4,0,0,1,1,2,2,1,28,6,2287,2,2,IVECO DAILY,1,E01012704,0,-1
2020010264028,2020,010264028,3,19,0,2,2,0,0,0,0,0,0,0,0,0,1,1,6,6,3,-1,-1,2998,2,5,IVECO DAILY,-1,-1,0,-1
2020522002021,2020,522002021,1,19,0,18,19,8,4,0,0,8,0,0,0,0,1,1,6,6,1,40,7,-1,-1,-1,IVECO DAILY,-1,-1,0,-1
2020010243611,2020,010243611,2,19,0,18,19,5,1,0,0,0,0,0,0,0,1,1,6,6,3,-1,-1,2287,2,13,IVECO DAILY,-1,-1,0,-1
2020450948951,2020,450948951,1,19,0,11,11,3,7,0,0,0,0,0,0,0,2,1,1,1,1,28,6,2287,2,3,IVECO DAILY,8,E01002657,0,-1
2020351019223,2020,351019223,2,10,0,18,19,5,1,0,0,1,0,0,0,0,1,1,1,1,1,-1,-1,2998,2,4,-1,-1,-1,0,-1
2020421000763,2020,421000763,1,19,-1,18,19,5,1,0,0,0,0,0,0,0,1,1,6,6,1,-1,-1,2287,2,12,IVECO DAILY,-1,-1,0,-1
2020420997090,2020,420997090,2,19,0,18,19,2,6,0,0,0,0,0,0,0,2,1,1,1,1,43,7,2998,2,13,IVECO DAILY,3,E01016714,0,-1
2020100922275,2020,100922275,1,20,0,2,2,5,1,0,0,0,0,0,0,0,0,1,1,1,1,42,7,2998,2,8,IVECO DAILY,-1,-1,0,-1
2020370942197,2020,370942197,2,19,0,4,4,4,8,0,0,0,0,0,0,0,2,1,1,1,1,20,4,2287,2,5,IVECO DAILY,6,E01030087,0,-1
2020010255606,2020,010255606,1,19,0,18,19,5,1,0,0,8,0,7,0,0,4,1,1,1,1,24,5,2287,2,4,IVECO DAILY,2,E01001486,0,-1
2020010230590,2020,010230590,1,19,0,9,9,8,6,0,0,2,0,0,0,0,0,1,1,1,1,36,7,2287,2,5,IVECO DAILY,4,E01000475,0,-1
2020010244851,2020,010244851,1,19,0,4,4,1,5,0,0,1,0,0,0,0,3,1,1,1,1,60,9,2287,2,3,IVECO DAILY,9,E01000759,0,-1
2020010263615,2020,010263615,1,19,0,1,1,7,3,0,0,0,0,0,0,0,2,1,1,1,1,34,6,2287,2,3,IVECO DAILY,5,E01001086,0,-1