collision_index,collision_year,collision_ref_no,vehicle_reference,vehicle_type,towing_and_articulation,vehicle_manoeuvre_historic,vehicle_manoeuvre,vehicle_direction_from,vehicle_direction_to,vehicle_location_restricted_lane_historic,vehicle_location_restricted_lane,junction_location,skidding_and_overturning,hit_object_in_carriageway,vehicle_leaving_carriageway,hit_object_off_carriageway,first_point_of_impact,vehicle_left_hand_drive,journey_purpose_of_driver_historic,journey_purpose_of_driver,sex_of_driver,age_of_driver,age_band_of_driver,engine_capacity_cc,propulsion_code,age_of_vehicle,generic_make_model,driver_imd_decile,lsoa_of_driver,escooter_flag,driver_distance_banding
2020420923272,2020,420923272,2,9,0,18,19,3,7,0,0,0,0,0,0,0,1,1,1,1,1,59,9,2401,2,13,VOLVO XC90,8,E01031732,0,-1
2020990953145,2020,990953145,1,9,0,4,4,3,1,0,0,1,0,0,0,0,4,1,5,6,2,35,6,2401,2,15,VOLVO XC90,7,-1,0,-1
2020400981066,2020,400981066,1,9,0,6,6,1,5,0,0,8,0,0,0,0,1,1,5,6,1,59,9,1969,2,4,VOLVO XC90,6,E01016803,0,-1
2020010282296,2020,010282296,1,9,0,18,19,5,1,0,0,1,0,0,0,0,1,1,6,6,1,49,8,2401,2,15,VOLVO XC90,1,E01001196,0,-1
202063C001020,2020,63C001020,1,9,0,18,19,6,2,0,0,1,0,0,7,10,1,1,6,6,1,41,7,1969,2,3,VOLVO XC90,4,E01002059,0,-1
2020530926503,2020,530926503,1,9,0,18,19,4,6,0,0,8,0,0,0,0,1,1,6,6,2,28,6,2401,2,15,VOLVO XC90,9,E01016230,0,-1
2020137B40972,2020,137B40972,1,9,0,1,1,1,5,0,0,1,0,0,0,0,2,1,6,6,2,42,7,2401,2,14,VOLVO XC90,1,E01010964,0,-1
2020991006044,2020,991006044,1,9,0,18,19,6,2,0,0,0,0,11,0,0,1,1,1,1,1,43,7,2400,2,10,VOLVO XC90,-1,-1,0,-1
2020530993667,2020,530993667,2,9,0,18,19,5,1,0,0,8,0,0,0,0,3,1,6,6,2,33,6,2400,2,10,VOLVO XC90,6,E01022187,0,-1
2020100942697,2020,100942697,2,9,0,2,2,0,0,0,0,1,0,0,0,0,2,1,5,6,1,49,8,1969,2,4,VOLVO XC90,-1,-1,0,-1
2020010276825,2020,010276825,2,9,0,3,3,5,1,0,0,0,0,0,0,0,4,1,6,6,1,56,9,1969,8,3,VOLVO XC90,10,E01003886,0,-1
2020200958471,2020,200958471,1,9,0,18,19,6,2,0,0,0,0,0,0,0,1,1,6,6,2,31,6,1969,2,4,VOLVO XC90,10,E01009428,0,-1
2020401001575,2020,401001575,1,9,-1,-1,-1,-1,-1,-1,-1,0,-1,-1,-1,0,-1,1,6,6,2,56,9,1969,2,2,VOLVO XC90,6,E01017479,0,-1
20201376H0705,2020,1376H0705,2,9,0,3,3,2,6,0,0,1,0,0,0,0,2,1,1,1,2,57,9,2400,2,10,VOLVO XC90,5,E01011300,0,-1
2020010233618,2020,010233618,2,9,0,11,11,6,2,0,0,1,0,4,0,0,1,1,6,6,2,43,7,2922,1,15,VOLVO XC90,3,E01004125,0,-1
2020030924681,2020,030924681,2,9,0,16,19,1,5,0,0,2,0,0,0,0,3,1,6,6,2,51,8,1969,2,4,VOLVO XC90,6,E01019133,0,-1
2020010263410,2020,010263410,1,9,0,7,7,5,8,0,0,3,0,0,0,0,4,1,6,6,1,40,7,2401,2,16,VOLVO XC90,7,E01000190,0,-1
2020350922175,2020,350922175,2,9,0,18,19,6,2,0,0,0,0,6,0,0,1,1,5,6,1,70,10,2400,2,10,VOLVO XC90,5,E01026724,0,-1
2020450964252,2020,450964252,4,9,0,18,19,5,1,0,0,0,0,0,0,0,2,1,6,6,1,60,9,1969,8,0,VOLVO XC90,8,E01021171,0,-1
2020320611208,2020,320611208,3,9,0,18,19,6,2,0,0,1,0,0,0,0,0,1,1,1,1,48,8,1969,2,4,VOLVO XC90,5,E01028003,0,-1
2020470996422,2020,470996422,1,9,0,18,19,6,2,0,0,2,0,0,0,0,1,1,3,7,2,45,7,2400,2,10,VOLVO XC90,8,E01021134,0,-1
2020430021159,2020,430021159,1,9,0,5,5,8,4,0,0,4,0,0,0,0,1,1,6,6,2,45,7,1969,2,1,VOLVO XC90,8,E01016780,0,-1
2020450978754,2020,450978754,2,9,0,18,19,1,5,0,0,0,0,0,0,0,2,1,3,7,2,47,8,1969,8,0,VOLVO XC90,9,E01030421,0,-1
2020200950981,2020,200950981,2,9,0,2,2,0,0,0,0,0,0,0,0,0,1,1,6,6,1,58,9,2401,2,12,VOLVO XC90,-1,-1,0,-1
20201375A1509,2020,1375A1509,2,9,0,9,9,7,5,0,0,1,0,0,0,0,3,1,6,6,2,45,7,2400,2,10,VOLVO XC90,10,E01011453,0,-1
2020070703819,2020,070703819,1,9,0,14,14,7,3,0,0,0,0,4,0,0,1,1,1,1,1,51,8,2401,2,13,VOLVO XC90,2,E01007136,0,-1
2020500962861,2020,500962861,1,9,0,17,19,1,6,0,0,0,5,0,2,10,1,1,3,7,2,38,7,2400,2,11,VOLVO XC90,4,E01020097,0,-1
2020052000980,2020,052000980,2,9,0,4,4,1,5,0,0,0,0,0,0,0,2,1,1,1,1,41,7,1969,2,2,VOLVO XC90,-1,-1,0,-1
2020010251190,2020,010251190,1,9,0,9,9,2,7,0,0,1,0,0,0,0,4,1,6,6,1,43,7,1969,1,5,VOLVO XC90,3,E01001804,0,-1
2020430311641,2020,430311641,2,9,0,18,19,7,5,0,0,1,0,0,0,0,1,1,6,6,2,38,7,1969,8,2,VOLVO XC90,5,E01004646,0,-1
2020200981871,2020,200981871,1,9,0,5,5,6,2,0,0,6,0,0,0,0,3,1,6,6,1,73,10,2401,2,14,VOLVO XC90,7,E01008992,0,-1
2020230942605,2020,230942605,5,9,0,18,19,4,8,0,0,0,0,0,0,0,3,1,5,6,1,36,7,2401,2,12,VOLVO XC90,9,E01032894,0,-1
2020420964217,2020,420964217,1,9,0,18,19,3,7,0,0,1,0,0,0,0,1,1,5,6,2,37,7,2401,2,13,VOLVO XC90,-1,-1,0,-1
2020460997477,2020,460997477,1,9,0,7,7,4,2,0,0,1,0,0,0,0,1,1,3,7,2,35,6,2401,2,12,VOLVO XC90,5,E01024776,0,-1
2020041002337,2020,041002337,1,9,0,6,6,7,3,0,0,0,0,0,0,0,1,1,6,6,1,50,8,1969,8,3,VOLVO XC90,3,E01005524,0,-1
2020010266691,2020,010266691,2,11,0,99,99,9,9,99,99,0,9,99,9,99,0,9,6,6,3,-1,-1,10837,2,3,-1,-1,-1,0,-1
2020450999868,2020,450999868,1,11,0,17,19,1,5,0,0,4,0,0,0,0,1,1,1,1,1,56,9,10837,2,5,-1,3,E01003391,0,-1
2020451008375,2020,451008375,2,97,0,18,19,1,5,0,0,8,2,0,0,0,1,1,2,2,1,34,6,-1,3,0,-1,9,E01016202,0,-1
2020430055328,2020,430055328,2,4,0,18,19,6,2,0,0,8,0,0,0,0,4,1,1,1,1,53,8,9976,1,16,-1,8,E01030565,0,-1
2020100935482,2020,100935482,2,9,0,9,9,1,5,0,0,5,0,0,0,0,0,1,6,6,3,-1,-1,5204,1,1,-1,-1,-1,0,-1
2020552000904,2020,552000904,1,9,0,18,19,7,3,0,0,0,0,0,0,0,1,1,2,2,1,75,10,3982,1,2,-1,4,E01015268,0,-1
2020440022699,2020,440022699,1,9,0,17,19,2,7,0,0,2,1,0,8,4,1,1,6,6,1,43,7,1905,2,25,-1,-1,-1,0,-1
2020010244755,2020,010244755,1,9,0,18,19,3,7,9,9,0,0,10,7,11,1,1,6,6,2,85,11,1580,1,28,-1,7,E01002888,0,-1
2020010229602,2020,010229602,2,9,0,4,4,5,1,0,0,8,0,0,0,0,3,9,-1,-1,3,-1,-1,1360,1,28,-1,-1,-1,0,-1
2020420951946,2020,420951946,1,97,0,13,13,5,1,0,0,0,0,10,0,0,1,1,5,6,1,55,8,1868,1,1,-1,-1,-1,0,-1
2020450968612,2020,450968612,1,97,0,18,19,6,2,0,0,0,5,0,7,0,3,1,5,6,1,46,8,1868,1,2,-1,10,E01030798,0,-1
2020220954678,2020,220954678,1,3,0,18,19,8,4,0,0,8,0,0,0,0,4,1,5,6,1,38,7,99,1,36,-1,1,E01032424,0,-1
2020500987255,2020,500987255,1,5,0,16,19,5,1,0,0,0,1,0,0,0,1,1,6,6,1,30,6,583,1,31,-1,5,E01020098,0,-1
2020501013477,2020,501013477,1,5,0,18,19,8,3,0,0,2,1,0,0,0,4,1,6,6,1,52,8,1052,1,22,-1,2,E01015234,0,-1
2020470976950,2020,470976950,2,5,0,18,19,6,2,0,0,0,2,0,0,0,3,1,5,6,1,53,8,1052,1,22,-1,8,E01031814,0,-1
2020040974863,2020,040974863,2,3,0,16,19,3,7,0,0,1,0,0,0,0,1,1,5,6,1,23,5,124,1,7,-1,3,E01024891,0,-1
202006L174378,2020,06L174378,1,4,0,4,4,4,8,0,0,1,1,0,1,4,1,1,6,6,1,18,4,125,1,16,-1,1,E01006213,0,-1
2020100954178,2020,100954178,2,2,0,9,9,5,3,0,0,5,0,0,0,0,3,1,5,6,1,27,6,200,1,-1,-1,10,E01027494,0,-1
2020460940193,2020,460940193,3,9,0,3,3,6,2,0,0,0,0,0,0,0,1,1,5,6,2,66,10,1987,8,1,LEXUS UX 250H,8,E01024053,0,-1
2020137CB1196,2020,137CB1196,2,9,0,18,19,4,8,0,0,0,0,0,0,0,3,1,6,6,1,25,5,1987,8,0,LEXUS UX 250H,8,E01011254,0,-1
2020010231136,2020,010231136,1,9,0,99,99,9,9,99,99,9,9,99,9,99,2,9,6,6,1,49,8,1987,8,1,LEXUS UX 250H,9,E01000209,0,-1
2020622001010,2020,622001010,3,9,0,2,2,0,0,0,0,0,0,0,0,0,2,1,6,6,3,-1,-1,1987,8,0,LEXUS UX 250H,-1,-1,0,-1
2020470982855,2020,470982855,1,9,0,18,19,1,5,0,0,1,0,0,0,0,1,1,6,6,1,68,10,1987,8,1,LEXUS UX 250H,10,E01021157,0,-1
2020052002657,2020,052002657,1,9,0,9,9,4,7,0,0,1,0,0,0,0,0,1,6,6,1,-1,-1,1987,8,1,LEXUS UX 250H,-1,-1,0,-1
2020140967081,2020,140967081,1,9,0,18,19,1,5,0,0,0,0,0,0,0,1,1,2,2,1,53,8,1987,8,1,LEXUS UX 250H,3,E01007375,0,-1
2020010276298,2020,010276298,2,9,0,4,4,3,7,0,0,0,0,0,0,0,4,1,6,6,2,61,9,1987,8,0,LEXUS UX 250H,6,E01001519,0,-1
2020052002511,2020,052002511,1,9,0,18,19,5,1,0,0,8,0,0,0,0,1,1,2,2,1,37,7,1987,8,1,LEXUS UX 250H,1,E01006567,0,-1
2020010251709,2020,010251709,2,9,0,2,2,0,0,0,0,0,0,0,0,0,4,1,6,6,3,-1,-1,1987,8,1,LEXUS UX 250H,-1,-1,0,-1
2020010271464,2020,010271464,1,9,0,9,9,1,7,4,4,1,0,0,0,0,1,1,6,6,2,28,6,1987,8,1,LEXUS UX 250H,4,E01000313,0,-1
2020501007494,2020,501007494,1,9,0,9,9,8,1,0,0,8,0,0,0,0,1,1,5,6,1,53,8,1987,8,1,LEXUS UX 250H,9,E01019986,0,-1
2020010241364,2020,010241364,1,9,0,4,4,3,7,0,0,0,0,0,0,0,2,1,1,1,2,51,8,1987,8,1,LEXUS UX 250H,3,E01000058,0,-1
2020420921013,2020,420921013,2,5,0,5,5,1,3,0,0,0,1,0,0,0,3,1,1,1,1,42,7,909,1,13,-1,1,E01015824,0,-1
2020440041761,2020,440041761,3,5,0,16,19,3,7,0,0,0,0,0,0,0,1,1,6,6,1,62,9,798,1,1,-1,5,E01022656,0,-1
2020111011552,2020,111011552,2,3,0,18,19,5,1,0,0,0,2,0,0,0,2,1,1,1,1,29,6,124,1,8,MAKE AND MODEL REDACTED,1,E01012352,0,-1
2020461003928,2020,461003928,1,3,0,18,19,5,1,0,0,0,0,0,0,0,3,1,6,6,1,-1,-1,124,1,9,MAKE AND MODEL REDACTED,6,E01024674,0,-1
202006P171751,2020,06P171751,2,5,0,4,4,8,4,0,0,0,1,0,0,0,2,1,6,6,1,32,6,955,1,20,TRIUMPH SPRINT ST,-1,-1,0,-1
2020430144666,2020,430144666,1,5,0,18,19,5,1,0,0,0,0,0,0,0,3,1,6,6,1,49,8,955,1,16,TRIUMPH SPRINT ST,10,E01028685,0,-1
2020070788592,2020,070788592,1,5,0,18,19,8,4,0,0,0,1,10,0,0,3,1,6,6,1,60,9,955,1,16,TRIUMPH SPRINT ST,3,E01012510,0,-1
2020460946996,2020,460946996,2,5,0,18,19,1,5,0,0,8,2,0,7,0,2,1,5,6,1,19,4,955,1,16,TRIUMPH SPRINT ST,4,E01016143,0,-1
2020360972120,2020,360972120,2,5,0,18,19,3,7,0,0,2,0,0,0,0,1,1,2,2,1,54,8,955,1,17,TRIUMPH SPRINT ST,5,E01026785,0,-1
2020500934489,2020,500934489,1,5,0,18,19,2,5,0,0,0,0,0,0,0,1,1,6,6,1,60,9,955,1,21,TRIUMPH SPRINT ST,3,E01020095,0,-1
2020160947006,2020,160947006,2,5,0,13,13,7,3,0,0,0,1,0,0,0,4,1,2,2,1,53,8,955,1,17,TRIUMPH SPRINT ST,1,E01012862,0,-1
202063C043020,2020,63C043020,1,5,0,16,19,2,5,0,0,8,1,0,7,10,3,1,6,6,1,48,8,955,1,21,TRIUMPH SPRINT ST,8,W01000555,0,-1
2020052002316,2020,052002316,1,5,0,18,19,3,7,0,0,0,0,0,1,11,1,1,6,6,1,18,4,955,1,16,TRIUMPH SPRINT ST,1,E01006637,0,-1
2020500997814,2020,500997814,2,5,0,18,19,7,2,0,0,1,0,0,0,0,1,1,5,6,1,24,5,955,1,19,TRIUMPH SPRINT ST,4,E01019054,0,-1
2020470950754,2020,470950754,1,9,0,18,19,2,6,0,0,0,0,0,0,0,1,1,6,6,3,-1,-1,1910,2,11,VAUXHALL ZAFIRA,-1,-1,0,-1
2020440446632,2020,440446632,1,9,0,9,9,2,8,0,0,8,0,0,0,0,1,1,1,1,2,64,9,1910,2,13,VAUXHALL ZAFIRA,6,E01017292,0,-1
2020421007547,2020,421007547,1,9,0,18,19,1,7,0,0,0,0,0,0,0,1,1,6,6,1,70,10,1796,1,6,VAUXHALL ZAFIRA,5,E01021329,0,-1
202006Q173767,2020,06Q173767,1,9,0,18,19,6,2,0,0,1,0,0,1,0,1,1,6,6,1,26,6,1598,1,13,VAUXHALL ZAFIRA,1,E01032921,0,-1
2020010280316,2020,010280316,2,9,0,99,99,9,9,99,99,9,9,99,9,99,9,1,6,6,3,-1,-1,1598,1,13,VAUXHALL ZAFIRA,-1,-1,0,-1
2020500957924,2020,500957924,2,9,0,18,19,5,1,0,0,8,0,0,0,0,1,1,6,6,2,43,7,1995,2,17,VAUXHALL ZAFIRA,1,E01015263,0,-1
2020451007606,2020,451007606,2,9,0,18,19,5,1,0,0,1,0,0,0,0,4,1,1,1,1,27,6,1686,2,9,VAUXHALL ZAFIRA,7,E01030502,0,-1
2020401008289,2020,401008289,1,9,0,18,19,5,1,0,0,0,0,0,7,0,1,1,5,6,1,19,4,1598,1,12,VAUXHALL ZAFIRA,3,E01015738,0,-1
2020122000930,2020,122000930,5,9,0,5,5,7,3,0,0,1,0,0,0,0,2,1,6,6,3,-1,-1,1598,1,16,VAUXHALL ZAFIRA,-1,-1,0,-1
2020430035879,2020,430035879,1,9,0,18,19,1,5,0,0,4,0,0,0,0,3,1,1,1,2,58,9,1796,1,9,VAUXHALL ZAFIRA,10,E01016684,0,-1
2020010259319,2020,010259319,2,9,9,99,99,9,9,99,99,9,9,99,9,99,9,1,6,6,1,-1,-1,1598,1,7,VAUXHALL ZAFIRA,3,E01003609,0,-1
2020500980464,2020,500980464,2,9,0,18,19,5,8,0,0,0,1,0,2,0,1,1,5,6,1,37,7,1598,1,11,VAUXHALL ZAFIRA,3,E01020104,0,-1
2020110943528,2020,110943528,2,9,0,18,19,5,1,0,0,1,0,0,0,0,4,1,5,6,1,65,9,1598,1,10,VAUXHALL ZAFIRA,8,E01012212,0,-1
2020470947783,2020,470947783,2,9,0,18,19,6,2,0,0,1,0,0,0,0,1,1,1,1,2,20,4,1686,2,9,VAUXHALL ZAFIRA,1,E01020978,0,-1
2020552000207,2020,552000207,1,9,0,18,19,6,2,0,0,0,0,0,0,0,1,1,6,6,2,30,6,1956,2,6,VAUXHALL ZAFIRA,5,E01015329,0,-1
2020320583910,2020,320583910,1,9,0,12,12,8,4,0,0,1,0,0,0,0,1,1,6,6,1,77,11,1598,1,16,VAUXHALL ZAFIRA,7,E01026369,0,-1
2020990945068,2020,990945068,1,9,0,5,5,5,8,0,0,0,0,0,0,0,2,1,5,6,2,29,6,1686,2,7,VAUXHALL ZAFIRA,2,-1,0,-1
2020010275892,2020,010275892,1,9,0,99,99,9,9,99,99,9,9,99,9,99,1,9,6,6,1,48,8,1910,2,13,VAUXHALL ZAFIRA,10,E01030378,0,-1
2020010256742,2020,010256742,1,9,0,99,99,9,9,99,99,1,9,99,9,99,2,9,6,6,3,-1,-1,1910,2,12,VAUXHALL ZAFIRA,2,E01000075,0,-1
2020430070859,2020,430070859,1,9,0,18,19,3,7,0,0,4,0,0,0,0,1,1,2,2,1,33,6,1956,2,5,VAUXHALL ZAFIRA,-1,-1,0,-1
2020220971194,2020,220971194,3,9,0,7,7,8,2,0,0,5,0,4,1,0,4,1,6,6,1,-1,-1,1686,2,9,VAUXHALL ZAFIRA,-1,-1,0,-1
2020460991788,2020,460991788,3,9,0,4,4,5,1,0,0,8,0,0,0,0,2,1,6,6,1,67,10,1995,2,15,VAUXHALL ZAFIRA,1,E01016083,0,-1
2020350968415,2020,350968415,1,9,0,5,5,7,2,0,0,4,0,0,0,0,1,1,5,6,1,30,6,1598,1,14,VAUXHALL ZAFIRA,2,E01015654,0,-1
2020370991929,2020,370991929,2,9,0,2,2,0,0,0,0,0,0,0,0,0,3,1,3,7,2,48,8,1956,2,4,VAUXHALL ZAFIRA,5,E01030215,0,-1
2020991010086,2020,991010086,2,9,0,18,19,8,4,0,0,1,0,0,7,0,3,1,5,6,1,42,7,1956,2,6,VAUXHALL ZAFIRA,-1,-1,0,-1
2020010238888,2020,010238888,1,9,0,18,19,2,6,0,0,8,0,0,0,0,1,1,6,6,1,40,7,1995,2,17,VAUXHALL ZAFIRA,5,E01002520,0,-1
2020370956714,2020,370956714,1,9,0,18,19,-1,-1,0,0,0,0,0,1,3,4,1,2,2,1,49,8,1910,2,11,VAUXHALL ZAFIRA,5,E01030210,0,-1
2020010245038,2020,010245038,1,9,0,5,5,1,5,0,0,1,0,0,0,0,1,1,6,6,1,22,5,1364,1,4,VAUXHALL ZAFIRA,5,E01000850,0,-1
2020351005297,2020,351005297,1,9,0,18,19,7,3,0,0,0,0,0,0,0,1,1,5,6,1,50,8,1598,1,14,VAUXHALL ZAFIRA,3,E01015677,0,-1
2020010270996,2020,010270996,1,9,0,5,5,3,7,0,0,6,0,0,0,0,3,1,2,2,1,52,8,1796,1,11,VAUXHALL ZAFIRA,5,E01021492,0,-1
2020010285189,2020,010285189,1,8,0,99,99,9,9,99,99,9,9,99,9,99,1,9,6,6,1,63,9,1956,2,5,VAUXHALL ZAFIRA,7,E01023335,0,-1
2020400926057,2020,400926057,2,9,0,3,3,1,5,0,0,0,0,0,0,0,2,1,5,6,1,63,9,1796,1,17,VAUXHALL ZAFIRA,9,E01017421,0,-1
2020360937855,2020,360937855,2,9,0,18,19,7,3,0,0,1,0,0,0,0,4,1,5,6,2,30,6,1598,1,7,VAUXHALL ZAFIRA,1,E01026808,0,-1
2020990959371,2020,990959371,1,9,0,18,19,2,6,0,0,1,0,0,1,11,4,1,6,6,1,63,9,1364,1,4,VAUXHALL ZAFIRA,-1,-1,0,-1
2020461002622,2020,461002622,1,9,0,10,10,4,2,0,0,1,0,0,0,0,1,1,6,6,2,36,7,1598,1,17,VAUXHALL ZAFIRA,1,E01024580,0,-1
2020420986473,2020,420986473,3,9,0,18,19,7,3,0,0,0,0,0,1,0,1,1,5,6,2,39,7,1686,2,8,VAUXHALL ZAFIRA,3,E01021859,0,-1
2020460927162,2020,460927162,1,9,0,13,13,4,8,0,0,0,0,0,0,0,1,1,2,2,1,48,8,1910,2,14,VAUXHALL ZAFIRA,1,E01024590,0,-1
2020010243760,2020,010243760,2,9,0,4,4,1,5,0,0,8,0,0,0,0,1,1,6,6,2,35,6,1598,1,7,VAUXHALL ZAFIRA,4,E01000978,0,-1
2020501002709,2020,501002709,1,9,0,2,2,3,7,0,0,3,0,0,0,0,0,1,2,2,1,-1,-1,1686,2,7,VAUXHALL ZAFIRA,7,E01029269,0,-1
2020010238511,2020,010238511,1,9,0,9,9,2,8,0,0,8,0,0,0,0,1,1,2,2,1,32,6,1686,2,10,VAUXHALL ZAFIRA,3,E01002540,0,-1
2020140946578,2020,140946578,2,9,0,9,9,5,3,0,0,1,0,0,0,0,1,1,6,6,3,-1,-1,1910,2,13,VAUXHALL ZAFIRA,-1,-1,0,-1
2020470987377,2020,470987377,3,9,0,10,10,8,6,0,0,8,0,0,0,0,2,1,3,7,2,44,7,1686,2,10,VAUXHALL ZAFIRA,6,E01021021,0,-1
2020200936974,2020,200936974,1,8,0,4,4,8,4,0,0,1,0,0,0,0,1,1,1,1,1,33,6,1598,1,7,VAUXHALL ZAFIRA,-1,-1,0,-1
202006E174142,2020,06E174142,2,9,0,18,19,2,6,0,0,1,0,0,0,0,1,1,6,6,3,-1,-1,1364,1,3,VAUXHALL ZAFIRA,-1,-1,0,-1
2020460962845,2020,460962845,2,9,0,16,19,3,7,0,0,0,0,0,0,0,4,1,6,6,2,59,9,1796,1,18,VAUXHALL ZAFIRA,6,E01024230,0,-1
2020170L30900,2020,170L30900,1,9,0,3,3,7,3,0,0,1,0,0,0,0,2,1,3,7,2,41,7,1686,2,10,VAUXHALL ZAFIRA,2,E01012168,0,-1
2020522001925,2020,522001925,1,9,0,18,19,5,1,0,0,8,0,0,0,0,1,1,6,6,1,33,6,1910,2,12,VAUXHALL ZAFIRA,-1,-1,0,-1
20201371L1400,2020,1371L1400,1,9,0,18,19,5,1,0,0,1,0,0,0,0,1,1,6,6,3,-1,-1,1910,2,14,VAUXHALL ZAFIRA,-1,-1,0,-1
2020460996720,2020,460996720,1,9,0,18,19,7,3,0,0,0,5,0,1,0,4,1,5,6,2,33,6,1796,1,11,VAUXHALL ZAFIRA,8,E01001046,0,-1
2020430263591,2020,430263591,5,9,0,18,19,5,1,0,0,0,0,0,0,0,2,1,6,6,1,-1,-1,1598,1,14,VAUXHALL ZAFIRA,4,E01017595,0,-1
2020371013715,2020,371013715,1,9,0,18,19,8,4,0,0,0,0,0,0,0,1,1,5,6,1,36,7,1598,1,14,VAUXHALL ZAFIRA,4,E01030223,0,-1
2020010256885,2020,010256885,2,9,0,99,99,9,9,99,99,0,9,99,9,99,1,9,6,6,3,-1,-1,1598,1,10,VAUXHALL ZAFIRA,-1,-1,0,-1
2020440406659,2020,440406659,1,9,0,9,9,4,2,0,0,5,0,0,0,0,4,1,6,6,2,66,10,1686,2,10,VAUXHALL ZAFIRA,8,E01022667,0,-1
2020010285731,2020,010285731,2,9,0,5,5,3,7,0,0,6,0,0,0,0,1,1,6,6,1,24,5,1796,1,6,VAUXHALL ZAFIRA,6,E01002678,0,-1
2020440463575,2020,440463575,1,9,0,9,9,4,2,0,0,1,0,0,0,0,4,1,6,6,1,53,8,1364,1,5,VAUXHALL ZAFIRA,4,E01017258,0,-1
2020141004738,2020,141004738,1,9,0,18,19,3,7,0,0,0,0,0,0,0,3,1,6,6,1,30,6,1598,1,14,VAUXHALL ZAFIRA,6,E01007455,0,-1
2020010254741,2020,010254741,2,9,0,9,9,1,7,0,0,1,0,0,0,0,0,1,6,6,1,60,9,1598,1,12,VAUXHALL ZAFIRA,9,E01004191,0,-1
2020451008375,2020,451008375,1,9,0,18,19,7,3,0,0,6,0,0,0,0,4,1,2,2,1,32,6,1598,1,13,VAUXHALL ZAFIRA,3,E01030788,0,-1
2020200942871,2020,200942871,1,9,0,18,19,5,1,0,0,3,0,0,0,0,1,1,6,6,1,36,7,1910,2,11,VAUXHALL ZAFIRA,3,E01009315,0,-1
2020137CA0531,2020,137CA0531,1,9,0,18,19,8,4,0,0,0,0,0,0,0,4,1,6,6,1,31,6,1598,1,15,VAUXHALL ZAFIRA,1,E01011133,0,-1
2020010242511,2020,010242511,2,9,0,18,19,3,7,0,0,8,0,0,0,0,1,1,6,6,3,-1,-1,2198,1,14,VAUXHALL ZAFIRA,2,E01032744,0,-1
2020500946748,2020,500946748,1,9,0,9,9,1,7,0,0,8,0,0,0,0,1,1,5,6,1,81,11,1364,1,3,VAUXHALL ZAFIRA,6,E01020304,0,-1
2020010278757,2020,010278757,1,9,0,9,9,3,2,0,0,8,0,0,0,0,4,1,6,6,1,47,8,1796,1,12,VAUXHALL ZAFIRA,4,E01015734,0,-1
2020010241326,2020,010241326,1,9,0,18,19,8,4,0,0,1,0,0,0,0,1,1,2,2,1,59,9,1796,1,17,VAUXHALL ZAFIRA,-1,-1,0,-1
2020070561126,2020,070561126,1,9,0,13,13,5,1,0,0,1,1,0,0,0,4,1,6,6,1,30,6,1598,1,14,VAUXHALL ZAFIRA,9,E01013265,0,-1
2020040991941,2020,040991941,1,9,0,18,19,7,3,0,0,0,0,0,0,0,4,1,2,2,1,46,8,1956,2,5,VAUXHALL ZAFIRA,9,E01007070,0,-1
2020200946999,2020,200946999,2,9,0,7,7,4,6,0,0,1,0,0,0,0,2,1,6,6,1,48,8,1796,1,6,VAUXHALL ZAFIRA,1,E01010366,0,-1
20201379L0328,2020,1379L0328,1,9,0,18,19,5,1,0,0,1,0,0,0,0,2,1,6,6,2,41,7,1598,1,15,VAUXHALL ZAFIRA,5,E01010951,0,-1
2020430187409,2020,430187409,2,9,0,18,19,5,1,0,0,1,0,0,0,0,2,1,2,2,2,56,9,1796,1,17,VAUXHALL ZAFIRA,10,E01028600,0,-1
2020430024039,2020,430024039,1,9,0,18,19,7,3,0,0,6,0,0,0,0,1,1,6,6,2,61,9,1598,1,15,VAUXHALL ZAFIRA,8,E01028472,0,-1
2020140961047,2020,140961047,2,9,0,18,19,6,2,0,0,1,0,0,0,0,1,1,5,6,2,71,10,1364,1,3,VAUXHALL ZAFIRA,1,E01007902,0,-1
2020470983379,2020,470983379,2,9,0,4,4,3,7,0,0,1,0,0,0,0,2,1,6,6,1,29,6,1796,1,13,VAUXHALL ZAFIRA,4,E01031598,0,-1
2020201012784,2020,201012784,1,9,0,9,9,1,6,0,0,3,0,0,0,0,1,1,6,6,1,40,7,1796,1,12,VAUXHALL ZAFIRA,1,E01033650,0,-1
2020500966742,2020,500966742,2,9,0,18,19,5,1,0,0,0,0,0,0,0,3,1,5,6,2,38,7,1910,2,12,VAUXHALL ZAFIRA,5,E01018946,0,-1
2020530955891,2020,530955891,1,9,0,18,19,2,6,0,0,0,0,0,1,0,1,1,5,6,1,29,6,1910,2,10,VAUXHALL ZAFIRA,2,E01014226,0,-1
2020140978475,2020,140978475,2,9,0,18,19,6,2,0,0,0,1,7,0,0,2,1,6,6,1,53,8,1910,2,12,VAUXHALL ZAFIRA,4,E01013179,0,-1
2020500962237,2020,500962237,1,9,0,2,2,0,0,0,0,0,0,0,0,0,4,1,5,6,1,58,9,1364,1,3,VAUXHALL ZAFIRA,2,E01018949,0,-1
2020471007290,2020,471007290,1,9,0,18,19,7,5,0,0,1,0,0,0,0,1,1,5,6,2,42,7,1956,2,6,VAUXHALL ZAFIRA,9,E01020945,0,-1
2020470936931,2020,470936931,1,9,0,18,19,5,1,0,0,1,0,0,0,0,1,1,1,1,2,42,7,1796,1,12,VAUXHALL ZAFIRA,7,E01021212,0,-1
2020432001233,2020,432001233,1,9,0,3,3,3,7,0,0,4,0,0,0,0,1,1,6,6,1,46,8,1598,1,11,VAUXHALL ZAFIRA,2,E01016729,0,-1