collision_index,collision_year,collision_ref_no,vehicle_reference,vehicle_type,towing_and_articulation,vehicle_manoeuvre_historic,vehicle_manoeuvre,vehicle_direction_from,vehicle_direction_to,vehicle_location_restricted_lane_historic,vehicle_location_restricted_lane,junction_location,skidding_and_overturning,hit_object_in_carriageway,vehicle_leaving_carriageway,hit_object_off_carriageway,first_point_of_impact,vehicle_left_hand_drive,journey_purpose_of_driver_historic,journey_purpose_of_driver,sex_of_driver,age_of_driver,age_band_of_driver,engine_capacity_cc,propulsion_code,age_of_vehicle,generic_make_model,driver_imd_decile,lsoa_of_driver,escooter_flag,driver_distance_banding
2020471003718,2020,471003718,1,9,0,18,19,7,3,0,0,0,0,0,0,0,1,1,6,6,1,-1,-1,1598,1,10,VAUXHALL ZAFIRA,1,E01031404,0,-1
202006P271047,2020,06P271047,1,9,0,9,9,8,6,0,0,8,0,0,0,0,4,1,6,6,1,40,7,1598,1,14,VAUXHALL ZAFIRA,1,E01033258,0,-1
2020221001543,2020,221001543,1,9,0,9,9,4,2,0,0,6,0,0,0,0,1,1,6,6,1,66,10,1598,1,7,VAUXHALL ZAFIRA,7,E01028940,0,-1
2020430329615,2020,430329615,3,9,0,2,2,0,0,0,0,0,0,0,0,0,3,1,6,6,3,-1,-1,1686,2,9,VAUXHALL ZAFIRA,-1,-1,0,-1
2020100964332,2020,100964332,2,9,0,2,2,0,0,9,9,0,0,0,0,0,2,1,5,6,2,45,7,1686,2,7,VAUXHALL ZAFIRA,-1,-1,0,-1
2020545151820,2020,545151820,1,9,0,17,19,3,7,0,0,0,0,0,0,0,0,1,6,6,2,72,10,1598,1,10,VAUXHALL ZAFIRA,2,E01032086,0,-1
2020430046376,2020,430046376,1,9,0,18,19,6,2,0,0,4,0,0,0,0,1,1,6,6,2,39,7,1598,1,7,VAUXHALL ZAFIRA,10,E01016658,0,-1
2020160958857,2020,160958857,1,9,0,18,19,8,4,0,0,2,0,0,0,0,1,1,1,1,1,45,7,1796,1,6,VAUXHALL ZAFIRA,1,E01013165,0,-1
2020451003065,2020,451003065,4,9,0,18,19,1,5,0,0,1,0,0,0,0,2,1,5,6,2,42,7,1364,1,5,VAUXHALL ZAFIRA,3,E01030400,0,-1
2020400919580,2020,400919580,2,9,0,4,4,8,4,0,0,0,0,0,0,0,2,1,6,6,1,40,7,1598,1,14,VAUXHALL ZAFIRA,2,E01015726,0,-1
2020520100471,2020,520100471,2,9,0,9,9,6,4,0,0,1,0,0,0,0,1,1,6,6,2,44,7,1956,2,6,VAUXHALL ZAFIRA,4,E01029136,0,-1
2020010239154,2020,010239154,1,9,0,9,9,1,6,9,9,5,0,11,0,0,3,1,2,2,1,50,8,1598,1,11,VAUXHALL ZAFIRA,5,E01004127,0,-1
2020010263019,2020,010263019,1,9,0,18,19,1,5,99,99,1,0,0,0,0,1,1,3,7,2,43,7,1910,2,14,VAUXHALL ZAFIRA,-1,-1,0,-1
2020010274397,2020,010274397,2,9,0,16,19,1,5,0,0,2,0,0,0,0,1,1,1,1,1,37,7,1364,1,5,VAUXHALL ZAFIRA,2,E01003490,0,-1
2020420988250,2020,420988250,1,9,0,14,14,3,7,0,0,0,0,0,0,0,4,1,3,7,1,43,7,1598,1,16,VAUXHALL ZAFIRA,10,E01021739,0,-1
2020990925861,2020,990925861,2,9,0,5,5,6,2,0,0,0,0,0,0,0,2,1,5,6,2,38,7,1910,2,10,VAUXHALL ZAFIRA,-1,-1,0,-1
2020432003589,2020,432003589,2,9,0,18,19,3,7,0,0,8,0,0,0,0,4,1,6,6,1,40,7,1598,1,7,VAUXHALL ZAFIRA,10,E01017483,0,-1
2020010248636,2020,010248636,1,9,0,5,5,3,7,0,0,1,0,0,0,0,1,1,6,6,1,49,8,1598,1,10,VAUXHALL ZAFIRA,-1,-1,0,-1
2020070504063,2020,070504063,2,9,0,13,13,1,5,0,0,0,0,0,0,0,1,1,6,6,1,41,7,1910,2,12,VAUXHALL ZAFIRA,5,E01012411,0,-1
2020990972231,2020,990972231,3,9,0,18,19,7,3,0,0,1,0,0,0,0,2,1,1,1,1,59,9,1686,2,6,VAUXHALL ZAFIRA,3,-1,0,-1
2020010239801,2020,010239801,2,9,0,99,99,9,9,99,99,9,9,99,9,99,9,9,6,6,3,-1,-1,1598,1,14,VAUXHALL ZAFIRA,-1,-1,0,-1
2020461009640,2020,461009640,1,9,0,18,19,3,7,0,0,4,0,0,0,0,1,1,5,6,1,33,6,1910,2,13,VAUXHALL ZAFIRA,5,E01016088,0,-1
2020470931101,2020,470931101,1,9,0,18,19,3,7,0,0,0,0,0,0,0,1,1,5,6,1,47,8,1598,1,10,VAUXHALL ZAFIRA,7,E01021220,0,-1
202031D059920,2020,31D059920,1,9,0,18,19,4,8,0,0,0,1,0,2,4,1,1,2,2,2,29,6,1910,2,12,VAUXHALL ZAFIRA,2,E01019644,0,-1
2020520001778,2020,520001778,2,9,0,18,19,6,2,0,0,1,0,0,0,0,1,1,6,6,2,48,8,1598,1,15,VAUXHALL ZAFIRA,4,E01029044,0,-1
2020470998576,2020,470998576,1,9,0,7,7,1,4,0,0,6,0,0,0,0,1,1,5,6,1,63,9,1364,1,2,VAUXHALL ZAFIRA,7,E01031354,0,-1
2020350965524,2020,350965524,1,9,0,2,2,0,0,0,0,0,0,10,7,0,2,1,6,6,3,-1,-1,1796,1,14,VAUXHALL ZAFIRA,-1,-1,0,-1
2020010262828,2020,010262828,1,9,0,99,99,9,9,99,99,9,9,99,9,99,2,9,6,6,2,29,6,1796,1,11,VAUXHALL ZAFIRA,4,E01001176,0,-1
2020302100147,2020,302100147,2,9,0,16,19,7,3,0,0,0,0,0,0,0,1,1,6,6,2,46,8,1598,1,13,VAUXHALL ZAFIRA,4,E01013515,0,-1
2020010280804,2020,010280804,2,9,0,10,10,1,7,0,0,8,0,0,0,0,3,1,6,6,1,21,5,1598,1,10,VAUXHALL ZAFIRA,3,E01002457,0,-1
2020500964927,2020,500964927,1,9,0,9,9,4,2,0,0,1,0,0,0,0,1,1,5,6,2,56,9,1598,1,15,VAUXHALL ZAFIRA,8,E01015223,0,-1
2020500926042,2020,500926042,1,9,0,13,13,1,5,0,0,0,0,0,0,0,1,1,6,6,1,32,6,1910,2,14,VAUXHALL ZAFIRA,2,E01020141,0,-1
202054C687720,2020,54C687720,1,9,0,18,19,8,4,0,0,0,0,0,1,11,1,1,6,6,3,30,6,1910,2,14,VAUXHALL ZAFIRA,-1,-1,0,-1
2020010282505,2020,010282505,2,9,0,18,19,5,1,0,0,8,0,0,0,0,0,1,6,6,1,30,6,1364,1,3,VAUXHALL ZAFIRA,4,E01001183,0,-1
2020200975653,2020,200975653,2,9,0,9,9,5,3,0,0,5,0,0,0,0,1,1,6,6,1,57,9,1910,2,10,VAUXHALL ZAFIRA,3,E01009629,0,-1
2020010273239,2020,010273239,2,9,0,99,99,9,9,99,99,9,9,99,9,99,2,9,6,6,2,30,6,1598,1,12,VAUXHALL ZAFIRA,1,E01002800,0,-1
2020302000424,2020,302000424,2,9,0,9,9,6,3,0,0,1,0,0,0,0,0,1,6,6,3,-1,-1,1598,1,16,VAUXHALL ZAFIRA,5,E01019456,0,-1
2020500946247,2020,500946247,1,9,0,18,19,7,3,0,0,0,0,0,0,0,4,1,1,1,2,53,8,1796,1,8,VAUXHALL ZAFIRA,9,E01020266,0,-1
2020141003135,2020,141003135,1,9,0,18,19,3,7,0,0,1,0,0,0,0,1,1,2,2,1,46,8,1956,2,6,VAUXHALL ZAFIRA,2,E01008057,0,-1
2020430062871,2020,430062871,2,9,0,7,7,4,6,0,0,1,0,0,0,0,2,1,6,6,1,23,5,1998,1,16,VAUXHALL ZAFIRA,2,E01028520,0,-1
2020430172600,2020,430172600,2,9,0,18,19,1,5,0,0,1,1,0,1,0,1,1,6,6,1,55,8,1598,1,7,VAUXHALL ZAFIRA,10,E01004885,0,-1
2020350920094,2020,350920094,2,9,0,18,19,5,8,0,0,1,0,0,0,0,2,1,5,6,2,27,6,1598,1,13,VAUXHALL ZAFIRA,7,E01017980,0,-1
2020010252175,2020,010252175,1,9,0,99,99,9,9,99,99,9,9,99,9,99,1,9,2,2,2,42,7,1364,1,5,VAUXHALL ZAFIRA,7,E01002142,0,-1
2020160996987,2020,160996987,2,9,0,1,1,5,1,0,0,0,0,0,0,0,2,1,5,6,1,31,6,1364,1,3,VAUXHALL ZAFIRA,1,E01012840,0,-1
2020200933160,2020,200933160,2,9,0,18,19,4,8,0,0,8,0,0,0,0,1,1,3,7,1,38,7,1598,1,10,VAUXHALL ZAFIRA,1,E01009396,0,-1
2020200943687,2020,200943687,1,9,0,5,5,4,8,0,0,0,0,0,0,0,3,1,6,6,1,28,6,1796,1,7,VAUXHALL ZAFIRA,2,E01010036,0,-1
2020230949775,2020,230949775,2,9,0,18,19,1,5,0,0,1,0,0,0,0,1,1,5,6,1,31,6,1998,1,16,VAUXHALL ZAFIRA,1,E01032890,0,-1
2020430378393,2020,430378393,1,8,0,18,19,6,2,0,0,0,0,0,0,0,1,1,1,1,1,29,6,1686,2,8,VAUXHALL ZAFIRA,3,E01017723,0,-1
2020460938343,2020,460938343,3,9,0,18,19,7,7,9,9,1,0,0,0,0,1,1,5,6,1,67,10,1796,1,12,VAUXHALL ZAFIRA,5,E01024651,0,-1
2020302000335,2020,302000335,1,8,0,17,19,8,4,0,0,0,0,0,7,11,0,1,1,1,1,31,6,1956,2,4,VAUXHALL ZAFIRA,9,E01029414,0,-1
2020010267664,2020,010267664,1,9,0,99,99,9,9,99,99,3,9,99,9,99,3,9,6,6,1,42,7,1598,1,13,VAUXHALL ZAFIRA,4,E01003740,0,-1
2020440447745,2020,440447745,1,9,0,6,6,7,7,0,0,8,0,0,0,0,1,1,3,7,2,38,7,1598,1,14,VAUXHALL ZAFIRA,6,E01023104,0,-1
2020552001113,2020,552001113,1,9,0,5,5,2,4,0,0,6,0,0,0,0,1,1,3,7,2,29,6,1910,2,12,VAUXHALL ZAFIRA,9,E01020352,0,-1
2020430042977,2020,430042977,2,9,0,9,9,8,6,0,0,5,0,0,0,0,1,1,6,6,1,35,6,1796,1,10,VAUXHALL ZAFIRA,4,E01016359,0,-1
2020052000675,2020,052000675,1,9,0,17,19,3,7,0,0,8,0,0,0,0,1,1,2,2,1,67,10,1598,1,14,VAUXHALL ZAFIRA,6,E01006487,0,-1
2020122000636,2020,122000636,2,9,0,18,19,2,6,0,0,1,0,0,0,0,1,1,6,6,1,54,8,1796,1,6,VAUXHALL ZAFIRA,9,E01013414,0,-1
2020220937326,2020,220937326,1,9,0,3,3,2,6,0,0,0,0,0,0,0,1,1,5,6,2,53,8,1796,1,16,VAUXHALL ZAFIRA,5,E01032280,0,-1
2020522002089,2020,522002089,2,9,0,9,9,5,2,0,0,6,0,0,0,0,1,1,6,6,2,32,6,1598,1,16,VAUXHALL ZAFIRA,1,E01014689,0,-1
202031B089920,2020,31B089920,1,9,0,17,19,1,6,0,0,8,1,0,1,4,1,1,2,2,1,57,9,1598,1,15,VAUXHALL ZAFIRA,2,E01028284,0,-1
2020010237624,2020,010237624,2,9,0,99,99,9,9,99,99,9,9,99,9,99,2,9,6,6,3,-1,-1,1796,1,15,VAUXHALL ZAFIRA,-1,-1,0,-1
2020210970819,2020,210970819,2,9,0,10,10,4,2,0,0,1,0,0,0,0,2,1,6,6,2,42,7,1956,2,5,VAUXHALL ZAFIRA,8,E01029790,0,-1
202006A177021,2020,06A177021,1,9,0,7,7,1,3,0,0,2,0,0,0,0,1,1,3,7,1,46,8,1796,1,13,VAUXHALL ZAFIRA,2,E01005193,0,-1
2020400931386,2020,400931386,1,9,0,18,19,8,4,0,0,0,0,0,0,0,1,1,1,1,1,33,6,1686,2,8,VAUXHALL ZAFIRA,2,E01015787,0,-1
2020302000596,2020,302000596,2,9,0,18,19,2,6,0,0,8,0,0,0,0,3,1,6,6,1,76,11,1598,1,14,VAUXHALL ZAFIRA,4,E01013534,0,-1
2020140988751,2020,140988751,1,9,0,9,9,6,4,0,0,8,0,0,0,0,4,1,6,6,1,40,7,1796,1,14,VAUXHALL ZAFIRA,2,E01007328,0,-1
2020522004658,2020,522004658,1,9,0,99,99,9,9,0,0,0,5,0,7,0,1,1,6,6,1,25,5,1598,1,13,VAUXHALL ZAFIRA,-1,-1,0,-1
2020041005027,2020,041005027,1,9,0,9,9,3,1,0,0,1,0,0,0,0,1,1,1,1,1,56,9,1995,2,16,VAUXHALL ZAFIRA,1,E01012656,0,-1
2020200999542,2020,200999542,1,9,0,9,9,5,3,0,0,5,0,0,0,0,3,1,6,6,1,46,8,1910,2,14,VAUXHALL ZAFIRA,2,E01010287,0,-1
2020137B31051,2020,137B31051,1,9,0,9,9,5,1,0,0,2,0,0,0,0,3,1,6,6,1,85,11,1364,1,3,VAUXHALL ZAFIRA,2,E01010778,0,-1
2020520002275,2020,520002275,1,9,0,18,19,8,4,0,0,8,0,0,0,0,1,1,6,6,1,58,9,1796,1,18,VAUXHALL ZAFIRA,2,E01029098,0,-1
2020370963022,2020,370963022,1,9,0,9,9,3,1,0,0,2,0,0,0,0,1,1,6,6,1,46,8,1598,1,20,VAUXHALL ZAFIRA,2,E01030265,0,-1
2020460996602,2020,460996602,1,9,0,18,19,7,3,0,0,8,0,0,0,0,4,1,5,6,1,39,7,1995,2,16,VAUXHALL ZAFIRA,3,E01024567,0,-1
2020990932392,2020,990932392,1,9,0,18,19,1,5,0,0,0,0,0,0,0,1,1,6,6,2,44,7,1686,2,6,VAUXHALL ZAFIRA,8,-1,0,-1
2020140970139,2020,140970139,2,9,0,9,9,7,4,0,0,8,1,0,0,0,1,1,5,6,1,58,9,1364,1,5,VAUXHALL ZAFIRA,6,E01007698,0,-1
2020200994570,2020,200994570,3,9,0,18,19,1,5,0,0,0,0,0,0,0,1,1,6,6,1,44,7,1598,1,15,VAUXHALL ZAFIRA,1,E01033645,0,-1
2020110961477,2020,110961477,1,9,0,9,9,1,7,0,0,2,0,0,0,0,1,1,5,6,1,36,7,1910,2,14,VAUXHALL ZAFIRA,2,E01020892,0,-1
2020460920311,2020,460920311,2,9,0,9,9,1,5,0,0,1,0,0,0,0,2,1,6,6,2,26,6,1910,2,14,VAUXHALL ZAFIRA,5,E01024701,0,-1
2020010245903,2020,010245903,1,9,0,99,99,9,9,99,99,9,9,99,9,99,1,9,6,6,1,55,8,1686,2,9,VAUXHALL ZAFIRA,1,E01003347,0,-1
2020552000271,2020,552000271,2,9,0,18,19,2,6,0,0,8,0,0,0,0,1,1,6,6,1,72,10,1910,2,14,VAUXHALL ZAFIRA,3,E01015386,0,-1
2020010235630,2020,010235630,1,9,0,7,7,7,1,0,0,1,0,0,0,0,3,1,6,6,1,50,8,1598,1,13,VAUXHALL ZAFIRA,2,E01004296,0,-1
2020500988937,2020,500988937,1,9,0,4,4,1,5,0,0,1,0,0,0,0,1,1,5,6,2,24,5,1686,2,8,VAUXHALL ZAFIRA,9,E01019906,0,-1
2020622000943,2020,622000943,2,9,0,3,3,8,4,0,0,0,0,0,0,0,2,1,6,6,1,71,10,1796,1,11,VAUXHALL ZAFIRA,4,W01000978,0,-1
2020350986119,2020,350986119,1,9,0,18,19,2,6,0,0,8,0,0,0,0,-1,1,2,2,2,73,10,1910,2,10,VAUXHALL ZAFIRA,10,E01018222,0,-1
2020010286244,2020,010286244,1,9,0,17,19,6,2,0,0,0,0,0,0,0,3,1,1,1,1,30,6,1910,2,14,VAUXHALL ZAFIRA,9,E01032576,0,-1
2020010282329,2020,010282329,1,9,0,18,19,1,5,99,99,1,9,99,9,99,9,1,6,6,1,34,6,1598,1,12,VAUXHALL ZAFIRA,5,E01004377,0,-1
2020010257140,2020,010257140,2,9,0,9,9,1,7,0,0,5,0,0,0,0,1,1,6,6,1,38,7,1796,1,13,VAUXHALL ZAFIRA,3,E01003014,0,-1
2020500996095,2020,500996095,2,9,0,2,2,0,0,0,0,0,0,0,0,0,2,1,5,6,1,-1,-1,1598,1,11,VAUXHALL ZAFIRA,8,E01015124,0,-1
2020340S00372,2020,340S00372,1,9,0,11,11,3,7,0,0,0,5,0,1,7,1,1,6,6,2,32,6,1910,2,13,VAUXHALL ZAFIRA,7,E01027004,0,-1
2020010248620,2020,010248620,1,9,0,2,2,0,0,0,0,0,0,0,0,0,2,1,6,6,3,-1,-1,1995,2,17,VAUXHALL ZAFIRA,-1,-1,0,-1
2020010251425,2020,010251425,1,9,0,18,19,1,5,0,0,8,0,0,0,0,0,1,6,6,1,39,7,1956,2,6,VAUXHALL ZAFIRA,2,E01004253,0,-1
2020010246702,2020,010246702,1,9,0,7,7,7,2,0,0,6,0,7,0,0,1,1,6,6,1,29,6,1956,2,4,VAUXHALL ZAFIRA,3,E01004031,0,-1
2020420962391,2020,420962391,2,9,0,18,19,1,5,0,0,8,0,0,0,0,1,1,6,6,1,58,9,1995,2,18,VAUXHALL ZAFIRA,7,E01022074,0,-1
2020990915541,2020,990915541,1,9,0,18,19,4,2,0,0,2,0,0,0,0,1,1,5,6,1,39,7,1598,1,10,VAUXHALL ZAFIRA,5,-1,0,-1
2020450989589,2020,450989589,2,9,0,5,5,7,3,0,0,1,0,0,0,0,1,1,6,6,1,60,9,1598,1,14,VAUXHALL ZAFIRA,9,E01030742,0,-1
2020010231392,2020,010231392,1,9,0,7,7,1,3,0,0,6,0,0,0,0,1,1,6,6,3,-1,-1,1910,2,15,VAUXHALL ZAFIRA,-1,-1,0,-1
2020530942049,2020,530942049,1,9,0,7,7,1,8,0,0,2,0,10,0,0,1,1,1,1,2,34,6,1686,2,9,VAUXHALL ZAFIRA,6,E01022338,0,-1
2020010250017,2020,010250017,1,9,0,99,99,9,9,0,0,0,0,0,0,0,2,1,6,6,3,30,6,1598,1,8,VAUXHALL ZAFIRA,6,E01002628,0,-1
2020160990652,2020,160990652,1,9,0,9,9,2,8,0,0,8,0,0,0,0,1,1,5,6,1,74,10,1364,1,4,VAUXHALL ZAFIRA,6,E01013085,0,-1
202006L270823,2020,06L270823,2,9,0,18,19,3,7,0,0,4,0,0,0,0,3,1,6,6,1,56,9,1956,2,6,VAUXHALL ZAFIRA,1,E01005564,0,-1
2020420976844,2020,420976844,1,9,0,18,19,6,2,0,0,1,0,0,3,4,1,1,5,6,2,32,6,1910,2,12,VAUXHALL ZAFIRA,8,E01021677,0,-1
2020470937695,2020,470937695,1,9,0,18,19,2,7,0,0,0,2,0,7,11,3,1,5,6,1,62,9,1910,2,12,VAUXHALL ZAFIRA,6,E01031342,0,-1
2020040974719,2020,040974719,2,9,0,10,10,6,2,0,0,1,0,0,0,0,2,1,5,6,2,34,6,1364,1,3,VAUXHALL ZAFIRA,1,E01033231,0,-1
2020010273890,2020,010273890,2,9,0,99,99,9,9,99,99,0,9,99,9,99,1,9,6,6,2,42,7,1796,1,14,VAUXHALL ZAFIRA,4,E01004547,0,-1
2020200929422,2020,200929422,1,9,0,9,9,1,3,0,0,1,0,0,0,0,1,1,6,6,2,34,6,1598,1,10,VAUXHALL ZAFIRA,1,E01010530,0,-1
2020460997043,2020,460997043,2,9,0,3,3,3,5,0,0,1,0,0,0,0,2,1,3,7,1,44,7,1598,1,13,VAUXHALL ZAFIRA,4,E01024771,0,-1
2020302000319,2020,302000319,1,9,0,18,19,1,5,0,0,0,5,10,1,11,3,1,6,6,2,32,6,1910,2,14,VAUXHALL ZAFIRA,5,E01019658,0,-1
202006E270579,2020,06E270579,1,9,0,18,19,5,1,0,0,8,0,0,1,1,1,1,6,6,3,-1,-1,1364,1,5,VAUXHALL ZAFIRA,-1,-1,0,-1
2020010241104,2020,010241104,1,9,0,18,19,5,1,0,0,1,0,0,0,0,1,1,6,6,1,44,7,1796,1,13,VAUXHALL ZAFIRA,1,E01004244,0,-1
2020220992179,2020,220992179,1,9,0,9,9,8,6,0,0,5,0,0,0,0,1,1,5,6,1,80,11,1796,1,7,VAUXHALL ZAFIRA,9,E01028916,0,-1
2020420986977,2020,420986977,2,9,0,5,5,5,1,0,0,4,0,0,0,0,4,1,3,7,2,53,8,1598,2,5,VAUXHALL ZAFIRA,9,E01021386,0,-1
2020040916548,2020,040916548,2,9,0,3,3,8,4,0,0,0,0,0,0,0,2,1,5,6,1,71,10,1910,2,13,VAUXHALL ZAFIRA,1,E01025283,0,-1
2020220987697,2020,220987697,1,9,0,15,15,7,3,0,0,8,0,0,1,2,1,1,1,1,2,28,6,1910,2,12,VAUXHALL ZAFIRA,1,E01014113,0,-1
202031D074920,2020,31D074920,3,9,0,18,19,2,6,0,0,1,0,0,0,0,3,1,6,6,2,61,9,1796,1,13,VAUXHALL ZAFIRA,5,E01013913,0,-1
2020500992435,2020,500992435,1,9,0,5,5,1,5,0,0,1,0,0,0,0,1,1,6,6,3,-1,-1,1796,1,13,VAUXHALL ZAFIRA,-1,-1,0,-1
2020040993701,2020,040993701,1,9,0,9,9,1,7,0,0,5,0,0,0,0,1,1,3,7,1,32,6,1598,2,6,VAUXHALL ZAFIRA,5,E01025589,0,-1
2020161001497,2020,161001497,2,9,0,3,3,1,5,0,0,1,0,0,0,0,2,1,6,6,2,59,9,1598,1,17,VAUXHALL ZAFIRA,4,E01012929,0,-1
2020440495535,2020,440495535,1,9,0,18,19,8,4,0,0,0,0,0,0,0,1,1,6,6,1,50,8,1796,1,13,VAUXHALL ZAFIRA,1,E01022933,0,-1
2020370951251,2020,370951251,1,9,0,18,19,1,5,0,0,0,0,0,0,0,1,1,5,6,1,34,6,1796,1,8,VAUXHALL ZAFIRA,7,E01029981,0,-1
2020361015498,2020,361015498,1,9,0,18,19,7,5,0,0,0,0,0,0,0,3,1,5,6,2,52,8,1598,1,12,VAUXHALL ZAFIRA,3,E01026717,0,-1
2020010235160,2020,010235160,1,9,0,99,99,9,9,99,99,0,9,99,9,99,2,9,6,6,2,30,6,1956,2,5,VAUXHALL ZAFIRA,5,E01003217,0,-1
2020010269063,2020,010269063,2,9,0,18,19,5,1,0,0,5,0,0,0,0,0,1,6,6,3,-1,-1,1910,2,15,VAUXHALL ZAFIRA,-1,-1,0,-1
2020170S10480,2020,170S10480,1,9,0,9,9,7,4,0,0,8,0,0,0,0,1,1,6,6,2,36,7,1796,1,12,VAUXHALL ZAFIRA,3,E01012206,0,-1
2020460973326,2020,460973326,2,9,0,3,3,6,2,0,0,0,0,11,0,0,2,1,6,6,2,30,6,1364,1,4,VAUXHALL ZAFIRA,9,E01024112,0,-1
2020470932212,2020,470932212,1,9,0,18,19,1,5,0,0,0,0,0,0,0,3,1,6,6,2,27,6,1796,1,11,VAUXHALL ZAFIRA,8,E01031642,0,-1
2020137790917,2020,137790917,1,9,0,9,9,3,1,0,0,6,0,0,0,0,2,1,6,6,2,34,6,1910,2,12,VAUXHALL ZAFIRA,-1,-1,0,-1
2020411029119,2020,411029119,3,9,0,2,2,0,0,0,0,0,0,0,0,0,1,1,6,6,3,-1,-1,1910,2,12,VAUXHALL ZAFIRA,-1,-1,0,-1
2020360944541,2020,360944541,1,9,0,4,4,8,4,0,0,0,0,0,0,0,1,1,2,2,1,34,6,1598,1,11,VAUXHALL ZAFIRA,5,E01026911,0,-1
2020410926732,2020,410926732,1,9,0,18,19,5,1,0,0,0,0,0,1,0,1,1,6,6,3,-1,-1,1686,2,9,VAUXHALL ZAFIRA,-1,-1,0,-1
2020100955896,2020,100955896,1,9,0,5,5,3,7,0,0,8,0,0,0,0,1,1,2,2,1,63,9,1598,1,8,VAUXHALL ZAFIRA,5,E01027361,0,-1
2020220981378,2020,220981378,2,9,0,9,9,4,2,0,0,6,0,0,0,0,1,1,5,6,2,34,6,1910,2,10,VAUXHALL ZAFIRA,5,E01028904,0,-1
2020460971574,2020,460971574,2,9,0,9,9,3,5,0,0,5,0,0,0,0,4,1,6,6,1,77,11,1910,2,13,VAUXHALL ZAFIRA,2,E01024627,0,-1
2020010255924,2020,010255924,1,9,0,99,99,9,9,99,99,0,9,99,9,99,2,9,6,6,1,44,7,1956,2,5,VAUXHALL ZAFIRA,10,E01024474,0,-1
2020210971244,2020,210971244,1,9,0,4,4,1,5,0,0,0,0,0,0,0,2,1,6,6,2,34,6,1910,2,12,VAUXHALL ZAFIRA,2,E01029564,0,-1
2020360971536,2020,360971536,2,9,0,16,19,7,1,0,0,0,0,0,0,0,4,1,5,6,2,25,5,1796,1,16,VAUXHALL ZAFIRA,5,E01026892,0,-1
2020211024279,2020,211024279,2,9,-1,-1,-1,8,4,-1,-1,0,-1,-1,-1,0,-1,1,6,6,2,31,6,1686,2,9,VAUXHALL ZAFIRA,2,E01033216,0,-1
2020160936996,2020,160936996,2,9,0,9,9,5,3,0,0,5,0,0,0,0,2,1,6,6,2,36,7,1598,1,14,VAUXHALL ZAFIRA,2,E01012863,0,-1
2020302001333,2020,302001333,1,9,0,1,1,0,0,0,0,0,0,0,0,0,2,1,6,6,1,-1,-1,1910,2,12,VAUXHALL ZAFIRA,1,E01033167,0,-1
2020440430475,2020,440430475,2,9,0,11,11,4,8,0,0,0,0,0,0,0,1,1,3,7,2,-1,-1,1796,1,18,VAUXHALL ZAFIRA,-1,-1,0,-1
2020010246832,2020,010246832,2,9,0,99,99,9,9,99,99,9,9,99,9,99,9,9,6,6,3,-1,-1,1598,1,14,VAUXHALL ZAFIRA,-1,-1,0,-1
2020201004122,2020,201004122,1,9,0,4,4,1,5,0,0,0,0,10,1,0,3,1,3,7,1,-1,-1,1956,2,5,VAUXHALL ZAFIRA,-1,-1,0,-1
2020010249268,2020,010249268,3,9,0,18,19,3,7,0,0,1,0,4,0,0,1,1,6,6,1,69,10,1796,1,16,VAUXHALL ZAFIRA,4,E01001672,0,-1
2020010239536,2020,010239536,1,9,0,99,99,9,9,99,99,9,9,99,9,99,2,9,6,6,1,34,6,1686,2,9,VAUXHALL ZAFIRA,1,E01001483,0,-1
2020010257758,2020,010257758,2,8,0,5,5,5,1,0,0,0,0,0,0,0,4,1,6,6,1,41,7,1364,1,4,VAUXHALL ZAFIRA,4,E01001180,0,-1
2020010280659,2020,010280659,1,9,0,99,99,9,9,99,99,9,9,99,9,99,9,9,6,6,2,46,8,1364,1,3,VAUXHALL ZAFIRA,7,E01000438,0,-1
202031A158920,2020,31A158920,1,9,0,9,9,5,3,0,0,5,0,0,0,0,1,1,6,6,1,50,8,1598,1,12,VAUXHALL ZAFIRA,4,E01028278,0,-1
2020010235218,2020,010235218,2,9,0,9,9,1,7,0,0,1,0,0,0,0,4,1,6,6,1,30,6,1796,1,15,VAUXHALL ZAFIRA,3,E01001809,0,-1
2020990918280,2020,990918280,2,9,0,18,19,2,6,0,0,1,1,0,0,0,1,1,2,2,1,45,7,1956,2,6,VAUXHALL ZAFIRA,5,-1,0,-1
2020530936681,2020,530936681,1,9,0,9,9,3,7,0,0,5,0,0,0,0,1,1,5,6,1,39,7,1686,2,9,VAUXHALL ZAFIRA,2,E01022324,0,-1
202006XM75132,2020,06XM75132,1,9,0,18,19,5,1,0,0,1,0,0,0,0,1,1,6,6,2,50,8,1686,2,7,VAUXHALL ZAFIRA,4,E01006158,0,-1
2020010249594,2020,010249594,1,9,0,99,99,9,9,99,99,9,9,99,9,99,9,9,6,6,1,52,8,1910,2,11,VAUXHALL ZAFIRA,1,E01001730,0,-1
20201377N1443,2020,1377N1443,2,9,0,18,19,4,8,0,0,8,0,0,0,0,4,1,6,6,1,48,8,1598,1,16,VAUXHALL ZAFIRA,4,E01011606,0,-1
2020420938109,2020,420938109,2,9,0,18,19,5,1,0,0,0,1,0,0,0,1,1,5,6,2,35,6,1598,1,13,VAUXHALL ZAFIRA,9,E01021661,0,-1
2020400934261,2020,400934261,1,9,0,9,9,4,3,0,0,0,0,0,0,0,1,1,3,7,2,38,7,1686,2,10,VAUXHALL ZAFIRA,5,E01017418,0,-1
2020350952269,2020,350952269,1,9,0,5,5,5,1,0,0,4,0,0,0,0,3,1,5,6,2,33,6,1910,2,15,VAUXHALL ZAFIRA,3,E01017944,0,-1
2020140966807,2020,140966807,1,9,0,10,10,3,7,0,0,1,0,0,0,0,2,1,5,6,2,41,7,1686,2,6,VAUXHALL ZAFIRA,9,E01007612,0,-1