collision_index,collision_year,collision_ref_no,vehicle_reference,vehicle_type,towing_and_articulation,vehicle_manoeuvre_historic,vehicle_manoeuvre,vehicle_direction_from,vehicle_direction_to,vehicle_location_restricted_lane_historic,vehicle_location_restricted_lane,junction_location,skidding_and_overturning,hit_object_in_carriageway,vehicle_leaving_carriageway,hit_object_off_carriageway,first_point_of_impact,vehicle_left_hand_drive,journey_purpose_of_driver_historic,journey_purpose_of_driver,sex_of_driver,age_of_driver,age_band_of_driver,engine_capacity_cc,propulsion_code,age_of_vehicle,generic_make_model,driver_imd_decile,lsoa_of_driver,escooter_flag,driver_distance_banding
2020991002408,2020,991002408,1,9,0,9,9,4,1,0,0,8,0,0,0,0,1,1,6,6,1,39,7,1796,1,17,VAUXHALL ZAFIRA,2,-1,0,-1
2020052000188,2020,052000188,2,9,0,9,9,6,2,0,0,8,0,0,3,11,1,1,6,6,1,32,6,1956,2,8,VAUXHALL ZAFIRA,6,E01007164,0,-1
2020040995426,2020,040995426,2,9,0,18,19,5,1,0,0,8,0,0,0,0,2,1,5,6,2,34,6,1956,2,4,VAUXHALL ZAFIRA,3,E01012658,0,-1
2020400986701,2020,400986701,1,9,0,18,19,4,8,0,0,0,1,0,0,0,1,1,2,2,1,32,6,1796,1,14,VAUXHALL ZAFIRA,3,E01015765,0,-1
2020471004452,2020,471004452,2,9,0,18,19,7,3,0,0,0,1,0,7,0,1,1,2,2,1,46,8,1910,2,13,VAUXHALL ZAFIRA,3,E01020941,0,-1
2020010262146,2020,010262146,1,9,0,5,5,7,3,0,0,4,0,0,0,0,3,1,6,6,1,47,8,1598,1,11,VAUXHALL ZAFIRA,2,E01003500,0,-1
2020200976335,2020,200976335,1,9,0,5,5,3,7,0,0,0,0,0,0,0,1,1,6,6,1,-1,-1,1910,2,13,VAUXHALL ZAFIRA,-1,-1,0,-1
2020420978074,2020,420978074,1,9,0,17,19,3,7,0,0,3,0,0,0,0,4,1,5,6,1,77,11,1598,1,14,VAUXHALL ZAFIRA,4,E01015871,0,-1
2020210949815,2020,210949815,1,9,0,9,9,8,7,0,0,2,0,0,0,0,3,1,3,7,1,26,6,1910,2,11,VAUXHALL ZAFIRA,7,E01029417,0,-1
2020450920821,2020,450920821,2,9,0,5,5,1,5,0,0,0,0,0,0,0,1,1,6,6,1,41,7,1364,1,4,VAUXHALL ZAFIRA,4,E01030304,0,-1
2020460934684,2020,460934684,1,9,0,18,19,3,7,0,0,0,0,0,0,0,1,1,5,6,2,44,7,1796,1,6,VAUXHALL ZAFIRA,8,E01024076,0,-1
2020010282524,2020,010282524,2,9,0,4,4,8,4,0,0,2,0,0,0,0,2,1,6,6,1,32,6,1796,1,6,VAUXHALL ZAFIRA,1,E01003318,0,-1
2020450976736,2020,450976736,1,9,0,18,19,2,4,0,0,0,0,0,0,0,1,1,6,6,2,37,7,1910,2,15,VAUXHALL ZAFIRA,-1,-1,0,-1
2020100963563,2020,100963563,1,9,0,9,9,8,6,0,0,0,0,0,0,0,1,1,5,6,2,28,6,1956,2,5,VAUXHALL ZAFIRA,-1,-1,0,-1
2020530950523,2020,530950523,2,9,0,2,2,0,0,0,0,1,0,0,0,0,1,1,6,6,1,35,6,1598,1,14,VAUXHALL ZAFIRA,4,E01032936,0,-1
2020010240229,2020,010240229,1,9,0,9,9,4,2,0,0,1,0,0,0,0,3,1,6,6,2,45,7,1796,1,18,VAUXHALL ZAFIRA,7,E01001601,0,-1
2020471008056,2020,471008056,1,9,0,18,19,5,1,0,0,4,0,0,0,0,1,1,6,6,1,54,8,1796,1,14,VAUXHALL ZAFIRA,7,E01017256,0,-1
2020990920634,2020,990920634,2,9,0,4,4,8,4,0,0,1,0,0,0,0,2,1,6,6,2,56,9,1364,1,2,VAUXHALL ZAFIRA,6,-1,0,-1
2020122000959,2020,122000959,2,9,0,4,4,3,7,0,0,1,0,0,0,0,2,1,1,1,2,33,6,1598,1,11,VAUXHALL ZAFIRA,6,E01027881,0,-1
2020052001158,2020,052001158,1,9,0,9,9,8,6,0,0,8,0,0,0,0,3,1,6,6,2,67,10,1364,1,2,VAUXHALL ZAFIRA,1,E01007124,0,-1
2020010253537,2020,010253537,1,9,0,3,3,1,5,0,0,4,0,0,0,0,3,1,6,6,1,42,7,1796,1,16,VAUXHALL ZAFIRA,2,E01000060,0,-1
2020010231133,2020,010231133,1,9,0,18,19,8,4,0,0,2,0,0,0,0,1,1,6,6,2,36,7,1796,1,10,VAUXHALL ZAFIRA,-1,-1,0,-1
202006P372545,2020,06P372545,1,9,0,4,4,4,8,0,0,0,0,0,0,0,1,1,6,6,2,41,7,1598,1,7,VAUXHALL ZAFIRA,1,E01005529,0,-1
2020200969230,2020,200969230,1,9,0,10,10,3,1,0,0,8,0,0,0,0,2,1,6,6,1,48,8,1796,1,17,VAUXHALL ZAFIRA,1,E01025218,0,-1
2020470939771,2020,470939771,1,9,0,17,19,3,8,0,0,0,1,0,1,4,1,1,5,6,1,18,4,1796,1,9,VAUXHALL ZAFIRA,9,E01021229,0,-1
2020111005118,2020,111005118,1,9,0,1,1,3,7,0,0,1,0,0,0,0,2,1,5,6,1,18,4,1598,1,7,VAUXHALL ZAFIRA,6,E01012325,0,-1
2020440439380,2020,440439380,1,9,0,18,19,2,6,0,0,0,0,0,0,0,4,1,6,6,3,-1,-1,1364,1,4,VAUXHALL ZAFIRA,-1,-1,0,-1
2020010277789,2020,010277789,2,9,0,7,7,1,3,0,0,1,0,0,0,0,0,9,6,6,3,-1,-1,1910,2,13,VAUXHALL ZAFIRA,-1,-1,0,-1
2020010284630,2020,010284630,1,9,0,4,4,1,5,0,0,1,0,0,0,0,1,1,6,6,1,40,7,1598,1,7,VAUXHALL ZAFIRA,2,E01001695,0,-1
2020140920485,2020,140920485,1,9,0,18,19,7,3,0,0,0,0,0,0,0,1,1,5,6,1,37,7,1956,2,6,VAUXHALL ZAFIRA,2,E01007815,0,-1
2020052002088,2020,052002088,2,9,0,18,19,1,5,0,0,0,0,0,8,7,3,1,2,2,1,51,8,1364,1,4,VAUXHALL ZAFIRA,7,E01006666,0,-1
2020161001242,2020,161001242,1,9,0,18,19,5,1,0,0,0,0,0,0,0,1,1,5,6,2,44,7,1796,1,6,VAUXHALL ZAFIRA,3,E01012997,0,-1
2020230960366,2020,230960366,1,9,0,5,5,6,2,0,0,4,0,0,0,0,3,1,1,1,2,44,7,1910,2,13,VAUXHALL ZAFIRA,7,E01031007,0,-1
2020010260499,2020,010260499,1,9,0,7,7,6,8,0,0,5,0,0,0,0,2,1,6,6,1,41,7,1598,1,11,VAUXHALL ZAFIRA,5,E01000636,0,-1
2020370951421,2020,370951421,1,9,0,5,5,7,3,0,0,2,0,0,0,0,3,1,1,1,1,44,7,1910,2,12,VAUXHALL ZAFIRA,6,E01030003,0,-1
2020160954745,2020,160954745,1,9,0,9,9,7,4,0,0,2,0,0,0,0,1,1,5,6,1,68,10,1598,1,18,VAUXHALL ZAFIRA,1,E01013142,0,-1
2020220974102,2020,220974102,2,9,0,18,19,6,2,0,0,3,0,10,1,2,3,1,5,6,1,33,6,1796,1,12,VAUXHALL ZAFIRA,2,E01032278,0,-1
2020440486197,2020,440486197,2,9,0,18,19,8,4,0,0,8,0,0,0,0,3,1,6,6,1,31,6,1910,2,12,VAUXHALL ZAFIRA,4,E01017042,0,-1
2020141010471,2020,141010471,2,9,0,18,19,1,5,0,0,1,0,0,0,0,1,1,6,6,3,-1,-1,1956,2,6,VAUXHALL ZAFIRA,-1,-1,0,-1
2020010235596,2020,010235596,1,9,0,18,19,7,3,0,0,1,0,0,0,0,0,1,2,2,2,49,8,1796,1,13,VAUXHALL ZAFIRA,6,E01003843,0,-1
202006XE76934,2020,06XE76934,2,9,0,18,19,6,2,0,0,0,0,0,0,0,1,1,6,6,2,32,6,1686,2,9,VAUXHALL ZAFIRA,6,E01005898,0,-1
2020990956333,2020,990956333,2,9,0,3,3,3,7,0,0,0,0,0,0,0,2,1,2,2,1,48,8,1796,1,13,VAUXHALL ZAFIRA,10,-1,0,-1
2020552000824,2020,552000824,1,9,0,16,19,2,4,0,0,0,2,7,7,2,1,1,6,6,1,34,6,2198,1,19,VAUXHALL ZAFIRA,5,E01020469,0,-1
2020200960082,2020,200960082,2,9,0,18,19,8,4,0,0,1,1,0,0,0,3,1,2,2,1,43,7,1598,1,11,VAUXHALL ZAFIRA,1,E01032887,0,-1
2020440460896,2020,440460896,2,9,0,10,10,2,8,0,0,1,0,0,0,0,2,1,6,6,1,45,7,1910,2,13,VAUXHALL ZAFIRA,10,E01022705,0,-1
2020010263657,2020,010263657,2,9,0,99,99,9,9,99,99,9,9,99,9,99,1,9,6,6,3,-1,-1,1364,1,6,VAUXHALL ZAFIRA,-1,-1,0,-1
2020320022474,2020,320022474,1,9,0,16,19,3,7,0,0,0,1,0,2,10,1,1,6,6,1,61,9,1796,1,18,VAUXHALL ZAFIRA,3,E01026032,0,-1
2020010248650,2020,010248650,2,9,0,5,5,1,5,0,0,8,0,0,0,0,3,1,6,6,1,38,7,1686,2,9,VAUXHALL ZAFIRA,2,E01000072,0,-1
2020010275907,2020,010275907,2,9,0,18,19,5,1,0,0,2,0,0,0,0,1,1,6,6,1,43,7,1598,1,8,VAUXHALL ZAFIRA,8,E01004502,0,-1
2020622000996,2020,622000996,1,9,0,18,19,2,6,0,0,0,0,0,0,0,3,1,6,6,1,48,8,1598,1,11,VAUXHALL ZAFIRA,1,W01000830,0,-1
2020501002767,2020,501002767,2,9,0,18,19,3,7,0,0,0,0,0,0,0,2,1,2,2,1,37,7,1686,2,8,VAUXHALL ZAFIRA,1,E01015182,0,-1
2020320449916,2020,320449916,1,8,0,18,19,1,5,0,0,2,0,0,7,0,3,1,1,1,1,55,8,1910,2,10,VAUXHALL ZAFIRA,9,E01026304,0,-1
2020410981855,2020,410981855,2,9,0,16,19,2,5,0,0,0,0,0,0,0,1,1,6,6,2,57,9,1598,1,18,VAUXHALL ZAFIRA,8,E01021763,0,-1
2020070638642,2020,070638642,1,9,0,17,19,2,6,0,0,8,0,0,0,0,1,1,1,1,1,62,9,1910,2,10,VAUXHALL ZAFIRA,-1,-1,0,-1
2020030984958,2020,030984958,2,9,0,2,2,2,6,0,0,0,0,0,0,0,2,1,5,6,1,41,7,1598,1,11,VAUXHALL ZAFIRA,3,E01019081,0,-1
202031C081920,2020,31C081920,2,9,0,2,2,0,0,0,0,0,0,0,0,0,1,1,6,6,3,-1,-1,1598,1,13,VAUXHALL ZAFIRA,-1,-1,0,-1
2020200970253,2020,200970253,4,9,0,18,19,2,6,0,0,1,0,0,0,0,3,1,6,6,1,48,8,1598,1,12,VAUXHALL ZAFIRA,1,E01009371,0,-1
2020140998753,2020,140998753,1,9,0,9,9,5,1,0,0,5,0,0,0,0,1,1,5,6,2,49,8,1598,1,14,VAUXHALL ZAFIRA,2,E01007555,0,-1
2020010243017,2020,010243017,1,9,0,9,9,1,6,0,0,8,0,0,0,0,4,1,6,6,1,74,10,1598,1,14,VAUXHALL ZAFIRA,3,E01004752,0,-1
2020302000444,2020,302000444,1,9,0,6,6,4,4,0,0,0,0,0,0,0,3,1,6,6,1,47,8,1910,2,11,VAUXHALL ZAFIRA,1,E01013567,0,-1
2020010234190,2020,010234190,1,9,0,18,19,8,4,0,0,0,0,4,0,0,3,1,6,6,1,39,7,1910,2,11,VAUXHALL ZAFIRA,1,E01002758,0,-1
2020010269436,2020,010269436,1,9,0,99,99,9,9,99,99,9,9,99,9,99,9,9,2,2,1,22,5,1598,1,7,VAUXHALL ZAFIRA,7,E01001888,0,-1
2020010275321,2020,010275321,1,9,0,99,99,9,9,99,99,9,9,99,9,99,1,9,6,6,1,33,6,1598,1,16,VAUXHALL ZAFIRA,3,E01000195,0,-1
2020200961891,2020,200961891,2,9,0,18,19,2,6,0,0,6,0,0,0,0,1,1,2,2,1,38,7,1598,1,10,VAUXHALL ZAFIRA,2,E01010525,0,-1
2020010255821,2020,010255821,2,9,0,18,19,8,4,0,0,0,0,0,0,0,1,9,6,6,1,-1,-1,1796,1,10,VAUXHALL ZAFIRA,-1,-1,0,-1
2020400989501,2020,400989501,2,9,0,18,19,2,7,0,0,3,0,0,0,0,2,1,2,2,1,44,7,1956,2,3,VAUXHALL ZAFIRA,8,E01017467,0,-1
2020010273543,2020,010273543,1,9,0,18,19,1,5,0,0,4,0,0,0,0,1,1,6,6,2,41,7,1910,2,13,VAUXHALL ZAFIRA,2,E01003305,0,-1
2020440277399,2020,440277399,2,9,0,4,4,3,7,0,0,1,0,0,0,0,2,1,6,6,1,40,7,1686,2,8,VAUXHALL ZAFIRA,10,E01022662,0,-1
2020010265017,2020,010265017,2,9,0,18,19,5,1,9,9,2,0,0,0,0,3,1,6,6,2,50,8,1598,1,11,VAUXHALL ZAFIRA,2,E01003350,0,-1
202031B060320,2020,31B060320,2,9,0,18,19,4,8,0,0,8,0,0,0,0,2,1,6,6,1,37,7,1796,1,16,VAUXHALL ZAFIRA,1,E01028320,0,-1
2020450998608,2020,450998608,1,9,0,9,9,5,1,0,0,1,0,0,0,0,2,1,2,2,1,51,8,1995,2,15,VAUXHALL ZAFIRA,6,E01031529,0,-1
2020200993070,2020,200993070,2,9,0,18,19,1,5,0,0,0,0,0,0,0,2,1,6,6,1,60,9,1796,1,6,VAUXHALL ZAFIRA,6,E01010350,0,-1
2020010236610,2020,010236610,1,9,0,10,10,5,3,0,0,1,0,0,0,0,2,1,6,6,1,52,8,1598,1,16,VAUXHALL ZAFIRA,2,E01001219,0,-1
2020100920906,2020,100920906,1,9,0,18,19,8,4,0,0,0,0,4,0,0,1,1,1,1,1,33,6,1364,1,5,VAUXHALL ZAFIRA,3,E01008375,0,-1
2020470974124,2020,470974124,3,9,0,3,3,6,2,0,0,8,0,0,0,0,2,1,1,1,2,48,8,1796,1,18,VAUXHALL ZAFIRA,1,E01016900,0,-1
2020100937625,2020,100937625,1,9,0,18,19,5,1,0,0,1,0,0,0,0,1,1,6,6,2,40,7,1598,1,13,VAUXHALL ZAFIRA,-1,-1,0,-1
2020200998194,2020,200998194,1,8,0,3,3,8,4,0,0,1,0,0,0,0,2,1,1,1,1,58,9,1796,1,10,VAUXHALL ZAFIRA,1,E01009491,0,-1
2020101002652,2020,101002652,1,9,0,5,5,7,3,0,0,4,0,0,0,0,1,1,6,6,2,32,6,1910,2,14,VAUXHALL ZAFIRA,4,E01008582,0,-1
2020010233248,2020,010233248,2,8,0,99,99,9,9,99,99,9,9,99,9,99,1,9,6,6,3,-1,-1,1364,1,5,VAUXHALL ZAFIRA,6,E01001347,0,-1
2020110992397,2020,110992397,2,9,0,4,4,3,7,0,0,0,0,0,0,0,2,1,6,6,2,39,7,1598,1,7,VAUXHALL ZAFIRA,8,E01033481,0,-1
2020340N03592,2020,340N03592,1,9,0,13,13,7,3,0,0,0,0,0,0,0,3,1,6,6,1,-1,-1,1910,2,14,VAUXHALL ZAFIRA,3,E01027197,0,-1
2020010230924,2020,010230924,1,9,0,99,99,9,9,99,99,1,9,99,9,99,9,9,6,6,2,31,6,1598,1,7,VAUXHALL ZAFIRA,3,E01000046,0,-1
2020460953741,2020,460953741,1,9,0,18,19,1,3,0,0,1,0,0,0,0,1,1,6,6,2,40,7,1796,1,15,VAUXHALL ZAFIRA,4,E01024178,0,-1
20201371S0637,2020,1371S0637,1,9,0,18,19,5,1,0,0,3,0,0,0,0,3,1,6,6,1,78,11,1364,1,2,VAUXHALL ZAFIRA,1,E01011764,0,-1
2020010264181,2020,010264181,2,9,0,99,99,9,9,99,99,9,9,99,9,99,1,9,6,6,1,-1,-1,1598,1,13,VAUXHALL ZAFIRA,3,E01003596,0,-1
2020010284552,2020,010284552,2,9,0,99,99,9,9,99,99,9,9,99,9,99,1,9,6,6,3,-1,-1,1910,2,11,VAUXHALL ZAFIRA,-1,-1,0,-1
2020110929823,2020,110929823,1,9,0,9,9,1,3,0,0,1,0,0,0,0,4,1,6,6,2,40,7,1796,1,7,VAUXHALL ZAFIRA,3,E01012328,0,-1
2020040940416,2020,040940416,2,9,0,18,19,1,1,0,0,2,0,0,0,0,0,1,6,6,1,-1,-1,1796,1,14,VAUXHALL ZAFIRA,-1,-1,0,-1
202006F167943,2020,06F167943,1,9,0,3,3,2,6,0,0,1,0,0,0,0,2,1,6,6,2,55,8,1956,2,5,VAUXHALL ZAFIRA,1,E01005731,0,-1
2020360962016,2020,360962016,1,9,0,18,19,5,1,0,0,4,0,0,0,0,3,1,5,6,1,45,7,1910,2,10,VAUXHALL ZAFIRA,4,E01026794,0,-1
2020460951953,2020,460951953,2,9,0,18,19,8,4,0,0,0,0,0,0,0,2,1,2,2,1,33,6,1910,2,14,VAUXHALL ZAFIRA,1,E01024240,0,-1
2020440457838,2020,440457838,2,9,0,4,4,2,8,0,0,2,0,0,0,0,2,1,6,6,1,32,6,1686,2,8,VAUXHALL ZAFIRA,5,E01023015,0,-1
2020030993185,2020,030993185,2,9,0,2,2,0,0,0,0,0,0,0,0,0,3,1,6,6,2,41,7,1598,1,13,VAUXHALL ZAFIRA,7,E01019379,0,-1
2020010241597,2020,010241597,2,9,0,99,99,9,9,99,99,2,9,99,9,99,1,9,6,6,3,-1,-1,1598,1,8,VAUXHALL ZAFIRA,-1,-1,0,-1
2020361010509,2020,361010509,2,9,0,18,19,2,6,0,0,0,0,0,0,0,1,1,6,6,1,45,7,1910,2,13,VAUXHALL ZAFIRA,6,E01026535,0,-1
2020140981109,2020,140981109,1,9,0,9,9,3,1,0,0,5,0,0,0,0,3,1,5,6,1,29,6,1598,1,11,VAUXHALL ZAFIRA,1,E01008102,0,-1
2020480964301,2020,480964301,2,8,0,18,19,3,7,0,0,8,0,0,0,0,1,1,1,1,1,36,7,1910,2,14,VAUXHALL ZAFIRA,2,E01001477,0,-1
2020010247963,2020,010247963,1,9,0,1,1,5,1,0,0,1,0,0,0,0,2,1,6,6,1,45,7,1364,1,3,VAUXHALL ZAFIRA,1,E01001714,0,-1
2020460998135,2020,460998135,1,9,0,7,7,7,1,0,0,1,0,0,0,0,2,1,6,6,2,63,9,1598,1,11,VAUXHALL ZAFIRA,4,E01024339,0,-1
2020421003999,2020,421003999,1,9,0,18,19,7,3,0,0,6,1,0,0,0,4,1,1,1,1,26,6,1956,2,5,VAUXHALL ZAFIRA,9,E01021623,0,-1
2020137CF0986,2020,137CF0986,2,9,0,18,19,4,8,0,0,8,0,0,0,0,1,1,6,6,1,47,8,1598,1,11,VAUXHALL ZAFIRA,1,E01011366,0,-1
2020070137104,2020,070137104,2,9,0,4,4,2,6,0,0,0,0,0,0,0,2,1,6,6,1,67,10,1686,2,6,VAUXHALL ZAFIRA,3,W01000287,0,-1
2020360929112,2020,360929112,1,9,0,18,19,5,1,0,0,0,0,0,0,0,1,1,5,6,1,65,9,1956,2,7,VAUXHALL ZAFIRA,1,E01017471,0,-1
2020010282190,2020,010282190,1,9,0,4,4,3,7,0,0,1,0,0,0,0,4,1,6,6,2,19,4,1956,2,7,VAUXHALL ZAFIRA,7,E01002161,0,-1
2020200995881,2020,200995881,2,9,0,18,19,8,4,0,0,8,0,0,0,0,3,1,3,7,2,46,8,1796,1,13,VAUXHALL ZAFIRA,4,E01009766,0,-1
202006F270520,2020,06F270520,1,9,0,18,19,3,7,9,9,1,2,10,1,1,4,1,6,6,1,40,7,1796,1,20,VAUXHALL ZAFIRA,3,E01006145,0,-1
2020140922730,2020,140922730,1,9,0,7,7,1,4,0,0,5,0,0,0,0,1,1,6,6,2,53,8,1686,2,9,VAUXHALL ZAFIRA,6,E01007703,0,-1
2020040987042,2020,040987042,2,9,0,15,15,5,1,0,0,0,0,0,0,0,2,1,6,6,1,43,7,1686,2,9,VAUXHALL ZAFIRA,3,E01025356,0,-1
2020440307758,2020,440307758,1,9,0,18,19,7,3,0,0,0,0,0,1,7,1,1,6,6,1,36,7,1598,1,14,VAUXHALL ZAFIRA,7,E01022924,0,-1
2020111004533,2020,111004533,1,9,0,18,19,4,8,0,0,0,0,0,0,0,1,1,3,7,2,31,6,1686,2,10,VAUXHALL ZAFIRA,3,E01020856,0,-1
2020010240285,2020,010240285,1,9,0,9,9,5,3,0,0,3,0,0,0,0,1,1,6,6,1,39,7,1598,1,10,VAUXHALL ZAFIRA,4,E01003782,0,-1
2020010240233,2020,010240233,2,9,0,99,99,9,9,99,99,1,9,99,9,99,1,9,6,6,3,-1,-1,1598,1,12,VAUXHALL ZAFIRA,5,E01003703,0,-1
2020220939021,2020,220939021,2,9,0,18,19,5,1,0,0,8,0,0,0,0,1,1,5,6,1,36,7,1598,1,14,VAUXHALL ZAFIRA,6,E01032129,0,-1
2020010242725,2020,010242725,2,8,0,99,99,9,9,99,99,9,9,99,9,99,9,9,6,6,3,-1,-1,1598,1,7,VAUXHALL ZAFIRA,-1,-1,0,-1
2020201033401,2020,201033401,1,9,0,4,4,4,8,0,0,0,0,0,0,0,3,1,6,6,2,47,8,1598,1,7,VAUXHALL ZAFIRA,3,E01032534,0,-1
2020440036417,2020,440036417,2,9,0,18,19,2,6,0,0,0,0,0,0,0,1,1,6,6,2,33,6,1956,2,7,VAUXHALL ZAFIRA,4,E01022523,0,-1
2020522003599,2020,522003599,1,9,0,18,19,1,5,0,0,8,0,0,0,0,1,1,6,6,2,44,7,1364,1,6,VAUXHALL ZAFIRA,4,W01001749,0,-1
2020320506684,2020,320506684,2,9,0,18,19,5,1,0,0,1,0,0,1,10,1,1,6,6,1,54,8,1598,1,7,VAUXHALL ZAFIRA,-1,-1,0,-1
2020430158525,2020,430158525,2,9,0,18,19,8,4,0,0,0,0,0,0,0,3,1,2,2,1,50,8,1598,1,10,VAUXHALL ZAFIRA,9,E01016300,0,-1
2020101002712,2020,101002712,1,9,0,18,19,4,8,0,0,0,0,0,0,0,1,1,6,6,2,39,7,1686,2,7,VAUXHALL ZAFIRA,5,E01027448,0,-1
2020470934894,2020,470934894,1,9,0,9,9,6,2,0,0,6,0,0,0,0,1,1,3,7,2,27,6,1598,1,14,VAUXHALL ZAFIRA,7,E01031471,0,-1
2020530978110,2020,530978110,1,9,0,18,19,6,2,0,0,3,0,0,0,0,4,1,5,6,1,73,10,1686,2,9,VAUXHALL ZAFIRA,5,E01022344,0,-1
2020430320892,2020,430320892,2,9,0,3,3,3,7,0,0,1,0,0,0,0,2,1,2,2,2,30,6,1956,2,7,VAUXHALL ZAFIRA,9,E01028738,0,-1
2020522100676,2020,522100676,2,9,0,9,9,8,7,0,0,8,0,0,0,0,1,1,6,6,2,45,7,1598,1,13,VAUXHALL ZAFIRA,-1,-1,0,-1
2020140952771,2020,140952771,1,9,0,18,19,2,6,0,0,3,0,0,0,0,1,1,6,6,2,50,8,1796,1,8,VAUXHALL ZAFIRA,2,E01007968,0,-1
2020010270659,2020,010270659,2,9,0,10,10,1,6,0,0,1,0,0,0,0,2,1,6,6,1,43,7,1686,2,10,VAUXHALL ZAFIRA,2,E01001579,0,-1
2020460984571,2020,460984571,1,9,0,18,19,1,6,0,0,0,0,0,0,0,1,1,5,6,1,45,7,1796,1,10,VAUXHALL ZAFIRA,3,E01024688,0,-1
2020302000503,2020,302000503,1,9,0,16,19,6,2,0,0,0,0,4,0,0,1,1,6,6,1,51,8,1796,1,15,VAUXHALL ZAFIRA,3,E01019459,0,-1
2020470968214,2020,470968214,1,9,0,16,19,3,7,0,0,0,0,0,0,0,1,1,5,6,1,30,6,1796,1,9,VAUXHALL ZAFIRA,6,E01031468,0,-1
2020547354920,2020,547354920,1,9,0,18,19,1,5,0,0,1,0,0,0,0,1,1,6,6,2,35,6,1995,2,18,VAUXHALL ZAFIRA,8,E01032071,0,-1
2020010243192,2020,010243192,2,9,0,5,5,1,5,0,0,8,0,0,0,0,1,1,6,6,1,37,7,1910,2,14,VAUXHALL ZAFIRA,4,E01032756,0,-1
2020140998293,2020,140998293,1,9,0,6,6,7,7,0,0,1,0,0,0,0,3,1,3,7,1,27,6,1956,2,7,VAUXHALL ZAFIRA,1,E01008083,0,-1
2020010267613,2020,010267613,2,9,0,99,99,9,9,99,99,0,9,99,9,99,1,9,6,6,3,27,6,1364,1,5,VAUXHALL ZAFIRA,-1,-1,0,-1
2020010237762,2020,010237762,2,9,9,1,1,0,2,0,0,1,0,0,0,0,2,9,6,6,1,-1,-1,1910,2,11,VAUXHALL ZAFIRA,1,E01002857,0,-1
2020010264987,2020,010264987,2,8,0,99,99,9,9,99,99,9,9,99,9,99,9,9,6,6,3,-1,-1,1364,1,4,VAUXHALL ZAFIRA,-1,-1,0,-1
202006L269710,2020,06L269710,1,8,0,9,9,7,6,8,6,5,0,0,0,0,1,1,6,6,1,30,6,1956,2,6,VAUXHALL ZAFIRA,-1,-1,0,-1
2020440427143,2020,440427143,1,9,0,9,9,1,7,0,0,8,0,0,0,0,1,1,6,6,1,25,5,1598,2,4,VAUXHALL ZAFIRA,9,E01023227,0,-1
2020052100048,2020,052100048,2,9,0,8,8,1,3,0,0,8,0,0,0,0,4,1,6,6,2,36,7,1598,1,10,VAUXHALL ZAFIRA,1,E01007293,0,-1
2020401007920,2020,401007920,1,9,0,18,19,5,1,0,0,0,0,4,0,0,4,1,6,6,1,52,8,1686,2,7,VAUXHALL ZAFIRA,4,E01015776,0,-1
2020122000659,2020,122000659,1,9,0,18,19,7,3,0,0,0,0,0,0,0,1,1,6,6,1,46,8,1910,2,12,VAUXHALL ZAFIRA,2,E01010852,0,-1
2020500987972,2020,500987972,2,9,0,18,19,1,5,0,0,0,0,0,0,0,4,1,6,6,1,32,6,1686,2,9,VAUXHALL ZAFIRA,8,E01015097,0,-1
2020500966755,2020,500966755,1,9,0,5,5,6,2,0,0,8,0,0,0,0,1,1,5,6,1,61,9,1598,1,15,VAUXHALL ZAFIRA,7,E01019892,0,-1
2020450969391,2020,450969391,1,9,0,18,19,3,7,0,0,2,0,0,0,0,1,1,5,6,1,52,8,1686,2,8,VAUXHALL ZAFIRA,7,E01023123,0,-1
2020200938033,2020,200938033,2,9,0,18,19,7,3,0,0,8,0,4,0,0,1,1,2,2,2,45,7,1910,2,12,VAUXHALL ZAFIRA,1,E01009325,0,-1
2020220921205,2020,220921205,2,9,0,4,4,7,1,0,0,1,0,0,0,0,2,1,5,6,2,36,7,1686,2,9,VAUXHALL ZAFIRA,8,E01032455,0,-1
2020360958446,2020,360958446,2,9,0,5,5,-1,-1,0,0,2,0,0,0,0,1,1,5,6,1,44,7,1598,2,4,VAUXHALL ZAFIRA,4,E01026651,0,-1
2020460917327,2020,460917327,1,9,0,7,7,1,3,0,0,0,0,0,0,0,3,1,1,1,1,-1,-1,1956,2,5,VAUXHALL ZAFIRA,4,E01024690,0,-1
2020201006720,2020,201006720,1,9,0,18,19,7,3,0,0,0,0,0,0,0,1,1,3,7,2,44,7,1956,2,5,VAUXHALL ZAFIRA,2,E01009495,0,-1
2020320099283,2020,320099283,2,9,0,12,12,7,1,0,0,6,0,0,0,0,0,1,1,1,2,34,6,1598,1,14,VAUXHALL ZAFIRA,6,E01026297,0,-1
2020340W00832,2020,340W00832,1,9,0,18,19,6,2,0,0,0,0,0,0,0,1,1,6,6,1,35,6,1686,2,10,VAUXHALL ZAFIRA,4,E01027315,0,-1
2020211014110,2020,211014110,2,9,0,10,10,4,8,0,0,0,0,0,0,0,2,1,1,1,1,34,6,1796,1,15,VAUXHALL ZAFIRA,1,E01014328,0,-1
2020010264892,2020,010264892,1,9,0,99,99,9,9,99,99,9,9,99,9,99,9,9,6,6,2,35,6,1910,2,13,VAUXHALL ZAFIRA,6,E01003707,0,-1
2020360983692,2020,360983692,2,9,0,18,19,5,1,0,0,0,0,0,0,0,3,1,3,7,1,43,7,1998,1,16,VAUXHALL ZAFIRA,1,E01026619,0,-1
2020010254018,2020,010254018,1,9,0,99,99,9,9,99,99,9,9,99,9,99,9,9,6,6,1,32,6,1598,1,14,VAUXHALL ZAFIRA,4,E01001503,0,-1
2020500990101,2020,500990101,1,9,0,9,9,3,7,0,0,6,0,0,0,0,4,1,5,6,2,42,7,1995,2,15,VAUXHALL ZAFIRA,5,E01020077,0,-1