collision_index,collision_year,collision_ref_no,vehicle_reference,vehicle_type,towing_and_articulation,vehicle_manoeuvre_historic,vehicle_manoeuvre,vehicle_direction_from,vehicle_direction_to,vehicle_location_restricted_lane_historic,vehicle_location_restricted_lane,junction_location,skidding_and_overturning,hit_object_in_carriageway,vehicle_leaving_carriageway,hit_object_off_carriageway,first_point_of_impact,vehicle_left_hand_drive,journey_purpose_of_driver_historic,journey_purpose_of_driver,sex_of_driver,age_of_driver,age_band_of_driver,engine_capacity_cc,propulsion_code,age_of_vehicle,generic_make_model,driver_imd_decile,lsoa_of_driver,escooter_flag,driver_distance_banding
2020160949456,2020,160949456,1,9,0,4,4,5,1,0,0,0,0,0,0,0,2,1,2,2,1,36,7,1995,2,16,VAUXHALL ZAFIRA,4,E01012990,0,-1
2020430113362,2020,430113362,1,9,0,9,9,7,4,0,0,8,0,0,0,0,3,1,6,6,1,60,9,1796,1,7,VAUXHALL ZAFIRA,8,E01028712,0,-1
2020010249811,2020,010249811,2,9,0,99,99,9,9,99,99,9,9,99,9,99,1,9,6,6,3,-1,-1,1598,1,13,VAUXHALL ZAFIRA,7,E01000983,0,-1
2020160923352,2020,160923352,1,9,0,18,19,8,4,0,0,1,0,0,0,0,1,1,6,6,1,35,6,1598,1,13,VAUXHALL ZAFIRA,1,E01013162,0,-1
2020410952025,2020,410952025,1,9,0,18,19,3,7,0,0,5,0,0,0,0,1,1,1,1,1,51,8,1956,2,4,VAUXHALL ZAFIRA,5,E01023864,0,-1
2020010284126,2020,010284126,1,9,0,9,9,3,1,0,0,6,0,0,0,0,3,1,6,6,1,61,9,1598,1,14,VAUXHALL ZAFIRA,6,E01002497,0,-1
2020332000039,2020,332000039,1,9,0,13,13,6,2,0,0,0,0,0,0,0,1,1,6,6,3,-1,-1,1598,1,14,VAUXHALL ZAFIRA,-1,-1,0,-1
2020010283589,2020,010283589,2,9,0,99,99,9,9,99,99,9,9,99,9,99,9,9,6,6,3,59,9,1364,1,4,VAUXHALL ZAFIRA,5,E01003110,0,-1
2020552000672,2020,552000672,2,9,0,4,4,6,2,0,0,0,0,0,0,0,2,1,6,6,1,61,9,1598,1,9,VAUXHALL ZAFIRA,7,E01015416,0,-1
2020010239603,2020,010239603,1,9,0,99,99,9,9,99,99,9,9,99,9,99,9,9,6,6,1,39,7,1796,1,9,VAUXHALL ZAFIRA,2,E01004242,0,-1
2020161004412,2020,161004412,2,9,0,18,19,5,3,0,0,8,0,0,0,0,1,1,5,6,1,53,8,1995,2,17,VAUXHALL ZAFIRA,1,E01012761,0,-1
2020010254931,2020,010254931,1,9,0,11,11,7,3,0,0,8,0,0,0,0,2,1,1,1,1,34,6,1686,2,9,VAUXHALL ZAFIRA,-1,-1,0,-1
202063C083120,2020,63C083120,1,9,0,18,19,6,2,0,0,0,0,0,0,0,4,1,6,6,2,54,8,1686,2,9,VAUXHALL ZAFIRA,4,W01000586,0,-1
2020990958485,2020,990958485,2,9,0,18,19,3,7,0,0,0,0,0,0,0,3,1,5,6,1,50,8,1956,2,6,VAUXHALL ZAFIRA,4,-1,0,-1
2020370940970,2020,370940970,1,9,0,9,9,1,4,0,0,1,0,0,0,0,1,1,3,7,2,38,7,1910,2,12,VAUXHALL ZAFIRA,2,E01029969,0,-1
2020010240288,2020,010240288,2,9,0,99,99,9,9,99,99,9,9,99,9,99,2,1,6,6,3,-1,-1,1598,1,11,VAUXHALL ZAFIRA,3,E01003374,0,-1
2020010258132,2020,010258132,2,9,0,99,99,9,9,99,99,9,9,99,9,99,9,9,6,6,3,-1,-1,1796,1,13,VAUXHALL ZAFIRA,-1,-1,0,-1
2020400922464,2020,400922464,1,9,0,18,19,5,1,0,0,0,0,0,0,0,2,1,5,6,1,42,7,1956,2,6,VAUXHALL ZAFIRA,1,E01018107,0,-1
2020460942536,2020,460942536,2,9,0,18,19,3,7,0,0,0,0,0,0,0,3,1,6,6,2,37,7,1686,2,9,VAUXHALL ZAFIRA,1,E01024663,0,-1
2020010285692,2020,010285692,1,9,0,18,19,7,3,0,0,8,0,0,0,0,3,1,1,1,1,47,8,1796,1,6,VAUXHALL ZAFIRA,-1,-1,0,-1
202006F172483,2020,06F172483,1,9,0,18,19,7,3,0,0,8,0,0,0,0,1,1,6,6,2,30,6,1796,1,13,VAUXHALL ZAFIRA,-1,-1,0,-1
2020010264373,2020,010264373,2,9,0,99,99,9,9,99,99,9,9,99,9,99,9,9,6,6,1,54,8,1364,1,2,VAUXHALL ZAFIRA,3,E01001412,0,-1
2020470986669,2020,470986669,2,9,0,18,19,3,7,0,0,8,0,0,0,0,1,1,5,6,2,48,8,1598,1,18,VAUXHALL ZAFIRA,6,E01031784,0,-1
2020461011838,2020,461011838,2,9,0,9,9,1,8,0,0,5,0,0,0,0,3,1,5,6,1,83,11,1796,1,10,VAUXHALL ZAFIRA,2,E01016025,0,-1
2020460992709,2020,460992709,2,9,0,18,19,3,7,0,0,1,0,0,0,0,1,1,5,6,1,24,5,1598,1,12,VAUXHALL ZAFIRA,5,E01024774,0,-1
2020030966416,2020,030966416,1,9,0,18,19,1,5,0,0,1,0,0,0,0,3,1,6,6,2,43,7,1796,1,10,VAUXHALL ZAFIRA,4,E01019217,0,-1
2020200997416,2020,200997416,1,9,0,16,19,6,8,0,0,0,0,10,7,11,1,1,6,6,1,28,6,1364,1,3,VAUXHALL ZAFIRA,2,E01009257,0,-1
2020401001174,2020,401001174,1,9,0,18,19,3,7,0,0,0,0,0,0,0,1,1,5,6,2,59,9,1598,2,4,VAUXHALL ZAFIRA,7,E01017431,0,-1
2020320108139,2020,320108139,1,9,0,18,19,8,3,0,0,1,0,0,0,0,3,1,3,7,1,41,7,1796,7,17,VAUXHALL ZAFIRA,5,E01026243,0,-1
2020010262884,2020,010262884,2,9,0,99,99,9,9,99,99,9,9,99,9,99,9,9,6,6,3,-1,-1,1910,2,10,VAUXHALL ZAFIRA,-1,-1,0,-1
2020340E01722,2020,340E01722,1,9,0,9,9,3,7,0,0,8,0,0,0,0,4,1,6,6,1,51,8,1686,2,6,VAUXHALL ZAFIRA,-1,-1,0,-1
2020040928246,2020,040928246,2,9,0,18,19,5,1,0,0,1,0,0,0,0,1,1,5,6,1,57,9,1956,2,6,VAUXHALL ZAFIRA,4,E01025194,0,-1
202063A081520,2020,63A081520,3,8,0,7,7,4,5,0,0,5,0,0,0,0,3,1,6,6,2,35,6,1910,2,10,VAUXHALL ZAFIRA,7,W01000675,0,-1
2020010258576,2020,010258576,2,9,0,4,4,1,5,0,0,4,0,0,0,0,1,1,6,6,1,42,7,1598,1,7,VAUXHALL ZAFIRA,5,E01002183,0,-1
2020460927795,2020,460927795,1,9,0,18,19,7,3,0,0,0,0,0,7,0,1,1,1,1,1,44,7,1598,1,13,VAUXHALL ZAFIRA,3,E01024047,0,-1
2020111017369,2020,111017369,1,9,0,18,19,3,7,0,0,0,0,0,0,0,1,1,4,7,2,30,6,1598,1,7,VAUXHALL ZAFIRA,4,E01020636,0,-1
2020010269690,2020,010269690,2,9,0,99,99,9,9,99,99,9,9,99,9,99,1,9,6,6,3,-1,-1,1686,2,9,VAUXHALL ZAFIRA,1,E01004273,0,-1
20201373U0958,2020,1373U0958,1,9,0,18,19,8,4,0,0,1,0,4,0,0,1,1,6,6,2,30,6,2198,1,14,VAUXHALL ZAFIRA,2,E01010929,0,-1
2020010251322,2020,010251322,2,9,0,2,2,0,0,0,0,1,0,4,0,0,1,1,6,6,3,-1,-1,1796,1,18,VAUXHALL ZAFIRA,-1,-1,0,-1
2020320357261,2020,320357261,1,9,0,18,19,5,1,0,0,1,0,4,0,0,1,1,6,6,1,42,7,1910,2,14,VAUXHALL ZAFIRA,1,E01026168,0,-1
2020052000400,2020,052000400,1,9,0,5,5,1,7,0,0,6,0,0,0,0,1,1,6,6,2,46,8,1598,1,12,VAUXHALL ZAFIRA,1,E01007292,0,-1
2020400974256,2020,400974256,2,9,0,3,3,1,4,0,0,0,0,0,0,0,2,1,6,6,1,27,6,1796,1,13,VAUXHALL ZAFIRA,10,E01017393,0,-1
2020010274909,2020,010274909,2,9,9,99,99,9,9,99,99,9,9,99,9,99,9,9,6,6,3,-1,-1,1598,1,15,VAUXHALL ZAFIRA,-1,-1,0,-1
2020010277553,2020,010277553,1,9,0,18,19,7,3,0,0,1,0,0,0,0,1,1,6,6,2,48,8,1796,1,13,VAUXHALL ZAFIRA,1,E01001554,0,-1
2020451000331,2020,451000331,2,9,0,3,3,3,1,0,0,1,0,0,0,0,1,1,6,6,2,45,7,1598,1,10,VAUXHALL ZAFIRA,-1,-1,0,-1
2020450955690,2020,450955690,1,9,0,3,3,4,2,0,0,1,0,0,0,0,2,1,5,6,2,30,6,1598,1,13,VAUXHALL ZAFIRA,7,E01030520,0,-1
2020210943104,2020,210943104,1,9,0,18,19,8,4,0,0,0,0,0,0,0,0,1,2,2,1,44,7,1598,1,14,VAUXHALL ZAFIRA,2,E01014236,0,-1
2020052001490,2020,052001490,1,9,0,7,7,3,7,0,0,8,0,0,0,0,4,1,6,6,1,33,6,1598,1,13,VAUXHALL ZAFIRA,3,E01017666,0,-1
2020470982349,2020,470982349,1,9,0,18,19,6,2,0,0,4,0,0,0,0,1,1,6,6,2,45,7,1598,1,15,VAUXHALL ZAFIRA,8,E01020963,0,-1
2020430076389,2020,430076389,1,9,0,18,19,6,2,0,0,1,0,0,0,0,1,1,6,6,1,38,7,1598,1,12,VAUXHALL ZAFIRA,1,E01016441,0,-1
2020461002544,2020,461002544,2,9,0,18,19,5,5,0,0,2,0,0,0,0,1,1,3,7,2,39,7,1910,2,13,VAUXHALL ZAFIRA,1,E01024278,0,-1
2020160918618,2020,160918618,1,9,0,18,19,4,8,0,0,8,0,0,0,0,1,1,6,6,2,50,8,1686,2,6,VAUXHALL ZAFIRA,4,E01012904,0,-1
2020522101347,2020,522101347,1,9,0,4,4,4,8,0,0,1,0,0,0,0,0,1,6,6,2,25,5,1995,2,16,VAUXHALL ZAFIRA,4,E01014567,0,-1
2020010283006,2020,010283006,2,9,0,18,19,1,5,0,0,9,0,0,0,0,2,1,6,6,1,50,8,1598,1,9,VAUXHALL ZAFIRA,1,E01001483,0,-1
2020010254758,2020,010254758,1,9,0,18,19,1,5,0,0,1,0,0,0,0,4,1,1,1,1,54,8,1796,1,7,VAUXHALL ZAFIRA,2,E01004044,0,-1
2020010236240,2020,010236240,1,9,0,18,19,5,1,0,0,0,0,0,0,0,4,1,1,1,1,59,9,1686,2,9,VAUXHALL ZAFIRA,2,E01033713,0,-1
2020350932266,2020,350932266,1,9,0,13,13,5,1,0,0,0,1,10,1,0,1,1,6,6,1,46,8,1910,2,14,VAUXHALL ZAFIRA,3,E01018073,0,-1
2020470939212,2020,470939212,1,9,0,1,1,3,7,0,0,0,0,0,0,0,2,1,6,6,1,35,6,1796,1,13,VAUXHALL ZAFIRA,2,E01021135,0,-1
2020420968521,2020,420968521,1,9,0,18,19,5,1,0,0,0,0,0,0,0,1,1,5,6,1,30,6,1686,2,7,VAUXHALL ZAFIRA,4,E01024384,0,-1
2020370985734,2020,370985734,1,9,5,9,9,4,8,0,0,0,0,0,0,0,1,1,1,1,1,33,6,1796,1,18,VAUXHALL ZAFIRA,2,E01033122,0,-1
2020360939998,2020,360939998,1,9,0,18,19,5,1,9,9,0,0,10,1,1,1,1,5,6,1,69,10,1796,1,17,VAUXHALL ZAFIRA,1,E01026595,0,-1
2020010253147,2020,010253147,2,9,0,99,99,9,9,99,99,9,9,99,9,99,9,9,6,6,1,-1,-1,1598,1,10,VAUXHALL ZAFIRA,2,E01001722,0,-1
2020010258037,2020,010258037,2,9,0,99,99,9,9,99,99,9,9,99,9,99,9,9,6,6,3,-1,-1,1598,1,7,VAUXHALL ZAFIRA,-1,-1,0,-1
202006A174539,2020,06A174539,1,8,0,7,7,7,5,0,0,8,0,0,0,0,1,1,1,1,1,30,6,1598,1,7,VAUXHALL ZAFIRA,-1,-1,0,-1
2020370999400,2020,370999400,2,9,0,3,3,8,4,0,0,1,0,0,0,0,1,1,5,6,1,51,8,1598,1,12,VAUXHALL ZAFIRA,1,E01029994,0,-1
2020302001564,2020,302001564,1,9,0,14,14,7,3,0,0,0,0,4,0,0,4,1,6,6,1,28,6,1796,1,14,VAUXHALL ZAFIRA,3,E01013547,0,-1
2020990993984,2020,990993984,1,9,0,5,5,1,5,0,0,8,0,0,0,0,1,1,3,7,2,47,8,1598,1,7,VAUXHALL ZAFIRA,1,-1,0,-1
2020370968783,2020,370968783,2,9,0,17,19,8,4,0,0,0,0,0,0,0,1,1,5,6,2,27,6,1796,1,19,VAUXHALL ZAFIRA,1,E01030018,0,-1
2020440267235,2020,440267235,2,9,0,5,5,3,3,0,0,8,0,0,0,0,1,1,6,6,2,30,6,1598,1,10,VAUXHALL ZAFIRA,6,E01023155,0,-1
2020320524090,2020,320524090,2,9,0,18,19,7,3,0,0,0,0,0,0,0,1,1,6,6,1,53,8,1598,1,16,VAUXHALL ZAFIRA,-1,-1,0,-1
2020010257772,2020,010257772,1,9,0,9,9,1,6,0,0,1,0,0,0,0,4,1,6,6,1,52,8,1796,1,10,VAUXHALL ZAFIRA,3,E01001192,0,-1
2020520002747,2020,520002747,2,9,0,18,19,4,8,0,0,8,0,0,0,0,1,1,6,6,1,33,6,1910,2,10,VAUXHALL ZAFIRA,5,E01029094,0,-1
2020541376720,2020,541376720,1,9,0,18,19,3,7,0,0,2,0,0,0,0,4,1,6,6,2,42,7,1995,2,16,VAUXHALL ZAFIRA,3,E01008970,0,-1
2020552000228,2020,552000228,3,9,0,3,3,7,3,0,0,0,0,0,0,0,2,1,6,6,2,37,7,1796,1,13,VAUXHALL ZAFIRA,9,E01015419,0,-1
202006XN77459,2020,06XN77459,2,9,0,18,19,5,1,0,0,0,1,7,0,6,2,1,6,6,1,61,9,1796,1,12,VAUXHALL ZAFIRA,2,E01005654,0,-1
2020302000529,2020,302000529,2,9,0,2,2,0,0,9,9,0,0,0,0,0,4,1,6,6,3,-1,-1,1598,1,16,VAUXHALL ZAFIRA,-1,-1,0,-1
2020010272401,2020,010272401,2,9,0,99,99,9,9,99,99,9,9,99,9,99,1,9,6,6,3,41,7,1796,1,19,VAUXHALL ZAFIRA,3,E01003942,0,-1
2020010264574,2020,010264574,2,9,0,99,99,9,9,99,99,9,9,99,9,99,1,9,6,6,3,-1,-1,1910,2,12,VAUXHALL ZAFIRA,-1,-1,0,-1
2020110983038,2020,110983038,3,9,0,2,2,0,0,0,0,0,0,0,0,0,2,1,6,6,1,58,9,1796,1,13,VAUXHALL ZAFIRA,-1,-1,0,-1
2020470931935,2020,470931935,1,9,0,13,13,5,1,0,0,8,0,0,7,0,4,1,5,6,1,30,6,1598,1,7,VAUXHALL ZAFIRA,7,E01031701,0,-1
2020450996054,2020,450996054,1,9,0,6,6,5,1,0,0,0,0,0,0,0,3,1,2,2,2,37,7,1956,2,5,VAUXHALL ZAFIRA,4,E01031562,0,-1
2020450932389,2020,450932389,1,9,0,9,9,3,5,0,0,8,0,0,0,0,1,1,5,6,2,42,7,1796,1,14,VAUXHALL ZAFIRA,9,E01030660,0,-1
2020040998749,2020,040998749,2,9,0,17,19,3,7,0,0,0,0,0,0,0,1,1,5,6,1,34,6,1598,1,12,VAUXHALL ZAFIRA,1,E01012748,0,-1
2020622000726,2020,622000726,2,9,0,18,19,4,8,0,0,0,0,0,0,0,2,1,3,7,2,42,7,1686,2,7,VAUXHALL ZAFIRA,1,W01000835,0,-1
2020410958774,2020,410958774,2,9,0,2,2,0,0,0,0,2,0,0,0,0,1,1,5,6,3,-1,-1,1956,2,8,VAUXHALL ZAFIRA,-1,-1,0,-1
2020610047520,2020,610047520,2,9,0,18,19,8,4,0,0,8,0,0,0,0,1,1,2,2,1,43,7,1796,1,6,VAUXHALL ZAFIRA,2,W01001681,0,-1
2020430341635,2020,430341635,1,9,0,18,19,6,4,0,0,4,0,0,0,0,1,1,6,6,1,30,6,1796,1,12,VAUXHALL ZAFIRA,10,E01028596,0,-1
2020141001954,2020,141001954,2,9,0,18,19,1,5,0,0,1,0,0,0,0,1,1,1,1,1,52,8,1364,1,5,VAUXHALL ZAFIRA,2,E01007854,0,-1
2020990989919,2020,990989919,1,9,0,7,7,8,2,0,0,0,0,0,1,0,1,1,5,6,1,40,7,1364,1,3,VAUXHALL ZAFIRA,9,-1,0,-1
2020552000737,2020,552000737,1,9,0,18,19,5,1,0,0,0,0,0,0,0,2,1,6,6,2,26,6,1910,2,11,VAUXHALL ZAFIRA,6,E01020443,0,-1
2020470975811,2020,470975811,2,9,0,18,19,3,7,0,0,0,0,0,0,0,1,1,6,6,1,-1,-1,1598,1,11,VAUXHALL ZAFIRA,5,E01016437,0,-1
2020010259599,2020,010259599,1,9,0,99,99,9,9,99,99,9,9,99,9,99,4,9,6,6,1,42,7,1598,1,15,VAUXHALL ZAFIRA,3,E01001166,0,-1
2020460999321,2020,460999321,2,9,0,14,14,7,3,0,0,0,0,0,0,0,1,1,3,7,2,27,6,1796,1,15,VAUXHALL ZAFIRA,4,E01024579,0,-1
20201372M1714,2020,1372M1714,1,8,0,18,19,5,1,0,0,0,2,0,0,0,4,1,1,1,1,39,7,1598,1,7,VAUXHALL ZAFIRA,1,E01011911,0,-1
2020140928253,2020,140928253,1,9,0,18,19,6,2,0,0,8,0,0,1,4,1,1,5,6,1,37,7,1686,2,8,VAUXHALL ZAFIRA,7,E01007657,0,-1
2020340K06622,2020,340K06622,2,9,0,18,19,3,7,0,0,0,0,0,0,0,1,1,2,2,2,42,7,1796,1,13,VAUXHALL ZAFIRA,2,E01027128,0,-1
202031A117220,2020,31A117220,1,9,0,2,2,0,0,0,0,0,0,0,0,0,1,1,1,1,2,61,9,1364,1,5,VAUXHALL ZAFIRA,2,E01027980,0,-1
2020200998495,2020,200998495,1,9,0,18,19,4,8,0,0,0,0,0,0,0,1,1,6,6,1,36,7,1598,1,13,VAUXHALL ZAFIRA,3,E01009956,0,-1
2020400992559,2020,400992559,1,9,0,18,19,1,5,0,0,1,0,0,0,0,3,1,6,6,2,22,5,1598,1,7,VAUXHALL ZAFIRA,9,E01017398,0,-1
2020470964391,2020,470964391,2,9,0,3,3,7,3,0,0,0,0,0,0,0,2,1,6,6,1,24,5,1598,1,20,VAUXHALL ZAFIRA,6,E01021054,0,-1
2020320521833,2020,320521833,1,9,0,18,19,1,3,0,0,3,0,0,0,0,1,1,6,6,1,40,7,1598,1,13,VAUXHALL ZAFIRA,8,E01026138,0,-1
2020440076321,2020,440076321,1,9,0,4,4,4,8,0,0,0,0,0,0,0,2,1,2,2,1,33,6,1910,2,12,VAUXHALL ZAFIRA,8,E01022813,0,-1
2020010266965,2020,010266965,3,9,0,3,3,7,3,0,0,1,0,10,0,0,1,1,6,6,1,40,7,1364,1,4,VAUXHALL ZAFIRA,2,E01001653,0,-1
2020302001097,2020,302001097,1,9,0,18,19,6,2,0,0,2,0,0,0,0,1,1,2,2,1,55,8,1598,1,14,VAUXHALL ZAFIRA,2,E01013571,0,-1
2020990991538,2020,990991538,2,9,0,3,3,6,2,0,0,3,0,0,0,0,2,1,5,6,1,31,6,1956,2,6,VAUXHALL ZAFIRA,6,-1,0,-1
2020211020222,2020,211020222,1,9,0,8,8,5,7,0,0,8,0,0,0,0,4,1,6,6,2,39,7,1364,1,2,VAUXHALL ZAFIRA,7,E01029825,0,-1
2020340K01862,2020,340K01862,1,9,0,18,19,5,1,0,0,3,0,0,1,4,1,1,6,6,1,54,8,1598,1,17,VAUXHALL ZAFIRA,3,E01026967,0,-1
2020010231809,2020,010231809,2,9,0,99,99,9,9,99,99,9,9,99,9,99,1,9,6,6,3,-1,-1,1796,1,18,VAUXHALL ZAFIRA,3,E01004422,0,-1
2020211009713,2020,211009713,1,9,-1,-1,-1,5,2,-1,-1,-1,-1,-1,-1,0,-1,1,6,6,1,32,6,1686,2,7,VAUXHALL ZAFIRA,5,E01029607,0,-1
2020200958121,2020,200958121,2,9,0,18,19,6,3,0,0,8,0,0,0,0,4,1,6,6,2,54,8,1598,1,12,VAUXHALL ZAFIRA,1,E01009640,0,-1
2020010262767,2020,010262767,1,8,0,18,19,8,4,9,9,2,1,10,1,2,4,1,6,6,1,43,7,1598,1,8,VAUXHALL ZAFIRA,5,E01002184,0,-1
202054B403820,2020,54B403820,2,9,0,1,1,2,6,0,0,1,0,0,0,0,2,1,6,6,2,43,7,1598,1,13,VAUXHALL ZAFIRA,5,E01031982,0,-1
2020010275900,2020,010275900,1,9,0,99,99,9,9,99,99,9,9,99,9,99,3,9,6,6,1,64,9,1598,1,10,VAUXHALL ZAFIRA,6,E01000244,0,-1
2020460921939,2020,460921939,1,9,0,9,9,7,1,0,0,5,0,0,0,0,1,1,6,6,2,-1,-1,1910,2,13,VAUXHALL ZAFIRA,6,E01024491,0,-1
2020220986025,2020,220986025,1,9,0,9,9,4,1,0,0,5,5,0,0,0,4,1,5,6,1,42,7,1998,1,16,VAUXHALL ZAFIRA,1,E01010435,0,-1
2020010261819,2020,010261819,2,9,0,18,19,3,7,0,0,1,0,0,0,0,0,1,6,6,1,40,7,1364,1,3,VAUXHALL ZAFIRA,5,E01024588,0,-1
2020010258082,2020,010258082,1,9,0,7,7,3,5,0,0,1,0,0,0,0,1,1,6,6,2,39,7,1598,1,14,VAUXHALL ZAFIRA,4,E01003626,0,-1
2020522100656,2020,522100656,2,9,0,4,4,7,3,0,0,0,0,0,0,0,2,1,6,6,1,26,6,1910,2,15,VAUXHALL ZAFIRA,1,E01014593,0,-1
2020461005661,2020,461005661,1,9,0,18,19,7,3,0,0,0,0,0,0,0,1,1,6,6,1,60,9,1910,2,11,VAUXHALL ZAFIRA,3,E01024169,0,-1
2020160979487,2020,160979487,1,9,0,18,19,4,8,0,0,1,0,0,0,0,1,1,5,6,1,68,10,1796,1,14,VAUXHALL ZAFIRA,1,E01013208,0,-1
2020430293937,2020,430293937,1,9,0,18,19,8,4,6,6,0,0,4,0,0,1,1,6,6,1,38,7,1598,1,17,VAUXHALL ZAFIRA,2,E01002637,0,-1
2020520004853,2020,520004853,2,9,0,18,19,1,5,0,0,1,0,0,0,0,1,1,6,6,2,47,8,1796,1,18,VAUXHALL ZAFIRA,3,E01029235,0,-1
2020140980510,2020,140980510,1,9,0,9,9,5,4,0,0,5,0,0,0,0,3,1,3,7,2,38,7,1598,1,13,VAUXHALL ZAFIRA,3,E01007702,0,-1
2020010246447,2020,010246447,2,9,0,18,19,3,7,0,0,1,0,0,0,0,1,1,6,6,1,58,9,1796,1,10,VAUXHALL ZAFIRA,5,E01003340,0,-1
2020371021202,2020,371021202,1,9,0,4,4,1,5,0,0,1,0,0,0,0,1,1,2,2,1,27,6,1910,2,12,VAUXHALL ZAFIRA,3,E01030026,0,-1
2020370944484,2020,370944484,1,9,0,5,5,2,6,0,0,0,0,0,0,0,4,1,5,6,1,69,10,1598,1,14,VAUXHALL ZAFIRA,1,E01030261,0,-1
2020990968998,2020,990968998,2,9,0,18,19,2,6,0,0,0,0,1,0,0,1,1,5,6,2,57,9,1598,1,7,VAUXHALL ZAFIRA,9,E01023246,0,-1
2020010259853,2020,010259853,2,9,0,8,8,3,5,0,0,1,0,0,7,0,2,1,1,1,1,33,6,1598,1,10,VAUXHALL ZAFIRA,1,E01033153,0,-1
2020430338860,2020,430338860,1,9,0,9,9,3,1,0,0,5,0,0,0,0,4,1,6,6,2,-1,-1,1995,2,16,VAUXHALL ZAFIRA,3,E01016389,0,-1
2020500994001,2020,500994001,3,9,0,2,2,0,0,0,0,0,0,4,0,0,1,1,6,6,2,40,7,1686,2,10,VAUXHALL ZAFIRA,10,E01019963,0,-1
2020200969237,2020,200969237,2,9,0,4,4,6,2,0,0,1,0,0,0,0,2,1,6,6,1,53,8,1796,1,16,VAUXHALL ZAFIRA,6,E01009419,0,-1
2020548422820,2020,548422820,2,9,0,2,2,0,0,0,0,0,0,0,0,0,3,1,6,6,1,39,7,1598,1,11,VAUXHALL ZAFIRA,3,E01015503,0,-1
2020010253440,2020,010253440,1,8,0,18,19,7,3,0,0,1,0,0,0,0,1,2,2,2,1,58,9,1956,2,7,VAUXHALL ZAFIRA,2,E01000954,0,-1
202063D060620,2020,63D060620,1,9,0,18,19,6,2,0,0,1,0,0,0,0,1,1,1,1,2,49,8,1598,1,18,VAUXHALL ZAFIRA,8,W01000457,0,-1
2020500975640,2020,500975640,1,9,0,18,19,4,8,0,0,0,0,0,0,0,1,1,5,6,1,31,6,1796,1,6,VAUXHALL ZAFIRA,4,E01019927,0,-1
2020137411373,2020,137411373,1,9,0,1,1,1,5,0,0,0,2,0,0,0,2,1,6,6,1,38,7,1598,1,13,VAUXHALL ZAFIRA,7,E01011350,0,-1
2020430133655,2020,430133655,2,9,0,3,3,5,1,0,0,8,0,0,0,0,2,1,1,1,1,57,9,1686,2,9,VAUXHALL ZAFIRA,1,E01028568,0,-1
2020470999996,2020,470999996,2,9,0,18,19,6,2,0,0,8,0,0,0,0,3,1,1,1,1,54,8,1796,1,13,VAUXHALL ZAFIRA,7,E01031421,0,-1
2020361023886,2020,361023886,1,9,0,4,4,4,7,0,0,1,0,0,0,0,2,1,5,6,2,45,7,1956,2,4,VAUXHALL ZAFIRA,4,E01026659,0,-1
2020010268455,2020,010268455,1,9,0,6,6,3,3,0,0,8,0,11,0,0,3,1,6,6,2,41,7,1796,1,16,VAUXHALL ZAFIRA,5,E01001520,0,-1
2020520002635,2020,520002635,4,9,0,2,2,0,0,0,0,0,0,0,0,0,1,1,6,6,1,48,8,1686,2,8,VAUXHALL ZAFIRA,6,E01029321,0,-1
20201371R0232,2020,1371R0232,2,9,0,4,4,5,1,0,0,0,0,0,0,0,2,1,6,6,1,47,8,1956,2,5,VAUXHALL ZAFIRA,10,W01001561,0,-1
2020302001467,2020,302001467,1,9,0,18,19,6,2,0,0,0,0,0,0,0,1,1,3,7,1,33,6,1598,1,15,VAUXHALL ZAFIRA,5,E01013587,0,-1
2020010244578,2020,010244578,2,9,0,99,99,9,9,99,99,9,9,99,9,99,1,9,6,6,3,-1,-1,1995,2,16,VAUXHALL ZAFIRA,2,E01003346,0,-1
2020010271404,2020,010271404,1,9,0,18,19,3,7,0,0,2,0,0,0,0,1,1,1,1,1,47,8,1598,1,12,VAUXHALL ZAFIRA,4,E01000588,0,-1
2020420970996,2020,420970996,3,9,0,4,4,5,1,0,0,0,0,0,0,0,2,1,5,6,1,44,7,1598,1,7,VAUXHALL ZAFIRA,2,E01004390,0,-1
2020340K06962,2020,340K06962,2,9,0,5,5,8,4,0,0,8,0,0,0,0,1,1,6,6,2,50,8,1910,2,12,VAUXHALL ZAFIRA,3,E01027065,0,-1
202031C006020,2020,31C006020,2,9,0,3,3,2,6,0,0,1,0,0,0,0,2,1,3,7,2,40,7,1598,1,15,VAUXHALL ZAFIRA,1,E01013867,0,-1
2020210930912,2020,210930912,1,9,0,18,19,1,5,0,0,3,0,0,0,0,0,1,6,6,1,18,4,1956,2,4,VAUXHALL ZAFIRA,4,E01029578,0,-1
2020200964421,2020,200964421,2,9,0,2,2,0,0,9,9,0,0,0,1,0,1,1,6,6,1,-1,-1,1598,1,12,VAUXHALL ZAFIRA,-1,-1,0,-1
2020470932327,2020,470932327,2,9,0,10,10,5,1,0,0,1,0,0,0,0,2,1,5,6,2,48,8,1796,1,15,VAUXHALL ZAFIRA,6,E01031363,0,-1
2020070660438,2020,070660438,1,9,0,9,9,7,5,0,0,3,0,0,0,0,1,1,6,6,1,38,7,1598,1,9,VAUXHALL ZAFIRA,9,E01012568,0,-1
2020140931569,2020,140931569,2,9,0,5,5,5,1,0,0,4,0,0,0,0,1,1,6,6,1,53,8,1995,2,16,VAUXHALL ZAFIRA,1,E01007764,0,-1
2020552000978,2020,552000978,2,9,0,18,19,5,1,0,0,0,0,0,0,0,4,1,3,7,2,42,7,1796,1,8,VAUXHALL ZAFIRA,4,E01015326,0,-1
2020610006120,2020,610006120,2,9,0,5,5,1,5,0,0,4,0,0,0,0,4,1,6,6,1,-1,-1,1796,1,11,VAUXHALL ZAFIRA,4,W01001445,0,-1