collision_index,collision_year,collision_ref_no,vehicle_reference,vehicle_type,towing_and_articulation,vehicle_manoeuvre_historic,vehicle_manoeuvre,vehicle_direction_from,vehicle_direction_to,vehicle_location_restricted_lane_historic,vehicle_location_restricted_lane,junction_location,skidding_and_overturning,hit_object_in_carriageway,vehicle_leaving_carriageway,hit_object_off_carriageway,first_point_of_impact,vehicle_left_hand_drive,journey_purpose_of_driver_historic,journey_purpose_of_driver,sex_of_driver,age_of_driver,age_band_of_driver,engine_capacity_cc,propulsion_code,age_of_vehicle,generic_make_model,driver_imd_decile,lsoa_of_driver,escooter_flag,driver_distance_banding
2020440278276,2020,440278276,2,9,0,2,2,0,0,0,0,0,0,0,0,0,1,1,6,6,1,33,6,1910,2,12,VAUXHALL ZAFIRA,4,E01023099,0,-1
2020990955144,2020,990955144,2,9,0,18,19,2,6,0,0,0,0,0,0,0,1,1,5,6,2,61,9,1598,1,10,VAUXHALL ZAFIRA,4,-1,0,-1
2020141006327,2020,141006327,1,9,0,2,2,0,0,0,0,0,0,0,0,0,2,1,5,6,2,36,7,1796,1,16,VAUXHALL ZAFIRA,4,E01008019,0,-1
202006E170430,2020,06E170430,2,9,0,18,19,4,8,0,0,1,0,0,0,0,2,1,6,6,2,46,8,1956,2,6,VAUXHALL ZAFIRA,2,E01005199,0,-1
202006J176842,2020,06J176842,3,9,0,4,4,1,5,0,0,0,0,0,0,0,2,1,6,6,1,30,6,1598,1,11,VAUXHALL ZAFIRA,-1,-1,0,-1
2020440193928,2020,440193928,1,9,0,18,19,1,5,0,0,8,0,0,0,0,1,1,6,6,1,31,6,1598,1,14,VAUXHALL ZAFIRA,2,E01017238,0,-1
2020052002600,2020,052002600,2,9,0,18,19,5,1,0,0,1,0,0,0,0,4,1,6,6,1,68,10,1598,1,10,VAUXHALL ZAFIRA,10,E01012563,0,-1
2020010266577,2020,010266577,2,9,0,99,99,9,9,99,99,9,9,99,9,99,9,9,6,6,3,-1,-1,1364,1,4,VAUXHALL ZAFIRA,-1,-1,0,-1
2020010282912,2020,010282912,1,9,0,9,9,7,5,4,4,5,0,0,0,0,1,1,6,6,2,36,7,1598,1,17,VAUXHALL ZAFIRA,6,E01002974,0,-1
20201377J1875,2020,1377J1875,2,9,0,2,2,0,0,0,0,0,0,0,0,0,2,1,6,6,3,-1,-1,1956,2,6,VAUXHALL ZAFIRA,-1,-1,0,-1
2020360918312,2020,360918312,1,9,0,7,7,2,6,0,0,0,0,0,0,0,1,1,2,2,1,59,9,1796,1,17,VAUXHALL ZAFIRA,8,E01026889,0,-1
2020421003625,2020,421003625,2,9,0,3,3,5,1,0,0,1,0,0,0,0,1,1,1,1,1,26,6,1956,2,5,VAUXHALL ZAFIRA,8,E01022093,0,-1
2020430046240,2020,430046240,1,9,0,2,2,0,0,0,0,0,0,0,0,0,1,1,6,6,2,44,7,1956,2,7,VAUXHALL ZAFIRA,6,E01016434,0,-1
2020320667238,2020,320667238,2,9,0,4,4,1,5,0,0,4,0,0,0,0,2,1,2,2,2,54,8,1910,2,12,VAUXHALL ZAFIRA,2,E01026030,0,-1
2020411012740,2020,411012740,1,9,0,9,9,8,4,0,0,0,2,0,0,0,4,1,1,1,1,39,7,1910,2,13,VAUXHALL ZAFIRA,6,E01023787,0,-1
202031C083420,2020,31C083420,1,9,0,7,7,8,2,0,0,6,0,0,0,0,4,1,6,6,1,31,6,1598,1,14,VAUXHALL ZAFIRA,1,E01013833,0,-1
2020010256918,2020,010256918,1,9,0,3,3,5,1,0,0,1,0,0,0,0,1,1,2,2,1,46,8,1956,2,4,VAUXHALL ZAFIRA,3,E01002403,0,-1
2020460951249,2020,460951249,1,9,0,5,5,5,1,0,0,3,0,0,0,0,4,1,1,1,1,27,6,1598,1,11,VAUXHALL ZAFIRA,2,E01024374,0,-1
2020040939778,2020,040939778,2,9,0,18,19,3,7,0,0,8,1,0,7,1,4,1,5,6,1,50,8,1956,2,6,VAUXHALL ZAFIRA,1,E01012656,0,-1
2020410925393,2020,410925393,1,9,0,18,19,4,8,0,0,0,0,0,0,0,1,1,6,6,1,29,6,1364,1,3,VAUXHALL ZAFIRA,5,E01002118,0,-1
2020200964802,2020,200964802,1,8,0,5,5,4,8,0,0,4,0,0,0,0,1,1,1,1,1,-1,-1,1686,2,6,VAUXHALL ZAFIRA,-1,-1,0,-1
2020350974213,2020,350974213,4,9,0,2,2,0,0,0,0,0,0,0,0,0,3,1,6,6,3,-1,-1,1910,2,14,VAUXHALL ZAFIRA,-1,-1,0,-1
202063C084620,2020,63C084620,3,9,0,18,19,3,7,0,0,1,0,0,0,0,1,1,6,6,1,59,9,1598,2,4,VAUXHALL ZAFIRA,6,W01000674,0,-1
2020470966550,2020,470966550,1,9,0,9,9,3,1,0,0,3,0,0,0,0,1,1,2,2,1,24,5,1598,1,14,VAUXHALL ZAFIRA,6,E01031827,0,-1
2020470988545,2020,470988545,1,9,0,4,4,8,2,0,0,0,0,0,0,0,1,1,1,1,1,50,8,1686,2,7,VAUXHALL ZAFIRA,5,E01031583,0,-1
2020041004477,2020,041004477,1,9,0,18,19,4,7,0,0,0,1,0,0,0,1,1,6,6,1,43,7,1956,2,7,VAUXHALL ZAFIRA,10,-1,0,-1
2020470943090,2020,470943090,2,9,0,9,9,6,4,0,0,8,0,0,3,0,3,1,5,6,2,30,6,1956,2,6,VAUXHALL ZAFIRA,10,E01031668,0,-1
2020200991406,2020,200991406,1,9,0,9,9,4,2,0,0,1,0,0,0,0,1,1,6,6,1,-1,-1,1910,2,13,VAUXHALL ZAFIRA,-1,-1,0,-1
2020052002234,2020,052002234,3,9,0,18,19,3,7,0,0,1,0,0,0,0,1,1,6,6,2,43,7,1686,2,6,VAUXHALL ZAFIRA,1,E01007019,0,-1
2020460966774,2020,460966774,1,9,0,9,9,2,1,0,0,8,0,0,0,0,1,1,1,1,1,68,10,1796,1,6,VAUXHALL ZAFIRA,3,E01024480,0,-1
20201376K0709,2020,1376K0709,1,9,0,9,9,8,5,0,0,6,0,0,0,0,1,1,6,6,1,48,8,1995,2,20,VAUXHALL ZAFIRA,1,E01010608,0,-1
2020010236990,2020,010236990,1,9,0,18,19,3,7,0,0,0,0,0,0,0,1,1,6,6,1,58,9,1598,1,8,VAUXHALL ZAFIRA,5,E01000071,0,-1
2020400981381,2020,400981381,2,9,0,9,9,3,7,0,0,1,0,0,0,0,1,1,5,6,1,54,8,1796,1,11,VAUXHALL ZAFIRA,7,E01015803,0,-1
2020010245139,2020,010245139,1,9,0,18,19,3,7,0,0,1,0,0,0,0,1,1,6,6,1,42,7,1598,1,14,VAUXHALL ZAFIRA,9,E01030713,0,-1
2020522100811,2020,522100811,1,9,0,18,19,7,3,0,0,0,0,0,2,7,4,1,6,6,1,23,5,1796,1,14,VAUXHALL ZAFIRA,5,W01001328,0,-1
2020052001305,2020,052001305,1,9,0,18,19,1,5,0,0,3,0,0,0,0,4,1,6,6,1,55,8,1598,1,10,VAUXHALL ZAFIRA,1,E01006630,0,-1
2020522100771,2020,522100771,2,9,0,18,19,5,1,0,0,8,0,0,0,0,4,1,6,6,2,50,8,1686,2,8,VAUXHALL ZAFIRA,8,E01014444,0,-1
2020990932815,2020,990932815,2,9,0,18,19,7,3,0,0,0,0,0,0,0,2,1,5,6,1,68,10,1598,1,10,VAUXHALL ZAFIRA,9,-1,0,-1
2020010266821,2020,010266821,1,8,0,18,19,5,1,0,0,8,0,0,1,0,1,1,1,1,1,61,9,1364,1,4,VAUXHALL ZAFIRA,5,E01002619,0,-1
2020470955155,2020,470955155,1,9,0,9,9,1,7,0,0,6,0,0,0,0,1,1,1,1,1,48,8,1796,1,10,VAUXHALL ZAFIRA,6,E01031499,0,-1
2020110980547,2020,110980547,1,9,0,9,9,3,1,0,0,2,0,0,0,0,4,1,6,6,1,50,8,1598,1,15,VAUXHALL ZAFIRA,1,E01020747,0,-1
2020010284297,2020,010284297,2,9,0,18,19,1,5,0,0,0,0,0,0,0,1,1,6,6,1,61,9,1796,1,14,VAUXHALL ZAFIRA,3,E01003583,0,-1
2020460934105,2020,460934105,3,9,0,4,4,2,6,0,0,0,0,0,0,0,1,1,5,6,1,44,7,1364,1,6,VAUXHALL ZAFIRA,5,E01024525,0,-1
2020470948837,2020,470948837,1,9,0,18,19,8,4,0,0,0,0,12,0,0,1,1,2,2,2,42,7,1796,1,12,VAUXHALL ZAFIRA,7,E01021010,0,-1
2020100950361,2020,100950361,1,9,0,5,5,7,3,0,0,4,0,0,0,0,1,1,5,6,1,35,6,1686,2,8,VAUXHALL ZAFIRA,-1,-1,0,-1
2020460968646,2020,460968646,2,9,0,16,19,6,2,0,0,4,0,0,0,0,3,1,2,2,1,62,9,1598,1,14,VAUXHALL ZAFIRA,6,E01016075,0,-1
2020010253292,2020,010253292,2,9,0,99,99,9,9,99,99,2,9,99,9,99,3,9,6,6,2,-1,-1,1796,1,13,VAUXHALL ZAFIRA,5,E01004523,0,-1
2020351003440,2020,351003440,2,9,0,9,9,1,5,0,0,5,0,0,0,0,1,1,6,6,2,38,7,1910,2,10,VAUXHALL ZAFIRA,3,E01018093,0,-1
2020010268917,2020,010268917,1,9,0,18,19,1,5,0,0,1,1,0,0,0,1,1,6,6,1,48,8,1598,1,7,VAUXHALL ZAFIRA,6,E01021434,0,-1
2020400943930,2020,400943930,1,9,0,9,9,-1,-1,0,0,1,0,0,0,0,0,1,6,6,2,31,6,1796,1,8,VAUXHALL ZAFIRA,10,E01017621,0,-1
2020010284418,2020,010284418,1,9,0,1,1,6,2,0,0,0,0,0,0,0,2,1,6,6,1,42,7,1598,1,7,VAUXHALL ZAFIRA,-1,-1,0,-1
2020410926318,2020,410926318,2,9,0,18,19,6,2,0,0,8,0,0,0,0,4,1,1,1,1,44,7,1598,2,4,VAUXHALL ZAFIRA,3,E01015728,0,-1
2020010248423,2020,010248423,1,9,0,3,3,4,8,0,0,1,9,0,0,99,2,9,2,2,1,49,8,1956,2,7,VAUXHALL ZAFIRA,6,E01002200,0,-1
2020170S30910,2020,170S30910,1,9,0,18,19,6,2,0,0,0,0,0,0,0,3,1,6,6,3,-1,-1,1686,2,7,VAUXHALL ZAFIRA,-1,-1,0,-1
2020010237488,2020,010237488,1,9,0,11,11,7,3,0,0,1,0,0,0,0,0,2,6,6,1,40,7,1796,1,15,VAUXHALL ZAFIRA,1,E01004040,0,-1
2020401002646,2020,401002646,2,9,0,18,19,-1,-1,0,0,0,0,0,0,0,4,1,5,6,1,57,9,1956,2,6,VAUXHALL ZAFIRA,3,E01015724,0,-1
2020100920796,2020,100920796,2,9,0,3,3,7,3,0,0,0,0,0,0,0,2,1,5,6,2,33,6,1598,1,12,VAUXHALL ZAFIRA,1,E01008437,0,-1
2020010273846,2020,010273846,1,9,0,18,19,1,5,0,0,2,0,0,0,0,1,1,6,6,1,58,9,1598,1,12,VAUXHALL ZAFIRA,1,E01001955,0,-1
2020200931634,2020,200931634,1,9,0,9,9,2,8,0,0,5,0,0,0,0,1,1,6,6,1,30,6,1956,2,6,VAUXHALL ZAFIRA,4,E01009119,0,-1
2020320033863,2020,320033863,3,9,0,2,2,0,0,0,0,1,0,0,0,0,1,1,6,6,3,40,7,1796,1,13,VAUXHALL ZAFIRA,-1,-1,0,-1
2020522001864,2020,522001864,2,9,0,18,19,6,2,0,0,0,0,0,0,0,1,1,6,6,1,61,9,1598,1,15,VAUXHALL ZAFIRA,1,E01014486,0,-1
2020010270033,2020,010270033,2,9,0,99,99,9,9,99,99,9,9,99,9,99,9,9,6,6,3,-1,-1,1364,1,3,VAUXHALL ZAFIRA,-1,-1,0,-1
2020411015738,2020,411015738,1,9,0,16,19,3,7,0,0,0,0,0,0,0,1,1,5,6,2,28,6,1598,1,11,VAUXHALL ZAFIRA,10,E01023464,0,-1
2020010273626,2020,010273626,3,9,0,18,19,7,3,0,0,0,0,0,0,0,1,1,6,6,1,44,7,1598,1,12,VAUXHALL ZAFIRA,3,E01003524,0,-1
2020460992189,2020,460992189,1,9,0,18,19,7,3,0,0,0,0,0,0,0,1,1,5,6,1,63,9,1796,1,17,VAUXHALL ZAFIRA,1,E01024657,0,-1
2020990966590,2020,990966590,1,9,0,18,19,3,7,0,0,0,0,0,0,0,1,1,6,6,1,40,7,1796,1,14,VAUXHALL ZAFIRA,9,-1,0,-1
2020410964282,2020,410964282,2,9,0,18,19,1,5,0,0,0,0,0,0,0,1,1,5,6,2,44,7,1910,2,12,VAUXHALL ZAFIRA,5,E01002145,0,-1
2020010233002,2020,010233002,1,9,0,1,1,3,7,9,9,6,0,10,0,0,2,1,6,6,2,43,7,1796,1,14,VAUXHALL ZAFIRA,2,E01002634,0,-1
2020010249046,2020,010249046,2,9,0,99,99,9,9,99,99,9,9,99,9,99,9,9,6,6,3,-1,-1,1364,1,5,VAUXHALL ZAFIRA,-1,-1,0,-1
2020010269630,2020,010269630,1,9,5,9,9,3,1,5,5,3,0,0,0,0,1,1,2,2,1,42,7,1598,1,12,VAUXHALL ZAFIRA,6,E01017852,0,-1
2020430056135,2020,430056135,2,9,0,3,3,1,5,0,0,2,0,0,0,0,2,1,2,2,1,54,8,1598,1,12,VAUXHALL ZAFIRA,7,E01028549,0,-1
2020010259730,2020,010259730,1,9,0,3,3,5,1,0,0,2,0,0,0,0,2,1,6,6,2,51,8,1364,1,4,VAUXHALL ZAFIRA,7,E01001601,0,-1
2020530974929,2020,530974929,2,9,0,10,10,7,3,0,0,1,0,0,7,0,2,1,6,6,2,37,7,1796,1,18,VAUXHALL ZAFIRA,2,E01022324,0,-1
2020460946815,2020,460946815,1,9,0,4,4,3,7,0,0,0,0,0,0,0,1,1,3,7,2,36,7,1598,1,11,VAUXHALL ZAFIRA,3,E01016155,0,-1
2020410999215,2020,410999215,1,9,0,18,19,3,7,0,0,0,1,0,0,0,4,1,6,6,1,42,7,1598,1,13,VAUXHALL ZAFIRA,6,E01002601,0,-1
2020440228644,2020,440228644,1,9,0,18,19,7,4,0,0,8,0,0,0,0,4,1,6,6,1,46,8,1796,1,12,VAUXHALL ZAFIRA,5,E01032698,0,-1
2020010262361,2020,010262361,2,9,0,1,1,1,5,0,0,2,0,0,0,0,2,1,6,6,3,-1,-1,1598,1,17,VAUXHALL ZAFIRA,-1,-1,0,-1
2020010248422,2020,010248422,2,9,0,99,99,9,9,99,99,9,9,99,9,99,1,9,6,6,3,-1,-1,1910,2,12,VAUXHALL ZAFIRA,-1,-1,0,-1
2020520100686,2020,520100686,1,9,0,18,19,1,5,0,0,8,0,4,0,0,1,1,6,6,1,63,9,1910,2,14,VAUXHALL ZAFIRA,7,E01014839,0,-1
2020010244715,2020,010244715,1,9,0,3,3,7,3,0,0,8,0,0,0,0,0,1,6,6,1,33,6,1910,2,10,VAUXHALL ZAFIRA,1,E01001772,0,-1
2020430442847,2020,430442847,1,9,0,3,3,8,4,0,0,1,0,0,0,0,2,1,2,2,2,55,8,1910,2,10,VAUXHALL ZAFIRA,2,E01016415,0,-1
2020500999490,2020,500999490,1,9,0,5,5,6,2,0,0,1,0,0,0,0,1,1,1,1,1,23,5,1910,2,13,VAUXHALL ZAFIRA,5,E01020122,0,-1
2020200986347,2020,200986347,1,9,0,7,7,4,7,9,9,5,0,0,0,0,1,1,6,6,1,-1,-1,1796,1,10,VAUXHALL ZAFIRA,1,E01010272,0,-1
2020201003725,2020,201003725,1,9,0,4,4,2,6,0,0,1,0,0,0,0,1,1,6,6,1,-1,-1,1598,1,14,VAUXHALL ZAFIRA,-1,-1,0,-1
2020200949293,2020,200949293,2,9,0,16,19,2,5,0,0,0,0,0,0,0,1,1,6,6,1,29,6,1598,2,3,VAUXHALL ZAFIRA,3,E01009084,0,-1
2020552000287,2020,552000287,1,9,0,17,19,2,6,0,0,0,1,0,1,10,1,1,6,6,1,51,8,1910,2,14,VAUXHALL ZAFIRA,6,E01020443,0,-1
2020430379446,2020,430379446,1,9,0,7,7,2,3,0,0,4,0,0,0,0,1,1,6,6,1,44,7,1686,2,9,VAUXHALL ZAFIRA,7,E01017925,0,-1
2020201002098,2020,201002098,2,9,0,18,19,6,2,0,0,8,0,0,0,0,1,1,6,6,2,36,7,1686,2,6,VAUXHALL ZAFIRA,2,E01009839,0,-1
2020010228644,2020,010228644,2,9,0,18,19,6,2,0,0,1,0,0,0,0,1,1,6,6,1,61,9,1598,1,13,VAUXHALL ZAFIRA,1,E01001787,0,-1
2020320532456,2020,320532456,1,9,0,18,19,1,5,0,0,0,0,0,0,0,1,1,6,6,2,35,6,1910,2,12,VAUXHALL ZAFIRA,4,E01026377,0,-1
2020520004661,2020,520004661,2,9,0,9,9,8,6,0,0,1,0,0,0,0,3,1,6,6,2,40,7,1598,1,11,VAUXHALL ZAFIRA,5,E01031947,0,-1
2020100960496,2020,100960496,1,9,0,4,4,7,3,0,0,8,0,0,0,0,1,1,5,6,2,45,7,1686,2,7,VAUXHALL ZAFIRA,4,E01008640,0,-1
2020990956505,2020,990956505,1,9,0,5,5,2,8,9,9,0,1,0,0,0,1,2,6,6,1,48,8,1598,1,10,VAUXHALL ZAFIRA,2,-1,0,-1
2020010256285,2020,010256285,2,9,9,9,9,5,3,99,99,9,9,99,9,99,9,9,6,6,2,42,7,1796,1,13,VAUXHALL ZAFIRA,2,E01003236,0,-1
2020522005072,2020,522005072,2,9,0,18,19,5,1,0,0,0,0,0,7,0,1,1,6,6,1,38,7,1364,1,3,VAUXHALL ZAFIRA,3,E01032517,0,-1
2020221004427,2020,221004427,2,9,0,18,19,2,6,0,0,0,0,0,0,0,1,1,2,2,1,22,5,1796,1,18,VAUXHALL ZAFIRA,3,E01032292,0,-1
2020137831721,2020,137831721,2,9,0,18,19,2,6,0,0,0,0,0,0,0,1,1,1,1,1,43,7,1686,2,6,VAUXHALL ZAFIRA,1,E01010960,0,-1
2020200949060,2020,200949060,1,8,0,18,19,6,2,0,0,0,0,0,0,0,1,1,1,1,1,42,7,1796,1,6,VAUXHALL ZAFIRA,1,E01008911,0,-1
2020010235833,2020,010235833,2,9,0,99,99,9,9,99,99,9,9,99,9,99,1,9,6,6,3,-1,-1,1686,2,9,VAUXHALL ZAFIRA,2,E01004283,0,-1
2020100937600,2020,100937600,1,9,0,9,9,1,7,0,0,0,0,0,0,0,4,1,5,6,1,46,8,1956,2,3,VAUXHALL ZAFIRA,1,E01027533,0,-1
2020401010498,2020,401010498,1,9,0,5,5,5,1,0,0,4,0,0,0,0,1,1,5,6,1,29,6,1796,1,14,VAUXHALL ZAFIRA,2,E01015720,0,-1
2020010241277,2020,010241277,1,9,0,99,99,9,9,99,99,9,9,99,9,99,1,9,6,6,3,-1,-1,1796,1,6,VAUXHALL ZAFIRA,-1,-1,0,-1
2020990920137,2020,990920137,2,9,0,18,19,7,2,0,0,1,0,0,0,0,0,1,3,7,1,38,7,1598,1,14,VAUXHALL ZAFIRA,3,-1,0,-1
202031A073720,2020,31A073720,1,9,0,17,19,6,2,0,0,0,1,0,1,11,1,1,6,6,1,38,7,1956,2,7,VAUXHALL ZAFIRA,5,E01028342,0,-1
2020522004443,2020,522004443,1,9,0,18,19,5,1,0,0,0,0,0,0,0,3,1,6,6,1,72,10,1686,2,10,VAUXHALL ZAFIRA,10,E01014940,0,-1
202031B043220,2020,31B043220,1,9,0,9,9,6,5,0,0,5,0,0,0,0,1,1,6,6,2,33,6,1598,1,14,VAUXHALL ZAFIRA,1,E01028066,0,-1
2020350993298,2020,350993298,1,8,0,18,19,7,3,0,0,2,0,0,0,0,1,1,1,1,1,43,7,1598,1,15,VAUXHALL ZAFIRA,4,E01026661,0,-1
2020010261555,2020,010261555,1,9,0,99,99,9,9,99,99,9,9,99,9,99,2,9,6,6,2,38,7,1910,2,13,VAUXHALL ZAFIRA,7,E01003839,0,-1
2020201019455,2020,201019455,3,8,0,2,2,0,0,0,0,0,0,0,0,0,2,1,1,1,1,-1,-1,1598,1,7,VAUXHALL ZAFIRA,-1,-1,0,-1
2020200943432,2020,200943432,3,8,0,2,2,0,0,0,0,8,0,0,0,0,3,1,6,6,1,43,7,1598,1,7,VAUXHALL ZAFIRA,1,E01009331,0,-1
2020010280104,2020,010280104,1,9,0,18,19,7,3,4,4,1,0,0,0,0,3,1,3,7,2,53,8,1598,1,15,VAUXHALL ZAFIRA,9,E01001453,0,-1
2020552000927,2020,552000927,4,9,0,4,4,2,6,0,0,0,0,0,0,0,2,1,6,6,2,51,8,1796,1,9,VAUXHALL ZAFIRA,6,E01015358,0,-1
2020302001662,2020,302001662,1,9,0,18,19,4,8,0,0,1,0,0,0,0,1,1,6,6,2,39,7,1598,1,14,VAUXHALL ZAFIRA,2,E01013552,0,-1
2020110960568,2020,110960568,1,9,0,9,9,7,5,0,0,8,0,0,0,0,1,1,5,6,2,31,6,1910,2,11,VAUXHALL ZAFIRA,4,E01020730,0,-1
2020471011403,2020,471011403,1,9,0,18,19,1,5,0,0,1,0,0,0,0,1,1,5,6,1,58,9,1796,1,6,VAUXHALL ZAFIRA,2,E01031437,0,-1
2020460926494,2020,460926494,1,9,0,9,9,7,4,0,0,2,0,0,0,0,3,1,6,6,1,64,9,1910,2,12,VAUXHALL ZAFIRA,6,E01024038,0,-1
2020522002008,2020,522002008,2,8,0,10,10,7,5,0,0,1,0,0,0,0,1,1,6,6,1,50,8,1686,2,6,VAUXHALL ZAFIRA,2,E01014568,0,-1
2020160987725,2020,160987725,2,9,0,18,19,1,5,0,0,2,0,0,0,0,3,1,6,6,1,64,9,1598,1,17,VAUXHALL ZAFIRA,6,E01012882,0,-1
202031B093820,2020,31B093820,2,9,0,18,19,7,2,0,0,1,0,10,0,0,1,1,6,6,1,42,7,1998,1,15,VAUXHALL ZAFIRA,3,E01028019,0,-1
2020430193997,2020,430193997,2,9,0,18,19,8,4,0,0,0,0,0,0,0,3,1,6,6,1,59,9,1598,1,13,VAUXHALL ZAFIRA,10,E01017785,0,-1
2020360980669,2020,360980669,1,9,0,18,19,1,4,0,0,0,0,0,1,0,1,1,6,6,3,-1,-1,1598,1,17,VAUXHALL ZAFIRA,-1,-1,0,-1
2020010256296,2020,010256296,1,9,0,99,99,9,9,99,99,9,9,99,9,99,9,1,2,2,1,42,7,1598,1,13,VAUXHALL ZAFIRA,5,E01001310,0,-1
2020320520500,2020,320520500,2,8,0,18,19,1,5,0,0,8,2,0,0,0,3,1,1,1,2,40,7,1956,2,6,VAUXHALL ZAFIRA,-1,-1,0,-1
2020221000721,2020,221000721,1,9,0,17,19,5,3,0,0,0,0,0,0,0,1,1,5,6,2,56,9,1796,1,11,VAUXHALL ZAFIRA,9,E01014039,0,-1
2020052000989,2020,052000989,1,9,0,9,9,2,8,0,0,5,0,0,0,0,1,1,6,6,2,49,8,1598,1,7,VAUXHALL ZAFIRA,3,E01007233,0,-1
2020460989769,2020,460989769,2,9,0,18,19,3,7,0,0,0,0,0,0,0,3,1,6,6,1,43,7,1598,1,12,VAUXHALL ZAFIRA,8,E01024839,0,-1
2020522000872,2020,522000872,1,9,0,18,19,6,2,0,0,8,0,0,0,0,1,1,6,6,1,43,7,1995,2,16,VAUXHALL ZAFIRA,1,E01014581,0,-1
2020220999359,2020,220999359,1,9,0,2,2,0,0,0,0,0,0,0,0,0,3,1,5,6,1,31,6,1910,2,11,VAUXHALL ZAFIRA,3,E01032131,0,-1
2020451003894,2020,451003894,2,9,0,14,14,3,7,0,0,0,0,0,0,0,1,1,3,7,1,75,10,1796,1,15,VAUXHALL ZAFIRA,8,E01030491,0,-1
2020622000927,2020,622000927,2,9,0,18,19,7,3,0,0,1,0,0,0,0,4,1,6,6,1,35,6,1796,1,7,VAUXHALL ZAFIRA,5,W01001589,0,-1
2020122000265,2020,122000265,2,9,0,7,7,3,6,0,0,1,0,0,0,0,2,1,6,6,2,31,6,1910,2,14,VAUXHALL ZAFIRA,9,E01027894,0,-1
2020010240342,2020,010240342,2,8,0,18,19,3,7,0,0,0,0,0,0,0,1,2,6,6,1,60,9,1686,2,8,VAUXHALL ZAFIRA,3,E01003625,0,-1
2020520003563,2020,520003563,2,9,0,4,4,2,6,0,0,0,0,0,0,0,2,1,6,6,2,35,6,1686,2,10,VAUXHALL ZAFIRA,4,E01020496,0,-1
2020500973999,2020,500973999,1,9,0,18,19,5,1,0,0,0,0,0,0,0,1,1,5,6,1,77,11,1995,2,19,VAUXHALL ZAFIRA,8,E01019921,0,-1
2020040934774,2020,040934774,1,9,0,7,7,3,1,0,0,2,0,0,0,0,3,1,2,2,1,59,9,1686,2,9,VAUXHALL ZAFIRA,8,E01025266,0,-1
2020401003055,2020,401003055,1,9,0,5,5,3,5,0,0,4,0,0,0,0,1,1,6,6,2,34,6,1598,1,14,VAUXHALL ZAFIRA,9,E01033188,0,-1
2020160986775,2020,160986775,1,9,0,16,19,3,7,0,0,0,1,0,0,0,3,1,6,6,1,18,4,1796,1,14,VAUXHALL ZAFIRA,4,E01013359,0,-1
2020170S10410,2020,170S10410,1,9,0,9,9,1,6,0,0,8,0,0,0,0,4,1,6,6,2,32,6,1910,2,11,VAUXHALL ZAFIRA,9,E01012208,0,-1
2020500946904,2020,500946904,1,9,0,18,19,1,5,0,0,4,0,0,0,0,1,1,2,2,1,31,6,1998,1,18,VAUXHALL ZAFIRA,6,E01015102,0,-1
2020110936303,2020,110936303,1,9,0,18,19,7,3,0,0,2,0,0,0,0,1,1,2,2,1,41,7,1364,1,3,VAUXHALL ZAFIRA,-1,-1,0,-1
202031C041120,2020,31C041120,1,9,0,9,9,6,4,0,0,5,0,0,0,0,1,1,2,2,1,38,7,1796,1,12,VAUXHALL ZAFIRA,2,E01013905,0,-1
2020010246730,2020,010246730,2,9,0,18,19,2,6,0,0,1,0,0,0,0,1,9,6,6,1,-1,-1,1796,1,17,VAUXHALL ZAFIRA,3,E01001162,0,-1
2020400956087,2020,400956087,2,9,0,4,4,5,1,0,0,0,0,0,0,0,2,1,6,6,1,38,7,1598,1,12,VAUXHALL ZAFIRA,5,E01018135,0,-1
2020522001167,2020,522001167,1,9,0,5,5,5,1,0,0,8,0,0,1,0,0,1,6,6,1,28,6,1598,1,19,VAUXHALL ZAFIRA,-1,-1,0,-1
2020460955939,2020,460955939,2,9,0,7,7,2,6,0,0,0,0,0,0,0,2,1,5,6,2,48,8,1364,1,4,VAUXHALL ZAFIRA,2,E01004067,0,-1
2020010236416,2020,010236416,1,9,0,18,19,3,7,0,0,0,0,0,0,0,1,1,1,1,2,34,6,1598,1,14,VAUXHALL ZAFIRA,5,E01001232,0,-1
2020110953320,2020,110953320,2,9,0,18,19,3,7,0,0,1,0,0,0,0,1,1,6,6,1,30,6,1598,1,10,VAUXHALL ZAFIRA,3,E01020662,0,-1
2020010252472,2020,010252472,1,8,0,99,99,9,9,99,99,9,9,99,9,99,2,9,6,6,1,39,7,1796,1,6,VAUXHALL ZAFIRA,5,E01003435,0,-1
2020440217855,2020,440217855,1,9,0,3,3,5,1,0,0,0,0,0,0,0,1,1,6,6,2,36,7,1686,2,7,VAUXHALL ZAFIRA,3,E01017105,0,-1
2020440301541,2020,440301541,1,9,0,4,4,8,5,0,0,1,0,0,0,0,1,1,6,6,1,57,9,1796,1,12,VAUXHALL ZAFIRA,6,E01022614,0,-1
2020040924246,2020,040924246,1,9,0,3,3,5,1,0,0,4,0,0,0,0,2,1,5,6,2,28,6,1598,1,9,VAUXHALL ZAFIRA,7,E01012722,0,-1
2020500940292,2020,500940292,1,9,0,9,9,8,6,0,0,6,0,0,0,0,1,1,6,6,1,30,6,1910,2,14,VAUXHALL ZAFIRA,5,E01019887,0,-1
2020420919567,2020,420919567,1,9,0,18,19,1,5,0,0,0,0,0,0,0,1,1,6,6,2,33,6,1796,1,13,VAUXHALL ZAFIRA,1,E01015897,0,-1
2020430006711,2020,430006711,3,9,0,3,3,8,4,0,0,0,0,0,0,0,2,1,6,6,1,76,11,1598,1,9,VAUXHALL ZAFIRA,7,E01016777,0,-1
2020410963016,2020,410963016,1,9,0,4,4,5,1,0,0,0,0,0,0,0,2,1,6,6,2,42,7,1796,1,15,VAUXHALL ZAFIRA,7,E01015812,0,-1
2020201002161,2020,201002161,1,9,0,7,7,1,3,0,0,4,0,0,0,0,1,1,6,6,1,43,7,1598,1,7,VAUXHALL ZAFIRA,2,E01010476,0,-1