collision_index,collision_year,collision_ref_no,vehicle_reference,vehicle_type,towing_and_articulation,vehicle_manoeuvre_historic,vehicle_manoeuvre,vehicle_direction_from,vehicle_direction_to,vehicle_location_restricted_lane_historic,vehicle_location_restricted_lane,junction_location,skidding_and_overturning,hit_object_in_carriageway,vehicle_leaving_carriageway,hit_object_off_carriageway,first_point_of_impact,vehicle_left_hand_drive,journey_purpose_of_driver_historic,journey_purpose_of_driver,sex_of_driver,age_of_driver,age_band_of_driver,engine_capacity_cc,propulsion_code,age_of_vehicle,generic_make_model,driver_imd_decile,lsoa_of_driver,escooter_flag,driver_distance_banding
2020010252547,2020,010252547,1,9,0,9,9,6,4,0,0,3,0,0,0,0,4,1,1,1,1,31,6,1910,2,12,VAUXHALL ZAFIRA,2,E01000015,0,-1
2020200964290,2020,200964290,1,9,0,3,3,4,8,0,0,0,0,0,0,0,2,1,1,1,1,40,7,1598,7,10,VAUXHALL ZAFIRA,1,E01009500,0,-1
2020460961801,2020,460961801,1,9,0,18,19,7,3,0,0,1,0,0,0,0,1,1,6,6,1,29,6,1598,1,16,VAUXHALL ZAFIRA,7,E01024465,0,-1
2020010273271,2020,010273271,1,9,0,7,7,5,7,0,0,6,0,0,1,0,1,1,6,6,1,61,9,1364,1,4,VAUXHALL ZAFIRA,3,E01004038,0,-1
2020010264376,2020,010264376,2,9,9,99,99,9,9,99,99,9,9,99,9,99,9,9,6,6,3,-1,-1,1598,1,15,VAUXHALL ZAFIRA,-1,-1,0,-1
2020990951659,2020,990951659,1,9,0,14,14,8,4,0,0,0,0,0,0,0,1,1,5,6,1,60,9,1598,1,16,VAUXHALL ZAFIRA,1,-1,0,-1
2020010235720,2020,010235720,1,9,0,9,9,7,5,0,0,5,0,0,0,0,1,1,6,6,1,30,6,1796,1,16,VAUXHALL ZAFIRA,4,E01002050,0,-1
2020400935716,2020,400935716,2,9,0,3,3,4,8,0,0,1,0,0,0,0,2,1,6,6,1,56,9,1796,1,12,VAUXHALL ZAFIRA,1,E01017466,0,-1
2020320472850,2020,320472850,1,9,0,9,9,3,5,0,0,6,0,0,0,0,3,1,6,6,1,65,9,1598,1,7,VAUXHALL ZAFIRA,9,E01028419,0,-1
2020010255789,2020,010255789,1,9,0,4,4,6,2,0,0,2,0,0,0,0,2,1,6,6,1,30,6,1686,2,10,VAUXHALL ZAFIRA,3,E01002048,0,-1
202031A122620,2020,31A122620,5,9,0,3,3,2,6,0,0,1,0,0,0,0,1,1,6,6,1,28,6,1910,2,13,VAUXHALL ZAFIRA,4,E01027981,0,-1
2020040970911,2020,040970911,1,9,0,12,12,7,3,0,0,1,1,7,0,0,2,1,5,6,2,23,5,1598,1,16,VAUXHALL ZAFIRA,1,E01024899,0,-1
2020010235218,2020,010235218,3,9,0,18,19,1,5,0,0,1,0,0,0,0,1,1,1,1,1,52,8,1598,1,9,VAUXHALL ZAFIRA,-1,-1,0,-1
2020010260216,2020,010260216,1,8,0,3,3,1,5,0,0,0,0,0,0,0,0,1,6,6,1,58,9,1796,1,10,VAUXHALL ZAFIRA,2,E01003920,0,-1
2020010251539,2020,010251539,1,9,0,99,99,9,9,99,99,9,9,99,9,99,9,1,6,6,2,43,7,1796,1,10,VAUXHALL ZAFIRA,10,E01004117,0,-1
2020522004962,2020,522004962,1,9,0,18,19,6,1,0,0,8,0,0,0,0,1,1,6,6,1,68,10,1598,1,15,VAUXHALL ZAFIRA,9,E01014792,0,-1
2020440426133,2020,440426133,1,9,0,18,19,8,4,0,0,0,5,0,1,1,1,1,2,2,1,40,7,1796,1,11,VAUXHALL ZAFIRA,5,E01023201,0,-1
2020140994778,2020,140994778,1,9,0,17,19,5,1,0,0,0,1,0,7,5,4,1,6,6,1,43,7,1910,2,13,VAUXHALL ZAFIRA,2,E01007784,0,-1
2020010253304,2020,010253304,3,9,0,2,2,0,0,0,0,2,0,0,0,0,4,1,6,6,3,-1,-1,1796,1,6,VAUXHALL ZAFIRA,-1,-1,0,-1
2020040968931,2020,040968931,1,9,0,9,9,5,2,0,0,8,0,0,0,0,3,1,2,2,1,44,7,1598,1,13,VAUXHALL ZAFIRA,1,E01024900,0,-1
2020140921302,2020,140921302,1,9,0,18,19,5,1,0,0,0,0,0,1,11,1,1,5,6,1,52,8,1364,1,4,VAUXHALL ZAFIRA,6,E01007771,0,-1
2020101008634,2020,101008634,2,9,0,18,19,7,3,0,0,8,0,0,0,0,2,1,5,6,2,41,7,1796,1,9,VAUXHALL ZAFIRA,-1,-1,0,-1
2020552000477,2020,552000477,1,9,0,18,19,4,8,0,0,4,0,0,0,0,1,1,6,6,3,39,7,1598,1,14,VAUXHALL ZAFIRA,-1,-1,0,-1
2020040947983,2020,040947983,2,9,0,4,4,1,5,0,0,0,0,0,0,0,3,1,2,2,1,46,8,1598,1,16,VAUXHALL ZAFIRA,7,E01025102,0,-1
2020137270655,2020,137270655,1,9,0,18,19,2,6,0,0,0,0,0,0,0,2,1,6,6,1,-1,-1,1686,2,8,VAUXHALL ZAFIRA,-1,-1,0,-1
2020010282509,2020,010282509,1,9,0,18,19,7,3,0,0,1,0,0,0,0,1,1,6,6,1,45,7,1796,1,14,VAUXHALL ZAFIRA,2,E01000059,0,-1
2020010256437,2020,010256437,1,8,0,7,7,7,2,0,0,1,0,0,0,0,1,2,1,1,1,57,9,1956,2,4,VAUXHALL ZAFIRA,9,E01023299,0,-1
202031D045620,2020,31D045620,1,9,0,9,9,7,5,0,0,2,0,0,0,0,1,1,6,6,1,34,6,1910,2,14,VAUXHALL ZAFIRA,8,E01028096,0,-1
2020010264217,2020,010264217,1,9,0,10,10,5,2,0,0,2,0,0,0,0,3,1,6,6,2,38,7,1598,1,16,VAUXHALL ZAFIRA,1,E01002037,0,-1
2020201021939,2020,201021939,2,9,0,5,5,6,2,0,0,8,0,0,0,0,1,1,6,6,2,45,7,1598,1,10,VAUXHALL ZAFIRA,3,E01010336,0,-1
2020010246417,2020,010246417,1,9,0,7,7,6,8,0,0,1,0,0,0,0,3,1,1,1,2,38,7,1598,1,7,VAUXHALL ZAFIRA,2,E01003057,0,-1
2020460935532,2020,460935532,1,9,0,4,4,3,7,0,0,0,0,11,0,0,1,1,5,6,1,36,7,1364,1,3,VAUXHALL ZAFIRA,1,E01024196,0,-1
2020010232152,2020,010232152,2,9,0,99,99,9,9,99,99,9,9,99,9,99,9,9,6,6,3,-1,-1,1686,2,8,VAUXHALL ZAFIRA,5,E01033592,0,-1
2020370943485,2020,370943485,1,9,0,5,5,8,2,0,0,0,0,0,0,0,1,1,5,6,1,86,11,1364,1,5,VAUXHALL ZAFIRA,7,E01018023,0,-1
2020440397684,2020,440397684,1,9,0,6,6,7,7,8,6,0,0,0,0,0,3,1,3,7,1,48,8,1998,2,15,VOLVO V50,1,E01017036,0,-1
2020010270553,2020,010270553,2,9,0,9,9,7,5,0,0,6,0,0,0,0,4,1,2,2,2,46,8,1798,1,14,VOLVO V50,9,E01003810,0,-1
2020500944787,2020,500944787,1,9,0,11,11,7,3,0,0,0,2,0,1,0,3,1,2,2,1,24,5,1560,2,9,VOLVO V50,4,E01018778,0,-1
2020200995122,2020,200995122,1,9,0,4,4,6,2,0,0,1,0,0,0,0,1,1,1,1,1,38,7,1998,2,14,VOLVO V50,1,E01009485,0,-1
2020201020464,2020,201020464,1,9,0,16,19,2,5,0,0,8,1,10,7,10,1,1,1,1,1,37,7,1998,2,15,VOLVO V50,1,E01010111,0,-1
2020500944249,2020,500944249,2,9,0,4,4,7,3,0,0,0,0,0,0,0,2,1,6,6,2,52,8,1560,2,10,VOLVO V50,7,E01018814,0,-1
2020041003292,2020,041003292,3,9,0,4,4,7,3,0,0,0,0,0,0,0,1,1,6,6,3,-1,-1,1998,2,15,VOLVO V50,-1,-1,0,-1
2020320659637,2020,320659637,1,9,0,16,19,4,8,0,0,0,0,0,7,0,1,1,6,6,1,53,8,1998,2,14,VOLVO V50,9,E01026234,0,-1
2020010251251,2020,010251251,2,9,0,18,19,7,3,0,0,0,0,0,0,0,2,1,6,6,2,47,8,1798,1,11,VOLVO V50,9,E01017778,0,-1
2020010236487,2020,010236487,1,9,0,9,9,3,1,0,0,4,0,0,0,0,4,1,6,6,1,37,7,1596,1,12,VOLVO V50,6,E01002668,0,-1
2020622100009,2020,622100009,1,9,0,18,19,6,2,0,0,0,0,0,0,0,3,1,6,6,1,67,10,1997,2,11,VOLVO V50,4,W01001046,0,-1
2020400970229,2020,400970229,1,9,0,5,5,5,1,0,0,0,0,0,0,0,1,1,5,6,2,54,8,1998,2,11,VOLVO V50,9,E01017417,0,-1
2020552000894,2020,552000894,1,9,0,9,9,4,3,0,0,8,0,0,0,0,1,1,6,6,1,30,6,1560,2,9,VOLVO V50,4,E01015327,0,-1
2020430219424,2020,430219424,1,9,0,9,9,5,4,0,0,2,0,0,0,0,1,1,6,6,1,39,7,1798,1,16,VOLVO V50,9,E01016266,0,-1
2020010248464,2020,010248464,1,9,0,99,99,9,9,99,99,9,9,99,9,99,2,9,2,2,1,35,6,1560,2,10,VOLVO V50,4,E01023861,0,-1
2020200988046,2020,200988046,2,9,0,18,19,6,2,0,0,0,0,0,0,0,2,1,6,6,1,30,6,1560,2,11,VOLVO V50,2,E01010071,0,-1
2020440182353,2020,440182353,1,9,0,9,9,4,1,0,0,8,0,0,0,0,4,1,6,6,1,41,7,1560,2,9,VOLVO V50,9,E01022119,0,-1
2020200987297,2020,200987297,1,9,0,18,19,5,1,0,0,0,0,0,0,0,2,1,6,6,1,66,10,1998,2,12,VOLVO V50,5,E01009037,0,-1
2020421001940,2020,421001940,1,9,0,6,6,3,7,0,0,0,0,0,0,0,4,1,5,6,1,18,4,1998,2,12,VOLVO V50,10,E01021379,0,-1
2020360923637,2020,360923637,1,9,0,9,9,1,7,0,0,8,0,0,0,0,3,1,5,6,1,69,10,1998,2,12,VOLVO V50,7,E01026504,0,-1
2020370919368,2020,370919368,1,9,0,18,19,3,7,0,0,1,0,0,0,0,1,1,2,2,2,43,7,1984,2,9,VOLVO V50,4,E01026610,0,-1
2020320506680,2020,320506680,4,9,0,9,9,1,7,0,0,0,0,0,0,0,0,1,6,6,2,55,8,1798,1,12,VOLVO V50,6,E01026265,0,-1
2020990963671,2020,990963671,1,9,0,18,19,6,2,0,0,0,0,4,0,0,1,1,6,6,1,29,6,1998,2,15,VOLVO V50,6,-1,0,-1
2020430193303,2020,430193303,1,9,0,18,19,4,8,0,0,0,0,0,0,0,4,1,6,6,1,34,6,1560,2,10,VOLVO V50,8,E01028716,0,-1
2020420981795,2020,420981795,3,9,0,18,19,4,1,0,0,8,0,0,0,0,2,1,2,2,1,48,8,1998,2,12,VOLVO V50,6,E01024292,0,-1
202031B003320,2020,31B003320,4,9,0,18,19,8,4,0,0,0,0,0,0,0,1,1,6,6,3,-1,-1,1998,2,14,VOLVO V50,-1,-1,0,-1
2020160993457,2020,160993457,1,9,0,18,19,2,6,0,0,8,0,0,0,0,1,1,6,6,2,44,7,1998,2,13,VOLVO V50,3,E01013164,0,-1
2020470928516,2020,470928516,3,9,0,4,4,8,4,0,0,1,0,0,0,0,1,1,5,6,2,47,8,1984,2,9,VOLVO V50,4,E01020919,0,-1
2020500940071,2020,500940071,2,9,0,5,5,1,5,0,0,6,0,0,0,0,1,1,3,7,2,41,7,1998,2,14,VOLVO V50,5,E01020143,0,-1
2020010250728,2020,010250728,1,9,0,4,4,5,1,0,0,8,0,0,0,0,0,1,1,1,2,29,6,1984,2,9,VOLVO V50,3,E01004259,0,-1
2020470994779,2020,470994779,2,9,0,18,19,5,1,0,0,0,1,0,0,0,3,1,5,6,1,17,4,1560,2,9,VOLVO V50,8,E01031505,0,-1
2020137C40190,2020,137C40190,1,9,0,12,12,2,6,0,0,1,0,0,1,11,4,1,2,2,1,46,8,1998,2,14,VOLVO V50,3,E01011488,0,-1
2020450925988,2020,450925988,1,9,0,9,9,1,6,0,0,8,0,0,0,0,4,1,6,6,1,44,7,1596,1,12,VOLVO V50,10,E01030532,0,-1
2020990920622,2020,990920622,1,9,0,7,7,4,7,0,0,8,0,0,0,0,4,1,6,6,1,47,8,1560,2,10,VOLVO V50,7,-1,0,-1
2020410997582,2020,410997582,2,9,0,18,19,7,3,0,0,8,0,0,0,0,4,1,6,6,1,35,6,1560,2,10,VOLVO V50,7,E01023351,0,-1
2020470947205,2020,470947205,1,9,0,18,19,7,3,0,0,0,0,0,0,0,4,1,2,2,1,46,8,1560,2,10,VOLVO V50,6,E01031343,0,-1
2020030983368,2020,030983368,3,9,0,4,4,3,7,0,0,0,0,0,0,0,2,1,6,6,1,45,7,1560,2,11,VOLVO V50,4,E01019150,0,-1
2020440418896,2020,440418896,1,9,0,13,13,8,4,0,0,0,0,0,0,0,1,1,6,6,1,61,9,1998,2,15,VOLVO V50,4,E01022805,0,-1
2020470937557,2020,470937557,1,9,0,18,19,2,6,0,0,0,0,0,0,0,1,1,6,6,3,-1,-1,1998,2,12,VOLVO V50,-1,-1,0,-1
202006P369945,2020,06P369945,2,9,0,18,19,5,1,0,0,8,0,0,0,0,1,1,6,6,2,43,7,1560,2,11,VOLVO V50,1,E01005515,0,-1
202006G177556,2020,06G177556,1,9,0,7,7,6,8,0,0,5,0,0,0,0,3,1,6,6,1,30,6,1560,2,11,VOLVO V50,-1,-1,0,-1
2020500930921,2020,500930921,2,9,0,18,19,6,1,0,0,2,0,0,0,0,1,1,5,6,1,71,10,2521,1,16,VOLVO V50,8,E01020261,0,-1
2020170L20490,2020,170L20490,1,9,0,18,19,4,2,0,0,2,0,0,0,0,3,1,6,6,1,62,9,1984,2,9,VOLVO V50,9,E01012188,0,-1
2020460931692,2020,460931692,2,9,0,16,19,6,2,0,0,0,1,0,1,0,1,1,5,6,2,59,9,1997,2,12,VOLVO V50,7,E01021189,0,-1
2020140953435,2020,140953435,1,9,0,5,5,6,2,0,0,6,0,0,0,0,1,1,6,6,1,23,5,1998,2,14,VOLVO V50,2,E01007323,0,-1
2020410957926,2020,410957926,1,9,0,18,19,3,7,0,0,2,0,0,7,4,1,1,5,6,1,35,6,1798,1,12,VOLVO V50,3,E01023294,0,-1
2020302001079,2020,302001079,1,9,0,17,19,5,1,0,0,0,2,10,1,11,1,1,6,6,2,54,8,1560,2,10,VOLVO V50,8,E01019725,0,-1
2020990959229,2020,990959229,1,9,0,17,19,3,7,0,0,0,0,0,2,9,1,1,5,6,1,30,6,1998,2,16,VOLVO V50,-1,-1,0,-1
202006K367191,2020,06K367191,3,9,0,8,8,5,1,0,0,1,0,0,0,0,2,1,6,6,2,51,8,1998,2,14,VOLVO V50,9,E01026196,0,-1
2020991006307,2020,991006307,1,9,0,18,19,8,4,0,0,0,0,0,0,0,1,1,5,6,2,53,8,1798,1,15,VOLVO V50,2,-1,0,-1
2020010255033,2020,010255033,1,9,0,9,9,5,3,0,0,6,0,0,0,0,1,1,6,6,1,41,7,2435,1,15,VOLVO V50,4,E01000124,0,-1
202031B007520,2020,31B007520,1,9,0,13,13,6,2,0,0,0,0,0,0,0,2,1,2,2,1,43,7,1997,2,10,VOLVO V50,2,E01028245,0,-1
2020552100208,2020,552100208,1,9,0,18,19,4,8,0,0,0,0,0,0,0,1,1,6,6,1,60,9,1998,2,13,VOLVO V50,6,E01020466,0,-1
2020420988861,2020,420988861,4,9,0,18,19,6,2,0,0,0,0,0,0,0,2,1,6,6,2,33,6,1560,2,9,VOLVO V50,5,E01030176,0,-1
2020210993515,2020,210993515,1,9,0,5,5,1,7,0,0,8,0,0,0,0,1,1,6,6,2,54,8,1560,2,10,VOLVO V50,9,E01029712,0,-1
2020500977427,2020,500977427,1,9,0,16,19,3,7,0,0,0,0,0,0,0,1,1,5,6,1,66,10,2400,2,11,VOLVO V50,4,E01001613,0,-1
2020461008614,2020,461008614,1,9,0,17,19,3,7,0,0,1,0,0,0,0,1,1,2,2,1,54,8,1998,2,12,VOLVO V50,1,E01024663,0,-1
2020220995801,2020,220995801,1,9,0,1,1,5,1,0,0,6,0,0,0,0,2,1,6,6,1,34,6,1560,2,11,VOLVO V50,2,E01008937,0,-1
2020451007180,2020,451007180,2,9,0,16,19,5,1,0,0,0,0,0,0,0,3,1,2,2,1,57,9,1560,2,12,VOLVO V50,10,E01022853,0,-1
2020520002705,2020,520002705,2,9,0,17,19,7,3,0,0,0,0,0,0,0,1,1,6,6,1,49,8,1998,2,14,VOLVO V50,7,E01029056,0,-1
2020360950597,2020,360950597,1,9,0,18,19,1,5,0,0,0,0,0,0,0,1,1,5,6,1,89,11,1998,2,15,VOLVO V50,5,E01026894,0,-1
2020440432098,2020,440432098,1,9,0,9,9,6,4,0,0,8,0,0,0,0,1,1,6,6,1,74,10,1560,2,8,VOLVO V50,9,E01022617,0,-1
2020610044620,2020,610044620,1,9,0,18,19,3,7,0,0,1,0,0,0,0,2,1,1,1,1,32,6,1998,2,13,VOLVO V50,1,W01001609,0,-1
2020530984468,2020,530984468,3,9,0,18,19,6,2,0,0,0,0,0,0,0,2,1,6,6,2,35,6,2400,2,12,VOLVO V50,9,E01022207,0,-1
2020070080176,2020,070080176,3,9,0,18,19,1,5,0,0,1,1,0,0,0,1,1,1,1,1,64,9,2400,2,11,VOLVO V50,3,-1,0,-1
2020010238582,2020,010238582,1,9,0,7,7,3,5,0,0,2,0,0,0,0,4,1,6,6,1,66,10,1984,2,9,VOLVO V50,5,E01000747,0,-1
2020160997815,2020,160997815,2,9,0,18,19,8,4,0,0,8,0,0,0,0,1,1,5,6,2,53,8,1998,2,14,VOLVO V50,8,E01013035,0,-1
2020622000681,2020,622000681,2,9,0,18,19,1,5,0,0,0,0,0,0,0,3,1,2,2,1,55,8,1560,2,9,VOLVO V50,7,W01001108,0,-1
2020137BO0220,2020,137BO0220,1,9,0,18,19,2,6,0,0,0,0,0,0,0,1,1,6,6,2,60,9,1998,2,15,VOLVO V50,3,E01010571,0,-1
2020450978228,2020,450978228,2,9,0,17,19,3,7,0,0,0,0,0,0,0,1,1,6,6,3,25,5,1998,2,14,VOLVO V50,-1,-1,0,-1
2020470924439,2020,470924439,1,9,0,18,19,4,8,0,0,0,2,0,8,4,1,1,2,2,1,52,8,1998,2,13,VOLVO V50,6,E01031477,0,-1
202006A372679,2020,06A372679,1,9,0,18,19,3,7,0,0,1,0,0,0,0,2,1,6,6,1,52,8,1998,2,13,VOLVO V50,4,E01006026,0,-1
202054B032320,2020,54B032320,1,9,0,18,19,3,7,0,0,4,1,7,0,6,1,1,6,6,1,77,11,1999,1,10,VOLVO V50,6,E01023022,0,-1
2020320439466,2020,320439466,2,9,0,2,2,1,5,6,6,0,0,0,1,4,2,1,6,6,2,45,7,1998,2,12,VOLVO V50,-1,-1,0,-1
202006K373164,2020,06K373164,2,9,0,4,4,8,4,0,0,4,0,0,0,0,2,1,6,6,2,55,8,1560,2,10,VOLVO V50,9,E01033219,0,-1
2020450952160,2020,450952160,2,9,0,5,5,3,7,0,0,1,0,0,0,0,1,1,6,6,1,20,4,1560,2,11,VOLVO V50,8,E01017776,0,-1
2020220929562,2020,220929562,1,9,0,18,19,2,6,0,0,1,0,0,0,0,3,1,2,2,1,61,9,2435,1,14,VOLVO V50,2,E01010258,0,-1
2020200940966,2020,200940966,1,9,0,1,1,2,6,0,0,5,0,0,0,0,0,1,6,6,1,35,6,1998,2,12,VOLVO V50,-1,-1,0,-1
2020460949587,2020,460949587,2,9,0,18,19,4,8,0,0,8,0,0,0,0,1,1,6,6,1,46,8,1984,2,10,VOLVO V50,1,E01020984,0,-1
2020302001317,2020,302001317,1,9,0,13,13,4,8,0,0,0,0,0,0,0,4,1,1,1,1,45,7,1798,1,13,VOLVO V50,7,E01019711,0,-1
2020461006914,2020,461006914,1,9,0,18,19,6,2,0,0,1,0,0,0,0,1,1,2,2,1,52,8,1998,2,11,VOLVO V50,6,E01024367,0,-1
2020430066875,2020,430066875,1,9,0,14,14,5,1,0,0,0,0,0,0,0,4,1,6,6,1,69,10,2401,2,14,VOLVO V50,8,E01016491,0,-1
202006L271551,2020,06L271551,2,9,0,18,19,2,7,0,0,8,0,0,0,0,4,1,6,6,1,67,10,1998,2,14,VOLVO V50,1,E01006327,0,-1
2020470947677,2020,470947677,1,9,0,18,19,1,4,0,0,0,0,0,0,0,4,1,5,6,1,59,9,1560,2,10,VOLVO V50,2,E01016978,0,-1
2020440272156,2020,440272156,1,9,0,9,9,2,8,0,0,8,0,0,0,0,1,1,6,6,1,17,4,1560,2,10,VOLVO V50,10,E01023265,0,-1
2020210997035,2020,210997035,2,9,0,3,3,1,5,0,0,0,0,0,0,0,2,1,1,1,1,52,8,1984,2,10,VOLVO V50,9,E01013514,0,-1
2020370951467,2020,370951467,2,9,0,4,4,6,2,0,0,0,0,0,0,0,1,1,2,2,1,36,7,1998,2,12,VOLVO V50,7,E01030049,0,-1
2020370946000,2020,370946000,2,9,0,18,19,8,4,0,0,0,0,0,0,0,2,1,5,6,2,37,7,1997,2,10,VOLVO V50,10,E01030233,0,-1
2020100984962,2020,100984962,1,9,0,5,5,4,1,0,0,1,0,0,0,0,3,1,5,6,1,75,10,1560,2,8,VOLVO V50,4,E01027433,0,-1
2020010246468,2020,010246468,3,9,0,2,2,0,0,0,0,1,0,0,0,0,1,1,6,6,3,-1,-1,1998,2,13,VOLVO V50,-1,-1,0,-1
2020522000524,2020,522000524,1,9,0,18,19,7,3,0,0,5,0,0,0,0,1,1,6,6,1,68,10,1798,1,14,VOLVO V50,9,E01014710,0,-1
2020440423689,2020,440423689,1,9,0,18,19,8,4,0,0,8,0,0,0,0,0,1,2,2,2,55,8,1596,1,13,VOLVO V50,2,E01017216,0,-1
2020460996232,2020,460996232,1,9,0,18,19,1,5,0,0,0,0,0,0,0,1,1,5,6,1,43,7,1998,2,16,VOLVO V50,10,E01024272,0,-1
2020230996350,2020,230996350,2,9,0,8,8,6,8,0,0,1,0,0,0,0,2,1,5,6,1,56,9,1560,2,8,VOLVO V50,6,E01032532,0,-1
2020552000022,2020,552000022,2,9,0,9,9,2,6,0,0,8,0,0,0,0,4,1,6,6,2,31,6,1999,1,13,VOLVO V50,7,E01020566,0,-1
2020470973530,2020,470973530,1,9,0,17,19,2,8,0,0,0,2,0,1,11,1,1,6,6,1,25,5,1997,2,10,VOLVO V50,9,E01031625,0,-1
2020302000266,2020,302000266,1,9,0,5,5,5,2,0,0,6,0,0,0,0,3,1,6,6,1,44,7,1560,2,8,VOLVO V50,4,E01013458,0,-1
2020211025932,2020,211025932,1,9,0,3,3,2,6,0,0,-1,0,0,0,0,-1,1,6,6,1,32,6,1998,2,11,VOLVO V50,5,E01014335,0,-1
2020522000192,2020,522000192,1,9,0,18,19,6,2,0,0,2,0,0,0,0,1,1,6,6,1,60,9,1998,2,12,VOLVO V50,-1,-1,0,-1
2020040919777,2020,040919777,1,5,0,18,19,1,1,0,0,0,5,0,0,0,1,1,2,2,1,30,6,1200,1,19,-1,2,E01006506,0,-1
2020410984866,2020,410984866,1,5,0,16,19,3,7,0,0,0,0,11,1,0,4,1,5,6,1,61,9,1198,1,20,-1,4,E01023778,0,-1
2020010265792,2020,010265792,1,3,0,18,19,3,7,0,0,1,1,10,1,11,1,1,6,6,1,24,5,499,1,19,-1,3,E01000404,0,-1
2020010251288,2020,010251288,2,2,0,99,99,9,9,99,99,9,9,99,9,99,9,9,6,6,3,-1,-1,530,1,5,-1,-1,-1,0,-1
2020010248303,2020,010248303,2,97,0,99,99,9,9,99,99,9,9,99,9,99,9,9,6,6,3,-1,-1,499,1,12,-1,-1,-1,0,-1
2020530950523,2020,530950523,1,4,0,18,19,5,1,0,0,1,1,4,0,0,1,1,6,6,1,-1,-1,499,1,17,-1,-1,-1,0,-1
2020010273274,2020,010273274,1,4,0,18,19,7,3,0,0,0,0,0,0,0,0,1,6,6,1,28,6,530,1,7,-1,6,E01001937,0,-1
2020010249393,2020,010249393,1,5,0,18,19,5,1,0,0,8,0,0,0,0,0,1,2,2,1,58,9,-1,-1,-1,-1,9,E01028802,0,-1
2020450948397,2020,450948397,1,4,0,18,19,1,5,0,0,1,5,0,0,0,1,1,6,6,1,21,5,499,1,11,-1,-1,-1,0,-1
2020430239636,2020,430239636,1,4,0,18,19,3,7,0,0,0,0,0,1,0,1,1,6,6,1,75,10,530,1,6,-1,5,E01027133,0,-1
2020420940407,2020,420940407,1,4,0,18,19,3,7,0,0,0,0,0,7,11,4,1,5,6,1,24,5,499,1,15,-1,4,E01016008,0,-1
2020010287113,2020,010287113,1,5,0,18,19,5,1,0,0,1,2,4,0,0,1,1,6,6,1,27,6,-1,-1,-1,-1,-1,-1,0,-1
2020010254971,2020,010254971,1,5,0,18,19,7,3,0,0,8,2,0,0,0,0,1,6,6,1,23,5,-1,-1,-1,-1,1,E01032513,0,-1
2020010253614,2020,010253614,1,4,0,18,19,1,5,0,0,7,0,0,0,0,1,1,6,6,1,21,5,499,1,18,-1,8,E01023541,0,-1
2020010253251,2020,010253251,1,3,5,7,7,3,6,0,0,1,5,0,0,0,0,1,6,6,1,23,5,499,1,18,-1,9,E01004100,0,-1
2020470962036,2020,470962036,1,4,0,13,13,5,1,0,0,0,0,4,0,0,4,1,6,6,1,-1,-1,499,1,11,-1,-1,-1,0,-1
2020010279665,2020,010279665,2,4,0,99,99,9,9,99,99,9,9,99,9,99,1,9,6,6,3,-1,-1,499,1,12,-1,9,E01001992,0,-1
2020010285878,2020,010285878,2,5,0,99,99,9,9,99,99,9,9,99,9,99,1,1,6,6,1,42,7,-1,-1,-1,-1,5,E01021338,0,-1
2020990969089,2020,990969089,1,5,0,18,19,2,6,6,6,0,1,0,0,0,1,1,5,6,1,29,6,1063,1,18,-1,7,-1,0,-1
2020401009987,2020,401009987,3,5,-1,3,3,1,5,0,0,1,-1,-1,-1,0,2,1,5,6,1,42,7,1063,1,19,-1,8,E01015770,0,-1
2020010284763,2020,010284763,1,4,0,7,7,5,6,0,0,1,0,0,0,0,1,1,6,6,3,-1,-1,395,1,5,-1,-1,-1,0,-1
2020122000984,2020,122000984,1,4,0,16,19,2,6,0,0,0,0,0,7,9,0,1,6,6,1,67,10,395,1,2,-1,9,E01011698,0,-1
2020010229213,2020,010229213,1,4,0,99,99,9,9,99,99,9,9,99,9,99,9,1,2,2,1,44,7,395,1,10,-1,5,E01002347,0,-1
2020010277184,2020,010277184,2,4,0,18,19,5,1,0,0,1,0,0,0,0,4,1,6,6,1,44,7,395,1,5,-1,3,E01004563,0,-1
2020010266061,2020,010266061,1,4,0,99,99,9,9,99,99,9,9,99,9,99,9,1,6,6,1,40,7,395,1,3,-1,2,E01001827,0,-1
2020010268994,2020,010268994,1,4,0,18,19,1,5,9,9,1,1,10,1,11,1,1,6,6,1,18,4,395,1,2,-1,-1,-1,0,-1
2020500947323,2020,500947323,2,3,0,18,19,5,1,0,0,8,0,0,0,0,1,1,6,6,1,24,5,124,1,0,-1,3,E01020096,0,-1
2020010241172,2020,010241172,1,3,0,18,19,1,5,0,0,1,0,0,0,0,1,1,6,6,1,24,5,124,1,0,-1,3,E01003430,0,-1
2020200941609,2020,200941609,1,9,0,18,19,4,8,0,0,2,1,10,2,1,1,1,6,6,1,29,6,1984,1,3,AUDI S3,1,E01010423,0,-1
2020010252581,2020,010252581,2,9,0,14,14,7,3,0,0,1,0,0,0,0,1,1,6,6,3,30,6,1984,1,5,AUDI S3,-1,-1,0,-1
2020010233044,2020,010233044,2,9,0,18,19,3,7,99,99,1,9,99,9,99,4,9,6,6,1,-1,-1,1984,1,7,AUDI S3,5,E01003414,0,-1