collision_index,collision_year,collision_ref_no,vehicle_reference,vehicle_type,towing_and_articulation,vehicle_manoeuvre_historic,vehicle_manoeuvre,vehicle_direction_from,vehicle_direction_to,vehicle_location_restricted_lane_historic,vehicle_location_restricted_lane,junction_location,skidding_and_overturning,hit_object_in_carriageway,vehicle_leaving_carriageway,hit_object_off_carriageway,first_point_of_impact,vehicle_left_hand_drive,journey_purpose_of_driver_historic,journey_purpose_of_driver,sex_of_driver,age_of_driver,age_band_of_driver,engine_capacity_cc,propulsion_code,age_of_vehicle,generic_make_model,driver_imd_decile,lsoa_of_driver,escooter_flag,driver_distance_banding
2020990990922,2020,990990922,1,9,0,18,19,5,1,0,0,1,0,0,0,0,1,1,6,6,1,22,5,1984,1,0,AUDI S3,1,-1,0,-1
2020140950023,2020,140950023,1,9,0,18,19,1,5,0,0,8,0,0,1,11,1,1,6,6,1,25,5,1984,1,3,AUDI S3,4,E01007587,0,-1
202031A084620,2020,31A084620,1,9,0,18,19,2,6,0,0,8,0,0,3,0,1,1,6,6,2,21,5,1984,1,4,AUDI S3,4,E01019519,0,-1
2020070702524,2020,070702524,1,9,0,18,19,1,5,0,0,0,2,0,7,0,3,1,6,6,1,24,5,1984,1,4,AUDI S3,-1,-1,0,-1
2020040931140,2020,040931140,1,9,0,18,19,5,1,0,0,0,1,0,0,0,1,1,5,6,1,32,6,1984,1,13,AUDI S3,2,E01012589,0,-1
2020990976047,2020,990976047,3,9,0,3,3,1,5,0,0,1,0,0,0,0,2,1,6,6,2,35,6,1984,1,9,AUDI S3,1,-1,0,-1
2020170M10640,2020,170M10640,2,9,0,3,3,2,6,0,0,0,0,0,0,0,2,1,6,6,1,29,6,1984,1,4,AUDI S3,1,E01012093,0,-1
2020100933984,2020,100933984,1,9,0,5,5,2,6,0,0,1,0,0,0,0,4,1,6,6,1,43,7,1984,1,2,AUDI S3,-1,-1,0,-1
2020011002058,2020,011002058,1,9,0,18,19,1,5,0,0,0,0,0,0,0,1,1,5,6,1,20,4,1984,1,1,AUDI S3,3,E01000613,0,-1
2020430093204,2020,430093204,1,9,0,18,19,8,4,0,0,0,0,0,1,11,1,1,6,6,1,46,8,1984,1,2,AUDI S3,6,E01016506,0,-1
2020200995587,2020,200995587,1,9,0,18,19,-1,-1,0,0,0,0,0,0,0,1,1,6,6,1,-1,-1,1984,1,4,AUDI S3,-1,-1,0,-1
2020990950189,2020,990950189,1,9,0,13,13,3,7,0,0,0,0,0,0,0,0,1,5,6,1,27,6,1984,1,2,AUDI S3,9,-1,0,-1
2020622000382,2020,622000382,1,9,0,18,19,2,6,0,0,0,0,0,0,0,1,1,6,6,1,39,7,1984,1,0,AUDI S3,4,W01001061,0,-1
2020320088768,2020,320088768,1,9,0,18,19,1,5,0,0,1,0,0,0,0,1,1,6,6,1,20,4,1984,1,5,AUDI S3,2,E01026026,0,-1
2020500980451,2020,500980451,1,9,0,5,5,1,5,0,0,4,0,0,0,0,1,1,5,6,1,49,8,1984,1,1,AUDI S3,9,E01033234,0,-1
2020990989294,2020,990989294,1,9,0,18,19,3,8,9,9,0,0,0,1,0,1,1,5,6,2,33,6,1984,1,4,AUDI S3,-1,-1,0,-1
2020420973536,2020,420973536,1,9,0,16,19,2,6,0,0,1,1,0,1,0,1,1,5,6,1,27,6,1781,1,17,AUDI S3,7,E01021679,0,-1
2020200979877,2020,200979877,1,9,0,18,19,6,2,0,0,2,0,0,0,0,1,1,6,6,3,-1,-1,1984,1,3,AUDI S3,-1,-1,0,-1
2020070678779,2020,070678779,1,9,0,17,19,1,5,0,0,0,0,0,0,0,1,1,6,6,1,26,6,1984,1,6,AUDI S3,4,E01018454,0,-1
2020450984322,2020,450984322,2,9,0,18,19,8,4,0,0,0,0,0,0,0,4,1,6,6,1,48,8,1984,1,6,AUDI S3,9,E01030425,0,-1
20201375N0471,2020,1375N0471,1,9,0,18,19,6,3,0,0,0,0,0,0,0,4,1,6,6,2,34,6,1984,1,3,AUDI S3,-1,-1,0,-1
2020400977944,2020,400977944,2,9,0,18,19,3,7,0,0,4,0,0,0,0,4,1,1,1,1,20,4,1984,1,4,AUDI S3,6,E01017550,0,-1
2020522000414,2020,522000414,2,9,0,18,19,2,6,0,0,8,0,0,0,0,1,1,6,6,1,30,6,1984,1,6,AUDI S3,8,E01020066,0,-1
2020010260856,2020,010260856,2,9,0,99,99,9,9,99,99,9,9,99,9,99,4,9,6,6,3,-1,-1,1984,1,5,AUDI S3,-1,-1,0,-1
2020440439787,2020,440439787,2,9,0,9,9,4,2,0,0,6,0,0,0,0,1,1,2,2,1,42,7,1984,1,4,AUDI S3,9,E01017252,0,-1
2020430263591,2020,430263591,2,9,0,18,19,5,1,0,0,0,0,0,0,0,1,1,6,6,1,-1,-1,1984,1,6,AUDI S3,-1,-1,0,-1
2020010244405,2020,010244405,1,9,0,18,19,5,1,0,0,0,0,0,0,0,1,1,6,6,1,31,6,1984,1,2,AUDI S3,1,E01001798,0,-1
2020010249793,2020,010249793,2,9,0,18,19,7,3,0,0,0,1,0,0,0,1,1,6,6,1,-1,-1,1984,1,3,AUDI S3,-1,-1,0,-1
2020010274050,2020,010274050,2,9,0,18,19,1,5,0,0,8,0,0,0,0,1,1,6,6,1,31,6,1984,1,5,AUDI S3,1,E01002099,0,-1
2020040952624,2020,040952624,1,9,0,18,19,3,7,2,2,0,0,0,0,0,1,1,5,6,1,31,6,1984,1,8,AUDI S3,1,E01012631,0,-1
2020010248193,2020,010248193,2,9,0,18,19,7,3,0,0,8,1,0,0,0,3,1,6,6,1,23,5,1984,1,3,AUDI S3,-1,-1,0,-1
2020200978617,2020,200978617,1,9,0,18,19,5,1,0,0,0,0,0,0,0,1,1,6,6,1,24,5,1984,1,6,AUDI S3,2,E01008883,0,-1
202006Q274982,2020,06Q274982,1,9,0,16,19,7,2,0,0,0,2,0,0,0,1,1,1,1,1,55,8,1984,1,5,AUDI S3,6,E01032556,0,-1
2020451008382,2020,451008382,1,9,0,17,19,1,5,0,0,8,0,0,7,0,1,1,5,6,1,20,4,1800,1,20,AUDI S3,5,E01030572,0,-1
2020200943433,2020,200943433,2,9,0,18,19,4,7,0,0,4,0,0,0,0,1,1,6,6,3,-1,-1,1984,1,6,AUDI S3,-1,-1,0,-1
2020350934929,2020,350934929,1,9,0,5,5,5,1,0,0,1,0,0,0,0,1,1,1,1,2,33,6,1984,1,0,AUDI S3,9,E01018124,0,-1
2020200973985,2020,200973985,1,9,0,18,19,3,8,0,0,8,0,0,0,0,1,1,6,6,1,-1,-1,1984,1,10,AUDI S3,-1,-1,0,-1
2020552100199,2020,552100199,2,9,0,4,4,8,4,0,0,0,0,0,0,0,2,1,6,6,1,28,6,1984,1,1,AUDI S3,8,E01020455,0,-1
2020200954404,2020,200954404,2,9,0,18,19,7,3,0,0,1,0,0,0,0,-1,1,6,6,1,24,5,1984,1,4,AUDI S3,1,E01009343,0,-1
2020990965527,2020,990965527,1,9,0,16,19,1,5,0,0,0,5,0,7,11,1,1,6,6,1,33,6,1984,1,6,AUDI S3,2,-1,0,-1
2020302001081,2020,302001081,2,9,0,18,19,3,7,0,0,1,0,0,0,0,1,1,6,6,1,44,7,1781,1,18,AUDI S3,3,E01019506,0,-1
2020530944134,2020,530944134,1,9,0,17,19,6,2,0,0,0,2,0,7,4,1,1,6,6,1,53,8,1984,1,8,AUDI S3,7,E01022221,0,-1
20201375K1608,2020,1375K1608,1,9,0,9,9,7,3,0,0,0,0,4,0,0,1,1,6,6,1,34,6,1984,1,5,AUDI S3,1,E01011621,0,-1
2020010284697,2020,010284697,1,9,0,99,99,9,9,99,99,0,9,99,9,99,9,9,6,6,2,29,6,1984,1,4,AUDI S3,2,E01000072,0,-1
2020430397496,2020,430397496,1,9,0,18,19,2,6,0,0,4,0,0,0,0,3,1,6,6,1,50,8,1984,1,0,AUDI S3,9,E01017701,0,-1
2020010282282,2020,010282282,1,9,0,18,19,3,7,0,0,8,0,0,6,0,1,1,6,6,3,-1,-1,1984,1,4,AUDI S3,-1,-1,0,-1
2020100986675,2020,100986675,1,9,0,18,19,1,5,0,0,0,1,0,1,0,1,1,5,6,1,35,6,1984,1,13,AUDI S3,-1,-1,0,-1
2020220970559,2020,220970559,1,9,0,13,13,4,8,0,0,0,0,0,0,0,1,1,5,6,1,57,9,1984,1,2,AUDI S3,5,E01014018,0,-1
2020010268224,2020,010268224,1,9,0,99,99,9,9,99,99,9,9,99,9,99,2,9,6,6,1,26,6,1984,1,9,AUDI S3,4,E01004617,0,-1
2020470925840,2020,470925840,1,9,0,13,13,3,7,0,0,0,0,0,0,0,4,1,6,6,1,50,8,1984,1,6,AUDI S3,7,E01016581,0,-1
202006K177215,2020,06K177215,1,9,0,18,19,7,3,0,0,2,0,0,0,0,1,1,6,6,3,-1,-1,1984,1,5,AUDI S3,-1,-1,0,-1
2020450997641,2020,450997641,4,9,0,4,4,2,6,0,0,1,0,0,0,0,0,1,1,1,1,37,7,1984,1,5,AUDI S3,7,E01030621,0,-1
2020010265399,2020,010265399,2,9,0,5,5,3,7,0,0,8,0,0,0,0,1,1,6,6,1,37,7,1984,1,3,AUDI S3,4,E01003766,0,-1
2020320157966,2020,320157966,2,9,0,4,4,5,1,0,0,8,0,0,7,0,3,1,6,6,2,40,7,1984,1,2,AUDI S3,3,E01026142,0,-1
202006E373400,2020,06E373400,2,9,0,18,19,7,3,0,0,1,0,0,0,0,0,1,1,1,1,44,7,1984,1,3,AUDI S3,-1,-1,0,-1
2020471011296,2020,471011296,1,9,0,18,19,2,6,0,0,0,0,0,1,1,1,1,5,6,1,34,6,1781,1,19,AUDI S3,8,E01031620,0,-1
2020440025734,2020,440025734,1,9,0,5,5,8,4,0,0,1,0,0,0,0,1,1,2,2,1,23,5,1984,1,5,AUDI S3,4,E01017124,0,-1
202063D022920,2020,63D022920,1,9,0,12,12,2,6,0,0,0,0,0,0,0,1,1,6,6,1,41,7,1984,1,0,AUDI S3,7,W01000488,0,-1
2020201018424,2020,201018424,1,9,0,18,19,6,2,0,0,1,0,0,0,0,1,1,6,6,3,-1,-1,1984,1,10,AUDI S3,-1,-1,0,-1
2020200987258,2020,200987258,2,9,0,5,5,5,1,0,0,6,1,0,0,0,4,1,6,6,1,21,5,1984,1,1,AUDI S3,3,E01010070,0,-1
2020100923311,2020,100923311,1,9,0,16,19,2,6,9,9,6,1,0,7,10,1,1,6,6,1,25,5,1984,1,10,AUDI S3,2,E01008285,0,-1
2020990960199,2020,990960199,1,9,0,18,19,7,3,0,0,4,0,10,0,0,3,1,5,6,1,22,5,1984,1,4,AUDI S3,3,-1,0,-1
2020052001319,2020,052001319,1,9,0,9,9,5,3,0,0,1,2,0,1,4,1,1,6,6,1,22,5,1984,1,3,AUDI S3,2,E01012388,0,-1
202031D081520,2020,31D081520,1,9,0,7,7,8,2,0,0,6,0,0,0,0,1,1,6,6,1,41,7,1984,1,3,AUDI S3,5,E01028081,0,-1
2020137B11634,2020,137B11634,1,9,0,18,19,1,5,0,0,0,0,0,0,0,1,1,6,6,1,28,6,1984,1,1,AUDI S3,2,E01010667,0,-1
2020547181620,2020,547181620,1,9,0,18,19,7,3,0,0,8,0,0,0,0,4,1,6,6,2,42,7,1984,1,6,AUDI S3,6,E01031877,0,-1
202006P172563,2020,06P172563,1,9,0,18,19,3,7,0,0,0,0,0,0,0,1,1,1,1,1,24,5,1984,1,3,AUDI S3,1,E01005564,0,-1
2020070736370,2020,070736370,2,9,0,18,19,1,5,0,0,1,0,0,0,0,1,1,1,1,1,28,6,1984,1,4,AUDI S3,8,E01018574,0,-1
2020122000272,2020,122000272,2,9,0,18,19,5,1,0,0,8,0,0,0,0,1,1,6,6,1,22,5,1984,1,4,AUDI S3,7,E01027762,0,-1
2020460995720,2020,460995720,2,9,0,4,4,5,1,0,0,1,0,0,0,0,2,1,6,6,1,18,4,1781,1,19,AUDI S3,8,E01024803,0,-1
2020160976571,2020,160976571,1,9,0,18,19,4,8,0,0,0,0,7,0,0,1,1,5,6,1,20,4,1984,1,5,AUDI S3,1,E01004316,0,-1
2020440199495,2020,440199495,2,9,0,9,9,6,4,0,0,6,0,0,0,0,1,1,6,6,1,-1,-1,1984,1,1,AUDI S3,5,E01027328,0,-1
2020522100989,2020,522100989,2,9,0,18,19,2,6,0,0,0,5,0,0,0,4,1,6,6,1,21,5,1984,1,10,AUDI S3,2,E01014834,0,-1
202006J276764,2020,06J276764,1,9,0,18,19,4,8,0,0,1,0,0,0,0,1,1,6,6,3,30,6,1984,1,5,AUDI S3,-1,-1,0,-1
2020052000464,2020,052000464,1,9,0,18,19,8,4,0,0,1,0,0,0,0,1,1,6,6,1,47,8,1781,1,17,AUDI S3,4,E01006954,0,-1
2020041030561,2020,041030561,1,9,0,18,19,5,1,0,0,1,0,0,0,0,1,1,6,6,1,19,4,1984,1,0,AUDI S3,5,E01032495,0,-1
2020010264277,2020,010264277,2,9,0,99,99,9,9,99,99,9,9,99,9,99,1,9,6,6,3,-1,-1,1984,1,5,AUDI S3,-1,-1,0,-1
2020211007852,2020,211007852,2,9,0,18,19,2,5,0,0,8,0,0,0,0,4,1,6,6,1,29,6,1984,1,10,AUDI S3,1,E01029548,0,-1
202031C159120,2020,31C159120,1,9,0,18,19,6,2,0,0,8,0,0,0,0,1,1,1,1,1,31,6,1984,1,5,AUDI S3,5,E01027941,0,-1
2020200982073,2020,200982073,1,9,0,18,19,7,3,0,0,8,0,0,0,0,1,1,6,6,1,21,5,1984,1,3,AUDI S3,-1,-1,0,-1
2020210981375,2020,210981375,2,9,0,18,19,4,7,0,0,0,0,0,0,0,1,1,6,6,2,27,6,1984,1,12,AUDI S3,4,E01029811,0,-1
2020231008948,2020,231008948,1,9,0,16,19,7,2,0,0,0,1,0,7,4,1,1,5,6,1,19,4,1984,1,3,AUDI S3,7,E01031055,0,-1
2020351001464,2020,351001464,2,9,0,3,3,3,7,0,0,0,0,0,0,0,2,1,5,6,1,68,10,1984,1,3,AUDI S3,10,E01018272,0,-1
2020010263848,2020,010263848,2,9,0,18,19,7,3,0,0,1,0,0,0,0,9,9,6,6,3,-1,-1,1984,1,5,AUDI S3,-1,-1,0,-1
2020360976385,2020,360976385,1,9,0,13,13,2,6,0,0,0,0,0,0,0,2,1,5,6,1,24,5,1984,1,13,AUDI S3,7,E01026427,0,-1
2020350975044,2020,350975044,1,9,0,18,19,3,7,0,0,1,1,0,0,0,4,1,5,6,2,34,6,1984,1,6,AUDI S3,6,E01018110,0,-1
2020990937289,2020,990937289,2,9,0,18,19,3,7,0,0,0,0,0,0,0,1,1,5,6,1,27,6,1984,1,3,AUDI S3,10,-1,0,-1
202006Q278770,2020,06Q278770,3,9,0,16,19,2,3,0,0,1,0,0,0,0,0,1,1,1,1,30,6,1984,1,3,AUDI S3,-1,-1,0,-1
2020040970948,2020,040970948,1,9,0,13,13,2,6,0,0,0,0,0,0,0,1,1,5,6,1,27,6,1984,1,2,AUDI S3,1,E01024876,0,-1
2020622001004,2020,622001004,1,9,0,18,19,1,5,0,0,0,0,0,0,0,1,1,6,6,3,-1,-1,1984,1,13,AUDI S3,-1,-1,0,-1
2020200979595,2020,200979595,1,9,0,18,19,7,3,0,0,2,0,0,3,10,1,1,6,6,1,-1,-1,1984,1,13,AUDI S3,-1,-1,0,-1
2020302000502,2020,302000502,1,9,0,1,1,4,8,0,0,0,0,0,0,0,2,1,6,6,1,32,6,1984,1,3,AUDI S3,6,E01028105,0,-1
2020041000928,2020,041000928,1,9,0,9,9,1,7,0,0,6,0,0,0,0,3,1,6,6,2,27,6,1984,1,4,AUDI S3,7,E01025419,0,-1
202031C099420,2020,31C099420,1,9,0,2,2,0,0,0,0,8,0,0,0,0,3,1,6,6,3,-1,-1,1984,1,6,AUDI S3,-1,-1,0,-1
2020010234962,2020,010234962,2,9,0,18,19,5,1,0,0,8,0,0,0,0,1,1,6,6,1,41,7,1984,1,10,AUDI S3,4,E01033572,0,-1
2020010255908,2020,010255908,2,9,9,99,99,9,9,99,99,0,9,99,9,99,9,9,6,6,1,45,7,1984,1,1,AUDI S3,5,E01004178,0,-1
2020210942852,2020,210942852,1,9,0,18,19,6,2,0,0,0,0,0,0,0,1,1,6,6,1,-1,-1,1984,1,10,AUDI S3,-1,-1,0,-1
2020411002068,2020,411002068,2,9,0,7,7,8,3,0,0,0,0,0,0,0,1,1,5,6,1,25,5,1984,1,7,AUDI S3,3,E01016456,0,-1
202006F275264,2020,06F275264,2,9,0,18,19,6,2,0,0,0,1,0,0,0,0,1,1,1,1,30,6,1984,1,1,AUDI S3,4,E01005730,0,-1
2020420973982,2020,420973982,2,9,0,17,19,1,5,0,0,0,1,0,0,0,1,1,6,6,1,72,10,1984,1,9,AUDI S3,4,E01021848,0,-1
20201377M1944,2020,1377M1944,2,9,0,18,19,6,2,0,0,1,0,0,0,0,1,1,6,6,1,27,6,1984,1,10,AUDI S3,2,E01011236,0,-1
2020137A11623,2020,137A11623,2,9,0,13,13,3,7,0,0,1,0,7,0,0,4,1,6,6,1,27,6,1984,1,3,AUDI S3,9,E01011046,0,-1
2020990925946,2020,990925946,2,9,0,18,19,1,5,0,0,1,0,0,1,11,1,1,5,6,1,23,5,1984,1,5,AUDI S3,4,-1,0,-1
2020140960760,2020,140960760,1,9,0,18,19,1,2,0,0,4,0,9,0,0,1,1,6,6,1,40,7,1984,1,3,AUDI S3,2,E01007593,0,-1
2020220940589,2020,220940589,3,9,0,18,19,1,5,0,0,0,0,0,1,9,3,1,5,6,1,61,9,1984,1,6,AUDI S3,3,E01028905,0,-1
202006P178165,2020,06P178165,1,9,0,18,19,2,6,0,0,0,0,0,0,0,1,1,6,6,1,30,6,1984,1,4,AUDI S3,-1,-1,0,-1
2020010263761,2020,010263761,1,9,0,3,3,5,1,0,0,0,0,0,0,0,4,1,6,6,1,24,5,1984,1,4,AUDI S3,5,E01023677,0,-1
2020990970908,2020,990970908,1,9,0,17,19,3,7,0,0,0,1,0,7,11,1,1,5,6,1,21,5,1984,1,5,AUDI S3,5,-1,0,-1
202006G274457,2020,06G274457,2,9,0,18,19,8,4,0,0,0,0,0,0,0,2,1,6,6,1,29,6,1984,1,4,AUDI S3,2,E01006039,0,-1
2020010277090,2020,010277090,1,9,0,5,5,4,8,0,0,1,0,0,0,0,1,1,6,6,1,-1,-1,1984,1,5,AUDI S3,-1,-1,0,-1
2020420934383,2020,420934383,1,9,0,18,19,2,6,0,0,1,2,9,1,4,1,1,6,6,1,33,6,1984,1,8,AUDI S3,3,E01003584,0,-1
202006J271557,2020,06J271557,1,9,0,18,19,4,8,0,0,1,0,0,0,0,1,1,6,6,1,30,6,1984,1,5,AUDI S3,-1,-1,0,-1
2020040954628,2020,040954628,1,9,0,16,19,3,7,0,0,0,2,0,1,10,1,1,5,6,1,25,5,1984,1,9,AUDI S3,3,E01004902,0,-1
2020211014110,2020,211014110,1,9,0,18,19,4,8,0,0,0,0,0,0,0,1,1,6,6,1,21,5,1984,1,6,AUDI S3,6,E01014228,0,-1
2020137330061,2020,137330061,1,9,0,18,19,4,8,0,0,0,1,0,0,11,1,1,6,6,1,20,4,1984,1,5,AUDI S3,6,E01011026,0,-1
2020010251704,2020,010251704,2,9,0,18,19,4,8,0,0,0,0,0,0,0,1,1,6,6,3,-1,-1,1984,1,0,AUDI S3,-1,-1,0,-1
2020302001087,2020,302001087,1,9,0,18,19,7,2,0,0,4,0,0,0,0,1,1,6,6,1,29,6,1984,1,2,AUDI S3,4,E01013967,0,-1
202006Q267323,2020,06Q267323,1,9,0,18,19,6,2,0,0,1,0,0,0,0,1,1,6,6,1,35,6,1984,1,4,AUDI S3,3,E01005260,0,-1
2020160960591,2020,160960591,1,9,0,17,19,7,4,0,0,0,2,0,1,9,1,1,6,6,2,30,6,1984,1,5,AUDI S3,1,E01012856,0,-1
2020010248115,2020,010248115,1,9,0,11,11,7,3,0,0,1,0,0,0,0,4,1,6,6,1,30,6,1984,1,5,AUDI S3,-1,-1,0,-1
2020990976856,2020,990976856,1,9,0,16,19,7,2,0,0,2,2,6,1,0,1,1,5,6,1,32,6,1984,1,13,AUDI S3,8,-1,0,-1
2020140937436,2020,140937436,2,9,0,14,14,1,2,0,0,1,0,0,0,0,4,1,5,6,1,25,5,1984,1,5,AUDI S3,8,E01007485,0,-1
2020041010268,2020,041010268,1,9,0,11,11,4,8,0,0,1,1,7,1,2,1,1,5,6,1,25,5,1984,1,3,AUDI S3,9,E01012660,0,-1
2020350952888,2020,350952888,1,9,0,18,19,1,3,0,0,6,0,0,0,0,4,1,6,6,1,45,7,1781,1,18,AUDI S3,9,E01018287,0,-1
2020450965640,2020,450965640,1,9,0,18,19,7,3,0,0,0,0,4,0,0,1,1,5,6,1,21,5,1984,1,5,AUDI S3,6,E01002826,0,-1
2020542569420,2020,542569420,2,9,0,4,4,1,5,0,0,2,0,0,0,0,2,2,2,2,1,42,7,1984,1,5,AUDI S3,1,E01015575,0,-1
2020200929339,2020,200929339,1,9,0,18,19,6,2,0,0,8,0,0,0,0,1,1,6,6,1,21,5,1984,1,8,AUDI S3,7,E01028826,0,-1
2020200942455,2020,200942455,2,9,0,18,19,4,8,0,0,8,0,0,0,0,2,1,6,6,1,28,6,1984,1,3,AUDI S3,9,E01032885,0,-1
202006K170001,2020,06K170001,1,9,0,18,19,6,2,0,0,0,0,0,0,0,1,1,6,6,1,30,6,1984,1,2,AUDI S3,-1,-1,0,-1
2020010246777,2020,010246777,1,9,0,3,3,8,4,0,0,1,0,0,0,0,2,1,6,6,2,43,7,1984,1,5,AUDI S3,4,E01001613,0,-1
2020200933996,2020,200933996,1,9,0,18,19,2,6,0,0,0,0,0,0,0,1,1,6,6,1,-1,-1,1984,1,3,AUDI S3,-1,-1,0,-1
2020137550415,2020,137550415,2,9,0,2,2,8,4,0,0,1,0,0,0,0,2,1,6,6,1,38,7,1984,1,13,AUDI S3,-1,-1,0,-1
2020160981366,2020,160981366,2,9,0,18,19,3,7,0,0,8,0,10,1,0,4,1,6,6,2,21,5,1984,1,3,AUDI S3,4,E01013314,0,-1
2020360940006,2020,360940006,2,9,0,3,3,2,6,0,0,8,0,0,0,0,1,1,2,2,1,38,7,1984,1,5,AUDI S3,4,E01033037,0,-1
2020320326284,2020,320326284,2,9,0,18,19,5,1,0,0,0,0,0,7,0,4,1,6,6,1,21,5,1984,1,4,AUDI S3,-1,-1,0,-1
2020010242751,2020,010242751,1,9,0,13,13,2,6,0,0,0,2,0,0,0,1,1,6,6,1,20,4,1984,1,0,AUDI S3,-1,-1,0,-1
2020010243219,2020,010243219,2,9,0,99,99,9,9,99,99,9,0,99,9,99,9,1,6,6,1,24,5,1984,1,1,AUDI S3,4,E01001247,0,-1
2020370960403,2020,370960403,1,9,0,13,13,7,3,0,0,1,0,0,7,1,4,1,5,6,1,18,4,1984,1,3,AUDI S3,5,E01033539,0,-1
2020548804320,2020,548804320,1,9,0,3,3,3,7,0,0,0,0,0,0,0,2,1,6,6,1,20,4,1984,1,1,AUDI S3,-1,-1,0,-1
2020070049989,2020,070049989,2,9,0,4,4,5,1,0,0,0,0,0,0,0,2,1,2,2,1,27,6,1984,1,2,AUDI S3,9,E01006582,0,-1
202031B111120,2020,31B111120,2,9,0,10,10,1,7,0,0,1,0,0,0,0,3,1,6,6,1,56,9,1984,1,5,AUDI S3,5,E01028341,0,-1
2020010275451,2020,010275451,2,9,0,99,99,9,9,99,99,0,9,99,9,99,1,9,6,6,3,-1,-1,1984,1,3,AUDI S3,-1,-1,0,-1
2020070564096,2020,070564096,1,9,0,18,19,3,7,0,0,0,0,0,0,0,1,1,6,6,2,26,6,1984,1,12,AUDI S3,1,E01012533,0,-1
2020302000663,2020,302000663,2,9,0,4,4,8,4,0,0,8,0,0,0,0,4,1,1,1,1,-1,-1,1984,1,2,AUDI S3,5,E01019456,0,-1
2020040962062,2020,040962062,1,9,0,17,19,5,1,0,0,1,2,0,1,10,1,1,5,6,1,30,6,1984,1,8,AUDI S3,8,E01025012,0,-1
20201375R1941,2020,1375R1941,1,9,0,18,19,5,1,0,0,6,5,0,0,0,4,1,6,6,1,20,4,1984,1,8,AUDI S3,1,E01010841,0,-1
2020210936191,2020,210936191,3,9,0,18,19,1,5,0,0,1,0,0,0,0,1,1,1,1,1,-1,-1,1984,1,5,AUDI S3,-1,-1,0,-1
2020010232860,2020,010232860,1,9,0,18,19,1,5,0,0,0,0,0,0,0,1,1,6,6,3,-1,-1,1984,1,2,AUDI S3,-1,-1,0,-1
2020137CG0955,2020,137CG0955,1,9,0,18,19,6,2,0,0,2,0,0,0,0,1,1,2,2,2,31,6,1984,1,5,AUDI S3,5,E01011417,0,-1
2020990994838,2020,990994838,1,9,0,18,19,4,8,0,0,0,0,0,0,0,1,1,6,6,1,22,5,1984,1,6,AUDI S3,10,-1,0,-1
2020160950461,2020,160950461,2,9,0,18,19,8,4,0,0,0,0,0,0,0,1,1,6,6,1,26,6,1984,1,5,AUDI S3,2,E01013240,0,-1
2020137CM0561,2020,137CM0561,2,9,0,18,19,6,2,0,0,0,0,0,0,0,2,1,6,6,1,24,5,1984,1,3,AUDI S3,2,E01010796,0,-1
2020010267330,2020,010267330,1,3,0,18,19,2,6,0,0,0,0,0,0,0,1,1,6,6,1,65,9,1450,1,19,-1,4,E01003645,0,-1
2020990974181,2020,990974181,2,4,0,18,19,8,4,0,0,1,1,0,0,0,0,1,1,1,1,36,7,1584,1,13,-1,3,-1,0,-1
2020610032120,2020,610032120,1,5,0,14,14,3,6,0,0,0,0,0,0,0,1,1,6,6,1,-1,-1,1584,1,12,-1,10,W01001735,0,-1
2020040985063,2020,040985063,1,97,0,13,13,1,5,0,0,1,5,0,0,0,1,1,2,2,1,60,9,1584,1,13,-1,7,E01025362,0,-1
2020360958607,2020,360958607,2,5,0,17,19,6,2,0,0,1,1,0,0,0,1,1,6,6,1,67,10,1450,1,19,-1,9,E01026931,0,-1
2020010284237,2020,010284237,1,3,0,99,99,9,9,99,99,0,9,99,9,99,9,1,6,6,1,49,8,125,1,0,-1,5,E01003413,0,-1
2020371004037,2020,371004037,2,3,0,18,19,1,7,0,0,8,0,0,0,0,4,1,5,6,1,27,6,124,1,15,-1,2,E01030227,0,-1
2020070641628,2020,070641628,2,3,0,9,9,4,2,0,0,8,0,0,0,0,1,1,6,6,1,17,4,125,1,1,-1,5,E01018437,0,-1
2020420962538,2020,420962538,1,5,0,4,4,3,7,0,0,0,1,0,1,0,1,1,5,6,1,41,7,919,1,18,-1,5,E01001677,0,-1
2020501004081,2020,501004081,2,5,0,18,19,7,3,0,0,1,0,0,0,0,1,1,5,6,1,52,8,919,1,15,-1,9,E01020266,0,-1
2020500942010,2020,500942010,1,5,0,18,19,1,5,0,0,0,1,12,0,0,1,1,6,6,1,71,10,919,1,18,-1,6,E01015107,0,-1
2020440293357,2020,440293357,1,5,0,18,19,6,2,0,0,0,0,0,0,0,1,1,6,6,1,54,8,919,1,15,-1,4,E01017362,0,-1
2020010270461,2020,010270461,1,5,0,9,9,7,4,0,0,2,0,0,0,0,1,1,3,7,1,53,8,919,1,17,-1,2,E01003320,0,-1
2020220921225,2020,220921225,2,5,0,18,19,7,3,0,0,8,0,0,0,0,3,1,5,6,2,53,8,919,1,17,-1,6,E01028975,0,-1
2020500951705,2020,500951705,1,5,0,18,19,5,1,0,0,8,1,0,0,0,1,1,5,6,1,73,10,919,1,18,-1,2,E01015186,0,-1
2020160959200,2020,160959200,1,5,0,13,13,6,2,0,0,0,0,0,0,0,1,1,2,2,1,55,8,919,1,18,-1,1,E01027817,0,-1
2020010229332,2020,010229332,2,3,0,16,19,1,5,0,0,2,1,0,0,0,3,1,1,1,1,22,5,499,1,13,-1,4,E01001158,0,-1
2020137261615,2020,137261615,2,4,0,14,14,3,7,0,0,0,0,0,0,0,1,1,6,6,1,23,5,499,1,14,-1,8,E01011694,0,-1