collision_index,collision_year,collision_ref_no,vehicle_reference,vehicle_type,towing_and_articulation,vehicle_manoeuvre_historic,vehicle_manoeuvre,vehicle_direction_from,vehicle_direction_to,vehicle_location_restricted_lane_historic,vehicle_location_restricted_lane,junction_location,skidding_and_overturning,hit_object_in_carriageway,vehicle_leaving_carriageway,hit_object_off_carriageway,first_point_of_impact,vehicle_left_hand_drive,journey_purpose_of_driver_historic,journey_purpose_of_driver,sex_of_driver,age_of_driver,age_band_of_driver,engine_capacity_cc,propulsion_code,age_of_vehicle,generic_make_model,driver_imd_decile,lsoa_of_driver,escooter_flag,driver_distance_banding
2020010281848,2020,010281848,2,4,0,14,14,3,7,0,0,0,1,0,0,0,1,1,2,2,2,39,7,499,1,16,-1,4,E01001009,0,-1
2020010239744,2020,010239744,2,4,0,18,19,7,3,0,0,1,0,0,0,0,1,1,6,6,1,62,9,499,1,13,-1,10,E01002947,0,-1
2020110979393,2020,110979393,2,4,0,17,19,3,7,0,0,8,0,0,0,0,3,1,2,2,1,36,7,499,1,14,-1,5,E01020687,0,-1
2020450995776,2020,450995776,1,4,0,18,19,7,3,0,0,1,1,0,0,0,0,1,6,6,1,54,8,499,1,12,-1,6,E01030311,0,-1
2020010241696,2020,010241696,1,4,0,14,14,1,5,0,0,1,0,0,0,0,4,1,6,6,1,36,7,499,1,12,-1,3,E01004536,0,-1
2020500961695,2020,500961695,1,5,0,18,19,1,5,0,0,8,1,0,0,0,1,1,5,6,1,21,5,499,1,16,-1,6,E01015039,0,-1
2020460975048,2020,460975048,1,5,0,15,15,5,1,0,0,0,0,0,0,0,1,1,5,6,1,27,6,998,1,13,HONDA CBR1000RR,1,E01004312,0,-1
2020360953204,2020,360953204,1,5,5,13,13,1,5,0,0,1,0,0,0,0,1,1,6,6,1,51,8,1000,1,11,HONDA CBR1000RR,2,E01026711,0,-1
2020410988061,2020,410988061,2,5,0,18,19,7,3,0,0,8,0,0,0,0,3,1,2,2,1,41,7,1000,1,12,HONDA CBR1000RR,7,E01023335,0,-1
20201375H0497,2020,1375H0497,1,5,0,17,19,6,2,0,0,0,0,0,1,0,0,1,6,6,1,53,8,998,1,15,HONDA CBR1000RR,7,E01011205,0,-1
2020302001005,2020,302001005,1,5,0,17,19,5,1,0,0,0,0,0,0,0,1,1,6,6,1,27,6,998,1,13,HONDA CBR1000RR,4,E01019491,0,-1
2020230990422,2020,230990422,1,5,0,18,19,8,4,0,0,0,0,0,0,0,0,1,5,6,1,60,9,999,1,11,HONDA CBR1000RR,4,E01031045,0,-1
2020160939756,2020,160939756,3,5,0,18,19,7,3,0,0,0,0,0,0,0,0,1,2,2,1,48,8,998,1,16,HONDA CBR1000RR,1,E01012805,0,-1
2020530941867,2020,530941867,1,5,0,17,19,3,7,0,0,0,5,0,1,4,4,1,5,6,1,57,9,1000,1,12,HONDA CBR1000RR,6,E01028700,0,-1
2020320522953,2020,320522953,1,5,0,18,19,6,2,0,0,0,5,0,0,0,4,1,2,2,1,45,7,998,1,15,HONDA CBR1000RR,2,E01018070,0,-1
2020622000502,2020,622000502,1,5,0,18,19,4,8,0,0,1,0,9,3,10,0,1,6,6,1,45,7,998,1,16,HONDA CBR1000RR,2,W01001206,0,-1
2020010253262,2020,010253262,1,5,0,99,99,9,9,99,99,9,9,99,9,99,2,1,2,2,1,33,6,998,1,14,HONDA CBR1000RR,3,E01000510,0,-1
2020010268937,2020,010268937,1,5,0,18,19,1,5,0,0,1,1,10,7,4,1,1,2,2,1,57,9,998,1,13,HONDA CBR1000RR,4,E01002267,0,-1
2020320419568,2020,320419568,2,4,0,18,19,1,5,0,0,0,0,0,7,4,1,1,6,6,1,39,7,998,1,16,-1,9,E01026186,0,-1
2020160967282,2020,160967282,1,5,0,18,19,2,6,0,0,1,0,0,0,0,1,1,5,6,1,32,6,998,1,15,HONDA CBR1000RR,1,E01033109,0,-1
2020430227026,2020,430227026,2,5,0,18,19,4,8,0,0,0,0,0,0,0,0,1,2,2,1,40,7,998,1,15,HONDA CBR1000RR,-1,-1,0,-1
20201376D1293,2020,1376D1293,2,5,0,16,19,3,7,0,0,0,2,0,0,0,3,1,6,6,1,42,7,998,1,13,HONDA CBR1000RR,5,E01013125,0,-1
2020430307043,2020,430307043,1,4,0,7,7,6,8,0,0,3,0,0,0,0,1,1,6,6,1,32,6,998,1,14,-1,-1,-1,0,-1
20201371E0192,2020,1371E0192,2,5,0,18,19,8,4,0,0,8,0,0,0,0,1,1,1,1,1,33,6,998,1,13,HONDA CBR1000RR,1,E01010713,0,-1
2020440321457,2020,440321457,1,5,0,17,19,8,6,0,0,1,1,0,0,0,1,1,2,2,1,39,7,998,1,14,HONDA CBR1000RR,4,E01017185,0,-1
2020430302521,2020,430302521,2,5,0,18,19,7,3,0,0,1,0,0,0,0,4,1,6,6,1,47,8,998,1,14,HONDA CBR1000RR,-1,-1,0,-1
2020420923400,2020,420923400,1,5,0,18,19,3,7,0,0,3,0,0,0,0,1,1,5,6,1,52,8,1000,1,4,HONDA CBR1000RR,1,E01001559,0,-1
2020460966072,2020,460966072,1,5,0,16,19,2,3,0,0,0,0,0,0,0,1,1,5,6,1,41,7,999,1,8,HONDA CBR1000RR,10,E01016054,0,-1
2020440213479,2020,440213479,1,5,0,18,19,5,1,0,0,1,1,10,1,0,1,1,6,6,1,36,7,998,1,14,HONDA CBR1000RR,8,E01032871,0,-1
2020302000206,2020,302000206,1,5,0,18,19,4,8,0,0,1,0,0,0,0,1,1,6,6,1,49,8,998,1,13,HONDA CBR1000RR,6,E01019654,0,-1
2020010264320,2020,010264320,2,5,0,15,15,5,1,0,0,0,2,0,0,0,1,1,1,1,1,33,6,1000,1,12,HONDA CBR1000RR,2,E01021486,0,-1
2020460966460,2020,460966460,1,5,0,18,19,2,6,0,0,0,1,4,0,0,1,1,5,6,1,34,6,998,1,14,HONDA CBR1000RR,10,E01024781,0,-1
2020340E04802,2020,340E04802,1,5,0,5,5,3,7,0,0,2,1,0,0,0,4,1,6,6,1,50,8,999,1,7,HONDA CBR1000RR,-1,-1,0,-1
2020010249426,2020,010249426,1,5,0,9,9,6,5,0,0,6,0,0,0,0,0,1,6,6,1,30,6,999,1,11,HONDA CBR1000RR,6,E01003427,0,-1
2020470980438,2020,470980438,1,5,0,13,13,6,2,0,0,8,0,0,0,0,1,1,5,6,1,44,7,998,1,14,HONDA CBR1000RR,2,E01004129,0,-1
2020010275168,2020,010275168,1,5,0,18,19,4,8,0,0,1,0,0,0,0,1,1,6,6,1,60,9,999,1,11,HONDA CBR1000RR,5,E01001682,0,-1
2020210945422,2020,210945422,2,5,0,18,19,6,2,0,0,0,0,0,7,0,4,1,2,2,1,38,7,999,1,7,HONDA CBR1000RR,6,E01029640,0,-1
2020302000558,2020,302000558,2,5,0,9,9,4,1,0,0,5,0,0,0,0,3,1,6,6,1,45,7,998,1,16,HONDA CBR1000RR,7,E01019698,0,-1
2020460981924,2020,460981924,2,5,0,13,13,5,1,0,0,1,0,0,7,0,1,1,5,6,1,30,6,999,1,11,HONDA CBR1000RR,8,E01024650,0,-1
2020010269378,2020,010269378,1,5,0,4,4,7,3,0,0,1,0,0,0,0,1,1,6,6,1,24,5,998,1,16,HONDA CBR1000RR,3,E01032581,0,-1
2020547696720,2020,547696720,2,5,0,9,9,3,1,0,0,8,0,0,0,0,4,1,6,6,1,47,8,998,1,15,HONDA CBR1000RR,7,E01032024,0,-1
2020370965059,2020,370965059,1,3,0,18,19,6,2,0,0,8,1,0,0,0,4,1,6,6,1,73,10,998,1,15,-1,6,E01030097,0,-1
2020010274118,2020,010274118,1,5,0,18,19,3,7,0,0,1,0,0,0,0,1,1,6,6,1,46,8,1000,1,12,HONDA CBR1000RR,9,E01000538,0,-1
2020470958682,2020,470958682,1,3,0,18,19,5,1,0,0,2,1,0,1,0,1,1,5,6,1,35,6,999,1,6,-1,5,E01023904,0,-1
2020220954501,2020,220954501,1,5,0,13,13,6,2,0,0,0,0,0,0,0,1,1,5,6,1,31,6,998,1,15,HONDA CBR1000RR,6,E01009802,0,-1
2020010268941,2020,010268941,1,5,0,99,99,9,9,99,99,9,9,99,9,99,2,1,6,6,1,41,7,1000,1,11,HONDA CBR1000RR,9,E01001300,0,-1
2020010281505,2020,010281505,1,5,0,18,19,7,3,0,0,2,0,0,0,0,1,1,6,6,1,37,7,1000,1,11,HONDA CBR1000RR,-1,-1,0,-1
2020122000612,2020,122000612,1,5,0,18,19,4,8,0,0,0,0,0,0,0,0,1,6,6,3,-1,-1,999,1,7,HONDA CBR1000RR,-1,-1,0,-1
202031D032020,2020,31D032020,2,5,0,18,19,1,5,0,0,8,0,0,0,0,1,1,2,2,1,51,8,998,1,13,HONDA CBR1000RR,2,E01028238,0,-1
2020460973707,2020,460973707,1,5,0,17,19,6,7,6,6,0,1,10,8,0,3,1,5,6,1,50,8,1000,1,12,HONDA CBR1000RR,1,E01024240,0,-1
2020990954265,2020,990954265,2,5,0,18,19,4,8,0,0,8,5,0,0,0,1,1,6,6,1,43,7,998,1,15,HONDA CBR1000RR,5,-1,0,-1
2020470962124,2020,470962124,1,3,0,4,4,3,7,0,0,0,1,0,0,0,1,1,5,6,1,49,8,998,1,14,-1,6,E01021008,0,-1
2020010240265,2020,010240265,1,5,9,99,99,9,9,0,0,9,0,99,9,99,9,-1,6,6,1,33,6,998,1,14,HONDA CBR1000RR,3,E01000510,0,-1
2020040987573,2020,040987573,1,5,0,18,19,3,7,0,0,0,0,0,0,0,1,1,5,6,1,36,7,998,1,13,HONDA CBR1000RR,-1,-1,0,-1
2020302000566,2020,302000566,1,5,0,13,13,4,1,0,0,0,0,0,0,0,1,1,6,6,1,23,5,649,1,4,-1,1,E01006023,0,-1
2020010254972,2020,010254972,2,3,0,99,99,9,9,99,99,0,9,99,9,99,9,1,6,6,3,-1,-1,-1,-1,-1,-1,-1,-1,0,-1
2020010238278,2020,010238278,1,9,0,18,19,7,3,0,0,0,0,0,0,0,1,1,2,2,1,59,9,2143,2,4,-1,6,E01024163,0,-1
2020230924322,2020,230924322,2,4,0,18,19,6,2,0,0,8,0,0,0,0,1,1,5,6,1,42,7,296,1,1,-1,3,E01031172,0,-1
2020522102250,2020,522102250,1,4,0,14,14,3,7,0,0,8,0,0,0,0,1,1,6,6,1,32,6,296,1,2,-1,2,E01014458,0,-1
2020100953849,2020,100953849,2,2,0,17,19,5,1,0,0,0,0,0,1,0,1,1,6,6,1,57,9,150,1,41,-1,3,E01027512,0,-1
2020440049103,2020,440049103,1,9,0,18,19,5,1,0,0,1,1,0,8,11,3,1,6,6,2,53,8,2148,2,13,MERCEDES VIANO,10,E01022994,0,-1
2020010231544,2020,010231544,1,9,0,99,99,9,9,99,99,9,9,99,9,99,1,9,6,6,1,47,8,2143,2,8,MERCEDES VIANO,4,E01002643,0,-1
202054B091820,2020,54B091820,2,9,0,2,2,0,0,0,0,1,0,0,0,0,2,1,6,6,2,39,7,2143,2,6,MERCEDES VIANO,8,E01032690,0,-1
2020010232270,2020,010232270,1,9,0,99,99,9,9,99,99,9,9,99,9,99,9,9,6,6,1,56,9,2148,2,12,MERCEDES VIANO,5,E01004641,0,-1
20201377C1372,2020,1377C1372,2,9,0,18,19,5,1,0,0,8,0,0,0,0,4,1,6,6,2,36,7,2148,2,15,MERCEDES VIANO,2,E01011025,0,-1
202006K277429,2020,06K277429,1,9,0,4,4,2,6,0,0,8,0,0,0,0,2,1,1,1,1,38,7,2143,2,6,MERCEDES VIANO,2,E01004812,0,-1
2020010245913,2020,010245913,1,9,0,18,19,1,5,0,0,2,0,4,0,0,3,1,6,6,1,36,7,2143,2,6,MERCEDES VIANO,3,E01004709,0,-1
2020320615493,2020,320615493,1,9,0,18,19,6,2,0,0,0,0,0,0,0,4,1,1,1,1,64,9,2143,2,7,MERCEDES VIANO,-1,-1,0,-1
2020010231373,2020,010231373,1,9,0,99,99,9,9,99,99,9,9,99,9,99,9,9,6,6,1,46,8,2148,2,13,MERCEDES VIANO,8,E01000233,0,-1
2020400928017,2020,400928017,2,9,0,18,19,4,8,0,0,0,0,4,0,0,1,1,2,2,1,26,6,2143,2,7,MERCEDES VIANO,4,E01015784,0,-1
2020332000093,2020,332000093,2,8,0,9,9,1,8,0,0,6,0,0,0,0,4,1,6,6,1,37,7,2143,2,7,-1,3,E01013773,0,-1
2020450972635,2020,450972635,2,9,0,9,9,7,3,0,0,6,0,0,0,0,1,1,1,1,1,38,7,2143,2,6,MERCEDES VIANO,5,E01030984,0,-1
2020200969873,2020,200969873,1,9,0,18,19,8,4,0,0,0,0,0,0,0,1,1,6,6,1,40,7,2148,2,15,MERCEDES VIANO,2,E01010506,0,-1
2020552001074,2020,552001074,2,8,0,18,19,8,4,0,0,8,0,0,0,0,1,1,1,1,1,43,7,2148,2,14,-1,6,E01015349,0,-1
2020320148004,2020,320148004,2,9,0,9,9,7,5,0,0,8,0,0,0,0,2,1,1,1,2,58,9,2987,2,7,MERCEDES VIANO,5,E01026034,0,-1
2020200935700,2020,200935700,1,9,0,11,11,1,5,0,0,1,0,0,0,0,4,1,6,6,1,-1,-1,2148,2,16,MERCEDES VIANO,-1,-1,0,-1
2020440079965,2020,440079965,1,11,0,4,4,1,5,0,0,0,0,0,0,0,0,1,1,1,1,35,6,10518,2,3,-1,3,E01022840,0,-1
2020010232619,2020,010232619,2,9,0,2,2,0,0,0,0,0,0,0,0,0,2,1,6,6,3,-1,-1,3498,1,14,-1,-1,-1,0,-1
2020471007255,2020,471007255,1,9,0,11,11,6,7,0,0,5,0,0,0,0,4,1,5,6,1,80,11,3498,1,15,-1,9,E01030685,0,-1
2020460994138,2020,460994138,3,9,0,4,4,7,3,0,0,0,0,0,0,0,2,1,2,2,1,42,7,2488,2,10,-1,1,E01024676,0,-1
2020010240126,2020,010240126,2,9,0,99,99,9,9,99,99,9,9,99,9,99,1,9,6,6,2,44,7,3498,1,14,-1,4,E01003913,0,-1
20201376H1863,2020,1376H1863,1,9,0,18,19,8,4,0,0,1,0,0,0,0,1,1,6,6,1,40,7,3498,1,11,-1,7,E01011849,0,-1
2020340N01552,2020,340N01552,1,9,0,18,19,1,5,0,0,1,0,0,0,0,1,1,6,6,2,-1,-1,3498,1,15,-1,8,E01027332,0,-1
2020010260646,2020,010260646,1,10,0,3,3,5,1,0,0,1,9,0,0,99,3,9,6,6,2,49,8,2800,2,15,-1,3,E01004443,0,-1
2020430321914,2020,430321914,1,9,0,18,19,3,7,0,0,0,0,0,0,0,1,1,6,6,2,29,6,1998,2,4,SUBARU OUTBACK,10,E01028616,0,-1
2020440001472,2020,440001472,2,9,0,18,19,5,1,0,0,0,0,0,0,0,1,1,6,6,1,59,9,1998,2,9,SUBARU OUTBACK,8,E01023282,0,-1
2020141009818,2020,141009818,1,9,0,9,9,6,4,0,0,8,0,0,0,0,1,1,5,6,2,50,8,1998,2,12,SUBARU OUTBACK,9,E01007921,0,-1
2020990966277,2020,990966277,1,9,0,17,19,7,3,0,0,0,0,0,1,9,1,1,5,6,1,83,11,2457,1,10,SUBARU OUTBACK,8,-1,0,-1
2020140962762,2020,140962762,2,9,0,5,5,6,4,0,0,8,0,0,0,0,1,1,6,6,1,50,8,2457,1,16,SUBARU OUTBACK,5,E01007588,0,-1
2020501001493,2020,501001493,1,9,0,18,19,3,7,0,0,0,0,0,0,0,1,1,5,6,2,21,5,1998,2,4,SUBARU OUTBACK,5,E01018765,0,-1
2020220927294,2020,220927294,2,9,0,17,19,3,8,0,0,0,0,10,0,0,1,1,5,6,2,68,10,3000,1,12,SUBARU OUTBACK,10,E01032393,0,-1
2020030919663,2020,030919663,2,9,0,3,3,1,5,0,0,1,0,0,0,0,2,1,6,6,2,53,8,1998,2,7,SUBARU OUTBACK,5,E01019394,0,-1
2020140957756,2020,140957756,1,9,0,18,19,6,2,0,0,1,1,0,0,0,1,1,6,6,3,-1,-1,2457,1,15,SUBARU OUTBACK,-1,-1,0,-1
2020200943570,2020,200943570,1,9,0,18,19,7,3,0,0,0,5,4,0,0,1,1,6,6,1,32,6,1998,2,11,SUBARU OUTBACK,1,E01009511,0,-1
2020010251481,2020,010251481,1,5,0,16,19,3,7,0,0,2,0,0,0,0,3,1,6,6,1,32,6,599,1,12,-1,6,E01002662,0,-1
2020500987674,2020,500987674,1,5,0,16,19,4,7,0,0,1,0,0,0,0,1,1,6,6,1,34,6,599,1,12,-1,5,E01019050,0,-1
2020500949813,2020,500949813,1,9,0,18,19,5,1,0,0,0,0,0,0,0,0,1,1,1,1,-1,-1,1969,2,1,VOLVO V60,5,E01015123,0,-1
2020030977785,2020,030977785,3,9,0,4,4,4,8,0,0,0,0,0,0,0,0,1,6,6,1,56,9,1969,2,1,VOLVO V60,5,E01019220,0,-1
2020549959120,2020,549959120,1,9,0,4,4,1,5,0,0,0,0,0,0,0,2,1,6,6,1,35,6,1560,2,8,VOLVO V60,7,E01029155,0,-1
2020990935550,2020,990935550,2,9,0,18,19,6,2,0,0,1,0,0,0,0,1,1,3,7,2,30,6,1969,2,3,VOLVO V60,-1,-1,0,-1
202063C015120,2020,63C015120,2,9,0,18,19,2,6,0,0,0,1,0,1,10,1,1,6,6,1,29,6,1984,2,9,VOLVO V60,4,W01000586,0,-1
2020420973574,2020,420973574,2,9,0,4,4,6,2,0,0,0,0,0,0,0,2,1,6,6,1,32,6,1560,2,7,VOLVO V60,4,E01021648,0,-1
2020010279812,2020,010279812,2,9,0,99,99,9,9,99,99,9,9,99,9,99,1,9,6,6,3,-1,-1,1984,2,9,VOLVO V60,-1,-1,0,-1
20201377H1031,2020,1377H1031,1,9,0,18,19,3,7,0,0,8,0,0,0,0,4,1,6,6,1,18,4,2400,2,5,VOLVO V60,9,E01011117,0,-1
2020350929145,2020,350929145,1,8,0,3,3,5,3,0,0,1,0,0,0,0,4,1,2,2,1,26,6,1984,2,7,-1,9,E01018254,0,-1
2020350973158,2020,350973158,1,9,0,18,19,6,2,0,0,0,0,0,0,0,1,1,1,1,1,64,9,1560,2,8,VOLVO V60,3,E01026684,0,-1
2020400999855,2020,400999855,2,9,0,18,19,1,5,0,0,8,0,0,0,0,4,1,6,6,1,62,9,1969,2,4,VOLVO V60,6,E01017513,0,-1
20201371L1825,2020,1371L1825,2,9,0,2,2,0,0,9,9,0,0,0,0,0,2,1,6,6,3,-1,-1,2400,2,9,VOLVO V60,-1,-1,0,-1
2020360980637,2020,360980637,1,9,0,5,5,4,2,0,0,8,0,0,0,0,0,1,5,6,1,75,10,1984,2,6,VOLVO V60,10,E01026811,0,-1
2020320326025,2020,320326025,2,9,0,9,9,5,3,0,0,8,0,0,0,0,3,1,6,6,2,37,7,1969,2,2,VOLVO V60,-1,-1,0,-1
202031B016520,2020,31B016520,3,9,0,3,3,8,4,0,0,0,0,0,0,0,2,1,6,6,1,26,6,1969,2,4,VOLVO V60,7,E01029530,0,-1
2020430263783,2020,430263783,2,9,0,2,2,0,0,6,6,0,0,0,0,0,2,1,6,6,3,-1,-1,1969,2,5,VOLVO V60,-1,-1,0,-1
2020400966385,2020,400966385,1,9,0,9,9,3,7,0,0,3,0,0,0,0,1,1,5,6,1,41,7,1560,2,8,VOLVO V60,7,E01017516,0,-1
2020140957069,2020,140957069,1,9,0,2,2,4,8,0,0,1,0,0,0,0,1,1,2,2,1,47,8,1969,2,0,VOLVO V60,8,E01019781,0,-1
2020410947966,2020,410947966,2,9,0,18,19,6,2,0,0,1,0,0,0,0,0,1,1,1,1,44,7,1969,2,3,VOLVO V60,-1,-1,0,-1
2020230937332,2020,230937332,2,9,0,9,9,6,3,0,0,5,0,0,0,0,3,1,2,2,1,65,9,1969,2,2,VOLVO V60,10,E01029477,0,-1
2020500984790,2020,500984790,2,9,0,18,19,6,2,0,0,8,0,0,0,0,1,1,6,6,1,58,9,1969,2,4,VOLVO V60,4,E01018783,0,-1
202031D052520,2020,31D052520,2,9,0,18,19,2,6,0,0,8,0,0,1,1,1,1,2,2,2,48,8,1969,1,2,VOLVO V60,7,E01028217,0,-1
2020370933817,2020,370933817,1,9,0,18,19,3,7,0,0,0,0,0,0,0,1,1,5,6,1,76,11,1984,2,7,VOLVO V60,7,E01030060,0,-1
2020440227736,2020,440227736,2,9,0,9,9,1,7,0,0,8,0,0,0,0,3,1,6,6,1,68,10,1969,2,1,VOLVO V60,10,E01022751,0,-1
2020461005705,2020,461005705,1,9,0,18,19,7,3,0,0,0,0,0,0,0,1,1,6,6,1,35,6,1984,2,8,VOLVO V60,-1,-1,0,-1
2020140947971,2020,140947971,1,9,0,18,19,8,4,0,0,4,0,0,7,0,1,1,6,6,1,47,8,2400,2,9,VOLVO V60,3,E01019807,0,-1
2020622001055,2020,622001055,2,9,0,18,19,6,2,0,0,0,0,0,0,0,1,1,6,6,1,52,8,1969,2,6,VOLVO V60,10,W01000736,0,-1
2020552000992,2020,552000992,1,9,0,18,19,7,3,0,0,8,0,0,1,0,3,1,6,6,1,62,9,1969,2,4,VOLVO V60,7,E01017451,0,-1
2020440414938,2020,440414938,3,9,0,4,4,4,8,0,0,0,0,0,0,0,2,1,6,6,1,69,10,1969,2,0,VOLVO V60,6,E01022700,0,-1
2020320430942,2020,320430942,2,9,0,18,19,7,3,0,0,3,0,0,0,0,4,1,6,6,2,40,7,1969,1,1,VOLVO V60,10,E01009807,0,-1
202006Q275847,2020,06Q275847,2,9,0,3,3,4,8,0,0,1,0,0,0,0,2,1,6,6,1,27,6,1969,2,1,VOLVO V60,2,E01005946,0,-1
2020440348580,2020,440348580,1,9,0,18,19,6,2,0,0,2,0,0,0,0,2,1,6,6,1,45,7,1969,2,3,VOLVO V60,7,E01017050,0,-1
2020470982049,2020,470982049,4,9,0,4,4,2,6,0,0,1,0,0,0,0,2,1,5,6,1,30,6,1969,2,2,VOLVO V60,4,E01031469,0,-1
2020530939901,2020,530939901,1,9,0,18,19,3,7,0,0,0,0,0,0,0,1,1,5,6,1,89,11,1969,2,2,VOLVO V60,2,E01022322,0,-1
202031B083220,2020,31B083220,2,9,0,18,19,3,7,0,0,8,0,0,1,0,1,1,6,6,2,58,9,1560,2,5,VOLVO V60,5,E01026403,0,-1
2020990974499,2020,990974499,1,9,0,12,12,3,8,0,0,3,0,0,0,0,1,1,6,6,1,39,7,1984,2,6,VOLVO V60,2,-1,0,-1
2020211008846,2020,211008846,1,9,0,18,19,1,4,0,0,0,0,0,0,0,1,1,6,6,1,39,7,1560,2,7,VOLVO V60,3,E01019856,0,-1
2020010280088,2020,010280088,1,9,0,99,99,9,9,99,99,9,9,99,9,99,1,9,6,6,1,25,5,1969,2,5,VOLVO V60,7,E01000215,0,-1
2020410961665,2020,410961665,2,9,0,18,19,1,3,0,0,0,0,0,0,0,0,1,5,6,1,23,5,1969,2,2,VOLVO V60,2,E01023758,0,-1
2020010245180,2020,010245180,1,9,0,9,9,1,7,0,0,8,0,0,0,0,1,1,2,2,1,33,6,1969,2,2,VOLVO V60,7,E01021966,0,-1
2020351004006,2020,351004006,4,9,0,3,3,2,6,0,0,0,0,0,0,0,2,1,5,6,1,39,7,1560,2,8,VOLVO V60,8,E01018290,0,-1
2020360927834,2020,360927834,1,9,0,18,19,5,8,0,0,0,0,0,7,2,1,1,5,6,1,-1,-1,1984,2,9,VOLVO V60,4,E01026646,0,-1
2020010257563,2020,010257563,2,9,0,99,99,9,9,99,99,9,9,99,9,99,2,9,6,6,3,30,6,1560,2,8,VOLVO V60,5,E01001935,0,-1
2020320287103,2020,320287103,2,9,0,18,19,1,5,0,0,2,0,0,0,0,2,1,6,6,1,41,7,1969,2,2,VOLVO V60,-1,-1,0,-1
2020160941246,2020,160941246,2,9,0,4,4,7,3,0,0,1,0,0,0,0,1,1,2,2,1,58,9,1969,2,2,VOLVO V60,6,E01026391,0,-1
2020460938343,2020,460938343,2,9,0,18,19,7,7,0,0,8,0,0,0,0,4,1,2,2,1,26,6,1984,2,9,VOLVO V60,3,E01033092,0,-1
2020110927099,2020,110927099,2,9,0,7,7,1,3,0,0,4,0,0,0,0,2,1,2,2,2,40,7,1984,2,8,VOLVO V60,5,E01020904,0,-1
2020990987954,2020,990987954,1,9,0,16,19,7,2,0,0,0,0,0,0,0,1,1,5,6,2,52,8,1969,2,4,VOLVO V60,7,-1,0,-1
2020470931937,2020,470931937,3,9,0,3,3,1,5,0,0,1,0,0,0,0,1,1,5,6,1,44,7,1560,2,8,VOLVO V60,9,E01021023,0,-1
20201379H1546,2020,1379H1546,1,9,0,9,9,3,1,0,0,6,0,0,0,0,1,1,2,2,1,47,8,1560,2,6,VOLVO V60,3,E01011477,0,-1
2020110977282,2020,110977282,2,9,0,18,19,5,1,0,0,0,0,0,0,0,0,1,5,6,1,52,8,2400,2,9,VOLVO V60,5,E01008236,0,-1
2020410939208,2020,410939208,2,9,0,18,19,1,5,0,0,1,0,0,0,0,3,1,5,6,2,50,8,1984,2,7,VOLVO V60,5,E01022086,0,-1
2020302000040,2020,302000040,1,9,0,18,19,5,1,0,0,8,0,0,0,0,1,1,6,6,1,43,7,1969,2,1,VOLVO V60,6,E01019774,0,-1
2020410933701,2020,410933701,2,9,0,1,1,3,7,0,0,1,0,0,0,0,2,1,6,6,2,49,8,1969,2,2,VOLVO V60,10,E01023817,0,-1
2020010228014,2020,010228014,1,9,0,18,19,5,1,0,0,1,0,0,0,0,1,1,1,1,1,41,7,1969,2,4,VOLVO V60,3,E01003989,0,-1
2020210929490,2020,210929490,1,9,0,5,5,8,6,0,0,8,0,0,0,0,1,1,1,1,1,30,6,1969,2,4,VOLVO V60,9,E01018692,0,-1
2020410995928,2020,410995928,1,9,0,9,9,5,7,0,0,6,1,0,0,0,1,1,1,1,1,32,6,1969,2,3,VOLVO V60,-1,-1,0,-1
2020460958022,2020,460958022,2,9,0,3,3,7,3,0,0,0,0,0,0,0,2,1,5,6,1,41,7,2400,2,7,VOLVO V60,4,E01023877,0,-1
2020010269589,2020,010269589,2,9,0,10,10,5,3,0,0,1,0,0,0,0,1,1,6,6,1,28,6,1969,2,6,VOLVO V60,3,E01002560,0,-1
2020360977383,2020,360977383,3,9,0,4,4,6,2,-1,-1,0,0,0,0,0,2,1,6,6,1,57,9,1984,2,8,VOLVO V60,8,E01026530,0,-1
2020552000613,2020,552000613,1,9,0,13,13,8,4,0,0,8,0,0,0,0,1,1,6,6,1,24,5,1560,2,8,VOLVO V60,6,E01020541,0,-1
2020052000416,2020,052000416,2,9,0,10,10,3,7,0,0,1,0,0,0,0,2,1,6,6,1,25,5,1984,2,7,VOLVO V60,1,E01006644,0,-1
2020052001934,2020,052001934,2,9,0,18,19,1,5,0,0,8,0,0,0,0,1,1,6,6,1,27,6,1969,2,0,VOLVO V60,4,E01025508,0,-1
2020522000821,2020,522000821,1,9,0,18,19,4,8,0,0,7,0,0,0,0,1,1,6,6,1,55,8,1560,2,9,VOLVO V60,-1,-1,0,-1
2020140939164,2020,140939164,1,8,0,5,5,5,3,0,0,8,0,0,0,0,3,2,1,1,1,32,6,1969,2,5,-1,1,E01008061,0,-1
2020170H10340,2020,170H10340,1,5,0,18,19,2,6,0,0,0,1,0,1,0,3,1,6,6,1,33,6,600,1,16,MAKE AND MODEL REDACTED,4,E01033467,0,-1
2020370966009,2020,370966009,1,5,0,13,13,7,3,0,0,0,1,0,7,0,1,1,5,6,1,35,6,600,1,16,MAKE AND MODEL REDACTED,9,E01030190,0,-1