collision_index,collision_year,collision_ref_no,vehicle_reference,vehicle_type,towing_and_articulation,vehicle_manoeuvre_historic,vehicle_manoeuvre,vehicle_direction_from,vehicle_direction_to,vehicle_location_restricted_lane_historic,vehicle_location_restricted_lane,junction_location,skidding_and_overturning,hit_object_in_carriageway,vehicle_leaving_carriageway,hit_object_off_carriageway,first_point_of_impact,vehicle_left_hand_drive,journey_purpose_of_driver_historic,journey_purpose_of_driver,sex_of_driver,age_of_driver,age_band_of_driver,engine_capacity_cc,propulsion_code,age_of_vehicle,generic_make_model,driver_imd_decile,lsoa_of_driver,escooter_flag,driver_distance_banding
2020360977720,2020,360977720,2,3,0,18,19,3,7,0,0,0,0,0,0,0,4,1,5,6,2,18,4,124,1,0,-1,3,E01026663,0,-1
2020430057285,2020,430057285,2,3,0,18,19,6,2,0,0,0,1,0,4,0,1,1,2,2,1,17,4,124,1,1,-1,8,E01016751,0,-1
2020420964268,2020,420964268,1,4,0,5,5,7,3,0,0,8,0,0,0,0,1,1,6,6,1,37,7,124,1,5,-1,1,E01015917,0,-1
2020040923290,2020,040923290,1,11,0,4,4,3,7,0,0,0,0,0,0,0,1,1,1,1,1,65,9,5900,2,14,-1,3,E01012588,0,-1
2020010228738,2020,010228738,3,5,0,18,19,7,3,0,0,0,0,0,0,0,1,1,2,2,1,40,7,647,1,2,-1,6,E01000914,0,-1
2020010273594,2020,010273594,1,5,0,15,15,3,7,0,0,1,0,0,0,0,1,1,2,2,1,46,8,647,1,4,-1,5,E01001935,0,-1
2020010275082,2020,010275082,1,9,0,4,4,1,5,0,0,1,0,0,0,0,2,1,2,2,1,55,8,2993,2,1,-1,10,E01031581,0,-1
202006P270983,2020,06P270983,1,9,0,18,19,5,1,0,0,8,0,0,0,0,1,1,6,6,1,38,7,2993,2,0,-1,8,E01005575,0,-1
2020500988972,2020,500988972,2,9,0,18,19,7,3,0,0,0,0,0,0,0,2,1,5,6,1,49,8,2993,2,1,-1,10,E01031828,0,-1
20201371D1514,2020,1371D1514,1,9,0,9,9,6,4,0,0,6,0,0,0,0,3,1,6,6,1,39,7,1998,2,8,CHEVROLET ORLANDO,6,E01011480,0,-1
2020530978722,2020,530978722,2,9,0,4,4,7,3,0,0,1,0,0,0,0,1,1,6,6,2,40,7,1796,1,8,CHEVROLET ORLANDO,9,E01001385,0,-1
2020400991394,2020,400991394,1,9,0,5,5,3,7,0,0,3,0,0,0,0,2,1,3,7,1,48,8,1796,1,8,CHEVROLET ORLANDO,6,E01015718,0,-1
202006L271053,2020,06L271053,1,9,0,18,19,2,6,0,0,2,0,0,1,10,1,1,6,6,1,18,4,1998,2,6,CHEVROLET ORLANDO,1,E01006215,0,-1
2020010272074,2020,010272074,1,9,0,99,99,9,9,99,99,0,9,99,9,99,2,9,6,6,2,-1,-1,1796,1,9,CHEVROLET ORLANDO,2,E01001181,0,-1
2020460933104,2020,460933104,2,9,0,18,19,7,3,0,0,0,0,0,0,0,3,1,6,6,2,31,6,1796,1,8,CHEVROLET ORLANDO,1,E01024155,0,-1
202031C146920,2020,31C146920,2,9,0,9,9,5,3,0,0,6,0,0,0,0,1,1,6,6,1,-1,-1,1796,1,9,CHEVROLET ORLANDO,-1,-1,0,-1
2020010278730,2020,010278730,1,9,0,18,19,6,2,0,0,1,0,0,0,0,4,1,3,7,2,44,7,1796,1,7,CHEVROLET ORLANDO,8,E01030697,0,-1
2020010238620,2020,010238620,2,8,0,99,99,9,9,99,99,9,9,99,9,99,1,9,6,6,3,-1,-1,1796,1,8,-1,-1,-1,0,-1
2020010233586,2020,010233586,2,9,0,99,99,9,9,99,99,9,9,99,9,99,9,9,6,6,3,39,7,1796,1,7,CHEVROLET ORLANDO,3,E01000640,0,-1
2020200942215,2020,200942215,1,8,0,4,4,2,6,0,0,0,0,4,0,0,1,1,1,1,1,-1,-1,1998,2,9,-1,5,E01010285,0,-1
2020010231099,2020,010231099,1,9,0,18,19,8,4,0,0,0,0,0,0,0,1,1,6,6,3,-1,-1,1998,2,8,CHEVROLET ORLANDO,-1,-1,0,-1
2020010266142,2020,010266142,2,9,0,99,99,9,9,0,0,8,0,0,0,0,1,1,6,6,2,52,8,1998,2,9,CHEVROLET ORLANDO,9,E01004632,0,-1
2020010252592,2020,010252592,1,9,0,9,9,3,1,0,0,1,1,0,0,0,4,1,6,6,1,32,6,1796,1,8,CHEVROLET ORLANDO,1,E01002037,0,-1
2020010250265,2020,010250265,1,9,0,17,19,5,1,0,0,1,0,0,0,0,1,2,6,6,1,48,8,1998,2,8,CHEVROLET ORLANDO,6,E01003416,0,-1
2020010268905,2020,010268905,1,9,0,99,99,9,9,99,99,9,9,99,9,99,9,9,6,6,2,44,7,1998,2,7,CHEVROLET ORLANDO,3,E01003164,0,-1
2020200942069,2020,200942069,3,9,0,18,19,5,1,0,0,0,0,0,0,0,3,1,6,6,2,39,7,1796,1,8,CHEVROLET ORLANDO,2,E01009630,0,-1
2020010248717,2020,010248717,2,9,0,18,19,3,7,0,0,8,0,0,0,0,1,1,6,6,1,41,7,1998,2,7,CHEVROLET ORLANDO,6,E01000414,0,-1
2020010250455,2020,010250455,1,9,0,18,19,1,5,0,0,0,0,0,0,0,1,1,6,6,1,34,6,1998,2,8,CHEVROLET ORLANDO,3,E01000495,0,-1
2020302001082,2020,302001082,1,9,0,9,9,4,2,0,0,8,0,0,0,0,1,1,6,6,1,64,9,1998,2,8,CHEVROLET ORLANDO,1,E01013472,0,-1
2020010267006,2020,010267006,2,9,0,99,99,9,9,99,99,1,9,99,9,99,1,9,6,6,1,-1,-1,1796,1,7,CHEVROLET ORLANDO,1,E01032513,0,-1
2020010267392,2020,010267392,2,9,0,9,9,1,6,0,0,0,0,0,0,0,4,1,6,6,1,55,8,1796,1,8,CHEVROLET ORLANDO,3,E01004563,0,-1
2020140924876,2020,140924876,2,9,0,4,4,8,4,0,0,0,0,0,0,0,2,1,2,2,1,-1,-1,1998,2,8,CHEVROLET ORLANDO,-1,-1,0,-1
2020200947137,2020,200947137,2,8,0,18,19,3,7,0,0,8,0,0,0,0,4,1,1,1,1,57,9,1998,2,8,-1,1,E01009047,0,-1
2020470925665,2020,470925665,1,9,0,18,19,2,6,0,0,2,0,0,0,0,1,1,5,6,2,48,8,1998,2,9,CHEVROLET ORLANDO,4,E01020924,0,-1
2020010259479,2020,010259479,1,9,0,4,4,6,2,0,0,8,0,0,0,0,2,1,2,2,1,43,7,1998,2,9,CHEVROLET ORLANDO,2,E01003346,0,-1
2020010241694,2020,010241694,1,9,0,18,19,5,1,0,0,0,0,0,0,0,3,1,2,2,1,49,8,1796,1,8,CHEVROLET ORLANDO,2,E01004036,0,-1
2020450976037,2020,450976037,2,9,0,18,19,5,1,0,0,0,1,0,0,0,1,1,5,6,2,44,7,1998,2,8,CHEVROLET ORLANDO,10,E01030770,0,-1
2020470957721,2020,470957721,2,5,0,2,2,0,0,0,0,2,0,0,0,0,1,1,5,6,1,53,8,992,1,17,-1,8,E01031617,0,-1
2020440085477,2020,440085477,2,5,0,3,3,5,1,0,0,1,0,0,0,0,2,1,6,6,1,68,10,1690,1,7,-1,8,E01015770,0,-1
2020040976214,2020,040976214,1,97,0,14,14,1,4,0,0,1,5,4,0,0,1,1,5,6,1,54,8,1690,1,5,-1,9,E01024834,0,-1
2020140954152,2020,140954152,1,97,0,18,19,1,5,0,0,1,1,0,0,0,3,1,6,6,1,53,8,1690,1,4,-1,2,E01007783,0,-1
2020440225152,2020,440225152,2,5,0,18,19,6,2,0,0,8,0,0,0,0,4,1,2,2,1,45,7,1690,1,3,-1,10,E01022530,0,-1
2020460981861,2020,460981861,2,5,0,18,19,1,5,0,0,3,0,0,0,0,3,1,6,6,1,43,7,1690,1,4,-1,8,E01024693,0,-1
2020040976214,2020,040976214,3,97,0,18,19,1,4,0,0,1,0,0,0,0,2,1,5,6,1,52,8,1690,1,5,-1,2,E01032093,0,-1
2020470958603,2020,470958603,1,5,0,18,19,3,7,0,0,0,0,0,0,0,1,1,5,6,1,73,10,1690,1,4,-1,10,E01000682,0,-1
2020520004440,2020,520004440,1,5,0,16,19,8,4,0,0,0,0,0,0,0,1,1,6,6,1,68,10,1801,1,6,-1,8,E01014511,0,-1
2020470957145,2020,470957145,1,5,0,5,5,8,4,8,6,0,0,0,0,0,2,1,5,6,1,68,10,1690,1,6,-1,3,E01020917,0,-1
2020010251064,2020,010251064,1,9,0,99,99,9,9,99,99,9,9,99,9,99,4,9,6,6,2,69,10,1993,8,0,HONDA CR-V,4,E01003739,0,-1
2020410930294,2020,410930294,2,9,0,18,19,5,1,0,0,8,0,0,0,0,1,1,3,7,2,54,8,1498,1,1,HONDA CR-V,9,E01023917,0,-1
2020161002021,2020,161002021,1,9,0,18,19,5,1,0,0,6,0,0,0,0,3,1,6,6,2,60,9,1498,1,1,HONDA CR-V,9,E01013157,0,-1
2020220959826,2020,220959826,2,9,0,13,13,6,2,0,0,8,0,0,0,0,1,1,6,6,3,34,6,1498,1,2,HONDA CR-V,-1,-1,0,-1
2020552000687,2020,552000687,3,9,0,18,19,2,6,0,0,0,0,0,0,0,1,1,6,6,2,68,10,1993,8,1,HONDA CR-V,7,E01029166,0,-1
2020530982467,2020,530982467,2,9,0,18,19,5,1,0,0,0,0,0,0,0,2,1,5,6,1,85,11,1498,1,1,HONDA CR-V,10,E01032138,0,-1
2020052001517,2020,052001517,2,9,0,18,19,2,6,0,0,8,0,0,0,0,1,1,4,7,2,46,8,1993,8,1,HONDA CR-V,6,E01007059,0,-1
2020420976124,2020,420976124,1,9,0,9,9,2,8,0,0,8,0,0,0,0,1,1,5,6,1,61,9,1993,8,1,HONDA CR-V,9,E01021893,0,-1
2020990924735,2020,990924735,2,9,0,16,19,6,1,0,0,0,0,0,0,0,1,1,2,2,1,47,8,1498,1,1,HONDA CR-V,10,-1,0,-1
2020350974267,2020,350974267,1,9,0,3,3,5,7,-1,-1,0,0,0,-1,0,-1,1,6,6,1,51,8,1498,1,0,HONDA CR-V,7,E01026039,0,-1
2020450944432,2020,450944432,2,9,0,18,19,1,5,0,0,0,0,0,0,0,1,1,6,6,2,52,8,1498,1,2,HONDA CR-V,8,E01001122,0,-1
2020471009432,2020,471009432,4,9,0,4,4,7,3,0,0,0,0,0,0,0,2,1,5,6,2,61,9,1498,1,1,HONDA CR-V,7,E01031539,0,-1
2020010261844,2020,010261844,2,9,0,9,9,7,5,0,0,6,0,0,0,0,4,1,6,6,1,44,7,1498,1,0,HONDA CR-V,4,E01015750,0,-1
2020010249880,2020,010249880,1,9,0,18,19,7,3,0,0,8,0,0,0,0,4,1,6,6,2,56,9,1498,1,0,HONDA CR-V,5,E01001088,0,-1
2020010279034,2020,010279034,2,9,0,99,99,9,9,99,99,9,9,99,9,99,1,9,6,6,3,-1,-1,1498,1,1,HONDA CR-V,-1,-1,0,-1
2020040976875,2020,040976875,1,9,0,9,9,7,3,0,0,8,0,0,0,0,3,1,5,6,1,69,10,1993,8,0,HONDA CR-V,10,E01006932,0,-1
2020137750758,2020,137750758,1,9,0,16,19,3,7,0,0,0,1,0,0,0,0,1,6,6,1,42,7,1498,1,1,HONDA CR-V,5,E01011215,0,-1
2020010238699,2020,010238699,1,9,0,3,3,1,5,0,0,1,0,0,0,0,1,1,2,2,1,35,6,1498,1,2,HONDA CR-V,-1,-1,0,-1
2020481012833,2020,481012833,1,9,0,9,9,5,3,0,0,8,0,0,0,0,4,1,2,2,1,45,7,1498,1,2,HONDA CR-V,10,E01003877,0,-1
202031B146820,2020,31B146820,2,9,0,18,19,6,2,0,0,1,0,0,0,0,1,1,6,6,1,63,9,1498,1,2,HONDA CR-V,6,E01028308,0,-1
2020010238045,2020,010238045,1,8,0,18,19,5,1,0,0,1,0,0,0,0,1,1,1,1,1,50,8,1993,8,1,-1,4,E01003743,0,-1
2020350994328,2020,350994328,1,9,0,18,19,2,6,0,0,0,0,0,0,0,2,1,3,7,2,38,7,1993,8,0,HONDA CR-V,8,E01033119,0,-1
2020411007940,2020,411007940,1,9,0,4,4,1,5,0,0,0,0,0,0,0,1,1,1,1,1,36,7,1498,1,1,HONDA CR-V,6,E01023359,0,-1
2020137C80495,2020,137C80495,2,9,0,4,4,8,4,0,0,0,0,0,0,0,1,1,6,6,2,50,8,1993,8,0,HONDA CR-V,3,E01033542,0,-1
2020160988710,2020,160988710,1,9,0,18,19,7,3,0,0,1,0,0,0,0,1,1,6,6,1,70,10,1993,8,1,HONDA CR-V,10,E01013066,0,-1
2020450931106,2020,450931106,1,9,0,3,3,7,7,0,0,0,0,0,0,0,2,1,6,6,1,68,10,1498,1,1,HONDA CR-V,9,E01004191,0,-1
2020302000341,2020,302000341,2,9,0,18,19,6,2,0,0,0,0,0,0,0,3,1,6,6,1,73,10,1498,1,1,HONDA CR-V,10,E01019606,0,-1
2020990987025,2020,990987025,1,9,0,18,19,3,7,0,0,0,0,0,0,0,4,1,6,6,2,71,10,1498,1,1,HONDA CR-V,10,-1,0,-1
2020332000244,2020,332000244,2,9,0,18,19,5,1,0,0,8,0,0,0,0,1,1,6,6,2,29,6,1997,1,1,-1,9,E01025975,0,-1
2020501015978,2020,501015978,1,9,0,10,10,3,7,0,0,3,0,0,0,0,4,1,5,6,2,74,10,3996,1,20,JAGUAR S TYPE,8,E01015271,0,-1
202006E373185,2020,06E373185,2,9,0,4,4,8,4,0,0,0,0,0,0,0,2,1,2,2,1,49,8,2496,1,17,JAGUAR S TYPE,5,E01006180,0,-1
2020500925405,2020,500925405,1,9,0,18,19,8,5,0,0,1,0,0,0,0,1,1,6,6,2,68,10,2967,1,14,JAGUAR S TYPE,6,E01015252,0,-1
2020461011130,2020,461011130,1,9,0,5,5,3,6,0,0,3,0,7,0,0,1,1,2,2,1,40,7,2967,1,20,JAGUAR S TYPE,7,E01024067,0,-1
2020461002547,2020,461002547,1,9,0,9,9,2,8,0,0,0,0,0,1,0,4,1,6,6,1,79,11,2720,2,13,JAGUAR S TYPE,3,E01024534,0,-1
2020450960224,2020,450960224,2,9,0,17,19,5,1,0,0,0,0,0,0,0,3,1,5,6,2,76,11,2967,1,21,JAGUAR S TYPE,10,E01016589,0,-1
2020140982669,2020,140982669,1,9,0,9,9,5,2,0,0,1,0,0,0,0,4,1,6,6,3,-1,-1,2496,1,17,JAGUAR S TYPE,-1,-1,0,-1
2020440492537,2020,440492537,1,9,0,18,19,1,5,0,0,8,0,0,0,0,1,1,6,6,1,60,9,2720,2,14,JAGUAR S TYPE,9,E01022564,0,-1
2020010231179,2020,010231179,1,9,0,8,8,5,7,0,0,1,0,0,0,0,2,1,2,2,1,60,9,2720,2,13,JAGUAR S TYPE,-1,-1,0,-1
2020010248140,2020,010248140,1,9,0,18,19,1,5,0,0,1,0,10,1,1,4,1,6,6,3,-1,-1,2720,2,13,JAGUAR S TYPE,-1,-1,0,-1
2020010262111,2020,010262111,1,9,0,7,7,1,3,0,0,8,0,0,0,0,1,1,2,2,1,43,7,2720,2,13,JAGUAR S TYPE,4,E01023877,0,-1
2020040965358,2020,040965358,2,9,0,18,19,5,1,0,0,0,0,0,0,0,1,1,6,6,3,-1,-1,2967,1,18,JAGUAR S TYPE,-1,-1,0,-1
2020360964748,2020,360964748,2,9,0,18,19,5,2,0,0,0,0,0,0,0,1,1,5,6,1,79,11,2496,1,15,JAGUAR S TYPE,1,E01026626,0,-1
2020010285495,2020,010285495,1,9,0,18,19,5,1,0,0,2,0,0,0,0,3,1,6,6,2,67,10,2967,1,13,JAGUAR S TYPE,2,E01003069,0,-1
2020420982910,2020,420982910,1,9,0,18,19,5,1,0,0,4,0,0,0,0,1,1,6,6,1,20,4,2967,1,16,JAGUAR S TYPE,3,E01021594,0,-1
2020420994175,2020,420994175,1,9,0,9,9,7,5,0,0,1,0,0,0,0,3,1,2,2,2,58,9,2967,1,15,JAGUAR S TYPE,7,E01021920,0,-1
2020201026963,2020,201026963,1,9,0,3,3,6,2,0,0,0,0,0,0,0,2,1,6,6,1,49,8,2967,1,14,JAGUAR S TYPE,5,E01030094,0,-1
2020220978961,2020,220978961,1,9,0,16,19,6,1,0,0,0,0,0,0,0,1,1,5,6,2,32,6,2720,2,14,JAGUAR S TYPE,6,E01032466,0,-1
2020010245463,2020,010245463,1,9,0,1,1,4,8,0,0,2,0,0,0,0,2,2,6,6,1,70,10,2967,1,15,JAGUAR S TYPE,6,E01004379,0,-1
2020530920869,2020,530920869,2,9,0,16,19,2,6,0,0,0,0,0,0,0,1,1,5,6,1,69,10,2967,1,19,JAGUAR S TYPE,-1,-1,0,-1
2020500932798,2020,500932798,1,9,0,18,19,5,1,0,0,0,0,0,0,0,1,1,6,6,2,64,9,2720,2,14,JAGUAR S TYPE,5,E01020308,0,-1
2020141000921,2020,141000921,1,9,0,18,19,5,8,0,0,0,5,0,1,0,4,1,6,6,1,67,10,2720,2,14,JAGUAR S TYPE,2,E01028044,0,-1
2020122000668,2020,122000668,1,9,0,2,2,0,0,0,0,0,0,0,0,0,2,1,6,6,2,45,7,2720,2,14,JAGUAR S TYPE,10,E01013355,0,-1
2020400988187,2020,400988187,1,9,0,17,19,3,7,0,0,2,1,0,1,2,3,1,6,6,2,37,7,2967,1,21,JAGUAR S TYPE,8,E01015707,0,-1
2020211001588,2020,211001588,2,9,0,18,19,6,2,0,0,0,1,0,1,0,3,1,6,6,1,33,6,2720,2,16,JAGUAR S TYPE,9,E01009456,0,-1
2020340K04102,2020,340K04102,2,9,0,2,2,0,0,0,0,0,0,0,0,0,0,1,6,6,3,-1,-1,2967,1,18,JAGUAR S TYPE,-1,-1,0,-1
2020160992669,2020,160992669,2,9,0,9,9,3,1,0,0,8,0,0,0,0,3,1,5,6,1,77,11,2967,1,18,JAGUAR S TYPE,4,E01013314,0,-1
2020320167558,2020,320167558,1,9,0,18,19,4,8,0,0,0,0,0,1,4,1,1,6,6,1,30,6,2496,1,17,JAGUAR S TYPE,5,E01026052,0,-1
2020200986947,2020,200986947,2,9,0,18,19,6,2,0,0,0,0,0,0,0,1,1,1,1,1,61,9,2720,2,14,JAGUAR S TYPE,1,E01010130,0,-1
2020200972111,2020,200972111,1,9,0,13,13,8,4,0,0,0,0,0,0,0,4,1,6,6,1,85,11,2720,2,15,JAGUAR S TYPE,10,E01028845,0,-1
2020340E05682,2020,340E05682,3,9,0,2,2,0,0,0,0,8,0,0,0,0,4,1,6,6,1,72,10,2496,1,16,JAGUAR S TYPE,3,E01027035,0,-1
2020440322529,2020,440322529,6,9,0,18,19,3,7,0,0,2,0,0,0,0,1,1,6,6,2,59,9,2720,2,14,JAGUAR S TYPE,4,E01002576,0,-1
2020010231601,2020,010231601,2,9,0,99,99,9,9,99,99,9,9,99,9,99,1,9,6,6,3,49,8,2496,1,18,JAGUAR S TYPE,7,E01002972,0,-1
2020010260641,2020,010260641,2,9,0,3,3,5,1,0,0,2,0,0,0,0,1,1,6,6,1,83,11,2967,1,17,JAGUAR S TYPE,8,E01002320,0,-1
2020500974031,2020,500974031,1,9,0,18,19,6,2,0,0,1,0,0,0,0,3,1,5,6,1,75,10,2496,1,18,JAGUAR S TYPE,5,E01015135,0,-1
2020010239864,2020,010239864,1,9,0,99,99,9,9,99,99,9,9,99,9,99,2,9,6,6,1,49,8,2496,1,18,JAGUAR S TYPE,7,E01002972,0,-1
202031A131520,2020,31A131520,1,9,0,18,19,2,6,0,0,0,0,0,0,0,1,1,6,6,1,52,8,2967,1,18,JAGUAR S TYPE,2,E01028226,0,-1
2020161006527,2020,161006527,2,9,0,9,9,2,8,0,0,6,1,0,4,0,4,1,5,6,1,55,8,2967,1,19,JAGUAR S TYPE,-1,-1,0,-1
2020430283164,2020,430283164,1,9,0,18,19,7,3,0,0,0,0,0,0,0,3,1,6,6,1,57,9,2496,7,15,JAGUAR S TYPE,1,E01016744,0,-1
2020052001177,2020,052001177,1,9,0,14,14,4,8,0,0,0,0,0,0,0,4,1,6,6,3,-1,-1,2967,1,20,JAGUAR S TYPE,-1,-1,0,-1
20201376H0458,2020,1376H0458,1,9,0,18,19,4,8,0,0,6,0,0,0,0,1,1,6,6,1,74,10,2496,1,17,JAGUAR S TYPE,5,E01011215,0,-1
2020010254549,2020,010254549,1,9,0,5,5,1,5,0,0,1,0,0,0,0,1,1,6,6,1,52,8,2496,1,16,JAGUAR S TYPE,3,E01003438,0,-1
2020010238309,2020,010238309,1,4,0,18,19,5,1,0,0,1,2,0,0,0,3,1,6,6,1,48,8,553,1,22,-1,1,E01003045,0,-1
2020010268090,2020,010268090,1,5,0,99,99,9,9,99,99,9,9,99,9,99,9,1,6,6,1,52,8,553,1,23,-1,2,E01033712,0,-1
2020500929190,2020,500929190,2,9,0,18,19,2,6,0,0,0,5,0,0,0,1,1,6,6,1,63,9,999,1,14,KIA PICANTO,5,E01020299,0,-1
2020140974643,2020,140974643,2,9,0,18,19,2,2,0,0,1,0,0,0,0,1,1,6,6,2,32,6,998,1,6,KIA PICANTO,3,E01008028,0,-1
2020010235727,2020,010235727,2,9,0,5,5,5,1,0,0,6,0,0,0,0,0,1,6,6,2,64,9,1248,1,2,KIA PICANTO,4,E01000805,0,-1
2020010276834,2020,010276834,2,9,0,9,9,1,6,0,0,6,0,0,0,0,1,1,6,6,1,43,7,1248,1,2,KIA PICANTO,9,E01002537,0,-1
2020501014827,2020,501014827,1,9,0,16,19,2,6,0,0,0,2,0,1,0,1,1,5,6,2,27,6,998,1,7,KIA PICANTO,4,E01015077,0,-1
2020471002683,2020,471002683,1,9,0,18,19,1,4,0,0,4,0,0,0,0,1,1,6,6,1,87,11,1086,1,16,KIA PICANTO,8,E01031474,0,-1
202006G272882,2020,06G272882,1,9,0,18,19,2,6,0,0,1,0,0,0,0,1,1,6,6,3,-1,-1,998,1,2,KIA PICANTO,-1,-1,0,-1
2020552000247,2020,552000247,4,9,0,2,2,0,0,0,0,0,0,0,0,0,2,1,6,6,3,-1,-1,998,1,3,KIA PICANTO,-1,-1,0,-1
2020200946906,2020,200946906,1,9,0,7,7,1,2,0,0,6,0,0,0,0,1,1,6,6,1,21,5,1086,1,10,KIA PICANTO,10,E01032139,0,-1
2020040973471,2020,040973471,1,9,0,5,5,5,1,0,0,8,0,0,0,0,1,1,5,6,2,87,11,1086,1,11,KIA PICANTO,9,E01025545,0,-1
2020460937077,2020,460937077,1,9,0,18,19,7,3,0,0,0,0,0,0,0,1,1,5,6,1,77,11,998,1,7,KIA PICANTO,2,E01024192,0,-1
2020440003145,2020,440003145,2,9,0,18,19,8,4,0,0,8,0,0,0,0,1,1,6,6,1,74,10,998,1,2,KIA PICANTO,9,E01022766,0,-1
2020470996875,2020,470996875,1,9,0,18,19,1,5,0,0,1,0,4,0,0,1,1,5,6,2,73,10,998,1,7,KIA PICANTO,7,E01021220,0,-1
2020430427164,2020,430427164,2,9,0,18,19,6,2,0,0,1,5,0,0,0,4,1,6,6,1,25,5,1248,1,1,KIA PICANTO,5,E01016768,0,-1
2020470939782,2020,470939782,1,9,0,17,19,8,2,0,0,0,5,0,0,0,4,1,5,6,1,18,4,1086,1,10,KIA PICANTO,10,E01031737,0,-1
2020170M10290,2020,170M10290,2,9,0,7,7,3,5,0,0,8,0,0,0,0,3,1,6,6,1,49,8,999,1,14,KIA PICANTO,1,E01033469,0,-1
2020122100007,2020,122100007,1,9,0,18,19,5,1,0,0,1,1,0,1,7,1,1,6,6,2,20,4,998,1,3,KIA PICANTO,9,E01027856,0,-1
2020460918372,2020,460918372,2,9,0,18,19,7,3,0,0,0,0,0,0,0,2,1,6,6,2,48,8,1248,1,4,KIA PICANTO,4,E01016143,0,-1
2020990993928,2020,990993928,1,9,0,18,19,3,7,0,0,0,1,0,0,0,1,1,5,6,1,39,7,1086,1,12,KIA PICANTO,1,-1,0,-1
2020140918692,2020,140918692,1,9,0,5,5,5,1,0,0,6,5,0,0,0,2,1,5,6,2,62,9,998,1,8,KIA PICANTO,4,E01007728,0,-1
2020201018445,2020,201018445,1,9,0,18,19,4,8,0,0,0,0,0,0,0,1,1,6,6,2,21,5,1086,1,12,KIA PICANTO,1,E01009413,0,-1
202006A268253,2020,06A268253,2,9,0,5,5,3,7,0,0,0,0,0,0,0,1,1,6,6,2,31,6,998,1,5,KIA PICANTO,4,E01005298,0,-1
2020101006607,2020,101006607,2,9,0,6,6,7,3,0,0,0,0,0,0,0,3,1,5,6,2,59,9,998,1,5,KIA PICANTO,7,E01008342,0,-1
202006G275701,2020,06G275701,2,9,0,3,3,6,2,0,0,0,0,0,0,0,2,1,6,6,2,67,10,998,1,1,KIA PICANTO,3,E01005979,0,-1
2020460936161,2020,460936161,1,9,0,18,19,5,1,0,0,0,0,0,0,0,4,1,6,6,2,60,9,1086,1,13,KIA PICANTO,2,E01016140,0,-1
2020010252512,2020,010252512,2,9,0,4,4,3,7,0,0,1,0,0,0,0,2,1,6,6,2,48,8,1086,1,15,KIA PICANTO,2,E01003974,0,-1
2020140980320,2020,140980320,2,9,0,9,9,5,1,0,0,6,0,0,1,0,3,1,5,6,2,82,11,998,1,9,KIA PICANTO,3,E01032550,0,-1
2020420995529,2020,420995529,1,9,0,18,19,5,7,0,0,4,0,0,0,0,3,1,6,6,1,39,7,1248,1,1,KIA PICANTO,5,E01000820,0,-1
2020220965254,2020,220965254,3,9,0,17,19,6,3,0,0,0,0,0,0,0,1,1,6,6,1,19,4,1086,1,15,KIA PICANTO,5,E01032371,0,-1
2020440490686,2020,440490686,2,9,0,18,19,6,2,0,0,0,0,0,0,0,4,1,6,6,2,65,9,998,1,7,KIA PICANTO,6,E01033239,0,-1
2020110980547,2020,110980547,2,9,0,18,19,1,5,0,0,1,0,0,0,0,3,1,5,6,1,64,9,1248,1,1,KIA PICANTO,8,E01020750,0,-1
2020070496003,2020,070496003,1,9,0,18,19,2,8,0,0,8,0,0,0,0,1,1,6,6,1,89,11,999,1,13,KIA PICANTO,7,E01012547,0,-1
2020010263368,2020,010263368,1,9,0,4,4,7,3,0,0,0,0,0,0,0,2,1,6,6,2,50,8,1086,1,10,KIA PICANTO,8,E01002498,0,-1
2020440416499,2020,440416499,2,9,0,18,19,2,6,0,0,8,0,0,0,0,4,1,2,2,1,60,9,1248,1,3,KIA PICANTO,4,E01017198,0,-1
2020350922236,2020,350922236,2,9,0,18,19,5,1,0,0,0,1,0,1,0,1,1,5,6,2,31,6,1248,1,3,KIA PICANTO,4,E01026336,0,-1
2020460919871,2020,460919871,1,9,0,9,9,2,8,0,0,8,0,0,0,0,4,1,5,6,2,18,4,1248,1,2,KIA PICANTO,4,E01024570,0,-1
2020052002360,2020,052002360,1,9,0,18,19,5,1,0,0,0,0,0,0,0,3,1,3,7,2,37,7,1086,1,15,KIA PICANTO,1,E01006874,0,-1
2020450954252,2020,450954252,2,9,0,5,5,2,6,0,0,8,0,0,0,0,4,1,1,1,2,19,4,1086,1,10,KIA PICANTO,10,E01024748,0,-1
2020500954939,2020,500954939,2,9,0,10,10,8,6,0,0,0,0,0,0,0,2,1,2,2,2,57,9,999,1,15,KIA PICANTO,9,E01019964,0,-1
2020160967085,2020,160967085,2,9,0,3,3,6,2,0,0,0,0,0,0,0,2,1,5,6,2,35,6,998,1,9,KIA PICANTO,4,E01013207,0,-1
2020010279524,2020,010279524,1,9,0,18,19,5,1,0,0,0,0,0,0,0,1,1,6,6,2,48,8,1086,1,10,KIA PICANTO,2,E01000548,0,-1