collision_index,collision_year,collision_ref_no,vehicle_reference,vehicle_type,towing_and_articulation,vehicle_manoeuvre_historic,vehicle_manoeuvre,vehicle_direction_from,vehicle_direction_to,vehicle_location_restricted_lane_historic,vehicle_location_restricted_lane,junction_location,skidding_and_overturning,hit_object_in_carriageway,vehicle_leaving_carriageway,hit_object_off_carriageway,first_point_of_impact,vehicle_left_hand_drive,journey_purpose_of_driver_historic,journey_purpose_of_driver,sex_of_driver,age_of_driver,age_band_of_driver,engine_capacity_cc,propulsion_code,age_of_vehicle,generic_make_model,driver_imd_decile,lsoa_of_driver,escooter_flag,driver_distance_banding
2020010258035,2020,010258035,2,9,0,3,3,8,4,0,0,2,9,0,0,99,4,9,6,6,2,18,4,1248,1,5,KIA PICANTO,3,E01000245,0,-1
2020622000481,2020,622000481,2,9,0,3,3,6,2,0,0,1,0,0,0,0,2,1,6,6,2,21,5,998,1,9,KIA PICANTO,6,W01001076,0,-1
2020040931880,2020,040931880,2,9,0,18,19,7,7,0,0,1,5,0,0,0,1,1,6,6,1,80,11,1086,1,15,KIA PICANTO,-1,-1,0,-1
2020470992495,2020,470992495,1,9,0,18,19,2,6,0,0,0,0,0,0,0,1,2,6,6,2,68,10,1248,1,3,KIA PICANTO,9,E01031769,0,-1
2020470988149,2020,470988149,1,9,0,18,19,7,3,0,0,4,0,0,0,0,1,1,6,6,1,26,6,998,1,6,KIA PICANTO,7,E01016961,0,-1
202006Q267582,2020,06Q267582,1,9,0,18,19,2,6,0,0,0,0,0,0,0,4,1,6,6,1,74,10,1248,1,1,KIA PICANTO,9,E01005408,0,-1
2020137BR0931,2020,137BR0931,2,9,0,4,4,2,6,0,0,0,0,0,0,0,2,1,6,6,1,23,5,998,1,5,KIA PICANTO,7,E01011119,0,-1
2020122000197,2020,122000197,1,9,0,5,5,6,2,0,0,4,0,0,0,0,3,1,6,6,2,53,8,1248,1,2,KIA PICANTO,9,E01013341,0,-1
2020622000641,2020,622000641,1,9,0,18,19,6,2,0,0,0,0,0,0,0,1,1,6,6,1,44,7,999,1,11,KIA PICANTO,3,W01001900,0,-1
2020610010420,2020,610010420,2,9,0,18,19,3,7,0,0,8,0,0,0,0,1,1,2,2,1,36,7,999,1,10,KIA PICANTO,4,W01001671,0,-1
2020010234290,2020,010234290,1,9,0,18,19,7,3,0,0,6,0,0,0,0,1,1,6,6,2,32,6,998,1,7,KIA PICANTO,5,E01001074,0,-1
2020522003542,2020,522003542,1,9,0,4,4,1,3,0,0,4,0,0,0,0,2,1,6,6,2,46,8,1248,1,2,KIA PICANTO,9,E01014857,0,-1
2020340W02142,2020,340W02142,2,9,0,15,15,2,6,0,0,2,0,0,0,0,0,1,2,2,2,43,7,1248,1,2,KIA PICANTO,3,E01027035,0,-1
2020200997238,2020,200997238,2,9,0,11,11,2,6,0,0,1,1,0,0,0,2,1,6,6,1,40,7,1086,1,15,KIA PICANTO,5,E01032530,0,-1
2020460932438,2020,460932438,2,9,0,9,9,8,5,0,0,1,0,0,0,0,3,1,6,6,2,22,5,1248,1,4,KIA PICANTO,3,E01024149,0,-1
2020040927709,2020,040927709,1,9,0,18,19,8,4,0,0,2,0,0,0,0,3,1,6,6,2,83,11,1248,1,3,KIA PICANTO,8,E01025089,0,-1
2020400991898,2020,400991898,1,9,0,5,5,6,2,0,0,0,0,0,0,0,1,1,1,1,1,31,6,998,1,8,KIA PICANTO,3,E01017536,0,-1
2020440333339,2020,440333339,1,9,0,18,19,7,3,0,0,0,0,0,1,1,1,1,6,6,1,18,4,999,1,10,KIA PICANTO,6,E01023155,0,-1
2020220919059,2020,220919059,2,9,0,4,4,2,6,0,0,1,0,0,0,0,2,1,5,6,2,23,5,999,1,13,KIA PICANTO,8,E01028861,0,-1
2020460935533,2020,460935533,1,9,0,18,19,5,1,0,0,8,0,0,0,0,1,1,5,6,1,54,8,1248,1,3,KIA PICANTO,4,E01024167,0,-1
202006A372752,2020,06A372752,4,9,0,2,2,0,0,0,0,0,0,4,0,0,1,1,6,6,1,38,7,1086,1,14,KIA PICANTO,-1,-1,0,-1
2020160929771,2020,160929771,1,9,0,9,9,2,4,0,0,8,0,0,0,0,1,1,6,6,2,25,5,1086,1,15,KIA PICANTO,1,E01012842,0,-1
2020040930660,2020,040930660,1,9,0,9,9,7,4,0,0,5,0,0,0,0,3,1,1,1,1,44,7,1086,1,16,KIA PICANTO,3,E01012644,0,-1
2020552000095,2020,552000095,1,9,0,16,19,4,8,0,0,0,2,0,2,4,1,1,3,7,2,20,4,1086,1,15,KIA PICANTO,9,E01020446,0,-1
2020137A80653,2020,137A80653,1,9,0,18,19,4,8,0,0,8,0,7,1,4,1,1,6,6,2,77,11,1248,1,5,KIA PICANTO,10,E01011572,0,-1
2020500934177,2020,500934177,1,9,0,18,19,1,5,0,0,1,0,0,1,3,1,1,5,6,1,89,11,998,1,7,KIA PICANTO,8,E01015137,0,-1
2020990956601,2020,990956601,1,9,0,9,9,2,1,0,0,1,0,0,0,0,3,1,6,6,2,19,4,998,1,1,KIA PICANTO,-1,-1,0,-1
2020450932887,2020,450932887,2,9,0,18,19,3,5,0,0,6,0,0,0,0,2,1,5,6,2,36,7,1086,1,11,KIA PICANTO,6,E01024245,0,-1
2020350987059,2020,350987059,1,9,0,18,19,7,3,0,0,1,0,10,1,1,1,1,5,6,1,85,11,1248,1,2,KIA PICANTO,4,E01033430,0,-1
2020371010945,2020,371010945,1,9,0,17,19,6,2,0,0,0,5,0,1,0,-1,1,2,2,1,50,8,1086,1,16,KIA PICANTO,8,E01030015,0,-1
2020522100590,2020,522100590,1,9,0,18,19,6,2,0,0,1,0,0,0,0,1,1,6,6,2,18,4,999,1,10,KIA PICANTO,8,E01014425,0,-1
2020500979509,2020,500979509,4,9,0,4,4,1,5,0,0,0,0,0,0,0,2,1,5,6,2,20,4,1086,1,11,KIA PICANTO,8,E01024407,0,-1
2020622000577,2020,622000577,1,9,0,4,4,2,6,0,0,0,0,0,0,0,3,1,1,1,2,36,7,998,1,1,KIA PICANTO,2,W01000745,0,-1
2020401001089,2020,401001089,1,9,0,5,5,1,3,0,0,0,0,0,0,0,4,1,2,2,1,46,8,1248,1,8,KIA PICANTO,7,E01017510,0,-1
202006F278623,2020,06F278623,1,9,0,9,9,3,1,0,0,8,0,0,0,0,3,1,6,6,1,55,8,1086,1,13,KIA PICANTO,1,E01005206,0,-1
2020991009793,2020,991009793,2,9,0,17,19,7,3,0,0,8,0,0,0,0,1,1,5,6,1,58,9,998,1,1,KIA PICANTO,3,-1,0,-1
2020440397045,2020,440397045,1,9,0,7,7,5,7,0,0,8,0,0,0,0,4,1,6,6,1,60,9,999,1,11,KIA PICANTO,4,E01022834,0,-1
2020010271524,2020,010271524,1,9,0,18,19,3,7,0,0,8,0,0,0,0,1,1,1,1,1,60,9,1248,1,1,KIA PICANTO,3,E01000642,0,-1
2020552000222,2020,552000222,2,9,0,8,8,1,4,0,0,1,0,0,0,0,2,1,6,6,1,73,10,1248,1,2,KIA PICANTO,10,E01015433,0,-1
202063C074320,2020,63C074320,2,9,0,2,2,0,0,0,0,0,0,0,0,0,3,1,6,6,2,-1,-1,998,1,8,KIA PICANTO,8,W01000569,0,-1
2020552000393,2020,552000393,1,9,0,18,19,6,2,0,0,0,0,0,0,0,1,1,6,6,1,24,5,1248,1,2,KIA PICANTO,7,E01020354,0,-1
2020990986446,2020,990986446,3,9,0,18,19,7,3,0,0,1,0,0,0,0,1,1,6,6,1,75,10,999,1,11,KIA PICANTO,2,-1,0,-1
2020410971474,2020,410971474,1,9,0,7,7,5,7,0,0,7,0,7,0,0,1,1,5,6,2,79,11,1248,1,5,KIA PICANTO,6,E01023751,0,-1
2020201001523,2020,201001523,1,9,0,9,9,8,6,0,0,5,0,0,0,0,1,1,6,6,1,83,11,998,1,3,KIA PICANTO,4,E01009871,0,-1
2020471010135,2020,471010135,1,9,0,5,5,2,6,0,0,1,0,0,1,11,1,1,5,6,2,77,11,1086,1,10,KIA PICANTO,5,E01031501,0,-1
2020010286639,2020,010286639,2,9,0,4,4,3,7,0,0,6,0,0,0,0,1,1,6,6,1,23,5,1248,1,6,KIA PICANTO,10,E01000423,0,-1
2020371014326,2020,371014326,2,9,0,7,7,7,3,0,0,4,0,0,0,0,1,1,5,6,1,49,8,1248,1,5,KIA PICANTO,5,E01030281,0,-1
2020420946703,2020,420946703,2,9,0,9,9,6,3,0,0,0,0,0,0,0,1,1,5,6,2,75,10,999,1,11,KIA PICANTO,3,E01021726,0,-1
202054A098420,2020,54A098420,2,9,0,18,19,1,5,0,0,8,0,0,0,0,4,1,6,6,2,20,4,1086,1,15,KIA PICANTO,3,E01015503,0,-1
2020010283449,2020,010283449,2,9,0,99,99,9,9,99,99,9,9,99,9,99,2,9,6,6,3,-1,-1,1248,1,0,KIA PICANTO,3,E01001969,0,-1
2020460936163,2020,460936163,2,9,0,18,19,1,5,0,0,0,0,0,0,0,1,1,6,6,2,81,11,999,1,9,KIA PICANTO,4,E01024387,0,-1
2020370940266,2020,370940266,1,9,0,11,11,5,1,0,0,0,0,0,0,0,4,1,5,6,2,76,11,998,1,6,KIA PICANTO,9,E01033316,0,-1
202031A171420,2020,31A171420,1,9,0,18,19,4,8,0,0,0,0,0,0,0,1,1,2,2,1,26,6,1086,1,16,KIA PICANTO,2,E01028227,0,-1
2020450960303,2020,450960303,1,9,0,9,9,3,1,0,0,8,0,0,0,0,1,1,5,6,2,17,4,998,1,6,KIA PICANTO,10,E01030398,0,-1
2020010252796,2020,010252796,1,9,0,18,19,5,1,0,0,8,1,0,0,0,3,1,1,1,1,50,8,1086,1,15,KIA PICANTO,4,E01003452,0,-1
2020450939963,2020,450939963,2,9,0,9,9,1,3,0,0,2,0,0,0,0,3,1,1,1,2,22,5,998,1,2,KIA PICANTO,7,E01030993,0,-1
2020990922740,2020,990922740,1,9,0,7,7,8,2,0,0,8,0,0,0,0,1,1,6,6,1,60,9,1086,1,14,KIA PICANTO,4,-1,0,-1
2020320146855,2020,320146855,1,9,0,17,19,5,1,0,0,0,5,0,7,9,1,1,2,2,1,19,4,1248,1,5,KIA PICANTO,3,E01026064,0,-1
202031D038720,2020,31D038720,2,9,0,18,19,5,1,0,0,1,0,0,7,0,1,1,6,6,2,45,7,999,1,8,KIA PICANTO,2,E01013856,0,-1
202006M271413,2020,06M271413,1,9,0,9,9,7,4,0,0,2,0,0,0,0,1,1,6,6,1,68,10,1086,1,16,KIA PICANTO,3,E01006171,0,-1
2020070419394,2020,070419394,2,9,0,18,19,3,7,0,0,4,0,9,0,0,2,1,1,1,1,36,7,1086,1,15,KIA PICANTO,6,E01018425,0,-1
2020500962835,2020,500962835,1,9,0,18,19,3,7,0,0,0,0,0,0,0,1,1,6,6,3,-1,-1,999,1,10,KIA PICANTO,-1,-1,0,-1
2020010278891,2020,010278891,2,9,0,99,99,9,9,99,99,9,9,99,9,99,1,9,6,6,3,-1,-1,1086,1,12,KIA PICANTO,1,E01000643,0,-1
2020160941407,2020,160941407,1,9,0,18,19,8,4,0,0,4,0,0,0,0,1,1,5,6,3,-1,-1,999,1,10,KIA PICANTO,-1,-1,0,-1
2020201017852,2020,201017852,2,9,0,18,19,6,2,0,0,0,0,4,0,0,3,1,6,6,1,47,8,999,1,9,KIA PICANTO,2,E01010261,0,-1
2020040935041,2020,040935041,2,9,0,18,19,5,1,0,0,1,0,0,0,0,1,1,5,6,2,63,9,998,1,9,KIA PICANTO,7,E01024961,0,-1
2020522100104,2020,522100104,1,9,0,2,2,0,0,0,0,0,0,0,0,0,2,1,6,6,2,90,11,999,1,14,KIA PICANTO,10,E01014457,0,-1
2020430368699,2020,430368699,1,9,0,10,10,1,7,0,0,1,0,0,0,0,2,1,3,7,1,31,6,998,1,1,KIA PICANTO,-1,-1,0,-1
2020552100023,2020,552100023,2,9,0,18,19,2,6,0,0,0,1,4,7,9,1,1,6,6,1,20,4,1086,1,14,KIA PICANTO,6,E01020449,0,-1
2020211024912,2020,211024912,1,9,0,7,7,3,6,0,0,8,0,0,0,0,1,1,6,6,1,30,6,1248,1,2,KIA PICANTO,3,E01014323,0,-1
2020010263010,2020,010263010,2,9,9,99,99,9,9,99,99,9,9,99,9,99,9,9,6,6,3,-1,-1,999,1,10,KIA PICANTO,-1,-1,0,-1
2020110960569,2020,110960569,1,9,0,18,19,4,8,0,0,0,0,0,0,0,1,1,6,6,2,77,11,998,1,6,KIA PICANTO,5,E01020620,0,-1
2020200990581,2020,200990581,2,9,0,18,19,6,2,0,0,8,1,0,0,0,4,1,6,6,1,43,7,999,1,10,KIA PICANTO,1,E01009339,0,-1
2020470992546,2020,470992546,2,9,0,10,10,5,3,0,0,6,0,0,0,0,1,1,5,6,2,85,11,999,1,12,KIA PICANTO,3,E01021016,0,-1
2020141009536,2020,141009536,1,9,0,15,15,6,2,0,0,0,0,0,0,0,2,1,6,6,2,24,5,1086,1,15,KIA PICANTO,1,E01007341,0,-1
2020450927503,2020,450927503,1,9,0,18,19,7,3,0,0,0,5,0,0,0,1,1,1,1,2,43,7,998,1,3,KIA PICANTO,5,E01030482,0,-1
2020160939410,2020,160939410,1,9,0,16,19,1,5,0,0,1,0,4,0,0,1,1,6,6,2,62,9,1248,1,2,KIA PICANTO,3,E01012980,0,-1
2020400920077,2020,400920077,1,9,0,18,19,7,3,0,0,4,0,0,0,0,1,1,6,6,2,35,6,998,1,8,KIA PICANTO,2,E01015705,0,-1
2020340N04042,2020,340N04042,2,9,0,3,3,3,7,0,0,8,0,0,0,0,1,1,6,6,2,36,7,1248,1,2,KIA PICANTO,7,E01027135,0,-1
2020210962129,2020,210962129,1,9,0,16,19,1,5,0,0,1,0,0,0,0,1,1,5,6,2,19,4,1248,1,2,KIA PICANTO,8,E01009464,0,-1
2020200998554,2020,200998554,1,9,0,10,10,8,7,0,0,8,0,0,0,0,2,1,2,2,2,54,8,998,1,1,KIA PICANTO,7,E01029391,0,-1
2020410931295,2020,410931295,2,9,-1,-1,-1,-1,-1,-1,-1,-1,-1,-1,-1,0,-1,1,6,6,2,29,6,1086,1,13,KIA PICANTO,6,E01023915,0,-1
2020340K00692,2020,340K00692,2,9,0,14,14,2,6,0,0,0,0,0,0,0,4,1,2,2,2,56,9,999,1,11,KIA PICANTO,5,E01027091,0,-1
2020010254069,2020,010254069,1,9,0,8,8,1,3,0,0,1,0,0,0,0,1,1,6,6,1,21,5,1248,1,8,KIA PICANTO,4,E01001276,0,-1
2020010241973,2020,010241973,2,9,0,5,5,7,3,0,0,6,1,0,0,0,4,1,6,6,1,48,8,1248,1,2,KIA PICANTO,5,E01000512,0,-1
2020622001087,2020,622001087,1,9,0,12,12,5,2,0,0,8,0,0,0,0,3,1,6,6,2,37,7,1086,1,14,KIA PICANTO,4,W01001832,0,-1
2020400985286,2020,400985286,1,9,0,18,19,7,3,0,0,4,0,0,0,0,0,1,5,6,1,81,11,1086,1,11,KIA PICANTO,10,E01017443,0,-1
2020302001130,2020,302001130,2,9,0,5,5,4,8,0,0,2,5,0,0,0,1,1,6,6,2,27,6,998,1,8,KIA PICANTO,7,E01019418,0,-1
2020371023987,2020,371023987,4,9,0,4,4,5,1,0,0,0,0,0,0,0,2,1,5,6,1,31,6,1248,1,1,KIA PICANTO,3,E01029985,0,-1
2020230956912,2020,230956912,1,9,0,18,19,4,8,0,0,8,0,0,0,0,3,1,5,6,2,56,9,999,1,15,KIA PICANTO,3,E01009544,0,-1
2020500934278,2020,500934278,2,9,0,3,3,7,3,0,0,0,0,0,0,0,2,1,5,6,1,23,5,999,1,11,KIA PICANTO,5,E01018853,0,-1
2020470929175,2020,470929175,1,9,0,18,19,7,3,0,0,2,0,0,0,0,1,1,2,2,1,28,6,1248,1,9,KIA PICANTO,5,E01016851,0,-1
2020010245978,2020,010245978,2,9,0,99,99,9,9,99,99,9,9,99,9,99,9,9,6,6,3,-1,-1,1086,1,10,KIA PICANTO,-1,-1,0,-1
2020010286072,2020,010286072,1,9,0,99,99,9,9,99,99,9,9,0,0,0,3,9,6,6,2,75,10,998,1,7,KIA PICANTO,4,E01004484,0,-1
2020440475481,2020,440475481,3,9,0,18,19,1,7,0,0,1,1,0,0,0,1,1,6,6,2,45,7,999,1,11,KIA PICANTO,5,E01017369,0,-1
2020460985379,2020,460985379,1,9,0,5,5,6,2,0,0,0,0,0,1,0,1,1,6,6,1,81,11,998,1,3,KIA PICANTO,5,E01016088,0,-1
2020201027025,2020,201027025,1,9,0,14,14,4,8,0,0,1,0,0,0,0,1,1,6,6,2,-1,-1,1086,1,13,KIA PICANTO,-1,-1,0,-1
2020010239309,2020,010239309,1,9,0,18,19,5,1,0,0,0,0,0,0,0,1,1,6,6,1,47,8,998,1,9,KIA PICANTO,4,E01002704,0,-1
202063C007420,2020,63C007420,2,9,0,4,4,2,8,0,0,1,0,0,0,0,2,1,1,1,1,41,7,998,1,7,KIA PICANTO,5,W01000576,0,-1
2020440046707,2020,440046707,1,9,0,4,4,1,5,0,0,1,0,0,0,0,2,1,6,6,2,54,8,1086,1,16,KIA PICANTO,5,E01017131,0,-1
2020210961257,2020,210961257,1,9,0,9,9,8,6,0,0,8,0,0,0,0,1,1,2,2,2,39,7,1086,1,12,KIA PICANTO,2,E01010477,0,-1
2020460943547,2020,460943547,2,9,0,15,15,7,3,0,0,8,0,0,7,10,3,1,2,2,2,66,10,1086,1,10,KIA PICANTO,4,E01024132,0,-1
2020200979535,2020,200979535,2,9,0,18,19,4,8,0,0,8,0,0,0,0,1,1,6,6,2,70,10,999,1,11,KIA PICANTO,7,E01032170,0,-1
2020990986818,2020,990986818,1,9,0,7,7,7,1,0,0,6,0,0,0,0,3,1,2,2,1,46,8,999,1,9,KIA PICANTO,7,-1,0,-1
2020450995636,2020,450995636,1,9,0,18,19,1,5,0,0,0,2,0,2,10,1,1,5,6,1,22,5,1248,1,8,KIA PICANTO,10,E01030924,0,-1
2020052000765,2020,052000765,2,9,0,10,10,4,8,0,0,1,0,0,0,0,2,1,2,2,2,28,6,1086,1,15,KIA PICANTO,4,E01007001,0,-1
2020100938604,2020,100938604,2,9,0,4,4,3,7,0,0,0,1,0,0,0,3,1,5,6,1,35,6,998,1,2,KIA PICANTO,3,E01008576,0,-1
2020010256587,2020,010256587,2,9,0,4,4,7,3,0,0,8,0,0,0,0,2,1,6,6,2,33,6,1248,1,2,KIA PICANTO,6,E01001268,0,-1
2020052001696,2020,052001696,1,9,0,18,19,5,1,0,0,8,0,4,7,11,1,1,6,6,2,90,11,1086,1,16,KIA PICANTO,5,E01006946,0,-1
2020351000123,2020,351000123,2,9,0,18,19,5,1,0,0,8,5,0,0,0,4,1,5,6,2,55,8,1086,1,11,KIA PICANTO,8,E01023660,0,-1
2020220927804,2020,220927804,1,9,0,9,9,7,5,0,0,4,0,0,0,0,1,1,5,6,2,22,5,998,1,1,KIA PICANTO,7,E01014075,0,-1
2020440297297,2020,440297297,1,9,0,9,9,3,1,0,0,8,0,0,0,0,4,1,2,2,2,48,8,999,1,10,KIA PICANTO,6,E01023008,0,-1
2020470966255,2020,470966255,1,9,0,18,19,3,7,0,0,1,5,7,0,0,1,1,5,6,2,63,9,998,1,3,KIA PICANTO,8,E01020963,0,-1
2020201000639,2020,201000639,2,9,0,18,19,1,5,0,0,8,0,0,0,0,1,1,6,6,1,26,6,1086,1,14,KIA PICANTO,5,E01009449,0,-1
2020470929917,2020,470929917,2,9,0,18,19,1,6,0,0,0,0,0,0,0,4,1,6,6,2,77,11,998,1,6,KIA PICANTO,5,E01031577,0,-1
2020350948953,2020,350948953,1,9,0,18,19,5,1,0,0,0,0,0,0,0,1,1,6,6,1,46,8,1248,1,2,KIA PICANTO,6,E01018186,0,-1
2020220998502,2020,220998502,1,9,0,18,19,7,3,0,0,0,0,0,0,0,3,1,5,6,1,37,7,1248,1,7,KIA PICANTO,2,E01032377,0,-1
2020350970444,2020,350970444,2,9,0,4,4,7,3,0,0,1,0,0,0,0,2,1,6,6,2,63,9,1248,1,6,KIA PICANTO,5,E01017954,0,-1
202031A053620,2020,31A053620,1,9,0,18,19,8,4,0,0,0,0,0,1,11,1,1,6,6,2,62,9,1248,1,8,KIA PICANTO,3,E01027954,0,-1
2020010253195,2020,010253195,2,9,0,99,99,9,9,0,0,9,0,0,0,0,9,9,-1,-1,3,-1,-1,999,1,14,KIA PICANTO,-1,-1,0,-1
2020420998748,2020,420998748,1,9,0,4,4,4,2,0,0,0,0,0,0,0,4,1,6,6,2,26,6,998,1,5,KIA PICANTO,-1,-1,0,-1
2020010264204,2020,010264204,1,9,0,99,99,9,9,99,99,9,9,99,9,99,9,9,6,6,2,37,7,1248,1,7,KIA PICANTO,8,E01001402,0,-1
2020010281819,2020,010281819,1,9,0,3,3,1,5,0,0,0,0,0,0,0,1,2,2,2,2,21,5,999,1,10,KIA PICANTO,8,E01003421,0,-1
2020461010496,2020,461010496,1,9,0,10,10,3,5,0,0,1,0,0,0,0,4,1,5,6,2,29,6,1086,1,15,KIA PICANTO,6,E01024360,0,-1
2020052001129,2020,052001129,2,9,0,18,19,5,1,0,0,0,0,0,0,0,1,1,6,6,2,50,8,998,1,1,KIA PICANTO,4,E01007174,0,-1
2020010233013,2020,010233013,1,9,0,99,99,9,9,99,99,9,9,99,9,99,1,9,6,6,2,23,5,1248,1,3,KIA PICANTO,2,E01001912,0,-1
2020137120285,2020,137120285,1,9,0,18,19,3,7,0,0,8,0,0,0,0,1,1,6,6,2,43,7,999,1,11,KIA PICANTO,1,E01011094,0,-1
2020430054639,2020,430054639,1,9,0,18,19,8,4,0,0,1,0,0,0,0,1,1,2,2,2,26,6,1248,1,3,KIA PICANTO,4,E01033420,0,-1
2020010231107,2020,010231107,2,9,0,99,99,9,9,99,99,9,9,99,9,99,1,9,6,6,3,-1,-1,1086,1,15,KIA PICANTO,-1,-1,0,-1
2020350966479,2020,350966479,2,9,0,18,19,4,8,0,0,0,0,0,0,0,1,1,2,2,2,20,4,1086,1,15,KIA PICANTO,8,E01018277,0,-1
2020360943810,2020,360943810,3,9,0,3,3,7,5,0,0,1,0,0,0,0,2,1,5,6,2,43,7,998,1,7,KIA PICANTO,5,E01026438,0,-1
2020622001032,2020,622001032,2,9,0,10,10,4,8,0,0,1,0,0,0,0,2,1,6,6,2,66,10,998,1,8,KIA PICANTO,4,W01001155,0,-1
2020430015510,2020,430015510,1,9,0,18,19,2,6,0,0,0,0,0,0,0,1,1,6,6,1,56,9,1248,1,1,KIA PICANTO,7,E01027135,0,-1
2020411017385,2020,411017385,1,9,0,18,19,2,6,0,0,0,0,0,0,0,1,1,6,6,2,25,5,1248,1,8,KIA PICANTO,10,E01023657,0,-1
2020450920686,2020,450920686,1,9,0,18,19,1,5,0,0,0,0,0,0,0,1,1,5,6,2,27,6,998,1,2,KIA PICANTO,8,E01030347,0,-1
2020010251544,2020,010251544,1,9,0,99,99,9,9,99,99,1,9,99,9,99,2,9,6,6,1,32,6,999,1,11,KIA PICANTO,4,E01002596,0,-1
2020040994754,2020,040994754,1,9,0,9,9,1,5,0,0,0,0,0,0,0,1,1,6,6,2,24,5,1086,1,11,KIA PICANTO,2,E01024881,0,-1
2020430126222,2020,430126222,1,9,0,18,19,4,8,0,0,0,0,0,7,4,1,1,6,6,1,52,8,1086,1,11,KIA PICANTO,7,E01016216,0,-1
2020200968484,2020,200968484,1,9,0,18,19,2,6,0,0,0,5,10,2,4,1,1,6,6,2,72,10,1248,1,1,KIA PICANTO,5,E01009023,0,-1
2020302000283,2020,302000283,2,9,0,4,4,8,4,0,0,8,0,0,0,0,2,1,2,2,1,28,6,999,1,13,KIA PICANTO,3,E01019400,0,-1
2020990926438,2020,990926438,1,9,0,18,19,3,7,0,0,0,0,0,0,0,1,1,2,2,2,26,6,998,1,1,KIA PICANTO,5,-1,0,-1
2020410945918,2020,410945918,1,9,0,18,19,1,5,9,9,3,5,0,7,1,1,1,2,2,1,18,4,1086,1,14,KIA PICANTO,10,E01023364,0,-1
2020340S04852,2020,340S04852,2,9,0,2,2,0,0,0,0,0,0,0,0,0,3,1,6,6,1,55,8,1248,1,3,KIA PICANTO,9,E01032985,0,-1
2020010239343,2020,010239343,1,9,0,99,99,9,9,99,99,2,9,99,9,99,1,1,6,6,3,-1,-1,1086,1,10,KIA PICANTO,2,E01001775,0,-1
2020501017495,2020,501017495,2,9,0,18,19,3,7,0,0,0,0,0,0,0,1,1,2,2,2,24,5,998,1,6,KIA PICANTO,7,E01019960,0,-1
2020010240062,2020,010240062,1,9,0,99,99,9,9,99,99,9,9,99,9,99,9,9,6,6,2,71,10,1248,1,6,KIA PICANTO,3,E01004022,0,-1
2020360946758,2020,360946758,1,9,0,4,4,7,3,0,0,1,0,0,0,0,1,1,5,6,1,23,5,998,1,4,KIA PICANTO,6,E01026842,0,-1
2020460981805,2020,460981805,2,9,0,2,2,0,0,0,0,1,0,0,0,0,1,1,5,6,1,55,8,999,1,10,KIA PICANTO,5,E01024711,0,-1
2020470930887,2020,470930887,1,9,0,11,11,2,6,0,0,0,0,0,1,7,1,1,2,2,1,22,5,1248,1,7,KIA PICANTO,3,E01017007,0,-1
2020471005305,2020,471005305,1,9,0,16,19,7,2,0,0,0,0,6,7,11,1,1,5,6,2,83,11,1086,1,11,KIA PICANTO,8,E01031618,0,-1
2020990986742,2020,990986742,1,9,0,6,6,1,8,0,0,0,0,0,0,0,0,1,6,6,2,52,8,998,1,1,KIA PICANTO,1,-1,0,-1
2020101002380,2020,101002380,1,9,0,18,19,5,1,0,0,0,0,0,2,10,1,1,5,6,2,49,8,1086,1,11,KIA PICANTO,2,E01020748,0,-1
2020137A31396,2020,137A31396,1,9,0,18,19,3,7,0,0,0,1,0,0,0,1,1,6,6,2,31,6,998,1,6,KIA PICANTO,1,E01010833,0,-1
2020460936545,2020,460936545,1,9,0,18,19,8,4,0,0,0,0,0,0,0,1,1,2,2,2,73,10,999,1,9,KIA PICANTO,6,E01024679,0,-1
2020137621784,2020,137621784,2,9,0,18,19,5,1,0,0,8,0,0,0,0,1,1,6,6,2,20,4,998,1,6,KIA PICANTO,7,E01027788,0,-1
2020360939046,2020,360939046,2,9,0,18,19,3,7,0,0,2,0,0,0,0,3,1,2,2,2,26,6,1248,1,8,KIA PICANTO,5,E01026866,0,-1
2020461012081,2020,461012081,1,9,0,7,7,1,2,0,0,1,0,0,0,0,3,1,6,6,2,64,9,999,1,11,KIA PICANTO,2,E01024398,0,-1
2020410927745,2020,410927745,4,9,0,18,19,4,8,0,0,0,0,0,0,0,1,1,1,1,2,20,4,1248,1,1,KIA PICANTO,4,E01023395,0,-1
20201378H1327,2020,1378H1327,2,9,0,2,2,0,0,0,0,0,0,0,0,0,3,1,6,6,3,-1,-1,998,1,9,KIA PICANTO,9,E01011117,0,-1
2020230959985,2020,230959985,2,9,0,18,19,5,1,0,0,0,0,0,0,0,2,1,5,6,2,76,11,1086,1,11,KIA PICANTO,9,E01031200,0,-1
2020549328220,2020,549328220,2,9,0,18,19,8,4,0,0,1,0,0,0,0,4,1,6,6,2,77,11,998,1,0,KIA PICANTO,5,E01031937,0,-1