collision_index,collision_year,collision_ref_no,vehicle_reference,vehicle_type,towing_and_articulation,vehicle_manoeuvre_historic,vehicle_manoeuvre,vehicle_direction_from,vehicle_direction_to,vehicle_location_restricted_lane_historic,vehicle_location_restricted_lane,junction_location,skidding_and_overturning,hit_object_in_carriageway,vehicle_leaving_carriageway,hit_object_off_carriageway,first_point_of_impact,vehicle_left_hand_drive,journey_purpose_of_driver_historic,journey_purpose_of_driver,sex_of_driver,age_of_driver,age_band_of_driver,engine_capacity_cc,propulsion_code,age_of_vehicle,generic_make_model,driver_imd_decile,lsoa_of_driver,escooter_flag,driver_distance_banding
2020430149106,2020,430149106,2,9,0,18,19,4,8,0,0,0,0,0,0,0,1,1,6,6,2,69,10,998,1,5,KIA PICANTO,9,E01016263,0,-1
2020351019544,2020,351019544,2,9,0,18,19,4,8,0,0,0,0,0,0,0,2,1,1,1,1,28,6,999,1,11,KIA PICANTO,5,E01018157,0,-1
2020470941144,2020,470941144,1,9,0,9,9,2,8,0,0,8,0,0,0,0,1,1,5,6,1,21,5,1248,1,0,KIA PICANTO,7,E01016913,0,-1
2020430438121,2020,430438121,1,9,0,5,5,8,4,0,0,0,0,0,0,0,3,1,6,6,2,35,6,998,1,0,KIA PICANTO,10,E01016702,0,-1
202031B015020,2020,31B015020,1,9,0,18,19,6,2,0,0,2,0,0,0,0,1,1,6,6,2,92,11,1086,1,16,KIA PICANTO,8,E01028351,0,-1
2020470994903,2020,470994903,3,9,0,4,4,4,8,0,0,1,0,0,0,0,2,1,6,6,2,27,6,1248,1,4,KIA PICANTO,3,E01017349,0,-1
2020137BO1235,2020,137BO1235,1,9,0,9,9,4,2,0,0,5,0,0,0,0,1,1,2,2,1,60,9,998,1,1,KIA PICANTO,2,E01011754,0,-1
2020220925109,2020,220925109,1,9,0,9,9,7,5,9,9,6,0,0,0,0,1,1,2,2,1,28,6,998,1,1,KIA PICANTO,9,E01032231,0,-1
2020460953675,2020,460953675,2,9,0,18,19,3,7,0,0,3,0,0,0,0,2,1,6,6,1,39,7,1248,1,8,KIA PICANTO,2,E01024294,0,-1
2020360942703,2020,360942703,3,9,0,4,4,7,3,0,0,0,0,0,0,0,2,1,6,6,2,-1,-1,1248,1,6,KIA PICANTO,4,E01026458,0,-1
2020041008071,2020,041008071,1,9,0,18,19,7,3,0,0,0,0,4,0,0,4,1,5,6,2,43,7,1086,1,15,KIA PICANTO,1,E01012679,0,-1
2020360919522,2020,360919522,3,9,0,3,3,7,3,0,0,0,0,0,0,0,2,1,5,6,2,41,7,998,1,5,KIA PICANTO,1,E01026604,0,-1
202031C044520,2020,31C044520,1,9,0,18,19,4,8,0,0,0,0,0,0,0,4,1,6,6,2,41,7,1086,1,16,KIA PICANTO,1,E01007875,0,-1
2020420992740,2020,420992740,2,9,0,18,19,6,2,0,0,1,0,0,0,0,1,1,5,6,2,50,8,998,1,1,KIA PICANTO,10,E01033053,0,-1
2020052000225,2020,052000225,2,9,0,18,19,6,2,0,0,0,0,0,0,0,2,1,1,1,2,38,7,999,1,10,KIA PICANTO,1,E01007089,0,-1
2020370961745,2020,370961745,2,9,0,2,2,0,0,0,0,0,0,4,0,0,1,1,5,6,2,85,11,1248,1,7,KIA PICANTO,3,E01029918,0,-1
2020440242635,2020,440242635,1,9,0,18,19,5,1,0,0,8,0,0,0,0,3,1,6,6,2,65,9,1248,1,3,KIA PICANTO,2,E01017331,0,-1
2020201020803,2020,201020803,1,9,0,5,5,5,1,0,0,6,0,0,0,0,3,1,6,6,2,34,6,1086,1,9,KIA PICANTO,5,E01009905,0,-1
2020110940504,2020,110940504,2,9,0,18,19,3,7,0,0,1,0,0,0,0,4,1,5,6,2,23,5,1086,1,10,KIA PICANTO,1,E01008223,0,-1
2020990945647,2020,990945647,1,9,0,9,9,2,7,0,0,6,0,0,0,0,1,1,5,6,2,26,6,998,1,8,KIA PICANTO,-1,-1,0,-1
2020370939355,2020,370939355,2,9,0,2,2,5,1,0,0,1,0,0,0,0,2,1,5,6,2,43,7,998,1,3,KIA PICANTO,4,E01033430,0,-1
2020990972753,2020,990972753,2,9,0,18,19,5,1,0,0,1,0,0,0,0,1,1,5,6,1,51,8,1248,1,5,KIA PICANTO,2,-1,0,-1
20201374R1026,2020,1374R1026,1,9,0,18,19,8,4,0,0,4,0,0,0,0,3,1,6,6,2,55,8,998,1,2,KIA PICANTO,4,E01011727,0,-1
2020450988672,2020,450988672,1,9,0,18,19,5,1,0,0,0,0,0,0,0,2,1,5,6,2,37,7,999,1,11,KIA PICANTO,9,E01030932,0,-1
2020010283421,2020,010283421,2,9,0,99,99,9,9,99,99,9,9,99,0,0,9,9,6,6,3,-1,-1,1086,1,16,KIA PICANTO,2,E01002615,0,-1
2020450959342,2020,450959342,1,9,0,5,5,1,5,0,0,0,0,0,0,0,4,1,2,2,2,18,4,999,1,10,KIA PICANTO,8,E01030698,0,-1
2020350934065,2020,350934065,1,9,0,18,19,2,6,0,0,0,0,0,0,0,1,1,2,2,2,18,4,1248,1,8,KIA PICANTO,7,E01023662,0,-1
2020500942355,2020,500942355,2,9,0,18,19,4,8,0,0,0,0,4,0,0,4,1,5,6,2,73,10,1248,1,5,KIA PICANTO,8,E01020171,0,-1
2020010235001,2020,010235001,1,9,0,18,19,7,3,0,0,6,0,0,0,0,3,1,6,6,2,55,8,1086,1,10,KIA PICANTO,4,E01003077,0,-1
2020170M21250,2020,170M21250,1,9,0,18,19,6,2,0,0,0,0,0,0,0,1,1,6,6,2,18,4,998,1,7,KIA PICANTO,7,E01012149,0,-1
2020410945056,2020,410945056,2,9,0,18,19,3,7,0,0,2,0,0,0,0,1,1,6,6,2,64,9,1248,1,5,KIA PICANTO,8,E01023763,0,-1
2020040977187,2020,040977187,1,9,0,7,7,3,7,0,0,0,5,0,1,4,1,1,6,6,2,51,8,999,1,11,KIA PICANTO,5,E01012690,0,-1
2020501008741,2020,501008741,2,9,0,18,19,1,5,0,0,0,0,0,7,0,2,1,5,6,2,70,10,998,1,4,KIA PICANTO,5,E01018981,0,-1
2020522100248,2020,522100248,5,9,0,2,2,0,0,0,0,1,0,0,0,0,1,1,6,6,3,-1,-1,999,1,14,KIA PICANTO,-1,-1,0,-1
2020170L30120,2020,170L30120,1,9,0,18,19,6,2,0,0,0,0,7,0,0,1,1,6,6,1,69,10,1248,1,6,KIA PICANTO,7,E01012186,0,-1
2020040969542,2020,040969542,1,9,0,18,19,6,2,0,0,0,0,4,0,0,1,1,2,2,1,44,7,1248,1,4,KIA PICANTO,1,E01024898,0,-1
2020440053336,2020,440053336,1,9,0,5,5,6,2,0,0,0,0,0,0,0,1,1,6,6,2,75,10,1248,1,4,KIA PICANTO,7,E01023185,0,-1
2020470935434,2020,470935434,1,9,0,18,19,1,5,0,0,0,0,0,7,4,1,1,5,6,1,60,9,1086,1,10,KIA PICANTO,6,E01021200,0,-1
2020501015277,2020,501015277,2,9,0,5,5,6,3,0,0,6,0,0,0,0,1,1,6,6,2,19,4,999,1,10,KIA PICANTO,5,E01018835,0,-1
2020430434293,2020,430434293,1,9,0,18,19,2,6,0,0,0,0,0,0,0,3,1,6,6,1,18,4,998,1,3,KIA PICANTO,10,E01017657,0,-1
2020547959520,2020,547959520,2,9,0,16,19,4,8,0,0,0,0,0,0,0,0,1,1,1,1,58,9,1248,1,3,KIA PICANTO,9,E01032099,0,-1
2020470917964,2020,470917964,3,9,0,16,19,3,6,0,0,0,0,0,0,0,1,1,5,6,2,87,11,998,1,3,KIA PICANTO,6,E01031499,0,-1
202054A806020,2020,54A806020,1,9,0,18,19,3,7,0,0,1,0,0,0,0,1,1,6,6,2,72,10,998,1,7,KIA PICANTO,3,E01031851,0,-1
2020450973172,2020,450973172,1,9,0,18,19,5,1,0,0,8,0,0,0,0,1,1,5,6,2,28,6,999,1,11,KIA PICANTO,6,E01030973,0,-1
2020160991281,2020,160991281,1,9,0,18,19,2,6,0,0,0,0,0,0,0,1,1,5,6,2,38,7,1086,1,14,KIA PICANTO,1,E01013141,0,-1
2020137AG0740,2020,137AG0740,1,9,0,18,19,7,3,0,0,0,0,0,0,0,2,1,6,6,1,64,9,998,1,1,KIA PICANTO,-1,-1,0,-1
2020070035784,2020,070035784,1,9,0,18,19,1,5,0,0,8,1,0,0,7,1,1,6,6,2,76,11,998,1,5,KIA PICANTO,2,E01012409,0,-1
202006A166908,2020,06A166908,1,9,0,9,9,3,1,0,0,6,0,0,0,0,1,1,6,6,1,47,8,999,1,10,KIA PICANTO,2,E01005200,0,-1
2020420999948,2020,420999948,2,9,0,18,19,8,4,0,0,0,0,0,0,0,1,1,2,2,2,30,6,998,1,4,KIA PICANTO,-1,-1,0,-1
2020500947765,2020,500947765,2,9,0,18,19,6,2,0,0,0,0,0,0,0,1,1,6,6,2,20,4,998,1,8,KIA PICANTO,6,E01020304,0,-1
202031D056720,2020,31D056720,1,9,0,7,7,4,5,0,0,6,0,0,0,0,1,1,2,2,2,25,5,1248,1,3,KIA PICANTO,7,E01028417,0,-1
2020470992575,2020,470992575,1,9,0,7,7,3,5,0,0,5,0,0,0,0,1,1,6,6,1,-1,-1,1248,1,6,KIA PICANTO,8,E01031418,0,-1
2020401005818,2020,401005818,1,9,0,9,9,7,3,0,0,6,0,0,0,0,2,1,6,6,1,67,10,1248,1,2,KIA PICANTO,7,E01015709,0,-1
2020141009446,2020,141009446,1,9,0,18,19,1,5,0,0,0,0,11,0,0,3,1,2,2,2,55,8,1248,1,3,KIA PICANTO,3,E01007632,0,-1
2020461008612,2020,461008612,1,9,0,17,19,3,7,0,0,0,0,0,1,0,3,1,5,6,2,19,4,1248,1,7,KIA PICANTO,10,E01024046,0,-1
2020420986473,2020,420986473,2,9,0,3,3,3,7,0,0,0,0,0,0,0,2,1,6,6,2,22,5,1086,1,11,KIA PICANTO,3,E01021871,0,-1
2020210955898,2020,210955898,2,9,0,18,19,6,2,0,0,0,0,0,0,0,1,1,6,6,2,34,6,998,1,1,KIA PICANTO,2,E01014252,0,-1
2020010250276,2020,010250276,1,9,0,9,9,3,1,0,0,6,0,0,0,0,3,1,6,6,1,29,6,1086,1,15,KIA PICANTO,2,E01000627,0,-1
2020302001454,2020,302001454,1,9,0,18,19,6,2,0,0,0,2,0,2,7,4,1,6,6,1,42,7,999,1,11,KIA PICANTO,7,E01019553,0,-1
2020040956784,2020,040956784,2,9,0,5,5,5,1,0,0,1,0,0,0,0,0,1,6,6,1,68,10,1086,1,12,KIA PICANTO,2,E01012746,0,-1
2020371013910,2020,371013910,2,9,0,18,19,2,6,0,0,0,0,0,0,0,4,1,5,6,2,30,6,998,1,5,KIA PICANTO,1,E01030279,0,-1
202031C072320,2020,31C072320,1,9,0,18,19,8,4,0,0,1,0,0,0,0,1,1,6,6,2,42,7,999,1,14,KIA PICANTO,2,E01032621,0,-1
2020400986055,2020,400986055,2,9,0,18,19,5,1,0,0,0,0,0,0,0,1,1,6,6,2,-1,-1,1248,1,6,KIA PICANTO,3,E01015783,0,-1
2020990923824,2020,990923824,1,9,0,18,19,6,2,0,0,8,0,7,0,0,1,1,5,6,1,61,9,1248,1,2,KIA PICANTO,6,-1,0,-1
2020040998898,2020,040998898,1,9,0,18,19,3,7,0,0,1,0,0,0,0,1,1,6,6,1,36,7,1086,1,14,KIA PICANTO,10,E01025424,0,-1
2020522003690,2020,522003690,1,9,0,3,3,3,7,0,0,1,0,0,0,0,2,1,2,2,2,26,6,998,1,7,KIA PICANTO,10,E01014878,0,-1
2020010257213,2020,010257213,1,9,0,99,99,9,9,99,99,9,9,99,9,99,9,9,6,6,3,29,6,1086,1,11,KIA PICANTO,3,E01000819,0,-1
2020041010651,2020,041010651,1,9,0,5,5,5,1,0,0,1,0,0,0,0,1,1,2,2,1,61,9,998,1,0,KIA PICANTO,3,E01012644,0,-1
2020460980942,2020,460980942,1,9,0,18,19,1,5,0,0,1,0,0,0,0,1,1,6,6,2,40,7,1086,1,10,KIA PICANTO,1,E01024613,0,-1
2020141010196,2020,141010196,1,9,0,18,19,5,6,0,0,4,0,0,0,0,1,1,6,6,1,-1,-1,999,1,14,KIA PICANTO,-1,-1,0,-1
202031A128220,2020,31A128220,1,9,0,18,19,2,6,0,0,8,0,0,0,0,1,1,6,6,1,65,9,1248,1,1,KIA PICANTO,3,E01027977,0,-1
20201378K0709,2020,1378K0709,2,9,0,18,19,7,3,0,0,8,1,0,0,0,1,1,6,6,1,18,4,1086,1,15,KIA PICANTO,2,E01011686,0,-1
2020400961190,2020,400961190,1,9,0,17,19,1,5,0,0,0,0,0,7,0,1,1,6,6,2,27,6,1248,1,7,KIA PICANTO,8,E01017561,0,-1
2020302001693,2020,302001693,1,9,0,16,19,4,8,0,0,0,0,0,0,0,1,1,6,6,1,49,8,998,1,3,KIA PICANTO,4,E01029423,0,-1
2020411009913,2020,411009913,2,9,0,18,19,5,1,0,0,0,0,0,0,0,2,1,5,6,1,17,4,998,1,6,KIA PICANTO,10,E01017762,0,-1
2020470967362,2020,470967362,1,9,0,18,19,1,5,0,0,8,0,0,0,0,1,1,6,6,1,68,10,1086,1,11,KIA PICANTO,8,E01021215,0,-1
2020201018620,2020,201018620,2,9,0,16,19,1,4,0,0,1,0,4,0,0,1,1,3,7,2,43,7,999,1,16,KIA PICANTO,1,E01010454,0,-1
2020421010537,2020,421010537,1,9,0,18,19,2,6,0,0,2,0,0,0,0,4,1,5,6,1,51,8,1248,1,6,KIA PICANTO,10,E01021345,0,-1
2020340N00272,2020,340N00272,2,9,0,3,3,1,5,0,0,1,0,0,0,0,2,1,6,6,1,55,8,1086,1,16,KIA PICANTO,2,E01027156,0,-1
2020460935782,2020,460935782,2,9,0,18,19,1,3,0,0,0,0,0,1,0,1,1,6,6,2,56,9,998,1,7,KIA PICANTO,1,E01016031,0,-1
2020170S11400,2020,170S11400,1,9,0,9,9,4,2,0,0,8,0,0,1,2,1,1,6,6,2,80,11,998,1,4,KIA PICANTO,1,E01012245,0,-1
2020991001452,2020,991001452,1,9,0,5,5,2,7,0,0,0,0,0,0,0,1,1,2,2,2,24,5,998,1,5,KIA PICANTO,-1,-1,0,-1
2020460924028,2020,460924028,2,9,0,2,2,0,0,0,0,0,0,0,0,0,2,1,6,6,2,-1,-1,1086,1,15,KIA PICANTO,1,E01024610,0,-1
202031C030020,2020,31C030020,1,9,0,18,19,6,2,0,0,8,0,0,0,0,1,1,6,6,2,30,6,998,1,6,KIA PICANTO,9,E01019696,0,-1
2020350998173,2020,350998173,1,9,-1,3,3,3,7,0,0,1,0,0,0,0,1,1,1,1,2,63,9,1248,1,4,KIA PICANTO,3,E01018073,0,-1
2020360984774,2020,360984774,2,9,0,18,19,4,6,0,0,0,0,0,0,0,3,1,2,2,2,42,7,999,1,9,KIA PICANTO,5,E01026774,0,-1
2020010229795,2020,010229795,1,9,0,9,9,7,5,0,0,2,0,0,0,0,1,1,6,6,2,80,11,998,1,8,KIA PICANTO,-1,-1,0,-1
2020450922534,2020,450922534,1,9,0,9,9,1,3,0,0,1,0,0,0,0,1,1,1,1,2,57,9,998,1,2,KIA PICANTO,8,E01002981,0,-1
2020450954177,2020,450954177,1,9,0,18,19,3,7,0,0,0,0,0,0,0,3,1,5,6,2,78,11,998,1,7,KIA PICANTO,8,E01030528,0,-1
2020991010270,2020,991010270,2,9,0,18,19,7,3,0,0,8,0,0,0,0,1,1,5,6,1,36,7,999,1,14,KIA PICANTO,2,-1,0,-1
2020990933482,2020,990933482,1,9,0,9,9,5,2,0,0,6,0,0,0,0,1,1,6,6,1,69,10,998,1,6,KIA PICANTO,4,-1,0,-1
2020211009258,2020,211009258,2,9,0,18,19,8,4,0,0,0,0,0,0,0,3,1,6,6,1,54,8,998,1,2,KIA PICANTO,7,E01030583,0,-1
2020200996091,2020,200996091,2,9,0,3,3,8,4,0,0,0,0,0,0,0,2,1,6,6,2,20,4,999,1,15,KIA PICANTO,1,E01010271,0,-1
2020450939866,2020,450939866,1,9,0,17,19,6,3,0,0,1,1,0,1,11,3,1,5,6,1,56,9,1086,1,15,KIA PICANTO,5,E01030531,0,-1
2020200992052,2020,200992052,2,9,0,18,19,-1,-1,0,0,8,0,0,0,0,1,1,6,6,2,22,5,998,1,9,KIA PICANTO,1,E01009182,0,-1
202063A051220,2020,63A051220,2,9,0,10,10,4,2,0,0,1,0,0,0,0,2,1,2,2,2,32,6,998,1,9,KIA PICANTO,5,W01000719,0,-1
2020411011833,2020,411011833,2,9,0,5,5,8,4,0,0,4,0,0,0,0,2,1,5,6,1,75,10,1248,1,2,KIA PICANTO,5,E01023956,0,-1
2020200990560,2020,200990560,1,9,0,5,5,2,6,0,0,6,0,0,0,0,3,1,6,6,2,66,10,998,1,7,KIA PICANTO,6,E01010114,0,-1
2020530968891,2020,530968891,2,9,0,9,9,7,1,0,0,8,0,0,0,0,3,1,5,6,2,22,5,999,1,12,KIA PICANTO,-1,-1,0,-1
20201373N0401,2020,1373N0401,1,9,0,2,2,1,5,9,9,0,0,0,1,11,1,1,6,6,2,65,9,1248,1,1,KIA PICANTO,9,E01010647,0,-1
2020010253096,2020,010253096,2,9,0,14,14,5,1,0,0,0,5,4,0,0,3,1,6,6,2,84,11,1248,1,1,KIA PICANTO,8,E01000172,0,-1
2020210942894,2020,210942894,2,9,0,18,19,2,5,0,0,1,0,0,0,0,2,1,6,6,2,19,4,999,1,10,KIA PICANTO,7,E01029533,0,-1
2020461006628,2020,461006628,1,9,0,18,19,4,8,0,0,0,0,0,0,0,1,1,6,6,1,68,10,1248,1,8,KIA PICANTO,8,E01024185,0,-1
2020450915323,2020,450915323,2,9,0,4,4,2,6,0,0,1,0,0,0,0,1,1,1,1,1,20,4,999,1,13,KIA PICANTO,7,E01030423,0,-1
2020460980232,2020,460980232,3,9,0,17,19,2,6,0,0,0,0,0,0,0,3,1,5,6,2,38,7,998,1,3,KIA PICANTO,3,E01021016,0,-1
2020122001013,2020,122001013,1,9,0,18,19,1,7,0,0,3,0,0,0,0,1,1,6,6,2,77,11,1086,1,10,KIA PICANTO,10,E01013372,0,-1
2020350929745,2020,350929745,1,9,0,18,19,1,2,0,0,1,0,0,0,0,1,1,2,2,2,52,8,1086,1,14,KIA PICANTO,8,E01015645,0,-1
2020100995710,2020,100995710,2,9,0,18,19,5,1,0,0,8,0,0,0,0,1,1,5,6,2,23,5,1248,1,0,KIA PICANTO,1,E01008305,0,-1
2020430267523,2020,430267523,2,9,0,7,7,3,4,0,0,1,0,0,0,0,2,1,6,6,1,80,11,1248,1,3,KIA PICANTO,5,E01016841,0,-1
2020040976901,2020,040976901,1,9,0,18,19,1,5,0,0,1,0,0,0,0,3,1,5,6,2,48,8,1248,1,7,KIA PICANTO,2,E01004959,0,-1
202006G172052,2020,06G172052,2,9,0,18,19,8,4,0,0,1,0,0,0,0,2,1,6,6,2,47,8,1248,1,2,KIA PICANTO,2,E01006069,0,-1
2020320531203,2020,320531203,1,9,0,18,19,5,1,0,0,0,1,4,0,0,1,1,2,2,1,39,7,998,1,0,KIA PICANTO,5,E01028317,0,-1
2020351006773,2020,351006773,1,9,0,18,19,2,6,0,0,1,1,0,0,0,1,1,2,2,1,59,9,1086,1,15,KIA PICANTO,7,E01018065,0,-1
2020410979019,2020,410979019,4,9,0,2,2,0,0,0,0,0,0,0,0,0,1,1,6,6,3,-1,-1,1086,1,11,KIA PICANTO,-1,-1,0,-1
2020440418896,2020,440418896,2,9,0,18,19,4,8,0,0,0,0,0,1,9,1,1,6,6,2,29,6,1086,1,11,KIA PICANTO,7,E01028515,0,-1
2020010231263,2020,010231263,1,9,0,99,99,9,9,99,99,9,9,99,9,99,2,9,2,2,1,23,5,999,1,9,KIA PICANTO,5,E01000321,0,-1
2020470984637,2020,470984637,2,9,0,17,19,7,4,0,0,1,0,0,0,0,2,1,5,6,2,68,10,998,1,6,KIA PICANTO,7,E01021212,0,-1
2020440033433,2020,440033433,1,9,0,18,19,3,7,0,0,0,0,0,0,0,1,1,2,2,2,54,8,998,1,5,KIA PICANTO,4,E01022841,0,-1
2020460925181,2020,460925181,2,9,0,4,4,6,2,0,0,0,0,0,0,0,2,1,5,6,2,48,8,1248,1,0,KIA PICANTO,9,E01016090,0,-1
2020010267806,2020,010267806,1,9,0,5,5,5,1,0,0,0,0,0,0,0,1,1,6,6,1,28,6,998,1,0,KIA PICANTO,10,E01030396,0,-1
2020122000545,2020,122000545,2,9,0,18,19,3,7,0,0,8,5,0,0,0,4,1,6,6,2,55,8,1248,1,7,KIA PICANTO,9,E01013431,0,-1
2020990919758,2020,990919758,2,9,0,18,19,1,5,0,0,2,0,0,0,0,1,1,5,6,1,29,6,998,1,8,KIA PICANTO,8,-1,0,-1
2020160993457,2020,160993457,2,9,0,18,19,4,8,0,0,8,0,0,7,10,3,1,6,6,2,77,11,1248,1,3,KIA PICANTO,1,E01013138,0,-1
2020052001822,2020,052001822,1,9,0,5,5,7,3,0,0,6,0,0,0,0,1,1,6,6,2,21,5,998,1,3,KIA PICANTO,1,E01006463,0,-1
2020137B20358,2020,137B20358,3,9,0,18,19,8,4,0,0,0,0,0,0,0,1,1,6,6,1,36,7,1086,1,16,KIA PICANTO,2,E01011632,0,-1
202006L272278,2020,06L272278,3,9,0,18,19,2,6,0,0,1,0,0,0,0,1,1,6,6,2,25,5,998,1,6,KIA PICANTO,3,E01006341,0,-1
2020450974751,2020,450974751,1,9,0,18,19,5,1,0,0,0,0,4,1,0,1,1,1,1,2,56,9,1086,1,10,KIA PICANTO,10,E01030931,0,-1
2020430426336,2020,430426336,1,9,0,18,19,6,2,0,0,0,0,0,0,0,1,1,2,2,1,63,9,998,1,1,KIA PICANTO,9,E01016828,0,-1
2020990923446,2020,990923446,1,9,0,4,4,7,3,0,0,0,0,0,0,0,1,1,1,1,2,62,9,998,1,4,KIA PICANTO,4,-1,0,-1
2020160939584,2020,160939584,3,9,0,2,2,0,0,0,0,1,0,0,0,0,2,1,6,6,2,63,9,1086,1,16,KIA PICANTO,-1,-1,0,-1
2020460952381,2020,460952381,2,9,0,18,19,6,2,0,0,0,0,0,0,0,2,1,5,6,2,25,5,1086,1,11,KIA PICANTO,6,E01024016,0,-1
2020010286740,2020,010286740,2,9,0,9,9,5,3,0,0,1,1,0,0,0,3,1,6,6,1,43,7,998,1,9,KIA PICANTO,4,E01003718,0,-1
2020302001471,2020,302001471,1,9,0,5,5,6,8,0,0,6,0,0,0,0,1,1,6,6,2,21,5,1086,1,12,KIA PICANTO,9,E01033168,0,-1
202006J373789,2020,06J373789,2,9,0,3,3,1,5,0,0,1,0,0,0,0,2,1,1,1,1,35,6,1086,1,16,KIA PICANTO,-1,-1,0,-1
2020421009559,2020,421009559,1,9,0,18,19,7,3,0,0,0,0,0,0,0,3,1,5,6,1,28,6,1086,1,10,KIA PICANTO,-1,-1,0,-1
202006G167468,2020,06G167468,2,9,0,9,9,6,2,0,0,8,0,0,0,0,3,1,6,6,1,64,9,998,1,3,KIA PICANTO,8,E01006067,0,-1
2020010247167,2020,010247167,2,9,0,18,19,1,5,0,0,8,0,0,1,0,4,1,6,6,2,62,9,1248,1,7,KIA PICANTO,6,E01002714,0,-1
2020030965800,2020,030965800,1,9,0,18,19,3,7,0,0,0,0,0,0,0,1,1,5,6,2,78,11,1248,1,1,KIA PICANTO,3,E01019228,0,-1
2020010280560,2020,010280560,2,9,0,99,99,9,9,99,99,9,9,99,9,99,2,9,6,6,3,-1,-1,998,1,6,KIA PICANTO,-1,-1,0,-1
2020160933230,2020,160933230,1,9,0,9,9,8,6,0,0,5,0,0,0,0,1,1,1,1,1,21,5,1086,1,11,KIA PICANTO,8,E01013292,0,-1
2020141005987,2020,141005987,1,9,0,-1,-1,-1,-1,-1,-1,0,-1,-1,-1,0,-1,1,6,6,3,-1,-1,999,1,14,KIA PICANTO,-1,-1,0,-1
2020430444829,2020,430444829,1,9,0,18,19,6,2,0,0,0,0,0,0,0,4,1,6,6,2,18,4,1248,1,9,KIA PICANTO,10,E01017764,0,-1
2020210942821,2020,210942821,1,9,0,3,3,4,5,0,0,0,0,0,0,0,1,1,6,6,2,30,6,999,1,13,KIA PICANTO,6,E01014233,0,-1
2020100972748,2020,100972748,2,9,0,18,19,2,6,0,0,8,0,0,0,0,3,1,5,6,2,34,6,999,1,10,KIA PICANTO,9,E01008673,0,-1
2020340D00592,2020,340D00592,2,9,0,4,4,7,3,0,0,0,0,0,0,0,2,1,6,6,1,27,6,999,1,11,KIA PICANTO,5,E01025662,0,-1
2020370959865,2020,370959865,1,9,0,17,19,2,8,0,0,0,1,0,1,4,1,1,5,6,1,19,4,998,1,4,KIA PICANTO,4,E01030251,0,-1
2020501007440,2020,501007440,2,9,0,18,19,5,1,0,0,0,0,0,0,0,1,1,5,6,2,52,8,1248,1,2,KIA PICANTO,4,E01020313,0,-1
2020137CF0329,2020,137CF0329,4,9,0,3,3,3,7,0,0,1,0,0,0,0,2,1,6,6,2,48,8,998,1,6,KIA PICANTO,3,E01011761,0,-1
2020220996212,2020,220996212,1,9,0,9,9,4,3,0,0,5,0,0,1,0,3,1,5,6,2,23,5,998,1,7,KIA PICANTO,5,E01032264,0,-1
2020990920432,2020,990920432,1,9,0,5,5,7,3,0,0,8,0,0,1,0,1,1,5,6,1,22,5,998,1,7,KIA PICANTO,1,-1,0,-1
2020501001565,2020,501001565,1,9,0,5,5,1,5,0,0,8,0,0,0,0,3,1,5,6,1,86,11,999,1,14,KIA PICANTO,3,E01015206,0,-1
2020100954081,2020,100954081,2,9,0,3,3,1,5,0,0,0,0,0,0,0,2,1,5,6,1,37,7,998,1,5,KIA PICANTO,7,E01008876,0,-1
2020470976893,2020,470976893,1,9,0,18,19,3,8,0,0,1,0,0,0,0,1,1,5,6,2,23,5,998,1,7,KIA PICANTO,3,E01016926,0,-1
202031D166220,2020,31D166220,1,9,0,9,9,1,7,0,0,6,0,0,0,0,3,1,6,6,2,55,8,1248,1,2,KIA PICANTO,2,E01013957,0,-1
2020100937459,2020,100937459,1,9,0,7,7,4,1,0,0,5,0,0,0,0,4,1,2,2,1,65,9,998,1,3,KIA PICANTO,7,E01008342,0,-1
2020470950634,2020,470950634,2,9,0,18,19,2,6,0,0,0,0,0,0,0,3,1,6,6,2,80,11,1248,1,7,KIA PICANTO,9,E01031504,0,-1
2020990941967,2020,990941967,1,9,0,17,19,3,7,0,0,1,0,0,0,0,4,1,5,6,1,47,8,999,1,10,KIA PICANTO,-1,-1,0,-1
2020122000437,2020,122000437,2,9,0,7,7,3,5,0,0,8,0,0,0,0,1,1,6,6,1,19,4,1248,1,1,KIA PICANTO,10,E01013376,0,-1
2020440030055,2020,440030055,1,9,0,9,9,1,7,0,0,8,0,0,0,0,1,1,6,6,1,45,7,998,1,8,KIA PICANTO,3,E01017078,0,-1
2020990974777,2020,990974777,3,9,0,17,19,4,2,0,0,0,0,0,0,0,1,1,6,6,1,53,8,998,1,4,KIA PICANTO,8,-1,0,-1
2020052000149,2020,052000149,1,9,0,9,9,8,6,0,0,1,0,0,0,0,1,1,6,6,2,19,4,998,1,7,KIA PICANTO,4,E01025525,0,-1
2020420992045,2020,420992045,1,9,0,18,19,3,7,0,0,1,0,0,0,0,1,1,6,6,2,41,7,1248,1,6,KIA PICANTO,5,E01021753,0,-1