collision_index,collision_year,collision_ref_no,vehicle_reference,vehicle_type,towing_and_articulation,vehicle_manoeuvre_historic,vehicle_manoeuvre,vehicle_direction_from,vehicle_direction_to,vehicle_location_restricted_lane_historic,vehicle_location_restricted_lane,junction_location,skidding_and_overturning,hit_object_in_carriageway,vehicle_leaving_carriageway,hit_object_off_carriageway,first_point_of_impact,vehicle_left_hand_drive,journey_purpose_of_driver_historic,journey_purpose_of_driver,sex_of_driver,age_of_driver,age_band_of_driver,engine_capacity_cc,propulsion_code,age_of_vehicle,generic_make_model,driver_imd_decile,lsoa_of_driver,escooter_flag,driver_distance_banding
2020110939657,2020,110939657,1,9,0,18,19,3,7,0,0,8,0,0,0,0,1,1,6,6,1,40,7,998,1,3,KIA PICANTO,6,E01012325,0,-1
2020360921770,2020,360921770,1,9,0,18,19,1,5,0,0,0,0,0,0,0,1,1,5,6,2,17,4,998,1,4,KIA PICANTO,8,E01022077,0,-1
202006M177356,2020,06M177356,1,9,0,18,19,1,5,0,0,1,0,0,0,0,1,1,1,1,3,52,8,998,1,4,KIA PICANTO,3,E01006126,0,-1
20201371D1372,2020,1371D1372,1,9,0,18,19,3,7,0,0,0,0,0,0,0,1,1,6,6,2,55,8,999,1,10,KIA PICANTO,4,E01010893,0,-1
2020420964871,2020,420964871,1,9,0,9,9,2,8,0,0,8,0,0,0,0,1,1,2,2,2,29,6,998,1,7,KIA PICANTO,7,E01022067,0,-1
2020040927833,2020,040927833,2,9,0,16,19,5,3,0,0,7,0,0,0,0,1,1,6,6,1,57,9,1086,1,10,KIA PICANTO,8,E01025378,0,-1
2020052002269,2020,052002269,1,9,0,9,9,5,1,0,0,5,0,0,0,0,3,1,6,6,2,22,5,1248,1,1,KIA PICANTO,9,E01007021,0,-1
2020460926793,2020,460926793,1,9,0,18,19,3,6,0,0,6,0,0,3,9,1,1,5,6,2,17,4,1248,1,6,KIA PICANTO,9,E01024300,0,-1
202031C145320,2020,31C145320,1,9,0,18,19,8,6,0,0,5,0,0,0,0,1,1,1,1,2,37,7,1086,1,13,KIA PICANTO,6,E01019648,0,-1
2020420963427,2020,420963427,1,9,0,4,4,1,5,0,0,0,1,0,0,0,1,1,5,6,1,31,6,999,1,10,KIA PICANTO,2,E01033586,0,-1
2020010281751,2020,010281751,1,9,0,99,99,9,9,99,99,1,9,99,9,99,2,9,6,6,2,25,5,1248,1,2,KIA PICANTO,5,E01002319,0,-1
2020010250359,2020,010250359,2,9,0,9,9,5,2,0,0,6,0,0,0,0,3,1,6,6,2,48,8,1086,1,14,KIA PICANTO,4,E01002267,0,-1
2020101009992,2020,101009992,3,9,0,4,4,7,3,0,0,0,0,0,0,0,2,1,6,6,2,23,5,1086,1,12,KIA PICANTO,4,E01008502,0,-1
2020460942578,2020,460942578,1,9,0,18,19,8,4,0,0,0,0,0,0,0,1,1,5,6,2,71,10,1086,1,15,KIA PICANTO,9,E01024808,0,-1
2020400975494,2020,400975494,2,9,0,17,19,1,5,0,0,3,0,0,0,0,1,1,6,6,2,65,9,1086,1,11,KIA PICANTO,3,E01017605,0,-1
2020530957370,2020,530957370,1,9,0,5,5,2,4,0,0,4,0,0,0,0,1,1,2,2,2,35,6,999,1,10,KIA PICANTO,3,E01022375,0,-1
2020201005417,2020,201005417,1,9,0,9,9,4,2,0,0,5,0,0,0,0,1,1,6,6,2,-1,-1,999,1,11,KIA PICANTO,-1,-1,0,-1
2020440064855,2020,440064855,1,9,0,18,19,1,5,0,0,8,0,0,1,1,1,1,1,1,1,29,6,1248,1,1,KIA PICANTO,4,E01003554,0,-1
2020070098715,2020,070098715,1,9,0,7,7,1,3,0,0,3,0,0,0,0,3,1,6,6,3,45,7,998,1,3,KIA PICANTO,5,E01012544,0,-1
2020010264899,2020,010264899,1,9,0,9,9,1,6,0,0,6,0,0,0,0,0,1,6,6,1,46,8,1086,1,11,KIA PICANTO,-1,-1,0,-1
2020010230122,2020,010230122,1,9,0,18,19,3,7,0,0,0,0,0,0,0,1,1,1,1,1,55,8,1248,1,6,KIA PICANTO,6,E01004581,0,-1
2020320539656,2020,320539656,1,9,0,18,19,7,3,0,0,0,0,0,7,9,1,1,6,6,1,81,11,1248,1,1,KIA PICANTO,5,E01026249,0,-1
2020010232849,2020,010232849,1,9,0,99,99,9,9,99,99,9,9,99,9,99,1,9,6,6,1,32,6,998,1,8,KIA PICANTO,3,E01001397,0,-1
2020100920932,2020,100920932,2,9,0,2,2,0,0,0,0,0,0,0,0,0,1,1,5,6,2,32,6,1086,1,10,KIA PICANTO,9,E01027535,0,-1
2020170S40520,2020,170S40520,1,9,0,18,19,8,4,0,0,0,0,0,7,0,1,1,6,6,1,21,5,998,1,2,KIA PICANTO,-1,-1,0,-1
2020990961030,2020,990961030,1,9,0,9,9,7,5,0,0,6,0,0,0,0,1,1,5,6,2,91,11,1086,1,11,KIA PICANTO,10,-1,0,-1
2020990927341,2020,990927341,1,9,0,18,19,6,2,0,0,0,2,0,0,0,4,1,1,1,2,23,5,999,1,10,KIA PICANTO,4,-1,0,-1
2020040953157,2020,040953157,1,9,0,1,1,1,5,0,0,0,0,0,0,0,2,1,5,6,2,19,4,998,1,9,KIA PICANTO,-1,-1,0,-1
202031D181520,2020,31D181520,1,9,0,18,19,5,1,0,0,0,0,0,0,0,1,1,6,6,1,96,11,998,1,3,KIA PICANTO,7,E01028207,0,-1
2020141003853,2020,141003853,2,9,0,5,5,3,7,0,0,4,0,0,0,0,1,1,6,6,1,83,11,1086,1,13,KIA PICANTO,2,E01007717,0,-1
2020052000153,2020,052000153,1,9,0,18,19,7,3,0,0,0,0,0,0,0,1,1,3,7,1,71,10,1086,1,15,KIA PICANTO,1,E01006562,0,-1
2020160923759,2020,160923759,2,9,0,18,19,4,8,0,0,0,0,0,0,0,3,1,5,6,2,81,11,998,1,5,KIA PICANTO,10,E01013090,0,-1
2020520002097,2020,520002097,1,9,0,18,19,4,8,0,0,0,5,0,1,3,1,1,6,6,1,23,5,998,1,4,KIA PICANTO,5,E01029137,0,-1
2020170M11870,2020,170M11870,2,9,0,9,9,1,6,0,0,4,0,0,0,0,1,1,6,6,2,54,8,999,1,11,KIA PICANTO,1,E01012019,0,-1
2020990915579,2020,990915579,2,9,0,18,19,2,6,0,0,0,0,0,5,6,2,1,6,6,2,33,6,998,1,8,KIA PICANTO,7,-1,0,-1
2020410961384,2020,410961384,2,9,0,18,19,5,1,0,0,0,0,0,0,0,2,1,5,6,2,30,6,1248,1,9,KIA PICANTO,7,E01002115,0,-1
2020411010523,2020,411010523,1,9,0,5,5,5,7,8,6,0,0,0,0,0,4,1,6,6,1,68,10,1248,1,2,KIA PICANTO,5,E01015832,0,-1
2020010232446,2020,010232446,1,9,0,9,9,5,3,0,0,8,0,0,0,0,1,1,6,6,1,20,4,1086,1,14,KIA PICANTO,-1,-1,0,-1
2020200957358,2020,200957358,2,9,0,18,19,6,2,0,0,0,1,10,4,6,4,1,2,2,2,26,6,1086,1,11,KIA PICANTO,3,E01029360,0,-1
2020160999432,2020,160999432,1,9,0,18,19,2,6,0,0,6,0,0,0,0,1,1,6,6,3,-1,-1,1086,1,11,KIA PICANTO,-1,-1,0,-1
2020470975183,2020,470975183,1,9,0,18,19,4,8,9,9,2,1,0,1,1,1,1,5,6,1,54,8,998,1,5,KIA PICANTO,9,E01031711,0,-1
2020320033863,2020,320033863,1,9,0,18,19,7,3,0,0,1,0,4,0,0,1,1,6,6,2,92,11,1086,1,16,KIA PICANTO,-1,-1,0,-1
2020530993818,2020,530993818,2,9,0,18,19,7,3,0,0,0,0,0,0,0,4,1,5,6,1,69,10,998,1,1,KIA PICANTO,9,E01032347,0,-1
2020990977267,2020,990977267,2,9,0,4,4,5,1,0,0,1,0,0,0,0,2,1,6,6,2,62,9,998,1,1,KIA PICANTO,8,-1,0,-1
2020990935095,2020,990935095,1,9,0,17,19,3,8,0,0,0,2,0,1,4,1,1,2,2,2,19,4,998,1,7,KIA PICANTO,9,-1,0,-1
2020137BD0244,2020,137BD0244,2,9,0,18,19,1,5,0,0,0,0,0,0,0,2,1,2,2,2,31,6,1248,1,2,KIA PICANTO,9,E01011887,0,-1
2020420935411,2020,420935411,1,9,0,9,9,3,7,0,0,5,0,0,0,0,1,1,6,6,1,37,7,998,1,2,KIA PICANTO,4,E01015907,0,-1
2020522004694,2020,522004694,2,9,0,-1,-1,-1,-1,0,0,0,0,0,0,0,3,1,6,6,2,51,8,998,1,0,KIA PICANTO,1,E01014463,0,-1
2020990988093,2020,990988093,1,9,0,4,4,2,6,0,0,1,0,0,0,0,1,1,6,6,1,80,11,999,1,10,KIA PICANTO,6,-1,0,-1
202006E274033,2020,06E274033,1,9,0,9,9,3,1,0,0,6,0,0,0,0,1,1,6,6,1,26,6,1086,1,12,KIA PICANTO,1,E01005166,0,-1
2020010285306,2020,010285306,1,9,0,99,99,9,9,99,99,9,9,99,9,99,9,9,6,6,2,24,5,999,1,9,KIA PICANTO,2,E01033581,0,-1
2020350977706,2020,350977706,1,9,0,18,19,1,5,0,0,1,1,0,1,0,1,1,6,6,2,31,6,1248,1,1,KIA PICANTO,6,E01018030,0,-1
202006XM75132,2020,06XM75132,2,9,0,4,4,5,1,0,0,1,0,0,0,0,2,1,6,6,2,31,6,1248,1,8,KIA PICANTO,4,E01006199,0,-1
2020401008329,2020,401008329,2,9,0,4,4,3,7,0,0,0,0,0,0,0,2,1,5,6,2,50,8,998,1,1,KIA PICANTO,6,E01017479,0,-1
2020990961265,2020,990961265,1,9,0,18,19,7,3,0,0,1,0,0,0,0,4,1,2,2,2,55,8,999,1,11,KIA PICANTO,6,-1,0,-1
2020320400368,2020,320400368,2,9,0,18,19,3,8,0,0,0,0,0,1,0,1,1,6,6,2,24,5,1248,1,5,KIA PICANTO,5,E01026210,0,-1
2020450977885,2020,450977885,2,9,0,18,19,5,1,0,0,8,0,0,0,0,3,1,5,6,2,52,8,1248,1,0,KIA PICANTO,6,E01022640,0,-1
202031C078020,2020,31C078020,1,9,0,9,9,2,7,0,0,5,0,0,0,0,3,1,6,6,1,60,9,999,1,16,KIA PICANTO,2,E01013834,0,-1
2020320077423,2020,320077423,1,9,0,16,19,1,5,0,0,1,0,0,2,0,1,1,6,6,2,25,5,1086,1,15,KIA PICANTO,5,E01026245,0,-1
2020420970887,2020,420970887,1,9,0,18,19,7,3,0,0,8,0,0,0,0,1,1,5,6,1,77,11,1248,1,1,KIA PICANTO,8,E01015970,0,-1
2020430301105,2020,430301105,1,9,0,18,19,4,8,0,0,0,0,0,0,0,1,1,6,6,2,81,11,1248,1,6,KIA PICANTO,9,E01017582,0,-1
2020450986568,2020,450986568,1,9,0,17,19,5,1,0,0,0,1,0,7,4,2,2,5,6,2,71,10,999,1,11,KIA PICANTO,8,E01020934,0,-1
2020140966572,2020,140966572,3,9,0,18,19,5,1,0,0,0,0,0,0,0,3,1,2,2,1,63,9,998,1,4,KIA PICANTO,-1,-1,0,-1
202031D149420,2020,31D149420,2,9,0,18,19,3,7,0,0,8,1,0,0,0,2,1,6,6,2,22,5,1248,1,2,KIA PICANTO,10,E01026324,0,-1
2020141010221,2020,141010221,1,9,0,9,9,6,8,0,0,5,0,0,0,0,4,1,6,6,2,22,5,998,1,4,KIA PICANTO,1,E01007904,0,-1
2020991003743,2020,991003743,1,9,0,18,19,2,6,0,0,0,1,0,0,0,1,1,6,6,2,17,4,998,1,7,KIA PICANTO,10,-1,0,-1
2020040995971,2020,040995971,1,9,0,7,7,5,3,0,0,1,0,0,0,0,1,1,5,6,2,52,8,998,1,3,KIA PICANTO,1,E01024893,0,-1
2020440086314,2020,440086314,1,9,0,17,19,5,1,0,0,0,1,6,0,0,1,1,6,6,2,21,5,1086,1,15,KIA PICANTO,2,E01017356,0,-1
2020622100189,2020,622100189,1,9,0,18,19,2,6,0,0,0,0,0,0,0,0,1,6,6,2,70,10,1248,1,2,KIA PICANTO,6,W01000829,0,-1
2020350926389,2020,350926389,1,9,0,3,3,3,7,0,0,1,0,0,0,0,1,1,6,6,1,18,4,998,1,3,KIA PICANTO,2,E01015608,0,-1
2020122001295,2020,122001295,1,9,0,18,19,6,2,0,0,0,2,0,1,4,2,1,2,2,2,30,6,1086,1,10,KIA PICANTO,7,E01027788,0,-1
2020370987402,2020,370987402,1,9,0,18,19,3,7,0,0,0,0,0,0,0,4,1,5,6,2,77,11,998,1,6,KIA PICANTO,4,E01030263,0,-1
2020030995868,2020,030995868,1,9,0,18,19,3,7,0,0,0,0,0,0,0,1,1,6,6,1,85,11,1248,1,7,KIA PICANTO,1,E01019097,0,-1
2020440116971,2020,440116971,1,9,0,18,19,7,3,0,0,0,0,0,0,0,1,1,6,6,2,39,7,998,1,5,KIA PICANTO,8,E01017293,0,-1
2020052001205,2020,052001205,1,9,0,18,19,7,3,0,0,1,0,0,0,0,1,1,6,6,1,74,10,1086,1,13,KIA PICANTO,2,E01006898,0,-1
2020990924852,2020,990924852,1,9,0,18,19,5,1,0,0,8,0,0,0,0,1,1,5,6,2,35,6,998,1,3,KIA PICANTO,8,-1,0,-1
2020141002335,2020,141002335,1,9,0,18,19,0,0,0,0,0,0,0,0,0,2,1,5,6,2,26,6,1248,1,6,KIA PICANTO,6,E01019815,0,-1
202063A020020,2020,63A020020,3,9,0,2,2,0,0,0,0,0,0,0,0,0,1,1,6,6,2,54,8,998,1,1,KIA PICANTO,6,W01000635,0,-1
2020302000140,2020,302000140,2,9,0,18,19,3,7,0,0,8,0,0,0,0,3,1,6,6,2,80,11,1086,1,14,KIA PICANTO,7,E01019697,0,-1
2020010235231,2020,010235231,1,9,0,9,9,1,7,0,0,8,0,0,0,0,1,1,2,2,2,50,8,1248,1,1,KIA PICANTO,1,E01001429,0,-1
2020460977170,2020,460977170,2,9,0,18,19,4,8,0,0,1,0,10,0,0,1,1,2,2,2,51,8,1248,1,2,KIA PICANTO,7,E01024137,0,-1
2020440094818,2020,440094818,2,9,0,18,19,4,8,0,0,8,0,0,0,0,4,1,6,6,2,77,11,1248,1,7,KIA PICANTO,10,E01022746,0,-1
2020100985768,2020,100985768,2,9,0,12,12,1,5,0,0,0,0,0,0,0,3,1,6,6,1,84,11,1248,1,0,KIA PICANTO,7,E01008843,0,-1
2020470933296,2020,470933296,2,9,0,18,19,2,6,0,0,1,0,0,1,0,1,1,5,6,2,79,11,1086,1,11,KIA PICANTO,4,E01031833,0,-1
2020470978768,2020,470978768,2,9,0,18,19,8,4,0,0,0,0,0,0,0,3,1,2,2,2,24,5,998,1,5,KIA PICANTO,6,E01031656,0,-1
2020201014468,2020,201014468,1,9,0,17,19,6,3,0,0,8,1,10,7,0,1,1,6,6,2,21,5,998,1,1,KIA PICANTO,1,E01009097,0,-1
2020320435294,2020,320435294,2,9,0,4,4,1,5,0,0,1,0,0,0,0,2,1,6,6,2,59,9,999,1,11,KIA PICANTO,-1,-1,0,-1
2020411006131,2020,411006131,1,9,0,18,19,2,6,0,0,0,0,0,0,0,2,1,1,1,2,23,5,1248,1,8,KIA PICANTO,10,E01030820,0,-1
2020200978103,2020,200978103,2,9,0,18,19,2,6,0,0,8,0,10,4,0,3,1,6,6,1,58,9,1248,1,8,KIA PICANTO,4,E01009166,0,-1
2020500984565,2020,500984565,2,9,0,18,19,3,7,0,0,0,0,0,0,0,1,1,6,6,1,84,11,1498,1,20,-1,2,E01029311,0,-1
2020010276220,2020,010276220,1,4,0,18,19,7,3,0,0,0,0,0,0,0,2,1,1,1,1,37,7,298,1,5,-1,9,E01004640,0,-1
2020460988652,2020,460988652,1,2,0,18,19,6,2,0,0,1,2,0,0,0,0,1,6,6,1,20,4,107,1,6,-1,6,E01024557,0,-1
2020070401750,2020,070401750,1,2,0,17,19,3,7,0,0,0,0,0,0,0,1,1,2,2,1,33,6,125,1,9,-1,3,E01018401,0,-1
2020220943879,2020,220943879,1,9,0,17,19,8,4,0,0,0,1,0,2,11,1,1,5,6,1,25,5,2616,1,15,MAZDA RX8,5,E01028898,0,-1
2020200955004,2020,200955004,1,9,0,9,9,4,2,0,0,5,0,0,0,0,1,1,6,6,2,25,5,2616,1,15,MAZDA RX8,1,E01008931,0,-1
2020545879120,2020,545879120,1,9,0,5,5,8,4,0,0,1,0,0,0,0,4,1,3,7,1,52,8,2616,1,13,MAZDA RX8,3,E01032094,0,-1
2020501005745,2020,501005745,1,9,0,17,19,1,5,0,0,0,1,0,0,0,1,1,6,6,3,-1,-1,2616,1,15,MAZDA RX8,-1,-1,0,-1
2020420934498,2020,420934498,1,9,0,5,5,4,8,0,0,4,0,0,0,0,1,1,2,2,1,26,6,2616,1,10,MAZDA RX8,9,E01022069,0,-1
2020302001025,2020,302001025,1,9,0,18,19,8,4,0,0,1,0,0,8,11,1,1,6,6,1,45,7,2616,1,11,MAZDA RX8,8,E01013593,0,-1
2020220970032,2020,220970032,1,9,0,18,19,7,3,0,0,0,0,10,8,3,4,1,5,6,1,28,6,2616,1,14,MAZDA RX8,4,E01028945,0,-1
2020420976651,2020,420976651,1,9,0,5,5,3,6,0,0,4,0,0,0,0,1,1,5,6,1,20,4,2616,1,16,MAZDA RX8,-1,-1,0,-1
2020370994604,2020,370994604,1,9,0,-1,-1,-1,-1,-1,-1,0,-1,-1,-1,0,-1,1,6,6,1,28,6,2616,1,14,MAZDA RX8,1,E01026824,0,-1
2020030996692,2020,030996692,2,9,0,18,19,2,6,0,0,0,0,0,0,0,1,1,6,6,1,36,7,2616,1,13,MAZDA RX8,6,E01019145,0,-1
20201371F1578,2020,1371F1578,2,9,0,18,19,6,2,0,0,8,0,0,1,11,3,1,6,6,1,33,6,2616,1,13,MAZDA RX8,5,E01009593,0,-1
2020430021066,2020,430021066,2,9,0,18,19,5,1,0,0,0,0,0,0,0,1,1,6,6,2,36,7,2616,1,13,MAZDA RX8,9,E01032953,0,-1
2020450938788,2020,450938788,2,9,0,18,19,7,3,0,0,0,0,0,0,0,1,1,6,6,1,35,6,2616,1,14,MAZDA RX8,6,E01024180,0,-1
2020991016495,2020,991016495,1,9,0,18,19,1,5,0,0,0,0,10,0,0,1,1,5,6,1,37,7,2616,1,13,MAZDA RX8,7,-1,0,-1
2020450947144,2020,450947144,1,9,0,18,19,5,1,0,0,1,0,0,0,0,1,1,5,6,1,36,7,2616,1,12,MAZDA RX8,10,E01030356,0,-1
2020302001546,2020,302001546,1,9,0,9,9,8,6,0,0,2,0,4,0,0,1,1,6,6,2,59,9,1499,1,2,-1,8,E01019685,0,-1
2020471004820,2020,471004820,1,9,0,10,10,8,4,0,0,0,0,0,0,0,2,1,6,6,2,46,8,1499,1,2,-1,10,E01031666,0,-1
2020010241834,2020,010241834,2,3,0,18,19,7,3,0,0,0,0,0,0,0,1,1,6,6,1,19,4,125,1,3,-1,10,E01000359,0,-1
2020010235233,2020,010235233,1,3,0,17,19,4,8,0,0,4,2,0,0,0,0,1,6,6,1,18,4,125,1,3,-1,-1,-1,0,-1
2020552000191,2020,552000191,1,4,0,5,5,8,1,0,0,6,0,0,0,0,1,1,6,6,1,42,7,244,1,13,-1,5,E01015345,0,-1
2020460997992,2020,460997992,2,2,0,18,19,3,7,0,0,2,0,0,0,0,1,1,2,2,1,43,7,49,1,24,-1,8,E01024076,0,-1
2020010259140,2020,010259140,2,9,0,4,4,7,3,0,0,0,0,0,0,0,2,1,6,6,2,44,7,1998,2,9,TOYOTA VERSO,-1,-1,0,-1
2020010261002,2020,010261002,1,9,0,7,7,8,2,0,0,6,0,0,0,0,1,1,6,6,1,59,9,1596,1,7,TOYOTA VERSO,3,E01017536,0,-1
2020010284908,2020,010284908,1,8,0,99,99,9,9,99,99,9,9,99,9,99,4,9,6,6,2,61,9,1798,1,5,TOYOTA VERSO,3,E01004645,0,-1
202006K277595,2020,06K277595,2,9,0,4,4,7,3,0,0,0,0,0,0,0,2,1,6,6,2,38,7,1598,2,5,TOYOTA VERSO,8,E01004773,0,-1
2020010239667,2020,010239667,2,9,0,18,19,3,7,0,0,1,0,0,0,0,0,1,6,6,1,41,7,1798,1,6,TOYOTA VERSO,1,E01004469,0,-1
2020471002133,2020,471002133,1,9,0,9,9,4,2,0,0,8,0,0,0,0,1,1,3,7,2,39,7,1596,1,9,TOYOTA VERSO,7,E01031500,0,-1
2020990936238,2020,990936238,2,9,0,3,3,4,8,0,0,0,0,0,1,7,3,1,5,6,2,37,7,1998,2,8,TOYOTA VERSO,2,-1,0,-1
2020470916505,2020,470916505,2,9,0,18,19,8,4,0,0,0,2,0,1,0,1,1,5,6,1,72,10,1329,1,9,TOYOTA VERSO,6,E01031606,0,-1
2020010251467,2020,010251467,2,9,0,6,6,7,7,0,0,1,0,0,0,0,0,1,1,1,1,51,8,1798,1,7,TOYOTA VERSO,2,E01003190,0,-1
2020100951469,2020,100951469,1,9,0,18,19,2,6,0,0,0,0,0,0,0,1,1,1,1,1,43,7,1998,2,7,TOYOTA VERSO,1,E01008259,0,-1
2020010276002,2020,010276002,1,9,0,99,99,9,9,99,99,9,9,99,9,99,9,9,6,6,1,56,9,1329,1,8,TOYOTA VERSO,5,E01004353,0,-1
2020460987069,2020,460987069,1,9,0,5,5,1,5,0,0,2,0,0,3,0,3,1,6,6,2,45,7,1798,1,7,TOYOTA VERSO,9,E01016934,0,-1
2020471004161,2020,471004161,1,9,0,9,9,7,5,0,0,5,0,0,7,10,1,1,3,7,2,44,7,1798,1,6,TOYOTA VERSO,7,E01031357,0,-1
2020552000468,2020,552000468,1,9,0,9,9,6,4,0,0,5,0,0,0,0,4,1,6,6,2,73,10,1798,1,7,TOYOTA VERSO,10,E01020355,0,-1
202063D048420,2020,63D048420,3,9,0,18,19,8,4,0,0,1,1,0,1,10,1,1,6,6,1,24,5,1596,1,9,TOYOTA VERSO,10,E01005796,0,-1
2020010239160,2020,010239160,1,9,0,18,19,2,6,0,0,8,0,0,0,0,1,1,6,6,1,43,7,1596,1,6,TOYOTA VERSO,4,E01000570,0,-1
2020230986230,2020,230986230,1,9,0,9,9,5,3,0,0,6,0,0,0,0,1,1,5,6,2,85,11,1798,1,4,TOYOTA VERSO,9,E01022185,0,-1
2020010276457,2020,010276457,1,8,0,99,99,9,9,99,99,9,9,99,9,99,1,9,6,6,1,26,6,1596,1,9,TOYOTA VERSO,2,E01004240,0,-1
2020137781315,2020,137781315,2,8,0,18,19,6,2,0,0,1,0,0,0,0,1,1,1,1,1,41,7,1598,2,6,TOYOTA VERSO,2,E01011000,0,-1
2020990926184,2020,990926184,2,9,0,18,19,4,8,0,0,2,0,0,0,0,1,1,1,1,1,40,7,1998,2,7,TOYOTA VERSO,4,-1,0,-1
2020411013939,2020,411013939,2,9,0,13,13,3,1,0,0,1,0,0,0,0,1,1,5,6,1,43,7,1598,2,6,TOYOTA VERSO,6,E01023388,0,-1
2020410924736,2020,410924736,1,9,0,9,9,5,1,0,0,2,0,0,0,0,1,1,3,7,2,33,6,1998,2,7,TOYOTA VERSO,9,E01023653,0,-1
202006Q170239,2020,06Q170239,1,9,0,18,19,4,8,0,0,1,0,0,0,0,1,1,6,6,2,37,7,1329,1,9,TOYOTA VERSO,1,E01005321,0,-1
2020010239793,2020,010239793,2,9,0,99,99,9,9,99,99,9,9,99,9,99,1,9,6,6,3,-1,-1,1998,2,8,TOYOTA VERSO,-1,-1,0,-1
202006A278865,2020,06A278865,2,9,0,18,19,5,1,0,0,8,0,0,0,0,3,1,3,7,2,45,7,1998,2,7,TOYOTA VERSO,2,E01005163,0,-1
2020200942069,2020,200942069,2,9,0,18,19,5,1,0,0,0,0,0,0,0,1,1,6,6,2,32,6,1596,1,5,TOYOTA VERSO,4,E01009663,0,-1
2020010271906,2020,010271906,1,9,0,18,19,5,1,0,0,0,0,0,0,0,2,1,6,6,1,47,8,1598,2,5,TOYOTA VERSO,1,E01003515,0,-1
2020522003782,2020,522003782,1,9,0,18,19,1,5,0,0,0,0,0,0,0,1,1,6,6,1,60,9,1998,2,9,TOYOTA VERSO,9,E01014849,0,-1
2020200942404,2020,200942404,1,9,0,18,19,2,6,2,2,8,0,0,0,0,1,1,1,1,1,-1,-1,1798,1,7,TOYOTA VERSO,-1,-1,0,-1
2020200993057,2020,200993057,1,9,0,18,19,8,4,0,0,1,0,0,0,0,1,1,6,6,1,53,8,1998,2,7,TOYOTA VERSO,1,E01009585,0,-1
2020430103625,2020,430103625,2,9,0,18,19,7,3,0,0,8,0,0,0,0,1,1,3,7,2,48,8,1598,2,5,TOYOTA VERSO,3,E01017711,0,-1
2020991005625,2020,991005625,2,8,0,18,19,3,7,0,0,1,1,0,7,11,4,1,1,1,1,38,7,1598,2,4,TOYOTA VERSO,2,-1,0,-1
2020201027087,2020,201027087,1,9,0,18,19,2,6,0,0,1,0,10,7,0,0,1,6,6,1,60,9,1998,2,10,TOYOTA VERSO,2,E01009481,0,-1
2020010260410,2020,010260410,2,9,0,4,4,3,7,0,0,0,0,0,0,0,1,1,6,6,1,38,7,1596,1,10,TOYOTA VERSO,5,E01001708,0,-1
2020200985629,2020,200985629,1,9,0,9,9,1,7,0,0,5,0,0,0,0,3,1,2,2,2,44,7,1598,1,2,TOYOTA VERSO,8,E01009471,0,-1
2020010230391,2020,010230391,2,9,0,99,99,9,9,99,99,9,9,99,9,99,1,9,6,6,3,-1,-1,1798,1,6,TOYOTA VERSO,-1,-1,0,-1
2020440447108,2020,440447108,2,9,0,2,2,0,0,0,0,0,0,0,0,0,2,1,6,6,3,-1,-1,1329,1,8,TOYOTA VERSO,-1,-1,0,-1
2020990968159,2020,990968159,1,9,0,18,19,3,7,0,0,8,0,0,0,0,4,1,6,6,1,33,6,1598,2,5,TOYOTA VERSO,1,-1,0,-1
2020010272939,2020,010272939,1,9,0,18,19,5,1,0,0,2,0,0,0,0,1,1,6,6,1,53,8,1596,1,7,TOYOTA VERSO,10,E01000830,0,-1
2020400960900,2020,400960900,1,9,0,18,19,1,5,0,0,1,0,0,0,0,2,1,5,6,1,49,8,1998,2,7,TOYOTA VERSO,2,E01015781,0,-1
2020010275911,2020,010275911,2,9,0,99,99,9,9,99,99,9,9,99,9,99,9,9,6,6,3,-1,-1,1596,1,8,TOYOTA VERSO,-1,-1,0,-1
2020370991146,2020,370991146,2,9,0,4,4,8,4,0,0,1,0,0,0,0,2,1,3,7,2,41,7,1596,1,9,TOYOTA VERSO,6,E01030056,0,-1
2020450936923,2020,450936923,3,9,0,18,19,1,5,0,0,0,0,0,0,0,2,1,2,2,2,29,6,1798,1,4,TOYOTA VERSO,3,E01031548,0,-1
2020990953005,2020,990953005,2,9,0,18,19,1,5,0,0,0,0,0,0,0,2,1,6,6,1,32,6,1598,2,5,TOYOTA VERSO,1,-1,0,-1
202031D167420,2020,31D167420,2,9,0,18,19,5,1,0,0,0,0,0,0,0,3,1,2,2,2,44,7,1798,1,3,TOYOTA VERSO,3,E01013828,0,-1
2020522100635,2020,522100635,1,9,0,9,9,2,7,0,0,8,0,0,0,0,3,1,6,6,1,52,8,1998,2,9,TOYOTA VERSO,6,E01014633,0,-1
2020040969434,2020,040969434,1,9,0,5,5,3,7,0,0,0,0,0,0,0,3,1,5,6,1,40,7,1598,2,6,TOYOTA VERSO,1,E01025041,0,-1
2020340N08832,2020,340N08832,2,8,0,18,19,1,5,0,0,8,0,0,0,0,4,1,1,1,1,40,7,1598,2,4,TOYOTA VERSO,1,E01027199,0,-1
2020010231567,2020,010231567,2,9,0,99,99,9,9,99,99,9,9,99,9,99,1,9,6,6,3,-1,-1,1596,1,8,TOYOTA VERSO,-1,-1,0,-1