collision_index,collision_year,collision_ref_no,vehicle_reference,vehicle_type,towing_and_articulation,vehicle_manoeuvre_historic,vehicle_manoeuvre,vehicle_direction_from,vehicle_direction_to,vehicle_location_restricted_lane_historic,vehicle_location_restricted_lane,junction_location,skidding_and_overturning,hit_object_in_carriageway,vehicle_leaving_carriageway,hit_object_off_carriageway,first_point_of_impact,vehicle_left_hand_drive,journey_purpose_of_driver_historic,journey_purpose_of_driver,sex_of_driver,age_of_driver,age_band_of_driver,engine_capacity_cc,propulsion_code,age_of_vehicle,generic_make_model,driver_imd_decile,lsoa_of_driver,escooter_flag,driver_distance_banding
2020137161593,2020,137161593,2,9,0,18,19,7,3,0,0,1,0,0,0,0,4,1,6,6,1,47,8,1598,2,3,TOYOTA VERSO,3,E01010665,0,-1
2020010272699,2020,010272699,1,8,0,99,99,9,9,99,99,9,9,99,9,99,9,9,6,6,1,48,8,1998,2,9,TOYOTA VERSO,3,E01003521,0,-1
2020010278219,2020,010278219,1,9,0,3,3,5,1,0,0,0,0,0,0,0,2,1,2,2,1,45,7,1797,1,6,TOYOTA VERSO,-1,-1,0,-1
2020010245087,2020,010245087,2,9,0,99,99,9,9,99,99,9,9,99,9,99,9,9,6,6,2,-1,-1,1998,2,9,TOYOTA VERSO,1,E01002852,0,-1
2020440447828,2020,440447828,1,9,0,4,4,7,3,0,0,1,0,0,0,0,2,1,6,6,2,28,6,1598,1,4,TOYOTA VERSO,6,E01023022,0,-1
2020010261564,2020,010261564,2,9,0,16,19,8,4,0,0,0,1,0,2,10,4,1,6,6,1,34,6,1998,2,7,TOYOTA VERSO,-1,-1,0,-1
2020040940474,2020,040940474,1,9,0,9,9,3,5,0,0,8,0,0,0,0,1,1,6,6,1,45,7,1998,2,8,TOYOTA VERSO,1,E01024876,0,-1
202006K174553,2020,06K174553,1,9,0,18,19,1,5,0,0,8,0,0,0,0,1,1,6,6,1,28,6,1598,2,6,TOYOTA VERSO,3,E01004872,0,-1
2020041010170,2020,041010170,2,9,0,18,19,7,3,0,0,4,0,0,0,0,2,1,5,6,1,52,8,1798,1,3,TOYOTA VERSO,7,E01025102,0,-1
2020010264171,2020,010264171,1,9,0,18,19,2,6,0,0,5,0,0,0,0,3,1,6,6,1,45,7,1798,1,6,TOYOTA VERSO,9,E01000301,0,-1
2020010231819,2020,010231819,2,9,0,10,10,3,8,0,0,5,0,0,0,0,4,1,6,6,2,72,10,1798,1,8,TOYOTA VERSO,9,E01002976,0,-1
2020040980719,2020,040980719,2,9,0,18,19,5,1,0,0,0,0,4,0,0,3,1,3,7,2,79,11,1798,1,5,TOYOTA VERSO,5,E01025580,0,-1
2020010244040,2020,010244040,2,9,0,2,2,0,0,0,0,0,0,0,0,0,3,1,6,6,3,-1,-1,1598,1,3,TOYOTA VERSO,-1,-1,0,-1
2020010255874,2020,010255874,2,9,0,3,3,3,7,0,0,0,0,0,0,0,2,2,1,1,1,52,8,1798,1,5,TOYOTA VERSO,6,E01002373,0,-1
2020010230330,2020,010230330,1,8,0,99,99,9,9,99,99,9,9,99,9,99,9,9,6,6,3,-1,-1,1998,2,7,TOYOTA VERSO,2,E01001961,0,-1
2020420994535,2020,420994535,1,8,0,5,5,5,1,0,0,1,0,0,0,0,1,1,1,1,1,53,8,1998,2,8,TOYOTA VERSO,3,E01015935,0,-1
2020030956516,2020,030956516,2,9,0,18,19,1,5,0,0,0,0,0,0,0,1,1,5,6,2,31,6,1598,1,2,TOYOTA VERSO,3,E01019291,0,-1
2020010235538,2020,010235538,1,9,0,16,19,3,6,0,0,0,0,7,7,0,1,1,6,6,2,55,8,1329,1,9,TOYOTA VERSO,2,E01001660,0,-1
2020010277273,2020,010277273,2,9,0,5,5,5,1,0,0,8,0,0,0,0,1,1,2,2,1,47,8,1596,1,9,TOYOTA VERSO,6,E01001678,0,-1
20201371U0927,2020,1371U0927,2,9,0,18,19,7,3,0,0,0,0,0,0,0,1,1,6,6,1,31,6,1596,1,9,TOYOTA VERSO,3,E01010662,0,-1
2020010261259,2020,010261259,3,9,0,4,4,7,3,0,0,0,0,0,0,0,2,1,6,6,2,69,10,1598,1,2,TOYOTA VERSO,3,E01016846,0,-1
2020440022002,2020,440022002,1,9,0,18,19,4,8,0,0,8,0,0,0,0,1,1,6,6,1,48,8,1797,1,5,TOYOTA VERSO,2,E01022934,0,-1
2020052001706,2020,052001706,1,9,0,18,19,7,3,0,0,0,0,0,0,0,2,1,6,6,1,48,8,1598,2,6,TOYOTA VERSO,1,E01004850,0,-1
2020010243048,2020,010243048,1,9,0,99,99,9,9,99,99,0,9,99,9,99,9,9,6,6,1,72,10,1998,2,7,TOYOTA VERSO,4,E01003684,0,-1
202006A277870,2020,06A277870,1,8,0,18,19,8,4,0,0,8,0,0,0,0,1,1,6,6,1,60,9,1598,2,4,TOYOTA VERSO,2,E01004814,0,-1
2020070708030,2020,070708030,2,9,0,18,19,4,8,0,0,8,0,0,0,0,2,1,1,1,1,-1,-1,1998,2,9,TOYOTA VERSO,2,E01005616,0,-1
2020052001835,2020,052001835,2,9,0,18,19,7,3,0,0,1,0,0,0,0,1,1,6,6,3,-1,-1,1596,1,8,TOYOTA VERSO,-1,-1,0,-1
202031C161420,2020,31C161420,1,9,0,9,9,3,1,0,0,5,0,0,0,0,0,1,6,6,3,-1,-1,1998,2,6,TOYOTA VERSO,-1,-1,0,-1
2020010234938,2020,010234938,2,8,0,4,4,5,1,0,0,0,0,0,0,0,4,9,1,1,1,-1,-1,1596,1,6,TOYOTA VERSO,-1,-1,0,-1
2020461001372,2020,461001372,1,9,0,18,19,1,5,0,0,0,0,0,0,0,1,1,3,7,2,46,8,1798,1,2,TOYOTA VERSO,6,E01016056,0,-1
2020010228715,2020,010228715,2,9,0,99,99,9,9,99,99,9,9,99,9,99,1,9,6,6,3,-1,-1,1329,1,9,TOYOTA VERSO,9,E01003011,0,-1
2020547174320,2020,547174320,2,9,0,2,2,0,0,0,0,0,0,0,0,0,2,1,6,6,2,52,8,1998,2,8,TOYOTA VERSO,7,E01032067,0,-1
2020430048378,2020,430048378,1,8,0,1,1,2,6,9,9,1,0,0,0,0,2,1,1,1,1,45,7,1998,2,8,TOYOTA VERSO,5,E01017907,0,-1
2020480949378,2020,480949378,2,8,0,2,2,0,0,0,0,0,0,0,0,0,2,1,1,1,1,48,8,1598,2,5,TOYOTA VERSO,5,E01003640,0,-1
2020010278327,2020,010278327,1,9,0,18,19,8,4,0,0,0,0,0,0,0,4,1,6,6,1,27,6,1596,1,7,TOYOTA VERSO,3,E01004006,0,-1
2020201015711,2020,201015711,3,9,0,2,2,0,0,0,0,0,0,0,0,0,0,1,6,6,2,39,7,1598,2,4,TOYOTA VERSO,2,E01032265,0,-1
2020420991496,2020,420991496,2,9,0,5,5,1,5,0,0,8,0,0,0,0,3,1,6,6,1,72,10,1984,1,24,-1,7,E01021515,0,-1
2020470957156,2020,470957156,1,9,0,16,19,2,5,0,0,0,5,0,0,0,4,1,5,6,1,22,5,2319,1,25,-1,6,E01031484,0,-1
2020520004690,2020,520004690,1,9,0,9,9,8,6,0,0,5,0,0,0,0,3,1,6,6,1,61,9,2435,1,24,-1,5,E01029137,0,-1
2020010241354,2020,010241354,1,9,0,18,19,7,3,0,0,2,0,0,0,0,1,1,6,6,1,61,9,2435,1,24,-1,5,E01003173,0,-1
2020350970726,2020,350970726,1,9,0,11,11,7,3,7,6,0,1,0,2,7,4,1,5,6,1,25,5,2319,1,25,-1,9,E01031113,0,-1
2020040954616,2020,040954616,1,9,0,18,19,1,5,0,0,0,0,4,0,0,1,1,5,6,1,22,5,2435,1,27,-1,1,E01012678,0,-1
2020010230870,2020,010230870,2,5,0,15,15,5,1,0,0,1,0,0,0,0,1,1,6,6,1,37,7,530,1,2,-1,3,E01001697,0,-1
2020552001171,2020,552001171,1,5,0,14,14,3,7,0,0,0,1,0,0,0,1,1,6,6,1,55,8,530,1,2,-1,6,E01015366,0,-1
2020010245211,2020,010245211,2,5,0,18,19,1,5,0,0,0,5,0,0,0,3,1,2,2,1,32,6,530,1,0,-1,4,E01003914,0,-1
2020010236115,2020,010236115,1,5,0,99,99,9,9,99,99,9,9,99,9,99,2,1,6,6,1,31,6,-1,-1,-1,-1,2,E01001553,0,-1
2020010268448,2020,010268448,2,3,0,18,19,1,5,0,0,2,0,0,0,0,3,1,6,6,1,26,6,530,1,3,-1,7,E01003820,0,-1
2020470917753,2020,470917753,2,5,0,14,14,8,4,0,0,0,0,0,0,0,1,1,6,6,1,51,8,530,1,2,-1,10,E01031797,0,-1
202031D152020,2020,31D152020,2,3,0,18,19,4,8,0,0,0,1,0,0,0,1,1,6,6,2,49,8,125,1,4,-1,8,E01028367,0,-1
2020440114031,2020,440114031,1,3,0,18,19,1,5,0,0,0,0,0,1,7,1,1,6,6,1,17,4,125,1,6,-1,9,E01022874,0,-1
2020470923101,2020,470923101,2,2,0,18,19,6,3,0,0,8,0,0,0,0,0,1,5,6,1,16,4,50,1,1,-1,10,E01031380,0,-1
2020440483210,2020,440483210,2,2,0,18,19,5,1,0,0,8,0,0,0,0,4,1,6,6,1,17,4,50,1,1,-1,3,E01022803,0,-1
2020460944434,2020,460944434,1,2,0,18,19,2,6,0,0,0,0,0,0,0,0,1,6,6,3,-1,-1,49,1,8,-1,-1,-1,0,-1
2020230927452,2020,230927452,2,2,0,3,3,1,5,0,0,1,0,0,0,0,2,1,5,6,1,16,4,50,1,1,-1,9,E01031210,0,-1
2020440093867,2020,440093867,2,3,0,4,4,7,3,0,0,1,0,0,0,0,2,1,6,6,1,16,4,-1,-1,-1,-1,2,E01022969,0,-1
2020200957315,2020,200957315,2,3,0,18,19,7,2,0,0,8,0,0,0,0,3,1,6,6,1,17,4,-1,-1,-1,-1,7,E01009771,0,-1
2020520001722,2020,520001722,2,2,0,18,19,6,2,0,0,1,0,0,0,0,1,1,6,6,1,17,4,49,1,3,-1,10,E01029244,0,-1
2020420968004,2020,420968004,2,2,0,4,4,4,2,0,0,1,0,0,0,0,2,1,6,6,1,16,4,49,1,4,-1,10,E01021618,0,-1
2020070635969,2020,070635969,1,2,0,18,19,2,6,0,0,1,0,0,0,0,2,1,6,6,1,16,4,49,1,3,-1,-1,-1,0,-1
2020420967843,2020,420967843,2,9,0,16,19,3,7,0,0,0,0,0,0,0,1,1,6,6,1,27,6,3956,2,1,-1,10,E01021475,0,-1
2020350963849,2020,350963849,1,9,0,5,5,1,4,0,0,2,0,0,0,0,3,1,5,6,1,52,8,948,1,-1,-1,10,E01018244,0,-1
2020010244871,2020,010244871,1,5,0,5,5,7,3,0,0,3,5,0,0,0,0,1,6,6,1,59,9,1085,1,21,-1,1,E01003047,0,-1
2020140955136,2020,140955136,2,9,0,18,19,6,1,0,0,1,0,0,0,0,2,1,5,6,1,76,11,1399,2,15,FORD FUSION,1,E01007885,0,-1
2020450932884,2020,450932884,2,9,0,18,19,3,7,0,0,1,0,0,0,0,1,1,2,2,1,71,10,1388,1,11,FORD FUSION,7,E01030956,0,-1
2020440495488,2020,440495488,1,9,0,17,19,5,2,0,0,0,2,0,0,0,4,1,6,6,2,30,6,1388,1,16,FORD FUSION,5,E01017027,0,-1
2020350993419,2020,350993419,2,9,0,9,9,5,4,0,0,2,0,0,7,9,3,1,5,6,1,26,6,1388,1,8,FORD FUSION,9,E01018307,0,-1
2020320524090,2020,320524090,1,9,0,13,13,3,7,0,0,0,1,0,1,0,3,1,6,6,1,31,6,1388,1,13,FORD FUSION,5,E01028134,0,-1
2020200994434,2020,200994434,2,9,0,2,2,0,0,0,0,2,0,0,0,0,2,1,3,7,2,47,8,1596,1,11,FORD FUSION,6,E01009531,0,-1
2020420926038,2020,420926038,1,9,0,18,19,3,7,0,0,0,0,0,0,0,4,1,6,6,1,30,6,1399,2,14,FORD FUSION,6,E01021702,0,-1
2020420919504,2020,420919504,1,9,0,18,19,3,5,0,0,8,0,0,0,0,3,1,2,2,2,46,8,1388,1,13,FORD FUSION,3,E01015862,0,-1
2020530932041,2020,530932041,1,9,0,18,19,6,2,0,0,0,1,0,7,4,1,1,6,6,1,18,4,1399,2,17,FORD FUSION,5,E01022244,0,-1
2020101001321,2020,101001321,2,9,0,18,19,3,7,0,0,8,0,0,0,0,1,1,5,6,1,53,8,1596,1,12,FORD FUSION,4,E01027498,0,-1
2020440488806,2020,440488806,1,9,0,5,5,3,7,0,0,1,0,0,7,0,3,1,6,6,2,58,9,1388,1,8,FORD FUSION,3,E01017349,0,-1
2020010249737,2020,010249737,2,9,0,16,19,5,1,0,0,0,0,0,0,0,0,1,6,6,1,76,11,1388,1,17,FORD FUSION,4,E01015952,0,-1
2020201015276,2020,201015276,4,9,0,2,2,0,0,0,0,0,0,4,0,0,2,1,6,6,1,52,8,1596,1,9,FORD FUSION,2,E01010463,0,-1
2020302001445,2020,302001445,1,9,0,18,19,3,1,0,0,0,0,0,0,0,1,1,6,6,1,72,10,1560,2,12,FORD FUSION,8,E01007756,0,-1
2020040989574,2020,040989574,1,9,0,18,19,1,5,0,0,1,5,0,0,0,1,1,6,6,1,32,6,1399,2,15,FORD FUSION,6,E01005694,0,-1
20201378U0200,2020,1378U0200,1,9,0,18,19,3,7,0,0,0,0,0,0,0,1,1,6,6,2,28,6,1388,1,17,FORD FUSION,2,E01011149,0,-1
202031C139920,2020,31C139920,2,9,0,18,19,4,8,0,0,1,0,0,0,0,2,1,6,6,2,56,9,1388,1,12,FORD FUSION,2,E01013886,0,-1
2020552001003,2020,552001003,1,9,0,9,9,7,5,0,0,6,0,0,0,0,1,1,3,7,1,27,6,1388,1,16,FORD FUSION,3,E01020564,0,-1
2020350938685,2020,350938685,2,9,0,3,3,8,4,0,0,0,0,0,0,0,2,1,5,6,1,32,6,1596,1,15,FORD FUSION,8,E01015682,0,-1
2020451006194,2020,451006194,1,9,0,18,19,5,1,0,0,0,0,0,0,0,1,1,5,6,2,33,6,1388,1,14,FORD FUSION,5,E01030747,0,-1
2020360937387,2020,360937387,2,9,0,18,19,6,2,0,0,8,0,0,0,0,4,1,5,6,2,21,5,1388,1,16,FORD FUSION,6,E01026919,0,-1
2020210987091,2020,210987091,1,9,0,18,19,8,4,0,0,8,0,0,0,0,1,1,2,2,1,60,9,1399,2,15,FORD FUSION,1,E01029566,0,-1
2020041006415,2020,041006415,1,9,0,4,4,7,3,0,0,0,1,0,0,0,1,1,5,6,1,59,9,1596,1,10,FORD FUSION,4,E01033071,0,-1
2020211008871,2020,211008871,3,9,0,3,3,1,5,0,0,3,0,0,0,0,2,1,6,6,1,71,10,1560,2,10,FORD FUSION,6,E01019629,0,-1
2020360945054,2020,360945054,1,9,0,18,19,2,6,0,0,0,0,0,0,0,1,1,5,6,1,70,10,1388,1,12,FORD FUSION,4,E01026602,0,-1
2020200943238,2020,200943238,3,9,0,2,2,0,0,0,0,2,0,0,0,0,3,1,6,6,1,42,7,1596,1,11,FORD FUSION,1,E01010366,0,-1
2020371008864,2020,371008864,1,9,0,18,19,8,4,0,0,0,0,0,0,0,1,1,3,7,2,23,5,1388,1,14,FORD FUSION,6,E01030209,0,-1
2020010278744,2020,010278744,1,9,0,5,5,7,3,0,0,8,0,0,0,0,1,1,6,6,2,30,6,1388,1,17,FORD FUSION,2,E01004185,0,-1
2020460932626,2020,460932626,3,9,0,18,19,5,1,0,0,0,0,0,0,0,2,1,5,6,2,38,7,1388,1,14,FORD FUSION,3,E01016084,0,-1
2020122000337,2020,122000337,1,9,0,5,5,1,7,0,0,6,0,0,0,0,1,1,1,1,1,81,11,1596,1,12,FORD FUSION,8,E01013403,0,-1
2020370965820,2020,370965820,3,9,0,2,2,0,0,0,0,0,0,0,0,0,1,1,5,6,1,67,10,1388,1,11,FORD FUSION,4,E01030295,0,-1
2020052002684,2020,052002684,1,9,0,18,19,2,6,0,0,0,1,0,0,0,1,1,6,6,1,86,11,1399,2,14,FORD FUSION,2,E01006723,0,-1
2020420925855,2020,420925855,1,9,0,7,7,5,1,0,0,5,0,0,3,5,1,1,5,6,1,56,9,1388,1,15,FORD FUSION,7,E01002255,0,-1
2020040920470,2020,040920470,2,9,0,9,9,7,5,0,0,4,0,0,0,0,1,1,5,6,2,57,9,1388,1,16,FORD FUSION,6,E01025500,0,-1
2020470952519,2020,470952519,1,9,0,18,19,2,6,0,0,0,0,0,1,4,1,1,5,6,1,75,10,1388,1,14,FORD FUSION,3,E01021048,0,-1
2020460947472,2020,460947472,2,9,0,2,2,0,0,0,0,0,0,0,0,0,2,1,5,6,1,44,7,1596,1,16,FORD FUSION,6,E01024314,0,-1
2020010260725,2020,010260725,2,9,0,99,99,9,9,99,99,9,9,99,9,99,1,9,6,6,3,-1,-1,1596,1,13,FORD FUSION,7,E01030833,0,-1
2020420983735,2020,420983735,1,9,0,18,19,5,7,0,0,4,0,0,0,0,1,1,6,6,1,77,11,1388,1,12,FORD FUSION,4,E01021425,0,-1
2020201021842,2020,201021842,3,9,0,2,2,0,0,0,0,2,0,0,0,0,3,1,6,6,2,38,7,1388,1,15,FORD FUSION,1,E01009155,0,-1
2020040940036,2020,040940036,2,9,0,8,8,8,2,0,0,1,0,0,0,0,4,1,5,6,1,29,6,1596,1,17,FORD FUSION,1,E01025287,0,-1
2020010269247,2020,010269247,4,9,0,2,2,0,0,0,0,0,0,0,0,0,0,2,6,6,3,-1,-1,1596,1,11,FORD FUSION,-1,-1,0,-1
2020520100432,2020,520100432,1,9,0,10,10,7,3,0,0,8,0,0,0,0,2,1,6,6,1,32,6,1388,1,17,FORD FUSION,6,E01029240,0,-1
2020302000545,2020,302000545,2,9,0,18,19,7,2,0,0,5,0,0,0,0,1,1,6,6,1,56,9,1399,2,13,FORD FUSION,8,E01019734,0,-1
2020210973869,2020,210973869,2,9,0,4,4,5,8,0,0,4,0,0,0,0,2,1,6,6,2,39,7,1560,2,12,FORD FUSION,4,E01029783,0,-1
2020552000340,2020,552000340,1,9,0,18,19,8,4,0,0,8,0,0,0,0,1,1,6,6,1,19,4,1560,2,15,FORD FUSION,8,E01020514,0,-1
2020140980303,2020,140980303,2,9,0,18,19,1,5,0,0,0,0,0,0,0,1,1,6,6,3,-1,-1,1399,2,16,FORD FUSION,-1,-1,0,-1
2020200982284,2020,200982284,1,9,0,17,19,6,4,0,0,2,0,10,1,0,3,1,2,2,1,19,4,1388,1,14,FORD FUSION,7,E01009805,0,-1
2020302001270,2020,302001270,1,9,0,9,9,1,3,0,0,6,0,0,0,0,3,1,6,6,1,40,7,1596,1,11,FORD FUSION,1,E01019663,0,-1
2020010269922,2020,010269922,2,9,0,99,99,9,9,99,99,9,9,99,9,99,9,9,6,6,3,30,6,1388,1,13,FORD FUSION,-1,-1,0,-1
2020420950175,2020,420950175,1,9,0,7,7,5,3,0,0,0,0,0,0,0,1,1,5,6,2,65,9,1560,2,10,FORD FUSION,4,E01021815,0,-1
2020420939302,2020,420939302,1,9,0,18,19,1,5,0,0,0,0,4,0,0,1,1,6,6,2,44,7,1399,2,16,FORD FUSION,7,E01021950,0,-1
2020430333528,2020,430333528,1,9,0,18,19,8,4,0,0,8,1,0,0,0,2,1,6,6,1,54,8,1388,1,12,FORD FUSION,4,E01016391,0,-1
2020460990253,2020,460990253,1,9,0,18,19,3,7,0,0,0,0,0,1,0,1,1,2,2,1,47,8,1399,2,12,FORD FUSION,7,E01024521,0,-1
2020520000454,2020,520000454,1,9,0,18,19,6,2,0,0,1,0,0,0,0,1,1,6,6,2,19,4,1388,1,15,FORD FUSION,5,E01029101,0,-1
2020547426420,2020,547426420,1,9,0,18,19,7,3,0,0,0,0,6,1,11,4,1,1,1,2,32,6,1399,2,16,FORD FUSION,9,E01031880,0,-1
2020010265099,2020,010265099,3,9,0,18,19,3,7,0,0,8,0,0,0,0,3,1,6,6,1,71,10,1399,2,10,FORD FUSION,6,E01004626,0,-1
2020411006727,2020,411006727,1,9,0,18,19,8,4,0,0,0,0,0,0,0,1,1,6,6,2,-1,-1,1388,1,15,FORD FUSION,-1,-1,0,-1
2020340E03362,2020,340E03362,1,9,0,18,19,3,7,0,0,8,0,0,0,0,1,1,6,6,1,47,8,1596,1,12,FORD FUSION,3,E01027058,0,-1
2020040984544,2020,040984544,1,9,0,18,19,7,3,0,0,0,0,0,0,0,1,1,6,6,1,43,7,1399,2,12,FORD FUSION,1,E01025136,0,-1
2020990961346,2020,990961346,3,9,0,18,19,1,5,0,0,1,0,0,0,0,1,1,5,6,2,40,7,1560,2,14,FORD FUSION,-1,-1,0,-1
2020470992230,2020,470992230,2,9,0,18,19,5,1,0,0,0,0,0,0,0,1,1,5,6,1,77,11,1560,2,11,FORD FUSION,7,E01031527,0,-1
2020210936353,2020,210936353,1,9,0,9,9,5,3,0,0,0,0,0,0,0,1,1,6,6,1,31,6,1399,2,12,FORD FUSION,9,E01029375,0,-1
2020990993645,2020,990993645,1,9,0,18,19,7,4,0,0,1,0,0,0,0,4,1,5,6,2,31,6,1388,1,10,FORD FUSION,2,-1,0,-1
202006P275507,2020,06P275507,1,9,0,18,19,2,6,0,0,1,0,0,0,0,1,1,6,6,3,-1,-1,1399,2,13,FORD FUSION,-1,-1,0,-1
2020200997180,2020,200997180,1,9,0,18,19,4,8,0,0,8,0,0,0,0,4,1,6,6,1,57,9,1560,2,13,FORD FUSION,10,E01028845,0,-1
2020420961286,2020,420961286,1,9,0,4,4,2,6,0,0,2,0,0,0,0,3,1,6,6,1,63,9,1560,2,13,FORD FUSION,5,E01021921,0,-1
2020460934105,2020,460934105,1,9,0,4,4,2,6,0,0,0,0,0,0,0,2,1,5,6,1,21,5,1388,1,16,FORD FUSION,3,E01024497,0,-1
2020990989950,2020,990989950,1,9,0,1,1,1,6,9,9,0,0,0,7,10,2,1,5,6,1,79,11,1596,1,11,FORD FUSION,9,-1,0,-1
2020400920033,2020,400920033,1,9,0,18,19,8,2,0,0,1,0,0,0,0,1,1,6,6,1,24,5,1399,2,14,FORD FUSION,2,E01023404,0,-1
2020201017926,2020,201017926,2,9,0,18,19,4,8,0,0,8,0,0,0,0,1,1,1,1,1,47,8,1388,1,14,FORD FUSION,2,E01010419,0,-1
2020470915013,2020,470915013,1,9,0,18,19,4,8,0,0,0,5,12,7,0,1,1,5,6,2,83,11,1596,1,12,FORD FUSION,8,E01021170,0,-1
2020440487099,2020,440487099,1,9,0,18,19,5,1,0,0,2,0,0,0,0,1,1,6,6,2,78,11,1388,1,15,FORD FUSION,4,E01022936,0,-1
2020500972948,2020,500972948,2,9,0,3,3,8,4,0,0,1,0,0,0,0,2,1,5,6,1,60,9,1399,2,11,FORD FUSION,9,E01015121,0,-1
2020552001162,2020,552001162,1,9,0,18,19,5,1,0,0,0,0,0,0,0,4,1,3,7,2,39,7,1596,1,11,FORD FUSION,6,E01032010,0,-1
2020360992607,2020,360992607,1,9,0,18,19,5,2,0,0,1,0,0,0,0,3,1,6,6,1,31,6,1596,1,16,FORD FUSION,3,E01026596,0,-1
2020350932452,2020,350932452,1,9,0,16,19,1,5,0,0,0,0,0,5,6,1,1,6,6,2,44,7,1596,1,15,FORD FUSION,1,E01015661,0,-1
2020361009833,2020,361009833,2,9,0,18,19,2,6,0,0,0,0,0,1,0,2,1,6,6,1,62,9,1388,1,10,FORD FUSION,8,E01026895,0,-1
2020010282492,2020,010282492,1,9,0,99,99,9,9,99,99,9,9,99,9,99,2,9,2,2,2,57,9,1596,1,15,FORD FUSION,7,E01017828,0,-1
2020010277813,2020,010277813,1,9,0,4,4,6,2,0,0,1,0,0,0,0,3,1,6,6,2,29,6,1596,1,10,FORD FUSION,4,E01001050,0,-1
202063A009320,2020,63A009320,1,9,0,18,19,7,3,0,0,0,2,0,8,6,1,1,6,6,1,27,6,1388,1,13,FORD FUSION,5,W01000629,0,-1
2020140991636,2020,140991636,1,9,0,18,19,1,5,0,0,0,0,0,0,0,1,1,1,1,2,45,7,1388,1,10,FORD FUSION,4,E01008019,0,-1
2020500965177,2020,500965177,2,9,0,16,19,5,1,0,0,0,0,0,0,0,1,1,5,6,2,40,7,1388,1,14,FORD FUSION,6,E01018826,0,-1
2020552000982,2020,552000982,1,9,0,18,19,8,4,0,0,0,0,0,0,0,1,1,6,6,1,83,11,1388,1,12,FORD FUSION,7,E01019935,0,-1
202031A021020,2020,31A021020,1,9,0,7,7,4,6,0,0,6,0,0,1,0,3,1,6,6,1,69,10,1388,1,15,FORD FUSION,2,E01028279,0,-1
2020052001895,2020,052001895,2,9,0,7,7,1,3,0,0,5,0,0,0,0,2,1,6,6,2,37,7,1399,2,13,FORD FUSION,2,E01006899,0,-1
2020360939230,2020,360939230,1,9,0,18,19,5,1,0,0,0,1,0,1,0,1,1,2,2,1,41,7,1388,1,12,FORD FUSION,4,E01026651,0,-1
2020010253610,2020,010253610,2,9,0,18,19,5,1,0,0,8,0,0,0,0,2,1,6,6,1,65,9,1399,2,14,FORD FUSION,5,E01002426,0,-1
2020411001826,2020,411001826,1,9,0,18,19,4,1,0,0,0,0,0,0,0,1,1,5,6,1,70,10,1596,1,12,FORD FUSION,8,E01023552,0,-1
2020500946320,2020,500946320,1,9,0,18,19,8,4,0,0,0,0,0,0,0,1,1,6,6,1,83,11,1388,1,16,FORD FUSION,6,E01015039,0,-1
2020470969035,2020,470969035,1,9,0,18,19,6,2,0,0,0,0,0,1,4,1,1,5,6,1,42,7,1399,2,14,FORD FUSION,7,E01031781,0,-1
2020548032320,2020,548032320,4,9,0,18,19,1,4,0,0,0,0,0,0,0,2,1,6,6,1,27,6,1560,2,11,FORD FUSION,6,E01031853,0,-1
2020360983329,2020,360983329,1,9,0,18,19,1,5,0,0,0,0,0,0,0,4,1,6,6,2,87,11,1388,1,12,FORD FUSION,6,E01026611,0,-1
2020501003590,2020,501003590,2,9,0,18,19,7,3,0,0,0,0,0,0,0,1,1,5,6,1,26,6,1388,1,17,FORD FUSION,10,E01020042,0,-1
2020122000863,2020,122000863,2,9,0,18,19,1,5,0,0,8,0,0,0,0,1,1,6,6,1,75,10,1596,1,14,FORD FUSION,9,E01013405,0,-1
2020401001902,2020,401001902,2,9,-1,3,3,6,8,0,0,0,0,0,0,0,2,1,2,2,2,33,6,1399,2,17,FORD FUSION,6,E01017550,0,-1
2020030924177,2020,030924177,2,9,0,3,3,0,0,0,0,0,0,0,0,0,1,1,1,1,2,45,7,1399,2,12,FORD FUSION,4,E01019150,0,-1
2020500977004,2020,500977004,1,9,0,18,19,4,2,0,0,8,0,0,0,0,1,1,5,6,1,64,9,1596,1,9,FORD FUSION,6,E01020209,0,-1
2020360959757,2020,360959757,4,9,0,4,4,3,7,0,0,0,0,0,0,0,2,1,5,6,2,28,6,1560,2,13,FORD FUSION,7,E01026539,0,-1
2020350968700,2020,350968700,1,9,0,18,19,4,5,0,0,1,0,0,0,0,1,1,6,6,3,-1,-1,1388,1,18,FORD FUSION,-1,-1,0,-1
2020370937795,2020,370937795,1,9,0,17,19,5,2,0,0,0,0,0,0,0,1,1,5,6,2,20,4,1388,1,18,FORD FUSION,1,E01030035,0,-1