collision_index,collision_year,collision_ref_no,vehicle_reference,vehicle_type,towing_and_articulation,vehicle_manoeuvre_historic,vehicle_manoeuvre,vehicle_direction_from,vehicle_direction_to,vehicle_location_restricted_lane_historic,vehicle_location_restricted_lane,junction_location,skidding_and_overturning,hit_object_in_carriageway,vehicle_leaving_carriageway,hit_object_off_carriageway,first_point_of_impact,vehicle_left_hand_drive,journey_purpose_of_driver_historic,journey_purpose_of_driver,sex_of_driver,age_of_driver,age_band_of_driver,engine_capacity_cc,propulsion_code,age_of_vehicle,generic_make_model,driver_imd_decile,lsoa_of_driver,escooter_flag,driver_distance_banding
2020420998428,2020,420998428,1,9,0,18,19,1,5,0,0,0,0,0,0,0,1,1,2,2,1,38,7,1388,1,17,FORD FUSION,7,E01021294,0,-1
2020501015641,2020,501015641,1,9,0,18,19,4,8,0,0,0,0,0,0,0,1,1,5,6,1,74,10,1388,1,13,FORD FUSION,4,E01018881,0,-1
2020522100747,2020,522100747,2,9,0,18,19,5,1,0,0,8,1,0,7,9,4,1,6,6,1,76,11,1596,1,11,FORD FUSION,10,E01014798,0,-1
2020500929156,2020,500929156,2,9,0,2,2,0,0,0,0,1,0,0,0,0,1,1,6,6,2,22,5,1388,1,16,FORD FUSION,3,E01015168,0,-1
2020500934201,2020,500934201,2,9,0,4,4,4,8,0,0,0,0,0,0,0,1,1,5,6,1,72,10,1596,1,14,FORD FUSION,4,E01020254,0,-1
2020500981661,2020,500981661,1,9,0,18,19,3,7,0,0,0,5,0,1,9,4,1,6,6,2,61,9,1596,1,11,FORD FUSION,4,E01018961,0,-1
2020230999233,2020,230999233,2,9,0,16,19,1,4,0,0,0,0,0,0,0,1,1,5,6,1,62,9,1596,1,14,FORD FUSION,7,E01031224,0,-1
2020420951567,2020,420951567,1,9,0,5,5,4,8,0,0,8,0,0,7,4,3,1,5,6,2,61,9,1596,1,12,FORD FUSION,4,E01021894,0,-1
2020010252077,2020,010252077,2,9,0,18,19,6,2,0,0,0,0,0,0,0,1,1,6,6,1,60,9,1596,1,14,FORD FUSION,3,E01016520,0,-1
2020430248599,2020,430248599,1,9,0,1,1,7,3,0,0,6,0,0,0,0,2,1,6,6,1,82,11,1388,1,14,FORD FUSION,7,E01017713,0,-1
2020471006279,2020,471006279,1,9,0,18,19,7,3,0,0,6,0,0,0,0,1,1,5,6,1,21,5,1388,1,12,FORD FUSION,6,E01016970,0,-1
2020010256727,2020,010256727,1,9,0,18,19,3,7,0,0,0,0,0,0,0,1,2,6,6,1,32,6,1388,1,10,FORD FUSION,3,E01003605,0,-1
2020552100107,2020,552100107,2,9,0,4,4,4,8,0,0,8,0,0,0,0,2,1,6,6,2,31,6,1399,2,11,FORD FUSION,8,E01029205,0,-1
2020552000829,2020,552000829,1,9,0,9,9,7,5,5,5,5,0,0,0,0,4,1,6,6,1,67,10,1596,1,9,FORD FUSION,8,E01020473,0,-1
202031A108020,2020,31A108020,1,9,0,7,7,4,6,0,0,5,0,10,1,1,1,1,6,6,1,39,7,1399,2,13,FORD FUSION,2,E01028284,0,-1
202006Q174178,2020,06Q174178,2,9,0,18,19,1,4,0,0,8,0,0,1,0,4,1,6,6,1,23,5,1596,1,17,FORD FUSION,-1,-1,0,-1
2020420952893,2020,420952893,2,9,0,18,19,3,7,0,0,0,0,0,0,0,1,1,2,2,1,41,7,1388,1,12,FORD FUSION,7,E01021505,0,-1
2020440375990,2020,440375990,1,9,0,12,12,1,5,0,0,7,0,0,0,0,1,1,2,2,2,50,8,1388,1,13,FORD FUSION,7,E01017047,0,-1
2020361000137,2020,361000137,1,9,0,18,19,4,8,0,0,4,0,0,0,0,1,1,6,6,2,38,7,1388,1,17,FORD FUSION,3,E01018094,0,-1
2020211025127,2020,211025127,2,9,0,18,19,7,3,-1,-1,8,0,0,0,0,4,1,3,7,2,40,7,1560,2,12,FORD FUSION,4,E01029783,0,-1
2020170S31460,2020,170S31460,1,9,0,18,19,2,6,0,0,0,0,0,0,0,4,1,6,6,1,74,10,1388,1,13,FORD FUSION,6,E01012290,0,-1
2020010260480,2020,010260480,1,9,0,18,19,1,5,0,0,3,0,0,0,0,2,1,6,6,1,35,6,1596,1,16,FORD FUSION,9,E01002256,0,-1
2020460931689,2020,460931689,2,9,0,2,2,0,0,0,0,0,0,0,0,0,3,1,5,6,1,80,11,1596,1,11,FORD FUSION,8,E01032812,0,-1
2020520002054,2020,520002054,1,9,0,18,19,6,2,0,0,6,0,0,0,0,1,1,6,6,1,77,11,1388,1,13,FORD FUSION,4,E01029335,0,-1
2020420998616,2020,420998616,1,9,0,7,7,5,7,0,0,1,0,0,0,0,1,1,6,6,2,-1,-1,1388,1,15,FORD FUSION,3,E01021312,0,-1
2020010228805,2020,010228805,1,9,0,9,9,3,1,0,0,5,0,0,0,0,1,1,6,6,2,46,8,1388,1,13,FORD FUSION,2,E01004398,0,-1
2020351007138,2020,351007138,1,9,0,18,19,5,5,0,0,0,0,0,0,0,0,1,5,6,2,68,10,1388,1,10,FORD FUSION,8,E01023656,0,-1
2020200972147,2020,200972147,1,9,0,9,9,4,1,0,0,8,1,10,7,0,4,1,2,2,2,43,7,1399,2,14,FORD FUSION,3,E01009757,0,-1
2020420933919,2020,420933919,2,9,0,10,10,1,7,0,0,1,0,0,0,0,2,1,5,6,2,59,9,1388,1,12,FORD FUSION,8,E01021944,0,-1
202031D037920,2020,31D037920,2,9,0,6,6,5,5,0,0,0,0,0,0,0,3,1,2,2,1,18,4,1388,1,18,FORD FUSION,5,E01019436,0,-1
2020170S31830,2020,170S31830,1,9,0,4,4,3,1,0,0,4,0,0,0,0,2,1,6,6,1,47,8,1596,1,10,FORD FUSION,-1,-1,0,-1
2020200966887,2020,200966887,3,9,0,2,2,0,0,0,0,1,0,0,0,0,1,1,6,6,3,-1,-1,1388,1,15,FORD FUSION,-1,-1,0,-1
2020552000494,2020,552000494,2,9,0,2,2,0,0,0,0,0,0,0,0,0,2,1,6,6,3,-1,-1,1388,1,16,FORD FUSION,-1,-1,0,-1
2020440333298,2020,440333298,1,9,0,18,19,2,6,0,0,8,0,0,0,0,1,1,6,6,3,-1,-1,1399,2,17,FORD FUSION,-1,-1,0,-1
2020430159284,2020,430159284,1,9,0,18,19,4,8,0,0,4,0,0,0,0,3,1,6,6,1,19,4,1388,1,9,FORD FUSION,7,E01021904,0,-1
2020420999295,2020,420999295,2,9,0,9,9,7,3,0,0,1,0,0,0,0,3,1,6,6,1,66,10,1388,1,9,FORD FUSION,3,E01021669,0,-1
2020520004385,2020,520004385,3,9,0,3,3,1,5,0,0,1,0,0,0,0,2,1,6,6,1,72,10,1560,2,12,FORD FUSION,8,E01029194,0,-1
2020420923344,2020,420923344,2,9,0,7,7,8,3,0,0,3,0,0,0,0,1,1,5,6,2,51,8,1388,1,14,FORD FUSION,9,E01021727,0,-1
2020010232799,2020,010232799,1,9,0,5,5,6,2,0,0,2,1,4,0,0,1,1,6,6,1,84,11,1596,1,11,FORD FUSION,1,E01000917,0,-1
20201377U0254,2020,1377U0254,1,9,0,18,19,1,4,0,0,0,2,0,2,0,1,1,1,1,1,36,7,1388,1,14,FORD FUSION,3,E01007351,0,-1
2020350987814,2020,350987814,1,9,0,7,7,7,3,0,0,5,0,0,0,0,1,1,5,6,1,76,11,1596,1,14,FORD FUSION,5,E01032526,0,-1
2020230950508,2020,230950508,1,9,0,18,19,3,7,0,0,0,0,0,0,0,3,1,1,1,2,48,8,1399,2,14,FORD FUSION,1,E01009306,0,-1
2020302001674,2020,302001674,1,9,0,3,3,8,4,0,0,1,0,0,0,0,2,1,6,6,2,59,9,1399,2,10,FORD FUSION,4,E01019526,0,-1
2020010266071,2020,010266071,2,9,9,99,99,9,9,99,99,9,9,99,9,99,9,9,6,6,1,73,10,1388,1,15,FORD FUSION,7,E01001280,0,-1
2020461017107,2020,461017107,2,9,0,10,10,1,7,0,0,5,0,0,0,0,1,1,6,6,1,29,6,1388,1,15,FORD FUSION,5,E01024356,0,-1
2020052001512,2020,052001512,3,9,0,3,3,5,1,0,0,0,0,0,0,0,2,1,1,1,1,48,8,1560,2,14,FORD FUSION,1,E01007215,0,-1
2020110993845,2020,110993845,1,9,0,18,19,3,7,0,0,0,5,0,7,0,1,1,5,6,1,23,5,1399,2,17,FORD FUSION,1,E01012068,0,-1
2020100923394,2020,100923394,1,9,0,18,19,1,4,0,0,0,0,0,0,0,1,1,5,6,1,89,11,1388,1,13,FORD FUSION,8,E01008351,0,-1
2020471002452,2020,471002452,2,9,0,18,19,3,6,0,0,1,0,0,1,0,3,1,6,6,1,20,4,1596,1,11,FORD FUSION,6,E01021186,0,-1
2020010277190,2020,010277190,2,9,0,2,2,0,0,9,9,0,0,0,0,0,2,1,6,6,3,-1,-1,1388,1,17,FORD FUSION,-1,-1,0,-1
2020010250346,2020,010250346,2,9,0,2,2,0,0,0,0,0,0,0,0,0,2,2,6,6,3,-1,-1,1388,1,17,FORD FUSION,-1,-1,0,-1
2020440486175,2020,440486175,2,9,0,18,19,3,7,0,0,8,0,0,0,0,1,1,6,6,2,42,7,1388,1,13,FORD FUSION,3,E01017075,0,-1
202063C005920,2020,63C005920,1,9,0,18,19,6,2,0,0,0,1,0,2,10,1,1,2,2,2,43,7,1596,1,17,FORD FUSION,6,W01000558,0,-1
2020370940816,2020,370940816,1,9,0,18,19,1,7,0,0,8,0,0,0,0,1,1,5,6,2,67,10,1596,1,16,FORD FUSION,6,E01021313,0,-1
202063B024420,2020,63B024420,2,9,0,18,19,6,2,0,0,0,2,0,2,10,1,1,6,6,1,76,11,1388,1,12,FORD FUSION,7,W01000532,0,-1
2020220969433,2020,220969433,1,9,0,18,19,1,5,0,0,0,0,0,0,0,3,1,5,6,1,33,6,1388,1,17,FORD FUSION,6,E01029192,0,-1
202006A277946,2020,06A277946,1,9,0,9,9,7,5,0,0,1,0,0,0,0,1,1,6,6,2,44,7,1388,1,10,FORD FUSION,3,E01005536,0,-1
2020460927449,2020,460927449,2,9,0,9,9,3,1,0,0,0,0,0,0,0,4,1,6,6,2,66,10,1596,1,15,FORD FUSION,5,E01024588,0,-1
2020420965372,2020,420965372,2,9,0,18,19,1,5,0,0,0,1,0,8,7,4,2,5,6,1,75,10,1388,1,11,FORD FUSION,6,E01002296,0,-1
2020230971079,2020,230971079,1,9,0,18,19,8,4,0,0,8,0,0,0,0,1,1,5,6,1,45,7,1560,2,13,FORD FUSION,3,E01031047,0,-1
2020450971608,2020,450971608,2,9,0,18,19,6,2,0,0,8,0,0,0,0,4,1,5,6,1,45,7,1388,1,14,FORD FUSION,9,E01023115,0,-1
2020140962415,2020,140962415,1,9,0,12,12,1,5,8,6,0,0,0,0,0,1,1,6,6,3,-1,-1,1388,1,15,FORD FUSION,-1,-1,0,-1
2020622000719,2020,622000719,2,9,0,18,19,7,3,0,0,0,0,0,5,6,2,1,6,6,1,54,8,1596,1,17,FORD FUSION,10,W01001842,0,-1
2020622000455,2020,622000455,3,9,0,2,2,0,0,0,0,1,0,0,0,0,2,1,6,6,3,-1,-1,1388,1,11,FORD FUSION,-1,-1,0,-1
2020460965666,2020,460965666,2,9,0,4,4,1,5,0,0,0,0,10,1,0,1,1,6,6,2,32,6,1388,1,16,FORD FUSION,9,E01024734,0,-1
2020460917143,2020,460917143,1,9,0,1,1,1,1,0,0,0,0,7,0,0,2,1,5,6,2,81,11,1596,1,15,FORD FUSION,3,E01016102,0,-1
2020430073660,2020,430073660,1,9,0,16,19,2,5,0,0,0,0,0,0,0,1,1,6,6,1,18,4,1596,1,11,FORD FUSION,9,E01033515,0,-1
2020470993676,2020,470993676,1,9,0,16,19,2,6,0,0,1,0,0,0,0,1,1,5,6,1,19,4,1388,1,13,FORD FUSION,4,E01031806,0,-1
2020370938349,2020,370938349,1,9,0,18,19,7,3,0,0,4,0,0,0,0,3,1,5,6,1,79,11,1399,2,13,FORD FUSION,2,E01030274,0,-1
2020411013112,2020,411013112,1,9,0,5,5,0,0,0,0,4,0,0,0,0,2,1,5,6,2,34,6,1560,2,10,FORD FUSION,9,E01021825,0,-1
2020410944636,2020,410944636,2,9,0,4,4,3,7,0,0,0,0,0,0,0,1,1,5,6,1,71,10,1596,1,14,FORD FUSION,9,E01023854,0,-1
2020100993177,2020,100993177,2,9,0,3,3,5,1,0,0,1,0,0,0,0,2,1,2,2,2,65,9,1596,1,16,FORD FUSION,3,E01008487,0,-1
2020370957101,2020,370957101,2,9,0,18,19,3,3,0,0,0,0,0,0,0,2,1,5,6,2,64,9,1388,1,16,FORD FUSION,10,E01030045,0,-1
202006Q169066,2020,06Q169066,2,9,0,9,9,7,5,0,0,8,0,0,0,0,1,1,2,2,1,25,5,1596,1,17,FORD FUSION,2,E01005323,0,-1
2020052002176,2020,052002176,2,9,0,3,3,4,8,0,0,1,0,0,0,0,2,1,6,6,1,50,8,1596,1,16,FORD FUSION,2,E01006763,0,-1
2020420999275,2020,420999275,1,9,0,18,19,3,7,0,0,1,0,0,0,0,1,1,5,6,1,23,5,1388,1,13,FORD FUSION,8,E01021729,0,-1
2020420923554,2020,420923554,1,9,0,18,19,4,8,0,0,0,0,0,0,0,1,1,2,2,1,24,5,1596,1,17,FORD FUSION,4,E01015905,0,-1
2020200989720,2020,200989720,1,9,0,18,19,6,2,0,0,8,0,7,1,10,1,1,6,6,1,-1,-1,1596,1,12,FORD FUSION,-1,-1,0,-1
202031B180920,2020,31B180920,2,9,0,18,19,1,5,0,0,0,0,0,0,0,1,1,1,1,2,57,9,1596,1,18,FORD FUSION,4,E01026379,0,-1
2020340370182,2020,340370182,1,9,0,18,19,4,8,0,0,0,0,0,0,0,1,1,2,2,1,20,4,1388,1,14,FORD FUSION,4,E01009770,0,-1
2020540071319,2020,540071319,2,9,0,4,4,4,8,0,0,1,0,0,0,0,2,1,6,6,2,51,8,1560,2,12,FORD FUSION,9,E01015483,0,-1
2020140961650,2020,140961650,2,9,0,18,19,7,5,0,0,1,0,0,0,0,1,1,6,6,2,31,6,1388,1,11,FORD FUSION,-1,-1,0,-1
2020302000411,2020,302000411,2,9,0,18,19,2,6,0,0,0,0,0,0,0,0,1,6,6,2,57,9,1388,1,15,FORD FUSION,8,E01019609,0,-1
2020320110433,2020,320110433,1,9,0,5,5,3,7,0,0,6,0,0,0,0,1,1,6,6,2,77,11,1560,2,11,FORD FUSION,7,E01026089,0,-1
2020040936659,2020,040936659,1,9,0,18,19,5,1,0,0,0,0,0,0,0,4,1,6,6,1,55,8,1399,2,16,FORD FUSION,1,E01012681,0,-1
2020140992402,2020,140992402,2,9,0,4,4,2,8,0,0,1,0,0,0,0,2,1,6,6,1,63,9,1399,2,11,FORD FUSION,4,E01011858,0,-1
2020522002601,2020,522002601,1,9,0,18,19,5,1,0,0,0,0,0,0,0,1,1,6,6,1,43,7,1388,1,13,FORD FUSION,4,E01014586,0,-1
2020460927449,2020,460927449,1,9,0,18,19,7,3,0,0,0,0,0,0,0,4,1,6,6,1,57,9,1388,1,15,FORD FUSION,2,E01024585,0,-1
2020460994485,2020,460994485,1,9,0,9,9,1,7,0,0,2,0,0,0,0,1,1,6,6,2,74,10,1399,2,11,FORD FUSION,9,E01024484,0,-1
2020460935782,2020,460935782,1,9,0,18,19,3,1,0,0,0,1,0,0,0,1,1,6,6,2,29,6,1596,1,16,FORD FUSION,2,E01024627,0,-1
2020140933797,2020,140933797,1,9,0,18,19,5,1,0,0,2,0,0,0,0,1,1,5,6,2,70,10,1399,2,18,FORD FUSION,7,E01007660,0,-1
2020010253459,2020,010253459,1,9,0,18,19,5,1,0,0,2,0,0,0,0,4,1,6,6,1,75,10,1388,1,17,FORD FUSION,2,E01004269,0,-1
2020010280155,2020,010280155,1,9,0,18,19,3,7,0,0,0,0,0,0,0,1,1,6,6,2,74,10,1596,1,14,FORD FUSION,8,E01002989,0,-1
2020440085477,2020,440085477,1,9,0,18,19,5,1,0,0,1,0,0,0,0,1,1,6,6,1,89,11,1596,1,13,FORD FUSION,8,E01022944,0,-1
2020010237934,2020,010237934,2,9,0,11,11,3,7,0,0,7,1,0,1,0,2,1,6,6,1,67,10,1596,1,18,FORD FUSION,4,E01003213,0,-1
2020450991474,2020,450991474,1,9,0,7,7,3,1,0,0,8,0,0,0,0,1,1,5,6,1,72,10,1560,2,12,FORD FUSION,9,E01031719,0,-1
2020010256905,2020,010256905,1,9,0,4,4,3,7,0,0,0,0,0,0,0,1,1,6,6,1,89,11,1596,1,14,FORD FUSION,10,E01001129,0,-1
2020302000957,2020,302000957,2,9,0,7,7,3,5,0,0,2,0,0,0,0,1,1,6,6,2,35,6,1560,2,11,FORD FUSION,4,E01019715,0,-1
2020410931297,2020,410931297,2,9,0,9,9,6,3,0,0,8,0,0,0,0,1,1,5,6,2,76,11,1596,1,11,FORD FUSION,5,E01023325,0,-1
2020400975441,2020,400975441,1,9,0,18,19,6,2,0,0,0,1,0,7,9,1,1,5,6,1,44,7,1388,1,13,FORD FUSION,8,E01018290,0,-1
2020360985412,2020,360985412,2,9,0,4,4,0,0,0,0,0,5,0,0,0,2,1,1,1,2,35,6,1388,1,14,FORD FUSION,2,E01026834,0,-1
2020420945497,2020,420945497,1,9,0,18,19,7,3,0,0,0,0,0,0,0,1,1,1,1,1,46,8,1388,1,15,FORD FUSION,-1,-1,0,-1
2020522002610,2020,522002610,2,9,0,18,19,3,7,0,0,8,0,0,0,0,1,1,6,6,3,-1,-1,1399,2,12,FORD FUSION,-1,-1,0,-1
2020070739502,2020,070739502,3,9,0,4,4,6,2,0,0,2,0,2,0,0,2,1,6,6,1,33,6,1399,2,14,FORD FUSION,3,E01005435,0,-1
2020010278864,2020,010278864,2,9,0,4,4,3,7,0,0,0,0,0,0,0,4,1,6,6,1,-1,-1,1596,1,14,FORD FUSION,4,E01000408,0,-1
2020990963674,2020,990963674,2,9,0,3,3,6,2,0,0,0,0,0,0,0,2,1,6,6,2,53,8,1388,1,10,FORD FUSION,3,-1,0,-1
2020141010482,2020,141010482,1,9,0,4,4,1,5,0,0,0,0,0,0,0,2,1,5,6,1,29,6,1388,1,17,FORD FUSION,2,E01028044,0,-1
2020302000448,2020,302000448,2,9,0,2,2,0,0,0,0,1,0,0,0,0,2,1,6,6,3,-1,-1,1388,1,15,FORD FUSION,-1,-1,0,-1
2020010273345,2020,010273345,2,9,0,99,99,9,9,0,0,9,0,99,0,0,0,9,6,6,1,24,5,1596,1,12,FORD FUSION,2,E01003267,0,-1
2020320098735,2020,320098735,2,9,0,9,9,3,1,0,0,8,0,0,0,0,1,1,6,6,1,73,10,1388,1,17,FORD FUSION,4,E01026148,0,-1
2020430076707,2020,430076707,1,9,0,18,19,6,2,0,0,0,0,0,0,0,1,1,6,6,1,-1,-1,1388,1,15,FORD FUSION,-1,-1,0,-1
2020450945841,2020,450945841,2,3,0,18,19,1,5,0,0,2,0,0,0,0,1,1,5,6,1,21,5,125,1,5,HONDA CBR125R,5,E01030484,0,-1
2020410976326,2020,410976326,2,3,0,18,19,5,1,0,0,1,0,0,0,0,1,1,6,6,1,-1,-1,125,1,11,HONDA CBR125R,3,E01023437,0,-1
2020440457838,2020,440457838,1,3,0,18,19,2,6,0,0,1,1,0,0,0,1,1,6,6,1,36,7,125,1,12,HONDA CBR125R,8,E01023004,0,-1
2020450925300,2020,450925300,2,3,0,18,19,3,7,0,0,1,5,0,0,0,1,1,5,6,1,35,6,125,1,5,HONDA CBR125R,8,E01030675,0,-1
2020470993727,2020,470993727,1,3,0,9,9,3,6,0,0,1,1,0,0,0,4,1,6,6,1,25,5,125,1,13,HONDA CBR125R,8,E01031505,0,-1
2020460932292,2020,460932292,2,3,0,18,19,8,4,0,0,8,1,0,0,0,1,1,5,6,1,24,5,125,1,15,HONDA CBR125R,3,E01024059,0,-1
202031B157520,2020,31B157520,2,3,0,18,19,3,7,0,0,8,0,0,0,0,1,1,6,6,1,40,7,125,1,4,HONDA CBR125R,3,E01028296,0,-1
2020010258966,2020,010258966,2,3,0,13,13,7,3,0,0,1,0,0,0,0,1,1,6,6,1,26,6,125,1,5,HONDA CBR125R,1,E01033585,0,-1
2020420953063,2020,420953063,1,4,0,18,19,5,1,0,0,0,5,0,1,0,1,1,6,6,1,21,5,125,1,6,HONDA CBR125R,5,E01015859,0,-1
2020010259372,2020,010259372,1,3,0,18,19,1,5,0,0,1,0,0,0,0,2,1,6,6,1,19,4,125,1,4,HONDA CBR125R,2,E01000015,0,-1
2020010232757,2020,010232757,1,3,0,17,19,1,8,0,0,1,0,0,0,0,4,1,6,6,1,23,5,125,1,11,HONDA CBR125R,-1,-1,0,-1
2020320485246,2020,320485246,2,3,0,18,19,5,1,0,0,0,0,0,0,0,2,1,6,6,1,21,5,125,1,4,HONDA CBR125R,8,E01026136,0,-1
2020440439512,2020,440439512,1,3,0,17,19,2,6,0,0,0,1,0,2,10,4,1,6,6,1,32,6,125,1,5,HONDA CBR125R,4,E01017327,0,-1
2020370963022,2020,370963022,2,4,0,9,9,5,3,0,0,2,0,0,0,0,1,1,6,6,1,21,5,125,1,7,HONDA CBR125R,1,E01030250,0,-1
2020040986785,2020,040986785,2,3,0,18,19,7,3,0,0,1,0,0,0,0,1,1,5,6,1,26,6,125,1,16,HONDA CBR125R,1,E01012748,0,-1
202006E369413,2020,06E369413,1,4,0,14,14,1,5,0,0,1,1,0,0,0,1,1,2,2,1,27,6,125,1,6,HONDA CBR125R,1,E01005077,0,-1
2020010270635,2020,010270635,1,3,0,18,19,6,2,0,0,0,5,10,0,0,1,1,2,2,1,55,8,125,1,10,HONDA CBR125R,5,E01021432,0,-1
2020052000283,2020,052000283,1,3,0,18,19,5,1,0,0,1,0,0,0,0,1,1,6,6,1,18,4,124,1,16,HONDA CBR125R,1,E01006679,0,-1
2020052001975,2020,052001975,1,3,0,18,19,6,2,0,0,0,0,0,0,0,1,1,1,1,1,19,4,125,1,5,HONDA CBR125R,6,E01018373,0,-1
2020010231848,2020,010231848,2,3,0,18,19,7,3,0,0,8,0,0,0,0,1,-1,6,6,1,34,6,125,1,5,HONDA CBR125R,8,E01002418,0,-1
2020010253099,2020,010253099,1,3,0,18,19,1,5,0,0,1,0,0,0,0,1,1,2,2,1,47,8,125,1,6,HONDA CBR125R,1,E01015771,0,-1
2020440421553,2020,440421553,2,3,0,18,19,4,8,0,0,0,0,0,0,0,1,1,6,6,1,31,6,125,1,8,HONDA CBR125R,10,E01023273,0,-1
2020440200043,2020,440200043,1,3,0,16,19,1,5,0,0,0,0,0,0,0,4,1,6,6,1,31,6,125,1,16,HONDA CBR125R,4,E01017312,0,-1
2020010270391,2020,010270391,1,3,0,13,13,6,2,0,0,0,0,10,0,0,4,1,6,6,1,27,6,125,1,14,HONDA CBR125R,9,E01002339,0,-1
2020520100323,2020,520100323,2,4,0,18,19,1,5,0,0,0,0,0,0,0,3,1,6,6,1,19,4,125,1,3,HONDA CBR125R,7,E01029120,0,-1
2020440495342,2020,440495342,1,3,0,16,19,1,4,0,0,8,0,10,0,0,1,1,6,6,1,21,5,125,1,6,HONDA CBR125R,9,E01022611,0,-1
2020320396602,2020,320396602,1,3,0,17,19,6,2,0,0,0,0,0,1,9,1,1,6,6,1,18,4,125,1,7,HONDA CBR125R,7,E01026220,0,-1
2020200923761,2020,200923761,2,3,0,5,5,6,2,0,0,0,0,0,0,0,2,1,6,6,1,20,4,125,1,5,HONDA CBR125R,5,E01010008,0,-1
2020430318814,2020,430318814,1,3,0,5,5,8,4,0,0,2,0,0,0,0,1,1,6,6,1,19,4,125,1,3,HONDA CBR125R,4,E01016360,0,-1
2020302000688,2020,302000688,2,3,0,13,13,4,8,0,0,1,1,0,0,0,1,1,6,6,1,56,9,125,1,15,HONDA CBR125R,4,E01019717,0,-1
2020420925886,2020,420925886,1,3,0,18,19,5,1,0,0,0,5,0,8,0,2,1,6,6,1,21,5,125,1,13,HONDA CBR125R,1,E01015880,0,-1
2020420998581,2020,420998581,2,3,0,3,3,5,1,0,0,4,0,0,1,0,3,1,2,2,1,44,7,125,1,8,HONDA CBR125R,6,E01000575,0,-1
202006J177017,2020,06J177017,1,3,0,18,19,5,1,0,0,2,0,0,0,0,1,1,6,6,1,30,6,125,1,3,HONDA CBR125R,-1,-1,0,-1
2020420951541,2020,420951541,2,3,0,18,19,1,5,0,0,0,0,0,0,0,0,1,5,6,1,23,5,125,1,12,HONDA CBR125R,4,E01021598,0,-1
2020430081205,2020,430081205,2,3,0,13,13,6,2,0,0,0,0,0,0,0,3,1,2,2,1,33,6,125,1,6,HONDA CBR125R,5,E01030787,0,-1
2020160995642,2020,160995642,2,3,0,13,13,1,5,0,0,0,0,0,0,0,1,1,2,2,1,30,6,125,1,1,HONDA CBR125R,8,E01013327,0,-1
2020122001120,2020,122001120,2,3,0,18,19,3,1,0,0,3,0,0,0,0,3,1,1,1,1,26,6,125,1,13,HONDA CBR125R,9,E01013438,0,-1
2020460962834,2020,460962834,2,3,0,18,19,-1,-1,0,0,0,0,0,0,0,2,1,6,6,1,-1,-1,125,1,14,HONDA CBR125R,-1,-1,0,-1
2020440202652,2020,440202652,1,4,0,18,19,1,5,0,0,0,0,0,0,0,0,1,1,1,2,22,5,125,1,7,HONDA CBR125R,-1,-1,0,-1
2020140984744,2020,140984744,2,3,0,13,13,3,7,0,0,1,0,0,0,0,4,1,5,6,1,17,4,125,1,12,HONDA CBR125R,3,E01007447,0,-1
202031C110820,2020,31C110820,1,3,0,9,9,6,5,0,0,5,1,10,0,0,2,1,6,6,1,19,4,125,1,6,HONDA CBR125R,1,E01013862,0,-1
2020430356941,2020,430356941,2,3,0,18,19,5,1,0,0,8,0,0,1,9,3,1,4,7,1,17,4,125,1,5,HONDA CBR125R,9,E01016278,0,-1
202031C008420,2020,31C008420,1,3,0,7,7,7,3,0,0,1,1,0,0,0,4,1,2,2,1,20,4,125,1,5,HONDA CBR125R,2,E01013835,0,-1
2020440445314,2020,440445314,1,3,0,18,19,3,7,0,0,0,1,0,0,0,1,1,6,6,1,19,4,125,1,11,HONDA CBR125R,3,E01017020,0,-1
2020010243407,2020,010243407,2,3,0,5,5,7,3,0,0,8,0,0,0,0,1,-1,6,6,1,28,6,125,1,8,HONDA CBR125R,3,E01002707,0,-1
2020160994859,2020,160994859,1,3,0,5,5,3,7,0,0,4,0,10,3,0,1,1,2,2,1,35,6,125,1,13,HONDA CBR125R,3,E01012860,0,-1
2020552001178,2020,552001178,2,3,0,18,19,3,7,0,0,0,1,0,0,0,0,1,6,6,2,27,6,125,1,14,HONDA CBR125R,5,E01020364,0,-1
2020990972314,2020,990972314,2,3,0,18,19,6,2,0,0,2,0,0,7,0,4,1,6,6,1,20,4,124,1,14,HONDA CBR125R,2,-1,0,-1
2020470958614,2020,470958614,2,3,0,18,19,4,8,0,0,1,0,0,0,0,1,1,5,6,1,51,8,125,1,3,HONDA CBR125R,2,E01031450,0,-1