collision_index,collision_year,collision_ref_no,vehicle_reference,vehicle_type,towing_and_articulation,vehicle_manoeuvre_historic,vehicle_manoeuvre,vehicle_direction_from,vehicle_direction_to,vehicle_location_restricted_lane_historic,vehicle_location_restricted_lane,junction_location,skidding_and_overturning,hit_object_in_carriageway,vehicle_leaving_carriageway,hit_object_off_carriageway,first_point_of_impact,vehicle_left_hand_drive,journey_purpose_of_driver_historic,journey_purpose_of_driver,sex_of_driver,age_of_driver,age_band_of_driver,engine_capacity_cc,propulsion_code,age_of_vehicle,generic_make_model,driver_imd_decile,lsoa_of_driver,escooter_flag,driver_distance_banding
2020990966387,2020,990966387,1,5,0,16,19,5,1,0,0,0,1,0,7,9,2,1,5,6,1,45,7,1000,1,15,KAWASAKI ZX1000,-1,-1,0,-1
2020460963440,2020,460963440,2,5,0,4,4,3,7,0,0,0,0,0,0,0,2,1,6,6,1,28,6,998,1,4,KAWASAKI ZX1000,8,E01024514,0,-1
2020421008220,2020,421008220,1,5,0,16,19,6,2,0,0,0,5,0,0,0,3,1,5,6,1,41,7,1043,1,6,KAWASAKI ZX1000,6,E01021553,0,-1
2020010272709,2020,010272709,2,5,0,18,19,3,7,0,0,0,0,0,0,0,4,1,6,6,1,34,6,1043,1,8,KAWASAKI ZX1000,3,E01003430,0,-1
2020070365770,2020,070365770,2,5,0,7,7,8,4,0,0,3,0,0,0,0,1,1,6,6,2,46,8,1043,1,1,KAWASAKI ZX1000,6,E01012414,0,-1
2020460949927,2020,460949927,2,5,0,18,19,1,5,0,0,0,0,0,7,10,1,1,5,6,1,36,7,998,1,1,KAWASAKI ZX1000,7,E01024140,0,-1
2020211023629,2020,211023629,1,5,0,4,4,1,4,0,0,4,1,0,0,0,0,1,6,6,1,48,8,1043,1,8,KAWASAKI ZX1000,2,E01014260,0,-1
2020220979722,2020,220979722,1,5,0,18,19,8,4,0,0,8,0,0,0,0,1,1,5,6,1,54,8,1000,1,15,KAWASAKI ZX1000,8,E01009722,0,-1
2020450928214,2020,450928214,1,5,0,14,14,7,3,0,0,2,0,0,0,0,4,1,5,6,1,44,7,998,1,6,KAWASAKI ZX1000,6,E01030312,0,-1
2020610025520,2020,610025520,1,3,0,18,19,7,3,0,0,0,1,0,0,10,1,1,6,6,1,-1,-1,124,1,13,-1,5,W01001649,0,-1
2020552001164,2020,552001164,2,3,0,5,5,2,6,0,0,1,0,0,0,0,1,1,6,6,1,31,6,125,1,1,KYMCO AGILITY,3,E01015285,0,-1
2020010256137,2020,010256137,2,3,0,13,13,1,5,0,0,0,5,0,0,0,4,1,6,6,1,36,7,125,1,5,KYMCO AGILITY,5,E01003085,0,-1
2020010233164,2020,010233164,1,3,0,99,99,9,9,99,99,9,9,99,9,99,1,1,6,6,1,41,7,125,1,8,KYMCO AGILITY,3,E01001725,0,-1
2020430276671,2020,430276671,2,2,0,4,4,2,6,9,9,1,0,0,0,0,2,1,6,6,1,19,4,125,1,9,-1,5,E01028538,0,-1
2020450923841,2020,450923841,2,2,0,18,19,1,5,0,0,1,0,0,0,0,1,1,5,6,1,43,7,49,1,12,-1,6,E01030665,0,-1
2020211025004,2020,211025004,1,3,-1,-1,-1,8,6,-1,-1,-1,-1,-1,-1,0,-1,1,6,6,2,48,8,125,1,6,KYMCO AGILITY,-1,-1,0,-1
2020010263548,2020,010263548,2,3,0,18,19,5,1,0,0,8,0,0,0,0,1,1,6,6,1,-1,-1,125,1,5,KYMCO AGILITY,7,E01004650,0,-1
2020461015500,2020,461015500,2,4,0,18,19,7,3,0,0,1,0,0,0,0,1,1,5,6,1,26,6,125,1,10,-1,7,E01024569,0,-1
2020200981521,2020,200981521,2,2,0,18,19,2,6,0,0,3,0,0,0,0,3,1,2,2,1,19,4,49,1,5,-1,1,E01010291,0,-1
2020070415081,2020,070415081,1,2,0,4,4,2,6,0,0,1,0,0,0,0,0,1,6,6,1,16,4,49,1,8,-1,5,E01018719,0,-1
2020501021800,2020,501021800,1,3,0,5,5,1,5,0,0,0,5,0,0,0,1,1,6,6,2,17,4,125,1,12,KYMCO AGILITY,7,E01020258,0,-1
202063A080320,2020,63A080320,1,3,0,10,10,5,3,0,0,1,0,0,0,0,1,1,6,6,1,62,9,125,1,0,KYMCO AGILITY,5,W01000725,0,-1
2020010282786,2020,010282786,1,3,0,99,99,9,9,99,99,9,9,99,9,99,1,1,2,2,1,40,7,125,1,1,KYMCO AGILITY,3,E01004397,0,-1
2020010273469,2020,010273469,2,3,0,13,13,5,1,0,0,1,5,0,0,0,3,1,2,2,1,39,7,125,1,5,KYMCO AGILITY,2,E01004024,0,-1
2020010285084,2020,010285084,1,2,0,8,8,3,4,0,0,8,0,0,0,0,1,1,1,1,1,26,6,125,1,9,-1,2,E01003600,0,-1
2020010281669,2020,010281669,1,3,0,18,19,6,2,0,0,1,0,0,0,0,1,1,1,1,1,30,6,125,1,3,KYMCO AGILITY,3,E01003555,0,-1
202031C152120,2020,31C152120,2,3,0,18,19,5,1,0,0,8,0,0,0,0,1,1,6,6,1,26,6,125,1,6,KYMCO AGILITY,1,E01013826,0,-1
2020440473928,2020,440473928,2,3,0,7,7,3,6,0,0,8,0,0,0,0,1,1,6,6,1,26,6,125,1,9,KYMCO AGILITY,7,E01017144,0,-1
2020010256503,2020,010256503,1,3,0,99,99,9,9,99,99,9,9,99,9,99,1,-1,6,6,1,31,6,125,1,5,KYMCO AGILITY,4,E01000801,0,-1
2020421003982,2020,421003982,2,3,0,18,19,3,7,0,0,2,0,0,0,0,3,1,6,6,1,27,6,125,1,0,KYMCO AGILITY,7,E01021646,0,-1
2020010276813,2020,010276813,2,2,0,5,5,1,5,0,0,8,0,0,0,0,2,1,6,6,1,63,9,125,1,4,-1,4,E01001613,0,-1
2020010274139,2020,010274139,1,3,0,14,14,3,7,0,0,1,0,0,0,0,4,1,6,6,1,57,9,50,1,0,KYMCO AGILITY,1,E01001786,0,-1
2020460994456,2020,460994456,1,3,0,18,19,7,3,0,0,0,0,0,0,0,1,1,6,6,1,-1,-1,125,1,6,KYMCO AGILITY,5,E01023992,0,-1
2020010270612,2020,010270612,2,3,0,13,13,3,7,0,0,1,0,0,0,0,1,1,1,1,1,21,5,125,1,7,KYMCO AGILITY,4,E01001222,0,-1
2020440308187,2020,440308187,2,19,0,18,19,1,5,0,0,8,0,0,0,0,1,1,6,6,1,51,8,2987,2,1,-1,7,E01017175,0,-1
2020070158532,2020,070158532,1,19,0,18,19,3,7,0,0,1,0,0,0,0,3,1,6,6,1,-1,-1,2298,2,1,-1,-1,-1,0,-1
2020210984027,2020,210984027,1,19,0,4,4,4,8,0,0,1,0,0,0,0,1,1,6,6,1,50,8,2298,2,2,-1,7,E01028826,0,-1
2020010282763,2020,010282763,2,19,0,18,19,1,5,0,0,8,0,0,0,0,1,2,6,6,1,27,6,2298,2,2,-1,1,E01000721,0,-1
2020122000162,2020,122000162,1,3,0,17,19,5,2,0,0,1,1,0,1,0,1,1,6,6,1,33,6,123,1,19,-1,9,E01013411,0,-1
2020010254509,2020,010254509,1,9,0,1,1,1,5,6,6,1,0,4,0,0,2,1,6,6,2,82,11,2996,1,20,-1,2,E01001001,0,-1
2020440306328,2020,440306328,1,5,0,8,8,3,5,0,0,1,0,0,0,0,2,1,6,6,1,69,10,828,1,44,-1,9,E01022930,0,-1
2020990954167,2020,990954167,1,5,0,16,19,6,1,0,0,0,0,0,7,0,3,1,5,6,1,68,10,828,1,43,-1,7,-1,0,-1
2020430306499,2020,430306499,2,8,0,18,19,3,7,0,0,0,0,0,0,0,1,1,1,1,1,42,7,1997,2,6,-1,1,E01015699,0,-1
2020400984670,2020,400984670,2,9,0,18,19,7,3,0,0,1,0,0,0,0,1,1,5,6,1,42,7,1997,2,7,-1,2,E01014345,0,-1
2020010239868,2020,010239868,1,2,0,18,19,6,2,0,0,0,0,0,0,0,3,1,1,1,1,20,4,49,1,13,-1,2,E01004567,0,-1
2020160993605,2020,160993605,1,2,0,18,19,8,4,0,0,6,0,0,0,0,1,1,6,6,1,21,5,49,1,14,-1,-1,-1,0,-1
2020552000714,2020,552000714,1,3,0,9,9,2,8,0,0,8,1,0,0,0,0,1,6,6,2,23,5,49,1,15,-1,7,E01015330,0,-1
2020010256160,2020,010256160,2,3,0,99,99,9,9,99,99,9,9,99,9,99,9,1,6,6,3,-1,-1,125,1,5,-1,-1,-1,0,-1
2020010285544,2020,010285544,1,3,0,13,13,5,1,0,0,5,0,0,0,0,1,1,1,1,1,21,5,125,1,5,-1,2,E01004252,0,-1
2020440054086,2020,440054086,2,2,0,18,19,7,3,0,0,8,0,0,0,0,1,1,6,6,1,35,6,125,1,5,-1,4,E01017083,0,-1
2020010263348,2020,010263348,2,3,0,18,19,3,7,0,0,1,0,0,0,0,1,1,6,6,3,-1,-1,125,1,4,PIAGGIO MEDLEY 125,-1,-1,0,-1
2020010251293,2020,010251293,1,3,0,15,15,1,5,0,0,0,5,0,0,0,1,1,6,6,1,18,4,125,1,4,PIAGGIO MEDLEY 125,4,E01001167,0,-1
2020010234884,2020,010234884,1,3,0,99,99,9,9,99,99,9,9,99,9,99,1,1,6,6,1,44,7,125,1,1,PIAGGIO MEDLEY 125,3,E01004202,0,-1
2020480932234,2020,480932234,1,3,0,18,19,1,5,0,0,2,0,0,0,0,1,1,5,6,1,37,7,125,1,1,PIAGGIO MEDLEY 125,5,E01003134,0,-1
2020010251407,2020,010251407,2,3,0,18,19,8,4,0,0,0,0,0,0,0,1,1,6,6,1,25,5,125,1,3,PIAGGIO MEDLEY 125,2,E01033488,0,-1
2020470956814,2020,470956814,1,3,0,17,19,6,3,2,2,8,1,0,0,0,2,1,2,2,1,63,9,125,1,1,PIAGGIO MEDLEY 125,2,E01020998,0,-1
2020010271053,2020,010271053,1,3,0,15,15,2,6,0,0,0,0,0,0,0,1,1,2,2,1,34,6,125,1,1,PIAGGIO MEDLEY 125,9,E01003804,0,-1
2020010268019,2020,010268019,1,3,0,14,14,5,1,0,0,2,0,0,0,0,1,1,6,6,1,20,4,125,1,3,PIAGGIO MEDLEY 125,2,E01003256,0,-1
2020010276612,2020,010276612,1,3,0,18,19,1,5,0,0,8,0,0,0,0,1,1,2,2,1,32,6,125,1,3,PIAGGIO MEDLEY 125,6,E01022090,0,-1
2020010251577,2020,010251577,1,3,0,18,19,7,3,0,0,6,2,4,0,0,3,1,6,6,1,26,6,125,1,4,PIAGGIO MEDLEY 125,2,E01000955,0,-1
2020111018606,2020,111018606,1,3,0,3,3,2,6,0,0,0,0,0,0,0,1,1,5,6,1,47,8,125,1,4,PIAGGIO MEDLEY 125,3,E01020705,0,-1
2020302000058,2020,302000058,1,2,0,5,5,3,7,0,0,4,0,0,0,0,4,1,6,6,1,57,9,125,1,3,-1,5,E01028114,0,-1
2020010276799,2020,010276799,2,3,0,9,9,5,3,0,0,6,0,0,0,0,4,1,6,6,1,43,7,125,1,4,PIAGGIO MEDLEY 125,2,E01000151,0,-1
2020010263328,2020,010263328,1,3,0,18,19,1,5,0,0,2,0,0,0,0,4,1,6,6,1,40,7,125,1,3,PIAGGIO MEDLEY 125,4,E01003129,0,-1
2020010281662,2020,010281662,1,3,0,14,14,1,5,0,0,1,5,0,0,0,3,1,2,2,1,34,6,125,1,1,PIAGGIO MEDLEY 125,2,E01002879,0,-1
2020010272069,2020,010272069,1,3,0,99,99,9,9,99,99,0,9,99,9,99,9,1,6,6,2,30,6,125,1,2,PIAGGIO MEDLEY 125,4,E01001854,0,-1
2020010266441,2020,010266441,2,3,0,18,19,8,4,0,0,0,0,0,0,0,1,1,6,6,1,59,9,125,1,3,PIAGGIO MEDLEY 125,7,E01003287,0,-1
2020010275153,2020,010275153,1,3,0,18,19,3,7,0,0,2,1,0,0,0,1,1,2,2,1,19,4,125,1,1,PIAGGIO MEDLEY 125,4,E01001855,0,-1
2020470974124,2020,470974124,4,20,0,3,3,6,2,0,0,8,0,0,0,0,2,1,1,1,1,45,7,2298,2,4,-1,3,E01016869,0,-1
2020470974124,2020,470974124,5,20,0,3,3,6,2,0,0,2,0,0,0,0,2,1,2,2,1,46,8,2298,2,4,-1,8,E01021077,0,-1
202063A032420,2020,63A032420,2,9,0,18,19,6,2,0,0,0,0,0,1,10,1,1,6,6,1,66,10,1998,1,5,SUBARU FORESTER,4,W01000688,0,-1
2020990992921,2020,990992921,1,9,0,16,19,2,6,0,0,0,2,0,7,9,3,1,6,6,1,27,6,2500,1,15,SUBARU FORESTER,5,-1,0,-1
2020100946954,2020,100946954,1,9,0,13,13,5,1,0,0,1,0,0,7,0,1,1,5,6,1,31,6,1998,2,9,SUBARU FORESTER,6,E01027505,0,-1
2020370957118,2020,370957118,1,9,0,9,9,5,3,0,0,2,0,0,0,0,1,1,5,6,1,81,11,1995,1,6,SUBARU FORESTER,7,E01029871,0,-1
2020470966845,2020,470966845,2,9,0,18,19,4,8,0,0,8,0,0,0,0,4,1,2,2,2,55,8,1990,1,21,SUBARU FORESTER,8,E01021176,0,-1
2020500942292,2020,500942292,2,9,0,9,9,5,2,0,0,5,0,0,0,0,2,1,5,6,1,26,6,2457,1,12,SUBARU FORESTER,4,E01020002,0,-1
2020501005242,2020,501005242,2,9,0,18,19,5,1,0,0,1,0,0,7,0,4,1,5,6,1,63,9,1998,2,4,SUBARU FORESTER,9,E01029188,0,-1
2020320006609,2020,320006609,2,9,0,18,19,0,1,0,0,2,0,0,0,0,1,1,6,6,3,40,7,1994,1,22,SUBARU FORESTER,-1,-1,0,-1
2020122001035,2020,122001035,1,9,0,18,19,7,3,0,0,0,1,0,1,4,1,1,6,6,1,33,6,1994,1,16,SUBARU FORESTER,6,E01012323,0,-1
2020549765420,2020,549765420,1,9,0,17,19,6,4,0,0,0,5,0,1,3,1,1,6,6,1,21,5,1994,1,21,SUBARU FORESTER,4,E01032040,0,-1
2020990972220,2020,990972220,1,9,0,18,19,6,2,0,0,0,0,0,0,0,1,1,6,6,2,74,10,1998,2,10,SUBARU FORESTER,-1,-1,0,-1
2020140919750,2020,140919750,1,9,0,18,19,6,2,0,0,0,0,0,0,0,4,1,1,1,1,35,6,1994,1,16,SUBARU FORESTER,1,E01007648,0,-1
2020500954716,2020,500954716,2,9,0,18,19,3,7,0,0,1,0,0,7,10,1,1,5,6,1,50,8,1995,1,6,SUBARU FORESTER,8,E01019951,0,-1
2020990978907,2020,990978907,2,9,0,9,9,3,8,0,0,1,0,0,0,0,3,1,6,6,1,54,8,1998,2,5,SUBARU FORESTER,10,-1,0,-1
2020990992681,2020,990992681,2,9,0,18,19,1,5,0,0,1,0,0,0,0,1,1,2,2,2,46,8,1998,2,2,SUBARU FORESTER,7,-1,0,-1
202006K278817,2020,06K278817,2,9,0,18,19,7,3,0,0,2,0,4,7,10,1,1,6,6,1,40,7,2450,1,14,SUBARU FORESTER,2,E01004886,0,-1
2020440341168,2020,440341168,1,9,0,18,19,6,2,0,0,0,0,0,0,0,2,1,6,6,1,66,10,1998,2,5,SUBARU FORESTER,7,E01020436,0,-1
2020160974987,2020,160974987,1,9,0,18,19,6,2,0,0,0,0,0,0,0,1,1,6,6,3,-1,-1,1998,2,5,SUBARU FORESTER,-1,-1,0,-1
2020470983379,2020,470983379,1,9,0,18,19,3,7,0,0,1,0,0,0,0,1,1,6,6,1,46,8,1994,1,13,SUBARU FORESTER,8,E01030628,0,-1
2020990981186,2020,990981186,2,9,0,18,19,7,3,0,0,8,5,0,0,0,4,1,6,6,1,73,10,1998,2,7,SUBARU FORESTER,10,-1,0,-1
2020990964806,2020,990964806,1,9,0,18,19,7,2,0,0,0,2,0,1,0,1,1,5,6,1,49,8,1994,1,15,SUBARU FORESTER,3,-1,0,-1
2020122001321,2020,122001321,3,9,0,3,3,7,3,0,0,1,0,0,0,0,2,1,6,6,1,27,6,1994,1,16,SUBARU FORESTER,2,E01020763,0,-1
2020545467320,2020,545467320,1,9,0,4,4,3,1,0,0,1,0,0,0,0,1,1,6,6,1,70,10,1998,2,5,SUBARU FORESTER,9,E01032032,0,-1
2020220926755,2020,220926755,2,9,0,9,9,6,3,0,0,6,0,0,0,0,1,1,5,6,1,37,7,2457,1,13,SUBARU FORESTER,8,E01032308,0,-1
2020520002559,2020,520002559,2,9,0,18,19,2,6,0,0,8,0,0,0,0,1,1,6,6,1,55,8,1998,2,4,SUBARU FORESTER,4,E01029174,0,-1
2020990937569,2020,990937569,1,9,0,16,19,5,6,0,0,0,1,0,1,4,1,1,5,6,1,47,8,1994,1,15,SUBARU FORESTER,3,-1,0,-1
2020470977274,2020,470977274,1,9,0,18,19,4,8,0,0,0,0,0,0,0,1,1,6,6,3,-1,-1,1994,1,17,SUBARU FORESTER,-1,-1,0,-1
2020470991975,2020,470991975,2,9,0,4,4,2,5,0,0,1,0,0,0,0,1,1,5,6,1,70,10,1998,2,7,SUBARU FORESTER,5,E01031526,0,-1
2020302001490,2020,302001490,1,9,4,18,19,6,2,0,0,0,1,0,0,0,1,1,2,2,1,58,9,1994,7,15,SUBARU FORESTER,3,E01019856,0,-1
2020990970650,2020,990970650,2,9,0,18,19,8,5,0,0,0,0,0,0,0,2,1,6,6,2,54,8,1998,2,6,SUBARU FORESTER,10,-1,0,-1
2020302000206,2020,302000206,2,9,0,9,9,6,4,0,0,6,0,0,0,0,3,1,2,2,1,46,8,1994,1,15,SUBARU FORESTER,7,E01019472,0,-1
2020302000574,2020,302000574,1,9,0,18,19,8,5,0,0,0,0,0,0,0,1,1,6,6,1,80,11,2457,1,13,SUBARU FORESTER,6,E01019819,0,-1
2020160966294,2020,160966294,1,9,0,18,19,8,4,0,0,7,0,10,1,0,1,1,6,6,1,39,7,1994,1,18,SUBARU FORESTER,1,E01007629,0,-1
2020200947106,2020,200947106,1,9,0,18,19,4,8,0,0,2,0,0,0,0,1,1,2,2,1,27,6,1994,1,12,SUBARU FORESTER,4,E01009868,0,-1
2020501002573,2020,501002573,1,9,5,17,19,3,8,0,0,0,0,10,0,0,1,1,6,6,2,51,8,1994,1,12,SUBARU FORESTER,7,E01020193,0,-1
2020110977068,2020,110977068,1,9,0,18,19,7,3,0,0,0,0,0,0,0,1,1,6,6,1,24,5,1994,1,16,SUBARU FORESTER,5,E01020882,0,-1
2020430280944,2020,430280944,1,5,0,13,13,4,8,0,0,8,1,0,0,0,4,1,6,6,1,54,8,1157,1,22,SUZUKI GSF 1200,6,E01022551,0,-1
2020470944866,2020,470944866,1,5,0,13,13,3,7,0,0,0,1,7,7,10,4,1,6,6,1,51,8,1157,1,23,SUZUKI GSF 1200,5,E01031376,0,-1
2020420960748,2020,420960748,1,5,0,4,4,7,3,0,0,4,2,10,3,1,1,1,2,2,1,49,8,1157,1,23,SUZUKI GSF 1200,-1,-1,0,-1
2020990975323,2020,990975323,2,5,0,18,19,4,8,0,0,8,0,0,0,0,4,1,6,6,1,59,9,1157,1,15,SUZUKI GSF 1200,1,-1,0,-1
2020440179051,2020,440179051,1,5,0,18,19,6,2,0,0,1,0,0,0,0,1,1,6,6,1,34,6,1157,1,19,SUZUKI GSF 1200,8,E01023089,0,-1
2020010268176,2020,010268176,2,5,0,18,19,3,7,0,0,1,0,0,0,0,1,1,2,2,1,31,6,1157,1,15,SUZUKI GSF 1200,10,E01030514,0,-1
2020460924542,2020,460924542,1,5,0,18,19,1,5,0,0,0,0,0,0,0,1,1,6,6,1,30,6,1157,1,19,SUZUKI GSF 1200,5,E01024503,0,-1
2020520100967,2020,520100967,2,5,0,18,19,5,1,0,0,1,0,0,0,0,4,1,6,6,1,63,9,1157,1,16,SUZUKI GSF 1200,5,E01029152,0,-1
2020500975655,2020,500975655,1,5,0,18,19,2,8,0,0,8,0,0,0,0,4,1,5,6,1,29,6,1157,1,17,SUZUKI GSF 1200,4,E01018891,0,-1
2020040983418,2020,040983418,3,5,0,18,19,3,7,0,0,1,2,0,0,0,3,1,5,6,1,44,7,1157,1,18,SUZUKI GSF 1200,4,E01025093,0,-1
2020440214300,2020,440214300,2,5,0,4,4,7,5,0,0,8,0,0,0,0,1,1,6,6,1,52,8,1157,1,24,SUZUKI GSF 1200,10,E01030447,0,-1
2020990977635,2020,990977635,2,5,0,16,19,8,4,0,0,0,1,0,0,0,1,1,6,6,1,32,6,1157,1,16,SUZUKI GSF 1200,8,-1,0,-1
2020500980464,2020,500980464,1,5,0,13,13,1,4,0,0,0,1,0,1,9,1,1,5,6,1,59,9,1157,1,21,SUZUKI GSF 1200,2,E01020280,0,-1
2020122000687,2020,122000687,1,5,0,16,19,2,6,0,0,0,1,0,0,0,3,1,6,6,1,52,8,1157,1,23,SUZUKI GSF 1200,10,E01010580,0,-1
2020520002726,2020,520002726,1,5,0,18,19,6,2,0,0,2,0,0,0,0,1,1,6,6,1,63,9,1157,1,21,SUZUKI GSF 1200,7,E01019948,0,-1
2020010235649,2020,010235649,1,5,0,99,99,9,9,99,99,9,9,99,9,99,1,1,6,6,1,52,8,1157,1,22,SUZUKI GSF 1200,5,E01003279,0,-1
2020990955801,2020,990955801,1,5,0,4,4,5,1,0,0,0,2,0,1,0,4,1,5,6,1,30,6,1157,1,24,SUZUKI GSF 1200,4,-1,0,-1
2020302000599,2020,302000599,2,5,0,18,19,6,2,0,0,0,1,0,0,0,1,1,6,6,1,55,8,1157,1,13,SUZUKI GSF 1200,5,E01005439,0,-1
2020500997432,2020,500997432,2,5,0,18,19,6,2,0,0,8,0,0,0,0,4,1,5,6,1,29,6,1157,1,14,SUZUKI GSF 1200,4,E01018892,0,-1
2020622000377,2020,622000377,1,4,0,4,4,5,1,0,0,4,1,0,0,0,4,1,6,6,1,36,7,1157,1,17,-1,6,W01000918,0,-1
2020420950164,2020,420950164,2,5,0,18,19,3,7,0,0,1,0,0,0,0,1,1,6,6,1,57,9,1157,1,21,SUZUKI GSF 1200,2,E01015934,0,-1
2020990965503,2020,990965503,2,5,0,4,4,4,8,0,0,0,0,0,0,0,2,1,6,6,1,53,8,1157,1,17,SUZUKI GSF 1200,2,-1,0,-1
2020460961261,2020,460961261,1,5,0,11,11,1,4,0,0,0,0,10,7,0,1,1,5,6,1,38,7,1157,1,18,SUZUKI GSF 1200,6,E01016057,0,-1
2020010245280,2020,010245280,1,5,0,99,99,9,9,99,99,9,9,99,9,99,9,1,2,2,1,50,8,1157,1,21,SUZUKI GSF 1200,7,E01002115,0,-1
2020622000665,2020,622000665,2,5,0,18,19,2,4,0,0,3,0,0,0,0,4,1,2,2,1,35,6,1157,1,22,SUZUKI GSF 1200,2,W01001751,0,-1
2020302001238,2020,302001238,1,4,0,18,19,4,1,0,0,0,0,0,0,0,4,1,6,6,1,28,6,1157,1,21,-1,1,E01008122,0,-1
20201372M1703,2020,1372M1703,2,2,0,18,19,4,8,0,0,4,0,0,0,0,0,1,6,6,1,16,4,1157,1,15,-1,1,E01011354,0,-1
2020460971193,2020,460971193,2,5,0,3,3,2,6,0,0,0,0,0,0,0,3,1,6,6,1,50,8,1462,1,17,-1,2,E01024020,0,-1
2020040966487,2020,040966487,2,19,0,4,4,7,3,0,0,0,0,0,0,0,2,1,5,6,2,37,7,1995,2,6,VAUXHALL VIVARO,8,E01004773,0,-1
2020220989838,2020,220989838,1,19,0,18,19,4,8,0,0,0,0,0,0,0,4,1,5,6,1,61,9,1995,2,6,VAUXHALL VIVARO,4,E01032322,0,-1
2020200944123,2020,200944123,1,19,0,13,13,1,5,0,0,0,0,0,7,0,1,1,1,1,1,42,7,1598,2,3,VAUXHALL VIVARO,9,E01030706,0,-1
20201378T0581,2020,1378T0581,1,19,0,9,9,7,4,0,0,7,0,0,0,0,4,1,6,6,1,43,7,1598,2,4,VAUXHALL VIVARO,-1,-1,0,-1
2020140968567,2020,140968567,2,19,0,7,7,5,7,0,0,0,0,0,0,0,2,1,6,6,3,-1,-1,1598,2,4,VAUXHALL VIVARO,-1,-1,0,-1
202031B033120,2020,31B033120,1,19,0,18,19,8,4,0,0,1,0,0,0,0,1,1,1,1,1,27,6,1598,2,1,VAUXHALL VIVARO,8,E01028371,0,-1
2020101001962,2020,101001962,2,19,0,3,3,5,1,0,0,0,0,0,0,0,2,1,1,1,1,69,10,1598,2,5,VAUXHALL VIVARO,2,E01008477,0,-1
2020137831546,2020,137831546,1,19,0,18,19,8,4,0,0,8,0,0,0,0,1,1,6,6,1,44,7,1598,2,3,VAUXHALL VIVARO,2,E01011540,0,-1
2020010268535,2020,010268535,2,19,0,5,5,3,7,0,0,0,0,0,0,0,1,1,6,6,1,61,9,1598,2,5,VAUXHALL VIVARO,3,E01001589,0,-1
2020010248036,2020,010248036,1,19,0,18,19,7,3,0,0,0,0,0,0,0,1,1,1,1,1,41,7,1598,2,5,VAUXHALL VIVARO,5,E01001149,0,-1
2020010232290,2020,010232290,2,19,0,18,19,3,7,0,0,8,0,0,0,0,1,1,2,2,1,57,9,1598,2,3,VAUXHALL VIVARO,2,E01000434,0,-1
2020010257618,2020,010257618,2,19,0,9,9,3,1,0,0,8,0,0,0,0,2,1,2,2,1,67,10,1598,2,4,VAUXHALL VIVARO,10,E01017739,0,-1
2020552000662,2020,552000662,1,19,0,13,13,5,1,0,0,8,0,0,0,0,1,1,6,6,1,25,5,1995,2,10,VAUXHALL VIVARO,10,E01023067,0,-1
2020500971201,2020,500971201,3,19,0,3,3,1,5,0,0,0,0,0,0,0,2,1,5,6,1,41,7,1995,2,6,VAUXHALL VIVARO,9,E01030366,0,-1
2020500924029,2020,500924029,2,19,0,18,19,5,1,0,0,0,0,0,0,0,1,1,6,6,2,54,8,1598,2,2,VAUXHALL VIVARO,5,E01031594,0,-1
2020500988972,2020,500988972,1,19,0,18,19,7,3,0,0,0,1,0,0,0,1,1,5,6,1,49,8,1598,2,1,VAUXHALL VIVARO,2,E01018770,0,-1
2020010232446,2020,010232446,2,19,0,9,9,5,3,0,0,8,0,0,0,0,2,1,1,1,2,48,8,1598,2,3,VAUXHALL VIVARO,2,E01032562,0,-1
2020137130783,2020,137130783,2,19,0,2,2,0,0,0,0,0,0,0,0,0,2,1,6,6,3,-1,-1,1598,2,2,VAUXHALL VIVARO,3,E01010615,0,-1
2020420990379,2020,420990379,1,19,0,18,19,1,6,0,0,0,1,0,7,11,3,1,6,6,1,30,6,1870,2,14,VAUXHALL VIVARO,6,E01021589,0,-1
202006G270026,2020,06G270026,1,9,0,6,6,2,2,0,0,1,0,0,0,0,3,1,6,6,1,43,7,1598,2,3,VAUXHALL VIVARO,-1,-1,0,-1
2020471006393,2020,471006393,2,19,0,18,19,8,5,0,0,1,0,0,0,0,1,1,5,6,1,43,7,1995,2,8,VAUXHALL VIVARO,10,E01020940,0,-1
2020320275416,2020,320275416,3,19,0,18,19,3,7,0,0,0,0,0,0,0,2,1,6,6,1,71,10,1870,2,15,VAUXHALL VIVARO,8,E01031181,0,-1
2020430033645,2020,430033645,1,19,0,18,19,8,4,0,0,0,0,0,0,0,1,1,1,1,1,52,8,1995,2,6,VAUXHALL VIVARO,8,E01016789,0,-1
2020350960865,2020,350960865,1,19,0,9,9,7,1,0,0,2,0,0,0,0,4,1,1,1,1,47,8,1995,2,8,VAUXHALL VIVARO,7,E01018300,0,-1
2020100973071,2020,100973071,2,19,0,4,4,5,1,0,0,1,0,0,0,0,2,1,5,6,1,64,9,1499,2,1,VAUXHALL VIVARO,5,E01018966,0,-1