collision_index,collision_year,collision_ref_no,vehicle_reference,vehicle_type,towing_and_articulation,vehicle_manoeuvre_historic,vehicle_manoeuvre,vehicle_direction_from,vehicle_direction_to,vehicle_location_restricted_lane_historic,vehicle_location_restricted_lane,junction_location,skidding_and_overturning,hit_object_in_carriageway,vehicle_leaving_carriageway,hit_object_off_carriageway,first_point_of_impact,vehicle_left_hand_drive,journey_purpose_of_driver_historic,journey_purpose_of_driver,sex_of_driver,age_of_driver,age_band_of_driver,engine_capacity_cc,propulsion_code,age_of_vehicle,generic_make_model,driver_imd_decile,lsoa_of_driver,escooter_flag,driver_distance_banding
2020010270666,2020,010270666,1,19,0,5,5,1,5,0,0,0,0,0,0,0,1,1,2,2,1,31,6,1598,2,3,VAUXHALL VIVARO,5,E01023400,0,-1
2020340E07112,2020,340E07112,2,19,0,18,19,7,3,0,0,8,0,0,4,0,1,1,6,6,1,53,8,1995,2,11,VAUXHALL VIVARO,4,E01032365,0,-1
2020990932323,2020,990932323,2,19,0,18,19,2,6,0,0,1,0,0,0,0,1,1,2,2,1,33,6,1995,2,7,VAUXHALL VIVARO,6,-1,0,-1
2020340D07022,2020,340D07022,1,19,0,17,19,3,7,0,0,0,0,0,0,0,1,1,6,6,1,26,6,1995,2,12,VAUXHALL VIVARO,2,E01027161,0,-1
2020500966297,2020,500966297,1,9,0,18,19,8,4,0,0,0,0,0,0,0,1,1,5,6,2,40,7,1598,2,5,VAUXHALL VIVARO,2,E01015081,0,-1
2020160925961,2020,160925961,2,19,0,17,19,8,4,0,0,0,1,0,0,0,1,1,1,1,1,24,5,1598,2,5,VAUXHALL VIVARO,1,E01013165,0,-1
2020140926543,2020,140926543,1,19,0,18,19,7,3,0,0,0,0,4,0,0,1,1,1,1,1,42,7,1598,2,2,VAUXHALL VIVARO,1,E01007474,0,-1
2020030946318,2020,030946318,1,8,0,18,19,7,3,0,0,0,0,0,0,0,1,1,2,2,1,57,9,1995,2,6,-1,6,E01019398,0,-1
2020140929221,2020,140929221,3,19,0,18,19,5,1,0,0,0,0,0,0,0,1,1,1,1,1,49,8,1995,2,12,VAUXHALL VIVARO,4,E01007576,0,-1
2020160925281,2020,160925281,1,19,0,18,19,2,6,0,0,0,0,0,0,0,1,1,5,6,1,24,5,1598,2,5,VAUXHALL VIVARO,1,E01013165,0,-1
2020360952533,2020,360952533,1,19,0,18,19,5,3,0,0,0,0,0,0,0,1,1,1,1,1,36,7,1995,2,7,VAUXHALL VIVARO,1,E01026848,0,-1
2020320644240,2020,320644240,1,19,0,12,12,6,2,0,0,1,0,0,0,0,1,1,6,6,1,29,6,1995,2,12,VAUXHALL VIVARO,-1,-1,0,-1
2020500935598,2020,500935598,2,19,0,18,19,2,6,0,0,0,1,0,0,0,1,1,2,2,1,31,6,1995,2,11,VAUXHALL VIVARO,3,E01015195,0,-1
2020040927694,2020,040927694,2,19,0,9,9,3,5,0,0,8,0,0,0,0,1,1,5,6,1,53,8,1995,2,8,VAUXHALL VIVARO,5,E01025431,0,-1
2020470954711,2020,470954711,1,19,0,18,19,2,6,0,0,0,0,0,0,0,1,1,6,6,1,68,10,1995,2,12,VAUXHALL VIVARO,3,E01031548,0,-1
2020540454020,2020,540454020,1,19,0,9,9,2,8,0,0,6,0,0,0,0,3,1,2,2,1,37,7,1995,2,12,VAUXHALL VIVARO,3,E01014926,0,-1
2020100972339,2020,100972339,1,19,0,9,9,3,5,0,0,0,0,4,0,0,4,1,6,6,1,57,9,1870,2,16,VAUXHALL VIVARO,1,E01008297,0,-1
2020010286258,2020,010286258,1,19,0,1,1,1,5,0,0,1,0,0,0,0,2,1,1,1,1,55,8,1499,2,1,VAUXHALL VIVARO,1,E01002732,0,-1
2020320122699,2020,320122699,1,19,0,18,19,5,1,0,0,0,0,0,0,0,1,1,2,2,1,45,7,1598,2,3,VAUXHALL VIVARO,10,E01026187,0,-1
2020440437902,2020,440437902,2,19,0,5,5,3,7,0,0,1,0,0,0,0,1,1,6,6,1,-1,-1,1598,2,5,VAUXHALL VIVARO,-1,-1,0,-1
2020991011295,2020,991011295,1,19,0,18,19,2,6,0,0,0,0,0,0,0,4,1,1,1,1,31,6,1995,2,9,VAUXHALL VIVARO,5,-1,0,-1
2020010282704,2020,010282704,1,19,0,99,99,9,9,99,99,9,9,99,9,99,2,9,6,6,1,40,7,1995,2,6,VAUXHALL VIVARO,7,E01016719,0,-1
2020010235993,2020,010235993,2,19,0,18,19,7,3,0,0,1,0,0,0,0,1,1,6,6,3,-1,-1,1995,2,9,VAUXHALL VIVARO,-1,-1,0,-1
2020201004586,2020,201004586,2,19,0,18,19,6,2,0,0,8,0,0,0,0,1,1,6,6,1,65,9,1995,2,10,VAUXHALL VIVARO,5,E01010539,0,-1
2020360953918,2020,360953918,2,19,0,18,19,5,1,0,0,0,0,0,0,0,1,1,1,1,1,52,8,1598,2,5,VAUXHALL VIVARO,10,E01026945,0,-1
2020460943854,2020,460943854,2,9,0,17,19,4,8,0,0,8,0,0,0,0,1,1,3,7,2,25,5,1995,2,7,VAUXHALL VIVARO,9,E01024626,0,-1
2020010246585,2020,010246585,1,19,0,18,19,3,7,9,9,3,0,4,3,10,1,1,6,6,1,26,6,1598,2,5,VAUXHALL VIVARO,2,E01000012,0,-1
2020200996546,2020,200996546,3,19,0,3,3,8,4,0,0,2,0,0,0,0,2,1,6,6,1,-1,-1,1870,2,15,VAUXHALL VIVARO,6,E01009676,0,-1
2020010261734,2020,010261734,2,19,0,99,99,9,9,99,99,9,9,99,9,99,9,9,6,6,3,-1,-1,1598,2,3,VAUXHALL VIVARO,-1,-1,0,-1
202031C100520,2020,31C100520,2,19,0,18,19,7,3,0,0,1,0,0,0,0,1,1,2,2,1,53,8,1995,2,6,VAUXHALL VIVARO,6,E01028374,0,-1
2020320024812,2020,320024812,2,19,0,18,19,3,7,0,0,0,0,0,0,0,1,1,1,1,1,58,9,1598,2,5,VAUXHALL VIVARO,10,E01026215,0,-1
2020350988480,2020,350988480,1,19,0,9,9,6,3,0,0,8,0,0,0,0,1,1,6,6,1,50,8,1598,2,2,VAUXHALL VIVARO,8,E01018236,0,-1
2020010234388,2020,010234388,2,19,0,15,15,5,1,0,0,1,0,0,0,0,3,1,6,6,1,30,6,1995,2,6,VAUXHALL VIVARO,4,E01000124,0,-1
202031C148220,2020,31C148220,1,19,0,5,5,3,7,0,0,1,0,0,0,0,1,1,6,6,1,57,9,1598,2,5,VAUXHALL VIVARO,3,E01013874,0,-1
2020160917084,2020,160917084,1,19,0,16,19,2,6,0,0,0,2,0,7,10,1,1,6,6,1,31,6,1995,2,8,VAUXHALL VIVARO,5,E01012991,0,-1
2020010276151,2020,010276151,1,19,0,10,10,7,4,0,0,8,0,0,0,0,1,1,6,6,1,39,7,1997,2,0,VAUXHALL VIVARO,9,E01004191,0,-1
2020360955708,2020,360955708,1,19,0,17,19,1,3,0,0,0,2,0,7,0,1,1,5,6,1,45,7,1870,2,15,VAUXHALL VIVARO,1,E01026687,0,-1
2020160971251,2020,160971251,1,19,0,18,19,8,4,0,0,0,0,4,0,0,1,1,1,1,1,58,9,1598,2,5,VAUXHALL VIVARO,-1,-1,0,-1
2020361002575,2020,361002575,2,19,0,18,19,4,8,0,0,0,0,0,0,0,3,1,1,1,1,40,7,1499,2,1,VAUXHALL VIVARO,7,E01008465,0,-1
2020450989073,2020,450989073,2,19,0,18,19,3,7,0,0,1,1,0,0,0,1,1,1,1,1,35,6,1598,2,4,VAUXHALL VIVARO,4,E01003900,0,-1
2020401013700,2020,401013700,2,19,0,3,3,7,3,0,0,0,0,11,0,0,1,1,2,2,1,22,5,1870,2,14,VAUXHALL VIVARO,6,E01017592,0,-1
2020160969933,2020,160969933,2,19,0,18,19,6,2,0,0,6,0,0,0,0,4,1,1,1,1,35,6,1870,2,15,VAUXHALL VIVARO,1,E01007977,0,-1
2020230982254,2020,230982254,2,19,0,4,4,8,3,0,0,0,0,0,0,0,2,1,5,6,1,21,5,1598,2,5,VAUXHALL VIVARO,2,E01009573,0,-1
2020360940261,2020,360940261,1,19,0,18,19,7,3,0,0,0,0,0,0,0,1,1,1,1,1,51,8,1995,2,9,VAUXHALL VIVARO,4,E01026728,0,-1
2020010262919,2020,010262919,1,19,9,18,19,5,1,99,99,9,9,99,0,0,1,9,6,6,1,-1,-1,1598,2,5,VAUXHALL VIVARO,2,E01001947,0,-1
2020010291400,2020,010291400,2,19,0,1,1,5,1,0,0,8,0,0,0,0,2,9,6,6,1,-1,-1,1499,2,1,VAUXHALL VIVARO,-1,-1,0,-1
2020010248313,2020,010248313,1,19,0,18,19,1,5,0,0,8,0,0,0,0,2,1,2,2,1,24,5,1499,2,1,VAUXHALL VIVARO,6,E01033463,0,-1
2020010280127,2020,010280127,1,19,0,9,9,1,7,0,0,8,0,0,0,0,3,1,2,2,1,47,8,1995,2,8,VAUXHALL VIVARO,4,E01023301,0,-1
2020010269822,2020,010269822,1,19,0,3,3,5,1,0,0,0,0,0,0,0,4,1,2,2,1,40,7,1870,2,14,VAUXHALL VIVARO,3,E01002568,0,-1
2020040971204,2020,040971204,1,19,0,15,15,7,3,0,0,1,0,0,0,0,4,1,2,2,1,32,6,1598,2,2,VAUXHALL VIVARO,1,E01012749,0,-1
2020040967979,2020,040967979,3,19,0,4,4,5,1,0,0,0,0,0,0,0,1,1,1,1,1,48,8,1870,2,18,VAUXHALL VIVARO,4,E01025093,0,-1
2020010286815,2020,010286815,1,19,0,18,19,4,8,0,0,1,0,4,0,0,1,1,6,6,1,32,6,1598,2,1,VAUXHALL VIVARO,5,E01002232,0,-1
2020010262853,2020,010262853,1,19,0,9,9,3,1,0,0,6,0,0,0,0,1,1,1,1,1,41,7,1995,2,11,VAUXHALL VIVARO,10,E01000186,0,-1
2020010278425,2020,010278425,1,19,0,18,19,5,1,0,0,0,0,0,0,0,0,1,6,6,1,32,6,1598,2,2,VAUXHALL VIVARO,5,E01001708,0,-1
2020420992005,2020,420992005,2,19,0,3,3,3,7,0,0,0,0,0,0,0,2,1,1,1,1,31,6,1995,2,12,VAUXHALL VIVARO,9,E01021919,0,-1
2020990932844,2020,990932844,1,19,0,9,9,1,7,0,0,2,0,0,0,0,1,1,1,1,1,67,10,1598,2,5,VAUXHALL VIVARO,10,-1,0,-1
2020320023404,2020,320023404,1,19,0,18,19,7,3,0,0,0,1,0,0,0,1,1,1,1,1,54,8,1997,2,0,VAUXHALL VIVARO,4,E01026410,0,-1
2020350996679,2020,350996679,1,19,0,18,19,1,5,0,0,3,0,0,0,0,4,1,1,1,1,24,5,1598,2,2,VAUXHALL VIVARO,2,E01015610,0,-1
2020440254256,2020,440254256,1,9,0,1,1,6,2,0,0,1,0,0,0,0,2,1,1,1,1,-1,-1,-1,-1,-1,VAUXHALL VIVARO,-1,-1,0,-1
2020420997022,2020,420997022,1,19,0,18,19,5,1,0,0,0,0,0,0,0,1,1,2,2,1,20,4,1995,2,9,VAUXHALL VIVARO,8,E01021731,0,-1
2020010285006,2020,010285006,2,19,0,6,6,1,1,0,0,8,0,0,0,0,1,1,1,1,1,27,6,1997,2,1,VAUXHALL VIVARO,7,E01032892,0,-1
2020137CJ0871,2020,137CJ0871,2,19,0,2,2,0,0,0,0,0,0,0,0,0,4,1,1,1,1,31,6,1870,2,16,VAUXHALL VIVARO,3,E01011868,0,-1
2020552000705,2020,552000705,1,19,0,18,19,8,3,0,0,1,0,0,0,0,1,1,1,1,1,41,7,1598,2,2,VAUXHALL VIVARO,6,E01015440,0,-1
2020440286092,2020,440286092,1,19,0,18,19,2,6,0,0,0,0,0,0,0,1,1,1,1,2,24,5,1995,2,6,VAUXHALL VIVARO,7,E01015408,0,-1
2020302001001,2020,302001001,2,19,0,4,4,2,6,0,0,0,0,0,0,0,0,1,4,7,1,42,7,1598,2,3,VAUXHALL VIVARO,9,E01013544,0,-1
2020440387574,2020,440387574,5,19,0,2,2,0,0,0,0,2,0,0,0,0,3,1,6,6,1,-1,-1,1870,2,14,VAUXHALL VIVARO,-1,-1,0,-1
2020552100089,2020,552100089,1,19,0,18,19,6,2,0,0,8,0,0,0,0,1,1,1,1,1,18,4,1499,2,1,VAUXHALL VIVARO,9,E01015406,0,-1
2020140922322,2020,140922322,4,19,0,3,3,7,3,0,0,0,0,0,0,0,2,1,1,1,1,33,6,1995,2,8,VAUXHALL VIVARO,4,E01010890,0,-1
2020140922322,2020,140922322,6,19,0,3,3,7,3,0,0,0,0,0,0,0,2,1,1,1,1,31,6,-1,-1,-1,VAUXHALL VIVARO,4,E01006049,0,-1
2020010274928,2020,010274928,1,19,0,3,3,6,2,0,0,1,0,0,0,0,2,1,6,6,1,55,8,1598,2,4,VAUXHALL VIVARO,2,E01000482,0,-1
2020500955996,2020,500955996,2,19,0,3,3,1,5,0,0,1,0,0,0,0,2,1,5,6,1,46,8,1870,2,16,VAUXHALL VIVARO,9,E01015197,0,-1
2020420926799,2020,420926799,3,19,0,18,19,2,6,0,0,0,0,0,0,0,1,1,1,1,1,54,8,1995,2,6,VAUXHALL VIVARO,9,E01021940,0,-1
2020010281046,2020,010281046,2,19,0,99,99,9,9,99,99,9,9,99,9,99,9,9,6,6,3,52,8,1598,2,2,VAUXHALL VIVARO,4,E01001165,0,-1
2020460976415,2020,460976415,2,19,0,4,4,6,4,0,0,0,0,0,0,0,2,1,5,6,1,31,6,1598,2,4,VAUXHALL VIVARO,10,E01021227,0,-1
202031A042120,2020,31A042120,2,19,0,18,19,6,2,0,0,0,0,0,0,0,2,1,6,6,1,27,6,1870,2,15,VAUXHALL VIVARO,5,E01028092,0,-1
2020450999066,2020,450999066,2,19,0,18,19,5,1,0,0,1,0,0,0,0,2,1,1,1,1,39,7,1499,2,0,VAUXHALL VIVARO,10,E01030693,0,-1
2020040960892,2020,040960892,2,19,0,9,9,8,4,0,0,8,0,0,0,0,3,1,6,6,1,40,7,1499,2,0,VAUXHALL VIVARO,7,E01025576,0,-1
2020010286827,2020,010286827,1,19,0,7,7,5,7,0,0,1,0,0,0,0,1,1,1,1,1,23,5,1598,2,1,VAUXHALL VIVARO,2,E01001151,0,-1
2020052002120,2020,052002120,1,19,0,9,9,1,5,0,0,6,0,0,0,0,0,1,1,1,1,58,9,1598,2,5,VAUXHALL VIVARO,4,E01006846,0,-1
2020010239202,2020,010239202,2,19,0,2,2,0,0,9,9,0,0,0,0,0,2,1,6,6,3,-1,-1,1995,2,12,VAUXHALL VIVARO,-1,-1,0,-1
2020031013365,2020,031013365,1,19,0,18,19,3,7,0,0,0,5,0,1,0,0,1,5,6,1,63,9,1995,2,12,VAUXHALL VIVARO,8,E01019253,0,-1
2020052000861,2020,052000861,1,19,0,9,9,1,7,0,0,8,0,0,0,0,1,1,1,1,1,32,6,1598,2,1,VAUXHALL VIVARO,-1,-1,0,-1
2020450994043,2020,450994043,1,19,0,7,7,5,7,0,0,0,1,0,0,0,1,1,1,1,1,32,6,1499,2,1,VAUXHALL VIVARO,5,E01033577,0,-1
2020520100736,2020,520100736,1,20,0,10,10,3,7,0,0,8,0,0,0,0,2,1,1,1,1,52,8,-1,-1,-1,VAUXHALL VIVARO,8,E01029089,0,-1
2020320627107,2020,320627107,1,19,0,18,19,2,6,0,0,2,0,0,0,0,1,1,2,2,1,37,7,1598,2,6,VAUXHALL VIVARO,7,E01026096,0,-1
2020010272531,2020,010272531,4,19,0,2,2,0,0,0,0,2,0,0,1,0,2,1,6,6,3,-1,-1,1995,2,12,VAUXHALL VIVARO,-1,-1,0,-1
2020320475860,2020,320475860,2,9,0,18,19,7,3,0,0,1,0,0,0,0,1,1,1,1,2,55,8,1598,2,3,VAUXHALL VIVARO,3,E01026381,0,-1
2020421007669,2020,421007669,3,19,0,3,3,1,6,0,0,1,0,0,0,0,1,1,1,1,1,50,8,1598,2,5,VAUXHALL VIVARO,8,E01021382,0,-1
2020010261463,2020,010261463,2,19,0,18,19,3,7,0,0,0,0,0,0,0,1,1,1,1,1,40,7,1598,2,2,VAUXHALL VIVARO,10,E01017873,0,-1
2020010236089,2020,010236089,1,19,0,99,99,9,9,99,99,0,9,99,9,99,2,9,2,2,1,32,6,1598,2,1,VAUXHALL VIVARO,3,E01000335,0,-1
2020500979572,2020,500979572,1,19,0,10,10,2,6,0,0,1,0,0,0,0,2,1,2,2,1,29,6,1499,2,1,VAUXHALL VIVARO,1,E01018841,0,-1
2020440482494,2020,440482494,2,19,0,9,9,4,2,0,0,8,1,0,0,0,3,1,1,1,1,25,5,1995,2,12,VAUXHALL VIVARO,7,E01022592,0,-1
2020137AM1504,2020,137AM1504,1,19,0,5,5,8,4,0,0,0,0,7,0,0,1,1,1,1,1,48,8,1499,2,1,VAUXHALL VIVARO,3,E01011920,0,-1
2020332000092,2020,332000092,1,19,0,18,19,6,2,0,0,2,0,0,0,0,1,1,1,1,1,52,8,1598,2,4,VAUXHALL VIVARO,10,E01025713,0,-1
2020440079755,2020,440079755,3,8,0,4,4,5,1,0,0,8,0,0,0,0,2,1,1,1,1,39,7,1995,2,6,-1,4,E01017264,0,-1
2020140967649,2020,140967649,2,19,0,18,19,4,8,0,0,1,0,0,0,0,2,1,5,6,1,28,6,1995,2,8,VAUXHALL VIVARO,2,E01007967,0,-1
2020030978979,2020,030978979,1,19,0,5,5,7,5,0,0,8,0,0,0,0,3,1,5,6,1,56,9,1598,2,3,VAUXHALL VIVARO,6,E01019235,0,-1
2020990966566,2020,990966566,2,19,0,17,19,4,1,0,0,0,5,0,1,9,1,1,1,1,1,39,7,1598,2,2,VAUXHALL VIVARO,2,-1,0,-1
2020420961807,2020,420961807,2,19,0,9,9,1,7,0,0,8,0,0,0,0,4,1,1,1,1,53,8,1598,2,2,VAUXHALL VIVARO,10,E01021465,0,-1
2020421002307,2020,421002307,2,19,0,17,19,5,1,0,0,0,0,0,0,0,1,1,1,1,1,52,8,1995,2,6,VAUXHALL VIVARO,8,E01021521,0,-1
2020430405043,2020,430405043,2,19,0,18,19,4,8,0,0,1,0,0,0,0,1,1,6,6,1,45,7,1870,2,13,VAUXHALL VIVARO,-1,-1,0,-1
202063A050520,2020,63A050520,1,19,0,4,4,6,1,0,0,0,0,0,0,0,2,1,6,6,1,34,6,1870,2,14,VAUXHALL VIVARO,1,W01000810,0,-1
2020137CG1229,2020,137CG1229,1,19,0,16,19,4,8,0,0,0,0,0,0,0,1,1,2,2,1,42,7,1997,2,1,VAUXHALL VIVARO,3,E01011331,0,-1
2020010259389,2020,010259389,2,19,0,99,99,9,9,99,99,9,9,99,9,99,9,9,6,6,3,-1,-1,1499,2,1,VAUXHALL VIVARO,-1,-1,0,-1
2020430146798,2020,430146798,1,19,0,18,19,3,7,0,0,0,5,0,0,0,1,1,6,6,1,31,6,1870,2,16,VAUXHALL VIVARO,9,E01028650,0,-1
2020010255681,2020,010255681,1,19,0,10,10,1,6,0,0,1,0,0,0,0,1,1,1,1,1,27,6,1499,2,1,VAUXHALL VIVARO,2,E01003238,0,-1
2020211025730,2020,211025730,2,19,0,2,2,0,0,0,0,0,0,4,0,0,1,1,6,6,1,35,6,1598,2,3,VAUXHALL VIVARO,7,E01029768,0,-1
2020010240992,2020,010240992,1,19,0,7,7,3,5,0,0,1,0,0,1,0,4,1,1,1,1,41,7,1598,2,1,VAUXHALL VIVARO,4,E01004187,0,-1
2020010267158,2020,010267158,1,19,0,6,6,6,6,0,0,0,0,0,0,0,1,1,2,2,1,39,7,1598,2,4,VAUXHALL VIVARO,4,E01003056,0,-1
2020531003694,2020,531003694,2,19,0,4,4,7,2,0,0,2,0,0,0,0,1,1,1,1,2,-1,-1,1997,2,0,VAUXHALL VIVARO,4,E01022241,0,-1
2020320651973,2020,320651973,1,19,0,18,19,2,4,0,0,0,0,4,0,0,1,1,2,2,1,50,8,1870,2,15,VAUXHALL VIVARO,6,E01026038,0,-1
202031A047520,2020,31A047520,1,19,0,18,19,2,6,0,0,1,0,0,0,0,1,1,6,6,1,47,8,1598,2,1,VAUXHALL VIVARO,9,E01028241,0,-1
2020010231407,2020,010231407,1,19,0,18,19,2,6,0,0,1,0,11,0,0,1,1,6,6,1,39,7,1995,2,8,VAUXHALL VIVARO,4,E01000408,0,-1
2020010268413,2020,010268413,2,19,0,18,19,5,1,0,0,2,0,0,0,0,1,1,1,1,1,32,6,1598,2,3,VAUXHALL VIVARO,2,E01000017,0,-1
2020450991277,2020,450991277,2,19,0,18,19,8,4,0,0,8,0,0,0,0,2,1,5,6,1,58,9,1598,2,3,VAUXHALL VIVARO,-1,-1,0,-1
202031C083720,2020,31C083720,2,19,0,18,19,5,1,0,0,0,0,0,1,6,1,1,1,1,1,25,5,1995,2,6,VAUXHALL VIVARO,4,E01027929,0,-1
2020010269717,2020,010269717,2,19,0,9,9,4,1,0,0,5,0,0,0,0,4,1,6,6,1,45,7,1997,2,1,VAUXHALL VIVARO,8,E01007309,0,-1
2020100916844,2020,100916844,3,8,0,10,10,7,4,0,0,1,0,0,0,0,3,1,6,6,1,-1,-1,1598,2,4,-1,1,E01008671,0,-1
2020140973908,2020,140973908,2,19,0,18,19,5,1,0,0,0,0,0,0,0,1,1,1,1,1,22,5,1499,2,1,VAUXHALL VIVARO,5,E01007751,0,-1
202006G275498,2020,06G275498,3,19,0,2,2,0,0,0,0,0,0,0,0,0,1,1,6,6,3,-1,-1,1598,2,5,VAUXHALL VIVARO,-1,-1,0,-1
2020990969003,2020,990969003,1,19,0,7,7,4,7,0,0,0,0,0,0,0,4,1,1,1,1,56,9,1598,2,4,VAUXHALL VIVARO,7,-1,0,-1
2020990998948,2020,990998948,1,19,0,17,19,7,5,0,0,2,0,0,0,0,1,1,1,1,1,20,4,1499,2,0,VAUXHALL VIVARO,-1,-1,0,-1
2020041006019,2020,041006019,2,19,0,17,19,5,1,0,0,8,0,0,0,0,4,2,2,2,1,24,5,1598,2,2,VAUXHALL VIVARO,2,E01012705,0,-1
2020320495481,2020,320495481,1,19,0,16,19,1,5,0,0,1,0,0,0,0,1,1,6,6,1,33,6,1870,2,14,VAUXHALL VIVARO,4,E01026102,0,-1
2020010257090,2020,010257090,1,19,0,9,9,5,3,0,0,6,0,0,0,0,2,1,1,1,1,51,8,1598,2,5,VAUXHALL VIVARO,4,E01000999,0,-1
2020622100002,2020,622100002,1,19,0,5,5,6,2,0,0,0,0,0,0,0,1,1,6,6,1,30,6,1995,2,13,VAUXHALL VIVARO,7,W01001108,0,-1
2020010276093,2020,010276093,1,19,0,4,4,3,7,0,0,1,0,0,0,0,2,1,1,1,1,32,6,1598,2,3,VAUXHALL VIVARO,6,E01003378,0,-1
2020451004856,2020,451004856,2,19,0,18,19,3,7,0,0,0,0,0,0,0,3,1,6,6,1,52,8,1598,2,1,VAUXHALL VIVARO,2,E01023156,0,-1
2020991004274,2020,991004274,1,19,0,7,7,8,2,0,0,2,0,0,0,0,1,1,1,1,1,21,5,1499,2,1,VAUXHALL VIVARO,7,-1,0,-1
2020320538381,2020,320538381,3,10,0,4,4,6,8,0,0,0,0,0,0,0,2,1,1,1,2,31,6,-1,-1,-1,-1,2,E01026375,0,-1
2020010250506,2020,010250506,1,19,0,9,9,5,3,0,0,1,0,0,0,0,3,1,1,1,1,55,8,1995,2,6,VAUXHALL VIVARO,4,W01001917,0,-1
2020420989227,2020,420989227,2,19,0,18,19,1,5,0,0,0,0,0,0,0,1,1,6,6,1,46,8,1995,2,9,VAUXHALL VIVARO,5,E01021550,0,-1
2020450999621,2020,450999621,1,9,0,18,19,1,5,0,0,0,0,0,0,0,1,1,2,2,1,43,7,1598,2,4,VAUXHALL VIVARO,3,E01031569,0,-1
2020140926600,2020,140926600,2,19,0,2,2,0,0,9,9,0,0,0,0,0,1,1,6,6,1,53,8,1870,2,17,VAUXHALL VIVARO,8,E01007818,0,-1
2020460954930,2020,460954930,2,19,0,10,10,2,7,0,0,1,0,0,0,0,2,1,1,1,1,68,10,1995,2,7,VAUXHALL VIVARO,9,E01024821,0,-1
2020320624885,2020,320624885,1,19,0,3,3,2,6,0,0,1,0,0,0,0,1,1,1,1,1,48,8,1499,2,1,VAUXHALL VIVARO,4,E01026041,0,-1
2020400941092,2020,400941092,1,19,0,4,4,8,4,0,0,0,0,0,1,0,1,1,5,6,1,32,6,1995,2,9,VAUXHALL VIVARO,8,E01023625,0,-1
2020010247715,2020,010247715,2,19,0,3,3,6,2,0,0,4,0,0,0,0,2,1,6,6,1,58,9,1995,2,8,VAUXHALL VIVARO,-1,-1,0,-1
2020500950358,2020,500950358,1,19,0,15,15,2,7,0,0,0,0,0,0,0,2,1,1,1,1,54,8,1598,2,4,VAUXHALL VIVARO,9,E01019900,0,-1
2020470965111,2020,470965111,1,19,0,17,19,2,7,0,0,0,5,0,1,0,1,1,2,2,1,36,7,1598,2,2,VAUXHALL VIVARO,9,E01021053,0,-1
2020531021124,2020,531021124,1,19,0,18,19,1,5,0,0,2,0,0,0,0,2,1,1,1,1,50,8,1870,2,14,VAUXHALL VIVARO,8,E01015565,0,-1
202031A042120,2020,31A042120,1,19,0,18,19,6,2,0,0,0,0,0,0,0,1,1,6,6,1,-1,-1,1870,2,16,VAUXHALL VIVARO,-1,-1,0,-1
2020170L20070,2020,170L20070,1,19,0,18,19,6,2,0,0,0,0,0,0,0,1,1,2,2,1,49,8,1598,2,4,VAUXHALL VIVARO,1,E01032561,0,-1
2020010238242,2020,010238242,1,19,0,99,99,9,9,99,99,9,9,99,9,99,2,9,6,6,1,30,6,1598,2,2,VAUXHALL VIVARO,1,E01004205,0,-1
2020552000694,2020,552000694,2,19,0,18,19,4,8,0,0,8,0,0,7,0,1,1,1,1,1,28,6,1995,2,6,VAUXHALL VIVARO,9,E01029210,0,-1
2020010279774,2020,010279774,1,19,0,7,7,7,2,0,0,5,0,0,0,0,4,1,1,1,1,38,7,1499,2,1,VAUXHALL VIVARO,7,E01003709,0,-1
2020361011591,2020,361011591,3,19,0,3,3,7,3,0,0,0,0,0,0,0,2,1,1,1,1,37,7,1870,2,13,VAUXHALL VIVARO,7,E01026588,0,-1
2020320234618,2020,320234618,1,19,0,4,4,7,3,0,0,2,0,0,0,0,0,1,1,1,1,42,7,1598,2,3,VAUXHALL VIVARO,7,E01013294,0,-1
2020122000327,2020,122000327,2,19,0,17,19,5,4,0,0,0,1,0,1,1,1,1,6,6,1,39,7,1995,2,8,VAUXHALL VIVARO,7,E01027766,0,-1
2020420935882,2020,420935882,1,19,0,18,19,5,1,0,0,0,0,0,0,0,1,1,1,1,1,35,6,1995,2,7,VAUXHALL VIVARO,4,E01021293,0,-1
2020041008559,2020,041008559,1,19,0,9,9,1,5,0,0,0,0,0,0,0,3,1,5,6,1,24,5,1598,2,5,VAUXHALL VIVARO,1,E01025117,0,-1
2020361009872,2020,361009872,1,19,0,3,3,2,6,0,0,1,0,0,0,0,1,1,6,6,1,33,6,1870,2,18,VAUXHALL VIVARO,5,E01026944,0,-1
2020010236202,2020,010236202,2,19,0,18,19,7,3,0,0,8,0,0,0,0,1,1,1,1,1,22,5,1598,2,1,VAUXHALL VIVARO,9,E01029872,0,-1
2020350949469,2020,350949469,2,19,0,18,19,1,4,0,0,1,0,0,0,0,0,1,6,6,2,35,6,1995,2,7,VAUXHALL VIVARO,4,E01026248,0,-1
2020010275348,2020,010275348,1,19,9,99,99,9,9,99,99,9,9,99,9,99,9,9,6,6,3,-1,-1,1995,2,8,VAUXHALL VIVARO,-1,-1,0,-1