collision_index,collision_year,collision_ref_no,vehicle_reference,vehicle_type,towing_and_articulation,vehicle_manoeuvre_historic,vehicle_manoeuvre,vehicle_direction_from,vehicle_direction_to,vehicle_location_restricted_lane_historic,vehicle_location_restricted_lane,junction_location,skidding_and_overturning,hit_object_in_carriageway,vehicle_leaving_carriageway,hit_object_off_carriageway,first_point_of_impact,vehicle_left_hand_drive,journey_purpose_of_driver_historic,journey_purpose_of_driver,sex_of_driver,age_of_driver,age_band_of_driver,engine_capacity_cc,propulsion_code,age_of_vehicle,generic_make_model,driver_imd_decile,lsoa_of_driver,escooter_flag,driver_distance_banding
2020622000699,2020,622000699,2,19,0,4,4,4,8,0,0,0,0,0,0,0,1,1,1,1,1,53,8,1995,2,7,VAUXHALL VIVARO,3,W01000695,0,-1
2020451005487,2020,451005487,7,19,0,18,19,7,3,0,0,0,0,0,0,0,0,1,1,1,1,30,6,1499,2,0,VAUXHALL VIVARO,6,E01023138,0,-1
2020010241496,2020,010241496,1,19,0,7,7,2,4,0,0,1,0,0,0,0,0,1,1,1,1,44,7,1598,2,4,VAUXHALL VIVARO,5,E01003067,0,-1
202031D117120,2020,31D117120,1,19,0,1,1,7,3,0,0,0,0,0,0,0,2,1,6,6,1,62,9,1598,2,4,VAUXHALL VIVARO,2,E01013963,0,-1
2020201020660,2020,201020660,2,19,0,1,1,4,8,0,0,8,0,0,0,0,2,1,6,6,1,55,8,1995,2,8,VAUXHALL VIVARO,3,E01010321,0,-1
2020450950222,2020,450950222,2,19,0,18,19,1,5,0,0,4,0,0,0,0,1,1,6,6,1,40,7,1598,2,2,VAUXHALL VIVARO,9,E01030880,0,-1
2020010253916,2020,010253916,1,19,9,99,99,9,9,99,99,1,9,99,9,0,9,9,6,6,1,32,6,1598,2,3,VAUXHALL VIVARO,3,E01003250,0,-1
2020360993059,2020,360993059,2,19,0,18,19,1,5,0,0,0,0,0,0,0,0,1,1,1,1,-1,-1,1598,2,3,VAUXHALL VIVARO,-1,-1,0,-1
2020500980815,2020,500980815,2,19,0,17,19,5,1,0,0,0,0,0,0,0,1,1,6,6,1,37,7,1995,2,9,VAUXHALL VIVARO,2,E01018949,0,-1
2020122001113,2020,122001113,1,19,0,11,11,1,5,0,0,0,0,0,5,6,1,1,1,1,1,21,5,1995,2,12,VAUXHALL VIVARO,1,E01007332,0,-1
2020010257087,2020,010257087,2,19,0,5,5,3,7,0,0,1,0,0,0,0,2,1,1,1,2,25,5,1598,2,5,VAUXHALL VIVARO,3,E01000094,0,-1
2020070514523,2020,070514523,3,19,0,2,2,0,0,0,0,0,0,0,0,0,2,1,6,6,1,-1,-1,1598,2,5,VAUXHALL VIVARO,-1,-1,0,-1
2020160967643,2020,160967643,2,19,0,2,2,0,0,0,0,0,0,0,0,0,1,1,6,6,3,-1,-1,1598,2,2,VAUXHALL VIVARO,-1,-1,0,-1
2020010265595,2020,010265595,2,19,0,99,99,9,9,0,0,9,0,99,0,0,4,9,6,6,3,-1,-1,1499,2,1,VAUXHALL VIVARO,-1,-1,0,-1
2020501013514,2020,501013514,2,19,0,18,19,5,1,0,0,0,0,0,0,0,4,1,2,2,1,24,5,1598,2,3,VAUXHALL VIVARO,5,E01020060,0,-1
2020552001029,2020,552001029,1,19,0,18,19,6,2,0,0,4,0,0,0,0,1,1,1,1,1,39,7,1997,2,0,VAUXHALL VIVARO,10,E01015315,0,-1
2020220993654,2020,220993654,1,19,0,18,19,2,6,0,0,6,0,0,7,0,1,1,1,1,1,21,5,1499,2,0,VAUXHALL VIVARO,4,E01009176,0,-1
2020460945976,2020,460945976,1,19,0,11,11,1,5,0,0,0,5,0,4,6,1,1,1,1,1,31,6,1995,2,8,VAUXHALL VIVARO,6,E01024421,0,-1
2020420958824,2020,420958824,1,19,0,18,19,1,5,0,0,0,0,0,0,0,1,1,6,6,1,37,7,1870,2,14,VAUXHALL VIVARO,5,E01021602,0,-1
2020500984797,2020,500984797,2,19,0,4,4,7,4,0,0,0,0,0,0,0,2,1,6,6,2,54,8,1995,2,10,VAUXHALL VIVARO,3,E01015219,0,-1
2020010269152,2020,010269152,1,19,0,99,99,9,9,99,99,9,9,99,9,99,9,9,6,6,1,48,8,1598,2,3,VAUXHALL VIVARO,2,E01024616,0,-1
202031D129520,2020,31D129520,3,19,0,3,3,7,3,0,0,0,0,0,0,0,2,1,6,6,1,41,7,1995,2,6,VAUXHALL VIVARO,3,E01028209,0,-1
2020100983049,2020,100983049,1,19,0,17,19,5,1,0,0,0,1,0,0,0,1,1,5,6,1,38,7,1995,2,6,VAUXHALL VIVARO,8,E01027440,0,-1
2020220935515,2020,220935515,2,19,0,18,19,7,3,0,0,0,0,0,0,0,1,1,1,1,1,58,9,1995,2,7,VAUXHALL VIVARO,4,E01009241,0,-1
2020010231666,2020,010231666,2,19,0,9,9,5,3,9,9,3,0,0,0,0,3,1,2,2,1,43,7,1995,2,6,VAUXHALL VIVARO,3,E01002508,0,-1
2020070604964,2020,070604964,2,10,0,4,4,6,2,0,0,1,0,0,0,0,2,1,1,1,1,27,6,-1,-1,-1,-1,7,E01018412,0,-1
2020470937048,2020,470937048,2,20,0,4,4,6,2,0,0,0,0,0,0,0,1,1,2,2,1,24,5,-1,-1,-1,VAUXHALL VIVARO,10,E01021159,0,-1
202031C068820,2020,31C068820,1,19,0,4,4,4,8,0,0,0,0,0,0,0,3,1,6,6,1,49,8,1598,2,5,VAUXHALL VIVARO,5,E01013595,0,-1
2020010264560,2020,010264560,1,19,0,99,99,9,9,99,99,9,9,99,9,99,2,9,6,6,1,54,8,1598,2,6,VAUXHALL VIVARO,1,E01002904,0,-1
2020070433267,2020,070433267,1,19,0,5,5,6,2,0,0,4,0,0,0,0,3,1,1,1,1,34,6,1598,2,4,VAUXHALL VIVARO,7,E01012602,0,-1
2020010257492,2020,010257492,1,19,0,9,9,1,7,0,0,5,0,0,0,0,0,2,1,1,1,41,7,1995,2,7,VAUXHALL VIVARO,3,E01017181,0,-1
202006XN66878,2020,06XN66878,1,19,0,18,19,5,1,0,0,0,0,0,0,0,1,1,1,1,1,23,5,1598,2,5,VAUXHALL VIVARO,1,E01005601,0,-1
2020450970077,2020,450970077,2,19,0,18,19,1,5,0,0,0,0,0,0,0,1,1,6,6,1,35,6,1598,2,5,VAUXHALL VIVARO,8,E01030440,0,-1
2020420931636,2020,420931636,1,19,0,18,19,6,2,0,0,0,0,0,0,0,2,1,6,6,1,45,7,1598,2,1,VAUXHALL VIVARO,-1,-1,0,-1
2020010251277,2020,010251277,2,19,0,99,99,9,9,99,99,9,9,99,9,99,1,9,6,6,3,-1,-1,1499,2,1,VAUXHALL VIVARO,-1,-1,0,-1
2020421008968,2020,421008968,1,19,0,7,7,3,1,0,0,1,0,0,0,0,1,1,6,6,1,-1,-1,1598,2,5,VAUXHALL VIVARO,-1,-1,0,-1
202031B168720,2020,31B168720,2,19,0,18,19,3,7,0,0,4,0,0,0,0,1,1,1,1,1,69,10,1598,2,5,VAUXHALL VIVARO,1,E01028001,0,-1
2020230992038,2020,230992038,1,19,0,17,19,8,5,0,0,0,1,0,0,0,1,1,5,6,1,43,7,1995,2,12,VAUXHALL VIVARO,7,E01031091,0,-1
2020552000692,2020,552000692,1,19,0,14,14,1,5,0,0,0,0,4,0,0,1,1,1,1,1,61,9,1870,2,15,VAUXHALL VIVARO,3,E01020556,0,-1
20201378C1915,2020,1378C1915,1,8,0,18,19,5,3,0,0,8,0,0,0,0,1,1,6,6,1,50,8,1598,2,4,-1,-1,-1,0,-1
2020461009487,2020,461009487,1,19,0,9,9,1,7,0,0,1,0,0,0,0,1,1,3,7,1,44,7,1870,2,15,VAUXHALL VIVARO,6,E01024836,0,-1
2020530999081,2020,530999081,2,19,0,9,9,2,7,0,0,5,0,0,0,0,1,1,6,6,1,21,5,1598,2,5,VAUXHALL VIVARO,4,E01022149,0,-1
2020430184547,2020,430184547,2,19,0,18,19,7,3,0,0,3,0,0,0,0,0,1,1,1,1,40,7,1995,2,8,VAUXHALL VIVARO,9,E01017767,0,-1
2020460943876,2020,460943876,2,19,0,18,19,5,1,0,0,0,2,10,0,0,1,1,1,1,1,57,9,1598,2,2,VAUXHALL VIVARO,8,E01024730,0,-1
2020100999055,2020,100999055,1,19,0,18,19,3,2,0,0,1,0,0,0,0,1,1,2,2,1,36,7,1995,2,13,VAUXHALL VIVARO,8,E01027438,0,-1
2020450938111,2020,450938111,1,19,0,2,2,0,0,0,0,0,0,0,0,0,2,1,5,6,1,29,6,1598,2,5,VAUXHALL VIVARO,8,E01032841,0,-1
2020470926705,2020,470926705,1,20,0,18,19,1,5,0,0,0,0,0,0,0,1,1,1,1,1,23,5,-1,-1,-1,VAUXHALL VIVARO,3,E01002276,0,-1
2020010248011,2020,010248011,1,19,0,5,5,7,3,0,0,0,0,0,0,0,0,1,6,6,1,26,6,1995,2,13,VAUXHALL VIVARO,8,E01015534,0,-1
2020440001984,2020,440001984,1,19,0,18,19,5,1,0,0,0,0,0,0,0,1,1,6,6,1,51,8,1995,2,13,VAUXHALL VIVARO,-1,-1,0,-1
2020010272583,2020,010272583,1,19,0,9,9,8,5,0,0,5,0,0,0,0,3,1,1,1,1,21,5,1598,2,2,VAUXHALL VIVARO,4,E01015933,0,-1
2020010249238,2020,010249238,2,19,0,18,19,5,1,0,0,0,0,0,0,0,4,1,6,6,3,-1,-1,1995,2,13,VAUXHALL VIVARO,-1,-1,0,-1
2020990993840,2020,990993840,1,19,0,7,7,3,5,0,0,8,0,0,0,0,3,1,1,1,1,37,7,1997,2,0,VAUXHALL VIVARO,1,-1,0,-1
2020990925218,2020,990925218,1,19,0,4,4,6,1,0,0,1,0,0,0,0,1,1,2,2,1,33,6,1598,2,4,VAUXHALL VIVARO,2,-1,0,-1
2020990923770,2020,990923770,1,19,0,18,19,8,4,0,0,1,0,0,7,11,1,1,1,1,1,37,7,1598,2,4,VAUXHALL VIVARO,4,-1,0,-1
2020030956683,2020,030956683,1,19,0,4,4,1,5,0,0,0,0,0,0,0,1,1,6,6,1,35,6,1995,2,8,VAUXHALL VIVARO,5,E01025243,0,-1
2020137BF0845,2020,137BF0845,2,19,0,18,19,8,4,0,0,0,0,0,0,0,2,1,6,6,1,39,7,1995,2,13,VAUXHALL VIVARO,6,E01011299,0,-1
2020302001663,2020,302001663,1,19,0,18,19,5,1,0,0,0,0,0,0,0,1,1,6,6,1,58,9,1995,2,6,VAUXHALL VIVARO,5,E01019883,0,-1
2020220924151,2020,220924151,1,19,0,12,12,3,7,0,0,7,0,0,0,0,1,1,5,6,1,52,8,1598,2,5,VAUXHALL VIVARO,-1,-1,0,-1
2020450980775,2020,450980775,1,19,0,18,19,1,5,0,0,0,1,0,0,0,1,1,2,2,1,30,6,1598,2,2,VAUXHALL VIVARO,2,E01021270,0,-1
2020470983274,2020,470983274,2,20,0,18,19,3,7,0,0,0,0,0,0,0,1,1,1,1,1,26,6,-1,-1,-1,VAUXHALL VIVARO,5,E01016065,0,-1
202063D065920,2020,63D065920,1,19,0,14,14,6,2,0,0,2,0,0,0,0,1,1,6,6,1,23,5,1870,2,13,VAUXHALL VIVARO,6,W01000455,0,-1
2020470995243,2020,470995243,1,19,0,5,5,1,4,0,0,4,0,0,0,0,1,1,6,6,3,-1,-1,1598,2,5,VAUXHALL VIVARO,4,E01021045,0,-1
202063A029820,2020,63A029820,2,19,0,17,19,8,5,0,0,8,0,0,0,0,4,1,1,1,1,50,8,2464,2,13,VAUXHALL VIVARO,6,W01000630,0,-1
2020010257011,2020,010257011,1,19,0,5,5,0,1,0,0,0,0,0,0,0,4,1,1,1,1,60,9,1995,2,12,VAUXHALL VIVARO,9,E01000840,0,-1
2020052000592,2020,052000592,2,19,0,2,2,0,0,0,0,0,0,0,0,0,1,1,1,1,1,48,8,1995,2,11,VAUXHALL VIVARO,3,E01006780,0,-1
2020420928778,2020,420928778,2,19,0,18,19,7,3,0,0,0,0,0,0,0,2,1,1,1,1,32,6,1995,2,13,VAUXHALL VIVARO,4,E01021688,0,-1
2020552000689,2020,552000689,1,19,0,18,19,2,6,0,0,0,5,0,5,6,3,1,6,6,1,54,8,1870,2,14,VAUXHALL VIVARO,3,E01015426,0,-1
2020160978057,2020,160978057,2,19,0,18,19,3,7,0,0,0,0,0,0,0,3,1,1,1,1,29,6,1995,2,8,VAUXHALL VIVARO,5,E01013317,0,-1
2020420966050,2020,420966050,1,19,0,17,19,3,7,0,0,0,0,0,7,4,1,1,1,1,1,43,7,1598,2,3,VAUXHALL VIVARO,7,E01021628,0,-1
2020500922569,2020,500922569,2,19,0,17,19,7,4,0,0,8,0,0,0,0,1,1,5,6,1,56,9,1598,2,3,VAUXHALL VIVARO,3,E01019051,0,-1
2020200941411,2020,200941411,2,19,0,18,19,3,7,0,0,5,0,0,0,0,4,1,1,1,1,32,6,1598,2,2,VAUXHALL VIVARO,2,E01010564,0,-1
2020070556398,2020,070556398,1,19,0,4,4,8,4,0,0,0,0,2,0,0,1,1,1,1,2,-1,-1,1499,2,1,VAUXHALL VIVARO,1,E01014336,0,-1
2020471000374,2020,471000374,2,19,0,10,10,1,7,0,0,0,0,0,0,0,0,1,1,1,1,34,6,1995,2,12,VAUXHALL VIVARO,5,E01017090,0,-1
2020430005864,2020,430005864,2,19,0,17,19,4,1,0,0,0,0,0,0,0,3,1,1,1,1,21,5,1598,2,1,VAUXHALL VIVARO,7,E01016301,0,-1
2020010239501,2020,010239501,1,19,0,18,19,8,4,0,0,0,0,0,0,0,1,1,1,1,1,-1,-1,1995,2,6,VAUXHALL VIVARO,4,E01000534,0,-1
2020010273137,2020,010273137,1,19,0,99,99,9,9,99,99,1,9,99,9,99,1,1,2,2,1,46,8,1499,2,1,VAUXHALL VIVARO,5,E01000450,0,-1
2020010232242,2020,010232242,2,19,0,99,99,9,9,99,99,0,9,99,9,99,2,9,6,6,3,-1,-1,1598,2,2,VAUXHALL VIVARO,-1,-1,0,-1
2020440489706,2020,440489706,1,9,0,9,9,1,7,0,0,8,0,0,0,0,1,1,6,6,1,41,7,1598,2,5,VAUXHALL VIVARO,3,E01022803,0,-1
2020010273447,2020,010273447,1,19,0,18,19,7,3,0,0,2,0,0,0,0,4,1,6,6,1,61,9,1995,2,8,VAUXHALL VIVARO,4,E01004419,0,-1
2020160923185,2020,160923185,1,9,0,5,5,4,8,0,0,8,0,0,0,0,0,1,1,1,1,32,6,1598,2,5,VAUXHALL VIVARO,1,E01012857,0,-1
2020420914676,2020,420914676,1,19,0,18,19,4,7,0,0,0,0,0,0,0,1,1,6,6,1,54,8,1995,2,6,VAUXHALL VIVARO,6,E01033458,0,-1
2020400935825,2020,400935825,2,19,0,14,14,5,1,0,0,8,0,0,0,0,2,1,1,1,1,30,6,1598,2,4,VAUXHALL VIVARO,2,E01015794,0,-1
2020420964694,2020,420964694,1,19,0,10,10,2,7,0,0,1,0,0,0,0,3,1,1,1,1,59,9,1598,2,5,VAUXHALL VIVARO,8,E01033445,0,-1
2020410987821,2020,410987821,2,19,0,16,19,1,5,0,0,0,0,0,0,0,1,1,5,6,1,35,6,1499,2,1,VAUXHALL VIVARO,6,E01000250,0,-1
2020221004986,2020,221004986,1,19,0,18,19,7,3,0,0,0,0,0,0,0,4,1,1,1,1,59,9,1598,2,1,VAUXHALL VIVARO,5,E01032354,0,-1
2020211025043,2020,211025043,1,19,-1,-1,-1,1,5,-1,-1,0,-1,-1,-1,0,-1,1,6,6,1,46,8,1598,2,4,VAUXHALL VIVARO,6,E01029571,0,-1
2020140990595,2020,140990595,2,19,0,-1,-1,-1,-1,-1,-1,0,-1,-1,-1,0,-1,1,6,6,1,-1,-1,1499,2,1,VAUXHALL VIVARO,5,E01007644,0,-1
202063A036920,2020,63A036920,2,19,0,16,19,3,6,0,0,0,0,0,0,0,0,1,6,6,1,38,7,1598,2,1,VAUXHALL VIVARO,6,W01000671,0,-1
2020400962208,2020,400962208,1,19,0,18,19,5,1,0,0,0,0,0,0,0,1,1,6,6,3,-1,-1,1995,2,11,VAUXHALL VIVARO,-1,-1,0,-1
2020450971477,2020,450971477,2,19,0,4,4,7,3,0,0,0,0,0,0,0,2,1,1,1,1,29,6,1598,2,4,VAUXHALL VIVARO,2,E01022900,0,-1
2020010245243,2020,010245243,2,19,0,9,9,8,7,0,0,2,0,0,0,0,4,2,1,1,1,35,6,1598,2,5,VAUXHALL VIVARO,2,E01001780,0,-1
2020430256700,2020,430256700,1,19,0,18,19,4,7,0,0,7,0,0,0,0,1,1,1,1,1,50,8,1598,2,2,VAUXHALL VIVARO,2,E01029824,0,-1
2020450955690,2020,450955690,2,19,0,3,3,4,2,0,0,1,0,0,0,0,2,1,1,1,1,22,5,1499,2,1,VAUXHALL VIVARO,6,E01002640,0,-1
202006F178101,2020,06F178101,1,19,0,18,19,6,2,0,0,8,0,0,7,0,1,1,6,6,1,24,5,1598,2,2,VAUXHALL VIVARO,-1,-1,0,-1
2020420972380,2020,420972380,2,19,0,10,10,5,3,0,0,1,0,0,0,0,2,1,6,6,1,32,6,1995,2,6,VAUXHALL VIVARO,6,E01021663,0,-1
2020201002725,2020,201002725,1,19,0,3,3,2,6,0,0,0,0,0,0,0,1,1,6,6,1,49,8,1598,2,3,VAUXHALL VIVARO,5,E01033058,0,-1
2020160981596,2020,160981596,1,19,0,1,1,1,5,0,0,1,0,0,0,0,2,1,6,6,3,-1,-1,1995,2,7,VAUXHALL VIVARO,-1,-1,0,-1
2020460935631,2020,460935631,3,19,0,4,4,6,2,0,0,0,0,1,0,0,1,1,1,1,1,27,6,1598,2,5,VAUXHALL VIVARO,8,E01007705,0,-1
2020440031214,2020,440031214,1,8,0,9,9,7,5,0,0,8,0,0,0,0,4,1,1,1,1,34,6,1598,2,3,-1,5,E01017044,0,-1
2020030995459,2020,030995459,1,19,0,18,19,5,2,0,0,8,0,0,0,0,4,1,2,2,1,54,8,1995,2,9,VAUXHALL VIVARO,4,E01019389,0,-1
2020440147461,2020,440147461,2,19,0,18,19,0,0,0,0,0,0,0,0,0,2,1,6,6,3,-1,-1,1995,2,8,VAUXHALL VIVARO,-1,-1,0,-1
2020030981241,2020,030981241,2,19,0,18,19,3,7,0,0,1,5,0,0,0,3,1,1,1,1,51,8,1995,2,8,VAUXHALL VIVARO,9,E01019361,0,-1
2020010228669,2020,010228669,2,19,0,2,2,0,0,0,0,0,1,0,0,0,3,1,6,6,3,-1,-1,1598,2,3,VAUXHALL VIVARO,-1,-1,0,-1
2020450999200,2020,450999200,2,19,0,5,5,3,1,0,0,6,0,0,0,0,4,1,5,6,1,26,6,1870,2,14,VAUXHALL VIVARO,7,E01030361,0,-1
2020361017949,2020,361017949,2,19,0,18,19,7,3,0,0,0,0,0,0,0,3,1,5,6,1,54,8,1995,2,10,VAUXHALL VIVARO,6,E01026457,0,-1
2020471009028,2020,471009028,2,19,0,4,4,4,8,0,0,0,0,0,0,0,2,1,1,1,1,40,7,1598,2,2,VAUXHALL VIVARO,7,E01031701,0,-1
2020530973649,2020,530973649,2,19,0,5,5,7,2,0,0,3,0,0,0,0,1,1,2,2,1,56,9,1499,2,1,VAUXHALL VIVARO,5,E01014927,0,-1
2020040926868,2020,040926868,2,19,0,18,19,5,1,0,0,0,0,0,0,0,3,1,2,2,1,43,7,1598,2,5,VAUXHALL VIVARO,8,E01025323,0,-1
2020170S41050,2020,170S41050,1,19,0,18,19,7,4,0,0,0,5,0,1,11,1,1,6,6,1,26,6,1598,2,3,VAUXHALL VIVARO,4,E01016772,0,-1
2020990947850,2020,990947850,1,19,0,9,9,5,2,0,0,6,0,0,0,0,1,1,1,1,1,30,6,1598,2,4,VAUXHALL VIVARO,5,-1,0,-1
2020160936070,2020,160936070,2,19,0,18,19,3,7,0,0,1,5,0,0,0,3,1,2,2,1,36,7,1598,2,5,VAUXHALL VIVARO,7,E01013289,0,-1
2020460981668,2020,460981668,2,19,0,18,19,5,1,0,0,1,1,0,0,0,1,1,5,6,1,35,6,1995,2,8,VAUXHALL VIVARO,7,E01024515,0,-1
2020552000974,2020,552000974,1,19,0,1,1,3,7,0,0,0,0,0,0,0,2,1,1,1,1,24,5,1995,2,8,VAUXHALL VIVARO,3,E01015415,0,-1
2020530942316,2020,530942316,2,19,0,-1,-1,-1,-1,0,0,0,0,0,0,0,1,1,6,6,1,58,9,1995,2,7,VAUXHALL VIVARO,9,E01022246,0,-1
2020010232561,2020,010232561,1,19,0,18,19,1,5,0,0,0,0,0,0,0,1,1,6,6,1,47,8,1870,2,15,VAUXHALL VIVARO,1,E01001517,0,-1
2020010249344,2020,010249344,1,19,0,18,19,1,5,0,0,1,0,0,0,0,1,1,1,1,1,52,8,1598,2,1,VAUXHALL VIVARO,7,E01024375,0,-1
2020010250916,2020,010250916,1,19,0,4,4,7,3,0,0,2,0,0,0,0,0,1,2,2,1,22,5,1499,2,1,VAUXHALL VIVARO,4,E01002324,0,-1
2020990976272,2020,990976272,2,19,0,18,19,6,2,0,0,1,1,0,0,0,1,1,1,1,1,32,6,1598,2,3,VAUXHALL VIVARO,7,-1,0,-1
2020010261826,2020,010261826,2,19,0,6,6,7,7,0,0,0,0,0,0,0,1,2,1,1,1,36,7,1870,2,14,VAUXHALL VIVARO,2,E01013845,0,-1
2020450936813,2020,450936813,2,9,0,17,19,5,1,0,0,4,0,0,0,0,1,1,1,1,2,58,9,1995,2,8,VAUXHALL VIVARO,7,E01030472,0,-1
2020040992737,2020,040992737,1,19,0,18,19,5,5,0,0,1,0,0,0,0,1,1,1,1,1,32,6,1499,2,0,VAUXHALL VIVARO,4,E01024927,0,-1
202006E378406,2020,06E378406,2,19,0,18,19,1,5,0,0,8,0,0,0,0,1,1,2,2,1,40,7,1598,2,6,VAUXHALL VIVARO,5,E01005153,0,-1
2020010252183,2020,010252183,1,19,0,9,9,2,8,0,0,1,0,0,0,0,1,1,6,6,1,55,8,1598,2,5,VAUXHALL VIVARO,5,E01002632,0,-1
2020350956482,2020,350956482,1,19,0,18,19,5,1,0,0,0,0,0,0,0,2,1,1,1,1,40,7,1870,2,14,VAUXHALL VIVARO,4,E01015622,0,-1
2020137A10975,2020,137A10975,2,19,0,5,5,8,4,0,0,0,0,0,0,0,2,1,1,1,1,-1,-1,1995,2,8,VAUXHALL VIVARO,1,E01005432,0,-1
2020010247380,2020,010247380,1,19,0,9,9,6,3,0,0,2,0,0,0,0,1,1,1,1,1,28,6,1598,2,2,VAUXHALL VIVARO,2,E01004271,0,-1
2020010270537,2020,010270537,1,19,0,3,3,7,3,0,0,1,0,0,0,0,2,1,1,1,2,24,5,1499,2,1,VAUXHALL VIVARO,5,E01000636,0,-1
2020302000873,2020,302000873,2,19,0,4,4,1,2,0,0,4,0,0,0,0,1,1,6,6,1,27,6,1997,2,1,VAUXHALL VIVARO,2,E01028226,0,-1
2020420970309,2020,420970309,2,19,0,8,8,1,5,0,0,1,0,0,0,0,0,1,1,1,1,42,7,1598,2,5,VAUXHALL VIVARO,7,E01015837,0,-1
202063C080420,2020,63C080420,2,19,0,18,19,3,7,0,0,8,1,0,1,10,1,1,1,1,1,55,8,1995,2,7,VAUXHALL VIVARO,8,W01000555,0,-1
2020210997903,2020,210997903,3,19,0,4,4,7,3,0,0,1,0,0,0,0,3,1,6,6,1,62,9,1598,2,4,VAUXHALL VIVARO,8,E01014147,0,-1
2020010258008,2020,010258008,1,19,0,18,19,5,1,0,0,1,5,7,0,0,3,1,6,6,1,43,7,1995,2,6,VAUXHALL VIVARO,-1,-1,0,-1
2020622000363,2020,622000363,3,19,0,18,19,6,2,0,0,0,0,0,0,0,2,1,1,1,1,42,7,1598,2,4,VAUXHALL VIVARO,1,W01000849,0,-1
2020010273611,2020,010273611,2,19,0,99,99,9,9,99,99,0,9,99,9,99,1,9,6,6,3,-1,-1,1995,2,6,VAUXHALL VIVARO,5,E01030812,0,-1
2020350983702,2020,350983702,3,20,0,18,19,5,1,0,0,0,0,0,0,0,3,1,6,6,1,57,9,-1,-1,-1,VAUXHALL VIVARO,5,E01018195,0,-1
2020440277584,2020,440277584,2,19,0,18,19,1,5,0,0,1,0,0,0,0,1,1,6,6,3,-1,-1,1870,2,15,VAUXHALL VIVARO,-1,-1,0,-1
2020990962112,2020,990962112,2,19,0,18,19,3,7,0,0,8,5,0,1,9,4,1,5,6,1,68,10,1598,2,1,VAUXHALL VIVARO,9,-1,0,-1
2020010252046,2020,010252046,1,19,0,2,2,0,0,0,0,0,0,0,0,0,1,1,6,6,3,-1,-1,1598,2,2,VAUXHALL VIVARO,-1,-1,0,-1
2020520101339,2020,520101339,1,19,0,17,19,7,3,0,0,0,1,0,7,0,4,1,6,6,1,32,6,1870,2,14,VAUXHALL VIVARO,10,E01014479,0,-1
2020140967031,2020,140967031,1,19,0,18,19,2,7,0,0,8,1,0,0,0,3,1,1,1,1,21,5,1598,2,3,VAUXHALL VIVARO,3,E01008027,0,-1
2020140919291,2020,140919291,2,19,0,9,9,7,5,0,0,5,0,0,0,0,4,1,2,2,1,59,9,1870,2,14,VAUXHALL VIVARO,3,E01007322,0,-1
2020460960535,2020,460960535,1,19,0,4,4,1,3,0,0,2,0,0,0,0,1,1,5,6,1,-1,-1,1995,2,7,VAUXHALL VIVARO,-1,-1,0,-1
2020450949103,2020,450949103,2,19,0,5,5,3,6,0,0,0,0,0,0,0,1,1,1,1,1,24,5,1598,2,2,VAUXHALL VIVARO,5,E01031605,0,-1
2020070524374,2020,070524374,2,19,0,5,5,5,1,0,0,0,0,0,0,0,1,1,1,1,1,24,5,1598,2,5,VAUXHALL VIVARO,5,E01029647,0,-1
2020010234207,2020,010234207,1,19,0,4,4,5,1,0,0,0,0,0,0,0,3,1,2,2,1,43,7,1598,2,3,VAUXHALL VIVARO,3,E01003185,0,-1
2020991007315,2020,991007315,3,19,0,3,3,5,8,0,0,1,0,0,0,0,2,1,2,2,1,22,5,1995,2,6,VAUXHALL VIVARO,9,-1,0,-1
2020420996959,2020,420996959,2,19,0,16,19,1,5,0,0,0,0,0,1,11,3,1,5,6,1,34,6,1995,2,11,VAUXHALL VIVARO,6,E01021659,0,-1
2020320030590,2020,320030590,2,98,0,18,19,3,7,0,0,1,0,0,0,0,0,1,2,2,1,48,8,1598,2,3,-1,4,E01032995,0,-1
2020070093186,2020,070093186,1,19,0,18,19,4,8,0,0,1,0,0,0,0,1,1,1,1,1,28,6,1598,2,5,VAUXHALL VIVARO,7,E01012421,0,-1
2020360961402,2020,360961402,1,19,0,15,15,6,2,0,0,0,0,0,0,0,1,1,1,1,1,50,8,1598,2,2,VAUXHALL VIVARO,6,E01026431,0,-1
2020501007378,2020,501007378,2,9,0,7,7,1,7,0,0,1,0,0,0,0,1,1,6,6,1,50,8,1598,2,4,VAUXHALL VIVARO,4,E01018890,0,-1
2020500936485,2020,500936485,2,19,0,3,3,3,7,0,0,1,0,4,0,0,2,1,1,1,1,33,6,1598,2,4,VAUXHALL VIVARO,1,E01015087,0,-1
2020302000631,2020,302000631,1,19,0,18,19,3,7,0,0,0,0,0,0,0,1,1,1,1,1,32,6,1598,2,5,VAUXHALL VIVARO,3,E01013549,0,-1
2020010253910,2020,010253910,2,19,0,18,19,3,7,0,0,1,0,0,0,0,9,9,6,6,1,65,9,1870,2,16,VAUXHALL VIVARO,-1,-1,0,-1
2020010284782,2020,010284782,1,19,0,5,5,0,7,4,4,6,0,0,0,0,1,1,6,6,1,74,10,1598,2,3,VAUXHALL VIVARO,7,E01000668,0,-1
2020552100040,2020,552100040,1,19,0,17,19,4,8,0,0,0,0,0,0,0,1,1,2,2,1,43,7,1995,2,7,VAUXHALL VIVARO,9,E01020414,0,-1