collision_index,collision_year,collision_ref_no,vehicle_reference,vehicle_type,towing_and_articulation,vehicle_manoeuvre_historic,vehicle_manoeuvre,vehicle_direction_from,vehicle_direction_to,vehicle_location_restricted_lane_historic,vehicle_location_restricted_lane,junction_location,skidding_and_overturning,hit_object_in_carriageway,vehicle_leaving_carriageway,hit_object_off_carriageway,first_point_of_impact,vehicle_left_hand_drive,journey_purpose_of_driver_historic,journey_purpose_of_driver,sex_of_driver,age_of_driver,age_band_of_driver,engine_capacity_cc,propulsion_code,age_of_vehicle,generic_make_model,driver_imd_decile,lsoa_of_driver,escooter_flag,driver_distance_banding
2020440293807,2020,440293807,3,19,0,18,19,6,2,0,0,1,0,0,0,0,1,1,2,2,1,19,4,1995,2,9,VAUXHALL VIVARO,10,E01016672,0,-1
2020200954551,2020,200954551,1,19,0,5,5,2,6,0,0,4,0,0,0,0,1,1,1,1,1,32,6,1598,2,1,VAUXHALL VIVARO,2,E01009746,0,-1
2020530932163,2020,530932163,1,19,-1,18,19,1,5,0,0,0,0,0,0,0,1,1,6,6,3,28,6,1598,2,4,VAUXHALL VIVARO,3,E01015530,0,-1
2020500998589,2020,500998589,1,19,0,18,19,3,7,0,0,0,0,0,0,0,1,1,1,1,1,68,10,1995,2,13,VAUXHALL VIVARO,4,E01019007,0,-1
2020141019309,2020,141019309,1,19,0,18,19,3,7,0,0,1,1,0,0,0,1,1,6,6,1,42,7,1870,2,18,VAUXHALL VIVARO,9,E01008023,0,-1
2020470963766,2020,470963766,3,19,0,18,19,8,4,0,0,0,1,0,0,0,1,1,2,2,1,56,9,1995,2,8,VAUXHALL VIVARO,6,E01031365,0,-1
2020440010016,2020,440010016,1,19,0,9,9,3,1,4,4,8,0,0,0,0,4,1,2,2,1,35,6,1598,2,4,VAUXHALL VIVARO,10,E01022763,0,-1
2020470961503,2020,470961503,2,19,0,18,19,1,6,0,0,0,0,0,1,10,3,1,1,1,1,33,6,1598,2,5,VAUXHALL VIVARO,8,E01021196,0,-1
2020410991419,2020,410991419,1,19,0,18,19,7,2,0,0,1,0,0,0,0,1,1,2,2,1,32,6,1598,2,5,VAUXHALL VIVARO,5,E01015763,0,-1
2020471009443,2020,471009443,1,19,0,18,19,6,2,0,0,0,0,4,0,0,1,1,1,1,1,45,7,1598,2,2,VAUXHALL VIVARO,3,E01021044,0,-1
2020052000501,2020,052000501,1,19,0,9,9,5,3,0,0,8,0,0,0,0,1,1,2,2,1,58,9,1870,2,16,VAUXHALL VIVARO,9,E01018362,0,-1
2020320363019,2020,320363019,2,19,0,18,19,6,2,0,0,8,1,0,0,0,1,1,2,2,1,35,6,1870,2,18,VAUXHALL VIVARO,6,E01026020,0,-1
2020421010979,2020,421010979,2,8,0,2,2,3,7,0,0,0,0,0,0,0,2,1,6,6,3,-1,-1,1598,2,3,-1,-1,-1,0,-1
2020010233711,2020,010233711,1,19,0,99,99,9,9,99,99,1,9,99,9,99,2,1,2,2,1,58,9,1995,2,8,VAUXHALL VIVARO,4,E01003690,0,-1
2020460992715,2020,460992715,2,9,0,7,7,3,7,0,0,1,0,0,0,0,2,1,5,6,1,35,6,1598,2,4,VAUXHALL VIVARO,1,E01024240,0,-1
202006N171118,2020,06N171118,4,19,0,2,2,0,0,0,0,0,0,0,0,0,1,1,6,6,1,30,6,1598,2,3,VAUXHALL VIVARO,5,E01010109,0,-1
2020140996617,2020,140996617,1,19,0,18,19,7,3,0,0,8,0,0,0,0,3,1,1,1,1,20,4,1499,2,1,VAUXHALL VIVARO,10,E01019593,0,-1
2020010285248,2020,010285248,1,19,0,5,5,3,7,0,0,1,0,0,0,0,3,1,1,1,2,53,8,1598,2,3,VAUXHALL VIVARO,6,E01024034,0,-1
2020140971345,2020,140971345,2,19,0,2,2,0,0,0,0,1,0,0,0,0,1,1,6,6,3,-1,-1,1598,2,3,VAUXHALL VIVARO,-1,-1,0,-1
2020320538381,2020,320538381,4,19,0,4,4,6,8,0,0,0,0,0,0,0,2,1,6,6,1,32,6,1995,2,10,VAUXHALL VIVARO,5,E01007609,0,-1
2020610012120,2020,610012120,1,19,0,18,19,7,3,0,0,0,0,0,0,0,1,1,1,1,1,41,7,1598,2,5,VAUXHALL VIVARO,2,W01001601,0,-1
2020010247698,2020,010247698,2,19,9,99,99,9,9,99,99,9,9,99,9,99,1,9,6,6,1,-1,-1,1995,2,8,VAUXHALL VIVARO,-1,-1,0,-1
2020470924907,2020,470924907,1,20,0,18,19,4,8,0,0,0,5,0,1,4,1,1,6,6,1,38,7,-1,-1,-1,VAUXHALL VIVARO,9,E01031463,0,-1
2020990923776,2020,990923776,1,19,0,17,19,8,5,0,0,0,0,0,0,0,1,1,6,6,1,43,7,1598,2,2,VAUXHALL VIVARO,4,-1,0,-1
202063C034320,2020,63C034320,1,19,0,16,19,2,4,0,0,0,5,0,7,10,3,1,6,6,1,24,5,1995,2,12,VAUXHALL VIVARO,7,W01000583,0,-1
202031B091220,2020,31B091220,2,19,0,18,19,7,3,0,0,8,0,0,0,0,1,1,6,6,1,42,7,1870,2,16,VAUXHALL VIVARO,1,E01007534,0,-1
2020200937346,2020,200937346,2,19,0,18,19,-1,-1,0,0,8,0,0,0,0,4,1,6,6,2,54,8,1870,2,15,VAUXHALL VIVARO,10,E01030642,0,-1
2020122100087,2020,122100087,2,19,0,18,19,7,3,0,0,0,0,0,0,0,3,1,1,1,1,39,7,1995,2,8,VAUXHALL VIVARO,10,E01027768,0,-1
2020991002431,2020,991002431,1,19,0,18,19,5,1,0,0,0,0,0,0,0,4,1,1,1,1,22,5,1598,2,2,VAUXHALL VIVARO,8,-1,0,-1
2020030963202,2020,030963202,1,19,0,18,19,1,5,0,0,0,0,0,0,0,4,1,1,1,1,41,7,1598,2,2,VAUXHALL VIVARO,1,E01019301,0,-1
2020320114450,2020,320114450,1,19,0,18,19,1,5,0,0,0,0,0,0,0,1,1,6,6,1,28,6,1995,2,7,VAUXHALL VIVARO,6,E01026147,0,-1
2020991003369,2020,991003369,1,19,0,18,19,4,8,0,0,0,0,0,2,7,1,1,1,1,1,26,6,1995,2,8,VAUXHALL VIVARO,4,E01011023,0,-1
2020010275025,2020,010275025,1,19,0,18,19,1,5,0,0,1,0,0,0,0,1,1,1,1,1,28,6,1598,2,3,VAUXHALL VIVARO,4,E01004048,0,-1
2020360976385,2020,360976385,2,19,0,18,19,6,2,0,0,0,0,0,0,0,1,1,1,1,1,27,6,1598,2,2,VAUXHALL VIVARO,5,E01026496,0,-1
2020460941503,2020,460941503,3,19,0,2,2,0,0,0,0,0,0,0,0,0,1,1,5,6,1,-1,-1,1870,2,16,VAUXHALL VIVARO,1,E01024663,0,-1
2020010255229,2020,010255229,2,19,0,99,99,9,9,99,99,9,9,99,9,99,1,9,6,6,3,-1,-1,1995,2,6,VAUXHALL VIVARO,6,E01002742,0,-1
2020010269996,2020,010269996,1,19,0,99,99,9,9,99,99,9,9,99,9,99,2,9,6,6,3,-1,-1,1598,2,2,VAUXHALL VIVARO,7,E01002679,0,-1
2020461007094,2020,461007094,2,19,0,4,4,5,1,0,0,0,0,0,0,0,2,1,5,6,1,48,8,1499,2,1,VAUXHALL VIVARO,4,E01002867,0,-1
2020010279813,2020,010279813,1,19,0,11,11,5,1,2,2,1,0,0,0,0,4,1,2,2,1,25,5,1870,2,16,VAUXHALL VIVARO,2,E01000627,0,-1
2020010263252,2020,010263252,1,19,0,5,5,0,2,0,0,1,0,0,0,0,3,1,1,1,1,27,6,1995,2,12,VAUXHALL VIVARO,3,E01001262,0,-1
2020040965957,2020,040965957,1,19,0,6,6,7,3,0,0,0,0,0,0,0,3,1,5,6,1,65,9,1499,2,1,VAUXHALL VIVARO,6,E01012616,0,-1
2020100948836,2020,100948836,1,19,0,7,7,1,5,0,0,0,1,0,0,0,1,1,1,1,1,64,9,1995,2,9,VAUXHALL VIVARO,7,E01008585,0,-1
2020140998432,2020,140998432,2,19,0,18,19,5,5,0,0,1,1,0,0,0,1,1,1,1,1,41,7,1997,2,1,VAUXHALL VIVARO,1,E01010840,0,-1
2020350928569,2020,350928569,1,19,0,18,19,5,5,0,0,1,0,0,0,0,1,1,1,1,1,48,8,1598,2,5,VAUXHALL VIVARO,1,E01015616,0,-1
2020622001035,2020,622001035,1,19,0,18,19,2,6,0,0,0,0,0,0,0,2,1,6,6,1,33,6,2464,2,12,VAUXHALL VIVARO,2,W01000831,0,-1
2020070605892,2020,070605892,1,19,0,16,19,1,5,9,9,1,1,0,1,11,1,1,2,2,1,61,9,1870,2,15,VAUXHALL VIVARO,3,E01018543,0,-1
2020010244251,2020,010244251,2,19,0,99,99,9,9,99,99,9,9,99,9,99,9,9,6,6,3,-1,-1,1598,2,5,VAUXHALL VIVARO,-1,-1,0,-1
2020010277303,2020,010277303,1,19,0,4,4,3,7,0,0,1,0,0,0,0,1,1,1,1,1,33,6,1870,2,14,VAUXHALL VIVARO,6,E01002365,0,-1
2020140978311,2020,140978311,2,19,0,18,19,5,1,0,0,1,0,0,0,0,2,1,1,1,1,54,8,1995,2,6,VAUXHALL VIVARO,9,E01013168,0,-1
2020010265461,2020,010265461,1,19,0,18,19,7,3,0,0,0,0,0,0,0,3,1,1,1,1,23,5,1995,2,7,VAUXHALL VIVARO,-1,-1,0,-1
2020420970957,2020,420970957,1,19,0,1,1,7,3,0,0,0,0,0,0,0,2,1,6,6,1,35,6,1598,2,5,VAUXHALL VIVARO,8,E01021749,0,-1
2020220960166,2020,220960166,1,19,0,17,19,1,6,0,0,0,0,0,1,4,1,1,5,6,1,31,6,1870,2,14,VAUXHALL VIVARO,5,E01014078,0,-1
2020360967450,2020,360967450,1,19,0,5,5,-1,-1,0,0,0,0,0,0,0,-1,1,2,2,1,-1,-1,1598,2,6,VAUXHALL VIVARO,6,E01026534,0,-1
2020160992772,2020,160992772,1,19,0,9,9,1,7,0,0,8,0,0,0,0,3,1,5,6,1,59,9,1995,2,8,VAUXHALL VIVARO,7,E01013295,0,-1
2020010241004,2020,010241004,1,19,0,99,99,9,9,99,99,9,9,99,9,99,2,9,6,6,1,52,8,1598,2,4,VAUXHALL VIVARO,4,E01004401,0,-1
2020420920113,2020,420920113,2,19,0,18,19,5,1,0,0,0,0,0,1,0,1,1,2,2,1,56,9,1598,2,2,VAUXHALL VIVARO,4,E01030115,0,-1
2020010267475,2020,010267475,2,19,0,99,99,9,9,99,99,0,9,99,9,99,9,9,6,6,3,53,8,1598,2,3,VAUXHALL VIVARO,6,E01002982,0,-1
20201373V0213,2020,1373V0213,1,19,0,7,7,5,7,0,0,1,0,0,0,0,4,1,1,1,1,32,6,1598,2,1,VAUXHALL VIVARO,-1,-1,0,-1
202031C064220,2020,31C064220,4,19,0,3,3,3,6,0,0,1,0,0,0,0,3,1,6,6,1,41,7,1995,2,11,VAUXHALL VIVARO,2,E01013918,0,-1
2020460945037,2020,460945037,1,19,0,5,5,8,4,0,0,0,0,0,0,0,4,1,1,1,1,66,10,1598,2,2,VAUXHALL VIVARO,5,E01016029,0,-1
2020461003060,2020,461003060,2,19,0,18,19,8,6,0,0,2,0,0,0,0,1,1,5,6,1,41,7,1995,2,6,VAUXHALL VIVARO,2,E01024374,0,-1
2020230975817,2020,230975817,1,19,0,7,7,4,6,0,0,6,0,0,0,0,3,1,1,1,1,31,6,1598,2,2,VAUXHALL VIVARO,5,E01009654,0,-1
2020230937319,2020,230937319,2,19,0,17,19,5,3,0,0,8,0,0,0,0,1,1,2,2,1,44,7,1598,2,2,VAUXHALL VIVARO,10,E01031267,0,-1
2020010273945,2020,010273945,3,19,0,9,9,5,2,0,0,1,0,0,0,0,4,1,1,1,1,41,7,1598,2,3,VAUXHALL VIVARO,4,E01021835,0,-1
2020990966534,2020,990966534,2,19,0,17,19,4,8,0,0,1,5,0,1,0,1,1,1,1,1,48,8,1598,2,2,VAUXHALL VIVARO,6,-1,0,-1
2020340N06742,2020,340N06742,1,19,0,5,5,5,1,0,0,4,0,0,0,0,1,1,1,1,1,39,7,1598,2,4,VAUXHALL VIVARO,1,E01027168,0,-1
2020010286103,2020,010286103,2,19,0,99,99,9,9,99,99,0,9,99,9,99,2,9,6,6,3,24,5,1598,2,2,VAUXHALL VIVARO,2,E01003490,0,-1
2020141011161,2020,141011161,2,19,0,9,9,1,7,0,0,8,0,0,0,0,1,1,2,2,1,27,6,1995,2,7,VAUXHALL VIVARO,4,E01008088,0,-1
2020211024276,2020,211024276,2,20,0,2,2,0,0,0,0,0,0,0,0,0,1,1,1,1,1,57,9,-1,-1,-1,VAUXHALL VIVARO,1,E01010401,0,-1
2020010282044,2020,010282044,2,19,0,5,5,3,7,4,4,5,0,0,0,0,1,1,1,1,1,28,6,1598,2,4,VAUXHALL VIVARO,-1,-1,0,-1
2020122000982,2020,122000982,1,19,0,5,5,3,7,0,0,1,0,0,0,0,1,1,1,1,1,35,6,1499,2,0,VAUXHALL VIVARO,1,E01011746,0,-1
2020430059822,2020,430059822,1,19,0,7,7,7,2,0,0,3,0,0,0,0,4,1,1,1,1,-1,-1,1598,2,3,VAUXHALL VIVARO,8,E01028817,0,-1
2020137CA0621,2020,137CA0621,1,19,0,18,19,4,4,0,0,0,0,0,0,0,1,1,1,1,2,21,5,1598,2,2,VAUXHALL VIVARO,-1,-1,0,-1
2020010230149,2020,010230149,2,19,0,9,9,4,2,0,0,2,0,0,0,0,1,1,1,1,1,42,7,1598,2,6,VAUXHALL VIVARO,8,E01016468,0,-1
2020140989456,2020,140989456,1,19,0,2,2,0,0,9,9,0,0,0,0,0,3,1,6,6,3,-1,-1,1598,2,2,VAUXHALL VIVARO,-1,-1,0,-1
2020340N04782,2020,340N04782,1,19,0,6,6,5,1,0,0,2,0,0,7,0,3,1,1,1,1,30,6,1870,2,14,VAUXHALL VIVARO,1,E01027231,0,-1
2020522000241,2020,522000241,1,19,0,2,2,0,0,0,0,0,0,0,0,0,3,1,1,1,2,25,5,1598,2,3,VAUXHALL VIVARO,7,E01014403,0,-1
2020010271018,2020,010271018,3,19,0,3,3,1,5,0,0,0,0,0,0,0,2,1,1,1,1,39,7,1997,2,0,VAUXHALL VIVARO,-1,-1,0,-1
2020361013996,2020,361013996,1,19,0,5,5,5,3,0,0,8,0,0,0,0,1,1,2,2,1,24,5,1598,2,5,VAUXHALL VIVARO,9,E01026671,0,-1
202006K168474,2020,06K168474,1,19,0,6,6,7,7,0,0,6,0,0,0,0,0,1,1,1,1,28,6,1598,2,5,VAUXHALL VIVARO,1,E01006288,0,-1
2020200989923,2020,200989923,2,19,0,11,11,6,2,0,0,3,0,0,0,0,1,1,6,6,1,-1,-1,1870,2,15,VAUXHALL VIVARO,-1,-1,0,-1
2020440241528,2020,440241528,3,19,0,18,19,6,2,0,0,0,5,0,1,4,1,1,1,1,1,39,7,1598,2,5,VAUXHALL VIVARO,5,E01023079,0,-1
202031D095720,2020,31D095720,1,19,0,1,1,2,6,0,0,2,0,0,0,0,2,1,1,1,1,37,7,1499,2,0,VAUXHALL VIVARO,6,E01028308,0,-1
2020010260859,2020,010260859,2,19,0,99,99,9,9,99,99,0,9,99,9,99,9,9,6,6,3,-1,-1,1598,2,1,VAUXHALL VIVARO,5,E01016127,0,-1
2020070032465,2020,070032465,2,19,0,18,19,6,2,0,0,8,0,0,0,0,1,1,1,1,1,32,6,1598,2,4,VAUXHALL VIVARO,8,E01018424,0,-1
2020160988080,2020,160988080,1,10,0,18,19,2,6,0,0,0,0,0,0,0,3,1,6,6,1,30,6,1995,2,12,-1,7,E01013024,0,-1
2020010236425,2020,010236425,2,19,9,99,99,9,9,99,99,9,9,99,9,99,9,9,6,6,3,-1,-1,1870,2,14,VAUXHALL VIVARO,-1,-1,0,-1
2020070634369,2020,070634369,1,19,0,4,4,7,3,0,0,0,0,0,0,0,1,1,6,6,1,29,6,1499,2,0,VAUXHALL VIVARO,3,E01012497,0,-1
2020040933011,2020,040933011,1,19,0,18,19,7,7,0,0,0,0,4,0,0,1,1,5,6,1,37,7,1598,2,5,VAUXHALL VIVARO,9,E01024994,0,-1
2020622000907,2020,622000907,1,19,0,18,19,6,2,0,0,1,0,0,0,0,1,1,1,1,1,44,7,1499,2,0,VAUXHALL VIVARO,2,W01001750,0,-1
2020220989037,2020,220989037,1,19,0,18,19,3,7,0,0,4,0,0,0,0,1,1,5,6,1,56,9,1598,2,5,VAUXHALL VIVARO,6,E01032266,0,-1
2020041011016,2020,041011016,2,19,0,18,19,5,1,0,0,0,1,0,0,0,1,1,1,1,1,27,6,1995,2,10,VAUXHALL VIVARO,3,E01005495,0,-1
2020420953862,2020,420953862,3,19,0,4,4,5,1,0,0,2,0,0,0,0,2,1,5,6,1,42,7,1598,2,1,VAUXHALL VIVARO,3,E01023343,0,-1
202031B060820,2020,31B060820,1,19,0,10,10,7,5,0,0,1,0,0,0,0,0,1,2,2,1,25,5,1995,2,8,VAUXHALL VIVARO,3,E01028030,0,-1
2020137A10928,2020,137A10928,2,19,0,18,19,8,4,0,0,8,0,0,0,0,3,1,1,1,1,20,4,1598,2,3,VAUXHALL VIVARO,3,E01010864,0,-1
2020010284889,2020,010284889,2,19,0,99,99,9,9,99,99,9,9,99,9,99,2,9,6,6,3,-1,-1,1995,2,7,VAUXHALL VIVARO,-1,-1,0,-1
2020040937639,2020,040937639,1,19,0,18,19,5,1,0,0,0,0,0,0,0,2,1,1,1,2,67,10,1995,2,13,VAUXHALL VIVARO,4,E01025567,0,-1
2020430275735,2020,430275735,2,19,0,11,11,5,1,0,0,8,0,0,0,0,4,1,6,6,1,30,6,1598,2,5,VAUXHALL VIVARO,-1,-1,0,-1
2020010264330,2020,010264330,3,19,0,18,19,1,5,0,0,2,0,0,0,0,2,1,2,2,1,46,8,1598,2,5,VAUXHALL VIVARO,7,E01004552,0,-1
2020010271596,2020,010271596,2,19,0,99,99,9,9,99,99,9,9,99,9,99,1,9,6,6,1,-1,-1,1995,2,13,VAUXHALL VIVARO,-1,-1,0,-1
2020302000475,2020,302000475,1,19,0,18,19,5,1,0,0,0,0,4,4,6,1,1,2,2,1,79,11,1995,2,7,VAUXHALL VIVARO,8,E01027944,0,-1
2020010239999,2020,010239999,2,19,0,6,6,5,5,0,0,8,0,0,0,0,1,1,1,1,1,49,8,1598,2,3,VAUXHALL VIVARO,2,E01000008,0,-1
2020010243596,2020,010243596,2,19,0,18,19,3,7,0,0,1,1,0,1,11,1,1,2,2,1,34,6,1995,2,9,VAUXHALL VIVARO,6,E01033064,0,-1
2020540459520,2020,540459520,2,19,0,18,19,6,2,0,0,1,0,0,0,0,1,1,6,6,1,60,9,1598,2,6,VAUXHALL VIVARO,7,E01032025,0,-1
202063A064220,2020,63A064220,3,19,0,4,4,8,4,0,0,0,0,0,0,0,2,1,1,1,1,30,6,1598,2,1,VAUXHALL VIVARO,6,W01000720,0,-1
2020410970081,2020,410970081,1,19,0,4,4,7,3,0,0,0,0,0,0,0,1,1,2,2,1,34,6,1598,2,5,VAUXHALL VIVARO,3,E01032751,0,-1
2020010247134,2020,010247134,1,19,0,18,19,2,6,0,0,8,0,0,0,0,1,1,1,1,1,32,6,1499,2,1,VAUXHALL VIVARO,2,E01004755,0,-1
2020137AK0155,2020,137AK0155,1,19,0,18,19,1,5,0,0,0,0,0,0,0,4,1,6,6,1,32,6,1598,2,4,VAUXHALL VIVARO,5,E01031325,0,-1
2020010265037,2020,010265037,2,19,0,99,99,9,9,99,99,9,9,99,9,99,9,9,6,6,3,29,6,1499,2,1,VAUXHALL VIVARO,8,E01003812,0,-1
2020350950781,2020,350950781,1,19,0,18,19,1,5,0,0,1,0,0,0,0,1,1,1,1,1,48,8,1598,2,1,VAUXHALL VIVARO,9,E01015689,0,-1
2020160937421,2020,160937421,2,19,0,-1,-1,-1,-1,-1,-1,0,-1,-1,-1,0,-1,1,6,6,3,35,6,1598,2,1,VAUXHALL VIVARO,-1,-1,0,-1
2020010259208,2020,010259208,2,19,0,7,7,7,1,0,0,6,0,0,0,0,1,1,6,6,3,-1,-1,1995,2,9,VAUXHALL VIVARO,-1,-1,0,-1
2020170H10990,2020,170H10990,1,19,0,7,7,1,3,0,0,8,0,0,0,0,1,1,1,1,1,52,8,1598,2,4,VAUXHALL VIVARO,7,E01011959,0,-1
2020010229672,2020,010229672,2,19,0,18,19,4,8,0,0,0,0,4,0,0,1,1,6,6,1,52,8,1995,2,9,VAUXHALL VIVARO,5,E01002625,0,-1
2020052000786,2020,052000786,2,19,0,3,3,5,1,0,0,0,0,0,0,0,2,1,2,2,1,31,6,1598,2,3,VAUXHALL VIVARO,1,E01007127,0,-1
2020400919049,2020,400919049,1,19,0,2,2,2,6,0,0,0,0,0,0,0,1,1,6,6,1,47,8,1995,2,12,VAUXHALL VIVARO,4,E01017600,0,-1
2020122000981,2020,122000981,1,19,0,1,1,2,6,0,0,0,0,0,0,0,2,1,1,1,1,54,8,1598,2,2,VAUXHALL VIVARO,6,E01027741,0,-1
2020450946957,2020,450946957,2,19,0,18,19,1,5,0,0,8,0,0,0,0,4,1,6,6,1,33,6,1598,2,5,VAUXHALL VIVARO,6,E01030555,0,-1
2020622000975,2020,622000975,1,19,0,18,19,5,1,0,0,0,0,0,0,0,1,1,6,6,1,28,6,1598,2,1,VAUXHALL VIVARO,8,W01001859,0,-1
2020052000478,2020,052000478,3,19,0,18,19,7,3,0,0,1,0,0,0,0,3,1,2,2,1,50,8,1995,2,7,VAUXHALL VIVARO,5,E01007299,0,-1
2020470998704,2020,470998704,2,19,0,3,3,6,2,0,0,1,0,0,0,0,2,1,1,1,1,44,7,1995,2,9,VAUXHALL VIVARO,4,E01016872,0,-1
2020470968282,2020,470968282,1,19,0,1,1,4,1,0,0,0,0,0,0,0,2,2,6,6,1,49,8,1598,2,6,VAUXHALL VIVARO,8,E01016932,0,-1
2020460950631,2020,460950631,1,19,0,18,19,6,2,0,0,1,0,0,0,0,3,1,5,6,1,58,9,1995,2,8,VAUXHALL VIVARO,8,E01000659,0,-1
2020010243304,2020,010243304,1,19,0,18,19,3,7,0,0,1,0,0,1,1,1,1,1,1,1,39,7,1598,2,3,VAUXHALL VIVARO,2,E01004011,0,-1
2020302000421,2020,302000421,1,19,0,18,19,2,6,0,0,1,0,0,0,0,3,1,6,6,1,61,9,1598,2,3,VAUXHALL VIVARO,4,E01013458,0,-1
202031C035020,2020,31C035020,2,19,0,18,19,5,1,0,0,0,0,0,1,0,3,1,6,6,1,54,8,1995,2,10,VAUXHALL VIVARO,7,E01028163,0,-1
2020320648572,2020,320648572,1,19,0,18,19,3,7,0,0,1,0,0,0,0,1,1,1,1,1,27,6,1499,2,0,VAUXHALL VIVARO,2,E01028067,0,-1
2020440064670,2020,440064670,2,19,0,18,19,4,8,0,0,0,0,0,0,0,1,1,2,2,1,32,6,1995,2,10,VAUXHALL VIVARO,2,E01017276,0,-1
2020010266864,2020,010266864,1,19,0,4,4,1,5,0,0,1,0,0,0,0,4,1,6,6,3,-1,-1,1870,2,13,VAUXHALL VIVARO,-1,-1,0,-1
2020500953447,2020,500953447,2,19,0,4,4,1,5,0,0,0,0,0,0,0,2,1,1,1,1,47,8,1598,2,1,VAUXHALL VIVARO,8,E01015114,0,-1
2020122001094,2020,122001094,2,19,0,18,19,1,5,0,0,0,0,0,0,0,3,1,6,6,1,30,6,1870,2,15,VAUXHALL VIVARO,4,E01027706,0,-1
2020460985821,2020,460985821,2,19,0,18,19,5,1,0,0,1,0,0,0,0,4,1,5,6,1,33,6,1598,2,6,VAUXHALL VIVARO,6,E01016142,0,-1
2020230927612,2020,230927612,1,19,0,18,19,4,8,0,0,0,2,0,2,7,4,1,5,6,1,39,7,1995,2,7,VAUXHALL VIVARO,9,E01033531,0,-1
2020440062929,2020,440062929,2,19,0,18,19,2,6,0,0,8,0,0,0,0,1,1,6,6,1,33,6,2464,2,12,VAUXHALL VIVARO,9,E01022583,0,-1
2020440015575,2020,440015575,1,19,0,18,19,3,8,0,0,0,0,0,0,0,3,1,6,6,1,28,6,1995,2,6,VAUXHALL VIVARO,6,E01031989,0,-1
2020220981146,2020,220981146,2,19,0,1,1,3,6,0,0,2,0,0,0,0,2,1,5,6,1,34,6,1995,2,8,VAUXHALL VIVARO,7,E01032344,0,-1
2020010249440,2020,010249440,1,19,0,99,99,9,9,99,99,9,9,99,9,99,1,9,2,2,1,25,5,1499,2,1,VAUXHALL VIVARO,9,E01004276,0,-1
2020450941768,2020,450941768,1,19,0,10,10,1,3,0,0,8,0,0,0,0,3,1,5,6,1,48,8,1598,2,4,VAUXHALL VIVARO,5,E01030459,0,-1
2020500981857,2020,500981857,2,19,0,4,4,3,7,0,0,1,0,0,0,0,2,1,1,1,1,27,6,1995,2,6,VAUXHALL VIVARO,4,E01020321,0,-1
2020137161294,2020,137161294,3,19,0,2,2,0,0,0,0,8,0,0,0,0,4,1,6,6,3,-1,-1,1598,2,4,VAUXHALL VIVARO,-1,-1,0,-1
2020010230658,2020,010230658,1,19,0,18,19,2,6,0,0,2,0,0,0,0,1,1,1,1,1,39,7,1995,2,9,VAUXHALL VIVARO,5,E01003413,0,-1
2020100920467,2020,100920467,1,19,0,10,10,1,5,0,0,2,0,0,0,0,1,1,1,1,1,49,8,1995,2,9,VAUXHALL VIVARO,1,E01027424,0,-1
2020370940276,2020,370940276,1,19,0,9,9,1,5,0,0,2,0,0,0,0,3,1,6,6,1,66,10,1598,2,5,VAUXHALL VIVARO,4,E01029922,0,-1
2020340N07032,2020,340N07032,1,19,0,18,19,1,5,0,0,0,5,0,0,1,3,1,1,1,1,66,10,1598,2,1,VAUXHALL VIVARO,9,E01025838,0,-1
2020460957886,2020,460957886,2,19,0,1,1,5,1,0,0,2,0,0,0,0,3,1,1,1,1,60,9,1870,2,14,VAUXHALL VIVARO,6,E01024171,0,-1
2020500929078,2020,500929078,1,19,0,18,19,1,5,0,0,0,0,0,0,0,1,1,5,6,1,34,6,1598,2,5,VAUXHALL VIVARO,7,E01020075,0,-1
2020211001995,2020,211001995,2,5,0,18,19,3,7,0,0,8,0,0,0,0,4,1,6,6,1,63,9,850,1,25,-1,6,E01029389,0,-1
2020990960188,2020,990960188,1,9,0,9,9,5,3,0,0,2,0,4,0,0,1,2,6,6,1,81,11,2088,2,23,-1,2,-1,0,-1
2020440085871,2020,440085871,1,9,0,18,19,2,6,0,0,2,0,0,0,0,1,1,6,6,1,38,7,1761,1,25,-1,4,E01017297,0,-1
2020450939411,2020,450939411,2,9,0,4,4,3,7,0,0,0,0,0,0,0,4,1,5,6,1,75,10,1998,1,21,-1,7,E01023123,0,-1
2020370962195,2020,370962195,2,2,0,18,19,7,7,0,0,2,0,0,0,0,1,1,5,6,1,16,4,49,1,12,-1,10,E01030045,0,-1
2020040965491,2020,040965491,1,9,0,4,4,2,6,0,0,1,0,0,0,0,1,1,5,6,1,73,10,1368,1,15,-1,4,E01033072,0,-1
2020100940463,2020,100940463,1,9,0,9,9,5,7,0,0,8,0,0,0,0,1,1,5,6,2,43,7,1368,1,15,-1,4,E01032484,0,-1
2020030973673,2020,030973673,1,9,0,18,19,5,1,0,0,0,0,0,0,0,1,1,5,6,1,45,7,1368,1,14,-1,6,E01019360,0,-1
2020470936433,2020,470936433,1,9,0,18,19,4,3,0,0,0,0,6,1,4,1,1,5,6,2,24,5,1368,1,16,-1,8,E01021106,0,-1
2020070322212,2020,070322212,1,9,0,18,19,6,2,0,0,8,0,0,0,0,1,1,6,6,2,29,6,1368,1,16,-1,-1,-1,0,-1