collision_index,collision_year,collision_ref_no,vehicle_reference,vehicle_type,towing_and_articulation,vehicle_manoeuvre_historic,vehicle_manoeuvre,vehicle_direction_from,vehicle_direction_to,vehicle_location_restricted_lane_historic,vehicle_location_restricted_lane,junction_location,skidding_and_overturning,hit_object_in_carriageway,vehicle_leaving_carriageway,hit_object_off_carriageway,first_point_of_impact,vehicle_left_hand_drive,journey_purpose_of_driver_historic,journey_purpose_of_driver,sex_of_driver,age_of_driver,age_band_of_driver,engine_capacity_cc,propulsion_code,age_of_vehicle,generic_make_model,driver_imd_decile,lsoa_of_driver,escooter_flag,driver_distance_banding
2020440313028,2020,440313028,1,5,0,16,19,6,1,0,0,2,1,0,7,9,1,1,6,6,1,59,9,1690,1,8,-1,6,E01022548,0,-1
2020041004329,2020,041004329,2,9,0,18,19,1,5,0,0,0,0,0,0,0,2,1,5,6,2,42,7,1591,1,8,KIA SPORTAGE,2,E01024886,0,-1
2020320394000,2020,320394000,1,9,0,18,19,4,8,0,0,0,0,0,0,0,3,1,6,6,2,19,4,1991,2,12,KIA SPORTAGE,1,E01026069,0,-1
2020501015228,2020,501015228,2,9,0,16,19,2,5,0,0,1,1,0,0,0,1,1,5,6,2,30,6,1685,2,9,KIA SPORTAGE,6,E01019928,0,-1
2020302001389,2020,302001389,1,9,0,3,3,8,6,0,0,1,0,0,0,0,2,1,6,6,2,35,6,1598,2,2,KIA SPORTAGE,8,E01019449,0,-1
2020549494420,2020,549494420,1,9,0,9,9,8,6,0,0,2,0,0,0,0,1,1,1,1,2,56,9,1685,2,5,KIA SPORTAGE,9,E01032710,0,-1
2020320355138,2020,320355138,3,9,0,18,19,8,4,0,0,0,0,0,0,0,1,1,6,6,1,40,7,1975,1,14,KIA SPORTAGE,3,E01026140,0,-1
2020332000211,2020,332000211,1,9,0,7,7,3,1,0,0,6,0,0,4,0,3,1,2,2,1,21,5,1591,1,2,KIA SPORTAGE,2,E01001785,0,-1
2020170H10670,2020,170H10670,3,9,0,9,9,5,2,0,0,8,0,0,0,0,4,1,6,6,2,42,7,2656,7,15,KIA SPORTAGE,1,E01011952,0,-1
2020430382403,2020,430382403,2,9,0,18,19,6,2,0,0,0,0,0,0,0,1,1,6,6,2,-1,-1,1591,1,6,KIA SPORTAGE,2,E01016363,0,-1
2020010273137,2020,010273137,2,9,0,99,99,9,9,99,99,1,9,99,9,99,2,1,6,6,2,37,7,1995,2,4,KIA SPORTAGE,4,E01003165,0,-1
2020302000256,2020,302000256,1,9,0,18,19,3,8,0,0,4,0,0,0,0,1,1,6,6,1,47,8,1591,1,3,KIA SPORTAGE,6,E01019651,0,-1
2020010267838,2020,010267838,1,9,0,18,19,7,3,0,0,0,0,0,0,0,1,1,6,6,1,31,6,1685,2,5,KIA SPORTAGE,1,E01002026,0,-1
2020100952093,2020,100952093,5,9,0,3,3,2,2,0,0,1,0,0,0,0,4,1,6,6,1,48,8,1995,2,4,KIA SPORTAGE,2,E01008663,0,-1
2020350971533,2020,350971533,1,9,0,18,19,4,8,0,0,8,1,0,0,0,4,1,5,6,1,23,5,1685,2,7,KIA SPORTAGE,2,E01015654,0,-1
2020340N02512,2020,340N02512,2,9,0,11,11,5,1,0,0,5,0,0,0,0,2,1,6,6,2,37,7,1591,1,0,KIA SPORTAGE,7,E01027202,0,-1
2020230975419,2020,230975419,2,9,0,18,19,1,5,0,0,4,0,0,0,0,3,1,5,6,3,45,7,1685,2,4,KIA SPORTAGE,-1,-1,0,-1
2020140991666,2020,140991666,1,9,0,18,19,5,1,0,0,1,0,0,1,4,1,1,5,6,2,54,8,1975,1,12,KIA SPORTAGE,1,E01007506,0,-1
2020461003311,2020,461003311,5,9,0,2,2,0,0,0,0,0,0,0,0,0,2,1,6,6,3,-1,-1,1591,1,5,KIA SPORTAGE,-1,-1,0,-1
2020010251502,2020,010251502,2,9,0,99,99,9,9,99,99,1,9,99,9,99,1,9,6,6,3,48,8,1995,2,5,KIA SPORTAGE,4,E01001252,0,-1
2020990972340,2020,990972340,1,9,0,18,19,7,3,0,0,0,5,4,0,0,4,1,6,6,2,55,8,1685,2,3,KIA SPORTAGE,8,-1,0,-1
2020990956838,2020,990956838,4,9,0,4,4,1,5,0,0,0,0,0,0,0,2,1,5,6,1,56,9,1591,1,1,KIA SPORTAGE,1,-1,0,-1
2020010251808,2020,010251808,1,9,0,18,19,7,3,9,9,2,0,0,0,0,4,1,6,6,2,52,8,1591,1,1,KIA SPORTAGE,-1,-1,0,-1
2020302001377,2020,302001377,1,9,0,18,19,8,4,0,0,1,0,0,0,0,1,1,2,2,2,45,7,1685,2,4,KIA SPORTAGE,2,E01013521,0,-1
2020430081096,2020,430081096,1,9,0,18,19,4,8,0,0,4,0,0,0,0,3,1,6,6,1,53,8,1591,1,2,KIA SPORTAGE,7,E01017839,0,-1
2020030983150,2020,030983150,1,9,0,18,19,1,5,0,0,0,0,0,0,0,1,1,5,6,1,29,6,1685,2,8,KIA SPORTAGE,5,E01019123,0,-1
2020040936007,2020,040936007,2,9,0,18,19,5,5,0,0,1,0,0,0,0,1,2,5,6,2,35,6,1685,2,6,KIA SPORTAGE,4,E01012713,0,-1
2020400944679,2020,400944679,1,9,-1,-1,-1,-1,-1,-1,-1,-1,-1,-1,-1,0,-1,1,6,6,1,-1,-1,1598,2,1,KIA SPORTAGE,9,E01017381,0,-1
2020990955689,2020,990955689,1,9,0,13,13,2,4,0,0,0,0,0,0,0,0,1,2,2,2,53,8,1598,2,1,KIA SPORTAGE,7,-1,0,-1
2020990982491,2020,990982491,1,9,0,7,7,5,7,0,0,4,0,0,0,0,4,1,5,6,1,51,8,1685,2,3,KIA SPORTAGE,4,-1,0,-1
2020140979342,2020,140979342,1,9,0,18,19,5,1,0,0,2,0,0,0,0,2,1,1,1,1,53,8,1685,2,2,KIA SPORTAGE,9,E01007792,0,-1
20201372G0832,2020,1372G0832,3,9,0,18,19,2,6,0,0,8,0,0,0,0,2,1,6,6,2,33,6,1995,2,1,KIA SPORTAGE,5,E01011215,0,-1
2020530972310,2020,530972310,2,9,0,18,19,1,5,0,0,1,0,0,1,10,3,1,5,6,1,75,10,1685,2,4,KIA SPORTAGE,10,E01022316,0,-1
2020450993449,2020,450993449,2,9,0,3,3,3,7,0,0,1,0,0,0,0,1,1,6,6,2,40,7,1685,2,8,KIA SPORTAGE,4,E01030676,0,-1
2020320599933,2020,320599933,2,9,0,17,19,6,1,0,0,0,0,0,0,0,1,1,6,6,1,54,8,1598,8,0,KIA SPORTAGE,-1,-1,0,-1
2020040915333,2020,040915333,1,9,0,17,19,5,2,0,0,0,0,0,0,0,1,2,6,6,1,42,7,1685,2,5,KIA SPORTAGE,4,E01025150,0,-1
2020370985946,2020,370985946,2,9,0,18,19,1,5,0,0,8,0,0,0,0,1,1,6,6,1,50,8,1685,2,7,KIA SPORTAGE,5,E01030260,0,-1
2020990917055,2020,990917055,2,9,0,4,4,5,1,0,0,0,0,0,0,0,2,1,6,6,2,34,6,1685,2,6,KIA SPORTAGE,8,-1,0,-1
2020471000897,2020,471000897,2,9,0,18,19,7,3,0,0,0,0,0,0,0,2,1,5,6,2,51,8,1995,2,5,KIA SPORTAGE,7,E01017008,0,-1
2020440412989,2020,440412989,3,9,0,2,2,0,0,0,0,0,0,0,0,0,1,1,6,6,3,-1,-1,1991,2,10,KIA SPORTAGE,-1,-1,0,-1
2020010261357,2020,010261357,2,9,0,12,12,5,1,0,0,1,0,0,0,0,1,1,2,2,2,44,7,1685,2,3,KIA SPORTAGE,2,E01001506,0,-1
2020200930200,2020,200930200,2,9,0,4,4,4,8,0,0,0,0,0,0,0,2,1,6,6,1,25,5,1685,2,2,KIA SPORTAGE,8,E01029656,0,-1
2020520004471,2020,520004471,2,9,0,18,19,6,2,0,0,0,0,0,0,0,1,1,6,6,3,-1,-1,1591,1,7,KIA SPORTAGE,-1,-1,0,-1
2020500984222,2020,500984222,2,9,0,4,4,7,1,0,0,6,0,0,0,0,2,1,6,6,2,48,8,1991,2,13,KIA SPORTAGE,1,E01015145,0,-1
2020320549730,2020,320549730,1,9,0,18,19,1,5,0,0,5,0,0,0,0,1,1,6,6,2,59,9,1598,2,1,KIA SPORTAGE,2,E01019463,0,-1
2020320421892,2020,320421892,3,9,0,18,19,1,5,0,0,0,0,0,0,0,2,1,6,6,2,26,6,1685,2,9,KIA SPORTAGE,5,E01026232,0,-1
2020552000728,2020,552000728,3,9,0,18,19,1,5,0,0,0,0,0,0,0,1,1,6,6,1,48,8,1591,1,8,KIA SPORTAGE,9,E01029207,0,-1
2020137AD0270,2020,137AD0270,1,9,0,18,19,7,3,0,0,8,0,0,0,0,4,1,6,6,2,50,8,1685,2,3,KIA SPORTAGE,7,E01011127,0,-1
2020040982352,2020,040982352,1,9,0,4,4,5,1,0,0,5,0,0,0,0,3,1,5,6,1,19,4,1591,1,3,KIA SPORTAGE,9,E01024970,0,-1
2020070351036,2020,070351036,2,9,0,18,19,4,8,0,0,8,1,0,0,0,1,1,6,6,2,20,4,1591,1,0,KIA SPORTAGE,4,E01018613,0,-1
2020010281330,2020,010281330,1,9,0,99,99,9,9,99,99,0,9,99,9,99,9,9,6,6,2,47,8,1591,1,3,KIA SPORTAGE,2,E01001550,0,-1
2020470958055,2020,470958055,1,9,0,7,7,1,2,0,0,2,0,0,0,0,4,1,6,6,1,25,5,1591,1,4,KIA SPORTAGE,8,E01031564,0,-1
2020542658220,2020,542658220,1,9,0,18,19,1,5,0,0,0,0,0,0,0,1,1,6,6,1,53,8,1995,2,4,KIA SPORTAGE,7,E01015583,0,-1
2020010244069,2020,010244069,2,9,0,18,19,3,7,0,0,0,0,0,0,0,2,1,6,6,2,48,8,1685,2,3,KIA SPORTAGE,4,E01023447,0,-1
2020350968700,2020,350968700,2,9,0,18,19,4,8,0,0,1,0,0,0,0,4,1,5,6,1,52,8,1591,1,2,KIA SPORTAGE,8,E01018132,0,-1
2020450964262,2020,450964262,2,9,0,18,19,7,3,0,0,0,0,0,0,0,2,1,5,6,2,46,8,1995,2,8,KIA SPORTAGE,5,E01024198,0,-1
20201372D0581,2020,1372D0581,1,9,0,18,19,2,6,0,0,8,0,0,0,0,4,1,6,6,2,32,6,1685,2,6,KIA SPORTAGE,3,E01010569,0,-1
2020010259172,2020,010259172,1,9,0,7,7,4,6,0,0,5,0,0,0,0,4,1,6,6,1,53,8,1591,1,5,KIA SPORTAGE,7,E01002197,0,-1
2020530950762,2020,530950762,1,9,0,18,19,3,7,0,0,1,0,0,0,0,1,1,6,6,1,48,8,1598,2,1,KIA SPORTAGE,10,E01022307,0,-1
2020302000306,2020,302000306,2,9,0,18,19,4,8,0,0,0,0,0,0,0,1,1,6,6,2,35,6,1685,2,6,KIA SPORTAGE,4,E01013555,0,-1
2020160937709,2020,160937709,1,9,0,17,19,5,1,0,0,0,0,0,0,0,3,1,5,6,2,65,9,1685,2,6,KIA SPORTAGE,8,E01012988,0,-1
2020440074141,2020,440074141,1,9,0,18,19,2,6,0,0,1,0,0,1,2,4,1,1,1,2,37,7,1591,1,1,KIA SPORTAGE,10,E01022869,0,-1
2020010276702,2020,010276702,2,9,9,99,99,9,9,99,99,0,9,99,9,99,9,9,6,6,3,43,7,1591,1,5,KIA SPORTAGE,5,E01000567,0,-1
2020052001045,2020,052001045,1,9,0,17,19,1,5,0,0,0,5,0,0,0,1,1,6,6,1,52,8,1591,1,0,KIA SPORTAGE,1,E01006696,0,-1
2020990948212,2020,990948212,2,9,0,7,7,6,4,0,0,2,0,0,0,0,4,1,1,1,2,35,6,1591,1,3,KIA SPORTAGE,9,-1,0,-1
2020410943311,2020,410943311,1,9,0,18,19,4,1,0,0,0,0,0,0,0,1,1,5,6,2,60,9,1591,1,1,KIA SPORTAGE,5,E01023324,0,-1
2020211023577,2020,211023577,1,9,0,7,7,2,8,0,0,0,0,0,0,0,1,1,6,6,2,44,7,1591,1,1,KIA SPORTAGE,9,E01014318,0,-1
2020430320498,2020,430320498,2,9,0,18,19,6,2,0,0,8,0,0,0,0,3,1,6,6,1,27,6,1991,2,14,KIA SPORTAGE,6,E01028557,0,-1
2020370937983,2020,370937983,3,9,0,4,4,2,6,0,0,2,0,0,0,0,2,1,6,6,2,55,8,1685,2,4,KIA SPORTAGE,10,E01030085,0,-1
2020111008801,2020,111008801,2,9,0,3,3,7,3,0,0,7,0,0,0,0,2,1,2,2,2,39,7,1591,1,1,KIA SPORTAGE,5,E01020772,0,-1
202006F271488,2020,06F271488,2,9,0,2,2,0,0,0,0,1,0,0,0,0,1,1,6,6,2,27,6,1685,2,7,KIA SPORTAGE,4,E01005712,0,-1
2020220924812,2020,220924812,1,9,0,18,19,2,6,0,0,1,0,0,7,11,1,1,5,6,1,81,11,1591,1,4,KIA SPORTAGE,8,E01028829,0,-1
2020010270270,2020,010270270,1,9,0,18,19,1,5,0,0,8,0,0,0,0,3,1,6,6,1,30,6,1591,1,3,KIA SPORTAGE,5,E01023537,0,-1
2020220964063,2020,220964063,1,9,0,18,19,2,6,0,0,0,0,4,0,0,3,1,6,6,1,60,9,1991,2,15,KIA SPORTAGE,4,E01014033,0,-1
2020470990672,2020,470990672,2,8,0,18,19,1,5,2,2,1,0,0,0,0,1,1,1,1,1,29,6,1685,2,3,-1,5,E01031370,0,-1
2020160918474,2020,160918474,2,9,0,3,3,1,5,0,0,1,0,0,0,0,2,1,6,6,2,52,8,1685,2,3,KIA SPORTAGE,7,E01013018,0,-1
2020302000681,2020,302000681,2,9,0,18,19,6,2,0,0,1,0,0,0,0,1,1,6,6,2,36,7,1591,1,6,KIA SPORTAGE,6,E01019489,0,-1
2020461000057,2020,461000057,1,9,0,18,19,7,3,0,0,0,1,0,0,0,1,1,6,6,2,28,6,1991,2,15,KIA SPORTAGE,5,E01024565,0,-1
2020360921069,2020,360921069,2,9,0,9,9,4,8,0,0,2,0,0,0,0,1,1,1,1,1,41,7,1598,2,2,KIA SPORTAGE,6,E01028888,0,-1
2020040967223,2020,040967223,1,9,0,7,7,5,1,0,0,8,0,0,0,0,4,1,6,6,3,-1,-1,1685,2,4,KIA SPORTAGE,-1,-1,0,-1
2020420996380,2020,420996380,4,9,0,3,3,5,1,0,0,0,0,0,0,0,1,1,5,6,2,32,6,1995,2,4,KIA SPORTAGE,4,E01021808,0,-1
2020041004868,2020,041004868,2,9,0,17,19,7,3,0,0,1,0,0,0,0,1,1,5,6,2,29,6,1591,1,1,KIA SPORTAGE,3,E01012662,0,-1
2020990997739,2020,990997739,1,9,0,18,19,3,7,0,0,1,0,0,0,0,4,1,5,6,2,42,7,1685,2,5,KIA SPORTAGE,5,-1,0,-1
2020500978657,2020,500978657,2,9,0,17,19,6,4,0,0,0,0,0,1,7,1,1,5,6,1,38,7,1685,2,3,KIA SPORTAGE,7,E01028956,0,-1
2020220979335,2020,220979335,1,9,0,14,14,6,2,0,0,0,0,0,0,0,1,1,5,6,1,64,9,1685,2,2,KIA SPORTAGE,6,E01014173,0,-1
2020522000434,2020,522000434,2,9,0,5,5,7,1,0,0,4,0,0,0,0,3,1,6,6,2,30,6,1591,1,2,KIA SPORTAGE,-1,-1,0,-1
202006G269771,2020,06G269771,1,9,0,18,19,1,5,0,0,8,0,0,0,0,4,1,6,6,1,55,8,1591,1,5,KIA SPORTAGE,3,E01005979,0,-1
2020122001321,2020,122001321,4,9,0,3,3,7,3,0,0,1,0,0,0,0,2,1,6,6,2,39,7,1591,1,4,KIA SPORTAGE,9,E01013426,0,-1
2020990988172,2020,990988172,1,9,0,16,19,7,3,0,0,0,0,0,4,7,1,1,5,6,1,37,7,1685,2,3,KIA SPORTAGE,6,-1,0,-1
2020501000647,2020,501000647,3,9,0,2,2,0,0,0,0,0,0,0,0,0,3,1,6,6,1,60,9,1685,2,7,KIA SPORTAGE,3,E01015168,0,-1
2020990974181,2020,990974181,1,9,0,7,7,1,4,0,0,6,0,0,0,0,0,1,6,6,1,64,9,1685,2,2,KIA SPORTAGE,8,-1,0,-1
2020440182304,2020,440182304,1,9,0,18,19,2,6,0,0,8,0,0,0,0,1,1,2,2,2,48,8,1591,1,1,KIA SPORTAGE,10,E01022861,0,-1
2020122100170,2020,122100170,2,9,0,18,19,5,1,0,0,1,0,0,0,0,2,1,6,6,1,49,8,1685,2,2,KIA SPORTAGE,9,E01027844,0,-1
2020230923981,2020,230923981,2,9,0,18,19,2,6,0,0,8,0,0,0,0,1,1,5,6,1,51,8,1591,1,3,KIA SPORTAGE,6,E01031199,0,-1
2020010243432,2020,010243432,1,9,0,18,19,2,6,0,0,0,0,0,0,0,1,1,6,6,2,32,6,1685,2,3,KIA SPORTAGE,8,E01021382,0,-1
2020400997590,2020,400997590,1,9,0,18,19,3,1,0,0,8,0,0,0,0,1,1,6,6,2,67,10,1975,1,14,KIA SPORTAGE,9,E01018137,0,-1
2020140996418,2020,140996418,1,9,0,1,1,3,7,0,0,0,0,0,0,0,2,1,5,6,2,75,10,1995,2,5,KIA SPORTAGE,6,E01007696,0,-1
2020470965114,2020,470965114,1,9,0,18,19,1,5,0,0,0,0,0,0,0,1,1,6,6,1,23,5,1591,1,1,KIA SPORTAGE,2,E01031790,0,-1
2020470939843,2020,470939843,2,9,0,18,19,8,4,0,0,0,0,0,0,0,2,1,2,2,2,31,6,1591,1,2,KIA SPORTAGE,10,E01031578,0,-1
2020010309991,2020,010309991,2,9,0,99,99,9,9,99,99,0,9,99,9,99,1,9,6,6,3,-1,-1,1591,1,3,KIA SPORTAGE,2,E01000533,0,-1
202006A372170,2020,06A372170,2,9,0,18,19,1,5,0,0,2,0,0,0,0,1,1,6,6,2,31,6,1685,2,5,KIA SPORTAGE,-1,-1,0,-1
2020221002988,2020,221002988,2,9,0,16,19,2,6,0,0,0,0,0,0,0,1,1,5,6,1,38,7,1685,2,2,KIA SPORTAGE,5,E01028864,0,-1
2020500962663,2020,500962663,1,9,0,10,10,5,3,0,0,1,0,0,0,0,0,1,6,6,1,55,8,1685,2,3,KIA SPORTAGE,8,E01015113,0,-1
2020320527700,2020,320527700,2,9,0,18,19,3,7,0,0,0,0,0,0,0,3,1,6,6,1,59,9,1685,2,9,KIA SPORTAGE,3,E01026125,0,-1
2020010272022,2020,010272022,2,9,9,99,99,9,9,99,99,0,9,99,9,99,9,9,6,6,3,42,7,1685,2,4,KIA SPORTAGE,3,E01014540,0,-1
2020010265515,2020,010265515,1,9,0,7,7,7,1,2,2,5,0,0,0,0,4,1,6,6,2,28,6,1591,1,0,KIA SPORTAGE,7,E01021803,0,-1
2020010249624,2020,010249624,2,9,0,99,99,9,9,99,99,9,9,99,9,99,9,9,6,6,3,-1,-1,1591,1,0,KIA SPORTAGE,-1,-1,0,-1
2020200966747,2020,200966747,4,9,0,2,2,0,0,9,9,2,0,0,1,3,2,1,6,6,2,-1,-1,1685,2,9,KIA SPORTAGE,-1,-1,0,-1
2020320487063,2020,320487063,2,9,0,18,19,7,3,0,0,0,0,0,0,0,1,1,6,6,2,75,10,1598,2,1,KIA SPORTAGE,5,E01026070,0,-1
2020370964831,2020,370964831,1,9,0,18,19,3,7,0,0,0,0,0,0,0,3,1,5,6,1,66,10,1685,2,4,KIA SPORTAGE,6,E01030056,0,-1
2020200931826,2020,200931826,1,9,0,18,19,8,4,0,0,0,0,0,0,0,1,1,1,1,1,53,8,1591,1,2,KIA SPORTAGE,7,E01031007,0,-1
20201374M0275,2020,1374M0275,2,9,0,18,19,5,1,0,0,0,0,0,1,0,1,1,1,1,2,45,7,1685,2,2,KIA SPORTAGE,9,E01011117,0,-1
2020201017928,2020,201017928,1,9,0,5,5,8,4,0,0,1,0,0,0,0,1,1,6,6,2,27,6,1591,1,2,KIA SPORTAGE,1,E01033643,0,-1
2020540205419,2020,540205419,2,9,0,18,19,2,6,0,0,8,0,0,0,0,3,1,2,2,1,52,8,1995,2,4,KIA SPORTAGE,6,E01032011,0,-1
2020041010100,2020,041010100,1,9,0,18,19,3,7,0,0,1,0,0,0,0,1,1,2,2,1,39,7,1591,1,1,KIA SPORTAGE,5,E01025555,0,-1
2020420984806,2020,420984806,1,9,0,18,19,4,8,0,0,0,0,0,0,0,1,1,6,6,1,26,6,1598,8,0,KIA SPORTAGE,4,E01020893,0,-1
2020040941646,2020,040941646,1,9,0,18,19,6,2,0,0,8,0,0,0,0,1,1,5,6,1,69,10,1998,1,9,KIA SPORTAGE,9,E01025277,0,-1
2020370989741,2020,370989741,1,9,0,18,19,3,7,0,0,0,0,0,0,0,3,1,5,6,1,34,6,1591,1,0,KIA SPORTAGE,5,E01029928,0,-1
2020547528820,2020,547528820,1,9,0,5,5,6,4,0,0,4,0,0,0,0,1,1,6,6,1,45,7,1685,2,9,KIA SPORTAGE,2,E01032118,0,-1
2020610025920,2020,610025920,2,9,0,18,19,1,5,0,0,0,1,0,1,0,3,1,6,6,2,46,8,1591,1,3,KIA SPORTAGE,6,W01001564,0,-1
2020160958830,2020,160958830,1,9,0,18,19,4,8,0,0,0,0,0,0,0,1,1,6,6,2,44,7,1685,2,3,KIA SPORTAGE,10,E01013092,0,-1
2020470949204,2020,470949204,1,9,0,4,4,8,4,0,0,0,0,0,0,0,2,1,6,6,1,-1,-1,1591,1,2,KIA SPORTAGE,4,E01016898,0,-1
2020137A91401,2020,137A91401,1,9,0,18,19,1,5,0,0,0,0,0,0,0,2,1,6,6,1,44,7,1591,1,4,KIA SPORTAGE,3,E01010752,0,-1
2020470919727,2020,470919727,4,9,0,3,3,7,3,0,0,0,0,0,0,0,2,1,5,6,1,31,6,1685,2,3,KIA SPORTAGE,8,E01020953,0,-1
2020110924919,2020,110924919,3,9,0,3,3,5,1,0,0,0,0,0,0,0,0,1,2,2,2,38,7,1685,2,3,KIA SPORTAGE,3,E01020869,0,-1
2020440095631,2020,440095631,1,9,0,16,19,4,7,0,0,1,0,0,0,0,4,1,6,6,2,48,8,1591,1,1,KIA SPORTAGE,10,E01022861,0,-1
2020450945478,2020,450945478,2,9,0,9,9,3,1,0,0,1,0,0,0,0,1,1,5,6,2,59,9,1685,2,4,KIA SPORTAGE,9,E01030900,0,-1
2020320130537,2020,320130537,1,9,0,18,19,1,5,0,0,1,0,0,0,0,4,1,6,6,2,74,10,1685,2,3,KIA SPORTAGE,2,E01013538,0,-1
2020040967899,2020,040967899,3,9,0,18,19,5,1,0,0,1,0,0,0,0,2,1,6,6,2,53,8,1995,2,7,KIA SPORTAGE,1,E01012683,0,-1
2020470963557,2020,470963557,2,9,0,18,19,3,7,0,0,1,0,0,0,0,1,1,6,6,1,72,10,1995,2,9,KIA SPORTAGE,6,E01021110,0,-1
2020990963043,2020,990963043,3,9,0,17,19,6,2,0,0,0,0,0,0,0,3,1,6,6,2,57,9,1685,2,2,KIA SPORTAGE,2,-1,0,-1
2020010269204,2020,010269204,2,9,0,99,99,9,9,99,99,1,9,99,9,99,1,9,6,6,3,59,9,1991,2,11,KIA SPORTAGE,1,E01002026,0,-1
2020420982889,2020,420982889,3,9,0,18,19,1,5,0,0,2,1,0,0,0,1,1,5,6,2,24,5,1591,1,4,KIA SPORTAGE,2,E01021486,0,-1
2020052001321,2020,052001321,1,9,0,9,9,3,1,0,0,8,0,0,0,0,1,1,6,6,2,31,6,1591,1,2,KIA SPORTAGE,1,E01007289,0,-1
2020990960676,2020,990960676,2,9,0,3,3,4,3,0,0,4,0,0,0,0,2,1,5,6,2,32,6,1591,1,1,KIA SPORTAGE,-1,-1,0,-1
2020070228414,2020,070228414,1,9,0,18,19,5,1,0,0,1,0,0,0,0,1,1,6,6,1,-1,-1,1591,1,3,KIA SPORTAGE,-1,-1,0,-1
2020460997962,2020,460997962,2,9,0,18,19,1,5,0,0,0,0,0,0,0,3,1,6,6,2,48,8,1995,2,3,KIA SPORTAGE,4,E01024620,0,-1
2020010256232,2020,010256232,1,9,0,99,99,9,9,99,99,9,9,99,9,99,2,9,6,6,2,40,7,1598,2,2,KIA SPORTAGE,7,E01000234,0,-1
2020340D04202,2020,340D04202,1,9,0,13,13,3,7,0,0,0,0,0,0,0,3,1,6,6,1,24,5,1995,2,9,KIA SPORTAGE,7,E01032892,0,-1
2020360982639,2020,360982639,1,9,0,4,4,1,5,0,0,0,0,0,0,0,1,1,5,6,1,63,9,1598,2,2,KIA SPORTAGE,9,E01017551,0,-1
2020370971072,2020,370971072,1,9,0,18,19,3,4,0,0,0,0,0,0,0,4,1,5,6,1,72,10,1685,2,7,KIA SPORTAGE,9,E01018013,0,-1
2020052000050,2020,052000050,1,9,0,7,7,7,3,0,0,8,0,0,0,0,1,1,6,6,1,63,9,1685,2,2,KIA SPORTAGE,2,E01006845,0,-1
2020010262825,2020,010262825,1,9,0,99,99,9,9,99,99,9,9,99,9,99,2,9,6,6,2,38,7,1598,2,1,KIA SPORTAGE,4,E01003608,0,-1
202006A378011,2020,06A378011,1,9,0,18,19,8,4,0,0,8,0,0,0,0,1,1,6,6,1,26,6,1685,2,6,KIA SPORTAGE,1,E01005196,0,-1
2020370951786,2020,370951786,1,9,0,18,19,5,1,0,0,0,0,0,0,0,-1,1,5,6,1,73,10,1995,2,3,KIA SPORTAGE,9,E01022013,0,-1
20201371B1363,2020,1371B1363,2,9,0,18,19,3,7,0,0,0,0,0,2,0,1,1,6,6,1,69,10,1685,2,3,KIA SPORTAGE,10,E01011213,0,-1
2020990962144,2020,990962144,1,9,0,16,19,1,6,0,0,0,2,0,7,0,1,1,5,6,1,30,6,1591,1,2,KIA SPORTAGE,-1,-1,0,-1
2020040961649,2020,040961649,1,9,0,7,7,5,8,0,0,1,0,0,0,0,1,1,5,6,1,35,6,1591,1,3,KIA SPORTAGE,4,E01025335,0,-1
2020052001489,2020,052001489,2,9,0,10,10,1,7,0,0,1,0,0,0,0,2,1,6,6,1,59,9,1591,1,2,KIA SPORTAGE,7,E01007067,0,-1
2020170S21570,2020,170S21570,1,9,0,9,9,2,8,0,0,8,0,0,0,0,1,1,6,6,2,73,10,1975,1,14,KIA SPORTAGE,9,E01012257,0,-1
2020410971106,2020,410971106,1,9,0,4,4,1,5,0,0,0,5,0,1,4,1,1,1,1,1,43,7,1685,2,3,KIA SPORTAGE,9,E01023747,0,-1
2020200946168,2020,200946168,1,9,0,7,7,2,4,0,0,4,0,0,0,0,1,1,6,6,1,-1,-1,1685,2,3,KIA SPORTAGE,-1,-1,0,-1
2020543894720,2020,543894720,2,9,0,9,9,6,4,0,0,8,0,0,0,0,3,1,6,6,2,48,8,1591,1,1,KIA SPORTAGE,9,E01015482,0,-1
202063B068020,2020,63B068020,2,9,0,16,19,6,1,0,0,0,0,0,7,10,1,1,6,6,1,71,10,1685,2,4,KIA SPORTAGE,6,W01000558,0,-1
2020350995500,2020,350995500,3,9,0,3,3,5,1,0,0,0,0,0,0,0,2,1,6,6,1,50,8,1685,2,6,KIA SPORTAGE,7,E01018227,0,-1
2020470929462,2020,470929462,3,9,0,18,19,7,3,0,0,0,0,0,0,0,0,1,2,2,1,54,8,1685,2,4,KIA SPORTAGE,6,E01031365,0,-1
2020552000870,2020,552000870,2,9,0,4,4,4,8,0,0,1,0,0,0,0,0,1,6,6,1,47,8,1591,1,4,KIA SPORTAGE,-1,-1,0,-1
2020500956968,2020,500956968,2,9,0,16,19,8,4,0,0,0,0,0,0,0,1,1,5,6,1,33,6,1591,1,2,KIA SPORTAGE,4,E01018969,0,-1
2020140959023,2020,140959023,2,9,0,9,9,3,1,0,0,1,0,0,0,0,2,1,5,6,1,39,7,1995,2,9,KIA SPORTAGE,7,E01007589,0,-1
2020990932925,2020,990932925,1,9,0,17,19,5,1,0,0,0,0,0,1,4,1,1,5,6,1,72,10,1591,1,6,KIA SPORTAGE,6,-1,0,-1