collision_index,collision_year,collision_ref_no,vehicle_reference,vehicle_type,towing_and_articulation,vehicle_manoeuvre_historic,vehicle_manoeuvre,vehicle_direction_from,vehicle_direction_to,vehicle_location_restricted_lane_historic,vehicle_location_restricted_lane,junction_location,skidding_and_overturning,hit_object_in_carriageway,vehicle_leaving_carriageway,hit_object_off_carriageway,first_point_of_impact,vehicle_left_hand_drive,journey_purpose_of_driver_historic,journey_purpose_of_driver,sex_of_driver,age_of_driver,age_band_of_driver,engine_capacity_cc,propulsion_code,age_of_vehicle,generic_make_model,driver_imd_decile,lsoa_of_driver,escooter_flag,driver_distance_banding
2020101000061,2020,101000061,1,9,0,18,19,3,7,0,0,1,0,0,0,0,4,1,6,6,2,60,9,1598,1,17,TOYOTA COROLLA,-1,-1,0,-1
2020137BD1350,2020,137BD1350,1,9,0,9,9,8,5,0,0,2,0,0,0,0,1,1,6,6,1,36,7,1398,1,15,TOYOTA COROLLA,2,E01011259,0,-1
2020052001326,2020,052001326,1,9,0,18,19,5,1,0,0,1,0,0,0,0,1,1,6,6,1,67,10,1398,1,19,TOYOTA COROLLA,8,E01004918,0,-1
2020200991143,2020,200991143,2,9,0,18,19,3,7,0,0,0,0,0,0,0,2,1,6,6,1,29,6,1995,2,15,TOYOTA COROLLA,1,E01010374,0,-1
2020200957562,2020,200957562,2,9,0,5,5,4,8,0,0,6,0,0,0,0,3,1,6,6,1,29,6,1794,1,12,TOYOTA COROLLA,2,E01009891,0,-1
2020430062871,2020,430062871,1,9,0,18,19,4,6,0,0,1,0,0,0,0,1,1,6,6,2,49,8,1598,1,14,TOYOTA COROLLA,-1,-1,0,-1
2020460939102,2020,460939102,1,9,0,7,7,1,3,9,9,5,0,0,0,0,1,1,5,6,1,81,11,1598,1,16,TOYOTA COROLLA,9,E01024821,0,-1
2020440367070,2020,440367070,1,9,0,18,19,2,6,0,0,8,0,0,0,0,1,1,6,6,1,60,9,1598,1,16,TOYOTA COROLLA,1,E01017103,0,-1
2020501005745,2020,501005745,2,9,0,18,19,5,1,0,0,0,0,0,0,0,1,1,1,1,1,50,8,1987,8,1,TOYOTA COROLLA,1,E01015232,0,-1
202006E271148,2020,06E271148,1,9,0,18,19,5,1,0,0,1,0,0,0,0,1,1,6,6,1,29,6,1995,2,17,TOYOTA COROLLA,1,E01005287,0,-1
2020010272716,2020,010272716,2,9,0,99,99,9,9,99,99,9,9,99,9,99,2,9,1,1,1,42,7,1798,8,1,TOYOTA COROLLA,1,E01004674,0,-1
2020010242896,2020,010242896,1,9,0,18,19,3,7,0,0,1,0,0,0,0,1,1,6,6,1,60,9,1598,1,14,TOYOTA COROLLA,-1,-1,0,-1
2020010254515,2020,010254515,2,9,0,99,99,9,9,99,99,9,9,99,9,99,1,1,6,6,3,-1,-1,1798,8,1,TOYOTA COROLLA,2,E01001860,0,-1
2020070646903,2020,070646903,1,9,0,3,3,2,6,0,0,0,0,0,0,0,4,1,6,6,3,-1,-1,1798,8,0,TOYOTA COROLLA,-1,-1,0,-1
2020010260628,2020,010260628,1,9,0,7,7,1,3,0,0,3,0,0,0,0,4,1,6,6,2,25,5,1364,2,16,TOYOTA COROLLA,2,E01004211,0,-1
2020010278767,2020,010278767,1,9,0,2,2,0,0,6,6,0,0,4,0,0,2,1,6,6,3,-1,-1,1598,1,14,TOYOTA COROLLA,-1,-1,0,-1
2020200969885,2020,200969885,2,9,0,2,2,0,0,0,0,0,0,0,0,0,3,1,1,1,1,37,7,1794,7,12,TOYOTA COROLLA,6,E01009961,0,-1
2020010258583,2020,010258583,1,9,0,9,9,7,5,0,0,1,0,0,0,0,1,1,6,6,2,43,7,1598,1,17,TOYOTA COROLLA,2,E01001152,0,-1
2020440468714,2020,440468714,1,9,0,18,19,8,4,0,0,0,0,0,0,0,1,1,6,6,2,95,11,1598,1,19,TOYOTA COROLLA,9,E01022929,0,-1
202063D059420,2020,63D059420,1,9,0,18,19,8,4,0,0,0,0,0,7,3,1,1,6,6,1,72,10,1398,1,18,TOYOTA COROLLA,5,W01000537,0,-1
2020360955247,2020,360955247,4,9,0,4,4,5,1,0,0,1,0,0,0,0,2,1,6,6,2,-1,-1,1364,2,14,TOYOTA COROLLA,8,E01026691,0,-1
2020410977824,2020,410977824,1,9,0,13,13,6,2,0,0,0,0,0,0,0,1,1,5,6,1,58,9,1798,8,1,TOYOTA COROLLA,10,E01033024,0,-1
2020122000299,2020,122000299,1,9,0,9,9,4,2,0,0,3,0,0,0,0,1,1,6,6,2,65,9,1398,1,17,TOYOTA COROLLA,4,E01013359,0,-1
2020010268091,2020,010268091,1,9,9,18,19,4,8,0,0,0,0,0,0,0,1,9,6,6,1,54,8,1598,1,11,TOYOTA COROLLA,3,E01003431,0,-1
2020010277077,2020,010277077,2,9,0,3,3,1,5,0,0,1,0,0,0,0,2,1,6,6,1,-1,-1,1794,1,13,TOYOTA COROLLA,3,E01000630,0,-1
2020461003291,2020,461003291,1,9,0,18,19,3,7,0,0,0,0,4,0,0,4,1,6,6,1,37,7,1598,1,16,TOYOTA COROLLA,8,E01024158,0,-1
2020522003816,2020,522003816,2,9,0,18,19,7,3,0,0,1,0,0,0,0,1,1,6,6,3,-1,-1,1794,1,15,TOYOTA COROLLA,-1,-1,0,-1
2020030957947,2020,030957947,1,9,0,18,19,7,3,0,0,8,0,0,0,0,1,1,6,6,1,19,4,1987,8,0,TOYOTA COROLLA,6,E01006941,0,-1
2020991009421,2020,991009421,2,9,0,18,19,7,3,0,0,1,0,0,0,0,1,1,6,6,1,26,6,1798,8,1,TOYOTA COROLLA,3,E01007049,0,-1
2020010262704,2020,010262704,4,9,0,2,2,0,0,0,0,1,0,0,0,0,1,1,6,6,3,-1,-1,1598,1,18,TOYOTA COROLLA,-1,-1,0,-1
2020200948113,2020,200948113,1,9,0,18,19,3,7,0,0,0,0,0,0,0,1,1,6,6,2,41,7,1598,1,15,TOYOTA COROLLA,2,E01009090,0,-1
2020411013985,2020,411013985,2,9,0,6,6,1,3,0,0,4,0,0,0,0,3,1,6,6,1,39,7,1398,1,15,TOYOTA COROLLA,4,E01015784,0,-1
2020010239786,2020,010239786,7,9,0,2,2,0,0,0,0,1,0,0,0,0,4,1,6,6,3,-1,-1,1398,1,15,TOYOTA COROLLA,-1,-1,0,-1
2020010267576,2020,010267576,1,9,0,4,4,5,1,0,0,1,0,10,0,0,3,1,1,1,1,48,8,1798,8,1,TOYOTA COROLLA,2,E01016035,0,-1
2020010260935,2020,010260935,2,9,0,2,2,0,0,0,0,0,0,0,0,0,3,1,6,6,3,-1,-1,1798,8,1,TOYOTA COROLLA,-1,-1,0,-1
2020010269764,2020,010269764,1,9,0,7,7,5,8,0,0,1,0,0,0,0,2,1,6,6,2,60,9,1598,1,16,TOYOTA COROLLA,2,E01003305,0,-1
2020070240246,2020,070240246,1,9,0,18,19,7,3,0,0,1,0,0,0,0,1,1,6,6,1,30,6,1987,8,1,TOYOTA COROLLA,4,E01012521,0,-1
2020201025937,2020,201025937,2,9,0,18,19,2,6,0,0,1,0,0,0,0,1,1,6,6,1,43,7,1598,1,15,TOYOTA COROLLA,-1,-1,0,-1
2020460938907,2020,460938907,2,9,0,18,19,5,1,0,0,1,0,0,7,0,1,1,6,6,2,64,9,1398,1,14,TOYOTA COROLLA,10,E01024449,0,-1
2020430054435,2020,430054435,2,9,0,18,19,6,2,0,0,0,0,0,4,0,2,1,6,6,1,45,7,1598,1,14,TOYOTA COROLLA,10,E01028711,0,-1
20201377C0821,2020,1377C0821,2,9,0,18,19,6,2,0,0,0,0,0,0,0,4,1,6,6,2,81,11,1398,1,13,TOYOTA COROLLA,3,E01011903,0,-1
2020010243482,2020,010243482,2,9,0,99,99,9,9,99,99,9,9,99,9,99,9,9,6,6,3,-1,-1,1794,1,12,TOYOTA COROLLA,3,E01000718,0,-1
2020340S05082,2020,340S05082,1,9,0,18,19,1,5,0,0,2,5,0,1,4,1,1,6,6,1,47,8,1598,1,14,TOYOTA COROLLA,9,E01028738,0,-1
202006K167251,2020,06K167251,1,8,0,18,19,3,7,0,0,1,0,0,0,0,1,1,6,6,1,46,8,1995,2,15,TOYOTA COROLLA,1,E01004851,0,-1
2020040996873,2020,040996873,1,9,0,18,19,4,4,0,0,0,0,0,0,0,1,1,6,6,1,43,7,1598,1,18,TOYOTA COROLLA,3,E01012606,0,-1
2020500987669,2020,500987669,2,9,0,10,10,4,8,0,0,0,0,0,0,0,2,1,5,6,1,23,5,1332,1,22,TOYOTA COROLLA,5,E01020296,0,-1
2020500952616,2020,500952616,1,9,0,16,19,3,6,0,0,0,0,0,0,0,1,1,6,6,1,53,8,1364,2,16,TOYOTA COROLLA,8,E01020023,0,-1
202006E170625,2020,06E170625,2,9,0,18,19,1,5,0,0,8,0,0,0,0,3,1,2,2,2,36,7,1794,1,15,TOYOTA COROLLA,-1,-1,0,-1
202031B123020,2020,31B123020,2,9,0,18,19,3,7,0,0,8,0,0,0,0,3,1,6,6,2,53,8,1398,1,14,TOYOTA COROLLA,2,E01028053,0,-1
2020460972047,2020,460972047,1,9,0,18,19,7,3,0,0,1,1,0,0,0,4,1,2,2,1,41,7,1598,1,18,TOYOTA COROLLA,1,E01024660,0,-1
202006G271792,2020,06G271792,1,9,0,9,9,4,2,0,0,5,0,0,0,0,4,1,6,6,1,30,6,1197,1,1,TOYOTA COROLLA,-1,-1,0,-1
2020430237585,2020,430237585,1,9,0,18,19,7,3,0,0,0,0,0,0,0,1,1,6,6,1,74,10,1598,1,18,TOYOTA COROLLA,6,E01028757,0,-1
2020332000147,2020,332000147,3,9,0,18,19,2,6,0,0,0,0,0,0,0,2,1,2,2,1,29,6,1398,1,16,TOYOTA COROLLA,3,E01013626,0,-1
2020010231961,2020,010231961,1,9,0,9,9,3,1,0,0,8,0,0,0,0,1,1,6,6,1,25,5,1798,8,1,TOYOTA COROLLA,2,E01004197,0,-1
2020010232316,2020,010232316,1,9,0,2,2,0,0,0,0,2,0,0,0,0,3,1,6,6,3,-1,-1,1794,1,14,TOYOTA COROLLA,-1,-1,0,-1
2020010234369,2020,010234369,1,9,0,9,9,3,1,0,0,8,0,0,0,0,1,1,6,6,1,45,7,1598,1,15,TOYOTA COROLLA,6,E01001342,0,-1
2020010272254,2020,010272254,2,9,0,9,9,1,7,0,0,1,0,0,0,0,3,1,6,6,2,33,6,1398,1,15,TOYOTA COROLLA,8,E01001568,0,-1
2020522100307,2020,522100307,2,9,0,9,9,6,3,0,0,8,0,0,0,0,3,1,6,6,3,33,6,1598,1,20,TOYOTA COROLLA,8,E01014634,0,-1
2020122000257,2020,122000257,1,9,0,4,4,8,4,0,0,0,0,0,0,0,2,1,1,1,1,65,9,1987,8,1,TOYOTA COROLLA,6,E01012940,0,-1
2020200919952,2020,200919952,2,9,0,18,19,3,7,0,0,8,0,0,0,0,3,1,6,6,1,52,8,2231,2,14,TOYOTA COROLLA,1,E01009326,0,-1
2020440448835,2020,440448835,1,9,0,2,2,0,0,0,0,0,0,0,0,0,1,1,1,1,3,-1,-1,1794,1,14,TOYOTA COROLLA,-1,-1,0,-1
2020220995684,2020,220995684,1,9,0,7,7,4,6,0,0,6,0,0,0,0,1,1,5,6,1,28,6,1987,8,1,TOYOTA COROLLA,5,E01032354,0,-1
2020141002350,2020,141002350,3,9,0,2,2,0,0,6,6,1,0,0,1,0,1,1,6,6,3,-1,-1,2231,2,13,TOYOTA COROLLA,-1,-1,0,-1
2020010278586,2020,010278586,1,9,0,9,9,3,1,0,0,6,0,0,0,0,1,1,2,2,1,39,7,1598,1,16,TOYOTA COROLLA,3,E01001000,0,-1
2020100993754,2020,100993754,1,9,0,17,19,7,4,0,0,0,0,0,0,0,1,1,2,2,1,30,6,1598,1,15,TOYOTA COROLLA,3,E01008168,0,-1
2020137AC1514,2020,137AC1514,1,9,0,1,1,7,3,0,0,0,0,0,0,0,2,1,6,6,3,-1,-1,1398,1,13,TOYOTA COROLLA,1,E01010674,0,-1
2020160985841,2020,160985841,1,9,0,18,19,5,1,0,0,0,0,0,4,6,1,1,6,6,1,65,9,1364,2,14,TOYOTA COROLLA,7,E01013270,0,-1
2020201023053,2020,201023053,2,9,0,9,9,8,6,0,0,5,0,0,0,0,1,1,6,6,1,-1,-1,1995,2,17,TOYOTA COROLLA,-1,-1,0,-1
2020010257125,2020,010257125,2,8,0,3,3,5,1,0,0,0,0,0,0,0,4,1,1,1,1,34,6,1798,8,1,TOYOTA COROLLA,5,E01004307,0,-1
2020470990933,2020,470990933,1,9,0,9,9,1,7,0,0,5,0,0,0,0,1,1,6,6,1,88,11,1398,1,15,TOYOTA COROLLA,5,E01031807,0,-1
202006A378162,2020,06A378162,1,9,0,4,4,6,2,0,0,8,0,0,0,0,1,1,6,6,1,67,10,1975,2,22,TOYOTA COROLLA,4,E01005171,0,-1
2020010228810,2020,010228810,2,9,0,8,8,3,4,0,0,6,0,0,0,0,1,1,6,6,1,52,8,1995,2,15,TOYOTA COROLLA,4,E01001404,0,-1
2020991012275,2020,991012275,1,9,0,18,19,2,6,0,0,0,5,0,1,0,1,1,5,6,1,41,7,1598,1,14,TOYOTA COROLLA,7,-1,0,-1
2020200987362,2020,200987362,7,9,0,2,2,0,0,9,9,0,0,0,0,0,1,1,5,6,1,51,8,1598,1,16,TOYOTA COROLLA,4,E01009231,0,-1
2020230964203,2020,230964203,1,9,0,18,19,6,2,0,0,1,0,0,0,0,1,1,5,6,2,48,8,1398,1,20,TOYOTA COROLLA,6,E01031249,0,-1
2020010281729,2020,010281729,1,9,0,18,19,3,7,0,0,0,0,7,0,0,1,1,6,6,1,34,6,1794,1,15,TOYOTA COROLLA,-1,-1,0,-1
2020010270401,2020,010270401,2,9,0,18,19,5,1,0,0,2,0,0,0,0,4,2,6,6,2,54,8,1598,1,18,TOYOTA COROLLA,3,E01004019,0,-1
2020211025589,2020,211025589,2,9,0,18,19,2,7,0,0,1,0,0,0,0,2,1,6,6,1,42,7,2231,2,14,TOYOTA COROLLA,1,E01014251,0,-1
2020010242408,2020,010242408,1,9,0,18,19,5,1,99,99,9,9,0,0,0,1,9,6,6,1,52,8,1598,1,15,TOYOTA COROLLA,1,E01003577,0,-1
20201375M0777,2020,1375M0777,1,9,0,18,19,3,7,0,0,0,0,0,0,0,1,1,1,1,1,62,9,1798,8,1,TOYOTA COROLLA,8,E01011414,0,-1
2020470938686,2020,470938686,1,9,0,18,19,7,2,0,0,0,0,0,0,0,1,1,5,6,2,28,6,1398,1,18,TOYOTA COROLLA,8,E01031603,0,-1
2020010270725,2020,010270725,2,9,0,2,2,0,0,6,6,0,1,0,0,0,3,1,6,6,3,-1,-1,1598,1,14,TOYOTA COROLLA,-1,-1,0,-1
2020141008569,2020,141008569,2,9,0,18,19,1,5,0,0,8,0,0,0,0,1,1,6,6,1,57,9,2231,2,12,TOYOTA COROLLA,1,E01007873,0,-1
2020470970261,2020,470970261,2,9,0,4,4,5,1,0,0,0,0,0,0,0,2,1,2,2,1,32,6,1798,8,1,TOYOTA COROLLA,4,E01020924,0,-1
2020411017963,2020,411017963,3,9,0,5,5,5,1,0,0,3,1,0,0,0,1,1,6,6,2,68,10,1598,1,14,TOYOTA COROLLA,7,E01023888,0,-1
2020010255455,2020,010255455,2,9,0,18,19,4,8,0,0,0,0,0,1,10,1,1,6,6,1,70,10,1398,1,17,TOYOTA COROLLA,9,E01000991,0,-1
2020522004199,2020,522004199,1,9,0,18,19,2,6,0,0,0,0,0,0,0,2,1,6,6,1,42,7,1598,1,18,TOYOTA COROLLA,2,E01014691,0,-1
2020451009061,2020,451009061,1,9,0,18,19,4,6,0,0,2,0,0,0,0,3,1,6,6,1,48,8,1798,8,0,TOYOTA COROLLA,10,E01030966,0,-1
2020470925906,2020,470925906,1,9,0,18,19,6,2,0,0,1,0,0,0,0,4,1,6,6,2,-1,-1,1598,1,14,TOYOTA COROLLA,5,E01016876,0,-1
2020400955565,2020,400955565,2,9,0,5,5,7,3,0,0,1,0,0,0,0,1,1,5,6,1,22,5,1364,2,14,TOYOTA COROLLA,1,E01015729,0,-1
2020990931534,2020,990931534,2,9,0,4,4,8,4,0,0,0,0,0,0,0,2,1,5,6,1,22,5,1794,1,11,TOYOTA COROLLA,10,-1,0,-1
2020141010128,2020,141010128,1,9,0,9,9,2,8,0,0,5,0,0,0,0,4,1,6,6,1,36,7,1398,1,16,TOYOTA COROLLA,1,E01007769,0,-1
2020531009017,2020,531009017,1,9,0,18,19,-1,-1,0,0,0,0,0,0,0,4,1,6,6,1,63,9,1598,1,16,TOYOTA COROLLA,10,E01022415,0,-1
2020010235908,2020,010235908,2,9,0,99,99,9,9,99,99,9,9,99,9,99,9,9,6,6,3,43,7,1598,1,15,TOYOTA COROLLA,3,E01004212,0,-1
2020231017555,2020,231017555,1,9,0,18,19,4,8,0,0,0,0,0,5,6,3,1,5,6,1,40,7,1398,1,15,TOYOTA COROLLA,3,E01009619,0,-1
2020420967981,2020,420967981,1,9,0,5,5,2,7,0,0,6,0,0,0,0,1,1,2,2,1,63,9,1197,1,1,TOYOTA COROLLA,5,E01021415,0,-1
2020450970143,2020,450970143,2,9,0,18,19,1,5,0,0,0,0,0,0,0,1,1,5,6,2,62,9,2231,2,15,TOYOTA COROLLA,8,E01030490,0,-1
2020160978075,2020,160978075,1,9,0,7,7,4,6,0,0,0,0,0,0,0,1,1,6,6,1,-1,-1,1398,1,15,TOYOTA COROLLA,-1,-1,0,-1
2020990932937,2020,990932937,1,9,0,9,9,3,8,0,0,5,0,0,0,0,1,1,6,6,2,42,7,1598,1,17,TOYOTA COROLLA,3,-1,0,-1
2020010262177,2020,010262177,3,9,0,2,2,0,0,0,0,2,0,0,0,0,2,1,6,6,3,-1,-1,1794,1,12,TOYOTA COROLLA,-1,-1,0,-1
2020010250536,2020,010250536,2,9,0,99,99,9,9,99,99,0,9,99,9,99,9,9,6,6,3,-1,-1,1398,1,14,TOYOTA COROLLA,-1,-1,0,-1
2020010237694,2020,010237694,2,9,0,99,99,9,9,99,99,0,9,99,9,99,1,9,6,6,3,-1,-1,1398,1,16,TOYOTA COROLLA,7,E01023556,0,-1
2020010272257,2020,010272257,1,9,0,99,99,9,9,99,99,0,9,99,9,99,2,9,6,6,3,55,8,1598,1,13,TOYOTA COROLLA,5,E01001685,0,-1
2020201031614,2020,201031614,1,9,0,4,4,3,8,0,0,1,0,0,0,0,1,1,6,6,1,22,5,1798,8,0,TOYOTA COROLLA,1,E01008905,0,-1
2020201020324,2020,201020324,2,9,0,4,4,4,8,0,0,0,0,0,0,0,2,1,3,7,2,35,6,1794,1,16,TOYOTA COROLLA,1,E01033637,0,-1
2020340N08172,2020,340N08172,1,9,0,18,19,5,1,0,0,0,0,0,0,0,0,1,1,1,2,52,8,1794,1,13,TOYOTA COROLLA,1,E01027199,0,-1
2020122000369,2020,122000369,1,9,0,12,12,5,2,0,0,0,0,0,7,9,3,1,6,6,2,50,8,1598,1,16,TOYOTA COROLLA,8,E01027588,0,-1
2020991004541,2020,991004541,1,9,0,7,7,2,5,0,0,1,0,0,0,0,1,1,6,6,1,36,7,1796,1,17,TOYOTA COROLLA,1,-1,0,-1
2020340W09112,2020,340W09112,1,9,0,16,19,1,3,0,0,5,0,0,7,4,1,1,6,6,1,26,6,1798,8,1,TOYOTA COROLLA,4,E01027313,0,-1
2020010270612,2020,010270612,1,9,0,9,9,3,8,0,0,1,0,0,0,0,3,1,6,6,2,52,8,1587,1,22,TOYOTA COROLLA,5,E01000583,0,-1
2020010262597,2020,010262597,1,9,0,1,1,6,2,0,0,1,0,7,0,0,3,1,6,6,1,54,8,1398,1,15,TOYOTA COROLLA,-1,-1,0,-1
202006K171869,2020,06K171869,2,9,0,18,19,8,4,0,0,1,0,0,0,0,3,1,6,6,2,37,7,2231,2,12,TOYOTA COROLLA,8,E01005001,0,-1
20201376K1681,2020,1376K1681,1,9,0,18,19,6,2,0,0,1,0,0,4,6,4,1,1,1,1,61,9,1364,2,14,TOYOTA COROLLA,1,E01010731,0,-1
2020010267999,2020,010267999,1,9,0,18,19,3,7,0,0,5,0,0,0,0,4,1,6,6,1,47,8,1598,1,17,TOYOTA COROLLA,2,E01003566,0,-1
2020360995326,2020,360995326,1,9,0,9,9,4,1,0,0,1,0,7,0,0,1,1,6,6,1,39,7,1798,8,1,TOYOTA COROLLA,7,E01026528,0,-1
2020302000880,2020,302000880,3,9,0,18,19,6,2,0,0,0,0,0,0,0,4,1,6,6,1,28,6,1398,1,16,TOYOTA COROLLA,1,E01007919,0,-1
2020552001037,2020,552001037,2,9,0,18,19,7,3,0,0,8,0,0,0,0,1,1,6,6,2,52,8,1794,1,15,TOYOTA COROLLA,6,E01020083,0,-1
2020010268476,2020,010268476,1,9,0,7,7,1,4,0,0,5,0,0,0,0,1,2,2,2,1,21,5,1598,1,14,TOYOTA COROLLA,7,E01003407,0,-1
2020010278214,2020,010278214,2,9,0,99,99,9,9,99,99,9,9,99,9,99,1,9,6,6,3,51,8,1794,1,16,TOYOTA COROLLA,1,E01001729,0,-1
2020100928823,2020,100928823,1,9,0,18,19,1,5,0,0,0,0,0,0,0,1,1,2,2,1,22,5,1598,1,16,TOYOTA COROLLA,2,E01020645,0,-1
2020040960758,2020,040960758,1,9,0,18,19,1,5,0,0,0,0,0,0,0,1,1,5,6,1,20,4,1398,1,16,TOYOTA COROLLA,1,E01024878,0,-1
2020340D02762,2020,340D02762,1,9,0,18,19,1,5,0,0,0,0,0,0,0,1,1,6,6,2,27,6,1598,1,14,TOYOTA COROLLA,2,E01031092,0,-1
2020430442079,2020,430442079,1,9,0,11,11,8,4,0,0,0,1,0,2,7,1,1,6,6,2,23,5,1598,1,15,TOYOTA COROLLA,5,E01000211,0,-1
2020351013322,2020,351013322,1,9,0,12,12,5,3,0,0,1,0,0,0,0,3,1,1,1,1,45,7,1987,8,1,TOYOTA COROLLA,5,E01015591,0,-1
20201371M1042,2020,1371M1042,2,9,0,18,19,3,7,0,0,0,0,0,0,0,1,1,6,6,1,28,6,1587,1,20,TOYOTA COROLLA,2,E01011235,0,-1
20201371A1071,2020,1371A1071,1,9,0,18,19,8,4,0,0,1,0,0,0,0,1,1,6,6,1,42,7,1794,1,13,TOYOTA COROLLA,1,E01011471,0,-1
2020201009914,2020,201009914,1,9,0,18,19,8,4,0,0,0,1,0,0,0,1,1,6,6,1,23,5,1332,1,21,TOYOTA COROLLA,2,E01009405,0,-1
2020430151670,2020,430151670,1,9,5,4,4,7,3,0,0,1,0,0,0,0,1,1,1,1,1,42,7,1598,1,15,TOYOTA COROLLA,5,E01028468,0,-1
2020010279321,2020,010279321,1,9,0,18,19,5,1,0,0,0,0,0,0,0,2,1,6,6,1,41,7,1364,2,14,TOYOTA COROLLA,7,E01015967,0,-1
2020010265634,2020,010265634,2,9,0,99,99,9,9,99,99,9,9,99,9,99,1,9,6,6,2,19,4,1398,1,17,TOYOTA COROLLA,4,E01016485,0,-1
2020200990241,2020,200990241,2,9,0,18,19,8,4,0,0,8,0,0,0,0,1,1,5,6,1,46,8,1995,2,13,TOYOTA COROLLA,4,E01009590,0,-1
2020052000332,2020,052000332,2,9,0,18,19,1,5,0,0,1,0,0,0,0,3,1,6,6,1,20,4,1398,1,15,TOYOTA COROLLA,3,E01006533,0,-1
2020220971831,2020,220971831,4,9,0,18,19,6,2,0,0,0,0,0,0,0,1,1,2,2,2,44,7,1798,8,1,TOYOTA COROLLA,3,E01032310,0,-1
2020122000854,2020,122000854,1,9,0,9,9,1,7,0,0,6,0,0,0,0,1,1,2,2,2,19,4,1598,1,16,TOYOTA COROLLA,9,E01013422,0,-1
202063D010620,2020,63D010620,3,9,0,2,2,0,0,0,0,0,0,0,0,0,3,1,6,6,1,66,10,1398,1,17,TOYOTA COROLLA,8,W01001897,0,-1
2020320118412,2020,320118412,1,9,0,6,6,3,6,0,0,8,5,0,8,10,1,1,6,6,2,23,5,1197,1,1,TOYOTA COROLLA,6,E01026330,0,-1
2020122000553,2020,122000553,1,9,0,16,19,5,1,0,0,0,0,0,0,0,3,1,6,6,1,70,10,1598,1,19,TOYOTA COROLLA,5,E01010849,0,-1
2020010247805,2020,010247805,2,9,0,18,19,2,6,0,0,0,0,0,0,0,1,1,6,6,3,-1,-1,1598,1,15,TOYOTA COROLLA,5,E01004275,0,-1
2020010231188,2020,010231188,1,9,0,11,11,3,7,0,0,1,0,0,0,0,4,1,6,6,1,40,7,1398,1,19,TOYOTA COROLLA,9,E01033613,0,-1
202006K276065,2020,06K276065,1,9,0,18,19,4,8,0,0,1,0,0,0,0,1,1,1,1,1,29,6,1398,1,14,TOYOTA COROLLA,10,E01032486,0,-1
2020010243858,2020,010243858,3,9,0,2,2,0,0,0,0,0,0,0,0,0,2,1,6,6,3,-1,-1,1798,8,1,TOYOTA COROLLA,-1,-1,0,-1
2020010271294,2020,010271294,1,9,0,7,7,7,2,0,0,6,0,0,0,0,3,1,6,6,1,45,7,1798,8,1,TOYOTA COROLLA,-1,-1,0,-1
2020460983500,2020,460983500,2,9,0,18,19,4,8,0,0,0,0,0,0,0,2,1,5,6,1,36,7,1798,8,1,TOYOTA COROLLA,9,E01023299,0,-1
2020140938988,2020,140938988,2,9,0,18,19,4,8,0,0,1,0,0,0,0,1,1,6,6,1,27,6,1798,8,1,TOYOTA COROLLA,9,E01007617,0,-1
2020010268679,2020,010268679,1,9,0,9,9,5,2,0,0,1,0,0,0,0,2,1,6,6,1,47,8,1798,8,1,TOYOTA COROLLA,1,E01004245,0,-1
2020549321220,2020,549321220,1,9,0,9,9,1,5,0,0,0,0,0,0,0,1,1,2,2,1,23,5,1995,2,17,TOYOTA COROLLA,9,E01031888,0,-1
2020010273704,2020,010273704,1,8,0,99,99,9,9,99,99,9,9,99,9,99,2,9,6,6,1,39,7,1798,8,1,TOYOTA COROLLA,2,E01003607,0,-1
2020210975407,2020,210975407,2,9,0,3,3,6,2,0,0,1,0,0,0,0,2,1,6,6,2,37,7,1798,8,1,TOYOTA COROLLA,5,E01014369,0,-1
2020010267829,2020,010267829,1,8,0,99,99,9,9,99,99,9,9,99,9,99,2,9,6,6,1,31,6,1798,8,0,TOYOTA COROLLA,2,E01026633,0,-1
202006K169002,2020,06K169002,2,9,0,18,19,1,5,0,0,1,0,0,0,0,2,1,6,6,1,39,7,2231,2,14,TOYOTA COROLLA,1,E01004866,0,-1
2020010231845,2020,010231845,1,9,0,99,99,9,9,99,99,9,9,99,9,99,9,9,6,6,1,30,6,1798,8,1,TOYOTA COROLLA,1,E01001364,0,-1
2020461009521,2020,461009521,1,9,0,18,19,4,8,0,0,0,0,0,0,0,1,1,6,6,1,55,8,1587,1,21,TOYOTA COROLLA,1,E01016024,0,-1
2020460932086,2020,460932086,2,9,0,3,3,3,7,0,0,1,0,0,0,0,3,1,6,6,1,64,9,1598,1,15,TOYOTA COROLLA,10,E01024725,0,-1
20201378R1839,2020,1378R1839,1,9,0,5,5,4,2,0,0,6,0,0,0,0,1,1,6,6,2,41,7,1398,1,15,TOYOTA COROLLA,1,E01011434,0,-1
202031C148420,2020,31C148420,1,9,0,18,19,5,1,0,0,2,0,0,0,0,3,1,6,6,2,41,7,2231,2,12,TOYOTA COROLLA,2,E01013872,0,-1
202006Q168790,2020,06Q168790,2,9,0,18,19,2,6,0,0,0,0,0,0,0,1,1,6,6,1,44,7,1798,8,0,TOYOTA COROLLA,3,E01011261,0,-1
2020010248859,2020,010248859,1,8,0,99,99,9,9,99,99,9,9,99,9,99,1,9,6,6,3,-1,-1,1798,8,1,TOYOTA COROLLA,-1,-1,0,-1