collision_index,collision_year,collision_ref_no,vehicle_reference,vehicle_type,towing_and_articulation,vehicle_manoeuvre_historic,vehicle_manoeuvre,vehicle_direction_from,vehicle_direction_to,vehicle_location_restricted_lane_historic,vehicle_location_restricted_lane,junction_location,skidding_and_overturning,hit_object_in_carriageway,vehicle_leaving_carriageway,hit_object_off_carriageway,first_point_of_impact,vehicle_left_hand_drive,journey_purpose_of_driver_historic,journey_purpose_of_driver,sex_of_driver,age_of_driver,age_band_of_driver,engine_capacity_cc,propulsion_code,age_of_vehicle,generic_make_model,driver_imd_decile,lsoa_of_driver,escooter_flag,driver_distance_banding
20201374O1465,2020,1374O1465,1,9,0,10,10,1,7,0,0,8,0,0,0,0,4,1,6,6,1,46,8,1398,1,15,TOYOTA COROLLA,1,E01010841,0,-1
2020200944859,2020,200944859,2,9,0,18,19,-1,-1,0,0,0,1,0,0,0,3,1,6,6,1,50,8,1794,1,15,TOYOTA COROLLA,-1,-1,0,-1
2020010234030,2020,010234030,1,9,0,18,19,5,1,0,0,8,1,7,0,0,3,1,2,2,1,56,9,1798,8,1,TOYOTA COROLLA,4,E01021293,0,-1
2020230987636,2020,230987636,3,9,0,9,9,6,4,0,0,8,0,0,0,0,2,1,2,2,2,29,6,1794,1,16,TOYOTA COROLLA,1,E01032890,0,-1
2020211027396,2020,211027396,1,9,0,17,19,7,3,0,0,0,0,0,0,0,1,1,1,1,1,46,8,1398,1,20,TOYOTA COROLLA,1,E01014231,0,-1
2020010240243,2020,010240243,2,9,0,10,10,3,2,0,0,1,0,0,8,2,4,1,6,6,1,44,7,1598,1,15,TOYOTA COROLLA,8,E01015970,0,-1
2020010265932,2020,010265932,1,9,0,99,99,9,9,99,99,0,9,99,9,99,3,9,6,6,2,69,10,1598,1,15,TOYOTA COROLLA,9,E01030768,0,-1
2020411002559,2020,411002559,2,9,0,18,19,3,7,0,0,0,1,0,1,7,4,1,6,6,2,31,6,1598,1,15,TOYOTA COROLLA,3,E01015731,0,-1
2020470928315,2020,470928315,1,9,0,13,13,2,6,0,0,0,0,0,0,0,-1,1,6,6,1,65,9,1598,1,13,TOYOTA COROLLA,9,E01030521,0,-1
2020137BS0303,2020,137BS0303,1,9,0,11,11,3,7,0,0,1,0,0,0,0,1,1,6,6,1,37,7,2231,2,14,TOYOTA COROLLA,1,E01011746,0,-1
2020010241760,2020,010241760,1,9,0,18,19,7,3,0,0,0,0,4,0,0,1,1,6,6,2,52,8,1794,1,16,TOYOTA COROLLA,6,E01001570,0,-1
2020500934930,2020,500934930,1,9,0,5,5,1,5,0,0,0,0,0,0,0,2,1,6,6,1,53,8,1798,8,1,TOYOTA COROLLA,3,E01018998,0,-1
202031C176020,2020,31C176020,1,9,0,18,19,1,5,0,0,1,2,10,0,0,4,1,6,6,1,37,7,1598,1,15,TOYOTA COROLLA,5,E01028155,0,-1
2020010285986,2020,010285986,1,8,0,99,99,9,9,99,99,1,9,99,9,99,2,9,6,6,1,31,6,1798,8,1,TOYOTA COROLLA,6,E01001597,0,-1
2020010228120,2020,010228120,1,9,0,9,9,3,1,0,0,6,0,0,0,0,1,1,6,6,1,37,7,1398,1,14,TOYOTA COROLLA,2,E01001193,0,-1
202006K170001,2020,06K170001,2,9,0,3,3,6,2,0,0,0,0,0,0,0,2,1,1,1,1,43,7,1794,1,13,TOYOTA COROLLA,1,E01033220,0,-1
2020430103500,2020,430103500,2,9,0,18,19,1,5,0,0,0,0,0,0,0,1,1,1,1,1,42,7,1995,2,13,TOYOTA COROLLA,8,E01028578,0,-1
20201377C1372,2020,1377C1372,1,9,0,8,8,7,3,0,0,8,0,0,0,0,1,1,6,6,2,24,5,1398,1,14,TOYOTA COROLLA,3,E01011014,0,-1
2020220954733,2020,220954733,1,9,0,18,19,3,7,0,0,1,0,0,0,0,1,1,5,6,2,52,8,1987,8,0,TOYOTA COROLLA,9,E01014134,0,-1
20201371A0792,2020,1371A0792,1,9,0,10,10,7,3,0,0,1,0,0,0,0,3,1,6,6,1,43,7,1798,8,1,TOYOTA COROLLA,1,E01011723,0,-1
2020450939068,2020,450939068,1,9,0,18,19,7,3,0,0,0,0,0,5,6,2,1,2,2,1,54,8,1598,1,16,TOYOTA COROLLA,10,E01023715,0,-1
2020410992114,2020,410992114,2,9,0,18,19,7,2,0,0,4,0,0,0,0,1,1,6,6,1,39,7,1798,8,1,TOYOTA COROLLA,6,E01018271,0,-1
2020041002337,2020,041002337,2,9,0,18,19,1,5,0,0,0,0,0,0,0,4,1,6,6,1,66,10,1598,1,17,TOYOTA COROLLA,4,E01027581,0,-1
20201377J0987,2020,1377J0987,2,9,0,18,19,5,1,0,0,8,0,0,0,0,1,1,6,6,2,48,8,1598,1,17,TOYOTA COROLLA,5,E01010923,0,-1
20201379D1181,2020,1379D1181,1,9,0,7,7,5,7,0,0,5,0,0,0,0,4,1,6,6,1,60,9,1398,1,16,TOYOTA COROLLA,2,E01011025,0,-1
2020421000730,2020,421000730,2,9,0,9,9,7,5,0,0,8,0,0,0,0,4,1,5,6,1,47,8,1987,8,1,TOYOTA COROLLA,7,E01022067,0,-1
2020010285509,2020,010285509,2,9,0,5,5,1,5,0,0,1,0,0,3,0,3,2,6,6,2,31,6,1598,1,17,TOYOTA COROLLA,3,E01003315,0,-1
2020622000228,2020,622000228,1,9,0,9,9,4,2,0,0,1,0,0,0,0,4,1,6,6,1,56,9,1794,1,14,TOYOTA COROLLA,8,W01001836,0,-1
2020010229983,2020,010229983,1,9,0,4,4,1,5,0,0,4,0,0,0,0,1,1,2,2,1,63,9,1398,1,14,TOYOTA COROLLA,6,E01002169,0,-1
2020052001174,2020,052001174,2,9,0,18,19,1,5,0,0,8,0,0,0,0,4,1,6,6,1,33,6,2231,2,14,TOYOTA COROLLA,1,E01006844,0,-1
2020340W08882,2020,340W08882,1,9,0,18,19,4,8,0,0,0,0,0,0,0,1,1,2,2,2,19,4,1598,1,15,TOYOTA COROLLA,7,E01027321,0,-1
20201379U1044,2020,1379U1044,1,9,0,5,5,5,7,0,0,8,0,0,0,0,1,1,6,6,2,35,6,1598,1,15,TOYOTA COROLLA,1,E01010666,0,-1
2020010278950,2020,010278950,1,9,0,18,19,5,1,0,0,0,0,0,0,0,4,1,2,2,1,65,9,1598,1,20,TOYOTA COROLLA,7,E01002144,0,-1
2020010236501,2020,010236501,2,9,0,18,19,1,5,0,0,9,0,0,0,0,1,1,6,6,1,-1,-1,1598,1,15,TOYOTA COROLLA,2,E01004233,0,-1
202031C080920,2020,31C080920,2,9,0,10,10,2,8,0,0,1,0,0,0,0,2,1,2,2,1,28,6,1398,1,15,TOYOTA COROLLA,2,E01013845,0,-1
2020140972785,2020,140972785,1,9,0,18,19,1,5,0,0,0,0,0,0,0,4,1,5,6,2,70,10,1598,1,18,TOYOTA COROLLA,3,E01007701,0,-1
2020010253807,2020,010253807,1,9,0,18,19,1,5,0,0,0,0,0,0,0,4,1,6,6,1,33,6,2231,2,13,TOYOTA COROLLA,2,E01001333,0,-1
2020010278620,2020,010278620,2,9,0,99,99,9,9,99,99,9,9,99,9,99,9,9,6,6,3,-1,-1,1794,1,12,TOYOTA COROLLA,4,E01000068,0,-1
2020411013480,2020,411013480,1,9,0,18,19,1,5,0,0,0,2,0,0,0,1,1,2,2,2,46,8,1332,1,21,TOYOTA COROLLA,3,E01016520,0,-1
2020040926862,2020,040926862,1,9,0,18,19,5,1,0,0,1,0,0,0,0,1,1,6,6,3,-1,-1,1332,1,22,TOYOTA COROLLA,-1,-1,0,-1
2020440413517,2020,440413517,2,9,0,5,5,3,7,0,0,8,0,0,0,0,2,1,6,6,1,29,6,1598,1,15,TOYOTA COROLLA,-1,-1,0,-1
2020010233051,2020,010233051,1,9,0,18,19,6,2,0,0,8,0,0,0,0,1,1,6,6,1,66,10,1398,1,15,TOYOTA COROLLA,4,E01003685,0,-1
202006L268479,2020,06L268479,2,9,0,9,9,1,7,0,0,8,0,0,0,6,3,1,6,6,1,58,9,1798,8,1,TOYOTA COROLLA,4,E01012504,0,-1
2020040999240,2020,040999240,1,9,0,18,19,7,3,0,0,0,0,0,0,0,1,1,5,6,1,29,6,1995,2,14,TOYOTA COROLLA,1,E01004823,0,-1
2020010256198,2020,010256198,1,9,0,18,19,1,5,0,0,1,0,0,0,0,1,1,6,6,2,32,6,1598,1,14,TOYOTA COROLLA,2,E01000063,0,-1
2020141008442,2020,141008442,2,9,0,18,19,4,3,0,0,8,0,0,1,10,1,1,6,6,1,49,8,1398,1,18,TOYOTA COROLLA,1,E01007626,0,-1
2020201001736,2020,201001736,2,9,0,18,19,6,2,0,0,8,0,0,0,0,1,1,2,2,1,51,8,1794,1,16,TOYOTA COROLLA,1,E01009404,0,-1
2020201014274,2020,201014274,1,9,0,16,19,2,4,0,0,2,0,0,0,0,3,1,6,6,1,35,6,2231,2,14,TOYOTA COROLLA,1,E01009571,0,-1
20201372Q0286,2020,1372Q0286,1,9,0,18,19,8,4,9,9,0,0,0,1,0,1,1,6,6,2,46,8,1598,1,14,TOYOTA COROLLA,1,E01033697,0,-1
2020010246133,2020,010246133,3,9,0,2,2,0,0,0,0,0,0,0,0,0,0,1,6,6,3,-1,-1,1794,1,15,TOYOTA COROLLA,-1,-1,0,-1
2020010275382,2020,010275382,1,9,0,99,99,9,9,99,99,9,9,99,9,99,2,9,6,6,1,32,6,1398,1,16,TOYOTA COROLLA,2,E01003189,0,-1
2020010267991,2020,010267991,1,8,0,99,99,9,9,99,99,0,9,99,9,99,2,9,6,6,1,23,5,1798,8,1,TOYOTA COROLLA,1,E01004399,0,-1
2020010275606,2020,010275606,2,9,0,10,10,1,7,0,0,1,0,0,0,0,3,1,6,6,1,42,7,1598,1,18,TOYOTA COROLLA,5,E01004527,0,-1
2020420925396,2020,420925396,1,9,0,18,19,3,7,0,0,0,0,0,0,0,1,1,6,6,2,51,8,1598,1,16,TOYOTA COROLLA,4,E01021451,0,-1
2020460924067,2020,460924067,1,9,0,18,19,7,3,0,0,0,0,10,0,0,1,1,5,6,1,30,6,1332,1,23,TOYOTA COROLLA,4,E01016141,0,-1
2020070432032,2020,070432032,2,9,0,18,19,8,5,0,0,3,0,0,0,0,1,1,6,6,1,69,10,1995,2,16,TOYOTA COROLLA,2,E01018522,0,-1
2020432003248,2020,432003248,1,9,0,18,19,6,2,0,0,1,0,0,0,0,1,1,1,1,2,42,7,1598,1,13,TOYOTA COROLLA,10,E01016767,0,-1
2020990925636,2020,990925636,2,9,0,4,4,2,6,0,0,1,0,0,0,0,4,1,3,7,2,38,7,1398,1,16,TOYOTA COROLLA,1,-1,0,-1
2020010263235,2020,010263235,1,9,0,8,8,1,4,0,0,1,0,0,0,0,4,1,6,6,2,47,8,1794,1,17,TOYOTA COROLLA,2,E01001878,0,-1
2020160915337,2020,160915337,1,9,0,18,19,4,8,0,0,0,1,0,0,0,1,1,5,6,1,49,8,1598,1,16,TOYOTA COROLLA,6,E01013036,0,-1
2020010262436,2020,010262436,2,9,0,99,99,9,9,0,0,0,0,0,0,0,9,1,6,6,3,-1,-1,1598,1,14,TOYOTA COROLLA,-1,-1,0,-1
2020010236225,2020,010236225,2,9,0,18,19,6,2,0,0,8,0,0,0,0,4,2,1,1,1,40,7,1987,8,1,TOYOTA COROLLA,7,E01002338,0,-1
202054A800520,2020,54A800520,2,9,0,4,4,7,3,0,0,1,0,0,0,0,2,1,6,6,1,36,7,1398,1,15,TOYOTA COROLLA,2,E01015540,0,-1
202031C150620,2020,31C150620,1,9,0,18,19,1,5,0,0,6,0,0,0,0,1,1,6,6,1,32,6,1398,1,18,TOYOTA COROLLA,1,E01013960,0,-1
2020041005378,2020,041005378,1,9,0,7,7,4,6,0,0,0,0,0,0,0,1,1,2,2,1,42,7,1796,1,15,TOYOTA COROLLA,9,E01024867,0,-1
2020010267353,2020,010267353,1,9,0,4,4,1,5,0,0,1,0,0,0,0,4,1,1,1,1,54,8,1798,8,1,TOYOTA COROLLA,3,E01003976,0,-1
2020160948630,2020,160948630,1,9,0,18,19,6,2,0,0,2,0,0,0,0,3,1,1,1,1,41,7,1798,8,1,TOYOTA COROLLA,6,E01007665,0,-1
2020010246636,2020,010246636,2,9,0,99,99,9,9,99,99,9,9,99,9,99,1,9,6,6,3,-1,-1,1587,1,21,TOYOTA COROLLA,-1,-1,0,-1
2020010271800,2020,010271800,3,8,0,3,3,3,7,0,0,1,0,0,0,0,2,1,6,6,1,30,6,1798,8,1,TOYOTA COROLLA,9,E01015939,0,-1
2020230983370,2020,230983370,1,9,0,18,19,7,3,0,0,8,0,0,0,0,1,1,5,6,1,36,7,1398,1,17,TOYOTA COROLLA,7,E01031236,0,-1
2020430158479,2020,430158479,1,9,0,9,9,2,8,0,0,5,0,0,0,0,1,1,6,6,1,48,8,1598,1,14,TOYOTA COROLLA,9,E01028534,0,-1
2020010251271,2020,010251271,1,9,0,9,9,3,2,0,0,6,0,0,0,0,1,1,6,6,2,37,7,1598,1,15,TOYOTA COROLLA,1,E01004199,0,-1
2020410941167,2020,410941167,1,9,0,4,4,5,1,0,0,4,0,0,0,0,2,1,6,6,1,46,8,1598,1,14,TOYOTA COROLLA,8,E01001228,0,-1
2020010268555,2020,010268555,1,9,0,9,9,7,5,0,0,8,0,0,0,0,1,1,6,6,1,54,8,1598,1,13,TOYOTA COROLLA,7,E01002654,0,-1
2020052000230,2020,052000230,2,9,0,4,4,1,5,0,0,8,0,0,0,0,2,1,6,6,1,56,9,1995,2,15,TOYOTA COROLLA,4,E01006998,0,-1
2020420971961,2020,420971961,1,9,0,6,6,3,7,9,9,0,0,0,1,0,1,1,2,2,2,43,7,1598,1,15,TOYOTA COROLLA,4,E01021815,0,-1
2020320583476,2020,320583476,1,9,0,12,12,8,4,1,1,0,1,0,1,0,1,1,6,6,1,71,10,1398,1,16,TOYOTA COROLLA,5,E01026647,0,-1
2020137CU0816,2020,137CU0816,2,9,0,4,4,6,2,0,0,0,0,0,0,0,2,1,6,6,1,51,8,2231,2,11,TOYOTA COROLLA,2,E01011246,0,-1
2020370961782,2020,370961782,1,9,0,4,4,2,8,0,0,0,0,0,0,0,0,1,5,6,2,20,4,2231,2,12,TOYOTA COROLLA,7,E01030054,0,-1
2020320637916,2020,320637916,2,8,0,18,19,7,3,0,0,1,0,0,0,0,0,1,2,2,1,58,9,1798,8,1,TOYOTA COROLLA,3,E01026123,0,-1
2020200947106,2020,200947106,2,9,0,18,19,8,4,0,0,1,0,0,0,0,1,1,3,7,2,37,7,1794,1,14,TOYOTA COROLLA,2,E01033641,0,-1
2020430331723,2020,430331723,2,9,0,18,19,8,4,0,0,8,0,0,0,0,1,1,6,6,1,55,8,1968,2,5,VOLKSWAGEN CC,8,E01016610,0,-1
2020622000957,2020,622000957,1,9,0,9,9,4,2,0,0,6,0,0,0,0,1,1,6,6,1,63,9,1968,2,8,VOLKSWAGEN CC,2,W01000957,0,-1
2020041002229,2020,041002229,1,9,0,9,9,5,3,0,0,0,0,0,0,0,1,1,6,6,1,56,9,1968,2,4,VOLKSWAGEN CC,1,E01012601,0,-1
2020010242855,2020,010242855,2,9,0,99,99,9,9,99,99,9,9,99,9,99,0,9,6,6,3,-1,-1,1968,2,6,VOLKSWAGEN CC,-1,-1,0,-1
202031B017720,2020,31B017720,1,9,0,18,19,3,7,0,0,8,0,0,1,11,1,1,6,6,2,65,9,1968,2,4,VOLKSWAGEN CC,8,E01024693,0,-1
202031B135720,2020,31B135720,1,9,0,9,9,2,8,0,0,5,0,0,0,0,0,1,6,6,1,57,9,1968,2,7,VOLKSWAGEN CC,3,E01028062,0,-1
2020160938585,2020,160938585,1,9,0,5,5,4,7,0,0,8,0,0,0,0,1,1,2,2,1,28,6,1968,2,8,VOLKSWAGEN CC,1,E01013196,0,-1
2020420936293,2020,420936293,1,9,0,18,19,1,7,0,0,1,0,0,0,0,4,1,5,6,1,63,9,1968,2,5,VOLKSWAGEN CC,8,E01003679,0,-1
2020010246075,2020,010246075,1,9,0,7,7,7,2,0,0,1,0,0,0,0,4,1,6,6,2,35,6,1968,2,8,VOLKSWAGEN CC,8,E01002201,0,-1
2020530936011,2020,530936011,2,9,0,18,19,1,5,0,0,0,0,0,0,0,2,1,2,2,2,45,7,1968,2,8,VOLKSWAGEN CC,8,E01022402,0,-1
2020520002058,2020,520002058,1,9,0,18,19,6,2,0,0,0,0,0,0,0,4,1,2,2,1,57,9,1968,2,8,VOLKSWAGEN CC,8,E01029246,0,-1
2020010239504,2020,010239504,2,9,9,18,19,2,6,99,99,9,9,99,9,99,1,9,6,6,3,-1,-1,1968,2,8,VOLKSWAGEN CC,-1,-1,0,-1
2020200931824,2020,200931824,2,9,0,18,19,-1,-1,0,0,0,0,0,0,0,3,1,6,6,1,64,9,1968,2,7,VOLKSWAGEN CC,8,E01010357,0,-1
2020200979958,2020,200979958,1,9,0,16,19,8,2,0,0,0,0,4,0,0,1,1,6,6,1,30,6,1968,2,6,VOLKSWAGEN CC,2,E01031092,0,-1
2020010255854,2020,010255854,3,9,0,2,2,0,0,9,9,8,0,0,0,0,3,1,6,6,3,-1,-1,1968,2,7,VOLKSWAGEN CC,-1,-1,0,-1
2020460995510,2020,460995510,1,9,0,18,19,5,1,0,0,0,5,0,1,0,1,1,6,6,2,38,7,1968,2,6,VOLKSWAGEN CC,6,E01024421,0,-1
2020010255235,2020,010255235,1,9,0,18,19,1,5,0,0,1,0,0,3,0,3,1,1,1,1,50,8,1968,2,4,VOLKSWAGEN CC,5,E01000067,0,-1
2020430395862,2020,430395862,2,9,0,4,4,2,6,0,0,0,0,0,0,0,1,1,1,1,1,33,6,1968,2,6,VOLKSWAGEN CC,5,E01028447,0,-1
2020340D05802,2020,340D05802,3,9,0,2,2,5,1,6,6,0,0,0,0,0,1,1,2,2,1,38,7,1968,2,7,VOLKSWAGEN CC,8,E01025861,0,-1
2020440129327,2020,440129327,2,8,0,18,19,1,0,0,0,1,0,0,0,0,1,1,1,1,1,33,6,-1,-1,-1,-1,3,E01017227,0,-1
2020041009372,2020,041009372,1,9,0,9,9,5,3,0,0,0,0,0,0,0,1,1,5,6,1,49,8,1968,2,6,VOLKSWAGEN CC,8,E01025018,0,-1
2020420951208,2020,420951208,1,9,0,18,19,3,7,0,0,1,0,0,0,0,3,1,5,6,1,32,6,1968,2,7,VOLKSWAGEN CC,2,E01000018,0,-1
202031C124920,2020,31C124920,2,9,0,18,19,5,1,0,0,8,0,0,0,0,1,1,6,6,1,43,7,1968,2,7,VOLKSWAGEN CC,1,E01013810,0,-1
2020010282452,2020,010282452,2,9,9,99,99,9,9,99,99,9,9,99,9,99,9,9,6,6,1,34,6,1968,2,4,VOLKSWAGEN CC,5,E01002145,0,-1
2020990981088,2020,990981088,1,9,0,9,9,5,1,0,0,2,0,0,0,0,4,1,6,6,1,40,7,1968,2,5,VOLKSWAGEN CC,-1,-1,0,-1
202006XN73615,2020,06XN73615,1,9,0,18,19,2,6,0,0,0,0,0,0,0,1,1,6,6,1,23,5,1968,2,7,VOLKSWAGEN CC,8,E01025000,0,-1
2020070535729,2020,070535729,1,9,0,18,19,2,6,0,0,1,0,0,1,0,1,1,6,6,1,26,6,1968,2,7,VOLKSWAGEN CC,8,E01018432,0,-1
2020371003468,2020,371003468,1,9,0,18,19,6,2,0,0,8,0,0,0,0,1,1,5,6,1,48,8,1968,2,8,VOLKSWAGEN CC,6,E01029877,0,-1
2020010271988,2020,010271988,2,9,0,18,19,7,3,0,0,0,1,0,0,0,1,1,2,2,1,25,5,1968,2,7,VOLKSWAGEN CC,9,E01017914,0,-1
2020010267660,2020,010267660,5,9,0,2,2,0,0,0,0,0,0,0,0,0,2,1,6,6,3,-1,-1,1798,1,4,VOLKSWAGEN CC,-1,-1,0,-1
2020302001590,2020,302001590,2,9,0,18,19,6,2,0,0,0,0,0,0,0,1,1,6,6,1,58,9,1968,2,4,VOLKSWAGEN CC,2,E01013522,0,-1
202006F168876,2020,06F168876,1,9,0,18,19,8,4,0,0,8,0,0,0,0,1,1,3,7,1,22,5,1968,2,7,VOLKSWAGEN CC,2,E01005671,0,-1
2020040923290,2020,040923290,3,9,0,2,2,0,0,0,0,0,0,0,0,0,2,1,5,6,1,36,7,1968,2,7,VOLKSWAGEN CC,1,E01012622,0,-1
2020460935638,2020,460935638,2,9,0,18,19,2,6,0,0,0,1,0,0,0,2,1,2,2,1,25,5,1968,2,7,VOLKSWAGEN CC,5,E01024194,0,-1
2020220930054,2020,220930054,1,9,0,4,4,3,7,0,0,1,0,0,0,0,1,1,5,6,1,42,7,1968,2,5,VOLKSWAGEN CC,5,E01032340,0,-1
2020200932639,2020,200932639,2,9,0,18,19,4,8,0,0,0,0,0,0,0,0,1,6,6,1,65,9,1968,2,6,VOLKSWAGEN CC,9,E01010222,0,-1
2020520004514,2020,520004514,1,9,0,18,19,4,8,0,0,0,0,0,1,2,1,1,6,6,2,29,6,1968,2,6,VOLKSWAGEN CC,4,E01029090,0,-1
2020122000859,2020,122000859,2,9,0,10,10,5,1,0,0,1,0,0,0,0,2,1,6,6,1,32,6,1968,2,4,VOLKSWAGEN CC,2,E01007784,0,-1
2020010250636,2020,010250636,2,9,0,99,99,9,9,99,99,9,9,99,9,99,9,9,6,6,3,-1,-1,1968,2,8,VOLKSWAGEN CC,-1,-1,0,-1
2020137882173,2020,137882173,2,9,0,18,19,3,7,0,0,1,0,0,0,0,1,1,6,6,1,48,8,1968,2,5,VOLKSWAGEN CC,-1,-1,0,-1
2020052002489,2020,052002489,2,9,0,9,9,7,3,0,0,5,0,0,0,0,1,1,6,6,1,29,6,1968,2,7,VOLKSWAGEN CC,3,E01006588,0,-1
2020030976410,2020,030976410,1,9,0,5,5,5,3,0,0,1,0,0,0,0,3,1,5,6,2,23,5,1968,2,6,VOLKSWAGEN CC,6,E01019239,0,-1
202006XK67695,2020,06XK67695,1,9,0,18,19,4,8,0,0,0,0,0,0,0,2,1,2,2,1,28,6,1968,2,5,VOLKSWAGEN CC,9,E01004768,0,-1
2020230974137,2020,230974137,1,9,0,18,19,2,6,0,0,8,0,0,0,0,4,1,5,6,1,27,6,1968,2,6,VOLKSWAGEN CC,5,E01031262,0,-1
2020010244393,2020,010244393,1,9,0,3,3,7,3,0,0,1,1,10,0,0,2,1,6,6,1,29,6,1968,2,8,VOLKSWAGEN CC,3,E01004676,0,-1
2020070395058,2020,070395058,2,9,0,3,3,6,2,0,0,1,0,0,0,0,0,1,6,6,2,46,8,1968,2,6,VOLKSWAGEN CC,10,E01018695,0,-1
2020990920698,2020,990920698,1,9,0,4,4,7,3,0,0,0,0,0,0,0,1,1,5,6,1,47,8,1968,2,5,VOLKSWAGEN CC,8,-1,0,-1
2020200965298,2020,200965298,1,9,0,18,19,6,2,0,0,8,0,10,2,2,1,1,6,6,1,26,6,1968,2,7,VOLKSWAGEN CC,3,E01009941,0,-1
2020010263428,2020,010263428,1,9,0,99,99,9,9,99,99,9,9,99,9,99,9,9,6,6,1,29,6,1968,2,4,VOLKSWAGEN CC,3,E01001262,0,-1
2020470926642,2020,470926642,2,9,0,3,3,1,5,0,0,2,0,0,0,0,2,1,6,6,1,20,4,1395,1,6,VOLKSWAGEN SCIROCCO,8,E01021170,0,-1
2020622000729,2020,622000729,2,9,0,2,2,0,0,0,0,1,0,0,0,0,3,1,6,6,3,-1,-1,1968,2,3,VOLKSWAGEN SCIROCCO,-1,-1,0,-1
2020010244106,2020,010244106,2,9,0,99,99,9,9,99,99,4,9,99,9,99,1,9,6,6,1,-1,-1,1968,2,5,VOLKSWAGEN SCIROCCO,-1,-1,0,-1
2020040920396,2020,040920396,2,9,0,18,19,3,7,0,0,1,0,0,0,0,3,1,5,6,2,52,8,1968,2,3,VOLKSWAGEN SCIROCCO,10,E01025341,0,-1
2020622000338,2020,622000338,1,9,0,18,19,1,5,0,0,0,0,0,0,0,1,1,6,6,2,23,5,1968,2,10,VOLKSWAGEN SCIROCCO,10,W01001828,0,-1
2020010232223,2020,010232223,1,9,0,9,9,7,4,0,0,1,0,0,0,0,3,1,6,6,1,21,5,1984,1,11,VOLKSWAGEN SCIROCCO,7,E01030402,0,-1
2020230987495,2020,230987495,1,9,0,9,9,3,1,0,0,1,0,0,0,0,0,1,5,6,1,28,6,1984,1,11,VOLKSWAGEN SCIROCCO,6,E01031146,0,-1
2020990962137,2020,990962137,1,9,0,5,5,5,1,0,0,1,0,0,0,0,3,1,5,6,1,21,5,1984,1,4,VOLKSWAGEN SCIROCCO,2,-1,0,-1
2020140978181,2020,140978181,1,9,0,18,19,2,6,0,0,0,0,0,0,0,2,1,5,6,2,29,6,1968,2,10,VOLKSWAGEN SCIROCCO,2,E01007651,0,-1
2020320108598,2020,320108598,1,9,0,18,19,7,3,0,0,8,0,0,0,0,1,1,6,6,1,17,4,1390,1,8,VOLKSWAGEN SCIROCCO,5,E01026276,0,-1
2020549704920,2020,549704920,1,9,0,14,14,2,6,0,0,0,0,4,0,0,1,1,6,6,1,24,5,1984,1,9,VOLKSWAGEN SCIROCCO,-1,-1,0,-1
2020500940314,2020,500940314,4,9,0,18,19,3,7,0,0,0,0,0,0,0,0,1,5,6,1,25,5,1968,2,8,VOLKSWAGEN SCIROCCO,5,E01020148,0,-1
2020351019484,2020,351019484,1,9,0,17,19,3,1,0,0,8,0,10,3,0,1,1,5,6,2,23,5,1984,1,11,VOLKSWAGEN SCIROCCO,5,E01018213,0,-1
2020430139398,2020,430139398,1,9,0,18,19,4,8,0,0,4,0,0,0,0,1,1,1,1,2,30,6,1984,1,3,VOLKSWAGEN SCIROCCO,10,E01017799,0,-1
2020010229329,2020,010229329,1,9,0,11,11,7,3,0,0,7,0,0,0,0,4,2,2,2,1,24,5,1390,1,7,VOLKSWAGEN SCIROCCO,4,E01002211,0,-1
2020320639921,2020,320639921,1,9,0,13,13,6,2,0,0,1,0,0,0,0,4,1,6,6,3,40,7,1968,2,10,VOLKSWAGEN SCIROCCO,-1,-1,0,-1
2020041001267,2020,041001267,1,9,0,7,7,6,4,0,0,0,1,0,5,6,1,1,5,6,1,28,6,1984,1,10,VOLKSWAGEN SCIROCCO,5,E01024873,0,-1
2020544973120,2020,544973120,1,9,0,7,7,0,4,0,0,0,0,0,0,0,4,1,1,1,1,29,6,1968,2,3,VOLKSWAGEN SCIROCCO,2,E01032118,0,-1
2020010255154,2020,010255154,2,9,9,99,99,9,9,99,99,9,9,99,9,99,2,9,6,6,2,-1,-1,1390,1,8,VOLKSWAGEN SCIROCCO,9,E01000765,0,-1
2020140963833,2020,140963833,1,9,0,18,19,3,7,0,0,8,0,0,0,0,3,1,6,6,1,18,4,1390,1,10,VOLKSWAGEN SCIROCCO,2,E01008053,0,-1
2020010259323,2020,010259323,2,9,0,18,19,7,3,0,0,0,0,0,0,0,1,1,6,6,3,-1,-1,1968,2,4,VOLKSWAGEN SCIROCCO,-1,-1,0,-1
2020460966192,2020,460966192,1,9,0,18,19,7,3,0,0,0,0,0,2,0,4,1,2,2,2,26,6,1968,2,11,VOLKSWAGEN SCIROCCO,4,E01024541,0,-1
20201371M1523,2020,1371M1523,1,9,0,3,3,8,4,0,0,1,0,0,0,0,2,1,6,6,1,33,6,1968,2,8,VOLKSWAGEN SCIROCCO,-1,-1,0,-1
2020201014280,2020,201014280,2,9,0,5,5,2,6,0,0,8,0,0,0,0,1,1,6,6,1,25,5,1968,2,5,VOLKSWAGEN SCIROCCO,2,E01010564,0,-1
2020350964578,2020,350964578,1,9,0,18,19,5,1,0,0,0,1,4,0,0,1,1,5,6,2,20,4,1984,1,10,VOLKSWAGEN SCIROCCO,5,E01026298,0,-1
2020421009212,2020,421009212,2,9,0,18,19,1,5,0,0,1,0,0,0,0,2,1,6,6,1,34,6,1984,1,9,VOLKSWAGEN SCIROCCO,9,E01022073,0,-1