collision_index,collision_year,collision_ref_no,vehicle_reference,vehicle_type,towing_and_articulation,vehicle_manoeuvre_historic,vehicle_manoeuvre,vehicle_direction_from,vehicle_direction_to,vehicle_location_restricted_lane_historic,vehicle_location_restricted_lane,junction_location,skidding_and_overturning,hit_object_in_carriageway,vehicle_leaving_carriageway,hit_object_off_carriageway,first_point_of_impact,vehicle_left_hand_drive,journey_purpose_of_driver_historic,journey_purpose_of_driver,sex_of_driver,age_of_driver,age_band_of_driver,engine_capacity_cc,propulsion_code,age_of_vehicle,generic_make_model,driver_imd_decile,lsoa_of_driver,escooter_flag,driver_distance_banding
2020141010635,2020,141010635,1,9,0,18,19,3,7,0,0,1,0,0,0,0,4,1,6,6,1,22,5,1968,2,10,VOLKSWAGEN SCIROCCO,5,E01032927,0,-1
202054A087420,2020,54A087420,2,9,0,18,19,1,4,0,0,8,0,0,1,9,3,1,2,2,1,38,7,1968,2,8,VOLKSWAGEN SCIROCCO,7,E01032073,0,-1
2020610007920,2020,610007920,1,9,0,18,19,1,5,0,0,1,0,0,0,0,1,1,6,6,2,23,5,1968,2,5,VOLKSWAGEN SCIROCCO,3,W01001145,0,-1
2020350962742,2020,350962742,2,9,0,18,19,1,5,0,0,8,0,0,0,0,4,1,2,2,2,21,5,1968,2,10,VOLKSWAGEN SCIROCCO,2,E01018078,0,-1
2020360938629,2020,360938629,2,9,0,3,3,-1,-1,0,0,0,0,0,0,0,2,1,2,2,2,22,5,1984,1,10,VOLKSWAGEN SCIROCCO,10,E01026926,0,-1
2020010238855,2020,010238855,2,9,0,18,19,1,5,0,0,1,1,0,1,2,1,1,6,6,1,21,5,1984,1,11,VOLKSWAGEN SCIROCCO,5,E01001029,0,-1
20201371R1480,2020,1371R1480,1,9,0,17,19,3,2,0,0,0,0,0,0,0,1,1,6,6,2,42,7,1968,2,7,VOLKSWAGEN SCIROCCO,2,E01011262,0,-1
2020351009739,2020,351009739,1,9,0,3,3,-1,-1,0,0,2,0,0,0,0,1,1,6,6,1,26,6,1968,2,10,VOLKSWAGEN SCIROCCO,10,E01017959,0,-1
2020010249476,2020,010249476,2,9,0,18,19,5,1,0,0,0,1,0,0,0,1,1,6,6,1,33,6,1984,1,4,VOLKSWAGEN SCIROCCO,6,E01004145,0,-1
2020440216295,2020,440216295,1,9,0,18,19,1,5,0,0,0,0,0,0,0,4,1,6,6,1,21,5,1984,1,11,VOLKSWAGEN SCIROCCO,9,E01022836,0,-1
2020990959354,2020,990959354,1,9,0,9,9,5,2,0,0,5,0,0,0,0,1,1,6,6,1,32,6,1390,1,11,VOLKSWAGEN SCIROCCO,-1,-1,0,-1
2020470998109,2020,470998109,1,9,0,18,19,1,5,0,0,0,1,4,1,10,3,1,5,6,1,29,6,1984,1,11,VOLKSWAGEN SCIROCCO,2,E01016993,0,-1
2020010248790,2020,010248790,1,9,0,11,11,1,5,0,0,1,0,4,0,0,4,1,6,6,1,27,6,1968,2,10,VOLKSWAGEN SCIROCCO,7,E01030858,0,-1
202006J374678,2020,06J374678,2,9,0,18,19,5,8,0,0,8,0,0,0,0,1,1,1,1,2,61,9,1968,2,5,VOLKSWAGEN SCIROCCO,9,E01005802,0,-1
2020350921423,2020,350921423,1,9,0,18,19,3,7,0,0,1,0,0,7,0,0,1,5,6,1,25,5,1390,1,11,VOLKSWAGEN SCIROCCO,4,E01017953,0,-1
2020220921179,2020,220921179,2,9,0,18,19,4,8,0,0,8,0,0,0,0,1,1,2,2,1,22,5,1984,1,11,VOLKSWAGEN SCIROCCO,7,E01029012,0,-1
2020200940157,2020,200940157,2,9,0,18,19,4,8,0,0,8,0,0,0,0,1,1,6,6,1,25,5,1984,1,4,VOLKSWAGEN SCIROCCO,2,E01009942,0,-1
2020010275271,2020,010275271,2,9,0,99,99,9,9,99,99,9,9,99,9,99,2,9,6,6,3,-1,-1,1968,2,9,VOLKSWAGEN SCIROCCO,-1,-1,0,-1
2020200961556,2020,200961556,4,9,0,2,2,0,0,0,0,0,0,0,0,0,3,1,6,6,1,36,7,1968,2,12,VOLKSWAGEN SCIROCCO,3,E01008953,0,-1
20201378T1833,2020,1378T1833,1,9,0,18,19,8,3,0,0,0,1,0,7,0,3,1,6,6,1,24,5,1968,2,10,VOLKSWAGEN SCIROCCO,1,E01010822,0,-1
2020200975846,2020,200975846,2,9,0,18,19,4,8,0,0,2,0,4,7,6,3,1,6,6,1,27,6,1395,1,4,VOLKSWAGEN SCIROCCO,9,E01010494,0,-1
202006F167595,2020,06F167595,1,9,0,7,7,1,3,2,2,7,0,0,0,0,1,1,6,6,1,29,6,1390,1,9,VOLKSWAGEN SCIROCCO,6,E01033671,0,-1
2020420974168,2020,420974168,2,9,0,5,5,2,3,0,0,0,0,0,0,0,1,1,2,2,2,28,6,1984,1,11,VOLKSWAGEN SCIROCCO,9,E01021364,0,-1
2020201020876,2020,201020876,1,9,0,12,12,8,4,0,0,0,0,10,8,11,3,1,1,1,1,24,5,1968,2,10,VOLKSWAGEN SCIROCCO,3,E01009775,0,-1
2020211025144,2020,211025144,1,9,-1,-1,-1,6,2,-1,-1,-1,-1,-1,-1,0,-1,1,6,6,1,27,6,1395,1,6,VOLKSWAGEN SCIROCCO,1,E01014224,0,-1
2020320415803,2020,320415803,1,9,0,18,19,5,1,0,0,0,0,0,0,0,1,1,6,6,3,40,7,1968,2,3,VOLKSWAGEN SCIROCCO,-1,-1,0,-1
2020200996258,2020,200996258,1,9,0,18,19,8,4,0,0,3,0,0,0,0,1,1,6,6,3,-1,-1,1984,1,11,VOLKSWAGEN SCIROCCO,-1,-1,0,-1
2020990968568,2020,990968568,1,9,0,5,5,5,3,0,0,3,0,0,0,0,1,1,6,6,1,60,9,1984,1,2,VOLKSWAGEN SCIROCCO,7,-1,0,-1
2020010286859,2020,010286859,1,9,0,99,99,9,9,99,99,9,9,99,9,99,2,9,6,6,2,45,7,1984,1,11,VOLKSWAGEN SCIROCCO,7,E01002420,0,-1
202006Q178467,2020,06Q178467,1,9,0,9,9,5,3,0,0,6,0,0,0,0,4,1,6,6,1,36,7,1968,2,10,VOLKSWAGEN SCIROCCO,8,E01005452,0,-1
2020100983195,2020,100983195,1,9,0,5,5,1,5,0,0,6,0,0,0,0,4,1,5,6,1,41,7,1968,2,9,VOLKSWAGEN SCIROCCO,8,E01008726,0,-1
2020500987624,2020,500987624,2,9,0,18,19,1,5,0,0,0,0,0,0,0,4,1,2,2,1,21,5,1968,2,10,VOLKSWAGEN SCIROCCO,3,E01015061,0,-1
2020460918301,2020,460918301,1,9,0,18,19,4,8,0,0,2,0,0,0,0,1,1,6,6,1,22,5,1968,2,4,VOLKSWAGEN SCIROCCO,10,E01016026,0,-1
2020990972347,2020,990972347,1,9,0,18,19,7,3,0,0,0,1,0,0,0,1,1,6,6,1,20,4,1984,1,4,VOLKSWAGEN SCIROCCO,4,-1,0,-1
2020420933032,2020,420933032,1,9,0,18,19,2,6,0,0,0,1,0,3,0,1,1,6,6,1,21,5,1390,1,9,VOLKSWAGEN SCIROCCO,3,E01022044,0,-1
2020200940250,2020,200940250,2,9,0,18,19,5,1,0,0,1,0,0,0,0,1,1,6,6,1,22,5,1390,1,9,VOLKSWAGEN SCIROCCO,5,E01010402,0,-1
2020530963838,2020,530963838,1,9,0,9,9,7,3,0,0,8,0,0,0,0,4,1,5,6,1,23,5,1390,1,10,VOLKSWAGEN SCIROCCO,10,E01022208,0,-1
2020010264940,2020,010264940,1,9,0,18,19,5,1,0,0,0,0,0,0,0,1,1,6,6,1,28,6,1984,1,10,VOLKSWAGEN SCIROCCO,7,E01000300,0,-1
2020010264735,2020,010264735,1,9,0,7,7,3,6,0,0,8,0,0,0,0,4,1,6,6,1,20,4,1968,2,11,VOLKSWAGEN SCIROCCO,7,E01024576,0,-1
2020522003653,2020,522003653,1,9,0,18,19,7,3,0,0,8,0,4,0,0,1,1,6,6,1,32,6,1984,1,11,VOLKSWAGEN SCIROCCO,9,E01029129,0,-1
20201371I1614,2020,1371I1614,1,8,0,18,19,2,6,0,0,0,0,0,0,0,4,1,1,1,1,34,6,-1,-1,-1,-1,-1,-1,0,-1
2020010251625,2020,010251625,1,9,0,99,99,9,9,99,99,9,9,99,9,99,9,9,6,6,1,33,6,1390,1,11,VOLKSWAGEN SCIROCCO,4,E01001511,0,-1
2020370980869,2020,370980869,1,9,0,18,19,2,6,0,0,0,0,0,1,3,1,1,6,6,1,18,4,1390,1,11,VOLKSWAGEN SCIROCCO,6,E01030064,0,-1
2020421007753,2020,421007753,1,9,0,18,19,5,1,0,0,1,0,4,0,0,1,1,6,6,1,25,5,1395,1,5,VOLKSWAGEN SCIROCCO,2,E01021998,0,-1
2020340S07432,2020,340S07432,1,9,0,18,19,1,5,0,0,0,0,0,1,4,1,1,6,6,1,36,7,1968,2,9,VOLKSWAGEN SCIROCCO,-1,-1,0,-1
2020500933858,2020,500933858,1,9,0,4,4,1,5,0,0,1,2,0,2,10,1,1,5,6,1,22,5,1984,1,10,VOLKSWAGEN SCIROCCO,3,E01020095,0,-1
2020340S05642,2020,340S05642,1,9,0,9,9,5,1,0,0,8,0,0,0,0,1,1,6,6,1,19,4,1395,1,4,VOLKSWAGEN SCIROCCO,7,E01027277,0,-1
2020530936019,2020,530936019,1,9,0,18,19,7,3,0,0,0,0,0,0,0,1,1,1,1,1,37,7,1968,2,9,VOLKSWAGEN SCIROCCO,9,E01022100,0,-1
2020470930674,2020,470930674,1,9,0,18,19,8,4,0,0,0,0,0,1,10,1,1,5,6,2,26,6,1390,1,9,VOLKSWAGEN SCIROCCO,10,E01031739,0,-1
20201377E1299,2020,1377E1299,1,9,0,1,1,4,8,0,0,0,0,0,0,0,2,1,6,6,3,-1,-1,1968,2,9,VOLKSWAGEN SCIROCCO,-1,-1,0,-1
2020440395204,2020,440395204,1,9,0,17,19,4,8,0,0,0,1,0,7,1,1,1,6,6,1,21,5,1984,1,10,VOLKSWAGEN SCIROCCO,4,E01017312,0,-1
2020302001254,2020,302001254,1,9,0,18,19,8,4,0,0,1,5,0,0,0,1,1,6,6,1,68,10,1968,2,10,VOLKSWAGEN SCIROCCO,9,E01019839,0,-1
2020430043668,2020,430043668,1,9,0,9,9,2,8,0,0,6,0,0,0,0,3,1,2,2,2,21,5,1390,1,11,VOLKSWAGEN SCIROCCO,8,E01028641,0,-1
2020410952643,2020,410952643,1,9,0,18,19,1,2,0,0,0,0,0,0,0,1,1,5,6,1,31,6,1984,1,10,VOLKSWAGEN SCIROCCO,-1,-1,0,-1
2020430332500,2020,430332500,1,9,0,18,19,4,8,0,0,0,0,0,0,0,1,1,2,2,1,29,6,1984,1,10,VOLKSWAGEN SCIROCCO,9,E01017933,0,-1
2020500998478,2020,500998478,5,9,0,18,19,7,3,0,0,0,0,0,0,0,1,1,5,6,1,28,6,1984,1,8,VOLKSWAGEN SCIROCCO,6,E01016477,0,-1
2020430005106,2020,430005106,1,9,0,18,19,1,6,0,0,0,0,0,0,0,1,1,2,2,1,27,6,1984,1,4,VOLKSWAGEN SCIROCCO,8,E01028510,0,-1
2020450979600,2020,450979600,1,9,0,9,9,5,1,0,0,1,0,0,0,0,3,1,1,1,1,22,5,1390,1,8,VOLKSWAGEN SCIROCCO,8,E01030782,0,-1
2020010270650,2020,010270650,1,9,9,99,99,9,9,99,99,9,9,99,9,99,9,9,6,6,2,23,5,1395,1,4,VOLKSWAGEN SCIROCCO,4,E01023883,0,-1
202006A371441,2020,06A371441,1,9,0,18,19,4,8,0,0,1,0,0,0,0,1,1,6,6,1,32,6,1968,2,9,VOLKSWAGEN SCIROCCO,-1,-1,0,-1
2020070305880,2020,070305880,3,9,0,18,19,6,2,0,0,0,0,0,0,0,1,1,6,6,1,23,5,1395,1,6,VOLKSWAGEN SCIROCCO,9,E01010913,0,-1
2020160992170,2020,160992170,1,9,0,5,5,1,7,0,0,0,0,0,0,0,1,1,6,6,1,46,8,1968,2,9,VOLKSWAGEN SCIROCCO,6,E01013175,0,-1
2020140939928,2020,140939928,1,9,0,18,19,3,7,0,0,0,0,0,0,0,2,1,5,6,1,22,5,1390,1,7,VOLKSWAGEN SCIROCCO,8,E01007383,0,-1
2020990935228,2020,990935228,2,9,0,18,19,4,8,0,0,1,0,0,0,0,3,1,5,6,1,28,6,1984,1,11,VOLKSWAGEN SCIROCCO,-1,-1,0,-1
2020451006389,2020,451006389,1,9,0,18,19,7,3,0,0,0,0,0,0,0,1,1,6,6,1,23,5,1968,2,5,VOLKSWAGEN SCIROCCO,8,E01000563,0,-1
2020220956430,2020,220956430,1,9,0,13,13,6,2,0,0,0,0,0,1,4,1,1,5,6,1,17,4,1390,1,9,VOLKSWAGEN SCIROCCO,5,E01014062,0,-1
202006M174141,2020,06M174141,1,9,0,18,19,3,7,0,0,0,0,0,0,0,1,1,6,6,2,30,6,1968,2,8,VOLKSWAGEN SCIROCCO,-1,-1,0,-1
2020450971433,2020,450971433,1,9,0,18,19,5,1,0,0,1,0,0,0,0,1,1,1,1,1,60,9,1390,1,9,VOLKSWAGEN SCIROCCO,7,E01030318,0,-1
2020990964561,2020,990964561,2,9,0,18,19,2,6,0,0,1,0,0,0,0,1,1,6,6,2,30,6,1395,1,3,VOLKSWAGEN SCIROCCO,9,-1,0,-1
2020010274869,2020,010274869,2,9,0,99,99,9,9,99,99,9,9,99,9,99,2,9,6,6,3,49,8,1984,1,11,VOLKSWAGEN SCIROCCO,1,E01002715,0,-1
2020501003547,2020,501003547,2,9,0,18,19,1,5,0,0,0,0,0,0,0,2,1,6,6,1,24,5,1968,2,8,VOLKSWAGEN SCIROCCO,3,E01015166,0,-1
2020211019016,2020,211019016,1,9,0,18,19,8,4,0,0,4,0,0,0,0,1,1,6,6,1,26,6,1390,1,9,VOLKSWAGEN SCIROCCO,4,E01029588,0,-1
2020030960599,2020,030960599,1,9,0,18,19,7,3,0,0,0,0,0,0,0,1,1,5,6,1,27,6,1984,1,12,VOLKSWAGEN SCIROCCO,2,E01025152,0,-1
2020410924662,2020,410924662,3,9,0,18,19,5,1,0,0,0,0,0,0,0,1,1,5,6,1,74,10,1968,2,3,VOLKSWAGEN SCIROCCO,10,E01033517,0,-1
2020552000768,2020,552000768,2,9,0,18,19,1,5,0,0,8,0,0,0,0,3,1,6,6,2,28,6,1968,2,8,VOLKSWAGEN SCIROCCO,1,E01015279,0,-1
2020420932726,2020,420932726,3,9,0,18,19,3,7,0,0,0,0,0,0,0,4,1,5,6,1,42,7,1968,2,9,VOLKSWAGEN SCIROCCO,2,E01021485,0,-1
2020552001160,2020,552001160,1,9,0,18,19,2,6,0,0,0,1,0,0,0,1,1,6,6,2,40,7,1968,2,11,VOLKSWAGEN SCIROCCO,6,E01020529,0,-1
2020420964263,2020,420964263,1,9,0,18,19,3,7,0,0,2,0,0,0,0,1,1,5,6,1,24,5,1968,2,11,VOLKSWAGEN SCIROCCO,2,E01033148,0,-1
2020100959702,2020,100959702,1,9,0,9,9,2,7,0,0,5,0,0,0,0,3,1,5,6,1,50,8,1968,2,8,VOLKSWAGEN SCIROCCO,3,E01008488,0,-1
2020530980537,2020,530980537,2,9,0,3,3,5,1,0,0,0,0,0,0,0,2,1,2,2,2,28,6,1984,1,11,VOLKSWAGEN SCIROCCO,6,E01032934,0,-1
20201375J0119,2020,1375J0119,1,9,0,18,19,1,5,0,0,0,0,0,0,0,1,1,6,6,1,23,5,1984,1,11,VOLKSWAGEN SCIROCCO,3,E01010847,0,-1
2020010252472,2020,010252472,2,9,0,99,99,9,9,99,99,9,9,99,9,99,1,9,6,6,3,-1,-1,1984,1,11,VOLKSWAGEN SCIROCCO,8,E01001680,0,-1
2020610047920,2020,610047920,1,9,0,4,4,3,7,0,0,0,0,0,0,0,2,1,2,2,1,35,6,1968,2,8,VOLKSWAGEN SCIROCCO,6,W01001439,0,-1
202006A270768,2020,06A270768,2,9,0,18,19,7,3,0,0,8,0,6,2,10,1,1,6,6,1,30,6,1984,1,10,VOLKSWAGEN SCIROCCO,1,E01005068,0,-1
2020552000273,2020,552000273,1,9,0,9,9,6,4,0,0,5,0,0,0,0,1,1,6,6,1,19,4,1968,2,5,VOLKSWAGEN SCIROCCO,-1,-1,0,-1
2020010246555,2020,010246555,2,9,0,99,99,9,9,99,99,9,9,99,9,99,9,9,6,6,3,-1,-1,1984,1,11,VOLKSWAGEN SCIROCCO,-1,-1,0,-1
2020010254133,2020,010254133,2,9,0,99,99,9,9,99,99,9,9,99,9,99,2,9,6,6,3,-1,-1,1395,1,5,VOLKSWAGEN SCIROCCO,-1,-1,0,-1
2020220931412,2020,220931412,1,9,0,9,9,3,2,0,0,6,0,0,0,0,1,1,2,2,2,58,9,1395,1,4,VOLKSWAGEN SCIROCCO,4,E01028945,0,-1
2020220985797,2020,220985797,3,9,0,18,19,6,2,0,0,0,0,0,0,0,1,1,5,6,1,19,4,1390,1,10,VOLKSWAGEN SCIROCCO,7,E01028941,0,-1
2020610050020,2020,610050020,1,9,0,18,19,3,7,0,0,3,0,0,0,0,1,1,6,6,2,29,6,1395,1,5,VOLKSWAGEN SCIROCCO,4,W01001541,0,-1
2020010244133,2020,010244133,1,9,0,18,19,4,8,0,0,0,0,0,0,0,4,1,2,2,1,25,5,1390,1,11,VOLKSWAGEN SCIROCCO,2,E01004003,0,-1
2020201000650,2020,201000650,1,9,0,18,19,4,8,0,0,0,0,0,0,0,3,1,6,6,1,-1,-1,1968,2,10,VOLKSWAGEN SCIROCCO,-1,-1,0,-1
2020460953312,2020,460953312,1,9,0,18,19,7,3,0,0,3,0,0,0,0,1,1,5,6,2,32,6,1390,1,10,VOLKSWAGEN SCIROCCO,6,E01032798,0,-1
2020470928799,2020,470928799,1,9,0,18,19,1,5,0,0,0,0,11,0,0,1,1,2,2,2,24,5,1968,2,9,VOLKSWAGEN SCIROCCO,8,E01021223,0,-1
2020461013449,2020,461013449,1,9,0,6,6,5,1,0,0,0,0,0,0,0,4,1,6,6,2,73,10,1984,1,3,VOLKSWAGEN SCIROCCO,8,E01024784,0,-1
2020470987103,2020,470987103,2,9,0,18,19,4,8,0,0,8,0,0,0,0,1,1,2,2,1,68,10,1390,1,7,VOLKSWAGEN SCIROCCO,6,E01021110,0,-1
2020010270376,2020,010270376,2,9,0,99,99,9,9,99,99,9,9,99,9,99,1,9,6,6,3,-1,-1,1395,1,3,VOLKSWAGEN SCIROCCO,-1,-1,0,-1
2020610016320,2020,610016320,1,9,0,18,19,3,7,0,0,0,1,0,7,4,1,1,6,6,1,36,7,1968,2,10,VOLKSWAGEN SCIROCCO,6,W01001204,0,-1
2020010253857,2020,010253857,2,9,9,99,99,9,9,99,99,9,9,99,9,99,9,9,6,6,2,39,7,1968,2,10,VOLKSWAGEN SCIROCCO,5,E01002977,0,-1
2020200996173,2020,200996173,2,9,0,18,19,7,3,0,0,8,0,10,4,0,1,1,6,6,2,32,6,1968,2,5,VOLKSWAGEN SCIROCCO,2,E01010521,0,-1
2020552100062,2020,552100062,1,9,0,9,9,6,4,0,0,6,1,0,0,0,1,1,6,6,1,27,6,1390,1,9,VOLKSWAGEN SCIROCCO,8,E01028766,0,-1
2020010278028,2020,010278028,1,9,0,99,99,9,9,99,99,5,9,99,9,99,1,9,6,6,3,29,6,1390,1,10,VOLKSWAGEN SCIROCCO,7,E01002013,0,-1
202006P171751,2020,06P171751,3,8,0,18,19,4,8,0,0,0,0,0,0,0,3,1,6,6,1,29,6,-1,-1,-1,-1,8,E01005572,0,-1
2020140990566,2020,140990566,2,9,0,7,7,1,3,0,0,2,0,0,0,0,1,1,5,6,1,31,6,1968,2,6,VOLKSWAGEN SCIROCCO,5,E01007562,0,-1
2020200981300,2020,200981300,1,9,0,18,19,2,6,0,0,2,0,0,0,0,1,1,6,6,1,22,5,1968,2,11,VOLKSWAGEN SCIROCCO,10,E01009855,0,-1
202031C148520,2020,31C148520,1,9,0,3,3,5,1,0,0,1,0,0,0,0,4,1,6,6,2,65,9,1390,1,6,VOLKSWAGEN SCIROCCO,3,E01013969,0,-1
2020460933104,2020,460933104,1,9,0,18,19,7,3,0,0,0,0,0,0,0,1,1,6,6,1,25,5,1390,1,10,VOLKSWAGEN SCIROCCO,9,E01000452,0,-1
2020471008120,2020,471008120,2,9,0,18,19,2,6,0,0,0,1,0,1,0,1,1,5,6,1,26,6,1984,1,9,VOLKSWAGEN SCIROCCO,8,E01030622,0,-1
2020220963017,2020,220963017,1,9,0,18,19,3,7,0,0,4,0,0,0,0,1,1,2,2,1,47,8,1968,2,4,VOLKSWAGEN SCIROCCO,5,E01014101,0,-1
202031D030120,2020,31D030120,2,9,0,3,3,3,6,0,0,0,0,0,0,0,2,1,6,6,1,56,9,1984,1,5,VOLKSWAGEN SCIROCCO,4,E01027963,0,-1
2020460996110,2020,460996110,1,9,0,16,19,4,8,0,0,0,1,0,0,0,1,1,6,6,1,20,4,1968,2,9,VOLKSWAGEN SCIROCCO,1,E01016111,0,-1
2020010270904,2020,010270904,1,9,0,99,99,9,9,99,99,9,9,99,9,99,2,9,6,6,1,31,6,1390,1,10,VOLKSWAGEN SCIROCCO,1,E01003207,0,-1
2020010264796,2020,010264796,2,9,0,99,99,9,9,99,99,9,9,99,9,99,1,9,6,6,3,-1,-1,1984,1,10,VOLKSWAGEN SCIROCCO,-1,-1,0,-1
2020040951006,2020,040951006,1,9,0,18,19,5,1,0,0,0,0,0,0,0,1,1,6,6,2,48,8,1968,2,10,VOLKSWAGEN SCIROCCO,4,E01012712,0,-1
202031C118720,2020,31C118720,2,9,0,18,19,3,7,0,0,1,0,0,0,0,0,1,6,6,1,30,6,1968,2,11,VOLKSWAGEN SCIROCCO,2,E01013961,0,-1
2020160968613,2020,160968613,1,9,0,14,14,5,1,0,0,2,0,0,0,0,3,1,5,6,1,26,6,1968,2,10,VOLKSWAGEN SCIROCCO,3,E01013245,0,-1
2020010276772,2020,010276772,2,9,0,2,2,0,0,0,0,0,0,0,0,0,4,1,6,6,3,-1,-1,1984,1,11,VOLKSWAGEN SCIROCCO,-1,-1,0,-1
2020200995221,2020,200995221,1,9,0,16,19,5,8,0,0,0,0,4,0,0,1,1,6,6,1,25,5,1390,1,10,VOLKSWAGEN SCIROCCO,2,E01009877,0,-1
2020340C03252,2020,340C03252,3,9,0,2,2,0,0,0,0,0,0,0,0,0,2,1,6,6,3,-1,-1,1390,1,6,VOLKSWAGEN SCIROCCO,-1,-1,0,-1
2020160953751,2020,160953751,1,9,0,3,3,3,7,0,0,1,0,0,0,0,2,1,6,6,1,21,5,1968,2,10,VOLKSWAGEN SCIROCCO,1,E01012862,0,-1
2020220918727,2020,220918727,2,9,0,18,19,2,6,0,0,3,0,0,0,0,1,1,2,2,2,28,6,1968,2,9,VOLKSWAGEN SCIROCCO,10,E01032298,0,-1
2020320553995,2020,320553995,1,9,0,18,19,2,8,0,0,5,0,0,0,0,3,1,2,2,1,23,5,1968,2,5,VOLKSWAGEN SCIROCCO,-1,-1,0,-1
202063D060020,2020,63D060020,1,9,0,18,19,6,2,0,0,2,2,0,2,10,1,1,6,6,1,24,5,1968,2,11,VOLKSWAGEN SCIROCCO,7,W01000464,0,-1
2020200976059,2020,200976059,1,9,0,9,9,4,2,0,0,8,0,0,0,0,4,1,6,6,1,-1,-1,1984,1,9,VOLKSWAGEN SCIROCCO,-1,-1,0,-1
2020200994413,2020,200994413,1,9,0,18,19,5,1,0,0,0,0,4,1,11,1,1,6,6,1,-1,-1,1968,2,11,VOLKSWAGEN SCIROCCO,-1,-1,0,-1
2020010270481,2020,010270481,1,9,0,9,9,7,5,0,0,8,0,0,0,0,9,1,6,6,3,-1,-1,1390,1,10,VOLKSWAGEN SCIROCCO,5,E01002489,0,-1
2020010262894,2020,010262894,1,9,0,4,4,3,7,7,6,1,0,4,0,0,2,1,6,6,1,25,5,1984,1,4,VOLKSWAGEN SCIROCCO,4,E01004172,0,-1
2020010232098,2020,010232098,1,9,0,2,2,0,0,99,99,0,9,99,9,99,4,1,-1,-1,3,-1,-1,1984,1,3,VOLKSWAGEN SCIROCCO,-1,-1,0,-1
2020530988313,2020,530988313,1,9,0,11,11,5,1,0,0,0,2,0,1,0,1,1,5,6,1,32,6,1968,2,9,VOLKSWAGEN SCIROCCO,8,E01016286,0,-1
202031C161720,2020,31C161720,1,9,0,11,11,2,6,0,0,0,0,0,0,0,2,1,2,2,1,25,5,1968,2,9,VOLKSWAGEN SCIROCCO,1,E01013818,0,-1
2020360993011,2020,360993011,2,9,0,18,19,6,2,0,0,8,0,0,0,0,1,1,5,6,1,32,6,1968,2,4,VOLKSWAGEN SCIROCCO,4,E01023775,0,-1
2020990915587,2020,990915587,1,9,0,18,19,8,4,0,0,1,0,0,0,0,1,1,6,6,1,38,7,1390,1,8,VOLKSWAGEN SCIROCCO,4,-1,0,-1
2020500962256,2020,500962256,2,9,0,18,19,6,2,0,0,8,0,0,0,0,1,1,6,6,1,18,4,1968,2,10,VOLKSWAGEN SCIROCCO,9,E01015025,0,-1
2020010267161,2020,010267161,1,9,0,10,10,1,7,0,0,5,0,0,0,0,1,1,2,2,2,45,7,1984,1,5,VOLKSWAGEN SCIROCCO,3,E01001397,0,-1
202006A176345,2020,06A176345,1,9,0,15,15,6,2,2,2,1,0,0,0,0,1,1,6,6,1,49,8,1984,1,3,VOLKSWAGEN SCIROCCO,-1,-1,0,-1
2020200977136,2020,200977136,2,9,0,18,19,4,8,0,0,8,0,0,0,0,4,1,2,2,1,27,6,1968,2,4,VOLKSWAGEN SCIROCCO,5,-1,0,-1
2020030925539,2020,030925539,1,9,0,18,19,7,3,0,0,0,0,0,0,0,4,1,5,6,1,32,6,1968,2,8,VOLKSWAGEN SCIROCCO,5,E01019386,0,-1
2020220964740,2020,220964740,2,9,0,4,4,1,5,0,0,1,0,0,0,0,2,1,5,6,1,23,5,1968,2,9,VOLKSWAGEN SCIROCCO,5,E01032205,0,-1
2020010284889,2020,010284889,1,9,0,99,99,9,9,99,99,9,9,99,9,99,1,9,6,6,1,29,6,1390,1,9,VOLKSWAGEN SCIROCCO,3,E01002027,0,-1
2020210975648,2020,210975648,1,9,0,18,19,6,2,0,0,2,0,0,0,0,1,1,6,6,1,21,5,1968,2,11,VOLKSWAGEN SCIROCCO,3,E01010496,0,-1
2020430114133,2020,430114133,2,9,0,18,19,4,8,0,0,0,0,0,0,0,2,1,2,2,2,25,5,1984,1,9,VOLKSWAGEN SCIROCCO,7,E01016728,0,-1
2020200964295,2020,200964295,1,9,0,17,19,5,2,0,0,0,2,10,1,0,1,1,6,6,1,-1,-1,1968,2,8,VOLKSWAGEN SCIROCCO,-1,-1,0,-1
2020100963689,2020,100963689,1,9,0,17,19,4,8,9,9,0,1,10,1,0,1,1,5,6,2,26,6,1968,2,5,VOLKSWAGEN SCIROCCO,5,E01008293,0,-1
2020370924559,2020,370924559,3,9,0,3,3,7,3,0,0,0,0,0,0,0,2,1,2,2,2,35,6,1395,1,5,VOLKSWAGEN SCIROCCO,10,E01018263,0,-1
2020361003275,2020,361003275,1,9,0,9,9,8,7,0,0,1,0,0,3,4,1,1,5,6,1,22,5,1968,2,7,VOLKSWAGEN SCIROCCO,6,E01033457,0,-1
2020010252028,2020,010252028,1,9,0,18,19,5,1,0,0,1,0,0,0,0,3,1,6,6,1,28,6,1968,2,11,VOLKSWAGEN SCIROCCO,2,E01001482,0,-1
2020200965239,2020,200965239,1,9,0,18,19,8,4,0,0,8,0,0,0,0,1,1,6,6,1,19,4,1390,1,9,VOLKSWAGEN SCIROCCO,1,E01009123,0,-1
2020010258588,2020,010258588,2,9,0,3,3,1,5,0,0,0,0,8,1,0,4,1,6,6,2,-1,-1,1968,2,12,VOLKSWAGEN SCIROCCO,5,E01017525,0,-1
2020041004868,2020,041004868,1,9,0,16,19,1,5,0,0,1,0,0,0,0,1,1,6,6,2,29,6,1390,1,11,VOLKSWAGEN SCIROCCO,6,E01025562,0,-1
2020470956026,2020,470956026,2,9,0,18,19,7,4,0,0,8,0,0,0,0,3,1,5,6,2,46,8,1598,1,16,ALFA ROMEO 147,6,E01031477,0,-1