collision_index,collision_year,collision_ref_no,vehicle_reference,vehicle_type,towing_and_articulation,vehicle_manoeuvre_historic,vehicle_manoeuvre,vehicle_direction_from,vehicle_direction_to,vehicle_location_restricted_lane_historic,vehicle_location_restricted_lane,junction_location,skidding_and_overturning,hit_object_in_carriageway,vehicle_leaving_carriageway,hit_object_off_carriageway,first_point_of_impact,vehicle_left_hand_drive,journey_purpose_of_driver_historic,journey_purpose_of_driver,sex_of_driver,age_of_driver,age_band_of_driver,engine_capacity_cc,propulsion_code,age_of_vehicle,generic_make_model,driver_imd_decile,lsoa_of_driver,escooter_flag,driver_distance_banding
2020200995860,2020,200995860,1,9,0,18,19,1,6,0,0,8,0,0,0,0,3,1,6,6,2,32,6,1798,8,3,TOYOTA C-HR,3,E01009599,0,-1
2020010230240,2020,010230240,2,9,0,18,19,1,5,0,0,0,0,0,0,0,4,1,1,1,2,45,7,1798,8,1,TOYOTA C-HR,2,E01022039,0,-1
2020470978895,2020,470978895,1,9,0,18,19,6,2,0,0,0,0,0,0,0,4,1,6,6,2,32,6,1798,8,0,TOYOTA C-HR,1,E01016863,0,-1
2020430282253,2020,430282253,2,9,0,18,19,2,6,0,0,4,0,0,0,0,1,1,6,6,2,-1,-1,1197,1,2,TOYOTA C-HR,-1,-1,0,-1
2020010241072,2020,010241072,1,9,0,9,9,7,5,0,0,8,0,0,0,0,4,1,6,6,1,60,9,1798,8,1,TOYOTA C-HR,10,E01000794,0,-1
2020010248575,2020,010248575,1,9,0,5,5,0,5,0,0,1,0,0,0,0,1,1,6,6,2,53,8,1798,8,2,TOYOTA C-HR,1,E01004249,0,-1
2020350922044,2020,350922044,1,9,0,9,9,5,3,0,0,1,0,0,0,0,1,1,2,2,1,63,9,1798,8,2,TOYOTA C-HR,10,E01018305,0,-1
2020010253766,2020,010253766,1,9,0,99,99,9,9,99,99,9,9,99,9,99,2,9,6,6,1,31,6,1798,8,1,TOYOTA C-HR,2,E01002068,0,-1
2020450969248,2020,450969248,2,9,0,5,5,5,1,0,0,2,0,0,0,0,1,1,6,6,2,26,6,1798,8,1,TOYOTA C-HR,4,E01030304,0,-1
2020010254316,2020,010254316,3,9,0,18,19,6,2,0,0,0,0,0,0,0,0,1,1,1,1,38,7,1798,8,2,TOYOTA C-HR,4,E01004371,0,-1
2020137880857,2020,137880857,1,9,0,18,19,1,5,0,0,0,0,0,0,0,1,1,6,6,1,61,9,1197,1,1,TOYOTA C-HR,1,E01010841,0,-1
2020010249065,2020,010249065,1,9,0,18,19,1,5,0,0,0,0,0,0,0,1,1,6,6,1,32,6,1798,8,2,TOYOTA C-HR,-1,-1,0,-1
2020010231048,2020,010231048,2,9,0,18,19,7,3,0,0,1,0,0,1,0,1,1,3,7,1,73,10,1798,8,3,TOYOTA C-HR,6,E01003843,0,-1
2020470999511,2020,470999511,1,9,0,2,2,7,3,0,0,2,0,8,0,0,3,1,6,6,1,33,6,1987,8,0,TOYOTA C-HR,3,E01016858,0,-1
202031C031920,2020,31C031920,2,5,0,18,19,4,1,0,0,8,0,0,0,0,1,1,6,6,1,30,6,599,1,17,-1,9,E01028070,0,-1
2020470959926,2020,470959926,3,9,0,4,4,7,4,0,0,0,0,0,0,0,2,1,6,6,1,73,10,2316,1,30,-1,3,E01021048,0,-1
2020070512417,2020,070512417,2,9,0,17,19,1,6,0,0,0,0,0,0,0,1,1,6,6,1,35,6,1986,1,31,-1,8,E01018391,0,-1
2020070125697,2020,070125697,1,5,0,18,19,8,6,0,0,2,0,0,0,0,1,1,6,6,1,49,8,650,1,18,-1,4,E01018549,0,-1
2020010263673,2020,010263673,1,5,0,18,19,7,3,0,0,1,0,0,1,0,1,1,1,1,1,28,6,650,1,24,-1,4,E01004369,0,-1
2020461007772,2020,461007772,1,9,0,9,9,3,1,0,0,2,0,0,0,0,4,1,1,1,1,60,9,1598,1,13,-1,3,E01024713,0,-1
2020200998673,2020,200998673,2,9,0,18,19,6,2,0,0,8,0,0,0,0,1,1,6,6,1,42,7,1598,1,13,-1,2,E01033627,0,-1
2020010257303,2020,010257303,3,9,0,2,2,0,0,0,0,0,1,0,0,0,0,1,6,6,3,-1,-1,1598,1,12,-1,-1,-1,0,-1
2020170M20300,2020,170M20300,8,9,0,2,2,0,0,0,0,2,0,0,0,0,2,1,6,6,1,-1,-1,1598,1,13,-1,-1,-1,0,-1
2020440316442,2020,440316442,1,9,0,7,7,5,7,0,0,6,0,0,0,0,1,1,6,6,3,-1,-1,1998,1,13,-1,-1,-1,0,-1
2020610021620,2020,610021620,1,9,0,18,19,5,1,0,0,4,5,9,3,1,1,1,6,6,2,42,7,1998,1,13,-1,4,W01001524,0,-1
202031A113420,2020,31A113420,2,9,0,18,19,4,8,0,0,8,0,0,0,0,4,1,6,6,1,36,7,2776,2,14,CHRYSLER VOYAGER,2,E01028271,0,-1
2020370992259,2020,370992259,1,9,0,18,19,2,6,0,0,8,0,0,0,0,1,1,2,2,1,42,7,2776,2,13,CHRYSLER VOYAGER,6,E01029925,0,-1
2020010242574,2020,010242574,2,9,0,99,99,9,9,99,99,9,9,99,9,99,9,9,6,6,3,-1,-1,2776,2,15,CHRYSLER VOYAGER,3,E01001466,0,-1
2020500924977,2020,500924977,2,9,0,18,19,1,5,0,0,0,0,0,0,0,2,1,6,6,1,42,7,2777,2,11,CHRYSLER VOYAGER,7,E01015253,0,-1
2020470924904,2020,470924904,3,9,0,18,19,8,4,0,0,8,0,0,0,0,0,1,5,6,1,59,9,2499,2,19,CHRYSLER VOYAGER,5,E01031376,0,-1
2020450942490,2020,450942490,2,9,0,4,4,6,2,0,0,0,1,0,0,0,1,1,1,1,1,55,8,2499,2,14,CHRYSLER VOYAGER,4,E01017042,0,-1
20201379A0352,2020,1379A0352,1,9,0,18,19,6,2,0,0,2,0,0,0,0,4,1,6,6,2,26,6,2776,2,12,CHRYSLER VOYAGER,1,E01010832,0,-1
2020522004569,2020,522004569,1,9,0,18,19,1,5,0,0,0,0,0,0,0,0,1,6,6,1,50,8,2777,2,9,CHRYSLER VOYAGER,8,E01014755,0,-1
2020140925298,2020,140925298,2,9,0,17,19,7,3,0,0,1,0,0,0,0,1,1,5,6,2,32,6,2499,2,15,CHRYSLER VOYAGER,-1,-1,0,-1
2020010260708,2020,010260708,1,9,0,3,3,8,4,0,0,1,0,0,0,0,1,1,6,6,1,45,7,2776,2,12,CHRYSLER VOYAGER,-1,-1,0,-1
2020010243982,2020,010243982,1,9,0,18,19,1,5,0,0,1,0,0,0,0,3,1,6,6,1,45,7,2776,2,14,CHRYSLER VOYAGER,4,E01000633,0,-1
2020010262909,2020,010262909,1,9,0,7,7,8,3,0,0,2,0,0,0,0,4,1,6,6,1,43,7,3301,1,17,CHRYSLER VOYAGER,5,E01023533,0,-1
2020460953441,2020,460953441,1,9,0,15,15,4,8,0,0,1,0,0,0,0,4,1,5,6,1,50,8,2776,2,15,CHRYSLER VOYAGER,3,E01024481,0,-1
2020552000233,2020,552000233,3,9,0,3,3,2,6,0,0,0,0,0,0,0,2,1,6,6,2,55,8,2499,2,13,CHRYSLER VOYAGER,10,E01023005,0,-1
202031D019620,2020,31D019620,2,9,0,4,4,1,5,0,0,2,0,0,0,0,2,1,6,6,1,32,6,2776,2,14,CHRYSLER VOYAGER,8,E01028195,0,-1
2020470988450,2020,470988450,1,9,0,18,19,4,8,0,0,0,0,0,0,0,1,1,3,7,2,34,6,2776,2,16,CHRYSLER VOYAGER,7,E01031438,0,-1
20201379B0813,2020,1379B0813,1,9,0,9,9,7,5,0,0,8,0,0,0,0,4,1,6,6,1,30,6,2499,2,17,CHRYSLER VOYAGER,8,E01032818,0,-1
2020010270956,2020,010270956,2,9,0,9,9,4,2,0,0,0,0,0,0,0,3,1,6,6,1,60,9,2499,2,17,CHRYSLER VOYAGER,2,E01003288,0,-1
2020010244337,2020,010244337,2,9,0,18,19,3,7,0,0,1,0,0,0,0,1,1,6,6,2,49,8,2776,2,13,CHRYSLER VOYAGER,8,E01000708,0,-1
2020052000510,2020,052000510,1,9,0,9,9,6,2,0,0,8,0,0,0,0,1,1,2,2,1,47,8,2776,2,12,CHRYSLER VOYAGER,6,E01006941,0,-1
2020420934356,2020,420934356,1,9,0,18,19,3,7,0,0,0,0,0,0,0,0,1,5,6,2,57,9,2776,2,15,CHRYSLER VOYAGER,2,E01015840,0,-1
2020370964717,2020,370964717,1,9,0,18,19,6,1,0,0,1,0,0,0,0,-1,1,6,6,3,-1,-1,3301,1,16,CHRYSLER VOYAGER,-1,-1,0,-1
2020010251198,2020,010251198,1,9,0,5,5,8,4,0,0,1,1,0,0,0,1,1,6,6,1,50,8,2776,2,12,CHRYSLER VOYAGER,-1,-1,0,-1
2020010244177,2020,010244177,1,9,0,9,9,5,4,0,0,8,0,0,0,0,3,1,6,6,1,56,9,3301,1,17,CHRYSLER VOYAGER,6,E01001033,0,-1
2020200969366,2020,200969366,2,9,0,18,19,8,4,0,0,8,0,0,0,0,1,1,6,6,1,36,7,2776,2,15,CHRYSLER VOYAGER,2,E01010442,0,-1
2020470983785,2020,470983785,1,9,0,13,13,2,7,0,0,0,0,0,7,4,1,1,1,1,1,25,5,2429,1,17,CHRYSLER VOYAGER,4,E01031610,0,-1
2020010235970,2020,010235970,1,9,0,9,9,3,1,0,0,6,0,0,1,0,1,1,6,6,1,54,8,3301,1,15,CHRYSLER VOYAGER,1,E01004722,0,-1
2020140935552,2020,140935552,1,9,0,17,19,7,3,0,0,0,0,0,0,0,1,1,1,1,1,48,8,2776,2,13,CHRYSLER VOYAGER,2,E01007815,0,-1
2020200995550,2020,200995550,2,9,0,18,19,4,8,0,0,8,0,0,0,0,1,1,6,6,1,48,8,3301,1,17,CHRYSLER VOYAGER,10,E01029822,0,-1
2020200947387,2020,200947387,1,9,0,18,19,6,2,0,0,0,0,4,0,0,1,1,6,6,1,54,8,2770,2,14,CHRYSLER VOYAGER,5,E01009009,0,-1
2020350949985,2020,350949985,1,9,0,18,19,1,7,0,0,1,0,0,0,0,3,1,6,6,1,43,7,3301,1,22,CHRYSLER VOYAGER,7,E01018022,0,-1
2020990993965,2020,990993965,1,9,0,5,5,7,2,0,0,1,0,0,3,0,1,1,3,7,1,41,7,2776,2,14,CHRYSLER VOYAGER,2,-1,0,-1
2020351002889,2020,351002889,3,9,0,18,19,8,4,0,0,0,1,0,0,0,1,1,2,2,2,26,6,2499,2,17,CHRYSLER VOYAGER,7,E01033427,0,-1
2020360961607,2020,360961607,2,9,0,18,19,7,3,0,0,0,0,0,1,0,2,1,5,6,1,68,10,2499,2,16,CHRYSLER VOYAGER,8,E01026584,0,-1
2020010277984,2020,010277984,2,9,0,9,9,8,6,0,0,8,0,0,0,0,1,1,6,6,1,84,11,1560,2,3,-1,9,E01001521,0,-1
2020302001350,2020,302001350,1,5,0,18,19,8,4,0,0,8,0,0,0,0,1,1,6,6,1,50,8,1198,1,4,Ducati MULTISTRADA 1200,9,E01029465,0,-1
202063B049620,2020,63B049620,1,5,0,16,19,3,6,0,0,1,0,0,0,0,1,1,6,6,1,34,6,1198,1,4,Ducati MULTISTRADA 1200,3,E01028880,0,-1
2020990963846,2020,990963846,2,5,0,17,19,6,2,0,0,1,5,0,1,0,1,1,5,6,1,50,8,1198,1,8,Ducati MULTISTRADA 1200,9,E01011965,0,-1
2020010284591,2020,010284591,1,5,0,99,99,9,9,99,99,9,9,99,9,99,9,1,2,2,1,65,9,1198,1,3,Ducati MULTISTRADA 1200,10,E01017801,0,-1
2020990944881,2020,990944881,2,5,0,18,19,7,3,0,0,3,5,0,0,0,4,1,2,2,1,58,9,1198,1,5,Ducati MULTISTRADA 1200,10,-1,0,-1
2020500997026,2020,500997026,1,5,0,18,19,1,5,0,0,1,0,0,0,0,1,1,5,6,1,26,6,1198,1,9,Ducati MULTISTRADA 1200,6,E01018959,0,-1
2020500926506,2020,500926506,2,5,0,18,19,1,5,0,0,8,0,0,0,0,1,1,5,6,1,60,9,1198,1,5,Ducati MULTISTRADA 1200,9,E01015121,0,-1
2020430274720,2020,430274720,1,5,0,13,13,4,8,0,0,0,0,0,0,0,1,1,6,6,1,26,6,1198,1,3,Ducati MULTISTRADA 1200,7,E01028501,0,-1
2020010240467,2020,010240467,2,5,0,18,19,1,5,0,0,0,0,0,0,0,1,1,2,2,1,43,7,1198,1,10,Ducati MULTISTRADA 1200,8,E01004075,0,-1
2020990963846,2020,990963846,1,5,0,17,19,6,2,0,0,1,5,0,1,0,1,1,5,6,1,45,7,1198,1,3,Ducati MULTISTRADA 1200,3,E01020827,0,-1
2020520004403,2020,520004403,2,5,0,18,19,6,2,0,0,0,0,0,0,0,1,1,6,6,1,55,8,1198,1,9,Ducati MULTISTRADA 1200,1,E01029297,0,-1
2020552000380,2020,552000380,2,19,0,3,3,6,2,0,0,1,0,0,0,0,2,1,6,6,2,50,8,1560,2,5,FIAT SCUDO,6,E01020586,0,-1
2020010250614,2020,010250614,1,19,0,18,19,3,7,0,0,1,1,10,2,3,1,1,6,6,1,33,6,1997,2,14,FIAT SCUDO,4,E01022041,0,-1
202006N168211,2020,06N168211,2,19,0,9,9,2,7,0,0,8,0,0,0,0,4,1,6,6,1,60,9,1997,2,12,FIAT SCUDO,-1,-1,0,-1
2020990949726,2020,990949726,1,19,0,18,19,6,2,0,0,0,5,10,5,0,1,1,5,6,1,55,8,1997,2,16,FIAT SCUDO,6,-1,0,-1
2020010269317,2020,010269317,1,19,0,18,19,1,5,0,0,1,0,0,0,0,4,2,6,6,1,59,9,1997,2,13,FIAT SCUDO,3,E01002030,0,-1
2020101008781,2020,101008781,1,19,0,9,9,3,1,0,0,8,0,0,0,0,1,1,6,6,1,30,6,1997,2,7,FIAT SCUDO,-1,-1,0,-1
2020122000913,2020,122000913,1,19,0,5,5,3,7,0,0,4,0,0,0,0,3,1,1,1,1,56,9,1997,2,14,FIAT SCUDO,10,E01013337,0,-1
2020500937951,2020,500937951,1,19,0,18,19,1,5,0,0,0,0,0,0,0,3,1,1,1,1,60,9,1867,2,15,FIAT SCUDO,6,E01020531,0,-1
2020052001957,2020,052001957,1,8,0,18,19,3,7,0,0,8,0,0,0,0,3,1,1,1,1,57,9,1997,2,10,-1,2,E01012388,0,-1
2020160917908,2020,160917908,2,9,0,18,19,7,3,0,0,0,0,0,0,0,2,1,1,1,1,61,9,1997,2,7,-1,1,E01012917,0,-1
2020200942215,2020,200942215,2,8,0,2,2,0,0,0,0,0,0,0,0,0,2,1,1,1,1,61,9,1997,2,11,-1,1,E01033642,0,-1
2020140995837,2020,140995837,2,8,0,18,19,2,2,0,0,0,0,0,0,0,1,1,1,1,1,45,7,1997,2,13,-1,1,E01007906,0,-1
2020141007036,2020,141007036,1,8,0,18,19,1,5,0,0,0,0,0,0,0,1,1,6,6,3,-1,-1,1997,2,12,-1,-1,-1,0,-1
2020170H10650,2020,170H10650,2,19,0,2,2,0,0,0,0,0,0,0,0,0,1,1,1,1,1,62,9,1997,2,12,FIAT SCUDO,1,E01011980,0,-1
2020140982024,2020,140982024,2,98,0,4,4,3,3,0,0,0,0,0,0,0,2,1,2,2,1,46,8,1997,2,13,-1,5,E01007803,0,-1
2020160950228,2020,160950228,1,19,0,7,7,7,3,0,0,8,0,0,0,0,3,1,1,1,1,57,9,1997,2,15,FIAT SCUDO,7,E01013034,0,-1
2020420968311,2020,420968311,1,19,0,18,19,2,6,0,0,0,0,0,0,0,1,1,6,6,1,-1,-1,1868,2,18,FIAT SCUDO,-1,-1,0,-1
2020201007026,2020,201007026,1,98,0,18,19,7,3,0,0,0,0,0,0,0,1,1,6,6,3,-1,-1,1868,2,16,-1,-1,-1,0,-1
2020990997377,2020,990997377,1,19,0,9,9,6,3,0,0,2,0,0,3,11,1,1,2,2,1,56,9,1560,2,12,FIAT SCUDO,4,-1,0,-1
2020161004412,2020,161004412,1,98,0,12,12,1,5,0,0,8,0,0,0,0,1,1,5,6,1,40,7,1997,2,11,-1,1,E01012877,0,-1
2020070061514,2020,070061514,2,8,0,7,7,2,6,0,0,3,0,9,0,0,1,1,1,1,1,51,8,1997,2,12,-1,1,E01012480,0,-1
2020010246253,2020,010246253,2,19,9,99,99,9,9,99,99,1,9,99,9,99,1,9,6,6,3,-1,-1,1997,2,18,FIAT SCUDO,-1,-1,0,-1
2020501002618,2020,501002618,1,19,0,4,4,6,2,0,0,0,1,0,5,0,1,1,5,6,1,66,10,1997,2,12,FIAT SCUDO,8,E01015119,0,-1
2020030947408,2020,030947408,1,9,0,18,19,5,1,0,0,1,0,0,0,0,1,1,1,1,1,67,10,-1,-1,-1,-1,4,E01019120,0,-1
2020160990308,2020,160990308,1,19,0,18,19,4,1,0,0,1,0,0,0,0,1,1,6,6,1,27,6,1867,2,15,FIAT SCUDO,9,E01013275,0,-1
2020200930200,2020,200930200,1,19,0,18,19,4,8,0,0,0,0,0,0,0,1,1,6,6,1,-1,-1,1997,2,14,FIAT SCUDO,-1,-1,0,-1
2020470979505,2020,470979505,1,3,0,14,14,2,6,0,0,0,0,0,0,0,4,1,5,6,1,22,5,124,1,17,-1,6,E01031688,0,-1
2020122000500,2020,122000500,1,5,0,17,19,5,2,0,0,0,0,12,0,0,3,1,6,6,1,36,7,1247,1,6,-1,-1,-1,0,-1
2020351012553,2020,351012553,2,5,0,17,19,6,3,0,0,1,5,0,0,0,4,1,6,6,1,49,8,1130,1,17,-1,9,E01018133,0,-1
202063C042520,2020,63C042520,1,5,0,18,19,5,1,0,0,8,1,0,3,10,1,1,6,6,1,67,10,1250,1,12,-1,4,W01000672,0,-1
2020430294787,2020,430294787,2,5,0,18,19,7,3,0,0,8,0,0,0,0,3,1,6,6,1,50,8,1250,1,11,-1,3,E01002527,0,-1
2020500984527,2020,500984527,2,5,0,4,4,7,3,0,0,1,5,0,0,0,2,1,2,2,1,32,6,1250,1,12,-1,7,E01032628,0,-1
2020010254104,2020,010254104,1,5,0,99,99,9,9,99,99,9,9,99,9,99,1,1,6,6,1,68,10,1131,1,15,-1,3,E01001048,0,-1
2020450980350,2020,450980350,1,5,0,16,19,2,6,0,0,2,0,0,0,0,3,1,5,6,1,70,10,1130,1,15,-1,6,E01021204,0,-1
2020440148715,2020,440148715,1,5,0,18,19,8,4,0,0,0,1,0,0,0,4,1,6,6,1,66,10,1130,1,15,-1,8,E01023004,0,-1
2020340N08662,2020,340N08662,1,19,0,18,19,1,5,0,0,4,0,0,0,0,1,1,1,1,1,51,8,5880,2,8,IVECO Model Missing,5,E01017390,0,-1
2020231017435,2020,231017435,2,20,0,18,19,5,1,0,0,1,0,0,0,0,1,1,1,1,1,51,8,3920,2,8,IVECO Model Missing,7,E01031212,0,-1
2020440019487,2020,440019487,1,20,0,9,9,1,7,0,0,8,0,0,0,0,3,1,1,1,1,-1,-1,5880,2,9,IVECO Model Missing,-1,-1,0,-1
2020010233467,2020,010233467,1,19,0,4,4,6,2,0,0,0,0,0,0,0,2,1,1,1,1,43,7,4485,2,5,IVECO Model Missing,2,E01004231,0,-1
2020070395903,2020,070395903,1,21,1,18,19,8,4,0,0,0,0,0,0,0,2,1,1,1,1,54,8,10308,2,8,IVECO Model Missing,2,W01001942,0,-1
20201371R0518,2020,1371R0518,2,20,0,18,19,2,6,0,0,1,0,0,0,0,1,1,1,1,1,58,9,5880,2,11,IVECO Model Missing,4,E01006187,0,-1
2020421003927,2020,421003927,1,21,0,18,19,5,1,0,0,0,1,2,3,1,1,1,1,1,1,56,9,3920,2,13,IVECO Model Missing,-1,-1,0,-1
2020522101319,2020,522101319,1,21,1,11,11,3,7,6,6,0,0,0,0,0,2,1,1,1,1,64,9,10308,2,12,IVECO Model Missing,5,E01032056,0,-1
2020137571067,2020,137571067,2,20,0,4,4,1,5,0,0,1,0,0,0,0,3,1,1,1,1,45,7,3920,2,12,IVECO Model Missing,1,E01027907,0,-1
2020470984124,2020,470984124,2,21,0,18,19,8,4,0,0,1,0,0,0,0,1,1,2,2,1,42,7,3920,2,6,IVECO Model Missing,4,E01021017,0,-1
2020410993071,2020,410993071,2,19,0,18,19,6,2,0,0,0,0,0,0,0,1,1,6,6,1,-1,-1,2998,2,4,IVECO Model Missing,10,E01017534,0,-1
2020211009562,2020,211009562,3,20,1,4,4,5,1,0,0,0,0,0,0,0,2,1,1,1,1,66,10,-1,-1,-1,IVECO Model Missing,5,W01001818,0,-1
202031C165620,2020,31C165620,3,21,0,18,19,7,3,0,0,0,0,0,0,0,1,1,1,1,1,47,8,3920,2,6,IVECO Model Missing,1,E01013864,0,-1
2020990934340,2020,990934340,5,21,0,18,19,6,2,0,0,0,0,0,0,0,1,1,1,1,1,55,8,3920,2,9,IVECO Model Missing,9,-1,0,-1
2020070486756,2020,070486756,3,21,0,2,2,0,0,0,0,2,0,0,0,0,0,1,1,1,1,42,7,5880,2,9,IVECO Model Missing,4,E01018402,0,-1
2020070369800,2020,070369800,2,21,1,18,19,1,6,0,0,8,1,0,0,0,1,1,1,1,1,63,9,11120,2,4,IVECO Model Missing,4,E01018398,0,-1
2020371002018,2020,371002018,1,21,0,18,19,7,3,0,0,1,0,0,0,0,1,1,1,1,1,33,6,5880,2,11,IVECO Model Missing,5,E01030165,0,-1
2020990978035,2020,990978035,2,20,0,17,19,6,2,0,0,0,0,10,1,11,1,1,1,1,1,42,7,2998,2,4,IVECO Model Missing,1,-1,0,-1
2020140990894,2020,140990894,1,21,0,18,19,6,2,0,0,8,0,0,0,0,1,1,1,1,1,35,6,10308,2,9,IVECO Model Missing,1,E01007564,0,-1
2020990934368,2020,990934368,3,20,1,18,19,7,3,0,0,0,0,0,0,0,4,1,1,1,1,36,7,5880,2,15,IVECO Model Missing,1,-1,0,-1
2020070539048,2020,070539048,2,21,1,17,19,3,8,0,0,0,0,0,0,0,1,1,1,1,1,55,8,7790,2,15,IVECO Model Missing,4,E01029811,0,-1
2020140965361,2020,140965361,1,20,0,18,19,4,8,0,0,0,0,0,1,4,4,1,1,1,1,48,8,3920,2,7,IVECO Model Missing,6,E01026404,0,-1
2020420947702,2020,420947702,2,20,0,2,2,7,3,0,0,0,0,0,0,0,2,1,2,2,1,56,9,3920,2,9,IVECO Model Missing,1,E01021305,0,-1
2020430176322,2020,430176322,2,21,0,2,2,0,0,0,0,0,0,0,0,0,2,1,1,1,1,59,9,5880,2,11,IVECO Model Missing,-1,-1,0,-1
2020460963064,2020,460963064,1,19,0,18,19,3,7,0,0,2,1,0,0,0,1,1,6,6,1,25,5,3920,2,7,IVECO Model Missing,4,E01000428,0,-1
2020500932778,2020,500932778,1,21,0,5,5,5,1,0,0,8,0,0,0,0,1,1,1,1,1,26,6,-1,-1,-1,IVECO Model Missing,1,E01018841,0,-1
2020010268503,2020,010268503,1,21,0,7,7,1,4,0,0,5,0,0,0,0,1,1,1,1,1,49,8,-1,-1,-1,IVECO Model Missing,6,E01003378,0,-1
2020460932269,2020,460932269,1,20,1,18,19,8,3,0,0,0,0,0,0,0,0,1,6,6,3,-1,-1,-1,-1,-1,IVECO Model Missing,-1,-1,0,-1
2020501007427,2020,501007427,1,20,4,1,1,7,3,0,0,0,0,0,0,0,2,1,1,1,1,44,7,2998,2,2,IVECO Model Missing,6,E01017261,0,-1
2020420997394,2020,420997394,1,19,0,18,19,2,6,0,0,1,0,0,0,0,1,1,6,6,1,60,9,3920,2,6,IVECO Model Missing,-1,-1,0,-1
2020990916567,2020,990916567,1,19,0,18,19,3,7,0,0,0,0,0,0,0,3,1,1,1,1,25,5,-1,-1,-1,IVECO Model Missing,4,-1,0,-1
2020010268795,2020,010268795,2,19,0,18,19,1,5,0,0,1,0,0,0,0,1,1,1,1,1,53,8,3920,2,14,IVECO Model Missing,8,E01000989,0,-1
2020010285233,2020,010285233,1,19,0,18,19,1,5,0,0,2,0,0,0,0,1,1,1,1,1,29,6,2287,2,2,IVECO Model Missing,4,E01002233,0,-1
2020332000048,2020,332000048,1,21,0,18,19,5,8,0,0,1,0,0,0,0,1,1,1,1,1,36,7,10308,2,7,IVECO Model Missing,4,E01025742,0,-1
2020500939053,2020,500939053,2,19,0,16,19,5,8,0,0,0,2,0,0,0,1,1,1,1,1,29,6,-1,-1,-1,IVECO Model Missing,6,E01020108,0,-1
2020990953411,2020,990953411,2,21,0,2,2,0,0,0,0,0,0,0,0,0,2,1,1,1,1,47,8,5880,2,15,IVECO Model Missing,9,-1,0,-1
2020332000090,2020,332000090,6,19,0,18,19,8,4,0,0,0,0,0,0,0,1,1,1,1,1,40,7,5880,2,7,IVECO Model Missing,6,E01025759,0,-1
2020070073963,2020,070073963,4,19,0,2,2,0,0,6,6,0,0,2,0,0,2,1,1,1,1,-1,-1,6728,2,5,IVECO Model Missing,-1,-1,0,-1
2020400924032,2020,400924032,1,19,5,17,19,3,8,0,0,0,0,0,0,0,3,1,5,6,2,49,8,3920,2,16,IVECO Model Missing,8,E01023625,0,-1
2020052000950,2020,052000950,1,20,0,9,9,8,6,0,0,4,0,0,0,0,1,1,6,6,1,64,9,5880,2,15,IVECO Model Missing,2,E01006751,0,-1
2020302000503,2020,302000503,2,19,0,2,2,0,0,9,9,0,0,0,0,0,1,1,6,6,3,-1,-1,2800,2,16,IVECO Model Missing,-1,-1,0,-1
2020320592010,2020,320592010,1,19,0,18,19,7,3,0,0,0,5,0,8,3,3,1,2,2,1,32,6,2300,2,17,IVECO Model Missing,1,E01033764,0,-1
2020320134280,2020,320134280,2,21,0,18,19,7,3,0,0,0,0,0,0,0,1,1,1,1,1,40,7,10308,2,11,IVECO Model Missing,6,E01026153,0,-1
2020440088807,2020,440088807,1,20,0,7,7,5,7,0,0,8,0,0,0,0,1,1,1,1,1,43,7,3920,2,9,IVECO Model Missing,3,E01022899,0,-1
2020160936668,2020,160936668,1,19,0,18,19,1,5,0,0,0,0,0,0,0,1,1,5,6,1,26,6,2287,2,9,IVECO Model Missing,9,E01013016,0,-1
2020160952582,2020,160952582,2,21,0,18,19,3,7,0,0,8,0,0,0,0,1,1,1,1,1,45,7,8710,2,1,IVECO Model Missing,7,E01013018,0,-1
2020122000285,2020,122000285,1,21,1,18,19,1,5,0,0,1,0,0,0,0,1,1,1,1,1,48,8,10308,2,10,IVECO Model Missing,1,E01005948,0,-1
2020440468306,2020,440468306,1,19,0,13,13,1,5,0,0,2,0,0,0,0,4,1,1,1,1,56,9,2287,2,12,IVECO Model Missing,8,E01031840,0,-1
2020070485901,2020,070485901,1,20,5,1,1,1,5,0,0,0,0,0,0,0,2,1,6,6,1,30,6,5880,2,12,IVECO Model Missing,-1,-1,0,-1
2020070324881,2020,070324881,1,20,0,18,19,2,6,0,0,0,0,0,0,0,1,1,6,6,1,56,9,-1,-1,-1,IVECO Model Missing,10,E01018385,0,-1
2020542712120,2020,542712120,2,21,0,2,2,0,0,6,6,0,0,0,0,7,2,1,6,6,1,42,7,3920,2,7,IVECO Model Missing,6,W01000502,0,-1