collision_index,collision_year,collision_ref_no,vehicle_reference,vehicle_type,towing_and_articulation,vehicle_manoeuvre_historic,vehicle_manoeuvre,vehicle_direction_from,vehicle_direction_to,vehicle_location_restricted_lane_historic,vehicle_location_restricted_lane,junction_location,skidding_and_overturning,hit_object_in_carriageway,vehicle_leaving_carriageway,hit_object_off_carriageway,first_point_of_impact,vehicle_left_hand_drive,journey_purpose_of_driver_historic,journey_purpose_of_driver,sex_of_driver,age_of_driver,age_band_of_driver,engine_capacity_cc,propulsion_code,age_of_vehicle,generic_make_model,driver_imd_decile,lsoa_of_driver,escooter_flag,driver_distance_banding
2020140992364,2020,140992364,2,9,0,7,7,1,5,0,0,4,1,0,0,0,3,1,2,2,1,41,7,1461,2,6,NISSAN JUKE,6,E01013301,0,-1
2020470958643,2020,470958643,1,9,0,9,9,5,3,0,0,8,0,0,0,0,1,1,5,6,1,63,9,1598,1,2,NISSAN JUKE,2,E01001143,0,-1
2020160988500,2020,160988500,1,9,0,18,19,6,2,0,0,0,0,0,0,0,2,1,6,6,1,20,4,1461,2,3,NISSAN JUKE,1,E01012874,0,-1
20201371H0226,2020,1371H0226,1,9,0,5,5,8,4,0,0,4,0,0,0,0,4,1,2,2,2,25,5,1461,2,3,NISSAN JUKE,6,E01011586,0,-1
20201371P0706,2020,1371P0706,1,9,0,18,19,4,7,0,0,0,0,0,0,0,1,1,6,6,2,28,6,1461,2,5,NISSAN JUKE,5,E01010898,0,-1
2020010239628,2020,010239628,1,9,0,3,3,1,5,0,0,1,9,0,0,99,2,9,2,2,2,60,9,1598,1,2,NISSAN JUKE,2,E01003236,0,-1
2020400935650,2020,400935650,1,9,0,4,4,7,3,0,0,0,0,0,0,0,2,1,5,6,1,44,7,1618,1,10,NISSAN JUKE,3,E01000094,0,-1
2020460970647,2020,460970647,2,9,0,10,10,-1,-1,0,0,1,0,0,7,0,2,1,5,6,2,35,6,1598,1,9,NISSAN JUKE,7,E01024569,0,-1
2020470960197,2020,470960197,1,9,0,18,19,7,3,0,0,0,0,0,0,0,1,1,6,6,1,76,11,1598,1,8,NISSAN JUKE,1,E01021015,0,-1
2020122000798,2020,122000798,1,9,0,18,19,1,5,0,0,0,0,0,0,0,1,1,6,6,1,82,11,999,1,0,NISSAN JUKE,9,E01027885,0,-1
2020610006120,2020,610006120,1,9,0,18,19,7,3,0,0,4,0,0,0,0,1,1,3,7,2,44,7,1598,1,8,NISSAN JUKE,3,W01001461,0,-1
2020201001859,2020,201001859,1,9,0,17,19,6,3,0,0,2,1,10,7,5,4,1,2,2,2,25,5,1461,2,7,NISSAN JUKE,1,E01009364,0,-1
2020370977140,2020,370977140,2,9,0,18,19,3,7,0,0,0,0,0,1,9,1,1,5,6,1,49,8,1461,2,6,NISSAN JUKE,1,E01021703,0,-1
2020400955842,2020,400955842,2,9,0,18,19,5,5,0,0,0,0,0,0,0,1,1,5,6,1,53,8,1461,2,3,NISSAN JUKE,9,E01017372,0,-1
2020100971514,2020,100971514,1,9,0,18,19,7,3,0,0,4,0,0,0,0,1,1,6,6,2,51,8,1598,1,9,NISSAN JUKE,4,-1,0,-1
2020010274550,2020,010274550,1,9,0,9,9,1,7,0,0,1,0,0,0,0,1,1,1,1,2,56,9,1598,1,1,NISSAN JUKE,4,E01001323,0,-1
2020030959783,2020,030959783,3,9,0,2,2,0,0,0,0,0,0,0,0,0,3,1,6,6,3,-1,-1,1197,1,3,NISSAN JUKE,-1,-1,0,-1
2020031005143,2020,031005143,1,9,0,9,9,4,2,0,0,4,0,0,0,0,1,1,5,6,1,76,11,1598,1,2,NISSAN JUKE,5,E01019388,0,-1
2020160968118,2020,160968118,1,9,0,18,19,3,7,0,0,0,0,0,0,0,1,1,5,6,2,48,8,1461,2,6,NISSAN JUKE,8,E01013035,0,-1
2020010250390,2020,010250390,2,9,0,99,99,9,9,99,99,9,9,99,9,99,1,9,6,6,3,-1,-1,1598,1,7,NISSAN JUKE,3,E01003141,0,-1
2020360942009,2020,360942009,1,9,0,7,7,1,4,0,0,2,0,0,0,0,3,1,1,1,2,59,9,1461,2,8,NISSAN JUKE,9,E01026936,0,-1
2020990984578,2020,990984578,1,9,0,9,9,8,4,0,0,4,0,0,0,0,1,1,5,6,2,29,6,1197,1,3,NISSAN JUKE,3,-1,0,-1
2020230954990,2020,230954990,2,9,0,18,19,5,1,0,0,1,0,0,0,0,1,1,5,6,2,31,6,1461,2,4,NISSAN JUKE,5,E01031168,0,-1
2020010235361,2020,010235361,1,9,0,7,7,9,9,0,0,8,9,0,0,99,1,9,6,6,1,39,7,1598,1,6,NISSAN JUKE,8,E01016491,0,-1
2020430073613,2020,430073613,1,9,0,9,9,1,7,0,0,6,0,0,0,0,3,1,6,6,2,58,9,1598,1,2,NISSAN JUKE,6,E01028477,0,-1
2020010246452,2020,010246452,1,9,0,99,99,9,9,99,99,9,9,99,9,99,3,9,6,6,2,63,9,999,1,1,NISSAN JUKE,7,E01002176,0,-1
2020040917961,2020,040917961,2,9,0,18,19,7,3,0,0,3,0,0,0,0,2,1,2,2,2,55,8,1461,2,4,NISSAN JUKE,1,E01025068,0,-1
2020010281876,2020,010281876,2,9,0,18,19,5,1,0,0,1,5,0,0,0,1,1,6,6,1,33,6,1461,2,3,NISSAN JUKE,3,E01001493,0,-1
2020010275499,2020,010275499,1,9,0,3,3,4,8,0,0,1,9,0,0,99,2,1,6,6,2,65,9,1598,1,7,NISSAN JUKE,4,E01000558,0,-1
2020991006619,2020,991006619,3,9,0,18,19,1,5,0,0,0,1,0,0,0,1,1,6,6,2,29,6,1461,2,7,NISSAN JUKE,1,-1,0,-1
2020460938721,2020,460938721,1,9,0,7,7,5,7,0,0,0,0,0,0,0,1,1,6,6,2,41,7,1461,2,3,NISSAN JUKE,9,E01016104,0,-1
2020430300208,2020,430300208,2,9,0,9,9,4,2,0,0,8,5,0,0,0,2,1,6,6,2,62,9,1197,1,4,NISSAN JUKE,2,E01016741,0,-1
2020100947984,2020,100947984,1,9,0,18,19,6,1,0,0,1,0,0,0,0,1,1,6,6,1,49,8,1461,2,9,NISSAN JUKE,4,E01008614,0,-1
2020461005231,2020,461005231,2,9,0,18,19,4,8,0,0,0,0,0,0,0,1,1,1,1,1,21,5,1461,2,6,NISSAN JUKE,6,E01024700,0,-1
202054C552220,2020,54C552220,1,9,0,18,19,1,4,0,0,2,0,0,0,0,1,1,6,6,1,62,9,1461,2,9,NISSAN JUKE,2,W01000600,0,-1
2020010240231,2020,010240231,2,9,0,18,19,1,5,0,0,9,0,0,0,0,3,1,-1,-1,3,-1,-1,1598,1,10,NISSAN JUKE,-1,-1,0,-1
2020010257862,2020,010257862,1,9,0,7,7,7,2,0,0,1,0,0,0,0,4,1,6,6,2,60,9,1197,1,5,NISSAN JUKE,2,E01000042,0,-1
2020460977668,2020,460977668,1,9,0,18,19,7,3,0,0,0,0,0,0,0,1,1,5,6,2,28,6,1197,1,5,NISSAN JUKE,5,E01024551,0,-1
2020010274352,2020,010274352,2,9,0,18,19,7,3,0,0,1,0,0,0,0,1,1,6,6,2,26,6,1598,1,3,NISSAN JUKE,2,E01002716,0,-1
2020040919259,2020,040919259,2,9,0,18,19,1,5,0,0,8,0,0,0,0,3,1,2,2,2,53,8,1461,2,5,NISSAN JUKE,9,E01012598,0,-1
2020010247143,2020,010247143,1,9,0,9,9,3,1,0,0,2,0,0,0,0,4,1,1,1,2,23,5,1598,1,4,NISSAN JUKE,2,E01001515,0,-1
2020500924180,2020,500924180,2,9,0,4,4,7,2,0,0,0,0,0,0,0,2,1,5,6,2,60,9,1598,1,2,NISSAN JUKE,4,E01020292,0,-1
2020200923576,2020,200923576,1,9,0,9,9,7,5,0,0,5,0,0,0,0,1,1,6,6,2,42,7,1461,2,6,NISSAN JUKE,7,E01009446,0,-1
2020010230278,2020,010230278,2,9,0,5,5,3,7,0,0,8,0,0,0,0,1,1,6,6,2,39,7,1461,2,4,NISSAN JUKE,3,E01002610,0,-1
2020220953301,2020,220953301,3,9,0,2,2,0,0,0,0,0,0,0,0,0,2,1,5,6,2,41,7,1598,1,5,NISSAN JUKE,8,E01032153,0,-1
2020010268040,2020,010268040,1,9,0,99,99,9,9,99,99,9,9,99,9,99,9,9,6,6,2,35,6,1598,1,9,NISSAN JUKE,3,E01024717,0,-1
2020302000457,2020,302000457,1,9,0,18,19,5,1,0,0,8,0,0,1,11,1,1,6,6,1,32,6,1598,1,9,NISSAN JUKE,10,E01019848,0,-1
2020010267319,2020,010267319,1,9,0,17,19,3,7,0,0,3,0,0,3,10,1,1,6,6,1,47,8,1197,1,6,NISSAN JUKE,8,E01001402,0,-1
2020522101872,2020,522101872,2,9,0,18,19,3,7,0,0,0,0,0,1,0,3,1,6,6,2,27,6,999,1,0,NISSAN JUKE,3,E01014926,0,-1
2020040959560,2020,040959560,1,9,0,18,19,7,3,0,0,1,0,0,0,0,0,1,5,6,2,32,6,1197,1,5,NISSAN JUKE,1,E01024899,0,-1
2020612001081,2020,612001081,1,9,0,18,19,2,6,0,0,0,0,0,0,0,1,1,2,2,1,24,5,1598,1,10,NISSAN JUKE,10,W01001513,0,-1
2020170M10950,2020,170M10950,2,9,0,18,19,8,4,0,0,8,0,0,0,0,3,1,6,6,1,28,6,1598,1,9,NISSAN JUKE,1,E01012088,0,-1
2020332000134,2020,332000134,2,9,0,18,19,4,8,0,0,8,0,0,0,0,1,1,6,6,1,63,9,1461,2,5,NISSAN JUKE,6,E01027030,0,-1
2020211023983,2020,211023983,1,9,0,3,3,7,3,0,0,0,0,0,0,0,1,1,6,6,2,-1,-1,1461,2,3,NISSAN JUKE,1,E01014213,0,-1
2020991004293,2020,991004293,1,9,0,17,19,5,1,0,0,0,0,12,0,0,1,1,2,2,2,53,8,1461,2,6,NISSAN JUKE,3,-1,0,-1
2020221011380,2020,221011380,1,9,0,13,13,4,8,0,0,0,1,0,1,11,1,1,5,6,2,28,6,999,1,0,NISSAN JUKE,-1,-1,0,-1
2020430112788,2020,430112788,1,9,0,9,9,8,6,0,0,8,0,0,0,0,1,1,6,6,3,-1,-1,1461,2,7,NISSAN JUKE,-1,-1,0,-1
2020350993527,2020,350993527,2,9,0,18,19,6,2,0,0,8,0,0,0,0,1,1,6,6,2,25,5,1197,1,4,NISSAN JUKE,5,E01033113,0,-1
2020110979194,2020,110979194,1,9,0,18,19,8,4,0,0,1,0,0,0,0,1,1,6,6,2,46,8,1461,2,6,NISSAN JUKE,6,E01020794,0,-1
2020400973941,2020,400973941,6,9,0,3,3,7,3,0,0,2,0,0,0,0,1,1,5,6,2,45,7,1598,1,5,NISSAN JUKE,2,E01015791,0,-1
2020460958083,2020,460958083,1,9,0,18,19,4,8,0,0,0,0,0,5,6,1,1,5,6,2,27,6,1598,1,9,NISSAN JUKE,2,E01001795,0,-1
2020200952803,2020,200952803,1,9,0,18,19,8,4,0,0,8,0,0,0,0,4,1,6,6,2,54,8,1461,2,6,NISSAN JUKE,5,E01009230,0,-1
2020010247761,2020,010247761,1,9,0,99,99,9,9,99,99,9,9,99,9,99,1,9,6,6,3,48,8,1461,2,8,NISSAN JUKE,4,E01000559,0,-1
2020420987962,2020,420987962,1,9,0,18,19,4,8,0,0,0,0,0,0,0,4,1,6,6,2,22,5,1198,1,2,NISSAN JUKE,10,E01023498,0,-1
202031A006220,2020,31A006220,2,9,0,3,3,2,6,0,0,0,0,0,0,0,2,1,2,2,2,53,8,1461,2,6,NISSAN JUKE,3,E01027954,0,-1
2020450984160,2020,450984160,1,9,0,4,4,7,3,0,0,0,0,0,0,0,2,1,5,6,2,37,7,1461,2,8,NISSAN JUKE,2,E01001021,0,-1
202006K268282,2020,06K268282,1,9,0,9,9,8,7,0,0,8,0,0,0,0,1,1,6,6,1,40,7,1461,2,7,NISSAN JUKE,2,E01006311,0,-1
2020548540720,2020,548540720,2,9,0,4,4,5,1,0,0,1,0,0,0,0,2,1,6,6,1,64,9,1598,1,2,NISSAN JUKE,4,E01029037,0,-1
2020010228653,2020,010228653,2,9,0,99,99,9,9,99,99,1,9,99,9,99,9,9,6,6,3,35,6,1197,1,3,NISSAN JUKE,3,E01000984,0,-1
2020400921484,2020,400921484,2,9,0,3,3,4,8,0,0,0,0,0,0,0,2,1,5,6,2,37,7,1598,1,2,NISSAN JUKE,3,E01017522,0,-1
2020010244921,2020,010244921,1,9,0,9,9,5,3,0,0,3,0,0,0,0,3,1,6,6,2,26,6,1598,1,4,NISSAN JUKE,6,E01001251,0,-1
2020010229827,2020,010229827,1,9,0,99,99,9,9,99,99,3,9,99,9,99,2,9,6,6,1,52,8,1598,1,9,NISSAN JUKE,4,E01002244,0,-1
202031C113920,2020,31C113920,1,9,0,4,4,3,7,0,0,0,0,0,0,0,2,1,6,6,2,27,6,1598,1,7,NISSAN JUKE,1,E01013849,0,-1
202006N272174,2020,06N272174,1,9,0,4,4,6,2,0,0,1,0,0,0,0,1,1,6,6,2,42,7,1598,1,6,NISSAN JUKE,5,E01004913,0,-1
2020010273550,2020,010273550,2,9,0,18,19,7,3,0,0,8,0,0,0,0,1,1,6,6,1,23,5,1598,1,1,NISSAN JUKE,7,E01002175,0,-1
2020320673601,2020,320673601,1,9,0,16,19,7,3,0,0,0,0,0,0,0,1,1,2,2,2,40,7,1461,2,7,NISSAN JUKE,1,E01026069,0,-1
2020211023577,2020,211023577,2,9,0,2,2,6,7,0,0,0,0,0,0,0,2,1,6,6,2,51,8,1461,2,8,NISSAN JUKE,1,E01014330,0,-1
2020140917738,2020,140917738,1,9,0,4,4,4,8,0,0,1,0,0,0,0,2,1,6,6,2,52,8,1598,1,1,NISSAN JUKE,6,E01007698,0,-1
2020010255253,2020,010255253,1,9,0,7,7,3,4,0,0,6,5,0,0,0,2,1,6,6,1,52,8,1197,1,5,NISSAN JUKE,4,E01000728,0,-1
2020440029698,2020,440029698,1,9,0,9,9,5,3,0,0,8,0,0,0,0,3,1,6,6,1,73,10,1197,1,4,NISSAN JUKE,3,E01022485,0,-1
2020990963428,2020,990963428,2,9,0,17,19,4,8,0,0,2,0,0,0,0,1,1,5,6,2,40,7,1612,1,9,NISSAN JUKE,8,-1,0,-1
2020010256479,2020,010256479,1,9,0,16,19,7,3,0,0,1,0,0,0,0,1,1,6,6,2,74,10,1598,1,1,NISSAN JUKE,2,E01004089,0,-1
2020360987444,2020,360987444,1,9,0,9,9,1,7,0,0,0,0,0,0,0,1,1,6,6,2,31,6,1461,2,8,NISSAN JUKE,1,E01033437,0,-1
2020430232640,2020,430232640,1,9,0,11,11,1,5,0,0,0,1,7,1,0,3,1,6,6,2,65,9,1598,1,9,NISSAN JUKE,7,E01033192,0,-1
2020370937983,2020,370937983,2,9,0,4,4,2,6,0,0,2,0,0,0,0,1,1,5,6,2,37,7,1598,1,8,NISSAN JUKE,5,E01030138,0,-1
2020200952838,2020,200952838,2,9,0,18,19,8,4,0,0,8,0,0,0,0,1,1,6,6,2,31,6,999,1,0,NISSAN JUKE,10,E01010189,0,-1
2020052001542,2020,052001542,1,9,0,9,9,3,1,0,0,8,0,0,0,0,4,1,2,2,1,23,5,1598,1,2,NISSAN JUKE,9,E01006886,0,-1
2020430409400,2020,430409400,1,9,0,9,9,7,5,0,0,6,0,0,1,4,1,1,1,1,2,59,9,1461,2,6,NISSAN JUKE,9,E01016750,0,-1
2020137561173,2020,137561173,1,9,0,5,5,7,3,0,0,4,0,0,0,0,0,1,6,6,2,53,8,1598,1,7,NISSAN JUKE,3,E01011853,0,-1
2020122000763,2020,122000763,1,9,0,18,19,3,7,0,0,0,0,0,0,0,4,1,6,6,2,73,10,1197,1,5,NISSAN JUKE,9,E01033186,0,-1
2020010258680,2020,010258680,1,9,0,18,19,5,1,0,0,2,0,4,0,0,4,1,6,6,2,30,6,1598,1,8,NISSAN JUKE,4,E01001672,0,-1
20201376K1244,2020,1376K1244,2,9,0,9,9,8,4,0,0,6,0,0,0,0,1,1,6,6,1,54,8,1461,2,6,NISSAN JUKE,6,E01010970,0,-1
2020141003941,2020,141003941,1,9,0,18,19,6,2,0,0,0,0,0,0,0,1,1,5,6,2,55,8,1197,1,6,NISSAN JUKE,9,E01011874,0,-1
2020990963107,2020,990963107,1,9,0,9,9,1,7,0,0,1,0,0,0,0,1,1,5,6,2,33,6,1461,2,4,NISSAN JUKE,5,-1,0,-1
2020010241742,2020,010241742,1,9,0,99,99,9,9,99,99,9,9,99,9,99,2,9,6,6,1,47,8,1598,1,6,NISSAN JUKE,3,E01001366,0,-1
2020010267810,2020,010267810,1,9,0,9,9,2,7,0,0,8,0,0,0,0,3,1,2,2,1,57,9,1618,1,3,NISSAN JUKE,1,E01001483,0,-1
2020430265313,2020,430265313,1,9,0,9,9,1,7,0,0,6,0,0,0,0,3,1,6,6,2,40,7,1598,1,8,NISSAN JUKE,7,E01017910,0,-1
2020430424542,2020,430424542,2,9,0,18,19,5,1,0,0,1,2,0,7,0,1,1,1,1,2,50,8,1598,1,3,NISSAN JUKE,-1,-1,0,-1
2020160986620,2020,160986620,3,9,0,18,19,7,3,0,0,8,0,0,0,0,3,1,6,6,2,42,7,1461,2,5,NISSAN JUKE,10,E01033495,0,-1
2020430001680,2020,430001680,3,9,0,18,19,1,5,0,0,0,0,0,0,0,2,1,6,6,1,67,10,1598,1,7,NISSAN JUKE,5,E01028633,0,-1
202006K168632,2020,06K168632,1,9,0,18,19,6,2,0,0,0,0,0,0,0,1,1,6,6,1,33,6,1197,1,5,NISSAN JUKE,3,E01004834,0,-1
2020470927441,2020,470927441,1,9,0,18,19,1,5,0,0,1,0,0,3,0,1,1,5,6,2,67,10,1461,2,3,NISSAN JUKE,5,E01031370,0,-1
202031C127020,2020,31C127020,2,9,0,18,19,1,5,0,0,8,0,0,0,0,1,1,1,1,2,20,4,1598,1,2,NISSAN JUKE,5,E01019501,0,-1
2020122000275,2020,122000275,3,9,0,4,4,5,1,0,0,0,0,0,0,0,1,1,6,6,2,57,9,1598,1,3,NISSAN JUKE,4,E01027905,0,-1
202031A095420,2020,31A095420,4,9,0,2,2,0,0,0,0,0,0,0,0,0,1,1,6,6,3,-1,-1,1598,1,8,NISSAN JUKE,-1,-1,0,-1
2020552000807,2020,552000807,1,9,0,9,9,8,6,0,0,4,0,0,0,0,3,1,2,2,1,24,5,1461,2,8,NISSAN JUKE,1,E01017237,0,-1
2020010260911,2020,010260911,2,9,0,2,2,0,0,9,9,1,0,0,0,0,3,1,6,6,3,-1,-1,1598,1,7,NISSAN JUKE,-1,-1,0,-1
202031C046120,2020,31C046120,1,9,0,18,19,4,8,0,0,4,0,0,0,0,1,1,6,6,1,39,7,1461,2,7,NISSAN JUKE,2,E01019441,0,-1
2020041007935,2020,041007935,2,9,0,7,7,2,3,6,6,8,0,0,0,0,4,1,5,6,1,61,9,1197,1,5,NISSAN JUKE,5,E01025522,0,-1
2020010270084,2020,010270084,2,9,0,7,7,1,3,0,0,5,0,0,0,0,4,1,6,6,1,29,6,1197,1,4,NISSAN JUKE,6,E01001619,0,-1
2020010284586,2020,010284586,1,9,0,3,3,1,5,0,0,1,0,0,1,0,2,1,6,6,2,71,10,1598,1,5,NISSAN JUKE,7,E01001888,0,-1
202006E169997,2020,06E169997,2,9,0,8,8,5,8,0,0,8,0,0,0,0,2,1,6,6,2,71,10,1598,1,9,NISSAN JUKE,6,E01006146,0,-1
2020320395000,2020,320395000,2,9,0,5,5,4,8,0,0,1,0,0,0,0,2,1,6,6,2,40,7,1598,1,7,NISSAN JUKE,4,E01026366,0,-1
2020010284253,2020,010284253,1,9,0,18,19,5,1,0,0,0,0,0,0,0,2,1,6,6,2,54,8,998,1,3,PEUGEOT 108,10,E01032763,0,-1
2020500925390,2020,500925390,2,9,0,9,9,5,1,0,0,1,0,0,0,0,4,1,5,6,2,21,5,998,1,2,PEUGEOT 108,8,E01020146,0,-1
2020990950595,2020,990950595,2,9,0,18,19,4,8,0,0,6,0,0,1,11,4,1,2,2,2,66,10,1000,1,1,PEUGEOT 108,4,-1,0,-1
2020470990461,2020,470990461,2,9,0,16,19,3,7,0,0,3,1,10,1,0,4,1,6,6,2,54,8,998,1,5,PEUGEOT 108,2,E01020955,0,-1
2020991000019,2020,991000019,1,9,0,18,19,3,7,0,0,0,0,0,0,0,1,1,6,6,2,72,10,998,1,2,PEUGEOT 108,10,-1,0,-1
2020320542427,2020,320542427,2,9,0,9,9,3,7,0,0,5,0,0,0,0,3,1,2,2,2,38,7,998,1,3,PEUGEOT 108,7,E01013322,0,-1
2020420954917,2020,420954917,3,9,0,18,19,5,1,0,0,0,0,0,0,0,0,1,5,6,2,21,5,1000,1,2,PEUGEOT 108,8,E01021347,0,-1
2020200936762,2020,200936762,2,9,0,18,19,5,1,0,0,8,0,0,0,0,0,1,1,1,2,23,5,1200,1,2,PEUGEOT 108,4,E01009249,0,-1
2020450914653,2020,450914653,1,9,0,16,19,1,5,0,0,0,1,6,0,0,1,1,1,1,2,57,9,998,1,2,PEUGEOT 108,10,E01030382,0,-1
2020010272527,2020,010272527,1,9,3,5,5,7,3,0,0,8,0,0,0,0,1,1,6,6,1,22,5,1200,1,5,PEUGEOT 108,9,E01000807,0,-1
2020460974397,2020,460974397,2,9,0,10,10,7,5,0,0,6,0,0,0,0,3,1,5,6,1,34,6,1200,1,5,PEUGEOT 108,5,E01024181,0,-1
2020100925366,2020,100925366,1,9,0,7,7,1,3,0,0,8,0,0,0,0,2,1,2,2,2,24,5,998,1,6,PEUGEOT 108,10,E01008475,0,-1
2020460994412,2020,460994412,2,9,0,18,19,7,3,0,0,8,0,0,0,0,1,1,5,6,2,25,5,998,1,3,PEUGEOT 108,4,E01024339,0,-1
2020990965125,2020,990965125,2,9,0,3,3,6,2,0,0,1,0,0,0,0,2,1,5,6,1,67,10,998,1,4,PEUGEOT 108,2,-1,0,-1
2020137C31424,2020,137C31424,1,9,0,18,19,5,1,0,0,0,0,0,0,11,1,1,6,6,2,39,7,998,1,5,PEUGEOT 108,3,E01011343,0,-1
2020522004093,2020,522004093,2,9,0,7,7,1,2,0,0,1,0,0,0,0,2,1,6,6,1,50,8,998,1,5,PEUGEOT 108,7,E01029063,0,-1
2020470937048,2020,470937048,6,9,0,4,4,6,2,0,0,0,0,0,0,0,2,1,6,6,2,29,6,998,1,5,PEUGEOT 108,9,E01031730,0,-1
2020360984774,2020,360984774,1,9,0,5,5,3,6,0,0,0,0,0,0,0,1,1,6,6,2,24,5,1200,1,4,PEUGEOT 108,10,E01026506,0,-1
2020040923887,2020,040923887,1,9,0,18,19,5,1,0,0,2,0,0,0,0,1,1,2,2,2,23,5,998,1,3,PEUGEOT 108,1,E01024908,0,-1
2020010228170,2020,010228170,1,9,0,5,5,5,1,0,0,2,0,0,0,0,1,1,6,6,1,32,6,998,1,4,PEUGEOT 108,2,E01002735,0,-1
2020010234729,2020,010234729,2,9,0,99,99,9,9,99,99,9,9,99,9,99,1,9,6,6,2,18,4,1200,1,5,PEUGEOT 108,3,E01003146,0,-1
2020010261606,2020,010261606,1,9,0,18,19,1,5,0,0,0,0,0,1,0,1,1,2,2,2,23,5,998,1,2,PEUGEOT 108,2,E01003968,0,-1
2020040961008,2020,040961008,2,9,0,10,10,5,1,0,0,1,0,0,0,0,1,1,5,6,2,23,5,1000,1,1,PEUGEOT 108,3,E01012750,0,-1
2020460944930,2020,460944930,1,9,0,18,19,7,3,0,0,0,0,0,0,0,1,1,2,2,2,29,6,1200,1,2,PEUGEOT 108,3,E01024559,0,-1
2020040998669,2020,040998669,2,9,0,17,19,1,5,0,0,1,0,0,0,0,1,1,5,6,1,75,10,1200,1,2,PEUGEOT 108,9,E01024918,0,-1
2020160929197,2020,160929197,1,9,0,18,19,4,8,0,0,1,0,0,0,0,1,1,6,6,1,78,11,1200,1,3,PEUGEOT 108,-1,-1,0,-1
2020470944614,2020,470944614,1,9,0,16,19,7,2,0,0,0,0,0,7,4,1,1,5,6,2,22,5,998,1,4,PEUGEOT 108,5,E01031599,0,-1
2020520101149,2020,520101149,1,9,0,3,3,8,4,0,0,0,0,0,0,0,2,1,6,6,1,18,4,998,1,4,PEUGEOT 108,2,E01029095,0,-1
20201377K2015,2020,1377K2015,1,9,0,18,19,4,8,0,0,0,0,0,7,9,1,1,6,6,1,31,6,1200,1,5,PEUGEOT 108,1,E01005167,0,-1
2020411013374,2020,411013374,2,9,0,18,19,-1,-1,0,0,1,0,0,0,0,4,1,6,6,2,-1,-1,1200,1,5,PEUGEOT 108,6,E01023606,0,-1
2020460972219,2020,460972219,1,9,0,18,19,3,7,0,0,0,0,0,0,0,1,1,2,2,2,27,6,1200,1,5,PEUGEOT 108,4,E01020321,0,-1
2020410946087,2020,410946087,2,9,0,4,4,7,3,0,0,0,0,0,0,0,2,1,5,6,2,27,6,1200,1,6,PEUGEOT 108,5,E01023864,0,-1
2020470946125,2020,470946125,2,9,0,18,19,6,2,0,0,2,5,0,7,0,1,1,1,1,2,56,9,1200,1,4,PEUGEOT 108,1,E01020984,0,-1
2020501015543,2020,501015543,1,9,0,18,19,3,7,0,0,0,0,11,0,0,1,1,5,6,2,90,11,998,1,4,PEUGEOT 108,4,E01020288,0,-1
2020552000373,2020,552000373,1,9,0,5,5,8,4,0,0,0,0,0,0,0,0,1,6,6,1,54,8,1200,1,4,PEUGEOT 108,5,E01020469,0,-1
2020010263361,2020,010263361,2,9,0,2,2,0,0,6,6,0,9,0,0,99,3,9,6,6,3,24,5,998,1,4,PEUGEOT 108,3,E01001481,0,-1
2020470955750,2020,470955750,1,9,0,18,19,1,5,0,0,8,5,0,0,0,1,1,5,6,2,19,4,1200,1,6,PEUGEOT 108,8,E01031815,0,-1
2020010240707,2020,010240707,1,9,0,9,9,7,5,0,0,8,9,0,0,99,2,9,6,6,2,24,5,1200,1,3,PEUGEOT 108,5,E01002213,0,-1
2020990963676,2020,990963676,1,9,0,18,19,3,7,0,0,1,0,0,0,0,1,1,6,6,2,25,5,1200,1,5,PEUGEOT 108,2,-1,0,-1
2020010281063,2020,010281063,1,9,9,18,19,5,1,0,0,9,9,0,0,0,2,9,6,6,2,21,5,1200,1,3,PEUGEOT 108,7,E01033568,0,-1
2020041005914,2020,041005914,1,9,0,9,9,4,2,0,0,8,0,0,0,0,1,1,5,6,2,74,10,998,1,4,PEUGEOT 108,3,E01024897,0,-1
2020440031274,2020,440031274,2,9,0,18,19,7,3,0,0,8,0,0,0,0,4,1,6,6,2,58,9,1200,1,4,PEUGEOT 108,9,E01023148,0,-1
2020010236175,2020,010236175,2,9,0,18,19,7,3,0,0,1,0,0,0,0,1,1,6,6,2,48,8,998,1,3,PEUGEOT 108,10,E01000276,0,-1
2020990972841,2020,990972841,1,9,0,4,4,8,6,0,0,1,0,0,0,0,4,1,5,6,2,32,6,1000,1,1,PEUGEOT 108,3,-1,0,-1
2020350987105,2020,350987105,2,9,0,18,19,8,4,0,0,1,0,0,0,0,1,1,2,2,2,29,6,998,1,4,PEUGEOT 108,7,E01023736,0,-1
2020340S00142,2020,340S00142,2,9,0,4,4,1,5,0,0,0,0,0,0,0,3,1,6,6,2,39,7,1000,1,1,PEUGEOT 108,5,E01026373,0,-1
2020460997355,2020,460997355,1,9,0,3,3,3,7,0,0,0,1,0,0,0,1,1,6,6,2,63,9,1000,1,2,PEUGEOT 108,9,E01024331,0,-1
2020200933658,2020,200933658,1,9,0,9,9,8,6,0,0,6,0,0,0,0,4,1,6,6,2,56,9,1000,1,2,PEUGEOT 108,3,E01009629,0,-1
2020052002302,2020,052002302,1,9,0,18,19,3,7,0,0,4,0,0,0,0,3,1,1,1,2,41,7,998,1,2,PEUGEOT 108,5,E01006665,0,-1