collision_index,collision_year,collision_ref_no,vehicle_reference,vehicle_type,towing_and_articulation,vehicle_manoeuvre_historic,vehicle_manoeuvre,vehicle_direction_from,vehicle_direction_to,vehicle_location_restricted_lane_historic,vehicle_location_restricted_lane,junction_location,skidding_and_overturning,hit_object_in_carriageway,vehicle_leaving_carriageway,hit_object_off_carriageway,first_point_of_impact,vehicle_left_hand_drive,journey_purpose_of_driver_historic,journey_purpose_of_driver,sex_of_driver,age_of_driver,age_band_of_driver,engine_capacity_cc,propulsion_code,age_of_vehicle,generic_make_model,driver_imd_decile,lsoa_of_driver,escooter_flag,driver_distance_banding
2020430183271,2020,430183271,2,9,0,9,9,6,4,0,0,1,0,0,0,0,2,1,2,2,2,61,9,1200,1,6,PEUGEOT 108,10,E01028815,0,-1
2020010231587,2020,010231587,1,9,9,99,99,9,9,99,99,9,9,99,9,99,9,9,2,2,1,26,6,1200,1,5,PEUGEOT 108,4,E01001514,0,-1
2020541704120,2020,541704120,2,9,0,18,19,6,2,0,0,8,0,0,0,0,3,1,6,6,2,56,9,1200,1,5,PEUGEOT 108,5,E01015505,0,-1
202006A274222,2020,06A274222,2,9,0,18,19,8,4,0,0,0,0,0,0,0,2,1,6,6,1,68,10,998,1,4,PEUGEOT 108,-1,-1,0,-1
2020040992900,2020,040992900,2,9,0,5,5,7,3,0,0,8,0,0,7,0,3,1,5,6,2,25,5,998,1,1,PEUGEOT 108,2,E01024902,0,-1
2020450953044,2020,450953044,1,9,0,3,3,5,7,0,0,4,0,0,0,0,2,1,5,6,2,30,6,998,1,4,PEUGEOT 108,10,E01030517,0,-1
2020200974979,2020,200974979,3,9,0,18,19,7,3,0,0,0,0,0,0,0,1,1,6,6,2,29,6,998,1,5,PEUGEOT 108,4,E01000611,0,-1
2020010257291,2020,010257291,1,9,0,99,99,9,9,99,99,0,9,99,9,99,2,9,6,6,1,30,6,998,1,3,PEUGEOT 108,5,E01003198,0,-1
2020041002284,2020,041002284,1,9,0,2,2,1,1,0,0,0,0,0,0,0,2,1,5,6,2,21,5,1000,1,1,PEUGEOT 108,1,E01025226,0,-1
2020302001150,2020,302001150,2,9,0,18,19,3,2,0,0,8,0,0,0,0,2,1,2,2,2,55,8,1200,1,4,PEUGEOT 108,8,E01028058,0,-1
2020160925831,2020,160925831,1,9,0,3,3,5,1,0,0,1,0,0,0,0,0,1,5,6,1,34,6,998,1,5,PEUGEOT 108,1,E01013209,0,-1
2020052002224,2020,052002224,1,9,0,18,19,1,5,0,0,6,0,0,0,0,1,1,6,6,2,39,7,998,1,4,PEUGEOT 108,1,E01033094,0,-1
20201376H1067,2020,1376H1067,1,9,0,18,19,8,4,0,0,4,5,10,0,0,1,1,6,6,1,90,11,998,1,4,PEUGEOT 108,10,E01011564,0,-1
2020522003318,2020,522003318,1,9,0,18,19,4,8,0,0,8,5,0,0,0,3,1,6,6,2,63,9,1200,1,5,PEUGEOT 108,8,E01014722,0,-1
2020200925098,2020,200925098,3,9,0,9,9,2,8,0,0,5,0,0,0,0,1,1,6,6,1,68,10,1200,1,6,PEUGEOT 108,2,E01009754,0,-1
2020140948067,2020,140948067,1,9,0,8,8,2,4,0,0,1,0,0,0,0,2,1,6,6,1,36,7,998,1,3,PEUGEOT 108,6,E01008005,0,-1
2020552000565,2020,552000565,1,9,0,4,4,2,6,0,0,0,0,0,1,10,1,1,6,6,2,52,8,998,1,4,PEUGEOT 108,7,E01020540,0,-1
2020470980981,2020,470980981,1,9,0,5,5,8,4,0,0,1,0,0,0,0,1,1,2,2,2,34,6,1200,1,4,PEUGEOT 108,6,E01031448,0,-1
2020010285667,2020,010285667,1,9,0,1,1,5,1,99,99,9,9,99,9,99,2,9,6,6,2,63,9,998,1,4,PEUGEOT 108,2,E01001603,0,-1
2020460960573,2020,460960573,2,9,0,18,19,1,6,0,0,0,0,0,0,0,1,1,5,6,1,-1,-1,998,1,3,PEUGEOT 108,7,E01001600,0,-1
2020200947132,2020,200947132,2,9,0,18,19,1,5,0,0,0,0,7,4,0,4,1,6,6,2,24,5,1200,1,5,PEUGEOT 108,2,E01032538,0,-1
2020610012920,2020,610012920,2,9,0,10,10,3,2,0,0,1,0,0,0,0,1,1,6,6,2,72,10,1000,1,1,PEUGEOT 108,3,W01001336,0,-1
20201373E0612,2020,1373E0612,1,9,0,18,19,7,4,0,0,0,0,0,0,0,4,1,6,6,2,39,7,998,1,2,PEUGEOT 108,4,E01011075,0,-1
2020500948278,2020,500948278,2,9,0,17,19,8,4,0,0,1,0,0,0,0,1,1,6,6,2,20,4,1200,1,5,PEUGEOT 108,4,E01018812,0,-1
2020461003004,2020,461003004,1,9,0,9,9,7,5,0,0,8,0,0,0,0,1,1,5,6,2,52,8,998,1,3,PEUGEOT 108,4,E01024747,0,-1
2020200953994,2020,200953994,1,9,0,18,19,6,2,0,0,1,0,0,0,0,1,1,6,6,2,31,6,998,1,4,PEUGEOT 108,2,E01010439,0,-1
2020440228441,2020,440228441,2,9,0,9,9,2,7,0,0,8,0,0,0,0,1,1,2,2,2,17,4,998,1,3,PEUGEOT 108,9,E01022920,0,-1
2020540233820,2020,540233820,3,9,0,10,10,7,3,0,0,1,0,0,0,0,2,1,2,2,1,22,5,1200,1,4,PEUGEOT 108,7,E01016293,0,-1
2020990957222,2020,990957222,1,9,0,7,7,4,7,0,0,0,0,0,0,0,4,1,5,6,2,51,8,998,1,5,PEUGEOT 108,3,-1,0,-1
2020100983842,2020,100983842,2,9,0,17,19,3,7,0,0,0,0,0,0,0,1,1,5,6,2,72,10,998,1,2,PEUGEOT 108,4,E01033077,0,-1
2020040979447,2020,040979447,1,9,0,9,9,7,5,0,0,0,0,0,1,0,3,1,5,6,2,31,6,998,1,0,PEUGEOT 108,1,E01025226,0,-1
2020430289092,2020,430289092,1,9,0,9,9,3,5,4,4,0,0,0,0,0,3,1,6,6,2,32,6,998,1,3,PEUGEOT 108,-1,-1,0,-1
2020460938676,2020,460938676,1,9,0,9,9,5,3,0,0,1,0,0,0,0,1,1,6,6,2,20,4,998,1,5,PEUGEOT 108,6,E01024034,0,-1
2020541231820,2020,541231820,1,9,0,18,19,4,0,0,0,2,0,0,0,0,1,1,6,6,2,52,8,998,1,3,PEUGEOT 108,9,E01032711,0,-1
2020471002309,2020,471002309,2,9,0,2,2,0,0,0,0,0,0,0,0,0,2,2,6,6,2,29,6,1200,1,5,PEUGEOT 108,4,E01021207,0,-1
2020522100217,2020,522100217,2,9,0,18,19,4,8,0,0,8,0,0,0,0,1,1,6,6,2,67,10,1200,1,5,PEUGEOT 108,9,E01014851,0,-1
2020622000814,2020,622000814,1,9,0,17,19,4,8,0,0,0,0,0,0,0,3,1,6,6,2,26,6,998,1,5,PEUGEOT 108,2,W01000942,0,-1
2020990967397,2020,990967397,1,9,0,4,4,5,1,0,0,4,0,0,0,0,1,1,6,6,2,28,6,1200,1,4,PEUGEOT 108,4,-1,0,-1
2020500994949,2020,500994949,2,9,0,18,19,6,2,0,0,1,0,0,0,0,4,1,5,6,1,65,9,998,1,5,PEUGEOT 108,2,E01018996,0,-1
2020070692207,2020,070692207,2,9,0,18,19,5,1,0,0,0,0,0,0,0,0,1,6,6,3,-1,-1,998,1,5,PEUGEOT 108,-1,-1,0,-1
2020200981457,2020,200981457,1,9,0,18,19,8,4,0,0,3,0,0,0,0,4,1,6,6,2,30,6,1200,1,4,PEUGEOT 108,1,E01009274,0,-1
2020610005220,2020,610005220,1,9,0,5,5,7,3,0,0,0,0,0,0,0,1,1,6,6,2,23,5,998,1,6,PEUGEOT 108,9,W01001606,0,-1
2020430173565,2020,430173565,2,9,0,7,7,1,5,0,0,5,0,0,0,0,1,1,6,6,2,25,5,1200,1,6,PEUGEOT 108,6,E01028691,0,-1
2020122000495,2020,122000495,2,9,0,9,9,1,3,0,0,1,0,0,0,0,1,1,6,6,2,30,6,1200,1,5,PEUGEOT 108,5,E01013446,0,-1
2020161000348,2020,161000348,1,9,0,2,2,0,0,0,0,0,0,0,0,0,2,1,5,6,1,25,5,998,1,0,PEUGEOT 108,3,E01012807,0,-1
2020411009527,2020,411009527,1,9,0,5,5,5,1,0,0,4,0,0,0,0,2,1,2,2,2,19,4,998,1,3,PEUGEOT 108,3,E01023300,0,-1
2020440387650,2020,440387650,1,9,0,7,7,8,2,0,0,6,0,0,0,0,1,1,6,6,2,18,4,998,1,4,PEUGEOT 108,2,E01023108,0,-1
2020040940018,2020,040940018,2,9,0,12,12,1,3,0,0,0,0,0,0,0,3,1,5,6,2,43,7,1200,1,4,PEUGEOT 108,1,E01025218,0,-1
2020471004443,2020,471004443,1,9,0,18,19,6,2,0,0,1,0,0,0,0,4,1,5,6,2,31,6,1200,1,5,PEUGEOT 108,4,E01016856,0,-1
2020010251090,2020,010251090,2,9,0,99,99,9,9,99,99,0,9,99,9,99,1,1,6,6,2,52,8,998,1,3,PEUGEOT 108,4,E01001150,0,-1
2020052002553,2020,052002553,2,9,0,18,19,6,2,0,0,8,0,0,0,0,1,1,6,6,1,71,10,998,1,5,PEUGEOT 108,1,E01006541,0,-1
2020200988926,2020,200988926,2,9,0,2,2,0,0,0,0,0,0,0,0,0,3,1,6,6,2,82,11,1000,1,1,PEUGEOT 108,4,E01010298,0,-1
2020201019155,2020,201019155,1,9,0,18,19,6,2,0,0,6,0,0,0,0,1,1,6,6,2,31,6,998,1,6,PEUGEOT 108,1,E01010473,0,-1
2020070274754,2020,070274754,3,9,0,2,2,0,0,0,0,0,0,0,0,0,1,1,6,6,2,-1,-1,998,1,1,PEUGEOT 108,8,E01018670,0,-1
2020990994171,2020,990994171,1,9,0,16,19,3,6,0,0,8,0,0,0,0,1,1,2,2,2,50,8,1200,1,4,PEUGEOT 108,1,-1,0,-1
2020610015520,2020,610015520,1,9,0,17,19,5,2,0,0,0,1,0,1,11,1,1,6,6,1,24,5,998,1,3,PEUGEOT 108,9,W01001596,0,-1
2020990928005,2020,990928005,1,9,0,18,19,2,6,0,0,1,0,0,0,0,3,1,6,6,1,68,10,1000,1,2,PEUGEOT 108,4,-1,0,-1
2020010261779,2020,010261779,1,9,0,18,19,1,5,0,0,8,0,0,0,0,1,1,6,6,1,18,4,998,1,5,PEUGEOT 108,5,E01002456,0,-1
2020070530352,2020,070530352,2,9,0,18,19,5,1,0,0,4,0,0,0,0,3,1,6,6,2,51,8,998,1,5,PEUGEOT 108,5,W01000424,0,-1
2020430046964,2020,430046964,1,9,0,12,12,4,8,0,0,6,0,0,0,0,3,1,6,6,2,48,8,998,1,5,PEUGEOT 108,5,E01028556,0,-1
2020141003266,2020,141003266,1,9,0,18,19,8,4,0,0,0,0,0,0,0,1,1,6,6,1,38,7,998,1,5,PEUGEOT 108,2,E01008125,0,-1
2020552000748,2020,552000748,1,9,0,9,9,4,8,0,0,6,0,0,0,0,0,1,1,1,1,41,7,998,1,4,PEUGEOT 108,6,E01015462,0,-1
2020160990917,2020,160990917,2,9,0,4,4,6,2,0,0,0,0,0,0,0,2,1,5,6,2,26,6,998,1,4,PEUGEOT 108,4,E01012776,0,-1
2020622000149,2020,622000149,3,9,0,18,19,8,4,0,0,0,0,0,0,0,2,1,6,6,2,38,7,998,1,5,PEUGEOT 108,7,W01000494,0,-1
2020450966825,2020,450966825,1,9,0,18,19,2,6,0,0,1,0,0,0,0,1,1,5,6,2,18,4,998,1,6,PEUGEOT 108,10,E01030512,0,-1
2020122000701,2020,122000701,1,9,0,1,1,1,5,0,0,0,0,0,0,0,2,1,6,6,1,80,11,998,1,2,PEUGEOT 108,4,E01027905,0,-1
2020470939426,2020,470939426,1,9,0,18,19,2,6,0,0,8,0,2,0,0,1,1,6,6,1,53,8,1200,1,4,PEUGEOT 108,8,E01021141,0,-1
2020101000569,2020,101000569,2,9,0,18,19,5,1,0,0,4,0,0,0,0,1,1,5,6,2,20,4,998,1,4,PEUGEOT 108,1,E01008325,0,-1
2020200970672,2020,200970672,2,9,0,9,9,4,2,0,0,5,0,0,0,0,1,1,6,6,2,70,10,1000,1,2,PEUGEOT 108,8,E01009578,0,-1
2020320032542,2020,320032542,2,9,0,4,4,5,1,0,0,0,0,0,0,0,2,1,6,6,2,46,8,998,1,3,PEUGEOT 108,10,E01018266,0,-1
2020211009940,2020,211009940,1,9,-1,-1,-1,5,2,-1,-1,-1,-1,-1,-1,0,-1,1,6,6,1,18,4,998,1,4,PEUGEOT 108,3,E01014291,0,-1
2020440166882,2020,440166882,1,9,0,9,9,3,1,0,0,5,0,0,0,0,3,1,6,6,2,53,8,998,1,5,PEUGEOT 108,3,E01022959,0,-1
2020030934465,2020,030934465,1,9,0,18,19,1,5,0,0,6,0,0,0,0,1,1,1,1,2,26,6,998,1,5,PEUGEOT 108,5,-1,0,-1
2020070447974,2020,070447974,2,9,0,18,19,5,1,0,0,1,0,0,0,0,3,1,6,6,2,22,5,1200,1,4,PEUGEOT 108,3,E01029804,0,-1
202006G272830,2020,06G272830,1,9,0,18,19,4,8,0,0,0,0,0,0,0,3,1,6,6,2,29,6,998,1,3,PEUGEOT 108,2,E01006033,0,-1
2020052000184,2020,052000184,2,9,0,18,19,8,4,0,0,1,0,0,0,0,4,1,6,6,2,20,4,1000,1,2,PEUGEOT 108,1,E01006746,0,-1
2020410929614,2020,410929614,1,9,-1,18,19,1,1,0,0,8,0,0,0,0,4,1,1,1,2,25,5,998,1,4,PEUGEOT 108,8,E01023491,0,-1
2020040929623,2020,040929623,1,9,0,9,9,3,7,0,0,6,0,0,0,0,3,1,6,6,1,88,11,1000,1,2,PEUGEOT 108,3,E01012691,0,-1
2020302000221,2020,302000221,1,9,0,9,9,2,6,0,0,5,0,0,0,0,1,1,1,1,1,19,4,1000,1,1,PEUGEOT 108,3,E01033388,0,-1
2020552000590,2020,552000590,1,9,0,18,19,2,6,0,0,0,0,12,0,0,1,1,2,2,2,23,5,998,1,5,PEUGEOT 108,9,E01020505,0,-1
2020010278456,2020,010278456,2,9,0,99,99,9,9,99,99,9,9,99,9,99,1,9,6,6,3,30,6,998,1,5,PEUGEOT 108,-1,-1,0,-1
2020010230473,2020,010230473,2,9,0,18,19,1,5,0,0,0,0,0,0,0,2,1,6,6,2,22,5,1000,1,2,PEUGEOT 108,5,E01002948,0,-1
2020200989720,2020,200989720,3,9,0,2,2,0,0,0,0,2,0,0,0,0,2,1,6,6,2,-1,-1,998,1,4,PEUGEOT 108,-1,-1,0,-1
2020350946210,2020,350946210,1,9,0,18,19,6,8,0,0,0,0,0,0,0,3,1,6,6,1,62,9,998,1,6,PEUGEOT 108,9,E01018027,0,-1
2020302000690,2020,302000690,2,9,0,18,19,2,6,0,0,4,0,0,0,0,2,1,6,6,2,18,4,998,1,4,PEUGEOT 108,9,E01029687,0,-1
2020010240170,2020,010240170,2,9,0,17,19,2,7,0,0,4,0,0,0,0,2,1,6,6,2,85,11,998,1,5,PEUGEOT 108,8,E01003856,0,-1
2020230985616,2020,230985616,1,9,0,5,5,5,1,0,0,0,0,0,0,0,1,1,5,6,2,29,6,1200,1,5,PEUGEOT 108,1,E01009585,0,-1
2020471004022,2020,471004022,1,9,0,18,19,1,5,0,0,8,0,0,0,0,4,1,2,2,2,55,8,1200,1,4,PEUGEOT 108,7,E01031508,0,-1
2020460918998,2020,460918998,1,9,0,18,19,8,4,0,0,0,1,0,2,7,1,1,2,2,1,38,7,1200,1,3,PEUGEOT 108,2,E01024248,0,-1
2020122000998,2020,122000998,2,9,0,17,19,5,1,0,0,0,0,0,0,0,1,1,6,6,2,44,7,1200,1,2,PEUGEOT 108,6,E01027701,0,-1
2020400917791,2020,400917791,2,9,0,18,19,7,5,0,0,1,0,0,0,0,0,1,2,2,2,27,6,998,1,3,PEUGEOT 108,7,E01002197,0,-1
2020501005022,2020,501005022,1,9,0,17,19,1,5,0,0,8,0,0,0,0,1,1,5,6,1,76,11,998,1,4,PEUGEOT 108,6,E01019068,0,-1
2020440113873,2020,440113873,1,9,0,9,9,8,0,0,0,8,0,0,0,0,1,1,6,6,2,58,9,1000,1,2,PEUGEOT 108,5,E01023285,0,-1
2020420998414,2020,420998414,2,9,0,9,9,1,5,0,0,3,0,0,0,0,4,1,5,6,1,58,9,998,1,3,PEUGEOT 108,7,E01021920,0,-1
2020160978191,2020,160978191,1,9,0,3,3,2,6,0,0,1,0,0,0,0,1,1,6,6,2,29,6,1200,1,5,PEUGEOT 108,8,E01012911,0,-1
202063C080520,2020,63C080520,1,9,0,4,4,8,4,0,0,0,0,0,0,0,2,1,1,1,2,19,4,1200,1,5,PEUGEOT 108,6,W01000571,0,-1
2020450925687,2020,450925687,2,9,0,3,3,1,5,0,0,0,0,0,0,0,2,1,6,6,2,27,6,998,1,5,PEUGEOT 108,8,E01030602,0,-1
2020500982717,2020,500982717,2,9,0,3,3,6,2,0,0,0,0,0,0,0,2,1,6,6,2,26,6,998,1,4,PEUGEOT 108,5,E01020256,0,-1
2020500998635,2020,500998635,1,9,0,18,19,6,2,0,0,0,2,7,7,10,1,1,5,6,2,85,11,998,1,4,PEUGEOT 108,5,E01020122,0,-1
202063D082120,2020,63D082120,1,9,0,9,9,8,6,0,0,8,0,0,0,0,4,1,6,6,2,36,7,998,1,3,PEUGEOT 108,6,W01000487,0,-1
2020140994656,2020,140994656,2,9,0,18,19,4,7,0,0,8,0,0,0,0,3,1,2,2,2,24,5,998,1,2,PEUGEOT 108,7,E01008049,0,-1
2020471005998,2020,471005998,1,9,0,12,12,1,7,0,0,8,0,0,0,0,1,1,6,6,1,45,7,998,1,4,PEUGEOT 108,8,E01016893,0,-1
2020990998742,2020,990998742,1,9,0,18,19,2,6,0,0,8,0,0,0,0,1,1,1,1,1,31,6,1000,1,1,PEUGEOT 108,3,-1,0,-1
2020140940584,2020,140940584,1,9,0,9,9,1,7,0,0,1,5,0,1,0,2,1,5,6,2,20,4,998,1,4,PEUGEOT 108,9,E01008041,0,-1
2020010262007,2020,010262007,1,9,0,15,15,1,5,0,0,1,0,0,1,0,1,1,2,2,2,30,6,998,1,5,PEUGEOT 108,1,E01003045,0,-1
2020040936679,2020,040936679,3,9,0,18,19,3,7,0,0,2,0,0,0,0,2,1,6,6,1,18,4,1200,1,4,PEUGEOT 108,8,E01025519,0,-1
2020990957458,2020,990957458,1,9,0,2,2,0,0,6,6,0,0,4,0,0,3,1,5,6,2,55,8,998,1,6,PEUGEOT 108,5,-1,0,-1
2020052000014,2020,052000014,1,9,0,18,19,3,7,0,0,8,0,0,0,0,3,1,6,6,1,29,6,1200,1,4,PEUGEOT 108,1,E01007296,0,-1
2020552000802,2020,552000802,1,9,0,5,5,3,7,0,0,0,0,4,0,0,2,1,6,6,2,75,10,1000,1,1,PEUGEOT 108,5,E01015417,0,-1
2020500989323,2020,500989323,1,9,0,5,5,7,3,0,0,2,0,0,0,0,1,1,6,6,2,20,4,998,1,5,PEUGEOT 108,9,E01019984,0,-1
2020991007315,2020,991007315,2,9,0,3,3,4,8,0,0,1,0,0,0,0,1,1,6,6,2,61,9,998,1,4,PEUGEOT 108,3,-1,0,-1
202031B012720,2020,31B012720,1,9,0,18,19,8,4,0,0,4,0,0,0,0,3,1,6,6,2,50,8,1200,1,3,PEUGEOT 108,4,E01028305,0,-1
2020460935588,2020,460935588,1,9,0,18,19,1,5,0,0,0,0,0,0,0,1,1,6,6,2,44,7,1200,1,2,PEUGEOT 108,2,E01024248,0,-1
2020041010283,2020,041010283,2,9,0,16,19,7,3,0,0,0,0,0,0,0,1,1,5,6,1,72,10,1200,1,5,PEUGEOT 108,7,E01025585,0,-1
2020410954699,2020,410954699,2,9,0,18,19,8,4,0,0,1,0,0,0,0,1,1,2,2,2,51,8,998,1,2,PEUGEOT 108,6,E01033308,0,-1
2020470944876,2020,470944876,1,9,0,18,19,1,5,0,0,0,0,0,0,0,1,1,6,6,2,55,8,998,1,5,PEUGEOT 108,7,E01031500,0,-1
202006F169994,2020,06F169994,2,9,0,18,19,6,2,0,0,0,0,0,0,0,1,1,3,7,2,36,7,998,1,4,PEUGEOT 108,1,E01005707,0,-1
2020622000507,2020,622000507,2,9,0,3,3,6,2,0,0,2,0,0,0,0,2,1,6,6,1,22,5,998,1,5,PEUGEOT 108,5,W01001165,0,-1
2020370992578,2020,370992578,2,9,0,3,3,1,5,0,0,1,0,0,0,0,2,1,6,6,2,59,9,998,1,6,PEUGEOT 108,1,E01033130,0,-1
2020420996841,2020,420996841,1,9,0,3,3,5,8,0,0,2,0,0,0,0,1,1,6,6,1,85,11,998,1,4,PEUGEOT 108,6,E01033064,0,-1
2020200938730,2020,200938730,1,9,0,4,4,2,6,0,0,2,0,0,0,0,1,1,2,2,2,28,6,998,1,4,PEUGEOT 108,1,E01010524,0,-1
2020522003831,2020,522003831,1,9,0,18,19,5,1,0,0,0,0,0,0,0,1,1,2,2,2,64,9,998,1,5,PEUGEOT 108,4,E01014892,0,-1
2020122000291,2020,122000291,1,9,0,4,4,8,4,0,0,0,0,0,0,0,2,1,6,6,2,43,7,1200,1,3,PEUGEOT 108,10,E01027855,0,-1
2020070390951,2020,070390951,2,9,0,18,19,1,5,0,0,8,1,10,0,0,0,2,2,2,2,58,9,1000,1,1,PEUGEOT 108,2,E01006858,0,-1
2020552000806,2020,552000806,1,9,0,7,7,7,1,0,0,3,0,0,0,0,4,1,6,6,2,78,11,998,1,4,PEUGEOT 108,10,E01015434,0,-1
2020070192325,2020,070192325,1,9,0,17,19,8,4,0,0,2,0,0,2,2,1,1,6,6,1,28,6,998,1,5,PEUGEOT 108,3,E01012454,0,-1
2020370960500,2020,370960500,1,9,0,18,19,3,7,0,0,1,0,0,0,0,4,1,5,6,2,81,11,998,1,2,PEUGEOT 108,6,E01030275,0,-1
2020552100074,2020,552100074,1,9,0,9,9,3,1,0,0,5,0,0,0,0,1,1,6,6,2,93,11,998,1,4,PEUGEOT 108,7,E01015376,0,-1
2020220979225,2020,220979225,2,9,0,9,9,8,5,0,0,5,0,0,1,0,3,1,2,2,2,19,4,1200,1,5,PEUGEOT 108,4,E01014025,0,-1
2020160956459,2020,160956459,1,9,0,18,19,6,2,0,0,0,0,0,0,0,4,1,6,6,3,-1,-1,998,1,4,PEUGEOT 108,-1,-1,0,-1
2020010276322,2020,010276322,1,2,0,18,19,5,1,0,0,0,2,0,0,0,1,1,1,1,1,24,5,49,1,3,-1,1,E01002099,0,-1
2020010279553,2020,010279553,2,3,0,99,99,9,9,99,99,0,9,99,9,99,1,1,6,6,3,29,6,-1,-1,-1,-1,3,E01003565,0,-1
2020010263648,2020,010263648,1,2,0,18,19,3,7,0,0,1,1,7,1,7,1,1,6,6,1,23,5,49,1,7,-1,2,E01000015,0,-1
2020010260702,2020,010260702,2,3,0,5,5,7,3,0,0,6,0,0,0,0,1,1,1,1,1,37,7,-1,-1,-1,-1,6,E01002423,0,-1
2020010261391,2020,010261391,1,2,0,18,19,7,3,0,0,2,1,0,0,0,0,1,6,6,1,20,4,49,1,4,-1,6,E01002910,0,-1
2020360942104,2020,360942104,2,2,0,18,19,1,5,0,0,0,0,0,0,0,3,1,1,1,1,42,7,49,1,2,-1,9,E01026550,0,-1
2020010236417,2020,010236417,1,9,0,5,5,0,1,0,0,2,0,0,0,0,0,1,6,6,1,36,7,2995,1,-1,-1,2,E01003731,0,-1
2020350969978,2020,350969978,3,5,0,3,3,3,7,0,0,0,0,0,0,0,2,1,6,6,1,67,10,-1,-1,-1,-1,3,E01026270,0,-1
202006P368015,2020,06P368015,2,5,0,18,19,4,8,0,0,8,0,0,0,0,4,1,6,6,1,67,10,638,1,13,-1,6,E01005649,0,-1
2020432003400,2020,432003400,2,5,0,13,13,7,3,0,0,3,0,0,1,1,4,1,6,6,1,38,7,-1,-1,-1,-1,2,E01016839,0,-1
2020010246101,2020,010246101,2,5,0,18,19,4,8,0,0,1,0,0,0,0,1,-1,6,6,1,52,8,-1,-1,-1,-1,5,E01015926,0,-1
2020100916057,2020,100916057,1,3,0,18,19,1,5,9,9,0,0,0,7,0,1,1,6,6,1,25,5,124,1,8,-1,3,E01008441,0,-1
2020010274632,2020,010274632,1,5,0,18,19,5,1,0,0,2,1,0,0,0,1,1,6,6,1,32,6,998,1,8,MAKE AND MODEL REDACTED,-1,-1,0,-1
2020052002448,2020,052002448,2,5,0,4,4,1,5,0,0,0,0,0,0,0,2,1,2,2,1,52,8,998,1,8,MAKE AND MODEL REDACTED,3,E01012417,0,-1
2020010268743,2020,010268743,1,5,9,99,99,9,9,99,99,1,9,99,9,99,9,1,6,6,1,38,7,998,1,8,MAKE AND MODEL REDACTED,8,E01030450,0,-1
2020140966375,2020,140966375,1,5,0,13,13,5,2,0,0,0,0,0,0,0,0,1,5,6,1,50,8,998,1,6,MAKE AND MODEL REDACTED,2,E01007651,0,-1
2020990968539,2020,990968539,1,5,0,18,19,3,7,0,0,0,0,0,0,0,0,1,2,2,1,63,9,649,1,1,-1,4,-1,0,-1
2020010272286,2020,010272286,1,9,0,7,7,5,7,4,4,5,0,0,1,0,4,1,6,6,2,49,8,1368,1,2,-1,9,E01004555,0,-1
2020340C09192,2020,340C09192,2,9,0,2,2,0,0,0,0,0,0,0,0,0,1,1,6,6,3,-1,-1,1598,2,6,-1,-1,-1,0,-1
2020410944430,2020,410944430,2,9,0,18,19,7,3,0,0,0,0,0,0,0,1,1,5,6,1,67,10,1368,1,3,-1,-1,-1,0,-1
2020411011924,2020,411011924,2,9,0,18,19,8,4,0,0,0,0,0,0,0,1,1,6,6,1,76,11,1498,1,56,-1,10,E01023968,0,-1
2020420971653,2020,420971653,1,5,0,14,14,3,3,0,0,0,0,0,0,0,1,1,6,6,1,28,6,1745,1,1,-1,3,E01000088,0,-1
2020010261226,2020,010261226,2,5,0,18,19,5,1,0,0,1,2,0,0,0,1,1,6,6,1,39,7,1745,1,2,-1,1,E01027127,0,-1
2020440368361,2020,440368361,1,5,0,9,9,3,1,0,0,8,0,0,0,0,1,1,6,6,1,57,9,1745,1,1,-1,10,E01023278,0,-1
2020990975543,2020,990975543,1,5,0,18,19,8,4,0,0,3,2,0,0,0,3,1,5,6,1,62,9,1745,1,1,-1,2,-1,0,-1
2020430097957,2020,430097957,2,5,0,13,13,7,3,0,0,1,0,0,0,0,1,1,6,6,1,44,7,1745,1,3,-1,10,E01028626,0,-1
2020070318439,2020,070318439,1,5,0,18,19,2,6,0,0,0,0,0,0,0,3,1,2,2,1,45,7,-1,-1,-1,-1,2,E01018478,0,-1
2020552000415,2020,552000415,1,3,0,18,19,1,5,0,0,0,1,0,0,0,3,1,6,6,1,59,9,501,1,15,-1,8,E01015448,0,-1
2020450953103,2020,450953103,1,9,0,7,7,1,7,0,0,6,0,4,0,0,3,1,5,6,1,90,11,-1,3,2,JAGUAR I-PACE,5,E01030337,0,-1
2020161010592,2020,161010592,2,9,0,18,19,7,3,0,0,8,0,0,0,0,2,1,6,6,1,58,9,-1,3,0,JAGUAR I-PACE,5,E01013313,0,-1
2020200929873,2020,200929873,1,9,0,3,3,6,2,0,0,1,0,0,0,0,2,1,3,7,2,49,8,-1,3,1,JAGUAR I-PACE,5,E01009032,0,-1
2020010230965,2020,010230965,1,9,0,3,3,7,3,0,0,1,0,0,0,0,0,1,6,6,1,46,8,-1,3,1,JAGUAR I-PACE,2,E01002031,0,-1
2020160952860,2020,160952860,1,9,0,18,19,7,3,0,0,4,0,0,0,0,1,1,5,6,1,76,11,-1,3,2,JAGUAR I-PACE,10,E01012973,0,-1
2020622001020,2020,622001020,2,9,0,18,19,1,5,0,0,0,0,0,0,0,1,1,6,6,2,40,7,-1,3,0,JAGUAR I-PACE,2,W01001019,0,-1