collision_index,collision_year,collision_ref_no,vehicle_reference,vehicle_type,towing_and_articulation,vehicle_manoeuvre_historic,vehicle_manoeuvre,vehicle_direction_from,vehicle_direction_to,vehicle_location_restricted_lane_historic,vehicle_location_restricted_lane,junction_location,skidding_and_overturning,hit_object_in_carriageway,vehicle_leaving_carriageway,hit_object_off_carriageway,first_point_of_impact,vehicle_left_hand_drive,journey_purpose_of_driver_historic,journey_purpose_of_driver,sex_of_driver,age_of_driver,age_band_of_driver,engine_capacity_cc,propulsion_code,age_of_vehicle,generic_make_model,driver_imd_decile,lsoa_of_driver,escooter_flag,driver_distance_banding
202006F175889,2020,06F175889,2,9,0,2,2,0,0,0,0,8,0,0,0,0,2,1,6,6,1,49,8,-1,3,0,JAGUAR I-PACE,6,E01005620,0,-1
2020221000176,2020,221000176,1,9,0,18,19,5,1,0,0,0,0,0,0,0,4,1,6,6,1,79,11,-1,3,1,JAGUAR I-PACE,4,E01033060,0,-1
2020451009609,2020,451009609,2,9,0,18,19,1,5,0,0,0,0,0,0,0,1,1,6,6,1,57,9,-1,3,1,JAGUAR I-PACE,10,E01030691,0,-1
2020030981692,2020,030981692,1,9,0,18,19,2,6,6,6,0,1,0,7,0,1,1,5,6,1,64,9,-1,3,2,JAGUAR I-PACE,6,E01019339,0,-1
2020010260416,2020,010260416,1,9,0,99,99,9,9,99,99,9,9,99,9,99,2,9,6,6,1,42,7,-1,3,1,JAGUAR I-PACE,7,E01003287,0,-1
2020141008216,2020,141008216,2,9,0,18,19,1,5,0,0,0,0,0,0,0,3,1,2,2,2,50,8,-1,3,1,JAGUAR I-PACE,6,E01027923,0,-1
2020990966562,2020,990966562,3,9,0,18,19,7,3,0,0,0,0,0,0,0,0,1,6,6,1,56,9,-1,3,0,JAGUAR I-PACE,9,-1,0,-1
2020122000801,2020,122000801,2,9,0,18,19,1,5,0,0,0,0,0,1,10,2,1,6,6,2,68,10,-1,3,0,JAGUAR I-PACE,5,E01011733,0,-1
2020201019071,2020,201019071,2,9,0,3,3,8,4,0,0,0,0,0,0,0,2,1,1,1,1,-1,-1,-1,3,1,JAGUAR I-PACE,7,E01032136,0,-1
2020471008439,2020,471008439,2,9,0,18,19,7,3,0,0,0,0,0,0,0,3,1,5,6,1,56,9,-1,3,0,JAGUAR I-PACE,10,E01024829,0,-1
2020470995902,2020,470995902,2,9,0,4,4,8,4,0,0,0,0,0,0,0,2,1,2,2,1,44,7,-1,3,1,JAGUAR I-PACE,9,E01021056,0,-1
2020520002187,2020,520002187,2,9,0,18,19,4,8,0,0,0,0,0,0,0,1,1,6,6,3,-1,-1,-1,3,1,JAGUAR I-PACE,-1,-1,0,-1
2020470932596,2020,470932596,1,9,0,5,5,1,3,0,0,6,0,0,0,0,1,1,6,6,1,48,8,-1,3,1,JAGUAR I-PACE,8,E01016992,0,-1
2020451003167,2020,451003167,2,9,0,7,7,1,5,0,0,0,0,0,0,0,1,1,1,1,1,50,8,-1,3,1,JAGUAR I-PACE,10,E01030997,0,-1
2020122001122,2020,122001122,1,17,0,9,9,7,3,0,0,6,0,0,0,0,1,1,1,1,1,35,6,6788,2,1,JOHN DEERE 6200 SERIES,6,E01027780,0,-1
2020501002510,2020,501002510,1,17,4,17,19,5,1,0,0,0,0,0,0,0,4,1,1,1,1,22,5,6788,2,2,JOHN DEERE 6200 SERIES,7,E01020258,0,-1
2020549426020,2020,549426020,2,17,0,17,19,7,3,0,0,0,0,0,0,0,2,1,1,1,1,25,5,6788,2,5,JOHN DEERE 6200 SERIES,10,E01028752,0,-1
2020470947382,2020,470947382,2,17,0,17,19,4,2,0,0,0,0,0,0,0,1,1,1,1,1,51,8,6788,2,2,JOHN DEERE 6200 SERIES,7,E01021088,0,-1
2020420990686,2020,420990686,2,17,5,18,19,7,3,0,0,0,0,0,0,0,2,1,1,1,1,56,9,6788,2,2,JOHN DEERE 6200 SERIES,6,E01021875,0,-1
2020340W02362,2020,340W02362,1,17,4,13,13,5,1,0,0,0,0,0,0,0,4,1,1,1,1,22,5,6788,2,3,JOHN DEERE 6200 SERIES,10,E01027295,0,-1
2020351025117,2020,351025117,2,17,1,17,19,2,5,0,0,0,0,0,1,0,1,1,1,1,1,21,5,6788,2,0,JOHN DEERE 6200 SERIES,5,E01018233,0,-1
2020990976734,2020,990976734,1,17,0,10,10,2,8,0,0,6,0,0,0,0,1,1,1,1,1,25,5,6788,2,0,JOHN DEERE 6200 SERIES,1,-1,0,-1
2020160985841,2020,160985841,2,17,0,18,19,5,1,0,0,0,0,0,0,0,2,1,1,1,1,41,7,6788,2,1,JOHN DEERE 6200 SERIES,8,E01012984,0,-1
2020100981483,2020,100981483,1,17,5,18,19,2,4,0,0,0,0,0,0,0,3,1,1,1,1,42,7,6788,2,1,JOHN DEERE 6200 SERIES,5,E01027374,0,-1
2020410954426,2020,410954426,1,5,0,18,19,8,5,0,0,0,5,0,0,0,3,1,6,6,1,23,5,654,1,12,-1,3,E01023487,0,-1
2020440060624,2020,440060624,2,3,0,18,19,2,6,0,0,8,0,0,0,0,0,1,6,6,1,59,9,110,1,13,-1,2,E01017156,0,-1
2020210972440,2020,210972440,3,17,0,18,19,6,2,0,0,0,0,0,0,0,0,1,1,1,1,58,9,-1,2,15,MASSEY FERGUSON Model Missing,-1,-1,0,-1
2020122000839,2020,122000839,1,17,0,9,9,7,5,0,0,1,0,0,0,0,3,1,1,1,1,23,5,6600,2,10,MASSEY FERGUSON Model Missing,8,E01027900,0,-1
2020430273412,2020,430273412,1,17,0,5,5,7,5,0,0,8,0,0,7,0,2,1,1,1,1,64,9,-1,2,6,MASSEY FERGUSON Model Missing,9,E01028739,0,-1
2020440027060,2020,440027060,2,17,0,18,19,2,6,0,0,8,0,0,0,0,1,1,1,1,1,24,5,-1,2,11,MASSEY FERGUSON Model Missing,8,E01023245,0,-1
2020520100231,2020,520100231,1,17,0,3,3,6,2,0,0,8,0,0,0,0,3,1,6,6,1,36,7,-1,2,4,MASSEY FERGUSON Model Missing,8,E01029194,0,-1
2020440370836,2020,440370836,2,17,0,9,9,5,3,0,0,8,0,0,0,0,3,1,1,1,1,56,9,-1,2,23,MASSEY FERGUSON Model Missing,6,E01023065,0,-1
2020430103837,2020,430103837,2,17,0,9,9,7,5,0,0,5,0,0,0,0,1,1,1,1,1,40,7,-1,2,4,MASSEY FERGUSON Model Missing,7,E01016301,0,-1
2020220977388,2020,220977388,1,17,0,9,9,6,8,0,0,6,0,0,0,0,3,1,1,1,1,77,11,-1,2,32,MASSEY FERGUSON Model Missing,7,E01028995,0,-1
2020552000760,2020,552000760,1,17,4,9,9,6,5,0,0,8,0,0,0,0,1,1,1,1,1,63,9,-1,2,3,MASSEY FERGUSON Model Missing,9,E01020399,0,-1
2020320181610,2020,320181610,1,17,0,18,19,4,8,0,0,0,5,0,1,0,0,1,1,1,1,23,5,-1,2,8,MASSEY FERGUSON Model Missing,3,E01026099,0,-1
2020030997583,2020,030997583,2,17,0,18,19,7,3,0,0,0,0,0,1,0,1,1,1,1,1,66,10,-1,2,16,MASSEY FERGUSON Model Missing,5,E01019132,0,-1
2020137CT1343,2020,137CT1343,1,17,5,18,19,3,7,0,0,0,0,0,0,0,2,1,1,1,1,61,9,5000,2,38,MASSEY FERGUSON Model Missing,8,E01032503,0,-1
2020990942250,2020,990942250,2,17,4,17,19,2,6,0,0,0,0,0,0,0,1,1,1,1,1,19,4,6596,2,1,MASSEY FERGUSON Model Missing,6,-1,0,-1
2020410957949,2020,410957949,1,17,1,18,19,-1,-1,0,0,0,0,0,0,0,0,1,6,6,1,21,5,-1,2,16,MASSEY FERGUSON Model Missing,7,E01017652,0,-1
2020370981701,2020,370981701,2,17,5,17,19,5,1,0,0,0,0,0,0,0,4,1,1,1,1,53,8,4397,2,1,MASSEY FERGUSON Model Missing,5,E01030138,0,-1
2020370937676,2020,370937676,1,17,0,18,19,5,1,0,0,0,0,0,0,0,3,1,1,1,1,54,8,-1,2,12,MASSEY FERGUSON Model Missing,6,E01030081,0,-1
2020070304743,2020,070304743,2,17,0,10,10,5,3,0,0,8,0,0,0,0,3,1,1,1,1,19,4,-1,2,14,MASSEY FERGUSON Model Missing,7,E01018597,0,-1
2020360991418,2020,360991418,3,17,4,18,19,3,7,0,0,1,0,0,0,0,1,1,1,1,1,57,9,-1,2,4,MASSEY FERGUSON Model Missing,4,E01026713,0,-1
2020320602569,2020,320602569,3,17,0,18,19,7,3,0,0,0,0,0,0,0,0,1,1,1,1,64,9,4910,2,2,MASSEY FERGUSON Model Missing,4,E01026250,0,-1
2020320039917,2020,320039917,1,17,0,7,7,7,3,0,0,6,0,0,0,0,3,1,2,2,1,39,7,-1,2,7,MASSEY FERGUSON Model Missing,5,E01026286,0,-1
2020990958069,2020,990958069,1,17,4,5,5,4,1,0,0,0,0,0,0,0,1,1,1,1,1,20,4,-1,2,11,MASSEY FERGUSON Model Missing,5,-1,0,-1
2020990992686,2020,990992686,2,17,0,10,10,1,5,0,0,0,0,0,0,0,3,1,1,1,1,57,9,236,2,33,MASSEY FERGUSON Model Missing,5,-1,0,-1
2020040979293,2020,040979293,2,17,0,18,19,7,3,0,0,0,0,0,0,0,2,1,5,6,1,39,7,-1,2,28,MASSEY FERGUSON Model Missing,7,E01025561,0,-1
2020522100320,2020,522100320,1,17,5,18,19,6,2,0,0,0,0,0,0,0,3,1,1,1,1,28,6,-1,2,10,MASSEY FERGUSON Model Missing,8,E01014953,0,-1
2020122000545,2020,122000545,1,17,4,9,9,3,5,0,0,8,0,0,0,0,3,1,1,1,1,42,7,-1,2,12,MASSEY FERGUSON Model Missing,9,E01027899,0,-1
2020470951945,2020,470951945,2,17,4,7,7,2,5,0,0,8,5,0,0,0,3,1,1,1,1,40,7,-1,2,28,MASSEY FERGUSON Model Missing,5,E01021195,0,-1
2020990938980,2020,990938980,2,17,0,18,19,5,1,0,0,0,0,0,0,0,1,1,2,2,1,17,4,-1,2,8,MASSEY FERGUSON Model Missing,8,-1,0,-1
2020460981895,2020,460981895,2,17,0,18,19,3,7,0,0,0,0,0,0,0,1,1,1,1,1,33,6,-1,2,10,MASSEY FERGUSON Model Missing,8,E01024085,0,-1
2020340E00822,2020,340E00822,2,17,0,2,2,2,6,0,0,0,0,0,0,0,2,1,1,1,1,23,5,6596,2,2,MASSEY FERGUSON Model Missing,3,E01027317,0,-1
2020430225629,2020,430225629,2,17,4,9,9,5,3,0,0,6,0,0,0,0,3,1,6,6,1,24,5,-1,2,6,MASSEY FERGUSON Model Missing,9,E01028601,0,-1
2020350959061,2020,350959061,1,17,0,5,5,2,6,0,0,0,5,0,1,0,3,1,5,6,1,74,10,-1,2,40,MASSEY FERGUSON Model Missing,6,E01018020,0,-1
2020122100101,2020,122100101,2,17,4,9,9,4,2,0,0,8,0,0,0,0,3,1,1,1,1,48,8,-1,2,13,MASSEY FERGUSON Model Missing,4,E01027803,0,-1
2020137611162,2020,137611162,1,9,0,9,9,6,4,0,0,1,0,0,0,0,1,2,2,2,2,22,5,1998,1,3,MAZDA CX3,9,E01011528,0,-1
2020440228644,2020,440228644,2,9,0,18,19,8,4,0,0,8,0,0,0,0,1,1,6,6,1,56,9,1998,1,1,MAZDA CX3,6,E01023219,0,-1
2020430328585,2020,430328585,3,9,0,18,19,5,1,0,0,0,0,0,0,0,1,1,6,6,2,47,8,1998,1,5,MAZDA CX3,-1,-1,0,-1
2020440488805,2020,440488805,2,9,0,18,19,5,1,0,0,8,0,0,0,0,1,1,6,6,1,41,7,2191,2,2,MAZDA CX3,8,E01022667,0,-1
2020101010237,2020,101010237,1,9,0,18,19,7,3,0,0,8,0,0,0,0,1,1,5,6,2,45,7,1998,1,1,MAZDA CX3,5,E01027448,0,-1
2020010240455,2020,010240455,1,9,0,99,99,9,9,99,99,0,9,99,9,99,9,9,6,6,3,19,4,1998,1,2,MAZDA CX3,1,E01002760,0,-1
2020010262906,2020,010262906,1,9,0,99,99,9,9,99,99,9,9,99,9,99,9,9,6,6,1,51,8,1998,1,2,MAZDA CX3,5,E01000994,0,-1
2020010264352,2020,010264352,2,9,0,9,9,7,5,0,0,6,0,0,0,0,1,1,6,6,1,55,8,1998,1,3,MAZDA CX3,5,E01004483,0,-1
2020200979721,2020,200979721,1,9,0,3,3,3,7,0,0,0,0,0,0,0,2,1,6,6,1,79,11,1998,1,3,MAZDA CX3,7,E01031023,0,-1
2020361027202,2020,361027202,2,9,0,18,19,8,4,0,0,0,0,0,0,0,3,1,3,7,2,32,6,1998,1,3,MAZDA CX3,9,E01026500,0,-1
2020010265922,2020,010265922,1,9,0,99,99,9,9,99,99,9,9,99,9,99,9,9,6,6,1,52,8,1998,1,4,MAZDA CX3,7,E01000139,0,-1
202006F274516,2020,06F274516,1,9,0,18,19,8,4,0,0,0,0,0,0,0,0,1,2,2,1,48,8,1998,1,1,MAZDA CX3,9,E01004952,0,-1
2020010257010,2020,010257010,2,9,0,9,9,7,5,0,0,1,0,0,0,0,1,1,6,6,2,24,5,1998,1,1,MAZDA CX3,2,E01001042,0,-1
202031A024520,2020,31A024520,1,9,0,10,10,8,7,0,0,5,0,0,0,0,2,1,6,6,1,74,10,1998,1,1,MAZDA CX3,9,E01019416,0,-1
2020548660720,2020,548660720,4,9,0,2,2,0,0,0,0,0,0,0,0,0,3,1,6,6,1,57,9,2191,2,1,MAZDA CX3,8,E01015536,0,-1
2020410986089,2020,410986089,1,9,0,18,19,7,3,0,0,2,1,0,1,3,1,1,2,2,1,25,5,1497,2,4,MAZDA CX3,7,E01023649,0,-1
2020010265871,2020,010265871,1,9,0,99,99,9,9,99,99,8,9,99,9,99,1,9,2,2,1,41,7,1998,1,5,MAZDA CX3,5,E01002249,0,-1
2020990952174,2020,990952174,2,9,0,10,10,6,3,0,0,0,0,0,0,0,2,1,5,6,2,40,7,1998,1,2,MAZDA CX3,6,-1,0,-1
2020010259073,2020,010259073,2,9,9,9,9,1,6,0,0,8,0,0,0,0,3,9,6,6,3,55,8,1998,1,2,MAZDA CX3,10,E01030596,0,-1
2020320678009,2020,320678009,2,9,0,18,19,3,7,0,0,0,0,4,0,0,1,1,6,6,1,52,8,1497,2,4,MAZDA CX3,9,E01026225,0,-1
2020052001408,2020,052001408,1,9,0,6,6,1,1,0,0,0,0,0,0,0,1,1,6,6,1,60,9,1497,2,2,MAZDA CX3,7,E01006498,0,-1
2020010239039,2020,010239039,1,9,0,99,99,9,9,99,99,9,9,99,9,99,2,9,6,6,1,58,9,1998,1,1,MAZDA CX3,8,E01023315,0,-1
2020420963283,2020,420963283,1,9,0,5,5,1,3,0,0,4,0,0,0,0,1,1,6,6,2,49,8,1998,1,1,MAZDA CX3,9,E01033613,0,-1
202063B009420,2020,63B009420,2,9,0,18,19,4,8,0,0,1,0,0,7,10,4,1,1,1,1,55,8,1998,1,2,MAZDA CX3,7,W01000675,0,-1
2020010270115,2020,010270115,2,9,0,5,5,3,7,0,0,0,0,0,0,0,1,1,6,6,1,50,8,1998,1,1,MAZDA CX3,-1,-1,0,-1
2020100980264,2020,100980264,1,9,0,6,6,7,1,0,0,0,0,0,0,0,1,1,5,6,1,61,9,1998,1,0,MAZDA CX3,6,E01008577,0,-1
2020430065696,2020,430065696,3,9,0,10,10,3,7,0,0,1,0,0,0,0,2,1,6,6,2,45,7,1998,1,1,MAZDA CX3,-1,-1,0,-1
2020070744372,2020,070744372,1,9,0,18,19,1,5,0,0,1,0,0,0,0,1,1,6,6,1,42,7,1998,1,5,MAZDA CX3,4,E01020394,0,-1
2020137AO1559,2020,137AO1559,1,9,0,3,3,1,5,0,0,1,0,0,0,0,2,1,6,6,1,39,7,2191,2,1,MAZDA CX3,7,E01010908,0,-1
2020041000339,2020,041000339,2,9,0,17,19,8,4,0,0,0,0,0,0,0,3,1,5,6,1,48,8,2191,2,1,MAZDA CX3,3,E01025371,0,-1
2020990972840,2020,990972840,1,9,0,3,3,2,7,0,0,0,0,0,0,0,3,1,5,6,2,46,8,1998,1,1,MAZDA CX3,5,-1,0,-1
2020220927894,2020,220927894,2,9,0,9,9,1,7,0,0,5,0,0,0,0,3,1,5,6,2,53,8,1998,1,2,MAZDA CX3,8,E01014147,0,-1
2020230970552,2020,230970552,3,9,0,18,19,8,4,0,0,8,0,0,0,0,3,1,5,6,1,68,10,2191,2,1,MAZDA CX3,10,E01029507,0,-1
2020430211156,2020,430211156,1,9,0,18,19,8,4,0,0,8,0,0,0,0,4,1,6,6,1,70,10,1998,1,1,MAZDA CX3,7,E01031166,0,-1
2020100918323,2020,100918323,1,9,0,1,1,3,7,9,9,0,0,0,0,0,2,1,5,6,2,60,9,1998,1,2,MAZDA CX3,3,E01008375,0,-1
2020220998086,2020,220998086,1,9,0,9,9,3,8,0,0,6,0,0,0,0,1,1,5,6,2,73,10,1998,1,1,MAZDA CX3,8,E01013990,0,-1
2020230942845,2020,230942845,3,9,0,3,3,4,8,0,0,1,0,0,0,0,2,1,2,2,2,54,8,1998,1,3,MAZDA CX3,8,E01031042,0,-1
2020140974789,2020,140974789,1,9,0,18,19,1,5,0,0,6,0,0,3,11,1,1,5,6,1,39,7,1998,1,2,MAZDA CX3,3,E01033266,0,-1
2020340K05802,2020,340K05802,1,9,0,9,9,1,7,0,0,4,0,0,0,0,4,1,6,6,2,53,8,1998,1,4,MAZDA CX3,9,E01027222,0,-1
2020470940784,2020,470940784,3,9,0,18,19,1,5,0,0,0,0,0,0,0,1,1,2,2,1,-1,-1,2191,2,1,MAZDA CX3,7,E01031381,0,-1
20201377J1875,2020,1377J1875,3,9,0,2,2,0,0,0,0,0,0,0,0,0,2,1,6,6,3,-1,-1,1998,1,1,MAZDA CX3,-1,-1,0,-1
2020420923852,2020,420923852,1,9,0,7,7,3,3,0,0,0,1,0,0,0,1,1,5,6,2,39,7,1497,2,3,MAZDA CX3,6,E01021666,0,-1
2020450972846,2020,450972846,1,9,0,3,3,1,5,0,0,0,0,0,0,0,2,1,5,6,1,38,7,1998,1,1,MAZDA CX3,9,E01023674,0,-1
2020170M10110,2020,170M10110,1,9,0,18,19,1,5,0,0,8,0,0,0,0,3,1,6,6,1,55,8,1998,1,1,MAZDA CX3,5,E01012054,0,-1
202031C092320,2020,31C092320,1,9,0,18,19,3,7,0,0,4,0,0,0,0,1,1,6,6,1,47,8,2191,2,1,MAZDA CX3,4,E01013936,0,-1
2020010240872,2020,010240872,2,9,0,3,3,7,3,0,0,0,0,0,0,0,1,1,6,6,1,68,10,1998,1,2,MAZDA CX3,5,E01030219,0,-1
2020040956744,2020,040956744,2,9,0,3,3,5,1,0,0,4,0,0,0,0,2,1,5,6,2,28,6,1998,1,1,MAZDA CX3,8,E01025272,0,-1
202006M168730,2020,06M168730,2,9,0,18,19,8,4,0,0,1,0,0,0,0,1,1,6,6,1,47,8,1998,1,4,MAZDA CX3,8,E01006150,0,-1
2020160980475,2020,160980475,1,9,0,1,1,1,5,0,0,0,0,0,0,0,2,1,6,6,1,73,10,1998,1,1,MAZDA CX3,1,E01012948,0,-1
2020370989137,2020,370989137,1,9,0,9,9,5,3,0,0,8,0,0,0,0,1,1,5,6,1,43,7,1998,1,4,MAZDA CX3,9,E01030190,0,-1
2020622000699,2020,622000699,1,9,0,4,4,4,8,0,0,0,0,0,0,0,0,1,6,6,1,56,9,1998,1,1,MAZDA CX3,6,W01000919,0,-1
2020200929017,2020,200929017,2,9,0,18,19,8,4,0,0,0,0,0,0,0,1,1,1,1,2,58,9,1998,1,1,MAZDA CX3,5,E01009245,0,-1
2020070307263,2020,070307263,1,9,0,18,19,5,1,0,0,2,1,2,2,6,1,1,6,6,1,61,9,1998,1,1,MAZDA CX3,10,E01018392,0,-1
2020010245749,2020,010245749,1,9,0,18,19,1,5,0,0,1,0,0,0,0,1,1,6,6,2,55,8,1998,1,1,MAZDA CX3,10,E01030590,0,-1
2020990933098,2020,990933098,1,9,0,18,19,8,3,0,0,1,0,0,0,0,1,1,5,6,1,54,8,1998,1,5,MAZDA CX3,8,-1,0,-1
2020470925471,2020,470925471,2,9,0,9,9,8,6,0,0,8,0,0,0,0,1,1,2,2,2,43,7,1998,1,1,MAZDA CX3,5,E01031731,0,-1
2020010280533,2020,010280533,1,9,0,18,19,3,7,0,0,0,5,0,2,10,1,1,6,6,1,69,10,1998,1,1,MAZDA CX3,8,E01001031,0,-1
2020450984766,2020,450984766,1,9,0,18,19,7,3,0,0,0,0,0,1,4,1,1,6,6,2,32,6,1998,1,2,MAZDA CX3,3,E01001076,0,-1
2020461010411,2020,461010411,2,9,0,10,10,4,8,0,0,0,0,0,0,0,2,1,6,6,1,56,9,1598,1,10,-1,7,E01024411,0,-1
2020450929472,2020,450929472,1,9,0,18,19,1,1,0,0,0,0,0,0,0,4,1,6,6,1,30,6,1598,2,3,-1,4,E01023997,0,-1
2020420938419,2020,420938419,1,19,0,3,3,1,5,0,0,0,0,0,0,0,2,1,5,6,1,29,6,1598,2,2,-1,7,E01021617,0,-1
2020990994148,2020,990994148,2,19,0,16,19,2,6,0,0,1,0,0,0,0,2,1,1,1,1,36,7,1598,2,2,-1,9,-1,0,-1
2020040957166,2020,040957166,1,19,0,18,19,3,2,0,0,4,0,0,0,0,3,1,1,1,1,39,7,1598,2,1,-1,1,E01025293,0,-1
2020010272824,2020,010272824,1,19,0,18,19,8,4,0,0,0,0,0,0,0,2,1,6,6,3,-1,-1,1598,2,3,-1,-1,-1,0,-1
2020440083618,2020,440083618,2,19,0,18,19,6,2,0,0,8,1,0,0,0,1,1,2,2,1,42,7,1598,2,3,-1,5,E01017275,0,-1
202063D032220,2020,63D032220,1,17,4,17,19,2,7,0,0,0,3,0,7,10,1,1,1,1,1,20,4,3400,2,61,-1,6,E01032383,0,-1
2020010277811,2020,010277811,1,2,0,99,99,9,9,99,99,9,9,99,9,99,9,1,2,2,3,41,7,49,1,17,-1,2,E01002045,0,-1
2020010284888,2020,010284888,2,2,0,18,19,7,3,0,0,2,0,0,0,0,4,1,6,6,1,53,8,49,1,17,-1,8,E01001585,0,-1
2020010233481,2020,010233481,2,2,0,18,19,1,5,0,0,8,0,0,0,0,1,1,6,6,1,43,7,49,1,18,-1,6,E01000329,0,-1
2020420998741,2020,420998741,1,2,0,18,19,3,7,0,0,1,0,0,0,0,1,1,5,6,1,19,4,49,1,17,-1,-1,-1,0,-1
2020010272720,2020,010272720,1,3,0,12,12,3,7,0,0,0,0,10,0,0,3,1,6,6,1,16,4,-1,-1,-1,-1,3,E01002781,0,-1
2020460989987,2020,460989987,1,2,0,18,19,1,4,0,0,6,0,0,0,0,0,1,5,6,2,16,4,49,1,22,-1,4,E01024620,0,-1
2020010238765,2020,010238765,1,2,0,18,19,6,2,2,2,8,0,0,0,0,1,1,4,7,1,16,4,49,1,15,-1,3,E01002139,0,-1
2020010281746,2020,010281746,2,2,0,18,19,7,3,0,0,8,1,0,0,0,1,1,2,2,1,44,7,49,1,21,-1,4,E01002065,0,-1
2020470967665,2020,470967665,1,2,0,4,4,5,1,0,0,0,0,0,0,0,2,1,2,2,1,19,4,49,1,19,-1,4,E01021051,0,-1
2020500958155,2020,500958155,1,5,0,16,19,6,1,0,0,0,0,0,1,9,1,1,5,6,1,60,9,-1,-1,-1,-1,9,E01029129,0,-1
2020430254742,2020,430254742,1,2,0,18,19,2,4,0,0,1,0,0,0,0,1,1,6,6,1,23,5,49,1,15,-1,7,E01016504,0,-1
2020552000834,2020,552000834,2,3,0,18,19,8,4,0,0,8,0,0,0,0,1,1,6,6,1,59,9,124,1,22,-1,5,E01027139,0,-1
2020230948719,2020,230948719,2,3,0,18,19,4,8,0,0,8,1,0,0,0,3,1,5,6,1,54,8,124,1,23,-1,7,E01031236,0,-1
202006Q179053,2020,06Q179053,1,9,0,18,19,6,2,0,0,8,0,0,0,0,1,1,6,6,1,22,5,1498,1,2,SEAT LEON,1,E01005377,0,-1
2020010266323,2020,010266323,2,9,0,9,9,1,7,0,0,1,0,0,0,0,4,1,2,2,1,33,6,1395,1,6,SEAT LEON,2,E01002316,0,-1
2020137B70414,2020,137B70414,1,9,0,5,5,4,7,0,0,4,0,0,0,0,4,1,6,6,1,60,9,1498,1,1,SEAT LEON,-1,-1,0,-1
2020340W05162,2020,340W05162,1,9,0,18,19,3,7,0,0,1,5,0,1,2,1,1,6,6,1,31,6,1968,2,13,SEAT LEON,4,E01027336,0,-1
202006P269151,2020,06P269151,2,9,0,18,19,2,6,0,0,0,0,0,0,0,1,1,6,6,1,34,6,1395,1,3,SEAT LEON,6,E01005596,0,-1
2020470976896,2020,470976896,1,9,0,7,7,4,7,0,0,8,0,0,0,0,2,1,6,6,1,40,7,1896,2,12,SEAT LEON,9,E01031413,0,-1
2020530950568,2020,530950568,1,9,0,13,13,5,1,0,0,4,0,0,0,0,4,1,1,1,1,20,4,1598,2,4,SEAT LEON,4,E01032936,0,-1
2020160994586,2020,160994586,3,9,0,3,3,5,1,0,0,4,0,0,0,0,1,1,5,6,2,31,6,1968,2,5,SEAT LEON,10,E01012926,0,-1
2020501004979,2020,501004979,2,9,0,3,3,3,7,0,0,0,0,0,0,0,2,1,5,6,2,47,8,1968,2,12,SEAT LEON,5,E01019050,0,-1
2020141006534,2020,141006534,2,9,0,18,19,6,2,0,0,0,0,0,0,0,1,1,6,6,3,-1,-1,1598,2,4,SEAT LEON,-1,-1,0,-1
2020430209268,2020,430209268,1,9,0,13,13,8,4,0,0,1,0,0,0,0,1,1,2,2,1,58,9,1781,1,18,SEAT LEON,4,E01017662,0,-1
2020500956362,2020,500956362,2,9,0,2,2,0,0,0,0,0,0,0,0,0,2,1,6,6,2,19,4,1595,1,13,SEAT LEON,5,E01020224,0,-1
2020461005753,2020,461005753,2,9,0,4,4,5,1,0,0,0,0,0,0,0,2,1,2,2,2,34,6,1498,1,0,SEAT LEON,5,E01024025,0,-1
20201374U0550,2020,1374U0550,2,9,0,18,19,5,1,0,0,1,0,0,0,0,3,1,6,6,1,26,6,1968,2,14,SEAT LEON,-1,-1,0,-1
2020010280184,2020,010280184,2,9,0,9,9,3,1,0,0,5,0,0,0,0,3,1,6,6,1,38,7,1598,2,6,SEAT LEON,3,E01004415,0,-1
2020010274140,2020,010274140,1,9,0,99,99,9,9,99,99,9,9,99,9,99,2,9,6,6,1,48,8,1197,1,5,SEAT LEON,7,E01000334,0,-1
2020010250405,2020,010250405,6,9,0,18,19,5,1,0,0,0,0,0,0,0,1,1,6,6,3,-1,-1,1968,2,10,SEAT LEON,-1,-1,0,-1
2020040959066,2020,040959066,1,9,0,16,19,3,7,0,0,0,0,0,7,7,1,1,5,6,1,19,4,1896,2,13,SEAT LEON,1,E01012586,0,-1
2020052001689,2020,052001689,1,9,0,13,13,7,3,0,0,8,0,4,0,0,1,1,6,6,1,40,7,1984,1,4,SEAT LEON,1,E01006664,0,-1
2020201001011,2020,201001011,1,9,0,18,19,8,6,0,0,3,0,0,0,0,1,1,6,6,1,-1,-1,1598,2,8,SEAT LEON,2,E01010420,0,-1
2020320638146,2020,320638146,1,9,0,17,19,2,6,0,0,2,1,0,1,9,1,1,2,2,1,51,8,1598,2,7,SEAT LEON,9,E01028059,0,-1
2020140917940,2020,140917940,1,9,0,18,19,8,4,0,0,0,0,0,0,0,4,1,2,2,2,47,8,1498,1,1,SEAT LEON,6,E01007512,0,-1