collision_index,collision_year,collision_ref_no,vehicle_reference,vehicle_type,towing_and_articulation,vehicle_manoeuvre_historic,vehicle_manoeuvre,vehicle_direction_from,vehicle_direction_to,vehicle_location_restricted_lane_historic,vehicle_location_restricted_lane,junction_location,skidding_and_overturning,hit_object_in_carriageway,vehicle_leaving_carriageway,hit_object_off_carriageway,first_point_of_impact,vehicle_left_hand_drive,journey_purpose_of_driver_historic,journey_purpose_of_driver,sex_of_driver,age_of_driver,age_band_of_driver,engine_capacity_cc,propulsion_code,age_of_vehicle,generic_make_model,driver_imd_decile,lsoa_of_driver,escooter_flag,driver_distance_banding
2020200952117,2020,200952117,1,9,0,6,6,8,8,0,0,8,0,0,0,0,3,1,6,6,1,39,7,1984,1,1,SEAT LEON,5,E01029647,0,-1
2020200948688,2020,200948688,1,9,0,5,5,5,1,0,0,6,0,0,0,0,3,1,6,6,2,27,6,1595,1,11,SEAT LEON,1,E01009094,0,-1
202006L278814,2020,06L278814,2,9,0,4,4,3,7,0,0,1,0,0,0,0,1,1,2,2,1,33,6,1968,2,14,SEAT LEON,2,E01006284,0,-1
2020520100752,2020,520100752,1,9,0,1,1,2,6,0,0,8,0,0,0,0,2,1,6,6,1,70,10,1984,1,0,SEAT LEON,5,E01029193,0,-1
2020200971284,2020,200971284,1,9,0,18,19,6,2,0,0,0,0,0,0,0,1,1,6,6,1,-1,-1,1968,2,12,SEAT LEON,-1,-1,0,-1
2020990953807,2020,990953807,2,9,0,18,19,5,1,0,0,0,0,0,0,0,3,1,6,6,1,40,7,1598,2,7,SEAT LEON,4,-1,0,-1
2020991010158,2020,991010158,1,9,0,18,19,4,7,0,0,0,0,0,0,0,1,1,5,6,1,33,6,1968,2,7,SEAT LEON,1,-1,0,-1
2020200989322,2020,200989322,2,9,0,16,19,8,3,0,0,0,0,0,0,0,1,1,6,6,1,27,6,1968,2,14,SEAT LEON,7,E01010163,0,-1
20201379J0992,2020,1379J0992,2,9,0,18,19,5,1,0,0,0,0,0,0,0,1,1,6,6,1,36,7,1598,2,9,SEAT LEON,2,E01011840,0,-1
2020500997773,2020,500997773,1,9,0,17,19,7,3,0,0,0,1,0,0,0,3,1,6,6,1,48,8,1595,1,14,SEAT LEON,2,E01018867,0,-1
2020200935839,2020,200935839,1,9,0,18,19,6,2,0,0,1,1,0,0,0,1,1,6,6,1,-1,-1,1598,1,16,SEAT LEON,1,E01009486,0,-1
2020302001585,2020,302001585,2,9,0,4,4,2,6,0,0,0,0,0,0,0,2,1,6,6,1,26,6,1968,2,13,SEAT LEON,1,E01019509,0,-1
2020450943983,2020,450943983,1,9,0,9,9,7,5,0,0,5,0,0,0,0,3,1,5,6,2,54,8,1968,2,4,SEAT LEON,10,E01030839,0,-1
2020220974995,2020,220974995,3,9,0,18,19,1,5,0,0,1,0,0,0,0,1,1,5,6,1,29,6,1896,2,13,SEAT LEON,10,E01032144,0,-1
2020122000768,2020,122000768,2,9,0,18,19,8,4,0,0,1,0,0,0,0,1,1,6,6,1,30,6,1781,1,16,SEAT LEON,1,E01012681,0,-1
2020200969967,2020,200969967,2,9,0,18,19,-1,-1,0,0,0,0,0,0,0,0,1,6,6,3,-1,-1,1984,1,2,SEAT LEON,-1,-1,0,-1
2020500953442,2020,500953442,2,9,0,5,5,5,3,0,0,7,0,0,0,0,2,1,1,1,2,26,6,1395,1,4,SEAT LEON,6,E01018763,0,-1
2020041009064,2020,041009064,2,9,0,18,19,1,5,0,0,3,1,9,7,1,4,1,2,2,1,31,6,1197,1,2,SEAT LEON,5,E01024888,0,-1
2020500990107,2020,500990107,1,9,0,18,19,3,7,0,0,0,0,0,0,0,1,1,2,2,1,27,6,1896,2,14,SEAT LEON,-1,-1,0,-1
2020100939505,2020,100939505,2,9,0,9,9,5,7,0,0,3,0,0,0,0,4,1,5,6,2,33,6,1197,1,5,SEAT LEON,7,E01008323,0,-1
2020340S03072,2020,340S03072,1,9,0,18,19,7,3,0,0,6,0,0,0,0,4,1,1,1,1,61,9,1968,2,4,SEAT LEON,10,E01027287,0,-1
20201375R2192,2020,1375R2192,2,9,0,18,19,7,3,0,0,8,0,0,1,0,1,1,6,6,2,31,6,1598,2,8,SEAT LEON,2,E01011421,0,-1
2020200960958,2020,200960958,2,9,0,2,2,0,0,0,0,0,0,0,0,0,3,1,6,6,1,41,7,1598,2,2,SEAT LEON,1,E01009539,0,-1
2020201017677,2020,201017677,1,9,0,18,19,8,4,0,0,8,0,0,0,0,1,1,2,2,1,27,6,1598,2,7,SEAT LEON,2,E01009088,0,-1
2020200995047,2020,200995047,3,9,0,18,19,0,0,0,0,1,0,0,0,0,3,1,6,6,2,56,9,1197,1,6,SEAT LEON,7,E01031089,0,-1
2020040941149,2020,040941149,1,9,0,16,19,1,5,0,0,1,0,0,0,0,3,1,5,6,1,41,7,1395,1,2,SEAT LEON,2,E01025268,0,-1
2020460916826,2020,460916826,2,9,0,18,19,4,8,0,0,4,0,0,0,0,3,1,1,1,1,21,5,1395,1,3,SEAT LEON,8,E01024762,0,-1
2020461003188,2020,461003188,2,9,0,18,19,1,5,0,0,0,0,0,0,0,3,1,1,1,1,44,7,1984,1,2,SEAT LEON,3,E01024795,0,-1
2020160988234,2020,160988234,1,9,0,10,10,4,2,0,0,8,0,0,0,0,2,1,2,2,2,27,6,1598,2,2,SEAT LEON,2,E01013187,0,-1
202063C010420,2020,63C010420,2,9,0,4,4,4,8,0,0,0,0,0,2,10,2,1,6,6,2,20,4,1598,2,5,SEAT LEON,8,W01000609,0,-1
2020440438612,2020,440438612,2,9,0,18,19,5,1,0,0,8,0,0,0,0,1,1,6,6,1,36,7,1968,2,12,SEAT LEON,5,E01023139,0,-1
2020220954710,2020,220954710,1,9,0,5,5,6,2,0,0,1,0,0,0,0,1,1,6,6,2,33,6,1896,2,13,SEAT LEON,4,E01032194,0,-1
2020030934436,2020,030934436,1,9,0,18,19,7,3,0,0,1,0,0,0,0,1,1,6,6,2,56,9,1984,1,12,SEAT LEON,1,E01019245,0,-1
202006N274105,2020,06N274105,2,9,0,18,19,5,1,0,0,8,1,0,0,0,1,1,6,6,1,38,7,1595,1,15,SEAT LEON,9,E01005038,0,-1
20201375J0836,2020,1375J0836,2,9,0,4,4,4,8,0,0,1,0,0,0,0,2,1,6,6,2,29,6,1498,1,1,SEAT LEON,1,E01010622,0,-1
202006J173006,2020,06J173006,2,9,0,18,19,7,3,0,0,8,0,0,0,0,2,1,6,6,1,23,5,1896,2,11,SEAT LEON,1,E01032921,0,-1
2020460933197,2020,460933197,1,9,0,5,5,6,2,0,0,0,0,0,0,0,3,1,6,6,2,26,6,1598,2,7,SEAT LEON,1,E01024295,0,-1
2020522101161,2020,522101161,2,9,0,4,4,2,6,0,0,0,0,0,0,0,2,1,6,6,2,75,10,1395,1,5,SEAT LEON,8,E01029113,0,-1
2020010258005,2020,010258005,1,9,0,8,8,3,4,0,0,6,0,0,0,0,3,1,6,6,1,19,4,1197,1,7,SEAT LEON,-1,-1,0,-1
2020460975493,2020,460975493,2,9,0,2,2,0,0,0,0,0,0,0,0,0,1,1,5,6,1,-1,-1,1896,2,15,SEAT LEON,5,E01024206,0,-1
20201376T0056,2020,1376T0056,1,9,0,2,2,3,7,0,0,0,0,0,0,0,1,1,6,6,1,-1,-1,1968,2,2,SEAT LEON,-1,-1,0,-1
2020200929762,2020,200929762,1,9,0,18,19,-1,-1,0,0,1,0,0,0,0,1,1,6,6,1,-1,-1,1896,2,10,SEAT LEON,-1,-1,0,-1
2020010288435,2020,010288435,2,9,0,99,99,9,9,99,99,0,9,99,9,99,2,9,6,6,3,-1,-1,1395,1,3,SEAT LEON,-1,-1,0,-1
2020530950933,2020,530950933,1,9,0,18,19,4,8,0,0,6,0,0,0,0,0,1,6,6,1,50,8,1896,2,11,SEAT LEON,9,E01022279,0,-1
2020430239574,2020,430239574,2,9,0,18,19,2,6,0,0,8,0,0,0,0,1,1,6,6,1,26,6,1896,2,16,SEAT LEON,4,E01028587,0,-1
2020991006425,2020,991006425,1,9,0,9,9,4,1,0,0,5,0,0,0,0,1,1,5,6,2,36,7,1598,2,9,SEAT LEON,9,-1,0,-1
2020040996821,2020,040996821,1,9,0,18,19,7,3,9,9,1,0,0,0,0,3,2,5,6,1,18,4,1598,2,5,SEAT LEON,8,E01005043,0,-1
2020990965183,2020,990965183,2,9,0,18,19,6,2,0,0,2,0,0,0,0,4,1,5,6,2,23,5,1968,2,6,SEAT LEON,2,-1,0,-1
2020622000535,2020,622000535,3,9,0,2,2,0,0,0,0,2,0,0,0,0,2,1,6,6,3,-1,-1,1395,1,2,SEAT LEON,-1,-1,0,-1
2020140999752,2020,140999752,2,9,0,1,1,2,7,0,0,1,-1,-1,-1,0,-1,1,6,6,3,-1,-1,1781,1,18,SEAT LEON,-1,-1,0,-1
202063D078220,2020,63D078220,1,9,0,17,19,1,6,0,0,0,1,0,1,1,1,1,6,6,1,32,6,1968,2,14,SEAT LEON,3,W01001802,0,-1
2020221009036,2020,221009036,1,9,0,16,19,1,4,0,0,0,2,0,2,11,1,1,1,1,1,25,5,1781,1,19,SEAT LEON,4,E01014034,0,-1
2020430022370,2020,430022370,1,9,0,13,13,5,1,0,0,0,5,0,0,0,1,1,2,2,1,30,6,1968,2,4,SEAT LEON,9,E01028723,0,-1
2020350984374,2020,350984374,2,9,0,3,3,1,5,0,0,1,0,0,0,0,2,1,6,6,1,25,5,1395,1,2,SEAT LEON,4,E01015676,0,-1
2020990990524,2020,990990524,2,9,0,18,19,7,3,0,0,0,0,0,0,0,2,1,6,6,2,36,7,1395,1,2,SEAT LEON,3,-1,0,-1
2020070147596,2020,070147596,2,9,0,4,4,3,7,0,0,0,0,0,0,0,2,1,6,6,1,60,9,1598,2,8,SEAT LEON,9,W01000284,0,-1
2020140950481,2020,140950481,2,9,0,7,7,7,1,0,0,6,0,0,0,0,3,1,6,6,2,41,7,1598,2,9,SEAT LEON,2,E01007767,0,-1
2020420957712,2020,420957712,2,9,0,18,19,3,7,0,0,0,0,0,0,0,2,1,2,2,1,51,8,1598,2,2,SEAT LEON,3,E01015825,0,-1
2020030946190,2020,030946190,1,9,0,17,19,3,7,0,0,0,0,0,0,0,1,1,5,6,1,22,5,1197,1,2,SEAT LEON,9,-1,0,-1
2020122000788,2020,122000788,1,9,0,9,9,7,5,0,0,6,0,0,0,0,3,1,6,6,1,25,5,1598,2,4,SEAT LEON,1,E01011134,0,-1
2020320553350,2020,320553350,2,9,0,7,7,5,8,0,0,2,0,0,0,0,4,1,6,6,1,19,4,1968,2,6,SEAT LEON,1,E01026312,0,-1
2020137CK1796,2020,137CK1796,2,9,0,18,19,4,8,0,0,8,0,0,0,0,1,1,6,6,1,45,7,1896,2,11,SEAT LEON,1,E01011673,0,-1
2020430159170,2020,430159170,1,9,0,4,4,6,2,0,0,0,0,0,0,0,2,1,2,2,1,56,9,1395,1,6,SEAT LEON,10,E01017774,0,-1
2020010286156,2020,010286156,2,9,0,99,99,9,9,99,99,9,9,99,9,99,2,9,6,6,3,-1,-1,1896,2,14,SEAT LEON,5,E01031599,0,-1
202006XP76572,2020,06XP76572,3,9,0,18,19,2,6,0,0,0,0,0,0,0,2,1,1,1,1,57,9,1968,2,3,SEAT LEON,8,E01013269,0,-1
20201376C1512,2020,1376C1512,1,9,0,18,19,7,3,0,0,1,0,0,0,0,1,1,1,1,1,56,9,1197,1,3,SEAT LEON,1,E01010663,0,-1
2020530990523,2020,530990523,1,9,0,9,9,7,5,0,0,8,0,0,0,0,3,1,5,6,1,38,7,1896,2,10,SEAT LEON,6,E01022222,0,-1
2020500976978,2020,500976978,1,9,0,18,19,5,1,0,0,0,0,0,0,0,3,1,6,6,2,34,6,1968,2,4,SEAT LEON,5,E01018960,0,-1
2020122001190,2020,122001190,3,9,0,18,19,3,7,0,0,0,0,0,0,0,2,1,6,6,3,-1,-1,1968,2,5,SEAT LEON,-1,-1,0,-1
2020030973684,2020,030973684,2,9,0,16,19,7,3,0,0,0,0,0,0,0,1,1,6,6,1,67,10,1968,2,5,SEAT LEON,9,E01026401,0,-1
2020430293058,2020,430293058,2,9,0,18,19,2,6,0,0,8,0,0,0,0,1,1,6,6,2,44,7,1197,1,5,SEAT LEON,-1,-1,0,-1
2020990938181,2020,990938181,1,9,0,18,19,3,7,0,0,3,0,0,0,0,4,1,6,6,2,53,8,1197,1,7,SEAT LEON,1,-1,0,-1
2020210961220,2020,210961220,1,9,0,4,4,5,1,0,0,0,0,0,0,0,1,1,6,6,1,24,5,1968,2,7,SEAT LEON,2,E01010400,0,-1
2020421000445,2020,421000445,3,9,0,4,4,5,1,0,0,0,0,0,0,0,3,1,6,6,2,-1,-1,999,1,1,SEAT LEON,-1,-1,0,-1
202006G177690,2020,06G177690,2,9,0,18,19,3,7,0,0,8,0,0,0,0,3,1,6,6,1,29,6,1896,2,13,SEAT LEON,1,E01005947,0,-1
2020302000152,2020,302000152,2,9,0,18,19,6,2,0,0,1,0,0,0,0,3,1,6,6,2,43,7,1595,1,15,SEAT LEON,1,E01013536,0,-1
2020420968668,2020,420968668,1,9,0,7,7,1,3,0,0,0,0,0,0,0,3,1,6,6,1,22,5,1598,2,7,SEAT LEON,9,E01023477,0,-1
2020440032473,2020,440032473,2,9,0,18,19,1,5,0,0,0,0,0,0,0,1,1,6,6,1,38,7,1598,1,15,SEAT LEON,1,E01017040,0,-1
2020552000269,2020,552000269,1,9,0,18,19,5,1,0,0,0,0,0,0,0,4,1,3,7,2,30,6,1781,1,17,SEAT LEON,6,E01020516,0,-1
2020990982534,2020,990982534,1,9,0,18,19,7,4,0,0,1,0,0,7,0,1,1,5,6,1,22,5,1395,1,4,SEAT LEON,10,-1,0,-1
202006M170650,2020,06M170650,2,9,0,2,2,0,0,0,0,8,0,0,0,0,3,1,6,6,3,-1,-1,1598,2,4,SEAT LEON,8,E01006116,0,-1
2020137861491,2020,137861491,1,9,0,5,5,5,3,0,0,6,0,0,0,0,1,1,6,6,1,-1,-1,1896,2,13,SEAT LEON,-1,-1,0,-1
2020141009376,2020,141009376,1,9,0,9,9,5,6,0,0,0,0,0,0,0,1,1,5,6,1,33,6,1968,2,12,SEAT LEON,3,E01007747,0,-1
2020200938144,2020,200938144,1,9,0,18,19,4,8,0,0,4,5,10,3,0,1,1,6,6,1,21,5,1390,1,9,SEAT LEON,-1,-1,0,-1
2020990959062,2020,990959062,1,9,0,18,19,5,1,0,0,0,0,10,7,0,4,1,2,2,2,24,5,1598,2,4,SEAT LEON,-1,-1,0,-1
20201379Q0354,2020,1379Q0354,1,9,0,4,4,4,3,0,0,1,0,0,0,0,2,1,6,6,2,21,5,1968,2,7,SEAT LEON,1,E01011667,0,-1
202006E471214,2020,06E471214,1,9,0,18,19,2,6,0,0,8,0,0,1,0,1,1,6,6,2,19,4,1968,2,12,SEAT LEON,1,E01010737,0,-1
2020140961976,2020,140961976,2,9,0,18,19,7,3,0,0,1,0,0,0,0,1,1,5,6,1,62,9,1598,2,7,SEAT LEON,1,E01007544,0,-1
2020010233165,2020,010233165,2,9,0,10,10,5,3,0,0,7,0,0,0,0,1,1,1,1,1,21,5,1395,1,4,SEAT LEON,3,E01000610,0,-1
2020470917002,2020,470917002,1,9,0,9,9,5,3,0,0,6,0,0,0,0,4,1,5,6,1,59,9,1598,2,4,SEAT LEON,4,E01020952,0,-1
20201371L1829,2020,1371L1829,2,9,0,18,19,6,2,0,0,1,0,0,0,0,1,1,6,6,2,29,6,1598,2,7,SEAT LEON,1,E01010723,0,-1
202031D049320,2020,31D049320,2,9,0,18,19,2,6,0,0,1,0,0,0,0,1,1,6,6,1,28,6,1968,2,9,SEAT LEON,3,E01013816,0,-1
2020410940658,2020,410940658,2,9,0,9,9,1,7,0,0,4,0,0,0,0,1,1,6,6,1,25,5,1896,2,14,SEAT LEON,6,E01023784,0,-1
2020200940160,2020,200940160,1,9,0,18,19,2,6,0,0,3,0,0,0,0,1,1,6,6,1,34,6,1896,2,14,SEAT LEON,1,E01009192,0,-1
2020161010030,2020,161010030,2,9,0,18,19,1,5,0,0,8,0,0,0,0,1,1,5,6,2,46,8,999,1,3,SEAT LEON,3,E01012757,0,-1
2020041004249,2020,041004249,1,9,0,18,19,5,1,0,0,0,0,0,0,0,1,1,6,6,1,25,5,1595,1,12,SEAT LEON,1,E01025295,0,-1
2020200983957,2020,200983957,1,9,0,12,12,1,5,0,0,8,0,0,0,0,1,1,2,2,1,27,6,1968,2,3,SEAT LEON,3,E01032242,0,-1
202031C042920,2020,31C042920,2,9,0,9,9,1,8,0,0,1,0,0,0,0,1,1,6,6,1,69,10,1896,2,14,SEAT LEON,6,E01028080,0,-1
2020360959532,2020,360959532,1,9,0,7,7,5,7,4,4,2,0,0,0,0,2,1,5,6,1,47,8,1984,1,1,SEAT LEON,6,E01026580,0,-1
2020100999915,2020,100999915,1,9,0,18,19,3,7,0,0,4,0,0,0,0,1,1,6,6,1,31,6,1896,2,16,SEAT LEON,-1,-1,0,-1
2020302000495,2020,302000495,1,9,0,7,7,2,5,0,0,6,0,0,0,0,1,1,6,6,1,23,5,1781,1,16,SEAT LEON,2,E01019510,0,-1
2020340S04812,2020,340S04812,1,9,0,12,12,5,1,0,0,0,1,0,0,0,1,1,6,6,1,20,4,1498,1,0,SEAT LEON,4,E01027252,0,-1
2020160965895,2020,160965895,1,9,0,18,19,8,4,0,0,0,0,0,0,0,1,1,6,6,2,24,5,1968,2,12,SEAT LEON,5,E01012930,0,-1
2020137C11276,2020,137C11276,2,9,0,18,19,5,1,0,0,0,0,0,7,11,4,1,6,6,1,22,5,1390,1,12,SEAT LEON,1,E01010674,0,-1
2020451004261,2020,451004261,3,9,0,18,19,1,5,0,0,0,0,4,0,0,2,1,5,6,1,35,6,1395,1,5,SEAT LEON,9,E01002976,0,-1
2020137120285,2020,137120285,2,9,0,9,9,5,3,0,0,6,0,0,0,0,1,1,6,6,1,36,7,1598,2,6,SEAT LEON,2,E01011079,0,-1
2020141004961,2020,141004961,1,9,0,18,19,3,7,0,0,1,0,0,0,0,1,1,6,6,2,25,5,1598,2,9,SEAT LEON,3,E01008108,0,-1
2020010253380,2020,010253380,2,9,9,99,99,9,9,99,99,9,9,99,9,99,9,9,6,6,3,-1,-1,1595,1,13,SEAT LEON,-1,-1,0,-1
2020140915576,2020,140915576,3,9,0,18,19,1,5,0,0,8,0,0,0,0,2,1,5,6,1,26,6,1598,2,3,SEAT LEON,7,-1,0,-1
20201379J0092,2020,1379J0092,2,9,0,18,19,5,1,0,0,0,0,0,0,0,1,1,6,6,1,36,7,1598,2,9,SEAT LEON,2,E01011840,0,-1
2020137BS1425,2020,137BS1425,2,9,0,18,19,4,8,0,0,0,0,0,0,0,2,1,6,6,1,46,8,999,1,0,SEAT LEON,9,E01011945,0,-1
2020451004370,2020,451004370,2,9,0,18,19,3,4,0,0,0,0,0,0,0,2,1,6,6,1,23,5,1197,1,6,SEAT LEON,9,E01030301,0,-1
2020370937961,2020,370937961,2,9,0,2,2,0,0,0,0,0,0,0,0,0,2,1,5,6,1,22,5,1395,1,4,SEAT LEON,8,E01030111,0,-1
20201379K1697,2020,1379K1697,3,9,0,18,19,5,1,0,0,0,0,0,0,0,2,1,6,6,1,28,6,1598,2,8,SEAT LEON,-1,-1,0,-1
2020010281893,2020,010281893,2,9,0,99,99,9,9,99,99,9,9,99,9,99,9,9,6,6,3,-1,-1,1968,2,14,SEAT LEON,-1,-1,0,-1
2020200931893,2020,200931893,2,9,0,3,3,8,4,0,0,1,0,0,0,0,1,1,6,6,2,23,5,1595,1,11,SEAT LEON,1,E01009092,0,-1
2020010262006,2020,010262006,2,9,0,99,99,9,9,99,99,9,9,99,9,99,1,9,6,6,1,22,5,1197,1,4,SEAT LEON,3,E01001365,0,-1
2020991004751,2020,991004751,1,9,0,18,19,3,7,0,0,0,0,0,1,0,1,1,6,6,1,75,10,1598,2,2,SEAT LEON,1,-1,0,-1
2020010277043,2020,010277043,2,9,0,99,99,9,9,99,99,0,9,99,9,99,2,9,6,6,3,-1,-1,1968,2,14,SEAT LEON,-1,-1,0,-1
2020200951492,2020,200951492,1,9,0,18,19,3,6,0,0,3,0,10,1,2,1,1,6,6,1,-1,-1,1896,2,13,SEAT LEON,-1,-1,0,-1
2020350979624,2020,350979624,2,9,0,-1,-1,-1,-1,-1,-1,-1,-1,-1,-1,0,-1,1,6,6,1,39,7,1968,2,13,SEAT LEON,9,E01018199,0,-1
202006N276654,2020,06N276654,1,9,0,18,19,7,3,0,0,1,0,0,0,0,2,1,6,6,1,23,5,1968,2,14,SEAT LEON,1,E01012577,0,-1
2020030924832,2020,030924832,1,9,0,18,19,8,2,0,0,8,0,9,3,11,1,1,5,6,1,31,6,1984,1,4,SEAT LEON,-1,-1,0,-1
202031B004420,2020,31B004420,2,9,0,17,19,4,2,0,0,8,0,0,0,0,1,1,6,6,2,58,9,1395,1,2,SEAT LEON,5,E01028036,0,-1
2020200984001,2020,200984001,1,9,0,9,9,3,8,0,0,8,0,0,0,0,4,1,1,1,2,20,4,1197,1,9,SEAT LEON,1,E01009484,0,-1
2020200936580,2020,200936580,2,9,0,2,2,0,0,0,0,0,0,0,0,0,3,1,6,6,1,35,6,1598,2,6,SEAT LEON,1,E01009351,0,-1
2020430155350,2020,430155350,1,9,0,9,9,8,6,0,0,5,0,0,0,0,1,1,6,6,2,55,8,1395,1,4,SEAT LEON,7,E01017846,0,-1
2020470957031,2020,470957031,2,9,0,18,19,4,8,0,0,0,0,0,0,0,3,1,5,6,1,38,7,1498,1,0,SEAT LEON,5,E01021100,0,-1
2020040974299,2020,040974299,3,9,0,3,3,2,6,0,0,1,0,0,0,0,1,1,1,1,1,24,5,1798,1,4,SEAT LEON,1,E01033231,0,-1
2020351029468,2020,351029468,1,9,0,18,19,3,7,0,0,1,0,0,0,0,1,1,6,6,1,42,7,1896,2,14,SEAT LEON,9,E01033173,0,-1
2020100937625,2020,100937625,2,9,0,3,3,5,1,0,0,1,0,0,0,0,2,1,6,6,2,63,9,1197,1,4,SEAT LEON,4,E01008565,0,-1
2020460924800,2020,460924800,1,9,0,18,19,5,1,0,0,4,0,0,0,0,1,1,5,6,1,54,8,1598,2,1,SEAT LEON,-1,-1,0,-1
2020991012898,2020,991012898,1,9,0,16,19,3,6,0,0,0,0,0,0,0,1,1,6,6,1,67,10,1598,1,17,SEAT LEON,4,-1,0,-1
2020540547120,2020,540547120,2,9,0,18,19,2,6,0,0,0,0,0,0,0,2,1,1,1,1,25,5,1498,1,1,SEAT LEON,7,E01015526,0,-1
2020070357846,2020,070357846,2,9,0,18,19,6,2,0,0,0,0,0,0,0,2,2,6,6,1,32,6,1968,2,13,SEAT LEON,8,E01018391,0,-1
2020430152758,2020,430152758,2,9,0,18,19,5,1,0,0,8,0,0,0,0,3,1,6,6,1,24,5,1968,2,14,SEAT LEON,3,E01017906,0,-1
2020140976713,2020,140976713,1,9,0,18,19,1,5,6,6,0,2,0,2,0,1,1,6,6,3,-1,-1,1968,2,12,SEAT LEON,-1,-1,0,-1
2020440306218,2020,440306218,3,9,0,4,4,4,8,0,0,0,0,0,0,0,2,1,6,6,1,29,6,1395,1,3,SEAT LEON,4,E01017042,0,-1
2020470924920,2020,470924920,1,9,0,18,19,6,3,0,0,4,5,10,4,6,1,1,5,6,1,24,5,1896,2,13,SEAT LEON,4,E01000039,0,-1
20201374O1665,2020,1374O1665,1,9,0,18,19,5,1,0,0,0,5,0,5,11,1,1,6,6,2,31,6,1595,1,11,SEAT LEON,2,E01011691,0,-1
202006F178401,2020,06F178401,1,9,0,18,19,2,6,0,0,1,0,4,1,0,1,1,6,6,3,-1,-1,1968,2,13,SEAT LEON,-1,-1,0,-1
2020122000912,2020,122000912,1,9,0,17,19,1,6,0,0,0,0,0,7,4,1,1,6,6,2,21,5,1197,1,3,SEAT LEON,6,E01027681,0,-1
2020470926947,2020,470926947,2,9,0,18,19,1,5,0,0,1,0,0,0,0,3,1,1,1,2,41,7,1390,1,9,SEAT LEON,9,E01031800,0,-1
2020460979304,2020,460979304,1,9,0,18,19,3,7,0,0,2,0,0,7,0,1,1,2,2,1,37,7,1896,2,14,SEAT LEON,6,E01024276,0,-1
2020500990085,2020,500990085,1,9,0,7,7,2,4,0,0,5,1,0,0,0,3,1,5,6,1,24,5,1984,1,13,SEAT LEON,5,E01019924,0,-1
2020450984180,2020,450984180,1,9,0,5,5,3,7,9,9,0,0,0,0,0,1,1,5,6,1,29,6,1598,2,8,SEAT LEON,6,E01030765,0,-1
2020137AE1070,2020,137AE1070,1,9,0,18,19,2,6,0,0,0,0,0,0,0,1,1,6,6,1,-1,-1,1598,2,3,SEAT LEON,-1,-1,0,-1
2020100964901,2020,100964901,1,9,0,18,19,3,7,0,0,1,0,0,0,0,1,1,6,6,1,32,6,1984,1,12,SEAT LEON,1,E01008212,0,-1
2020052002466,2020,052002466,1,9,0,18,19,2,6,0,0,0,0,0,0,0,4,1,6,6,1,39,7,1598,2,2,SEAT LEON,1,E01006675,0,-1
2020501016001,2020,501016001,4,9,0,16,19,6,2,0,0,0,1,1,0,0,1,1,5,6,1,19,4,1598,2,2,SEAT LEON,9,E01020236,0,-1
2020070486756,2020,070486756,2,9,0,9,9,1,5,0,0,8,0,0,0,0,3,1,6,6,1,38,7,1968,2,5,SEAT LEON,9,E01019349,0,-1
2020302001089,2020,302001089,1,9,0,16,19,7,3,0,0,0,0,0,0,0,1,1,6,6,2,19,4,1598,2,8,SEAT LEON,3,E01013470,0,-1
2020201020803,2020,201020803,2,9,0,18,19,3,7,0,0,8,0,0,0,0,4,1,3,7,1,52,8,1390,1,10,SEAT LEON,6,E01009878,0,-1
2020010269688,2020,010269688,2,9,0,99,99,9,9,0,0,8,0,0,0,0,2,1,6,6,3,-1,-1,1598,2,6,SEAT LEON,-1,-1,0,-1
2020210970821,2020,210970821,2,9,0,17,19,6,4,0,0,0,0,0,0,0,1,1,6,6,1,57,9,1598,2,7,SEAT LEON,6,E01029789,0,-1
2020360992065,2020,360992065,1,9,0,18,19,3,7,0,0,1,0,0,0,0,4,1,2,2,2,35,6,1197,1,7,SEAT LEON,8,E01026530,0,-1
2020500947529,2020,500947529,1,9,0,18,19,8,4,0,0,0,1,0,4,0,1,1,1,1,1,23,5,1781,1,18,SEAT LEON,5,E01029287,0,-1
2020552000735,2020,552000735,2,9,0,18,19,8,4,0,0,8,0,0,0,0,3,1,6,6,2,43,7,1968,2,8,SEAT LEON,6,E01015317,0,-1
2020991005262,2020,991005262,1,9,0,16,19,4,8,0,0,0,0,0,0,0,1,1,6,6,1,24,5,1896,2,11,SEAT LEON,8,-1,0,-1
2020440201647,2020,440201647,1,9,0,9,9,2,8,0,0,2,5,0,8,4,3,1,6,6,1,55,8,1984,1,1,SEAT LEON,7,E01017285,0,-1
2020137891503,2020,137891503,2,9,0,18,19,1,3,0,0,0,0,0,0,0,4,1,6,6,1,32,6,1968,2,9,SEAT LEON,5,E01010598,0,-1
2020370937666,2020,370937666,2,9,0,18,19,7,3,0,0,0,0,0,0,0,2,1,2,2,2,27,6,1598,2,5,SEAT LEON,2,E01021638,0,-1
2020200949027,2020,200949027,3,9,0,2,2,0,0,0,0,0,0,4,0,0,2,1,6,6,1,22,5,1968,2,7,SEAT LEON,1,E01008896,0,-1
2020411013985,2020,411013985,1,9,0,4,4,1,3,0,0,4,0,0,0,0,1,1,6,6,1,23,5,1197,1,3,SEAT LEON,10,E01023718,0,-1
2020010269979,2020,010269979,1,9,0,18,19,7,3,0,0,2,0,0,0,0,1,1,6,6,3,-1,-1,1984,1,14,SEAT LEON,-1,-1,0,-1