collision_index,collision_year,collision_ref_no,vehicle_reference,vehicle_type,towing_and_articulation,vehicle_manoeuvre_historic,vehicle_manoeuvre,vehicle_direction_from,vehicle_direction_to,vehicle_location_restricted_lane_historic,vehicle_location_restricted_lane,junction_location,skidding_and_overturning,hit_object_in_carriageway,vehicle_leaving_carriageway,hit_object_off_carriageway,first_point_of_impact,vehicle_left_hand_drive,journey_purpose_of_driver_historic,journey_purpose_of_driver,sex_of_driver,age_of_driver,age_band_of_driver,engine_capacity_cc,propulsion_code,age_of_vehicle,generic_make_model,driver_imd_decile,lsoa_of_driver,escooter_flag,driver_distance_banding
2020991005963,2020,991005963,1,9,0,18,19,5,8,0,0,0,0,0,0,0,1,1,6,6,1,71,10,1197,1,6,SEAT LEON,3,-1,0,-1
20201377I1824,2020,1377I1824,2,9,0,7,7,6,1,0,0,1,0,0,0,0,1,1,6,6,1,41,7,1968,2,14,SEAT LEON,3,E01010789,0,-1
2020010240697,2020,010240697,2,9,0,99,99,9,9,99,99,9,9,99,9,99,9,9,6,6,3,-1,-1,1395,1,7,SEAT LEON,-1,-1,0,-1
2020990984230,2020,990984230,1,9,0,17,19,2,7,0,0,1,0,0,0,0,4,1,6,6,1,20,4,999,1,1,SEAT LEON,4,-1,0,-1
2020010271794,2020,010271794,2,9,0,99,99,9,9,99,99,0,9,99,9,99,9,9,6,6,1,22,5,1197,1,5,SEAT LEON,2,E01000096,0,-1
2020200942362,2020,200942362,1,9,0,18,19,2,6,0,0,0,0,0,0,0,0,1,6,6,3,-1,-1,1598,2,5,SEAT LEON,-1,-1,0,-1
2020040990516,2020,040990516,2,9,0,6,6,5,1,0,0,8,0,0,0,0,1,1,5,6,2,37,7,1395,1,2,SEAT LEON,1,E01012687,0,-1
2020010240087,2020,010240087,1,9,0,18,19,5,1,0,0,8,0,0,0,0,3,1,6,6,1,31,6,1498,1,0,SEAT LEON,9,E01001028,0,-1
2020990989114,2020,990989114,1,9,0,18,19,3,7,6,6,0,0,0,0,0,1,1,6,6,1,24,5,1598,2,4,SEAT LEON,3,-1,0,-1
2020201019068,2020,201019068,2,9,0,18,19,8,4,0,0,1,0,0,0,0,1,1,6,6,2,36,7,1595,1,14,SEAT LEON,4,E01009035,0,-1
2020990928374,2020,990928374,1,9,0,14,14,7,3,0,0,0,0,4,0,0,1,1,5,6,1,36,7,1968,2,6,SEAT LEON,10,-1,0,-1
2020552000467,2020,552000467,4,9,0,2,2,0,0,0,0,0,0,0,0,0,2,1,6,6,3,-1,-1,1598,2,1,SEAT LEON,-1,-1,0,-1
2020140944207,2020,140944207,1,9,0,18,19,6,2,0,0,1,0,0,0,0,1,1,2,2,1,23,5,1197,1,3,SEAT LEON,5,E01007887,0,-1
2020122000324,2020,122000324,2,9,0,4,4,5,1,0,0,0,0,0,0,0,1,1,2,2,1,24,5,1598,2,6,SEAT LEON,3,E01012253,0,-1
2020360965985,2020,360965985,2,9,0,18,19,-1,-1,0,0,2,0,0,0,0,1,1,2,2,1,27,6,1984,1,3,SEAT LEON,2,E01033040,0,-1
2020460973896,2020,460973896,2,9,0,16,19,7,3,0,0,0,0,0,0,0,4,1,5,6,1,19,4,1390,1,12,SEAT LEON,3,E01024392,0,-1
2020541515820,2020,541515820,2,9,0,18,19,5,1,0,0,1,0,0,0,0,1,1,6,6,1,34,6,1598,1,19,SEAT LEON,6,E01031871,0,-1
2020200959631,2020,200959631,2,9,0,18,19,2,6,0,0,0,0,0,0,0,1,1,6,6,2,-1,-1,1395,1,4,SEAT LEON,1,E01010366,0,-1
2020430117925,2020,430117925,1,9,0,7,7,6,8,0,0,5,0,0,0,0,4,1,6,6,2,19,4,1968,2,12,SEAT LEON,5,E01017907,0,-1
2020010263396,2020,010263396,1,9,0,4,4,5,1,0,0,2,0,0,0,0,2,1,2,2,1,31,6,1598,2,5,SEAT LEON,7,E01002687,0,-1
2020200984264,2020,200984264,4,9,0,18,19,1,8,0,0,0,0,0,0,0,0,1,6,6,1,22,5,1968,2,9,SEAT LEON,6,E01009041,0,-1
2020230918447,2020,230918447,2,9,0,4,4,5,1,0,0,1,0,0,0,0,1,1,1,1,1,43,7,1598,2,4,SEAT LEON,1,E01031043,0,-1
2020200956996,2020,200956996,2,9,0,18,19,3,7,0,0,8,0,0,0,0,1,1,6,6,1,-1,-1,1781,1,15,SEAT LEON,5,E01010109,0,-1
202031B003320,2020,31B003320,1,9,0,18,19,4,8,0,0,0,0,4,1,11,2,1,6,6,1,21,5,1896,2,14,SEAT LEON,3,E01028020,0,-1
2020410999222,2020,410999222,1,9,0,5,5,6,2,0,0,8,0,0,0,0,3,1,1,1,2,31,6,1896,2,12,SEAT LEON,7,E01023527,0,-1
202006A171476,2020,06A171476,2,9,0,18,19,3,7,0,0,8,0,0,0,0,1,1,6,6,1,33,6,1595,1,14,SEAT LEON,1,E01004787,0,-1
2020461006620,2020,461006620,2,9,0,18,19,1,5,0,0,0,0,0,0,0,4,1,6,6,2,42,7,1896,2,14,SEAT LEON,6,E01024428,0,-1
20201379A1469,2020,1379A1469,2,9,0,18,19,1,5,0,0,4,0,0,0,0,4,1,6,6,1,28,6,1598,2,8,SEAT LEON,4,E01011039,0,-1
20201377J0870,2020,1377J0870,1,9,0,9,9,1,7,0,0,6,0,0,0,0,4,1,6,6,1,54,8,1197,1,8,SEAT LEON,1,E01011340,0,-1
2020040949706,2020,040949706,2,9,0,2,2,0,0,0,0,0,0,0,0,0,1,1,6,6,3,69,10,1968,2,0,SEAT LEON,-1,-1,0,-1
2020137AD0241,2020,137AD0241,2,9,0,18,19,6,3,0,0,8,0,0,0,0,1,1,6,6,1,21,5,1968,2,10,SEAT LEON,1,E01011143,0,-1
2020440316348,2020,440316348,1,9,0,18,19,6,2,0,0,4,0,0,0,0,1,1,6,6,1,48,8,1395,1,4,SEAT LEON,4,E01022804,0,-1
2020990993928,2020,990993928,2,9,0,2,2,3,7,0,0,0,0,0,0,0,2,1,3,7,1,38,7,1197,1,4,SEAT LEON,9,-1,0,-1
2020500983484,2020,500983484,1,9,0,18,19,3,7,0,0,0,1,0,0,0,1,1,6,6,1,22,5,1896,2,14,SEAT LEON,2,E01019055,0,-1
20201376S1731,2020,1376S1731,2,9,0,10,10,1,7,0,0,2,0,0,0,0,2,1,6,6,2,23,5,1598,2,5,SEAT LEON,1,E01011791,0,-1
2020010265781,2020,010265781,1,9,0,5,5,3,7,0,0,1,0,0,0,0,0,1,6,6,1,27,6,1498,1,0,SEAT LEON,2,E01001980,0,-1
2020460982079,2020,460982079,3,9,0,4,4,7,3,0,0,0,0,0,0,0,2,1,6,6,1,20,4,1390,1,10,SEAT LEON,10,E01030585,0,-1
2020200996682,2020,200996682,2,9,0,18,19,3,7,0,0,8,0,0,0,0,4,1,6,6,2,31,6,1896,2,13,SEAT LEON,1,E01009299,0,-1
2020140941155,2020,140941155,2,9,0,18,19,5,1,0,0,4,0,0,0,0,4,1,6,6,3,-1,-1,1984,1,11,SEAT LEON,-1,-1,0,-1
2020450918131,2020,450918131,2,9,0,18,19,2,4,0,0,6,0,0,0,0,1,1,6,6,1,45,7,1395,1,2,SEAT LEON,6,E01016241,0,-1
2020990935869,2020,990935869,1,9,0,18,19,6,2,0,0,0,0,0,0,0,1,1,5,6,2,44,7,1968,2,14,SEAT LEON,9,-1,0,-1
2020470978902,2020,470978902,2,9,0,4,4,8,4,0,0,0,0,0,0,0,2,1,5,6,2,39,7,1197,1,5,SEAT LEON,10,E01031773,0,-1
2020530935189,2020,530935189,1,9,0,9,9,-1,-1,0,0,1,0,0,0,0,-1,1,6,6,3,-1,-1,1968,2,13,SEAT LEON,-1,-1,0,-1
2020031009336,2020,031009336,1,9,0,18,19,3,7,0,0,0,0,0,0,0,4,1,5,6,1,64,9,1798,1,6,SEAT LEON,6,E01019096,0,-1
2020220977319,2020,220977319,1,9,0,9,9,3,8,0,0,5,1,0,7,10,1,1,5,6,1,22,5,1598,2,6,SEAT LEON,7,E01014150,0,-1
2020450934277,2020,450934277,2,9,0,18,19,6,2,0,0,0,0,0,0,0,1,1,6,6,3,50,8,1598,2,3,SEAT LEON,-1,-1,0,-1
20201379C1582,2020,1379C1582,2,9,0,5,5,4,2,0,0,6,0,0,0,0,3,1,6,6,2,40,7,1595,1,12,SEAT LEON,6,E01011774,0,-1
2020360941029,2020,360941029,2,9,0,18,19,7,5,0,0,0,0,0,0,0,3,1,6,6,1,62,9,1598,1,17,SEAT LEON,7,E01026533,0,-1
20201379E2007,2020,1379E2007,1,9,0,9,9,3,1,0,0,0,0,0,0,0,3,1,6,6,1,27,6,1896,2,16,SEAT LEON,1,E01011904,0,-1
2020010281343,2020,010281343,1,9,0,99,99,9,9,99,99,9,9,99,9,99,9,9,6,6,2,32,6,1197,1,8,SEAT LEON,4,E01000418,0,-1
2020420957036,2020,420957036,4,9,0,8,8,7,3,0,0,1,0,0,0,0,4,1,6,6,2,33,6,1197,1,6,SEAT LEON,10,E01021929,0,-1
2020302000862,2020,302000862,2,9,0,18,19,8,4,0,0,1,0,0,0,0,1,1,6,6,1,30,6,1896,2,14,SEAT LEON,4,E01013494,0,-1
2020370998198,2020,370998198,2,9,0,18,19,3,7,0,0,0,0,0,0,0,3,1,5,6,1,62,9,1395,1,4,SEAT LEON,10,E01030078,0,-1
2020430066995,2020,430066995,1,9,0,18,19,5,1,0,0,8,0,0,0,0,2,1,2,2,1,35,6,1598,2,5,SEAT LEON,9,E01017840,0,-1
2020420996141,2020,420996141,2,9,0,10,10,1,7,0,0,1,0,0,0,0,2,1,5,6,1,52,8,1598,2,10,SEAT LEON,7,E01021993,0,-1
2020460979588,2020,460979588,2,9,0,3,3,4,6,0,0,4,0,0,0,0,2,1,6,6,2,45,7,1598,2,6,SEAT LEON,3,E01000737,0,-1
2020100975949,2020,100975949,1,9,0,5,5,7,3,0,0,6,0,0,0,0,1,1,5,6,2,29,6,1598,2,9,SEAT LEON,2,E01033716,0,-1
2020470970977,2020,470970977,2,9,0,18,19,7,3,0,0,8,0,0,0,0,4,1,5,6,1,50,8,1984,1,15,SEAT LEON,9,E01021026,0,-1
2020200989686,2020,200989686,1,9,0,18,19,4,8,0,0,8,0,0,0,0,1,1,6,6,1,-1,-1,1896,2,13,SEAT LEON,-1,-1,0,-1
2020110983843,2020,110983843,1,9,0,18,19,3,7,0,0,8,0,0,0,0,3,1,5,6,2,47,8,1595,1,12,SEAT LEON,10,E01012348,0,-1
20201373A0241,2020,1373A0241,1,9,0,13,13,3,7,0,0,0,0,0,0,0,4,1,6,6,1,58,9,1598,2,10,SEAT LEON,1,E01010617,0,-1
2020010272112,2020,010272112,2,9,0,99,99,9,9,0,0,0,0,0,0,0,9,9,6,6,3,-1,-1,1984,1,14,SEAT LEON,-1,-1,0,-1
2020200973404,2020,200973404,1,9,0,7,7,-1,-1,0,0,8,0,0,0,0,1,1,6,6,3,-1,-1,1968,2,13,SEAT LEON,-1,-1,0,-1
2020160932224,2020,160932224,1,9,0,3,3,1,5,0,0,4,0,0,0,0,3,1,1,1,1,39,7,1598,2,7,SEAT LEON,3,E01012827,0,-1
2020031001460,2020,031001460,1,9,0,5,5,7,5,0,0,1,0,0,0,0,3,1,5,6,1,23,5,1395,1,2,SEAT LEON,9,E01019261,0,-1
2020010262616,2020,010262616,2,9,0,99,99,9,9,99,99,9,9,99,9,99,1,9,6,6,3,-1,-1,1395,1,5,SEAT LEON,-1,-1,0,-1
2020160979320,2020,160979320,2,9,0,18,19,7,2,0,0,4,0,0,0,0,3,1,6,6,2,26,6,1968,2,4,SEAT LEON,10,E01013223,0,-1
2020450938229,2020,450938229,2,9,0,18,19,1,5,0,0,1,0,0,0,0,1,1,6,6,2,27,6,1598,2,7,SEAT LEON,6,E01030570,0,-1
2020010281559,2020,010281559,1,9,0,18,19,1,5,2,2,1,0,0,0,0,1,1,6,6,1,31,6,1197,1,9,SEAT LEON,1,E01003045,0,-1
202006L277947,2020,06L277947,2,9,0,18,19,7,3,0,0,1,0,0,0,0,1,1,1,1,1,45,7,1395,1,3,SEAT LEON,1,E01006830,0,-1
2020201015753,2020,201015753,2,9,0,18,19,1,5,0,0,0,0,0,0,0,0,1,6,6,1,25,5,1798,1,7,SEAT LEON,3,E01010144,0,-1
2020137320494,2020,137320494,1,9,0,9,9,8,5,0,0,5,0,0,0,0,4,1,6,6,1,51,8,1798,1,3,SEAT LEON,6,E01010816,0,-1
2020360942804,2020,360942804,2,9,0,18,19,6,8,0,0,0,0,0,0,0,2,1,2,2,1,36,7,1598,2,5,SEAT LEON,6,E01026555,0,-1
2020137C81058,2020,137C81058,1,9,0,18,19,7,3,0,0,0,0,0,0,0,2,1,6,6,1,30,6,1984,1,2,SEAT LEON,1,E01032558,0,-1
2020201020100,2020,201020100,2,9,0,18,19,-1,-1,0,0,0,0,0,0,0,2,1,6,6,1,46,8,1598,2,1,SEAT LEON,1,E01009408,0,-1
2020302000956,2020,302000956,1,9,0,13,13,4,8,0,0,0,0,0,0,0,0,1,6,6,1,-1,-1,1598,2,10,SEAT LEON,1,E01013570,0,-1
2020440030034,2020,440030034,2,9,0,18,19,2,6,0,0,1,0,0,0,0,1,1,6,6,1,30,6,1968,2,6,SEAT LEON,4,E01022523,0,-1
2020991008422,2020,991008422,2,9,0,18,19,6,2,0,0,1,0,0,0,0,2,1,6,6,2,28,6,1598,2,7,SEAT LEON,1,-1,0,-1
202006J167574,2020,06J167574,1,9,0,18,19,7,3,0,0,1,0,0,0,0,3,1,6,6,1,29,6,1968,2,7,SEAT LEON,3,E01005979,0,-1
2020200918986,2020,200918986,1,9,0,18,19,4,8,0,0,1,1,0,0,0,1,1,6,6,1,25,5,1968,2,13,SEAT LEON,2,E01013688,0,-1
2020302001385,2020,302001385,2,9,0,2,2,0,0,0,0,0,0,0,0,0,4,1,6,6,2,32,6,1896,2,12,SEAT LEON,1,E01013481,0,-1
2020201001991,2020,201001991,1,9,0,18,19,6,2,0,0,8,1,10,7,11,1,1,6,6,1,-1,-1,1896,2,14,SEAT LEON,-1,-1,0,-1
2020530976490,2020,530976490,2,9,0,18,19,7,3,0,0,0,0,4,0,0,2,1,5,6,2,49,8,1598,2,9,SEAT LEON,6,E01022380,0,-1
2020140958527,2020,140958527,2,9,0,16,19,5,1,0,0,0,0,0,0,0,3,1,5,6,1,18,4,1598,2,9,SEAT LEON,3,E01007680,0,-1
2020040949479,2020,040949479,1,9,0,9,9,5,3,0,0,6,0,0,0,0,3,1,5,6,1,28,6,1896,2,14,SEAT LEON,2,E01025092,0,-1
2020140928278,2020,140928278,2,9,0,18,19,3,7,0,0,1,0,0,0,0,4,1,5,6,1,38,7,1896,2,13,SEAT LEON,1,E01007768,0,-1
2020990938237,2020,990938237,1,9,0,4,4,8,3,0,0,1,1,0,0,0,1,1,6,6,1,25,5,1968,2,8,SEAT LEON,2,-1,0,-1
202006K272858,2020,06K272858,2,9,0,9,9,2,8,0,0,8,0,0,8,0,1,1,6,6,2,23,5,1598,2,8,SEAT LEON,3,E01004772,0,-1
2020122001188,2020,122001188,1,9,0,18,19,1,5,0,0,0,1,0,1,11,1,1,6,6,1,44,7,1598,2,4,SEAT LEON,8,E01011715,0,-1
2020552001152,2020,552001152,1,9,0,13,13,4,8,0,0,0,0,0,7,11,0,1,2,2,1,49,8,1798,1,2,SEAT LEON,6,E01020453,0,-1
2020460992090,2020,460992090,2,9,0,18,19,7,3,0,0,1,1,0,0,0,1,1,2,2,2,25,5,1598,2,9,SEAT LEON,6,E01023977,0,-1
2020160988500,2020,160988500,2,9,0,18,19,6,2,0,0,0,0,0,0,0,1,1,6,6,1,-1,-1,1598,2,3,SEAT LEON,-1,-1,0,-1
202006A176507,2020,06A176507,1,9,0,18,19,3,7,0,0,1,0,0,0,0,1,1,6,6,1,30,6,1984,1,3,SEAT LEON,-1,-1,0,-1
2020200956929,2020,200956929,1,8,0,18,19,3,7,9,9,6,0,0,0,0,3,1,6,6,1,43,7,1498,1,1,-1,2,E01008964,0,-1
2020200944548,2020,200944548,2,9,0,18,19,2,6,0,0,0,0,0,0,0,1,1,6,6,1,26,6,1968,2,12,SEAT LEON,1,E01009192,0,-1
2020360971909,2020,360971909,2,9,0,7,7,7,1,0,0,8,0,0,0,0,2,1,5,6,2,29,6,1896,2,13,SEAT LEON,5,E01026491,0,-1
2020430315022,2020,430315022,1,19,3,1,1,8,4,0,0,0,0,0,0,0,2,1,6,6,1,-1,-1,1948,2,19,-1,-1,-1,0,-1
2020501005329,2020,501005329,1,9,0,5,5,8,4,0,0,1,0,0,0,0,4,1,6,6,1,54,8,6162,1,4,-1,3,E01018993,0,-1
2020500939677,2020,500939677,2,97,0,4,4,8,4,0,0,1,0,0,0,0,2,1,6,6,2,55,8,-1,3,1,-1,5,E01020068,0,-1
2020990983846,2020,990983846,1,5,0,16,19,4,7,0,0,0,0,0,0,0,4,1,5,6,1,71,10,1649,1,2,-1,10,E01023657,0,-1
2020320195541,2020,320195541,1,21,0,18,19,7,3,0,0,1,0,0,0,0,1,1,1,1,1,49,8,5880,2,14,-1,10,E01026362,0,-1
2020440362408,2020,440362408,2,21,0,3,3,2,3,0,0,1,0,0,0,0,2,1,1,1,1,32,6,-1,2,17,-1,6,E01017138,0,-1
2020500941564,2020,500941564,1,21,0,9,9,5,3,0,0,1,0,0,0,0,1,1,1,1,1,32,6,5900,2,17,-1,6,E01020237,0,-1
2020450930430,2020,450930430,1,21,0,18,19,7,3,0,0,0,0,0,5,6,3,1,1,1,1,33,6,5900,2,16,-1,10,E01022895,0,-1
2020420992626,2020,420992626,2,20,0,7,7,5,1,0,0,5,0,0,0,0,2,1,6,6,1,49,8,5900,2,18,-1,-1,-1,0,-1
2020450916849,2020,450916849,1,21,0,17,19,3,7,0,0,0,1,0,0,0,1,2,1,1,1,61,9,6900,2,7,-1,3,E01001359,0,-1
2020010263943,2020,010263943,1,4,0,99,99,9,9,99,99,9,9,99,9,99,2,1,6,6,1,25,5,279,1,3,HONDA SH300A,4,E01002088,0,-1
2020010241543,2020,010241543,2,2,0,13,13,5,1,0,0,1,0,0,7,0,3,1,6,6,1,33,6,279,1,3,-1,4,E01002624,0,-1
2020010260929,2020,010260929,1,4,0,99,99,9,9,99,99,9,9,99,9,99,9,1,6,6,1,31,6,279,1,3,HONDA SH300A,3,E01000499,0,-1
2020010260457,2020,010260457,1,4,0,9,9,5,3,0,0,2,0,10,1,0,1,1,6,6,1,20,4,279,1,12,HONDA SH300A,4,E01001514,0,-1
2020010240546,2020,010240546,2,2,0,99,99,9,9,99,99,0,9,99,9,99,1,1,6,6,3,-1,-1,279,1,3,-1,-1,-1,0,-1
2020010279821,2020,010279821,2,5,4,99,99,9,9,99,99,8,9,99,9,99,9,1,6,6,3,30,6,279,1,11,-1,7,E01001901,0,-1
2020411014227,2020,411014227,2,4,0,18,19,5,1,0,0,8,0,0,0,0,1,1,5,6,1,45,7,279,1,12,HONDA SH300A,6,E01023414,0,-1
2020010244031,2020,010244031,3,4,0,18,19,1,5,0,0,1,2,0,0,0,4,1,6,6,1,34,6,279,1,10,HONDA SH300A,4,E01002055,0,-1
2020010252484,2020,010252484,2,3,0,99,99,9,9,99,99,9,9,99,9,99,1,1,6,6,3,-1,-1,279,1,3,-1,2,E01004219,0,-1
2020010275775,2020,010275775,1,4,0,18,19,7,3,0,0,1,1,0,0,0,1,1,6,6,1,23,5,280,1,12,HONDA SH300A,4,E01000875,0,-1
2020010269568,2020,010269568,1,4,0,3,3,1,5,0,0,1,9,0,0,0,2,1,2,2,1,30,6,279,1,10,HONDA SH300A,5,E01003435,0,-1
2020350943732,2020,350943732,2,4,0,18,19,5,1,0,0,1,0,0,0,0,1,1,6,6,1,68,10,279,1,11,HONDA SH300A,7,E01017969,0,-1
2020500990093,2020,500990093,1,4,0,4,4,7,3,0,0,0,0,0,0,0,4,1,5,6,2,59,9,279,1,11,HONDA SH300A,4,E01020254,0,-1
2020010246997,2020,010246997,2,4,0,18,19,1,5,0,0,1,0,0,0,0,1,1,6,6,1,39,7,279,1,8,HONDA SH300A,3,E01002878,0,-1
2020010270017,2020,010270017,1,4,0,99,99,9,9,99,99,0,9,99,9,99,9,1,6,6,1,26,6,279,1,12,HONDA SH300A,3,E01002100,0,-1
2020451005151,2020,451005151,1,4,0,18,19,8,4,0,0,0,0,0,0,0,1,1,1,1,1,33,6,279,1,3,HONDA SH300A,8,E01030950,0,-1
2020137CK0927,2020,137CK0927,3,4,0,18,19,5,1,0,0,0,0,0,0,0,1,1,6,6,1,56,9,279,1,11,HONDA SH300A,3,E01013386,0,-1
2020010267756,2020,010267756,2,2,0,99,99,9,9,99,99,9,9,99,9,99,1,1,6,6,3,30,6,279,1,10,-1,2,E01001151,0,-1
2020360978537,2020,360978537,2,4,0,18,19,5,1,0,0,2,2,0,0,0,3,1,2,2,1,58,9,279,1,8,HONDA SH300A,5,E01026866,0,-1
2020470957177,2020,470957177,3,4,0,18,19,6,1,0,0,0,0,0,0,0,1,1,5,6,1,37,7,279,1,13,HONDA SH300A,8,E01031587,0,-1
2020010260919,2020,010260919,1,4,0,99,99,9,9,99,99,9,9,99,9,99,1,1,6,6,1,39,7,279,1,3,HONDA SH300A,3,E01001440,0,-1
2020010253361,2020,010253361,1,4,0,15,15,5,1,0,0,6,1,10,0,0,4,1,6,6,1,23,5,279,1,8,HONDA SH300A,2,E01001056,0,-1
2020010275256,2020,010275256,1,4,0,18,19,3,7,0,0,1,0,0,1,0,4,1,6,6,1,62,9,279,1,3,HONDA SH300A,9,E01023706,0,-1
2020100961021,2020,100961021,1,3,0,18,19,6,2,0,0,1,5,0,0,0,1,1,5,6,1,18,4,125,1,5,-1,3,E01008639,0,-1
202006A276311,2020,06A276311,2,3,0,18,19,7,3,0,0,4,0,0,0,0,1,1,6,6,1,20,4,125,1,5,-1,8,E01005157,0,-1
2020361017949,2020,361017949,1,3,0,18,19,5,1,0,0,0,0,0,0,0,1,1,5,6,1,29,6,125,1,6,-1,-1,-1,0,-1
2020110945722,2020,110945722,1,3,0,18,19,3,1,0,0,0,0,4,0,0,1,1,6,6,1,30,6,125,1,8,-1,1,E01020775,0,-1
2020040951929,2020,040951929,1,3,0,18,19,7,3,0,0,6,0,0,0,0,1,1,2,2,1,28,6,125,1,5,-1,2,E01025077,0,-1
2020622000274,2020,622000274,2,3,0,18,19,5,3,0,0,8,0,0,0,0,4,1,6,6,1,25,5,124,1,4,LEXMOTO VENOM 125,10,W01001795,0,-1
2020320313979,2020,320313979,1,3,0,15,15,1,5,0,0,1,0,0,0,0,1,1,6,6,1,25,5,124,1,4,LEXMOTO VENOM 125,2,E01028319,0,-1
2020460971370,2020,460971370,2,3,0,18,19,-1,-1,0,0,0,1,0,0,0,3,1,2,2,1,25,5,124,1,5,LEXMOTO VENOM 125,4,E01024541,0,-1
2020450994173,2020,450994173,1,3,0,18,19,2,6,0,0,0,0,7,0,0,3,1,5,6,1,30,6,124,1,1,LEXMOTO VENOM 125,6,E01015291,0,-1
2020440350867,2020,440350867,1,3,0,13,13,8,4,0,0,1,1,0,0,0,1,1,2,2,1,18,4,124,1,3,LEXMOTO VENOM 125,6,E01023284,0,-1
2020420956739,2020,420956739,1,3,0,17,19,3,7,0,0,0,1,10,2,11,3,1,5,6,1,22,5,124,1,3,LEXMOTO VENOM 125,1,E01021997,0,-1
2020500961376,2020,500961376,1,3,0,4,4,1,6,0,0,1,1,10,1,0,3,1,5,6,1,17,4,124,1,4,LEXMOTO VENOM 125,2,E01020037,0,-1
2020622000418,2020,622000418,1,3,0,18,19,5,1,0,0,0,0,4,0,0,1,1,2,2,1,24,5,124,1,4,LEXMOTO VENOM 125,3,W01000865,0,-1
2020010256247,2020,010256247,2,3,0,8,8,3,5,0,0,1,0,0,0,0,1,-1,6,6,1,23,5,124,1,4,LEXMOTO VENOM 125,-1,-1,0,-1
2020010286152,2020,010286152,1,4,0,18,19,3,7,0,0,1,0,0,0,0,1,1,2,2,1,25,5,124,1,1,-1,3,E01002030,0,-1
2020552000846,2020,552000846,1,3,0,18,19,4,8,0,0,0,0,0,0,0,1,1,6,6,1,25,5,124,1,5,LEXMOTO VENOM 125,6,E01020586,0,-1
2020160979486,2020,160979486,2,3,0,18,19,8,4,0,0,1,5,0,0,0,1,1,5,6,1,21,5,124,1,4,LEXMOTO VENOM 125,3,E01012907,0,-1
2020450977244,2020,450977244,2,3,0,13,13,5,1,0,0,0,0,0,0,0,1,1,5,6,2,17,4,124,1,4,LEXMOTO VENOM 125,5,E01030786,0,-1
2020010257055,2020,010257055,1,4,0,5,5,1,5,0,0,6,0,0,0,0,1,1,6,6,1,19,4,124,1,4,-1,3,E01000741,0,-1
2020500996182,2020,500996182,1,3,0,16,19,1,5,0,0,0,1,0,0,0,1,1,5,6,1,18,4,124,1,5,LEXMOTO VENOM 125,4,E01020290,0,-1
2020137BT1536,2020,137BT1536,2,4,0,18,19,7,3,0,0,1,0,0,0,0,1,1,6,6,1,39,7,124,1,4,-1,-1,-1,0,-1
2020360943471,2020,360943471,1,3,0,18,19,5,1,0,0,3,0,0,1,0,3,1,4,7,1,20,4,124,1,4,LEXMOTO VENOM 125,4,E01026713,0,-1
20201379G0252,2020,1379G0252,2,3,0,18,19,3,7,0,0,0,0,0,0,0,1,1,2,2,1,60,9,124,1,4,LEXMOTO VENOM 125,1,E01010821,0,-1
2020040978288,2020,040978288,1,3,0,16,19,3,7,0,0,1,1,0,0,0,3,1,5,6,1,17,4,124,1,5,LEXMOTO VENOM 125,9,E01025534,0,-1
2020211026740,2020,211026740,2,3,0,7,7,6,8,-1,-1,7,0,0,7,0,4,1,6,6,1,18,4,124,1,4,LEXMOTO VENOM 125,2,E01014339,0,-1
20201377A0727,2020,1377A0727,2,3,0,18,19,3,7,0,0,3,0,0,0,0,1,1,6,6,1,22,5,124,1,4,LEXMOTO VENOM 125,3,E01010776,0,-1
2020010273192,2020,010273192,1,3,0,16,19,1,5,0,0,0,2,0,0,0,1,1,6,6,1,19,4,124,1,5,LEXMOTO VENOM 125,4,E01004416,0,-1
2020052001835,2020,052001835,3,3,0,18,19,3,7,0,0,1,0,0,0,0,1,1,6,6,1,29,6,124,1,5,LEXMOTO VENOM 125,3,E01006747,0,-1
2020350975848,2020,350975848,2,3,0,18,19,2,6,0,0,1,0,0,0,0,1,1,6,6,1,18,4,124,1,5,LEXMOTO VENOM 125,9,E01018209,0,-1
2020440027205,2020,440027205,2,3,0,18,19,2,6,0,0,8,0,0,0,0,1,1,6,6,1,23,5,124,1,4,LEXMOTO VENOM 125,5,E01022678,0,-1
2020010272398,2020,010272398,2,3,0,18,19,1,5,0,0,1,5,0,0,0,1,1,6,6,1,19,4,124,1,4,LEXMOTO VENOM 125,2,E01033485,0,-1
2020210993239,2020,210993239,1,4,0,18,19,6,2,0,0,0,0,0,0,0,2,1,6,6,2,18,4,124,1,4,-1,2,E01009782,0,-1
2020320636206,2020,320636206,2,3,0,18,19,6,2,0,0,1,1,0,7,5,1,1,6,6,1,17,4,124,1,4,LEXMOTO VENOM 125,5,E01026373,0,-1
2020100999048,2020,100999048,2,4,0,8,8,3,5,0,0,1,0,0,0,0,0,1,6,6,1,19,4,124,1,5,-1,9,E01027410,0,-1
2020500979538,2020,500979538,2,3,0,18,19,5,1,0,0,4,5,0,0,0,1,1,2,2,1,20,4,124,1,2,LEXMOTO VENOM 125,4,E01020135,0,-1