collision_index,collision_year,collision_ref_no,vehicle_reference,vehicle_type,towing_and_articulation,vehicle_manoeuvre_historic,vehicle_manoeuvre,vehicle_direction_from,vehicle_direction_to,vehicle_location_restricted_lane_historic,vehicle_location_restricted_lane,junction_location,skidding_and_overturning,hit_object_in_carriageway,vehicle_leaving_carriageway,hit_object_off_carriageway,first_point_of_impact,vehicle_left_hand_drive,journey_purpose_of_driver_historic,journey_purpose_of_driver,sex_of_driver,age_of_driver,age_band_of_driver,engine_capacity_cc,propulsion_code,age_of_vehicle,generic_make_model,driver_imd_decile,lsoa_of_driver,escooter_flag,driver_distance_banding
2020201010369,2020,201010369,1,9,0,18,19,4,8,0,0,0,5,10,7,4,1,1,6,6,1,44,7,1598,1,12,MINI CLUBMAN,5,E01009235,0,-1
2020400948237,2020,400948237,1,9,0,18,19,5,1,0,0,0,0,7,0,0,3,1,6,6,1,57,9,1598,1,10,MINI CLUBMAN,10,E01027355,0,-1
2020991013099,2020,991013099,3,9,0,7,7,8,2,0,0,1,0,0,0,0,1,1,6,6,2,59,9,1598,1,6,MINI CLUBMAN,6,-1,0,-1
2020420947702,2020,420947702,1,9,0,18,19,7,3,0,0,0,0,0,0,0,1,1,2,2,2,32,6,1995,2,4,MINI CLUBMAN,8,E01021691,0,-1
2020450952904,2020,450952904,2,9,0,2,2,0,0,0,0,0,0,0,0,0,2,1,5,6,1,20,4,1499,1,4,MINI CLUBMAN,10,E01003797,0,-1
2020411007108,2020,411007108,2,9,0,2,2,0,0,0,0,1,0,0,0,0,3,1,6,6,2,30,6,1499,1,3,MINI CLUBMAN,8,E01023433,0,-1
2020052001268,2020,052001268,1,9,0,18,19,1,5,0,0,1,0,0,4,1,1,1,6,6,2,30,6,1995,2,4,MINI CLUBMAN,1,E01006778,0,-1
2020410974320,2020,410974320,1,9,0,18,19,7,3,0,0,0,0,0,0,0,2,1,6,6,2,23,5,1998,1,4,MINI CLUBMAN,9,E01023375,0,-1
2020552100171,2020,552100171,2,9,0,2,2,0,0,0,0,2,0,0,0,0,2,1,6,6,3,-1,-1,1499,1,3,MINI CLUBMAN,-1,-1,0,-1
2020460932474,2020,460932474,3,9,0,2,2,0,0,0,0,0,0,0,0,0,0,1,6,6,3,-1,-1,1598,1,13,MINI CLUBMAN,-1,-1,0,-1
202006J372150,2020,06J372150,2,9,0,18,19,6,1,0,0,8,0,0,0,0,1,1,6,6,3,-1,-1,1995,2,4,MINI CLUBMAN,-1,-1,0,-1
2020010261406,2020,010261406,1,9,0,9,9,3,2,0,0,6,0,0,0,0,1,1,3,7,2,48,8,1998,1,5,MINI CLUBMAN,2,E01001357,0,-1
2020137BQ1159,2020,137BQ1159,1,9,0,18,19,1,5,0,0,0,0,0,0,0,1,1,6,6,1,40,7,1995,2,2,MINI CLUBMAN,-1,-1,0,-1
2020500967701,2020,500967701,2,9,0,2,2,0,0,0,0,1,0,0,0,0,2,1,6,6,1,41,7,1998,1,6,-1,5,E01015123,0,-1
20201372D1346,2020,1372D1346,1,9,0,18,19,6,2,0,0,1,0,0,0,0,1,1,6,6,1,52,8,1998,1,4,-1,6,E01010689,0,-1
2020220958771,2020,220958771,2,9,0,9,9,5,3,0,0,6,0,0,0,0,3,1,5,6,2,38,7,1496,2,6,-1,4,E01013733,0,-1
2020350980188,2020,350980188,3,9,0,3,3,1,7,0,0,0,0,0,0,0,2,1,6,6,2,50,8,1499,1,6,-1,3,E01015643,0,-1
2020010229533,2020,010229533,2,20,0,99,99,9,9,99,99,9,9,99,9,99,9,9,6,6,3,56,9,4950,2,10,-1,3,E01004274,0,-1
2020122001373,2020,122001373,2,19,0,18,19,5,1,0,0,1,0,0,1,5,1,1,1,1,1,65,9,2998,2,9,-1,6,E01027648,0,-1
2020122001056,2020,122001056,3,19,0,18,19,5,1,0,0,0,0,0,1,4,1,1,1,1,1,56,9,2998,2,6,-1,7,E01027816,0,-1
2020220945337,2020,220945337,1,20,4,18,19,6,2,0,0,0,0,0,0,0,3,1,1,1,1,25,5,2998,2,9,-1,6,E01032134,0,-1
2020530962652,2020,530962652,1,9,0,18,19,1,5,0,0,0,0,0,0,0,1,1,5,6,2,59,9,-1,3,8,-1,9,E01022100,0,-1
202006K373751,2020,06K373751,1,9,0,5,5,6,2,0,0,4,0,0,0,0,1,1,6,6,1,35,6,1995,2,3,RENAULT KOLEOS,3,E01006282,0,-1
2020200919804,2020,200919804,2,9,0,18,19,5,1,0,0,0,0,0,0,0,1,1,6,6,1,25,5,1598,2,3,RENAULT KOLEOS,1,E01010543,0,-1
2020110935301,2020,110935301,6,9,0,18,19,3,7,0,0,0,0,0,0,0,1,1,6,6,1,38,7,1995,2,11,RENAULT KOLEOS,3,E01020827,0,-1
2020991009867,2020,991009867,2,9,0,18,19,8,4,0,0,0,0,0,0,0,2,1,2,2,1,48,8,1995,2,0,RENAULT KOLEOS,10,-1,0,-1
2020501000663,2020,501000663,2,9,0,18,19,4,8,0,0,1,0,0,0,0,1,1,5,6,1,66,10,1749,2,0,RENAULT KOLEOS,3,E01015085,0,-1
2020530997957,2020,530997957,2,9,0,16,19,3,7,0,0,1,0,0,0,0,1,1,2,2,1,54,8,1995,2,3,RENAULT KOLEOS,8,E01022247,0,-1
2020450977593,2020,450977593,1,9,0,4,4,8,4,0,0,0,0,0,0,0,2,1,5,6,2,55,8,1995,2,2,RENAULT KOLEOS,5,E01030787,0,-1
2020990963634,2020,990963634,1,9,0,18,19,7,3,0,0,3,0,0,0,0,1,1,5,6,1,60,9,1995,2,1,RENAULT KOLEOS,-1,-1,0,-1
2020010250420,2020,010250420,1,9,0,5,5,7,3,0,0,4,0,0,0,0,1,1,6,6,1,31,6,1995,2,2,RENAULT KOLEOS,10,E01002476,0,-1
2020990921333,2020,990921333,1,9,0,4,4,6,2,0,0,1,0,0,0,0,1,1,5,6,1,70,10,1995,2,11,RENAULT KOLEOS,1,-1,0,-1
2020460920197,2020,460920197,2,9,0,18,19,4,8,0,0,0,0,0,0,0,3,1,6,6,1,29,6,1995,2,11,RENAULT KOLEOS,6,E01024401,0,-1
2020470967139,2020,470967139,1,9,0,18,19,7,3,0,0,0,0,0,0,0,1,1,5,6,1,22,5,1197,1,6,SKODA FABIA,6,E01031827,0,-1
2020070583212,2020,070583212,2,9,0,2,2,0,0,0,0,0,0,0,0,0,4,1,6,6,2,31,6,999,1,2,SKODA FABIA,9,E01018441,0,-1
2020622000826,2020,622000826,1,9,0,9,9,8,6,0,0,6,0,0,0,0,1,1,6,6,3,-1,-1,1598,2,7,SKODA FABIA,-1,-1,0,-1
202063D049320,2020,63D049320,2,9,0,4,4,8,3,0,0,1,0,0,0,0,2,1,6,6,1,40,7,1198,1,17,SKODA FABIA,6,E01012618,0,-1
2020302001481,2020,302001481,2,9,0,18,19,8,4,0,0,1,0,0,0,0,1,1,3,7,2,27,6,1390,1,8,SKODA FABIA,9,E01019839,0,-1
2020460961261,2020,460961261,2,9,0,12,12,4,1,0,0,0,0,0,0,0,0,1,5,6,2,31,6,999,1,2,SKODA FABIA,3,E01016084,0,-1
2020010285344,2020,010285344,1,9,0,99,99,9,9,99,99,9,9,99,9,99,2,9,6,6,1,38,7,999,1,1,SKODA FABIA,6,E01001408,0,-1
2020440359243,2020,440359243,2,9,0,2,2,0,0,0,0,1,0,0,0,0,3,1,3,7,2,34,6,1197,1,3,SKODA FABIA,4,E01017305,0,-1
202031C074020,2020,31C074020,3,9,0,18,19,4,8,0,0,1,0,0,0,0,3,1,6,6,2,62,9,1197,1,5,SKODA FABIA,4,E01013967,0,-1
20201378H0325,2020,1378H0325,1,9,0,18,19,4,8,0,0,8,0,0,0,0,1,1,6,6,1,62,9,1198,1,11,SKODA FABIA,7,E01011247,0,-1
2020470962591,2020,470962591,1,9,0,2,2,5,1,9,9,7,0,0,0,0,2,1,5,6,2,33,6,1198,1,15,SKODA FABIA,5,E01031512,0,-1
2020320661890,2020,320661890,1,9,0,13,13,4,8,0,0,0,0,0,1,0,3,1,6,6,1,78,11,1598,2,10,SKODA FABIA,8,E01032992,0,-1
2020990971014,2020,990971014,1,9,0,12,12,7,2,0,0,0,0,0,7,0,3,1,5,6,2,63,9,999,1,1,SKODA FABIA,9,-1,0,-1
2020100946161,2020,100946161,1,9,0,18,19,7,3,0,0,8,0,0,0,0,3,1,5,6,1,63,9,1197,1,4,SKODA FABIA,3,E01008511,0,-1
202054C109920,2020,54C109920,2,9,0,18,19,3,7,0,0,8,0,0,0,0,1,1,6,6,1,35,6,1896,2,13,SKODA FABIA,7,E01015568,0,-1
2020990932593,2020,990932593,1,9,0,18,19,1,5,0,0,0,0,0,0,0,1,1,3,7,1,51,8,1422,2,12,SKODA FABIA,6,-1,0,-1
2020122000934,2020,122000934,2,9,0,18,19,5,1,0,0,1,2,0,0,0,4,1,6,6,2,23,5,1422,2,12,SKODA FABIA,5,E01027785,0,-1
2020010238480,2020,010238480,1,9,0,17,19,3,7,0,0,0,1,0,0,0,4,1,6,6,1,39,7,1422,2,13,SKODA FABIA,5,E01001677,0,-1
2020010275753,2020,010275753,1,9,0,99,99,9,9,99,99,0,9,99,9,99,2,9,6,6,3,86,11,1390,1,18,SKODA FABIA,10,E01000280,0,-1
2020220996136,2020,220996136,1,9,0,9,9,1,7,0,0,6,0,0,0,0,3,1,5,6,1,77,11,999,1,3,SKODA FABIA,9,E01032150,0,-1
2020500985607,2020,500985607,2,9,0,18,19,1,3,0,0,1,0,0,0,0,1,1,6,6,2,49,8,999,1,1,SKODA FABIA,10,E01015033,0,-1
2020137851201,2020,137851201,1,9,0,18,19,3,7,0,0,0,0,0,0,0,2,1,6,6,1,58,9,1598,2,7,SKODA FABIA,2,E01011251,0,-1
2020360938214,2020,360938214,3,9,0,18,19,6,2,0,0,2,0,0,0,0,1,1,5,6,1,47,8,1197,1,5,SKODA FABIA,6,E01026446,0,-1
2020010280865,2020,010280865,3,9,0,18,19,1,5,0,0,0,1,0,1,9,1,1,2,2,1,66,10,1598,2,8,SKODA FABIA,7,E01033314,0,-1
2020320450304,2020,320450304,1,9,0,7,7,5,1,0,0,1,0,0,7,0,3,1,6,6,1,28,6,1198,1,11,SKODA FABIA,9,E01008137,0,-1
2020430239712,2020,430239712,3,9,0,2,2,0,0,0,0,0,0,0,0,0,2,1,6,6,3,-1,-1,1198,1,11,SKODA FABIA,-1,-1,0,-1
2020010265651,2020,010265651,2,9,0,2,2,0,0,6,6,2,0,0,0,0,1,1,6,6,3,-1,-1,1390,1,11,SKODA FABIA,-1,-1,0,-1
2020320485868,2020,320485868,2,9,0,18,19,7,3,0,0,0,0,0,0,0,3,1,1,1,2,50,8,1198,1,15,SKODA FABIA,2,E01026328,0,-1
2020990970456,2020,990970456,2,9,0,18,19,1,5,0,0,8,0,0,0,0,3,1,6,6,1,61,9,1198,1,11,SKODA FABIA,8,-1,0,-1
2020990958499,2020,990958499,1,9,0,10,10,5,4,0,0,1,0,0,0,0,4,1,6,6,1,77,11,999,1,4,SKODA FABIA,2,-1,0,-1
2020990962407,2020,990962407,1,9,0,18,19,7,3,0,0,1,0,0,0,0,1,1,5,6,2,35,6,1397,1,19,SKODA FABIA,3,-1,0,-1
2020990969848,2020,990969848,1,9,0,9,9,4,2,0,0,6,0,0,0,0,3,1,5,6,2,41,7,1422,2,5,SKODA FABIA,5,-1,0,-1
2020622000829,2020,622000829,1,9,0,18,19,4,8,0,0,0,0,4,0,0,1,1,6,6,1,45,7,1598,2,7,SKODA FABIA,7,W01001817,0,-1
2020140950467,2020,140950467,2,9,0,13,13,7,3,0,0,0,0,0,0,0,-1,1,6,6,3,-1,-1,1896,2,14,SKODA FABIA,-1,-1,0,-1
2020470962770,2020,470962770,2,9,0,18,19,1,5,0,0,2,0,0,0,0,1,1,6,6,2,30,6,1198,1,7,SKODA FABIA,5,E01031731,0,-1
2020361008196,2020,361008196,1,9,0,18,19,6,8,0,0,0,0,0,0,0,1,1,5,6,2,81,11,1197,1,5,SKODA FABIA,6,E01026769,0,-1
2020041005973,2020,041005973,1,9,0,18,19,6,2,0,0,1,0,0,0,0,1,1,5,6,1,67,10,1197,1,4,SKODA FABIA,9,E01025449,0,-1
2020140998121,2020,140998121,1,9,0,18,19,3,7,0,0,1,0,4,0,0,1,1,5,6,2,49,8,1422,2,5,SKODA FABIA,7,E01008133,0,-1
2020140967633,2020,140967633,1,9,0,18,19,3,7,0,0,1,0,0,1,9,4,1,6,6,1,24,5,1422,2,15,SKODA FABIA,6,E01013253,0,-1
2020030956447,2020,030956447,1,9,0,9,9,7,4,0,0,6,0,0,1,0,4,1,6,6,2,82,11,1896,2,18,SKODA FABIA,7,E01019136,0,-1
2020500983089,2020,500983089,1,9,0,18,19,3,7,0,0,0,0,0,7,0,1,1,5,6,2,41,7,1422,2,5,SKODA FABIA,6,E01017174,0,-1
202006G173317,2020,06G173317,2,9,0,3,3,6,2,0,0,0,0,0,0,0,2,1,6,6,2,35,6,1896,2,16,SKODA FABIA,1,E01005433,0,-1
2020030938521,2020,030938521,1,9,0,18,19,1,5,0,0,2,0,0,0,0,1,1,6,6,2,-1,-1,999,1,1,SKODA FABIA,2,E01019116,0,-1
2020137482035,2020,137482035,2,9,0,18,19,8,4,0,0,0,0,0,0,0,1,1,6,6,1,18,4,1896,2,16,SKODA FABIA,3,E01011035,0,-1
2020320668653,2020,320668653,1,9,0,18,19,8,4,0,0,1,0,0,0,0,1,1,6,6,1,76,11,999,1,2,SKODA FABIA,3,E01026134,0,-1
2020460949514,2020,460949514,1,9,0,5,5,3,1,0,0,6,0,0,0,0,3,1,5,6,1,37,7,1896,2,16,SKODA FABIA,4,E01024510,0,-1
202054B762920,2020,54B762920,1,9,0,4,4,8,4,0,0,1,0,0,0,0,2,1,6,6,1,21,5,1598,2,8,SKODA FABIA,10,E01015515,0,-1
2020140926006,2020,140926006,1,9,0,18,19,5,1,0,0,1,0,4,0,0,1,1,2,2,1,19,4,1198,1,7,SKODA FABIA,5,E01008045,0,-1
2020990950775,2020,990950775,1,9,0,6,6,8,8,0,0,1,0,0,0,0,1,1,2,2,2,55,8,1197,1,9,SKODA FABIA,10,-1,0,-1
2020500968014,2020,500968014,1,9,0,18,19,3,7,0,0,8,0,0,0,0,1,1,5,6,1,49,8,999,1,4,SKODA FABIA,3,E01015089,0,-1
2020371027434,2020,371027434,1,9,0,18,19,1,7,0,0,1,0,0,0,0,1,1,5,6,2,33,6,999,1,2,SKODA FABIA,9,E01029897,0,-1
2020302000714,2020,302000714,2,9,0,17,19,4,8,0,0,2,0,0,0,0,1,1,2,2,1,20,4,1198,1,14,SKODA FABIA,1,E01013568,0,-1
2020110922984,2020,110922984,2,9,0,18,19,6,2,0,0,1,2,0,0,0,1,1,1,1,1,48,8,1896,2,16,SKODA FABIA,2,E01020894,0,-1
2020110963743,2020,110963743,1,9,0,9,9,6,2,0,0,1,0,0,0,0,1,1,5,6,2,22,5,1422,2,12,SKODA FABIA,1,E01008829,0,-1
2020200983874,2020,200983874,2,9,0,14,14,7,3,0,0,0,0,0,0,0,1,1,6,6,1,-1,-1,1598,2,7,SKODA FABIA,-1,-1,0,-1
2020421007669,2020,421007669,1,9,0,9,9,4,1,0,0,1,0,0,0,0,1,1,1,1,2,27,6,1397,1,18,SKODA FABIA,2,E01021592,0,-1
2020010242749,2020,010242749,2,9,0,12,12,5,1,0,0,1,0,0,0,0,2,1,1,1,1,23,5,1896,2,18,SKODA FABIA,-1,-1,0,-1
2020010261737,2020,010261737,1,9,0,18,19,8,4,0,0,1,0,0,0,0,1,1,2,2,2,69,10,1198,1,14,SKODA FABIA,8,E01003138,0,-1
2020470935881,2020,470935881,1,9,0,18,19,1,5,0,0,0,0,4,0,0,1,1,5,6,1,46,8,1197,1,4,SKODA FABIA,4,E01020438,0,-1
20201371D0434,2020,1371D0434,1,9,0,18,19,6,2,0,0,0,0,0,0,0,1,1,2,2,2,60,9,1896,2,18,SKODA FABIA,3,E01007363,0,-1
2020440489494,2020,440489494,2,9,0,18,19,1,5,0,0,8,0,0,0,0,1,1,6,6,2,70,10,1197,1,6,SKODA FABIA,8,E01023286,0,-1
2020470943158,2020,470943158,2,9,0,18,19,3,7,0,0,8,0,0,0,0,3,1,6,6,2,36,7,1390,1,15,SKODA FABIA,5,E01016991,0,-1
20201376J0656,2020,1376J0656,1,9,0,18,19,6,2,0,0,0,0,0,0,0,1,1,6,6,2,27,6,1598,2,6,SKODA FABIA,8,E01013273,0,-1
2020544933820,2020,544933820,2,9,0,1,1,0,0,0,0,0,0,0,0,0,1,1,1,1,1,52,8,1896,2,19,SKODA FABIA,6,E01031844,0,-1
2020360946427,2020,360946427,1,9,0,13,13,6,2,0,0,0,5,0,7,9,3,1,2,2,1,64,9,1198,1,7,SKODA FABIA,5,E01026645,0,-1
2020070006496,2020,070006496,1,9,0,15,15,1,5,0,0,0,0,0,0,0,1,1,6,6,1,87,11,1198,1,11,SKODA FABIA,10,E01018350,0,-1
2020440487763,2020,440487763,1,9,0,14,14,6,2,0,0,0,5,4,0,0,1,1,6,6,1,66,10,1598,1,12,SKODA FABIA,3,E01012155,0,-1
2020990935372,2020,990935372,1,9,0,16,19,2,6,0,0,0,0,0,0,0,1,1,5,6,1,22,5,999,1,3,SKODA FABIA,7,-1,0,-1
2020500927295,2020,500927295,1,9,0,18,19,8,4,0,0,8,0,0,0,0,1,1,6,6,1,80,11,1198,1,15,SKODA FABIA,6,E01015222,0,-1
2020010279871,2020,010279871,2,9,0,18,19,1,5,0,0,8,0,0,0,0,1,2,6,6,1,17,4,999,1,2,SKODA FABIA,9,E01000765,0,-1
2020010258149,2020,010258149,3,9,0,2,2,0,0,0,0,1,0,0,0,0,2,1,6,6,3,-1,-1,999,1,1,SKODA FABIA,-1,-1,0,-1
2020200930391,2020,200930391,1,9,0,18,19,8,4,0,0,2,0,0,0,0,1,1,6,6,1,-1,-1,1197,1,3,SKODA FABIA,-1,-1,0,-1
2020170L10390,2020,170L10390,2,9,0,18,19,6,2,0,0,1,0,0,0,0,3,1,6,6,2,58,9,1422,2,11,SKODA FABIA,5,E01012097,0,-1
2020010240725,2020,010240725,1,9,0,18,19,1,5,0,0,0,0,4,0,0,1,1,6,6,1,30,6,999,1,1,SKODA FABIA,10,E01004196,0,-1
2020401004133,2020,401004133,4,9,0,3,3,3,7,0,0,0,0,0,0,0,2,1,2,2,2,66,10,999,1,0,SKODA FABIA,7,E01017420,0,-1
2020460956190,2020,460956190,1,9,0,18,19,6,2,0,0,0,0,0,0,0,1,1,5,6,2,47,8,1198,1,9,SKODA FABIA,4,E01016164,0,-1
2020622100046,2020,622100046,2,9,0,18,19,8,4,0,0,8,0,0,0,0,2,1,6,6,2,61,9,999,1,2,SKODA FABIA,10,W01001075,0,-1
2020040991553,2020,040991553,1,9,0,9,9,5,1,0,0,8,0,0,0,0,3,1,6,6,1,87,11,1390,1,14,SKODA FABIA,8,E01012611,0,-1
2020500967598,2020,500967598,1,9,0,7,7,3,4,0,0,5,5,0,1,3,4,1,6,6,1,30,6,1422,2,15,SKODA FABIA,5,E01018992,0,-1
2020220976372,2020,220976372,2,9,0,18,19,3,7,0,0,1,0,0,0,0,1,1,6,6,2,66,10,1198,1,7,SKODA FABIA,6,E01008934,0,-1
2020010277913,2020,010277913,1,9,0,9,9,5,2,0,0,6,0,0,0,0,1,1,1,1,2,63,9,1390,1,17,SKODA FABIA,7,E01003451,0,-1
2020210948368,2020,210948368,1,9,0,18,19,2,6,0,0,0,5,7,0,0,0,1,6,6,1,25,5,1896,2,16,SKODA FABIA,9,E01029478,0,-1
202063D030820,2020,63D030820,2,9,0,18,19,2,6,0,0,0,0,0,0,0,3,1,6,6,2,28,6,1198,1,11,SKODA FABIA,8,W01000775,0,-1
2020101000622,2020,101000622,1,9,0,18,19,5,1,0,0,2,0,0,0,0,1,1,2,2,2,60,9,1598,2,8,SKODA FABIA,7,-1,0,-1
2020010239580,2020,010239580,1,9,0,7,7,6,1,0,0,6,0,0,0,0,1,1,3,7,1,44,7,1390,1,10,SKODA FABIA,5,E01003116,0,-1
2020500994222,2020,500994222,1,9,0,18,19,3,7,0,0,0,2,0,0,0,4,1,5,6,2,21,5,1397,1,18,SKODA FABIA,3,E01020294,0,-1
202054B028420,2020,54B028420,1,9,0,1,1,3,7,0,0,0,0,0,0,0,2,1,6,6,1,64,9,1199,2,8,SKODA FABIA,3,E01031856,0,-1
2020440471302,2020,440471302,1,9,0,13,13,5,1,0,0,0,5,0,0,0,0,1,2,2,2,62,9,1598,2,7,SKODA FABIA,6,E01016310,0,-1
2020440368289,2020,440368289,1,9,0,16,19,2,6,0,0,2,0,0,0,0,1,1,6,6,1,34,6,1198,1,17,SKODA FABIA,5,E01023095,0,-1
2020070777950,2020,070777950,1,9,0,4,4,5,5,0,0,0,0,0,0,0,1,1,6,6,1,19,4,1896,2,14,SKODA FABIA,1,E01012546,0,-1
2020360948589,2020,360948589,1,9,0,18,19,5,1,0,0,4,1,0,1,2,1,1,5,6,2,24,5,1896,2,19,SKODA FABIA,7,E01026723,0,-1
2020201015383,2020,201015383,1,9,0,9,9,4,2,0,0,6,0,0,0,0,1,1,6,6,1,21,5,1598,2,10,SKODA FABIA,9,E01010331,0,-1
2020200975856,2020,200975856,2,9,0,3,3,4,7,0,0,4,0,0,0,0,2,1,6,6,1,49,8,1198,1,13,SKODA FABIA,3,E01010127,0,-1
2020500961683,2020,500961683,1,9,0,9,9,1,7,0,0,5,0,0,0,0,1,1,5,6,2,76,11,1198,1,10,SKODA FABIA,9,E01019940,0,-1
2020430177851,2020,430177851,1,9,0,3,3,1,5,0,0,1,0,0,0,0,1,1,6,6,1,75,10,999,1,3,SKODA FABIA,6,E01028757,0,-1
2020140932062,2020,140932062,3,9,0,18,19,1,5,0,0,0,0,0,0,0,1,1,6,6,2,49,8,999,1,1,SKODA FABIA,-1,-1,0,-1
2020340C08902,2020,340C08902,1,9,0,1,1,7,3,0,0,0,0,0,0,0,0,1,6,6,2,25,5,1198,1,15,SKODA FABIA,3,E01026963,0,-1
2020990949609,2020,990949609,2,9,0,18,19,7,3,0,0,2,0,0,0,0,3,1,6,6,1,30,6,1896,2,14,SKODA FABIA,7,-1,0,-1
2020201015374,2020,201015374,2,9,0,18,19,5,1,0,0,8,0,0,0,0,1,1,6,6,1,24,5,1390,1,12,SKODA FABIA,3,E01009553,0,-1
2020040972653,2020,040972653,1,9,0,18,19,1,5,0,0,1,0,11,0,0,1,1,5,6,1,79,11,1197,1,8,SKODA FABIA,2,E01024890,0,-1
202006N277771,2020,06N277771,1,9,0,18,19,3,7,0,0,2,0,0,0,0,4,1,6,6,1,25,5,1896,2,13,SKODA FABIA,1,E01004987,0,-1
2020140974126,2020,140974126,1,9,0,4,4,6,2,0,0,0,0,0,0,0,1,1,6,6,2,51,8,1198,1,16,SKODA FABIA,1,E01008096,0,-1
2020541636420,2020,541636420,1,9,0,18,19,6,1,0,0,0,0,0,0,0,1,1,6,6,1,23,5,1896,2,14,SKODA FABIA,8,E01032071,0,-1
2020460949587,2020,460949587,1,9,0,18,19,8,4,0,0,8,0,0,0,0,4,1,6,6,1,51,8,1896,2,15,SKODA FABIA,2,E01024028,0,-1
2020440244508,2020,440244508,2,9,0,18,19,6,2,0,0,0,0,0,0,0,2,1,6,6,2,39,7,1390,1,13,SKODA FABIA,2,E01022969,0,-1
2020010243652,2020,010243652,2,9,0,18,19,1,5,0,0,1,0,0,0,0,4,1,2,2,2,68,10,1198,1,14,SKODA FABIA,-1,-1,0,-1
2020530982899,2020,530982899,2,9,0,10,10,5,3,0,0,0,0,0,0,0,2,1,5,6,1,17,4,1397,1,18,SKODA FABIA,-1,-1,0,-1
2020201004743,2020,201004743,1,9,0,18,19,2,6,0,0,0,1,0,0,0,1,1,1,1,1,32,6,1198,1,12,SKODA FABIA,1,E01033648,0,-1
2020552001121,2020,552001121,1,9,0,9,9,8,6,0,0,6,0,0,0,0,3,1,6,6,1,65,9,1598,2,9,SKODA FABIA,7,E01020538,0,-1
2020010244486,2020,010244486,1,9,0,18,19,3,7,0,0,0,0,0,0,0,1,1,6,6,1,76,11,1198,1,7,SKODA FABIA,-1,-1,0,-1
2020210952364,2020,210952364,1,9,0,18,19,5,1,0,0,3,0,0,0,0,1,1,6,6,1,92,11,1198,1,8,SKODA FABIA,6,E01014264,0,-1
2020137430137,2020,137430137,3,9,0,2,2,0,0,0,0,1,0,0,0,0,1,1,6,6,3,-1,-1,1598,2,7,SKODA FABIA,-1,-1,0,-1
2020040937651,2020,040937651,1,9,0,18,19,5,5,0,0,4,0,0,0,0,1,1,6,6,1,26,6,1397,1,17,SKODA FABIA,2,E01025285,0,-1
2020990940820,2020,990940820,1,9,0,9,9,4,3,0,0,1,0,0,0,0,1,1,6,6,1,56,9,1197,1,6,SKODA FABIA,7,-1,0,-1
2020552000328,2020,552000328,2,9,0,18,19,3,7,0,0,8,0,0,0,0,1,1,6,6,1,69,10,1198,1,9,SKODA FABIA,10,E01020366,0,-1
2020210943125,2020,210943125,2,9,0,18,19,2,6,0,0,0,0,0,0,0,2,1,6,6,2,60,9,999,1,3,SKODA FABIA,7,E01029396,0,-1
2020040938709,2020,040938709,1,9,0,18,19,5,1,0,0,1,0,0,0,0,0,1,6,6,3,-1,-1,1198,1,9,SKODA FABIA,-1,-1,0,-1
2020010254002,2020,010254002,2,9,0,99,99,9,9,99,99,0,9,99,9,99,2,9,6,6,1,-1,-1,1598,1,12,SKODA FABIA,-1,-1,0,-1
2020440104639,2020,440104639,3,9,0,18,19,1,5,0,0,0,0,0,0,0,1,1,6,6,1,64,9,1197,1,5,SKODA FABIA,-1,-1,0,-1
2020200954845,2020,200954845,2,9,0,18,19,8,4,0,0,0,5,0,7,0,1,1,6,6,2,51,8,999,1,3,SKODA FABIA,3,E01010242,0,-1
2020140999857,2020,140999857,1,9,0,18,19,4,8,0,0,8,0,0,0,0,4,1,5,6,2,58,9,1896,2,18,SKODA FABIA,2,E01007656,0,-1
2020122000314,2020,122000314,1,9,0,5,5,2,6,9,9,6,0,0,0,0,1,1,1,1,2,44,7,999,1,2,SKODA FABIA,6,E01027601,0,-1
2020200946313,2020,200946313,1,9,0,18,19,1,5,0,0,1,0,10,7,0,1,1,6,6,1,30,6,1896,2,17,SKODA FABIA,-1,-1,0,-1
2020140944223,2020,140944223,1,9,0,17,19,7,5,0,0,0,0,0,0,0,1,1,5,6,1,21,5,1896,2,17,SKODA FABIA,2,E01033270,0,-1
2020137291077,2020,137291077,1,9,0,6,6,8,6,0,0,8,0,0,7,1,1,1,6,6,1,31,6,1198,1,17,SKODA FABIA,1,E01010812,0,-1
2020990969062,2020,990969062,2,9,0,9,9,8,6,0,0,6,0,0,7,0,1,1,5,6,1,77,11,1422,2,5,SKODA FABIA,6,-1,0,-1
2020990974616,2020,990974616,2,9,0,18,19,1,5,0,0,1,0,0,0,0,1,1,6,6,1,38,7,999,1,3,SKODA FABIA,3,-1,0,-1
2020990934788,2020,990934788,1,9,0,18,19,7,3,0,0,0,2,0,0,0,4,1,5,6,2,20,4,1198,1,11,SKODA FABIA,4,-1,0,-1
2020010245448,2020,010245448,2,9,0,9,9,1,6,0,0,1,0,0,0,0,1,1,6,6,1,73,10,1422,2,4,SKODA FABIA,-1,-1,0,-1
2020122000735,2020,122000735,1,9,0,18,19,5,1,0,0,1,0,0,0,0,1,1,1,1,1,61,9,999,1,1,SKODA FABIA,1,E01012059,0,-1