collision_index,collision_year,collision_ref_no,vehicle_reference,vehicle_type,towing_and_articulation,vehicle_manoeuvre_historic,vehicle_manoeuvre,vehicle_direction_from,vehicle_direction_to,vehicle_location_restricted_lane_historic,vehicle_location_restricted_lane,junction_location,skidding_and_overturning,hit_object_in_carriageway,vehicle_leaving_carriageway,hit_object_off_carriageway,first_point_of_impact,vehicle_left_hand_drive,journey_purpose_of_driver_historic,journey_purpose_of_driver,sex_of_driver,age_of_driver,age_band_of_driver,engine_capacity_cc,propulsion_code,age_of_vehicle,generic_make_model,driver_imd_decile,lsoa_of_driver,escooter_flag,driver_distance_banding
2020460941334,2020,460941334,1,9,0,18,19,2,6,0,0,1,0,0,0,0,1,1,5,6,2,83,11,1598,1,12,SKODA FABIA,4,E01016067,0,-1
2020470967192,2020,470967192,1,9,0,17,19,8,6,0,0,1,1,0,2,4,1,1,5,6,2,57,9,1422,2,11,SKODA FABIA,5,E01031600,0,-1
2020320673098,2020,320673098,2,9,0,18,19,1,5,0,0,8,0,0,0,0,1,1,6,6,2,51,8,1198,1,15,SKODA FABIA,8,E01026171,0,-1
2020220977425,2020,220977425,1,9,0,16,19,6,1,0,0,0,2,0,8,10,1,1,5,6,2,47,8,1198,1,12,SKODA FABIA,7,E01028950,0,-1
2020122000737,2020,122000737,1,9,0,17,19,5,2,0,0,0,1,0,2,4,3,1,6,6,1,19,4,1896,2,13,SKODA FABIA,9,E01027664,0,-1
2020010272741,2020,010272741,2,9,0,18,19,5,1,0,0,1,1,0,0,0,1,1,6,6,1,24,5,1896,2,16,SKODA FABIA,4,E01021779,0,-1
20201372A0341,2020,1372A0341,1,9,0,18,19,7,3,0,0,1,0,0,0,0,1,1,6,6,1,39,7,1598,1,12,SKODA FABIA,3,E01011313,0,-1
2020460995703,2020,460995703,1,9,0,6,6,3,5,0,0,0,0,0,0,0,4,1,6,6,2,22,5,1390,1,14,SKODA FABIA,8,E01001617,0,-1
2020522004623,2020,522004623,1,9,0,2,2,0,0,0,0,0,0,0,0,0,3,1,6,6,1,40,7,1397,1,18,SKODA FABIA,1,E01033367,0,-1
2020137AB0616,2020,137AB0616,1,9,0,18,19,6,2,0,0,0,0,0,0,0,4,1,6,6,1,50,8,999,1,3,SKODA FABIA,1,E01011321,0,-1
2020160958530,2020,160958530,1,9,0,9,9,3,8,0,0,6,0,0,0,0,1,1,5,6,1,78,11,1198,1,6,SKODA FABIA,8,E01013058,0,-1
202031B008220,2020,31B008220,2,9,0,18,19,1,4,0,0,8,0,0,0,0,1,1,6,6,1,82,11,1198,1,12,SKODA FABIA,4,E01028291,0,-1
2020010250615,2020,010250615,1,9,0,9,9,5,3,8,6,6,0,0,0,0,1,1,6,6,2,70,10,1598,1,11,SKODA FABIA,9,E01003890,0,-1
2020302001355,2020,302001355,2,9,0,16,19,6,2,0,0,0,1,0,0,0,1,1,6,6,1,21,5,1896,2,14,SKODA FABIA,6,E01019480,0,-1
2020622000883,2020,622000883,1,9,0,18,19,8,4,0,0,0,5,0,1,4,1,1,6,6,1,21,5,1896,2,16,SKODA FABIA,3,W01001004,0,-1
20201371B1373,2020,1371B1373,2,9,0,18,19,6,2,0,0,0,0,0,0,0,3,1,6,6,1,38,7,1422,2,13,SKODA FABIA,2,E01011041,0,-1
2020610050720,2020,610050720,1,9,0,15,15,4,2,0,0,5,0,0,0,0,4,1,6,6,2,-1,-1,1198,1,7,SKODA FABIA,-1,-1,0,-1
2020421010711,2020,421010711,2,9,0,18,19,8,4,0,0,0,0,0,0,0,2,1,5,6,2,47,8,999,1,2,SKODA FABIA,8,E01029500,0,-1
2020010249550,2020,010249550,1,9,0,5,5,5,1,0,0,1,0,0,1,0,1,1,6,6,1,74,10,1197,1,7,SKODA FABIA,7,E01000822,0,-1
2020010254286,2020,010254286,1,9,0,9,9,1,6,0,0,1,0,0,0,0,1,1,1,1,1,19,4,1896,2,15,SKODA FABIA,3,E01017619,0,-1
2020052000354,2020,052000354,2,9,0,18,19,1,5,0,0,8,0,0,0,0,4,1,6,6,2,46,8,1197,1,3,SKODA FABIA,4,E01006976,0,-1
2020470951817,2020,470951817,2,9,0,18,19,3,7,0,0,0,0,0,0,0,2,1,5,6,1,65,9,1390,1,13,SKODA FABIA,3,E01030547,0,-1
2020460987724,2020,460987724,1,9,0,9,9,1,7,0,0,0,0,0,0,0,1,1,6,6,2,46,8,1390,1,20,SKODA FABIA,1,E01024215,0,-1
2020460977894,2020,460977894,1,9,0,17,19,3,1,0,0,0,2,0,0,0,4,1,5,6,1,22,5,999,1,2,SKODA FABIA,3,E01024399,0,-1
2020100995187,2020,100995187,1,9,0,18,19,6,2,0,0,1,0,0,0,0,1,1,5,6,2,39,7,999,1,2,SKODA FABIA,7,E01020720,0,-1
2020420926809,2020,420926809,1,9,0,18,19,7,3,0,0,0,0,0,2,7,4,1,5,6,1,69,10,1390,1,6,SKODA FABIA,6,E01022035,0,-1
2020010229558,2020,010229558,1,9,0,18,19,1,5,0,0,8,0,4,1,11,1,1,6,6,1,48,8,1390,1,7,SKODA FABIA,6,E01003705,0,-1
202063C001020,2020,63C001020,2,9,0,18,19,8,4,0,0,6,0,0,3,4,3,1,1,1,2,32,6,1896,2,14,SKODA FABIA,3,W01000588,0,-1
2020501003107,2020,501003107,1,9,0,18,19,1,5,0,0,0,0,0,0,0,2,1,6,6,2,-1,-1,999,1,1,SKODA FABIA,3,E01015167,0,-1
2020030955066,2020,030955066,1,9,0,6,6,1,1,0,0,8,0,0,1,0,2,1,6,6,1,63,9,1198,1,6,SKODA FABIA,1,E01019280,0,-1
2020100938085,2020,100938085,1,9,0,18,19,8,4,0,0,0,0,0,0,0,4,1,5,6,1,18,4,1598,2,7,SKODA FABIA,8,E01027497,0,-1
2020200946216,2020,200946216,1,9,0,18,19,6,2,0,0,5,1,0,0,0,1,1,6,6,3,-1,-1,1896,2,15,SKODA FABIA,-1,-1,0,-1
2020520002280,2020,520002280,2,9,0,18,19,8,4,0,0,8,0,0,0,0,1,1,6,6,2,26,6,1197,1,7,SKODA FABIA,-1,-1,0,-1
2020200929149,2020,200929149,1,9,0,18,19,8,4,0,0,1,0,10,1,6,4,1,6,6,1,39,7,1422,2,14,SKODA FABIA,1,E01010383,0,-1
2020010281720,2020,010281720,1,9,0,1,1,5,1,6,6,0,0,0,7,11,1,1,6,6,1,83,11,999,1,1,SKODA FABIA,-1,-1,0,-1
2020070245705,2020,070245705,1,9,0,2,2,6,2,0,0,0,0,0,7,10,1,1,6,6,1,32,6,1896,2,12,SKODA FABIA,2,E01018714,0,-1
2020052000404,2020,052000404,2,9,0,18,19,1,5,0,0,1,0,0,0,0,2,1,6,6,1,51,8,1390,1,11,SKODA FABIA,4,E01025523,0,-1
2020470960752,2020,470960752,1,9,0,17,19,8,4,0,0,0,1,0,0,0,1,1,5,6,1,66,10,1896,2,15,SKODA FABIA,9,E01021085,0,-1
2020010234133,2020,010234133,1,9,0,9,9,7,5,0,0,8,0,0,0,0,1,1,6,6,2,62,9,1197,1,8,SKODA FABIA,-1,-1,0,-1
2020440330093,2020,440330093,2,9,0,18,19,7,3,0,0,0,0,0,0,0,1,1,6,6,2,56,9,1390,1,12,SKODA FABIA,9,E01023186,0,-1
2020141002192,2020,141002192,2,9,0,4,4,1,5,0,0,1,0,0,0,0,1,1,6,6,3,-1,-1,1896,2,14,SKODA FABIA,-1,-1,0,-1
2020030976017,2020,030976017,1,9,0,5,5,1,7,0,0,6,0,0,0,0,1,1,6,6,1,40,7,1198,1,14,SKODA FABIA,1,E01019248,0,-1
2020470990779,2020,470990779,2,9,0,3,3,7,3,0,0,0,0,0,0,0,2,1,2,2,2,21,5,999,1,2,SKODA FABIA,2,E01031819,0,-1
2020137761630,2020,137761630,2,9,0,4,4,1,3,0,0,8,0,0,0,0,2,1,6,6,2,45,7,1197,1,9,SKODA FABIA,3,E01010759,0,-1
2020200973083,2020,200973083,1,9,0,1,1,5,1,0,0,0,0,0,0,0,2,1,6,6,1,38,7,1896,2,19,SKODA FABIA,1,E01009274,0,-1
2020302001724,2020,302001724,1,9,0,9,9,8,4,0,0,0,0,0,0,0,2,1,6,6,1,57,9,999,1,0,SKODA FABIA,9,E01019478,0,-1
2020010275526,2020,010275526,1,9,0,9,9,8,5,0,0,5,0,0,0,0,1,1,6,6,1,18,4,999,1,4,SKODA FABIA,3,E01001466,0,-1
2020370950130,2020,370950130,1,9,0,5,5,3,8,0,0,6,0,0,0,0,1,1,5,6,1,25,5,1896,2,13,SKODA FABIA,6,E01030090,0,-1
2020160989135,2020,160989135,1,9,0,18,19,8,4,0,0,1,0,0,0,0,1,1,6,6,1,19,4,1896,2,13,SKODA FABIA,1,E01012851,0,-1
2020622000659,2020,622000659,1,9,0,18,19,2,6,0,0,1,0,0,0,0,1,1,6,6,1,31,6,1896,2,16,SKODA FABIA,9,W01000807,0,-1
2020220957354,2020,220957354,1,9,0,18,19,8,4,0,0,1,0,0,0,0,1,1,5,6,2,56,9,1896,2,15,SKODA FABIA,5,E01014149,0,-1
2020200997489,2020,200997489,1,9,0,18,19,8,4,0,0,2,1,0,0,0,1,1,6,6,1,19,4,1896,2,13,SKODA FABIA,6,E01009847,0,-1
2020160917927,2020,160917927,1,9,0,18,19,1,5,0,0,1,0,0,0,0,1,1,6,6,3,-1,-1,1197,1,7,SKODA FABIA,-1,-1,0,-1
2020010255877,2020,010255877,2,9,0,1,1,1,5,0,0,1,0,0,0,0,0,1,6,6,2,39,7,1422,2,12,SKODA FABIA,4,E01003743,0,-1
2020460935646,2020,460935646,2,9,0,18,19,5,1,0,0,0,0,0,1,0,3,1,2,2,2,50,8,999,1,2,SKODA FABIA,9,E01024376,0,-1
2020552000342,2020,552000342,1,9,0,18,19,7,3,0,0,0,0,0,0,0,1,1,6,6,1,34,6,1896,2,13,SKODA FABIA,4,E01029174,0,-1
2020140952369,2020,140952369,1,9,0,18,19,3,7,0,0,0,0,0,0,0,1,1,5,6,2,25,5,1198,1,11,SKODA FABIA,-1,-1,0,-1
2020501004931,2020,501004931,1,9,0,5,5,5,1,0,0,1,0,0,0,0,1,1,6,6,2,69,10,1422,2,10,SKODA FABIA,4,E01015247,0,-1
2020200934888,2020,200934888,2,9,0,3,3,6,2,0,0,0,0,0,0,0,2,1,1,1,2,35,6,1422,2,4,SKODA FABIA,7,E01029480,0,-1
20201378Q1872,2020,1378Q1872,2,9,0,17,19,7,3,0,0,8,0,0,0,0,1,1,6,6,2,36,7,1198,1,14,SKODA FABIA,1,E01011431,0,-1
2020200970668,2020,200970668,1,9,0,18,19,3,7,0,0,2,0,10,1,2,1,1,1,1,1,30,6,999,1,1,SKODA FABIA,1,E01009372,0,-1
2020501022354,2020,501022354,1,9,0,16,19,7,3,0,0,0,1,0,0,0,1,1,5,6,2,45,7,1198,1,12,SKODA FABIA,3,E01019053,0,-1
2020500934820,2020,500934820,1,9,0,9,9,1,7,0,0,8,0,0,0,0,1,1,5,6,2,71,10,1197,1,5,SKODA FABIA,4,E01015247,0,-1
2020450955675,2020,450955675,1,9,0,18,19,3,7,0,0,0,0,0,1,0,3,1,5,6,1,27,6,1390,1,16,SKODA FABIA,8,E01002657,0,-1
2020100988524,2020,100988524,2,9,0,18,19,8,4,0,0,8,0,0,0,0,1,1,5,6,2,49,8,1197,1,7,SKODA FABIA,6,E01027505,0,-1
2020101002383,2020,101002383,1,9,0,18,19,5,1,0,0,0,5,0,7,0,4,1,5,6,1,39,7,1896,2,16,SKODA FABIA,6,E01008750,0,-1
202006J177028,2020,06J177028,1,9,0,18,19,5,1,6,6,0,0,0,0,0,1,1,6,6,1,25,5,1896,2,13,SKODA FABIA,6,E01005832,0,-1
2020040928099,2020,040928099,2,9,0,18,19,1,5,0,0,0,0,0,1,0,1,1,5,6,2,65,9,999,1,2,SKODA FABIA,2,E01024926,0,-1
20201371B1373,2020,1371B1373,1,9,0,5,5,6,2,0,0,0,0,0,0,0,4,1,6,6,1,49,8,1198,1,15,SKODA FABIA,2,E01011041,0,-1
2020101022485,2020,101022485,2,9,0,18,19,4,8,0,0,0,0,0,0,0,1,1,6,6,2,58,9,1198,1,8,SKODA FABIA,1,E01020819,0,-1
2020010234948,2020,010234948,2,9,0,11,11,5,1,0,0,1,0,0,0,0,0,1,6,6,1,50,8,1197,1,4,SKODA FABIA,2,E01000097,0,-1
2020122001288,2020,122001288,2,9,0,5,5,1,5,0,0,5,0,0,0,0,1,1,6,6,1,27,6,1896,2,14,SKODA FABIA,4,E01013076,0,-1
2020430290289,2020,430290289,2,9,0,18,19,1,5,0,0,0,0,0,0,0,0,1,1,1,1,40,7,1197,1,3,SKODA FABIA,9,E01028511,0,-1
2020340N05672,2020,340N05672,1,9,0,18,19,1,5,0,0,8,0,0,0,0,1,1,6,6,1,27,6,1422,2,12,SKODA FABIA,5,E01027134,0,-1
202006J371458,2020,06J371458,1,9,0,9,9,3,1,0,0,8,0,0,0,0,4,1,6,6,1,28,6,1896,2,15,SKODA FABIA,10,E01005807,0,-1
2020111001171,2020,111001171,2,9,0,18,19,6,2,0,0,0,5,0,1,0,2,1,6,6,1,32,6,1197,1,3,SKODA FABIA,-1,-1,0,-1
2020460916503,2020,460916503,2,9,0,4,4,6,8,0,0,0,0,0,0,0,3,1,5,6,1,26,6,1197,1,4,SKODA FABIA,8,E01024113,0,-1
2020420954941,2020,420954941,1,9,0,18,19,1,5,0,0,0,0,0,0,0,4,1,6,6,2,52,8,1198,1,7,SKODA FABIA,6,E01021769,0,-1
202006A275310,2020,06A275310,3,9,0,3,3,5,1,0,0,0,0,0,0,0,3,1,6,6,2,78,11,1197,1,5,SKODA FABIA,5,E01005248,0,-1
2020420943143,2020,420943143,1,9,0,4,4,3,5,0,0,1,0,0,0,0,1,1,6,6,1,20,4,1896,2,15,SKODA FABIA,-1,-1,0,-1
2020200996474,2020,200996474,2,9,0,9,9,8,6,0,0,8,0,0,0,0,3,1,6,6,1,57,9,1199,2,9,SKODA FABIA,10,E01033533,0,-1
20201377A0727,2020,1377A0727,1,9,0,1,1,1,5,0,0,6,0,0,0,0,3,1,6,6,1,68,10,1198,1,7,SKODA FABIA,2,E01010605,0,-1
2020070438942,2020,070438942,1,9,0,18,19,1,5,0,0,0,2,0,1,9,1,1,2,2,2,32,6,1896,2,14,SKODA FABIA,1,E01018524,0,-1
2020221001748,2020,221001748,1,9,0,18,19,6,2,0,0,0,0,4,0,0,1,1,5,6,2,27,6,1198,1,12,SKODA FABIA,8,E01032226,0,-1
2020990968827,2020,990968827,1,9,0,5,5,5,1,0,0,4,0,0,0,0,1,1,2,2,1,23,5,1598,1,13,SKODA FABIA,4,-1,0,-1
2020230945844,2020,230945844,1,9,0,4,4,7,3,0,0,2,0,0,0,0,1,1,2,2,2,58,9,1197,1,7,SKODA FABIA,4,E01031030,0,-1
2020140976547,2020,140976547,2,9,0,-1,-1,-1,-1,-1,-1,0,-1,-1,-1,0,-1,1,6,6,3,-1,-1,1896,2,12,SKODA FABIA,-1,-1,0,-1
2020440301879,2020,440301879,1,9,0,4,4,5,1,0,0,1,0,0,0,0,4,1,6,6,2,55,8,1390,1,15,SKODA FABIA,8,E01023001,0,-1
2020122100037,2020,122100037,3,9,0,18,19,3,7,0,0,1,0,0,0,0,1,1,2,2,2,41,7,1422,2,12,SKODA FABIA,5,E01027711,0,-1
2020420979125,2020,420979125,2,9,0,4,4,3,7,0,0,0,0,0,0,0,2,1,5,6,2,50,8,1397,1,18,SKODA FABIA,1,E01022032,0,-1
2020160935350,2020,160935350,1,9,0,18,19,1,5,0,0,0,0,0,0,0,1,1,5,6,2,58,9,1197,1,3,SKODA FABIA,7,E01013256,0,-1
2020350929026,2020,350929026,1,9,0,13,13,5,1,0,0,0,0,0,0,0,4,1,5,6,1,79,11,1199,2,6,SKODA FABIA,10,E01018266,0,-1
2020220966644,2020,220966644,1,9,0,5,5,7,3,0,0,0,0,0,0,0,2,1,5,6,2,81,11,1198,1,11,SKODA FABIA,5,E01031186,0,-1
2020220977404,2020,220977404,1,9,0,12,12,6,3,0,0,4,0,0,0,0,3,1,6,6,2,56,9,1198,1,16,SKODA FABIA,1,E01014201,0,-1
2020211005399,2020,211005399,1,9,0,18,19,8,3,0,0,4,0,10,8,0,1,1,2,2,1,25,5,1197,1,4,SKODA FABIA,-1,-1,0,-1
2020010232316,2020,010232316,2,9,0,14,14,1,5,0,0,2,1,4,0,0,4,1,6,6,1,22,5,1198,1,13,SKODA FABIA,6,E01000180,0,-1
20201379J1422,2020,1379J1422,2,9,0,3,3,1,5,0,0,1,0,0,1,11,2,1,6,6,1,-1,-1,1896,2,12,SKODA FABIA,9,E01011177,0,-1
2020460961394,2020,460961394,2,9,0,9,9,7,5,0,0,5,5,0,7,0,3,1,6,6,2,56,9,1198,1,15,SKODA FABIA,5,E01024095,0,-1
2020522003408,2020,522003408,1,9,0,18,19,3,7,0,0,0,0,0,0,0,3,1,1,1,1,50,8,1422,2,5,SKODA FABIA,2,E01014810,0,-1
2020010271510,2020,010271510,1,9,0,99,99,9,9,99,99,0,9,99,9,99,2,9,6,6,1,31,6,1197,1,4,SKODA FABIA,3,E01004228,0,-1
2020500959462,2020,500959462,1,9,0,9,9,3,7,0,0,8,0,0,7,0,4,1,6,6,2,47,8,1198,1,11,SKODA FABIA,3,E01018932,0,-1
202031C028820,2020,31C028820,2,9,0,18,19,4,8,0,0,8,0,0,0,0,4,1,6,6,2,35,6,1198,1,9,SKODA FABIA,1,E01013882,0,-1
2020302001412,2020,302001412,1,9,0,17,19,4,8,0,0,0,1,0,0,0,1,1,3,7,1,17,4,1197,1,5,SKODA FABIA,7,E01025964,0,-1
2020211024148,2020,211024148,2,9,0,18,19,8,3,0,0,0,0,0,0,0,2,1,1,1,1,47,8,1390,1,9,SKODA FABIA,7,E01029732,0,-1
202031A033320,2020,31A033320,1,9,0,3,3,1,5,0,0,8,0,0,0,0,4,1,6,6,3,-1,-1,1198,1,9,SKODA FABIA,-1,-1,0,-1
202006K269880,2020,06K269880,1,9,0,18,19,7,3,0,0,0,0,0,0,0,1,1,6,6,2,73,10,999,1,2,SKODA FABIA,7,E01005005,0,-1
202031D178520,2020,31D178520,2,9,0,18,19,7,3,0,0,4,0,0,0,0,0,1,6,6,3,-1,-1,1390,1,19,SKODA FABIA,-1,-1,0,-1
2020200947244,2020,200947244,1,9,0,10,10,5,3,9,9,1,0,0,0,0,1,1,2,2,1,40,7,1390,1,14,SKODA FABIA,5,E01009936,0,-1
2020040955165,2020,040955165,1,9,0,16,19,8,4,0,0,0,0,0,0,0,1,1,5,6,1,25,5,1896,2,20,SKODA FABIA,3,E01024892,0,-1
2020470982222,2020,470982222,1,9,0,18,19,4,8,0,0,0,0,0,0,0,1,1,6,6,3,50,8,999,1,3,SKODA FABIA,6,E01021193,0,-1
2020201022763,2020,201022763,2,9,0,18,19,5,8,0,0,6,0,0,0,0,1,1,6,6,3,-1,-1,1390,1,15,SKODA FABIA,-1,-1,0,-1
2020200941647,2020,200941647,1,9,0,18,19,-1,-1,0,0,8,0,0,0,0,3,1,6,6,3,-1,-1,1422,2,16,SKODA FABIA,-1,-1,0,-1
2020470962362,2020,470962362,2,9,0,4,4,6,2,0,0,1,0,0,0,0,2,1,5,6,2,54,8,1197,1,7,SKODA FABIA,10,E01021194,0,-1
2020010260142,2020,010260142,1,9,0,18,19,5,1,0,0,0,0,0,0,0,1,1,6,6,1,86,11,1390,1,19,SKODA FABIA,10,E01015890,0,-1
202063D073620,2020,63D073620,1,9,0,4,4,2,7,0,0,0,0,0,0,0,1,1,6,6,1,-1,-1,1896,2,16,SKODA FABIA,7,W01000442,0,-1
2020430223114,2020,430223114,2,9,0,7,7,1,3,0,0,8,0,0,0,0,2,1,6,6,1,71,10,999,1,1,SKODA FABIA,6,E01028550,0,-1
2020040948645,2020,040948645,2,9,0,18,19,1,5,0,0,1,0,0,0,0,1,1,5,6,2,28,6,1390,1,14,SKODA FABIA,3,E01012691,0,-1
20201373A1785,2020,1373A1785,2,9,0,18,19,1,3,0,0,8,0,0,0,0,1,1,2,2,2,48,8,1198,1,17,SKODA FABIA,10,E01027730,0,-1
20201373U1506,2020,1373U1506,1,9,0,18,19,1,5,0,0,1,5,0,0,0,1,1,1,1,2,25,5,1198,1,10,SKODA FABIA,8,E01032077,0,-1
2020370941372,2020,370941372,2,9,0,18,19,1,5,0,0,1,0,0,0,0,4,1,1,1,2,26,6,1198,1,15,SKODA FABIA,4,E01030022,0,-1
2020040917000,2020,040917000,1,9,0,12,12,7,3,0,0,1,0,0,0,0,3,1,5,6,2,83,11,1198,1,9,SKODA FABIA,1,E01024855,0,-1
20201376D1539,2020,1376D1539,1,9,0,18,19,3,7,0,0,0,0,0,0,0,3,1,6,6,1,31,6,1198,1,6,SKODA FABIA,6,E01027676,0,-1
2020302000774,2020,302000774,2,9,0,4,4,8,4,0,0,0,0,0,0,0,2,1,6,6,1,29,6,1422,2,5,SKODA FABIA,2,E01019441,0,-1
2020430321639,2020,430321639,2,9,0,18,19,2,6,0,0,0,0,0,0,0,2,1,6,6,2,28,6,1598,2,10,SKODA FABIA,10,E01022897,0,-1
2020070157192,2020,070157192,2,9,0,2,2,0,0,6,6,0,0,0,0,0,0,1,6,6,1,76,11,1197,1,3,SKODA FABIA,10,E01018468,0,-1
2020990937301,2020,990937301,2,9,0,13,13,8,4,0,0,1,1,0,0,0,1,1,5,6,2,51,8,1896,2,14,SKODA FABIA,7,-1,0,-1
2020430245612,2020,430245612,1,9,0,9,9,3,1,0,0,8,0,0,0,0,4,1,6,6,2,38,7,1422,2,4,SKODA FABIA,10,E01016522,0,-1
202031A105020,2020,31A105020,2,9,0,10,10,3,8,0,0,8,0,0,0,0,2,1,4,7,2,40,7,1390,1,15,SKODA FABIA,2,E01027967,0,-1
2020460919317,2020,460919317,2,9,0,18,19,8,4,0,0,0,0,0,1,0,1,1,2,2,1,79,11,1198,1,6,SKODA FABIA,6,E01024806,0,-1
2020370946744,2020,370946744,4,9,0,2,2,0,0,0,0,0,0,4,0,0,1,1,5,6,2,-1,-1,999,1,2,SKODA FABIA,4,E01030123,0,-1
2020100978669,2020,100978669,1,9,0,18,19,3,7,0,0,1,0,0,0,0,0,1,6,6,2,28,6,1198,1,10,SKODA FABIA,7,E01008320,0,-1
2020010252481,2020,010252481,1,9,0,18,19,5,1,0,0,1,0,0,0,0,1,1,6,6,1,72,10,1197,1,4,SKODA FABIA,-1,-1,0,-1
2020137CD1403,2020,137CD1403,3,9,0,2,2,0,0,0,0,2,0,0,0,0,2,1,6,6,3,-1,-1,1422,2,5,SKODA FABIA,-1,-1,0,-1
2020201015313,2020,201015313,1,9,0,18,19,1,5,0,0,8,0,0,0,0,1,1,6,6,1,26,6,1198,1,12,SKODA FABIA,1,E01009327,0,-1
2020400934133,2020,400934133,2,9,0,18,19,3,6,0,0,0,0,0,0,0,3,1,6,6,1,47,8,1598,2,9,SKODA FABIA,10,E01023610,0,-1
2020990935441,2020,990935441,2,9,0,18,19,5,1,0,0,0,0,0,1,0,3,1,5,6,1,65,9,1197,1,4,SKODA FABIA,8,-1,0,-1
2020137BO0779,2020,137BO0779,2,9,0,18,19,1,5,0,0,0,0,0,0,0,1,1,6,6,1,33,6,1198,1,12,SKODA FABIA,3,E01010867,0,-1
2020500988328,2020,500988328,1,9,0,18,19,7,3,0,0,1,0,0,0,0,1,1,6,6,2,19,4,1896,2,18,SKODA FABIA,4,E01018783,0,-1
2020040959052,2020,040959052,1,9,0,18,19,2,8,0,0,0,0,0,0,0,1,1,5,6,1,23,5,1896,2,17,SKODA FABIA,2,E01012692,0,-1
2020010279896,2020,010279896,1,9,0,99,99,9,9,99,99,9,9,99,9,99,2,9,6,6,1,37,7,1198,1,10,SKODA FABIA,10,E01023558,0,-1
2020100964013,2020,100964013,1,9,0,18,19,7,3,0,0,0,0,0,1,0,3,1,6,6,1,21,5,1198,1,9,SKODA FABIA,6,E01027368,0,-1
2020010280731,2020,010280731,2,9,0,99,99,9,9,99,99,9,9,99,9,99,1,9,6,6,3,-1,-1,1198,1,10,SKODA FABIA,-1,-1,0,-1
202006Q177754,2020,06Q177754,3,9,0,18,19,1,5,0,0,2,0,0,0,0,1,1,6,6,2,23,5,1198,1,12,SKODA FABIA,7,E01013428,0,-1
2020302001415,2020,302001415,1,9,0,18,19,6,2,0,0,0,0,0,0,0,1,1,6,6,1,-1,-1,1198,1,13,SKODA FABIA,9,E01019412,0,-1
2020230995544,2020,230995544,2,9,0,8,8,3,5,0,0,1,0,0,0,0,4,1,5,6,2,41,7,1198,1,8,SKODA FABIA,9,E01031329,0,-1
2020010247579,2020,010247579,2,9,0,2,2,0,0,0,0,0,0,4,0,0,2,1,6,6,3,-1,-1,999,1,4,SKODA FABIA,-1,-1,0,-1
2020450986464,2020,450986464,1,9,0,18,19,5,1,0,0,0,0,0,0,0,1,1,5,6,2,37,7,1390,1,19,SKODA FABIA,7,E01030515,0,-1
2020230997331,2020,230997331,1,9,0,16,19,1,4,0,0,8,1,0,7,9,1,1,5,6,2,42,7,1197,1,7,SKODA FABIA,9,E01031301,0,-1
2020451010017,2020,451010017,2,9,0,4,4,7,3,0,0,1,0,0,0,0,2,1,5,6,2,36,7,1598,1,11,SKODA FABIA,5,E01016950,0,-1
2020010274620,2020,010274620,1,9,0,4,4,4,8,0,0,1,0,0,0,0,1,1,6,6,1,37,7,1198,1,12,SKODA FABIA,4,E01002224,0,-1
2020470930151,2020,470930151,1,9,0,7,7,4,7,0,0,8,0,0,0,0,3,1,2,2,2,52,8,1198,1,15,SKODA FABIA,2,E01016945,0,-1
202054A382320,2020,54A382320,1,9,0,16,19,6,1,0,0,0,0,0,7,0,1,1,6,6,2,80,11,1598,2,8,SKODA FABIA,10,E01031855,0,-1
2020450920626,2020,450920626,1,9,0,4,4,1,5,0,0,0,0,0,0,0,2,1,5,6,2,46,8,1422,2,10,SKODA FABIA,6,E01030524,0,-1
2020351011578,2020,351011578,1,9,0,6,6,3,7,0,0,0,0,0,0,0,2,1,6,6,2,43,7,1198,1,7,SKODA FABIA,6,E01018186,0,-1
2020370938336,2020,370938336,1,9,0,5,5,5,1,0,0,2,0,0,0,0,3,1,5,6,1,19,4,1397,1,20,SKODA FABIA,2,E01029984,0,-1
2020470970857,2020,470970857,2,9,0,18,19,2,6,0,0,1,1,0,0,0,1,1,2,2,1,35,6,1896,2,16,SKODA FABIA,4,E01021060,0,-1
202063D035820,2020,63D035820,1,9,0,9,9,1,7,0,0,6,0,0,0,0,3,1,6,6,1,32,6,1198,1,12,SKODA FABIA,8,W01000476,0,-1
2020400984925,2020,400984925,2,9,0,18,19,2,6,0,0,2,0,0,0,0,2,1,6,6,2,81,11,1198,1,7,SKODA FABIA,9,E01017398,0,-1
2020360957870,2020,360957870,1,9,0,18,19,1,4,0,0,0,5,0,7,0,3,1,1,1,1,23,5,1896,2,16,SKODA FABIA,5,E01026523,0,-1
2020010275368,2020,010275368,1,9,0,18,19,7,3,0,0,1,0,0,0,0,1,1,3,7,2,34,6,1598,1,11,SKODA FABIA,2,E01001128,0,-1
2020140980131,2020,140980131,2,9,0,3,3,7,3,0,0,1,0,0,0,0,2,1,6,6,1,52,8,1390,1,19,SKODA FABIA,1,E01007372,0,-1