collision_index,collision_year,collision_ref_no,vehicle_reference,vehicle_type,towing_and_articulation,vehicle_manoeuvre_historic,vehicle_manoeuvre,vehicle_direction_from,vehicle_direction_to,vehicle_location_restricted_lane_historic,vehicle_location_restricted_lane,junction_location,skidding_and_overturning,hit_object_in_carriageway,vehicle_leaving_carriageway,hit_object_off_carriageway,first_point_of_impact,vehicle_left_hand_drive,journey_purpose_of_driver_historic,journey_purpose_of_driver,sex_of_driver,age_of_driver,age_band_of_driver,engine_capacity_cc,propulsion_code,age_of_vehicle,generic_make_model,driver_imd_decile,lsoa_of_driver,escooter_flag,driver_distance_banding
2020140939721,2020,140939721,2,9,0,4,4,6,2,0,0,1,0,0,0,0,2,1,5,6,2,80,11,1197,1,6,SKODA FABIA,6,E01007703,0,-1
2020522003044,2020,522003044,2,9,0,7,7,5,8,0,0,1,0,0,0,0,4,1,6,6,1,60,9,1422,2,11,SKODA FABIA,2,E01019542,0,-1
2020010239751,2020,010239751,1,9,0,9,9,3,2,0,0,5,0,0,0,0,3,1,2,2,2,58,9,1198,1,13,SKODA FABIA,-1,-1,0,-1
2020200931733,2020,200931733,1,9,0,9,9,1,8,0,0,6,0,0,0,0,0,1,6,6,2,24,5,1198,1,16,SKODA FABIA,5,E01009245,0,-1
2020470999268,2020,470999268,1,9,0,9,9,7,5,0,0,6,0,10,1,0,0,1,5,6,2,85,11,1390,1,19,SKODA FABIA,7,E01031396,0,-1
2020220982816,2020,220982816,1,9,0,18,19,4,8,0,0,0,0,0,0,0,1,1,5,6,1,34,6,1397,1,18,SKODA FABIA,5,E01028928,0,-1
2020302001483,2020,302001483,1,9,0,18,19,2,6,0,0,0,0,0,0,0,1,1,1,1,2,33,6,1199,2,6,SKODA FABIA,3,E01013454,0,-1
2020440216356,2020,440216356,1,9,0,18,19,8,4,0,0,0,5,0,1,9,4,1,6,6,1,19,4,1896,2,15,SKODA FABIA,6,E01023028,0,-1
2020140964801,2020,140964801,1,9,0,18,19,1,5,0,0,0,0,0,7,4,1,1,2,2,2,49,8,999,1,1,SKODA FABIA,8,E01019806,0,-1
2020500987313,2020,500987313,2,9,0,18,19,2,6,0,0,1,0,0,0,0,1,1,6,6,2,54,8,1598,2,10,SKODA FABIA,4,E01020131,0,-1
2020450965783,2020,450965783,1,9,0,18,19,1,5,0,0,0,0,0,0,0,1,1,2,2,1,28,6,1198,1,11,SKODA FABIA,3,E01030793,0,-1
2020522002049,2020,522002049,2,9,0,18,19,5,1,0,0,0,0,0,4,6,4,1,6,6,2,51,8,1422,2,13,SKODA FABIA,1,E01014799,0,-1
2020340N03732,2020,340N03732,1,9,0,18,19,4,8,0,0,0,0,0,0,0,1,1,6,6,2,45,7,1390,1,14,SKODA FABIA,8,E01027183,0,-1
2020052000821,2020,052000821,1,9,0,5,5,7,1,0,0,8,0,0,0,0,1,1,6,6,2,18,4,1390,1,19,SKODA FABIA,-1,-1,0,-1
2020122100012,2020,122100012,1,9,0,18,19,3,7,0,0,0,0,12,0,0,1,1,2,2,1,62,9,999,1,2,SKODA FABIA,9,E01012208,0,-1
2020440186209,2020,440186209,2,9,0,4,4,7,3,0,0,1,0,0,0,0,1,1,6,6,1,19,4,1896,2,14,SKODA FABIA,3,E01023205,0,-1
2020302000343,2020,302000343,2,9,0,16,19,4,8,0,0,0,0,0,1,10,1,1,6,6,1,60,9,1197,1,4,SKODA FABIA,9,E01019590,0,-1
2020520101212,2020,520101212,1,9,0,18,19,6,2,0,0,0,5,0,0,0,1,1,6,6,1,22,5,1896,2,18,SKODA FABIA,4,E01029232,0,-1
2020040939779,2020,040939779,1,9,0,5,5,7,3,0,0,1,0,0,0,0,1,1,1,1,1,70,10,999,1,2,SKODA FABIA,3,E01025388,0,-1
2020350978762,2020,350978762,1,9,0,17,19,1,5,0,0,0,1,0,7,0,2,1,6,6,1,27,6,1197,1,9,SKODA FABIA,-1,-1,0,-1
202006M170335,2020,06M170335,1,9,0,18,19,3,7,0,0,0,0,0,0,0,1,1,6,6,1,32,6,999,1,5,SKODA FABIA,10,E01006203,0,-1
2020440482948,2020,440482948,1,9,0,18,19,7,3,0,0,1,0,0,2,11,1,1,6,6,1,55,8,999,1,1,SKODA FABIA,5,E01017304,0,-1
2020552000140,2020,552000140,1,9,0,18,19,2,6,0,0,0,0,0,0,0,1,1,6,6,1,74,10,1198,1,8,SKODA FABIA,7,E01032024,0,-1
2020460985877,2020,460985877,1,9,0,5,5,6,2,0,0,0,0,0,0,0,1,1,6,6,2,25,5,1198,1,10,SKODA FABIA,5,E01024205,0,-1
2020440008731,2020,440008731,1,9,0,9,9,7,5,0,0,8,0,0,0,0,0,1,6,6,1,59,9,999,1,2,SKODA FABIA,5,E01023019,0,-1
2020137550415,2020,137550415,1,9,0,18,19,0,0,0,0,1,0,0,0,0,1,1,6,6,1,69,10,1896,2,15,SKODA FABIA,3,E01010725,0,-1
2020440281379,2020,440281379,2,9,0,9,9,8,6,0,0,8,0,0,0,0,3,1,6,6,2,22,5,1198,1,13,SKODA FABIA,9,E01017252,0,-1
2020440154987,2020,440154987,1,9,0,9,9,8,5,0,0,8,0,0,1,0,1,1,6,6,2,51,8,1197,1,4,SKODA FABIA,8,E01023171,0,-1
2020500965689,2020,500965689,2,9,0,13,13,1,5,0,0,8,0,0,0,0,1,1,5,6,2,54,8,1598,2,9,SKODA FABIA,7,E01019973,0,-1
2020040973910,2020,040973910,1,9,0,18,19,5,7,0,0,0,0,0,0,0,3,1,6,6,1,50,8,1896,2,13,SKODA FABIA,4,E01025034,0,-1
2020500984232,2020,500984232,2,9,0,18,19,1,5,0,0,8,0,0,0,0,2,1,5,6,2,40,7,1390,1,12,SKODA FABIA,8,E01015165,0,-1
2020137B70977,2020,137B70977,2,9,0,2,2,0,0,0,0,0,0,4,1,0,2,1,6,6,3,-1,-1,1198,1,14,SKODA FABIA,-1,-1,0,-1
2020990980242,2020,990980242,1,9,0,10,10,6,4,0,0,0,0,0,7,0,1,2,5,6,1,26,6,1397,1,20,SKODA FABIA,4,-1,0,-1
2020610020920,2020,610020920,1,9,0,18,19,2,7,0,0,0,2,11,0,4,4,1,6,6,1,19,4,1598,2,10,SKODA FABIA,3,W01001353,0,-1
2020140926475,2020,140926475,1,9,0,17,19,1,6,0,0,0,1,0,1,11,4,1,5,6,1,21,5,1198,1,13,SKODA FABIA,7,E01007834,0,-1
2020451008441,2020,451008441,2,9,0,18,19,7,3,0,0,1,0,0,0,0,1,1,5,6,1,70,10,1198,1,7,SKODA FABIA,10,E01030996,0,-1
2020990982056,2020,990982056,1,9,0,18,19,3,7,0,0,2,0,0,0,0,1,1,6,6,2,62,9,1422,2,4,SKODA FABIA,4,-1,0,-1
2020991007321,2020,991007321,1,9,0,18,19,6,2,0,0,0,0,0,0,0,1,1,5,6,1,18,4,999,1,3,SKODA FABIA,6,-1,0,-1
2020140923454,2020,140923454,1,9,0,16,19,7,2,0,0,2,0,10,7,11,1,1,5,6,1,23,5,1197,1,8,SKODA FABIA,6,E01007695,0,-1
2020302000909,2020,302000909,1,9,0,18,19,1,5,0,0,0,0,0,0,0,4,1,6,6,1,36,7,1598,2,8,SKODA FABIA,2,E01013571,0,-1
2020420995169,2020,420995169,1,9,0,18,19,1,5,0,0,0,0,0,7,0,1,1,5,6,1,73,10,999,1,2,SKODA FABIA,2,E01021697,0,-1
2020122000591,2020,122000591,2,9,0,18,19,5,1,0,0,0,0,4,0,0,2,1,1,1,2,59,9,1198,1,11,SKODA FABIA,6,E01027659,0,-1
2020200969959,2020,200969959,2,9,0,5,5,5,1,0,0,6,0,0,0,0,1,1,6,6,2,19,4,1198,1,15,SKODA FABIA,-1,-1,0,-1
2020010236555,2020,010236555,2,9,0,18,19,4,8,0,0,1,0,0,0,0,3,1,6,6,1,42,7,1390,1,11,SKODA FABIA,2,E01003137,0,-1
2020360988487,2020,360988487,2,9,0,3,3,8,4,0,0,0,0,0,0,0,2,1,5,6,2,84,11,1598,1,13,SKODA FABIA,2,E01026805,0,-1
202006A367428,2020,06A367428,1,9,0,7,7,5,7,0,0,6,0,0,0,0,1,1,2,2,2,44,7,1198,1,15,SKODA FABIA,5,E01005648,0,-1
2020221006291,2020,221006291,1,9,0,9,9,8,4,0,0,5,0,0,0,0,1,1,5,6,2,68,10,1197,1,9,SKODA FABIA,6,E01032417,0,-1
2020231008333,2020,231008333,1,9,0,18,19,6,2,0,0,0,1,0,0,0,1,1,5,6,2,81,11,1198,1,8,SKODA FABIA,8,E01031208,0,-1
2020220941625,2020,220941625,2,9,0,9,9,4,2,0,0,6,0,0,1,11,3,1,5,6,2,33,6,1198,1,10,SKODA FABIA,5,E01028980,0,-1
2020137940944,2020,137940944,2,9,0,18,19,1,5,0,0,8,2,0,0,0,4,1,6,6,2,63,9,1598,2,7,SKODA FABIA,8,E01010695,0,-1
2020470919719,2020,470919719,2,9,0,4,4,6,1,0,0,0,0,0,0,0,2,1,2,2,1,30,6,1598,2,7,SKODA FABIA,3,E01021050,0,-1
2020200974956,2020,200974956,1,9,0,1,1,2,6,0,0,0,0,10,1,11,2,1,6,6,2,83,11,1198,1,7,SKODA FABIA,6,E01010133,0,-1
2020200982073,2020,200982073,2,9,0,9,9,3,1,0,0,5,0,0,0,0,4,1,2,2,2,34,6,1198,1,12,SKODA FABIA,1,E01009477,0,-1
202031B048520,2020,31B048520,2,9,0,3,3,3,7,0,0,8,0,0,0,0,2,1,6,6,2,18,4,1198,1,16,SKODA FABIA,8,E01028060,0,-1
2020211005553,2020,211005553,1,9,0,9,9,1,7,0,0,8,0,0,0,0,2,1,6,6,1,21,5,1198,1,8,SKODA FABIA,9,E01029723,0,-1
2020500992977,2020,500992977,1,9,0,4,4,7,3,0,0,1,0,0,0,0,1,1,6,6,1,23,5,1198,1,13,SKODA FABIA,3,E01013969,0,-1
2020530993734,2020,530993734,2,9,0,18,19,8,4,0,0,8,0,0,0,0,3,1,2,2,1,23,5,1198,1,17,SKODA FABIA,-1,-1,0,-1
202031B020820,2020,31B020820,2,9,0,9,9,6,4,0,0,6,0,0,0,0,1,1,2,2,2,19,4,999,1,4,SKODA FABIA,1,E01028065,0,-1
2020122001313,2020,122001313,1,9,0,4,4,7,3,0,0,1,0,0,0,0,0,2,6,6,1,80,11,1197,1,6,SKODA FABIA,8,E01027859,0,-1
2020010265019,2020,010265019,2,9,0,9,9,5,2,0,0,1,0,0,0,0,1,1,6,6,1,22,5,1198,1,16,SKODA FABIA,5,E01002635,0,-1
2020440007424,2020,440007424,1,9,0,4,4,4,8,0,0,0,0,0,0,0,2,1,6,6,1,64,9,1598,2,8,SKODA FABIA,7,E01022823,0,-1
2020370986069,2020,370986069,2,9,0,3,3,8,2,0,0,1,0,0,0,0,4,1,5,6,1,48,8,999,1,3,SKODA FABIA,2,E01030031,0,-1
202063C023320,2020,63C023320,1,9,0,18,19,2,6,0,0,0,5,0,7,10,1,1,6,6,1,29,6,1896,2,16,SKODA FABIA,4,W01000589,0,-1
2020010238664,2020,010238664,1,9,0,10,10,7,4,0,0,0,0,0,0,0,3,1,2,2,2,48,8,1198,1,12,SKODA FABIA,-1,-1,0,-1
202006XG75087,2020,06XG75087,2,9,0,3,3,8,4,0,0,0,0,0,0,0,2,1,6,6,2,66,10,999,1,4,SKODA FABIA,10,E01018642,0,-1
2020010279723,2020,010279723,1,9,0,9,9,1,6,0,0,1,0,0,0,0,1,1,6,6,1,18,4,1198,1,11,SKODA FABIA,4,E01004531,0,-1
2020461001821,2020,461001821,2,9,0,4,4,8,4,0,0,0,0,0,0,0,2,1,1,1,1,57,9,1422,2,12,SKODA FABIA,7,E01024388,0,-1
2020010257918,2020,010257918,2,9,0,99,99,9,9,99,99,0,9,99,9,99,1,1,6,6,3,-1,-1,1198,1,12,SKODA FABIA,2,E01001320,0,-1
2020460958179,2020,460958179,2,9,0,5,5,1,5,0,0,1,0,0,0,0,3,1,5,6,2,47,8,1198,1,11,SKODA FABIA,7,E01024573,0,-1
2020110932916,2020,110932916,3,9,0,2,2,0,0,0,0,2,0,0,0,0,1,1,6,6,1,33,6,1422,2,13,SKODA FABIA,2,E01020751,0,-1
2020070602993,2020,070602993,2,9,0,7,7,5,7,0,0,1,0,0,0,0,1,1,6,6,1,77,11,999,1,1,SKODA FABIA,3,E01018464,0,-1
2020100920023,2020,100920023,1,9,0,18,19,8,3,0,0,0,0,0,0,0,1,1,6,6,2,35,6,1422,2,4,SKODA FABIA,4,E01008676,0,-1
2020400930943,2020,400930943,2,9,0,17,19,7,3,0,0,8,0,0,1,1,1,1,6,6,2,40,7,1896,2,15,SKODA FABIA,3,E01017978,0,-1
2020991005142,2020,991005142,1,9,0,18,19,1,1,0,0,0,0,10,0,0,3,1,1,1,1,55,8,1422,2,12,SKODA FABIA,3,-1,0,-1
2020070340478,2020,070340478,1,9,0,18,19,8,4,0,0,0,0,0,0,0,1,1,2,2,1,23,5,1422,2,14,SKODA FABIA,6,W01000047,0,-1
2020210985428,2020,210985428,2,9,0,1,1,7,3,0,0,8,0,0,0,0,2,1,6,6,1,73,10,999,1,1,SKODA FABIA,2,E01014355,0,-1
2020370937630,2020,370937630,2,9,0,2,2,0,0,0,0,0,0,0,0,0,2,1,3,7,2,37,7,1896,2,18,SKODA FABIA,6,E01033452,0,-1
2020101009189,2020,101009189,1,9,0,9,9,7,5,0,0,3,0,0,0,0,1,1,5,6,2,45,7,999,1,0,SKODA FABIA,8,E01008538,0,-1
2020110936311,2020,110936311,1,9,0,18,19,1,5,0,0,1,0,0,0,0,1,1,5,6,1,79,11,1896,2,13,SKODA FABIA,5,E01012310,0,-1
2020522003954,2020,522003954,2,9,0,18,19,1,5,0,0,4,0,0,0,0,1,1,6,6,1,81,11,1598,2,10,SKODA FABIA,7,E01014947,0,-1
2020302000252,2020,302000252,1,9,0,18,19,4,6,0,0,0,0,4,0,0,1,1,6,6,1,26,6,1198,1,16,SKODA FABIA,3,E01033387,0,-1
2020430348014,2020,430348014,2,9,0,18,19,5,1,0,0,0,0,0,0,0,1,1,6,6,1,57,9,1197,1,6,SKODA FABIA,7,E01031198,0,-1
2020460975636,2020,460975636,1,9,0,18,19,1,5,0,0,0,0,7,1,6,3,1,2,2,2,65,9,1598,2,8,SKODA FABIA,10,E01021132,0,-1
2020420927673,2020,420927673,2,9,0,5,5,3,4,0,0,0,0,0,0,0,1,1,6,6,2,49,8,1197,1,3,SKODA FABIA,-1,-1,0,-1
2020170S11780,2020,170S11780,2,9,0,13,13,5,1,0,0,1,0,0,0,0,4,1,6,6,1,27,6,1598,2,9,SKODA FABIA,-1,-1,0,-1
202031B104720,2020,31B104720,1,9,0,18,19,5,1,0,0,0,0,0,0,0,1,1,6,6,2,27,6,1198,1,6,SKODA FABIA,9,E01007752,0,-1
2020610040920,2020,610040920,4,9,0,18,19,5,1,0,0,1,0,0,0,0,2,1,6,6,1,43,7,1896,2,16,SKODA FABIA,2,W01001341,0,-1
2020340E00872,2020,340E00872,1,9,0,18,19,5,1,0,0,1,0,0,0,0,1,1,2,2,1,38,7,1422,2,13,SKODA FABIA,8,E01026347,0,-1
2020302000936,2020,302000936,2,9,0,9,9,5,3,0,0,1,0,0,0,0,1,1,6,6,1,37,7,999,1,0,SKODA FABIA,6,E01022117,0,-1
2020460996158,2020,460996158,1,9,0,4,4,4,8,0,0,0,0,4,0,0,1,1,6,6,2,76,11,1197,1,5,SKODA FABIA,1,E01024671,0,-1
2020360955044,2020,360955044,1,9,0,4,4,-1,-1,0,0,0,0,0,0,0,2,1,1,1,2,53,8,1896,2,15,SKODA FABIA,5,E01026760,0,-1
2020430343370,2020,430343370,2,9,0,3,3,2,6,0,0,1,0,0,0,0,2,1,6,6,1,46,8,1198,1,15,SKODA FABIA,-1,-1,0,-1
2020500939666,2020,500939666,2,9,0,9,9,7,1,0,0,1,0,0,0,0,4,1,2,2,2,27,6,1198,1,6,SKODA FABIA,10,E01020062,0,-1
2020622001010,2020,622001010,1,9,0,18,19,8,4,0,0,0,0,0,0,0,1,1,6,6,1,19,4,1896,2,15,SKODA FABIA,5,W01001291,0,-1
2020010249654,2020,010249654,2,9,0,9,9,3,1,0,0,1,0,10,3,11,4,1,6,6,2,29,6,1198,1,13,SKODA FABIA,5,E01002490,0,-1
2020010260263,2020,010260263,1,9,0,9,9,5,2,0,0,8,0,0,0,0,4,1,6,6,1,54,8,999,1,5,SKODA FABIA,2,E01000935,0,-1
2020040975528,2020,040975528,1,9,0,11,11,7,3,0,0,0,1,0,1,0,1,1,2,2,1,22,5,1896,2,15,SKODA FABIA,5,E01024954,0,-1
20201374U1783,2020,1374U1783,1,9,0,9,9,3,1,0,0,8,0,0,0,0,1,2,2,2,2,30,6,1198,1,7,SKODA FABIA,6,E01011490,0,-1
2020371000848,2020,371000848,1,9,0,18,19,1,4,0,0,0,0,0,0,0,3,1,1,1,1,66,10,1198,1,7,SKODA FABIA,9,E01000395,0,-1
2020470949688,2020,470949688,1,9,0,18,19,6,2,0,0,0,0,0,0,0,1,1,1,1,1,58,9,1422,2,12,SKODA FABIA,4,E01031610,0,-1
2020470999699,2020,470999699,2,9,0,3,3,4,8,0,0,1,0,0,0,0,2,1,2,2,1,25,5,1598,2,8,SKODA FABIA,5,E01031750,0,-1
2020010236799,2020,010236799,1,9,0,9,9,5,2,0,0,8,0,0,0,0,1,1,2,2,2,34,6,1198,1,12,SKODA FABIA,4,E01004565,0,-1
2020411011138,2020,411011138,8,9,0,18,19,8,4,0,0,0,0,0,0,0,2,1,6,6,2,54,8,1198,1,12,SKODA FABIA,6,E01023386,0,-1
2020137AB1195,2020,137AB1195,1,9,0,18,19,5,1,0,0,0,0,0,0,1,1,1,6,6,2,90,11,1198,1,7,SKODA FABIA,8,E01013546,0,-1
202031B022520,2020,31B022520,2,9,0,4,4,5,1,0,0,0,0,0,0,0,2,1,6,6,2,55,8,1390,1,11,SKODA FABIA,3,E01026174,0,-1
2020470987576,2020,470987576,2,9,0,18,19,1,5,0,0,0,0,0,0,0,1,1,2,2,2,52,8,1422,2,12,SKODA FABIA,10,E01031487,0,-1
2020140929626,2020,140929626,2,9,0,7,7,4,6,0,0,6,0,0,0,0,3,1,6,6,2,-1,-1,1198,1,10,SKODA FABIA,-1,-1,0,-1
2020070667407,2020,070667407,2,9,0,3,3,2,6,0,0,1,0,0,0,0,2,1,6,6,2,57,9,999,1,0,SKODA FABIA,1,E01012403,0,-1
202031A048420,2020,31A048420,2,9,0,18,19,3,7,0,0,0,0,0,0,0,1,1,6,6,2,50,8,1598,2,8,SKODA FABIA,2,E01027958,0,-1
2020460979139,2020,460979139,2,9,0,18,19,5,1,0,0,0,0,0,0,0,3,1,6,6,2,20,4,1198,1,10,SKODA FABIA,8,E01024043,0,-1
20201372K0135,2020,1372K0135,1,9,0,18,19,7,3,0,0,0,5,0,0,0,1,1,6,6,1,34,6,1422,2,13,SKODA FABIA,2,E01011421,0,-1
2020470957456,2020,470957456,1,9,0,4,4,1,5,0,0,8,0,0,0,0,2,1,1,1,1,45,7,1598,2,8,SKODA FABIA,4,E01031550,0,-1
2020302001469,2020,302001469,2,9,0,9,9,4,2,0,0,6,0,0,0,0,2,1,2,2,2,37,7,1197,1,5,SKODA FABIA,2,E01019543,0,-1
2020140979435,2020,140979435,1,9,0,10,10,7,4,0,0,1,0,0,0,0,3,1,2,2,1,51,8,1422,2,5,SKODA FABIA,1,E01008122,0,-1
2020470991802,2020,470991802,2,9,0,18,19,8,4,0,0,1,0,0,0,0,1,1,5,6,1,45,7,999,1,1,SKODA FABIA,7,E01021212,0,-1
202006P270051,2020,06P270051,1,9,0,17,19,4,1,9,9,8,2,0,2,0,1,1,6,6,3,30,6,1390,1,17,SKODA FABIA,-1,-1,0,-1
202031A056120,2020,31A056120,1,9,0,9,9,6,5,0,0,5,0,0,0,0,1,1,1,1,2,27,6,999,1,3,SKODA FABIA,2,E01027987,0,-1
2020430016687,2020,430016687,1,9,0,9,9,2,8,0,0,6,0,0,0,0,1,1,6,6,2,55,8,1197,1,9,SKODA FABIA,7,E01028560,0,-1
2020370923686,2020,370923686,2,9,0,17,19,4,2,0,0,0,0,0,0,0,3,1,5,6,2,28,6,1390,1,13,SKODA FABIA,6,E01021430,0,-1
2020110950393,2020,110950393,1,9,0,18,19,5,1,0,0,2,0,0,0,0,1,1,6,6,1,30,6,1197,1,4,SKODA FABIA,-1,-1,0,-1
2020010264086,2020,010264086,1,9,0,7,7,5,8,9,9,1,0,0,0,0,4,1,6,6,2,57,9,1198,1,10,SKODA FABIA,7,E01000296,0,-1
2020501005097,2020,501005097,1,9,0,18,19,5,1,0,0,0,0,0,0,0,4,1,2,2,1,27,6,1197,1,6,SKODA FABIA,5,E01029287,0,-1
2020210987392,2020,210987392,1,9,-1,-1,-1,2,6,-1,-1,0,-1,-1,-1,0,-1,1,6,6,1,28,6,1390,1,9,SKODA FABIA,2,E01009403,0,-1
2020522002027,2020,522002027,3,9,0,9,9,2,8,0,0,8,0,0,0,0,0,1,6,6,2,74,10,1198,1,6,SKODA FABIA,10,E01014777,0,-1
2020460972098,2020,460972098,1,9,0,9,9,3,5,0,0,1,0,0,7,0,1,1,5,6,1,62,9,1197,1,3,SKODA FABIA,5,E01024537,0,-1
2020122000603,2020,122000603,1,9,0,5,5,4,7,0,0,8,0,0,0,0,3,1,6,6,2,72,10,999,1,1,SKODA FABIA,8,E01027593,0,-1
2020010243948,2020,010243948,2,9,0,9,9,7,5,0,0,6,0,0,0,0,3,1,6,6,2,19,4,1198,1,13,SKODA FABIA,9,E01003458,0,-1
2020010274467,2020,010274467,1,9,0,99,99,9,9,99,99,9,9,99,9,99,9,9,6,6,2,50,8,1198,1,16,SKODA FABIA,3,E01000163,0,-1
202031A165520,2020,31A165520,1,9,0,9,9,7,5,0,0,1,0,0,0,0,1,1,6,6,1,18,4,1896,2,14,SKODA FABIA,3,E01027927,0,-1
2020460987481,2020,460987481,2,9,0,5,5,3,7,0,0,1,0,0,0,0,1,1,2,2,2,45,7,1197,1,4,SKODA FABIA,4,E01024296,0,-1
2020530975165,2020,530975165,1,9,0,9,9,3,7,0,0,0,0,0,0,0,4,1,5,6,2,32,6,1198,1,13,SKODA FABIA,1,E01022333,0,-1
20201375U2474,2020,1375U2474,1,9,0,18,19,2,6,0,0,1,0,10,7,11,1,1,6,6,1,28,6,1896,2,13,SKODA FABIA,2,E01011237,0,-1
2020500960774,2020,500960774,3,9,0,18,19,3,7,0,0,1,0,0,0,0,1,1,6,6,2,57,9,1198,1,14,SKODA FABIA,10,E01020210,0,-1
2020350925076,2020,350925076,1,9,0,3,3,1,5,0,0,1,0,0,0,0,2,1,5,6,2,27,6,1197,1,5,SKODA FABIA,4,E01018100,0,-1
2020401001076,2020,401001076,2,9,0,5,5,7,3,0,0,3,0,0,0,0,4,1,5,6,2,57,9,1896,2,18,SKODA FABIA,6,E01017386,0,-1
2020470995413,2020,470995413,1,9,0,4,4,6,2,0,0,0,0,0,0,0,1,1,6,6,1,82,11,1198,1,6,SKODA FABIA,7,E01003848,0,-1
2020052001077,2020,052001077,2,9,0,5,5,3,7,0,0,8,0,0,0,0,2,1,6,6,1,40,7,999,1,1,SKODA FABIA,7,E01007084,0,-1
2020230959308,2020,230959308,1,9,0,18,19,1,5,0,0,0,0,0,7,11,1,1,5,6,1,35,6,1198,1,17,SKODA FABIA,-1,-1,0,-1
2020201011086,2020,201011086,1,9,0,18,19,7,3,0,0,4,0,0,0,0,1,1,6,6,1,47,8,1199,2,9,SKODA FABIA,-1,-1,0,-1
2020340E00152,2020,340E00152,2,9,0,5,5,5,1,0,0,6,0,0,0,0,2,1,6,6,2,48,8,1198,1,14,SKODA FABIA,4,E01027056,0,-1
2020350976961,2020,350976961,2,9,0,18,19,8,4,0,0,0,0,0,0,0,1,1,5,6,1,67,10,1197,1,4,SKODA FABIA,4,E01026661,0,-1
2020137381284,2020,137381284,1,9,0,2,2,7,3,0,0,0,0,0,0,0,2,1,6,6,1,-1,-1,1198,1,13,SKODA FABIA,-1,-1,0,-1
2020430325308,2020,430325308,1,9,0,18,19,8,4,0,0,0,1,0,0,0,4,1,6,6,2,26,6,1198,1,11,SKODA FABIA,6,E01017810,0,-1
2020990994838,2020,990994838,2,9,0,2,2,0,0,0,0,0,0,0,0,0,1,1,5,6,2,76,11,999,1,2,SKODA FABIA,10,-1,0,-1
2020161004346,2020,161004346,1,9,0,18,19,8,4,0,0,0,0,4,0,0,1,1,5,6,1,77,11,1390,1,11,SKODA FABIA,6,E01012959,0,-1
2020990983968,2020,990983968,4,9,0,18,19,3,7,0,0,0,0,0,0,0,1,1,2,2,2,47,8,1197,1,5,SKODA FABIA,8,-1,0,-1
2020010250824,2020,010250824,1,9,0,9,9,7,6,0,0,1,0,0,0,0,4,1,2,2,1,34,6,999,1,2,SKODA FABIA,6,E01003261,0,-1
2020990921648,2020,990921648,1,9,0,18,19,2,6,0,0,0,0,0,1,10,1,1,5,6,2,23,5,1198,1,15,SKODA FABIA,2,-1,0,-1
2020010263907,2020,010263907,2,9,0,99,99,9,9,99,99,9,9,99,9,99,9,9,6,6,2,37,7,999,1,1,SKODA FABIA,4,E01024042,0,-1
2020530979854,2020,530979854,1,9,0,4,4,3,7,0,0,0,0,0,0,0,1,1,6,6,1,53,8,1598,1,13,SKODA FABIA,6,E01016224,0,-1
2020010264472,2020,010264472,2,9,0,2,2,0,0,9,9,0,0,0,0,0,2,1,6,6,3,-1,-1,1198,1,6,SKODA FABIA,-1,-1,0,-1
2020070324771,2020,070324771,2,9,0,10,10,0,0,0,0,1,0,0,0,0,2,1,6,6,1,32,6,1197,1,5,SKODA FABIA,5,E01012468,0,-1
2020530981561,2020,530981561,1,9,0,4,4,3,7,0,0,2,0,0,0,0,1,1,5,6,2,32,6,1198,1,13,SKODA FABIA,1,E01022333,0,-1
202031D095620,2020,31D095620,2,9,0,11,11,4,1,0,0,3,0,0,0,0,1,1,6,6,2,-1,-1,1422,2,12,SKODA FABIA,4,E01015614,0,-1
2020460927182,2020,460927182,1,9,0,7,7,8,4,0,0,8,0,0,7,0,1,1,5,6,2,77,11,1198,1,17,SKODA FABIA,5,E01024134,0,-1
2020440254993,2020,440254993,2,9,0,1,1,3,7,0,0,0,0,0,0,0,2,1,6,6,1,-1,-1,999,1,2,SKODA FABIA,-1,-1,0,-1
2020320307725,2020,320307725,1,9,0,18,19,3,7,0,0,0,0,0,0,0,4,1,6,6,1,63,9,1197,1,3,SKODA FABIA,9,E01026371,0,-1
2020450920811,2020,450920811,1,9,0,16,19,3,7,0,0,0,1,11,0,0,1,1,5,6,1,29,6,1390,1,14,SKODA FABIA,8,E01030867,0,-1
2020430938968,2020,430938968,2,9,0,18,19,3,7,0,0,1,1,0,0,0,1,1,6,6,1,76,11,1896,2,18,SKODA FABIA,6,E01018304,0,-1
2020010251825,2020,010251825,1,9,0,4,4,6,2,0,0,0,0,0,0,0,2,1,6,6,2,44,7,1390,1,14,SKODA FABIA,7,E01002372,0,-1
2020360969972,2020,360969972,1,9,0,18,19,3,7,0,0,2,0,0,0,0,1,1,5,6,1,-1,-1,999,1,2,SKODA FABIA,6,E01026545,0,-1
2020200990607,2020,200990607,1,9,0,18,19,2,6,0,0,0,0,10,1,4,1,1,6,6,1,21,5,1896,2,16,SKODA FABIA,2,E01009725,0,-1