collision_index,collision_year,collision_ref_no,vehicle_reference,vehicle_type,towing_and_articulation,vehicle_manoeuvre_historic,vehicle_manoeuvre,vehicle_direction_from,vehicle_direction_to,vehicle_location_restricted_lane_historic,vehicle_location_restricted_lane,junction_location,skidding_and_overturning,hit_object_in_carriageway,vehicle_leaving_carriageway,hit_object_off_carriageway,first_point_of_impact,vehicle_left_hand_drive,journey_purpose_of_driver_historic,journey_purpose_of_driver,sex_of_driver,age_of_driver,age_band_of_driver,engine_capacity_cc,propulsion_code,age_of_vehicle,generic_make_model,driver_imd_decile,lsoa_of_driver,escooter_flag,driver_distance_banding
2020200998256,2020,200998256,2,9,0,18,19,2,6,0,0,0,0,0,0,0,3,1,6,6,1,40,7,3246,1,15,BMW M3,2,E01029351,0,-1
202006XM67611,2020,06XM67611,2,9,0,18,19,8,4,0,0,3,0,7,0,7,4,1,6,6,1,38,7,3999,1,7,BMW M3,8,E01006210,0,-1
2020200923568,2020,200923568,2,9,4,18,19,3,7,0,0,1,0,0,0,0,1,1,6,6,1,25,5,3246,1,18,BMW M3,2,E01009747,0,-1
2020351006978,2020,351006978,1,9,0,11,11,5,1,2,2,5,0,0,0,0,2,1,5,6,1,38,7,3999,1,10,BMW M3,8,E01033119,0,-1
2020470953070,2020,470953070,3,9,0,18,19,7,3,0,0,8,0,0,0,0,0,1,5,6,1,34,6,2979,1,4,BMW M3,7,E01021018,0,-1
2020430176866,2020,430176866,1,9,0,18,19,4,8,0,0,0,1,0,5,6,1,1,6,6,1,34,6,3246,1,15,BMW M3,10,E01028599,0,-1
2020010228207,2020,010228207,2,9,9,1,1,1,5,0,0,9,9,0,0,0,2,9,6,6,3,-1,-1,2979,1,2,BMW M3,-1,-1,0,-1
2020543040520,2020,543040520,1,9,0,1,1,1,7,0,0,3,0,0,0,6,4,1,1,1,1,27,6,3246,1,17,BMW M3,7,E01015493,0,-1
2020140947864,2020,140947864,2,9,0,10,10,6,2,0,0,8,0,0,0,0,2,1,5,6,1,46,8,3246,1,18,BMW M3,1,E01008118,0,-1
2020430062494,2020,430062494,1,9,0,11,11,3,7,0,0,0,0,0,0,0,1,1,6,6,1,29,6,3246,1,16,BMW M3,2,E01003580,0,-1
2020622000328,2020,622000328,1,9,0,18,19,4,8,0,0,0,1,0,1,11,4,1,2,2,1,46,8,3246,1,18,BMW M3,10,W01001224,0,-1
2020421008593,2020,421008593,1,9,0,18,19,5,1,0,0,0,1,0,0,0,1,1,6,6,1,20,4,2979,1,5,BMW M3,7,E01021463,0,-1
2020052000821,2020,052000821,2,9,0,18,19,7,3,0,0,8,0,0,0,0,1,1,6,6,1,37,7,2979,1,3,BMW M3,1,E01006720,0,-1
2020350930650,2020,350930650,1,9,0,17,19,8,4,0,0,0,0,0,6,1,1,1,5,6,1,29,6,2979,1,2,BMW M3,-1,-1,0,-1
2020470988843,2020,470988843,1,9,0,17,19,5,3,0,0,0,1,0,7,11,1,1,5,6,1,36,7,3999,1,13,BMW M3,9,E01031753,0,-1
2020320415773,2020,320415773,2,9,0,18,19,3,7,0,0,8,0,0,0,1,4,1,6,6,1,23,5,3999,1,8,BMW M3,6,E01026642,0,-1
2020010261559,2020,010261559,2,9,0,18,19,5,1,0,0,0,0,0,0,0,0,1,6,6,3,-1,-1,2979,1,6,BMW M3,-1,-1,0,-1
2020450945494,2020,450945494,4,9,0,18,19,6,8,0,0,3,0,0,0,0,0,1,5,6,1,28,6,3999,1,7,BMW M3,7,E01030851,0,-1
2020990937987,2020,990937987,2,9,0,9,9,1,6,0,0,3,0,0,0,0,4,1,2,2,1,55,8,2998,1,1,BMW M3,-1,-1,0,-1
2020010250715,2020,010250715,2,9,9,99,99,9,9,99,99,9,9,99,9,99,9,9,-1,-1,3,-1,-1,3246,1,17,BMW M3,-1,-1,0,-1
2020010239097,2020,010239097,1,9,0,4,4,3,7,0,0,8,0,0,0,0,1,1,2,2,1,29,6,3999,1,7,BMW M3,4,E01004468,0,-1
2020010283377,2020,010283377,1,9,0,18,19,1,5,0,0,8,0,0,0,0,1,1,6,6,1,26,6,2979,1,5,BMW M3,5,E01003173,0,-1
202031B180020,2020,31B180020,1,9,0,18,19,1,5,0,0,1,2,0,2,11,4,1,6,6,1,28,6,2979,1,5,BMW M3,-1,-1,0,-1
2020522100946,2020,522100946,1,9,0,3,3,5,1,0,0,1,0,0,0,0,4,1,6,6,1,38,7,2998,1,0,BMW M3,1,E01014653,0,-1
2020460995813,2020,460995813,1,9,0,9,9,1,6,0,0,0,1,0,1,0,3,1,5,6,1,23,5,2979,1,4,BMW M3,6,E01024530,0,-1
2020230961407,2020,230961407,1,9,0,18,19,3,6,0,0,8,0,0,0,0,1,1,5,6,2,33,6,3999,1,7,BMW M3,6,E01031211,0,-1
2020430343911,2020,430343911,2,9,0,18,19,4,8,0,0,8,0,0,0,0,1,1,6,6,1,28,6,3999,1,8,BMW M3,10,E01017757,0,-1
2020010261963,2020,010261963,1,9,0,5,5,3,7,0,0,8,0,0,0,0,1,1,6,6,1,40,7,3999,1,11,BMW M3,7,E01000675,0,-1
202006A268260,2020,06A268260,1,9,0,18,19,1,5,0,0,8,0,0,0,0,1,1,2,2,1,23,5,2979,1,5,BMW M3,1,E01032921,0,-1
202006E177191,2020,06E177191,1,9,0,9,9,3,1,0,0,2,0,0,0,0,1,1,6,6,1,30,6,2979,1,4,BMW M3,-1,-1,0,-1
2020170M11490,2020,170M11490,1,9,0,9,9,8,6,0,0,8,0,0,0,0,1,1,6,6,1,22,5,2979,1,5,BMW M3,5,E01012054,0,-1
2020010237517,2020,010237517,1,9,0,99,99,9,9,99,99,9,9,99,9,99,9,9,2,2,2,31,6,4100,1,9,BMW M3,7,E01021792,0,-1
2020230924086,2020,230924086,1,9,0,18,19,8,4,0,0,0,1,0,7,1,1,1,5,6,1,26,6,2979,1,2,BMW M3,7,E01031213,0,-1
2020137171143,2020,137171143,4,9,0,3,3,1,5,0,0,0,0,0,0,0,2,1,6,6,1,33,6,2979,1,2,BMW M3,8,E01010972,0,-1
2020010265353,2020,010265353,1,9,0,4,4,3,7,0,0,1,0,0,0,0,1,1,6,6,1,33,6,3999,1,12,BMW M3,4,E01002016,0,-1
2020450935156,2020,450935156,1,9,0,16,19,2,6,0,0,0,1,0,1,4,1,1,2,2,1,53,8,3999,1,12,BMW M3,10,E01030774,0,-1
2020010259624,2020,010259624,1,9,0,18,19,1,5,0,0,2,1,4,7,11,1,1,6,6,2,43,7,2979,1,4,BMW M3,2,E01004269,0,-1
2020361030921,2020,361030921,1,9,0,18,19,5,1,7,6,0,1,4,1,9,4,1,5,6,1,59,9,3999,1,10,BMW M3,4,E01026618,0,-1
2020010258085,2020,010258085,1,9,0,18,19,7,3,0,0,1,0,0,0,0,1,1,2,2,1,76,11,3246,1,15,BMW M3,7,E01003039,0,-1
2020470959684,2020,470959684,1,9,0,14,14,3,7,0,0,1,0,4,0,0,1,1,5,6,1,43,7,3246,1,16,BMW M3,10,E01031619,0,-1
2020440002206,2020,440002206,1,9,0,4,4,4,8,0,0,0,0,0,0,0,2,1,2,2,2,30,6,2979,1,6,BMW M3,8,E01023049,0,-1
2020500951745,2020,500951745,2,9,0,15,15,7,3,0,0,0,0,0,1,0,3,1,5,6,1,53,8,3246,1,17,BMW M3,2,E01015157,0,-1
2020160940655,2020,160940655,1,9,0,18,19,2,6,0,0,0,2,4,0,0,1,1,2,2,2,30,6,2979,1,6,BMW M3,7,E01033106,0,-1
2020430015488,2020,430015488,2,9,0,4,4,6,4,0,0,1,0,0,0,0,2,1,6,6,1,19,4,3246,1,17,BMW M3,7,E01028638,0,-1
2020201032029,2020,201032029,2,9,0,5,5,3,7,0,0,8,0,0,0,0,3,1,6,6,1,55,8,2979,1,3,BMW M3,7,E01029642,0,-1
202006N168211,2020,06N168211,1,9,0,18,19,5,1,0,0,8,0,0,0,0,1,1,6,6,1,30,6,3246,1,16,BMW M3,4,E01004978,0,-1
2020010278161,2020,010278161,1,9,0,11,11,7,3,0,0,1,0,0,0,0,4,1,6,6,1,37,7,3999,1,7,BMW M3,7,E01002427,0,-1
2020500971735,2020,500971735,2,9,0,2,2,1,5,0,0,0,0,0,0,0,3,1,6,6,2,28,6,1991,2,10,CHEVROLET CAPTIVA,1,E01015260,0,-1
2020010241110,2020,010241110,3,9,0,18,19,3,7,0,0,8,0,0,0,0,1,1,6,6,1,43,7,1991,2,10,CHEVROLET CAPTIVA,2,E01002604,0,-1
2020230947412,2020,230947412,1,9,0,4,4,3,7,0,0,4,0,0,0,0,3,2,5,6,2,42,7,1991,2,10,CHEVROLET CAPTIVA,10,E01031157,0,-1
2020350977765,2020,350977765,2,9,0,5,5,8,6,0,0,2,0,0,0,0,3,1,6,6,2,40,7,1991,2,9,CHEVROLET CAPTIVA,3,E01015619,0,-1
2020010228623,2020,010228623,1,9,0,9,9,1,7,0,0,8,0,0,0,0,4,1,6,6,1,48,8,1991,2,11,CHEVROLET CAPTIVA,6,E01002982,0,-1
2020161011022,2020,161011022,1,9,0,18,19,6,2,0,0,0,0,0,0,0,1,1,2,2,1,49,8,1991,2,9,CHEVROLET CAPTIVA,1,E01012842,0,-1
202006E171593,2020,06E171593,1,9,0,2,2,0,0,0,0,0,0,0,0,0,2,1,1,1,1,36,7,2231,2,8,CHEVROLET CAPTIVA,4,E01005214,0,-1
2020470958407,2020,470958407,1,9,0,7,7,4,6,0,0,8,0,0,0,0,1,1,5,6,1,36,7,2231,2,8,CHEVROLET CAPTIVA,7,E01031357,0,-1
2020201018804,2020,201018804,2,9,0,2,2,0,0,0,0,0,0,0,0,0,3,1,5,6,1,33,6,2231,2,7,CHEVROLET CAPTIVA,-1,-1,0,-1
2020010237497,2020,010237497,1,9,0,99,99,9,9,99,99,9,9,99,9,99,1,9,6,6,1,-1,-1,2405,1,11,CHEVROLET CAPTIVA,6,E01003954,0,-1
2020360949522,2020,360949522,1,9,0,7,7,3,5,0,0,0,0,0,0,0,1,1,5,6,1,40,7,1991,2,10,CHEVROLET CAPTIVA,4,E01018046,0,-1
202006M173421,2020,06M173421,1,9,0,18,19,6,2,0,0,0,0,0,0,0,1,1,6,6,3,-1,-1,1991,2,10,CHEVROLET CAPTIVA,-1,-1,0,-1
2020220944828,2020,220944828,2,9,0,18,19,6,2,0,0,0,1,0,0,0,1,1,5,6,2,25,5,1991,2,10,CHEVROLET CAPTIVA,9,E01027265,0,-1
2020350929293,2020,350929293,1,9,0,4,4,1,5,0,0,0,0,0,0,0,1,1,6,6,1,74,10,1991,2,13,CHEVROLET CAPTIVA,3,E01026271,0,-1
2020220995177,2020,220995177,1,9,0,18,19,2,6,0,0,1,0,0,0,0,4,1,5,6,1,34,6,1991,2,10,CHEVROLET CAPTIVA,4,E01028968,0,-1
2020552000295,2020,552000295,1,9,0,18,19,8,4,0,0,0,0,0,0,0,1,1,6,6,2,35,6,2231,2,8,CHEVROLET CAPTIVA,10,E01020380,0,-1
202031C166920,2020,31C166920,1,9,0,1,1,1,5,0,0,2,0,0,0,0,2,1,6,6,1,61,9,1991,2,12,CHEVROLET CAPTIVA,2,E01013852,0,-1
2020010263900,2020,010263900,2,9,0,99,99,9,9,99,99,0,9,99,9,99,2,9,6,6,2,48,8,1991,2,10,CHEVROLET CAPTIVA,8,E01000412,0,-1
2020320458906,2020,320458906,1,9,0,5,5,3,5,0,0,8,0,0,0,0,3,1,6,6,1,24,5,1991,2,12,CHEVROLET CAPTIVA,4,E01026105,0,-1
2020010257634,2020,010257634,1,9,0,18,19,7,3,0,0,8,0,4,7,10,1,1,2,2,1,41,7,2231,2,9,CHEVROLET CAPTIVA,1,E01001145,0,-1
2020990925729,2020,990925729,1,9,0,17,19,2,6,0,0,0,0,0,1,10,1,1,5,6,1,36,7,1991,2,9,CHEVROLET CAPTIVA,1,-1,0,-1
2020010279694,2020,010279694,2,9,0,99,99,9,9,99,99,9,9,99,9,99,1,9,6,6,3,-1,-1,1991,2,12,CHEVROLET CAPTIVA,3,E01001501,0,-1
2020010237340,2020,010237340,1,9,0,9,9,5,4,0,0,1,0,0,0,0,1,2,6,6,1,40,7,1991,2,11,CHEVROLET CAPTIVA,2,E01001115,0,-1
2020622000919,2020,622000919,1,9,0,9,9,6,4,0,0,1,0,0,0,0,3,1,6,6,2,41,7,2231,2,7,CHEVROLET CAPTIVA,3,W01001711,0,-1
2020010244872,2020,010244872,1,9,0,18,19,5,1,0,0,4,0,0,0,0,1,1,6,6,1,37,7,1991,2,13,CHEVROLET CAPTIVA,3,E01001371,0,-1
2020010264762,2020,010264762,1,9,0,18,19,5,1,0,0,0,0,0,0,0,1,1,2,2,2,48,8,2231,2,9,CHEVROLET CAPTIVA,3,E01001841,0,-1
2020010259268,2020,010259268,1,9,0,3,3,5,1,0,0,1,0,0,0,0,2,1,6,6,1,38,7,1991,2,11,CHEVROLET CAPTIVA,7,E01033093,0,-1
2020370934948,2020,370934948,2,9,0,18,19,2,6,0,0,1,0,0,0,0,1,1,5,6,2,32,6,1991,2,9,CHEVROLET CAPTIVA,5,E01029884,0,-1
2020010282880,2020,010282880,2,9,0,99,99,9,9,99,99,1,9,99,9,99,9,9,6,6,1,-1,-1,2231,2,8,CHEVROLET CAPTIVA,3,E01021649,0,-1
2020340W06722,2020,340W06722,1,9,0,17,19,5,1,0,0,0,1,10,7,0,1,1,6,6,1,35,6,4497,1,8,-1,2,E01027228,0,-1
2020010256628,2020,010256628,1,9,0,18,19,8,4,0,0,8,0,0,0,0,1,1,6,6,1,47,8,4497,1,7,-1,4,E01024162,0,-1
2020160949684,2020,160949684,1,9,0,14,14,4,8,0,0,0,5,4,0,0,1,1,5,6,2,90,11,1242,1,10,FIAT 500,8,E01013166,0,-1
2020200933973,2020,200933973,1,9,0,18,19,8,4,0,0,0,0,0,0,0,1,1,6,6,2,27,6,1242,1,5,FIAT 500,7,E01031041,0,-1
2020052002183,2020,052002183,1,9,0,18,19,5,1,0,0,0,0,0,0,0,4,1,6,6,2,37,7,1242,1,9,FIAT 500,3,E01006588,0,-1
2020450979098,2020,450979098,2,9,0,17,19,4,8,0,0,1,0,0,0,0,1,1,6,6,2,35,6,1242,1,6,FIAT 500,9,E01030339,0,-1
2020040982449,2020,040982449,1,9,0,5,5,3,7,0,0,0,0,0,0,0,1,1,5,6,2,40,7,1248,2,7,FIAT 500,5,E01025370,0,-1
2020230926308,2020,230926308,2,9,0,5,5,4,8,0,0,8,0,0,0,0,1,1,5,6,2,47,8,1242,1,5,FIAT 500,8,E01025881,0,-1
202031D034520,2020,31D034520,1,9,0,7,7,1,3,0,0,6,0,0,0,0,1,1,1,1,2,17,4,1242,1,6,FIAT 500,5,E01027946,0,-1
2020211026790,2020,211026790,1,9,0,13,13,1,5,0,0,1,0,0,0,0,0,1,6,6,1,20,4,1248,2,12,FIAT 500,8,E01029656,0,-1
2020370941679,2020,370941679,2,9,0,4,4,1,5,0,0,0,0,0,0,0,3,1,5,6,2,21,5,1368,1,4,FIAT 500,8,E01030242,0,-1
2020400965048,2020,400965048,2,9,0,18,19,5,1,0,0,4,0,0,0,0,2,1,5,6,2,69,10,875,1,5,FIAT 500,5,E01023635,0,-1
2020010238663,2020,010238663,3,9,0,2,2,0,0,0,0,2,0,0,0,0,3,1,6,6,3,-1,-1,1242,1,4,FIAT 500,-1,-1,0,-1
2020501015873,2020,501015873,1,9,0,18,19,7,3,0,0,0,0,0,0,0,4,1,5,6,1,51,8,1248,2,3,FIAT 500,4,E01018844,0,-1
2020070075533,2020,070075533,1,9,0,18,19,2,6,0,0,1,0,0,0,0,1,1,6,6,2,-1,-1,1242,1,3,FIAT 500,2,E01012535,0,-1
2020200956121,2020,200956121,1,9,0,9,9,1,6,0,0,8,0,0,0,0,4,1,6,6,2,23,5,1242,1,6,FIAT 500,2,E01029496,0,-1
2020440471674,2020,440471674,4,9,0,2,2,0,0,0,0,2,0,4,0,0,2,1,6,6,3,-1,-1,1242,1,7,FIAT 500,-1,-1,0,-1
2020010265984,2020,010265984,1,9,0,9,9,8,5,0,0,8,0,0,0,0,4,1,6,6,2,42,7,1242,1,6,FIAT 500,6,E01017827,0,-1
2020470925682,2020,470925682,2,9,0,17,19,8,5,0,0,0,0,0,1,0,4,1,1,1,2,24,5,1242,1,4,FIAT 500,6,E01031554,0,-1
2020522100305,2020,522100305,1,9,0,18,19,4,8,0,0,8,0,10,1,0,3,1,6,6,2,19,4,1242,1,11,FIAT 500,9,E01014919,0,-1
2020010236325,2020,010236325,1,9,0,5,5,1,5,0,0,1,0,0,0,0,3,1,6,6,2,67,10,1242,1,6,FIAT 500,-1,-1,0,-1
2020100942912,2020,100942912,1,9,0,18,19,8,4,0,0,0,2,0,0,0,1,1,6,6,1,17,4,1242,1,3,FIAT 500,1,E01008610,0,-1
2020440088737,2020,440088737,3,9,0,3,3,3,7,0,0,1,0,0,0,0,2,1,6,6,2,21,5,1242,1,4,FIAT 500,8,E01022825,0,-1
2020010283443,2020,010283443,2,9,0,99,99,9,9,99,99,9,9,99,9,99,1,9,6,6,3,-1,-1,1242,1,8,FIAT 500,-1,-1,0,-1
2020141004492,2020,141004492,1,9,0,2,2,0,0,0,0,0,0,0,0,0,3,1,6,6,3,-1,-1,1242,1,6,FIAT 500,-1,-1,0,-1
2020010267795,2020,010267795,2,9,0,18,19,3,7,0,0,8,0,0,0,0,3,1,6,6,2,21,5,1242,1,5,FIAT 500,3,E01021601,0,-1
2020122100072,2020,122100072,1,9,0,9,9,7,1,0,0,1,0,0,0,0,3,1,6,6,2,45,7,1242,1,2,FIAT 500,4,E01027910,0,-1
2020010289184,2020,010289184,2,9,0,99,99,9,9,99,99,9,9,99,9,99,1,9,6,6,3,29,6,1242,1,3,FIAT 500,7,E01002683,0,-1
2020430236537,2020,430236537,1,9,0,17,19,6,4,0,0,0,0,0,1,4,1,1,6,6,2,23,5,1242,1,6,FIAT 500,4,E01016705,0,-1
202031C128920,2020,31C128920,1,9,0,9,9,2,1,0,0,5,0,0,0,0,4,1,6,6,2,60,9,999,1,0,FIAT 500,-1,-1,0,-1
2020200983874,2020,200983874,1,9,0,18,19,3,7,0,0,0,0,0,0,0,1,1,6,6,2,18,4,1242,1,5,FIAT 500,4,E01010112,0,-1
2020010282282,2020,010282282,3,9,0,9,9,7,5,0,0,8,0,0,0,0,3,1,6,6,2,34,6,1242,1,11,FIAT 500,8,E01003678,0,-1
202063C053820,2020,63C053820,2,9,0,18,19,4,8,0,0,8,0,0,0,0,1,1,6,6,2,18,4,1242,1,2,FIAT 500,-1,-1,0,-1
20201375Q1232,2020,1375Q1232,1,9,0,18,19,5,1,0,0,0,0,0,0,0,1,1,6,6,2,19,4,1242,1,12,FIAT 500,1,E01024907,0,-1
2020100957121,2020,100957121,2,9,0,18,19,5,1,0,0,1,5,0,7,0,3,1,5,6,1,47,8,1598,2,6,FIAT 500,4,E01027413,0,-1
2020122000467,2020,122000467,2,9,0,11,11,5,2,0,0,0,2,0,0,0,2,1,6,6,2,62,9,1242,1,3,FIAT 500,2,E01005514,0,-1
202031A131920,2020,31A131920,2,9,0,18,19,6,2,0,0,8,0,0,0,0,3,1,2,2,2,51,8,1242,1,11,FIAT 500,2,E01028284,0,-1
2020010259602,2020,010259602,2,9,0,14,14,9,9,0,0,0,0,0,0,0,3,1,6,6,1,27,6,1242,1,5,FIAT 500,2,E01004403,0,-1
2020547145820,2020,547145820,2,9,0,9,9,5,1,0,0,4,0,0,0,0,2,1,6,6,1,20,4,1242,1,5,FIAT 500,9,E01015501,0,-1
2020200931214,2020,200931214,1,9,0,16,19,3,4,0,0,1,5,10,7,0,3,1,6,6,2,19,4,1242,1,3,FIAT 500,8,E01010307,0,-1
2020140975532,2020,140975532,1,9,0,18,19,6,2,0,0,0,0,0,7,0,2,1,6,6,2,54,8,1242,1,7,FIAT 500,9,E01007802,0,-1
2020531012090,2020,531012090,1,9,0,4,4,2,6,0,0,1,0,0,0,0,1,1,5,6,2,81,11,1242,1,6,FIAT 500,7,E01022199,0,-1
202031C015120,2020,31C015120,1,9,0,3,3,2,6,0,0,8,0,0,0,0,2,1,2,2,2,36,7,1242,1,5,FIAT 500,10,E01019413,0,-1
2020302000359,2020,302000359,1,9,0,18,19,1,5,0,0,0,1,0,1,11,1,1,6,6,2,25,5,1242,1,5,FIAT 500,8,E01019540,0,-1
2020010241966,2020,010241966,1,9,0,18,19,8,4,0,0,2,2,10,0,0,4,1,6,6,2,21,5,1242,1,9,FIAT 500,-1,-1,0,-1
2020141007214,2020,141007214,1,9,0,13,13,7,3,9,9,2,0,0,7,10,1,1,6,6,2,72,10,1242,1,1,FIAT 500,-1,-1,0,-1
2020010245562,2020,010245562,2,9,0,9,9,5,3,0,0,2,0,0,0,0,1,1,2,2,2,29,6,1368,1,4,FIAT 500,2,E01004230,0,-1
2020420972445,2020,420972445,2,9,0,4,4,5,1,0,0,0,0,0,0,0,2,1,6,6,2,25,5,1242,1,9,FIAT 500,7,E01021613,0,-1
2020360978277,2020,360978277,1,9,0,9,9,2,6,0,0,0,0,0,0,0,3,1,5,6,2,20,4,1242,1,10,FIAT 500,4,E01026794,0,-1
2020320406818,2020,320406818,1,9,0,18,19,1,5,0,0,0,0,0,1,3,1,1,1,1,2,18,4,1242,1,7,FIAT 500,3,E01026122,0,-1
2020010228150,2020,010228150,1,9,0,3,3,3,7,0,0,1,5,0,0,0,2,1,6,6,2,20,4,1242,1,4,FIAT 500,4,E01021817,0,-1
2020990918202,2020,990918202,2,9,0,9,9,8,6,0,0,1,0,0,0,0,4,1,6,6,2,39,7,1242,1,6,FIAT 500,9,-1,0,-1
2020552001053,2020,552001053,2,9,0,18,19,6,2,0,0,8,1,0,1,11,1,1,6,6,2,23,5,1242,1,7,FIAT 500,7,E01020354,0,-1
2020010239735,2020,010239735,2,9,0,99,99,9,9,99,99,9,9,99,9,99,1,9,6,6,3,-1,-1,1242,1,5,FIAT 500,6,E01002525,0,-1
2020370927941,2020,370927941,2,9,0,3,3,1,4,0,0,0,0,0,0,0,1,1,2,2,1,39,7,1242,1,5,FIAT 500,8,E01029890,0,-1
2020440001314,2020,440001314,1,9,0,7,7,5,7,0,0,8,0,0,0,0,3,1,6,6,2,26,6,875,1,6,FIAT 500,6,E01022824,0,-1
2020340C00312,2020,340C00312,2,9,0,10,10,6,2,0,0,1,0,0,0,0,2,1,6,6,2,52,8,1242,1,1,FIAT 500,1,E01026968,0,-1
2020320210363,2020,320210363,1,9,0,16,19,6,2,0,0,0,5,0,8,10,0,1,6,6,2,21,5,1242,1,7,FIAT 500,6,E01026247,0,-1
202054A933620,2020,54A933620,1,9,0,18,19,3,7,0,0,1,0,0,1,9,1,1,6,6,1,72,10,1242,1,7,FIAT 500,5,E01015516,0,-1
2020122000363,2020,122000363,1,9,0,5,5,1,3,0,0,1,0,0,0,0,4,1,6,6,2,52,8,1242,1,7,FIAT 500,10,E01013379,0,-1
2020230923465,2020,230923465,1,9,0,9,9,4,1,0,0,6,0,0,0,0,1,1,5,6,2,46,8,1368,1,9,FIAT 500,9,E01031268,0,-1
2020470976524,2020,470976524,1,9,0,17,19,6,3,0,0,0,2,0,1,11,1,1,6,6,2,33,6,1242,1,7,FIAT 500,4,E01020976,0,-1
2020070585896,2020,070585896,1,9,0,7,7,3,5,0,0,8,0,0,0,0,3,1,6,6,2,49,8,1242,1,8,FIAT 500,8,E01012538,0,-1
2020230935927,2020,230935927,2,9,0,17,19,8,6,0,0,8,0,0,0,0,4,1,2,2,2,47,8,1242,1,1,FIAT 500,-1,-1,0,-1
202006J278048,2020,06J278048,2,9,0,18,19,4,8,0,0,1,0,0,0,0,2,1,6,6,2,18,4,1242,1,11,FIAT 500,7,E01019713,0,-1
2020546006520,2020,546006520,2,9,0,3,3,6,2,0,0,2,0,0,0,0,2,1,6,6,2,23,5,1242,1,10,FIAT 500,9,E01015548,0,-1
2020460994594,2020,460994594,1,9,0,18,19,2,6,0,0,0,2,10,0,0,3,1,2,2,2,33,6,875,1,8,FIAT 500,6,E01024700,0,-1
2020201001850,2020,201001850,2,9,0,2,2,0,0,0,0,1,0,0,0,0,2,1,5,6,2,25,5,1242,1,5,FIAT 500,-1,-1,0,-1
2020547496320,2020,547496320,2,9,0,2,2,0,0,0,0,0,0,0,0,0,1,1,6,6,2,25,5,1242,1,6,FIAT 500,9,E01031968,0,-1
2020470996934,2020,470996934,2,9,0,7,7,7,1,0,0,0,0,0,0,0,2,1,5,6,2,44,7,1242,1,5,FIAT 500,9,E01021124,0,-1
2020440217712,2020,440217712,1,9,0,18,19,2,6,0,0,0,0,0,0,0,4,1,6,6,2,49,8,1242,1,9,FIAT 500,3,E01017357,0,-1
2020010256620,2020,010256620,1,9,0,99,99,9,9,99,99,9,9,99,9,99,3,9,6,6,1,41,7,1242,1,10,FIAT 500,4,E01003685,0,-1
2020500995722,2020,500995722,2,9,0,2,2,0,0,0,0,0,0,0,0,0,4,1,5,6,2,-1,-1,1242,1,5,FIAT 500,9,W01001115,0,-1
2020530944027,2020,530944027,1,9,0,18,19,4,2,0,0,0,1,0,0,0,1,1,6,6,1,-1,-1,1248,2,7,FIAT 500,2,E01032377,0,-1
2020421006108,2020,421006108,2,9,0,3,3,3,7,0,0,0,0,0,0,0,2,1,6,6,2,22,5,1242,1,3,FIAT 500,4,E01021843,0,-1
2020522100158,2020,522100158,2,9,0,18,19,5,1,0,0,1,0,0,0,0,1,1,6,6,2,19,4,1242,1,6,FIAT 500,10,E01014822,0,-1
2020100920019,2020,100920019,2,9,0,3,3,3,7,0,0,0,0,0,0,0,2,1,6,6,2,19,4,1242,1,9,FIAT 500,-1,-1,0,-1
2020201020279,2020,201020279,2,9,0,2,2,0,0,9,9,0,0,0,0,0,2,1,6,6,1,-1,-1,1242,1,4,FIAT 500,-1,-1,0,-1
2020040926868,2020,040926868,1,9,0,18,19,5,1,0,0,0,1,0,0,0,4,1,5,6,2,19,4,1242,1,6,FIAT 500,10,E01029776,0,-1
2020030943953,2020,030943953,1,9,0,17,19,5,1,0,0,0,1,0,0,0,1,1,5,6,2,18,4,1242,1,12,FIAT 500,7,E01019219,0,-1
2020200939192,2020,200939192,1,9,0,18,19,8,2,0,0,8,0,0,0,0,1,1,1,1,2,20,4,875,1,6,FIAT 500,10,E01009457,0,-1
202006XJ76565,2020,06XJ76565,1,9,0,18,19,8,4,0,0,0,0,0,0,0,2,1,6,6,1,50,8,1598,1,4,FIAT 500,7,E01006303,0,-1
2020990971645,2020,990971645,1,9,0,18,19,7,3,0,0,1,0,0,0,0,4,1,6,6,2,51,8,1598,2,4,FIAT 500,4,-1,0,-1
2020400933349,2020,400933349,1,9,0,18,19,2,6,0,0,0,2,0,1,11,3,1,1,1,2,17,4,1242,1,8,FIAT 500,9,E01017614,0,-1
2020990980275,2020,990980275,3,9,0,18,19,7,3,0,0,1,0,0,0,0,4,1,5,6,2,35,6,1242,1,2,FIAT 500,4,-1,0,-1
2020990960940,2020,990960940,1,9,0,13,13,1,5,0,0,8,0,0,0,0,4,1,6,6,2,23,5,1248,2,12,FIAT 500,5,-1,0,-1
2020041009059,2020,041009059,1,9,0,9,9,1,5,0,0,6,0,0,0,0,1,1,5,6,2,42,7,1242,1,4,FIAT 500,10,E01025016,0,-1
2020100983407,2020,100983407,1,9,0,5,5,5,2,0,0,4,0,0,0,0,3,1,2,2,2,19,4,1242,1,11,FIAT 500,8,E01027440,0,-1