collision_index,collision_year,collision_ref_no,vehicle_reference,vehicle_type,towing_and_articulation,vehicle_manoeuvre_historic,vehicle_manoeuvre,vehicle_direction_from,vehicle_direction_to,vehicle_location_restricted_lane_historic,vehicle_location_restricted_lane,junction_location,skidding_and_overturning,hit_object_in_carriageway,vehicle_leaving_carriageway,hit_object_off_carriageway,first_point_of_impact,vehicle_left_hand_drive,journey_purpose_of_driver_historic,journey_purpose_of_driver,sex_of_driver,age_of_driver,age_band_of_driver,engine_capacity_cc,propulsion_code,age_of_vehicle,generic_make_model,driver_imd_decile,lsoa_of_driver,escooter_flag,driver_distance_banding
2020040963672,2020,040963672,2,9,0,10,10,1,7,0,0,8,0,0,0,0,1,1,5,6,2,23,5,1242,1,5,FIAT 500,5,E01025483,0,-1
2020010254017,2020,010254017,1,9,0,5,5,2,6,0,0,6,0,0,0,0,1,1,6,6,2,49,8,1242,1,4,FIAT 500,2,E01002799,0,-1
2020990951307,2020,990951307,1,9,0,18,19,2,6,0,0,8,0,0,0,0,1,1,6,6,2,40,7,1242,1,4,FIAT 500,3,-1,0,-1
2020440246767,2020,440246767,2,9,0,4,4,3,7,0,0,1,0,0,0,0,2,1,6,6,1,72,10,875,1,6,FIAT 500,10,E01022596,0,-1
2020522100439,2020,522100439,2,9,0,18,19,7,4,0,0,0,0,0,0,0,1,1,6,6,2,27,6,1242,1,7,FIAT 500,3,E01014673,0,-1
2020990983822,2020,990983822,2,9,0,18,19,3,6,0,0,0,0,0,0,0,1,1,2,2,2,24,5,1242,1,6,FIAT 500,-1,-1,0,-1
2020410935066,2020,410935066,1,9,0,18,19,7,3,0,0,1,0,11,0,0,1,1,1,1,2,23,5,1242,1,11,FIAT 500,8,E01001544,0,-1
2020500962156,2020,500962156,1,9,0,18,19,7,3,0,0,0,5,7,0,0,1,1,2,2,2,22,5,1242,1,8,FIAT 500,3,E01019028,0,-1
2020200955529,2020,200955529,1,9,0,18,19,6,2,0,0,0,5,4,0,0,0,1,1,1,2,19,4,1242,1,4,FIAT 500,4,E01009813,0,-1
2020461002568,2020,461002568,1,9,0,13,13,5,1,0,0,0,1,0,1,0,1,1,6,6,1,19,4,1242,1,11,FIAT 500,3,E01020996,0,-1
2020552001172,2020,552001172,1,9,0,9,9,5,4,0,0,6,0,0,0,0,1,1,2,2,2,18,4,1242,1,12,FIAT 500,10,E01020381,0,-1
2020470975800,2020,470975800,1,9,0,18,19,1,5,0,0,0,0,0,0,0,4,1,6,6,2,24,5,1242,1,10,FIAT 500,6,E01031637,0,-1
2020522101180,2020,522101180,2,9,0,18,19,2,6,0,0,0,0,0,0,0,1,1,6,6,2,22,5,1242,1,9,FIAT 500,5,E01014432,0,-1
2020410983224,2020,410983224,3,9,0,2,2,3,7,0,0,1,0,0,0,0,2,1,6,6,2,-1,-1,1242,1,12,FIAT 500,10,E01023603,0,-1
2020430037622,2020,430037622,1,9,0,18,19,7,3,0,0,6,0,0,7,10,1,1,6,6,1,71,10,1242,1,1,FIAT 500,6,E01028677,0,-1
2020140992340,2020,140992340,2,9,0,9,9,7,5,0,0,6,0,0,7,0,1,1,5,6,2,28,6,1242,1,7,FIAT 500,6,E01007565,0,-1
2020010260317,2020,010260317,3,9,0,18,19,1,5,0,0,2,0,0,0,0,1,1,6,6,1,66,10,1248,2,6,FIAT 500,8,E01000453,0,-1
2020530999155,2020,530999155,1,9,0,4,4,3,7,0,0,0,0,0,0,0,1,1,1,1,1,32,6,1242,1,5,FIAT 500,6,E01032934,0,-1
2020200960539,2020,200960539,1,9,0,18,19,6,2,0,0,6,0,0,0,0,1,1,6,6,2,18,4,1242,1,9,FIAT 500,9,E01031243,0,-1
2020010281771,2020,010281771,1,9,0,7,7,3,5,0,0,8,0,0,0,0,1,1,6,6,2,44,7,1242,1,1,FIAT 500,7,E01004499,0,-1
2020460957957,2020,460957957,1,9,0,3,3,2,6,0,0,1,0,0,0,0,1,1,5,6,2,19,4,1242,1,6,FIAT 500,4,E01024087,0,-1
2020990970937,2020,990970937,1,9,0,17,19,6,3,0,0,0,1,11,1,0,4,1,2,2,2,23,5,1242,1,6,FIAT 500,4,-1,0,-1
2020137CT0352,2020,137CT0352,1,9,0,17,19,7,4,0,0,0,0,0,0,0,1,1,2,2,2,41,7,1248,2,6,FIAT 500,3,E01010747,0,-1
2020010258216,2020,010258216,1,9,0,9,9,8,5,0,0,1,0,0,0,0,2,1,2,2,2,36,7,1242,1,1,FIAT 500,5,E01001099,0,-1
2020231012435,2020,231012435,2,9,0,10,10,8,6,0,0,5,0,0,0,0,3,1,5,6,2,25,5,1242,1,8,FIAT 500,10,E01029864,0,-1
2020440023465,2020,440023465,1,9,0,16,19,3,6,0,0,0,2,0,8,10,3,1,3,7,2,39,7,1242,1,1,FIAT 500,10,E01022878,0,-1
2020522100895,2020,522100895,2,9,0,18,19,8,4,0,0,3,0,0,0,0,2,1,6,6,2,72,10,1242,1,2,FIAT 500,10,E01014381,0,-1
2020302000711,2020,302000711,2,9,0,18,19,3,8,0,0,1,0,0,0,0,1,1,6,6,1,38,7,1242,1,5,FIAT 500,6,E01019545,0,-1
2020500964009,2020,500964009,1,9,0,18,19,7,3,0,0,0,5,0,1,10,1,1,2,2,2,27,6,1242,1,6,FIAT 500,6,E01019061,0,-1
2020010234135,2020,010234135,1,9,0,6,6,1,1,0,0,0,0,0,0,0,3,1,2,2,2,58,9,1248,2,6,FIAT 500,6,E01000492,0,-1
2020460994930,2020,460994930,2,9,0,2,2,0,0,0,0,1,0,0,0,0,3,1,5,6,2,37,7,1248,2,11,FIAT 500,1,E01024661,0,-1
2020010259156,2020,010259156,2,9,0,2,2,0,0,9,9,0,0,0,0,0,2,1,6,6,3,-1,-1,1242,1,6,FIAT 500,-1,-1,0,-1
2020010285274,2020,010285274,1,9,0,3,3,3,7,0,0,1,0,0,0,0,3,1,6,6,2,28,6,1242,1,5,FIAT 500,2,E01002848,0,-1
2020451010317,2020,451010317,1,9,0,17,19,3,7,0,0,0,1,0,0,0,0,1,2,2,2,26,6,1242,1,6,FIAT 500,5,E01030579,0,-1
2020302000183,2020,302000183,1,9,0,7,7,8,2,0,0,1,0,0,0,0,4,1,6,6,2,70,10,1242,1,10,FIAT 500,9,E01019518,0,-1
2020070174183,2020,070174183,1,9,0,17,19,8,4,0,0,0,0,0,0,0,1,1,6,6,2,21,5,1242,1,8,FIAT 500,4,E01018402,0,-1
2020420971318,2020,420971318,1,9,0,16,19,8,4,0,0,0,1,0,0,0,1,1,5,6,2,20,4,1242,1,6,FIAT 500,8,E01021891,0,-1
2020200979516,2020,200979516,2,9,0,9,9,8,6,0,0,6,0,0,0,0,3,1,6,6,2,19,4,1368,1,12,FIAT 500,1,E01008938,0,-1
202006E373261,2020,06E373261,2,9,0,18,19,7,3,0,0,8,0,0,0,0,1,1,6,6,2,77,11,1242,1,8,FIAT 500,7,E01005847,0,-1
2020420916557,2020,420916557,1,9,0,18,19,3,7,0,0,0,0,0,0,0,1,1,1,1,2,20,4,1242,1,12,FIAT 500,7,E01003673,0,-1
2020070395156,2020,070395156,2,9,0,8,8,8,4,0,0,1,0,0,0,0,2,1,6,6,2,84,11,1242,1,8,FIAT 500,6,E01012515,0,-1
2020100965211,2020,100965211,2,9,0,3,3,7,2,0,0,0,0,0,0,0,3,1,5,6,2,43,7,1242,1,11,FIAT 500,3,E01008656,0,-1
2020990992926,2020,990992926,1,9,0,9,9,1,6,0,0,5,0,0,0,0,1,1,5,6,1,78,11,1368,1,5,FIAT 500,9,-1,0,-1
2020040987713,2020,040987713,2,9,0,18,19,4,2,0,0,6,0,0,0,0,3,1,1,1,2,20,4,1242,1,5,FIAT 500,-1,-1,0,-1
2020010263452,2020,010263452,1,9,0,4,4,1,5,0,0,1,0,10,0,0,1,1,6,6,2,26,6,1242,1,11,FIAT 500,3,E01003563,0,-1
2020100959276,2020,100959276,2,9,0,10,10,7,4,0,0,2,0,0,0,0,3,1,6,6,2,19,4,1248,2,10,FIAT 500,8,E01020690,0,-1
2020622000634,2020,622000634,2,9,0,18,19,2,6,0,0,1,0,0,0,0,4,1,6,6,2,21,5,1242,1,6,FIAT 500,7,W01000618,0,-1
2020070150098,2020,070150098,1,9,0,18,19,4,8,0,0,1,1,0,0,0,1,1,6,6,2,-1,-1,1242,1,6,FIAT 500,10,E01018658,0,-1
202063C080520,2020,63C080520,2,9,0,18,19,8,4,0,0,0,0,0,0,0,1,1,6,6,2,62,9,875,1,6,FIAT 500,7,W01000556,0,-1
2020010276116,2020,010276116,1,9,0,9,9,7,5,0,0,8,0,0,0,0,1,1,6,6,2,24,5,1242,1,11,FIAT 500,-1,-1,0,-1
2020421003466,2020,421003466,2,9,0,18,19,2,3,0,0,4,0,0,0,0,2,1,2,2,2,44,7,1248,2,6,FIAT 500,6,E01033723,0,-1
2020320024812,2020,320024812,3,9,0,18,19,3,7,0,0,0,0,0,0,0,1,1,1,1,2,39,7,1598,2,5,FIAT 500,9,E01026196,0,-1
2020100953583,2020,100953583,2,9,0,18,19,1,5,0,0,8,0,0,0,0,3,1,5,6,2,31,6,1368,1,4,FIAT 500,2,E01008457,0,-1
2020350930145,2020,350930145,2,9,0,4,4,7,3,0,0,0,0,0,0,0,2,1,1,1,2,25,5,1242,1,11,FIAT 500,8,E01018277,0,-1
2020140962403,2020,140962403,1,9,0,3,3,1,5,0,0,0,0,0,0,0,2,1,6,6,2,40,7,1242,1,10,FIAT 500,6,E01019774,0,-1
2020302001310,2020,302001310,1,9,0,18,19,1,5,0,0,0,2,0,4,6,3,1,6,6,2,20,4,1242,1,6,FIAT 500,9,E01009800,0,-1
2020100938646,2020,100938646,2,9,0,18,19,7,3,0,0,8,0,0,0,0,1,1,5,6,2,71,10,1242,1,2,FIAT 500,9,E01027521,0,-1
2020990925696,2020,990925696,1,9,0,18,19,5,1,0,0,0,0,0,0,0,1,1,2,2,2,21,5,1242,1,7,FIAT 500,7,-1,0,-1
2020110925747,2020,110925747,2,9,0,3,3,5,1,0,0,1,0,0,0,0,2,1,6,6,2,31,6,1242,1,3,FIAT 500,3,E01020658,0,-1
2020420927920,2020,420927920,1,9,0,18,19,3,3,0,0,0,5,4,0,0,1,1,6,6,1,25,5,1242,1,10,FIAT 500,-1,-1,0,-1
2020420929105,2020,420929105,2,9,0,18,19,5,1,0,0,1,0,0,0,0,4,1,5,6,2,73,10,1368,1,4,FIAT 500,5,E01003700,0,-1
202006L271551,2020,06L271551,1,9,0,9,9,5,2,0,0,8,0,0,0,0,1,1,6,6,2,21,5,1242,1,9,FIAT 500,8,E01006251,0,-1
202031B134020,2020,31B134020,1,9,0,14,14,1,5,0,0,1,0,4,0,0,1,1,6,6,1,77,11,1242,1,10,FIAT 500,5,E01028286,0,-1
2020350983455,2020,350983455,1,9,0,18,19,1,5,0,0,8,0,0,0,0,1,1,5,6,2,19,4,1242,1,7,FIAT 500,10,E01018232,0,-1
2020010254246,2020,010254246,1,9,0,99,99,9,9,99,99,8,9,99,9,99,1,9,6,6,1,17,4,1242,1,10,FIAT 500,3,E01000010,0,-1
2020170M11780,2020,170M11780,1,9,0,9,9,5,3,0,0,8,0,0,0,0,4,1,6,6,2,38,7,1242,1,4,FIAT 500,1,E01012091,0,-1
2020460989096,2020,460989096,3,9,0,9,9,8,6,0,0,1,0,0,0,0,1,1,6,6,2,19,4,999,1,0,FIAT 500,10,E01024270,0,-1
2020137180301,2020,137180301,1,9,0,18,19,8,4,0,0,2,0,0,0,0,4,1,3,7,1,41,7,1242,1,1,FIAT 500,2,E01011925,0,-1
2020010255877,2020,010255877,1,9,0,18,19,1,5,0,0,1,0,0,0,0,2,1,6,6,2,72,10,1242,1,1,FIAT 500,3,E01002808,0,-1
202063A019720,2020,63A019720,1,9,0,16,19,7,2,0,0,0,0,0,8,10,3,1,6,6,2,20,4,1242,1,10,FIAT 500,6,W01000713,0,-1
2020201004685,2020,201004685,1,9,0,9,9,8,6,0,0,5,0,0,0,0,4,1,6,6,2,24,5,875,1,9,FIAT 500,4,E01009176,0,-1
2020360973455,2020,360973455,1,9,0,18,19,1,5,0,0,0,0,0,0,0,3,1,1,1,2,25,5,1242,1,1,FIAT 500,1,E01026595,0,-1
2020470939911,2020,470939911,2,9,0,4,4,8,4,0,0,6,0,0,0,0,1,1,6,6,2,57,9,1242,1,5,FIAT 500,5,E01031501,0,-1
2020302001651,2020,302001651,1,9,0,9,9,6,4,0,0,5,0,0,0,0,0,1,6,6,2,53,8,1598,1,4,FIAT 500,9,E01019790,0,-1
2020010256358,2020,010256358,2,9,0,99,99,9,9,99,99,0,9,99,9,99,1,9,6,6,2,-1,-1,875,1,5,FIAT 500,-1,-1,0,-1
2020420952255,2020,420952255,1,9,0,18,19,5,1,0,0,8,0,0,0,0,4,1,6,6,2,48,8,1248,2,6,FIAT 500,3,E01000099,0,-1
2020010280076,2020,010280076,1,9,0,18,19,4,8,0,0,1,0,0,0,0,1,1,2,2,2,21,5,1242,1,1,FIAT 500,1,E01015895,0,-1
2020010234344,2020,010234344,1,9,0,4,4,8,4,0,0,1,0,0,0,0,1,1,6,6,2,25,5,875,1,8,FIAT 500,8,E01001031,0,-1
202031B068520,2020,31B068520,1,9,0,3,3,7,3,0,0,0,0,0,0,0,2,1,6,6,1,36,7,1242,1,9,FIAT 500,10,E01028148,0,-1
2020220993254,2020,220993254,2,9,0,4,4,3,7,0,0,1,0,0,0,0,2,1,5,6,2,26,6,999,1,0,FIAT 500,2,E01014199,0,-1
2020052002054,2020,052002054,1,9,0,18,19,2,6,0,0,0,0,4,0,0,4,1,6,6,2,85,11,1242,1,3,FIAT 500,9,E01006917,0,-1
2020410966987,2020,410966987,2,9,0,3,3,5,1,0,0,1,0,0,0,0,2,1,5,6,2,21,5,1242,1,5,FIAT 500,8,E01023315,0,-1
2020450958995,2020,450958995,1,9,0,5,5,1,7,9,9,1,0,0,0,0,1,1,5,6,2,43,7,1242,1,7,FIAT 500,4,E01003826,0,-1
2020990921821,2020,990921821,2,9,0,16,19,7,4,0,0,2,0,0,7,0,4,1,6,6,2,56,9,1242,1,3,FIAT 500,2,-1,0,-1
2020010284305,2020,010284305,1,9,0,18,19,7,3,0,0,2,0,4,0,0,1,1,6,6,2,20,4,1242,1,11,FIAT 500,3,E01001493,0,-1
2020010275936,2020,010275936,2,9,0,7,7,5,7,0,0,1,0,0,0,0,3,1,6,6,2,29,6,1242,1,9,FIAT 500,10,E01000325,0,-1
2020460921377,2020,460921377,1,9,0,18,19,5,1,0,0,8,0,0,0,0,3,1,6,6,2,62,9,1242,1,2,FIAT 500,10,E01024325,0,-1
202031B122720,2020,31B122720,1,9,0,18,19,5,1,0,0,0,0,10,1,0,1,1,2,2,2,19,4,1248,2,10,FIAT 500,10,E01028315,0,-1
2020160963925,2020,160963925,1,9,0,18,19,2,6,0,0,0,5,11,7,9,1,1,6,6,2,23,5,1242,1,11,FIAT 500,8,E01013102,0,-1
2020622000231,2020,622000231,1,9,0,4,4,2,6,0,0,0,0,0,0,0,1,1,6,6,1,20,4,1242,1,5,FIAT 500,4,W01001462,0,-1
2020070045444,2020,070045444,3,9,0,18,19,2,6,0,0,0,0,0,0,0,1,1,2,2,2,32,6,1368,1,11,FIAT 500,3,E01006220,0,-1
2020320606125,2020,320606125,2,9,0,2,2,0,0,0,0,0,0,0,0,0,1,1,6,6,1,83,11,1242,1,10,FIAT 500,8,E01026313,0,-1
2020522100830,2020,522100830,1,9,0,11,11,6,2,0,0,3,0,0,0,0,1,1,6,6,2,21,5,1242,1,11,FIAT 500,9,E01033512,0,-1
2020450957014,2020,450957014,3,9,0,18,19,5,3,0,0,1,0,0,0,0,2,1,5,6,2,18,4,1242,1,7,FIAT 500,10,E01032853,0,-1
2020410994008,2020,410994008,2,9,0,18,19,5,1,0,0,1,0,0,0,0,1,1,2,2,2,19,4,1242,1,5,FIAT 500,9,E01017558,0,-1
2020122001067,2020,122001067,1,9,0,18,19,3,7,0,0,0,0,0,0,0,1,1,6,6,2,21,5,1242,1,9,FIAT 500,9,E01013061,0,-1
2020610030820,2020,610030820,2,9,0,18,19,5,1,0,0,0,0,0,0,0,0,1,2,2,2,25,5,1598,2,4,FIAT 500,4,W01001524,0,-1
2020010239773,2020,010239773,5,9,0,2,2,0,0,0,0,0,0,0,0,0,1,1,6,6,3,-1,-1,1242,1,5,FIAT 500,-1,-1,0,-1
2020501004926,2020,501004926,1,9,0,7,7,8,2,0,0,8,0,0,0,0,1,1,6,6,2,30,6,1242,1,4,FIAT 500,4,E01018754,0,-1
20201372J0663,2020,1372J0663,2,9,0,18,19,4,8,0,0,0,0,0,1,0,1,1,6,6,2,27,6,1242,1,9,FIAT 500,7,E01011591,0,-1
20201374S0730,2020,1374S0730,1,9,0,9,9,7,3,0,0,8,0,0,0,0,1,1,1,1,2,17,4,1242,1,6,FIAT 500,1,E01011911,0,-1
2020990930597,2020,990930597,1,9,0,17,19,5,1,0,0,0,0,0,0,0,1,1,5,6,2,31,6,1242,1,7,FIAT 500,4,-1,0,-1
202006F173192,2020,06F173192,1,9,0,14,14,5,1,0,0,1,0,0,0,0,1,1,6,6,2,30,6,1242,1,4,FIAT 500,7,E01005691,0,-1
2020440206908,2020,440206908,2,9,0,13,13,1,5,0,0,0,0,0,0,0,2,1,6,6,1,-1,-1,1242,1,3,FIAT 500,-1,-1,0,-1
2020500941581,2020,500941581,1,9,0,18,19,7,3,0,0,0,0,0,0,0,1,1,5,6,2,54,8,1242,1,7,FIAT 500,7,E01020317,0,-1
2020052002341,2020,052002341,1,9,0,18,19,1,5,0,0,8,0,0,1,2,3,1,6,6,2,32,6,1598,2,7,FIAT 500,4,E01006399,0,-1
2020211024276,2020,211024276,1,9,0,18,19,3,7,0,0,0,0,4,0,0,1,1,6,6,1,67,10,1242,1,7,FIAT 500,5,E01029658,0,-1
2020010254735,2020,010254735,1,9,0,16,19,2,6,0,0,1,0,0,0,0,1,1,6,6,2,19,4,1242,1,4,FIAT 500,8,E01024185,0,-1
2020470945501,2020,470945501,1,9,0,13,13,3,6,0,0,0,0,0,7,2,1,1,6,6,1,51,8,1242,1,6,FIAT 500,10,E01030593,0,-1
2020201012296,2020,201012296,2,9,0,9,9,1,7,0,0,5,0,0,0,0,4,1,6,6,2,20,4,1242,1,5,FIAT 500,7,E01029505,0,-1
2020420980639,2020,420980639,1,9,0,18,19,7,3,0,0,3,0,0,0,0,4,1,6,6,2,18,4,1242,1,4,FIAT 500,4,E01021817,0,-1
2020211027093,2020,211027093,3,9,0,4,4,3,7,0,0,0,0,0,0,0,1,1,6,6,2,23,5,1242,1,6,FIAT 500,6,E01029481,0,-1
2020211008017,2020,211008017,1,9,0,18,19,4,8,0,0,0,0,0,0,0,1,1,6,6,2,28,6,1598,2,5,FIAT 500,1,E01014212,0,-1
2020200939643,2020,200939643,2,9,0,3,3,8,4,0,0,8,0,0,0,0,2,1,6,6,2,30,6,1242,1,2,FIAT 500,3,E01009768,0,-1
2020220959322,2020,220959322,1,9,0,9,9,6,5,0,0,6,0,0,0,0,2,1,5,6,2,18,4,1242,1,9,FIAT 500,3,E01008986,0,-1
2020440423008,2020,440423008,2,9,0,18,19,6,2,0,0,8,0,0,0,0,1,1,2,2,2,27,6,1242,1,2,FIAT 500,4,E01022549,0,-1
2020320250285,2020,320250285,1,9,0,13,13,3,7,0,0,1,0,0,7,0,1,1,2,2,1,38,7,875,1,7,FIAT 500,4,E01026250,0,-1
2020221014234,2020,221014234,1,9,0,16,19,1,4,0,0,1,0,0,1,0,1,1,5,6,1,51,8,1242,1,10,FIAT 500,7,E01014070,0,-1
2020350984921,2020,350984921,1,9,0,4,4,7,3,0,0,0,0,0,0,0,1,1,2,2,2,24,5,1242,1,9,FIAT 500,10,E01018251,0,-1
2020370978284,2020,370978284,1,9,0,9,9,7,5,0,0,1,0,0,0,0,1,1,5,6,2,20,4,1242,1,12,FIAT 500,7,E01021662,0,-1
2020201013737,2020,201013737,2,9,0,7,7,5,8,0,0,8,1,0,0,0,2,1,1,1,2,30,6,1242,1,5,FIAT 500,5,E01028886,0,-1
202063D007520,2020,63D007520,2,9,0,18,19,2,6,0,0,0,0,0,1,3,1,1,6,6,2,74,10,1248,2,6,FIAT 500,6,W01000500,0,-1
2020100982366,2020,100982366,1,9,0,18,19,3,7,0,0,2,0,0,0,0,4,1,6,6,2,45,7,1242,1,7,FIAT 500,2,E01008590,0,-1
2020010283066,2020,010283066,2,9,0,99,99,9,9,99,99,0,9,99,9,99,2,9,6,6,3,-1,-1,1368,1,12,FIAT 500,-1,-1,0,-1
2020320192306,2020,320192306,2,9,0,2,2,0,0,0,0,2,0,0,0,0,1,1,6,6,3,-1,-1,1242,1,8,FIAT 500,-1,-1,0,-1
2020530971154,2020,530971154,1,9,0,14,14,7,3,0,0,8,0,0,0,0,4,1,6,6,2,20,4,1242,1,4,FIAT 500,10,E01022128,0,-1
2020470920483,2020,470920483,2,9,0,4,4,2,6,0,0,0,0,4,7,4,1,1,2,2,1,42,7,1242,1,6,FIAT 500,4,E01021207,0,-1
2020160950127,2020,160950127,1,9,0,5,5,5,7,0,0,0,0,0,0,0,1,1,5,6,2,20,4,1242,1,6,FIAT 500,10,E01013114,0,-1
202006J378413,2020,06J378413,1,9,0,18,19,5,8,0,0,8,0,0,0,0,3,1,6,6,2,22,5,1242,1,7,FIAT 500,-1,-1,0,-1
2020200938843,2020,200938843,1,9,0,9,9,2,7,0,0,5,0,0,0,0,1,1,2,2,2,50,8,1242,1,9,FIAT 500,10,E01010186,0,-1
2020110961478,2020,110961478,2,9,0,3,3,7,7,0,0,0,0,0,0,0,2,1,2,2,1,50,8,1242,1,7,FIAT 500,2,E01020753,0,-1
2020990923868,2020,990923868,1,9,0,18,19,4,8,0,0,1,0,0,0,0,4,1,5,6,2,62,9,1242,1,4,FIAT 500,1,-1,0,-1
2020410971853,2020,410971853,1,9,0,18,19,4,2,0,0,1,0,0,0,0,3,1,5,6,2,32,6,1242,1,12,FIAT 500,9,E01023706,0,-1
2020010274471,2020,010274471,1,9,9,99,99,9,9,99,99,0,9,99,9,99,9,9,6,6,2,45,7,1242,1,6,FIAT 500,4,E01001953,0,-1
2020010251955,2020,010251955,1,9,0,99,99,9,9,99,99,9,9,99,9,99,9,9,6,6,2,33,6,1242,1,1,FIAT 500,8,E01004143,0,-1
2020010240447,2020,010240447,1,9,0,99,99,9,9,99,99,9,9,99,9,99,2,9,2,2,2,24,5,1242,1,7,FIAT 500,2,E01003508,0,-1
2020420955765,2020,420955765,1,9,0,18,19,5,1,0,0,0,0,7,4,7,4,1,5,6,2,51,8,1248,2,6,FIAT 500,5,E01033539,0,-1
2020990964909,2020,990964909,1,9,0,14,14,2,6,0,0,0,0,0,0,0,3,1,5,6,2,29,6,1242,1,2,FIAT 500,-1,-1,0,-1
2020160986198,2020,160986198,2,9,0,17,19,2,6,0,0,8,0,0,0,0,1,1,5,6,2,24,5,1242,1,3,FIAT 500,8,E01013058,0,-1
2020450986789,2020,450986789,1,9,0,17,19,7,3,0,0,0,1,0,7,0,1,1,5,6,2,44,7,1242,1,12,FIAT 500,9,E01022492,0,-1
2020440416135,2020,440416135,2,9,0,8,8,8,2,0,0,4,0,0,0,0,2,1,6,6,2,40,7,1242,1,5,FIAT 500,9,E01022699,0,-1
2020160929238,2020,160929238,1,9,0,9,9,5,3,0,0,8,0,0,0,0,3,1,6,6,2,22,5,1242,1,8,FIAT 500,4,E01012816,0,-1
2020302000877,2020,302000877,1,9,0,5,5,6,8,0,0,0,0,4,0,0,1,1,2,2,2,53,8,1248,2,12,FIAT 500,2,E01013512,0,-1
2020461010878,2020,461010878,1,9,0,18,19,4,7,0,0,0,1,7,1,0,1,1,6,6,2,22,5,1242,1,9,FIAT 500,4,E01016115,0,-1
2020360955247,2020,360955247,2,9,0,4,4,5,1,0,0,1,0,0,0,0,2,1,6,6,1,-1,-1,1248,2,12,FIAT 500,4,E01026728,0,-1
2020220971831,2020,220971831,1,9,0,18,19,2,6,0,0,0,0,0,0,0,3,1,6,6,2,19,4,1242,1,6,FIAT 500,10,E01032284,0,-1
2020010252314,2020,010252314,1,9,0,4,4,3,7,0,0,0,2,4,0,0,1,2,6,6,1,25,5,1242,1,5,FIAT 500,5,E01003414,0,-1
2020440072825,2020,440072825,2,9,0,4,4,2,6,0,0,1,0,0,0,0,1,1,6,6,2,19,4,875,1,8,FIAT 500,3,E01030793,0,-1
2020052001705,2020,052001705,3,9,0,2,2,0,0,0,0,1,0,0,0,0,2,1,6,6,3,-1,-1,1598,1,4,FIAT 500,-1,-1,0,-1
2020410994208,2020,410994208,4,9,0,11,11,0,0,0,0,1,0,0,0,0,1,1,6,6,1,65,9,1242,1,5,FIAT 500,9,E01023509,0,-1
2020052000571,2020,052000571,2,9,0,4,4,6,2,0,0,0,0,0,0,0,2,1,6,6,2,20,4,1242,1,2,FIAT 500,4,E01006959,0,-1
2020460977090,2020,460977090,3,9,0,4,4,7,3,0,0,1,0,0,0,0,2,1,5,6,2,27,6,1242,1,5,FIAT 500,5,E01024692,0,-1
2020052000270,2020,052000270,1,9,0,18,19,6,2,0,0,0,0,0,0,0,1,1,6,6,2,72,10,1242,1,8,FIAT 500,6,E01006438,0,-1
2020122000295,2020,122000295,1,9,0,18,19,8,4,0,0,0,0,0,0,0,1,1,6,6,2,61,9,1242,1,5,FIAT 500,8,E01027896,0,-1
2020230989958,2020,230989958,1,9,0,18,19,3,7,0,0,0,1,0,1,10,1,1,5,6,2,20,4,1242,1,12,FIAT 500,4,E01032365,0,-1
2020200979218,2020,200979218,1,9,0,18,19,4,8,0,0,8,0,0,0,0,1,1,2,2,2,40,7,1242,1,12,FIAT 500,10,E01010217,0,-1
2020470917080,2020,470917080,3,9,0,18,19,2,6,0,0,0,0,0,0,0,0,1,6,6,2,47,8,1242,1,8,FIAT 500,8,E01021155,0,-1
2020450958019,2020,450958019,1,9,0,6,6,1,5,0,0,1,0,0,0,0,2,1,6,6,2,20,4,1242,1,11,FIAT 500,4,E01030752,0,-1
2020010242377,2020,010242377,1,9,0,99,99,9,9,99,99,9,9,99,9,99,9,9,6,6,1,49,8,1242,1,7,FIAT 500,5,E01004188,0,-1
2020010276307,2020,010276307,2,9,0,99,99,9,9,99,99,9,9,99,9,99,2,9,6,6,3,-1,-1,1242,1,11,FIAT 500,-1,-1,0,-1
2020010228686,2020,010228686,2,9,0,99,99,9,9,99,99,9,9,99,9,99,1,9,6,6,1,30,6,1242,1,11,FIAT 500,2,E01003112,0,-1
2020430218550,2020,430218550,2,9,0,18,19,7,3,0,0,0,0,0,0,0,1,1,2,2,2,70,10,1242,1,9,FIAT 500,9,E01028749,0,-1
2020030985284,2020,030985284,2,9,0,1,1,7,3,0,0,0,0,0,0,0,3,1,5,6,2,60,9,1242,1,7,FIAT 500,3,E01019114,0,-1
2020450957186,2020,450957186,1,9,0,9,9,3,7,0,0,0,5,0,1,1,1,1,5,6,2,27,6,1242,1,4,FIAT 500,8,E01030763,0,-1
2020360939615,2020,360939615,2,9,0,18,19,3,7,0,0,1,0,0,0,0,1,1,5,6,2,19,4,1242,1,6,FIAT 500,5,E01026712,0,-1
2020052000661,2020,052000661,2,9,0,18,19,3,8,0,0,4,0,0,0,0,4,1,6,6,2,27,6,1242,1,5,FIAT 500,1,E01007011,0,-1