collision_index,collision_year,collision_ref_no,vehicle_reference,vehicle_type,towing_and_articulation,vehicle_manoeuvre_historic,vehicle_manoeuvre,vehicle_direction_from,vehicle_direction_to,vehicle_location_restricted_lane_historic,vehicle_location_restricted_lane,junction_location,skidding_and_overturning,hit_object_in_carriageway,vehicle_leaving_carriageway,hit_object_off_carriageway,first_point_of_impact,vehicle_left_hand_drive,journey_purpose_of_driver_historic,journey_purpose_of_driver,sex_of_driver,age_of_driver,age_band_of_driver,engine_capacity_cc,propulsion_code,age_of_vehicle,generic_make_model,driver_imd_decile,lsoa_of_driver,escooter_flag,driver_distance_banding
2020420952867,2020,420952867,2,9,0,3,3,5,1,0,0,4,0,0,0,0,2,1,6,6,2,54,8,1242,1,1,FIAT 500,5,E01021741,0,-1
2020010285061,2020,010285061,1,9,0,9,9,7,5,0,0,8,0,0,0,0,4,1,2,2,1,64,9,1242,1,12,FIAT 500,4,E01001176,0,-1
2020400988377,2020,400988377,1,9,0,18,19,6,6,0,0,8,0,0,0,0,1,1,6,6,2,60,9,1242,1,10,FIAT 500,-1,-1,0,-1
2020501028108,2020,501028108,2,9,0,5,5,7,3,0,0,0,0,0,0,0,2,1,2,2,2,54,8,1242,1,1,FIAT 500,5,E01020299,0,-1
2020990939912,2020,990939912,1,9,0,18,19,5,1,0,0,1,0,0,0,0,1,1,6,6,2,25,5,1242,1,6,FIAT 500,10,-1,0,-1
2020160931392,2020,160931392,2,9,0,3,3,2,6,0,0,0,0,0,0,0,2,1,6,6,2,34,6,1248,2,6,FIAT 500,1,E01012900,0,-1
2020220965796,2020,220965796,1,9,0,16,19,7,2,0,0,0,1,0,7,11,1,1,2,2,2,53,8,1242,1,3,FIAT 500,6,E01032390,0,-1
2020460938676,2020,460938676,2,9,0,18,19,7,3,0,0,1,0,0,0,0,3,1,6,6,2,18,4,1242,1,1,FIAT 500,3,E01024497,0,-1
2020160988247,2020,160988247,2,9,0,18,19,2,6,0,0,8,0,0,0,0,1,1,6,6,1,87,11,1242,1,4,FIAT 500,6,E01013234,0,-1
2020622001054,2020,622001054,1,9,0,17,19,8,5,0,0,0,2,0,1,2,4,1,6,6,2,20,4,1242,1,8,FIAT 500,3,W01001026,0,-1
2020052000161,2020,052000161,1,9,0,6,6,7,7,0,0,0,0,0,0,0,3,1,2,2,2,22,5,1242,1,6,FIAT 500,10,E01007189,0,-1
2020010281985,2020,010281985,1,9,0,18,19,5,1,0,0,1,0,0,0,0,0,1,6,6,2,19,4,1242,1,9,FIAT 500,2,E01001051,0,-1
2020122000909,2020,122000909,1,9,0,17,19,2,6,0,0,0,1,0,1,0,3,1,1,1,2,24,5,1242,1,6,FIAT 500,6,E01027790,0,-1
202006K269328,2020,06K269328,2,9,0,18,19,2,6,0,0,8,0,0,0,0,1,1,6,6,1,47,8,875,1,9,FIAT 500,5,E01004899,0,-1
2020440197429,2020,440197429,1,9,0,16,19,5,2,0,0,0,0,0,4,6,1,1,6,6,2,19,4,1242,1,10,FIAT 500,7,E01017049,0,-1
2020010253585,2020,010253585,2,9,0,3,3,2,6,0,0,0,0,0,0,0,3,1,6,6,1,34,6,1368,1,5,FIAT 500,4,E01004457,0,-1
2020450929730,2020,450929730,2,9,0,17,19,3,5,0,0,4,0,0,0,0,1,1,6,6,1,44,7,1368,1,5,FIAT 500,10,E01030754,0,-1
2020360976473,2020,360976473,1,9,0,18,19,6,2,0,0,2,0,0,0,0,1,1,5,6,1,74,10,1242,1,10,FIAT 500,9,E01026582,0,-1
2020461002923,2020,461002923,2,9,0,18,19,3,7,0,0,0,1,7,2,7,4,1,5,6,2,56,9,875,1,8,FIAT 500,1,E01024580,0,-1
2020040928088,2020,040928088,2,9,0,18,19,1,5,0,0,1,0,0,0,0,3,1,5,6,2,77,11,1368,1,4,FIAT 500,9,E01025039,0,-1
2020200943366,2020,200943366,2,9,0,5,5,2,6,0,0,0,0,0,0,0,2,1,2,2,2,60,9,1242,1,1,FIAT 500,10,E01009826,0,-1
2020010255433,2020,010255433,1,9,9,99,99,9,9,99,99,9,9,99,9,99,9,9,6,6,1,51,8,875,1,7,FIAT 500,4,E01018783,0,-1
2020070439128,2020,070439128,2,9,0,18,19,1,5,0,0,0,0,0,5,7,3,1,6,6,2,50,8,1242,1,4,FIAT 500,7,E01005863,0,-1
2020100953042,2020,100953042,2,9,0,18,19,1,5,0,0,8,5,0,0,0,4,1,5,6,2,22,5,1242,1,2,FIAT 500,-1,-1,0,-1
2020501008157,2020,501008157,1,9,0,18,19,7,3,0,0,0,1,12,0,0,1,1,5,6,2,25,5,1242,1,7,FIAT 500,7,E01018800,0,-1
2020460994193,2020,460994193,2,9,0,3,3,5,1,0,0,0,0,0,0,0,2,1,6,6,2,51,8,1242,1,1,FIAT 500,8,E01024451,0,-1
2020010232083,2020,010232083,1,9,0,9,9,7,5,0,0,2,0,0,0,0,1,1,6,6,2,59,9,1242,1,5,FIAT 500,4,E01000401,0,-1
2020450993978,2020,450993978,2,9,0,18,19,5,1,0,0,8,0,0,0,0,1,1,5,6,1,62,9,1242,1,5,FIAT 500,6,E01031484,0,-1
2020470999960,2020,470999960,1,9,0,5,5,4,2,0,0,6,0,0,0,0,3,1,2,2,2,42,7,1368,1,12,FIAT 500,8,E01031505,0,-1
2020460966640,2020,460966640,1,9,0,9,9,7,3,0,0,3,0,0,0,0,1,1,5,6,2,41,7,1242,1,10,FIAT 500,7,E01024691,0,-1
2020302000933,2020,302000933,1,9,0,5,5,7,2,0,0,0,0,0,0,0,4,1,6,6,1,57,9,1242,1,4,FIAT 500,5,E01013582,0,-1
2020360971909,2020,360971909,1,9,0,9,9,2,1,0,0,8,0,0,0,0,1,1,5,6,1,54,8,1242,1,1,FIAT 500,6,E01026424,0,-1
2020440043518,2020,440043518,1,9,0,18,19,5,1,0,0,0,0,0,0,0,1,1,2,2,2,59,9,1242,1,7,FIAT 500,7,E01017316,0,-1
2020610011220,2020,610011220,1,9,0,16,19,6,1,0,0,0,0,0,0,0,3,1,6,6,2,55,8,1242,1,6,FIAT 500,-1,-1,0,-1
2020430076127,2020,430076127,2,9,0,9,9,8,6,0,0,5,0,0,0,0,3,1,2,2,2,18,4,1242,1,9,FIAT 500,4,E01016673,0,-1
2020460988128,2020,460988128,1,9,0,18,19,6,2,0,0,0,0,0,0,0,3,1,6,6,2,-1,-1,1242,1,5,FIAT 500,8,E01000447,0,-1
2020430026884,2020,430026884,1,9,0,18,19,2,6,0,0,8,0,0,0,0,1,1,2,2,2,23,5,1242,1,3,FIAT 500,2,E01033499,0,-1
2020160964213,2020,160964213,1,9,0,18,19,7,3,0,0,0,0,0,0,0,1,1,2,2,2,41,7,1956,2,5,FIAT 500,1,E01012932,0,-1
2020122000218,2020,122000218,2,9,0,18,19,4,8,0,0,1,5,0,0,0,4,1,2,2,2,49,8,1242,1,7,FIAT 500,6,E01027842,0,-1
2020370939966,2020,370939966,2,9,0,3,3,5,8,0,0,0,0,0,0,0,2,1,3,7,2,32,6,1598,2,4,FIAT 500,7,E01029901,0,-1
2020522004226,2020,522004226,1,9,0,18,19,1,5,0,0,0,0,0,7,10,1,1,2,2,2,32,6,1242,1,1,FIAT 500,10,E01014376,0,-1
2020410982647,2020,410982647,1,9,0,5,5,3,7,0,0,0,0,0,0,0,2,1,6,6,2,24,5,1242,1,8,FIAT 500,3,E01023865,0,-1
2020450966276,2020,450966276,1,9,0,16,19,1,1,0,0,1,0,0,8,11,4,1,6,6,2,24,5,1242,1,5,FIAT 500,10,E01030584,0,-1
2020010272683,2020,010272683,1,9,0,5,5,5,1,0,0,0,0,0,0,0,1,1,6,6,2,21,5,999,1,0,FIAT 500,8,E01003668,0,-1
2020530939875,2020,530939875,3,9,0,8,8,6,8,0,0,5,0,0,0,0,0,1,5,6,2,28,6,1242,1,10,FIAT 500,6,E01022268,0,-1
2020430343611,2020,430343611,2,9,0,18,19,3,7,0,0,8,0,0,0,0,3,1,6,6,2,27,6,1598,2,5,FIAT 500,10,E01017799,0,-1
2020040940396,2020,040940396,2,9,0,18,19,5,1,0,0,2,0,4,0,0,2,1,2,2,2,54,8,1242,1,5,FIAT 500,10,E01024974,0,-1
2020990973556,2020,990973556,1,9,0,3,3,2,6,0,0,0,0,0,0,0,2,1,5,6,2,30,6,1242,1,4,FIAT 500,6,-1,0,-1
2020420959647,2020,420959647,1,9,0,18,19,7,3,0,0,1,0,0,0,0,1,1,5,6,2,18,4,1368,1,11,FIAT 500,10,E01021965,0,-1
2020030970201,2020,030970201,3,9,0,2,2,3,7,6,6,0,0,0,0,0,0,1,5,6,2,59,9,1242,1,0,FIAT 500,5,E01019128,0,-1
2020470969357,2020,470969357,2,9,0,18,19,2,6,0,0,0,0,0,0,0,2,1,6,6,2,62,9,875,1,5,FIAT 500,6,E01031499,0,-1
2020440060747,2020,440060747,1,9,0,3,3,2,6,0,0,0,0,0,0,0,2,1,6,6,2,24,5,1242,1,6,FIAT 500,10,E01022921,0,-1
2020340N06792,2020,340N06792,1,9,0,9,9,8,4,0,0,8,0,0,0,0,4,1,1,1,2,34,6,1242,1,1,FIAT 500,10,E01027280,0,-1
2020160983836,2020,160983836,1,9,0,18,19,1,5,0,0,0,1,0,1,10,1,1,5,6,2,18,4,1242,1,7,FIAT 500,9,E01013275,0,-1
2020141002788,2020,141002788,1,9,0,9,9,1,3,0,0,8,0,0,0,0,1,1,2,2,2,19,4,875,1,6,FIAT 500,6,E01007981,0,-1
2020010248740,2020,010248740,1,9,0,18,19,5,1,0,0,3,5,0,0,0,3,1,6,6,2,18,4,1242,1,11,FIAT 500,10,E01002431,0,-1
20201371C1109,2020,1371C1109,2,9,0,18,19,2,6,0,0,0,0,0,0,0,2,1,6,6,1,37,7,1242,1,7,FIAT 500,4,E01002592,0,-1
2020137741018,2020,137741018,1,9,0,7,7,1,5,0,0,0,0,0,0,0,0,1,6,6,2,22,5,1242,1,12,FIAT 500,9,E01011685,0,-1
2020010264212,2020,010264212,1,9,0,99,99,9,9,99,99,9,9,99,9,99,2,9,6,6,2,26,6,1242,1,1,FIAT 500,6,E01000273,0,-1
2020170M30850,2020,170M30850,2,9,0,4,4,5,1,0,0,0,0,0,0,0,2,1,6,6,1,35,6,1242,1,10,FIAT 500,4,E01012167,0,-1
2020070170824,2020,070170824,1,9,0,18,19,3,7,0,0,1,0,0,0,0,1,1,6,6,2,21,5,1242,1,12,FIAT 500,6,E01012465,0,-1
202006F174127,2020,06F174127,2,9,0,9,9,3,1,0,0,8,0,0,0,0,2,1,6,6,2,25,5,1242,1,5,FIAT 500,10,E01005748,0,-1
2020052002563,2020,052002563,2,9,0,18,19,4,8,0,0,8,0,0,0,0,1,1,6,6,2,29,6,1242,1,7,FIAT 500,2,E01006616,0,-1
2020010265663,2020,010265663,3,9,0,2,2,0,0,0,0,1,0,0,0,0,2,1,6,6,3,-1,-1,875,1,8,FIAT 500,-1,-1,0,-1
2020100923147,2020,100923147,2,9,0,18,19,3,7,0,0,0,0,0,0,0,1,1,5,6,2,19,4,1242,1,5,FIAT 500,6,E01008195,0,-1
2020470974395,2020,470974395,1,9,0,9,9,3,1,0,0,6,0,0,0,0,1,1,2,2,1,44,7,875,1,9,FIAT 500,3,E01031360,0,-1
2020010260448,2020,010260448,1,9,0,99,99,9,9,99,99,9,9,99,9,99,1,9,6,6,2,50,8,875,1,9,FIAT 500,4,E01003329,0,-1
2020122000628,2020,122000628,2,9,0,17,19,2,6,0,0,1,0,0,0,0,1,1,6,6,1,66,10,875,1,9,FIAT 500,5,E01027383,0,-1
2020400989547,2020,400989547,2,9,0,18,19,7,3,0,0,8,0,0,0,0,1,1,2,2,2,22,5,1242,1,8,FIAT 500,8,E01017526,0,-1
2020430080173,2020,430080173,1,9,0,4,4,4,8,0,0,1,0,0,0,0,2,1,6,6,2,23,5,1242,1,7,FIAT 500,6,E01016574,0,-1
2020430065412,2020,430065412,2,9,0,9,9,1,7,0,0,5,0,0,0,0,2,1,6,6,2,53,8,1242,1,5,FIAT 500,9,E01017830,0,-1
20201379O1385,2020,1379O1385,2,9,0,5,5,1,5,0,0,0,0,0,0,0,1,1,6,6,2,28,6,1242,1,9,FIAT 500,4,E01011808,0,-1
2020990978752,2020,990978752,1,9,0,18,19,6,2,0,0,0,2,0,1,11,1,1,1,1,1,25,5,1242,1,6,FIAT 500,1,-1,0,-1
2020340N02052,2020,340N02052,2,9,0,18,19,7,3,0,0,8,0,0,0,0,4,1,1,1,2,30,6,1242,1,2,FIAT 500,4,E01027142,0,-1
2020460922426,2020,460922426,1,9,0,18,19,7,3,0,0,0,0,0,0,0,3,1,3,7,1,17,4,1242,1,11,FIAT 500,9,E01024268,0,-1
2020420969876,2020,420969876,2,9,0,8,8,6,7,0,0,1,0,0,0,0,2,1,6,6,2,53,8,1242,1,8,FIAT 500,10,E01021787,0,-1
2020410972524,2020,410972524,1,9,0,18,19,3,7,0,0,1,0,0,0,0,1,1,6,6,1,54,8,1242,1,4,FIAT 500,6,E01022095,0,-1
2020440361030,2020,440361030,1,9,0,9,9,5,3,0,0,8,0,0,0,0,3,1,6,6,2,20,4,1242,1,10,FIAT 500,8,E01022628,0,-1
2020420915498,2020,420915498,3,9,0,18,19,7,3,0,0,0,0,0,0,0,2,1,5,6,2,28,6,1598,2,6,FIAT 500,3,E01015922,0,-1
2020470978474,2020,470978474,1,9,0,18,19,5,1,0,0,0,5,0,0,0,1,1,5,6,2,19,4,1242,1,9,FIAT 500,7,E01024009,0,-1
2020170M11010,2020,170M11010,2,9,0,3,3,5,1,0,0,1,0,0,0,0,2,1,6,6,2,23,5,1242,1,6,FIAT 500,7,E01012064,0,-1
2020470925881,2020,470925881,1,9,0,18,19,2,6,0,0,1,0,0,0,0,1,1,6,6,2,25,5,1242,1,8,FIAT 500,6,E01031673,0,-1
2020220926094,2020,220926094,1,9,0,9,9,6,4,0,0,6,0,0,0,0,3,1,4,7,2,18,4,1242,1,4,FIAT 500,7,E01014204,0,-1
2020010282214,2020,010282214,1,9,0,99,99,9,9,99,99,9,9,99,9,99,2,9,2,2,2,23,5,1242,1,1,FIAT 500,1,E01000643,0,-1
2020010277245,2020,010277245,2,9,9,99,99,9,9,99,99,1,9,99,9,99,9,9,6,6,3,-1,-1,1242,1,0,FIAT 500,-1,-1,0,-1
2020010286051,2020,010286051,1,9,0,9,9,2,7,0,0,5,0,0,0,0,3,1,6,6,2,57,9,1242,1,9,FIAT 500,6,E01000324,0,-1
2020170M10570,2020,170M10570,2,9,0,15,15,2,6,0,0,0,0,0,4,6,3,1,6,6,2,28,6,1242,1,4,FIAT 500,8,E01012065,0,-1
2020450916280,2020,450916280,1,9,0,18,19,5,1,0,0,0,0,0,0,0,1,1,2,2,2,41,7,1248,2,7,FIAT 500,10,E01031747,0,-1
2020990995677,2020,990995677,2,9,0,4,4,6,2,0,0,1,0,0,0,0,2,1,6,6,1,29,6,1598,2,4,FIAT 500,7,-1,0,-1
2020460919182,2020,460919182,1,9,0,12,12,7,3,0,0,0,0,0,0,0,3,1,1,1,2,32,6,1242,1,3,FIAT 500,7,E01024798,0,-1
2020460981268,2020,460981268,2,9,0,18,19,3,7,0,0,2,0,0,0,0,4,1,5,6,2,18,4,875,1,9,FIAT 500,9,E01024442,0,-1
2020500981864,2020,500981864,1,9,0,18,19,1,5,0,0,8,0,0,0,0,3,1,5,6,2,19,4,875,1,7,FIAT 500,6,E01020056,0,-1
2020991010673,2020,991010673,2,9,0,7,7,4,6,0,0,1,1,0,0,0,2,1,5,6,2,73,10,1242,1,0,FIAT 500,10,-1,0,-1
202006A368473,2020,06A368473,2,9,0,3,3,6,2,0,0,1,0,0,0,0,2,1,6,6,2,46,8,1242,1,3,FIAT 500,1,E01005381,0,-1
2020460964912,2020,460964912,1,9,0,9,9,5,1,0,0,2,0,0,0,0,1,1,5,6,2,61,9,1368,1,4,FIAT 500,7,E01024637,0,-1
2020340E03322,2020,340E03322,2,9,0,18,19,1,5,0,0,8,0,0,0,0,4,1,6,6,2,25,5,1242,1,10,FIAT 500,-1,-1,0,-1
2020470963527,2020,470963527,3,9,0,18,19,7,3,0,0,0,0,0,0,0,1,1,5,6,2,29,6,1598,2,5,FIAT 500,4,E01021071,0,-1
2020010272387,2020,010272387,2,9,0,99,99,9,9,99,99,0,9,99,9,99,0,9,6,6,2,54,8,1956,2,5,FIAT 500,6,E01002826,0,-1
2020010256421,2020,010256421,1,9,0,10,10,6,5,0,0,1,0,0,0,0,2,1,6,6,2,21,5,1242,1,3,FIAT 500,4,E01002324,0,-1
2020010249669,2020,010249669,2,9,0,2,2,0,0,0,0,0,1,0,0,0,1,1,6,6,3,-1,-1,1242,1,7,FIAT 500,-1,-1,0,-1
2020040959359,2020,040959359,2,9,0,18,19,1,5,0,0,8,0,0,0,0,1,1,5,6,2,57,9,1242,1,10,FIAT 500,6,E01025031,0,-1
2020200960515,2020,200960515,1,9,0,18,19,3,7,0,0,8,0,10,1,11,1,1,2,2,2,22,5,1242,1,6,FIAT 500,2,E01010004,0,-1
2020501015824,2020,501015824,1,9,0,9,9,7,1,0,0,6,0,0,0,0,3,1,5,6,2,50,8,1242,1,11,FIAT 500,6,E01019023,0,-1
2020440299432,2020,440299432,1,9,0,17,19,8,5,0,0,1,0,0,7,9,1,1,6,6,2,25,5,1242,1,6,FIAT 500,10,E01016605,0,-1
2020421012500,2020,421012500,2,9,0,18,19,3,7,0,0,8,0,0,0,0,1,1,6,6,2,64,9,1242,1,2,FIAT 500,3,E01022044,0,-1
2020450998954,2020,450998954,1,9,0,9,9,5,1,0,0,8,0,0,0,0,1,1,5,6,2,26,6,1242,1,1,FIAT 500,7,E01030515,0,-1
2020010228429,2020,010228429,1,9,0,5,5,7,3,0,0,8,0,11,0,0,4,1,6,6,2,40,7,875,1,4,FIAT 500,10,E01004556,0,-1
2020430270171,2020,430270171,1,9,0,18,19,6,2,0,0,0,1,0,7,0,4,1,6,6,2,24,5,1242,1,10,FIAT 500,8,E01027028,0,-1
2020470962429,2020,470962429,4,9,0,17,19,3,8,0,0,0,0,0,0,0,0,1,2,2,1,51,8,1242,1,0,FIAT 500,10,E01031736,0,-1
2020411009716,2020,411009716,1,9,0,5,5,8,4,0,0,8,0,0,0,0,1,1,5,6,1,29,6,1598,1,3,FIAT 500,5,E01023342,0,-1
202063C078420,2020,63C078420,2,9,0,18,19,1,5,0,0,8,0,0,7,10,4,1,6,6,2,20,4,1242,1,8,FIAT 500,9,W01000611,0,-1
2020010256156,2020,010256156,1,9,0,3,3,1,5,0,0,4,0,0,0,0,3,1,6,6,2,32,6,1242,1,8,FIAT 500,5,E01024786,0,-1
2020360979918,2020,360979918,2,9,0,3,3,3,7,0,0,1,0,0,0,0,2,1,5,6,2,50,8,1242,1,7,FIAT 500,4,E01030295,0,-1
2020220942800,2020,220942800,1,9,0,16,19,8,3,0,0,1,1,0,0,0,1,1,2,2,2,29,6,1242,1,8,FIAT 500,9,E01028854,0,-1
2020420978209,2020,420978209,2,9,0,18,19,8,4,0,0,1,0,0,0,0,1,1,5,6,2,19,4,1242,1,11,FIAT 500,-1,-1,0,-1
2020140968237,2020,140968237,2,9,0,18,19,5,1,0,0,0,0,0,0,0,1,1,5,6,2,46,8,1242,1,1,FIAT 500,2,E01019563,0,-1
2020211026402,2020,211026402,1,9,0,18,19,5,1,0,0,1,0,0,0,0,4,1,6,6,2,33,6,1368,1,3,FIAT 500,9,E01029364,0,-1
2020450934778,2020,450934778,1,9,0,16,19,4,4,0,0,0,5,10,3,0,1,1,5,6,2,20,4,1242,1,10,FIAT 500,4,E01024429,0,-1
2020030997149,2020,030997149,1,9,0,16,19,1,5,0,0,0,2,0,7,0,1,1,2,2,2,21,5,1242,1,12,FIAT 500,7,E01019354,0,-1
2020400951841,2020,400951841,2,9,0,18,19,5,3,0,0,8,0,0,0,0,4,1,5,6,2,20,4,1248,2,11,FIAT 500,5,E01015777,0,-1
2020010257419,2020,010257419,1,9,0,4,4,5,1,0,0,1,0,0,0,0,2,1,6,6,2,20,4,1368,1,10,FIAT 500,6,E01003219,0,-1
2020470927425,2020,470927425,1,9,0,17,19,2,5,0,0,0,2,10,0,0,3,1,3,7,2,37,7,875,1,7,FIAT 500,7,E01024789,0,-1
2020460969784,2020,460969784,1,9,0,18,19,3,7,0,0,0,0,0,0,0,1,1,6,6,2,31,6,1242,1,9,FIAT 500,4,E01024179,0,-1
2020440419481,2020,440419481,2,9,0,4,4,7,3,0,0,1,0,0,0,0,1,1,6,6,2,58,9,1242,1,2,FIAT 500,7,E01017329,0,-1
2020010257311,2020,010257311,1,9,0,3,3,5,1,0,0,1,0,0,0,0,2,1,6,6,2,36,7,1242,1,3,FIAT 500,-1,-1,0,-1
2020140985912,2020,140985912,1,9,0,18,19,6,2,9,9,3,2,0,7,6,1,1,6,6,1,18,4,1242,1,9,FIAT 500,7,E01032588,0,-1
20201371H0948,2020,1371H0948,1,9,0,17,19,3,1,0,0,0,0,0,1,11,1,1,3,7,1,31,6,1242,1,11,FIAT 500,3,E01011853,0,-1
2020010265353,2020,010265353,3,9,0,2,2,0,0,0,0,1,0,0,0,0,1,1,6,6,3,-1,-1,1598,2,4,FIAT 500,-1,-1,0,-1
2020010253118,2020,010253118,1,9,0,9,9,1,7,0,0,1,0,0,0,0,0,1,2,2,2,50,8,1368,1,4,FIAT 500,7,E01003395,0,-1
2020230927843,2020,230927843,2,9,0,18,19,1,5,0,0,8,0,0,0,0,3,1,2,2,2,40,7,1368,1,5,FIAT 500,6,E01031018,0,-1
2020201000691,2020,201000691,2,9,0,18,19,8,4,0,0,2,0,0,0,0,1,1,6,6,2,-1,-1,1242,1,6,FIAT 500,-1,-1,0,-1
2020052001357,2020,052001357,1,9,0,7,7,5,7,0,0,8,0,0,0,0,1,1,6,6,2,26,6,1242,1,7,FIAT 500,4,E01007288,0,-1
2020140993966,2020,140993966,1,9,0,18,19,3,7,0,0,1,0,0,0,0,1,1,6,6,2,23,5,1242,1,11,FIAT 500,2,E01007443,0,-1
2020990958273,2020,990958273,1,9,0,7,7,4,7,0,0,8,0,0,0,0,4,1,6,6,2,27,6,1242,1,4,FIAT 500,5,-1,0,-1
2020010259611,2020,010259611,2,9,0,18,19,5,1,0,0,0,0,0,0,0,1,1,6,6,2,30,6,1242,1,2,FIAT 500,-1,-1,0,-1
2020421002360,2020,421002360,1,9,0,18,19,3,7,0,0,0,0,0,2,0,1,1,6,6,2,38,7,1242,1,5,FIAT 500,4,E01015972,0,-1
2020410983841,2020,410983841,1,9,0,4,4,5,1,0,0,0,0,0,0,0,1,1,6,6,2,19,4,1242,1,7,FIAT 500,8,E01030655,0,-1
2020052001238,2020,052001238,2,9,0,11,11,6,2,0,0,8,0,0,0,0,4,1,6,6,2,24,5,1242,1,5,FIAT 500,1,E01006440,0,-1
2020440004143,2020,440004143,2,9,0,18,19,5,1,0,0,8,0,0,0,0,1,1,6,6,2,51,8,1242,1,6,FIAT 500,6,E01022700,0,-1
2020302001408,2020,302001408,1,9,0,18,19,8,4,0,0,0,0,0,0,0,2,1,2,2,2,54,8,1242,1,7,FIAT 500,1,E01013573,0,-1
2020010250759,2020,010250759,1,9,5,9,9,6,4,0,0,1,0,0,0,0,1,1,1,1,1,40,7,1242,1,2,FIAT 500,3,E01000011,0,-1
2020450922317,2020,450922317,2,9,0,3,3,1,5,0,0,8,0,0,0,0,1,1,2,2,2,22,5,1242,1,8,FIAT 500,9,E01030976,0,-1
2020470962430,2020,470962430,1,9,0,18,19,4,8,0,0,2,0,0,0,0,1,1,6,6,2,39,7,1248,2,6,FIAT 500,8,E01031642,0,-1
2020200940619,2020,200940619,1,9,0,5,5,7,3,0,0,0,0,10,1,0,1,1,6,6,2,-1,-1,1242,1,9,FIAT 500,7,E01010516,0,-1
2020110923984,2020,110923984,1,9,0,18,19,2,6,0,0,0,0,0,0,0,1,1,2,2,2,25,5,1242,1,6,FIAT 500,2,E01020892,0,-1
2020200931224,2020,200931224,1,9,0,18,19,6,2,0,0,1,0,0,0,0,1,1,6,6,2,19,4,1242,1,5,FIAT 500,7,E01009643,0,-1
2020410971463,2020,410971463,1,9,0,16,19,4,8,0,0,0,1,0,7,4,1,1,5,6,2,23,5,1242,1,9,FIAT 500,6,E01023970,0,-1
2020461001735,2020,461001735,2,9,0,4,4,5,1,0,0,0,0,0,0,0,2,1,1,1,2,36,7,1242,1,1,FIAT 500,10,E01016092,0,-1
2020170H11030,2020,170H11030,2,9,0,18,19,3,7,0,0,8,0,0,0,0,1,1,6,6,2,22,5,999,1,0,FIAT 500,1,E01008390,0,-1
2020530933651,2020,530933651,2,9,0,18,19,1,5,0,0,8,0,0,0,0,1,1,6,6,2,18,4,1242,1,6,FIAT 500,9,E01022340,0,-1
2020200972396,2020,200972396,1,9,0,5,5,8,4,0,0,6,0,0,0,0,4,1,2,2,2,24,5,875,1,8,FIAT 500,1,E01009503,0,-1
2020450915342,2020,450915342,1,9,0,16,19,5,1,0,0,0,2,0,1,4,4,1,5,6,2,23,5,1242,1,7,FIAT 500,8,E01030537,0,-1
202006F177900,2020,06F177900,2,9,0,18,19,6,2,0,0,8,0,0,0,7,3,1,6,6,2,22,5,1242,1,11,FIAT 500,-1,-1,0,-1
2020110986191,2020,110986191,1,9,0,18,19,1,5,0,0,0,0,7,1,11,1,1,5,6,2,26,6,1242,1,1,FIAT 500,5,E01020803,0,-1
2020370988947,2020,370988947,1,9,0,18,19,6,2,0,0,0,0,0,0,0,3,1,3,7,2,41,7,1242,1,4,FIAT 500,5,E01030105,0,-1
202006K370793,2020,06K370793,1,9,0,4,4,3,7,0,0,2,0,0,0,0,2,1,6,6,3,30,6,1242,1,8,FIAT 500,-1,-1,0,-1
2020010236994,2020,010236994,1,9,0,99,99,9,9,99,99,1,9,99,9,99,1,9,6,6,2,24,5,1242,1,3,FIAT 500,9,E01021471,0,-1
202063A010320,2020,63A010320,1,9,0,18,19,-1,-1,0,0,0,0,0,0,0,1,1,6,6,2,-1,-1,1242,1,6,FIAT 500,8,W01000680,0,-1
2020010283407,2020,010283407,1,9,0,18,19,5,1,0,0,3,0,0,0,0,1,1,6,6,2,63,9,1242,1,7,FIAT 500,7,E01003906,0,-1
2020990993280,2020,990993280,1,9,0,6,6,8,8,0,0,1,0,0,0,0,3,1,6,6,2,49,8,1242,1,7,FIAT 500,1,-1,0,-1
2020450933922,2020,450933922,2,9,0,18,19,3,7,0,0,8,0,0,0,0,4,1,5,6,2,52,8,1242,1,6,FIAT 500,6,E01030516,0,-1
2020370978053,2020,370978053,2,9,0,10,10,7,3,0,0,1,0,0,0,0,4,1,5,6,2,19,4,1242,1,5,FIAT 500,6,E01030154,0,-1
2020370999900,2020,370999900,2,9,0,9,9,3,8,0,0,8,0,0,0,0,4,1,1,1,2,32,6,1242,1,4,FIAT 500,3,E01030262,0,-1
2020450964549,2020,450964549,2,9,0,3,3,3,7,0,0,0,0,0,0,0,2,1,2,2,2,55,8,875,1,6,FIAT 500,7,E01030647,0,-1
2020610019120,2020,610019120,1,9,0,17,19,8,5,0,0,0,0,0,0,10,1,1,6,6,1,83,11,1242,1,3,FIAT 500,9,W01001518,0,-1
202006XF68556,2020,06XF68556,2,9,0,12,12,1,5,0,0,0,0,0,0,0,2,1,6,6,2,25,5,1242,1,4,FIAT 500,1,E01005733,0,-1