collision_index,collision_year,collision_ref_no,vehicle_reference,vehicle_type,towing_and_articulation,vehicle_manoeuvre_historic,vehicle_manoeuvre,vehicle_direction_from,vehicle_direction_to,vehicle_location_restricted_lane_historic,vehicle_location_restricted_lane,junction_location,skidding_and_overturning,hit_object_in_carriageway,vehicle_leaving_carriageway,hit_object_off_carriageway,first_point_of_impact,vehicle_left_hand_drive,journey_purpose_of_driver_historic,journey_purpose_of_driver,sex_of_driver,age_of_driver,age_band_of_driver,engine_capacity_cc,propulsion_code,age_of_vehicle,generic_make_model,driver_imd_decile,lsoa_of_driver,escooter_flag,driver_distance_banding
2020470996314,2020,470996314,1,9,0,16,19,8,4,0,0,0,0,0,0,0,1,1,2,2,2,21,5,1242,1,7,FIAT 500,10,E01031645,0,-1
2020200990990,2020,200990990,4,9,0,2,2,0,0,0,0,0,0,0,0,0,4,1,6,6,2,-1,-1,1956,2,5,FIAT 500,-1,-1,0,-1
2020991003760,2020,991003760,1,9,0,11,11,5,3,0,0,1,0,0,0,0,4,1,6,6,1,70,10,1598,2,4,FIAT 500,-1,-1,0,-1
2020991006441,2020,991006441,1,9,0,18,19,5,1,0,0,8,0,0,0,0,4,1,6,6,2,31,6,1242,1,5,FIAT 500,8,-1,0,-1
2020160987564,2020,160987564,1,9,0,18,19,8,4,0,0,1,0,0,0,0,1,1,2,2,2,22,5,1368,1,12,FIAT 500,1,E01013000,0,-1
2020160967053,2020,160967053,2,9,0,16,19,7,3,0,0,4,0,0,0,0,4,1,6,6,2,24,5,875,1,8,FIAT 500,10,E01013116,0,-1
2020200947364,2020,200947364,2,9,0,18,19,4,8,0,0,8,0,0,0,0,1,1,2,2,2,24,5,1242,1,2,FIAT 500,9,E01009816,0,-1
2020450973951,2020,450973951,1,9,0,18,19,1,5,0,0,0,0,0,0,0,4,1,5,6,2,17,4,1242,1,10,FIAT 500,10,E01030870,0,-1
2020552000633,2020,552000633,1,9,0,9,9,2,6,0,0,1,0,0,0,0,4,1,6,6,2,37,7,1242,1,2,FIAT 500,7,E01020357,0,-1
2020460925545,2020,460925545,1,9,0,5,5,2,6,0,0,1,0,0,0,0,1,1,6,6,2,54,8,1242,1,5,FIAT 500,8,E01016175,0,-1
2020010254046,2020,010254046,1,9,0,3,3,3,7,0,0,0,0,0,0,0,2,1,6,6,2,24,5,1242,1,12,FIAT 500,-1,-1,0,-1
202031D004620,2020,31D004620,4,9,0,3,3,7,3,0,0,0,0,0,0,0,2,1,6,6,2,54,8,1242,1,7,FIAT 500,10,E01019833,0,-1
2020101007259,2020,101007259,2,9,0,3,3,8,5,0,0,2,0,0,0,0,2,1,3,7,2,36,7,1248,2,6,FIAT 500,2,E01008655,0,-1
2020460968461,2020,460968461,2,9,0,18,19,1,5,0,0,1,0,0,0,0,3,1,6,6,2,43,7,1242,1,5,FIAT 500,3,E01024688,0,-1
2020140959026,2020,140959026,2,9,0,18,19,1,5,0,0,8,0,0,0,0,1,1,5,6,2,39,7,1242,1,8,FIAT 500,1,E01007851,0,-1
2020010260278,2020,010260278,1,9,0,9,9,5,3,0,0,5,0,0,0,0,4,1,6,6,3,-1,-1,1242,1,7,FIAT 500,-1,-1,0,-1
2020410958774,2020,410958774,1,9,0,18,19,8,4,0,0,2,0,4,1,0,4,1,2,2,2,50,8,1242,1,8,FIAT 500,10,E01023370,0,-1
202006J377834,2020,06J377834,2,9,0,18,19,3,7,0,0,0,0,0,0,0,2,1,6,6,2,52,8,1242,1,9,FIAT 500,9,E01005926,0,-1
2020361010515,2020,361010515,2,9,0,18,19,-1,-1,0,0,0,0,0,0,0,4,1,6,6,2,28,6,1242,1,5,FIAT 500,8,E01026480,0,-1
2020010244849,2020,010244849,2,9,9,99,99,9,9,99,99,0,9,99,9,99,9,9,6,6,3,-1,-1,1242,1,8,FIAT 500,-1,-1,0,-1
2020530937073,2020,530937073,1,9,0,18,19,8,5,0,0,0,0,0,1,4,1,1,6,6,2,19,4,1242,1,4,FIAT 500,6,E01027562,0,-1
2020470918112,2020,470918112,2,9,0,8,8,6,8,0,0,4,0,0,0,0,2,1,6,6,2,37,7,1242,1,4,FIAT 500,5,E01031605,0,-1
2020350941660,2020,350941660,2,9,0,18,19,8,4,0,0,0,0,0,0,0,2,1,2,2,2,43,7,1242,1,8,FIAT 500,4,E01015638,0,-1
2020320072248,2020,320072248,1,9,0,18,19,5,1,0,0,8,2,0,7,0,4,1,6,6,2,20,4,1242,1,1,FIAT 500,8,E01013226,0,-1
2020471002426,2020,471002426,3,9,0,18,19,6,2,0,0,0,0,0,0,0,1,1,5,6,2,46,8,1242,1,1,FIAT 500,10,E01031737,0,-1
2020440016809,2020,440016809,4,9,0,3,3,3,7,0,0,1,0,0,0,0,2,1,2,2,2,36,7,1242,1,7,FIAT 500,9,E01022766,0,-1
2020010282661,2020,010282661,1,9,0,5,5,0,1,0,0,0,0,0,0,0,1,1,6,6,1,80,11,875,1,9,FIAT 500,4,E01004576,0,-1
2020200979165,2020,200979165,1,9,0,3,3,6,2,0,0,0,0,0,0,0,2,1,6,6,2,32,6,875,1,3,FIAT 500,9,E01029521,0,-1
2020420957500,2020,420957500,1,9,0,18,19,2,6,0,0,0,1,0,1,4,1,1,6,6,2,40,7,1242,1,10,FIAT 500,3,E01004454,0,-1
2020530933963,2020,530933963,1,9,0,18,19,4,8,0,0,0,5,0,6,0,1,1,5,6,2,21,5,1242,1,6,FIAT 500,7,E01013020,0,-1
2020350969501,2020,350969501,1,9,0,7,7,7,2,0,0,0,0,10,3,0,1,1,5,6,2,68,10,1242,1,7,FIAT 500,9,E01018181,0,-1
2020410974476,2020,410974476,2,9,0,18,19,5,1,0,0,0,0,0,0,0,1,1,5,6,2,18,4,1242,1,10,FIAT 500,10,E01000186,0,-1
2020010252325,2020,010252325,2,9,0,3,3,7,3,0,0,0,0,0,0,0,0,1,6,6,3,-1,-1,1242,1,7,FIAT 500,-1,-1,0,-1
2020137350248,2020,137350248,5,9,0,3,3,5,1,0,0,0,0,0,0,0,2,1,1,1,2,28,6,1242,1,7,FIAT 500,5,E01007887,0,-1
2020010245066,2020,010245066,1,9,0,18,19,2,6,0,0,8,0,0,0,0,3,1,6,6,2,49,8,875,1,9,FIAT 500,4,E01003329,0,-1
202006J173081,2020,06J173081,1,9,0,9,9,5,2,0,0,8,0,0,0,0,4,1,6,6,2,68,10,1242,1,2,FIAT 500,4,E01005757,0,-1
2020010231138,2020,010231138,2,9,0,99,99,9,9,99,99,4,9,99,9,99,2,9,6,6,3,-1,-1,1242,1,4,FIAT 500,-1,-1,0,-1
2020170S10860,2020,170S10860,1,9,0,9,9,1,7,0,0,2,0,0,0,0,1,1,6,6,1,33,6,1242,1,11,FIAT 500,-1,-1,0,-1
2020200935812,2020,200935812,1,9,0,7,7,7,1,0,0,6,0,0,0,0,4,1,6,6,2,48,8,1242,1,6,FIAT 500,8,E01009911,0,-1
2020070686948,2020,070686948,1,9,0,18,19,6,2,0,0,1,0,0,0,0,1,1,1,1,1,62,9,1242,1,1,FIAT 500,10,E01018600,0,-1
2020450921666,2020,450921666,1,9,0,18,19,1,5,0,0,0,1,0,1,10,1,1,2,2,2,47,8,1242,1,8,FIAT 500,9,E01030835,0,-1
2020010233840,2020,010233840,1,9,0,5,5,5,1,0,0,4,0,0,0,0,1,1,6,6,1,64,9,875,1,8,FIAT 500,1,E01002880,0,-1
2020140972643,2020,140972643,1,9,0,9,9,2,8,0,0,8,0,0,7,0,1,1,5,6,2,23,5,1242,1,4,FIAT 500,7,E01007827,0,-1
2020350951491,2020,350951491,1,9,0,17,19,1,5,0,0,0,0,10,1,0,3,1,5,6,2,58,9,1248,2,12,FIAT 500,5,E01018183,0,-1
2020010264951,2020,010264951,1,9,0,4,4,3,7,0,0,0,0,0,0,0,2,2,6,6,2,23,5,1242,1,7,FIAT 500,10,E01000353,0,-1
202054A749120,2020,54A749120,1,9,0,9,9,6,4,0,0,8,0,0,0,0,1,1,6,6,1,38,7,1242,1,5,FIAT 500,3,E01031854,0,-1
2020201012776,2020,201012776,1,9,0,4,4,3,7,0,0,0,0,0,0,0,1,1,5,6,2,23,5,1242,1,5,FIAT 500,6,E01010557,0,-1
2020200945985,2020,200945985,2,9,0,10,10,2,7,0,0,8,0,0,0,0,3,1,6,6,2,31,6,1242,1,2,FIAT 500,4,E01010120,0,-1
2020122000828,2020,122000828,2,9,0,18,19,1,5,0,0,0,0,0,0,0,1,1,6,6,2,22,5,875,1,9,FIAT 500,4,E01026850,0,-1
2020361003013,2020,361003013,1,9,0,13,13,8,4,0,0,0,0,0,0,0,4,1,5,6,2,17,4,1242,1,1,FIAT 500,9,E01026708,0,-1
2020302000997,2020,302000997,3,9,0,2,2,0,0,0,0,0,0,0,0,0,2,1,6,6,3,-1,-1,875,1,7,FIAT 500,-1,-1,0,-1
2020200991472,2020,200991472,1,9,0,5,5,1,7,0,0,6,0,0,0,0,1,1,3,7,2,-1,-1,1242,1,4,FIAT 500,2,E01009161,0,-1
2020010230751,2020,010230751,2,9,0,99,99,9,9,99,99,9,9,99,9,99,9,9,6,6,3,51,8,1242,1,7,FIAT 500,9,E01023849,0,-1
2020302001108,2020,302001108,2,9,0,18,19,4,8,0,0,0,0,0,1,7,4,1,6,6,2,30,6,1242,1,11,FIAT 500,8,E01019840,0,-1
2020052002505,2020,052002505,1,9,0,9,9,1,7,0,0,8,0,0,0,0,4,1,6,6,2,19,4,1242,1,5,FIAT 500,1,E01006442,0,-1
2020010246630,2020,010246630,2,9,0,18,19,5,1,0,0,8,0,0,0,0,1,1,6,6,2,19,4,875,1,6,FIAT 500,2,E01000065,0,-1
2020420928089,2020,420928089,1,9,0,18,19,1,5,9,9,0,0,0,1,11,1,1,2,2,2,19,4,1242,1,7,FIAT 500,4,E01021863,0,-1
2020450974257,2020,450974257,1,9,0,1,1,1,5,9,9,6,0,0,0,0,2,1,6,6,2,30,6,1242,1,6,FIAT 500,9,E01030545,0,-1
2020041009436,2020,041009436,3,9,0,4,4,5,1,0,0,1,0,0,0,0,1,1,5,6,2,18,4,1242,1,5,FIAT 500,9,E01024994,0,-1
2020410925350,2020,410925350,2,9,0,3,3,1,5,0,0,4,0,0,0,0,2,1,5,6,2,48,8,1242,1,4,FIAT 500,4,E01023877,0,-1
2020470924893,2020,470924893,2,9,0,18,19,4,8,0,0,1,0,0,0,0,1,1,5,6,2,24,5,1242,1,6,FIAT 500,3,E01016952,0,-1
2020101010247,2020,101010247,1,9,0,18,19,5,1,0,0,1,0,0,0,0,1,1,6,6,2,23,5,1242,1,4,FIAT 500,2,E01008492,0,-1
2020450985959,2020,450985959,1,9,0,18,19,5,1,5,5,0,0,0,1,4,1,1,5,6,2,62,9,1242,1,1,FIAT 500,10,E01030328,0,-1
2020450970369,2020,450970369,1,9,0,18,19,3,7,0,0,2,0,0,0,0,3,1,1,1,1,39,7,1368,1,6,FIAT 500,10,E01030661,0,-1
2020421004860,2020,421004860,2,9,0,17,19,7,3,0,0,0,0,0,0,0,4,1,5,6,2,29,6,1248,2,12,FIAT 500,6,E01021886,0,-1
2020530915287,2020,530915287,1,9,0,18,19,5,1,0,0,1,0,0,0,0,1,1,5,6,2,21,5,1242,1,6,FIAT 500,1,W01000935,0,-1
2020370980474,2020,370980474,2,9,0,18,19,4,8,0,0,0,0,0,0,0,1,1,6,6,1,24,5,1242,1,8,FIAT 500,9,E01021721,0,-1
2020530954805,2020,530954805,2,9,0,18,19,-1,-1,0,0,0,0,0,0,0,3,1,6,6,2,30,6,1242,1,11,FIAT 500,9,E01022369,0,-1
2020470963640,2020,470963640,2,9,0,16,19,6,2,0,0,0,0,0,1,0,1,1,5,6,2,47,8,1368,1,11,FIAT 500,4,E01029196,0,-1
2020471010298,2020,471010298,1,9,0,18,19,3,7,0,0,0,2,0,1,0,4,2,5,6,2,22,5,1242,1,4,FIAT 500,4,E01024579,0,-1
2020500944535,2020,500944535,2,9,0,17,19,5,1,0,0,0,0,0,0,0,1,1,5,6,2,25,5,1242,1,5,FIAT 500,3,E01019922,0,-1
2020552000705,2020,552000705,3,9,0,4,4,8,3,0,0,1,0,0,1,0,2,1,6,6,2,31,6,1242,1,0,FIAT 500,7,W01001882,0,-1
2020460931768,2020,460931768,1,9,0,17,19,8,5,0,0,0,0,0,0,0,1,1,1,1,1,39,7,1242,1,2,FIAT 500,7,E01024789,0,-1
2020200969655,2020,200969655,3,9,0,4,4,2,6,0,0,0,0,0,0,0,3,1,6,6,1,19,4,1242,1,5,FIAT 500,5,E01009926,0,-1
2020160969418,2020,160969418,4,9,0,18,19,5,1,0,0,0,0,0,0,0,1,2,6,6,2,21,5,1242,1,8,FIAT 500,5,E01011352,0,-1
2020200994460,2020,200994460,2,9,0,18,19,8,4,0,0,0,0,0,0,0,4,1,1,1,1,24,5,875,1,8,FIAT 500,3,E01009660,0,-1
2020470925662,2020,470925662,1,9,0,18,19,8,4,0,0,8,0,0,1,0,3,1,5,6,2,61,9,875,1,5,FIAT 500,9,E01031751,0,-1
2020460953674,2020,460953674,3,9,0,2,2,0,0,0,0,1,1,4,0,0,3,1,5,6,2,-1,-1,1242,1,7,FIAT 500,-1,-1,0,-1
2020440358682,2020,440358682,1,9,0,7,7,7,5,0,0,8,0,0,0,0,0,1,6,6,2,28,6,1248,2,12,FIAT 500,5,E01022842,0,-1
2020500947367,2020,500947367,2,9,0,18,19,7,3,0,0,1,0,0,0,0,1,1,5,6,1,57,9,650,1,50,FIAT 500,7,E01018901,0,-1
2020400960013,2020,400960013,1,9,0,18,19,1,5,0,0,1,0,0,0,0,1,1,5,6,2,22,5,1242,1,8,FIAT 500,4,E01017599,0,-1
2020530980580,2020,530980580,2,9,0,7,7,2,5,0,0,3,0,0,0,0,0,1,6,6,2,24,5,1242,1,7,FIAT 500,10,E01022386,0,-1
2020052002013,2020,052002013,2,9,0,10,10,4,7,0,0,5,0,0,0,0,2,1,6,6,2,18,4,1242,1,8,FIAT 500,2,E01006624,0,-1
202006M167630,2020,06M167630,2,9,0,18,19,6,2,0,0,8,0,0,0,0,1,1,6,6,1,20,4,1242,1,11,FIAT 500,10,E01006151,0,-1
2020070752092,2020,070752092,2,9,0,18,19,5,1,0,0,0,0,0,0,0,2,1,6,6,2,39,7,1248,2,5,FIAT 500,9,E01012518,0,-1
2020420999573,2020,420999573,1,9,0,18,19,7,3,0,0,0,1,7,0,0,3,1,6,6,2,19,4,1242,1,7,FIAT 500,10,E01021616,0,-1
2020430168905,2020,430168905,1,9,0,17,19,5,2,0,0,2,1,0,0,0,2,1,6,6,2,19,4,1242,1,8,FIAT 500,10,E01028662,0,-1
2020140988605,2020,140988605,2,9,0,2,2,0,0,0,0,0,0,0,0,0,2,1,6,6,1,46,8,1368,1,12,FIAT 500,8,E01007427,0,-1
20201378I1270,2020,1378I1270,2,9,0,18,19,6,2,0,0,8,5,0,0,0,4,1,1,1,2,52,8,1242,1,3,FIAT 500,4,E01032498,0,-1
2020622001076,2020,622001076,1,9,0,18,19,8,4,0,0,0,0,0,0,0,1,1,2,2,2,29,6,1242,1,2,FIAT 500,1,W01001813,0,-1
2020010263457,2020,010263457,1,9,0,10,10,5,3,0,0,6,0,0,0,0,3,1,6,6,2,23,5,1368,1,4,FIAT 500,9,E01004276,0,-1
2020360940688,2020,360940688,1,9,0,5,5,3,5,0,0,1,0,0,0,0,1,1,2,2,1,48,8,1242,1,5,FIAT 500,6,E01026629,0,-1
2020010259094,2020,010259094,1,9,0,99,99,9,9,99,99,9,9,99,9,99,9,1,2,2,1,39,7,1242,1,8,FIAT 500,6,E01004359,0,-1
2020320094930,2020,320094930,2,9,0,9,9,7,1,0,0,1,0,0,0,0,3,1,6,6,2,25,5,1242,1,4,FIAT 500,3,E01026085,0,-1
2020470983104,2020,470983104,2,9,0,3,3,5,1,0,0,1,0,0,0,0,2,1,5,6,2,21,5,1242,1,2,FIAT 500,2,E01016918,0,-1
2020302000930,2020,302000930,1,9,0,18,19,1,5,0,0,4,0,0,0,0,1,1,2,2,2,46,8,1368,1,3,FIAT 500,6,E01029461,0,-1
2020470968709,2020,470968709,1,9,0,16,19,7,3,0,0,0,5,0,7,4,1,1,5,6,2,27,6,1242,1,7,FIAT 500,7,E01020943,0,-1
2020460965856,2020,460965856,1,9,0,5,5,7,3,0,0,8,5,0,0,0,3,1,6,6,2,48,8,875,1,2,FIAT 500,9,E01024757,0,-1
2020160996002,2020,160996002,2,9,0,3,3,8,4,0,0,2,0,0,0,0,2,1,6,6,2,34,6,1242,1,4,FIAT 500,1,E01012781,0,-1
2020500969349,2020,500969349,1,9,0,16,19,2,6,0,0,0,5,0,8,4,1,1,5,6,1,17,4,1242,1,10,FIAT 500,6,E01020531,0,-1
2020041007158,2020,041007158,1,9,0,9,9,1,5,0,0,8,0,0,0,0,1,1,2,2,2,24,5,1248,2,12,FIAT 500,3,E01012606,0,-1
2020421000442,2020,421000442,1,9,0,18,19,3,7,0,0,0,0,0,0,0,1,1,5,6,2,48,8,1242,1,6,FIAT 500,3,E01015825,0,-1
2020420995370,2020,420995370,1,9,0,4,4,7,3,0,0,3,0,0,0,0,2,1,5,6,2,19,4,1242,1,5,FIAT 500,5,E01000240,0,-1
2020450967228,2020,450967228,2,9,0,18,19,5,1,0,0,0,0,0,0,0,2,1,5,6,2,21,5,1242,1,2,FIAT 500,7,E01030458,0,-1
2020470989270,2020,470989270,1,9,0,8,8,3,5,0,0,2,0,0,7,0,1,1,5,6,2,69,10,1242,1,11,FIAT 500,8,E01016958,0,-1
2020010271793,2020,010271793,2,9,0,10,10,7,6,0,0,6,0,0,0,0,4,1,6,6,2,25,5,1368,1,2,FIAT 500,7,E01000685,0,-1
202063D034820,2020,63D034820,1,9,0,17,19,6,3,0,0,0,2,0,0,0,1,1,6,6,2,27,6,1242,1,8,FIAT 500,8,W01000447,0,-1
2020410975557,2020,410975557,1,9,0,18,19,3,7,0,0,0,5,0,7,0,1,1,6,6,2,25,5,1242,1,4,FIAT 500,6,E01023807,0,-1
2020420920864,2020,420920864,4,9,0,3,3,5,1,0,0,1,0,0,0,0,2,1,6,6,2,60,9,1242,1,10,FIAT 500,2,E01015899,0,-1
2020470986188,2020,470986188,1,9,0,9,9,8,6,0,0,1,0,0,0,0,1,1,2,2,2,52,8,1248,2,12,FIAT 500,7,E01021009,0,-1
202063C039420,2020,63C039420,1,9,0,18,19,3,7,0,0,4,0,0,0,0,1,1,6,6,2,29,6,1242,1,6,FIAT 500,4,W01000590,0,-1
2020230975152,2020,230975152,2,9,0,9,9,8,6,0,0,5,0,0,0,0,3,1,5,6,2,47,8,1242,1,4,FIAT 500,5,E01009186,0,-1
2020361003457,2020,361003457,1,9,0,17,19,8,4,0,0,0,5,0,8,0,1,1,5,6,2,27,6,1242,1,11,FIAT 500,9,E01026422,0,-1
2020041006365,2020,041006365,2,9,0,9,9,4,1,0,0,6,0,0,0,0,1,1,5,6,2,23,5,1242,1,6,FIAT 500,8,E01025000,0,-1
2020450924516,2020,450924516,2,9,0,18,19,5,1,0,0,0,0,0,0,0,1,1,2,2,2,35,6,1242,1,6,FIAT 500,1,E01031404,0,-1
2020420986498,2020,420986498,2,9,0,4,4,3,7,0,0,0,1,0,0,0,2,1,5,6,2,33,6,1248,2,12,FIAT 500,2,E01016041,0,-1
2020010233295,2020,010233295,1,9,0,99,99,9,9,99,99,1,9,99,9,99,1,9,6,6,2,25,5,1242,1,10,FIAT 500,3,E01002350,0,-1
2020200986088,2020,200986088,1,9,0,17,19,3,7,0,0,1,2,10,1,1,1,1,6,6,2,18,4,1242,1,5,FIAT 500,8,E01009785,0,-1
2020140994659,2020,140994659,2,9,0,9,9,6,3,0,0,8,0,0,0,0,3,1,5,6,2,56,9,1242,1,8,FIAT 500,6,E01007630,0,-1
2020070011555,2020,070011555,2,9,0,9,9,8,6,0,0,5,0,0,0,0,3,1,2,2,2,33,6,1242,1,8,FIAT 500,7,W01000338,0,-1
2020160916464,2020,160916464,2,9,0,18,19,7,3,0,0,1,0,0,0,0,1,1,5,6,2,21,5,1242,1,5,FIAT 500,3,E01012963,0,-1
2020990928594,2020,990928594,3,9,0,18,19,5,1,0,0,0,0,0,0,0,2,1,6,6,1,26,6,1242,1,6,FIAT 500,6,-1,0,-1
2020010229063,2020,010229063,1,9,0,9,9,5,3,0,0,8,0,0,0,0,1,1,6,6,2,24,5,1368,1,7,FIAT 500,5,E01003327,0,-1
2020622000086,2020,622000086,1,9,0,18,19,1,5,0,0,0,1,0,0,0,3,1,6,6,2,19,4,1242,1,8,FIAT 500,4,W01001272,0,-1
2020220935670,2020,220935670,2,9,0,17,19,5,2,0,0,8,0,0,0,0,1,1,2,2,1,41,7,1242,1,11,FIAT 500,5,E01014060,0,-1
202006A372170,2020,06A372170,1,9,0,18,19,5,1,0,0,1,0,0,0,0,1,1,6,6,2,36,7,1368,1,12,FIAT 500,6,E01005114,0,-1
2020320456840,2020,320456840,1,9,0,18,19,5,1,0,0,2,0,0,0,0,1,1,6,6,2,39,7,1242,1,5,FIAT 500,7,E01033108,0,-1
2020460928767,2020,460928767,1,9,0,18,19,5,1,0,0,0,0,0,0,0,3,1,6,6,2,17,4,1242,1,9,FIAT 500,6,E01024655,0,-1
2020210984027,2020,210984027,2,9,0,3,3,4,8,0,0,1,0,0,0,0,2,1,6,6,2,23,5,1242,1,5,FIAT 500,9,E01028854,0,-1
2020450925835,2020,450925835,3,9,0,18,19,1,5,0,0,0,0,0,0,0,1,1,6,6,2,52,8,1242,1,2,FIAT 500,3,E01030385,0,-1
2020302001294,2020,302001294,1,9,0,18,19,1,5,0,0,0,0,0,0,0,1,1,6,6,1,82,11,1242,1,6,FIAT 500,8,E01019454,0,-1
2020100969320,2020,100969320,1,9,0,3,3,1,4,0,0,4,0,0,0,0,2,1,2,2,2,33,6,1242,1,6,FIAT 500,3,E01027522,0,-1
2020122000275,2020,122000275,2,9,0,4,4,5,1,0,0,0,0,0,0,0,1,1,1,1,2,24,5,875,1,6,FIAT 500,5,E01013297,0,-1
2020211025861,2020,211025861,1,9,0,4,4,8,6,0,0,1,0,0,1,0,1,1,6,6,2,53,8,1242,1,6,FIAT 500,9,E01029601,0,-1
2020010238377,2020,010238377,1,9,9,99,99,9,9,99,99,0,9,99,9,99,9,9,6,6,2,69,10,1242,1,10,FIAT 500,7,E01001965,0,-1
2020010275115,2020,010275115,2,9,0,4,4,5,1,0,0,0,0,0,0,0,2,1,6,6,1,50,8,1242,1,8,FIAT 500,2,E01003243,0,-1
202006J373666,2020,06J373666,2,9,0,18,19,7,3,0,0,8,0,0,0,0,1,1,1,1,2,48,8,1242,1,6,FIAT 500,2,E01005708,0,-1
2020430160688,2020,430160688,1,9,0,9,9,8,7,0,0,5,0,0,0,0,1,1,6,6,2,65,9,1242,1,5,FIAT 500,7,E01017893,0,-1
2020420971316,2020,420971316,1,9,0,9,9,3,1,0,0,6,0,0,0,0,3,1,5,6,2,23,5,1242,1,4,FIAT 500,10,E01021787,0,-1
2020010228037,2020,010228037,1,9,0,18,19,1,5,0,0,1,0,0,0,0,2,1,6,6,2,26,6,1242,1,1,FIAT 500,-1,-1,0,-1
2020500951734,2020,500951734,2,9,0,3,3,3,7,0,0,0,0,0,0,0,1,1,5,6,2,60,9,1242,1,1,FIAT 500,7,E01020071,0,-1
2020370942700,2020,370942700,2,9,0,18,19,7,3,0,0,0,0,0,0,0,4,1,4,7,2,17,4,1242,1,7,FIAT 500,9,E01030216,0,-1
2020460932506,2020,460932506,1,9,0,18,19,8,5,0,0,0,0,0,0,0,1,1,6,6,2,62,9,1242,1,5,FIAT 500,6,E01024436,0,-1
2020220924837,2020,220924837,1,9,0,18,19,4,8,0,0,8,0,0,0,0,1,1,5,6,2,83,11,1242,1,9,FIAT 500,4,E01014128,0,-1
2020010274526,2020,010274526,1,9,0,18,19,2,6,0,0,8,0,0,0,0,4,1,6,6,1,36,7,1368,1,4,FIAT 500,5,E01000468,0,-1
2020010255668,2020,010255668,2,9,0,9,9,5,3,0,0,6,0,0,0,0,3,1,6,6,2,41,7,1242,1,5,FIAT 500,6,E01003840,0,-1
2020040967979,2020,040967979,5,9,0,4,4,5,1,0,0,0,0,0,0,0,1,1,5,6,2,19,4,1242,1,5,FIAT 500,3,E01005524,0,-1
2020201015058,2020,201015058,2,9,0,7,7,2,5,0,0,0,0,0,0,0,4,1,2,2,2,20,4,1242,1,7,FIAT 500,8,E01010373,0,-1
2020010286743,2020,010286743,1,9,0,9,9,6,5,0,0,4,0,0,0,0,3,1,6,6,2,36,7,1242,1,12,FIAT 500,4,E01003447,0,-1
2020552100199,2020,552100199,3,9,0,18,19,4,8,0,0,0,0,0,0,0,1,1,6,6,2,53,8,1242,1,5,FIAT 500,9,E01020373,0,-1
2020230999469,2020,230999469,2,9,0,18,19,4,8,0,0,0,0,0,1,9,1,1,5,6,2,71,10,1242,1,9,FIAT 500,10,E01031175,0,-1
2020371000028,2020,371000028,1,9,0,18,19,1,5,0,0,8,0,0,0,0,4,1,2,2,2,17,4,1242,1,8,FIAT 500,2,E01030031,0,-1
2020070790839,2020,070790839,1,9,0,17,19,1,5,0,0,0,1,10,1,4,4,1,6,6,2,26,6,1242,1,7,FIAT 500,8,E01006302,0,-1
2020161005478,2020,161005478,2,9,0,7,7,3,5,0,0,2,0,0,0,0,2,1,6,6,2,25,5,1242,1,3,FIAT 500,1,E01012779,0,-1
2020440233246,2020,440233246,2,9,0,3,3,6,2,0,0,0,0,0,0,0,2,1,6,6,2,25,5,1242,1,7,FIAT 500,9,E01022697,0,-1
2020340N03212,2020,340N03212,2,9,0,18,19,2,6,0,0,8,0,0,0,0,2,1,6,6,1,63,9,1242,1,7,FIAT 500,2,E01027161,0,-1
20201375K1083,2020,1375K1083,1,9,0,18,19,2,6,0,0,0,0,0,0,0,1,1,2,2,2,53,8,1242,1,4,FIAT 500,-1,-1,0,-1
2020100964425,2020,100964425,1,9,0,18,19,7,3,0,0,8,0,0,0,0,3,1,6,6,2,50,8,1242,1,7,FIAT 500,6,E01020617,0,-1
2020990929925,2020,990929925,2,9,0,4,4,3,7,0,0,1,0,0,0,0,2,1,6,6,2,19,4,1242,1,6,FIAT 500,3,-1,0,-1
2020421004413,2020,421004413,1,9,0,16,19,1,3,0,0,0,0,0,0,0,1,1,5,6,2,19,4,1242,1,6,FIAT 500,9,E01002259,0,-1
2020160926759,2020,160926759,1,9,0,9,9,2,8,0,0,2,0,0,0,0,3,1,5,6,2,18,4,875,1,8,FIAT 500,3,E01012784,0,-1
2020421001498,2020,421001498,1,9,0,18,19,7,3,0,0,8,1,0,0,0,1,1,5,6,2,25,5,999,1,0,FIAT 500,4,E01021819,0,-1
2020360964456,2020,360964456,2,9,0,18,19,5,1,0,0,2,0,0,0,0,1,1,1,1,2,60,9,1242,1,1,FIAT 500,6,E01026534,0,-1
2020010244889,2020,010244889,1,9,0,9,9,4,1,0,0,6,0,0,0,0,1,2,2,2,2,25,5,1242,1,11,FIAT 500,7,E01002966,0,-1
2020622001055,2020,622001055,1,9,0,18,19,2,6,0,0,0,0,0,0,0,1,1,1,1,2,22,5,875,1,9,FIAT 500,10,W01000880,0,-1
2020200942848,2020,200942848,1,9,0,5,5,7,3,0,0,4,0,0,0,0,1,1,1,1,2,32,6,1242,1,10,FIAT 500,2,E01008883,0,-1