collision_index,collision_year,collision_ref_no,vehicle_reference,vehicle_type,towing_and_articulation,vehicle_manoeuvre_historic,vehicle_manoeuvre,vehicle_direction_from,vehicle_direction_to,vehicle_location_restricted_lane_historic,vehicle_location_restricted_lane,junction_location,skidding_and_overturning,hit_object_in_carriageway,vehicle_leaving_carriageway,hit_object_off_carriageway,first_point_of_impact,vehicle_left_hand_drive,journey_purpose_of_driver_historic,journey_purpose_of_driver,sex_of_driver,age_of_driver,age_band_of_driver,engine_capacity_cc,propulsion_code,age_of_vehicle,generic_make_model,driver_imd_decile,lsoa_of_driver,escooter_flag,driver_distance_banding
2020440195821,2020,440195821,3,9,0,2,2,0,0,0,0,0,0,0,0,0,2,1,6,6,2,50,8,1242,1,3,FIAT 500,-1,-1,0,-1
2020350977608,2020,350977608,2,9,0,18,19,4,8,0,0,0,1,0,4,0,1,1,2,2,2,18,4,1248,2,12,FIAT 500,7,E01033177,0,-1
2020440256194,2020,440256194,2,9,0,3,3,2,6,0,0,0,0,0,0,0,2,1,6,6,2,18,4,1242,1,7,FIAT 500,10,E01022850,0,-1
2020160935419,2020,160935419,1,9,0,4,4,3,7,0,0,0,0,0,0,0,2,1,6,6,2,18,4,1242,1,6,FIAT 500,8,E01013102,0,-1
2020450942228,2020,450942228,1,9,0,18,19,1,1,0,0,0,0,0,0,0,1,1,6,6,2,56,9,1242,1,5,FIAT 500,6,E01030842,0,-1
2020460981124,2020,460981124,1,9,0,5,5,5,1,0,0,4,0,0,0,0,3,1,2,2,2,42,7,875,1,0,FIAT 500,9,E01024112,0,-1
2020430304227,2020,430304227,1,9,0,18,19,8,4,0,0,0,0,0,0,0,1,1,6,6,2,18,4,1242,1,8,FIAT 500,5,E01031731,0,-1
2020470923444,2020,470923444,1,9,0,18,19,7,3,9,9,8,0,0,1,10,1,1,2,2,1,35,6,1242,1,7,FIAT 500,3,E01031787,0,-1
2020010232638,2020,010232638,2,9,0,10,10,7,6,0,0,0,0,0,0,0,0,1,6,6,1,59,9,1242,1,6,FIAT 500,7,E01031308,0,-1
2020460930216,2020,460930216,2,9,0,17,19,7,3,0,0,0,0,0,0,0,1,1,5,6,2,21,5,1242,1,5,FIAT 500,8,E01000749,0,-1
2020200947757,2020,200947757,1,9,0,9,9,4,2,0,0,5,0,0,0,0,1,1,6,6,2,41,7,875,1,9,FIAT 500,1,E01032889,0,-1
2020160948909,2020,160948909,2,9,0,18,19,5,1,0,0,3,5,0,0,0,4,1,5,6,2,25,5,1242,1,7,FIAT 500,8,E01013190,0,-1
2020140941957,2020,140941957,3,9,0,2,2,0,0,0,0,2,0,0,0,0,2,1,6,6,2,-1,-1,1598,1,5,FIAT 500,6,E01007456,0,-1
2020460943562,2020,460943562,1,9,0,18,19,6,2,0,0,0,0,0,0,0,1,1,5,6,2,21,5,1248,2,10,FIAT 500,6,E01003038,0,-1
2020410943521,2020,410943521,2,9,0,18,19,-1,-1,0,0,0,0,0,6,0,4,1,6,6,2,18,4,1242,1,11,FIAT 500,6,E01023359,0,-1
2020100973040,2020,100973040,1,9,0,9,9,1,3,0,0,4,1,0,3,0,1,1,5,6,1,82,11,1242,1,0,FIAT 500,2,E01033716,0,-1
2020200953946,2020,200953946,1,9,0,18,19,6,2,0,0,0,1,10,7,4,1,1,6,6,2,19,4,1242,1,6,FIAT 500,1,E01009021,0,-1
2020522003425,2020,522003425,2,9,0,18,19,1,5,0,0,0,0,0,0,0,1,1,6,6,2,18,4,1242,1,12,FIAT 500,5,E01014537,0,-1
2020522002927,2020,522002927,2,9,0,18,19,8,4,0,0,1,0,0,0,0,1,1,6,6,2,45,7,875,1,6,FIAT 500,-1,-1,0,-1
2020010262704,2020,010262704,2,9,0,18,19,5,1,0,0,1,0,4,0,0,1,1,6,6,2,23,5,1242,1,4,FIAT 500,1,E01002082,0,-1
2020070481092,2020,070481092,1,9,0,18,19,2,6,0,0,0,0,0,1,0,1,1,6,6,1,34,6,1242,1,8,FIAT 500,2,E01018463,0,-1
2020460964625,2020,460964625,2,9,0,18,19,3,7,0,0,8,0,0,0,0,3,1,6,6,2,66,10,1242,1,5,FIAT 500,10,E01024752,0,-1
2020070684527,2020,070684527,2,9,0,2,2,0,0,0,0,0,0,0,0,0,2,1,6,6,2,21,5,1242,1,2,FIAT 500,5,E01012400,0,-1
2020360943990,2020,360943990,2,9,0,3,3,1,5,0,0,1,0,0,0,0,2,1,6,6,2,24,5,1242,1,8,FIAT 500,7,E01033434,0,-1
2020350926081,2020,350926081,2,9,0,9,9,1,5,0,0,8,1,0,0,0,4,1,5,6,1,55,8,1242,1,9,FIAT 500,8,E01015685,0,-1
2020440346096,2020,440346096,2,9,0,18,19,6,2,0,0,0,0,0,0,0,2,1,2,2,2,44,7,875,1,5,FIAT 500,10,E01020374,0,-1
2020010255840,2020,010255840,2,9,0,10,10,5,3,0,0,8,0,0,0,0,1,1,6,6,2,60,9,1368,1,12,FIAT 500,-1,-1,0,-1
2020010240512,2020,010240512,1,9,0,7,7,1,3,0,0,3,0,0,0,0,1,1,6,6,2,57,9,1242,1,8,FIAT 500,5,E01001914,0,-1
2020460974621,2020,460974621,2,9,0,3,3,5,1,0,0,0,0,0,0,0,3,1,5,6,2,57,9,1242,1,10,FIAT 500,5,E01033089,0,-1
2020220959211,2020,220959211,1,9,0,7,7,5,6,0,0,5,1,0,1,10,1,1,5,6,2,20,4,1242,1,12,FIAT 500,9,E01028814,0,-1
2020010268988,2020,010268988,2,9,0,18,19,3,7,0,0,8,0,0,1,0,1,1,6,6,2,18,4,1242,1,10,FIAT 500,2,E01032565,0,-1
2020450968489,2020,450968489,1,9,0,18,19,3,7,0,0,0,0,0,0,0,2,1,5,6,2,30,6,1242,1,1,FIAT 500,10,E01030297,0,-1
2020541664720,2020,541664720,2,9,0,18,19,7,3,0,0,0,0,0,0,0,1,1,6,6,2,51,8,1242,1,2,FIAT 500,10,E01016526,0,-1
202006G269093,2020,06G269093,1,9,0,18,19,3,7,0,0,8,0,0,0,0,4,1,6,6,2,72,10,1242,1,8,FIAT 500,3,E01006007,0,-1
2020622000656,2020,622000656,1,9,0,18,19,4,8,0,0,0,0,0,0,0,4,1,6,6,1,53,8,1242,1,4,FIAT 500,1,W01001274,0,-1
2020200943369,2020,200943369,2,9,0,11,11,4,8,0,0,1,0,0,0,0,2,1,1,1,2,40,7,1242,1,10,FIAT 500,2,E01009395,0,-1
2020500995356,2020,500995356,1,9,0,4,4,1,5,0,0,1,0,0,0,0,2,1,5,6,2,21,5,1242,1,11,FIAT 500,4,E01019932,0,-1
202054A251520,2020,54A251520,1,9,0,4,4,2,5,0,0,0,0,7,1,1,1,1,1,1,2,52,8,1242,1,2,FIAT 500,8,E01032016,0,-1
2020990993148,2020,990993148,2,9,0,16,19,4,8,0,0,0,0,0,0,0,1,1,5,6,2,35,6,1598,2,4,FIAT 500,5,-1,0,-1
2020010240988,2020,010240988,2,9,0,15,15,3,7,0,0,2,0,0,0,0,3,1,6,6,2,39,7,1242,1,10,FIAT 500,2,E01004394,0,-1
2020360952905,2020,360952905,2,9,0,17,19,3,7,0,0,0,0,0,0,0,1,1,6,6,2,18,4,1242,1,8,FIAT 500,5,E01026783,0,-1
2020010250221,2020,010250221,1,9,0,99,99,9,9,99,99,9,9,99,9,99,9,9,6,6,3,-1,-1,1242,1,5,FIAT 500,10,E01002958,0,-1
2020100987703,2020,100987703,1,9,0,16,19,3,7,0,0,0,0,0,0,0,1,1,2,2,1,31,6,1242,1,1,FIAT 500,-1,-1,0,-1
2020520101049,2020,520101049,1,9,0,18,19,2,6,0,0,0,5,0,1,9,1,1,6,6,2,17,4,1242,1,7,FIAT 500,5,E01029058,0,-1
2020122100160,2020,122100160,2,9,0,18,19,1,5,0,0,0,0,0,0,0,1,1,6,6,2,61,9,1242,1,8,FIAT 500,5,E01027723,0,-1
2020990992817,2020,990992817,1,9,0,17,19,7,3,0,0,0,1,0,1,4,1,1,5,6,2,20,4,1242,1,7,FIAT 500,-1,-1,0,-1
2020010239039,2020,010239039,2,9,0,99,99,9,9,99,99,9,9,99,9,99,1,9,6,6,3,-1,-1,1242,1,12,FIAT 500,3,E01000948,0,-1
2020052001990,2020,052001990,3,9,0,3,3,2,6,0,0,0,0,0,0,0,2,1,6,6,2,22,5,1242,1,2,FIAT 500,6,E01007158,0,-1
2020010236305,2020,010236305,1,9,0,17,19,3,7,0,0,1,0,0,0,0,1,1,1,1,2,21,5,1242,1,2,FIAT 500,-1,-1,0,-1
2020990958569,2020,990958569,2,9,0,7,7,4,7,0,0,4,1,9,0,0,1,1,5,6,2,17,4,1242,1,8,FIAT 500,2,-1,0,-1
2020440316348,2020,440316348,2,9,0,5,5,6,2,0,0,4,0,0,0,0,2,1,6,6,2,17,4,1242,1,3,FIAT 500,10,E01022931,0,-1
2020350997971,2020,350997971,1,9,0,17,19,1,4,0,0,0,0,6,1,0,3,1,5,6,2,25,5,1242,1,11,FIAT 500,10,E01018306,0,-1
2020470975883,2020,470975883,1,9,0,18,19,6,2,0,0,8,0,0,0,0,4,1,2,2,2,19,4,1242,1,4,FIAT 500,6,E01031402,0,-1
2020070761436,2020,070761436,1,9,0,18,19,6,2,0,0,1,0,0,0,0,1,1,6,6,2,21,5,1242,1,2,FIAT 500,1,E01018311,0,-1
2020470919744,2020,470919744,2,9,0,18,19,1,5,0,0,0,0,0,0,0,2,1,6,6,2,19,4,1242,1,7,FIAT 500,6,E01031604,0,-1
2020137AQ0470,2020,137AQ0470,2,9,0,18,19,7,3,0,0,1,0,0,0,0,4,1,6,6,1,55,8,1598,2,6,FIAT 500,10,E01011120,0,-1
2020440434043,2020,440434043,1,9,0,5,5,3,6,0,0,6,0,0,0,0,1,1,2,2,2,61,9,875,1,8,FIAT 500,4,E01017058,0,-1
2020122000587,2020,122000587,1,9,0,18,19,3,7,0,0,3,0,0,0,0,4,1,6,6,2,34,6,1242,1,7,FIAT 500,6,E01027681,0,-1
2020010232109,2020,010232109,1,9,0,99,99,9,9,0,0,4,9,99,9,99,3,9,6,6,2,32,6,1242,1,8,FIAT 500,10,E01021248,0,-1
2020500964938,2020,500964938,1,9,0,16,19,3,7,0,0,0,5,0,7,11,4,1,6,6,2,88,11,1242,1,4,FIAT 500,6,E01020188,0,-1
2020420964050,2020,420964050,1,9,0,18,19,2,6,0,0,0,0,0,0,0,1,1,5,6,2,32,6,1242,1,3,FIAT 500,3,E01003656,0,-1
2020200953678,2020,200953678,2,9,0,18,19,1,5,0,0,8,0,0,0,0,1,1,6,6,2,51,8,1242,1,4,FIAT 500,2,E01010102,0,-1
2020430133655,2020,430133655,3,9,0,3,3,5,1,0,0,8,0,0,0,0,2,1,1,1,2,31,6,1242,1,5,FIAT 500,9,E01028642,0,-1
2020137AN1820,2020,137AN1820,1,9,0,18,19,5,1,0,0,0,0,0,0,0,1,1,6,6,2,53,8,1242,1,2,FIAT 500,4,E01010877,0,-1
2020370995621,2020,370995621,1,9,0,18,19,3,7,0,0,0,0,0,0,0,4,1,3,7,2,31,6,1242,1,9,FIAT 500,2,E01030131,0,-1
2020421007669,2020,421007669,2,9,0,18,19,8,4,0,0,1,0,0,0,0,1,1,2,2,2,19,4,1242,1,10,FIAT 500,7,E01022088,0,-1
2020470919614,2020,470919614,2,9,0,4,4,6,2,0,0,0,0,0,0,0,2,1,4,7,2,17,4,1242,1,5,FIAT 500,5,E01031565,0,-1
2020500933514,2020,500933514,2,9,0,4,4,7,3,0,0,1,0,0,0,0,2,1,2,2,2,49,8,1242,1,1,FIAT 500,7,E01015122,0,-1
2020320583910,2020,320583910,2,9,0,9,9,8,4,0,0,1,5,0,0,0,2,1,6,6,2,24,5,1368,1,4,FIAT 500,3,E01031173,0,-1
2020990949592,2020,990949592,1,9,0,17,19,5,1,0,0,2,0,0,0,0,2,2,5,6,2,35,6,1956,2,4,FIAT 500,-1,-1,0,-1
2020070032641,2020,070032641,1,9,0,18,19,4,8,0,0,0,0,0,5,6,1,1,6,6,2,34,6,1242,1,5,FIAT 500,-1,-1,0,-1
2020010269511,2020,010269511,1,9,0,99,99,9,9,99,99,9,9,99,9,99,2,9,6,6,2,24,5,1242,1,5,FIAT 500,4,E01001097,0,-1
2020500958761,2020,500958761,2,9,0,4,4,1,5,0,0,4,1,0,0,0,2,1,5,6,2,19,4,1248,2,10,FIAT 500,4,E01015177,0,-1
2020160959846,2020,160959846,2,9,0,18,19,4,8,0,0,0,0,0,0,0,2,1,1,1,2,25,5,1242,1,8,FIAT 500,9,E01013155,0,-1
2020450973951,2020,450973951,2,9,0,18,19,3,7,0,0,0,0,0,0,0,1,1,5,6,2,46,8,1242,1,11,FIAT 500,10,E01030475,0,-1
2020302001344,2020,302001344,1,9,0,18,19,4,8,0,0,0,0,0,0,0,3,1,1,1,2,28,6,1242,1,7,FIAT 500,8,E01027993,0,-1
2020410965909,2020,410965909,2,9,0,18,19,3,7,0,0,8,0,0,0,0,2,1,6,6,2,30,6,1242,1,6,FIAT 500,4,E01021822,0,-1
202006N176524,2020,06N176524,2,9,0,9,9,7,5,0,0,6,0,0,0,0,1,1,6,6,2,29,6,1242,1,6,FIAT 500,4,E01005059,0,-1
2020302000422,2020,302000422,1,9,0,18,19,6,2,0,0,3,0,0,1,2,1,1,6,6,2,18,4,1242,1,12,FIAT 500,-1,-1,0,-1
2020160960249,2020,160960249,1,9,0,18,19,6,2,0,0,0,0,7,4,0,1,1,5,6,2,31,6,1368,1,5,FIAT 500,9,E01013797,0,-1
2020370930669,2020,370930669,1,9,0,18,19,7,3,0,0,0,0,0,0,0,1,1,5,6,2,17,4,1242,1,6,FIAT 500,7,E01030083,0,-1
2020010249689,2020,010249689,2,9,0,99,99,9,9,99,99,9,9,99,9,99,1,9,6,6,3,-1,-1,1242,1,8,FIAT 500,-1,-1,0,-1
2020460973809,2020,460973809,2,9,0,18,19,4,8,0,0,0,0,0,0,0,0,1,6,6,2,-1,-1,1242,1,7,FIAT 500,2,E01024505,0,-1
2020400934611,2020,400934611,2,9,0,16,19,5,7,0,0,1,0,0,0,0,1,1,3,7,2,17,4,1242,1,9,FIAT 500,10,E01017530,0,-1
2020420933528,2020,420933528,2,9,0,3,3,5,7,0,0,1,0,0,0,0,2,1,5,6,2,17,4,875,1,8,FIAT 500,2,E01021592,0,-1
2020460956643,2020,460956643,2,9,0,18,19,8,2,0,0,1,0,0,0,0,4,1,5,6,2,60,9,1242,1,6,FIAT 500,9,E01024446,0,-1
2020440186003,2020,440186003,1,9,0,18,19,3,6,0,0,8,0,0,0,0,1,1,6,6,2,34,6,1598,2,4,FIAT 500,2,E01017032,0,-1
2020100961485,2020,100961485,2,9,0,18,19,5,1,0,0,1,0,0,0,0,1,1,5,6,2,52,8,1956,2,4,FIAT 500,5,E01027453,0,-1
2020160947066,2020,160947066,1,9,0,18,19,4,8,0,0,8,1,0,0,0,4,1,2,2,2,38,7,1242,1,1,FIAT 500,4,E01008115,0,-1
2020991003472,2020,991003472,1,9,0,17,19,1,4,0,0,0,2,0,7,0,1,1,6,6,2,21,5,1242,1,10,FIAT 500,4,-1,0,-1
2020122001202,2020,122001202,2,9,0,13,13,5,1,0,0,0,0,0,0,0,2,1,1,1,2,56,9,1242,1,1,FIAT 500,4,E01027608,0,-1
2020410932199,2020,410932199,1,9,0,18,19,3,7,0,0,0,2,0,4,6,3,1,2,2,2,27,6,1242,1,11,FIAT 500,4,E01015717,0,-1
2020010232122,2020,010232122,2,9,0,9,9,3,1,0,0,4,1,0,0,0,1,1,6,6,2,17,4,1242,1,10,FIAT 500,7,E01000791,0,-1
2020010242766,2020,010242766,1,9,0,18,19,7,3,0,0,0,1,0,0,0,2,1,6,6,2,47,8,1242,1,11,FIAT 500,6,E01001245,0,-1
2020622000481,2020,622000481,3,9,0,3,3,6,2,0,0,1,0,0,0,0,2,1,6,6,2,32,6,1242,1,4,FIAT 500,3,W01001711,0,-1
2020360993891,2020,360993891,1,9,0,18,19,4,7,0,0,4,0,0,0,0,1,1,5,6,2,27,6,875,1,7,FIAT 500,5,E01026845,0,-1
2020430380395,2020,430380395,1,9,0,3,3,3,7,0,0,4,0,0,0,0,2,1,6,6,2,76,11,1242,1,7,FIAT 500,10,E01016349,0,-1
2020137CD1403,2020,137CD1403,6,9,0,2,2,0,0,0,0,2,0,0,0,0,2,1,6,6,3,-1,-1,1242,1,8,FIAT 500,-1,-1,0,-1
2020430372186,2020,430372186,2,9,0,5,5,7,1,0,0,1,0,0,0,0,2,1,2,2,2,29,6,1242,1,5,FIAT 500,9,E01017394,0,-1
2020500922153,2020,500922153,1,9,0,18,19,2,6,0,0,1,0,0,0,0,1,1,5,6,2,71,10,1242,1,11,FIAT 500,6,E01020338,0,-1
2020010249989,2020,010249989,1,9,0,99,99,9,9,99,99,9,9,99,9,99,2,9,6,6,2,30,6,875,1,5,FIAT 500,3,E01004280,0,-1
2020110972138,2020,110972138,2,9,0,18,19,5,1,0,0,0,0,0,0,0,4,1,6,6,2,45,7,1242,1,2,FIAT 500,2,E01020748,0,-1
202006N569768,2020,06N569768,1,9,0,9,9,4,3,0,0,8,0,0,0,0,4,1,6,6,1,59,9,1368,1,5,FIAT 500,4,E01004993,0,-1
2020160946833,2020,160946833,2,9,0,3,3,4,8,0,0,0,0,0,0,0,1,1,6,6,2,57,9,1242,1,9,FIAT 500,5,E01033414,0,-1
2020460926297,2020,460926297,2,9,0,18,19,6,2,0,0,3,1,11,8,7,4,1,6,6,2,20,4,1242,1,10,FIAT 500,6,E01024568,0,-1
2020040962800,2020,040962800,2,9,0,18,19,2,6,0,0,0,0,0,0,0,1,1,2,2,2,25,5,875,1,8,FIAT 500,8,E01012652,0,-1
2020430281187,2020,430281187,2,9,0,18,19,8,4,0,0,8,0,0,0,0,1,1,6,6,2,19,4,1242,1,8,FIAT 500,5,E01017748,0,-1
2020440427234,2020,440427234,1,9,0,18,19,1,5,0,0,0,0,0,1,0,1,1,6,6,2,67,10,1242,1,5,FIAT 500,-1,-1,0,-1
2020430129991,2020,430129991,2,9,0,18,19,8,3,0,0,8,0,0,0,0,1,1,6,6,2,18,4,1242,1,7,FIAT 500,10,E01028823,0,-1
2020421004644,2020,421004644,2,9,0,18,19,1,5,0,0,8,0,0,0,0,3,1,6,6,2,22,5,999,1,0,FIAT 500,2,E01021771,0,-1
2020070565547,2020,070565547,2,9,0,3,3,3,7,0,0,1,0,4,0,0,2,1,6,6,2,18,4,1248,2,9,FIAT 500,-1,-1,0,-1
2020220972160,2020,220972160,1,9,0,18,19,3,7,0,0,0,0,0,0,0,1,1,5,6,2,21,5,1242,1,2,FIAT 500,6,E01014133,0,-1
2020460997791,2020,460997791,1,9,0,11,11,3,7,0,0,0,2,0,0,0,1,1,6,6,2,20,4,1242,1,9,FIAT 500,10,E01024441,0,-1
2020010257390,2020,010257390,2,9,0,99,99,9,9,99,99,0,9,99,9,99,4,9,6,6,3,54,8,1368,1,3,FIAT 500,7,E01003167,0,-1
2020010247959,2020,010247959,1,9,0,4,4,7,3,0,0,1,0,0,0,0,3,1,6,6,2,24,5,1242,1,7,FIAT 500,7,E01001314,0,-1
2020010278828,2020,010278828,2,9,0,18,19,1,5,0,0,1,1,0,0,0,1,1,2,2,2,29,6,1242,1,5,FIAT 500,6,E01004636,0,-1
2020010262496,2020,010262496,2,9,0,7,7,2,4,0,0,1,9,0,0,99,4,9,6,6,2,-1,-1,1242,1,9,FIAT 500,2,E01004364,0,-1
2020052001938,2020,052001938,1,9,0,18,19,1,5,0,0,0,0,0,0,0,1,1,6,6,2,28,6,1242,1,10,FIAT 500,3,E01007253,0,-1
2020220956798,2020,220956798,1,9,0,18,19,7,3,0,0,6,0,0,0,0,1,1,5,6,2,26,6,1242,1,3,FIAT 500,2,E01010400,0,-1
2020540748020,2020,540748020,1,9,0,7,7,2,4,0,0,4,0,0,0,0,3,1,6,6,2,46,8,1248,2,10,FIAT 500,8,E01014449,0,-1
2020470972304,2020,470972304,2,9,0,5,5,5,1,0,0,0,0,0,0,0,2,1,6,6,2,25,5,1242,1,4,FIAT 500,10,E01031619,0,-1
2020332000172,2020,332000172,2,9,0,18,19,1,5,0,0,0,0,0,0,0,1,1,6,6,2,26,6,1242,1,6,FIAT 500,6,E01025939,0,-1
2020622000528,2020,622000528,1,9,0,18,19,2,6,0,0,1,0,0,0,0,1,1,6,6,2,19,4,1242,1,6,FIAT 500,7,W01001584,0,-1
2020420974633,2020,420974633,1,9,0,11,11,5,1,0,0,0,0,0,0,0,4,1,5,6,2,26,6,1242,1,3,FIAT 500,7,E01021856,0,-1
2020430400823,2020,430400823,1,9,0,7,7,1,4,0,0,6,0,0,0,0,1,1,6,6,1,75,10,1242,1,1,FIAT 500,-1,-1,0,-1
2020460956782,2020,460956782,2,9,0,9,9,2,8,0,0,6,0,0,0,0,3,1,5,6,2,19,4,1242,1,10,FIAT 500,4,E01024217,0,-1
2020400965279,2020,400965279,1,9,0,10,10,8,4,0,0,1,0,0,0,0,1,1,5,6,2,20,4,1242,1,11,FIAT 500,9,E01017439,0,-1
2020040991881,2020,040991881,1,9,0,18,19,7,3,0,0,1,0,0,7,0,1,1,6,6,2,45,7,1242,1,1,FIAT 500,2,E01025313,0,-1
2020470922951,2020,470922951,1,9,0,18,19,4,8,0,0,2,0,0,0,0,4,1,6,6,2,48,8,1242,1,4,FIAT 500,5,E01021031,0,-1
2020122000250,2020,122000250,1,9,0,18,19,7,3,0,0,0,5,0,7,11,1,1,6,6,2,19,4,1242,1,8,FIAT 500,8,E01027713,0,-1
2020410959413,2020,410959413,1,9,0,18,19,5,1,0,0,0,5,0,0,0,1,1,6,6,2,52,8,1242,1,2,FIAT 500,7,E01023347,0,-1
2020140927405,2020,140927405,2,9,0,16,19,7,2,0,0,8,0,0,0,0,1,1,1,1,2,21,5,1242,1,1,FIAT 500,8,E01007427,0,-1
2020340C80112,2020,340C80112,1,9,0,18,19,2,6,0,0,0,0,0,0,0,1,1,6,6,2,24,5,1242,1,1,FIAT 500,9,E01027117,0,-1
202006XK67695,2020,06XK67695,2,9,0,18,19,4,8,0,0,0,0,0,0,0,1,1,6,6,3,30,6,1242,1,6,FIAT 500,-1,-1,0,-1
2020350995602,2020,350995602,1,9,0,18,19,7,3,0,0,0,0,0,1,1,4,1,5,6,2,23,5,1242,1,7,FIAT 500,5,E01033180,0,-1
2020140952187,2020,140952187,1,9,0,9,9,3,7,0,0,8,0,0,0,0,4,1,5,6,2,20,4,1242,1,8,FIAT 500,5,E01008034,0,-1
2020450945595,2020,450945595,1,9,0,9,9,4,8,0,0,1,0,0,0,0,1,1,5,6,2,17,4,1242,1,11,FIAT 500,7,E01030864,0,-1
2020420957036,2020,420957036,1,9,0,3,3,3,4,0,0,1,0,0,0,0,1,1,1,1,2,19,4,1242,1,10,FIAT 500,10,E01021929,0,-1
20201372H0610,2020,1372H0610,1,9,0,7,7,5,7,0,0,5,0,0,0,0,1,1,6,6,1,46,8,1242,1,1,FIAT 500,-1,-1,0,-1
2020460967002,2020,460967002,1,9,0,18,19,1,5,0,0,8,0,0,0,0,1,1,6,6,2,26,6,1242,1,4,FIAT 500,4,E01016141,0,-1
2020052000391,2020,052000391,1,9,0,18,19,5,1,0,0,0,0,0,0,0,1,1,6,6,2,18,4,1242,1,5,FIAT 500,-1,-1,0,-1
2020450932900,2020,450932900,3,9,0,2,2,0,0,0,0,2,0,0,0,0,2,1,6,6,2,27,6,1242,1,10,FIAT 500,7,E01030956,0,-1
2020440190937,2020,440190937,1,9,0,17,19,6,3,0,0,0,0,0,1,10,1,1,6,6,1,18,4,1242,1,9,FIAT 500,10,E01032856,0,-1
2020302000117,2020,302000117,2,9,0,9,9,6,4,0,0,8,0,0,0,0,1,1,6,6,2,18,4,1242,1,5,FIAT 500,8,E01019410,0,-1
2020542287120,2020,542287120,1,9,0,9,9,1,3,0,0,8,0,0,0,0,2,1,6,6,2,39,7,1242,1,5,FIAT 500,9,E01031998,0,-1
202006A272790,2020,06A272790,2,9,0,3,3,7,3,0,0,8,0,0,0,0,2,1,6,6,1,28,6,1242,1,5,FIAT 500,2,E01005149,0,-1
2020522005061,2020,522005061,2,9,0,5,5,4,8,0,0,0,0,0,0,0,1,1,6,6,3,-1,-1,1242,1,9,FIAT 500,-1,-1,0,-1
2020070030045,2020,070030045,1,9,0,9,9,7,5,0,0,6,0,0,0,11,3,1,6,6,2,18,4,1242,1,7,FIAT 500,10,E01018561,0,-1
2020540824320,2020,540824320,1,9,0,1,1,4,8,0,0,0,0,0,1,11,2,1,6,6,1,77,11,1242,1,11,FIAT 500,10,E01031927,0,-1
2020450958276,2020,450958276,1,9,0,18,19,7,2,0,0,2,0,0,0,0,2,1,5,6,2,21,5,1242,1,4,FIAT 500,7,E01001027,0,-1
2020350988191,2020,350988191,2,9,0,18,19,7,3,0,0,0,0,0,0,0,3,1,3,7,1,44,7,1242,1,9,FIAT 500,4,E01017947,0,-1
2020010245749,2020,010245749,2,9,0,9,9,5,3,0,0,1,0,0,0,0,1,1,6,6,2,20,4,1242,1,4,FIAT 500,7,E01004619,0,-1
2020122000390,2020,122000390,1,9,0,5,5,2,4,0,0,8,0,0,0,0,1,1,1,1,1,53,8,1368,1,4,FIAT 500,5,E01013125,0,-1
2020010230596,2020,010230596,2,9,0,9,9,6,4,0,0,1,0,0,0,0,0,1,-1,-1,3,-1,-1,1242,1,8,FIAT 500,-1,-1,0,-1
2020440220371,2020,440220371,4,9,0,2,2,0,0,0,0,0,0,0,0,0,2,1,6,6,2,27,6,1242,1,11,FIAT 500,4,E01017081,0,-1
2020010268639,2020,010268639,1,9,0,99,99,9,9,99,99,0,9,99,9,99,9,9,6,6,1,39,7,875,1,9,FIAT 500,3,E01004458,0,-1
2020141010149,2020,141010149,1,9,0,18,19,5,1,0,0,0,5,0,0,0,4,2,5,6,2,52,8,1242,1,7,FIAT 500,1,E01007365,0,-1
2020320432737,2020,320432737,1,9,0,17,19,2,5,0,0,0,5,0,1,0,1,1,2,2,2,18,4,1242,1,10,FIAT 500,-1,-1,0,-1
2020460928973,2020,460928973,2,9,0,18,19,2,6,0,0,1,0,0,0,0,1,1,5,6,2,26,6,1242,1,11,FIAT 500,2,E01016018,0,-1
2020470933945,2020,470933945,1,9,0,3,3,6,2,0,0,0,0,0,0,0,4,1,6,6,2,-1,-1,1242,1,8,FIAT 500,8,E01021147,0,-1
2020610043020,2020,610043020,2,9,0,16,19,2,5,0,0,0,0,0,0,0,1,1,2,2,2,23,5,1242,1,11,FIAT 500,3,W01001362,0,-1
2020040934517,2020,040934517,2,9,0,18,19,1,5,0,0,0,0,0,0,0,2,1,2,2,2,41,7,1598,2,7,FIAT 500,4,E01025213,0,-1
2020030926606,2020,030926606,1,9,0,18,19,6,2,0,0,0,0,0,1,0,1,1,5,6,2,56,9,1242,1,10,FIAT 500,8,E01019330,0,-1
2020360947712,2020,360947712,1,9,0,5,5,5,1,8,6,0,0,0,0,0,1,1,6,6,2,35,6,1242,1,5,FIAT 500,5,E01026724,0,-1
2020990984645,2020,990984645,1,9,0,18,19,2,6,0,0,0,0,0,0,0,1,1,5,6,2,18,4,1242,1,5,FIAT 500,1,-1,0,-1
2020350928678,2020,350928678,2,9,0,14,14,5,1,0,0,0,0,0,0,0,2,1,5,6,2,22,5,1242,1,5,FIAT 500,6,E01015679,0,-1