collision_index,collision_year,collision_ref_no,vehicle_reference,vehicle_type,towing_and_articulation,vehicle_manoeuvre_historic,vehicle_manoeuvre,vehicle_direction_from,vehicle_direction_to,vehicle_location_restricted_lane_historic,vehicle_location_restricted_lane,junction_location,skidding_and_overturning,hit_object_in_carriageway,vehicle_leaving_carriageway,hit_object_off_carriageway,first_point_of_impact,vehicle_left_hand_drive,journey_purpose_of_driver_historic,journey_purpose_of_driver,sex_of_driver,age_of_driver,age_band_of_driver,engine_capacity_cc,propulsion_code,age_of_vehicle,generic_make_model,driver_imd_decile,lsoa_of_driver,escooter_flag,driver_distance_banding
2020200947709,2020,200947709,2,9,0,18,19,6,2,0,0,8,0,0,0,0,1,1,6,6,2,40,7,1368,1,5,FIAT 500,6,E01032591,0,-1
2020990940418,2020,990940418,1,9,0,18,19,5,1,0,0,8,0,0,0,0,1,1,2,2,2,23,5,1242,1,7,FIAT 500,6,E01031523,0,-1
2020430172312,2020,430172312,2,9,0,18,19,4,8,0,0,0,0,0,0,0,1,1,1,1,3,22,5,1242,1,3,FIAT 500,10,E01016657,0,-1
2020010253143,2020,010253143,1,9,0,9,9,1,6,0,0,5,0,0,0,0,3,1,2,2,1,52,8,1242,1,4,FIAT 500,2,E01001849,0,-1
2020520004898,2020,520004898,1,9,0,2,2,0,0,0,0,0,0,0,0,0,2,1,6,6,2,71,10,1242,1,12,FIAT 500,4,E01029050,0,-1
2020200972049,2020,200972049,1,9,0,12,12,6,2,0,0,4,0,0,0,0,1,1,6,6,2,-1,-1,1242,1,5,FIAT 500,6,E01029750,0,-1
2020360918995,2020,360918995,1,9,0,18,19,7,3,0,0,0,0,0,0,0,4,1,6,6,1,72,10,1248,2,6,FIAT 500,10,E01030233,0,-1
2020010279991,2020,010279991,2,9,9,99,99,9,9,99,99,0,9,99,9,99,1,9,6,6,3,-1,-1,999,1,0,FIAT 500,-1,-1,0,-1
2020160938743,2020,160938743,1,9,0,9,9,7,5,0,0,2,0,0,0,0,3,1,6,6,2,49,8,1242,1,7,FIAT 500,1,E01013000,0,-1
2020420967924,2020,420967924,1,9,0,18,19,7,2,0,0,4,0,10,0,0,3,1,5,6,2,69,10,1242,1,1,FIAT 500,10,E01021960,0,-1
2020450935180,2020,450935180,1,9,0,18,19,8,4,0,0,0,0,0,0,0,1,1,5,6,2,34,6,1242,1,6,FIAT 500,8,E01030409,0,-1
202031B168720,2020,31B168720,1,9,0,9,9,5,3,0,0,4,0,0,0,0,1,1,6,6,1,69,10,1248,2,7,FIAT 500,4,E01028028,0,-1
2020211004010,2020,211004010,1,9,0,17,19,3,7,0,0,0,2,10,7,0,4,1,6,6,2,18,4,1242,1,11,FIAT 500,6,E01029428,0,-1
20201379C1066,2020,1379C1066,2,9,0,11,11,5,1,0,0,0,1,0,7,2,3,1,2,2,2,24,5,1242,1,8,FIAT 500,2,E01013240,0,-1
202006Q166928,2020,06Q166928,2,9,0,3,3,6,2,0,0,1,0,0,0,0,2,1,2,2,2,47,8,1242,1,4,FIAT 500,6,E01005454,0,-1
2020420975842,2020,420975842,2,9,0,2,2,0,0,0,0,0,0,2,0,0,2,1,5,6,1,50,8,1242,1,10,FIAT 500,1,E01016007,0,-1
2020450939033,2020,450939033,1,9,0,18,19,1,1,0,0,0,0,0,0,0,1,1,6,6,2,22,5,1242,1,3,FIAT 500,9,E01030890,0,-1
2020010285386,2020,010285386,1,9,0,3,3,3,7,0,0,1,0,0,0,0,1,1,2,2,2,42,7,875,1,9,FIAT 500,9,E01032034,0,-1
2020460992383,2020,460992383,2,9,0,18,19,1,5,0,0,0,0,0,0,0,1,1,5,6,2,20,4,1242,1,6,FIAT 500,9,E01016176,0,-1
2020544344020,2020,544344020,2,9,0,9,9,6,4,0,0,6,0,0,0,0,1,1,6,6,2,77,11,1242,1,11,FIAT 500,8,E01032695,0,-1
2020010271752,2020,010271752,1,9,0,18,19,7,3,0,0,0,0,11,4,6,1,1,2,2,2,24,5,1242,1,6,FIAT 500,7,E01002367,0,-1
2020140990877,2020,140990877,1,9,0,3,3,2,6,0,0,1,0,0,0,0,1,1,5,6,1,44,7,1242,1,8,FIAT 500,2,E01007531,0,-1
2020010245881,2020,010245881,1,9,0,3,3,5,1,0,0,1,0,0,0,0,1,1,6,6,1,34,6,1242,1,1,FIAT 500,1,E01033603,0,-1
2020990963623,2020,990963623,1,9,0,18,19,4,8,0,0,1,0,0,0,0,3,1,5,6,2,76,11,1242,1,11,FIAT 500,1,-1,0,-1
2020420981227,2020,420981227,1,9,0,18,19,3,7,9,9,0,0,0,7,4,1,1,6,6,2,17,4,1242,1,4,FIAT 500,9,E01021945,0,-1
2020420951527,2020,420951527,1,9,0,9,9,1,6,0,0,1,0,0,0,0,4,1,5,6,2,19,4,1242,1,6,FIAT 500,9,E01021471,0,-1
2020530969297,2020,530969297,1,9,0,3,3,6,1,0,0,1,0,0,0,0,2,1,6,6,2,50,8,1242,1,12,FIAT 500,4,E01022188,0,-1
2020470929316,2020,470929316,1,9,0,16,19,4,7,0,0,0,5,0,0,0,4,1,2,2,2,22,5,1242,1,10,FIAT 500,4,E01021060,0,-1
2020010246176,2020,010246176,2,9,0,18,19,6,2,0,0,1,9,0,0,99,1,9,6,6,3,-1,-1,875,1,6,FIAT 500,-1,-1,0,-1
2020052001636,2020,052001636,2,9,0,3,3,1,5,0,0,0,0,0,0,0,2,1,6,6,2,20,4,1242,1,6,FIAT 500,8,E01006857,0,-1
202031D112620,2020,31D112620,1,9,0,9,9,7,5,0,0,6,0,0,0,0,1,1,6,6,2,23,5,875,1,5,FIAT 500,8,E01028375,0,-1
2020451003467,2020,451003467,2,9,0,18,19,3,7,0,0,1,0,0,0,0,1,1,5,6,1,50,8,1242,1,6,FIAT 500,9,E01031004,0,-1
2020370999400,2020,370999400,1,9,0,1,1,4,8,0,0,1,0,0,0,0,2,1,5,6,1,25,5,1753,2,17,FORD Model Missing,3,E01030025,0,-1
2020432003741,2020,432003741,4,9,0,18,19,5,1,0,0,0,0,0,0,0,2,1,6,6,1,65,9,2994,1,51,FORD Model Missing,2,E01027349,0,-1
2020201004661,2020,201004661,1,9,0,18,19,-1,-1,0,0,0,0,0,0,0,0,1,6,6,1,29,6,2521,1,12,FORD Model Missing,5,E01009227,0,-1
2020440351352,2020,440351352,1,9,0,1,1,2,6,0,0,0,0,0,0,0,1,1,6,6,1,82,11,4100,1,57,FORD Model Missing,6,E01023288,0,-1
2020100969375,2020,100969375,1,19,0,13,13,7,3,0,0,0,0,0,0,0,4,1,6,6,3,40,7,2402,2,18,-1,-1,-1,0,-1
2020200932581,2020,200932581,1,9,0,1,1,3,7,0,0,0,0,0,0,0,2,1,6,6,1,34,6,1596,1,12,FORD Model Missing,1,E01009310,0,-1
2020520004193,2020,520004193,2,9,0,18,19,7,3,0,0,8,0,0,0,0,1,1,6,6,1,63,9,1596,1,14,FORD Model Missing,4,E01029196,0,-1
2020010249730,2020,010249730,1,9,0,18,19,8,4,0,0,8,9,0,0,99,3,9,6,6,1,28,6,1997,2,10,FORD Model Missing,2,E01000223,0,-1
2020010250187,2020,010250187,1,9,0,18,19,1,5,0,0,3,0,0,0,0,1,2,6,6,1,56,9,4700,1,54,FORD Model Missing,-1,-1,0,-1
2020101011180,2020,101011180,1,9,0,4,4,7,3,0,0,1,0,0,0,0,1,1,6,6,1,35,6,1998,2,11,FORD Model Missing,-1,-1,0,-1
2020500982717,2020,500982717,1,9,0,3,3,6,2,0,0,0,0,0,0,0,2,1,6,6,1,51,8,2490,1,24,FORD Model Missing,2,E01020216,0,-1
2020010247653,2020,010247653,5,9,0,2,2,0,0,0,0,2,0,0,0,0,4,1,6,6,3,-1,-1,5500,1,22,FORD Model Missing,-1,-1,0,-1
2020360996089,2020,360996089,1,9,0,10,10,3,7,0,0,0,0,0,0,0,2,1,6,6,3,-1,-1,1299,1,15,FORD Model Missing,-1,-1,0,-1
2020100971676,2020,100971676,1,19,0,18,19,8,8,9,9,2,0,0,1,0,4,1,6,6,1,32,6,2402,2,18,-1,2,E01008231,0,-1
2020460963442,2020,460963442,2,9,0,4,4,5,1,0,0,8,0,0,0,0,1,1,1,1,1,-1,-1,1995,2,0,FORD Model Missing,7,E01024388,0,-1
2020161008112,2020,161008112,1,9,0,18,19,1,5,0,0,1,0,0,0,0,1,1,5,6,2,56,9,1388,1,11,FORD Model Missing,1,E01013140,0,-1
2020040996407,2020,040996407,1,9,0,18,19,7,3,0,0,0,0,0,0,0,1,2,2,2,1,63,9,3790,1,25,FORD Model Missing,5,E01025483,0,-1
2020200999239,2020,200999239,1,9,0,18,19,5,8,0,0,2,0,10,1,11,1,1,6,6,1,38,7,1596,1,19,FORD Model Missing,5,E01009286,0,-1
2020302001229,2020,302001229,1,9,0,9,9,6,4,0,0,1,0,0,0,0,2,2,6,6,2,53,8,1388,1,17,FORD Model Missing,3,E01019506,0,-1
202031B018120,2020,31B018120,2,9,0,18,19,1,5,0,0,0,1,0,1,0,3,1,2,2,1,41,7,1997,2,16,FORD Model Missing,2,E01019498,0,-1
2020010229003,2020,010229003,2,9,0,18,19,3,7,0,0,0,0,0,1,10,1,1,6,6,1,42,7,1560,2,7,FORD Model Missing,5,E01002666,0,-1
2020351003440,2020,351003440,3,9,0,8,8,7,1,0,0,1,0,0,0,0,3,1,6,6,1,46,8,1997,2,10,FORD Model Missing,3,E01018093,0,-1
2020360984572,2020,360984572,1,9,0,18,19,6,5,0,0,0,0,10,0,0,1,1,6,6,1,26,6,3000,1,25,FORD Model Missing,-1,-1,0,-1
2020040939957,2020,040939957,2,9,0,4,4,5,1,0,0,8,0,0,0,0,2,1,1,1,1,40,7,1995,2,3,FORD Model Missing,4,E01033073,0,-1
2020200996651,2020,200996651,1,9,0,9,9,6,4,0,0,5,0,0,0,0,3,1,6,6,2,47,8,1399,2,11,FORD Model Missing,1,E01009096,0,-1
2020522001619,2020,522001619,2,9,0,18,19,3,7,0,0,8,0,0,0,0,1,1,6,6,2,21,5,1242,1,14,FORD Model Missing,7,E01032671,0,-1
2020210971244,2020,210971244,2,9,0,4,4,1,5,0,0,0,0,0,0,0,2,1,6,6,1,42,7,1596,1,13,FORD Model Missing,1,E01018445,0,-1
2020990973585,2020,990973585,1,9,0,17,19,3,7,0,0,0,1,0,1,4,1,1,5,6,1,22,5,1388,1,17,FORD Model Missing,2,-1,0,-1
2020302000092,2020,302000092,2,9,0,18,19,6,2,0,0,8,0,0,0,0,1,1,2,2,1,46,8,2967,1,15,FORD Model Missing,4,E01029423,0,-1
2020101003198,2020,101003198,1,9,0,11,11,5,1,0,0,1,0,0,0,0,1,1,2,2,1,26,6,1242,1,19,FORD Model Missing,7,E01008411,0,-1
2020470976817,2020,470976817,1,9,0,9,9,4,1,0,0,8,0,0,0,0,0,2,5,6,1,-1,-1,5000,1,29,FORD Model Missing,8,E01022589,0,-1
2020410991279,2020,410991279,1,19,0,18,19,3,7,0,0,0,1,0,0,0,1,1,2,2,1,43,7,4900,1,31,-1,4,E01016837,0,-1
2020460951692,2020,460951692,1,9,0,18,19,6,2,0,0,0,0,0,1,9,4,1,6,6,1,52,8,1596,1,15,FORD Model Missing,1,E01024676,0,-1
2020010267607,2020,010267607,2,19,0,9,9,3,1,0,0,1,0,0,0,0,3,1,1,1,1,66,10,2402,2,10,-1,6,E01004163,0,-1
2020430053855,2020,430053855,1,9,0,17,19,4,1,0,0,0,2,0,0,0,4,1,6,6,1,57,9,3800,1,19,FORD Model Missing,10,E01017612,0,-1
2020010243400,2020,010243400,2,3,0,18,19,5,1,0,0,0,0,0,0,0,1,1,1,1,1,23,5,124,1,18,GILERA RUNNER 125,-1,-1,0,-1
2020010269474,2020,010269474,2,3,0,13,13,1,5,0,0,0,0,0,7,1,1,1,2,2,1,44,7,124,1,3,GILERA RUNNER 125,4,E01002611,0,-1
2020302000062,2020,302000062,2,3,0,18,19,6,2,0,0,1,1,0,0,0,1,1,6,6,1,30,6,124,1,16,GILERA RUNNER 125,2,E01013588,0,-1
202031C046820,2020,31C046820,1,3,0,18,19,6,2,0,0,1,0,0,0,0,1,1,6,6,1,25,5,124,1,5,GILERA RUNNER 125,1,E01013841,0,-1
2020140963700,2020,140963700,2,3,0,18,19,7,3,0,0,1,0,0,0,0,1,1,2,2,1,30,6,124,1,11,GILERA RUNNER 125,-1,-1,0,-1
2020010248514,2020,010248514,1,2,0,18,19,6,2,9,9,0,0,0,0,0,4,1,6,6,1,18,4,124,1,11,-1,3,E01033706,0,-1
2020530990523,2020,530990523,2,3,0,18,19,7,3,0,0,1,0,0,0,0,1,1,2,2,1,32,6,124,1,16,GILERA RUNNER 125,9,E01022436,0,-1
2020200956483,2020,200956483,2,3,0,18,19,2,6,0,0,1,0,10,6,0,1,1,6,6,1,-1,-1,124,1,18,GILERA RUNNER 125,-1,-1,0,-1
2020201000024,2020,201000024,1,3,0,18,19,3,7,0,0,8,0,0,0,0,1,1,6,6,1,23,5,124,1,4,GILERA RUNNER 125,5,E01008969,0,-1
20201375V0894,2020,1375V0894,1,2,0,18,19,5,1,0,0,0,0,0,0,0,0,1,6,6,1,24,5,124,1,16,-1,5,E01011818,0,-1
2020010233281,2020,010233281,2,3,0,18,19,3,7,0,0,8,5,0,0,0,1,1,2,2,1,24,5,124,1,7,GILERA RUNNER 125,-1,-1,0,-1
2020010264020,2020,010264020,1,4,0,18,19,1,5,0,0,1,1,10,0,0,4,1,6,6,1,21,5,124,1,6,-1,5,E01001677,0,-1
2020010283795,2020,010283795,1,3,0,18,19,3,7,0,0,1,0,0,0,0,1,1,1,1,1,38,7,124,1,6,GILERA RUNNER 125,5,E01003217,0,-1
2020420970679,2020,420970679,1,2,0,18,19,3,7,0,0,0,0,0,0,0,1,1,6,6,1,18,4,124,1,4,-1,5,E01021644,0,-1
2020410971476,2020,410971476,2,3,0,18,19,8,4,0,0,0,0,0,0,0,1,1,5,6,1,19,4,124,1,14,GILERA RUNNER 125,7,E01023871,0,-1
2020010273140,2020,010273140,1,3,0,7,7,3,6,0,0,7,0,0,0,0,2,1,6,6,1,18,4,124,1,3,GILERA RUNNER 125,3,E01002457,0,-1
2020420996965,2020,420996965,2,3,0,18,19,7,3,0,0,1,1,0,0,0,1,1,5,6,1,23,5,124,1,15,GILERA RUNNER 125,2,E01015896,0,-1
2020010255248,2020,010255248,1,3,0,18,19,1,5,0,0,1,5,0,0,0,3,1,6,6,1,31,6,124,1,4,GILERA RUNNER 125,2,E01001395,0,-1
2020010230928,2020,010230928,2,3,0,18,19,5,1,0,0,8,0,0,0,0,1,1,6,6,1,19,4,124,1,8,GILERA RUNNER 125,5,E01001091,0,-1
2020010249225,2020,010249225,1,3,0,18,19,7,3,0,0,1,0,10,0,0,1,1,6,6,1,23,5,124,1,7,GILERA RUNNER 125,2,E01001745,0,-1
2020010269300,2020,010269300,1,3,0,18,19,7,3,0,0,0,0,0,0,0,1,1,6,6,1,23,5,124,1,17,GILERA RUNNER 125,2,E01001745,0,-1
2020140985976,2020,140985976,2,3,0,18,19,3,1,0,0,2,0,0,0,0,4,1,1,1,1,30,6,124,1,21,GILERA RUNNER 125,1,E01007413,0,-1
2020010235170,2020,010235170,1,3,0,18,19,3,7,0,0,2,0,4,0,0,1,-1,6,6,1,19,4,124,1,11,GILERA RUNNER 125,-1,-1,0,-1
2020010242101,2020,010242101,1,3,0,18,19,5,1,9,9,8,2,0,0,0,1,1,6,6,1,22,5,124,1,16,GILERA RUNNER 125,3,E01000464,0,-1
202031C069620,2020,31C069620,1,3,0,18,19,5,1,0,0,8,0,0,0,0,1,1,6,6,1,26,6,124,1,6,GILERA RUNNER 125,1,E01013851,0,-1
202031C082520,2020,31C082520,1,3,0,18,19,6,2,0,0,0,0,0,0,0,1,1,6,6,1,27,6,124,1,19,GILERA RUNNER 125,-1,-1,0,-1
2020010263813,2020,010263813,2,3,0,18,19,8,4,0,0,1,0,0,7,0,1,1,6,6,1,23,5,124,1,15,GILERA RUNNER 125,7,E01001986,0,-1
2020140918726,2020,140918726,2,3,0,18,19,5,1,0,0,1,0,0,0,0,1,1,5,6,1,21,5,124,1,13,GILERA RUNNER 125,6,E01007387,0,-1
202031C023620,2020,31C023620,1,3,0,9,9,7,5,0,0,5,1,0,0,0,1,1,6,6,1,31,6,124,1,21,GILERA RUNNER 125,1,E01013862,0,-1
2020010249118,2020,010249118,2,3,0,13,13,3,7,0,0,0,0,0,0,0,1,1,6,6,1,35,6,124,1,8,GILERA RUNNER 125,5,E01001530,0,-1
2020010281489,2020,010281489,2,3,0,18,19,7,3,0,0,8,0,0,0,0,4,1,1,1,1,31,6,124,1,4,GILERA RUNNER 125,3,E01000335,0,-1
2020010254687,2020,010254687,1,3,0,99,99,9,9,99,99,0,9,99,9,99,9,1,6,6,1,20,4,124,1,5,GILERA RUNNER 125,2,E01001820,0,-1
2020010255418,2020,010255418,1,2,0,18,19,5,1,0,0,0,1,4,0,0,1,1,6,6,1,39,7,124,1,9,-1,3,E01003727,0,-1
2020460956692,2020,460956692,1,3,0,18,19,7,3,0,0,0,2,0,1,0,3,1,1,1,1,20,4,124,1,9,GILERA RUNNER 125,8,E01021171,0,-1
2020010229044,2020,010229044,1,3,0,18,19,6,2,0,0,1,0,0,1,0,1,1,6,6,1,32,6,124,1,16,GILERA RUNNER 125,6,E01002933,0,-1
2020420944599,2020,420944599,2,4,0,18,19,7,3,0,0,2,0,0,0,0,0,1,5,6,1,21,5,124,1,15,-1,-1,-1,0,-1
2020160954809,2020,160954809,2,3,0,18,19,7,3,0,0,8,0,0,1,9,1,1,6,6,1,46,8,124,1,6,GILERA RUNNER 125,6,E01013036,0,-1
2020010264785,2020,010264785,2,3,0,18,19,3,7,0,0,8,0,0,0,0,1,1,6,6,1,35,6,124,1,16,GILERA RUNNER 125,4,E01000875,0,-1
2020610009920,2020,610009920,1,4,0,18,19,1,5,0,0,1,0,0,0,0,1,1,4,7,1,19,4,124,1,4,-1,1,W01001619,0,-1
2020122000657,2020,122000657,1,3,0,4,4,1,5,0,0,0,0,0,0,0,1,1,6,6,1,20,4,124,1,7,GILERA RUNNER 125,8,E01027875,0,-1
2020610021220,2020,610021220,1,3,0,16,19,4,7,0,0,0,1,0,0,11,1,1,6,6,1,-1,-1,124,1,14,GILERA RUNNER 125,-1,-1,0,-1
2020450950157,2020,450950157,1,3,0,7,7,4,2,0,0,4,0,0,0,0,4,1,5,6,1,22,5,124,1,20,GILERA RUNNER 125,10,E01030404,0,-1
2020460926082,2020,460926082,1,3,0,18,19,8,4,0,0,0,0,0,0,0,1,1,5,6,1,28,6,124,1,17,GILERA RUNNER 125,4,E01016135,0,-1
2020430003134,2020,430003134,1,3,0,18,19,3,7,0,0,2,0,0,0,0,1,1,6,6,1,21,5,124,1,8,GILERA RUNNER 125,4,E01016517,0,-1
2020010235521,2020,010235521,1,3,0,99,99,9,9,99,99,0,9,99,9,99,1,1,6,6,1,31,6,108,1,6,HONDA NSC110E,2,E01001439,0,-1
2020010242410,2020,010242410,1,3,0,4,4,1,5,0,0,0,0,0,1,0,2,1,1,1,2,26,6,108,1,4,HONDA NSC110E,2,E01004003,0,-1
2020010244776,2020,010244776,1,3,0,17,19,3,7,0,0,8,1,0,0,0,1,1,1,1,1,17,4,108,1,6,HONDA NSC110E,3,E01000644,0,-1
2020010246273,2020,010246273,1,3,0,99,99,9,9,99,99,9,9,99,9,99,1,1,6,6,1,23,5,108,1,6,HONDA NSC110E,5,E01000519,0,-1
2020010272065,2020,010272065,3,3,0,4,4,1,5,0,0,0,0,0,0,0,1,1,1,1,1,33,6,108,1,5,HONDA NSC110E,5,E01000516,0,-1
2020010231205,2020,010231205,1,3,0,99,99,9,9,99,99,0,9,99,9,99,1,1,6,6,2,45,7,108,1,4,HONDA NSC110E,5,E01000620,0,-1
2020010269098,2020,010269098,1,3,4,99,99,9,9,99,99,9,9,99,9,99,9,1,6,6,1,19,4,108,1,5,HONDA NSC110E,3,E01000009,0,-1
2020010278979,2020,010278979,1,4,0,99,99,9,9,99,99,9,9,99,9,99,9,1,2,2,2,34,6,108,1,4,-1,2,E01001553,0,-1
2020010240587,2020,010240587,2,3,0,18,19,1,5,0,0,0,1,0,0,0,1,1,1,1,2,27,6,108,1,5,HONDA NSC110E,2,E01001878,0,-1
2020010256581,2020,010256581,1,3,0,99,99,9,9,99,99,9,9,99,9,99,1,1,6,6,1,23,5,108,1,4,HONDA NSC110E,7,E01002199,0,-1
2020010257043,2020,010257043,2,3,0,99,99,9,9,0,0,1,0,0,0,0,4,1,6,6,3,32,6,108,1,5,HONDA NSC110E,3,E01003526,0,-1
2020010268455,2020,010268455,2,3,0,18,19,3,7,0,0,8,0,11,0,0,1,1,1,1,1,21,5,108,1,4,HONDA NSC110E,2,E01004470,0,-1
2020010232118,2020,010232118,2,3,0,16,19,2,5,7,6,7,2,0,0,0,2,-1,1,1,1,29,6,108,1,4,HONDA NSC110E,-1,-1,0,-1
2020010233926,2020,010233926,1,3,0,99,99,9,9,99,99,9,9,99,9,99,1,-1,6,6,1,23,5,108,1,7,HONDA NSC110E,6,E01003366,0,-1
2020010244909,2020,010244909,1,3,0,18,19,5,1,0,0,1,0,0,0,0,4,1,6,6,2,22,5,108,1,6,HONDA NSC110E,3,E01002047,0,-1
2020010239270,2020,010239270,1,3,0,18,19,4,8,0,0,0,0,0,0,0,1,1,1,1,1,24,5,108,1,4,HONDA NSC110E,-1,-1,0,-1
2020010269895,2020,010269895,1,3,0,16,19,5,1,0,0,5,2,0,0,0,0,1,1,1,1,25,5,108,1,4,HONDA NSC110E,3,E01003493,0,-1
2020010266200,2020,010266200,2,3,0,18,19,5,1,0,0,1,1,0,0,0,1,1,2,2,1,18,4,108,1,5,HONDA NSC110E,2,E01001515,0,-1
2020010276165,2020,010276165,2,3,0,13,13,5,1,0,0,1,1,0,0,0,3,1,1,1,1,44,7,108,1,6,HONDA NSC110E,2,E01004290,0,-1
2020460926025,2020,460926025,2,3,0,18,19,7,3,0,0,0,0,0,1,0,4,1,1,1,1,34,6,108,1,4,HONDA NSC110E,2,E01024517,0,-1
2020010266626,2020,010266626,1,3,9,7,7,8,3,99,99,9,9,99,9,0,1,1,6,6,1,18,4,108,1,4,HONDA NSC110E,4,E01001180,0,-1
2020010255578,2020,010255578,1,3,0,17,19,1,5,0,0,0,0,0,0,0,1,1,6,6,1,24,5,108,1,4,HONDA NSC110E,2,E01004389,0,-1
2020010247969,2020,010247969,2,3,0,18,19,7,3,0,0,1,0,0,0,0,1,1,6,6,1,25,5,108,1,4,HONDA NSC110E,3,E01003215,0,-1
2020010231339,2020,010231339,2,97,0,99,99,9,9,99,99,0,9,99,9,99,9,9,6,6,3,21,5,108,1,6,-1,4,E01002055,0,-1
2020371000877,2020,371000877,1,3,0,18,19,5,8,0,0,0,0,0,0,0,1,1,5,6,1,18,4,108,1,5,HONDA NSC110E,4,E01033123,0,-1
2020010237641,2020,010237641,1,3,0,18,19,1,5,0,0,6,0,0,0,0,1,-1,6,6,1,19,4,108,1,4,HONDA NSC110E,6,E01003693,0,-1
2020010270084,2020,010270084,1,2,0,15,15,1,5,0,0,1,0,0,0,0,1,1,1,1,1,41,7,108,1,6,HONDA NSC110E,3,E01003185,0,-1
2020070455142,2020,070455142,1,3,0,18,19,1,5,0,0,2,0,0,0,0,1,1,6,6,2,22,5,108,1,4,HONDA NSC110E,2,E01018477,0,-1
2020470914671,2020,470914671,1,3,0,16,19,1,4,0,0,0,1,0,0,0,3,1,1,1,1,21,5,108,1,5,HONDA NSC110E,4,E01031433,0,-1
2020010232686,2020,010232686,2,2,0,18,19,5,1,0,0,0,0,4,0,0,2,1,1,1,1,22,5,108,1,4,HONDA NSC110E,4,E01033745,0,-1
2020010231119,2020,010231119,1,3,0,18,19,5,1,0,0,1,0,0,0,0,4,-1,1,1,1,35,6,108,1,7,HONDA NSC110E,6,E01003394,0,-1
2020010253930,2020,010253930,1,3,0,99,99,9,9,99,99,1,9,99,9,99,9,1,6,6,1,22,5,108,1,4,HONDA NSC110E,4,E01002874,0,-1
2020010267903,2020,010267903,2,3,0,18,19,6,2,0,0,1,1,0,0,0,1,1,6,6,1,26,6,108,1,5,HONDA NSC110E,2,E01003179,0,-1
2020010274918,2020,010274918,2,2,0,5,5,5,1,0,0,1,0,0,0,0,1,1,6,6,1,35,6,108,1,7,HONDA NSC110E,6,E01003394,0,-1
2020010285148,2020,010285148,1,2,0,18,19,5,1,0,0,8,5,4,0,0,1,1,6,6,1,41,7,108,1,6,HONDA NSC110E,8,E01000248,0,-1
2020010272864,2020,010272864,1,3,0,99,99,9,9,99,99,0,9,99,9,99,9,1,6,6,1,37,7,108,1,4,HONDA NSC110E,4,E01001090,0,-1
2020010282803,2020,010282803,2,3,0,18,19,1,5,0,0,8,0,0,0,0,1,1,2,2,1,19,4,108,1,4,HONDA NSC110E,-1,-1,0,-1
2020010279992,2020,010279992,1,3,0,5,5,5,1,0,0,6,0,0,0,0,4,1,1,1,1,31,6,108,1,7,HONDA NSC110E,5,E01000594,0,-1
2020990939947,2020,990939947,1,3,0,18,19,5,1,0,0,0,0,2,0,0,3,1,5,6,1,32,6,108,1,4,HONDA NSC110E,3,-1,0,-1
2020010260111,2020,010260111,2,3,0,13,13,8,4,0,0,1,0,0,0,0,1,1,1,1,1,20,4,108,1,4,HONDA NSC110E,3,E01003719,0,-1
2020010287093,2020,010287093,2,3,0,14,14,3,7,0,0,8,0,0,0,0,4,1,1,1,1,42,7,108,1,5,HONDA NSC110E,2,E01001594,0,-1
2020010276300,2020,010276300,1,3,0,3,3,3,7,0,0,0,9,0,0,0,2,1,6,6,1,33,6,108,1,6,HONDA NSC110E,3,E01004571,0,-1
2020010246378,2020,010246378,1,3,0,18,19,5,1,0,0,1,1,0,0,0,0,1,6,6,1,22,5,108,1,5,HONDA NSC110E,-1,-1,0,-1
2020010247751,2020,010247751,1,2,0,18,19,2,6,0,0,0,0,0,0,0,3,1,1,1,1,22,5,108,1,4,HONDA NSC110E,5,E01003139,0,-1
202006A268386,2020,06A268386,2,3,0,18,19,3,7,0,0,1,0,0,0,0,1,1,6,6,1,25,5,108,1,3,HONDA NSC110E,1,E01005245,0,-1
2020010283306,2020,010283306,1,3,0,18,19,5,1,0,0,2,0,0,0,0,1,1,6,6,1,34,6,108,1,4,HONDA NSC110E,4,E01002744,0,-1
2020320052170,2020,320052170,2,3,0,18,19,1,5,0,0,0,0,0,0,0,0,1,6,6,1,25,5,108,1,4,HONDA NSC110E,3,E01026024,0,-1
2020010274527,2020,010274527,1,3,0,18,19,7,3,0,0,1,0,0,0,0,1,1,6,6,2,36,7,108,1,7,HONDA NSC110E,2,E01004409,0,-1