collision_index,collision_year,collision_ref_no,vehicle_reference,vehicle_type,towing_and_articulation,vehicle_manoeuvre_historic,vehicle_manoeuvre,vehicle_direction_from,vehicle_direction_to,vehicle_location_restricted_lane_historic,vehicle_location_restricted_lane,junction_location,skidding_and_overturning,hit_object_in_carriageway,vehicle_leaving_carriageway,hit_object_off_carriageway,first_point_of_impact,vehicle_left_hand_drive,journey_purpose_of_driver_historic,journey_purpose_of_driver,sex_of_driver,age_of_driver,age_band_of_driver,engine_capacity_cc,propulsion_code,age_of_vehicle,generic_make_model,driver_imd_decile,lsoa_of_driver,escooter_flag,driver_distance_banding
2020010278438,2020,010278438,1,3,0,99,99,9,9,99,99,9,9,99,9,99,9,1,6,6,1,31,6,108,1,4,HONDA NSC110E,3,E01003532,0,-1
2020010278032,2020,010278032,2,3,0,4,4,8,4,0,0,1,0,0,0,0,2,1,6,6,1,32,6,108,1,4,HONDA NSC110E,5,E01004654,0,-1
2020010238471,2020,010238471,1,3,0,8,8,6,1,0,0,1,0,0,0,0,3,1,1,1,1,46,8,108,1,4,HONDA NSC110E,4,E01023899,0,-1
2020010259555,2020,010259555,1,3,0,5,5,7,3,0,0,2,1,0,0,0,0,1,6,6,1,21,5,108,1,7,HONDA NSC110E,2,E01001770,0,-1
2020010251467,2020,010251467,1,5,0,18,19,3,7,0,0,1,1,0,0,0,0,1,1,1,1,22,5,108,1,4,-1,5,E01003224,0,-1
2020010266323,2020,010266323,1,3,0,15,15,5,1,0,0,1,2,0,0,0,4,1,1,1,1,19,4,108,1,4,HONDA NSC110E,1,E01001425,0,-1
2020010255212,2020,010255212,1,3,0,5,5,2,6,0,0,0,0,0,0,0,1,1,6,6,1,42,7,108,1,4,HONDA NSC110E,5,E01000142,0,-1
2020010255868,2020,010255868,1,3,0,18,19,7,3,0,0,1,0,0,0,0,3,1,1,1,1,32,6,108,1,5,HONDA NSC110E,1,E01002067,0,-1
2020200980010,2020,200980010,1,3,0,18,19,1,5,0,0,0,0,4,0,0,1,1,6,6,1,-1,-1,108,1,5,HONDA NSC110E,1,E01009483,0,-1
2020010278079,2020,010278079,2,3,0,7,7,3,6,0,0,1,0,0,0,0,3,1,6,6,1,18,4,108,1,5,HONDA NSC110E,3,E01003391,0,-1
2020010276158,2020,010276158,1,3,0,18,19,4,8,2,2,1,0,0,0,0,1,1,1,1,1,32,6,108,1,4,HONDA NSC110E,4,E01000316,0,-1
2020010258865,2020,010258865,1,2,0,2,2,0,0,0,0,2,0,0,0,0,3,1,6,6,3,-1,-1,108,1,5,HONDA NSC110E,-1,-1,0,-1
2020010237653,2020,010237653,2,3,0,18,19,5,1,0,0,0,0,0,0,0,1,1,6,6,1,29,6,108,1,3,HONDA NSC110E,4,E01001183,0,-1
2020010270189,2020,010270189,1,3,0,99,99,9,9,99,99,9,9,99,9,99,2,1,6,6,1,27,6,108,1,6,HONDA NSC110E,3,E01002043,0,-1
2020522100143,2020,522100143,2,3,0,11,11,3,7,0,0,0,0,0,0,0,2,1,6,6,2,35,6,108,1,6,HONDA NSC110E,1,E01033358,0,-1
2020010278119,2020,010278119,2,3,0,18,19,7,3,0,0,0,5,0,0,0,2,1,6,6,1,33,6,108,1,5,HONDA NSC110E,2,E01003729,0,-1
2020010270473,2020,010270473,1,3,0,99,99,9,9,99,99,9,9,99,9,99,1,1,2,2,1,23,5,108,1,5,HONDA NSC110E,3,E01004202,0,-1
2020010265583,2020,010265583,2,3,0,13,13,1,5,0,0,1,0,0,0,0,1,1,6,6,1,41,7,108,1,4,HONDA NSC110E,3,E01002105,0,-1
2020010278717,2020,010278717,1,3,0,18,19,1,5,0,0,1,0,0,0,0,1,1,1,1,1,51,8,108,1,4,HONDA NSC110E,7,E01003370,0,-1
2020010250830,2020,010250830,2,3,0,18,19,8,4,0,0,0,0,0,0,0,0,1,1,1,1,33,6,108,1,4,HONDA NSC110E,6,E01000575,0,-1
2020010274536,2020,010274536,2,3,0,9,9,3,1,0,0,1,0,0,0,0,1,1,1,1,1,22,5,108,1,6,HONDA NSC110E,3,E01001109,0,-1
2020010228665,2020,010228665,1,3,0,13,13,5,1,0,0,1,0,0,0,0,3,-1,1,1,1,19,4,108,1,4,HONDA NSC110E,1,E01001425,0,-1
2020010258012,2020,010258012,1,3,0,18,19,7,3,0,0,8,2,0,0,0,1,1,2,2,1,23,5,108,1,5,HONDA NSC110E,5,E01033577,0,-1
2020010254643,2020,010254643,2,3,0,15,15,1,5,0,0,1,0,0,0,0,1,1,1,1,1,21,5,108,1,4,HONDA NSC110E,4,E01003326,0,-1
2020010284611,2020,010284611,2,3,0,15,15,3,7,0,0,1,0,0,0,0,3,1,1,1,1,19,4,108,1,5,HONDA NSC110E,2,E01003290,0,-1
2020010231891,2020,010231891,1,3,0,99,99,9,9,99,99,9,9,99,9,99,9,1,6,6,1,18,4,108,1,5,HONDA NSC110E,2,E01000856,0,-1
2020010241566,2020,010241566,1,3,0,18,19,1,5,0,0,1,0,0,0,0,3,1,2,2,1,18,4,108,1,5,HONDA NSC110E,4,E01004172,0,-1
2020010248237,2020,010248237,1,3,0,99,99,9,9,99,99,9,9,99,9,99,9,1,6,6,2,-1,-1,108,1,6,HONDA NSC110E,4,E01033320,0,-1
2020010268464,2020,010268464,1,3,0,14,14,4,8,0,0,0,0,0,0,0,1,1,1,1,1,18,4,108,1,4,HONDA NSC110E,2,E01001172,0,-1
2020010269717,2020,010269717,1,3,0,18,19,8,4,0,0,1,1,0,0,0,1,1,6,6,1,36,7,108,1,6,HONDA NSC110E,3,E01000245,0,-1
2020010228632,2020,010228632,2,3,0,3,3,8,4,0,0,0,0,0,0,0,0,1,6,6,1,47,8,108,1,4,HONDA NSC110E,-1,-1,0,-1
2020010260306,2020,010260306,2,3,0,10,10,7,6,0,0,5,0,0,0,0,1,1,6,6,1,20,4,108,1,4,HONDA NSC110E,-1,-1,0,-1
2020010233803,2020,010233803,1,3,0,18,19,3,7,0,0,1,0,0,0,0,1,1,6,6,2,22,5,108,1,5,HONDA NSC110E,-1,-1,0,-1
2020522101307,2020,522101307,1,3,0,18,19,1,5,0,0,1,1,0,0,0,0,1,6,6,1,32,6,108,1,2,HONDA NSC110E,4,E01014627,0,-1
2020010232045,2020,010232045,2,3,0,9,9,1,7,0,0,3,0,0,0,0,2,-1,1,1,1,30,6,108,1,5,HONDA NSC110E,4,E01003560,0,-1
2020010255984,2020,010255984,2,3,0,18,19,8,4,0,0,1,0,0,0,0,1,1,1,1,1,25,5,108,1,4,HONDA NSC110E,2,E01004010,0,-1
2020010257994,2020,010257994,1,3,0,5,5,3,7,9,9,6,0,0,0,0,1,1,1,1,1,40,7,108,1,4,HONDA NSC110E,7,E01004635,0,-1
2020200947295,2020,200947295,1,3,0,18,19,4,8,0,0,6,0,0,0,0,1,1,1,1,1,29,6,108,1,6,HONDA NSC110E,1,E01008979,0,-1
2020010231474,2020,010231474,2,3,0,18,19,5,1,0,0,1,0,0,0,0,1,-1,1,1,1,17,4,108,1,6,HONDA NSC110E,9,E01030413,0,-1
2020010256592,2020,010256592,1,2,0,18,19,7,3,0,0,8,0,2,0,0,2,1,1,1,1,37,7,108,1,6,HONDA NSC110E,3,E01004006,0,-1
2020010231878,2020,010231878,1,3,0,18,19,3,7,0,0,1,0,0,0,0,4,1,1,1,1,34,6,108,1,6,HONDA NSC110E,2,E01004235,0,-1
2020010244775,2020,010244775,1,3,0,99,99,9,9,99,99,9,9,99,9,99,1,1,6,6,1,28,6,108,1,6,HONDA NSC110E,5,E01003142,0,-1
2020010272188,2020,010272188,1,3,0,99,99,9,9,99,99,9,9,99,9,99,9,1,6,6,1,33,6,108,1,4,HONDA NSC110E,1,E01002071,0,-1
2020010269604,2020,010269604,1,3,0,99,99,9,9,99,99,9,9,99,9,99,9,1,6,6,1,26,6,108,1,4,HONDA NSC110E,2,E01004000,0,-1
2020010248841,2020,010248841,1,2,0,18,19,7,3,0,0,1,0,0,0,0,1,1,6,6,1,28,6,108,1,6,HONDA NSC110E,3,E01003940,0,-1
2020010236842,2020,010236842,1,3,0,17,19,5,1,0,0,8,0,0,0,0,2,1,1,1,1,37,7,108,1,4,HONDA NSC110E,1,E01004209,0,-1
2020010250521,2020,010250521,2,3,0,15,15,1,5,0,0,1,0,0,0,0,3,1,1,1,1,46,8,108,1,5,HONDA NSC110E,2,E01002316,0,-1
2020010247538,2020,010247538,1,3,0,13,13,5,1,0,0,8,0,0,0,0,0,1,6,6,1,40,7,108,1,5,HONDA NSC110E,3,E01001109,0,-1
2020010231415,2020,010231415,2,3,0,18,19,1,5,0,0,8,0,0,0,0,1,1,6,6,2,25,5,108,1,6,HONDA NSC110E,2,E01002056,0,-1
2020010269063,2020,010269063,1,2,0,5,5,2,6,0,0,8,1,0,0,0,0,1,1,1,1,33,6,108,1,5,HONDA NSC110E,6,E01002968,0,-1
2020010245078,2020,010245078,1,3,0,11,11,6,2,0,0,1,0,10,0,0,1,-1,1,1,1,23,5,108,1,5,HONDA NSC110E,8,E01003355,0,-1
2020010269600,2020,010269600,2,3,0,18,19,5,1,0,0,1,0,0,0,0,0,1,1,1,1,20,4,108,1,5,HONDA NSC110E,3,E01000610,0,-1
2020010272943,2020,010272943,2,3,0,18,19,7,3,0,0,2,0,0,0,0,1,1,6,6,1,20,4,108,1,4,HONDA NSC110E,2,E01015929,0,-1
2020010285814,2020,010285814,2,3,0,4,4,3,7,0,0,2,0,0,0,0,1,1,6,6,1,49,8,108,1,6,HONDA NSC110E,1,E01000595,0,-1
2020010244349,2020,010244349,1,2,0,18,19,7,3,0,0,8,0,0,0,0,3,1,1,1,1,42,7,108,1,4,HONDA NSC110E,-1,-1,0,-1
2020470965359,2020,470965359,2,3,0,18,19,1,5,0,0,1,0,0,0,0,3,1,6,6,2,21,5,108,1,4,HONDA NSC110E,8,E01020963,0,-1
2020200956879,2020,200956879,1,3,0,18,19,3,7,0,0,8,0,0,0,0,1,1,6,6,1,32,6,108,1,6,HONDA NSC110E,1,E01009147,0,-1
2020010283377,2020,010283377,2,2,0,3,3,1,5,0,0,8,0,0,0,0,2,1,1,1,1,18,4,108,1,5,HONDA NSC110E,3,E01001676,0,-1
2020010229696,2020,010229696,2,3,0,13,13,3,7,0,0,0,0,0,0,0,4,1,1,1,1,19,4,108,1,5,HONDA NSC110E,4,E01001097,0,-1
2020010277371,2020,010277371,2,3,0,18,19,1,5,0,0,2,0,0,0,0,2,1,1,1,1,46,8,108,1,5,HONDA NSC110E,4,E01004547,0,-1
2020010278230,2020,010278230,1,3,0,18,19,1,5,0,0,8,0,11,0,0,3,1,1,1,1,34,6,108,1,5,HONDA NSC110E,3,E01001834,0,-1
2020010250480,2020,010250480,1,3,0,99,99,9,9,0,0,8,0,0,0,0,9,1,1,1,1,46,8,108,1,4,HONDA NSC110E,2,E01004613,0,-1
2020010286989,2020,010286989,1,3,0,99,99,9,9,99,99,9,9,99,9,99,2,1,6,6,1,24,5,108,1,6,HONDA NSC110E,4,E01004172,0,-1
2020010247160,2020,010247160,1,4,0,18,19,5,1,0,0,1,5,0,0,0,1,1,1,1,1,28,6,108,1,4,-1,1,E01024278,0,-1
2020010246260,2020,010246260,1,3,0,99,99,9,9,99,99,9,9,99,9,99,1,1,6,6,1,36,7,108,1,6,HONDA NSC110E,3,E01000535,0,-1
2020010272464,2020,010272464,1,3,0,99,99,9,9,99,99,9,9,99,9,99,2,1,6,6,1,39,7,108,1,4,HONDA NSC110E,6,E01004218,0,-1
2020010268843,2020,010268843,1,3,0,17,19,1,6,0,0,2,0,0,0,0,4,1,1,1,1,31,6,108,1,6,HONDA NSC110E,4,E01004652,0,-1
2020010249005,2020,010249005,1,3,0,18,19,6,2,0,0,1,0,0,0,0,0,1,2,2,1,30,6,108,1,5,HONDA NSC110E,10,E01002938,0,-1
2020010271575,2020,010271575,1,3,0,99,99,9,9,99,99,9,9,99,9,99,2,9,6,6,1,33,6,108,1,5,HONDA NSC110E,2,E01004008,0,-1
2020010263470,2020,010263470,1,3,0,99,99,9,9,99,99,9,9,99,9,99,2,1,6,6,1,29,6,108,1,4,HONDA NSC110E,6,E01004529,0,-1
2020010247940,2020,010247940,2,3,0,4,4,5,1,0,0,4,0,0,0,0,2,1,6,6,1,24,5,108,1,4,HONDA NSC110E,2,E01003490,0,-1
2020010247051,2020,010247051,2,3,0,18,19,3,7,0,0,1,0,0,0,0,1,1,6,6,1,33,6,108,1,6,HONDA NSC110E,4,E01000932,0,-1
2020400998676,2020,400998676,2,3,0,18,19,5,1,0,0,0,0,0,0,0,1,1,6,6,1,28,6,108,1,5,HONDA NSC110E,1,E01017477,0,-1
2020460991622,2020,460991622,1,3,0,9,9,3,1,0,0,8,1,0,0,0,0,1,5,6,2,46,8,108,1,5,HONDA NSC110E,10,E01024326,0,-1
2020010258876,2020,010258876,1,3,0,18,19,1,5,99,99,9,9,99,9,99,1,1,6,6,1,31,6,108,1,6,HONDA NSC110E,2,E01001860,0,-1
2020010269370,2020,010269370,1,3,0,18,19,4,8,0,0,1,0,0,0,0,1,1,1,1,1,35,6,108,1,5,HONDA NSC110E,3,E01003388,0,-1
2020010276606,2020,010276606,1,3,0,99,99,9,9,99,99,9,9,99,9,99,9,1,6,6,1,22,5,108,1,5,HONDA NSC110E,6,E01003378,0,-1
2020010248914,2020,010248914,1,3,0,3,3,1,5,0,0,1,9,0,0,0,2,-1,6,6,1,47,8,108,1,5,HONDA NSC110E,9,E01002951,0,-1
2020010286084,2020,010286084,1,3,0,99,99,9,9,99,99,9,9,99,9,99,9,1,6,6,1,35,6,108,1,5,HONDA NSC110E,3,E01003388,0,-1
2020010280622,2020,010280622,1,3,0,5,5,1,5,0,0,1,1,0,0,0,0,1,6,6,2,34,6,108,1,5,HONDA NSC110E,4,E01001975,0,-1
2020010236541,2020,010236541,1,3,0,99,99,9,9,99,99,1,9,99,9,99,9,1,6,6,2,35,6,108,1,4,HONDA NSC110E,6,E01004029,0,-1
2020010267785,2020,010267785,1,3,0,99,99,9,9,99,99,9,9,99,9,99,9,1,2,2,1,20,4,108,1,4,HONDA NSC110E,3,E01004645,0,-1
2020010283099,2020,010283099,2,3,0,9,9,5,3,0,0,1,0,0,0,0,0,1,6,6,2,22,5,108,1,6,HONDA NSC110E,5,E01003140,0,-1
2020010231230,2020,010231230,1,3,0,18,19,7,3,0,0,1,5,0,0,0,1,-1,1,1,1,30,6,108,1,4,HONDA NSC110E,10,E01002938,0,-1
2020010237236,2020,010237236,2,3,0,99,99,9,9,99,99,9,9,99,9,99,9,1,6,6,3,-1,-1,108,1,4,HONDA NSC110E,-1,-1,0,-1
2020010284805,2020,010284805,1,3,0,99,99,9,9,99,99,0,9,99,9,99,1,1,6,6,1,29,6,108,1,6,HONDA NSC110E,2,E01000604,0,-1
2020010248577,2020,010248577,1,3,0,5,5,3,7,0,0,1,2,0,0,0,4,1,6,6,1,27,6,108,1,4,HONDA NSC110E,5,E01000142,0,-1
2020010274516,2020,010274516,1,3,0,99,99,9,9,99,99,9,9,99,9,99,9,1,6,6,1,28,6,108,1,4,HONDA NSC110E,1,E01004710,0,-1
2020010260720,2020,010260720,1,3,0,99,99,9,9,99,99,9,9,99,9,99,9,1,6,6,1,27,6,108,1,5,HONDA NSC110E,6,E01001272,0,-1
2020010232035,2020,010232035,2,3,0,18,19,7,3,0,0,2,0,0,0,0,0,1,1,1,1,23,5,108,1,5,HONDA NSC110E,5,E01002913,0,-1
2020010262252,2020,010262252,1,3,0,9,9,5,3,0,0,8,0,0,0,0,1,1,6,6,1,18,4,108,1,5,HONDA NSC110E,2,E01003512,0,-1
2020010236661,2020,010236661,2,3,0,99,99,9,9,99,99,9,9,99,9,99,1,1,6,6,3,-1,-1,108,1,4,HONDA NSC110E,-1,-1,0,-1
2020010252792,2020,010252792,1,3,0,99,99,9,9,99,99,0,9,99,9,99,9,1,6,6,1,25,5,108,1,5,HONDA NSC110E,4,E01000534,0,-1
2020010280772,2020,010280772,1,3,0,18,19,5,1,0,0,2,0,0,0,0,1,1,6,6,1,17,4,108,1,4,HONDA NSC110E,1,E01000552,0,-1
2020010272418,2020,010272418,1,3,0,99,99,9,9,99,99,9,9,99,9,99,9,1,6,6,1,38,7,108,1,6,HONDA NSC110E,5,E01003415,0,-1
2020010274639,2020,010274639,1,3,0,3,3,7,3,0,0,6,2,0,0,0,1,1,6,6,1,29,6,108,1,5,HONDA NSC110E,-1,-1,0,-1
2020500946045,2020,500946045,2,3,0,3,3,6,2,0,0,1,0,0,0,0,2,1,1,1,1,60,9,108,1,4,HONDA NSC110E,4,E01015042,0,-1
2020010236563,2020,010236563,1,2,0,18,19,5,1,0,0,1,0,0,1,0,1,1,6,6,1,27,6,108,1,6,HONDA NSC110E,3,E01002043,0,-1
2020010228351,2020,010228351,1,3,0,99,99,9,9,99,99,9,9,99,9,99,1,1,6,6,1,28,6,108,1,5,HONDA NSC110E,2,E01002003,0,-1
2020010250699,2020,010250699,2,3,0,5,5,0,7,0,0,8,0,0,0,0,1,-1,6,6,3,-1,-1,108,1,5,HONDA NSC110E,-1,-1,0,-1
2020010261936,2020,010261936,1,3,0,5,5,3,7,0,0,0,1,4,0,0,1,1,6,6,1,23,5,108,1,4,HONDA NSC110E,4,E01000617,0,-1
2020010285500,2020,010285500,2,3,0,3,3,1,5,0,0,1,0,0,0,0,1,1,6,6,1,32,6,108,1,4,HONDA NSC110E,5,E01004374,0,-1
2020010263030,2020,010263030,1,3,0,99,99,9,9,99,99,9,9,99,9,99,2,9,6,6,1,42,7,108,1,4,HONDA NSC110E,8,E01000182,0,-1
2020010234849,2020,010234849,1,3,0,18,19,6,2,0,0,0,9,0,0,99,1,1,6,6,2,31,6,108,1,4,HONDA NSC110E,6,E01001163,0,-1
2020010243657,2020,010243657,1,3,0,99,99,9,9,99,99,9,9,99,9,99,1,1,6,6,1,30,6,108,1,5,HONDA NSC110E,3,E01002048,0,-1
2020010279255,2020,010279255,1,3,0,99,99,9,9,99,99,9,9,99,9,99,1,1,6,6,1,18,4,108,1,6,HONDA NSC110E,7,E01000572,0,-1
2020010231352,2020,010231352,2,3,0,11,11,2,6,0,0,2,0,0,0,0,4,1,6,6,1,32,6,108,1,4,HONDA NSC110E,7,E01003475,0,-1
2020450926437,2020,450926437,2,3,0,18,19,7,3,0,0,1,0,0,0,0,1,1,2,2,1,26,6,108,1,4,HONDA NSC110E,8,E01030478,0,-1
2020010273923,2020,010273923,1,3,0,99,99,9,9,99,99,9,9,99,9,99,2,1,6,6,1,32,6,108,1,6,HONDA NSC110E,3,E01002079,0,-1
2020010251401,2020,010251401,1,3,0,99,99,9,9,99,99,9,9,99,9,99,1,1,6,6,1,23,5,108,1,5,HONDA NSC110E,7,E01003682,0,-1
2020990996706,2020,990996706,1,3,0,6,6,4,4,0,0,1,0,0,0,0,1,1,6,6,1,19,4,108,1,6,HONDA NSC110E,3,-1,0,-1
2020010232436,2020,010232436,1,3,9,99,99,9,9,0,0,0,0,0,0,0,4,1,6,6,1,45,7,108,1,6,HONDA NSC110E,2,E01003061,0,-1
2020010247039,2020,010247039,1,3,0,99,99,9,9,99,99,9,9,99,9,99,9,-1,6,6,1,23,5,108,1,5,HONDA NSC110E,2,E01002056,0,-1
2020010236585,2020,010236585,2,3,0,4,4,1,5,0,0,3,0,0,0,0,2,1,1,1,1,23,5,108,1,4,HONDA NSC110E,3,E01002725,0,-1
2020010260081,2020,010260081,1,3,0,18,19,3,7,0,0,8,0,0,0,0,1,1,1,1,1,27,6,108,1,5,HONDA NSC110E,2,E01032722,0,-1
2020010234503,2020,010234503,1,3,0,99,99,9,9,99,99,0,9,99,9,99,1,1,6,6,1,48,8,108,1,4,HONDA NSC110E,2,E01000523,0,-1
2020010284574,2020,010284574,1,2,0,13,13,3,7,0,0,1,0,0,0,0,1,1,1,1,1,22,5,108,1,5,HONDA NSC110E,4,E01000799,0,-1
2020010231855,2020,010231855,2,3,0,18,19,3,7,0,0,8,0,0,0,0,1,1,1,1,1,27,6,108,1,5,HONDA NSC110E,4,E01000498,0,-1
2020010256474,2020,010256474,1,3,0,18,19,1,5,0,0,1,0,0,0,0,1,-1,6,6,1,31,6,108,1,4,HONDA NSC110E,-1,-1,0,-1
2020010231857,2020,010231857,1,3,0,18,19,3,7,0,0,0,0,0,0,0,1,1,6,6,1,32,6,108,1,4,HONDA NSC110E,-1,-1,0,-1
2020010259566,2020,010259566,2,3,0,7,7,3,5,0,0,5,1,4,0,0,1,1,1,1,1,20,4,108,1,4,HONDA NSC110E,2,E01033591,0,-1
2020010229821,2020,010229821,2,3,0,18,19,5,1,0,0,1,1,0,0,0,1,1,1,1,1,55,8,108,1,4,HONDA NSC110E,3,E01003493,0,-1
2020010248048,2020,010248048,2,3,0,18,19,7,3,0,0,2,0,0,0,0,1,1,1,1,1,23,5,108,1,4,HONDA NSC110E,1,E01001979,0,-1
2020010253635,2020,010253635,1,3,0,18,19,6,2,0,0,1,2,0,0,0,0,1,1,1,1,47,8,108,1,6,HONDA NSC110E,1,E01004245,0,-1
2020010244807,2020,010244807,1,3,0,99,99,9,9,99,99,9,9,99,9,99,9,1,6,6,1,30,6,108,1,6,HONDA NSC110E,3,E01003606,0,-1
2020010286707,2020,010286707,1,3,0,99,99,9,9,99,99,9,9,99,9,99,1,1,2,2,1,43,7,108,1,6,HONDA NSC110E,-1,-1,0,-1
2020010250566,2020,010250566,2,3,0,9,9,3,1,0,0,4,5,0,0,0,1,-1,1,1,1,43,7,108,1,4,HONDA NSC110E,3,E01003374,0,-1
2020010245100,2020,010245100,1,3,0,99,99,9,9,99,99,9,9,99,9,99,9,1,6,6,1,27,6,108,1,4,HONDA NSC110E,3,E01001445,0,-1
2020010257368,2020,010257368,1,3,0,18,19,4,8,0,0,8,0,0,0,0,2,1,6,6,1,38,7,108,1,5,HONDA NSC110E,1,E01000521,0,-1
2020010245986,2020,010245986,1,3,0,7,7,2,4,0,0,1,0,0,0,0,1,1,6,6,1,37,7,108,1,4,HONDA NSC110E,2,E01003046,0,-1
2020010262640,2020,010262640,1,3,0,99,99,9,9,99,99,9,9,99,9,99,2,1,6,6,1,41,7,108,1,4,HONDA NSC110E,7,E01000574,0,-1
2020010279270,2020,010279270,2,3,0,18,19,7,3,0,0,2,0,0,0,0,1,1,6,6,1,20,4,108,1,6,HONDA NSC110E,4,E01001007,0,-1
2020010265238,2020,010265238,1,3,0,10,10,7,5,0,0,1,0,0,0,0,2,1,6,6,1,26,6,108,1,6,HONDA NSC110E,9,E01004053,0,-1
2020010273595,2020,010273595,1,3,0,18,19,3,7,0,0,1,1,0,0,0,1,1,6,6,1,28,6,108,1,5,HONDA NSC110E,9,E01004490,0,-1
2020010243995,2020,010243995,1,3,0,18,19,3,7,99,99,9,9,99,9,99,9,-1,6,6,1,24,5,108,1,4,HONDA NSC110E,1,E01004754,0,-1
2020010236517,2020,010236517,1,3,0,99,99,9,9,99,99,9,9,99,9,99,1,-1,6,6,1,19,4,108,1,4,HONDA NSC110E,5,E01000892,0,-1
2020010263938,2020,010263938,1,3,0,9,9,5,2,0,0,8,0,0,0,0,4,1,6,6,1,41,7,108,1,6,HONDA NSC110E,2,E01004615,0,-1
2020010243670,2020,010243670,2,3,0,9,9,1,6,0,0,8,2,4,0,0,1,1,6,6,1,19,4,108,1,4,HONDA NSC110E,-1,-1,0,-1
2020010280909,2020,010280909,1,3,0,18,19,5,1,0,0,1,0,0,0,0,1,1,6,6,1,31,6,108,1,4,HONDA NSC110E,5,E01004601,0,-1
2020160943154,2020,160943154,2,3,0,18,19,5,1,0,0,1,1,0,1,10,3,1,5,6,1,41,7,108,1,4,HONDA NSC110E,3,E01012784,0,-1
2020010262142,2020,010262142,2,3,0,99,99,9,9,99,99,9,9,99,9,99,1,1,6,6,3,-1,-1,108,1,4,HONDA NSC110E,3,E01004022,0,-1
2020010260930,2020,010260930,1,3,0,3,3,2,6,0,0,0,0,0,0,0,3,1,6,6,1,40,7,108,1,5,HONDA NSC110E,2,E01001115,0,-1
2020010273141,2020,010273141,2,4,0,3,3,3,7,0,0,4,0,0,0,0,2,1,1,1,1,39,7,108,1,5,-1,5,E01002651,0,-1
2020010254210,2020,010254210,1,3,0,18,19,1,5,0,0,6,2,0,0,0,2,1,1,1,1,32,6,108,1,4,HONDA NSC110E,2,E01004067,0,-1
2020010274138,2020,010274138,1,3,0,99,99,9,9,99,99,9,9,99,9,99,9,1,6,6,1,32,6,108,1,4,HONDA NSC110E,5,E01000636,0,-1
2020010248191,2020,010248191,1,3,0,18,19,3,7,0,0,1,2,0,0,0,1,1,1,1,1,42,7,108,1,4,HONDA NSC110E,1,E01004272,0,-1
2020010254769,2020,010254769,1,3,0,9,9,3,8,0,0,6,0,0,0,0,1,1,6,6,2,29,6,108,1,7,HONDA NSC110E,1,E01002071,0,-1
2020010272813,2020,010272813,1,2,0,5,5,1,5,0,0,8,0,0,0,0,1,1,6,6,1,46,8,108,1,5,HONDA NSC110E,3,E01002396,0,-1
2020010236317,2020,010236317,2,4,0,14,14,8,4,2,2,0,1,4,0,0,3,1,1,1,1,24,5,108,1,4,-1,7,E01000275,0,-1
2020010237667,2020,010237667,2,3,0,18,19,2,6,2,2,0,5,0,0,0,3,1,6,6,1,27,6,108,1,6,HONDA NSC110E,3,E01002043,0,-1
2020500946818,2020,500946818,2,3,0,18,19,8,4,0,0,8,5,0,0,0,0,1,1,1,1,18,4,108,1,4,HONDA NSC110E,4,E01019919,0,-1
2020010235770,2020,010235770,2,3,0,18,19,1,5,0,0,0,2,0,0,0,1,1,6,6,1,20,4,108,1,4,HONDA NSC110E,4,E01000498,0,-1
20201379J0622,2020,1379J0622,2,4,0,18,19,1,5,0,0,4,0,0,0,0,3,1,6,6,1,31,6,108,1,4,-1,6,E01027918,0,-1
2020010270881,2020,010270881,1,3,0,99,99,9,9,99,99,0,9,99,9,99,9,1,6,6,2,37,7,108,1,6,HONDA NSC110E,2,E01002080,0,-1
2020010245263,2020,010245263,1,3,0,99,99,9,9,99,99,9,9,99,9,99,9,1,6,6,1,35,6,108,1,7,HONDA NSC110E,3,E01001814,0,-1
2020010257676,2020,010257676,2,2,0,13,13,1,5,0,0,8,0,0,0,0,4,1,1,1,1,22,5,108,1,7,HONDA NSC110E,1,E01002040,0,-1
2020010279384,2020,010279384,1,3,0,7,7,7,1,0,0,1,0,0,0,0,4,1,6,6,3,19,4,108,1,6,HONDA NSC110E,4,E01002576,0,-1
2020010260058,2020,010260058,2,3,0,18,19,3,7,0,0,2,0,0,0,0,1,1,1,1,1,30,6,108,1,7,HONDA NSC110E,2,E01003623,0,-1