collision_index,collision_year,collision_ref_no,vehicle_reference,vehicle_type,towing_and_articulation,vehicle_manoeuvre_historic,vehicle_manoeuvre,vehicle_direction_from,vehicle_direction_to,vehicle_location_restricted_lane_historic,vehicle_location_restricted_lane,junction_location,skidding_and_overturning,hit_object_in_carriageway,vehicle_leaving_carriageway,hit_object_off_carriageway,first_point_of_impact,vehicle_left_hand_drive,journey_purpose_of_driver_historic,journey_purpose_of_driver,sex_of_driver,age_of_driver,age_band_of_driver,engine_capacity_cc,propulsion_code,age_of_vehicle,generic_make_model,driver_imd_decile,lsoa_of_driver,escooter_flag,driver_distance_banding
2020440379360,2020,440379360,2,9,0,16,19,2,6,0,0,8,0,0,0,0,1,1,6,6,1,26,6,1968,2,2,SEAT ATECA,9,E01031878,0,-1
2020460963485,2020,460963485,2,9,0,16,19,2,6,0,0,0,0,0,0,0,3,1,6,6,1,47,8,1598,2,1,SEAT ATECA,1,E01024390,0,-1
2020041006354,2020,041006354,1,9,0,18,19,3,7,0,0,1,1,0,0,0,1,1,6,6,1,32,6,999,1,1,SEAT ATECA,6,E01025176,0,-1
2020137910617,2020,137910617,1,9,0,18,19,5,1,0,0,0,0,4,0,0,1,1,6,6,1,28,6,1598,2,1,SEAT ATECA,4,E01011007,0,-1
2020990921336,2020,990921336,2,9,0,18,19,5,1,0,0,8,0,0,0,0,2,1,6,6,1,40,7,1598,2,1,SEAT ATECA,1,-1,0,-1
2020430305688,2020,430305688,1,9,0,18,19,4,8,2,2,1,0,0,0,0,1,1,6,6,1,35,6,1498,1,1,SEAT ATECA,10,E01017924,0,-1
20201377G1192,2020,1377G1192,1,9,0,18,19,4,8,0,0,0,0,0,0,0,3,1,6,6,2,28,6,1598,2,2,SEAT ATECA,5,E01010818,0,-1
2020200981495,2020,200981495,2,9,0,5,5,1,5,0,0,4,0,0,0,0,4,1,6,6,1,50,8,1395,1,3,SEAT ATECA,2,E01009414,0,-1
2020990974632,2020,990974632,2,9,0,18,19,5,2,0,0,8,0,0,0,0,1,1,6,6,1,72,10,1498,1,1,SEAT ATECA,10,-1,0,-1
2020500948654,2020,500948654,1,9,0,18,19,7,3,0,0,1,0,0,0,0,1,1,3,7,2,29,6,1498,1,1,SEAT ATECA,6,E01020207,0,-1
2020100938962,2020,100938962,1,9,0,18,19,2,6,0,0,0,0,0,0,0,4,1,5,6,2,32,6,999,1,1,SEAT ATECA,4,E01027550,0,-1
2020460968728,2020,460968728,2,9,0,18,19,4,8,0,0,0,0,0,0,0,0,1,5,6,1,82,11,1984,1,3,SEAT ATECA,9,E01024832,0,-1
2020540650220,2020,540650220,2,9,0,18,19,3,7,0,0,0,0,0,0,0,1,1,1,1,1,74,10,1498,1,1,SEAT ATECA,7,E01031979,0,-1
202006E177694,2020,06E177694,2,9,0,18,19,4,8,0,0,1,0,0,0,0,0,1,1,1,1,35,6,1984,1,0,SEAT ATECA,1,E01005108,0,-1
2020201013878,2020,201013878,1,9,0,18,19,3,1,0,0,4,0,0,0,0,1,1,6,6,1,22,5,1598,2,1,SEAT ATECA,1,E01009325,0,-1
2020450970826,2020,450970826,1,9,0,3,3,1,3,0,0,0,0,0,0,0,2,1,6,6,1,78,11,1395,1,2,SEAT ATECA,6,E01015243,0,-1
2020100959701,2020,100959701,1,9,0,17,19,1,6,0,0,0,0,0,0,0,4,1,5,6,1,20,4,1395,1,2,SEAT ATECA,-1,-1,0,-1
2020440449969,2020,440449969,2,9,0,2,2,0,0,0,0,0,0,0,0,0,2,1,6,6,3,-1,-1,999,1,3,SEAT ATECA,-1,-1,0,-1
20201376P1239,2020,1376P1239,2,9,0,10,10,8,4,0,0,1,0,0,0,0,3,1,6,6,1,69,10,1984,1,1,SEAT ATECA,10,E01010570,0,-1
202006F178506,2020,06F178506,1,9,0,9,9,1,6,0,0,8,0,0,0,0,1,1,2,2,1,64,9,1498,1,0,SEAT ATECA,1,E01005692,0,-1
2020991003490,2020,991003490,2,9,0,18,19,2,6,0,0,0,0,0,0,0,3,1,6,6,2,26,6,1968,2,1,SEAT ATECA,4,-1,0,-1
202063C039120,2020,63C039120,2,9,0,9,9,8,6,0,0,5,0,0,0,0,1,1,6,6,1,59,9,1598,2,2,SEAT ATECA,8,W01000554,0,-1
2020010242220,2020,010242220,2,9,0,99,99,9,9,99,99,9,9,99,9,99,1,9,6,6,3,24,5,1598,2,1,SEAT ATECA,3,E01033583,0,-1
2020470998752,2020,470998752,1,9,0,16,19,8,2,0,0,1,0,0,7,10,1,1,5,6,1,55,8,1968,2,1,SEAT ATECA,9,E01031582,0,-1
2020990976527,2020,990976527,1,9,0,11,11,6,7,0,0,3,0,0,0,0,1,1,5,6,1,69,10,1968,2,3,SEAT ATECA,8,-1,0,-1
202006N170633,2020,06N170633,1,9,0,6,6,1,1,0,0,0,0,0,0,0,4,1,6,6,1,47,8,999,1,1,SEAT ATECA,8,E01004944,0,-1
2020140941145,2020,140941145,1,9,0,18,19,1,5,0,0,0,1,0,0,0,1,1,6,6,1,28,6,1598,2,3,SEAT ATECA,-1,-1,0,-1
2020010265055,2020,010265055,2,9,0,18,19,1,5,0,0,1,0,0,0,0,3,1,2,2,1,65,9,1498,1,1,SEAT ATECA,3,E01021836,0,-1
2020440091584,2020,440091584,1,9,0,7,7,6,8,0,0,3,0,10,1,7,3,1,6,6,1,17,4,1598,2,1,SEAT ATECA,3,E01023142,0,-1
2020010269142,2020,010269142,2,9,9,99,99,9,9,99,99,9,9,99,9,99,9,9,6,6,3,-1,-1,1498,1,1,SEAT ATECA,-1,-1,0,-1
2020052002483,2020,052002483,1,9,0,18,19,6,2,0,0,0,0,0,0,0,1,1,3,7,1,39,7,999,1,2,SEAT ATECA,-1,-1,0,-1
2020111000218,2020,111000218,1,9,0,1,1,3,7,0,0,0,0,0,0,0,2,1,6,6,2,38,7,1598,2,2,SEAT ATECA,2,E01020602,0,-1
2020200984020,2020,200984020,1,9,0,18,19,5,1,0,0,8,0,0,0,0,1,1,6,6,1,25,5,1598,2,1,SEAT ATECA,9,E01029619,0,-1
2020010245986,2020,010245986,2,9,0,9,9,6,4,0,0,1,0,0,0,0,1,1,6,6,1,20,4,1598,2,1,SEAT ATECA,2,E01003137,0,-1
2020220969094,2020,220969094,2,9,0,17,19,2,7,0,0,0,0,0,0,0,2,1,5,6,2,50,8,999,1,1,SEAT ATECA,5,E01032404,0,-1
2020122000671,2020,122000671,1,9,0,18,19,5,1,0,0,2,0,0,0,0,2,1,6,6,2,25,5,999,1,3,SEAT ATECA,9,E01027555,0,-1
2020010239201,2020,010239201,1,9,0,18,19,1,5,0,0,8,0,0,0,0,0,1,6,6,2,32,6,1984,1,2,SEAT ATECA,7,E01002122,0,-1
2020137C40715,2020,137C40715,2,9,0,18,19,3,7,0,0,1,0,0,0,0,3,1,6,6,1,25,5,1598,2,1,SEAT ATECA,1,E01010755,0,-1
2020371021642,2020,371021642,2,9,0,18,19,4,8,0,0,0,0,0,0,0,4,1,6,6,1,-1,-1,999,1,3,SEAT ATECA,9,E01030238,0,-1
2020420975159,2020,420975159,2,9,0,18,19,3,7,0,0,8,0,0,0,0,1,1,5,6,2,38,7,1395,1,2,SEAT ATECA,7,E01021408,0,-1
2020040956355,2020,040956355,1,9,0,9,9,7,5,0,0,8,0,0,0,0,4,1,5,6,1,55,8,1598,2,1,SEAT ATECA,4,E01025452,0,-1
2020122000598,2020,122000598,4,9,0,2,2,0,0,0,0,0,0,0,0,0,2,1,6,6,3,-1,-1,1598,2,1,SEAT ATECA,-1,-1,0,-1
2020990974669,2020,990974669,1,9,0,4,4,7,3,0,0,0,0,0,0,0,2,1,6,6,1,56,9,1984,1,1,SEAT ATECA,8,-1,0,-1
2020622000447,2020,622000447,1,9,0,18,19,4,8,0,0,3,1,0,0,0,3,1,1,1,2,52,8,1598,2,1,SEAT ATECA,3,W01001923,0,-1
2020137AF1551,2020,137AF1551,2,9,0,18,19,4,8,0,0,0,0,0,0,0,2,1,6,6,1,42,7,1598,2,3,SEAT ATECA,6,E01010816,0,-1
2020400989521,2020,400989521,1,9,0,1,1,2,6,0,0,8,0,0,0,0,2,1,6,6,3,-1,-1,1968,2,4,SEAT ATECA,-1,-1,0,-1
20201378R1109,2020,1378R1109,1,9,0,18,19,1,5,0,0,0,0,0,0,0,1,1,6,6,1,21,5,1598,2,1,SEAT ATECA,1,E01010811,0,-1
2020140995464,2020,140995464,2,9,0,18,19,4,7,0,0,0,0,0,0,0,3,1,6,6,2,-1,-1,1968,2,4,SEAT ATECA,-1,-1,0,-1
2020200929438,2020,200929438,2,9,0,18,19,7,3,0,0,0,0,0,0,0,1,1,6,6,1,69,10,1968,2,1,SEAT ATECA,2,E01010057,0,-1
2020549426020,2020,549426020,1,5,0,16,19,7,3,0,0,0,1,0,7,9,1,1,6,6,1,53,8,398,1,14,-1,6,E01022410,0,-1
2020140957029,2020,140957029,1,4,0,18,19,2,6,0,0,1,0,0,0,0,1,1,6,6,1,30,6,396,1,18,-1,3,E01007397,0,-1
2020460956675,2020,460956675,2,5,0,18,19,5,1,0,0,1,2,0,0,0,1,1,2,2,1,33,6,645,1,8,-1,9,E01031733,0,-1
2020010246850,2020,010246850,1,5,0,18,19,8,4,0,0,8,0,4,0,0,1,-1,2,2,1,28,6,645,1,11,-1,5,E01001322,0,-1
2020010231722,2020,010231722,2,5,0,18,19,7,3,0,0,0,0,0,0,0,1,1,6,6,1,55,8,645,1,5,-1,-1,-1,0,-1
2020470992546,2020,470992546,1,5,0,10,10,8,4,0,0,8,0,0,0,0,3,1,2,2,1,32,6,645,1,7,-1,2,E01020990,0,-1
2020552000975,2020,552000975,2,3,0,4,4,2,6,0,0,1,0,0,1,0,2,1,6,6,2,20,4,645,1,10,-1,-1,-1,0,-1
2020471003178,2020,471003178,2,5,0,4,4,8,4,0,0,8,0,0,0,0,1,1,5,6,1,49,8,645,1,8,-1,2,E01016949,0,-1
2020052002420,2020,052002420,2,5,0,18,19,7,3,0,0,1,0,0,0,0,1,1,6,6,1,59,9,645,1,7,-1,5,E01006946,0,-1
2020302000631,2020,302000631,2,5,0,18,19,7,3,0,0,0,0,0,0,0,1,1,6,6,1,38,7,645,1,11,-1,8,E01028069,0,-1
2020500982445,2020,500982445,2,9,0,18,19,2,6,0,0,0,0,0,0,0,2,1,6,6,1,43,7,2755,2,1,TOYOTA LANDCRUISER,6,E01018764,0,-1
2020410966176,2020,410966176,1,9,0,18,19,6,2,0,0,0,0,0,0,0,4,1,6,6,1,83,11,4164,2,24,TOYOTA LANDCRUISER,6,E01023341,0,-1
2020440312522,2020,440312522,2,9,0,2,2,0,0,0,0,2,0,0,0,0,1,1,6,6,3,-1,-1,2985,2,21,TOYOTA LANDCRUISER,-1,-1,0,-1
2020200969602,2020,200969602,1,9,0,18,19,8,6,0,0,0,5,7,0,0,1,1,6,6,1,21,5,2982,2,21,TOYOTA LANDCRUISER,2,E01010397,0,-1
2020440051208,2020,440051208,1,9,0,10,10,3,1,0,0,1,0,0,0,0,2,1,1,1,1,43,7,2755,2,1,TOYOTA LANDCRUISER,10,E01022694,0,-1
2020200996681,2020,200996681,1,9,0,5,5,2,6,0,0,0,0,10,1,3,1,1,6,6,1,31,6,2982,2,22,TOYOTA LANDCRUISER,5,E01032592,0,-1
2020010245537,2020,010245537,1,9,0,1,1,5,1,0,0,1,0,4,0,0,2,1,6,6,2,44,7,2755,2,0,TOYOTA LANDCRUISER,1,E01002748,0,-1
2020990981181,2020,990981181,1,9,0,4,4,1,5,0,0,0,2,0,1,11,2,1,6,6,1,65,9,2982,2,19,TOYOTA LANDCRUISER,6,-1,0,-1
2020070062325,2020,070062325,1,9,0,18,19,2,5,0,0,8,0,0,0,0,4,1,6,6,1,-1,-1,2982,2,18,TOYOTA LANDCRUISER,9,E01029786,0,-1
2020470993260,2020,470993260,4,9,4,18,19,3,7,0,0,0,0,0,0,0,4,1,5,6,1,69,10,2982,2,22,TOYOTA LANDCRUISER,6,E01021204,0,-1
2020990975927,2020,990975927,1,9,0,9,9,3,7,0,0,5,0,0,0,0,3,1,5,6,2,65,9,2982,2,10,TOYOTA LANDCRUISER,4,-1,0,-1
2020410994241,2020,410994241,3,9,0,2,2,0,0,0,0,0,0,0,0,0,4,1,6,6,3,-1,-1,2982,2,22,TOYOTA LANDCRUISER,-1,-1,0,-1
2020420928623,2020,420928623,2,9,4,18,19,5,1,0,0,0,0,0,1,0,3,1,1,1,1,44,7,2982,2,19,TOYOTA LANDCRUISER,5,E01030138,0,-1
2020470930634,2020,470930634,1,9,0,18,19,4,8,0,0,8,0,0,0,0,1,1,6,6,1,76,11,2982,2,22,TOYOTA LANDCRUISER,8,E01021147,0,-1
2020440346228,2020,440346228,1,9,4,18,19,1,5,0,0,1,1,0,0,0,1,1,1,1,1,42,7,4461,2,5,TOYOTA LANDCRUISER,5,E01022616,0,-1
2020041005648,2020,041005648,2,9,0,4,4,0,0,0,0,0,0,0,0,0,1,1,6,6,1,77,11,2755,2,0,TOYOTA LANDCRUISER,5,E01025320,0,-1
2020360942411,2020,360942411,2,9,0,1,1,1,5,0,0,0,0,0,0,0,1,1,5,6,1,55,8,4164,2,17,TOYOTA LANDCRUISER,6,E01026494,0,-1
2020201023095,2020,201023095,2,9,0,4,4,5,3,0,0,0,0,0,0,0,1,1,6,6,1,-1,-1,2982,2,15,TOYOTA LANDCRUISER,-1,-1,0,-1
2020200983395,2020,200983395,1,9,0,18,19,8,4,0,0,0,0,0,0,0,1,1,6,6,1,51,8,2982,2,18,TOYOTA LANDCRUISER,1,E01010485,0,-1
2020010247090,2020,010247090,1,9,0,3,3,5,1,0,0,1,0,4,0,0,1,2,6,6,1,52,8,2982,2,19,TOYOTA LANDCRUISER,2,E01004392,0,-1
2020220978079,2020,220978079,1,9,0,18,19,7,3,0,0,0,0,0,0,0,4,1,5,6,1,74,10,2982,2,10,TOYOTA LANDCRUISER,5,E01014056,0,-1
2020500988010,2020,500988010,1,9,3,18,19,5,1,0,0,0,4,0,1,0,1,1,5,6,1,65,9,2982,2,20,TOYOTA LANDCRUISER,9,E01014725,0,-1
2020460943614,2020,460943614,1,9,0,18,19,3,8,0,0,0,0,0,2,0,4,1,5,6,1,51,8,2982,2,15,TOYOTA LANDCRUISER,6,E01024346,0,-1
2020430072617,2020,430072617,1,9,0,18,19,8,4,0,0,1,0,0,0,0,1,1,2,2,1,50,8,2982,2,22,TOYOTA LANDCRUISER,4,E01016448,0,-1
2020450959360,2020,450959360,1,9,0,9,9,7,5,0,0,8,0,0,0,0,3,1,5,6,1,39,7,2982,2,16,TOYOTA LANDCRUISER,10,E01030963,0,-1
2020546469020,2020,546469020,1,9,4,18,19,3,7,0,0,0,3,0,7,4,1,1,1,1,1,42,7,4164,2,22,TOYOTA LANDCRUISER,9,E01015586,0,-1
2020360978820,2020,360978820,3,9,3,18,19,3,7,0,0,1,5,0,0,0,3,1,5,6,1,73,10,2982,2,18,TOYOTA LANDCRUISER,9,E01028332,0,-1
20201376Q1858,2020,1376Q1858,1,9,0,18,19,6,3,0,0,2,0,0,0,0,3,1,6,6,1,26,6,2982,2,18,TOYOTA LANDCRUISER,-1,-1,0,-1
2020622000860,2020,622000860,2,9,0,18,19,6,2,0,0,0,0,0,0,0,1,1,6,6,1,57,9,2755,2,2,TOYOTA LANDCRUISER,6,W01000496,0,-1
202031B014520,2020,31B014520,3,9,3,3,3,1,5,0,0,1,0,0,0,0,3,1,6,6,1,63,9,2755,2,4,TOYOTA LANDCRUISER,5,E01026070,0,-1
2020010256680,2020,010256680,2,9,0,9,9,8,7,0,0,1,0,0,0,0,1,1,1,1,1,58,9,2755,2,1,TOYOTA LANDCRUISER,3,E01001412,0,-1
2020460986218,2020,460986218,2,9,0,17,19,3,7,0,0,1,5,0,0,0,2,1,6,6,1,63,9,2982,2,21,TOYOTA LANDCRUISER,9,E01024484,0,-1
2020501008271,2020,501008271,1,9,0,5,5,1,5,0,0,6,0,0,0,0,1,1,6,6,3,-1,-1,2982,2,18,TOYOTA LANDCRUISER,-1,-1,0,-1
2020460964462,2020,460964462,1,9,4,18,19,2,6,0,0,0,3,0,4,6,1,1,1,1,1,29,6,4477,1,24,TOYOTA LANDCRUISER,1,E01016032,0,-1
2020350973818,2020,350973818,1,9,0,18,19,5,1,0,0,0,2,7,0,0,1,1,5,6,1,31,6,2982,2,24,TOYOTA LANDCRUISER,6,E01033453,0,-1
20201371R0464,2020,1371R0464,2,9,0,18,19,5,1,0,0,0,0,0,0,0,2,1,6,6,2,55,8,2982,2,15,TOYOTA LANDCRUISER,3,E01010759,0,-1
2020460939315,2020,460939315,3,9,0,2,2,0,0,0,0,0,0,0,0,0,4,1,6,6,1,47,8,2982,2,5,TOYOTA LANDCRUISER,1,E01024687,0,-1
2020440310040,2020,440310040,1,9,0,7,7,5,7,0,0,6,0,0,0,0,1,1,6,6,1,84,11,2982,2,23,TOYOTA LANDCRUISER,8,E01022991,0,-1
2020440131819,2020,440131819,2,9,0,2,2,0,0,0,0,0,0,0,0,0,2,1,6,6,3,-1,-1,2982,2,13,TOYOTA LANDCRUISER,-1,-1,0,-1
2020122001233,2020,122001233,1,9,0,18,19,5,1,0,0,0,0,0,0,0,0,1,6,6,1,69,10,2755,2,0,TOYOTA LANDCRUISER,7,E01027860,0,-1
2020220959804,2020,220959804,3,9,0,4,4,4,8,0,0,1,0,0,0,0,0,1,5,6,1,60,9,2982,2,17,TOYOTA LANDCRUISER,10,E01022466,0,-1
2020430104648,2020,430104648,4,9,0,2,2,0,0,0,0,0,0,0,0,0,0,1,6,6,3,-1,-1,2982,2,16,TOYOTA LANDCRUISER,-1,-1,0,-1
2020500964418,2020,500964418,2,9,0,18,19,1,5,0,0,0,0,0,0,0,1,1,5,6,1,56,9,2982,2,14,TOYOTA LANDCRUISER,5,E01018847,0,-1
2020302000071,2020,302000071,1,9,0,10,10,2,6,0,0,1,0,0,0,0,2,1,6,6,2,51,8,2982,2,14,TOYOTA LANDCRUISER,8,E01019714,0,-1
2020530916262,2020,530916262,1,5,0,14,14,1,5,0,0,0,0,0,0,0,1,1,6,6,1,45,7,2294,1,10,MAKE AND MODEL REDACTED,7,E01014808,0,-1
2020070322079,2020,070322079,1,5,0,18,19,3,7,0,0,1,1,0,0,0,1,1,6,6,1,49,8,2294,1,11,MAKE AND MODEL REDACTED,10,E01018576,0,-1
2020302001139,2020,302001139,2,5,0,18,19,4,8,0,0,1,0,0,0,0,1,1,6,6,1,51,8,2294,1,12,MAKE AND MODEL REDACTED,9,E01019412,0,-1
2020470957009,2020,470957009,2,5,0,18,19,7,3,0,0,8,0,0,0,0,1,1,6,6,1,53,8,2458,1,0,MAKE AND MODEL REDACTED,8,E01031397,0,-1
2020401026886,2020,401026886,1,5,0,18,19,7,3,0,0,0,0,0,7,0,4,1,1,1,1,59,9,2458,1,0,MAKE AND MODEL REDACTED,10,E01017462,0,-1
2020543085020,2020,543085020,1,4,0,18,19,4,8,0,0,1,0,0,1,10,4,1,6,6,1,39,7,249,1,19,-1,2,E01015558,0,-1
2020990984755,2020,990984755,1,3,0,17,19,8,4,0,0,0,0,0,0,0,1,1,5,6,1,42,7,125,1,7,Zontes ZT 125,1,-1,0,-1
2020160938664,2020,160938664,1,3,0,17,19,2,8,0,0,0,1,0,1,10,3,1,5,6,1,19,4,125,1,5,Zontes ZT 125,1,E01012918,0,-1
2020552100097,2020,552100097,1,3,0,18,19,7,3,0,0,8,1,0,0,0,0,1,2,2,1,27,6,125,1,5,Zontes ZT 125,9,E01022982,0,-1
2020010275524,2020,010275524,2,3,0,18,19,5,1,0,0,8,0,0,0,0,1,1,2,2,1,23,5,125,1,6,Zontes ZT 125,10,E01000186,0,-1
2020370981057,2020,370981057,2,3,0,18,19,3,7,0,0,2,0,0,0,0,1,1,2,2,1,58,9,125,1,6,Zontes ZT 125,3,E01030163,0,-1
2020990959883,2020,990959883,1,3,0,18,19,1,5,0,0,8,0,0,0,0,1,1,5,6,1,32,6,125,1,6,Zontes ZT 125,2,-1,0,-1
2020552000137,2020,552000137,2,3,0,18,19,7,3,0,0,1,1,0,0,0,1,1,4,7,2,21,5,125,1,3,Zontes ZT 125,2,E01015288,0,-1
2020320147735,2020,320147735,1,4,0,18,19,2,6,0,0,1,0,0,0,0,4,1,2,2,1,46,8,125,1,5,-1,2,E01026170,0,-1
2020610022920,2020,610022920,1,4,0,16,19,1,4,0,0,0,0,0,0,4,0,1,2,2,1,19,4,125,1,5,-1,6,W01001511,0,-1
2020350923064,2020,350923064,1,3,0,13,13,1,5,0,0,0,0,0,1,9,1,1,6,6,2,24,5,125,1,7,Zontes ZT 125,-1,-1,0,-1
2020460995884,2020,460995884,2,3,0,18,19,3,7,0,0,1,0,0,0,0,1,1,6,6,1,28,6,125,1,4,Zontes ZT 125,2,E01024699,0,-1
2020010237852,2020,010237852,1,3,0,18,19,5,1,0,0,1,0,0,0,0,1,-1,1,1,1,44,7,125,1,6,Zontes ZT 125,3,E01000638,0,-1
2020440028105,2020,440028105,1,3,0,4,4,1,5,0,0,0,0,0,0,0,0,1,6,6,1,20,4,125,1,7,Zontes ZT 125,10,E01022776,0,-1
2020160968899,2020,160968899,1,3,0,18,19,7,3,0,0,0,1,0,1,0,1,1,5,6,1,29,6,125,1,5,Zontes ZT 125,-1,-1,0,-1
2020440349675,2020,440349675,1,3,0,18,19,6,2,0,0,8,0,0,0,0,1,1,6,6,1,19,4,125,1,7,Zontes ZT 125,5,E01017096,0,-1
2020211009713,2020,211009713,2,3,-1,-1,-1,7,3,-1,-1,-1,-1,-1,-1,0,-1,1,5,6,2,40,7,125,1,6,Zontes ZT 125,7,E01029544,0,-1
2020460919182,2020,460919182,2,5,0,18,19,7,3,0,0,0,0,0,0,0,1,1,5,6,1,69,10,1092,1,26,-1,9,E01000751,0,-1
2020990979105,2020,990979105,2,5,0,18,19,5,1,0,0,0,0,0,7,0,1,1,5,6,1,79,11,1171,1,22,-1,6,-1,0,-1
2020302000051,2020,302000051,1,9,0,18,19,8,4,0,0,0,0,4,0,0,1,1,6,6,2,69,10,998,1,13,CITROEN C1,4,E01019433,0,-1
2020990959672,2020,990959672,1,9,0,17,19,3,7,0,0,0,0,0,0,0,1,1,5,6,2,19,4,1200,1,5,CITROEN C1,-1,-1,0,-1
2020052001954,2020,052001954,1,9,0,18,19,4,8,0,0,8,0,0,0,0,1,1,2,2,2,26,6,1200,1,4,CITROEN C1,1,E01006771,0,-1
2020100941406,2020,100941406,1,9,0,18,19,5,1,0,0,0,0,0,0,0,1,1,5,6,2,64,9,998,1,7,CITROEN C1,7,E01008765,0,-1
2020320564061,2020,320564061,1,9,0,18,19,1,5,0,0,1,1,0,7,0,3,1,1,1,2,23,5,998,1,6,CITROEN C1,10,E01032990,0,-1
2020140928178,2020,140928178,1,9,0,5,5,6,2,0,0,2,0,0,0,0,3,1,6,6,2,52,8,998,1,7,CITROEN C1,7,E01008033,0,-1
2020410934482,2020,410934482,1,9,0,5,5,3,7,0,0,8,0,0,0,0,1,1,6,6,2,19,4,998,1,4,CITROEN C1,7,E01023527,0,-1
202006P278177,2020,06P278177,1,9,0,18,19,3,7,0,0,8,0,0,0,0,1,1,6,6,1,76,11,998,1,0,CITROEN C1,4,E01005355,0,-1
2020210942879,2020,210942879,1,9,0,7,7,1,3,0,0,2,0,0,0,0,1,1,4,7,2,18,4,998,1,13,CITROEN C1,9,E01029551,0,-1
2020360957343,2020,360957343,1,9,0,18,19,4,8,0,0,0,0,0,1,10,4,1,6,6,1,84,11,998,1,12,CITROEN C1,4,E01026752,0,-1
2020460929102,2020,460929102,1,9,0,18,19,1,5,0,0,0,0,0,0,0,1,1,5,6,2,19,4,998,1,11,CITROEN C1,7,E01032619,0,-1
2020411012459,2020,411012459,1,9,0,18,19,3,6,0,0,0,0,0,0,0,1,1,5,6,1,33,6,998,1,1,CITROEN C1,8,E01000282,0,-1
2020350951491,2020,350951491,2,9,0,16,19,5,1,0,0,0,0,0,0,0,0,1,1,1,2,30,6,998,1,10,CITROEN C1,5,E01018135,0,-1
2020320118482,2020,320118482,1,9,0,17,19,3,7,0,0,0,5,10,0,0,4,1,6,6,2,31,6,998,1,6,CITROEN C1,3,E01026117,0,-1
2020552000965,2020,552000965,2,9,0,17,19,6,3,0,0,8,0,0,0,0,4,1,6,6,2,52,8,998,1,2,CITROEN C1,6,E01023219,0,-1
2020070159813,2020,070159813,1,9,0,16,19,1,5,0,0,4,0,0,0,0,3,1,6,6,1,39,7,998,1,14,CITROEN C1,2,E01018400,0,-1
2020041009450,2020,041009450,2,9,0,13,13,7,3,0,0,0,0,0,0,0,4,1,5,6,2,19,4,998,1,11,CITROEN C1,5,E01024873,0,-1
2020530972302,2020,530972302,2,9,0,18,19,6,2,0,0,4,0,0,0,0,1,1,1,1,2,47,8,998,1,10,CITROEN C1,5,E01022358,0,-1
2020210956709,2020,210956709,1,9,0,11,11,5,1,0,0,0,0,11,0,0,2,1,6,6,1,63,9,998,1,13,CITROEN C1,8,W01000649,0,-1
2020522003123,2020,522003123,2,9,0,3,3,8,4,0,0,0,0,0,0,0,2,1,6,6,2,27,6,998,1,5,CITROEN C1,7,E01014884,0,-1
2020990957799,2020,990957799,1,9,0,18,19,7,2,0,0,1,0,0,0,0,3,1,5,6,2,20,4,1200,1,5,CITROEN C1,1,-1,0,-1
2020110989307,2020,110989307,2,9,0,3,3,1,5,0,0,0,0,0,0,0,2,1,2,2,1,39,7,998,1,8,CITROEN C1,4,E01012340,0,-1
2020100995444,2020,100995444,1,9,0,10,10,5,1,0,0,2,0,0,0,0,2,1,6,6,2,70,10,998,1,11,CITROEN C1,6,E01008530,0,-1
2020200962973,2020,200962973,1,9,0,9,9,5,3,0,0,8,0,10,7,10,1,1,2,2,1,56,9,998,1,5,CITROEN C1,4,E01009711,0,-1
2020400931788,2020,400931788,2,9,0,4,4,1,5,0,0,1,0,0,0,0,1,1,5,6,1,30,6,998,1,12,CITROEN C1,6,E01017481,0,-1
2020451000784,2020,451000784,2,9,0,18,19,8,4,0,0,0,1,0,5,6,2,1,2,2,2,21,5,998,1,11,CITROEN C1,10,E01020350,0,-1
2020010286504,2020,010286504,2,9,0,9,9,5,3,0,0,6,0,0,0,0,1,1,6,6,2,89,11,998,1,11,CITROEN C1,7,E01000388,0,-1
2020500982450,2020,500982450,2,9,0,18,19,7,3,0,0,8,0,0,0,0,1,1,5,6,2,26,6,998,1,14,CITROEN C1,1,E01018910,0,-1
2020522001002,2020,522001002,1,9,0,9,9,1,8,0,0,8,0,0,0,0,3,1,6,6,2,21,5,998,1,8,CITROEN C1,9,E01032674,0,-1
2020460923476,2020,460923476,2,9,0,3,3,0,0,0,0,0,0,0,0,0,2,1,2,2,2,23,5,998,1,9,CITROEN C1,5,E01024601,0,-1
2020201020847,2020,201020847,1,9,0,18,19,6,2,0,0,8,0,0,0,0,1,1,1,1,1,22,5,1200,1,4,CITROEN C1,8,E01029001,0,-1
2020100932444,2020,100932444,2,9,0,4,4,5,1,0,0,0,0,0,0,0,2,1,5,6,2,18,4,998,1,6,CITROEN C1,9,E01008620,0,-1
2020201003313,2020,201003313,1,9,0,9,9,6,4,0,0,2,0,0,0,0,1,1,6,6,1,86,11,998,1,12,CITROEN C1,1,E01009400,0,-1
2020991008517,2020,991008517,1,9,0,17,19,7,3,0,0,0,1,0,7,11,1,1,2,2,1,21,5,998,1,10,CITROEN C1,8,-1,0,-1