collision_index,collision_year,collision_ref_no,vehicle_reference,vehicle_type,towing_and_articulation,vehicle_manoeuvre_historic,vehicle_manoeuvre,vehicle_direction_from,vehicle_direction_to,vehicle_location_restricted_lane_historic,vehicle_location_restricted_lane,junction_location,skidding_and_overturning,hit_object_in_carriageway,vehicle_leaving_carriageway,hit_object_off_carriageway,first_point_of_impact,vehicle_left_hand_drive,journey_purpose_of_driver_historic,journey_purpose_of_driver,sex_of_driver,age_of_driver,age_band_of_driver,engine_capacity_cc,propulsion_code,age_of_vehicle,generic_make_model,driver_imd_decile,lsoa_of_driver,escooter_flag,driver_distance_banding
2020010255117,2020,010255117,2,3,0,14,14,8,4,0,0,1,2,4,0,0,1,1,2,2,1,40,7,125,1,0,HONDA NSS,4,E01002643,0,-1
2020230987628,2020,230987628,1,3,0,18,19,2,6,0,0,8,1,0,7,0,1,1,1,1,1,46,8,125,1,1,HONDA NSS,4,E01031032,0,-1
2020010263797,2020,010263797,1,2,0,4,4,2,6,0,0,0,1,0,7,0,2,1,6,6,1,25,5,125,1,0,-1,7,E01002939,0,-1
2020010238421,2020,010238421,1,3,0,99,99,9,9,99,99,9,9,99,9,99,9,-1,6,6,1,45,7,125,1,1,HONDA NSS,4,E01000503,0,-1
2020010257583,2020,010257583,1,3,0,9,9,5,2,0,0,6,0,0,0,0,4,1,1,1,1,39,7,125,1,1,HONDA NSS,-1,-1,0,-1
2020010258071,2020,010258071,1,3,0,99,99,9,9,99,99,9,9,99,9,99,1,1,6,6,1,27,6,125,1,0,HONDA NSS,5,E01001322,0,-1
2020460948874,2020,460948874,2,4,0,18,19,3,7,0,0,1,0,4,0,0,3,1,5,6,1,37,7,125,1,0,-1,1,E01016024,0,-1
2020010275894,2020,010275894,1,3,0,99,99,9,9,99,99,0,9,99,9,99,9,1,6,6,1,31,6,125,1,0,HONDA NSS,1,E01002034,0,-1
2020160981567,2020,160981567,2,3,0,18,19,2,6,0,0,0,0,0,0,0,1,1,5,6,2,55,8,125,1,1,HONDA NSS,5,E01012800,0,-1
2020010231142,2020,010231142,1,4,0,13,13,5,1,0,0,1,2,0,0,0,1,1,6,6,1,27,6,125,1,1,-1,3,E01032574,0,-1
2020010246553,2020,010246553,2,3,0,18,19,7,3,0,0,0,0,0,0,0,1,1,6,6,1,53,8,125,1,0,HONDA NSS,5,E01000467,0,-1
2020010277808,2020,010277808,1,2,0,18,19,3,7,0,0,2,0,4,0,0,1,1,6,6,1,46,8,125,1,0,-1,4,E01000235,0,-1
2020052001698,2020,052001698,2,3,0,18,19,3,7,0,0,8,0,0,0,0,9,1,6,6,1,31,6,125,1,1,HONDA NSS,2,E01006745,0,-1
2020010284184,2020,010284184,1,3,0,99,99,9,9,99,99,9,9,99,9,99,1,1,6,6,1,43,7,125,1,1,HONDA NSS,2,E01003061,0,-1
2020010263910,2020,010263910,1,3,0,18,19,5,1,0,0,8,9,99,0,0,1,1,6,6,1,36,7,125,1,0,HONDA NSS,2,E01000523,0,-1
2020010270869,2020,010270869,1,3,0,18,19,7,3,0,0,8,0,0,0,0,1,1,6,6,1,46,8,125,1,2,HONDA NSS,5,E01000224,0,-1
2020010272462,2020,010272462,2,3,0,18,19,8,4,0,0,0,1,0,0,0,1,1,1,1,1,54,8,125,1,2,HONDA NSS,2,E01003120,0,-1
2020010246313,2020,010246313,1,3,0,9,9,5,3,0,0,8,1,7,0,0,1,1,6,6,1,59,9,125,1,1,HONDA NSS,5,E01000240,0,-1
2020010248793,2020,010248793,1,3,0,99,99,9,9,99,99,1,9,99,9,99,9,1,6,6,1,28,6,125,1,0,HONDA NSS,1,E01000601,0,-1
2020010245055,2020,010245055,1,2,0,4,4,4,8,0,0,2,0,0,0,0,2,1,6,6,1,28,6,125,1,0,-1,1,E01000602,0,-1
2020010244243,2020,010244243,1,3,0,17,19,3,7,0,0,2,0,0,0,0,4,1,6,6,1,49,8,125,1,1,HONDA NSS,3,E01003579,0,-1
2020010279201,2020,010279201,1,3,0,99,99,9,9,99,99,1,9,99,9,99,9,1,6,6,1,32,6,125,1,0,HONDA NSS,5,E01000519,0,-1
2020010270492,2020,010270492,1,3,0,99,99,9,9,99,99,9,9,99,9,99,1,1,6,6,1,35,6,125,1,0,HONDA NSS,4,E01001176,0,-1
2020010266030,2020,010266030,1,3,0,13,13,4,8,0,0,1,0,0,0,0,4,1,6,6,1,48,8,125,1,0,HONDA NSS,4,E01002248,0,-1
2020010244309,2020,010244309,1,3,0,99,99,9,9,99,99,9,9,99,9,99,9,-1,6,6,1,28,6,125,1,1,HONDA NSS,1,E01000308,0,-1
2020010250880,2020,010250880,2,3,0,3,3,5,1,0,0,2,0,0,0,0,1,1,1,1,1,28,6,125,1,1,HONDA NSS,3,E01001547,0,-1
2020010257207,2020,010257207,2,3,0,3,3,1,5,0,0,1,0,0,0,0,1,1,1,1,1,29,6,125,1,0,HONDA NSS,3,E01000638,0,-1
2020010278788,2020,010278788,1,3,0,99,99,9,9,99,99,9,9,99,9,99,1,1,6,6,1,39,7,125,1,1,HONDA NSS,4,E01003919,0,-1
2020100928341,2020,100928341,2,5,0,3,3,2,4,0,0,0,0,0,0,0,1,1,1,1,1,55,8,1261,1,5,-1,-1,-1,0,-1
2020231006632,2020,231006632,2,3,0,18,19,3,7,0,0,8,0,0,0,0,1,1,2,2,1,30,6,125,1,0,-1,6,E01018151,0,-1
2020200953926,2020,200953926,2,5,0,18,19,8,4,0,0,2,1,0,0,0,1,1,6,6,1,40,7,1202,1,7,-1,2,E01010564,0,-1
2020500954722,2020,500954722,2,4,0,16,19,8,3,0,0,1,2,0,0,0,3,1,6,6,1,49,8,498,1,22,-1,3,E01029333,0,-1
2020137882016,2020,137882016,2,4,0,18,19,3,3,0,0,1,0,0,0,0,1,1,6,6,1,42,7,498,1,23,-1,1,E01011362,0,-1
2020522003130,2020,522003130,1,5,0,18,19,4,8,0,0,8,0,0,0,0,1,1,6,6,1,18,4,498,1,21,-1,7,E01014945,0,-1
2020500988965,2020,500988965,1,4,0,18,19,7,3,0,0,0,0,12,0,0,1,1,6,6,1,29,6,498,1,18,-1,4,E01015185,0,-1
2020100950327,2020,100950327,2,4,0,18,19,1,5,0,0,3,0,0,0,0,1,1,2,2,1,20,4,498,1,19,-1,4,E01033543,0,-1
2020401000879,2020,401000879,1,4,0,16,19,3,7,0,0,0,0,0,0,0,1,1,5,6,1,22,5,498,1,13,-1,7,E01018185,0,-1
2020302000241,2020,302000241,1,3,0,18,19,1,5,0,0,0,1,0,0,0,1,1,2,2,1,28,6,498,1,23,-1,3,E01013457,0,-1
20201372A1406,2020,1372A1406,2,4,0,18,19,3,7,0,0,8,0,0,0,0,1,1,6,6,1,27,6,498,1,23,-1,1,E01011911,0,-1
2020522000869,2020,522000869,2,4,0,9,9,3,2,0,0,6,0,0,0,0,3,1,6,6,1,23,5,498,1,14,-1,10,E01014902,0,-1
2020470979642,2020,470979642,2,3,0,4,4,6,1,0,0,0,0,0,0,0,2,1,5,6,1,27,6,125,1,4,-1,3,E01021044,0,-1
2020522002965,2020,522002965,2,3,0,18,19,1,5,0,0,8,0,0,0,0,1,1,6,6,2,26,6,125,1,6,-1,3,E01014827,0,-1
2020010279471,2020,010279471,1,9,0,3,3,3,7,0,0,1,0,0,0,0,2,1,6,6,1,38,7,2143,2,2,MERCEDES GLE CLASS,6,E01033083,0,-1
2020411002110,2020,411002110,1,9,0,4,4,4,8,0,0,0,0,0,0,0,2,1,6,6,1,37,7,2987,2,2,MERCEDES GLE CLASS,5,E01016151,0,-1
2020302000455,2020,302000455,1,9,0,4,4,6,3,0,0,0,0,0,0,0,2,1,6,6,1,31,6,2987,2,4,MERCEDES GLE CLASS,8,E01029704,0,-1
2020010249602,2020,010249602,2,9,0,15,15,4,8,2,2,1,0,0,0,0,3,1,6,6,1,36,7,2987,2,3,MERCEDES GLE CLASS,2,E01004008,0,-1
2020010250647,2020,010250647,2,9,0,99,99,9,9,99,99,0,9,99,9,99,9,9,6,6,3,55,8,2143,2,3,MERCEDES GLE CLASS,1,E01003318,0,-1
2020010280072,2020,010280072,1,9,0,17,19,2,8,0,0,1,0,0,0,0,1,1,6,6,2,29,6,2987,2,3,MERCEDES GLE CLASS,-1,-1,0,-1
2020400997587,2020,400997587,2,9,0,16,19,6,4,0,0,0,0,0,0,0,1,1,6,6,2,34,6,2987,2,2,MERCEDES GLE CLASS,5,E01017615,0,-1
2020990973615,2020,990973615,2,9,0,3,3,3,7,0,0,0,0,0,0,0,2,1,6,6,1,48,8,2143,2,2,MERCEDES GLE CLASS,9,-1,0,-1
2020010254140,2020,010254140,1,9,0,1,1,1,5,0,0,1,0,0,0,0,1,1,6,6,1,40,7,2143,2,4,MERCEDES GLE CLASS,10,E01003671,0,-1
2020302001160,2020,302001160,2,9,0,4,4,7,2,0,0,1,0,0,0,0,1,1,6,6,1,62,9,2996,8,4,MERCEDES GLE CLASS,9,E01013514,0,-1
2020030979611,2020,030979611,2,9,0,16,19,5,1,0,0,0,0,0,0,0,3,1,2,2,2,49,8,2987,2,5,MERCEDES GLE CLASS,5,E01019394,0,-1
20201375R1941,2020,1375R1941,2,9,0,18,19,7,3,0,0,1,0,0,0,0,4,1,6,6,1,28,6,2143,2,2,MERCEDES GLE CLASS,8,E01010672,0,-1
2020010262355,2020,010262355,2,9,0,9,9,8,5,0,0,5,0,0,0,0,4,1,6,6,1,29,6,2987,2,2,MERCEDES GLE CLASS,1,E01022289,0,-1
2020010259664,2020,010259664,3,9,0,4,4,5,1,0,0,0,0,0,0,0,2,1,6,6,2,43,7,2987,2,2,MERCEDES GLE CLASS,9,E01024750,0,-1
2020010280517,2020,010280517,3,9,0,5,5,0,1,6,6,1,0,0,0,0,1,1,6,6,1,45,7,2143,2,2,MERCEDES GLE CLASS,8,E01016186,0,-1
2020501005001,2020,501005001,1,9,0,15,15,1,5,0,0,0,1,0,0,0,4,1,5,6,1,60,9,2925,2,1,MERCEDES GLE CLASS,8,E01033232,0,-1
2020010238890,2020,010238890,1,9,9,99,99,9,9,99,99,9,9,99,9,99,3,9,6,6,1,48,8,2987,2,4,MERCEDES GLE CLASS,5,E01033577,0,-1
2020201019173,2020,201019173,2,9,0,18,19,2,6,0,0,8,0,0,0,0,4,1,6,6,1,41,7,2987,2,2,MERCEDES GLE CLASS,1,E01009124,0,-1
2020460978163,2020,460978163,1,9,0,5,5,1,3,0,0,6,0,0,0,0,1,1,5,6,1,47,8,2143,2,2,MERCEDES GLE CLASS,5,E01024228,0,-1
2020200970170,2020,200970170,1,9,0,18,19,7,3,0,0,0,0,4,1,4,1,1,6,6,1,26,6,2987,2,2,MERCEDES GLE CLASS,2,E01008984,0,-1
2020340D08012,2020,340D08012,2,9,0,9,9,5,3,0,0,1,0,0,0,0,2,1,6,6,2,36,7,2925,2,0,MERCEDES GLE CLASS,7,E01027262,0,-1
2020100956324,2020,100956324,2,9,0,18,19,7,3,0,0,0,0,0,0,0,4,1,5,6,1,69,10,2143,2,4,MERCEDES GLE CLASS,2,E01008460,0,-1
2020410971013,2020,410971013,1,9,0,18,19,7,3,0,0,0,0,0,0,0,1,1,6,6,3,-1,-1,2996,1,4,MERCEDES GLE CLASS,-1,-1,0,-1
2020230989921,2020,230989921,1,9,0,9,9,4,2,0,0,5,1,0,0,0,1,1,5,6,1,71,10,2987,2,4,MERCEDES GLE CLASS,7,E01031194,0,-1
2020010272504,2020,010272504,2,9,0,99,99,9,9,99,99,0,9,99,9,99,9,1,6,6,1,-1,-1,2143,2,4,MERCEDES GLE CLASS,2,E01000077,0,-1
2020470937006,2020,470937006,1,9,0,18,19,6,2,0,0,0,0,0,0,0,1,1,5,6,2,51,8,2143,2,2,MERCEDES GLE CLASS,8,E01024810,0,-1
2020451004475,2020,451004475,1,9,0,18,19,1,5,0,0,0,0,0,0,0,3,1,5,6,2,56,9,1950,2,1,MERCEDES GLE CLASS,7,E01030569,0,-1
2020302001264,2020,302001264,1,9,0,4,4,4,8,0,0,0,0,0,0,0,2,1,6,6,1,53,8,2143,2,4,MERCEDES GLE CLASS,10,E01007939,0,-1
2020430418570,2020,430418570,2,9,0,18,19,5,1,0,0,1,0,0,0,0,2,1,6,6,1,58,9,2143,2,3,MERCEDES GLE CLASS,6,E01016753,0,-1
2020010277688,2020,010277688,1,9,0,6,6,3,3,0,0,0,0,0,0,0,4,1,6,6,1,-1,-1,2987,2,1,MERCEDES GLE CLASS,-1,-1,0,-1
2020430068785,2020,430068785,4,9,0,18,19,5,3,0,0,8,0,0,0,0,3,1,6,6,2,51,8,2987,2,2,MERCEDES GLE CLASS,8,E01016780,0,-1
2020460966694,2020,460966694,1,9,0,7,7,5,7,0,0,6,0,0,0,0,3,1,5,6,1,58,9,2143,2,3,MERCEDES GLE CLASS,5,E01024651,0,-1
2020010259102,2020,010259102,2,9,0,99,99,9,9,99,99,9,9,99,9,99,2,9,6,6,3,-1,-1,1950,2,1,MERCEDES GLE CLASS,6,E01003752,0,-1
2020010232464,2020,010232464,1,9,0,99,99,9,9,99,99,9,9,99,9,99,9,9,6,6,2,34,6,2143,2,3,MERCEDES GLE CLASS,4,E01001995,0,-1
2020010241396,2020,010241396,1,9,0,9,9,1,7,0,0,6,0,0,0,0,2,1,6,6,1,42,7,2987,2,5,MERCEDES GLE CLASS,9,E01000266,0,-1
2020471002982,2020,471002982,1,9,0,18,19,6,2,0,0,4,0,0,0,0,1,1,6,6,1,84,11,2925,2,0,MERCEDES GLE CLASS,8,E01031506,0,-1
2020010246450,2020,010246450,1,9,0,18,19,5,1,0,0,8,0,0,0,0,3,1,6,6,1,30,6,2143,2,4,MERCEDES GLE CLASS,6,E01004078,0,-1
2020010278697,2020,010278697,2,9,0,99,99,9,9,99,99,9,9,99,9,99,9,9,6,6,3,-1,-1,2925,2,1,MERCEDES GLE CLASS,-1,-1,0,-1
2020160993273,2020,160993273,1,9,0,9,9,3,1,0,0,6,0,0,0,0,1,1,6,6,3,-1,-1,2987,2,4,MERCEDES GLE CLASS,-1,-1,0,-1
2020010269374,2020,010269374,1,9,0,2,2,0,0,99,99,0,9,99,9,99,4,1,6,6,3,-1,-1,2143,2,2,MERCEDES GLE CLASS,-1,-1,0,-1
2020010263019,2020,010263019,2,9,0,1,1,5,1,99,99,1,0,0,0,0,2,1,6,6,1,34,6,1950,2,1,MERCEDES GLE CLASS,2,E01000189,0,-1
2020010239736,2020,010239736,2,9,0,18,19,3,7,0,0,8,0,0,0,0,1,1,6,6,2,23,5,2143,2,2,MERCEDES GLE CLASS,-1,-1,0,-1
2020010267586,2020,010267586,1,9,0,99,99,9,9,99,99,0,9,99,9,99,1,9,2,2,1,35,6,2987,2,5,MERCEDES GLE CLASS,8,E01001094,0,-1
2020520002037,2020,520002037,1,9,0,18,19,5,1,0,0,8,0,0,0,0,1,1,6,6,2,56,9,1950,2,1,MERCEDES GLE CLASS,6,E01029080,0,-1
2020010280687,2020,010280687,1,9,0,7,7,5,7,0,0,5,0,0,0,0,4,1,6,6,2,39,7,2143,2,3,MERCEDES GLE CLASS,4,E01001503,0,-1
2020350983702,2020,350983702,2,9,0,18,19,5,1,0,0,0,0,0,0,0,4,1,6,6,2,36,7,2143,2,2,MERCEDES GLE CLASS,6,E01015671,0,-1
2020990955837,2020,990955837,1,9,0,7,7,6,8,0,0,7,0,0,0,0,4,1,6,6,1,31,6,2987,2,1,MERCEDES GLE CLASS,1,-1,0,-1
2020432003459,2020,432003459,2,9,0,18,19,7,3,0,0,2,0,0,0,0,1,1,6,6,2,-1,-1,2143,2,3,MERCEDES GLE CLASS,9,E01016793,0,-1
2020010261223,2020,010261223,3,9,9,99,99,9,9,99,99,9,9,99,9,99,9,9,6,6,1,45,7,2987,2,2,MERCEDES GLE CLASS,3,E01000553,0,-1
2020460985260,2020,460985260,2,3,0,18,19,7,3,0,0,1,1,0,0,0,1,1,2,2,1,24,5,125,1,2,SINNIS RSX 125,3,E01024583,0,-1
2020470990575,2020,470990575,2,3,0,18,19,3,7,0,0,0,0,0,0,0,1,1,6,6,1,18,4,125,1,3,SINNIS RSX 125,6,E01031359,0,-1
2020010265327,2020,010265327,2,3,0,17,19,7,3,0,0,0,1,0,0,0,1,1,6,6,1,22,5,125,1,2,SINNIS RSX 125,3,E01000035,0,-1
2020470914683,2020,470914683,1,3,0,9,9,3,2,0,0,1,0,0,0,0,4,1,5,6,2,26,6,125,1,2,SINNIS RSX 125,2,E01021092,0,-1
2020461003746,2020,461003746,1,3,0,18,19,3,7,0,0,0,1,0,0,0,1,1,4,7,1,17,4,125,1,0,SINNIS RSX 125,9,E01016073,0,-1
20201378J0441,2020,1378J0441,1,3,0,18,19,7,3,0,0,1,0,0,0,0,1,1,2,2,1,17,4,125,1,2,SINNIS RSX 125,3,E01032923,0,-1
2020470979730,2020,470979730,2,3,0,16,19,5,1,0,0,3,0,0,0,0,4,1,2,2,1,25,5,125,1,0,SINNIS RSX 125,3,E01020991,0,-1
2020522004624,2020,522004624,2,3,0,14,14,3,7,0,0,1,0,0,0,0,1,1,6,6,1,47,8,125,1,2,SINNIS RSX 125,2,E01014806,0,-1
2020070038970,2020,070038970,1,3,0,17,19,8,4,0,0,0,1,0,0,0,4,1,1,1,1,26,6,125,1,3,SINNIS RSX 125,2,E01007294,0,-1
2020040965613,2020,040965613,1,3,0,17,19,7,5,0,0,0,2,0,0,0,3,1,5,6,2,33,6,125,1,2,SINNIS RSX 125,9,E01025560,0,-1
202063C003720,2020,63C003720,1,3,0,17,19,2,8,0,0,0,1,0,0,0,1,1,2,2,1,18,4,125,1,1,SINNIS RSX 125,7,W01000623,0,-1
2020350999730,2020,350999730,1,4,0,7,7,7,3,0,0,6,0,0,0,0,3,1,1,1,1,38,7,125,1,0,-1,7,E01018300,0,-1
2020302001721,2020,302001721,1,4,0,18,19,6,2,2,2,1,0,0,1,0,1,1,6,6,1,51,8,183,1,36,-1,3,E01013455,0,-1
2020122000406,2020,122000406,1,5,0,18,19,1,5,0,0,0,0,0,1,0,1,1,6,6,1,47,8,750,1,7,Suzuki GSXR 750,6,E01010685,0,-1
2020320535936,2020,320535936,1,5,0,13,13,6,2,0,0,0,0,0,0,0,1,1,6,6,2,59,9,750,1,3,Suzuki GSXR 750,10,E01026303,0,-1
2020010261725,2020,010261725,2,5,0,13,13,6,2,0,0,1,0,0,0,0,1,1,6,6,1,57,9,749,1,10,Suzuki GSXR 750,10,E01000810,0,-1
2020320262489,2020,320262489,3,5,0,18,19,4,8,0,0,1,2,0,8,0,2,1,6,6,1,32,6,750,1,8,Suzuki GSXR 750,2,E01026165,0,-1
2020990984168,2020,990984168,1,5,0,18,19,6,2,0,0,1,1,0,0,0,1,1,5,6,1,27,6,749,1,10,Suzuki GSXR 750,1,-1,0,-1
2020522004222,2020,522004222,2,5,0,18,19,2,4,0,0,4,0,0,0,0,1,1,6,6,1,29,6,750,1,7,Suzuki GSXR 750,-1,-1,0,-1
2020320317504,2020,320317504,2,5,0,18,19,3,7,0,0,0,0,0,0,0,1,1,6,6,1,45,7,749,1,10,Suzuki GSXR 750,6,E01026242,0,-1
2020210975440,2020,210975440,2,5,0,18,19,3,7,0,0,1,0,0,0,0,-1,1,2,2,1,35,6,749,1,9,Suzuki GSXR 750,9,E01018470,0,-1
2020520001916,2020,520001916,1,5,0,18,19,2,6,0,0,0,1,0,0,0,1,1,6,6,1,44,7,749,1,10,Suzuki GSXR 750,-1,-1,0,-1
2020070559539,2020,070559539,4,5,0,18,19,1,5,0,0,4,0,9,3,0,1,1,6,6,1,34,6,750,1,9,Suzuki GSXR 750,1,E01010811,0,-1
2020010272248,2020,010272248,1,5,0,99,99,9,9,99,99,0,9,99,9,99,9,1,6,6,1,36,7,749,1,10,Suzuki GSXR 750,4,E01001097,0,-1
2020530956379,2020,530956379,1,5,0,17,19,8,5,0,0,1,1,0,1,3,1,1,5,6,1,27,6,750,1,8,Suzuki GSXR 750,10,E01022406,0,-1
2020460995103,2020,460995103,1,5,0,18,19,6,2,0,0,0,0,0,0,0,4,1,5,6,1,54,8,1783,1,7,-1,1,E01024657,0,-1
2020332000237,2020,332000237,2,5,0,13,13,5,1,0,0,0,0,0,0,0,1,1,6,6,1,59,9,1215,1,3,TRIUMPH TIGER,9,E01025617,0,-1
2020010264505,2020,010264505,2,5,0,18,19,3,7,0,0,1,0,0,0,0,1,1,6,6,1,59,9,1215,1,2,TRIUMPH TIGER,8,E01015991,0,-1
2020010248462,2020,010248462,1,5,0,18,19,3,7,0,0,1,0,0,0,0,4,1,1,1,1,59,9,800,1,2,TRIUMPH TIGER,9,E01000840,0,-1
2020010275561,2020,010275561,1,5,0,5,5,0,1,0,0,1,0,0,1,0,2,1,1,1,1,57,9,800,1,2,TRIUMPH TIGER,5,E01004056,0,-1
2020052001461,2020,052001461,1,5,0,18,19,1,5,0,0,1,1,0,0,0,3,1,6,6,1,58,9,955,1,17,TRIUMPH TIGER,2,E01007294,0,-1
2020411003578,2020,411003578,2,5,0,17,19,6,8,0,0,3,5,0,0,0,2,1,5,6,1,25,5,800,1,2,TRIUMPH TIGER,5,E01033141,0,-1
2020500925203,2020,500925203,2,5,0,4,4,3,7,0,0,0,0,0,0,0,2,1,5,6,1,64,9,1050,1,1,TRIUMPH TIGER,9,E01014754,0,-1
2020520000043,2020,520000043,1,5,0,18,19,6,2,0,0,8,0,0,0,0,4,1,6,6,1,50,8,1050,1,3,TRIUMPH TIGER,6,E01029125,0,-1
2020542909720,2020,542909720,1,5,0,18,19,3,7,0,0,0,1,0,0,0,4,1,6,6,1,50,8,1050,1,11,TRIUMPH TIGER,3,E01031856,0,-1
2020200995874,2020,200995874,2,5,0,18,19,6,2,0,0,8,0,0,0,0,3,1,6,6,1,37,7,1215,1,4,TRIUMPH TIGER,5,E01033058,0,-1
202063D061120,2020,63D061120,4,5,0,16,19,5,8,0,0,0,0,0,0,0,0,1,6,6,1,73,10,800,1,3,TRIUMPH TIGER,10,E01023647,0,-1
2020420962108,2020,420962108,1,5,0,18,19,5,1,7,6,0,2,0,1,0,0,1,5,6,1,63,9,800,1,1,TRIUMPH TIGER,7,E01021662,0,-1
2020461005917,2020,461005917,3,5,0,18,19,2,6,0,0,0,5,4,1,0,1,1,6,6,1,37,7,1050,1,8,TRIUMPH TIGER,7,E01024067,0,-1
2020990976655,2020,990976655,1,5,0,9,9,6,4,0,0,1,5,0,0,0,4,1,5,6,1,62,9,800,1,1,TRIUMPH TIGER,9,-1,0,-1
2020450994543,2020,450994543,2,5,0,4,4,6,2,0,0,0,2,0,0,0,1,1,2,2,1,24,5,800,1,1,TRIUMPH TIGER,7,E01018115,0,-1
2020370932175,2020,370932175,1,5,0,17,19,5,1,0,0,0,0,0,0,0,1,1,6,6,1,52,8,955,1,15,TRIUMPH TIGER,9,E01030193,0,-1
2020320311716,2020,320311716,1,5,0,13,13,8,4,0,0,1,2,0,0,0,3,1,6,6,1,37,7,885,1,20,TRIUMPH TIGER,2,E01026108,0,-1
2020990977578,2020,990977578,1,5,0,17,19,4,7,0,0,0,0,4,0,0,1,1,5,6,1,57,9,1215,1,2,TRIUMPH TIGER,6,E01029563,0,-1
2020421000442,2020,421000442,2,5,0,3,3,3,7,0,0,0,0,0,0,0,2,1,5,6,1,49,8,800,1,3,TRIUMPH TIGER,8,E01021513,0,-1
202054A458220,2020,54A458220,1,5,0,7,7,6,2,0,0,0,0,0,0,0,1,1,6,6,2,34,6,888,1,0,TRIUMPH TIGER,9,E01014441,0,-1
2020440274220,2020,440274220,1,5,0,18,19,2,6,0,0,0,1,0,1,0,0,1,6,6,1,54,8,1050,1,11,TRIUMPH TIGER,-1,-1,0,-1
2020220952127,2020,220952127,1,5,0,17,19,2,8,0,0,0,1,0,0,0,1,1,5,6,1,52,8,1050,1,13,TRIUMPH TIGER,3,E01029597,0,-1
2020460966694,2020,460966694,2,5,0,18,19,3,7,0,0,1,0,0,0,0,1,1,5,6,1,62,9,1050,1,12,TRIUMPH TIGER,6,E01024674,0,-1
2020110955173,2020,110955173,1,5,0,16,19,7,3,0,0,0,0,0,1,0,1,1,5,6,1,53,8,800,1,2,TRIUMPH TIGER,8,E01024957,0,-1
2020500989101,2020,500989101,1,5,0,5,5,5,7,0,0,1,0,0,0,0,4,1,5,6,1,60,9,1215,1,2,TRIUMPH TIGER,8,E01025861,0,-1
2020610025120,2020,610025120,2,5,0,18,19,1,4,0,0,3,0,0,0,0,1,1,6,6,1,49,8,800,1,5,TRIUMPH TIGER,5,W01001818,0,-1
2020440435642,2020,440435642,1,5,0,13,13,7,3,0,0,0,0,0,0,0,1,1,6,6,1,74,10,800,1,3,TRIUMPH TIGER,4,E01022953,0,-1
2020461009102,2020,461009102,1,5,0,18,19,1,5,0,0,1,0,0,0,0,4,1,1,1,1,56,9,955,1,15,TRIUMPH TIGER,9,E01016105,0,-1
2020460968633,2020,460968633,2,4,0,9,9,7,3,0,0,6,1,0,0,0,4,1,5,6,1,39,7,1050,1,10,-1,4,E01024624,0,-1
202031B034020,2020,31B034020,1,5,0,18,19,7,4,0,0,8,1,0,1,0,1,1,6,6,1,63,9,1215,1,0,TRIUMPH TIGER,4,E01013936,0,-1
2020531008387,2020,531008387,1,5,0,18,19,7,3,0,0,0,2,0,0,0,1,1,5,6,1,65,9,1050,1,11,TRIUMPH TIGER,4,E01022173,0,-1
202054C716820,2020,54C716820,2,5,0,3,3,1,4,0,0,4,0,0,0,0,2,1,2,2,1,61,9,955,1,17,TRIUMPH TIGER,7,E01015490,0,-1
2020470992012,2020,470992012,2,5,0,18,19,7,3,0,0,1,0,0,0,0,1,1,5,6,1,27,6,1050,1,11,TRIUMPH TIGER,10,E01030558,0,-1
2020010230736,2020,010230736,2,5,0,4,4,5,1,0,0,0,0,0,0,0,1,1,2,2,1,58,9,800,1,3,TRIUMPH TIGER,5,E01000443,0,-1
2020552001039,2020,552001039,2,5,0,14,14,5,1,0,0,3,0,0,0,0,0,1,6,6,1,56,9,885,1,21,TRIUMPH TIGER,5,E01015374,0,-1
2020530969464,2020,530969464,2,5,0,13,13,5,1,0,0,0,1,0,0,0,1,1,2,2,1,28,6,1050,1,4,TRIUMPH TIGER,2,E01022328,0,-1
2020410944430,2020,410944430,1,3,0,16,19,3,7,0,0,0,0,0,0,0,1,1,6,6,1,64,9,800,1,5,-1,-1,-1,0,-1
2020440362585,2020,440362585,2,5,0,18,19,4,8,0,0,8,0,0,0,0,1,1,2,2,1,29,6,1215,1,0,TRIUMPH TIGER,9,E01022922,0,-1
2020230987469,2020,230987469,1,5,0,13,13,6,2,0,0,0,1,0,4,6,4,1,2,2,1,53,8,955,1,17,TRIUMPH TIGER,5,E01009591,0,-1
2020990984793,2020,990984793,2,5,0,18,19,1,5,0,0,1,5,0,0,0,4,1,5,6,1,64,9,800,1,2,TRIUMPH TIGER,-1,-1,0,-1
2020440319204,2020,440319204,2,5,0,4,4,4,8,0,0,1,0,0,0,0,2,1,6,6,1,70,10,800,1,2,TRIUMPH TIGER,4,E01017125,0,-1
2020010234373,2020,010234373,1,5,0,18,19,3,7,0,0,0,0,0,0,0,3,1,2,2,1,46,8,800,1,5,TRIUMPH TIGER,6,E01021502,0,-1
2020450945873,2020,450945873,1,5,0,18,19,5,1,0,0,0,0,0,0,0,4,1,6,6,1,-1,-1,955,1,19,TRIUMPH TIGER,-1,-1,0,-1