collision_index,collision_year,collision_ref_no,vehicle_reference,vehicle_type,towing_and_articulation,vehicle_manoeuvre_historic,vehicle_manoeuvre,vehicle_direction_from,vehicle_direction_to,vehicle_location_restricted_lane_historic,vehicle_location_restricted_lane,junction_location,skidding_and_overturning,hit_object_in_carriageway,vehicle_leaving_carriageway,hit_object_off_carriageway,first_point_of_impact,vehicle_left_hand_drive,journey_purpose_of_driver_historic,journey_purpose_of_driver,sex_of_driver,age_of_driver,age_band_of_driver,engine_capacity_cc,propulsion_code,age_of_vehicle,generic_make_model,driver_imd_decile,lsoa_of_driver,escooter_flag,driver_distance_banding
2020622000383,2020,622000383,2,9,0,9,9,3,1,0,0,1,0,0,0,0,2,1,1,1,1,41,7,1968,2,4,AUDI Q5,10,W01001849,0,-1
2020137240556,2020,137240556,1,9,0,18,19,8,4,0,0,0,0,0,0,0,4,1,6,6,2,37,7,1968,2,1,AUDI Q5,7,E01010684,0,-1
2020440042484,2020,440042484,1,9,0,9,9,6,4,0,0,8,0,0,0,0,1,1,1,1,2,63,9,1968,2,6,AUDI Q5,6,E01022941,0,-1
2020420937424,2020,420937424,2,9,0,9,9,6,2,0,0,8,0,0,0,0,1,1,6,6,1,39,7,2967,2,11,AUDI Q5,3,E01022019,0,-1
2020470957531,2020,470957531,1,9,0,18,19,7,3,0,0,0,0,0,0,0,1,1,2,2,1,40,7,1968,2,6,AUDI Q5,5,E01031577,0,-1
2020460994202,2020,460994202,1,9,0,18,19,3,7,0,0,0,0,0,0,0,1,1,5,6,1,63,9,1968,2,2,AUDI Q5,3,E01024567,0,-1
2020990925297,2020,990925297,3,9,0,4,4,2,6,0,0,1,0,0,0,0,3,1,5,6,1,51,8,1968,2,1,AUDI Q5,8,-1,0,-1
2020170M11060,2020,170M11060,2,9,0,7,7,4,7,0,0,8,0,0,0,0,4,1,6,6,2,34,6,1968,2,8,AUDI Q5,8,E01012048,0,-1
2020010263447,2020,010263447,2,9,0,3,3,5,1,0,0,8,0,0,0,0,3,9,6,6,2,-1,-1,1968,2,8,AUDI Q5,-1,-1,0,-1
2020010285503,2020,010285503,1,9,0,9,9,5,3,0,0,2,0,0,0,0,3,1,2,2,2,66,10,1968,2,4,AUDI Q5,7,E01001918,0,-1
2020410959741,2020,410959741,1,9,0,18,19,1,4,0,0,0,0,11,0,0,1,1,2,2,1,29,6,1968,2,1,AUDI Q5,3,E01001501,0,-1
2020010270214,2020,010270214,2,9,0,18,19,1,5,0,0,2,0,0,0,0,1,1,6,6,1,55,8,1968,2,9,AUDI Q5,8,E01002582,0,-1
2020010278556,2020,010278556,2,9,0,99,99,9,9,99,99,9,9,99,9,99,1,9,6,6,3,35,6,1968,2,4,AUDI Q5,4,E01004697,0,-1
2020411003816,2020,411003816,2,9,0,18,19,1,5,0,0,0,0,0,0,0,2,1,6,6,2,-1,-1,1984,1,3,AUDI Q5,10,E01002146,0,-1
2020549199420,2020,549199420,2,9,0,16,19,2,5,0,0,0,0,0,0,0,1,1,6,6,2,42,7,1968,2,3,AUDI Q5,6,E01032010,0,-1
2020010236766,2020,010236766,2,9,0,99,99,9,9,99,99,9,9,99,9,99,1,9,6,6,1,45,7,1984,1,1,AUDI Q5,6,E01003386,0,-1
2020420976639,2020,420976639,1,9,0,18,19,7,4,0,0,0,0,0,1,11,1,1,5,6,1,76,11,1968,2,5,AUDI Q5,8,E01021731,0,-1
2020010245430,2020,010245430,2,9,0,99,99,9,9,0,0,1,0,0,0,0,4,9,6,6,3,-1,-1,1968,2,2,AUDI Q5,-1,-1,0,-1
2020010219808,2020,010219808,1,9,9,5,5,1,5,0,0,0,0,0,0,0,4,9,6,6,2,32,6,1968,2,6,AUDI Q5,4,E01004591,0,-1
2020200981654,2020,200981654,1,9,0,18,19,4,8,0,0,8,0,0,0,0,1,1,6,6,2,30,6,1968,2,1,AUDI Q5,2,E01010287,0,-1
2020440398589,2020,440398589,2,9,0,18,19,1,5,0,0,8,0,0,0,0,3,1,2,2,2,39,7,1968,2,7,AUDI Q5,8,E01022468,0,-1
2020010273386,2020,010273386,1,9,0,99,99,9,9,99,99,9,9,99,9,99,2,9,6,6,1,27,6,1968,2,5,AUDI Q5,3,E01002102,0,-1
202006K267201,2020,06K267201,1,9,0,9,9,5,3,0,0,8,0,0,0,0,4,1,6,6,2,46,8,1968,2,5,AUDI Q5,8,E01004845,0,-1
2020010269277,2020,010269277,2,9,0,99,99,9,9,99,99,9,9,99,9,99,9,9,6,6,3,51,8,1968,2,1,AUDI Q5,-1,-1,0,-1
2020100955915,2020,100955915,1,9,0,18,19,5,1,0,0,4,0,0,0,0,4,1,2,2,1,64,9,1968,2,6,AUDI Q5,1,E01008682,0,-1
202006J177028,2020,06J177028,2,9,0,2,2,0,0,6,6,0,0,0,0,0,2,1,6,6,3,-1,-1,2967,2,5,AUDI Q5,-1,-1,0,-1
202006J172271,2020,06J172271,1,8,0,18,19,2,6,0,0,8,0,0,0,0,1,1,6,6,1,58,9,1968,2,4,-1,4,E01005916,0,-1
2020410983224,2020,410983224,4,9,0,2,2,3,7,0,0,1,0,0,0,0,2,1,6,6,1,50,8,1968,2,9,AUDI Q5,10,E01023603,0,-1
2020122001360,2020,122001360,2,9,0,4,4,5,1,0,0,0,0,0,0,0,2,1,6,6,1,38,7,1968,2,4,AUDI Q5,9,E01027549,0,-1
2020100932671,2020,100932671,2,9,0,2,2,1,1,0,0,0,0,0,0,0,2,1,5,6,1,30,6,1968,2,2,AUDI Q5,-1,-1,0,-1
202063A044520,2020,63A044520,1,9,0,18,19,7,3,0,0,4,0,9,3,10,1,1,6,6,1,59,9,4163,1,5,AUDI RS4,7,W01000878,0,-1
202031D122420,2020,31D122420,2,9,0,9,9,4,2,0,0,5,0,0,0,0,4,1,6,6,1,36,7,4163,1,6,AUDI RS4,7,E01028116,0,-1
202006F172817,2020,06F172817,2,9,0,18,19,3,7,0,0,0,0,0,0,0,3,1,6,6,1,41,7,2671,1,19,AUDI RS4,7,E01005701,0,-1
2020137AU1745,2020,137AU1745,1,9,0,18,19,7,3,0,0,0,0,11,4,6,1,1,6,6,1,31,6,4163,1,6,AUDI RS4,1,E01011429,0,-1
20201376L2066,2020,1376L2066,1,9,0,9,9,6,2,0,0,6,0,0,1,2,1,1,6,6,1,29,6,2894,1,1,AUDI RS4,8,E01011200,0,-1
2020010261597,2020,010261597,1,9,0,17,19,4,1,0,0,1,0,0,0,0,1,1,6,6,1,33,6,4163,1,13,AUDI RS4,6,E01004186,0,-1
2020010236183,2020,010236183,1,9,0,18,19,1,5,0,0,0,0,0,0,0,2,1,6,6,1,43,7,4163,1,7,AUDI RS4,8,E01002536,0,-1
2020320608134,2020,320608134,1,9,0,18,19,4,8,0,0,0,0,0,0,0,1,1,6,6,1,29,6,4163,1,13,AUDI RS4,2,E01026084,0,-1
2020302001064,2020,302001064,1,9,0,18,19,2,8,0,0,1,0,0,0,0,1,1,6,6,1,49,8,2894,1,0,AUDI RS4,10,E01019592,0,-1
2020170L10290,2020,170L10290,1,9,0,18,19,6,2,0,0,0,0,0,0,0,1,1,6,6,1,27,6,4163,1,13,AUDI RS4,3,E01012137,0,-1
2020500955497,2020,500955497,2,90,0,17,19,3,1,0,0,1,0,0,0,0,1,1,5,6,1,56,9,963,1,0,-1,4,E01018829,0,-1
2020210938424,2020,210938424,1,5,0,13,13,7,3,0,0,0,5,0,0,0,1,1,6,6,1,26,6,1198,1,1,-1,9,E01029659,0,-1
2020122000551,2020,122000551,3,5,0,13,13,6,2,0,0,1,0,0,0,0,1,1,6,6,1,50,8,1198,1,6,-1,8,E01027863,0,-1
2020530978668,2020,530978668,2,5,0,15,15,5,1,0,0,1,0,0,0,0,4,1,6,6,1,50,8,1262,1,0,-1,9,E01028783,0,-1
2020520004891,2020,520004891,1,5,0,9,9,7,5,0,0,8,0,0,0,0,1,1,6,6,1,33,6,1198,1,4,-1,9,E01029273,0,-1
2020552000621,2020,552000621,2,5,0,18,19,8,4,0,0,1,0,0,0,0,1,1,6,6,1,56,9,1198,1,4,-1,7,E01032116,0,-1
2020450944728,2020,450944728,1,5,0,18,19,4,8,0,0,8,0,10,0,0,3,1,5,6,1,57,9,1198,1,6,-1,10,E01030377,0,-1
202063D061120,2020,63D061120,2,5,0,16,19,5,8,0,0,0,0,0,7,9,1,1,6,6,1,67,10,998,1,3,-1,10,E01017460,0,-1
2020460959098,2020,460959098,1,5,0,15,15,2,6,0,0,1,0,0,1,9,1,1,5,6,1,63,9,998,1,7,-1,5,E01024774,0,-1
2020320589451,2020,320589451,2,5,0,10,10,6,3,0,0,2,5,0,0,0,2,1,6,6,1,40,7,998,1,7,-1,8,E01013263,0,-1
2020010266206,2020,010266206,2,3,0,14,14,7,3,0,0,8,5,0,7,0,1,1,6,6,1,25,5,125,1,16,-1,4,E01000162,0,-1
2020991000387,2020,991000387,2,3,0,18,19,5,1,0,0,8,0,0,0,0,1,1,6,6,1,38,7,373,1,1,-1,1,-1,0,-1
2020990974179,2020,990974179,2,4,0,18,19,7,3,0,0,8,1,0,7,9,4,1,2,2,1,32,6,373,1,1,-1,2,-1,0,-1
2020552000882,2020,552000882,1,4,0,18,19,7,3,0,0,8,1,0,0,0,1,1,2,2,1,21,5,373,1,4,-1,3,E01015294,0,-1
2020230961754,2020,230961754,2,4,0,18,19,3,7,0,0,8,0,0,0,0,3,1,5,6,1,25,5,373,1,2,-1,10,E01031259,0,-1
2020430041629,2020,430041629,3,5,0,18,19,4,8,0,0,8,0,0,0,0,1,1,2,2,1,28,6,373,1,3,-1,8,E01017855,0,-1
2020010267844,2020,010267844,1,4,0,15,15,1,5,4,4,0,2,7,7,10,1,1,6,6,1,35,6,373,1,4,-1,8,E01018268,0,-1
2020440439129,2020,440439129,1,4,0,18,19,1,5,0,0,0,0,0,0,0,1,1,6,6,1,29,6,373,1,4,-1,4,E01017278,0,-1
2020500987191,2020,500987191,1,4,0,13,13,4,8,0,0,0,2,0,1,0,1,1,6,6,1,46,8,373,1,4,-1,7,E01020245,0,-1
2020470993143,2020,470993143,1,3,0,9,9,6,3,0,0,8,1,0,0,0,1,1,2,2,1,25,5,124,1,4,LEXMOTO ZSX 125,5,E01031370,0,-1
2020450984015,2020,450984015,2,4,0,18,19,5,1,0,0,1,0,0,0,0,3,1,6,6,1,20,4,125,1,2,-1,4,E01002665,0,-1
2020137C30308,2020,137C30308,2,3,0,18,19,5,1,0,0,0,1,0,0,0,0,1,6,6,1,38,7,125,1,3,LEXMOTO ZSX 125,3,E01011139,0,-1
2020200954767,2020,200954767,1,4,0,13,13,6,2,0,0,8,0,0,0,0,4,1,2,2,1,49,8,125,1,4,-1,2,E01010312,0,-1
2020440434869,2020,440434869,1,3,0,18,19,7,3,0,0,0,0,4,0,0,1,1,6,6,1,17,4,125,1,0,LEXMOTO ZSX 125,4,E01022817,0,-1
2020140921165,2020,140921165,2,4,0,18,19,7,3,0,0,1,0,0,0,0,1,1,6,6,3,-1,-1,125,1,4,-1,-1,-1,0,-1
2020030979014,2020,030979014,1,3,0,17,19,1,5,0,0,0,1,0,1,0,3,1,6,6,1,33,6,125,1,0,LEXMOTO ZSX 125,7,E01019136,0,-1
2020990973216,2020,990973216,1,3,0,18,19,4,8,0,0,8,1,0,0,0,1,1,2,2,1,28,6,124,1,5,LEXMOTO ZSX 125,-1,-1,0,-1
2020010280406,2020,010280406,2,3,0,14,14,5,1,0,0,1,0,0,0,0,1,1,2,2,1,35,6,125,1,1,LEXMOTO ZSX 125,3,E01003531,0,-1
2020470920771,2020,470920771,2,3,0,13,13,1,5,0,0,2,0,0,0,0,4,1,5,6,1,24,5,124,1,3,LEXMOTO ZSX 125,7,E01031421,0,-1
2020010264473,2020,010264473,1,3,0,15,15,6,2,0,0,0,5,0,0,0,2,1,6,6,1,17,4,125,1,0,LEXMOTO ZSX 125,2,E01001833,0,-1
2020420941971,2020,420941971,1,3,0,16,19,6,2,0,0,0,1,10,7,0,1,1,5,6,1,38,7,125,1,4,LEXMOTO ZSX 125,1,E01015916,0,-1
2020450955821,2020,450955821,1,3,0,18,19,7,3,0,0,1,1,0,0,0,4,1,5,6,1,18,4,125,1,1,LEXMOTO ZSX 125,7,E01023113,0,-1
2020110941622,2020,110941622,2,3,0,18,19,5,7,0,0,1,0,0,0,0,3,1,4,7,1,17,4,124,1,7,LEXMOTO ZSX 125,5,E01020812,0,-1
2020040950784,2020,040950784,2,3,0,18,19,5,1,0,0,1,0,0,0,0,1,1,5,6,1,30,6,125,1,1,LEXMOTO ZSX 125,4,E01005705,0,-1
2020552000286,2020,552000286,2,2,0,4,4,2,6,0,0,1,0,0,0,0,1,1,6,6,1,19,4,124,1,7,-1,3,E01015415,0,-1
2020450999842,2020,450999842,2,3,0,18,19,1,5,0,0,1,0,0,0,0,1,1,1,1,1,20,4,125,1,2,LEXMOTO ZSX 125,4,E01002665,0,-1
2020522000436,2020,522000436,2,4,0,18,19,5,1,0,0,8,0,0,0,0,1,1,6,6,1,-1,-1,125,1,2,-1,-1,-1,0,-1
202006M177626,2020,06M177626,2,3,0,18,19,5,1,0,0,8,0,0,0,0,1,1,2,2,1,37,7,125,1,3,LEXMOTO ZSX 125,1,E01005692,0,-1
2020221010941,2020,221010941,1,3,0,7,7,5,1,0,0,0,1,0,0,0,3,1,5,6,2,37,7,125,1,2,LEXMOTO ZSX 125,3,E01031077,0,-1
2020010230265,2020,010230265,2,4,0,18,19,5,1,0,0,0,1,0,0,0,4,1,1,1,1,22,5,125,1,4,-1,5,E01000927,0,-1
2020052002284,2020,052002284,2,3,0,18,19,7,3,0,0,1,0,0,0,0,1,1,6,6,1,18,4,125,1,2,LEXMOTO ZSX 125,1,E01006875,0,-1
2020522004221,2020,522004221,1,3,0,18,19,7,3,0,0,0,1,0,0,0,1,1,6,6,3,25,5,125,1,1,LEXMOTO ZSX 125,-1,-1,0,-1
2020200963632,2020,200963632,1,3,0,18,19,8,4,0,0,0,1,10,1,0,4,1,2,2,1,31,6,125,1,2,LEXMOTO ZSX 125,3,E01009118,0,-1
2020500991714,2020,500991714,2,3,0,13,13,6,2,0,0,8,1,0,0,0,2,1,2,2,1,20,4,125,1,3,LEXMOTO ZSX 125,8,E01018882,0,-1
2020320543077,2020,320543077,2,3,0,18,19,7,3,0,0,0,0,0,0,0,3,1,6,6,1,29,6,125,1,4,LEXMOTO ZSX 125,5,E01026245,0,-1
2020231005408,2020,231005408,2,3,0,18,19,6,2,0,0,8,0,0,0,0,1,1,5,6,1,18,4,125,1,0,LEXMOTO ZSX 125,5,E01012991,0,-1
2020990970464,2020,990970464,1,3,0,17,19,5,1,0,0,8,1,11,0,0,0,1,6,6,1,25,5,125,1,2,LEXMOTO ZSX 125,3,-1,0,-1
202031C003820,2020,31C003820,2,3,0,15,15,1,5,0,0,8,0,0,0,0,3,1,2,2,1,26,6,125,1,1,LEXMOTO ZSX 125,1,E01013871,0,-1
2020122000981,2020,122000981,2,3,0,4,4,6,2,0,0,0,0,0,0,0,1,1,6,6,1,67,10,124,1,5,LEXMOTO ZSX 125,1,E01027740,0,-1
2020040994075,2020,040994075,2,3,0,18,19,7,3,0,0,1,0,0,0,0,1,1,5,6,1,22,5,125,1,4,LEXMOTO ZSX 125,3,E01025221,0,-1
2020420986178,2020,420986178,1,3,0,11,11,7,3,0,0,0,0,10,1,0,1,1,5,6,1,17,4,125,1,4,LEXMOTO ZSX 125,1,E01015886,0,-1
2020371002566,2020,371002566,1,3,0,18,19,7,3,0,0,0,0,0,0,0,1,1,2,2,1,18,4,125,1,3,LEXMOTO ZSX 125,8,E01030046,0,-1
2020990942240,2020,990942240,2,2,0,18,19,8,8,0,0,1,0,0,0,0,2,1,5,6,1,17,4,125,1,4,-1,-1,-1,0,-1
2020040953881,2020,040953881,1,3,0,9,9,3,1,0,0,8,0,0,0,0,4,1,5,6,1,18,4,124,1,6,LEXMOTO ZSX 125,4,E01025267,0,-1
2020220930321,2020,220930321,2,3,0,13,13,5,1,0,0,8,0,0,0,0,1,1,2,2,1,58,9,124,1,4,LEXMOTO ZSX 125,5,E01014207,0,-1
2020460968693,2020,460968693,1,3,0,14,14,8,4,0,0,0,0,0,0,0,3,1,6,6,2,53,8,125,1,4,-1,4,E01016055,0,-1
2020522102113,2020,522102113,1,3,0,99,99,9,9,0,0,0,0,0,0,0,1,1,6,6,1,24,5,125,1,5,-1,9,E01014441,0,-1
2020430270399,2020,430270399,1,3,0,10,10,2,6,0,0,8,0,0,0,0,1,1,6,6,1,25,5,125,1,5,-1,8,E01032712,0,-1
2020220972218,2020,220972218,1,3,0,14,14,6,2,0,0,8,0,0,0,0,1,1,5,6,1,19,4,125,1,6,-1,4,W01000656,0,-1
2020320640256,2020,320640256,2,3,0,3,3,7,3,0,0,0,0,0,0,0,2,1,2,2,1,30,6,125,1,4,-1,8,E01026065,0,-1
2020052002662,2020,052002662,2,3,0,18,19,7,3,0,0,8,0,0,0,0,1,1,2,2,1,61,9,125,1,4,-1,1,E01006443,0,-1
2020200935727,2020,200935727,2,3,0,14,14,8,4,0,0,8,0,0,0,0,4,1,2,2,1,20,4,125,1,5,-1,5,E01009290,0,-1
2020522001731,2020,522001731,2,3,0,18,19,8,4,0,0,8,0,0,0,0,1,1,6,6,1,20,4,125,1,4,-1,3,E01014731,0,-1
2020430215461,2020,430215461,1,4,0,4,4,1,5,0,0,1,0,0,0,0,0,1,6,6,1,51,8,125,1,5,-1,2,E01028450,0,-1
2020622000565,2020,622000565,1,3,0,18,19,4,8,0,0,0,0,0,0,0,1,1,6,6,1,17,4,125,1,6,-1,2,W01001150,0,-1
2020010265021,2020,010265021,1,9,0,4,4,5,1,0,0,1,0,0,0,0,4,2,6,6,1,45,7,2987,2,6,-1,-1,-1,0,-1
2020010247460,2020,010247460,1,9,9,99,99,9,9,0,0,1,9,99,9,99,2,1,2,2,1,47,8,2987,2,6,-1,2,E01017618,0,-1
2020137711401,2020,137711401,1,9,0,18,19,4,7,0,0,0,0,0,0,0,1,1,6,6,1,51,8,2987,2,6,-1,10,E01027721,0,-1
2020401037281,2020,401037281,1,9,0,18,19,5,1,0,0,0,0,0,0,0,1,1,6,6,1,39,7,5461,1,6,-1,2,E01015781,0,-1
2020010254316,2020,010254316,1,9,0,18,19,2,6,0,0,0,0,0,0,0,4,1,6,6,1,38,7,5461,1,5,-1,5,E01002849,0,-1
2020137CK1166,2020,137CK1166,1,9,0,18,19,1,4,0,0,1,0,0,0,0,1,1,6,6,1,48,8,2987,2,3,-1,3,E01010670,0,-1
2020470948994,2020,470948994,1,9,0,18,19,1,5,0,0,1,0,0,0,0,1,1,6,6,1,24,5,5461,1,3,-1,6,E01016874,0,-1
2020010237841,2020,010237841,1,9,0,18,19,1,5,0,0,0,0,4,0,0,1,1,2,2,1,44,7,2987,2,7,-1,9,E01002516,0,-1
2020230996547,2020,230996547,1,9,0,4,4,1,5,0,0,0,0,0,0,0,0,1,5,6,2,48,8,2143,2,4,MERCEDES GLC CLASS,9,E01009671,0,-1
2020420990402,2020,420990402,1,9,0,4,4,3,7,0,0,8,0,0,0,0,1,1,5,6,1,67,10,2143,2,3,MERCEDES GLC CLASS,9,E01026998,0,-1
2020010261244,2020,010261244,2,9,0,99,99,9,9,99,99,9,9,99,9,99,1,9,6,6,3,-1,-1,2143,2,3,MERCEDES GLC CLASS,-1,-1,0,-1
2020010258181,2020,010258181,2,9,0,2,2,0,0,9,9,0,0,0,0,0,2,1,6,6,3,-1,-1,2143,2,3,MERCEDES GLC CLASS,-1,-1,0,-1
2020320358019,2020,320358019,1,9,0,18,19,6,2,0,0,0,0,0,7,4,1,1,6,6,1,45,7,2143,2,1,MERCEDES GLC CLASS,-1,-1,0,-1
2020990920521,2020,990920521,1,9,0,18,19,3,7,0,0,0,0,0,0,0,3,1,5,6,2,59,9,2143,2,2,MERCEDES GLC CLASS,9,-1,0,-1
2020010281823,2020,010281823,1,9,0,10,10,1,6,0,0,6,0,0,0,0,1,1,6,6,1,44,7,2143,2,3,MERCEDES GLC CLASS,-1,-1,0,-1
2020460919609,2020,460919609,1,9,0,18,19,7,3,0,0,8,0,0,0,0,1,1,5,6,2,47,8,2143,2,2,MERCEDES GLC CLASS,7,E01024798,0,-1
2020010284841,2020,010284841,2,9,5,18,19,1,5,0,0,2,0,0,0,0,3,1,6,6,2,53,8,1991,1,1,MERCEDES GLC CLASS,6,E01002296,0,-1
2020451000089,2020,451000089,3,9,0,18,19,1,5,0,0,0,0,0,0,0,2,1,5,6,2,37,7,1991,1,1,MERCEDES GLC CLASS,10,E01030349,0,-1
2020010279483,2020,010279483,1,9,0,17,19,1,7,0,0,8,0,0,0,0,1,1,6,6,2,25,5,2143,2,4,MERCEDES GLC CLASS,3,E01003609,0,-1
2020041006335,2020,041006335,2,9,0,4,4,2,6,0,0,4,0,0,0,0,2,1,5,6,2,34,6,1991,1,1,MERCEDES GLC CLASS,8,E01032485,0,-1
2020991002472,2020,991002472,1,9,0,18,19,4,8,0,0,0,0,0,0,0,3,1,2,2,2,33,6,2143,2,1,MERCEDES GLC CLASS,7,-1,0,-1
2020400993887,2020,400993887,1,9,0,18,19,3,7,0,0,0,0,0,0,0,1,1,5,6,1,45,7,2143,2,3,MERCEDES GLC CLASS,10,E01023664,0,-1
2020141001261,2020,141001261,3,9,0,18,19,1,5,0,0,0,0,0,0,0,2,1,2,2,1,50,8,1950,2,1,MERCEDES GLC CLASS,6,E01028034,0,-1
2020360998262,2020,360998262,2,9,0,18,19,4,1,0,0,1,0,0,0,0,3,1,6,6,1,-1,-1,2143,2,1,MERCEDES GLC CLASS,5,E01026681,0,-1
2020041006252,2020,041006252,2,9,0,18,19,3,7,0,0,1,1,11,1,1,1,1,5,6,2,41,7,2143,2,2,MERCEDES GLC CLASS,5,E01025035,0,-1
2020010247184,2020,010247184,3,9,0,18,19,1,5,0,0,1,0,4,0,0,2,1,6,6,1,26,6,2143,2,3,MERCEDES GLC CLASS,5,E01016566,0,-1
2020101004055,2020,101004055,1,9,0,18,19,3,7,0,0,0,0,0,0,0,1,1,5,6,1,67,10,1950,2,0,MERCEDES GLC CLASS,8,E01027420,0,-1
2020991000084,2020,991000084,2,9,0,5,5,1,5,0,0,0,0,0,0,0,1,1,6,6,2,51,8,1950,2,1,MERCEDES GLC CLASS,8,-1,0,-1
2020500988922,2020,500988922,4,9,0,18,19,3,7,0,0,0,0,0,0,0,1,1,5,6,1,58,9,2143,2,4,MERCEDES GLC CLASS,3,E01019914,0,-1
2020990920784,2020,990920784,1,9,0,9,9,8,6,0,0,2,0,0,0,0,1,1,6,6,2,53,8,2143,2,2,MERCEDES GLC CLASS,9,-1,0,-1
2020010281379,2020,010281379,1,9,0,18,19,7,3,0,0,1,0,0,0,0,1,1,6,6,1,31,6,2143,2,3,MERCEDES GLC CLASS,1,E01033086,0,-1
2020420978512,2020,420978512,1,9,0,4,4,2,2,0,0,0,0,0,0,0,0,1,6,6,1,56,9,2143,2,2,MERCEDES GLC CLASS,7,E01021913,0,-1
2020360978937,2020,360978937,1,9,0,18,19,-1,-1,0,0,0,0,0,0,0,4,1,6,6,1,74,10,1991,1,2,MERCEDES GLC CLASS,5,E01026594,0,-1
202006L270703,2020,06L270703,1,9,0,18,19,8,4,0,0,0,0,0,0,0,1,1,6,6,1,68,10,1991,1,2,MERCEDES GLC CLASS,3,E01006342,0,-1
2020010235119,2020,010235119,1,9,0,18,19,3,7,0,0,2,5,4,0,0,4,1,6,6,2,73,10,1991,1,0,MERCEDES GLC CLASS,8,E01001122,0,-1
2020990982643,2020,990982643,2,9,0,18,19,7,3,0,0,0,1,0,0,0,1,1,5,6,1,28,6,1991,1,1,MERCEDES GLC CLASS,10,E01008378,0,-1
2020010232369,2020,010232369,2,9,9,99,99,9,9,99,99,9,9,99,9,99,9,9,6,6,2,26,6,2143,2,2,MERCEDES GLC CLASS,2,E01015954,0,-1
2020990923304,2020,990923304,1,9,0,9,9,5,4,0,0,1,0,0,0,0,4,1,5,6,2,55,8,1991,1,2,MERCEDES GLC CLASS,10,-1,0,-1
2020010230576,2020,010230576,1,9,0,18,19,5,1,0,0,0,9,0,0,99,1,9,6,6,3,-1,-1,2143,2,2,MERCEDES GLC CLASS,4,E01004419,0,-1
2020552000814,2020,552000814,1,9,0,9,9,2,8,0,0,6,0,0,0,0,1,1,6,6,2,57,9,2143,2,4,MERCEDES GLC CLASS,5,E01020459,0,-1
2020010228391,2020,010228391,2,9,0,18,19,3,7,0,0,1,0,0,0,0,0,1,6,6,1,67,10,2143,2,3,MERCEDES GLC CLASS,3,E01003736,0,-1
2020500965178,2020,500965178,2,9,0,9,9,1,7,0,0,1,0,0,0,0,1,1,5,6,1,51,8,1991,1,0,MERCEDES GLC CLASS,10,E01032137,0,-1
2020360956595,2020,360956595,2,9,0,18,19,1,5,0,0,8,0,0,0,0,1,1,5,6,1,63,9,2143,2,4,MERCEDES GLC CLASS,6,E01026896,0,-1
2020400920398,2020,400920398,1,9,0,18,19,4,8,0,0,4,0,0,0,0,1,1,5,6,1,67,10,1991,1,2,MERCEDES GLC CLASS,8,E01017461,0,-1
2020010256304,2020,010256304,2,9,0,13,13,8,4,0,0,2,9,0,0,99,4,9,6,6,2,58,9,2143,2,2,MERCEDES GLC CLASS,3,E01000167,0,-1
2020100915760,2020,100915760,1,9,0,6,6,3,7,0,0,0,0,0,0,0,1,1,6,6,1,19,4,2143,2,4,MERCEDES GLC CLASS,4,E01008455,0,-1
202054C492320,2020,54C492320,2,9,0,9,9,2,8,0,0,1,0,0,0,0,1,1,6,6,1,60,9,2143,2,2,MERCEDES GLC CLASS,9,E01015473,0,-1
2020420969468,2020,420969468,4,9,0,4,4,6,7,0,0,0,0,0,0,0,2,1,6,6,1,25,5,2143,2,1,MERCEDES GLC CLASS,8,E01021964,0,-1
2020470919934,2020,470919934,2,9,0,13,13,8,4,0,0,1,0,0,0,0,1,1,3,7,2,31,6,1991,1,1,MERCEDES GLC CLASS,5,E01021096,0,-1
2020460980439,2020,460980439,2,9,0,3,3,7,3,0,0,4,0,0,0,0,2,1,5,6,1,69,10,1950,2,1,MERCEDES GLC CLASS,10,E01016054,0,-1
202006XE77104,2020,06XE77104,2,9,0,18,19,5,1,0,0,8,0,0,0,0,1,1,6,6,1,50,8,1991,1,1,MERCEDES GLC CLASS,9,E01005508,0,-1
2020430015562,2020,430015562,1,9,0,7,7,7,2,0,0,1,0,0,7,0,3,1,2,2,2,33,6,1950,2,0,MERCEDES GLC CLASS,6,E01028477,0,-1
2020140992283,2020,140992283,1,9,0,18,19,2,6,0,0,1,0,0,0,0,1,1,2,2,2,25,5,2143,2,2,MERCEDES GLC CLASS,10,E01008044,0,-1
2020430173289,2020,430173289,1,9,0,18,19,8,4,0,0,0,2,0,4,6,1,1,6,6,1,48,8,2143,2,3,MERCEDES GLC CLASS,5,E01016461,0,-1
2020010228681,2020,010228681,1,9,0,18,19,1,5,0,0,1,0,7,0,0,1,1,6,6,1,36,7,1991,1,1,MERCEDES GLC CLASS,9,E01001992,0,-1
2020460941158,2020,460941158,1,9,0,18,19,1,5,0,0,0,0,0,0,0,1,1,1,1,1,32,6,2143,2,2,MERCEDES GLC CLASS,9,E01000461,0,-1
2020440202913,2020,440202913,3,9,0,18,19,5,1,0,0,8,0,0,1,0,1,1,6,6,2,57,9,1991,1,0,MERCEDES GLC CLASS,9,E01022998,0,-1
2020041001568,2020,041001568,2,9,0,18,19,5,1,0,0,0,0,0,0,0,4,1,6,6,1,60,9,2143,2,1,MERCEDES GLC CLASS,4,E01006001,0,-1