collision_index,collision_year,collision_ref_no,vehicle_reference,vehicle_type,towing_and_articulation,vehicle_manoeuvre_historic,vehicle_manoeuvre,vehicle_direction_from,vehicle_direction_to,vehicle_location_restricted_lane_historic,vehicle_location_restricted_lane,junction_location,skidding_and_overturning,hit_object_in_carriageway,vehicle_leaving_carriageway,hit_object_off_carriageway,first_point_of_impact,vehicle_left_hand_drive,journey_purpose_of_driver_historic,journey_purpose_of_driver,sex_of_driver,age_of_driver,age_band_of_driver,engine_capacity_cc,propulsion_code,age_of_vehicle,generic_make_model,driver_imd_decile,lsoa_of_driver,escooter_flag,driver_distance_banding
2020040935763,2020,040935763,1,9,0,9,9,7,1,0,0,1,0,0,0,0,1,1,5,6,1,45,7,1991,1,1,MERCEDES GLC CLASS,8,E01025597,0,-1
2020461008344,2020,461008344,1,9,0,5,5,1,5,0,0,0,0,0,0,0,4,1,6,6,1,30,6,1991,1,1,MERCEDES GLC CLASS,8,E01002285,0,-1
2020010245949,2020,010245949,1,9,0,18,19,1,5,0,0,0,5,10,0,0,1,1,6,6,1,53,8,1950,2,1,MERCEDES GLC CLASS,4,E01001645,0,-1
202006M276950,2020,06M276950,1,9,0,9,9,6,4,0,0,6,0,0,0,0,1,1,6,6,3,-1,-1,2143,2,2,MERCEDES GLC CLASS,-1,-1,0,-1
2020370944820,2020,370944820,2,9,0,18,19,3,7,0,0,1,0,0,0,0,1,1,5,6,2,50,8,2143,2,3,MERCEDES GLC CLASS,3,E01026075,0,-1
2020010254701,2020,010254701,2,9,0,99,99,9,9,99,99,9,9,99,9,99,1,9,6,6,1,29,6,2143,2,2,MERCEDES GLC CLASS,6,E01004714,0,-1
20201376Q0755,2020,1376Q0755,1,9,0,18,19,1,5,0,0,1,0,7,0,0,1,1,6,6,1,74,10,2143,2,2,MERCEDES GLC CLASS,1,E01033013,0,-1
2020200933113,2020,200933113,1,9,0,18,19,1,5,0,0,1,0,0,0,0,1,1,6,6,1,-1,-1,2143,2,2,MERCEDES GLC CLASS,-1,-1,0,-1
2020990928316,2020,990928316,6,9,0,17,19,8,4,0,0,0,0,0,0,0,1,1,5,6,1,52,8,2143,2,2,MERCEDES GLC CLASS,4,-1,0,-1
2020990925925,2020,990925925,2,9,0,2,2,0,0,0,0,0,0,0,0,0,3,1,5,6,2,42,7,2987,2,3,MERCEDES GLC CLASS,5,-1,0,-1
2020010235329,2020,010235329,1,9,0,18,19,7,3,0,0,0,0,0,0,0,1,1,6,6,2,44,7,2987,2,2,MERCEDES GLC CLASS,8,E01004179,0,-1
2020420958590,2020,420958590,2,9,0,18,19,3,7,0,0,2,1,0,1,11,4,1,5,6,1,57,9,1950,2,1,MERCEDES GLC CLASS,5,E01021954,0,-1
2020410949387,2020,410949387,2,9,0,5,5,5,3,0,0,4,0,0,0,0,3,1,6,6,2,55,8,2143,2,2,MERCEDES GLC CLASS,8,E01023481,0,-1
2020100950327,2020,100950327,1,9,0,18,19,2,6,0,0,4,0,0,0,0,3,1,5,6,2,40,7,1991,1,1,MERCEDES GLC CLASS,10,E01027674,0,-1
2020460930804,2020,460930804,2,9,0,18,19,1,5,0,0,1,0,0,0,0,3,1,5,6,1,56,9,2143,2,1,MERCEDES GLC CLASS,8,E01024313,0,-1
2020010261209,2020,010261209,1,9,0,18,19,5,1,0,0,0,0,0,0,0,2,1,6,6,1,-1,-1,2143,2,3,MERCEDES GLC CLASS,7,E01003794,0,-1
2020010241435,2020,010241435,2,9,0,99,99,9,9,99,99,9,9,99,9,99,1,9,6,6,3,21,5,2143,2,3,MERCEDES GLC CLASS,3,E01001111,0,-1
2020010278729,2020,010278729,2,9,0,99,99,9,9,99,99,9,9,99,9,99,1,9,6,6,3,-1,-1,2996,1,1,MERCEDES GLC CLASS,-1,-1,0,-1
2020010285001,2020,010285001,2,9,0,18,19,8,4,0,0,8,0,0,0,0,1,1,6,6,3,-1,-1,2143,2,2,MERCEDES GLC CLASS,-1,-1,0,-1
2020010280998,2020,010280998,1,9,0,18,19,3,7,0,0,1,0,0,0,0,1,1,6,6,1,65,9,1991,1,0,MERCEDES GLC CLASS,-1,-1,0,-1
2020140947288,2020,140947288,1,9,0,18,19,3,7,0,0,0,0,0,0,0,1,1,2,2,1,38,7,2143,2,3,MERCEDES GLC CLASS,-1,-1,0,-1
2020371007830,2020,371007830,1,9,0,18,19,8,4,0,0,1,0,4,0,0,1,1,5,6,1,84,11,2143,2,3,MERCEDES GLC CLASS,5,E01030283,0,-1
2020010280909,2020,010280909,2,9,0,10,10,7,5,0,0,6,0,0,0,0,3,1,6,6,2,25,5,2143,2,1,MERCEDES GLC CLASS,5,E01004494,0,-1
202006F175356,2020,06F175356,1,9,0,18,19,3,7,0,0,8,0,0,0,0,1,1,6,6,1,30,6,2143,2,3,MERCEDES GLC CLASS,3,E01025376,0,-1
2020460947121,2020,460947121,2,9,0,3,3,3,7,0,0,0,0,0,0,0,1,1,5,6,2,47,8,1991,1,1,MERCEDES GLC CLASS,4,E01024118,0,-1
2020460983976,2020,460983976,1,9,0,18,19,7,3,0,0,4,2,7,5,0,1,1,6,6,1,27,6,2143,2,3,MERCEDES GLC CLASS,2,E01015702,0,-1
2020460982694,2020,460982694,1,9,0,18,19,4,6,0,0,0,0,11,0,0,4,1,6,6,2,54,8,2143,2,2,MERCEDES GLC CLASS,10,E01024402,0,-1
2020541736320,2020,541736320,1,9,0,9,9,6,8,0,0,8,0,0,0,0,1,1,6,6,1,50,8,1991,1,1,MERCEDES GLC CLASS,-1,-1,0,-1
2020010278401,2020,010278401,2,9,0,99,99,9,9,99,99,9,9,99,9,99,1,9,6,6,3,-1,-1,2143,2,2,MERCEDES GLC CLASS,-1,-1,0,-1
2020201005857,2020,201005857,1,9,0,6,6,4,4,0,0,1,0,0,0,0,3,1,6,6,1,32,6,2143,2,4,MERCEDES GLC CLASS,5,E01010351,0,-1
2020990920157,2020,990920157,2,9,0,18,19,2,6,0,0,8,0,0,0,0,1,1,3,7,2,41,7,2143,2,3,MERCEDES GLC CLASS,10,-1,0,-1
2020430280475,2020,430280475,2,9,0,18,19,0,0,0,0,8,0,0,0,0,0,1,6,6,1,33,6,2143,2,2,MERCEDES GLC CLASS,9,E01016683,0,-1
2020220982915,2020,220982915,1,9,0,9,9,2,1,0,0,6,0,0,0,0,3,1,3,7,2,49,8,1950,2,1,MERCEDES GLC CLASS,6,E01032401,0,-1
2020410959295,2020,410959295,1,9,0,18,19,7,3,0,0,1,0,0,0,0,4,1,2,2,1,34,6,2143,2,4,MERCEDES GLC CLASS,7,E01023462,0,-1
2020137621961,2020,137621961,1,9,0,18,19,5,1,0,0,2,0,0,0,11,1,1,6,6,1,87,11,2143,2,1,MERCEDES GLC CLASS,9,E01010648,0,-1
2020010236733,2020,010236733,2,9,0,99,99,9,9,99,99,9,9,99,9,99,9,9,6,6,3,-1,-1,1991,1,1,MERCEDES GLC CLASS,-1,-1,0,-1
2020010269736,2020,010269736,1,9,0,10,10,7,5,0,0,8,0,0,0,0,0,1,6,6,2,44,7,2143,2,1,MERCEDES GLC CLASS,2,E01002566,0,-1
2020010248408,2020,010248408,1,9,0,9,9,2,7,0,0,5,0,0,0,0,1,1,2,2,1,33,6,2143,2,2,MERCEDES GLC CLASS,5,E01003760,0,-1
2020010240900,2020,010240900,2,9,0,18,19,3,7,0,0,1,0,0,0,0,1,1,6,6,1,48,8,2143,2,1,MERCEDES GLC CLASS,3,E01000082,0,-1
2020460986212,2020,460986212,2,9,0,17,19,5,1,0,0,8,0,0,0,0,4,1,5,6,2,48,8,2143,2,2,MERCEDES GLC CLASS,4,E01016067,0,-1
2020010236018,2020,010236018,2,9,9,99,99,9,9,99,99,0,9,0,0,0,4,9,6,6,2,-1,-1,2143,2,2,MERCEDES GLC CLASS,-1,-1,0,-1
2020360955708,2020,360955708,2,9,0,16,19,7,3,0,0,0,0,0,1,0,1,1,5,6,1,58,9,2143,2,3,MERCEDES GLC CLASS,9,E01002362,0,-1
2020470969761,2020,470969761,1,9,0,18,19,3,7,0,0,0,0,0,0,0,1,1,6,6,1,30,6,1950,2,0,MERCEDES GLC CLASS,3,E01016951,0,-1
2020010254215,2020,010254215,1,9,0,6,6,7,7,0,0,2,0,0,0,0,1,1,1,1,2,28,6,2143,2,2,MERCEDES GLC CLASS,5,E01032803,0,-1
2020040930690,2020,040930690,1,9,0,18,19,5,1,0,0,1,0,0,0,0,2,1,5,6,1,67,10,1991,1,1,MERCEDES GLC CLASS,-1,-1,0,-1
2020010247691,2020,010247691,2,9,0,18,19,3,7,0,0,8,0,0,0,0,1,1,6,6,1,75,10,2987,2,2,MERCEDES GLC CLASS,7,E01001049,0,-1
2020320400675,2020,320400675,2,9,0,18,19,5,1,0,0,1,0,0,1,0,3,1,6,6,1,48,8,1950,2,0,MERCEDES GLC CLASS,-1,-1,0,-1
2020010251242,2020,010251242,3,9,0,8,8,1,4,0,0,1,0,4,0,0,1,1,6,6,2,43,7,2143,2,4,MERCEDES GLC CLASS,3,E01002823,0,-1
2020350923499,2020,350923499,2,9,0,2,2,0,0,0,0,0,0,0,0,0,3,1,6,6,1,-1,-1,2143,2,3,MERCEDES GLC CLASS,10,E01018222,0,-1
2020400934544,2020,400934544,3,9,0,2,2,0,0,0,0,1,0,0,0,0,2,1,5,6,2,26,6,1950,2,1,MERCEDES GLC CLASS,9,E01017470,0,-1
2020010255413,2020,010255413,2,9,0,99,99,9,9,99,99,9,9,99,9,99,1,9,6,6,3,-1,-1,2143,2,4,MERCEDES GLC CLASS,4,E01003803,0,-1
2020010283320,2020,010283320,1,9,0,99,99,9,9,99,99,9,9,99,9,99,2,9,6,6,2,35,6,2987,2,3,MERCEDES GLC CLASS,2,E01003108,0,-1
2020010267470,2020,010267470,1,9,0,1,1,3,7,0,0,5,0,0,0,0,2,1,2,2,2,36,7,1991,1,2,MERCEDES GLC CLASS,1,E01001790,0,-1
2020552000064,2020,552000064,1,9,0,9,9,4,3,0,0,6,1,0,0,0,1,1,2,2,1,25,5,2143,2,1,MERCEDES GLC CLASS,3,E01033241,0,-1
2020360921380,2020,360921380,3,9,0,4,4,2,6,0,0,0,0,0,0,0,2,1,2,2,2,49,8,2143,2,2,MERCEDES GLC CLASS,6,E01026545,0,-1
2020010274821,2020,010274821,1,9,0,18,19,1,5,0,0,0,0,0,0,0,3,1,6,6,1,71,10,2143,2,4,MERCEDES GLC CLASS,8,E01001122,0,-1
2020500999512,2020,500999512,2,9,0,18,19,7,3,0,0,0,0,0,7,0,1,1,1,1,1,58,9,2143,2,4,MERCEDES GLC CLASS,3,E01020294,0,-1
2020010231544,2020,010231544,2,9,0,99,99,9,9,99,99,9,9,99,9,99,1,9,6,6,3,-1,-1,1950,2,1,MERCEDES GLC CLASS,-1,-1,0,-1
2020010273188,2020,010273188,1,9,0,3,3,3,7,0,0,8,0,0,0,0,3,1,6,6,1,26,6,1950,2,0,MERCEDES GLC CLASS,3,E01004012,0,-1
2020010232386,2020,010232386,2,9,0,99,99,9,9,99,99,9,9,99,9,99,1,9,6,6,3,-1,-1,2143,2,4,MERCEDES GLC CLASS,-1,-1,0,-1
2020471005043,2020,471005043,1,9,0,18,19,5,1,0,0,2,0,0,0,0,1,1,2,2,2,50,8,2143,2,3,MERCEDES GLC CLASS,8,E01031642,0,-1
2020430377312,2020,430377312,2,9,0,18,19,5,1,0,0,8,0,0,0,0,1,1,6,6,2,67,10,2143,2,2,MERCEDES GLC CLASS,9,E01016833,0,-1
2020200945339,2020,200945339,2,9,0,9,9,7,5,0,0,5,0,0,0,0,3,1,6,6,1,47,8,1991,1,1,MERCEDES GLC CLASS,9,E01032451,0,-1
2020010261703,2020,010261703,1,9,0,7,7,5,7,0,0,6,0,0,0,0,1,1,2,2,1,67,10,1991,1,2,MERCEDES GLC CLASS,5,E01016762,0,-1
2020052001549,2020,052001549,1,9,0,18,19,4,8,0,0,0,2,0,0,0,4,1,6,6,1,31,6,1950,2,1,MERCEDES GLC CLASS,3,E01006568,0,-1
2020350977966,2020,350977966,2,9,0,3,3,2,6,0,0,0,0,0,0,0,2,1,5,6,2,49,8,2143,2,2,MERCEDES GLC CLASS,9,E01029973,0,-1
2020040922190,2020,040922190,2,9,0,18,19,1,5,0,0,1,0,0,0,0,1,1,5,6,2,33,6,2143,2,4,MERCEDES GLC CLASS,9,E01025468,0,-1
2020010272215,2020,010272215,2,9,0,18,19,2,6,2,2,8,0,0,0,0,1,2,6,6,1,24,5,2143,2,4,MERCEDES GLC CLASS,-1,-1,0,-1
2020432004040,2020,432004040,2,9,0,18,19,8,4,0,0,0,0,0,0,0,4,1,6,6,2,55,8,2143,2,1,MERCEDES GLC CLASS,10,E01030319,0,-1
2020420954309,2020,420954309,1,9,0,18,19,2,6,0,0,2,0,0,7,0,1,1,6,6,2,49,8,2143,2,2,MERCEDES GLC CLASS,4,E01015994,0,-1
2020010276970,2020,010276970,1,9,0,99,99,9,9,99,99,9,9,99,9,99,9,9,6,6,2,39,7,1950,2,1,MERCEDES GLC CLASS,9,E01003418,0,-1
2020990938833,2020,990938833,2,9,0,18,19,5,1,0,0,0,1,0,0,0,1,1,5,6,2,50,8,2143,2,4,MERCEDES GLC CLASS,6,-1,0,-1
2020201005882,2020,201005882,2,9,0,3,3,1,5,0,0,0,0,0,0,0,2,1,6,6,2,29,6,2143,2,3,MERCEDES GLC CLASS,5,E01010159,0,-1
2020410984031,2020,410984031,1,9,0,5,5,7,3,0,0,0,0,0,0,0,1,1,5,6,1,49,8,2143,2,3,MERCEDES GLC CLASS,10,E01023919,0,-1
2020010244823,2020,010244823,2,9,0,99,99,9,9,99,99,9,9,99,9,99,2,9,6,6,3,-1,-1,2143,2,1,MERCEDES GLC CLASS,-1,-1,0,-1
2020010261277,2020,010261277,2,9,0,99,99,9,9,99,99,9,9,99,9,99,9,9,6,6,2,32,6,2143,2,3,MERCEDES GLC CLASS,7,E01003369,0,-1
2020470986497,2020,470986497,1,9,0,9,9,7,4,0,0,0,0,0,0,0,1,1,5,6,1,39,7,2143,2,2,MERCEDES GLC CLASS,9,E01031625,0,-1
2020470930677,2020,470930677,2,9,0,18,19,4,8,0,0,0,0,0,0,0,3,1,5,6,1,37,7,1991,1,1,MERCEDES GLC CLASS,8,E01033580,0,-1
2020411006767,2020,411006767,1,9,0,18,19,4,8,0,0,0,0,4,1,0,1,1,6,6,1,37,7,1950,2,0,MERCEDES GLC CLASS,5,E01023862,0,-1
2020010281175,2020,010281175,2,9,0,18,19,7,3,0,0,1,0,0,0,0,1,1,6,6,1,36,7,2143,2,3,MERCEDES GLC CLASS,9,E01000829,0,-1
2020420939620,2020,420939620,2,9,0,2,2,0,0,0,0,1,0,0,0,0,3,1,6,6,2,31,6,2143,2,3,MERCEDES GLC CLASS,5,E01021768,0,-1
2020122000468,2020,122000468,1,9,0,18,19,6,2,0,0,0,0,0,0,0,1,1,6,6,3,52,8,2143,2,4,MERCEDES GLC CLASS,8,E01027875,0,-1
2020010250565,2020,010250565,1,9,0,17,19,3,7,0,0,6,0,0,0,0,0,1,6,6,1,47,8,2143,2,2,MERCEDES GLC CLASS,-1,-1,0,-1
2020400929421,2020,400929421,2,9,0,16,19,3,7,0,0,0,0,0,0,0,2,1,5,6,1,57,9,2143,2,4,MERCEDES GLC CLASS,10,E01017442,0,-1
2020440284580,2020,440284580,1,9,0,18,19,2,6,0,0,0,0,0,0,0,1,1,6,6,1,62,9,2143,2,2,MERCEDES GLC CLASS,2,E01022942,0,-1
2020430220358,2020,430220358,1,9,0,18,19,3,7,0,0,4,5,9,0,10,1,1,6,6,2,61,9,1950,2,0,MERCEDES GLC CLASS,10,E01031232,0,-1
2020460966647,2020,460966647,1,9,0,18,19,2,6,0,0,0,0,0,0,0,2,1,5,6,1,39,7,2143,2,4,MERCEDES GLC CLASS,9,E01030381,0,-1
2020410988454,2020,410988454,1,9,0,18,19,1,5,0,0,0,1,0,7,2,3,1,2,2,1,33,6,2996,1,2,MERCEDES GLC CLASS,10,E01033025,0,-1
2020990969020,2020,990969020,1,9,0,5,5,7,2,0,0,6,0,0,0,0,3,1,2,2,2,54,8,2143,2,3,MERCEDES GLC CLASS,4,-1,0,-1
2020010241333,2020,010241333,2,9,0,99,99,9,9,99,99,9,9,99,9,99,9,9,6,6,3,-1,-1,2143,2,3,MERCEDES GLC CLASS,6,E01033570,0,-1
2020140976685,2020,140976685,1,9,0,18,19,2,6,0,0,2,0,0,0,0,1,1,5,6,1,37,7,1950,2,0,MERCEDES GLC CLASS,6,E01007408,0,-1
2020010283199,2020,010283199,2,9,0,18,19,6,2,0,0,1,0,0,0,0,1,1,1,1,2,32,6,2143,2,4,MERCEDES GLC CLASS,6,E01008040,0,-1
2020010248288,2020,010248288,1,9,0,13,13,7,3,0,0,0,1,0,0,0,1,1,6,6,1,21,5,1950,2,1,MERCEDES GLC CLASS,2,E01000599,0,-1
2020460931013,2020,460931013,1,9,0,10,10,6,3,0,0,0,0,0,0,0,1,1,6,6,1,60,9,1950,2,1,MERCEDES GLC CLASS,7,E01024064,0,-1
2020010249669,2020,010249669,4,9,0,2,2,0,0,0,0,0,0,0,0,0,1,1,6,6,3,-1,-1,2143,2,4,MERCEDES GLC CLASS,-1,-1,0,-1
20201372A1100,2020,1372A1100,2,9,0,4,4,8,4,0,0,0,0,0,0,0,2,1,6,6,2,50,8,1950,2,1,MERCEDES GLC CLASS,8,E01010861,0,-1
2020991000433,2020,991000433,2,9,0,4,4,8,4,0,0,0,0,0,0,0,2,1,5,6,2,55,8,2143,2,2,MERCEDES GLC CLASS,8,-1,0,-1
2020990938979,2020,990938979,1,9,0,9,9,6,3,0,0,8,1,0,0,0,1,1,6,6,1,33,6,1950,2,0,MERCEDES GLC CLASS,1,-1,0,-1
2020450962753,2020,450962753,2,9,0,18,19,1,5,0,0,0,0,0,4,6,3,1,5,6,2,50,8,2143,2,3,MERCEDES GLC CLASS,5,E01030834,0,-1
2020302001568,2020,302001568,2,9,0,2,2,0,0,0,0,0,0,0,0,0,2,1,6,6,3,-1,-1,1950,2,1,MERCEDES GLC CLASS,-1,-1,0,-1
2020010262497,2020,010262497,2,9,0,99,99,9,9,99,99,9,9,99,9,99,1,9,6,6,3,28,6,2143,2,1,MERCEDES GLC CLASS,2,E01004413,0,-1
2020010280223,2020,010280223,1,9,0,99,99,9,9,99,99,9,9,99,9,99,9,9,2,2,2,33,6,1950,2,0,MERCEDES GLC CLASS,1,E01003516,0,-1
2020361008426,2020,361008426,1,9,0,18,19,3,5,0,0,0,0,0,0,0,1,1,6,6,2,47,8,2143,2,3,MERCEDES GLC CLASS,9,E01030067,0,-1
202006G276086,2020,06G276086,2,9,0,9,9,2,8,0,0,8,0,0,0,0,3,1,6,6,2,52,8,2143,2,1,MERCEDES GLC CLASS,6,E01005962,0,-1
2020461010373,2020,461010373,2,9,0,18,19,5,1,0,0,0,0,0,8,0,4,1,5,6,2,53,8,2143,2,3,MERCEDES GLC CLASS,9,E01021471,0,-1
2020302001109,2020,302001109,2,9,0,7,7,2,6,0,0,0,0,0,0,0,2,1,6,6,2,-1,-1,1950,2,1,MERCEDES GLC CLASS,-1,-1,0,-1
2020440477132,2020,440477132,1,9,0,16,19,1,5,0,0,0,2,0,7,4,1,1,6,6,2,43,7,1991,8,0,MERCEDES GLC CLASS,10,E01022756,0,-1
2020522100617,2020,522100617,1,9,0,18,19,5,1,0,0,0,0,0,0,0,1,1,6,6,1,54,8,1991,1,2,MERCEDES GLC CLASS,6,E01014631,0,-1
2020070486282,2020,070486282,4,9,0,4,4,3,7,0,0,0,0,0,0,0,1,1,2,2,1,40,7,2143,2,2,MERCEDES GLC CLASS,-1,-1,0,-1
2020010245879,2020,010245879,1,9,0,18,19,5,1,0,0,8,0,0,0,0,4,1,1,1,1,19,4,1991,1,2,MERCEDES GLC CLASS,7,E01024388,0,-1
2020430181897,2020,430181897,1,9,0,18,19,5,1,0,0,0,0,0,1,7,3,1,2,2,1,40,7,1950,2,1,MERCEDES GLC CLASS,10,E01010216,0,-1
2020010258787,2020,010258787,2,9,0,4,4,8,4,2,2,2,0,0,0,0,3,1,6,6,2,43,7,2143,2,3,MERCEDES GLC CLASS,2,E01004409,0,-1
2020430158596,2020,430158596,2,9,0,18,19,8,4,0,0,1,2,0,4,7,3,1,6,6,2,39,7,2143,2,1,MERCEDES GLC CLASS,9,E01033193,0,-1
2020140985516,2020,140985516,1,9,0,18,19,2,6,9,9,2,5,0,1,10,1,1,5,6,2,26,6,2143,2,5,MERCEDES GLC CLASS,1,E01005352,0,-1
2020031020573,2020,031020573,2,9,0,18,19,1,5,0,0,1,1,0,3,10,1,1,6,6,1,62,9,1991,1,1,MERCEDES GLC CLASS,4,E01019147,0,-1
2020340S06922,2020,340S06922,2,9,0,18,19,4,8,0,0,8,0,0,0,0,1,1,6,6,2,26,6,2143,2,2,MERCEDES GLC CLASS,10,E01027298,0,-1
2020010274257,2020,010274257,1,9,0,18,19,5,1,0,0,2,0,0,1,11,1,1,2,2,2,31,6,1598,1,5,MINI ONE,8,E01004194,0,-1
2020010262586,2020,010262586,1,9,0,18,19,3,7,0,0,1,0,0,0,0,3,1,1,1,1,36,7,1598,1,17,MINI ONE,1,E01004407,0,-1
2020122000335,2020,122000335,2,9,0,18,19,3,7,0,0,1,0,0,0,0,1,1,6,6,1,19,4,1198,1,5,MINI ONE,1,E01007945,0,-1
2020122100063,2020,122100063,1,9,0,9,9,5,1,0,0,6,0,0,0,0,3,1,6,6,1,44,7,1598,2,9,MINI ONE,3,E01013385,0,-1
2020010234987,2020,010234987,2,9,0,5,5,1,5,0,0,8,0,0,0,0,1,1,6,6,2,35,6,1364,2,14,MINI ONE,-1,-1,0,-1
2020302001472,2020,302001472,2,9,0,18,19,8,3,0,0,0,1,0,0,0,1,1,2,2,1,40,7,1598,1,16,MINI ONE,8,E01013593,0,-1
2020040943115,2020,040943115,2,9,0,18,19,1,5,0,0,0,0,0,0,0,1,1,5,6,2,24,5,1198,1,3,MINI ONE,10,E01025434,0,-1
2020010236638,2020,010236638,2,9,0,2,2,0,0,0,0,0,0,0,0,0,2,1,6,6,3,-1,-1,1598,1,16,MINI ONE,-1,-1,0,-1
2020010239237,2020,010239237,2,9,0,9,9,1,7,2,2,5,1,0,3,0,4,1,6,6,2,22,5,1198,1,5,MINI ONE,10,E01000283,0,-1
2020010234486,2020,010234486,1,9,0,99,99,9,9,99,99,9,9,99,9,99,9,9,2,2,2,28,6,1598,1,6,MINI ONE,6,E01001565,0,-1
2020552000800,2020,552000800,1,9,0,4,4,2,6,0,0,0,1,0,0,0,1,1,6,6,1,25,5,1598,1,18,MINI ONE,3,E01030793,0,-1
2020522004657,2020,522004657,1,9,0,18,19,3,7,0,0,1,0,0,0,0,1,1,6,6,1,35,6,1397,1,12,MINI ONE,2,E01014664,0,-1
2020450929611,2020,450929611,2,9,0,18,19,5,1,0,0,8,0,0,0,0,1,1,5,6,2,62,9,1198,1,4,MINI ONE,6,E01030699,0,-1
2020201021916,2020,201021916,1,9,0,5,5,2,6,0,0,6,0,0,0,0,1,1,6,6,2,-1,-1,1598,1,10,MINI ONE,-1,-1,0,-1
2020360999890,2020,360999890,2,9,0,3,3,1,5,0,0,0,0,0,0,0,2,1,5,6,2,30,6,1598,1,16,MINI ONE,4,E01026739,0,-1
2020010240686,2020,010240686,2,9,0,9,9,5,3,3,2,2,0,0,0,0,0,1,6,6,1,38,7,1598,1,5,MINI ONE,-1,-1,0,-1
2020010234698,2020,010234698,1,9,0,99,99,9,9,99,99,9,9,99,9,99,9,9,6,6,2,50,8,1397,1,12,MINI ONE,7,E01000702,0,-1
2020471002669,2020,471002669,2,9,0,18,19,6,2,0,0,4,0,0,0,0,3,1,2,2,2,31,6,1598,1,7,MINI ONE,9,E01031672,0,-1
202031B008920,2020,31B008920,1,9,0,18,19,8,4,0,0,2,0,4,0,0,1,1,6,6,2,62,9,1364,2,15,MINI ONE,6,E01028326,0,-1
2020522001959,2020,522001959,2,9,0,18,19,3,7,0,0,8,0,0,0,0,1,1,6,6,1,-1,-1,1397,1,11,MINI ONE,-1,-1,0,-1
2020137572176,2020,137572176,3,9,0,2,2,0,0,0,0,0,0,0,0,0,4,1,6,6,1,-1,-1,1397,1,11,MINI ONE,1,E01010626,0,-1
2020010264951,2020,010264951,3,9,0,4,4,3,7,0,0,0,0,0,0,0,1,1,6,6,1,38,7,1598,1,18,MINI ONE,5,E01004052,0,-1
202031A121320,2020,31A121320,4,9,0,2,2,0,0,0,0,1,0,0,0,0,2,1,6,6,3,-1,-1,1598,2,9,MINI ONE,-1,-1,0,-1
2020010283952,2020,010283952,2,9,0,4,4,5,1,0,0,0,0,4,0,0,1,1,2,2,2,30,6,1598,1,10,MINI ONE,5,E01001088,0,-1
2020440486224,2020,440486224,2,9,0,18,19,6,2,0,0,2,0,0,0,0,1,1,6,6,2,32,6,1598,1,16,MINI ONE,9,E01022799,0,-1
2020552000378,2020,552000378,1,9,0,9,9,8,7,0,0,1,0,0,0,0,1,1,6,6,2,56,9,1198,1,4,MINI ONE,5,E01020448,0,-1
2020460991033,2020,460991033,1,9,0,18,19,3,7,0,0,0,0,0,0,0,1,1,6,6,1,30,6,1598,1,18,MINI ONE,6,E01032653,0,-1
2020460995568,2020,460995568,3,9,0,4,4,3,7,0,0,0,0,0,0,0,2,1,5,6,2,18,4,1198,1,6,MINI ONE,10,E01024852,0,-1
2020010264997,2020,010264997,2,9,0,99,99,9,9,99,99,9,9,99,9,99,1,9,6,6,3,30,6,1198,1,3,MINI ONE,10,E01023878,0,-1
2020230981972,2020,230981972,2,9,0,9,9,8,6,0,0,5,0,0,7,0,2,1,6,6,2,23,5,1598,1,15,MINI ONE,9,E01031129,0,-1
2020070100533,2020,070100533,1,9,0,18,19,8,4,0,0,1,1,0,0,6,1,1,6,6,2,20,4,1598,1,16,MINI ONE,8,W01000457,0,-1
2020440056184,2020,440056184,1,9,0,2,2,0,0,0,0,1,0,0,0,0,2,1,6,6,3,-1,-1,1598,1,8,MINI ONE,-1,-1,0,-1
2020470940159,2020,470940159,2,9,0,18,19,5,1,0,0,8,0,0,0,0,4,1,6,6,2,34,6,1598,1,14,MINI ONE,2,E01031808,0,-1
2020990984224,2020,990984224,2,9,0,18,19,5,1,0,0,0,0,0,0,0,2,1,2,2,2,61,9,1499,1,2,MINI ONE,9,-1,0,-1
2020100959972,2020,100959972,1,9,0,18,19,3,7,0,0,0,1,10,2,0,3,1,5,6,1,36,7,1598,1,18,MINI ONE,-1,-1,0,-1
2020010248757,2020,010248757,2,9,0,99,99,9,9,99,99,9,9,99,9,99,4,9,6,6,2,-1,-1,1598,1,13,MINI ONE,-1,-1,0,-1
2020450947855,2020,450947855,1,9,0,4,4,5,1,0,0,1,0,0,0,0,2,1,5,6,2,53,8,1598,1,8,MINI ONE,6,E01002601,0,-1
2020440389256,2020,440389256,2,9,0,17,19,2,6,0,0,1,0,0,0,0,3,1,6,6,1,36,7,1598,1,15,MINI ONE,10,E01022518,0,-1
2020010247756,2020,010247756,1,9,0,4,4,3,7,0,0,2,0,0,0,0,2,1,2,2,2,28,6,1598,1,7,MINI ONE,5,E01003084,0,-1