collision_index,collision_year,collision_ref_no,vehicle_reference,vehicle_type,towing_and_articulation,vehicle_manoeuvre_historic,vehicle_manoeuvre,vehicle_direction_from,vehicle_direction_to,vehicle_location_restricted_lane_historic,vehicle_location_restricted_lane,junction_location,skidding_and_overturning,hit_object_in_carriageway,vehicle_leaving_carriageway,hit_object_off_carriageway,first_point_of_impact,vehicle_left_hand_drive,journey_purpose_of_driver_historic,journey_purpose_of_driver,sex_of_driver,age_of_driver,age_band_of_driver,engine_capacity_cc,propulsion_code,age_of_vehicle,generic_make_model,driver_imd_decile,lsoa_of_driver,escooter_flag,driver_distance_banding
2020990967548,2020,990967548,2,9,0,10,10,2,7,0,0,1,0,0,0,0,2,1,2,2,2,26,6,1598,1,9,MINI ONE,6,-1,0,-1
2020040976512,2020,040976512,2,9,0,18,19,5,1,0,0,1,0,0,0,0,2,1,5,6,2,31,6,1397,1,10,MINI ONE,8,E01025012,0,-1
2020411032236,2020,411032236,2,9,0,17,19,7,2,0,0,0,0,0,0,0,4,1,2,2,2,21,5,1598,1,7,MINI ONE,7,E01023801,0,-1
2020522101142,2020,522101142,2,9,0,4,4,7,3,0,0,0,0,0,0,0,2,1,6,6,2,67,10,1598,1,7,MINI ONE,5,E01015019,0,-1
2020052001217,2020,052001217,1,9,0,18,19,5,1,0,0,0,0,0,0,0,1,1,6,6,3,-1,-1,1598,1,18,MINI ONE,-1,-1,0,-1
202031D165720,2020,31D165720,1,9,0,9,9,1,8,0,0,5,0,0,0,0,1,1,6,6,2,26,6,1598,1,15,MINI ONE,3,E01028083,0,-1
2020440459825,2020,440459825,1,9,0,16,19,7,3,0,0,0,1,0,8,4,1,1,6,6,1,19,4,1397,1,12,MINI ONE,5,E01032883,0,-1
2020140940016,2020,140940016,1,9,0,18,19,6,3,0,0,0,1,0,0,0,1,1,6,6,1,38,7,1397,1,11,MINI ONE,10,E01007955,0,-1
2020052000773,2020,052000773,3,9,0,18,19,3,7,0,0,1,0,0,0,0,2,1,2,2,2,46,8,1598,1,8,MINI ONE,1,E01006648,0,-1
2020460994485,2020,460994485,2,9,0,18,19,5,1,0,0,1,0,0,0,0,1,1,6,6,1,38,7,1496,2,3,MINI ONE,10,E01024483,0,-1
202006Q272351,2020,06Q272351,1,9,0,18,19,1,5,0,0,0,1,10,7,10,3,1,6,6,1,23,5,1198,1,3,MINI ONE,8,E01005394,0,-1
2020460994318,2020,460994318,3,9,0,9,9,5,3,0,0,1,0,0,0,0,0,1,2,2,2,48,8,1198,1,3,MINI ONE,7,E01024375,0,-1
2020010257502,2020,010257502,2,9,0,99,99,9,9,99,99,9,9,99,9,99,4,9,6,6,3,30,6,1397,1,12,MINI ONE,6,E01021743,0,-1
2020230991958,2020,230991958,2,9,0,4,4,7,3,0,0,0,0,0,0,0,2,1,2,2,2,42,7,1598,1,17,MINI ONE,1,E01031090,0,-1
2020460932047,2020,460932047,1,9,0,7,7,1,7,0,0,6,0,0,0,0,1,1,6,6,2,50,8,1397,1,11,MINI ONE,10,E01024824,0,-1
2020530982457,2020,530982457,2,9,0,4,4,5,1,0,0,0,0,0,0,0,2,1,5,6,2,37,7,1598,1,4,MINI ONE,7,E01001918,0,-1
2020010260386,2020,010260386,1,9,0,5,5,0,7,0,0,0,0,0,0,0,1,1,6,6,2,33,6,1598,1,6,MINI ONE,6,E01033570,0,-1
2020450963816,2020,450963816,1,9,0,4,4,8,3,0,0,0,0,0,0,0,2,1,5,6,2,51,8,1598,1,15,MINI ONE,6,E01030842,0,-1
2020010259156,2020,010259156,1,9,0,18,19,5,1,0,0,0,0,4,0,0,1,1,6,6,2,53,8,1598,1,15,MINI ONE,7,E01000748,0,-1
2020522005103,2020,522005103,1,9,0,18,19,5,1,0,0,8,0,0,0,0,1,1,6,6,1,50,8,1364,2,15,MINI ONE,-1,-1,0,-1
2020461010402,2020,461010402,1,9,0,16,19,1,4,0,0,0,1,10,0,0,1,1,2,2,2,34,6,1397,1,13,MINI ONE,1,E01016017,0,-1
2020140955653,2020,140955653,1,9,0,9,9,1,8,0,0,1,1,10,8,11,1,1,2,2,2,30,6,1397,1,13,MINI ONE,1,E01007628,0,-1
2020522005038,2020,522005038,2,9,0,9,9,1,7,0,0,8,0,0,0,0,1,1,6,6,2,54,8,1598,2,6,MINI ONE,9,E01014857,0,-1
2020522004864,2020,522004864,2,9,0,1,1,1,5,0,0,0,0,0,0,0,2,1,6,6,3,-1,-1,1496,2,5,MINI ONE,-1,-1,0,-1
202006A378570,2020,06A378570,3,9,0,2,2,0,0,0,0,0,0,0,0,0,3,1,1,1,2,51,8,1364,2,17,MINI ONE,5,E01006038,0,-1
2020440440306,2020,440440306,1,9,0,18,19,3,7,0,0,0,5,0,1,9,4,1,2,2,2,31,6,1397,1,13,MINI ONE,4,E01022482,0,-1
2020140956898,2020,140956898,1,9,0,16,19,8,5,0,0,0,2,0,0,0,4,1,2,2,1,26,6,1364,2,16,MINI ONE,5,E01019780,0,-1
2020010240983,2020,010240983,1,9,9,99,99,9,9,99,99,9,9,99,9,99,9,9,6,6,2,23,5,1598,1,14,MINI ONE,6,E01023317,0,-1
2020552001024,2020,552001024,1,9,0,4,4,8,4,0,0,0,0,0,1,11,1,1,2,2,2,48,8,1198,1,5,MINI ONE,3,E01015306,0,-1
202031C124520,2020,31C124520,1,9,0,18,19,1,5,0,0,3,0,0,0,0,1,1,6,6,2,52,8,1598,1,8,MINI ONE,2,E01028147,0,-1
2020420986782,2020,420986782,1,9,0,17,19,2,6,9,9,1,0,10,0,0,1,1,5,6,2,46,8,1598,1,15,MINI ONE,9,E01021933,0,-1
2020430194692,2020,430194692,1,9,0,18,19,3,7,0,0,0,0,0,1,0,3,1,6,6,2,19,4,1198,1,3,MINI ONE,9,E01016256,0,-1
2020122001161,2020,122001161,2,9,0,9,9,7,5,0,0,8,0,0,0,0,4,1,1,1,2,26,6,1598,1,7,MINI ONE,6,E01011574,0,-1
2020220980819,2020,220980819,1,9,0,16,19,1,4,0,0,0,5,10,0,0,3,1,5,6,1,53,8,1198,1,5,MINI ONE,4,E01014169,0,-1
2020230970217,2020,230970217,1,9,0,16,19,8,4,0,0,0,5,0,1,9,1,1,5,6,2,40,7,1598,1,14,MINI ONE,9,E01031222,0,-1
2020010248816,2020,010248816,2,9,9,99,99,9,9,99,99,2,9,99,9,99,9,1,6,6,2,24,5,1198,1,5,MINI ONE,2,E01004467,0,-1
2020450958270,2020,450958270,1,9,0,17,19,6,2,0,0,0,1,0,1,4,1,1,2,2,2,21,5,1598,1,15,MINI ONE,9,E01030976,0,-1
2020100973373,2020,100973373,2,9,0,9,9,8,6,0,0,1,0,0,0,0,4,1,5,6,2,18,4,1198,1,5,MINI ONE,3,E01008739,0,-1
2020360971397,2020,360971397,2,9,0,18,19,2,6,0,0,1,0,0,0,0,1,1,5,6,1,35,6,1600,2,9,MINI ONE,6,E01026420,0,-1
2020420920085,2020,420920085,2,9,0,8,8,3,7,0,0,0,0,0,0,0,2,1,5,6,2,47,8,1397,1,13,MINI ONE,4,E01015872,0,-1
2020040922285,2020,040922285,2,9,0,18,19,2,6,0,0,1,0,0,0,0,1,1,5,6,2,18,4,1598,1,18,MINI ONE,8,E01027568,0,-1
2020450992856,2020,450992856,1,9,0,17,19,1,1,0,0,4,0,9,0,0,4,1,1,1,2,29,6,1598,1,7,MINI ONE,9,E01024832,0,-1
2020100976740,2020,100976740,2,9,0,3,3,7,1,0,0,4,0,0,0,0,2,1,5,6,2,55,8,1598,1,14,MINI ONE,-1,-1,0,-1
2020990962042,2020,990962042,1,9,0,9,9,5,3,0,0,8,0,0,0,0,1,1,6,6,2,20,4,1397,1,12,MINI ONE,7,-1,0,-1
2020010233253,2020,010233253,1,9,0,18,19,5,1,0,0,1,0,0,0,0,4,1,6,6,2,24,5,1198,1,4,MINI ONE,3,E01000372,0,-1
2020040994762,2020,040994762,2,9,0,18,19,3,7,0,0,1,0,0,1,2,1,1,5,6,2,18,4,1198,1,5,MINI ONE,5,E01025243,0,-1
2020371021517,2020,371021517,1,9,0,18,19,4,8,0,0,1,0,0,0,0,1,1,5,6,2,77,11,1600,1,9,MINI ONE,6,E01030150,0,-1
2020430040440,2020,430040440,2,9,0,18,19,3,7,0,0,4,0,0,0,0,0,1,6,6,2,25,5,1198,1,5,MINI ONE,-1,-1,0,-1
2020122001133,2020,122001133,1,9,0,18,19,4,7,0,0,0,5,0,1,0,0,1,6,6,2,18,4,1598,1,17,MINI ONE,7,E01027815,0,-1
202054A424220,2020,54A424220,2,9,0,9,9,3,1,0,0,8,0,0,0,0,3,1,6,6,2,34,6,1364,2,14,MINI ONE,9,E01031897,0,-1
2020990998114,2020,990998114,1,9,0,4,4,4,8,0,0,1,1,0,1,2,1,1,5,6,1,57,9,1600,2,9,MINI ONE,9,-1,0,-1
2020040927885,2020,040927885,1,9,0,18,19,2,6,0,0,1,0,0,0,0,3,1,2,2,2,45,7,1598,1,5,MINI ONE,5,E01012664,0,-1
2020302001297,2020,302001297,1,9,0,9,9,2,8,0,0,6,0,0,8,11,1,1,6,6,3,-1,-1,1598,1,7,MINI ONE,5,E01019456,0,-1
2020420953634,2020,420953634,2,9,0,17,19,5,1,0,0,1,0,0,0,0,3,1,5,6,2,53,8,1198,1,4,MINI ONE,9,E01022060,0,-1
2020010281944,2020,010281944,2,9,0,18,19,7,3,0,0,0,0,0,0,0,1,1,6,6,2,23,5,1598,1,14,MINI ONE,10,E01024468,0,-1
2020302000324,2020,302000324,2,9,0,18,19,3,7,0,0,0,0,0,0,0,1,1,6,6,2,35,6,1397,1,13,MINI ONE,10,E01028396,0,-1
2020410944949,2020,410944949,1,9,0,9,9,5,3,0,0,1,0,0,0,0,4,1,2,2,2,28,6,1198,1,4,MINI ONE,10,E01023733,0,-1
2020460921505,2020,460921505,1,9,0,12,12,1,5,0,0,1,1,4,0,0,1,1,6,6,1,27,6,1598,1,16,MINI ONE,9,E01024409,0,-1
2020450935535,2020,450935535,1,9,0,7,7,7,1,0,0,1,0,0,7,0,1,1,6,6,1,62,9,1598,1,15,MINI ONE,7,E01030833,0,-1
2020010249344,2020,010249344,2,9,0,8,8,2,4,0,0,6,0,0,0,0,1,1,6,6,1,32,6,1397,1,11,MINI ONE,1,E01001655,0,-1
2020470990005,2020,470990005,2,9,0,18,19,8,4,0,0,2,0,10,0,0,4,1,3,7,2,18,4,1397,1,12,MINI ONE,10,E01031738,0,-1
2020070777319,2020,070777319,2,9,0,18,19,8,4,0,0,1,0,0,0,0,1,1,6,6,1,59,9,1598,2,7,MINI ONE,10,E01018530,0,-1
202006E475019,2020,06E475019,1,9,0,18,19,1,5,0,0,4,0,0,0,0,1,1,6,6,1,30,6,1598,1,8,MINI ONE,4,E01005494,0,-1
2020440463435,2020,440463435,1,9,0,16,19,8,4,0,0,0,0,0,0,0,3,1,6,6,2,26,6,1598,1,12,MINI ONE,-1,-1,0,-1
2020451003908,2020,451003908,1,9,0,18,19,1,1,0,0,0,0,7,2,0,1,1,5,6,1,61,9,1397,1,12,MINI ONE,7,E01030738,0,-1
2020522101329,2020,522101329,2,9,0,18,19,7,3,0,0,8,0,0,0,0,4,1,6,6,2,17,4,1397,1,12,MINI ONE,3,E01014682,0,-1
202031C169320,2020,31C169320,2,9,0,18,19,3,7,0,0,8,0,0,0,0,3,1,6,6,2,35,6,1598,1,6,MINI ONE,8,E01028206,0,-1
202031A073420,2020,31A073420,1,9,0,4,4,3,7,0,0,1,1,0,0,0,1,1,2,2,2,31,6,1598,1,18,MINI ONE,5,E01019428,0,-1
2020460981484,2020,460981484,2,9,0,3,3,1,3,0,0,0,0,0,0,0,2,1,5,6,2,49,8,1598,1,16,MINI ONE,3,E01016044,0,-1
2020210976262,2020,210976262,2,9,-1,-1,-1,-1,-1,-1,-1,-1,-1,-1,-1,0,-1,1,6,6,2,21,5,1598,1,17,MINI ONE,2,E01029346,0,-1
2020991002805,2020,991002805,1,9,0,18,19,3,7,0,0,1,0,0,0,0,2,1,6,6,1,54,8,1397,1,13,MINI ONE,8,-1,0,-1
2020450982369,2020,450982369,2,9,0,4,4,3,3,0,0,0,0,0,0,0,1,1,6,6,2,62,9,1198,1,3,MINI ONE,8,E01019934,0,-1
2020430198284,2020,430198284,1,9,0,3,3,1,5,0,0,1,0,0,0,0,2,1,6,6,1,29,6,1198,1,6,MINI ONE,8,E01032758,0,-1
2020450990762,2020,450990762,2,9,0,12,12,5,1,0,0,0,0,0,0,0,2,1,5,6,2,46,8,1397,1,11,MINI ONE,9,E01030933,0,-1
2020990958560,2020,990958560,1,9,0,17,19,8,4,0,0,0,0,0,7,0,1,1,5,6,2,50,8,1598,1,8,MINI ONE,5,-1,0,-1
2020320626789,2020,320626789,1,9,0,5,5,5,1,0,0,0,0,0,0,0,1,1,6,6,2,50,8,1598,1,13,MINI ONE,3,E01026085,0,-1
2020421008701,2020,421008701,2,9,0,18,19,3,7,0,0,8,0,0,0,0,3,1,5,6,1,55,8,1397,1,11,MINI ONE,8,E01018268,0,-1
2020230930000,2020,230930000,1,9,0,18,19,6,2,0,0,0,1,0,0,0,1,1,5,6,2,55,8,1598,2,8,MINI ONE,7,E01031213,0,-1
2020470937919,2020,470937919,2,9,0,4,4,3,7,0,0,4,0,0,0,0,2,1,2,2,1,26,6,1198,1,5,MINI ONE,10,E01031650,0,-1
2020520002383,2020,520002383,1,9,0,3,3,6,2,0,0,8,0,0,0,0,2,1,6,6,2,51,8,1598,2,6,MINI ONE,6,E01029125,0,-1
2020460934121,2020,460934121,1,9,0,7,7,5,7,0,0,0,0,0,7,0,3,1,2,2,2,50,8,1198,1,4,MINI ONE,5,E01024366,0,-1
2020140992929,2020,140992929,2,9,0,11,11,3,1,0,0,3,0,0,0,0,1,1,2,2,2,58,9,1598,2,7,MINI ONE,8,E01007925,0,-1
2020360966209,2020,360966209,2,9,0,18,19,7,3,0,0,1,0,0,0,0,0,1,6,6,3,-1,-1,1598,1,9,MINI ONE,-1,-1,0,-1
2020010280195,2020,010280195,1,9,4,99,99,9,9,99,99,9,9,99,9,99,9,9,2,2,2,25,5,1198,1,3,MINI ONE,4,E01001005,0,-1
2020460977623,2020,460977623,2,9,0,2,2,0,0,0,0,1,0,0,0,0,3,1,6,6,2,64,9,1598,1,14,MINI ONE,7,E01024536,0,-1
2020220972057,2020,220972057,2,9,0,18,19,2,6,0,0,8,0,0,0,0,1,1,5,6,2,17,4,1198,1,4,MINI ONE,6,E01013998,0,-1
20201376Q1858,2020,1376Q1858,2,9,0,9,9,3,1,0,0,2,0,0,0,0,4,1,6,6,2,22,5,1198,1,6,MINI ONE,4,E01011606,0,-1
2020370984911,2020,370984911,1,9,0,5,5,2,4,0,0,2,0,0,0,0,1,1,5,6,2,72,10,1198,1,4,MINI ONE,7,E01029995,0,-1
2020070055656,2020,070055656,2,9,0,18,19,6,2,0,0,0,1,7,0,0,1,1,6,6,1,34,6,1598,1,18,MINI ONE,5,E01024928,0,-1
2020470981112,2020,470981112,1,9,0,13,13,7,3,0,0,2,0,0,0,0,4,1,5,6,1,24,5,1364,2,16,MINI ONE,10,E01031768,0,-1
2020430200317,2020,430200317,1,9,0,16,19,1,4,0,0,0,0,0,7,4,3,1,2,2,2,59,9,1598,2,7,MINI ONE,8,E01023893,0,-1
2020450978755,2020,450978755,1,9,0,9,9,5,7,0,0,0,0,0,0,0,4,1,6,6,1,17,4,1598,1,14,MINI ONE,5,E01030724,0,-1
2020010250177,2020,010250177,1,9,0,99,99,9,9,99,99,9,9,99,9,99,2,9,6,6,1,33,6,1198,1,3,MINI ONE,1,E01004670,0,-1
2020500975844,2020,500975844,1,9,0,13,13,6,2,0,0,0,0,0,0,0,0,1,2,2,1,58,9,1598,1,16,MINI ONE,5,E01019886,0,-1
2020170S10620,2020,170S10620,1,9,0,18,19,2,6,0,0,0,0,0,0,0,1,1,6,6,1,20,4,1198,1,6,MINI ONE,8,E01012235,0,-1
2020052000235,2020,052000235,4,9,0,2,2,0,0,0,0,0,0,0,0,0,1,1,6,6,3,-1,-1,1598,1,17,MINI ONE,-1,-1,0,-1
2020370929159,2020,370929159,3,9,0,18,19,1,5,0,0,1,0,0,0,0,1,1,1,1,2,54,8,1198,1,4,MINI ONE,7,E01029899,0,-1
2020430367356,2020,430367356,1,9,0,1,1,1,5,0,0,1,0,0,0,0,2,1,6,6,1,45,7,1198,1,4,MINI ONE,-1,-1,0,-1
2020500989670,2020,500989670,1,9,0,18,19,5,1,0,0,1,0,0,0,0,1,1,6,6,2,23,5,1397,1,12,MINI ONE,9,E01020128,0,-1
2020360943381,2020,360943381,1,9,0,7,7,3,5,0,0,4,0,0,0,0,3,1,5,6,1,52,8,1598,2,8,MINI ONE,3,E01026853,0,-1
2020302001490,2020,302001490,2,9,0,18,19,2,6,0,0,0,0,0,0,0,1,1,2,2,2,-1,-1,1598,1,4,MINI ONE,9,E01033168,0,-1
2020140991242,2020,140991242,2,9,0,18,19,6,2,0,0,0,1,0,3,0,1,1,2,2,2,23,5,1598,1,18,MINI ONE,9,E01008156,0,-1
2020170L20920,2020,170L20920,1,9,0,9,9,8,6,0,0,8,0,0,0,0,3,1,6,6,2,29,6,1598,1,12,MINI ONE,6,E01012151,0,-1
2020010274547,2020,010274547,1,9,0,7,7,1,3,0,0,6,0,4,0,0,2,1,6,6,1,24,5,1397,1,13,MINI ONE,9,E01000987,0,-1
2020522003092,2020,522003092,1,9,0,18,19,5,1,0,0,1,0,0,0,0,3,1,6,6,2,80,11,1598,1,6,MINI ONE,8,E01014387,0,-1
2020220977441,2020,220977441,1,9,0,11,11,1,5,0,0,3,0,0,0,0,4,1,6,6,1,34,6,1598,1,17,MINI ONE,6,E01009909,0,-1
2020010254957,2020,010254957,2,9,0,99,99,9,9,99,99,9,9,99,9,99,9,9,6,6,3,35,6,1598,1,5,MINI ONE,7,E01004505,0,-1
2020460981709,2020,460981709,2,9,0,18,19,6,2,0,0,0,1,0,0,0,1,1,5,6,2,21,5,1600,2,9,MINI ONE,6,E01024225,0,-1
2020522100800,2020,522100800,1,9,0,18,19,3,7,0,0,0,0,0,0,0,1,1,6,6,2,63,9,1598,2,8,MINI ONE,8,E01014982,0,-1
2020140944299,2020,140944299,1,9,0,17,19,4,8,0,0,8,5,0,0,0,3,1,2,2,2,31,6,1598,1,6,MINI ONE,8,E01007599,0,-1
2020370967789,2020,370967789,1,9,0,18,19,5,1,0,0,0,5,10,7,11,4,1,5,6,1,22,5,1598,1,17,MINI ONE,5,E01026648,0,-1
2020370980605,2020,370980605,2,9,0,7,7,1,3,0,0,0,0,0,0,0,2,1,1,1,2,25,5,1598,1,14,MINI ONE,7,E01030243,0,-1
2020450965522,2020,450965522,2,9,0,18,19,8,4,0,0,0,0,0,7,4,1,1,5,6,2,17,4,1397,1,13,MINI ONE,10,E01030866,0,-1
2020070118340,2020,070118340,2,9,0,3,3,3,7,0,0,0,0,0,0,0,2,1,1,1,2,45,7,1364,2,17,MINI ONE,8,W01000310,0,-1
2020320051742,2020,320051742,1,9,0,18,19,7,3,0,0,0,2,0,7,0,1,1,6,6,2,22,5,1598,1,15,MINI ONE,6,E01026380,0,-1
2020470953387,2020,470953387,1,9,0,18,19,8,4,0,0,0,0,0,0,0,1,1,6,6,1,17,4,1598,1,15,MINI ONE,6,E01021054,0,-1
20201376G1765,2020,1376G1765,1,9,0,4,4,7,3,0,0,0,0,0,0,0,1,1,6,6,2,20,4,1397,1,11,MINI ONE,5,E01010651,0,-1
2020010263807,2020,010263807,2,9,0,99,99,9,9,99,99,0,9,99,9,99,3,9,6,6,3,-1,-1,1198,1,6,MINI ONE,2,E01004718,0,-1
2020450953413,2020,450953413,1,9,0,2,2,1,5,0,0,5,0,0,0,0,4,1,5,6,2,19,4,1364,2,16,MINI ONE,5,E01030981,0,-1
2020010254509,2020,010254509,2,9,0,4,4,1,5,0,0,1,0,0,0,0,1,1,6,6,2,51,8,1598,1,15,MINI ONE,9,E01001096,0,-1
2020500998650,2020,500998650,2,9,0,17,19,7,3,0,0,0,0,0,0,0,1,1,2,2,2,57,9,1598,1,8,MINI ONE,5,E01020077,0,-1
2020201004549,2020,201004549,1,9,0,18,19,3,7,0,0,0,1,0,0,0,3,1,6,6,1,34,6,1598,1,16,MINI ONE,2,E01009999,0,-1
2020200963611,2020,200963611,2,9,0,10,10,8,5,0,0,8,0,0,0,0,0,1,6,6,1,25,5,1198,1,5,MINI ONE,7,E01009189,0,-1
2020137691782,2020,137691782,1,9,0,18,19,6,2,0,0,0,0,0,7,11,1,1,6,6,1,43,7,1598,1,17,MINI ONE,1,E01011869,0,-1
2020010269132,2020,010269132,1,9,0,99,99,9,9,99,99,9,9,99,9,99,1,9,6,6,2,31,6,1598,1,7,MINI ONE,4,E01001252,0,-1
2020522002973,2020,522002973,2,9,0,18,19,4,8,0,0,1,0,0,0,0,1,1,6,6,2,30,6,1598,1,7,MINI ONE,-1,-1,0,-1
2020010267187,2020,010267187,2,9,0,9,9,7,5,0,0,5,0,0,0,0,3,1,6,6,1,36,7,1397,1,13,MINI ONE,5,E01001350,0,-1
2020010250345,2020,010250345,1,9,0,99,99,9,9,99,99,9,9,99,9,99,1,9,6,6,2,33,6,1598,1,6,MINI ONE,4,E01000997,0,-1
2020170S41220,2020,170S41220,2,9,0,4,4,4,8,0,0,4,0,0,0,0,2,1,6,6,2,20,4,1198,1,5,MINI ONE,9,E01027597,0,-1
2020010272811,2020,010272811,2,9,0,99,99,9,9,99,99,9,9,99,9,99,1,1,6,6,3,-1,-1,1598,1,14,MINI ONE,-1,-1,0,-1
2020547066620,2020,547066620,2,9,0,7,7,5,7,0,0,0,0,0,0,0,4,1,6,6,2,53,8,1598,1,7,MINI ONE,8,E01031940,0,-1
2020010241087,2020,010241087,2,9,0,99,99,9,9,99,99,9,9,99,9,99,2,9,6,6,2,-1,-1,1598,1,14,MINI ONE,1,E01001483,0,-1
2020100997095,2020,100997095,1,9,0,18,19,2,6,0,0,0,0,0,0,0,1,1,5,6,2,23,5,1198,1,5,MINI ONE,8,E01027356,0,-1
2020990937354,2020,990937354,2,9,0,18,19,4,8,0,0,8,0,0,0,0,4,1,5,6,2,20,4,1198,1,3,MINI ONE,9,-1,0,-1
2020450998104,2020,450998104,1,9,0,3,3,1,7,0,0,0,0,0,0,0,4,1,2,2,2,60,9,1198,1,6,MINI ONE,10,E01030899,0,-1
2020990965514,2020,990965514,1,9,0,4,4,2,6,0,0,1,0,0,0,0,1,1,5,6,2,45,7,1598,1,9,MINI ONE,7,-1,0,-1
2020010272893,2020,010272893,1,9,0,9,9,8,5,0,0,5,0,0,0,0,1,1,2,2,2,55,8,1598,1,16,MINI ONE,-1,-1,0,-1
2020430134510,2020,430134510,2,9,0,16,19,8,3,0,0,0,0,0,0,0,1,1,6,6,2,18,4,1198,1,5,MINI ONE,10,E01016333,0,-1
2020432316258,2020,432316258,1,9,0,11,11,5,1,0,0,4,0,0,0,0,4,1,6,6,1,-1,-1,1598,1,17,MINI ONE,-1,-1,0,-1
2020040998956,2020,040998956,2,9,0,18,19,6,2,0,0,0,0,0,0,0,1,1,5,6,1,37,7,1598,1,15,MINI ONE,1,E01025117,0,-1
2020010228570,2020,010228570,1,9,0,99,99,9,9,99,99,9,9,99,9,99,9,9,6,6,1,43,7,1598,1,14,MINI ONE,9,E01023525,0,-1
2020320559393,2020,320559393,1,9,0,18,19,6,2,0,0,4,0,0,0,0,1,1,6,6,2,58,9,1364,2,14,MINI ONE,1,E01026072,0,-1
2020010250003,2020,010250003,1,9,0,18,19,6,2,0,0,8,0,0,0,0,1,1,6,6,2,21,5,1598,1,15,MINI ONE,4,E01002596,0,-1
2020450960307,2020,450960307,2,9,0,18,19,6,2,0,0,0,0,0,0,0,2,1,5,6,2,24,5,1598,1,8,MINI ONE,10,E01022878,0,-1
2020010236026,2020,010236026,1,9,0,18,19,1,5,0,0,8,0,4,0,0,1,1,6,6,1,67,10,1598,1,10,MINI ONE,4,E01003900,0,-1
2020010287024,2020,010287024,2,9,0,2,2,0,0,0,0,2,0,0,0,0,3,1,6,6,3,-1,-1,1598,1,6,MINI ONE,-1,-1,0,-1
20201371P0891,2020,1371P0891,2,9,0,18,19,1,5,0,0,1,0,0,0,0,3,1,6,6,2,35,6,1598,1,14,MINI ONE,-1,-1,0,-1
2020460955040,2020,460955040,2,9,0,7,7,5,7,9,9,0,0,0,0,0,4,1,5,6,2,52,8,1364,2,17,MINI ONE,2,E01024585,0,-1
2020211032173,2020,211032173,4,9,-1,-1,-1,-1,-1,-1,-1,0,-1,-1,-1,0,-1,1,6,6,1,47,8,1598,1,8,MINI ONE,-1,-1,0,-1
2020450925300,2020,450925300,1,9,0,9,9,7,3,0,0,5,0,0,0,0,1,1,5,6,2,33,6,1598,1,10,MINI ONE,4,E01002600,0,-1
2020430400863,2020,430400863,2,9,0,18,19,7,3,0,0,1,0,0,0,0,1,1,6,6,1,-1,-1,1598,1,14,MINI ONE,-1,-1,0,-1
2020302001098,2020,302001098,2,9,0,15,15,4,8,0,0,1,0,0,0,0,1,1,6,6,1,38,7,1598,1,17,MINI ONE,2,E01019543,0,-1
2020010272289,2020,010272289,1,9,0,14,14,6,2,0,0,2,0,0,0,0,1,1,6,6,2,61,9,1598,1,12,MINI ONE,10,E01032759,0,-1
2020360939992,2020,360939992,1,9,0,18,19,3,7,0,0,8,0,0,0,0,1,1,1,1,2,30,6,1598,1,8,MINI ONE,3,E01026632,0,-1
2020622000546,2020,622000546,3,9,0,2,2,0,0,0,0,0,0,0,0,0,0,1,6,6,3,-1,-1,1496,2,5,MINI ONE,-1,-1,0,-1
2020471005655,2020,471005655,2,9,0,17,19,7,7,0,0,1,0,0,0,0,4,1,5,6,2,17,4,1198,1,3,MINI ONE,6,E01031440,0,-1
202063A063820,2020,63A063820,1,9,0,18,19,8,4,0,0,0,0,0,0,0,1,1,6,6,1,39,7,1598,1,18,MINI ONE,7,W01000651,0,-1
2020010265293,2020,010265293,1,9,0,99,99,9,9,99,99,9,9,99,9,99,2,9,2,2,2,26,6,1600,2,9,MINI ONE,2,E01000548,0,-1
202054A967720,2020,54A967720,1,9,0,13,13,3,7,0,0,0,1,0,8,10,3,1,6,6,2,18,4,1397,1,13,MINI ONE,6,E01032078,0,-1
2020461017666,2020,461017666,2,9,0,18,19,1,5,0,0,0,0,0,0,0,1,1,5,6,1,64,9,1397,1,11,MINI ONE,9,E01024808,0,-1
2020420941769,2020,420941769,1,9,0,16,19,8,8,0,0,0,0,0,0,0,1,1,5,6,2,19,4,1598,1,15,MINI ONE,5,E01021962,0,-1
2020460953664,2020,460953664,4,9,0,4,4,1,5,0,0,0,0,0,0,0,1,1,5,6,1,18,4,1598,1,14,MINI ONE,5,E01024478,0,-1
2020340K08142,2020,340K08142,1,9,0,18,19,5,1,0,0,8,0,0,0,0,0,1,6,6,2,28,6,1198,1,5,MINI ONE,3,E01027111,0,-1
2020070048268,2020,070048268,1,9,0,18,19,8,4,0,0,2,0,0,0,0,0,1,6,6,1,85,11,1600,1,9,MINI ONE,5,E01018717,0,-1
2020420932512,2020,420932512,2,9,0,18,19,5,1,0,0,8,0,0,0,0,1,1,6,6,2,65,9,1598,1,15,MINI ONE,2,E01021316,0,-1
2020531002817,2020,531002817,2,9,0,18,19,5,1,0,0,0,0,0,0,0,2,1,1,1,2,50,8,1598,1,8,MINI ONE,10,E01022114,0,-1