collision_index,collision_year,collision_ref_no,vehicle_reference,vehicle_type,towing_and_articulation,vehicle_manoeuvre_historic,vehicle_manoeuvre,vehicle_direction_from,vehicle_direction_to,vehicle_location_restricted_lane_historic,vehicle_location_restricted_lane,junction_location,skidding_and_overturning,hit_object_in_carriageway,vehicle_leaving_carriageway,hit_object_off_carriageway,first_point_of_impact,vehicle_left_hand_drive,journey_purpose_of_driver_historic,journey_purpose_of_driver,sex_of_driver,age_of_driver,age_band_of_driver,engine_capacity_cc,propulsion_code,age_of_vehicle,generic_make_model,driver_imd_decile,lsoa_of_driver,escooter_flag,driver_distance_banding
2020522000906,2020,522000906,1,9,0,18,19,5,1,0,0,0,0,0,0,0,1,1,6,6,1,23,5,1951,2,17,ROVER 75,4,E01014587,0,-1
2020530970540,2020,530970540,1,9,0,18,19,1,5,0,0,0,0,0,0,0,1,1,2,2,1,33,6,1951,2,18,ROVER 75,6,E01022249,0,-1
2020340N07382,2020,340N07382,1,9,0,18,19,1,5,0,0,8,0,0,0,0,1,1,6,6,1,18,4,1951,2,16,ROVER 75,2,E01027314,0,-1
2020461004557,2020,461004557,1,9,0,18,19,1,5,0,0,3,0,0,0,0,1,1,6,6,1,40,7,1951,2,17,ROVER 75,2,E01024249,0,-1
2020100916539,2020,100916539,2,9,0,18,19,1,5,0,0,1,0,0,1,0,1,1,5,6,1,70,10,1951,2,19,ROVER 75,1,E01008400,0,-1
2020520005143,2020,520005143,2,5,0,3,3,6,2,0,0,1,0,0,0,0,1,1,6,6,1,60,9,500,1,-1,-1,8,E01032651,0,-1
2020460984931,2020,460984931,2,5,0,4,4,7,3,0,0,1,1,0,0,0,1,1,5,6,1,-1,-1,1402,1,17,-1,6,E01016134,0,-1
2020110992985,2020,110992985,1,5,0,13,13,5,1,0,0,1,0,0,0,0,1,1,5,6,1,52,8,1402,1,18,-1,4,E01020899,0,-1
2020440231495,2020,440231495,1,5,0,13,13,8,4,0,0,0,1,0,0,0,1,1,6,6,1,37,7,1402,1,12,-1,7,E01023198,0,-1
2020350972249,2020,350972249,1,5,0,13,13,3,7,0,0,0,2,0,1,0,0,1,5,6,1,44,7,1402,1,17,-1,3,E01018090,0,-1
2020040947874,2020,040947874,1,97,0,16,19,3,7,0,0,0,1,0,1,0,1,1,6,6,1,62,9,1402,1,14,-1,8,E01024957,0,-1
2020450968983,2020,450968983,1,97,0,18,19,1,5,0,0,8,0,0,0,0,1,1,6,6,1,40,7,1402,1,17,-1,9,E01030669,0,-1
2020230983186,2020,230983186,1,5,0,18,19,4,8,0,0,8,1,0,0,0,1,1,5,6,1,57,9,1402,1,15,-1,5,E01032264,0,-1
2020320470434,2020,320470434,1,5,0,17,19,6,3,0,0,1,0,0,3,0,1,1,6,6,1,65,9,1402,1,17,-1,5,E01007484,0,-1
2020500978632,2020,500978632,1,5,0,18,19,1,5,0,0,1,1,0,0,0,3,1,6,6,1,58,9,1402,1,18,-1,10,E01020165,0,-1
2020360990728,2020,360990728,2,97,0,18,19,3,7,0,0,1,0,0,0,0,4,1,5,6,1,56,9,1402,1,15,-1,4,E01026790,0,-1
20201371O0637,2020,1371O0637,1,3,0,18,19,7,3,0,0,0,0,0,0,0,0,1,6,6,1,72,10,125,1,4,-1,1,E01010737,0,-1
2020420930628,2020,420930628,1,4,0,13,13,6,2,0,0,8,0,7,0,0,1,1,5,6,1,50,8,278,1,7,-1,3,E01004350,0,-1
2020450926681,2020,450926681,1,9,0,2,2,1,5,0,0,0,0,0,0,0,1,1,5,6,1,40,7,2231,2,7,VAUXHALL ANTARA,5,E01023128,0,-1
202063A069120,2020,63A069120,2,9,0,2,2,0,0,0,0,0,0,0,0,0,1,1,6,6,1,64,9,2231,2,7,VAUXHALL ANTARA,5,W01001925,0,-1
2020430186113,2020,430186113,1,9,0,18,19,4,8,0,0,1,0,0,0,0,1,1,6,6,1,77,11,1991,2,12,VAUXHALL ANTARA,1,E01016844,0,-1
2020210952579,2020,210952579,2,9,0,18,19,7,3,0,0,0,0,0,0,0,1,1,6,6,1,53,8,1991,2,11,VAUXHALL ANTARA,8,E01029819,0,-1
2020100967283,2020,100967283,5,9,0,2,2,6,2,0,0,2,0,0,0,0,4,1,5,6,1,40,7,2231,2,7,VAUXHALL ANTARA,6,E01008206,0,-1
2020200929818,2020,200929818,1,9,0,18,19,3,7,0,0,8,0,0,0,0,1,1,6,6,1,47,8,2231,2,5,VAUXHALL ANTARA,6,E01032266,0,-1
2020360946857,2020,360946857,1,9,0,18,19,1,3,0,0,4,0,0,0,0,1,1,1,1,1,50,8,2231,2,8,VAUXHALL ANTARA,4,E01026864,0,-1
2020622000964,2020,622000964,1,9,0,9,9,2,8,0,0,8,0,0,0,0,3,1,1,1,1,60,9,2231,2,5,VAUXHALL ANTARA,3,W01001018,0,-1
2020320407753,2020,320407753,1,9,0,18,19,7,3,0,0,8,0,0,0,0,1,1,6,6,1,53,8,2231,2,8,VAUXHALL ANTARA,-1,-1,0,-1
2020010270536,2020,010270536,1,9,0,17,19,3,7,0,0,6,0,0,0,0,1,1,6,6,1,53,8,2231,2,8,VAUXHALL ANTARA,6,E01004379,0,-1
2020200948910,2020,200948910,2,9,0,18,19,2,6,0,0,8,0,0,0,0,1,1,6,6,1,50,8,2231,2,8,VAUXHALL ANTARA,2,E01008942,0,-1
2020100955231,2020,100955231,1,9,0,18,19,6,2,0,0,1,0,0,0,0,1,1,5,6,1,51,8,2231,2,7,VAUXHALL ANTARA,2,E01008460,0,-1
2020430353941,2020,430353941,1,9,0,13,13,2,6,0,0,8,0,0,0,0,4,1,6,6,2,49,8,2231,2,7,VAUXHALL ANTARA,6,E01022520,0,-1
2020110922321,2020,110922321,1,9,0,18,19,6,2,0,0,0,0,0,0,0,1,1,5,6,2,40,7,2231,2,8,VAUXHALL ANTARA,1,E01008610,0,-1
2020450916583,2020,450916583,1,9,0,9,9,5,1,0,0,0,0,0,0,0,3,1,5,6,1,81,11,2231,2,6,VAUXHALL ANTARA,5,E01030579,0,-1
202031A166720,2020,31A166720,2,9,0,3,3,1,5,0,0,1,0,0,0,0,2,1,6,6,2,33,6,2231,2,7,VAUXHALL ANTARA,1,E01027951,0,-1
2020320151547,2020,320151547,2,9,0,18,19,7,3,0,0,0,0,0,0,0,2,1,3,7,2,39,7,2231,2,7,VAUXHALL ANTARA,2,E01026094,0,-1
2020340N02382,2020,340N02382,1,9,0,18,19,3,7,0,0,0,0,0,0,0,3,1,6,6,1,61,9,2231,2,7,VAUXHALL ANTARA,2,E01027161,0,-1
202031C018520,2020,31C018520,1,9,0,18,19,5,1,0,0,8,0,0,1,10,1,1,6,6,1,41,7,2231,2,7,VAUXHALL ANTARA,1,E01013940,0,-1
2020544116120,2020,544116120,1,9,0,18,19,7,3,0,0,0,0,0,0,0,1,1,6,6,1,46,8,2231,2,6,VAUXHALL ANTARA,7,E01032015,0,-1
2020302000096,2020,302000096,3,9,0,2,2,0,0,0,0,0,0,4,0,0,2,1,6,6,1,57,9,2231,2,8,VAUXHALL ANTARA,9,E01033534,0,-1
2020990958728,2020,990958728,3,9,0,3,3,8,3,0,0,1,0,0,0,0,2,1,6,6,1,54,8,2231,2,6,VAUXHALL ANTARA,7,-1,0,-1
2020440026891,2020,440026891,2,9,0,2,2,0,0,0,0,0,0,0,0,0,4,1,3,7,3,-1,-1,2231,2,6,VAUXHALL ANTARA,-1,-1,0,-1
2020500994026,2020,500994026,1,9,0,18,19,1,5,0,0,8,0,0,0,0,1,1,6,6,1,66,10,2231,2,5,VAUXHALL ANTARA,3,E01015148,0,-1
2020302001442,2020,302001442,1,9,0,18,19,8,4,0,0,0,0,0,0,0,1,1,6,6,1,69,10,2231,2,7,VAUXHALL ANTARA,2,E01013597,0,-1
2020548841520,2020,548841520,3,9,0,18,19,2,6,0,0,8,0,0,0,0,1,1,6,6,2,33,6,2231,2,7,VAUXHALL ANTARA,4,E01031980,0,-1
2020340N09372,2020,340N09372,1,9,0,18,19,5,1,0,0,0,0,0,0,0,1,1,6,6,1,28,6,2231,2,7,VAUXHALL ANTARA,9,E01027144,0,-1
2020471011640,2020,471011640,1,9,0,9,9,1,7,0,0,8,0,0,0,0,3,1,6,6,1,-1,-1,2231,2,7,VAUXHALL ANTARA,2,E01016905,0,-1
2020461006589,2020,461006589,1,9,0,18,19,1,5,0,0,0,0,0,0,0,1,1,5,6,2,44,7,2231,2,9,VAUXHALL ANTARA,5,E01024640,0,-1
2020302001037,2020,302001037,2,9,0,18,19,3,7,0,0,0,0,0,0,0,2,1,6,6,2,46,8,2231,2,8,VAUXHALL ANTARA,10,E01019848,0,-1
2020470947937,2020,470947937,3,9,0,10,10,6,3,0,0,0,0,0,0,0,2,1,5,6,1,53,8,2231,2,8,VAUXHALL ANTARA,6,E01031658,0,-1
2020440427607,2020,440427607,2,9,0,7,7,1,3,0,0,5,0,0,0,0,2,1,6,6,2,40,7,2231,2,8,VAUXHALL ANTARA,7,E01023179,0,-1
2020010278925,2020,010278925,2,9,0,9,9,7,5,0,0,8,0,0,0,0,1,1,6,6,2,21,5,2231,2,8,VAUXHALL ANTARA,3,E01001516,0,-1
202031B117420,2020,31B117420,2,9,0,18,19,7,4,0,0,8,0,0,1,1,1,1,1,1,1,59,9,2231,2,7,VAUXHALL ANTARA,8,E01007672,0,-1
202031B110320,2020,31B110320,1,9,0,9,9,6,4,0,0,5,0,0,0,0,1,1,6,6,1,33,6,2231,2,8,VAUXHALL ANTARA,6,E01028322,0,-1
2020990983526,2020,990983526,2,9,0,2,2,0,0,0,0,0,0,0,0,0,1,1,5,6,1,40,7,2231,2,7,VAUXHALL ANTARA,2,-1,0,-1
2020010285825,2020,010285825,2,9,0,18,19,1,5,0,0,8,0,0,0,0,1,1,6,6,2,37,7,2231,2,7,VAUXHALL ANTARA,6,E01001059,0,-1
2020137CB1119,2020,137CB1119,1,9,0,4,4,8,4,0,0,0,0,0,0,0,1,1,6,6,1,60,9,2231,2,7,VAUXHALL ANTARA,4,E01007761,0,-1
2020460931466,2020,460931466,1,9,0,4,4,8,4,0,0,0,0,0,0,0,1,1,2,2,2,35,6,2231,2,7,VAUXHALL ANTARA,8,E01024261,0,-1
202031D074920,2020,31D074920,4,9,0,18,19,2,6,0,0,1,0,0,0,0,3,1,6,6,2,50,8,2231,2,8,VAUXHALL ANTARA,7,E01028157,0,-1
2020420925903,2020,420925903,1,9,0,1,1,1,5,9,9,0,0,0,0,0,2,1,6,6,1,72,10,2231,2,7,VAUXHALL ANTARA,5,E01022017,0,-1
2020440241945,2020,440241945,1,9,0,9,9,7,5,0,0,8,0,0,0,0,1,1,6,6,2,33,6,2231,2,8,VAUXHALL ANTARA,2,E01022820,0,-1
2020610038520,2020,610038520,2,9,0,5,5,1,5,0,0,4,1,9,0,0,3,1,6,6,1,59,9,2231,2,8,VAUXHALL ANTARA,4,W01001433,0,-1
2020990980807,2020,990980807,4,9,0,3,3,6,2,0,0,0,0,0,0,0,2,1,6,6,2,53,8,2231,2,7,VAUXHALL ANTARA,10,-1,0,-1
2020201032876,2020,201032876,2,9,0,7,7,5,7,0,0,1,0,0,0,0,2,1,6,6,2,70,10,1991,2,11,VAUXHALL ANTARA,5,E01028834,0,-1
202031D094520,2020,31D094520,1,9,0,18,19,1,5,0,0,0,1,0,0,0,1,1,1,1,1,44,7,2231,2,7,VAUXHALL ANTARA,7,E01028207,0,-1
2020010252556,2020,010252556,1,9,0,18,19,2,6,0,0,1,0,0,0,0,3,1,6,6,1,48,8,2231,2,8,VAUXHALL ANTARA,4,E01023861,0,-1
2020201019087,2020,201019087,1,9,0,18,19,4,8,0,0,4,0,0,0,0,1,1,6,6,1,29,6,2231,2,6,VAUXHALL ANTARA,5,E01010306,0,-1
2020010262050,2020,010262050,3,9,0,18,19,1,5,9,9,1,0,10,7,0,1,1,6,6,1,62,9,1991,2,13,VAUXHALL ANTARA,2,E01003304,0,-1
2020360979585,2020,360979585,2,9,0,4,4,-1,-1,0,0,0,0,0,0,0,0,1,5,6,2,31,6,1991,2,11,VAUXHALL ANTARA,7,E01026536,0,-1
2020040978175,2020,040978175,1,9,0,18,19,3,7,0,0,0,0,0,0,0,1,1,6,6,2,39,7,2231,2,4,VAUXHALL ANTARA,3,E01012606,0,-1
2020990974372,2020,990974372,2,9,0,18,19,3,7,0,0,0,0,0,0,0,4,1,5,6,2,54,8,2231,2,8,VAUXHALL ANTARA,1,-1,0,-1
2020440164521,2020,440164521,1,9,0,18,19,7,3,0,0,0,0,0,0,0,1,1,1,1,2,36,7,2231,2,6,VAUXHALL ANTARA,6,E01022657,0,-1
2020350939549,2020,350939549,1,9,0,18,19,8,4,0,0,2,0,0,0,0,1,1,6,6,2,60,9,2231,2,7,VAUXHALL ANTARA,3,E01018087,0,-1
2020320148360,2020,320148360,3,9,0,2,2,0,0,0,0,0,0,0,0,0,0,1,6,6,1,52,8,2231,2,7,VAUXHALL ANTARA,1,E01013205,0,-1
2020990969775,2020,990969775,1,9,0,9,9,8,6,0,0,8,0,0,0,0,1,1,5,6,1,30,6,2231,2,7,VAUXHALL ANTARA,9,-1,0,-1
2020122000733,2020,122000733,2,9,0,6,6,7,7,0,0,0,0,0,0,0,3,1,1,1,2,30,6,2231,2,5,VAUXHALL ANTARA,2,E01027812,0,-1
2020420974775,2020,420974775,2,9,0,18,19,5,1,0,0,0,0,0,0,0,1,1,6,6,1,39,7,2231,2,7,VAUXHALL ANTARA,4,E01021820,0,-1
2020010280576,2020,010280576,2,9,0,18,19,8,4,0,0,1,0,0,0,0,1,1,6,6,1,-1,-1,2231,2,7,VAUXHALL ANTARA,3,E01000737,0,-1
2020140925674,2020,140925674,1,9,0,4,4,1,5,0,0,0,0,0,0,0,2,1,5,6,1,27,6,1991,2,12,VAUXHALL ANTARA,4,E01007445,0,-1
2020430090332,2020,430090332,3,9,0,18,19,7,5,0,0,8,0,0,0,0,1,1,6,6,2,29,6,2231,2,6,VAUXHALL ANTARA,10,E01028606,0,-1
2020320025630,2020,320025630,1,9,0,18,19,5,1,0,0,0,5,0,7,9,1,1,6,6,2,21,5,1999,1,9,-1,7,E01026240,0,-1
2020010263439,2020,010263439,1,9,0,7,7,5,8,5,5,2,0,0,0,0,3,1,6,6,1,32,6,1560,2,7,-1,7,E01030402,0,-1
2020110983947,2020,110983947,2,9,0,18,19,6,2,0,0,1,2,0,1,11,4,1,2,2,1,56,9,1999,1,9,-1,7,E01020854,0,-1
2020110973074,2020,110973074,2,9,0,2,2,0,0,0,0,0,0,0,0,0,1,1,6,6,2,31,6,1999,1,7,-1,3,E01020674,0,-1
202006Q173711,2020,06Q173711,3,9,0,7,7,4,6,0,0,1,0,0,0,0,3,1,6,6,2,30,6,1999,1,7,-1,2,E01005389,0,-1
2020430310600,2020,430310600,2,9,0,18,19,7,3,0,0,0,0,0,0,0,1,1,6,6,1,77,11,1999,1,7,-1,-1,-1,0,-1
2020990972807,2020,990972807,1,9,0,9,9,5,3,0,0,8,0,0,0,0,1,1,6,6,2,26,6,1560,2,7,-1,1,-1,0,-1
2020470994404,2020,470994404,1,3,0,18,19,1,5,0,0,0,1,0,0,0,4,1,5,6,1,28,6,125,1,0,-1,6,E01031801,0,-1
2020010264833,2020,010264833,1,11,0,4,4,3,7,0,0,1,0,0,0,0,1,1,1,1,1,31,6,4500,2,6,ALEXANDER DENNIS Model Missing,2,E01004460,0,-1
2020010266776,2020,010266776,2,11,0,7,7,5,7,0,0,8,0,0,0,0,4,1,1,1,1,46,8,6700,2,11,ALEXANDER DENNIS Model Missing,4,E01003919,0,-1
2020100967040,2020,100967040,1,11,0,4,4,3,7,0,0,0,0,0,0,0,1,1,1,1,2,43,7,6700,2,9,ALEXANDER DENNIS Model Missing,4,E01008361,0,-1
2020010239121,2020,010239121,1,11,0,18,19,5,1,0,0,1,0,0,0,0,1,1,1,1,1,46,8,4500,2,2,ALEXANDER DENNIS Model Missing,-1,-1,0,-1
2020460960066,2020,460960066,1,11,0,18,19,8,4,0,0,2,0,0,0,0,4,1,1,1,1,62,9,6700,2,1,ALEXANDER DENNIS Model Missing,3,E01024715,0,-1
2020010245427,2020,010245427,1,11,0,5,5,3,7,0,0,8,0,0,0,0,4,1,6,6,1,43,7,4500,2,3,ALEXANDER DENNIS Model Missing,-1,-1,0,-1
2020141006558,2020,141006558,1,11,0,18,19,0,0,2,2,4,0,0,0,0,4,1,1,1,1,60,9,4461,2,7,ALEXANDER DENNIS Model Missing,-1,-1,0,-1
2020010268652,2020,010268652,1,11,0,15,15,2,6,0,0,0,0,0,0,0,1,1,1,1,2,60,9,4500,2,4,ALEXANDER DENNIS Model Missing,6,E01024266,0,-1
2020160946011,2020,160946011,1,11,0,4,4,7,3,0,0,1,0,0,0,0,0,1,1,1,1,37,7,8268,2,14,ALEXANDER DENNIS Model Missing,1,E01012806,0,-1
2020010234228,2020,010234228,1,11,0,18,19,8,4,0,0,1,0,0,0,0,1,1,1,1,1,50,8,4500,2,2,ALEXANDER DENNIS Model Missing,2,E01001660,0,-1
2020010272783,2020,010272783,2,11,0,18,19,5,1,0,0,8,0,0,0,0,1,1,1,1,1,41,7,6700,2,9,ALEXANDER DENNIS Model Missing,4,E01003492,0,-1
2020010273784,2020,010273784,2,11,0,5,5,0,5,0,0,1,0,0,0,0,1,1,1,1,1,49,8,4500,2,4,ALEXANDER DENNIS Model Missing,5,E01003413,0,-1
2020231001817,2020,231001817,1,11,0,18,19,7,3,0,0,0,0,0,0,0,3,1,1,1,1,43,7,6696,2,7,ALEXANDER DENNIS Model Missing,2,E01033623,0,-1
2020100996610,2020,100996610,2,11,0,5,5,1,5,0,0,3,0,0,0,0,1,1,1,1,1,24,5,6700,2,10,ALEXANDER DENNIS Model Missing,6,E01008381,0,-1
2020010286933,2020,010286933,1,11,0,18,19,7,3,0,0,1,0,0,0,0,0,1,1,1,1,45,7,4500,2,2,ALEXANDER DENNIS Model Missing,9,E01002535,0,-1
2020010229918,2020,010229918,2,11,0,99,99,9,9,99,99,9,9,99,9,99,1,9,6,6,3,-1,-1,4500,2,12,ALEXANDER DENNIS Model Missing,-1,-1,0,-1
2020010257572,2020,010257572,1,11,0,17,19,7,3,0,0,1,0,0,0,0,0,1,1,1,1,31,6,4500,2,10,ALEXANDER DENNIS Model Missing,2,E01000600,0,-1
2020010265186,2020,010265186,2,11,0,4,4,3,7,0,0,1,0,0,0,0,2,1,1,1,1,70,10,4500,2,9,ALEXANDER DENNIS Model Missing,5,E01000194,0,-1
2020100915087,2020,100915087,1,11,0,18,19,7,3,0,0,1,0,0,0,0,0,1,1,1,2,55,8,6700,2,4,ALEXANDER DENNIS Model Missing,1,E01008297,0,-1
2020101000831,2020,101000831,2,11,0,4,4,1,7,0,0,1,0,0,0,0,1,1,1,1,1,60,9,6700,2,12,ALEXANDER DENNIS Model Missing,-1,-1,0,-1
2020010230000,2020,010230000,2,11,0,3,3,5,1,0,0,0,0,0,1,0,2,1,6,6,3,-1,-1,4500,2,6,ALEXANDER DENNIS Model Missing,-1,-1,0,-1
2020200935485,2020,200935485,2,11,0,18,19,2,6,0,0,1,0,0,0,0,4,1,1,1,1,39,7,6696,2,7,ALEXANDER DENNIS Model Missing,1,E01009155,0,-1
2020010245747,2020,010245747,1,11,0,5,5,0,1,0,0,1,0,0,0,0,0,1,1,1,1,45,7,4500,2,5,ALEXANDER DENNIS Model Missing,6,E01003398,0,-1
2020200949271,2020,200949271,2,11,0,18,19,5,1,0,0,0,0,0,0,0,1,1,2,2,1,56,9,6700,2,1,ALEXANDER DENNIS Model Missing,-1,-1,0,-1
2020522100789,2020,522100789,1,11,0,18,19,6,2,0,0,8,0,0,0,0,0,1,6,6,1,47,8,6696,2,7,ALEXANDER DENNIS Model Missing,2,E01014828,0,-1
2020990937012,2020,990937012,3,11,0,18,19,7,3,0,0,0,0,0,0,0,0,1,1,1,1,57,9,6700,2,1,ALEXANDER DENNIS Model Missing,1,-1,0,-1
2020010265488,2020,010265488,1,11,0,18,19,1,5,0,0,2,0,0,0,0,4,1,6,6,1,62,9,6700,2,2,ALEXANDER DENNIS Model Missing,1,E01024615,0,-1
2020480256949,2020,480256949,3,11,0,18,19,7,3,0,0,1,0,0,0,0,0,1,1,1,1,34,6,6700,2,0,ALEXANDER DENNIS Model Missing,2,E01004295,0,-1
2020500936840,2020,500936840,1,11,0,18,19,4,8,0,0,0,0,0,0,0,4,1,1,1,1,59,9,4500,2,9,ALEXANDER DENNIS Model Missing,7,E01020027,0,-1
2020360983686,2020,360983686,1,11,0,18,19,7,3,0,0,1,0,0,0,0,1,1,1,1,1,65,9,6696,2,5,ALEXANDER DENNIS Model Missing,5,E01026770,0,-1
2020010280954,2020,010280954,1,11,0,7,7,1,4,0,0,5,0,0,0,0,0,1,6,6,1,64,9,4500,2,2,ALEXANDER DENNIS Model Missing,-1,-1,0,-1
2020460984088,2020,460984088,1,11,0,18,19,3,7,0,0,0,0,0,0,0,1,1,6,6,1,-1,-1,4500,2,3,ALEXANDER DENNIS Model Missing,3,E01016046,0,-1
2020010245675,2020,010245675,1,11,0,18,19,5,1,0,0,8,0,0,0,0,1,1,1,1,1,61,9,4500,2,1,ALEXANDER DENNIS Model Missing,3,E01033594,0,-1
2020370937698,2020,370937698,2,11,0,18,19,5,1,0,0,8,0,0,0,0,0,1,1,1,1,28,6,4461,2,7,ALEXANDER DENNIS Model Missing,1,E01030035,0,-1
2020010262395,2020,010262395,1,11,0,18,19,1,5,2,2,1,0,0,1,0,4,1,1,1,1,57,9,4500,2,2,ALEXANDER DENNIS Model Missing,7,E01000573,0,-1
2020010278213,2020,010278213,1,11,0,5,5,3,7,2,2,0,0,0,0,0,0,1,1,1,1,40,7,4500,2,6,ALEXANDER DENNIS Model Missing,3,E01000092,0,-1
2020010238398,2020,010238398,1,11,0,4,4,5,1,0,0,2,0,0,0,0,0,1,1,1,1,44,7,4500,2,3,ALEXANDER DENNIS Model Missing,4,E01032782,0,-1
2020010254676,2020,010254676,1,11,0,3,3,7,3,0,0,7,0,0,0,0,0,1,1,1,1,38,7,4500,2,10,ALEXANDER DENNIS Model Missing,9,E01016103,0,-1
202031A004120,2020,31A004120,1,11,0,5,5,4,8,0,0,0,0,0,0,0,0,1,1,1,1,56,9,6696,2,6,ALEXANDER DENNIS Model Missing,2,E01028234,0,-1
2020010234915,2020,010234915,2,11,0,2,2,0,0,2,2,1,0,0,0,0,0,1,6,6,3,-1,-1,4500,2,3,ALEXANDER DENNIS Model Missing,-1,-1,0,-1
202006E371131,2020,06E371131,2,11,0,18,19,3,7,0,0,0,0,0,0,0,1,1,1,1,1,59,9,6700,2,5,ALEXANDER DENNIS Model Missing,1,E01005074,0,-1
2020010260415,2020,010260415,1,11,0,3,3,5,1,2,2,0,0,0,0,0,0,1,1,1,2,39,7,4500,2,4,ALEXANDER DENNIS Model Missing,4,E01003043,0,-1
2020622000683,2020,622000683,2,11,0,18,19,6,2,0,0,8,0,0,0,0,1,1,1,1,1,65,9,4461,2,6,ALEXANDER DENNIS Model Missing,1,W01001300,0,-1
2020470994714,2020,470994714,1,11,0,4,4,5,1,2,2,0,0,0,0,0,0,1,1,1,1,56,9,4500,2,1,ALEXANDER DENNIS Model Missing,2,E01016955,0,-1
2020010273195,2020,010273195,1,11,0,5,5,0,1,2,2,0,0,0,0,0,0,1,1,1,1,32,6,6700,2,11,ALEXANDER DENNIS Model Missing,3,E01004350,0,-1
2020010273634,2020,010273634,1,11,0,5,5,4,8,0,0,8,0,0,0,0,3,1,6,6,1,-1,-1,6700,2,8,ALEXANDER DENNIS Model Missing,-1,-1,0,-1
2020990996404,2020,990996404,1,11,0,18,19,1,7,0,0,8,0,0,0,0,1,1,1,1,1,60,9,6700,2,5,ALEXANDER DENNIS Model Missing,1,-1,0,-1
2020010251310,2020,010251310,2,11,0,18,19,5,1,0,0,8,0,0,0,0,1,1,1,1,1,20,4,4500,2,10,ALEXANDER DENNIS Model Missing,-1,-1,0,-1
2020010244799,2020,010244799,1,11,0,99,99,9,9,99,99,1,9,99,9,99,9,9,6,6,1,34,6,6700,2,11,ALEXANDER DENNIS Model Missing,3,E01000081,0,-1
202054B894720,2020,54B894720,1,11,0,17,19,5,3,0,0,1,0,10,1,0,1,1,1,1,1,48,8,4500,2,8,ALEXANDER DENNIS Model Missing,7,E01015568,0,-1
2020052000827,2020,052000827,2,11,0,18,19,5,1,0,0,1,0,0,0,0,1,1,1,1,1,53,8,6696,2,5,ALEXANDER DENNIS Model Missing,1,E01007012,0,-1
2020010275058,2020,010275058,1,11,0,8,8,3,6,0,0,1,0,0,0,0,1,1,1,1,1,44,7,6700,2,11,ALEXANDER DENNIS Model Missing,3,E01002532,0,-1
2020010279067,2020,010279067,1,11,0,18,19,1,5,0,0,0,0,11,0,0,3,1,1,1,1,46,8,4500,2,8,ALEXANDER DENNIS Model Missing,2,E01001754,0,-1
2020340C09192,2020,340C09192,1,11,0,18,19,1,5,0,0,0,0,11,0,0,1,1,1,1,1,54,8,3900,2,14,ALEXANDER DENNIS Model Missing,3,E01026969,0,-1
2020010259626,2020,010259626,2,11,0,9,9,1,6,0,0,6,0,0,0,0,4,1,1,1,1,57,9,4500,2,10,ALEXANDER DENNIS Model Missing,7,E01001346,0,-1
2020010243762,2020,010243762,1,11,0,18,19,5,1,0,0,1,0,0,0,0,1,1,1,1,1,39,7,6700,2,9,ALEXANDER DENNIS Model Missing,5,E01003359,0,-1
2020010237379,2020,010237379,1,11,0,4,4,3,7,0,0,1,0,0,0,0,0,2,1,1,1,27,6,4500,2,6,ALEXANDER DENNIS Model Missing,5,E01001632,0,-1
2020010260718,2020,010260718,2,11,0,18,19,5,1,0,0,6,0,0,0,0,3,1,1,1,1,35,6,4500,2,2,ALEXANDER DENNIS Model Missing,2,E01000603,0,-1
2020990939650,2020,990939650,3,11,0,2,2,8,4,0,0,0,0,0,0,0,0,1,1,1,1,51,8,6700,2,5,ALEXANDER DENNIS Model Missing,5,-1,0,-1
2020052001894,2020,052001894,1,11,0,18,19,7,3,0,0,0,0,0,0,0,1,1,1,1,1,44,7,4500,2,12,ALEXANDER DENNIS Model Missing,2,E01007271,0,-1
2020200921582,2020,200921582,1,11,0,18,19,-1,-1,0,0,0,0,10,0,0,4,1,1,1,1,-1,-1,6696,2,7,ALEXANDER DENNIS Model Missing,-1,-1,0,-1
2020010269840,2020,010269840,2,11,0,4,4,2,6,2,2,1,0,0,0,0,0,1,1,1,1,58,9,6700,2,8,ALEXANDER DENNIS Model Missing,2,E01003497,0,-1
2020100927141,2020,100927141,1,11,0,5,5,2,6,0,0,1,0,0,0,0,0,1,1,1,1,58,9,6696,2,6,ALEXANDER DENNIS Model Missing,2,E01033716,0,-1