collision_index,collision_year,collision_ref_no,vehicle_reference,vehicle_type,towing_and_articulation,vehicle_manoeuvre_historic,vehicle_manoeuvre,vehicle_direction_from,vehicle_direction_to,vehicle_location_restricted_lane_historic,vehicle_location_restricted_lane,junction_location,skidding_and_overturning,hit_object_in_carriageway,vehicle_leaving_carriageway,hit_object_off_carriageway,first_point_of_impact,vehicle_left_hand_drive,journey_purpose_of_driver_historic,journey_purpose_of_driver,sex_of_driver,age_of_driver,age_band_of_driver,engine_capacity_cc,propulsion_code,age_of_vehicle,generic_make_model,driver_imd_decile,lsoa_of_driver,escooter_flag,driver_distance_banding
2020010234674,2020,010234674,1,11,0,18,19,1,5,0,0,0,0,11,0,0,1,1,1,1,1,28,6,4500,2,1,ALEXANDER DENNIS Model Missing,3,E01001981,0,-1
2020010272193,2020,010272193,2,11,0,99,99,9,9,99,99,0,9,99,9,99,3,9,6,6,3,36,7,4500,2,3,ALEXANDER DENNIS Model Missing,6,E01001016,0,-1
2020010272533,2020,010272533,1,11,0,4,4,5,1,2,2,8,0,0,0,0,0,1,1,1,1,64,9,6700,2,12,ALEXANDER DENNIS Model Missing,1,E01001052,0,-1
2020010262694,2020,010262694,1,11,0,18,19,7,3,0,0,8,0,0,0,0,4,1,6,6,1,61,9,6700,2,8,ALEXANDER DENNIS Model Missing,2,E01000015,0,-1
2020480947552,2020,480947552,1,11,0,4,4,5,1,0,0,0,0,0,0,0,1,1,1,1,1,71,10,4500,2,8,ALEXANDER DENNIS Model Missing,3,E01003136,0,-1
2020360939543,2020,360939543,1,11,0,18,19,2,6,0,0,0,0,0,0,0,1,1,1,1,1,60,9,6696,2,7,ALEXANDER DENNIS Model Missing,4,E01026706,0,-1
2020010278836,2020,010278836,1,11,0,3,3,1,5,0,0,2,0,0,0,0,0,1,1,1,1,48,8,4500,2,9,ALEXANDER DENNIS Model Missing,5,E01003415,0,-1
2020990929618,2020,990929618,1,11,0,9,9,6,3,0,0,8,0,0,0,0,1,1,1,1,1,43,7,4500,2,9,ALEXANDER DENNIS Model Missing,1,-1,0,-1
2020010264961,2020,010264961,2,11,0,9,9,1,7,0,0,1,0,0,0,0,0,1,1,1,1,60,9,6700,2,0,ALEXANDER DENNIS Model Missing,2,E01032765,0,-1
2020010241593,2020,010241593,1,11,0,99,99,9,9,99,99,1,9,99,9,99,1,9,6,6,1,31,6,6700,2,9,ALEXANDER DENNIS Model Missing,2,E01003689,0,-1
202006Q176718,2020,06Q176718,1,11,0,16,19,4,7,0,0,1,0,0,0,0,1,1,1,1,1,42,7,6700,2,8,ALEXANDER DENNIS Model Missing,1,E01005472,0,-1
2020010278083,2020,010278083,1,11,0,9,9,1,6,0,0,1,0,0,0,0,0,1,1,1,1,55,8,6700,2,11,ALEXANDER DENNIS Model Missing,2,E01004740,0,-1
2020010242949,2020,010242949,1,11,0,18,19,5,1,0,0,0,0,0,0,0,0,1,1,1,1,49,8,4500,2,9,ALEXANDER DENNIS Model Missing,1,E01003488,0,-1
2020010241934,2020,010241934,1,11,0,18,19,7,3,0,0,0,0,0,0,0,4,1,1,1,1,55,8,4500,2,9,ALEXANDER DENNIS Model Missing,6,E01032567,0,-1
2020010275300,2020,010275300,1,11,0,18,19,5,1,2,2,8,0,0,0,0,0,1,1,1,1,34,6,4500,2,4,ALEXANDER DENNIS Model Missing,3,E01003099,0,-1
2020170S11730,2020,170S11730,1,11,0,18,19,1,6,0,0,1,0,0,0,0,1,1,1,1,1,52,8,6696,2,5,ALEXANDER DENNIS Model Missing,-1,-1,0,-1
2020470937391,2020,470937391,2,11,0,18,19,1,5,0,0,2,0,0,0,0,0,2,1,1,1,49,8,6700,2,10,ALEXANDER DENNIS Model Missing,2,E01016906,0,-1
2020470957400,2020,470957400,2,11,0,11,11,6,3,0,0,0,0,0,0,0,4,1,1,1,1,66,10,6700,2,2,ALEXANDER DENNIS Model Missing,6,E01031342,0,-1
2020010248196,2020,010248196,3,11,0,3,3,1,5,0,0,2,0,0,0,0,1,1,1,1,1,64,9,6700,2,8,ALEXANDER DENNIS Model Missing,8,E01002340,0,-1
2020990976272,2020,990976272,3,11,0,8,8,8,2,0,0,1,0,0,0,0,3,1,1,1,2,63,9,4500,2,4,ALEXANDER DENNIS Model Missing,10,-1,0,-1
2020360982305,2020,360982305,2,11,0,18,19,5,1,0,0,0,0,0,0,0,1,1,1,1,1,60,9,3900,2,15,ALEXANDER DENNIS Model Missing,1,E01026595,0,-1
2020010238380,2020,010238380,2,11,9,99,99,9,9,0,0,6,0,0,0,0,1,1,6,6,1,48,8,4500,2,2,ALEXANDER DENNIS Model Missing,2,E01001191,0,-1
2020010267851,2020,010267851,3,11,0,99,99,9,9,0,0,0,0,0,0,0,4,9,6,6,3,-1,-1,6700,2,11,ALEXANDER DENNIS Model Missing,-1,-1,0,-1
2020010261838,2020,010261838,1,11,0,5,5,3,7,0,0,0,0,99,0,0,0,1,1,1,1,-1,-1,4500,2,4,ALEXANDER DENNIS Model Missing,4,E01003117,0,-1
2020440049717,2020,440049717,1,11,0,18,19,7,3,0,0,1,0,0,0,0,1,1,1,1,1,52,8,6696,2,4,ALEXANDER DENNIS Model Missing,3,E01017347,0,-1
2020460932066,2020,460932066,2,11,0,4,4,8,4,0,0,2,0,0,0,0,2,1,1,1,1,37,7,8300,2,14,ALEXANDER DENNIS Model Missing,1,E01024507,0,-1
2020010261474,2020,010261474,1,11,0,18,19,7,3,0,0,0,0,0,0,0,4,1,1,1,1,55,8,4500,2,4,ALEXANDER DENNIS Model Missing,6,E01002974,0,-1
2020201017380,2020,201017380,1,11,0,18,19,2,6,0,0,8,0,0,0,0,1,1,1,1,1,33,6,4461,2,8,ALEXANDER DENNIS Model Missing,1,E01009893,0,-1
2020548124120,2020,548124120,2,11,0,18,19,3,7,0,0,1,0,0,0,0,4,1,6,6,1,33,6,6700,2,0,ALEXANDER DENNIS Model Missing,8,E01032704,0,-1
2020040958484,2020,040958484,1,11,0,4,4,3,7,0,0,0,0,0,0,0,0,1,1,1,1,39,7,6696,2,7,ALEXANDER DENNIS Model Missing,1,E01025286,0,-1
2020010248782,2020,010248782,1,11,0,4,4,8,4,2,2,0,0,0,0,0,0,1,1,1,2,46,8,4500,2,12,ALEXANDER DENNIS Model Missing,7,E01000314,0,-1
2020480954956,2020,480954956,1,11,0,9,9,1,7,0,0,8,0,0,0,0,1,1,1,1,1,51,8,4500,2,4,ALEXANDER DENNIS Model Missing,7,E01003396,0,-1
2020010255023,2020,010255023,1,11,0,16,19,1,5,0,0,7,0,0,0,0,0,1,1,1,1,41,7,6696,2,7,ALEXANDER DENNIS Model Missing,2,E01033737,0,-1
2020302000185,2020,302000185,1,11,0,18,19,2,6,0,0,0,0,0,0,0,1,1,1,1,2,38,7,3900,2,13,ALEXANDER DENNIS Model Missing,7,E01019553,0,-1
2020052001140,2020,052001140,2,11,0,18,19,7,3,0,0,0,0,0,0,0,4,1,1,1,1,59,9,6696,2,5,ALEXANDER DENNIS Model Missing,4,E01006893,0,-1
2020100924869,2020,100924869,2,11,0,18,19,3,7,0,0,1,0,0,0,0,0,1,1,1,1,52,8,6700,2,0,ALEXANDER DENNIS Model Missing,6,E01008354,0,-1
2020010231693,2020,010231693,1,11,0,18,19,1,5,2,2,0,0,0,0,0,4,1,1,1,1,51,8,6700,2,11,ALEXANDER DENNIS Model Missing,10,E01023567,0,-1
2020010257401,2020,010257401,1,11,0,99,99,9,9,99,99,9,9,99,9,99,1,9,6,6,3,42,7,6696,2,7,ALEXANDER DENNIS Model Missing,6,E01001678,0,-1
2020160943569,2020,160943569,1,11,0,18,19,7,3,0,0,8,0,0,0,0,0,1,1,1,1,39,7,4461,2,6,ALEXANDER DENNIS Model Missing,1,E01013139,0,-1
2020010232602,2020,010232602,2,11,0,5,5,1,5,0,0,2,0,0,0,0,3,1,1,1,1,25,5,4500,2,2,ALEXANDER DENNIS Model Missing,4,E01000124,0,-1
2020470990771,2020,470990771,1,11,0,18,19,7,3,0,0,8,0,0,0,0,1,1,6,6,2,60,9,6700,2,2,ALEXANDER DENNIS Model Missing,3,E01031787,0,-1
2020010279149,2020,010279149,1,11,0,5,5,5,1,0,0,2,0,0,0,0,2,1,1,1,1,31,6,4500,2,5,ALEXANDER DENNIS Model Missing,7,E01004510,0,-1
2020010262205,2020,010262205,2,11,0,3,3,1,5,2,2,0,0,0,0,0,0,1,1,1,1,38,7,4500,2,3,ALEXANDER DENNIS Model Missing,4,E01002519,0,-1
2020100990561,2020,100990561,1,11,0,4,4,7,3,2,2,0,0,0,0,0,0,1,1,1,1,55,8,6700,2,12,ALEXANDER DENNIS Model Missing,-1,-1,0,-1
2020200934038,2020,200934038,2,11,0,9,9,6,5,0,0,8,0,0,0,0,1,1,1,1,1,45,7,6700,2,12,ALEXANDER DENNIS Model Missing,2,E01009985,0,-1
2020470983756,2020,470983756,1,11,0,5,5,2,6,0,0,0,0,0,0,0,0,1,1,1,1,40,7,6700,2,12,ALEXANDER DENNIS Model Missing,1,E01020992,0,-1
2020140948014,2020,140948014,2,11,0,18,19,8,4,0,0,1,0,0,0,0,3,1,1,1,1,47,8,6696,2,6,ALEXANDER DENNIS Model Missing,-1,-1,0,-1
2020991002464,2020,991002464,2,11,0,17,19,4,8,0,0,0,1,0,1,0,1,1,1,1,1,34,6,6700,2,9,ALEXANDER DENNIS Model Missing,-1,-1,0,-1
2020430204523,2020,430204523,1,11,0,18,19,5,1,2,2,0,0,0,0,0,4,1,1,1,2,37,7,6700,2,5,ALEXANDER DENNIS Model Missing,5,E01016404,0,-1
2020500943648,2020,500943648,2,11,0,16,19,8,2,0,0,1,0,0,0,0,1,1,1,1,1,54,8,6696,2,5,ALEXANDER DENNIS Model Missing,3,E01015085,0,-1
2020010251025,2020,010251025,2,11,0,18,19,3,7,0,0,8,0,0,0,0,4,1,1,1,1,47,8,6700,2,11,ALEXANDER DENNIS Model Missing,5,E01002219,0,-1
2020302000493,2020,302000493,1,11,0,5,5,1,5,0,0,0,0,0,0,0,0,1,1,1,1,50,8,4500,2,4,ALEXANDER DENNIS Model Missing,2,E01028233,0,-1
2020370969395,2020,370969395,1,11,0,18,19,4,8,0,0,0,0,0,0,0,1,1,1,1,1,61,9,4500,2,11,ALEXANDER DENNIS Model Missing,2,E01030265,0,-1
2020450992013,2020,450992013,1,11,0,18,19,7,3,0,0,1,0,0,0,0,1,1,1,1,1,31,6,4500,2,13,ALEXANDER DENNIS Model Missing,10,E01022877,0,-1
2020100974884,2020,100974884,1,11,0,18,19,3,7,0,0,1,0,0,0,0,1,1,1,1,1,56,9,4500,2,0,ALEXANDER DENNIS Model Missing,2,E01008307,0,-1
2020160943523,2020,160943523,2,11,0,9,9,3,7,0,0,8,0,0,0,0,4,1,1,1,1,51,8,4500,2,9,ALEXANDER DENNIS Model Missing,1,E01012855,0,-1
2020470957471,2020,470957471,1,11,0,18,19,1,5,0,0,2,0,0,0,0,0,1,6,6,1,39,7,4461,2,6,ALEXANDER DENNIS Model Missing,4,E01017074,0,-1
2020302001599,2020,302001599,1,11,0,5,5,5,2,0,0,0,0,0,0,0,4,1,1,1,2,48,8,4500,2,4,ALEXANDER DENNIS Model Missing,5,E01027949,0,-1
2020470939423,2020,470939423,1,11,0,18,19,5,1,0,0,0,0,0,0,0,0,1,1,1,2,53,8,4500,2,1,ALEXANDER DENNIS Model Missing,7,E01031379,0,-1
2020010237471,2020,010237471,1,11,0,17,19,6,2,0,0,8,0,0,0,0,1,1,1,1,1,52,8,4500,2,4,ALEXANDER DENNIS Model Missing,2,E01004067,0,-1
2020010266130,2020,010266130,2,11,0,9,9,1,6,0,0,3,0,0,0,0,1,1,1,1,1,25,5,6700,2,10,ALEXANDER DENNIS Model Missing,-1,-1,0,-1
2020010242771,2020,010242771,1,11,0,99,99,9,9,99,99,9,9,99,9,99,1,9,6,6,1,47,8,6700,2,11,ALEXANDER DENNIS Model Missing,2,E01001528,0,-1
2020052000504,2020,052000504,2,11,0,18,19,1,5,0,0,0,0,0,0,0,3,1,1,1,1,55,8,4500,2,12,ALEXANDER DENNIS Model Missing,3,E01007237,0,-1
2020010242474,2020,010242474,1,11,0,99,99,9,9,99,99,9,9,99,9,99,1,9,6,6,1,35,6,4500,2,9,ALEXANDER DENNIS Model Missing,3,E01032743,0,-1
2020010229561,2020,010229561,1,11,0,99,99,9,9,99,99,9,9,99,9,99,1,1,6,6,3,29,6,4500,2,11,ALEXANDER DENNIS Model Missing,4,E01032777,0,-1
2020501002903,2020,501002903,2,11,0,18,19,8,4,0,0,0,0,0,0,0,0,1,1,1,1,58,9,6700,2,6,ALEXANDER DENNIS Model Missing,2,E01015157,0,-1
2020010269821,2020,010269821,1,11,0,4,4,5,1,2,2,1,0,0,0,0,1,1,1,1,1,59,9,4461,2,7,ALEXANDER DENNIS Model Missing,2,E01000189,0,-1
2020141003844,2020,141003844,2,11,0,5,5,3,7,0,0,1,0,0,0,0,1,1,1,1,1,53,8,6700,2,9,ALEXANDER DENNIS Model Missing,3,E01028062,0,-1
2020470993281,2020,470993281,1,11,0,2,2,0,0,2,2,0,0,0,0,0,0,1,1,1,1,52,8,4500,2,1,ALEXANDER DENNIS Model Missing,-1,-1,0,-1
2020140995191,2020,140995191,1,11,0,9,9,8,6,0,0,2,0,0,0,0,1,1,1,1,1,49,8,6700,2,4,ALEXANDER DENNIS Model Missing,5,E01007819,0,-1
2020010268750,2020,010268750,1,11,0,18,19,5,1,6,6,2,0,0,0,0,1,1,1,1,1,49,8,6696,2,7,ALEXANDER DENNIS Model Missing,9,E01023962,0,-1
2020210958385,2020,210958385,1,11,0,18,19,6,2,0,0,0,0,0,0,0,1,1,1,1,3,-1,-1,4500,2,11,ALEXANDER DENNIS Model Missing,-1,-1,0,-1
2020010245424,2020,010245424,1,11,0,18,19,3,7,2,2,8,0,0,0,0,3,1,1,1,2,33,6,4500,2,2,ALEXANDER DENNIS Model Missing,4,E01003344,0,-1
2020010247192,2020,010247192,1,11,0,18,19,1,5,0,0,8,0,0,0,0,0,1,1,1,2,32,6,6700,2,10,ALEXANDER DENNIS Model Missing,2,E01001181,0,-1
2020990935406,2020,990935406,2,11,0,18,19,4,8,0,0,8,0,0,0,0,3,1,5,6,1,57,9,4461,2,3,ALEXANDER DENNIS Model Missing,1,-1,0,-1
2020230917875,2020,230917875,1,11,0,18,19,4,8,0,0,1,0,0,0,0,1,1,1,1,1,51,8,4461,2,5,ALEXANDER DENNIS Model Missing,6,E01032266,0,-1
2020010250427,2020,010250427,1,11,0,3,3,5,1,0,0,0,0,0,0,0,0,1,1,1,1,43,7,4461,2,7,ALEXANDER DENNIS Model Missing,4,E01002600,0,-1
2020010270878,2020,010270878,2,11,0,99,99,9,9,99,99,0,0,99,9,99,9,1,6,6,1,54,8,6700,2,8,ALEXANDER DENNIS Model Missing,5,E01021499,0,-1
2020990952630,2020,990952630,2,11,0,18,19,3,7,0,0,1,0,0,0,0,1,1,1,1,1,41,7,3900,2,15,ALEXANDER DENNIS Model Missing,3,-1,0,-1
2020010278571,2020,010278571,1,11,0,9,9,5,2,0,0,1,0,0,0,0,1,1,1,1,1,22,5,6700,2,8,ALEXANDER DENNIS Model Missing,5,E01004056,0,-1
2020010272440,2020,010272440,1,11,0,18,19,3,7,0,0,8,0,0,0,0,0,1,1,1,1,41,7,6700,2,9,ALEXANDER DENNIS Model Missing,2,E01004524,0,-1
2020137CB0451,2020,137CB0451,2,11,0,4,4,6,2,0,0,0,0,0,0,0,4,1,1,1,1,55,8,4461,2,4,ALEXANDER DENNIS Model Missing,-1,-1,0,-1
2020010266759,2020,010266759,1,11,0,18,19,5,1,0,0,0,0,0,0,0,1,1,1,1,2,56,9,4500,2,11,ALEXANDER DENNIS Model Missing,4,E01016143,0,-1
2020010229744,2020,010229744,1,11,0,18,19,2,6,0,0,0,0,11,0,0,1,1,6,6,1,24,5,4461,2,7,ALEXANDER DENNIS Model Missing,3,E01004208,0,-1
2020470998410,2020,470998410,1,11,0,18,19,5,1,0,0,0,0,0,0,0,1,1,6,6,1,39,7,6696,2,7,ALEXANDER DENNIS Model Missing,4,E01031473,0,-1
2020200979537,2020,200979537,1,11,0,18,19,7,3,0,0,0,0,0,0,0,1,1,1,1,2,-1,-1,6700,2,2,ALEXANDER DENNIS Model Missing,-1,-1,0,-1
2020500924999,2020,500924999,1,11,0,18,19,1,5,0,0,0,0,0,0,0,4,1,1,1,1,55,8,6700,2,4,ALEXANDER DENNIS Model Missing,7,E01020043,0,-1
2020160971145,2020,160971145,1,11,0,2,2,0,0,0,0,0,0,0,0,0,0,1,1,1,1,22,5,4500,2,9,ALEXANDER DENNIS Model Missing,4,E01012829,0,-1
2020010251143,2020,010251143,1,11,0,5,5,7,3,0,0,6,0,0,0,0,0,1,1,1,1,65,9,6700,2,8,ALEXANDER DENNIS Model Missing,8,E01023893,0,-1
2020460924595,2020,460924595,1,11,0,4,4,4,8,0,0,1,0,0,0,0,1,1,1,1,1,55,8,4461,2,7,ALEXANDER DENNIS Model Missing,2,E01024246,0,-1
2020440349165,2020,440349165,1,11,0,18,19,3,7,0,0,0,0,5,0,0,1,1,1,1,1,36,7,6700,2,13,ALEXANDER DENNIS Model Missing,1,E01017166,0,-1
2020411020793,2020,411020793,3,11,0,5,5,3,3,0,0,8,0,0,0,0,1,1,1,1,1,56,9,6700,2,3,ALEXANDER DENNIS Model Missing,4,E01023857,0,-1
2020010292307,2020,010292307,2,11,0,3,3,7,3,2,2,1,0,0,0,0,2,1,1,1,1,61,9,6700,2,10,ALEXANDER DENNIS Model Missing,5,E01000632,0,-1
2020010267534,2020,010267534,1,11,1,18,19,3,7,0,0,0,0,0,0,0,1,1,6,6,1,41,7,4500,2,6,ALEXANDER DENNIS Model Missing,2,E01003066,0,-1
2020100915760,2020,100915760,2,11,0,18,19,7,3,0,0,0,0,0,0,0,1,1,1,1,1,23,5,6700,2,11,ALEXANDER DENNIS Model Missing,6,E01008539,0,-1
2020137810946,2020,137810946,1,11,0,18,19,3,7,0,0,0,0,0,0,0,4,1,1,1,2,29,6,6700,2,3,ALEXANDER DENNIS Model Missing,2,E01011763,0,-1
202031D088520,2020,31D088520,1,11,0,5,5,6,2,0,0,2,0,0,0,0,0,1,1,1,1,36,7,6700,2,2,ALEXANDER DENNIS Model Missing,5,E01013935,0,-1
2020100967313,2020,100967313,1,11,0,18,19,7,3,0,0,0,0,0,0,0,1,1,6,6,1,42,7,6700,2,0,ALEXANDER DENNIS Model Missing,2,E01008575,0,-1
2020990936251,2020,990936251,2,11,0,18,19,8,4,0,0,8,0,0,0,0,1,1,1,1,1,31,6,3900,2,14,ALEXANDER DENNIS Model Missing,3,-1,0,-1
2020100934908,2020,100934908,2,11,0,4,4,7,3,0,0,0,0,0,0,0,0,1,1,1,1,52,8,4461,2,5,ALEXANDER DENNIS Model Missing,1,E01008651,0,-1
2020010240338,2020,010240338,1,11,0,4,4,5,1,0,0,1,0,0,0,0,1,1,1,1,1,65,9,4500,2,3,ALEXANDER DENNIS Model Missing,2,E01001055,0,-1
2020010260843,2020,010260843,2,11,0,5,5,1,5,0,0,8,0,0,0,0,1,2,1,1,1,37,7,6700,2,9,ALEXANDER DENNIS Model Missing,3,E01000092,0,-1
2020990971241,2020,990971241,1,11,0,17,19,2,5,0,0,0,0,0,0,0,3,1,1,1,1,34,6,4500,2,8,ALEXANDER DENNIS Model Missing,2,-1,0,-1
2020170H10730,2020,170H10730,1,11,0,18,19,7,3,0,0,0,0,0,0,0,1,1,1,1,1,51,8,4500,2,11,ALEXANDER DENNIS Model Missing,9,E01011971,0,-1
2020010264808,2020,010264808,1,11,0,5,5,2,6,0,0,5,0,0,1,0,4,1,1,1,1,53,8,6700,2,9,ALEXANDER DENNIS Model Missing,2,E01000083,0,-1
2020010265576,2020,010265576,1,11,0,3,3,5,1,2,2,2,0,0,0,0,0,1,1,1,1,53,8,4500,2,8,ALEXANDER DENNIS Model Missing,4,E01000497,0,-1
2020010260628,2020,010260628,2,11,0,7,7,3,5,0,0,4,0,0,0,0,1,1,1,1,2,50,8,6700,2,8,ALEXANDER DENNIS Model Missing,4,E01024142,0,-1
2020420982522,2020,420982522,1,11,0,15,15,7,3,0,0,1,0,10,0,0,0,1,1,1,1,21,5,4500,2,10,ALEXANDER DENNIS Model Missing,4,E01021295,0,-1
2020010281406,2020,010281406,1,11,0,99,99,9,9,99,99,8,9,99,9,99,3,9,6,6,3,-1,-1,4500,2,1,ALEXANDER DENNIS Model Missing,-1,-1,0,-1
2020010279240,2020,010279240,1,11,0,5,5,3,7,0,0,8,0,0,0,0,4,1,6,6,2,59,9,6700,2,11,ALEXANDER DENNIS Model Missing,6,E01030995,0,-1
2020200949747,2020,200949747,1,11,0,2,2,0,0,0,0,0,0,0,0,0,2,1,1,1,1,29,6,6700,2,1,ALEXANDER DENNIS Model Missing,7,E01010027,0,-1
2020552000354,2020,552000354,1,11,0,4,4,7,3,0,0,0,0,0,0,0,0,1,1,1,1,32,6,6700,2,2,ALEXANDER DENNIS Model Missing,5,E01020472,0,-1
2020070155180,2020,070155180,1,11,0,18,19,6,2,0,0,8,0,0,0,0,1,1,1,1,1,56,9,6700,2,4,ALEXANDER DENNIS Model Missing,4,E01018315,0,-1
2020010254752,2020,010254752,2,11,0,4,4,1,5,0,0,1,0,0,0,0,1,1,1,1,1,42,7,4500,2,5,ALEXANDER DENNIS Model Missing,3,E01003143,0,-1
2020010272845,2020,010272845,1,11,0,17,19,1,5,0,0,1,0,0,0,0,0,1,1,1,2,55,8,4500,2,2,ALEXANDER DENNIS Model Missing,2,E01003373,0,-1
2020470980208,2020,470980208,1,11,0,18,19,1,5,0,0,0,0,0,0,0,4,1,1,1,1,54,8,4500,2,1,ALEXANDER DENNIS Model Missing,2,E01016993,0,-1
2020010259155,2020,010259155,1,11,0,5,5,1,5,2,2,1,0,0,0,0,0,1,1,1,1,29,6,4500,2,4,ALEXANDER DENNIS Model Missing,2,E01001947,0,-1
2020470975158,2020,470975158,1,11,0,18,19,7,3,2,2,3,0,0,0,0,0,1,1,1,1,33,6,6700,2,10,ALEXANDER DENNIS Model Missing,5,E01020951,0,-1
2020010260384,2020,010260384,1,11,0,18,19,3,7,0,0,1,0,0,0,0,1,1,1,1,1,40,7,6700,2,8,ALEXANDER DENNIS Model Missing,7,E01016510,0,-1
2020460987861,2020,460987861,1,11,0,18,19,1,5,0,0,0,0,0,0,0,4,1,5,6,1,61,9,8300,2,14,ALEXANDER DENNIS Model Missing,2,E01033212,0,-1
2020010282964,2020,010282964,1,11,0,4,4,5,1,0,0,8,0,0,0,0,4,1,1,1,1,50,8,4500,2,2,ALEXANDER DENNIS Model Missing,4,E01003098,0,-1
2020360986545,2020,360986545,2,11,0,18,19,8,2,0,0,0,0,0,0,0,1,1,1,1,1,33,6,6696,2,5,ALEXANDER DENNIS Model Missing,4,E01026429,0,-1
2020461010356,2020,461010356,2,11,0,4,4,3,7,0,0,0,0,0,0,0,2,1,1,1,2,45,7,4500,2,3,ALEXANDER DENNIS Model Missing,3,E01016036,0,-1
2020052001409,2020,052001409,2,11,0,2,2,0,0,0,0,0,0,0,0,0,2,1,1,1,1,55,8,6700,2,3,ALEXANDER DENNIS Model Missing,3,E01006510,0,-1
2020010242762,2020,010242762,1,11,0,7,7,5,7,0,0,1,0,0,0,0,3,1,1,1,1,57,9,4461,2,7,ALEXANDER DENNIS Model Missing,1,E01002588,0,-1
2020010233893,2020,010233893,1,11,0,5,5,3,7,0,0,1,0,0,0,0,0,1,6,6,1,39,7,4461,2,7,ALEXANDER DENNIS Model Missing,3,E01001311,0,-1
2020010250323,2020,010250323,2,11,0,3,3,7,3,0,0,1,0,0,0,0,2,1,1,1,1,46,8,4500,2,3,ALEXANDER DENNIS Model Missing,3,E01003602,0,-1
2020360939262,2020,360939262,2,11,0,18,19,6,2,0,0,0,0,0,0,0,1,1,1,1,1,35,6,6700,2,8,ALEXANDER DENNIS Model Missing,6,E01026664,0,-1
2020990985677,2020,990985677,1,11,0,18,19,7,4,0,0,8,0,0,0,0,1,1,1,1,1,50,8,6700,2,5,ALEXANDER DENNIS Model Missing,8,-1,0,-1
2020170M30840,2020,170M30840,1,11,0,9,9,7,5,0,0,8,0,0,0,0,1,1,1,1,1,54,8,6696,2,6,ALEXANDER DENNIS Model Missing,5,E01012052,0,-1
2020010245451,2020,010245451,1,11,0,18,19,5,1,2,2,2,0,0,0,0,0,1,1,1,2,56,9,6700,2,10,ALEXANDER DENNIS Model Missing,7,E01021791,0,-1
2020010228391,2020,010228391,8,11,0,3,3,3,7,0,0,1,0,0,0,0,1,1,1,1,1,53,8,6700,2,9,ALEXANDER DENNIS Model Missing,3,E01000082,0,-1
2020160947046,2020,160947046,1,11,0,4,4,7,3,0,0,0,0,0,0,0,1,1,1,1,1,58,9,6700,2,1,ALEXANDER DENNIS Model Missing,1,E01012855,0,-1
2020010263779,2020,010263779,1,11,0,18,19,5,1,3,2,0,0,0,0,0,1,1,6,6,1,46,8,4500,2,4,ALEXANDER DENNIS Model Missing,6,E01002680,0,-1
2020500940482,2020,500940482,2,11,0,3,3,0,0,0,0,0,0,0,0,0,1,1,1,1,1,26,6,8300,2,14,ALEXANDER DENNIS Model Missing,4,E01020309,0,-1
202031A015420,2020,31A015420,1,11,0,4,4,4,8,0,0,0,0,0,0,0,0,1,1,1,1,63,9,6700,2,2,ALEXANDER DENNIS Model Missing,-1,-1,0,-1
2020010232921,2020,010232921,1,11,0,18,19,7,3,0,0,2,0,0,0,0,1,1,1,1,2,46,8,6700,2,11,ALEXANDER DENNIS Model Missing,2,E01004410,0,-1