collision_index,collision_year,collision_ref_no,vehicle_reference,vehicle_type,towing_and_articulation,vehicle_manoeuvre_historic,vehicle_manoeuvre,vehicle_direction_from,vehicle_direction_to,vehicle_location_restricted_lane_historic,vehicle_location_restricted_lane,junction_location,skidding_and_overturning,hit_object_in_carriageway,vehicle_leaving_carriageway,hit_object_off_carriageway,first_point_of_impact,vehicle_left_hand_drive,journey_purpose_of_driver_historic,journey_purpose_of_driver,sex_of_driver,age_of_driver,age_band_of_driver,engine_capacity_cc,propulsion_code,age_of_vehicle,generic_make_model,driver_imd_decile,lsoa_of_driver,escooter_flag,driver_distance_banding
2020010272802,2020,010272802,1,11,0,18,19,4,8,0,0,1,0,0,0,0,1,1,1,1,1,33,6,4500,2,8,ALEXANDER DENNIS Model Missing,5,E01023930,0,-1
2020010281861,2020,010281861,1,11,0,18,19,1,5,0,0,9,0,0,0,0,3,1,1,1,1,50,8,6700,2,2,ALEXANDER DENNIS Model Missing,4,E01004049,0,-1
2020010259674,2020,010259674,2,11,0,4,4,7,3,0,0,1,0,0,0,0,2,2,1,1,1,46,8,4500,2,5,ALEXANDER DENNIS Model Missing,2,E01001316,0,-1
2020010273789,2020,010273789,2,11,0,99,99,9,9,99,99,9,9,99,9,99,1,9,6,6,1,62,9,4500,2,11,ALEXANDER DENNIS Model Missing,5,E01001088,0,-1
2020010268279,2020,010268279,1,11,0,18,19,2,6,0,0,0,0,4,0,0,1,1,1,1,1,35,6,4500,2,4,ALEXANDER DENNIS Model Missing,9,E01002354,0,-1
2020010257705,2020,010257705,2,11,0,99,99,9,9,99,99,9,9,99,9,99,9,9,6,6,3,26,6,4500,2,6,ALEXANDER DENNIS Model Missing,4,E01003554,0,-1
2020010268449,2020,010268449,2,11,0,9,9,1,6,0,0,3,0,0,0,0,4,1,1,1,2,46,8,4500,2,3,ALEXANDER DENNIS Model Missing,3,E01004453,0,-1
2020010281966,2020,010281966,1,11,0,5,5,7,3,0,0,3,0,0,0,0,3,1,1,1,1,49,8,4500,2,8,ALEXANDER DENNIS Model Missing,-1,-1,0,-1
2020140974825,2020,140974825,1,11,0,18,19,7,3,0,0,0,0,0,0,0,3,1,1,1,1,56,9,6700,2,4,ALEXANDER DENNIS Model Missing,1,E01007462,0,-1
2020430044878,2020,430044878,2,11,0,18,19,1,5,0,0,1,0,0,0,0,1,1,4,7,2,56,9,4500,2,9,ALEXANDER DENNIS Model Missing,7,E01016383,0,-1
2020470987338,2020,470987338,1,11,0,13,13,6,2,0,0,0,0,0,0,0,4,1,1,1,1,33,6,6700,2,12,ALEXANDER DENNIS Model Missing,4,E01031859,0,-1
2020070044394,2020,070044394,1,11,0,18,19,2,6,0,0,0,0,2,0,0,4,1,1,1,1,57,9,4500,2,2,ALEXANDER DENNIS Model Missing,3,E01012510,0,-1
2020101004062,2020,101004062,1,11,0,18,19,7,3,0,0,1,0,0,0,0,1,1,1,1,1,61,9,4461,2,7,ALEXANDER DENNIS Model Missing,-1,-1,0,-1
2020010285030,2020,010285030,1,11,0,4,4,1,5,0,0,1,0,0,0,0,0,1,6,6,1,42,7,6700,2,9,ALEXANDER DENNIS Model Missing,6,E01017026,0,-1
2020010245667,2020,010245667,1,11,0,5,5,2,6,2,2,2,0,0,0,0,0,1,1,1,1,35,6,4500,2,9,ALEXANDER DENNIS Model Missing,3,E01032743,0,-1
2020010237500,2020,010237500,1,11,0,5,5,5,1,0,0,1,0,0,0,0,1,1,1,1,1,63,9,4461,2,7,ALEXANDER DENNIS Model Missing,8,E01000989,0,-1
2020010260061,2020,010260061,1,11,0,3,3,3,7,2,2,2,0,0,0,0,0,1,1,1,1,64,9,4500,2,6,ALEXANDER DENNIS Model Missing,1,E01004222,0,-1
2020100974577,2020,100974577,2,11,0,18,19,5,1,0,0,0,0,0,0,0,1,1,1,1,1,43,7,4500,2,9,ALEXANDER DENNIS Model Missing,7,E01008845,0,-1
2020340W01822,2020,340W01822,1,11,0,5,5,1,3,0,0,6,0,0,0,0,4,1,1,1,1,59,9,3900,2,14,ALEXANDER DENNIS Model Missing,3,E01027081,0,-1
2020010286141,2020,010286141,1,11,0,18,19,2,6,9,9,1,0,10,7,1,1,1,1,1,1,32,6,4500,2,3,ALEXANDER DENNIS Model Missing,3,E01001154,0,-1
202006A176242,2020,06A176242,2,11,0,18,19,6,2,0,0,8,0,0,0,0,4,1,1,1,1,31,6,6696,2,6,ALEXANDER DENNIS Model Missing,1,E01005255,0,-1
2020990976779,2020,990976779,1,11,0,5,5,1,5,0,0,0,0,0,0,0,0,1,1,1,1,53,8,6700,2,3,ALEXANDER DENNIS Model Missing,-1,-1,0,-1
2020010277340,2020,010277340,1,11,0,5,5,6,2,0,0,0,0,0,0,0,0,1,1,1,1,57,9,4500,2,1,ALEXANDER DENNIS Model Missing,7,E01004609,0,-1
2020440334923,2020,440334923,1,11,0,3,3,5,1,0,0,2,0,0,0,0,3,1,1,1,1,21,5,4500,2,4,ALEXANDER DENNIS Model Missing,10,E01032880,0,-1
2020552000784,2020,552000784,1,11,0,4,4,2,6,0,0,0,0,0,0,0,0,1,1,1,1,24,5,4500,2,8,ALEXANDER DENNIS Model Missing,3,E01015292,0,-1
2020010278892,2020,010278892,1,11,0,4,4,1,5,0,0,0,0,0,0,0,0,1,6,6,1,54,8,4500,2,5,ALEXANDER DENNIS Model Missing,5,E01003359,0,-1
202031A011220,2020,31A011220,1,11,0,5,5,7,3,0,0,0,0,0,0,0,0,1,1,1,1,55,8,6696,2,6,ALEXANDER DENNIS Model Missing,-1,-1,0,-1
2020010279325,2020,010279325,1,11,0,4,4,3,7,0,0,0,0,0,0,0,0,1,6,6,1,44,7,6700,2,11,ALEXANDER DENNIS Model Missing,6,E01004731,0,-1
2020010242506,2020,010242506,1,11,0,3,3,3,7,0,0,8,0,0,0,0,1,1,6,6,1,36,7,4500,2,4,ALEXANDER DENNIS Model Missing,8,E01017455,0,-1
2020470956226,2020,470956226,1,11,0,4,4,6,2,0,0,8,0,0,0,0,0,1,1,1,1,39,7,4500,2,10,ALEXANDER DENNIS Model Missing,3,E01021090,0,-1
2020451009786,2020,451009786,1,11,0,4,4,3,7,0,0,8,0,0,0,0,0,1,1,1,1,19,4,4461,2,7,ALEXANDER DENNIS Model Missing,8,E01022570,0,-1
2020010271173,2020,010271173,1,11,0,4,4,3,7,0,0,6,0,0,0,0,1,1,1,1,1,42,7,4500,2,2,ALEXANDER DENNIS Model Missing,6,E01024276,0,-1
2020010251230,2020,010251230,1,11,0,99,99,9,9,99,99,9,9,99,9,99,1,9,6,6,1,62,9,4500,2,2,ALEXANDER DENNIS Model Missing,4,E01003282,0,-1
2020010275211,2020,010275211,1,11,0,7,7,6,8,0,0,8,0,0,0,0,4,1,1,1,1,27,6,4500,2,2,ALEXANDER DENNIS Model Missing,-1,-1,0,-1
2020010236007,2020,010236007,1,11,0,5,5,5,1,0,0,1,0,0,0,0,0,1,6,6,1,54,8,4500,2,2,ALEXANDER DENNIS Model Missing,3,E01004331,0,-1
2020140956577,2020,140956577,1,11,0,4,4,1,5,0,0,0,0,0,0,0,0,1,1,1,1,41,7,4461,2,6,ALEXANDER DENNIS Model Missing,1,E01007718,0,-1
2020010284680,2020,010284680,1,11,0,18,19,1,5,0,0,1,0,0,0,0,1,1,1,1,2,37,7,6700,2,4,ALEXANDER DENNIS Model Missing,7,E01004620,0,-1
2020500953686,2020,500953686,1,11,0,5,5,6,2,0,0,0,0,0,0,0,4,1,1,1,1,52,8,3900,2,14,ALEXANDER DENNIS Model Missing,8,E01019970,0,-1
2020010235186,2020,010235186,1,11,0,4,4,5,1,0,0,0,0,0,0,0,0,1,1,1,2,44,7,4500,2,10,ALEXANDER DENNIS Model Missing,2,E01001172,0,-1
202006L169183,2020,06L169183,1,11,0,18,19,2,6,0,0,8,0,0,0,0,1,1,1,1,1,52,8,6700,2,8,ALEXANDER DENNIS Model Missing,2,E01006333,0,-1
2020010243617,2020,010243617,1,11,0,18,19,1,5,0,0,2,0,4,0,0,1,1,1,1,1,25,5,4500,2,4,ALEXANDER DENNIS Model Missing,1,E01003761,0,-1
2020010258484,2020,010258484,2,11,0,99,99,9,9,99,99,9,9,99,9,99,9,9,6,6,3,-1,-1,4500,2,13,ALEXANDER DENNIS Model Missing,9,E01030391,0,-1
2020010274246,2020,010274246,1,11,0,99,99,9,9,99,99,9,9,99,9,99,9,9,6,6,1,55,8,4500,2,3,ALEXANDER DENNIS Model Missing,4,E01002267,0,-1
2020100943214,2020,100943214,1,11,0,18,19,3,7,0,0,1,0,0,0,0,4,1,1,1,1,47,8,6700,2,4,ALEXANDER DENNIS Model Missing,5,E01008265,0,-1
2020520004750,2020,520004750,2,11,0,17,19,3,7,0,0,0,0,4,0,0,1,1,6,6,1,61,9,4500,2,9,ALEXANDER DENNIS Model Missing,3,E01029072,0,-1
202006J168170,2020,06J168170,2,11,0,7,7,2,4,0,0,8,0,0,0,0,0,1,6,6,1,52,8,6700,2,12,ALEXANDER DENNIS Model Missing,1,E01005758,0,-1
2020010263049,2020,010263049,1,11,0,3,3,7,3,2,2,0,0,0,0,0,0,1,1,1,1,28,6,4500,2,4,ALEXANDER DENNIS Model Missing,5,E01003359,0,-1
2020010283816,2020,010283816,1,11,0,18,19,2,6,0,0,8,0,0,0,0,1,1,6,6,1,27,6,4500,2,9,ALEXANDER DENNIS Model Missing,5,E01000070,0,-1
2020100982019,2020,100982019,1,11,0,3,3,7,3,0,0,0,0,0,0,0,0,1,1,1,1,37,7,4500,2,9,ALEXANDER DENNIS Model Missing,8,E01008864,0,-1
2020010286766,2020,010286766,1,11,0,5,5,0,1,0,0,1,0,0,0,0,0,1,1,1,1,52,8,4500,2,2,ALEXANDER DENNIS Model Missing,8,E01000679,0,-1
2020440259344,2020,440259344,2,11,0,4,4,1,5,0,0,0,0,0,0,0,2,1,1,1,1,51,8,8268,2,14,ALEXANDER DENNIS Model Missing,4,E01023144,0,-1
2020010273784,2020,010273784,1,11,0,7,7,5,7,0,0,8,0,0,0,0,4,1,1,1,1,41,7,4500,2,2,ALEXANDER DENNIS Model Missing,2,E01001651,0,-1
2020991010018,2020,991010018,1,11,0,18,19,6,2,0,0,0,0,0,0,0,1,1,1,1,1,54,8,4500,2,10,ALEXANDER DENNIS Model Missing,2,-1,0,-1
2020010274878,2020,010274878,1,11,0,18,19,4,8,0,0,1,0,0,0,0,0,1,1,1,1,26,6,4500,2,2,ALEXANDER DENNIS Model Missing,4,E01000561,0,-1
2020010281365,2020,010281365,1,11,0,17,19,1,5,0,0,1,0,0,0,0,0,1,6,6,1,51,8,6700,2,1,ALEXANDER DENNIS Model Missing,5,E01001658,0,-1
2020990947913,2020,990947913,2,11,0,18,19,1,5,0,0,0,0,0,0,0,1,1,1,1,1,62,9,6696,2,6,ALEXANDER DENNIS Model Missing,7,-1,0,-1
2020010248013,2020,010248013,1,11,0,4,4,3,7,2,2,0,0,0,0,0,0,1,1,1,1,43,7,6700,2,1,ALEXANDER DENNIS Model Missing,4,E01003927,0,-1
2020010272044,2020,010272044,2,11,0,18,19,5,1,0,0,0,0,0,0,0,1,1,1,1,1,48,8,4461,2,7,ALEXANDER DENNIS Model Missing,2,E01001054,0,-1
2020500964307,2020,500964307,1,11,0,17,19,6,4,0,0,0,0,0,0,0,4,1,1,1,1,32,6,3900,2,14,ALEXANDER DENNIS Model Missing,2,E01015239,0,-1
2020010247299,2020,010247299,1,11,0,18,19,3,7,0,0,2,0,0,0,0,4,1,1,1,1,23,5,4500,2,8,ALEXANDER DENNIS Model Missing,4,E01004465,0,-1
2020140935860,2020,140935860,1,11,0,5,5,2,6,0,0,2,0,0,0,0,0,1,1,1,1,44,7,6700,2,11,ALEXANDER DENNIS Model Missing,2,E01007324,0,-1
2020010259475,2020,010259475,1,11,0,18,19,3,7,3,2,1,0,0,0,0,0,1,1,1,1,47,8,6700,2,11,ALEXANDER DENNIS Model Missing,2,E01003089,0,-1
2020201022368,2020,201022368,2,11,0,9,9,8,6,0,0,1,0,0,0,0,1,1,1,1,1,30,6,4500,2,5,ALEXANDER DENNIS Model Missing,1,E01009476,0,-1
2020010237109,2020,010237109,1,11,0,9,9,5,4,0,0,6,0,0,0,0,2,1,6,6,1,55,8,4500,2,3,ALEXANDER DENNIS Model Missing,7,E01002367,0,-1
2020100939489,2020,100939489,1,11,0,3,3,1,5,0,0,1,0,0,0,0,3,1,1,1,1,62,9,6700,2,9,ALEXANDER DENNIS Model Missing,-1,-1,0,-1
2020010269638,2020,010269638,2,11,0,99,99,9,9,99,99,0,9,99,9,99,9,9,6,6,1,-1,-1,4500,2,6,ALEXANDER DENNIS Model Missing,-1,-1,0,-1
2020010272336,2020,010272336,2,11,9,18,19,1,5,99,99,9,9,99,9,99,9,1,6,6,1,-1,-1,6700,2,0,ALEXANDER DENNIS Model Missing,-1,-1,0,-1
2020010261113,2020,010261113,1,11,0,12,12,5,1,2,2,0,0,0,0,0,3,1,1,1,1,48,8,4500,2,3,ALEXANDER DENNIS Model Missing,6,E01004529,0,-1
2020100937590,2020,100937590,2,11,0,18,19,7,3,0,0,2,0,0,0,0,1,1,1,1,1,64,9,4500,2,9,ALEXANDER DENNIS Model Missing,-1,-1,0,-1
2020522003841,2020,522003841,1,11,0,9,9,3,7,0,0,8,0,0,0,0,1,1,1,1,1,57,9,3900,2,15,ALEXANDER DENNIS Model Missing,5,E01029134,0,-1
2020010249083,2020,010249083,3,11,0,7,7,3,5,0,0,1,0,0,3,0,2,1,1,1,1,33,6,4500,2,2,ALEXANDER DENNIS Model Missing,7,E01002226,0,-1
2020052000189,2020,052000189,2,11,0,18,19,1,5,0,0,1,0,0,0,0,1,1,1,1,1,29,6,6700,2,2,ALEXANDER DENNIS Model Missing,7,E01006423,0,-1
202031B041620,2020,31B041620,2,11,0,18,19,4,8,0,0,0,0,0,0,0,1,1,1,1,1,54,8,3900,2,14,ALEXANDER DENNIS Model Missing,-1,-1,0,-1
2020471000752,2020,471000752,2,11,0,18,19,5,1,0,0,1,0,0,0,0,1,1,1,1,1,66,10,4500,2,2,ALEXANDER DENNIS Model Missing,6,E01031557,0,-1
2020231009187,2020,231009187,2,11,0,16,19,5,7,0,0,0,0,0,0,0,1,1,1,1,1,49,8,6700,2,1,ALEXANDER DENNIS Model Missing,5,E01010468,0,-1
2020140976771,2020,140976771,1,11,0,18,19,5,1,0,0,1,0,0,0,0,1,1,1,1,1,49,8,4500,2,4,ALEXANDER DENNIS Model Missing,6,E01007835,0,-1
2020010228468,2020,010228468,1,11,0,18,19,1,5,0,0,8,0,0,0,0,1,1,1,1,1,47,8,4500,2,2,ALEXANDER DENNIS Model Missing,5,E01002219,0,-1
2020010230041,2020,010230041,1,11,0,5,5,7,3,0,0,1,0,0,0,0,1,1,1,1,1,49,8,4461,2,7,ALEXANDER DENNIS Model Missing,1,E01004702,0,-1
2020010252009,2020,010252009,1,11,0,9,9,1,6,0,0,4,0,0,0,0,3,1,1,1,1,27,6,4500,2,9,ALEXANDER DENNIS Model Missing,3,E01001779,0,-1
2020010242602,2020,010242602,2,11,0,10,10,3,1,0,0,8,0,0,0,0,1,1,1,1,2,40,7,6700,2,8,ALEXANDER DENNIS Model Missing,6,E01023751,0,-1
2020010242573,2020,010242573,1,11,0,99,99,9,9,99,99,9,9,99,9,99,9,9,6,6,3,-1,-1,4500,2,2,ALEXANDER DENNIS Model Missing,-1,-1,0,-1
2020010286982,2020,010286982,1,11,0,5,5,0,5,2,2,1,0,0,0,0,0,1,1,1,1,35,6,4500,2,5,ALEXANDER DENNIS Model Missing,4,E01000997,0,-1
2020010241456,2020,010241456,1,11,9,99,99,9,9,99,99,9,9,99,9,99,9,1,6,6,1,46,8,4461,2,7,ALEXANDER DENNIS Model Missing,2,E01003918,0,-1
2020480256949,2020,480256949,6,11,0,18,19,3,7,0,0,1,0,0,0,0,0,1,1,1,1,44,7,4500,2,3,ALEXANDER DENNIS Model Missing,1,E01003577,0,-1
2020010270968,2020,010270968,1,11,0,18,19,7,3,0,0,0,0,0,0,0,0,1,1,1,2,49,8,4461,2,7,ALEXANDER DENNIS Model Missing,5,E01003359,0,-1
2020440485362,2020,440485362,3,11,0,3,3,3,7,0,0,1,0,0,0,0,1,1,1,1,1,63,9,6700,2,8,ALEXANDER DENNIS Model Missing,5,E01017368,0,-1
2020010276333,2020,010276333,1,11,0,9,9,5,2,0,0,4,0,0,0,0,0,1,1,1,1,37,7,4500,2,0,ALEXANDER DENNIS Model Missing,2,E01001008,0,-1
2020471003759,2020,471003759,1,11,0,4,4,5,1,0,0,0,0,0,0,0,0,1,1,1,2,46,8,4500,2,0,ALEXANDER DENNIS Model Missing,1,E01016866,0,-1
2020010235493,2020,010235493,1,11,0,3,3,3,7,0,0,1,0,0,0,0,2,1,1,1,1,21,5,6700,2,9,ALEXANDER DENNIS Model Missing,4,E01004027,0,-1
2020210969162,2020,210969162,1,11,0,13,13,4,8,0,0,0,0,0,0,0,4,1,1,1,1,33,6,6700,2,4,ALEXANDER DENNIS Model Missing,1,E01014247,0,-1
2020622000246,2020,622000246,3,11,0,3,3,2,6,0,0,0,0,0,0,0,2,1,1,1,1,75,10,6700,2,5,ALEXANDER DENNIS Model Missing,7,W01001062,0,-1
2020010270525,2020,010270525,1,11,0,18,19,1,5,0,0,0,0,0,0,0,4,1,1,1,1,50,8,4500,2,0,ALEXANDER DENNIS Model Missing,6,E01004109,0,-1
202031C020620,2020,31C020620,1,11,0,18,19,7,3,0,0,2,0,0,0,0,0,1,1,1,1,28,6,4500,2,1,ALEXANDER DENNIS Model Missing,-1,-1,0,-1
2020010285937,2020,010285937,1,11,0,99,99,9,9,99,99,0,9,0,0,0,1,9,6,6,1,37,7,4500,2,9,ALEXANDER DENNIS Model Missing,3,E01000010,0,-1
2020010279226,2020,010279226,1,11,0,5,5,0,8,3,2,1,0,0,0,0,0,1,6,6,1,63,9,6700,2,8,ALEXANDER DENNIS Model Missing,8,E01001680,0,-1
2020010231094,2020,010231094,1,11,0,18,19,3,7,0,0,0,0,0,0,0,4,1,1,1,1,21,5,4500,2,9,ALEXANDER DENNIS Model Missing,1,E01002732,0,-1
2020990929637,2020,990929637,2,11,0,18,19,8,4,0,0,8,0,0,0,0,1,1,1,1,1,41,7,6700,2,1,ALEXANDER DENNIS Model Missing,1,-1,0,-1
2020040940777,2020,040940777,2,11,0,9,9,7,1,0,0,6,0,0,0,0,1,1,1,1,1,39,7,4500,2,2,ALEXANDER DENNIS Model Missing,1,E01012672,0,-1
2020010282972,2020,010282972,2,11,0,9,9,1,7,0,0,1,0,0,0,0,3,1,1,1,1,58,9,4500,2,4,ALEXANDER DENNIS Model Missing,7,E01003419,0,-1
2020010245471,2020,010245471,3,11,0,2,2,0,0,0,0,0,0,0,0,0,0,1,6,6,3,-1,-1,4500,2,4,ALEXANDER DENNIS Model Missing,-1,-1,0,-1
2020010274802,2020,010274802,1,11,0,9,9,7,5,0,0,2,0,0,0,0,1,1,1,1,1,49,8,4500,2,11,ALEXANDER DENNIS Model Missing,2,E01033485,0,-1
2020471003033,2020,471003033,1,11,0,18,19,6,2,0,0,2,0,0,0,0,0,1,5,6,1,50,8,6700,2,9,ALEXANDER DENNIS Model Missing,3,E01021178,0,-1
2020160962283,2020,160962283,1,11,0,11,11,2,6,0,0,1,0,0,0,0,1,1,1,1,1,32,6,6700,2,9,ALEXANDER DENNIS Model Missing,1,E01012780,0,-1
202006E167707,2020,06E167707,2,11,0,3,3,3,7,0,0,0,0,0,0,0,0,1,1,1,1,51,8,6700,2,4,ALEXANDER DENNIS Model Missing,5,E01005677,0,-1
202006Q265681,2020,06Q265681,3,11,0,18,19,1,5,0,0,1,0,0,0,0,1,1,1,1,1,58,9,6700,2,8,ALEXANDER DENNIS Model Missing,-1,-1,0,-1
2020010276112,2020,010276112,1,11,0,5,5,5,1,0,0,0,0,0,0,0,1,1,1,1,1,57,9,4500,2,9,ALEXANDER DENNIS Model Missing,1,E01002857,0,-1
2020010247119,2020,010247119,2,11,0,18,19,1,5,0,0,1,0,0,0,0,1,1,6,6,1,44,7,6700,2,2,ALEXANDER DENNIS Model Missing,2,E01003240,0,-1
2020010234731,2020,010234731,1,11,0,5,5,4,8,0,0,0,0,0,0,0,0,1,1,1,1,57,9,4500,2,10,ALEXANDER DENNIS Model Missing,2,E01001008,0,-1
2020440394744,2020,440394744,2,11,0,18,19,5,2,0,0,0,0,0,0,0,1,1,1,1,1,50,8,6700,2,4,ALEXANDER DENNIS Model Missing,4,E01022671,0,-1
2020170S10060,2020,170S10060,1,11,0,4,4,1,5,0,0,2,0,0,0,0,0,1,1,1,1,47,8,6696,2,5,ALEXANDER DENNIS Model Missing,5,E01011968,0,-1
2020010257576,2020,010257576,1,11,0,5,5,2,6,0,0,1,0,0,0,0,4,1,1,1,2,27,6,6700,2,10,ALEXANDER DENNIS Model Missing,2,E01003313,0,-1
2020010270710,2020,010270710,1,11,0,5,5,3,7,0,0,1,0,0,0,0,0,1,1,1,1,39,7,6700,2,9,ALEXANDER DENNIS Model Missing,3,E01000092,0,-1
2020010285279,2020,010285279,1,11,0,5,5,7,3,0,0,8,0,0,0,0,1,1,1,1,1,59,9,4500,2,4,ALEXANDER DENNIS Model Missing,3,E01001887,0,-1
2020010236017,2020,010236017,1,11,0,4,4,7,3,0,0,1,0,0,0,0,0,1,1,1,1,55,8,4500,2,12,ALEXANDER DENNIS Model Missing,3,E01000473,0,-1
2020010283653,2020,010283653,1,11,0,4,4,4,8,2,2,1,0,0,0,0,0,1,1,1,1,61,9,4500,2,0,ALEXANDER DENNIS Model Missing,3,E01000806,0,-1
2020302000792,2020,302000792,1,11,0,15,15,1,5,0,0,1,0,0,0,0,3,1,1,1,3,-1,-1,4500,2,4,ALEXANDER DENNIS Model Missing,5,E01019456,0,-1
2020990991183,2020,990991183,2,11,0,17,19,3,7,0,0,0,0,0,0,0,1,1,1,1,1,37,7,4500,2,1,ALEXANDER DENNIS Model Missing,3,-1,0,-1
2020170S10250,2020,170S10250,1,11,0,5,5,0,5,0,0,0,0,0,0,0,0,1,1,1,1,27,6,6696,2,6,ALEXANDER DENNIS Model Missing,-1,-1,0,-1
2020470954159,2020,470954159,1,11,0,13,13,8,4,0,0,2,0,0,0,0,4,1,1,1,1,57,9,6700,2,2,ALEXANDER DENNIS Model Missing,6,E01031825,0,-1
2020010230060,2020,010230060,1,11,0,4,4,1,5,0,0,0,0,0,0,0,0,1,1,1,1,43,7,4500,2,9,ALEXANDER DENNIS Model Missing,4,E01003231,0,-1
2020140986839,2020,140986839,2,11,0,18,19,2,2,0,0,1,0,4,0,0,1,1,1,1,1,50,8,4500,2,10,ALEXANDER DENNIS Model Missing,1,E01007883,0,-1
2020100976919,2020,100976919,1,11,0,17,19,2,6,0,0,8,0,0,0,0,1,1,1,1,1,31,6,6700,2,9,ALEXANDER DENNIS Model Missing,-1,-1,0,-1
2020010233975,2020,010233975,1,11,9,99,99,9,9,99,99,0,0,99,0,0,9,1,6,6,3,-1,-1,4500,2,4,ALEXANDER DENNIS Model Missing,-1,-1,0,-1
2020010241774,2020,010241774,1,11,0,9,9,5,3,0,0,5,0,0,0,0,0,1,1,1,1,33,6,6700,2,10,ALEXANDER DENNIS Model Missing,3,E01003164,0,-1
2020010235079,2020,010235079,1,11,0,18,19,1,5,0,0,2,0,0,0,0,1,1,1,1,1,49,8,4500,2,13,ALEXANDER DENNIS Model Missing,-1,-1,0,-1
2020010230293,2020,010230293,3,11,0,5,5,7,3,0,0,1,0,0,0,0,1,1,1,1,1,50,8,6700,2,8,ALEXANDER DENNIS Model Missing,2,E01032569,0,-1
2020410929898,2020,410929898,1,11,0,5,5,2,6,0,0,0,0,0,0,0,1,1,1,1,1,63,9,3900,2,14,ALEXANDER DENNIS Model Missing,8,E01015693,0,-1
2020010268145,2020,010268145,1,11,0,5,5,1,5,0,0,1,0,0,0,0,0,1,1,1,1,46,8,6700,2,9,ALEXANDER DENNIS Model Missing,4,E01032778,0,-1
2020010235732,2020,010235732,1,11,0,18,19,7,3,0,0,1,0,0,0,0,0,1,1,1,1,42,7,4500,2,3,ALEXANDER DENNIS Model Missing,4,E01022524,0,-1
2020990946382,2020,990946382,1,11,0,4,4,1,5,2,2,0,0,0,0,0,3,1,1,1,1,60,9,6700,2,9,ALEXANDER DENNIS Model Missing,1,-1,0,-1
2020010283143,2020,010283143,1,11,0,9,9,7,4,0,0,6,0,0,0,0,1,1,6,6,1,35,6,4500,2,1,ALEXANDER DENNIS Model Missing,3,E01003533,0,-1
2020010280413,2020,010280413,2,11,0,18,19,7,3,0,0,2,0,0,0,0,1,1,1,1,1,43,7,6700,2,2,ALEXANDER DENNIS Model Missing,4,E01000788,0,-1
2020010275756,2020,010275756,2,11,0,3,3,1,5,2,2,1,0,0,0,0,2,1,1,1,1,39,7,4500,2,10,ALEXANDER DENNIS Model Missing,3,E01000630,0,-1
2020010267959,2020,010267959,2,11,0,9,9,5,3,0,0,1,0,0,0,0,3,1,1,1,1,49,8,4461,2,7,ALEXANDER DENNIS Model Missing,3,E01002598,0,-1
2020302001271,2020,302001271,1,11,0,18,19,6,3,0,0,0,0,0,0,0,1,1,1,1,2,47,8,4500,2,3,ALEXANDER DENNIS Model Missing,2,E01013497,0,-1
2020340N02842,2020,340N02842,2,11,0,18,19,3,7,0,0,8,0,0,0,0,1,1,1,1,1,33,6,4461,2,7,ALEXANDER DENNIS Model Missing,9,E01027254,0,-1
2020991008686,2020,991008686,2,11,0,18,19,5,8,0,0,1,0,0,0,0,4,1,1,1,1,27,6,4500,2,8,ALEXANDER DENNIS Model Missing,10,-1,0,-1
2020010234508,2020,010234508,1,11,0,5,5,5,1,0,0,1,0,0,0,0,1,1,2,2,1,62,9,6700,2,8,ALEXANDER DENNIS Model Missing,3,E01001673,0,-1