collision_index,collision_year,collision_ref_no,vehicle_reference,vehicle_type,towing_and_articulation,vehicle_manoeuvre_historic,vehicle_manoeuvre,vehicle_direction_from,vehicle_direction_to,vehicle_location_restricted_lane_historic,vehicle_location_restricted_lane,junction_location,skidding_and_overturning,hit_object_in_carriageway,vehicle_leaving_carriageway,hit_object_off_carriageway,first_point_of_impact,vehicle_left_hand_drive,journey_purpose_of_driver_historic,journey_purpose_of_driver,sex_of_driver,age_of_driver,age_band_of_driver,engine_capacity_cc,propulsion_code,age_of_vehicle,generic_make_model,driver_imd_decile,lsoa_of_driver,escooter_flag,driver_distance_banding
20201371U0454,2020,1371U0454,2,11,0,2,2,0,0,3,2,0,0,0,0,0,1,1,1,1,1,52,8,6700,2,4,ALEXANDER DENNIS Model Missing,3,E01011267,0,-1
2020010229497,2020,010229497,1,11,0,7,7,1,3,0,0,8,0,0,0,0,4,1,1,1,1,67,10,6700,2,10,ALEXANDER DENNIS Model Missing,1,E01015773,0,-1
2020990994916,2020,990994916,2,11,0,18,19,7,3,0,0,8,0,0,0,0,1,1,1,1,1,54,8,4500,2,8,ALEXANDER DENNIS Model Missing,-1,-1,0,-1
2020010244619,2020,010244619,1,11,0,3,3,5,1,2,2,0,0,0,0,0,0,1,1,1,2,57,9,4500,2,9,ALEXANDER DENNIS Model Missing,1,E01001364,0,-1
2020010233918,2020,010233918,1,11,0,5,5,2,6,0,0,0,0,0,0,0,1,1,1,1,1,69,10,4461,2,7,ALEXANDER DENNIS Model Missing,4,E01003448,0,-1
2020160965060,2020,160965060,2,11,0,18,19,5,1,0,0,1,0,0,0,0,4,1,1,1,1,40,7,8300,2,14,ALEXANDER DENNIS Model Missing,1,E01012846,0,-1
2020010277182,2020,010277182,1,11,0,18,19,5,1,0,0,0,0,0,0,0,1,1,1,1,1,64,9,6700,2,8,ALEXANDER DENNIS Model Missing,5,E01023295,0,-1
2020137630374,2020,137630374,1,11,0,18,19,1,5,0,0,1,0,0,0,0,1,1,1,1,1,40,7,4500,2,8,ALEXANDER DENNIS Model Missing,6,E01011308,0,-1
2020010258110,2020,010258110,1,11,0,18,19,2,6,0,0,0,0,0,0,0,0,1,1,1,2,61,9,4500,2,8,ALEXANDER DENNIS Model Missing,2,E01004083,0,-1
2020010284652,2020,010284652,1,11,0,4,4,1,5,0,0,0,0,0,0,0,0,1,1,1,1,52,8,4500,2,9,ALEXANDER DENNIS Model Missing,1,E01000521,0,-1
2020350968031,2020,350968031,1,11,0,18,19,5,1,0,0,0,0,0,0,0,1,1,1,1,1,49,8,4461,2,6,ALEXANDER DENNIS Model Missing,4,E01018100,0,-1
2020552100004,2020,552100004,2,11,0,9,9,4,2,0,0,8,0,0,0,0,1,1,1,1,1,56,9,6696,2,7,ALEXANDER DENNIS Model Missing,7,E01023054,0,-1
2020010254367,2020,010254367,2,11,0,18,19,1,5,0,0,1,0,0,0,0,1,1,1,1,1,27,6,4500,2,1,ALEXANDER DENNIS Model Missing,-1,-1,0,-1
2020140933377,2020,140933377,1,11,0,4,4,3,7,0,0,8,0,0,0,0,4,1,1,1,1,34,6,4500,2,9,ALEXANDER DENNIS Model Missing,3,E01008028,0,-1
202006A267355,2020,06A267355,1,11,0,18,19,3,7,0,0,1,0,0,0,0,1,1,1,1,1,52,8,6700,2,3,ALEXANDER DENNIS Model Missing,2,E01004969,0,-1
2020990922727,2020,990922727,1,11,0,18,19,8,4,0,0,1,0,0,0,0,1,1,1,1,1,32,6,6700,2,2,ALEXANDER DENNIS Model Missing,6,-1,0,-1
2020010262667,2020,010262667,2,11,0,18,19,3,7,0,0,1,0,0,0,0,1,1,6,6,1,30,6,6700,2,11,ALEXANDER DENNIS Model Missing,-1,-1,0,-1
2020010260676,2020,010260676,1,11,0,18,19,7,3,0,0,1,0,0,0,0,0,1,1,1,1,56,9,6700,2,4,ALEXANDER DENNIS Model Missing,1,E01032512,0,-1
2020010248491,2020,010248491,1,11,0,4,4,3,7,2,2,0,0,0,0,0,1,1,1,1,1,45,7,4500,2,3,ALEXANDER DENNIS Model Missing,2,E01003984,0,-1
2020500940707,2020,500940707,1,11,0,18,19,1,5,0,0,2,0,0,0,0,1,1,6,6,1,65,9,3900,2,16,ALEXANDER DENNIS Model Missing,3,E01015162,0,-1
2020201012862,2020,201012862,2,11,0,5,5,1,3,0,0,8,0,0,0,0,1,1,1,1,1,24,5,6700,2,4,ALEXANDER DENNIS Model Missing,1,E01009194,0,-1
2020010271620,2020,010271620,2,11,0,5,5,5,1,0,0,8,0,0,0,0,1,1,1,1,1,41,7,6700,2,11,ALEXANDER DENNIS Model Missing,4,E01002098,0,-1
2020010268719,2020,010268719,1,11,0,18,19,1,5,0,0,0,0,0,0,0,0,1,1,1,1,33,6,4500,2,5,ALEXANDER DENNIS Model Missing,3,E01001154,0,-1
2020200930403,2020,200930403,1,11,0,9,9,3,2,0,0,8,0,0,0,0,1,1,1,1,1,23,5,4461,2,6,ALEXANDER DENNIS Model Missing,1,E01009889,0,-1
2020522003683,2020,522003683,1,11,0,18,19,8,4,0,0,0,0,0,0,0,1,1,6,6,1,63,9,4500,2,11,ALEXANDER DENNIS Model Missing,8,E01032689,0,-1
2020010260639,2020,010260639,2,11,0,18,19,7,3,0,0,8,0,0,0,0,1,1,6,6,1,33,6,4500,2,5,ALEXANDER DENNIS Model Missing,1,E01000061,0,-1
2020010277427,2020,010277427,1,11,0,5,5,8,4,0,0,4,0,0,0,0,0,1,1,1,1,45,7,4500,2,3,ALEXANDER DENNIS Model Missing,3,E01001502,0,-1
2020140962006,2020,140962006,2,11,0,9,9,3,1,0,0,1,0,0,0,0,1,1,1,1,1,52,8,4461,2,2,ALEXANDER DENNIS Model Missing,1,E01008059,0,-1
2020470950122,2020,470950122,1,11,0,2,2,5,1,2,2,0,0,0,0,0,0,1,1,1,1,37,7,4500,2,1,ALEXANDER DENNIS Model Missing,4,E01016882,0,-1
2020440087021,2020,440087021,1,11,0,18,19,7,3,0,0,0,0,0,0,0,4,1,1,1,1,53,8,4500,2,4,ALEXANDER DENNIS Model Missing,1,E01023029,0,-1
2020200933087,2020,200933087,1,11,0,18,19,8,4,0,0,0,0,0,0,0,4,1,1,1,1,25,5,6696,2,7,ALEXANDER DENNIS Model Missing,1,E01009507,0,-1
2020470937570,2020,470937570,2,11,0,18,19,5,1,0,0,1,0,0,0,0,0,1,1,1,1,42,7,4500,2,8,ALEXANDER DENNIS Model Missing,7,E01021010,0,-1
2020440425614,2020,440425614,2,11,0,18,19,5,1,0,0,0,0,0,0,0,4,1,1,1,1,-1,-1,6700,2,4,ALEXANDER DENNIS Model Missing,-1,-1,0,-1
2020010278296,2020,010278296,2,11,0,99,99,9,9,99,99,0,9,99,9,99,9,9,6,6,3,-1,-1,4500,2,10,ALEXANDER DENNIS Model Missing,4,E01000497,0,-1
2020460962477,2020,460962477,1,11,0,18,19,3,7,0,0,2,1,0,0,0,1,1,1,1,1,51,8,4461,2,7,ALEXANDER DENNIS Model Missing,1,E01024678,0,-1
2020010284118,2020,010284118,1,11,0,5,5,3,7,0,0,2,0,0,0,0,1,1,1,1,1,58,9,6700,2,0,ALEXANDER DENNIS Model Missing,5,E01004225,0,-1
2020200977815,2020,200977815,1,11,0,5,5,2,6,0,0,1,0,0,0,0,1,1,1,1,1,59,9,6696,2,7,ALEXANDER DENNIS Model Missing,3,E01032423,0,-1
2020010228181,2020,010228181,2,11,0,4,4,5,1,0,0,0,0,0,0,0,0,1,1,1,1,34,6,4500,2,2,ALEXANDER DENNIS Model Missing,6,E01003226,0,-1
2020010283772,2020,010283772,1,11,0,18,19,1,5,0,0,0,0,0,0,0,0,1,1,1,1,56,9,6700,2,11,ALEXANDER DENNIS Model Missing,6,E01000187,0,-1
2020010230021,2020,010230021,2,11,0,3,3,1,5,0,0,1,0,0,0,0,1,1,1,1,1,54,8,4461,2,7,ALEXANDER DENNIS Model Missing,6,E01000330,0,-1
2020010284570,2020,010284570,5,11,0,3,3,3,7,0,0,0,0,0,0,0,0,1,6,6,1,50,8,4500,2,9,ALEXANDER DENNIS Model Missing,-1,-1,0,-1
2020010272473,2020,010272473,1,11,0,18,19,1,5,0,0,2,0,0,0,0,0,1,1,1,2,35,6,6700,2,11,ALEXANDER DENNIS Model Missing,3,E01003088,0,-1
2020010282380,2020,010282380,4,11,0,18,19,5,1,0,0,1,0,0,0,0,1,1,6,6,1,35,6,4500,2,2,ALEXANDER DENNIS Model Missing,3,E01003315,0,-1
2020440200616,2020,440200616,2,11,0,10,10,2,8,0,0,8,0,0,0,0,0,1,1,1,1,39,7,8300,2,15,ALEXANDER DENNIS Model Missing,4,E01022834,0,-1
2020010264577,2020,010264577,2,11,0,99,99,9,9,99,99,0,9,99,9,99,1,9,6,6,2,37,7,4500,2,10,ALEXANDER DENNIS Model Missing,4,E01003282,0,-1
2020530938387,2020,530938387,2,11,0,9,9,3,1,0,0,8,0,0,0,0,3,1,5,6,1,30,6,6700,2,9,ALEXANDER DENNIS Model Missing,4,E01032936,0,-1
2020140983417,2020,140983417,1,11,0,18,19,1,5,0,0,0,0,0,0,0,0,1,1,1,1,33,6,6700,2,4,ALEXANDER DENNIS Model Missing,3,E01007781,0,-1
2020010266348,2020,010266348,1,11,0,18,19,1,5,0,0,0,0,0,0,0,0,1,1,1,1,35,6,4500,2,8,ALEXANDER DENNIS Model Missing,4,E01001146,0,-1
2020200998600,2020,200998600,2,11,0,18,19,8,4,0,0,8,0,0,0,0,3,1,1,1,1,35,6,6700,2,2,ALEXANDER DENNIS Model Missing,1,E01008929,0,-1
2020010270739,2020,010270739,1,11,0,99,99,9,9,99,99,1,9,99,9,99,9,9,6,6,1,47,8,6700,2,8,ALEXANDER DENNIS Model Missing,3,E01003727,0,-1
2020010240198,2020,010240198,1,11,0,5,5,7,3,0,0,1,0,0,0,0,0,1,1,1,1,35,6,4500,2,3,ALEXANDER DENNIS Model Missing,4,E01001296,0,-1
2020200997989,2020,200997989,1,11,0,18,19,-1,-1,0,0,0,0,0,0,0,3,1,1,1,1,46,8,4500,2,9,ALEXANDER DENNIS Model Missing,4,E01010556,0,-1
2020010228270,2020,010228270,1,11,0,18,19,3,7,0,0,2,0,0,0,0,0,1,2,2,1,37,7,4500,2,1,ALEXANDER DENNIS Model Missing,1,E01000721,0,-1
2020460941457,2020,460941457,1,11,0,18,19,5,1,0,0,0,0,0,0,0,3,1,1,1,1,53,8,6696,2,6,ALEXANDER DENNIS Model Missing,2,E01016039,0,-1
2020010264009,2020,010264009,1,11,0,18,19,3,7,0,0,1,0,0,0,0,1,1,1,1,2,32,6,4500,2,3,ALEXANDER DENNIS Model Missing,1,E01002082,0,-1
2020010270093,2020,010270093,1,11,0,4,4,5,1,0,0,0,0,0,0,0,0,1,1,1,1,55,8,4500,2,0,ALEXANDER DENNIS Model Missing,10,E01030355,0,-1
2020320516626,2020,320516626,2,11,0,18,19,3,7,0,0,1,0,0,0,0,1,1,1,1,1,51,8,4500,2,8,ALEXANDER DENNIS Model Missing,-1,-1,0,-1
2020010285359,2020,010285359,1,11,0,99,99,9,9,99,99,9,9,99,9,99,1,9,6,6,3,38,7,4500,2,12,ALEXANDER DENNIS Model Missing,5,E01000589,0,-1
2020160921572,2020,160921572,1,11,0,5,5,1,5,0,0,0,0,0,0,0,3,1,6,6,1,-1,-1,6700,2,9,ALEXANDER DENNIS Model Missing,-1,-1,0,-1
2020010246769,2020,010246769,1,11,0,11,11,1,5,0,0,1,0,0,0,0,0,1,1,1,1,57,9,4500,2,3,ALEXANDER DENNIS Model Missing,6,E01003223,0,-1
202031A144320,2020,31A144320,1,11,0,18,19,6,2,0,0,1,0,0,0,0,0,1,1,1,1,49,8,4500,2,4,ALEXANDER DENNIS Model Missing,9,E01019474,0,-1
2020052000145,2020,052000145,1,11,0,18,19,5,1,0,0,1,0,0,0,0,1,1,1,1,1,27,6,6700,2,4,ALEXANDER DENNIS Model Missing,4,E01006454,0,-1
2020052000754,2020,052000754,2,11,0,3,3,1,5,0,0,1,0,0,0,0,2,1,1,1,1,29,6,6700,2,4,ALEXANDER DENNIS Model Missing,7,E01025499,0,-1
2020320263052,2020,320263052,2,11,0,18,19,7,3,0,0,8,0,0,0,0,3,1,1,1,2,50,8,6700,2,12,ALEXANDER DENNIS Model Missing,2,E01026111,0,-1
2020350943691,2020,350943691,1,11,0,18,19,5,1,0,0,0,0,0,0,0,4,1,1,1,1,32,6,6700,2,9,ALEXANDER DENNIS Model Missing,8,E01018217,0,-1
2020010254128,2020,010254128,1,11,0,4,4,4,8,0,0,0,0,0,0,0,0,1,1,1,2,23,5,4500,2,9,ALEXANDER DENNIS Model Missing,6,E01024136,0,-1
2020471004916,2020,471004916,1,11,0,2,2,0,0,0,0,0,0,0,0,0,0,1,1,1,1,51,8,4500,2,1,ALEXANDER DENNIS Model Missing,8,E01016980,0,-1
2020137990379,2020,137990379,2,11,0,18,19,2,6,2,2,8,0,0,0,0,0,1,1,1,1,42,7,6700,2,3,ALEXANDER DENNIS Model Missing,8,E01011743,0,-1
2020471002232,2020,471002232,1,11,0,14,14,7,3,0,0,2,0,0,0,0,2,1,5,6,1,58,9,6700,2,2,ALEXANDER DENNIS Model Missing,3,E01031787,0,-1
2020010232838,2020,010232838,1,11,0,17,19,5,3,0,0,0,0,0,0,0,1,1,1,1,1,52,8,4500,2,10,ALEXANDER DENNIS Model Missing,3,E01033084,0,-1
2020991005374,2020,991005374,1,11,0,7,7,7,1,0,0,0,0,0,0,0,4,1,1,1,1,51,8,6696,2,7,ALEXANDER DENNIS Model Missing,7,-1,0,-1
2020010283881,2020,010283881,2,11,0,3,3,7,3,0,0,0,0,0,0,0,0,1,6,6,1,42,7,6696,2,7,ALEXANDER DENNIS Model Missing,-1,-1,0,-1
2020010238051,2020,010238051,2,11,0,2,2,0,0,2,2,0,0,0,0,0,2,1,6,6,3,-1,-1,6700,2,10,ALEXANDER DENNIS Model Missing,-1,-1,0,-1
2020010238590,2020,010238590,1,11,0,5,5,3,7,0,0,0,0,0,0,0,0,1,6,6,1,47,8,4500,2,6,ALEXANDER DENNIS Model Missing,3,E01001697,0,-1
2020010268605,2020,010268605,1,11,0,18,19,1,5,0,0,8,0,0,0,0,0,1,1,1,1,28,6,4500,2,2,ALEXANDER DENNIS Model Missing,2,E01001754,0,-1
2020010249370,2020,010249370,2,11,0,18,19,5,1,99,99,9,9,99,9,99,1,9,6,6,1,-1,-1,4500,2,4,ALEXANDER DENNIS Model Missing,-1,-1,0,-1
2020010240039,2020,010240039,1,11,0,4,4,1,5,0,0,1,0,0,0,0,0,1,1,1,1,44,7,6700,2,2,ALEXANDER DENNIS Model Missing,3,E01015922,0,-1
2020200978890,2020,200978890,2,11,0,18,19,8,4,0,0,1,0,0,0,0,1,1,1,1,1,30,6,6696,2,7,ALEXANDER DENNIS Model Missing,7,E01009550,0,-1
2020460939942,2020,460939942,1,11,0,18,19,1,5,0,0,0,0,0,0,0,1,1,1,1,1,57,9,4500,2,6,ALEXANDER DENNIS Model Missing,6,E01033738,0,-1
2020501008359,2020,501008359,1,11,0,5,5,1,5,0,0,4,0,0,0,0,1,1,1,1,1,59,9,6700,2,10,ALEXANDER DENNIS Model Missing,6,E01020223,0,-1
2020010274660,2020,010274660,1,11,0,18,19,7,3,2,2,2,0,0,0,0,0,1,6,6,1,31,6,6700,2,9,ALEXANDER DENNIS Model Missing,8,E01002383,0,-1
2020160931671,2020,160931671,1,11,0,5,5,4,8,0,0,0,0,0,0,0,0,1,1,1,2,67,10,4500,2,1,ALEXANDER DENNIS Model Missing,3,E01012943,0,-1
2020990964518,2020,990964518,1,11,0,18,19,2,6,0,0,1,0,0,0,0,1,1,1,1,1,51,8,6700,2,1,ALEXANDER DENNIS Model Missing,3,-1,0,-1
2020200991061,2020,200991061,2,11,0,3,3,2,6,0,0,1,0,0,0,0,1,1,1,1,1,48,8,6700,2,12,ALEXANDER DENNIS Model Missing,4,E01009879,0,-1
2020010237896,2020,010237896,1,11,0,7,7,7,1,0,0,8,0,0,0,0,1,1,1,1,1,55,8,4500,2,2,ALEXANDER DENNIS Model Missing,5,E01001088,0,-1
2020010237589,2020,010237589,1,11,0,18,19,5,1,0,0,1,0,0,0,0,1,1,1,1,1,62,9,4500,2,10,ALEXANDER DENNIS Model Missing,4,E01001221,0,-1
2020420918287,2020,420918287,1,11,0,18,19,8,4,0,0,0,0,4,0,0,1,1,1,1,1,61,9,3900,2,13,ALEXANDER DENNIS Model Missing,4,E01021706,0,-1
2020010231049,2020,010231049,1,11,0,4,4,1,5,0,0,2,0,0,0,0,0,1,1,1,1,59,9,4500,2,3,ALEXANDER DENNIS Model Missing,6,E01002940,0,-1
202006J369985,2020,06J369985,1,11,0,4,4,5,1,0,0,0,0,0,0,0,0,1,1,1,1,35,6,6700,2,12,ALEXANDER DENNIS Model Missing,1,E01005107,0,-1
202031B117620,2020,31B117620,1,11,0,4,4,8,3,0,0,1,0,0,0,0,0,1,1,1,1,56,9,4500,2,8,ALEXANDER DENNIS Model Missing,3,E01028258,0,-1
2020440075639,2020,440075639,1,11,0,18,19,2,6,0,0,0,0,0,0,0,1,1,1,1,1,55,8,6700,2,1,ALEXANDER DENNIS Model Missing,10,E01022883,0,-1
2020010255468,2020,010255468,3,11,0,18,19,3,7,0,0,1,0,0,0,0,1,1,1,1,1,60,9,4500,2,5,ALEXANDER DENNIS Model Missing,2,E01001710,0,-1
2020470961160,2020,470961160,2,11,0,18,19,5,1,0,0,0,0,0,0,0,0,1,1,1,1,46,8,4500,2,1,ALEXANDER DENNIS Model Missing,3,E01016881,0,-1
2020010260497,2020,010260497,1,11,0,5,5,1,5,2,2,8,0,0,0,0,4,1,1,1,1,27,6,4500,2,2,ALEXANDER DENNIS Model Missing,2,E01001780,0,-1
2020010235914,2020,010235914,1,11,0,4,4,7,3,0,0,0,0,0,0,0,1,1,1,1,1,49,8,4500,2,6,ALEXANDER DENNIS Model Missing,3,E01001578,0,-1
2020010247688,2020,010247688,1,11,0,10,10,3,8,0,0,0,0,0,0,0,0,2,1,1,1,32,6,6700,2,9,ALEXANDER DENNIS Model Missing,1,E01015932,0,-1
2020010259992,2020,010259992,1,11,0,18,19,1,5,0,0,5,0,0,0,0,1,1,1,1,1,40,7,4500,2,10,ALEXANDER DENNIS Model Missing,2,E01002797,0,-1
2020990994650,2020,990994650,2,11,0,5,5,5,1,0,0,0,0,0,0,0,3,1,1,1,1,36,7,4500,2,9,ALEXANDER DENNIS Model Missing,4,-1,0,-1
2020010232825,2020,010232825,1,11,0,4,4,5,1,0,0,1,0,0,0,0,0,1,6,6,1,-1,-1,4500,2,9,ALEXANDER DENNIS Model Missing,2,E01003633,0,-1
2020500925343,2020,500925343,1,11,0,18,19,4,2,0,0,0,0,10,0,0,4,1,1,1,1,43,7,4461,2,6,ALEXANDER DENNIS Model Missing,6,E01020195,0,-1
2020420930461,2020,420930461,2,11,0,18,19,3,7,0,0,1,0,0,0,0,1,1,1,1,1,38,7,3900,2,15,ALEXANDER DENNIS Model Missing,6,E01021380,0,-1
2020470999962,2020,470999962,2,11,0,9,9,4,2,0,0,1,0,0,0,0,3,1,5,6,1,54,8,6700,2,4,ALEXANDER DENNIS Model Missing,7,E01020970,0,-1
2020010287590,2020,010287590,1,11,0,4,4,3,7,0,0,9,0,0,0,0,0,1,1,1,1,46,8,4500,2,2,ALEXANDER DENNIS Model Missing,8,E01003812,0,-1
2020010249326,2020,010249326,1,11,0,5,5,5,1,0,0,6,0,0,0,0,3,1,6,6,1,62,9,6700,2,0,ALEXANDER DENNIS Model Missing,9,E01026519,0,-1
2020010228693,2020,010228693,2,11,0,18,19,4,8,0,0,1,0,0,0,0,1,1,1,1,1,55,8,6700,2,12,ALEXANDER DENNIS Model Missing,4,E01003326,0,-1
2020010247676,2020,010247676,2,11,0,7,7,5,7,0,0,4,0,0,1,0,4,1,1,1,1,56,9,4500,2,11,ALEXANDER DENNIS Model Missing,10,E01030614,0,-1
2020010272037,2020,010272037,1,11,0,18,19,5,1,0,0,1,0,0,0,0,0,1,1,1,1,50,8,4500,2,8,ALEXANDER DENNIS Model Missing,2,E01004719,0,-1
2020052001008,2020,052001008,1,11,0,18,19,3,7,0,0,1,0,0,0,0,1,1,1,1,1,30,6,6696,2,5,ALEXANDER DENNIS Model Missing,1,E01006967,0,-1
2020140926356,2020,140926356,1,11,0,4,4,7,3,0,0,1,0,0,0,0,0,1,1,1,1,43,7,6700,2,4,ALEXANDER DENNIS Model Missing,4,E01007354,0,-1
2020501012778,2020,501012778,1,11,0,18,19,8,4,0,0,1,0,0,0,0,4,1,1,1,1,63,9,4461,2,6,ALEXANDER DENNIS Model Missing,6,E01019893,0,-1
2020140981897,2020,140981897,1,11,0,2,2,1,1,0,0,0,0,0,0,0,0,1,1,1,1,48,8,4500,2,10,ALEXANDER DENNIS Model Missing,1,E01007916,0,-1
2020200995086,2020,200995086,1,11,0,4,4,2,6,6,6,0,0,0,0,0,0,1,1,1,1,36,7,6700,2,4,ALEXANDER DENNIS Model Missing,1,E01009344,0,-1
2020991010264,2020,991010264,1,11,0,4,4,6,1,7,6,5,1,4,0,0,1,1,1,1,1,59,9,6700,2,2,ALEXANDER DENNIS Model Missing,1,-1,0,-1
202006A277946,2020,06A277946,2,11,0,18,19,5,1,0,0,1,0,0,0,0,1,1,6,6,2,54,8,6700,2,3,ALEXANDER DENNIS Model Missing,3,E01005161,0,-1
2020302000956,2020,302000956,2,11,0,5,5,4,8,0,0,0,0,0,0,0,0,1,1,1,1,65,9,4500,2,3,ALEXANDER DENNIS Model Missing,4,E01013501,0,-1
2020010231911,2020,010231911,1,11,0,4,4,1,5,0,0,4,0,0,0,0,0,1,1,1,1,60,9,6700,2,8,ALEXANDER DENNIS Model Missing,-1,-1,0,-1
2020010280297,2020,010280297,1,11,0,18,19,6,2,0,0,1,0,0,0,0,1,1,1,1,1,62,9,6700,2,1,ALEXANDER DENNIS Model Missing,5,E01003217,0,-1
202006E377199,2020,06E377199,1,11,0,9,9,8,6,0,0,8,0,0,0,0,1,1,1,1,1,48,8,6700,2,11,ALEXANDER DENNIS Model Missing,5,E01005268,0,-1
2020141009037,2020,141009037,2,11,0,18,19,2,6,0,0,8,0,0,0,0,4,1,1,1,1,69,10,6696,2,6,ALEXANDER DENNIS Model Missing,1,E01008096,0,-1
2020010269532,2020,010269532,2,11,0,2,2,0,0,0,0,0,0,0,0,0,4,1,6,6,3,-1,-1,6700,2,10,ALEXANDER DENNIS Model Missing,-1,-1,0,-1
2020010264304,2020,010264304,1,11,0,4,4,3,7,0,0,2,0,0,0,0,0,1,1,1,1,29,6,4500,2,1,ALEXANDER DENNIS Model Missing,6,E01002933,0,-1
2020010246736,2020,010246736,1,11,0,18,19,1,5,0,0,2,0,0,0,0,1,1,1,1,1,44,7,6700,2,10,ALEXANDER DENNIS Model Missing,2,E01001128,0,-1
2020010248541,2020,010248541,1,11,0,9,9,4,3,0,0,8,0,10,1,4,4,1,1,1,1,59,9,6700,2,10,ALEXANDER DENNIS Model Missing,4,E01001183,0,-1
2020440429984,2020,440429984,1,11,0,18,19,6,2,0,0,1,0,0,0,0,1,1,1,1,1,62,9,4461,2,3,ALEXANDER DENNIS Model Missing,6,E01022657,0,-1
2020010234974,2020,010234974,1,11,0,18,19,5,1,0,0,2,0,0,0,0,3,1,1,1,1,66,10,4500,2,6,ALEXANDER DENNIS Model Missing,7,E01000442,0,-1
2020501013979,2020,501013979,1,11,0,1,1,1,5,0,0,6,0,0,0,0,3,1,1,1,1,49,8,3900,2,15,ALEXANDER DENNIS Model Missing,3,E01019062,0,-1
2020010248145,2020,010248145,2,11,0,18,19,1,5,0,0,0,0,0,0,0,1,1,1,1,1,22,5,4500,2,3,ALEXANDER DENNIS Model Missing,1,E01002732,0,-1
2020480256949,2020,480256949,1,11,0,18,19,7,3,0,0,1,0,0,0,0,0,1,1,1,1,50,8,4500,2,6,ALEXANDER DENNIS Model Missing,8,E01003678,0,-1
2020010267393,2020,010267393,2,11,0,3,3,5,1,0,0,1,0,0,0,0,1,1,1,1,1,62,9,4500,2,12,ALEXANDER DENNIS Model Missing,-1,-1,0,-1
2020160944730,2020,160944730,1,11,0,3,3,2,6,2,2,0,0,0,0,0,0,1,1,1,1,58,9,4500,2,13,ALEXANDER DENNIS Model Missing,1,E01012855,0,-1
2020010230830,2020,010230830,1,11,0,3,3,5,1,0,0,2,0,0,0,0,1,1,1,1,2,37,7,4500,2,9,ALEXANDER DENNIS Model Missing,5,E01000194,0,-1
2020370935564,2020,370935564,3,11,0,2,2,5,1,0,0,0,0,0,0,0,3,1,5,6,1,35,6,5900,2,14,ALEXANDER DENNIS Model Missing,1,E01030277,0,-1
2020010253925,2020,010253925,1,11,0,4,4,5,1,0,0,1,0,0,0,0,0,1,1,1,1,54,8,4500,2,9,ALEXANDER DENNIS Model Missing,6,E01002336,0,-1
2020471004538,2020,471004538,1,11,0,9,9,6,4,0,0,1,0,0,0,0,0,1,1,1,1,55,8,4500,2,0,ALEXANDER DENNIS Model Missing,6,E01016912,0,-1
2020010272090,2020,010272090,1,11,0,18,19,3,7,0,0,4,0,0,0,0,0,1,1,1,1,59,9,4500,2,8,ALEXANDER DENNIS Model Missing,7,E01003475,0,-1
2020010232232,2020,010232232,1,11,0,4,4,1,5,0,0,0,0,0,0,0,4,1,6,6,1,56,9,4500,2,10,ALEXANDER DENNIS Model Missing,6,E01003223,0,-1
2020201007367,2020,201007367,1,11,0,18,19,6,2,0,0,8,0,0,0,0,3,1,1,1,1,53,8,6696,2,7,ALEXANDER DENNIS Model Missing,2,E01008946,0,-1