collision_index,collision_year,collision_ref_no,vehicle_reference,vehicle_type,towing_and_articulation,vehicle_manoeuvre_historic,vehicle_manoeuvre,vehicle_direction_from,vehicle_direction_to,vehicle_location_restricted_lane_historic,vehicle_location_restricted_lane,junction_location,skidding_and_overturning,hit_object_in_carriageway,vehicle_leaving_carriageway,hit_object_off_carriageway,first_point_of_impact,vehicle_left_hand_drive,journey_purpose_of_driver_historic,journey_purpose_of_driver,sex_of_driver,age_of_driver,age_band_of_driver,engine_capacity_cc,propulsion_code,age_of_vehicle,generic_make_model,driver_imd_decile,lsoa_of_driver,escooter_flag,driver_distance_banding
2020010277712,2020,010277712,2,11,0,99,99,9,9,99,99,0,9,99,9,99,1,9,6,6,2,20,4,6700,2,13,ALEXANDER DENNIS Model Missing,-1,-1,0,-1
2020201010702,2020,201010702,1,11,0,18,19,2,6,0,0,0,0,0,0,0,3,1,1,1,2,52,8,6700,2,2,ALEXANDER DENNIS Model Missing,1,E01008940,0,-1
2020320408867,2020,320408867,1,5,0,13,13,7,3,0,0,0,0,0,0,0,1,1,6,6,1,58,9,896,1,3,-1,3,E01025866,0,-1
2020200987859,2020,200987859,1,9,0,18,19,6,2,0,0,2,0,0,0,0,1,1,6,6,3,-1,-1,-1,3,0,-1,-1,-1,0,-1
2020052002359,2020,052002359,3,9,0,3,3,7,3,0,0,0,0,0,0,0,2,1,6,6,1,37,7,-1,3,0,-1,9,E01012374,0,-1
2020410989538,2020,410989538,2,9,0,11,11,5,1,0,0,3,0,0,0,0,3,1,6,6,2,-1,-1,-1,3,0,-1,5,E01017390,0,-1
202006M175925,2020,06M175925,1,9,0,18,19,4,8,0,0,0,0,0,0,0,4,1,6,6,3,-1,-1,-1,3,1,-1,-1,-1,0,-1
2020052002631,2020,052002631,2,9,0,18,19,6,2,0,0,2,0,0,1,11,0,1,6,6,1,35,6,-1,3,0,-1,2,E01006456,0,-1
2020430123854,2020,430123854,1,9,0,18,19,2,6,0,0,4,0,0,0,0,1,1,6,6,2,55,8,-1,3,1,-1,10,E01016533,0,-1
2020010260108,2020,010260108,1,9,0,18,19,7,3,0,0,0,0,0,0,0,4,1,6,6,1,61,9,2967,2,11,-1,7,E01030520,0,-1
2020010239441,2020,010239441,1,9,0,18,19,1,5,0,0,0,0,4,0,0,4,2,6,6,2,44,7,2967,2,14,-1,3,E01003537,0,-1
2020010264610,2020,010264610,2,9,0,9,9,7,5,0,0,3,0,0,0,0,1,1,6,6,1,55,8,1781,1,19,-1,3,E01002568,0,-1
2020137520751,2020,137520751,1,9,0,18,19,6,1,4,4,0,0,0,0,0,4,1,1,1,1,32,6,1395,1,6,-1,3,E01010789,0,-1
2020122001046,2020,122001046,1,9,0,13,13,1,5,0,0,1,0,0,0,0,1,1,6,6,1,22,5,2967,2,13,-1,8,E01027635,0,-1
2020137CN1043,2020,137CN1043,1,9,0,4,4,3,7,0,0,1,0,0,0,0,1,1,6,6,2,26,6,1980,1,8,-1,3,E01011722,0,-1
2020140965940,2020,140965940,2,9,0,18,19,5,1,0,0,0,0,0,0,0,3,1,5,6,1,22,5,1781,1,20,-1,-1,-1,0,-1
2020040918770,2020,040918770,1,9,0,16,19,6,2,0,0,0,5,10,1,9,4,1,5,6,2,21,5,995,1,13,CHEVROLET MATIZ,8,E01006992,0,-1
2020552000620,2020,552000620,2,9,0,18,19,8,4,0,0,8,0,0,0,0,1,1,6,6,1,20,4,995,1,12,CHEVROLET MATIZ,9,E01015451,0,-1
2020137CC1302,2020,137CC1302,1,9,0,18,19,3,7,0,0,0,0,0,0,0,1,1,6,6,1,69,10,995,1,15,CHEVROLET MATIZ,10,E01011948,0,-1
2020470972828,2020,470972828,1,9,0,18,19,5,1,0,0,4,0,0,0,0,4,1,2,2,2,53,8,995,1,12,CHEVROLET MATIZ,4,E01020919,0,-1
2020200948169,2020,200948169,1,9,0,16,19,6,1,0,0,0,2,0,0,0,4,1,6,6,1,25,5,995,1,15,CHEVROLET MATIZ,1,E01009769,0,-1
2020140947958,2020,140947958,1,9,0,18,19,1,5,0,0,0,0,0,1,2,4,1,5,6,2,39,7,995,1,15,CHEVROLET MATIZ,-1,-1,0,-1
2020010247396,2020,010247396,2,9,0,99,99,9,9,99,99,0,9,99,9,99,2,9,6,6,3,50,8,995,1,11,CHEVROLET MATIZ,2,E01002766,0,-1
2020200981911,2020,200981911,1,9,0,5,5,-1,-1,0,0,8,0,0,0,0,1,1,6,6,2,52,8,796,1,15,CHEVROLET MATIZ,1,E01033646,0,-1
2020622000848,2020,622000848,1,9,0,1,1,7,3,0,0,1,0,4,0,0,2,1,6,6,1,84,11,995,1,11,CHEVROLET MATIZ,10,W01001036,0,-1
2020220973065,2020,220973065,1,9,0,7,7,7,2,0,0,5,0,0,0,0,4,1,5,6,2,39,7,995,1,12,CHEVROLET MATIZ,5,E01032414,0,-1
2020160987125,2020,160987125,2,9,0,5,5,6,2,0,0,8,0,0,0,0,3,1,5,6,1,55,8,995,1,13,CHEVROLET MATIZ,8,E01013149,0,-1
2020010272557,2020,010272557,2,9,0,99,99,9,9,99,99,9,9,99,9,99,1,9,6,6,3,-1,-1,796,1,11,CHEVROLET MATIZ,2,E01003350,0,-1
2020622000755,2020,622000755,1,9,0,4,4,4,8,0,0,1,0,0,0,0,1,1,6,6,2,20,4,995,1,11,CHEVROLET MATIZ,2,W01001456,0,-1
2020470958598,2020,470958598,2,9,0,3,3,7,3,0,0,3,0,0,1,0,2,1,6,6,1,18,4,995,1,15,CHEVROLET MATIZ,2,E01016914,0,-1
2020470921536,2020,470921536,2,9,0,18,19,1,5,0,0,8,0,0,7,0,1,1,2,2,2,47,8,995,1,11,CHEVROLET MATIZ,6,E01021200,0,-1
2020010229453,2020,010229453,6,9,0,3,3,1,5,0,0,0,0,0,0,0,3,1,6,6,1,-1,-1,796,1,13,CHEVROLET MATIZ,-1,-1,0,-1
2020052000893,2020,052000893,2,9,0,18,19,2,6,0,0,8,0,0,0,0,4,1,2,2,2,48,8,995,1,13,CHEVROLET MATIZ,1,E01033768,0,-1
202006N173229,2020,06N173229,1,9,0,18,19,7,3,0,0,1,0,0,0,0,2,1,6,6,2,30,6,796,1,11,CHEVROLET MATIZ,4,E01004964,0,-1
2020010250354,2020,010250354,2,9,0,99,99,9,9,99,99,0,9,99,9,99,1,9,6,6,3,18,4,995,1,14,CHEVROLET MATIZ,6,E01031591,0,-1
2020070727539,2020,070727539,1,9,0,18,19,2,6,0,0,0,0,0,0,0,1,1,6,6,2,-1,-1,995,1,12,CHEVROLET MATIZ,-1,-1,0,-1
2020302000575,2020,302000575,1,9,0,5,5,4,3,0,0,1,0,0,0,0,1,1,6,6,1,-1,-1,995,1,14,CHEVROLET MATIZ,3,E01019665,0,-1
2020340N03952,2020,340N03952,2,9,0,18,19,3,7,0,0,0,0,0,0,0,0,1,6,6,1,43,7,995,1,11,CHEVROLET MATIZ,1,E01027242,0,-1
2020460921926,2020,460921926,2,9,0,18,19,2,6,0,0,4,0,0,0,0,3,1,5,6,1,68,10,995,1,10,CHEVROLET MATIZ,1,E01024658,0,-1
2020552000652,2020,552000652,2,9,0,18,19,8,4,0,0,8,0,0,0,0,1,1,6,6,1,83,11,995,1,11,CHEVROLET MATIZ,7,E01032661,0,-1
2020360951083,2020,360951083,2,9,0,18,19,7,3,0,0,1,0,0,0,0,1,1,5,6,2,54,8,995,1,14,CHEVROLET MATIZ,8,E01026881,0,-1
2020410961769,2020,410961769,1,9,0,9,9,1,5,0,0,2,0,10,0,0,1,1,6,6,2,49,8,995,1,11,CHEVROLET MATIZ,9,E01023969,0,-1
2020552000724,2020,552000724,1,9,0,17,19,8,4,0,0,0,5,0,1,10,3,1,6,6,2,17,4,995,1,11,CHEVROLET MATIZ,6,E01020456,0,-1
2020622100019,2020,622100019,2,9,0,4,4,1,5,0,0,0,0,0,0,0,2,1,2,2,1,23,5,995,1,13,CHEVROLET MATIZ,5,W01001099,0,-1
202063B054520,2020,63B054520,1,9,0,17,19,2,7,0,0,0,1,0,8,10,3,1,6,6,2,21,5,995,1,14,CHEVROLET MATIZ,5,W01000531,0,-1
2020622000557,2020,622000557,1,9,0,18,19,8,4,0,0,8,0,0,0,0,1,1,6,6,1,81,11,796,1,11,CHEVROLET MATIZ,8,W01001752,0,-1
2020360957537,2020,360957537,1,9,0,18,19,7,1,0,0,8,0,0,0,0,1,1,6,6,2,-1,-1,995,1,11,CHEVROLET MATIZ,1,E01018108,0,-1
2020220961123,2020,220961123,1,9,0,5,5,8,5,0,0,4,0,0,0,0,3,1,5,6,2,40,7,995,1,12,CHEVROLET MATIZ,6,E01032266,0,-1
2020070244150,2020,070244150,1,9,0,17,19,7,3,0,0,1,2,0,0,0,3,1,6,6,2,21,5,995,1,11,CHEVROLET MATIZ,2,E01018710,0,-1
2020552000433,2020,552000433,2,9,0,3,3,8,2,0,0,1,0,0,0,0,2,1,6,6,2,85,11,995,1,12,CHEVROLET MATIZ,4,E01020581,0,-1
2020471006482,2020,471006482,2,9,0,18,19,7,3,0,0,8,0,0,0,0,1,1,5,6,2,21,5,796,1,10,CHEVROLET MATIZ,10,E01031822,0,-1
2020470937583,2020,470937583,2,9,0,17,19,7,5,0,0,1,0,0,0,0,4,1,3,7,2,46,8,995,1,14,CHEVROLET MATIZ,10,E01016930,0,-1
2020400955362,2020,400955362,2,9,0,5,5,7,1,0,0,1,0,0,0,0,3,1,5,6,2,30,6,796,1,13,CHEVROLET MATIZ,9,E01017432,0,-1
2020360939296,2020,360939296,2,9,0,18,19,2,6,0,0,1,0,0,0,0,4,1,5,6,2,72,10,796,1,13,CHEVROLET MATIZ,8,E01026490,0,-1
2020010238047,2020,010238047,1,9,0,3,3,5,1,0,0,1,1,0,0,0,2,1,6,6,1,54,8,796,1,13,CHEVROLET MATIZ,3,E01003146,0,-1
2020410949825,2020,410949825,3,9,0,2,2,0,0,9,9,1,0,0,0,0,4,1,6,6,3,-1,-1,796,1,14,CHEVROLET MATIZ,-1,-1,0,-1
2020040998864,2020,040998864,2,9,0,18,19,3,3,0,0,8,0,0,0,0,4,1,6,6,2,35,6,995,1,13,CHEVROLET MATIZ,3,E01025058,0,-1
2020470984124,2020,470984124,1,9,0,7,7,2,4,0,0,6,0,0,0,0,3,1,5,6,1,82,11,796,1,13,CHEVROLET MATIZ,8,E01021147,0,-1
2020010277342,2020,010277342,2,9,0,99,99,9,9,99,99,9,9,99,9,99,1,9,6,6,3,-1,-1,995,1,12,CHEVROLET MATIZ,-1,-1,0,-1
2020430346569,2020,430346569,1,9,0,5,5,1,5,0,0,4,0,0,0,0,3,1,6,6,1,48,8,995,1,12,CHEVROLET MATIZ,9,E01032950,0,-1
202054B064520,2020,54B064520,1,9,0,18,19,3,7,0,0,0,0,0,0,0,2,1,6,6,2,45,7,995,1,11,CHEVROLET MATIZ,1,E01015546,0,-1
2020420961807,2020,420961807,1,9,0,18,19,3,7,0,0,8,5,4,0,0,3,1,1,1,2,30,6,796,1,14,CHEVROLET MATIZ,5,E01002319,0,-1
2020530950547,2020,530950547,2,9,0,18,19,-1,-1,0,0,2,0,0,0,0,3,1,6,6,1,23,5,995,1,14,CHEVROLET MATIZ,3,E01022159,0,-1
2020010258069,2020,010258069,1,9,0,5,5,3,7,0,0,1,0,0,0,0,1,1,1,1,1,40,7,995,1,14,CHEVROLET MATIZ,2,E01002045,0,-1
2020010244931,2020,010244931,2,9,0,2,2,0,0,9,9,0,0,0,0,0,3,1,6,6,3,-1,-1,995,1,15,CHEVROLET MATIZ,-1,-1,0,-1
2020440306082,2020,440306082,1,9,0,3,3,6,2,0,0,8,0,0,0,0,2,1,6,6,2,44,7,995,1,14,CHEVROLET MATIZ,10,E01022505,0,-1
2020040983092,2020,040983092,2,9,0,18,19,5,1,0,0,8,0,0,0,0,1,1,5,6,2,26,6,796,1,11,CHEVROLET MATIZ,2,E01012654,0,-1
2020451008943,2020,451008943,1,9,0,18,19,1,5,0,0,0,1,0,0,0,3,1,5,6,1,55,8,995,1,12,CHEVROLET MATIZ,9,E01031461,0,-1
2020450955763,2020,450955763,1,9,0,18,19,1,5,0,0,0,0,0,0,0,1,1,5,6,2,51,8,995,1,11,CHEVROLET MATIZ,3,E01003430,0,-1
2020610004820,2020,610004820,1,9,0,17,19,6,3,0,0,0,0,0,0,0,1,1,1,1,1,61,9,995,1,11,CHEVROLET MATIZ,-1,-1,0,-1
2020371015533,2020,371015533,1,9,0,18,19,7,3,0,0,0,0,0,0,0,1,1,5,6,1,77,11,995,1,13,CHEVROLET MATIZ,1,E01030247,0,-1
202031C066120,2020,31C066120,1,9,0,18,19,6,2,0,0,4,0,0,0,0,1,1,6,6,1,79,11,995,1,15,CHEVROLET MATIZ,2,E01027937,0,-1
2020200963284,2020,200963284,2,9,0,2,2,0,0,9,9,2,0,0,0,0,2,1,6,6,3,-1,-1,995,1,14,CHEVROLET MATIZ,-1,-1,0,-1
2020501015106,2020,501015106,2,9,0,9,9,3,1,0,0,1,0,0,0,0,1,1,6,6,2,22,5,995,1,12,CHEVROLET MATIZ,2,E01015156,0,-1
2020440305265,2020,440305265,2,9,0,18,19,2,6,0,0,8,0,0,0,0,1,1,6,6,1,18,4,995,1,13,CHEVROLET MATIZ,7,E01020357,0,-1
2020460990423,2020,460990423,1,9,0,7,7,5,7,0,0,6,0,0,0,0,0,1,6,6,2,24,5,995,1,11,CHEVROLET MATIZ,4,E01024777,0,-1
2020552000260,2020,552000260,2,9,0,4,4,7,3,0,0,1,0,0,0,0,2,1,6,6,1,66,10,796,1,12,CHEVROLET MATIZ,8,E01015333,0,-1
202006Q172073,2020,06Q172073,2,9,0,9,9,5,3,0,0,8,0,0,0,0,1,1,6,6,2,31,6,995,1,13,CHEVROLET MATIZ,6,E01005387,0,-1
2020531007598,2020,531007598,1,9,0,18,19,3,7,0,0,1,0,0,0,0,1,1,6,6,2,21,5,995,1,14,CHEVROLET MATIZ,4,E01022188,0,-1
2020470939978,2020,470939978,1,9,0,18,19,2,6,0,0,2,0,4,0,0,1,1,5,6,2,72,10,995,1,11,CHEVROLET MATIZ,5,E01031807,0,-1
2020411012268,2020,411012268,1,9,0,5,5,4,8,0,0,4,0,0,0,0,0,1,3,7,2,17,4,796,1,11,CHEVROLET MATIZ,6,E01023807,0,-1
2020122001322,2020,122001322,1,9,0,18,19,8,7,0,0,0,0,0,0,0,1,1,6,6,2,83,11,995,1,13,CHEVROLET MATIZ,3,E01013410,0,-1
2020052001722,2020,052001722,1,9,0,18,19,2,7,0,0,0,0,0,1,11,1,1,6,6,1,36,7,995,1,14,CHEVROLET MATIZ,2,E01006506,0,-1
2020370941097,2020,370941097,2,9,0,18,19,2,6,0,0,1,0,0,1,11,1,1,5,6,2,35,6,995,1,13,CHEVROLET MATIZ,6,E01030194,0,-1
2020460967691,2020,460967691,2,9,0,10,10,7,3,0,0,1,0,0,0,0,2,1,1,1,1,32,6,995,1,12,CHEVROLET MATIZ,5,E01024202,0,-1
2020440308187,2020,440308187,1,9,0,4,4,3,7,0,0,8,0,0,7,10,1,1,6,6,2,91,11,796,1,12,CHEVROLET MATIZ,6,E01017177,0,-1
2020200971458,2020,200971458,4,9,0,2,2,0,0,0,0,0,0,0,0,0,3,1,6,6,3,-1,-1,995,1,13,CHEVROLET MATIZ,-1,-1,0,-1
2020010261015,2020,010261015,2,9,0,9,9,1,7,0,0,8,0,0,0,0,4,1,6,6,2,46,8,796,1,11,CHEVROLET MATIZ,6,E01001059,0,-1
202031C034820,2020,31C034820,1,9,0,18,19,3,7,0,0,4,5,0,1,11,1,1,6,6,1,21,5,796,1,11,CHEVROLET MATIZ,7,E01019698,0,-1
2020430364864,2020,430364864,2,9,0,18,19,3,7,0,0,2,0,0,0,0,2,1,6,6,1,48,8,796,1,11,CHEVROLET MATIZ,5,E01014097,0,-1
2020450963049,2020,450963049,4,9,0,2,2,0,0,0,0,0,0,0,0,0,2,1,6,6,2,61,9,995,1,13,CHEVROLET MATIZ,9,E01030911,0,-1
2020100996118,2020,100996118,1,9,0,18,19,4,8,0,0,0,0,0,0,0,3,1,5,6,2,57,9,995,1,10,CHEVROLET SPARK,1,E01008817,0,-1
2020552100131,2020,552100131,1,9,0,1,1,4,8,0,0,0,0,0,0,0,2,1,6,6,1,37,7,995,1,7,CHEVROLET SPARK,-1,-1,0,-1
202006P376964,2020,06P376964,2,9,0,18,19,1,5,0,0,0,0,0,0,0,1,1,6,6,2,46,8,1206,1,9,CHEVROLET SPARK,-1,-1,0,-1
2020220980966,2020,220980966,1,9,0,9,9,1,7,0,0,5,0,0,0,0,4,1,5,6,1,19,4,1206,1,9,CHEVROLET SPARK,7,E01009810,0,-1
2020520004618,2020,520004618,1,9,0,4,4,4,8,0,0,1,0,0,0,0,1,1,6,6,2,59,9,995,1,9,CHEVROLET SPARK,5,E01029313,0,-1
2020400977490,2020,400977490,1,9,0,18,19,7,3,0,0,0,0,0,0,0,1,1,5,6,2,61,9,1206,1,7,CHEVROLET SPARK,5,E01017486,0,-1
2020470927644,2020,470927644,2,9,0,9,9,8,6,0,0,1,0,0,0,0,4,1,3,7,2,39,7,1206,1,6,CHEVROLET SPARK,10,E01031666,0,-1
2020010231890,2020,010231890,1,9,0,99,99,9,9,99,99,9,9,99,9,99,9,9,2,2,2,24,5,995,1,8,CHEVROLET SPARK,5,E01002426,0,-1
20201379O1385,2020,1379O1385,4,9,0,2,2,0,0,0,0,0,0,0,0,0,0,1,6,6,3,-1,-1,995,1,10,CHEVROLET SPARK,-1,-1,0,-1
2020200997883,2020,200997883,3,9,0,5,5,8,6,0,0,6,0,0,0,0,-1,1,6,6,3,-1,-1,1206,1,9,CHEVROLET SPARK,-1,-1,0,-1
2020522100833,2020,522100833,2,9,0,10,10,2,6,0,0,1,0,0,0,0,1,1,6,6,2,45,7,1206,1,9,CHEVROLET SPARK,1,E01014727,0,-1
2020542884820,2020,542884820,2,9,0,4,4,4,8,0,0,0,0,0,0,0,2,1,6,6,2,29,6,995,1,8,CHEVROLET SPARK,6,E01032117,0,-1
2020110983334,2020,110983334,1,9,0,18,19,4,8,0,0,0,0,0,0,0,1,1,5,6,2,20,4,995,1,7,CHEVROLET SPARK,2,E01020839,0,-1
2020340S03602,2020,340S03602,1,9,0,17,19,3,1,0,0,0,5,0,1,0,0,1,6,6,2,17,4,1206,1,7,CHEVROLET SPARK,8,E01017718,0,-1
2020450994850,2020,450994850,1,9,0,17,19,7,4,0,0,0,2,0,7,0,0,1,2,2,2,41,7,995,1,9,CHEVROLET SPARK,3,E01023142,0,-1
2020430353808,2020,430353808,1,9,0,17,19,7,4,0,0,0,2,0,1,4,1,1,6,6,2,18,4,995,1,10,CHEVROLET SPARK,6,E01000790,0,-1
2020500980491,2020,500980491,2,9,0,18,19,2,7,0,0,1,0,0,0,0,1,1,5,6,1,18,4,995,1,8,CHEVROLET SPARK,8,E01019915,0,-1
2020470919266,2020,470919266,2,9,0,18,19,1,5,0,0,0,2,0,4,4,1,1,5,6,2,41,7,995,1,7,CHEVROLET SPARK,4,E01031469,0,-1
2020010286573,2020,010286573,2,9,0,99,99,9,9,99,99,2,9,99,9,99,9,9,6,6,1,54,8,995,1,10,CHEVROLET SPARK,2,E01002368,0,-1
2020070397203,2020,070397203,1,9,0,5,5,4,8,0,0,6,0,0,0,0,1,1,6,6,2,68,10,995,1,10,CHEVROLET SPARK,5,E01012464,0,-1
2020010264493,2020,010264493,1,9,0,18,19,5,1,0,0,0,0,0,0,0,2,1,6,6,1,43,7,1206,1,8,CHEVROLET SPARK,2,E01003580,0,-1
2020010275743,2020,010275743,1,8,0,4,4,3,7,0,0,1,0,0,0,0,2,1,2,2,1,58,9,1206,1,8,-1,1,E01001155,0,-1
2020200976051,2020,200976051,1,9,0,18,19,6,2,0,0,0,1,0,0,0,1,1,6,6,1,69,10,995,1,10,CHEVROLET SPARK,4,E01010253,0,-1
20201379T0309,2020,1379T0309,1,9,0,18,19,3,7,0,0,0,0,0,0,0,1,1,6,6,1,41,7,1206,1,10,CHEVROLET SPARK,6,E01011802,0,-1
2020010263813,2020,010263813,1,9,0,7,7,1,4,0,0,8,0,0,0,0,1,1,2,2,2,45,7,995,1,10,CHEVROLET SPARK,5,E01002529,0,-1
2020210995247,2020,210995247,1,9,-1,-1,-1,-1,-1,-1,-1,0,-1,-1,-1,0,-1,1,6,6,2,51,8,995,1,8,CHEVROLET SPARK,2,E01029492,0,-1
2020160941968,2020,160941968,1,9,0,9,9,1,6,0,0,8,0,0,0,0,1,1,1,1,2,61,9,995,1,8,CHEVROLET SPARK,4,E01012801,0,-1
2020010282851,2020,010282851,2,9,0,4,4,6,2,0,0,0,0,0,0,0,2,1,6,6,2,26,6,1206,1,7,CHEVROLET SPARK,-1,-1,0,-1
2020040960309,2020,040960309,1,9,0,18,19,5,1,0,0,0,5,0,0,0,4,1,5,6,2,35,6,995,1,9,CHEVROLET SPARK,1,E01012738,0,-1
2020470939445,2020,470939445,1,9,0,18,19,2,6,0,0,1,0,0,0,0,1,1,5,6,2,17,4,1206,1,9,CHEVROLET SPARK,5,E01021195,0,-1
2020361009833,2020,361009833,3,9,0,18,19,2,6,0,0,0,1,11,4,0,3,1,6,6,1,61,9,995,1,10,CHEVROLET SPARK,1,E01026833,0,-1
2020546403120,2020,546403120,1,9,0,9,9,0,4,0,0,5,0,0,0,0,1,1,6,6,1,33,6,1206,1,9,CHEVROLET SPARK,6,E01031871,0,-1
2020410980354,2020,410980354,1,9,0,12,12,5,1,0,0,0,0,0,0,0,2,1,6,6,1,-1,-1,995,1,8,CHEVROLET SPARK,-1,-1,0,-1
2020010243094,2020,010243094,1,9,0,7,7,5,7,9,9,1,0,0,0,0,1,1,6,6,1,79,11,995,1,8,CHEVROLET SPARK,5,E01003233,0,-1
202063A076520,2020,63A076520,1,9,0,18,19,1,4,0,0,4,0,0,0,0,1,1,6,6,2,38,7,995,1,8,CHEVROLET SPARK,6,W01000667,0,-1
2020400934280,2020,400934280,2,9,0,18,19,6,2,0,0,1,0,0,0,0,1,1,6,6,2,55,8,1206,1,9,CHEVROLET SPARK,10,E01017604,0,-1
2020450976703,2020,450976703,2,9,0,18,19,2,6,0,0,1,0,0,0,0,1,1,6,6,1,30,6,1206,1,6,CHEVROLET SPARK,9,E01030401,0,-1
2020200938642,2020,200938642,3,9,0,2,2,0,0,0,0,8,0,0,0,0,4,1,6,6,2,24,5,1206,1,7,CHEVROLET SPARK,9,E01009735,0,-1
2020460953164,2020,460953164,2,9,0,2,2,0,0,0,0,1,0,4,1,10,2,1,5,6,2,-1,-1,995,1,9,CHEVROLET SPARK,2,E01024775,0,-1
2020211025438,2020,211025438,1,9,0,9,9,8,5,0,0,8,0,0,0,0,1,1,1,1,1,18,4,995,1,8,CHEVROLET SPARK,10,E01029520,0,-1
2020010271355,2020,010271355,1,9,0,99,99,9,9,99,99,9,9,99,9,99,2,9,6,6,2,56,9,1206,1,9,CHEVROLET SPARK,2,E01002096,0,-1
2020622000974,2020,622000974,2,9,0,18,19,8,4,0,0,1,0,0,0,0,1,1,6,6,2,74,10,1206,1,9,CHEVROLET SPARK,9,W01001890,0,-1
2020320601178,2020,320601178,2,9,0,18,19,5,1,0,0,1,5,0,1,0,1,1,6,6,1,74,10,995,1,8,CHEVROLET SPARK,8,E01013327,0,-1
202006G268302,2020,06G268302,1,9,0,18,19,5,1,0,0,0,0,0,0,0,1,1,6,6,2,52,8,995,1,8,CHEVROLET SPARK,1,E01005141,0,-1
2020370950918,2020,370950918,1,19,0,18,19,-1,-1,0,0,0,0,0,1,3,0,1,4,7,1,28,6,1560,2,5,-1,10,E01030129,0,-1
2020530996953,2020,530996953,1,98,0,18,19,2,6,0,0,0,0,0,0,0,0,2,2,2,1,53,8,1911,1,51,-1,7,E01022373,0,-1
2020100921660,2020,100921660,1,19,0,18,19,1,5,0,0,0,0,0,0,0,1,1,1,1,1,33,6,-1,-1,-1,-1,-1,-1,0,-1
2020450995734,2020,450995734,1,9,0,9,9,2,4,0,0,1,0,0,0,0,3,1,1,1,1,57,9,1560,2,6,-1,7,E01002927,0,-1
2020100961824,2020,100961824,2,9,0,4,4,4,8,0,0,4,0,0,0,0,2,1,5,6,2,35,6,1560,2,11,-1,6,E01027532,0,-1
2020010282699,2020,010282699,2,20,0,9,9,8,5,0,0,8,0,11,0,0,3,2,1,1,1,34,6,1997,2,0,-1,5,E01003713,0,-1
2020041009070,2020,041009070,1,9,0,18,19,7,3,0,0,0,0,0,0,0,3,1,6,6,1,42,7,1560,2,6,-1,1,E01012586,0,-1
2020370918523,2020,370918523,1,98,0,4,4,5,1,0,0,0,1,0,0,0,1,1,1,1,1,23,5,2198,2,10,-1,6,E01023943,0,-1
2020010254672,2020,010254672,2,9,0,3,3,3,7,0,0,2,0,0,7,0,0,1,6,6,1,60,9,1399,1,17,DAEWOO KALOS,3,E01001637,0,-1
2020141004802,2020,141004802,1,9,0,4,4,4,8,0,0,0,0,0,0,0,1,1,5,6,1,65,9,1399,1,17,DAEWOO KALOS,9,E01007899,0,-1
2020040935452,2020,040935452,2,9,0,9,9,3,7,0,0,8,0,0,0,0,3,1,2,2,1,24,5,1150,1,16,DAEWOO KALOS,1,E01012680,0,-1
2020552000149,2020,552000149,2,9,0,4,4,2,6,0,0,0,0,0,0,0,2,1,1,1,1,56,9,1399,1,17,DAEWOO KALOS,7,E01020392,0,-1
2020350954945,2020,350954945,2,9,0,18,19,6,2,0,0,0,0,0,0,0,3,1,5,6,2,31,6,1150,1,16,DAEWOO KALOS,9,E01033426,0,-1
2020340W07902,2020,340W07902,2,9,0,2,2,0,0,0,0,0,0,0,0,0,0,1,6,6,3,-1,-1,1150,1,16,DAEWOO KALOS,-1,-1,0,-1
2020500963070,2020,500963070,2,9,0,18,19,1,5,0,0,8,0,0,0,0,2,1,5,6,1,37,7,1399,1,17,DAEWOO KALOS,5,E01015179,0,-1
2020010257030,2020,010257030,1,9,0,99,99,9,9,99,99,9,9,99,9,99,2,9,2,2,2,28,6,1399,1,16,DAEWOO KALOS,5,E01003140,0,-1
2020420933927,2020,420933927,1,9,0,12,12,1,5,0,0,0,2,0,1,4,2,1,2,2,1,24,5,1399,1,17,DAEWOO KALOS,3,E01021649,0,-1
202006L168994,2020,06L168994,5,9,0,18,19,5,1,0,0,1,0,0,0,0,3,1,6,6,2,54,8,1399,1,17,DAEWOO KALOS,-1,-1,0,-1
2020410949978,2020,410949978,1,5,0,16,19,1,5,0,0,0,1,0,7,0,4,1,6,6,1,27,6,1098,1,12,-1,3,E01023637,0,-1
2020010238724,2020,010238724,1,4,0,14,14,3,7,0,0,2,0,0,0,0,1,-1,2,2,1,22,5,500,1,13,-1,3,E01004303,0,-1
2020460999463,2020,460999463,2,5,0,4,4,2,6,0,0,0,0,0,0,0,1,1,1,1,1,42,7,998,1,14,-1,3,E01016012,0,-1
2020100960228,2020,100960228,2,4,0,18,19,1,5,0,0,0,1,0,0,0,1,1,6,6,1,35,6,250,1,4,-1,1,E01027539,0,-1
2020500941564,2020,500941564,2,4,0,18,19,1,5,0,0,1,2,0,0,0,1,1,5,6,1,43,7,250,1,6,-1,7,E01020206,0,-1
2020161013646,2020,161013646,2,4,0,18,19,7,3,0,0,8,0,0,0,0,1,1,6,6,1,45,7,250,1,4,-1,9,E01013103,0,-1