collision_index,collision_year,collision_ref_no,vehicle_reference,vehicle_type,towing_and_articulation,vehicle_manoeuvre_historic,vehicle_manoeuvre,vehicle_direction_from,vehicle_direction_to,vehicle_location_restricted_lane_historic,vehicle_location_restricted_lane,junction_location,skidding_and_overturning,hit_object_in_carriageway,vehicle_leaving_carriageway,hit_object_off_carriageway,first_point_of_impact,vehicle_left_hand_drive,journey_purpose_of_driver_historic,journey_purpose_of_driver,sex_of_driver,age_of_driver,age_band_of_driver,engine_capacity_cc,propulsion_code,age_of_vehicle,generic_make_model,driver_imd_decile,lsoa_of_driver,escooter_flag,driver_distance_banding
2020100915711,2020,100915711,2,4,0,18,19,1,5,0,0,1,0,0,0,0,1,1,2,2,1,35,6,250,1,8,-1,9,E01027399,0,-1
2020052001558,2020,052001558,1,4,0,4,4,1,5,0,0,0,0,0,0,0,4,1,1,1,1,49,8,250,1,5,-1,-1,-1,0,-1
2020320452699,2020,320452699,1,4,0,18,19,8,4,0,0,0,0,0,0,0,0,1,6,6,1,51,8,250,1,5,-1,10,E01033169,0,-1
2020470961909,2020,470961909,2,5,0,18,19,5,1,0,0,8,0,0,0,0,4,1,5,6,1,20,4,649,1,1,KAWASAKI EX650,10,E01031713,0,-1
2020500989029,2020,500989029,1,5,0,14,14,2,6,0,0,1,0,0,0,0,1,1,5,6,1,75,10,649,1,0,KAWASAKI EX650,4,E01019064,0,-1
2020450961675,2020,450961675,2,5,0,18,19,1,5,0,0,1,5,0,7,0,1,1,6,6,1,38,7,649,1,1,KAWASAKI EX650,4,E01016128,0,-1
2020137861491,2020,137861491,2,4,0,18,19,7,3,0,0,8,0,0,7,0,3,1,2,2,1,62,9,649,1,1,-1,9,E01011773,0,-1
2020530915340,2020,530915340,1,5,0,17,19,3,7,0,0,0,1,0,1,1,1,1,5,6,1,23,5,649,1,11,KAWASAKI EX650,3,W01001592,0,-1
2020200963255,2020,200963255,1,5,0,13,13,4,8,0,0,0,0,0,0,0,3,1,6,6,1,33,6,649,1,13,KAWASAKI EX650,1,E01010526,0,-1
2020200957821,2020,200957821,2,5,0,18,19,1,5,0,0,8,1,0,0,0,1,1,1,1,1,30,6,649,1,1,KAWASAKI EX650,1,E01010033,0,-1
2020030980631,2020,030980631,1,5,0,5,5,1,5,0,0,1,5,0,0,0,1,1,5,6,1,67,10,649,1,10,KAWASAKI EX650,9,E01006987,0,-1
2020320134280,2020,320134280,1,5,0,18,19,3,7,0,0,0,1,0,8,9,1,1,6,6,1,25,5,649,1,11,KAWASAKI EX650,4,E01026207,0,-1
2020200971828,2020,200971828,1,5,0,18,19,1,5,0,0,0,0,0,0,0,1,1,6,6,1,32,6,649,1,10,KAWASAKI EX650,7,E01030694,0,-1
2020302000461,2020,302000461,2,4,0,18,19,6,2,0,0,8,0,0,0,0,1,1,6,6,1,29,6,649,1,10,-1,5,E01019883,0,-1
2020070368488,2020,070368488,2,5,0,18,19,7,3,0,0,8,0,0,0,0,1,1,6,6,1,57,9,649,1,2,KAWASAKI EX650,6,E01018679,0,-1
202006F175506,2020,06F175506,1,5,0,13,13,3,7,0,0,8,0,0,0,0,1,1,6,6,1,44,7,649,1,12,KAWASAKI EX650,4,E01011153,0,-1
2020010249496,2020,010249496,2,5,0,18,19,5,1,2,2,8,0,0,0,0,1,1,6,6,1,38,7,649,1,0,KAWASAKI EX650,7,E01000241,0,-1
2020010239817,2020,010239817,2,5,0,18,19,4,8,0,0,8,0,0,0,0,1,1,2,2,2,23,5,649,1,9,KAWASAKI EX650,7,E01017909,0,-1
2020430211229,2020,430211229,1,5,0,9,9,4,2,0,0,6,0,0,0,0,1,1,6,6,2,54,8,649,1,12,KAWASAKI EX650,5,E01017586,0,-1
2020200995462,2020,200995462,2,5,0,14,14,4,8,0,0,0,0,0,7,0,1,1,6,6,1,24,5,649,1,1,KAWASAKI EX650,8,E01009722,0,-1
2020990982167,2020,990982167,1,5,0,13,13,5,1,0,0,0,0,0,7,0,1,1,5,6,1,28,6,649,1,0,KAWASAKI EX650,6,-1,0,-1
2020340D08212,2020,340D08212,1,5,0,18,19,1,7,0,0,8,0,0,0,0,1,1,6,6,1,38,7,649,1,1,KAWASAKI EX650,6,E01025867,0,-1
2020040920860,2020,040920860,2,3,0,18,19,6,2,0,0,1,0,0,0,0,1,1,6,6,1,18,4,124,1,20,-1,2,E01024941,0,-1
2020400978394,2020,400978394,2,3,0,18,19,3,7,0,0,3,0,0,0,0,4,1,5,6,1,22,5,125,1,4,-1,4,E01015742,0,-1
2020211029967,2020,211029967,2,3,0,18,19,3,7,0,0,1,0,0,0,0,1,1,6,6,1,20,4,125,1,0,-1,1,E01010462,0,-1
2020010283770,2020,010283770,2,3,0,18,19,1,5,0,0,1,0,0,0,0,1,1,6,6,1,20,4,125,1,3,-1,2,E01033485,0,-1
2020010249078,2020,010249078,3,3,0,18,19,7,3,0,0,0,2,0,4,0,1,1,6,6,1,18,4,125,1,3,-1,5,E01002305,0,-1
2020420928242,2020,420928242,1,4,0,18,19,3,7,0,0,0,2,0,0,0,4,1,5,6,1,58,9,293,1,1,-1,5,E01021741,0,-1
202031D041520,2020,31D041520,2,4,0,18,19,1,5,0,0,0,0,0,7,0,1,1,6,6,1,36,7,293,1,1,-1,8,E01027959,0,-1
202031A029620,2020,31A029620,3,4,0,18,19,4,8,0,0,8,0,0,0,0,1,1,6,6,1,40,7,293,1,1,-1,2,E01027980,0,-1
2020161010621,2020,161010621,2,4,0,18,19,1,5,0,0,1,1,0,0,0,1,1,6,6,1,36,7,293,1,5,-1,5,E01013236,0,-1
2020010257936,2020,010257936,1,3,0,99,99,9,9,99,99,9,9,99,9,99,9,1,2,2,1,39,7,125,1,13,-1,6,E01002296,0,-1
2020460982241,2020,460982241,2,22,0,18,19,3,7,0,0,0,0,0,0,0,3,1,6,6,1,33,6,-1,3,0,-1,3,E01024529,0,-1
2020010237995,2020,010237995,1,9,0,99,99,9,9,99,99,1,9,99,9,99,1,9,6,6,1,48,8,3456,8,1,-1,6,E01003665,0,-1
2020010273418,2020,010273418,1,9,0,1,1,7,3,0,0,0,0,0,0,0,2,1,3,7,2,53,8,3456,8,2,-1,-1,-1,0,-1
2020302000140,2020,302000140,1,9,0,5,5,8,5,0,0,6,0,0,0,0,1,1,6,6,1,79,11,1597,1,12,-1,9,E01019643,0,-1
2020030960688,2020,030960688,1,9,0,18,19,5,1,0,0,0,0,0,8,0,3,1,5,6,2,49,8,1332,1,13,-1,1,E01033676,0,-1
2020552100216,2020,552100216,2,9,0,2,2,0,0,0,0,0,0,0,0,0,1,1,6,6,3,-1,-1,1597,1,15,-1,-1,-1,0,-1
2020141013242,2020,141013242,1,9,0,9,9,4,8,0,0,6,0,4,0,0,4,1,1,1,1,43,7,1597,1,12,-1,1,E01007768,0,-1
2020101005322,2020,101005322,1,9,0,18,19,5,1,0,0,1,1,4,0,0,1,1,6,6,1,-1,-1,1597,1,14,-1,-1,-1,0,-1
2020350929933,2020,350929933,2,9,0,18,19,5,1,0,0,8,0,0,0,0,1,1,6,6,1,23,5,1597,1,9,-1,8,E01018132,0,-1
2020552001209,2020,552001209,1,3,0,18,19,8,4,0,0,1,1,0,0,0,0,1,1,1,1,22,5,124,1,5,-1,8,E01015333,0,-1
2020552100148,2020,552100148,1,3,0,18,19,3,7,0,0,8,0,0,0,0,1,1,6,6,1,24,5,124,1,5,-1,4,E01015327,0,-1
2020520101076,2020,520101076,2,3,0,13,13,2,6,0,0,8,0,0,0,0,1,1,6,6,1,17,4,124,1,4,-1,9,E01029258,0,-1
2020552001001,2020,552001001,2,3,0,18,19,2,6,0,0,8,0,0,0,0,1,1,6,6,1,29,6,124,1,4,-1,5,E01020364,0,-1
2020210935566,2020,210935566,1,3,0,18,19,5,1,0,0,1,0,0,0,0,0,1,6,6,1,48,8,124,1,5,-1,2,E01029453,0,-1
202031C080720,2020,31C080720,1,3,0,10,10,5,1,0,0,1,1,0,0,0,0,1,6,6,1,21,5,124,1,5,-1,5,E01027941,0,-1
2020052000722,2020,052000722,2,3,0,18,19,7,3,0,0,8,1,0,1,0,3,1,6,6,1,23,5,124,1,5,-1,8,E01006931,0,-1
2020010242737,2020,010242737,1,3,0,99,99,9,9,99,99,9,9,99,9,99,1,1,6,6,2,18,4,124,1,4,-1,3,E01003339,0,-1
2020360929874,2020,360929874,1,3,0,18,19,5,1,0,0,0,1,0,0,0,4,1,2,2,1,56,9,124,1,5,-1,7,E01026883,0,-1
2020522101260,2020,522101260,1,9,0,6,6,4,4,0,0,2,0,7,1,10,1,1,6,6,1,82,11,1995,1,13,SUZUKI VITARA,10,E01014715,0,-1
2020460984118,2020,460984118,1,9,0,18,19,3,7,0,0,0,0,0,0,0,1,1,5,6,2,-1,-1,998,1,1,SUZUKI VITARA,7,E01032656,0,-1
2020070504412,2020,070504412,1,9,0,18,19,5,1,0,0,0,0,0,0,0,3,1,6,6,2,79,11,1870,2,11,SUZUKI VITARA,8,E01018593,0,-1
2020320152569,2020,320152569,1,9,0,18,19,3,1,0,0,5,0,0,0,0,1,1,3,7,1,50,8,1586,1,4,SUZUKI VITARA,7,E01026412,0,-1
2020440045689,2020,440045689,2,9,0,4,4,3,7,0,0,7,0,0,0,0,2,1,2,2,1,29,6,1586,1,5,SUZUKI VITARA,8,E01032871,0,-1
2020010282168,2020,010282168,1,9,0,18,19,5,1,0,0,7,0,0,0,0,1,1,6,6,1,61,9,1590,1,17,SUZUKI VITARA,4,E01003913,0,-1
2020040974757,2020,040974757,1,9,0,9,9,3,1,9,9,1,0,0,0,0,3,1,5,6,2,38,7,1590,1,18,SUZUKI VITARA,3,E01025379,0,-1
2020410985429,2020,410985429,3,9,0,15,15,6,1,0,0,0,0,0,0,0,0,1,1,1,1,25,5,998,1,2,SUZUKI VITARA,10,E01023464,0,-1
202031D089320,2020,31D089320,1,9,0,13,13,2,6,0,0,0,0,0,0,0,4,1,6,6,1,86,11,1586,1,4,SUZUKI VITARA,8,E01028168,0,-1
2020101009992,2020,101009992,1,9,0,18,19,7,3,0,0,0,0,0,0,0,1,1,5,6,2,34,6,1598,2,4,SUZUKI VITARA,5,E01008410,0,-1
2020200994350,2020,200994350,2,9,0,3,3,2,6,0,0,1,0,0,0,0,2,1,6,6,2,43,7,1586,1,3,SUZUKI VITARA,4,E01009226,0,-1
2020140951524,2020,140951524,3,9,0,18,19,1,5,0,0,0,0,0,0,0,2,1,6,6,1,78,11,998,1,1,SUZUKI VITARA,-1,-1,0,-1
2020010240934,2020,010240934,1,9,0,18,19,1,5,0,0,1,0,0,0,0,1,1,2,2,1,48,8,998,1,1,SUZUKI VITARA,7,E01000748,0,-1
2020370991912,2020,370991912,2,9,0,18,19,3,7,0,0,0,0,0,0,0,1,1,1,1,2,48,8,1586,1,14,SUZUKI VITARA,7,E01030082,0,-1
202063A006720,2020,63A006720,1,9,4,18,19,4,8,0,0,0,4,0,1,10,4,1,6,6,1,33,6,1590,1,17,SUZUKI VITARA,8,W01000663,0,-1
2020450919732,2020,450919732,2,9,0,18,19,1,5,0,0,0,0,0,0,0,1,1,6,6,1,69,10,2393,1,11,SUZUKI VITARA,8,E01030735,0,-1
2020460940515,2020,460940515,1,9,0,18,19,5,1,0,0,0,0,0,0,0,1,1,6,6,1,54,8,1586,1,2,SUZUKI VITARA,7,E01024203,0,-1
2020420964263,2020,420964263,2,9,0,10,10,3,7,0,0,1,0,0,0,0,2,1,6,6,2,36,7,1586,1,4,SUZUKI VITARA,3,E01001548,0,-1
2020370957916,2020,370957916,1,9,0,18,19,4,8,0,0,1,0,0,0,0,1,1,5,6,1,60,9,1586,1,4,SUZUKI VITARA,6,E01029919,0,-1
2020501007426,2020,501007426,2,9,0,18,19,7,3,0,0,0,0,0,0,0,3,1,5,6,2,49,8,1995,1,16,SUZUKI VITARA,5,E01020235,0,-1
20201371N0646,2020,1371N0646,2,9,0,3,3,3,1,0,0,5,0,0,0,0,2,1,6,6,2,35,6,1586,1,5,SUZUKI VITARA,1,E01011510,0,-1
2020440494177,2020,440494177,2,9,0,7,7,1,3,0,0,8,0,0,0,0,3,1,6,6,1,56,9,1586,1,2,SUZUKI VITARA,7,E01023057,0,-1
2020501007417,2020,501007417,1,9,0,18,19,7,2,0,0,0,0,0,0,0,1,1,1,1,1,83,11,1997,2,16,SUZUKI VITARA,4,E01020309,0,-1
2020137280898,2020,137280898,1,9,0,1,1,0,0,9,9,0,0,0,1,11,2,1,6,6,1,79,11,1586,1,3,SUZUKI VITARA,10,E01027719,0,-1
2020450928077,2020,450928077,2,9,0,17,19,6,2,0,0,0,0,0,1,9,1,1,5,6,1,69,10,1598,2,3,SUZUKI VITARA,10,E01031675,0,-1
2020052002210,2020,052002210,1,9,0,5,5,7,3,0,0,4,0,0,2,11,1,1,6,6,1,82,11,1373,1,1,SUZUKI VITARA,4,E01006854,0,-1
2020531001775,2020,531001775,1,9,0,9,9,4,2,0,0,6,0,0,0,0,3,1,6,6,2,83,11,1590,1,18,SUZUKI VITARA,6,E01022454,0,-1
2020122000948,2020,122000948,1,9,0,17,19,8,6,0,0,2,0,0,0,0,1,1,6,6,2,57,9,1586,1,2,SUZUKI VITARA,7,E01027707,0,-1
2020451010234,2020,451010234,3,9,0,18,19,4,8,0,0,0,0,0,0,0,0,1,5,6,2,63,9,1586,1,5,SUZUKI VITARA,8,E01030662,0,-1
2020552001047,2020,552001047,2,9,0,3,3,8,4,0,0,1,0,0,0,0,2,1,6,6,1,57,9,1373,1,0,SUZUKI VITARA,4,E01000039,0,-1
2020320131914,2020,320131914,1,9,0,18,19,5,1,0,0,1,0,0,0,0,2,1,6,6,3,-1,-1,1586,1,5,SUZUKI VITARA,-1,-1,0,-1
2020040936819,2020,040936819,2,9,0,3,3,3,5,0,0,2,0,0,0,0,2,1,5,6,2,51,8,1590,1,17,SUZUKI VITARA,4,E01012725,0,-1
2020370995498,2020,370995498,2,9,0,18,19,7,3,0,0,8,0,0,0,0,1,1,5,6,1,68,10,1586,1,4,SUZUKI VITARA,6,E01030006,0,-1
2020010250504,2020,010250504,1,9,0,18,19,8,4,0,0,2,0,0,0,0,4,1,6,6,1,53,8,1586,1,13,SUZUKI VITARA,-1,-1,0,-1
2020320331954,2020,320331954,1,9,0,18,19,1,5,0,0,0,0,0,2,4,1,1,6,6,2,39,7,1995,1,17,SUZUKI VITARA,7,E01026053,0,-1
2020471000484,2020,471000484,1,9,0,16,19,1,4,0,0,0,1,0,7,4,1,1,2,2,2,26,6,1870,2,12,SUZUKI VITARA,4,E01021127,0,-1
2020401001820,2020,401001820,2,9,0,18,19,4,8,0,0,8,0,0,0,0,1,1,1,1,1,57,9,1870,2,10,SUZUKI VITARA,3,E01023346,0,-1
202006K369746,2020,06K369746,1,9,0,18,19,2,6,0,0,0,0,0,0,0,1,1,6,6,1,-1,-1,1586,1,2,SUZUKI VITARA,-1,-1,0,-1
2020052001842,2020,052001842,2,9,0,2,2,0,0,0,0,0,0,0,0,0,2,1,6,6,2,56,9,1586,1,2,SUZUKI VITARA,1,E01006909,0,-1
2020470940039,2020,470940039,1,9,0,1,1,2,6,8,6,6,0,0,0,0,3,1,5,6,2,53,8,1590,1,17,SUZUKI VITARA,10,E01031724,0,-1
2020320237048,2020,320237048,1,9,0,13,13,5,1,0,0,2,0,0,0,0,4,1,6,6,2,67,10,1373,1,1,SUZUKI VITARA,-1,-1,0,-1
2020544424320,2020,544424320,1,9,0,18,19,5,1,0,0,0,0,0,0,2,1,1,6,6,1,59,9,1995,1,18,SUZUKI VITARA,3,E01014673,0,-1
2020470999129,2020,470999129,1,9,0,9,9,6,2,0,0,2,0,0,0,0,1,1,6,6,2,74,10,1586,1,4,SUZUKI VITARA,10,E01031703,0,-1
2020070472704,2020,070472704,2,9,0,18,19,2,6,0,0,0,0,0,0,0,4,1,6,6,2,49,8,1586,1,8,SUZUKI VITARA,7,W01000251,0,-1
2020440222059,2020,440222059,3,9,0,18,19,5,1,0,0,0,0,0,1,0,1,1,6,6,2,66,10,2393,1,8,SUZUKI VITARA,9,E01018675,0,-1
2020430233581,2020,430233581,1,9,0,12,12,1,3,0,0,1,0,0,0,0,1,1,6,6,1,28,6,1373,1,1,SUZUKI VITARA,-1,-1,0,-1
2020450928793,2020,450928793,1,9,0,9,9,7,1,0,0,8,0,0,0,0,1,1,5,6,2,45,7,1598,2,3,SUZUKI VITARA,10,E01022848,0,-1
2020302001621,2020,302001621,4,9,0,18,19,1,5,0,0,0,0,0,0,0,3,1,6,6,1,51,8,1997,2,16,SUZUKI VITARA,2,E01019817,0,-1
2020010241735,2020,010241735,1,9,0,10,10,8,6,0,0,1,0,0,0,0,2,1,6,6,2,34,6,998,1,1,SUZUKI VITARA,2,E01000527,0,-1
2020137AG1509,2020,137AG1509,1,9,0,18,19,7,5,0,0,8,0,0,0,0,1,1,6,6,1,45,7,1586,1,5,SUZUKI VITARA,-1,-1,0,-1
2020010236613,2020,010236613,1,9,0,18,19,5,1,0,0,8,0,0,0,0,1,1,2,2,1,41,7,1586,1,5,SUZUKI VITARA,-1,-1,0,-1
2020122100048,2020,122100048,1,9,0,7,7,5,1,0,0,3,0,0,0,0,4,1,6,6,1,55,8,1373,1,1,SUZUKI VITARA,8,E01027746,0,-1
2020220991440,2020,220991440,1,9,0,7,7,7,2,0,0,5,0,0,0,0,4,1,5,6,1,91,11,1590,1,16,SUZUKI VITARA,5,E01014018,0,-1
2020010231037,2020,010231037,1,9,0,99,99,9,9,99,99,9,9,99,9,99,2,9,6,6,2,54,8,1586,1,14,SUZUKI VITARA,3,E01023326,0,-1
2020122001156,2020,122001156,1,9,0,18,19,5,1,0,0,0,0,0,0,0,1,1,2,2,1,19,4,1590,1,17,SUZUKI VITARA,2,E01013347,0,-1
2020211008930,2020,211008930,1,9,0,4,4,1,4,0,0,8,0,0,0,0,1,1,6,6,1,41,7,1586,1,5,SUZUKI VITARA,5,E01014360,0,-1
2020460962367,2020,460962367,1,9,0,18,19,6,2,0,0,0,1,0,2,4,1,1,5,6,2,30,6,1995,1,15,SUZUKI VITARA,2,E01024249,0,-1
2020070595507,2020,070595507,1,9,0,6,6,7,3,0,0,6,0,0,0,0,3,1,6,6,2,36,7,998,1,1,SUZUKI VITARA,-1,-1,0,-1
2020320142428,2020,320142428,1,9,0,18,19,3,7,0,0,8,0,0,0,0,1,1,6,6,1,88,11,1586,1,2,SUZUKI VITARA,5,E01026284,0,-1
2020320358490,2020,320358490,2,9,0,3,3,2,6,0,0,1,0,0,0,0,4,1,6,6,2,43,7,1598,2,5,SUZUKI VITARA,7,E01026319,0,-1
2020552001069,2020,552001069,2,9,0,10,10,4,2,0,0,1,0,0,0,0,2,1,6,6,1,26,6,998,1,2,SUZUKI VITARA,8,E01020514,0,-1
2020110963567,2020,110963567,1,9,0,16,19,8,4,0,0,0,0,0,0,0,1,1,5,6,1,31,6,1598,2,3,SUZUKI VITARA,2,E01020908,0,-1
2020450915323,2020,450915323,1,9,0,4,4,2,6,0,0,1,0,0,0,0,2,1,5,6,1,66,10,1586,1,2,SUZUKI VITARA,7,E01030938,0,-1
2020370989102,2020,370989102,1,9,0,18,19,5,1,0,0,0,5,0,1,4,4,1,1,1,2,24,5,1586,1,4,SUZUKI VITARA,4,E01029892,0,-1
2020500947703,2020,500947703,2,9,0,18,19,5,1,0,0,0,0,0,0,0,2,1,5,6,2,56,9,1586,1,2,SUZUKI VITARA,5,E01020301,0,-1
2020137761452,2020,137761452,2,9,0,18,19,5,1,0,0,8,1,0,0,0,1,1,6,6,1,61,9,1586,1,4,SUZUKI VITARA,8,E01011934,0,-1
2020610033420,2020,610033420,2,9,0,18,19,5,1,0,0,4,0,0,0,0,1,1,6,6,1,66,10,1997,2,14,SUZUKI VITARA,-1,-1,0,-1
2020450986508,2020,450986508,3,9,0,2,2,0,0,0,0,0,0,0,0,0,3,1,5,6,1,29,6,1995,1,19,SUZUKI VITARA,10,E01030340,0,-1
2020400981422,2020,400981422,2,9,0,18,19,4,8,0,0,8,0,0,0,0,3,1,5,6,1,33,6,998,1,1,SUZUKI VITARA,3,E01015730,0,-1
2020470995902,2020,470995902,1,9,0,18,19,8,4,0,0,0,0,0,0,0,1,1,6,6,1,-1,-1,1373,1,0,SUZUKI VITARA,6,E01021054,0,-1
2020052000106,2020,052000106,1,9,0,18,19,3,7,0,0,8,0,0,0,0,1,1,6,6,2,59,9,1586,1,4,SUZUKI VITARA,6,E01007059,0,-1
2020320590310,2020,320590310,1,9,0,11,11,2,6,0,0,3,5,0,1,4,4,1,6,6,2,41,7,1995,1,15,SUZUKI VITARA,1,E01026168,0,-1
2020170M11170,2020,170M11170,2,9,0,18,19,4,8,0,0,1,0,0,0,0,1,1,6,6,1,63,9,1586,1,3,SUZUKI VITARA,1,E01012027,0,-1
2020430310899,2020,430310899,2,9,0,18,19,5,1,0,0,1,0,0,0,0,4,1,6,6,1,55,8,2393,1,7,SUZUKI VITARA,9,E01028785,0,-1
2020420984561,2020,420984561,2,9,0,18,19,7,2,0,0,0,0,0,0,0,1,1,5,6,1,36,7,1586,1,5,SUZUKI VITARA,5,E01030106,0,-1
2020440012941,2020,440012941,1,9,0,18,19,4,8,0,0,2,0,0,0,0,3,1,6,6,1,54,8,1590,1,25,SUZUKI VITARA,7,E01023179,0,-1
2020040967100,2020,040967100,1,9,0,7,7,1,3,0,0,0,0,0,0,0,3,1,5,6,1,70,10,1586,1,2,SUZUKI VITARA,10,E01025345,0,-1
20201375P1412,2020,1375P1412,1,9,0,5,5,7,3,0,0,0,0,0,0,0,1,1,6,6,1,81,11,1586,1,2,SUZUKI VITARA,-1,-1,0,-1
2020440020060,2020,440020060,2,9,0,18,19,5,1,0,0,8,0,0,0,0,1,1,6,6,1,32,6,1373,1,1,SUZUKI VITARA,6,E01022956,0,-1
2020220955116,2020,220955116,1,9,0,9,9,7,4,0,0,6,0,0,0,0,1,1,5,6,1,26,6,1598,2,4,SUZUKI VITARA,4,E01028958,0,-1
20201371H1474,2020,1371H1474,2,9,0,18,19,2,6,0,0,0,0,0,0,0,1,1,6,6,2,31,6,1586,1,2,SUZUKI VITARA,6,E01010754,0,-1
2020990941075,2020,990941075,2,9,0,17,19,1,5,0,0,0,1,0,1,0,1,1,5,6,1,57,9,1870,2,14,SUZUKI VITARA,5,-1,0,-1
2020052002713,2020,052002713,1,9,0,18,19,3,7,0,0,0,0,0,0,0,1,1,6,6,1,76,11,998,1,1,SUZUKI VITARA,1,E01006730,0,-1
2020361000661,2020,361000661,1,9,0,18,19,5,1,0,0,8,0,0,0,0,1,1,1,1,2,53,8,1995,1,20,SUZUKI VITARA,1,E01033437,0,-1
2020500962175,2020,500962175,2,9,0,16,19,5,1,0,0,0,0,0,0,0,0,1,5,6,1,77,11,1870,2,8,SUZUKI VITARA,6,E01018983,0,-1
2020100957404,2020,100957404,2,9,0,18,19,3,7,0,0,2,0,0,0,0,1,1,6,6,1,38,7,1586,1,3,SUZUKI VITARA,1,E01008604,0,-1
2020451002367,2020,451002367,1,9,0,3,3,1,1,0,0,0,0,0,0,0,2,1,6,6,2,25,5,1586,1,3,SUZUKI VITARA,6,E01030363,0,-1
202031B004720,2020,31B004720,2,9,0,3,3,8,4,0,0,1,0,0,0,0,2,1,6,6,2,51,8,1586,1,4,SUZUKI VITARA,3,E01028258,0,-1
2020451002353,2020,451002353,1,9,0,18,19,1,5,0,0,0,0,0,0,0,2,1,5,6,2,35,6,1373,8,0,SUZUKI VITARA,9,E01031670,0,-1
2020220933350,2020,220933350,2,9,0,9,9,1,7,0,0,4,0,0,0,0,2,1,6,6,1,52,8,1586,1,4,SUZUKI VITARA,9,E01032207,0,-1
2020420931148,2020,420931148,1,9,0,15,15,8,4,0,0,0,5,4,0,0,1,1,6,6,2,32,6,1598,2,3,SUZUKI VITARA,-1,-1,0,-1
2020302001658,2020,302001658,2,9,0,2,2,0,0,0,0,0,0,0,0,0,1,1,6,6,3,-1,-1,1870,2,8,SUZUKI VITARA,-1,-1,0,-1
2020552001048,2020,552001048,1,9,0,17,19,8,4,0,0,0,0,0,1,2,1,1,6,6,1,87,11,1590,1,15,SUZUKI VITARA,5,E01020512,0,-1
2020221010002,2020,221010002,2,9,0,2,2,0,0,0,0,0,0,0,0,0,2,1,5,6,1,77,11,1590,1,19,SUZUKI VITARA,1,E01008972,0,-1
2020500973838,2020,500973838,1,9,0,16,19,5,1,0,0,4,2,0,2,10,3,1,5,6,2,40,7,1373,1,1,SUZUKI VITARA,4,E01004061,0,-1
2020140929988,2020,140929988,1,9,0,16,19,6,1,0,0,2,0,0,0,0,1,1,5,6,1,73,10,1586,1,2,SUZUKI VITARA,4,E01007852,0,-1
2020546386720,2020,546386720,2,9,0,2,2,0,0,0,0,0,0,0,0,0,2,1,6,6,1,69,10,998,1,1,SUZUKI VITARA,3,E01031956,0,-1
2020320686512,2020,320686512,1,9,0,18,19,3,6,0,0,2,5,0,0,0,1,1,6,6,1,62,9,1373,1,1,SUZUKI VITARA,-1,-1,0,-1
2020500927749,2020,500927749,1,9,0,18,19,5,1,0,0,1,0,0,0,0,1,1,6,6,1,58,9,1997,2,16,SUZUKI VITARA,7,E01015120,0,-1
2020460956768,2020,460956768,1,9,0,14,14,5,1,0,0,0,0,0,0,0,4,1,5,6,1,66,10,998,1,1,SUZUKI VITARA,5,E01024206,0,-1
2020070141404,2020,070141404,1,9,0,5,5,2,6,0,0,4,0,9,0,0,1,1,1,1,2,21,5,1586,1,3,SUZUKI VITARA,2,E01018316,0,-1
2020500984817,2020,500984817,2,9,0,15,15,7,3,0,0,1,1,0,0,0,2,1,2,2,1,53,8,1586,1,3,SUZUKI VITARA,4,E01020262,0,-1
2020302000709,2020,302000709,2,9,0,3,3,7,3,0,0,0,0,0,0,0,2,1,6,6,2,36,7,1586,1,4,SUZUKI VITARA,6,E01019648,0,-1
2020010244114,2020,010244114,1,9,0,18,19,3,7,0,0,8,0,0,0,0,1,1,6,6,2,36,7,1586,1,4,SUZUKI VITARA,5,E01001350,0,-1
2020500998635,2020,500998635,2,9,0,18,19,2,6,0,0,0,0,0,0,0,1,1,5,6,2,72,10,1590,1,26,SUZUKI VITARA,8,E01020107,0,-1
2020500975988,2020,500975988,1,9,0,5,5,5,1,0,0,8,0,0,0,0,1,1,5,6,2,30,6,1598,2,4,SUZUKI VITARA,7,E01020169,0,-1
2020552100165,2020,552100165,1,9,0,9,9,5,2,0,0,6,0,0,0,0,1,1,6,6,2,39,7,1870,2,14,SUZUKI VITARA,10,E01015455,0,-1
2020320033584,2020,320033584,2,9,0,17,19,3,7,0,0,1,0,0,3,0,3,1,6,6,2,51,8,1586,1,4,SUZUKI VITARA,3,E01026068,0,-1
2020500943378,2020,500943378,2,9,0,4,4,1,5,0,0,0,0,0,0,0,2,1,5,6,1,62,9,1590,1,15,SUZUKI VITARA,2,E01015055,0,-1
2020010234578,2020,010234578,2,9,0,99,99,9,9,0,0,8,0,0,0,0,1,9,6,6,3,-1,-1,1870,2,13,SUZUKI VITARA,-1,-1,0,-1
2020460955963,2020,460955963,1,9,0,18,19,1,5,0,0,0,0,0,0,0,1,1,6,6,2,33,6,1373,1,1,SUZUKI VITARA,3,E01024600,0,-1
2020461002865,2020,461002865,2,9,0,18,19,5,1,0,0,0,1,0,5,0,2,1,6,6,1,26,6,998,1,1,SUZUKI VITARA,3,E01024083,0,-1