collision_index,collision_year,collision_ref_no,vehicle_reference,vehicle_type,towing_and_articulation,vehicle_manoeuvre_historic,vehicle_manoeuvre,vehicle_direction_from,vehicle_direction_to,vehicle_location_restricted_lane_historic,vehicle_location_restricted_lane,junction_location,skidding_and_overturning,hit_object_in_carriageway,vehicle_leaving_carriageway,hit_object_off_carriageway,first_point_of_impact,vehicle_left_hand_drive,journey_purpose_of_driver_historic,journey_purpose_of_driver,sex_of_driver,age_of_driver,age_band_of_driver,engine_capacity_cc,propulsion_code,age_of_vehicle,generic_make_model,driver_imd_decile,lsoa_of_driver,escooter_flag,driver_distance_banding
2020420931539,2020,420931539,3,9,0,10,10,4,8,0,0,1,0,0,0,0,3,1,5,6,2,69,10,1586,1,3,SUZUKI VITARA,10,E01022070,0,-1
2020370979514,2020,370979514,1,9,0,7,7,-1,-1,0,0,2,0,0,0,0,1,1,1,1,2,48,8,1586,1,3,SUZUKI VITARA,7,E01030098,0,-1
2020520004235,2020,520004235,1,9,0,10,10,1,7,0,0,1,0,0,0,0,2,1,6,6,2,26,6,1870,2,12,SUZUKI VITARA,3,E01029175,0,-1
2020210996561,2020,210996561,2,9,-1,-1,-1,-1,-1,-1,-1,0,-1,-1,-1,0,-1,1,6,6,2,40,7,1373,1,3,SUZUKI VITARA,2,E01029809,0,-1
2020410991520,2020,410991520,1,9,0,18,19,5,1,0,0,0,1,0,1,4,1,1,6,6,2,27,6,1586,1,3,SUZUKI VITARA,10,E01023468,0,-1
2020610022520,2020,610022520,2,9,0,18,19,1,5,0,0,0,1,0,0,0,1,1,6,6,2,-1,-1,1995,1,18,SUZUKI VITARA,1,W01001530,0,-1
2020552000955,2020,552000955,1,9,0,5,5,2,6,0,0,6,0,0,7,11,3,1,6,6,1,48,8,1870,2,9,SUZUKI VITARA,6,E01020449,0,-1
2020231000896,2020,231000896,2,9,0,18,19,1,5,0,0,8,0,0,0,0,1,1,5,6,2,51,8,1598,2,3,SUZUKI VITARA,10,E01031232,0,-1
2020140923414,2020,140923414,2,9,0,18,19,7,3,0,0,0,0,0,0,0,1,1,6,6,3,-1,-1,1590,1,18,SUZUKI VITARA,-1,-1,0,-1
2020361014131,2020,361014131,1,9,0,18,19,5,1,0,0,1,0,0,0,0,-1,1,5,6,2,58,9,1590,1,17,SUZUKI VITARA,4,E01026499,0,-1
2020340W80192,2020,340W80192,2,9,0,17,19,7,1,0,0,0,0,0,0,0,1,1,1,1,1,58,9,1586,1,5,SUZUKI VITARA,5,E01026726,0,-1
2020140923752,2020,140923752,3,9,0,18,19,8,4,0,0,3,0,0,0,0,1,1,6,6,1,39,7,1997,2,16,SUZUKI VITARA,-1,-1,0,-1
20201375K1608,2020,1375K1608,4,9,0,2,2,0,0,0,0,0,0,0,0,0,1,1,6,6,3,-1,-1,1995,1,18,SUZUKI VITARA,-1,-1,0,-1
2020450950235,2020,450950235,2,9,0,2,2,0,0,9,9,0,0,0,0,0,3,1,6,6,2,49,8,1590,1,16,SUZUKI VITARA,10,E01030395,0,-1
2020110935169,2020,110935169,1,9,0,16,19,3,7,0,0,0,1,0,0,0,1,1,5,6,1,56,9,1997,2,16,SUZUKI VITARA,3,E01020827,0,-1
2020070757584,2020,070757584,1,9,0,9,9,5,3,0,0,8,0,0,0,0,4,1,2,2,2,36,7,1373,1,1,SUZUKI VITARA,1,E01012480,0,-1
2020450986599,2020,450986599,2,9,0,18,19,7,3,0,0,0,0,0,0,0,2,1,5,6,2,31,6,1586,1,4,SUZUKI VITARA,7,E01030865,0,-1
2020030934029,2020,030934029,1,9,0,18,19,6,2,0,0,0,0,0,0,0,4,1,6,6,2,69,10,1586,1,3,SUZUKI VITARA,6,E01019256,0,-1
2020470998021,2020,470998021,1,9,0,18,19,8,4,0,0,0,0,0,0,0,4,1,2,2,1,56,9,1373,1,3,SUZUKI VITARA,3,E01021044,0,-1
2020990938555,2020,990938555,1,9,0,11,11,5,1,0,0,0,0,0,1,4,3,1,5,6,2,39,7,1586,1,3,SUZUKI VITARA,6,-1,0,-1
2020371020958,2020,371020958,1,9,0,18,19,5,1,0,0,0,0,4,0,0,1,1,5,6,1,83,11,1586,1,3,SUZUKI VITARA,6,E01030081,0,-1
2020220981248,2020,220981248,2,9,0,16,19,8,3,0,0,0,1,0,0,0,3,1,5,6,1,67,10,1590,1,16,SUZUKI VITARA,5,E01014004,0,-1
2020010283019,2020,010283019,1,9,0,18,19,6,2,9,9,0,0,7,1,0,1,1,6,6,1,22,5,1586,1,13,SUZUKI VITARA,3,E01001363,0,-1
2020220995801,2020,220995801,2,9,0,18,19,4,8,0,0,8,0,0,0,0,4,1,5,6,2,53,8,998,1,1,SUZUKI VITARA,5,E01032460,0,-1
202006F172276,2020,06F172276,1,9,0,7,7,3,5,0,0,8,0,0,0,0,3,1,6,6,1,60,9,1995,1,15,SUZUKI VITARA,1,E01005624,0,-1
2020990918794,2020,990918794,1,9,0,16,19,3,7,0,0,0,1,0,0,0,1,1,6,6,1,72,10,1586,1,2,SUZUKI VITARA,8,-1,0,-1
2020370933730,2020,370933730,1,9,0,18,19,1,5,0,0,0,0,0,0,0,2,1,5,6,2,52,8,1995,1,15,SUZUKI VITARA,7,E01030224,0,-1
2020351008142,2020,351008142,3,9,0,4,4,4,8,0,0,0,0,0,0,0,2,1,6,6,2,33,6,998,1,1,SUZUKI VITARA,8,E01018217,0,-1
2020450930594,2020,450930594,1,9,0,7,7,3,1,0,0,0,0,0,0,0,1,1,6,6,3,45,7,1590,1,16,SUZUKI VITARA,4,E01030383,0,-1
2020420967880,2020,420967880,1,9,0,4,4,3,5,0,0,0,0,0,0,0,1,1,6,6,1,-1,-1,1590,1,25,SUZUKI VITARA,-1,-1,0,-1
2020990971569,2020,990971569,2,9,0,3,3,6,1,0,0,0,0,0,0,0,2,1,2,2,1,64,9,1586,1,2,SUZUKI VITARA,2,-1,0,-1
2020030980589,2020,030980589,1,9,0,17,19,5,1,0,0,0,2,0,7,0,4,1,5,6,2,33,6,1586,1,12,SUZUKI VITARA,6,E01019275,0,-1
2020302000077,2020,302000077,2,9,0,2,2,0,0,0,0,0,0,0,0,0,4,1,6,6,3,-1,-1,1586,1,2,SUZUKI VITARA,-1,-1,0,-1
2020210997867,2020,210997867,1,9,0,18,19,8,4,0,0,0,5,0,0,0,1,1,6,6,1,82,11,1598,2,3,SUZUKI VITARA,7,E01029642,0,-1
2020440475481,2020,440475481,1,9,0,16,19,7,1,0,0,8,1,0,0,0,1,1,6,6,1,76,11,1586,1,5,SUZUKI VITARA,3,E01017347,0,-1
2020552000184,2020,552000184,2,9,0,2,2,0,0,0,0,0,0,0,0,0,1,1,6,6,3,-1,-1,1373,1,2,SUZUKI VITARA,-1,-1,0,-1
2020420963498,2020,420963498,2,9,0,3,3,1,5,0,0,0,0,0,0,0,2,1,6,6,2,67,10,1590,1,16,SUZUKI VITARA,4,E01021849,0,-1
2020052000496,2020,052000496,2,9,0,18,19,3,7,0,0,0,0,0,0,0,1,1,6,6,1,60,9,1870,2,12,SUZUKI VITARA,4,E01006897,0,-1
2020360942597,2020,360942597,1,9,0,9,9,7,4,0,0,0,0,0,0,0,4,1,5,6,1,28,6,1590,1,16,SUZUKI VITARA,6,E01033453,0,-1
2020010241754,2020,010241754,1,9,0,18,19,4,8,0,0,8,0,0,0,0,3,1,6,6,2,41,7,1995,1,16,SUZUKI VITARA,5,E01002626,0,-1
2020041010283,2020,041010283,1,9,0,17,19,3,7,0,0,0,0,0,0,0,1,1,5,6,2,70,10,1586,1,3,SUZUKI VITARA,7,E01025585,0,-1
2020450941880,2020,450941880,3,9,0,18,19,2,6,0,0,1,0,0,0,0,1,1,5,6,1,28,6,1995,1,16,SUZUKI VITARA,10,E01030638,0,-1
2020122000900,2020,122000900,2,9,0,4,4,7,3,0,0,0,0,0,1,9,1,1,6,6,2,74,10,998,1,1,SUZUKI VITARA,8,E01027746,0,-1
2020010257954,2020,010257954,1,9,0,99,99,9,9,99,99,9,9,99,9,99,2,9,6,6,2,35,6,1586,1,2,SUZUKI VITARA,2,E01032580,0,-1
2020450994086,2020,450994086,1,9,0,18,19,5,1,0,0,2,0,0,0,0,4,1,5,6,1,56,9,1586,1,3,SUZUKI VITARA,5,E01022266,0,-1
2020522003585,2020,522003585,1,9,0,18,19,5,1,0,0,8,0,0,0,0,1,1,6,6,2,35,6,1586,1,12,SUZUKI VITARA,8,E01014824,0,-1
2020010276898,2020,010276898,2,9,0,9,9,1,8,0,0,8,0,0,0,0,1,1,6,6,1,57,9,2393,1,7,SUZUKI VITARA,8,E01002536,0,-1
2020010286292,2020,010286292,2,9,0,6,6,3,3,0,0,1,0,0,0,0,1,1,6,6,1,37,7,998,1,1,SUZUKI VITARA,3,E01002550,0,-1
2020430075418,2020,430075418,1,9,0,18,19,5,7,0,0,0,0,0,0,0,1,1,3,7,1,48,8,998,1,2,SUZUKI VITARA,8,E01016757,0,-1
2020140988076,2020,140988076,1,9,0,9,9,3,1,0,0,5,0,0,0,0,1,1,2,2,1,29,6,2393,1,11,SUZUKI VITARA,9,E01028059,0,-1
2020420934318,2020,420934318,2,9,0,18,19,7,3,0,0,0,0,0,0,0,2,1,2,2,1,32,6,1586,1,5,SUZUKI VITARA,7,E01021676,0,-1
2020440045633,2020,440045633,1,9,0,9,9,3,1,0,0,8,0,0,0,0,3,1,1,1,1,59,9,1373,1,1,SUZUKI VITARA,10,-1,0,-1
2020200969824,2020,200969824,2,9,0,7,7,5,7,0,0,5,0,0,0,0,4,1,6,6,1,52,8,1598,2,4,SUZUKI VITARA,3,E01009950,0,-1
2020137220940,2020,137220940,2,9,0,18,19,3,7,0,0,0,0,0,0,0,2,1,6,6,2,57,9,1586,1,3,SUZUKI VITARA,1,E01024872,0,-1
2020340N08802,2020,340N08802,1,9,0,18,19,5,1,0,0,7,0,0,0,0,1,1,2,2,2,48,8,1586,1,2,SUZUKI VITARA,6,E01027220,0,-1
2020450927248,2020,450927248,1,9,0,4,4,1,5,0,0,0,0,0,0,0,2,1,5,6,2,31,6,1586,1,2,SUZUKI VITARA,7,E01016225,0,-1
2020137CH0775,2020,137CH0775,1,9,0,4,4,4,8,0,0,0,0,0,0,0,1,1,6,6,1,-1,-1,1590,1,15,SUZUKI VITARA,-1,-1,0,-1
2020122100080,2020,122100080,2,9,0,4,4,4,1,0,0,4,0,0,0,0,1,1,6,6,1,59,9,1586,1,3,SUZUKI VITARA,6,E01027851,0,-1
2020070058838,2020,070058838,2,9,0,18,19,3,7,0,0,0,0,0,0,0,1,1,6,6,1,24,5,1590,1,19,SUZUKI VITARA,4,E01018398,0,-1
2020332000142,2020,332000142,2,9,0,18,19,2,6,0,0,0,0,0,1,0,1,1,6,6,1,66,10,1373,1,3,SUZUKI VITARA,10,E01025902,0,-1
2020500929078,2020,500929078,2,9,0,18,19,5,1,0,0,0,0,0,0,0,1,1,6,6,1,25,5,1995,1,13,SUZUKI VITARA,8,E01019929,0,-1
2020470964093,2020,470964093,2,20,0,18,19,3,7,0,0,0,0,0,0,0,1,1,5,6,1,36,7,-1,-1,-1,VOLKSWAGEN CRAFTER,3,E01032832,0,-1
2020070481060,2020,070481060,1,19,0,15,15,3,7,0,0,1,0,0,0,0,3,1,2,2,1,27,6,1968,2,3,VOLKSWAGEN CRAFTER,-1,-1,0,-1
2020010249550,2020,010249550,2,19,0,5,5,1,5,0,0,1,0,0,1,0,1,1,2,2,1,36,7,1968,2,0,VOLKSWAGEN CRAFTER,3,E01003296,0,-1
2020991005966,2020,991005966,3,20,0,4,4,4,8,0,0,0,0,0,0,0,2,1,6,6,1,46,8,-1,-1,-1,VOLKSWAGEN CRAFTER,-1,-1,0,-1
2020400941292,2020,400941292,2,19,0,18,19,7,3,0,0,1,0,0,0,0,1,1,6,6,1,31,6,1968,2,4,VOLKSWAGEN CRAFTER,6,E01027057,0,-1
2020990991665,2020,990991665,1,19,0,4,4,2,6,0,0,2,0,0,0,0,3,1,1,1,1,49,8,1968,2,5,VOLKSWAGEN CRAFTER,1,-1,0,-1
2020302001423,2020,302001423,1,19,0,18,19,2,6,0,0,8,0,0,0,0,1,1,6,6,1,27,6,1968,2,7,VOLKSWAGEN CRAFTER,6,E01019873,0,-1
2020470965513,2020,470965513,3,19,0,17,19,8,5,0,0,0,0,0,0,0,1,1,2,2,1,35,6,1968,2,3,VOLKSWAGEN CRAFTER,2,E01031437,0,-1
2020990991650,2020,990991650,2,19,4,18,19,2,6,0,0,0,0,0,0,0,1,1,1,1,1,30,6,1968,2,4,VOLKSWAGEN CRAFTER,3,-1,0,-1
2020010267889,2020,010267889,2,20,9,99,99,9,9,99,99,9,9,99,9,99,1,9,6,6,3,-1,-1,-1,-1,-1,VOLKSWAGEN CRAFTER,3,E01021840,0,-1
2020501015838,2020,501015838,1,19,0,4,4,1,5,0,0,2,0,4,7,11,1,1,1,1,1,53,8,2461,2,13,VOLKSWAGEN CRAFTER,4,E01019918,0,-1
2020522002247,2020,522002247,2,19,0,18,19,3,7,0,0,0,0,0,0,0,3,1,6,6,1,30,6,1968,2,3,VOLKSWAGEN CRAFTER,1,E01014596,0,-1
2020010233626,2020,010233626,1,19,0,18,19,8,4,0,0,1,0,0,0,0,1,1,2,2,1,60,9,1968,2,1,VOLKSWAGEN CRAFTER,4,E01017581,0,-1
2020200979413,2020,200979413,3,19,0,2,2,0,0,0,0,1,0,0,0,0,2,1,6,6,1,54,8,1968,2,7,VOLKSWAGEN CRAFTER,1,E01010084,0,-1
2020010249250,2020,010249250,1,19,0,7,7,5,6,0,0,5,0,5,0,0,1,1,1,1,1,51,8,1968,2,1,VOLKSWAGEN CRAFTER,4,E01017599,0,-1
2020052001259,2020,052001259,3,19,0,2,2,0,0,0,0,0,0,0,0,0,1,1,6,6,3,-1,-1,1968,2,1,VOLKSWAGEN CRAFTER,-1,-1,0,-1
2020470918550,2020,470918550,2,19,0,18,19,7,3,0,0,0,0,0,0,0,1,1,1,1,1,62,9,1968,2,1,VOLKSWAGEN CRAFTER,5,E01020968,0,-1
2020010273956,2020,010273956,1,19,0,99,99,9,9,99,99,9,9,99,9,99,9,9,6,6,1,57,9,2461,2,13,VOLKSWAGEN CRAFTER,4,E01000565,0,-1
2020010263998,2020,010263998,1,19,0,18,19,5,1,0,0,1,0,0,0,0,1,1,1,1,1,27,6,1968,2,3,VOLKSWAGEN CRAFTER,3,E01002279,0,-1
2020990950147,2020,990950147,1,19,0,17,19,1,5,0,0,0,0,0,0,0,1,1,1,1,1,42,7,2461,2,12,VOLKSWAGEN CRAFTER,5,-1,0,-1
2020220933088,2020,220933088,2,19,0,7,7,4,6,0,0,6,0,0,1,0,3,1,1,1,1,36,7,1968,2,3,VOLKSWAGEN CRAFTER,5,E01010756,0,-1
2020990934854,2020,990934854,1,19,0,18,19,2,4,0,0,1,0,0,0,0,1,1,1,1,1,31,6,1968,2,1,VOLKSWAGEN CRAFTER,5,-1,0,-1
2020010231982,2020,010231982,2,19,0,18,19,3,7,0,0,1,0,0,0,0,1,1,1,1,1,46,8,1968,2,1,VOLKSWAGEN CRAFTER,4,E01023857,0,-1
2020990992752,2020,990992752,1,19,0,16,19,4,7,0,0,2,0,0,0,0,2,1,1,1,1,26,6,1968,2,7,VOLKSWAGEN CRAFTER,1,-1,0,-1
2020530998250,2020,530998250,1,19,0,18,19,2,6,0,0,0,0,0,0,0,1,1,1,1,1,34,6,1968,2,0,VOLKSWAGEN CRAFTER,8,E01014637,0,-1
2020040977263,2020,040977263,1,19,0,5,5,5,1,0,0,8,0,0,0,0,2,1,2,2,1,40,7,1968,2,8,VOLKSWAGEN CRAFTER,1,E01012736,0,-1
2020500983107,2020,500983107,1,19,0,9,9,5,3,0,0,8,0,0,0,0,3,1,1,1,1,28,6,1968,2,1,VOLKSWAGEN CRAFTER,9,E01033234,0,-1
2020010280988,2020,010280988,2,19,0,99,99,9,9,99,99,9,9,99,9,99,2,9,6,6,3,30,6,2461,2,13,VOLKSWAGEN CRAFTER,-1,-1,0,-1
2020041005964,2020,041005964,3,19,0,18,19,2,6,0,0,1,0,0,0,0,3,1,1,1,1,32,6,1968,2,5,VOLKSWAGEN CRAFTER,4,E01025267,0,-1
2020010282890,2020,010282890,1,19,0,6,6,3,3,0,0,6,0,0,0,0,1,1,1,1,1,42,7,1968,2,1,VOLKSWAGEN CRAFTER,4,E01000518,0,-1
2020010239661,2020,010239661,2,19,0,99,99,9,9,99,99,9,9,99,9,99,9,9,6,6,3,-1,-1,1968,2,3,VOLKSWAGEN CRAFTER,-1,-1,0,-1
2020622000423,2020,622000423,2,19,0,9,9,8,6,0,0,5,0,0,0,0,4,1,1,1,1,38,7,1968,2,7,VOLKSWAGEN CRAFTER,5,W01001304,0,-1
2020010265772,2020,010265772,2,19,0,4,4,1,5,0,0,1,0,0,0,0,2,1,1,1,1,44,7,2461,2,11,VOLKSWAGEN CRAFTER,9,E01030768,0,-1
2020440229191,2020,440229191,2,19,0,18,19,6,2,0,0,1,0,0,0,0,1,1,6,6,3,-1,-1,1968,2,1,VOLKSWAGEN CRAFTER,-1,-1,0,-1
2020552000661,2020,552000661,1,20,0,18,19,4,8,0,0,6,0,0,1,11,1,1,1,1,1,29,6,-1,-1,-1,VOLKSWAGEN CRAFTER,9,E01033333,0,-1
2020100934621,2020,100934621,1,19,0,4,4,4,8,0,0,1,0,0,0,0,1,1,5,6,1,30,6,1968,2,4,VOLKSWAGEN CRAFTER,1,E01008259,0,-1
2020220955269,2020,220955269,2,19,0,17,19,6,3,0,0,0,0,0,0,0,3,1,1,1,2,48,8,1968,2,1,VOLKSWAGEN CRAFTER,4,E01014072,0,-1
2020470968730,2020,470968730,1,19,0,18,19,7,3,0,0,8,0,0,0,0,0,1,1,1,1,34,6,1968,2,3,VOLKSWAGEN CRAFTER,3,E01021062,0,-1
2020010276663,2020,010276663,1,19,0,4,4,1,5,0,0,0,0,0,0,0,2,1,1,1,1,33,6,1968,2,2,VOLKSWAGEN CRAFTER,3,E01004184,0,-1
2020370956117,2020,370956117,1,19,0,3,3,1,5,0,0,2,0,0,0,0,1,1,2,2,1,21,5,1968,2,8,VOLKSWAGEN CRAFTER,6,E01030090,0,-1
2020010265054,2020,010265054,2,19,0,18,19,7,3,0,0,0,0,0,0,0,1,1,1,1,1,43,7,1968,2,5,VOLKSWAGEN CRAFTER,4,E01003448,0,-1
2020221011893,2020,221011893,2,19,0,1,1,2,6,0,0,1,0,4,0,0,2,1,6,6,1,-1,-1,1968,2,4,VOLKSWAGEN CRAFTER,3,W01001378,0,-1
2020430293937,2020,430293937,2,19,0,2,2,0,0,6,6,0,0,0,0,0,2,1,6,6,1,55,8,1968,2,2,VOLKSWAGEN CRAFTER,6,E01030751,0,-1
202063C073520,2020,63C073520,1,19,0,17,19,3,8,0,0,1,5,0,2,10,4,1,1,1,1,29,6,1968,2,3,VOLKSWAGEN CRAFTER,3,W01000865,0,-1
2020440476007,2020,440476007,3,19,0,18,19,6,2,0,0,0,0,0,0,0,1,1,1,1,1,37,7,1968,2,6,VOLKSWAGEN CRAFTER,6,E01031509,0,-1
2020430102490,2020,430102490,1,19,0,9,9,2,8,0,0,5,0,0,0,0,1,1,1,1,1,32,6,1968,2,2,VOLKSWAGEN CRAFTER,3,E01030744,0,-1
2020990946925,2020,990946925,1,19,0,18,19,7,4,0,0,0,0,0,0,0,1,1,1,1,1,33,6,1968,2,1,VOLKSWAGEN CRAFTER,2,-1,0,-1
2020332000206,2020,332000206,2,19,0,13,13,7,3,0,0,0,1,10,1,11,3,1,1,1,1,53,8,1968,2,3,VOLKSWAGEN CRAFTER,4,E01013889,0,-1
2020122000662,2020,122000662,1,19,0,7,7,7,1,0,0,2,0,0,0,0,1,1,1,1,1,47,8,1968,2,1,VOLKSWAGEN CRAFTER,5,E01010756,0,-1
2020340S03832,2020,340S03832,2,19,0,9,9,5,3,0,0,5,0,0,0,0,0,1,6,6,1,46,8,2461,2,13,VOLKSWAGEN CRAFTER,8,E01027207,0,-1
2020440290626,2020,440290626,1,19,0,18,19,6,2,0,0,0,0,10,1,0,1,1,6,6,1,33,6,1968,2,6,VOLKSWAGEN CRAFTER,4,E01022804,0,-1
2020470981551,2020,470981551,1,19,0,13,13,1,5,0,0,0,0,0,0,0,4,1,6,6,1,63,9,1968,2,2,VOLKSWAGEN CRAFTER,4,E01022845,0,-1
2020990990922,2020,990990922,2,19,0,9,9,7,5,0,0,6,0,0,0,0,3,1,1,1,1,53,8,1968,2,7,VOLKSWAGEN CRAFTER,3,-1,0,-1
2020500960765,2020,500960765,2,19,0,18,19,3,7,0,0,8,0,0,0,0,4,1,6,6,1,38,7,1968,2,9,VOLKSWAGEN CRAFTER,2,E01018860,0,-1
2020140967350,2020,140967350,1,19,0,1,1,1,5,9,9,0,0,0,0,0,2,1,5,6,1,45,7,1968,2,6,VOLKSWAGEN CRAFTER,1,E01033277,0,-1
2020010263031,2020,010263031,1,19,0,1,1,1,5,7,6,1,0,0,0,0,2,2,1,1,1,45,7,1968,2,1,VOLKSWAGEN CRAFTER,8,E01003679,0,-1
2020460979155,2020,460979155,1,19,0,18,19,3,7,0,0,0,0,0,0,0,0,1,1,1,1,60,9,1968,2,4,VOLKSWAGEN CRAFTER,8,E01024784,0,-1
202006XN66878,2020,06XN66878,3,19,0,3,3,5,1,0,0,0,0,0,0,0,2,1,1,1,1,61,9,1968,2,3,VOLKSWAGEN CRAFTER,8,E01005016,0,-1
2020200949011,2020,200949011,2,19,0,5,5,6,2,0,0,8,0,0,0,0,1,1,1,1,1,48,8,1968,2,4,VOLKSWAGEN CRAFTER,7,E01032122,0,-1
2020420986759,2020,420986759,1,19,0,5,5,4,6,0,0,0,0,0,0,0,1,1,5,6,1,46,8,1968,2,0,VOLKSWAGEN CRAFTER,5,-1,0,-1
2020140985771,2020,140985771,1,19,0,4,4,3,7,0,0,1,0,0,0,0,3,1,1,1,1,47,8,1968,2,5,VOLKSWAGEN CRAFTER,1,E01007373,0,-1
2020122000436,2020,122000436,1,19,0,18,19,5,1,0,0,0,0,0,0,0,1,1,1,1,1,65,9,2461,2,14,VOLKSWAGEN CRAFTER,1,E01011616,0,-1
2020552000907,2020,552000907,3,19,0,18,19,1,5,0,0,0,0,0,0,0,0,1,1,1,1,26,6,1968,2,6,VOLKSWAGEN CRAFTER,3,E01015308,0,-1
2020990936273,2020,990936273,1,19,0,18,19,1,5,0,0,0,0,0,0,0,1,1,2,2,1,27,6,1968,2,7,VOLKSWAGEN CRAFTER,6,-1,0,-1
2020990947440,2020,990947440,1,19,0,9,9,3,8,0,0,1,0,0,0,0,4,1,1,1,1,26,6,1968,2,4,VOLKSWAGEN CRAFTER,5,-1,0,-1
2020010260020,2020,010260020,2,19,0,99,99,9,9,99,99,9,9,99,9,99,9,9,6,6,3,40,7,1968,2,5,VOLKSWAGEN CRAFTER,4,E01000134,0,-1
2020122000265,2020,122000265,1,19,0,17,19,3,8,0,0,1,0,0,0,0,1,1,1,1,1,27,6,1968,2,2,VOLKSWAGEN CRAFTER,7,E01027891,0,-1
202063A027620,2020,63A027620,2,19,0,18,19,4,8,0,0,0,0,0,0,0,1,1,1,1,1,30,6,1968,2,2,VOLKSWAGEN CRAFTER,5,W01000725,0,-1
2020420983026,2020,420983026,2,19,0,18,19,5,1,0,0,0,0,4,0,0,1,1,6,6,1,57,9,1968,2,6,VOLKSWAGEN CRAFTER,-1,-1,0,-1
2020070012309,2020,070012309,2,19,0,18,19,7,3,0,0,8,0,0,0,0,1,1,1,1,1,44,7,1968,2,3,VOLKSWAGEN CRAFTER,2,E01005111,0,-1
2020010232234,2020,010232234,2,19,0,99,99,9,9,99,99,9,9,99,9,99,9,9,6,6,3,-1,-1,1968,2,1,VOLKSWAGEN CRAFTER,4,E01002326,0,-1
2020010243021,2020,010243021,2,19,0,18,19,1,5,0,0,1,0,0,0,0,1,1,1,1,1,26,6,1968,2,5,VOLKSWAGEN CRAFTER,4,E01016048,0,-1
2020010262466,2020,010262466,3,19,0,8,8,1,4,0,0,1,0,0,0,0,2,1,1,1,1,35,6,1968,2,2,VOLKSWAGEN CRAFTER,3,E01002397,0,-1
2020010231866,2020,010231866,1,19,0,9,9,5,2,0,0,0,0,0,0,0,0,1,1,1,1,61,9,2461,2,13,VOLKSWAGEN CRAFTER,4,E01024387,0,-1
2020140957756,2020,140957756,3,20,0,18,19,6,3,0,0,1,0,0,0,0,0,1,1,1,1,35,6,-1,-1,-1,VOLKSWAGEN CRAFTER,2,E01007578,0,-1
2020552000808,2020,552000808,2,19,0,18,19,7,3,0,0,0,0,0,0,0,0,1,1,1,1,65,9,1968,2,1,VOLKSWAGEN CRAFTER,7,E01032067,0,-1
2020220929513,2020,220929513,1,19,0,16,19,2,5,0,0,0,1,0,1,3,1,1,1,1,1,24,5,1968,2,1,VOLKSWAGEN CRAFTER,6,E01018514,0,-1
2020010241705,2020,010241705,2,19,9,99,99,9,9,99,99,0,9,99,9,99,9,1,6,6,3,23,5,1968,2,4,VOLKSWAGEN CRAFTER,2,E01003297,0,-1
2020030961469,2020,030961469,1,19,0,18,19,5,1,0,0,0,2,0,1,0,1,1,6,6,1,41,7,1968,2,1,VOLKSWAGEN CRAFTER,1,E01019231,0,-1
2020122100057,2020,122100057,1,19,0,7,7,8,4,0,0,0,0,0,1,0,4,1,1,1,1,29,6,1968,2,0,VOLKSWAGEN CRAFTER,5,E01011465,0,-1
2020360984420,2020,360984420,1,19,0,18,19,1,5,0,0,0,0,0,0,0,1,1,1,1,1,55,8,1968,2,2,VOLKSWAGEN CRAFTER,3,E01026632,0,-1
2020471009692,2020,471009692,1,19,0,1,1,6,2,0,0,0,0,0,0,0,2,1,6,6,1,34,6,1968,2,3,VOLKSWAGEN CRAFTER,8,E01031560,0,-1
2020990958054,2020,990958054,1,19,0,18,19,7,3,0,0,0,0,0,0,0,1,1,1,1,1,59,9,1968,2,1,VOLKSWAGEN CRAFTER,1,-1,0,-1
2020200998634,2020,200998634,1,19,0,4,4,6,2,0,0,1,0,0,0,0,0,1,1,1,1,35,6,2461,2,10,VOLKSWAGEN CRAFTER,1,E01032890,0,-1
2020522001904,2020,522001904,2,19,0,9,9,3,1,0,0,5,0,0,0,0,1,1,6,6,1,-1,-1,1968,2,1,VOLKSWAGEN CRAFTER,-1,-1,0,-1
2020420971643,2020,420971643,1,19,0,18,19,1,5,0,0,1,0,0,0,0,1,1,6,6,1,30,6,1968,2,5,VOLKSWAGEN CRAFTER,3,E01021359,0,-1
2020100990808,2020,100990808,1,19,0,18,19,7,3,0,0,0,0,0,0,0,1,1,1,1,1,21,5,1968,2,7,VOLKSWAGEN CRAFTER,-1,-1,0,-1
2020122001016,2020,122001016,1,19,0,7,7,5,7,0,0,0,0,0,0,0,2,1,1,1,3,-1,-1,1968,2,1,VOLKSWAGEN CRAFTER,-1,-1,0,-1
2020990939366,2020,990939366,1,19,0,18,19,6,2,0,0,8,0,0,0,0,1,1,1,1,1,32,6,1968,2,7,VOLKSWAGEN CRAFTER,7,-1,0,-1
202031D123620,2020,31D123620,1,19,0,18,19,7,3,0,0,0,0,0,0,0,1,1,1,1,1,30,6,2461,2,13,VOLKSWAGEN CRAFTER,2,E01026177,0,-1
2020137250614,2020,137250614,1,19,0,5,5,3,7,8,6,0,0,0,0,0,3,1,1,1,1,39,7,1968,2,4,VOLKSWAGEN CRAFTER,8,E01027586,0,-1
2020990944256,2020,990944256,1,19,0,17,19,6,2,0,0,0,1,0,1,0,1,1,1,1,1,39,7,1968,2,1,VOLKSWAGEN CRAFTER,3,-1,0,-1
2020122000428,2020,122000428,2,19,0,3,3,5,1,0,0,0,0,0,0,0,1,1,1,1,1,44,7,1968,2,7,VOLKSWAGEN CRAFTER,7,E01010587,0,-1