collision_index,collision_year,collision_ref_no,vehicle_reference,vehicle_type,towing_and_articulation,vehicle_manoeuvre_historic,vehicle_manoeuvre,vehicle_direction_from,vehicle_direction_to,vehicle_location_restricted_lane_historic,vehicle_location_restricted_lane,junction_location,skidding_and_overturning,hit_object_in_carriageway,vehicle_leaving_carriageway,hit_object_off_carriageway,first_point_of_impact,vehicle_left_hand_drive,journey_purpose_of_driver_historic,journey_purpose_of_driver,sex_of_driver,age_of_driver,age_band_of_driver,engine_capacity_cc,propulsion_code,age_of_vehicle,generic_make_model,driver_imd_decile,lsoa_of_driver,escooter_flag,driver_distance_banding
2020220994533,2020,220994533,1,19,5,11,11,1,5,0,0,0,0,0,1,7,1,1,1,1,1,60,9,1968,2,1,VOLKSWAGEN CRAFTER,4,E01014991,0,-1
2020470985017,2020,470985017,1,19,0,18,19,2,6,0,0,0,1,0,0,0,1,1,1,1,1,36,7,1968,2,8,VOLKSWAGEN CRAFTER,7,E01031354,0,-1
2020010276686,2020,010276686,2,19,0,99,99,9,9,99,99,9,9,99,9,99,1,9,6,6,3,-1,-1,1968,2,0,VOLKSWAGEN CRAFTER,-1,-1,0,-1
2020010276370,2020,010276370,2,19,0,18,19,1,5,0,0,1,0,0,0,0,0,1,1,1,2,19,4,1968,2,0,VOLKSWAGEN CRAFTER,2,E01001011,0,-1
2020420968570,2020,420968570,2,19,0,3,3,5,1,0,0,0,0,0,0,0,2,1,1,1,1,40,7,1968,2,5,VOLKSWAGEN CRAFTER,3,E01004355,0,-1
2020530996344,2020,530996344,1,19,0,18,19,7,5,0,0,6,0,0,0,0,1,1,2,2,1,30,6,1968,2,2,VOLKSWAGEN CRAFTER,1,E01022291,0,-1
2020040990388,2020,040990388,2,19,0,18,19,5,1,0,0,7,0,0,1,0,3,1,5,6,1,54,8,1968,2,8,VOLKSWAGEN CRAFTER,7,E01006330,0,-1
2020010233313,2020,010233313,1,19,0,9,9,3,1,0,0,5,0,0,0,0,1,1,1,1,1,33,6,1968,2,1,VOLKSWAGEN CRAFTER,8,E01028737,0,-1
2020991002318,2020,991002318,1,19,0,18,19,1,5,0,0,0,0,0,4,6,1,1,2,2,1,48,8,1968,2,1,VOLKSWAGEN CRAFTER,7,E01006252,0,-1
2020350985334,2020,350985334,1,19,0,18,19,7,3,0,0,0,0,0,0,0,1,1,5,6,1,31,6,1968,2,3,VOLKSWAGEN CRAFTER,6,E01015679,0,-1
2020420965619,2020,420965619,1,19,0,18,19,7,1,0,0,1,0,0,0,0,1,1,6,6,1,36,7,1968,2,5,VOLKSWAGEN CRAFTER,2,E01001754,0,-1
2020070308058,2020,070308058,2,19,0,18,19,7,3,0,0,0,0,0,0,0,4,1,1,1,1,47,8,1968,2,3,VOLKSWAGEN CRAFTER,8,E01016339,0,-1
2020010260595,2020,010260595,2,19,0,13,13,4,8,0,0,0,0,0,0,0,4,1,1,1,1,30,6,1968,2,1,VOLKSWAGEN CRAFTER,4,E01000408,0,-1
2020552000703,2020,552000703,2,19,0,4,4,2,6,0,0,0,0,0,0,0,2,1,1,1,1,59,9,1968,2,3,VOLKSWAGEN CRAFTER,2,E01015338,0,-1
2020010268373,2020,010268373,2,19,0,1,1,7,3,0,0,1,0,0,0,0,2,1,1,1,1,56,9,1968,2,1,VOLKSWAGEN CRAFTER,3,E01001190,0,-1
2020041005939,2020,041005939,1,19,0,17,19,7,1,0,0,0,0,0,0,0,3,1,1,1,1,47,8,1968,2,3,VOLKSWAGEN CRAFTER,4,E01004782,0,-1
2020440357693,2020,440357693,2,19,0,18,19,8,4,0,0,8,0,0,7,10,1,1,1,1,1,32,6,1968,2,2,VOLKSWAGEN CRAFTER,10,E01017885,0,-1
2020100985562,2020,100985562,1,19,0,1,1,3,3,0,0,2,0,0,0,0,2,1,1,1,1,43,7,1968,2,4,VOLKSWAGEN CRAFTER,3,E01009910,0,-1
2020010275752,2020,010275752,2,19,0,99,99,9,9,99,99,9,9,99,9,99,9,9,6,6,3,-1,-1,1968,2,1,VOLKSWAGEN CRAFTER,-1,-1,0,-1
2020010247889,2020,010247889,2,19,0,18,19,7,3,0,0,1,0,0,0,0,1,1,1,1,1,38,7,1968,2,3,VOLKSWAGEN CRAFTER,3,E01026488,0,-1
2020010230193,2020,010230193,2,19,0,18,19,5,1,0,0,0,0,0,0,0,1,1,6,6,1,33,6,1968,2,4,VOLKSWAGEN CRAFTER,4,E01002681,0,-1
2020122001186,2020,122001186,1,19,0,9,9,2,6,0,0,4,0,0,0,0,1,1,1,1,1,61,9,1968,2,2,VOLKSWAGEN CRAFTER,1,E01032561,0,-1
2020010282632,2020,010282632,1,19,0,1,1,1,3,0,0,7,0,0,0,0,2,1,1,1,1,59,9,1968,2,1,VOLKSWAGEN CRAFTER,9,E01030394,0,-1
2020522004671,2020,522004671,1,19,0,18,19,2,6,0,0,0,5,0,1,0,1,1,1,1,1,24,5,1968,2,5,VOLKSWAGEN CRAFTER,6,E01014459,0,-1
2020010283858,2020,010283858,1,19,0,4,4,7,3,0,0,6,0,0,0,0,1,1,6,6,1,37,7,1968,2,0,VOLKSWAGEN CRAFTER,6,E01002544,0,-1
2020070222017,2020,070222017,2,19,0,2,2,0,0,0,0,1,0,0,0,0,1,1,1,1,1,32,6,1968,2,1,VOLKSWAGEN CRAFTER,-1,-1,0,-1
2020501000979,2020,501000979,1,19,0,16,19,6,1,0,0,0,1,0,0,0,1,1,6,6,3,-1,-1,1968,2,0,VOLKSWAGEN CRAFTER,-1,-1,0,-1
2020137241469,2020,137241469,1,19,0,9,9,4,2,0,0,5,0,0,0,0,4,1,6,6,1,65,9,2461,2,12,VOLKSWAGEN CRAFTER,4,E01010791,0,-1
2020320039917,2020,320039917,2,20,0,15,15,1,5,0,0,1,0,0,0,0,4,1,2,2,1,47,8,-1,-1,-1,VOLKSWAGEN CRAFTER,8,E01014981,0,-1
2020220989460,2020,220989460,3,19,0,2,2,0,0,0,0,0,0,0,0,0,3,1,5,6,1,41,7,2461,2,11,VOLKSWAGEN CRAFTER,7,E01014092,0,-1
2020302000634,2020,302000634,2,19,0,18,19,8,4,0,0,0,0,0,0,0,3,1,6,6,1,55,8,1968,2,2,VOLKSWAGEN CRAFTER,4,E01013494,0,-1
2020100982272,2020,100982272,1,19,0,18,19,1,5,0,0,0,0,0,0,0,1,1,1,1,1,32,6,1968,2,1,VOLKSWAGEN CRAFTER,1,E01010368,0,-1
2020010276330,2020,010276330,2,19,0,99,99,9,9,99,99,9,9,99,9,99,2,9,6,6,3,-1,-1,1968,2,7,VOLKSWAGEN CRAFTER,6,E01003459,0,-1
2020370928627,2020,370928627,1,19,0,18,19,5,1,0,0,0,0,0,0,0,3,1,6,6,1,49,8,1968,2,1,VOLKSWAGEN CRAFTER,5,E01030286,0,-1
2020010252673,2020,010252673,2,19,0,18,19,7,3,0,0,1,0,0,0,0,1,1,-1,-1,3,-1,-1,1968,2,4,VOLKSWAGEN CRAFTER,-1,-1,0,-1
2020340C01152,2020,340C01152,1,19,0,18,19,6,2,0,0,1,0,0,0,0,1,1,6,6,1,-1,-1,1968,2,5,VOLKSWAGEN CRAFTER,-1,-1,0,-1
2020140976564,2020,140976564,2,19,0,18,19,5,1,0,0,8,1,0,0,0,3,1,2,2,1,24,5,1968,2,6,VOLKSWAGEN CRAFTER,6,E01007319,0,-1
2020161001936,2020,161001936,2,19,0,2,2,0,0,0,0,0,0,0,0,0,2,1,1,1,1,27,6,1968,2,1,VOLKSWAGEN CRAFTER,3,E01007569,0,-1
2020137990531,2020,137990531,2,19,0,18,19,3,7,0,0,0,0,0,0,0,2,1,1,1,1,28,6,1968,2,1,VOLKSWAGEN CRAFTER,1,E01010817,0,-1
2020470985287,2020,470985287,3,21,0,4,4,1,5,0,0,1,1,0,0,0,1,1,1,1,1,26,6,1968,2,4,-1,10,E01031822,0,-1
2020501022069,2020,501022069,1,19,0,5,5,5,3,0,0,6,0,0,0,0,1,1,2,2,1,31,6,1968,2,0,VOLKSWAGEN CRAFTER,3,E01029284,0,-1
2020220999695,2020,220999695,1,19,0,18,19,8,4,0,0,0,1,0,0,0,3,1,1,1,1,33,6,1968,2,1,VOLKSWAGEN CRAFTER,2,E01029547,0,-1
2020010251986,2020,010251986,1,19,0,9,9,3,2,0,0,6,0,0,0,0,1,1,6,6,1,40,7,1968,2,5,VOLKSWAGEN CRAFTER,1,E01004449,0,-1
2020160972968,2020,160972968,2,19,0,18,19,2,6,0,0,0,0,0,0,0,2,1,1,1,1,40,7,1968,2,5,VOLKSWAGEN CRAFTER,1,E01012836,0,-1
2020460974116,2020,460974116,1,10,0,9,9,4,1,0,0,1,0,0,0,0,4,1,6,6,1,63,9,-1,-1,-1,-1,2,E01016004,0,-1
202006M174855,2020,06M174855,1,19,0,18,19,7,3,0,0,0,0,0,0,0,0,1,2,2,1,56,9,1968,2,8,VOLKSWAGEN CRAFTER,1,E01006573,0,-1
2020010241804,2020,010241804,2,19,0,99,99,9,9,99,99,9,9,99,9,99,1,9,6,6,3,-1,-1,1968,2,1,VOLKSWAGEN CRAFTER,-1,-1,0,-1
2020411000659,2020,411000659,1,19,0,5,5,5,8,0,0,1,0,0,0,0,0,1,1,1,1,34,6,1968,2,4,VOLKSWAGEN CRAFTER,3,E01027147,0,-1
20201371M1052,2020,1371M1052,1,10,0,9,9,4,2,0,0,8,5,0,0,0,3,1,1,1,1,62,9,-1,-1,-1,-1,1,E01011347,0,-1
2020010257989,2020,010257989,2,19,0,99,99,9,9,99,99,9,9,99,9,99,9,9,6,6,3,-1,-1,1968,2,2,VOLKSWAGEN CRAFTER,-1,-1,0,-1
2020411004027,2020,411004027,1,19,0,18,19,1,5,0,0,4,0,0,0,0,1,1,1,1,1,-1,-1,1968,2,1,VOLKSWAGEN CRAFTER,6,E01023633,0,-1
2020010236106,2020,010236106,1,19,9,99,99,9,9,99,99,9,9,99,9,99,9,9,6,6,3,-1,-1,1968,2,3,VOLKSWAGEN CRAFTER,-1,-1,0,-1
2020010235901,2020,010235901,1,19,0,13,13,7,3,0,0,1,0,0,7,2,1,1,1,1,1,26,6,1968,2,9,VOLKSWAGEN CRAFTER,6,E01006166,0,-1
2020010250505,2020,010250505,1,19,0,18,19,3,7,0,0,0,0,0,0,0,4,1,1,1,1,38,7,1968,2,1,VOLKSWAGEN CRAFTER,10,E01031695,0,-1
2020010246987,2020,010246987,1,19,0,7,7,7,8,0,0,5,0,0,0,0,1,1,1,1,1,33,6,1968,2,2,VOLKSWAGEN CRAFTER,7,E01024726,0,-1
2020400994217,2020,400994217,1,19,0,18,19,1,5,0,0,1,0,0,0,0,1,1,1,1,1,25,5,2461,2,10,VOLKSWAGEN CRAFTER,2,E01015794,0,-1
2020200952738,2020,200952738,2,19,0,18,19,4,8,0,0,0,0,0,0,0,2,1,1,1,1,23,5,1968,2,1,VOLKSWAGEN CRAFTER,8,E01027000,0,-1
2020990991384,2020,990991384,1,19,0,17,19,2,6,0,0,0,2,0,1,11,1,1,1,1,1,38,7,1968,2,4,VOLKSWAGEN CRAFTER,4,-1,0,-1
2020010285220,2020,010285220,1,19,0,9,9,2,7,0,0,4,0,0,0,0,3,1,1,1,1,35,6,1968,2,1,VOLKSWAGEN CRAFTER,4,E01002507,0,-1
2020430272622,2020,430272622,1,19,0,18,19,2,6,0,0,0,1,0,0,0,1,1,1,1,1,57,9,2461,2,12,VOLKSWAGEN CRAFTER,3,E01028552,0,-1
2020010258609,2020,010258609,2,19,0,99,99,9,9,99,99,0,9,99,9,99,2,9,6,6,3,-1,-1,1968,2,2,VOLKSWAGEN CRAFTER,4,E01001666,0,-1
2020450992758,2020,450992758,2,19,0,1,1,7,3,0,0,8,0,0,0,0,2,1,6,6,1,27,6,2461,2,11,VOLKSWAGEN CRAFTER,6,E01002602,0,-1
2020500975241,2020,500975241,1,19,0,18,19,3,7,0,0,0,0,0,0,0,1,1,1,1,1,31,6,1968,2,1,VOLKSWAGEN CRAFTER,4,E01019037,0,-1
2020450977482,2020,450977482,2,19,0,9,9,7,3,0,0,1,0,0,0,0,3,1,5,6,1,45,7,1968,2,6,VOLKSWAGEN CRAFTER,3,E01001111,0,-1
2020010260851,2020,010260851,2,19,0,99,99,9,9,99,99,9,9,99,9,99,2,9,6,6,1,30,6,-1,-1,-1,VOLKSWAGEN CRAFTER,9,E01031622,0,-1
2020450996041,2020,450996041,2,19,0,18,19,5,1,0,0,8,0,0,0,0,1,1,2,2,1,35,6,1968,2,0,VOLKSWAGEN CRAFTER,10,E01028476,0,-1
2020552000998,2020,552000998,1,19,0,9,9,2,6,0,0,0,0,0,0,0,1,1,1,1,1,38,7,2461,2,12,VOLKSWAGEN CRAFTER,1,E01012736,0,-1
2020140974624,2020,140974624,2,19,0,18,19,3,7,0,0,0,0,0,0,0,4,1,1,1,2,60,9,1968,2,7,VOLKSWAGEN CRAFTER,1,E01008009,0,-1
2020010230431,2020,010230431,2,19,0,99,99,9,9,99,99,9,9,99,9,99,4,9,6,6,3,-1,-1,1968,2,1,VOLKSWAGEN CRAFTER,5,E01027062,0,-1
2020990934876,2020,990934876,1,10,0,9,9,4,2,0,0,6,0,0,0,0,1,1,1,1,1,57,9,2461,2,10,-1,-1,-1,0,-1
2020010285070,2020,010285070,2,19,0,7,7,6,8,0,0,1,0,0,0,0,2,1,6,6,3,-1,-1,1968,2,2,VOLKSWAGEN CRAFTER,-1,-1,0,-1
2020010265728,2020,010265728,2,19,9,99,99,9,9,99,99,9,9,99,9,99,2,9,6,6,3,-1,-1,1968,2,2,VOLKSWAGEN CRAFTER,-1,-1,0,-1
2020420972315,2020,420972315,1,19,0,16,19,1,5,0,0,0,0,0,0,0,4,1,1,1,1,35,6,1968,2,1,VOLKSWAGEN CRAFTER,2,E01015807,0,-1
2020010284037,2020,010284037,2,19,0,1,1,8,4,0,0,8,0,0,0,0,2,1,1,1,1,32,6,1968,2,6,VOLKSWAGEN CRAFTER,4,E01001087,0,-1
2020440007424,2020,440007424,2,19,0,4,4,4,8,0,0,0,0,0,0,0,2,1,1,1,1,30,6,1968,2,1,VOLKSWAGEN CRAFTER,1,E01017103,0,-1
2020210968569,2020,210968569,1,19,-1,-1,-1,-1,-1,-1,-1,-1,-1,-1,-1,0,-1,1,6,6,1,69,10,1968,2,4,VOLKSWAGEN CRAFTER,5,E01010351,0,-1
202031B003320,2020,31B003320,3,19,0,3,3,4,8,0,0,0,0,0,0,0,2,1,1,1,1,34,6,1968,2,7,VOLKSWAGEN CRAFTER,3,E01028019,0,-1
2020010280077,2020,010280077,2,19,0,7,7,3,6,0,0,1,0,0,0,0,3,1,1,1,1,49,8,1968,2,5,VOLKSWAGEN CRAFTER,5,E01000639,0,-1
2020420949709,2020,420949709,1,19,0,18,19,1,5,0,0,1,0,0,0,0,3,1,6,6,1,28,6,1968,2,3,VOLKSWAGEN CRAFTER,9,E01015999,0,-1
2020320650918,2020,320650918,1,19,0,7,7,3,5,0,0,1,0,0,0,0,1,2,1,1,1,28,6,1968,2,3,VOLKSWAGEN CRAFTER,6,E01022669,0,-1
2020990924156,2020,990924156,1,19,0,18,19,1,5,0,0,0,0,0,7,0,1,1,1,1,1,32,6,1968,2,4,VOLKSWAGEN CRAFTER,8,-1,0,-1
2020340S08122,2020,340S08122,2,19,0,9,9,5,3,0,0,8,0,0,0,0,2,1,1,1,1,26,6,1968,2,3,VOLKSWAGEN CRAFTER,3,E01029357,0,-1
2020010254666,2020,010254666,1,19,0,1,1,5,1,1,1,6,0,4,0,0,1,1,6,6,1,50,8,1968,2,8,VOLKSWAGEN CRAFTER,3,E01003275,0,-1
2020450941194,2020,450941194,2,19,0,18,19,1,7,0,0,0,0,0,0,0,1,1,1,1,3,25,5,1968,2,7,VOLKSWAGEN CRAFTER,10,E01003402,0,-1
2020201002744,2020,201002744,1,19,0,18,19,7,3,0,0,8,0,0,0,0,4,1,2,2,1,63,9,1968,2,7,VOLKSWAGEN CRAFTER,9,E01032178,0,-1
2020010268207,2020,010268207,2,19,0,99,99,9,9,99,99,9,9,99,9,99,1,9,6,6,3,-1,-1,1968,2,6,VOLKSWAGEN CRAFTER,7,E01001472,0,-1
2020010251283,2020,010251283,1,19,0,99,99,9,9,99,99,9,9,99,9,99,9,9,6,6,1,36,7,1968,2,5,VOLKSWAGEN CRAFTER,10,E01004594,0,-1
2020450960399,2020,450960399,1,19,0,3,3,1,5,0,0,0,0,0,0,0,2,1,1,1,1,34,6,1968,2,2,VOLKSWAGEN CRAFTER,3,E01021037,0,-1
2020470960896,2020,470960896,1,19,0,18,19,3,7,0,0,4,0,0,0,0,4,1,6,6,1,42,7,2461,2,11,VOLKSWAGEN CRAFTER,8,E01016888,0,-1
20201376Q0755,2020,1376Q0755,2,19,0,18,19,1,5,0,0,2,0,0,0,0,2,1,2,2,1,39,7,1968,2,0,VOLKSWAGEN CRAFTER,1,E01011362,0,-1
2020990969782,2020,990969782,1,19,0,17,19,4,8,0,0,0,2,0,1,0,3,1,1,1,1,25,5,1968,2,2,VOLKSWAGEN CRAFTER,3,-1,0,-1
2020990941889,2020,990941889,2,19,0,18,19,3,7,0,0,0,0,0,0,0,1,1,6,6,3,18,4,1968,2,5,VOLKSWAGEN CRAFTER,-1,-1,0,-1
2020010234535,2020,010234535,2,10,0,99,99,9,9,99,99,9,9,99,9,99,1,9,6,6,3,-1,-1,1968,2,8,-1,-1,-1,0,-1
2020552001069,2020,552001069,1,19,0,18,19,4,8,0,0,1,0,0,0,0,1,1,1,1,1,26,6,1968,2,5,VOLKSWAGEN CRAFTER,2,E01014610,0,-1
2020010235799,2020,010235799,2,19,0,2,2,0,0,9,9,2,0,0,0,0,3,1,6,6,3,-1,-1,1968,2,2,VOLKSWAGEN CRAFTER,-1,-1,0,-1
2020470957721,2020,470957721,1,20,0,1,1,2,8,0,0,1,0,0,0,0,2,1,1,1,1,66,10,-1,-1,-1,VOLKSWAGEN CRAFTER,1,E01020920,0,-1
2020440422622,2020,440422622,4,19,0,4,4,4,8,0,0,1,0,0,0,0,1,1,6,6,1,28,6,1968,2,1,VOLKSWAGEN CRAFTER,4,E01000978,0,-1
2020010245581,2020,010245581,2,19,0,2,2,0,0,0,0,0,0,4,0,0,1,1,6,6,3,-1,-1,1968,2,9,VOLKSWAGEN CRAFTER,-1,-1,0,-1
2020010239825,2020,010239825,3,19,0,18,19,7,3,0,0,0,0,0,0,0,1,1,6,6,1,38,7,2461,2,12,VOLKSWAGEN CRAFTER,5,E01002426,0,-1
2020350946077,2020,350946077,1,19,0,4,4,1,5,0,0,0,0,0,0,0,1,1,1,1,1,40,7,1968,2,2,VOLKSWAGEN CRAFTER,5,E01029928,0,-1
2020220993654,2020,220993654,2,19,0,18,19,8,4,0,0,8,0,0,7,0,1,1,1,1,1,57,9,1968,2,2,VOLKSWAGEN CRAFTER,8,W01000443,0,-1
2020990942648,2020,990942648,1,19,0,9,9,4,2,0,0,1,0,0,0,0,1,1,1,1,1,60,9,1968,2,3,VOLKSWAGEN CRAFTER,5,-1,0,-1
2020470985287,2020,470985287,1,21,0,3,3,1,5,0,0,1,0,0,0,0,2,1,1,1,1,32,6,1968,2,4,-1,4,E01016857,0,-1
2020040979100,2020,040979100,1,19,0,16,19,5,1,0,0,0,1,0,7,11,3,1,1,1,1,40,7,1968,2,6,VOLKSWAGEN CRAFTER,3,E01025232,0,-1
2020430048596,2020,430048596,2,19,0,2,2,0,0,0,0,1,0,0,0,0,3,1,6,6,1,41,7,1968,2,1,VOLKSWAGEN CRAFTER,5,E01017923,0,-1
2020041005617,2020,041005617,1,19,0,2,2,3,7,0,0,0,0,0,0,0,4,1,6,6,3,-1,-1,1968,2,1,VOLKSWAGEN CRAFTER,-1,-1,0,-1
2020470922777,2020,470922777,1,20,0,18,19,4,8,0,0,1,0,0,1,1,1,1,1,1,1,58,9,-1,-1,-1,VOLKSWAGEN CRAFTER,6,E01021046,0,-1
2020010264881,2020,010264881,1,19,0,99,99,9,9,99,99,9,9,99,9,99,2,9,6,6,1,27,6,1968,2,4,VOLKSWAGEN CRAFTER,5,E01000264,0,-1
2020010256812,2020,010256812,1,19,0,2,2,0,0,0,0,0,0,0,0,0,4,1,6,6,3,-1,-1,2461,2,10,VOLKSWAGEN CRAFTER,-1,-1,0,-1
2020010270398,2020,010270398,2,20,0,99,99,9,9,99,99,9,9,99,9,99,1,9,6,6,3,-1,-1,-1,-1,-1,VOLKSWAGEN CRAFTER,-1,-1,0,-1
2020070664113,2020,070664113,3,20,0,4,4,3,7,0,0,0,1,0,0,0,1,1,1,1,1,57,9,-1,-1,-1,VOLKSWAGEN CRAFTER,2,E01005887,0,-1
2020140972860,2020,140972860,2,19,0,18,19,1,5,0,0,0,1,0,0,0,1,1,1,1,1,23,5,1968,2,6,VOLKSWAGEN CRAFTER,7,E01010932,0,-1
2020320542427,2020,320542427,1,19,0,13,13,3,7,0,0,8,0,0,0,0,4,1,6,6,1,29,6,1968,2,4,VOLKSWAGEN CRAFTER,4,E01026144,0,-1
2020991003490,2020,991003490,1,19,0,18,19,2,6,0,0,0,0,0,0,0,4,1,1,1,1,38,7,1968,2,3,VOLKSWAGEN CRAFTER,5,-1,0,-1
202063D062420,2020,63D062420,1,19,0,17,19,2,7,0,0,0,0,0,1,9,4,1,1,1,2,29,6,1968,2,1,VOLKSWAGEN CRAFTER,3,E01018631,0,-1
2020010255730,2020,010255730,2,19,0,18,19,5,1,0,0,0,0,0,0,0,2,1,2,2,1,31,6,1968,2,7,VOLKSWAGEN CRAFTER,3,E01004415,0,-1
2020421010068,2020,421010068,1,19,0,9,9,7,5,0,0,0,0,0,0,0,4,1,1,1,1,31,6,1968,2,0,VOLKSWAGEN CRAFTER,-1,-1,0,-1
2020430302873,2020,430302873,1,19,0,1,1,7,3,0,0,8,0,0,0,0,2,1,6,6,1,31,6,1968,2,1,VOLKSWAGEN CRAFTER,9,E01028724,0,-1
2020040919622,2020,040919622,1,19,0,1,1,3,1,9,9,0,0,0,7,0,2,1,1,1,1,26,6,1968,2,1,VOLKSWAGEN CRAFTER,6,E01004910,0,-1
202031A044820,2020,31A044820,2,19,0,18,19,4,8,0,0,8,0,0,0,0,3,1,2,2,1,32,6,1968,2,1,VOLKSWAGEN CRAFTER,4,E01027957,0,-1
2020420948065,2020,420948065,1,19,0,18,19,7,3,0,0,0,0,4,0,0,1,1,1,1,1,47,8,1968,2,2,VOLKSWAGEN CRAFTER,5,E01023535,0,-1
202031A073520,2020,31A073520,2,19,0,2,2,0,0,0,0,2,0,0,0,0,2,1,6,6,3,-1,-1,-1,-1,-1,VOLKSWAGEN CRAFTER,-1,-1,0,-1
2020531004732,2020,531004732,1,19,0,18,19,7,3,9,9,0,0,0,0,0,-1,1,5,6,1,-1,-1,1968,2,5,VOLKSWAGEN CRAFTER,4,E01022326,0,-1
2020200994488,2020,200994488,1,19,0,7,7,2,4,0,0,2,0,0,0,0,1,1,1,1,1,55,8,1968,2,8,VOLKSWAGEN CRAFTER,1,E01010140,0,-1
2020440002986,2020,440002986,2,19,0,18,19,3,7,0,0,0,0,0,0,0,1,1,6,6,1,68,10,1968,2,6,VOLKSWAGEN CRAFTER,7,E01028639,0,-1
2020010280216,2020,010280216,2,19,0,99,99,9,9,99,99,9,9,99,9,99,9,9,6,6,3,-1,-1,1968,2,8,VOLKSWAGEN CRAFTER,1,E01016069,0,-1
2020220939970,2020,220939970,1,19,0,1,1,2,6,0,0,2,0,0,0,0,2,1,1,1,1,29,6,1968,2,1,VOLKSWAGEN CRAFTER,4,E01032359,0,-1
2020350951229,2020,350951229,3,19,0,2,2,4,8,0,0,0,0,0,0,0,0,1,1,1,1,34,6,1968,2,5,VOLKSWAGEN CRAFTER,2,E01015680,0,-1
2020010266454,2020,010266454,2,19,0,18,19,1,5,0,0,0,0,0,0,0,1,1,2,2,1,18,4,1968,2,4,VOLKSWAGEN CRAFTER,4,E01024539,0,-1
2020360942997,2020,360942997,1,19,0,18,19,3,7,0,0,0,0,0,0,0,1,1,1,1,1,34,6,1968,2,1,VOLKSWAGEN CRAFTER,6,E01029902,0,-1
2020451007350,2020,451007350,2,19,0,2,2,0,0,0,0,8,0,0,0,0,1,1,5,6,1,48,8,1968,2,4,VOLKSWAGEN CRAFTER,1,E01010066,0,-1
2020360989625,2020,360989625,1,19,0,1,1,3,7,0,0,1,0,0,0,0,2,1,1,1,1,32,6,1968,2,0,VOLKSWAGEN CRAFTER,4,E01026780,0,-1
2020440465771,2020,440465771,2,19,0,2,2,0,0,0,0,0,0,0,0,0,2,1,1,1,1,35,6,1968,2,1,VOLKSWAGEN CRAFTER,5,E01031401,0,-1
2020041004246,2020,041004246,1,9,0,7,7,7,5,0,0,8,0,0,0,0,1,1,5,6,2,35,6,1198,1,10,VOLKSWAGEN URBAN,6,E01025114,0,-1
2020010235502,2020,010235502,1,9,0,99,99,9,9,99,99,9,9,99,9,99,2,9,6,6,1,50,8,1198,1,10,VOLKSWAGEN URBAN,2,E01003964,0,-1
2020440234307,2020,440234307,1,9,0,18,19,3,7,0,0,1,0,0,0,0,1,1,6,6,1,18,4,1198,1,10,VOLKSWAGEN URBAN,8,E01022991,0,-1
2020990978720,2020,990978720,1,9,0,17,19,3,7,0,0,0,5,0,1,11,4,1,5,6,1,68,10,1198,1,12,VOLKSWAGEN URBAN,5,-1,0,-1
2020010237422,2020,010237422,1,9,0,18,19,1,5,0,0,2,0,0,0,0,1,1,6,6,1,42,7,1198,1,10,VOLKSWAGEN URBAN,3,E01003574,0,-1
2020040985842,2020,040985842,2,9,0,9,9,5,3,0,0,0,0,0,0,0,3,1,5,6,2,52,8,1198,1,11,VOLKSWAGEN URBAN,7,E01025485,0,-1
20201378P0280,2020,1378P0280,1,9,0,18,19,6,2,0,0,0,5,0,0,0,1,1,2,2,2,36,7,1198,1,10,VOLKSWAGEN URBAN,5,E01011447,0,-1
2020450979462,2020,450979462,1,9,0,18,19,1,5,0,0,0,0,0,0,0,3,1,5,6,2,75,10,1198,1,14,VOLKSWAGEN URBAN,10,E01030923,0,-1
2020302000162,2020,302000162,1,9,0,18,19,5,8,0,0,8,0,0,0,0,4,1,6,6,2,19,4,1390,1,14,VOLKSWAGEN URBAN,3,E01019515,0,-1
202006A368124,2020,06A368124,2,9,0,18,19,3,7,0,0,0,0,0,0,0,2,1,6,6,1,54,8,1198,1,10,VOLKSWAGEN URBAN,2,E01005233,0,-1
2020010243389,2020,010243389,1,9,0,18,19,3,7,0,0,1,1,0,0,0,1,1,6,6,1,21,5,1198,1,14,VOLKSWAGEN URBAN,7,E01000701,0,-1
2020461020908,2020,461020908,1,9,0,18,19,6,1,0,0,0,0,0,1,0,1,1,5,6,2,26,6,1198,1,12,VOLKSWAGEN URBAN,4,E01024539,0,-1
2020010229431,2020,010229431,2,9,0,99,99,9,9,99,99,9,9,99,9,99,1,9,6,6,1,-1,-1,1198,1,10,VOLKSWAGEN URBAN,1,E01001424,0,-1
2020470938701,2020,470938701,2,9,0,18,19,8,4,0,0,1,0,0,0,0,1,1,5,6,2,60,9,1390,1,11,VOLKSWAGEN URBAN,5,E01031750,0,-1
2020622000691,2020,622000691,2,9,0,9,9,4,2,0,0,8,0,0,0,0,1,1,1,1,1,34,6,1198,1,10,VOLKSWAGEN URBAN,1,W01000742,0,-1
2020990984168,2020,990984168,2,9,0,9,9,8,6,0,0,2,0,0,0,0,3,1,6,6,1,21,5,1198,1,13,VOLKSWAGEN URBAN,2,-1,0,-1
2020302000592,2020,302000592,1,9,0,5,5,8,4,0,0,5,0,0,0,0,3,1,1,1,1,25,5,1198,1,10,VOLKSWAGEN URBAN,2,E01013552,0,-1
202031B082320,2020,31B082320,2,9,0,18,19,4,8,0,0,8,0,0,0,0,4,1,6,6,1,19,4,1198,1,12,VOLKSWAGEN URBAN,5,E01007681,0,-1
2020440340746,2020,440340746,1,9,0,18,19,5,1,0,0,0,0,0,0,0,3,1,6,6,1,37,7,1198,1,10,VOLKSWAGEN URBAN,2,E01017139,0,-1