collision_index,collision_year,collision_ref_no,vehicle_reference,vehicle_type,towing_and_articulation,vehicle_manoeuvre_historic,vehicle_manoeuvre,vehicle_direction_from,vehicle_direction_to,vehicle_location_restricted_lane_historic,vehicle_location_restricted_lane,junction_location,skidding_and_overturning,hit_object_in_carriageway,vehicle_leaving_carriageway,hit_object_off_carriageway,first_point_of_impact,vehicle_left_hand_drive,journey_purpose_of_driver_historic,journey_purpose_of_driver,sex_of_driver,age_of_driver,age_band_of_driver,engine_capacity_cc,propulsion_code,age_of_vehicle,generic_make_model,driver_imd_decile,lsoa_of_driver,escooter_flag,driver_distance_banding
202006XN76057,2020,06XN76057,2,9,0,18,19,5,1,0,0,0,0,0,0,0,2,1,1,1,1,46,8,1198,1,10,VOLKSWAGEN URBAN,1,E01004958,0,-1
2020520101459,2020,520101459,2,9,0,18,19,5,1,0,0,1,0,0,0,0,1,1,6,6,2,18,4,1198,1,14,VOLKSWAGEN URBAN,8,E01029274,0,-1
2020450918303,2020,450918303,1,9,0,18,19,1,3,0,0,0,1,11,0,0,1,1,2,2,1,23,5,1390,1,13,VOLKSWAGEN URBAN,8,E01030908,0,-1
2020500956366,2020,500956366,1,9,0,18,19,2,6,0,0,8,0,0,0,0,1,1,6,6,1,86,11,1198,1,10,VOLKSWAGEN URBAN,8,E01018811,0,-1
2020110959751,2020,110959751,1,9,0,18,19,1,5,9,9,0,0,0,0,0,0,1,6,6,1,65,9,1198,1,10,VOLKSWAGEN URBAN,8,E01012360,0,-1
2020160922288,2020,160922288,1,9,0,4,4,7,3,0,0,0,0,0,0,0,2,1,6,6,2,50,8,1390,1,13,VOLKSWAGEN URBAN,3,E01012825,0,-1
2020231008333,2020,231008333,2,9,0,18,19,2,6,0,0,0,0,0,0,0,3,1,5,6,2,65,9,1198,1,10,VOLKSWAGEN URBAN,6,E01031240,0,-1
2020100965602,2020,100965602,1,9,0,16,19,6,2,0,0,0,1,0,1,0,3,1,2,2,1,64,9,1198,1,10,VOLKSWAGEN URBAN,4,E01027442,0,-1
2020101009798,2020,101009798,1,9,0,9,9,3,5,0,0,1,0,0,0,0,1,1,2,2,2,27,6,1390,1,14,VOLKSWAGEN URBAN,1,E01008709,0,-1
2020450986787,2020,450986787,1,9,0,17,19,1,2,0,0,0,1,0,1,0,1,1,3,7,1,17,4,1198,1,10,VOLKSWAGEN URBAN,10,E01030303,0,-1
2020010279634,2020,010279634,1,9,0,9,9,6,5,0,0,2,0,4,0,0,1,1,6,6,1,54,8,1390,1,14,VOLKSWAGEN URBAN,2,E01001594,0,-1
2020460965911,2020,460965911,1,9,0,9,9,7,3,9,9,1,0,0,0,0,1,1,6,6,1,21,5,1198,1,14,VOLKSWAGEN URBAN,4,E01024090,0,-1
2020460925625,2020,460925625,3,9,0,18,19,4,8,0,0,1,0,1,0,0,1,1,5,6,2,55,8,1390,1,13,VOLKSWAGEN URBAN,6,E01024171,0,-1
2020350990150,2020,350990150,1,9,0,18,19,3,7,0,0,0,0,0,0,0,1,1,2,2,1,18,4,1198,1,10,VOLKSWAGEN URBAN,9,E01018029,0,-1
2020040936007,2020,040936007,1,9,0,18,19,7,3,0,0,6,0,0,0,0,4,2,5,6,1,30,6,1198,1,12,VOLKSWAGEN URBAN,1,E01012733,0,-1
2020010284185,2020,010284185,1,9,0,9,9,7,4,0,0,0,0,0,0,0,1,1,6,6,2,64,9,1198,1,14,VOLKSWAGEN URBAN,8,E01003445,0,-1
2020320157894,2020,320157894,1,9,0,17,19,4,8,0,0,0,2,0,7,0,4,1,6,6,2,20,4,1198,1,11,VOLKSWAGEN URBAN,10,E01024720,0,-1
2020110976292,2020,110976292,2,9,0,18,19,3,7,0,0,1,0,0,0,0,4,1,6,6,2,32,6,1198,1,12,VOLKSWAGEN URBAN,2,E01020897,0,-1
2020201001011,2020,201001011,2,9,0,3,3,4,8,0,0,1,0,0,0,0,1,1,6,6,2,48,8,1198,1,10,VOLKSWAGEN URBAN,8,E01010245,0,-1
2020522000398,2020,522000398,3,9,0,3,3,4,8,0,0,1,0,0,0,0,2,1,6,6,2,-1,-1,1198,1,10,VOLKSWAGEN URBAN,-1,-1,0,-1
2020410969961,2020,410969961,1,9,0,18,19,1,5,0,0,0,0,4,0,0,1,1,5,6,2,76,11,1198,1,12,VOLKSWAGEN URBAN,7,E01023679,0,-1
2020220915716,2020,220915716,2,9,0,7,7,7,1,0,0,6,0,0,0,0,3,1,2,2,1,19,4,1198,1,14,VOLKSWAGEN URBAN,2,E01032278,0,-1
2020430005106,2020,430005106,3,9,0,18,19,1,6,0,0,0,0,0,0,0,2,1,2,2,1,42,7,1198,1,11,VOLKSWAGEN URBAN,9,E01028798,0,-1
2020010277262,2020,010277262,2,9,0,99,99,9,9,99,99,9,9,99,9,99,1,9,6,6,3,-1,-1,1198,1,14,VOLKSWAGEN URBAN,-1,-1,0,-1
2020400925328,2020,400925328,1,9,0,18,19,8,4,0,0,0,1,0,1,10,1,1,2,2,2,30,6,1390,1,14,VOLKSWAGEN URBAN,5,E01016836,0,-1
2020549780520,2020,549780520,1,9,0,17,19,7,4,0,0,0,5,0,1,0,1,1,2,2,2,50,8,1198,1,13,VOLKSWAGEN URBAN,10,E01031966,0,-1
2020552000674,2020,552000674,2,9,0,18,19,7,3,0,0,8,5,0,1,4,2,1,1,1,2,22,5,1390,1,13,VOLKSWAGEN URBAN,6,E01015331,0,-1
2020160995804,2020,160995804,1,9,0,18,19,7,3,0,0,0,0,0,0,0,4,1,6,6,2,-1,-1,1390,1,13,VOLKSWAGEN URBAN,6,E01013041,0,-1
2020552000186,2020,552000186,1,9,0,18,19,7,3,0,0,0,5,0,0,0,4,1,6,6,1,38,7,1390,1,12,VOLKSWAGEN URBAN,8,E01019961,0,-1
2020100986506,2020,100986506,1,9,0,16,19,7,3,0,0,0,0,0,0,0,1,1,2,2,1,61,9,1198,1,13,VOLKSWAGEN URBAN,5,E01008407,0,-1
2020100939747,2020,100939747,1,9,0,18,19,5,1,0,0,8,0,0,0,0,1,1,6,6,1,43,7,1390,1,13,VOLKSWAGEN URBAN,4,E01008766,0,-1
2020010274098,2020,010274098,2,9,0,5,5,5,1,8,6,6,0,0,0,0,1,1,6,6,1,31,6,1198,1,14,VOLKSWAGEN URBAN,-1,-1,0,-1
2020340D08862,2020,340D08862,2,9,0,18,19,4,8,0,0,0,0,0,0,0,1,1,6,6,2,44,7,1390,1,10,VOLKSWAGEN URBAN,9,E01027016,0,-1
20201375R1886,2020,1375R1886,1,9,0,18,19,5,1,0,0,8,0,0,0,0,1,1,6,6,1,23,5,1198,1,13,VOLKSWAGEN URBAN,1,E01010609,0,-1
2020360966923,2020,360966923,1,9,0,16,19,3,7,0,0,0,5,10,0,0,0,1,2,2,1,23,5,1198,1,11,VOLKSWAGEN URBAN,6,E01026451,0,-1
202006F174281,2020,06F174281,2,9,0,3,3,6,2,0,0,2,0,0,0,0,2,1,6,6,1,19,4,1390,1,10,VOLKSWAGEN URBAN,7,E01005644,0,-1
2020420943391,2020,420943391,1,9,0,4,4,7,3,0,0,1,0,0,0,0,1,1,5,6,1,63,9,1198,1,10,VOLKSWAGEN URBAN,3,E01021888,0,-1
2020100994095,2020,100994095,1,9,0,5,5,6,3,0,0,8,0,0,0,0,1,1,5,6,2,62,9,1198,1,10,VOLKSWAGEN URBAN,10,E01027513,0,-1
2020430037150,2020,430037150,1,9,0,18,19,6,2,0,0,0,5,0,4,0,0,1,6,6,2,25,5,1198,1,13,VOLKSWAGEN URBAN,8,E01016815,0,-1
2020522004813,2020,522004813,1,9,0,18,19,7,3,0,0,1,0,0,0,0,1,1,6,6,2,33,6,1198,1,12,VOLKSWAGEN URBAN,3,E01014682,0,-1
2020010255277,2020,010255277,2,9,0,99,99,9,9,99,99,9,9,99,9,99,9,9,6,6,3,-1,-1,1198,1,10,VOLKSWAGEN URBAN,-1,-1,0,-1
2020141002050,2020,141002050,2,9,0,18,19,7,3,0,0,1,0,0,0,0,1,1,6,6,1,33,6,1390,1,9,VOLKSWAGEN URBAN,9,E01007386,0,-1
2020440290096,2020,440290096,2,9,0,18,19,5,1,0,0,0,0,4,0,0,1,1,6,6,1,66,10,1198,1,11,VOLKSWAGEN URBAN,6,E01030912,0,-1
2020140992693,2020,140992693,2,9,0,5,5,4,8,0,0,0,0,0,0,0,1,1,5,6,2,-1,-1,1198,1,12,VOLKSWAGEN URBAN,-1,-1,0,-1
2020230926182,2020,230926182,2,9,0,18,19,4,8,0,0,1,0,0,0,0,3,1,6,6,1,18,4,1198,1,10,VOLKSWAGEN URBAN,3,E01031012,0,-1
2020040964534,2020,040964534,1,9,0,18,19,7,6,0,0,1,0,0,0,0,1,1,5,6,2,49,8,1390,1,11,VOLKSWAGEN URBAN,-1,-1,0,-1
2020302000179,2020,302000179,1,9,0,17,19,8,6,0,0,8,1,0,1,0,1,1,6,6,1,-1,-1,1198,1,13,VOLKSWAGEN URBAN,4,E01008115,0,-1
2020440388790,2020,440388790,1,21,0,9,9,4,2,0,0,5,0,0,0,0,1,1,1,1,1,-1,-1,-1,-1,-1,-1,-1,-1,0,-1
2020040940523,2020,040940523,1,3,0,18,19,5,1,0,0,0,0,0,0,0,1,1,4,7,1,18,4,125,1,6,-1,9,E01025451,0,-1
2020500928563,2020,500928563,2,3,0,18,19,8,4,0,0,1,1,0,0,0,1,1,2,2,1,17,4,124,1,8,-1,2,E01015192,0,-1
2020470923448,2020,470923448,2,4,0,18,19,7,3,0,0,0,0,0,0,0,3,1,2,2,1,39,7,125,1,7,-1,7,E01031490,0,-1
2020010266966,2020,010266966,1,3,0,5,5,7,3,0,0,1,0,0,0,0,1,1,6,6,1,23,5,124,1,5,-1,2,E01001667,0,-1
2020137BE1475,2020,137BE1475,1,3,0,18,19,3,7,0,0,0,1,0,0,0,1,1,6,6,1,35,6,125,1,7,-1,1,E01011337,0,-1
2020400957967,2020,400957967,1,3,0,5,5,8,4,0,0,2,0,0,0,0,1,1,6,6,1,33,6,125,1,8,-1,2,E01015702,0,-1
2020040922378,2020,040922378,2,3,0,9,9,6,4,0,0,4,0,0,0,0,4,1,2,2,1,44,7,125,1,2,-1,1,E01025046,0,-1
2020200936565,2020,200936565,1,9,0,18,19,2,6,0,0,0,0,0,0,0,1,1,6,6,1,-1,-1,4398,1,23,-1,-1,-1,0,-1
2020010256728,2020,010256728,1,5,0,18,19,8,4,0,0,0,0,0,0,0,3,1,2,2,1,42,7,821,1,7,-1,9,E01022069,0,-1
2020450971873,2020,450971873,1,5,0,11,11,7,3,1,1,8,0,0,0,0,4,1,5,6,1,56,9,937,1,1,-1,10,E01002934,0,-1
2020122000634,2020,122000634,2,5,0,8,8,5,7,0,0,1,0,0,0,0,4,1,6,6,1,40,7,955,1,1,-1,7,E01011111,0,-1
2020200985589,2020,200985589,2,5,0,13,13,5,1,0,0,8,0,0,0,0,3,1,6,6,1,32,6,1103,1,2,-1,10,E01010251,0,-1
2020420953131,2020,420953131,2,5,0,18,19,7,3,0,0,0,0,0,0,0,2,1,6,6,1,46,8,1103,1,1,-1,10,E01021345,0,-1
2020302000476,2020,302000476,1,4,0,17,19,3,8,0,0,0,1,0,1,4,1,1,6,6,1,38,7,1103,1,2,-1,7,E01010955,0,-1
2020360951297,2020,360951297,1,5,0,16,19,1,4,0,0,0,0,0,0,0,1,1,5,6,1,41,7,1103,1,1,-1,8,E01026921,0,-1
2020991002252,2020,991002252,1,19,0,3,3,8,3,0,0,1,0,0,0,0,1,1,1,1,1,49,8,1995,2,1,FORD TRANSIT CUSTOM,8,-1,0,-1
2020350925148,2020,350925148,2,19,0,18,19,7,3,0,0,0,0,0,0,0,3,1,1,1,1,40,7,1995,2,2,FORD TRANSIT CUSTOM,6,W01001369,0,-1
2020420994980,2020,420994980,1,19,0,18,19,2,6,0,0,0,0,0,0,0,4,1,6,6,1,37,7,1995,2,2,FORD TRANSIT CUSTOM,7,E01021742,0,-1
2020440417027,2020,440417027,1,19,0,4,4,1,5,0,0,0,0,0,0,0,1,1,1,1,1,-1,-1,1995,2,1,FORD TRANSIT CUSTOM,8,E01022402,0,-1
2020010281537,2020,010281537,1,19,0,18,19,7,3,0,0,6,0,0,0,0,4,1,1,1,1,50,8,1995,2,0,FORD TRANSIT CUSTOM,3,E01015963,0,-1
2020010262514,2020,010262514,1,19,0,4,4,3,7,0,0,1,0,0,0,0,1,1,1,1,1,52,8,1995,2,1,FORD TRANSIT CUSTOM,8,E01030405,0,-1
2020990939235,2020,990939235,3,19,0,18,19,7,3,0,0,1,0,0,1,9,3,1,2,2,1,28,6,2198,2,5,FORD TRANSIT CUSTOM,1,-1,0,-1
2020070759844,2020,070759844,1,19,0,9,9,5,3,0,0,5,0,0,0,0,3,1,2,2,1,54,8,2198,2,5,FORD TRANSIT CUSTOM,3,E01006743,0,-1
2020991003380,2020,991003380,1,19,0,18,19,4,1,0,0,1,0,0,0,0,1,1,5,6,1,33,6,2198,2,4,FORD TRANSIT CUSTOM,6,E01006438,0,-1
2020500971348,2020,500971348,2,19,0,3,3,6,2,0,0,1,0,0,0,0,1,1,6,6,3,-1,-1,1995,2,3,FORD TRANSIT CUSTOM,-1,-1,0,-1
2020500957242,2020,500957242,1,19,4,1,1,1,5,0,0,1,0,0,0,0,0,1,1,1,1,31,6,2198,2,5,FORD TRANSIT CUSTOM,2,E01015082,0,-1
2020010249517,2020,010249517,1,19,0,18,19,5,1,0,0,2,0,0,0,0,0,1,2,2,1,49,8,2198,2,6,FORD TRANSIT CUSTOM,2,E01002879,0,-1
2020420970095,2020,420970095,1,19,0,7,7,6,1,0,0,0,0,0,0,0,4,1,2,2,1,55,8,1995,2,2,FORD TRANSIT CUSTOM,6,E01015925,0,-1
2020500933056,2020,500933056,1,19,0,18,19,1,5,0,0,0,0,0,0,0,1,1,5,6,1,31,6,1995,2,2,FORD TRANSIT CUSTOM,4,E01015029,0,-1
2020622000620,2020,622000620,2,21,0,18,19,6,2,0,0,8,0,0,0,0,1,1,1,1,1,24,5,-1,-1,-1,-1,5,W01001273,0,-1
2020420968705,2020,420968705,1,19,0,18,19,6,1,0,0,1,1,0,0,0,3,1,1,1,1,28,6,2198,2,6,FORD TRANSIT CUSTOM,1,E01021290,0,-1
2020430111735,2020,430111735,2,19,0,18,19,6,2,0,0,0,0,0,0,0,1,1,2,2,1,35,6,1995,2,3,FORD TRANSIT CUSTOM,7,E01017680,0,-1
2020361004524,2020,361004524,1,19,0,18,19,1,5,0,0,8,0,0,0,0,1,1,2,2,1,32,6,1995,2,1,FORD TRANSIT CUSTOM,8,E01026921,0,-1
2020302000501,2020,302000501,2,19,0,18,19,8,4,0,0,0,0,0,0,0,1,1,6,6,1,49,8,1995,2,3,FORD TRANSIT CUSTOM,2,E01019497,0,-1
2020302000729,2020,302000729,2,19,0,18,19,4,8,0,0,8,5,0,1,11,4,1,1,1,1,24,5,1995,2,3,FORD TRANSIT CUSTOM,4,E01019481,0,-1
2020450970059,2020,450970059,1,19,0,18,19,1,2,0,0,1,0,0,0,0,1,1,2,2,1,44,7,1995,2,3,FORD TRANSIT CUSTOM,10,E01030378,0,-1
2020010241210,2020,010241210,1,19,0,18,19,4,8,0,0,1,0,0,0,0,1,1,2,2,1,26,6,1995,2,1,FORD TRANSIT CUSTOM,9,E01023308,0,-1
2020400968724,2020,400968724,1,19,0,18,19,7,3,0,0,0,0,0,0,0,1,1,6,6,1,20,4,1995,2,2,FORD TRANSIT CUSTOM,9,E01017449,0,-1
2020010256702,2020,010256702,2,19,0,99,99,9,9,99,99,9,9,99,9,99,9,9,6,6,3,-1,-1,1995,2,1,FORD TRANSIT CUSTOM,2,E01003041,0,-1
202006Q169670,2020,06Q169670,3,19,0,18,19,8,4,0,0,1,0,0,0,0,0,1,1,1,1,30,6,1995,2,2,FORD TRANSIT CUSTOM,-1,-1,0,-1
2020460944915,2020,460944915,2,19,0,18,19,1,5,0,0,0,0,0,1,0,1,1,1,1,1,37,7,1995,2,2,FORD TRANSIT CUSTOM,1,E01016019,0,-1
2020430218834,2020,430218834,2,19,0,17,19,4,1,0,0,0,0,0,0,0,3,1,1,1,1,20,4,1995,2,0,FORD TRANSIT CUSTOM,-1,-1,0,-1
202031D095220,2020,31D095220,1,19,0,18,19,1,5,0,0,0,0,0,0,0,1,1,2,2,1,57,9,2198,2,6,FORD TRANSIT CUSTOM,7,E01025909,0,-1
2020542937720,2020,542937720,1,19,0,18,19,3,7,0,0,0,0,0,0,0,3,1,6,6,1,24,5,2198,2,6,FORD TRANSIT CUSTOM,7,E01032084,0,-1
2020450923427,2020,450923427,1,19,0,13,13,1,5,0,0,1,1,0,7,10,1,1,1,1,1,36,7,1995,2,1,FORD TRANSIT CUSTOM,8,E01030972,0,-1
2020471002309,2020,471002309,1,19,0,5,5,1,5,0,0,0,0,0,0,0,2,1,1,1,1,-1,-1,1995,2,4,FORD TRANSIT CUSTOM,4,E01020971,0,-1
2020990962013,2020,990962013,3,19,0,18,19,3,7,0,0,2,0,0,0,0,2,1,6,6,1,31,6,2198,2,6,FORD TRANSIT CUSTOM,-1,-1,0,-1
2020522004907,2020,522004907,2,20,0,2,2,0,0,0,0,0,0,0,0,0,2,1,6,6,1,50,8,-1,-1,-1,FORD TRANSIT CUSTOM,1,E01033367,0,-1
2020010253455,2020,010253455,2,19,0,99,99,9,9,0,0,1,0,0,0,0,1,9,6,6,3,-1,-1,1995,2,1,FORD TRANSIT CUSTOM,-1,-1,0,-1
2020351004774,2020,351004774,1,19,0,18,19,5,1,0,0,3,0,0,0,0,1,1,2,2,1,44,7,1995,2,4,FORD TRANSIT CUSTOM,9,E01018037,0,-1
2020040982510,2020,040982510,2,19,0,7,7,5,8,0,0,1,0,0,0,0,2,1,2,2,1,29,6,1995,2,0,FORD TRANSIT CUSTOM,9,E01025346,0,-1
2020010263125,2020,010263125,1,19,0,99,99,9,9,99,99,0,9,99,9,99,2,9,6,6,1,39,7,1995,2,1,FORD TRANSIT CUSTOM,3,E01003597,0,-1
2020010281260,2020,010281260,2,19,0,12,12,7,3,0,0,1,0,0,0,0,3,1,1,1,1,21,5,1995,2,0,FORD TRANSIT CUSTOM,3,E01001004,0,-1
2020461012125,2020,461012125,2,19,0,3,3,5,1,0,0,1,0,0,0,0,2,1,6,6,1,34,6,1995,2,2,FORD TRANSIT CUSTOM,6,E01016076,0,-1
2020622000541,2020,622000541,1,19,0,13,13,2,5,0,0,3,0,0,0,0,1,1,6,6,1,31,6,1995,2,2,FORD TRANSIT CUSTOM,1,E01008082,0,-1
2020052000167,2020,052000167,2,19,0,5,5,3,7,0,0,6,0,0,0,0,1,1,1,1,1,28,6,1995,2,2,FORD TRANSIT CUSTOM,6,E01006578,0,-1
202031B149920,2020,31B149920,2,19,0,18,19,1,5,0,0,2,0,0,0,0,1,1,1,1,1,50,8,1995,2,2,FORD TRANSIT CUSTOM,9,E01019416,0,-1
2020990996440,2020,990996440,1,19,0,7,7,5,7,0,0,2,0,0,0,0,1,1,1,1,1,23,5,1995,2,0,FORD TRANSIT CUSTOM,7,-1,0,-1
2020010267145,2020,010267145,1,19,0,7,7,3,5,2,2,6,0,0,0,0,4,1,2,2,1,70,10,1995,2,3,FORD TRANSIT CUSTOM,6,E01001964,0,-1
2020302001683,2020,302001683,1,19,0,9,9,4,2,0,0,1,0,0,0,0,1,1,1,1,1,45,7,2198,2,7,FORD TRANSIT CUSTOM,8,E01019820,0,-1
2020010234419,2020,010234419,1,19,0,18,19,3,7,0,0,1,0,0,0,0,1,1,2,2,1,38,7,1995,2,3,FORD TRANSIT CUSTOM,8,E01002265,0,-1
2020010238331,2020,010238331,2,19,0,99,99,9,9,5,5,1,0,99,0,0,4,9,6,6,1,-1,-1,1995,2,2,FORD TRANSIT CUSTOM,-1,-1,0,-1
202063A054620,2020,63A054620,1,19,4,16,19,1,4,0,0,0,0,0,2,2,1,1,6,6,1,17,4,2198,2,8,FORD TRANSIT CUSTOM,3,W01000655,0,-1
2020010240845,2020,010240845,1,21,0,18,19,6,2,0,0,0,0,0,0,0,1,1,1,1,1,23,5,-1,-1,-1,-1,8,E01016823,0,-1
2020610025420,2020,610025420,1,19,0,5,5,3,7,9,9,6,5,10,2,2,3,1,1,1,1,-1,-1,1995,2,2,FORD TRANSIT CUSTOM,2,W01001503,0,-1
2020350926526,2020,350926526,1,19,0,3,3,3,5,0,0,4,0,0,0,0,1,1,1,1,1,43,7,1995,2,1,FORD TRANSIT CUSTOM,5,E01018067,0,-1
202031B173220,2020,31B173220,1,19,0,18,19,3,7,0,0,8,0,0,0,0,3,1,6,6,1,-1,-1,1995,2,0,FORD TRANSIT CUSTOM,-1,-1,0,-1
2020421006276,2020,421006276,1,19,0,18,19,6,2,0,0,1,0,0,0,0,1,1,1,1,1,25,5,1995,2,0,FORD TRANSIT CUSTOM,1,E01021301,0,-1
2020100967155,2020,100967155,1,19,0,18,19,7,3,0,0,0,0,0,0,0,1,1,6,6,1,-1,-1,1995,2,2,FORD TRANSIT CUSTOM,-1,-1,0,-1
2020461005737,2020,461005737,1,19,0,18,19,7,3,0,0,1,0,0,0,0,4,1,6,6,1,-1,-1,1995,2,1,FORD TRANSIT CUSTOM,1,E01024389,0,-1
2020440137732,2020,440137732,2,19,0,18,19,8,4,0,0,8,0,0,0,0,4,1,1,1,1,32,6,1995,2,0,FORD TRANSIT CUSTOM,1,E01017240,0,-1
2020010260467,2020,010260467,2,19,0,99,99,9,9,99,99,9,9,99,9,99,2,9,6,6,3,-1,-1,1995,2,3,FORD TRANSIT CUSTOM,2,E01033713,0,-1
2020010260052,2020,010260052,2,19,0,3,3,5,1,0,0,1,0,0,0,0,1,1,1,1,1,-1,-1,1995,2,2,FORD TRANSIT CUSTOM,5,E01002221,0,-1
2020010282443,2020,010282443,1,19,0,18,19,1,5,0,0,4,0,0,7,0,1,1,6,6,1,42,7,2198,2,6,FORD TRANSIT CUSTOM,9,E01000692,0,-1
2020440094432,2020,440094432,1,19,0,18,19,7,3,0,0,0,0,0,1,4,3,1,6,6,1,28,6,1995,2,2,FORD TRANSIT CUSTOM,8,E01031954,0,-1
2020990937550,2020,990937550,1,10,0,18,19,5,1,0,0,0,0,0,0,0,4,1,1,1,1,61,9,-1,-1,-1,-1,3,-1,0,-1
202063B075820,2020,63B075820,2,19,0,18,19,6,2,0,0,1,1,0,0,0,1,1,1,1,1,40,7,1995,2,3,FORD TRANSIT CUSTOM,5,W01000533,0,-1
2020421002820,2020,421002820,1,19,0,18,19,5,1,0,0,2,0,0,0,0,1,1,1,1,1,42,7,1995,2,2,FORD TRANSIT CUSTOM,4,E01021829,0,-1
2020070502819,2020,070502819,2,19,0,18,19,2,6,0,0,8,0,0,0,0,1,1,1,1,1,28,6,2198,2,7,FORD TRANSIT CUSTOM,7,W01000190,0,-1
2020370987897,2020,370987897,1,19,0,17,19,3,7,0,0,0,0,0,0,0,3,1,5,6,1,57,9,1995,2,2,FORD TRANSIT CUSTOM,3,E01021831,0,-1
2020990967104,2020,990967104,3,19,0,4,4,3,7,0,0,0,0,0,0,0,2,1,6,6,1,26,6,1995,2,1,FORD TRANSIT CUSTOM,5,-1,0,-1
2020450947952,2020,450947952,2,19,0,18,19,7,3,0,0,1,0,0,0,0,0,1,2,2,1,31,6,1995,2,1,FORD TRANSIT CUSTOM,8,E01030988,0,-1
2020410985763,2020,410985763,1,20,0,18,19,7,3,0,0,3,0,0,0,0,1,1,6,6,1,27,6,-1,-1,-1,FORD TRANSIT CUSTOM,8,E01023875,0,-1
2020010259853,2020,010259853,1,19,0,16,19,3,5,0,0,6,0,0,7,0,1,1,6,6,1,63,9,1995,2,2,FORD TRANSIT CUSTOM,3,E01001516,0,-1
2020200988013,2020,200988013,2,19,0,18,19,2,6,0,0,8,5,0,0,0,3,1,1,1,1,53,8,2198,2,4,FORD TRANSIT CUSTOM,1,E01009122,0,-1
2020070419394,2020,070419394,1,19,0,18,19,5,1,0,0,4,0,9,0,0,1,1,1,1,1,21,5,1995,2,2,FORD TRANSIT CUSTOM,7,E01018421,0,-1
2020420956351,2020,420956351,2,19,0,4,4,8,4,0,0,0,1,0,0,0,2,1,6,6,1,51,8,1995,2,2,FORD TRANSIT CUSTOM,4,E01021809,0,-1
2020470990035,2020,470990035,3,19,0,2,2,0,0,6,6,0,0,0,0,0,1,1,1,1,1,36,7,1995,2,1,FORD TRANSIT CUSTOM,-1,-1,0,-1
2020010261432,2020,010261432,1,19,0,15,15,7,3,0,0,0,0,0,0,0,3,1,1,1,1,26,6,1995,2,3,FORD TRANSIT CUSTOM,9,E01023292,0,-1
2020990948646,2020,990948646,2,19,0,18,19,4,8,0,0,8,0,0,0,0,4,1,5,6,1,41,7,2198,2,6,FORD TRANSIT CUSTOM,3,-1,0,-1
2020210995028,2020,210995028,1,19,0,1,1,2,6,9,9,6,0,0,0,0,2,1,1,1,1,27,6,2198,2,6,FORD TRANSIT CUSTOM,-1,-1,0,-1
2020231009950,2020,231009950,2,19,0,18,19,7,3,0,0,0,0,0,0,0,1,1,1,1,1,33,6,1995,2,2,FORD TRANSIT CUSTOM,8,E01033519,0,-1
2020440482661,2020,440482661,1,19,0,6,6,5,5,0,0,8,0,0,0,0,1,1,1,1,1,39,7,1995,2,0,FORD TRANSIT CUSTOM,4,E01022804,0,-1
2020010277561,2020,010277561,1,19,0,99,99,9,9,99,99,0,9,99,9,99,9,9,6,6,1,30,6,2198,2,5,FORD TRANSIT CUSTOM,3,E01002508,0,-1
2020010251056,2020,010251056,2,19,0,18,19,5,1,0,0,1,0,0,0,0,1,1,6,6,3,-1,-1,1995,2,2,FORD TRANSIT CUSTOM,-1,-1,0,-1
2020010261532,2020,010261532,1,19,0,18,19,5,1,0,0,0,0,0,0,0,1,1,2,2,1,26,6,2198,2,5,FORD TRANSIT CUSTOM,2,E01001361,0,-1
2020470924902,2020,470924902,1,19,0,9,9,1,7,0,0,1,0,0,0,0,1,1,1,1,1,36,7,2198,2,4,FORD TRANSIT CUSTOM,3,E01031482,0,-1
2020010248462,2020,010248462,2,19,0,5,5,5,1,0,0,1,0,0,0,0,1,1,1,1,1,28,6,1995,2,3,FORD TRANSIT CUSTOM,2,E01019646,0,-1
2020400980907,2020,400980907,1,19,0,18,19,1,5,0,0,0,0,0,0,0,1,1,6,6,1,18,4,2198,2,7,FORD TRANSIT CUSTOM,8,E01017561,0,-1
2020302001010,2020,302001010,1,19,0,5,5,8,6,0,0,1,0,0,0,0,1,2,6,6,1,28,6,2198,2,6,FORD TRANSIT CUSTOM,1,E01010415,0,-1
20201376T0776,2020,1376T0776,1,19,0,7,7,3,6,0,0,1,0,0,0,0,4,1,1,1,1,58,9,1995,2,1,FORD TRANSIT CUSTOM,9,E01027708,0,-1
2020010259826,2020,010259826,1,19,0,18,19,5,1,0,0,8,0,0,0,0,4,1,6,6,1,46,8,1995,2,1,FORD TRANSIT CUSTOM,4,E01002231,0,-1
2020030976344,2020,030976344,1,19,0,13,13,6,6,0,0,0,0,0,0,0,0,1,2,2,1,50,8,2198,2,4,FORD TRANSIT CUSTOM,5,E01019388,0,-1
2020137CH0248,2020,137CH0248,2,19,0,18,19,3,7,0,0,0,0,0,0,0,4,1,1,1,1,35,6,1995,2,4,FORD TRANSIT CUSTOM,9,E01016330,0,-1
2020520002496,2020,520002496,2,19,0,18,19,1,5,0,0,3,0,0,0,0,4,1,6,6,1,40,7,2198,2,6,FORD TRANSIT CUSTOM,-1,-1,0,-1
2020040977166,2020,040977166,2,19,0,18,19,3,7,0,0,0,0,0,0,0,3,1,1,1,1,40,7,2198,2,4,FORD TRANSIT CUSTOM,9,E01025303,0,-1