collision_index,collision_year,collision_ref_no,vehicle_reference,vehicle_type,towing_and_articulation,vehicle_manoeuvre_historic,vehicle_manoeuvre,vehicle_direction_from,vehicle_direction_to,vehicle_location_restricted_lane_historic,vehicle_location_restricted_lane,junction_location,skidding_and_overturning,hit_object_in_carriageway,vehicle_leaving_carriageway,hit_object_off_carriageway,first_point_of_impact,vehicle_left_hand_drive,journey_purpose_of_driver_historic,journey_purpose_of_driver,sex_of_driver,age_of_driver,age_band_of_driver,engine_capacity_cc,propulsion_code,age_of_vehicle,generic_make_model,driver_imd_decile,lsoa_of_driver,escooter_flag,driver_distance_banding
2020070674418,2020,070674418,1,19,0,9,9,7,3,0,0,5,0,0,0,0,3,1,1,1,1,-1,-1,1995,2,2,FORD TRANSIT CUSTOM,3,E01015503,0,-1
2020040955421,2020,040955421,2,19,0,18,19,3,7,0,0,0,5,0,0,0,3,1,1,1,1,41,7,1995,2,1,FORD TRANSIT CUSTOM,3,E01012588,0,-1
2020430251506,2020,430251506,2,19,0,18,19,2,6,0,0,0,0,0,0,0,2,1,6,6,1,30,6,1995,2,0,FORD TRANSIT CUSTOM,-1,-1,0,-1
2020410962639,2020,410962639,1,19,0,3,3,4,8,0,0,1,0,0,0,0,1,1,1,1,1,18,4,1995,2,3,FORD TRANSIT CUSTOM,7,E01023561,0,-1
2020420999811,2020,420999811,1,19,0,9,9,1,7,0,0,6,0,0,0,0,1,1,6,6,1,-1,-1,2198,2,5,FORD TRANSIT CUSTOM,-1,-1,0,-1
2020470929931,2020,470929931,4,20,0,18,19,6,2,0,0,1,0,0,0,0,2,1,2,2,1,35,6,-1,-1,-1,FORD TRANSIT CUSTOM,7,E01031462,0,-1
2020137CN0588,2020,137CN0588,1,19,0,5,5,7,5,9,9,0,0,0,0,0,1,1,6,6,3,-1,-1,2198,2,6,FORD TRANSIT CUSTOM,-1,-1,0,-1
2020990994000,2020,990994000,1,19,0,1,1,4,7,0,0,0,0,0,0,0,2,2,1,1,1,41,7,1995,2,4,FORD TRANSIT CUSTOM,4,E01005996,0,-1
2020302000438,2020,302000438,1,19,0,18,19,6,3,0,0,0,0,0,0,0,1,1,1,1,1,54,8,1995,2,1,FORD TRANSIT CUSTOM,8,E01019630,0,-1
2020340S07262,2020,340S07262,1,19,0,18,19,7,3,0,0,0,0,4,0,0,1,1,6,6,1,57,9,2198,2,4,FORD TRANSIT CUSTOM,6,E01027306,0,-1
2020470976626,2020,470976626,1,19,0,18,19,8,4,0,0,0,0,0,0,0,1,1,5,6,1,47,8,2198,2,5,FORD TRANSIT CUSTOM,9,E01017802,0,-1
2020460958118,2020,460958118,1,19,0,9,9,5,3,0,0,1,0,0,0,0,3,1,1,1,1,25,5,1995,2,4,FORD TRANSIT CUSTOM,1,E01024590,0,-1
2020421007774,2020,421007774,1,19,0,18,19,8,4,0,0,0,1,0,0,0,1,1,2,2,1,33,6,1995,2,2,FORD TRANSIT CUSTOM,6,E01021430,0,-1
2020220977009,2020,220977009,1,19,0,14,14,8,4,0,0,0,0,4,0,0,1,1,5,6,1,34,6,1995,2,0,FORD TRANSIT CUSTOM,3,E01032422,0,-1
2020500971696,2020,500971696,1,19,0,4,4,3,7,0,0,1,0,0,0,0,2,1,1,1,1,38,7,2198,2,6,FORD TRANSIT CUSTOM,10,E01020203,0,-1
2020200945079,2020,200945079,2,19,0,18,19,4,8,0,0,1,0,0,0,0,2,1,1,1,1,-1,-1,1995,2,3,FORD TRANSIT CUSTOM,-1,-1,0,-1
2020140974744,2020,140974744,2,19,0,1,1,1,1,0,0,0,0,0,0,0,2,1,6,6,3,-1,-1,2198,2,5,FORD TRANSIT CUSTOM,-1,-1,0,-1
2020010238561,2020,010238561,1,19,0,1,1,1,5,0,0,0,0,0,0,0,2,1,1,1,1,29,6,2198,2,5,FORD TRANSIT CUSTOM,3,E01004421,0,-1
2020010234940,2020,010234940,1,19,0,99,99,9,9,99,99,9,9,99,9,99,1,9,6,6,1,43,7,1995,2,1,FORD TRANSIT CUSTOM,7,E01016680,0,-1
2020340C03302,2020,340C03302,1,19,0,7,7,3,5,0,0,6,0,0,0,0,1,1,1,1,1,68,10,1995,2,2,FORD TRANSIT CUSTOM,8,E01032963,0,-1
2020230985423,2020,230985423,1,19,0,9,9,4,2,0,0,6,0,0,0,0,3,1,6,6,1,35,6,1995,2,0,FORD TRANSIT CUSTOM,4,E01007344,0,-1
2020010258745,2020,010258745,2,19,0,7,7,6,1,0,0,1,0,0,0,0,3,1,1,1,1,67,10,2198,2,4,FORD TRANSIT CUSTOM,7,E01004499,0,-1
2020230943277,2020,230943277,1,19,0,18,19,2,6,0,0,6,0,0,3,0,1,1,1,1,1,28,6,2198,2,5,FORD TRANSIT CUSTOM,7,E01031167,0,-1
2020400945886,2020,400945886,2,19,0,2,2,0,0,0,0,0,0,0,0,0,2,1,5,6,1,33,6,2198,2,5,FORD TRANSIT CUSTOM,-1,-1,0,-1
2020010243276,2020,010243276,1,19,0,18,19,5,1,0,0,2,0,0,0,0,3,1,6,6,1,28,6,2198,2,5,FORD TRANSIT CUSTOM,5,E01000516,0,-1
2020991008551,2020,991008551,2,19,0,5,5,2,6,0,0,5,0,0,0,0,2,1,6,6,1,38,7,2198,2,6,FORD TRANSIT CUSTOM,4,-1,0,-1
2020350989962,2020,350989962,2,19,0,9,9,3,7,0,0,1,0,0,0,0,2,1,1,1,1,22,5,2198,2,4,FORD TRANSIT CUSTOM,8,E01018286,0,-1
2020450920764,2020,450920764,2,19,0,18,19,6,1,0,0,1,0,0,0,0,1,1,6,6,3,32,6,1995,2,2,FORD TRANSIT CUSTOM,8,E01016508,0,-1
2020010281469,2020,010281469,2,19,0,99,99,9,9,99,99,1,9,99,9,99,2,9,6,6,3,-1,-1,1995,2,2,FORD TRANSIT CUSTOM,-1,-1,0,-1
2020010231344,2020,010231344,2,19,0,18,19,5,1,0,0,0,0,0,0,0,0,1,1,1,1,40,7,1995,2,2,FORD TRANSIT CUSTOM,4,E01033589,0,-1
2020552000742,2020,552000742,1,19,0,9,9,4,8,0,0,5,0,0,0,0,4,1,6,6,1,36,7,2198,2,4,FORD TRANSIT CUSTOM,-1,-1,0,-1
2020170S40640,2020,170S40640,2,19,0,2,2,0,0,6,6,0,0,0,0,0,2,1,1,1,1,46,8,2198,2,5,FORD TRANSIT CUSTOM,4,E01020646,0,-1
2020470942214,2020,470942214,2,19,0,4,4,2,6,0,0,0,0,0,0,0,2,1,2,2,1,59,9,2198,2,4,FORD TRANSIT CUSTOM,4,E01031835,0,-1
2020302001498,2020,302001498,2,19,0,4,4,6,2,0,0,0,0,0,0,0,2,1,2,2,1,29,6,1995,2,1,FORD TRANSIT CUSTOM,2,E01019500,0,-1
2020010254923,2020,010254923,3,19,0,2,2,0,0,0,0,1,0,0,0,0,0,1,6,6,3,-1,-1,1995,2,1,FORD TRANSIT CUSTOM,-1,-1,0,-1
2020420939546,2020,420939546,2,19,0,16,19,4,8,0,0,0,0,0,0,0,1,1,6,6,1,61,9,1995,2,0,FORD TRANSIT CUSTOM,2,E01022046,0,-1
2020010277259,2020,010277259,1,19,0,10,10,7,4,0,0,5,0,0,0,0,1,1,1,1,1,24,5,1995,2,2,FORD TRANSIT CUSTOM,4,E01023859,0,-1
2020230926789,2020,230926789,2,19,0,4,4,1,5,0,0,0,0,0,0,0,2,1,1,1,1,57,9,2198,2,4,FORD TRANSIT CUSTOM,9,E01032261,0,-1
2020070276669,2020,070276669,1,19,0,16,19,6,2,0,0,8,1,10,3,1,4,1,6,6,1,50,8,1995,2,4,FORD TRANSIT CUSTOM,-1,-1,0,-1
2020430036214,2020,430036214,1,19,0,1,1,3,7,0,0,0,0,0,0,0,2,1,6,6,1,30,6,2198,2,6,FORD TRANSIT CUSTOM,8,E01028623,0,-1
2020450941202,2020,450941202,1,19,0,18,19,1,5,0,0,2,0,0,0,0,4,1,2,2,1,32,6,1995,2,1,FORD TRANSIT CUSTOM,10,E01030997,0,-1
2020990976928,2020,990976928,2,19,0,4,4,6,2,0,0,0,0,0,0,0,2,1,1,1,1,35,6,1995,2,3,FORD TRANSIT CUSTOM,9,-1,0,-1
2020010258518,2020,010258518,2,19,9,18,19,1,5,99,99,9,9,99,9,99,9,2,6,6,1,50,8,2198,2,6,FORD TRANSIT CUSTOM,-1,-1,0,-1
2020460982064,2020,460982064,3,19,0,18,19,8,4,0,0,1,0,0,1,0,1,1,1,1,1,54,8,1995,2,1,FORD TRANSIT CUSTOM,9,E01024750,0,-1
2020410974320,2020,410974320,3,19,0,18,19,7,3,0,0,0,0,0,0,0,1,1,6,6,1,51,8,2198,2,5,FORD TRANSIT CUSTOM,1,E01022045,0,-1
2020450932348,2020,450932348,1,19,0,18,19,1,5,0,0,0,0,0,0,0,1,1,1,1,1,25,5,1995,2,1,FORD TRANSIT CUSTOM,5,E01030609,0,-1
2020010229278,2020,010229278,3,19,0,18,19,6,2,0,0,0,0,0,0,0,1,1,1,1,1,55,8,1995,2,1,FORD TRANSIT CUSTOM,7,E01000364,0,-1
2020440264223,2020,440264223,1,19,0,5,5,3,7,0,0,1,0,0,0,0,2,1,6,6,1,35,6,1995,2,2,FORD TRANSIT CUSTOM,2,E01017149,0,-1
2020160958850,2020,160958850,2,19,0,18,19,7,3,0,0,1,0,0,7,0,1,1,5,6,1,29,6,1995,2,0,FORD TRANSIT CUSTOM,5,E01033015,0,-1
2020160956462,2020,160956462,1,19,0,18,19,1,5,0,0,1,0,0,0,0,1,1,1,1,1,44,7,1995,2,0,FORD TRANSIT CUSTOM,3,E01012759,0,-1
2020501009556,2020,501009556,1,19,0,18,19,7,3,0,0,3,0,0,0,0,1,1,2,2,1,53,8,2198,2,4,FORD TRANSIT CUSTOM,5,E01020127,0,-1
2020010266582,2020,010266582,2,19,0,5,5,3,7,0,0,0,0,0,0,0,3,1,6,6,1,54,8,1995,2,2,FORD TRANSIT CUSTOM,4,E01000676,0,-1
2020010248337,2020,010248337,1,19,0,99,99,9,9,99,99,9,9,99,9,99,2,9,6,6,1,39,7,1995,2,2,FORD TRANSIT CUSTOM,2,E01021771,0,-1
2020010233810,2020,010233810,2,19,0,99,99,9,9,99,99,0,9,99,9,99,2,9,6,6,3,-1,-1,1995,2,1,FORD TRANSIT CUSTOM,2,E01033689,0,-1
2020137360993,2020,137360993,2,19,0,3,3,8,4,0,0,0,0,0,0,0,2,1,1,1,1,29,6,1995,2,3,FORD TRANSIT CUSTOM,4,E01011208,0,-1
2020470930436,2020,470930436,1,19,0,4,4,1,5,0,0,0,0,0,0,0,0,1,6,6,1,37,7,2198,2,4,FORD TRANSIT CUSTOM,4,E01024384,0,-1
2020210981375,2020,210981375,1,19,0,13,13,7,4,0,0,0,0,0,0,0,0,1,6,6,1,53,8,1995,2,4,FORD TRANSIT CUSTOM,7,E01029467,0,-1
2020302001449,2020,302001449,2,19,0,3,3,3,8,0,0,0,0,0,0,0,1,1,2,2,1,36,7,2198,2,5,FORD TRANSIT CUSTOM,-1,-1,0,-1
2020340D04952,2020,340D04952,1,19,0,13,13,3,7,0,0,0,1,0,0,0,1,1,1,1,1,44,7,2198,2,4,FORD TRANSIT CUSTOM,8,E01027103,0,-1
2020400944170,2020,400944170,1,19,0,15,15,7,3,0,0,1,0,0,0,0,1,1,1,1,1,19,4,1995,2,2,FORD TRANSIT CUSTOM,4,E01023925,0,-1
202054A011620,2020,54A011620,2,19,0,5,5,1,5,0,0,1,0,0,0,0,1,1,6,6,1,63,9,2198,2,5,FORD TRANSIT CUSTOM,6,E01032085,0,-1
2020990951564,2020,990951564,1,19,0,18,19,3,7,0,0,0,0,12,0,0,1,1,1,1,1,28,6,2198,2,4,FORD TRANSIT CUSTOM,-1,-1,0,-1
2020010248878,2020,010248878,2,19,0,18,19,3,7,0,0,8,0,0,0,0,4,1,1,1,1,33,6,1995,2,2,FORD TRANSIT CUSTOM,8,E01033460,0,-1
2020500990964,2020,500990964,5,19,0,18,19,5,1,0,0,0,0,0,1,0,1,1,1,1,1,60,9,1995,2,4,FORD TRANSIT CUSTOM,5,E01018906,0,-1
2020450968974,2020,450968974,3,19,0,18,19,4,8,0,0,0,0,0,0,0,1,1,2,2,1,33,6,2198,2,4,FORD TRANSIT CUSTOM,10,E01016665,0,-1
2020320057876,2020,320057876,2,20,0,17,19,7,2,0,0,1,0,0,0,0,1,1,6,6,1,59,9,-1,-1,-1,FORD TRANSIT CUSTOM,5,E01026249,0,-1
2020410988304,2020,410988304,2,19,0,16,19,1,3,0,0,0,0,0,0,0,2,1,1,1,1,29,6,1995,2,2,FORD TRANSIT CUSTOM,4,E01017475,0,-1
2020501013827,2020,501013827,1,19,0,5,5,8,4,0,0,0,1,0,0,0,1,1,1,1,2,20,4,1995,2,0,FORD TRANSIT CUSTOM,1,E01018910,0,-1
202006J169265,2020,06J169265,2,19,0,18,19,7,3,0,0,0,0,0,0,0,2,1,1,1,2,29,6,1995,2,3,FORD TRANSIT CUSTOM,-1,-1,0,-1
2020010278112,2020,010278112,3,19,0,18,19,1,5,0,0,0,0,4,0,0,2,1,1,1,1,72,10,1995,2,3,FORD TRANSIT CUSTOM,3,E01003493,0,-1
2020450935104,2020,450935104,2,19,0,18,19,1,5,0,0,2,0,0,0,0,4,1,1,1,1,27,6,1995,2,1,FORD TRANSIT CUSTOM,6,E01003393,0,-1
2020520000999,2020,520000999,4,19,0,18,19,4,8,0,0,8,0,0,0,0,1,1,6,6,1,50,8,1995,2,1,FORD TRANSIT CUSTOM,10,E01029159,0,-1
2020430304623,2020,430304623,1,19,0,15,15,6,2,0,0,0,0,0,0,0,3,1,6,6,3,-1,-1,1995,2,2,FORD TRANSIT CUSTOM,-1,-1,0,-1
2020010277588,2020,010277588,1,19,0,18,19,2,6,0,0,1,0,0,0,0,1,1,1,1,1,28,6,1995,2,3,FORD TRANSIT CUSTOM,5,E01002635,0,-1
2020122001145,2020,122001145,1,19,0,5,5,4,8,0,0,1,0,0,0,0,1,1,1,1,1,29,6,1995,2,0,FORD TRANSIT CUSTOM,1,E01013177,0,-1
2020420950134,2020,420950134,1,19,0,18,19,8,4,0,0,0,0,0,0,0,4,1,5,6,1,26,6,1995,2,2,FORD TRANSIT CUSTOM,4,E01021277,0,-1
2020100961485,2020,100961485,1,19,0,5,5,7,4,0,0,6,0,0,0,0,1,1,1,1,1,-1,-1,1995,2,1,FORD TRANSIT CUSTOM,-1,-1,0,-1
2020351000584,2020,351000584,1,19,0,18,19,7,3,0,0,0,0,0,0,0,1,1,6,6,1,26,6,2198,2,4,FORD TRANSIT CUSTOM,4,E01015606,0,-1
2020010256743,2020,010256743,1,19,0,10,10,5,3,0,0,2,0,0,0,0,1,1,2,2,1,31,6,1995,2,2,FORD TRANSIT CUSTOM,7,E01023590,0,-1
2020010228351,2020,010228351,2,19,0,99,99,9,9,99,99,9,9,99,9,99,9,9,6,6,3,-1,-1,1995,2,1,FORD TRANSIT CUSTOM,-1,-1,0,-1
20201372B0233,2020,1372B0233,1,19,0,18,19,4,8,0,0,0,0,0,0,0,1,1,1,1,1,30,6,2198,2,4,FORD TRANSIT CUSTOM,8,E01010863,0,-1
202031B037020,2020,31B037020,1,19,0,18,19,1,5,0,0,0,0,0,0,0,1,1,1,1,1,65,9,2198,2,5,FORD TRANSIT CUSTOM,10,E01026324,0,-1
2020500985591,2020,500985591,1,19,0,1,1,1,5,0,0,0,0,0,0,0,2,1,1,1,1,23,5,1995,2,3,FORD TRANSIT CUSTOM,5,E01015123,0,-1
2020010247876,2020,010247876,1,19,0,99,99,9,9,99,99,0,9,99,9,99,9,9,2,2,1,31,6,1995,2,4,FORD TRANSIT CUSTOM,3,E01002527,0,-1
2020470930316,2020,470930316,1,20,0,18,19,2,6,0,0,0,0,0,0,0,1,2,6,6,1,40,7,-1,-1,-1,FORD TRANSIT CUSTOM,4,E01021071,0,-1
2020460967698,2020,460967698,2,19,0,17,19,5,1,0,0,0,0,0,0,0,1,1,5,6,1,39,7,1995,2,4,FORD TRANSIT CUSTOM,6,E01024460,0,-1
2020451013555,2020,451013555,2,19,0,4,4,3,7,0,0,0,0,0,0,0,1,1,1,1,1,40,7,1995,2,1,FORD TRANSIT CUSTOM,8,E01030654,0,-1
2020010268635,2020,010268635,2,19,0,99,99,9,9,99,99,9,9,99,9,99,9,9,6,6,3,28,6,2198,2,4,FORD TRANSIT CUSTOM,6,E01016080,0,-1
2020430254631,2020,430254631,1,19,0,1,1,2,6,0,0,5,0,0,0,0,1,1,1,1,2,50,8,1995,2,1,FORD TRANSIT CUSTOM,9,E01028659,0,-1
2020460992979,2020,460992979,1,19,0,7,7,4,7,0,0,2,0,0,0,0,1,1,2,2,1,35,6,2198,2,6,FORD TRANSIT CUSTOM,7,E01024417,0,-1
2020549363420,2020,549363420,2,21,0,5,5,2,6,0,0,4,0,0,0,0,2,1,1,1,1,35,6,-1,-1,-1,-1,8,E01028726,0,-1
2020411014181,2020,411014181,2,19,0,9,9,3,1,0,0,0,0,0,0,0,3,1,1,1,1,23,5,2198,2,7,FORD TRANSIT CUSTOM,9,E01015811,0,-1
2020530994015,2020,530994015,1,19,0,17,19,5,1,0,0,0,0,0,0,0,1,1,1,1,1,38,7,1995,2,2,FORD TRANSIT CUSTOM,5,E01032238,0,-1
2020520042120,2020,520042120,1,19,0,18,19,3,7,0,0,0,0,0,0,0,2,1,1,1,1,44,7,1995,2,0,FORD TRANSIT CUSTOM,3,W01001676,0,-1
2020010253571,2020,010253571,2,19,0,99,99,9,9,99,99,9,9,99,9,99,9,9,6,6,3,-1,-1,1995,2,3,FORD TRANSIT CUSTOM,2,E01004036,0,-1
2020200961556,2020,200961556,2,19,0,18,19,2,6,0,0,0,0,8,0,0,1,1,6,6,1,54,8,2198,2,5,FORD TRANSIT CUSTOM,4,E01009166,0,-1
2020440451349,2020,440451349,1,19,0,7,7,8,2,0,0,8,0,0,0,0,1,1,6,6,1,-1,-1,1995,2,3,FORD TRANSIT CUSTOM,10,E01022847,0,-1
2020010273716,2020,010273716,2,19,0,99,99,9,9,0,0,8,0,0,0,0,9,9,6,6,1,36,7,1995,2,1,FORD TRANSIT CUSTOM,4,E01004177,0,-1
2020010282658,2020,010282658,1,19,0,9,9,5,2,0,0,5,0,0,0,0,1,1,2,2,1,29,6,1995,2,2,FORD TRANSIT CUSTOM,4,E01030383,0,-1
2020070352995,2020,070352995,1,19,0,1,1,8,4,0,0,0,0,0,0,0,0,1,1,1,1,28,6,1995,2,2,FORD TRANSIT CUSTOM,-1,-1,0,-1
2020440024735,2020,440024735,2,19,0,9,9,5,3,0,0,8,0,0,0,0,4,1,3,7,1,42,7,1995,2,2,FORD TRANSIT CUSTOM,8,E01023178,0,-1
2020552000616,2020,552000616,1,19,0,18,19,2,6,0,0,3,2,0,0,0,4,1,1,1,1,30,6,1995,2,3,FORD TRANSIT CUSTOM,7,E01017017,0,-1
2020101006338,2020,101006338,1,19,0,11,11,7,3,0,0,0,0,0,0,0,1,1,1,1,1,44,7,1995,2,1,FORD TRANSIT CUSTOM,6,E01020697,0,-1
2020500960485,2020,500960485,2,19,0,1,1,1,5,0,0,0,0,0,0,0,3,1,5,6,1,29,6,1995,2,1,FORD TRANSIT CUSTOM,8,E01019970,0,-1
2020161005271,2020,161005271,1,19,0,16,19,6,2,0,0,3,0,0,0,0,1,1,2,2,1,36,7,1995,2,1,FORD TRANSIT CUSTOM,1,E01012865,0,-1
2020010255488,2020,010255488,2,19,0,18,19,7,3,0,0,8,0,0,0,0,3,1,6,6,3,41,7,1995,2,2,FORD TRANSIT CUSTOM,2,E01001333,0,-1
2020030934465,2020,030934465,2,19,0,18,19,7,3,0,0,1,0,0,0,0,4,1,1,1,1,30,6,2198,2,5,FORD TRANSIT CUSTOM,5,E01019394,0,-1
2020552001083,2020,552001083,1,19,0,18,19,6,2,0,0,4,0,0,0,0,3,1,1,1,1,33,6,2198,2,6,FORD TRANSIT CUSTOM,6,E01020439,0,-1
20201373B0272,2020,1373B0272,2,19,0,18,19,7,3,0,0,0,0,0,0,0,1,1,2,2,1,33,6,2198,2,6,FORD TRANSIT CUSTOM,10,E01027574,0,-1
2020991004312,2020,991004312,1,19,0,18,19,7,3,0,0,0,1,7,0,0,4,1,1,1,1,37,7,1995,2,0,FORD TRANSIT CUSTOM,7,-1,0,-1
2020010262587,2020,010262587,2,19,0,9,9,1,7,0,0,5,0,0,0,0,1,1,6,6,1,47,8,1995,2,1,FORD TRANSIT CUSTOM,2,E01003636,0,-1
2020052001124,2020,052001124,2,19,0,1,1,5,1,0,0,0,0,0,0,0,2,1,1,1,1,54,8,1995,2,2,FORD TRANSIT CUSTOM,5,E01011124,0,-1
2020200974938,2020,200974938,1,19,0,9,9,8,6,0,0,5,0,0,0,0,4,1,6,6,3,-1,-1,2198,2,4,FORD TRANSIT CUSTOM,-1,-1,0,-1
2020010257717,2020,010257717,1,19,0,3,3,5,1,0,0,0,0,0,0,0,2,1,2,2,1,57,9,2198,2,5,FORD TRANSIT CUSTOM,3,E01021831,0,-1
2020052000577,2020,052000577,2,19,0,18,19,1,5,0,0,8,0,0,0,0,1,1,1,1,1,62,9,2198,2,6,FORD TRANSIT CUSTOM,4,E01007288,0,-1
2020010267375,2020,010267375,1,19,0,18,19,7,3,0,0,1,1,0,0,0,1,1,6,6,1,27,6,1995,2,4,FORD TRANSIT CUSTOM,9,E01002112,0,-1
2020320510501,2020,320510501,1,20,0,6,6,5,1,0,0,0,0,0,0,0,3,1,1,1,1,36,7,-1,-1,-1,FORD TRANSIT CUSTOM,4,E01026057,0,-1
2020400992280,2020,400992280,1,19,0,4,4,2,6,0,0,0,1,0,0,0,1,1,2,2,1,22,5,1995,2,0,FORD TRANSIT CUSTOM,8,E01018203,0,-1
2020552000781,2020,552000781,1,19,0,18,19,4,1,0,0,8,1,0,0,0,1,1,1,1,1,25,5,2198,2,6,FORD TRANSIT CUSTOM,6,E01032119,0,-1
2020040921584,2020,040921584,1,19,0,18,19,3,7,0,0,8,0,0,0,0,3,1,1,1,2,36,7,2198,2,4,FORD TRANSIT CUSTOM,2,E01025292,0,-1
2020302000090,2020,302000090,1,19,0,18,19,4,8,0,0,6,0,0,0,0,1,1,1,1,1,39,7,1995,2,2,FORD TRANSIT CUSTOM,2,E01033172,0,-1
2020302001075,2020,302001075,2,19,0,18,19,1,2,0,0,0,0,0,0,0,1,1,1,1,1,48,8,1995,2,1,FORD TRANSIT CUSTOM,1,E01013954,0,-1
2020552001003,2020,552001003,2,19,0,18,19,5,1,0,0,8,0,0,0,0,1,1,2,2,1,39,7,2198,2,6,FORD TRANSIT CUSTOM,9,E01020580,0,-1
2020320159994,2020,320159994,1,19,0,5,5,1,5,0,0,0,0,0,0,0,1,1,6,6,1,33,6,2198,2,4,FORD TRANSIT CUSTOM,2,E01026108,0,-1
2020100964719,2020,100964719,1,19,0,18,19,7,3,0,0,0,0,0,0,0,1,1,6,6,1,28,6,2198,2,5,FORD TRANSIT CUSTOM,1,E01008737,0,-1
2020500993353,2020,500993353,2,20,0,3,3,7,3,0,0,0,0,0,0,0,2,1,1,1,1,29,6,-1,-1,-1,FORD TRANSIT CUSTOM,2,E01018771,0,-1
2020990973814,2020,990973814,2,19,0,12,12,6,2,0,0,0,0,0,0,0,4,1,1,1,1,59,9,1995,2,3,FORD TRANSIT CUSTOM,1,-1,0,-1
2020010271116,2020,010271116,2,19,0,4,4,1,5,0,0,0,0,0,0,0,1,1,1,1,1,26,6,1995,2,2,FORD TRANSIT CUSTOM,2,E01024311,0,-1
2020990981619,2020,990981619,2,19,0,18,19,7,3,0,0,1,5,0,0,0,1,1,6,6,1,50,8,1995,2,3,FORD TRANSIT CUSTOM,1,-1,0,-1
2020500948519,2020,500948519,1,19,0,18,19,5,1,0,0,0,0,0,1,0,1,1,6,6,1,41,7,2198,2,6,FORD TRANSIT CUSTOM,4,E01020287,0,-1
2020030989396,2020,030989396,1,19,0,18,19,1,5,0,0,1,0,0,0,0,1,1,1,1,1,21,5,1995,2,1,FORD TRANSIT CUSTOM,-1,-1,0,-1
2020010277446,2020,010277446,2,19,0,10,10,3,1,0,0,1,0,0,0,0,2,1,1,1,1,31,6,1995,2,3,FORD TRANSIT CUSTOM,9,E01023354,0,-1
2020370976494,2020,370976494,2,19,0,4,4,4,8,0,0,0,0,0,0,0,2,1,1,1,1,32,6,2198,2,5,FORD TRANSIT CUSTOM,7,E01030082,0,-1
2020622000733,2020,622000733,1,19,0,1,1,1,5,0,0,1,0,0,0,0,2,1,1,1,1,36,7,1995,2,3,FORD TRANSIT CUSTOM,2,W01001150,0,-1
2020460991002,2020,460991002,4,19,0,18,19,1,5,0,0,0,0,0,0,0,1,1,1,1,1,34,6,2198,2,6,FORD TRANSIT CUSTOM,5,E01001498,0,-1
202031A164820,2020,31A164820,1,19,0,18,19,1,5,0,0,0,0,0,0,0,1,1,1,1,1,31,6,1995,2,1,FORD TRANSIT CUSTOM,1,E01007566,0,-1
2020030945987,2020,030945987,1,20,0,1,1,-1,-1,0,0,0,0,0,0,0,2,1,1,1,1,-1,-1,-1,-1,-1,FORD TRANSIT CUSTOM,-1,-1,0,-1
2020010281217,2020,010281217,2,19,0,18,19,5,1,0,0,1,0,0,0,0,0,1,1,1,1,30,6,1995,2,1,FORD TRANSIT CUSTOM,4,E01001247,0,-1
2020010285512,2020,010285512,2,19,0,5,5,1,5,0,0,1,0,0,0,0,1,1,1,1,1,56,9,996,8,0,FORD TRANSIT CUSTOM,4,E01003119,0,-1
2020040980271,2020,040980271,3,19,0,2,2,5,1,9,9,2,0,0,0,0,2,1,1,1,1,26,6,1995,2,3,FORD TRANSIT CUSTOM,-1,-1,0,-1
2020552000514,2020,552000514,2,19,0,18,19,4,7,0,0,8,0,0,0,0,4,1,6,6,1,71,10,1995,2,2,FORD TRANSIT CUSTOM,-1,-1,0,-1
2020440495549,2020,440495549,1,19,0,18,19,5,1,0,0,8,0,0,0,0,1,1,6,6,1,-1,-1,1995,2,2,FORD TRANSIT CUSTOM,-1,-1,0,-1
2020990936511,2020,990936511,1,19,0,17,19,3,7,0,0,0,1,0,7,4,1,1,1,1,1,41,7,1995,2,3,FORD TRANSIT CUSTOM,5,-1,0,-1
2020200966736,2020,200966736,1,19,0,14,14,3,7,0,0,0,0,4,0,0,1,1,2,2,1,29,6,2198,2,5,FORD TRANSIT CUSTOM,6,E01032258,0,-1
2020220944445,2020,220944445,2,19,0,9,9,8,7,0,0,6,0,0,1,0,1,1,1,1,1,52,8,1995,2,3,FORD TRANSIT CUSTOM,9,E01032362,0,-1
2020010231788,2020,010231788,2,19,0,5,5,1,5,0,0,1,0,0,0,0,1,1,1,1,1,19,4,2198,2,4,FORD TRANSIT CUSTOM,6,E01021343,0,-1
2020201014416,2020,201014416,2,19,0,18,19,2,6,0,0,0,0,0,0,0,1,1,6,6,3,-1,-1,1995,2,1,FORD TRANSIT CUSTOM,-1,-1,0,-1
2020350961991,2020,350961991,1,19,0,18,19,5,1,0,0,0,0,0,0,0,1,1,1,1,1,32,6,1995,2,2,FORD TRANSIT CUSTOM,3,E01015652,0,-1
2020440085663,2020,440085663,1,19,0,18,19,4,8,0,0,0,0,0,0,0,1,1,6,6,1,24,5,1995,2,2,FORD TRANSIT CUSTOM,9,E01017147,0,-1
2020401005886,2020,401005886,1,19,0,18,19,3,7,0,0,0,0,0,0,0,1,1,1,1,1,35,6,1995,2,3,FORD TRANSIT CUSTOM,8,E01018050,0,-1