collision_index,collision_year,collision_ref_no,vehicle_reference,vehicle_type,towing_and_articulation,vehicle_manoeuvre_historic,vehicle_manoeuvre,vehicle_direction_from,vehicle_direction_to,vehicle_location_restricted_lane_historic,vehicle_location_restricted_lane,junction_location,skidding_and_overturning,hit_object_in_carriageway,vehicle_leaving_carriageway,hit_object_off_carriageway,first_point_of_impact,vehicle_left_hand_drive,journey_purpose_of_driver_historic,journey_purpose_of_driver,sex_of_driver,age_of_driver,age_band_of_driver,engine_capacity_cc,propulsion_code,age_of_vehicle,generic_make_model,driver_imd_decile,lsoa_of_driver,escooter_flag,driver_distance_banding
2020430261246,2020,430261246,1,19,0,18,19,7,3,0,0,0,0,0,0,0,3,1,6,6,1,31,6,2198,2,4,FORD TRANSIT CUSTOM,8,E01017736,0,-1
2020200935727,2020,200935727,1,19,0,9,9,2,8,0,0,6,0,0,0,0,1,1,1,1,1,62,9,1995,2,2,FORD TRANSIT CUSTOM,5,E01009721,0,-1
2020420950299,2020,420950299,1,19,0,9,9,1,6,0,0,8,0,0,0,0,1,1,6,6,1,29,6,2198,2,6,FORD TRANSIT CUSTOM,2,E01023338,0,-1
2020410935883,2020,410935883,4,19,0,4,4,8,4,0,0,0,0,0,0,0,2,1,1,1,1,27,6,1995,2,4,FORD TRANSIT CUSTOM,-1,-1,0,-1
2020440494639,2020,440494639,2,19,0,4,4,8,4,0,0,0,0,0,0,0,1,1,1,1,1,30,6,2198,2,4,FORD TRANSIT CUSTOM,10,E01022698,0,-1
2020070282183,2020,070282183,1,19,0,18,19,6,2,0,0,0,0,0,0,0,1,1,6,6,1,-1,-1,2198,2,5,FORD TRANSIT CUSTOM,4,E01018337,0,-1
2020137AE1493,2020,137AE1493,1,19,0,18,19,7,3,0,0,8,0,0,0,0,1,1,6,6,1,51,8,1995,2,1,FORD TRANSIT CUSTOM,5,E01010688,0,-1
2020430281373,2020,430281373,1,19,0,18,19,6,2,0,0,1,0,0,0,0,1,1,6,6,3,-1,-1,1995,2,1,FORD TRANSIT CUSTOM,-1,-1,0,-1
2020430270707,2020,430270707,2,19,0,18,19,2,6,0,0,1,0,0,0,0,2,1,1,1,1,36,7,1995,2,1,FORD TRANSIT CUSTOM,9,E01014965,0,-1
2020440340409,2020,440340409,1,19,0,5,5,7,5,0,0,1,0,0,0,0,4,1,2,2,1,55,8,1995,2,2,FORD TRANSIT CUSTOM,8,E01022786,0,-1
2020010246770,2020,010246770,1,19,0,5,5,0,3,0,0,2,0,0,0,0,0,1,1,1,1,28,6,1995,2,0,FORD TRANSIT CUSTOM,8,E01030611,0,-1
2020010242002,2020,010242002,2,19,0,18,19,1,5,0,0,1,0,0,0,0,1,1,3,7,1,34,6,2198,2,6,FORD TRANSIT CUSTOM,9,E01001020,0,-1
2020340C05472,2020,340C05472,1,19,0,18,19,8,4,0,0,0,0,0,0,0,4,1,6,6,1,45,7,2198,2,5,FORD TRANSIT CUSTOM,5,E01026981,0,-1
2020010229330,2020,010229330,3,19,0,18,19,7,3,0,0,1,1,0,0,0,1,1,6,6,1,38,7,1995,2,1,FORD TRANSIT CUSTOM,6,E01003378,0,-1
2020010276190,2020,010276190,2,19,0,18,19,1,5,0,0,0,0,0,0,0,3,1,2,2,1,35,6,1995,2,1,FORD TRANSIT CUSTOM,7,E01004510,0,-1
2020010267772,2020,010267772,2,19,3,99,99,9,9,99,99,9,9,99,9,99,2,9,6,6,1,55,8,1995,2,0,FORD TRANSIT CUSTOM,5,E01000843,0,-1
2020420967098,2020,420967098,1,19,0,9,9,4,1,0,0,6,0,0,0,0,1,1,1,1,1,45,7,2198,2,6,FORD TRANSIT CUSTOM,1,E01001558,0,-1
2020460961080,2020,460961080,2,19,0,18,19,2,6,0,0,1,0,0,0,0,1,1,5,6,1,42,7,1995,2,1,FORD TRANSIT CUSTOM,8,E01024816,0,-1
2020360941226,2020,360941226,2,19,0,18,19,7,3,0,0,1,0,0,0,0,1,1,5,6,1,63,9,1995,2,0,FORD TRANSIT CUSTOM,7,E01026504,0,-1
2020430056110,2020,430056110,1,19,0,18,19,7,3,0,0,0,0,0,0,0,3,1,1,1,1,31,6,1995,2,3,FORD TRANSIT CUSTOM,-1,-1,0,-1
2020990932378,2020,990932378,1,19,0,4,4,6,2,0,0,1,0,0,0,0,1,1,1,1,1,45,7,2198,2,6,FORD TRANSIT CUSTOM,3,-1,0,-1
2020010229752,2020,010229752,2,19,0,7,7,5,8,0,0,1,0,0,0,0,2,1,6,6,1,20,4,1995,2,1,FORD TRANSIT CUSTOM,7,E01016478,0,-1
2020230986001,2020,230986001,1,19,0,18,19,1,5,0,0,0,0,4,0,0,4,1,1,1,2,33,6,1995,2,1,FORD TRANSIT CUSTOM,7,E01018421,0,-1
2020100944709,2020,100944709,1,20,0,16,19,1,5,0,0,1,0,0,0,0,3,1,6,6,2,-1,-1,-1,-1,-1,FORD TRANSIT CUSTOM,-1,-1,0,-1
2020040982180,2020,040982180,2,19,0,9,9,3,1,0,0,5,0,0,0,0,2,1,5,6,2,52,8,1995,2,1,FORD TRANSIT CUSTOM,6,E01012730,0,-1
2020010257052,2020,010257052,2,19,0,99,99,9,9,99,99,0,9,99,9,99,9,9,6,6,3,-1,-1,1995,2,3,FORD TRANSIT CUSTOM,7,E01016139,0,-1
2020302001632,2020,302001632,1,19,0,9,9,6,3,0,0,8,0,0,0,0,1,1,1,1,1,40,7,1995,2,2,FORD TRANSIT CUSTOM,2,E01007491,0,-1
2020010240328,2020,010240328,3,19,0,17,19,1,5,0,0,0,0,0,0,0,1,1,1,1,1,58,9,1995,2,3,FORD TRANSIT CUSTOM,7,E01003831,0,-1
2020450962033,2020,450962033,1,19,0,7,7,5,1,0,0,8,0,0,1,9,1,1,2,2,1,37,7,2198,2,4,FORD TRANSIT CUSTOM,5,E01030981,0,-1
2020200971291,2020,200971291,1,19,0,18,19,6,2,0,0,1,0,0,0,0,1,1,2,2,1,57,9,1995,2,1,FORD TRANSIT CUSTOM,1,E01010441,0,-1
2020041023254,2020,041023254,2,19,0,18,19,5,1,0,0,0,0,0,0,0,1,1,5,6,1,30,6,1995,2,0,FORD TRANSIT CUSTOM,-1,-1,0,-1
2020400963270,2020,400963270,2,19,0,18,19,7,3,0,0,1,0,0,0,0,1,1,6,6,1,56,9,1995,2,4,FORD TRANSIT CUSTOM,7,E01015709,0,-1
202031B021820,2020,31B021820,2,19,0,18,19,4,8,0,0,7,0,0,0,0,1,1,1,1,1,21,5,1995,2,1,FORD TRANSIT CUSTOM,5,E01011787,0,-1
2020440378351,2020,440378351,2,19,0,9,9,6,4,0,0,8,0,0,0,0,3,1,6,6,3,-1,-1,2198,2,4,FORD TRANSIT CUSTOM,-1,-1,0,-1
2020471004484,2020,471004484,1,19,0,9,9,1,7,0,0,4,0,0,0,0,4,1,6,6,1,56,9,1995,2,1,FORD TRANSIT CUSTOM,3,E01024083,0,-1
2020500953166,2020,500953166,1,19,0,1,1,1,5,0,0,0,0,0,0,0,2,1,6,6,1,33,6,1995,2,3,FORD TRANSIT CUSTOM,4,E01020337,0,-1
2020410933854,2020,410933854,1,19,0,3,3,-1,-1,0,0,0,1,0,0,0,1,1,6,6,1,-1,-1,2198,2,6,FORD TRANSIT CUSTOM,-1,-1,0,-1
2020340N01992,2020,340N01992,2,19,0,18,19,1,5,0,0,8,0,0,0,0,1,1,1,1,2,53,8,2198,2,4,FORD TRANSIT CUSTOM,6,E01027220,0,-1
2020140939036,2020,140939036,2,19,0,2,2,0,0,0,0,0,0,0,0,0,3,1,5,6,1,28,6,2198,2,4,FORD TRANSIT CUSTOM,3,E01007467,0,-1
2020010275789,2020,010275789,2,19,0,99,99,9,9,0,0,1,0,0,0,0,1,9,6,6,3,-1,-1,1995,2,0,FORD TRANSIT CUSTOM,-1,-1,0,-1
2020460930149,2020,460930149,1,19,0,1,1,1,5,0,0,0,0,0,0,0,2,1,6,6,1,-1,-1,2198,2,4,FORD TRANSIT CUSTOM,-1,-1,0,-1
2020010276638,2020,010276638,1,19,0,18,19,1,5,9,9,2,0,0,1,0,1,1,1,1,1,30,6,1995,2,3,FORD TRANSIT CUSTOM,1,E01001798,0,-1
2020460945515,2020,460945515,2,19,0,18,19,7,3,0,0,0,0,0,0,0,1,1,6,6,1,56,9,2198,2,6,FORD TRANSIT CUSTOM,2,E01024634,0,-1
2020010284759,2020,010284759,2,19,0,99,99,9,9,99,99,9,9,99,9,99,9,9,6,6,3,-1,-1,1995,2,1,FORD TRANSIT CUSTOM,-1,-1,0,-1
2020010236359,2020,010236359,1,19,0,4,4,2,6,0,0,5,0,0,0,0,1,1,1,1,1,65,9,1995,2,4,FORD TRANSIT CUSTOM,1,E01000721,0,-1
2020010253441,2020,010253441,2,19,0,99,99,9,9,99,99,2,9,99,9,99,4,9,6,6,3,30,6,1995,2,2,FORD TRANSIT CUSTOM,3,E01002104,0,-1
2020010256683,2020,010256683,4,19,0,18,19,7,3,0,0,0,0,0,0,0,4,1,1,1,1,48,8,1995,2,0,FORD TRANSIT CUSTOM,7,E01022088,0,-1
2020460950693,2020,460950693,3,19,0,2,2,0,0,0,0,1,0,0,0,0,2,1,5,6,1,-1,-1,2198,2,5,FORD TRANSIT CUSTOM,3,E01024372,0,-1
2020622000980,2020,622000980,2,19,0,3,3,6,2,0,0,0,0,0,0,0,2,1,6,6,1,36,7,1995,2,3,FORD TRANSIT CUSTOM,10,W01000903,0,-1
2020010239676,2020,010239676,1,19,0,5,5,1,5,0,0,4,0,0,0,0,1,1,1,1,1,35,6,1995,2,1,FORD TRANSIT CUSTOM,3,E01000642,0,-1
2020010261461,2020,010261461,1,19,0,7,7,2,4,0,0,1,0,0,0,0,4,1,1,1,1,26,6,1995,2,2,FORD TRANSIT CUSTOM,2,E01024311,0,-1
2020010232124,2020,010232124,1,19,0,3,3,5,1,0,0,0,0,0,0,0,0,1,1,1,1,27,6,1995,2,1,FORD TRANSIT CUSTOM,5,E01033573,0,-1
2020160997500,2020,160997500,1,19,0,18,19,2,6,0,0,1,0,0,0,0,1,1,6,6,3,-1,-1,1995,2,2,FORD TRANSIT CUSTOM,-1,-1,0,-1
2020040919236,2020,040919236,2,19,0,9,9,5,3,0,0,5,0,0,0,0,1,1,1,1,1,49,8,1995,2,2,FORD TRANSIT CUSTOM,1,E01012655,0,-1
2020470923646,2020,470923646,2,19,0,18,19,6,2,0,0,8,0,0,0,0,1,1,2,2,1,54,8,1995,2,2,FORD TRANSIT CUSTOM,3,E01031783,0,-1
2020040915505,2020,040915505,1,98,0,18,19,8,8,0,0,8,0,0,0,0,1,1,5,6,1,30,6,1995,2,4,FORD TRANSIT CUSTOM,2,E01025292,0,-1
2020210935722,2020,210935722,3,19,0,18,19,1,5,0,0,0,0,0,0,0,1,1,1,1,1,41,7,1995,2,3,FORD TRANSIT CUSTOM,6,E01005345,0,-1
2020420979953,2020,420979953,1,19,0,4,4,7,5,0,0,2,0,0,0,0,2,1,1,1,1,25,5,1995,2,1,FORD TRANSIT CUSTOM,2,E01000065,0,-1
2020440420960,2020,440420960,2,19,0,18,19,7,3,0,0,8,0,0,0,0,1,1,1,1,1,33,6,1995,2,2,FORD TRANSIT CUSTOM,4,E01016360,0,-1
2020531002470,2020,531002470,1,19,0,18,19,1,5,0,0,0,0,0,0,0,4,1,6,6,3,-1,-1,1995,2,3,FORD TRANSIT CUSTOM,-1,-1,0,-1
2020450929924,2020,450929924,1,19,0,18,19,7,3,0,0,0,0,0,0,0,3,1,6,6,1,24,5,1995,2,3,FORD TRANSIT CUSTOM,10,E01016700,0,-1
2020544343920,2020,544343920,2,20,0,6,6,8,4,0,0,1,1,0,4,0,2,1,1,1,1,48,8,-1,-1,-1,FORD TRANSIT CUSTOM,5,E01029503,0,-1
2020530931406,2020,530931406,3,19,0,18,19,7,3,0,0,0,1,0,0,0,1,1,6,6,1,49,8,1995,2,1,FORD TRANSIT CUSTOM,6,E01022253,0,-1
2020220961139,2020,220961139,1,19,0,18,19,5,1,0,0,4,0,0,0,0,1,1,1,1,1,26,6,1995,2,1,FORD TRANSIT CUSTOM,6,E01028970,0,-1
202006A378011,2020,06A378011,2,19,0,18,19,4,8,0,0,8,0,0,0,0,3,1,6,6,1,27,6,1995,2,4,FORD TRANSIT CUSTOM,10,E01005808,0,-1
2020622000922,2020,622000922,2,19,0,4,4,5,1,0,0,0,0,0,0,0,1,1,1,1,1,36,7,1995,2,2,FORD TRANSIT CUSTOM,4,W01000809,0,-1
2020460927815,2020,460927815,2,19,0,18,19,5,1,0,0,1,0,0,0,0,1,1,2,2,1,28,6,2198,2,6,FORD TRANSIT CUSTOM,8,E01024024,0,-1
2020470982481,2020,470982481,1,20,0,1,1,1,5,0,0,0,0,0,0,0,2,1,6,6,1,-1,-1,-1,-1,-1,FORD TRANSIT CUSTOM,7,E01016960,0,-1
2020010270478,2020,010270478,1,19,0,3,3,5,1,0,0,6,0,0,0,0,3,1,1,1,1,21,5,1995,2,3,FORD TRANSIT CUSTOM,1,E01000551,0,-1
2020991007959,2020,991007959,2,19,0,18,19,2,6,0,0,0,0,0,0,0,1,1,1,1,1,46,8,1995,2,3,FORD TRANSIT CUSTOM,-1,-1,0,-1
2020460970666,2020,460970666,1,19,0,7,7,7,1,0,0,1,0,4,0,0,1,1,6,6,1,38,7,1995,2,2,FORD TRANSIT CUSTOM,2,E01001128,0,-1
2020460972930,2020,460972930,1,19,0,18,19,5,1,0,0,0,0,0,0,0,1,1,1,1,1,63,9,2198,2,5,FORD TRANSIT CUSTOM,2,E01016042,0,-1
2020420919284,2020,420919284,1,19,0,18,19,3,7,0,0,0,0,0,0,0,4,1,6,6,1,76,11,2198,2,5,FORD TRANSIT CUSTOM,9,E01021526,0,-1
2020010249271,2020,010249271,2,19,0,99,99,9,9,99,99,9,9,99,9,99,9,9,6,6,3,-1,-1,2198,2,5,FORD TRANSIT CUSTOM,-1,-1,0,-1
2020040958253,2020,040958253,2,19,0,18,19,7,5,0,0,1,0,0,0,0,3,1,1,1,1,45,7,2198,2,5,FORD TRANSIT CUSTOM,5,E01006933,0,-1
2020201001878,2020,201001878,2,19,0,4,4,6,2,0,0,0,0,0,0,0,2,1,6,6,1,34,6,1995,2,1,FORD TRANSIT CUSTOM,2,E01009937,0,-1
2020140956602,2020,140956602,1,19,0,4,4,3,6,0,0,1,0,0,0,0,1,1,1,1,1,56,9,1995,2,1,FORD TRANSIT CUSTOM,6,E01011861,0,-1
2020430386847,2020,430386847,1,19,0,18,19,2,6,0,0,8,0,0,0,0,1,1,2,2,1,25,5,2198,2,5,FORD TRANSIT CUSTOM,10,E01028752,0,-1
2020340N07812,2020,340N07812,1,19,0,18,19,1,5,0,0,0,0,0,0,0,1,1,1,1,1,32,6,1995,2,0,FORD TRANSIT CUSTOM,10,E01032984,0,-1
2020010235735,2020,010235735,1,19,0,9,9,1,7,0,0,1,0,0,0,0,1,1,2,2,1,27,6,1995,2,3,FORD TRANSIT CUSTOM,7,E01000119,0,-1
2020552000396,2020,552000396,1,19,0,18,19,2,6,0,0,1,1,0,0,0,1,1,1,1,1,50,8,2198,2,5,FORD TRANSIT CUSTOM,4,E01020438,0,-1
2020010261080,2020,010261080,1,19,0,5,5,5,1,0,0,6,0,0,0,0,1,1,1,1,1,27,6,1995,2,2,FORD TRANSIT CUSTOM,6,E01003149,0,-1
2020010229758,2020,010229758,1,19,0,4,4,3,7,0,0,1,0,0,0,0,1,1,2,2,1,63,9,1995,2,3,FORD TRANSIT CUSTOM,1,E01004674,0,-1
2020200996091,2020,200996091,1,98,0,18,19,8,4,0,0,0,0,0,0,0,1,1,6,6,1,55,8,2198,2,5,FORD TRANSIT CUSTOM,-1,-1,0,-1
2020010234968,2020,010234968,1,19,0,3,3,8,4,0,0,1,0,0,0,0,0,1,2,2,1,20,4,1995,2,1,FORD TRANSIT CUSTOM,7,E01024203,0,-1
2020010260597,2020,010260597,1,19,0,99,99,9,9,99,99,0,9,99,9,99,9,1,6,6,1,28,6,1995,2,2,FORD TRANSIT CUSTOM,2,E01002003,0,-1
2020010238901,2020,010238901,2,19,0,6,6,1,1,0,0,0,0,0,0,0,3,1,6,6,1,28,6,1995,2,1,FORD TRANSIT CUSTOM,3,E01004342,0,-1
2020010235892,2020,010235892,2,19,0,2,2,0,0,0,0,0,0,0,0,0,4,1,6,6,3,-1,-1,1995,2,2,FORD TRANSIT CUSTOM,-1,-1,0,-1
2020010283310,2020,010283310,2,19,0,4,4,7,3,0,0,1,0,0,0,0,1,1,1,1,1,41,7,1995,2,1,FORD TRANSIT CUSTOM,7,E01004159,0,-1
2020010281260,2020,010281260,1,19,0,18,19,7,3,0,0,1,0,0,4,0,4,1,1,1,1,59,9,2198,2,5,FORD TRANSIT CUSTOM,8,E01024762,0,-1
2020460990481,2020,460990481,2,19,0,18,19,5,1,0,0,0,0,0,0,0,3,1,6,6,1,66,10,2198,2,5,FORD TRANSIT CUSTOM,8,E01032620,0,-1
2020010236074,2020,010236074,2,19,0,18,19,3,7,0,0,8,0,0,0,0,3,1,1,1,1,69,10,2198,2,7,FORD TRANSIT CUSTOM,-1,-1,0,-1
2020470961005,2020,470961005,1,19,0,18,19,2,6,0,0,2,0,0,7,11,1,1,6,6,3,-1,-1,1995,2,1,FORD TRANSIT CUSTOM,-1,-1,0,-1
2020010244824,2020,010244824,1,19,0,9,9,8,6,0,0,1,0,0,0,0,1,1,1,1,1,56,9,2198,2,5,FORD TRANSIT CUSTOM,3,E01000742,0,-1
202006K169114,2020,06K169114,1,19,0,18,19,5,1,0,0,0,0,0,0,0,1,1,6,6,2,26,6,2198,2,6,FORD TRANSIT CUSTOM,-1,-1,0,-1
2020552000781,2020,552000781,2,19,0,4,4,4,8,0,0,8,0,0,0,0,2,1,1,1,1,43,7,2198,2,5,FORD TRANSIT CUSTOM,5,E01015377,0,-1
2020140995156,2020,140995156,2,19,0,18,19,3,7,0,0,1,0,0,0,0,1,1,1,1,1,34,6,1995,2,2,FORD TRANSIT CUSTOM,3,E01011125,0,-1
2020460996198,2020,460996198,1,19,0,1,1,1,5,0,0,1,0,4,0,0,2,1,6,6,1,49,8,1995,2,2,FORD TRANSIT CUSTOM,3,E01024482,0,-1
2020220938527,2020,220938527,2,19,0,18,19,4,8,0,0,1,0,0,0,0,1,1,1,1,1,32,6,2198,2,5,FORD TRANSIT CUSTOM,5,E01032371,0,-1
2020052001755,2020,052001755,2,19,0,18,19,5,1,0,0,8,0,0,0,0,1,1,1,1,1,23,5,1995,2,2,FORD TRANSIT CUSTOM,2,E01006536,0,-1
2020990959952,2020,990959952,2,19,0,9,9,5,1,0,0,0,5,0,1,0,3,1,5,6,1,28,6,1995,2,2,FORD TRANSIT CUSTOM,5,-1,0,-1
2020470955636,2020,470955636,2,19,0,18,19,3,7,0,0,8,1,0,0,0,2,1,1,1,1,21,5,1995,2,0,FORD TRANSIT CUSTOM,9,E01020373,0,-1
2020010240856,2020,010240856,2,19,0,5,5,3,7,0,0,1,0,0,0,0,1,1,1,1,1,30,6,1995,2,4,FORD TRANSIT CUSTOM,3,E01004228,0,-1
2020200934912,2020,200934912,2,19,0,18,19,7,3,0,0,8,0,0,0,0,1,1,6,6,1,44,7,2198,2,4,FORD TRANSIT CUSTOM,3,E01032131,0,-1
2020430360594,2020,430360594,1,19,0,18,19,1,5,0,0,1,0,0,0,0,1,1,1,1,1,-1,-1,2198,2,4,FORD TRANSIT CUSTOM,8,E01015549,0,-1
2020420937219,2020,420937219,2,19,0,18,19,5,1,0,0,0,0,0,0,0,1,1,6,6,1,56,9,1995,2,1,FORD TRANSIT CUSTOM,3,E01021359,0,-1
2020622000774,2020,622000774,2,19,0,18,19,6,2,0,0,0,0,0,0,0,3,1,1,1,1,30,6,1995,2,1,FORD TRANSIT CUSTOM,3,W01001080,0,-1
2020010274703,2020,010274703,2,19,0,2,2,0,0,0,0,0,0,0,0,0,2,1,6,6,3,-1,-1,1995,2,1,FORD TRANSIT CUSTOM,-1,-1,0,-1
2020010246714,2020,010246714,1,19,0,9,9,3,1,0,0,6,0,0,0,0,4,1,1,1,1,49,8,1995,2,1,FORD TRANSIT CUSTOM,1,E01001483,0,-1
202031B103720,2020,31B103720,3,19,0,18,19,1,5,0,0,0,0,0,0,0,4,1,6,6,1,20,4,1995,2,1,FORD TRANSIT CUSTOM,6,E01022233,0,-1
202006XK67599,2020,06XK67599,1,19,0,18,19,8,4,0,0,0,1,0,0,0,1,1,2,2,1,44,7,1995,2,1,FORD TRANSIT CUSTOM,2,E01006274,0,-1
2020030970299,2020,030970299,2,19,0,18,19,1,5,0,0,8,0,0,0,0,1,1,6,6,1,29,6,1995,2,3,FORD TRANSIT CUSTOM,1,E01019112,0,-1
2020302000630,2020,302000630,1,19,0,9,9,4,5,0,0,2,0,0,0,0,3,1,1,1,1,30,6,1995,2,3,FORD TRANSIT CUSTOM,4,E01013555,0,-1
2020990987188,2020,990987188,1,19,0,18,19,5,1,0,0,8,1,0,0,0,1,1,2,2,1,49,8,1995,2,4,FORD TRANSIT CUSTOM,5,-1,0,-1
2020520004969,2020,520004969,2,20,0,18,19,8,4,0,0,0,0,0,0,0,1,1,6,6,1,26,6,-1,-1,-1,FORD TRANSIT CUSTOM,3,E01029093,0,-1
20201374E0610,2020,1374E0610,2,19,0,18,19,1,5,0,0,0,0,0,0,0,0,1,1,1,1,-1,-1,2198,2,4,FORD TRANSIT CUSTOM,-1,-1,0,-1
2020541699520,2020,541699520,1,19,0,18,19,5,1,0,0,1,0,0,0,0,1,1,2,2,1,33,6,1995,2,1,FORD TRANSIT CUSTOM,10,E01022193,0,-1
2020220964498,2020,220964498,1,19,0,17,19,3,8,0,0,0,0,0,1,10,1,1,5,6,1,30,6,2198,2,5,FORD TRANSIT CUSTOM,7,E01029384,0,-1
2020010285438,2020,010285438,2,19,0,99,99,9,9,99,99,9,9,99,9,99,1,9,6,6,3,-1,-1,1995,2,1,FORD TRANSIT CUSTOM,10,E01016571,0,-1
2020460983585,2020,460983585,1,19,0,18,19,1,5,0,0,0,0,0,0,0,1,1,1,1,1,39,7,1995,2,2,FORD TRANSIT CUSTOM,7,E01024234,0,-1
2020461005365,2020,461005365,2,19,0,18,19,6,2,0,0,0,0,0,0,0,1,1,6,6,1,21,5,1995,2,1,FORD TRANSIT CUSTOM,4,E01000406,0,-1
2020122000752,2020,122000752,1,19,0,17,19,6,3,0,0,0,0,0,0,0,1,1,6,6,2,30,6,1995,2,3,FORD TRANSIT CUSTOM,10,E01013358,0,-1
2020420946665,2020,420946665,1,19,0,18,19,1,5,0,0,0,0,0,0,0,1,1,6,6,1,39,7,1995,2,2,FORD TRANSIT CUSTOM,-1,-1,0,-1
2020010264546,2020,010264546,1,19,0,4,4,7,3,0,0,0,0,0,0,0,3,1,1,1,1,39,7,1995,2,0,FORD TRANSIT CUSTOM,2,E01000600,0,-1
2020450927219,2020,450927219,1,19,0,18,19,7,3,0,0,0,0,0,0,0,1,1,1,1,1,28,6,2198,2,6,FORD TRANSIT CUSTOM,5,E01030531,0,-1
2020530945843,2020,530945843,1,19,0,5,5,1,5,0,0,2,2,0,0,0,4,1,6,6,1,43,7,2198,2,6,FORD TRANSIT CUSTOM,6,E01022400,0,-1
2020010262208,2020,010262208,2,10,0,5,5,7,3,0,0,1,0,0,0,0,0,1,1,1,1,49,8,-1,-1,-1,-1,7,E01024732,0,-1
2020070378196,2020,070378196,1,19,0,12,12,5,1,0,0,0,0,2,0,0,3,1,6,6,1,53,8,1995,2,4,FORD TRANSIT CUSTOM,1,E01006707,0,-1
2020140981612,2020,140981612,2,19,0,2,2,0,0,0,0,2,0,0,0,0,2,1,2,2,1,45,7,2198,2,6,FORD TRANSIT CUSTOM,4,E01024919,0,-1
2020010234181,2020,010234181,1,19,9,18,19,2,6,99,99,0,9,99,9,99,2,9,6,6,1,63,9,2198,2,4,FORD TRANSIT CUSTOM,7,E01004162,0,-1
2020220934576,2020,220934576,1,19,0,9,9,3,2,0,0,6,0,0,0,0,1,1,1,1,1,25,5,2198,2,4,FORD TRANSIT CUSTOM,7,E01009292,0,-1
2020010265179,2020,010265179,2,19,0,99,99,9,9,99,99,9,9,99,9,99,1,9,6,6,3,-1,-1,2198,2,5,FORD TRANSIT CUSTOM,-1,-1,0,-1
202063B079620,2020,63B079620,2,19,0,2,2,0,0,0,0,0,0,0,0,2,2,1,6,6,1,31,6,1995,2,2,FORD TRANSIT CUSTOM,7,W01000057,0,-1
2020320631831,2020,320631831,1,19,0,16,19,2,5,0,0,0,1,0,7,4,1,1,2,2,1,27,6,1995,2,2,FORD TRANSIT CUSTOM,3,E01026064,0,-1
2020122000618,2020,122000618,2,19,0,3,3,8,5,0,0,0,0,0,0,0,2,1,6,6,1,57,9,2198,2,6,FORD TRANSIT CUSTOM,8,E01027858,0,-1
2020990928785,2020,990928785,1,19,0,9,9,5,2,0,0,1,1,0,0,0,1,1,2,2,1,28,6,1995,2,4,FORD TRANSIT CUSTOM,2,-1,0,-1
2020470989630,2020,470989630,1,19,0,18,19,8,4,0,0,1,0,0,0,0,2,1,1,1,1,36,7,2198,2,4,FORD TRANSIT CUSTOM,8,E01031560,0,-1
2020010279122,2020,010279122,1,19,0,99,99,9,9,99,99,9,9,99,9,99,1,9,6,6,3,-1,-1,1995,2,0,FORD TRANSIT CUSTOM,-1,-1,0,-1
202006XQ75204,2020,06XQ75204,2,19,0,18,19,8,4,0,0,0,0,0,0,0,3,1,1,1,1,30,6,2198,2,4,FORD TRANSIT CUSTOM,3,E01005966,0,-1
2020430055689,2020,430055689,3,19,0,18,19,5,1,0,0,1,0,0,0,0,2,1,1,1,2,36,7,1995,2,2,FORD TRANSIT CUSTOM,9,E01028772,0,-1
2020010249428,2020,010249428,1,19,0,4,4,1,5,0,0,8,0,0,0,0,1,1,1,1,1,35,6,1995,2,1,FORD TRANSIT CUSTOM,10,E01030593,0,-1
2020230940190,2020,230940190,1,19,0,16,19,7,1,0,0,0,1,0,0,0,1,1,6,6,3,34,6,1995,2,3,FORD TRANSIT CUSTOM,-1,-1,0,-1
2020010251241,2020,010251241,2,19,0,18,19,5,1,0,0,0,9,0,0,99,1,9,6,6,3,-1,-1,2198,2,5,FORD TRANSIT CUSTOM,6,E01003416,0,-1
2020552001213,2020,552001213,2,19,0,16,19,2,4,0,0,1,0,0,0,0,3,1,6,6,1,59,9,1995,2,4,FORD TRANSIT CUSTOM,9,E01015431,0,-1
2020430265791,2020,430265791,1,19,0,16,19,3,6,0,0,0,0,0,1,0,1,1,1,1,1,24,5,1995,2,1,FORD TRANSIT CUSTOM,7,E01028467,0,-1
2020530931406,2020,530931406,1,19,0,18,19,3,7,0,0,0,1,0,0,0,1,1,2,2,1,26,6,1995,2,3,FORD TRANSIT CUSTOM,4,E01022240,0,-1
2020501010364,2020,501010364,2,19,0,18,19,4,8,0,0,0,0,0,0,0,3,1,6,6,1,26,6,1995,2,1,FORD TRANSIT CUSTOM,4,E01015069,0,-1
2020070445910,2020,070445910,1,19,0,5,5,8,2,0,0,6,0,0,0,0,1,2,1,1,1,32,6,1995,2,2,FORD TRANSIT CUSTOM,6,E01006988,0,-1
2020030981339,2020,030981339,1,20,0,5,5,1,5,0,0,0,0,0,0,0,4,1,1,1,1,32,6,-1,-1,-1,FORD TRANSIT CUSTOM,10,E01019087,0,-1
2020410926545,2020,410926545,4,19,0,18,19,1,5,0,0,0,0,0,0,0,2,1,6,6,1,35,6,1995,2,1,FORD TRANSIT CUSTOM,10,E01023908,0,-1