collision_index,collision_year,collision_ref_no,vehicle_reference,vehicle_type,towing_and_articulation,vehicle_manoeuvre_historic,vehicle_manoeuvre,vehicle_direction_from,vehicle_direction_to,vehicle_location_restricted_lane_historic,vehicle_location_restricted_lane,junction_location,skidding_and_overturning,hit_object_in_carriageway,vehicle_leaving_carriageway,hit_object_off_carriageway,first_point_of_impact,vehicle_left_hand_drive,journey_purpose_of_driver_historic,journey_purpose_of_driver,sex_of_driver,age_of_driver,age_band_of_driver,engine_capacity_cc,propulsion_code,age_of_vehicle,generic_make_model,driver_imd_decile,lsoa_of_driver,escooter_flag,driver_distance_banding
2020552000104,2020,552000104,1,19,0,18,19,8,4,0,0,8,0,0,0,0,1,1,1,1,1,58,9,1995,2,1,FORD TRANSIT CUSTOM,8,E01028251,0,-1
2020072000994,2020,072000994,1,19,0,1,1,5,1,0,0,0,0,0,0,0,2,1,6,6,1,51,8,1995,2,4,FORD TRANSIT CUSTOM,8,W01000094,0,-1
2020010260142,2020,010260142,2,19,0,3,3,5,1,0,0,0,0,0,0,0,0,1,1,1,1,29,6,1995,2,0,FORD TRANSIT CUSTOM,3,E01004422,0,-1
2020010253574,2020,010253574,1,19,0,9,9,1,7,0,0,1,0,0,0,0,1,1,2,2,1,30,6,1995,2,3,FORD TRANSIT CUSTOM,1,E01000953,0,-1
2020540281020,2020,540281020,2,19,0,18,19,4,8,0,0,2,0,0,0,0,1,1,6,6,1,51,8,1995,2,2,FORD TRANSIT CUSTOM,6,E01029219,0,-1
2020501015584,2020,501015584,2,19,0,3,3,3,7,0,0,8,0,0,0,0,2,1,1,1,1,28,6,2198,2,6,FORD TRANSIT CUSTOM,10,E01020042,0,-1
2020010258807,2020,010258807,2,19,9,9,9,3,8,99,99,9,9,0,0,0,1,1,1,1,1,64,9,1995,2,2,FORD TRANSIT CUSTOM,9,E01017565,0,-1
2020010279937,2020,010279937,1,19,0,9,9,7,4,0,0,4,0,0,0,0,1,1,1,1,1,57,9,1995,2,1,FORD TRANSIT CUSTOM,7,E01021752,0,-1
2020160962333,2020,160962333,2,98,0,4,4,5,1,0,0,0,0,0,0,0,2,1,1,1,1,61,9,1995,2,2,FORD TRANSIT CUSTOM,7,E01012985,0,-1
2020010248535,2020,010248535,2,19,9,99,99,9,9,99,99,2,9,99,9,99,2,9,6,6,1,48,8,1995,2,4,FORD TRANSIT CUSTOM,1,E01021500,0,-1
2020170L50670,2020,170L50670,2,19,0,18,19,7,3,0,0,8,0,0,0,0,1,1,6,6,3,-1,-1,2198,2,4,FORD TRANSIT CUSTOM,-1,-1,0,-1
2020010260038,2020,010260038,1,19,0,4,4,5,1,9,9,2,0,0,0,0,3,1,1,1,1,31,6,1995,2,4,FORD TRANSIT CUSTOM,1,E01001562,0,-1
2020010230300,2020,010230300,1,19,0,5,5,2,6,0,0,0,0,0,0,0,1,1,6,6,3,20,4,2198,2,4,FORD TRANSIT CUSTOM,-1,-1,0,-1
2020522005182,2020,522005182,1,19,0,3,3,7,3,0,0,7,0,0,0,0,2,1,6,6,1,73,10,2198,2,5,FORD TRANSIT CUSTOM,3,E01014600,0,-1
2020010237670,2020,010237670,1,19,0,18,19,5,1,0,0,2,0,0,1,0,1,1,1,1,1,26,6,1995,2,1,FORD TRANSIT CUSTOM,2,E01001395,0,-1
2020010255735,2020,010255735,1,19,0,5,5,1,5,0,0,4,0,0,0,0,3,1,6,6,1,29,6,1995,2,2,FORD TRANSIT CUSTOM,6,E01024174,0,-1
2020220981363,2020,220981363,2,19,0,3,3,2,6,0,0,0,0,0,0,0,2,1,5,6,2,73,10,1995,2,2,FORD TRANSIT CUSTOM,3,W01001388,0,-1
2020052000629,2020,052000629,1,19,0,18,19,2,6,0,0,8,0,0,0,0,1,1,1,1,1,43,7,2198,2,6,FORD TRANSIT CUSTOM,1,E01006604,0,-1
2020122001319,2020,122001319,2,19,0,17,19,2,8,0,0,0,0,0,0,0,3,1,2,2,1,48,8,2198,2,5,FORD TRANSIT CUSTOM,5,E01025329,0,-1
2020200953471,2020,200953471,2,19,0,18,19,6,2,0,0,8,0,10,1,10,1,1,6,6,1,45,7,2198,2,7,FORD TRANSIT CUSTOM,2,E01010447,0,-1
2020010255906,2020,010255906,1,19,0,10,10,5,3,0,0,1,0,0,0,0,4,2,1,1,1,29,6,1995,2,3,FORD TRANSIT CUSTOM,8,E01003679,0,-1
202031D109420,2020,31D109420,3,19,0,2,2,0,0,0,0,0,0,0,0,0,1,1,6,6,1,48,8,2198,2,7,FORD TRANSIT CUSTOM,7,E01028175,0,-1
2020100995936,2020,100995936,1,19,0,4,4,3,7,0,0,0,0,0,0,0,1,1,1,1,1,35,6,2198,2,4,FORD TRANSIT CUSTOM,8,E01008287,0,-1
2020010236039,2020,010236039,1,19,0,7,7,5,7,0,0,5,0,0,0,0,4,1,6,6,1,23,5,1995,2,2,FORD TRANSIT CUSTOM,7,E01030858,0,-1
2020470994530,2020,470994530,2,19,0,18,19,4,1,0,0,8,1,0,0,0,4,1,5,6,1,56,9,1995,2,2,FORD TRANSIT CUSTOM,4,E01031657,0,-1
2020010277360,2020,010277360,1,19,0,7,7,5,8,0,0,8,0,0,0,0,1,1,1,1,1,66,10,2198,2,4,FORD TRANSIT CUSTOM,2,E01004398,0,-1
2020420937679,2020,420937679,1,19,0,12,12,7,3,0,0,0,0,4,0,0,1,1,1,1,1,61,9,1995,2,2,FORD TRANSIT CUSTOM,4,E01021835,0,-1
2020010276284,2020,010276284,2,19,0,18,19,3,7,0,0,1,0,0,0,0,1,1,1,1,1,35,6,1995,2,2,FORD TRANSIT CUSTOM,2,E01004226,0,-1
2020622000965,2020,622000965,1,19,0,1,1,5,1,0,0,0,0,0,0,0,2,1,1,1,1,33,6,1995,2,4,FORD TRANSIT CUSTOM,4,W01001139,0,-1
2020340D04412,2020,340D04412,1,19,0,18,19,3,7,0,0,0,0,0,0,0,1,1,1,1,1,48,8,1995,2,2,FORD TRANSIT CUSTOM,10,E01009855,0,-1
2020200960577,2020,200960577,3,19,0,18,19,6,2,0,0,0,0,0,1,0,3,1,6,6,1,30,6,2198,2,5,FORD TRANSIT CUSTOM,1,E01009092,0,-1
2020231001128,2020,231001128,3,19,0,7,7,6,8,0,0,6,0,0,2,0,3,1,2,2,2,58,9,1995,2,2,FORD TRANSIT CUSTOM,8,E01025810,0,-1
2020010276437,2020,010276437,1,19,0,18,19,5,1,99,99,0,9,0,0,0,2,1,2,2,1,41,7,2198,2,5,FORD TRANSIT CUSTOM,5,E01002261,0,-1
202031B086920,2020,31B086920,5,19,0,2,2,0,0,0,0,0,0,0,0,0,1,1,6,6,1,36,7,2198,2,7,FORD TRANSIT CUSTOM,4,E01028335,0,-1
2020200996126,2020,200996126,1,19,0,1,1,1,5,0,0,6,0,0,0,0,0,1,6,6,1,33,6,2198,2,5,FORD TRANSIT CUSTOM,5,E01009734,0,-1
2020070565230,2020,070565230,1,19,0,3,3,1,5,9,9,1,0,0,0,0,1,1,6,6,1,-1,-1,1995,2,1,FORD TRANSIT CUSTOM,-1,-1,0,-1
2020010262790,2020,010262790,1,19,0,6,6,1,1,0,0,1,0,0,0,0,3,1,1,1,1,72,10,1995,2,3,FORD TRANSIT CUSTOM,3,E01003493,0,-1
2020100981548,2020,100981548,2,19,0,4,4,8,4,0,0,0,0,0,0,0,2,1,2,2,1,55,8,1995,2,0,FORD TRANSIT CUSTOM,9,E01008504,0,-1
202006G271572,2020,06G271572,2,19,0,2,2,0,0,0,0,0,0,0,0,0,3,1,1,1,1,42,7,1995,2,1,FORD TRANSIT CUSTOM,6,E01005693,0,-1
2020320288156,2020,320288156,1,20,0,14,14,1,5,0,0,1,1,0,0,0,1,1,2,2,1,33,6,-1,-1,-1,FORD TRANSIT CUSTOM,5,E01026034,0,-1
202006Q274597,2020,06Q274597,1,19,0,18,19,2,6,0,0,4,0,0,0,0,1,1,1,1,1,57,9,1995,2,3,FORD TRANSIT CUSTOM,3,E01005179,0,-1
2020140980131,2020,140980131,3,19,0,18,19,7,3,0,0,1,0,0,0,0,1,1,6,6,1,30,6,2198,2,5,FORD TRANSIT CUSTOM,3,E01007449,0,-1
2020500943648,2020,500943648,1,19,0,12,12,8,2,0,0,1,0,0,0,0,2,1,1,1,1,31,6,1995,2,1,FORD TRANSIT CUSTOM,4,E01020394,0,-1
2020350970183,2020,350970183,2,19,0,18,19,6,2,0,0,1,1,0,1,9,3,1,1,1,1,39,7,2198,2,4,FORD TRANSIT CUSTOM,3,E01013135,0,-1
2020552000519,2020,552000519,2,19,0,4,4,6,2,0,0,0,0,0,0,0,2,1,2,2,1,52,8,2198,2,4,FORD TRANSIT CUSTOM,6,E01020398,0,-1
2020010241116,2020,010241116,1,19,0,9,9,2,8,0,0,5,0,0,0,0,1,1,1,1,1,39,7,1995,2,3,FORD TRANSIT CUSTOM,8,E01001967,0,-1
2020230948802,2020,230948802,1,19,0,18,19,6,2,0,0,1,1,0,1,9,3,1,1,1,1,29,6,1995,2,2,FORD TRANSIT CUSTOM,-1,-1,0,-1
2020420977297,2020,420977297,1,19,0,1,1,3,7,9,9,0,0,0,0,0,2,1,6,6,1,44,7,2198,2,6,FORD TRANSIT CUSTOM,7,E01021882,0,-1
2020400929120,2020,400929120,2,20,0,4,4,1,5,0,0,0,0,0,7,4,2,1,1,1,1,62,9,-1,-1,-1,FORD TRANSIT CUSTOM,6,E01013709,0,-1
2020440232006,2020,440232006,1,19,0,7,7,5,7,0,0,8,0,0,0,0,1,1,2,2,1,33,6,2198,2,6,FORD TRANSIT CUSTOM,3,E01017075,0,-1
2020052001587,2020,052001587,1,19,0,9,9,2,1,0,0,8,0,0,0,0,1,1,1,1,1,64,9,1995,2,1,FORD TRANSIT CUSTOM,8,E01006895,0,-1
2020010259264,2020,010259264,1,19,0,9,9,7,4,0,0,8,0,0,0,0,1,1,1,1,1,26,6,1995,2,2,FORD TRANSIT CUSTOM,5,E01004056,0,-1
2020421010274,2020,421010274,2,19,0,18,19,3,7,0,0,0,0,0,0,0,2,1,5,6,1,37,7,1995,2,1,FORD TRANSIT CUSTOM,8,E01021801,0,-1
2020052000832,2020,052000832,2,19,0,17,19,7,3,0,0,2,0,0,0,0,3,1,6,6,1,46,8,2198,2,6,FORD TRANSIT CUSTOM,-1,-1,0,-1
2020100980250,2020,100980250,2,19,0,18,19,1,5,0,0,1,0,0,0,0,1,1,1,1,1,53,8,2198,2,5,FORD TRANSIT CUSTOM,7,E01008876,0,-1
2020990999017,2020,990999017,2,19,0,18,19,3,7,0,0,1,0,0,1,0,1,1,2,2,1,57,9,1995,2,1,FORD TRANSIT CUSTOM,10,-1,0,-1
2020340N04702,2020,340N04702,2,19,0,18,19,1,5,0,0,8,0,0,0,0,1,1,1,1,1,35,6,1995,2,3,FORD TRANSIT CUSTOM,7,E01027321,0,-1
2020010252990,2020,010252990,1,19,0,5,5,6,2,0,0,1,0,0,0,0,0,1,1,1,1,24,5,1995,2,3,FORD TRANSIT CUSTOM,2,E01001830,0,-1
2020461001975,2020,461001975,2,19,0,4,4,5,1,0,0,0,0,0,0,0,2,1,6,6,1,47,8,1995,2,3,FORD TRANSIT CUSTOM,8,E01016121,0,-1
2020010286682,2020,010286682,1,19,0,9,9,2,7,0,0,5,0,0,0,0,1,1,1,1,1,48,8,1995,2,3,FORD TRANSIT CUSTOM,3,E01003331,0,-1
2020010282950,2020,010282950,2,19,0,16,19,5,1,0,0,0,0,0,1,4,1,1,1,1,1,52,8,2198,2,4,FORD TRANSIT CUSTOM,3,E01000195,0,-1
2020320298368,2020,320298368,2,20,0,9,9,6,3,0,0,1,0,0,0,0,2,1,1,1,1,58,9,-1,-1,-1,FORD TRANSIT CUSTOM,6,E01026349,0,-1
2020460950631,2020,460950631,2,19,0,18,19,8,4,0,0,1,0,0,0,0,1,1,5,6,1,30,6,1995,2,3,FORD TRANSIT CUSTOM,4,E01023997,0,-1
2020440392209,2020,440392209,1,19,0,7,7,7,1,0,0,4,0,0,0,0,1,1,6,6,1,41,7,1995,2,1,FORD TRANSIT CUSTOM,7,E01031462,0,-1
2020030942682,2020,030942682,3,20,0,18,19,3,7,0,0,1,0,0,0,0,2,1,1,1,1,63,9,-1,-1,-1,FORD TRANSIT CUSTOM,4,E01008880,0,-1
2020070518958,2020,070518958,3,19,0,18,19,8,4,0,0,0,0,0,0,0,4,1,2,2,1,55,8,1995,2,3,FORD TRANSIT CUSTOM,7,E01018597,0,-1
2020421011826,2020,421011826,2,19,0,4,4,2,4,0,0,4,0,0,2,0,4,1,6,6,1,30,6,1995,2,1,FORD TRANSIT CUSTOM,4,E01022012,0,-1
2020470968585,2020,470968585,5,19,0,18,19,7,3,0,0,0,0,0,0,0,1,1,1,1,1,34,6,2198,2,4,FORD TRANSIT CUSTOM,1,E01031427,0,-1
20201371Q0942,2020,1371Q0942,1,19,0,18,19,7,3,0,0,0,0,0,0,0,1,1,6,6,3,-1,-1,-1,-1,-1,FORD TRANSIT CUSTOM,-1,-1,0,-1
2020010284983,2020,010284983,2,19,0,99,99,9,9,99,99,9,9,99,9,99,2,9,6,6,1,39,7,1995,2,1,FORD TRANSIT CUSTOM,2,E01002505,0,-1
2020211026497,2020,211026497,2,19,0,10,10,1,5,0,0,1,0,0,0,0,1,1,1,1,1,29,6,2198,2,4,FORD TRANSIT CUSTOM,3,E01029558,0,-1
2020530949907,2020,530949907,1,19,0,18,19,-1,-1,0,0,0,0,0,0,0,2,1,6,6,1,57,9,2198,2,5,FORD TRANSIT CUSTOM,10,E01022109,0,-1
2020010277183,2020,010277183,1,19,0,5,5,5,1,0,0,6,0,0,0,0,3,1,6,6,1,46,8,1995,2,2,FORD TRANSIT CUSTOM,3,E01003625,0,-1
2020430264038,2020,430264038,2,20,0,16,19,5,8,0,0,0,0,0,0,0,1,1,1,1,2,28,6,-1,-1,-1,FORD TRANSIT CUSTOM,8,E01016252,0,-1
2020622000972,2020,622000972,1,19,0,9,9,1,6,0,0,5,0,0,0,0,1,1,1,1,1,27,6,1995,2,1,FORD TRANSIT CUSTOM,2,W01000745,0,-1
2020010250379,2020,010250379,1,19,9,99,99,9,9,99,99,9,9,99,9,99,9,9,6,6,1,61,9,2198,2,7,FORD TRANSIT CUSTOM,3,E01004167,0,-1
2020360997572,2020,360997572,1,19,0,18,19,7,3,0,0,1,1,0,1,0,1,1,2,2,1,19,4,1995,2,2,FORD TRANSIT CUSTOM,5,E01026591,0,-1
2020122001321,2020,122001321,1,19,0,4,4,7,3,0,0,1,1,0,0,0,1,1,1,1,1,27,6,1995,2,3,FORD TRANSIT CUSTOM,5,E01027789,0,-1
2020010284750,2020,010284750,2,19,0,1,1,6,2,8,6,0,0,0,0,0,2,1,1,1,1,60,9,1995,2,3,FORD TRANSIT CUSTOM,2,E01002090,0,-1
2020220937872,2020,220937872,1,19,0,4,4,1,5,0,0,2,0,0,0,0,2,1,1,1,1,37,7,2198,2,4,FORD TRANSIT CUSTOM,5,E01029011,0,-1
2020350951877,2020,350951877,1,19,0,5,5,1,5,0,0,2,0,0,0,0,1,1,2,2,1,62,9,2198,2,4,FORD TRANSIT CUSTOM,6,E01023764,0,-1
2020522101378,2020,522101378,2,20,0,10,10,5,3,0,0,8,0,0,0,0,2,1,6,6,1,41,7,-1,-1,-1,FORD TRANSIT CUSTOM,5,E01016371,0,-1
2020522101378,2020,522101378,1,20,0,18,19,5,1,0,0,8,0,0,0,0,1,1,1,1,1,58,9,-1,-1,-1,FORD TRANSIT CUSTOM,8,E01032058,0,-1
2020010239726,2020,010239726,2,19,0,7,7,5,7,0,0,1,0,0,0,0,0,1,1,1,1,51,8,1995,2,1,FORD TRANSIT CUSTOM,3,E01003579,0,-1
2020200944942,2020,200944942,1,19,0,1,1,8,4,0,0,2,0,0,0,0,2,1,1,1,1,29,6,2198,2,4,FORD TRANSIT CUSTOM,1,-1,0,-1
2020041014807,2020,041014807,2,98,0,9,9,3,7,0,0,1,0,0,0,0,1,1,1,1,1,38,7,1995,2,3,FORD TRANSIT CUSTOM,9,E01025453,0,-1
2020220933883,2020,220933883,1,19,0,15,15,5,1,0,0,0,0,0,5,6,1,1,5,6,1,25,5,1995,2,1,FORD TRANSIT CUSTOM,6,E01009847,0,-1
2020990996670,2020,990996670,1,19,0,5,5,3,7,0,0,0,0,0,0,0,1,1,1,1,1,51,8,1995,2,0,FORD TRANSIT CUSTOM,7,-1,0,-1
2020220947565,2020,220947565,1,19,0,1,1,1,5,0,0,0,0,0,0,0,2,1,1,1,1,33,6,2198,2,6,FORD TRANSIT CUSTOM,3,E01029568,0,-1
2020010262697,2020,010262697,1,19,0,99,99,9,9,99,99,9,9,99,9,99,9,9,2,2,1,29,6,1995,2,1,FORD TRANSIT CUSTOM,10,E01004196,0,-1
2020010232735,2020,010232735,2,19,0,9,9,7,6,0,0,1,0,0,0,0,4,1,1,1,1,43,7,1995,2,3,FORD TRANSIT CUSTOM,8,E01032053,0,-1
2020470989611,2020,470989611,1,19,0,18,19,7,3,0,0,1,0,0,0,0,1,1,2,2,1,24,5,1995,2,3,FORD TRANSIT CUSTOM,8,E01021209,0,-1
2020990970608,2020,990970608,1,19,0,18,19,1,4,0,0,2,0,0,0,0,1,1,1,1,1,30,6,1995,2,1,FORD TRANSIT CUSTOM,4,-1,0,-1
2020470971731,2020,470971731,1,19,0,1,1,5,1,0,0,0,0,0,0,0,2,1,6,6,1,45,7,1995,2,3,FORD TRANSIT CUSTOM,7,E01031374,0,-1
2020500979572,2020,500979572,2,19,0,18,19,2,6,0,0,1,1,0,0,0,1,1,6,6,1,30,6,2198,2,5,FORD TRANSIT CUSTOM,8,E01018884,0,-1
2020010258169,2020,010258169,2,19,0,3,3,7,3,0,0,2,0,0,0,0,3,1,1,1,1,33,6,1995,2,1,FORD TRANSIT CUSTOM,3,E01001640,0,-1
2020140934780,2020,140934780,2,19,0,12,12,4,4,0,0,1,0,0,0,0,1,1,2,2,1,21,5,1995,2,1,FORD TRANSIT CUSTOM,1,E01007716,0,-1
2020161010258,2020,161010258,1,19,0,5,5,0,3,0,0,0,0,0,0,0,0,1,6,6,1,34,6,1995,2,1,FORD TRANSIT CUSTOM,4,E01012929,0,-1
2020010264410,2020,010264410,1,19,0,99,99,9,9,99,99,9,9,99,9,99,2,9,6,6,1,30,6,2198,2,6,FORD TRANSIT CUSTOM,4,E01004777,0,-1
2020010261479,2020,010261479,2,19,0,7,7,3,6,0,0,5,9,0,0,0,9,9,6,6,3,-1,-1,1995,2,4,FORD TRANSIT CUSTOM,7,E01003475,0,-1
2020320406663,2020,320406663,1,20,0,18,19,6,2,0,0,0,0,0,7,4,1,1,6,6,1,75,10,-1,-1,-1,FORD TRANSIT CUSTOM,2,E01028311,0,-1
2020200996616,2020,200996616,1,19,0,18,19,7,3,0,0,8,0,0,0,0,1,1,6,6,1,35,6,1995,2,3,FORD TRANSIT CUSTOM,1,E01009752,0,-1
2020360960408,2020,360960408,1,19,0,18,19,8,4,0,0,4,0,0,0,0,1,1,1,1,1,27,6,1995,2,2,FORD TRANSIT CUSTOM,6,E01033042,0,-1
2020350929384,2020,350929384,1,19,0,18,19,4,8,0,0,0,0,0,0,0,4,1,2,2,3,41,7,1995,2,2,FORD TRANSIT CUSTOM,4,E01026248,0,-1
202054C709720,2020,54C709720,1,19,0,8,8,2,4,0,0,6,0,0,0,0,1,1,1,1,1,44,7,1995,2,2,FORD TRANSIT CUSTOM,5,E01032698,0,-1
2020470933437,2020,470933437,1,20,0,4,4,3,7,0,0,2,0,0,0,0,1,1,5,6,1,50,8,-1,-1,-1,FORD TRANSIT CUSTOM,3,E01020996,0,-1
2020460939007,2020,460939007,1,21,0,18,19,3,7,0,0,1,1,12,0,0,1,1,6,6,1,37,7,-1,-1,-1,-1,1,E01024661,0,-1
2020010272898,2020,010272898,1,19,0,7,7,7,1,0,0,8,0,0,0,0,4,1,2,2,1,30,6,1995,2,0,FORD TRANSIT CUSTOM,2,E01004224,0,-1
2020440273901,2020,440273901,1,19,0,4,4,5,1,0,0,1,0,0,0,0,1,1,1,1,1,55,8,1995,2,2,FORD TRANSIT CUSTOM,9,E01022930,0,-1
2020540183319,2020,540183319,1,19,0,5,5,5,1,0,0,4,0,0,0,0,1,1,6,6,1,20,4,1995,2,3,FORD TRANSIT CUSTOM,7,E01015493,0,-1
2020200925383,2020,200925383,1,19,0,5,5,1,3,0,0,8,0,0,0,0,3,1,1,1,1,46,8,2198,2,7,FORD TRANSIT CUSTOM,9,E01028854,0,-1
2020161008125,2020,161008125,3,19,0,18,19,4,8,0,0,1,0,0,0,0,1,1,1,1,1,55,8,1995,2,0,FORD TRANSIT CUSTOM,9,E01012956,0,-1
2020101003854,2020,101003854,2,19,0,3,3,5,1,0,0,0,0,0,0,0,2,1,1,1,1,22,5,1995,2,3,FORD TRANSIT CUSTOM,9,E01008245,0,-1
2020302001709,2020,302001709,1,19,0,18,19,6,2,0,0,0,0,0,0,0,4,1,6,6,3,-1,-1,1995,2,0,FORD TRANSIT CUSTOM,5,E01019456,0,-1
2020451001424,2020,451001424,2,19,0,3,3,5,1,0,0,0,0,0,0,0,2,1,6,6,1,45,7,2198,2,5,FORD TRANSIT CUSTOM,9,E01016201,0,-1
2020010262058,2020,010262058,2,19,0,3,3,7,3,0,0,1,0,0,0,0,1,1,1,1,1,36,7,2198,2,4,FORD TRANSIT CUSTOM,2,E01001744,0,-1
202006M168950,2020,06M168950,1,19,0,9,9,7,5,0,0,8,0,0,0,0,1,1,1,1,1,40,7,1995,2,1,FORD TRANSIT CUSTOM,-1,-1,0,-1
2020990983007,2020,990983007,2,19,0,16,19,4,7,0,0,1,0,0,0,0,1,1,1,1,1,38,7,1995,2,3,FORD TRANSIT CUSTOM,1,-1,0,-1
2020440007302,2020,440007302,6,19,0,18,19,6,2,0,0,0,0,0,0,0,1,1,2,2,1,22,5,1995,2,2,FORD TRANSIT CUSTOM,1,E01017031,0,-1
2020010279121,2020,010279121,1,19,0,18,19,1,5,0,0,1,0,0,7,0,1,1,1,1,1,26,6,1995,2,2,FORD TRANSIT CUSTOM,3,E01001045,0,-1
2020440094728,2020,440094728,1,19,0,18,19,7,3,0,0,1,0,0,0,0,1,1,1,1,1,30,6,2198,2,5,FORD TRANSIT CUSTOM,10,E01022869,0,-1
2020622000176,2020,622000176,4,19,0,2,2,0,0,0,0,1,0,0,0,0,4,1,6,6,3,-1,-1,1995,2,2,FORD TRANSIT CUSTOM,-1,-1,0,-1
2020010280240,2020,010280240,2,19,0,9,9,5,3,0,0,6,0,0,0,0,1,1,1,1,1,42,7,1995,2,1,FORD TRANSIT CUSTOM,4,E01001323,0,-1
2020220945771,2020,220945771,1,19,0,18,19,7,3,0,0,0,0,0,0,0,1,1,5,6,1,29,6,1995,2,2,FORD TRANSIT CUSTOM,9,E01028855,0,-1
2020122000385,2020,122000385,2,19,0,18,19,3,7,0,0,2,0,0,0,0,3,1,1,1,1,47,8,1995,2,2,FORD TRANSIT CUSTOM,5,E01027798,0,-1
2020440423443,2020,440423443,1,19,0,18,19,3,7,0,0,8,0,0,0,0,1,1,6,6,1,40,7,1995,2,2,FORD TRANSIT CUSTOM,1,E01017118,0,-1
2020100999688,2020,100999688,1,19,0,4,4,7,3,0,0,1,0,0,0,0,1,1,2,2,1,54,8,1995,2,2,FORD TRANSIT CUSTOM,10,E01008365,0,-1
2020990947459,2020,990947459,1,19,0,18,19,3,7,0,0,0,0,12,0,0,1,1,1,1,2,27,6,2198,2,4,FORD TRANSIT CUSTOM,-1,-1,0,-1
2020501000566,2020,501000566,2,19,0,2,2,0,0,0,0,1,0,0,0,0,0,1,5,6,1,-1,-1,1995,2,3,FORD TRANSIT CUSTOM,7,E01015138,0,-1
2020010286237,2020,010286237,1,19,0,4,4,7,3,0,0,0,0,0,0,0,3,1,1,1,1,28,6,1995,2,0,FORD TRANSIT CUSTOM,5,E01002692,0,-1
2020990978341,2020,990978341,2,19,0,18,19,7,2,0,0,0,0,0,0,0,3,1,2,2,1,49,8,1995,2,2,FORD TRANSIT CUSTOM,3,-1,0,-1
2020530954751,2020,530954751,2,19,0,7,7,-1,-1,0,0,0,0,0,0,0,4,1,6,6,1,20,4,2198,2,4,FORD TRANSIT CUSTOM,1,E01032937,0,-1
2020010284624,2020,010284624,1,19,0,5,5,1,5,4,4,1,0,0,0,0,1,1,2,2,1,44,7,1995,2,2,FORD TRANSIT CUSTOM,8,E01003420,0,-1
2020500955996,2020,500955996,1,19,0,18,19,1,5,0,0,1,0,0,0,0,1,1,1,1,1,72,10,2198,2,6,FORD TRANSIT CUSTOM,8,E01015223,0,-1
2020010251910,2020,010251910,1,19,0,18,19,7,3,0,0,1,0,0,0,0,1,1,1,1,1,18,4,1995,2,2,FORD TRANSIT CUSTOM,2,E01001550,0,-1
2020010282319,2020,010282319,1,19,0,9,9,7,5,0,0,1,0,0,0,0,3,1,2,2,1,30,6,1995,2,3,FORD TRANSIT CUSTOM,6,E01024432,0,-1
2020530996344,2020,530996344,2,19,0,18,19,5,1,0,0,1,0,0,0,0,4,1,2,2,1,51,8,1995,2,4,FORD TRANSIT CUSTOM,7,E01022411,0,-1
2020622000509,2020,622000509,2,19,0,4,4,4,8,0,0,0,0,0,0,0,2,1,1,1,2,-1,-1,1995,2,2,FORD TRANSIT CUSTOM,1,W01001707,0,-1
2020371006762,2020,371006762,2,19,0,18,19,1,6,0,0,1,0,0,0,0,1,1,1,1,1,48,8,2198,2,5,FORD TRANSIT CUSTOM,6,E01021406,0,-1
2020220945685,2020,220945685,1,19,0,18,19,3,7,0,0,0,0,0,0,0,4,1,1,1,1,36,7,1995,2,1,FORD TRANSIT CUSTOM,7,E01032122,0,-1
2020440428102,2020,440428102,2,19,0,18,19,5,1,0,0,8,0,0,0,0,3,1,2,2,1,26,6,1995,2,3,FORD TRANSIT CUSTOM,4,E01023037,0,-1
2020010242605,2020,010242605,3,10,0,16,19,2,5,0,0,0,0,0,0,0,0,1,1,1,1,44,7,-1,-1,-1,-1,5,E01000631,0,-1
2020500941597,2020,500941597,1,19,0,1,1,1,5,0,0,0,0,4,0,0,2,1,6,6,1,-1,-1,1995,2,4,FORD TRANSIT CUSTOM,-1,-1,0,-1
2020451002265,2020,451002265,1,19,0,18,19,1,5,0,0,0,0,0,1,3,1,1,5,6,1,32,6,2198,2,7,FORD TRANSIT CUSTOM,9,E01016678,0,-1
2020010241545,2020,010241545,2,19,0,18,19,1,5,0,0,1,0,0,0,0,2,1,6,6,1,30,6,2198,2,4,FORD TRANSIT CUSTOM,3,E01016452,0,-1
2020220948141,2020,220948141,1,19,0,13,13,7,4,0,0,0,0,0,0,0,0,1,2,2,1,29,6,1995,2,1,FORD TRANSIT CUSTOM,3,E01013992,0,-1
2020990987952,2020,990987952,4,19,0,3,3,4,8,0,0,0,0,0,0,0,2,1,6,6,1,46,8,2198,2,4,FORD TRANSIT CUSTOM,3,-1,0,-1
2020420952686,2020,420952686,1,19,0,18,19,6,2,0,0,0,0,0,0,0,1,1,2,2,1,19,4,1995,2,1,FORD TRANSIT CUSTOM,7,E01030200,0,-1
2020990920834,2020,990920834,1,19,0,2,2,0,0,9,9,1,0,4,0,0,4,1,1,1,1,28,6,1995,2,2,FORD TRANSIT CUSTOM,-1,-1,0,-1
2020450966853,2020,450966853,2,19,0,2,2,0,0,0,0,0,0,0,0,0,2,1,6,6,1,64,9,1995,2,0,FORD TRANSIT CUSTOM,7,E01014845,0,-1