collision_index,collision_year,collision_ref_no,vehicle_reference,vehicle_type,towing_and_articulation,vehicle_manoeuvre_historic,vehicle_manoeuvre,vehicle_direction_from,vehicle_direction_to,vehicle_location_restricted_lane_historic,vehicle_location_restricted_lane,junction_location,skidding_and_overturning,hit_object_in_carriageway,vehicle_leaving_carriageway,hit_object_off_carriageway,first_point_of_impact,vehicle_left_hand_drive,journey_purpose_of_driver_historic,journey_purpose_of_driver,sex_of_driver,age_of_driver,age_band_of_driver,engine_capacity_cc,propulsion_code,age_of_vehicle,generic_make_model,driver_imd_decile,lsoa_of_driver,escooter_flag,driver_distance_banding
2020500996325,2020,500996325,3,19,0,3,3,1,5,0,0,0,0,0,0,0,2,1,5,6,1,64,9,1995,2,1,FORD TRANSIT CUSTOM,3,E01031444,0,-1
2020470982676,2020,470982676,1,19,0,18,19,1,5,0,0,0,0,0,0,0,4,1,1,1,1,45,7,2198,2,6,FORD TRANSIT CUSTOM,1,E01033584,0,-1
2020170S20430,2020,170S20430,2,19,0,4,4,4,8,0,0,0,0,0,0,0,2,1,6,6,1,55,8,1995,2,2,FORD TRANSIT CUSTOM,7,E01012178,0,-1
2020500981506,2020,500981506,3,19,0,18,19,7,3,0,0,0,2,4,0,0,1,1,6,6,1,64,9,1995,2,2,FORD TRANSIT CUSTOM,3,W01001205,0,-1
2020010240800,2020,010240800,2,19,9,99,99,9,9,99,99,9,9,99,9,99,9,9,6,6,1,60,9,2198,2,6,FORD TRANSIT CUSTOM,7,E01000292,0,-1
2020010268936,2020,010268936,2,19,0,12,12,3,7,0,0,1,0,0,0,0,2,1,1,1,1,24,5,1995,2,2,FORD TRANSIT CUSTOM,-1,-1,0,-1
2020010279968,2020,010279968,1,19,0,4,4,5,1,0,0,4,0,0,0,0,2,1,1,1,1,25,5,1995,2,2,FORD TRANSIT CUSTOM,2,E01002077,0,-1
2020320510126,2020,320510126,2,19,0,7,7,1,7,0,0,8,5,0,0,10,4,1,1,1,1,57,9,2198,2,5,FORD TRANSIT CUSTOM,7,E01026369,0,-1
2020530988585,2020,530988585,1,19,0,11,11,1,5,0,0,0,0,0,0,0,1,1,2,2,1,54,8,1995,2,4,FORD TRANSIT CUSTOM,1,E01005486,0,-1
2020010237471,2020,010237471,2,19,0,16,19,1,5,0,0,8,0,0,0,0,3,1,1,1,1,31,6,2198,2,5,FORD TRANSIT CUSTOM,9,E01001107,0,-1
2020070758029,2020,070758029,3,19,0,4,4,2,6,0,0,8,0,0,0,0,3,1,1,1,1,59,9,2198,2,4,FORD TRANSIT CUSTOM,10,E01018397,0,-1
2020341005431,2020,341005431,2,19,0,10,10,8,6,0,0,1,0,0,0,0,2,1,1,1,1,37,7,2198,2,6,FORD TRANSIT CUSTOM,7,E01032892,0,-1
2020160995889,2020,160995889,2,19,0,18,19,3,7,0,0,8,0,0,0,0,4,1,6,6,1,49,8,1995,2,2,FORD TRANSIT CUSTOM,7,E01028007,0,-1
2020440191187,2020,440191187,1,19,0,17,19,7,3,0,0,0,0,0,0,0,3,1,2,2,3,-1,-1,2198,2,7,FORD TRANSIT CUSTOM,-1,-1,0,-1
2020040918167,2020,040918167,2,19,0,4,4,1,5,0,0,1,0,0,0,0,2,1,1,1,1,41,7,2198,2,5,FORD TRANSIT CUSTOM,1,E01006950,0,-1
2020552000534,2020,552000534,1,19,0,5,5,8,4,0,0,6,0,0,0,0,1,1,1,1,1,39,7,1995,2,1,FORD TRANSIT CUSTOM,9,E01020399,0,-1
2020371013721,2020,371013721,1,19,0,18,19,6,2,0,0,0,0,0,7,3,1,1,1,1,1,50,8,1995,2,3,FORD TRANSIT CUSTOM,4,E01026638,0,-1
2020350919890,2020,350919890,1,19,0,10,10,2,6,0,0,1,0,0,0,0,3,1,6,6,1,45,7,1995,2,2,FORD TRANSIT CUSTOM,3,E01018109,0,-1
202063C052520,2020,63C052520,2,19,0,9,9,5,3,0,0,6,0,0,0,0,1,1,6,6,1,-1,-1,2198,2,6,FORD TRANSIT CUSTOM,-1,-1,0,-1
2020010234507,2020,010234507,1,19,0,7,7,3,5,0,0,1,0,0,0,0,4,1,6,6,1,43,7,1995,2,4,FORD TRANSIT CUSTOM,-1,-1,0,-1
2020990967008,2020,990967008,1,19,0,3,3,4,7,0,0,1,0,0,0,0,1,1,1,1,1,58,9,1995,2,2,FORD TRANSIT CUSTOM,8,-1,0,-1
2020302001571,2020,302001571,1,19,0,18,19,1,4,0,0,0,0,0,0,0,4,1,2,2,1,56,9,1995,2,2,FORD TRANSIT CUSTOM,8,E01033412,0,-1
2020440169127,2020,440169127,1,19,0,10,10,5,3,0,0,1,0,0,0,0,2,1,1,1,1,47,8,2198,2,4,FORD TRANSIT CUSTOM,3,E01017220,0,-1
2020010240413,2020,010240413,1,19,0,7,7,4,5,0,0,1,0,0,0,0,4,1,1,1,1,30,6,2198,2,4,FORD TRANSIT CUSTOM,8,E01000784,0,-1
2020010261123,2020,010261123,2,19,0,4,4,3,7,0,0,1,0,0,0,0,1,1,6,6,1,32,6,1995,2,3,FORD TRANSIT CUSTOM,5,E01021773,0,-1
2020350968812,2020,350968812,2,19,0,7,7,7,1,0,0,6,0,0,0,0,1,1,1,1,1,32,6,2198,2,5,FORD TRANSIT CUSTOM,-1,-1,0,-1
2020122100053,2020,122100053,1,19,0,4,4,2,6,0,0,0,0,0,0,0,1,1,1,1,1,24,5,1995,2,2,FORD TRANSIT CUSTOM,7,E01027616,0,-1
2020040927719,2020,040927719,1,19,0,16,19,5,1,0,0,2,0,0,0,0,1,1,6,6,1,33,6,2198,2,6,FORD TRANSIT CUSTOM,7,E01012602,0,-1
2020440338922,2020,440338922,1,19,0,9,9,3,1,0,0,8,0,0,0,0,3,1,2,2,3,-1,-1,1995,2,3,FORD TRANSIT CUSTOM,-1,-1,0,-1
2020622000151,2020,622000151,7,19,0,18,19,8,4,0,0,0,0,0,0,0,2,1,6,6,1,29,6,1995,2,1,FORD TRANSIT CUSTOM,7,W01001017,0,-1
2020031008341,2020,031008341,2,19,0,8,8,4,6,0,0,0,0,0,0,0,-1,1,1,1,1,-1,-1,2198,2,4,FORD TRANSIT CUSTOM,1,E01019164,0,-1
2020411032286,2020,411032286,1,19,0,1,1,7,3,0,0,0,0,0,0,0,2,1,6,6,1,30,6,2198,2,4,FORD TRANSIT CUSTOM,4,E01023336,0,-1
2020040917536,2020,040917536,1,19,0,18,19,1,5,0,0,0,0,0,0,0,3,1,1,1,1,27,6,1995,2,2,FORD TRANSIT CUSTOM,2,E01006323,0,-1
2020500998589,2020,500998589,2,19,0,18,19,7,3,0,0,0,0,0,0,0,1,1,1,1,1,33,6,1995,2,0,FORD TRANSIT CUSTOM,4,E01018892,0,-1
2020540958420,2020,540958420,2,19,0,18,19,6,2,0,0,0,0,0,0,0,1,1,1,1,1,42,7,1995,2,1,FORD TRANSIT CUSTOM,4,E01022310,0,-1
2020137741438,2020,137741438,2,19,0,5,5,1,5,0,0,1,0,0,0,0,1,1,6,6,1,22,5,1995,2,2,FORD TRANSIT CUSTOM,3,E01011463,0,-1
2020340D00592,2020,340D00592,1,19,0,18,19,7,3,0,0,0,0,0,0,0,1,1,6,6,1,-1,-1,1995,2,2,FORD TRANSIT CUSTOM,-1,-1,0,-1
2020040989217,2020,040989217,1,98,0,18,19,3,7,0,0,8,2,0,0,0,4,1,1,1,1,33,6,1995,2,3,FORD TRANSIT CUSTOM,-1,-1,0,-1
202006J373879,2020,06J373879,1,19,0,6,6,4,7,0,0,0,0,0,0,0,4,1,6,6,1,30,6,2198,2,5,FORD TRANSIT CUSTOM,-1,-1,0,-1
2020530989335,2020,530989335,2,19,0,18,19,6,2,0,0,1,0,0,0,0,1,1,1,1,1,31,6,2198,2,6,FORD TRANSIT CUSTOM,5,E01022379,0,-1
2020110962495,2020,110962495,2,19,0,2,2,0,0,0,0,2,0,0,0,0,3,1,1,1,1,38,7,1995,2,1,FORD TRANSIT CUSTOM,4,E01008483,0,-1
2020100916080,2020,100916080,1,19,0,4,4,2,1,0,0,1,0,0,0,0,4,1,1,1,1,43,7,2198,2,5,FORD TRANSIT CUSTOM,-1,-1,0,-1
2020010243147,2020,010243147,1,19,0,9,9,3,8,0,0,1,0,0,7,11,3,1,6,6,1,45,7,1995,2,4,FORD TRANSIT CUSTOM,2,E01001437,0,-1
2020500946345,2020,500946345,1,19,0,18,19,3,7,0,0,1,0,0,0,0,1,1,5,6,1,47,8,2198,2,4,FORD TRANSIT CUSTOM,5,E01018981,0,-1
2020622100018,2020,622100018,1,19,0,9,9,2,8,0,0,8,0,0,0,0,4,1,1,1,1,43,7,1995,2,1,FORD TRANSIT CUSTOM,7,W01000813,0,-1
2020110961689,2020,110961689,1,19,0,18,19,1,5,0,0,1,0,0,0,0,3,1,1,1,1,36,7,2198,2,7,FORD TRANSIT CUSTOM,7,E01008850,0,-1
202031B180920,2020,31B180920,1,19,0,18,19,1,5,0,0,0,0,0,1,11,1,1,6,6,1,-1,-1,2198,2,6,FORD TRANSIT CUSTOM,-1,-1,0,-1
202006G175048,2020,06G175048,1,19,0,18,19,5,1,0,0,0,0,0,0,0,3,1,6,6,3,-1,-1,2198,2,5,FORD TRANSIT CUSTOM,-1,-1,0,-1
2020010274640,2020,010274640,1,19,0,7,7,5,8,0,0,5,0,0,0,0,2,1,6,6,1,44,7,1995,2,1,FORD TRANSIT CUSTOM,4,E01000699,0,-1
2020052000462,2020,052000462,1,19,0,18,19,3,7,0,0,1,0,0,4,1,1,1,1,1,1,32,6,2198,2,4,FORD TRANSIT CUSTOM,10,-1,0,-1
2020332000023,2020,332000023,1,19,0,7,7,8,2,0,0,3,1,0,0,0,1,2,1,1,1,33,6,1995,2,3,FORD TRANSIT CUSTOM,10,E01025649,0,-1
2020010235672,2020,010235672,1,19,0,18,19,8,4,2,2,1,0,0,0,0,1,1,1,1,1,31,6,1995,2,2,FORD TRANSIT CUSTOM,4,E01000503,0,-1
2020010286107,2020,010286107,2,19,0,99,99,9,9,99,99,9,9,99,9,99,1,9,6,6,3,-1,-1,1995,2,3,FORD TRANSIT CUSTOM,-1,-1,0,-1
2020010271579,2020,010271579,2,19,0,99,99,9,9,99,99,9,9,99,9,99,9,9,6,6,1,50,8,1995,2,1,FORD TRANSIT CUSTOM,7,E01002226,0,-1
2020010250518,2020,010250518,2,19,0,3,3,1,5,0,0,0,0,0,0,0,2,1,1,1,1,43,7,1995,2,2,FORD TRANSIT CUSTOM,5,E01015827,0,-1
2020220940729,2020,220940729,2,19,0,17,19,4,2,0,0,8,0,0,0,0,1,1,5,6,1,53,8,1995,2,3,FORD TRANSIT CUSTOM,7,E01022230,0,-1
2020010281379,2020,010281379,2,19,0,18,19,1,5,0,0,8,5,0,0,0,3,1,1,1,1,53,8,2198,2,5,FORD TRANSIT CUSTOM,3,E01021860,0,-1
2020122000554,2020,122000554,1,19,0,1,1,1,5,0,0,0,0,0,0,0,2,1,6,6,1,33,6,1995,2,2,FORD TRANSIT CUSTOM,6,E01027780,0,-1
2020500998133,2020,500998133,2,19,0,6,6,7,3,0,0,0,0,0,0,0,4,1,1,1,1,40,7,1995,2,3,FORD TRANSIT CUSTOM,4,E01015029,0,-1
2020220959153,2020,220959153,4,19,0,2,2,0,0,0,0,0,0,0,0,0,4,1,5,6,1,44,7,2198,2,5,FORD TRANSIT CUSTOM,-1,-1,0,-1
2020122001237,2020,122001237,1,19,0,18,19,4,8,0,0,1,0,0,0,0,1,1,1,1,1,21,5,1995,2,0,FORD TRANSIT CUSTOM,6,E01011480,0,-1
2020990929251,2020,990929251,1,19,0,17,19,1,6,0,0,8,0,0,0,0,1,1,1,1,2,29,6,1995,2,1,FORD TRANSIT CUSTOM,2,-1,0,-1
2020137781623,2020,137781623,2,19,0,18,19,6,2,0,0,8,0,0,0,0,0,1,1,1,1,38,7,2198,2,4,FORD TRANSIT CUSTOM,7,E01011775,0,-1
2020302000941,2020,302000941,2,19,0,9,9,8,2,0,0,1,0,0,0,0,1,1,6,6,1,19,4,1995,2,4,FORD TRANSIT CUSTOM,2,E01007910,0,-1
20201379G0727,2020,1379G0727,1,19,0,3,3,3,7,0,0,0,0,0,0,0,1,1,6,6,2,-1,-1,1995,2,1,FORD TRANSIT CUSTOM,-1,-1,0,-1
2020401008042,2020,401008042,1,19,0,4,4,5,1,0,0,0,0,0,0,0,1,1,1,1,1,29,6,1995,2,1,FORD TRANSIT CUSTOM,6,E01015671,0,-1
2020137BH1864,2020,137BH1864,2,19,0,18,19,5,1,0,0,8,1,0,0,11,3,1,6,6,1,21,5,1995,2,0,FORD TRANSIT CUSTOM,1,E01010813,0,-1
2020450920825,2020,450920825,1,19,0,10,10,3,7,0,0,1,0,0,0,0,1,1,1,1,1,25,5,1995,2,3,FORD TRANSIT CUSTOM,4,E01002611,0,-1
2020010256541,2020,010256541,1,19,0,18,19,1,5,0,0,1,0,0,0,0,2,1,2,2,1,28,6,1995,2,2,FORD TRANSIT CUSTOM,4,E01021818,0,-1
2020140965898,2020,140965898,1,19,0,18,19,3,6,0,0,0,1,0,0,0,1,1,1,1,1,22,5,1995,2,3,FORD TRANSIT CUSTOM,5,E01008034,0,-1
2020122001072,2020,122001072,1,19,0,18,19,3,7,0,0,0,0,0,1,4,1,1,6,6,1,20,4,2198,2,6,FORD TRANSIT CUSTOM,3,E01007465,0,-1
2020040956852,2020,040956852,1,19,0,7,7,5,1,9,9,2,5,0,1,0,1,1,1,1,1,27,6,1995,2,3,FORD TRANSIT CUSTOM,5,E01025311,0,-1
2020200982944,2020,200982944,3,19,0,18,19,6,2,0,0,0,0,0,0,0,1,1,6,6,1,50,8,2198,2,6,FORD TRANSIT CUSTOM,4,E01008961,0,-1
2020160958836,2020,160958836,2,19,0,9,9,2,8,0,0,5,0,0,0,0,1,2,1,1,1,22,5,1995,2,2,FORD TRANSIT CUSTOM,1,E01013139,0,-1
2020010272350,2020,010272350,2,19,0,18,19,3,7,0,0,0,0,0,0,0,1,1,1,1,1,41,7,1995,2,2,FORD TRANSIT CUSTOM,2,E01000033,0,-1
2020470916134,2020,470916134,2,19,0,18,19,2,5,0,0,8,0,0,0,0,3,1,2,2,1,61,9,1995,2,3,FORD TRANSIT CUSTOM,10,E01031412,0,-1
2020450963099,2020,450963099,2,19,0,18,19,1,1,0,0,0,0,0,0,0,4,1,1,1,1,40,7,2198,2,5,FORD TRANSIT CUSTOM,10,E01030435,0,-1
202006XK73035,2020,06XK73035,2,19,0,18,19,8,4,0,0,0,0,0,0,0,3,1,1,1,1,47,8,1995,2,0,FORD TRANSIT CUSTOM,8,E01004918,0,-1
2020010244780,2020,010244780,1,19,0,14,14,7,3,0,0,0,0,0,0,0,1,1,1,1,1,33,6,1995,2,1,FORD TRANSIT CUSTOM,3,E01004259,0,-1
2020040951514,2020,040951514,1,19,0,18,19,2,4,0,0,1,0,0,0,0,1,1,1,1,1,40,7,1995,2,3,FORD TRANSIT CUSTOM,9,E01025039,0,-1
2020040929554,2020,040929554,2,19,0,18,19,5,2,0,0,8,0,0,0,0,1,1,5,6,1,48,8,2198,2,6,FORD TRANSIT CUSTOM,1,E01012754,0,-1
2020991005621,2020,991005621,2,19,0,18,19,3,7,0,0,0,0,0,0,0,2,1,2,2,1,27,6,1995,2,2,FORD TRANSIT CUSTOM,1,-1,0,-1
2020010238694,2020,010238694,1,19,0,18,19,7,3,0,0,2,0,0,0,0,3,1,1,1,1,24,5,2198,2,6,FORD TRANSIT CUSTOM,4,E01023805,0,-1
2020137BF0845,2020,137BF0845,1,19,0,18,19,8,4,0,0,0,0,0,0,0,1,1,1,1,1,20,4,1995,2,2,FORD TRANSIT CUSTOM,2,E01011856,0,-1
2020211015717,2020,211015717,1,19,0,16,19,5,1,0,0,0,0,0,1,0,1,1,6,6,1,21,5,1995,2,0,FORD TRANSIT CUSTOM,2,E01009391,0,-1
2020470986986,2020,470986986,1,19,0,9,9,8,6,0,0,8,0,0,0,0,1,1,1,1,1,37,7,2198,2,5,FORD TRANSIT CUSTOM,1,E01017218,0,-1
2020470926126,2020,470926126,1,20,0,18,19,6,2,0,0,0,0,0,0,0,1,1,1,1,1,57,9,-1,-1,-1,FORD TRANSIT CUSTOM,9,E01022955,0,-1
2020350933626,2020,350933626,1,19,0,9,9,1,6,0,0,1,0,0,0,0,1,1,1,1,1,37,7,2198,2,4,FORD TRANSIT CUSTOM,5,E01017388,0,-1
2020041026195,2020,041026195,1,19,4,18,19,3,7,0,0,0,0,0,0,0,0,1,6,6,1,41,7,2198,2,4,FORD TRANSIT CUSTOM,8,E01025000,0,-1
2020471009053,2020,471009053,3,19,0,18,19,4,8,0,0,0,0,0,0,0,1,1,6,6,1,53,8,1995,2,1,FORD TRANSIT CUSTOM,9,E01021151,0,-1
2020031007913,2020,031007913,1,19,0,18,19,5,1,0,0,6,5,0,0,0,3,1,1,1,1,51,8,1995,2,4,FORD TRANSIT CUSTOM,2,E01019210,0,-1
2020460991782,2020,460991782,9,19,0,18,19,6,2,0,0,0,0,0,0,0,4,1,6,6,1,57,9,2198,2,6,FORD TRANSIT CUSTOM,5,E01016034,0,-1
2020450938087,2020,450938087,2,19,0,17,19,1,3,0,0,4,0,0,0,0,1,1,6,6,1,38,7,1995,2,2,FORD TRANSIT CUSTOM,-1,-1,0,-1
2020010252686,2020,010252686,2,19,0,99,99,9,9,99,99,9,9,99,9,99,9,9,6,6,3,-1,-1,2198,2,6,FORD TRANSIT CUSTOM,6,E01004151,0,-1
2020010279965,2020,010279965,3,19,0,2,2,0,0,9,9,7,0,0,1,0,1,1,6,6,3,-1,-1,1995,2,0,FORD TRANSIT CUSTOM,-1,-1,0,-1
2020420960808,2020,420960808,1,19,0,18,19,7,3,0,0,0,0,0,0,0,1,1,6,6,1,44,7,2198,2,4,FORD TRANSIT CUSTOM,-1,-1,0,-1
2020990971995,2020,990971995,1,19,0,6,6,3,7,0,0,0,0,0,0,0,3,1,1,1,1,26,6,2198,2,4,FORD TRANSIT CUSTOM,7,-1,0,-1
2020990965502,2020,990965502,2,19,0,18,19,5,1,0,0,8,0,0,0,0,4,1,1,1,2,23,5,2198,2,4,FORD TRANSIT CUSTOM,3,-1,0,-1
2020010237837,2020,010237837,1,19,0,99,99,9,9,99,99,1,9,99,9,99,1,9,6,6,1,40,7,2198,2,5,FORD TRANSIT CUSTOM,2,E01000045,0,-1
2020010257853,2020,010257853,1,19,0,18,19,7,3,0,0,1,0,0,0,0,0,1,1,1,1,33,6,1995,2,2,FORD TRANSIT CUSTOM,2,E01033587,0,-1
2020140934670,2020,140934670,1,19,0,18,19,6,3,0,0,3,0,0,0,0,4,1,5,6,1,24,5,2198,2,6,FORD TRANSIT CUSTOM,8,E01007431,0,-1
202063D010620,2020,63D010620,4,19,0,2,2,0,0,0,0,0,0,0,0,0,3,1,6,6,1,59,9,-1,-1,-1,FORD TRANSIT CUSTOM,8,W01001897,0,-1
2020010257468,2020,010257468,1,10,0,7,7,2,5,0,0,1,0,0,0,0,0,1,1,1,1,31,6,2198,2,5,-1,4,E01001247,0,-1
2020010267098,2020,010267098,2,19,9,5,5,3,7,99,99,9,9,99,0,0,1,9,6,6,1,54,8,2198,2,5,FORD TRANSIT CUSTOM,3,E01023343,0,-1
202031D081120,2020,31D081120,2,19,0,18,19,5,1,0,0,8,0,0,0,0,1,1,1,1,1,33,6,1995,2,3,FORD TRANSIT CUSTOM,6,E01028205,0,-1
2020991010083,2020,991010083,3,9,0,4,4,5,1,0,0,0,0,0,0,0,4,1,5,6,1,35,6,2198,2,5,-1,10,-1,0,-1
2020220985774,2020,220985774,1,19,0,9,9,6,4,0,0,6,0,0,0,0,1,1,1,1,1,47,8,2198,2,5,FORD TRANSIT CUSTOM,5,E01014031,0,-1
2020420934223,2020,420934223,1,19,0,9,9,5,2,0,0,8,0,0,0,0,1,1,1,1,1,52,8,2198,2,4,FORD TRANSIT CUSTOM,9,E01015815,0,-1
2020990931133,2020,990931133,1,19,0,18,19,8,3,0,0,0,0,0,0,0,4,1,5,6,1,61,9,2198,2,5,FORD TRANSIT CUSTOM,5,-1,0,-1
2020141006918,2020,141006918,2,19,0,18,19,5,1,0,0,1,0,0,0,0,2,1,1,1,1,29,6,1995,2,3,FORD TRANSIT CUSTOM,6,E01028024,0,-1
2020040983426,2020,040983426,2,19,0,17,19,7,3,0,0,0,1,0,1,9,3,1,6,6,1,66,10,1995,2,1,FORD TRANSIT CUSTOM,4,E01005499,0,-1
2020421004984,2020,421004984,3,19,0,18,19,1,5,0,0,7,0,0,0,0,2,1,1,1,1,41,7,1995,2,1,FORD TRANSIT CUSTOM,4,E01022033,0,-1
2020010247507,2020,010247507,1,19,0,18,19,4,8,0,0,8,0,0,0,0,1,1,6,6,1,40,7,1995,2,3,FORD TRANSIT CUSTOM,4,E01003169,0,-1
2020332000065,2020,332000065,1,19,0,18,19,3,7,0,0,1,0,0,0,0,1,1,1,1,1,60,9,1995,2,3,FORD TRANSIT CUSTOM,7,E01025909,0,-1
2020320419883,2020,320419883,2,20,0,18,19,8,4,0,0,8,1,0,0,0,1,1,1,1,1,31,6,-1,-1,-1,FORD TRANSIT CUSTOM,10,E01032990,0,-1
2020030943967,2020,030943967,1,19,0,18,19,1,3,0,0,0,0,0,0,0,1,1,2,2,1,40,7,1995,2,2,FORD TRANSIT CUSTOM,3,E01019221,0,-1
2020070136833,2020,070136833,1,19,0,18,19,5,2,0,0,0,0,0,0,0,3,1,1,1,1,41,7,1995,2,1,FORD TRANSIT CUSTOM,2,E01012506,0,-1
2020500953171,2020,500953171,2,19,0,18,19,7,3,0,0,0,0,0,0,0,1,1,1,1,1,27,6,1995,2,2,FORD TRANSIT CUSTOM,3,W01001313,0,-1
2020070591684,2020,070591684,5,19,0,9,9,7,3,0,0,0,0,0,0,0,0,1,1,1,1,67,10,1995,2,1,FORD TRANSIT CUSTOM,6,E01011697,0,-1
2020990995676,2020,990995676,2,19,0,10,10,2,8,0,0,1,0,0,0,0,2,1,1,1,2,32,6,1995,2,1,FORD TRANSIT CUSTOM,4,-1,0,-1
2020461011845,2020,461011845,4,19,0,2,2,0,0,0,0,0,0,0,0,0,2,1,6,6,1,33,6,1995,2,3,FORD TRANSIT CUSTOM,2,E01016068,0,-1
2020110950260,2020,110950260,2,19,0,18,19,5,1,0,0,0,0,0,0,0,1,1,1,1,1,57,9,2198,2,5,FORD TRANSIT CUSTOM,7,E01020843,0,-1
2020010282955,2020,010282955,2,19,0,99,99,9,9,99,99,8,9,99,9,99,9,9,6,6,3,-1,-1,1995,2,3,FORD TRANSIT CUSTOM,6,E01001997,0,-1
2020470939337,2020,470939337,2,19,0,9,9,6,5,0,0,1,0,0,0,0,3,1,1,1,1,39,7,1995,2,3,FORD TRANSIT CUSTOM,5,E01031376,0,-1
2020137881626,2020,137881626,2,19,0,18,19,3,7,0,0,2,1,0,1,0,3,1,6,6,1,24,5,1995,2,2,FORD TRANSIT CUSTOM,1,E01011346,0,-1
2020990967955,2020,990967955,2,19,0,17,19,1,6,0,0,4,0,0,0,0,2,1,6,6,3,30,6,1995,2,3,FORD TRANSIT CUSTOM,-1,-1,0,-1
2020010265810,2020,010265810,2,19,0,99,99,9,9,99,99,9,9,99,9,99,1,9,6,6,3,-1,-1,1995,2,2,FORD TRANSIT CUSTOM,4,E01000504,0,-1
2020350984206,2020,350984206,3,19,0,3,3,7,3,0,0,1,0,0,0,0,4,1,1,1,1,29,6,2198,2,5,FORD TRANSIT CUSTOM,-1,-1,0,-1
2020210985013,2020,210985013,2,19,0,11,11,1,5,0,0,3,5,0,0,0,4,1,1,1,1,44,7,2198,2,4,FORD TRANSIT CUSTOM,4,E01010303,0,-1
2020040978994,2020,040978994,2,19,0,18,19,1,5,0,0,1,0,0,0,0,2,1,2,2,1,24,5,1995,2,2,FORD TRANSIT CUSTOM,6,E01025421,0,-1
2020990972312,2020,990972312,1,19,0,1,1,3,7,0,0,8,0,0,0,0,2,1,1,1,1,60,9,1995,2,2,FORD TRANSIT CUSTOM,3,-1,0,-1
2020370939692,2020,370939692,3,19,0,2,2,0,0,0,0,0,0,0,0,0,2,1,5,6,1,33,6,1995,2,2,FORD TRANSIT CUSTOM,9,E01033450,0,-1
2020410949889,2020,410949889,2,19,0,5,5,5,1,0,0,4,0,0,4,1,2,1,1,1,1,44,7,1995,2,3,FORD TRANSIT CUSTOM,7,E01023923,0,-1
2020160997562,2020,160997562,1,19,0,7,7,1,3,0,0,2,0,0,0,0,4,1,6,6,1,30,6,1995,2,3,FORD TRANSIT CUSTOM,-1,-1,0,-1
2020440402354,2020,440402354,1,19,0,9,9,7,5,0,0,8,0,0,0,0,4,1,1,1,1,25,5,2198,2,5,FORD TRANSIT CUSTOM,6,E01017014,0,-1
2020420918754,2020,420918754,2,19,0,18,19,1,5,0,0,0,1,0,0,0,1,1,5,6,1,33,6,2198,2,6,FORD TRANSIT CUSTOM,5,E01021996,0,-1
2020371002566,2020,371002566,2,19,0,18,19,3,7,0,0,0,0,0,0,0,0,1,2,2,1,64,9,2198,2,5,FORD TRANSIT CUSTOM,6,E01030057,0,-1
2020430373395,2020,430373395,2,19,0,2,2,0,0,0,0,0,0,0,0,0,0,1,6,6,3,-1,-1,2198,2,4,FORD TRANSIT CUSTOM,-1,-1,0,-1
2020450941874,2020,450941874,2,19,0,18,19,3,7,0,0,0,0,0,0,0,1,1,6,6,1,26,6,1995,2,2,FORD TRANSIT CUSTOM,5,E01001068,0,-1
2020460973900,2020,460973900,2,19,0,18,19,7,3,0,0,0,0,0,0,0,2,1,5,6,1,29,6,1995,2,1,FORD TRANSIT CUSTOM,6,E01024363,0,-1
2020010257580,2020,010257580,1,19,0,7,7,1,4,0,0,1,0,0,0,0,2,1,1,1,1,40,7,1995,2,3,FORD TRANSIT CUSTOM,-1,-1,0,-1
2020010252616,2020,010252616,1,19,0,4,4,1,5,0,0,0,0,0,0,0,3,1,1,1,2,35,6,1995,2,2,FORD TRANSIT CUSTOM,3,E01001045,0,-1
2020500988896,2020,500988896,2,19,0,2,2,0,0,0,0,0,0,4,0,0,3,1,6,6,3,-1,-1,1995,2,0,FORD TRANSIT CUSTOM,3,E01019922,0,-1
2020520100327,2020,520100327,2,20,0,18,19,7,3,0,0,0,1,0,0,6,3,1,6,6,1,29,6,-1,-1,-1,FORD TRANSIT CUSTOM,9,E01020464,0,-1
2020010258675,2020,010258675,1,19,0,5,5,5,1,0,0,0,0,7,0,0,1,1,6,6,1,66,10,1995,2,0,FORD TRANSIT CUSTOM,1,E01033456,0,-1
2020460989203,2020,460989203,2,19,0,4,4,1,5,0,0,0,0,0,0,0,4,1,5,6,1,29,6,1995,2,4,FORD TRANSIT CUSTOM,6,E01024783,0,-1
2020440199506,2020,440199506,3,19,0,2,2,0,0,0,0,0,0,0,0,0,2,1,6,6,3,-1,-1,1995,2,1,FORD TRANSIT CUSTOM,-1,-1,0,-1
2020010273728,2020,010273728,1,19,0,3,3,1,5,0,0,1,0,0,0,0,2,1,3,7,1,30,6,1995,2,2,FORD TRANSIT CUSTOM,2,E01004083,0,-1
2020010255025,2020,010255025,2,19,0,18,19,1,5,0,0,1,0,0,0,0,1,1,6,6,3,-1,-1,1995,2,3,FORD TRANSIT CUSTOM,-1,-1,0,-1
2020070151017,2020,070151017,1,19,0,18,19,2,6,0,0,0,1,11,2,4,4,1,6,6,1,31,6,1995,2,1,FORD TRANSIT CUSTOM,3,E01018731,0,-1
2020420991102,2020,420991102,2,19,0,18,19,8,4,0,0,0,0,2,0,0,2,1,1,1,1,38,7,1995,2,3,FORD TRANSIT CUSTOM,4,E01002346,0,-1