collision_index,collision_year,collision_ref_no,vehicle_reference,vehicle_type,towing_and_articulation,vehicle_manoeuvre_historic,vehicle_manoeuvre,vehicle_direction_from,vehicle_direction_to,vehicle_location_restricted_lane_historic,vehicle_location_restricted_lane,junction_location,skidding_and_overturning,hit_object_in_carriageway,vehicle_leaving_carriageway,hit_object_off_carriageway,first_point_of_impact,vehicle_left_hand_drive,journey_purpose_of_driver_historic,journey_purpose_of_driver,sex_of_driver,age_of_driver,age_band_of_driver,engine_capacity_cc,propulsion_code,age_of_vehicle,generic_make_model,driver_imd_decile,lsoa_of_driver,escooter_flag,driver_distance_banding
2020030931994,2020,030931994,2,19,0,3,3,3,7,0,0,0,0,0,0,0,2,1,2,2,1,42,7,1995,2,2,FORD TRANSIT CUSTOM,-1,-1,0,-1
2020122001075,2020,122001075,2,19,0,18,19,5,1,0,0,1,0,0,0,0,4,1,1,1,1,48,8,1995,2,3,FORD TRANSIT CUSTOM,6,E01013301,0,-1
2020351012439,2020,351012439,2,19,0,16,19,3,7,0,0,0,0,0,0,0,1,1,6,6,1,54,8,1995,2,2,FORD TRANSIT CUSTOM,9,E01030116,0,-1
2020010229586,2020,010229586,1,19,0,15,15,1,5,0,0,1,0,0,0,0,4,1,1,1,1,52,8,1995,2,2,FORD TRANSIT CUSTOM,4,E01001285,0,-1
2020010236928,2020,010236928,1,19,0,99,99,9,9,99,99,9,9,99,9,99,2,9,2,2,1,28,6,2198,2,5,FORD TRANSIT CUSTOM,10,E01021248,0,-1
2020990932658,2020,990932658,1,19,0,18,19,8,4,0,0,1,0,0,0,0,1,1,2,2,1,38,7,1995,2,1,FORD TRANSIT CUSTOM,4,-1,0,-1
2020360966898,2020,360966898,1,19,0,18,19,-1,-1,0,0,0,0,0,0,0,-1,1,6,6,1,59,9,2198,2,5,FORD TRANSIT CUSTOM,8,E01026532,0,-1
2020420914757,2020,420914757,1,19,0,18,19,1,5,0,0,1,0,0,0,0,1,1,1,1,1,20,4,2198,2,4,FORD TRANSIT CUSTOM,2,E01015954,0,-1
2020552000730,2020,552000730,2,19,0,14,14,8,4,0,0,0,0,0,0,0,3,1,1,1,1,49,8,2198,2,4,FORD TRANSIT CUSTOM,8,E01015411,0,-1
2020137AG1184,2020,137AG1184,1,19,0,18,19,3,7,0,0,0,0,0,0,0,4,1,2,2,1,62,9,1995,2,1,FORD TRANSIT CUSTOM,3,E01006342,0,-1
2020010256642,2020,010256642,1,19,0,18,19,7,3,0,0,0,0,0,0,0,1,1,1,1,1,29,6,1995,2,0,FORD TRANSIT CUSTOM,5,E01004383,0,-1
2020201000001,2020,201000001,3,19,0,18,19,6,2,0,0,0,0,0,0,0,1,1,6,6,3,-1,-1,2198,2,4,FORD TRANSIT CUSTOM,-1,-1,0,-1
2020360961855,2020,360961855,1,19,0,18,19,8,4,0,0,0,0,0,0,0,-1,1,6,6,1,51,8,1995,2,0,FORD TRANSIT CUSTOM,4,E01026661,0,-1
2020501015261,2020,501015261,3,19,0,2,2,0,0,0,0,0,0,0,0,0,2,1,5,6,3,-1,-1,1995,2,1,FORD TRANSIT CUSTOM,-1,-1,0,-1
2020010248116,2020,010248116,1,10,0,1,1,3,7,0,0,0,0,0,0,0,2,1,1,1,1,47,8,2198,2,5,-1,-1,-1,0,-1
2020010243376,2020,010243376,3,19,0,8,8,3,5,0,0,1,0,0,0,0,1,1,1,1,1,47,8,1995,2,1,FORD TRANSIT CUSTOM,3,E01000245,0,-1
202063D020520,2020,63D020520,2,19,0,4,4,6,2,0,0,1,0,0,0,0,2,1,1,1,1,50,8,1995,2,3,FORD TRANSIT CUSTOM,10,E01028949,0,-1
2020010269557,2020,010269557,1,19,0,18,19,3,7,0,0,1,0,0,0,0,3,1,1,1,1,42,7,1995,2,2,FORD TRANSIT CUSTOM,1,E01022025,0,-1
2020221013769,2020,221013769,2,19,0,18,19,8,4,0,0,0,0,4,0,0,1,1,5,6,1,31,6,1995,2,1,FORD TRANSIT CUSTOM,10,E01009827,0,-1
2020010266701,2020,010266701,3,21,0,18,19,3,7,0,0,0,0,0,0,0,4,2,1,1,1,55,8,-1,-1,-1,-1,-1,-1,0,-1
2020010273357,2020,010273357,2,19,0,99,99,9,9,99,99,9,9,99,9,99,2,9,6,6,3,-1,-1,1995,2,3,FORD TRANSIT CUSTOM,4,E01002624,0,-1
2020010247574,2020,010247574,1,19,0,99,99,9,9,99,99,0,9,99,9,99,2,9,6,6,1,29,6,1995,2,1,FORD TRANSIT CUSTOM,3,E01000054,0,-1
2020552000934,2020,552000934,1,19,0,12,12,8,4,0,0,0,0,0,0,0,3,1,1,1,1,30,6,1995,2,2,FORD TRANSIT CUSTOM,9,E01033233,0,-1
2020350927534,2020,350927534,2,19,0,8,8,8,4,0,0,1,0,0,0,0,1,1,6,6,1,30,6,1995,2,4,FORD TRANSIT CUSTOM,4,E01012292,0,-1
2020122000190,2020,122000190,4,19,0,18,19,1,5,0,0,0,0,0,0,0,1,1,1,1,1,38,7,1995,2,1,FORD TRANSIT CUSTOM,10,E01013374,0,-1
2020421010989,2020,421010989,1,9,0,5,5,5,1,0,0,4,0,0,0,0,3,1,1,1,1,53,8,1995,2,1,-1,4,E01015835,0,-1
2020010266895,2020,010266895,2,19,0,99,99,9,9,99,99,9,9,99,9,99,9,9,6,6,3,-1,-1,1995,2,2,FORD TRANSIT CUSTOM,-1,-1,0,-1
2020010262031,2020,010262031,2,19,0,99,99,9,9,99,99,9,9,99,9,99,1,9,6,6,3,-1,-1,1995,2,1,FORD TRANSIT CUSTOM,-1,-1,0,-1
2020552000872,2020,552000872,2,3,0,18,19,6,2,0,0,8,0,0,0,0,1,1,6,6,1,24,5,124,1,18,HONDA CG125,5,E01015444,0,-1
2020470963929,2020,470963929,3,3,0,18,19,7,3,0,0,1,0,0,0,0,1,1,5,6,1,22,5,124,1,14,HONDA CG125,4,E01021057,0,-1
2020460965968,2020,460965968,1,3,0,7,7,5,8,0,0,3,0,10,0,0,4,1,5,6,2,26,6,124,1,16,HONDA CG125,6,E01002128,0,-1
2020010282441,2020,010282441,1,3,0,99,99,9,9,99,99,9,9,99,9,99,9,1,2,2,2,28,6,124,1,13,HONDA CG125,6,E01000778,0,-1
2020420994857,2020,420994857,2,4,0,18,19,5,1,0,0,1,0,0,0,0,0,1,5,6,1,26,6,124,1,13,-1,4,E01004376,0,-1
2020010251317,2020,010251317,1,3,0,18,19,7,3,0,0,8,0,0,0,0,1,1,6,6,1,30,6,124,1,18,HONDA CG125,4,E01001672,0,-1
2020451023009,2020,451023009,1,3,0,18,19,1,5,0,0,8,2,0,0,0,1,1,5,6,1,19,4,124,1,16,HONDA CG125,10,E01030514,0,-1
2020500978524,2020,500978524,1,3,0,16,19,5,7,0,0,0,0,0,1,11,1,1,5,6,1,56,9,124,1,16,HONDA CG125,2,E01019047,0,-1
2020460927862,2020,460927862,2,5,0,18,19,7,3,0,0,8,0,0,0,0,4,1,6,6,1,22,5,124,1,19,-1,9,E01024256,0,-1
2020420957197,2020,420957197,2,3,0,18,19,3,7,0,0,8,0,0,0,0,1,1,6,6,1,19,4,124,1,15,HONDA CG125,8,E01021708,0,-1
2020010268320,2020,010268320,1,3,0,18,19,5,1,0,0,8,0,0,7,10,2,1,1,1,1,78,11,124,1,18,HONDA CG125,2,E01003150,0,-1
2020440188073,2020,440188073,1,3,0,18,19,8,4,0,0,1,0,0,0,0,4,1,2,2,1,30,6,124,1,12,HONDA CG125,2,E01032878,0,-1
2020010280106,2020,010280106,1,3,9,99,99,9,9,99,99,9,9,99,9,99,9,1,6,6,1,39,7,124,1,12,HONDA CG125,7,E01003396,0,-1
2020470990892,2020,470990892,1,3,0,18,19,8,4,0,0,0,0,0,0,0,1,1,5,6,1,18,4,124,1,19,HONDA CG125,9,E01021167,0,-1
2020460944054,2020,460944054,1,3,0,18,19,8,4,0,0,8,0,0,0,0,1,1,6,6,1,20,4,124,1,12,HONDA CG125,8,E01032812,0,-1
2020501002502,2020,501002502,2,3,0,18,19,3,7,0,0,1,0,0,0,0,1,1,6,6,1,20,4,124,1,13,HONDA CG125,6,E01020202,0,-1
2020501009145,2020,501009145,3,3,0,18,19,7,3,0,0,0,0,0,0,0,0,1,2,2,1,38,7,124,1,15,HONDA CG125,3,E01015084,0,-1
2020100954607,2020,100954607,1,3,0,18,19,3,7,0,0,0,2,0,0,0,4,1,5,6,1,54,8,124,1,15,HONDA CG125,2,E01020626,0,-1
2020040918723,2020,040918723,1,3,0,17,19,3,7,0,0,0,2,0,0,0,3,1,4,7,2,17,4,124,1,16,HONDA CG125,2,E01006945,0,-1
2020010258233,2020,010258233,1,3,0,99,99,9,9,99,99,9,9,99,9,99,9,1,6,6,1,32,6,124,1,14,HONDA CG125,2,E01001977,0,-1
2020470933464,2020,470933464,2,3,0,18,19,5,2,0,0,0,0,0,0,0,0,1,6,6,1,20,4,124,1,13,HONDA CG125,7,E01021009,0,-1
2020470990892,2020,470990892,2,3,0,4,4,8,4,0,0,0,0,0,0,0,2,1,5,6,1,18,4,124,1,15,HONDA CG125,8,E01021073,0,-1
2020420948620,2020,420948620,1,3,0,18,19,1,5,0,0,0,0,0,8,0,3,1,5,6,2,41,7,124,1,12,HONDA CG125,8,E01021755,0,-1
2020137811032,2020,137811032,2,4,0,18,19,2,6,0,0,8,0,0,0,0,1,1,6,6,1,42,7,124,1,12,-1,7,E01011111,0,-1
2020122000578,2020,122000578,2,5,0,18,19,8,4,0,0,8,0,0,0,0,1,1,6,6,1,41,7,781,1,18,HONDA VFR800F,4,E01027803,0,-1
2020140981089,2020,140981089,2,5,0,18,19,5,1,0,0,1,0,0,7,0,4,1,5,6,1,68,10,781,1,22,HONDA VFR800F,5,E01011748,0,-1
2020990982395,2020,990982395,1,5,0,17,19,6,3,0,0,1,1,0,0,0,0,1,5,6,1,53,8,781,1,18,HONDA VFR800F,8,-1,0,-1
2020100961916,2020,100961916,2,5,0,18,19,3,7,0,0,1,1,0,0,0,1,1,5,6,1,33,6,781,1,19,HONDA VFR800F,1,E01008415,0,-1
20201378J0379,2020,1378J0379,2,4,0,18,19,2,8,0,0,8,0,0,0,0,1,1,6,6,1,34,6,781,1,22,-1,1,E01010868,0,-1
2020460959264,2020,460959264,2,5,0,3,3,3,7,0,0,4,0,0,0,0,2,1,6,6,1,54,8,782,1,17,HONDA VFR800F,3,E01024059,0,-1
2020430155990,2020,430155990,1,5,0,18,19,4,8,0,0,0,0,12,0,0,1,1,1,1,1,42,7,781,1,17,HONDA VFR800F,9,E01031935,0,-1
2020450979974,2020,450979974,1,5,0,18,19,3,7,0,0,0,0,0,0,0,3,1,5,6,1,46,8,781,1,19,HONDA VFR800F,6,E01030336,0,-1
2020430424791,2020,430424791,2,5,0,16,19,8,3,0,0,8,0,0,0,0,1,1,2,2,1,33,6,781,1,22,HONDA VFR800F,-1,-1,0,-1
2020440080180,2020,440080180,1,5,0,4,4,2,6,0,0,1,1,0,0,0,3,1,6,6,1,28,6,781,1,20,HONDA VFR800F,4,E01022523,0,-1
2020010268274,2020,010268274,1,5,0,17,19,7,3,0,0,0,0,0,0,0,3,1,6,6,1,33,6,781,1,22,HONDA VFR800F,2,E01002068,0,-1
2020161003608,2020,161003608,2,5,0,18,19,2,6,0,0,1,0,0,0,0,1,1,5,6,1,38,7,781,1,23,HONDA VFR800F,1,E01012780,0,-1
2020460976223,2020,460976223,2,5,0,18,19,7,3,0,0,1,2,0,0,0,1,1,6,6,1,33,6,781,1,21,HONDA VFR800F,-1,-1,0,-1
2020220964034,2020,220964034,1,5,0,18,19,6,2,0,0,1,1,0,0,0,2,1,5,6,1,25,5,781,1,20,HONDA VFR800F,2,E01032470,0,-1
2020500936100,2020,500936100,2,5,0,18,19,4,8,0,0,0,0,0,0,0,0,1,6,6,1,25,5,781,1,18,HONDA VFR800F,4,E01018895,0,-1
2020470980015,2020,470980015,1,5,0,18,19,1,5,0,0,0,0,0,0,0,1,1,5,6,1,58,9,781,1,22,HONDA VFR800F,9,E01031727,0,-1
2020990922656,2020,990922656,1,5,0,18,19,1,5,0,0,8,0,0,0,0,1,1,6,6,1,32,6,781,1,18,HONDA VFR800F,1,-1,0,-1
2020010235802,2020,010235802,1,5,0,4,4,5,1,0,0,1,2,0,0,0,0,1,6,6,1,51,8,781,1,19,HONDA VFR800F,3,E01002251,0,-1
2020460945515,2020,460945515,1,5,0,18,19,3,7,0,0,0,0,0,0,0,1,1,6,6,1,49,8,781,1,21,HONDA VFR800F,1,E01024660,0,-1
2020137841922,2020,137841922,2,5,0,18,19,2,6,0,0,8,5,0,0,0,3,1,6,6,1,74,10,499,1,32,-1,6,E01010592,0,-1
2020470924902,2020,470924902,2,5,0,18,19,6,8,0,0,8,0,0,0,0,3,1,2,2,1,34,6,599,1,9,-1,8,E01031505,0,-1
2020450930080,2020,450930080,1,5,0,18,19,3,7,0,0,0,2,0,0,0,1,1,6,6,1,59,9,599,1,8,-1,10,E01017754,0,-1
2020420997260,2020,420997260,1,5,0,16,19,1,4,0,0,0,1,0,7,9,1,1,5,6,1,49,8,599,1,9,-1,8,E01021424,0,-1
2020410969470,2020,410969470,1,5,0,16,19,1,5,0,0,0,0,10,5,6,3,1,2,2,1,31,6,599,1,9,-1,6,E01002138,0,-1
2020010231006,2020,010231006,1,5,0,17,19,7,3,99,99,3,9,99,9,99,2,-1,2,2,1,44,7,599,1,8,-1,2,E01000017,0,-1
2020010255920,2020,010255920,1,5,0,18,19,5,1,0,0,1,0,0,0,0,1,1,6,6,1,40,7,599,1,9,-1,3,E01004333,0,-1
2020010267191,2020,010267191,1,4,0,18,19,5,1,9,9,2,1,0,0,0,1,1,6,6,1,25,5,279,1,2,-1,2,E01001777,0,-1
2020010244504,2020,010244504,2,3,0,17,19,3,7,0,0,2,1,10,0,0,1,1,6,6,1,21,5,279,1,2,-1,4,E01001879,0,-1
202063C069920,2020,63C069920,1,4,0,17,19,7,4,0,0,0,0,0,0,0,0,1,6,6,1,71,10,296,1,4,-1,3,W01000767,0,-1
2020420946963,2020,420946963,2,4,0,7,7,5,8,0,0,3,1,0,0,0,3,1,5,6,1,30,6,296,1,5,-1,3,E01021490,0,-1
2020360940227,2020,360940227,2,3,0,18,19,1,7,0,0,1,0,0,0,0,2,1,5,6,1,17,4,124,1,3,-1,1,E01026624,0,-1
2020500958362,2020,500958362,2,3,0,18,19,3,7,0,0,1,0,0,0,0,1,1,5,6,1,23,5,124,1,2,-1,4,E01020087,0,-1
2020221005326,2020,221005326,1,3,0,4,4,3,7,0,0,1,1,0,0,0,3,1,2,2,1,39,7,124,1,2,-1,5,E01014013,0,-1
2020211030940,2020,211030940,2,3,-1,-1,-1,-1,-1,-1,-1,-1,-1,-1,-1,0,-1,1,6,6,1,24,5,124,1,3,-1,3,E01029387,0,-1
2020052002078,2020,052002078,1,4,0,7,7,3,7,0,0,1,1,0,0,0,4,1,2,2,2,22,5,124,1,2,-1,8,E01007075,0,-1
2020450971823,2020,450971823,1,3,0,18,19,5,1,0,0,0,0,0,0,0,2,1,1,1,1,40,7,125,1,5,-1,7,E01002939,0,-1
2020100989124,2020,100989124,2,3,0,18,19,5,1,0,0,8,0,0,1,0,0,1,6,6,1,27,6,125,1,4,-1,7,E01027496,0,-1
2020350980708,2020,350980708,2,3,0,18,19,8,6,0,0,8,1,0,1,0,3,1,6,6,1,19,4,125,1,4,-1,2,E01015680,0,-1
2020302000150,2020,302000150,1,3,0,16,19,1,5,0,0,0,1,0,0,0,1,1,6,6,1,37,7,125,1,4,-1,1,E01019527,0,-1
2020522004599,2020,522004599,1,3,0,18,19,8,4,0,0,8,0,0,0,0,1,1,6,6,1,28,6,125,1,4,-1,1,E01014727,0,-1
2020010267664,2020,010267664,2,9,0,99,99,9,9,99,99,3,9,99,9,99,4,9,6,6,1,53,8,4969,8,13,-1,1,E01001732,0,-1
2020010231355,2020,010231355,1,9,0,18,19,5,1,0,0,0,0,0,0,0,1,1,6,6,1,55,8,4969,8,8,-1,1,E01001798,0,-1
2020010258389,2020,010258389,1,9,0,99,99,9,9,99,99,8,9,99,9,99,4,9,6,6,1,46,8,4969,8,12,-1,3,E01003716,0,-1
2020470923408,2020,470923408,1,9,0,18,19,1,5,0,0,0,0,0,0,0,1,1,5,6,1,28,6,1300,1,21,-1,5,E01031376,0,-1
2020010231205,2020,010231205,2,9,0,99,99,9,9,99,99,0,9,99,9,99,2,9,6,6,3,30,6,1598,1,12,RENAULT MODUS,9,E01001224,0,-1
2020320542731,2020,320542731,1,9,0,18,19,7,3,0,0,3,0,0,0,0,2,1,6,6,1,29,6,1461,2,15,RENAULT MODUS,3,E01026174,0,-1
2020200993614,2020,200993614,1,9,0,3,3,-1,-1,0,0,0,0,0,0,0,2,1,6,6,2,48,8,1390,1,16,RENAULT MODUS,-1,-1,0,-1
2020320675059,2020,320675059,1,9,0,18,19,6,2,0,0,0,0,0,8,4,1,1,6,6,2,67,10,1461,2,10,RENAULT MODUS,2,E01026103,0,-1
2020552001194,2020,552001194,2,9,0,18,19,3,7,0,0,7,1,0,7,0,4,1,2,2,2,23,5,1461,2,12,RENAULT MODUS,2,E01032659,0,-1
20201374L0831,2020,1374L0831,2,8,0,18,19,3,7,0,0,0,0,0,0,0,2,1,6,6,2,39,7,1461,2,11,-1,6,E01011861,0,-1
202006P271577,2020,06P271577,2,9,0,1,1,7,3,0,0,1,0,0,0,0,2,1,6,6,3,-1,-1,1149,1,13,RENAULT MODUS,-1,-1,0,-1
2020440086740,2020,440086740,1,9,0,9,9,8,4,0,0,2,0,0,0,0,3,1,6,6,1,89,11,1598,1,12,RENAULT MODUS,7,E01023198,0,-1
2020541437820,2020,541437820,1,9,0,18,19,1,5,0,0,0,5,0,1,11,4,1,6,6,1,80,11,1598,1,12,RENAULT MODUS,2,E01031981,0,-1
2020052001620,2020,052001620,1,9,0,18,19,5,1,0,0,1,0,0,0,0,1,1,6,6,1,44,7,1461,2,10,RENAULT MODUS,1,E01006643,0,-1
2020052001724,2020,052001724,2,9,0,18,19,8,4,0,0,8,0,0,0,0,1,1,6,6,1,54,8,1461,2,14,RENAULT MODUS,1,E01005164,0,-1
202006P171716,2020,06P171716,1,9,0,7,7,1,4,0,0,6,0,0,0,0,1,1,6,6,2,30,6,1149,1,15,RENAULT MODUS,-1,-1,0,-1
2020440465359,2020,440465359,1,9,0,9,9,7,5,0,0,5,1,0,0,0,4,1,6,6,1,77,11,1461,2,12,RENAULT MODUS,6,E01033239,0,-1
2020410981479,2020,410981479,1,9,0,18,19,4,8,0,0,0,0,4,0,0,4,1,6,6,1,80,11,1461,2,15,RENAULT MODUS,5,E01023780,0,-1
20201376U1568,2020,1376U1568,1,9,0,6,6,5,5,0,0,8,0,0,0,0,3,1,6,6,1,57,9,1461,2,12,RENAULT MODUS,7,E01010684,0,-1
2020220998674,2020,220998674,2,9,0,16,19,4,7,0,0,0,1,0,0,0,3,1,5,6,1,56,9,1149,1,11,RENAULT MODUS,6,E01028885,0,-1
2020522001128,2020,522001128,2,9,0,18,19,3,7,0,0,0,0,0,0,0,1,1,6,6,1,28,6,1461,2,14,RENAULT MODUS,10,E01014759,0,-1
2020440051563,2020,440051563,2,9,0,17,19,6,2,0,0,8,0,0,0,0,3,1,6,6,1,79,11,1598,1,12,RENAULT MODUS,10,E01022793,0,-1
202031D125620,2020,31D125620,1,9,0,18,19,8,4,0,0,0,1,0,7,11,3,1,1,1,2,20,4,1390,1,14,RENAULT MODUS,10,E01028368,0,-1
2020160972832,2020,160972832,1,9,0,17,19,3,7,0,0,8,0,0,1,11,1,1,5,6,1,44,7,1461,2,13,RENAULT MODUS,1,E01012908,0,-1
2020040954123,2020,040954123,1,9,0,4,4,5,1,0,0,1,0,0,0,0,1,1,6,6,3,-1,-1,1461,2,14,RENAULT MODUS,-1,-1,0,-1
2020030932453,2020,030932453,2,9,0,18,19,1,5,0,0,1,0,0,0,0,1,1,6,6,1,23,5,1461,2,12,RENAULT MODUS,6,E01019088,0,-1
2020500963966,2020,500963966,1,9,0,18,19,3,7,0,0,1,1,0,0,0,2,1,2,2,1,30,6,1461,2,13,RENAULT MODUS,9,E01015141,0,-1
2020160934421,2020,160934421,1,9,0,18,19,1,5,0,0,0,5,0,1,10,1,1,1,1,1,26,6,1598,1,11,RENAULT MODUS,5,E01028012,0,-1
2020610007120,2020,610007120,1,9,0,18,19,7,3,0,0,0,5,0,0,10,4,1,6,6,1,-1,-1,1149,1,11,RENAULT MODUS,2,W01001614,0,-1
2020010279227,2020,010279227,2,9,0,99,99,9,9,99,99,9,9,99,9,99,1,9,6,6,1,26,6,1598,1,13,RENAULT MODUS,3,E01003788,0,-1
2020370927976,2020,370927976,1,9,0,18,19,1,5,0,0,0,0,0,0,0,4,1,2,2,1,46,8,1461,2,10,RENAULT MODUS,2,E01030036,0,-1
2020370949781,2020,370949781,1,9,0,18,19,4,7,0,0,0,0,0,0,0,1,1,5,6,2,73,10,1149,1,13,RENAULT MODUS,10,E01029895,0,-1
2020302000270,2020,302000270,2,9,0,17,19,4,3,0,0,8,0,0,0,0,0,1,6,6,2,51,8,1461,2,10,RENAULT MODUS,3,E01019536,0,-1
2020990976734,2020,990976734,2,9,0,18,19,8,4,0,0,1,0,0,0,0,1,1,6,6,1,57,9,1149,1,14,RENAULT MODUS,6,-1,0,-1
2020400995912,2020,400995912,2,9,0,18,19,7,3,0,0,4,0,0,0,0,1,1,5,6,1,36,7,1461,2,14,RENAULT MODUS,2,E01015720,0,-1
2020010251132,2020,010251132,1,9,0,99,99,9,9,99,99,9,9,99,9,99,2,9,2,2,2,25,5,1390,1,14,RENAULT MODUS,10,E01016583,0,-1
2020010285780,2020,010285780,2,9,9,99,99,9,9,99,99,9,9,99,9,99,9,9,6,6,3,-1,-1,1598,1,9,RENAULT MODUS,-1,-1,0,-1
2020040970479,2020,040970479,1,9,0,8,8,5,7,0,0,0,0,0,0,0,2,1,2,2,1,53,8,1390,1,14,RENAULT MODUS,5,E01006265,0,-1
202006L174485,2020,06L174485,2,9,0,18,19,6,2,0,0,1,0,0,1,10,1,1,6,6,1,42,7,1598,1,15,RENAULT MODUS,2,E01005008,0,-1
2020122000577,2020,122000577,1,9,0,2,2,0,0,0,0,1,0,0,0,0,3,1,6,6,2,43,7,1461,2,9,RENAULT MODUS,3,E01013399,0,-1
2020200930329,2020,200930329,2,9,0,3,3,6,4,0,0,0,0,0,0,0,1,1,2,2,2,59,9,1390,1,15,RENAULT MODUS,1,E01009351,0,-1
2020622000749,2020,622000749,1,9,0,7,7,6,8,0,0,5,0,0,0,0,1,1,6,6,3,-1,-1,1598,1,14,RENAULT MODUS,-1,-1,0,-1
2020010253454,2020,010253454,1,9,0,6,6,5,5,0,0,8,0,0,0,0,1,1,6,6,1,31,6,1149,1,10,RENAULT MODUS,5,E01002443,0,-1
2020990926184,2020,990926184,1,9,0,6,6,4,4,0,0,2,0,0,0,0,3,1,6,6,2,34,6,1390,1,15,RENAULT MODUS,2,-1,0,-1
2020430028166,2020,430028166,2,9,0,18,19,8,4,0,0,0,0,2,2,7,4,1,6,6,1,42,7,1598,1,9,RENAULT MODUS,2,E01001339,0,-1
2020010276106,2020,010276106,1,9,5,7,7,5,8,0,0,6,0,0,0,0,1,1,6,6,2,42,7,1598,1,9,RENAULT MODUS,3,E01002370,0,-1
2020111010252,2020,111010252,1,9,0,17,19,8,4,0,0,0,1,0,1,0,3,1,2,2,1,58,9,1149,1,8,RENAULT MODUS,-1,-1,0,-1
2020052000596,2020,052000596,2,9,0,18,19,5,1,0,0,1,0,0,0,0,3,1,6,6,1,36,7,1461,2,16,RENAULT MODUS,1,E01006816,0,-1
2020420921687,2020,420921687,2,9,0,18,19,2,6,0,0,2,0,0,0,0,4,1,5,6,2,75,10,1461,2,9,RENAULT MODUS,8,E01021719,0,-1
2020010255110,2020,010255110,2,9,0,2,2,0,0,0,0,0,0,0,0,0,0,9,6,6,3,-1,-1,1598,1,12,RENAULT MODUS,-1,-1,0,-1
2020610006420,2020,610006420,2,9,0,4,4,8,4,0,0,1,0,0,0,0,2,1,6,6,2,51,8,1598,1,15,RENAULT MODUS,9,W01001351,0,-1
2020030976331,2020,030976331,1,9,0,7,7,5,4,0,0,0,0,0,0,0,3,1,6,6,2,32,6,1598,1,12,RENAULT MODUS,5,E01019363,0,-1
2020320685574,2020,320685574,1,9,0,18,19,7,3,0,0,0,1,0,7,9,1,1,2,2,1,61,9,1461,2,10,RENAULT MODUS,-1,-1,0,-1
2020010285520,2020,010285520,1,9,0,99,99,9,9,0,0,4,0,0,0,0,9,1,6,6,1,43,7,1390,1,14,RENAULT MODUS,7,E01030707,0,-1
2020440242635,2020,440242635,2,9,0,11,11,5,1,0,0,8,0,0,0,0,4,1,6,6,3,-1,-1,1461,2,10,RENAULT MODUS,-1,-1,0,-1
2020031007064,2020,031007064,2,9,0,3,3,8,4,0,0,1,0,0,0,0,2,1,1,1,1,48,8,1461,2,14,RENAULT MODUS,1,E01019280,0,-1
2020040978440,2020,040978440,2,9,0,18,19,1,5,0,0,8,0,0,1,11,1,1,5,6,2,38,7,1149,1,16,RENAULT MODUS,1,E01024987,0,-1
2020430349928,2020,430349928,2,9,0,18,19,8,4,0,0,0,0,0,0,0,1,1,6,6,2,25,5,1390,1,16,RENAULT MODUS,8,E01018515,0,-1
202063C052020,2020,63C052020,2,9,0,17,19,6,3,0,0,1,0,0,0,0,3,1,6,6,1,34,6,1390,1,14,RENAULT MODUS,9,E01017681,0,-1
2020360979932,2020,360979932,1,9,0,2,2,0,0,0,0,0,0,0,0,0,2,1,5,6,1,50,8,1461,2,15,RENAULT MODUS,1,E01026687,0,-1
2020360968065,2020,360968065,2,9,0,3,3,6,2,0,0,0,0,0,1,0,2,1,5,6,1,61,9,6745,1,-1,-1,9,E01026503,0,-1
2020010268534,2020,010268534,1,9,0,9,9,1,6,0,0,1,0,0,0,0,1,1,2,2,1,44,7,6750,1,39,-1,6,E01001870,0,-1
2020010236079,2020,010236079,4,9,0,18,19,3,7,0,0,0,0,0,1,2,2,1,6,6,1,69,10,-1,3,12,-1,7,E01003419,0,-1
2020010279778,2020,010279778,2,4,0,14,14,7,3,0,0,1,5,0,0,0,1,1,6,6,1,45,7,400,1,12,SUZUKI AN 400,9,E01004094,0,-1
2020500972050,2020,500972050,1,4,0,16,19,3,7,0,0,0,2,0,0,0,1,1,6,6,1,36,7,400,1,12,SUZUKI AN 400,1,E01007509,0,-1
2020010273654,2020,010273654,2,4,0,13,13,2,6,0,0,1,0,0,0,0,4,1,2,2,1,59,9,400,1,4,SUZUKI AN 400,4,E01003770,0,-1
2020010268598,2020,010268598,1,4,0,99,99,9,9,99,99,9,9,99,9,99,1,1,2,2,1,33,6,400,1,10,SUZUKI AN 400,10,E01002208,0,-1
2020522100623,2020,522100623,2,4,0,18,19,4,8,0,0,1,0,0,0,0,4,1,6,6,1,47,8,385,1,16,SUZUKI AN 400,7,W01000578,0,-1