collision_index,collision_year,collision_ref_no,vehicle_reference,vehicle_type,towing_and_articulation,vehicle_manoeuvre_historic,vehicle_manoeuvre,vehicle_direction_from,vehicle_direction_to,vehicle_location_restricted_lane_historic,vehicle_location_restricted_lane,junction_location,skidding_and_overturning,hit_object_in_carriageway,vehicle_leaving_carriageway,hit_object_off_carriageway,first_point_of_impact,vehicle_left_hand_drive,journey_purpose_of_driver_historic,journey_purpose_of_driver,sex_of_driver,age_of_driver,age_band_of_driver,engine_capacity_cc,propulsion_code,age_of_vehicle,generic_make_model,driver_imd_decile,lsoa_of_driver,escooter_flag,driver_distance_banding
2020410990304,2020,410990304,1,4,0,3,3,1,5,0,0,1,0,0,0,0,1,1,2,2,1,63,9,385,1,19,SUZUKI AN 400,7,E01023334,0,-1
2020500946283,2020,500946283,1,4,0,16,19,5,1,0,0,0,0,0,2,0,0,1,1,1,1,27,6,385,1,16,SUZUKI AN 400,7,E01018934,0,-1
202031D069220,2020,31D069220,2,4,0,3,3,2,6,0,0,2,0,0,0,0,2,1,2,2,1,35,6,400,1,3,SUZUKI AN 400,2,E01028300,0,-1
2020010270037,2020,010270037,1,4,0,18,19,4,8,0,0,1,0,0,0,0,1,1,2,2,1,40,7,400,1,3,SUZUKI AN 400,2,E01000730,0,-1
2020010266123,2020,010266123,1,4,0,4,4,7,3,0,0,1,1,0,0,0,0,1,6,6,1,32,6,400,1,12,SUZUKI AN 400,8,E01002159,0,-1
2020530914687,2020,530914687,1,5,0,18,19,7,3,0,0,0,0,0,1,0,1,1,5,6,1,22,5,600,1,16,-1,1,E01022333,0,-1
2020990972360,2020,990972360,1,5,0,16,19,3,7,0,0,0,1,0,2,0,4,1,5,6,1,38,7,600,1,16,-1,7,-1,0,-1
2020040955789,2020,040955789,2,5,0,18,19,3,7,0,0,1,0,0,0,0,1,1,2,2,1,41,7,600,1,18,-1,5,E01025128,0,-1
2020991001770,2020,991001770,1,5,0,7,7,3,6,0,0,8,1,0,0,0,4,1,6,6,1,28,6,600,1,22,-1,4,-1,0,-1
2020211029848,2020,211029848,1,5,0,18,19,3,7,0,0,1,0,0,0,0,1,1,6,6,1,41,7,600,1,18,-1,2,E01029727,0,-1
2020010265370,2020,010265370,2,3,0,18,19,4,8,0,0,1,1,0,0,0,2,1,6,6,1,43,7,600,1,20,-1,7,E01003395,0,-1
2020430400266,2020,430400266,1,5,0,16,19,5,1,0,0,0,0,0,7,0,4,1,6,6,1,27,6,599,1,13,SUZUKI GSXR 600,10,E01028791,0,-1
2020500949249,2020,500949249,1,5,0,13,13,1,5,0,0,0,2,0,0,0,1,1,6,6,1,31,6,600,1,22,SUZUKI GSXR 600,6,E01019971,0,-1
2020990955782,2020,990955782,2,5,0,17,19,2,7,0,0,0,5,0,1,0,3,1,5,6,1,43,7,599,1,15,SUZUKI GSXR 600,6,-1,0,-1
2020370963890,2020,370963890,1,5,0,13,13,5,1,0,0,0,0,0,4,0,4,1,5,6,1,33,6,599,1,12,SUZUKI GSXR 600,1,E01029982,0,-1
2020520003031,2020,520003031,2,3,0,18,19,6,2,0,0,0,0,0,0,0,1,1,6,6,1,22,5,600,1,22,-1,-1,-1,0,-1
2020400973732,2020,400973732,2,5,0,3,3,3,7,0,0,2,0,0,7,0,4,1,5,6,1,31,6,599,1,16,SUZUKI GSXR 600,1,E01015771,0,-1
2020010229986,2020,010229986,1,5,0,18,19,3,7,0,0,7,2,0,0,0,4,1,6,6,1,37,7,599,1,11,SUZUKI GSXR 600,5,E01017899,0,-1
2020990947899,2020,990947899,1,5,0,16,19,3,6,0,0,0,0,0,1,11,1,1,5,6,1,32,6,599,1,16,SUZUKI GSXR 600,4,-1,0,-1
2020500974935,2020,500974935,2,5,0,18,19,3,7,0,0,8,0,0,0,0,1,1,6,6,2,35,6,599,1,18,SUZUKI GSXR 600,4,E01018895,0,-1
2020430173315,2020,430173315,1,5,0,13,13,2,6,0,0,0,0,0,0,0,1,1,6,6,1,23,5,599,1,16,SUZUKI GSXR 600,7,E01028640,0,-1
2020010265056,2020,010265056,1,5,0,14,14,3,7,0,0,1,1,0,0,0,1,1,6,6,1,27,6,599,1,3,SUZUKI GSXR 600,-1,-1,0,-1
2020052001748,2020,052001748,1,5,0,18,19,7,3,0,0,0,0,0,0,0,1,1,6,6,1,37,7,599,1,17,SUZUKI GSXR 600,1,E01006816,0,-1
2020990945545,2020,990945545,1,5,0,18,19,3,8,0,0,0,2,0,0,0,1,1,5,6,1,30,6,599,1,18,SUZUKI GSXR 600,7,-1,0,-1
2020622000957,2020,622000957,2,5,0,18,19,2,6,0,0,1,0,0,0,0,1,1,6,6,1,22,5,599,1,14,SUZUKI GSXR 600,1,W01000886,0,-1
2020460983500,2020,460983500,1,5,0,18,19,4,8,0,0,0,0,0,0,0,1,1,5,6,1,32,6,599,1,16,SUZUKI GSXR 600,6,E01023784,0,-1
2020360978556,2020,360978556,1,5,0,18,19,-1,-1,0,0,0,0,0,0,0,1,1,5,6,2,47,8,599,1,12,SUZUKI GSXR 600,2,E01021872,0,-1
2020460988100,2020,460988100,1,5,0,11,11,7,3,0,0,8,0,0,0,0,4,1,5,6,1,35,6,599,1,13,SUZUKI GSXR 600,1,E01024580,0,-1
2020990956829,2020,990956829,2,5,0,4,4,3,7,0,0,1,0,0,0,0,2,1,6,6,1,57,9,599,1,17,SUZUKI GSXR 600,5,-1,0,-1
2020302000827,2020,302000827,2,5,0,16,19,7,3,0,0,0,1,0,0,0,0,1,6,6,1,30,6,599,1,16,SUZUKI GSXR 600,5,E01019439,0,-1
2020990933448,2020,990933448,2,5,0,13,13,4,8,0,0,0,5,0,0,0,1,1,2,2,1,28,6,599,1,15,SUZUKI GSXR 600,5,-1,0,-1
2020052001187,2020,052001187,1,5,0,18,19,5,1,0,0,1,1,0,0,0,1,1,2,2,1,32,6,600,1,22,SUZUKI GSXR 600,1,E01006442,0,-1
2020010241722,2020,010241722,2,4,0,18,19,5,1,0,0,0,0,0,0,0,2,1,2,2,1,33,6,599,1,5,-1,-1,-1,0,-1
2020440058548,2020,440058548,1,4,0,18,19,6,2,0,0,0,0,0,0,0,0,1,6,6,1,50,8,599,1,14,-1,9,E01030904,0,-1
2020622000918,2020,622000918,1,5,0,16,19,2,4,0,0,0,0,0,0,0,1,1,6,6,1,36,7,599,1,18,SUZUKI GSXR 600,7,W01001754,0,-1
2020500957829,2020,500957829,1,5,0,16,19,1,5,0,0,0,1,0,0,0,1,1,5,6,1,38,7,599,1,16,SUZUKI GSXR 600,6,E01015252,0,-1
2020420971090,2020,420971090,1,5,0,18,19,3,7,0,0,0,0,0,0,0,1,1,5,6,1,26,6,599,1,16,SUZUKI GSXR 600,-1,-1,0,-1
2020400951925,2020,400951925,1,5,0,5,5,5,3,0,0,8,1,0,0,0,3,1,5,6,1,36,7,599,1,17,SUZUKI GSXR 600,7,E01017575,0,-1
2020350958120,2020,350958120,1,5,0,15,15,1,7,0,0,1,0,0,0,0,1,1,6,6,1,32,6,600,1,20,SUZUKI GSXR 600,6,E01018088,0,-1
2020110956724,2020,110956724,1,5,0,18,19,5,1,0,0,0,0,0,0,0,1,1,6,6,1,40,7,599,1,15,SUZUKI GSXR 600,4,E01020730,0,-1
2020220966196,2020,220966196,1,5,0,17,19,1,6,0,0,0,1,0,1,11,1,1,5,6,1,30,6,599,1,7,SUZUKI GSXR 600,5,E01018340,0,-1
2020010236401,2020,010236401,1,5,0,18,19,7,3,0,0,8,0,0,0,0,1,1,2,2,1,26,6,599,1,19,SUZUKI GSXR 600,7,E01003408,0,-1
2020622000389,2020,622000389,1,3,0,18,19,2,6,0,0,4,0,9,3,1,4,1,6,6,1,29,6,600,1,21,-1,5,W01000871,0,-1
2020070559539,2020,070559539,3,5,0,18,19,1,5,0,0,4,0,9,3,0,1,1,6,6,1,31,6,599,1,13,SUZUKI GSXR 600,4,E01010669,0,-1
2020070008604,2020,070008604,1,5,0,16,19,7,3,0,0,0,1,0,4,6,0,1,6,6,2,40,7,599,1,4,SUZUKI GSXR 600,7,E01018556,0,-1
2020010256102,2020,010256102,2,5,0,13,13,3,7,0,0,2,0,0,0,0,4,1,6,6,1,44,7,599,1,7,SUZUKI GSXR 600,1,E01004272,0,-1
2020460965161,2020,460965161,1,5,0,18,19,8,3,0,0,0,1,12,0,0,1,1,5,6,1,31,6,599,1,11,SUZUKI GSXR 600,5,E01024774,0,-1
2020320569450,2020,320569450,1,5,0,18,19,1,5,0,0,0,1,0,1,11,1,1,6,6,1,33,6,599,1,19,SUZUKI GSXR 600,6,E01026088,0,-1
2020430102490,2020,430102490,2,5,0,18,19,6,2,0,0,8,0,0,0,0,4,1,6,6,1,32,6,599,1,12,SUZUKI GSXR 600,8,E01030784,0,-1
2020552001058,2020,552001058,1,3,0,5,5,6,2,0,0,1,0,0,0,0,0,1,2,2,1,25,5,599,1,19,-1,5,E01015346,0,-1
2020210973090,2020,210973090,1,3,0,18,19,4,8,0,0,0,0,0,0,0,1,1,6,6,1,34,6,599,1,19,-1,7,E01029721,0,-1
2020010281982,2020,010281982,2,4,0,4,4,1,5,0,0,8,0,0,0,0,0,1,1,1,1,44,7,599,1,13,-1,4,E01023547,0,-1
2020041005989,2020,041005989,2,5,0,18,19,3,7,0,0,1,0,0,0,0,1,1,5,6,1,39,7,599,1,18,SUZUKI GSXR 600,4,E01025374,0,-1
2020010259147,2020,010259147,2,5,0,5,5,3,7,0,0,2,0,0,0,0,1,1,6,6,1,47,8,599,1,16,SUZUKI GSXR 600,7,E01004138,0,-1
202063A072120,2020,63A072120,1,5,0,18,19,6,2,0,0,0,0,0,1,9,4,1,6,6,1,19,4,599,1,22,SUZUKI GSXR 600,9,E01032413,0,-1
2020220973067,2020,220973067,2,5,0,13,13,5,1,0,0,8,0,10,7,0,1,1,2,2,1,30,6,599,1,19,SUZUKI GSXR 600,2,E01032474,0,-1
2020410945569,2020,410945569,1,5,0,15,15,4,8,0,0,1,1,0,0,0,4,1,5,6,1,44,7,599,1,17,SUZUKI GSXR 600,-1,-1,0,-1
2020010260063,2020,010260063,2,5,0,10,10,6,3,0,0,5,0,0,0,0,1,1,6,6,1,27,6,599,1,14,SUZUKI GSXR 600,4,E01003529,0,-1
2020420946393,2020,420946393,2,5,0,18,19,2,6,0,0,1,2,4,0,0,1,1,6,6,1,25,5,599,1,16,SUZUKI GSXR 600,9,E01021512,0,-1
2020030952271,2020,030952271,1,5,0,16,19,7,3,0,0,0,2,0,7,0,1,1,6,6,1,20,4,599,1,18,SUZUKI GSXR 600,6,E01019319,0,-1
2020460937200,2020,460937200,2,5,0,18,19,1,5,0,0,0,1,11,7,0,1,1,6,6,1,23,5,599,1,17,SUZUKI GSXR 600,2,E01016018,0,-1
2020010246930,2020,010246930,1,5,0,18,19,5,1,0,0,2,1,0,0,0,1,1,6,6,1,33,6,599,1,12,SUZUKI GSXR 600,2,E01000856,0,-1
2020200969889,2020,200969889,2,5,0,5,5,1,5,0,0,1,0,0,0,0,1,1,6,6,1,29,6,599,1,10,SUZUKI GSXR 600,4,E01008961,0,-1
2020500950446,2020,500950446,2,5,0,18,19,7,3,0,0,0,5,0,1,0,1,1,2,2,1,22,5,599,1,12,SUZUKI GSXR 600,3,E01019985,0,-1
2020410960926,2020,410960926,1,5,0,18,19,1,5,9,9,0,0,0,1,11,4,1,2,2,1,35,6,599,1,17,SUZUKI GSXR 600,3,E01000127,0,-1
2020450960705,2020,450960705,1,5,0,9,9,1,5,0,0,2,5,0,0,0,4,1,5,6,1,41,7,599,1,11,SUZUKI GSXR 600,8,E01030630,0,-1
2020990963826,2020,990963826,1,5,0,4,4,1,5,0,0,0,0,0,0,0,1,1,5,6,1,51,8,599,1,14,SUZUKI GSXR 600,7,-1,0,-1
2020170S21840,2020,170S21840,2,5,0,18,19,7,3,0,0,8,0,0,0,0,1,1,6,6,1,32,6,599,1,14,SUZUKI GSXR 600,3,E01012214,0,-1
2020460942591,2020,460942591,2,5,0,10,10,7,3,0,0,0,0,0,0,0,4,1,5,6,1,35,6,599,1,14,SUZUKI GSXR 600,5,E01024181,0,-1
2020420970466,2020,420970466,1,5,0,18,19,1,5,0,0,8,5,0,0,0,4,1,5,6,1,21,5,599,1,15,SUZUKI GSXR 600,3,E01021834,0,-1
2020160947345,2020,160947345,1,5,0,18,19,5,1,0,0,0,0,0,0,0,1,1,6,6,1,-1,-1,599,1,17,SUZUKI GSXR 600,-1,-1,0,-1
2020010266958,2020,010266958,1,5,0,18,19,1,5,2,2,2,0,0,0,0,1,1,2,2,1,34,6,599,1,19,SUZUKI GSXR 600,1,E01003291,0,-1
2020070222017,2020,070222017,1,5,0,18,19,6,2,0,0,8,2,0,0,0,1,1,6,6,1,39,7,599,1,16,SUZUKI GSXR 600,9,E01018544,0,-1
2020530947453,2020,530947453,1,5,0,18,19,5,1,0,0,0,1,0,0,0,4,1,5,6,1,25,5,599,1,15,SUZUKI GSXR 600,1,E01022329,0,-1
2020010244484,2020,010244484,1,5,0,18,19,3,7,0,0,0,5,0,0,0,1,1,2,2,1,30,6,599,1,14,SUZUKI GSXR 600,4,E01000722,0,-1
2020170S31310,2020,170S31310,1,11,0,18,19,4,8,0,0,0,0,0,0,0,1,1,1,1,1,33,6,9200,2,11,-1,5,E01012097,0,-1
2020010272103,2020,010272103,2,9,0,99,99,9,9,99,99,9,9,99,9,99,9,9,6,6,3,-1,-1,2400,8,13,TOYOTA MODEL MISSING,-1,-1,0,-1
2020010239661,2020,010239661,1,8,0,99,99,9,9,99,99,9,9,99,9,99,2,9,6,6,1,55,8,1797,8,6,TOYOTA MODEL MISSING,3,E01003575,0,-1
2020010271838,2020,010271838,2,8,0,18,19,7,3,0,0,1,0,0,0,0,1,1,1,1,2,38,7,1797,8,7,TOYOTA MODEL MISSING,-1,-1,0,-1
2020010274559,2020,010274559,2,8,0,16,19,5,1,0,0,5,0,0,3,0,2,1,1,1,1,29,6,1797,8,6,TOYOTA MODEL MISSING,4,E01004611,0,-1
2020010236591,2020,010236591,1,8,0,5,5,0,7,0,0,0,0,0,0,0,1,1,6,6,1,45,7,1797,8,4,TOYOTA MODEL MISSING,3,E01002407,0,-1
2020010268864,2020,010268864,2,8,0,3,3,3,7,0,0,1,0,0,0,0,4,1,6,6,1,40,7,1797,8,6,TOYOTA MODEL MISSING,6,E01028559,0,-1
2020010281316,2020,010281316,2,9,0,99,99,9,9,99,99,9,9,99,9,99,9,9,6,6,3,54,8,1797,8,6,TOYOTA MODEL MISSING,6,E01002544,0,-1
2020010254456,2020,010254456,2,8,0,99,99,9,9,99,99,9,9,99,9,99,0,9,6,6,3,55,8,2362,8,9,TOYOTA MODEL MISSING,6,E01004618,0,-1
2020010274618,2020,010274618,5,9,0,2,2,0,0,0,0,2,0,0,0,0,2,1,6,6,3,-1,-1,2360,1,14,TOYOTA MODEL MISSING,-1,-1,0,-1
2020010259093,2020,010259093,2,9,0,99,99,9,9,0,0,8,0,0,0,0,2,1,6,6,1,48,8,2362,1,13,TOYOTA MODEL MISSING,-1,-1,0,-1
2020350944841,2020,350944841,2,9,0,4,4,5,1,0,0,0,0,0,0,0,0,1,6,6,2,38,7,2362,1,12,TOYOTA MODEL MISSING,7,E01018279,0,-1
2020010234245,2020,010234245,1,8,9,99,99,9,9,0,0,6,9,99,9,99,2,9,6,6,3,-1,-1,1797,8,6,TOYOTA MODEL MISSING,2,E01000050,0,-1
2020010248552,2020,010248552,1,9,0,9,9,5,3,0,0,1,0,0,0,0,1,1,6,6,1,49,8,1790,8,6,TOYOTA MODEL MISSING,3,E01004427,0,-1
2020010268488,2020,010268488,3,9,0,2,2,0,0,0,0,1,0,0,0,0,2,1,6,6,3,-1,-1,2360,8,8,TOYOTA MODEL MISSING,-1,-1,0,-1
2020010251962,2020,010251962,1,9,0,3,3,3,7,0,0,1,0,0,0,0,2,1,1,1,1,41,7,1797,8,7,TOYOTA MODEL MISSING,1,E01004250,0,-1
2020010276577,2020,010276577,1,9,0,10,10,1,7,0,0,1,0,0,0,0,2,1,6,6,1,28,6,1797,8,8,TOYOTA MODEL MISSING,4,E01002398,0,-1
2020010275522,2020,010275522,2,9,0,99,99,9,9,0,0,0,0,0,0,0,4,1,6,6,3,-1,-1,2360,8,12,TOYOTA MODEL MISSING,-1,-1,0,-1
2020010234089,2020,010234089,1,8,0,99,99,9,9,99,99,0,9,99,9,99,2,9,6,6,1,37,7,1796,8,10,TOYOTA MODEL MISSING,2,E01000086,0,-1
2020010261204,2020,010261204,1,9,0,3,3,3,7,0,0,1,0,0,0,0,1,1,6,6,1,40,7,2362,8,8,TOYOTA MODEL MISSING,2,E01001775,0,-1
2020010238097,2020,010238097,2,8,0,1,1,1,5,0,0,8,0,0,0,0,2,9,6,6,1,46,8,1797,8,6,TOYOTA MODEL MISSING,1,E01000524,0,-1
2020010280627,2020,010280627,1,9,0,9,9,1,6,0,0,5,0,0,0,0,1,1,6,6,2,41,7,1797,8,7,TOYOTA MODEL MISSING,9,E01015982,0,-1
2020010274830,2020,010274830,3,9,0,99,99,9,9,99,99,9,9,99,9,99,2,9,6,6,3,-1,-1,1797,8,4,TOYOTA MODEL MISSING,4,E01004612,0,-1
2020460975048,2020,460975048,2,9,0,18,19,5,1,0,0,0,0,0,0,0,2,1,5,6,1,28,6,1797,8,9,TOYOTA MODEL MISSING,4,E01000134,0,-1
2020531011260,2020,531011260,1,9,0,2,2,0,0,0,0,1,0,0,0,0,2,1,5,6,1,68,10,2990,1,17,TOYOTA MODEL MISSING,7,E01022239,0,-1
2020440267421,2020,440267421,2,9,0,9,9,3,1,0,0,8,0,0,0,0,1,1,6,6,1,48,8,2395,1,16,TOYOTA MODEL MISSING,5,E01017206,0,-1
2020010247488,2020,010247488,1,9,0,9,9,3,1,0,0,6,0,0,0,0,1,1,6,6,1,26,6,2400,1,13,TOYOTA MODEL MISSING,-1,-1,0,-1
2020010228283,2020,010228283,1,8,0,9,9,1,7,0,0,1,0,0,0,0,3,1,1,1,1,53,8,1797,8,5,TOYOTA MODEL MISSING,5,E01002449,0,-1
2020010241129,2020,010241129,2,9,0,18,19,5,1,0,0,0,0,0,0,0,9,1,-1,-1,3,-1,-1,1497,1,14,TOYOTA MODEL MISSING,-1,-1,0,-1
2020220999105,2020,220999105,2,2,0,12,12,6,4,0,0,8,0,0,0,0,2,1,5,6,1,16,4,49,1,5,-1,2,E01013994,0,-1
2020010243706,2020,010243706,1,2,0,18,19,1,5,0,0,0,1,4,0,0,1,1,2,2,1,31,6,49,1,2,-1,2,E01000012,0,-1
2020371015757,2020,371015757,2,2,0,18,19,3,7,0,0,1,1,0,0,0,1,1,2,2,1,19,4,49,1,18,-1,1,E01033131,0,-1
2020010243700,2020,010243700,1,3,0,18,19,5,1,0,0,8,5,0,0,0,4,1,6,6,1,26,6,-1,-1,-1,-1,1,E01001839,0,-1
2020450998369,2020,450998369,2,2,0,18,19,3,7,0,0,0,0,0,0,0,3,1,5,6,2,17,4,49,1,13,-1,8,E01023132,0,-1
2020420947670,2020,420947670,1,9,0,16,19,5,2,0,0,8,0,0,3,0,4,1,5,6,1,54,8,2480,1,2,AUDI RS3,8,E01015944,0,-1
2020101018685,2020,101018685,2,9,0,18,19,6,2,0,0,1,0,0,0,0,1,1,5,6,1,25,5,2480,1,3,AUDI RS3,5,E01008835,0,-1
2020200937758,2020,200937758,1,9,0,18,19,8,4,0,0,1,0,0,0,0,1,1,6,6,1,35,6,2480,1,2,AUDI RS3,1,E01009511,0,-1
2020220994862,2020,220994862,1,9,0,7,7,8,2,0,0,2,1,0,0,0,1,1,5,6,1,21,5,2480,1,2,AUDI RS3,9,E01032142,0,-1
2020200943067,2020,200943067,2,9,0,18,19,3,7,0,0,8,0,0,0,0,1,1,6,6,1,27,6,2480,1,2,AUDI RS3,2,E01010522,0,-1
20201371B1620,2020,1371B1620,2,9,0,18,19,1,5,0,0,1,0,0,0,0,4,1,6,6,1,23,5,2480,1,4,AUDI RS3,4,E01011314,0,-1
2020200991172,2020,200991172,1,9,0,18,19,8,4,0,0,0,1,10,1,11,3,1,6,6,1,22,5,2480,1,2,AUDI RS3,2,E01009088,0,-1
2020070388639,2020,070388639,2,9,0,3,3,1,5,0,0,0,0,0,0,0,2,1,6,6,1,29,6,2480,1,0,AUDI RS3,8,E01029769,0,-1
2020991010331,2020,991010331,2,9,0,18,19,7,3,0,0,0,0,0,4,7,3,1,5,6,1,28,6,2480,1,4,AUDI RS3,4,-1,0,-1
2020990996979,2020,990996979,1,9,0,18,19,4,8,0,0,0,0,0,0,0,1,1,6,6,1,28,6,2480,1,2,AUDI RS3,5,-1,0,-1
2020360999349,2020,360999349,1,9,0,9,9,1,5,0,0,2,0,0,0,0,0,1,1,1,1,27,6,2480,1,4,AUDI RS3,7,E01026579,0,-1
2020990974723,2020,990974723,1,9,0,18,19,2,6,0,0,0,1,0,4,0,1,1,5,6,1,32,6,2480,1,5,AUDI RS3,8,-1,0,-1
20201373G1127,2020,1373G1127,1,9,0,5,5,4,8,0,0,0,0,0,0,0,4,1,3,7,1,44,7,2480,1,2,AUDI RS3,3,E01010998,0,-1
2020070559539,2020,070559539,1,9,0,18,19,1,5,0,0,4,0,9,3,1,1,1,6,6,1,29,6,2480,1,3,AUDI RS3,1,E01010679,0,-1
2020010272444,2020,010272444,2,9,0,99,99,9,9,99,99,0,9,99,9,99,1,9,6,6,3,-1,-1,2480,1,4,AUDI RS3,3,E01002308,0,-1
202006Q171029,2020,06Q171029,1,9,0,5,5,7,3,0,0,8,0,0,0,1,1,1,6,6,1,26,6,2480,1,2,AUDI RS3,1,E01005380,0,-1
2020401002966,2020,401002966,1,9,0,18,19,4,8,0,0,0,0,0,1,0,1,1,6,6,1,26,6,2480,1,0,AUDI RS3,3,E01015788,0,-1
2020200935079,2020,200935079,1,9,0,18,19,8,4,0,0,8,0,0,0,0,1,1,6,6,1,23,5,2480,1,3,AUDI RS3,8,E01010179,0,-1
2020990964260,2020,990964260,2,9,0,18,19,1,4,0,0,0,0,0,0,0,0,1,5,6,1,25,5,2480,1,3,AUDI RS3,5,-1,0,-1
2020990954634,2020,990954634,1,9,0,18,19,6,2,0,0,2,0,0,0,0,1,1,6,6,1,25,5,2480,1,1,AUDI RS3,3,-1,0,-1
2020430412467,2020,430412467,1,9,0,3,3,7,3,0,0,0,0,0,0,0,2,1,6,6,2,30,6,2480,1,1,AUDI RS3,4,E01016517,0,-1
2020137761753,2020,137761753,1,9,0,18,19,5,1,0,0,8,0,0,1,11,1,1,6,6,1,32,6,2480,1,5,AUDI RS3,4,E01010763,0,-1
2020122000481,2020,122000481,1,9,0,8,8,7,3,0,0,2,0,0,0,0,4,1,6,6,1,32,6,2480,1,5,AUDI RS3,8,E01027656,0,-1
2020100978397,2020,100978397,1,9,0,18,19,2,6,0,0,0,0,0,0,0,1,1,5,6,1,28,6,2480,1,5,AUDI RS3,2,E01020784,0,-1
2020010275617,2020,010275617,1,9,0,99,99,9,9,99,99,9,9,99,9,99,1,9,6,6,1,28,6,2480,1,4,AUDI RS3,5,E01030981,0,-1
202031C085720,2020,31C085720,1,9,0,18,19,2,6,0,0,8,0,0,0,0,4,1,6,6,2,25,5,2480,1,4,AUDI RS3,7,E01028157,0,-1
2020010265716,2020,010265716,1,9,0,9,9,1,6,0,0,5,0,0,0,0,4,1,6,6,1,43,7,2480,1,4,AUDI RS3,2,E01002831,0,-1
2020010281689,2020,010281689,1,9,0,18,19,7,3,0,0,8,0,0,0,0,1,1,6,6,1,26,6,2480,1,3,AUDI RS3,9,E01000424,0,-1
2020200927304,2020,200927304,1,9,0,18,19,-1,-1,0,0,0,0,0,0,0,1,1,6,6,1,-1,-1,1984,1,4,-1,2,E01008889,0,-1
2020010253267,2020,010253267,1,9,0,99,99,9,9,99,99,9,9,99,9,99,2,9,6,6,2,26,6,1984,1,5,-1,10,E01030328,0,-1
2020302000143,2020,302000143,1,9,0,18,19,2,6,0,0,1,1,0,3,9,1,1,6,6,1,20,4,1984,1,6,-1,5,E01010539,0,-1
2020010234010,2020,010234010,1,9,0,9,9,6,3,0,0,8,0,0,0,0,4,1,6,6,1,49,8,1984,1,3,-1,5,E01000468,0,-1
2020470945881,2020,470945881,1,9,0,18,19,4,8,0,0,0,5,10,0,0,1,1,5,6,1,48,8,1984,1,5,-1,7,E01031536,0,-1
2020302000707,2020,302000707,2,9,0,18,19,6,3,0,0,1,0,0,0,0,1,1,6,6,2,56,9,1984,1,4,-1,10,E01019606,0,-1
2020522100984,2020,522100984,2,9,0,2,2,0,0,0,0,8,0,0,0,0,3,1,6,6,3,-1,-1,1984,1,2,-1,-1,-1,0,-1
2020420983220,2020,420983220,1,9,0,15,15,3,7,0,0,0,0,0,0,0,0,1,6,6,3,-1,-1,1984,1,5,-1,-1,-1,0,-1
2020451008088,2020,451008088,2,9,0,5,5,3,7,0,0,4,0,0,0,0,1,1,5,6,2,29,6,1984,1,5,-1,8,E01030373,0,-1
2020070160793,2020,070160793,1,90,0,17,19,5,1,0,0,0,0,0,1,7,3,1,6,6,2,57,9,2279,1,41,-1,4,W01000330,0,-1
2020040957802,2020,040957802,1,9,0,9,9,5,2,0,0,0,0,0,0,0,1,1,5,6,1,32,6,2926,2,18,BMW Model Missing,3,E01025237,0,-1
2020010284100,2020,010284100,1,9,0,1,1,7,3,0,0,0,0,0,0,0,3,2,6,6,2,38,7,2979,1,15,BMW Model Missing,-1,-1,0,-1
2020450992825,2020,450992825,2,9,0,18,19,3,7,0,0,1,0,0,0,0,1,1,5,6,1,25,5,2979,1,17,BMW Model Missing,9,E01030976,0,-1
2020460941568,2020,460941568,1,5,0,16,19,1,6,0,0,0,1,12,0,0,1,1,5,6,1,55,8,1130,1,17,-1,5,E01003414,0,-1
2020440240686,2020,440240686,1,9,0,13,13,7,3,0,0,0,0,0,7,4,4,1,6,6,1,28,6,2494,1,18,BMW Model Missing,3,E01017299,0,-1
2020470977936,2020,470977936,1,5,0,18,19,7,3,0,0,1,1,0,0,0,1,1,2,2,1,38,7,998,1,30,-1,9,E01031719,0,-1
2020500931185,2020,500931185,1,9,0,18,19,3,7,0,0,1,0,0,0,0,3,1,5,6,2,31,6,2926,2,18,BMW Model Missing,6,E01015109,0,-1
2020500989049,2020,500989049,1,9,0,18,19,5,1,0,0,0,1,0,0,0,1,1,5,6,1,25,5,1995,1,18,BMW Model Missing,8,E01020080,0,-1
2020501015851,2020,501015851,1,9,0,17,19,6,2,0,0,0,2,0,8,0,1,1,5,6,1,23,5,1995,1,18,BMW Model Missing,5,E01020325,0,-1
2020622000865,2020,622000865,1,9,0,18,19,4,8,0,0,0,1,0,1,4,3,1,6,6,1,49,8,1995,2,9,BMW Model Missing,2,W01001855,0,-1
2020010260688,2020,010260688,1,9,0,4,4,7,3,0,0,3,0,0,0,0,4,1,6,6,2,50,8,2490,1,13,BMW Model Missing,5,E01001852,0,-1
2020320394308,2020,320394308,1,5,0,18,19,4,8,0,0,1,0,0,1,0,1,1,6,6,1,79,11,898,1,44,-1,4,E01026060,0,-1
2020440263740,2020,440263740,1,5,0,18,19,8,4,0,0,0,0,0,0,0,1,1,6,6,1,26,6,980,1,40,-1,6,E01004653,0,-1