collision_index,collision_year,collision_ref_no,vehicle_reference,vehicle_type,towing_and_articulation,vehicle_manoeuvre_historic,vehicle_manoeuvre,vehicle_direction_from,vehicle_direction_to,vehicle_location_restricted_lane_historic,vehicle_location_restricted_lane,junction_location,skidding_and_overturning,hit_object_in_carriageway,vehicle_leaving_carriageway,hit_object_off_carriageway,first_point_of_impact,vehicle_left_hand_drive,journey_purpose_of_driver_historic,journey_purpose_of_driver,sex_of_driver,age_of_driver,age_band_of_driver,engine_capacity_cc,propulsion_code,age_of_vehicle,generic_make_model,driver_imd_decile,lsoa_of_driver,escooter_flag,driver_distance_banding
2020440090191,2020,440090191,5,9,0,2,2,0,0,0,0,0,0,0,0,0,2,1,6,6,3,-1,-1,2979,1,17,BMW Model Missing,-1,-1,0,-1
2020552000434,2020,552000434,1,9,0,9,9,8,6,0,0,1,0,0,0,0,2,1,6,6,1,73,10,1242,1,16,FIAT PANDA,10,E01015404,0,-1
2020220997586,2020,220997586,1,9,0,17,19,2,7,0,0,0,2,0,1,1,1,1,5,6,2,26,6,1108,1,12,FIAT PANDA,1,E01032331,0,-1
2020470970454,2020,470970454,1,9,0,18,19,7,3,0,0,0,5,0,0,0,1,1,5,6,1,26,6,1248,2,15,FIAT PANDA,8,E01031765,0,-1
2020160935092,2020,160935092,1,9,0,9,9,3,1,0,0,6,0,0,0,0,1,1,5,6,2,69,10,1242,1,15,FIAT PANDA,-1,-1,0,-1
2020100970606,2020,100970606,1,9,0,9,9,2,8,0,0,1,0,0,0,0,4,1,5,6,2,71,10,1242,1,7,FIAT PANDA,9,E01008516,0,-1
2020460977625,2020,460977625,2,9,0,4,4,5,1,0,0,1,0,0,0,0,4,1,6,6,3,-1,-1,1242,1,8,FIAT PANDA,-1,-1,0,-1
2020552001085,2020,552001085,1,9,0,5,5,6,1,0,0,4,0,0,0,0,1,1,2,2,2,62,9,1242,1,11,FIAT PANDA,7,E01015348,0,-1
2020052001685,2020,052001685,1,9,0,5,5,1,5,0,0,0,0,0,0,0,3,1,6,6,1,84,11,1108,1,12,FIAT PANDA,3,E01007047,0,-1
2020010239091,2020,010239091,1,9,0,99,99,9,9,0,0,9,9,99,9,99,2,9,2,2,2,25,5,1108,1,11,FIAT PANDA,2,E01004000,0,-1
2020220949569,2020,220949569,1,9,0,9,9,8,6,0,0,5,0,0,0,0,1,1,5,6,1,69,10,1242,1,7,FIAT PANDA,9,E01014094,0,-1
2020470997765,2020,470997765,1,9,0,18,19,2,6,0,0,2,1,0,0,0,3,1,5,6,2,59,9,1242,1,7,FIAT PANDA,7,E01024805,0,-1
2020460966760,2020,460966760,1,9,0,18,19,6,2,0,0,8,0,0,0,0,1,1,5,6,2,23,5,1242,1,14,FIAT PANDA,8,E01024652,0,-1
2020201013400,2020,201013400,1,9,0,18,19,3,7,0,0,8,0,0,0,0,1,1,6,6,1,32,6,1248,2,11,FIAT PANDA,7,E01029673,0,-1
2020470925649,2020,470925649,2,9,0,4,4,7,3,0,0,0,0,0,0,0,2,1,5,6,2,76,11,1242,1,6,FIAT PANDA,6,E01031440,0,-1
2020010265393,2020,010265393,2,9,0,18,19,7,3,0,0,8,0,0,0,0,4,1,1,1,1,47,8,1242,1,12,FIAT PANDA,4,E01004172,0,-1
2020360961314,2020,360961314,3,9,0,18,19,3,7,0,0,2,0,0,0,0,1,1,6,6,1,72,10,1242,1,9,FIAT PANDA,7,E01026897,0,-1
2020610009620,2020,610009620,5,9,0,18,19,1,0,0,0,0,0,0,0,0,0,1,1,1,2,-1,-1,1108,1,11,FIAT PANDA,-1,-1,0,-1
2020470973143,2020,470973143,2,9,0,18,19,7,3,0,0,8,0,0,0,0,1,1,5,6,2,48,8,1108,1,11,FIAT PANDA,4,E01020936,0,-1
2020430192925,2020,430192925,1,9,0,18,19,8,4,0,0,0,1,10,1,7,1,1,1,1,1,29,6,1108,1,11,FIAT PANDA,3,E01028553,0,-1
2020340N02942,2020,340N02942,1,9,0,18,19,5,1,0,0,0,0,0,0,0,1,1,6,6,2,83,11,1108,1,10,FIAT PANDA,7,E01027172,0,-1
2020220975630,2020,220975630,2,9,0,8,8,5,8,0,0,1,0,0,0,0,2,1,5,6,1,83,11,875,1,1,FIAT PANDA,5,E01014060,0,-1
2020210930882,2020,210930882,2,9,0,5,5,7,3,0,0,1,0,0,0,0,4,1,6,6,1,83,11,1242,1,3,FIAT PANDA,7,E01014290,0,-1
2020552100061,2020,552100061,1,9,0,18,19,7,3,0,0,0,0,0,1,4,1,1,1,1,2,30,6,1242,1,12,FIAT PANDA,8,E01029198,0,-1
2020302000601,2020,302000601,2,9,0,7,7,5,8,0,0,2,0,0,0,0,1,1,6,6,2,21,5,1108,1,12,FIAT PANDA,2,E01019571,0,-1
2020461001976,2020,461001976,4,9,0,18,19,3,7,0,0,0,0,0,1,0,4,1,6,6,2,35,6,1242,1,13,FIAT PANDA,7,E01024355,0,-1
2020361009744,2020,361009744,1,9,0,18,19,5,1,0,0,0,0,0,0,0,1,1,5,6,1,78,11,1242,1,9,FIAT PANDA,4,E01026743,0,-1
2020010243212,2020,010243212,2,9,0,17,19,7,5,0,0,1,0,0,0,0,1,2,6,6,2,40,7,1108,1,15,FIAT PANDA,2,E01004423,0,-1
2020990961918,2020,990961918,1,9,0,16,19,3,6,0,0,0,0,0,0,0,1,1,5,6,2,24,5,1108,1,11,FIAT PANDA,4,-1,0,-1
2020100952654,2020,100952654,1,9,0,18,19,5,1,0,0,1,0,0,0,0,1,1,6,6,1,55,8,1108,1,10,FIAT PANDA,1,E01008348,0,-1
2020170M10220,2020,170M10220,1,9,0,18,19,7,3,0,0,8,0,0,0,0,1,1,6,6,1,30,6,1242,1,10,FIAT PANDA,7,E01012152,0,-1
2020470991391,2020,470991391,1,9,0,18,19,1,5,0,0,0,0,0,1,11,4,1,5,6,2,80,11,1108,1,13,FIAT PANDA,10,E01031706,0,-1
2020137B81388,2020,137B81388,1,9,0,9,9,7,4,0,0,6,0,0,0,0,4,1,6,6,1,29,6,1248,2,13,FIAT PANDA,4,E01011678,0,-1
2020450979492,2020,450979492,4,9,0,2,2,1,5,0,0,0,0,0,0,0,2,1,2,2,2,45,7,1248,2,15,FIAT PANDA,8,E01030908,0,-1
2020170S10130,2020,170S10130,2,9,0,18,19,6,2,0,0,0,0,0,0,0,1,1,6,6,2,25,5,1242,1,4,FIAT PANDA,7,E01027673,0,-1
2020500999368,2020,500999368,2,9,0,17,19,5,1,0,0,1,0,0,0,0,4,1,6,6,2,56,9,1108,1,16,FIAT PANDA,4,E01015183,0,-1
2020070551329,2020,070551329,1,9,0,9,9,8,4,0,0,1,0,0,0,0,1,1,6,6,2,61,9,1242,1,3,FIAT PANDA,-1,-1,0,-1
2020122000237,2020,122000237,2,9,0,5,5,3,7,0,0,6,0,0,0,0,3,1,6,6,2,20,4,1108,1,11,FIAT PANDA,1,E01012892,0,-1
2020610002920,2020,610002920,2,9,0,18,19,7,3,0,0,0,0,0,0,0,1,1,1,1,1,47,8,1242,1,11,FIAT PANDA,-1,-1,0,-1
2020010265353,2020,010265353,2,9,0,5,5,0,8,0,0,1,0,0,0,0,3,1,6,6,1,80,11,1108,1,10,FIAT PANDA,5,E01002083,0,-1
20201373S1083,2020,1373S1083,1,9,0,9,9,2,3,0,0,5,0,0,0,0,2,1,6,6,2,42,7,1242,1,9,FIAT PANDA,7,E01011595,0,-1
2020302000652,2020,302000652,2,9,0,18,19,4,8,0,0,8,0,0,0,0,1,1,6,6,1,29,6,1108,1,16,FIAT PANDA,4,E01019538,0,-1
2020070452232,2020,070452232,2,9,0,18,19,3,7,0,0,1,0,0,0,0,1,1,6,6,2,60,9,1248,2,14,FIAT PANDA,9,E01018500,0,-1
2020302001355,2020,302001355,1,9,0,17,19,2,6,0,0,0,0,0,0,0,1,1,6,6,2,60,9,875,1,1,FIAT PANDA,3,E01019515,0,-1
202006K173460,2020,06K173460,2,9,0,18,19,3,7,0,0,1,0,0,0,0,1,1,6,6,2,82,11,1242,1,9,FIAT PANDA,2,E01004838,0,-1
2020420920989,2020,420920989,1,9,0,18,19,1,5,0,0,4,0,0,0,0,1,1,6,6,2,70,10,1242,1,6,FIAT PANDA,2,E01021279,0,-1
2020470977902,2020,470977902,2,9,0,18,19,2,6,0,0,1,1,0,0,0,1,1,6,6,1,71,10,1242,1,8,FIAT PANDA,2,E01031456,0,-1
2020990972210,2020,990972210,1,9,0,11,11,7,4,0,0,1,0,0,0,0,1,1,6,6,1,29,6,1242,1,17,FIAT PANDA,-1,-1,0,-1
2020990959695,2020,990959695,2,9,0,18,19,3,7,0,0,0,0,0,0,0,1,1,5,6,1,82,11,1242,1,5,FIAT PANDA,7,-1,0,-1
202031B177220,2020,31B177220,2,9,0,18,19,4,1,0,0,8,0,0,0,0,1,1,6,6,2,34,6,1242,1,6,FIAT PANDA,7,E01028023,0,-1
2020200997637,2020,200997637,1,9,0,4,4,4,1,0,0,0,0,0,0,0,1,1,6,6,1,28,6,1242,1,14,FIAT PANDA,1,E01009987,0,-1
2020201011539,2020,201011539,1,9,0,18,19,-1,-1,0,0,0,0,0,0,0,1,1,6,6,1,-1,-1,1248,2,14,FIAT PANDA,-1,-1,0,-1
2020052001771,2020,052001771,2,9,0,2,2,0,0,0,0,0,0,0,0,0,2,1,6,6,3,-1,-1,1108,1,13,FIAT PANDA,-1,-1,0,-1
2020052002549,2020,052002549,1,9,0,18,19,5,1,0,0,0,0,0,0,0,1,1,6,6,2,34,6,1242,1,8,FIAT PANDA,1,E01007215,0,-1
2020230979331,2020,230979331,1,9,0,16,19,7,1,0,0,0,1,0,7,10,1,1,5,6,2,46,8,1242,1,3,FIAT PANDA,8,E01031205,0,-1
2020522002001,2020,522002001,2,9,0,18,19,8,4,0,0,0,0,0,0,0,1,1,6,6,1,43,7,1242,1,4,FIAT PANDA,9,E01022372,0,-1
202006A176613,2020,06A176613,3,9,0,8,8,8,1,0,0,1,0,0,0,0,4,1,6,6,1,71,10,1242,1,3,FIAT PANDA,1,E01005709,0,-1
2020010246397,2020,010246397,2,9,0,2,2,0,0,0,0,2,0,0,0,0,3,1,6,6,3,-1,-1,1242,1,15,FIAT PANDA,-1,-1,0,-1
2020340D07292,2020,340D07292,1,9,0,5,5,7,3,0,0,6,0,0,0,0,3,1,2,2,1,22,5,875,1,7,FIAT PANDA,7,E01026994,0,-1
2020010258298,2020,010258298,2,9,0,3,3,5,1,0,0,1,0,0,0,0,2,1,6,6,1,59,9,1242,1,5,FIAT PANDA,4,E01004388,0,-1
2020470990258,2020,470990258,1,9,0,9,9,7,6,0,0,4,5,0,0,0,1,1,5,6,1,91,11,1242,1,13,FIAT PANDA,9,E01031693,0,-1
202006P166922,2020,06P166922,1,9,0,18,19,6,2,0,0,2,0,0,0,0,4,1,1,1,2,46,8,1108,1,10,FIAT PANDA,1,E01005529,0,-1
2020990984136,2020,990984136,2,9,0,18,19,5,1,0,0,0,0,0,0,0,1,1,6,6,1,79,11,1242,1,2,FIAT PANDA,1,-1,0,-1
2020440046625,2020,440046625,1,9,0,4,4,3,6,0,0,0,0,0,0,0,2,1,6,6,2,35,6,1242,1,13,FIAT PANDA,2,E01017140,0,-1
2020137BU0781,2020,137BU0781,1,9,0,18,19,1,5,0,0,1,0,0,1,0,1,1,6,6,1,18,4,1242,1,1,FIAT PANDA,10,E01011386,0,-1
2020010240783,2020,010240783,2,9,0,99,99,9,9,99,99,1,9,99,9,99,9,1,6,6,2,-1,-1,1108,1,10,FIAT PANDA,5,E01001149,0,-1
2020170M11460,2020,170M11460,2,9,0,18,19,2,6,0,0,0,0,0,0,0,1,1,6,6,1,41,7,1108,1,12,FIAT PANDA,8,E01012048,0,-1
2020137641954,2020,137641954,2,9,0,18,19,8,4,0,0,1,5,0,1,0,1,1,6,6,1,55,8,1108,1,10,FIAT PANDA,5,E01011031,0,-1
2020370942074,2020,370942074,4,9,0,18,19,1,5,0,0,0,0,0,0,0,1,1,5,6,2,33,6,1108,1,12,FIAT PANDA,7,E01030096,0,-1
2020070430968,2020,070430968,1,9,0,18,19,2,6,0,0,1,0,0,0,0,1,1,6,6,1,56,9,1248,2,13,FIAT PANDA,1,E01005287,0,-1
2020100974851,2020,100974851,2,9,0,18,19,5,5,0,0,8,0,0,7,0,1,1,5,6,1,64,9,875,1,6,FIAT PANDA,2,E01020773,0,-1
2020140973380,2020,140973380,2,9,0,18,19,1,5,0,0,2,0,0,0,0,2,1,5,6,2,53,8,1242,1,16,FIAT PANDA,1,E01007977,0,-1
2020440308201,2020,440308201,2,9,0,18,19,8,4,0,0,0,0,0,0,0,3,1,6,6,1,83,11,1242,1,6,FIAT PANDA,-1,-1,0,-1
2020400925375,2020,400925375,3,9,0,4,4,3,7,0,0,0,0,0,0,0,1,1,5,6,2,32,6,1368,1,13,FIAT PANDA,1,E01015729,0,-1
2020010237710,2020,010237710,2,9,0,1,1,3,7,0,0,0,0,0,0,0,2,1,6,6,3,-1,-1,1242,1,14,FIAT PANDA,-1,-1,0,-1
2020470989992,2020,470989992,2,9,0,18,19,1,5,0,0,2,0,0,0,0,1,1,2,2,2,53,8,1108,1,9,FIAT PANDA,5,E01031515,0,-1
2020052001758,2020,052001758,1,9,0,18,19,7,3,0,0,0,1,0,4,7,3,1,3,7,2,31,6,1242,1,6,FIAT PANDA,1,E01006569,0,-1
2020400949641,2020,400949641,2,9,0,18,19,5,2,0,0,1,0,0,0,0,4,1,5,6,2,55,8,1108,1,10,FIAT PANDA,4,E01015793,0,-1
2020470976910,2020,470976910,2,9,0,18,19,4,8,0,0,6,1,0,0,0,1,1,5,6,1,74,10,1108,1,12,FIAT PANDA,8,E01023221,0,-1
2020470984123,2020,470984123,1,9,0,9,9,1,7,0,0,8,0,0,0,0,3,1,5,6,2,18,4,1108,1,13,FIAT PANDA,6,E01031468,0,-1
2020160996819,2020,160996819,1,9,0,18,19,7,3,0,0,0,0,4,0,0,1,1,6,6,2,62,9,1108,1,11,FIAT PANDA,5,E01013125,0,-1
2020430274123,2020,430274123,1,9,0,14,14,7,3,0,0,0,5,4,0,0,1,1,6,6,2,80,11,1242,1,9,FIAT PANDA,8,E01028704,0,-1
2020470929462,2020,470929462,1,9,0,18,19,3,7,0,0,0,5,0,1,0,4,1,5,6,1,70,10,1242,1,7,FIAT PANDA,10,E01031768,0,-1
2020461013971,2020,461013971,2,9,0,9,9,3,1,0,0,0,0,0,0,0,3,1,5,6,1,56,9,1242,1,15,FIAT PANDA,4,E01024622,0,-1
2020010231788,2020,010231788,1,9,0,4,4,1,5,0,0,1,0,4,1,0,2,1,6,6,1,35,6,1242,1,14,FIAT PANDA,3,E01000742,0,-1
2020501001799,2020,501001799,1,9,0,18,19,4,8,0,0,0,0,0,0,0,1,1,5,6,2,45,7,1242,1,8,FIAT PANDA,4,E01020287,0,-1
202063D011520,2020,63D011520,2,9,0,18,19,2,6,0,0,1,0,0,0,0,1,1,6,6,2,78,11,1242,1,4,FIAT PANDA,4,W01000944,0,-1
2020500993466,2020,500993466,1,9,0,5,5,5,1,0,0,1,0,0,0,0,4,1,6,6,2,63,9,1242,1,9,FIAT PANDA,5,E01020342,0,-1
202006N176006,2020,06N176006,1,9,0,9,9,2,8,0,0,8,0,0,0,0,1,1,6,6,1,30,6,1242,1,3,FIAT PANDA,-1,-1,0,-1
202006A271865,2020,06A271865,2,9,0,18,19,1,5,0,0,8,0,0,0,0,1,1,6,6,1,47,8,1242,1,12,FIAT PANDA,2,E01005145,0,-1
2020052001040,2020,052001040,1,9,0,9,9,8,6,0,0,8,0,0,0,0,1,1,6,6,2,87,11,1242,1,8,FIAT PANDA,9,E01007021,0,-1
2020040935327,2020,040935327,1,9,0,16,19,1,1,0,0,0,0,0,0,0,1,1,6,6,1,19,4,1108,1,13,FIAT PANDA,1,E01024882,0,-1
2020360972325,2020,360972325,2,9,0,2,2,0,0,0,0,1,0,0,0,0,2,1,5,6,2,57,9,1108,1,11,FIAT PANDA,6,E01026573,0,-1
2020471003178,2020,471003178,1,9,0,9,9,2,8,0,0,6,0,0,0,0,3,1,6,6,1,47,8,1242,1,12,FIAT PANDA,1,E01016866,0,-1
2020170M31790,2020,170M31790,1,9,0,13,13,7,3,0,0,0,0,0,0,0,1,1,6,6,1,-1,-1,1242,1,6,FIAT PANDA,1,E01012045,0,-1
2020450969698,2020,450969698,2,9,0,18,19,5,1,0,0,1,0,0,0,0,1,1,2,2,1,53,8,1242,1,4,FIAT PANDA,7,E01023123,0,-1
2020430203058,2020,430203058,1,9,0,3,3,2,6,0,0,8,0,0,0,0,2,1,6,6,1,26,6,1242,1,16,FIAT PANDA,6,E01017832,0,-1
2020010282803,2020,010282803,1,9,0,9,9,5,3,0,0,1,0,0,0,0,1,1,2,2,1,46,8,1108,1,11,FIAT PANDA,3,E01004317,0,-1
2020160976920,2020,160976920,1,9,0,6,6,2,2,0,0,4,0,0,0,0,1,1,5,6,1,87,11,1242,1,3,FIAT PANDA,3,E01012827,0,-1
2020430170826,2020,430170826,1,9,0,18,19,8,4,0,0,0,0,0,7,1,1,1,6,6,2,24,5,1108,1,13,FIAT PANDA,9,E01016247,0,-1
202063B077920,2020,63B077920,1,9,0,17,19,7,4,0,0,0,5,0,1,10,4,1,6,6,2,18,4,1108,1,11,FIAT PANDA,6,W01000558,0,-1
2020470985474,2020,470985474,1,9,0,9,9,3,1,0,0,1,0,0,0,0,2,1,6,6,2,60,9,1108,1,10,FIAT PANDA,6,E01031669,0,-1
2020990977929,2020,990977929,1,9,0,17,19,6,2,0,0,0,0,4,0,0,1,1,2,2,2,25,5,1242,1,9,FIAT PANDA,1,-1,0,-1
2020552000593,2020,552000593,1,9,0,9,9,4,2,0,0,5,0,0,0,0,2,1,6,6,2,22,5,1108,1,15,FIAT PANDA,3,E01020393,0,-1
2020522101180,2020,522101180,1,9,0,9,9,2,8,0,0,0,0,0,0,0,2,1,6,6,2,55,8,1108,1,13,FIAT PANDA,9,E01032049,0,-1
2020440497714,2020,440497714,1,9,0,18,19,2,6,0,0,0,0,0,0,0,2,1,2,2,2,60,9,1242,1,9,FIAT PANDA,5,E01022678,0,-1
2020430414260,2020,430414260,1,9,0,9,9,5,3,0,0,8,0,0,0,0,3,1,6,6,2,84,11,1242,1,5,FIAT PANDA,9,E01028794,0,-1
2020122000312,2020,122000312,1,9,0,4,4,8,4,0,0,1,0,0,0,0,4,1,2,2,1,54,8,1242,1,5,FIAT PANDA,6,E01027569,0,-1
2020500971735,2020,500971735,1,9,0,18,19,1,5,0,0,0,2,4,0,0,4,1,6,6,1,33,6,1242,1,8,FIAT PANDA,3,E01014731,0,-1
2020501018687,2020,501018687,1,9,0,18,19,2,6,0,0,1,0,0,0,0,1,1,5,6,1,46,8,1242,1,15,FIAT PANDA,8,E01019989,0,-1
2020010259136,2020,010259136,1,9,0,99,99,9,9,0,0,9,0,99,0,0,0,9,6,6,1,45,7,1248,2,12,FIAT PANDA,5,E01002693,0,-1
2020531010142,2020,531010142,1,9,0,16,19,7,3,0,0,0,0,0,7,0,0,1,5,6,2,18,4,1108,1,11,FIAT PANDA,6,E01022270,0,-1
2020440014524,2020,440014524,1,9,0,18,19,3,7,0,0,0,0,0,0,0,0,1,6,6,1,79,11,1248,2,6,FIAT PANDA,5,E01017365,0,-1
2020302000674,2020,302000674,1,9,0,17,19,7,3,0,0,0,2,0,1,0,1,1,6,6,2,19,4,1108,1,12,FIAT PANDA,4,E01031073,0,-1
2020450923661,2020,450923661,2,9,0,18,19,3,7,0,0,0,0,0,0,0,4,1,5,6,2,56,9,1242,1,3,FIAT PANDA,9,E01000344,0,-1
2020432003992,2020,432003992,2,9,0,18,19,4,8,0,0,0,2,0,0,0,3,1,6,6,2,76,11,1242,1,12,FIAT PANDA,5,E01031169,0,-1
2020440306218,2020,440306218,4,9,0,18,19,4,8,0,0,0,0,0,0,0,1,1,6,6,2,69,10,1242,1,9,FIAT PANDA,3,E01033381,0,-1
2020200954536,2020,200954536,1,9,0,9,9,6,5,0,0,5,0,0,0,0,1,1,6,6,1,68,10,1242,1,7,FIAT PANDA,2,E01010028,0,-1
2020010277663,2020,010277663,1,9,0,11,11,7,3,0,0,2,0,0,0,0,1,1,1,1,1,40,7,1108,1,11,FIAT PANDA,4,E01024587,0,-1
2020501013828,2020,501013828,1,9,0,13,13,7,3,0,0,0,1,0,0,0,1,1,5,6,1,20,4,1108,1,10,FIAT PANDA,5,E01018960,0,-1
2020500957258,2020,500957258,2,9,0,18,19,6,2,0,0,1,0,0,0,0,1,1,5,6,1,80,11,1242,1,2,FIAT PANDA,6,E01018845,0,-1
2020140983803,2020,140983803,1,9,0,18,19,3,7,0,0,1,0,0,0,0,3,1,6,6,1,75,10,1242,1,11,FIAT PANDA,1,E01007970,0,-1
2020010246689,2020,010246689,1,9,0,99,99,9,9,99,99,9,9,99,9,99,1,9,6,6,3,-1,-1,1242,1,16,FIAT PANDA,10,E01030756,0,-1
2020990939427,2020,990939427,1,9,0,16,19,6,8,0,0,0,1,5,0,0,1,1,5,6,1,24,5,1242,1,8,FIAT PANDA,2,-1,0,-1
2020991009394,2020,991009394,1,9,0,9,9,5,3,0,0,6,0,0,0,0,1,1,6,6,2,26,6,1242,1,7,FIAT PANDA,8,-1,0,-1
2020030969713,2020,030969713,1,9,0,18,19,5,1,0,0,8,0,0,1,0,4,1,5,6,2,86,11,1108,1,10,FIAT PANDA,6,E01019090,0,-1
2020052001203,2020,052001203,2,9,0,6,6,5,5,0,0,3,0,0,0,0,3,1,6,6,1,55,8,1248,2,15,FIAT PANDA,4,E01006854,0,-1
2020990935196,2020,990935196,2,9,0,17,19,4,2,0,0,8,0,0,0,0,1,1,5,6,2,20,4,1108,1,13,FIAT PANDA,-1,-1,0,-1
2020010252251,2020,010252251,1,9,0,9,9,1,6,0,0,6,0,0,0,0,1,1,6,6,2,33,6,1242,1,15,FIAT PANDA,2,E01002633,0,-1
2020010242212,2020,010242212,1,9,0,99,99,9,9,99,99,9,9,99,9,99,1,9,6,6,2,55,8,1242,1,10,FIAT PANDA,9,E01030639,0,-1
2020470939972,2020,470939972,2,9,0,18,19,3,7,0,0,0,0,0,7,10,4,1,6,6,1,26,6,1368,1,13,FIAT PANDA,2,E01016945,0,-1
2020522100925,2020,522100925,1,9,0,18,19,7,3,0,0,6,0,0,0,0,1,1,6,6,1,88,11,1242,1,5,FIAT PANDA,5,E01014409,0,-1
2020552001122,2020,552001122,1,9,0,18,19,8,4,0,0,8,0,4,0,0,1,1,3,7,2,46,8,1242,1,11,FIAT PANDA,3,E01015305,0,-1
2020420985478,2020,420985478,1,9,0,4,4,3,3,0,0,0,0,10,1,11,1,1,5,6,2,71,10,1242,1,7,FIAT PANDA,4,E01022033,0,-1
2020990994787,2020,990994787,2,9,0,3,3,3,7,0,0,0,0,0,1,0,2,1,5,6,1,66,10,875,1,7,FIAT PANDA,4,-1,0,-1
2020430246378,2020,430246378,1,9,0,5,5,3,7,0,0,4,0,0,0,0,1,1,6,6,1,39,7,1242,1,14,FIAT PANDA,7,E01028527,0,-1
2020421005926,2020,421005926,2,9,0,18,19,3,8,0,0,1,0,0,0,0,4,1,5,6,2,82,11,1108,1,12,FIAT PANDA,4,E01030118,0,-1
2020990980382,2020,990980382,1,9,0,17,19,8,4,0,0,0,0,0,7,0,1,1,5,6,2,33,6,1108,1,10,FIAT PANDA,5,E01028533,0,-1
2020400970544,2020,400970544,1,9,0,18,19,2,1,0,0,0,0,0,0,0,1,1,5,6,1,19,4,1242,1,11,FIAT PANDA,7,E01017545,0,-1
2020991008625,2020,991008625,1,9,0,16,19,3,7,0,0,0,5,0,2,0,4,1,6,6,2,22,5,1108,1,12,FIAT PANDA,4,-1,0,-1
2020010249645,2020,010249645,2,9,9,18,19,3,7,0,0,0,9,0,0,99,1,9,6,6,2,-1,-1,1108,1,15,FIAT PANDA,-1,-1,0,-1
2020211005887,2020,211005887,1,9,0,18,19,8,4,0,0,0,0,0,4,0,1,1,6,6,2,32,6,1242,1,13,FIAT PANDA,9,E01029600,0,-1
2020231007059,2020,231007059,2,9,0,9,9,5,3,0,0,5,0,0,0,0,4,1,5,6,2,88,11,1242,1,5,FIAT PANDA,2,E01009445,0,-1
2020990935432,2020,990935432,3,9,0,18,19,1,5,0,0,1,5,0,0,0,1,1,5,6,2,78,11,1242,1,11,FIAT PANDA,7,-1,0,-1
2020371002141,2020,371002141,2,9,0,18,19,3,7,0,0,8,0,0,0,0,3,1,5,6,2,59,9,1242,1,5,FIAT PANDA,2,E01029988,0,-1
2020430072445,2020,430072445,2,9,0,18,19,4,8,0,0,8,0,0,0,0,1,1,1,1,1,41,7,1242,1,14,FIAT PANDA,6,E01028675,0,-1
2020302001456,2020,302001456,1,9,0,6,6,2,2,0,0,6,0,0,0,0,1,1,6,6,1,26,6,1108,1,13,FIAT PANDA,9,E01019841,0,-1
2020210985354,2020,210985354,2,9,0,18,19,3,7,0,0,8,0,0,0,0,1,1,1,1,2,23,5,1242,1,11,FIAT PANDA,3,E01029553,0,-1
2020470988257,2020,470988257,1,9,0,3,3,7,2,0,0,1,0,0,0,0,1,1,6,6,1,90,11,1108,1,13,FIAT PANDA,8,E01021215,0,-1
2020500947489,2020,500947489,1,9,0,17,19,8,5,0,0,0,0,0,1,3,1,1,5,6,1,25,5,1108,1,10,FIAT PANDA,7,E01019892,0,-1
2020161002970,2020,161002970,2,9,0,18,19,2,6,0,0,0,0,0,0,0,3,2,2,2,1,61,9,1108,1,13,FIAT PANDA,4,E01026045,0,-1
2020990923294,2020,990923294,2,9,0,18,19,7,3,0,0,8,0,0,1,7,1,1,5,6,1,75,10,1242,1,8,FIAT PANDA,2,-1,0,-1
2020990970131,2020,990970131,1,9,0,17,19,8,5,0,0,0,0,0,0,0,3,1,5,6,1,50,8,1248,2,13,FIAT PANDA,6,-1,0,-1
2020990934789,2020,990934789,1,9,0,17,19,7,5,0,0,0,1,7,2,7,1,1,5,6,1,20,4,1248,2,13,FIAT PANDA,9,-1,0,-1
202031A006920,2020,31A006920,2,9,0,9,9,2,7,0,0,6,5,0,0,0,3,1,6,6,2,49,8,1242,1,15,FIAT PANDA,7,E01027990,0,-1
2020041009930,2020,041009930,1,9,0,11,11,7,3,0,0,0,0,0,0,0,4,1,5,6,2,22,5,1108,1,10,FIAT PANDA,1,E01025606,0,-1
2020520100282,2020,520100282,2,9,0,18,19,8,4,0,0,0,0,0,0,0,3,1,6,6,2,66,10,1242,1,4,FIAT PANDA,6,E01020517,0,-1
2020420925507,2020,420925507,1,9,0,17,19,2,1,0,0,1,0,0,0,0,1,1,6,6,1,76,11,1242,1,14,FIAT PANDA,6,E01000407,0,-1
2020101008634,2020,101008634,1,9,0,18,19,1,5,0,0,4,0,0,0,0,1,1,5,6,2,89,11,1242,1,5,FIAT PANDA,10,E01027513,0,-1
2020010265396,2020,010265396,1,9,0,16,19,3,7,0,0,4,0,0,0,0,1,1,6,6,1,32,6,1108,1,12,FIAT PANDA,4,E01000616,0,-1
2020210995053,2020,210995053,2,9,0,14,14,7,3,0,0,0,0,0,0,0,2,1,6,6,2,23,5,1108,1,11,FIAT PANDA,6,E01018749,0,-1
2020552001105,2020,552001105,1,9,0,18,19,2,6,0,0,0,0,0,0,0,3,1,6,6,2,36,7,1248,2,15,FIAT PANDA,9,E01020356,0,-1
2020160918773,2020,160918773,1,9,0,14,14,6,2,0,0,0,0,4,0,0,1,1,5,6,2,86,11,1242,1,14,FIAT PANDA,10,E01013293,0,-1