collision_index,collision_year,collision_ref_no,vehicle_reference,vehicle_type,towing_and_articulation,vehicle_manoeuvre_historic,vehicle_manoeuvre,vehicle_direction_from,vehicle_direction_to,vehicle_location_restricted_lane_historic,vehicle_location_restricted_lane,junction_location,skidding_and_overturning,hit_object_in_carriageway,vehicle_leaving_carriageway,hit_object_off_carriageway,first_point_of_impact,vehicle_left_hand_drive,journey_purpose_of_driver_historic,journey_purpose_of_driver,sex_of_driver,age_of_driver,age_band_of_driver,engine_capacity_cc,propulsion_code,age_of_vehicle,generic_make_model,driver_imd_decile,lsoa_of_driver,escooter_flag,driver_distance_banding
2020500940717,2020,500940717,1,9,0,5,5,4,8,0,0,0,0,0,0,0,1,1,5,6,2,51,8,1108,1,12,FIAT PANDA,3,E01020010,0,-1
2020410959674,2020,410959674,2,9,0,18,19,6,3,0,0,8,0,0,1,0,3,1,2,2,1,49,8,1248,2,12,FIAT PANDA,5,E01023788,0,-1
2020522002632,2020,522002632,1,9,0,3,3,1,5,0,0,4,0,0,0,0,0,1,6,6,1,54,8,1108,1,11,FIAT PANDA,2,E01014810,0,-1
2020010241768,2020,010241768,1,9,0,99,99,9,9,99,99,9,9,99,9,99,9,9,6,6,1,30,6,1242,1,14,FIAT PANDA,3,E01001669,0,-1
2020010232098,2020,010232098,2,9,0,99,99,9,9,99,99,0,9,99,9,99,1,1,6,6,3,-1,-1,1242,1,8,FIAT PANDA,8,E01003904,0,-1
2020010286359,2020,010286359,2,9,0,99,99,9,9,99,99,9,9,99,9,99,1,9,6,6,3,-1,-1,1108,1,10,FIAT PANDA,-1,-1,0,-1
2020522001299,2020,522001299,2,9,0,9,9,4,2,0,0,1,0,0,0,0,1,1,6,6,1,58,9,1242,1,15,FIAT PANDA,-1,-1,0,-1
2020360939555,2020,360939555,1,9,0,17,19,1,4,0,0,0,0,0,0,0,1,1,2,2,1,49,8,1368,1,13,FIAT PANDA,9,E01026557,0,-1
2020010279975,2020,010279975,1,9,0,18,19,3,7,5,5,8,0,0,0,0,1,1,6,6,1,30,6,1108,1,10,FIAT PANDA,9,E01000202,0,-1
2020552001110,2020,552001110,1,9,0,15,15,7,3,0,0,0,0,0,0,0,1,1,1,1,1,67,10,1242,1,14,FIAT PANDA,2,E01020573,0,-1
2020470957509,2020,470957509,1,9,0,7,7,7,2,0,0,8,0,0,0,0,1,1,6,6,1,53,8,1108,1,15,FIAT PANDA,4,E01016977,0,-1
2020360940163,2020,360940163,2,9,0,18,19,6,2,0,0,0,0,0,0,0,2,1,5,6,2,21,5,1242,1,8,FIAT PANDA,4,E01026609,0,-1
2020140992007,2020,140992007,1,9,0,9,9,6,4,0,0,5,0,0,0,0,4,1,2,2,2,26,6,1242,1,13,FIAT PANDA,6,E01007962,0,-1
2020100980123,2020,100980123,1,9,0,18,19,5,1,0,0,0,0,0,0,0,1,1,6,6,2,54,8,1242,1,6,FIAT PANDA,10,E01008472,0,-1
2020440444060,2020,440444060,2,9,0,3,3,7,3,0,0,2,0,0,0,0,2,1,6,6,2,27,6,1248,2,6,FIAT PANDA,7,E01017247,0,-1
2020070108900,2020,070108900,1,9,0,14,14,6,2,0,0,0,0,0,0,0,1,1,6,6,2,58,9,1108,1,11,FIAT PANDA,7,E01012401,0,-1
2020500958352,2020,500958352,2,9,0,18,19,7,3,0,0,0,0,0,0,0,1,1,5,6,2,70,10,1108,1,11,FIAT PANDA,4,E01020337,0,-1
2020430031295,2020,430031295,1,9,0,17,19,5,2,0,0,0,0,0,7,0,1,1,2,2,1,24,5,1108,1,12,FIAT PANDA,10,E01028824,0,-1
202006K375346,2020,06K375346,1,9,0,18,19,3,5,0,0,3,0,0,0,0,4,1,6,6,2,28,6,1242,1,15,FIAT PANDA,3,E01004929,0,-1
2020470949082,2020,470949082,1,9,0,17,19,6,2,0,0,0,1,4,0,0,2,1,5,6,1,24,5,1248,2,12,FIAT PANDA,3,E01031366,0,-1
2020450942437,2020,450942437,1,9,0,18,19,3,7,0,0,1,0,0,0,0,3,1,5,6,1,62,9,1242,1,16,FIAT PANDA,10,E01030906,0,-1
2020471004051,2020,471004051,1,9,0,5,5,6,2,0,0,3,0,0,0,0,4,1,1,1,1,68,10,1108,1,11,FIAT PANDA,3,E01031830,0,-1
2020440184719,2020,440184719,1,9,0,18,19,1,5,0,0,8,0,0,0,0,1,1,6,6,1,26,6,1242,1,9,FIAT PANDA,6,E01023002,0,-1
2020470992144,2020,470992144,1,9,0,18,19,5,1,0,0,1,0,0,0,0,4,1,6,6,2,25,5,1242,1,8,FIAT PANDA,6,E01031342,0,-1
2020010280797,2020,010280797,1,9,0,5,5,8,4,0,0,0,0,0,0,0,4,1,6,6,1,86,11,1108,1,12,FIAT PANDA,2,E01002765,0,-1
2020470994745,2020,470994745,1,9,0,18,19,4,8,0,0,8,0,4,0,0,4,1,1,1,1,50,8,1108,1,11,FIAT PANDA,4,E01020936,0,-1
2020200963532,2020,200963532,1,9,0,9,9,4,2,0,0,5,0,0,0,0,4,1,5,6,1,63,9,1242,1,5,FIAT PANDA,7,E01010498,0,-1
2020552000461,2020,552000461,1,9,0,17,19,2,6,0,0,0,0,4,0,0,1,1,6,6,1,83,11,1242,1,13,FIAT PANDA,7,E01015428,0,-1
2020230937319,2020,230937319,1,9,0,16,19,3,5,0,0,8,0,0,0,0,1,1,5,6,1,33,6,1248,2,12,FIAT PANDA,10,E01031267,0,-1
2020320507155,2020,320507155,2,9,0,2,2,0,0,0,0,0,0,0,0,0,2,1,6,6,2,66,10,1242,1,14,FIAT PANDA,5,E01026407,0,-1
2020440417245,2020,440417245,2,9,0,3,3,8,4,0,0,1,0,0,0,0,2,1,6,6,2,48,8,1242,1,5,FIAT PANDA,1,E01017112,0,-1
2020100967323,2020,100967323,2,9,0,3,3,6,2,0,0,0,0,0,0,0,2,1,5,6,2,62,9,1108,1,11,FIAT PANDA,2,E01020615,0,-1
2020200934917,2020,200934917,1,9,0,18,19,1,5,0,0,1,1,10,7,0,1,1,6,6,3,-1,-1,1242,1,16,FIAT PANDA,-1,-1,0,-1
2020460922379,2020,460922379,2,3,0,18,19,5,1,0,0,1,0,0,0,0,1,1,5,6,1,53,8,108,1,11,HONDA NHX110WH,1,E01024278,0,-1
2020501003191,2020,501003191,2,3,0,18,19,3,7,2,2,0,0,0,0,0,4,1,6,6,1,28,6,108,1,11,HONDA NHX110WH,2,E01015158,0,-1
2020010283839,2020,010283839,1,3,0,9,9,5,3,0,0,3,2,9,2,10,1,1,1,1,1,29,6,108,1,10,HONDA NHX110WH,3,E01003565,0,-1
2020010284269,2020,010284269,1,3,0,18,19,5,1,0,0,1,2,0,0,0,1,1,6,6,1,57,9,108,1,12,HONDA NHX110WH,5,E01000620,0,-1
2020010252057,2020,010252057,1,3,0,99,99,9,9,99,99,9,9,99,9,99,9,1,6,6,1,27,6,108,1,12,HONDA NHX110WH,4,E01033208,0,-1
2020500934394,2020,500934394,1,3,0,18,19,8,4,0,0,8,0,0,0,0,1,1,5,6,1,45,7,108,1,11,HONDA NHX110WH,6,E01015076,0,-1
2020010268409,2020,010268409,1,3,0,99,99,9,9,0,0,0,0,0,0,0,1,1,6,6,1,36,7,108,1,11,HONDA NHX110WH,5,E01003058,0,-1
2020010245136,2020,010245136,1,3,0,18,19,1,5,0,0,1,0,0,0,0,1,1,6,6,1,20,4,108,1,12,HONDA NHX110WH,6,E01002919,0,-1
2020010251589,2020,010251589,2,3,0,5,5,5,1,0,0,0,0,0,0,0,4,1,6,6,1,18,4,108,1,11,HONDA NHX110WH,3,E01002649,0,-1
2020010242855,2020,010242855,1,3,0,18,19,1,5,99,99,9,9,0,0,0,9,1,2,2,1,27,6,108,1,12,HONDA NHX110WH,6,E01002129,0,-1
2020010251330,2020,010251330,1,3,0,99,99,9,9,99,99,9,9,99,9,99,9,1,6,6,1,31,6,108,1,11,HONDA NHX110WH,4,E01000588,0,-1
2020010236501,2020,010236501,1,3,0,99,99,9,9,99,99,9,9,99,9,99,2,1,6,6,1,31,6,108,1,11,HONDA NHX110WH,3,E01004229,0,-1
2020010228599,2020,010228599,1,3,0,4,4,5,1,0,0,1,0,0,0,0,3,-1,1,1,1,35,6,108,1,12,HONDA NHX110WH,-1,-1,0,-1
2020461007650,2020,461007650,1,3,0,18,19,5,1,0,0,0,0,0,0,0,4,1,6,6,1,22,5,108,1,12,HONDA NHX110WH,3,E01024668,0,-1
2020010286349,2020,010286349,1,3,0,99,99,9,9,99,99,0,9,99,9,99,2,1,6,6,1,24,5,108,1,11,HONDA NHX110WH,7,E01002222,0,-1
2020460957993,2020,460957993,2,4,0,18,19,4,8,0,0,1,1,0,0,0,1,1,5,6,1,22,5,108,1,11,-1,7,E01001600,0,-1
2020010280545,2020,010280545,2,3,0,18,19,5,1,0,0,2,0,0,0,0,1,1,6,6,1,46,8,108,1,11,HONDA NHX110WH,2,E01004332,0,-1
20201377I1604,2020,1377I1604,2,3,0,18,19,7,3,0,0,0,0,0,0,0,2,1,6,6,1,24,5,108,1,11,HONDA NHX110WH,1,E01010655,0,-1
2020010250391,2020,010250391,1,3,0,99,99,9,9,99,99,9,9,99,9,99,9,1,6,6,1,36,7,108,1,12,HONDA NHX110WH,4,E01000546,0,-1
2020010244567,2020,010244567,1,3,0,99,99,9,9,99,99,9,9,99,9,99,9,1,2,2,1,38,7,108,1,12,HONDA NHX110WH,7,E01001455,0,-1
2020990996047,2020,990996047,2,3,0,14,14,5,1,0,0,1,0,0,0,0,1,1,6,6,1,30,6,124,1,4,HYOSUNG GT 125,3,-1,0,-1
2020070265804,2020,070265804,1,3,0,17,19,1,5,0,0,4,2,0,0,0,4,1,6,6,1,25,5,124,1,3,HYOSUNG GT 125,2,E01012409,0,-1
2020332000266,2020,332000266,2,3,0,18,19,4,8,0,0,3,0,0,0,0,1,1,6,6,1,18,4,124,1,3,HYOSUNG GT 125,4,E01013747,0,-1
202063D027220,2020,63D027220,1,3,0,17,19,1,6,0,0,0,0,0,7,7,1,1,6,6,1,30,6,124,1,8,HYOSUNG GT 125,6,E01009968,0,-1
2020622000570,2020,622000570,1,3,0,17,19,7,3,0,0,8,1,0,1,0,1,1,6,6,1,19,4,124,1,4,HYOSUNG GT 125,1,W01000738,0,-1
20201377U0031,2020,1377U0031,2,4,0,2,2,5,1,0,0,0,0,0,0,0,2,1,6,6,1,24,5,124,1,13,-1,6,E01011586,0,-1
2020450971571,2020,450971571,1,3,0,7,7,3,7,9,9,3,0,0,1,0,4,1,5,6,1,28,6,124,1,4,HYOSUNG GT 125,9,E01030431,0,-1
2020302000796,2020,302000796,1,3,0,18,19,4,8,0,0,0,0,0,0,0,3,1,6,6,1,18,4,124,1,5,HYOSUNG GT 125,4,E01019851,0,-1
2020500954461,2020,500954461,2,3,0,18,19,7,3,0,0,0,0,0,0,0,0,1,6,6,2,18,4,124,1,4,HYOSUNG GT 125,9,E01019907,0,-1
202063C039120,2020,63C039120,1,4,0,18,19,4,8,0,0,8,0,0,3,1,1,1,1,1,1,28,6,124,1,3,-1,5,W01000593,0,-1
2020360966424,2020,360966424,1,3,0,4,4,7,3,0,0,0,0,0,1,0,1,1,5,6,1,23,5,124,1,2,HYOSUNG GT 125,5,E01026585,0,-1
2020451006553,2020,451006553,1,3,0,15,15,5,5,0,0,0,1,0,0,0,0,1,5,6,1,29,6,124,1,14,HYOSUNG GT 125,8,E01030630,0,-1
2020470994851,2020,470994851,2,3,0,7,7,5,7,0,0,2,0,0,0,0,2,1,5,6,1,27,6,124,1,14,HYOSUNG GT 125,3,E01021126,0,-1
2020010231940,2020,010231940,1,3,0,18,19,7,3,0,0,8,0,0,0,0,4,-1,2,2,1,30,6,124,1,4,HYOSUNG GT 125,8,E01004498,0,-1
2020552001012,2020,552001012,2,3,0,18,19,4,8,0,0,0,0,0,0,0,1,1,6,6,1,18,4,124,1,4,HYOSUNG GT 125,3,E01015409,0,-1
2020471006124,2020,471006124,2,3,0,18,19,5,1,0,0,0,0,0,0,0,1,1,5,6,1,27,6,124,1,14,HYOSUNG GT 125,3,E01021126,0,-1
2020500965657,2020,500965657,1,3,0,18,19,3,7,0,0,0,1,0,0,0,1,1,6,6,1,22,5,124,1,14,HYOSUNG GT 125,3,E01018991,0,-1
2020140915633,2020,140915633,1,3,0,14,14,1,5,0,0,0,0,0,7,0,1,1,2,2,1,28,6,124,1,7,HYOSUNG GT 125,1,E01007325,0,-1
2020040998956,2020,040998956,1,3,0,13,13,6,8,0,0,0,2,0,0,0,2,1,6,6,1,18,4,124,1,12,HYOSUNG GT 125,1,E01025120,0,-1
2020040976943,2020,040976943,1,9,0,18,19,3,7,0,0,0,5,0,0,0,1,1,5,6,1,87,11,2902,2,14,-1,10,E01024965,0,-1
202031C106820,2020,31C106820,1,9,0,9,9,3,1,0,0,5,0,0,0,0,4,1,6,6,1,29,6,2902,2,16,-1,6,E01023845,0,-1
202063A022120,2020,63A022120,2,9,4,2,2,0,0,0,0,0,0,0,0,0,0,1,6,6,1,52,8,2902,2,16,-1,6,W01000666,0,-1
2020430055354,2020,430055354,1,9,0,18,19,4,8,0,0,0,5,12,0,0,1,1,2,2,1,62,9,2902,2,14,-1,2,E01016726,0,-1
2020140976229,2020,140976229,2,9,0,18,19,2,6,0,0,0,0,0,0,0,3,1,5,6,1,37,7,2902,2,15,-1,5,E01026284,0,-1
2020010262774,2020,010262774,2,9,9,99,99,9,9,99,99,0,0,99,0,0,9,9,6,6,3,-1,-1,2902,2,16,-1,-1,-1,0,-1
202006P271577,2020,06P271577,1,9,0,3,3,3,7,0,0,1,0,0,0,0,1,1,6,6,1,38,7,3100,2,26,-1,8,E01005571,0,-1
2020371007910,2020,371007910,1,9,0,18,19,5,1,0,0,0,1,0,7,3,1,1,5,6,1,31,6,3000,2,15,-1,7,E01030082,0,-1
202031A173520,2020,31A173520,1,9,0,18,19,1,5,0,0,1,0,0,0,0,1,1,2,2,2,27,6,2179,2,6,LAND ROVER RANGE ROVER EVOQUE,4,E01013936,0,-1
2020410999546,2020,410999546,2,9,0,18,19,2,6,0,0,0,0,0,0,0,1,1,6,6,1,36,7,1999,2,0,LAND ROVER RANGE ROVER EVOQUE,10,E01023926,0,-1
2020010267044,2020,010267044,2,9,0,99,99,9,9,99,99,9,9,99,9,99,1,9,6,6,1,35,6,1999,2,4,LAND ROVER RANGE ROVER EVOQUE,4,E01001142,0,-1
2020460956866,2020,460956866,2,9,0,18,19,3,7,0,0,1,0,0,0,0,1,1,5,6,2,52,8,1999,2,0,LAND ROVER RANGE ROVER EVOQUE,7,E01024332,0,-1
2020440016394,2020,440016394,2,9,0,3,3,2,6,0,0,1,0,0,0,0,2,1,6,6,2,36,7,2179,2,7,LAND ROVER RANGE ROVER EVOQUE,10,E01022694,0,-1
2020010240473,2020,010240473,1,9,0,99,99,9,9,99,99,9,9,99,9,99,9,9,6,6,2,24,5,1999,2,2,LAND ROVER RANGE ROVER EVOQUE,9,E01030389,0,-1
2020531017884,2020,531017884,2,9,0,5,5,5,3,0,0,6,0,0,0,0,4,1,2,2,2,58,9,1999,2,2,LAND ROVER RANGE ROVER EVOQUE,6,E01022127,0,-1
2020170S11530,2020,170S11530,2,9,0,9,9,6,5,0,0,8,0,0,0,0,3,1,6,6,1,63,9,1999,2,3,LAND ROVER RANGE ROVER EVOQUE,9,E01033475,0,-1
2020010246548,2020,010246548,1,9,0,3,3,2,6,0,0,0,1,0,7,0,2,1,6,6,2,26,6,1999,2,1,LAND ROVER RANGE ROVER EVOQUE,4,E01004576,0,-1
2020500996114,2020,500996114,2,9,0,18,19,5,1,0,0,0,0,0,0,0,3,1,5,6,2,26,6,2179,2,6,LAND ROVER RANGE ROVER EVOQUE,6,E01029305,0,-1
2020302000637,2020,302000637,2,9,0,13,13,4,8,0,0,0,0,0,0,0,4,1,6,6,2,21,5,1999,2,2,LAND ROVER RANGE ROVER EVOQUE,4,E01019550,0,-1
2020010271333,2020,010271333,1,9,0,18,19,5,1,0,0,0,0,0,0,0,1,1,6,6,2,32,6,2179,2,6,LAND ROVER RANGE ROVER EVOQUE,2,E01001161,0,-1
2020010285680,2020,010285680,2,9,0,3,3,5,1,0,0,1,0,0,0,0,4,1,6,6,2,25,5,1999,2,5,LAND ROVER RANGE ROVER EVOQUE,2,E01004537,0,-1
2020010273386,2020,010273386,2,9,0,99,99,9,9,99,99,9,9,99,9,99,1,9,6,6,3,-1,-1,2179,2,7,LAND ROVER RANGE ROVER EVOQUE,-1,-1,0,-1
2020010275915,2020,010275915,1,9,0,9,9,8,6,0,0,8,0,0,0,0,1,9,6,6,3,-1,-1,1999,2,4,LAND ROVER RANGE ROVER EVOQUE,-1,-1,0,-1
2020160968118,2020,160968118,2,9,0,4,4,3,7,0,0,0,0,0,0,0,2,1,5,6,2,52,8,1999,2,0,LAND ROVER RANGE ROVER EVOQUE,10,E01012927,0,-1
2020200936993,2020,200936993,2,9,0,7,7,4,6,0,0,5,0,0,0,0,3,1,3,7,2,31,6,2179,2,5,LAND ROVER RANGE ROVER EVOQUE,4,E01009663,0,-1
2020410944509,2020,410944509,1,9,0,18,19,6,6,0,0,1,0,0,0,0,0,1,5,6,2,47,8,1999,2,5,LAND ROVER RANGE ROVER EVOQUE,10,E01017777,0,-1
2020332000143,2020,332000143,1,9,0,18,19,1,5,0,0,0,0,0,1,0,1,1,6,6,2,42,7,1999,2,1,LAND ROVER RANGE ROVER EVOQUE,10,E01025774,0,-1
2020160959296,2020,160959296,2,9,0,18,19,4,8,0,0,0,0,0,0,0,4,1,6,6,1,36,7,1999,2,4,LAND ROVER RANGE ROVER EVOQUE,6,E01013167,0,-1
2020010275224,2020,010275224,2,9,0,99,99,9,9,99,99,9,9,99,9,99,9,9,6,6,3,-1,-1,1999,1,5,LAND ROVER RANGE ROVER EVOQUE,-1,-1,0,-1
2020432003571,2020,432003571,2,9,0,3,3,4,8,0,0,1,0,0,0,0,2,1,6,6,2,56,9,1999,2,3,LAND ROVER RANGE ROVER EVOQUE,7,E01017379,0,-1
202063D022920,2020,63D022920,2,9,0,18,19,6,2,0,0,0,0,0,1,10,1,1,6,6,2,46,8,2179,2,5,LAND ROVER RANGE ROVER EVOQUE,7,W01000460,0,-1
20201374H0477,2020,1374H0477,2,9,0,18,19,4,7,0,0,1,0,0,0,0,1,1,6,6,2,36,7,2179,2,9,LAND ROVER RANGE ROVER EVOQUE,8,E01011536,0,-1
2020040941452,2020,040941452,1,9,0,9,9,7,5,0,0,1,0,0,0,0,4,1,5,6,1,25,5,1999,2,3,LAND ROVER RANGE ROVER EVOQUE,9,E01025596,0,-1
2020460975836,2020,460975836,1,9,0,11,11,3,7,0,0,0,0,0,0,0,2,1,5,6,2,38,7,2179,2,7,LAND ROVER RANGE ROVER EVOQUE,3,E01000432,0,-1
2020010282430,2020,010282430,2,9,0,18,19,3,7,0,0,1,0,10,0,0,3,1,3,7,2,53,8,2179,2,7,LAND ROVER RANGE ROVER EVOQUE,10,E01000793,0,-1
202031C181420,2020,31C181420,1,9,0,18,19,5,1,0,0,2,0,0,0,0,1,1,6,6,2,29,6,2179,2,8,LAND ROVER RANGE ROVER EVOQUE,2,E01013845,0,-1
2020010269367,2020,010269367,2,9,0,99,99,9,9,99,99,1,9,99,9,99,9,9,6,6,3,28,6,1999,2,4,LAND ROVER RANGE ROVER EVOQUE,3,E01003615,0,-1
2020460928927,2020,460928927,1,9,0,18,19,1,5,0,0,6,0,0,0,0,3,1,5,6,2,42,7,1999,2,4,LAND ROVER RANGE ROVER EVOQUE,10,E01024748,0,-1
2020140922310,2020,140922310,1,9,0,18,19,6,2,0,0,8,0,0,0,0,1,1,5,6,2,65,9,1999,2,0,LAND ROVER RANGE ROVER EVOQUE,9,E01019614,0,-1
2020060974728,2020,060974728,2,9,0,18,19,6,2,0,0,0,0,0,0,0,3,1,5,6,1,37,7,2179,2,7,LAND ROVER RANGE ROVER EVOQUE,9,E01025470,0,-1
2020231005518,2020,231005518,1,9,0,5,5,8,4,0,0,0,0,0,0,0,3,1,5,6,2,43,7,1999,2,0,LAND ROVER RANGE ROVER EVOQUE,5,E01019605,0,-1
2020302001220,2020,302001220,1,9,0,18,19,2,6,0,0,0,0,0,0,0,4,1,3,7,2,29,6,1999,2,5,LAND ROVER RANGE ROVER EVOQUE,5,E01019852,0,-1
2020302001423,2020,302001423,2,9,0,3,3,2,6,0,0,8,0,0,1,0,2,1,6,6,2,36,7,2179,2,7,LAND ROVER RANGE ROVER EVOQUE,8,E01019834,0,-1
2020990934732,2020,990934732,1,9,0,9,9,6,2,0,0,0,0,0,0,0,1,1,5,6,2,42,7,2179,2,8,LAND ROVER RANGE ROVER EVOQUE,-1,-1,0,-1
2020410957914,2020,410957914,3,9,0,18,19,7,7,0,0,0,0,0,0,0,0,1,5,6,1,34,6,2179,2,6,LAND ROVER RANGE ROVER EVOQUE,-1,-1,0,-1
2020137841058,2020,137841058,2,9,0,5,5,7,3,0,0,1,0,0,0,0,3,1,6,6,2,34,6,1999,2,1,LAND ROVER RANGE ROVER EVOQUE,1,E01025068,0,-1
2020140973590,2020,140973590,1,9,0,9,9,5,1,0,0,1,0,0,0,0,1,1,5,6,1,29,6,1999,2,4,LAND ROVER RANGE ROVER EVOQUE,5,E01007366,0,-1
2020610050620,2020,610050620,2,9,0,3,3,7,3,0,0,0,0,0,0,0,1,1,1,1,1,62,9,1997,1,0,LAND ROVER RANGE ROVER EVOQUE,5,W01001383,0,-1
2020430359875,2020,430359875,1,9,0,18,19,8,4,0,0,0,0,0,0,0,1,1,6,6,1,24,5,1999,2,5,LAND ROVER RANGE ROVER EVOQUE,-1,-1,0,-1
2020520004698,2020,520004698,3,9,0,2,2,0,0,0,0,2,0,0,0,0,1,1,6,6,3,-1,-1,2179,2,8,LAND ROVER RANGE ROVER EVOQUE,-1,-1,0,-1
2020400961707,2020,400961707,2,9,0,2,2,0,0,0,0,0,0,0,0,0,4,1,6,6,2,48,8,1999,2,4,LAND ROVER RANGE ROVER EVOQUE,4,E01017476,0,-1
2020460989288,2020,460989288,1,9,0,18,19,8,4,0,0,0,0,0,0,0,1,1,6,6,1,63,9,2179,2,8,LAND ROVER RANGE ROVER EVOQUE,6,E01024292,0,-1
2020010260720,2020,010260720,2,9,0,99,99,9,9,99,99,9,9,99,9,99,3,9,6,6,3,-1,-1,1999,2,0,LAND ROVER RANGE ROVER EVOQUE,-1,-1,0,-1
2020220945069,2020,220945069,1,9,0,9,9,7,4,0,0,6,0,0,0,0,1,1,5,6,2,75,10,1999,2,1,LAND ROVER RANGE ROVER EVOQUE,10,E01032367,0,-1
2020543142820,2020,543142820,2,9,0,4,4,1,5,0,0,0,0,0,0,0,2,1,6,6,2,35,6,1997,1,1,LAND ROVER RANGE ROVER EVOQUE,9,E01031998,0,-1
2020430350363,2020,430350363,2,9,0,18,19,4,1,0,0,1,0,0,0,0,1,1,2,2,1,29,6,1999,2,3,LAND ROVER RANGE ROVER EVOQUE,3,E01023496,0,-1
2020010268053,2020,010268053,2,9,0,99,99,9,9,99,99,9,9,99,9,99,2,9,6,6,3,-1,-1,1999,2,5,LAND ROVER RANGE ROVER EVOQUE,5,E01003155,0,-1
2020320631728,2020,320631728,1,9,0,18,19,2,6,0,0,1,0,0,0,0,1,1,6,6,1,36,7,2179,2,8,LAND ROVER RANGE ROVER EVOQUE,4,E01015630,0,-1
2020231027569,2020,231027569,1,9,0,18,19,4,8,0,0,6,0,0,0,0,4,1,5,6,2,55,8,1999,2,2,LAND ROVER RANGE ROVER EVOQUE,9,E01009671,0,-1
2020440414128,2020,440414128,1,9,0,18,19,1,5,0,0,0,1,0,5,6,1,1,6,6,2,33,6,2179,2,7,LAND ROVER RANGE ROVER EVOQUE,7,E01009643,0,-1
2020522004696,2020,522004696,1,9,0,-1,-1,-1,-1,0,0,0,5,4,0,0,1,1,6,6,2,26,6,1999,2,1,LAND ROVER RANGE ROVER EVOQUE,8,E01014472,0,-1
2020160947066,2020,160947066,2,9,0,18,19,5,1,0,0,4,0,0,0,0,1,1,2,2,1,33,6,2179,2,7,LAND ROVER RANGE ROVER EVOQUE,4,E01013179,0,-1
2020622000954,2020,622000954,1,9,0,18,19,4,8,0,0,0,1,0,0,0,3,1,1,1,1,31,6,1999,2,2,LAND ROVER RANGE ROVER EVOQUE,8,W01001757,0,-1
2020010264701,2020,010264701,2,9,0,2,2,0,0,0,0,0,0,0,0,0,1,1,6,6,3,-1,-1,1997,1,0,LAND ROVER RANGE ROVER EVOQUE,-1,-1,0,-1
2020552000844,2020,552000844,2,9,0,17,19,8,4,0,0,0,0,0,0,0,1,1,6,6,2,45,7,1999,2,3,LAND ROVER RANGE ROVER EVOQUE,5,E01024796,0,-1
202031C064220,2020,31C064220,3,9,0,3,3,3,6,0,0,1,0,0,0,0,2,1,6,6,1,64,9,2179,2,8,LAND ROVER RANGE ROVER EVOQUE,6,E01013837,0,-1
2020522101042,2020,522101042,1,9,0,9,9,3,1,0,0,8,0,0,0,0,1,1,6,6,2,34,6,2179,2,7,LAND ROVER RANGE ROVER EVOQUE,4,E01015007,0,-1
2020420991309,2020,420991309,1,9,0,7,7,1,3,0,0,1,0,0,0,0,1,1,6,6,2,38,7,2179,2,6,LAND ROVER RANGE ROVER EVOQUE,5,E01021499,0,-1
2020200936397,2020,200936397,1,9,0,18,19,8,4,0,0,1,1,0,0,0,1,1,6,6,2,58,9,2179,2,7,LAND ROVER RANGE ROVER EVOQUE,10,E01009845,0,-1
2020160938644,2020,160938644,1,9,0,9,9,2,6,0,0,1,0,0,0,0,4,1,6,6,1,53,8,1999,2,2,LAND ROVER RANGE ROVER EVOQUE,5,E01012930,0,-1
2020450939411,2020,450939411,1,9,0,1,1,3,7,0,0,0,0,0,0,0,3,1,3,7,2,27,6,2179,2,7,LAND ROVER RANGE ROVER EVOQUE,6,E01030973,0,-1
202006XM74783,2020,06XM74783,1,9,0,3,3,4,8,0,0,0,0,0,0,0,2,1,2,2,2,37,7,2179,2,7,LAND ROVER RANGE ROVER EVOQUE,-1,-1,0,-1
2020137C41306,2020,137C41306,3,9,0,18,19,4,8,0,0,0,0,0,0,0,2,1,6,6,1,47,8,1999,2,0,LAND ROVER RANGE ROVER EVOQUE,8,E01032493,0,-1
2020470980169,2020,470980169,1,9,0,18,19,2,6,0,0,0,0,0,0,0,1,1,6,6,2,26,6,2179,2,7,LAND ROVER RANGE ROVER EVOQUE,4,E01032980,0,-1
2020221009945,2020,221009945,1,9,0,5,5,4,8,0,0,6,0,0,0,0,3,1,5,6,2,49,8,2179,2,7,LAND ROVER RANGE ROVER EVOQUE,9,E01032433,0,-1
2020160992088,2020,160992088,1,9,0,18,19,2,6,0,0,0,0,0,0,0,2,1,6,6,3,-1,-1,2179,2,7,LAND ROVER RANGE ROVER EVOQUE,-1,-1,0,-1
202006L275295,2020,06L275295,1,9,0,18,19,3,7,0,0,1,0,0,0,0,1,1,6,6,2,30,6,1999,1,9,LAND ROVER RANGE ROVER EVOQUE,-1,-1,0,-1
202006F171823,2020,06F171823,1,9,0,18,19,8,4,0,0,1,0,0,1,0,1,1,6,6,2,56,9,1999,2,1,LAND ROVER RANGE ROVER EVOQUE,9,E01005634,0,-1