collision_index,collision_year,collision_ref_no,vehicle_reference,vehicle_type,towing_and_articulation,vehicle_manoeuvre_historic,vehicle_manoeuvre,vehicle_direction_from,vehicle_direction_to,vehicle_location_restricted_lane_historic,vehicle_location_restricted_lane,junction_location,skidding_and_overturning,hit_object_in_carriageway,vehicle_leaving_carriageway,hit_object_off_carriageway,first_point_of_impact,vehicle_left_hand_drive,journey_purpose_of_driver_historic,journey_purpose_of_driver,sex_of_driver,age_of_driver,age_band_of_driver,engine_capacity_cc,propulsion_code,age_of_vehicle,generic_make_model,driver_imd_decile,lsoa_of_driver,escooter_flag,driver_distance_banding
2020220939997,2020,220939997,4,9,0,3,3,6,3,0,0,0,0,0,0,0,2,1,6,6,3,33,6,2179,2,7,LAND ROVER RANGE ROVER EVOQUE,-1,-1,0,-1
2020460941994,2020,460941994,2,9,0,4,4,5,1,0,0,0,0,0,0,0,3,1,5,6,1,34,6,1999,2,4,LAND ROVER RANGE ROVER EVOQUE,5,E01024701,0,-1
2020546073020,2020,546073020,1,9,0,18,19,2,6,0,0,0,5,0,7,3,1,1,6,6,2,65,9,2179,2,6,LAND ROVER RANGE ROVER EVOQUE,6,E01031990,0,-1
2020450939835,2020,450939835,4,9,0,18,19,7,3,0,0,0,0,0,0,0,1,1,6,6,1,40,7,1999,2,3,LAND ROVER RANGE ROVER EVOQUE,5,E01001659,0,-1
2020450932429,2020,450932429,2,9,0,18,19,1,5,0,0,1,1,0,0,0,1,1,6,6,1,53,8,1999,2,2,LAND ROVER RANGE ROVER EVOQUE,10,E01030986,0,-1
2020040976946,2020,040976946,2,9,0,7,7,8,2,0,0,3,0,0,0,0,3,1,5,6,2,28,6,1999,2,4,LAND ROVER RANGE ROVER EVOQUE,5,E01012635,0,-1
2020110989812,2020,110989812,1,9,0,18,19,1,5,0,0,6,0,0,0,0,1,1,6,6,2,67,10,1999,2,4,LAND ROVER RANGE ROVER EVOQUE,2,E01020797,0,-1
202006XN73769,2020,06XN73769,1,9,0,18,19,6,2,0,0,0,0,0,0,0,3,1,6,6,2,47,8,2179,2,6,LAND ROVER RANGE ROVER EVOQUE,2,E01033675,0,-1
2020010265036,2020,010265036,2,9,0,18,19,6,2,9,9,0,0,0,0,0,3,1,6,6,1,21,5,1999,2,2,LAND ROVER RANGE ROVER EVOQUE,4,E01004401,0,-1
2020140920692,2020,140920692,1,9,0,18,19,3,7,0,0,4,0,0,0,0,3,1,5,6,2,43,7,2179,2,6,LAND ROVER RANGE ROVER EVOQUE,2,E01007767,0,-1
2020230918360,2020,230918360,2,9,0,18,19,8,4,0,0,0,1,0,1,7,4,1,6,6,2,47,8,1999,2,1,LAND ROVER RANGE ROVER EVOQUE,5,E01010160,0,-1
2020122000687,2020,122000687,2,9,0,17,19,6,2,0,0,0,0,0,0,0,3,1,6,6,1,57,9,1999,2,2,LAND ROVER RANGE ROVER EVOQUE,10,E01016653,0,-1
2020461007452,2020,461007452,1,9,0,18,19,5,1,0,0,0,0,0,0,0,1,1,6,6,1,-1,-1,2179,2,8,LAND ROVER RANGE ROVER EVOQUE,7,E01016123,0,-1
2020160947148,2020,160947148,1,9,0,18,19,7,3,0,0,1,0,0,0,0,4,1,5,6,1,-1,-1,1999,2,3,LAND ROVER RANGE ROVER EVOQUE,7,E01013256,0,-1
2020100967283,2020,100967283,4,9,0,2,2,2,6,0,0,1,0,0,0,0,4,1,6,6,2,64,9,1999,2,2,LAND ROVER RANGE ROVER EVOQUE,9,E01020635,0,-1
2020070409352,2020,070409352,2,9,0,5,5,4,8,8,6,0,0,0,0,0,3,1,6,6,1,61,9,1999,2,4,LAND ROVER RANGE ROVER EVOQUE,9,E01018634,0,-1
2020160981567,2020,160981567,1,9,0,6,6,6,6,0,0,0,0,0,0,0,3,1,5,6,2,73,10,2179,2,5,LAND ROVER RANGE ROVER EVOQUE,6,E01013023,0,-1
2020430032160,2020,430032160,2,9,0,18,19,1,7,0,0,8,0,0,0,0,4,1,2,2,2,43,7,1999,2,3,LAND ROVER RANGE ROVER EVOQUE,5,E01028441,0,-1
2020070074521,2020,070074521,1,9,0,5,5,7,1,0,0,1,0,0,0,0,1,1,3,7,2,52,8,2179,2,5,LAND ROVER RANGE ROVER EVOQUE,6,E01005159,0,-1
2020461005661,2020,461005661,2,9,0,18,19,7,3,0,0,0,0,0,0,0,2,1,6,6,1,23,5,1999,2,4,LAND ROVER RANGE ROVER EVOQUE,8,E01024133,0,-1
2020530996349,2020,530996349,1,9,0,7,7,4,6,0,0,8,0,0,0,0,1,1,5,6,1,65,9,1999,2,1,LAND ROVER RANGE ROVER EVOQUE,10,E01022171,0,-1
202006XJ68313,2020,06XJ68313,2,9,0,4,4,7,3,0,0,0,0,0,0,0,2,1,6,6,2,35,6,2179,2,8,LAND ROVER RANGE ROVER EVOQUE,10,E01006190,0,-1
2020420969182,2020,420969182,1,9,0,18,19,5,1,0,0,2,0,0,0,0,4,1,6,6,2,58,9,1999,2,3,LAND ROVER RANGE ROVER EVOQUE,10,E01021616,0,-1
2020030972296,2020,030972296,1,9,0,17,19,1,5,0,0,8,0,0,1,4,1,1,5,6,1,34,6,1999,2,3,LAND ROVER RANGE ROVER EVOQUE,9,E01029744,0,-1
2020010285335,2020,010285335,1,9,0,7,7,1,3,0,0,8,0,0,0,0,4,2,6,6,2,40,7,2179,2,7,LAND ROVER RANGE ROVER EVOQUE,1,E01033584,0,-1
2020991008047,2020,991008047,1,9,0,18,19,7,3,0,0,0,0,0,0,0,3,1,5,6,2,49,8,1999,2,3,LAND ROVER RANGE ROVER EVOQUE,8,-1,0,-1
2020470916600,2020,470916600,2,9,0,3,3,6,2,0,0,0,0,0,0,0,2,1,5,6,1,37,7,1999,2,3,LAND ROVER RANGE ROVER EVOQUE,9,E01021208,0,-1
2020400992271,2020,400992271,1,9,-1,-1,-1,4,5,-1,-1,0,-1,-1,-1,0,-1,1,2,2,1,24,5,1999,2,4,LAND ROVER RANGE ROVER EVOQUE,1,E01015736,0,-1
2020430436623,2020,430436623,2,9,0,2,2,0,0,9,9,0,0,0,0,0,4,1,3,7,2,34,6,1999,2,2,LAND ROVER RANGE ROVER EVOQUE,-1,-1,0,-1
2020041000232,2020,041000232,1,9,0,9,9,5,3,0,0,6,0,0,0,0,1,1,3,7,2,37,7,1999,2,2,LAND ROVER RANGE ROVER EVOQUE,9,E01025566,0,-1
2020470986199,2020,470986199,3,9,0,18,19,8,4,0,0,0,0,0,0,0,4,1,5,6,1,22,5,2179,2,8,LAND ROVER RANGE ROVER EVOQUE,3,E01002151,0,-1
2020421009559,2020,421009559,2,9,0,11,11,7,3,0,0,0,0,0,0,0,4,1,2,2,1,73,10,1999,2,4,LAND ROVER RANGE ROVER EVOQUE,4,E01027963,0,-1
2020421009803,2020,421009803,2,9,0,4,4,3,7,0,0,0,0,0,0,0,1,1,6,6,1,56,9,1997,1,0,LAND ROVER RANGE ROVER EVOQUE,9,E01021568,0,-1
2020010244974,2020,010244974,2,9,0,1,1,1,5,0,0,0,0,0,0,0,4,1,6,6,1,36,7,1999,2,5,LAND ROVER RANGE ROVER EVOQUE,1,E01003577,0,-1
2020410925051,2020,410925051,2,9,0,18,19,5,1,0,0,0,0,0,0,0,1,1,6,6,2,41,7,1999,2,4,LAND ROVER RANGE ROVER EVOQUE,5,E01023769,0,-1
2020040963892,2020,040963892,2,9,0,18,19,3,7,0,0,0,0,0,0,0,1,1,5,6,2,32,6,2179,2,7,LAND ROVER RANGE ROVER EVOQUE,8,E01024973,0,-1
2020302000251,2020,302000251,2,9,0,18,19,3,7,0,0,0,0,0,0,0,3,1,2,2,2,29,6,2179,2,6,LAND ROVER RANGE ROVER EVOQUE,7,E01019769,0,-1
2020010279582,2020,010279582,2,9,0,99,99,9,9,99,99,9,9,99,9,99,9,9,6,6,3,-1,-1,1997,1,0,LAND ROVER RANGE ROVER EVOQUE,-1,-1,0,-1
2020010232383,2020,010232383,2,9,0,3,3,1,5,0,0,1,0,0,0,0,1,2,6,6,1,26,6,2179,2,6,LAND ROVER RANGE ROVER EVOQUE,2,E01003086,0,-1
2020420965829,2020,420965829,2,9,0,9,9,4,2,0,0,1,0,0,0,0,3,1,6,6,1,34,6,2179,2,8,LAND ROVER RANGE ROVER EVOQUE,4,E01021425,0,-1
202006L276183,2020,06L276183,1,9,0,18,19,2,6,0,0,4,0,0,0,0,1,1,6,6,3,-1,-1,2179,2,8,LAND ROVER RANGE ROVER EVOQUE,-1,-1,0,-1
2020990917564,2020,990917564,2,9,0,16,19,5,8,0,0,0,0,0,0,0,1,1,5,6,2,61,9,2179,2,7,LAND ROVER RANGE ROVER EVOQUE,2,-1,0,-1
2020420948004,2020,420948004,2,9,0,18,19,3,7,0,0,0,0,0,0,0,4,1,5,6,1,42,7,1999,2,4,LAND ROVER RANGE ROVER EVOQUE,4,E01021508,0,-1
2020400984092,2020,400984092,2,9,0,4,4,1,5,0,0,1,0,12,0,0,0,1,6,6,2,34,6,1999,1,8,LAND ROVER RANGE ROVER EVOQUE,9,E01015708,0,-1
2020470953415,2020,470953415,1,9,0,18,19,7,5,0,0,6,0,0,0,0,1,1,5,6,1,45,7,2179,2,5,LAND ROVER RANGE ROVER EVOQUE,8,E01020987,0,-1
2020420937389,2020,420937389,2,9,0,18,19,1,5,0,0,0,0,0,4,0,3,1,1,1,2,46,8,2179,2,6,LAND ROVER RANGE ROVER EVOQUE,7,E01021676,0,-1
2020522101319,2020,522101319,3,9,0,18,19,3,7,0,0,0,0,0,0,0,1,1,6,6,1,47,8,2179,2,8,LAND ROVER RANGE ROVER EVOQUE,9,E01014481,0,-1
2020040960289,2020,040960289,1,9,0,9,9,7,3,0,0,2,0,11,0,0,4,1,5,6,2,49,8,2179,2,7,LAND ROVER RANGE ROVER EVOQUE,9,E01025560,0,-1
2020041004828,2020,041004828,2,9,0,16,19,1,5,0,0,0,0,0,0,0,4,1,5,6,1,52,8,1999,2,4,LAND ROVER RANGE ROVER EVOQUE,9,E01025451,0,-1
2020430031865,2020,430031865,1,9,0,9,9,2,8,0,0,8,0,0,0,0,1,1,6,6,2,38,7,1999,2,3,LAND ROVER RANGE ROVER EVOQUE,9,E01015710,0,-1
2020410920273,2020,410920273,1,9,0,9,9,5,3,0,0,6,0,0,0,0,4,1,6,6,2,34,6,1999,2,4,LAND ROVER RANGE ROVER EVOQUE,9,E01023748,0,-1
2020010279413,2020,010279413,1,9,0,99,99,9,9,99,99,9,9,99,9,99,9,9,6,6,2,57,9,1999,2,4,LAND ROVER RANGE ROVER EVOQUE,2,E01002075,0,-1
20201379S1050,2020,1379S1050,1,9,0,4,4,2,6,0,0,0,0,0,0,0,1,1,6,6,1,49,8,2179,2,8,LAND ROVER RANGE ROVER EVOQUE,8,E01011066,0,-1
2020010239587,2020,010239587,1,9,0,18,19,8,4,99,99,9,9,0,0,0,2,1,6,6,2,31,6,2179,2,7,LAND ROVER RANGE ROVER EVOQUE,1,E01000596,0,-1
2020410994241,2020,410994241,1,9,0,18,19,1,6,0,0,0,0,0,0,0,1,1,6,6,2,41,7,2179,2,6,LAND ROVER RANGE ROVER EVOQUE,9,E01023316,0,-1
2020010266508,2020,010266508,1,9,0,99,99,9,9,99,99,9,9,99,9,99,1,9,6,6,2,51,8,1999,2,4,LAND ROVER RANGE ROVER EVOQUE,2,E01000526,0,-1
2020350933626,2020,350933626,2,9,0,18,19,6,2,0,0,8,0,0,0,0,4,1,5,6,2,42,7,1999,2,4,LAND ROVER RANGE ROVER EVOQUE,7,E01018082,0,-1
2020430341755,2020,430341755,2,9,0,18,19,8,4,0,0,8,5,0,7,9,4,1,6,6,2,48,8,1999,2,0,LAND ROVER RANGE ROVER EVOQUE,8,E01016609,0,-1
2020401008289,2020,401008289,2,9,0,18,19,1,5,0,0,0,0,0,1,0,1,1,5,6,1,40,7,2179,2,8,LAND ROVER RANGE ROVER EVOQUE,-1,-1,0,-1
2020070028773,2020,070028773,1,9,0,4,4,6,2,0,0,6,0,0,0,0,0,1,6,6,1,39,7,1999,2,1,LAND ROVER RANGE ROVER EVOQUE,1,E01012382,0,-1
2020460934299,2020,460934299,2,9,0,18,19,3,7,0,0,0,0,0,4,6,4,1,2,2,1,40,7,1999,2,0,LAND ROVER RANGE ROVER EVOQUE,2,E01033726,0,-1
2020160960695,2020,160960695,1,9,0,18,19,5,1,0,0,8,0,0,0,0,1,1,6,6,1,63,9,1999,2,1,LAND ROVER RANGE ROVER EVOQUE,10,E01013215,0,-1
2020010257095,2020,010257095,7,9,0,2,2,0,0,0,0,1,0,0,0,0,3,1,6,6,3,-1,-1,1999,2,5,LAND ROVER RANGE ROVER EVOQUE,-1,-1,0,-1
2020531010029,2020,531010029,1,9,0,18,19,3,7,0,0,8,0,0,0,0,1,1,6,6,1,27,6,1999,2,5,LAND ROVER RANGE ROVER EVOQUE,3,E01022286,0,-1
2020010249560,2020,010249560,2,9,9,99,99,9,9,99,99,9,9,99,9,99,9,9,6,6,2,28,6,1999,2,5,LAND ROVER RANGE ROVER EVOQUE,3,E01001111,0,-1
2020400994534,2020,400994534,1,9,0,2,2,0,0,0,0,0,0,0,0,0,2,1,1,1,2,51,8,1999,2,0,LAND ROVER RANGE ROVER EVOQUE,3,E01015752,0,-1
2020460995781,2020,460995781,2,9,0,18,19,1,5,0,0,0,0,0,0,0,3,1,6,6,1,60,9,1999,2,2,LAND ROVER RANGE ROVER EVOQUE,7,E01024435,0,-1
2020370944830,2020,370944830,1,9,0,5,5,4,1,0,0,4,0,0,0,0,3,1,5,6,1,40,7,2179,2,5,LAND ROVER RANGE ROVER EVOQUE,4,E01030270,0,-1
2020161001794,2020,161001794,2,9,0,4,4,7,3,0,0,0,0,0,0,0,2,1,5,6,2,33,6,2179,2,5,LAND ROVER RANGE ROVER EVOQUE,2,E01013240,0,-1
2020122100075,2020,122100075,1,9,0,3,3,1,5,0,0,0,0,0,0,0,2,1,6,6,2,35,6,1999,2,5,LAND ROVER RANGE ROVER EVOQUE,10,E01027639,0,-1
2020450919213,2020,450919213,3,9,0,10,10,2,6,0,0,1,0,0,0,0,0,1,5,6,2,71,10,2179,2,5,LAND ROVER RANGE ROVER EVOQUE,10,E01030939,0,-1
2020010253726,2020,010253726,1,9,0,99,99,9,9,99,99,9,9,99,9,99,1,9,6,6,1,44,7,1999,2,3,LAND ROVER RANGE ROVER EVOQUE,4,E01030551,0,-1
2020010263140,2020,010263140,1,9,0,3,3,5,1,0,0,1,0,10,0,0,4,1,6,6,2,28,6,1999,2,3,LAND ROVER RANGE ROVER EVOQUE,10,E01000697,0,-1
2020420984166,2020,420984166,1,9,0,9,9,8,6,0,0,2,0,0,0,0,3,1,6,6,2,42,7,1999,2,2,LAND ROVER RANGE ROVER EVOQUE,3,E01021490,0,-1
2020500951703,2020,500951703,1,9,0,9,9,8,6,0,0,5,0,0,0,0,1,1,2,2,2,59,9,2179,2,8,LAND ROVER RANGE ROVER EVOQUE,7,E01019892,0,-1
2020100986476,2020,100986476,2,9,0,18,19,6,2,0,0,1,0,0,0,0,2,1,6,6,1,-1,-1,2179,2,6,LAND ROVER RANGE ROVER EVOQUE,-1,-1,0,-1
2020450980415,2020,450980415,1,9,0,18,19,1,5,0,0,0,0,0,7,0,1,1,5,6,1,42,7,2179,2,7,LAND ROVER RANGE ROVER EVOQUE,4,E01030816,0,-1
2020460926325,2020,460926325,1,9,0,18,19,3,5,0,0,3,0,0,0,0,3,1,2,2,2,33,6,2179,2,6,LAND ROVER RANGE ROVER EVOQUE,4,E01024142,0,-1
2020302001581,2020,302001581,1,9,0,5,5,1,5,0,0,0,0,0,0,0,3,1,6,6,1,52,8,2179,2,7,LAND ROVER RANGE ROVER EVOQUE,1,E01019808,0,-1
2020010253413,2020,010253413,1,9,0,18,19,3,7,0,0,0,0,0,0,0,1,1,6,6,1,42,7,1999,2,4,LAND ROVER RANGE ROVER EVOQUE,3,E01002370,0,-1
2020010281900,2020,010281900,1,9,0,18,19,7,3,0,0,0,1,0,0,0,3,1,6,6,1,47,8,1999,2,3,LAND ROVER RANGE ROVER EVOQUE,9,E01003857,0,-1
2020137281382,2020,137281382,1,9,0,18,19,5,1,0,0,8,0,0,0,0,2,1,6,6,2,56,9,1999,2,2,LAND ROVER RANGE ROVER EVOQUE,9,E01011457,0,-1
2020411013318,2020,411013318,1,9,0,2,2,0,0,0,0,1,0,0,0,0,4,1,5,6,3,-1,-1,1999,2,4,LAND ROVER RANGE ROVER EVOQUE,-1,-1,0,-1
2020010266092,2020,010266092,1,9,0,4,4,1,5,0,0,0,0,0,0,0,2,1,6,6,1,31,6,1999,2,4,LAND ROVER RANGE ROVER EVOQUE,2,E01002708,0,-1
2020340D09362,2020,340D09362,1,9,0,1,1,7,3,0,0,0,0,0,0,0,2,1,6,6,2,53,8,2179,2,7,LAND ROVER RANGE ROVER EVOQUE,10,E01027287,0,-1
2020052000443,2020,052000443,1,9,0,1,1,3,7,0,0,1,0,0,0,0,2,1,6,6,2,46,8,1999,2,1,LAND ROVER RANGE ROVER EVOQUE,-1,-1,0,-1
2020460961111,2020,460961111,3,9,0,3,3,8,4,0,0,1,0,0,0,0,2,1,5,6,2,35,6,1999,2,3,LAND ROVER RANGE ROVER EVOQUE,1,E01024390,0,-1
2020170S10380,2020,170S10380,2,9,0,7,7,7,1,0,0,2,0,0,0,0,1,1,6,6,2,45,7,1999,2,3,LAND ROVER RANGE ROVER EVOQUE,5,E01012295,0,-1
2020010263605,2020,010263605,1,9,0,1,1,1,5,8,6,1,0,0,0,0,2,1,6,6,1,49,8,1999,2,4,LAND ROVER RANGE ROVER EVOQUE,2,E01003611,0,-1
2020010262716,2020,010262716,1,9,0,4,4,1,5,0,0,1,0,0,0,0,2,1,6,6,2,58,9,2179,2,6,LAND ROVER RANGE ROVER EVOQUE,4,E01000466,0,-1
20201377D1134,2020,1377D1134,2,9,0,18,19,5,1,0,0,0,0,0,0,0,1,1,6,6,1,51,8,2179,2,7,LAND ROVER RANGE ROVER EVOQUE,1,E01011764,0,-1
2020040976038,2020,040976038,1,9,0,4,4,7,3,0,0,1,0,0,0,0,2,1,2,2,2,29,6,1999,2,3,LAND ROVER RANGE ROVER EVOQUE,4,E01012740,0,-1
202031C113920,2020,31C113920,2,9,0,18,19,3,7,0,0,0,0,0,0,0,1,1,6,6,1,34,6,2179,2,8,LAND ROVER RANGE ROVER EVOQUE,6,E01028146,0,-1
2020350987057,2020,350987057,2,9,0,18,19,3,3,0,0,0,0,0,1,0,1,1,5,6,1,72,10,1999,2,2,LAND ROVER RANGE ROVER EVOQUE,6,E01018196,0,-1
2020140950243,2020,140950243,2,9,0,18,19,4,7,0,0,4,0,0,0,0,3,1,6,6,1,27,6,2179,2,7,LAND ROVER RANGE ROVER EVOQUE,3,E01007800,0,-1
2020440071393,2020,440071393,2,9,0,3,3,1,5,0,0,1,0,0,0,0,2,1,6,6,1,22,5,1999,2,4,LAND ROVER RANGE ROVER EVOQUE,6,E01023071,0,-1
2020052001860,2020,052001860,1,9,0,18,19,6,2,0,0,0,0,0,1,11,1,1,6,6,1,28,6,1999,2,3,LAND ROVER RANGE ROVER EVOQUE,1,E01006544,0,-1
2020010231592,2020,010231592,1,9,0,18,19,5,1,0,0,0,0,0,0,0,1,1,2,2,2,54,8,1999,2,3,LAND ROVER RANGE ROVER EVOQUE,5,E01003345,0,-1
2020010229840,2020,010229840,1,9,0,9,9,1,7,0,0,2,0,0,0,0,3,1,2,2,2,40,7,1999,1,9,LAND ROVER RANGE ROVER EVOQUE,5,E01000285,0,-1
202006L267350,2020,06L267350,1,9,0,6,6,7,2,0,0,1,0,0,0,0,0,1,6,6,2,47,8,1999,2,3,LAND ROVER RANGE ROVER EVOQUE,8,E01004896,0,-1
2020350977091,2020,350977091,1,9,0,9,9,7,2,0,0,4,0,0,0,0,1,1,6,6,1,30,6,1999,2,4,LAND ROVER RANGE ROVER EVOQUE,9,E01018178,0,-1
2020302001362,2020,302001362,1,9,0,18,19,5,7,0,0,0,0,0,0,0,1,1,3,7,2,48,8,2179,2,7,LAND ROVER RANGE ROVER EVOQUE,6,E01019514,0,-1
202031C117820,2020,31C117820,1,9,0,1,1,2,6,0,0,0,0,0,0,0,2,1,6,6,1,29,6,1999,2,0,LAND ROVER RANGE ROVER EVOQUE,6,E01028413,0,-1
202063A045220,2020,63A045220,1,9,0,13,13,7,3,0,0,1,1,0,0,0,1,1,6,6,1,20,4,1999,2,5,LAND ROVER RANGE ROVER EVOQUE,5,W01000627,0,-1
2020110960323,2020,110960323,2,9,0,4,4,5,1,0,0,5,0,4,0,0,2,1,6,6,1,32,6,2179,2,6,LAND ROVER RANGE ROVER EVOQUE,7,E01012334,0,-1
2020460942115,2020,460942115,1,9,0,9,9,7,3,0,0,0,0,0,0,0,1,1,5,6,3,-1,-1,1999,2,4,LAND ROVER RANGE ROVER EVOQUE,2,E01033090,0,-1
2020010237294,2020,010237294,1,9,0,99,99,9,9,99,99,9,9,99,9,99,2,9,6,6,2,29,6,1999,2,1,LAND ROVER RANGE ROVER EVOQUE,5,E01000975,0,-1
2020470968295,2020,470968295,1,9,0,7,7,6,8,0,0,8,0,0,0,0,3,1,5,6,1,38,7,2179,2,8,LAND ROVER RANGE ROVER EVOQUE,8,E01021134,0,-1
2020302000345,2020,302000345,1,9,0,9,9,6,4,0,0,6,0,0,0,0,1,1,6,6,1,72,10,1999,2,4,LAND ROVER RANGE ROVER EVOQUE,8,E01019872,0,-1
2020451003862,2020,451003862,1,9,0,18,19,1,1,0,0,8,0,0,0,0,3,1,6,6,2,40,7,1999,2,4,LAND ROVER RANGE ROVER EVOQUE,10,E01030316,0,-1
2020170H10170,2020,170H10170,2,9,0,18,19,1,5,0,0,0,0,0,0,0,1,1,2,2,1,27,6,2179,2,8,LAND ROVER RANGE ROVER EVOQUE,-1,-1,0,-1
20201378O0765,2020,1378O0765,1,9,0,2,2,7,3,0,0,0,0,0,0,0,0,1,6,6,1,79,11,1997,1,2,LAND ROVER RANGE ROVER EVOQUE,7,E01011635,0,-1
2020010278770,2020,010278770,2,9,0,18,19,1,5,0,0,1,0,0,1,10,1,1,6,6,1,23,5,2179,2,5,LAND ROVER RANGE ROVER EVOQUE,-1,-1,0,-1
2020231005482,2020,231005482,1,9,0,9,9,2,8,0,0,5,0,0,0,0,4,1,5,6,1,54,8,1999,2,3,LAND ROVER RANGE ROVER EVOQUE,10,E01031298,0,-1
2020010251698,2020,010251698,3,9,0,2,2,0,0,0,0,0,0,0,0,0,1,1,6,6,3,-1,-1,1999,2,1,LAND ROVER RANGE ROVER EVOQUE,-1,-1,0,-1
2020430326047,2020,430326047,1,9,0,18,19,4,8,0,0,1,0,0,0,0,1,1,6,6,1,39,7,2179,2,5,LAND ROVER RANGE ROVER EVOQUE,10,E01016666,0,-1
2020450954147,2020,450954147,1,9,0,18,19,5,1,0,0,8,0,0,0,0,1,1,5,6,1,57,9,1999,2,2,LAND ROVER RANGE ROVER EVOQUE,9,E01030379,0,-1
2020141007673,2020,141007673,2,9,0,18,19,7,3,0,0,0,0,0,0,0,1,1,1,1,2,59,9,1999,2,4,LAND ROVER RANGE ROVER EVOQUE,8,E01007610,0,-1
202006L173788,2020,06L173788,2,9,0,18,19,7,3,0,0,8,0,0,0,0,4,1,6,6,2,32,6,1999,2,2,LAND ROVER RANGE ROVER EVOQUE,6,E01006371,0,-1
202006L270331,2020,06L270331,2,9,0,18,19,4,8,0,0,1,0,0,0,0,1,1,6,6,2,50,8,2179,2,8,LAND ROVER RANGE ROVER EVOQUE,-1,-1,0,-1
2020010278582,2020,010278582,2,9,0,8,8,6,8,0,0,1,0,0,0,0,1,1,6,6,1,54,8,1999,2,4,LAND ROVER RANGE ROVER EVOQUE,2,E01002604,0,-1
2020010270662,2020,010270662,1,9,0,7,7,4,7,0,0,1,0,0,0,0,3,1,1,1,2,31,6,2179,2,8,LAND ROVER RANGE ROVER EVOQUE,4,E01003914,0,-1
2020420999793,2020,420999793,2,9,0,18,19,5,1,0,0,8,0,0,0,0,1,1,5,6,2,39,7,1999,2,0,LAND ROVER RANGE ROVER EVOQUE,1,E01022032,0,-1
2020320421387,2020,320421387,2,9,0,4,4,7,3,0,0,0,0,0,0,0,2,1,6,6,1,64,9,1999,2,3,LAND ROVER RANGE ROVER EVOQUE,7,E01019770,0,-1
2020302000360,2020,302000360,1,9,0,18,19,5,1,0,0,8,0,0,0,0,4,1,6,6,2,-1,-1,2179,2,6,LAND ROVER RANGE ROVER EVOQUE,-1,-1,0,-1
2020122000907,2020,122000907,2,9,0,18,19,2,6,0,0,1,0,0,0,0,1,1,2,2,2,29,6,1999,2,4,LAND ROVER RANGE ROVER EVOQUE,8,E01027680,0,-1
202006Q272173,2020,06Q272173,1,9,0,9,9,6,3,0,0,8,0,0,0,0,4,1,6,6,1,42,7,2179,2,5,LAND ROVER RANGE ROVER EVOQUE,-1,-1,0,-1
2020552001101,2020,552001101,1,9,0,18,19,7,3,0,0,0,0,0,0,0,1,1,6,6,1,46,8,1999,2,2,LAND ROVER RANGE ROVER EVOQUE,3,E01031409,0,-1
2020450960268,2020,450960268,1,9,0,17,19,1,4,0,0,0,2,0,1,0,1,1,5,6,1,32,6,1997,1,1,LAND ROVER RANGE ROVER EVOQUE,9,E01030861,0,-1
2020440035704,2020,440035704,2,9,0,16,19,2,5,0,0,0,1,0,0,0,1,1,6,6,2,35,6,1999,2,4,LAND ROVER RANGE ROVER EVOQUE,9,E01022547,0,-1
202063A081620,2020,63A081620,3,9,0,2,2,0,0,0,0,0,0,0,0,0,0,1,6,6,3,-1,-1,2179,2,7,LAND ROVER RANGE ROVER EVOQUE,-1,-1,0,-1
2020201015929,2020,201015929,1,9,0,9,9,5,2,0,0,1,0,0,0,0,4,1,6,6,1,22,5,2179,2,7,LAND ROVER RANGE ROVER EVOQUE,1,E01009079,0,-1
2020200936512,2020,200936512,1,9,0,3,3,8,4,0,0,0,0,0,0,0,2,1,2,2,2,43,7,1999,2,1,LAND ROVER RANGE ROVER EVOQUE,3,E01010237,0,-1
2020100974343,2020,100974343,2,9,0,4,4,1,5,0,0,0,0,0,0,0,2,1,6,6,2,22,5,2179,2,6,LAND ROVER RANGE ROVER EVOQUE,2,E01008572,0,-1
2020010268269,2020,010268269,3,9,0,2,2,0,0,0,0,0,0,0,0,0,0,1,6,6,3,-1,-1,2179,2,8,LAND ROVER RANGE ROVER EVOQUE,-1,-1,0,-1
2020010257421,2020,010257421,1,9,0,18,19,7,3,0,0,8,0,0,0,0,1,1,6,6,1,24,5,2179,2,8,LAND ROVER RANGE ROVER EVOQUE,3,E01002585,0,-1
2020302000833,2020,302000833,1,9,0,15,15,8,4,0,0,0,0,0,0,0,4,1,6,6,2,19,4,1999,2,0,LAND ROVER RANGE ROVER EVOQUE,9,E01018581,0,-1
2020302000895,2020,302000895,1,9,0,5,5,4,2,0,0,0,0,0,0,0,0,1,6,6,1,67,10,2179,2,7,LAND ROVER RANGE ROVER EVOQUE,7,E01019677,0,-1
2020010271402,2020,010271402,1,9,0,99,99,9,9,99,99,9,9,99,9,99,2,9,6,6,1,45,7,1999,2,3,LAND ROVER RANGE ROVER EVOQUE,5,E01023332,0,-1