collision_index,collision_year,collision_ref_no,vehicle_reference,vehicle_type,towing_and_articulation,vehicle_manoeuvre_historic,vehicle_manoeuvre,vehicle_direction_from,vehicle_direction_to,vehicle_location_restricted_lane_historic,vehicle_location_restricted_lane,junction_location,skidding_and_overturning,hit_object_in_carriageway,vehicle_leaving_carriageway,hit_object_off_carriageway,first_point_of_impact,vehicle_left_hand_drive,journey_purpose_of_driver_historic,journey_purpose_of_driver,sex_of_driver,age_of_driver,age_band_of_driver,engine_capacity_cc,propulsion_code,age_of_vehicle,generic_make_model,driver_imd_decile,lsoa_of_driver,escooter_flag,driver_distance_banding
2020010255240,2020,010255240,1,9,0,18,19,5,1,0,0,1,0,0,0,0,1,1,6,6,1,61,9,1999,2,4,LAND ROVER RANGE ROVER EVOQUE,3,E01004355,0,-1
2020470957471,2020,470957471,2,9,0,18,19,5,1,0,0,1,0,0,0,0,4,1,5,6,1,49,8,2179,2,9,LAND ROVER RANGE ROVER EVOQUE,6,E01022925,0,-1
2020522004112,2020,522004112,1,9,0,18,19,3,7,0,0,3,0,0,0,0,4,1,6,6,1,48,8,1999,2,4,LAND ROVER RANGE ROVER EVOQUE,5,E01014746,0,-1
2020010249968,2020,010249968,1,9,0,9,9,7,6,0,0,6,0,0,0,0,3,1,2,2,1,52,8,1999,2,3,LAND ROVER RANGE ROVER EVOQUE,10,E01030328,0,-1
2020010267915,2020,010267915,2,9,0,9,9,6,4,0,0,1,0,0,0,0,2,1,6,6,2,43,7,1999,2,4,LAND ROVER RANGE ROVER EVOQUE,4,E01002519,0,-1
2020340K07342,2020,340K07342,2,9,0,18,19,5,1,0,0,0,0,0,0,0,2,1,6,6,2,35,6,1999,2,3,LAND ROVER RANGE ROVER EVOQUE,3,E01013717,0,-1
2020010276648,2020,010276648,2,9,0,4,4,3,7,0,0,0,0,0,0,0,1,1,3,7,1,29,6,2179,2,6,LAND ROVER RANGE ROVER EVOQUE,3,E01000735,0,-1
2020010286121,2020,010286121,1,9,0,99,99,9,9,0,0,9,0,99,0,0,1,9,6,6,3,-1,-1,1999,2,3,LAND ROVER RANGE ROVER EVOQUE,-1,-1,0,-1
2020460992332,2020,460992332,2,9,0,2,2,0,0,0,0,0,0,0,0,0,3,1,6,6,3,-1,-1,1999,2,3,LAND ROVER RANGE ROVER EVOQUE,-1,-1,0,-1
2020010282222,2020,010282222,1,9,0,7,7,7,1,0,0,0,0,0,0,0,4,1,2,2,1,35,6,1999,2,0,LAND ROVER RANGE ROVER EVOQUE,3,E01000630,0,-1
2020010271396,2020,010271396,2,9,0,99,99,9,9,99,99,9,9,99,9,99,1,9,6,6,3,-1,-1,1999,2,4,LAND ROVER RANGE ROVER EVOQUE,-1,-1,0,-1
2020010277222,2020,010277222,1,9,0,99,99,9,9,99,99,0,9,99,9,99,9,9,6,6,2,42,7,1999,2,4,LAND ROVER RANGE ROVER EVOQUE,6,E01002170,0,-1
2020201023553,2020,201023553,2,9,0,18,19,4,8,0,0,3,0,0,0,0,4,1,6,6,1,21,5,1999,2,4,LAND ROVER RANGE ROVER EVOQUE,1,E01009365,0,-1
2020010284417,2020,010284417,1,9,0,18,19,1,5,0,0,2,0,0,0,0,1,1,6,6,1,56,9,1997,1,1,LAND ROVER RANGE ROVER EVOQUE,6,E01004717,0,-1
2020010247743,2020,010247743,1,9,0,4,4,3,7,0,0,2,0,0,0,0,0,1,6,6,2,36,7,2179,2,8,LAND ROVER RANGE ROVER EVOQUE,4,E01023870,0,-1
2020010241648,2020,010241648,2,9,0,18,19,7,3,0,0,8,0,0,0,0,2,1,2,2,2,51,8,1999,2,2,LAND ROVER RANGE ROVER EVOQUE,2,E01004246,0,-1
2020010236595,2020,010236595,1,9,0,4,4,1,5,0,0,1,0,0,0,0,9,1,6,6,1,50,8,1999,1,7,LAND ROVER RANGE ROVER EVOQUE,7,E01002328,0,-1
2020302001198,2020,302001198,1,9,0,2,2,0,0,0,0,1,0,0,0,0,2,1,6,6,1,34,6,2179,2,9,LAND ROVER RANGE ROVER EVOQUE,2,E01013571,0,-1
2020522002422,2020,522002422,1,9,0,17,19,5,2,0,0,0,0,0,0,0,1,1,6,6,2,72,10,1999,2,3,LAND ROVER RANGE ROVER EVOQUE,1,E01014486,0,-1
2020010273302,2020,010273302,2,9,0,99,99,9,9,99,99,9,9,99,9,99,1,9,6,6,3,-1,-1,1999,2,3,LAND ROVER RANGE ROVER EVOQUE,2,E01003302,0,-1
2020010251982,2020,010251982,1,9,0,18,19,1,5,0,0,3,0,0,0,0,0,1,2,2,1,52,8,1999,2,4,LAND ROVER RANGE ROVER EVOQUE,4,E01002406,0,-1
2020530957987,2020,530957987,1,9,0,18,19,5,1,0,0,0,1,0,1,10,4,1,2,2,1,36,7,2179,2,6,LAND ROVER RANGE ROVER EVOQUE,-1,-1,0,-1
2020990960746,2020,990960746,1,9,0,18,19,8,4,9,9,0,0,0,7,2,1,1,5,6,1,44,7,2179,2,8,LAND ROVER RANGE ROVER EVOQUE,9,-1,0,-1
2020320074318,2020,320074318,2,9,0,18,19,4,8,0,0,0,0,0,0,0,1,1,6,6,2,52,8,1999,2,1,LAND ROVER RANGE ROVER EVOQUE,9,E01026370,0,-1
2020440287653,2020,440287653,2,9,0,18,19,8,4,0,0,0,0,0,0,0,1,1,6,6,1,59,9,2179,2,8,LAND ROVER RANGE ROVER EVOQUE,4,E01017903,0,-1
2020410995435,2020,410995435,1,9,0,7,7,2,6,0,0,8,0,0,0,0,2,1,6,6,3,-1,-1,1999,2,1,LAND ROVER RANGE ROVER EVOQUE,-1,-1,0,-1
2020450972870,2020,450972870,2,9,0,9,9,1,5,0,0,1,0,0,0,0,1,1,6,6,1,30,6,1999,2,1,LAND ROVER RANGE ROVER EVOQUE,8,E01030313,0,-1
2020440234756,2020,440234756,4,9,0,4,4,1,5,0,0,0,0,0,0,0,1,1,6,6,2,34,6,2179,2,7,LAND ROVER RANGE ROVER EVOQUE,2,E01017186,0,-1
2020201003210,2020,201003210,1,9,0,9,9,7,5,0,0,5,0,0,0,0,4,1,3,7,2,30,6,1999,2,0,LAND ROVER RANGE ROVER EVOQUE,9,E01009800,0,-1
2020010262260,2020,010262260,2,9,0,9,9,5,2,0,0,2,0,0,0,0,1,1,6,6,2,29,6,1999,2,1,LAND ROVER RANGE ROVER EVOQUE,2,E01004068,0,-1
2020470921819,2020,470921819,1,9,0,18,19,7,3,0,0,1,0,0,0,0,4,1,6,6,2,47,8,1999,2,1,LAND ROVER RANGE ROVER EVOQUE,5,E01016989,0,-1
2020421007155,2020,421007155,2,9,0,3,3,4,8,0,0,0,0,0,0,0,2,1,6,6,2,28,6,2179,2,7,LAND ROVER RANGE ROVER EVOQUE,9,E01021428,0,-1
2020010272050,2020,010272050,1,9,0,5,5,4,8,0,0,1,0,0,0,0,4,1,3,7,2,39,7,1999,2,4,LAND ROVER RANGE ROVER EVOQUE,8,E01004085,0,-1
20201375F0702,2020,1375F0702,1,9,0,18,19,8,4,0,0,0,0,0,1,4,1,1,6,6,1,55,8,2179,2,7,LAND ROVER RANGE ROVER EVOQUE,-1,-1,0,-1
2020010271052,2020,010271052,2,9,0,99,99,9,9,99,99,0,9,99,9,99,9,9,6,6,3,-1,-1,1999,2,4,LAND ROVER RANGE ROVER EVOQUE,2,E01021279,0,-1
2020440445611,2020,440445611,3,9,0,4,4,5,3,0,0,8,0,0,0,0,1,1,2,2,1,38,7,1999,2,4,LAND ROVER RANGE ROVER EVOQUE,5,E01017045,0,-1
2020010260921,2020,010260921,1,9,0,9,9,7,5,0,0,0,0,0,0,0,4,1,6,6,2,26,6,1999,2,4,LAND ROVER RANGE ROVER EVOQUE,4,E01001463,0,-1
2020200980657,2020,200980657,2,9,0,10,10,8,6,0,0,1,0,0,0,0,3,1,2,2,1,33,6,2179,2,9,LAND ROVER RANGE ROVER EVOQUE,1,E01009988,0,-1
2020420969107,2020,420969107,1,9,0,6,6,8,4,0,0,0,0,0,0,0,3,1,5,6,2,26,6,2179,2,5,LAND ROVER RANGE ROVER EVOQUE,10,E01021941,0,-1
2020010237852,2020,010237852,2,9,0,9,9,1,7,0,0,5,0,0,0,0,1,1,6,6,2,40,7,1999,2,2,LAND ROVER RANGE ROVER EVOQUE,6,E01007787,0,-1
2020010235639,2020,010235639,1,9,0,18,19,8,4,0,0,0,0,0,0,0,1,1,6,6,2,39,7,1999,2,3,LAND ROVER RANGE ROVER EVOQUE,10,E01024426,0,-1
2020522004696,2020,522004696,3,9,0,-1,-1,-1,-1,0,0,0,0,0,0,0,3,1,6,6,1,53,8,2179,2,6,LAND ROVER RANGE ROVER EVOQUE,8,E01014472,0,-1
2020450988562,2020,450988562,1,9,0,18,19,3,7,0,0,0,0,0,0,0,4,1,3,7,2,39,7,2179,2,8,LAND ROVER RANGE ROVER EVOQUE,8,E01030565,0,-1
2020220975882,2020,220975882,1,9,0,4,4,3,7,0,0,2,0,0,0,0,4,1,5,6,2,50,8,1999,2,4,LAND ROVER RANGE ROVER EVOQUE,3,E01028912,0,-1
2020200994595,2020,200994595,1,9,0,6,6,1,8,0,0,6,0,0,0,0,1,1,2,2,1,50,8,1999,2,4,LAND ROVER RANGE ROVER EVOQUE,1,E01009567,0,-1
2020530995522,2020,530995522,3,9,0,18,19,8,4,0,0,0,0,0,0,0,3,1,6,6,2,36,7,1999,2,4,LAND ROVER RANGE ROVER EVOQUE,6,E01022267,0,-1
2020010262177,2020,010262177,2,9,0,18,19,7,3,0,0,8,0,0,0,0,1,1,6,6,1,19,4,1999,2,3,LAND ROVER RANGE ROVER EVOQUE,3,E01003555,0,-1
2020320302087,2020,320302087,1,9,0,18,19,5,1,0,0,2,0,0,0,0,3,1,6,6,1,57,9,1999,2,1,LAND ROVER RANGE ROVER EVOQUE,9,E01026406,0,-1
2020070457763,2020,070457763,2,9,0,12,12,6,1,0,0,0,0,0,0,0,2,1,6,6,2,30,6,2179,2,7,LAND ROVER RANGE ROVER EVOQUE,5,E01006853,0,-1
2020010243521,2020,010243521,2,9,0,1,1,1,5,0,0,5,0,0,0,0,3,1,6,6,1,48,8,1999,2,3,LAND ROVER RANGE ROVER EVOQUE,7,E01001474,0,-1
2020370988980,2020,370988980,1,9,0,4,4,7,3,0,0,0,0,0,0,0,2,1,3,7,1,49,8,2179,2,6,LAND ROVER RANGE ROVER EVOQUE,8,E01030122,0,-1
2020100932054,2020,100932054,1,9,0,18,19,8,4,0,0,0,0,0,0,0,1,1,6,6,2,-1,-1,2179,2,6,LAND ROVER RANGE ROVER EVOQUE,10,E01008618,0,-1
2020470930089,2020,470930089,2,9,0,18,19,7,3,0,0,8,0,0,0,0,1,1,5,6,2,51,8,1999,2,1,LAND ROVER RANGE ROVER EVOQUE,7,E01016979,0,-1
202006XK77106,2020,06XK77106,1,9,0,11,11,4,8,0,0,1,0,0,1,7,4,1,6,6,2,21,5,2179,2,7,LAND ROVER RANGE ROVER EVOQUE,1,E01005473,0,-1
2020991012926,2020,991012926,1,9,0,18,19,1,5,0,0,2,0,0,0,0,4,1,6,6,1,34,6,1999,2,0,LAND ROVER RANGE ROVER EVOQUE,9,-1,0,-1
2020010245470,2020,010245470,2,9,0,5,5,3,7,0,0,4,0,0,0,0,1,2,6,6,1,40,7,1999,2,5,LAND ROVER RANGE ROVER EVOQUE,3,E01000333,0,-1
2020622000302,2020,622000302,1,9,0,4,4,5,8,0,0,0,0,0,0,0,1,1,1,1,2,18,4,1999,2,4,LAND ROVER RANGE ROVER EVOQUE,2,W01001910,0,-1
2020010253599,2020,010253599,4,9,0,3,3,1,5,0,0,1,0,0,0,0,1,1,6,6,2,34,6,2179,2,6,LAND ROVER RANGE ROVER EVOQUE,6,E01003840,0,-1
202006Q270575,2020,06Q270575,2,9,0,18,19,5,3,0,0,1,0,0,0,0,1,1,6,6,2,59,9,2179,2,7,LAND ROVER RANGE ROVER EVOQUE,9,E01005357,0,-1
2020410985670,2020,410985670,2,9,0,2,2,0,0,6,6,1,0,0,0,0,2,1,6,6,3,-1,-1,2179,2,5,LAND ROVER RANGE ROVER EVOQUE,-1,-1,0,-1
2020010286902,2020,010286902,1,9,0,18,19,7,3,0,0,0,0,0,0,0,1,1,6,6,1,59,9,1999,1,9,LAND ROVER RANGE ROVER EVOQUE,6,E01004714,0,-1
2020990987580,2020,990987580,2,9,0,5,5,8,3,0,0,8,0,0,0,0,3,1,2,2,2,45,7,2179,2,6,LAND ROVER RANGE ROVER EVOQUE,10,-1,0,-1
2020500934617,2020,500934617,2,9,0,4,4,2,6,0,0,0,0,0,0,0,2,1,6,6,1,73,10,1999,2,4,LAND ROVER RANGE ROVER EVOQUE,8,E01029792,0,-1
2020010264759,2020,010264759,1,9,0,1,1,1,5,0,0,0,0,0,0,0,2,1,6,6,3,-1,-1,2179,2,8,LAND ROVER RANGE ROVER EVOQUE,-1,-1,0,-1
2020990928195,2020,990928195,2,9,0,18,19,3,7,0,0,1,0,0,0,0,1,1,6,6,2,57,9,1999,2,0,LAND ROVER RANGE ROVER EVOQUE,9,-1,0,-1
2020200947583,2020,200947583,1,9,0,18,19,8,4,0,0,8,0,0,0,0,1,1,6,6,2,29,6,1997,1,0,LAND ROVER RANGE ROVER EVOQUE,5,E01010109,0,-1
2020541575520,2020,541575520,2,9,0,18,19,3,3,0,0,1,0,0,0,0,0,1,6,6,2,61,9,2179,2,6,LAND ROVER RANGE ROVER EVOQUE,6,E01031893,0,-1
2020470984508,2020,470984508,1,9,0,18,19,1,5,0,0,0,0,6,1,11,1,1,5,6,1,32,6,2179,2,7,LAND ROVER RANGE ROVER EVOQUE,7,E01021088,0,-1
2020040994791,2020,040994791,2,9,0,18,19,6,2,0,0,0,0,0,0,0,1,1,5,6,2,46,8,2179,2,7,LAND ROVER RANGE ROVER EVOQUE,1,E01012596,0,-1
2020420919504,2020,420919504,2,9,0,18,19,1,5,0,0,8,0,0,0,0,4,1,2,2,2,54,8,1999,2,3,LAND ROVER RANGE ROVER EVOQUE,6,E01021553,0,-1
2020420925294,2020,420925294,1,9,0,9,9,5,7,0,0,1,0,0,0,0,0,1,6,6,1,70,10,2179,2,7,LAND ROVER RANGE ROVER EVOQUE,8,E01021516,0,-1
2020990998816,2020,990998816,1,9,0,2,2,0,0,0,0,1,0,0,0,0,4,1,6,6,2,57,9,1999,2,2,LAND ROVER RANGE ROVER EVOQUE,8,-1,0,-1
2020140921812,2020,140921812,2,9,0,18,19,2,6,0,0,8,0,0,0,0,1,1,6,6,2,34,6,2179,2,6,LAND ROVER RANGE ROVER EVOQUE,6,E01007456,0,-1
2020552000241,2020,552000241,1,9,0,9,9,1,7,0,0,0,0,0,0,0,1,1,6,6,1,58,9,1999,2,3,LAND ROVER RANGE ROVER EVOQUE,6,E01032004,0,-1
2020010230810,2020,010230810,1,9,9,99,99,9,9,99,99,9,9,99,9,99,9,9,6,6,1,59,9,1999,1,8,LAND ROVER RANGE ROVER EVOQUE,8,E01003471,0,-1
2020141010149,2020,141010149,2,9,0,2,2,0,0,0,0,0,0,0,0,0,4,1,5,6,1,61,9,1999,2,4,LAND ROVER RANGE ROVER EVOQUE,1,E01007573,0,-1
2020230974940,2020,230974940,2,9,0,18,19,6,2,0,0,8,0,0,0,0,1,1,5,6,2,42,7,2179,2,6,LAND ROVER RANGE ROVER EVOQUE,5,E01009703,0,-1
2020522100661,2020,522100661,1,9,0,18,19,2,6,0,0,6,0,0,0,0,1,1,6,6,1,55,8,1999,2,5,LAND ROVER RANGE ROVER EVOQUE,9,E01014853,0,-1
2020010262744,2020,010262744,2,9,0,9,9,2,8,0,0,8,0,0,0,0,3,1,6,6,1,28,6,1999,2,4,LAND ROVER RANGE ROVER EVOQUE,3,E01003296,0,-1
2020010230497,2020,010230497,2,9,0,5,5,3,7,0,0,1,0,0,0,0,1,1,2,2,2,33,6,1997,1,1,LAND ROVER RANGE ROVER EVOQUE,3,E01001661,0,-1
2020010264972,2020,010264972,1,9,0,99,99,9,9,99,99,9,9,99,9,99,2,9,6,6,1,32,6,1999,2,3,LAND ROVER RANGE ROVER EVOQUE,5,E01000583,0,-1
202006Q175656,2020,06Q175656,1,9,0,9,9,8,7,0,0,8,0,0,0,0,1,1,6,6,1,27,6,1999,2,5,LAND ROVER RANGE ROVER EVOQUE,1,E01005428,0,-1
2020320671932,2020,320671932,2,9,0,18,19,8,4,0,0,0,5,0,0,0,3,1,6,6,2,28,6,2179,2,7,LAND ROVER RANGE ROVER EVOQUE,5,E01018847,0,-1
2020340S08872,2020,340S08872,1,9,0,1,1,1,5,0,0,0,0,0,0,0,2,1,6,6,1,-1,-1,2179,2,7,LAND ROVER RANGE ROVER EVOQUE,9,E01027308,0,-1
2020340N05212,2020,340N05212,1,9,0,3,3,7,3,0,0,4,0,0,0,0,1,1,6,6,2,31,6,2179,2,6,LAND ROVER RANGE ROVER EVOQUE,2,E01027246,0,-1
2020500978502,2020,500978502,1,9,0,17,19,5,8,0,0,0,0,0,1,0,1,1,5,6,2,68,10,2179,2,8,LAND ROVER RANGE ROVER EVOQUE,6,E01020108,0,-1
2020440437902,2020,440437902,1,9,0,3,3,3,7,0,0,1,0,0,0,0,2,1,6,6,2,30,6,1999,2,0,LAND ROVER RANGE ROVER EVOQUE,10,E01022773,0,-1
2020460934159,2020,460934159,3,9,0,3,3,3,7,0,0,0,0,0,0,0,2,1,6,6,1,48,8,2179,2,7,LAND ROVER RANGE ROVER EVOQUE,7,E01024789,0,-1
2020170M10640,2020,170M10640,1,9,0,18,19,2,6,0,0,0,0,0,0,0,1,1,6,6,1,34,6,2179,2,8,LAND ROVER RANGE ROVER EVOQUE,7,E01012064,0,-1
2020460964926,2020,460964926,2,9,0,3,3,5,1,0,0,0,0,0,0,0,2,1,3,7,2,39,7,1999,2,2,LAND ROVER RANGE ROVER EVOQUE,7,E01024064,0,-1
2020010257824,2020,010257824,2,9,0,4,4,3,7,0,0,0,0,0,0,0,1,1,2,2,1,47,8,1999,2,4,LAND ROVER RANGE ROVER EVOQUE,9,E01003910,0,-1
2020122100204,2020,122100204,1,9,0,18,19,5,1,0,0,2,0,0,0,0,2,1,6,6,2,33,6,2179,2,8,LAND ROVER RANGE ROVER EVOQUE,9,E01027690,0,-1
2020520002137,2020,520002137,2,9,0,4,4,6,2,0,0,1,0,0,0,0,1,1,6,6,3,-1,-1,2179,2,8,LAND ROVER RANGE ROVER EVOQUE,-1,-1,0,-1
2020010269646,2020,010269646,1,9,0,7,7,1,2,0,0,8,0,0,0,0,1,1,6,6,1,45,7,2179,2,6,LAND ROVER RANGE ROVER EVOQUE,7,E01000347,0,-1
2020052002233,2020,052002233,2,9,0,18,19,8,5,0,0,8,0,0,0,0,4,1,6,6,2,30,6,2179,2,8,LAND ROVER RANGE ROVER EVOQUE,3,E01012391,0,-1
2020522003705,2020,522003705,2,9,0,3,3,6,2,0,0,0,0,0,0,0,2,1,6,6,2,38,7,1999,2,1,LAND ROVER RANGE ROVER EVOQUE,10,E01022360,0,-1
20201371R1480,2020,1371R1480,2,9,0,16,19,2,3,0,0,0,0,0,0,0,1,1,6,6,2,39,7,2179,2,7,LAND ROVER RANGE ROVER EVOQUE,-1,-1,0,-1
2020200965201,2020,200965201,2,9,0,2,2,0,0,0,0,0,0,0,0,0,2,1,6,6,3,56,9,1999,2,4,LAND ROVER RANGE ROVER EVOQUE,1,E01009300,0,-1
2020481011584,2020,481011584,1,9,0,18,19,1,3,0,0,8,0,0,0,0,4,1,5,6,2,30,6,1999,2,3,LAND ROVER RANGE ROVER EVOQUE,5,E01021810,0,-1
2020440235953,2020,440235953,1,9,0,9,9,8,6,0,0,8,0,0,0,0,1,1,6,6,1,69,10,1997,1,0,LAND ROVER RANGE ROVER EVOQUE,10,E01022793,0,-1
2020340W03622,2020,340W03622,1,9,0,18,19,2,5,0,0,1,0,0,3,0,1,1,6,6,2,61,9,1999,2,3,LAND ROVER RANGE ROVER EVOQUE,9,E01027308,0,-1
2020010234124,2020,010234124,1,9,0,18,19,3,7,0,0,1,0,0,0,0,4,1,6,6,2,51,8,2179,2,8,LAND ROVER RANGE ROVER EVOQUE,2,E01001118,0,-1
2020420924974,2020,420924974,2,9,0,18,19,3,7,0,0,1,0,0,0,0,3,1,2,2,2,68,10,1999,2,1,LAND ROVER RANGE ROVER EVOQUE,8,E01021604,0,-1
2020541903020,2020,541903020,1,9,0,5,5,4,8,0,0,0,0,0,0,0,0,1,6,6,2,32,6,2179,2,7,LAND ROVER RANGE ROVER EVOQUE,9,E01032049,0,-1
2020400975403,2020,400975403,2,9,0,3,3,5,3,0,0,2,0,0,0,0,2,1,6,6,2,40,7,1999,2,5,LAND ROVER RANGE ROVER EVOQUE,7,E01017547,0,-1
2020410933064,2020,410933064,5,9,0,18,19,5,4,0,0,0,0,0,0,0,1,1,6,6,1,45,7,2179,2,7,LAND ROVER RANGE ROVER EVOQUE,10,E01013577,0,-1
2020430160838,2020,430160838,2,9,0,18,19,6,2,0,0,8,0,0,0,0,4,1,6,6,1,48,8,2179,2,5,LAND ROVER RANGE ROVER EVOQUE,6,E01016224,0,-1
2020010236099,2020,010236099,2,9,0,2,2,0,0,0,0,0,0,0,0,0,3,1,6,6,3,-1,-1,1999,2,4,LAND ROVER RANGE ROVER EVOQUE,-1,-1,0,-1
2020137660716,2020,137660716,2,9,0,18,19,4,8,0,0,8,0,0,0,0,4,1,6,6,1,54,8,1999,2,0,LAND ROVER RANGE ROVER EVOQUE,5,E01010851,0,-1
2020200933267,2020,200933267,1,9,0,18,19,6,2,0,0,8,0,0,0,0,3,1,6,6,2,40,7,1999,2,3,LAND ROVER RANGE ROVER EVOQUE,4,E01010120,0,-1
2020010263706,2020,010263706,1,9,0,18,19,1,5,0,0,0,0,0,0,0,2,1,6,6,2,60,9,1999,1,8,LAND ROVER RANGE ROVER EVOQUE,10,E01024147,0,-1
2020522004674,2020,522004674,1,9,0,3,3,7,3,0,0,0,0,0,0,0,2,1,6,6,1,71,10,1997,1,1,LAND ROVER RANGE ROVER EVOQUE,5,E01021680,0,-1
2020052002463,2020,052002463,3,9,0,2,2,0,0,0,0,0,0,0,0,0,3,1,6,6,1,62,9,2179,2,5,LAND ROVER RANGE ROVER EVOQUE,1,E01006609,0,-1
2020400961204,2020,400961204,1,9,0,1,1,1,5,0,0,0,0,0,0,0,2,1,5,6,2,31,6,2179,2,8,LAND ROVER RANGE ROVER EVOQUE,5,E01023829,0,-1
2020990976548,2020,990976548,2,9,0,18,19,2,6,0,0,0,0,0,0,0,2,1,2,2,2,46,8,1999,2,1,LAND ROVER RANGE ROVER EVOQUE,4,-1,0,-1
2020010283172,2020,010283172,1,9,0,18,19,5,1,0,0,1,0,0,0,0,1,1,2,2,2,29,6,1999,2,5,LAND ROVER RANGE ROVER EVOQUE,10,E01030487,0,-1
2020302000389,2020,302000389,1,9,0,9,9,8,6,0,0,5,0,0,0,0,3,1,2,2,2,40,7,2179,2,6,LAND ROVER RANGE ROVER EVOQUE,9,E01033168,0,-1
2020200938232,2020,200938232,2,9,0,18,19,2,6,0,0,6,0,0,0,0,3,1,6,6,1,30,6,2179,2,8,LAND ROVER RANGE ROVER EVOQUE,2,E01009758,0,-1
2020340W00782,2020,340W00782,1,9,0,18,19,2,6,0,0,0,0,0,0,0,1,1,6,6,2,40,7,1999,2,4,LAND ROVER RANGE ROVER EVOQUE,8,E01027101,0,-1
2020450982493,2020,450982493,1,9,0,18,19,1,5,0,0,8,0,0,0,0,1,1,5,6,2,27,6,2179,2,6,LAND ROVER RANGE ROVER EVOQUE,10,E01030376,0,-1
2020200949445,2020,200949445,2,9,0,18,19,-1,-1,0,0,0,0,0,0,0,4,1,6,6,2,55,8,1999,2,2,LAND ROVER RANGE ROVER EVOQUE,8,E01031284,0,-1
2020430283097,2020,430283097,2,9,0,2,2,0,0,0,0,1,0,0,0,0,4,1,6,6,2,38,7,1999,2,5,LAND ROVER RANGE ROVER EVOQUE,10,E01016596,0,-1
2020410999478,2020,410999478,2,9,0,18,19,3,7,0,0,0,1,0,0,0,4,1,1,1,2,60,9,1999,2,3,LAND ROVER RANGE ROVER EVOQUE,10,E01003780,0,-1
2020421005959,2020,421005959,2,9,0,18,19,6,2,0,0,1,1,0,1,3,3,1,5,6,2,23,5,2179,2,7,LAND ROVER RANGE ROVER EVOQUE,7,E01021538,0,-1
2020137981649,2020,137981649,1,9,0,4,4,8,4,0,0,0,0,0,0,0,0,1,6,6,2,50,8,2179,2,5,LAND ROVER RANGE ROVER EVOQUE,9,E01011151,0,-1
2020400933405,2020,400933405,2,9,0,18,19,3,7,0,0,0,0,0,0,0,2,1,6,6,1,46,8,1999,2,3,LAND ROVER RANGE ROVER EVOQUE,3,E01015751,0,-1
2020430304227,2020,430304227,4,9,0,2,2,0,0,0,0,0,0,0,0,0,2,1,6,6,3,51,8,1999,2,2,LAND ROVER RANGE ROVER EVOQUE,9,E01016576,0,-1
2020200944646,2020,200944646,2,9,0,18,19,6,2,0,0,0,2,0,0,0,0,1,6,6,2,47,8,2179,2,8,LAND ROVER RANGE ROVER EVOQUE,9,E01025816,0,-1
2020530940577,2020,530940577,2,9,0,18,19,3,7,0,0,0,0,2,0,0,1,1,6,6,1,49,8,2179,2,8,LAND ROVER RANGE ROVER EVOQUE,6,E01022198,0,-1
2020622001077,2020,622001077,1,9,0,6,6,6,6,0,0,0,0,0,0,0,3,1,6,6,1,50,8,2179,2,7,LAND ROVER RANGE ROVER EVOQUE,10,W01001083,0,-1
2020070161163,2020,070161163,2,9,0,18,19,6,2,0,0,1,0,0,0,0,4,1,6,6,1,62,9,1999,2,2,LAND ROVER RANGE ROVER EVOQUE,4,E01019293,0,-1
2020991010513,2020,991010513,2,9,0,10,10,1,7,0,0,8,0,0,7,0,2,1,5,6,2,24,5,1999,2,4,LAND ROVER RANGE ROVER EVOQUE,5,-1,0,-1
2020522002027,2020,522002027,2,9,0,18,19,2,6,0,0,1,0,0,0,0,2,1,3,7,2,53,8,2179,2,7,LAND ROVER RANGE ROVER EVOQUE,9,E01014557,0,-1
2020622000552,2020,622000552,1,9,0,9,9,4,2,0,0,6,0,0,0,0,1,1,6,6,2,47,8,1999,2,2,LAND ROVER RANGE ROVER EVOQUE,5,W01001131,0,-1
2020440017236,2020,440017236,1,9,0,18,19,2,6,0,0,0,0,11,7,0,1,1,2,2,2,24,5,1999,2,3,LAND ROVER RANGE ROVER EVOQUE,10,E01023231,0,-1
2020460965707,2020,460965707,2,9,0,3,3,8,4,0,0,1,0,0,0,0,2,1,5,6,2,55,8,2179,2,6,LAND ROVER RANGE ROVER EVOQUE,5,E01024039,0,-1
2020450997951,2020,450997951,1,9,0,9,9,7,1,0,0,0,0,0,0,0,3,1,1,1,2,48,8,2179,2,7,LAND ROVER RANGE ROVER EVOQUE,10,E01030637,0,-1
2020010278977,2020,010278977,2,9,0,99,99,9,9,99,99,9,9,99,9,99,2,9,6,6,3,32,6,1999,2,5,LAND ROVER RANGE ROVER EVOQUE,2,E01001696,0,-1
2020200995221,2020,200995221,3,9,0,2,2,0,0,0,0,0,0,0,0,0,1,1,6,6,2,-1,-1,2179,2,9,LAND ROVER RANGE ROVER EVOQUE,-1,-1,0,-1