collision_index,collision_year,collision_ref_no,vehicle_reference,vehicle_type,towing_and_articulation,vehicle_manoeuvre_historic,vehicle_manoeuvre,vehicle_direction_from,vehicle_direction_to,vehicle_location_restricted_lane_historic,vehicle_location_restricted_lane,junction_location,skidding_and_overturning,hit_object_in_carriageway,vehicle_leaving_carriageway,hit_object_off_carriageway,first_point_of_impact,vehicle_left_hand_drive,journey_purpose_of_driver_historic,journey_purpose_of_driver,sex_of_driver,age_of_driver,age_band_of_driver,engine_capacity_cc,propulsion_code,age_of_vehicle,generic_make_model,driver_imd_decile,lsoa_of_driver,escooter_flag,driver_distance_banding
2020410999462,2020,410999462,1,9,0,9,9,7,3,0,0,5,0,0,0,0,3,1,5,6,2,27,6,2179,2,8,LAND ROVER RANGE ROVER EVOQUE,4,E01023951,0,-1
2020137920344,2020,137920344,2,9,0,2,2,0,0,0,0,0,0,0,0,0,2,1,6,6,2,33,6,2179,2,7,LAND ROVER RANGE ROVER EVOQUE,7,E01011265,0,-1
2020070051792,2020,070051792,1,9,0,18,19,1,5,0,0,3,0,0,0,0,0,1,6,6,1,44,7,1999,2,4,LAND ROVER RANGE ROVER EVOQUE,10,E01012567,0,-1
2020052000878,2020,052000878,2,9,0,18,19,7,3,0,0,0,0,0,0,0,3,1,6,6,2,30,6,1999,2,3,LAND ROVER RANGE ROVER EVOQUE,1,E01006495,0,-1
2020991005592,2020,991005592,1,9,0,18,19,1,5,0,0,0,0,0,0,0,1,1,2,2,1,67,10,1997,1,1,LAND ROVER RANGE ROVER EVOQUE,8,-1,0,-1
2020010283776,2020,010283776,2,9,0,18,19,1,5,0,0,0,0,0,0,0,1,1,2,2,2,32,6,1999,2,3,LAND ROVER RANGE ROVER EVOQUE,4,E01021819,0,-1
2020200932567,2020,200932567,2,9,0,9,9,4,2,0,0,5,0,0,0,0,1,1,6,6,2,34,6,2179,2,7,LAND ROVER RANGE ROVER EVOQUE,1,E01009083,0,-1
2020040996896,2020,040996896,1,9,0,18,19,6,2,0,0,1,0,0,0,0,1,1,6,6,3,-1,-1,1999,2,4,LAND ROVER RANGE ROVER EVOQUE,-1,-1,0,-1
2020460982076,2020,460982076,1,9,0,18,19,3,7,0,0,0,0,0,0,0,1,1,5,6,1,36,7,2179,2,5,LAND ROVER RANGE ROVER EVOQUE,10,E01016050,0,-1
2020440008436,2020,440008436,1,9,0,9,9,3,1,0,0,8,0,0,0,0,1,1,2,2,1,32,6,1999,2,1,LAND ROVER RANGE ROVER EVOQUE,6,E01022673,0,-1
2020040957142,2020,040957142,1,9,0,5,5,1,5,0,0,1,0,0,0,0,3,1,6,6,3,-1,-1,2179,2,8,LAND ROVER RANGE ROVER EVOQUE,-1,-1,0,-1
2020450916790,2020,450916790,2,9,0,5,5,5,1,0,0,1,0,0,0,0,1,1,6,6,2,55,8,2179,2,6,LAND ROVER RANGE ROVER EVOQUE,10,E01030930,0,-1
2020430003955,2020,430003955,1,9,0,18,19,7,3,0,0,4,0,0,0,0,3,1,6,6,3,55,8,1999,2,2,LAND ROVER RANGE ROVER EVOQUE,9,E01016565,0,-1
2020010285993,2020,010285993,1,9,0,4,4,5,1,0,0,1,0,0,0,0,2,1,6,6,2,34,6,1999,2,3,LAND ROVER RANGE ROVER EVOQUE,1,E01001330,0,-1
2020420923453,2020,420923453,1,9,0,7,7,3,5,0,0,0,0,0,0,0,1,1,6,6,2,45,7,2179,2,7,LAND ROVER RANGE ROVER EVOQUE,2,E01022043,0,-1
2020140972860,2020,140972860,1,9,0,18,19,1,5,0,0,0,0,0,0,0,2,1,5,6,2,24,5,2179,2,8,LAND ROVER RANGE ROVER EVOQUE,7,E01022823,0,-1
2020010267478,2020,010267478,1,9,0,99,99,9,9,99,99,9,9,99,9,99,9,9,6,6,2,40,7,1999,2,1,LAND ROVER RANGE ROVER EVOQUE,6,E01002544,0,-1
2020440469609,2020,440469609,1,9,0,9,9,6,4,0,0,8,0,0,0,0,1,1,2,2,2,49,8,1999,2,4,LAND ROVER RANGE ROVER EVOQUE,10,E01032857,0,-1
2020010273087,2020,010273087,1,9,0,99,99,9,9,99,99,0,9,99,9,99,0,9,6,6,2,-1,-1,1999,2,0,LAND ROVER RANGE ROVER EVOQUE,-1,-1,0,-1
2020200987467,2020,200987467,1,9,0,18,19,8,4,0,0,4,0,0,0,0,3,1,6,6,3,-1,-1,2179,2,7,LAND ROVER RANGE ROVER EVOQUE,-1,-1,0,-1
2020420952494,2020,420952494,2,9,0,16,19,3,7,0,0,0,0,0,1,0,1,1,5,6,2,32,6,1999,1,4,LAND ROVER RANGE ROVER EVOQUE,8,E01022083,0,-1
2020010280115,2020,010280115,1,9,0,1,1,1,5,9,9,0,0,0,9,0,9,9,6,6,1,-1,-1,1999,2,4,LAND ROVER RANGE ROVER EVOQUE,-1,-1,0,-1
2020200984264,2020,200984264,2,9,0,12,12,1,1,0,0,0,0,0,0,0,3,1,6,6,2,42,7,1999,2,1,LAND ROVER RANGE ROVER EVOQUE,8,E01009506,0,-1
2020010249790,2020,010249790,1,9,0,9,9,1,7,0,0,8,0,0,0,0,1,1,6,6,1,23,5,2179,2,6,LAND ROVER RANGE ROVER EVOQUE,1,E01003511,0,-1
2020470932720,2020,470932720,2,9,0,18,19,4,8,0,0,0,0,0,1,11,1,1,5,6,1,23,5,2179,2,5,LAND ROVER RANGE ROVER EVOQUE,6,E01031796,0,-1
2020010274927,2020,010274927,1,9,0,18,19,1,5,0,0,2,0,0,0,0,1,1,6,6,2,25,5,2179,2,9,LAND ROVER RANGE ROVER EVOQUE,10,E01030641,0,-1
2020010266326,2020,010266326,1,9,0,99,99,9,9,99,99,9,9,99,9,99,2,9,2,2,1,40,7,2179,2,6,LAND ROVER RANGE ROVER EVOQUE,7,E01000118,0,-1
2020990927329,2020,990927329,2,9,0,16,19,1,5,0,0,0,1,0,1,0,1,1,1,1,2,48,8,1999,2,2,LAND ROVER RANGE ROVER EVOQUE,-1,-1,0,-1
2020432003613,2020,432003613,1,9,0,18,19,1,5,0,0,8,0,0,0,0,3,1,6,6,1,44,7,1999,2,4,LAND ROVER RANGE ROVER EVOQUE,9,E01033520,0,-1
2020460941193,2020,460941193,1,9,0,18,19,7,3,0,0,0,0,0,0,0,1,1,5,6,2,55,8,1999,2,3,LAND ROVER RANGE ROVER EVOQUE,3,E01004203,0,-1
2020522101315,2020,522101315,2,9,0,3,3,5,1,0,0,1,0,0,0,0,4,1,6,6,2,54,8,2179,2,8,LAND ROVER RANGE ROVER EVOQUE,10,E01014866,0,-1
2020450975939,2020,450975939,2,9,0,18,19,2,6,0,0,0,0,0,0,0,0,1,6,6,2,30,6,2179,2,7,LAND ROVER RANGE ROVER EVOQUE,6,E01030649,0,-1
2020201006668,2020,201006668,1,9,0,18,19,3,7,0,0,2,1,0,0,0,1,1,6,6,2,30,6,1999,2,4,LAND ROVER RANGE ROVER EVOQUE,2,E01010074,0,-1
2020411009563,2020,411009563,1,9,0,16,19,3,5,0,0,2,0,0,0,0,4,1,5,6,1,24,5,1999,2,2,LAND ROVER RANGE ROVER EVOQUE,5,E01004657,0,-1
2020230979350,2020,230979350,2,9,0,18,19,6,2,0,0,3,0,0,0,0,4,1,5,6,2,41,7,1999,2,3,LAND ROVER RANGE ROVER EVOQUE,5,E01031050,0,-1
2020010250782,2020,010250782,1,9,0,4,4,4,8,0,0,8,0,0,8,1,0,1,2,2,1,43,7,2179,2,6,LAND ROVER RANGE ROVER EVOQUE,5,E01004057,0,-1
2020010282325,2020,010282325,2,9,0,99,99,9,9,99,99,9,9,99,9,99,9,9,6,6,3,-1,-1,2179,2,5,LAND ROVER RANGE ROVER EVOQUE,-1,-1,0,-1
2020230941635,2020,230941635,1,9,0,18,19,5,1,0,0,0,1,0,0,0,1,1,5,6,1,34,6,2179,2,8,LAND ROVER RANGE ROVER EVOQUE,7,E01025855,0,-1
2020470949172,2020,470949172,2,9,0,18,19,1,5,0,0,1,0,0,0,0,1,1,5,6,2,31,6,2179,2,7,LAND ROVER RANGE ROVER EVOQUE,8,E01031642,0,-1
202006E174473,2020,06E174473,2,9,0,16,19,2,5,0,0,8,0,0,0,0,3,1,1,1,2,50,8,2179,2,6,LAND ROVER RANGE ROVER EVOQUE,2,E01005368,0,-1
2020302001189,2020,302001189,1,9,0,7,7,5,8,0,0,6,0,0,0,0,2,1,2,2,1,24,5,1999,2,4,LAND ROVER RANGE ROVER EVOQUE,10,E01019881,0,-1
2020010253913,2020,010253913,2,9,0,9,9,1,7,9,9,8,0,10,1,2,4,1,6,6,2,36,7,2179,2,6,LAND ROVER RANGE ROVER EVOQUE,5,E01003411,0,-1
2020200999470,2020,200999470,1,9,0,9,9,7,5,0,0,5,0,0,0,0,1,1,6,6,2,44,7,2179,2,8,LAND ROVER RANGE ROVER EVOQUE,1,E01009709,0,-1
2020460921151,2020,460921151,1,9,0,17,19,7,5,0,0,0,0,0,0,0,1,1,5,6,1,35,6,2179,2,5,LAND ROVER RANGE ROVER EVOQUE,8,E01024026,0,-1
2020420936855,2020,420936855,1,9,0,18,19,2,6,0,0,0,0,0,0,0,1,1,2,2,2,74,10,1999,2,3,LAND ROVER RANGE ROVER EVOQUE,6,E01021758,0,-1
2020160983212,2020,160983212,1,9,0,18,19,4,8,0,0,8,0,0,0,0,1,1,6,6,1,28,6,2179,2,8,LAND ROVER RANGE ROVER EVOQUE,5,E01012768,0,-1
202006G178544,2020,06G178544,1,9,0,18,19,7,3,0,0,1,0,0,0,0,4,1,6,6,2,38,7,2179,2,8,LAND ROVER RANGE ROVER EVOQUE,9,E01005409,0,-1
2020010262603,2020,010262603,1,9,0,99,99,9,9,99,99,1,9,99,9,99,2,9,6,6,1,24,5,1999,2,3,LAND ROVER RANGE ROVER EVOQUE,3,E01000044,0,-1
2020101000076,2020,101000076,1,9,0,18,19,5,1,0,0,0,0,12,0,0,1,1,6,6,2,41,7,1999,2,3,LAND ROVER RANGE ROVER EVOQUE,9,E01008616,0,-1
2020360981123,2020,360981123,2,9,0,18,19,2,6,0,0,0,0,0,7,0,4,1,5,6,2,37,7,1999,2,4,LAND ROVER RANGE ROVER EVOQUE,6,E01026475,0,-1
2020420946889,2020,420946889,1,9,0,18,19,3,7,0,0,1,0,7,8,7,1,1,2,2,2,57,9,1999,2,1,LAND ROVER RANGE ROVER EVOQUE,9,E01021471,0,-1
2020990969074,2020,990969074,1,9,0,9,9,5,3,0,0,6,0,0,0,0,1,1,5,6,2,69,10,2179,2,7,LAND ROVER RANGE ROVER EVOQUE,10,-1,0,-1
2020420939079,2020,420939079,1,9,0,18,19,1,7,0,0,0,0,0,0,0,0,1,6,6,1,21,5,2179,2,8,LAND ROVER RANGE ROVER EVOQUE,8,E01021389,0,-1
2020010276822,2020,010276822,1,9,0,9,9,3,8,0,0,6,0,0,0,0,1,1,6,6,1,39,7,2179,2,6,LAND ROVER RANGE ROVER EVOQUE,7,E01000883,0,-1
2020360992564,2020,360992564,1,9,0,7,7,2,4,0,0,8,0,0,0,0,3,1,2,2,2,37,7,1999,2,1,LAND ROVER RANGE ROVER EVOQUE,10,E01026567,0,-1
2020460992084,2020,460992084,5,9,0,18,19,1,5,0,0,0,0,0,0,0,2,1,6,6,2,41,7,1999,2,0,LAND ROVER RANGE ROVER EVOQUE,4,E01024142,0,-1
2020010238964,2020,010238964,1,9,0,99,99,9,9,99,99,9,9,99,9,99,9,9,2,2,2,31,6,1999,2,3,LAND ROVER RANGE ROVER EVOQUE,3,E01000333,0,-1
2020450985147,2020,450985147,1,9,0,18,19,3,7,0,0,2,0,0,0,0,0,1,2,2,2,59,9,1999,2,3,LAND ROVER RANGE ROVER EVOQUE,10,E01030965,0,-1
202006G175187,2020,06G175187,2,9,0,10,10,7,5,0,0,1,0,0,0,0,2,1,6,6,2,32,6,1999,2,3,LAND ROVER RANGE ROVER EVOQUE,5,E01005961,0,-1
2020460972637,2020,460972637,3,9,0,18,19,3,7,0,0,8,0,0,1,0,4,1,6,6,1,40,7,1999,2,2,LAND ROVER RANGE ROVER EVOQUE,6,E01024052,0,-1
2020410998311,2020,410998311,2,9,0,18,19,5,1,0,0,0,0,0,0,0,1,1,6,6,2,22,5,1997,1,0,LAND ROVER RANGE ROVER EVOQUE,10,E01023457,0,-1
2020460920924,2020,460920924,2,9,0,18,19,7,3,0,0,0,0,0,0,0,2,1,6,6,2,39,7,1999,2,2,LAND ROVER RANGE ROVER EVOQUE,7,E01024064,0,-1
2020471002243,2020,471002243,1,9,0,18,19,1,5,0,0,0,0,0,0,0,4,1,6,6,1,23,5,2179,2,8,LAND ROVER RANGE ROVER EVOQUE,6,E01016933,0,-1
2020010283948,2020,010283948,1,9,0,18,19,1,5,0,0,8,0,0,0,0,1,1,6,6,2,36,7,1999,1,8,LAND ROVER RANGE ROVER EVOQUE,9,E01033512,0,-1
2020201000869,2020,201000869,2,9,0,5,5,2,6,0,0,4,0,0,0,0,3,1,6,6,1,33,6,1999,2,3,LAND ROVER RANGE ROVER EVOQUE,5,E01009798,0,-1
2020990959906,2020,990959906,1,9,0,9,9,6,4,0,0,5,0,0,0,0,4,1,5,6,1,49,8,1999,2,4,LAND ROVER RANGE ROVER EVOQUE,6,-1,0,-1
2020010256239,2020,010256239,1,9,0,99,99,9,9,99,99,0,9,99,9,99,2,9,6,6,1,32,6,1999,2,4,LAND ROVER RANGE ROVER EVOQUE,4,E01004142,0,-1
2020010277073,2020,010277073,1,9,0,7,7,2,4,0,0,8,0,0,0,0,1,1,6,6,1,49,8,3311,8,13,LEXUS RX400,10,E01004478,0,-1
2020010276349,2020,010276349,1,9,0,18,19,3,7,0,0,0,0,0,0,0,1,1,6,6,3,-1,-1,3311,8,14,LEXUS RX400,-1,-1,0,-1
2020460984236,2020,460984236,1,9,0,17,19,5,1,0,0,1,5,0,0,0,3,1,6,6,1,23,5,3311,8,13,LEXUS RX400,4,E01024048,0,-1
202031A101920,2020,31A101920,1,9,0,16,19,3,5,0,0,0,0,10,7,2,1,1,2,2,1,52,8,3311,8,12,LEXUS RX400,3,E01028232,0,-1
2020010286130,2020,010286130,3,9,0,18,19,3,7,0,0,0,0,0,0,0,2,1,6,6,1,34,6,3311,8,15,LEXUS RX400,2,E01001437,0,-1
2020010228549,2020,010228549,2,9,0,18,19,1,5,0,0,1,0,0,0,0,2,1,6,6,2,46,8,3311,8,12,LEXUS RX400,8,E01002230,0,-1
2020010256672,2020,010256672,2,9,0,99,99,9,9,99,99,9,9,99,9,99,9,9,6,6,3,58,9,3311,8,13,LEXUS RX400,6,E01002141,0,-1
2020010232008,2020,010232008,2,9,0,3,3,5,1,0,0,1,0,0,0,0,1,1,6,6,1,44,7,3311,8,12,LEXUS RX400,4,E01003448,0,-1
2020450957246,2020,450957246,1,9,0,17,19,1,3,6,6,0,0,0,1,4,4,1,5,6,2,29,6,3311,8,14,LEXUS RX400,8,E01030860,0,-1
2020010274888,2020,010274888,2,9,0,18,19,7,3,0,0,0,0,0,0,0,1,1,6,6,3,-1,-1,3311,8,12,LEXUS RX400,-1,-1,0,-1
2020010278442,2020,010278442,1,9,0,18,19,5,1,0,0,1,0,0,0,0,1,1,6,6,1,45,7,3311,8,12,LEXUS RX400,9,E01002362,0,-1
2020010268719,2020,010268719,2,9,0,11,11,1,5,0,0,0,0,0,0,0,0,1,6,6,3,-1,-1,3311,8,13,LEXUS RX400,-1,-1,0,-1
2020010271253,2020,010271253,1,9,0,3,3,7,3,0,0,4,0,0,0,0,1,1,3,7,1,56,9,3311,8,12,LEXUS RX400,5,E01002202,0,-1
2020010252350,2020,010252350,2,9,0,18,19,1,5,0,0,1,9,0,0,99,1,9,6,6,1,-1,-1,3311,8,14,LEXUS RX400,3,E01003552,0,-1
2020010237495,2020,010237495,1,9,0,18,19,7,3,0,0,8,0,0,0,0,1,1,6,6,1,39,7,3311,8,13,LEXUS RX400,1,E01002782,0,-1
2020010271773,2020,010271773,2,9,0,99,99,9,9,99,99,8,9,99,9,99,9,9,6,6,1,47,8,3311,8,13,LEXUS RX400,5,E01000398,0,-1
2020471005998,2020,471005998,2,9,0,18,19,7,3,0,0,1,0,0,0,0,1,1,6,6,2,39,7,3311,8,15,LEXUS RX400,5,E01016892,0,-1
2020010234351,2020,010234351,1,9,0,18,19,8,4,0,0,0,2,10,5,2,1,1,6,6,3,-1,-1,3311,8,11,LEXUS RX400,-1,-1,0,-1
2020360993212,2020,360993212,1,9,0,18,19,7,3,0,0,1,0,0,0,0,4,1,6,6,2,42,7,3311,8,15,LEXUS RX400,5,E01026738,0,-1
2020010264159,2020,010264159,1,9,0,5,5,1,5,0,0,1,0,0,0,0,1,1,6,6,2,97,11,3311,8,13,LEXUS RX400,4,E01004622,0,-1
2020460992717,2020,460992717,2,9,0,18,19,7,3,0,0,1,0,0,0,0,3,1,5,6,2,53,8,3311,8,11,LEXUS RX400,4,E01024777,0,-1
2020470985754,2020,470985754,2,9,0,4,4,8,4,0,0,2,0,0,0,0,2,1,6,6,2,46,8,3311,8,13,LEXUS RX400,8,E01031618,0,-1
2020410989084,2020,410989084,1,9,0,5,5,7,3,0,0,0,0,0,0,0,1,1,5,6,2,45,7,3311,8,14,LEXUS RX400,4,E01023543,0,-1
2020010247132,2020,010247132,2,9,0,99,99,9,9,99,99,9,9,99,9,99,1,9,6,6,3,-1,-1,3311,8,14,LEXUS RX400,2,E01003190,0,-1
2020470943680,2020,470943680,1,9,0,9,9,3,7,0,0,4,0,0,0,0,1,1,5,6,1,63,9,3311,8,14,LEXUS RX400,8,E01031457,0,-1
2020990922727,2020,990922727,2,9,0,3,3,8,4,0,0,1,0,0,0,0,2,1,2,2,1,62,9,3311,8,14,LEXUS RX400,10,-1,0,-1
2020010259499,2020,010259499,1,9,0,99,99,9,9,0,0,1,0,0,0,0,9,9,6,6,2,46,8,3311,8,12,LEXUS RX400,1,E01000891,0,-1
2020350971849,2020,350971849,2,9,0,3,3,8,4,0,0,1,0,0,0,0,2,1,1,1,1,40,7,3311,8,12,LEXUS RX400,4,E01033178,0,-1
2020010279374,2020,010279374,2,9,0,99,99,9,9,99,99,9,9,99,9,99,2,9,6,6,3,-1,-1,3311,8,13,LEXUS RX400,2,E01003988,0,-1
2020010273036,2020,010273036,1,9,0,99,99,9,9,99,99,0,9,99,9,99,2,9,6,6,2,46,8,3311,8,13,LEXUS RX400,3,E01002283,0,-1
2020220991968,2020,220991968,1,9,0,18,19,5,1,0,0,2,5,7,1,2,1,1,5,6,1,82,11,3311,8,13,LEXUS RX400,5,E01029016,0,-1
2020430080768,2020,430080768,1,9,0,18,19,6,1,0,0,0,0,7,0,0,0,1,6,6,2,60,9,3311,8,14,LEXUS RX400,9,E01028469,0,-1
2020010230709,2020,010230709,1,9,0,9,9,5,3,0,0,0,0,0,0,0,3,1,6,6,1,51,8,3311,8,12,LEXUS RX400,1,E01004754,0,-1
2020010244945,2020,010244945,1,9,0,10,10,4,2,0,0,1,0,0,0,0,3,1,6,6,1,61,9,3311,8,12,LEXUS RX400,2,E01004023,0,-1
2020010276247,2020,010276247,2,9,0,4,4,3,7,0,0,1,0,0,0,0,2,1,6,6,2,44,7,3311,8,13,LEXUS RX400,8,E01002864,0,-1
2020010273211,2020,010273211,1,9,0,99,99,9,9,99,99,9,9,99,9,99,3,9,6,6,1,37,7,3311,8,14,LEXUS RX400,7,E01000135,0,-1
2020010240652,2020,010240652,2,9,9,12,12,9,9,0,0,8,9,0,0,0,3,9,6,6,1,-1,-1,3311,8,11,LEXUS RX400,-1,-1,0,-1
2020500957265,2020,500957265,2,9,0,2,2,0,0,0,0,8,0,0,0,0,4,1,5,6,1,56,9,3311,8,14,LEXUS RX400,4,E01015173,0,-1
2020010255304,2020,010255304,2,9,0,99,99,9,9,99,99,0,9,99,9,99,9,9,6,6,3,-1,-1,3311,8,13,LEXUS RX400,4,E01001723,0,-1
2020990918101,2020,990918101,1,4,0,18,19,8,4,0,0,7,5,0,0,0,4,1,5,6,1,34,6,459,1,18,-1,1,E01013084,0,-1
2020010238169,2020,010238169,1,4,0,15,15,7,3,0,0,1,0,0,0,0,1,1,1,1,1,26,6,459,1,17,-1,5,E01000038,0,-1
2020430320255,2020,430320255,1,4,0,18,19,4,8,0,0,8,0,0,0,0,1,1,6,6,3,-1,-1,249,1,17,-1,-1,-1,0,-1
2020546481520,2020,546481520,1,4,0,18,19,5,1,0,0,2,5,10,0,0,1,1,6,6,1,50,8,459,1,18,-1,5,E01032048,0,-1
2020100971015,2020,100971015,1,4,0,18,19,1,5,9,9,1,0,0,2,0,1,1,6,6,1,44,7,303,1,3,-1,1,E01008737,0,-1
2020010230265,2020,010230265,1,9,0,6,6,5,5,0,0,0,0,0,0,0,0,1,2,2,1,26,6,999,1,4,SMART FORTWO,2,E01000930,0,-1
2020421009455,2020,421009455,1,9,0,4,4,5,1,0,0,0,0,0,0,0,1,1,2,2,1,27,6,999,1,12,SMART FORTWO,4,E01021822,0,-1
2020010256382,2020,010256382,1,9,0,99,99,9,9,99,99,9,9,99,9,99,1,9,2,2,2,52,8,898,1,4,SMART FORTWO,9,E01004136,0,-1
2020440036417,2020,440036417,1,9,0,3,3,2,6,0,0,0,0,0,0,0,2,1,3,7,1,44,7,999,1,9,SMART FORTWO,4,E01022527,0,-1
2020501015956,2020,501015956,1,9,0,16,19,1,5,0,0,0,5,0,1,10,4,1,2,2,2,50,8,999,1,10,SMART FORTWO,1,E01015266,0,-1
2020420975176,2020,420975176,2,9,0,18,19,5,1,0,0,1,0,0,0,0,3,1,6,6,2,46,8,898,1,4,SMART FORTWO,5,E01021753,0,-1
2020500941359,2020,500941359,2,9,0,18,19,5,1,0,0,0,0,0,1,11,1,1,5,6,1,28,6,999,1,11,SMART FORTWO,1,E01015263,0,-1
2020010233703,2020,010233703,2,9,9,99,99,9,9,99,99,9,9,99,9,99,9,9,6,6,3,-1,-1,999,1,8,SMART FORTWO,-1,-1,0,-1
2020420926235,2020,420926235,2,9,0,7,7,5,7,0,0,0,0,0,0,0,1,1,1,1,1,45,7,999,1,7,SMART FORTWO,6,E01002373,0,-1
2020470976518,2020,470976518,1,9,0,3,3,7,2,0,0,0,0,0,0,0,2,1,5,6,2,51,8,999,1,12,SMART FORTWO,10,E01030821,0,-1
2020010273058,2020,010273058,3,9,0,18,19,5,1,0,0,0,0,0,0,0,3,1,6,6,2,28,6,999,1,10,SMART FORTWO,2,E01004090,0,-1
2020460999348,2020,460999348,1,9,0,10,10,7,3,0,0,1,0,0,0,0,1,1,1,1,1,21,5,999,1,5,SMART FORTWO,7,E01002323,0,-1
2020010266925,2020,010266925,2,9,0,4,4,1,5,0,0,0,0,0,0,0,2,1,6,6,1,50,8,999,1,8,SMART FORTWO,3,E01000055,0,-1
2020010254211,2020,010254211,3,9,0,18,19,7,3,0,0,1,0,0,0,0,2,1,1,1,1,33,6,999,1,2,SMART FORTWO,1,E01000661,0,-1
2020140983479,2020,140983479,1,9,0,18,19,2,6,0,0,1,0,0,0,0,1,1,6,6,1,43,7,799,2,8,SMART FORTWO,9,E01007921,0,-1
2020201015986,2020,201015986,2,9,0,18,19,7,3,0,0,8,0,0,0,0,3,1,6,6,1,46,8,799,2,9,SMART FORTWO,-1,-1,0,-1
2020010228128,2020,010228128,3,9,0,18,19,6,2,0,0,2,0,0,0,0,2,1,6,6,1,52,8,898,1,2,SMART FORTWO,2,E01001439,0,-1
2020010277017,2020,010277017,1,9,0,99,99,9,9,99,99,9,9,99,9,99,1,9,6,6,3,32,6,999,1,10,SMART FORTWO,2,E01001868,0,-1
2020420965619,2020,420965619,2,9,0,8,8,7,1,0,0,1,0,0,0,0,2,1,2,2,2,38,7,898,1,4,SMART FORTWO,9,E01021523,0,-1
2020010286135,2020,010286135,2,9,0,99,99,9,9,99,99,9,9,99,9,99,1,9,6,6,3,-1,-1,999,1,9,SMART FORTWO,2,E01001746,0,-1
2020010269834,2020,010269834,1,9,0,99,99,9,9,99,99,0,9,99,9,99,9,9,6,6,1,22,5,999,1,11,SMART FORTWO,6,E01004351,0,-1
2020230991201,2020,230991201,1,9,0,17,19,8,6,0,0,0,5,0,7,9,3,1,5,6,1,19,4,999,1,7,SMART FORTWO,9,E01009528,0,-1
2020010282007,2020,010282007,1,9,0,9,9,5,3,0,0,8,0,0,0,0,3,1,6,6,2,31,6,999,1,8,SMART FORTWO,6,E01000250,0,-1
2020010273181,2020,010273181,1,9,0,99,99,9,9,99,99,9,9,99,9,99,2,9,6,6,1,24,5,999,1,3,SMART FORTWO,1,E01001430,0,-1
2020500975619,2020,500975619,2,9,0,18,19,7,3,0,0,8,0,0,0,0,1,1,6,6,1,73,10,999,1,12,SMART FORTWO,3,E01020228,0,-1
2020100915205,2020,100915205,1,9,0,16,19,5,1,0,0,0,0,0,0,0,1,1,5,6,2,30,6,999,1,11,SMART FORTWO,10,E01003402,0,-1
2020410955787,2020,410955787,3,9,0,4,4,1,5,0,0,0,0,0,0,0,2,1,6,6,2,36,7,999,1,8,SMART FORTWO,4,E01002236,0,-1
2020010276906,2020,010276906,1,9,0,18,19,2,6,0,0,0,0,0,0,0,0,1,6,6,3,-1,-1,999,1,9,SMART FORTWO,4,E01000616,0,-1
2020010238078,2020,010238078,2,9,0,18,19,1,5,0,0,3,0,0,0,0,1,1,6,6,1,25,5,999,1,11,SMART FORTWO,2,E01001550,0,-1
2020010236585,2020,010236585,1,9,0,4,4,1,5,0,0,3,0,0,0,0,1,1,6,6,1,20,4,999,1,10,SMART FORTWO,1,E01002082,0,-1
202031C132320,2020,31C132320,1,9,0,7,7,7,1,0,0,5,5,7,1,0,1,1,6,6,2,63,9,999,1,9,SMART FORTWO,5,E01013931,0,-1
2020010265228,2020,010265228,1,9,0,99,99,9,9,99,99,9,9,99,9,99,2,9,2,2,1,43,7,999,1,8,SMART FORTWO,4,E01001199,0,-1
2020420950556,2020,420950556,1,9,-1,18,19,6,2,0,0,0,0,0,0,0,1,1,5,6,1,23,5,698,1,13,SMART FORTWO,-1,-1,0,-1
2020010282264,2020,010282264,2,9,0,99,99,9,9,99,99,9,9,99,9,99,1,9,6,6,3,-1,-1,-1,3,6,SMART FORTWO,-1,-1,0,-1
2020010248051,2020,010248051,2,9,0,10,10,2,8,0,0,2,0,0,0,0,3,1,6,6,1,27,6,999,1,9,SMART FORTWO,5,E01000592,0,-1
2020410972898,2020,410972898,1,9,0,18,19,7,4,0,0,4,0,0,0,0,1,1,6,6,1,19,4,999,1,7,SMART FORTWO,5,E01023304,0,-1
2020420965798,2020,420965798,1,9,0,18,19,6,2,0,0,0,1,0,1,4,1,1,6,6,2,24,5,999,1,10,SMART FORTWO,10,E01021805,0,-1
202006P169343,2020,06P169343,2,9,0,18,19,5,1,0,0,8,0,0,0,0,1,1,6,6,2,54,8,999,1,6,SMART FORTWO,8,E01024978,0,-1
2020420956364,2020,420956364,1,9,0,18,19,3,7,0,0,0,0,0,0,0,1,1,5,6,1,83,11,999,1,4,SMART FORTWO,5,E01021880,0,-1