collision_index,collision_year,collision_ref_no,vehicle_reference,vehicle_type,towing_and_articulation,vehicle_manoeuvre_historic,vehicle_manoeuvre,vehicle_direction_from,vehicle_direction_to,vehicle_location_restricted_lane_historic,vehicle_location_restricted_lane,junction_location,skidding_and_overturning,hit_object_in_carriageway,vehicle_leaving_carriageway,hit_object_off_carriageway,first_point_of_impact,vehicle_left_hand_drive,journey_purpose_of_driver_historic,journey_purpose_of_driver,sex_of_driver,age_of_driver,age_band_of_driver,engine_capacity_cc,propulsion_code,age_of_vehicle,generic_make_model,driver_imd_decile,lsoa_of_driver,escooter_flag,driver_distance_banding
2020010244958,2020,010244958,1,9,0,2,2,0,0,0,0,0,0,4,0,0,2,1,6,6,3,-1,-1,999,1,12,SMART FORTWO,-1,-1,0,-1
2020370981319,2020,370981319,2,9,0,18,19,8,8,0,0,0,0,0,0,0,2,1,1,1,2,29,6,999,1,7,SMART FORTWO,10,E01030078,0,-1
2020360999075,2020,360999075,2,9,0,2,2,0,0,0,0,0,0,0,1,10,2,1,1,1,1,55,8,698,1,16,SMART FORTWO,5,E01026594,0,-1
2020010254548,2020,010254548,2,9,0,99,99,9,9,99,99,1,9,99,9,99,2,9,6,6,1,27,6,999,1,3,SMART FORTWO,7,E01003794,0,-1
2020052000775,2020,052000775,2,9,0,18,19,3,7,0,0,1,0,0,0,0,4,1,6,6,1,40,7,698,1,14,SMART FORTWO,9,E01006592,0,-1
2020010268562,2020,010268562,1,9,0,18,19,1,5,0,0,1,0,0,0,0,1,1,6,6,1,25,5,898,1,3,SMART FORTWO,10,E01023551,0,-1
2020010242574,2020,010242574,1,9,0,99,99,9,9,99,99,9,9,99,9,99,9,9,6,6,2,32,6,999,1,12,SMART FORTWO,4,E01001463,0,-1
2020160956664,2020,160956664,1,9,0,5,5,8,2,0,0,4,0,0,0,0,1,1,2,2,2,57,9,999,1,10,SMART FORTWO,7,E01013100,0,-1
2020990950561,2020,990950561,2,9,0,5,5,8,3,0,0,4,1,0,0,0,2,1,2,2,1,57,9,999,1,1,SMART FORTWO,5,-1,0,-1
2020360971099,2020,360971099,1,9,0,13,13,2,6,0,0,0,0,0,0,0,0,1,5,6,2,38,7,999,1,13,SMART FORTWO,10,E01024461,0,-1
2020010237046,2020,010237046,1,9,0,99,99,9,9,99,99,9,9,99,9,99,9,9,6,6,3,-1,-1,898,1,3,SMART FORTWO,9,E01001132,0,-1
2020010234669,2020,010234669,2,9,0,99,99,9,9,99,99,9,9,99,9,99,2,9,6,6,3,-1,-1,999,1,11,SMART FORTWO,-1,-1,0,-1
2020010229841,2020,010229841,2,9,0,9,9,7,5,0,0,8,0,0,0,0,1,1,6,6,1,32,6,999,1,11,SMART FORTWO,1,E01000596,0,-1
2020010273234,2020,010273234,1,9,0,9,9,4,2,0,0,1,0,0,0,0,2,1,1,1,1,41,7,999,1,13,SMART FORTWO,2,E01003933,0,-1
20201372O0251,2020,1372O0251,2,9,0,18,19,1,5,0,0,1,0,0,0,0,2,1,6,6,2,58,9,999,1,6,SMART FORTWO,10,E01011280,0,-1
2020990950557,2020,990950557,1,9,0,5,5,7,3,8,6,0,0,0,3,0,1,1,6,6,2,58,9,999,1,12,SMART FORTWO,6,-1,0,-1
2020360995858,2020,360995858,1,9,0,8,8,3,5,0,0,1,0,0,0,0,1,1,2,2,1,28,6,999,1,8,SMART FORTWO,6,E01015672,0,-1
2020500953199,2020,500953199,3,9,0,18,19,3,7,0,0,0,0,0,0,0,1,1,5,6,2,19,4,799,2,11,SMART FORTWO,4,E01020134,0,-1
2020200981407,2020,200981407,2,9,0,16,19,3,6,0,0,3,0,0,0,0,1,1,6,6,2,31,6,999,1,7,SMART FORTWO,2,E01032481,0,-1
2020500944177,2020,500944177,2,9,0,18,19,8,4,0,0,8,0,0,0,0,1,1,1,1,2,44,7,999,1,11,SMART FORTWO,1,E01015214,0,-1
2020010228699,2020,010228699,1,9,0,4,4,5,1,0,0,1,0,0,0,0,0,1,6,6,2,35,6,799,2,10,SMART FORTWO,4,E01001635,0,-1
2020470923306,2020,470923306,1,9,0,17,19,4,2,0,0,0,0,0,0,0,1,1,5,6,1,32,6,999,1,3,SMART FORTWO,4,E01031576,0,-1
2020010273839,2020,010273839,1,9,0,18,19,5,1,0,0,1,0,0,0,0,2,1,2,2,2,31,6,999,1,4,SMART FORTWO,3,E01004676,0,-1
2020140960777,2020,140960777,1,9,0,3,3,5,8,0,0,8,0,0,0,0,2,1,1,1,2,29,6,999,1,13,SMART FORTWO,1,E01007320,0,-1
2020010274358,2020,010274358,2,9,0,18,19,5,1,0,0,0,0,0,0,0,3,1,6,6,1,35,6,999,1,9,SMART FORTWO,5,E01000299,0,-1
2020552000573,2020,552000573,1,9,0,18,19,5,1,0,0,0,0,0,0,0,1,1,6,6,2,30,6,999,1,12,SMART FORTWO,10,E01020420,0,-1
2020450967354,2020,450967354,2,9,0,17,19,7,3,0,0,8,0,10,1,0,3,1,1,1,1,29,6,999,1,11,SMART FORTWO,8,E01030701,0,-1
2020320467678,2020,320467678,1,9,0,18,19,3,7,0,0,6,0,0,0,0,1,1,6,6,2,72,10,999,1,5,SMART FORTWO,7,E01026392,0,-1
2020200959776,2020,200959776,2,9,0,2,2,0,0,9,9,0,0,0,0,0,3,1,6,6,1,34,6,999,1,8,SMART FORTWO,1,E01033648,0,-1
2020010269459,2020,010269459,1,9,0,18,19,3,7,0,0,2,0,0,0,0,1,1,6,6,1,30,6,999,1,12,SMART FORTWO,3,E01001147,0,-1
2020010258509,2020,010258509,1,9,0,9,9,1,6,0,0,8,0,0,0,0,1,1,6,6,2,42,7,999,1,7,SMART FORTWO,2,E01000931,0,-1
202006F272888,2020,06F272888,1,9,0,16,19,2,5,0,0,8,0,0,0,0,1,1,6,6,1,39,7,999,1,12,SMART FORTWO,1,E01005615,0,-1
2020010252887,2020,010252887,2,9,0,99,99,9,9,99,99,9,9,99,9,99,1,9,6,6,3,-1,-1,999,1,7,SMART FORTWO,3,E01001808,0,-1
2020420965380,2020,420965380,1,9,0,16,19,3,7,0,0,0,0,0,0,0,1,1,6,6,1,53,8,999,1,8,SMART FORTWO,4,E01015907,0,-1
2020010267758,2020,010267758,3,9,0,3,3,5,1,0,0,1,0,0,0,0,2,1,6,6,1,29,6,999,1,5,SMART FORTWO,2,E01003604,0,-1
2020460957361,2020,460957361,1,9,0,18,19,7,3,0,0,2,0,0,3,10,1,1,5,6,1,78,11,999,1,12,SMART FORTWO,6,E01024530,0,-1
2020200935839,2020,200935839,2,9,0,3,3,6,3,0,0,1,0,0,0,0,1,1,2,2,1,35,6,999,1,10,SMART FORTWO,1,E01009094,0,-1
2020401004133,2020,401004133,3,9,0,3,3,3,7,0,0,0,0,0,0,0,2,1,2,2,1,26,6,999,1,11,SMART FORTWO,5,E01015753,0,-1
2020010283020,2020,010283020,1,9,0,5,5,3,7,0,0,0,0,0,0,0,1,1,6,6,1,55,8,999,1,13,SMART FORTWO,9,E01001135,0,-1
20201373N0491,2020,1373N0491,2,9,0,18,19,2,6,0,0,0,0,0,0,0,4,1,6,6,2,59,9,999,1,4,SMART FORTWO,5,E01007853,0,-1
2020010249287,2020,010249287,2,9,0,18,19,5,1,0,0,2,2,7,1,10,1,1,6,6,1,52,8,999,1,8,SMART FORTWO,7,E01001474,0,-1
2020010270200,2020,010270200,2,9,0,9,9,5,4,0,0,1,0,0,0,0,1,1,6,6,1,-1,-1,999,1,3,SMART FORTWO,-1,-1,0,-1
2020010255344,2020,010255344,1,9,0,1,1,1,5,0,0,1,0,0,0,0,2,1,6,6,1,33,6,999,1,11,SMART FORTWO,4,E01003376,0,-1
2020471005972,2020,471005972,1,9,0,18,19,7,3,0,0,0,0,0,0,0,1,1,5,6,2,34,6,999,1,8,SMART FORTWO,6,E01021066,0,-1
2020010280474,2020,010280474,1,9,0,99,99,9,9,99,99,9,9,99,9,99,2,9,6,6,2,26,6,999,1,9,SMART FORTWO,3,E01001552,0,-1
2020010252848,2020,010252848,2,9,0,4,4,7,3,0,0,0,0,0,0,0,2,1,6,6,2,55,8,999,1,10,SMART FORTWO,7,E01000442,0,-1
2020410957103,2020,410957103,6,9,0,18,19,5,1,0,0,1,0,0,0,0,1,1,5,6,1,45,7,999,1,1,SMART FORTWO,4,E01023951,0,-1
202031C023820,2020,31C023820,2,9,0,9,9,2,8,0,0,5,0,0,2,0,4,1,6,6,2,21,5,999,1,12,SMART FORTWO,3,E01013915,0,-1
202031C129220,2020,31C129220,1,9,0,4,4,4,8,0,0,8,0,0,0,0,2,1,6,6,1,49,8,-1,3,3,SMART FORTWO,7,E01019513,0,-1
2020522005163,2020,522005163,1,9,0,3,3,7,2,0,0,1,0,0,0,0,2,1,6,6,1,28,6,898,1,2,SMART FORTWO,3,E01033355,0,-1
2020450984618,2020,450984618,1,9,0,3,3,1,5,0,0,8,0,0,0,0,2,1,6,6,1,58,9,898,1,2,SMART FORTWO,5,E01024010,0,-1
2020990986578,2020,990986578,2,9,0,4,4,8,2,0,0,1,0,0,0,0,2,1,6,6,1,32,6,999,1,12,SMART FORTWO,2,-1,0,-1
2020610020620,2020,610020620,2,9,0,17,19,7,4,0,0,1,0,0,0,0,1,1,6,6,2,25,5,999,1,4,SMART FORTWO,10,W01001404,0,-1
2020010244726,2020,010244726,2,9,0,2,2,0,0,0,0,1,0,0,7,4,2,1,6,6,3,-1,-1,999,1,12,SMART FORTWO,-1,-1,0,-1
2020010257036,2020,010257036,2,9,0,9,9,7,4,0,0,0,0,0,7,0,3,1,6,6,1,61,9,898,1,2,SMART FORTWO,-1,-1,0,-1
2020010271541,2020,010271541,2,9,0,9,9,2,7,0,0,8,0,0,0,0,1,1,6,6,1,42,7,799,2,10,SMART FORTWO,1,E01004670,0,-1
2020010281756,2020,010281756,1,9,0,5,5,4,8,0,0,2,0,0,0,0,1,1,6,6,3,-1,-1,999,1,4,SMART FORTWO,-1,-1,0,-1
202063A062520,2020,63A062520,1,9,0,18,19,8,4,0,0,0,0,0,0,0,1,1,6,6,2,20,4,999,1,11,SMART FORTWO,6,W01000635,0,-1
2020522000310,2020,522000310,2,9,0,18,19,5,8,0,0,8,0,0,0,0,1,1,6,6,2,39,7,999,1,13,SMART FORTWO,6,E01014633,0,-1
2020522002283,2020,522002283,2,9,0,18,19,1,5,0,0,8,0,0,0,0,1,1,6,6,2,43,7,799,2,11,SMART FORTWO,7,E01014839,0,-1
2020010264605,2020,010264605,2,9,0,18,19,4,8,0,0,0,1,0,0,0,1,1,2,2,1,32,6,999,1,4,SMART FORTWO,3,E01000800,0,-1
2020010274055,2020,010274055,2,9,0,99,99,9,9,99,99,0,9,99,9,99,1,9,6,6,1,24,5,999,1,5,SMART FORTWO,8,E01003674,0,-1
2020470986497,2020,470986497,2,9,0,18,19,4,1,0,0,0,1,0,0,0,1,1,5,6,2,36,7,898,1,5,SMART FORTWO,8,E01031617,0,-1
2020010252761,2020,010252761,2,9,0,99,99,9,9,99,99,1,9,99,9,99,1,1,6,6,3,-1,-1,999,1,12,SMART FORTWO,-1,-1,0,-1
2020100924782,2020,100924782,1,9,0,18,19,4,8,0,0,0,0,0,0,0,1,1,6,6,2,54,8,999,1,4,SMART FORTWO,7,E01008519,0,-1
2020010258135,2020,010258135,1,9,0,3,3,5,1,0,0,1,0,0,0,0,4,1,6,6,2,78,11,999,1,9,SMART FORTWO,-1,-1,0,-1
2020010269869,2020,010269869,4,9,0,18,19,1,5,0,0,0,0,4,0,0,2,1,6,6,1,60,9,698,1,16,SMART FORTWO,4,E01016448,0,-1
2020010257347,2020,010257347,1,9,0,9,9,7,5,0,0,8,0,0,0,0,1,1,6,6,1,45,7,999,1,1,SMART FORTWO,4,E01023951,0,-1
2020010237694,2020,010237694,1,9,0,99,99,9,9,99,99,0,9,99,9,99,9,9,6,6,2,27,6,999,1,3,SMART FORTWO,3,E01002058,0,-1
2020410932553,2020,410932553,3,9,0,18,19,6,2,0,0,0,0,0,1,0,1,1,2,2,1,27,6,999,1,4,SMART FORTWO,8,E01023298,0,-1
2020010286364,2020,010286364,2,9,0,18,19,5,1,0,0,2,0,0,0,0,1,1,1,1,1,31,6,999,1,4,SMART FORTWO,-1,-1,0,-1
2020122000362,2020,122000362,2,9,0,4,4,2,6,0,0,0,0,0,0,0,1,1,6,6,1,29,6,999,1,11,SMART FORTWO,2,E01027909,0,-1
2020010267901,2020,010267901,2,9,0,99,99,9,9,99,99,9,9,99,9,99,9,9,6,6,3,22,5,799,2,8,SMART FORTWO,9,E01001422,0,-1
2020010281944,2020,010281944,1,9,0,18,19,7,3,0,0,0,0,0,0,0,2,1,2,2,1,35,6,999,1,9,SMART FORTWO,-1,-1,0,-1
2020450994796,2020,450994796,1,9,0,10,10,5,1,0,0,1,0,0,0,0,2,1,6,6,2,36,7,999,1,5,SMART FORTWO,4,E01030709,0,-1
2020100932877,2020,100932877,1,9,0,18,19,5,1,0,0,8,0,0,0,0,1,1,5,6,1,64,9,999,1,11,SMART FORTWO,9,E01008260,0,-1
2020410958239,2020,410958239,1,9,0,5,5,6,2,0,0,1,0,0,0,0,3,1,5,6,1,61,9,999,1,12,SMART FORTWO,10,E01023566,0,-1
2020420966790,2020,420966790,1,9,0,18,19,3,7,0,0,0,0,0,2,10,1,1,6,6,1,31,6,999,1,11,SMART FORTWO,-1,-1,0,-1
2020411001593,2020,411001593,1,9,0,9,9,5,3,0,0,6,1,4,0,0,4,1,6,6,1,22,5,799,2,11,SMART FORTWO,3,E01023343,0,-1
2020010275285,2020,010275285,2,9,0,18,19,7,3,0,0,8,1,0,7,0,4,1,6,6,2,34,6,999,1,10,SMART FORTWO,-1,-1,0,-1
2020500996472,2020,500996472,2,9,0,5,5,2,6,0,0,8,0,0,0,0,1,1,5,6,1,72,10,698,1,16,SMART FORTWO,4,E01018877,0,-1
2020010277846,2020,010277846,2,9,0,99,99,9,9,99,99,0,9,99,9,99,2,9,6,6,3,-1,-1,999,1,11,SMART FORTWO,-1,-1,0,-1
2020211021882,2020,211021882,2,9,0,4,4,5,1,0,0,0,0,0,0,0,2,1,2,2,1,46,8,999,1,4,SMART FORTWO,8,E01018465,0,-1
202031C010020,2020,31C010020,1,9,0,1,1,5,1,0,0,8,0,0,0,0,2,1,6,6,1,22,5,898,1,5,SMART FORTWO,8,E01019691,0,-1
2020010233944,2020,010233944,1,9,0,99,99,9,9,99,99,9,9,99,9,99,9,9,6,6,1,25,5,999,1,8,SMART FORTWO,9,E01000266,0,-1
2020450929580,2020,450929580,1,9,0,18,19,1,1,0,0,0,0,0,0,0,2,1,1,1,1,27,6,999,1,4,SMART FORTWO,9,E01031742,0,-1
2020552100186,2020,552100186,2,9,0,18,19,4,8,0,0,0,0,0,0,0,2,1,6,6,2,33,6,898,1,5,SMART FORTWO,10,E01015295,0,-1
2020010250352,2020,010250352,1,9,0,5,5,3,7,0,0,6,1,4,2,11,1,1,6,6,2,79,11,898,1,1,SMART FORTWO,6,E01003752,0,-1
2020552001193,2020,552001193,1,9,0,18,19,4,8,0,0,6,0,0,3,0,4,1,6,6,2,89,11,999,1,10,SMART FORTWO,7,E01015272,0,-1
2020010248525,2020,010248525,2,9,0,2,2,0,0,99,99,9,9,99,9,99,2,9,6,6,3,-1,-1,799,2,10,SMART FORTWO,-1,-1,0,-1
2020400954812,2020,400954812,2,9,0,18,19,8,4,0,0,1,0,0,0,0,1,1,5,6,2,59,9,999,1,7,SMART FORTWO,5,E01017486,0,-1
2020052001773,2020,052001773,2,9,0,18,19,7,4,0,0,8,0,0,0,0,3,1,2,2,2,43,7,799,2,7,SMART FORTWO,9,E01006886,0,-1
2020010240170,2020,010240170,5,9,0,18,19,7,3,0,0,1,0,0,1,11,1,1,6,6,1,30,6,898,1,3,SMART FORTWO,8,E01004193,0,-1
2020990966283,2020,990966283,3,9,0,3,3,1,6,0,0,1,0,0,0,0,2,1,6,6,2,23,5,698,1,14,SMART FORTWO,9,-1,0,-1
2020010258711,2020,010258711,1,9,0,9,9,1,7,0,0,1,0,0,0,0,1,1,6,6,1,73,10,999,1,6,SMART FORTWO,4,E01002845,0,-1
2020622000134,2020,622000134,2,9,0,2,2,0,0,0,0,0,0,0,0,0,3,1,6,6,3,-1,-1,799,2,10,SMART FORTWO,-1,-1,0,-1
2020010241395,2020,010241395,2,9,0,11,11,8,4,0,0,0,0,0,0,0,1,1,2,2,2,44,7,999,1,12,SMART FORTWO,4,E01004547,0,-1
20201377H2347,2020,1377H2347,2,9,0,18,19,2,6,0,0,1,0,0,0,0,4,1,6,6,1,31,6,999,1,12,SMART FORTWO,1,E01010817,0,-1
2020010264574,2020,010264574,1,9,0,99,99,9,9,99,99,9,9,99,9,99,2,9,2,2,1,30,6,999,1,4,SMART FORTWO,3,E01016046,0,-1
2020010272452,2020,010272452,1,9,0,99,99,9,9,99,99,9,9,99,9,99,2,9,6,6,1,53,8,999,1,11,SMART FORTWO,10,E01023483,0,-1
2020450974733,2020,450974733,1,9,0,7,7,5,1,0,0,1,0,0,0,0,4,1,5,6,2,57,9,999,1,5,SMART FORTWO,8,E01030471,0,-1
2020040947054,2020,040947054,2,9,0,18,19,3,7,0,0,1,0,0,0,0,4,1,5,6,1,42,7,898,1,5,SMART FORTWO,6,E01025114,0,-1
2020010253327,2020,010253327,1,9,0,5,5,0,4,8,6,0,0,0,0,0,1,1,6,6,1,34,6,999,1,8,SMART FORTWO,6,E01004078,0,-1
2020501003933,2020,501003933,1,9,0,18,19,1,5,0,0,0,0,0,0,0,1,1,1,1,1,21,5,999,1,8,SMART FORTWO,5,E01015092,0,-1
2020010257891,2020,010257891,2,9,0,99,99,9,9,0,0,1,0,0,0,0,9,1,6,6,3,-1,-1,898,1,5,SMART FORTWO,-1,-1,0,-1
2020430235478,2020,430235478,2,9,0,3,3,8,3,0,0,2,0,0,0,0,2,1,6,6,2,42,7,999,1,6,SMART FORTWO,7,E01016713,0,-1
2020350934842,2020,350934842,1,9,0,18,19,6,2,0,0,6,0,0,0,0,1,1,2,2,1,55,8,999,1,10,SMART FORTWO,7,E01018279,0,-1
2020410936418,2020,410936418,1,9,0,9,9,1,5,0,0,0,0,0,0,0,2,1,2,2,1,38,7,999,1,11,SMART FORTWO,10,E01023911,0,-1
2020010260334,2020,010260334,2,9,0,99,99,9,9,99,99,9,9,99,9,99,1,9,6,6,3,-1,-1,898,1,4,SMART FORTWO,-1,-1,0,-1
2020010233009,2020,010233009,1,9,0,99,99,9,9,99,99,9,9,99,9,99,1,9,6,6,1,39,7,999,1,11,SMART FORTWO,9,E01023553,0,-1
2020461019010,2020,461019010,1,9,0,17,19,1,5,0,0,0,2,11,1,0,1,1,5,6,2,20,4,698,1,15,SMART FORTWO,3,E01001676,0,-1
2020010274604,2020,010274604,1,9,0,99,99,9,9,99,99,9,9,99,9,99,1,9,6,6,1,39,7,999,1,2,SMART FORTWO,6,E01023554,0,-1
2020440332604,2020,440332604,1,9,0,18,19,1,5,0,0,0,0,0,0,0,1,1,6,6,2,34,6,999,1,12,SMART FORTWO,7,E01002896,0,-1
2020460957918,2020,460957918,2,9,0,18,19,2,6,0,0,1,0,0,0,0,1,1,5,6,2,50,8,999,1,6,SMART FORTWO,2,E01024627,0,-1
2020010257978,2020,010257978,2,9,0,3,3,2,6,0,0,0,0,0,0,0,2,1,6,6,2,48,8,799,2,7,SMART FORTWO,1,E01002037,0,-1
2020010245359,2020,010245359,3,9,0,2,2,0,0,9,9,0,0,0,0,0,1,1,6,6,3,-1,-1,999,1,4,SMART FORTWO,-1,-1,0,-1
2020010228417,2020,010228417,1,9,0,17,19,1,5,0,0,2,0,0,0,0,3,1,2,2,1,25,5,799,2,10,SMART FORTWO,3,E01001513,0,-1
2020430215144,2020,430215144,1,9,0,10,10,5,7,0,0,1,0,0,0,0,2,1,6,6,1,34,6,999,1,13,SMART FORTWO,6,E01016506,0,-1
2020040922141,2020,040922141,1,9,0,18,19,3,7,0,0,0,0,0,0,0,1,1,5,6,1,55,8,999,1,11,SMART FORTWO,3,E01025264,0,-1
2020010269353,2020,010269353,1,9,0,99,99,9,9,99,99,9,9,99,9,99,2,9,2,2,1,42,7,999,1,6,SMART FORTWO,5,E01004383,0,-1
2020420953645,2020,420953645,2,9,0,18,19,6,2,0,0,0,0,0,0,0,1,1,1,1,1,51,8,999,1,9,SMART FORTWO,7,E01001534,0,-1
2020010251465,2020,010251465,2,9,0,18,19,7,3,0,0,8,0,0,0,0,3,1,6,6,2,28,6,999,1,4,SMART FORTWO,5,E01003713,0,-1
2020010261399,2020,010261399,1,9,0,9,9,5,3,0,0,5,0,0,0,0,1,1,2,2,2,28,6,898,1,4,SMART FORTWO,4,E01003332,0,-1
2020501003191,2020,501003191,1,9,0,11,11,3,7,0,0,0,0,0,0,0,3,1,6,6,3,-1,-1,999,1,8,SMART FORTWO,-1,-1,0,-1
2020370949133,2020,370949133,2,9,0,8,8,7,3,0,0,0,0,0,0,0,2,1,5,6,1,59,9,999,1,2,SMART FORTWO,5,E01029958,0,-1
2020500944764,2020,500944764,2,9,0,2,2,0,0,0,0,0,0,0,0,0,1,1,5,6,1,53,8,999,1,9,SMART FORTWO,7,E01019045,0,-1
2020010249241,2020,010249241,2,9,0,13,13,3,7,0,0,0,0,0,0,0,4,1,6,6,3,-1,-1,999,1,10,SMART FORTWO,-1,-1,0,-1
2020010249404,2020,010249404,2,9,0,18,19,5,1,0,0,1,0,0,0,0,1,1,6,6,2,32,6,999,1,10,SMART FORTWO,6,E01001284,0,-1
2020010256123,2020,010256123,2,9,0,18,19,1,5,0,0,0,0,4,0,0,1,1,6,6,1,20,4,999,1,9,SMART FORTWO,2,E01033601,0,-1
2020450951547,2020,450951547,1,9,0,18,19,3,7,0,0,1,0,11,0,0,3,1,6,6,1,29,6,999,1,9,SMART FORTWO,4,E01030551,0,-1
2020552000810,2020,552000810,1,9,0,9,9,2,6,0,0,5,0,0,0,0,1,1,6,6,2,73,10,999,1,6,SMART FORTWO,6,E01020490,0,-1
2020010246523,2020,010246523,2,9,9,99,99,9,9,99,99,9,9,99,0,0,9,9,6,6,3,-1,-1,999,1,6,SMART FORTWO,-1,-1,0,-1
2020220947308,2020,220947308,2,9,0,18,19,3,7,0,0,8,0,0,0,0,1,1,2,2,1,53,8,799,2,7,SMART FORTWO,9,E01032299,0,-1
2020010285331,2020,010285331,2,9,0,99,99,9,9,99,99,0,9,99,9,99,1,9,6,6,3,-1,-1,999,1,8,SMART FORTWO,2,E01004679,0,-1
2020470952135,2020,470952135,2,9,0,18,19,2,6,0,0,8,0,0,0,0,1,1,5,6,1,83,11,898,1,2,SMART FORTWO,5,E01016851,0,-1
2020546102720,2020,546102720,1,9,0,18,19,4,8,0,0,1,5,0,1,0,3,1,6,6,2,27,6,698,1,16,SMART FORTWO,8,E01015549,0,-1
2020010277966,2020,010277966,1,9,0,5,5,0,7,0,0,0,0,0,0,0,3,1,6,6,2,34,6,799,2,10,SMART FORTWO,2,E01004233,0,-1
2020410939208,2020,410939208,1,9,0,9,9,5,3,0,0,1,0,0,0,0,1,1,2,2,2,24,5,999,1,9,SMART FORTWO,10,E01023503,0,-1
2020450935876,2020,450935876,2,9,0,18,19,1,1,0,0,0,0,0,0,0,1,1,6,6,1,22,5,898,1,1,SMART FORTWO,5,E01030337,0,-1
2020461012644,2020,461012644,3,9,0,18,19,8,4,0,0,0,0,0,0,0,3,1,5,6,1,50,8,999,1,12,SMART FORTWO,4,E01001618,0,-1
2020622000400,2020,622000400,1,9,0,1,1,6,2,0,0,0,0,0,0,0,2,1,6,6,1,38,7,999,1,9,SMART FORTWO,10,W01001793,0,-1
2020010279758,2020,010279758,1,9,0,18,19,8,4,0,0,0,0,0,0,0,1,1,6,6,2,30,6,999,1,3,SMART FORTWO,-1,-1,0,-1
2020010257664,2020,010257664,1,9,0,9,9,8,5,0,0,1,0,0,1,0,4,1,2,2,2,22,5,999,1,3,SMART FORTWO,3,E01000176,0,-1
2020410960675,2020,410960675,1,9,0,17,19,1,6,0,0,2,0,0,0,0,1,1,5,6,1,24,5,898,1,5,SMART FORTWO,10,E01001456,0,-1
2020010233851,2020,010233851,1,9,0,9,9,1,7,0,0,8,0,0,0,0,1,1,6,6,1,25,5,999,1,4,SMART FORTWO,6,E01000778,0,-1
2020370960528,2020,370960528,1,9,0,18,19,7,3,0,0,0,0,0,1,9,4,1,5,6,2,50,8,799,2,7,SMART FORTWO,7,E01030082,0,-1
2020010237687,2020,010237687,2,9,0,99,99,9,9,99,99,0,9,99,9,99,9,9,6,6,3,22,5,898,1,1,SMART FORTWO,7,E01023947,0,-1
2020460959502,2020,460959502,3,9,0,4,4,3,7,0,0,0,0,0,0,0,2,1,6,6,1,27,6,999,1,3,SMART FORTWO,7,E01003659,0,-1
2020200991942,2020,200991942,1,9,0,18,19,5,1,0,0,0,0,10,1,0,1,1,6,6,1,28,6,999,1,8,SMART FORTWO,2,E01009944,0,-1
2020420995124,2020,420995124,1,9,0,18,19,4,1,0,0,4,0,0,0,0,1,1,6,6,2,59,9,999,1,1,SMART FORTWO,4,E01021706,0,-1
2020420952557,2020,420952557,2,9,0,18,19,1,5,0,0,1,1,0,1,0,1,1,5,6,1,29,6,999,1,10,SMART FORTWO,5,E01023342,0,-1
2020010253445,2020,010253445,1,9,0,3,3,3,7,0,0,0,0,0,0,0,2,1,6,6,1,54,8,999,1,9,SMART FORTWO,1,E01033585,0,-1
2020460948874,2020,460948874,3,9,0,2,2,0,0,0,0,1,0,0,0,0,2,1,5,6,2,33,6,999,1,13,SMART FORTWO,1,E01016024,0,-1
2020990973566,2020,990973566,1,9,0,14,14,2,6,0,0,0,0,0,0,0,1,1,2,2,2,61,9,999,1,12,SMART FORTWO,-1,-1,0,-1
2020421002212,2020,421002212,1,9,0,16,19,7,3,0,0,1,0,0,0,0,1,1,5,6,1,54,8,999,1,10,SMART FORTWO,7,E01021657,0,-1
2020340W00842,2020,340W00842,1,9,0,9,9,1,5,0,0,8,0,0,0,0,1,1,6,6,2,71,10,799,2,10,SMART FORTWO,2,E01027341,0,-1
2020522100921,2020,522100921,1,9,0,9,9,8,6,0,0,5,0,0,0,0,3,1,6,6,1,31,6,999,1,12,SMART FORTWO,2,E01014575,0,-1
2020470949160,2020,470949160,1,9,0,18,19,1,5,0,0,0,0,0,0,0,1,1,6,6,3,-1,-1,999,1,3,SMART FORTWO,-1,-1,0,-1
2020010237671,2020,010237671,3,9,0,2,2,0,0,0,0,0,0,0,0,0,1,1,6,6,3,-1,-1,999,1,6,SMART FORTWO,-1,-1,0,-1
2020230935487,2020,230935487,2,9,0,9,9,8,6,0,0,5,0,0,0,0,2,1,2,2,2,23,5,999,1,11,SMART FORTWO,2,E01029426,0,-1
2020010233029,2020,010233029,2,9,0,2,2,0,0,0,0,0,0,0,0,0,2,1,6,6,3,-1,-1,999,1,6,SMART FORTWO,-1,-1,0,-1