collision_index,collision_year,collision_ref_no,vehicle_reference,vehicle_type,towing_and_articulation,vehicle_manoeuvre_historic,vehicle_manoeuvre,vehicle_direction_from,vehicle_direction_to,vehicle_location_restricted_lane_historic,vehicle_location_restricted_lane,junction_location,skidding_and_overturning,hit_object_in_carriageway,vehicle_leaving_carriageway,hit_object_off_carriageway,first_point_of_impact,vehicle_left_hand_drive,journey_purpose_of_driver_historic,journey_purpose_of_driver,sex_of_driver,age_of_driver,age_band_of_driver,engine_capacity_cc,propulsion_code,age_of_vehicle,generic_make_model,driver_imd_decile,lsoa_of_driver,escooter_flag,driver_distance_banding
2020010248293,2020,010248293,1,9,0,99,99,9,9,99,99,0,9,99,9,99,9,1,2,2,1,46,8,999,1,12,SMART FORTWO,3,E01002491,0,-1
2020010263865,2020,010263865,1,9,0,99,99,9,9,99,99,9,9,99,9,99,2,9,6,6,1,31,6,999,1,11,SMART FORTWO,-1,-1,0,-1
2020450923665,2020,450923665,1,9,0,18,19,1,5,0,0,0,0,0,0,0,0,1,5,6,2,67,10,-1,3,5,SMART FORTWO,10,E01030508,0,-1
2020470930775,2020,470930775,1,9,0,18,19,1,5,0,0,0,5,0,1,1,1,1,1,1,1,48,8,999,1,7,SMART FORTWO,4,E01001259,0,-1
2020010233417,2020,010233417,1,9,0,9,9,5,3,0,0,1,0,0,0,0,1,1,6,6,1,27,6,999,1,4,SMART FORTWO,1,E01004272,0,-1
2020010247322,2020,010247322,1,9,0,7,7,5,8,0,0,1,0,0,0,0,4,1,6,6,1,31,6,999,1,6,SMART FORTWO,2,E01004001,0,-1
2020460988228,2020,460988228,2,9,0,18,19,3,7,0,0,0,0,11,0,0,1,1,2,2,1,35,6,999,1,9,SMART FORTWO,-1,-1,0,-1
2020010229960,2020,010229960,1,9,0,10,10,5,3,0,0,1,0,0,0,0,2,1,6,6,1,54,8,999,1,9,SMART FORTWO,2,E01003350,0,-1
2020010274956,2020,010274956,3,9,0,18,19,3,7,0,0,0,0,0,0,0,2,1,6,6,1,36,7,999,1,7,SMART FORTWO,10,E01000666,0,-1
2020010268526,2020,010268526,1,9,0,18,19,5,1,0,0,1,0,0,0,0,4,1,6,6,1,31,6,999,1,4,SMART FORTWO,2,E01002735,0,-1
2020470966920,2020,470966920,1,9,0,6,6,1,1,0,0,0,0,0,0,0,3,1,2,2,1,36,7,898,1,3,SMART FORTWO,1,E01016942,0,-1
2020010272869,2020,010272869,2,9,0,9,9,1,7,0,0,0,0,0,0,0,3,1,6,6,1,19,4,999,1,7,SMART FORTWO,-1,-1,0,-1
2020470934779,2020,470934779,1,9,0,9,9,1,4,0,0,6,0,0,0,0,1,1,5,6,1,72,10,799,2,9,SMART FORTWO,9,E01031630,0,-1
2020320023031,2020,320023031,1,3,0,17,19,6,3,0,0,1,1,0,0,0,0,1,6,6,1,25,5,124,1,2,SUZUKI GSXR 1100,4,E01026268,0,-1
2020552000816,2020,552000816,1,4,0,4,4,3,7,0,0,8,0,0,1,0,1,1,6,6,1,24,5,124,1,3,-1,4,E01020485,0,-1
2020010279204,2020,010279204,1,3,0,99,99,9,9,99,99,9,9,99,9,99,9,1,6,6,1,28,6,124,1,2,SUZUKI GSXR 1100,2,E01033588,0,-1
2020440353383,2020,440353383,2,3,0,18,19,5,1,0,0,4,0,0,0,0,1,1,6,6,1,17,4,125,1,1,SUZUKI GSXR 1100,7,E01030905,0,-1
2020161003873,2020,161003873,2,3,0,18,19,5,1,0,0,8,0,0,0,0,1,1,5,6,1,31,6,125,1,1,SUZUKI GSXR 1100,9,E01027845,0,-1
2020552000489,2020,552000489,1,4,0,18,19,3,7,0,0,1,0,0,0,0,1,1,6,6,1,35,6,125,1,1,-1,3,E01015381,0,-1
2020530964224,2020,530964224,2,3,0,10,10,0,0,0,0,1,0,0,0,0,1,1,2,2,1,18,4,125,1,2,SUZUKI GSXR 1100,4,E01022192,0,-1
2020010272055,2020,010272055,2,3,0,13,13,5,1,0,0,1,2,0,0,0,1,1,6,6,1,20,4,125,1,2,SUZUKI GSXR 1100,2,E01002703,0,-1
2020100941935,2020,100941935,1,3,0,18,19,7,3,0,0,0,0,0,0,0,1,1,5,6,1,22,5,124,1,3,SUZUKI GSXR 1100,1,E01008746,0,-1
202006K371873,2020,06K371873,1,3,0,9,9,3,1,0,0,8,5,0,0,0,3,1,6,6,1,17,4,124,1,2,SUZUKI GSXR 1100,8,E01004892,0,-1
2020160945527,2020,160945527,2,3,0,18,19,4,8,0,0,1,0,0,0,0,1,1,6,6,1,18,4,124,1,2,SUZUKI GSXR 1100,1,E01012781,0,-1
2020070061931,2020,070061931,2,3,0,18,19,4,8,0,0,1,0,0,0,0,1,1,6,6,1,25,5,124,1,2,SUZUKI GSXR 1100,8,E01018558,0,-1
2020010280703,2020,010280703,1,3,0,99,99,9,9,99,99,0,9,99,9,99,9,1,6,6,1,29,6,124,1,2,SUZUKI GSXR 1100,6,E01032768,0,-1
2020010279723,2020,010279723,2,4,0,18,19,1,5,0,0,1,1,0,0,0,1,1,6,6,1,27,6,124,1,2,-1,5,E01000243,0,-1
2020500964923,2020,500964923,1,3,0,17,19,8,4,0,0,0,1,0,1,10,4,1,5,6,1,21,5,125,1,1,SUZUKI GSXR 1100,6,E01020161,0,-1
2020122000910,2020,122000910,1,3,0,17,19,3,8,0,0,0,0,0,1,1,4,1,6,6,1,18,4,125,1,2,SUZUKI GSXR 1100,8,E01027896,0,-1
2020302000946,2020,302000946,2,3,0,18,19,1,5,0,0,8,0,0,0,0,4,1,6,6,1,19,4,125,1,0,SUZUKI GSXR 1100,2,E01013538,0,-1
2020410954760,2020,410954760,2,3,0,18,19,5,1,0,0,5,0,0,0,0,4,1,6,6,1,19,4,125,1,1,SUZUKI GSXR 1100,7,E01023517,0,-1
2020122001145,2020,122001145,2,3,0,18,19,2,6,0,0,1,0,0,0,0,1,1,2,2,1,26,6,124,1,3,SUZUKI GSXR 1100,3,E01013350,0,-1
202031C003920,2020,31C003920,1,3,0,18,19,6,2,0,0,2,1,0,0,0,1,1,2,2,1,34,6,125,1,1,SUZUKI GSXR 1100,1,E01028247,0,-1
2020010261720,2020,010261720,1,3,0,18,19,1,5,0,0,1,0,0,0,0,4,1,6,6,1,37,7,124,1,3,SUZUKI GSXR 1100,7,E01000147,0,-1
2020451002298,2020,451002298,1,3,0,4,4,7,2,0,0,0,1,0,0,0,0,1,1,1,1,23,5,124,1,2,SUZUKI GSXR 1100,8,E01030928,0,-1
2020122000502,2020,122000502,2,4,0,9,9,7,3,0,0,5,0,0,0,0,3,1,6,6,3,-1,-1,125,1,2,-1,-1,-1,0,-1
2020450977402,2020,450977402,2,3,0,13,13,5,1,0,0,0,1,0,7,10,3,1,2,2,1,20,4,125,1,2,SUZUKI GSXR 1100,6,E01031770,0,-1
2020360968065,2020,360968065,1,3,0,4,4,6,2,0,0,0,0,0,0,0,1,1,5,6,1,22,5,124,1,2,SUZUKI GSXR 1100,4,E01026499,0,-1
2020140971724,2020,140971724,1,3,0,13,13,2,6,0,0,1,0,0,0,0,1,1,5,6,2,20,4,125,1,1,SUZUKI GSXR 1100,1,E01007547,0,-1
2020500944478,2020,500944478,2,3,0,9,9,3,7,0,0,0,0,0,0,0,3,1,1,1,2,20,4,125,1,1,SUZUKI GSXR 1100,9,E01015141,0,-1
2020530956268,2020,530956268,1,3,0,18,19,1,5,0,0,0,1,0,7,0,1,1,5,6,1,32,6,125,1,1,SUZUKI GSXR 1100,1,E01022311,0,-1
202031B093420,2020,31B093420,2,3,0,7,7,1,3,0,0,3,0,0,0,0,1,1,6,6,1,20,4,124,1,2,SUZUKI GSXR 1100,8,E01007685,0,-1
2020460969134,2020,460969134,1,3,0,16,19,7,2,0,0,0,0,0,7,0,1,1,5,6,1,20,4,124,1,2,SUZUKI GSXR 1100,6,E01024127,0,-1
2020450964049,2020,450964049,2,9,0,18,19,1,5,0,0,2,0,0,0,0,0,1,6,6,1,41,7,1796,1,16,TOYOTA CELICA,2,E01030599,0,-1
2020420956914,2020,420956914,1,9,0,9,9,5,1,0,0,1,0,0,0,0,4,1,6,6,1,58,9,1794,1,17,TOYOTA CELICA,3,E01021328,0,-1
2020530997333,2020,530997333,1,9,0,16,19,5,1,0,0,0,2,0,8,10,1,1,5,6,1,39,7,1794,1,14,TOYOTA CELICA,5,E01022266,0,-1
2020520001091,2020,520001091,2,9,0,3,3,2,6,0,0,0,0,0,0,0,2,1,6,6,1,53,8,1794,1,18,TOYOTA CELICA,1,E01029234,0,-1
2020070585179,2020,070585179,1,9,0,9,9,3,8,0,0,6,0,0,0,0,3,1,6,6,2,78,11,1794,1,15,TOYOTA CELICA,5,E01012468,0,-1
2020211029111,2020,211029111,1,9,0,9,9,1,5,0,0,8,0,0,0,0,4,1,6,6,1,31,6,1794,1,19,TOYOTA CELICA,6,E01029398,0,-1
2020450942714,2020,450942714,1,9,0,18,19,6,2,0,0,0,0,0,0,0,1,1,5,6,1,24,5,1794,1,16,TOYOTA CELICA,9,E01030760,0,-1
2020360994683,2020,360994683,1,9,0,18,19,8,3,0,0,1,5,0,0,0,1,1,6,6,1,33,6,1794,1,16,TOYOTA CELICA,1,E01008119,0,-1
2020501004948,2020,501004948,1,9,0,17,19,2,6,0,0,0,1,0,7,9,1,1,2,2,1,26,6,1794,1,17,TOYOTA CELICA,3,E01018888,0,-1
2020030993053,2020,030993053,1,9,0,5,5,-1,-1,0,0,1,0,0,0,0,1,1,6,6,1,35,6,1794,1,16,TOYOTA CELICA,2,E01019110,0,-1
2020450958650,2020,450958650,1,9,0,18,19,3,1,0,0,1,0,0,0,0,1,1,5,6,2,51,8,1794,1,16,TOYOTA CELICA,9,E01030690,0,-1
2020302000619,2020,302000619,1,9,0,17,19,1,5,0,0,0,2,0,7,11,1,1,6,6,1,55,8,1999,1,26,TOYOTA CELICA,6,E01029424,0,-1
2020010257426,2020,010257426,1,9,0,99,99,9,9,99,99,0,9,99,9,99,1,9,6,6,1,35,6,1794,1,17,TOYOTA CELICA,2,E01003599,0,-1
2020440347508,2020,440347508,3,9,0,18,19,4,7,0,0,0,0,0,0,0,1,1,6,6,1,19,4,1794,1,20,TOYOTA CELICA,10,E01022504,0,-1
2020430029132,2020,430029132,2,9,0,18,19,3,7,0,0,8,0,0,0,0,3,1,6,6,1,27,6,1794,1,18,TOYOTA CELICA,7,E01032728,0,-1
202006E271687,2020,06E271687,1,9,0,18,19,4,8,0,0,0,0,0,0,0,1,1,6,6,3,-1,-1,1794,1,16,TOYOTA CELICA,-1,-1,0,-1
2020500924984,2020,500924984,1,9,0,18,19,1,5,0,0,1,0,0,0,0,1,1,5,6,2,50,8,1794,1,20,TOYOTA CELICA,3,E01015084,0,-1
2020200948992,2020,200948992,1,9,0,9,9,3,8,0,0,8,0,0,0,0,1,1,6,6,2,52,8,1794,1,16,TOYOTA CELICA,4,E01009250,0,-1
2020610010120,2020,610010120,2,9,0,18,19,2,6,0,0,1,0,7,0,6,2,1,2,2,2,46,8,1794,1,16,TOYOTA CELICA,6,W01001912,0,-1
2020320126373,2020,320126373,1,9,0,12,12,7,3,0,0,0,0,0,0,0,1,1,6,6,2,70,10,1794,1,18,TOYOTA CELICA,8,E01026237,0,-1
2020522004886,2020,522004886,2,9,0,7,7,2,5,0,0,5,0,0,0,0,2,1,6,6,1,46,8,1796,1,16,TOYOTA CELICA,7,E01014701,0,-1
2020460923055,2020,460923055,1,9,0,14,14,7,3,0,0,0,0,4,0,0,1,1,5,6,1,62,9,1794,1,18,TOYOTA CELICA,6,E01024420,0,-1
2020200991933,2020,200991933,1,9,0,5,5,2,6,0,0,6,0,0,0,0,1,1,6,6,1,37,7,1794,1,18,TOYOTA CELICA,2,E01008964,0,-1
2020450919729,2020,450919729,2,9,0,18,19,1,5,0,0,0,0,0,0,0,0,1,6,6,2,45,7,1794,1,17,TOYOTA CELICA,6,E01030995,0,-1
2020991005664,2020,991005664,1,9,0,16,19,6,2,0,0,0,2,0,7,0,1,1,6,6,1,29,6,1794,1,17,TOYOTA CELICA,4,-1,0,-1
2020122001156,2020,122001156,2,9,0,3,3,5,1,0,0,0,0,0,0,0,2,1,2,2,2,51,8,1794,1,17,TOYOTA CELICA,7,E01013428,0,-1
202006E169316,2020,06E169316,2,9,0,18,19,3,1,0,0,4,0,0,0,0,1,1,6,6,2,37,7,1794,1,17,TOYOTA CELICA,9,E01005047,0,-1
2020350957636,2020,350957636,2,9,0,1,1,3,5,0,0,5,0,0,0,0,2,1,6,6,1,52,8,1794,1,15,TOYOTA CELICA,6,E01018186,0,-1
2020430032165,2020,430032165,1,9,0,16,19,5,8,0,0,0,1,0,0,0,1,1,6,6,2,41,7,1998,1,30,TOYOTA CELICA,8,E01016192,0,-1
2020450922762,2020,450922762,1,9,0,18,19,3,7,0,0,2,0,0,0,0,1,1,2,2,1,58,9,1794,1,14,TOYOTA CELICA,9,E01030813,0,-1
202006G169138,2020,06G169138,1,9,0,18,19,5,1,0,0,1,0,0,0,0,1,1,6,6,1,20,4,1796,1,17,TOYOTA CELICA,2,E01005965,0,-1
2020070130483,2020,070130483,1,9,0,18,19,3,7,0,0,0,2,0,1,11,1,1,6,6,1,28,6,1796,1,15,TOYOTA CELICA,1,E01012508,0,-1
2020421003516,2020,421003516,1,9,0,4,4,1,5,0,0,1,0,0,0,0,1,1,5,6,1,79,11,1794,1,19,TOYOTA CELICA,3,E01023343,0,-1
2020991006270,2020,991006270,1,9,0,18,19,1,5,0,0,0,0,4,0,0,1,1,6,6,1,61,9,1794,1,15,TOYOTA CELICA,2,-1,0,-1
2020470922897,2020,470922897,1,9,0,17,19,2,3,0,0,0,2,0,7,10,1,1,2,2,1,40,7,1796,1,19,TOYOTA CELICA,2,E01021183,0,-1
2020440382846,2020,440382846,1,9,0,18,19,2,6,0,0,0,1,0,5,6,1,1,6,6,2,57,9,1794,1,15,TOYOTA CELICA,7,E01022529,0,-1
2020520100138,2020,520100138,2,9,0,18,19,2,6,0,0,8,0,0,0,0,0,1,6,6,2,25,5,1794,1,16,TOYOTA CELICA,10,E01029264,0,-1
2020500989006,2020,500989006,2,97,0,3,3,7,3,0,0,1,0,0,0,0,0,1,5,6,1,50,8,-1,3,1,-1,9,E01020038,0,-1
2020430229604,2020,430229604,1,23,0,4,4,3,7,0,0,0,0,0,0,0,0,1,6,6,1,30,6,-1,3,0,-1,6,E01001245,0,-1
2020010242491,2020,010242491,2,5,0,18,19,7,3,0,0,8,0,0,0,0,3,1,6,6,2,42,7,-1,3,1,-1,2,E01033599,0,-1
2020052002066,2020,052002066,2,4,0,18,19,1,5,0,0,0,0,0,0,0,3,1,6,6,1,30,6,-1,3,0,-1,1,E01006739,0,-1
2020460946051,2020,460946051,1,9,0,18,19,7,3,0,0,0,0,0,0,0,1,1,5,6,1,46,8,1896,2,17,VOLKSWAGEN BORA,4,E01024579,0,-1
2020110964312,2020,110964312,1,9,0,18,19,5,1,0,0,1,0,0,0,0,1,1,5,6,1,28,6,1896,2,16,VOLKSWAGEN BORA,1,E01020816,0,-1
2020010235305,2020,010235305,1,9,5,16,19,7,3,0,0,0,1,0,0,0,1,1,6,6,3,-1,-1,1896,2,18,VOLKSWAGEN BORA,-1,-1,0,-1
2020010249722,2020,010249722,2,9,0,99,99,9,9,99,99,9,9,99,9,99,1,9,6,6,3,25,5,1781,1,16,VOLKSWAGEN BORA,4,E01003543,0,-1
2020460951531,2020,460951531,1,9,0,18,19,1,5,0,0,8,0,0,0,0,1,1,6,6,2,-1,-1,1896,2,15,VOLKSWAGEN BORA,5,E01024638,0,-1
202063B055920,2020,63B055920,2,9,0,2,2,0,0,9,9,0,0,0,7,10,4,1,6,6,1,28,6,1781,1,18,VOLKSWAGEN BORA,9,W01000534,0,-1
2020160955816,2020,160955816,1,9,4,18,19,4,8,0,0,2,1,0,7,4,4,1,5,6,1,24,5,1896,2,15,VOLKSWAGEN BORA,-1,-1,0,-1
2020010274035,2020,010274035,1,9,0,4,4,3,7,0,0,1,0,0,0,0,0,2,6,6,1,23,5,1984,1,16,VOLKSWAGEN BORA,2,E01003197,0,-1
2020200930354,2020,200930354,2,9,0,5,5,7,3,0,0,1,0,0,0,0,4,1,6,6,1,37,7,1896,2,15,VOLKSWAGEN BORA,1,E01009000,0,-1
2020340N02932,2020,340N02932,1,9,0,12,12,7,3,0,0,4,0,0,0,0,3,1,6,6,1,21,5,1595,1,20,VOLKSWAGEN BORA,7,E01027204,0,-1
2020371017043,2020,371017043,2,9,0,4,4,6,2,0,0,2,1,0,0,0,1,1,1,1,1,43,7,1984,1,18,VOLKSWAGEN BORA,8,E01026470,0,-1
2020552001052,2020,552001052,2,9,0,18,19,2,6,0,0,8,0,0,0,0,1,1,6,6,1,24,5,1984,1,17,VOLKSWAGEN BORA,7,E01015391,0,-1
2020360964017,2020,360964017,1,9,0,7,7,3,7,0,0,0,0,0,0,0,1,1,3,7,1,29,6,1781,1,16,VOLKSWAGEN BORA,5,E01026438,0,-1
2020990990819,2020,990990819,1,9,0,18,19,8,4,0,0,0,1,4,1,11,1,1,6,6,1,19,4,1896,2,16,VOLKSWAGEN BORA,7,-1,0,-1
2020440369823,2020,440369823,2,9,0,18,19,7,3,0,0,0,0,0,0,0,1,1,6,6,1,24,5,1984,1,20,VOLKSWAGEN BORA,4,E01017159,0,-1
2020622000673,2020,622000673,1,9,0,6,6,6,6,0,0,1,0,0,0,0,1,1,6,6,1,42,7,1896,2,18,VOLKSWAGEN BORA,2,W01001371,0,-1
2020140994749,2020,140994749,2,9,0,4,4,6,2,0,0,1,0,0,0,0,0,1,6,6,2,27,6,1896,2,17,VOLKSWAGEN BORA,-1,-1,0,-1
2020201014913,2020,201014913,2,9,0,18,19,8,4,0,0,8,0,0,0,0,1,1,6,6,1,64,9,1896,2,17,VOLKSWAGEN BORA,4,E01009231,0,-1
2020010238149,2020,010238149,1,9,0,18,19,8,4,0,0,4,0,4,1,2,1,1,6,6,1,77,11,1984,1,19,VOLKSWAGEN BORA,2,E01003351,0,-1
2020052000844,2020,052000844,2,9,0,18,19,7,3,0,0,2,0,0,0,0,1,1,6,6,1,40,7,1595,1,16,VOLKSWAGEN BORA,2,E01006657,0,-1
2020320486779,2020,320486779,1,9,0,18,19,3,7,0,0,0,2,0,1,3,1,1,2,2,1,23,5,1896,2,18,VOLKSWAGEN BORA,-1,-1,0,-1
2020410968707,2020,410968707,1,9,0,18,19,5,1,0,0,0,2,0,1,0,1,1,1,1,1,53,8,1896,2,18,VOLKSWAGEN BORA,4,E01023488,0,-1
2020160941883,2020,160941883,3,9,0,3,3,3,7,0,0,1,0,0,0,0,2,1,5,6,1,18,4,1896,2,15,VOLKSWAGEN BORA,-1,-1,0,-1
2020140950281,2020,140950281,1,9,0,18,19,8,4,0,0,0,0,0,4,6,1,1,6,6,1,31,6,1896,2,17,VOLKSWAGEN BORA,3,E01007465,0,-1
2020450989073,2020,450989073,1,9,0,18,19,3,7,0,0,2,0,0,0,0,2,1,1,1,2,41,7,1595,1,21,VOLKSWAGEN BORA,6,E01030699,0,-1
2020440190503,2020,440190503,1,9,0,9,9,6,4,0,0,8,0,7,5,6,3,1,6,6,1,34,6,1896,2,18,VOLKSWAGEN BORA,4,E01032756,0,-1
2020200930793,2020,200930793,1,9,0,10,10,3,8,0,0,1,0,0,0,0,2,1,6,6,1,41,7,1896,2,15,VOLKSWAGEN BORA,1,E01009541,0,-1
2020500988618,2020,500988618,1,9,0,9,9,7,1,0,0,3,0,0,0,0,1,1,6,6,1,38,7,1896,2,18,VOLKSWAGEN BORA,6,E01018824,0,-1
2020450955681,2020,450955681,1,9,0,18,19,3,7,0,0,1,0,0,0,0,1,1,5,6,1,31,6,1896,2,17,VOLKSWAGEN BORA,8,E01030954,0,-1
2020622000282,2020,622000282,1,9,0,18,19,6,2,0,0,0,0,0,0,0,2,1,6,6,1,78,11,1896,2,18,VOLKSWAGEN BORA,1,W01000832,0,-1
2020010236606,2020,010236606,1,9,0,18,19,1,5,0,0,0,0,0,8,11,0,1,6,6,1,62,9,1984,1,19,VOLKSWAGEN BORA,7,E01001913,0,-1
2020010257396,2020,010257396,1,9,0,18,19,5,1,0,0,0,0,0,0,0,4,1,6,6,1,37,7,1896,2,15,VOLKSWAGEN BORA,3,E01001362,0,-1
2020622000142,2020,622000142,1,9,0,15,15,2,5,0,0,0,0,0,0,0,1,1,6,6,1,37,7,1595,1,15,VOLKSWAGEN BORA,10,W01001798,0,-1
2020137BA1090,2020,137BA1090,1,9,0,18,19,6,2,0,0,0,0,0,0,0,3,1,6,6,1,24,5,1896,2,18,VOLKSWAGEN BORA,3,E01011257,0,-1
2020520002037,2020,520002037,2,9,0,18,19,1,5,0,0,8,0,0,0,0,1,1,6,6,1,30,6,1598,1,19,VOLKSWAGEN BORA,10,E01029083,0,-1
2020990951685,2020,990951685,1,9,0,17,19,2,6,0,0,0,1,0,1,4,1,1,6,6,1,33,6,1984,1,17,VOLKSWAGEN BORA,1,-1,0,-1
202006K268501,2020,06K268501,2,9,0,18,19,8,4,0,0,8,0,0,7,0,4,1,6,6,1,18,4,1896,2,16,VOLKSWAGEN BORA,1,E01024909,0,-1
2020070625850,2020,070625850,1,9,5,18,19,6,2,0,0,0,0,0,0,0,0,1,6,6,1,38,7,1896,2,17,VOLKSWAGEN BORA,7,E01012496,0,-1
2020360999075,2020,360999075,1,9,0,18,19,1,5,0,0,0,0,0,0,0,1,1,5,6,2,87,11,1896,2,16,VOLKSWAGEN BORA,6,E01026612,0,-1
2020501005340,2020,501005340,1,9,0,16,19,7,3,0,0,0,1,0,7,11,1,1,5,6,1,21,5,1896,2,17,VOLKSWAGEN BORA,5,E01019902,0,-1
2020320262920,2020,320262920,1,9,0,18,19,3,7,0,0,0,0,0,0,0,1,1,6,6,1,24,5,1896,2,20,VOLKSWAGEN BORA,3,E01011137,0,-1
2020461007397,2020,461007397,1,9,0,18,19,1,5,0,0,1,0,0,0,0,1,1,2,2,1,39,7,1896,2,16,VOLKSWAGEN BORA,6,E01024292,0,-1
2020350993485,2020,350993485,1,9,-1,-1,-1,1,5,0,0,0,0,0,-1,0,1,1,6,6,2,-1,-1,1896,2,17,VOLKSWAGEN BORA,4,E01015630,0,-1
2020040989646,2020,040989646,2,9,0,10,10,5,3,0,0,6,0,0,0,0,1,1,6,6,3,-1,-1,1896,2,18,VOLKSWAGEN BORA,-1,-1,0,-1
2020140968854,2020,140968854,1,9,0,4,4,6,2,0,0,0,0,0,0,0,1,1,2,2,1,42,7,1896,2,18,VOLKSWAGEN BORA,2,E01007651,0,-1
2020010247762,2020,010247762,2,9,0,9,9,8,5,0,0,8,0,0,0,0,3,1,6,6,1,25,5,1896,2,19,VOLKSWAGEN BORA,9,E01002994,0,-1
2020052000078,2020,052000078,1,9,0,5,5,3,7,0,0,3,0,0,0,0,1,1,1,1,1,61,9,1984,1,17,VOLKSWAGEN BORA,7,E01006852,0,-1
2020420987965,2020,420987965,1,9,0,18,19,5,1,0,0,0,2,0,7,0,1,1,6,6,1,27,6,1896,2,18,VOLKSWAGEN BORA,8,E01022077,0,-1
2020351004006,2020,351004006,3,9,0,3,3,2,6,0,0,0,0,0,0,0,2,1,5,6,1,42,7,1896,2,15,VOLKSWAGEN BORA,9,E01017381,0,-1
2020160953114,2020,160953114,1,9,0,7,7,7,8,0,0,6,0,0,0,0,1,1,5,6,1,22,5,1896,2,18,VOLKSWAGEN BORA,7,E01013270,0,-1
2020200981537,2020,200981537,2,9,0,18,19,2,6,0,0,8,0,0,0,0,4,1,6,6,3,42,7,1896,2,18,VOLKSWAGEN BORA,1,E01009639,0,-1
2020360974557,2020,360974557,1,9,0,18,19,3,8,0,0,0,0,0,0,0,0,1,5,6,2,87,11,1896,2,16,VOLKSWAGEN BORA,6,E01026612,0,-1
2020350974119,2020,350974119,1,9,0,7,7,5,6,0,0,1,0,11,0,0,1,1,5,6,2,40,7,1896,2,15,VOLKSWAGEN BORA,8,E01033429,0,-1
2020010284103,2020,010284103,2,9,0,9,9,5,2,0,0,6,0,0,0,0,1,1,6,6,1,37,7,1896,2,20,VOLKSWAGEN BORA,4,E01003513,0,-1
20201376G1230,2020,1376G1230,1,9,0,1,1,7,3,0,0,0,0,0,0,0,2,1,6,6,1,38,7,1896,2,19,VOLKSWAGEN BORA,2,E01011862,0,-1
2020470921823,2020,470921823,2,9,0,18,19,2,4,0,0,0,0,0,0,0,2,1,5,6,1,18,4,1600,1,16,VOLKSWAGEN BORA,7,E01021181,0,-1
2020350971051,2020,350971051,1,9,0,17,19,6,1,0,0,2,0,0,2,2,1,1,5,6,1,24,5,1896,2,17,VOLKSWAGEN BORA,4,E01033174,0,-1
2020140979630,2020,140979630,2,9,0,18,19,2,2,0,0,1,0,0,0,0,1,1,6,6,1,44,7,1896,2,18,VOLKSWAGEN BORA,1,E01007652,0,-1
2020470996749,2020,470996749,1,9,0,18,19,3,7,0,0,8,0,0,0,0,1,1,6,6,1,20,4,1896,2,18,VOLKSWAGEN BORA,10,E01031668,0,-1
2020501005329,2020,501005329,2,9,0,18,19,2,6,0,0,1,0,0,0,0,1,1,6,6,2,42,7,2324,1,18,VOLKSWAGEN BORA,2,E01018977,0,-1
202006Q167523,2020,06Q167523,1,9,0,7,7,2,4,0,0,6,0,0,0,0,1,1,6,6,1,33,6,1968,2,2,VOLKSWAGEN TIGUAN,1,E01013481,0,-1
2020411011961,2020,411011961,2,9,0,18,19,5,1,0,0,1,0,0,0,0,1,1,5,6,1,48,8,1968,2,2,VOLKSWAGEN TIGUAN,9,E01023849,0,-1
2020010249551,2020,010249551,1,9,0,10,10,7,6,0,0,1,0,0,0,0,0,1,6,6,2,45,7,1968,2,3,VOLKSWAGEN TIGUAN,7,E01000822,0,-1
2020010273182,2020,010273182,2,9,0,99,99,9,9,99,99,9,9,99,9,99,1,9,6,6,3,61,9,1968,2,8,VOLKSWAGEN TIGUAN,4,E01001180,0,-1
2020430032039,2020,430032039,2,9,0,13,13,1,0,0,0,0,0,0,1,11,2,1,6,6,1,52,8,1968,2,1,VOLKSWAGEN TIGUAN,8,E01028483,0,-1
2020549504720,2020,549504720,1,9,0,4,4,5,1,0,0,1,0,0,0,0,1,1,6,6,2,41,7,1968,2,5,VOLKSWAGEN TIGUAN,6,E01032010,0,-1
2020010265000,2020,010265000,1,9,0,99,99,9,9,99,99,0,9,99,9,99,2,9,6,6,1,33,6,1498,1,0,VOLKSWAGEN TIGUAN,2,E01001008,0,-1
2020552100019,2020,552100019,3,9,0,3,3,6,2,0,0,0,0,0,0,0,2,1,6,6,1,65,9,1968,2,3,VOLKSWAGEN TIGUAN,5,E01020444,0,-1
2020421003506,2020,421003506,3,9,0,18,19,8,4,0,0,8,0,0,0,0,1,1,6,6,1,38,7,1498,1,0,VOLKSWAGEN TIGUAN,-1,-1,0,-1
2020460975836,2020,460975836,3,9,0,18,19,3,7,0,0,0,0,0,0,0,1,1,5,6,1,40,7,1968,2,12,VOLKSWAGEN TIGUAN,4,E01030608,0,-1
2020302001504,2020,302001504,2,9,0,13,13,5,1,0,0,1,0,0,0,0,4,1,6,6,1,51,8,1968,2,1,VOLKSWAGEN TIGUAN,8,E01019840,0,-1
2020010253395,2020,010253395,1,9,0,18,19,1,5,0,0,1,0,0,0,0,2,1,6,6,2,32,6,1968,2,9,VOLKSWAGEN TIGUAN,3,E01003185,0,-1
2020040915695,2020,040915695,1,9,4,7,7,6,2,0,0,6,0,0,0,0,3,1,5,6,1,54,8,1968,2,1,VOLKSWAGEN TIGUAN,9,E01025039,0,-1