collision_index,collision_year,collision_ref_no,vehicle_reference,vehicle_type,towing_and_articulation,vehicle_manoeuvre_historic,vehicle_manoeuvre,vehicle_direction_from,vehicle_direction_to,vehicle_location_restricted_lane_historic,vehicle_location_restricted_lane,junction_location,skidding_and_overturning,hit_object_in_carriageway,vehicle_leaving_carriageway,hit_object_off_carriageway,first_point_of_impact,vehicle_left_hand_drive,journey_purpose_of_driver_historic,journey_purpose_of_driver,sex_of_driver,age_of_driver,age_band_of_driver,engine_capacity_cc,propulsion_code,age_of_vehicle,generic_make_model,driver_imd_decile,lsoa_of_driver,escooter_flag,driver_distance_banding
2020100994721,2020,100994721,1,9,0,18,19,1,1,0,0,0,0,0,0,0,1,1,5,6,2,39,7,1968,2,1,VOLKSWAGEN TIGUAN,2,E01008543,0,-1
2020340N09222,2020,340N09222,2,9,0,18,19,3,7,0,0,8,1,0,7,0,2,1,6,6,2,30,6,1968,2,11,VOLKSWAGEN TIGUAN,1,E01027249,0,-1
2020010262120,2020,010262120,1,9,0,18,19,7,3,0,0,0,0,10,1,2,1,1,6,6,1,33,6,1968,2,4,VOLKSWAGEN TIGUAN,2,E01004398,0,-1
2020450953086,2020,450953086,1,9,0,17,19,2,6,0,0,4,0,0,0,0,1,1,5,6,1,35,6,1968,2,2,VOLKSWAGEN TIGUAN,6,E01030995,0,-1
2020500945717,2020,500945717,1,9,0,16,19,1,5,0,0,0,1,0,0,0,1,1,5,6,2,51,8,1968,2,5,VOLKSWAGEN TIGUAN,4,E01018812,0,-1
2020470990019,2020,470990019,2,9,0,17,19,5,1,0,0,0,0,0,0,0,1,1,5,6,1,81,11,1968,2,1,VOLKSWAGEN TIGUAN,5,E01031519,0,-1
2020010248479,2020,010248479,2,9,0,99,99,9,9,99,99,9,9,99,9,99,9,9,6,6,3,-1,-1,1968,2,2,VOLKSWAGEN TIGUAN,6,E01021629,0,-1
2020460998214,2020,460998214,1,9,0,17,19,6,3,0,0,8,0,0,0,0,1,1,5,6,2,55,8,1968,2,1,VOLKSWAGEN TIGUAN,6,E01028646,0,-1
2020010237752,2020,010237752,2,9,0,99,99,9,9,99,99,9,9,99,9,99,9,9,6,6,3,-1,-1,1968,2,2,VOLKSWAGEN TIGUAN,-1,-1,0,-1
2020010264409,2020,010264409,1,9,0,99,99,9,9,99,99,9,9,99,9,99,2,9,6,6,1,53,8,1968,2,4,VOLKSWAGEN TIGUAN,2,E01001703,0,-1
2020137690784,2020,137690784,1,9,0,4,4,1,4,0,0,0,0,0,0,0,2,1,6,6,1,31,6,1498,1,1,VOLKSWAGEN TIGUAN,4,E01032498,0,-1
202006Q177680,2020,06Q177680,3,9,0,4,4,7,3,0,0,8,0,0,0,0,3,1,6,6,2,49,8,1498,1,1,VOLKSWAGEN TIGUAN,5,E01005346,0,-1
2020461013350,2020,461013350,1,9,0,16,19,7,3,0,0,0,0,0,0,0,1,1,6,6,1,34,6,1968,2,7,VOLKSWAGEN TIGUAN,10,E01024817,0,-1
2020010257863,2020,010257863,1,9,0,18,19,5,1,0,0,2,0,0,0,0,4,1,6,6,1,33,6,1395,1,2,VOLKSWAGEN TIGUAN,2,E01002776,0,-1
2020552000962,2020,552000962,2,9,0,18,19,5,1,0,0,8,1,0,7,0,1,1,6,6,1,39,7,1968,2,6,VOLKSWAGEN TIGUAN,6,E01020490,0,-1
2020010251132,2020,010251132,2,9,0,99,99,9,9,99,99,9,9,99,9,99,1,9,6,6,3,-1,-1,1968,2,11,VOLKSWAGEN TIGUAN,2,E01002608,0,-1
2020530974837,2020,530974837,1,9,0,18,19,7,3,0,0,4,5,2,0,0,1,1,6,6,1,25,5,1968,2,4,VOLKSWAGEN TIGUAN,9,E01001926,0,-1
2020440442428,2020,440442428,1,9,0,9,9,4,2,0,0,8,0,0,0,0,1,1,6,6,2,68,10,1984,1,0,VOLKSWAGEN TIGUAN,8,E01022589,0,-1
2020220940589,2020,220940589,2,9,0,18,19,1,5,0,0,0,0,0,0,0,3,1,5,6,2,46,8,1968,2,3,VOLKSWAGEN TIGUAN,9,E01028855,0,-1
202006Q168790,2020,06Q168790,3,9,0,2,2,0,0,0,0,0,0,0,0,0,3,1,6,6,1,30,6,1498,1,1,VOLKSWAGEN TIGUAN,-1,-1,0,-1
20201375B1267,2020,1375B1267,1,9,0,18,19,2,1,0,0,6,0,0,0,0,3,1,6,6,1,64,9,1968,2,7,VOLKSWAGEN TIGUAN,1,E01010720,0,-1
2020320643742,2020,320643742,2,9,0,18,19,2,6,0,0,1,0,0,0,0,1,1,6,6,2,31,6,1968,2,1,VOLKSWAGEN TIGUAN,9,E01026160,0,-1
202031B121020,2020,31B121020,1,9,0,14,14,7,3,0,0,1,0,0,0,0,1,1,6,6,1,60,9,1968,2,5,VOLKSWAGEN TIGUAN,3,E01028297,0,-1
2020990936698,2020,990936698,1,9,0,13,13,2,6,0,0,0,0,0,0,0,0,1,6,6,1,37,7,1968,2,1,VOLKSWAGEN TIGUAN,9,-1,0,-1
2020100969373,2020,100969373,1,9,0,18,19,1,5,0,0,1,0,0,0,0,1,1,2,2,1,35,6,1968,2,5,VOLKSWAGEN TIGUAN,5,E01027373,0,-1
2020622000548,2020,622000548,2,9,0,18,19,2,6,0,0,0,0,0,0,0,1,1,1,1,1,50,8,1968,2,1,VOLKSWAGEN TIGUAN,3,W01000865,0,-1
2020030957848,2020,030957848,2,9,0,18,19,1,5,0,0,8,0,0,7,11,4,1,6,6,1,67,10,1968,2,4,VOLKSWAGEN TIGUAN,6,E01019315,0,-1
2020010270493,2020,010270493,2,9,0,99,99,9,9,99,99,8,9,99,9,99,9,9,6,6,3,-1,-1,1968,2,2,VOLKSWAGEN TIGUAN,-1,-1,0,-1
2020140985771,2020,140985771,2,9,0,18,19,7,3,0,0,8,0,0,1,11,4,1,5,6,1,62,9,1968,2,11,VOLKSWAGEN TIGUAN,3,E01028027,0,-1
202006K168901,2020,06K168901,2,9,0,18,19,3,6,0,0,8,0,0,0,0,3,1,6,6,2,35,6,1968,2,10,VOLKSWAGEN TIGUAN,1,E01004793,0,-1
2020420974650,2020,420974650,1,9,0,4,4,7,3,0,0,0,0,0,0,0,3,1,6,6,1,36,7,1984,1,1,VOLKSWAGEN TIGUAN,2,E01015899,0,-1
2020360995585,2020,360995585,2,9,0,18,19,5,1,0,0,1,0,0,0,0,3,1,5,6,1,53,8,1968,2,7,VOLKSWAGEN TIGUAN,4,E01026780,0,-1
2020070598391,2020,070598391,1,9,0,18,19,6,2,0,0,0,1,0,1,7,1,1,6,6,2,35,6,1968,2,11,VOLKSWAGEN TIGUAN,10,W01000307,0,-1
20201377R1233,2020,1377R1233,1,9,0,18,19,3,7,0,0,0,0,0,0,0,4,1,6,6,1,33,6,1968,2,3,VOLKSWAGEN TIGUAN,5,E01011150,0,-1
2020460998197,2020,460998197,2,9,0,18,19,7,3,0,0,0,0,0,0,0,2,1,6,6,2,29,6,1968,2,6,VOLKSWAGEN TIGUAN,7,E01024576,0,-1
2020430395995,2020,430395995,2,9,0,18,19,3,7,0,0,0,0,0,0,0,1,1,6,6,1,37,7,1968,2,2,VOLKSWAGEN TIGUAN,8,E01028731,0,-1
2020470975926,2020,470975926,1,9,0,18,19,7,3,0,0,4,0,0,0,0,1,1,2,2,1,25,5,1968,2,2,VOLKSWAGEN TIGUAN,2,E01024398,0,-1
2020522002239,2020,522002239,1,9,0,18,19,8,4,0,0,0,0,0,0,0,2,1,6,6,1,70,10,1968,2,9,VOLKSWAGEN TIGUAN,7,W01000692,0,-1
202006P169998,2020,06P169998,2,9,0,18,19,4,8,0,0,8,0,0,0,0,4,1,6,6,1,30,6,1968,2,11,VOLKSWAGEN TIGUAN,3,E01025368,0,-1
2020010285899,2020,010285899,2,9,0,18,19,5,1,0,0,8,0,0,0,0,1,1,1,1,1,24,5,1968,2,5,VOLKSWAGEN TIGUAN,2,E01003580,0,-1
2020201006943,2020,201006943,1,9,0,18,19,2,8,0,0,3,0,7,0,0,1,1,3,7,2,30,6,1968,2,7,VOLKSWAGEN TIGUAN,5,E01009798,0,-1
2020211030026,2020,211030026,2,9,0,18,19,3,7,0,0,0,0,0,0,0,1,1,6,6,2,40,7,1968,2,5,VOLKSWAGEN TIGUAN,5,E01029726,0,-1
2020122000316,2020,122000316,3,9,0,3,3,8,4,0,0,0,0,0,0,0,2,1,6,6,1,79,11,1968,2,2,VOLKSWAGEN TIGUAN,8,E01027896,0,-1
2020010256415,2020,010256415,2,9,0,4,4,5,1,0,0,1,0,0,0,0,0,1,6,6,2,44,7,1968,2,1,VOLKSWAGEN TIGUAN,3,E01001779,0,-1
2020440481970,2020,440481970,1,9,0,12,12,3,7,0,0,8,0,0,0,0,3,1,6,6,1,28,6,1498,1,0,VOLKSWAGEN TIGUAN,10,E01022763,0,-1
2020622001051,2020,622001051,2,9,0,7,7,4,6,0,0,5,0,0,0,0,4,1,6,6,1,44,7,1968,2,11,VOLKSWAGEN TIGUAN,8,W01000759,0,-1
2020122000717,2020,122000717,2,9,0,16,19,4,8,0,0,0,5,0,1,11,1,1,6,6,1,32,6,1968,2,4,VOLKSWAGEN TIGUAN,7,E01012985,0,-1
2020010280291,2020,010280291,1,9,0,18,19,7,3,0,0,1,1,0,0,0,1,1,6,6,1,52,8,1968,2,3,VOLKSWAGEN TIGUAN,3,E01002550,0,-1
2020320423804,2020,320423804,2,9,0,18,19,5,1,0,0,0,0,0,0,0,3,1,6,6,2,43,7,1968,2,2,VOLKSWAGEN TIGUAN,3,E01026068,0,-1
2020991000460,2020,991000460,2,9,0,18,19,2,4,0,0,0,0,0,0,0,1,1,6,6,2,28,6,1968,2,3,VOLKSWAGEN TIGUAN,-1,-1,0,-1
2020420971354,2020,420971354,2,9,0,3,3,6,2,0,0,0,0,0,0,0,2,1,5,6,2,32,6,1968,2,5,VOLKSWAGEN TIGUAN,5,E01021443,0,-1
2020400956006,2020,400956006,2,9,0,9,9,1,7,0,0,0,0,0,0,0,4,1,5,6,1,33,6,1968,2,1,VOLKSWAGEN TIGUAN,10,E01017375,0,-1
2020460996941,2020,460996941,3,9,0,18,19,1,5,0,0,0,0,0,0,0,2,1,6,6,1,31,6,1968,2,0,VOLKSWAGEN TIGUAN,5,E01024039,0,-1
202031A117920,2020,31A117920,1,9,0,18,19,2,6,0,0,2,0,4,0,0,1,1,6,6,1,34,6,1968,2,2,VOLKSWAGEN TIGUAN,1,E01013864,0,-1
2020010276080,2020,010276080,1,9,0,5,5,0,1,8,6,6,0,0,0,0,3,1,6,6,1,59,9,1968,2,10,VOLKSWAGEN TIGUAN,-1,-1,0,-1
2020052000602,2020,052000602,2,9,0,18,19,3,7,0,0,0,0,0,0,0,2,1,6,6,2,55,8,1395,1,2,VOLKSWAGEN TIGUAN,4,E01006466,0,-1
2020010248674,2020,010248674,2,9,0,1,1,7,3,99,99,1,9,0,0,0,2,1,6,6,3,25,5,1968,2,5,VOLKSWAGEN TIGUAN,6,E01032567,0,-1
20201379U1958,2020,1379U1958,2,9,0,18,19,5,1,0,0,0,0,0,0,0,2,1,6,6,1,25,5,1968,2,12,VOLKSWAGEN TIGUAN,1,E01010840,0,-1
2020610046420,2020,610046420,2,9,0,5,5,3,1,0,0,1,1,0,0,0,1,1,6,6,1,-1,-1,1968,2,3,VOLKSWAGEN TIGUAN,5,W01001350,0,-1
2020460996582,2020,460996582,2,9,0,18,19,3,7,0,0,0,0,0,0,0,1,1,6,6,1,56,9,1498,1,0,VOLKSWAGEN TIGUAN,9,E01024186,0,-1
2020010284380,2020,010284380,1,9,0,4,4,5,1,0,0,1,0,0,0,0,1,1,6,6,2,50,8,1968,2,2,VOLKSWAGEN TIGUAN,3,E01003430,0,-1
2020990983054,2020,990983054,2,9,0,16,19,7,2,0,0,0,0,0,0,0,1,1,6,6,1,62,9,1968,2,1,VOLKSWAGEN TIGUAN,10,-1,0,-1
2020010273785,2020,010273785,2,9,0,18,19,8,4,0,0,8,0,0,0,0,1,1,6,6,1,46,8,1968,2,4,VOLKSWAGEN TIGUAN,3,E01002100,0,-1
2020552000419,2020,552000419,2,9,0,4,4,8,4,0,0,0,0,0,0,0,2,1,6,6,2,42,7,1968,2,2,VOLKSWAGEN TIGUAN,10,E01020560,0,-1
2020302001149,2020,302001149,1,9,0,7,7,7,1,0,0,1,0,0,0,0,2,1,6,6,1,-1,-1,1968,2,4,VOLKSWAGEN TIGUAN,7,E01027745,0,-1
2020420956794,2020,420956794,1,9,0,15,15,1,5,0,0,0,0,0,0,0,2,1,5,6,2,51,8,1498,1,1,VOLKSWAGEN TIGUAN,6,E01021917,0,-1
2020340K07152,2020,340K07152,1,9,0,4,4,6,2,0,0,1,0,0,0,0,1,1,6,6,2,26,6,1968,2,11,VOLKSWAGEN TIGUAN,2,E01027106,0,-1
2020500999371,2020,500999371,1,9,0,17,19,1,7,0,0,1,0,0,0,0,1,1,5,6,1,67,10,1968,2,6,VOLKSWAGEN TIGUAN,6,E01015184,0,-1
2020350991346,2020,350991346,1,9,-1,1,1,-1,-1,8,6,0,0,0,0,0,2,1,6,6,1,32,6,1968,2,6,VOLKSWAGEN TIGUAN,2,E01018063,0,-1
2020010258774,2020,010258774,1,9,0,99,99,9,9,99,99,9,9,99,9,99,4,9,6,6,3,-1,-1,1968,2,4,VOLKSWAGEN TIGUAN,-1,-1,0,-1
2020137260781,2020,137260781,1,9,0,3,3,5,1,0,0,0,0,0,0,0,2,1,6,6,2,45,7,1968,2,2,VOLKSWAGEN TIGUAN,3,E01032923,0,-1
2020420982787,2020,420982787,2,9,0,18,19,1,3,0,0,8,0,0,0,0,1,1,5,6,1,64,9,1968,2,1,VOLKSWAGEN TIGUAN,7,E01021993,0,-1
20201377N1253,2020,1377N1253,1,9,0,18,19,5,1,0,0,8,0,0,0,0,3,1,6,6,1,70,10,1968,2,5,VOLKSWAGEN TIGUAN,4,E01010675,0,-1
2020010250589,2020,010250589,2,9,0,18,19,1,5,0,0,8,0,0,0,0,1,1,2,2,2,61,9,1968,2,1,VOLKSWAGEN TIGUAN,8,E01024271,0,-1
2020200968353,2020,200968353,4,9,0,2,2,0,0,9,9,2,0,0,0,0,2,1,6,6,3,-1,-1,1968,2,5,VOLKSWAGEN TIGUAN,-1,-1,0,-1
2020160987564,2020,160987564,2,9,0,9,9,4,2,0,0,5,0,0,0,0,4,1,5,6,1,85,11,1968,2,9,VOLKSWAGEN TIGUAN,4,E01013076,0,-1
2020040991471,2020,040991471,3,9,0,18,19,6,2,0,0,8,0,0,0,0,2,1,5,6,1,60,9,1498,1,0,VOLKSWAGEN TIGUAN,8,E01012636,0,-1
2020010253640,2020,010253640,2,9,0,99,99,9,9,99,99,1,9,99,9,99,9,9,6,6,3,33,6,1498,1,1,VOLKSWAGEN TIGUAN,5,E01002292,0,-1
2020201007671,2020,201007671,2,9,0,18,19,3,7,0,0,8,0,0,0,0,2,1,1,1,1,55,8,1968,2,2,VOLKSWAGEN TIGUAN,8,E01029676,0,-1
202063D058820,2020,63D058820,2,9,0,9,9,6,4,0,0,5,0,0,7,10,3,1,6,6,2,48,8,1968,2,6,VOLKSWAGEN TIGUAN,7,W01000497,0,-1
2020140943231,2020,140943231,1,9,0,18,19,1,1,0,0,1,0,0,0,0,4,1,5,6,1,71,10,1498,1,1,VOLKSWAGEN TIGUAN,4,E01008058,0,-1
2020221002771,2020,221002771,2,9,0,7,7,7,1,0,0,6,0,0,0,0,3,1,5,6,2,53,8,1968,2,2,VOLKSWAGEN TIGUAN,4,E01028984,0,-1
2020361000689,2020,361000689,1,9,0,18,19,8,3,0,0,4,0,0,0,0,1,1,6,6,1,80,11,1498,1,0,VOLKSWAGEN TIGUAN,2,E01033436,0,-1
2020010265909,2020,010265909,2,9,0,99,99,9,9,99,99,9,9,99,9,99,2,9,6,6,3,30,6,1968,2,7,VOLKSWAGEN TIGUAN,-1,-1,0,-1
2020200990531,2020,200990531,1,9,0,7,7,4,6,0,0,3,0,10,7,7,1,1,6,6,1,59,9,1968,2,0,VOLKSWAGEN TIGUAN,6,E01032968,0,-1
2020430138136,2020,430138136,2,9,0,18,19,8,4,0,0,0,0,0,0,0,1,1,6,6,1,60,9,1968,2,5,VOLKSWAGEN TIGUAN,-1,-1,0,-1
2020010275717,2020,010275717,3,9,0,2,2,0,0,0,0,1,0,0,0,0,0,1,6,6,3,-1,-1,1968,2,3,VOLKSWAGEN TIGUAN,-1,-1,0,-1
2020010229971,2020,010229971,1,9,0,2,2,0,0,0,0,1,0,0,0,0,4,1,6,6,3,-1,-1,1968,2,3,VOLKSWAGEN TIGUAN,-1,-1,0,-1
2020141010482,2020,141010482,2,9,0,18,19,1,5,0,0,0,0,0,0,0,1,1,6,6,1,-1,-1,1968,2,0,VOLKSWAGEN TIGUAN,-1,-1,0,-1
2020230963315,2020,230963315,1,9,0,17,19,7,4,0,0,0,0,0,1,11,1,1,2,2,1,29,6,1968,2,8,VOLKSWAGEN TIGUAN,9,E01031227,0,-1
2020211026753,2020,211026753,1,9,0,5,5,1,5,0,0,0,0,0,0,0,3,1,2,2,1,61,9,1390,1,9,VOLKSWAGEN TIGUAN,1,E01014261,0,-1
2020990970752,2020,990970752,1,9,0,18,19,4,1,0,0,8,0,0,0,0,1,1,5,6,1,71,10,1968,2,1,VOLKSWAGEN TIGUAN,8,-1,0,-1
202006Q168273,2020,06Q168273,1,9,0,18,19,3,7,2,2,0,0,0,0,0,1,1,6,6,3,-1,-1,1395,1,2,VOLKSWAGEN TIGUAN,-1,-1,0,-1
2020210996400,2020,210996400,4,9,0,18,19,6,2,0,0,0,0,0,0,0,3,1,2,2,1,57,9,1968,2,5,VOLKSWAGEN TIGUAN,8,E01028875,0,-1
2020990962485,2020,990962485,1,9,0,5,5,5,1,0,0,8,0,0,0,0,1,1,5,6,1,34,6,1968,2,4,VOLKSWAGEN TIGUAN,9,-1,0,-1
2020010266304,2020,010266304,1,9,0,99,99,9,9,99,99,9,9,99,9,99,1,9,6,6,1,24,5,1498,1,1,VOLKSWAGEN TIGUAN,3,E01004677,0,-1
2020302000568,2020,302000568,1,9,0,9,9,1,8,0,0,2,0,0,0,0,1,1,6,6,2,64,9,1968,2,4,VOLKSWAGEN TIGUAN,4,E01019519,0,-1
202006A276082,2020,06A276082,2,9,0,18,19,3,7,0,0,0,2,11,0,0,1,1,6,6,1,54,8,1390,1,11,VOLKSWAGEN TIGUAN,-1,-1,0,-1
2020040943115,2020,040943115,1,9,0,2,2,1,5,0,0,0,0,0,0,0,2,1,5,6,1,43,7,1395,1,2,VOLKSWAGEN TIGUAN,9,E01025441,0,-1
2020530933765,2020,530933765,2,9,0,18,19,4,8,0,0,0,0,0,1,0,1,1,6,6,1,61,9,1968,2,4,VOLKSWAGEN TIGUAN,7,E01022180,0,-1
2020010286361,2020,010286361,1,9,3,18,19,5,1,0,0,0,1,0,0,0,4,1,2,2,1,30,6,1968,2,5,VOLKSWAGEN TIGUAN,8,E01021436,0,-1
2020501008727,2020,501008727,2,9,0,3,3,7,3,0,0,1,0,0,0,0,2,1,5,6,2,34,6,1968,2,11,VOLKSWAGEN TIGUAN,3,E01015059,0,-1
2020031019022,2020,031019022,1,9,0,3,3,3,7,0,0,7,0,0,0,0,1,1,5,6,2,49,8,1968,2,4,VOLKSWAGEN TIGUAN,2,E01007210,0,-1
2020440113808,2020,440113808,1,9,0,1,1,2,6,0,0,0,0,0,0,0,2,1,6,6,1,45,7,1968,2,1,VOLKSWAGEN TIGUAN,1,E01020920,0,-1
2020040947525,2020,040947525,1,9,0,9,9,7,5,0,0,8,0,0,0,0,1,1,5,6,2,60,9,1968,2,4,VOLKSWAGEN TIGUAN,8,E01025141,0,-1
2020100940404,2020,100940404,2,9,0,4,4,1,5,0,0,1,0,0,0,0,1,1,5,6,2,41,7,1968,2,2,VOLKSWAGEN TIGUAN,9,E01033163,0,-1
2020360940183,2020,360940183,2,9,0,4,4,4,8,0,0,0,0,0,0,0,2,1,5,6,1,29,6,1968,2,9,VOLKSWAGEN TIGUAN,4,E01026749,0,-1
2020360964156,2020,360964156,2,9,0,18,19,3,7,0,0,8,0,0,0,0,3,1,4,7,2,38,7,1968,2,1,VOLKSWAGEN TIGUAN,4,E01029927,0,-1
202054A382320,2020,54A382320,2,9,0,17,19,1,6,0,0,0,0,0,0,0,1,1,6,6,1,72,10,1968,2,1,VOLKSWAGEN TIGUAN,7,E01031872,0,-1
2020470995243,2020,470995243,2,9,0,3,3,1,5,0,0,1,0,0,0,0,2,1,6,6,2,33,6,1968,2,10,VOLKSWAGEN TIGUAN,6,E01031345,0,-1
2020302001261,2020,302001261,1,9,0,4,4,6,2,0,0,0,0,0,0,0,3,1,6,6,1,64,9,1968,2,12,VOLKSWAGEN TIGUAN,5,E01019613,0,-1
2020140990894,2020,140990894,2,9,0,18,19,8,4,0,0,6,0,0,0,0,3,1,1,1,2,57,9,1968,2,12,VOLKSWAGEN TIGUAN,2,E01007548,0,-1
2020990980416,2020,990980416,1,9,0,18,19,3,7,5,5,0,0,0,7,0,1,1,5,6,1,37,7,1968,2,0,VOLKSWAGEN TIGUAN,1,-1,0,-1
2020320516203,2020,320516203,1,9,0,18,19,1,5,0,0,1,1,0,0,0,1,1,2,2,2,22,5,1968,2,3,VOLKSWAGEN TIGUAN,4,E01026143,0,-1
2020990917954,2020,990917954,1,9,0,18,19,4,8,0,0,0,1,0,0,0,1,1,5,6,2,65,9,1968,2,4,VOLKSWAGEN TIGUAN,6,-1,0,-1
2020052001984,2020,052001984,3,9,0,18,19,7,3,0,0,0,0,0,0,0,2,1,6,6,1,43,7,1968,2,2,VOLKSWAGEN TIGUAN,4,E01005184,0,-1
202031B069120,2020,31B069120,2,9,0,18,19,4,8,0,0,8,0,0,0,0,1,1,6,6,1,59,9,1968,2,9,VOLKSWAGEN TIGUAN,10,E01028199,0,-1
2020100979204,2020,100979204,1,9,0,9,9,6,4,0,0,8,0,0,0,0,1,1,6,6,2,62,9,1968,2,1,VOLKSWAGEN TIGUAN,6,E01008433,0,-1
2020010269417,2020,010269417,1,9,0,99,99,9,9,99,99,9,9,99,9,99,2,9,6,6,1,44,7,1390,1,10,VOLKSWAGEN TIGUAN,3,E01001804,0,-1
2020041010010,2020,041010010,1,9,0,18,19,4,1,0,0,0,0,12,0,0,1,1,5,6,1,40,7,1968,2,6,VOLKSWAGEN TIGUAN,4,E01025393,0,-1
2020622000790,2020,622000790,1,9,0,18,19,3,7,0,0,4,0,0,0,0,1,1,6,6,1,62,9,1968,2,6,VOLKSWAGEN TIGUAN,8,W01001122,0,-1
2020010238766,2020,010238766,1,9,5,18,19,8,4,9,9,6,0,10,7,11,1,1,6,6,1,39,7,1984,1,2,VOLKSWAGEN TIGUAN,9,E01002537,0,-1
2020010274641,2020,010274641,1,9,0,18,19,5,1,0,0,8,0,0,0,0,1,1,6,6,1,52,8,1968,2,1,VOLKSWAGEN TIGUAN,1,E01000528,0,-1
2020360995997,2020,360995997,2,9,0,18,19,4,8,0,0,0,0,0,0,0,4,1,6,6,2,53,8,1395,1,2,VOLKSWAGEN TIGUAN,7,E01033540,0,-1
2020110968320,2020,110968320,1,9,0,18,19,5,1,0,0,1,0,0,0,0,1,1,6,6,1,40,7,1968,2,7,VOLKSWAGEN TIGUAN,-1,-1,0,-1
2020440108245,2020,440108245,1,9,0,18,19,8,4,0,0,1,0,0,0,0,1,1,6,6,2,45,7,1968,2,4,VOLKSWAGEN TIGUAN,4,E01023088,0,-1
2020420933684,2020,420933684,1,9,0,4,4,2,6,0,0,0,0,0,0,0,1,1,1,1,1,40,7,1968,2,11,VOLKSWAGEN TIGUAN,8,E01030015,0,-1
2020140979584,2020,140979584,1,9,0,4,4,2,5,0,0,4,0,0,0,0,2,1,5,6,2,28,6,1968,2,5,VOLKSWAGEN TIGUAN,2,E01007806,0,-1
2020420981982,2020,420981982,2,9,0,18,19,8,3,0,0,0,0,0,0,0,4,1,5,6,1,48,8,1984,1,2,VOLKSWAGEN TIGUAN,10,E01015912,0,-1
2020470990648,2020,470990648,1,9,0,18,19,3,7,0,0,0,2,4,0,0,4,1,6,6,1,75,10,1968,2,7,VOLKSWAGEN TIGUAN,6,E01021110,0,-1
20201372L1570,2020,1372L1570,3,9,0,18,19,5,1,0,0,0,0,0,0,0,0,1,1,1,2,40,7,1968,2,4,VOLKSWAGEN TIGUAN,-1,-1,0,-1
20201378P0397,2020,1378P0397,2,9,0,18,19,6,2,0,0,1,0,0,1,9,3,1,6,6,1,35,6,1968,2,3,VOLKSWAGEN TIGUAN,-1,-1,0,-1
2020450971642,2020,450971642,2,9,0,18,19,3,7,0,0,2,0,0,0,0,4,1,5,6,2,72,10,1968,2,4,VOLKSWAGEN TIGUAN,10,E01030348,0,-1
2020461004827,2020,461004827,1,9,0,9,9,5,1,0,0,6,0,0,0,0,3,1,6,6,2,25,5,1968,2,6,VOLKSWAGEN TIGUAN,7,E01024318,0,-1
2020400979599,2020,400979599,1,9,0,10,10,4,2,0,0,1,0,0,0,0,2,1,5,6,2,38,7,1968,2,0,VOLKSWAGEN TIGUAN,6,E01017540,0,-1
2020542444120,2020,542444120,2,9,0,1,1,1,5,0,0,0,0,0,0,0,2,1,2,2,1,52,8,1984,1,1,VOLKSWAGEN TIGUAN,9,E01032702,0,-1
2020122000198,2020,122000198,1,9,0,17,19,8,6,0,0,2,0,0,0,0,1,1,6,6,2,30,6,1968,2,9,VOLKSWAGEN TIGUAN,8,E01027588,0,-1
2020990947608,2020,990947608,1,9,0,18,19,1,5,0,0,1,0,0,0,0,1,1,6,6,1,49,8,1968,2,6,VOLKSWAGEN TIGUAN,-1,-1,0,-1
2020500990991,2020,500990991,1,9,0,13,13,3,7,0,0,0,0,0,0,0,3,1,5,6,2,56,9,1968,2,1,VOLKSWAGEN TIGUAN,2,E01014285,0,-1
2020010241441,2020,010241441,2,9,0,99,99,9,9,0,0,8,0,0,0,0,1,1,6,6,2,25,5,1968,2,0,VOLKSWAGEN TIGUAN,2,E01000941,0,-1
2020450996801,2020,450996801,1,9,0,18,19,1,5,0,0,0,0,0,1,11,1,1,6,6,2,81,11,1968,2,7,VOLKSWAGEN TIGUAN,10,E01030892,0,-1
2020320455546,2020,320455546,1,9,0,1,1,1,5,0,0,0,0,0,0,0,2,1,6,6,3,40,7,1968,2,5,VOLKSWAGEN TIGUAN,-1,-1,0,-1
2020552000911,2020,552000911,2,9,0,9,9,7,5,0,0,8,0,0,0,0,3,1,6,6,2,38,7,1968,2,4,VOLKSWAGEN TIGUAN,8,E01020475,0,-1
2020470917106,2020,470917106,1,9,0,18,19,7,3,0,0,0,0,0,0,0,1,1,5,6,1,41,7,1968,2,6,VOLKSWAGEN TIGUAN,5,E01031467,0,-1
202063C027120,2020,63C027120,2,9,0,9,9,5,3,0,0,5,0,0,1,10,4,1,1,1,1,44,7,1968,2,3,VOLKSWAGEN TIGUAN,7,W01000545,0,-1
2020160967399,2020,160967399,1,9,0,9,9,6,2,0,0,5,0,0,0,0,2,1,6,6,1,25,5,1968,2,2,VOLKSWAGEN TIGUAN,9,E01012956,0,-1
2020141004636,2020,141004636,4,9,0,18,19,2,6,0,0,1,0,0,0,0,1,1,2,2,1,48,8,1984,1,5,VOLKSWAGEN TIGUAN,3,E01007720,0,-1
2020040919046,2020,040919046,2,9,0,18,19,7,1,0,0,1,0,0,0,0,2,1,2,2,2,41,7,1968,2,2,VOLKSWAGEN TIGUAN,9,E01025436,0,-1
2020010271514,2020,010271514,2,9,0,99,99,9,9,99,99,9,9,99,9,99,2,9,6,6,3,-1,-1,1395,1,2,VOLKSWAGEN TIGUAN,-1,-1,0,-1
2020010245288,2020,010245288,2,9,0,18,19,3,7,0,0,8,0,0,0,0,1,1,6,6,2,66,10,1968,2,6,VOLKSWAGEN TIGUAN,5,E01000968,0,-1
2020351008162,2020,351008162,2,9,0,2,2,0,0,0,0,0,0,0,0,0,1,1,6,6,3,-1,-1,1968,2,1,VOLKSWAGEN TIGUAN,-1,-1,0,-1
2020010246670,2020,010246670,2,9,0,18,19,5,1,0,0,1,0,0,0,0,1,1,6,6,1,34,6,1498,1,1,VOLKSWAGEN TIGUAN,3,E01003143,0,-1
20201378T1276,2020,1378T1276,2,9,0,9,9,1,7,0,0,1,0,0,0,0,3,1,6,6,2,36,7,1968,2,2,VOLKSWAGEN TIGUAN,7,E01010932,0,-1