collision_index,collision_year,collision_ref_no,vehicle_reference,vehicle_type,towing_and_articulation,vehicle_manoeuvre_historic,vehicle_manoeuvre,vehicle_direction_from,vehicle_direction_to,vehicle_location_restricted_lane_historic,vehicle_location_restricted_lane,junction_location,skidding_and_overturning,hit_object_in_carriageway,vehicle_leaving_carriageway,hit_object_off_carriageway,first_point_of_impact,vehicle_left_hand_drive,journey_purpose_of_driver_historic,journey_purpose_of_driver,sex_of_driver,age_of_driver,age_band_of_driver,engine_capacity_cc,propulsion_code,age_of_vehicle,generic_make_model,driver_imd_decile,lsoa_of_driver,escooter_flag,driver_distance_banding
2020010262227,2020,010262227,1,9,0,99,99,9,9,99,99,0,9,99,9,99,1,9,2,2,1,56,9,1968,2,6,VOLKSWAGEN TIGUAN,6,E01004146,0,-1
202006Q272544,2020,06Q272544,2,9,0,18,19,1,5,0,0,0,0,0,0,0,0,1,6,6,1,57,9,1968,2,8,VOLKSWAGEN TIGUAN,4,E01005341,0,-1
2020010247235,2020,010247235,1,9,0,9,9,2,1,0,0,5,0,0,0,0,1,1,6,6,1,28,6,1968,2,9,VOLKSWAGEN TIGUAN,6,E01003153,0,-1
2020500948880,2020,500948880,2,9,0,18,19,6,2,0,0,0,1,0,1,0,2,1,5,6,1,59,9,1968,2,6,VOLKSWAGEN TIGUAN,4,E01018846,0,-1
202006F178475,2020,06F178475,2,9,0,18,19,6,2,0,0,1,0,0,0,0,4,1,6,6,2,42,7,1968,2,4,VOLKSWAGEN TIGUAN,5,E01005687,0,-1
2020990935398,2020,990935398,1,9,0,18,19,3,7,0,0,0,0,0,0,0,1,1,2,2,2,28,6,1968,2,4,VOLKSWAGEN TIGUAN,8,-1,0,-1
2020460991002,2020,460991002,1,9,0,18,19,1,5,0,0,0,0,0,0,0,1,1,1,1,1,28,6,1968,2,7,VOLKSWAGEN TIGUAN,5,E01033577,0,-1
2020010263731,2020,010263731,1,9,0,99,99,9,9,99,99,9,9,99,9,99,2,9,6,6,2,44,7,1968,2,6,VOLKSWAGEN TIGUAN,1,E01001798,0,-1
2020990943219,2020,990943219,1,9,0,18,19,6,2,0,0,0,0,0,0,0,1,1,6,6,1,37,7,1968,2,5,VOLKSWAGEN TIGUAN,8,-1,0,-1
2020470937022,2020,470937022,1,9,0,18,19,6,2,0,0,0,1,0,2,4,1,1,2,2,1,44,7,1968,2,12,VOLKSWAGEN TIGUAN,10,E01020942,0,-1
2020370941189,2020,370941189,1,9,0,5,5,1,5,0,0,2,0,0,0,0,4,1,5,6,2,45,7,1968,2,7,VOLKSWAGEN TIGUAN,8,E01030101,0,-1
2020040987498,2020,040987498,2,9,0,18,19,1,5,0,0,1,0,0,0,0,1,1,2,2,2,26,6,1968,2,3,VOLKSWAGEN TIGUAN,8,E01025354,0,-1
202006E472918,2020,06E472918,1,9,0,9,9,6,4,0,0,8,5,11,7,10,4,1,6,6,1,70,10,1498,1,1,VOLKSWAGEN TIGUAN,10,E01005787,0,-1
2020990916404,2020,990916404,2,9,0,18,19,1,5,0,0,1,0,0,0,0,1,1,5,6,1,65,9,1968,2,3,VOLKSWAGEN TIGUAN,10,-1,0,-1
2020010266243,2020,010266243,1,9,0,18,19,1,5,0,0,4,0,0,7,10,1,1,3,7,1,43,7,1968,2,2,VOLKSWAGEN TIGUAN,2,E01032565,0,-1
2020137751554,2020,137751554,2,9,0,18,19,4,8,0,0,0,0,4,1,0,1,1,6,6,1,24,5,1968,2,3,VOLKSWAGEN TIGUAN,3,E01010665,0,-1
202054A938820,2020,54A938820,2,9,0,9,9,1,7,0,0,8,0,0,0,0,4,1,6,6,1,40,7,1968,2,2,VOLKSWAGEN TIGUAN,10,E01015499,0,-1
2020501007814,2020,501007814,1,9,0,18,19,1,5,0,0,0,0,0,0,0,1,1,1,1,1,46,8,1968,2,2,VOLKSWAGEN TIGUAN,6,E01020243,0,-1
2020471000038,2020,471000038,1,9,0,9,9,1,7,0,0,4,0,0,0,0,1,1,6,6,2,24,5,1968,2,12,VOLKSWAGEN TIGUAN,4,E01031806,0,-1
2020410928684,2020,410928684,2,9,0,18,19,3,7,0,0,8,0,0,0,0,1,1,4,7,2,33,6,1968,2,7,VOLKSWAGEN TIGUAN,7,E01023683,0,-1
2020471004088,2020,471004088,1,9,0,18,19,5,1,0,0,0,0,0,0,0,1,2,6,6,2,62,9,1968,2,7,VOLKSWAGEN TIGUAN,8,E01032033,0,-1
2020010283988,2020,010283988,1,9,0,99,99,9,9,99,99,0,9,99,9,99,9,9,6,6,1,48,8,1968,2,1,VOLKSWAGEN TIGUAN,3,E01001799,0,-1
202006F178955,2020,06F178955,1,9,0,9,9,6,4,0,0,8,0,0,0,0,1,1,6,6,1,39,7,1968,2,3,VOLKSWAGEN TIGUAN,4,E01005705,0,-1
2020010242889,2020,010242889,1,9,0,18,19,1,5,0,0,0,0,0,0,0,1,1,6,6,2,49,8,1968,2,3,VOLKSWAGEN TIGUAN,1,E01003517,0,-1
2020010234902,2020,010234902,1,9,0,99,99,9,9,99,99,9,9,99,9,99,1,9,6,6,2,33,6,1395,1,4,VOLKSWAGEN TIGUAN,8,E01001022,0,-1
2020040925434,2020,040925434,2,9,0,4,4,5,1,0,0,0,0,0,0,0,2,2,5,6,2,44,7,1968,2,3,VOLKSWAGEN TIGUAN,9,E01025600,0,-1
2020041004278,2020,041004278,1,9,0,5,5,1,1,0,0,0,0,0,0,0,2,1,6,6,3,40,7,1968,2,3,VOLKSWAGEN TIGUAN,-1,-1,0,-1
2020040997708,2020,040997708,2,9,0,18,19,7,3,0,0,2,0,0,0,0,2,1,5,6,1,43,7,1968,2,1,VOLKSWAGEN TIGUAN,1,E01025248,0,-1
2020450998623,2020,450998623,1,9,0,18,19,3,5,0,0,1,0,0,0,0,4,1,6,6,1,59,9,1498,1,0,VOLKSWAGEN TIGUAN,10,E01030992,0,-1
2020010283869,2020,010283869,2,9,0,99,99,9,9,99,99,9,9,99,9,99,1,9,6,6,3,47,8,1968,2,0,VOLKSWAGEN TIGUAN,2,E01002799,0,-1
2020010255667,2020,010255667,1,9,0,18,19,5,1,0,0,2,0,4,0,0,4,1,2,2,1,48,8,1968,2,6,VOLKSWAGEN TIGUAN,-1,-1,0,-1
2020137AO0924,2020,137AO0924,1,9,0,18,19,4,8,0,0,8,0,0,1,10,1,1,6,6,1,30,6,1968,2,8,VOLKSWAGEN TIGUAN,7,E01011646,0,-1
2020522100697,2020,522100697,2,9,0,18,19,6,2,0,0,8,0,0,0,0,1,1,6,6,1,28,6,1968,2,0,VOLKSWAGEN TIGUAN,-1,-1,0,-1
2020070089352,2020,070089352,3,9,0,4,4,3,7,0,0,1,0,0,0,0,0,1,2,2,1,27,6,1968,2,5,VOLKSWAGEN TIGUAN,6,E01012378,0,-1
2020010265387,2020,010265387,1,9,0,9,9,5,3,0,0,8,0,0,0,0,1,1,6,6,1,64,9,1968,2,9,VOLKSWAGEN TIGUAN,2,E01001143,0,-1
2020470979431,2020,470979431,2,9,0,18,19,6,2,0,0,2,0,0,0,0,1,1,2,2,1,31,6,1968,2,4,VOLKSWAGEN TIGUAN,6,E01023414,0,-1
2020430362411,2020,430362411,1,9,0,18,19,1,5,0,0,0,0,0,1,4,4,1,2,2,2,33,6,1498,1,0,VOLKSWAGEN TIGUAN,5,E01017748,0,-1
2020552001077,2020,552001077,1,9,0,14,14,2,6,0,0,8,0,0,0,0,1,1,6,6,2,34,6,1968,2,3,VOLKSWAGEN TIGUAN,3,E01015306,0,-1
2020552000141,2020,552000141,1,9,0,9,9,4,2,0,0,6,0,0,0,0,0,1,6,6,1,47,8,1968,2,4,VOLKSWAGEN TIGUAN,8,E01020455,0,-1
2020990965617,2020,990965617,3,9,0,18,19,4,2,0,0,2,0,0,0,0,4,1,6,6,1,40,7,1968,2,3,VOLKSWAGEN TIGUAN,4,-1,0,-1
2020040989882,2020,040989882,2,9,0,18,19,3,7,0,0,0,0,0,0,0,1,1,5,6,1,61,9,1968,2,4,VOLKSWAGEN TIGUAN,6,E01025315,0,-1
2020200930200,2020,200930200,3,9,0,4,4,4,8,0,0,0,0,0,0,0,0,1,6,6,2,24,5,1968,2,2,VOLKSWAGEN TIGUAN,10,E01029628,0,-1
2020430374057,2020,430374057,2,9,0,18,19,1,5,0,0,0,0,0,1,9,1,1,6,6,2,28,6,1968,2,4,VOLKSWAGEN TIGUAN,8,E01028778,0,-1
2020501016034,2020,501016034,1,9,0,18,19,8,2,0,0,0,0,0,0,0,1,1,5,6,2,33,6,1968,2,1,VOLKSWAGEN TIGUAN,7,E01015103,0,-1
2020552000440,2020,552000440,1,9,0,18,19,5,1,0,0,3,0,0,0,0,1,1,6,6,2,41,7,1968,2,12,VOLKSWAGEN TIGUAN,6,E01015438,0,-1
2020010272204,2020,010272204,1,9,0,99,99,9,9,99,99,9,9,99,9,99,9,9,6,6,2,50,8,1968,2,0,VOLKSWAGEN TIGUAN,9,E01006301,0,-1
2020440488395,2020,440488395,2,9,0,18,19,6,2,0,0,0,0,0,0,0,1,1,6,6,2,40,7,1968,2,6,VOLKSWAGEN TIGUAN,10,E01023020,0,-1
2020530998250,2020,530998250,3,9,0,3,3,2,6,0,0,0,0,0,0,0,2,1,6,6,1,62,9,1968,2,2,VOLKSWAGEN TIGUAN,6,E01032935,0,-1
2020320037683,2020,320037683,1,9,0,9,9,1,1,0,0,2,0,0,0,0,1,1,6,6,3,-1,-1,1968,2,12,VOLKSWAGEN TIGUAN,-1,-1,0,-1
2020430068471,2020,430068471,2,9,0,18,19,4,8,0,0,0,0,0,1,0,1,1,6,6,1,61,9,1968,2,4,VOLKSWAGEN TIGUAN,7,E01022180,0,-1
202006A276127,2020,06A276127,2,9,0,9,9,6,4,0,0,8,0,0,0,0,4,1,6,6,2,44,7,1968,2,0,VOLKSWAGEN TIGUAN,4,E01005341,0,-1
2020140996823,2020,140996823,1,9,0,18,19,7,3,0,0,0,0,0,0,0,1,2,3,7,2,28,6,1968,2,10,VOLKSWAGEN TIGUAN,3,E01007963,0,-1
2020430347289,2020,430347289,2,9,0,3,3,8,6,0,0,1,0,0,0,0,2,1,6,6,2,40,7,1968,2,4,VOLKSWAGEN TIGUAN,7,E01028512,0,-1
2020140962802,2020,140962802,2,9,0,18,19,6,4,0,0,8,0,0,0,0,1,1,5,6,1,64,9,1968,2,1,VOLKSWAGEN TIGUAN,1,E01007500,0,-1
2020010270258,2020,010270258,1,9,0,99,99,9,9,99,99,0,9,99,9,99,3,9,6,6,2,32,6,1968,2,2,VOLKSWAGEN TIGUAN,2,E01003338,0,-1
2020010285730,2020,010285730,2,9,0,99,99,9,9,99,99,9,9,99,9,99,1,9,6,6,2,-1,-1,1968,2,2,VOLKSWAGEN TIGUAN,4,E01003776,0,-1
2020460979139,2020,460979139,1,9,0,18,19,1,5,0,0,0,0,0,0,0,1,1,6,6,1,64,9,1498,1,1,VOLKSWAGEN TIGUAN,9,E01024338,0,-1
2020230948743,2020,230948743,2,9,0,3,3,4,8,0,0,1,0,0,0,0,3,1,5,6,1,49,8,1984,1,1,VOLKSWAGEN TIGUAN,6,E01032179,0,-1
2020420930698,2020,420930698,1,9,0,18,19,3,7,0,0,0,0,0,1,11,1,1,5,6,2,41,7,1390,1,11,VOLKSWAGEN TIGUAN,1,E01021271,0,-1
2020430253707,2020,430253707,1,9,0,9,9,8,6,0,0,6,0,0,0,0,1,1,2,2,1,48,8,1390,1,12,VOLKSWAGEN TIGUAN,5,E01016488,0,-1
2020420983900,2020,420983900,1,9,0,17,19,2,5,0,0,0,1,0,0,0,3,1,5,6,1,42,7,1498,1,1,VOLKSWAGEN TIGUAN,7,E01021413,0,-1
2020220983415,2020,220983415,1,9,0,9,9,1,7,0,0,5,0,10,7,10,4,1,6,6,3,34,6,1968,2,12,VOLKSWAGEN TIGUAN,-1,-1,0,-1
20201379N1299,2020,1379N1299,1,9,0,9,9,8,6,0,0,6,0,0,0,0,1,1,6,6,1,20,4,1968,2,10,VOLKSWAGEN TIGUAN,-1,-1,0,-1
2020990970869,2020,990970869,2,9,0,18,19,3,7,0,0,1,0,0,0,0,4,1,5,6,2,54,8,1968,2,9,VOLKSWAGEN TIGUAN,4,-1,0,-1
2020400955592,2020,400955592,2,9,0,2,2,0,0,0,0,8,0,0,0,0,3,1,5,6,2,25,5,1968,2,0,VOLKSWAGEN TIGUAN,4,E01000621,0,-1
2020010279402,2020,010279402,3,9,0,2,2,0,0,0,0,2,0,0,0,0,2,1,6,6,3,-1,-1,1968,2,7,VOLKSWAGEN TIGUAN,-1,-1,0,-1
2020501015121,2020,501015121,3,9,0,7,7,3,5,0,0,6,0,0,0,0,2,1,6,6,2,34,6,1968,2,7,VOLKSWAGEN TIGUAN,10,E01015131,0,-1
2020140928253,2020,140928253,2,9,0,18,19,8,4,0,0,6,0,0,1,1,1,1,5,6,2,50,8,1968,2,1,VOLKSWAGEN TIGUAN,2,E01027952,0,-1
202063B012520,2020,63B012520,2,9,0,18,19,-1,-1,0,0,0,0,0,1,10,4,1,6,6,2,48,8,1968,2,2,VOLKSWAGEN TIGUAN,4,W01000516,0,-1
2020522101022,2020,522101022,2,9,0,18,19,1,5,0,0,8,0,0,0,0,2,1,6,6,2,48,8,1968,2,3,VOLKSWAGEN TIGUAN,8,E01014383,0,-1
2020470951553,2020,470951553,3,9,0,18,19,7,3,0,0,1,1,0,0,0,1,1,5,6,2,25,5,1498,1,0,VOLKSWAGEN TIGUAN,9,E01022642,0,-1
2020052000859,2020,052000859,2,9,0,17,19,6,2,0,0,0,0,0,0,0,3,1,6,6,1,39,7,1968,2,1,VOLKSWAGEN TIGUAN,9,E01007150,0,-1
2020010239842,2020,010239842,1,9,0,18,19,3,7,0,0,1,0,0,0,0,1,1,6,6,1,30,6,1968,2,9,VOLKSWAGEN TIGUAN,3,E01002646,0,-1
2020410983497,2020,410983497,3,9,0,2,2,6,2,0,0,0,0,0,0,0,2,1,2,2,2,36,7,1968,2,5,VOLKSWAGEN TIGUAN,6,E01023413,0,-1
2020010228669,2020,010228669,1,9,0,18,19,8,4,0,0,0,0,4,0,0,1,1,6,6,1,41,7,1968,2,1,VOLKSWAGEN TIGUAN,7,E01002165,0,-1
2020460943615,2020,460943615,2,9,0,3,3,7,3,0,0,0,0,0,0,0,2,1,6,6,2,38,7,1498,1,0,VOLKSWAGEN TIGUAN,3,E01024499,0,-1
2020010277689,2020,010277689,1,9,0,5,5,8,4,0,0,0,0,0,0,0,1,1,6,6,1,37,7,1498,1,0,VOLKSWAGEN TIGUAN,2,E01015749,0,-1
2020010228279,2020,010228279,2,9,0,18,19,3,7,0,0,8,0,0,0,0,3,1,6,6,2,30,6,1498,1,1,VOLKSWAGEN TIGUAN,7,E01004149,0,-1
20201372A1100,2020,1372A1100,3,9,0,4,4,8,4,0,0,0,0,0,7,9,3,1,6,6,2,24,5,1968,2,7,VOLKSWAGEN TIGUAN,10,E01010580,0,-1
2020110939565,2020,110939565,1,9,0,18,19,3,7,0,0,0,0,0,0,0,1,1,3,7,1,36,7,1968,2,1,VOLKSWAGEN TIGUAN,5,E01020882,0,-1
2020420980370,2020,420980370,2,9,0,18,19,5,1,0,0,0,0,0,0,0,1,1,6,6,1,41,7,1968,2,1,VOLKSWAGEN TIGUAN,2,E01000904,0,-1
2020110937820,2020,110937820,2,9,0,16,19,6,2,0,0,1,0,0,0,0,1,1,2,2,2,36,7,1968,2,3,VOLKSWAGEN TIGUAN,3,E01020834,0,-1
2020460999065,2020,460999065,1,9,0,9,9,7,5,0,0,1,0,0,0,0,4,1,6,6,1,72,10,1968,2,2,VOLKSWAGEN TIGUAN,8,E01016175,0,-1
2020340K01592,2020,340K01592,2,9,0,7,7,4,8,0,0,5,1,0,0,0,2,1,6,6,2,30,6,1968,2,7,VOLKSWAGEN TIGUAN,7,E01027129,0,-1
2020461010820,2020,461010820,1,9,0,17,19,8,4,0,0,1,0,0,0,0,1,1,6,6,1,62,9,1498,1,0,VOLKSWAGEN TIGUAN,4,E01024702,0,-1
2020520100927,2020,520100927,2,9,0,18,19,4,8,0,0,4,0,0,0,0,2,1,6,6,1,65,9,1968,2,1,VOLKSWAGEN TIGUAN,7,E01029130,0,-1
2020544491520,2020,544491520,2,9,0,2,2,0,0,0,0,0,0,0,0,0,2,1,6,6,1,38,7,1968,2,9,VOLKSWAGEN TIGUAN,8,E01015486,0,-1
2020010234343,2020,010234343,1,9,0,18,19,7,3,0,0,1,0,0,0,0,3,2,1,1,1,76,11,1968,2,8,VOLKSWAGEN TIGUAN,2,E01000482,0,-1
2020010281518,2020,010281518,1,9,0,99,99,9,9,99,99,9,9,99,9,99,1,9,6,6,2,54,8,1968,2,3,VOLKSWAGEN TIGUAN,8,E01000678,0,-1
2020010242577,2020,010242577,2,9,0,99,99,9,9,99,99,9,9,99,9,99,1,9,6,6,3,52,8,1968,2,12,VOLKSWAGEN TIGUAN,2,E01003377,0,-1
2020370982266,2020,370982266,1,9,0,15,15,8,4,0,0,8,0,0,0,0,1,1,5,6,2,75,10,1968,2,3,VOLKSWAGEN TIGUAN,5,E01026943,0,-1
2020010263890,2020,010263890,1,9,0,3,3,9,9,0,0,1,9,0,0,99,2,9,6,6,1,49,8,1395,1,3,VOLKSWAGEN TIGUAN,3,E01004212,0,-1
2020137330247,2020,137330247,1,9,0,4,4,7,3,0,0,1,0,0,0,0,2,1,6,6,1,57,9,1968,2,8,VOLKSWAGEN TIGUAN,1,E01011899,0,-1
2020990940007,2020,990940007,2,9,0,18,19,3,7,0,0,1,0,0,0,0,1,1,6,6,1,71,10,1968,2,9,VOLKSWAGEN TIGUAN,-1,-1,0,-1
2020221007682,2020,221007682,1,9,0,4,4,3,4,0,0,2,0,10,1,10,1,1,5,6,1,83,11,1968,2,2,VOLKSWAGEN TIGUAN,1,E01032313,0,-1
2020991006935,2020,991006935,2,9,0,18,19,7,3,0,0,1,0,0,0,0,1,1,6,6,2,29,6,1968,2,3,VOLKSWAGEN TIGUAN,3,-1,0,-1
2020370940276,2020,370940276,2,9,0,18,19,3,1,0,0,1,0,0,0,0,1,1,5,6,2,29,6,1395,1,2,VOLKSWAGEN TIGUAN,5,E01021680,0,-1
2020450942698,2020,450942698,2,9,0,18,19,3,7,0,0,2,0,0,0,0,1,1,6,6,1,42,7,1968,2,6,VOLKSWAGEN TIGUAN,8,E01022871,0,-1
2020302000230,2020,302000230,2,9,0,18,19,8,4,0,0,1,0,0,0,0,1,1,6,6,1,76,11,1968,2,7,VOLKSWAGEN TIGUAN,10,E01005881,0,-1
2020040942370,2020,040942370,1,9,0,9,9,1,7,0,0,1,0,0,0,0,1,1,2,2,1,33,6,1968,2,2,VOLKSWAGEN TIGUAN,1,E01012578,0,-1
2020200937087,2020,200937087,1,9,0,10,10,4,2,0,0,8,0,0,0,0,3,1,6,6,1,69,10,1968,2,7,VOLKSWAGEN TIGUAN,6,E01010079,0,-1
2020460988155,2020,460988155,3,9,0,4,4,3,7,0,0,1,0,0,0,0,2,1,6,6,1,50,8,1968,2,1,VOLKSWAGEN TIGUAN,9,E01024006,0,-1
2020542521620,2020,542521620,1,9,0,18,19,7,3,0,0,1,0,0,0,0,1,1,2,2,2,52,8,1498,1,1,VOLKSWAGEN TIGUAN,9,E01031955,0,-1
2020010273469,2020,010273469,1,9,0,9,9,5,2,0,0,1,0,0,0,0,3,1,6,6,1,30,6,1968,2,2,VOLKSWAGEN TIGUAN,2,E01032722,0,-1
2020450978027,2020,450978027,2,9,0,18,19,2,2,0,0,0,0,0,0,0,3,2,5,6,1,59,9,1968,2,7,VOLKSWAGEN TIGUAN,10,E01030989,0,-1
2020010282058,2020,010282058,1,9,0,99,99,9,9,99,99,9,9,99,9,99,2,9,6,6,1,50,8,1968,2,0,VOLKSWAGEN TIGUAN,4,E01001909,0,-1
2020010255338,2020,010255338,1,9,0,3,3,7,3,0,0,1,0,0,0,0,2,1,6,6,1,40,7,1968,2,1,VOLKSWAGEN TIGUAN,4,E01003913,0,-1
2020010248765,2020,010248765,1,9,0,9,9,7,5,0,0,2,0,0,0,0,3,1,1,1,1,47,8,1968,2,2,VOLKSWAGEN TIGUAN,4,E01016484,0,-1
2020010231976,2020,010231976,1,9,0,99,99,9,9,99,99,9,9,99,9,99,1,9,6,6,2,47,8,1968,2,4,VOLKSWAGEN TIGUAN,3,E01021862,0,-1
2020990972390,2020,990972390,1,9,0,18,19,4,8,0,0,1,0,0,1,0,1,1,5,6,2,37,7,1968,2,1,VOLKSWAGEN TIGUAN,1,-1,0,-1
2020410993602,2020,410993602,2,9,0,5,5,3,7,0,0,1,0,0,0,0,4,1,6,6,1,84,11,1968,2,10,VOLKSWAGEN TIGUAN,10,E01023812,0,-1
202006E170882,2020,06E170882,1,9,0,9,9,1,7,0,0,8,0,0,0,0,3,1,6,6,1,33,6,1968,2,3,VOLKSWAGEN TIGUAN,1,E01005240,0,-1
2020100940769,2020,100940769,1,9,0,5,5,7,3,0,0,2,0,0,0,0,1,1,6,6,2,49,8,1968,2,1,VOLKSWAGEN TIGUAN,8,E01027370,0,-1
2020010286580,2020,010286580,2,9,9,99,99,9,9,99,99,9,9,99,9,99,9,9,6,6,1,32,6,1968,2,0,VOLKSWAGEN TIGUAN,3,E01003315,0,-1
2020990970752,2020,990970752,2,9,0,9,9,4,1,0,0,8,0,0,0,0,4,1,5,6,1,49,8,1968,2,3,VOLKSWAGEN TIGUAN,10,-1,0,-1
2020200991547,2020,200991547,2,9,0,3,3,5,1,0,0,1,0,0,0,0,2,1,6,6,2,44,7,1968,2,3,VOLKSWAGEN TIGUAN,8,E01031246,0,-1
2020547186520,2020,547186520,1,9,0,16,19,3,7,0,0,1,0,0,0,0,2,1,6,6,1,46,8,1968,2,5,VOLKSWAGEN TIGUAN,-1,-1,0,-1
2020470945167,2020,470945167,2,9,0,6,6,7,7,0,0,5,0,0,0,0,2,1,5,6,1,54,8,1968,2,5,VOLKSWAGEN TIGUAN,7,E01031423,0,-1
2020450980422,2020,450980422,1,9,0,18,19,6,2,0,0,1,0,0,0,0,1,1,5,6,1,35,6,1968,2,11,VOLKSWAGEN TIGUAN,10,E01030808,0,-1
2020200934710,2020,200934710,2,9,0,3,3,4,8,0,0,1,0,0,0,0,2,1,1,1,1,42,7,1968,2,1,VOLKSWAGEN TIGUAN,10,E01009827,0,-1
2020010241045,2020,010241045,1,9,0,99,99,9,9,99,99,2,9,99,9,99,9,1,6,6,1,31,6,1968,2,2,VOLKSWAGEN TIGUAN,9,E01003849,0,-1
202006Q268748,2020,06Q268748,2,9,0,10,10,7,6,0,0,8,0,0,0,0,2,1,6,6,2,40,7,1968,2,6,VOLKSWAGEN TIGUAN,10,E01005410,0,-1
2020040967928,2020,040967928,1,9,0,18,19,8,4,0,0,8,0,0,1,11,1,1,5,6,1,26,6,1968,2,3,VOLKSWAGEN TIGUAN,1,E01011901,0,-1
2020200972073,2020,200972073,1,9,0,14,14,2,6,0,0,0,0,0,0,0,1,1,6,6,1,60,9,1968,2,7,VOLKSWAGEN TIGUAN,4,E01009071,0,-1
2020010247934,2020,010247934,2,9,0,18,19,4,8,0,0,1,0,0,0,0,1,1,6,6,1,71,10,1968,2,10,VOLKSWAGEN TIGUAN,-1,-1,0,-1
2020110994379,2020,110994379,2,9,0,3,3,3,7,0,0,0,0,4,0,0,2,1,6,6,1,51,8,1968,2,4,VOLKSWAGEN TIGUAN,10,E01020870,0,-1
2020420955745,2020,420955745,2,9,0,10,10,3,7,0,0,1,0,0,0,0,1,1,6,6,1,35,6,1968,2,5,VOLKSWAGEN TIGUAN,9,E01021933,0,-1
2020440481819,2020,440481819,1,9,0,9,9,6,4,0,0,8,0,0,0,0,1,1,2,2,2,44,7,1968,2,1,VOLKSWAGEN TIGUAN,6,E01017018,0,-1
2020010231048,2020,010231048,1,9,0,18,19,3,7,0,0,2,0,0,7,0,1,1,3,7,1,47,8,1968,2,3,VOLKSWAGEN TIGUAN,9,E01003908,0,-1
2020440469977,2020,440469977,1,9,0,4,4,8,4,0,0,0,0,0,0,0,3,1,6,6,1,53,8,1498,1,0,VOLKSWAGEN TIGUAN,4,E01017278,0,-1
2020990984526,2020,990984526,1,9,0,18,19,7,3,0,0,1,0,0,0,0,4,1,6,6,2,70,10,1968,2,0,VOLKSWAGEN TIGUAN,8,-1,0,-1
202063A060220,2020,63A060220,1,9,0,18,19,1,4,0,0,1,0,0,0,0,1,1,6,6,1,84,11,1968,2,6,VOLKSWAGEN TIGUAN,6,W01001147,0,-1
202031D072720,2020,31D072720,1,9,0,16,19,6,8,0,0,1,5,0,7,4,1,1,6,6,1,33,6,1968,2,8,VOLKSWAGEN TIGUAN,2,E01013858,0,-1
2020010282573,2020,010282573,2,9,0,99,99,9,9,99,99,9,9,99,9,99,2,9,6,6,1,62,9,1968,2,6,VOLKSWAGEN TIGUAN,6,E01023900,0,-1
2020501000576,2020,501000576,1,9,0,9,9,1,5,0,0,1,0,0,0,0,1,1,3,7,2,30,6,1968,2,9,VOLKSWAGEN TIGUAN,3,E01015089,0,-1
2020040966278,2020,040966278,2,9,0,18,19,7,3,0,0,0,0,0,0,0,3,1,5,6,1,41,7,1968,2,2,VOLKSWAGEN TIGUAN,8,E01025564,0,-1
2020122100187,2020,122100187,1,9,0,18,19,7,3,0,0,4,5,0,3,9,1,1,6,6,1,23,5,1968,2,1,VOLKSWAGEN TIGUAN,5,E01025331,0,-1
2020010258795,2020,010258795,2,9,0,99,99,9,9,0,0,1,9,99,9,99,9,9,6,6,3,-1,-1,1968,2,1,VOLKSWAGEN TIGUAN,2,E01000154,0,-1
2020450919712,2020,450919712,3,9,0,18,19,5,1,0,0,8,0,0,0,0,1,1,5,6,1,42,7,1968,2,1,VOLKSWAGEN TIGUAN,9,E01001107,0,-1
202006J376996,2020,06J376996,3,9,0,18,19,6,2,0,0,1,0,0,0,0,1,1,6,6,2,64,9,1968,2,0,VOLKSWAGEN TIGUAN,10,E01005849,0,-1
2020010259048,2020,010259048,2,9,0,10,10,3,1,0,0,5,0,0,0,0,0,1,1,1,1,49,8,1968,2,10,VOLKSWAGEN TIGUAN,7,E01033143,0,-1
2020460962267,2020,460962267,2,9,0,2,2,0,0,0,0,0,0,0,0,0,1,1,5,6,1,63,9,1498,1,0,VOLKSWAGEN TIGUAN,6,E01024207,0,-1
2020010250631,2020,010250631,1,9,0,7,7,1,3,0,0,6,0,0,0,0,1,1,6,6,2,57,9,1968,2,1,VOLKSWAGEN TIGUAN,9,E01002926,0,-1
2020500994020,2020,500994020,1,9,0,17,19,2,6,0,0,0,0,0,1,10,1,1,2,2,2,48,8,1968,2,12,VOLKSWAGEN TIGUAN,6,E01020263,0,-1
2020432004012,2020,432004012,1,9,0,7,7,2,6,0,0,6,0,0,0,0,3,1,6,6,1,49,8,1968,2,5,VOLKSWAGEN TIGUAN,5,E01016731,0,-1
2020122000788,2020,122000788,2,9,0,18,19,5,1,0,0,8,0,0,7,1,1,1,2,2,1,29,6,1968,2,8,VOLKSWAGEN TIGUAN,5,E01027590,0,-1
2020470966051,2020,470966051,2,9,0,4,4,8,4,0,0,0,0,0,0,0,2,1,1,1,2,58,9,1968,2,9,VOLKSWAGEN TIGUAN,8,E01021171,0,-1
2020990988731,2020,990988731,1,9,0,9,9,8,6,0,0,8,0,0,0,0,3,1,1,1,2,28,6,1968,2,3,VOLKSWAGEN TIGUAN,10,-1,0,-1
2020200998593,2020,200998593,2,9,0,18,19,2,6,0,0,8,0,0,0,0,1,1,6,6,2,33,6,1968,2,3,VOLKSWAGEN TIGUAN,6,E01029620,0,-1
2020041020345,2020,041020345,1,9,0,9,9,1,6,0,0,8,0,0,0,0,1,1,6,6,3,-1,-1,1968,2,9,VOLKSWAGEN TIGUAN,-1,-1,0,-1
2020010253484,2020,010253484,1,9,0,3,3,5,1,0,0,1,0,0,0,0,4,1,6,6,2,51,8,1968,2,1,VOLKSWAGEN TIGUAN,8,E01004081,0,-1
2020460949493,2020,460949493,2,9,0,2,2,5,1,0,0,0,0,4,0,0,2,1,5,6,2,35,6,1395,1,3,VOLKSWAGEN TIGUAN,6,E01024163,0,-1
2020160944428,2020,160944428,1,9,0,9,9,8,6,2,2,6,0,0,0,0,1,1,5,6,2,56,9,1968,2,4,VOLKSWAGEN TIGUAN,9,E01012956,0,-1