collision_index,collision_year,collision_ref_no,vehicle_reference,vehicle_type,towing_and_articulation,vehicle_manoeuvre_historic,vehicle_manoeuvre,vehicle_direction_from,vehicle_direction_to,vehicle_location_restricted_lane_historic,vehicle_location_restricted_lane,junction_location,skidding_and_overturning,hit_object_in_carriageway,vehicle_leaving_carriageway,hit_object_off_carriageway,first_point_of_impact,vehicle_left_hand_drive,journey_purpose_of_driver_historic,journey_purpose_of_driver,sex_of_driver,age_of_driver,age_band_of_driver,engine_capacity_cc,propulsion_code,age_of_vehicle,generic_make_model,driver_imd_decile,lsoa_of_driver,escooter_flag,driver_distance_banding
2020552000847,2020,552000847,2,9,0,5,5,4,8,0,0,1,0,0,0,0,2,1,6,6,2,36,7,1968,2,9,VOLKSWAGEN TIGUAN,1,E01015307,0,-1
2020320425040,2020,320425040,2,9,0,18,19,1,5,0,0,0,0,0,0,0,1,1,2,2,2,29,6,1968,2,1,VOLKSWAGEN TIGUAN,-1,-1,0,-1
2020010229256,2020,010229256,1,9,0,18,19,1,5,99,99,3,9,0,0,0,2,9,6,6,1,43,7,1968,2,1,VOLKSWAGEN TIGUAN,5,E01003703,0,-1
202006A274976,2020,06A274976,1,9,0,18,19,4,8,0,0,2,0,0,0,0,4,1,6,6,1,61,9,1968,2,12,VOLKSWAGEN TIGUAN,1,E01005142,0,-1
2020440188610,2020,440188610,2,9,0,1,1,3,5,0,0,8,0,0,0,0,2,1,6,6,2,34,6,1968,2,10,VOLKSWAGEN TIGUAN,9,E01022958,0,-1
202063D014720,2020,63D014720,1,9,0,18,19,3,7,0,0,0,0,0,0,0,3,1,1,1,1,36,7,1968,2,10,VOLKSWAGEN TIGUAN,-1,-1,0,-1
2020010250688,2020,010250688,2,9,0,3,3,7,3,0,0,8,0,0,0,0,1,1,6,6,2,33,6,1968,2,7,VOLKSWAGEN TIGUAN,4,E01003230,0,-1
2020221015074,2020,221015074,1,9,0,17,19,5,2,0,0,0,5,0,7,4,1,1,5,6,2,24,5,1968,2,5,VOLKSWAGEN TIGUAN,8,W01000446,0,-1
2020991007319,2020,991007319,1,9,0,4,4,1,5,0,0,0,0,0,0,0,1,1,6,6,2,27,6,1968,2,5,VOLKSWAGEN TIGUAN,9,-1,0,-1
2020010279891,2020,010279891,1,9,0,9,9,7,5,0,0,6,0,0,0,0,3,1,6,6,1,36,7,1498,1,0,VOLKSWAGEN TIGUAN,1,E01000153,0,-1
2020991008464,2020,991008464,2,9,0,9,9,8,6,0,0,1,0,0,8,0,1,1,5,6,1,60,9,1395,1,2,VOLKSWAGEN TIGUAN,2,-1,0,-1
2020200948744,2020,200948744,1,9,0,2,2,0,0,0,0,0,0,0,0,0,3,1,6,6,3,41,7,1968,2,1,VOLKSWAGEN TIGUAN,1,E01009092,0,-1
2020010250024,2020,010250024,5,9,0,18,19,5,1,0,0,2,0,10,0,0,0,1,6,6,1,37,7,1968,2,3,VOLKSWAGEN TIGUAN,2,E01000073,0,-1
2020040941878,2020,040941878,1,9,0,18,19,7,3,0,0,1,0,0,0,0,1,1,5,6,1,79,11,1968,2,8,VOLKSWAGEN TIGUAN,6,E01025026,0,-1
2020010237106,2020,010237106,2,9,0,7,7,8,2,0,0,2,9,0,0,99,1,9,6,6,1,50,8,1968,2,1,VOLKSWAGEN TIGUAN,-1,-1,0,-1
2020990972761,2020,990972761,1,9,0,6,6,7,3,0,0,3,0,0,0,0,3,1,6,6,1,48,8,1498,1,0,VOLKSWAGEN TIGUAN,3,-1,0,-1
2020010273131,2020,010273131,1,9,0,12,12,3,7,0,0,0,0,0,1,0,4,1,6,6,1,35,6,1968,2,6,VOLKSWAGEN TIGUAN,9,E01003458,0,-1
2020220936945,2020,220936945,1,9,0,18,19,5,1,0,0,0,0,0,0,0,1,1,5,6,2,32,6,1968,2,3,VOLKSWAGEN TIGUAN,1,E01022147,0,-1
2020522101250,2020,522101250,1,9,0,5,5,1,5,5,5,0,0,0,0,0,0,1,6,6,1,55,8,1498,1,1,VOLKSWAGEN TIGUAN,3,E01014811,0,-1
2020530964855,2020,530964855,1,9,0,18,19,3,7,0,0,4,0,0,0,0,2,1,6,6,1,55,8,1968,2,1,VOLKSWAGEN TIGUAN,5,E01022150,0,-1
2020010285218,2020,010285218,1,9,0,99,99,9,9,99,99,9,9,99,9,99,2,9,6,6,1,36,7,1968,2,2,VOLKSWAGEN TIGUAN,5,E01002489,0,-1
2020010278282,2020,010278282,2,9,0,18,19,8,4,0,0,2,0,0,0,0,3,1,6,6,1,27,6,1968,2,0,VOLKSWAGEN TIGUAN,2,E01032787,0,-1
2020400956138,2020,400956138,1,9,0,18,19,5,1,0,0,0,0,0,0,0,4,1,6,6,1,58,9,1968,2,5,VOLKSWAGEN TIGUAN,2,E01015737,0,-1
2020010229839,2020,010229839,2,9,0,9,9,5,3,0,0,5,0,0,0,0,3,1,6,6,1,49,8,1968,2,0,VOLKSWAGEN TIGUAN,7,E01002366,0,-1
2020470962087,2020,470962087,1,9,0,18,19,6,2,0,0,8,0,0,0,0,0,1,6,6,1,48,8,1968,2,10,VOLKSWAGEN TIGUAN,9,E01031648,0,-1
2020110919770,2020,110919770,1,9,0,9,9,7,3,0,0,8,0,0,0,0,3,1,5,6,2,32,6,1968,2,7,VOLKSWAGEN TIGUAN,2,E01020753,0,-1
2020010262757,2020,010262757,1,9,0,99,99,9,9,99,99,2,9,99,9,99,1,9,6,6,2,26,6,1968,2,1,VOLKSWAGEN TIGUAN,4,E01002247,0,-1
2020990972502,2020,990972502,2,9,0,18,19,5,2,0,0,0,0,0,0,0,4,1,2,2,2,37,7,1968,2,3,VOLKSWAGEN TIGUAN,6,-1,0,-1
2020030994995,2020,030994995,1,9,0,2,2,0,0,0,0,0,0,0,0,0,2,1,2,2,1,76,11,1968,2,4,VOLKSWAGEN TIGUAN,6,E01019146,0,-1
2020140996052,2020,140996052,2,9,0,13,13,1,5,0,0,0,0,0,0,0,1,1,6,6,3,-1,-1,1968,2,1,VOLKSWAGEN TIGUAN,-1,-1,0,-1
2020010269009,2020,010269009,1,9,0,99,99,9,9,99,99,0,9,99,9,99,1,9,6,6,2,28,6,1968,2,2,VOLKSWAGEN TIGUAN,3,E01032582,0,-1
2020471003837,2020,471003837,2,9,0,5,5,3,7,0,0,4,0,0,0,0,2,1,6,6,1,-1,-1,1968,2,3,VOLKSWAGEN TIGUAN,5,E01031481,0,-1
2020010273995,2020,010273995,1,9,0,7,7,7,2,0,0,1,0,0,0,0,4,1,6,6,1,44,7,1968,2,8,VOLKSWAGEN TIGUAN,3,E01004200,0,-1
2020470987100,2020,470987100,1,9,0,9,9,3,1,0,0,1,0,0,0,0,4,1,6,6,2,-1,-1,1968,2,3,VOLKSWAGEN TIGUAN,7,E01016913,0,-1
2020302000366,2020,302000366,1,9,0,9,9,4,3,0,0,5,0,0,0,0,4,1,6,6,2,29,6,1968,2,12,VOLKSWAGEN TIGUAN,4,E01019824,0,-1
2020552000632,2020,552000632,1,9,0,18,19,8,4,0,0,0,0,4,0,0,1,1,6,6,1,28,6,1968,2,8,VOLKSWAGEN TIGUAN,7,E01020486,0,-1
2020420953612,2020,420953612,2,9,0,18,19,7,3,0,0,0,0,0,0,0,2,1,6,6,2,40,7,1498,1,0,VOLKSWAGEN TIGUAN,10,E01023449,0,-1
2020350943478,2020,350943478,1,9,0,18,19,5,1,0,0,0,0,0,0,0,1,1,3,7,2,46,8,1395,1,2,VOLKSWAGEN TIGUAN,5,E01018084,0,-1
2020320313104,2020,320313104,1,9,0,9,9,1,5,0,0,1,0,0,0,0,1,1,6,6,1,48,8,1968,2,6,VOLKSWAGEN TIGUAN,10,E01026395,0,-1
2020100970078,2020,100970078,2,9,0,18,19,5,1,0,0,8,0,0,0,0,4,1,6,6,1,21,5,1968,2,3,VOLKSWAGEN TIGUAN,3,E01008763,0,-1
20201372G0976,2020,1372G0976,2,9,0,9,9,3,1,0,0,8,0,0,0,0,4,1,6,6,1,18,4,1968,2,10,VOLKSWAGEN TIGUAN,6,E01010699,0,-1
2020230987242,2020,230987242,2,9,0,2,2,0,0,0,0,0,0,0,0,0,3,1,3,7,1,38,7,1968,2,8,VOLKSWAGEN TIGUAN,6,E01031049,0,-1
2020040988258,2020,040988258,2,9,0,18,19,1,1,0,0,0,0,0,0,0,4,1,1,1,2,41,7,1390,1,12,VOLKSWAGEN TIGUAN,10,E01025257,0,-1
2020371001196,2020,371001196,1,9,0,5,5,4,8,0,0,0,0,0,0,0,1,1,1,1,1,21,5,1968,2,0,VOLKSWAGEN TIGUAN,2,E01017602,0,-1
2020410990297,2020,410990297,1,9,0,17,19,3,6,0,0,0,5,4,0,0,1,1,6,6,3,-1,-1,1968,2,1,VOLKSWAGEN TIGUAN,-1,-1,0,-1
202006P370925,2020,06P370925,2,9,0,2,2,0,0,0,0,0,0,0,0,0,2,1,6,6,1,35,6,1968,2,1,VOLKSWAGEN TIGUAN,1,E01005532,0,-1
2020450968815,2020,450968815,1,9,0,18,19,5,1,0,0,0,0,0,0,0,2,1,5,6,2,48,8,1968,2,2,VOLKSWAGEN TIGUAN,9,E01030768,0,-1
2020420944886,2020,420944886,1,9,0,18,19,4,8,0,0,0,0,0,0,0,1,1,5,6,1,50,8,1968,2,3,VOLKSWAGEN TIGUAN,7,E01021967,0,-1
2020010259089,2020,010259089,1,9,0,18,19,5,1,0,0,1,0,0,0,0,1,1,6,6,2,39,7,1498,1,1,VOLKSWAGEN TIGUAN,8,E01000179,0,-1
2020010234011,2020,010234011,2,9,0,2,2,0,0,0,0,1,0,4,0,0,3,1,6,6,3,-1,-1,1968,2,12,VOLKSWAGEN TIGUAN,-1,-1,0,-1
2020110971049,2020,110971049,1,9,0,9,9,5,3,0,0,1,0,0,0,0,1,1,5,6,1,54,8,1968,2,2,VOLKSWAGEN TIGUAN,8,E01012316,0,-1
2020122001119,2020,122001119,2,9,0,10,10,5,3,0,0,5,0,0,0,0,2,1,6,6,2,38,7,1968,2,4,VOLKSWAGEN TIGUAN,6,E01027764,0,-1
2020421005566,2020,421005566,1,9,0,18,19,4,8,0,0,1,0,0,0,0,0,1,6,6,1,53,8,1968,2,2,VOLKSWAGEN TIGUAN,4,E01021785,0,-1
2020010276298,2020,010276298,3,9,0,3,3,3,7,0,0,0,0,0,0,0,0,1,6,6,1,30,6,1498,1,0,VOLKSWAGEN TIGUAN,9,E01000205,0,-1
2020010257960,2020,010257960,1,9,0,4,4,7,3,0,0,1,0,0,0,0,4,1,6,6,1,58,9,1498,1,1,VOLKSWAGEN TIGUAN,4,E01023805,0,-1
2020460985197,2020,460985197,3,9,0,3,3,4,8,0,0,1,0,0,0,0,2,1,5,6,1,-1,-1,1968,2,4,VOLKSWAGEN TIGUAN,2,E01024374,0,-1
2020100937678,2020,100937678,1,9,0,9,9,7,3,0,0,8,0,0,0,0,1,1,5,6,2,28,6,1968,2,4,VOLKSWAGEN TIGUAN,9,E01027508,0,-1
2020052002150,2020,052002150,1,9,0,18,19,1,5,0,0,4,0,0,0,0,3,1,6,6,2,67,10,1968,2,1,VOLKSWAGEN TIGUAN,8,E01006519,0,-1
2020101003140,2020,101003140,2,9,0,4,4,7,3,0,0,1,0,0,0,0,2,1,5,6,1,56,9,1968,2,5,VOLKSWAGEN TIGUAN,10,E01008275,0,-1
2020010253210,2020,010253210,1,9,0,7,7,5,7,0,0,5,0,0,0,0,4,1,6,6,1,46,8,1968,2,1,VOLKSWAGEN TIGUAN,4,E01001321,0,-1
2020100992659,2020,100992659,2,9,0,9,9,6,2,0,0,8,0,0,0,0,1,1,2,2,1,31,6,1968,2,5,VOLKSWAGEN TIGUAN,2,E01027427,0,-1
2020010263830,2020,010263830,3,9,0,18,19,8,4,6,6,0,0,0,0,0,2,1,2,2,1,31,6,1968,2,0,VOLKSWAGEN TIGUAN,-1,-1,0,-1
2020450953538,2020,450953538,2,9,0,10,10,2,6,0,0,8,0,0,0,0,2,1,5,6,2,35,6,1968,2,1,VOLKSWAGEN TIGUAN,5,E01016577,0,-1
2020990987952,2020,990987952,5,9,0,3,3,4,8,0,0,0,0,0,0,0,3,1,6,6,1,37,7,1968,2,2,VOLKSWAGEN TIGUAN,7,-1,0,-1
2020100928096,2020,100928096,1,9,0,18,19,6,2,0,0,0,0,0,0,0,4,1,2,2,1,42,7,1968,2,3,VOLKSWAGEN TIGUAN,8,E01008525,0,-1
2020030936329,2020,030936329,3,9,0,3,3,2,6,0,0,0,0,0,0,0,2,1,6,6,2,37,7,1968,2,2,VOLKSWAGEN TIGUAN,-1,-1,0,-1
202006K377544,2020,06K377544,3,9,0,18,19,4,8,9,9,0,0,0,0,0,3,1,6,6,3,30,6,1968,2,3,VOLKSWAGEN TIGUAN,-1,-1,0,-1
2020500939486,2020,500939486,2,9,0,7,7,5,7,0,0,1,1,0,0,0,2,1,6,6,1,54,8,1968,2,3,VOLKSWAGEN TIGUAN,4,E01020287,0,-1
2020070117183,2020,070117183,2,9,0,18,19,4,8,0,0,0,0,0,0,0,3,1,6,6,2,47,8,1968,2,3,VOLKSWAGEN TIGUAN,9,W01000369,0,-1
202006N168975,2020,06N168975,1,9,0,18,19,1,5,0,0,0,0,0,0,0,1,1,6,6,1,58,9,1968,2,7,VOLKSWAGEN TIGUAN,6,E01004998,0,-1
2020302000181,2020,302000181,1,9,0,18,19,6,3,0,0,1,0,0,0,0,1,1,6,6,2,57,9,1968,2,1,VOLKSWAGEN TIGUAN,6,E01011534,0,-1
2020420974650,2020,420974650,3,9,0,18,19,7,3,0,0,0,0,0,0,0,4,1,6,6,1,37,7,1968,2,0,VOLKSWAGEN TIGUAN,8,E01021924,0,-1
2020200980444,2020,200980444,2,9,0,18,19,7,3,0,0,8,0,0,0,0,4,1,6,6,1,64,9,1498,1,0,VOLKSWAGEN TIGUAN,8,E01009695,0,-1
202063B008020,2020,63B008020,2,9,0,17,19,5,2,0,0,1,0,0,0,0,1,1,6,6,1,79,11,1968,2,11,VOLKSWAGEN TIGUAN,6,W01000543,0,-1
202006E278703,2020,06E278703,2,9,0,18,19,5,1,0,0,8,0,0,1,4,1,1,6,6,2,41,7,1968,2,2,VOLKSWAGEN TIGUAN,1,E01005121,0,-1
2020200935629,2020,200935629,1,9,0,18,19,4,8,0,0,1,0,0,0,0,0,1,6,6,2,41,7,1395,1,2,VOLKSWAGEN TIGUAN,10,E01010550,0,-1
2020470947967,2020,470947967,2,9,0,18,19,7,3,0,0,1,0,0,1,3,1,1,2,2,1,31,6,1968,2,4,VOLKSWAGEN TIGUAN,7,E01021093,0,-1
202006E473086,2020,06E473086,3,9,0,18,19,7,3,0,0,1,0,0,0,0,1,1,6,6,2,23,5,1984,1,1,VOLKSWAGEN TIGUAN,-1,-1,0,-1
2020500975702,2020,500975702,2,9,0,2,2,0,0,0,0,0,0,4,7,0,1,1,5,6,1,36,7,1498,1,1,VOLKSWAGEN TIGUAN,7,E01020298,0,-1
2020010273714,2020,010273714,2,9,0,99,99,9,9,99,99,1,9,99,9,99,9,9,6,6,3,-1,-1,1968,2,1,VOLKSWAGEN TIGUAN,-1,-1,0,-1
2020101005763,2020,101005763,1,9,0,18,19,8,4,0,0,1,0,0,0,0,1,1,5,6,1,58,9,1968,2,5,VOLKSWAGEN TIGUAN,-1,-1,0,-1
202006A277926,2020,06A277926,1,9,0,18,19,8,4,0,0,0,5,0,0,0,1,1,6,6,1,39,7,1498,1,0,VOLKSWAGEN TIGUAN,5,E01006074,0,-1
2020040942216,2020,040942216,1,9,0,17,19,8,4,0,0,0,0,0,1,9,3,1,5,6,1,53,8,1968,2,3,VOLKSWAGEN TIGUAN,8,E01025280,0,-1
2020440400968,2020,440400968,1,9,0,18,19,2,6,0,0,0,5,0,0,0,1,1,6,6,2,34,6,1968,2,2,VOLKSWAGEN TIGUAN,10,E01022790,0,-1
2020470955965,2020,470955965,1,9,0,5,5,2,6,0,0,1,0,0,0,0,1,1,6,6,3,-1,-1,1968,2,8,VOLKSWAGEN TIGUAN,-1,-1,0,-1
2020622001102,2020,622001102,2,9,0,9,9,6,3,0,0,8,0,0,0,0,1,1,6,6,1,29,6,1968,2,3,VOLKSWAGEN TIGUAN,3,W01001317,0,-1
2020471004205,2020,471004205,2,9,0,18,19,4,1,0,0,8,0,7,0,0,2,1,5,6,2,40,7,1498,1,1,VOLKSWAGEN TIGUAN,4,E01031344,0,-1
2020320157852,2020,320157852,2,5,0,13,13,6,2,0,0,0,0,0,0,0,4,1,6,6,1,65,9,1731,1,8,-1,3,E01026085,0,-1
2020137CU0246,2020,137CU0246,2,3,0,18,19,6,2,0,0,8,0,0,0,0,1,1,1,1,1,19,4,125,1,0,-1,1,E01011321,0,-1
2020010245895,2020,010245895,1,5,0,99,99,9,9,99,99,9,9,99,9,99,0,-1,6,6,1,30,6,649,1,20,-1,7,E01004585,0,-1
2020160997479,2020,160997479,1,5,0,17,19,2,7,0,0,0,1,0,1,10,1,1,5,6,1,32,6,648,1,23,-1,2,E01013347,0,-1
2020440021677,2020,440021677,1,5,0,18,19,4,8,0,0,0,1,0,0,0,4,1,6,6,1,48,8,649,1,18,-1,10,E01023072,0,-1
2020991009395,2020,991009395,1,5,0,18,19,8,4,0,0,4,0,0,0,0,0,1,5,6,1,48,8,649,1,18,-1,8,-1,0,-1
2020440262889,2020,440262889,1,5,0,18,19,3,7,0,0,2,0,0,0,0,1,1,6,6,1,63,9,649,1,19,-1,4,E01017162,0,-1
2020160979307,2020,160979307,2,5,0,18,19,4,8,0,0,8,0,0,0,0,1,1,6,6,1,32,6,649,1,18,-1,9,E01032683,0,-1
2020320459445,2020,320459445,1,5,0,18,19,1,3,0,0,0,2,0,0,0,0,1,6,6,1,82,11,650,1,19,-1,5,E01019470,0,-1
202031A033020,2020,31A033020,2,5,0,4,4,8,4,0,0,0,1,0,0,0,1,1,6,6,1,26,6,649,1,18,-1,2,E01028238,0,-1
2020010239331,2020,010239331,1,4,0,15,15,7,3,0,0,0,0,0,0,0,1,1,6,6,1,19,4,124,1,27,-1,3,E01004661,0,-1
2020440017275,2020,440017275,2,5,0,18,19,1,5,0,0,8,0,0,0,0,1,1,2,2,1,41,7,599,1,13,Yamaha FZ6,5,E01017304,0,-1
2020450954829,2020,450954829,1,5,0,18,19,1,5,0,0,0,0,0,0,0,4,1,5,6,1,65,9,599,1,16,Yamaha FZ6,6,E01030717,0,-1
2020522002355,2020,522002355,1,4,0,18,19,4,8,0,0,8,1,0,0,0,1,1,6,6,1,38,7,599,1,16,-1,8,E01014672,0,-1
2020450937446,2020,450937446,2,5,0,18,19,5,1,0,0,8,5,0,0,0,1,1,2,2,1,26,6,600,1,14,Yamaha FZ6,5,E01030834,0,-1
2020471003500,2020,471003500,2,5,0,18,19,1,5,0,0,0,0,0,0,0,2,1,2,2,1,65,9,599,1,16,Yamaha FZ6,5,E01031826,0,-1
2020450915430,2020,450915430,2,5,0,18,19,1,5,0,0,8,2,0,0,0,1,1,5,6,1,40,7,599,1,17,Yamaha FZ6,10,E01004112,0,-1
2020010270816,2020,010270816,1,5,0,18,19,1,5,0,0,1,2,0,0,0,4,1,6,6,1,31,6,599,1,13,Yamaha FZ6,2,E01003582,0,-1
2020010284992,2020,010284992,1,3,0,18,19,1,5,0,0,0,0,0,0,0,1,1,6,6,1,55,8,599,1,12,-1,7,E01023484,0,-1
2020302000831,2020,302000831,2,5,0,16,19,7,3,0,0,1,0,0,0,0,1,1,2,2,1,36,7,600,1,14,Yamaha FZ6,2,E01013961,0,-1
2020500973314,2020,500973314,1,5,0,13,13,4,7,0,0,0,2,0,8,0,1,1,2,2,1,26,6,599,1,15,Yamaha FZ6,2,E01020216,0,-1
2020501016146,2020,501016146,2,5,0,5,5,6,1,0,0,4,0,0,0,0,3,1,5,6,1,36,7,599,1,12,Yamaha FZ6,3,E01018873,0,-1
2020010229840,2020,010229840,2,5,0,18,19,7,3,0,0,1,0,0,0,0,1,1,6,6,1,44,7,599,1,15,Yamaha FZ6,1,E01004222,0,-1
2020010232297,2020,010232297,1,5,0,18,19,5,1,0,0,0,2,7,0,0,3,1,6,6,1,58,9,599,1,13,Yamaha FZ6,-1,-1,0,-1
2020440398589,2020,440398589,1,5,0,7,7,8,2,0,0,8,1,0,0,0,1,1,2,2,1,40,7,599,1,12,Yamaha FZ6,8,E01022889,0,-1
2020200989485,2020,200989485,2,5,0,18,19,5,7,0,0,0,0,0,0,0,3,1,6,6,1,27,6,600,1,14,Yamaha FZ6,6,E01009699,0,-1
2020200971722,2020,200971722,1,5,0,13,13,3,7,0,0,0,0,0,0,0,1,1,2,2,1,33,6,600,1,14,Yamaha FZ6,5,E01009023,0,-1
2020010266572,2020,010266572,2,5,0,18,19,7,3,0,0,1,0,0,1,0,1,1,6,6,1,30,6,600,1,15,Yamaha FZ6,8,E01002495,0,-1
2020350965520,2020,350965520,2,5,0,18,19,2,7,0,0,8,0,0,0,0,1,1,5,6,1,38,7,599,1,11,Yamaha FZ6,4,E01018146,0,-1
2020010237947,2020,010237947,1,5,0,13,13,3,7,0,0,1,1,0,0,0,0,1,2,2,1,31,6,599,1,12,Yamaha FZ6,9,E01004161,0,-1
2020010270909,2020,010270909,1,5,0,99,99,9,9,99,99,0,9,99,9,99,1,1,2,2,1,50,8,599,1,11,Yamaha FZ6,8,E01002318,0,-1
2020450977007,2020,450977007,1,5,0,18,19,8,4,0,0,8,0,0,7,0,4,1,2,2,1,25,5,599,1,14,Yamaha FZ6,5,E01030974,0,-1
2020990971019,2020,990971019,1,5,0,18,19,7,3,0,0,0,2,0,0,0,1,1,5,6,1,38,7,599,1,12,Yamaha FZ6,6,-1,0,-1
2020010273393,2020,010273393,2,5,0,14,14,3,7,0,0,1,5,0,0,0,1,1,6,6,1,38,7,599,1,15,Yamaha FZ6,6,E01001253,0,-1
2020501005003,2020,501005003,1,5,0,7,7,6,2,0,0,0,0,0,7,11,1,1,5,6,1,22,5,599,1,12,Yamaha FZ6,4,E01018777,0,-1
2020440479062,2020,440479062,2,3,0,18,19,5,1,0,0,0,1,0,1,5,1,1,6,6,1,67,10,599,1,15,-1,1,E01017036,0,-1
2020430022499,2020,430022499,2,5,0,18,19,2,6,0,0,1,1,0,0,0,4,1,2,2,1,29,6,599,1,10,Yamaha FZ6,8,E01028531,0,-1
2020411003281,2020,411003281,2,5,0,9,9,3,1,0,0,8,0,0,0,0,1,1,6,6,1,58,9,600,1,16,Yamaha FZ6,4,E01023395,0,-1
2020160967080,2020,160967080,2,5,0,18,19,3,7,0,0,1,1,0,7,0,1,1,6,6,1,27,6,599,1,12,Yamaha FZ6,3,E01013029,0,-1
2020010281197,2020,010281197,1,5,0,99,99,9,9,99,99,9,9,99,9,99,9,1,2,2,1,40,7,599,1,12,Yamaha FZ6,3,E01001516,0,-1
2020040966487,2020,040966487,1,5,0,4,4,7,3,0,0,0,1,0,0,0,1,1,5,6,1,47,8,998,1,16,-1,3,E01005003,0,-1
20201377K1135,2020,1377K1135,2,4,0,18,19,8,4,0,0,0,0,0,0,0,4,1,6,6,1,54,8,500,1,1,-1,5,E01010853,0,-1
2020010260313,2020,010260313,2,4,0,15,15,7,3,2,2,8,1,0,1,0,3,1,2,2,1,48,8,500,1,2,-1,6,E01016142,0,-1
2020410975442,2020,410975442,2,9,0,5,5,5,3,0,0,6,-1,0,0,0,1,1,6,6,3,-1,-1,5998,1,2,BENTLEY CONTINENTAL,-1,-1,0,-1
2020010255029,2020,010255029,2,9,0,99,99,9,9,99,99,9,9,99,9,99,9,9,6,6,3,-1,-1,5998,1,13,BENTLEY CONTINENTAL,-1,-1,0,-1
2020010247074,2020,010247074,2,9,0,6,6,2,2,0,0,1,9,0,0,99,0,9,6,6,3,-1,-1,5998,1,5,BENTLEY CONTINENTAL,-1,-1,0,-1
2020070413186,2020,070413186,1,9,0,9,9,3,1,0,0,1,0,0,0,0,3,1,6,6,1,-1,-1,5998,1,9,BENTLEY CONTINENTAL,-1,-1,0,-1
2020010250364,2020,010250364,1,9,0,4,4,7,3,0,0,1,0,0,0,0,2,1,1,1,2,50,8,5998,1,13,BENTLEY CONTINENTAL,9,E01002354,0,-1
2020010265798,2020,010265798,1,9,0,9,9,3,1,0,0,8,0,0,0,0,1,1,6,6,1,37,7,5998,1,15,BENTLEY CONTINENTAL,4,E01000799,0,-1
2020010230858,2020,010230858,2,9,9,99,99,9,9,99,99,9,9,99,9,99,9,9,6,6,1,-1,-1,5998,1,4,BENTLEY CONTINENTAL,8,E01004687,0,-1
2020400994554,2020,400994554,1,9,0,18,19,4,7,0,0,1,1,0,1,2,1,1,5,6,1,48,8,3993,1,5,BENTLEY CONTINENTAL,8,E01015685,0,-1
2020470953897,2020,470953897,1,9,0,16,19,6,8,0,0,1,0,0,7,10,1,1,5,6,1,60,9,5998,1,10,BENTLEY CONTINENTAL,2,E01016905,0,-1
2020460996498,2020,460996498,2,9,0,18,19,7,3,0,0,1,0,0,1,0,3,1,5,6,1,55,8,5998,1,15,BENTLEY CONTINENTAL,5,E01024716,0,-1
2020990939437,2020,990939437,2,9,0,9,9,8,6,0,0,8,0,0,0,0,2,1,5,6,1,72,10,3993,1,3,BENTLEY CONTINENTAL,10,-1,0,-1
2020420961219,2020,420961219,2,9,0,18,19,3,3,0,0,0,0,11,0,0,4,1,2,2,2,54,8,5950,1,1,BENTLEY CONTINENTAL,10,E01024755,0,-1
2020010257087,2020,010257087,1,9,0,18,19,7,3,0,0,1,1,0,1,0,4,1,6,6,1,32,6,5998,1,16,BENTLEY CONTINENTAL,-1,-1,0,-1
202006K166841,2020,06K166841,2,9,0,18,19,1,5,0,0,1,0,0,0,0,1,1,6,6,3,-1,-1,5998,1,14,BENTLEY CONTINENTAL,-1,-1,0,-1
2020320417124,2020,320417124,2,5,0,18,19,5,1,0,0,0,5,0,0,0,1,1,6,6,1,61,9,1085,1,24,-1,8,E01026138,0,-1
2020430295401,2020,430295401,2,5,0,4,4,6,2,0,0,1,0,0,0,0,4,1,6,6,1,66,10,1085,1,22,-1,10,E01028695,0,-1
2020340S05652,2020,340S05652,1,5,0,18,19,3,7,0,0,0,0,0,0,0,0,1,6,6,1,57,9,1085,1,25,-1,10,E01027283,0,-1
2020302001009,2020,302001009,2,5,0,8,8,2,6,0,0,3,0,0,0,0,4,1,2,2,1,50,8,1085,1,27,-1,2,E01019580,0,-1
2020052001685,2020,052001685,2,5,0,18,19,1,5,0,0,0,0,0,0,0,1,1,6,6,1,55,8,1085,1,27,-1,1,E01007019,0,-1
2020410989918,2020,410989918,1,3,0,18,19,6,2,0,0,0,0,0,1,9,1,1,5,6,1,17,4,124,1,19,-1,7,E01023585,0,-1
2020440028558,2020,440028558,2,3,0,4,4,5,1,0,0,0,0,0,0,0,1,1,6,6,1,32,6,124,1,15,-1,10,E01023243,0,-1
2020160996987,2020,160996987,1,2,0,18,19,5,1,0,0,0,0,0,0,0,1,1,6,6,1,18,4,48,1,0,-1,1,E01012837,0,-1
2020450973172,2020,450973172,2,9,0,18,19,1,5,0,0,4,0,0,0,0,1,1,5,6,2,76,11,1589,1,23,-1,8,E01030988,0,-1
20201374B1815,2020,1374B1815,1,9,0,3,3,3,7,0,0,1,0,0,0,0,2,1,6,6,1,59,9,1596,1,19,-1,1,E01011059,0,-1
2020122000267,2020,122000267,1,9,0,18,19,3,7,0,0,0,1,0,7,11,1,1,6,6,2,29,6,1910,2,11,-1,8,E01013575,0,-1
2020010281664,2020,010281664,3,9,0,2,2,0,0,0,0,1,0,0,0,0,3,1,6,6,3,-1,-1,1596,1,20,-1,-1,-1,0,-1
2020552000426,2020,552000426,2,9,0,18,19,7,4,0,0,0,0,0,0,0,1,1,6,6,1,54,8,1910,2,11,-1,4,E01020496,0,-1
2020440460728,2020,440460728,1,9,0,9,9,6,4,0,0,8,0,0,0,0,4,1,6,6,1,75,10,1910,2,17,-1,2,E01022934,0,-1
2020010229450,2020,010229450,1,9,0,5,5,5,1,0,0,6,0,0,0,0,1,2,6,6,2,34,6,998,1,2,FORD ECOSPORT,2,E01000073,0,-1