collision_index,collision_year,collision_ref_no,vehicle_reference,vehicle_type,towing_and_articulation,vehicle_manoeuvre_historic,vehicle_manoeuvre,vehicle_direction_from,vehicle_direction_to,vehicle_location_restricted_lane_historic,vehicle_location_restricted_lane,junction_location,skidding_and_overturning,hit_object_in_carriageway,vehicle_leaving_carriageway,hit_object_off_carriageway,first_point_of_impact,vehicle_left_hand_drive,journey_purpose_of_driver_historic,journey_purpose_of_driver,sex_of_driver,age_of_driver,age_band_of_driver,engine_capacity_cc,propulsion_code,age_of_vehicle,generic_make_model,driver_imd_decile,lsoa_of_driver,escooter_flag,driver_distance_banding
2020471005911,2020,471005911,1,9,0,2,2,0,0,0,0,0,0,0,0,0,3,1,6,6,1,-1,-1,998,1,5,FORD ECOSPORT,9,E01031623,0,-1
2020440383386,2020,440383386,2,9,0,18,19,7,3,0,0,0,0,0,0,0,1,1,6,6,1,38,7,998,1,4,FORD ECOSPORT,-1,-1,0,-1
2020220951743,2020,220951743,1,9,0,18,19,2,6,0,0,0,0,0,0,0,3,1,5,6,2,36,7,998,1,3,FORD ECOSPORT,8,E01032189,0,-1
2020622000155,2020,622000155,2,8,0,3,3,8,4,0,0,0,0,0,0,0,2,1,1,1,2,42,7,998,1,2,-1,3,W01000987,0,-1
2020230943776,2020,230943776,2,9,0,18,19,8,4,0,0,0,0,0,0,0,1,1,5,6,2,61,9,998,1,1,FORD ECOSPORT,6,E01026991,0,-1
2020010270449,2020,010270449,1,9,0,9,9,1,7,0,0,1,0,0,0,0,4,1,6,6,2,27,6,1498,1,3,FORD ECOSPORT,2,E01003593,0,-1
2020460979223,2020,460979223,1,9,0,18,19,7,3,0,0,0,0,0,0,0,1,1,2,2,2,63,9,998,1,5,FORD ECOSPORT,5,E01024082,0,-1
2020040982671,2020,040982671,2,9,0,16,19,3,7,0,0,0,0,0,0,0,1,1,6,6,2,39,7,998,1,4,FORD ECOSPORT,9,E01025039,0,-1
2020302001326,2020,302001326,1,9,0,4,4,3,7,0,0,0,0,0,0,0,1,1,6,6,2,61,9,1499,2,4,FORD ECOSPORT,9,E01019597,0,-1
2020230934999,2020,230934999,2,9,0,4,4,3,7,0,0,0,0,0,0,0,2,1,2,2,2,22,5,998,1,2,FORD ECOSPORT,10,E01033061,0,-1
2020052001829,2020,052001829,2,9,0,3,3,5,1,0,0,1,0,0,0,0,2,1,6,6,1,73,10,998,1,4,FORD ECOSPORT,2,E01005447,0,-1
2020440499971,2020,440499971,1,9,0,17,19,1,7,0,0,8,0,0,0,0,1,1,6,6,2,49,8,998,1,2,FORD ECOSPORT,2,E01017115,0,-1
2020200931600,2020,200931600,2,9,0,18,19,2,6,0,0,8,0,0,0,0,3,1,6,6,2,-1,-1,1499,2,5,FORD ECOSPORT,6,E01010174,0,-1
2020010264704,2020,010264704,2,9,0,7,7,4,6,0,0,8,0,0,0,0,1,1,6,6,2,41,7,1499,2,5,FORD ECOSPORT,6,E01002380,0,-1
2020010246549,2020,010246549,2,9,0,99,99,9,9,0,0,1,9,0,0,99,1,9,6,6,2,-1,-1,998,1,2,FORD ECOSPORT,-1,-1,0,-1
2020420999816,2020,420999816,2,9,0,18,19,7,3,0,0,0,0,0,0,0,3,1,5,6,2,33,6,1499,2,4,FORD ECOSPORT,1,E01015932,0,-1
2020500975267,2020,500975267,1,9,0,4,4,7,3,0,0,0,0,0,0,0,2,1,5,6,2,28,6,998,1,2,FORD ECOSPORT,4,E01018778,0,-1
2020010245936,2020,010245936,2,9,0,6,6,5,5,0,0,1,0,0,0,0,1,1,6,6,2,-1,-1,998,1,1,FORD ECOSPORT,-1,-1,0,-1
2020302000440,2020,302000440,2,9,0,3,3,8,4,0,0,1,1,0,0,0,1,1,6,6,2,72,10,998,1,2,FORD ECOSPORT,7,E01019472,0,-1
2020200951712,2020,200951712,1,9,0,5,5,6,2,0,0,4,5,7,7,1,3,1,6,6,2,30,6,1499,2,5,FORD ECOSPORT,9,E01010208,0,-1
2020410929178,2020,410929178,1,9,0,5,5,1,1,0,0,0,0,0,0,0,1,1,6,6,1,58,9,1499,2,3,FORD ECOSPORT,5,E01023788,0,-1
2020220960487,2020,220960487,1,9,0,9,9,5,3,0,0,5,0,0,0,0,1,1,5,6,1,82,11,998,1,0,FORD ECOSPORT,3,E01032423,0,-1
2020320478018,2020,320478018,1,9,0,18,19,6,2,0,0,0,1,0,7,11,1,1,2,2,2,21,5,1499,2,4,FORD ECOSPORT,9,E01026225,0,-1
2020500940707,2020,500940707,2,9,0,4,4,1,5,0,0,2,0,0,0,0,2,1,5,6,2,56,9,998,1,3,FORD ECOSPORT,2,E01015026,0,-1
2020420969796,2020,420969796,2,9,0,18,19,3,7,0,0,1,0,0,0,0,2,1,5,6,1,39,7,1499,2,6,FORD ECOSPORT,9,E01024268,0,-1
2020420916664,2020,420916664,2,9,0,18,19,3,7,0,0,0,0,0,0,0,2,1,5,6,2,48,8,1498,1,5,FORD ECOSPORT,8,E01022015,0,-1
2020010275340,2020,010275340,2,9,0,17,19,1,5,0,0,1,0,0,0,0,1,1,2,2,1,55,8,998,1,1,FORD ECOSPORT,9,E01002288,0,-1
202006J167080,2020,06J167080,2,9,0,7,7,6,8,0,0,6,0,0,0,0,1,1,6,6,1,30,6,998,1,1,FORD ECOSPORT,-1,-1,0,-1
2020010235293,2020,010235293,2,9,0,18,19,3,7,0,0,8,0,0,0,0,1,1,6,6,2,52,8,998,1,1,FORD ECOSPORT,8,E01002320,0,-1
2020010278978,2020,010278978,1,9,0,18,19,3,7,0,0,0,0,0,0,0,2,1,6,6,2,24,5,998,1,3,FORD ECOSPORT,2,E01004253,0,-1
2020040940014,2020,040940014,2,9,0,18,19,7,3,0,0,2,0,11,0,0,1,1,5,6,1,51,8,1499,2,4,FORD ECOSPORT,2,E01024926,0,-1
2020340C05372,2020,340C05372,1,9,0,18,19,3,7,0,0,0,0,12,8,6,1,1,6,6,2,26,6,1499,2,6,FORD ECOSPORT,2,E01026961,0,-1
2020990932853,2020,990932853,2,9,0,3,3,3,7,0,0,0,0,0,0,0,2,1,5,6,1,57,9,998,1,1,FORD ECOSPORT,7,E01018699,0,-1
2020041008533,2020,041008533,2,9,0,7,7,2,2,0,0,0,0,0,0,0,3,1,6,6,2,51,8,998,1,1,FORD ECOSPORT,1,E01025036,0,-1
202006Q279476,2020,06Q279476,1,9,0,18,19,3,7,0,0,8,0,0,0,0,1,1,6,6,3,-1,-1,1499,2,5,FORD ECOSPORT,-1,-1,0,-1
2020100994262,2020,100994262,2,9,0,18,19,1,5,0,0,1,0,0,0,0,4,1,5,6,2,34,6,998,1,0,FORD ECOSPORT,2,E01033074,0,-1
2020430410155,2020,430410155,1,9,0,7,7,4,6,9,9,5,0,0,0,0,1,1,6,6,2,38,7,998,1,2,FORD ECOSPORT,10,E01016316,0,-1
2020451003507,2020,451003507,2,9,0,18,19,1,5,0,0,2,0,0,0,0,1,1,5,6,1,49,8,1498,1,4,FORD ECOSPORT,9,E01030975,0,-1
2020010263763,2020,010263763,2,9,0,18,19,5,1,0,0,1,0,0,0,0,4,1,6,6,2,38,7,998,1,1,FORD ECOSPORT,2,E01002312,0,-1
2020400994501,2020,400994501,1,9,0,18,19,7,3,0,0,0,0,0,7,0,1,1,6,6,2,33,6,998,1,1,FORD ECOSPORT,9,E01023619,0,-1
2020522004600,2020,522004600,3,9,0,-1,-1,-1,-1,0,0,0,0,0,0,0,1,1,6,6,2,42,7,1498,1,5,FORD ECOSPORT,5,E01014426,0,-1
2020010284712,2020,010284712,2,9,0,18,19,3,7,0,0,0,0,0,0,0,1,1,6,6,2,-1,-1,998,1,2,FORD ECOSPORT,5,E01002363,0,-1
2020101001158,2020,101001158,1,9,0,11,11,5,1,0,0,0,0,0,1,0,1,1,5,6,1,23,5,998,1,1,FORD ECOSPORT,1,E01027540,0,-1
2020010246680,2020,010246680,2,9,0,3,3,5,1,0,0,1,0,0,0,0,2,1,6,6,1,67,10,998,1,5,FORD ECOSPORT,-1,-1,0,-1
2020990926005,2020,990926005,1,9,0,18,19,1,5,0,0,0,0,0,0,0,1,2,5,6,1,49,8,998,1,2,FORD ECOSPORT,-1,-1,0,-1
2020160989756,2020,160989756,2,9,0,7,7,6,8,0,0,3,0,0,0,0,1,1,6,6,2,60,9,998,1,4,FORD ECOSPORT,1,E01012881,0,-1
2020010278710,2020,010278710,1,9,0,18,19,5,1,99,99,9,9,99,9,99,2,9,2,2,2,36,7,1498,1,5,FORD ECOSPORT,7,E01000732,0,-1
2020320013446,2020,320013446,2,9,0,18,19,7,3,0,0,2,0,0,0,0,2,1,6,6,1,61,9,998,1,1,FORD ECOSPORT,3,E01026123,0,-1
2020421007068,2020,421007068,1,9,0,18,19,1,5,0,0,0,0,0,0,0,4,1,6,6,1,31,6,998,1,1,FORD ECOSPORT,2,E01023338,0,-1
2020552000281,2020,552000281,2,9,0,18,19,6,2,0,0,0,1,0,0,0,2,1,6,6,2,42,7,998,1,1,FORD ECOSPORT,4,E01020935,0,-1
2020070290638,2020,070290638,2,9,0,18,19,8,4,0,0,8,0,0,0,0,1,1,6,6,1,53,8,998,1,1,FORD ECOSPORT,1,E01007162,0,-1
2020450986796,2020,450986796,2,9,0,6,6,1,5,9,9,0,0,0,0,0,3,1,5,6,1,49,8,998,1,1,FORD ECOSPORT,6,E01030643,0,-1
2020200930148,2020,200930148,1,9,0,18,19,1,5,0,0,0,0,0,0,0,3,1,6,6,3,-1,-1,998,1,4,FORD ECOSPORT,-1,-1,0,-1
2020460932414,2020,460932414,2,9,0,18,19,5,1,0,0,8,0,0,0,0,4,1,6,6,2,54,8,998,1,2,FORD ECOSPORT,3,E01016154,0,-1
2020370977811,2020,370977811,1,9,0,18,19,2,6,0,0,0,0,0,0,0,3,1,5,6,2,64,9,998,1,1,FORD ECOSPORT,7,E01029945,0,-1
2020421004047,2020,421004047,3,9,0,3,3,5,1,0,0,0,0,0,0,0,2,1,2,2,2,27,6,998,1,5,FORD ECOSPORT,-1,-1,0,-1
2020450936648,2020,450936648,3,9,0,18,19,5,1,0,0,1,0,0,0,0,3,1,2,2,1,52,8,998,1,5,FORD ECOSPORT,10,E01031002,0,-1
2020460994693,2020,460994693,1,9,0,18,19,1,5,0,0,0,1,10,7,4,1,1,1,1,2,25,5,1498,1,5,FORD ECOSPORT,5,E01024191,0,-1
2020411003411,2020,411003411,1,9,0,9,9,3,7,0,0,1,0,0,0,0,1,1,2,2,2,50,8,998,1,0,FORD ECOSPORT,4,E01023805,0,-1
2020200998158,2020,200998158,1,9,0,9,9,1,6,0,0,6,0,0,0,0,1,1,6,6,1,60,9,1498,1,4,FORD ECOSPORT,2,E01009934,0,-1
2020522004620,2020,522004620,2,9,0,2,2,0,0,0,0,0,0,0,0,0,2,1,6,6,3,-1,-1,1499,2,4,FORD ECOSPORT,-1,-1,0,-1
2020010280090,2020,010280090,1,9,0,16,19,1,5,0,0,4,2,0,3,2,1,1,6,6,1,17,4,998,1,1,FORD ECOSPORT,-1,-1,0,-1
2020430040468,2020,430040468,1,9,0,18,19,2,6,0,0,0,0,0,0,0,3,1,6,6,2,53,8,998,1,2,FORD ECOSPORT,9,E01028761,0,-1
2020137571196,2020,137571196,1,9,0,18,19,1,5,0,0,1,0,11,7,1,1,1,6,6,1,77,11,1498,1,4,FORD ECOSPORT,3,E01011298,0,-1
2020160967085,2020,160967085,3,9,0,3,3,6,2,0,0,0,0,0,0,0,2,1,6,6,3,-1,-1,998,1,3,FORD ECOSPORT,6,E01007665,0,-1
2020552000467,2020,552000467,3,9,0,2,2,0,0,0,0,0,0,0,0,0,2,1,6,6,3,-1,-1,998,1,0,FORD ECOSPORT,-1,-1,0,-1
2020010278058,2020,010278058,1,9,0,99,99,9,9,99,99,9,9,99,9,99,9,9,2,2,2,56,9,998,1,1,FORD ECOSPORT,8,E01001133,0,-1
202006P178165,2020,06P178165,2,9,0,18,19,6,2,0,0,0,0,0,0,0,1,1,6,6,1,39,7,1499,2,4,FORD ECOSPORT,-1,-1,0,-1
2020010268583,2020,010268583,2,9,0,2,2,0,0,0,0,2,0,0,0,0,0,1,6,6,3,-1,-1,998,1,4,FORD ECOSPORT,-1,-1,0,-1
2020400978394,2020,400978394,1,9,0,5,5,5,3,0,0,4,0,0,0,0,1,1,2,2,1,36,7,1498,1,4,FORD ECOSPORT,5,E01023864,0,-1
2020302000445,2020,302000445,2,9,0,9,9,6,2,0,0,0,0,0,0,0,0,1,6,6,2,32,6,1499,2,5,FORD ECOSPORT,1,E01033167,0,-1
2020990947850,2020,990947850,2,9,0,18,19,7,2,0,0,6,1,0,4,0,3,1,6,6,1,44,7,1499,2,6,FORD ECOSPORT,1,-1,0,-1
2020010236137,2020,010236137,1,9,0,18,19,1,5,99,99,0,9,99,9,99,2,1,6,6,3,48,8,1498,1,5,FORD ECOSPORT,4,E01003450,0,-1
2020161010802,2020,161010802,1,9,0,5,5,3,7,0,0,6,0,0,0,0,1,1,6,6,2,41,7,998,1,0,FORD ECOSPORT,6,E01012765,0,-1
2020010255869,2020,010255869,1,9,0,1,1,7,3,0,0,1,0,0,0,0,2,1,6,6,1,51,8,998,1,2,FORD ECOSPORT,2,E01003540,0,-1
202006L178058,2020,06L178058,1,9,0,18,19,2,6,0,0,0,0,0,0,0,1,1,2,2,2,39,7,998,1,0,FORD ECOSPORT,4,E01006280,0,-1
2020421008435,2020,421008435,3,9,0,16,19,6,2,0,0,0,0,0,0,0,1,1,5,6,2,50,8,998,1,1,FORD ECOSPORT,6,E01021907,0,-1
2020361003727,2020,361003727,1,9,0,18,19,5,1,9,9,1,0,0,0,0,1,1,6,6,1,34,6,998,1,0,FORD ECOSPORT,9,E01026544,0,-1
2020010283440,2020,010283440,1,9,0,9,9,5,3,0,0,5,0,0,0,0,1,1,6,6,2,59,9,1498,1,3,FORD ECOSPORT,2,E01003507,0,-1
2020010237510,2020,010237510,1,9,0,18,19,5,1,0,0,0,0,4,0,0,1,1,6,6,3,-1,-1,1498,1,3,FORD ECOSPORT,-1,-1,0,-1
2020140933377,2020,140933377,2,9,0,7,7,6,7,0,0,6,0,0,0,0,3,1,5,6,1,79,11,998,1,2,FORD ECOSPORT,1,E01007947,0,-1
2020500989299,2020,500989299,2,9,0,17,19,5,1,0,0,0,1,0,0,0,3,1,1,1,1,22,5,998,1,1,FORD ECOSPORT,5,E01018896,0,-1
2020470950521,2020,470950521,1,9,0,18,19,3,7,0,0,2,0,0,0,0,1,1,5,6,1,84,11,998,1,1,FORD ECOSPORT,7,E01031375,0,-1
202006Q278770,2020,06Q278770,1,9,0,16,19,8,3,0,0,1,0,0,0,0,1,1,6,6,1,18,4,1499,2,4,FORD ECOSPORT,6,E01005454,0,-1
2020140980403,2020,140980403,1,9,0,18,19,1,5,0,0,2,0,0,1,0,1,1,5,6,2,40,7,998,1,1,FORD ECOSPORT,1,E01007474,0,-1
202063C084620,2020,63C084620,1,9,0,18,19,1,4,0,0,1,0,10,3,10,4,1,6,6,2,58,9,998,1,2,FORD ECOSPORT,6,W01000575,0,-1
2020137A50331,2020,137A50331,2,9,0,18,19,8,2,0,0,1,0,0,0,0,1,1,6,6,3,-1,-1,998,1,6,FORD ECOSPORT,-1,-1,0,-1
2020990984961,2020,990984961,1,9,0,18,19,1,5,0,0,8,0,0,0,0,3,1,5,6,2,33,6,998,1,0,FORD ECOSPORT,2,-1,0,-1
2020040983083,2020,040983083,1,9,0,9,9,3,7,0,0,0,0,0,0,0,3,1,5,6,1,33,6,998,1,0,FORD ECOSPORT,1,E01012735,0,-1
2020460976775,2020,460976775,1,9,0,18,19,1,5,0,0,0,5,0,0,0,1,1,5,6,2,59,9,1499,2,4,FORD ECOSPORT,6,E01024038,0,-1
2020140968593,2020,140968593,1,9,0,11,11,1,5,0,0,0,0,0,0,0,1,1,6,6,2,65,9,1498,1,3,FORD ECOSPORT,-1,-1,0,-1
2020610043520,2020,610043520,1,9,0,11,11,2,8,0,0,3,0,0,0,0,4,1,6,6,2,56,9,1499,2,2,FORD ECOSPORT,2,W01001482,0,-1
2020990987162,2020,990987162,1,9,0,9,9,8,6,0,0,2,0,0,0,0,3,1,2,2,2,60,9,1499,2,2,FORD ECOSPORT,5,-1,0,-1
2020340D01192,2020,340D01192,1,9,0,2,2,0,0,0,0,0,0,0,0,0,3,1,6,6,1,26,6,1499,2,6,FORD ECOSPORT,3,E01027009,0,-1
2020470919676,2020,470919676,2,9,0,16,19,3,5,0,0,1,0,0,0,0,1,1,5,6,1,52,8,998,1,1,FORD ECOSPORT,4,E01023997,0,-1
2020010266612,2020,010266612,1,9,5,9,9,3,1,0,0,8,1,0,0,0,4,1,6,6,1,21,5,998,1,2,FORD ECOSPORT,3,E01001516,0,-1
2020501001616,2020,501001616,2,9,0,17,19,3,6,0,0,0,0,0,0,0,1,1,6,6,2,43,7,998,1,5,FORD ECOSPORT,6,E01020221,0,-1
2020160993685,2020,160993685,2,9,0,18,19,2,6,0,0,0,0,0,1,10,1,1,5,6,1,63,9,998,1,2,FORD ECOSPORT,10,E01012924,0,-1
2020052000358,2020,052000358,1,9,0,1,1,5,1,0,0,0,0,0,0,0,2,1,6,6,2,33,6,998,1,1,FORD ECOSPORT,2,E01006482,0,-1
2020350928746,2020,350928746,1,9,0,15,15,4,8,0,0,0,0,0,0,0,3,1,2,2,2,29,6,998,1,4,FORD ECOSPORT,8,E01033119,0,-1
2020010276606,2020,010276606,2,9,0,99,99,9,9,99,99,9,9,99,9,99,1,9,6,6,3,-1,-1,998,1,2,FORD ECOSPORT,2,E01004010,0,-1
2020470954801,2020,470954801,3,9,0,18,19,4,8,0,0,1,0,0,0,0,1,1,5,6,1,88,11,998,1,2,FORD ECOSPORT,7,E01002323,0,-1
2020360945078,2020,360945078,1,9,0,18,19,3,8,0,0,0,5,10,0,0,1,1,5,6,1,66,10,998,1,3,FORD ECOSPORT,6,E01026748,0,-1
2020052001610,2020,052001610,3,9,0,18,19,6,2,0,0,8,0,0,0,0,1,1,6,6,1,66,10,1499,2,3,FORD ECOSPORT,9,E01018390,0,-1
2020211030118,2020,211030118,1,9,0,3,3,1,5,0,0,1,0,0,0,0,2,1,6,6,2,71,10,1498,1,5,FORD ECOSPORT,3,E01029387,0,-1
2020420930423,2020,420930423,1,9,0,18,19,7,3,0,0,0,5,4,0,0,1,1,6,6,1,75,10,998,1,2,FORD ECOSPORT,6,E01015821,0,-1
2020137AF1578,2020,137AF1578,2,9,0,18,19,6,8,0,0,1,0,0,0,0,2,1,2,2,2,30,6,998,1,0,FORD ECOSPORT,1,E01011431,0,-1
2020010238866,2020,010238866,2,9,0,2,2,0,0,0,0,2,0,0,0,0,3,1,6,6,3,-1,-1,1498,1,4,FORD ECOSPORT,-1,-1,0,-1
2020460944944,2020,460944944,3,9,0,3,3,1,5,0,0,0,0,0,0,0,2,1,6,6,1,69,10,998,1,3,FORD ECOSPORT,4,E01016168,0,-1
2020460996664,2020,460996664,2,9,0,2,2,0,0,0,0,0,0,0,0,0,3,1,6,6,1,-1,-1,998,1,2,FORD ECOSPORT,6,E01023977,0,-1
2020622000163,2020,622000163,1,9,0,18,19,1,5,0,0,0,0,0,0,0,1,1,6,6,2,35,6,998,1,1,FORD ECOSPORT,7,W01000984,0,-1
2020137CH1221,2020,137CH1221,3,9,0,2,2,3,7,0,0,0,0,0,0,0,2,1,6,6,2,46,8,998,1,2,FORD ECOSPORT,5,E01011031,0,-1
2020010277755,2020,010277755,3,9,0,99,99,9,9,99,99,9,9,99,9,99,3,9,6,6,3,-1,-1,998,1,0,FORD ECOSPORT,2,E01003237,0,-1
2020010232368,2020,010232368,2,9,0,99,99,9,9,99,99,0,9,99,9,99,1,9,6,6,1,40,7,1498,1,3,FORD ECOSPORT,-1,-1,0,-1
2020010256649,2020,010256649,1,9,0,18,19,5,1,0,0,2,0,4,0,0,1,1,2,2,2,43,7,998,1,4,FORD ECOSPORT,8,E01030698,0,-1
2020360983106,2020,360983106,2,9,0,18,19,1,5,0,0,0,0,0,0,0,1,1,6,6,2,24,5,998,1,1,FORD ECOSPORT,9,E01030067,0,-1
2020010230281,2020,010230281,2,9,0,10,10,5,2,0,0,6,0,0,0,0,3,1,6,6,2,26,6,998,1,5,FORD ECOSPORT,-1,-1,0,-1
2020160980268,2020,160980268,1,9,0,18,19,6,2,0,0,1,0,0,0,0,3,1,5,6,2,80,11,998,1,2,FORD ECOSPORT,4,E01012828,0,-1
2020040980342,2020,040980342,1,9,0,18,19,3,7,0,0,1,0,0,0,0,3,1,5,6,1,34,6,998,1,0,FORD ECOSPORT,3,E01025237,0,-1
2020420923400,2020,420923400,2,9,0,3,3,3,7,0,0,3,0,0,0,0,2,1,5,6,2,70,10,1498,1,4,FORD ECOSPORT,6,E01021796,0,-1
2020450926989,2020,450926989,1,9,0,17,19,5,1,0,0,0,5,0,2,11,1,1,2,2,2,30,6,998,1,1,FORD ECOSPORT,10,E01030517,0,-1
2020010262977,2020,010262977,1,9,0,1,1,7,3,8,6,0,0,0,0,0,2,1,6,6,2,34,6,1498,1,3,FORD ECOSPORT,9,E01002288,0,-1
2020622000575,2020,622000575,2,9,0,18,19,8,4,0,0,0,0,0,0,0,4,1,6,6,1,59,9,998,1,4,FORD ECOSPORT,3,W01000987,0,-1
2020440100725,2020,440100725,2,9,0,18,19,7,3,0,0,8,0,0,0,0,1,1,6,6,2,55,8,998,1,2,FORD ECOSPORT,3,E01031783,0,-1
2020520003116,2020,520003116,2,9,0,7,7,2,4,0,0,0,0,0,0,0,2,1,6,6,1,70,10,998,1,3,FORD ECOSPORT,7,E01029211,0,-1
2020410984061,2020,410984061,1,9,0,13,13,6,2,0,0,1,0,0,0,0,1,1,6,6,2,45,7,998,1,2,FORD ECOSPORT,10,E01023520,0,-1
2020990976827,2020,990976827,2,9,0,18,19,1,7,0,0,2,0,0,0,0,3,1,5,6,2,47,8,998,1,4,FORD ECOSPORT,5,-1,0,-1
2020122100011,2020,122100011,2,9,0,18,19,3,7,0,0,0,0,0,0,0,1,1,6,6,1,82,11,998,1,2,FORD ECOSPORT,6,E01027883,0,-1
2020010276769,2020,010276769,1,9,0,9,9,5,2,0,0,8,0,0,0,0,1,1,6,6,1,36,7,998,1,1,FORD ECOSPORT,6,E01003219,0,-1
2020460992084,2020,460992084,4,9,0,3,3,1,5,0,0,0,0,0,0,0,2,1,6,6,1,50,8,998,1,1,FORD ECOSPORT,9,E01016106,0,-1
202031A032220,2020,31A032220,1,9,0,18,19,5,1,0,0,0,0,0,0,0,1,1,6,6,1,70,10,1499,2,3,FORD ECOSPORT,6,E01027979,0,-1
2020990921337,2020,990921337,2,9,0,18,19,6,2,0,0,1,0,0,0,0,4,1,5,6,1,52,8,1499,2,1,FORD ECOSPORT,2,-1,0,-1
2020010276527,2020,010276527,1,9,0,9,9,2,8,0,0,6,0,0,0,0,1,1,6,6,2,34,6,1498,1,3,FORD ECOSPORT,1,E01003246,0,-1
2020201000221,2020,201000221,2,9,0,3,3,6,2,0,0,1,0,0,0,0,0,1,6,6,2,63,9,998,1,2,FORD ECOSPORT,3,E01008970,0,-1
2020100937652,2020,100937652,2,9,-1,5,5,7,3,0,0,4,0,0,0,0,-1,1,6,6,2,57,9,1499,2,3,FORD ECOSPORT,-1,-1,0,-1
2020170L20460,2020,170L20460,2,9,0,18,19,1,5,0,0,0,0,0,0,0,1,1,6,6,2,56,9,998,1,3,FORD ECOSPORT,9,E01012066,0,-1
2020302000116,2020,302000116,1,9,0,7,7,4,7,0,0,0,1,0,0,0,3,1,6,6,1,31,6,998,1,2,FORD ECOSPORT,1,E01013487,0,-1
20201373J0243,2020,1373J0243,1,9,0,5,5,1,3,0,0,1,0,0,0,0,3,1,1,1,2,39,7,998,1,2,FORD ECOSPORT,7,E01011393,0,-1
2020100985136,2020,100985136,1,9,0,18,19,5,1,0,0,0,0,0,0,0,4,1,6,6,2,51,8,998,1,1,FORD ECOSPORT,-1,-1,0,-1
2020552000904,2020,552000904,3,9,0,3,3,7,3,0,0,0,0,0,0,0,2,1,6,6,1,58,9,998,1,4,FORD ECOSPORT,2,E01022942,0,-1
2020547499720,2020,547499720,2,9,0,18,19,7,3,0,0,0,0,0,0,0,1,1,6,6,1,38,7,998,1,2,FORD ECOSPORT,10,E01023112,0,-1
2020460958163,2020,460958163,2,9,0,3,3,1,4,0,0,1,0,0,0,0,2,1,5,6,2,30,6,1499,2,3,FORD ECOSPORT,8,E01024055,0,-1
2020990946678,2020,990946678,1,9,0,9,9,7,5,0,0,1,0,0,0,0,4,1,5,6,1,69,10,998,1,1,FORD ECOSPORT,4,-1,0,-1
2020230974940,2020,230974940,1,9,0,18,19,2,6,0,0,1,0,0,0,0,1,1,5,6,2,55,8,998,1,1,FORD ECOSPORT,9,E01031082,0,-1
2020200980717,2020,200980717,1,9,0,5,5,4,7,0,0,6,0,0,0,0,1,1,6,6,2,41,7,1498,1,5,FORD ECOSPORT,4,E01009497,0,-1
2020220929513,2020,220929513,2,9,0,17,19,5,2,0,0,0,0,0,1,10,1,1,5,6,2,58,9,998,1,1,FORD ECOSPORT,5,E01028893,0,-1
2020052001165,2020,052001165,1,9,0,9,9,5,2,0,0,8,0,0,0,0,4,1,6,6,2,34,6,998,1,1,FORD ECOSPORT,2,E01007125,0,-1
2020430333528,2020,430333528,2,9,0,9,9,6,4,0,0,6,0,0,0,0,3,1,6,6,1,-1,-1,998,1,4,FORD ECOSPORT,-1,-1,0,-1
202063D042420,2020,63D042420,2,9,0,4,4,8,4,0,0,0,0,0,0,0,2,1,6,6,2,35,6,1499,2,5,FORD ECOSPORT,3,W01001378,0,-1
202006J372523,2020,06J372523,2,9,0,18,19,1,5,0,0,8,0,0,0,0,1,1,6,6,1,68,10,998,1,1,FORD ECOSPORT,7,E01005983,0,-1
2020470967362,2020,470967362,2,9,0,5,5,5,3,0,0,8,0,0,0,0,1,1,5,6,1,35,6,1498,1,4,FORD ECOSPORT,9,E01031561,0,-1
2020030951798,2020,030951798,3,9,0,17,19,1,5,0,0,0,0,0,0,0,1,1,6,6,2,55,8,998,1,3,FORD ECOSPORT,4,E01019186,0,-1
2020470929845,2020,470929845,1,9,0,9,9,1,6,0,0,8,0,0,0,0,4,1,6,6,1,41,7,998,1,2,FORD ECOSPORT,4,E01020971,0,-1
2020070079893,2020,070079893,1,9,0,9,9,5,3,0,0,1,0,0,0,0,1,1,6,6,2,51,8,1498,1,5,FORD ECOSPORT,10,E01029576,0,-1
2020040931140,2020,040931140,4,9,0,2,2,5,1,0,0,0,0,0,0,0,2,1,5,6,2,27,6,1498,1,4,FORD ECOSPORT,6,E01025458,0,-1
2020622000765,2020,622000765,2,9,0,2,2,0,0,0,0,2,0,0,0,0,4,1,6,6,3,-1,-1,998,1,1,FORD ECOSPORT,-1,-1,0,-1
2020010277258,2020,010277258,2,9,0,18,19,5,1,0,0,0,0,0,0,0,1,1,2,2,2,58,9,1498,1,3,FORD ECOSPORT,5,E01000615,0,-1
202006K269328,2020,06K269328,1,9,0,9,9,4,2,0,0,6,0,0,0,0,1,1,6,6,1,72,10,998,1,3,FORD ECOSPORT,1,E01004839,0,-1
2020420952702,2020,420952702,2,9,0,9,9,5,3,0,0,1,0,0,7,9,3,1,5,6,1,64,9,998,1,2,FORD ECOSPORT,4,E01015936,0,-1
2020400968345,2020,400968345,1,9,0,5,5,5,1,0,0,4,0,0,0,0,3,1,5,6,2,49,8,998,1,1,FORD ECOSPORT,3,E01000090,0,-1
2020460973443,2020,460973443,1,9,0,18,19,8,4,0,0,0,0,0,0,0,1,1,6,6,2,76,11,998,1,5,FORD ECOSPORT,7,E01024740,0,-1