collision_index,collision_year,collision_ref_no,vehicle_reference,vehicle_type,towing_and_articulation,vehicle_manoeuvre_historic,vehicle_manoeuvre,vehicle_direction_from,vehicle_direction_to,vehicle_location_restricted_lane_historic,vehicle_location_restricted_lane,junction_location,skidding_and_overturning,hit_object_in_carriageway,vehicle_leaving_carriageway,hit_object_off_carriageway,first_point_of_impact,vehicle_left_hand_drive,journey_purpose_of_driver_historic,journey_purpose_of_driver,sex_of_driver,age_of_driver,age_band_of_driver,engine_capacity_cc,propulsion_code,age_of_vehicle,generic_make_model,driver_imd_decile,lsoa_of_driver,escooter_flag,driver_distance_banding
2020522000486,2020,522000486,1,9,0,4,4,3,7,0,0,0,0,0,0,0,2,1,6,6,1,51,8,998,1,2,FORD ECOSPORT,8,E01029245,0,-1
2020450986448,2020,450986448,2,9,0,17,19,5,1,0,0,0,0,0,0,0,1,1,5,6,2,41,7,998,1,2,FORD ECOSPORT,7,E01030872,0,-1
2020450982371,2020,450982371,1,9,0,9,9,3,7,0,0,8,0,0,0,0,1,1,2,2,1,79,11,1498,1,4,FORD ECOSPORT,9,E01030425,0,-1
2020432001309,2020,432001309,2,9,0,3,3,6,2,0,0,0,0,10,1,10,2,1,2,2,1,43,7,998,1,4,FORD ECOSPORT,10,E01016798,0,-1
2020420961557,2020,420961557,3,9,0,4,4,5,1,0,0,2,0,0,0,0,2,1,6,6,1,68,10,998,1,1,FORD ECOSPORT,9,E01021483,0,-1
2020460991016,2020,460991016,2,9,0,3,3,5,1,0,0,0,0,0,0,0,2,1,1,1,2,55,8,1499,2,4,FORD ECOSPORT,7,E01024388,0,-1
2020460969724,2020,460969724,2,9,0,2,2,0,0,0,0,0,0,0,0,0,1,1,5,6,2,37,7,998,1,6,FORD ECOSPORT,4,E01024561,0,-1
20201379T0309,2020,1379T0309,2,9,0,3,3,3,7,0,0,0,0,0,0,0,2,1,6,6,1,59,9,998,1,1,FORD ECOSPORT,10,E01011458,0,-1
2020010238619,2020,010238619,2,9,0,99,99,9,9,99,99,9,9,99,9,99,1,9,6,6,2,28,6,1498,1,4,FORD ECOSPORT,6,E01033463,0,-1
2020460927078,2020,460927078,2,9,0,4,4,5,1,0,0,4,0,0,0,0,2,1,5,6,2,32,6,1498,1,3,FORD ECOSPORT,6,E01024152,0,-1
202006P169976,2020,06P169976,1,9,0,18,19,3,7,0,0,1,0,0,0,0,1,1,6,6,1,87,11,1498,1,5,FORD ECOSPORT,7,E01005517,0,-1
2020400977459,2020,400977459,1,9,0,4,4,2,6,0,0,1,0,0,0,0,4,1,6,6,2,46,8,998,1,2,FORD ECOSPORT,9,E01018181,0,-1
2020460990347,2020,460990347,1,9,0,17,19,7,3,0,0,8,0,0,0,0,3,1,5,6,2,35,6,998,1,2,FORD ECOSPORT,7,E01024188,0,-1
2020990939320,2020,990939320,2,9,0,18,19,5,5,0,0,0,0,0,0,0,1,1,2,2,1,50,8,998,1,2,FORD ECOSPORT,10,-1,0,-1
2020140970436,2020,140970436,1,9,0,18,19,3,7,0,0,0,0,0,1,0,3,1,6,6,1,35,6,998,1,0,FORD ECOSPORT,-1,-1,0,-1
2020552000720,2020,552000720,3,9,0,3,3,4,8,0,0,0,0,0,0,0,2,1,6,6,2,71,10,998,1,2,FORD ECOSPORT,9,E01016324,0,-1
2020220973731,2020,220973731,1,9,0,18,19,4,8,0,0,4,0,0,0,0,1,1,5,6,2,65,9,998,1,2,FORD ECOSPORT,8,W01000457,0,-1
2020200927785,2020,200927785,1,9,0,18,19,4,8,0,0,6,0,0,0,0,1,1,6,6,2,64,9,998,1,1,FORD ECOSPORT,3,E01010178,0,-1
202006L273626,2020,06L273626,1,9,0,9,9,7,5,0,0,6,0,0,0,0,1,1,6,6,1,27,6,1499,2,6,FORD ECOSPORT,7,E01033750,0,-1
2020140939291,2020,140939291,1,9,0,18,19,8,2,0,0,2,0,0,0,0,1,1,5,6,2,33,6,1498,1,5,FORD ECOSPORT,2,E01007578,0,-1
2020420920476,2020,420920476,2,9,0,3,3,2,7,0,0,1,0,0,0,0,2,1,5,6,2,38,7,1499,2,6,FORD ECOSPORT,4,E01021266,0,-1
2020371004752,2020,371004752,2,9,0,18,19,5,1,0,0,1,0,0,0,0,1,1,5,6,1,27,6,998,1,5,FORD ECOSPORT,6,E01029876,0,-1
2020010280258,2020,010280258,3,9,0,5,5,6,2,0,0,1,0,0,0,0,0,1,1,1,1,40,7,998,1,1,FORD ECOSPORT,4,E01000472,0,-1
2020470961781,2020,470961781,1,9,0,10,10,3,1,0,0,1,0,0,0,0,1,1,6,6,1,77,11,998,1,2,FORD ECOSPORT,7,E01021236,0,-1
2020420985148,2020,420985148,1,9,0,17,19,2,6,0,0,0,0,0,0,0,1,1,6,6,1,60,9,1498,1,5,FORD ECOSPORT,4,E01021706,0,-1
202031C119020,2020,31C119020,1,9,0,18,19,6,2,0,0,8,0,0,7,0,1,1,6,6,1,22,5,998,1,1,FORD ECOSPORT,6,E01028152,0,-1
2020030979386,2020,030979386,2,9,0,18,19,2,6,0,0,1,0,0,0,0,2,1,6,6,2,55,8,1499,2,4,FORD ECOSPORT,6,E01019320,0,-1
2020320117927,2020,320117927,1,9,0,14,14,7,7,0,0,0,0,0,0,0,1,1,6,6,1,44,7,998,1,1,FORD ECOSPORT,1,E01026074,0,-1
2020041003292,2020,041003292,2,9,0,4,4,3,7,0,0,0,0,0,0,0,2,1,5,6,1,72,10,998,1,1,FORD ECOSPORT,9,E01025364,0,-1
2020411012459,2020,411012459,2,9,0,9,9,5,2,0,0,0,0,0,0,0,3,1,5,6,2,31,6,998,1,5,FORD ECOSPORT,9,E01023385,0,-1
2020552000091,2020,552000091,2,9,0,18,19,8,4,0,0,0,1,0,0,0,1,1,6,6,2,39,7,998,1,4,FORD ECOSPORT,6,E01029221,0,-1
2020440340962,2020,440340962,2,9,0,18,19,2,6,0,0,0,0,0,0,0,2,1,6,6,1,78,11,998,1,2,FORD ECOSPORT,1,E01022968,0,-1
2020420922906,2020,420922906,2,9,0,4,4,3,8,0,0,0,0,0,0,0,2,1,2,2,2,40,7,998,1,1,FORD ECOSPORT,9,E01021943,0,-1
2020210935722,2020,210935722,4,9,0,18,19,1,5,0,0,0,0,0,0,0,2,1,6,6,1,59,9,998,1,1,FORD ECOSPORT,-1,-1,0,-1
2020122000770,2020,122000770,1,9,0,7,7,5,7,0,0,8,0,0,0,0,4,1,2,2,1,27,6,998,1,1,FORD ECOSPORT,10,E01013436,0,-1
2020052000833,2020,052000833,2,9,0,18,19,1,5,0,0,8,0,0,0,0,1,1,2,2,1,63,9,998,1,3,FORD ECOSPORT,1,E01006481,0,-1
2020450920803,2020,450920803,2,9,0,10,10,1,3,0,0,0,0,0,0,0,2,1,5,6,1,53,8,998,1,5,FORD ECOSPORT,10,E01030637,0,-1
2020052001338,2020,052001338,2,9,0,18,19,7,3,0,0,1,0,0,0,0,1,1,2,2,1,48,8,1499,2,5,FORD ECOSPORT,6,E01007043,0,-1
2020420963738,2020,420963738,2,9,0,3,3,3,7,0,0,1,0,0,0,0,3,1,5,6,1,60,9,1499,2,6,FORD ECOSPORT,2,E01021354,0,-1
2020522001929,2020,522001929,1,9,0,18,19,6,2,0,0,8,0,0,0,0,1,1,6,6,2,39,7,998,1,1,FORD ECOSPORT,1,E01014581,0,-1
202006J373089,2020,06J373089,1,9,0,18,19,5,1,0,0,0,0,0,0,0,1,1,6,6,2,65,9,998,1,3,FORD ECOSPORT,10,E01005811,0,-1
2020990953865,2020,990953865,2,9,0,9,9,3,1,0,0,8,0,0,0,0,4,1,5,6,2,41,7,998,1,1,FORD ECOSPORT,1,-1,0,-1
2020500933561,2020,500933561,1,9,0,1,1,1,5,0,0,0,0,0,0,0,2,1,6,6,1,35,6,998,1,3,FORD ECOSPORT,5,E01020301,0,-1
2020010261440,2020,010261440,1,9,0,18,19,3,7,0,0,0,1,10,0,0,3,1,6,6,1,23,5,1499,2,2,FORD ECOSPORT,1,E01004469,0,-1
2020990996055,2020,990996055,1,9,0,2,2,5,2,0,0,0,0,0,0,0,2,1,1,1,2,62,9,998,1,0,FORD ECOSPORT,-1,-1,0,-1
2020220997029,2020,220997029,2,9,0,18,19,7,3,0,0,8,0,0,0,0,1,1,5,6,2,36,7,998,1,1,FORD ECOSPORT,9,E01032248,0,-1
2020501005332,2020,501005332,1,9,0,18,19,3,7,0,0,0,0,0,0,0,1,1,2,2,1,25,5,998,1,2,FORD ECOSPORT,5,E01033289,0,-1
2020137B20358,2020,137B20358,2,9,0,18,19,8,4,0,0,0,0,0,0,0,2,1,6,6,2,42,7,998,1,1,FORD ECOSPORT,8,E01011630,0,-1
2020470986443,2020,470986443,2,9,0,18,19,3,7,0,0,0,0,0,0,0,1,2,6,6,2,26,6,998,1,0,FORD ECOSPORT,9,E01021190,0,-1
2020040917087,2020,040917087,1,9,0,18,19,1,5,0,0,1,0,0,1,1,1,1,5,6,1,80,11,998,1,2,FORD ECOSPORT,8,E01025018,0,-1
2020622000942,2020,622000942,1,9,0,18,19,2,6,0,0,1,0,0,0,0,4,1,6,6,2,25,5,1499,2,3,FORD ECOSPORT,8,W01000877,0,-1
2020010281182,2020,010281182,1,5,0,99,99,9,9,99,99,9,9,99,9,99,9,1,6,6,1,51,8,-1,-1,-1,-1,9,E01024797,0,-1
2020170M20300,2020,170M20300,7,9,0,1,1,0,0,0,0,2,0,0,0,0,2,1,6,6,1,-1,-1,4701,1,17,JEEP CHEROKEE,-1,-1,0,-1
2020320516332,2020,320516332,1,9,0,18,19,7,3,0,0,8,0,0,0,0,3,1,1,1,1,44,7,2499,2,16,JEEP CHEROKEE,9,E01026231,0,-1
2020360980908,2020,360980908,1,9,0,18,19,6,2,0,0,0,5,10,1,11,3,1,5,6,2,51,8,2499,2,18,JEEP CHEROKEE,5,E01026766,0,-1
2020350986684,2020,350986684,1,9,0,7,7,6,2,0,0,1,0,0,0,0,1,1,5,6,1,66,10,3700,1,17,JEEP CHEROKEE,10,E01017964,0,-1
2020460994780,2020,460994780,1,9,0,18,19,7,3,0,0,1,0,0,0,0,1,1,5,6,1,65,9,2776,2,13,JEEP CHEROKEE,5,E01024010,0,-1
2020470955674,2020,470955674,2,9,0,18,19,3,7,0,0,0,0,0,0,0,1,1,5,6,1,51,8,2685,2,17,JEEP CHEROKEE,2,E01031450,0,-1
2020030991776,2020,030991776,1,9,0,9,9,8,6,0,0,5,0,0,0,0,3,1,2,2,2,53,8,2776,2,16,JEEP CHEROKEE,3,E01019114,0,-1
2020031007981,2020,031007981,1,9,0,5,5,6,3,0,0,5,0,0,0,0,1,1,2,2,1,71,10,1956,2,5,JEEP CHEROKEE,4,E01019094,0,-1
2020010251442,2020,010251442,2,9,0,11,11,8,4,0,0,3,2,0,0,0,4,1,6,6,1,30,6,1956,2,5,JEEP CHEROKEE,5,E01002167,0,-1
2020010273224,2020,010273224,2,9,0,18,19,5,1,0,0,1,9,99,0,0,1,1,6,6,1,-1,-1,1956,2,6,JEEP CHEROKEE,3,E01003727,0,-1
2020070375348,2020,070375348,1,9,0,9,9,7,5,0,0,8,0,0,0,0,1,1,6,6,1,47,8,3956,1,19,JEEP CHEROKEE,3,E01012459,0,-1
2020440092603,2020,440092603,1,9,0,9,9,2,8,0,0,6,0,0,0,0,3,1,6,6,2,36,7,3956,1,21,JEEP CHEROKEE,2,E01022965,0,-1
2020622000486,2020,622000486,1,9,0,18,19,8,4,0,0,0,0,0,0,0,1,1,1,1,1,71,10,2987,2,9,JEEP CHEROKEE,3,W01001052,0,-1
2020010243573,2020,010243573,2,9,0,99,99,9,9,99,99,0,9,99,9,99,1,9,6,6,3,55,8,3956,1,19,JEEP CHEROKEE,3,E01001048,0,-1
2020220986131,2020,220986131,1,9,0,13,13,4,8,0,0,0,0,0,0,0,4,1,6,6,3,34,6,5654,7,13,JEEP CHEROKEE,-1,-1,0,-1
202006G175961,2020,06G175961,1,9,0,9,9,3,1,0,0,8,0,0,0,0,1,1,6,6,1,27,6,2987,2,13,JEEP CHEROKEE,2,E01005960,0,-1
2020230957253,2020,230957253,1,9,0,9,9,2,8,0,0,5,0,0,0,0,1,1,5,6,1,65,9,2987,2,14,JEEP CHEROKEE,8,E01031272,0,-1
2020450975167,2020,450975167,2,9,0,5,5,3,4,0,0,0,0,0,0,0,1,1,6,6,1,35,6,2987,2,13,JEEP CHEROKEE,4,E01024162,0,-1
2020470937659,2020,470937659,1,9,0,7,7,7,1,0,0,4,0,0,0,0,1,1,6,6,2,49,8,1956,2,6,JEEP CHEROKEE,3,E01021044,0,-1
2020302000081,2020,302000081,1,9,0,18,19,2,6,0,0,2,0,0,0,0,4,1,6,6,1,34,6,2987,2,14,JEEP CHEROKEE,10,E01019880,0,-1
2020450947602,2020,450947602,2,9,0,4,4,3,7,0,0,0,1,0,0,0,2,1,1,1,1,52,8,3960,1,21,JEEP CHEROKEE,5,E01030481,0,-1
202054A351820,2020,54A351820,1,9,0,5,5,8,4,0,0,1,0,0,0,0,3,1,6,6,1,59,9,1956,2,5,JEEP CHEROKEE,9,E01015504,0,-1
2020440365246,2020,440365246,2,9,0,18,19,6,2,0,0,0,0,0,0,0,3,1,6,6,2,-1,-1,2184,2,4,JEEP CHEROKEE,7,E01031508,0,-1
2020160994589,2020,160994589,3,9,0,18,19,4,8,0,0,1,0,0,0,0,1,1,6,6,1,27,6,2499,2,21,JEEP CHEROKEE,3,E01012832,0,-1
2020401009364,2020,401009364,1,9,0,18,19,-1,-1,0,0,1,0,0,0,0,4,1,6,6,1,85,11,2184,2,4,JEEP CHEROKEE,6,E01015718,0,-1
2020990931084,2020,990931084,2,9,0,18,19,4,8,0,0,0,0,0,0,0,2,1,6,6,1,54,8,2987,2,14,JEEP CHEROKEE,5,E01003195,0,-1
2020221011142,2020,221011142,2,9,0,4,4,8,4,0,0,0,0,0,0,0,4,1,5,6,1,45,7,2184,2,2,JEEP CHEROKEE,9,E01014183,0,-1
2020440362550,2020,440362550,1,9,0,18,19,3,7,0,0,0,0,0,0,0,1,1,6,6,1,44,7,3960,1,19,JEEP CHEROKEE,-1,-1,0,-1
2020332000141,2020,332000141,1,9,0,18,19,1,8,0,0,2,0,0,0,0,1,1,6,6,2,80,11,2685,2,15,JEEP CHEROKEE,8,E01025730,0,-1
2020450932682,2020,450932682,2,9,0,18,19,4,1,0,0,1,0,0,7,0,1,1,5,6,1,50,8,2685,2,17,JEEP CHEROKEE,9,E01031504,0,-1
2020440449884,2020,440449884,1,9,0,18,19,3,7,0,0,1,0,0,0,0,1,1,6,6,1,69,10,2776,2,13,JEEP CHEROKEE,10,E01023035,0,-1
2020530979941,2020,530979941,1,9,0,18,19,6,2,0,0,0,0,0,0,0,1,1,6,6,2,68,10,3700,1,17,JEEP CHEROKEE,7,E01022397,0,-1
2020201002584,2020,201002584,2,9,0,3,3,-1,-1,0,0,1,0,0,0,0,1,1,6,6,1,-1,-1,2685,2,16,JEEP CHEROKEE,-1,-1,0,-1
2020350927358,2020,350927358,1,9,0,18,19,4,8,0,0,0,0,0,0,0,4,1,6,6,2,70,10,2985,2,13,JEEP CHEROKEE,1,E01033112,0,-1
2020200947697,2020,200947697,2,9,0,2,2,0,0,0,0,0,0,0,0,0,2,1,6,6,1,45,7,2985,2,14,JEEP CHEROKEE,1,E01009965,0,-1
2020460926691,2020,460926691,2,9,0,2,2,0,0,0,0,0,0,0,0,0,2,1,6,6,1,-1,-1,2987,2,7,JEEP CHEROKEE,6,E01031661,0,-1
2020991000724,2020,991000724,1,9,4,18,19,8,4,0,0,0,4,0,7,0,3,1,5,6,1,72,10,2499,2,18,JEEP CHEROKEE,6,-1,0,-1
2020040953658,2020,040953658,2,9,0,18,19,8,4,0,0,0,0,0,1,0,1,1,5,6,1,81,11,2685,2,17,JEEP CHEROKEE,1,E01012647,0,-1
2020010257099,2020,010257099,2,9,0,99,99,9,9,99,99,0,9,99,9,99,1,9,6,6,3,-1,-1,3960,1,22,JEEP CHEROKEE,10,E01000353,0,-1
2020500964317,2020,500964317,1,9,0,5,5,1,5,0,0,8,0,0,0,0,1,1,5,6,1,50,8,3956,1,19,JEEP CHEROKEE,4,E01015169,0,-1
2020421003962,2020,421003962,1,9,0,5,5,1,5,0,0,0,0,4,0,0,1,1,6,6,1,27,6,3700,1,17,JEEP CHEROKEE,-1,-1,0,-1
2020430032454,2020,430032454,2,9,0,1,1,9,9,0,0,0,0,0,0,0,2,1,6,6,1,46,8,2987,2,14,JEEP CHEROKEE,8,E01017679,0,-1
2020052001180,2020,052001180,1,9,0,5,5,1,5,0,0,0,0,0,0,0,1,1,6,6,2,30,6,1956,2,5,JEEP CHEROKEE,2,E01006616,0,-1
2020140946588,2020,140946588,1,9,0,17,19,2,7,0,0,0,1,0,1,1,1,1,6,6,1,67,10,3960,1,23,JEEP CHEROKEE,8,E01011115,0,-1
2020430214031,2020,430214031,2,9,0,18,19,1,5,0,0,0,0,0,0,0,1,1,6,6,1,53,8,6063,7,13,JEEP CHEROKEE,10,E01028655,0,-1
2020140974640,2020,140974640,1,9,0,18,19,1,5,0,0,0,2,0,0,0,1,1,5,6,1,37,7,4701,7,19,JEEP CHEROKEE,3,E01007514,0,-1
2020451000546,2020,451000546,1,9,0,18,19,2,6,0,0,0,1,0,0,0,1,1,5,6,1,18,4,3956,1,19,JEEP CHEROKEE,3,E01001242,0,-1
2020420979026,2020,420979026,1,9,0,4,4,2,7,0,0,0,0,0,0,0,1,1,6,6,1,-1,-1,3960,1,20,JEEP CHEROKEE,-1,-1,0,-1
2020350944144,2020,350944144,1,9,0,18,19,7,3,0,0,0,0,0,0,0,1,1,5,6,1,-1,-1,2499,2,22,JEEP CHEROKEE,8,E01018228,0,-1
2020010271374,2020,010271374,2,9,0,99,99,9,9,99,99,9,9,99,9,99,1,9,6,6,3,-1,-1,1956,2,5,JEEP CHEROKEE,-1,-1,0,-1
202063D026620,2020,63D026620,1,9,0,13,13,6,2,0,0,1,0,0,0,0,1,1,6,6,1,46,8,2777,2,10,JEEP CHEROKEE,8,W01000457,0,-1
2020460938756,2020,460938756,2,9,0,3,3,1,5,0,0,0,0,0,0,0,2,1,5,6,1,51,8,2499,2,16,JEEP CHEROKEE,7,E01024411,0,-1
2020220977189,2020,220977189,1,9,0,16,19,7,2,0,0,0,2,0,5,6,2,1,6,6,1,36,7,2985,2,14,JEEP CHEROKEE,2,E01011856,0,-1
2020470996043,2020,470996043,1,9,0,18,19,4,8,0,0,1,0,0,1,11,1,1,6,6,2,25,5,3700,1,15,JEEP CHEROKEE,6,E01021058,0,-1
2020302001621,2020,302001621,1,9,0,18,19,1,5,0,0,0,1,0,0,0,1,1,6,6,1,41,7,2685,2,18,JEEP CHEROKEE,1,E01011294,0,-1
2020220929538,2020,220929538,1,9,0,5,5,6,2,0,0,8,0,0,0,0,3,1,6,6,2,57,9,2987,2,10,JEEP CHEROKEE,4,E01032473,0,-1
2020470957009,2020,470957009,1,9,0,5,5,1,7,0,0,8,0,0,0,0,3,1,5,6,1,64,9,2985,2,15,JEEP CHEROKEE,9,E01031829,0,-1
2020401011111,2020,401011111,1,9,0,18,19,1,2,9,9,0,0,0,7,0,1,1,5,6,1,61,9,2685,2,18,JEEP CHEROKEE,9,E01017620,0,-1
2020370985663,2020,370985663,1,9,0,18,19,8,3,0,0,0,1,0,7,0,1,1,5,6,2,37,7,2776,2,16,JEEP CHEROKEE,6,E01030059,0,-1
2020360968508,2020,360968508,1,9,0,18,19,5,1,0,0,1,1,0,0,0,1,1,5,6,1,39,7,2499,2,22,JEEP CHEROKEE,3,E01026786,0,-1
2020421001313,2020,421001313,1,9,0,9,9,5,3,0,0,5,0,0,0,0,4,1,2,2,1,44,7,2776,2,17,JEEP CHEROKEE,3,E01021289,0,-1
2020161007748,2020,161007748,1,9,0,7,7,5,7,0,0,6,0,0,0,0,3,1,6,6,1,28,6,2987,2,12,JEEP CHEROKEE,10,E01012926,0,-1
2020440323672,2020,440323672,1,9,0,9,9,5,3,0,0,8,0,0,0,0,1,1,6,6,3,-1,-1,2985,2,15,JEEP CHEROKEE,-1,-1,0,-1
2020420925876,2020,420925876,2,9,0,5,5,3,7,0,0,0,0,0,0,0,1,1,5,6,2,54,8,2184,2,5,JEEP CHEROKEE,4,E01021688,0,-1
2020430269056,2020,430269056,1,9,0,16,19,8,2,0,0,0,0,0,0,0,1,1,6,6,1,31,6,2499,2,19,JEEP CHEROKEE,10,E01017768,0,-1
2020010234457,2020,010234457,2,9,0,99,99,9,9,99,99,9,9,99,9,99,1,9,6,6,3,-1,-1,2184,2,4,JEEP CHEROKEE,-1,-1,0,-1
2020160971856,2020,160971856,1,9,0,18,19,3,7,0,0,8,0,0,0,0,3,1,6,6,1,19,4,2685,2,18,JEEP CHEROKEE,4,E01026148,0,-1
2020340K07072,2020,340K07072,1,9,0,9,9,1,7,0,0,8,0,0,0,0,3,1,3,7,1,46,8,2987,2,13,JEEP CHEROKEE,3,E01027104,0,-1
2020440493896,2020,440493896,1,9,0,18,19,4,8,0,0,8,0,0,0,0,3,1,6,6,1,63,9,3956,1,19,JEEP CHEROKEE,6,E01032884,0,-1
2020470980899,2020,470980899,1,9,0,5,5,7,4,0,0,1,0,0,0,0,1,1,6,6,1,-1,-1,2777,2,11,JEEP CHEROKEE,4,E01027957,0,-1
2020461015429,2020,461015429,2,9,0,18,19,1,5,0,0,1,0,0,0,0,3,1,6,6,1,47,8,2685,2,17,JEEP CHEROKEE,5,E01016034,0,-1
2020010272099,2020,010272099,1,9,9,99,99,9,9,99,99,0,9,99,9,99,9,9,6,6,1,24,5,2777,2,10,JEEP CHEROKEE,9,E01002421,0,-1
2020302000400,2020,302000400,1,9,0,9,9,6,2,0,0,5,0,0,0,0,1,1,1,1,2,56,9,2685,2,16,JEEP CHEROKEE,6,E01019405,0,-1
2020041003884,2020,041003884,2,9,0,18,19,1,5,0,0,0,0,4,1,4,4,1,5,6,2,57,9,2716,2,14,JEEP CHEROKEE,6,E01012730,0,-1
2020420984248,2020,420984248,1,9,0,18,19,7,3,0,0,1,0,0,0,0,1,1,1,1,1,59,9,2685,2,16,JEEP CHEROKEE,9,E01021798,0,-1
2020371001038,2020,371001038,1,5,0,13,13,8,4,0,0,1,2,0,7,10,1,1,5,6,1,26,6,748,1,9,MAKE AND MODEL REDACTED,9,E01029897,0,-1
2020052000411,2020,052000411,2,3,0,18,19,5,1,0,0,8,0,0,0,0,1,1,6,6,1,22,5,124,1,1,LEXMOTO ASSAULT 125,1,E01006746,0,-1
2020470939337,2020,470939337,1,3,0,13,13,6,2,0,0,1,0,0,0,0,4,1,6,6,1,50,8,124,1,4,LEXMOTO ASSAULT 125,4,E01031386,0,-1
2020220979201,2020,220979201,2,3,0,16,19,3,6,0,0,0,0,0,0,0,1,1,5,6,1,20,4,124,1,0,LEXMOTO ASSAULT 125,7,E01022239,0,-1
2020210957494,2020,210957494,2,3,0,18,19,2,6,0,0,0,0,0,0,0,3,1,5,6,1,31,6,124,1,1,LEXMOTO ASSAULT 125,2,E01029410,0,-1
2020200987474,2020,200987474,2,3,0,13,13,-1,-1,0,0,0,0,0,0,0,3,1,6,6,1,17,4,124,1,0,LEXMOTO ASSAULT 125,2,E01010535,0,-1
2020010283937,2020,010283937,1,3,0,99,99,9,9,99,99,9,9,99,9,99,9,1,2,2,1,32,6,124,1,0,LEXMOTO ASSAULT 125,6,E01004621,0,-1
2020430172660,2020,430172660,1,3,0,9,9,4,3,0,0,5,1,0,0,0,1,1,6,6,1,17,4,124,1,3,LEXMOTO ASSAULT 125,10,E01032956,0,-1
2020211015871,2020,211015871,2,3,0,18,19,-1,-1,0,0,1,0,0,0,0,4,1,6,6,1,21,5,124,1,0,LEXMOTO ASSAULT 125,2,E01014337,0,-1
2020500956757,2020,500956757,2,3,0,18,19,4,8,0,0,8,0,0,0,0,4,1,6,6,1,35,6,124,1,4,LEXMOTO ASSAULT 125,5,E01018935,0,-1
2020552000363,2020,552000363,2,4,0,18,19,2,6,0,0,1,0,0,0,0,1,1,1,1,1,23,5,124,1,4,-1,5,E01015329,0,-1
2020221002642,2020,221002642,1,3,0,9,9,7,5,0,0,4,1,0,0,0,1,1,5,6,1,47,8,124,1,1,LEXMOTO ASSAULT 125,8,E01029001,0,-1
2020140961910,2020,140961910,1,3,0,4,4,3,7,0,0,0,0,0,0,0,0,1,6,6,1,18,4,124,1,3,LEXMOTO ASSAULT 125,8,E01007831,0,-1
2020500987156,2020,500987156,1,3,0,18,19,7,3,0,0,0,1,0,0,0,1,1,5,6,1,30,6,124,1,0,LEXMOTO ASSAULT 125,7,E01015066,0,-1
202031A128020,2020,31A128020,2,3,0,18,19,6,2,0,0,1,0,0,0,0,4,1,6,6,1,23,5,124,1,3,LEXMOTO ASSAULT 125,2,E01028284,0,-1
2020052002170,2020,052002170,1,3,0,9,9,8,6,0,0,1,0,0,0,0,0,1,6,6,2,56,9,124,1,4,LEXMOTO ASSAULT 125,-1,-1,0,-1
2020010275860,2020,010275860,1,3,0,99,99,9,9,99,99,9,9,99,9,99,9,1,6,6,1,28,6,124,1,0,LEXMOTO ASSAULT 125,2,E01000730,0,-1
2020440031214,2020,440031214,2,4,0,18,19,1,5,0,0,8,0,0,1,0,1,1,2,2,1,41,7,124,1,3,-1,2,E01017098,0,-1
2020440413406,2020,440413406,1,4,0,18,19,2,6,0,0,0,0,0,1,0,0,1,6,6,1,28,6,124,1,1,-1,10,E01022714,0,-1
2020350978667,2020,350978667,2,4,0,14,14,7,3,0,0,0,0,0,0,0,4,1,5,6,1,27,6,124,1,1,-1,6,E01018076,0,-1
2020320522193,2020,320522193,1,3,0,17,19,3,7,0,0,0,0,0,1,4,1,1,2,2,1,31,6,124,1,3,LEXMOTO ASSAULT 125,4,E01013227,0,-1
2020350968819,2020,350968819,2,3,0,18,19,5,1,0,0,0,1,0,0,0,1,1,5,6,1,52,8,124,1,0,LEXMOTO ASSAULT 125,2,E01015633,0,-1
2020320585670,2020,320585670,1,3,0,18,19,8,4,0,0,0,0,0,0,0,4,1,6,6,1,19,4,124,1,0,LEXMOTO ASSAULT 125,4,E01026019,0,-1
2020302001552,2020,302001552,1,3,0,4,4,4,8,0,0,0,1,0,0,0,1,1,2,2,1,28,6,124,1,4,LEXMOTO ASSAULT 125,4,E01019554,0,-1
202006L168289,2020,06L168289,2,3,0,18,19,5,1,0,0,1,0,0,0,0,2,1,2,2,1,26,6,124,1,1,LEXMOTO ASSAULT 125,5,E01006391,0,-1
202031A145220,2020,31A145220,2,3,0,18,19,5,1,0,0,8,0,0,0,0,4,1,6,6,1,30,6,124,1,4,LEXMOTO ASSAULT 125,2,E01019647,0,-1
2020010264570,2020,010264570,1,3,0,18,19,5,1,0,0,1,0,0,0,0,3,1,6,6,1,43,7,124,1,0,LEXMOTO ASSAULT 125,3,E01000032,0,-1
2020990968381,2020,990968381,1,3,0,18,19,2,6,0,0,0,2,0,0,0,4,1,2,2,1,51,8,124,1,3,LEXMOTO ASSAULT 125,8,-1,0,-1
2020440412530,2020,440412530,1,3,0,16,19,2,5,0,0,0,0,0,0,0,3,1,2,2,1,29,6,124,1,4,LEXMOTO ASSAULT 125,6,E01023022,0,-1
2020421009909,2020,421009909,1,3,0,18,19,2,6,0,0,0,0,0,0,0,3,1,6,6,1,30,6,124,1,0,LEXMOTO ASSAULT 125,-1,-1,0,-1