collision_index,collision_year,collision_ref_no,vehicle_reference,vehicle_type,towing_and_articulation,vehicle_manoeuvre_historic,vehicle_manoeuvre,vehicle_direction_from,vehicle_direction_to,vehicle_location_restricted_lane_historic,vehicle_location_restricted_lane,junction_location,skidding_and_overturning,hit_object_in_carriageway,vehicle_leaving_carriageway,hit_object_off_carriageway,first_point_of_impact,vehicle_left_hand_drive,journey_purpose_of_driver_historic,journey_purpose_of_driver,sex_of_driver,age_of_driver,age_band_of_driver,engine_capacity_cc,propulsion_code,age_of_vehicle,generic_make_model,driver_imd_decile,lsoa_of_driver,escooter_flag,driver_distance_banding
2020340D04472,2020,340D04472,1,3,0,13,13,1,5,0,0,3,1,0,0,0,1,1,6,6,1,27,6,124,1,0,LEXMOTO ASSAULT 125,8,E01027000,0,-1
2020010271898,2020,010271898,1,9,0,13,13,1,5,0,0,0,1,0,0,0,2,1,6,6,1,31,6,3799,1,4,-1,7,E01002896,0,-1
2020170M11080,2020,170M11080,2,3,0,9,9,7,6,0,0,2,0,0,0,0,1,1,6,6,1,25,5,124,1,5,-1,1,E01012019,0,-1
2020052000999,2020,052000999,1,3,0,18,19,8,4,0,0,1,0,0,0,0,1,1,2,2,1,37,7,125,1,6,-1,1,E01006544,0,-1
2020500946505,2020,500946505,1,4,0,16,19,4,8,0,0,0,0,0,0,0,0,1,6,6,1,25,5,125,1,7,-1,3,E01015094,0,-1
2020200944795,2020,200944795,2,3,0,18,19,4,8,0,0,8,0,0,0,0,1,1,6,6,2,22,5,125,1,8,-1,3,E01009792,0,-1
2020201012838,2020,201012838,1,3,0,18,19,3,7,0,0,8,0,0,0,0,1,1,6,6,1,14,3,125,1,5,-1,2,E01009891,0,-1
2020500927769,2020,500927769,1,9,0,18,19,3,7,0,0,0,0,0,0,0,1,1,6,6,2,32,6,3528,1,36,-1,5,E01015202,0,-1
2020010241472,2020,010241472,2,9,0,7,7,7,1,0,0,8,0,0,0,0,1,1,6,6,1,35,6,2926,2,15,-1,2,E01000930,0,-1
2020990934810,2020,990934810,1,9,0,16,19,3,8,0,0,8,1,0,0,0,1,1,6,6,2,53,8,1498,1,1,VOLKSWAGEN T-ROC,-1,-1,0,-1
2020420918086,2020,420918086,3,9,0,3,3,3,6,0,0,0,1,0,0,0,2,1,5,6,1,52,8,1498,1,1,VOLKSWAGEN T-ROC,4,E01007396,0,-1
2020332000368,2020,332000368,5,9,0,2,2,0,0,0,0,0,0,0,0,0,1,1,6,6,3,-1,-1,1498,1,1,VOLKSWAGEN T-ROC,-1,-1,0,-1
2020230934721,2020,230934721,1,9,0,18,19,1,5,0,0,0,0,0,0,0,4,1,3,7,2,46,8,1498,1,1,VOLKSWAGEN T-ROC,9,E01032891,0,-1
2020100918889,2020,100918889,1,9,0,18,19,1,1,0,0,0,0,0,0,0,1,1,2,2,1,52,8,1598,2,2,VOLKSWAGEN T-ROC,-1,-1,0,-1
2020010257232,2020,010257232,1,9,0,99,99,9,9,99,99,9,9,99,9,99,9,9,6,6,2,30,6,1598,2,1,VOLKSWAGEN T-ROC,2,E01004226,0,-1
2020421006027,2020,421006027,2,9,0,3,3,5,1,0,0,0,0,0,0,0,2,1,6,6,2,27,6,1598,2,1,VOLKSWAGEN T-ROC,7,E01021857,0,-1
2020450965597,2020,450965597,1,9,0,18,19,7,3,0,0,0,0,0,0,0,2,1,5,6,1,79,11,1498,1,1,VOLKSWAGEN T-ROC,8,E01030602,0,-1
2020450989648,2020,450989648,1,9,0,9,9,1,7,0,0,0,0,0,0,0,4,1,5,6,1,23,5,999,1,0,VOLKSWAGEN T-ROC,10,E01004117,0,-1
20201375S0300,2020,1375S0300,2,9,0,2,2,0,0,0,0,1,0,0,0,0,2,1,2,2,2,52,8,1498,1,2,VOLKSWAGEN T-ROC,2,E01011268,0,-1
2020010271155,2020,010271155,2,9,0,18,19,3,7,0,0,8,0,0,0,0,1,1,2,2,1,29,6,1498,1,0,VOLKSWAGEN T-ROC,1,E01000528,0,-1
2020430173397,2020,430173397,1,9,0,17,19,4,1,0,0,1,0,0,0,0,3,1,6,6,1,28,6,1984,1,1,VOLKSWAGEN T-ROC,-1,-1,0,-1
2020010280350,2020,010280350,1,9,0,18,19,6,2,0,0,2,0,0,0,0,4,1,6,6,1,25,5,1968,2,1,VOLKSWAGEN T-ROC,1,E01001356,0,-1
2020522001927,2020,522001927,2,9,0,17,19,4,8,0,0,0,0,0,0,0,1,1,6,6,2,27,6,1498,1,1,VOLKSWAGEN T-ROC,10,E01014866,0,-1
2020231007059,2020,231007059,4,9,0,4,4,1,5,0,0,1,0,0,0,0,0,1,5,6,2,24,5,1968,2,2,VOLKSWAGEN T-ROC,7,E01029484,0,-1
2020110990929,2020,110990929,2,9,0,18,19,6,2,0,0,0,0,0,0,0,4,1,1,1,1,57,9,1598,2,1,VOLKSWAGEN T-ROC,9,E01020698,0,-1
2020440140870,2020,440140870,1,9,0,3,3,3,7,0,0,0,0,0,0,0,3,1,2,2,1,51,8,999,1,1,VOLKSWAGEN T-ROC,10,E01022563,0,-1
2020010250969,2020,010250969,1,9,0,10,10,1,6,99,99,9,9,99,9,99,2,9,6,6,2,47,8,999,1,1,VOLKSWAGEN T-ROC,9,E01000351,0,-1
2020052001291,2020,052001291,1,9,0,10,10,1,5,0,0,1,0,0,0,0,2,1,1,1,1,40,7,999,1,0,VOLKSWAGEN T-ROC,6,E01012440,0,-1
2020430284897,2020,430284897,1,9,0,18,19,1,7,0,0,2,0,0,0,0,3,1,6,6,2,46,8,1498,1,1,VOLKSWAGEN T-ROC,4,E01017476,0,-1
2020160924609,2020,160924609,1,9,0,2,2,0,0,0,0,0,0,0,0,0,0,1,6,6,2,22,5,1598,2,1,VOLKSWAGEN T-ROC,2,E01013143,0,-1
20201377F1162,2020,1377F1162,3,9,0,3,3,7,3,0,0,1,0,0,1,0,3,1,2,2,2,34,6,999,1,1,VOLKSWAGEN T-ROC,6,E01011108,0,-1
2020340N03812,2020,340N03812,1,9,0,18,19,3,7,0,0,8,0,0,0,0,1,1,6,6,2,-1,-1,1968,2,1,VOLKSWAGEN T-ROC,-1,-1,0,-1
2020451003836,2020,451003836,1,9,0,7,7,7,3,0,0,2,5,0,0,0,1,1,1,1,2,29,6,1498,1,1,VOLKSWAGEN T-ROC,10,E01030375,0,-1
2020991015668,2020,991015668,2,9,0,10,10,8,7,0,0,1,0,0,0,0,2,1,5,6,2,23,5,1598,2,2,VOLKSWAGEN T-ROC,8,-1,0,-1
2020990963772,2020,990963772,2,9,0,9,9,8,6,0,0,5,0,0,0,0,3,1,5,6,2,57,9,1498,1,1,VOLKSWAGEN T-ROC,7,-1,0,-1
2020100923423,2020,100923423,1,9,0,5,5,7,7,0,0,1,0,0,0,0,1,1,5,6,2,40,7,1598,2,1,VOLKSWAGEN T-ROC,6,E01008176,0,-1
202031D079520,2020,31D079520,2,9,0,18,19,6,8,0,0,4,0,0,0,0,4,1,6,6,2,33,6,1498,1,0,VOLKSWAGEN T-ROC,6,E01028102,0,-1
2020520003368,2020,520003368,1,9,0,18,19,8,4,0,0,0,0,0,0,0,3,1,6,6,2,29,6,1598,2,1,VOLKSWAGEN T-ROC,6,E01029289,0,-1
2020040929052,2020,040929052,1,9,0,18,19,6,2,0,0,2,1,0,0,0,1,1,5,6,1,27,6,1598,2,1,VOLKSWAGEN T-ROC,5,E01025080,0,-1
2020010243526,2020,010243526,1,9,0,99,99,9,9,99,99,0,0,0,0,0,1,9,6,6,1,72,10,1984,1,2,VOLKSWAGEN T-ROC,9,E01002271,0,-1
2020070591684,2020,070591684,4,9,0,3,3,7,3,0,0,0,0,0,0,0,2,1,1,1,2,47,8,1968,2,0,VOLKSWAGEN T-ROC,2,E01005902,0,-1
2020200946931,2020,200946931,1,9,0,4,4,2,6,0,0,0,0,0,0,0,0,1,1,1,1,28,6,1598,2,1,VOLKSWAGEN T-ROC,9,E01009472,0,-1
2020522002001,2020,522002001,1,9,0,3,3,8,4,0,0,0,0,0,0,0,2,1,6,6,1,51,8,999,1,2,VOLKSWAGEN T-ROC,9,E01005864,0,-1
2020302000384,2020,302000384,2,9,0,18,19,2,6,0,0,0,0,0,0,0,3,1,6,6,2,31,6,1498,1,2,VOLKSWAGEN T-ROC,7,E01013529,0,-1
2020200935955,2020,200935955,3,9,0,2,2,0,0,0,0,0,0,0,0,0,3,1,6,6,2,29,6,1498,1,1,VOLKSWAGEN T-ROC,1,E01009957,0,-1
202063C007420,2020,63C007420,1,9,0,16,19,2,5,0,0,1,0,0,0,0,1,1,6,6,1,89,11,1984,1,2,VOLKSWAGEN T-ROC,10,W01000640,0,-1
2020420969200,2020,420969200,1,9,0,18,19,7,3,0,0,0,0,0,0,0,2,1,5,6,2,31,6,1598,2,1,VOLKSWAGEN T-ROC,-1,-1,0,-1
2020070166703,2020,070166703,1,9,0,18,19,8,4,0,0,0,0,0,0,0,2,1,2,2,2,23,5,999,1,2,VOLKSWAGEN T-ROC,4,W01000262,0,-1
2020010239571,2020,010239571,2,9,0,99,99,9,9,99,99,9,9,99,9,99,1,9,6,6,3,-1,-1,1498,1,1,VOLKSWAGEN T-ROC,1,E01004301,0,-1
2020137A30492,2020,137A30492,1,9,0,9,9,7,5,0,0,8,0,0,0,0,1,1,6,6,1,35,6,1498,1,0,VOLKSWAGEN T-ROC,-1,-1,0,-1
2020010229719,2020,010229719,2,9,0,18,19,5,1,0,0,1,0,0,0,0,1,1,6,6,2,30,6,1498,1,1,VOLKSWAGEN T-ROC,2,E01003349,0,-1
2020200994059,2020,200994059,1,9,0,18,19,-1,-1,0,0,0,0,0,0,0,1,1,6,6,1,87,11,1984,1,2,VOLKSWAGEN T-ROC,2,E01009751,0,-1
2020420926278,2020,420926278,1,9,0,9,9,8,6,0,0,6,0,0,0,0,3,1,6,6,2,18,4,1498,1,1,VOLKSWAGEN T-ROC,5,E01021770,0,-1
2020420929271,2020,420929271,2,9,0,4,4,7,3,0,0,1,0,0,0,0,2,1,5,6,2,39,7,1598,2,1,VOLKSWAGEN T-ROC,9,E01021481,0,-1
2020052100013,2020,052100013,1,9,0,18,19,5,1,0,0,0,0,0,0,0,1,1,6,6,2,30,6,999,1,2,VOLKSWAGEN T-ROC,1,E01033764,0,-1
202063A031520,2020,63A031520,2,9,0,18,19,8,4,0,0,0,0,0,1,4,1,1,6,6,1,19,4,1968,2,1,VOLKSWAGEN T-ROC,10,W01000726,0,-1
2020010239713,2020,010239713,3,9,0,2,2,0,0,0,0,2,0,0,0,0,4,1,6,6,3,-1,-1,1498,1,1,VOLKSWAGEN T-ROC,-1,-1,0,-1
2020052001220,2020,052001220,1,9,0,18,19,3,7,0,0,1,0,0,0,0,1,1,6,6,2,35,6,999,1,2,VOLKSWAGEN T-ROC,8,E01007073,0,-1
2020010278683,2020,010278683,1,9,4,99,99,9,9,99,99,0,9,99,9,99,2,9,6,6,2,46,8,1498,1,0,VOLKSWAGEN T-ROC,4,E01003718,0,-1
2020211027088,2020,211027088,1,9,0,18,19,6,3,0,0,0,2,0,0,0,1,1,6,6,2,22,5,999,1,2,VOLKSWAGEN T-ROC,5,E01013545,0,-1
2020340S05422,2020,340S05422,2,9,0,10,10,1,5,0,0,1,0,0,0,0,2,1,6,6,2,67,10,1968,2,2,VOLKSWAGEN T-ROC,8,E01027261,0,-1
2020470988550,2020,470988550,1,9,0,18,19,6,2,0,0,8,0,0,0,0,4,1,5,6,2,34,6,1498,1,1,VOLKSWAGEN T-ROC,3,E01032832,0,-1
2020010285166,2020,010285166,2,9,0,99,99,9,9,99,99,9,9,99,9,99,9,9,6,6,3,-1,-1,1498,1,0,VOLKSWAGEN T-ROC,-1,-1,0,-1
2020100977550,2020,100977550,2,9,0,18,19,2,6,0,0,8,0,0,0,0,1,1,2,2,2,30,6,999,1,0,VOLKSWAGEN T-ROC,9,E01008863,0,-1
2020420968682,2020,420968682,2,9,0,4,4,3,7,0,0,0,0,0,0,0,2,1,6,6,1,44,7,1598,2,2,VOLKSWAGEN T-ROC,7,E01024572,0,-1
2020531007045,2020,531007045,2,9,0,4,4,-1,-1,0,0,0,0,0,0,0,2,1,5,6,2,32,6,1498,1,0,VOLKSWAGEN T-ROC,9,E01031870,0,-1
2020010274069,2020,010274069,1,9,0,7,7,1,3,2,2,1,0,0,0,0,0,1,2,2,1,64,9,999,1,0,VOLKSWAGEN T-ROC,5,E01017418,0,-1
2020320102461,2020,320102461,1,9,0,5,5,3,1,0,0,2,0,0,0,0,1,1,6,6,1,79,11,1968,2,1,VOLKSWAGEN T-ROC,7,E01026158,0,-1
2020231003334,2020,231003334,2,9,0,7,7,7,1,0,0,3,0,0,0,0,1,1,5,6,1,43,7,1498,1,1,VOLKSWAGEN T-ROC,4,E01031170,0,-1
2020200987354,2020,200987354,2,9,0,18,19,6,2,0,0,0,0,0,0,0,3,1,6,6,2,38,7,1598,2,2,VOLKSWAGEN T-ROC,4,E01008982,0,-1
2020031007913,2020,031007913,2,9,0,18,19,3,7,0,0,1,0,0,0,0,1,1,5,6,2,38,7,1984,1,1,VOLKSWAGEN T-ROC,5,E01019380,0,-1
2020010276486,2020,010276486,2,9,0,99,99,9,9,99,99,0,9,99,9,99,9,9,6,6,3,-1,-1,1598,2,1,VOLKSWAGEN T-ROC,4,E01003169,0,-1
2020430264810,2020,430264810,1,9,0,2,2,0,0,0,0,1,0,0,0,0,3,1,1,1,1,28,6,1968,2,1,VOLKSWAGEN T-ROC,9,E01017637,0,-1
202006N273297,2020,06N273297,1,9,0,18,19,3,7,0,0,0,0,0,0,0,1,1,6,6,2,46,8,1984,1,0,VOLKSWAGEN T-ROC,10,E01005046,0,-1
2020552100008,2020,552100008,1,9,0,5,5,7,2,0,0,8,0,0,0,0,3,1,6,6,1,32,6,1498,1,1,VOLKSWAGEN T-ROC,8,E01023195,0,-1
2020220954533,2020,220954533,1,9,0,6,6,4,4,0,0,8,0,0,0,0,3,1,5,6,2,36,7,999,1,2,VOLKSWAGEN T-ROC,8,E01032233,0,-1
2020010255288,2020,010255288,1,9,0,99,99,9,9,99,99,9,9,99,9,99,1,9,6,6,1,33,6,1498,1,1,VOLKSWAGEN T-ROC,8,E01004507,0,-1
2020010273347,2020,010273347,2,9,0,5,5,2,6,9,9,2,1,0,0,0,1,1,3,7,2,78,11,1498,1,0,VOLKSWAGEN T-ROC,-1,-1,0,-1
2020010275406,2020,010275406,2,9,0,5,5,5,1,0,0,0,0,0,0,0,1,1,6,6,1,64,9,1498,1,1,VOLKSWAGEN T-ROC,10,E01032826,0,-1
2020430424840,2020,430424840,1,9,0,18,19,6,2,0,0,4,0,0,0,0,3,1,2,2,2,35,6,1598,2,1,VOLKSWAGEN T-ROC,10,E01022499,0,-1
2020990984217,2020,990984217,1,9,0,9,9,8,6,0,0,5,0,0,0,0,3,1,5,6,2,22,5,999,1,0,VOLKSWAGEN T-ROC,10,-1,0,-1
2020470983619,2020,470983619,1,9,0,17,19,8,5,0,0,1,0,0,0,0,1,1,2,2,1,42,7,999,1,0,VOLKSWAGEN T-ROC,6,E01031676,0,-1
2020470996378,2020,470996378,2,9,0,9,9,7,5,0,0,5,0,0,0,0,3,1,5,6,1,37,7,1968,2,1,VOLKSWAGEN T-ROC,7,E01031375,0,-1
2020450976222,2020,450976222,5,9,0,18,19,1,5,0,0,0,0,0,0,0,0,1,6,6,3,55,8,1498,1,0,VOLKSWAGEN T-ROC,-1,-1,0,-1
2020010242059,2020,010242059,1,9,0,99,99,9,9,99,99,0,9,99,9,99,2,9,6,6,2,46,8,1498,1,1,VOLKSWAGEN T-ROC,2,E01001172,0,-1
2020450948644,2020,450948644,1,9,0,4,4,5,1,0,0,8,0,0,0,0,1,1,2,2,2,55,8,1498,1,1,VOLKSWAGEN T-ROC,9,E01030672,0,-1
2020010240673,2020,010240673,2,9,0,18,19,7,3,0,0,1,0,0,0,0,1,1,6,6,2,32,6,1598,2,2,VOLKSWAGEN T-ROC,5,E01017899,0,-1
2020470920579,2020,470920579,2,9,0,18,19,6,2,0,0,0,0,0,0,0,3,1,5,6,2,45,7,1498,1,1,VOLKSWAGEN T-ROC,10,E01031754,0,-1
2020010234316,2020,010234316,2,9,0,99,99,9,9,99,99,1,9,99,9,99,1,9,6,6,3,-1,-1,1498,1,1,VOLKSWAGEN T-ROC,-1,-1,0,-1
20201379B1502,2020,1379B1502,3,9,0,18,19,5,1,0,0,0,0,0,0,0,4,1,6,6,2,57,9,1498,1,1,VOLKSWAGEN T-ROC,10,E01011198,0,-1
2020302000077,2020,302000077,1,9,0,16,19,1,5,0,0,0,0,4,1,11,1,1,6,6,1,78,11,1498,1,0,VOLKSWAGEN T-ROC,6,E01019502,0,-1
2020040944042,2020,040944042,2,9,0,18,19,6,2,0,0,8,0,0,0,0,3,1,5,6,1,56,9,1498,1,0,VOLKSWAGEN T-ROC,1,E01025286,0,-1
2020010265558,2020,010265558,2,9,0,99,99,9,9,99,99,1,9,99,9,99,1,1,6,6,3,-1,-1,1498,1,2,VOLKSWAGEN T-ROC,-1,-1,0,-1
2020100937625,2020,100937625,3,9,0,3,3,5,1,0,0,1,0,0,0,0,2,1,6,6,2,31,6,1598,2,1,VOLKSWAGEN T-ROC,1,E01008645,0,-1
2020160935324,2020,160935324,1,9,0,18,19,5,1,9,9,0,0,0,7,2,1,1,5,6,1,80,11,1498,1,2,VOLKSWAGEN T-ROC,5,E01013244,0,-1
2020400927892,2020,400927892,1,9,0,14,14,1,5,6,6,0,0,0,0,0,4,1,6,6,2,35,6,1968,2,1,VOLKSWAGEN T-ROC,-1,-1,0,-1
2020100959715,2020,100959715,1,9,0,18,19,8,4,0,0,8,0,0,0,0,3,1,2,2,2,33,6,999,1,1,VOLKSWAGEN T-ROC,2,E01020615,0,-1
2020432003136,2020,432003136,2,9,0,18,19,1,6,0,0,8,0,0,0,0,3,1,6,6,2,43,7,1498,1,1,VOLKSWAGEN T-ROC,9,E01017551,0,-1
2020137C11146,2020,137C11146,1,9,0,1,1,3,7,9,9,0,0,0,0,0,2,1,6,6,1,61,9,999,1,0,VOLKSWAGEN T-ROC,1,E01010828,0,-1
2020421007774,2020,421007774,3,9,0,4,4,8,4,0,0,0,0,0,0,0,2,1,6,6,2,46,8,999,1,1,VOLKSWAGEN T-ROC,4,E01021392,0,-1
2020010270116,2020,010270116,2,9,0,18,19,5,1,0,0,1,0,0,0,0,1,1,6,6,1,28,6,1984,1,1,VOLKSWAGEN T-ROC,-1,-1,0,-1
2020420935755,2020,420935755,2,9,0,18,19,5,1,0,0,2,0,0,0,0,1,1,6,6,1,58,9,1498,1,0,VOLKSWAGEN T-ROC,2,E01021977,0,-1
2020122001068,2020,122001068,2,9,0,18,19,8,4,0,0,0,0,0,0,0,3,1,6,6,1,77,11,1498,1,1,VOLKSWAGEN T-ROC,9,E01020612,0,-1
2020220999393,2020,220999393,1,9,0,18,19,7,3,0,0,0,0,0,0,0,1,1,1,1,2,22,5,999,1,0,VOLKSWAGEN T-ROC,1,E01014316,0,-1
202031D054120,2020,31D054120,2,9,0,10,10,8,7,0,0,1,0,0,0,0,2,1,1,1,2,57,9,999,1,0,VOLKSWAGEN T-ROC,10,E01028377,0,-1
2020010247985,2020,010247985,1,9,0,9,9,3,1,0,0,1,0,0,0,0,4,1,1,1,1,56,9,1598,2,1,VOLKSWAGEN T-ROC,3,E01001238,0,-1
2020052000604,2020,052000604,2,9,0,10,10,7,3,0,0,1,0,0,0,0,2,1,6,6,1,34,6,999,1,1,VOLKSWAGEN T-ROC,5,E01006669,0,-1
2020010278708,2020,010278708,2,9,0,99,99,9,9,99,99,9,9,99,9,99,9,9,6,6,3,30,6,1498,1,0,VOLKSWAGEN T-ROC,-1,-1,0,-1
2020010274463,2020,010274463,3,9,0,99,99,9,9,99,99,0,9,99,9,99,2,9,6,6,3,-1,-1,1498,1,1,VOLKSWAGEN T-ROC,7,E01001134,0,-1
2020220995418,2020,220995418,1,9,0,13,13,2,5,0,0,0,0,0,0,0,4,1,6,6,3,34,6,1498,1,1,VOLKSWAGEN T-ROC,-1,-1,0,-1
2020010268320,2020,010268320,3,9,0,2,2,0,0,9,9,1,0,0,0,0,2,1,6,6,3,-1,-1,999,1,1,VOLKSWAGEN T-ROC,-1,-1,0,-1
2020010236636,2020,010236636,1,11,0,4,4,7,3,0,0,1,0,0,0,0,0,1,1,1,2,54,8,4461,2,6,WRIGHTBUS NB4L,3,E01003096,0,-1
2020010245521,2020,010245521,1,11,0,5,5,5,1,0,0,2,0,0,0,0,0,1,1,1,1,50,8,4500,2,5,WRIGHTBUS NB4L,4,E01000588,0,-1
2020010244024,2020,010244024,1,11,0,18,19,1,5,0,0,2,0,0,0,0,0,1,1,1,1,28,6,4500,2,3,WRIGHTBUS NB4L,2,E01000008,0,-1
2020010255169,2020,010255169,1,11,0,18,19,4,8,2,2,0,0,0,0,0,1,1,1,1,1,40,7,4500,2,3,WRIGHTBUS NB4L,3,E01001649,0,-1
2020010256046,2020,010256046,2,11,0,4,4,5,1,0,0,5,0,0,0,0,1,1,6,6,1,43,7,4500,2,5,WRIGHTBUS NB4L,3,E01004329,0,-1
2020010236380,2020,010236380,1,11,0,5,5,3,7,2,2,1,0,0,0,0,0,1,1,1,2,57,9,4500,2,5,WRIGHTBUS NB4L,2,E01001745,0,-1
2020010270441,2020,010270441,2,11,0,4,4,1,5,0,0,1,0,0,0,0,1,1,1,1,1,51,8,4500,2,5,WRIGHTBUS NB4L,3,E01003537,0,-1
2020010280207,2020,010280207,1,11,0,99,99,9,9,2,2,9,0,0,0,0,0,1,1,1,1,40,7,4500,2,4,WRIGHTBUS NB4L,-1,-1,0,-1
2020010253202,2020,010253202,1,11,0,5,5,3,7,2,2,1,0,0,0,0,0,1,1,1,1,43,7,4500,2,5,WRIGHTBUS NB4L,4,E01003913,0,-1
2020010253889,2020,010253889,1,11,0,4,4,1,5,0,0,1,0,0,0,0,0,1,1,1,1,40,7,4461,2,6,WRIGHTBUS NB4L,-1,-1,0,-1
2020010237002,2020,010237002,1,11,0,18,19,1,5,0,0,1,0,0,0,0,0,1,1,1,1,68,10,4500,2,3,WRIGHTBUS NB4L,2,E01003151,0,-1
2020010254709,2020,010254709,3,11,0,4,4,7,3,0,0,8,0,0,0,0,4,1,6,6,1,35,6,4461,2,6,WRIGHTBUS NB4L,8,E01004386,0,-1
2020010236858,2020,010236858,2,11,0,16,19,6,8,0,0,1,0,0,0,0,3,1,6,6,1,45,7,4461,2,7,WRIGHTBUS NB4L,-1,-1,0,-1
2020010235986,2020,010235986,1,11,0,5,5,2,6,0,0,0,0,0,0,0,0,1,1,1,2,61,9,4500,2,4,WRIGHTBUS NB4L,2,E01001491,0,-1
2020010258113,2020,010258113,1,11,0,18,19,5,1,3,2,0,0,0,0,0,0,1,1,1,1,68,10,4500,2,4,WRIGHTBUS NB4L,2,E01003299,0,-1
2020010281927,2020,010281927,1,11,0,18,19,5,1,2,2,0,0,0,0,0,1,1,1,1,1,41,7,4500,2,5,WRIGHTBUS NB4L,2,E01004679,0,-1
2020010275713,2020,010275713,1,11,0,9,9,5,2,0,0,8,0,0,0,0,0,1,1,1,1,49,8,4500,2,5,WRIGHTBUS NB4L,3,E01024149,0,-1
2020010247108,2020,010247108,1,11,0,4,4,3,7,0,0,2,0,0,0,0,0,1,1,1,1,56,9,4500,2,5,WRIGHTBUS NB4L,4,E01003695,0,-1
2020010275999,2020,010275999,1,11,0,4,4,5,1,0,0,1,0,0,0,0,1,1,1,1,1,40,7,4461,2,6,WRIGHTBUS NB4L,3,E01003481,0,-1
2020010269154,2020,010269154,1,11,0,5,5,7,3,0,0,8,0,0,0,0,0,1,1,1,2,48,8,4500,2,4,WRIGHTBUS NB4L,2,E01003947,0,-1
2020010269438,2020,010269438,2,11,0,5,5,5,1,2,2,1,0,0,0,0,3,1,1,1,2,27,6,4461,2,6,WRIGHTBUS NB4L,3,E01004415,0,-1
2020010241569,2020,010241569,2,11,0,3,3,1,5,0,0,1,0,0,0,0,1,1,6,6,1,39,7,4461,2,7,WRIGHTBUS NB4L,2,E01001491,0,-1
2020010254730,2020,010254730,1,11,0,4,4,5,1,0,0,0,0,0,0,0,0,1,1,1,1,33,6,4500,2,6,WRIGHTBUS NB4L,2,E01001693,0,-1
2020010279909,2020,010279909,1,11,0,4,4,7,3,2,2,1,0,0,0,0,0,1,1,1,1,30,6,4461,2,6,WRIGHTBUS NB4L,3,E01001481,0,-1
2020010243788,2020,010243788,1,11,0,9,9,3,1,3,2,2,0,0,0,0,0,1,6,6,1,59,9,4500,2,6,WRIGHTBUS NB4L,5,E01015975,0,-1
2020010240179,2020,010240179,1,11,0,18,19,1,5,2,2,1,0,0,0,0,0,2,6,6,1,20,4,4500,2,5,WRIGHTBUS NB4L,-1,-1,0,-1
2020480256949,2020,480256949,4,11,0,18,19,3,7,0,0,1,0,0,0,0,0,1,1,1,1,38,7,4461,2,6,WRIGHTBUS NB4L,2,E01000030,0,-1
2020010237999,2020,010237999,1,11,0,5,5,0,4,0,0,1,0,0,0,0,1,1,1,1,1,60,9,4500,2,4,WRIGHTBUS NB4L,1,E01032512,0,-1
2020010255138,2020,010255138,1,11,0,4,4,3,7,2,2,6,0,0,0,0,3,1,1,1,1,41,7,4500,2,5,WRIGHTBUS NB4L,2,E01000023,0,-1
2020010243764,2020,010243764,2,11,0,18,19,1,5,0,0,1,0,0,0,0,1,1,1,1,1,49,8,4500,2,5,WRIGHTBUS NB4L,4,E01002440,0,-1
2020010285963,2020,010285963,1,11,0,5,5,0,1,2,2,1,0,0,0,0,0,1,6,6,1,33,6,4500,2,3,WRIGHTBUS NB4L,2,E01002633,0,-1
2020010258459,2020,010258459,1,11,0,18,19,5,1,0,0,1,0,0,0,0,0,1,6,6,1,29,6,4461,2,7,WRIGHTBUS NB4L,2,E01000889,0,-1
2020010286849,2020,010286849,2,11,0,3,3,1,5,0,0,8,0,0,0,0,2,1,1,1,1,30,6,4500,2,5,WRIGHTBUS NB4L,3,E01000092,0,-1
2020010270991,2020,010270991,1,11,0,18,19,5,1,0,0,8,0,0,0,0,1,1,1,1,1,48,8,4500,2,5,WRIGHTBUS NB4L,2,E01004033,0,-1
2020010244121,2020,010244121,1,11,0,4,4,5,1,2,2,1,0,0,0,0,0,1,1,1,1,58,9,4500,2,5,WRIGHTBUS NB4L,2,E01003126,0,-1
2020010228387,2020,010228387,1,11,0,4,4,6,2,2,2,0,0,0,0,0,4,1,1,1,1,45,7,4461,2,6,WRIGHTBUS NB4L,2,E01004284,0,-1
2020010239909,2020,010239909,1,11,0,18,19,8,4,0,0,2,0,0,0,0,0,1,6,6,1,31,6,4500,2,4,WRIGHTBUS NB4L,2,E01003097,0,-1
2020010248811,2020,010248811,1,11,0,18,19,1,5,2,2,1,0,0,0,0,0,1,1,1,2,23,5,4500,2,3,WRIGHTBUS NB4L,5,E01003359,0,-1
2020010253439,2020,010253439,1,11,0,18,19,7,3,2,2,1,0,0,0,0,0,1,6,6,1,56,9,4500,2,5,WRIGHTBUS NB4L,3,E01004337,0,-1
2020010271040,2020,010271040,1,11,0,18,19,1,5,2,2,1,0,0,0,0,1,1,6,6,1,37,7,4500,2,5,WRIGHTBUS NB4L,3,E01001981,0,-1
2020010258825,2020,010258825,1,11,0,18,19,8,4,0,0,1,0,0,0,0,0,1,1,1,1,52,8,4500,2,4,WRIGHTBUS NB4L,4,E01033572,0,-1
2020010281697,2020,010281697,1,11,0,5,5,1,5,2,2,6,0,99,0,0,9,1,6,6,3,-1,-1,4500,2,5,WRIGHTBUS NB4L,-1,-1,0,-1
2020010252199,2020,010252199,1,11,0,5,5,0,5,2,2,1,0,0,0,0,0,1,1,1,2,57,9,4500,2,3,WRIGHTBUS NB4L,8,E01002287,0,-1
2020010236065,2020,010236065,2,11,0,99,99,9,9,99,99,0,9,99,9,99,9,9,6,6,3,44,7,4500,2,4,WRIGHTBUS NB4L,2,E01016061,0,-1
2020010231089,2020,010231089,1,11,0,18,19,1,5,2,2,2,0,0,0,0,0,1,1,1,1,54,8,4461,2,7,WRIGHTBUS NB4L,2,E01003183,0,-1
2020010255345,2020,010255345,1,11,0,5,5,3,7,0,0,8,0,0,0,0,0,1,1,1,1,50,8,4500,2,5,WRIGHTBUS NB4L,2,E01002856,0,-1