collision_index,collision_year,collision_ref_no,vehicle_reference,vehicle_type,towing_and_articulation,vehicle_manoeuvre_historic,vehicle_manoeuvre,vehicle_direction_from,vehicle_direction_to,vehicle_location_restricted_lane_historic,vehicle_location_restricted_lane,junction_location,skidding_and_overturning,hit_object_in_carriageway,vehicle_leaving_carriageway,hit_object_off_carriageway,first_point_of_impact,vehicle_left_hand_drive,journey_purpose_of_driver_historic,journey_purpose_of_driver,sex_of_driver,age_of_driver,age_band_of_driver,engine_capacity_cc,propulsion_code,age_of_vehicle,generic_make_model,driver_imd_decile,lsoa_of_driver,escooter_flag,driver_distance_banding
2020010249967,2020,010249967,2,11,0,4,4,2,6,2,2,1,0,0,0,0,1,1,1,1,1,44,7,4500,2,5,WRIGHTBUS NB4L,2,E01003174,0,-1
2020010241444,2020,010241444,1,11,0,18,19,5,1,0,0,8,0,0,0,0,0,1,1,1,1,40,7,4500,2,5,WRIGHTBUS NB4L,5,E01003022,0,-1
2020010235152,2020,010235152,1,11,0,5,5,1,5,2,2,5,0,0,0,0,0,1,1,1,1,49,8,4461,2,6,WRIGHTBUS NB4L,2,E01003601,0,-1
2020010236955,2020,010236955,1,11,0,18,19,5,1,0,0,8,0,0,0,0,0,1,1,1,1,58,9,4500,2,4,WRIGHTBUS NB4L,4,E01003919,0,-1
2020010281395,2020,010281395,1,11,0,5,5,3,7,2,2,2,0,0,0,0,4,1,1,1,1,56,9,4461,2,6,WRIGHTBUS NB4L,3,E01004336,0,-1
2020010283153,2020,010283153,1,11,0,99,99,9,9,99,99,9,9,99,9,99,2,9,6,6,2,30,6,4500,2,4,WRIGHTBUS NB4L,1,E01004334,0,-1
2020010261781,2020,010261781,2,11,0,4,4,3,7,2,2,0,0,0,0,0,1,1,1,1,1,52,8,4461,2,6,WRIGHTBUS NB4L,6,E01003711,0,-1
2020010269928,2020,010269928,1,11,0,5,5,1,5,0,0,1,0,0,0,0,0,1,1,1,1,37,7,4500,2,4,WRIGHTBUS NB4L,2,E01000525,0,-1
2020010265632,2020,010265632,1,11,0,11,11,5,1,0,0,5,0,0,0,0,4,1,1,1,1,68,10,4500,2,4,WRIGHTBUS NB4L,3,E01001162,0,-1
2020010268111,2020,010268111,1,11,0,18,19,7,3,0,0,1,0,0,0,0,1,1,1,1,1,31,6,4461,2,7,WRIGHTBUS NB4L,2,E01002664,0,-1
2020010272216,2020,010272216,2,11,0,3,3,7,3,0,0,6,0,0,0,0,0,1,1,1,2,54,8,4461,2,6,WRIGHTBUS NB4L,4,E01002098,0,-1
2020010256818,2020,010256818,1,11,0,18,19,5,1,0,0,0,0,0,0,0,0,1,1,1,1,32,6,4500,2,5,WRIGHTBUS NB4L,3,E01001981,0,-1
2020010231627,2020,010231627,2,11,0,5,5,5,1,2,2,1,0,0,0,0,3,1,1,1,1,39,7,4500,2,6,WRIGHTBUS NB4L,2,E01001761,0,-1
2020010228988,2020,010228988,1,11,0,16,19,7,1,0,0,2,0,0,0,0,1,1,1,1,1,-1,-1,4461,2,7,WRIGHTBUS NB4L,4,E01023337,0,-1
2020010270550,2020,010270550,1,11,0,9,9,3,1,0,0,8,0,0,0,0,4,1,1,1,1,54,8,4461,2,7,WRIGHTBUS NB4L,4,E01003389,0,-1
2020010239381,2020,010239381,1,11,0,5,5,1,5,0,0,3,0,0,0,0,0,1,1,1,1,44,7,4500,2,3,WRIGHTBUS NB4L,6,E01003378,0,-1
2020010238846,2020,010238846,1,11,0,7,7,1,4,2,2,1,0,0,0,0,0,1,1,1,1,52,8,4461,2,7,WRIGHTBUS NB4L,3,E01002079,0,-1
2020010234564,2020,010234564,1,11,0,4,4,3,7,2,2,1,0,0,0,0,1,1,1,1,1,45,7,4461,2,6,WRIGHTBUS NB4L,2,E01004233,0,-1
2020010259325,2020,010259325,1,11,0,16,19,5,1,0,0,0,0,0,0,0,4,1,1,1,1,35,6,4500,2,5,WRIGHTBUS NB4L,3,E01001972,0,-1
2020480947544,2020,480947544,1,11,0,5,5,1,5,0,0,1,0,0,0,0,1,1,1,1,1,53,8,4500,2,5,WRIGHTBUS NB4L,7,E01003407,0,-1
2020010228214,2020,010228214,1,11,0,9,9,1,7,2,2,6,0,0,0,0,1,1,1,1,1,53,8,4500,2,5,WRIGHTBUS NB4L,6,E01003646,0,-1
2020010276560,2020,010276560,1,11,0,12,12,3,7,0,0,1,0,0,0,0,3,1,1,1,1,55,8,4500,2,3,WRIGHTBUS NB4L,2,E01003137,0,-1
2020010235054,2020,010235054,1,11,0,18,19,5,1,0,0,1,0,0,0,0,1,1,1,1,2,45,7,4461,2,6,WRIGHTBUS NB4L,1,E01001554,0,-1
2020010279498,2020,010279498,1,11,0,99,99,9,9,99,99,9,9,99,9,99,9,9,6,6,1,-1,-1,4500,2,5,WRIGHTBUS NB4L,2,E01021864,0,-1
2020480953361,2020,480953361,2,11,0,17,19,5,2,0,0,8,0,0,0,0,4,1,1,1,1,45,7,4500,2,5,WRIGHTBUS NB4L,-1,-1,0,-1
2020010254332,2020,010254332,1,11,0,5,5,5,1,0,0,1,0,0,0,0,0,1,1,1,2,37,7,4500,2,5,WRIGHTBUS NB4L,1,E01002034,0,-1
2020010254816,2020,010254816,1,11,0,2,2,0,0,2,2,1,0,0,0,0,2,1,6,6,3,-1,-1,4500,2,5,WRIGHTBUS NB4L,-1,-1,0,-1
2020010238539,2020,010238539,1,11,0,5,5,5,1,0,0,2,0,0,0,0,0,1,1,1,1,51,8,4500,2,4,WRIGHTBUS NB4L,4,E01003249,0,-1
2020010245039,2020,010245039,1,11,0,3,3,4,8,0,0,2,0,0,0,0,0,1,1,1,1,45,7,4461,2,7,WRIGHTBUS NB4L,4,E01002448,0,-1
2020010232333,2020,010232333,1,11,0,18,19,3,7,0,0,1,0,0,0,0,0,1,6,6,1,44,7,4500,2,5,WRIGHTBUS NB4L,3,E01004443,0,-1
2020010240985,2020,010240985,1,11,0,5,5,0,7,0,0,8,0,0,0,0,0,1,6,6,1,45,7,4500,2,3,WRIGHTBUS NB4L,8,E01002320,0,-1
2020480988481,2020,480988481,1,11,0,5,5,5,1,0,0,0,0,0,0,0,0,1,1,1,1,55,8,4500,2,5,WRIGHTBUS NB4L,4,E01000997,0,-1
2020010264372,2020,010264372,1,11,0,7,7,1,4,0,0,2,0,0,0,0,0,1,1,1,3,19,4,4500,2,4,WRIGHTBUS NB4L,-1,-1,0,-1
2020010242614,2020,010242614,2,11,0,4,4,1,5,2,2,0,0,0,0,0,2,1,1,1,1,45,7,4461,2,8,WRIGHTBUS NB4L,2,E01004233,0,-1
2020010259305,2020,010259305,1,11,0,18,19,3,7,0,0,0,0,0,0,0,0,1,1,1,1,57,9,4500,2,6,WRIGHTBUS NB4L,3,E01024149,0,-1
2020010255912,2020,010255912,1,11,0,99,99,9,9,99,99,0,9,99,9,99,1,9,6,6,3,68,10,4500,2,4,WRIGHTBUS NB4L,1,E01015773,0,-1
2020010280128,2020,010280128,1,11,0,3,3,5,1,2,2,8,0,0,0,0,1,1,6,6,1,-1,-1,4500,2,5,WRIGHTBUS NB4L,-1,-1,0,-1
2020010236319,2020,010236319,1,11,0,18,19,1,5,0,0,1,0,0,0,0,0,1,1,1,1,58,9,4461,2,6,WRIGHTBUS NB4L,4,E01002098,0,-1
2020010276091,2020,010276091,2,11,0,18,19,3,7,0,0,8,0,0,0,0,4,1,1,1,1,57,9,4500,2,5,WRIGHTBUS NB4L,3,E01001779,0,-1
2020010236104,2020,010236104,1,11,0,9,9,1,7,0,0,2,0,0,0,0,0,1,1,1,1,49,8,4500,2,3,WRIGHTBUS NB4L,2,E01023338,0,-1
2020010268631,2020,010268631,1,11,0,4,4,3,7,2,2,1,0,0,0,0,0,1,1,1,1,48,8,4500,2,3,WRIGHTBUS NB4L,3,E01000092,0,-1
2020010252321,2020,010252321,1,11,0,9,9,1,6,2,2,1,0,0,0,0,0,1,1,1,1,45,7,4500,2,5,WRIGHTBUS NB4L,3,E01033583,0,-1
2020010239485,2020,010239485,1,11,0,4,4,1,5,2,2,1,0,0,0,0,1,1,1,1,1,47,8,4461,2,7,WRIGHTBUS NB4L,3,E01004741,0,-1
2020010237959,2020,010237959,1,11,0,18,19,1,5,2,2,8,0,0,0,0,0,1,6,6,1,53,8,4500,2,4,WRIGHTBUS NB4L,2,E01033327,0,-1
2020010263380,2020,010263380,2,11,0,8,8,1,4,0,0,1,0,0,0,0,4,1,1,1,3,-1,-1,4500,2,3,WRIGHTBUS NB4L,-1,-1,0,-1
2020010274769,2020,010274769,1,11,2,5,5,1,5,2,2,0,0,0,0,0,0,1,1,1,1,44,7,4500,2,3,WRIGHTBUS NB4L,5,E01015926,0,-1
2020010233246,2020,010233246,1,11,0,5,5,2,6,0,0,0,0,0,0,0,0,1,1,1,1,49,8,4461,2,6,WRIGHTBUS NB4L,4,E01000029,0,-1
2020010255807,2020,010255807,1,11,0,18,19,7,3,0,0,2,0,0,0,0,4,1,1,1,1,44,7,4461,2,6,WRIGHTBUS NB4L,4,E01004628,0,-1
2020010239362,2020,010239362,1,11,0,18,19,5,1,0,0,1,0,0,0,0,0,1,1,1,1,38,7,4500,2,5,WRIGHTBUS NB4L,2,E01003993,0,-1
2020010230362,2020,010230362,2,11,0,99,99,9,9,99,99,9,9,99,9,99,1,9,6,6,3,-1,-1,4500,2,5,WRIGHTBUS NB4L,-1,-1,0,-1
2020010252202,2020,010252202,1,11,0,5,5,7,3,0,0,2,0,0,0,0,4,1,1,1,1,52,8,4500,2,4,WRIGHTBUS NB4L,2,E01002078,0,-1
2020010248863,2020,010248863,1,11,0,5,5,1,5,0,0,2,0,0,0,0,0,1,6,6,1,46,8,4461,2,6,WRIGHTBUS NB4L,2,E01001828,0,-1
2020010260093,2020,010260093,1,11,0,14,14,5,1,3,2,2,0,4,0,0,4,1,1,1,1,47,8,4500,2,4,WRIGHTBUS NB4L,3,E01001244,0,-1
2020010252282,2020,010252282,1,11,0,18,19,5,1,0,0,1,0,0,0,0,3,1,1,1,1,66,10,4500,2,4,WRIGHTBUS NB4L,2,E01001746,0,-1
2020010253054,2020,010253054,1,11,0,5,5,1,5,0,0,1,0,0,0,0,2,1,1,1,1,34,6,4500,2,4,WRIGHTBUS NB4L,3,E01000473,0,-1
2020010260093,2020,010260093,2,11,0,3,3,5,1,3,2,2,0,0,0,0,2,1,1,1,1,44,7,4500,2,3,WRIGHTBUS NB4L,1,E01002673,0,-1
2020010232680,2020,010232680,1,11,0,7,7,7,1,0,0,1,0,0,0,0,3,1,1,1,1,50,8,4461,2,6,WRIGHTBUS NB4L,3,E01003154,0,-1
2020010253745,2020,010253745,1,11,0,14,14,3,7,0,0,0,1,0,0,0,0,1,1,1,1,60,9,4500,2,4,WRIGHTBUS NB4L,3,E01004045,0,-1
2020010269572,2020,010269572,1,11,0,18,19,3,7,0,0,8,0,0,0,0,1,1,1,1,1,33,6,4500,2,5,WRIGHTBUS NB4L,2,E01000008,0,-1
2020010231269,2020,010231269,1,11,0,18,19,1,5,0,0,2,0,0,0,0,1,1,1,1,1,62,9,4500,2,4,WRIGHTBUS NB4L,4,E01000307,0,-1
2020010278772,2020,010278772,1,11,0,5,5,1,5,0,0,0,0,0,0,0,4,1,1,1,1,66,10,4500,2,5,WRIGHTBUS NB4L,9,E01023557,0,-1
2020010238453,2020,010238453,1,11,0,4,4,7,3,0,0,1,0,0,0,0,0,1,6,6,1,55,8,4461,2,6,WRIGHTBUS NB4L,-1,-1,0,-1
2020010261938,2020,010261938,1,11,0,4,4,8,4,2,2,0,0,0,0,0,0,1,1,1,1,47,8,4500,2,4,WRIGHTBUS NB4L,3,E01003536,0,-1
2020010251876,2020,010251876,1,11,0,16,19,8,4,0,0,8,0,0,0,0,1,1,1,1,1,39,7,4500,2,6,WRIGHTBUS NB4L,6,E01003107,0,-1
2020010242614,2020,010242614,1,11,0,18,19,1,5,2,2,0,0,0,0,0,1,1,1,1,1,56,9,4500,2,4,WRIGHTBUS NB4L,2,E01002051,0,-1
2020010236467,2020,010236467,1,11,0,16,19,3,5,0,0,2,0,0,0,0,4,1,1,1,1,39,7,4500,2,5,WRIGHTBUS NB4L,2,E01033485,0,-1
2020010286167,2020,010286167,2,11,0,18,19,1,5,0,0,1,0,99,0,0,1,1,1,1,1,-1,-1,4500,2,3,WRIGHTBUS NB4L,-1,-1,0,-1
2020010247197,2020,010247197,1,11,0,4,4,7,3,0,0,2,0,0,0,0,0,1,1,1,2,30,6,4500,2,5,WRIGHTBUS NB4L,6,E01002861,0,-1
2020010275480,2020,010275480,1,11,0,18,19,5,1,2,2,1,0,0,0,0,0,1,1,1,1,50,8,4500,2,5,WRIGHTBUS NB4L,1,E01002040,0,-1
2020010231858,2020,010231858,2,11,0,18,19,2,6,0,0,2,0,0,0,0,0,1,1,1,1,54,8,4500,2,5,WRIGHTBUS NB4L,5,E01003359,0,-1
2020010249640,2020,010249640,2,11,0,18,19,1,5,0,0,6,0,0,0,0,1,1,1,1,1,55,8,4500,2,5,WRIGHTBUS NB4L,2,E01003924,0,-1
2020010256797,2020,010256797,1,11,0,3,3,7,3,2,2,0,0,0,0,0,4,1,1,1,1,64,9,4500,2,5,WRIGHTBUS NB4L,1,E01002039,0,-1
2020010228401,2020,010228401,1,11,0,4,4,2,6,0,0,2,0,0,0,0,4,1,1,1,1,57,9,4461,2,7,WRIGHTBUS NB4L,2,E01000129,0,-1
2020010277081,2020,010277081,1,11,0,4,4,5,1,0,0,0,0,0,0,0,2,1,1,1,1,48,8,4461,2,6,WRIGHTBUS NB4L,-1,-1,0,-1
2020010242480,2020,010242480,2,11,0,99,99,9,9,99,99,9,9,99,9,99,4,9,6,6,3,-1,-1,4461,2,6,WRIGHTBUS NB4L,3,E01002727,0,-1
2020010257269,2020,010257269,1,11,0,5,5,6,2,0,0,1,0,0,0,0,0,1,1,1,1,56,9,4461,2,6,WRIGHTBUS NB4L,5,E01004225,0,-1
2020010274844,2020,010274844,1,11,9,18,19,3,7,99,99,0,9,99,9,99,9,9,1,1,1,50,8,4500,2,5,WRIGHTBUS NB4L,6,E01003157,0,-1
2020010242510,2020,010242510,1,11,0,5,5,7,3,0,0,0,0,0,3,11,1,1,6,6,1,60,9,4500,2,5,WRIGHTBUS NB4L,6,E01002240,0,-1
2020010233960,2020,010233960,1,11,0,5,5,1,5,0,0,0,0,0,0,0,1,1,1,1,1,45,7,4500,2,5,WRIGHTBUS NB4L,4,E01004417,0,-1
2020010274137,2020,010274137,1,11,0,9,9,5,2,0,0,6,0,0,0,0,3,1,1,1,1,52,8,4461,2,7,WRIGHTBUS NB4L,10,E01031580,0,-1
2020010243327,2020,010243327,1,11,9,18,19,5,1,0,0,0,0,0,0,0,1,1,1,1,1,-1,-1,4500,2,5,WRIGHTBUS NB4L,3,E01003091,0,-1
2020010261781,2020,010261781,1,11,0,4,4,3,7,2,2,0,0,4,0,0,2,1,1,1,2,52,8,4461,2,6,WRIGHTBUS NB4L,2,E01000017,0,-1
2020010253402,2020,010253402,1,3,0,18,19,3,7,99,99,0,9,99,9,99,9,1,6,6,1,19,4,125,1,3,YAMAHA YS 125,5,E01003951,0,-1
2020010285852,2020,010285852,1,3,0,18,19,6,2,2,2,1,0,0,0,0,1,1,1,1,1,40,7,125,1,2,YAMAHA YS 125,4,E01003453,0,-1
2020040980776,2020,040980776,2,3,0,18,19,3,7,0,0,4,0,0,0,0,3,1,1,1,1,19,4,125,1,2,YAMAHA YS 125,3,E01025037,0,-1
2020360934072,2020,360934072,2,3,0,4,4,3,7,0,0,1,1,0,0,0,3,1,2,2,1,25,5,125,1,1,YAMAHA YS 125,3,E01033439,0,-1
2020011009882,2020,011009882,1,3,0,15,15,5,1,0,0,0,0,0,0,0,1,1,5,6,1,20,4,125,1,3,YAMAHA YS 125,6,E01032767,0,-1
2020041007742,2020,041007742,2,3,0,16,19,6,4,0,0,0,0,0,0,0,1,1,2,2,1,36,7,125,1,2,YAMAHA YS 125,1,E01025036,0,-1
2020010278662,2020,010278662,1,3,0,99,99,9,9,99,99,0,9,99,9,99,9,1,6,6,1,36,7,125,1,2,YAMAHA YS 125,3,E01001147,0,-1
2020010239063,2020,010239063,2,3,0,18,19,1,5,0,0,0,0,0,0,0,0,1,1,1,1,19,4,125,1,3,YAMAHA YS 125,-1,-1,0,-1
2020430386599,2020,430386599,2,4,0,18,19,7,3,0,0,8,0,0,0,0,4,1,2,2,1,21,5,125,1,2,-1,2,E01016295,0,-1
2020450973888,2020,450973888,1,3,0,18,19,2,6,0,0,8,2,0,0,0,4,1,2,2,1,32,6,125,1,1,YAMAHA YS 125,4,E01030805,0,-1
2020010261071,2020,010261071,2,2,0,18,19,3,7,0,0,8,5,0,0,0,1,1,1,1,1,39,7,125,1,3,-1,6,E01003152,0,-1
2020010236026,2020,010236026,2,3,0,3,3,5,1,0,0,8,0,0,0,0,2,1,6,6,1,40,7,125,1,3,YAMAHA YS 125,4,E01003907,0,-1
2020160938353,2020,160938353,3,3,0,14,14,1,5,0,0,0,0,0,0,0,1,1,6,6,1,-1,-1,125,1,1,YAMAHA YS 125,1,E01012906,0,-1
2020470965140,2020,470965140,1,4,0,16,19,7,3,0,0,0,2,0,8,0,4,1,2,2,1,38,7,125,1,1,-1,1,E01020972,0,-1
2020160988223,2020,160988223,2,3,0,18,19,7,3,0,0,3,5,0,0,0,4,1,6,6,2,29,6,125,1,1,YAMAHA YS 125,1,E01012845,0,-1
2020200975732,2020,200975732,2,3,0,18,19,5,1,0,0,8,0,0,0,0,1,1,6,6,2,20,4,125,1,3,YAMAHA YS 125,3,E01010018,0,-1
2020520100282,2020,520100282,1,3,0,16,19,8,4,0,0,0,0,11,0,0,1,1,6,6,1,21,5,125,1,1,YAMAHA YS 125,2,E01029248,0,-1
2020302000200,2020,302000200,1,3,0,16,19,2,6,0,0,0,1,0,0,0,0,1,6,6,1,30,6,125,1,1,YAMAHA YS 125,5,E01019633,0,-1
2020122100004,2020,122100004,1,4,0,18,19,3,1,0,0,6,0,0,0,0,0,1,1,1,1,26,6,125,1,2,-1,8,E01013409,0,-1
2020100938971,2020,100938971,1,3,0,5,5,1,5,0,0,4,5,0,0,0,3,1,2,2,1,18,4,125,1,1,YAMAHA YS 125,8,E01027425,0,-1
2020230998678,2020,230998678,1,3,0,17,19,4,1,0,0,0,0,10,1,9,4,1,2,2,1,57,9,125,1,2,YAMAHA YS 125,5,E01031088,0,-1
2020052002409,2020,052002409,2,3,0,18,19,3,7,0,0,1,0,0,0,0,1,1,1,1,1,27,6,125,1,1,YAMAHA YS 125,1,E01006919,0,-1
2020010259260,2020,010259260,1,3,0,99,99,9,9,99,99,9,9,99,9,99,9,1,6,6,1,26,6,125,1,3,YAMAHA YS 125,6,E01000238,0,-1
2020990999289,2020,990999289,2,3,0,18,19,4,8,0,0,1,0,0,0,0,3,1,6,6,1,25,5,125,1,1,YAMAHA YS 125,4,-1,0,-1
2020040967366,2020,040967366,1,3,0,18,19,5,1,0,0,0,2,0,0,0,1,1,5,6,1,18,4,125,1,2,YAMAHA YS 125,5,E01025604,0,-1
2020010262493,2020,010262493,1,3,0,99,99,9,9,99,99,9,9,99,9,99,9,1,2,2,1,25,5,125,1,3,YAMAHA YS 125,9,E01000455,0,-1
2020501015742,2020,501015742,1,3,0,15,15,1,5,0,0,1,2,0,0,0,1,1,2,2,1,18,4,125,1,1,YAMAHA YS 125,5,E01015092,0,-1
2020010273090,2020,010273090,2,3,0,99,99,9,9,0,0,1,9,0,0,0,1,1,6,6,3,-1,-1,125,1,2,YAMAHA YS 125,-1,-1,0,-1
2020430014301,2020,430014301,2,3,0,18,19,5,1,0,0,0,0,0,0,0,1,1,6,6,1,-1,-1,125,1,3,YAMAHA YS 125,-1,-1,0,-1
2020302001573,2020,302001573,2,4,0,13,13,4,8,0,0,8,0,0,0,0,1,1,6,6,1,29,6,125,1,1,-1,7,E01019457,0,-1
2020010252088,2020,010252088,1,3,0,99,99,9,9,99,99,9,9,99,9,99,1,-1,6,6,2,31,6,125,1,2,YAMAHA YS 125,2,E01000603,0,-1
2020010271943,2020,010271943,1,3,0,5,5,4,8,0,0,1,0,0,0,0,3,1,2,2,1,37,7,125,1,2,YAMAHA YS 125,5,E01000636,0,-1
2020420963880,2020,420963880,1,3,0,16,19,3,6,0,0,1,0,0,0,0,1,1,5,6,1,18,4,125,1,0,YAMAHA YS 125,9,E01021709,0,-1
2020122001220,2020,122001220,1,3,0,10,10,1,3,0,0,1,0,0,0,0,2,1,6,6,1,30,6,125,1,1,YAMAHA YS 125,8,E01013343,0,-1
2020010286401,2020,010286401,2,3,0,18,19,3,7,0,0,1,0,0,0,0,0,1,6,6,1,29,6,125,1,3,YAMAHA YS 125,3,E01002805,0,-1
2020040915570,2020,040915570,1,3,0,5,5,8,8,9,9,0,0,0,1,2,1,1,5,6,2,56,9,125,1,2,YAMAHA YS 125,7,E01025565,0,-1
2020010266612,2020,010266612,2,4,0,18,19,3,7,0,0,8,1,0,0,0,4,1,6,6,1,30,6,125,1,2,-1,4,E01002088,0,-1
2020990986023,2020,990986023,1,3,0,17,19,6,3,0,0,3,2,0,0,0,3,1,2,2,1,57,9,125,1,1,YAMAHA YS 125,8,-1,0,-1
2020010286043,2020,010286043,1,3,0,18,19,1,5,0,0,1,1,0,0,0,0,1,1,1,1,50,8,125,1,3,YAMAHA YS 125,5,E01002515,0,-1
2020010255018,2020,010255018,2,3,0,15,15,8,4,2,2,1,0,0,0,0,1,1,2,2,1,21,5,125,1,2,YAMAHA YS 125,2,E01001152,0,-1
2020010245045,2020,010245045,1,3,0,9,9,1,6,0,0,2,0,0,0,0,1,1,2,2,1,24,5,125,1,1,YAMAHA YS 125,4,E01001317,0,-1
2020210948334,2020,210948334,1,3,-1,-1,-1,1,3,-1,-1,-1,-1,-1,-1,0,-1,1,6,6,1,27,6,125,1,2,YAMAHA YS 125,2,E01033216,0,-1
2020010286878,2020,010286878,1,3,0,18,19,7,3,0,0,2,2,0,1,0,0,1,6,6,1,17,4,125,1,1,YAMAHA YS 125,1,E01004674,0,-1
2020010252564,2020,010252564,2,3,0,18,19,7,3,0,0,8,0,0,0,0,1,1,6,6,2,30,6,125,1,2,YAMAHA YS 125,5,E01001301,0,-1
2020010256955,2020,010256955,2,3,9,99,99,9,9,99,99,1,9,99,9,99,9,1,6,6,1,23,5,125,1,2,YAMAHA YS 125,3,E01016014,0,-1
2020010283666,2020,010283666,2,4,0,18,19,4,8,0,0,0,0,0,0,0,3,1,2,2,1,37,7,125,1,2,-1,4,E01016512,0,-1
2020421001313,2020,421001313,2,3,0,18,19,1,5,0,0,1,1,0,0,0,1,1,2,2,1,21,5,125,1,2,YAMAHA YS 125,8,E01021944,0,-1
2020010254566,2020,010254566,2,3,0,5,5,7,3,0,0,1,1,0,0,0,1,1,6,6,1,28,6,125,1,2,YAMAHA YS 125,9,E01001132,0,-1
2020010274759,2020,010274759,1,3,0,4,4,2,6,0,0,0,1,0,0,0,1,1,4,7,1,18,4,125,1,3,YAMAHA YS 125,2,E01003041,0,-1
2020450997045,2020,450997045,1,3,0,18,19,3,7,0,0,1,0,0,0,0,1,1,1,1,1,32,6,125,1,1,YAMAHA YS 125,4,E01030805,0,-1
2020470917321,2020,470917321,1,2,0,18,19,7,3,0,0,0,0,0,1,0,1,1,6,6,1,16,4,49,1,1,-1,6,E01031825,0,-1
2020460986421,2020,460986421,1,9,0,9,9,7,3,0,0,1,0,0,0,0,4,1,6,6,1,49,8,4395,1,4,-1,10,E01024353,0,-1
2020401006691,2020,401006691,1,9,0,16,19,7,3,0,0,0,1,0,0,0,3,1,5,6,1,50,8,4395,1,3,-1,8,E01015696,0,-1
2020010286274,2020,010286274,1,9,0,99,99,9,9,99,99,9,9,99,9,99,2,9,2,2,2,46,8,4395,1,6,-1,5,E01003415,0,-1
2020350992791,2020,350992791,1,9,0,11,11,3,7,0,0,0,1,0,0,0,1,1,1,1,1,18,4,4395,1,7,-1,10,E01033175,0,-1
2020010241277,2020,010241277,2,9,9,99,99,9,9,99,99,9,9,99,9,99,9,9,6,6,3,-1,-1,4395,1,4,-1,3,E01004763,0,-1
2020040964408,2020,040964408,2,9,0,18,19,3,7,0,0,1,0,0,0,0,2,1,5,6,1,29,6,4395,1,6,-1,9,E01025453,0,-1
2020010255519,2020,010255519,5,9,0,2,2,0,0,0,0,0,0,0,0,0,1,1,6,6,3,-1,-1,4395,1,5,-1,-1,-1,0,-1
2020320198483,2020,320198483,1,9,0,18,19,7,3,0,0,0,2,0,1,0,0,1,6,6,1,32,6,4999,1,13,-1,5,E01026373,0,-1
2020070316726,2020,070316726,2,9,0,4,4,8,4,0,0,1,0,0,0,0,2,1,6,6,2,24,5,1242,1,7,CHRYSLER YPSILON,8,E01018379,0,-1
2020040976818,2020,040976818,1,9,0,15,15,5,1,0,0,0,0,0,0,0,4,1,5,6,1,63,9,1242,1,8,CHRYSLER YPSILON,10,E01025466,0,-1
2020160938099,2020,160938099,2,9,0,5,5,5,1,0,0,6,0,0,0,0,4,1,2,2,1,32,6,1242,1,9,CHRYSLER YPSILON,5,E01013030,0,-1
2020470919646,2020,470919646,1,9,0,16,19,7,2,0,0,0,1,0,5,6,1,1,2,2,1,43,7,1242,1,7,CHRYSLER YPSILON,3,E01016879,0,-1
2020302001360,2020,302001360,1,9,0,18,19,8,4,0,0,0,1,10,7,9,1,2,2,2,2,24,5,1242,1,6,CHRYSLER YPSILON,5,E01019436,0,-1
2020010253561,2020,010253561,2,9,0,99,99,9,9,99,99,0,9,99,9,99,1,9,6,6,1,25,5,1242,1,6,CHRYSLER YPSILON,7,E01003200,0,-1
2020040927486,2020,040927486,1,9,0,3,3,7,5,0,0,1,0,0,0,0,1,1,5,6,2,69,10,1242,1,7,CHRYSLER YPSILON,5,E01025428,0,-1
2020010286008,2020,010286008,1,9,0,99,99,9,9,99,99,9,9,99,9,99,2,9,6,6,2,26,6,1242,1,8,CHRYSLER YPSILON,3,E01000099,0,-1
2020160991310,2020,160991310,1,9,0,18,19,4,8,0,0,0,0,0,0,0,4,1,5,6,1,75,10,1242,1,7,CHRYSLER YPSILON,6,E01013085,0,-1
2020430349198,2020,430349198,2,9,0,18,19,2,6,0,0,1,0,0,0,0,1,1,6,6,2,20,4,1242,1,8,CHRYSLER YPSILON,-1,-1,0,-1
2020990982501,2020,990982501,1,9,0,18,19,2,6,0,0,0,0,0,0,0,4,1,5,6,2,82,11,1242,1,6,CHRYSLER YPSILON,3,-1,0,-1
2020010235486,2020,010235486,1,9,0,99,99,9,9,99,99,0,9,99,9,99,1,9,6,6,2,30,6,1242,1,9,CHRYSLER YPSILON,5,E01003681,0,-1
2020990965482,2020,990965482,1,9,0,9,9,4,1,0,0,8,0,0,0,0,2,1,6,6,2,64,9,1242,1,7,CHRYSLER YPSILON,10,-1,0,-1
2020450970921,2020,450970921,2,2,0,17,19,6,2,0,0,0,1,0,0,0,4,1,5,6,1,16,4,49,1,19,-1,7,E01030850,0,-1
2020040957151,2020,040957151,1,2,0,18,19,7,3,0,0,0,0,0,0,0,4,1,5,6,1,37,7,49,1,15,-1,6,E01025598,0,-1
2020542890220,2020,542890220,1,5,0,18,19,3,7,0,0,3,1,0,0,0,1,1,6,6,1,69,10,998,1,1,-1,7,E01032084,0,-1
2020410958551,2020,410958551,2,5,0,16,19,4,7,0,0,3,0,0,0,0,4,1,5,6,1,50,8,998,1,1,-1,4,E01021849,0,-1
2020552000623,2020,552000623,1,5,0,16,19,3,7,0,0,0,1,0,0,0,3,1,6,6,1,52,8,998,1,2,-1,9,E01020406,0,-1