collision_index,collision_year,collision_ref_no,vehicle_reference,vehicle_type,towing_and_articulation,vehicle_manoeuvre_historic,vehicle_manoeuvre,vehicle_direction_from,vehicle_direction_to,vehicle_location_restricted_lane_historic,vehicle_location_restricted_lane,junction_location,skidding_and_overturning,hit_object_in_carriageway,vehicle_leaving_carriageway,hit_object_off_carriageway,first_point_of_impact,vehicle_left_hand_drive,journey_purpose_of_driver_historic,journey_purpose_of_driver,sex_of_driver,age_of_driver,age_band_of_driver,engine_capacity_cc,propulsion_code,age_of_vehicle,generic_make_model,driver_imd_decile,lsoa_of_driver,escooter_flag,driver_distance_banding
2020522001693,2020,522001693,2,5,0,18,19,3,7,0,0,0,0,0,0,0,4,1,6,6,1,48,8,998,1,1,-1,9,E01014943,0,-1
202031B093320,2020,31B093320,2,5,0,8,8,1,5,0,0,1,0,0,0,0,3,1,6,6,1,67,10,998,1,2,-1,6,E01028326,0,-1
2020010255972,2020,010255972,1,3,0,14,14,7,3,0,0,0,0,0,0,0,1,1,6,6,1,21,5,125,1,11,HONDA FES125,3,E01001373,0,-1
2020010248492,2020,010248492,2,3,0,18,19,7,3,0,0,1,0,0,0,0,2,1,6,6,1,29,6,125,1,7,HONDA FES125,7,E01002986,0,-1
2020432004103,2020,432004103,2,2,0,18,19,1,5,2,2,1,0,0,0,0,1,1,2,2,1,35,6,125,1,15,-1,3,E01017515,0,-1
2020010247629,2020,010247629,1,3,0,18,19,7,3,99,99,9,9,0,0,0,4,1,2,2,1,32,6,125,1,10,HONDA FES125,3,E01003586,0,-1
2020010253908,2020,010253908,1,3,0,18,19,7,3,0,0,1,0,0,0,0,4,1,6,6,1,43,7,125,1,6,HONDA FES125,3,E01003496,0,-1
2020201015497,2020,201015497,2,3,0,4,4,3,7,0,0,8,0,0,0,0,4,1,6,6,1,18,4,125,1,14,HONDA FES125,1,E01032888,0,-1
2020010270359,2020,010270359,1,3,0,99,99,9,9,99,99,9,9,99,9,99,1,1,2,2,1,58,9,125,1,11,HONDA FES125,4,E01003268,0,-1
2020010253004,2020,010253004,1,3,0,17,19,4,8,0,0,0,0,0,0,0,1,1,6,6,1,19,4,125,1,7,HONDA FES125,1,E01002852,0,-1
2020010270855,2020,010270855,1,3,0,99,99,9,9,99,99,8,9,99,9,99,9,1,2,2,1,43,7,125,1,4,HONDA FES125,7,E01000963,0,-1
2020010233414,2020,010233414,1,3,0,99,99,9,9,99,99,9,9,99,9,99,9,1,6,6,1,24,5,125,1,12,HONDA FES125,3,E01032574,0,-1
2020010267425,2020,010267425,1,3,0,17,19,1,5,0,0,2,2,0,0,0,1,1,6,6,1,18,4,125,1,7,HONDA FES125,-1,-1,0,-1
2020010246666,2020,010246666,1,3,0,99,99,9,9,99,99,9,9,99,9,99,1,1,6,6,1,34,6,125,1,6,HONDA FES125,5,E01003139,0,-1
2020622000370,2020,622000370,2,4,0,18,19,2,6,0,0,1,0,0,0,0,1,1,6,6,1,31,6,125,1,10,-1,10,W01001796,0,-1
2020430282207,2020,430282207,2,3,0,18,19,8,8,0,0,8,0,0,0,0,4,1,6,6,1,37,7,125,1,12,HONDA FES125,10,E01028741,0,-1
2020010264527,2020,010264527,1,4,0,4,4,3,7,0,0,8,0,0,0,0,4,1,2,2,1,58,9,125,1,8,-1,10,E01003362,0,-1
2020010237828,2020,010237828,1,3,0,99,99,9,9,99,99,9,9,99,9,99,9,1,6,6,1,40,7,125,1,7,HONDA FES125,2,E01001152,0,-1
2020010245936,2020,010245936,1,3,0,18,19,1,5,0,0,8,5,0,0,0,1,1,2,2,1,53,8,125,1,8,HONDA FES125,2,E01004755,0,-1
2020010230157,2020,010230157,2,3,0,14,14,5,1,0,0,8,0,0,0,0,1,-1,6,6,1,22,5,125,1,7,HONDA FES125,3,E01002553,0,-1
2020302001614,2020,302001614,1,3,0,18,19,7,2,0,0,8,0,0,0,0,3,1,6,6,1,72,10,125,1,13,HONDA FES125,9,E01019767,0,-1
2020010252833,2020,010252833,1,2,0,18,19,3,7,0,0,1,0,0,0,0,3,1,6,6,1,20,4,125,1,14,-1,3,E01002568,0,-1
2020010258934,2020,010258934,1,3,0,99,99,9,9,99,99,9,9,99,9,99,1,1,2,2,1,27,6,125,1,8,HONDA FES125,4,E01001153,0,-1
2020052000335,2020,052000335,1,3,0,18,19,1,5,0,0,0,0,0,0,0,1,1,1,1,1,30,6,125,1,11,HONDA FES125,1,E01007005,0,-1
2020010239132,2020,010239132,1,3,0,4,4,6,2,0,0,1,0,0,0,0,1,-1,1,1,1,37,7,125,1,11,HONDA FES125,3,E01001941,0,-1
2020500996448,2020,500996448,1,3,0,9,9,3,7,0,0,1,0,0,0,0,1,1,1,1,1,27,6,125,1,8,HONDA FES125,7,E01015100,0,-1
2020200960515,2020,200960515,3,3,0,3,3,5,1,0,0,1,0,0,0,0,3,1,1,1,1,40,7,125,1,15,HONDA FES125,1,E01009374,0,-1
2020010276534,2020,010276534,1,2,0,14,14,1,5,0,0,1,0,4,0,0,4,1,6,6,1,24,5,125,1,11,-1,7,E01001125,0,-1
2020440237707,2020,440237707,1,3,0,4,4,5,1,0,0,1,0,0,0,0,2,1,6,6,1,66,10,125,1,10,HONDA FES125,9,E01022971,0,-1
2020010239964,2020,010239964,2,3,0,3,3,8,4,0,0,1,0,0,0,0,2,-1,6,6,1,58,9,125,1,10,HONDA FES125,2,E01002765,0,-1
2020420985190,2020,420985190,1,3,0,4,4,1,5,0,0,0,1,0,0,0,0,1,6,6,1,29,6,125,1,12,HONDA FES125,5,E01021497,0,-1
2020010268240,2020,010268240,1,3,0,14,14,5,1,0,0,1,0,0,0,0,3,1,6,6,1,46,8,125,1,7,HONDA FES125,3,E01004684,0,-1
2020010273038,2020,010273038,1,3,0,3,3,7,3,0,0,0,0,0,0,0,1,1,6,6,1,56,9,125,1,11,HONDA FES125,3,E01003113,0,-1
2020010236623,2020,010236623,2,4,0,7,7,6,1,0,0,1,2,0,0,0,1,1,2,2,1,30,6,125,1,12,-1,-1,-1,0,-1
2020010283774,2020,010283774,2,3,0,18,19,5,1,0,0,8,1,0,0,0,0,1,2,2,1,54,8,125,1,13,HONDA FES125,4,E01001873,0,-1
2020010272109,2020,010272109,1,3,0,18,19,3,7,0,0,0,0,4,0,0,2,1,6,6,1,36,7,125,1,11,HONDA FES125,3,E01001489,0,-1
2020010261564,2020,010261564,3,3,0,18,19,8,4,0,0,0,0,0,0,0,1,1,6,6,1,25,5,125,1,11,HONDA FES125,-1,-1,0,-1
2020010265557,2020,010265557,2,3,0,4,4,4,8,0,0,1,0,0,0,0,3,1,6,6,1,37,7,125,1,8,HONDA FES125,3,E01003536,0,-1
2020010263320,2020,010263320,2,3,0,5,5,1,5,0,0,1,0,0,0,0,4,1,1,1,1,23,5,125,1,11,HONDA FES125,4,E01001230,0,-1
2020010231866,2020,010231866,2,3,0,18,19,5,1,0,0,0,0,0,0,0,0,1,6,6,1,30,6,125,1,12,HONDA FES125,2,E01008999,0,-1
2020010239753,2020,010239753,1,3,9,99,99,9,9,99,99,9,9,99,9,99,9,-1,6,6,1,25,5,125,1,6,HONDA FES125,3,E01001858,0,-1
2020052001124,2020,052001124,1,3,0,3,3,5,1,0,0,0,0,0,0,0,1,1,1,1,1,31,6,125,1,6,HONDA FES125,2,E01006745,0,-1
2020200956986,2020,200956986,1,3,0,18,19,3,7,0,0,0,0,0,0,0,1,1,6,6,1,32,6,125,1,14,HONDA FES125,1,E01009485,0,-1
2020010286132,2020,010286132,1,4,0,18,19,6,2,0,0,1,0,0,0,0,0,1,6,6,1,42,7,125,1,12,-1,2,E01003309,0,-1
2020990956601,2020,990956601,2,3,0,18,19,5,5,0,0,1,1,0,0,0,1,1,6,6,1,72,10,125,1,13,HONDA FES125,4,-1,0,-1
2020010235668,2020,010235668,1,3,0,99,99,9,9,99,99,9,9,99,9,99,1,1,6,6,1,42,7,125,1,7,HONDA FES125,9,E01002112,0,-1
2020010255585,2020,010255585,1,3,0,18,19,3,7,0,0,0,0,0,0,0,1,1,1,1,1,26,6,124,1,15,HONDA FES125,-1,-1,0,-1
2020470915453,2020,470915453,1,9,0,9,9,1,7,0,0,6,0,0,0,0,3,1,5,6,1,63,9,2254,1,22,-1,5,E01031599,0,-1
2020010242594,2020,010242594,1,5,0,18,19,8,4,0,0,0,0,0,0,0,1,1,6,6,1,28,6,647,1,9,-1,7,E01000413,0,-1
2020430185156,2020,430185156,1,5,0,13,13,5,1,0,0,1,0,0,0,0,1,1,6,6,1,-1,-1,647,1,12,-1,-1,-1,0,-1
2020052000758,2020,052000758,2,3,0,18,19,7,3,0,0,1,0,0,0,0,0,1,1,1,1,39,7,125,1,10,Honda WW125,3,E01006743,0,-1
2020010250982,2020,010250982,1,3,0,99,99,9,9,99,99,1,9,99,9,99,1,1,6,6,1,30,6,125,1,8,Honda WW125,6,E01003033,0,-1
2020471000910,2020,471000910,1,3,0,18,19,6,2,0,0,1,0,0,0,0,4,1,6,6,1,18,4,125,1,10,Honda WW125,8,E01031698,0,-1
2020010258743,2020,010258743,1,3,0,99,99,9,9,99,99,0,9,99,9,99,9,1,6,6,1,24,5,125,1,8,Honda WW125,4,E01001182,0,-1
2020010279801,2020,010279801,1,3,0,99,99,9,9,99,99,9,9,99,9,99,1,1,2,2,1,52,8,125,1,10,Honda WW125,2,E01003933,0,-1
2020500981641,2020,500981641,2,3,0,18,19,7,3,0,0,0,0,0,0,0,3,1,6,6,1,24,5,125,1,9,Honda WW125,4,E01015042,0,-1
2020010286701,2020,010286701,2,3,0,17,19,5,1,0,0,6,2,0,0,0,1,1,6,6,1,40,7,125,1,9,Honda WW125,2,E01002086,0,-1
2020010259429,2020,010259429,1,3,0,11,11,1,5,0,0,0,0,0,1,0,1,1,6,6,1,29,6,125,1,9,Honda WW125,3,E01001479,0,-1
2020010255412,2020,010255412,2,3,0,18,19,8,4,0,0,1,1,10,0,0,1,1,6,6,1,27,6,125,1,9,Honda WW125,-1,-1,0,-1
2020010239080,2020,010239080,2,3,0,18,19,3,7,0,0,1,0,0,0,0,0,-1,6,6,1,29,6,125,1,8,Honda WW125,6,E01004530,0,-1
2020010274158,2020,010274158,2,3,0,18,19,7,3,0,0,1,0,0,0,0,2,1,6,6,1,42,7,125,1,7,Honda WW125,4,E01023899,0,-1
2020010248088,2020,010248088,1,3,0,99,99,9,9,99,99,9,9,99,9,99,9,1,6,6,1,42,7,125,1,9,Honda WW125,2,E01003922,0,-1
2020361016043,2020,361016043,2,3,0,9,9,4,1,0,0,8,0,0,0,0,3,1,1,1,1,29,6,125,1,9,Honda WW125,7,E01033540,0,-1
2020010250326,2020,010250326,2,4,0,99,99,9,9,99,99,0,9,99,9,99,1,1,6,6,3,-1,-1,125,1,9,Honda WW125,9,E01004596,0,-1
2020010285194,2020,010285194,1,3,0,99,99,9,9,99,99,9,9,99,9,99,2,1,6,6,1,25,5,125,1,9,Honda WW125,2,E01001911,0,-1
2020010258534,2020,010258534,1,3,0,18,19,5,1,0,0,0,1,0,0,0,0,1,1,1,1,23,5,125,1,9,Honda WW125,3,E01001240,0,-1
2020500984580,2020,500984580,1,3,0,18,19,3,7,0,0,8,5,0,0,0,3,1,6,6,1,34,6,125,1,9,Honda WW125,10,E01020004,0,-1
2020450975939,2020,450975939,1,3,0,18,19,6,2,0,0,0,1,10,0,0,4,1,5,6,1,18,4,125,1,10,Honda WW125,6,E01030649,0,-1
2020010265984,2020,010265984,2,2,0,15,15,3,7,0,0,8,0,0,0,0,1,1,2,2,1,26,6,125,1,8,Honda WW125,4,E01001297,0,-1
2020010234694,2020,010234694,1,3,0,99,99,9,9,99,99,9,9,99,9,99,1,1,6,6,1,27,6,125,1,8,Honda WW125,2,E01004260,0,-1
2020010283099,2020,010283099,1,3,0,9,9,5,3,0,0,8,1,0,0,0,1,1,6,6,1,22,5,125,1,10,Honda WW125,2,E01001006,0,-1
2020010261390,2020,010261390,1,3,0,15,15,8,4,0,0,8,0,0,0,0,3,1,6,6,1,38,7,125,1,9,Honda WW125,2,E01003151,0,-1
2020010270674,2020,010270674,1,3,0,11,11,5,1,0,0,0,1,0,0,0,0,1,6,6,1,27,6,125,1,9,Honda WW125,2,E01000998,0,-1
2020010281432,2020,010281432,2,3,0,99,99,9,9,99,99,9,9,99,9,99,9,1,6,6,3,30,6,125,1,8,Honda WW125,3,E01000305,0,-1
2020360995443,2020,360995443,2,3,0,18,19,1,5,0,0,1,0,0,0,0,4,1,1,1,1,29,6,125,1,9,Honda WW125,7,E01033540,0,-1
2020010280303,2020,010280303,1,3,0,99,99,9,9,99,99,9,9,99,9,99,1,1,6,6,2,35,6,125,1,9,Honda WW125,3,E01003387,0,-1
2020010287551,2020,010287551,1,2,0,5,5,6,2,0,0,1,0,0,0,0,0,1,1,1,1,27,6,125,1,8,Honda WW125,2,E01004290,0,-1
2020137CF0704,2020,137CF0704,1,3,0,18,19,3,7,0,0,1,1,0,0,0,0,1,6,6,1,40,7,125,1,9,Honda WW125,1,E01011423,0,-1
2020410993196,2020,410993196,1,3,0,12,12,1,7,0,0,5,0,0,0,0,2,1,5,6,1,37,7,125,1,9,Honda WW125,3,E01023310,0,-1
2020430075202,2020,430075202,1,3,0,18,19,8,4,0,0,8,0,0,0,0,1,1,2,2,1,18,4,125,1,8,Honda WW125,4,E01032732,0,-1
2020451008093,2020,451008093,1,3,0,18,19,7,3,0,0,0,1,0,0,0,0,1,2,2,1,44,7,125,1,9,Honda WW125,7,E01030410,0,-1
2020220923403,2020,220923403,2,3,0,18,19,2,6,0,0,1,0,0,0,0,1,1,2,2,1,41,7,125,1,9,Honda WW125,5,E01032305,0,-1
2020010271593,2020,010271593,1,3,0,99,99,9,9,99,99,9,9,99,9,99,9,1,6,6,1,33,6,125,1,8,Honda WW125,6,E01001163,0,-1
2020010265219,2020,010265219,1,3,0,18,19,1,5,0,0,8,0,0,0,0,1,1,6,6,1,28,6,125,1,10,Honda WW125,2,E01002703,0,-1
2020010254470,2020,010254470,2,3,0,18,19,1,5,0,0,0,0,0,0,0,1,1,6,6,1,19,4,125,1,9,Honda WW125,2,E01003256,0,-1
2020010267568,2020,010267568,2,3,0,3,3,1,5,0,0,2,0,0,0,0,2,1,6,6,1,25,5,125,1,9,Honda WW125,2,E01003288,0,-1
2020470944044,2020,470944044,1,3,0,5,5,1,5,0,0,0,0,0,8,11,1,1,5,6,1,34,6,125,1,9,Honda WW125,4,E01016974,0,-1
2020010268913,2020,010268913,2,3,0,13,13,4,8,0,0,1,0,0,0,0,1,1,6,6,1,23,5,125,1,8,Honda WW125,5,E01001946,0,-1
2020010245493,2020,010245493,1,3,0,18,19,1,5,0,0,0,0,0,0,0,1,1,1,1,1,18,4,125,1,8,Honda WW125,2,E01003243,0,-1
2020010269398,2020,010269398,1,3,0,99,99,9,9,99,99,9,9,99,9,99,9,1,6,6,1,33,6,125,1,8,Honda WW125,5,E01001500,0,-1
2020010247760,2020,010247760,2,3,0,99,99,9,9,99,99,9,9,99,9,99,1,1,6,6,3,29,6,125,1,8,Honda WW125,1,E01003347,0,-1
2020010235726,2020,010235726,1,3,0,99,99,9,9,99,99,9,9,99,9,99,9,1,6,6,2,35,6,124,1,9,Honda WW125,2,E01002741,0,-1
2020010251272,2020,010251272,2,4,0,4,4,1,5,2,2,0,0,0,0,0,1,1,6,6,1,22,5,125,1,10,Honda WW125,5,E01003751,0,-1
2020010269589,2020,010269589,1,3,0,10,10,5,3,0,0,1,0,0,0,0,2,1,1,1,1,34,6,125,1,9,Honda WW125,6,E01003367,0,-1
2020470947259,2020,470947259,2,3,0,18,19,5,1,0,0,0,0,0,0,0,4,1,1,1,1,62,9,125,1,8,Honda WW125,4,E01020974,0,-1
2020010237892,2020,010237892,1,3,0,18,19,7,3,0,0,8,5,0,0,0,1,1,1,1,1,27,6,125,1,9,Honda WW125,2,E01000086,0,-1
2020200954480,2020,200954480,2,4,0,3,3,2,6,0,0,0,0,0,0,0,2,1,2,2,1,26,6,125,1,9,Honda WW125,1,E01009113,0,-1
2020010257051,2020,010257051,2,3,0,14,14,3,7,0,0,1,5,0,0,0,4,1,1,1,1,29,6,125,1,8,Honda WW125,5,E01003392,0,-1
2020137A22076,2020,137A22076,2,3,0,18,19,6,8,0,0,8,0,0,0,0,2,1,6,6,1,28,6,125,1,9,Honda WW125,3,E01010776,0,-1
2020010264515,2020,010264515,1,3,0,99,99,9,9,99,99,9,9,99,9,99,2,9,6,6,1,31,6,125,1,8,Honda WW125,3,E01003520,0,-1
2020010232040,2020,010232040,1,2,0,18,19,5,1,0,0,1,1,0,0,0,1,-1,6,6,2,33,6,125,1,8,Honda WW125,2,E01002002,0,-1
2020010271038,2020,010271038,2,3,0,18,19,5,1,0,0,1,1,0,0,0,2,1,6,6,1,30,6,125,1,9,Honda WW125,3,E01003491,0,-1
2020010264330,2020,010264330,1,3,0,18,19,1,5,0,0,8,0,4,0,0,1,1,1,1,1,25,5,125,1,8,Honda WW125,1,E01001958,0,-1
2020010229657,2020,010229657,1,3,0,18,19,5,1,0,0,8,1,0,0,0,0,1,6,6,1,18,4,125,1,8,Honda WW125,-1,-1,0,-1
2020010247032,2020,010247032,1,3,0,99,99,9,9,99,99,9,9,99,9,99,1,-1,2,2,1,29,6,125,1,8,Honda WW125,2,E01002051,0,-1
2020010230797,2020,010230797,1,3,0,4,4,7,3,0,0,1,0,0,1,0,1,1,6,6,1,17,4,125,1,8,Honda WW125,6,E01004497,0,-1
2020410951382,2020,410951382,1,3,0,5,5,1,5,0,0,4,0,0,0,0,1,1,5,6,1,17,4,125,1,10,Honda WW125,10,E01023670,0,-1
2020010278617,2020,010278617,1,3,0,18,19,7,3,0,0,0,5,7,0,0,0,1,2,2,1,20,4,125,1,9,Honda WW125,2,E01000526,0,-1
2020010250920,2020,010250920,2,3,0,18,19,5,1,0,0,0,5,0,1,11,1,1,1,1,1,31,6,125,1,8,Honda WW125,2,E01003556,0,-1
2020010229824,2020,010229824,2,3,0,18,19,5,1,0,0,8,2,0,0,0,4,1,6,6,1,23,5,125,1,9,Honda WW125,-1,-1,0,-1
2020010247857,2020,010247857,1,3,0,99,99,9,9,99,99,9,9,99,9,99,1,-1,6,6,2,37,7,125,1,9,Honda WW125,3,E01002805,0,-1
2020010286293,2020,010286293,3,3,0,18,19,7,3,0,0,1,0,0,0,0,4,1,6,6,1,28,6,125,1,8,Honda WW125,3,E01001981,0,-1
2020010266081,2020,010266081,1,3,0,18,19,1,5,0,0,1,0,0,0,0,3,1,6,6,1,50,8,125,1,9,Honda WW125,-1,-1,0,-1
202006A176224,2020,06A176224,2,4,0,4,4,5,1,0,0,1,0,0,0,0,1,1,6,6,1,19,4,125,1,9,Honda WW125,2,E01033665,0,-1
2020010228502,2020,010228502,1,3,0,7,7,5,7,0,0,1,0,0,0,0,1,-1,2,2,1,37,7,125,1,9,Honda WW125,2,E01002051,0,-1
2020470961023,2020,470961023,2,3,0,18,19,3,7,0,0,8,0,0,0,0,3,1,6,6,1,35,6,125,1,8,Honda WW125,6,E01016996,0,-1
2020010247003,2020,010247003,1,3,0,99,99,9,9,99,99,9,9,99,9,99,9,1,6,6,2,23,5,125,1,9,Honda WW125,2,E01000626,0,-1
2020010232912,2020,010232912,1,3,0,99,99,9,9,99,99,9,9,99,9,99,1,-1,6,6,1,29,6,125,1,8,Honda WW125,3,E01003989,0,-1
2020010253935,2020,010253935,2,2,0,99,99,9,9,99,99,8,9,99,9,99,1,9,6,6,3,-1,-1,125,1,8,Honda WW125,5,E01004548,0,-1
2020320668834,2020,320668834,1,3,0,17,19,7,3,0,0,0,1,0,0,0,4,1,6,6,1,18,4,125,1,9,Honda WW125,3,E01026025,0,-1
2020010247765,2020,010247765,1,4,0,18,19,2,6,0,0,8,0,0,0,0,4,1,6,6,1,33,6,125,1,9,Honda WW125,2,E01002054,0,-1
2020010250840,2020,010250840,1,3,0,99,99,9,9,99,99,9,9,99,9,99,9,1,6,6,1,21,5,125,1,9,Honda WW125,1,E01001729,0,-1
2020010244444,2020,010244444,1,3,0,18,19,7,3,0,0,1,1,0,0,0,0,1,1,1,1,44,7,125,1,9,Honda WW125,5,E01001201,0,-1
2020010250550,2020,010250550,1,3,0,99,99,9,9,99,99,9,9,99,9,99,1,-1,6,6,1,20,4,125,1,9,Honda WW125,6,E01000492,0,-1
2020420972100,2020,420972100,1,3,0,18,19,5,5,0,0,0,0,10,0,0,1,1,2,2,1,39,7,125,1,8,Honda WW125,3,E01016012,0,-1
2020010245087,2020,010245087,1,3,0,99,99,9,9,99,99,9,9,99,9,99,1,1,6,6,1,45,7,125,1,9,Honda WW125,3,E01000553,0,-1
2020010265254,2020,010265254,1,3,0,6,6,5,5,0,0,1,0,0,7,11,0,1,6,6,2,41,7,125,1,9,Honda WW125,4,E01003740,0,-1
2020010236750,2020,010236750,1,2,0,18,19,1,5,0,0,1,0,0,0,0,4,-1,6,6,1,26,6,125,1,9,Honda WW125,2,E01000523,0,-1
2020010279541,2020,010279541,2,4,0,9,9,5,4,0,0,1,0,0,0,0,1,1,6,6,1,35,6,125,1,8,Honda WW125,5,E01002347,0,-1
2020010241495,2020,010241495,2,2,0,18,19,8,4,0,0,1,0,0,0,0,1,1,6,6,1,28,6,125,1,8,Honda WW125,2,E01002604,0,-1
2020010267211,2020,010267211,1,3,0,99,99,9,9,99,99,0,9,99,9,99,9,1,6,6,1,42,7,125,1,8,Honda WW125,3,E01004047,0,-1
2020010241062,2020,010241062,1,3,0,18,19,2,6,0,0,2,0,0,0,0,1,1,6,6,1,50,8,125,1,9,Honda WW125,4,E01004366,0,-1
2020470977555,2020,470977555,1,3,0,18,19,1,5,0,0,0,0,0,0,0,1,1,6,6,1,29,6,125,1,9,Honda WW125,4,E01016882,0,-1
2020522004932,2020,522004932,2,4,0,18,19,2,6,0,0,1,0,0,0,0,1,1,6,6,1,44,7,125,1,10,Honda WW125,7,E01014712,0,-1
2020340S08112,2020,340S08112,1,3,0,4,4,5,1,0,0,0,0,0,0,0,0,1,1,1,1,19,4,125,1,10,Honda WW125,4,E01027012,0,-1
2020010231658,2020,010231658,1,3,0,18,19,8,4,0,0,0,0,0,0,0,4,1,6,6,1,25,5,125,1,9,Honda WW125,4,E01000316,0,-1
2020010233911,2020,010233911,2,4,0,18,19,1,5,0,0,1,0,0,0,0,3,1,2,2,1,46,8,125,1,10,Honda WW125,8,E01003471,0,-1
2020010242381,2020,010242381,1,3,0,9,9,1,6,0,0,3,2,0,0,0,3,1,6,6,1,34,6,125,1,8,Honda WW125,6,E01002140,0,-1
2020137AL0758,2020,137AL0758,1,3,0,18,19,8,4,0,0,0,0,0,0,0,0,1,6,6,1,18,4,125,1,9,Honda WW125,1,E01010880,0,-1
2020010275403,2020,010275403,2,3,9,99,99,9,9,99,99,9,9,99,9,99,9,1,6,6,3,-1,-1,125,1,10,Honda WW125,-1,-1,0,-1
2020410951382,2020,410951382,2,2,0,5,5,1,5,0,0,4,0,0,0,0,1,1,5,6,1,16,4,125,1,10,Honda WW125,7,E01023527,0,-1
2020522100143,2020,522100143,1,3,0,18,19,3,7,0,0,0,0,0,0,0,1,1,6,6,1,46,8,125,1,9,Honda WW125,4,E01014892,0,-1
2020010244969,2020,010244969,1,3,0,18,19,3,7,0,0,1,0,0,0,0,1,-1,6,6,1,49,8,125,1,8,Honda WW125,4,E01002231,0,-1
2020010278233,2020,010278233,2,4,0,18,19,1,5,0,0,1,0,0,0,0,1,1,1,1,2,34,6,125,1,8,Honda WW125,2,E01000523,0,-1
2020010228207,2020,010228207,1,3,0,99,99,9,9,99,99,9,9,99,9,99,1,1,6,6,1,22,5,125,1,9,Honda WW125,7,E01003371,0,-1
2020010280137,2020,010280137,1,3,0,99,99,9,9,99,99,9,9,99,9,99,9,1,6,6,2,25,5,125,1,7,Honda WW125,3,E01001981,0,-1
2020010265630,2020,010265630,2,3,0,3,3,5,1,0,0,4,0,0,0,0,2,1,1,1,1,33,6,125,1,9,Honda WW125,-1,-1,0,-1
2020010285007,2020,010285007,1,3,0,99,99,9,9,99,99,9,9,99,9,99,1,1,6,6,1,26,6,125,1,8,Honda WW125,1,E01002069,0,-1
2020450917702,2020,450917702,1,3,0,13,13,5,1,0,0,0,0,0,0,0,1,1,5,6,1,38,7,125,1,8,Honda WW125,6,E01004109,0,-1
2020010262057,2020,010262057,1,3,0,99,99,9,9,99,99,0,9,99,9,99,1,1,6,6,1,32,6,125,1,9,Honda WW125,7,E01000764,0,-1
2020411024186,2020,411024186,1,3,0,18,19,6,2,0,0,0,0,0,1,0,1,1,5,6,1,18,4,125,1,10,Honda WW125,4,E01023350,0,-1
2020010251135,2020,010251135,1,3,0,13,13,3,7,0,0,1,1,0,0,0,1,1,1,1,1,28,6,125,1,10,Honda WW125,2,E01002810,0,-1
2020010248725,2020,010248725,2,4,0,15,15,5,1,0,0,8,0,0,0,0,1,1,6,6,1,33,6,125,1,9,Honda WW125,4,E01000477,0,-1
2020200953590,2020,200953590,1,3,0,9,9,8,6,4,4,6,0,0,0,0,1,1,1,1,1,37,7,125,1,10,Honda WW125,1,E01008996,0,-1
2020010231524,2020,010231524,2,3,9,99,99,9,9,99,99,9,9,99,9,99,9,1,6,6,1,-1,-1,125,1,8,Honda WW125,2,E01004251,0,-1
202031C174120,2020,31C174120,1,3,0,7,7,5,6,0,0,6,0,0,0,0,1,1,6,6,1,40,7,125,1,7,Honda WW125,-1,-1,0,-1
2020010241472,2020,010241472,1,3,0,16,19,1,5,0,0,8,0,0,0,0,4,1,6,6,1,21,5,125,1,9,Honda WW125,3,E01000973,0,-1
2020010258546,2020,010258546,2,3,0,18,19,5,1,0,0,1,0,0,0,0,1,1,1,1,1,21,5,125,1,9,Honda WW125,-1,-1,0,-1
2020010257499,2020,010257499,1,3,0,18,19,8,4,2,2,1,0,0,0,0,1,1,6,6,1,34,6,125,1,7,Honda WW125,2,E01001776,0,-1
2020010269026,2020,010269026,2,3,0,18,19,7,3,0,0,0,5,4,0,0,1,1,6,6,1,25,5,125,1,9,Honda WW125,5,E01003433,0,-1
2020010282623,2020,010282623,1,3,0,99,99,9,9,99,99,9,9,99,9,99,1,1,6,6,1,28,6,125,1,9,Honda WW125,2,E01004041,0,-1