collision_index,collision_year,collision_ref_no,vehicle_reference,vehicle_type,towing_and_articulation,vehicle_manoeuvre_historic,vehicle_manoeuvre,vehicle_direction_from,vehicle_direction_to,vehicle_location_restricted_lane_historic,vehicle_location_restricted_lane,junction_location,skidding_and_overturning,hit_object_in_carriageway,vehicle_leaving_carriageway,hit_object_off_carriageway,first_point_of_impact,vehicle_left_hand_drive,journey_purpose_of_driver_historic,journey_purpose_of_driver,sex_of_driver,age_of_driver,age_band_of_driver,engine_capacity_cc,propulsion_code,age_of_vehicle,generic_make_model,driver_imd_decile,lsoa_of_driver,escooter_flag,driver_distance_banding
20201371N1558,2020,1371N1558,1,3,0,18,19,1,5,0,0,0,1,0,0,0,4,1,1,1,1,35,6,125,1,6,Honda WW125,3,E01032606,0,-1
2020430133317,2020,430133317,2,4,0,18,19,1,5,0,0,8,0,0,0,0,1,1,1,1,1,39,7,125,1,8,Honda WW125,5,E01016577,0,-1
2020010264420,2020,010264420,1,3,0,18,19,8,4,0,0,1,5,0,0,0,1,1,6,6,1,21,5,125,1,8,Honda WW125,-1,-1,0,-1
2020010259270,2020,010259270,1,3,0,99,99,9,9,99,99,9,9,99,9,99,9,1,6,6,1,33,6,125,1,8,Honda WW125,2,E01001361,0,-1
2020010256552,2020,010256552,3,9,0,18,19,5,1,0,0,9,0,0,0,0,1,9,1,1,1,50,8,1995,1,21,-1,2,E01003256,0,-1
2020450958601,2020,450958601,1,9,0,18,19,7,3,0,0,1,0,0,0,0,1,1,5,6,1,78,11,1995,1,22,-1,5,E01030983,0,-1
2020450965420,2020,450965420,1,9,0,16,19,2,6,0,0,0,5,0,8,11,1,1,6,6,1,20,4,3982,1,0,MERCEDES AMG CLASS,10,E01030810,0,-1
2020420955336,2020,420955336,1,9,0,18,19,3,7,0,0,2,0,0,0,0,1,1,6,6,1,29,6,3982,1,1,MERCEDES AMG CLASS,6,E01021275,0,-1
2020010268373,2020,010268373,1,9,0,4,4,7,3,0,0,1,0,0,0,0,3,1,3,7,1,37,7,2996,1,1,MERCEDES AMG CLASS,6,E01003219,0,-1
2020450928783,2020,450928783,1,9,0,18,19,1,5,0,0,0,1,0,2,7,1,1,5,6,1,89,11,5461,1,4,MERCEDES AMG CLASS,10,E01030345,0,-1
2020421008680,2020,421008680,2,9,0,18,19,5,1,0,0,0,0,0,0,0,3,1,5,6,1,29,6,3982,1,2,MERCEDES AMG CLASS,10,E01021247,0,-1
2020440410191,2020,440410191,2,9,0,5,5,8,4,0,0,1,0,0,0,0,1,1,2,2,1,61,9,2996,1,3,MERCEDES AMG CLASS,10,E01022662,0,-1
2020122000643,2020,122000643,1,9,0,13,13,3,7,0,0,0,2,0,8,4,1,1,6,6,1,56,9,5461,1,4,MERCEDES AMG CLASS,7,E01012007,0,-1
202006XN75876,2020,06XN75876,1,9,0,18,19,5,1,0,0,0,0,1,0,0,1,1,6,6,1,48,8,1991,1,1,MERCEDES AMG CLASS,7,E01005057,0,-1
202006K170249,2020,06K170249,1,9,0,13,13,4,8,0,0,8,0,0,0,0,1,1,6,6,1,30,6,1991,1,1,MERCEDES AMG CLASS,-1,-1,0,-1
2020340N00762,2020,340N00762,1,9,0,18,19,1,5,0,0,1,1,0,2,0,1,1,6,6,1,32,6,1991,1,1,MERCEDES AMG CLASS,9,E01027307,0,-1
202063D048420,2020,63D048420,2,9,0,18,19,4,8,0,0,2,1,0,0,0,3,1,6,6,2,59,9,1991,1,0,MERCEDES AMG CLASS,6,E01009749,0,-1
2020010247033,2020,010247033,1,9,9,99,99,9,9,99,99,9,9,99,9,99,9,9,6,6,2,29,6,2996,1,3,MERCEDES AMG CLASS,3,E01002100,0,-1
202006A278701,2020,06A278701,1,9,0,18,19,1,5,0,0,0,0,0,0,0,1,1,6,6,1,41,7,1991,1,0,MERCEDES AMG CLASS,1,E01005093,0,-1
2020010244409,2020,010244409,3,9,0,18,19,1,5,0,0,0,0,0,0,0,3,1,6,6,3,-1,-1,3982,1,1,MERCEDES AMG CLASS,-1,-1,0,-1
2020010257095,2020,010257095,3,9,0,2,2,0,0,0,0,1,0,0,0,0,2,1,6,6,3,-1,-1,1991,1,0,MERCEDES AMG CLASS,-1,-1,0,-1
2020470983168,2020,470983168,2,9,0,13,13,8,4,0,0,0,5,0,0,0,4,1,5,6,1,60,9,5461,1,1,MERCEDES AMG CLASS,8,E01031618,0,-1
2020440051254,2020,440051254,3,9,0,18,19,7,3,0,0,0,0,0,0,0,1,1,6,6,1,59,9,1991,1,0,MERCEDES AMG CLASS,10,E01022893,0,-1
2020070016814,2020,070016814,2,9,0,18,19,4,8,0,0,8,0,0,0,0,0,2,2,2,1,28,6,3982,1,3,MERCEDES AMG CLASS,10,E01018471,0,-1
2020010267955,2020,010267955,2,9,0,18,19,3,7,0,0,1,0,0,0,0,4,1,6,6,1,33,6,2996,1,3,MERCEDES AMG CLASS,3,E01002100,0,-1
2020220963297,2020,220963297,2,9,0,18,19,4,8,0,0,0,0,0,0,0,3,1,5,6,2,61,9,1991,1,1,MERCEDES AMG CLASS,4,E01028871,0,-1
2020010284771,2020,010284771,2,9,0,99,99,9,9,99,99,0,9,99,9,99,9,9,6,6,1,47,8,1991,1,0,MERCEDES AMG CLASS,6,E01003936,0,-1
2020010245384,2020,010245384,1,9,0,18,19,2,6,0,0,0,0,0,0,0,1,1,6,6,1,24,5,1991,1,1,MERCEDES AMG CLASS,3,E01001111,0,-1
2020411005098,2020,411005098,1,9,0,18,19,7,3,0,0,0,0,0,0,0,1,1,6,6,1,25,5,3982,1,4,MERCEDES AMG CLASS,10,E01033025,0,-1
2020460980643,2020,460980643,1,9,0,18,19,8,4,0,0,0,0,10,1,10,1,1,6,6,1,33,6,3982,1,1,MERCEDES AMG CLASS,4,E01024296,0,-1
2020200989375,2020,200989375,1,9,0,18,19,2,6,0,0,2,1,4,0,0,1,1,6,6,1,25,5,5461,1,1,MERCEDES AMG CLASS,1,E01009074,0,-1
2020990935228,2020,990935228,1,9,0,9,9,8,7,0,0,1,0,0,0,0,1,1,5,6,1,42,7,5461,1,3,MERCEDES AMG CLASS,10,-1,0,-1
2020221005908,2020,221005908,2,9,0,5,5,6,2,0,0,6,2,0,2,11,4,1,5,6,1,26,6,1991,1,1,MERCEDES AMG CLASS,4,E01009866,0,-1
2020010241851,2020,010241851,1,9,0,7,7,3,5,0,0,1,0,0,0,0,2,1,6,6,1,37,7,1991,1,1,MERCEDES AMG CLASS,8,E01004511,0,-1
202006F277696,2020,06F277696,2,9,0,18,19,3,7,0,0,8,0,0,0,0,1,1,6,6,1,31,6,3982,1,4,MERCEDES AMG CLASS,9,E01005738,0,-1
202006A274439,2020,06A274439,1,9,0,13,13,8,4,0,0,8,0,0,0,0,1,1,6,6,3,-1,-1,3982,1,3,MERCEDES AMG CLASS,-1,-1,0,-1
2020010271247,2020,010271247,2,9,0,18,19,5,1,0,0,8,0,0,1,11,1,1,6,6,1,29,6,2996,1,1,MERCEDES AMG CLASS,5,E01017837,0,-1
2020460980040,2020,460980040,1,9,0,18,19,1,5,0,0,0,0,0,0,0,1,1,6,6,1,34,6,3982,1,2,MERCEDES AMG CLASS,5,E01016157,0,-1
2020010249084,2020,010249084,1,9,0,9,9,6,3,0,0,8,0,0,0,0,3,1,2,2,1,27,6,1991,1,3,MERCEDES AMG CLASS,1,E01002082,0,-1
2020440356059,2020,440356059,2,9,0,9,9,1,7,0,0,8,0,0,0,0,3,1,6,6,1,67,10,2996,1,4,MERCEDES AMG CLASS,-1,-1,0,-1
202006Q168521,2020,06Q168521,1,9,0,7,7,2,4,0,0,8,0,0,0,0,4,1,6,6,3,-1,-1,1991,1,4,MERCEDES AMG CLASS,-1,-1,0,-1
2020470994392,2020,470994392,1,9,0,18,19,3,7,0,0,0,0,4,8,11,1,1,6,6,1,29,6,2996,1,1,MERCEDES AMG CLASS,3,E01016919,0,-1
2020010954506,2020,010954506,1,9,0,17,19,7,3,0,0,0,0,0,0,0,1,1,6,6,1,-1,-1,2996,1,3,MERCEDES AMG CLASS,-1,-1,0,-1
202006Q278756,2020,06Q278756,1,9,0,9,9,6,3,0,0,6,0,0,0,0,1,1,6,6,1,31,6,1991,1,1,MERCEDES AMG CLASS,10,E01005407,0,-1
2020010268364,2020,010268364,1,9,0,99,99,9,9,99,99,1,9,99,9,99,2,9,6,6,1,55,8,3982,1,1,MERCEDES AMG CLASS,8,E01004687,0,-1
2020990972883,2020,990972883,1,9,0,13,13,2,6,0,0,0,0,0,8,10,1,1,6,6,1,28,6,1991,1,3,MERCEDES AMG CLASS,10,-1,0,-1
2020010248473,2020,010248473,2,9,0,99,99,9,9,99,99,9,9,99,9,99,9,9,6,6,3,-1,-1,2996,1,3,MERCEDES AMG CLASS,2,E01000904,0,-1
2020010232852,2020,010232852,1,9,0,99,99,9,9,99,99,9,9,99,9,99,2,9,6,6,2,47,8,2996,1,2,MERCEDES AMG CLASS,7,E01030707,0,-1
2020010265123,2020,010265123,2,9,0,18,19,5,1,0,0,0,0,99,9,99,9,1,6,6,3,-1,-1,2996,1,2,MERCEDES AMG CLASS,-1,-1,0,-1
2020552100159,2020,552100159,2,9,0,18,19,5,1,0,0,0,1,0,1,9,1,1,6,6,1,41,7,5461,1,5,MERCEDES AMG CLASS,2,E01015367,0,-1
2020450939372,2020,450939372,1,9,0,18,19,1,4,0,0,0,0,0,0,0,2,2,6,6,1,37,7,2996,1,2,MERCEDES AMG CLASS,10,E01016546,0,-1
2020420959369,2020,420959369,1,9,0,7,7,6,2,0,0,1,0,10,7,0,3,2,6,6,3,-1,-1,1991,1,2,MERCEDES AMG CLASS,-1,-1,0,-1
2020010266093,2020,010266093,2,9,0,18,19,1,5,0,0,1,1,4,0,0,1,1,6,6,1,29,6,3982,1,4,MERCEDES AMG CLASS,7,E01000714,0,-1
2020420950331,2020,420950331,1,9,0,18,19,5,1,0,0,0,0,4,7,0,1,1,6,6,1,38,7,2996,1,3,MERCEDES AMG CLASS,4,E01016003,0,-1
2020010284798,2020,010284798,2,9,0,99,99,9,9,99,99,9,9,99,9,99,1,9,6,6,1,33,6,5461,1,3,MERCEDES AMG CLASS,10,E01017822,0,-1
202006K170995,2020,06K170995,1,9,0,15,15,2,6,0,0,0,0,0,0,0,1,1,6,6,1,25,5,3982,1,3,MERCEDES AMG CLASS,2,E01004812,0,-1
202006A175458,2020,06A175458,2,9,0,18,19,6,2,0,0,8,0,0,0,0,3,1,6,6,1,29,6,2996,1,0,MERCEDES AMG CLASS,2,E01005149,0,-1
2020010232870,2020,010232870,2,9,0,99,99,9,9,99,99,9,9,99,9,99,2,9,6,6,3,41,7,3982,1,3,MERCEDES AMG CLASS,8,E01004292,0,-1
2020360932964,2020,360932964,1,9,0,18,19,5,1,0,0,2,0,0,3,9,1,1,5,6,1,47,8,3982,1,2,MERCEDES AMG CLASS,10,E01026927,0,-1
2020010250832,2020,010250832,3,9,0,2,2,0,0,0,0,0,0,0,0,0,2,1,6,6,3,-1,-1,2996,1,2,MERCEDES AMG CLASS,-1,-1,0,-1
2020010245378,2020,010245378,1,9,0,3,3,7,3,0,0,8,0,0,0,0,2,1,6,6,1,42,7,2996,1,0,MERCEDES AMG CLASS,7,E01002569,0,-1
2020010239433,2020,010239433,1,9,0,5,5,0,1,0,0,0,0,0,1,0,1,1,6,6,1,33,6,3982,1,2,MERCEDES AMG CLASS,2,E01000934,0,-1
2020200956726,2020,200956726,1,9,0,18,19,4,8,0,0,1,0,0,0,0,1,1,6,6,1,35,6,5461,1,3,MERCEDES AMG CLASS,1,E01009384,0,-1
2020137BH0332,2020,137BH0332,1,9,0,18,19,7,2,0,0,0,0,0,0,0,1,1,2,2,1,45,7,1991,1,1,MERCEDES AMG CLASS,7,E01005468,0,-1
2020430311922,2020,430311922,1,9,0,18,19,8,4,0,0,0,1,0,1,4,1,1,6,6,1,30,6,3982,1,1,MERCEDES AMG CLASS,10,E01016188,0,-1
2020440297662,2020,440297662,1,9,0,17,19,3,7,0,0,0,0,0,1,0,1,1,6,6,1,34,6,1991,1,3,MERCEDES AMG CLASS,5,E01015456,0,-1
2020140929309,2020,140929309,1,9,0,7,7,2,5,0,0,6,0,4,0,0,1,1,6,6,3,-1,-1,2996,1,3,MERCEDES AMG CLASS,-1,-1,0,-1
2020320003520,2020,320003520,2,9,0,2,2,0,0,0,0,0,0,0,0,0,2,1,6,6,3,-1,-1,3982,1,4,MERCEDES AMG CLASS,-1,-1,0,-1
2020410924271,2020,410924271,2,9,0,4,4,2,6,0,0,0,0,0,0,0,1,1,2,2,1,-1,-1,2999,1,1,MERCEDES AMG CLASS,8,E01023916,0,-1
2020010248482,2020,010248482,2,9,9,99,99,9,9,99,99,9,0,99,9,99,9,9,6,6,3,-1,-1,3982,1,2,MERCEDES AMG CLASS,-1,-1,0,-1
2020010250965,2020,010250965,2,9,0,99,99,9,9,99,99,9,9,99,9,99,9,9,6,6,3,-1,-1,5461,1,2,MERCEDES AMG CLASS,9,E01021767,0,-1
2020010254752,2020,010254752,1,9,0,4,4,5,1,0,0,1,0,0,0,0,2,1,6,6,1,36,7,1991,1,1,MERCEDES AMG CLASS,4,E01003114,0,-1
202031C074020,2020,31C074020,2,9,0,18,19,4,8,0,0,1,0,0,0,0,3,1,6,6,2,28,6,3982,1,3,MERCEDES AMG CLASS,1,E01013958,0,-1
2020350949164,2020,350949164,2,9,0,18,19,1,5,0,0,0,1,0,0,0,3,1,2,2,2,43,7,3982,1,3,MERCEDES AMG CLASS,-1,-1,0,-1
2020230969717,2020,230969717,1,9,0,12,12,8,4,0,0,3,5,0,7,1,1,1,5,6,1,15,3,3982,1,2,MERCEDES AMG CLASS,6,E01016231,0,-1
2020430186339,2020,430186339,1,9,0,18,19,2,6,0,0,0,0,0,0,0,1,1,6,6,1,58,9,2996,1,3,MERCEDES AMG CLASS,10,E01017794,0,-1
2020210949669,2020,210949669,1,3,0,9,9,7,4,0,0,2,0,0,0,0,1,1,6,6,1,55,8,124,1,10,-1,2,E01029717,0,-1
2020201017914,2020,201017914,1,3,0,18,19,4,8,0,0,8,0,0,0,0,4,1,2,2,1,21,5,124,1,17,PIAGGIO ZIP,1,E01010366,0,-1
202031A147820,2020,31A147820,2,2,0,18,19,6,2,0,0,8,1,0,0,0,1,1,6,6,2,21,5,49,1,10,PIAGGIO ZIP,2,E01028313,0,-1
2020100923138,2020,100923138,1,2,0,18,19,7,7,0,0,1,0,0,0,0,1,1,5,6,1,34,6,49,1,3,PIAGGIO ZIP,2,E01008474,0,-1
2020122000761,2020,122000761,2,2,0,18,19,1,5,0,0,0,0,0,0,0,1,1,6,6,1,17,4,49,1,3,PIAGGIO ZIP,7,E01013406,0,-1
2020350929145,2020,350929145,2,3,0,5,5,5,1,0,0,1,0,0,0,0,1,1,6,6,1,17,4,96,1,13,PIAGGIO ZIP,6,E01033120,0,-1
2020500945820,2020,500945820,2,2,0,4,4,7,3,0,0,1,1,0,0,0,1,1,2,2,1,17,4,49,1,11,PIAGGIO ZIP,5,E01020050,0,-1
2020440143815,2020,440143815,1,2,0,16,19,1,5,0,0,0,0,0,0,0,1,1,6,6,1,37,7,49,1,7,PIAGGIO ZIP,1,E01017053,0,-1
2020140959655,2020,140959655,2,2,0,18,19,1,5,0,0,1,2,0,0,0,1,1,6,6,1,62,9,49,1,18,PIAGGIO ZIP,1,E01007318,0,-1
2020010280473,2020,010280473,1,3,0,99,99,9,9,99,99,9,9,99,9,99,9,1,6,6,2,24,5,-1,-1,-1,PIAGGIO ZIP,3,E01003122,0,-1
2020137AF1551,2020,137AF1551,1,2,0,18,19,4,8,0,0,0,0,0,0,0,1,1,6,6,1,16,4,49,1,3,PIAGGIO ZIP,6,E01011057,0,-1
2020460955033,2020,460955033,1,3,0,18,19,-1,-1,0,0,0,5,0,0,0,1,1,6,6,1,24,5,-1,-1,-1,PIAGGIO ZIP,4,E01016115,0,-1
2020122000338,2020,122000338,2,2,0,4,4,3,4,0,0,1,0,0,0,0,1,1,2,2,1,20,4,49,1,7,PIAGGIO ZIP,3,E01013335,0,-1
2020140968396,2020,140968396,2,2,0,13,13,8,4,0,0,1,5,0,7,0,1,1,5,6,1,16,4,49,1,8,PIAGGIO ZIP,1,E01007327,0,-1
2020161007743,2020,161007743,1,2,0,9,9,3,1,0,0,8,0,0,0,0,1,1,5,6,2,16,4,49,1,13,PIAGGIO ZIP,5,E01013274,0,-1
2020470977911,2020,470977911,2,2,0,5,5,3,7,0,0,8,0,0,0,0,4,1,6,6,1,17,4,49,1,4,PIAGGIO ZIP,1,E01016915,0,-1
2020010244409,2020,010244409,1,2,0,18,19,5,1,0,0,0,5,0,0,0,3,1,6,6,1,26,6,49,1,8,PIAGGIO ZIP,5,E01002671,0,-1
2020010253127,2020,010253127,1,2,0,9,9,1,7,0,0,8,0,0,0,0,3,1,6,6,2,39,7,49,1,8,PIAGGIO ZIP,1,E01001955,0,-1
2020200995038,2020,200995038,3,2,0,13,13,8,4,0,0,8,2,10,7,0,1,1,6,6,1,16,4,49,1,6,PIAGGIO ZIP,6,E01009976,0,-1
2020421000080,2020,421000080,2,2,0,4,4,1,2,0,0,0,0,0,0,0,1,1,6,6,1,27,6,49,1,6,PIAGGIO ZIP,-1,-1,0,-1
2020122000835,2020,122000835,1,2,0,18,19,2,6,0,0,8,0,0,0,0,0,1,6,6,1,17,4,49,1,4,PIAGGIO ZIP,-1,-1,0,-1
2020040976818,2020,040976818,2,2,0,18,19,5,1,0,0,0,0,0,0,0,3,1,5,6,1,71,10,49,1,12,PIAGGIO ZIP,5,E01025428,0,-1
2020522100393,2020,522100393,2,2,0,18,19,7,3,0,0,8,0,0,0,0,1,1,6,6,1,24,5,49,1,8,PIAGGIO ZIP,10,E01014966,0,-1
2020450963402,2020,450963402,2,2,0,18,19,1,4,0,0,0,1,0,0,0,1,1,6,6,1,33,6,49,1,3,PIAGGIO ZIP,-1,-1,0,-1
2020010253666,2020,010253666,1,2,0,99,99,9,9,99,99,9,9,99,9,99,9,1,6,6,1,16,4,49,1,6,PIAGGIO ZIP,4,E01000928,0,-1
2020122000318,2020,122000318,1,2,0,18,19,5,1,0,0,8,0,0,0,0,1,1,4,7,1,16,4,49,1,2,PIAGGIO ZIP,7,E01013419,0,-1
2020500954481,2020,500954481,1,2,0,17,19,1,5,0,0,0,2,11,2,0,1,1,6,6,1,37,7,49,1,9,PIAGGIO ZIP,1,E01015196,0,-1
2020400973734,2020,400973734,1,2,0,16,19,8,4,0,0,0,0,10,0,0,1,1,2,2,1,17,4,49,1,3,PIAGGIO ZIP,5,E01017586,0,-1
2020122000362,2020,122000362,1,2,0,13,13,6,2,0,0,0,0,0,0,0,1,1,6,6,1,16,4,49,1,9,PIAGGIO ZIP,10,E01027880,0,-1
20201372E1313,2020,1372E1313,1,2,0,18,19,7,3,0,0,1,1,0,0,0,1,1,6,6,1,16,4,49,1,7,PIAGGIO ZIP,5,E01011031,0,-1
20201371A0792,2020,1371A0792,2,2,0,14,14,7,3,0,0,1,5,0,0,0,1,1,6,6,1,16,4,49,1,8,PIAGGIO ZIP,2,E01011421,0,-1
202031C112220,2020,31C112220,1,2,0,18,19,6,2,0,0,8,0,0,0,0,1,1,6,6,1,16,4,49,1,4,PIAGGIO ZIP,1,E01013864,0,-1
2020201017881,2020,201017881,2,2,0,18,19,6,2,0,0,8,0,0,0,0,3,1,6,6,1,16,4,49,1,4,PIAGGIO ZIP,3,E01009887,0,-1
2020440338409,2020,440338409,1,3,0,18,19,4,8,0,0,8,0,0,0,0,3,1,6,6,1,22,5,-1,-1,-1,PIAGGIO ZIP,6,E01017271,0,-1
2020200985372,2020,200985372,2,2,0,14,14,6,2,0,0,8,5,0,0,0,1,1,5,6,1,19,4,49,1,11,PIAGGIO ZIP,1,E01009952,0,-1
2020430058080,2020,430058080,2,3,0,18,19,4,8,0,0,1,1,0,0,0,1,1,6,6,1,27,6,-1,-1,-1,PIAGGIO ZIP,9,E01017927,0,-1
2020471010266,2020,471010266,1,2,0,13,13,7,3,0,0,0,1,0,0,0,1,1,5,6,1,16,4,49,1,4,PIAGGIO ZIP,2,E01021020,0,-1
2020100961183,2020,100961183,2,2,0,3,3,7,3,0,0,1,0,0,0,0,2,1,5,6,1,34,6,49,1,3,PIAGGIO ZIP,4,E01008513,0,-1
2020420977869,2020,420977869,2,2,0,18,19,4,8,0,0,0,0,0,0,0,1,1,6,6,1,69,10,49,1,11,PIAGGIO ZIP,6,E01015866,0,-1
2020420951541,2020,420951541,3,3,0,18,19,1,5,0,0,0,5,0,0,0,0,1,5,6,1,22,5,-1,-1,-1,PIAGGIO ZIP,2,E01021596,0,-1
2020010228323,2020,010228323,2,3,0,13,13,5,1,0,0,1,0,0,0,0,1,-1,2,2,1,22,5,-1,-1,-1,PIAGGIO ZIP,4,E01000805,0,-1
2020160985651,2020,160985651,2,2,0,18,19,1,5,0,0,1,0,0,0,0,1,1,6,6,1,18,4,49,1,13,PIAGGIO ZIP,-1,-1,0,-1
2020160937437,2020,160937437,1,2,0,18,19,7,3,0,0,0,0,0,0,0,2,1,5,6,1,16,4,49,1,13,PIAGGIO ZIP,1,E01013311,0,-1
2020010259288,2020,010259288,1,2,0,18,19,5,1,0,0,0,1,0,0,0,1,1,6,6,1,16,4,49,1,2,PIAGGIO ZIP,4,E01002611,0,-1
2020010260330,2020,010260330,1,2,0,5,5,0,5,0,0,0,0,0,0,0,1,1,6,6,1,16,4,49,1,4,PIAGGIO ZIP,-1,-1,0,-1
2020460999265,2020,460999265,2,2,0,18,19,6,8,0,0,6,0,0,0,0,1,1,6,6,1,16,4,49,1,7,PIAGGIO ZIP,5,E01032654,0,-1
2020122000949,2020,122000949,1,2,0,4,4,1,5,0,0,0,0,0,0,0,1,1,6,6,1,16,4,49,1,8,PIAGGIO ZIP,5,E01013384,0,-1
2020430191520,2020,430191520,2,2,0,18,19,2,6,0,0,8,0,0,0,0,1,1,6,6,1,17,4,49,1,3,PIAGGIO ZIP,10,E01016622,0,-1
2020010263706,2020,010263706,2,3,0,18,19,1,5,0,0,0,0,0,0,0,1,1,6,6,1,16,4,-1,-1,-1,PIAGGIO ZIP,5,E01000379,0,-1
2020360953918,2020,360953918,1,2,0,18,19,1,4,0,0,0,0,0,0,0,1,1,6,6,1,19,4,49,1,19,PIAGGIO ZIP,-1,-1,0,-1
2020140974232,2020,140974232,1,2,0,18,19,3,7,0,0,1,0,4,0,0,1,1,6,6,1,17,4,49,1,19,PIAGGIO ZIP,1,E01007317,0,-1
2020350937374,2020,350937374,1,2,0,7,7,5,7,0,0,2,-1,0,0,0,1,1,6,6,1,-1,-1,49,1,10,PIAGGIO ZIP,-1,-1,0,-1
2020522004796,2020,522004796,2,3,0,18,19,7,3,0,0,8,0,0,0,0,1,1,6,6,1,16,4,-1,-1,-1,PIAGGIO ZIP,8,E01033331,0,-1
2020470941753,2020,470941753,2,3,0,4,4,2,6,0,0,1,0,0,0,0,1,1,5,6,1,27,6,102,1,3,Peugeot KISBEE,3,E01016952,0,-1
2020010264677,2020,010264677,1,3,0,18,19,5,1,0,0,8,0,0,0,0,1,1,6,6,1,16,4,-1,-1,-1,Peugeot KISBEE,7,E01003456,0,-1
2020360953890,2020,360953890,1,2,0,5,5,4,8,0,0,2,0,0,0,0,3,1,5,6,1,76,11,49,1,1,Peugeot KISBEE,4,E01026729,0,-1
2020440491400,2020,440491400,2,2,0,18,19,6,2,0,0,0,0,0,0,0,2,1,2,2,1,51,8,49,1,2,Peugeot KISBEE,4,E01017308,0,-1
2020460932066,2020,460932066,1,2,0,18,19,8,4,0,0,2,0,0,0,0,1,1,5,6,1,17,4,49,1,7,Peugeot KISBEE,5,E01024194,0,-1
2020420972940,2020,420972940,1,2,0,18,19,2,6,0,0,0,5,0,0,0,4,1,5,6,1,16,4,49,1,3,Peugeot KISBEE,6,E01021460,0,-1
2020052000888,2020,052000888,2,3,0,18,19,3,7,0,0,8,0,0,0,0,1,1,2,2,2,39,7,-1,-1,-1,Peugeot KISBEE,1,E01007269,0,-1
2020302000368,2020,302000368,4,3,0,4,4,8,4,0,0,0,0,0,0,0,2,1,6,6,1,28,6,102,1,3,Peugeot KISBEE,2,E01013908,0,-1
2020010261899,2020,010261899,1,3,0,99,99,9,9,99,99,9,9,99,9,99,1,1,2,2,1,39,7,102,1,5,Peugeot KISBEE,4,E01000472,0,-1
2020010283086,2020,010283086,1,2,0,99,99,9,9,99,99,9,9,99,9,99,1,1,6,6,1,35,6,49,1,2,Peugeot KISBEE,4,E01001636,0,-1
2020220945358,2020,220945358,1,2,0,17,19,4,1,0,0,8,0,0,0,0,1,1,2,2,1,16,4,49,1,3,Peugeot KISBEE,4,E01014041,0,-1
2020070505428,2020,070505428,2,3,0,18,19,7,3,0,0,0,0,0,0,0,1,1,6,6,1,41,7,102,1,4,Peugeot KISBEE,8,E01018495,0,-1
2020470964235,2020,470964235,1,2,0,18,19,7,3,0,0,1,0,0,0,0,1,1,5,6,1,16,4,49,1,0,Peugeot KISBEE,1,E01016866,0,-1
202006M169580,2020,06M169580,2,2,0,7,7,4,7,0,0,3,0,0,0,0,3,1,2,2,1,45,7,49,1,1,Peugeot KISBEE,7,E01005156,0,-1
2020140979804,2020,140979804,1,2,0,18,19,7,3,0,0,1,0,0,0,0,1,1,6,6,1,-1,-1,49,1,2,Peugeot KISBEE,2,E01007726,0,-1
2020440216223,2020,440216223,1,4,0,18,19,3,7,0,0,1,0,0,0,0,1,1,6,6,1,30,6,-1,-1,-1,-1,5,E01021298,0,-1
2020450916151,2020,450916151,2,2,0,18,19,1,5,0,0,0,2,0,0,0,0,1,2,2,1,34,6,49,1,2,Peugeot KISBEE,10,E01030754,0,-1
2020440052687,2020,440052687,1,2,0,18,19,8,4,0,0,8,0,0,0,0,1,1,2,2,2,24,5,49,1,3,Peugeot KISBEE,3,E01022739,0,-1
2020201006163,2020,201006163,2,3,0,18,19,4,8,0,0,8,0,0,0,0,1,1,6,6,1,63,9,102,1,6,Peugeot KISBEE,1,E01009130,0,-1
2020500962274,2020,500962274,1,2,0,18,19,7,3,0,0,0,0,0,0,0,1,1,5,6,1,16,4,49,1,6,Peugeot KISBEE,5,E01019065,0,-1
2020302001318,2020,302001318,1,2,0,4,4,2,6,0,0,0,1,0,0,0,1,1,2,2,1,18,4,49,1,2,Peugeot KISBEE,5,E01019428,0,-1
2020052002145,2020,052002145,1,3,0,4,4,3,7,0,0,4,1,0,0,0,3,1,2,2,2,54,8,102,1,5,Peugeot KISBEE,5,E01006942,0,-1
2020360989556,2020,360989556,1,2,0,18,19,4,2,0,0,0,0,0,0,0,4,1,4,7,1,16,4,49,1,5,Peugeot KISBEE,9,E01026448,0,-1
2020460975432,2020,460975432,1,3,0,18,19,5,1,0,0,0,0,0,0,0,1,1,6,6,1,24,5,-1,-1,-1,Peugeot KISBEE,1,E01024177,0,-1
2020160933982,2020,160933982,2,2,0,13,13,1,6,0,0,1,0,0,0,0,1,1,1,1,1,34,6,49,1,4,Peugeot KISBEE,1,E01012887,0,-1
2020010240030,2020,010240030,2,3,0,13,13,7,3,0,0,1,0,0,0,0,1,1,1,1,1,50,8,102,1,4,Peugeot KISBEE,9,E01003905,0,-1
2020440153829,2020,440153829,1,3,0,18,19,7,3,0,0,0,0,0,0,0,1,1,2,2,1,18,4,124,1,12,-1,4,E01017257,0,-1
2020040937174,2020,040937174,1,3,0,18,19,4,2,0,0,4,1,0,0,0,3,1,2,2,1,29,6,125,1,3,SINNIS ZS 125,1,E01025042,0,-1
2020010282006,2020,010282006,2,3,0,9,9,5,3,0,0,8,0,10,0,0,4,1,6,6,1,28,6,125,1,2,SINNIS ZS 125,6,E01002640,0,-1