collision_index,collision_year,collision_ref_no,vehicle_reference,vehicle_type,towing_and_articulation,vehicle_manoeuvre_historic,vehicle_manoeuvre,vehicle_direction_from,vehicle_direction_to,vehicle_location_restricted_lane_historic,vehicle_location_restricted_lane,junction_location,skidding_and_overturning,hit_object_in_carriageway,vehicle_leaving_carriageway,hit_object_off_carriageway,first_point_of_impact,vehicle_left_hand_drive,journey_purpose_of_driver_historic,journey_purpose_of_driver,sex_of_driver,age_of_driver,age_band_of_driver,engine_capacity_cc,propulsion_code,age_of_vehicle,generic_make_model,driver_imd_decile,lsoa_of_driver,escooter_flag,driver_distance_banding
2020100985145,2020,100985145,2,9,0,18,19,5,1,0,0,8,0,0,0,0,3,1,5,6,1,54,8,1360,1,13,CITROEN C3,1,E01008702,0,-1
2020101002973,2020,101002973,2,9,0,18,19,5,1,0,0,0,0,10,2,0,1,1,2,2,2,59,9,1200,1,3,CITROEN C3,-1,-1,0,-1
2020350939349,2020,350939349,2,9,0,2,2,0,0,9,9,0,0,0,0,0,1,1,5,6,2,28,6,1200,1,2,CITROEN C3,7,E01015683,0,-1
2020200988926,2020,200988926,4,9,0,2,2,0,0,0,0,0,0,0,0,0,1,1,6,6,2,66,10,1398,2,12,CITROEN C3,4,E01010298,0,-1
2020522004030,2020,522004030,1,9,0,18,19,4,2,0,0,8,0,0,0,0,4,1,6,6,1,56,9,1598,1,9,CITROEN C3,2,E01014660,0,-1
2020010245598,2020,010245598,2,9,0,99,99,9,9,99,99,9,9,99,9,99,9,9,6,6,3,-1,-1,1200,1,2,CITROEN C3,-1,-1,0,-1
2020160990901,2020,160990901,1,9,0,18,19,8,4,0,0,0,0,0,0,0,3,1,2,2,2,24,5,1360,1,13,CITROEN C3,1,E01026069,0,-1
2020351014012,2020,351014012,1,9,0,9,9,3,1,0,0,8,0,0,0,0,3,1,5,6,1,73,10,1560,2,10,CITROEN C3,1,E01015607,0,-1
2020010261117,2020,010261117,2,9,0,99,99,9,9,99,99,9,9,99,9,99,1,9,6,6,3,56,9,1200,1,2,CITROEN C3,2,E01032805,0,-1
2020141009047,2020,141009047,2,9,0,-1,-1,-1,-1,0,0,0,-1,-1,-1,0,1,1,6,6,3,-1,-1,1360,1,17,CITROEN C3,-1,-1,0,-1
2020990976574,2020,990976574,1,9,0,18,19,1,5,0,0,0,0,0,0,0,3,1,6,6,1,79,11,1598,1,8,CITROEN C3,6,-1,0,-1
2020400962920,2020,400962920,2,9,0,18,19,1,5,0,0,0,0,0,3,0,3,1,6,6,1,19,4,1587,1,16,CITROEN C3,8,E01017467,0,-1
2020360995447,2020,360995447,2,9,0,18,19,3,7,0,0,1,0,0,0,0,4,1,1,1,1,65,9,1560,2,11,CITROEN C3,4,E01026780,0,-1
2020520100476,2020,520100476,1,9,0,16,19,3,7,0,0,8,0,0,0,0,1,1,6,6,2,64,9,1560,2,11,CITROEN C3,5,E01029325,0,-1
2020140925301,2020,140925301,1,9,0,18,19,3,7,0,0,0,0,0,1,10,1,1,5,6,2,75,10,1199,1,2,CITROEN C3,6,E01007696,0,-1
2020320073285,2020,320073285,1,9,0,2,2,0,0,0,0,0,0,0,0,0,1,1,6,6,3,-1,-1,1360,1,17,CITROEN C3,-1,-1,0,-1
2020052001684,2020,052001684,1,9,0,18,19,3,7,0,0,0,0,0,0,0,3,1,6,6,2,67,10,1200,1,2,CITROEN C3,3,E01007237,0,-1
2020440458748,2020,440458748,1,9,0,18,19,7,3,0,0,0,0,0,0,0,4,1,6,6,1,51,8,1360,1,14,CITROEN C3,4,E01017334,0,-1
2020122100204,2020,122100204,2,9,0,18,19,5,1,0,0,2,0,0,0,0,1,1,6,6,2,42,7,1560,2,10,CITROEN C3,6,E01027701,0,-1
2020471006749,2020,471006749,1,9,0,9,9,8,6,0,0,0,0,0,0,0,1,1,5,6,2,74,10,1360,1,13,CITROEN C3,8,E01021233,0,-1
2020420968912,2020,420968912,1,9,0,18,19,2,6,0,0,0,0,0,7,10,0,1,5,6,1,38,7,1360,1,14,CITROEN C3,8,E01030101,0,-1
2020400931460,2020,400931460,2,9,0,18,19,4,8,0,0,0,0,0,0,0,1,1,6,6,2,54,8,1200,1,2,CITROEN C3,3,E01015713,0,-1
2020030970299,2020,030970299,1,9,0,5,5,3,5,0,0,8,1,0,0,0,3,1,2,2,2,30,6,1199,1,1,CITROEN C3,1,E01019111,0,-1
2020440307357,2020,440307357,1,9,0,5,5,0,5,0,0,0,0,0,0,0,3,1,6,6,2,39,7,1587,1,11,CITROEN C3,6,E01017072,0,-1
2020990946685,2020,990946685,1,9,0,17,19,7,3,0,0,4,0,0,0,0,3,1,5,6,2,48,8,1560,2,3,CITROEN C3,3,-1,0,-1
2020220916893,2020,220916893,1,9,0,18,19,2,6,0,0,0,0,4,8,0,1,1,5,6,1,31,6,1199,1,1,CITROEN C3,1,E01032232,0,-1
2020160970930,2020,160970930,3,9,0,18,19,1,5,0,0,0,0,0,0,0,2,1,6,6,1,20,4,1124,1,13,CITROEN C3,7,E01013100,0,-1
2020520004581,2020,520004581,1,9,0,8,8,7,1,0,0,1,0,0,0,0,2,1,6,6,2,49,8,1200,1,2,CITROEN C3,4,E01029281,0,-1
2020370941039,2020,370941039,1,9,0,18,19,2,6,0,0,0,0,0,0,0,1,1,5,6,2,31,6,1360,1,14,CITROEN C3,5,E01030030,0,-1
2020122100311,2020,122100311,3,9,0,18,19,2,6,0,0,0,0,0,0,0,2,1,2,2,2,24,5,1397,1,9,CITROEN C3,3,E01013444,0,-1
2020230940358,2020,230940358,1,9,0,4,4,8,5,0,0,3,0,0,0,0,1,1,6,6,2,33,6,1360,1,13,CITROEN C3,9,E01031039,0,-1
2020221006648,2020,221006648,1,9,0,7,7,1,3,0,0,5,0,0,7,0,2,1,5,6,2,59,9,1199,1,2,CITROEN C3,7,E01010356,0,-1
2020200931716,2020,200931716,3,9,0,3,3,4,8,0,0,0,0,0,0,0,2,1,2,2,2,33,6,1199,1,7,CITROEN C3,1,E01009702,0,-1
2020211001509,2020,211001509,1,9,0,5,5,1,7,0,0,8,0,0,0,0,1,1,6,6,2,64,9,1587,1,14,CITROEN C3,5,E01029774,0,-1
2020440361329,2020,440361329,1,9,0,18,19,1,5,0,0,1,0,0,7,10,1,1,6,6,1,19,4,1398,2,15,CITROEN C3,3,E01017347,0,-1
2020460944344,2020,460944344,2,9,0,18,19,6,1,0,0,1,0,0,0,0,1,1,5,6,2,75,10,1360,1,13,CITROEN C3,5,E01024654,0,-1
2020122000797,2020,122000797,2,9,0,18,19,5,1,0,0,1,0,0,0,0,4,1,6,6,2,45,7,1598,1,10,CITROEN C3,8,E01027748,0,-1
2020052001115,2020,052001115,2,9,0,18,19,8,4,0,0,8,2,0,0,0,3,1,6,6,1,25,5,1200,1,2,CITROEN C3,7,E01006668,0,-1
202031A163720,2020,31A163720,2,9,0,18,19,8,4,0,0,1,0,0,0,0,2,1,6,6,1,24,5,1199,1,0,CITROEN C3,6,E01027989,0,-1
202031A013420,2020,31A013420,1,9,0,9,9,8,4,0,0,6,0,0,0,0,1,1,6,6,1,73,10,1560,2,9,CITROEN C3,9,E01028219,0,-1
2020470984456,2020,470984456,1,9,0,18,19,4,8,0,0,8,0,0,0,0,1,1,2,2,2,24,5,1560,2,5,CITROEN C3,3,E01021102,0,-1
2020100925719,2020,100925719,1,9,0,5,5,7,3,0,0,4,0,0,0,0,3,1,5,6,1,82,11,1200,1,2,CITROEN C3,5,E01020891,0,-1
2020302001113,2020,302001113,2,9,0,9,9,2,8,0,0,8,0,0,0,0,3,1,2,2,1,55,8,1199,1,1,CITROEN C3,5,E01019738,0,-1
2020501015121,2020,501015121,1,9,0,7,7,3,5,0,0,6,0,0,0,0,1,1,6,6,2,74,10,1560,2,10,CITROEN C3,10,E01020165,0,-1
2020340D07352,2020,340D07352,1,9,0,18,19,2,6,0,0,0,0,7,7,10,1,1,6,6,1,41,7,1360,1,15,CITROEN C3,2,E01026992,0,-1
2020360977692,2020,360977692,1,9,0,5,5,1,6,0,0,8,0,0,0,0,1,1,2,2,2,26,6,1124,1,13,CITROEN C3,9,E01026908,0,-1
2020010244867,2020,010244867,2,9,0,4,4,6,2,9,9,0,0,0,1,0,1,1,6,6,2,56,9,1560,2,11,CITROEN C3,-1,-1,0,-1
2020160922713,2020,160922713,2,9,0,18,19,6,2,0,0,0,0,0,0,0,1,1,6,6,2,49,8,1199,1,2,CITROEN C3,8,E01012984,0,-1
2020610043720,2020,610043720,1,9,0,11,11,3,7,0,0,0,0,0,0,0,2,1,1,1,2,32,6,999,1,6,CITROEN C3,-1,-1,0,-1
2020440106425,2020,440106425,2,9,0,18,19,8,4,0,0,0,0,0,0,0,1,1,6,6,1,34,6,1124,1,16,CITROEN C3,2,E01017153,0,-1
2020010277237,2020,010277237,1,9,0,4,4,5,1,0,0,1,0,0,7,0,4,1,2,2,2,46,8,1124,1,15,CITROEN C3,7,E01001134,0,-1
2020052000127,2020,052000127,1,9,0,10,10,3,1,0,0,1,0,0,0,0,2,1,6,6,1,55,8,1360,1,12,CITROEN C3,2,E01006464,0,-1
2020140977910,2020,140977910,1,9,0,18,19,3,7,0,0,1,0,0,0,0,1,1,1,1,2,56,9,1200,1,2,CITROEN C3,1,E01007474,0,-1
2020160973558,2020,160973558,2,9,0,18,19,5,1,0,0,0,0,0,1,0,1,1,5,6,1,55,8,1398,2,11,CITROEN C3,6,E01012923,0,-1
2020100968229,2020,100968229,1,9,0,1,1,1,5,0,0,6,0,0,0,0,2,1,6,6,2,31,6,1398,2,12,CITROEN C3,9,E01008207,0,-1
2020430250699,2020,430250699,2,9,0,2,2,0,0,0,0,0,0,0,0,0,1,1,6,6,3,-1,-1,1199,1,7,CITROEN C3,-1,-1,0,-1
2020461009749,2020,461009749,2,9,0,2,2,0,0,0,0,0,0,0,0,0,1,1,6,6,2,73,10,1200,1,3,CITROEN C3,1,E01024697,0,-1
2020552000455,2020,552000455,1,9,0,13,13,3,7,0,0,0,0,0,7,11,1,1,6,6,2,32,6,1200,1,5,CITROEN C3,8,E01020400,0,-1
2020500986846,2020,500986846,2,9,0,18,19,3,7,0,0,1,0,0,0,0,4,1,5,6,1,86,11,1124,1,9,CITROEN C3,3,E01015060,0,-1
2020500962852,2020,500962852,1,9,0,5,5,1,6,0,0,1,0,0,0,0,1,1,5,6,2,74,10,1560,2,5,CITROEN C3,5,E01018935,0,-1
202006P377453,2020,06P377453,1,9,0,18,19,3,7,0,0,0,0,0,0,0,4,1,6,6,2,44,7,1398,2,16,CITROEN C3,1,E01005497,0,-1
2020040984871,2020,040984871,1,9,0,18,19,1,1,0,0,0,0,0,0,0,2,1,5,6,2,45,7,1199,1,1,CITROEN C3,9,E01025545,0,-1
2020160920236,2020,160920236,1,9,0,6,6,7,7,2,2,0,0,0,0,0,3,1,1,1,1,40,7,1560,2,7,CITROEN C3,6,E01012771,0,-1
2020420923397,2020,420923397,1,9,0,18,19,5,1,0,0,0,0,0,0,0,1,1,5,6,2,33,6,1398,2,8,CITROEN C3,7,E01015969,0,-1
2020370999656,2020,370999656,1,9,0,10,10,5,1,0,0,8,0,0,0,0,1,1,5,6,1,35,6,1360,1,12,CITROEN C3,5,E01029990,0,-1
2020470932437,2020,470932437,1,9,0,17,19,6,4,0,0,1,0,0,0,0,1,1,5,6,1,49,8,1560,2,15,CITROEN C3,6,E01031709,0,-1
2020010233076,2020,010233076,2,9,0,18,19,3,7,0,0,0,0,0,0,0,2,1,6,6,2,36,7,1360,1,17,CITROEN C3,7,E01015829,0,-1
2020361008354,2020,361008354,2,9,0,18,19,1,5,0,0,0,0,0,0,0,2,1,2,2,1,37,7,1360,1,17,CITROEN C3,5,E01026774,0,-1
2020010250273,2020,010250273,1,9,0,18,19,4,8,0,0,5,0,0,0,0,4,1,6,6,1,17,4,1360,1,17,CITROEN C3,6,E01001607,0,-1
2020360942163,2020,360942163,1,9,0,18,19,3,7,0,0,0,0,0,0,0,4,1,5,6,2,28,6,1200,1,2,CITROEN C3,4,E01026884,0,-1
2020549959420,2020,549959420,1,9,0,17,19,5,1,0,0,8,0,0,1,4,1,1,6,6,2,37,7,1360,1,15,CITROEN C3,6,E01015478,0,-1
2020450925574,2020,450925574,1,9,0,18,19,5,1,0,0,1,0,0,0,0,3,1,5,6,1,88,11,1587,1,14,CITROEN C3,9,E01030646,0,-1
2020140991807,2020,140991807,2,9,0,5,5,3,7,0,0,6,0,0,0,0,1,1,5,6,2,32,6,1560,2,5,CITROEN C3,8,E01008147,0,-1
2020302001158,2020,302001158,1,9,0,14,14,7,3,0,0,0,2,4,0,0,4,1,6,6,1,82,11,1560,2,3,CITROEN C3,9,E01019684,0,-1
2020122000576,2020,122000576,1,9,0,18,19,1,5,0,0,0,0,0,0,0,4,1,6,6,1,34,6,1560,2,14,CITROEN C3,7,E01027658,0,-1
2020302000974,2020,302000974,1,9,0,18,19,5,1,0,0,6,0,0,0,0,1,1,6,6,2,20,4,1560,2,10,CITROEN C3,9,E01019632,0,-1
2020522002684,2020,522002684,1,9,0,18,19,2,6,0,0,8,0,0,0,0,1,1,6,6,2,22,5,1360,1,15,CITROEN C3,5,E01014662,0,-1
2020990965612,2020,990965612,1,9,0,5,5,1,6,0,0,0,0,0,0,0,1,1,6,6,1,81,11,1200,1,1,CITROEN C3,-1,-1,0,-1
2020370965748,2020,370965748,1,9,0,7,7,6,6,0,0,0,0,0,7,9,1,1,6,6,2,78,11,1398,2,13,CITROEN C3,7,E01030020,0,-1
2020610049520,2020,610049520,1,9,0,18,19,6,2,0,0,1,0,0,0,0,1,1,6,6,2,41,7,1587,1,13,CITROEN C3,9,W01001494,0,-1
202006K168407,2020,06K168407,1,9,0,9,9,3,1,0,0,8,0,0,0,0,4,1,6,6,1,24,5,1587,1,13,CITROEN C3,4,E01025460,0,-1
202031D063220,2020,31D063220,1,9,0,5,5,6,2,0,0,0,0,0,0,0,1,1,6,6,2,41,7,1199,1,2,CITROEN C3,5,E01028161,0,-1
2020470920560,2020,470920560,1,9,0,6,6,5,5,0,0,0,0,0,1,0,3,1,5,6,1,88,11,1200,1,4,CITROEN C3,9,E01030934,0,-1
2020440318987,2020,440318987,2,9,0,18,19,1,5,0,0,3,1,0,0,0,1,1,6,6,1,61,9,1560,2,14,CITROEN C3,1,E01017240,0,-1
202006L274857,2020,06L274857,1,9,0,9,9,2,8,0,0,8,0,0,0,0,3,1,6,6,2,51,8,1200,1,3,CITROEN C3,10,E01006395,0,-1
2020052100017,2020,052100017,1,9,0,9,9,5,3,0,0,6,0,0,0,0,1,1,6,6,2,18,4,1360,1,17,CITROEN C3,3,E01007208,0,-1
2020010256204,2020,010256204,2,9,9,2,2,0,0,99,99,0,9,99,9,99,9,1,6,6,3,-1,-1,1360,1,13,CITROEN C3,-1,-1,0,-1
2020371009239,2020,371009239,1,9,0,18,19,6,1,0,0,2,0,0,0,0,3,1,3,7,2,47,8,1587,1,14,CITROEN C3,2,E01030246,0,-1
2020140992274,2020,140992274,1,9,0,5,5,1,5,0,0,8,0,0,0,0,1,1,5,6,1,29,6,1560,2,13,CITROEN C3,3,E01008028,0,-1
2020137AG1184,2020,137AG1184,2,9,0,18,19,3,7,0,0,0,0,0,0,0,3,1,6,6,1,55,8,1560,2,8,CITROEN C3,1,E01011842,0,-1
202031D106520,2020,31D106520,1,9,0,18,19,6,2,0,0,8,0,0,0,0,1,1,6,6,1,90,11,1124,1,12,CITROEN C3,1,E01013959,0,-1
2020140937572,2020,140937572,2,9,0,18,19,5,1,0,0,0,0,0,0,0,2,1,6,6,1,78,11,1200,1,1,CITROEN C3,2,E01011856,0,-1
2020052002476,2020,052002476,1,9,0,18,19,1,5,0,0,3,0,0,0,0,1,1,6,6,2,18,4,1360,1,10,CITROEN C3,7,E01007222,0,-1
2020100928482,2020,100928482,1,9,0,9,9,6,2,0,0,1,0,0,0,0,1,1,6,6,2,24,5,1124,1,12,CITROEN C3,2,E01027427,0,-1
2020501015419,2020,501015419,1,9,0,16,19,2,5,0,0,0,2,0,1,0,4,1,2,2,2,24,5,1398,2,16,CITROEN C3,4,E01020307,0,-1
2020170L41070,2020,170L41070,2,9,0,18,19,8,4,0,0,0,0,0,0,0,1,1,6,6,1,45,7,1560,2,9,CITROEN C3,1,E01012127,0,-1
2020302000658,2020,302000658,1,9,0,9,9,7,4,0,0,6,0,0,0,0,1,1,6,6,1,55,8,1000,1,7,CITROEN C3,4,E01019431,0,-1
2020302001438,2020,302001438,1,9,0,3,3,4,8,0,0,0,0,0,0,0,2,1,6,6,1,75,10,1598,1,6,CITROEN C3,4,E01013494,0,-1
2020160933393,2020,160933393,2,9,0,2,2,3,7,0,0,0,0,0,0,0,0,1,6,6,1,64,9,1560,2,10,CITROEN C3,1,E01012931,0,-1
2020320081015,2020,320081015,1,9,0,18,19,1,5,0,0,0,5,0,1,11,1,1,6,6,1,36,7,1360,1,18,CITROEN C3,4,E01026183,0,-1
2020170L21210,2020,170L21210,1,9,0,18,19,2,6,0,0,2,0,0,0,0,3,1,6,6,2,60,9,1360,1,8,CITROEN C3,7,E01012025,0,-1
2020170H10400,2020,170H10400,1,9,0,2,2,0,0,0,0,0,0,0,0,0,2,1,6,6,2,82,11,1398,2,15,CITROEN C3,1,E01011953,0,-1
2020160996816,2020,160996816,1,9,0,18,19,7,3,0,0,0,0,0,0,0,1,1,5,6,1,43,7,1560,2,11,CITROEN C3,5,E01013125,0,-1
2020541932520,2020,541932520,2,9,0,10,10,1,7,0,0,0,0,0,0,0,2,1,6,6,1,78,11,1200,1,4,CITROEN C3,7,E01031978,0,-1
2020470951588,2020,470951588,1,9,0,7,7,4,6,0,0,8,0,0,0,0,1,1,6,6,3,58,9,1200,1,1,CITROEN C3,6,E01031533,0,-1
2020470999320,2020,470999320,1,9,0,16,19,2,5,0,0,0,2,10,0,0,1,1,6,6,3,-1,-1,1360,1,8,CITROEN C3,-1,-1,0,-1
2020470984162,2020,470984162,1,9,0,7,7,7,2,0,0,6,0,0,0,0,1,1,6,6,2,68,10,1124,1,16,CITROEN C3,5,E01031584,0,-1
2020470976309,2020,470976309,1,9,0,17,19,1,5,0,0,0,5,0,0,0,1,1,5,6,2,47,8,1560,2,10,CITROEN C3,5,E01031515,0,-1
20201379P1076,2020,1379P1076,1,9,0,18,19,6,2,0,0,0,0,0,0,0,4,1,6,6,2,72,10,1560,2,4,CITROEN C3,3,E01011898,0,-1
2020470943517,2020,470943517,1,9,0,18,19,3,7,0,0,0,0,0,4,6,1,1,5,6,1,46,8,1560,2,7,CITROEN C3,5,E01031818,0,-1
2020052000175,2020,052000175,2,9,0,18,19,3,7,0,0,1,0,0,0,0,2,1,2,2,2,38,7,1398,2,9,CITROEN C3,2,E01018354,0,-1
2020430072587,2020,430072587,2,9,0,18,19,5,1,0,0,8,0,0,0,0,1,1,6,6,2,-1,-1,1587,1,16,CITROEN C3,10,E01028613,0,-1
2020010264399,2020,010264399,2,9,0,7,7,1,3,0,0,1,0,0,0,0,3,1,6,6,2,35,6,1360,1,12,CITROEN C3,8,E01002318,0,-1
2020122001049,2020,122001049,2,9,0,18,19,5,1,0,0,0,0,0,0,0,1,1,6,6,1,51,8,1560,2,7,CITROEN C3,10,E01027671,0,-1
2020552100173,2020,552100173,1,9,0,18,19,1,5,0,0,0,0,0,1,10,1,1,6,6,1,75,10,1398,2,8,CITROEN C3,7,E01020392,0,-1
2020141008622,2020,141008622,2,9,0,-1,-1,-1,-1,-1,-1,-1,-1,-1,-1,0,-1,1,6,6,3,-1,-1,1199,1,1,CITROEN C3,-1,-1,0,-1
2020052000163,2020,052000163,2,9,0,18,19,3,7,0,0,8,0,0,0,0,2,1,6,6,1,27,6,1200,1,2,CITROEN C3,1,E01007175,0,-1
2020160922305,2020,160922305,2,9,0,3,3,1,5,0,0,4,0,0,0,0,3,1,6,6,1,26,6,1360,1,14,CITROEN C3,1,E01012761,0,-1
2020552000797,2020,552000797,3,9,0,3,3,7,3,0,0,0,0,0,0,0,2,1,6,6,1,48,8,1360,1,12,CITROEN C3,1,E01015282,0,-1
2020430195501,2020,430195501,1,9,0,16,19,3,6,0,0,0,0,0,0,0,1,1,6,6,1,52,8,1000,1,5,CITROEN C3,9,E01032957,0,-1
2020140939749,2020,140939749,2,9,0,18,19,8,4,0,0,1,0,0,0,0,1,1,5,6,2,56,9,1398,2,13,CITROEN C3,6,E01007512,0,-1
2020010286910,2020,010286910,1,9,0,9,9,7,6,0,0,2,0,0,0,0,0,1,2,2,1,20,4,1199,1,1,CITROEN C3,4,E01015750,0,-1
2020140942770,2020,140942770,2,9,0,18,19,3,7,0,0,1,0,0,0,0,4,1,6,6,2,26,6,1199,1,2,CITROEN C3,1,E01008011,0,-1
2020320078460,2020,320078460,2,9,0,18,19,3,7,0,0,0,0,0,2,0,1,1,6,6,2,26,6,1199,1,1,CITROEN C3,3,E01026174,0,-1
2020010236460,2020,010236460,1,9,0,99,99,9,9,99,99,9,9,99,9,99,2,9,6,6,2,24,5,1360,1,13,CITROEN C3,1,E01001458,0,-1
2020430298935,2020,430298935,1,9,0,16,19,1,4,0,0,0,0,4,0,0,1,1,6,6,1,82,11,1199,1,7,CITROEN C3,5,E01017844,0,-1
2020450962507,2020,450962507,2,9,0,18,19,1,5,0,0,0,1,0,2,10,2,1,5,6,2,40,7,1200,1,3,CITROEN C3,3,E01001170,0,-1
2020500998313,2020,500998313,1,9,0,18,19,5,1,0,0,0,0,0,0,0,1,1,6,6,1,33,6,1200,1,1,CITROEN C3,6,E01018915,0,-1
2020541687620,2020,541687620,1,9,0,18,19,6,2,0,0,0,0,0,0,0,1,1,6,6,2,22,5,1200,1,1,CITROEN C3,6,E01032081,0,-1
202006J178147,2020,06J178147,2,9,0,4,4,1,5,0,0,1,0,0,0,0,3,1,6,6,2,43,7,999,1,5,CITROEN C3,6,E01005779,0,-1
2020137C50483,2020,137C50483,1,9,0,18,19,4,8,0,0,0,0,0,0,0,1,1,6,6,2,26,6,1199,1,1,CITROEN C3,-1,-1,0,-1
2020470951034,2020,470951034,2,9,0,18,19,2,6,0,0,8,0,0,0,0,3,1,5,6,1,59,9,1124,1,11,CITROEN C3,6,E01031692,0,-1
2020170H10470,2020,170H10470,2,9,0,18,19,1,5,0,0,0,0,0,0,0,1,1,6,6,2,46,8,1199,1,1,CITROEN C3,1,E01020885,0,-1
202063B080220,2020,63B080220,1,9,0,16,19,4,8,0,0,0,0,0,2,10,4,1,6,6,2,48,8,1560,2,7,CITROEN C3,5,W01000544,0,-1
2020990921288,2020,990921288,2,9,0,18,19,1,6,0,0,0,0,0,0,0,3,1,2,2,2,59,9,1199,1,1,CITROEN C3,7,-1,0,-1
2020990970470,2020,990970470,2,9,0,17,19,3,8,0,0,0,0,0,0,0,3,1,2,2,2,57,9,1199,1,2,CITROEN C3,8,-1,0,-1
2020440030938,2020,440030938,2,9,0,14,14,4,8,0,0,0,0,0,0,0,3,1,6,6,2,62,9,1200,1,4,CITROEN C3,5,E01017021,0,-1
2020400980581,2020,400980581,1,9,0,18,19,3,7,0,0,0,0,4,0,0,1,1,6,6,2,55,8,1199,1,2,CITROEN C3,7,E01017577,0,-1
20201372E0859,2020,1372E0859,2,9,0,18,19,3,7,0,0,8,0,0,0,0,1,1,3,7,2,31,6,1360,1,15,CITROEN C3,5,E01010604,0,-1
202006J177028,2020,06J177028,3,9,0,2,2,0,0,6,6,0,0,0,0,0,1,1,6,6,3,-1,-1,1200,1,0,CITROEN C3,-1,-1,0,-1
2020411001826,2020,411001826,2,9,0,2,2,0,0,0,0,0,0,0,0,0,4,1,6,6,3,74,10,1598,1,6,CITROEN C3,3,E01023873,0,-1
2020010260790,2020,010260790,2,9,0,99,99,9,9,99,99,9,9,99,9,99,9,9,6,6,3,-1,-1,1360,1,14,CITROEN C3,8,E01001541,0,-1
2020501005315,2020,501005315,1,9,0,11,11,1,5,0,0,1,0,0,0,0,3,1,6,6,2,51,8,1598,1,7,CITROEN C3,3,E01019922,0,-1
2020070717730,2020,070717730,1,9,0,7,7,7,1,0,0,1,0,0,0,0,4,1,6,6,1,39,7,1199,1,0,CITROEN C3,-1,-1,0,-1
2020030943928,2020,030943928,2,9,0,18,19,7,3,0,0,1,0,0,0,0,4,1,6,6,1,59,9,1560,2,5,CITROEN C3,5,E01019380,0,-1
2020461014016,2020,461014016,1,9,0,1,1,6,2,0,0,0,0,0,0,0,2,1,6,6,1,36,7,1360,1,17,CITROEN C3,8,E01016122,0,-1
202031C098220,2020,31C098220,1,9,0,5,5,4,1,0,0,6,0,0,0,0,2,1,6,6,2,39,7,1199,1,6,CITROEN C3,4,E01019433,0,-1
2020160996075,2020,160996075,1,9,0,18,19,8,4,0,0,0,0,10,1,4,1,1,6,6,1,35,6,1360,1,15,CITROEN C3,1,E01013203,0,-1
2020200950364,2020,200950364,1,9,0,18,19,3,7,0,0,0,5,7,0,0,1,1,6,6,2,51,8,1398,2,17,CITROEN C3,3,E01010089,0,-1
2020471004618,2020,471004618,2,9,0,9,9,4,2,0,0,5,0,0,0,0,3,1,6,6,2,38,7,1199,1,1,CITROEN C3,7,E01021094,0,-1
2020010239121,2020,010239121,2,9,0,18,19,7,3,0,0,1,0,0,0,0,3,1,6,6,2,37,7,1360,1,16,CITROEN C3,4,E01003353,0,-1
2020990922662,2020,990922662,2,9,0,18,19,3,7,0,0,4,0,0,0,0,4,1,2,2,1,18,4,1124,1,12,CITROEN C3,4,-1,0,-1
2020030983296,2020,030983296,1,9,0,18,19,8,8,0,0,3,0,4,0,0,1,1,6,6,1,-1,-1,1560,2,10,CITROEN C3,1,E01019156,0,-1
2020160931119,2020,160931119,2,9,0,9,9,5,3,0,0,8,0,0,0,0,1,1,2,2,1,52,8,1398,2,16,CITROEN C3,7,E01013032,0,-1
2020140935185,2020,140935185,3,9,0,9,9,1,8,0,0,8,0,0,0,0,1,1,1,1,2,36,7,1199,1,2,CITROEN C3,8,E01007818,0,-1
2020520001893,2020,520001893,1,9,0,9,9,8,6,0,0,8,0,0,0,0,4,1,6,6,1,35,6,1398,2,15,CITROEN C3,10,E01030084,0,-1
2020410999835,2020,410999835,1,9,0,18,19,5,1,0,0,1,0,0,0,0,1,1,6,6,1,79,11,1360,1,10,CITROEN C3,9,E01023726,0,-1
2020010280912,2020,010280912,1,9,0,3,3,1,5,99,99,9,9,99,9,99,1,1,6,6,1,43,7,1200,1,2,CITROEN C3,4,E01003743,0,-1
2020010289788,2020,010289788,1,9,0,99,99,9,9,0,0,0,0,0,0,0,1,9,6,6,2,46,8,1360,1,13,CITROEN C3,2,E01003557,0,-1
2020500946885,2020,500946885,2,9,0,18,19,5,1,0,0,4,0,0,0,0,4,1,6,6,2,50,8,1199,1,0,CITROEN C3,4,E01018988,0,-1
2020410981508,2020,410981508,1,9,-1,-1,-1,-1,-1,-1,-1,0,-1,-1,-1,0,-1,2,6,6,2,24,5,1360,1,16,CITROEN C3,4,E01001173,0,-1
2020400963000,2020,400963000,2,9,0,18,19,5,1,0,0,0,0,0,0,0,2,1,6,6,2,-1,-1,1398,2,8,CITROEN C3,2,E01015781,0,-1