collision_index,collision_year,collision_ref_no,vehicle_reference,vehicle_type,towing_and_articulation,vehicle_manoeuvre_historic,vehicle_manoeuvre,vehicle_direction_from,vehicle_direction_to,vehicle_location_restricted_lane_historic,vehicle_location_restricted_lane,junction_location,skidding_and_overturning,hit_object_in_carriageway,vehicle_leaving_carriageway,hit_object_off_carriageway,first_point_of_impact,vehicle_left_hand_drive,journey_purpose_of_driver_historic,journey_purpose_of_driver,sex_of_driver,age_of_driver,age_band_of_driver,engine_capacity_cc,propulsion_code,age_of_vehicle,generic_make_model,driver_imd_decile,lsoa_of_driver,escooter_flag,driver_distance_banding
2020430067114,2020,430067114,2,8,0,16,19,3,6,0,0,0,0,0,0,0,1,1,2,2,1,51,8,2499,2,12,LONDON TAXIS INT. TX4,10,E01028740,0,-1
2020010229078,2020,010229078,1,8,0,4,4,6,2,0,0,2,0,0,0,0,1,1,1,1,1,55,8,2499,2,6,LONDON TAXIS INT. TX4,9,E01000409,0,-1
2020010228979,2020,010228979,1,8,0,9,9,2,8,4,4,1,0,0,0,0,3,1,1,1,1,44,7,2499,2,12,LONDON TAXIS INT. TX4,-1,-1,0,-1
2020200944852,2020,200944852,2,8,0,3,3,5,1,0,0,2,0,0,0,0,1,1,6,6,1,-1,-1,2499,2,10,LONDON TAXIS INT. TX4,1,E01009350,0,-1
2020010234337,2020,010234337,1,8,0,9,9,4,1,9,9,1,0,0,0,0,3,1,1,1,1,57,9,2499,2,11,LONDON TAXIS INT. TX4,10,E01030357,0,-1
2020010237878,2020,010237878,1,8,0,18,19,3,7,0,0,1,0,0,0,0,4,1,1,1,1,28,6,2776,2,4,LONDON TAXIS INT. TX4,-1,-1,0,-1
2020052000338,2020,052000338,2,8,0,18,19,1,5,0,0,1,0,0,0,0,4,1,1,1,1,57,9,2499,2,14,LONDON TAXIS INT. TX4,1,E01033767,0,-1
2020010231891,2020,010231891,2,8,0,99,99,9,9,99,99,9,9,99,9,99,9,9,6,6,3,-1,-1,2499,2,9,LONDON TAXIS INT. TX4,4,E01001636,0,-1
2020010230769,2020,010230769,2,8,0,7,7,5,7,0,0,1,0,0,0,0,0,1,2,2,1,54,8,2499,2,11,LONDON TAXIS INT. TX4,7,E01001026,0,-1
2020010235083,2020,010235083,1,8,0,18,19,5,1,9,9,0,0,4,1,3,1,1,6,6,1,68,10,2499,2,10,LONDON TAXIS INT. TX4,10,E01004117,0,-1
2020010240210,2020,010240210,2,8,0,6,6,9,9,0,0,0,9,0,0,99,1,9,1,1,1,-1,-1,2499,2,5,LONDON TAXIS INT. TX4,-1,-1,0,-1
2020010287095,2020,010287095,1,8,0,18,19,3,7,0,0,6,0,0,0,0,1,1,6,6,1,56,9,2499,2,9,LONDON TAXIS INT. TX4,-1,-1,0,-1
2020040977241,2020,040977241,2,9,0,4,4,1,5,0,0,1,0,0,0,0,2,1,1,1,1,60,9,-1,-1,-1,LONDON TAXIS INT. TX4,1,E01012733,0,-1
2020010257774,2020,010257774,2,8,0,99,99,9,9,99,99,9,9,99,9,99,9,9,6,6,1,-1,-1,2499,2,13,LONDON TAXIS INT. TX4,10,E01004122,0,-1
2020010267046,2020,010267046,1,8,0,18,19,7,3,0,0,1,0,0,0,0,4,1,1,1,1,53,8,2499,2,9,LONDON TAXIS INT. TX4,3,E01000287,0,-1
2020010263267,2020,010263267,1,8,0,18,19,1,5,0,0,0,0,0,0,0,3,1,6,6,1,54,8,2499,2,6,LONDON TAXIS INT. TX4,4,E01021790,0,-1
2020010236128,2020,010236128,1,8,0,3,3,5,1,0,0,1,0,0,0,0,1,1,1,1,1,57,9,2499,2,9,LONDON TAXIS INT. TX4,10,E01031699,0,-1
2020010237299,2020,010237299,1,8,0,5,5,1,5,0,0,7,0,0,0,0,3,1,1,1,1,48,8,2776,2,4,LONDON TAXIS INT. TX4,5,E01003703,0,-1
2020302001026,2020,302001026,1,8,0,4,4,4,8,0,0,0,0,0,0,0,4,1,1,1,1,44,7,2499,2,13,LONDON TAXIS INT. TX4,2,E01013483,0,-1
2020010280851,2020,010280851,1,8,0,18,19,7,3,0,0,1,0,0,0,0,1,1,1,1,1,59,9,2499,2,8,LONDON TAXIS INT. TX4,3,E01016014,0,-1
2020010241453,2020,010241453,1,8,0,7,7,5,8,0,0,1,0,0,0,0,1,1,1,1,1,40,7,2499,2,10,LONDON TAXIS INT. TX4,9,E01000341,0,-1
2020370979099,2020,370979099,1,8,0,18,19,4,3,0,0,2,0,0,0,0,1,1,1,1,1,54,8,2499,2,12,LONDON TAXIS INT. TX4,10,E01030204,0,-1
202006F278499,2020,06F278499,1,9,0,4,4,6,2,0,0,0,0,0,0,0,1,1,1,1,1,58,9,-1,-1,-1,LONDON TAXIS INT. TX4,2,E01005143,0,-1
2020010263790,2020,010263790,1,8,0,9,9,1,6,0,0,6,0,11,0,0,1,1,1,1,1,57,9,2499,2,7,LONDON TAXIS INT. TX4,10,E01023289,0,-1
2020010282469,2020,010282469,1,8,0,10,10,7,4,0,0,1,0,0,0,0,1,1,1,1,1,72,10,2499,2,6,LONDON TAXIS INT. TX4,10,E01023551,0,-1
2020410991279,2020,410991279,2,8,0,18,19,7,3,0,0,0,0,0,0,0,3,1,6,6,1,51,8,2499,2,6,LONDON TAXIS INT. TX4,6,E01023494,0,-1
2020010277371,2020,010277371,1,8,0,9,9,7,5,0,0,6,0,0,0,0,1,1,1,1,1,59,9,2499,2,13,LONDON TAXIS INT. TX4,2,E01003061,0,-1
2020200991122,2020,200991122,1,8,0,6,6,8,8,0,0,0,5,0,0,0,3,1,1,1,1,40,7,2499,2,13,LONDON TAXIS INT. TX4,2,E01009565,0,-1
2020052000386,2020,052000386,2,8,0,18,19,7,3,0,0,1,0,0,0,0,1,1,1,1,1,75,10,2664,2,12,LONDON TAXIS INT. TX4,1,E01006643,0,-1
2020430007899,2020,430007899,1,8,0,17,19,1,7,0,0,0,0,0,0,0,1,1,1,1,1,52,8,2499,2,12,LONDON TAXIS INT. TX4,7,E01016613,0,-1
202006A170518,2020,06A170518,1,8,0,18,19,3,7,0,0,1,0,0,0,0,4,1,6,6,1,38,7,2499,2,8,LONDON TAXIS INT. TX4,3,E01005372,0,-1
2020010274554,2020,010274554,2,8,0,99,99,9,9,99,99,9,9,99,9,99,9,9,6,6,3,57,9,2499,2,8,LONDON TAXIS INT. TX4,3,E01001900,0,-1
2020010283921,2020,010283921,1,8,0,99,99,9,9,99,99,9,9,99,9,99,9,9,6,6,1,42,7,2776,2,3,LONDON TAXIS INT. TX4,4,E01021637,0,-1
2020010278916,2020,010278916,2,8,0,99,99,9,9,99,99,9,9,99,9,99,2,9,6,6,3,50,8,2499,2,14,LONDON TAXIS INT. TX4,6,E01001607,0,-1
2020201022492,2020,201022492,1,9,0,7,7,8,2,4,4,6,0,0,0,0,1,1,1,1,1,56,9,-1,-1,-1,LONDON TAXIS INT. TX4,1,E01009476,0,-1
2020010277608,2020,010277608,1,8,0,3,3,5,1,0,0,1,0,0,0,0,2,1,1,1,1,59,9,2499,2,10,LONDON TAXIS INT. TX4,-1,-1,0,-1
2020010258553,2020,010258553,1,8,0,18,19,3,7,0,0,0,1,4,0,0,1,1,6,6,1,60,9,2499,2,8,LONDON TAXIS INT. TX4,-1,-1,0,-1
2020010281833,2020,010281833,1,8,0,18,19,2,6,0,0,0,0,0,0,0,1,1,1,1,1,54,8,2499,2,11,LONDON TAXIS INT. TX4,5,E01000779,0,-1
2020010230953,2020,010230953,1,8,0,7,7,5,7,0,0,0,0,0,0,0,4,1,6,6,1,62,9,2499,2,9,LONDON TAXIS INT. TX4,1,E01001729,0,-1
2020480992250,2020,480992250,1,8,0,7,7,7,1,0,0,8,0,0,0,0,1,1,1,1,1,58,9,2776,2,4,LONDON TAXIS INT. TX4,2,E01016159,0,-1
2020010270565,2020,010270565,1,8,0,9,9,7,5,0,0,8,0,0,0,0,1,1,6,6,1,68,10,2499,2,7,LONDON TAXIS INT. TX4,10,E01002254,0,-1
2020140959023,2020,140959023,1,8,0,18,19,5,1,0,0,1,0,0,0,0,1,1,1,1,1,37,7,2499,2,12,LONDON TAXIS INT. TX4,1,E01033688,0,-1
2020010267493,2020,010267493,2,8,0,18,19,1,5,0,0,1,0,0,0,0,9,1,6,6,1,60,9,2499,2,6,LONDON TAXIS INT. TX4,9,E01002286,0,-1
2020052002342,2020,052002342,1,8,0,18,19,1,5,0,0,2,0,0,0,0,4,1,1,1,1,63,9,2499,2,11,LONDON TAXIS INT. TX4,1,E01006547,0,-1
2020010256327,2020,010256327,2,8,0,18,19,3,7,0,0,1,0,0,0,0,1,1,1,1,1,49,8,2499,2,10,LONDON TAXIS INT. TX4,6,E01003647,0,-1
2020010234821,2020,010234821,1,8,0,3,3,5,1,0,0,9,0,0,0,0,2,9,6,6,1,66,10,2499,2,12,LONDON TAXIS INT. TX4,6,E01004509,0,-1
2020350976732,2020,350976732,1,9,0,5,5,1,5,0,0,2,0,0,0,0,4,1,1,1,1,42,7,-1,-1,-1,LONDON TAXIS INT. TX4,1,E01015604,0,-1
2020010280218,2020,010280218,2,8,0,99,99,9,9,99,99,9,9,99,9,99,9,9,6,6,3,47,8,2499,2,10,LONDON TAXIS INT. TX4,9,E01021756,0,-1
2020010266702,2020,010266702,2,8,0,2,2,0,0,0,0,0,0,0,0,0,2,1,6,6,3,-1,-1,2776,2,4,LONDON TAXIS INT. TX4,-1,-1,0,-1
2020010239999,2020,010239999,1,8,0,18,19,5,1,0,0,8,0,0,0,0,1,1,1,1,1,58,9,2499,2,8,LONDON TAXIS INT. TX4,10,E01021284,0,-1
2020010248587,2020,010248587,2,8,0,18,19,4,8,0,0,1,9,0,0,99,1,9,1,1,1,50,8,2499,2,5,LONDON TAXIS INT. TX4,2,E01002851,0,-1
2020010265303,2020,010265303,2,8,0,99,99,9,9,99,99,9,9,99,9,99,1,9,6,6,3,-1,-1,2499,2,5,LONDON TAXIS INT. TX4,7,E01024844,0,-1
2020430061100,2020,430061100,2,8,0,5,5,3,7,0,0,0,0,0,0,0,1,1,1,1,1,41,7,2499,2,12,LONDON TAXIS INT. TX4,6,E01028597,0,-1
2020010240575,2020,010240575,1,8,0,18,19,8,4,9,9,1,0,0,2,2,1,1,1,1,1,56,9,2499,2,8,LONDON TAXIS INT. TX4,2,E01033588,0,-1
2020052001292,2020,052001292,2,8,0,18,19,1,5,0,0,1,0,0,7,0,4,1,1,1,1,58,9,2499,2,13,LONDON TAXIS INT. TX4,2,E01006710,0,-1
2020010261505,2020,010261505,1,8,0,6,6,3,3,0,0,1,0,0,0,0,1,1,1,1,1,52,8,2499,2,7,LONDON TAXIS INT. TX4,4,E01021818,0,-1
2020052001385,2020,052001385,1,8,0,18,19,7,3,0,0,0,1,0,2,7,1,1,1,1,1,37,7,2499,2,12,LONDON TAXIS INT. TX4,1,E01033688,0,-1
2020010283975,2020,010283975,1,8,0,99,99,9,9,99,99,9,0,99,0,0,9,9,6,6,1,60,9,2776,2,4,LONDON TAXIS INT. TX4,8,E01023315,0,-1
2020010268253,2020,010268253,2,9,0,99,99,9,9,99,99,9,9,99,9,99,1,9,6,6,3,62,9,-1,-1,-1,LONDON TAXIS INT. TX4,8,E01001541,0,-1
2020010279128,2020,010279128,1,8,0,6,6,5,5,0,0,0,0,0,0,0,1,1,1,1,1,63,9,2499,2,9,LONDON TAXIS INT. TX4,9,E01024438,0,-1
2020010235643,2020,010235643,3,8,0,4,4,7,3,0,0,0,0,0,0,0,0,1,1,1,1,65,9,2499,2,11,LONDON TAXIS INT. TX4,10,E01002355,0,-1
2020010234194,2020,010234194,1,8,0,99,99,9,9,99,99,9,9,99,9,99,1,9,6,6,1,39,7,2499,2,10,LONDON TAXIS INT. TX4,9,E01000346,0,-1
202006A175342,2020,06A175342,2,8,0,18,19,5,1,0,0,8,0,0,0,0,1,1,1,1,1,48,8,2499,2,10,LONDON TAXIS INT. TX4,-1,-1,0,-1
2020010270629,2020,010270629,1,8,0,5,5,3,7,0,0,6,0,0,0,0,1,1,1,1,1,33,6,2499,2,6,LONDON TAXIS INT. TX4,7,E01004130,0,-1
2020010230547,2020,010230547,1,8,0,99,99,9,9,99,99,9,9,99,9,99,2,9,6,6,1,61,9,2499,2,9,LONDON TAXIS INT. TX4,9,E01002359,0,-1
2020052001982,2020,052001982,2,8,0,18,19,5,1,0,0,0,0,0,0,0,0,1,1,1,1,50,8,2499,2,13,LONDON TAXIS INT. TX4,1,E01006614,0,-1
2020010228300,2020,010228300,1,8,0,6,6,6,6,0,0,1,0,0,0,0,3,1,1,1,1,46,8,2499,2,6,LONDON TAXIS INT. TX4,9,E01030646,0,-1
2020500933555,2020,500933555,1,8,0,18,19,8,4,0,0,0,0,0,0,0,4,1,1,1,2,54,8,2499,2,12,LONDON TAXIS INT. TX4,5,E01015174,0,-1
2020340C06042,2020,340C06042,1,8,0,9,9,7,1,0,0,8,0,0,0,0,4,1,1,1,1,42,7,2499,2,13,LONDON TAXIS INT. TX4,10,E01026955,0,-1
2020200981818,2020,200981818,2,9,0,3,3,6,2,0,0,2,0,0,0,0,2,1,1,1,1,39,7,-1,-1,-1,LONDON TAXIS INT. TX4,2,E01009592,0,-1
2020010277208,2020,010277208,1,8,9,99,99,9,9,99,99,0,9,99,9,99,9,9,6,6,3,67,10,2776,2,5,LONDON TAXIS INT. TX4,3,E01000511,0,-1
2020430168883,2020,430168883,1,8,0,11,11,5,1,0,0,0,0,0,1,0,4,1,6,6,1,59,9,2499,2,11,LONDON TAXIS INT. TX4,1,E01010060,0,-1
2020010951331,2020,010951331,1,8,0,6,6,7,7,0,0,0,0,0,0,0,4,1,1,1,1,47,8,2499,2,6,LONDON TAXIS INT. TX4,5,E01021741,0,-1
2020010237369,2020,010237369,1,8,0,9,9,5,3,0,0,6,0,0,0,0,3,1,6,6,1,51,8,2499,2,12,LONDON TAXIS INT. TX4,1,E01002713,0,-1
2020010263520,2020,010263520,2,8,0,18,19,7,3,0,0,1,0,0,0,0,9,9,1,1,1,41,7,2776,2,4,LONDON TAXIS INT. TX4,5,E01000239,0,-1
2020010250423,2020,010250423,2,8,0,99,99,9,9,99,99,9,9,99,9,99,1,9,6,6,3,-1,-1,2499,2,6,LONDON TAXIS INT. TX4,-1,-1,0,-1
2020010252895,2020,010252895,2,8,9,99,99,9,9,99,99,9,9,99,9,99,1,9,6,6,3,61,9,2499,2,14,LONDON TAXIS INT. TX4,5,E01021415,0,-1
2020040927223,2020,040927223,1,9,0,4,4,4,8,0,0,0,0,0,0,0,2,1,1,1,1,41,7,-1,-1,-1,LONDON TAXIS INT. TX4,1,E01024878,0,-1
2020010272141,2020,010272141,1,8,0,9,9,5,3,0,0,5,0,0,0,0,1,1,1,1,1,52,8,2499,2,10,LONDON TAXIS INT. TX4,9,E01000350,0,-1
2020010283255,2020,010283255,2,8,0,99,99,9,9,99,99,9,9,99,9,99,9,9,6,6,3,-1,-1,2776,2,3,LONDON TAXIS INT. TX4,-1,-1,0,-1
2020010280772,2020,010280772,2,8,0,5,5,7,3,0,0,2,0,0,0,0,3,1,1,1,1,58,9,2776,2,5,LONDON TAXIS INT. TX4,1,E01000953,0,-1
2020010240315,2020,010240315,2,8,0,18,19,1,5,0,0,0,0,0,0,0,1,1,1,1,2,45,7,2499,2,12,LONDON TAXIS INT. TX4,-1,-1,0,-1
2020990938996,2020,990938996,1,8,0,18,19,7,3,0,0,2,0,0,0,0,1,1,1,1,1,53,8,2776,2,4,LONDON TAXIS INT. TX4,2,-1,0,-1
2020052000243,2020,052000243,1,9,0,7,7,3,5,0,0,8,0,0,0,0,4,1,6,6,1,71,10,-1,-1,-1,LONDON TAXIS INT. TX4,1,E01006752,0,-1
2020010247975,2020,010247975,1,8,0,18,19,5,1,0,0,0,0,10,1,0,1,1,6,6,1,65,9,2499,2,12,LONDON TAXIS INT. TX4,6,E01001619,0,-1
2020480932294,2020,480932294,2,8,0,18,19,5,1,0,0,1,0,0,0,0,1,1,1,1,1,55,8,2499,2,6,LONDON TAXIS INT. TX4,8,E01002290,0,-1
2020010229981,2020,010229981,1,8,0,18,19,3,7,0,0,1,0,0,0,0,1,1,1,1,2,49,8,2776,2,3,LONDON TAXIS INT. TX4,2,E01001761,0,-1
2020010241315,2020,010241315,5,8,0,2,2,0,0,9,9,1,0,0,0,0,4,1,6,6,3,-1,-1,2499,2,12,LONDON TAXIS INT. TX4,-1,-1,0,-1
2020480968745,2020,480968745,1,8,0,9,9,1,7,0,0,8,0,0,0,0,1,1,1,1,1,50,8,2499,2,9,LONDON TAXIS INT. TX4,-1,-1,0,-1
2020200998667,2020,200998667,2,9,0,18,19,6,2,0,0,8,0,0,0,0,4,1,1,1,1,49,8,-1,-1,-1,LONDON TAXIS INT. TX4,1,E01009570,0,-1
2020010264670,2020,010264670,1,8,0,9,9,7,5,0,0,6,0,0,0,0,1,1,1,1,1,67,10,2499,2,5,LONDON TAXIS INT. TX4,5,E01002913,0,-1
2020010239961,2020,010239961,1,8,0,14,14,2,6,0,0,0,0,0,0,0,1,1,1,1,1,63,9,2499,2,8,LONDON TAXIS INT. TX4,5,E01003650,0,-1
2020010241868,2020,010241868,2,5,0,13,13,5,1,0,0,8,0,0,0,0,4,-1,6,6,1,33,6,744,1,4,-1,5,E01004494,0,-1
2020430425787,2020,430425787,1,9,0,18,19,6,2,0,0,1,0,0,0,0,1,1,6,6,1,32,6,2664,2,16,-1,7,E01028503,0,-1
2020500980674,2020,500980674,1,9,0,18,19,1,5,0,0,0,0,0,0,0,1,1,6,6,2,39,7,2664,2,21,-1,4,E01019024,0,-1
2020460950586,2020,460950586,2,9,0,9,9,6,4,0,0,1,0,0,0,0,2,1,5,6,1,27,6,2664,2,23,-1,7,E01024242,0,-1
2020440003580,2020,440003580,1,9,0,16,19,3,6,0,0,0,2,0,2,10,4,1,6,6,1,54,8,2664,2,21,-1,4,E01017362,0,-1
2020460936755,2020,460936755,1,9,0,9,9,5,3,0,0,0,0,0,0,0,1,1,6,6,3,-1,-1,2664,2,22,-1,-1,-1,0,-1
2020370973761,2020,370973761,1,9,0,5,5,1,5,0,0,0,0,0,0,0,1,1,5,6,1,58,9,2953,2,16,-1,5,E01029976,0,-1
2020160960251,2020,160960251,1,2,0,6,6,4,8,0,0,2,0,0,0,0,3,1,5,6,1,17,4,49,1,20,-1,5,E01013306,0,-1
2020470974282,2020,470974282,1,3,0,18,19,8,4,0,0,1,0,0,0,0,0,1,5,6,1,17,4,124,1,7,Piaggio FLY,5,E01031705,0,-1
2020010241937,2020,010241937,2,3,0,13,13,5,1,0,0,1,0,0,0,0,1,1,2,2,2,39,7,124,1,6,Piaggio FLY,4,E01001176,0,-1
2020420943142,2020,420943142,1,3,0,18,19,2,7,0,0,3,0,0,0,0,3,1,6,6,1,50,8,124,1,6,Piaggio FLY,2,E01003528,0,-1
2020010264227,2020,010264227,1,3,0,18,19,1,5,0,0,8,5,0,0,0,1,1,6,6,1,27,6,124,1,6,Piaggio FLY,4,E01000801,0,-1
2020302000774,2020,302000774,1,3,0,18,19,8,4,0,0,0,0,0,0,0,1,1,6,6,1,28,6,124,1,6,Piaggio FLY,7,E01019671,0,-1
2020302001459,2020,302001459,1,3,0,13,13,3,7,0,0,8,0,0,0,0,1,1,1,1,1,26,6,124,1,7,Piaggio FLY,10,E01019881,0,-1
2020010261046,2020,010261046,2,3,0,13,13,3,7,0,0,0,0,0,0,0,1,1,6,6,1,35,6,124,1,7,Piaggio FLY,2,E01004467,0,-1
2020302001053,2020,302001053,1,3,0,18,19,8,4,0,0,0,0,0,0,0,1,1,2,2,1,26,6,124,1,7,Piaggio FLY,10,E01019881,0,-1
2020010277255,2020,010277255,1,3,0,18,19,7,3,0,0,8,0,0,0,0,0,1,6,6,1,51,8,124,1,6,Piaggio FLY,8,E01001924,0,-1
2020010250608,2020,010250608,1,3,0,18,19,3,7,0,0,1,0,0,0,0,4,1,6,6,2,23,5,124,1,4,Piaggio FLY,3,E01003296,0,-1
2020470988439,2020,470988439,2,2,0,18,19,1,5,2,2,8,0,0,0,0,3,1,5,6,1,78,11,50,1,4,Piaggio FLY,8,E01017000,0,-1
2020010277325,2020,010277325,1,3,0,18,19,7,3,0,0,8,1,0,0,0,1,1,6,6,1,33,6,124,1,5,Piaggio FLY,9,E01000213,0,-1
202063C073920,2020,63C073920,2,3,0,18,19,1,5,0,0,8,0,0,0,0,1,1,6,6,1,52,8,999,1,2,-1,4,W01000591,0,-1
2020360971082,2020,360971082,1,5,0,18,19,3,7,0,0,0,0,0,0,0,1,1,5,6,1,68,10,999,1,5,-1,7,E01026673,0,-1
2020440362408,2020,440362408,1,5,0,4,4,2,3,0,0,1,0,0,0,0,1,1,2,2,1,60,9,999,1,5,-1,4,E01017258,0,-1
2020420955142,2020,420955142,1,5,0,7,7,6,3,0,0,0,0,0,7,0,1,1,5,6,1,42,7,999,1,1,-1,9,E01018291,0,-1
202063A018320,2020,63A018320,2,4,0,18,19,4,8,0,0,1,0,0,0,0,1,1,2,2,1,52,8,999,1,4,-1,4,W01000730,0,-1
2020010237269,2020,010237269,1,5,0,5,5,5,1,0,0,6,2,0,0,0,0,1,2,2,1,55,8,999,1,2,-1,9,E01023507,0,-1
202063A065620,2020,63A065620,1,5,0,18,19,1,5,0,0,0,1,0,0,0,0,1,6,6,2,29,6,999,1,5,-1,6,W01000701,0,-1
2020400942918,2020,400942918,1,5,0,16,19,4,7,0,0,0,5,0,0,0,1,1,6,6,1,48,8,999,1,2,-1,5,E01017430,0,-1
2020990979062,2020,990979062,2,5,0,17,19,3,8,0,0,0,0,0,1,11,1,1,5,6,1,37,7,999,1,0,-1,8,-1,0,-1
2020320544834,2020,320544834,1,5,0,18,19,7,3,0,0,2,1,0,0,0,4,1,6,6,1,23,5,656,1,10,MAKE AND MODEL REDACTED,-1,-1,0,-1
2020040951292,2020,040951292,2,5,0,18,19,7,3,0,0,0,0,0,0,0,1,1,5,6,1,23,5,656,1,11,MAKE AND MODEL REDACTED,4,E01012693,0,-1
2020440257851,2020,440257851,2,4,0,18,19,6,2,0,0,0,0,0,0,0,1,1,6,6,1,52,8,656,1,11,-1,4,E01032858,0,-1
2020500954446,2020,500954446,2,5,0,13,13,3,4,0,0,0,1,0,0,0,3,1,6,6,1,44,7,656,1,11,MAKE AND MODEL REDACTED,8,E01015223,0,-1
2020420925381,2020,420925381,2,5,0,3,3,5,1,0,0,4,0,0,0,0,2,1,2,2,1,21,5,656,1,7,MAKE AND MODEL REDACTED,4,E01021651,0,-1
2020440106986,2020,440106986,2,5,0,18,19,6,2,0,0,0,0,0,0,0,3,1,6,6,1,47,8,656,1,10,MAKE AND MODEL REDACTED,3,E01023018,0,-1
2020470928028,2020,470928028,2,5,0,18,19,4,8,0,0,1,0,0,0,0,0,1,5,6,1,39,7,656,1,10,MAKE AND MODEL REDACTED,6,E01031637,0,-1
2020622000308,2020,622000308,2,9,0,2,2,0,0,0,0,0,0,0,0,0,2,1,6,6,2,18,4,1398,1,7,VAUXHALL ADAM,10,W01000791,0,-1
2020010240021,2020,010240021,2,9,0,99,99,9,9,99,99,9,9,99,9,99,9,9,6,6,3,-1,-1,1229,1,6,VAUXHALL ADAM,-1,-1,0,-1
2020010228676,2020,010228676,1,9,0,99,99,9,9,99,99,9,9,99,9,99,2,9,6,6,1,29,6,1398,1,5,VAUXHALL ADAM,1,E01001765,0,-1
2020052002402,2020,052002402,1,9,0,9,9,1,7,0,0,8,0,0,0,0,1,1,6,6,2,19,4,1229,1,2,VAUXHALL ADAM,5,E01006802,0,-1
2020990992867,2020,990992867,1,9,0,18,19,7,3,0,0,0,0,0,0,0,1,1,5,6,2,19,4,1229,1,7,VAUXHALL ADAM,4,-1,0,-1
2020400940144,2020,400940144,1,9,0,7,7,5,1,0,0,1,0,0,0,0,2,1,6,6,2,23,5,1229,1,2,VAUXHALL ADAM,2,E01015716,0,-1
2020161004360,2020,161004360,2,9,0,18,19,1,5,0,0,0,0,0,0,0,1,1,5,6,2,21,5,1398,1,7,VAUXHALL ADAM,8,E01013305,0,-1
2020440356095,2020,440356095,2,9,0,2,2,0,0,0,0,0,0,0,0,0,2,1,6,6,3,-1,-1,1229,1,1,VAUXHALL ADAM,-1,-1,0,-1
2020010235613,2020,010235613,1,9,0,4,4,8,4,0,0,2,0,0,0,0,2,1,6,6,2,23,5,1229,1,4,VAUXHALL ADAM,2,E01033341,0,-1
2020160976588,2020,160976588,2,9,0,18,19,1,5,0,0,1,0,0,0,0,1,1,5,6,2,22,5,1398,1,3,VAUXHALL ADAM,3,E01027833,0,-1
202006L177273,2020,06L177273,1,9,0,9,9,4,2,0,0,5,0,0,0,0,1,1,6,6,1,71,10,1229,1,3,VAUXHALL ADAM,5,E01006406,0,-1
2020100955764,2020,100955764,2,9,0,3,3,2,6,0,0,0,0,0,0,0,2,1,2,2,2,19,4,1229,1,5,VAUXHALL ADAM,1,E01008645,0,-1
2020440224343,2020,440224343,5,9,0,2,2,0,0,0,0,0,0,0,0,0,2,1,6,6,2,21,5,1229,1,6,VAUXHALL ADAM,1,E01032882,0,-1
2020440390187,2020,440390187,1,9,0,18,19,1,5,0,0,2,0,0,0,0,1,1,6,6,2,27,6,1229,1,4,VAUXHALL ADAM,4,E01017264,0,-1
2020990960906,2020,990960906,1,9,0,3,3,8,2,0,0,1,0,0,0,0,1,1,6,6,2,22,5,1229,1,1,VAUXHALL ADAM,6,-1,0,-1
2020460987969,2020,460987969,2,9,0,4,4,7,3,0,0,4,1,0,0,0,2,1,5,6,2,23,5,1398,1,6,VAUXHALL ADAM,4,E01000787,0,-1
2020470994745,2020,470994745,2,9,0,18,19,6,2,0,0,8,0,0,0,0,1,1,5,6,2,31,6,1229,1,6,VAUXHALL ADAM,2,E01020910,0,-1
2020420999198,2020,420999198,2,9,0,2,2,0,0,0,0,0,0,0,1,0,2,1,5,6,2,49,8,1229,1,4,VAUXHALL ADAM,10,E01021941,0,-1
2020100967632,2020,100967632,1,9,0,11,11,7,3,0,0,0,0,0,0,0,1,1,5,6,2,25,5,1229,1,4,VAUXHALL ADAM,-1,-1,0,-1
2020201021901,2020,201021901,1,9,0,18,19,7,3,0,0,0,5,4,0,0,1,1,1,1,2,22,5,1398,1,6,VAUXHALL ADAM,2,E01010025,0,-1
2020410956546,2020,410956546,2,9,0,4,4,1,5,0,0,0,0,0,0,0,1,1,6,6,2,51,8,1229,1,4,VAUXHALL ADAM,4,E01023337,0,-1
2020010245738,2020,010245738,1,9,0,18,19,7,3,0,0,0,0,7,0,0,1,1,6,6,2,54,8,1398,1,6,VAUXHALL ADAM,8,E01000173,0,-1
2020201003632,2020,201003632,4,9,0,2,2,0,0,0,0,2,0,0,0,0,4,1,6,6,3,-1,-1,1229,1,6,VAUXHALL ADAM,-1,-1,0,-1
202063A029820,2020,63A029820,1,9,0,9,9,3,8,0,0,6,0,0,0,0,1,1,1,1,2,18,4,1398,1,6,VAUXHALL ADAM,5,W01000693,0,-1
2020200999077,2020,200999077,1,9,0,7,7,7,4,0,0,6,0,0,0,0,1,1,6,6,2,20,4,1398,1,6,VAUXHALL ADAM,8,E01010151,0,-1
2020451000098,2020,451000098,1,9,0,3,3,1,5,0,0,0,0,0,0,0,2,1,5,6,2,22,5,1398,1,3,VAUXHALL ADAM,5,E01016577,0,-1