collision_index,collision_year,collision_ref_no,vehicle_reference,vehicle_type,towing_and_articulation,vehicle_manoeuvre_historic,vehicle_manoeuvre,vehicle_direction_from,vehicle_direction_to,vehicle_location_restricted_lane_historic,vehicle_location_restricted_lane,junction_location,skidding_and_overturning,hit_object_in_carriageway,vehicle_leaving_carriageway,hit_object_off_carriageway,first_point_of_impact,vehicle_left_hand_drive,journey_purpose_of_driver_historic,journey_purpose_of_driver,sex_of_driver,age_of_driver,age_band_of_driver,engine_capacity_cc,propulsion_code,age_of_vehicle,generic_make_model,driver_imd_decile,lsoa_of_driver,escooter_flag,driver_distance_banding
2020100929258,2020,100929258,1,9,0,5,5,5,4,0,0,0,0,0,0,0,1,1,6,6,2,19,4,1229,1,1,VAUXHALL ADAM,4,E01008230,0,-1
2020220977718,2020,220977718,1,9,0,8,8,8,2,0,0,1,0,0,0,0,2,1,5,6,2,27,6,1229,1,5,VAUXHALL ADAM,2,E01032304,0,-1
2020990931938,2020,990931938,1,9,0,5,5,7,3,0,0,1,0,0,0,0,1,1,6,6,2,23,5,1229,1,3,VAUXHALL ADAM,2,-1,0,-1
2020140936257,2020,140936257,1,9,0,9,9,2,8,0,0,6,0,0,0,0,1,1,6,6,2,-1,-1,1398,1,7,VAUXHALL ADAM,3,E01008068,0,-1
20201373L0894,2020,1373L0894,2,9,0,5,5,7,3,0,0,8,0,0,0,0,1,1,6,6,2,41,7,1229,1,4,VAUXHALL ADAM,7,E01011181,0,-1
2020622000154,2020,622000154,1,9,0,18,19,4,8,0,0,1,0,0,0,0,1,1,1,1,1,19,4,1229,1,6,VAUXHALL ADAM,4,W01001248,0,-1
2020010240144,2020,010240144,1,9,0,99,99,9,9,99,99,9,9,99,9,99,1,9,6,6,2,23,5,1398,1,6,VAUXHALL ADAM,4,E01002211,0,-1
202006P275254,2020,06P275254,1,9,0,9,9,6,4,0,0,5,0,0,0,0,4,1,6,6,2,23,5,1229,1,7,VAUXHALL ADAM,8,E01005555,0,-1
2020420937256,2020,420937256,1,9,0,18,19,7,3,0,0,0,0,0,0,0,1,1,6,6,2,-1,-1,1229,1,6,VAUXHALL ADAM,4,E01021296,0,-1
2020010263751,2020,010263751,2,9,9,18,19,5,1,0,0,9,0,99,0,0,1,9,6,6,3,-1,-1,1229,1,6,VAUXHALL ADAM,-1,-1,0,-1
2020440084362,2020,440084362,2,9,0,3,3,1,5,0,0,2,0,0,0,0,2,1,6,6,2,18,4,1229,1,6,VAUXHALL ADAM,4,E01017297,0,-1
2020140971724,2020,140971724,2,9,0,9,9,4,2,0,0,2,0,0,0,0,1,1,5,6,2,26,6,1229,1,2,VAUXHALL ADAM,3,E01007550,0,-1
2020350922236,2020,350922236,1,9,0,18,19,1,5,0,0,0,1,0,0,0,1,1,5,6,1,18,4,1229,1,5,VAUXHALL ADAM,10,E01026305,0,-1
2020110938656,2020,110938656,1,9,0,9,9,7,5,0,0,1,0,0,0,0,4,1,2,2,2,60,9,1398,1,2,VAUXHALL ADAM,2,E01020895,0,-1
2020421006411,2020,421006411,2,9,0,3,3,3,7,0,0,0,0,0,0,0,2,1,6,6,2,24,5,1229,1,4,VAUXHALL ADAM,5,E01021768,0,-1
2020200998264,2020,200998264,5,9,0,2,2,0,0,9,9,2,0,0,0,0,1,1,6,6,3,-1,-1,1398,1,6,VAUXHALL ADAM,-1,-1,0,-1
2020440430424,2020,440430424,1,9,0,5,5,7,3,0,0,0,0,0,0,0,3,1,6,6,2,24,5,1229,1,7,VAUXHALL ADAM,5,E01017084,0,-1
2020010249287,2020,010249287,1,9,0,18,19,5,1,2,2,2,0,0,0,0,2,1,6,6,2,19,4,1229,1,5,VAUXHALL ADAM,9,E01000266,0,-1
2020470947970,2020,470947970,1,9,0,13,13,1,5,7,6,0,0,0,1,0,1,1,6,6,1,20,4,1398,1,6,VAUXHALL ADAM,7,E01024746,0,-1
2020140979067,2020,140979067,1,9,0,9,9,1,7,0,0,6,0,0,0,0,1,1,5,6,1,67,10,1398,1,3,VAUXHALL ADAM,2,E01007881,0,-1
2020200952530,2020,200952530,1,9,0,6,6,-1,-1,0,0,5,0,0,0,0,1,1,6,6,1,56,9,1229,1,2,VAUXHALL ADAM,5,E01009582,0,-1
2020170M10310,2020,170M10310,1,9,0,18,19,5,1,0,0,2,0,0,0,0,1,1,2,2,2,23,5,1229,1,6,VAUXHALL ADAM,1,E01012088,0,-1
2020052002505,2020,052002505,2,9,0,18,19,5,1,0,0,8,0,0,0,0,1,1,6,6,2,55,8,1229,1,3,VAUXHALL ADAM,5,E01006488,0,-1
2020302000970,2020,302000970,1,9,0,18,19,7,3,0,0,0,0,0,0,0,2,1,2,2,2,22,5,1229,1,3,VAUXHALL ADAM,4,E01019519,0,-1
202031A040320,2020,31A040320,1,9,0,9,9,4,2,0,0,6,0,0,0,0,3,1,6,6,2,17,4,1229,1,2,VAUXHALL ADAM,7,E01028329,0,-1
2020622001010,2020,622001010,5,9,0,2,2,0,0,0,0,0,0,0,0,0,2,1,6,6,3,-1,-1,1229,1,5,VAUXHALL ADAM,-1,-1,0,-1
2020990939912,2020,990939912,2,9,0,18,19,7,3,0,0,1,0,0,0,0,3,1,6,6,2,26,6,1229,1,2,VAUXHALL ADAM,3,-1,0,-1
2020990932411,2020,990932411,1,9,0,18,19,8,4,0,0,0,0,0,0,0,1,1,2,2,2,24,5,1229,1,2,VAUXHALL ADAM,9,-1,0,-1
2020010237313,2020,010237313,1,9,0,99,99,9,9,99,99,9,9,99,9,99,2,9,2,2,2,29,6,1229,1,2,VAUXHALL ADAM,6,E01001408,0,-1
2020230985650,2020,230985650,2,9,0,3,3,2,6,0,0,4,0,0,3,0,2,1,2,2,2,22,5,1229,1,5,VAUXHALL ADAM,7,E01031212,0,-1
2020610015420,2020,610015420,1,9,0,18,19,7,3,0,0,4,0,0,0,0,1,1,6,6,2,57,9,1229,1,3,VAUXHALL ADAM,4,W01001384,0,-1
2020522002795,2020,522002795,1,9,0,18,19,3,8,0,0,0,0,0,0,0,1,1,6,6,2,37,7,1229,1,6,VAUXHALL ADAM,4,E01014603,0,-1
2020411020914,2020,411020914,3,9,0,18,19,4,8,0,0,1,0,0,0,0,0,1,6,6,2,25,5,1229,1,5,VAUXHALL ADAM,8,E01023692,0,-1
2020990982651,2020,990982651,1,9,0,18,19,5,2,0,0,0,0,0,0,0,4,2,6,6,2,37,7,1398,1,3,VAUXHALL ADAM,1,-1,0,-1
2020410957920,2020,410957920,1,9,0,5,5,4,8,0,0,1,0,10,0,0,1,1,5,6,2,-1,-1,1398,1,3,VAUXHALL ADAM,4,E01015723,0,-1
2020010248436,2020,010248436,2,9,0,5,5,7,3,0,0,0,0,4,3,0,1,1,6,6,1,24,5,1229,1,6,VAUXHALL ADAM,-1,-1,0,-1
2020990980806,2020,990980806,2,9,0,18,19,7,3,0,0,0,0,0,0,0,2,1,2,2,2,24,5,1229,1,6,VAUXHALL ADAM,7,-1,0,-1
202006J372138,2020,06J372138,1,9,0,18,19,5,1,0,0,1,5,4,0,0,4,1,6,6,2,86,11,1229,1,4,VAUXHALL ADAM,8,E01005768,0,-1
2020320460629,2020,320460629,2,9,0,18,19,6,2,0,0,0,0,0,0,0,2,1,6,6,1,87,11,1398,1,5,VAUXHALL ADAM,9,-1,0,-1
2020520001817,2020,520001817,1,9,0,18,19,6,2,0,0,0,1,0,0,0,1,1,6,6,2,19,4,1398,1,3,VAUXHALL ADAM,5,E01029193,0,-1
2020622000769,2020,622000769,1,9,0,18,19,8,4,0,0,0,1,10,7,4,4,1,6,6,2,26,6,1229,1,5,VAUXHALL ADAM,9,W01001159,0,-1
2020040960698,2020,040960698,1,9,0,5,5,5,3,0,0,0,0,11,0,0,1,1,6,6,2,56,9,1229,1,1,VAUXHALL ADAM,9,E01025476,0,-1
2020030940629,2020,030940629,2,9,0,5,5,6,2,0,0,2,0,0,0,0,1,1,5,6,2,24,5,1229,1,6,VAUXHALL ADAM,7,E01019169,0,-1
2020520004661,2020,520004661,1,9,0,18,19,6,2,0,0,1,0,0,0,0,1,1,6,6,2,59,9,1229,1,1,VAUXHALL ADAM,9,E01032092,0,-1
2020990917857,2020,990917857,1,9,0,6,6,3,3,0,0,0,0,0,0,0,3,1,6,6,2,21,5,1398,1,7,VAUXHALL ADAM,1,-1,0,-1
2020200955905,2020,200955905,1,9,0,14,14,6,2,0,0,0,2,10,1,0,1,1,6,6,2,46,8,999,1,5,VAUXHALL ADAM,2,E01010335,0,-1
2020460933161,2020,460933161,1,9,0,18,19,5,7,0,0,1,0,0,0,0,1,1,6,6,3,-1,-1,1229,1,2,VAUXHALL ADAM,-1,-1,0,-1
2020161010177,2020,161010177,1,9,0,18,19,7,3,0,0,1,1,0,0,0,4,1,6,6,2,26,6,1398,1,5,VAUXHALL ADAM,6,E01013334,0,-1
2020211036933,2020,211036933,2,9,0,18,19,7,4,0,0,1,0,0,0,0,1,1,2,2,2,24,5,1229,1,5,VAUXHALL ADAM,9,E01029791,0,-1
2020010282113,2020,010282113,2,9,0,18,19,1,5,0,0,0,0,0,0,0,1,1,6,6,2,30,6,1229,1,6,VAUXHALL ADAM,2,E01000074,0,-1
2020040982699,2020,040982699,2,9,0,5,5,1,5,0,0,0,0,0,0,0,2,1,5,6,2,19,4,1229,1,6,VAUXHALL ADAM,7,E01024905,0,-1
2020052001371,2020,052001371,1,9,0,18,19,5,1,0,0,0,0,0,0,0,1,1,6,6,3,-1,-1,1229,1,1,VAUXHALL ADAM,-1,-1,0,-1
2020221002642,2020,221002642,2,9,0,18,19,5,1,0,0,8,0,0,0,0,4,1,5,6,1,24,5,1229,1,3,VAUXHALL ADAM,9,E01032482,0,-1
2020522003927,2020,522003927,1,9,0,18,19,5,1,0,0,0,0,0,0,0,4,1,6,6,1,21,5,1229,1,6,VAUXHALL ADAM,6,E01015008,0,-1
2020100972847,2020,100972847,2,9,0,9,9,5,7,0,0,4,0,0,0,0,4,1,2,2,2,21,5,1229,1,1,VAUXHALL ADAM,6,E01008358,0,-1
2020990967660,2020,990967660,1,9,0,13,13,7,3,0,0,0,0,0,0,0,4,1,5,6,2,20,4,1229,1,2,VAUXHALL ADAM,-1,-1,0,-1
2020010271674,2020,010271674,1,9,0,4,4,4,8,0,0,2,0,0,0,0,4,1,6,6,2,23,5,1229,1,7,VAUXHALL ADAM,2,E01001351,0,-1
2020990938584,2020,990938584,2,9,0,5,5,6,2,0,0,1,0,0,0,0,1,1,6,6,2,18,4,1229,1,1,VAUXHALL ADAM,1,-1,0,-1
2020010237019,2020,010237019,1,9,0,99,99,9,9,99,99,9,9,99,9,99,2,9,6,6,2,18,4,1229,1,3,VAUXHALL ADAM,10,E01000684,0,-1
2020010242404,2020,010242404,1,9,0,17,19,1,5,0,0,2,0,0,0,0,1,1,6,6,1,-1,-1,1398,1,6,VAUXHALL ADAM,7,E01033568,0,-1
2020200933188,2020,200933188,1,9,0,18,19,5,1,0,0,1,0,0,0,0,1,1,6,6,2,24,5,1229,1,6,VAUXHALL ADAM,10,E01009672,0,-1
2020410990261,2020,410990261,2,9,0,3,3,1,5,0,0,0,1,0,7,4,2,1,6,6,2,24,5,1229,1,6,VAUXHALL ADAM,7,E01023450,0,-1
2020351015941,2020,351015941,2,9,0,18,19,7,3,0,0,1,0,0,0,0,3,1,1,1,2,30,6,1598,2,1,VAUXHALL ADAM,-1,-1,0,-1
2020220939997,2020,220939997,3,9,0,4,4,6,2,0,0,0,0,0,0,0,2,1,5,6,1,24,5,1229,1,5,VAUXHALL ADAM,10,E01014174,0,-1
2020230950707,2020,230950707,2,9,0,17,19,1,5,0,0,1,0,0,0,0,1,1,5,6,2,19,4,1229,1,5,VAUXHALL ADAM,7,E01032892,0,-1
2020141008392,2020,141008392,2,9,0,18,19,3,7,0,0,2,0,0,0,0,3,1,6,6,2,20,4,1229,1,4,VAUXHALL ADAM,6,E01007408,0,-1
2020040983454,2020,040983454,2,9,0,18,19,7,3,0,0,1,0,0,0,0,1,1,5,6,2,29,6,1229,1,4,VAUXHALL ADAM,9,E01024956,0,-1
2020450942142,2020,450942142,1,9,0,18,19,2,6,0,0,0,0,0,0,0,1,1,5,6,2,27,6,1229,1,6,VAUXHALL ADAM,7,E01030993,0,-1
2020101009500,2020,101009500,2,9,0,18,19,7,3,0,0,1,0,0,0,0,1,1,1,1,2,21,5,1398,1,6,VAUXHALL ADAM,1,E01008400,0,-1
2020400926116,2020,400926116,1,9,0,18,19,5,1,0,0,0,0,0,0,0,1,1,6,6,2,17,4,1229,1,7,VAUXHALL ADAM,9,E01033190,0,-1
2020530987515,2020,530987515,2,9,0,5,5,2,2,9,9,0,0,0,0,0,1,1,6,6,2,23,5,1229,1,3,VAUXHALL ADAM,1,E01022319,0,-1
2020990980789,2020,990980789,1,9,0,9,9,6,3,0,0,8,0,0,0,0,1,1,2,2,2,25,5,1398,1,6,VAUXHALL ADAM,3,-1,0,-1
2020010282023,2020,010282023,1,9,0,9,9,5,3,0,0,1,0,0,0,0,3,2,6,6,2,21,5,999,1,6,VAUXHALL ADAM,6,E01000352,0,-1
2020010235128,2020,010235128,1,9,0,18,19,2,6,0,0,1,0,0,0,0,4,1,6,6,2,56,9,1229,1,4,VAUXHALL ADAM,4,E01000980,0,-1
2020070169322,2020,070169322,4,9,0,2,2,0,0,0,0,1,0,0,0,0,1,1,6,6,2,-1,-1,1364,1,5,VAUXHALL ADAM,10,E01012463,0,-1
2020302001233,2020,302001233,2,9,0,18,19,8,7,0,0,4,0,0,0,0,3,1,1,1,1,49,8,1229,1,4,VAUXHALL ADAM,9,E01027992,0,-1
2020010250234,2020,010250234,2,9,0,99,99,9,9,99,99,1,9,99,9,99,9,9,6,6,3,-1,-1,1364,1,4,VAUXHALL ADAM,-1,-1,0,-1
2020052002416,2020,052002416,1,9,0,18,19,1,5,0,0,0,1,0,1,1,1,1,6,6,2,23,5,1229,1,5,VAUXHALL ADAM,3,E01007178,0,-1
2020201015599,2020,201015599,1,9,0,7,7,6,8,0,0,6,0,0,0,0,1,1,6,6,1,-1,-1,1398,1,6,VAUXHALL ADAM,-1,-1,0,-1
2020010248455,2020,010248455,2,9,0,9,9,7,5,0,0,8,0,0,0,0,3,2,2,2,2,21,5,1398,1,4,VAUXHALL ADAM,8,E01021574,0,-1
2020030922421,2020,030922421,1,9,0,9,9,6,3,0,0,0,0,0,0,0,3,1,6,6,2,23,5,1229,1,3,VAUXHALL ADAM,6,E01019180,0,-1
2020990956799,2020,990956799,1,9,0,18,19,7,3,0,0,2,0,0,0,0,1,1,5,6,2,19,4,1229,1,1,VAUXHALL ADAM,6,-1,0,-1
2020160959539,2020,160959539,2,9,0,18,19,7,3,0,0,3,0,0,0,0,4,1,2,2,2,21,5,1398,1,2,VAUXHALL ADAM,5,E01013200,0,-1
2020320059802,2020,320059802,2,9,0,18,19,5,1,0,0,2,0,0,0,0,1,1,6,6,2,22,5,1229,1,2,VAUXHALL ADAM,6,E01026348,0,-1
2020010272628,2020,010272628,2,9,0,4,4,6,2,0,0,1,0,0,0,0,1,1,6,6,2,23,5,1229,1,5,VAUXHALL ADAM,8,E01002472,0,-1
2020052001759,2020,052001759,1,9,0,9,9,4,1,0,0,8,0,0,0,0,1,1,2,2,2,21,5,1229,1,6,VAUXHALL ADAM,1,E01006768,0,-1
2020201007254,2020,201007254,2,9,0,18,19,3,7,0,0,8,0,0,0,0,1,1,6,6,2,25,5,1229,1,3,VAUXHALL ADAM,9,E01009912,0,-1
2020440192874,2020,440192874,2,9,0,18,19,5,1,0,0,0,0,0,0,0,2,1,6,6,2,21,5,1398,1,7,VAUXHALL ADAM,6,E01023071,0,-1
2020040954371,2020,040954371,1,9,0,4,4,7,3,0,0,0,0,0,0,0,3,1,5,6,2,18,4,1364,1,5,VAUXHALL ADAM,9,E01025340,0,-1
2020547591220,2020,547591220,2,9,0,16,19,8,4,0,0,2,0,0,0,0,1,1,2,2,2,26,6,1398,1,6,VAUXHALL ADAM,6,E01031871,0,-1
2020302000329,2020,302000329,1,9,0,10,10,5,3,0,0,1,0,0,0,0,2,1,6,6,2,31,6,1398,1,7,VAUXHALL ADAM,6,E01019674,0,-1
2020990941897,2020,990941897,1,9,0,9,9,6,3,0,0,2,0,0,0,0,1,1,5,6,2,23,5,1229,1,3,VAUXHALL ADAM,8,-1,0,-1
2020122000160,2020,122000160,1,9,0,11,11,5,1,0,0,0,1,0,1,4,1,1,6,6,2,43,7,1398,1,3,VAUXHALL ADAM,9,E01012200,0,-1
20201371U0506,2020,1371U0506,3,9,0,18,19,6,2,0,0,3,0,0,0,0,1,1,6,6,2,22,5,1398,1,7,VAUXHALL ADAM,4,E01011008,0,-1
2020360927089,2020,360927089,2,9,0,18,19,1,5,0,0,0,0,0,0,0,1,1,2,2,2,45,7,1229,1,6,VAUXHALL ADAM,8,E01026532,0,-1
2020430204105,2020,430204105,2,9,0,10,10,6,4,0,0,1,0,0,7,9,2,1,2,2,2,23,5,1229,1,4,VAUXHALL ADAM,9,E01016308,0,-1
2020070169322,2020,070169322,3,9,0,18,19,3,7,0,0,1,0,0,0,0,3,1,6,6,2,50,8,1229,1,4,VAUXHALL ADAM,1,E01012455,0,-1
2020340E09182,2020,340E09182,1,9,0,18,19,3,7,0,0,8,0,0,0,0,1,1,6,6,2,22,5,1229,1,7,VAUXHALL ADAM,6,E01027032,0,-1
2020211007508,2020,211007508,1,9,0,9,9,8,3,0,0,8,0,0,0,0,1,1,6,6,2,52,8,1229,1,7,VAUXHALL ADAM,5,E01010250,0,-1
2020100970166,2020,100970166,1,9,0,18,19,4,8,0,0,0,5,0,1,0,1,1,5,6,2,20,4,1229,1,5,VAUXHALL ADAM,2,E01008867,0,-1
20201378F1469,2020,1378F1469,2,9,0,4,4,8,4,0,0,0,0,0,0,0,2,1,6,6,2,36,7,1229,1,2,VAUXHALL ADAM,4,E01011325,0,-1
2020210991952,2020,210991952,1,9,0,18,19,5,1,0,0,0,0,0,0,0,4,1,6,6,2,54,8,999,1,5,VAUXHALL ADAM,4,E01029423,0,-1
2020137A80664,2020,137A80664,1,9,0,18,19,1,5,0,0,1,0,0,0,0,3,1,6,6,2,22,5,1229,1,3,VAUXHALL ADAM,1,E01010831,0,-1
2020100991185,2020,100991185,1,9,0,18,19,1,1,0,0,2,5,4,0,0,4,1,2,2,2,19,4,1398,1,6,VAUXHALL ADAM,5,E01027376,0,-1
2020340N02852,2020,340N02852,2,9,0,18,19,4,8,0,0,8,0,0,0,0,1,1,6,6,2,18,4,1229,1,2,VAUXHALL ADAM,8,E01027193,0,-1
2020100918874,2020,100918874,1,9,0,7,7,8,7,0,0,0,1,0,7,1,1,1,1,1,2,20,4,1229,1,6,VAUXHALL ADAM,5,E01027365,0,-1
2020401013700,2020,401013700,1,9,0,3,3,7,3,0,0,0,0,11,0,0,2,1,2,2,2,27,6,1229,1,3,VAUXHALL ADAM,1,E01015732,0,-1
2020302001457,2020,302001457,1,9,0,18,19,6,2,0,0,0,0,0,0,0,1,1,6,6,1,49,8,1398,1,6,VAUXHALL ADAM,10,E01013539,0,-1
2020070089940,2020,070089940,1,9,0,17,19,2,6,0,0,0,1,0,0,4,1,1,2,2,1,18,4,1229,1,6,VAUXHALL ADAM,9,E01018650,0,-1
2020040934773,2020,040934773,1,9,0,6,6,1,5,0,0,0,0,0,0,0,3,1,5,6,2,80,11,1229,1,6,VAUXHALL ADAM,8,E01012636,0,-1
2020332000368,2020,332000368,2,9,0,2,2,0,0,0,0,0,0,0,0,0,1,1,6,6,3,-1,-1,1229,1,3,VAUXHALL ADAM,-1,-1,0,-1
2020200929138,2020,200929138,1,9,0,9,9,5,3,0,0,8,0,0,0,0,1,1,6,6,2,24,5,1398,1,7,VAUXHALL ADAM,4,E01010377,0,-1
2020622000350,2020,622000350,4,9,0,4,4,2,6,0,0,0,0,0,0,0,2,1,6,6,2,32,6,1398,1,6,VAUXHALL ADAM,5,W01001213,0,-1
2020040935763,2020,040935763,2,9,0,18,19,7,3,0,0,1,0,0,0,0,1,1,5,6,2,19,4,1229,1,1,VAUXHALL ADAM,5,E01025573,0,-1
2020622000682,2020,622000682,1,9,0,18,19,8,4,0,0,1,0,0,0,0,4,1,6,6,2,25,5,1398,1,3,VAUXHALL ADAM,3,W01000999,0,-1
2020370937630,2020,370937630,1,9,0,18,19,1,5,0,0,0,0,0,0,0,1,1,1,1,1,23,5,1229,1,6,VAUXHALL ADAM,7,E01033451,0,-1
2020622000625,2020,622000625,1,9,0,18,19,6,1,0,0,0,0,0,0,0,1,1,6,6,2,18,4,1229,1,6,VAUXHALL ADAM,8,W01001027,0,-1
202006P269324,2020,06P269324,1,9,0,9,9,7,5,0,0,8,0,0,0,0,3,1,6,6,2,30,6,1229,1,6,VAUXHALL ADAM,2,E01005633,0,-1
2020420962391,2020,420962391,1,9,0,9,9,5,3,0,0,8,0,0,0,0,4,1,5,6,2,18,4,1229,1,6,VAUXHALL ADAM,9,E01022099,0,-1
2020160957372,2020,160957372,2,9,0,18,19,8,4,0,0,8,0,0,0,0,4,1,2,2,2,-1,-1,1229,1,6,VAUXHALL ADAM,1,E01012785,0,-1
2020100974851,2020,100974851,1,9,0,18,19,7,7,0,0,6,0,0,0,0,3,1,5,6,2,51,8,1398,1,5,VAUXHALL ADAM,5,E01008879,0,-1
2020990948401,2020,990948401,1,5,0,18,19,3,7,0,0,8,2,0,1,0,0,1,6,6,1,52,8,1063,1,13,-1,5,-1,0,-1
2020302001077,2020,302001077,1,5,0,17,19,5,1,0,0,0,1,0,0,0,0,1,6,6,1,42,7,1063,1,17,-1,6,E01007707,0,-1
2020450968815,2020,450968815,2,5,0,13,13,6,2,0,0,0,0,0,1,0,2,1,5,6,1,28,6,599,1,18,YAMAHA Model Missing,3,E01030788,0,-1
202063D048920,2020,63D048920,1,5,0,16,19,4,7,0,0,0,0,0,7,10,1,1,6,6,1,68,10,-1,-1,-1,YAMAHA Model Missing,7,W01001933,0,-1
2020460971675,2020,460971675,2,5,0,18,19,4,8,0,0,0,0,0,0,0,1,1,5,6,1,53,8,1002,1,23,YAMAHA Model Missing,9,E01016053,0,-1
2020622000147,2020,622000147,2,97,0,18,19,6,2,0,0,1,0,0,0,0,1,1,2,2,1,16,4,49,1,34,-1,8,W01000775,0,-1
2020440253617,2020,440253617,2,4,0,4,4,7,3,0,0,1,0,0,0,0,1,1,2,2,1,42,7,749,1,26,YAMAHA Model Missing,6,E01017177,0,-1
2020010277958,2020,010277958,1,90,0,18,19,1,5,0,0,1,0,0,0,0,1,1,2,2,1,24,5,-1,-1,-1,YAMAHA Model Missing,-1,-1,0,-1
202031C081020,2020,31C081020,2,90,0,5,5,5,1,0,0,1,0,0,0,0,3,1,6,6,1,26,6,660,1,13,YAMAHA Model Missing,2,E01013919,0,-1
2020543465220,2020,543465220,2,5,0,18,19,8,4,0,0,0,0,0,0,0,3,1,6,6,1,35,6,535,1,26,YAMAHA Model Missing,-1,-1,0,-1
2020320018965,2020,320018965,1,5,0,18,19,1,5,0,0,1,5,0,0,0,1,1,2,2,1,26,6,749,1,29,YAMAHA Model Missing,1,E01026308,0,-1
2020010260396,2020,010260396,1,5,0,9,9,1,6,0,0,3,0,0,0,0,1,1,6,6,1,29,6,660,1,8,YAMAHA Model Missing,3,E01001166,0,-1
2020040963871,2020,040963871,2,5,0,18,19,5,1,0,0,1,0,0,0,0,1,1,5,6,1,56,9,749,1,29,YAMAHA Model Missing,5,E01007030,0,-1
2020200990086,2020,200990086,1,90,0,18,19,8,4,0,0,1,0,0,0,0,0,1,6,6,1,-1,-1,686,1,13,YAMAHA Model Missing,2,E01009054,0,-1
2020460987231,2020,460987231,2,3,0,18,19,1,5,0,0,0,0,0,0,0,3,1,6,6,1,18,4,124,1,-1,YAMAHA Model Missing,6,E01024704,0,-1
2020470988272,2020,470988272,1,5,0,18,19,2,6,0,0,1,1,0,7,10,1,1,5,6,1,51,8,535,1,30,YAMAHA Model Missing,6,E01021133,0,-1
2020470953428,2020,470953428,2,5,0,4,4,6,2,0,0,2,2,0,0,0,4,1,2,2,1,44,7,535,1,21,YAMAHA Model Missing,10,E01031681,0,-1
2020140947673,2020,140947673,2,3,0,18,19,7,3,0,0,1,5,0,0,0,1,1,5,6,1,26,6,79,1,31,YAMAHA Model Missing,3,E01007490,0,-1
202031D145620,2020,31D145620,1,90,0,16,19,6,1,0,0,0,0,0,7,11,1,1,6,6,1,32,6,-1,-1,-1,YAMAHA Model Missing,6,E01013887,0,-1
2020122001368,2020,122001368,1,5,0,17,19,5,3,0,0,0,1,0,1,0,0,1,6,6,1,54,8,1000,1,18,YAMAHA Model Missing,4,E01011757,0,-1
202063C023720,2020,63C023720,1,5,0,17,19,3,8,0,0,0,0,0,0,0,0,1,6,6,1,52,8,750,1,31,YAMAHA Model Missing,6,W01000595,0,-1
2020010285993,2020,010285993,2,3,0,4,4,5,1,0,0,1,0,0,0,0,1,1,2,2,2,60,9,1198,1,23,YAMAHA Model Missing,3,E01001362,0,-1
2020460997103,2020,460997103,1,3,0,16,19,3,7,0,0,0,0,0,0,0,4,1,6,6,1,36,7,79,1,29,YAMAHA Model Missing,2,E01024249,0,-1
2020430047865,2020,430047865,1,4,0,7,7,6,8,0,0,6,1,0,0,0,0,1,1,1,1,55,8,598,1,25,YAMAHA Model Missing,2,E01033499,0,-1
2020010266776,2020,010266776,1,5,0,15,15,7,3,0,0,1,2,0,0,0,3,1,6,6,1,57,9,892,1,23,YAMAHA Model Missing,3,E01003603,0,-1
2020552000378,2020,552000378,2,5,0,18,19,4,8,0,0,1,0,0,0,0,3,1,2,2,1,39,7,595,1,19,YAMAHA Model Missing,6,E01020541,0,-1
2020990969089,2020,990969089,3,5,0,4,4,2,6,0,0,0,0,0,0,0,2,1,5,6,1,68,10,1854,1,11,YAMAHA Model Missing,8,-1,0,-1
2020160973535,2020,160973535,1,90,0,18,19,2,6,0,0,1,0,0,0,0,0,1,1,1,1,57,9,421,1,-1,YAMAHA Model Missing,6,E01013074,0,-1
202031D035920,2020,31D035920,1,5,0,7,7,8,3,0,0,3,1,0,0,0,0,1,2,2,1,21,5,892,1,23,YAMAHA Model Missing,2,E01028113,0,-1
2020500952551,2020,500952551,1,3,0,18,19,1,5,0,0,0,0,11,0,0,1,1,6,6,1,67,10,749,1,25,YAMAHA Model Missing,1,E01015048,0,-1
2020010282960,2020,010282960,2,90,0,99,99,9,9,99,99,9,9,99,9,99,1,9,6,6,3,-1,-1,-1,-1,-1,YAMAHA Model Missing,-1,-1,0,-1
2020040952934,2020,040952934,1,17,0,17,19,5,1,0,0,0,1,0,0,0,1,1,5,6,1,27,6,700,1,2,-1,6,E01004930,0,-1
2020470967958,2020,470967958,1,5,0,18,19,5,1,0,0,1,1,0,7,0,1,1,5,6,1,49,8,750,1,25,YAMAHA Model Missing,7,E01021212,0,-1
2020440089524,2020,440089524,2,5,0,18,19,1,5,0,0,8,1,0,0,0,0,1,1,1,1,52,8,649,1,16,YAMAHA Model Missing,4,E01015328,0,-1
2020440434116,2020,440434116,1,5,0,4,4,8,4,0,0,1,1,0,0,0,0,1,2,2,1,27,6,599,1,24,YAMAHA Model Missing,3,E01017189,0,-1
2020340D04072,2020,340D04072,2,4,0,18,19,5,1,0,0,0,0,0,0,0,0,1,2,2,1,59,9,246,1,43,YAMAHA Model Missing,8,E01027209,0,-1