collision_index,collision_year,collision_ref_no,vehicle_reference,vehicle_type,towing_and_articulation,vehicle_manoeuvre_historic,vehicle_manoeuvre,vehicle_direction_from,vehicle_direction_to,vehicle_location_restricted_lane_historic,vehicle_location_restricted_lane,junction_location,skidding_and_overturning,hit_object_in_carriageway,vehicle_leaving_carriageway,hit_object_off_carriageway,first_point_of_impact,vehicle_left_hand_drive,journey_purpose_of_driver_historic,journey_purpose_of_driver,sex_of_driver,age_of_driver,age_band_of_driver,engine_capacity_cc,propulsion_code,age_of_vehicle,generic_make_model,driver_imd_decile,lsoa_of_driver,escooter_flag,driver_distance_banding
2020010229147,2020,010229147,1,3,0,99,99,9,9,99,99,9,9,99,9,99,9,-1,2,2,1,20,4,124,1,10,YAMAHA Model Missing,7,E01001027,0,-1
2020420960988,2020,420960988,2,4,0,18,19,3,7,0,0,8,2,0,0,0,4,1,6,6,1,42,7,599,1,22,YAMAHA Model Missing,5,E01021905,0,-1
2020440030040,2020,440030040,1,5,0,3,3,5,1,0,0,1,0,0,0,0,2,1,6,6,1,56,9,891,1,29,YAMAHA Model Missing,10,E01032616,0,-1
2020052000909,2020,052000909,2,3,0,18,19,4,8,0,0,0,0,0,0,0,1,1,6,6,1,27,6,97,1,45,YAMAHA Model Missing,1,E01006518,0,-1
2020500996451,2020,500996451,1,5,0,18,19,2,6,0,0,0,0,0,0,0,1,1,6,6,1,53,8,1188,1,24,YAMAHA Model Missing,3,E01020286,0,-1
2020010247762,2020,010247762,1,3,0,13,13,8,4,0,0,8,5,0,0,0,1,1,6,6,1,61,9,97,1,38,YAMAHA Model Missing,8,E01002915,0,-1
2020010267604,2020,010267604,2,4,0,18,19,4,8,0,0,4,0,0,0,0,2,1,6,6,1,58,9,398,1,44,YAMAHA Model Missing,-1,-1,0,-1
202031D074620,2020,31D074620,1,5,0,17,19,8,5,0,0,0,0,0,1,0,1,1,6,6,1,51,8,998,1,20,YAMAHA Model Missing,3,E01028209,0,-1
2020010242329,2020,010242329,1,5,0,15,15,1,5,0,0,2,0,0,0,0,1,1,6,6,1,42,7,530,1,4,YAMAHA Model Missing,9,E01002916,0,-1
2020010286518,2020,010286518,1,3,0,13,13,3,7,0,0,1,0,0,0,0,2,1,6,6,1,30,6,124,1,4,YAMAHA Model Missing,3,E01001942,0,-1
2020470961897,2020,470961897,1,4,0,16,19,2,5,0,0,0,1,0,1,0,4,1,2,2,1,56,9,247,1,40,YAMAHA Model Missing,6,E01031673,0,-1
2020200924522,2020,200924522,2,4,0,18,19,2,6,0,0,8,0,0,0,0,1,1,6,6,1,38,7,450,1,10,YAMAHA Model Missing,4,E01009284,0,-1
2020340W07422,2020,340W07422,2,5,0,18,19,7,3,0,0,8,0,0,0,0,4,1,6,6,1,28,6,599,1,27,YAMAHA Model Missing,7,E01027321,0,-1
2020500996607,2020,500996607,2,2,0,18,19,1,5,0,0,8,0,0,0,0,4,1,5,6,1,69,10,535,1,23,-1,2,E01015194,0,-1
2020110937068,2020,110937068,1,5,0,18,19,7,3,0,0,0,1,0,0,0,1,1,6,6,1,56,9,535,1,27,YAMAHA Model Missing,2,E01020733,0,-1
2020200972439,2020,200972439,2,5,0,18,19,8,4,0,0,8,1,0,0,0,1,1,2,2,1,34,6,599,1,18,YAMAHA Model Missing,2,E01009098,0,-1
2020140958854,2020,140958854,2,5,0,18,19,3,8,0,0,1,0,0,0,0,3,1,5,6,1,30,6,892,1,26,YAMAHA Model Missing,3,E01011786,0,-1
2020360977233,2020,360977233,1,5,0,16,19,4,7,0,0,0,1,0,0,0,3,1,2,2,1,44,7,1000,1,22,YAMAHA Model Missing,4,E01026750,0,-1
2020501008145,2020,501008145,1,5,0,18,19,3,7,0,0,0,2,0,0,0,4,1,1,1,1,55,8,598,1,27,YAMAHA Model Missing,4,E01018938,0,-1
2020200973498,2020,200973498,2,5,0,18,19,6,2,0,0,8,0,0,0,0,1,1,6,6,1,61,9,892,1,23,YAMAHA Model Missing,1,E01009215,0,-1
2020470944607,2020,470944607,1,5,0,18,19,5,1,0,0,0,1,12,1,9,1,1,2,2,1,56,9,998,1,18,YAMAHA Model Missing,8,E01031653,0,-1
2020200938816,2020,200938816,2,5,0,18,19,8,4,0,0,8,0,0,0,0,3,1,2,2,1,57,9,535,1,25,YAMAHA Model Missing,3,E01009938,0,-1
2020070210408,2020,070210408,1,5,0,11,11,1,5,0,0,4,1,0,0,0,0,1,6,6,1,21,5,1002,1,24,YAMAHA Model Missing,2,E01006898,0,-1
2020070040544,2020,070040544,2,5,0,18,19,7,3,0,0,0,1,0,0,0,1,1,6,6,1,66,10,1188,1,31,YAMAHA Model Missing,4,E01018712,0,-1
2020070759844,2020,070759844,2,5,0,13,13,5,1,0,0,8,0,0,0,0,4,1,2,2,1,30,6,892,1,24,YAMAHA Model Missing,4,E01007140,0,-1
2020990976831,2020,990976831,1,5,0,17,19,1,6,0,0,0,0,0,1,1,1,1,6,6,2,57,9,1063,1,24,YAMAHA Model Missing,2,-1,0,-1
2020360947938,2020,360947938,1,5,0,18,19,6,2,0,0,0,1,0,0,0,1,1,6,6,1,56,9,535,1,28,YAMAHA Model Missing,8,E01026490,0,-1
2020140951490,2020,140951490,1,90,0,18,19,3,7,0,0,1,0,0,0,0,1,1,5,6,1,26,6,-1,1,1,YAMAHA Model Missing,-1,-1,0,-1
2020220964491,2020,220964491,1,5,0,18,19,7,3,0,0,1,1,12,0,0,1,1,5,6,1,19,4,600,1,22,YAMAHA Model Missing,6,E01031199,0,-1
2020420988035,2020,420988035,2,5,0,18,19,4,8,0,0,0,5,0,0,0,4,1,5,6,1,59,9,1298,1,12,YAMAHA Model Missing,5,E01021499,0,-1
2020420916031,2020,420916031,2,5,0,18,19,5,1,0,0,0,2,0,0,0,1,1,5,6,1,52,8,599,1,23,YAMAHA Model Missing,1,E01021988,0,-1
2020010265204,2020,010265204,1,3,0,99,99,9,9,99,99,9,9,99,9,99,1,1,6,6,1,22,5,125,1,4,YAMAHA Model Missing,2,E01001875,0,-1
2020302000989,2020,302000989,1,5,0,16,19,3,6,0,0,0,0,10,7,4,3,1,6,6,2,33,6,1198,1,28,YAMAHA Model Missing,4,E01029423,0,-1
2020549262720,2020,549262720,1,3,0,18,19,6,2,0,0,0,0,0,0,0,1,1,6,6,1,17,4,124,1,29,YAMAHA Model Missing,7,E01031951,0,-1
2020140952541,2020,140952541,2,5,0,18,19,4,6,0,0,1,0,0,0,0,1,1,1,1,1,29,6,599,1,22,YAMAHA Model Missing,1,E01007627,0,-1
2020220979938,2020,220979938,1,5,0,17,19,2,7,0,0,0,0,0,0,0,3,1,5,6,1,40,7,598,1,24,YAMAHA Model Missing,5,E01032414,0,-1
2020990973545,2020,990973545,1,90,0,18,19,7,3,0,0,0,5,0,0,0,0,1,6,6,1,34,6,-1,-1,-1,YAMAHA Model Missing,10,-1,0,-1
2020160967183,2020,160967183,1,5,0,16,19,5,1,0,0,0,0,0,0,0,0,1,6,6,1,21,5,598,1,23,YAMAHA Model Missing,1,E01013208,0,-1
2020990948164,2020,990948164,1,5,0,16,19,6,1,0,0,0,0,0,8,10,1,1,6,6,1,31,6,598,1,27,YAMAHA Model Missing,6,-1,0,-1
2020041002296,2020,041002296,2,97,0,18,19,1,1,0,0,1,0,0,0,0,1,1,1,1,1,61,9,1670,1,13,-1,1,E01025189,0,-1
2020010278657,2020,010278657,1,5,0,99,99,9,9,99,99,9,9,99,9,99,1,1,6,6,1,54,8,999,1,24,YAMAHA Model Missing,10,E01016145,0,-1
2020460975910,2020,460975910,1,90,0,18,19,5,1,0,0,2,1,0,0,0,1,1,6,6,1,24,5,660,1,17,YAMAHA Model Missing,5,E01024495,0,-1
202063C046720,2020,63C046720,2,5,0,4,4,4,7,0,0,0,0,0,0,0,3,1,6,6,1,29,6,1188,1,28,YAMAHA Model Missing,7,W01000359,0,-1
2020122000632,2020,122000632,2,5,0,18,19,1,5,0,0,1,1,0,0,0,1,1,6,6,1,30,6,1600,1,21,YAMAHA Model Missing,5,E01027798,0,-1
2020302000395,2020,302000395,1,5,0,18,19,3,7,0,0,0,1,0,0,0,3,1,2,2,1,60,9,892,1,24,YAMAHA Model Missing,2,E01019483,0,-1
2020522004554,2020,522004554,1,4,0,18,19,1,5,0,0,0,1,0,1,10,0,1,6,6,1,45,7,124,1,27,YAMAHA Model Missing,9,E01014920,0,-1
2020552000973,2020,552000973,2,5,0,18,19,3,7,0,0,8,1,0,0,0,1,1,6,6,1,28,6,1188,1,32,YAMAHA Model Missing,5,E01029167,0,-1
2020137981649,2020,137981649,2,3,0,18,19,4,8,0,0,0,0,0,0,0,1,1,6,6,1,24,5,124,1,15,YAMAHA Model Missing,2,E01011080,0,-1
2020450939764,2020,450939764,2,4,0,18,19,8,3,0,0,8,0,0,0,0,1,1,5,6,1,56,9,891,1,35,YAMAHA Model Missing,3,E01030952,0,-1
2020990968834,2020,990968834,1,5,0,18,19,2,6,0,0,0,1,0,0,0,4,1,5,6,1,56,9,1188,1,24,YAMAHA Model Missing,-1,-1,0,-1
2020990976526,2020,990976526,2,5,0,18,19,6,2,0,0,8,0,0,0,0,3,1,6,6,1,58,9,892,1,23,YAMAHA Model Missing,2,-1,0,-1
2020320536173,2020,320536173,1,5,0,16,19,6,2,0,0,0,1,0,7,0,4,1,6,6,1,70,10,535,1,24,YAMAHA Model Missing,6,E01028316,0,-1
2020200980916,2020,200980916,3,5,0,18,19,1,5,0,0,1,0,0,0,0,1,1,6,6,1,62,9,650,1,39,YAMAHA Model Missing,9,E01029631,0,-1
202063D058620,2020,63D058620,2,4,0,16,19,4,7,0,0,0,1,0,7,10,1,1,1,1,1,54,8,849,1,27,YAMAHA Model Missing,5,E01032198,0,-1
20201375L1292,2020,1375L1292,1,5,0,9,9,5,1,0,0,8,0,0,0,0,3,1,6,6,1,63,9,599,1,24,YAMAHA Model Missing,10,E01011196,0,-1
2020137261531,2020,137261531,2,4,0,18,19,7,3,0,0,8,0,0,0,0,1,1,6,6,1,52,8,349,1,15,YAMAHA Model Missing,1,E01011764,0,-1
2020460957522,2020,460957522,3,5,0,18,19,1,5,0,0,1,0,0,0,0,0,1,6,6,1,-1,-1,599,1,26,YAMAHA Model Missing,-1,-1,0,-1
2020470950132,2020,470950132,1,5,0,18,19,6,2,0,0,8,1,0,0,0,1,1,5,6,1,59,9,989,1,33,YAMAHA Model Missing,5,E01021100,0,-1
2020470958701,2020,470958701,1,5,0,17,19,8,6,0,0,1,1,0,1,0,4,1,5,6,1,57,9,892,1,24,YAMAHA Model Missing,9,E01021226,0,-1
2020010247093,2020,010247093,2,4,0,5,5,5,1,0,0,1,1,0,0,0,3,1,1,1,1,29,6,321,1,5,YAMAHA Model Missing,3,E01004568,0,-1
2020010255083,2020,010255083,1,5,0,18,19,1,5,0,0,8,0,0,0,0,1,1,6,6,1,52,8,998,1,18,YAMAHA Model Missing,5,E01017440,0,-1
2020122100107,2020,122100107,3,5,0,18,19,1,5,0,0,0,0,0,0,0,3,1,6,6,3,-1,-1,1002,1,31,YAMAHA Model Missing,-1,-1,0,-1
202063D032320,2020,63D032320,1,5,0,17,19,2,7,0,0,0,0,0,2,7,4,1,6,6,1,68,10,1600,1,19,YAMAHA Model Missing,7,W01000475,0,-1
2020440098817,2020,440098817,2,4,0,18,19,7,3,0,0,8,1,0,0,0,1,1,1,1,1,53,8,1300,1,18,YAMAHA Model Missing,10,E01022740,0,-1
2020201004898,2020,201004898,2,97,0,18,19,2,6,0,0,8,0,0,0,0,1,1,1,1,1,54,8,1670,1,18,-1,1,E01010414,0,-1
2020460974886,2020,460974886,2,5,0,18,19,7,3,0,0,8,1,0,0,0,1,1,5,6,1,72,10,535,1,33,YAMAHA Model Missing,4,E01024231,0,-1
2020010269791,2020,010269791,2,5,0,9,9,5,2,0,0,1,0,0,0,0,1,1,6,6,1,39,7,849,1,24,YAMAHA Model Missing,8,E01002993,0,-1
2020010265055,2020,010265055,1,5,0,18,19,1,5,0,0,1,0,0,0,0,1,1,2,2,1,69,10,749,1,30,YAMAHA Model Missing,4,E01021984,0,-1
2020522003139,2020,522003139,2,5,0,3,3,5,1,0,0,0,0,0,0,0,2,1,6,6,2,39,7,599,1,26,YAMAHA Model Missing,6,E01014952,0,-1
202006Q172491,2020,06Q172491,1,5,0,18,19,7,3,0,0,8,0,0,0,0,1,1,6,6,1,19,4,700,1,12,YAMAHA Model Missing,2,E01005430,0,-1
2020450915440,2020,450915440,1,4,0,18,19,1,5,0,0,0,1,11,0,0,0,1,5,6,1,51,8,450,1,16,YAMAHA Model Missing,5,E01001232,0,-1
2020320412625,2020,320412625,1,5,0,17,19,5,1,0,0,0,1,0,0,0,0,1,6,6,1,58,9,649,1,23,YAMAHA Model Missing,9,E01013154,0,-1
2020360980816,2020,360980816,2,5,0,18,19,4,1,0,0,3,0,0,0,0,4,1,5,6,1,50,8,1002,1,31,YAMAHA Model Missing,1,E01033437,0,-1
2020320311376,2020,320311376,1,5,0,18,19,3,7,0,0,6,0,0,0,0,4,1,6,6,1,52,8,649,1,21,YAMAHA Model Missing,2,E01026037,0,-1
2020552000810,2020,552000810,2,4,0,18,19,6,2,0,0,8,1,0,1,0,3,1,6,6,1,62,9,535,1,25,YAMAHA Model Missing,6,E01020482,0,-1
2020140957128,2020,140957128,1,90,0,15,15,8,3,0,0,0,0,0,1,0,1,1,5,6,1,28,6,700,1,3,YAMAHA Model Missing,2,E01007708,0,-1
2020101000628,2020,101000628,2,5,0,18,19,6,6,0,0,8,0,0,0,0,4,1,6,6,1,54,8,1188,1,22,YAMAHA Model Missing,-1,-1,0,-1
2020450994107,2020,450994107,1,5,0,18,19,7,3,0,0,0,1,0,0,0,0,1,2,2,1,71,10,1200,1,20,YAMAHA Model Missing,9,E01030605,0,-1
2020201011690,2020,201011690,2,2,0,18,19,6,2,0,0,8,5,0,0,0,1,1,1,1,1,16,4,-1,-1,-1,-1,10,E01010296,0,-1
2020420999414,2020,420999414,1,4,0,7,7,2,4,0,0,0,0,0,0,0,4,1,1,1,1,47,8,535,1,30,YAMAHA Model Missing,10,E01021558,0,-1
2020460975511,2020,460975511,1,4,0,16,19,8,3,0,0,1,1,0,0,0,1,1,2,2,1,26,6,535,1,25,YAMAHA Model Missing,9,E01032813,0,-1
2020070171596,2020,070171596,2,5,0,18,19,1,5,0,0,0,0,0,0,0,1,1,6,6,1,60,9,1000,1,21,YAMAHA Model Missing,1,E01012455,0,-1
202031A048720,2020,31A048720,1,5,0,18,19,8,4,0,0,0,0,7,4,0,1,1,6,6,1,39,7,-1,-1,-1,YAMAHA Model Missing,1,E01028263,0,-1
2020450925029,2020,450925029,1,4,0,18,19,5,1,0,0,0,0,0,0,0,1,1,5,6,1,20,4,346,1,27,YAMAHA Model Missing,10,E01030903,0,-1
2020410944613,2020,410944613,2,5,0,18,19,3,7,0,0,1,5,0,0,0,1,1,6,6,1,36,7,599,1,26,YAMAHA Model Missing,7,E01023886,0,-1
2020552000584,2020,552000584,2,3,0,18,19,3,7,0,0,1,0,0,0,0,4,1,6,6,1,24,5,124,1,28,YAMAHA Model Missing,5,E01015301,0,-1
2020211005593,2020,211005593,2,5,-1,18,19,5,7,0,0,1,0,0,0,0,-1,1,5,6,1,66,10,535,1,23,YAMAHA Model Missing,2,E01014329,0,-1
2020430244091,2020,430244091,2,4,0,18,19,4,8,0,0,1,0,0,0,0,1,1,6,6,1,75,10,347,1,34,YAMAHA Model Missing,5,E01017617,0,-1
2020010284019,2020,010284019,2,5,0,18,19,5,1,0,0,8,0,0,0,0,3,1,2,2,1,39,7,1063,1,25,YAMAHA Model Missing,4,E01000928,0,-1
2020010257320,2020,010257320,1,4,0,4,4,5,1,0,0,8,1,0,0,0,1,1,2,2,1,29,6,321,1,5,YAMAHA Model Missing,3,E01004568,0,-1
202063B045920,2020,63B045920,1,5,0,17,19,3,8,0,0,0,1,0,2,10,4,1,6,6,1,68,10,1063,1,23,YAMAHA Model Missing,6,W01000433,0,-1
2020302001270,2020,302001270,2,3,0,18,19,3,7,0,0,8,0,0,0,0,1,1,6,6,1,63,9,-1,-1,-1,YAMAHA Model Missing,9,E01019462,0,-1
2020350986994,2020,350986994,2,4,0,18,19,7,3,0,0,8,0,0,0,0,1,1,6,6,1,54,8,1188,1,32,YAMAHA Model Missing,7,E01018125,0,-1
2020500943999,2020,500943999,2,5,0,18,19,1,5,0,0,1,0,0,0,0,1,1,5,6,1,20,4,1188,1,23,YAMAHA Model Missing,5,E01015237,0,-1
2020010278761,2020,010278761,1,5,0,18,19,1,5,0,0,1,0,0,0,0,1,1,1,1,1,25,5,599,1,15,YAMAHA Model Missing,-1,-1,0,-1
2020160976898,2020,160976898,2,5,0,4,4,6,2,0,0,0,1,0,0,0,1,1,5,6,1,59,9,535,1,27,YAMAHA Model Missing,4,E01012947,0,-1
2020420958589,2020,420958589,1,5,0,18,19,8,5,0,0,1,0,0,1,0,1,1,5,6,1,50,8,599,1,23,YAMAHA Model Missing,3,E01021649,0,-1
20201377C1740,2020,1377C1740,1,3,0,18,19,7,3,0,0,2,1,0,0,0,1,1,6,6,1,47,8,535,1,26,YAMAHA Model Missing,7,E01011569,0,-1
2020470973331,2020,470973331,1,5,0,14,14,3,7,0,0,1,5,0,0,0,1,1,2,2,1,28,6,599,1,16,YAMAHA Model Missing,9,E01021208,0,-1
2020122000528,2020,122000528,2,5,0,18,19,5,1,0,0,1,1,0,0,0,1,1,2,2,1,56,9,1063,1,26,YAMAHA Model Missing,2,E01013448,0,-1
202063D041220,2020,63D041220,1,5,0,17,19,4,1,0,0,0,0,0,8,10,3,1,6,6,1,44,7,599,1,20,YAMAHA Model Missing,7,E01029060,0,-1
2020101009798,2020,101009798,2,2,0,18,19,7,7,0,0,8,2,0,0,0,1,1,5,6,1,20,4,49,1,29,-1,1,E01008824,0,-1
2020360960387,2020,360960387,1,5,0,18,19,1,5,0,0,1,1,0,0,0,0,1,6,6,1,44,7,535,1,26,YAMAHA Model Missing,6,E01026612,0,-1
2020210981730,2020,210981730,2,5,0,18,19,2,5,0,0,8,2,0,7,0,2,1,6,6,1,27,6,599,1,28,YAMAHA Model Missing,3,E01029597,0,-1
2020440155024,2020,440155024,1,5,0,18,19,8,4,0,0,0,0,0,7,0,1,1,6,6,1,66,10,1200,1,21,YAMAHA Model Missing,6,E01017298,0,-1
2020400956550,2020,400956550,1,5,0,14,14,5,1,0,0,8,0,0,0,0,1,1,6,6,1,21,5,598,1,23,YAMAHA Model Missing,6,E01023624,0,-1
2020410957190,2020,410957190,1,90,0,17,19,1,7,0,0,0,0,0,4,6,1,1,5,6,1,32,6,-1,-1,-1,YAMAHA Model Missing,2,E01023338,0,-1
2020450960214,2020,450960214,2,5,0,18,19,7,3,0,0,0,0,0,0,0,1,1,5,6,1,27,6,1188,1,31,YAMAHA Model Missing,6,E01030681,0,-1
2020500967388,2020,500967388,1,3,0,18,19,1,5,0,0,0,0,0,0,0,1,1,6,6,1,57,9,123,1,4,-1,2,E01020113,0,-1
2020460997936,2020,460997936,2,3,0,18,19,8,4,0,0,0,0,0,0,0,1,1,6,6,1,25,5,123,1,5,-1,4,E01016141,0,-1
2020160937686,2020,160937686,1,3,0,7,7,7,1,0,0,1,2,0,0,0,4,1,5,6,1,44,7,123,1,4,-1,1,E01012946,0,-1
2020370983175,2020,370983175,1,2,0,13,13,6,6,0,0,0,0,0,0,0,1,1,5,6,1,16,4,50,1,4,-1,7,E01030082,0,-1
2020552000582,2020,552000582,1,4,0,4,4,8,4,0,0,0,0,0,0,0,1,1,6,6,1,17,4,-1,-1,-1,-1,6,E01020534,0,-1
2020350986943,2020,350986943,2,97,0,18,19,3,7,0,0,8,5,0,0,0,1,1,6,6,1,16,4,50,1,1,-1,7,E01018074,0,-1
2020460984814,2020,460984814,1,2,0,18,19,1,5,0,0,0,0,0,0,0,1,1,6,6,1,16,4,50,1,0,-1,8,E01033210,0,-1
2020400921617,2020,400921617,1,2,0,4,4,5,1,0,0,8,1,0,0,0,1,1,6,6,1,16,4,50,1,12,-1,10,E01017374,0,-1
2020522100199,2020,522100199,2,3,0,18,19,1,5,0,0,8,0,0,0,0,1,1,6,6,1,16,4,-1,-1,-1,-1,8,E01014375,0,-1
2020990962743,2020,990962743,1,2,0,18,19,1,5,0,0,1,2,0,0,0,1,1,2,2,1,16,4,50,1,6,-1,8,-1,0,-1
2020100976891,2020,100976891,2,9,0,3,3,5,1,0,0,0,0,0,0,0,2,1,5,6,1,30,6,1995,2,10,BMW 1 SERIES,5,E01008359,0,-1
2020350968305,2020,350968305,1,9,0,16,19,6,2,0,0,0,0,0,7,0,1,1,5,6,2,36,7,1496,2,3,BMW 1 SERIES,10,E01018134,0,-1
2020440227281,2020,440227281,1,9,0,4,4,1,5,0,0,0,0,0,0,0,2,1,6,6,2,28,6,1995,2,6,BMW 1 SERIES,3,E01017019,0,-1
2020101002749,2020,101002749,1,9,0,3,3,5,1,0,0,1,0,0,0,0,1,1,6,6,2,-1,-1,1995,2,14,BMW 1 SERIES,5,E01027365,0,-1
2020137340894,2020,137340894,2,9,0,18,19,5,1,0,0,0,0,0,0,0,2,1,6,6,1,20,4,1995,2,13,BMW 1 SERIES,7,E01013017,0,-1
2020440347377,2020,440347377,1,9,0,17,19,1,5,0,0,0,0,0,1,9,1,1,6,6,1,36,7,1995,2,10,BMW 1 SERIES,7,E01000764,0,-1
2020460987979,2020,460987979,1,9,0,18,19,1,2,0,0,1,0,0,0,0,1,1,6,6,1,35,6,1995,2,14,BMW 1 SERIES,9,E01024785,0,-1
2020010258119,2020,010258119,2,9,0,99,99,9,9,99,99,1,9,99,9,99,1,9,6,6,3,-1,-1,1598,1,6,BMW 1 SERIES,-1,-1,0,-1
2020302001586,2020,302001586,1,9,0,18,19,6,4,0,0,0,0,0,1,4,1,1,6,6,3,-1,-1,1596,1,15,BMW 1 SERIES,5,E01019456,0,-1
2020440377478,2020,440377478,4,9,0,18,19,7,3,0,0,1,0,0,0,0,4,1,2,2,1,50,8,1995,2,9,BMW 1 SERIES,2,E01022970,0,-1
2020421003635,2020,421003635,1,9,0,5,5,3,7,0,0,0,0,0,0,0,1,1,6,6,1,22,5,1598,2,6,BMW 1 SERIES,9,E01021477,0,-1
2020610029820,2020,610029820,1,9,0,4,4,6,4,0,0,2,0,0,0,0,1,1,6,6,2,-1,-1,1995,2,11,BMW 1 SERIES,3,W01001491,0,-1
2020430028582,2020,430028582,1,9,0,9,9,1,7,0,0,1,0,0,0,0,1,1,2,2,1,34,6,1995,1,10,BMW 1 SERIES,6,E01028676,0,-1
2020460951951,2020,460951951,2,9,0,18,19,7,3,0,0,1,0,0,0,0,3,1,5,6,1,55,8,1995,2,8,BMW 1 SERIES,9,E01024112,0,-1
2020450945025,2020,450945025,1,9,0,8,8,5,1,0,0,8,0,0,0,0,1,1,6,6,1,36,7,1995,2,0,BMW 1 SERIES,9,E01030660,0,-1
2020200949509,2020,200949509,1,9,0,13,13,4,8,0,0,0,0,0,0,0,4,1,6,6,1,76,11,1499,1,2,BMW 1 SERIES,10,E01010198,0,-1
2020302000428,2020,302000428,1,9,0,18,19,5,1,0,0,0,0,0,7,11,1,1,6,6,1,27,6,1499,1,1,BMW 1 SERIES,5,E01019623,0,-1
2020010254027,2020,010254027,1,9,0,99,99,9,9,99,99,0,9,99,9,99,2,9,6,6,2,62,9,1499,1,1,BMW 1 SERIES,3,E01003372,0,-1
2020522002053,2020,522002053,1,9,0,18,19,1,5,0,0,4,0,0,0,0,1,1,6,6,1,49,8,1995,2,8,BMW 1 SERIES,6,E01014954,0,-1
2020500922348,2020,500922348,1,9,0,9,9,5,3,0,0,8,0,0,0,0,3,1,2,2,2,40,7,1995,1,9,BMW 1 SERIES,4,E01018925,0,-1
2020460917683,2020,460917683,1,9,0,1,1,7,3,0,0,1,0,0,0,0,2,1,6,6,2,64,9,1600,1,8,BMW 1 SERIES,8,E01024845,0,-1
2020200945343,2020,200945343,1,9,0,18,19,6,2,0,0,0,0,0,0,0,1,1,6,6,1,53,8,1995,2,10,BMW 1 SERIES,2,E01008881,0,-1
2020400973035,2020,400973035,2,9,0,2,2,7,3,0,0,1,0,0,0,0,2,1,6,6,2,59,9,1995,2,10,BMW 1 SERIES,4,E01015786,0,-1
2020230956395,2020,230956395,2,9,0,18,19,5,1,0,0,0,0,0,0,0,2,1,1,1,2,53,8,1995,2,10,BMW 1 SERIES,5,E01014225,0,-1
202006XE69179,2020,06XE69179,2,9,0,18,19,2,6,0,0,0,0,0,0,0,2,1,2,2,1,45,7,1995,2,2,BMW 1 SERIES,8,E01005390,0,-1
2020010274618,2020,010274618,1,9,0,18,19,5,1,0,0,8,0,4,0,0,3,1,6,6,1,20,4,1499,1,1,BMW 1 SERIES,4,E01000155,0,-1
2020010271501,2020,010271501,1,9,0,18,19,7,3,0,0,0,0,4,0,0,1,1,6,6,1,21,5,1995,2,3,BMW 1 SERIES,5,E01000820,0,-1
2020052000410,2020,052000410,2,9,0,18,19,4,8,0,0,2,0,0,0,0,2,1,6,6,1,36,7,1995,2,8,BMW 1 SERIES,2,E01006958,0,-1
2020010250293,2020,010250293,1,9,0,18,19,7,3,0,0,2,1,0,4,1,1,1,6,6,1,23,5,1499,1,4,BMW 1 SERIES,3,E01001749,0,-1
2020200991451,2020,200991451,1,9,0,18,19,7,3,0,0,1,0,0,0,0,1,1,6,6,1,-1,-1,1995,2,14,BMW 1 SERIES,-1,-1,0,-1
2020622001061,2020,622001061,2,9,0,18,19,2,6,0,0,1,0,0,0,0,4,1,6,6,2,22,5,1995,2,8,BMW 1 SERIES,3,W01001171,0,-1
2020010238659,2020,010238659,1,9,0,12,12,5,1,0,0,1,0,0,0,0,3,2,6,6,2,41,7,1598,1,6,BMW 1 SERIES,3,E01001412,0,-1
2020220937326,2020,220937326,2,9,0,3,3,2,6,0,0,0,0,0,0,0,2,1,5,6,2,42,7,1499,1,1,BMW 1 SERIES,8,E01032400,0,-1
2020200954548,2020,200954548,2,9,0,4,4,5,1,0,0,0,0,0,0,0,2,1,6,6,2,69,10,1995,2,8,BMW 1 SERIES,10,E01015464,0,-1
202006Q269455,2020,06Q269455,1,9,0,9,9,1,7,0,0,6,0,0,0,0,1,1,2,2,2,34,6,1995,2,6,BMW 1 SERIES,9,E01005339,0,-1
2020160918102,2020,160918102,2,9,0,18,19,1,1,0,0,0,1,0,0,0,1,1,5,6,2,30,6,1995,2,9,BMW 1 SERIES,5,E01013297,0,-1