collision_index,collision_year,collision_ref_no,vehicle_reference,vehicle_type,towing_and_articulation,vehicle_manoeuvre_historic,vehicle_manoeuvre,vehicle_direction_from,vehicle_direction_to,vehicle_location_restricted_lane_historic,vehicle_location_restricted_lane,junction_location,skidding_and_overturning,hit_object_in_carriageway,vehicle_leaving_carriageway,hit_object_off_carriageway,first_point_of_impact,vehicle_left_hand_drive,journey_purpose_of_driver_historic,journey_purpose_of_driver,sex_of_driver,age_of_driver,age_band_of_driver,engine_capacity_cc,propulsion_code,age_of_vehicle,generic_make_model,driver_imd_decile,lsoa_of_driver,escooter_flag,driver_distance_banding
2020010235739,2020,010235739,1,9,0,99,99,9,9,99,99,8,9,99,9,99,9,9,2,2,2,35,6,1995,2,10,BMW 1 SERIES,2,E01002281,0,-1
2020010274378,2020,010274378,1,9,0,18,19,7,3,0,0,0,0,0,0,0,1,1,6,6,1,18,4,1499,1,2,BMW 1 SERIES,5,E01003948,0,-1
2020200981544,2020,200981544,2,9,0,5,5,7,5,9,9,6,0,0,0,0,1,1,6,6,1,49,8,1499,1,5,BMW 1 SERIES,9,E01029661,0,-1
2020201014245,2020,201014245,1,9,0,18,19,8,4,0,0,1,0,0,0,0,1,1,6,6,1,-1,-1,1995,2,11,BMW 1 SERIES,-1,-1,0,-1
2020411002559,2020,411002559,3,9,0,18,19,3,7,0,0,0,1,1,0,0,1,1,6,6,1,36,7,1499,1,0,BMW 1 SERIES,7,E01016820,0,-1
2020450935587,2020,450935587,3,9,0,10,10,5,1,0,0,1,0,0,0,0,2,1,2,2,2,45,7,1499,1,4,BMW 1 SERIES,10,E01030498,0,-1
2020500959395,2020,500959395,2,9,0,9,9,1,5,0,0,1,0,0,0,0,2,1,6,6,1,59,9,1496,2,2,BMW 1 SERIES,6,E01020142,0,-1
2020160993415,2020,160993415,1,9,0,7,7,7,1,0,0,1,0,0,0,0,1,1,6,6,1,33,6,1995,2,10,BMW 1 SERIES,7,E01012794,0,-1
2020460998512,2020,460998512,1,9,0,7,7,8,2,0,0,6,0,0,0,0,1,1,6,6,2,48,8,1995,2,10,BMW 1 SERIES,1,E01024670,0,-1
2020460971242,2020,460971242,3,9,0,2,2,0,0,0,0,2,0,0,0,0,4,1,6,6,2,-1,-1,2000,2,11,BMW 1 SERIES,2,E01024066,0,-1
202006A373211,2020,06A373211,1,9,0,13,13,2,4,0,0,2,0,0,0,0,1,1,6,6,1,30,6,1499,1,0,BMW 1 SERIES,-1,-1,0,-1
2020410938359,2020,410938359,1,9,0,7,7,7,1,0,0,4,0,0,0,0,4,1,6,6,1,17,4,1499,1,2,BMW 1 SERIES,7,E01023589,0,-1
2020210998486,2020,210998486,1,9,0,3,3,5,2,0,0,0,0,0,0,0,1,1,6,6,1,31,6,1995,2,16,BMW 1 SERIES,1,E01014361,0,-1
2020201005108,2020,201005108,1,9,0,18,19,5,1,0,0,2,0,0,0,0,1,1,6,6,1,51,8,1995,2,14,BMW 1 SERIES,3,E01000510,0,-1
2020122000834,2020,122000834,1,9,0,16,19,3,7,0,0,0,0,0,1,7,1,1,6,6,2,40,7,1995,1,10,BMW 1 SERIES,3,-1,0,-1
2020040963672,2020,040963672,1,9,0,16,19,7,1,0,0,1,0,0,0,0,1,1,6,6,2,20,4,1596,1,15,BMW 1 SERIES,5,E01025431,0,-1
2020410966477,2020,410966477,2,9,0,18,19,7,3,0,0,0,0,0,0,0,-1,1,6,6,3,-1,-1,1995,2,10,BMW 1 SERIES,-1,-1,0,-1
2020470954074,2020,470954074,2,9,0,18,19,3,7,0,0,1,0,0,0,0,2,1,5,6,1,26,6,1995,2,7,BMW 1 SERIES,8,E01021129,0,-1
2020440275480,2020,440275480,1,9,0,16,19,2,5,0,0,0,0,0,0,0,1,1,6,6,1,57,9,1995,2,6,BMW 1 SERIES,1,E01017245,0,-1
2020543350520,2020,543350520,1,9,0,18,19,3,7,0,0,0,0,0,2,7,1,1,6,6,1,19,4,1995,2,5,BMW 1 SERIES,1,W01001811,0,-1
2020010250606,2020,010250606,1,9,0,9,9,1,7,0,0,8,0,0,0,0,1,1,6,6,2,20,4,1499,1,0,BMW 1 SERIES,6,E01004703,0,-1
2020010280974,2020,010280974,2,9,0,99,99,9,9,99,99,9,9,99,9,99,9,9,6,6,3,-1,-1,1995,2,10,BMW 1 SERIES,-1,-1,0,-1
2020400977854,2020,400977854,1,9,0,18,19,1,5,0,0,0,0,0,0,0,1,1,6,6,2,43,7,1995,2,8,BMW 1 SERIES,3,E01027035,0,-1
2020552000329,2020,552000329,2,9,0,3,3,8,4,0,0,1,0,0,0,0,2,1,6,6,1,24,5,1995,2,8,BMW 1 SERIES,5,E01029067,0,-1
2020122001166,2020,122001166,1,9,0,2,2,0,0,0,0,1,0,0,0,0,4,1,6,6,1,26,6,1499,1,3,BMW 1 SERIES,9,E01013370,0,-1
2020400926048,2020,400926048,2,9,0,18,19,1,5,0,0,8,0,0,0,0,1,1,6,6,2,32,6,1995,2,7,BMW 1 SERIES,4,E01017542,0,-1
2020161010592,2020,161010592,3,9,0,18,19,1,5,0,0,4,0,0,0,0,1,1,6,6,2,22,5,1496,2,3,BMW 1 SERIES,3,E01013282,0,-1
2020210949612,2020,210949612,2,9,0,4,4,4,8,0,0,0,0,0,0,0,2,1,6,6,2,21,5,1995,2,7,BMW 1 SERIES,4,E01014321,0,-1
2020010271727,2020,010271727,1,9,0,7,7,7,1,0,0,5,0,0,0,0,3,1,6,6,2,31,6,1496,2,5,BMW 1 SERIES,2,E01004010,0,-1
2020440357290,2020,440357290,3,9,0,18,19,2,6,0,0,1,0,1,0,0,3,1,6,6,1,32,6,1499,1,1,BMW 1 SERIES,6,E01023183,0,-1
2020401008503,2020,401008503,2,9,-1,-1,-1,-1,-1,-1,-1,-1,-1,-1,-1,0,-1,1,5,6,2,37,7,1496,2,2,BMW 1 SERIES,4,E01015750,0,-1
2020420973576,2020,420973576,2,9,0,18,19,5,1,0,0,2,0,0,0,0,1,1,5,6,2,37,7,1598,1,6,BMW 1 SERIES,8,E01015974,0,-1
2020990991536,2020,990991536,1,9,0,4,4,5,8,0,0,7,0,0,0,0,2,1,5,6,2,64,9,1499,1,0,BMW 1 SERIES,1,-1,0,-1
2020470984746,2020,470984746,2,9,0,18,19,2,6,0,0,1,0,0,1,11,1,1,5,6,2,68,10,1995,2,9,BMW 1 SERIES,7,E01021112,0,-1
2020410977874,2020,410977874,2,9,0,3,3,5,1,0,0,1,0,0,0,0,1,1,6,6,1,23,5,1995,2,7,BMW 1 SERIES,3,E01023920,0,-1
2020420919272,2020,420919272,1,9,0,18,19,1,5,0,0,8,0,0,0,0,4,1,2,2,1,44,7,1596,1,15,BMW 1 SERIES,7,E01022067,0,-1
2020530949335,2020,530949335,1,9,0,18,19,1,5,0,0,0,0,4,0,0,1,1,6,6,1,25,5,1995,2,8,BMW 1 SERIES,9,E01022357,0,-1
2020470996935,2020,470996935,1,9,0,7,7,3,6,0,0,6,0,0,0,0,3,1,5,6,1,65,9,1995,2,5,BMW 1 SERIES,9,E01031721,0,-1
202031B138520,2020,31B138520,1,9,0,18,19,6,3,0,0,8,0,0,0,0,4,1,6,6,1,48,8,1598,1,7,BMW 1 SERIES,5,E01026730,0,-1
2020360950035,2020,360950035,1,9,0,18,19,4,8,0,0,0,0,7,3,0,1,1,5,6,1,34,6,1995,2,14,BMW 1 SERIES,6,E01026569,0,-1
2020332000233,2020,332000233,1,9,0,12,12,5,1,0,0,1,0,0,0,0,3,1,1,1,2,27,6,1995,2,11,BMW 1 SERIES,3,E01025706,0,-1
2020010275487,2020,010275487,2,9,9,99,99,9,9,99,99,9,9,99,9,99,9,9,6,6,3,-1,-1,1995,2,8,BMW 1 SERIES,-1,-1,0,-1
2020360969699,2020,360969699,1,9,0,18,19,4,8,0,0,2,0,4,0,0,1,1,6,6,1,35,6,1995,2,15,BMW 1 SERIES,8,E01026530,0,-1
2020010228842,2020,010228842,1,9,0,99,99,9,9,99,99,9,9,99,9,99,2,9,2,2,1,28,6,1598,2,6,BMW 1 SERIES,7,E01015803,0,-1
2020010285693,2020,010285693,4,9,0,3,3,4,8,0,0,1,0,0,0,0,1,1,6,6,1,25,5,1995,2,11,BMW 1 SERIES,10,E01002196,0,-1
2020040949475,2020,040949475,2,9,0,2,2,0,0,0,0,0,0,0,0,0,2,1,2,2,1,23,5,2000,1,11,BMW 1 SERIES,6,E01025607,0,-1
2020010233711,2020,010233711,2,9,0,99,99,9,9,99,99,1,9,99,9,99,1,1,6,6,3,-1,-1,1995,2,13,BMW 1 SERIES,-1,-1,0,-1
2020170M30580,2020,170M30580,1,9,0,18,19,8,4,0,0,8,0,0,0,0,1,1,6,6,2,44,7,1995,2,12,BMW 1 SERIES,3,E01012109,0,-1
2020010258736,2020,010258736,2,9,0,10,10,1,6,0,0,1,0,10,0,0,4,1,2,2,2,35,6,1995,2,4,BMW 1 SERIES,2,E01003611,0,-1
2020010242308,2020,010242308,1,9,9,99,99,9,9,99,99,0,9,99,9,99,9,9,6,6,3,-1,-1,1598,1,5,BMW 1 SERIES,-1,-1,0,-1
2020230963204,2020,230963204,3,9,0,18,19,1,5,0,0,0,0,0,0,0,3,1,5,6,1,51,8,1995,1,14,BMW 1 SERIES,2,E01031142,0,-1
2020420976714,2020,420976714,1,9,0,17,19,1,5,0,0,8,0,0,0,0,1,1,6,6,3,-1,-1,1596,1,14,BMW 1 SERIES,-1,-1,0,-1
2020052002290,2020,052002290,1,9,0,4,4,7,3,0,0,1,0,0,0,0,1,1,6,6,1,31,6,1995,2,7,BMW 1 SERIES,7,E01007245,0,-1
2020141010251,2020,141010251,2,9,0,9,9,7,5,0,0,8,0,0,0,0,3,1,5,6,1,25,5,1496,2,5,BMW 1 SERIES,6,E01007649,0,-1
2020501015964,2020,501015964,1,9,0,18,19,3,7,0,0,0,1,0,2,0,3,1,2,2,1,31,6,1499,1,1,BMW 1 SERIES,9,E01019925,0,-1
2020010241512,2020,010241512,2,9,0,16,19,7,3,0,0,2,0,0,0,0,4,1,2,2,1,22,5,1598,1,6,BMW 1 SERIES,4,E01021779,0,-1
2020420926555,2020,420926555,2,9,0,3,3,7,3,0,0,0,0,0,0,0,2,1,2,2,1,40,7,1995,2,6,BMW 1 SERIES,10,E01021243,0,-1
2020210942857,2020,210942857,2,9,0,18,19,8,4,0,0,1,0,0,0,0,1,1,6,6,1,24,5,1596,1,16,BMW 1 SERIES,4,E01014271,0,-1
2020040915026,2020,040915026,1,9,0,14,14,1,5,0,0,0,0,0,0,0,1,1,5,6,2,23,5,1995,2,9,BMW 1 SERIES,3,E01025310,0,-1
2020500979175,2020,500979175,1,9,0,9,9,8,5,0,0,5,0,0,0,0,1,1,3,7,2,43,7,1995,2,8,BMW 1 SERIES,4,E01020252,0,-1
2020010242398,2020,010242398,1,9,0,9,9,1,7,0,0,5,0,0,0,0,3,1,6,6,2,28,6,1995,1,14,BMW 1 SERIES,3,E01004336,0,-1
2020220991723,2020,220991723,3,9,0,17,19,6,2,0,0,0,0,0,0,0,1,1,5,6,2,38,7,1496,2,4,BMW 1 SERIES,5,E01028979,0,-1
2020211025095,2020,211025095,2,9,-1,-1,-1,1,4,-1,-1,0,-1,-1,-1,0,-1,1,6,6,1,-1,-1,1596,1,15,BMW 1 SERIES,-1,-1,0,-1
2020360957889,2020,360957889,1,9,0,9,9,3,5,0,0,2,0,0,0,0,3,1,1,1,2,42,7,1995,2,9,BMW 1 SERIES,5,E01033539,0,-1
2020010246603,2020,010246603,1,9,0,18,19,1,5,0,0,2,0,0,0,0,1,1,6,6,1,26,6,1995,2,11,BMW 1 SERIES,6,E01004145,0,-1
2020400955964,2020,400955964,1,9,0,6,6,5,1,0,0,0,0,0,7,2,1,1,6,6,1,27,6,1598,2,8,BMW 1 SERIES,8,E01017425,0,-1
2020010281015,2020,010281015,4,9,0,3,3,3,7,0,0,1,0,0,0,0,4,1,6,6,1,21,5,1496,2,3,BMW 1 SERIES,3,E01004064,0,-1
2020200978840,2020,200978840,1,9,0,1,1,5,1,0,0,0,0,0,0,0,2,1,6,6,1,36,7,1995,2,11,BMW 1 SERIES,1,E01009061,0,-1
2020500977649,2020,500977649,2,9,0,4,4,7,3,0,0,0,0,0,0,0,1,1,6,6,2,56,9,1995,2,11,BMW 1 SERIES,4,E01018881,0,-1
2020010286062,2020,010286062,2,9,0,9,9,7,4,0,0,8,0,0,9,0,1,9,6,6,3,-1,-1,1496,2,5,BMW 1 SERIES,-1,-1,0,-1
2020137461205,2020,137461205,2,9,0,8,8,7,3,0,0,1,0,0,0,0,1,1,6,6,1,27,6,1995,2,11,BMW 1 SERIES,8,E01011203,0,-1
2020401007920,2020,401007920,2,9,0,2,2,0,0,0,0,0,0,0,0,0,3,1,6,6,3,-1,-1,1995,2,7,BMW 1 SERIES,-1,-1,0,-1
2020430374057,2020,430374057,1,9,0,14,14,5,1,0,0,0,0,0,0,0,1,1,6,6,1,23,5,1995,2,11,BMW 1 SERIES,10,E01028764,0,-1
2020460992105,2020,460992105,1,9,0,18,19,5,1,0,0,0,0,0,0,0,1,1,6,6,2,23,5,1995,2,12,BMW 1 SERIES,3,E01024529,0,-1
2020200955294,2020,200955294,1,9,0,18,19,2,6,0,0,8,0,0,0,0,1,1,6,6,1,32,6,1995,2,15,BMW 1 SERIES,-1,-1,0,-1
2020010277299,2020,010277299,1,9,0,99,99,9,9,99,99,0,9,99,9,99,2,9,6,6,3,32,6,1499,1,3,BMW 1 SERIES,6,E01003665,0,-1
2020010235021,2020,010235021,4,9,0,2,2,0,0,0,0,0,0,0,0,0,3,1,6,6,3,-1,-1,1995,2,15,BMW 1 SERIES,-1,-1,0,-1
2020010243297,2020,010243297,1,9,0,99,99,9,9,99,99,0,9,99,9,99,1,9,6,6,1,31,6,1995,2,10,BMW 1 SERIES,3,E01031783,0,-1
2020010268900,2020,010268900,2,9,0,14,14,5,1,0,0,2,0,0,0,0,1,1,6,6,1,23,5,1499,1,1,BMW 1 SERIES,2,E01003920,0,-1
2020140960993,2020,140960993,2,9,0,5,5,4,8,0,0,1,0,0,0,0,1,1,6,6,2,41,7,1995,2,10,BMW 1 SERIES,10,E01019793,0,-1
2020010247542,2020,010247542,1,9,0,16,19,4,8,0,0,0,0,4,0,0,1,1,6,6,1,19,4,1496,2,4,BMW 1 SERIES,-1,-1,0,-1
202063C072020,2020,63C072020,1,9,0,18,19,1,5,0,0,0,1,0,1,10,1,1,6,6,1,17,4,1598,1,6,BMW 1 SERIES,8,W01000580,0,-1
2020450947518,2020,450947518,3,9,0,2,2,0,0,0,0,1,0,0,0,0,2,1,5,6,2,28,6,1995,2,15,BMW 1 SERIES,3,E01030711,0,-1
202063A018120,2020,63A018120,1,9,0,13,13,3,8,0,0,0,0,0,8,6,3,1,6,6,2,53,8,1995,2,11,BMW 1 SERIES,7,W01000651,0,-1
2020610028920,2020,610028920,1,9,0,18,19,5,7,0,0,0,1,0,0,0,4,1,6,6,1,32,6,1995,2,12,BMW 1 SERIES,6,W01001511,0,-1
2020460972172,2020,460972172,1,9,0,14,14,3,7,0,0,1,0,0,6,0,1,1,5,6,1,23,5,1995,2,4,BMW 1 SERIES,5,E01024254,0,-1
2020990959094,2020,990959094,2,9,0,18,19,4,8,0,0,2,0,0,0,0,1,1,5,6,1,20,4,1995,2,7,BMW 1 SERIES,10,-1,0,-1
202054A608820,2020,54A608820,1,9,0,5,5,1,5,0,0,1,0,0,0,0,1,1,6,6,1,25,5,1995,2,7,BMW 1 SERIES,-1,-1,0,-1
2020160980268,2020,160980268,2,9,0,9,9,4,2,0,0,6,0,0,0,0,1,1,6,6,3,-1,-1,1596,1,15,BMW 1 SERIES,-1,-1,0,-1
2020201014306,2020,201014306,1,9,0,5,5,3,1,0,0,6,0,0,0,0,1,1,6,6,2,24,5,2000,2,11,BMW 1 SERIES,1,E01010455,0,-1
2020371017043,2020,371017043,1,9,0,4,4,6,2,0,0,2,1,0,0,0,1,1,2,2,1,34,6,1995,2,5,BMW 1 SERIES,6,E01030120,0,-1
2020010265284,2020,010265284,1,9,0,9,9,1,6,0,0,6,0,0,0,0,4,1,2,2,1,51,8,1995,1,12,BMW 1 SERIES,2,E01033146,0,-1
2020220929819,2020,220929819,1,9,0,18,19,5,1,0,0,0,0,0,0,0,0,1,5,6,3,34,6,1995,2,12,BMW 1 SERIES,-1,-1,0,-1
2020552000107,2020,552000107,1,9,0,5,5,8,4,0,0,1,0,0,0,0,1,1,6,6,1,25,5,1596,1,14,BMW 1 SERIES,3,E01015429,0,-1
2020420928536,2020,420928536,2,9,0,11,11,1,5,0,0,0,0,0,0,0,4,1,6,6,1,28,6,1995,2,10,BMW 1 SERIES,9,E01021458,0,-1
2020420943904,2020,420943904,2,9,0,18,19,7,3,0,0,7,0,0,0,0,4,1,6,6,1,21,5,1995,2,11,BMW 1 SERIES,3,E01021307,0,-1
202006K273161,2020,06K273161,2,9,0,9,9,8,6,0,0,6,0,0,0,0,1,1,6,6,2,24,5,1598,1,5,BMW 1 SERIES,2,E01004922,0,-1
2020010263332,2020,010263332,2,9,0,99,99,9,9,99,99,0,9,99,9,99,2,9,6,6,2,29,6,1598,2,7,BMW 1 SERIES,5,E01032771,0,-1
2020460931661,2020,460931661,2,9,0,18,19,5,1,0,0,1,0,0,0,0,4,1,5,6,1,39,7,1995,2,5,BMW 1 SERIES,7,E01018269,0,-1
2020440143325,2020,440143325,1,9,0,10,10,7,5,0,0,0,0,0,0,0,2,1,6,6,1,55,8,1600,1,9,BMW 1 SERIES,7,E01017286,0,-1
2020332000074,2020,332000074,1,9,0,2,2,0,0,0,0,0,0,0,0,0,2,1,6,6,1,46,8,1995,2,10,BMW 1 SERIES,2,E01013655,0,-1
2020990980315,2020,990980315,1,9,0,9,9,2,8,0,0,8,0,0,0,0,1,1,5,6,1,73,10,1995,2,10,BMW 1 SERIES,6,-1,0,-1
2020230984657,2020,230984657,1,9,0,18,19,5,1,0,0,0,5,0,0,0,3,1,5,6,2,57,9,1499,1,1,BMW 1 SERIES,8,E01026993,0,-1
2020200989837,2020,200989837,1,9,0,-1,-1,-1,-1,-1,-1,0,-1,0,-1,0,-1,1,6,6,3,-1,-1,1496,2,5,BMW 1 SERIES,8,E01029435,0,-1
2020160935367,2020,160935367,2,9,0,18,19,5,1,0,0,0,0,0,7,0,3,1,1,1,1,48,8,1995,2,8,BMW 1 SERIES,9,E01033297,0,-1
2020552001166,2020,552001166,5,9,0,2,2,0,0,9,9,0,0,0,0,0,3,1,6,6,3,-1,-1,1995,2,6,BMW 1 SERIES,-1,-1,0,-1
2020040928183,2020,040928183,1,9,0,18,19,3,7,0,0,0,1,0,8,0,4,1,5,6,2,28,6,1995,2,12,BMW 1 SERIES,2,E01012573,0,-1
2020010249743,2020,010249743,1,9,0,18,19,1,5,0,0,1,0,7,0,0,1,1,6,6,2,20,4,1995,2,13,BMW 1 SERIES,-1,-1,0,-1
2020010265813,2020,010265813,1,9,0,18,19,3,7,0,0,1,0,0,0,0,1,1,6,6,2,20,4,1596,1,14,BMW 1 SERIES,1,E01001740,0,-1
2020430414663,2020,430414663,1,9,0,3,3,8,4,0,0,2,0,0,0,0,2,1,6,6,2,35,6,1596,1,13,BMW 1 SERIES,7,E01016191,0,-1
2020420976852,2020,420976852,1,9,0,9,9,5,1,0,0,5,0,0,0,0,1,1,2,2,1,26,6,1995,1,14,BMW 1 SERIES,10,E01022085,0,-1
2020501019419,2020,501019419,1,9,0,18,19,3,7,0,0,8,0,0,1,9,1,1,5,6,2,25,5,1995,2,9,BMW 1 SERIES,6,E01018753,0,-1
2020440344040,2020,440344040,1,9,0,9,9,3,5,0,0,8,0,0,0,0,1,1,6,6,1,53,8,1499,1,3,BMW 1 SERIES,9,E01022982,0,-1
2020010254684,2020,010254684,2,9,9,4,4,4,8,0,0,1,9,0,0,99,9,9,6,6,3,-1,-1,1499,1,1,BMW 1 SERIES,-1,-1,0,-1
2020030996143,2020,030996143,1,9,0,4,4,4,8,0,0,3,0,0,0,0,2,1,3,7,1,34,6,1995,2,9,BMW 1 SERIES,3,E01019171,0,-1
2020010245757,2020,010245757,1,9,0,99,99,9,9,99,99,9,9,99,9,99,2,9,6,6,2,46,8,1995,1,12,BMW 1 SERIES,4,E01003554,0,-1
202006M270412,2020,06M270412,1,9,0,18,19,6,2,0,0,8,0,0,0,0,1,1,6,6,1,36,7,1499,1,3,BMW 1 SERIES,5,E01006160,0,-1
2020200944175,2020,200944175,1,9,0,18,19,8,4,0,0,1,0,0,0,0,1,1,6,6,2,-1,-1,1598,2,6,BMW 1 SERIES,-1,-1,0,-1
2020122000843,2020,122000843,1,9,0,13,13,5,1,0,0,1,0,0,1,11,1,1,1,1,1,23,5,1995,2,7,BMW 1 SERIES,5,E01013249,0,-1
2020010239786,2020,010239786,5,9,0,2,2,0,0,0,0,1,0,0,0,0,4,1,6,6,3,-1,-1,1596,1,14,BMW 1 SERIES,-1,-1,0,-1
2020401008882,2020,401008882,1,9,0,1,1,5,1,0,0,2,1,0,0,0,1,1,5,6,1,21,5,1499,1,4,BMW 1 SERIES,7,E01017491,0,-1
2020200930178,2020,200930178,2,9,0,18,19,5,7,0,0,8,0,0,0,0,1,1,6,6,2,44,7,1499,1,4,BMW 1 SERIES,1,E01010084,0,-1
2020230928920,2020,230928920,2,9,0,3,3,6,8,0,0,1,0,0,0,0,2,1,5,6,1,40,7,1995,2,7,BMW 1 SERIES,7,E01031014,0,-1
2020470992938,2020,470992938,2,9,0,18,19,6,2,0,0,0,2,0,1,0,3,1,2,2,2,51,8,1598,1,6,BMW 1 SERIES,3,E01031366,0,-1
2020010230513,2020,010230513,1,9,0,18,19,1,5,0,0,2,0,0,0,0,1,1,3,7,2,38,7,1995,1,11,BMW 1 SERIES,2,E01004014,0,-1
2020010246416,2020,010246416,1,9,0,5,5,0,3,0,0,4,0,0,0,0,3,1,6,6,1,30,6,1600,1,8,BMW 1 SERIES,5,E01001646,0,-1
2020410966047,2020,410966047,1,9,0,18,19,3,7,0,0,0,0,0,0,0,1,1,6,6,3,-1,-1,1995,2,10,BMW 1 SERIES,-1,-1,0,-1
2020450922663,2020,450922663,1,9,0,18,19,1,5,0,0,6,0,0,0,0,4,1,1,1,2,41,7,1995,2,15,BMW 1 SERIES,10,E01002947,0,-1
2020500992522,2020,500992522,1,9,0,18,19,3,6,0,0,2,0,7,1,0,1,1,6,6,1,34,6,1995,1,10,BMW 1 SERIES,4,E01018979,0,-1
2020522004278,2020,522004278,1,9,0,18,19,8,4,0,0,0,0,0,0,0,1,1,6,6,1,55,8,1995,1,15,BMW 1 SERIES,4,E01014496,0,-1
2020010240652,2020,010240652,1,9,0,18,19,7,3,0,0,8,9,0,0,99,4,9,6,6,1,32,6,1995,2,15,BMW 1 SERIES,3,E01002151,0,-1
202006Q179053,2020,06Q179053,3,9,0,2,2,0,0,0,0,8,0,0,0,0,2,1,6,6,1,30,6,1995,2,8,BMW 1 SERIES,-1,-1,0,-1
2020010262336,2020,010262336,1,9,0,9,9,3,2,0,0,8,0,0,0,0,3,1,2,2,1,34,6,1496,2,4,BMW 1 SERIES,5,E01001074,0,-1
20201378J0777,2020,1378J0777,1,9,0,9,9,7,3,0,0,5,0,0,0,0,1,1,6,6,2,46,8,1995,2,9,BMW 1 SERIES,-1,-1,0,-1
2020210976244,2020,210976244,1,9,-1,-1,-1,-1,-1,-1,-1,-1,-1,-1,-1,0,-1,1,6,6,1,17,4,1598,1,7,BMW 1 SERIES,5,E01010285,0,-1
2020010259563,2020,010259563,2,9,0,5,5,3,7,0,0,2,0,0,0,0,4,1,6,6,1,23,5,1496,2,3,BMW 1 SERIES,5,E01003953,0,-1
2020460934967,2020,460934967,1,9,0,18,19,5,1,0,0,0,0,0,0,0,1,1,5,6,1,27,6,1496,2,4,BMW 1 SERIES,9,E01024183,0,-1
2020622001090,2020,622001090,1,9,0,18,19,4,8,0,0,0,0,0,7,11,3,1,6,6,1,26,6,1499,1,1,BMW 1 SERIES,4,E01001480,0,-1
2020010248888,2020,010248888,1,9,0,18,19,3,7,0,0,0,0,0,0,0,1,1,6,6,2,24,5,1499,1,5,BMW 1 SERIES,2,E01033591,0,-1
2020010259348,2020,010259348,2,9,9,99,99,9,9,99,99,9,9,99,9,99,9,9,6,6,3,-1,-1,1995,2,13,BMW 1 SERIES,2,E01000072,0,-1
2020010259561,2020,010259561,2,9,0,99,99,9,9,99,99,9,9,99,9,99,9,9,6,6,3,-1,-1,1995,2,15,BMW 1 SERIES,-1,-1,0,-1
2020122000820,2020,122000820,1,9,0,18,19,7,3,0,0,0,0,0,0,0,1,1,6,6,2,48,8,1496,2,3,BMW 1 SERIES,3,E01027862,0,-1
2020010242395,2020,010242395,2,9,0,99,99,9,9,99,99,9,9,99,9,99,9,9,6,6,3,-1,-1,1598,1,8,BMW 1 SERIES,-1,-1,0,-1
2020010231180,2020,010231180,1,9,0,99,99,9,9,99,99,0,9,99,9,99,4,9,2,2,1,21,5,1598,1,8,BMW 1 SERIES,6,E01001590,0,-1
2020220923403,2020,220923403,1,9,0,9,9,4,2,0,0,6,0,0,0,0,3,1,2,2,2,37,7,1596,1,16,BMW 1 SERIES,8,E01032400,0,-1
2020460991624,2020,460991624,1,9,0,12,12,6,2,0,0,8,0,0,0,0,3,1,5,6,1,47,8,1995,2,8,BMW 1 SERIES,9,E01016172,0,-1
202031B031220,2020,31B031220,1,9,0,18,19,7,3,0,0,1,1,0,7,4,1,1,6,6,1,28,6,1995,2,15,BMW 1 SERIES,7,E01028015,0,-1
20201379D2092,2020,1379D2092,1,9,0,18,19,7,3,0,0,0,0,0,2,1,1,1,6,6,1,31,6,1995,2,14,BMW 1 SERIES,1,E01010850,0,-1
2020160965419,2020,160965419,3,9,0,18,19,7,3,0,0,1,0,0,0,0,1,1,5,6,2,56,9,1499,1,1,BMW 1 SERIES,-1,-1,0,-1
2020200940196,2020,200940196,2,9,0,18,19,2,6,0,0,2,0,0,0,0,1,1,6,6,1,-1,-1,1496,2,5,BMW 1 SERIES,-1,-1,0,-1
202006XQ72162,2020,06XQ72162,2,9,0,18,19,3,7,0,0,8,0,0,0,0,2,1,6,6,1,37,7,1995,2,9,BMW 1 SERIES,3,E01005604,0,-1
2020410994169,2020,410994169,1,9,0,18,19,3,7,0,0,0,0,0,0,0,4,1,6,6,1,22,5,1598,1,6,BMW 1 SERIES,10,E01023381,0,-1
2020010249033,2020,010249033,1,9,0,99,99,9,9,99,99,9,9,99,9,99,2,9,6,6,1,22,5,1995,2,10,BMW 1 SERIES,3,E01001449,0,-1
2020200942685,2020,200942685,2,9,0,3,3,-1,-1,0,0,0,0,0,0,0,2,1,6,6,1,23,5,1995,2,5,BMW 1 SERIES,4,E01015722,0,-1
2020440199136,2020,440199136,1,9,0,18,19,1,5,0,0,8,0,0,0,0,1,1,6,6,3,-1,-1,1995,1,13,BMW 1 SERIES,-1,-1,0,-1
2020420965727,2020,420965727,1,9,0,18,19,3,7,9,9,0,0,0,1,2,1,1,6,6,1,22,5,1995,2,7,BMW 1 SERIES,-1,-1,0,-1
2020320538663,2020,320538663,1,9,0,17,19,1,5,0,0,0,2,0,1,0,1,1,2,2,2,26,6,1596,1,13,BMW 1 SERIES,7,E01026281,0,-1
2020990953424,2020,990953424,1,9,0,9,9,2,6,0,0,8,0,0,0,0,1,1,6,6,1,39,7,1995,2,12,BMW 1 SERIES,3,-1,0,-1
2020010230864,2020,010230864,2,9,0,5,5,7,3,0,0,2,0,0,0,0,1,1,6,6,3,-1,-1,1995,2,11,BMW 1 SERIES,-1,-1,0,-1
2020541347520,2020,541347520,1,9,0,7,7,6,1,0,0,1,0,0,0,0,1,1,6,6,1,23,5,1598,2,7,BMW 1 SERIES,1,E01006753,0,-1