collision_index,collision_year,collision_ref_no,vehicle_reference,vehicle_type,towing_and_articulation,vehicle_manoeuvre_historic,vehicle_manoeuvre,vehicle_direction_from,vehicle_direction_to,vehicle_location_restricted_lane_historic,vehicle_location_restricted_lane,junction_location,skidding_and_overturning,hit_object_in_carriageway,vehicle_leaving_carriageway,hit_object_off_carriageway,first_point_of_impact,vehicle_left_hand_drive,journey_purpose_of_driver_historic,journey_purpose_of_driver,sex_of_driver,age_of_driver,age_band_of_driver,engine_capacity_cc,propulsion_code,age_of_vehicle,generic_make_model,driver_imd_decile,lsoa_of_driver,escooter_flag,driver_distance_banding
2020010250867,2020,010250867,1,9,0,13,13,5,1,0,0,8,1,10,0,0,2,1,6,6,1,33,6,1596,1,15,BMW 1 SERIES,6,E01004359,0,-1
2020010228020,2020,010228020,2,9,0,4,4,7,3,0,0,1,0,0,0,0,1,1,6,6,1,40,7,1600,1,8,BMW 1 SERIES,5,E01017390,0,-1
2020010231492,2020,010231492,2,9,0,3,3,7,3,0,0,6,0,0,0,0,1,1,6,6,3,-1,-1,1995,2,11,BMW 1 SERIES,-1,-1,0,-1
2020622001017,2020,622001017,1,9,0,9,9,4,2,0,0,8,0,0,0,0,1,1,6,6,1,20,4,1995,2,15,BMW 1 SERIES,8,W01001758,0,-1
2020070173882,2020,070173882,2,9,0,18,19,5,1,0,0,8,0,0,1,9,3,1,6,6,2,22,5,1995,2,6,BMW 1 SERIES,7,E01018421,0,-1
2020010253413,2020,010253413,3,9,0,18,19,3,7,0,0,0,0,0,0,0,1,1,6,6,3,-1,-1,1496,2,5,BMW 1 SERIES,-1,-1,0,-1
202006N173620,2020,06N173620,1,9,0,9,9,5,3,0,0,5,0,0,0,0,1,1,6,6,1,45,7,1995,1,11,BMW 1 SERIES,-1,-1,0,-1
2020460955375,2020,460955375,2,9,0,9,9,7,3,0,0,8,0,0,0,0,3,1,5,6,2,41,7,1995,2,12,BMW 1 SERIES,4,E01024120,0,-1
2020201003793,2020,201003793,1,9,0,18,19,2,6,0,0,0,0,0,0,0,1,1,6,6,3,-1,-1,1995,2,8,BMW 1 SERIES,-1,-1,0,-1
2020552001019,2020,552001019,1,9,0,18,19,4,8,0,0,0,0,0,0,0,1,1,6,6,1,39,7,1995,2,6,BMW 1 SERIES,7,E01015408,0,-1
2020201022199,2020,201022199,1,9,0,18,19,8,4,0,0,8,0,10,7,1,1,1,6,6,1,30,6,1995,2,10,BMW 1 SERIES,2,E01009508,0,-1
202006L268256,2020,06L268256,1,9,0,18,19,3,7,0,0,3,0,0,0,0,1,1,6,6,1,21,5,1499,1,2,BMW 1 SERIES,7,E01006252,0,-1
2020200980490,2020,200980490,1,9,0,11,11,6,3,0,0,1,0,0,0,0,2,1,6,6,1,43,7,1995,2,9,BMW 1 SERIES,7,E01032170,0,-1
2020010265342,2020,010265342,2,9,0,99,99,9,9,99,99,9,9,99,9,99,9,9,6,6,3,42,7,1995,1,11,BMW 1 SERIES,5,E01004700,0,-1
2020370983889,2020,370983889,1,9,0,13,13,8,4,0,0,0,0,0,0,0,4,1,5,6,2,32,6,1599,1,12,BMW 1 SERIES,8,E01029957,0,-1
2020451000538,2020,451000538,2,9,0,9,9,1,4,0,0,6,0,0,3,11,1,1,5,6,1,53,8,1995,1,12,BMW 1 SERIES,6,E01030678,0,-1
2020010284446,2020,010284446,1,9,3,4,4,5,1,0,0,1,0,0,0,0,1,1,6,6,2,26,6,1598,2,7,BMW 1 SERIES,3,E01000125,0,-1
2020040989954,2020,040989954,1,9,0,9,9,3,7,0,0,2,0,0,0,0,1,1,5,6,1,18,4,1596,1,14,BMW 1 SERIES,1,E01012572,0,-1
2020010237102,2020,010237102,1,9,0,18,19,5,1,0,0,4,0,0,0,0,1,1,6,6,2,19,4,1598,2,5,BMW 1 SERIES,5,E01002481,0,-1
2020010284282,2020,010284282,1,9,0,3,3,1,5,0,0,8,0,0,0,0,2,1,6,6,1,25,5,1496,2,2,BMW 1 SERIES,1,E01001562,0,-1
2020622000943,2020,622000943,3,9,0,3,3,8,4,0,0,0,0,0,0,0,2,1,6,6,2,34,6,1995,2,8,BMW 1 SERIES,4,W01000978,0,-1
2020010257907,2020,010257907,2,9,0,9,9,3,2,0,0,2,0,0,0,0,1,1,2,2,1,23,5,1995,2,10,BMW 1 SERIES,4,E01002233,0,-1
2020200988324,2020,200988324,2,9,0,18,19,1,5,0,0,1,0,0,0,0,1,1,6,6,1,24,5,1995,2,12,BMW 1 SERIES,1,E01022289,0,-1
2020010282774,2020,010282774,2,9,0,3,3,5,1,0,0,1,0,0,0,0,2,1,6,6,1,42,7,1995,2,15,BMW 1 SERIES,2,E01033151,0,-1
2020991009327,2020,991009327,1,9,0,9,9,4,2,0,0,1,0,0,1,0,1,1,2,2,2,30,6,1598,1,7,BMW 1 SERIES,6,-1,0,-1
2020440422909,2020,440422909,1,9,0,4,4,8,2,0,0,1,0,0,0,0,2,1,6,6,1,23,5,1995,2,10,BMW 1 SERIES,5,E01022832,0,-1
2020200947630,2020,200947630,2,9,0,18,19,2,6,0,0,3,0,10,7,2,4,1,2,2,1,30,6,1995,2,10,BMW 1 SERIES,2,E01010500,0,-1
2020552000420,2020,552000420,1,9,0,17,19,1,5,0,0,0,0,0,1,7,1,1,2,2,1,27,6,1597,1,12,BMW 1 SERIES,1,E01015282,0,-1
2020460936878,2020,460936878,1,9,0,18,19,5,7,0,0,2,0,0,0,0,3,1,2,2,1,40,7,1995,2,6,BMW 1 SERIES,2,E01024193,0,-1
2020990941885,2020,990941885,1,9,0,18,19,4,8,0,0,1,0,0,0,0,1,1,5,6,2,41,7,1995,2,6,BMW 1 SERIES,4,-1,0,-1
2020010231542,2020,010231542,2,9,0,18,19,5,1,0,0,1,0,0,0,0,3,1,6,6,2,27,6,1496,2,5,BMW 1 SERIES,6,E01004174,0,-1
2020010256580,2020,010256580,2,9,0,99,99,9,9,99,99,9,9,99,9,99,1,9,6,6,3,-1,-1,1995,2,7,BMW 1 SERIES,9,E01016575,0,-1
2020990974928,2020,990974928,2,9,0,17,19,4,1,0,0,1,0,0,0,0,1,1,5,6,2,58,9,1995,2,16,BMW 1 SERIES,-1,-1,0,-1
2020010261927,2020,010261927,2,9,0,99,99,9,9,99,99,9,9,99,9,99,1,9,6,6,3,-1,-1,1596,1,14,BMW 1 SERIES,-1,-1,0,-1
2020010244185,2020,010244185,1,9,0,99,99,9,9,0,0,5,0,0,0,0,3,1,6,6,3,43,7,1598,2,7,BMW 1 SERIES,9,E01003875,0,-1
2020522003805,2020,522003805,2,9,0,2,2,0,0,0,0,0,0,0,0,0,1,1,6,6,3,-1,-1,1995,2,10,BMW 1 SERIES,-1,-1,0,-1
2020010256906,2020,010256906,2,9,0,18,19,2,6,0,0,1,0,0,0,0,1,1,6,6,1,21,5,1496,2,5,BMW 1 SERIES,1,E01002099,0,-1
2020990968954,2020,990968954,1,9,0,18,19,8,4,0,0,0,1,7,0,0,1,1,2,2,2,30,6,1499,1,3,BMW 1 SERIES,3,-1,0,-1
2020010251698,2020,010251698,1,9,0,16,19,5,1,0,0,0,0,4,0,0,1,1,6,6,2,27,6,1597,1,12,BMW 1 SERIES,5,E01002693,0,-1
2020520003914,2020,520003914,1,9,0,18,19,3,7,0,0,8,0,0,0,0,1,1,6,6,1,42,7,1995,2,14,BMW 1 SERIES,4,E01015268,0,-1
2020160980528,2020,160980528,1,9,0,18,19,2,6,0,0,0,0,0,1,4,1,1,6,6,2,31,6,1499,1,1,BMW 1 SERIES,1,E01012881,0,-1
2020052002003,2020,052002003,1,9,0,18,19,3,7,0,0,0,0,0,1,4,4,1,6,6,1,31,6,1499,1,1,BMW 1 SERIES,4,E01006897,0,-1
20201371K0576,2020,1371K0576,1,9,0,6,6,1,5,0,0,6,0,0,0,0,3,1,6,6,1,29,6,1496,2,5,BMW 1 SERIES,3,E01011315,0,-1
2020520003881,2020,520003881,1,9,0,18,19,8,4,0,0,8,0,0,0,0,0,1,6,6,1,34,6,1995,2,12,BMW 1 SERIES,4,E01029116,0,-1
2020140932514,2020,140932514,1,9,0,18,19,3,7,0,0,3,1,0,7,5,3,1,2,2,1,34,6,1995,2,9,BMW 1 SERIES,1,E01007332,0,-1
2020040925956,2020,040925956,3,9,0,2,2,1,3,0,0,1,0,0,0,0,2,1,1,1,2,30,6,1995,2,11,BMW 1 SERIES,1,E01025298,0,-1
2020010233148,2020,010233148,1,9,0,9,9,3,8,0,0,6,0,0,0,0,1,1,2,2,2,48,8,1598,1,4,BMW 1 SERIES,9,E01030477,0,-1
2020302000359,2020,302000359,3,9,0,2,2,0,0,0,0,0,0,0,0,0,2,1,6,6,3,-1,-1,1995,2,7,BMW 1 SERIES,-1,-1,0,-1
2020010246397,2020,010246397,1,9,0,9,9,4,1,0,0,3,0,4,0,0,1,1,2,2,2,59,9,1499,1,3,BMW 1 SERIES,7,E01002939,0,-1
2020522004331,2020,522004331,1,9,0,18,19,3,7,0,0,0,0,0,0,0,1,1,6,6,1,21,5,1995,2,10,BMW 1 SERIES,7,E01014838,0,-1
2020622000644,2020,622000644,1,9,0,16,19,6,2,0,0,1,2,0,5,2,1,1,6,6,1,25,5,1995,2,9,BMW 1 SERIES,6,W01000954,0,-1
2020010265947,2020,010265947,2,9,9,18,19,8,4,0,0,0,9,99,9,99,1,9,6,6,1,-1,-1,1995,2,6,BMW 1 SERIES,-1,-1,0,-1
2020610007020,2020,610007020,1,9,0,18,19,2,6,0,0,0,0,0,1,4,4,1,2,2,1,25,5,1995,2,13,BMW 1 SERIES,-1,-1,0,-1
202006E272190,2020,06E272190,1,9,0,9,9,3,1,0,0,8,0,0,0,0,3,1,6,6,3,-1,-1,1995,2,8,BMW 1 SERIES,-1,-1,0,-1
2020140981570,2020,140981570,1,9,0,3,3,3,6,0,0,1,0,0,0,0,1,1,6,6,2,40,7,1995,2,10,BMW 1 SERIES,2,E01007998,0,-1
2020052002079,2020,052002079,2,9,0,18,19,3,7,0,0,6,0,0,0,0,1,1,6,6,2,29,6,1995,2,7,BMW 1 SERIES,1,E01006505,0,-1
2020010270295,2020,010270295,1,9,0,18,19,7,3,0,0,0,0,0,0,0,2,1,6,6,1,54,8,1995,2,4,BMW 1 SERIES,3,E01032784,0,-1
2020010235424,2020,010235424,1,9,0,13,13,1,5,0,0,8,0,0,0,0,1,1,6,6,3,-1,-1,1995,2,5,BMW 1 SERIES,-1,-1,0,-1
2020622000685,2020,622000685,2,9,0,10,10,6,4,0,0,1,0,0,0,0,1,1,6,6,2,19,4,1995,2,7,BMW 1 SERIES,5,W01001818,0,-1
202031C000520,2020,31C000520,2,9,0,3,3,4,8,0,0,1,0,0,0,0,2,2,6,6,1,46,8,1995,1,9,BMW 1 SERIES,-1,-1,0,-1
2020010251637,2020,010251637,2,9,0,18,19,2,6,0,0,1,0,0,0,0,0,1,6,6,1,-1,-1,1995,2,14,BMW 1 SERIES,2,E01004226,0,-1
2020430415175,2020,430415175,1,9,0,13,13,5,1,0,0,1,1,0,1,2,1,1,2,2,1,24,5,1995,2,4,BMW 1 SERIES,6,E01027505,0,-1
2020470983406,2020,470983406,1,9,0,18,19,7,3,0,0,0,1,10,0,0,1,1,5,6,1,25,5,2996,1,9,BMW 1 SERIES,1,E01020983,0,-1
2020010240135,2020,010240135,1,9,0,99,99,9,9,99,99,0,9,99,9,99,2,9,6,6,2,19,4,1596,1,14,BMW 1 SERIES,1,E01001740,0,-1
2020010240702,2020,010240702,2,9,0,18,19,1,5,0,0,2,0,0,0,0,3,1,1,1,2,35,6,1995,2,10,BMW 1 SERIES,2,E01024294,0,-1
2020361025161,2020,361025161,1,9,0,5,5,1,5,0,0,6,0,0,0,0,3,1,5,6,1,26,6,1995,2,8,BMW 1 SERIES,3,E01026465,0,-1
2020201006857,2020,201006857,2,9,0,4,4,6,2,0,0,1,0,8,0,0,4,1,6,6,1,24,5,1598,1,8,BMW 1 SERIES,1,E01033643,0,-1
2020160961738,2020,160961738,1,9,0,18,19,8,4,0,0,1,0,0,0,0,1,1,5,6,1,34,6,1995,2,6,BMW 1 SERIES,4,E01012830,0,-1
2020122100252,2020,122100252,2,9,0,2,2,0,0,0,0,0,0,0,0,0,2,1,6,6,2,48,8,1995,2,4,BMW 1 SERIES,8,E01027900,0,-1
2020420968292,2020,420968292,1,9,0,9,9,1,7,0,0,0,0,0,0,0,1,1,5,6,2,21,5,1995,2,9,BMW 1 SERIES,3,E01021840,0,-1
2020470988771,2020,470988771,1,9,0,17,19,8,5,0,0,1,1,0,3,11,1,1,5,6,2,23,5,1995,2,9,BMW 1 SERIES,3,E01021050,0,-1
2020522101478,2020,522101478,2,9,0,10,10,5,1,0,0,8,0,0,0,0,3,1,6,6,1,25,5,1995,2,13,BMW 1 SERIES,9,E01014794,0,-1
2020501000566,2020,501000566,1,9,0,18,19,3,7,0,0,1,0,0,0,0,4,1,5,6,1,21,5,2996,1,13,BMW 1 SERIES,5,E01020149,0,-1
2020552000297,2020,552000297,2,9,0,3,3,3,7,0,0,0,0,0,0,0,2,1,6,6,1,24,5,1598,1,6,BMW 1 SERIES,5,E01015286,0,-1
2020320019108,2020,320019108,2,9,0,18,19,1,5,0,0,8,1,0,0,0,3,1,6,6,2,22,5,1598,2,7,BMW 1 SERIES,9,E01018137,0,-1
202031B039120,2020,31B039120,1,9,0,18,19,6,2,0,0,0,1,7,0,0,1,1,6,6,1,49,8,1995,2,5,BMW 1 SERIES,2,E01028304,0,-1
2020200929319,2020,200929319,1,9,0,9,9,2,8,0,0,8,0,0,0,0,1,1,6,6,1,55,8,1995,2,12,BMW 1 SERIES,2,E01009233,0,-1
2020440414166,2020,440414166,1,9,0,18,19,4,8,0,0,1,0,11,0,0,1,1,6,6,2,35,6,1995,2,10,BMW 1 SERIES,8,E01023141,0,-1
2020220969865,2020,220969865,2,9,0,18,19,1,5,0,0,0,0,0,0,0,3,1,6,6,1,31,6,1995,2,11,BMW 1 SERIES,4,E01022241,0,-1
2020520001090,2020,520001090,1,9,0,1,1,8,4,0,0,0,0,0,0,0,3,1,6,6,2,23,5,1995,2,6,BMW 1 SERIES,1,W01001166,0,-1
2020230966791,2020,230966791,1,9,0,9,9,4,1,0,0,8,0,0,0,0,3,1,5,6,1,21,5,1995,2,7,BMW 1 SERIES,10,E01031331,0,-1
2020230969370,2020,230969370,2,9,0,18,19,1,5,0,0,0,0,0,0,0,3,1,6,6,2,43,7,1499,1,1,BMW 1 SERIES,8,E01031285,0,-1
2020070225658,2020,070225658,1,9,0,18,19,3,7,0,0,1,0,10,1,2,1,1,6,6,1,19,4,1995,2,8,BMW 1 SERIES,2,E01033302,0,-1
2020622000113,2020,622000113,1,9,0,18,19,4,6,0,0,6,0,0,0,0,1,1,1,1,2,39,7,1995,1,10,BMW 1 SERIES,1,W01001326,0,-1
2020440248918,2020,440248918,1,9,0,7,7,4,6,0,0,2,1,0,1,1,1,1,6,6,1,20,4,1995,2,7,BMW 1 SERIES,6,E01022980,0,-1
2020010283144,2020,010283144,2,9,0,18,19,8,4,0,0,0,0,0,0,0,2,1,6,6,1,22,5,1998,1,2,BMW 1 SERIES,2,E01002505,0,-1
2020210970822,2020,210970822,1,9,0,4,4,8,4,0,0,1,0,0,0,0,1,1,6,6,2,32,6,1995,2,11,BMW 1 SERIES,1,E01011660,0,-1
2020137BF0017,2020,137BF0017,1,9,0,17,19,5,1,0,0,0,0,0,0,11,1,1,6,6,1,29,6,1995,2,4,BMW 1 SERIES,4,E01010989,0,-1
2020990962468,2020,990962468,1,9,0,12,12,2,7,0,0,1,0,0,0,0,3,1,6,6,2,55,8,1995,2,7,BMW 1 SERIES,9,-1,0,-1
2020990997098,2020,990997098,1,9,0,4,4,2,5,0,0,1,0,0,0,0,2,1,5,6,2,21,5,1596,1,14,BMW 1 SERIES,6,-1,0,-1
2020461009651,2020,461009651,1,9,0,7,7,5,4,0,0,8,1,0,0,0,4,1,2,2,1,-1,-1,1995,2,3,BMW 1 SERIES,5,E01016065,0,-1
2020010285171,2020,010285171,2,9,0,9,9,2,7,0,0,8,0,0,0,0,2,1,6,6,2,42,7,1995,2,10,BMW 1 SERIES,6,E01002138,0,-1
2020010254046,2020,010254046,3,9,0,18,19,3,7,0,0,0,0,0,0,0,1,1,2,2,1,28,6,1598,2,5,BMW 1 SERIES,6,E01003002,0,-1
2020010262288,2020,010262288,2,9,9,18,19,1,5,99,99,9,9,99,9,99,9,9,6,6,1,26,6,1496,2,3,BMW 1 SERIES,4,E01001233,0,-1
2020370940077,2020,370940077,1,9,0,5,5,3,5,0,0,0,0,0,0,0,3,1,5,6,2,26,6,1496,2,4,BMW 1 SERIES,8,E01002340,0,-1
2020990920472,2020,990920472,2,9,0,4,4,1,5,0,0,1,0,0,0,0,2,1,5,6,1,46,8,1995,2,13,BMW 1 SERIES,-1,-1,0,-1
20201373I0887,2020,1373I0887,1,9,0,18,19,4,8,0,0,0,0,0,0,0,1,1,3,7,1,28,6,1995,2,10,BMW 1 SERIES,-1,-1,0,-1
2020010264138,2020,010264138,2,9,0,99,99,9,9,99,99,0,9,99,9,99,1,9,6,6,3,29,6,1995,1,10,BMW 1 SERIES,7,E01033133,0,-1
2020432003433,2020,432003433,2,9,0,18,19,1,5,0,0,0,0,0,0,0,1,1,6,6,1,27,6,1995,1,11,BMW 1 SERIES,1,E01013664,0,-1
2020040959909,2020,040959909,3,9,0,18,19,1,5,0,0,1,0,0,0,0,2,1,5,6,2,22,5,1496,2,3,BMW 1 SERIES,6,E01010991,0,-1
2020421006280,2020,421006280,2,9,0,17,19,1,6,0,0,1,0,0,0,0,1,1,5,6,1,52,8,1995,2,7,BMW 1 SERIES,7,E01021983,0,-1
2020430400622,2020,430400622,2,9,0,4,4,6,2,0,0,0,0,0,0,0,2,1,6,6,1,20,4,1995,2,12,BMW 1 SERIES,10,E01028625,0,-1
2020531011443,2020,531011443,1,9,0,7,7,6,8,0,0,3,0,0,1,1,1,1,6,6,1,19,4,1995,2,10,BMW 1 SERIES,9,E01022125,0,-1
202006A174622,2020,06A174622,1,9,0,17,19,1,6,0,0,8,0,0,0,0,3,1,6,6,2,46,8,1995,2,10,BMW 1 SERIES,2,E01005125,0,-1
2020170L50670,2020,170L50670,1,9,0,7,7,7,1,0,0,1,0,0,0,0,2,1,6,6,1,29,6,1995,2,9,BMW 1 SERIES,2,E01012134,0,-1
2020545050320,2020,545050320,1,9,0,18,19,1,5,0,0,0,0,0,1,4,1,1,2,2,1,20,4,1995,2,6,BMW 1 SERIES,1,E01015575,0,-1
2020470915921,2020,470915921,1,9,0,18,19,3,7,0,0,0,1,0,0,0,1,1,2,2,1,47,8,1598,1,7,BMW 1 SERIES,8,E01031356,0,-1
2020040942488,2020,040942488,1,9,0,18,19,5,1,0,0,0,0,0,0,0,1,1,2,2,1,55,8,1995,2,7,BMW 1 SERIES,8,E01025349,0,-1
2020100966162,2020,100966162,2,9,0,18,19,6,3,0,0,8,0,0,0,0,1,1,5,6,2,34,6,1995,2,6,BMW 1 SERIES,2,E01008828,0,-1
2020470975887,2020,470975887,1,9,0,16,19,5,1,0,0,0,5,0,1,1,4,1,2,2,1,23,5,1598,1,7,BMW 1 SERIES,10,E01031715,0,-1
2020400962236,2020,400962236,2,9,0,18,19,7,3,0,0,0,0,0,0,0,3,1,2,2,2,53,8,1598,1,9,BMW 1 SERIES,9,E01017603,0,-1
2020440207531,2020,440207531,2,9,0,18,19,1,5,0,0,1,0,0,0,0,3,1,6,6,1,36,7,1995,2,10,BMW 1 SERIES,5,E01017090,0,-1
2020500988341,2020,500988341,2,9,0,18,19,3,7,0,0,1,0,0,0,0,2,1,5,6,1,71,10,1995,2,9,BMW 1 SERIES,4,E01018988,0,-1
2020010251264,2020,010251264,1,9,0,9,9,6,5,0,0,1,0,0,0,0,1,1,6,6,2,31,6,1995,2,5,BMW 1 SERIES,2,E01004613,0,-1
2020610044620,2020,610044620,4,9,0,18,19,3,7,0,0,1,0,0,0,0,1,1,1,1,1,30,6,1995,1,10,BMW 1 SERIES,1,W01001643,0,-1
2020140947910,2020,140947910,1,9,0,18,19,1,1,0,0,0,0,0,0,0,1,1,6,6,3,-1,-1,1995,2,10,BMW 1 SERIES,-1,-1,0,-1
2020420996272,2020,420996272,2,9,0,10,10,7,5,0,0,1,0,0,0,0,2,1,5,6,1,30,6,1995,2,11,BMW 1 SERIES,6,E01021597,0,-1
2020230919797,2020,230919797,1,9,0,18,19,7,3,0,0,0,0,0,0,0,1,1,6,6,2,29,6,1499,1,1,BMW 1 SERIES,4,E01031005,0,-1
2020010281732,2020,010281732,2,9,0,99,99,9,9,99,99,9,9,99,9,99,1,9,6,6,2,-1,-1,1598,1,8,BMW 1 SERIES,6,E01004626,0,-1
2020470922976,2020,470922976,1,9,0,9,9,6,3,0,0,8,0,0,0,0,1,1,2,2,2,25,5,1496,2,1,BMW 1 SERIES,8,E01021180,0,-1
2020340E05512,2020,340E05512,1,9,0,13,13,7,3,0,0,0,0,0,0,0,4,1,6,6,2,-1,-1,1499,1,2,BMW 1 SERIES,6,E01018053,0,-1
2020501008729,2020,501008729,1,9,0,18,19,3,7,0,0,1,1,0,7,0,1,1,5,6,1,20,4,1995,2,9,BMW 1 SERIES,4,E01015029,0,-1
2020052001306,2020,052001306,1,9,0,5,5,5,1,0,0,4,0,0,0,0,3,1,6,6,1,34,6,1995,2,8,BMW 1 SERIES,4,E01007206,0,-1
2020140944532,2020,140944532,1,9,0,7,7,2,5,0,0,8,0,0,0,0,1,1,6,6,1,19,4,1995,2,15,BMW 1 SERIES,2,E01007498,0,-1
2020320095163,2020,320095163,1,9,0,18,19,1,5,0,0,0,0,0,8,0,1,1,6,6,1,27,6,1995,2,7,BMW 1 SERIES,2,E01015657,0,-1
2020230960130,2020,230960130,2,9,0,18,19,1,5,0,0,1,0,0,0,0,4,1,5,6,1,27,6,1995,2,9,BMW 1 SERIES,4,E01031054,0,-1
2020100992829,2020,100992829,1,9,0,16,19,1,5,0,0,4,1,0,3,0,1,1,5,6,2,25,5,1995,2,11,BMW 1 SERIES,2,E01008613,0,-1
2020010271293,2020,010271293,2,9,0,18,19,8,4,0,0,0,0,0,0,0,2,1,2,2,1,25,5,1499,1,3,BMW 1 SERIES,3,E01002028,0,-1
2020360927089,2020,360927089,3,9,0,2,2,0,0,0,0,0,0,0,0,0,1,1,5,6,2,50,8,2979,1,12,BMW 1 SERIES,7,E01026885,0,-1
2020450919087,2020,450919087,1,9,0,16,19,6,8,0,0,7,0,0,7,4,1,1,1,1,1,46,8,1995,1,11,BMW 1 SERIES,5,E01030493,0,-1
2020200964800,2020,200964800,3,9,0,2,2,0,0,0,0,0,0,0,0,0,2,1,5,6,3,25,5,1995,2,7,BMW 1 SERIES,-1,-1,0,-1
2020450929472,2020,450929472,2,9,0,18,19,1,1,0,0,0,0,0,0,0,1,1,6,6,2,54,8,1995,2,16,BMW 1 SERIES,2,E01000072,0,-1
2020010248938,2020,010248938,1,9,0,5,5,1,5,0,0,0,0,0,0,0,1,1,6,6,2,28,6,1499,1,3,BMW 1 SERIES,-1,-1,0,-1
2020332000166,2020,332000166,1,9,0,18,19,1,5,0,0,0,0,8,0,0,1,1,6,6,1,20,4,1995,2,9,BMW 1 SERIES,1,E01010829,0,-1
202031D140020,2020,31D140020,2,9,0,18,19,4,8,0,0,1,1,0,0,0,3,1,6,6,1,23,5,1496,2,4,BMW 1 SERIES,6,E01013895,0,-1
2020040954099,2020,040954099,1,9,0,4,4,1,5,0,0,4,0,0,1,4,4,1,6,6,1,22,5,1598,1,7,BMW 1 SERIES,4,E01025267,0,-1
2020010274378,2020,010274378,2,9,0,12,12,7,3,0,0,0,0,0,0,0,2,1,6,6,1,25,5,1995,2,7,BMW 1 SERIES,4,E01001061,0,-1
2020010228589,2020,010228589,1,9,0,99,99,9,9,99,99,9,9,99,9,99,9,9,2,2,1,21,5,1995,2,5,BMW 1 SERIES,3,E01004125,0,-1
2020230950892,2020,230950892,2,9,0,9,9,7,5,0,0,6,0,0,0,0,1,1,5,6,1,20,4,1995,2,12,BMW 1 SERIES,4,E01031079,0,-1
2020332000139,2020,332000139,1,9,0,18,19,5,1,0,0,0,1,0,1,4,1,1,6,6,1,39,7,1995,2,12,BMW 1 SERIES,2,E01013858,0,-1
2020522100781,2020,522100781,1,9,0,10,10,4,7,0,0,0,0,0,0,0,1,1,6,6,2,35,6,1995,2,6,BMW 1 SERIES,8,E01014797,0,-1
2020622000116,2020,622000116,2,9,0,11,11,3,7,0,0,0,0,0,0,0,2,1,2,2,2,21,5,1598,1,5,BMW 1 SERIES,6,W01001865,0,-1
2020200970535,2020,200970535,2,9,0,18,19,3,7,0,0,1,0,0,0,0,1,1,6,6,1,25,5,1499,1,0,BMW 1 SERIES,1,E01009397,0,-1
2020230932004,2020,230932004,1,9,0,16,19,7,1,0,0,0,0,0,1,11,1,1,5,6,1,23,5,1995,2,14,BMW 1 SERIES,1,E01010238,0,-1
2020070728762,2020,070728762,2,9,0,2,2,0,0,9,9,0,0,0,0,0,2,1,1,1,1,20,4,1596,1,13,BMW 1 SERIES,10,E01018366,0,-1
2020990950283,2020,990950283,1,9,0,7,7,3,5,0,0,0,0,0,1,10,1,1,6,6,2,33,6,1496,2,5,BMW 1 SERIES,1,E01006637,0,-1
2020552000193,2020,552000193,1,9,0,18,19,3,6,0,0,4,0,0,7,1,1,1,6,6,1,23,5,1995,2,4,BMW 1 SERIES,-1,-1,0,-1
2020100988955,2020,100988955,1,9,0,10,10,3,6,0,0,1,0,0,0,0,1,1,6,6,2,30,6,1995,1,10,BMW 1 SERIES,-1,-1,0,-1
2020010238203,2020,010238203,3,9,0,16,19,5,1,0,0,3,0,0,0,0,1,1,6,6,2,42,7,1995,2,9,BMW 1 SERIES,4,E01001418,0,-1
202031C031920,2020,31C031920,1,9,0,18,19,7,3,0,0,4,0,0,0,0,3,1,6,6,2,53,8,1499,1,1,BMW 1 SERIES,-1,-1,0,-1
2020361023967,2020,361023967,1,9,0,18,19,5,1,0,0,8,0,0,0,0,3,1,5,6,2,40,7,1995,2,6,BMW 1 SERIES,6,E01026524,0,-1
2020010234291,2020,010234291,1,9,0,18,19,1,5,0,0,8,0,0,0,0,4,1,6,6,1,24,5,1598,1,7,BMW 1 SERIES,4,E01001723,0,-1
2020450941454,2020,450941454,2,9,0,18,19,4,8,0,0,8,0,0,0,0,1,1,5,6,1,24,5,1995,2,7,BMW 1 SERIES,8,E01002981,0,-1
2020010250163,2020,010250163,1,9,0,18,19,7,3,0,0,0,0,0,4,6,3,1,6,6,1,45,7,1995,1,11,BMW 1 SERIES,6,E01001496,0,-1
2020460927488,2020,460927488,1,9,0,5,5,3,7,0,0,1,0,0,0,0,4,1,5,6,1,20,4,1499,1,5,BMW 1 SERIES,5,E01016157,0,-1
202006Q276555,2020,06Q276555,2,9,0,10,10,6,3,0,0,1,0,0,0,0,2,1,6,6,2,40,7,1995,2,7,BMW 1 SERIES,6,E01005391,0,-1
2020622000165,2020,622000165,3,9,0,18,19,2,6,0,0,1,0,0,0,0,4,1,2,2,1,33,6,1995,2,12,BMW 1 SERIES,10,W01000903,0,-1
2020010285834,2020,010285834,1,9,0,99,99,9,9,99,99,9,9,99,9,99,2,9,6,6,1,22,5,1598,1,6,BMW 1 SERIES,7,E01002144,0,-1
2020052002006,2020,052002006,1,9,0,3,3,2,6,0,0,4,0,0,1,0,1,1,2,2,2,23,5,1995,2,4,BMW 1 SERIES,7,E01007002,0,-1