collision_index,collision_year,collision_ref_no,vehicle_reference,vehicle_type,towing_and_articulation,vehicle_manoeuvre_historic,vehicle_manoeuvre,vehicle_direction_from,vehicle_direction_to,vehicle_location_restricted_lane_historic,vehicle_location_restricted_lane,junction_location,skidding_and_overturning,hit_object_in_carriageway,vehicle_leaving_carriageway,hit_object_off_carriageway,first_point_of_impact,vehicle_left_hand_drive,journey_purpose_of_driver_historic,journey_purpose_of_driver,sex_of_driver,age_of_driver,age_band_of_driver,engine_capacity_cc,propulsion_code,age_of_vehicle,generic_make_model,driver_imd_decile,lsoa_of_driver,escooter_flag,driver_distance_banding
2020500938898,2020,500938898,1,9,0,18,19,6,3,0,0,0,1,0,2,1,4,1,1,1,2,27,6,1499,1,2,BMW 1 SERIES,10,E01032886,0,-1
2020440355213,2020,440355213,2,9,0,18,19,3,7,0,0,0,1,0,0,0,3,1,2,2,2,34,6,1598,1,7,BMW 1 SERIES,10,E01022663,0,-1
2020360941715,2020,360941715,1,9,0,18,19,3,7,0,0,8,0,0,0,0,1,1,5,6,1,18,4,1995,2,12,BMW 1 SERIES,6,E01021394,0,-1
2020471005903,2020,471005903,1,9,0,4,4,2,5,0,0,1,0,0,0,0,1,1,2,2,2,34,6,1496,2,0,BMW 1 SERIES,5,E01021000,0,-1
2020500965158,2020,500965158,1,9,0,18,19,1,5,0,0,1,0,0,0,0,2,1,6,6,1,28,6,1995,2,6,BMW 1 SERIES,9,E01015064,0,-1
20201376N1409,2020,1376N1409,1,9,0,18,19,6,2,0,0,1,0,0,0,0,0,1,2,2,1,44,7,1995,2,15,BMW 1 SERIES,-1,-1,0,-1
2020010259256,2020,010259256,2,9,0,99,99,9,9,99,99,9,9,99,9,99,9,9,6,6,3,-1,-1,1995,1,15,BMW 1 SERIES,5,E01003140,0,-1
2020010261620,2020,010261620,2,9,0,5,5,1,5,0,0,8,0,0,0,0,4,1,2,2,1,31,6,1496,2,5,BMW 1 SERIES,-1,-1,0,-1
2020040976118,2020,040976118,1,9,0,18,19,1,5,0,0,1,0,0,0,0,1,1,5,6,1,39,7,1995,2,9,BMW 1 SERIES,1,E01025389,0,-1
2020040973460,2020,040973460,2,9,0,18,19,1,5,0,0,0,0,0,0,0,1,1,5,6,2,30,6,1995,2,10,BMW 1 SERIES,3,E01025069,0,-1
2020010237866,2020,010237866,2,9,0,18,19,4,8,0,0,1,0,4,0,0,1,1,6,6,1,75,10,1598,2,8,BMW 1 SERIES,5,E01001659,0,-1
2020010250145,2020,010250145,1,9,0,99,99,9,9,99,99,9,9,99,9,99,2,1,6,6,2,31,6,1597,1,12,BMW 1 SERIES,3,E01000109,0,-1
2020552100017,2020,552100017,1,9,0,17,19,8,4,0,0,0,2,0,2,10,1,1,6,6,1,48,8,1995,2,13,BMW 1 SERIES,6,E01019891,0,-1
2020460973708,2020,460973708,1,9,0,18,19,6,2,0,0,1,1,10,0,0,1,1,6,6,1,36,7,1995,2,10,BMW 1 SERIES,1,E01000720,0,-1
2020430103670,2020,430103670,1,9,0,18,19,2,6,0,0,4,5,9,0,0,1,1,2,2,1,35,6,1596,1,13,BMW 1 SERIES,7,E01016220,0,-1
2020040931578,2020,040931578,2,9,0,18,19,1,5,0,0,1,0,0,0,0,1,1,5,6,2,36,7,1995,2,7,BMW 1 SERIES,1,E01012578,0,-1
2020230981049,2020,230981049,1,9,0,17,19,3,8,0,0,0,1,0,7,9,1,1,5,6,2,23,5,1995,2,0,BMW 1 SERIES,7,E01031212,0,-1
2020010282525,2020,010282525,2,9,0,9,9,1,7,0,0,2,0,0,0,0,1,1,6,6,2,33,6,1496,2,5,BMW 1 SERIES,4,E01033572,0,-1
2020552000219,2020,552000219,1,9,0,18,19,6,2,0,0,0,0,0,0,0,4,1,6,6,1,23,5,1596,1,13,BMW 1 SERIES,9,E01015388,0,-1
2020460919387,2020,460919387,3,9,0,4,4,3,7,0,0,0,0,0,0,0,2,1,5,6,1,45,7,1995,2,1,BMW 1 SERIES,8,E01024076,0,-1
2020302000456,2020,302000456,2,9,0,18,19,4,8,0,0,8,0,0,0,0,3,1,6,6,2,47,8,1995,2,6,BMW 1 SERIES,6,E01013541,0,-1
2020010243232,2020,010243232,1,9,0,18,19,7,3,0,0,1,0,0,0,0,1,1,6,6,1,30,6,1598,1,5,BMW 1 SERIES,8,E01021749,0,-1
2020010285885,2020,010285885,1,9,9,99,99,9,9,99,99,0,9,99,9,99,9,9,6,6,1,-1,-1,1995,2,15,BMW 1 SERIES,3,E01001864,0,-1
2020200985367,2020,200985367,1,9,0,18,19,8,4,0,0,2,0,0,0,0,1,1,6,6,1,32,6,1995,2,6,BMW 1 SERIES,1,E01032887,0,-1
2020100945929,2020,100945929,1,9,0,18,19,7,3,0,0,0,0,0,0,0,4,1,6,6,3,45,7,1995,2,9,BMW 1 SERIES,-1,-1,0,-1
2020420977711,2020,420977711,2,9,0,18,19,6,2,0,0,0,0,0,0,0,2,1,2,2,2,46,8,1995,2,12,BMW 1 SERIES,1,E01022001,0,-1
2020040995849,2020,040995849,1,9,0,18,19,7,3,0,0,6,0,0,0,0,1,1,6,6,3,-1,-1,1995,2,15,BMW 1 SERIES,-1,-1,0,-1
2020430355193,2020,430355193,1,9,0,9,9,2,8,0,0,5,0,0,0,0,4,1,2,2,2,46,8,1499,1,2,BMW 1 SERIES,10,E01016628,0,-1
2020010235985,2020,010235985,1,9,0,5,5,5,1,0,0,1,0,0,0,0,1,1,6,6,1,22,5,1499,1,4,BMW 1 SERIES,2,E01000959,0,-1
2020010269380,2020,010269380,1,9,0,7,7,6,1,7,6,1,0,0,0,0,2,1,2,2,1,37,7,1499,1,3,BMW 1 SERIES,-1,-1,0,-1
2020010274951,2020,010274951,2,9,0,99,99,9,9,0,0,8,0,0,0,0,2,1,6,6,3,-1,-1,1499,1,5,BMW 1 SERIES,-1,-1,0,-1
2020622000980,2020,622000980,1,9,0,18,19,6,2,0,0,0,0,0,0,0,1,1,6,6,2,46,8,1995,1,9,BMW 1 SERIES,2,W01000834,0,-1
2020302000399,2020,302000399,2,9,0,18,19,7,3,0,0,4,0,0,0,0,2,1,6,6,2,19,4,1598,2,6,BMW 1 SERIES,9,E01029412,0,-1
2020302000321,2020,302000321,1,9,0,18,19,4,8,0,0,0,2,7,1,4,1,1,6,6,1,21,5,1496,2,5,BMW 1 SERIES,8,E01007801,0,-1
2020010256051,2020,010256051,2,9,9,99,99,9,9,99,99,9,9,99,9,99,9,9,6,6,3,-1,-1,1995,1,9,BMW 1 SERIES,1,E01001955,0,-1
2020520004659,2020,520004659,2,9,0,18,19,2,6,0,0,0,0,0,1,0,1,1,6,6,2,30,6,1995,2,10,BMW 1 SERIES,10,E01029310,0,-1
2020622001011,2020,622001011,1,9,0,16,19,6,1,0,0,1,1,0,0,0,1,1,6,6,1,24,5,1995,2,10,BMW 1 SERIES,6,W01001324,0,-1
2020460997043,2020,460997043,1,9,0,4,4,3,5,0,0,1,0,0,0,0,1,1,1,1,2,30,6,1995,2,10,BMW 1 SERIES,4,E01024771,0,-1
202006Q271454,2020,06Q271454,1,9,0,17,19,2,6,0,0,0,2,0,7,10,1,1,6,6,1,19,4,1598,2,6,BMW 1 SERIES,3,E01005506,0,-1
202006XP67613,2020,06XP67613,1,9,0,18,19,1,5,0,0,0,0,0,0,0,1,1,6,6,1,27,6,1995,2,7,BMW 1 SERIES,1,E01025226,0,-1
2020010229762,2020,010229762,1,9,0,7,7,5,8,0,0,4,0,0,0,0,4,1,6,6,1,28,6,1496,2,4,BMW 1 SERIES,-1,-1,0,-1
2020010277717,2020,010277717,2,9,9,99,99,9,9,99,99,9,9,99,9,99,9,9,6,6,2,47,8,1995,1,10,BMW 1 SERIES,6,E01000220,0,-1
2020520100893,2020,520100893,1,9,0,5,5,8,4,0,0,2,1,0,1,4,1,1,6,6,1,49,8,1995,1,10,BMW 1 SERIES,6,E01026436,0,-1
2020440331378,2020,440331378,1,9,0,6,6,6,3,0,0,8,0,0,0,0,3,1,1,1,1,35,6,1995,2,2,BMW 1 SERIES,5,E01020308,0,-1
2020070567917,2020,070567917,1,9,0,18,19,7,3,0,0,4,0,0,0,0,1,1,6,6,2,33,6,1598,2,8,BMW 1 SERIES,4,E01012460,0,-1
2020461006573,2020,461006573,1,9,0,18,19,3,7,0,0,0,0,0,0,0,1,1,6,6,1,50,8,1496,2,0,BMW 1 SERIES,1,E01024257,0,-1
2020552100209,2020,552100209,1,9,0,18,19,8,4,0,0,0,0,0,0,0,1,1,6,6,1,28,6,1995,2,10,BMW 1 SERIES,8,E01015407,0,-1
2020010285632,2020,010285632,1,9,0,18,19,3,7,0,0,2,0,0,0,0,1,1,6,6,1,46,8,1995,2,5,BMW 1 SERIES,3,E01003036,0,-1
2020421005636,2020,421005636,2,9,0,3,3,5,1,0,0,0,0,0,0,0,0,1,6,6,2,45,7,1995,2,11,BMW 1 SERIES,3,E01021842,0,-1
202031C015920,2020,31C015920,1,9,0,9,9,8,7,0,0,5,0,0,0,0,1,1,6,6,1,45,7,1499,1,3,BMW 1 SERIES,1,E01013868,0,-1
2020990992708,2020,990992708,1,9,0,18,19,4,7,0,0,4,0,0,0,0,3,1,2,2,2,50,8,1598,1,5,BMW 1 SERIES,1,-1,0,-1
2020522100052,2020,522100052,1,9,0,18,19,1,5,0,0,0,0,0,4,0,1,1,6,6,1,29,6,1995,2,14,BMW 1 SERIES,1,E01022329,0,-1
2020470963726,2020,470963726,2,9,0,9,9,3,2,0,0,6,0,0,0,0,4,1,5,6,2,24,5,1995,2,12,BMW 1 SERIES,10,E01031675,0,-1
2020461002602,2020,461002602,1,9,0,18,19,5,1,0,0,2,0,0,0,0,4,1,5,6,2,31,6,1995,2,13,BMW 1 SERIES,2,E01024646,0,-1
202006M175912,2020,06M175912,1,9,0,17,19,6,4,0,0,0,0,0,0,0,1,1,6,6,1,22,5,1995,2,3,BMW 1 SERIES,3,E01005546,0,-1
2020010250880,2020,010250880,1,9,0,3,3,5,1,0,0,2,0,0,0,0,2,1,6,6,1,29,6,1995,2,7,BMW 1 SERIES,1,E01001052,0,-1
2020010237075,2020,010237075,2,9,0,7,7,1,3,0,0,3,0,0,0,0,1,1,2,2,1,30,6,1995,2,11,BMW 1 SERIES,6,E01002662,0,-1
2020010231600,2020,010231600,1,9,0,18,19,1,5,0,0,2,0,0,0,0,4,1,6,6,2,29,6,1499,1,5,BMW 1 SERIES,6,E01002886,0,-1
2020010265393,2020,010265393,1,9,0,18,19,1,5,0,0,4,0,0,0,0,1,1,6,6,1,22,5,1995,2,9,BMW 1 SERIES,9,E01004147,0,-1
2020137AG0390,2020,137AG0390,1,9,0,16,19,3,7,0,0,8,0,0,0,0,1,1,6,6,1,50,8,1995,2,10,BMW 1 SERIES,3,E01011341,0,-1
2020440382861,2020,440382861,2,9,0,7,7,2,4,0,0,8,0,0,0,0,1,1,6,6,1,18,4,1995,2,8,BMW 1 SERIES,3,E01017099,0,-1
2020430126506,2020,430126506,2,9,0,4,4,8,4,0,0,0,0,0,0,0,3,1,6,6,1,49,8,1995,2,8,BMW 1 SERIES,7,E01031324,0,-1
2020010256233,2020,010256233,2,9,0,99,99,9,9,0,0,8,9,99,9,99,1,9,6,6,3,-1,-1,1598,1,9,BMW 1 SERIES,-1,-1,0,-1
2020052001024,2020,052001024,2,9,0,9,9,1,7,0,0,6,0,0,0,0,4,1,1,1,1,46,8,1496,2,4,BMW 1 SERIES,1,E01006762,0,-1
2020450934202,2020,450934202,1,9,0,18,19,1,1,0,0,1,0,0,0,0,2,1,5,6,1,42,7,1599,1,11,BMW 1 SERIES,9,E01030712,0,-1
2020410943664,2020,410943664,2,9,0,4,4,7,3,0,0,1,0,0,0,0,2,1,6,6,2,51,8,1499,1,1,BMW 1 SERIES,10,E01023551,0,-1
2020010278468,2020,010278468,2,9,9,99,99,9,9,99,99,1,9,99,9,99,9,9,6,6,1,-1,-1,1995,2,12,BMW 1 SERIES,-1,-1,0,-1
2020610029920,2020,610029920,2,9,0,18,19,5,1,0,0,8,0,0,0,0,1,1,6,6,2,34,6,1598,2,8,BMW 1 SERIES,5,W01001647,0,-1
2020040992660,2020,040992660,2,9,0,18,19,7,3,0,0,0,0,0,0,0,2,1,1,1,1,36,7,1499,1,1,BMW 1 SERIES,9,E01025451,0,-1
2020010279701,2020,010279701,1,9,0,9,9,5,3,0,0,6,0,0,0,0,1,1,2,2,2,24,5,1499,1,4,BMW 1 SERIES,3,E01003575,0,-1
2020010229333,2020,010229333,1,9,0,9,9,7,4,0,0,6,0,4,0,0,1,1,6,6,2,40,7,1995,1,15,BMW 1 SERIES,3,E01001359,0,-1
2020400938875,2020,400938875,2,9,0,18,19,4,8,0,0,8,0,0,1,0,1,1,5,6,2,22,5,1496,2,3,BMW 1 SERIES,2,E01015726,0,-1
2020350943472,2020,350943472,1,9,0,4,4,4,8,0,0,2,0,0,0,0,2,1,3,7,2,42,7,1496,2,3,BMW 1 SERIES,10,E01018266,0,-1
2020400996260,2020,400996260,1,9,0,3,3,3,7,0,0,1,0,0,0,0,2,1,5,6,1,79,11,1995,1,9,BMW 1 SERIES,8,E01017583,0,-1
2020420959459,2020,420959459,1,9,0,13,13,3,7,0,0,0,0,0,0,0,4,1,6,6,1,26,6,1995,2,7,BMW 1 SERIES,9,E01021256,0,-1
2020430425061,2020,430425061,1,9,0,9,9,6,4,0,0,5,0,0,0,0,1,1,6,6,1,36,7,1995,2,10,BMW 1 SERIES,10,E01016246,0,-1
202031A146620,2020,31A146620,1,9,0,18,19,5,1,0,0,0,0,0,0,0,1,1,6,6,2,49,8,1995,2,12,BMW 1 SERIES,6,E01028106,0,-1
202006L166613,2020,06L166613,2,9,0,18,19,3,7,0,0,1,0,0,0,0,3,1,6,6,2,29,6,1995,2,5,BMW 1 SERIES,6,E01006818,0,-1
2020070147625,2020,070147625,1,9,0,9,9,3,7,6,6,7,0,10,0,0,4,1,6,6,2,34,6,1499,1,1,BMW 1 SERIES,1,E01012444,0,-1
2020010239786,2020,010239786,4,9,0,2,2,0,0,0,0,1,0,0,0,0,4,1,6,6,3,-1,-1,1995,2,14,BMW 1 SERIES,-1,-1,0,-1
2020370940502,2020,370940502,3,9,0,4,4,3,7,0,0,0,0,0,0,0,2,1,2,2,2,22,5,1995,2,13,BMW 1 SERIES,2,E01033124,0,-1
2020350969794,2020,350969794,3,9,0,1,1,0,0,0,0,2,0,0,0,0,2,1,5,6,3,40,7,1995,2,14,BMW 1 SERIES,-1,-1,0,-1
2020010280366,2020,010280366,1,9,0,99,99,9,9,99,99,9,9,99,9,99,2,9,2,2,1,32,6,1499,1,3,BMW 1 SERIES,9,E01003648,0,-1
2020522002872,2020,522002872,1,9,0,18,19,5,1,0,0,0,0,0,0,0,1,1,6,6,1,19,4,1995,2,11,BMW 1 SERIES,9,E01014784,0,-1
2020070484595,2020,070484595,2,9,0,18,19,5,1,0,0,0,0,0,0,0,3,1,6,6,2,22,5,1496,2,1,BMW 1 SERIES,4,E01018747,0,-1
20201372B0309,2020,1372B0309,1,9,0,9,9,7,3,0,0,2,0,0,0,0,1,1,6,6,1,-1,-1,1995,1,9,BMW 1 SERIES,-1,-1,0,-1
2020200966168,2020,200966168,1,9,0,18,19,1,6,0,0,8,0,0,0,0,1,1,6,6,1,22,5,1598,1,6,BMW 1 SERIES,7,E01010436,0,-1
2020460931840,2020,460931840,1,9,0,18,19,5,1,0,0,0,0,0,0,0,1,1,6,6,1,24,5,1995,2,10,BMW 1 SERIES,8,E01024772,0,-1
202006K268687,2020,06K268687,1,9,0,4,4,4,8,0,0,1,0,0,0,0,1,1,6,6,1,32,6,1995,2,16,BMW 1 SERIES,10,E01004893,0,-1
2020211025066,2020,211025066,2,9,0,9,9,1,7,0,0,1,0,0,0,0,2,1,6,6,2,60,9,1995,2,11,BMW 1 SERIES,-1,-1,0,-1
2020070786297,2020,070786297,1,9,0,18,19,3,1,0,0,3,1,0,0,1,1,1,6,6,1,25,5,1499,1,0,BMW 1 SERIES,9,E01012566,0,-1
202031C118720,2020,31C118720,4,9,0,18,19,5,1,0,0,8,0,0,0,0,1,1,6,6,2,32,6,1995,2,9,BMW 1 SERIES,4,E01013939,0,-1
2020410919967,2020,410919967,3,9,0,3,3,5,1,0,0,0,1,4,0,0,2,1,6,6,2,31,6,1995,1,10,BMW 1 SERIES,10,E01023432,0,-1
2020210989710,2020,210989710,1,9,0,9,9,2,3,0,0,1,0,0,0,0,3,1,6,6,1,20,4,1596,1,16,BMW 1 SERIES,3,E01029407,0,-1
2020010242840,2020,010242840,2,9,0,99,99,9,9,99,99,9,9,99,9,99,1,9,6,6,1,-1,-1,1995,2,8,BMW 1 SERIES,-1,-1,0,-1
2020200933172,2020,200933172,1,9,0,18,19,1,7,0,0,1,0,0,0,0,1,1,6,6,1,-1,-1,1598,1,8,BMW 1 SERIES,-1,-1,0,-1
2020520100325,2020,520100325,2,9,0,18,19,2,6,0,0,0,0,0,0,0,1,1,6,6,1,26,6,2000,2,11,BMW 1 SERIES,5,E01029137,0,-1
2020010246525,2020,010246525,1,9,9,99,99,9,9,0,0,0,9,0,0,99,2,9,6,6,2,21,5,1496,2,4,BMW 1 SERIES,5,E01000664,0,-1
202006G174606,2020,06G174606,1,9,0,18,19,8,4,0,0,8,0,0,0,0,1,1,6,6,3,-1,-1,1995,2,15,BMW 1 SERIES,-1,-1,0,-1
2020010262651,2020,010262651,1,9,0,99,99,9,9,99,99,9,9,99,9,99,2,9,6,6,2,22,5,1995,2,8,BMW 1 SERIES,2,E01002032,0,-1
2020010251689,2020,010251689,2,9,0,18,19,5,1,0,0,8,0,0,0,0,1,1,6,6,3,-1,-1,1995,2,9,BMW 1 SERIES,-1,-1,0,-1
2020161008699,2020,161008699,1,9,0,18,19,6,2,0,0,0,0,0,1,10,3,1,5,6,2,21,5,1995,2,15,BMW 1 SERIES,6,E01012922,0,-1
2020990972650,2020,990972650,1,9,0,18,19,3,4,0,0,1,0,0,0,0,3,1,5,6,1,23,5,1598,2,7,BMW 1 SERIES,3,-1,0,-1
2020522002524,2020,522002524,1,9,0,18,19,5,1,0,0,4,0,0,0,0,3,1,6,6,1,34,6,1598,2,6,BMW 1 SERIES,2,E01014660,0,-1
2020010249450,2020,010249450,2,9,9,99,99,9,9,99,99,9,9,99,9,99,9,9,6,6,3,-1,-1,1598,1,7,BMW 1 SERIES,-1,-1,0,-1
2020010238251,2020,010238251,2,9,0,99,99,9,9,99,99,9,9,99,9,99,9,9,6,6,2,28,6,1995,2,5,BMW 1 SERIES,3,E01004064,0,-1
2020040935224,2020,040935224,1,9,0,9,9,5,3,0,0,5,0,0,0,0,1,1,5,6,2,58,9,1499,1,1,BMW 1 SERIES,7,E01012747,0,-1
2020010255229,2020,010255229,1,9,0,99,99,9,9,99,99,9,9,99,9,99,2,9,6,6,1,29,6,1995,2,12,BMW 1 SERIES,2,E01033491,0,-1
2020460994138,2020,460994138,2,9,0,18,19,7,3,0,0,0,1,0,0,0,2,1,2,2,1,27,6,1995,2,13,BMW 1 SERIES,7,E01024347,0,-1
2020010254110,2020,010254110,1,9,0,5,5,5,1,0,0,8,0,0,0,0,3,1,6,6,1,39,7,1499,1,5,BMW 1 SERIES,6,E01001236,0,-1
2020200943931,2020,200943931,1,9,0,18,19,2,6,0,0,8,0,0,0,0,1,1,6,6,1,30,6,1995,2,15,BMW 1 SERIES,7,E01010355,0,-1
202006N177774,2020,06N177774,1,9,0,16,19,2,5,0,0,2,0,0,7,0,3,1,6,6,2,40,7,1995,2,11,BMW 1 SERIES,5,E01004954,0,-1
202006A275621,2020,06A275621,2,9,0,18,19,2,6,0,0,1,0,0,0,0,2,1,6,6,1,43,7,1598,2,7,BMW 1 SERIES,3,E01005139,0,-1
2020010262951,2020,010262951,2,9,0,18,19,4,8,0,0,1,0,0,7,0,3,1,6,6,1,23,5,1995,2,5,BMW 1 SERIES,2,E01003253,0,-1
2020122000972,2020,122000972,2,9,0,16,19,3,7,0,0,0,0,0,0,0,0,1,6,6,2,28,6,1995,2,5,BMW 1 SERIES,-1,-1,0,-1
202063D060320,2020,63D060320,1,9,0,16,19,8,3,0,0,0,2,0,7,4,1,1,6,6,1,36,7,2000,2,11,BMW 1 SERIES,4,E01028965,0,-1
2020470990779,2020,470990779,1,9,0,18,19,7,3,0,0,0,0,0,0,0,1,1,2,2,1,-1,-1,1995,2,10,BMW 1 SERIES,3,E01031791,0,-1
20201378A0335,2020,1378A0335,1,9,0,18,19,0,0,0,0,4,0,0,0,0,1,1,6,6,1,38,7,1995,2,7,BMW 1 SERIES,1,E01010832,0,-1
2020010250705,2020,010250705,1,9,0,18,19,3,7,0,0,1,0,0,0,0,1,1,6,6,1,24,5,1598,1,7,BMW 1 SERIES,7,E01002817,0,-1
2020010284283,2020,010284283,2,9,0,5,5,3,7,0,0,8,0,0,0,0,1,1,6,6,1,19,4,1995,2,7,BMW 1 SERIES,2,E01001191,0,-1
2020010256620,2020,010256620,2,9,0,99,99,9,9,99,99,9,9,99,9,99,2,9,6,6,3,-1,-1,1995,2,10,BMW 1 SERIES,-1,-1,0,-1
2020220976459,2020,220976459,2,9,0,9,9,1,7,0,0,6,0,0,0,0,3,1,5,6,2,19,4,1995,2,13,BMW 1 SERIES,3,E01028912,0,-1
2020070026470,2020,070026470,2,9,0,18,19,6,2,0,0,0,0,0,0,0,2,1,1,1,1,-1,-1,1499,1,1,BMW 1 SERIES,-1,-1,0,-1
2020430032588,2020,430032588,2,9,0,18,19,5,1,0,0,1,0,0,0,0,1,1,2,2,1,49,8,1596,1,13,BMW 1 SERIES,10,E01016689,0,-1
2020010282264,2020,010282264,1,9,0,99,99,9,9,99,99,9,9,99,9,99,2,9,6,6,1,26,6,1995,2,10,BMW 1 SERIES,10,E01017664,0,-1
2020430044572,2020,430044572,3,9,0,4,4,2,6,0,0,0,1,0,0,0,2,1,6,6,1,36,7,1995,2,9,BMW 1 SERIES,9,E01021376,0,-1
2020040933432,2020,040933432,2,9,0,4,4,1,5,0,0,0,0,0,5,6,2,1,5,6,2,42,7,1995,2,0,BMW 1 SERIES,6,E01020822,0,-1
2020371007992,2020,371007992,1,9,0,18,19,5,1,0,0,1,0,0,0,0,1,1,5,6,2,31,6,1596,1,12,BMW 1 SERIES,6,E01030080,0,-1
2020501013493,2020,501013493,1,9,0,17,19,1,5,0,0,0,5,0,2,11,4,1,5,6,1,27,6,1995,2,13,BMW 1 SERIES,3,E01020139,0,-1
2020230989543,2020,230989543,1,9,0,17,19,6,3,0,0,0,1,0,1,11,1,1,5,6,1,22,5,1995,2,5,BMW 1 SERIES,4,E01032384,0,-1
2020430045456,2020,430045456,1,9,0,9,9,7,6,0,0,5,0,0,0,0,1,1,2,2,1,51,8,1995,1,13,BMW 1 SERIES,9,E01016276,0,-1
2020010228512,2020,010228512,2,9,0,99,99,9,9,99,99,9,9,99,9,99,1,9,6,6,3,-1,-1,1598,1,6,BMW 1 SERIES,-1,-1,0,-1
2020302000484,2020,302000484,1,9,0,16,19,4,7,0,0,0,0,0,7,11,1,1,6,6,2,42,7,1995,2,11,BMW 1 SERIES,3,E01019508,0,-1
2020100954027,2020,100954027,1,9,0,18,19,6,3,0,0,0,0,0,0,0,1,1,6,6,1,40,7,1499,1,1,BMW 1 SERIES,-1,-1,0,-1
2020161002011,2020,161002011,2,9,0,18,19,7,3,0,0,1,0,0,0,0,1,1,5,6,1,24,5,1995,2,5,BMW 1 SERIES,9,E01012960,0,-1
2020552001177,2020,552001177,1,9,0,16,19,6,2,0,0,0,0,0,1,0,1,1,6,6,1,17,4,1995,2,7,BMW 1 SERIES,5,E01020469,0,-1
2020052002681,2020,052002681,2,9,0,18,19,6,2,0,0,4,0,0,0,0,2,1,6,6,1,21,5,1995,1,10,BMW 1 SERIES,10,E01011380,0,-1
2020410998212,2020,410998212,2,9,0,7,7,2,5,0,0,0,1,0,0,0,1,1,5,6,1,23,5,1995,2,13,BMW 1 SERIES,8,E01023307,0,-1
2020100946672,2020,100946672,2,9,0,13,13,3,7,0,0,8,0,0,0,0,4,1,5,6,2,31,6,1995,2,11,BMW 1 SERIES,3,E01008780,0,-1
2020010265481,2020,010265481,2,9,0,99,99,9,9,99,99,9,9,99,9,99,9,9,6,6,1,63,9,1598,1,7,BMW 1 SERIES,1,E01004273,0,-1
2020010235136,2020,010235136,2,9,0,9,9,1,7,0,0,4,0,0,0,0,4,1,6,6,3,29,6,1598,1,5,BMW 1 SERIES,2,E01002797,0,-1
202031B180420,2020,31B180420,1,9,0,13,13,5,1,0,0,8,0,0,0,0,1,1,2,2,1,22,5,1995,2,8,BMW 1 SERIES,8,E01027999,0,-1
2020140943602,2020,140943602,2,9,0,12,12,7,3,0,0,1,0,0,5,4,1,1,6,6,1,32,6,1598,1,8,BMW 1 SERIES,1,E01007643,0,-1
2020440497693,2020,440497693,1,9,0,18,19,2,6,0,0,0,5,0,1,0,1,1,6,6,2,27,6,1995,2,10,BMW 1 SERIES,3,E01003035,0,-1
2020010251206,2020,010251206,1,9,0,9,9,4,2,0,0,6,0,0,0,0,1,1,6,6,1,35,6,1600,1,9,BMW 1 SERIES,8,E01002150,0,-1
2020041003900,2020,041003900,1,9,0,18,19,5,1,0,0,0,1,0,5,6,1,1,2,2,1,26,6,1995,2,6,BMW 1 SERIES,4,E01025216,0,-1
2020010246983,2020,010246983,2,9,0,99,99,9,9,99,99,9,9,99,9,99,1,9,6,6,3,54,8,1496,2,3,BMW 1 SERIES,9,E01000692,0,-1
2020010253208,2020,010253208,2,9,0,18,19,5,1,0,0,0,0,0,0,0,1,1,6,6,1,22,5,1600,1,8,BMW 1 SERIES,3,E01033150,0,-1
2020010258071,2020,010258071,2,9,0,99,99,9,9,99,99,9,9,99,9,99,2,9,6,6,3,30,6,1995,2,10,BMW 1 SERIES,4,E01002233,0,-1
2020040956535,2020,040956535,1,9,0,5,5,3,7,0,0,4,0,0,0,0,1,1,5,6,2,48,8,1995,2,4,BMW 1 SERIES,6,E01024949,0,-1
2020430183038,2020,430183038,2,9,0,18,19,5,1,0,0,0,0,10,6,0,1,1,6,6,1,25,5,1995,1,14,BMW 1 SERIES,6,E01016753,0,-1
2020010270245,2020,010270245,2,9,0,4,4,3,7,0,0,8,0,4,0,0,1,1,6,6,2,33,6,1598,1,6,BMW 1 SERIES,2,E01000151,0,-1
2020470976739,2020,470976739,1,9,0,18,19,6,2,0,0,1,1,10,0,0,1,1,6,6,1,19,4,2000,2,11,BMW 1 SERIES,3,E01021137,0,-1
2020070560545,2020,070560545,2,9,0,17,19,7,3,0,0,0,0,0,0,0,1,1,2,2,2,35,6,1995,2,1,BMW 1 SERIES,9,E01018676,0,-1
2020350994563,2020,350994563,2,9,0,4,4,3,7,0,0,0,0,0,1,0,2,1,6,6,2,42,7,1995,2,7,BMW 1 SERIES,10,E01018176,0,-1
2020460967744,2020,460967744,1,9,0,5,5,8,5,0,0,3,0,0,1,2,3,1,6,6,1,19,4,1496,2,5,BMW 1 SERIES,1,E01016083,0,-1
2020010230845,2020,010230845,2,9,0,99,99,9,9,99,99,1,9,99,9,99,1,9,6,6,3,-1,-1,1496,2,4,BMW 1 SERIES,6,E01024276,0,-1
2020430057996,2020,430057996,2,9,0,18,19,8,4,0,0,0,0,0,0,0,3,1,6,6,2,38,7,1995,2,10,BMW 1 SERIES,8,E01032947,0,-1
2020137330369,2020,137330369,1,9,0,3,3,1,5,0,0,4,0,0,0,0,1,1,6,6,2,37,7,1995,2,12,BMW 1 SERIES,6,E01011636,0,-1
2020370945230,2020,370945230,1,9,0,18,19,1,5,0,0,1,1,9,3,2,1,1,5,6,1,73,10,1995,1,12,BMW 1 SERIES,2,E01030265,0,-1