collision_index,collision_year,collision_ref_no,vehicle_reference,vehicle_type,towing_and_articulation,vehicle_manoeuvre_historic,vehicle_manoeuvre,vehicle_direction_from,vehicle_direction_to,vehicle_location_restricted_lane_historic,vehicle_location_restricted_lane,junction_location,skidding_and_overturning,hit_object_in_carriageway,vehicle_leaving_carriageway,hit_object_off_carriageway,first_point_of_impact,vehicle_left_hand_drive,journey_purpose_of_driver_historic,journey_purpose_of_driver,sex_of_driver,age_of_driver,age_band_of_driver,engine_capacity_cc,propulsion_code,age_of_vehicle,generic_make_model,driver_imd_decile,lsoa_of_driver,escooter_flag,driver_distance_banding
202031D142520,2020,31D142520,3,9,0,18,19,1,5,0,0,0,0,0,0,0,2,1,6,6,1,21,5,1499,1,4,BMW 1 SERIES,8,E01028104,0,-1
2020010247668,2020,010247668,1,9,0,99,99,9,9,99,99,9,9,99,9,99,2,9,6,6,2,30,6,1496,2,4,BMW 1 SERIES,4,E01003077,0,-1
202006G270745,2020,06G270745,1,9,0,10,10,2,1,0,0,8,0,0,0,0,1,1,6,6,1,57,9,1995,2,4,BMW 1 SERIES,9,E01006024,0,-1
2020010248167,2020,010248167,1,9,0,18,19,5,1,0,0,8,0,0,0,0,1,1,6,6,1,24,5,1596,1,13,BMW 1 SERIES,-1,-1,0,-1
2020610044720,2020,610044720,1,9,0,18,19,4,8,0,0,0,0,0,0,0,3,1,2,2,1,36,7,1995,2,6,BMW 1 SERIES,2,W01001618,0,-1
2020010253277,2020,010253277,2,9,0,99,99,9,9,99,99,9,9,99,9,99,9,9,6,6,3,29,6,1499,1,1,BMW 1 SERIES,8,E01000426,0,-1
2020010265103,2020,010265103,1,9,0,99,99,9,9,99,99,9,9,99,9,99,2,9,2,2,2,26,6,1598,2,7,BMW 1 SERIES,2,E01001333,0,-1
20201371R1606,2020,1371R1606,1,9,0,2,2,5,1,0,0,1,0,0,0,0,2,1,6,6,2,51,8,1496,2,5,BMW 1 SERIES,6,E01010750,0,-1
2020010240957,2020,010240957,2,9,0,18,19,5,1,0,0,1,0,0,0,0,1,1,2,2,1,41,7,1496,2,4,BMW 1 SERIES,9,E01000647,0,-1
2020411005442,2020,411005442,1,9,0,5,5,2,5,0,0,4,0,0,0,0,1,1,5,6,2,63,9,1995,2,7,BMW 1 SERIES,9,E01023467,0,-1
2020010257954,2020,010257954,2,9,0,99,99,9,9,99,99,9,9,99,9,99,1,9,6,6,3,-1,-1,1499,1,3,BMW 1 SERIES,-1,-1,0,-1
2020041007812,2020,041007812,1,9,0,18,19,7,3,0,0,1,0,0,0,0,2,1,2,2,1,51,8,1499,1,0,BMW 1 SERIES,4,E01024919,0,-1
2020320239896,2020,320239896,2,9,0,18,19,1,5,0,0,0,1,0,1,0,3,1,6,6,1,31,6,1995,2,9,BMW 1 SERIES,7,E01032596,0,-1
2020010235169,2020,010235169,2,9,0,18,19,3,7,0,0,2,0,0,0,0,1,1,6,6,1,22,5,1995,2,14,BMW 1 SERIES,3,E01002645,0,-1
2020451004478,2020,451004478,1,9,0,18,19,1,5,0,0,0,0,0,0,0,3,1,5,6,1,32,6,1995,2,11,BMW 1 SERIES,5,E01030981,0,-1
2020370938207,2020,370938207,1,9,0,18,19,7,3,0,0,0,0,0,5,0,1,1,1,1,1,19,4,1499,1,1,BMW 1 SERIES,8,E01029909,0,-1
2020411028846,2020,411028846,1,9,0,13,13,6,2,0,0,0,1,10,1,4,2,1,5,6,1,27,6,1995,2,11,BMW 1 SERIES,10,E01023595,0,-1
2020440234756,2020,440234756,3,9,0,4,4,1,5,0,0,0,0,0,0,0,2,1,6,6,2,21,5,1995,2,15,BMW 1 SERIES,6,E01022919,0,-1
2020010244670,2020,010244670,1,9,0,5,5,3,7,0,0,6,0,0,1,11,3,1,6,6,1,22,5,1598,1,8,BMW 1 SERIES,3,E01001368,0,-1
202031A036220,2020,31A036220,1,9,0,18,19,3,7,0,0,1,1,0,0,0,1,1,6,6,1,27,6,1995,2,11,BMW 1 SERIES,2,E01027952,0,-1
2020137610903,2020,137610903,1,9,0,15,15,7,3,0,0,1,0,0,0,0,3,1,6,6,1,18,4,1499,1,0,BMW 1 SERIES,3,E01010670,0,-1
2020470943577,2020,470943577,2,9,0,2,2,0,0,0,0,0,0,0,0,0,1,1,5,6,2,50,8,1995,2,12,BMW 1 SERIES,6,E01031523,0,-1
2020140974262,2020,140974262,1,9,0,9,9,8,5,0,0,2,0,0,0,0,1,1,2,2,1,57,9,1995,2,7,BMW 1 SERIES,2,E01007910,0,-1
2020010277301,2020,010277301,2,9,0,4,4,3,7,0,0,0,0,0,0,0,2,1,6,6,2,30,6,1598,1,5,BMW 1 SERIES,2,E01001486,0,-1
2020302000938,2020,302000938,2,9,0,7,7,8,2,0,0,6,0,0,0,0,1,1,6,6,1,27,6,1496,2,5,BMW 1 SERIES,7,E01019634,0,-1
2020010244958,2020,010244958,3,9,0,18,19,5,1,0,0,0,0,4,0,0,1,1,6,6,3,-1,-1,1496,2,0,BMW 1 SERIES,-1,-1,0,-1
2020420976921,2020,420976921,2,9,0,18,19,8,3,0,0,4,0,0,0,0,2,1,5,6,2,25,5,1496,2,4,BMW 1 SERIES,5,E01000593,0,-1
2020100981370,2020,100981370,1,9,0,1,1,6,2,0,0,1,0,0,0,0,2,1,6,6,3,-1,-1,1995,2,10,BMW 1 SERIES,-1,-1,0,-1
2020010234293,2020,010234293,1,9,0,99,99,9,9,99,99,9,9,99,9,99,2,9,2,2,2,35,6,1496,2,3,BMW 1 SERIES,6,E01003429,0,-1
2020552000683,2020,552000683,2,9,0,18,19,2,6,0,0,8,0,0,0,0,4,1,2,2,1,20,4,1995,2,8,BMW 1 SERIES,6,E01020529,0,-1
2020010269293,2020,010269293,1,9,0,9,9,5,3,0,0,8,0,0,0,0,1,1,2,2,1,34,6,1995,2,4,BMW 1 SERIES,1,E01001845,0,-1
2020161011936,2020,161011936,1,9,0,18,19,4,8,0,0,0,0,0,0,0,1,1,6,6,3,-1,-1,1995,2,9,BMW 1 SERIES,-1,-1,0,-1
2020470996375,2020,470996375,1,9,0,7,7,3,5,0,0,3,0,0,0,0,4,1,6,6,2,23,5,1596,1,13,BMW 1 SERIES,6,E01016859,0,-1
2020340K08072,2020,340K08072,1,9,0,18,19,7,3,0,0,8,0,0,0,0,1,1,3,7,2,47,8,1995,2,7,BMW 1 SERIES,6,E01027085,0,-1
2020010253308,2020,010253308,2,9,0,99,99,9,9,99,99,9,9,99,9,99,9,9,6,6,1,23,5,1499,1,3,BMW 1 SERIES,9,E01000991,0,-1
2020990963094,2020,990963094,1,9,0,18,19,7,3,0,0,0,0,0,0,0,1,1,5,6,2,29,6,1995,2,11,BMW 1 SERIES,-1,-1,0,-1
2020622000665,2020,622000665,1,9,0,11,11,8,4,0,0,3,0,0,0,0,3,2,2,2,2,44,7,1995,1,9,BMW 1 SERIES,2,W01001868,0,-1
2020010274025,2020,010274025,1,9,0,11,11,5,1,0,0,3,1,6,8,10,4,1,6,6,1,24,5,1995,2,10,BMW 1 SERIES,1,E01033153,0,-1
2020010253081,2020,010253081,1,9,0,7,7,5,7,0,0,0,0,0,0,0,4,1,6,6,1,51,8,1995,1,9,BMW 1 SERIES,3,E01000750,0,-1
2020430269021,2020,430269021,4,9,0,18,19,2,6,0,0,0,0,0,0,0,1,1,6,6,3,45,7,1995,1,9,BMW 1 SERIES,8,W01001747,0,-1
2020471001661,2020,471001661,1,9,0,18,19,2,6,0,0,6,0,0,0,0,3,1,5,6,1,47,8,1995,2,9,BMW 1 SERIES,2,E01021020,0,-1
2020421006286,2020,421006286,1,9,0,18,19,7,3,0,0,0,0,0,0,0,2,1,6,6,1,43,7,1995,2,6,BMW 1 SERIES,4,E01021368,0,-1
2020220997029,2020,220997029,1,9,0,18,19,2,6,0,0,6,0,0,0,0,1,1,5,6,1,22,5,1995,2,6,BMW 1 SERIES,8,E01009437,0,-1
2020991004903,2020,991004903,2,9,0,18,19,4,8,0,0,0,0,0,0,0,2,1,6,6,2,31,6,1995,2,13,BMW 1 SERIES,5,-1,0,-1
202006XF68217,2020,06XF68217,1,9,0,16,19,7,3,0,0,0,1,0,1,0,3,1,6,6,1,61,9,1995,2,13,BMW 1 SERIES,2,E01005659,0,-1
2020451009832,2020,451009832,1,9,0,16,19,3,7,0,0,0,5,0,0,0,3,1,6,6,1,28,6,1596,1,14,BMW 1 SERIES,6,E01030586,0,-1
2020200941287,2020,200941287,1,9,0,18,19,-1,-1,0,0,0,0,0,0,0,1,1,6,6,3,-1,-1,1995,2,13,BMW 1 SERIES,-1,-1,0,-1
2020990921338,2020,990921338,1,9,0,18,19,4,8,0,0,8,1,0,0,0,1,1,5,6,1,33,6,1995,2,3,BMW 1 SERIES,1,-1,0,-1
2020200960821,2020,200960821,1,9,0,18,19,7,3,0,0,2,0,4,7,0,1,1,6,6,3,-1,-1,2000,2,11,BMW 1 SERIES,-1,-1,0,-1
20201371S0261,2020,1371S0261,1,9,0,18,19,5,1,0,0,8,0,0,0,0,1,1,6,6,1,37,7,1995,2,8,BMW 1 SERIES,1,E01011483,0,-1
2020010268136,2020,010268136,1,9,0,99,99,9,9,99,99,0,9,99,9,99,9,9,6,6,2,27,6,1499,1,0,BMW 1 SERIES,3,E01023310,0,-1
2020440014685,2020,440014685,1,9,0,13,13,5,1,0,0,0,1,0,0,0,1,1,6,6,1,52,8,1499,1,1,BMW 1 SERIES,3,E01032738,0,-1
2020200998584,2020,200998584,2,9,0,3,3,8,4,0,0,1,0,0,0,0,2,1,6,6,2,38,7,1995,2,3,BMW 1 SERIES,5,E01009072,0,-1
2020460950954,2020,460950954,2,9,0,18,19,3,7,0,0,0,0,0,0,0,3,1,2,2,1,41,7,1995,2,15,BMW 1 SERIES,5,E01024413,0,-1
2020100963974,2020,100963974,2,9,0,10,10,4,1,0,0,1,0,0,0,0,3,1,5,6,1,24,5,1995,2,3,BMW 1 SERIES,2,E01008460,0,-1
2020140942588,2020,140942588,1,9,0,18,19,7,3,0,0,1,0,0,0,0,1,1,5,6,1,23,5,1995,1,9,BMW 1 SERIES,8,E01007502,0,-1
2020450916790,2020,450916790,1,9,0,5,5,7,3,0,0,4,0,0,7,0,3,1,5,6,2,40,7,1598,1,5,BMW 1 SERIES,10,E01030476,0,-1
2020610038920,2020,610038920,1,9,0,7,7,4,7,0,0,4,1,0,0,0,1,1,6,6,1,33,6,1995,2,12,BMW 1 SERIES,5,W01001412,0,-1
2020010275041,2020,010275041,2,9,0,99,99,9,9,99,99,0,9,99,9,99,1,9,6,6,3,-1,-1,1995,2,4,BMW 1 SERIES,-1,-1,0,-1
2020530937737,2020,530937737,1,9,0,18,19,1,5,0,0,0,1,0,0,0,1,1,6,6,1,28,6,1995,2,13,BMW 1 SERIES,1,E01005209,0,-1
2020010271500,2020,010271500,1,9,0,6,6,7,7,0,0,5,0,0,0,0,4,1,2,2,1,32,6,1995,2,15,BMW 1 SERIES,3,E01001397,0,-1
2020200981084,2020,200981084,2,9,0,2,2,0,0,9,9,0,0,0,0,0,2,1,5,6,2,46,8,1995,2,11,BMW 1 SERIES,5,E01010468,0,-1
2020340C04932,2020,340C04932,1,9,0,5,5,5,1,0,0,4,0,0,0,0,2,1,6,6,1,-1,-1,1598,2,8,BMW 1 SERIES,-1,-1,0,-1
2020990927015,2020,990927015,3,9,0,18,19,4,8,0,0,1,0,0,0,0,1,1,5,6,1,17,4,1499,1,2,BMW 1 SERIES,2,-1,0,-1
2020470974738,2020,470974738,1,9,0,18,19,3,7,0,0,0,0,0,0,0,1,1,5,6,1,19,4,1598,2,8,BMW 1 SERIES,4,E01031628,0,-1
2020010252895,2020,010252895,1,9,0,99,99,9,9,99,99,9,9,99,9,99,2,9,6,6,1,35,6,1995,2,11,BMW 1 SERIES,4,E01002549,0,-1
2020430280074,2020,430280074,1,9,0,18,19,5,1,0,0,1,0,0,0,0,4,1,2,2,2,53,8,1995,2,12,BMW 1 SERIES,8,E01016508,0,-1
2020340N00122,2020,340N00122,2,9,0,18,19,5,1,0,0,8,0,0,0,0,1,1,6,6,1,33,6,1499,1,1,BMW 1 SERIES,8,E01027183,0,-1
2020200974978,2020,200974978,2,9,0,18,19,4,8,0,0,8,0,0,0,0,1,1,6,6,1,38,7,1496,2,1,BMW 1 SERIES,4,E01009634,0,-1
2020010258249,2020,010258249,2,9,0,99,99,9,9,99,99,9,9,99,9,99,0,9,6,6,2,34,6,1995,2,9,BMW 1 SERIES,2,E01003097,0,-1
2020450920145,2020,450920145,1,9,0,7,7,5,7,0,0,4,0,0,1,11,3,1,2,2,2,46,8,1499,1,1,BMW 1 SERIES,7,E01030569,0,-1
2020200943238,2020,200943238,1,9,0,9,9,1,7,0,0,6,0,4,0,0,3,1,1,1,2,36,7,1995,2,13,BMW 1 SERIES,2,E01010260,0,-1
2020040935880,2020,040935880,1,9,0,6,6,5,1,0,0,1,0,0,0,0,3,1,5,6,2,25,5,1995,2,5,BMW 1 SERIES,4,E01025554,0,-1
2020410941167,2020,410941167,2,9,0,4,4,5,1,0,0,4,1,0,0,0,1,1,6,6,2,24,5,1598,2,7,BMW 1 SERIES,3,E01001548,0,-1
202031C046620,2020,31C046620,2,9,0,18,19,2,6,0,0,8,0,0,0,0,1,1,1,1,2,24,5,1995,2,5,BMW 1 SERIES,2,E01028299,0,-1
2020010259791,2020,010259791,1,9,0,18,19,3,7,0,0,0,0,0,0,0,1,1,6,6,3,-1,-1,1499,1,3,BMW 1 SERIES,-1,-1,0,-1
2020420960808,2020,420960808,2,9,0,18,19,7,3,0,0,0,0,0,1,0,2,1,6,6,1,31,6,2000,2,11,BMW 1 SERIES,9,E01015998,0,-1
2020450965466,2020,450965466,2,9,0,4,4,5,5,0,0,2,0,0,0,0,2,1,6,6,2,32,6,1598,1,6,BMW 1 SERIES,9,E01022778,0,-1
2020010247005,2020,010247005,1,9,0,18,19,1,5,0,0,0,0,0,0,0,1,1,2,2,2,41,7,1995,2,14,BMW 1 SERIES,2,E01001712,0,-1
2020010262627,2020,010262627,2,9,0,99,99,9,9,99,99,9,9,99,9,99,1,9,6,6,3,31,6,1499,1,1,BMW 1 SERIES,4,E01002899,0,-1
2020010268279,2020,010268279,2,9,0,2,2,0,0,0,0,0,0,0,7,11,2,1,6,6,3,-1,-1,1995,2,16,BMW 1 SERIES,-1,-1,0,-1
2020400936500,2020,400936500,2,9,0,18,19,5,1,0,0,0,0,0,0,0,3,1,2,2,1,34,6,1995,2,15,BMW 1 SERIES,9,E01017551,0,-1
2020201018582,2020,201018582,2,9,0,18,19,8,4,0,0,8,0,0,0,0,1,1,6,6,2,41,7,1596,1,14,BMW 1 SERIES,1,E01009498,0,-1
2020140969100,2020,140969100,1,9,0,9,9,4,2,0,0,0,0,0,0,0,1,2,5,6,1,46,8,1995,2,10,BMW 1 SERIES,1,E01019578,0,-1
2020040948844,2020,040948844,2,9,0,3,3,1,5,0,0,1,0,0,0,0,2,1,5,6,1,32,6,1995,2,8,BMW 1 SERIES,5,E01025190,0,-1
2020010248419,2020,010248419,1,9,0,99,99,9,9,99,99,9,9,99,9,99,9,9,6,6,2,31,6,1995,2,12,BMW 1 SERIES,5,E01002245,0,-1
2020230956503,2020,230956503,2,9,0,18,19,4,8,0,0,8,1,0,0,0,4,1,5,6,1,37,7,1995,2,14,BMW 1 SERIES,5,E01009703,0,-1
2020450977895,2020,450977895,2,9,0,18,19,1,3,0,0,8,0,0,0,0,4,1,6,6,2,32,6,1995,2,7,BMW 1 SERIES,9,E01030688,0,-1
2020010262892,2020,010262892,1,9,0,3,3,7,3,0,0,1,0,0,0,0,2,1,6,6,1,28,6,1499,1,5,BMW 1 SERIES,-1,-1,0,-1
2020410975557,2020,410975557,3,9,0,18,19,7,3,0,0,0,0,0,0,0,1,1,6,6,1,25,5,1995,1,14,BMW 1 SERIES,7,E01016827,0,-1
2020622001052,2020,622001052,2,9,0,18,19,4,8,0,0,1,0,0,0,0,1,1,6,6,1,27,6,1995,2,11,BMW 1 SERIES,4,W01001281,0,-1
20201377F1162,2020,1377F1162,6,9,0,3,3,7,3,0,0,1,0,0,0,0,2,1,2,2,2,33,6,1995,2,2,BMW 1 SERIES,9,E01011209,0,-1
2020010238082,2020,010238082,3,9,0,3,3,5,1,0,0,2,0,0,0,0,2,1,6,6,2,29,6,1499,1,1,BMW 1 SERIES,4,E01001297,0,-1
2020010265852,2020,010265852,2,9,0,18,19,3,7,0,0,1,0,0,0,0,1,1,6,6,1,19,4,1995,2,12,BMW 1 SERIES,2,E01001560,0,-1
2020010248434,2020,010248434,2,9,0,99,99,9,9,99,99,9,9,99,9,99,2,9,6,6,3,-1,-1,1496,2,5,BMW 1 SERIES,-1,-1,0,-1
2020420953142,2020,420953142,1,9,0,18,19,7,3,0,0,0,5,0,1,4,1,1,6,6,1,20,4,1496,2,5,BMW 1 SERIES,8,E01022083,0,-1
2020110966369,2020,110966369,2,9,0,7,7,1,8,0,0,2,0,0,0,0,2,1,6,6,2,23,5,2000,2,11,BMW 1 SERIES,-1,-1,0,-1
2020040998772,2020,040998772,1,9,0,18,19,1,5,0,0,0,0,0,7,11,1,1,5,6,1,27,6,1995,2,11,BMW 1 SERIES,9,E01024918,0,-1
2020052000208,2020,052000208,1,9,0,10,10,3,1,0,0,5,0,0,0,0,1,1,6,6,2,36,7,1496,2,5,BMW 1 SERIES,1,E01006768,0,-1
2020220993228,2020,220993228,2,9,0,2,2,0,0,0,0,0,0,0,0,0,4,1,5,6,1,31,6,1496,2,3,BMW 1 SERIES,6,E01028975,0,-1
2020500938149,2020,500938149,1,9,0,18,19,1,5,0,0,0,0,0,0,0,1,1,5,6,2,35,6,1995,1,9,BMW 1 SERIES,6,E01019897,0,-1
2020440301426,2020,440301426,2,9,0,18,19,4,8,0,0,1,0,0,0,0,4,1,6,6,1,20,4,1596,1,13,BMW 1 SERIES,3,E01016382,0,-1
2020010267695,2020,010267695,1,9,0,18,19,5,1,0,0,1,0,0,0,0,1,1,2,2,1,66,10,1995,2,8,BMW 1 SERIES,6,E01024301,0,-1
2020401003802,2020,401003802,2,9,0,18,19,4,8,0,0,0,0,0,0,0,2,1,6,6,1,33,6,1596,1,15,BMW 1 SERIES,5,E01015739,0,-1
2020160962470,2020,160962470,1,9,0,18,19,3,7,0,0,1,5,0,1,10,3,1,5,6,1,21,5,1995,2,12,BMW 1 SERIES,5,E01007476,0,-1
2020100977015,2020,100977015,1,9,0,9,9,5,3,0,0,2,0,0,0,0,1,1,5,6,2,48,8,1496,2,3,BMW 1 SERIES,5,E01008811,0,-1
2020010238682,2020,010238682,2,9,9,13,13,5,1,0,0,1,9,0,0,99,9,9,-1,-1,1,-1,-1,1599,1,12,BMW 1 SERIES,-1,-1,0,-1
2020432003741,2020,432003741,1,9,0,18,19,5,1,0,0,0,0,0,1,0,1,1,2,2,2,26,6,1598,1,5,BMW 1 SERIES,4,E01027061,0,-1
2020450958650,2020,450958650,3,9,0,18,19,7,3,0,0,1,0,0,0,0,2,1,5,6,1,68,10,1995,2,7,BMW 1 SERIES,10,E01022563,0,-1
2020010267389,2020,010267389,2,9,0,2,2,0,0,0,0,0,0,0,0,0,0,1,6,6,3,-1,-1,1995,1,11,BMW 1 SERIES,-1,-1,0,-1
2020990982167,2020,990982167,2,9,0,18,19,2,5,0,0,0,0,0,0,0,0,1,6,6,2,27,6,1598,1,8,BMW 1 SERIES,3,-1,0,-1
2020110938868,2020,110938868,1,9,0,18,19,5,1,0,0,0,0,0,0,0,1,1,6,6,1,21,5,1995,2,7,BMW 1 SERIES,10,E01012336,0,-1
2020010234034,2020,010234034,2,9,0,99,99,9,9,99,99,9,9,99,9,99,1,9,6,6,3,-1,-1,1995,2,13,BMW 1 SERIES,-1,-1,0,-1
202031A087720,2020,31A087720,2,9,0,3,3,4,8,0,0,0,0,0,0,0,2,1,6,6,2,34,6,1995,2,12,BMW 1 SERIES,4,E01027950,0,-1
2020401001518,2020,401001518,2,9,0,18,19,5,1,0,0,1,0,0,0,0,2,1,5,6,2,50,8,1995,2,12,BMW 1 SERIES,7,E01017510,0,-1
2020440337615,2020,440337615,2,9,0,18,19,8,4,0,0,3,0,0,0,0,1,1,1,1,2,22,5,1995,2,7,BMW 1 SERIES,9,E01022536,0,-1
2020200937988,2020,200937988,1,9,0,7,7,6,8,0,0,2,1,7,0,0,4,1,6,6,1,23,5,1995,2,12,BMW 1 SERIES,2,E01002686,0,-1
202006M275101,2020,06M275101,1,9,0,18,19,1,5,0,0,4,0,0,0,0,3,1,2,2,1,27,6,1995,2,7,BMW 1 SERIES,8,E01006102,0,-1
2020010246359,2020,010246359,2,9,0,7,7,3,5,0,0,2,9,0,0,99,1,9,6,6,3,-1,-1,1995,1,11,BMW 1 SERIES,-1,-1,0,-1
2020010284445,2020,010284445,2,9,0,99,99,9,9,99,99,0,9,99,9,99,9,9,6,6,3,-1,-1,1598,1,7,BMW 1 SERIES,-1,-1,0,-1
2020010279694,2020,010279694,1,9,0,99,99,9,9,99,99,9,9,99,9,99,2,9,2,2,2,27,6,1995,2,10,BMW 1 SERIES,8,E01001544,0,-1
2020010251415,2020,010251415,1,9,0,5,5,5,1,0,0,8,0,0,0,0,3,1,2,2,2,44,7,1995,2,8,BMW 1 SERIES,4,E01030746,0,-1
2020470920665,2020,470920665,3,9,0,16,19,3,6,0,0,0,1,0,7,9,1,1,6,6,1,23,5,1995,2,8,BMW 1 SERIES,4,E01021207,0,-1
2020010238688,2020,010238688,1,9,0,99,99,9,9,99,99,9,9,99,9,99,9,9,6,6,2,56,9,1995,1,11,BMW 1 SERIES,9,E01000205,0,-1
2020010253238,2020,010253238,1,9,0,99,99,9,9,99,99,0,9,99,9,99,9,9,6,6,1,39,7,1995,2,11,BMW 1 SERIES,3,E01004756,0,-1
20201375O1668,2020,1375O1668,1,9,0,18,19,7,3,0,0,0,0,0,0,0,1,1,6,6,1,22,5,1496,2,5,BMW 1 SERIES,3,E01011222,0,-1
2020041003195,2020,041003195,1,9,0,18,19,1,5,0,0,0,1,0,2,7,4,1,5,6,1,27,6,1995,2,1,BMW 1 SERIES,6,E01032928,0,-1
2020200994179,2020,200994179,2,9,0,3,3,4,8,0,0,1,0,0,0,0,2,1,6,6,2,61,9,1995,2,9,BMW 1 SERIES,5,E01009185,0,-1
2020552000456,2020,552000456,2,9,0,18,19,4,8,0,0,8,0,0,0,0,1,1,1,1,1,44,7,1995,2,14,BMW 1 SERIES,7,E01020526,0,-1
2020622000927,2020,622000927,1,9,0,18,19,3,7,0,0,1,1,0,2,10,4,1,6,6,1,30,6,1995,2,5,BMW 1 SERIES,3,W01001764,0,-1
20201375R2176,2020,1375R2176,4,9,0,2,2,0,0,0,0,0,0,0,0,0,2,1,6,6,3,-1,-1,1598,1,7,BMW 1 SERIES,-1,-1,0,-1
2020010266093,2020,010266093,1,9,0,9,9,3,2,0,0,1,0,0,0,0,0,1,6,6,1,50,8,1598,1,6,BMW 1 SERIES,8,E01000708,0,-1
20201374T1060,2020,1374T1060,1,9,0,18,19,5,1,0,0,0,1,0,5,7,1,1,2,2,1,24,5,1995,2,8,BMW 1 SERIES,8,E01032945,0,-1
2020460987610,2020,460987610,1,9,0,18,19,6,2,0,0,0,0,0,0,0,1,1,5,6,2,36,7,1995,2,8,BMW 1 SERIES,7,E01024073,0,-1
2020410997528,2020,410997528,3,9,0,3,3,1,5,0,0,1,0,0,0,0,2,1,6,6,1,26,6,1597,1,13,BMW 1 SERIES,6,E01002162,0,-1
2020500945780,2020,500945780,2,9,0,18,19,7,3,0,0,1,0,0,0,0,1,1,5,6,1,21,5,1995,2,13,BMW 1 SERIES,1,E01018767,0,-1
2020010231916,2020,010231916,1,9,0,18,19,3,7,0,0,1,0,0,0,0,1,1,3,7,2,38,7,1596,1,14,BMW 1 SERIES,5,E01015993,0,-1
2020450987089,2020,450987089,1,9,0,18,19,2,6,0,0,1,0,0,0,0,2,1,2,2,1,35,6,1995,2,15,BMW 1 SERIES,9,E01030716,0,-1
2020010262817,2020,010262817,1,9,0,99,99,9,9,99,99,9,9,99,9,99,9,9,6,6,2,23,5,1598,1,6,BMW 1 SERIES,2,E01003258,0,-1
2020010264224,2020,010264224,1,9,0,99,99,9,9,99,99,9,9,99,9,99,2,9,6,6,2,45,7,1995,2,7,BMW 1 SERIES,4,E01003645,0,-1
2020501001154,2020,501001154,1,9,0,18,19,1,6,0,0,0,0,0,7,0,1,1,5,6,1,24,5,1995,2,12,BMW 1 SERIES,5,E01018947,0,-1
2020100933557,2020,100933557,1,9,0,18,19,1,5,0,0,1,0,0,0,0,1,1,5,6,1,53,8,1995,2,15,BMW 1 SERIES,1,E01027533,0,-1
2020420937845,2020,420937845,1,9,0,18,19,7,3,0,0,0,0,0,0,0,4,1,6,6,1,74,10,1995,2,12,BMW 1 SERIES,5,E01021393,0,-1
2020052002456,2020,052002456,3,9,0,18,19,1,5,0,0,0,0,1,0,0,2,1,6,6,2,36,7,1598,2,6,BMW 1 SERIES,1,E01006643,0,-1
2020522002387,2020,522002387,1,9,0,18,19,1,5,0,0,0,1,7,5,0,1,1,6,6,1,35,6,2000,2,11,BMW 1 SERIES,-1,-1,0,-1
20201377A0408,2020,1377A0408,1,9,0,9,9,2,8,0,0,5,0,0,0,0,3,1,6,6,2,79,11,1499,1,1,BMW 1 SERIES,9,E01010648,0,-1
2020070386665,2020,070386665,1,9,0,18,19,2,6,0,0,3,0,0,3,0,4,1,6,6,1,76,11,1995,2,10,BMW 1 SERIES,8,E01019734,0,-1
2020010233802,2020,010233802,1,9,0,9,9,4,2,0,0,1,0,0,0,0,1,1,6,6,1,46,8,1995,2,11,BMW 1 SERIES,1,E01002760,0,-1
2020440060116,2020,440060116,1,9,0,16,19,4,8,0,0,2,1,0,1,2,1,1,6,6,1,33,6,2000,2,11,BMW 1 SERIES,3,E01032851,0,-1
2020622000664,2020,622000664,1,9,0,5,5,8,4,0,0,1,0,0,0,0,1,1,6,6,1,19,4,1598,2,8,BMW 1 SERIES,8,W01000796,0,-1
2020460965977,2020,460965977,1,9,0,9,9,8,4,0,0,2,0,0,7,0,4,1,5,6,2,21,5,2000,2,8,BMW 1 SERIES,3,E01024684,0,-1
2020440259153,2020,440259153,1,9,0,14,14,8,4,0,0,0,0,0,0,0,1,1,6,6,2,20,4,1496,2,5,BMW 1 SERIES,3,E01032738,0,-1
2020010263647,2020,010263647,1,9,0,99,99,9,9,99,99,1,9,99,9,99,9,1,6,6,1,31,6,1599,1,12,BMW 1 SERIES,5,E01016461,0,-1
2020010240896,2020,010240896,1,9,0,18,19,4,8,0,0,1,1,0,0,0,1,1,6,6,1,24,5,1598,1,5,BMW 1 SERIES,2,E01004263,0,-1
2020360942424,2020,360942424,2,9,0,18,19,-1,-1,0,0,0,0,0,0,0,2,1,6,6,2,48,8,1499,1,1,BMW 1 SERIES,5,E01026491,0,-1
2020302001529,2020,302001529,2,9,0,18,19,5,1,0,0,0,0,0,0,0,1,1,6,6,1,-1,-1,1995,2,13,BMW 1 SERIES,2,E01011809,0,-1
2020211023866,2020,211023866,1,9,0,18,19,3,7,0,0,0,0,0,0,0,1,1,6,6,1,28,6,1995,2,4,BMW 1 SERIES,6,E01029497,0,-1
2020360933101,2020,360933101,1,9,0,18,19,8,3,0,0,0,0,0,0,0,4,1,6,6,1,20,4,2996,1,11,BMW 1 SERIES,7,E01026462,0,-1
2020140981988,2020,140981988,2,9,0,6,6,4,5,7,6,0,0,0,0,0,1,1,5,6,2,25,5,1596,1,14,BMW 1 SERIES,1,E01007500,0,-1
2020140989983,2020,140989983,2,9,0,18,19,8,4,0,0,0,0,0,0,0,1,2,6,6,1,32,6,1995,2,7,BMW 1 SERIES,7,E01007381,0,-1