collision_index,collision_year,collision_ref_no,vehicle_reference,vehicle_type,towing_and_articulation,vehicle_manoeuvre_historic,vehicle_manoeuvre,vehicle_direction_from,vehicle_direction_to,vehicle_location_restricted_lane_historic,vehicle_location_restricted_lane,junction_location,skidding_and_overturning,hit_object_in_carriageway,vehicle_leaving_carriageway,hit_object_off_carriageway,first_point_of_impact,vehicle_left_hand_drive,journey_purpose_of_driver_historic,journey_purpose_of_driver,sex_of_driver,age_of_driver,age_band_of_driver,engine_capacity_cc,propulsion_code,age_of_vehicle,generic_make_model,driver_imd_decile,lsoa_of_driver,escooter_flag,driver_distance_banding
2020411014145,2020,411014145,2,9,0,18,19,8,4,0,0,0,0,0,0,0,1,1,2,2,2,25,5,1499,1,3,BMW 1 SERIES,7,E01023809,0,-1
2020010272304,2020,010272304,1,9,0,18,19,7,3,0,0,8,0,0,0,0,1,1,6,6,2,23,5,1995,2,10,BMW 1 SERIES,3,E01001370,0,-1
2020370921059,2020,370921059,2,9,0,1,1,7,3,0,0,0,0,0,0,0,3,1,2,2,1,45,7,1995,2,4,BMW 1 SERIES,10,E01033442,0,-1
202031B053820,2020,31B053820,1,9,0,18,19,7,3,0,0,8,1,0,0,0,1,1,1,1,2,49,8,1995,2,7,BMW 1 SERIES,6,E01019475,0,-1
2020302000458,2020,302000458,1,9,0,15,15,2,6,0,0,0,2,0,7,2,3,1,6,6,2,43,7,1995,2,3,BMW 1 SERIES,9,E01019772,0,-1
2020410998544,2020,410998544,2,9,0,18,19,6,2,0,0,0,0,0,0,0,2,1,6,6,1,20,4,1995,2,7,BMW 1 SERIES,8,E01018228,0,-1
2020220988964,2020,220988964,2,9,0,18,19,7,3,0,0,0,0,0,1,0,3,1,5,6,2,67,10,1995,2,12,BMW 1 SERIES,-1,-1,0,-1
2020552001112,2020,552001112,2,9,0,8,8,6,8,0,0,5,0,0,0,0,2,1,6,6,1,50,8,1995,2,9,BMW 1 SERIES,1,E01015313,0,-1
2020320639247,2020,320639247,1,9,0,18,19,8,4,0,0,6,0,0,0,0,3,1,6,6,1,21,5,1995,2,9,BMW 1 SERIES,-1,-1,0,-1
2020302000953,2020,302000953,2,9,0,15,15,3,7,0,0,0,0,0,0,0,1,1,6,6,1,20,4,1995,2,8,BMW 1 SERIES,3,E01019487,0,-1
2020210959827,2020,210959827,1,9,0,13,13,1,5,0,0,0,0,0,0,0,3,1,6,6,1,20,4,1995,2,12,BMW 1 SERIES,1,E01014286,0,-1
2020332000190,2020,332000190,1,9,0,18,19,1,5,0,0,0,0,0,0,0,1,1,6,6,1,20,4,1995,2,6,BMW 1 SERIES,1,E01013619,0,-1
2020320076103,2020,320076103,1,9,0,9,9,1,7,0,0,5,0,11,0,0,1,1,6,6,1,18,4,1995,1,8,BMW 1 SERIES,3,E01026353,0,-1
2020010254204,2020,010254204,2,9,0,99,99,9,9,99,99,9,9,99,9,99,9,9,6,6,3,-1,-1,1995,2,8,BMW 1 SERIES,3,E01032719,0,-1
2020540440120,2020,540440120,1,9,0,1,1,1,5,0,0,8,0,0,0,0,1,1,6,6,1,60,9,1995,2,4,BMW 1 SERIES,6,E01022225,0,-1
2020450959010,2020,450959010,1,9,0,9,9,6,2,0,0,8,0,0,0,0,1,1,5,6,2,41,7,1499,1,1,BMW 1 SERIES,8,E01030505,0,-1
2020200944852,2020,200944852,1,9,0,18,19,1,5,0,0,1,0,0,0,0,0,1,6,6,1,-1,-1,1499,1,3,BMW 1 SERIES,-1,-1,0,-1
2020430010987,2020,430010987,1,9,0,6,6,3,3,0,0,0,0,0,0,0,3,1,6,6,2,22,5,1995,2,6,BMW 1 SERIES,3,E01016442,0,-1
2020010268484,2020,010268484,2,9,0,3,3,1,5,0,0,2,0,0,0,0,2,1,6,6,1,35,6,1499,1,4,BMW 1 SERIES,3,E01001819,0,-1
202006Q269370,2020,06Q269370,2,9,0,11,11,2,6,0,0,2,0,0,0,0,3,1,6,6,2,36,7,1995,2,12,BMW 1 SERIES,3,E01005332,0,-1
2020010249900,2020,010249900,1,9,0,5,5,1,5,0,0,0,0,0,0,0,1,1,6,6,2,31,6,1598,1,7,BMW 1 SERIES,4,E01017926,0,-1
2020522000491,2020,522000491,1,9,0,9,9,4,2,0,0,8,0,0,0,0,1,1,6,6,1,41,7,1598,2,7,BMW 1 SERIES,1,E01014580,0,-1
2020440353334,2020,440353334,1,9,0,18,19,6,2,0,0,0,0,0,0,0,1,1,6,6,1,21,5,1596,1,15,BMW 1 SERIES,8,E01022713,0,-1
2020010271939,2020,010271939,1,9,0,5,5,5,1,0,0,1,0,0,0,0,1,1,2,2,1,28,6,1995,1,9,BMW 1 SERIES,4,E01032566,0,-1
202006A176345,2020,06A176345,2,9,0,7,7,6,7,0,0,1,0,0,0,0,4,1,6,6,1,26,6,1598,1,6,BMW 1 SERIES,1,E01033679,0,-1
2020470958708,2020,470958708,1,9,0,16,19,5,8,0,0,8,0,0,0,0,1,1,5,6,1,36,7,1499,1,1,BMW 1 SERIES,10,E01032854,0,-1
2020100926080,2020,100926080,2,9,0,3,3,5,7,0,0,1,0,0,0,0,4,1,5,6,2,40,7,1598,2,7,BMW 1 SERIES,-1,-1,0,-1
2020200936762,2020,200936762,1,9,0,18,19,7,3,0,0,4,0,0,0,0,4,1,1,1,2,28,6,1598,2,6,BMW 1 SERIES,6,E01009802,0,-1
2020430281103,2020,430281103,2,9,0,9,9,8,4,0,0,5,0,0,0,0,3,1,6,6,1,49,8,1995,2,10,BMW 1 SERIES,9,E01017853,0,-1
2020990961977,2020,990961977,1,9,0,18,19,7,2,0,0,4,0,0,0,0,1,1,6,6,2,50,8,1995,2,8,BMW 1 SERIES,10,-1,0,-1
2020990965090,2020,990965090,3,9,0,9,9,5,2,0,0,7,0,0,0,0,1,1,6,6,1,20,4,1499,1,4,BMW 1 SERIES,7,-1,0,-1
2020160945590,2020,160945590,1,9,0,18,19,2,6,0,0,0,0,0,0,0,3,1,5,6,2,28,6,1598,2,6,BMW 1 SERIES,7,E01033108,0,-1
2020140926882,2020,140926882,1,9,0,18,19,1,5,0,0,8,0,0,0,0,1,2,5,6,2,29,6,1496,2,4,BMW 1 SERIES,3,E01008063,0,-1
2020200984003,2020,200984003,2,9,0,5,5,2,6,0,0,1,0,0,0,0,1,1,6,6,1,26,6,1496,2,4,BMW 1 SERIES,3,E01009199,0,-1
2020010273397,2020,010273397,1,9,0,18,19,7,3,0,0,6,0,0,0,0,1,1,2,2,1,23,5,1496,2,4,BMW 1 SERIES,4,E01001675,0,-1
20201379N1220,2020,1379N1220,2,9,0,18,19,1,4,0,0,0,0,0,0,0,3,1,6,6,1,26,6,1496,2,3,BMW 1 SERIES,7,E01011512,0,-1
2020010238430,2020,010238430,2,9,0,99,99,9,9,99,99,9,9,99,9,99,1,9,6,6,3,-1,-1,1596,1,15,BMW 1 SERIES,3,E01000128,0,-1
2020460989733,2020,460989733,2,9,0,18,19,-1,-1,0,0,0,0,0,0,0,3,1,6,6,2,49,8,1995,2,10,BMW 1 SERIES,4,E01024579,0,-1
2020010258685,2020,010258685,2,9,0,18,19,3,7,0,0,0,0,0,0,0,1,1,6,6,1,27,6,1499,1,3,BMW 1 SERIES,10,E01002458,0,-1
2020010244816,2020,010244816,1,9,0,16,19,3,7,0,0,0,0,0,7,11,1,1,6,6,1,18,4,1995,1,15,BMW 1 SERIES,8,E01002109,0,-1
2020010257051,2020,010257051,1,9,0,9,9,3,8,0,0,1,0,0,0,0,1,1,6,6,1,28,6,1995,1,16,BMW 1 SERIES,3,E01004633,0,-1
2020010287501,2020,010287501,2,9,0,99,99,9,9,0,0,6,0,0,0,0,1,9,6,6,3,-1,-1,1596,1,15,BMW 1 SERIES,-1,-1,0,-1
2020010229778,2020,010229778,2,9,0,7,7,7,1,0,0,5,0,0,0,0,1,1,6,6,1,34,6,2000,2,11,BMW 1 SERIES,6,E01023671,0,-1
2020990975899,2020,990975899,2,9,0,18,19,7,2,0,0,1,0,0,0,0,3,1,1,1,1,63,9,1995,2,9,BMW 1 SERIES,10,-1,0,-1
20201371S0261,2020,1371S0261,2,9,0,18,19,7,3,0,0,4,0,0,0,0,4,1,6,6,1,70,10,1995,2,2,BMW 1 SERIES,6,E01010786,0,-1
2020010243745,2020,010243745,1,9,0,99,99,9,9,99,99,0,9,99,9,99,2,9,6,6,1,22,5,1496,2,0,BMW 1 SERIES,2,E01003300,0,-1
2020302001296,2020,302001296,1,9,0,5,5,4,2,0,0,1,0,0,0,0,3,1,1,1,1,44,7,1995,2,10,BMW 1 SERIES,4,E01013503,0,-1
2020460998382,2020,460998382,2,9,0,4,4,3,7,0,0,1,0,7,0,0,4,1,6,6,1,25,5,1998,1,2,BMW 1 SERIES,8,E01024803,0,-1
2020430954658,2020,430954658,2,9,0,7,7,5,1,0,0,0,0,0,0,0,2,1,5,6,1,39,7,1995,2,15,BMW 1 SERIES,9,E01017775,0,-1
2020010281337,2020,010281337,1,9,0,7,7,3,5,0,0,2,0,0,0,0,1,1,6,6,1,28,6,1995,2,9,BMW 1 SERIES,2,E01000600,0,-1
2020460975033,2020,460975033,2,9,0,3,3,4,8,0,0,2,0,0,0,0,2,1,6,6,1,38,7,1995,2,8,BMW 1 SERIES,8,E01001596,0,-1
2020302000197,2020,302000197,1,9,0,7,7,7,1,0,0,6,0,0,0,0,4,1,6,6,2,25,5,1995,2,15,BMW 1 SERIES,1,E01013566,0,-1
2020320250285,2020,320250285,3,9,0,18,19,3,7,0,0,1,0,0,0,0,0,1,2,2,2,57,9,1496,2,4,BMW 1 SERIES,-1,-1,0,-1
2020430341350,2020,430341350,1,9,0,4,4,7,3,0,0,0,0,0,0,0,1,1,6,6,1,25,5,1995,2,7,BMW 1 SERIES,9,E01017660,0,-1
2020160943839,2020,160943839,3,9,0,2,2,0,0,0,0,0,0,0,0,0,1,1,6,6,3,-1,-1,1995,2,12,BMW 1 SERIES,-1,-1,0,-1
2020137151256,2020,137151256,1,9,0,9,9,1,5,0,0,8,0,0,0,0,1,1,6,6,1,25,5,1995,2,7,BMW 1 SERIES,1,E01010966,0,-1
2020010274491,2020,010274491,2,9,9,99,99,9,9,99,99,4,9,99,9,99,9,9,6,6,3,-1,-1,1995,2,5,BMW 1 SERIES,-1,-1,0,-1
2020220951910,2020,220951910,1,9,0,18,19,7,3,0,0,8,0,0,0,0,1,1,2,2,2,52,8,1995,2,15,BMW 1 SERIES,4,E01032322,0,-1
2020440243964,2020,440243964,1,9,0,5,5,5,1,0,0,8,0,0,0,0,1,1,6,6,1,24,5,1596,1,13,BMW 1 SERIES,2,E01017076,0,-1
2020520004779,2020,520004779,1,9,0,4,4,4,8,0,0,0,0,0,0,0,4,1,6,6,1,60,9,1598,1,6,BMW 1 SERIES,6,E01015109,0,-1
2020622100044,2020,622100044,1,9,0,18,19,1,5,0,0,0,1,0,2,7,1,1,6,6,1,28,6,1995,2,8,BMW 1 SERIES,1,W01001301,0,-1
2020401011985,2020,401011985,2,9,0,2,2,0,0,0,0,0,0,0,0,0,2,1,5,6,1,33,6,1995,2,2,BMW 1 SERIES,7,E01015709,0,-1
2020400941047,2020,400941047,1,9,0,9,9,1,3,0,0,1,0,0,0,0,4,1,2,2,2,30,6,1995,2,8,BMW 1 SERIES,2,E01015754,0,-1
2020990951299,2020,990951299,1,9,0,18,19,4,8,0,0,2,0,0,0,0,2,1,5,6,1,45,7,1995,2,5,BMW 1 SERIES,2,-1,0,-1
2020010269268,2020,010269268,1,9,0,99,99,9,9,99,99,9,9,99,9,99,1,9,6,6,2,30,6,1598,1,6,BMW 1 SERIES,4,E01003412,0,-1
2020530997513,2020,530997513,1,9,0,18,19,2,6,0,0,0,0,11,0,0,1,1,2,2,1,54,8,1995,2,4,BMW 1 SERIES,3,E01022256,0,-1
2020010275717,2020,010275717,1,9,0,18,19,3,7,0,0,1,0,4,0,0,1,1,6,6,1,28,6,1499,1,2,BMW 1 SERIES,3,E01002756,0,-1
2020010233816,2020,010233816,1,9,0,18,19,1,5,0,0,7,0,0,0,0,0,1,6,6,1,41,7,1596,1,14,BMW 1 SERIES,2,E01000526,0,-1
2020010268637,2020,010268637,1,9,0,99,99,9,9,99,99,2,9,99,9,99,2,1,6,6,2,25,5,1496,2,5,BMW 1 SERIES,5,E01004610,0,-1
2020200948992,2020,200948992,2,9,0,18,19,7,3,0,0,8,0,0,0,0,4,1,6,6,1,25,5,1995,2,8,BMW 1 SERIES,2,E01010017,0,-1
2020460965157,2020,460965157,1,9,0,18,19,5,1,0,0,0,0,0,0,0,1,1,5,6,1,28,6,1995,2,15,BMW 1 SERIES,4,E01024587,0,-1
2020440371884,2020,440371884,1,9,0,18,19,4,8,0,0,0,1,0,1,0,1,1,6,6,1,30,6,1995,2,10,BMW 1 SERIES,9,E01032617,0,-1
2020160963105,2020,160963105,2,9,0,18,19,2,6,0,0,0,0,0,0,0,2,1,5,6,1,48,8,1995,2,6,BMW 1 SERIES,7,E01013224,0,-1
2020137141243,2020,137141243,2,9,0,9,9,5,3,0,0,6,0,0,0,0,3,1,6,6,1,74,10,1998,1,2,BMW 1 SERIES,3,E01010662,0,-1
2020440435357,2020,440435357,2,9,0,18,19,7,3,0,0,1,0,0,0,0,1,1,6,6,2,-1,-1,1598,2,7,BMW 1 SERIES,-1,-1,0,-1
2020010284682,2020,010284682,1,9,0,99,99,9,9,99,99,9,9,99,9,99,2,9,6,6,2,36,7,1596,1,15,BMW 1 SERIES,2,E01003321,0,-1
2020010248768,2020,010248768,2,9,0,3,3,5,1,0,0,4,0,0,0,0,3,2,6,6,1,33,6,1995,2,7,BMW 1 SERIES,8,E01033538,0,-1
2020010240305,2020,010240305,2,9,0,17,19,3,1,0,0,8,0,0,0,0,3,1,6,6,1,29,6,1995,2,4,BMW 1 SERIES,2,E01004263,0,-1
2020401005512,2020,401005512,1,9,0,18,19,6,2,0,0,0,0,0,0,0,1,1,6,6,1,28,6,1995,2,9,BMW 1 SERIES,3,E01015788,0,-1
2020052002050,2020,052002050,2,9,0,18,19,5,1,0,0,0,1,0,7,0,1,1,6,6,1,41,7,1995,2,11,BMW 1 SERIES,1,E01006720,0,-1
2020520003975,2020,520003975,2,9,0,10,10,2,8,0,0,8,0,0,0,0,1,1,6,6,1,30,6,1995,2,11,BMW 1 SERIES,-1,-1,0,-1
2020531007291,2020,531007291,1,9,0,4,4,4,8,0,0,0,0,0,0,0,2,1,2,2,2,29,6,1995,2,13,BMW 1 SERIES,10,E01022359,0,-1
2020010250117,2020,010250117,1,9,0,99,99,9,9,99,99,1,9,99,9,99,9,9,2,2,1,34,6,2000,1,11,BMW 1 SERIES,6,E01002298,0,-1
2020010274243,2020,010274243,1,9,0,18,19,1,5,0,0,8,0,0,0,0,1,1,6,6,1,18,4,1598,1,7,BMW 1 SERIES,4,E01003632,0,-1
2020040996949,2020,040996949,1,9,0,18,19,3,7,0,0,0,0,0,0,0,1,1,5,6,2,24,5,1995,2,14,BMW 1 SERIES,1,E01012571,0,-1
2020350986682,2020,350986682,2,9,0,18,19,1,5,0,0,0,0,1,0,0,1,1,6,6,1,23,5,1995,2,15,BMW 1 SERIES,8,E01015589,0,-1
2020461001195,2020,461001195,4,9,0,2,2,1,3,0,0,0,0,0,0,0,4,1,6,6,1,21,5,1499,1,2,BMW 1 SERIES,4,E01024841,0,-1
2020010236543,2020,010236543,1,9,0,17,19,3,8,0,0,0,0,4,0,0,1,1,6,6,1,30,6,1499,1,4,BMW 1 SERIES,1,E01000596,0,-1
2020460957809,2020,460957809,1,9,0,9,9,5,3,0,0,8,0,0,0,0,1,1,5,6,1,28,6,1995,2,11,BMW 1 SERIES,1,E01024308,0,-1
2020420935371,2020,420935371,1,9,0,17,19,1,5,0,0,0,0,0,1,4,4,1,5,6,1,27,6,1995,1,11,BMW 1 SERIES,8,E01021604,0,-1
2020010282866,2020,010282866,2,9,0,99,99,9,9,99,99,9,9,99,9,99,1,9,6,6,3,-1,-1,1596,1,15,BMW 1 SERIES,2,E01004696,0,-1
2020610036420,2020,610036420,2,9,0,16,19,1,2,0,0,0,0,0,0,0,1,1,6,6,2,22,5,1995,2,5,BMW 1 SERIES,1,W01001334,0,-1
2020460950693,2020,460950693,5,9,0,2,2,0,0,0,0,1,0,0,0,0,2,1,5,6,1,36,7,1995,2,12,BMW 1 SERIES,3,E01024372,0,-1
2020231011406,2020,231011406,2,9,0,18,19,5,1,0,0,0,0,0,0,0,2,1,5,6,1,40,7,1995,2,6,BMW 1 SERIES,5,E01031141,0,-1
202031C113820,2020,31C113820,2,9,0,18,19,7,3,0,0,1,0,0,0,0,2,1,6,6,2,33,6,1995,2,2,BMW 1 SERIES,10,E01028181,0,-1
2020010264895,2020,010264895,5,9,0,2,2,0,0,0,0,0,0,0,0,0,2,1,6,6,3,-1,-1,1998,1,1,BMW 1 SERIES,-1,-1,0,-1
2020010251362,2020,010251362,1,9,0,11,11,1,5,0,0,1,0,0,0,0,1,1,2,2,2,26,6,1496,2,5,BMW 1 SERIES,4,E01003684,0,-1
2020040980109,2020,040980109,1,9,0,18,19,5,1,0,0,0,0,0,0,0,1,1,2,2,1,61,9,1995,2,9,BMW 1 SERIES,1,E01012749,0,-1
2020010276348,2020,010276348,2,9,0,99,99,9,9,0,0,0,0,0,0,0,3,9,6,6,3,-1,-1,1995,2,0,BMW 1 SERIES,-1,-1,0,-1
2020370975715,2020,370975715,1,9,0,18,19,6,3,0,0,0,0,0,0,0,3,1,6,6,3,-1,-1,1995,2,8,BMW 1 SERIES,-1,-1,0,-1
2020200994522,2020,200994522,2,9,0,18,19,4,2,0,0,8,0,0,0,0,4,1,5,6,1,23,5,1995,2,3,BMW 1 SERIES,1,E01009194,0,-1
2020522002702,2020,522002702,1,9,0,5,5,5,1,0,0,6,0,0,0,0,1,1,6,6,1,62,9,1598,2,7,BMW 1 SERIES,4,E01014786,0,-1
2020421006688,2020,421006688,1,9,0,4,4,7,3,0,0,0,0,0,0,0,1,1,5,6,2,47,8,1995,2,11,BMW 1 SERIES,5,E01021996,0,-1
2020440064675,2020,440064675,1,9,0,9,9,4,2,0,0,8,0,0,0,0,1,1,2,2,1,62,9,1499,1,3,BMW 1 SERIES,10,E01022686,0,-1
2020010285941,2020,010285941,1,9,0,18,19,3,7,0,0,1,0,11,1,0,1,1,2,2,2,55,8,1995,1,10,BMW 1 SERIES,7,E01002494,0,-1
2020450970795,2020,450970795,1,9,0,16,19,4,8,0,0,0,5,0,7,4,1,1,1,1,1,64,9,1499,1,2,BMW 1 SERIES,8,E01031624,0,-1
2020140976234,2020,140976234,1,9,0,18,19,1,5,0,0,2,0,0,0,0,4,1,6,6,1,23,5,1499,1,4,BMW 1 SERIES,-1,-1,0,-1
2020552001219,2020,552001219,1,9,0,16,19,4,6,0,0,8,1,0,7,11,1,1,6,6,1,36,7,1995,2,11,BMW 1 SERIES,8,E01020455,0,-1
2020420994452,2020,420994452,1,9,0,16,19,3,7,0,0,0,0,0,0,0,1,1,6,6,2,51,8,1995,1,14,BMW 1 SERIES,6,E01021886,0,-1
2020440431903,2020,440431903,1,9,0,2,2,2,6,0,0,8,0,0,0,0,2,1,2,2,2,30,6,1995,2,15,BMW 1 SERIES,7,E01017094,0,-1
2020010271092,2020,010271092,2,9,0,99,99,9,9,99,99,9,9,99,9,99,9,9,6,6,3,45,7,1995,2,9,BMW 1 SERIES,10,E01001019,0,-1
2020990930558,2020,990930558,3,9,0,18,19,3,7,0,0,0,0,0,1,0,1,1,6,6,1,22,5,1995,2,5,BMW 1 SERIES,3,-1,0,-1
2020010257253,2020,010257253,2,9,0,3,3,7,3,0,0,0,0,0,0,0,2,1,6,6,1,25,5,1995,2,5,BMW 1 SERIES,-1,-1,0,-1
2020420951148,2020,420951148,3,9,0,3,3,6,2,0,0,2,0,0,0,0,2,1,6,6,2,27,6,1496,2,5,BMW 1 SERIES,4,E01015936,0,-1
2020010271437,2020,010271437,2,9,0,99,99,9,9,99,99,9,0,0,0,0,2,9,6,6,1,27,6,1598,2,7,BMW 1 SERIES,6,E01002484,0,-1
2020137A71212,2020,137A71212,2,9,0,4,4,6,2,0,0,2,0,0,0,0,2,1,2,2,2,34,6,1995,2,11,BMW 1 SERIES,5,E01010865,0,-1
2020460944185,2020,460944185,1,9,0,9,9,4,8,0,0,2,0,0,0,0,1,1,5,6,1,23,5,1598,1,9,BMW 1 SERIES,6,E01024266,0,-1
2020500959711,2020,500959711,2,9,0,10,10,2,7,0,0,1,0,0,0,0,2,1,6,6,2,24,5,1995,2,10,BMW 1 SERIES,3,E01020104,0,-1
2020140943407,2020,140943407,1,9,0,18,19,3,7,0,0,0,0,0,0,0,1,1,6,6,3,-1,-1,1995,2,12,BMW 1 SERIES,-1,-1,0,-1
2020231004610,2020,231004610,1,9,0,13,13,3,6,0,0,6,0,0,0,0,1,1,6,6,1,21,5,1496,2,4,BMW 1 SERIES,2,E01009575,0,-1
2020040982372,2020,040982372,2,9,0,5,5,1,7,0,0,4,0,0,0,0,2,1,1,1,2,24,5,1598,1,6,BMW 1 SERIES,6,E01024949,0,-1
2020451003689,2020,451003689,3,9,0,18,19,5,1,0,0,0,2,0,0,0,1,1,5,6,2,41,7,1499,1,0,BMW 1 SERIES,8,E01030440,0,-1
2020420935344,2020,420935344,1,9,0,9,9,5,2,0,0,4,5,7,0,0,1,1,5,6,1,22,5,1598,1,8,BMW 1 SERIES,10,E01002388,0,-1
202006L172364,2020,06L172364,1,9,0,2,2,0,0,0,0,0,0,0,0,0,3,1,6,6,2,27,6,1496,2,5,BMW 1 SERIES,6,E01006375,0,-1
2020010238737,2020,010238737,1,9,0,99,99,9,9,99,99,0,9,99,9,99,9,9,6,6,1,29,6,1995,2,6,BMW 1 SERIES,7,E01000822,0,-1
2020320327368,2020,320327368,2,9,0,18,19,5,8,0,0,0,0,0,0,0,2,1,6,6,1,59,9,1995,2,4,BMW 1 SERIES,6,E01026272,0,-1
2020522005057,2020,522005057,1,9,0,18,19,2,4,0,0,4,0,0,0,0,1,1,6,6,3,30,6,1995,2,6,BMW 1 SERIES,-1,-1,0,-1
2020420952103,2020,420952103,2,9,0,18,19,5,1,0,0,1,0,0,0,0,1,1,5,6,2,20,4,1995,1,10,BMW 1 SERIES,6,E01030120,0,-1
2020010249077,2020,010249077,1,9,0,18,19,6,2,0,0,1,0,0,7,0,4,1,6,6,1,30,6,1995,2,12,BMW 1 SERIES,-1,-1,0,-1
2020320392645,2020,320392645,3,9,0,7,7,5,7,0,0,1,0,0,0,0,1,1,6,6,2,26,6,1995,2,12,BMW 1 SERIES,1,E01026374,0,-1
2020010240409,2020,010240409,2,9,0,99,99,9,9,99,99,9,9,99,9,99,1,9,6,6,3,-1,-1,1995,2,7,BMW 1 SERIES,7,E01003655,0,-1
2020100973180,2020,100973180,1,9,0,18,19,1,5,0,0,6,0,0,0,0,1,1,6,6,1,32,6,1995,2,3,BMW 1 SERIES,3,E01020593,0,-1
2020200992103,2020,200992103,1,9,0,7,7,8,2,0,0,6,0,0,0,0,1,1,6,6,1,-1,-1,1995,2,14,BMW 1 SERIES,-1,-1,0,-1
20201377M1379,2020,1377M1379,1,9,0,18,19,4,8,0,0,0,0,0,0,0,4,1,2,2,1,42,7,1598,2,5,BMW 1 SERIES,3,E01011048,0,-1
2020340S07202,2020,340S07202,2,9,0,18,19,1,5,0,0,0,0,0,0,0,1,1,6,6,1,18,4,1598,1,6,BMW 1 SERIES,5,E01001646,0,-1
2020541054320,2020,541054320,2,9,0,3,3,6,2,0,0,1,0,0,0,0,2,1,6,6,1,23,5,1598,2,7,BMW 1 SERIES,6,E01032091,0,-1
2020040941872,2020,040941872,2,9,0,4,4,4,2,0,0,0,0,0,0,0,1,1,5,6,2,38,7,1995,1,11,BMW 1 SERIES,1,E01024899,0,-1
2020360938366,2020,360938366,1,9,0,18,19,8,4,0,0,0,0,0,0,0,1,1,5,6,2,47,8,1499,1,1,BMW 1 SERIES,3,E01026621,0,-1
2020610025320,2020,610025320,1,9,0,13,13,3,7,0,0,1,1,0,7,4,3,1,6,6,1,27,6,1995,1,12,BMW 1 SERIES,5,W01001649,0,-1
2020350948993,2020,350948993,4,9,0,2,2,0,0,0,0,1,0,0,0,0,2,1,6,6,3,-1,-1,1995,2,12,BMW 1 SERIES,-1,-1,0,-1
2020010254981,2020,010254981,2,9,0,3,3,3,7,0,0,2,0,0,0,0,4,1,6,6,2,30,6,1995,2,13,BMW 1 SERIES,2,E01000019,0,-1
202006F278441,2020,06F278441,1,9,0,9,9,2,8,0,0,6,0,0,0,0,4,1,6,6,1,60,9,1995,2,14,BMW 1 SERIES,1,E01005706,0,-1
2020010261375,2020,010261375,2,9,0,10,10,8,6,0,0,1,0,0,0,0,0,1,6,6,1,35,6,1995,2,13,BMW 1 SERIES,4,E01003658,0,-1
2020522101147,2020,522101147,1,9,0,18,19,2,6,0,0,1,0,0,0,0,4,1,6,6,1,58,9,1499,1,3,BMW 1 SERIES,7,E01014909,0,-1
2020140963879,2020,140963879,2,9,0,9,9,3,1,0,0,8,0,0,0,0,1,1,5,6,1,27,6,1598,1,7,BMW 1 SERIES,1,E01007732,0,-1
2020460936589,2020,460936589,1,9,0,18,19,5,1,0,0,0,1,0,1,4,1,1,6,6,1,20,4,1499,1,3,BMW 1 SERIES,8,E01020987,0,-1
202006L273616,2020,06L273616,2,9,0,18,19,7,3,0,0,8,0,0,0,1,1,1,6,6,1,36,7,1995,2,12,BMW 1 SERIES,1,E01006755,0,-1
2020430431170,2020,430431170,1,9,0,18,19,4,8,0,0,0,1,0,7,0,3,1,6,6,1,-1,-1,1995,2,14,BMW 1 SERIES,-1,-1,0,-1
2020040936697,2020,040936697,1,9,0,5,5,7,1,0,0,1,0,4,0,0,1,1,6,6,3,-1,-1,1598,1,7,BMW 1 SERIES,-1,-1,0,-1
2020420952557,2020,420952557,1,9,0,9,9,4,3,0,0,8,1,0,7,0,4,1,5,6,1,85,11,1499,1,2,BMW 1 SERIES,9,E01021746,0,-1
2020100969526,2020,100969526,2,9,0,4,4,1,5,0,0,0,0,0,0,0,2,1,6,6,2,25,5,1496,2,5,BMW 1 SERIES,9,E01027549,0,-1
2020201019946,2020,201019946,2,9,0,4,4,6,2,0,0,1,0,0,0,0,2,1,6,6,1,32,6,1995,2,7,BMW 1 SERIES,1,E01010060,0,-1
202063C015120,2020,63C015120,1,9,0,18,19,6,2,0,0,0,1,0,2,7,4,1,6,6,1,25,5,1597,1,13,BMW 1 SERIES,5,W01000617,0,-1
2020542367420,2020,542367420,1,9,0,18,19,4,8,0,0,1,0,0,0,0,1,1,6,6,2,71,10,1995,2,9,BMW 1 SERIES,7,E01032024,0,-1
2020543209320,2020,543209320,1,9,0,5,5,0,3,0,0,0,0,0,0,0,4,1,6,6,1,66,10,1598,1,5,BMW 1 SERIES,5,E01015479,0,-1
2020990935391,2020,990935391,1,9,0,18,19,7,2,0,0,0,0,0,0,0,1,1,6,6,3,28,6,1995,1,9,BMW 1 SERIES,-1,-1,0,-1
2020010264701,2020,010264701,1,9,0,18,19,4,8,0,0,0,0,4,0,0,1,1,6,6,1,28,6,1995,2,9,BMW 1 SERIES,1,E01002069,0,-1
2020010236218,2020,010236218,2,9,0,99,99,9,9,99,99,9,9,99,9,99,1,9,6,6,3,-1,-1,1995,2,10,BMW 1 SERIES,-1,-1,0,-1
2020230953969,2020,230953969,2,9,0,4,4,3,7,0,0,0,0,0,0,0,2,1,5,6,1,41,7,1995,2,5,BMW 1 SERIES,3,E01011907,0,-1
2020400962272,2020,400962272,2,9,0,5,5,0,0,0,0,0,0,0,0,0,3,1,5,6,1,29,6,1995,2,7,BMW 1 SERIES,2,E01015741,0,-1