collision_index,collision_year,collision_ref_no,vehicle_reference,vehicle_type,towing_and_articulation,vehicle_manoeuvre_historic,vehicle_manoeuvre,vehicle_direction_from,vehicle_direction_to,vehicle_location_restricted_lane_historic,vehicle_location_restricted_lane,junction_location,skidding_and_overturning,hit_object_in_carriageway,vehicle_leaving_carriageway,hit_object_off_carriageway,first_point_of_impact,vehicle_left_hand_drive,journey_purpose_of_driver_historic,journey_purpose_of_driver,sex_of_driver,age_of_driver,age_band_of_driver,engine_capacity_cc,propulsion_code,age_of_vehicle,generic_make_model,driver_imd_decile,lsoa_of_driver,escooter_flag,driver_distance_banding
2020430230692,2020,430230692,2,9,0,4,4,5,1,0,0,1,0,0,0,0,2,1,6,6,2,60,9,1995,2,7,BMW 1 SERIES,10,E01030797,0,-1
2020010247529,2020,010247529,1,9,0,1,1,1,5,0,0,0,0,0,0,0,2,1,6,6,2,19,4,1995,2,6,BMW 1 SERIES,1,E01004250,0,-1
2020010286183,2020,010286183,1,9,0,18,19,8,4,0,0,1,0,0,3,11,1,1,6,6,2,25,5,1995,2,5,BMW 1 SERIES,2,E01002809,0,-1
2020010283422,2020,010283422,2,9,0,99,99,9,9,99,99,9,9,99,9,99,1,9,6,6,3,-1,-1,1995,2,10,BMW 1 SERIES,2,E01002032,0,-1
2020137CI0309,2020,137CI0309,1,9,0,5,5,7,3,0,0,0,0,10,7,0,0,1,6,6,2,34,6,1995,2,11,BMW 1 SERIES,1,E01011663,0,-1
2020622000281,2020,622000281,1,9,0,18,19,2,6,0,0,0,1,0,0,0,1,1,6,6,2,36,7,1995,2,4,BMW 1 SERIES,1,W01001883,0,-1
2020430376767,2020,430376767,1,9,0,17,19,6,2,0,0,0,5,0,1,10,1,1,6,6,1,41,7,2979,1,9,BMW 1 SERIES,7,E01016288,0,-1
2020522004751,2020,522004751,1,9,0,18,19,4,7,0,0,4,0,0,0,0,3,1,6,6,2,42,7,1496,2,3,BMW 1 SERIES,6,E01014952,0,-1
2020010250166,2020,010250166,1,9,0,7,7,5,7,0,0,0,0,0,0,0,4,1,6,6,1,19,4,1598,1,6,BMW 1 SERIES,-1,-1,0,-1
2020010283055,2020,010283055,1,9,0,3,3,7,3,0,0,0,0,0,0,0,2,1,6,6,1,37,7,1995,1,14,BMW 1 SERIES,5,E01003411,0,-1
2020430205698,2020,430205698,1,9,0,18,19,3,7,0,0,1,0,0,7,0,1,1,6,6,1,56,9,1995,2,15,BMW 1 SERIES,-1,-1,0,-1
2020010252512,2020,010252512,1,9,0,18,19,3,7,0,0,1,0,0,0,0,1,1,6,6,1,26,6,1995,2,12,BMW 1 SERIES,3,E01001697,0,-1
2020470951532,2020,470951532,1,5,0,4,4,8,4,0,0,1,0,0,0,0,1,1,5,6,1,28,6,748,1,16,-1,8,E01020931,0,-1
2020552000402,2020,552000402,2,2,0,18,19,1,5,0,0,1,0,0,0,0,4,1,2,2,1,26,6,125,1,1,-1,8,E01015389,0,-1
2020200987657,2020,200987657,1,5,0,5,5,8,4,0,0,8,0,0,0,0,1,1,5,6,1,71,10,1584,1,11,-1,2,E01009495,0,-1
2020430295401,2020,430295401,1,5,0,4,4,6,2,0,0,1,0,0,0,0,3,1,6,6,1,53,8,1584,1,11,-1,10,E01018266,0,-1
2020460970800,2020,460970800,2,97,0,18,19,7,3,0,0,8,1,0,0,0,1,1,5,6,1,55,8,1585,2,10,-1,2,E01024249,0,-1
2020302000826,2020,302000826,1,5,0,13,13,8,4,0,0,0,1,0,0,0,1,1,6,6,1,48,8,1584,1,14,-1,2,E01009512,0,-1
2020430181379,2020,430181379,1,5,0,4,4,1,5,0,0,0,0,0,0,0,2,1,6,6,1,50,8,1340,1,22,-1,8,E01016568,0,-1
2020541120720,2020,541120720,1,5,0,4,4,6,2,0,0,1,1,0,0,0,0,1,6,6,1,38,7,1584,1,11,-1,9,E01031998,0,-1
2020430275194,2020,430275194,2,5,0,18,19,8,4,0,0,0,0,0,0,0,2,1,6,6,1,43,7,1585,1,10,-1,6,E01017808,0,-1
2020460945966,2020,460945966,2,3,0,5,5,5,8,0,0,8,0,0,0,0,0,1,5,6,1,-1,-1,883,1,17,-1,3,E01024529,0,-1
2020500991903,2020,500991903,1,5,0,18,19,2,6,0,0,1,0,0,0,0,1,1,5,6,1,75,10,883,1,17,-1,1,E01019020,0,-1
2020010239882,2020,010239882,1,5,0,18,19,7,3,0,0,8,0,0,0,0,3,-1,2,2,1,25,5,883,1,12,-1,5,E01004736,0,-1
2020420981117,2020,420981117,2,5,0,18,19,3,7,0,0,8,0,0,0,0,3,1,5,6,1,60,9,883,1,17,-1,10,E01022070,0,-1
2020470967647,2020,470967647,2,5,0,13,13,5,1,0,0,0,1,0,0,0,0,1,5,6,1,47,8,883,1,15,-1,1,E01016910,0,-1
2020350936546,2020,350936546,1,5,0,18,19,3,7,0,0,0,0,0,0,0,1,1,2,2,1,26,6,883,1,10,-1,6,E01018182,0,-1
2020552000902,2020,552000902,2,5,0,2,2,0,0,0,0,0,0,0,0,0,3,1,6,6,1,61,9,883,1,10,-1,5,E01020484,0,-1
2020140959761,2020,140959761,1,5,0,16,19,2,5,0,0,0,0,0,0,0,1,1,6,6,1,25,5,649,1,0,-1,2,E01007579,0,-1
2020141003310,2020,141003310,2,3,0,18,19,3,7,0,0,1,0,0,0,0,1,1,1,1,1,28,6,649,1,0,-1,1,E01007822,0,-1
2020010250212,2020,010250212,1,5,0,13,13,5,1,0,0,8,0,10,7,10,4,1,2,2,1,20,4,649,1,1,-1,10,E01004106,0,-1
2020370971187,2020,370971187,1,5,0,17,19,5,1,0,0,0,0,0,1,9,1,1,5,6,2,39,7,649,1,1,-1,4,E01033048,0,-1
2020990919495,2020,990919495,1,5,0,18,19,1,5,0,0,1,0,0,0,0,1,1,2,2,1,29,6,649,1,1,-1,1,-1,0,-1
2020100975187,2020,100975187,1,3,0,18,19,5,1,0,0,0,0,0,0,0,0,1,5,6,1,41,7,649,1,0,-1,4,E01008555,0,-1
2020400930976,2020,400930976,1,5,0,18,19,7,3,0,0,0,0,0,0,0,1,1,5,6,1,21,5,649,1,1,-1,9,E01033190,0,-1
2020430155852,2020,430155852,1,5,0,18,19,6,2,0,0,1,0,0,0,0,3,1,6,6,1,24,5,649,1,1,-1,8,E01028610,0,-1
2020531004151,2020,531004151,1,3,0,18,19,5,1,0,0,1,0,0,0,0,1,1,6,6,1,18,4,124,1,19,-1,7,E01022252,0,-1
202031C016320,2020,31C016320,2,9,0,18,19,4,8,0,0,8,0,0,0,0,4,1,6,6,1,30,6,1498,1,1,HONDA HR-V,1,E01013822,0,-1
2020460976752,2020,460976752,3,9,0,16,19,5,1,0,0,1,0,0,0,0,1,1,5,6,1,69,10,1498,1,3,HONDA HR-V,7,E01000376,0,-1
2020140996264,2020,140996264,1,9,0,5,5,4,7,0,0,1,0,0,0,0,2,1,6,6,1,68,10,1498,1,4,HONDA HR-V,5,E01007786,0,-1
2020470983777,2020,470983777,2,9,0,17,19,7,4,0,0,1,0,0,0,0,4,1,6,6,2,60,9,1597,2,4,HONDA HR-V,7,E01021088,0,-1
2020030977884,2020,030977884,2,9,0,5,5,1,5,0,0,0,0,0,0,0,1,1,6,6,1,52,8,1498,1,1,HONDA HR-V,-1,-1,0,-1
2020010241191,2020,010241191,2,9,0,99,99,9,9,99,99,9,9,99,9,99,9,9,6,6,3,-1,-1,1597,2,4,HONDA HR-V,-1,-1,0,-1
2020010271728,2020,010271728,2,9,0,18,19,1,5,0,0,0,5,4,0,0,4,1,6,6,1,-1,-1,1590,1,19,HONDA HR-V,1,E01004005,0,-1
2020990955414,2020,990955414,3,9,0,18,19,6,2,0,0,2,0,0,0,0,0,1,5,6,2,64,9,1498,1,4,HONDA HR-V,6,-1,0,-1
2020220960682,2020,220960682,1,9,0,13,13,5,1,0,0,8,0,0,0,0,4,1,5,6,2,78,11,1498,1,4,HONDA HR-V,10,E01032300,0,-1
2020400994180,2020,400994180,1,9,0,11,11,6,2,0,0,4,0,0,0,0,2,1,2,2,1,27,6,1597,2,3,HONDA HR-V,8,E01017598,0,-1
2020052000081,2020,052000081,2,9,0,5,5,1,5,0,0,4,1,0,1,9,1,1,6,6,1,62,9,1498,1,3,HONDA HR-V,7,E01006883,0,-1
2020430119212,2020,430119212,1,9,0,4,4,7,3,0,0,0,0,12,0,0,0,1,6,6,1,80,11,1498,1,3,HONDA HR-V,3,E01016353,0,-1
2020546740720,2020,546740720,2,9,0,9,9,2,8,0,0,5,1,0,1,11,3,1,6,6,2,28,6,1498,1,1,HONDA HR-V,8,E01015551,0,-1
2020991000391,2020,991000391,1,9,0,9,9,3,8,0,0,2,0,0,1,0,3,1,3,7,2,47,8,1498,1,4,HONDA HR-V,5,-1,0,-1
2020440494673,2020,440494673,2,9,0,7,7,7,1,0,0,2,0,0,0,0,1,1,6,6,1,67,10,1590,1,18,HONDA HR-V,6,E01023288,0,-1
2020430032239,2020,430032239,3,9,0,9,9,2,6,0,0,1,0,0,0,0,2,1,3,7,2,45,7,1597,2,4,HONDA HR-V,7,E01028424,0,-1
2020991003397,2020,991003397,2,9,0,16,19,8,3,0,0,0,0,0,7,0,1,1,5,6,1,67,10,1498,1,1,HONDA HR-V,-1,-1,0,-1
2020421002597,2020,421002597,2,9,0,18,19,7,3,0,0,0,0,0,0,0,2,1,6,6,2,28,6,1597,2,5,HONDA HR-V,7,E01021531,0,-1
2020010229515,2020,010229515,1,9,0,17,19,5,1,0,0,1,0,10,0,0,1,1,6,6,2,34,6,1498,1,1,HONDA HR-V,5,E01003345,0,-1
202031B122220,2020,31B122220,2,9,0,1,1,6,2,0,0,6,0,0,0,0,0,1,6,6,1,69,10,1597,2,3,HONDA HR-V,6,E01028322,0,-1
2020440305265,2020,440305265,1,9,0,9,9,5,1,0,0,6,0,0,0,0,3,1,6,6,1,87,11,1498,1,0,HONDA HR-V,10,E01023052,0,-1
2020040987579,2020,040987579,1,9,0,6,6,1,7,0,0,0,0,0,0,0,2,1,5,6,2,77,11,1590,1,18,HONDA HR-V,3,E01025143,0,-1
2020552000754,2020,552000754,1,9,0,18,19,6,2,0,0,1,0,0,0,0,1,1,6,6,1,24,5,1590,1,20,HONDA HR-V,4,E01015326,0,-1
2020460934290,2020,460934290,1,9,0,5,5,1,7,0,0,6,0,0,0,0,4,1,6,6,1,37,7,1597,2,4,HONDA HR-V,8,E01025086,0,-1
2020200969290,2020,200969290,1,9,0,9,9,2,8,0,0,6,0,0,0,0,3,1,1,1,2,46,8,1498,1,2,HONDA HR-V,3,E01009232,0,-1
20201372M0642,2020,1372M0642,1,9,0,4,4,5,1,0,0,0,0,0,0,0,2,1,6,6,2,56,9,1597,2,4,HONDA HR-V,5,W01000402,0,-1
2020450958943,2020,450958943,2,9,0,18,19,7,3,0,0,2,0,0,0,0,1,1,1,1,2,68,10,1597,2,4,HONDA HR-V,9,E01030817,0,-1
2020622000623,2020,622000623,1,9,0,18,19,1,6,0,0,0,0,0,0,0,4,1,6,6,1,76,11,1498,1,3,HONDA HR-V,2,W01000811,0,-1
2020052002296,2020,052002296,1,9,0,9,9,2,7,0,0,4,0,0,0,0,1,1,6,6,1,84,11,1498,1,2,HONDA HR-V,2,E01006449,0,-1
2020052100012,2020,052100012,1,9,0,4,4,5,1,0,0,1,0,0,0,0,2,1,2,2,2,73,10,1597,2,5,HONDA HR-V,9,E01018321,0,-1
2020430255098,2020,430255098,1,9,0,18,19,7,2,0,0,4,5,9,3,1,1,1,6,6,2,40,7,1498,1,1,HONDA HR-V,2,E01016835,0,-1
2020220929214,2020,220929214,1,9,0,18,19,3,6,0,0,4,0,0,3,1,1,1,5,6,1,77,11,1498,1,3,HONDA HR-V,9,E01032257,0,-1
2020542551220,2020,542551220,1,9,0,18,19,2,6,0,0,0,0,4,0,0,4,1,6,6,2,32,6,1498,1,2,HONDA HR-V,7,E01029216,0,-1
2020010276372,2020,010276372,1,9,0,99,99,9,9,99,99,0,9,99,9,99,1,9,6,6,2,26,6,1498,1,3,HONDA HR-V,8,E01002106,0,-1
2020460997918,2020,460997918,1,9,0,16,19,6,1,0,0,8,1,10,3,0,1,1,2,2,2,28,6,1498,1,3,HONDA HR-V,9,E01000754,0,-1
2020531003137,2020,531003137,1,9,0,9,9,7,5,0,0,6,0,0,0,0,1,1,5,6,1,73,10,1498,1,5,HONDA HR-V,7,E01022345,0,-1
2020522004030,2020,522004030,2,9,0,18,19,8,4,0,0,8,0,0,0,0,2,1,6,6,1,52,8,1590,1,18,HONDA HR-V,9,E01014748,0,-1
2020332000158,2020,332000158,2,9,0,9,9,4,2,0,0,5,0,0,0,0,1,1,6,6,1,50,8,1597,2,3,HONDA HR-V,10,E01025713,0,-1
2020420965711,2020,420965711,2,9,0,9,9,1,7,0,0,0,0,0,0,0,4,1,6,6,1,26,6,1498,1,5,HONDA HR-V,4,E01021820,0,-1
2020100920932,2020,100920932,1,9,0,1,1,5,1,0,0,0,0,0,7,0,2,1,5,6,2,72,10,1498,1,2,HONDA HR-V,9,E01027535,0,-1
2020010241040,2020,010241040,1,9,0,99,99,9,9,99,99,9,9,99,9,99,3,9,6,6,2,35,6,1597,2,3,HONDA HR-V,2,E01003299,0,-1
2020010260026,2020,010260026,2,9,0,3,3,4,8,0,0,1,0,0,0,0,1,1,6,6,1,31,6,1498,1,2,HONDA HR-V,2,E01001202,0,-1
2020010256737,2020,010256737,1,9,0,2,2,0,0,0,0,0,0,0,0,0,3,1,6,6,3,-1,-1,1498,1,4,HONDA HR-V,-1,-1,0,-1
2020010256045,2020,010256045,1,9,0,7,7,1,4,0,0,1,0,0,0,0,4,1,2,2,1,62,9,1590,1,18,HONDA HR-V,4,E01001503,0,-1
2020010269770,2020,010269770,1,9,0,9,9,2,8,0,0,6,0,0,0,0,4,1,6,6,1,30,6,1597,2,3,HONDA HR-V,10,E01001032,0,-1
2020170H10060,2020,170H10060,1,9,0,18,19,3,7,0,0,0,0,0,0,0,1,1,6,6,1,66,10,1498,1,0,HONDA HR-V,-1,-1,0,-1
2020122000156,2020,122000156,2,9,0,18,19,1,5,0,0,1,0,10,7,4,1,1,6,6,1,40,7,1590,1,18,HONDA HR-V,2,E01013347,0,-1
2020340C01342,2020,340C01342,2,9,0,17,19,6,2,0,0,0,0,0,0,0,1,1,6,6,2,67,10,1498,1,4,HONDA HR-V,10,E01027121,0,-1
2020350996172,2020,350996172,2,2,0,17,19,3,7,0,0,8,0,0,0,0,4,1,6,6,1,41,7,49,1,18,-1,5,E01017997,0,-1
2020010243566,2020,010243566,1,9,0,17,19,7,4,0,0,8,0,0,0,0,1,1,6,6,1,20,4,3342,1,12,-1,-1,-1,0,-1
2020320662667,2020,320662667,6,9,0,18,19,1,5,0,0,0,0,0,0,0,0,1,6,6,1,53,8,3059,2,23,ISUZU TROOPER,1,E01026383,0,-1
2020501002839,2020,501002839,2,9,0,18,19,6,2,0,0,1,0,0,0,0,1,1,6,6,1,40,7,2999,2,20,ISUZU TROOPER,4,E01020070,0,-1
2020440207617,2020,440207617,1,9,0,18,19,4,8,0,0,0,0,0,0,0,1,1,6,6,1,80,11,2999,2,16,ISUZU TROOPER,3,E01017299,0,-1
2020122001046,2020,122001046,2,9,0,5,5,5,1,0,0,6,0,0,0,0,1,1,1,1,1,27,6,3059,2,22,ISUZU TROOPER,6,E01027758,0,-1
2020010252817,2020,010252817,1,9,0,99,99,9,9,99,99,9,9,99,9,99,1,9,6,6,2,48,8,2999,2,17,ISUZU TROOPER,1,E01001080,0,-1
2020990978283,2020,990978283,1,9,4,9,9,1,7,0,0,6,0,0,0,0,0,1,1,1,1,56,9,2999,2,21,ISUZU TROOPER,5,-1,0,-1
2020161001936,2020,161001936,3,9,4,18,19,8,4,0,0,0,0,0,0,0,3,1,5,6,1,30,6,2999,2,17,ISUZU TROOPER,5,E01007558,0,-1
2020440326583,2020,440326583,2,9,0,18,19,8,4,0,0,0,0,0,0,0,1,1,6,6,1,51,8,3165,1,22,ISUZU TROOPER,4,E01016346,0,-1
2020400969581,2020,400969581,2,9,0,2,2,-1,-1,0,0,0,0,0,0,0,3,1,6,6,1,51,8,2999,2,18,ISUZU TROOPER,2,E01019567,0,-1
2020552000999,2020,552000999,1,9,0,18,19,5,1,0,0,0,5,0,0,0,1,1,6,6,2,43,7,2999,2,19,ISUZU TROOPER,7,E01020550,0,-1
2020500946748,2020,500946748,2,9,0,18,19,7,3,0,0,8,0,0,7,0,2,1,1,1,1,34,6,3059,2,22,ISUZU TROOPER,7,E01014007,0,-1
202006G277614,2020,06G277614,1,9,0,18,19,3,7,0,0,1,0,0,0,0,1,1,6,6,3,-1,-1,2999,2,17,ISUZU TROOPER,-1,-1,0,-1
2020220929737,2020,220929737,1,9,0,7,7,5,7,0,0,4,0,0,0,0,3,1,5,6,1,62,9,2999,2,15,ISUZU TROOPER,5,E01014097,0,-1
2020122001189,2020,122001189,1,9,0,9,9,1,5,0,0,0,1,0,0,0,3,1,6,6,1,59,9,2995,1,6,JAGUAR F TYPE,10,E01027730,0,-1
2020421000890,2020,421000890,1,9,0,16,19,1,5,0,0,0,1,0,0,0,1,1,5,6,1,74,10,2995,1,3,JAGUAR F TYPE,7,E01021887,0,-1
2020200938070,2020,200938070,2,9,0,2,2,0,0,0,0,0,0,0,0,0,4,1,6,6,1,53,8,2995,1,7,JAGUAR F TYPE,5,E01009873,0,-1
2020010260724,2020,010260724,1,9,0,9,9,8,5,0,0,1,0,0,0,0,3,1,6,6,1,58,9,2995,1,7,JAGUAR F TYPE,5,E01000520,0,-1
20201378K0897,2020,1378K0897,1,9,0,18,19,4,8,0,0,0,0,0,0,0,1,1,6,6,1,60,9,2995,1,1,JAGUAR F TYPE,7,E01011351,0,-1
2020450947458,2020,450947458,1,9,0,18,19,8,4,0,0,0,2,0,1,9,1,1,6,6,1,50,8,5000,1,3,JAGUAR F TYPE,10,E01030965,0,-1
2020450978437,2020,450978437,2,9,0,13,13,7,3,0,0,0,0,0,0,0,1,1,6,6,1,59,9,2995,1,3,JAGUAR F TYPE,10,E01031695,0,-1
2020010285463,2020,010285463,3,9,0,2,2,0,0,0,0,1,0,0,0,0,3,1,6,6,3,-1,-1,2995,1,3,JAGUAR F TYPE,-1,-1,0,-1
2020350963516,2020,350963516,1,9,0,18,19,1,3,0,0,0,0,0,0,0,1,1,6,6,1,34,6,1997,1,2,JAGUAR F TYPE,6,E01018110,0,-1
20201376C0278,2020,1376C0278,1,9,0,18,19,5,1,0,0,0,0,0,2,11,2,1,6,6,1,51,8,2995,1,1,JAGUAR F TYPE,2,E01011632,0,-1
2020010269902,2020,010269902,1,9,0,18,19,7,3,0,0,8,1,0,0,0,1,1,6,6,1,36,7,5000,1,6,JAGUAR F TYPE,6,E01001387,0,-1
2020522001606,2020,522001606,1,9,0,18,19,5,1,0,0,1,0,0,0,0,1,1,6,6,3,-1,-1,2995,1,3,JAGUAR F TYPE,-1,-1,0,-1
2020420956058,2020,420956058,1,9,0,7,7,1,1,0,0,7,1,0,0,0,1,1,5,6,1,25,5,2995,1,1,JAGUAR F TYPE,-1,-1,0,-1
2020010260138,2020,010260138,1,9,0,18,19,5,1,0,0,2,0,0,0,0,3,1,6,6,1,24,5,2995,1,4,JAGUAR F TYPE,6,E01033457,0,-1
2020030998516,2020,030998516,2,9,0,18,19,7,3,0,0,8,0,0,0,0,0,1,6,6,2,42,7,2995,1,2,JAGUAR F TYPE,3,E01019089,0,-1
2020520101270,2020,520101270,1,9,0,15,15,2,6,0,0,1,0,0,0,0,3,1,6,6,2,26,6,2995,1,7,JAGUAR F TYPE,9,E01029315,0,-1
2020220994002,2020,220994002,2,17,4,17,19,2,7,0,0,0,0,0,0,0,3,1,1,1,1,60,9,6596,2,2,-1,3,E01028891,0,-1
2020421001192,2020,421001192,2,17,4,17,19,1,2,0,0,0,1,0,0,0,3,1,1,1,1,35,6,6596,2,4,-1,7,E01021913,0,-1
2020400973817,2020,400973817,1,17,4,5,5,4,8,0,0,0,5,0,0,0,4,1,1,1,1,45,7,6596,2,1,-1,9,E01017672,0,-1
2020122000843,2020,122000843,3,17,0,4,4,5,1,0,0,1,0,0,0,0,0,1,1,1,3,-1,-1,6596,2,1,-1,-1,-1,0,-1
2020350989746,2020,350989746,1,17,4,16,19,5,1,0,0,0,0,0,0,0,0,1,5,6,1,21,5,6596,2,2,-1,7,E01027031,0,-1
2020160928034,2020,160928034,1,17,0,17,19,8,6,0,0,0,0,0,0,0,3,1,1,1,1,23,5,6596,2,2,-1,8,E01026368,0,-1
2020332000065,2020,332000065,2,17,0,9,9,7,4,0,0,8,0,0,0,0,1,1,1,1,1,19,4,6596,2,1,-1,8,E01025908,0,-1
2020440462629,2020,440462629,1,17,4,18,19,6,2,0,0,0,2,0,1,3,3,1,1,1,1,17,4,6596,2,2,-1,10,E01023229,0,-1
2020122001254,2020,122001254,2,17,4,18,19,1,4,0,0,8,3,0,1,0,1,1,1,1,1,52,8,6596,2,3,-1,8,E01027634,0,-1
2020370951418,2020,370951418,1,9,0,4,4,6,2,0,0,0,0,0,0,0,1,1,1,1,2,47,8,2902,2,17,KIA SEDONA,4,E01029929,0,-1
2020420955666,2020,420955666,1,9,0,9,9,3,7,0,0,4,0,0,0,0,3,1,5,6,1,59,9,2902,2,12,KIA SEDONA,8,E01033142,0,-1
2020420941918,2020,420941918,1,9,0,16,19,3,7,0,0,0,0,0,0,0,1,1,5,6,2,45,7,2902,2,11,KIA SEDONA,5,E01021388,0,-1
2020460948218,2020,460948218,2,9,0,18,19,1,5,0,0,2,1,0,0,0,1,1,5,6,1,51,8,2902,2,14,KIA SEDONA,10,E01024323,0,-1
2020040933917,2020,040933917,2,9,0,18,19,1,5,0,0,0,0,0,0,0,2,1,5,6,2,47,8,2902,2,14,KIA SEDONA,1,E01012603,0,-1
202006G167740,2020,06G167740,2,9,0,9,9,8,6,0,0,8,1,0,0,0,1,1,6,6,1,68,10,2902,2,14,KIA SEDONA,2,E01006011,0,-1
2020432003804,2020,432003804,2,9,0,18,19,4,2,0,0,4,0,0,0,0,1,1,6,6,1,62,9,2902,2,12,KIA SEDONA,6,E01017554,0,-1
2020010234729,2020,010234729,1,9,0,99,99,9,9,99,99,9,9,99,9,99,2,9,6,6,1,52,8,2902,2,12,KIA SEDONA,3,E01003094,0,-1
2020320120252,2020,320120252,2,9,0,2,2,7,3,0,0,0,5,0,8,9,1,1,6,6,1,44,7,2902,2,14,KIA SEDONA,7,E01026106,0,-1
2020010269033,2020,010269033,1,9,0,99,99,9,9,0,0,9,0,0,9,0,1,1,6,6,1,72,10,2902,2,12,KIA SEDONA,2,E01003349,0,-1
2020140982416,2020,140982416,1,9,0,16,19,1,3,0,0,3,0,0,0,0,4,1,1,1,1,52,8,2902,2,16,KIA SEDONA,2,E01007965,0,-1
2020500978610,2020,500978610,1,9,0,18,19,4,8,0,0,1,0,0,0,0,3,1,5,6,1,47,8,2902,2,14,KIA SEDONA,7,E01020071,0,-1
2020320635098,2020,320635098,1,9,0,18,19,8,4,0,0,3,0,0,0,0,3,1,6,6,1,69,10,2902,2,12,KIA SEDONA,6,E01026331,0,-1
2020041005027,2020,041005027,2,9,0,18,19,1,3,0,0,1,0,0,0,0,1,1,3,7,1,33,6,2902,2,13,KIA SEDONA,1,E01012603,0,-1
2020160985115,2020,160985115,2,9,0,18,19,6,2,0,0,0,0,0,0,0,1,1,2,2,2,49,8,2902,2,13,KIA SEDONA,1,E01012782,0,-1
20201372M0642,2020,1372M0642,2,9,0,18,19,5,1,0,0,0,0,0,0,0,1,1,6,6,1,45,7,2902,2,12,KIA SEDONA,3,W01001929,0,-1
2020420928623,2020,420928623,1,9,0,18,19,1,5,0,0,0,0,0,0,0,3,1,5,6,1,74,10,2902,2,15,KIA SEDONA,9,E01022073,0,-1
2020030937882,2020,030937882,2,9,0,18,19,4,8,0,0,0,0,0,0,0,0,1,2,2,1,50,8,2902,2,11,KIA SEDONA,3,E01019161,0,-1
2020010281706,2020,010281706,1,9,0,4,4,7,3,0,0,0,0,0,0,0,2,1,6,6,1,50,8,2902,2,14,KIA SEDONA,3,E01003976,0,-1
2020440090722,2020,440090722,2,9,0,5,5,7,3,0,0,8,0,0,0,0,0,1,6,6,2,61,9,2902,2,14,KIA SEDONA,10,E01022878,0,-1
2020460987179,2020,460987179,1,9,0,18,19,8,4,0,0,7,0,0,0,0,1,1,3,7,2,31,6,2902,2,13,KIA SEDONA,2,E01024374,0,-1
2020410949870,2020,410949870,2,5,0,14,14,5,2,0,0,3,0,0,0,0,4,1,1,1,1,44,7,1050,1,2,-1,10,E01023615,0,-1
2020430077873,2020,430077873,2,5,0,18,19,8,2,0,0,8,0,0,0,0,1,1,6,6,1,60,9,1050,1,2,-1,9,E01023375,0,-1
202006K371566,2020,06K371566,1,4,0,18,19,6,2,0,0,8,1,10,0,0,1,1,6,6,1,35,6,249,1,9,MAKE AND MODEL REDACTED,3,E01004854,0,-1
2020010254986,2020,010254986,1,9,0,11,11,7,3,0,0,1,0,0,0,0,0,1,6,6,1,50,8,1999,2,3,LAND ROVER DISCOVERY,7,E01000895,0,-1
202063C052020,2020,63C052020,1,9,0,9,9,3,1,0,0,5,0,0,0,0,1,1,6,6,1,57,9,2495,2,16,LAND ROVER DISCOVERY,8,E01013990,0,-1
20201374R0824,2020,1374R0824,1,9,0,18,19,2,6,0,0,0,0,0,0,0,1,1,1,1,1,56,9,1999,2,3,LAND ROVER DISCOVERY,7,E01011162,0,-1
2020201001788,2020,201001788,1,9,4,13,13,2,6,0,0,2,0,0,0,0,2,1,1,1,1,42,7,2720,2,14,LAND ROVER DISCOVERY,1,E01009214,0,-1
2020470977589,2020,470977589,2,9,0,18,19,2,6,0,0,1,0,0,0,0,3,1,5,6,1,27,6,2179,2,5,LAND ROVER DISCOVERY,4,E01021076,0,-1
20201376S0837,2020,1376S0837,2,9,0,18,19,4,8,0,0,8,0,0,0,0,4,1,6,6,2,63,9,2487,2,20,LAND ROVER DISCOVERY,7,E01010955,0,-1
2020500963614,2020,500963614,2,9,0,18,19,1,5,0,0,0,0,0,0,0,1,1,5,6,1,37,7,2495,2,22,LAND ROVER DISCOVERY,2,E01020280,0,-1
2020622001072,2020,622001072,1,9,0,18,19,4,8,0,0,8,0,0,0,0,1,1,6,6,1,27,6,2495,2,24,LAND ROVER DISCOVERY,3,W01001278,0,-1
2020432003283,2020,432003283,2,9,0,99,99,9,9,0,0,2,0,0,0,0,4,1,2,2,1,42,7,1999,2,2,LAND ROVER DISCOVERY,5,E01016838,0,-1
2020137C21028,2020,137C21028,1,9,4,18,19,5,1,0,0,0,0,0,0,0,0,1,6,6,1,26,6,2720,2,10,LAND ROVER DISCOVERY,1,E01008055,0,-1
2020010283403,2020,010283403,1,9,0,99,99,9,9,99,99,0,9,99,9,99,2,9,6,6,2,34,6,1999,2,4,LAND ROVER DISCOVERY,3,E01003581,0,-1
2020520100132,2020,520100132,1,9,0,9,9,5,4,0,0,8,0,0,0,0,3,1,6,6,1,57,9,2495,2,18,LAND ROVER DISCOVERY,6,E01029070,0,-1
2020201020415,2020,201020415,1,9,0,18,19,3,7,0,0,8,0,10,1,3,1,1,6,6,1,45,7,2720,2,15,LAND ROVER DISCOVERY,7,E01009793,0,-1
2020430070283,2020,430070283,1,9,0,18,19,5,1,0,0,0,0,0,1,0,1,1,6,6,1,46,8,2495,2,18,LAND ROVER DISCOVERY,10,E01017870,0,-1