collision_index,collision_year,collision_ref_no,vehicle_reference,vehicle_type,towing_and_articulation,vehicle_manoeuvre_historic,vehicle_manoeuvre,vehicle_direction_from,vehicle_direction_to,vehicle_location_restricted_lane_historic,vehicle_location_restricted_lane,junction_location,skidding_and_overturning,hit_object_in_carriageway,vehicle_leaving_carriageway,hit_object_off_carriageway,first_point_of_impact,vehicle_left_hand_drive,journey_purpose_of_driver_historic,journey_purpose_of_driver,sex_of_driver,age_of_driver,age_band_of_driver,engine_capacity_cc,propulsion_code,age_of_vehicle,generic_make_model,driver_imd_decile,lsoa_of_driver,escooter_flag,driver_distance_banding
2020552000986,2020,552000986,2,9,0,17,19,1,6,0,0,0,0,0,0,0,3,1,6,6,1,42,7,2720,2,15,LAND ROVER DISCOVERY,9,E01032035,0,-1
2020302000802,2020,302000802,1,9,0,9,9,7,5,0,0,0,0,0,0,0,3,1,6,6,2,65,9,2993,2,9,LAND ROVER DISCOVERY,9,E01019758,0,-1
2020122001345,2020,122001345,1,9,0,18,19,1,5,0,0,0,2,0,1,0,1,1,1,1,2,44,7,1997,1,2,LAND ROVER DISCOVERY,-1,-1,0,-1
2020221005457,2020,221005457,1,9,0,15,15,4,8,0,0,1,2,10,2,2,4,1,5,6,1,41,7,1999,2,0,LAND ROVER DISCOVERY,4,E01004964,0,-1
2020450992952,2020,450992952,3,9,0,3,3,1,5,0,0,0,0,0,0,0,2,1,5,6,1,31,6,2993,2,6,LAND ROVER DISCOVERY,6,E01030819,0,-1
2020010275429,2020,010275429,2,9,0,99,99,9,9,99,99,9,9,99,9,99,1,9,6,6,3,-1,-1,1999,2,2,LAND ROVER DISCOVERY,4,E01004447,0,-1
2020052000747,2020,052000747,2,9,0,12,12,3,7,0,0,1,0,0,0,0,3,1,3,7,1,35,6,1999,2,1,LAND ROVER DISCOVERY,1,E01006437,0,-1
2020030948510,2020,030948510,1,9,0,18,19,5,1,0,0,0,5,0,0,0,1,1,6,6,1,79,11,2993,2,2,LAND ROVER DISCOVERY,6,E01019130,0,-1
2020320152271,2020,320152271,1,9,0,9,9,8,3,0,0,8,0,0,0,0,4,1,6,6,1,51,8,1999,2,3,LAND ROVER DISCOVERY,8,E01026191,0,-1
2020430203714,2020,430203714,1,9,0,7,7,1,4,0,0,6,0,0,0,0,3,1,6,6,1,25,5,1999,2,4,LAND ROVER DISCOVERY,5,E01001389,0,-1
2020040933020,2020,040933020,1,9,0,5,5,1,5,0,0,4,0,0,0,0,1,1,5,6,2,42,7,2993,2,6,LAND ROVER DISCOVERY,9,E01006365,0,-1
2020070514523,2020,070514523,2,9,0,18,19,3,7,0,0,0,0,0,0,0,1,1,6,6,2,-1,-1,2993,2,3,LAND ROVER DISCOVERY,-1,-1,0,-1
2020400952788,2020,400952788,1,9,0,16,19,1,5,0,0,0,5,0,7,0,1,1,6,6,1,22,5,2495,2,21,LAND ROVER DISCOVERY,7,E01023589,0,-1
20201371M0654,2020,1371M0654,3,9,0,3,3,6,2,0,0,1,0,0,0,0,1,1,6,6,1,62,9,2993,2,3,LAND ROVER DISCOVERY,-1,-1,0,-1
2020440049279,2020,440049279,1,9,0,18,19,3,7,0,0,1,0,0,0,0,2,1,6,6,2,44,7,2993,2,4,LAND ROVER DISCOVERY,7,E01022489,0,-1
2020530960146,2020,530960146,1,9,0,7,7,7,2,0,0,6,0,0,0,0,4,1,5,6,1,71,10,2993,2,5,LAND ROVER DISCOVERY,8,E01022313,0,-1
2020470953735,2020,470953735,1,9,0,7,7,1,3,0,0,2,0,0,0,0,1,1,6,6,1,68,10,1999,2,2,LAND ROVER DISCOVERY,5,E01031611,0,-1
2020552000491,2020,552000491,2,9,0,2,2,0,0,0,0,0,0,0,0,0,4,1,6,6,1,54,8,2993,2,5,LAND ROVER DISCOVERY,8,E01020475,0,-1
2020320117086,2020,320117086,1,9,0,5,5,1,5,0,0,5,0,0,3,0,1,1,6,6,2,53,8,1999,2,2,LAND ROVER DISCOVERY,2,E01026170,0,-1
2020990938134,2020,990938134,2,9,0,17,19,3,7,0,0,0,0,0,0,0,1,1,5,6,2,32,6,1999,2,1,LAND ROVER DISCOVERY,7,-1,0,-1
2020110938008,2020,110938008,1,9,0,5,5,3,4,0,0,2,0,0,0,0,1,1,5,6,2,58,9,2720,2,14,LAND ROVER DISCOVERY,5,E01020890,0,-1
2020500992029,2020,500992029,1,9,0,18,19,1,5,0,0,0,0,0,0,0,1,1,5,6,1,25,5,2495,2,18,LAND ROVER DISCOVERY,6,E01029320,0,-1
2020137540293,2020,137540293,1,9,0,4,4,1,5,0,0,0,0,0,0,0,1,1,6,6,2,53,8,1999,2,3,LAND ROVER DISCOVERY,10,E01010693,0,-1
2020501016131,2020,501016131,1,9,0,18,19,6,2,0,0,0,0,0,0,0,1,1,5,6,1,53,8,1999,2,4,LAND ROVER DISCOVERY,4,E01020321,0,-1
2020552001194,2020,552001194,1,9,0,7,7,5,7,0,0,6,0,0,0,0,1,1,6,6,2,50,8,2993,2,0,LAND ROVER DISCOVERY,8,E01017679,0,-1
2020470995569,2020,470995569,1,9,0,18,19,7,3,0,0,0,0,0,0,0,4,1,5,6,1,87,11,2993,2,2,LAND ROVER DISCOVERY,7,E01021088,0,-1
2020552000242,2020,552000242,1,9,0,18,19,3,7,0,0,0,0,0,0,0,1,1,6,6,2,37,7,1999,2,4,LAND ROVER DISCOVERY,10,E01015315,0,-1
2020420936966,2020,420936966,1,9,0,18,19,2,2,0,0,0,1,0,7,0,1,1,6,6,2,46,8,2487,2,20,LAND ROVER DISCOVERY,8,E01021634,0,-1
2020450972736,2020,450972736,2,9,0,18,19,3,7,0,0,0,0,0,0,0,0,1,1,1,1,33,6,2993,2,5,LAND ROVER DISCOVERY,5,E01030531,0,-1
2020500988018,2020,500988018,2,9,0,5,5,6,2,0,0,0,0,0,0,0,2,1,1,1,2,32,6,2993,2,6,LAND ROVER DISCOVERY,6,E01019903,0,-1
2020370987661,2020,370987661,1,9,0,5,5,4,4,0,0,0,0,0,7,10,1,1,5,6,1,82,11,2495,2,19,LAND ROVER DISCOVERY,5,E01029941,0,-1
2020201013737,2020,201013737,3,9,0,4,4,8,2,0,0,4,0,0,0,0,2,1,1,1,1,56,9,2993,2,4,LAND ROVER DISCOVERY,8,E01009730,0,-1
2020122100092,2020,122100092,1,9,0,3,3,7,3,0,0,0,0,0,0,0,1,1,6,6,1,27,6,2993,2,4,LAND ROVER DISCOVERY,5,E01012991,0,-1
2020471004275,2020,471004275,1,9,0,18,19,1,5,0,0,1,0,0,0,0,1,1,2,2,1,45,7,2993,2,2,LAND ROVER DISCOVERY,9,E01022909,0,-1
2020470925824,2020,470925824,1,9,0,9,9,5,2,0,0,6,0,0,0,0,1,1,6,6,1,-1,-1,2179,2,5,LAND ROVER DISCOVERY,8,E01021086,0,-1
2020440011478,2020,440011478,1,9,0,18,19,4,8,0,0,0,0,0,0,0,3,1,3,7,2,47,8,2720,2,12,LAND ROVER DISCOVERY,8,E01023253,0,-1
2020990962113,2020,990962113,1,9,0,13,13,8,4,0,0,0,0,0,0,0,1,1,6,6,1,41,7,2720,2,15,LAND ROVER DISCOVERY,5,-1,0,-1
2020302000194,2020,302000194,1,9,0,18,19,8,4,0,0,1,0,0,0,0,4,1,6,6,2,50,8,2993,2,3,LAND ROVER DISCOVERY,10,E01019427,0,-1
2020340D02322,2020,340D02322,3,9,0,4,4,7,3,0,0,1,0,0,0,0,0,1,6,6,1,56,9,1999,2,3,LAND ROVER DISCOVERY,6,E01027030,0,-1
2020990990851,2020,990990851,1,9,0,17,19,5,2,0,0,1,0,0,0,0,1,1,5,6,2,35,6,2720,2,15,LAND ROVER DISCOVERY,5,-1,0,-1
2020470995507,2020,470995507,3,9,0,4,4,6,2,0,0,0,0,0,1,0,3,1,1,1,1,28,6,1999,2,4,LAND ROVER DISCOVERY,10,E01031639,0,-1
2020170M11340,2020,170M11340,1,9,0,18,19,5,2,0,0,0,0,0,1,10,1,1,6,6,1,18,4,2179,2,5,LAND ROVER DISCOVERY,1,E01012018,0,-1
2020450964570,2020,450964570,1,9,0,1,1,1,5,0,0,1,0,0,0,0,2,1,5,6,1,93,11,1999,2,5,LAND ROVER DISCOVERY,9,E01030720,0,-1
2020160941657,2020,160941657,3,9,0,18,19,3,7,0,0,0,0,4,0,0,1,1,6,6,1,36,7,2720,2,13,LAND ROVER DISCOVERY,-1,-1,0,-1
2020010260618,2020,010260618,2,9,0,5,5,4,8,0,0,8,0,0,0,0,2,9,6,6,2,51,8,2993,2,6,LAND ROVER DISCOVERY,8,E01004690,0,-1
202006J175253,2020,06J175253,2,9,0,4,4,1,5,0,0,0,0,0,0,0,2,1,6,6,1,32,6,1997,1,0,LAND ROVER DISCOVERY,7,E01005869,0,-1
2020440389408,2020,440389408,1,9,0,18,19,3,7,0,0,1,0,0,0,0,0,1,3,7,2,-1,-1,1999,2,3,LAND ROVER DISCOVERY,10,E01030907,0,-1
2020522100087,2020,522100087,2,9,0,3,3,6,1,0,0,8,0,0,0,0,1,1,6,6,1,52,8,1999,2,1,LAND ROVER DISCOVERY,4,E01014542,0,-1
2020451002285,2020,451002285,1,9,0,5,5,1,5,0,0,4,0,0,0,0,3,1,5,6,2,58,9,1997,1,1,LAND ROVER DISCOVERY,9,E01030309,0,-1
2020440030884,2020,440030884,1,9,0,9,9,6,4,9,9,8,0,0,0,0,1,1,6,6,1,51,8,1999,2,5,LAND ROVER DISCOVERY,10,E01022706,0,-1
2020520100707,2020,520100707,2,9,0,9,9,6,4,0,0,2,0,0,0,0,3,1,6,6,2,71,10,1999,2,3,LAND ROVER DISCOVERY,8,E01029124,0,-1
2020200950820,2020,200950820,2,9,0,18,19,4,8,0,0,8,5,0,0,0,1,1,6,6,2,34,6,1999,2,1,LAND ROVER DISCOVERY,1,E01032889,0,-1
2020420975534,2020,420975534,3,9,0,4,4,3,7,0,0,0,0,0,0,0,2,1,6,6,2,46,8,1999,2,4,LAND ROVER DISCOVERY,9,E01033313,0,-1
2020990993267,2020,990993267,1,9,0,18,19,3,7,0,0,1,0,0,0,0,4,1,5,6,2,68,10,1999,2,3,LAND ROVER DISCOVERY,-1,-1,0,-1
2020360961618,2020,360961618,1,9,0,1,1,7,3,0,0,0,0,0,0,0,1,1,6,6,3,-1,-1,2993,2,11,LAND ROVER DISCOVERY,-1,-1,0,-1
2020440316500,2020,440316500,2,9,0,18,19,1,5,0,0,1,0,0,0,0,1,1,6,6,1,50,8,3998,1,11,LAND ROVER DISCOVERY,9,E01022469,0,-1
2020430297208,2020,430297208,1,9,0,17,19,6,3,0,0,0,5,0,1,4,4,1,6,6,1,56,9,2720,2,13,LAND ROVER DISCOVERY,9,E01027307,0,-1
2020500954722,2020,500954722,1,9,0,10,10,6,3,0,0,6,0,0,0,0,4,1,6,6,1,34,6,2720,2,15,LAND ROVER DISCOVERY,4,E01020287,0,-1
2020520003012,2020,520003012,2,9,0,13,13,3,7,0,0,0,0,0,0,0,3,1,6,6,3,-1,-1,2993,2,11,LAND ROVER DISCOVERY,-1,-1,0,-1
2020052000528,2020,052000528,2,9,0,18,19,1,5,0,0,0,0,0,0,0,2,1,6,6,2,46,8,1999,2,2,LAND ROVER DISCOVERY,10,E01007079,0,-1
2020552000140,2020,552000140,2,9,0,18,19,6,2,0,0,0,0,0,0,0,1,1,6,6,1,26,6,2495,2,18,LAND ROVER DISCOVERY,5,E01020444,0,-1
2020460925385,2020,460925385,1,9,1,1,1,7,3,0,0,0,0,0,0,0,2,1,6,6,2,-1,-1,2720,2,14,LAND ROVER DISCOVERY,8,E01024652,0,-1
2020522100405,2020,522100405,1,9,0,9,9,1,7,0,0,8,0,0,0,0,1,1,6,6,1,39,7,2993,2,10,LAND ROVER DISCOVERY,10,E01032045,0,-1
2020201006201,2020,201006201,2,9,0,7,7,8,2,0,0,6,0,0,0,0,3,1,6,6,3,48,8,1999,2,4,LAND ROVER DISCOVERY,1,E01010295,0,-1
2020400927458,2020,400927458,2,9,0,17,19,1,5,0,0,8,0,0,0,0,1,1,6,6,2,38,7,1999,2,4,LAND ROVER DISCOVERY,4,E01015810,0,-1
2020010274924,2020,010274924,2,9,0,99,99,9,9,99,99,9,9,99,9,99,1,9,6,6,3,-1,-1,1999,2,3,LAND ROVER DISCOVERY,-1,-1,0,-1
2020370960128,2020,370960128,1,9,0,16,19,1,5,0,0,0,0,0,0,0,2,1,5,6,2,51,8,2993,2,6,LAND ROVER DISCOVERY,6,E01030150,0,-1
2020430380351,2020,430380351,2,9,0,18,19,7,3,0,0,0,0,0,0,0,1,1,6,6,1,-1,-1,2720,2,12,LAND ROVER DISCOVERY,-1,-1,0,-1
2020411016307,2020,411016307,1,9,0,3,3,6,1,0,0,1,0,0,0,0,2,1,5,6,1,50,8,1997,1,2,LAND ROVER DISCOVERY,8,E01023548,0,-1
2020420960988,2020,420960988,1,9,0,5,5,5,3,0,0,8,0,0,0,0,1,1,5,6,2,31,6,2993,2,11,LAND ROVER DISCOVERY,5,E01021901,0,-1
2020410972245,2020,410972245,2,9,0,18,19,3,7,0,0,1,0,0,0,0,3,1,5,6,1,47,8,2179,2,5,LAND ROVER DISCOVERY,10,E01023959,0,-1
202031A117320,2020,31A117320,1,9,0,9,9,2,1,0,0,8,0,0,0,0,1,1,6,6,1,24,5,2620,2,15,LAND ROVER DISCOVERY,4,E01019813,0,-1
2020302000648,2020,302000648,1,9,0,18,19,6,1,0,0,0,5,0,7,9,1,1,6,6,1,66,10,1999,2,1,LAND ROVER DISCOVERY,9,E01019591,0,-1
2020420961925,2020,420961925,1,9,0,5,5,5,5,0,0,0,0,0,0,0,1,1,5,6,2,37,7,2179,2,5,LAND ROVER DISCOVERY,-1,-1,0,-1
2020010279143,2020,010279143,1,9,0,18,19,1,5,0,0,1,0,0,0,0,2,2,3,7,2,36,7,2179,2,5,LAND ROVER DISCOVERY,6,E01003469,0,-1
2020070664182,2020,070664182,2,9,0,18,19,2,6,0,0,8,0,0,0,0,4,1,6,6,1,35,6,2720,2,12,LAND ROVER DISCOVERY,2,E01006262,0,-1
202063A063420,2020,63A063420,1,9,0,18,19,5,1,0,0,2,0,0,1,10,4,1,2,2,1,48,8,2993,2,6,LAND ROVER DISCOVERY,6,W01000700,0,-1
2020440124541,2020,440124541,2,9,0,18,19,8,4,0,0,0,0,0,1,0,3,1,2,2,2,53,8,2179,2,5,LAND ROVER DISCOVERY,8,E01023016,0,-1
2020430239380,2020,430239380,2,9,0,17,19,4,1,0,0,2,0,0,0,0,3,1,6,6,2,53,8,2179,2,5,LAND ROVER DISCOVERY,-1,-1,0,-1
2020231008880,2020,231008880,1,9,0,17,19,5,2,0,0,0,0,0,0,0,3,1,2,2,1,65,9,2993,2,7,LAND ROVER DISCOVERY,8,E01031245,0,-1
2020070050146,2020,070050146,1,9,0,18,19,3,6,0,0,1,0,0,0,0,1,1,6,6,2,44,7,1999,2,3,LAND ROVER DISCOVERY,10,E01018702,0,-1
2020052100339,2020,052100339,8,9,-1,18,19,1,5,0,0,0,0,0,0,0,1,9,6,6,1,63,9,1999,2,2,LAND ROVER DISCOVERY,7,E01007002,0,-1
2020200992499,2020,200992499,3,9,0,3,3,1,5,0,0,0,0,0,0,0,2,1,6,6,1,52,8,1999,2,1,LAND ROVER DISCOVERY,8,E01010134,0,-1
202006N272281,2020,06N272281,1,9,0,18,19,5,1,0,0,0,0,0,0,0,1,1,6,6,2,52,8,2495,2,17,LAND ROVER DISCOVERY,4,E01004978,0,-1
2020010250007,2020,010250007,2,9,0,18,19,3,7,0,0,4,0,0,0,0,4,1,6,6,1,36,7,2993,2,11,LAND ROVER DISCOVERY,7,E01008797,0,-1
2020450927668,2020,450927668,3,9,0,10,10,1,5,0,0,1,0,0,0,0,2,1,5,6,1,74,10,1999,2,4,LAND ROVER DISCOVERY,10,E01030894,0,-1
2020420949805,2020,420949805,2,9,0,3,3,2,6,0,0,8,0,0,0,0,2,1,5,6,2,58,9,1999,2,5,LAND ROVER DISCOVERY,6,E01021464,0,-1
2020010255985,2020,010255985,1,9,0,2,2,0,0,6,6,0,0,0,0,0,2,1,6,6,3,-1,-1,1997,1,3,LAND ROVER DISCOVERY,-1,-1,0,-1
2020320402383,2020,320402383,1,9,0,18,19,7,3,0,0,2,0,0,0,0,1,1,6,6,1,77,11,2495,2,19,LAND ROVER DISCOVERY,3,E01026059,0,-1
2020370958191,2020,370958191,2,9,0,9,9,-1,-1,0,0,0,0,0,0,0,2,1,5,6,2,47,8,2993,2,7,LAND ROVER DISCOVERY,7,E01030082,0,-1
2020500989012,2020,500989012,2,9,0,18,19,5,2,0,0,0,0,10,7,0,1,1,5,6,1,84,11,1999,2,1,LAND ROVER DISCOVERY,4,E01020087,0,-1
2020122001326,2020,122001326,1,9,0,18,19,5,6,0,0,0,0,0,7,11,1,1,6,6,1,47,8,2993,2,5,LAND ROVER DISCOVERY,7,E01013406,0,-1
2020201003356,2020,201003356,1,9,0,18,19,2,6,0,0,0,0,0,0,0,1,1,1,1,1,58,9,1999,2,1,LAND ROVER DISCOVERY,9,E01010346,0,-1
2020201005199,2020,201005199,1,9,0,7,7,6,8,0,0,6,0,0,0,0,3,1,6,6,2,54,8,2720,2,15,LAND ROVER DISCOVERY,3,E01009971,0,-1
2020101004196,2020,101004196,2,9,0,18,19,1,5,0,0,1,0,0,0,0,1,1,5,6,1,58,9,2993,2,7,LAND ROVER DISCOVERY,-1,-1,0,-1
2020460947595,2020,460947595,1,9,0,15,15,3,7,0,0,1,0,0,0,0,3,1,5,6,1,72,10,1999,2,4,LAND ROVER DISCOVERY,8,E01024053,0,-1
2020110972897,2020,110972897,2,9,0,7,7,5,1,0,0,0,0,0,1,0,2,1,6,6,2,36,7,2720,2,15,LAND ROVER DISCOVERY,4,E01020696,0,-1
2020451003904,2020,451003904,1,9,0,7,7,3,1,0,0,6,0,0,1,0,1,1,3,7,2,33,6,2993,2,0,LAND ROVER DISCOVERY,9,E01030488,0,-1
2020070404288,2020,070404288,1,9,0,5,5,3,7,0,0,1,0,0,0,0,1,1,6,6,1,58,9,2720,2,14,LAND ROVER DISCOVERY,10,E01018659,0,-1
2020220965732,2020,220965732,2,9,0,18,19,2,6,0,0,0,5,0,0,0,3,1,6,6,1,36,7,2720,2,16,LAND ROVER DISCOVERY,6,E01028885,0,-1
202063A069720,2020,63A069720,1,9,5,17,19,2,8,0,0,1,0,0,0,0,4,1,6,6,1,79,11,2495,2,16,LAND ROVER DISCOVERY,8,W01000503,0,-1
2020460991426,2020,460991426,1,9,0,10,10,5,3,0,0,6,0,0,0,0,3,1,6,6,1,48,8,2179,2,5,LAND ROVER DISCOVERY,9,E01024835,0,-1
2020470924408,2020,470924408,2,9,0,18,19,5,1,0,0,2,0,0,0,0,3,1,2,2,1,59,9,2495,2,21,LAND ROVER DISCOVERY,7,E01021220,0,-1
2020430173405,2020,430173405,1,9,0,5,5,1,5,0,0,4,0,0,0,0,4,1,6,6,1,64,9,2720,2,14,LAND ROVER DISCOVERY,9,E01028802,0,-1
2020100980097,2020,100980097,2,9,0,16,19,1,5,0,0,0,0,0,1,0,3,1,2,2,2,42,7,1999,2,3,LAND ROVER DISCOVERY,-1,-1,0,-1
2020210932616,2020,210932616,2,9,0,18,19,5,1,0,0,1,0,0,0,0,2,1,6,6,1,31,6,2179,2,5,LAND ROVER DISCOVERY,6,E01014264,0,-1
2020052002253,2020,052002253,1,9,0,9,9,1,5,0,0,8,0,0,0,0,1,1,2,2,1,27,6,2495,2,18,LAND ROVER DISCOVERY,5,E01006665,0,-1
2020200977048,2020,200977048,2,9,0,18,19,8,4,0,0,8,0,10,1,2,3,1,6,6,2,40,7,1999,2,4,LAND ROVER DISCOVERY,3,E01009302,0,-1
202006N267059,2020,06N267059,2,9,0,4,4,1,5,0,0,2,0,0,0,0,2,1,6,6,2,48,8,2720,2,13,LAND ROVER DISCOVERY,3,E01005160,0,-1
202006J375618,2020,06J375618,2,9,0,9,9,7,5,0,0,8,0,0,0,0,3,1,6,6,1,51,8,3950,1,20,LAND ROVER DISCOVERY,10,E01005809,0,-1
2020100953225,2020,100953225,2,9,0,10,10,5,1,0,0,0,0,0,0,0,2,1,5,6,1,41,7,2993,2,2,LAND ROVER DISCOVERY,-1,-1,0,-1
2020070616908,2020,070616908,1,9,0,5,5,7,3,0,0,0,0,0,0,0,4,1,3,7,2,44,7,2993,2,0,LAND ROVER DISCOVERY,9,E01012518,0,-1
2020421004401,2020,421004401,2,9,0,2,2,8,4,6,6,0,0,0,0,0,3,1,1,1,1,59,9,2993,2,1,LAND ROVER DISCOVERY,9,E01018173,0,-1
2020010275806,2020,010275806,2,9,0,9,9,3,1,0,0,6,0,0,0,0,0,1,6,6,2,40,7,2993,2,3,LAND ROVER DISCOVERY,10,E01002196,0,-1
2020530924244,2020,530924244,1,9,4,16,19,5,8,0,0,0,4,0,1,9,3,1,6,6,2,44,7,2993,2,6,LAND ROVER DISCOVERY,8,E01022384,0,-1
2020410972932,2020,410972932,1,9,0,16,19,7,3,0,0,0,0,0,0,0,1,1,5,6,1,19,4,2720,2,16,LAND ROVER DISCOVERY,7,E01021173,0,-1
2020100928474,2020,100928474,1,9,0,18,19,3,7,5,5,0,5,0,0,0,1,1,5,6,1,29,6,2495,2,20,LAND ROVER DISCOVERY,1,E01008380,0,-1
2020010254116,2020,010254116,2,9,0,99,99,9,9,99,99,0,9,99,9,99,0,9,6,6,3,-1,-1,1999,2,3,LAND ROVER DISCOVERY,-1,-1,0,-1
2020500975700,2020,500975700,1,9,0,4,4,7,3,0,0,1,0,0,0,0,2,1,5,6,1,35,6,1999,2,4,LAND ROVER DISCOVERY,5,E01011078,0,-1
2020220966437,2020,220966437,2,9,0,17,19,7,5,0,0,8,0,0,0,0,1,1,5,6,1,23,5,2495,2,23,LAND ROVER DISCOVERY,3,E01009883,0,-1
202031B068120,2020,31B068120,2,9,0,18,19,7,3,0,0,0,0,0,0,0,4,1,6,6,2,60,9,2993,2,2,LAND ROVER DISCOVERY,10,E01013539,0,-1
2020010255648,2020,010255648,1,9,0,18,19,5,1,0,0,0,0,0,0,0,4,1,6,6,2,36,7,2993,2,5,LAND ROVER DISCOVERY,2,E01004467,0,-1
2020010248095,2020,010248095,1,9,0,3,3,3,7,0,0,1,0,0,0,0,2,1,6,6,1,35,6,2179,2,5,LAND ROVER DISCOVERY,2,E01000104,0,-1
2020420971493,2020,420971493,2,9,0,4,4,6,2,0,0,0,0,0,0,0,2,1,6,6,1,74,10,1999,2,3,LAND ROVER DISCOVERY,10,E01023449,0,-1
2020370940600,2020,370940600,2,9,0,1,1,5,1,0,0,0,0,0,0,0,2,1,5,6,2,55,8,2993,2,11,LAND ROVER DISCOVERY,7,E01029885,0,-1
2020360944261,2020,360944261,1,9,0,18,19,5,1,0,0,0,0,0,0,0,1,1,5,6,1,18,4,1999,2,3,LAND ROVER DISCOVERY,6,E01026498,0,-1
2020410992114,2020,410992114,1,9,0,18,19,7,2,0,0,4,0,0,0,0,2,1,6,6,1,25,5,2720,2,15,LAND ROVER DISCOVERY,6,E01030100,0,-1
2020360959881,2020,360959881,2,9,0,18,19,-1,-1,0,0,1,0,0,0,0,1,1,2,2,1,69,10,2720,2,12,LAND ROVER DISCOVERY,5,E01026873,0,-1
2020201012776,2020,201012776,3,9,0,4,4,3,7,0,0,0,0,0,0,0,2,1,6,6,1,45,7,2993,2,1,LAND ROVER DISCOVERY,6,E01018373,0,-1
2020010250736,2020,010250736,1,9,0,18,19,5,1,0,0,0,0,0,0,0,4,1,6,6,1,62,9,1999,2,2,LAND ROVER DISCOVERY,8,E01007524,0,-1
2020430434317,2020,430434317,1,9,0,18,19,8,4,0,0,6,0,0,0,0,3,1,6,6,2,79,11,2495,2,24,LAND ROVER DISCOVERY,10,E01016657,0,-1
2020530939376,2020,530939376,1,9,0,3,3,3,7,0,0,0,0,0,0,0,1,1,6,6,1,23,5,2720,2,12,LAND ROVER DISCOVERY,5,E01020865,0,-1
2020461000104,2020,461000104,2,9,0,18,19,1,5,0,0,1,0,0,0,0,1,1,6,6,1,54,8,2720,2,15,LAND ROVER DISCOVERY,3,E01024684,0,-1
2020401010510,2020,401010510,1,9,0,18,19,8,4,0,0,0,0,0,0,0,4,1,6,6,1,47,8,2720,2,12,LAND ROVER DISCOVERY,8,E01017504,0,-1
2020010278079,2020,010278079,1,9,0,9,9,7,4,0,0,1,0,0,0,0,1,1,2,2,2,45,7,1999,2,2,LAND ROVER DISCOVERY,3,E01004217,0,-1
2020122000473,2020,122000473,2,9,0,16,19,8,4,0,0,0,5,0,7,9,3,1,6,6,2,38,7,1999,2,3,LAND ROVER DISCOVERY,6,E01027570,0,-1
2020010260302,2020,010260302,1,9,0,99,99,9,9,99,99,9,9,99,9,99,2,9,6,6,1,42,7,1999,2,1,LAND ROVER DISCOVERY,7,E01000704,0,-1
202031A116420,2020,31A116420,1,9,0,18,19,5,1,0,0,1,0,0,0,0,1,1,6,6,1,60,9,2179,2,5,LAND ROVER DISCOVERY,3,E01028257,0,-1
202031B098420,2020,31B098420,1,9,0,18,19,5,1,0,0,8,0,0,0,0,1,1,6,6,1,69,10,1999,2,3,LAND ROVER DISCOVERY,7,E01028004,0,-1
20201371G0880,2020,1371G0880,1,9,0,18,19,1,5,0,0,6,0,0,0,0,1,1,6,6,1,41,7,1999,2,5,LAND ROVER DISCOVERY,7,E01011578,0,-1
2020530918250,2020,530918250,2,9,0,15,15,2,5,0,0,0,0,0,0,0,3,1,5,6,1,40,7,2720,2,11,LAND ROVER DISCOVERY,9,E01022143,0,-1
2020220974995,2020,220974995,2,9,0,18,19,1,5,0,0,8,0,0,0,0,3,1,5,6,1,35,6,1999,2,0,LAND ROVER DISCOVERY,10,E01032149,0,-1
2020552000529,2020,552000529,2,9,0,18,19,5,1,0,0,1,0,0,0,0,1,1,6,6,2,64,9,1999,2,4,LAND ROVER DISCOVERY,9,E01020497,0,-1
2020522003839,2020,522003839,1,9,0,18,19,5,1,0,0,1,0,0,0,0,1,1,6,6,1,33,6,2495,2,20,LAND ROVER DISCOVERY,5,E01014983,0,-1
2020210952457,2020,210952457,1,9,0,18,19,3,7,0,0,1,0,0,0,0,1,1,3,7,2,47,8,2179,2,5,LAND ROVER DISCOVERY,6,E01014264,0,-1
2020140979253,2020,140979253,1,9,0,3,3,3,7,0,0,0,0,0,0,0,2,1,5,6,1,40,7,2993,2,9,LAND ROVER DISCOVERY,3,E01007673,0,-1
2020010269303,2020,010269303,1,9,0,18,19,1,5,0,0,1,0,0,0,0,1,1,2,2,1,78,11,2993,2,4,LAND ROVER DISCOVERY,9,E01024159,0,-1
2020360987363,2020,360987363,1,9,0,18,19,1,5,0,0,0,0,0,0,0,0,1,6,6,2,51,8,1999,2,4,LAND ROVER DISCOVERY,10,E01026852,0,-1
2020230944015,2020,230944015,1,9,0,18,19,4,8,0,0,0,0,0,7,4,3,1,5,6,1,76,11,2993,2,7,LAND ROVER DISCOVERY,8,E01026993,0,-1