collision_index,collision_year,collision_ref_no,vehicle_reference,vehicle_type,towing_and_articulation,vehicle_manoeuvre_historic,vehicle_manoeuvre,vehicle_direction_from,vehicle_direction_to,vehicle_location_restricted_lane_historic,vehicle_location_restricted_lane,junction_location,skidding_and_overturning,hit_object_in_carriageway,vehicle_leaving_carriageway,hit_object_off_carriageway,first_point_of_impact,vehicle_left_hand_drive,journey_purpose_of_driver_historic,journey_purpose_of_driver,sex_of_driver,age_of_driver,age_band_of_driver,engine_capacity_cc,propulsion_code,age_of_vehicle,generic_make_model,driver_imd_decile,lsoa_of_driver,escooter_flag,driver_distance_banding
2020460934393,2020,460934393,2,9,0,18,19,4,6,0,0,1,0,0,0,0,1,1,5,6,1,26,6,2720,2,15,LAND ROVER DISCOVERY,4,E01024487,0,-1
2020990963043,2020,990963043,4,9,4,17,19,6,2,0,0,0,0,0,0,0,1,1,6,6,1,68,10,1999,2,4,LAND ROVER DISCOVERY,6,-1,0,-1
2020420959951,2020,420959951,1,9,0,16,19,2,7,0,0,8,1,0,0,0,1,1,5,6,1,45,7,2993,2,2,LAND ROVER DISCOVERY,10,E01021616,0,-1
2020360996263,2020,360996263,1,9,0,18,19,5,7,0,0,0,0,0,0,0,3,1,1,1,1,24,5,2993,2,5,LAND ROVER DISCOVERY,6,E01026896,0,-1
2020460963155,2020,460963155,1,9,0,17,19,3,7,9,9,0,0,0,0,0,1,1,6,6,1,17,4,2495,2,20,LAND ROVER DISCOVERY,2,E01023990,0,-1
2020430401187,2020,430401187,2,9,0,18,19,2,6,0,0,0,0,0,0,0,1,1,1,1,1,46,8,2720,2,14,LAND ROVER DISCOVERY,3,E01015731,0,-1
2020410972284,2020,410972284,1,9,0,18,19,8,4,0,0,1,0,0,0,0,1,1,5,6,1,60,9,2495,2,21,LAND ROVER DISCOVERY,10,E01023408,0,-1
2020410989924,2020,410989924,2,9,4,18,19,8,4,0,0,0,0,0,0,0,4,1,6,6,2,51,8,2720,2,13,LAND ROVER DISCOVERY,4,E01023805,0,-1
2020360922848,2020,360922848,1,9,0,18,19,2,6,0,0,0,0,0,0,0,4,1,5,6,1,42,7,1999,2,3,LAND ROVER DISCOVERY,10,E01026882,0,-1
2020500922435,2020,500922435,2,9,0,18,19,3,7,0,0,0,0,0,0,0,1,1,5,6,1,43,7,2993,2,3,LAND ROVER DISCOVERY,6,E01022657,0,-1
2020070530651,2020,070530651,3,9,0,2,2,0,0,0,0,2,0,0,0,0,3,1,6,6,3,-1,-1,1999,2,2,LAND ROVER DISCOVERY,-1,-1,0,-1
2020302000403,2020,302000403,1,9,4,18,19,4,8,0,0,0,4,0,4,6,1,1,1,1,1,51,8,2495,2,17,LAND ROVER DISCOVERY,7,E01019701,0,-1
2020160946035,2020,160946035,2,9,0,9,9,7,3,0,0,1,0,0,0,0,1,1,6,6,2,22,5,2720,2,13,LAND ROVER DISCOVERY,1,E01033110,0,-1
2020010284224,2020,010284224,2,9,0,99,99,9,9,99,99,9,9,99,9,99,1,9,6,6,3,-1,-1,1999,2,3,LAND ROVER DISCOVERY,4,E01002549,0,-1
2020140992738,2020,140992738,1,9,0,18,19,5,1,0,0,0,0,0,0,0,1,1,5,6,1,28,6,2993,2,6,LAND ROVER DISCOVERY,-1,-1,0,-1
2020470998237,2020,470998237,2,9,0,9,9,5,7,0,0,1,0,0,7,0,2,1,3,7,1,61,9,2993,2,9,LAND ROVER DISCOVERY,5,E01031611,0,-1
2020010231122,2020,010231122,1,9,0,18,19,1,5,0,0,1,0,0,0,0,1,1,6,6,1,39,7,2993,2,6,LAND ROVER DISCOVERY,3,E01000089,0,-1
2020122000506,2020,122000506,1,9,0,1,1,1,5,0,0,0,0,0,0,0,2,1,6,6,1,41,7,2993,2,3,LAND ROVER DISCOVERY,6,E01027600,0,-1
202031A011520,2020,31A011520,1,9,0,18,19,6,2,0,0,6,0,0,0,0,0,1,6,6,3,-1,-1,2993,2,6,LAND ROVER DISCOVERY,-1,-1,0,-1
2020460931722,2020,460931722,2,9,0,3,3,4,8,0,0,0,0,0,0,0,2,1,6,6,2,42,7,2993,2,8,LAND ROVER DISCOVERY,8,E01024723,0,-1
2020450955671,2020,450955671,2,9,0,2,2,0,0,0,0,0,0,0,0,0,1,1,5,6,1,33,6,1999,2,3,LAND ROVER DISCOVERY,9,E01030315,0,-1
2020052001687,2020,052001687,1,9,0,18,19,5,1,0,0,0,1,0,5,6,1,1,6,6,2,36,7,2495,2,16,LAND ROVER DISCOVERY,9,-1,0,-1
2020990998888,2020,990998888,1,9,0,18,19,4,8,0,0,0,0,0,0,0,1,1,6,6,1,37,7,1999,2,2,LAND ROVER DISCOVERY,3,-1,0,-1
2020220945086,2020,220945086,1,9,0,18,19,7,3,0,0,2,0,11,0,0,1,1,5,6,1,57,9,2993,2,1,LAND ROVER DISCOVERY,7,W01000475,0,-1
2020332000241,2020,332000241,1,9,0,18,19,5,7,0,0,8,0,0,0,0,1,1,1,1,1,27,6,2495,2,17,LAND ROVER DISCOVERY,8,E01025770,0,-1
2020052001848,2020,052001848,2,9,0,2,2,0,0,0,0,8,0,0,0,0,3,1,6,6,2,40,7,2993,2,10,LAND ROVER DISCOVERY,1,E01006767,0,-1
2020010282711,2020,010282711,1,9,0,7,7,8,3,0,0,5,0,0,0,0,4,1,6,6,2,46,8,2993,2,6,LAND ROVER DISCOVERY,8,E01002581,0,-1
2020501013830,2020,501013830,1,9,0,18,19,8,4,0,0,1,2,0,0,0,1,1,6,6,1,31,6,2495,2,21,LAND ROVER DISCOVERY,3,E01020286,0,-1
2020070541285,2020,070541285,1,9,0,18,19,1,5,0,0,0,2,0,7,1,1,1,2,2,1,20,4,2495,2,19,LAND ROVER DISCOVERY,10,E01018397,0,-1
2020440016936,2020,440016936,2,9,0,18,19,7,3,0,0,0,0,0,0,0,1,1,6,6,1,70,10,2495,2,20,LAND ROVER DISCOVERY,8,E01022623,0,-1
2020991004414,2020,991004414,2,9,0,2,2,0,0,0,0,0,0,0,0,0,3,1,6,6,3,-1,-1,2993,2,1,LAND ROVER DISCOVERY,-1,-1,0,-1
2020031003040,2020,031003040,1,9,5,15,15,3,7,0,0,5,0,0,0,0,4,1,1,1,1,49,8,2993,2,8,LAND ROVER DISCOVERY,5,E01027384,0,-1
2020470967348,2020,470967348,1,9,0,18,19,7,3,0,0,0,0,0,0,0,3,1,5,6,2,57,9,2179,2,5,LAND ROVER DISCOVERY,8,E01021170,0,-1
2020451009875,2020,451009875,1,9,0,3,3,5,1,0,0,0,0,0,0,0,1,1,5,6,2,37,7,1999,2,2,LAND ROVER DISCOVERY,10,E01030837,0,-1
2020210943125,2020,210943125,1,9,0,3,3,2,6,0,0,0,0,0,0,0,1,1,6,6,1,32,6,2495,2,20,LAND ROVER DISCOVERY,1,E01014368,0,-1
2020410957406,2020,410957406,1,9,0,18,19,7,3,0,0,0,0,0,0,0,1,1,5,6,1,59,9,2993,2,4,LAND ROVER DISCOVERY,8,E01022754,0,-1
2020990922793,2020,990922793,3,9,0,2,2,6,2,0,0,0,0,0,0,0,1,1,5,6,1,37,7,2993,2,1,LAND ROVER DISCOVERY,5,-1,0,-1
2020200944146,2020,200944146,1,9,0,18,19,-1,-1,9,9,0,0,0,0,0,1,1,6,6,3,-1,-1,2993,2,5,LAND ROVER DISCOVERY,-1,-1,0,-1
2020440173471,2020,440173471,3,9,0,4,4,6,2,0,0,0,0,0,0,0,1,1,6,6,1,20,4,2495,2,20,LAND ROVER DISCOVERY,7,E01023185,0,-1
202031B052720,2020,31B052720,1,9,0,9,9,7,6,0,0,6,0,0,0,0,3,1,6,6,2,51,8,2993,2,4,LAND ROVER DISCOVERY,8,E01011116,0,-1
2020350976134,2020,350976134,1,9,0,9,9,6,2,5,5,0,0,0,0,0,1,1,5,6,1,38,7,1999,2,0,LAND ROVER DISCOVERY,7,E01011614,0,-1
2020140943514,2020,140943514,1,9,0,17,19,2,6,0,0,0,5,0,7,0,3,1,6,6,1,27,6,2495,2,19,LAND ROVER DISCOVERY,5,E01007751,0,-1
2020302001561,2020,302001561,2,9,0,9,9,6,4,0,0,6,0,0,0,0,1,1,6,6,2,26,6,2495,2,19,LAND ROVER DISCOVERY,9,E01019737,0,-1
2020230989150,2020,230989150,1,9,0,10,10,4,2,0,0,1,0,0,0,0,2,1,5,6,2,28,6,1999,2,0,LAND ROVER DISCOVERY,9,E01031147,0,-1
2020010244426,2020,010244426,2,9,0,1,1,1,3,0,0,8,0,0,0,0,2,1,6,6,3,-1,-1,2993,2,8,LAND ROVER DISCOVERY,-1,-1,0,-1
2020542618720,2020,542618720,1,9,0,18,19,6,2,0,0,1,0,0,0,0,1,1,6,6,2,50,8,1999,2,3,LAND ROVER DISCOVERY,9,E01032026,0,-1
202031C114620,2020,31C114620,2,9,0,3,3,7,3,0,0,2,0,0,0,0,2,1,6,6,1,55,8,2495,2,22,LAND ROVER DISCOVERY,9,E01028196,0,-1
2020547420120,2020,547420120,2,9,0,18,19,6,2,0,0,0,0,0,0,0,1,1,6,6,2,54,8,2720,2,14,LAND ROVER DISCOVERY,6,E01022176,0,-1
2020010232466,2020,010232466,1,9,0,9,9,5,2,0,0,8,0,0,0,0,4,1,3,7,2,46,8,2993,2,7,LAND ROVER DISCOVERY,6,E01002861,0,-1
2020520101028,2020,520101028,1,9,0,1,1,5,1,0,0,0,0,0,0,0,2,1,6,6,1,69,10,2720,2,11,LAND ROVER DISCOVERY,9,E01029184,0,-1
2020110962004,2020,110962004,1,9,0,18,19,3,7,0,0,2,0,0,0,0,4,1,5,6,1,54,8,1999,2,2,LAND ROVER DISCOVERY,1,E01020639,0,-1
2020470936217,2020,470936217,2,9,0,18,19,5,1,0,0,0,0,0,1,9,3,1,5,6,2,51,8,1999,2,3,LAND ROVER DISCOVERY,6,E01031770,0,-1
2020160997544,2020,160997544,2,9,0,1,1,1,5,0,0,2,0,0,0,0,2,1,3,7,2,-1,-1,2993,2,0,LAND ROVER DISCOVERY,-1,-1,0,-1
2020500953159,2020,500953159,2,9,0,18,19,6,3,0,0,1,1,0,0,0,1,1,2,2,1,23,5,2495,2,16,LAND ROVER DISCOVERY,7,E01018883,0,-1
2020031040181,2020,031040181,1,9,0,17,19,8,3,0,0,0,0,0,0,0,1,1,5,6,1,54,8,2495,2,18,LAND ROVER DISCOVERY,5,E01019310,0,-1
2020400997446,2020,400997446,1,9,0,18,19,5,1,0,0,1,0,0,0,0,1,1,1,1,1,57,9,1999,2,5,LAND ROVER DISCOVERY,10,E01017460,0,-1
2020471001948,2020,471001948,2,9,0,16,19,5,8,0,0,0,0,0,1,0,1,1,2,2,1,57,9,2720,2,13,LAND ROVER DISCOVERY,6,E01030827,0,-1
2020221011558,2020,221011558,1,9,0,3,3,6,2,0,0,1,0,0,0,0,2,1,1,1,1,30,6,1999,2,3,LAND ROVER DISCOVERY,8,E01028981,0,-1
2020140984491,2020,140984491,2,9,0,18,19,5,1,0,0,0,0,0,0,0,2,1,5,6,1,25,5,1999,2,4,LAND ROVER DISCOVERY,9,E01012232,0,-1
2020220981474,2020,220981474,1,9,0,9,9,8,5,0,0,8,0,0,0,0,4,1,5,6,2,59,9,1997,1,1,LAND ROVER DISCOVERY,7,E01014202,0,-1
2020110980437,2020,110980437,2,9,0,18,19,3,7,0,0,1,1,0,7,0,2,1,5,6,2,27,6,1999,2,1,LAND ROVER DISCOVERY,8,E01011889,0,-1
2020610007720,2020,610007720,1,9,0,3,3,7,3,0,0,1,0,0,0,0,2,1,2,2,2,42,7,2495,2,19,LAND ROVER DISCOVERY,5,W01001391,0,-1
202063A015820,2020,63A015820,1,2,0,14,14,8,4,0,0,0,0,0,0,0,1,1,6,6,1,16,4,48,1,2,-1,5,W01001925,0,-1
2020351001816,2020,351001816,2,2,0,18,19,3,7,0,0,1,0,0,0,0,1,1,4,7,1,16,4,48,1,3,-1,8,E01018215,0,-1
2020160944810,2020,160944810,1,2,0,4,4,7,3,0,0,0,0,0,0,0,1,1,6,6,1,16,4,48,1,3,-1,9,E01013241,0,-1
2020552000023,2020,552000023,1,2,0,16,19,4,7,0,0,0,1,0,0,0,1,1,4,7,1,16,4,48,1,3,-1,8,E01020376,0,-1
2020220983132,2020,220983132,2,2,0,18,19,1,5,0,0,1,0,0,0,0,2,1,5,6,1,16,4,48,1,3,-1,6,E01032386,0,-1
2020440248989,2020,440248989,1,3,0,18,19,8,4,0,0,1,0,0,7,10,1,1,6,6,1,20,4,-1,-1,-1,-1,6,E01023138,0,-1
2020522004279,2020,522004279,1,2,0,18,19,2,6,0,0,0,0,11,0,0,4,1,6,6,1,17,4,48,1,3,-1,7,E01014808,0,-1
2020010255001,2020,010255001,1,9,0,99,99,9,9,99,99,9,9,99,9,99,1,9,6,6,2,45,7,3456,8,8,LEXUS RX450,1,E01004222,0,-1
2020010264865,2020,010264865,2,9,0,18,19,7,3,0,0,0,0,0,0,0,3,1,6,6,1,77,11,3456,8,5,LEXUS RX450,7,E01032180,0,-1
2020160939584,2020,160939584,1,9,0,18,19,3,7,0,0,1,0,0,0,0,1,1,6,6,1,81,11,3456,8,10,LEXUS RX450,5,E01013082,0,-1
2020010263400,2020,010263400,2,9,0,99,99,9,9,99,99,9,9,99,9,99,1,9,6,6,3,-1,-1,3456,8,8,LEXUS RX450,-1,-1,0,-1
2020101014538,2020,101014538,1,9,0,5,5,6,2,9,9,0,0,0,0,0,1,1,6,6,2,50,8,3456,8,6,LEXUS RX450,6,E01027483,0,-1
2020470995382,2020,470995382,2,9,0,17,19,4,1,0,0,0,0,0,1,0,1,1,5,6,1,79,11,3456,8,1,LEXUS RX450,7,E01021189,0,-1
2020010240170,2020,010240170,3,9,0,8,8,5,8,0,0,1,0,0,0,0,1,1,6,6,1,58,9,3456,8,4,LEXUS RX450,9,E01003857,0,-1
2020430227380,2020,430227380,1,9,0,17,19,1,5,0,0,8,0,0,0,0,1,1,2,2,2,46,8,3456,8,4,LEXUS RX450,6,E01016304,0,-1
2020010272862,2020,010272862,2,9,0,99,99,9,9,0,0,8,0,0,0,0,3,9,6,6,2,45,7,3456,8,9,LEXUS RX450,9,E01003884,0,-1
2020420998081,2020,420998081,1,9,0,18,19,7,3,0,0,0,2,0,0,0,1,1,5,6,2,34,6,3456,8,9,LEXUS RX450,4,E01004348,0,-1
2020440293059,2020,440293059,1,9,0,9,9,6,4,0,0,2,0,0,0,0,1,1,6,6,2,40,7,3456,8,7,LEXUS RX450,4,E01017278,0,-1
2020010246741,2020,010246741,2,9,0,99,99,9,9,99,99,9,9,99,9,99,1,9,6,6,3,-1,-1,3456,8,11,LEXUS RX450,-1,-1,0,-1
2020461006582,2020,461006582,1,9,0,18,19,3,7,0,0,0,0,0,0,0,1,1,5,6,1,-1,-1,3456,8,10,LEXUS RX450,9,E01024297,0,-1
2020420933493,2020,420933493,3,9,0,10,10,5,3,0,0,8,0,0,0,0,1,1,5,6,2,42,7,3456,8,3,LEXUS RX450,10,E01021805,0,-1
2020070016442,2020,070016442,3,9,0,3,3,7,3,0,0,1,0,0,0,0,2,1,6,6,1,71,10,3456,8,5,LEXUS RX450,8,W01000248,0,-1
2020010234245,2020,010234245,3,9,9,99,99,9,9,0,0,6,9,99,9,99,1,9,6,6,3,50,8,3456,8,10,LEXUS RX450,2,E01033586,0,-1
20201376K0454,2020,1376K0454,1,9,0,18,19,4,8,0,0,0,0,0,0,0,1,1,6,6,1,41,7,3456,8,3,LEXUS RX450,10,E01011380,0,-1
2020450983298,2020,450983298,1,9,0,4,4,6,4,0,0,0,1,0,0,0,1,1,5,6,1,67,10,3456,8,2,LEXUS RX450,10,E01030408,0,-1
2020450980750,2020,450980750,1,9,0,3,3,5,1,0,0,0,0,0,0,0,2,1,5,6,1,49,8,3456,8,1,LEXUS RX450,8,E01030537,0,-1
2020010234332,2020,010234332,1,9,0,10,10,6,4,0,0,8,0,0,0,0,1,1,6,6,1,55,8,3456,8,7,LEXUS RX450,-1,-1,0,-1
2020211025274,2020,211025274,1,9,0,18,19,1,5,0,0,0,0,0,0,0,3,1,2,2,2,61,9,3456,8,10,LEXUS RX450,5,E01009843,0,-1
2020010267752,2020,010267752,2,9,0,6,6,7,7,0,0,2,0,0,7,0,3,1,6,6,2,39,7,3456,8,4,LEXUS RX450,4,E01000066,0,-1
2020010276581,2020,010276581,2,9,0,18,19,1,5,99,99,1,9,99,9,99,9,1,6,6,2,-1,-1,3456,8,10,LEXUS RX450,4,E01003695,0,-1
2020010237335,2020,010237335,1,9,0,18,19,1,5,0,0,1,0,0,0,0,1,1,6,6,2,44,7,3456,8,2,LEXUS RX450,9,E01002225,0,-1
2020010262704,2020,010262704,3,9,0,2,2,0,0,0,0,1,0,0,0,0,4,1,6,6,3,-1,-1,3456,8,3,LEXUS RX450,-1,-1,0,-1
2020450993266,2020,450993266,1,9,0,9,9,1,5,0,0,0,0,0,0,0,2,1,6,6,1,60,9,3456,8,7,LEXUS RX450,9,E01030492,0,-1
2020010267602,2020,010267602,1,9,9,99,99,9,9,99,99,9,9,99,9,99,9,9,6,6,2,42,7,3456,8,1,LEXUS RX450,5,E01001525,0,-1
2020460949044,2020,460949044,1,9,0,9,9,5,3,0,0,7,0,0,0,0,3,1,5,6,2,58,9,3456,8,6,LEXUS RX450,6,E01024455,0,-1
2020010234438,2020,010234438,2,9,0,3,3,1,5,0,0,1,0,0,0,0,2,1,6,6,1,39,7,3456,8,4,LEXUS RX450,9,E01024269,0,-1
2020450928810,2020,450928810,3,9,0,3,3,7,3,0,0,1,0,0,0,0,2,1,5,6,1,72,10,3456,8,10,LEXUS RX450,10,E01022595,0,-1
2020522002529,2020,522002529,1,9,0,9,9,3,1,0,0,5,0,0,0,0,4,1,6,6,2,45,7,3456,8,7,LEXUS RX450,-1,-1,0,-1
2020210949427,2020,210949427,1,9,0,18,19,8,4,0,0,0,0,0,0,0,1,1,6,6,1,71,10,3456,8,1,LEXUS RX450,2,E01014302,0,-1
2020302001392,2020,302001392,3,9,0,18,19,7,4,0,0,0,0,0,0,0,2,1,6,6,2,59,9,3456,8,5,LEXUS RX450,7,E01032967,0,-1
2020010244070,2020,010244070,2,9,0,99,99,9,9,99,99,0,9,99,9,99,1,9,6,6,3,-1,-1,3456,8,7,LEXUS RX450,-1,-1,0,-1
2020470984981,2020,470984981,2,9,0,17,19,4,1,0,0,8,0,0,0,0,1,1,5,6,2,70,10,3456,8,1,LEXUS RX450,9,E01021115,0,-1
2020010272504,2020,010272504,1,9,0,99,99,9,9,99,99,0,9,99,9,99,9,1,6,6,2,46,8,3456,8,11,LEXUS RX450,4,E01000031,0,-1
2020460932481,2020,460932481,1,9,0,18,19,2,6,0,0,0,0,0,0,0,1,1,5,6,2,47,8,3456,8,9,LEXUS RX450,10,E01021162,0,-1
2020010250571,2020,010250571,1,9,0,9,9,4,2,0,0,5,0,0,0,0,1,1,6,6,2,39,7,3456,8,10,LEXUS RX450,2,E01033327,0,-1
2020010276356,2020,010276356,1,9,9,7,7,2,5,0,0,2,0,0,0,0,1,1,6,6,3,-1,-1,3456,8,11,LEXUS RX450,-1,-1,0,-1
2020411023938,2020,411023938,2,9,0,5,5,6,2,0,0,6,0,0,0,0,3,1,6,6,1,45,7,3456,8,2,LEXUS RX450,10,E01023685,0,-1
2020420976909,2020,420976909,1,9,0,3,3,1,5,0,0,4,0,0,0,0,1,1,5,6,2,75,10,3456,8,11,LEXUS RX450,9,E01021483,0,-1
2020622000083,2020,622000083,2,9,0,4,4,4,7,0,0,1,0,0,0,0,2,1,6,6,2,54,8,3456,8,9,LEXUS RX450,2,W01000936,0,-1
2020547354920,2020,547354920,2,9,0,4,4,1,5,0,0,1,0,0,0,0,2,1,6,6,1,54,8,3456,8,5,LEXUS RX450,3,E01032094,0,-1
2020470963839,2020,470963839,2,9,0,18,19,2,6,0,0,2,0,0,0,0,3,1,6,6,1,82,11,3456,8,1,LEXUS RX450,4,E01031598,0,-1
2020010276536,2020,010276536,1,9,0,7,7,1,3,0,0,6,0,0,0,0,1,1,6,6,1,37,7,3456,8,11,LEXUS RX450,6,E01000582,0,-1
2020552000787,2020,552000787,2,9,0,5,5,3,7,0,0,6,0,0,0,0,4,1,6,6,2,35,6,3456,8,9,LEXUS RX450,6,E01015438,0,-1
2020010239834,2020,010239834,1,9,0,9,9,6,5,0,0,8,0,0,0,0,4,1,6,6,1,83,11,1840,1,18,-1,5,E01003142,0,-1
2020137250370,2020,137250370,1,9,0,9,9,3,1,0,0,1,0,0,0,0,1,1,6,6,1,60,9,1991,1,23,-1,2,E01011470,0,-1
2020522002092,2020,522002092,2,9,0,18,19,6,2,0,0,0,1,0,4,6,3,1,6,6,1,55,8,1839,1,24,-1,5,W01001644,0,-1
2020350921411,2020,350921411,1,9,0,18,19,5,1,0,0,0,0,0,0,0,1,1,6,6,1,68,10,1991,1,21,-1,10,E01017959,0,-1
2020302000790,2020,302000790,1,17,4,18,19,3,7,0,0,2,0,0,0,0,2,1,1,1,1,38,7,-1,2,16,-1,8,E01019533,0,-1
2020470965114,2020,470965114,2,17,5,18,19,1,5,0,0,0,0,0,0,0,2,1,1,1,1,39,7,4400,2,12,-1,10,E01031675,0,-1
2020470990134,2020,470990134,2,17,0,2,2,0,0,0,0,0,0,0,0,0,2,1,1,1,1,32,6,-1,2,15,-1,2,E01017076,0,-1
2020100917009,2020,100917009,1,9,0,9,9,3,1,0,0,8,1,0,7,0,4,1,5,6,2,30,6,1587,1,13,-1,2,E01027461,0,-1
2020410979654,2020,410979654,1,9,0,18,19,8,4,0,0,8,0,0,1,4,1,1,5,6,2,86,11,1360,1,14,-1,4,E01023883,0,-1
2020220953293,2020,220953293,2,9,0,2,2,0,0,0,0,0,0,0,0,0,2,1,6,6,3,34,6,1360,1,14,-1,-1,-1,0,-1
2020410983224,2020,410983224,2,9,0,18,19,3,7,0,0,1,0,0,0,0,1,1,6,6,1,34,6,1360,1,15,-1,5,E01023592,0,-1
2020990985726,2020,990985726,1,9,0,18,19,5,1,0,0,0,2,0,7,7,1,1,5,6,1,26,6,3436,1,6,-1,8,E01030552,0,-1
2020350949429,2020,350949429,1,9,0,18,19,7,8,0,0,1,0,0,0,0,1,1,5,6,2,31,6,2706,1,4,-1,7,E01027338,0,-1
2020010243775,2020,010243775,4,9,0,2,2,0,0,0,0,2,0,0,0,0,1,1,6,6,3,-1,-1,3436,1,4,-1,-1,-1,0,-1
2020070576656,2020,070576656,3,9,0,3,3,4,8,0,0,1,0,0,0,0,2,1,6,6,2,30,6,2706,1,6,-1,3,W01000263,0,-1
2020531004995,2020,531004995,1,9,0,18,19,4,8,0,0,1,0,0,0,0,1,1,6,6,1,45,7,3436,1,5,-1,3,E01022286,0,-1
2020140915633,2020,140915633,2,9,0,12,12,1,5,0,0,0,0,0,0,0,3,1,2,2,2,34,6,3387,1,12,-1,3,E01011784,0,-1
202006E471214,2020,06E471214,2,9,0,9,9,6,4,0,0,5,0,0,1,0,4,1,2,2,1,49,8,2687,1,13,-1,8,E01006138,0,-1
2020530937366,2020,530937366,1,9,0,15,15,7,3,0,0,0,0,10,6,0,1,1,6,6,1,62,9,2687,1,11,-1,6,E01022198,0,-1
2020010229701,2020,010229701,1,9,0,99,99,9,9,99,99,9,9,99,9,99,2,9,6,6,1,45,7,1108,1,32,-1,2,E01004306,0,-1
2020470930590,2020,470930590,2,9,0,18,19,7,3,0,0,8,0,0,0,0,1,1,5,6,2,40,7,1149,1,10,RENAULT TWINGO,8,E01004194,0,-1
2020991004889,2020,991004889,1,9,0,18,19,6,3,0,0,0,0,0,1,0,1,1,2,2,1,33,6,1149,1,7,RENAULT TWINGO,3,-1,0,-1
2020010272963,2020,010272963,1,9,0,18,19,7,3,0,0,0,0,8,0,0,4,1,6,6,2,42,7,1149,1,13,RENAULT TWINGO,8,E01001891,0,-1
2020040972622,2020,040972622,2,9,0,18,19,2,6,0,0,1,0,0,0,0,1,1,5,6,1,29,6,1598,1,11,RENAULT TWINGO,9,E01005049,0,-1
2020430015327,2020,430015327,1,9,0,18,19,6,2,0,0,0,0,0,0,0,1,1,6,6,2,60,9,1149,1,11,RENAULT TWINGO,7,E01017646,0,-1
2020200947587,2020,200947587,1,9,0,12,12,2,6,0,0,0,0,7,4,6,1,1,2,2,1,23,5,1149,1,9,RENAULT TWINGO,1,E01010125,0,-1
2020461005917,2020,461005917,4,9,0,18,19,2,6,0,0,0,0,0,0,0,3,1,6,6,2,26,6,1149,1,10,RENAULT TWINGO,10,E01024731,0,-1
2020137A30869,2020,137A30869,2,9,0,2,2,5,7,0,0,1,0,0,0,0,2,1,6,6,2,35,6,1149,1,9,RENAULT TWINGO,1,E01010613,0,-1
2020137321172,2020,137321172,1,9,0,18,19,4,8,0,0,0,0,0,0,0,4,1,2,2,1,60,9,898,1,5,RENAULT TWINGO,5,E01010585,0,-1
2020070111742,2020,070111742,1,9,0,17,19,6,3,0,0,0,0,0,7,4,1,1,6,6,1,39,7,898,1,5,RENAULT TWINGO,10,E01018671,0,-1
2020010275303,2020,010275303,1,9,0,6,6,5,5,0,0,0,0,0,0,0,3,1,1,1,2,50,8,999,1,5,RENAULT TWINGO,9,E01000832,0,-1
2020990993739,2020,990993739,1,9,0,16,19,2,6,0,0,0,1,0,7,9,2,1,5,6,1,18,4,1149,1,11,RENAULT TWINGO,5,-1,0,-1
2020990958993,2020,990958993,3,9,0,2,2,0,0,0,0,0,0,0,0,0,3,1,6,6,2,58,9,1149,1,7,RENAULT TWINGO,7,-1,0,-1
2020010254453,2020,010254453,1,9,0,99,99,9,9,99,99,1,9,99,9,99,2,9,2,2,1,26,6,1149,1,12,RENAULT TWINGO,4,E01003166,0,-1
2020137941650,2020,137941650,1,9,0,7,7,4,6,0,0,8,0,0,0,0,4,1,6,6,1,19,4,1598,1,11,RENAULT TWINGO,3,E01011449,0,-1
2020548524820,2020,548524820,1,9,0,18,19,7,3,0,0,0,0,0,1,11,1,1,6,6,1,28,6,1149,1,9,RENAULT TWINGO,3,E01032115,0,-1
2020200930152,2020,200930152,2,9,0,18,19,4,8,0,0,8,0,0,0,0,4,1,6,6,2,-1,-1,1149,1,11,RENAULT TWINGO,3,E01009199,0,-1
202031A172420,2020,31A172420,1,9,0,9,9,3,1,0,0,6,0,0,0,0,1,1,6,6,1,79,11,898,1,5,RENAULT TWINGO,7,E01028250,0,-1
2020010270112,2020,010270112,1,9,0,99,99,9,9,99,99,9,9,99,9,99,2,9,6,6,1,24,5,1149,1,11,RENAULT TWINGO,3,E01033084,0,-1
202031D151920,2020,31D151920,2,9,0,12,12,1,8,0,0,4,0,0,0,0,1,1,2,2,2,50,8,1149,1,11,RENAULT TWINGO,4,E01019503,0,-1
2020302000184,2020,302000184,1,9,0,18,19,1,5,0,0,0,1,0,2,11,4,1,2,2,1,65,9,1149,1,10,RENAULT TWINGO,4,E01019750,0,-1
2020470965414,2020,470965414,1,9,0,18,19,8,4,0,0,0,0,0,0,0,1,1,2,2,1,25,5,1149,1,12,RENAULT TWINGO,2,E01031436,0,-1
2020200970230,2020,200970230,1,9,0,6,6,8,8,0,0,0,0,0,0,0,4,1,6,6,2,27,6,1149,1,10,RENAULT TWINGO,4,E01010120,0,-1