collision_index,collision_year,collision_ref_no,vehicle_reference,vehicle_type,towing_and_articulation,vehicle_manoeuvre_historic,vehicle_manoeuvre,vehicle_direction_from,vehicle_direction_to,vehicle_location_restricted_lane_historic,vehicle_location_restricted_lane,junction_location,skidding_and_overturning,hit_object_in_carriageway,vehicle_leaving_carriageway,hit_object_off_carriageway,first_point_of_impact,vehicle_left_hand_drive,journey_purpose_of_driver_historic,journey_purpose_of_driver,sex_of_driver,age_of_driver,age_band_of_driver,engine_capacity_cc,propulsion_code,age_of_vehicle,generic_make_model,driver_imd_decile,lsoa_of_driver,escooter_flag,driver_distance_banding
2020230938922,2020,230938922,1,9,0,9,9,5,3,0,0,6,0,0,0,0,1,1,5,6,2,69,10,1149,1,12,RENAULT TWINGO,10,E01031143,0,-1
2020450936686,2020,450936686,1,9,0,17,19,4,8,0,0,0,1,0,0,0,1,1,5,6,1,30,6,1149,1,12,RENAULT TWINGO,10,E01030454,0,-1
2020010265971,2020,010265971,1,9,0,5,5,5,1,0,0,2,0,0,0,0,1,1,6,6,2,77,11,898,1,4,RENAULT TWINGO,8,E01002348,0,-1
2020430241385,2020,430241385,2,9,0,18,19,8,4,0,0,4,0,0,0,0,2,1,6,6,2,19,4,999,1,5,RENAULT TWINGO,6,E01033525,0,-1
2020430021434,2020,430021434,1,9,0,13,13,2,6,0,0,0,0,0,0,0,1,1,2,2,1,49,8,1598,1,11,RENAULT TWINGO,5,E01028605,0,-1
2020470987591,2020,470987591,1,9,0,18,19,1,5,0,0,0,0,0,0,0,1,1,5,6,1,76,11,1598,1,10,RENAULT TWINGO,9,E01031623,0,-1
2020501003949,2020,501003949,1,9,0,18,19,1,5,0,0,0,0,0,0,0,1,1,5,6,2,21,5,1149,1,10,RENAULT TWINGO,8,E01015137,0,-1
2020622000111,2020,622000111,1,9,0,17,19,8,5,0,0,2,2,0,0,0,1,1,2,2,1,28,6,1149,1,10,RENAULT TWINGO,5,W01001172,0,-1
2020201019253,2020,201019253,2,9,0,18,19,8,5,0,0,8,0,0,0,0,1,1,6,6,2,47,8,999,1,5,RENAULT TWINGO,10,E01010216,0,-1
2020200951453,2020,200951453,2,9,0,18,19,5,1,0,0,8,0,0,0,0,1,1,6,6,2,99,11,1149,1,7,RENAULT TWINGO,2,E01010261,0,-1
2020010285687,2020,010285687,1,9,0,14,14,6,2,0,0,0,1,0,0,0,1,1,6,6,1,58,9,1149,1,11,RENAULT TWINGO,-1,-1,0,-1
2020010249878,2020,010249878,2,9,4,9,9,5,2,0,0,8,0,0,0,0,4,1,6,6,1,24,5,1149,1,12,RENAULT TWINGO,3,E01029701,0,-1
2020302001686,2020,302001686,2,9,0,18,19,7,3,0,0,0,0,0,0,0,1,1,6,6,2,26,6,1149,1,11,RENAULT TWINGO,5,E01013582,0,-1
202006F178103,2020,06F178103,1,9,0,16,19,3,6,0,0,0,0,0,0,0,1,1,6,6,1,50,8,1149,1,12,RENAULT TWINGO,-1,-1,0,-1
2020990958606,2020,990958606,1,9,0,14,14,8,8,0,0,0,0,4,0,0,1,1,5,6,2,23,5,999,1,5,RENAULT TWINGO,1,-1,0,-1
2020010280093,2020,010280093,2,9,0,16,19,1,5,0,0,8,0,7,0,0,1,1,6,6,1,20,4,1149,1,11,RENAULT TWINGO,-1,-1,0,-1
2020302001132,2020,302001132,1,9,0,18,19,8,4,0,0,0,0,0,0,0,1,1,6,6,2,49,8,999,1,2,RENAULT TWINGO,1,E01007970,0,-1
2020460929325,2020,460929325,1,9,0,18,19,1,5,0,0,0,0,0,0,0,1,1,6,6,2,66,10,999,1,4,RENAULT TWINGO,4,E01024090,0,-1
202006F269719,2020,06F269719,2,9,0,9,9,1,7,0,0,1,0,0,0,0,1,1,6,6,1,30,6,1149,1,7,RENAULT TWINGO,-1,-1,0,-1
2020520003848,2020,520003848,2,9,0,18,19,2,6,0,0,8,0,0,0,0,3,1,6,6,2,20,4,1149,1,10,RENAULT TWINGO,7,E01029060,0,-1
2020500984868,2020,500984868,2,9,0,18,19,1,5,0,0,8,0,0,0,0,3,1,1,1,2,41,7,999,1,5,RENAULT TWINGO,6,E01020241,0,-1
2020052000835,2020,052000835,2,9,0,18,19,5,1,0,0,0,0,0,0,0,4,1,6,6,2,63,9,999,1,5,RENAULT TWINGO,3,E01006496,0,-1
2020302001613,2020,302001613,1,9,0,18,19,4,8,0,0,0,1,4,0,0,1,1,6,6,1,70,10,1149,1,9,RENAULT TWINGO,1,E01013456,0,-1
2020991010285,2020,991010285,1,9,0,18,19,3,7,0,0,0,0,0,0,0,1,1,2,2,1,19,4,999,1,3,RENAULT TWINGO,1,-1,0,-1
2020137A10975,2020,137A10975,1,9,0,5,5,8,4,0,0,0,0,0,0,0,1,1,6,6,2,17,4,1149,1,12,RENAULT TWINGO,5,E01011184,0,-1
2020531008568,2020,531008568,7,9,0,18,19,6,2,0,0,0,0,0,0,0,1,1,6,6,2,29,6,1149,1,10,RENAULT TWINGO,2,W01001690,0,-1
2020990993262,2020,990993262,2,9,0,5,5,3,7,0,0,8,0,0,0,0,1,1,2,2,2,53,8,1149,1,7,RENAULT TWINGO,8,-1,0,-1
2020545034120,2020,545034120,4,9,0,18,19,5,1,0,0,0,0,0,0,0,1,1,6,6,2,49,8,1149,1,10,RENAULT TWINGO,8,E01031868,0,-1
2020622000545,2020,622000545,1,9,0,18,19,8,4,0,0,0,1,0,1,4,4,1,2,2,1,20,4,1149,1,12,RENAULT TWINGO,4,W01001001,0,-1
2020100980769,2020,100980769,1,9,0,18,19,5,1,0,0,1,0,0,0,0,1,1,6,6,2,-1,-1,1149,1,12,RENAULT TWINGO,-1,-1,0,-1
2020370956760,2020,370956760,1,9,0,17,19,2,7,0,0,0,5,0,7,0,1,1,5,6,2,41,7,1149,1,12,RENAULT TWINGO,2,E01030254,0,-1
2020100949540,2020,100949540,2,9,0,5,5,1,5,0,0,6,0,0,0,0,4,1,5,6,2,60,9,1149,1,10,RENAULT TWINGO,3,E01008288,0,-1
2020990964881,2020,990964881,1,9,0,18,19,5,1,0,0,0,0,4,0,0,4,1,5,6,1,71,10,1149,1,9,RENAULT TWINGO,10,-1,0,-1
2020622000750,2020,622000750,1,9,0,18,19,4,8,0,0,2,0,0,0,0,1,1,6,6,1,26,6,1149,1,10,RENAULT TWINGO,10,W01001116,0,-1
2020500964308,2020,500964308,1,9,0,16,19,6,1,0,0,0,2,0,7,9,1,1,4,7,2,19,4,1149,1,12,RENAULT TWINGO,4,E01018844,0,-1
2020010243903,2020,010243903,2,9,0,99,99,9,9,99,99,9,9,99,9,99,9,9,6,6,3,-1,-1,1598,1,10,RENAULT TWINGO,7,E01001380,0,-1
2020990929637,2020,990929637,1,9,0,18,19,1,6,0,0,8,0,0,0,0,4,1,5,6,1,19,4,1149,1,12,RENAULT TWINGO,1,-1,0,-1
202006Q271570,2020,06Q271570,1,9,0,9,9,6,4,0,0,5,0,0,0,0,4,1,6,6,2,26,6,999,1,6,RENAULT TWINGO,8,E01006015,0,-1
2020440065105,2020,440065105,1,9,0,17,19,4,8,0,0,1,1,0,7,1,3,1,6,6,2,66,10,1149,1,10,RENAULT TWINGO,6,E01023013,0,-1
2020420960157,2020,420960157,1,9,0,18,19,5,1,0,0,0,0,0,2,11,1,1,5,6,2,38,7,1149,1,12,RENAULT TWINGO,4,E01003626,0,-1
20201371H0334,2020,1371H0334,2,9,0,9,9,4,2,0,0,1,0,0,0,0,2,1,6,6,1,21,5,1598,1,8,RENAULT TWINGO,7,E01010493,0,-1
2020990934785,2020,990934785,1,9,0,17,19,1,4,0,0,0,0,0,7,9,1,1,5,6,1,66,10,1149,1,12,RENAULT TWINGO,5,-1,0,-1
2020122000428,2020,122000428,1,9,0,3,3,1,5,0,0,0,1,0,0,0,1,1,2,2,1,42,7,1149,1,9,RENAULT TWINGO,6,E01027560,0,-1
2020500934646,2020,500934646,1,9,0,18,19,3,7,0,0,0,0,0,0,0,1,1,6,6,2,53,8,898,1,4,RENAULT TWINGO,6,E01015116,0,-1
2020410943332,2020,410943332,2,9,0,2,2,0,0,0,0,1,0,0,0,0,1,1,5,6,2,-1,-1,1149,1,10,RENAULT TWINGO,10,E01023290,0,-1
2020430297376,2020,430297376,1,9,0,9,9,6,4,0,0,8,0,0,0,0,1,1,6,6,2,50,8,999,1,5,RENAULT TWINGO,4,E01023106,0,-1
2020400964465,2020,400964465,2,9,0,9,9,7,5,0,0,6,0,0,0,0,1,1,5,6,1,76,11,1149,1,12,RENAULT TWINGO,7,E01027343,0,-1
2020070652124,2020,070652124,1,9,0,17,19,5,2,0,0,0,0,0,1,9,1,1,2,2,2,25,5,1149,1,12,RENAULT TWINGO,5,E01006142,0,-1
2020010249038,2020,010249038,1,9,0,10,10,1,6,0,0,1,1,10,1,0,3,1,6,6,2,46,8,999,1,5,RENAULT TWINGO,3,E01002284,0,-1
2020470963101,2020,470963101,1,9,0,9,9,1,7,0,0,6,0,0,0,0,3,1,5,6,1,59,9,999,1,4,RENAULT TWINGO,7,E01021032,0,-1
2020370950491,2020,370950491,1,9,0,18,19,3,7,0,0,0,0,0,0,0,1,1,5,6,1,86,11,898,1,4,RENAULT TWINGO,5,E01030266,0,-1
2020450939533,2020,450939533,2,9,0,18,19,3,7,0,0,1,0,0,0,0,1,1,2,2,2,44,7,1149,1,6,RENAULT TWINGO,10,E01030923,0,-1
2020140924864,2020,140924864,2,9,0,18,19,1,5,0,0,0,0,0,0,0,1,1,2,2,2,34,6,1149,1,12,RENAULT TWINGO,1,E01007352,0,-1
202063B048020,2020,63B048020,2,9,0,18,19,2,6,0,0,8,0,0,0,0,1,1,6,6,1,28,6,1149,1,12,RENAULT TWINGO,1,W01000511,0,-1
2020610033420,2020,610033420,1,9,0,5,5,5,1,0,0,4,0,0,0,0,2,1,6,6,1,-1,-1,1149,1,9,RENAULT TWINGO,-1,-1,0,-1
2020410955787,2020,410955787,4,9,0,4,4,1,5,0,0,0,0,0,0,0,2,1,6,6,2,23,5,1149,1,7,RENAULT TWINGO,6,E01033308,0,-1
2020110977334,2020,110977334,1,9,0,18,19,1,4,0,0,1,0,0,0,0,1,1,5,6,2,62,9,1149,1,10,RENAULT TWINGO,5,E01020782,0,-1
2020052002225,2020,052002225,1,9,0,16,19,1,5,0,0,0,0,0,1,2,1,1,6,6,1,18,4,1149,1,10,RENAULT TWINGO,1,E01007207,0,-1
2020460957550,2020,460957550,1,9,0,17,19,1,5,0,0,0,0,0,7,4,3,1,5,6,1,18,4,1149,1,12,RENAULT TWINGO,4,E01024395,0,-1
2020420945166,2020,420945166,2,9,0,18,19,8,4,0,0,0,0,0,0,0,3,1,1,1,1,28,6,1149,1,12,RENAULT TWINGO,3,E01021639,0,-1
2020440196248,2020,440196248,1,9,0,18,19,8,4,0,0,0,0,0,0,0,1,1,6,6,2,18,4,1149,1,10,RENAULT TWINGO,2,E01031437,0,-1
2020461011185,2020,461011185,1,9,0,9,9,1,5,0,0,3,1,0,1,0,1,1,2,2,2,32,6,1149,1,10,RENAULT TWINGO,4,E01024487,0,-1
2020530924244,2020,530924244,2,9,0,17,19,8,5,0,0,0,1,10,0,0,1,1,6,6,1,20,4,1149,1,11,RENAULT TWINGO,5,E01014455,0,-1
2020010265405,2020,010265405,1,9,0,99,99,9,9,99,99,9,9,99,9,99,9,9,6,6,2,27,6,1149,1,7,RENAULT TWINGO,7,E01000877,0,-1
2020200935484,2020,200935484,3,9,0,18,19,6,2,0,0,0,5,10,0,0,2,1,6,6,1,61,9,1149,1,10,RENAULT TWINGO,7,E01009974,0,-1
2020010239245,2020,010239245,1,9,0,99,99,9,9,99,99,9,9,99,9,99,9,9,6,6,2,42,7,999,1,5,RENAULT TWINGO,8,E01003428,0,-1
2020460970637,2020,460970637,1,9,0,17,19,1,5,0,0,7,0,0,1,0,1,1,6,6,1,21,5,1149,1,13,RENAULT TWINGO,6,E01024756,0,-1
2020230974490,2020,230974490,1,9,0,13,13,8,4,0,0,0,1,0,0,0,1,1,5,6,1,25,5,1598,1,10,RENAULT TWINGO,10,E01017749,0,-1
2020470990338,2020,470990338,1,3,0,18,19,1,5,0,0,0,1,0,0,0,1,1,6,6,1,26,6,125,1,1,-1,6,E01021021,0,-1
2020140936675,2020,140936675,1,3,0,11,11,3,7,0,0,2,0,0,0,0,2,1,2,2,1,51,8,125,1,3,-1,-1,-1,0,-1
2020052000299,2020,052000299,2,3,0,18,19,8,4,0,0,1,0,0,0,0,1,1,6,6,1,21,5,125,1,2,-1,1,E01006413,0,-1
2020990931926,2020,990931926,2,2,0,18,19,3,7,0,0,8,0,0,0,0,1,1,2,2,1,33,6,125,1,2,-1,2,-1,0,-1
2020440022532,2020,440022532,2,2,0,18,19,1,5,0,0,8,0,0,0,0,1,1,6,6,1,26,6,125,1,3,-1,3,E01017111,0,-1
2020211017685,2020,211017685,1,3,0,18,19,3,7,0,0,4,0,0,0,0,1,1,6,6,1,26,6,125,1,1,-1,5,E01029433,0,-1
2020010265826,2020,010265826,1,3,0,99,99,9,9,99,99,9,9,99,9,99,9,1,6,6,1,27,6,125,1,1,-1,2,E01032720,0,-1
2020041009787,2020,041009787,1,3,0,18,19,4,1,0,0,0,1,4,0,0,1,1,5,6,2,16,4,125,1,0,-1,1,E01024872,0,-1
202006P174191,2020,06P174191,1,9,0,18,19,6,2,0,0,8,0,0,0,0,2,1,6,6,1,39,7,998,1,4,SUZUKI BALENO,1,E01005485,0,-1
2020100969829,2020,100969829,1,9,0,18,19,1,5,0,0,0,0,0,0,0,1,1,2,2,1,26,6,998,1,1,SUZUKI BALENO,4,E01008455,0,-1
2020400984864,2020,400984864,2,9,0,18,19,6,2,0,0,1,0,10,0,0,4,1,6,6,2,27,6,998,1,3,SUZUKI BALENO,3,E01017514,0,-1
2020010268180,2020,010268180,2,9,0,99,99,9,9,99,99,9,9,99,9,99,9,9,6,6,1,18,4,998,1,2,SUZUKI BALENO,7,E01000190,0,-1
2020990936673,2020,990936673,2,9,0,17,19,5,2,0,0,1,0,0,0,0,1,1,2,2,1,31,6,998,1,4,SUZUKI BALENO,3,-1,0,-1
2020500961124,2020,500961124,3,9,0,3,3,4,8,0,0,0,0,0,0,0,2,1,5,6,1,68,10,998,1,1,SUZUKI BALENO,8,E01020514,0,-1
2020160934349,2020,160934349,2,9,0,14,14,7,3,0,0,0,0,4,1,9,1,1,6,6,1,64,9,1242,8,3,SUZUKI BALENO,-1,-1,0,-1
2020100920467,2020,100920467,3,9,0,4,4,3,7,0,0,1,0,0,0,0,3,1,5,6,2,68,10,1242,1,2,SUZUKI BALENO,3,E01027414,0,-1
2020052002220,2020,052002220,1,9,0,18,19,8,4,0,0,8,0,0,0,0,1,1,1,1,1,29,6,998,1,4,SUZUKI BALENO,3,E01033761,0,-1
202054A473920,2020,54A473920,1,9,0,5,5,4,2,0,0,1,0,0,0,0,1,1,6,6,1,40,7,998,1,4,SUZUKI BALENO,8,E01015514,0,-1
2020350985465,2020,350985465,2,9,0,5,5,5,1,0,0,0,0,0,0,0,3,1,3,7,2,39,7,998,1,3,SUZUKI BALENO,3,E01017944,0,-1
2020420986738,2020,420986738,1,9,0,9,9,5,1,0,0,0,0,0,0,0,4,1,5,6,1,73,10,998,1,4,SUZUKI BALENO,3,E01021831,0,-1
2020991002390,2020,991002390,2,9,0,17,19,8,5,0,0,1,0,0,0,0,1,1,5,6,2,65,9,998,1,1,SUZUKI BALENO,4,-1,0,-1
2020430158771,2020,430158771,1,9,0,9,9,4,2,0,0,5,0,0,0,0,1,1,6,6,2,74,10,1590,1,21,SUZUKI BALENO,10,E01016706,0,-1
2020010261560,2020,010261560,1,9,0,5,5,3,7,0,0,6,0,0,1,0,1,1,2,2,1,46,8,998,1,4,SUZUKI BALENO,6,E01000624,0,-1
2020041010171,2020,041010171,1,9,0,18,19,1,5,0,0,0,0,0,0,0,1,1,5,6,1,-1,-1,998,1,1,SUZUKI BALENO,5,E01025363,0,-1
2020990945233,2020,990945233,1,9,0,17,19,4,2,0,0,8,1,0,7,0,1,1,5,6,1,46,8,998,1,3,SUZUKI BALENO,8,-1,0,-1
2020100932683,2020,100932683,1,9,0,18,19,3,3,0,0,0,0,0,0,0,1,1,6,6,1,20,4,998,1,3,SUZUKI BALENO,2,E01008655,0,-1
2020010263073,2020,010263073,1,9,0,99,99,9,9,99,99,9,9,99,9,99,0,9,6,6,3,-1,-1,998,1,4,SUZUKI BALENO,2,E01001246,0,-1
2020470958302,2020,470958302,1,9,0,18,19,6,2,0,0,0,0,0,1,0,1,1,2,2,2,32,6,1586,1,6,SUZUKI SX4,2,E01021049,0,-1
2020111005749,2020,111005749,1,9,0,9,9,3,1,0,0,1,0,0,0,0,3,1,6,6,2,37,7,1586,1,10,SUZUKI SX4,9,E01020610,0,-1
2020351012439,2020,351012439,1,9,0,17,19,7,3,0,0,0,0,0,0,0,1,1,6,6,1,35,6,1586,1,12,SUZUKI SX4,4,E01030118,0,-1
2020010276186,2020,010276186,2,9,0,18,19,5,1,0,0,1,0,0,0,0,0,1,6,6,1,40,7,1586,1,13,SUZUKI SX4,5,E01003413,0,-1
2020137B91053,2020,137B91053,4,9,0,3,3,8,4,0,0,2,0,0,0,0,1,1,6,6,1,51,8,1586,1,7,SUZUKI SX4,5,E01011648,0,-1
2020320073790,2020,320073790,3,9,0,18,19,8,4,0,0,6,0,0,0,0,1,1,6,6,2,59,9,998,1,1,SUZUKI SX4,3,E01026099,0,-1
2020470972333,2020,470972333,1,9,0,16,19,6,1,0,0,0,0,0,1,1,1,1,5,6,2,32,6,1590,1,12,SUZUKI SX4,5,E01031577,0,-1
2020040946583,2020,040946583,2,9,0,18,19,1,1,0,0,1,0,0,0,0,1,1,5,6,2,72,10,1586,1,13,SUZUKI SX4,2,E01012579,0,-1
2020500978802,2020,500978802,1,9,0,18,19,1,5,0,0,0,0,0,0,0,1,1,6,6,1,40,7,1598,2,6,SUZUKI SX4,9,E01020038,0,-1
2020552000408,2020,552000408,2,9,0,10,10,7,3,0,0,1,0,0,8,4,2,1,2,2,1,57,9,1586,1,5,SUZUKI SX4,9,E01020524,0,-1
2020522004623,2020,522004623,2,9,0,15,15,3,7,0,0,0,0,0,0,0,4,1,6,6,1,54,8,1586,1,13,SUZUKI SX4,2,E01014568,0,-1
202006J278048,2020,06J278048,1,9,0,18,19,4,8,0,0,1,0,0,0,0,1,1,6,6,1,40,7,1586,1,12,SUZUKI SX4,-1,-1,0,-1
2020010259323,2020,010259323,1,9,0,18,19,7,3,99,99,0,9,99,9,99,2,1,6,6,2,34,6,1586,1,14,SUZUKI SX4,1,E01001410,0,-1
2020461001968,2020,461001968,3,9,0,2,2,0,0,0,0,1,0,0,0,0,1,1,6,6,1,29,6,1586,1,4,SUZUKI SX4,8,E01024133,0,-1
2020160938644,2020,160938644,2,9,0,7,7,6,2,0,0,1,0,0,0,0,3,1,6,6,1,-1,-1,998,1,2,SUZUKI SX4,4,E01012947,0,-1
2020460991687,2020,460991687,1,9,0,18,19,2,6,0,0,0,1,0,0,0,1,1,5,6,2,58,9,1586,1,13,SUZUKI SX4,2,E01016110,0,-1
2020420990383,2020,420990383,1,9,0,18,19,1,5,0,0,1,0,0,0,0,2,1,6,6,1,39,7,1586,1,11,SUZUKI SX4,6,E01021629,0,-1
2020440254611,2020,440254611,2,9,0,9,9,7,5,0,0,2,0,0,0,0,1,1,6,6,2,-1,-1,998,1,3,SUZUKI SX4,-1,-1,0,-1
2020990920517,2020,990920517,2,9,0,9,9,8,6,0,0,8,0,0,0,0,1,1,5,6,1,79,11,1586,1,11,SUZUKI SX4,7,-1,0,-1
2020351002697,2020,351002697,2,9,0,4,4,2,6,0,0,1,0,0,0,0,2,1,6,6,2,34,6,1586,1,4,SUZUKI SX4,9,E01018029,0,-1
2020990994732,2020,990994732,1,9,0,17,19,1,5,0,0,2,0,7,0,0,1,1,6,6,1,70,10,1586,1,4,SUZUKI SX4,9,-1,0,-1
2020200988104,2020,200988104,2,9,0,18,19,1,5,0,0,1,0,0,0,0,3,1,6,6,2,37,7,998,1,3,SUZUKI SX4,2,E01010001,0,-1
2020360991745,2020,360991745,1,9,0,5,5,2,5,9,9,0,0,0,0,0,1,1,1,1,1,48,8,1586,1,13,SUZUKI SX4,7,E01026676,0,-1
2020220939258,2020,220939258,1,9,0,9,9,3,8,0,0,5,0,0,0,0,1,1,5,6,2,60,9,1586,1,6,SUZUKI SX4,5,E01014054,0,-1
2020520002747,2020,520002747,1,9,0,10,10,4,2,0,0,8,0,0,0,0,2,1,6,6,1,59,9,1586,1,7,SUZUKI SX4,7,E01029223,0,-1
2020622000657,2020,622000657,1,9,0,18,19,8,4,0,0,1,0,0,0,0,1,1,6,6,2,38,7,1586,1,6,SUZUKI SX4,6,W01001129,0,-1
2020010239274,2020,010239274,4,9,0,8,8,6,8,0,0,1,0,0,0,0,2,1,6,6,2,63,9,1586,1,5,SUZUKI SX4,8,E01002989,0,-1
2020440178966,2020,440178966,3,9,0,3,3,6,2,0,0,8,0,0,0,0,2,1,6,6,1,43,7,1590,1,10,SUZUKI SX4,4,E01032858,0,-1
2020440370836,2020,440370836,1,9,0,13,13,5,1,0,0,8,0,0,0,0,4,1,6,6,1,65,9,1586,1,5,SUZUKI SX4,7,E01023504,0,-1
2020500942020,2020,500942020,1,9,0,15,15,3,7,0,0,0,0,0,0,0,-1,1,6,6,2,82,11,998,1,2,SUZUKI SX4,6,E01020179,0,-1
2020500954971,2020,500954971,1,9,0,18,19,3,3,9,9,8,0,11,3,4,1,1,5,6,2,33,6,1586,1,14,SUZUKI SX4,4,E01020322,0,-1
2020450947622,2020,450947622,2,9,0,18,19,1,5,0,0,3,0,0,0,0,2,1,5,6,2,61,9,1910,2,14,SUZUKI SX4,8,E01030440,0,-1
202063A017620,2020,63A017620,1,9,0,18,19,8,4,0,0,0,0,0,0,0,1,1,6,6,1,63,9,1956,2,9,SUZUKI SX4,4,W01000688,0,-1
2020010249642,2020,010249642,2,9,0,18,19,8,4,0,0,1,0,0,0,0,4,1,6,6,2,48,8,998,1,2,SUZUKI SX4,-1,-1,0,-1
2020220984013,2020,220984013,1,9,0,18,19,3,7,0,0,3,0,10,3,11,1,1,6,6,1,77,11,998,1,2,SUZUKI SX4,4,E01028999,0,-1
2020320364957,2020,320364957,2,9,0,18,19,1,5,0,0,8,0,0,0,0,1,1,6,6,1,74,10,1586,1,11,SUZUKI SX4,7,E01026051,0,-1
2020460991627,2020,460991627,1,9,0,7,7,7,1,0,0,0,0,0,0,0,3,1,2,2,1,62,9,1586,1,8,SUZUKI SX4,5,E01024379,0,-1
20201379I1117,2020,1379I1117,1,9,0,1,1,1,6,0,0,6,0,0,0,0,2,1,6,6,1,50,8,1910,2,11,SUZUKI SX4,1,E01011850,0,-1
2020361011591,2020,361011591,2,9,0,3,3,7,3,0,0,0,0,0,1,9,2,1,2,2,1,31,6,1590,1,12,SUZUKI SX4,4,E01026618,0,-1
2020052000104,2020,052000104,1,9,0,14,14,2,6,0,0,0,0,0,0,0,1,1,6,6,2,76,11,1586,1,12,SUZUKI SX4,3,E01006843,0,-1
2020030926517,2020,030926517,2,9,0,16,19,1,5,0,0,6,0,0,0,0,4,1,5,6,2,59,9,1586,1,13,SUZUKI SX4,6,E01019360,0,-1
20201371G0779,2020,1371G0779,1,9,0,18,19,7,3,0,0,0,0,0,0,0,1,1,6,6,1,60,9,998,1,4,SUZUKI SX4,9,E01011221,0,-1
202006K276133,2020,06K276133,2,9,0,17,19,1,6,0,0,0,0,0,0,0,2,1,6,6,1,57,9,1586,1,13,SUZUKI SX4,1,E01004797,0,-1
2020500950358,2020,500950358,4,9,0,18,19,2,7,0,0,0,0,0,0,0,0,1,5,6,2,65,9,1586,1,6,SUZUKI SX4,5,E01019947,0,-1
2020501015293,2020,501015293,1,9,0,18,19,5,3,0,0,0,0,0,7,9,1,1,5,6,2,68,10,1586,1,11,SUZUKI SX4,8,E01020051,0,-1
2020470928304,2020,470928304,2,9,0,18,19,2,6,0,0,1,0,0,0,0,1,1,5,6,1,52,8,1586,1,6,SUZUKI SX4,3,E01032832,0,-1
2020470930207,2020,470930207,1,9,0,2,2,0,0,9,9,1,0,0,0,0,3,1,6,6,3,-1,-1,1586,1,6,SUZUKI SX4,-1,-1,0,-1
2020340N03482,2020,340N03482,1,9,0,9,9,5,4,0,0,6,0,0,0,0,1,1,6,6,1,76,11,1586,1,13,SUZUKI SX4,9,E01027166,0,-1
2020370937690,2020,370937690,3,9,0,18,19,5,1,0,0,0,0,0,0,0,2,1,5,6,2,35,6,1590,1,13,SUZUKI SX4,6,E01030194,0,-1
2020622000627,2020,622000627,2,9,0,17,19,3,8,0,0,8,0,0,0,0,1,1,6,6,1,83,11,1586,1,12,SUZUKI SX4,1,W01001857,0,-1
2020340N05672,2020,340N05672,2,9,0,18,19,7,3,0,0,8,0,0,7,11,4,1,6,6,2,50,8,1586,1,9,SUZUKI SX4,5,E01027179,0,-1
20201377C0658,2020,1377C0658,3,9,0,18,19,1,5,0,0,0,0,0,0,0,1,1,6,6,1,75,10,1586,1,5,SUZUKI SX4,3,E01010725,0,-1
2020160925276,2020,160925276,1,9,0,5,5,5,1,0,0,1,0,0,0,0,1,1,2,2,2,52,8,1586,1,9,SUZUKI SX4,10,E01013089,0,-1
2020221017585,2020,221017585,1,9,0,17,19,4,2,0,0,1,0,0,0,0,3,1,5,6,2,29,6,1586,1,13,SUZUKI SX4,5,E01014088,0,-1
2020460934681,2020,460934681,2,9,0,4,4,3,7,0,0,2,0,0,0,0,2,1,5,6,2,49,8,1586,1,7,SUZUKI SX4,5,E01024565,0,-1
2020501025257,2020,501025257,1,9,4,9,9,1,7,0,0,0,0,0,0,0,4,1,5,6,1,55,8,1956,2,9,SUZUKI SX4,1,E01015030,0,-1
2020320619352,2020,320619352,2,9,0,2,2,0,0,0,0,0,0,0,0,0,1,1,6,6,2,56,9,1586,1,13,SUZUKI SX4,1,E01026073,0,-1
2020610023520,2020,610023520,2,9,0,18,19,7,3,0,0,0,0,0,1,0,2,1,6,6,2,69,10,1586,1,7,SUZUKI SX4,-1,-1,0,-1
2020500998478,2020,500998478,1,9,0,18,19,7,3,0,0,0,0,0,0,0,2,1,5,6,1,65,9,1586,1,5,SUZUKI SX4,2,E01011552,0,-1
2020622000822,2020,622000822,1,9,0,16,19,4,7,0,0,3,0,0,0,0,1,1,6,6,1,20,4,1586,1,6,SUZUKI SX4,1,W01001737,0,-1
2020420992871,2020,420992871,1,9,0,16,19,6,2,0,0,0,1,0,1,4,3,1,1,1,2,45,7,1586,1,13,SUZUKI SX4,2,E01000103,0,-1
2020990998419,2020,990998419,2,9,0,18,19,4,8,0,0,0,0,0,1,0,1,1,6,6,1,38,7,1910,2,13,SUZUKI SX4,8,-1,0,-1
2020040991254,2020,040991254,2,9,0,18,19,1,1,0,0,0,0,0,0,0,2,1,6,6,2,24,5,1598,2,1,SUZUKI SX4,6,E01025486,0,-1
2020160928226,2020,160928226,2,9,0,18,19,2,6,0,0,8,0,0,0,0,1,1,5,6,2,77,11,1586,1,7,SUZUKI SX4,6,E01007613,0,-1
2020070579590,2020,070579590,1,9,0,9,9,3,1,0,0,1,1,0,0,0,1,1,6,6,2,22,5,1590,1,12,SUZUKI SX4,9,E01012374,0,-1