collision_index,collision_year,collision_ref_no,vehicle_reference,vehicle_type,towing_and_articulation,vehicle_manoeuvre_historic,vehicle_manoeuvre,vehicle_direction_from,vehicle_direction_to,vehicle_location_restricted_lane_historic,vehicle_location_restricted_lane,junction_location,skidding_and_overturning,hit_object_in_carriageway,vehicle_leaving_carriageway,hit_object_off_carriageway,first_point_of_impact,vehicle_left_hand_drive,journey_purpose_of_driver_historic,journey_purpose_of_driver,sex_of_driver,age_of_driver,age_band_of_driver,engine_capacity_cc,propulsion_code,age_of_vehicle,generic_make_model,driver_imd_decile,lsoa_of_driver,escooter_flag,driver_distance_banding
2020990932602,2020,990932602,2,9,0,9,9,7,5,0,0,6,0,0,0,0,3,1,5,6,2,40,7,1586,1,5,SUZUKI SX4,1,-1,0,-1
202031D021420,2020,31D021420,2,9,0,18,19,4,8,0,0,0,0,0,0,0,2,1,6,6,2,46,8,998,1,2,SUZUKI SX4,4,E01028260,0,-1
2020460974621,2020,460974621,1,9,0,4,4,5,1,0,0,0,0,0,0,0,3,1,5,6,2,27,6,998,1,4,SUZUKI SX4,5,E01024356,0,-1
2020200930915,2020,200930915,1,9,0,18,19,6,2,0,0,6,0,0,0,0,4,1,6,6,2,63,9,1586,1,13,SUZUKI SX4,10,E01010257,0,-1
2020100987555,2020,100987555,1,9,0,16,19,2,6,0,0,0,0,0,0,0,4,1,5,6,1,75,10,1586,1,10,SUZUKI SX4,-1,-1,0,-1
2020220986974,2020,220986974,2,9,0,18,19,7,3,0,0,8,0,0,0,0,1,1,2,2,2,52,8,1586,1,12,SUZUKI SX4,3,E01032292,0,-1
2020137AK0676,2020,137AK0676,2,9,0,18,19,3,7,0,0,1,0,0,0,0,2,1,6,6,1,37,7,1586,1,6,SUZUKI SX4,1,E01011473,0,-1
2020320049255,2020,320049255,1,9,0,18,19,3,7,0,0,0,0,0,0,0,3,1,6,6,1,45,7,1586,1,6,SUZUKI SX4,3,E01026032,0,-1
2020010248088,2020,010248088,2,9,0,99,99,9,9,99,99,9,9,99,9,99,1,9,6,6,3,-1,-1,1586,1,8,SUZUKI SX4,-1,-1,0,-1
2020400961276,2020,400961276,1,9,0,9,9,1,3,0,0,1,0,0,0,0,1,1,2,2,2,62,9,1586,1,12,SUZUKI SX4,6,E01016753,0,-1
2020440449027,2020,440449027,1,9,0,17,19,2,8,0,0,8,0,0,1,11,1,1,6,6,2,54,8,1586,1,13,SUZUKI SX4,2,E01017326,0,-1
2020122100048,2020,122100048,2,9,0,9,9,5,1,0,0,3,0,0,0,0,1,1,2,2,1,39,7,1199,1,1,VAUXHALL CROSSLAND,3,-1,0,-1
2020160967848,2020,160967848,2,9,0,10,10,2,8,0,0,1,0,0,0,0,1,1,6,6,2,29,6,1199,1,3,VAUXHALL CROSSLAND,5,E01012800,0,-1
202006XQ67786,2020,06XQ67786,3,9,0,18,19,3,7,0,0,0,0,0,0,0,2,1,6,6,2,31,6,1199,1,3,VAUXHALL CROSSLAND,6,E01005403,0,-1
2020052002589,2020,052002589,1,9,0,18,19,5,1,0,0,0,0,4,0,0,1,1,6,6,2,64,9,1199,1,1,VAUXHALL CROSSLAND,2,E01032511,0,-1
2020110984086,2020,110984086,2,9,0,3,3,5,1,0,0,0,0,0,0,0,2,1,2,2,2,53,8,1560,2,2,VAUXHALL CROSSLAND,5,E01020657,0,-1
2020137CN0970,2020,137CN0970,1,9,0,18,19,3,7,0,0,0,0,0,0,0,1,1,6,6,1,61,9,1199,1,0,VAUXHALL CROSSLAND,-1,-1,0,-1
2020990961887,2020,990961887,2,9,0,10,10,6,3,0,0,0,0,0,0,0,1,1,6,6,1,32,6,1199,1,2,VAUXHALL CROSSLAND,6,-1,0,-1
2020170S21060,2020,170S21060,2,9,0,7,7,3,5,0,0,8,0,0,0,0,1,1,6,6,2,58,9,1199,1,2,VAUXHALL CROSSLAND,9,E01012210,0,-1
202063A000320,2020,63A000320,1,9,0,18,19,8,4,0,0,0,0,0,0,0,0,1,6,6,2,49,8,1560,2,1,VAUXHALL CROSSLAND,5,W01000632,0,-1
2020350944198,2020,350944198,1,9,0,5,5,3,5,0,0,4,0,0,0,0,1,1,6,6,1,62,9,1199,1,1,VAUXHALL CROSSLAND,8,E01018215,0,-1
2020990922327,2020,990922327,2,9,0,4,4,3,7,0,0,0,0,0,0,0,2,1,2,2,1,56,9,1199,1,2,VAUXHALL CROSSLAND,1,-1,0,-1
2020010235557,2020,010235557,1,9,0,18,19,5,1,0,0,1,0,7,0,0,1,1,6,6,1,89,11,1199,1,1,VAUXHALL CROSSLAND,-1,-1,0,-1
2020100986777,2020,100986777,2,9,0,18,19,5,1,0,0,0,0,0,0,0,4,1,6,6,1,47,8,1560,2,2,VAUXHALL CROSSLAND,-1,-1,0,-1
2020010230693,2020,010230693,4,9,0,18,19,5,1,0,0,8,0,0,0,0,1,1,6,6,1,56,9,1199,1,2,VAUXHALL CROSSLAND,7,E01002962,0,-1
202006E277121,2020,06E277121,2,9,0,18,19,1,5,0,0,0,0,0,0,0,1,1,6,6,3,-1,-1,1199,1,0,VAUXHALL CROSSLAND,-1,-1,0,-1
2020010284737,2020,010284737,1,9,0,9,9,5,3,0,0,8,0,0,0,0,0,1,3,7,2,37,7,1199,1,0,VAUXHALL CROSSLAND,4,E01000733,0,-1
2020010262509,2020,010262509,1,9,0,9,9,5,3,0,0,6,0,0,0,0,1,1,6,6,2,50,8,1199,1,1,VAUXHALL CROSSLAND,6,E01002680,0,-1
2020070099236,2020,070099236,2,9,0,18,19,3,1,0,0,1,0,0,0,0,0,1,2,2,2,42,7,1199,1,2,VAUXHALL CROSSLAND,2,E01018314,0,-1
2020990925995,2020,990925995,1,9,0,18,19,1,4,0,0,1,0,0,0,0,2,1,5,6,1,55,8,1199,1,2,VAUXHALL CROSSLAND,6,-1,0,-1
202054B770720,2020,54B770720,1,9,0,5,5,2,6,0,0,4,0,0,0,0,3,1,1,1,2,22,5,1199,1,1,VAUXHALL CROSSLAND,10,E01031906,0,-1
2020010243209,2020,010243209,2,9,0,18,19,3,7,0,0,2,0,0,0,0,1,1,6,6,1,30,6,1199,1,1,VAUXHALL CROSSLAND,1,E01004722,0,-1
2020170S30110,2020,170S30110,1,9,0,10,10,7,5,0,0,1,0,0,0,0,2,1,6,6,2,46,8,1199,1,1,VAUXHALL CROSSLAND,9,E01012230,0,-1
2020610002820,2020,610002820,1,9,0,4,4,5,1,0,0,8,0,0,0,0,2,1,6,6,1,70,10,1199,1,1,VAUXHALL CROSSLAND,5,W01001432,0,-1
2020461010832,2020,461010832,1,9,0,18,19,6,2,0,0,4,0,0,0,0,1,1,6,6,2,20,4,1199,1,2,VAUXHALL CROSSLAND,2,E01024476,0,-1
20201379K0344,2020,1379K0344,1,9,0,18,19,5,1,0,0,0,2,12,1,4,1,1,2,2,2,30,6,1199,1,1,VAUXHALL CROSSLAND,2,E01007636,0,-1
2020200947817,2020,200947817,2,9,0,18,19,1,5,0,0,8,0,10,7,0,1,1,6,6,1,47,8,1199,1,1,VAUXHALL CROSSLAND,1,E01009132,0,-1
2020500956774,2020,500956774,1,9,0,6,6,1,5,0,0,0,0,0,0,0,4,1,5,6,1,29,6,1199,1,1,VAUXHALL CROSSLAND,1,E01015152,0,-1
2020201021031,2020,201021031,3,9,0,18,19,6,2,0,0,0,0,0,0,0,1,1,6,6,1,37,7,1199,1,0,VAUXHALL CROSSLAND,2,E01008999,0,-1
2020010237754,2020,010237754,1,9,0,18,19,3,7,0,0,1,0,0,0,0,4,1,6,6,1,36,7,1199,1,1,VAUXHALL CROSSLAND,4,E01001909,0,-1
2020010245215,2020,010245215,1,9,0,18,19,7,3,0,0,1,0,0,0,0,1,1,2,2,1,50,8,1199,1,0,VAUXHALL CROSSLAND,2,E01003390,0,-1
2020052000083,2020,052000083,1,9,0,18,19,5,1,0,0,4,0,0,0,0,1,1,6,6,1,52,8,1199,1,1,VAUXHALL CROSSLAND,2,E01007244,0,-1
2020220938635,2020,220938635,2,9,0,18,19,2,6,0,0,0,1,0,7,0,1,1,5,6,1,45,7,1199,1,1,VAUXHALL CROSSLAND,10,E01033059,0,-1
2020010251732,2020,010251732,1,9,0,18,19,3,7,0,0,8,0,0,0,0,1,1,6,6,2,22,5,1199,1,2,VAUXHALL CROSSLAND,2,E01003290,0,-1
2020010266244,2020,010266244,1,9,9,99,99,9,9,0,0,0,9,99,9,99,2,9,6,6,1,28,6,1199,1,1,VAUXHALL CROSSLAND,4,E01021844,0,-1
2020052002229,2020,052002229,1,9,0,17,19,8,4,0,0,0,2,0,1,10,4,1,6,6,1,31,6,1199,1,1,VAUXHALL CROSSLAND,1,E01007126,0,-1
2020471008443,2020,471008443,1,9,0,18,19,1,5,0,0,8,0,0,0,0,1,1,5,6,1,44,7,1199,1,2,VAUXHALL CROSSLAND,3,E01031360,0,-1
2020340E00222,2020,340E00222,1,9,0,18,19,2,6,0,0,8,0,0,0,0,3,1,6,6,1,68,10,1199,1,2,VAUXHALL CROSSLAND,10,E01027116,0,-1
2020990960531,2020,990960531,1,9,0,18,19,2,6,0,0,0,1,0,2,0,1,1,6,6,1,70,10,1199,1,3,VAUXHALL CROSSLAND,8,-1,0,-1
2020160976756,2020,160976756,2,9,0,3,3,6,2,0,0,1,0,0,0,0,2,1,5,6,1,63,9,1199,1,0,VAUXHALL CROSSLAND,7,E01012815,0,-1
2020040932366,2020,040932366,1,9,0,18,19,1,5,0,0,1,0,0,1,10,1,1,6,6,2,41,7,1499,2,1,VAUXHALL CROSSLAND,3,E01025368,0,-1
2020040951292,2020,040951292,1,9,0,5,5,1,5,8,6,0,0,0,0,0,2,1,5,6,1,63,9,1199,1,1,VAUXHALL CROSSLAND,1,E01025570,0,-1
20201376D0506,2020,1376D0506,2,9,0,17,19,1,5,0,0,0,0,0,0,0,1,1,6,6,2,24,5,1199,1,2,VAUXHALL CROSSLAND,-1,-1,0,-1
2020040940129,2020,040940129,1,9,0,18,19,1,1,0,0,0,0,0,0,0,3,1,6,6,2,43,7,1560,2,2,VAUXHALL CROSSLAND,8,E01025354,0,-1
2020010284617,2020,010284617,1,9,0,18,19,7,3,0,0,8,0,0,0,0,1,1,1,1,1,38,7,1199,1,0,VAUXHALL CROSSLAND,10,E01030343,0,-1
2020200991895,2020,200991895,2,9,0,3,3,8,4,0,0,1,0,0,0,0,2,1,1,1,1,28,6,1199,1,1,VAUXHALL CROSSLAND,1,E01008941,0,-1
202031C150320,2020,31C150320,2,9,0,18,19,1,5,0,0,8,0,0,0,0,1,1,6,6,1,53,8,1199,1,0,VAUXHALL CROSSLAND,3,E01013929,0,-1
2020340S00052,2020,340S00052,1,9,0,18,19,1,5,0,0,8,1,0,1,0,1,1,2,2,1,27,6,1199,1,1,VAUXHALL CROSSLAND,1,E01027013,0,-1
2020122001029,2020,122001029,1,9,0,18,19,2,5,0,0,8,0,0,0,0,1,1,6,6,2,83,11,1199,1,0,VAUXHALL CROSSLAND,7,E01013345,0,-1
2020010249112,2020,010249112,3,9,0,18,19,3,7,0,0,2,0,0,0,0,1,1,6,6,1,33,6,1199,1,2,VAUXHALL CROSSLAND,6,E01003254,0,-1
2020430274989,2020,430274989,1,9,0,17,19,5,1,0,0,0,5,0,0,7,2,1,1,1,2,27,6,1199,1,3,VAUXHALL CROSSLAND,-1,-1,0,-1
2020100969216,2020,100969216,2,9,0,18,19,3,7,0,0,6,0,0,0,0,4,1,5,6,2,31,6,1199,1,1,VAUXHALL CROSSLAND,2,E01008693,0,-1
2020430012781,2020,430012781,2,9,0,18,19,4,8,0,0,0,0,0,0,0,1,1,6,6,1,29,6,1199,1,1,VAUXHALL CROSSLAND,-1,-1,0,-1
2020052000305,2020,052000305,1,9,0,9,9,4,3,0,0,1,0,0,0,0,1,1,6,6,1,30,6,1199,1,1,VAUXHALL CROSSLAND,2,E01006464,0,-1
2020990974669,2020,990974669,2,9,0,18,19,7,3,0,0,0,0,0,0,0,1,1,5,6,1,73,10,1199,1,2,VAUXHALL CROSSLAND,7,-1,0,-1
2020340C05152,2020,340C05152,2,9,0,4,4,2,6,0,0,0,0,0,0,0,2,1,6,6,1,66,10,1199,1,1,VAUXHALL CROSSLAND,4,E01026183,0,-1
2020351008098,2020,351008098,1,9,0,18,19,1,1,0,0,0,1,0,1,11,1,1,6,6,1,46,8,1199,1,0,VAUXHALL CROSSLAND,5,E01018084,0,-1
2020990945878,2020,990945878,1,9,0,4,4,5,1,0,0,0,0,0,0,0,1,1,6,6,2,59,9,1199,1,1,VAUXHALL CROSSLAND,3,-1,0,-1
2020990957789,2020,990957789,1,9,0,16,19,7,3,0,0,0,1,0,0,0,1,1,5,6,1,69,10,1199,1,0,VAUXHALL CROSSLAND,8,-1,0,-1
2020030983378,2020,030983378,1,9,0,18,19,6,2,0,0,1,0,0,0,0,4,1,6,6,1,76,11,1560,2,2,VAUXHALL CROSSLAND,2,E01019173,0,-1
2020340N08652,2020,340N08652,1,9,0,18,19,1,5,0,0,8,0,0,0,0,1,1,6,6,2,25,5,1199,1,1,VAUXHALL CROSSLAND,3,E01027147,0,-1
2020991010129,2020,991010129,1,9,0,7,7,7,1,0,0,6,0,0,0,0,0,1,6,6,2,32,6,1199,1,0,VAUXHALL CROSSLAND,6,-1,0,-1
2020201003339,2020,201003339,1,9,0,4,4,6,2,0,0,1,0,0,0,0,1,1,6,6,1,34,6,1199,1,3,VAUXHALL CROSSLAND,1,E01032889,0,-1
2020052002445,2020,052002445,1,9,0,18,19,4,8,0,0,0,0,0,0,0,1,1,6,6,2,75,10,1199,1,1,VAUXHALL CROSSLAND,9,E01006936,0,-1
2020161005937,2020,161005937,2,9,0,18,19,1,5,0,0,4,0,0,0,0,2,1,5,6,1,39,7,1199,1,0,VAUXHALL CROSSLAND,6,E01011026,0,-1
2020450920779,2020,450920779,1,9,0,4,4,1,5,0,0,0,0,0,0,0,1,1,5,6,1,84,11,1199,1,1,VAUXHALL CROSSLAND,5,E01016226,0,-1
2020200960893,2020,200960893,1,9,0,18,19,8,4,0,0,8,0,0,0,0,1,1,6,6,2,29,6,1199,1,1,VAUXHALL CROSSLAND,3,E01009316,0,-1
2020010268817,2020,010268817,1,9,0,6,6,5,5,0,0,1,0,0,0,0,4,1,6,6,1,33,6,1199,1,0,VAUXHALL CROSSLAND,3,E01004200,0,-1
2020052000148,2020,052000148,1,9,0,4,4,3,7,0,0,8,0,0,0,0,3,1,6,6,1,29,6,1199,1,1,VAUXHALL CROSSLAND,5,E01007173,0,-1
2020440471674,2020,440471674,3,9,0,2,2,0,0,0,0,2,0,4,0,0,2,1,6,6,3,-1,-1,1560,2,2,VAUXHALL CROSSLAND,-1,-1,0,-1
2020552000287,2020,552000287,2,9,0,18,19,6,2,0,0,0,0,0,7,10,1,1,6,6,2,43,7,1560,2,2,VAUXHALL CROSSLAND,6,E01020449,0,-1
2020200995777,2020,200995777,2,9,0,12,12,4,8,0,0,7,0,0,0,0,4,1,6,6,1,39,7,1199,1,1,VAUXHALL CROSSLAND,1,E01009203,0,-1
2020140963700,2020,140963700,1,9,0,7,7,7,1,0,0,8,0,0,0,0,4,1,5,6,1,66,10,1199,1,1,VAUXHALL CROSSLAND,-1,-1,0,-1
2020200947324,2020,200947324,2,9,0,18,19,1,5,0,0,8,0,0,0,0,1,1,6,6,1,70,10,1199,1,2,VAUXHALL CROSSLAND,1,E01010423,0,-1
2020370940526,2020,370940526,1,9,0,5,5,2,6,0,0,0,0,4,0,0,1,1,6,6,1,81,11,1199,1,1,VAUXHALL CROSSLAND,4,E01030109,0,-1
2020137760643,2020,137760643,1,9,0,9,9,3,5,0,0,1,0,0,0,0,4,1,6,6,1,70,10,1199,1,1,VAUXHALL CROSSLAND,1,E01011747,0,-1
2020450967111,2020,450967111,4,9,0,5,5,5,1,0,0,1,0,0,0,0,1,1,5,6,1,75,10,1199,1,1,VAUXHALL CROSSLAND,10,E01030376,0,-1
2020040968869,2020,040968869,1,9,0,7,7,7,3,0,0,5,0,0,0,0,4,1,5,6,2,47,8,1199,1,0,VAUXHALL CROSSLAND,10,E01006062,0,-1
2020010272908,2020,010272908,2,9,0,18,19,7,3,0,0,0,0,0,0,0,1,1,6,6,1,22,5,1499,2,1,VAUXHALL CROSSLAND,5,E01003640,0,-1
2020052002659,2020,052002659,1,9,0,9,9,6,2,0,0,2,0,0,0,0,1,1,6,6,2,72,10,1199,1,2,VAUXHALL CROSSLAND,4,E01006893,0,-1
2020137BM0899,2020,137BM0899,1,9,0,9,9,5,2,0,0,8,0,0,0,0,4,1,6,6,1,22,5,1199,1,1,VAUXHALL CROSSLAND,5,E01011749,0,-1
2020410959807,2020,410959807,2,9,0,4,4,2,6,0,0,0,0,0,0,0,2,1,6,6,1,46,8,1199,1,1,VAUXHALL CROSSLAND,3,E01023496,0,-1
2020220921391,2020,220921391,1,9,0,17,19,7,4,0,0,0,0,0,0,0,4,1,6,6,1,60,9,1199,1,1,VAUXHALL CROSSLAND,4,E01029010,0,-1
2020520001361,2020,520001361,1,9,0,3,3,5,1,0,0,0,0,0,0,0,2,1,6,6,1,25,5,1199,1,1,VAUXHALL CROSSLAND,4,E01029090,0,-1
2020430358385,2020,430358385,1,9,0,16,19,3,7,0,0,3,0,0,0,0,1,1,6,6,1,20,4,1199,1,1,VAUXHALL CROSSLAND,4,E01028587,0,-1
2020540183319,2020,540183319,2,9,0,6,6,3,1,0,0,8,0,0,0,0,3,1,6,6,2,40,7,1199,1,2,VAUXHALL CROSSLAND,8,E01015551,0,-1
2020990968210,2020,990968210,1,9,0,9,9,3,1,0,0,1,0,0,0,0,1,1,5,6,1,75,10,1199,1,2,VAUXHALL CROSSLAND,1,-1,0,-1
2020500937233,2020,500937233,2,9,0,13,13,5,1,0,0,0,0,0,7,9,4,1,5,6,2,65,9,1199,1,1,VAUXHALL CROSSLAND,5,E01020303,0,-1
2020990972270,2020,990972270,1,9,0,5,5,5,1,0,0,2,0,0,0,0,4,1,6,6,2,65,9,1199,1,0,VAUXHALL CROSSLAND,3,-1,0,-1
2020122001109,2020,122001109,1,9,0,18,19,5,1,0,0,0,2,0,2,4,1,1,6,6,1,42,7,1199,1,0,VAUXHALL CROSSLAND,4,E01021707,0,-1
2020010254351,2020,010254351,1,9,0,99,99,9,9,99,99,9,9,99,9,99,2,9,6,6,1,67,10,1199,1,0,VAUXHALL CROSSLAND,3,E01004344,0,-1
2020160945111,2020,160945111,1,9,0,4,4,2,6,0,0,1,0,0,0,0,4,1,6,6,1,80,11,1560,2,2,VAUXHALL CROSSLAND,1,E01012786,0,-1
2020010244568,2020,010244568,1,9,0,17,19,1,7,0,0,0,0,0,0,0,1,1,6,6,2,79,11,1199,1,1,VAUXHALL CROSSLAND,2,E01001246,0,-1
2020500997630,2020,500997630,1,9,0,9,9,3,1,0,0,5,1,0,0,0,4,1,5,6,1,42,7,1199,1,1,VAUXHALL CROSSLAND,5,E01018903,0,-1
2020471008600,2020,471008600,1,9,0,16,19,5,1,0,0,0,5,0,0,0,1,1,6,6,2,61,9,1199,1,0,VAUXHALL CROSSLAND,6,E01020949,0,-1
202006M173948,2020,06M173948,1,9,0,18,19,2,6,0,0,8,0,0,0,0,3,1,6,6,2,48,8,1199,1,1,VAUXHALL CROSSLAND,1,E01005065,0,-1
2020990972231,2020,990972231,1,9,0,18,19,7,3,0,0,1,0,0,0,0,1,1,5,6,1,72,10,1499,2,1,VAUXHALL CROSSLAND,3,-1,0,-1
2020400992060,2020,400992060,1,9,0,2,2,0,0,0,0,0,0,0,0,0,2,1,5,6,2,71,10,1499,2,1,VAUXHALL CROSSLAND,6,E01015766,0,-1
2020522100649,2020,522100649,3,9,0,4,4,1,5,0,0,0,0,0,0,0,2,1,6,6,2,46,8,1199,1,1,VAUXHALL CROSSLAND,5,W01001291,0,-1
2020040972869,2020,040972869,2,9,0,18,19,1,5,0,0,0,0,0,0,0,1,1,5,6,2,63,9,1199,1,2,VAUXHALL CROSSLAND,7,E01025557,0,-1
2020991003984,2020,991003984,2,9,0,18,19,7,3,0,0,1,0,0,0,0,4,1,1,1,2,29,6,1199,1,0,VAUXHALL CROSSLAND,1,-1,0,-1
202054C082220,2020,54C082220,2,9,0,18,19,2,6,0,0,0,0,0,0,0,1,1,6,6,2,50,8,1199,1,2,VAUXHALL CROSSLAND,8,E01028765,0,-1
2020990969343,2020,990969343,1,9,0,18,19,3,7,0,0,1,0,0,1,4,4,1,6,6,1,41,7,1199,1,1,VAUXHALL CROSSLAND,8,-1,0,-1
2020170H10060,2020,170H10060,3,9,0,2,2,0,0,0,0,0,0,0,0,0,2,1,6,6,2,-1,-1,1560,2,2,VAUXHALL CROSSLAND,7,E01012244,0,-1
2020070296820,2020,070296820,2,11,0,18,19,6,2,3,2,8,1,0,7,1,1,1,1,1,1,57,9,6700,2,8,VDL Model Missing,-1,-1,0,-1
2020370944712,2020,370944712,1,11,0,5,5,7,3,0,0,8,0,0,0,0,1,1,1,1,1,69,10,6700,2,10,VDL Model Missing,9,E01030191,0,-1
2020110979384,2020,110979384,1,11,0,16,19,4,7,0,0,1,0,0,0,0,0,1,1,1,2,33,6,6700,2,10,VDL Model Missing,1,E01020902,0,-1
2020170S10090,2020,170S10090,2,11,0,18,19,8,4,0,0,8,0,0,0,0,1,1,1,1,1,38,7,6700,2,9,VDL Model Missing,2,E01012168,0,-1
2020070469616,2020,070469616,2,11,0,18,19,5,1,2,2,1,0,0,0,0,4,1,1,1,1,54,8,6700,2,8,VDL Model Missing,1,E01012403,0,-1
2020430040709,2020,430040709,2,11,0,18,19,8,4,0,0,8,0,0,0,0,4,1,1,1,1,50,8,6700,2,8,VDL Model Missing,5,E01016822,0,-1
2020100996024,2020,100996024,1,11,0,2,2,7,3,0,0,0,0,0,0,0,0,1,1,1,1,46,8,6700,2,8,VDL Model Missing,-1,-1,0,-1
2020010230913,2020,010230913,1,11,0,18,19,5,1,0,0,3,0,0,0,0,0,1,1,1,1,62,9,-1,5,10,VDL Model Missing,2,E01001550,0,-1
2020170L10150,2020,170L10150,2,11,0,18,19,2,6,0,0,2,0,0,0,0,1,1,1,1,1,31,6,6700,2,10,VDL Model Missing,1,E01012061,0,-1
2020542182420,2020,542182420,1,11,0,18,19,1,5,0,0,0,0,0,0,0,1,1,6,6,1,59,9,12902,2,5,VDL Model Missing,7,E01015560,0,-1
2020170M11880,2020,170M11880,2,11,0,18,19,5,1,0,0,8,0,0,0,0,1,1,1,1,1,45,7,6700,2,10,VDL Model Missing,-1,-1,0,-1
2020140943152,2020,140943152,2,11,0,18,19,4,8,0,0,8,0,0,0,0,1,1,1,1,1,42,7,6700,2,8,VDL Model Missing,5,E01007361,0,-1
2020040974957,2020,040974957,2,11,0,18,19,2,6,0,0,8,0,0,0,0,1,1,1,1,1,61,9,6700,2,11,VDL Model Missing,1,E01007012,0,-1
2020101006889,2020,101006889,1,11,0,4,4,5,1,0,0,1,0,0,0,0,0,1,1,1,1,56,9,6700,2,8,VDL Model Missing,9,E01027526,0,-1
2020100968526,2020,100968526,1,11,0,18,19,8,4,0,0,0,0,0,0,0,0,1,1,1,1,41,7,6700,2,8,VDL Model Missing,1,E01027415,0,-1
202006F275395,2020,06F275395,1,11,0,18,19,2,6,0,0,1,0,0,0,0,0,1,1,1,1,64,9,6700,2,8,VDL Model Missing,6,E01004910,0,-1
2020052002021,2020,052002021,2,4,0,18,19,1,5,0,0,0,1,10,0,0,2,1,6,6,1,23,5,599,1,22,-1,2,E01018525,0,-1
2020991003397,2020,991003397,1,5,0,13,13,8,3,0,0,0,0,0,0,0,1,1,5,6,1,30,6,599,1,19,-1,6,-1,0,-1
2020360952705,2020,360952705,1,5,0,16,19,4,7,0,0,0,1,0,0,0,3,1,2,2,1,62,9,599,1,18,-1,5,E01026718,0,-1
2020522003744,2020,522003744,2,5,0,4,4,6,2,0,0,8,1,0,0,0,1,1,6,6,1,34,6,599,1,22,-1,10,E01014985,0,-1
2020010271144,2020,010271144,1,5,0,18,19,1,5,0,0,2,2,0,1,0,1,1,6,6,1,30,6,599,1,22,-1,8,E01000261,0,-1
2020070712723,2020,070712723,3,5,0,18,19,4,8,0,0,0,0,0,1,0,1,1,2,2,1,48,8,599,1,21,-1,4,W01000259,0,-1
2020461006046,2020,461006046,1,5,0,7,7,7,1,0,0,8,2,0,0,0,0,1,2,2,1,27,6,599,1,18,-1,7,E01024743,0,-1
2020440493078,2020,440493078,1,4,0,14,14,6,2,0,0,0,0,0,0,0,3,1,6,6,1,75,10,599,1,23,-1,4,E01022723,0,-1
202063D058020,2020,63D058020,1,5,0,16,19,3,6,0,0,0,1,0,7,7,3,1,6,6,1,19,4,599,1,21,-1,2,E01010404,0,-1
2020010247651,2020,010247651,1,3,0,16,19,3,7,2,2,1,0,0,0,0,3,1,2,2,1,38,7,124,1,11,-1,-1,-1,0,-1
2020010251512,2020,010251512,1,9,0,12,12,3,7,0,0,2,0,11,0,0,4,1,6,6,1,22,5,1499,1,2,BMW 2 SERIES,2,E01001328,0,-1
2020340N08292,2020,340N08292,1,9,0,7,7,5,7,0,0,5,0,0,0,0,0,1,6,6,1,51,8,1995,2,2,BMW 2 SERIES,2,E01027243,0,-1
2020010286321,2020,010286321,1,9,0,1,1,1,5,0,0,8,0,0,0,0,2,1,1,1,2,24,5,1499,1,1,BMW 2 SERIES,3,E01002695,0,-1
2020440385183,2020,440385183,1,9,0,18,19,6,2,0,0,8,5,0,1,1,4,1,6,6,1,25,5,1995,2,5,BMW 2 SERIES,4,E01001684,0,-1
2020350983711,2020,350983711,1,9,0,18,19,5,8,4,4,0,0,0,7,0,1,1,1,1,1,26,6,1499,1,2,BMW 2 SERIES,2,E01004283,0,-1
202031P076420,2020,31P076420,2,9,0,18,19,1,5,0,0,0,0,0,0,0,3,1,6,6,1,21,5,1499,1,3,BMW 2 SERIES,7,E01019754,0,-1
2020010270580,2020,010270580,2,9,0,18,19,7,3,0,0,8,0,0,0,0,0,1,1,1,1,45,7,1499,1,2,BMW 2 SERIES,3,E01004666,0,-1
2020010253023,2020,010253023,2,9,0,2,2,0,0,0,0,0,0,4,0,0,3,1,6,6,3,-1,-1,1499,1,0,BMW 2 SERIES,-1,-1,0,-1
2020140983817,2020,140983817,1,9,0,9,9,8,6,0,0,1,0,0,0,0,3,1,5,6,2,67,10,1499,1,3,BMW 2 SERIES,8,E01011769,0,-1
2020460994211,2020,460994211,1,9,0,18,19,5,1,0,0,0,0,0,2,4,3,1,6,6,1,23,5,1995,2,5,BMW 2 SERIES,5,E01000979,0,-1
2020010257964,2020,010257964,2,9,0,4,4,7,3,0,0,0,0,0,0,0,1,1,6,6,1,39,7,1995,2,2,BMW 2 SERIES,7,E01001255,0,-1
2020622000351,2020,622000351,2,9,0,18,19,2,6,0,0,0,0,0,1,7,1,1,6,6,1,35,6,1995,2,4,BMW 2 SERIES,9,W01001133,0,-1
2020010263232,2020,010263232,2,9,0,99,99,9,9,99,99,9,9,99,9,99,1,9,6,6,3,30,6,1496,2,4,BMW 2 SERIES,-1,-1,0,-1
2020010256626,2020,010256626,1,9,0,18,19,4,8,0,0,8,0,0,0,0,3,1,6,6,1,20,4,1499,1,2,BMW 2 SERIES,10,E01001129,0,-1
2020211026365,2020,211026365,2,9,0,3,3,1,5,0,0,0,0,0,0,0,2,1,6,6,1,65,9,1499,1,0,BMW 2 SERIES,10,E01014350,0,-1
2020552000284,2020,552000284,1,9,0,11,11,8,4,0,0,8,0,0,0,0,4,1,2,2,2,39,7,1499,1,1,BMW 2 SERIES,7,E01020357,0,-1