collision_index,collision_year,collision_ref_no,vehicle_reference,vehicle_type,towing_and_articulation,vehicle_manoeuvre_historic,vehicle_manoeuvre,vehicle_direction_from,vehicle_direction_to,vehicle_location_restricted_lane_historic,vehicle_location_restricted_lane,junction_location,skidding_and_overturning,hit_object_in_carriageway,vehicle_leaving_carriageway,hit_object_off_carriageway,first_point_of_impact,vehicle_left_hand_drive,journey_purpose_of_driver_historic,journey_purpose_of_driver,sex_of_driver,age_of_driver,age_band_of_driver,engine_capacity_cc,propulsion_code,age_of_vehicle,generic_make_model,driver_imd_decile,lsoa_of_driver,escooter_flag,driver_distance_banding
2020500943286,2020,500943286,2,9,0,4,4,1,5,0,0,1,0,0,0,0,3,1,6,6,1,25,5,1995,2,6,BMW 2 SERIES,8,E01019966,0,-1
2020010256206,2020,010256206,1,9,0,3,3,2,6,0,0,1,0,0,0,0,1,1,1,1,1,39,7,1499,1,2,BMW 2 SERIES,6,E01002353,0,-1
2020010244989,2020,010244989,1,9,0,18,19,1,5,0,0,0,0,0,0,0,1,1,6,6,2,32,6,1499,1,2,BMW 2 SERIES,4,E01001005,0,-1
2020010260342,2020,010260342,2,9,0,4,4,2,6,0,0,2,0,0,0,0,2,1,1,1,2,40,7,1499,1,2,BMW 2 SERIES,7,E01003456,0,-1
2020340N07492,2020,340N07492,2,9,0,9,9,1,6,0,0,8,0,0,0,0,4,1,6,6,2,41,7,1499,1,2,BMW 2 SERIES,1,E01027231,0,-1
2020010241104,2020,010241104,2,9,0,18,19,5,1,0,0,1,0,0,0,0,4,1,1,1,1,33,6,1499,1,1,BMW 2 SERIES,3,E01000740,0,-1
2020010277363,2020,010277363,1,9,0,18,19,3,7,0,0,2,0,0,0,0,1,1,6,6,1,28,6,1995,2,4,BMW 2 SERIES,2,E01000023,0,-1
2020122001130,2020,122001130,1,9,0,9,9,7,5,0,0,6,0,0,0,0,3,1,6,6,2,47,8,1499,1,4,BMW 2 SERIES,10,E01013358,0,-1
2020010271257,2020,010271257,2,9,0,13,13,5,1,0,0,1,0,0,0,0,1,1,1,1,2,30,6,1499,1,0,BMW 2 SERIES,6,E01023751,0,-1
2020010243566,2020,010243566,2,9,0,17,19,7,4,0,0,8,0,0,0,0,1,1,1,1,1,32,6,1499,1,0,BMW 2 SERIES,2,E01001215,0,-1
2020010230372,2020,010230372,1,9,9,99,99,9,9,99,99,0,9,0,0,0,2,9,6,6,2,52,8,1499,1,3,BMW 2 SERIES,5,E01004046,0,-1
2020622000938,2020,622000938,1,9,0,9,9,8,7,0,0,1,0,0,0,0,1,1,6,6,1,30,6,1499,1,2,BMW 2 SERIES,4,W01001270,0,-1
2020450946645,2020,450946645,2,9,0,16,19,1,3,0,0,4,0,0,0,0,3,1,6,6,1,64,9,1998,1,2,BMW 2 SERIES,9,E01030768,0,-1
2020440088268,2020,440088268,1,9,0,18,19,7,4,0,0,0,0,0,1,4,2,1,6,6,2,62,9,1995,2,2,BMW 2 SERIES,4,E01017290,0,-1
2020200972301,2020,200972301,1,9,0,18,19,1,5,0,0,0,0,0,0,0,1,1,1,1,1,20,4,1499,1,1,BMW 2 SERIES,3,E01009199,0,-1
2020430024641,2020,430024641,1,9,0,18,19,1,5,9,9,2,0,0,0,0,4,1,6,6,2,45,7,1499,1,1,BMW 2 SERIES,10,E01016684,0,-1
2020552000417,2020,552000417,1,9,0,5,5,8,4,0,0,8,0,0,0,0,3,1,2,2,2,50,8,1499,1,4,BMW 2 SERIES,7,E01015348,0,-1
2020541314420,2020,541314420,1,9,0,18,19,5,1,0,0,0,2,10,7,0,4,1,6,6,2,22,5,1995,2,5,BMW 2 SERIES,5,E01020448,0,-1
202006XF74155,2020,06XF74155,2,9,0,18,19,1,5,0,0,7,0,0,0,0,2,1,6,6,1,45,7,1499,1,2,BMW 2 SERIES,10,E01006153,0,-1
2020010280589,2020,010280589,1,9,0,18,19,7,3,0,0,8,0,0,1,2,1,1,1,1,1,27,6,1499,1,2,BMW 2 SERIES,7,E01003199,0,-1
2020410980561,2020,410980561,2,9,0,5,5,3,7,0,0,8,0,0,0,0,1,1,5,6,1,21,5,1499,1,2,BMW 2 SERIES,9,E01023308,0,-1
2020440281350,2020,440281350,2,9,0,4,4,4,8,0,0,1,0,0,0,0,1,1,6,6,2,45,7,1499,1,4,BMW 2 SERIES,6,E01023007,0,-1
2020010248726,2020,010248726,1,9,0,99,99,9,9,99,99,9,9,99,9,99,1,9,2,2,1,39,7,1998,1,5,BMW 2 SERIES,2,E01004024,0,-1
2020160932396,2020,160932396,1,9,0,9,9,7,5,2,2,2,0,0,0,0,1,1,6,6,2,53,8,1499,1,1,BMW 2 SERIES,1,E01012857,0,-1
2020052001104,2020,052001104,1,9,0,18,19,4,8,0,0,8,0,0,0,0,1,1,6,6,2,49,8,1998,1,3,BMW 2 SERIES,10,E01006937,0,-1
2020010278525,2020,010278525,1,9,0,18,19,3,7,0,0,1,0,0,0,0,1,1,2,2,1,32,6,1499,1,3,BMW 2 SERIES,9,E01003380,0,-1
2020350938711,2020,350938711,1,9,0,9,9,5,3,0,0,1,0,0,0,0,1,1,6,6,2,45,7,1496,2,5,BMW 2 SERIES,4,E01018100,0,-1
2020137C10742,2020,137C10742,2,9,0,9,9,6,3,0,0,1,0,0,0,0,2,1,6,6,1,36,7,1499,1,3,BMW 2 SERIES,4,E01007444,0,-1
2020010265310,2020,010265310,2,9,0,9,9,6,3,0,0,2,0,0,0,0,3,1,6,6,2,57,9,1499,1,2,BMW 2 SERIES,6,E01033463,0,-1
2020010278063,2020,010278063,1,9,0,18,19,1,5,0,0,1,0,0,0,0,1,1,1,1,1,47,8,1496,2,2,BMW 2 SERIES,8,E01000328,0,-1
2020041007182,2020,041007182,1,9,0,11,11,1,5,0,0,1,5,0,0,0,4,1,5,6,2,32,6,1499,1,0,BMW 2 SERIES,3,E01012644,0,-1
2020200928731,2020,200928731,1,9,0,9,9,3,1,0,0,6,0,0,0,0,1,1,6,6,2,-1,-1,1499,1,1,BMW 2 SERIES,-1,-1,0,-1
2020460952526,2020,460952526,1,9,0,18,19,1,5,0,0,0,0,0,0,0,4,1,6,6,1,20,4,1499,1,4,BMW 2 SERIES,7,E01032656,0,-1
2020010248385,2020,010248385,2,9,0,18,19,1,5,0,0,8,0,0,0,0,1,1,6,6,2,32,6,1995,2,6,BMW 2 SERIES,1,E01004449,0,-1
2020200977053,2020,200977053,1,9,0,18,19,1,5,0,0,0,0,0,0,0,3,1,6,6,1,50,8,1995,2,4,BMW 2 SERIES,3,E01009077,0,-1
2020030991501,2020,030991501,1,9,0,9,9,2,4,0,0,6,0,0,0,0,1,1,5,6,2,39,7,1499,1,2,BMW 2 SERIES,9,E01019191,0,-1
202031A030820,2020,31A030820,3,9,0,3,3,6,2,0,0,8,0,0,0,0,2,1,6,6,2,40,7,1998,1,1,BMW 2 SERIES,2,E01027967,0,-1
2020200946849,2020,200946849,1,9,0,10,10,1,7,0,0,8,0,0,0,0,3,1,6,6,2,40,7,1499,1,1,BMW 2 SERIES,1,E01010292,0,-1
202006A275856,2020,06A275856,2,9,0,2,2,0,0,0,0,0,2,0,0,0,1,1,6,6,3,22,5,1499,1,2,BMW 2 SERIES,-1,-1,0,-1
2020010230250,2020,010230250,1,9,0,18,19,3,7,0,0,0,0,0,0,0,1,1,1,1,1,27,6,1499,1,1,BMW 2 SERIES,-1,-1,0,-1
2020010253941,2020,010253941,3,9,0,13,13,7,3,0,0,1,0,0,0,0,0,1,1,1,1,46,8,1499,1,1,BMW 2 SERIES,4,E01033589,0,-1
2020010239174,2020,010239174,1,9,0,16,19,1,5,9,9,0,0,0,7,4,1,1,6,6,1,21,5,1995,2,6,BMW 2 SERIES,2,E01004000,0,-1
2020010237866,2020,010237866,1,9,0,4,4,8,4,0,0,2,0,4,0,0,4,1,6,6,2,34,6,1496,2,5,BMW 2 SERIES,2,E01032562,0,-1
2020460925589,2020,460925589,3,9,0,18,19,6,2,0,0,0,0,0,0,0,1,1,5,6,2,31,6,1499,8,1,BMW 2 SERIES,5,E01024489,0,-1
2020040927229,2020,040927229,1,9,0,18,19,7,3,0,0,0,0,0,0,0,0,1,5,6,2,30,6,1995,2,1,BMW 2 SERIES,1,E01012577,0,-1
2020430363669,2020,430363669,1,9,0,9,9,1,7,0,0,6,0,0,0,0,3,1,6,6,1,30,6,1995,2,4,BMW 2 SERIES,7,E01017925,0,-1
2020302000984,2020,302000984,1,9,0,18,19,3,7,0,0,0,5,0,1,11,4,1,6,6,1,23,5,1499,1,2,BMW 2 SERIES,10,E01019606,0,-1
2020010278339,2020,010278339,2,9,0,9,9,7,5,0,0,5,0,0,0,0,4,1,6,6,1,21,5,1995,2,4,BMW 2 SERIES,2,E01003302,0,-1
2020010242053,2020,010242053,3,9,0,18,19,7,3,0,0,0,0,0,0,0,0,1,6,6,1,28,6,1499,1,2,BMW 2 SERIES,7,E01003199,0,-1
2020010282743,2020,010282743,1,9,0,4,4,5,1,0,0,5,0,0,0,0,1,1,1,1,1,45,7,1499,1,3,BMW 2 SERIES,10,E01022862,0,-1
2020160959193,2020,160959193,1,9,0,3,3,0,0,0,0,8,0,0,1,0,2,1,6,6,1,50,8,1995,2,4,BMW 2 SERIES,5,E01013081,0,-1
2020500977004,2020,500977004,2,9,0,18,19,2,4,0,0,8,0,0,0,0,1,1,5,6,2,36,7,1499,1,4,BMW 2 SERIES,2,E01006464,0,-1
2020010261174,2020,010261174,2,9,0,18,19,7,3,0,0,8,0,0,0,0,1,1,6,6,2,26,6,1499,1,4,BMW 2 SERIES,2,E01004755,0,-1
2020010274822,2020,010274822,3,9,0,18,19,7,3,0,0,1,0,0,0,0,0,1,1,1,1,37,7,1499,1,2,BMW 2 SERIES,4,E01004142,0,-1
2020010243790,2020,010243790,1,9,0,18,19,7,3,0,0,3,1,0,1,11,1,1,6,6,2,21,5,1997,1,4,BMW 2 SERIES,4,E01002641,0,-1
2020990961421,2020,990961421,2,9,0,18,19,7,3,0,0,1,0,0,0,0,1,1,6,6,2,48,8,1499,1,5,BMW 2 SERIES,8,-1,0,-1
2020010254550,2020,010254550,2,9,0,3,3,1,5,0,0,0,0,0,0,0,1,1,6,6,2,45,7,1995,2,5,BMW 2 SERIES,3,E01001690,0,-1
2020450954091,2020,450954091,1,9,0,18,19,3,7,0,0,0,0,0,0,0,1,1,5,6,2,37,7,1499,1,4,BMW 2 SERIES,5,E01030786,0,-1
2020010238048,2020,010238048,1,9,0,18,19,7,3,0,0,8,0,0,0,0,1,1,6,6,3,-1,-1,1995,2,5,BMW 2 SERIES,-1,-1,0,-1
2020430082279,2020,430082279,2,9,0,4,4,4,8,0,0,0,0,0,0,0,2,1,6,6,1,39,7,1499,1,1,BMW 2 SERIES,9,E01017783,0,-1
2020160970532,2020,160970532,1,9,0,9,9,7,5,0,0,8,0,0,0,0,1,1,5,6,1,50,8,1995,2,4,BMW 2 SERIES,1,E01012789,0,-1
2020010281275,2020,010281275,3,9,0,18,19,1,5,0,0,1,0,0,3,0,0,1,1,1,1,29,6,1499,1,0,BMW 2 SERIES,7,E01003456,0,-1
2020010265205,2020,010265205,2,9,0,99,99,9,9,99,99,9,9,99,9,99,9,9,6,6,3,-1,-1,1995,2,4,BMW 2 SERIES,6,E01002497,0,-1
2020420975069,2020,420975069,1,9,0,5,5,2,2,0,0,8,0,0,3,0,3,1,5,6,2,67,10,1499,1,2,BMW 2 SERIES,9,E01023319,0,-1
2020010240008,2020,010240008,1,9,0,9,9,1,6,0,0,6,0,0,0,0,1,1,6,6,2,29,6,1995,2,6,BMW 2 SERIES,1,E01004459,0,-1
2020010237901,2020,010237901,1,9,0,18,19,8,4,9,9,0,0,4,7,11,1,1,6,6,3,20,4,1499,1,1,BMW 2 SERIES,-1,-1,0,-1
2020460952101,2020,460952101,2,9,0,7,7,3,7,0,0,1,0,0,0,0,1,1,6,6,2,24,5,1499,1,4,BMW 2 SERIES,9,E01030836,0,-1
2020450927609,2020,450927609,2,9,0,7,7,5,5,0,0,8,0,0,0,0,1,1,1,1,1,43,7,1499,1,2,BMW 2 SERIES,5,E01030572,0,-1
2020320634645,2020,320634645,1,9,0,18,19,3,7,0,0,1,0,0,0,0,1,1,6,6,1,49,8,1496,2,2,BMW 2 SERIES,8,E01026200,0,-1
2020010285400,2020,010285400,2,9,0,99,99,9,9,0,0,9,0,0,0,0,1,1,6,6,2,33,6,1499,1,2,BMW 2 SERIES,10,E01030584,0,-1
2020340K08672,2020,340K08672,2,9,0,3,3,7,3,0,0,7,0,0,0,0,2,1,6,6,2,51,8,1995,2,4,BMW 2 SERIES,3,E01027124,0,-1
2020420985519,2020,420985519,1,9,0,18,19,5,2,0,0,0,0,0,0,0,3,1,1,1,2,23,5,1995,2,4,BMW 2 SERIES,7,E01029885,0,-1
2020010255968,2020,010255968,1,9,0,9,9,7,4,0,0,5,0,0,0,0,1,1,6,6,2,59,9,1998,1,3,BMW 2 SERIES,3,E01000107,0,-1
2020010268640,2020,010268640,2,9,0,99,99,9,9,99,99,9,9,99,9,99,1,9,6,6,3,-1,-1,1995,2,5,BMW 2 SERIES,2,E01003111,0,-1
2020010263900,2020,010263900,1,9,0,99,99,9,9,99,99,0,9,99,9,99,2,9,2,2,3,-1,-1,1499,1,2,BMW 2 SERIES,6,E01024628,0,-1
2020010263858,2020,010263858,1,9,0,99,99,9,9,99,99,9,9,99,9,99,1,9,6,6,1,-1,-1,1995,2,5,BMW 2 SERIES,8,E01001523,0,-1
2020030952401,2020,030952401,1,9,0,18,19,7,3,9,9,0,0,0,0,0,4,1,5,6,2,63,9,1998,1,1,BMW 2 SERIES,3,E01019081,0,-1
2020040958673,2020,040958673,1,9,0,18,19,7,3,0,0,0,1,0,1,11,1,1,5,6,1,61,9,1995,2,5,BMW 2 SERIES,1,E01012695,0,-1
2020010256529,2020,010256529,2,9,0,18,19,3,7,0,0,9,0,0,0,0,1,9,6,6,3,30,6,1995,2,6,BMW 2 SERIES,-1,-1,0,-1
2020430318105,2020,430318105,1,9,0,9,9,4,3,0,0,8,0,0,0,0,4,1,6,6,2,63,9,1995,2,3,BMW 2 SERIES,8,E01017718,0,-1
2020010253330,2020,010253330,1,9,0,3,3,5,1,0,0,8,0,0,0,0,1,1,6,6,2,30,6,1499,1,5,BMW 2 SERIES,3,E01001156,0,-1
2020010234981,2020,010234981,2,9,0,18,19,3,7,99,99,9,9,99,9,99,1,9,6,6,3,30,6,1496,2,4,BMW 2 SERIES,3,E01002521,0,-1
2020522002795,2020,522002795,2,9,0,18,19,7,2,0,0,0,0,0,0,0,1,1,6,6,1,19,4,1499,1,4,BMW 2 SERIES,6,E01014399,0,-1
2020500926506,2020,500926506,1,9,0,18,19,3,7,0,0,4,0,0,0,0,1,1,5,6,2,53,8,1499,1,4,BMW 2 SERIES,9,E01015110,0,-1
2020010258765,2020,010258765,1,9,0,18,19,1,5,0,0,1,0,0,7,2,1,1,6,6,1,41,7,1499,1,0,BMW 2 SERIES,1,E01003047,0,-1
2020010262081,2020,010262081,1,9,0,4,4,5,1,0,0,0,0,0,0,0,2,1,6,6,1,46,8,1499,1,3,BMW 2 SERIES,3,E01033464,0,-1
202006M173948,2020,06M173948,2,9,0,18,19,1,5,0,0,8,0,0,0,0,1,1,6,6,1,55,8,1499,1,3,BMW 2 SERIES,2,E01005566,0,-1
2020010238663,2020,010238663,2,9,0,6,6,1,1,0,0,8,0,0,0,0,1,1,6,6,3,-1,-1,1998,1,1,BMW 2 SERIES,-1,-1,0,-1
2020430314063,2020,430314063,1,9,0,18,19,8,4,0,0,1,0,0,0,0,1,1,6,6,2,59,9,1998,1,1,BMW 2 SERIES,10,E01017894,0,-1
202031C144020,2020,31C144020,2,9,0,4,4,2,6,0,0,0,0,0,0,0,2,1,6,6,1,51,8,1499,1,-1,BMW 2 SERIES,4,E01027935,0,-1
2020010233042,2020,010233042,1,9,0,99,99,9,9,99,99,9,9,99,9,99,2,9,6,6,1,46,8,1499,1,3,BMW 2 SERIES,7,E01003003,0,-1
2020480948742,2020,480948742,1,9,0,3,3,5,1,0,0,0,0,0,0,0,4,1,6,6,1,30,6,1499,1,2,BMW 2 SERIES,-1,-1,0,-1
2020010238850,2020,010238850,1,9,0,99,99,9,9,99,99,9,9,99,9,99,2,9,2,2,2,29,6,1995,2,5,BMW 2 SERIES,2,E01003973,0,-1
2020010257383,2020,010257383,3,9,0,2,2,0,0,0,0,2,0,0,0,0,1,1,6,6,3,-1,-1,1998,1,1,BMW 2 SERIES,-1,-1,0,-1
2020010286740,2020,010286740,1,9,0,18,19,5,1,0,0,1,1,0,0,0,4,1,1,1,1,42,7,1499,1,1,BMW 2 SERIES,4,E01033589,0,-1
2020010273335,2020,010273335,2,9,0,11,11,7,3,0,0,2,0,0,0,0,1,1,2,2,2,29,6,1499,1,4,BMW 2 SERIES,2,E01002090,0,-1
2020010256683,2020,010256683,2,9,0,18,19,3,7,0,0,0,0,0,0,0,0,1,6,6,1,36,7,1499,1,2,BMW 2 SERIES,-1,-1,0,-1
2020010261920,2020,010261920,1,9,0,18,19,5,1,0,0,2,0,0,0,0,3,1,6,6,2,23,5,1995,2,5,BMW 2 SERIES,9,E01003810,0,-1
2020010228560,2020,010228560,1,9,0,18,19,1,5,0,0,0,0,0,0,0,0,1,1,1,1,29,6,1499,1,1,BMW 2 SERIES,3,E01003567,0,-1
2020990958234,2020,990958234,1,9,0,1,1,3,7,0,0,8,0,0,0,0,2,1,6,6,1,42,7,1998,1,2,BMW 2 SERIES,8,-1,0,-1
202031B035820,2020,31B035820,1,9,0,16,19,8,3,0,0,0,0,0,1,0,1,1,6,6,1,63,9,1995,2,2,BMW 2 SERIES,1,E01028065,0,-1
2020010229397,2020,010229397,1,9,0,13,13,1,5,0,0,0,1,0,0,0,1,1,1,1,1,27,6,1499,1,1,BMW 2 SERIES,3,E01001045,0,-1
2020010271511,2020,010271511,1,9,0,9,9,7,4,0,0,5,0,0,7,1,1,1,1,1,1,34,6,1499,1,0,BMW 2 SERIES,6,E01001387,0,-1
2020010259127,2020,010259127,2,9,0,99,99,9,9,99,99,1,9,99,9,99,1,9,6,6,3,27,6,1499,1,5,BMW 2 SERIES,8,E01000646,0,-1
2020010274180,2020,010274180,1,9,0,9,9,3,8,0,0,5,0,0,0,0,1,1,1,1,1,20,4,1499,1,3,BMW 2 SERIES,4,E01001247,0,-1
2020440483518,2020,440483518,2,9,0,18,19,4,8,0,0,8,0,0,0,0,4,1,6,6,1,42,7,1995,2,4,BMW 2 SERIES,4,E01017278,0,-1
2020010243347,2020,010243347,2,9,0,16,19,1,5,0,0,4,0,0,0,0,1,1,1,1,1,45,7,1499,1,2,BMW 2 SERIES,3,E01001045,0,-1
2020411007030,2020,411007030,1,9,0,18,19,6,2,0,0,1,0,0,7,1,1,1,5,6,1,32,6,1995,2,4,BMW 2 SERIES,-1,-1,0,-1
2020010278409,2020,010278409,1,9,0,14,14,1,5,0,0,2,0,0,0,0,1,1,1,1,2,29,6,1499,1,1,BMW 2 SERIES,-1,-1,0,-1
2020010231422,2020,010231422,1,9,0,4,4,3,7,0,0,1,1,0,0,0,4,1,2,2,1,29,6,1499,1,2,BMW 2 SERIES,-1,-1,0,-1
2020160944542,2020,160944542,1,9,0,7,7,5,8,0,0,4,0,0,0,0,1,1,6,6,1,45,7,1998,1,5,BMW 2 SERIES,1,E01012891,0,-1
2020010245686,2020,010245686,2,9,0,18,19,1,5,0,0,1,0,0,0,0,0,1,6,6,1,31,6,1499,1,3,BMW 2 SERIES,4,E01033589,0,-1
2020122000259,2020,122000259,1,9,0,9,9,4,2,0,0,4,0,0,0,0,1,1,6,6,1,68,10,1998,1,2,BMW 2 SERIES,7,E01027673,0,-1
2020010239424,2020,010239424,2,9,0,99,99,9,9,99,99,9,9,99,9,99,1,9,6,6,3,-1,-1,1997,1,5,BMW 2 SERIES,-1,-1,0,-1
2020010257128,2020,010257128,1,9,0,15,15,2,6,2,2,0,0,0,0,0,1,1,1,1,1,34,6,1499,1,3,BMW 2 SERIES,7,E01003199,0,-1
2020010285586,2020,010285586,2,9,0,4,4,1,5,0,0,1,1,0,1,2,1,1,1,1,1,24,5,1499,1,0,BMW 2 SERIES,3,E01003567,0,-1
2020010247052,2020,010247052,2,9,0,18,19,3,7,0,0,4,0,0,0,0,1,1,6,6,1,55,8,1496,2,4,BMW 2 SERIES,4,E01001711,0,-1
202031C003920,2020,31C003920,3,9,0,9,9,6,2,0,0,6,0,0,0,0,0,1,2,2,2,28,6,1998,1,1,BMW 2 SERIES,2,E01013966,0,-1
2020541974420,2020,541974420,2,9,0,18,19,2,6,0,0,1,0,0,0,0,2,1,6,6,1,75,10,1499,1,4,BMW 2 SERIES,9,E01031955,0,-1
2020440265965,2020,440265965,4,9,0,3,3,6,2,0,0,0,0,0,0,0,2,1,3,7,1,45,7,1995,2,2,BMW 2 SERIES,3,E01022540,0,-1
2020201011607,2020,201011607,2,9,0,9,9,6,4,0,0,5,0,0,0,0,4,1,6,6,2,70,10,1499,1,1,BMW 2 SERIES,8,E01010333,0,-1
2020010265923,2020,010265923,4,9,0,18,19,3,7,0,0,8,0,0,0,0,3,1,6,6,1,49,8,1499,1,4,BMW 2 SERIES,2,E01001982,0,-1
2020350959543,2020,350959543,1,9,0,18,19,5,1,0,0,8,1,0,6,4,1,1,5,6,1,30,6,1499,1,2,BMW 2 SERIES,1,E01018103,0,-1
2020470944208,2020,470944208,1,9,0,5,5,2,4,0,0,4,0,0,0,0,3,1,5,6,2,19,4,1499,1,0,BMW 2 SERIES,8,E01020953,0,-1
2020610004020,2020,610004020,1,9,0,9,9,3,8,0,0,1,0,0,1,7,1,1,6,6,1,43,7,1496,2,5,BMW 2 SERIES,1,E01009390,0,-1
2020010249332,2020,010249332,1,9,0,1,1,1,3,0,0,2,0,0,0,0,0,1,6,6,1,27,6,1499,1,1,BMW 2 SERIES,-1,-1,0,-1
2020137A90183,2020,137A90183,1,9,0,7,7,1,7,0,0,8,0,0,0,0,1,1,6,6,2,46,8,1499,1,2,BMW 2 SERIES,8,E01027656,0,-1
2020010270444,2020,010270444,2,9,0,3,3,4,8,0,0,1,0,0,0,0,1,1,1,1,1,45,7,1499,1,1,BMW 2 SERIES,6,E01002293,0,-1
2020010244426,2020,010244426,1,9,0,3,3,5,1,0,0,6,0,0,0,0,1,1,1,1,2,32,6,1499,1,0,BMW 2 SERIES,7,E01003199,0,-1
2020010259515,2020,010259515,2,9,0,4,4,5,1,0,0,2,0,0,0,0,2,1,6,6,1,53,8,1499,1,4,BMW 2 SERIES,2,E01003988,0,-1
2020160915489,2020,160915489,1,9,0,7,7,4,6,0,0,8,0,0,0,0,1,1,5,6,1,67,10,1998,1,2,BMW 2 SERIES,4,E01013246,0,-1
2020990988267,2020,990988267,1,9,0,13,13,7,3,0,0,1,0,0,0,0,1,1,2,2,2,37,7,1995,2,3,BMW 2 SERIES,6,-1,0,-1
2020461007033,2020,461007033,2,9,0,18,19,2,6,0,0,0,1,0,7,10,1,1,3,7,1,48,8,1499,8,1,BMW 2 SERIES,9,E01024851,0,-1
2020010257678,2020,010257678,1,9,0,18,19,5,1,0,0,1,0,0,0,0,1,1,1,1,1,30,6,1499,1,2,BMW 2 SERIES,4,E01004142,0,-1
2020010265219,2020,010265219,2,9,0,9,9,5,3,0,0,8,0,0,0,0,1,1,6,6,2,47,8,1995,2,4,BMW 2 SERIES,3,E01003708,0,-1
2020622000848,2020,622000848,3,9,0,2,2,0,0,0,0,1,0,0,0,0,4,1,6,6,3,-1,-1,1499,1,4,BMW 2 SERIES,-1,-1,0,-1
2020450923318,2020,450923318,1,9,0,6,6,8,4,0,0,8,0,0,0,0,3,1,5,6,2,83,11,1995,2,4,BMW 2 SERIES,10,E01030888,0,-1
2020211020355,2020,211020355,1,9,0,12,12,2,6,0,0,0,0,0,0,0,3,1,6,6,2,34,6,1995,2,2,BMW 2 SERIES,2,E01009102,0,-1
2020460955584,2020,460955584,2,9,0,16,19,3,7,0,0,0,0,0,0,0,4,1,6,6,1,32,6,1995,2,4,BMW 2 SERIES,3,E01024599,0,-1
2020430026526,2020,430026526,2,9,0,18,19,8,4,0,0,0,0,0,0,0,1,1,6,6,1,58,9,1496,2,3,BMW 2 SERIES,7,E01017705,0,-1
2020010274427,2020,010274427,1,9,0,9,9,1,8,99,99,5,9,0,0,0,3,1,6,6,2,27,6,1499,1,4,BMW 2 SERIES,4,E01002684,0,-1
2020470971377,2020,470971377,1,9,0,18,19,4,8,0,0,0,1,11,2,4,1,1,1,1,1,64,9,1997,1,5,BMW 2 SERIES,8,E01021129,0,-1
2020141003484,2020,141003484,2,9,0,18,19,6,2,0,0,3,0,0,0,0,1,1,6,6,1,46,8,1995,2,5,BMW 2 SERIES,1,E01033271,0,-1
2020420996881,2020,420996881,2,9,0,2,2,7,7,6,6,0,0,0,0,0,3,1,1,1,1,49,8,1995,2,4,BMW 2 SERIES,8,E01021718,0,-1
2020052001970,2020,052001970,2,9,0,18,19,1,5,0,0,0,0,0,0,0,2,1,6,6,1,33,6,1998,1,1,BMW 2 SERIES,1,E01006778,0,-1
2020010247077,2020,010247077,2,9,0,18,19,3,7,0,0,8,0,0,0,0,2,1,1,1,1,29,6,1499,1,3,BMW 2 SERIES,3,E01033583,0,-1
2020010230636,2020,010230636,2,9,0,1,1,8,4,0,0,0,0,0,0,0,2,1,1,1,1,56,9,1499,1,1,BMW 2 SERIES,3,E01004734,0,-1
2020010252064,2020,010252064,1,9,0,3,3,7,3,0,0,1,0,0,0,0,1,1,1,1,1,50,8,1499,1,2,BMW 2 SERIES,2,E01004008,0,-1
2020010269702,2020,010269702,2,9,9,99,99,9,9,99,99,9,9,99,9,99,9,9,6,6,3,-1,-1,1499,1,2,BMW 2 SERIES,-1,-1,0,-1
2020450969398,2020,450969398,2,9,0,18,19,1,5,0,0,0,0,0,0,0,1,1,6,6,2,45,7,1499,1,2,BMW 2 SERIES,9,E01030605,0,-1
2020340S01462,2020,340S01462,1,9,0,9,9,5,1,0,0,6,0,0,0,0,3,1,6,6,1,32,6,1995,2,5,BMW 2 SERIES,8,E01016286,0,-1
2020010233819,2020,010233819,1,9,0,3,3,5,1,0,0,1,0,0,0,0,0,1,6,6,1,18,4,1995,2,6,BMW 2 SERIES,3,E01001465,0,-1
2020230926355,2020,230926355,2,9,0,18,19,5,1,0,0,8,0,0,0,0,3,1,5,6,1,61,9,1499,1,4,BMW 2 SERIES,9,E01031036,0,-1
2020010252597,2020,010252597,1,9,0,18,19,1,5,0,0,2,0,0,0,0,1,1,2,2,1,43,7,1499,1,4,BMW 2 SERIES,3,E01030578,0,-1
2020010246841,2020,010246841,1,9,0,18,19,7,3,0,0,0,0,0,0,0,4,1,1,1,1,33,6,1499,1,2,BMW 2 SERIES,-1,-1,0,-1
2020010277475,2020,010277475,1,9,0,18,19,7,3,0,0,2,0,0,0,0,4,1,1,1,1,21,5,1499,1,0,BMW 2 SERIES,3,E01004734,0,-1
2020200950602,2020,200950602,1,9,0,18,19,1,5,0,0,4,0,0,0,0,1,1,6,6,1,28,6,1995,2,2,BMW 2 SERIES,1,E01009408,0,-1
2020440273522,2020,440273522,1,9,0,18,19,8,4,0,0,8,0,0,0,0,1,1,6,6,1,62,9,1998,1,2,BMW 2 SERIES,6,E01023042,0,-1
2020460939386,2020,460939386,2,9,0,18,19,7,3,0,0,0,0,0,0,0,3,1,6,6,2,51,8,1998,1,2,BMW 2 SERIES,8,E01024085,0,-1
2020010240890,2020,010240890,2,9,0,18,19,1,5,0,0,4,0,0,0,0,1,1,6,6,1,24,5,1499,1,1,BMW 2 SERIES,9,E01017813,0,-1