collision_index,collision_year,collision_ref_no,vehicle_reference,vehicle_type,towing_and_articulation,vehicle_manoeuvre_historic,vehicle_manoeuvre,vehicle_direction_from,vehicle_direction_to,vehicle_location_restricted_lane_historic,vehicle_location_restricted_lane,junction_location,skidding_and_overturning,hit_object_in_carriageway,vehicle_leaving_carriageway,hit_object_off_carriageway,first_point_of_impact,vehicle_left_hand_drive,journey_purpose_of_driver_historic,journey_purpose_of_driver,sex_of_driver,age_of_driver,age_band_of_driver,engine_capacity_cc,propulsion_code,age_of_vehicle,generic_make_model,driver_imd_decile,lsoa_of_driver,escooter_flag,driver_distance_banding
2020010228977,2020,010228977,1,9,0,3,3,2,6,0,0,0,0,0,0,0,2,1,6,6,2,35,6,1998,1,2,BMW 2 SERIES,10,E01003468,0,-1
2020010267385,2020,010267385,1,9,0,18,19,5,1,0,0,2,0,0,0,0,2,1,6,6,2,32,6,1995,2,4,BMW 2 SERIES,2,E01000600,0,-1
2020010250704,2020,010250704,2,9,0,7,7,1,3,0,0,6,0,0,0,0,3,1,6,6,1,24,5,1499,1,3,BMW 2 SERIES,1,E01002036,0,-1
2020302000381,2020,302000381,1,9,0,18,19,5,1,0,0,0,0,0,0,0,3,1,3,7,2,37,7,1499,1,1,BMW 2 SERIES,7,E01013488,0,-1
2020200998609,2020,200998609,2,9,0,18,19,6,2,0,0,0,0,10,1,0,4,1,6,6,2,60,9,1499,1,4,BMW 2 SERIES,4,E01010499,0,-1
2020430345425,2020,430345425,1,9,0,9,9,8,6,0,0,4,0,0,0,0,1,1,6,6,2,-1,-1,1499,1,4,BMW 2 SERIES,-1,-1,0,-1
2020470965127,2020,470965127,1,9,0,9,9,5,3,0,0,8,0,0,0,0,1,1,5,6,1,60,9,1995,2,4,BMW 2 SERIES,7,E01026484,0,-1
2020010262246,2020,010262246,1,9,0,18,19,1,5,0,0,4,0,0,0,0,1,1,1,1,1,31,6,1499,1,1,BMW 2 SERIES,6,E01003888,0,-1
2020010262998,2020,010262998,1,9,0,6,6,1,1,0,0,0,0,0,0,0,1,1,6,6,1,25,5,1995,2,6,BMW 2 SERIES,-1,-1,0,-1
2020141009399,2020,141009399,2,9,0,9,9,5,1,0,0,6,0,0,7,0,1,1,2,2,1,36,7,1995,2,4,BMW 2 SERIES,9,E01005926,0,-1
2020500948318,2020,500948318,1,9,0,12,12,1,3,0,0,7,0,0,0,0,3,1,5,6,1,69,10,1998,1,1,BMW 2 SERIES,7,E01015066,0,-1
2020010286154,2020,010286154,2,9,0,18,19,3,7,0,0,8,0,0,1,0,4,1,6,6,1,25,5,1499,1,3,BMW 2 SERIES,1,E01004248,0,-1
2020010249645,2020,010249645,1,9,0,3,3,3,7,0,0,0,9,0,0,99,2,9,6,6,2,28,6,1995,2,4,BMW 2 SERIES,9,E01001123,0,-1
2020350974199,2020,350974199,1,9,0,2,2,0,0,6,6,1,0,0,0,0,3,1,1,1,2,52,8,1995,2,4,BMW 2 SERIES,10,E01033114,0,-1
2020160927430,2020,160927430,1,9,0,18,19,5,1,0,0,0,0,0,0,0,4,1,6,6,1,-1,-1,1995,2,4,BMW 2 SERIES,9,E01012960,0,-1
2020010270692,2020,010270692,2,9,0,99,99,9,9,99,99,9,9,99,9,99,1,9,6,6,1,30,6,1995,2,4,BMW 2 SERIES,-1,-1,0,-1
2020010239322,2020,010239322,1,9,0,5,5,3,7,0,0,2,0,0,0,0,4,1,6,6,1,33,6,1995,2,5,BMW 2 SERIES,6,E01003273,0,-1
2020410986046,2020,410986046,2,9,0,18,19,7,3,0,0,0,0,0,0,0,1,1,2,2,2,24,5,1499,1,2,BMW 2 SERIES,7,E01023679,0,-1
2020010251578,2020,010251578,1,9,0,18,19,3,7,0,0,1,0,0,0,0,1,1,6,6,1,-1,-1,1499,1,2,BMW 2 SERIES,4,E01001247,0,-1
2020410972849,2020,410972849,2,9,0,18,19,4,2,0,0,1,0,0,4,1,1,1,5,6,1,62,9,1995,2,3,BMW 2 SERIES,10,E01033189,0,-1
2020461000114,2020,461000114,1,9,0,3,3,7,5,0,0,2,0,0,0,0,1,1,5,6,2,42,7,1995,2,5,BMW 2 SERIES,8,E01024434,0,-1
2020010280251,2020,010280251,1,9,0,6,6,3,3,0,0,1,0,0,0,0,4,1,6,6,1,32,6,1995,2,6,BMW 2 SERIES,1,E01003577,0,-1
2020010274169,2020,010274169,2,9,0,5,5,5,1,0,0,3,0,0,0,0,2,1,6,6,2,41,7,1499,1,1,BMW 2 SERIES,2,E01000724,0,-1
2020400987401,2020,400987401,1,9,0,18,19,1,5,0,0,0,0,0,0,0,1,1,6,6,1,22,5,1995,2,6,BMW 2 SERIES,3,E01017580,0,-1
2020450976662,2020,450976662,3,9,0,18,19,3,7,0,0,0,0,0,0,0,1,1,5,6,1,47,8,1995,2,3,BMW 2 SERIES,10,E01030806,0,-1
202006N168514,2020,06N168514,1,9,0,1,1,1,5,9,9,1,0,0,0,0,2,1,3,7,2,49,8,1496,2,3,BMW 2 SERIES,6,E01005060,0,-1
2020010284477,2020,010284477,2,9,0,2,2,0,0,0,0,0,1,10,1,0,3,1,6,6,3,-1,-1,1499,1,3,BMW 2 SERIES,-1,-1,0,-1
2020430254235,2020,430254235,2,9,0,6,6,2,2,0,0,2,0,0,0,0,2,1,6,6,1,34,6,1995,2,6,BMW 2 SERIES,4,E01017926,0,-1
2020410945435,2020,410945435,1,9,0,18,19,5,1,0,0,0,1,0,0,0,3,1,1,1,1,24,5,1995,2,3,BMW 2 SERIES,6,E01023784,0,-1
2020430236631,2020,430236631,1,9,0,18,19,8,4,0,0,0,0,0,0,0,1,1,6,6,1,19,4,1499,1,4,BMW 2 SERIES,7,E01002154,0,-1
2020010275597,2020,010275597,2,9,0,9,9,3,1,0,0,1,0,0,0,0,4,1,6,6,2,28,6,1499,1,2,BMW 2 SERIES,5,E01015780,0,-1
2020010267994,2020,010267994,2,9,0,99,99,9,9,99,99,9,9,99,9,99,1,9,6,6,3,-1,-1,1499,1,2,BMW 2 SERIES,-1,-1,0,-1
202006K169331,2020,06K169331,2,9,0,4,4,7,3,0,0,1,0,0,1,0,2,1,6,6,1,23,5,1995,2,2,BMW 2 SERIES,5,E01031050,0,-1
2020160944294,2020,160944294,1,9,0,18,19,8,4,9,9,0,0,7,7,11,3,1,6,6,1,33,6,1496,2,4,BMW 2 SERIES,3,E01013192,0,-1
2020010265799,2020,010265799,2,9,0,9,9,5,3,0,0,6,0,0,0,0,1,1,6,6,2,34,6,1998,1,4,BMW 2 SERIES,3,E01004656,0,-1
2020552000497,2020,552000497,2,9,0,2,2,0,0,0,0,1,0,0,0,0,2,1,6,6,1,47,8,1496,2,3,BMW 2 SERIES,9,E01015388,0,-1
2020400926413,2020,400926413,1,9,0,5,5,3,1,0,0,1,0,0,0,0,3,1,5,6,1,22,5,1499,1,2,BMW 2 SERIES,5,E01023331,0,-1
2020460917623,2020,460917623,2,9,0,18,19,2,6,0,0,0,0,0,0,0,4,1,5,6,2,30,6,1499,1,3,BMW 2 SERIES,2,E01000096,0,-1
202031C102520,2020,31C102520,1,9,0,18,19,1,5,0,0,2,0,0,0,0,1,1,6,6,1,53,8,1995,2,3,BMW 2 SERIES,8,E01028371,0,-1
2020200987457,2020,200987457,2,9,0,18,19,2,6,0,0,8,0,0,0,0,4,1,6,6,2,21,5,1499,1,4,BMW 2 SERIES,5,E01029645,0,-1
2020410933064,2020,410933064,4,9,0,18,19,5,4,0,0,0,0,0,0,0,1,1,6,6,2,57,9,1995,2,4,BMW 2 SERIES,6,E01017550,0,-1
2020320662667,2020,320662667,3,9,0,18,19,5,1,0,0,0,1,0,1,11,1,1,6,6,1,71,10,1499,8,1,BMW 2 SERIES,10,E01013114,0,-1
202006K372230,2020,06K372230,2,9,0,18,19,4,8,0,0,1,0,0,0,0,2,1,6,6,1,22,5,1995,2,6,BMW 2 SERIES,1,E01004987,0,-1
2020137BR2046,2020,137BR2046,1,9,0,9,9,5,3,0,0,6,0,0,0,0,1,1,6,6,1,-1,-1,1499,1,2,BMW 2 SERIES,-1,-1,0,-1
2020440095676,2020,440095676,1,9,0,18,19,8,4,0,0,8,0,0,0,0,3,1,6,6,1,81,11,1499,8,2,BMW 2 SERIES,10,E01022793,0,-1
2020030919541,2020,030919541,1,9,0,18,19,5,1,0,0,0,0,0,0,0,1,1,5,6,2,80,11,1499,1,2,BMW 2 SERIES,10,E01019251,0,-1
2020450920811,2020,450920811,2,9,0,18,19,7,3,0,0,0,0,11,0,0,1,1,5,6,2,53,8,1995,2,4,BMW 2 SERIES,10,E01030926,0,-1
2020470955832,2020,470955832,1,9,0,16,19,3,7,0,0,8,1,10,7,1,4,1,5,6,1,20,4,1998,1,3,BMW 2 SERIES,6,E01031825,0,-1
2020010267558,2020,010267558,1,9,0,18,19,3,7,0,0,1,0,0,0,0,1,1,6,6,1,23,5,1995,2,3,BMW 2 SERIES,1,E01000596,0,-1
2020460957993,2020,460957993,1,9,0,9,9,6,3,0,0,6,0,0,0,0,3,1,5,6,1,30,6,1995,2,4,BMW 2 SERIES,7,E01024188,0,-1
2020990936079,2020,990936079,2,9,0,3,3,4,8,0,0,0,0,0,0,0,2,1,6,6,2,57,9,1995,2,2,BMW 2 SERIES,6,-1,0,-1
2020010232323,2020,010232323,1,9,0,18,19,1,5,0,0,4,0,0,0,0,0,1,1,1,1,37,7,1499,1,3,BMW 2 SERIES,-1,-1,0,-1
2020410958972,2020,410958972,1,9,0,7,7,1,8,0,0,0,0,0,0,0,4,1,5,6,2,85,11,1499,1,5,BMW 2 SERIES,10,E01023290,0,-1
2020010279797,2020,010279797,1,9,0,99,99,9,9,99,99,9,9,99,9,99,1,9,6,6,1,26,6,1499,1,1,BMW 2 SERIES,3,E01001048,0,-1
2020010255688,2020,010255688,3,9,0,18,19,5,1,0,0,1,0,0,0,0,0,1,6,6,2,23,5,1499,1,1,BMW 2 SERIES,2,E01033587,0,-1
2020200999211,2020,200999211,2,9,0,7,7,5,1,0,0,1,0,0,0,0,1,1,6,6,1,-1,-1,1995,2,3,BMW 2 SERIES,5,E01010256,0,-1
2020990987595,2020,990987595,1,9,0,18,19,2,6,0,0,0,0,0,0,0,1,1,5,6,2,22,5,1995,2,3,BMW 2 SERIES,7,-1,0,-1
2020010262027,2020,010262027,1,9,0,18,19,5,1,0,0,8,0,0,0,0,1,1,6,6,1,24,5,1499,1,4,BMW 2 SERIES,-1,-1,0,-1
2020160960353,2020,160960353,2,9,0,3,3,1,5,0,0,1,0,0,1,0,1,1,6,6,1,35,6,1496,2,5,BMW 2 SERIES,3,E01012860,0,-1
2020010264902,2020,010264902,1,9,0,18,19,3,7,0,0,1,0,0,0,0,0,1,1,1,1,34,6,1499,1,0,BMW 2 SERIES,-1,-1,0,-1
2020070784200,2020,070784200,1,9,0,9,9,2,7,0,0,8,0,0,0,0,1,1,6,6,1,27,6,1995,2,4,BMW 2 SERIES,6,E01018394,0,-1
2020010282741,2020,010282741,1,9,0,99,99,9,9,99,99,0,9,99,9,99,2,9,6,6,2,29,6,1995,2,4,BMW 2 SERIES,9,E01001123,0,-1
2020010262772,2020,010262772,1,9,0,18,19,1,5,0,0,0,0,0,0,0,1,1,6,6,1,35,6,1499,1,1,BMW 2 SERIES,-1,-1,0,-1
2020220937197,2020,220937197,1,9,0,2,2,0,0,0,0,2,0,0,0,0,3,1,5,6,2,47,8,1499,1,1,BMW 2 SERIES,2,E01032235,0,-1
2020201002582,2020,201002582,1,9,0,17,19,4,2,0,0,2,0,0,0,0,4,1,3,7,1,31,6,1998,1,1,BMW 2 SERIES,1,E01033632,0,-1
2020370992413,2020,370992413,2,9,0,2,2,0,0,0,0,0,0,0,0,0,3,1,5,6,2,49,8,1499,1,4,BMW 2 SERIES,9,E01029893,0,-1
2020010260698,2020,010260698,1,9,0,5,5,1,5,0,0,1,0,0,0,0,1,1,6,6,3,-1,-1,1998,1,4,BMW 2 SERIES,-1,-1,0,-1
2020340N00362,2020,340N00362,1,9,0,18,19,3,7,0,0,0,0,0,0,0,3,1,2,2,2,46,8,1995,2,4,BMW 2 SERIES,10,E01017650,0,-1
2020010275909,2020,010275909,2,9,0,99,99,9,9,99,99,9,9,99,9,99,1,9,6,6,3,-1,-1,1499,1,5,BMW 2 SERIES,2,E01001550,0,-1
2020010271287,2020,010271287,1,9,0,18,19,5,1,0,0,8,0,0,0,0,4,1,1,1,2,27,6,1499,1,0,BMW 2 SERIES,2,E01001830,0,-1
2020010271042,2020,010271042,1,9,0,13,13,5,1,0,0,8,0,0,0,0,1,1,1,1,1,41,7,1499,1,1,BMW 2 SERIES,3,E01003567,0,-1
2020010294498,2020,010294498,1,9,0,99,99,9,9,99,99,9,9,99,9,99,1,9,6,6,1,22,5,1499,1,5,BMW 2 SERIES,2,E01001442,0,-1
2020460956908,2020,460956908,1,9,0,16,19,4,8,0,0,0,2,7,7,0,1,1,5,6,1,22,5,1995,2,1,BMW 2 SERIES,2,E01033090,0,-1
2020622001046,2020,622001046,1,9,0,18,19,4,8,0,0,1,0,0,0,0,1,1,6,6,1,29,6,1995,2,3,BMW 2 SERIES,1,W01001955,0,-1
2020010246042,2020,010246042,2,9,0,13,13,7,3,0,0,8,1,0,7,11,1,1,1,1,2,29,6,1499,1,1,BMW 2 SERIES,4,E01015948,0,-1
2020230938242,2020,230938242,1,9,0,7,7,2,4,0,0,6,0,0,2,7,1,1,5,6,2,56,9,1998,1,2,BMW 2 SERIES,3,E01031077,0,-1
2020010268572,2020,010268572,1,9,0,5,5,3,7,0,0,5,0,0,0,0,3,1,3,7,1,66,10,1998,1,2,BMW 2 SERIES,5,E01017908,0,-1
2020010259140,2020,010259140,1,9,0,18,19,3,7,0,0,0,0,0,0,0,0,1,1,1,1,20,4,1499,1,1,BMW 2 SERIES,4,E01001247,0,-1
2020552000570,2020,552000570,1,9,0,18,19,7,3,0,0,0,0,0,0,0,4,1,6,6,2,44,7,1995,2,2,BMW 2 SERIES,8,E01033158,0,-1
2020010262463,2020,010262463,1,9,0,18,19,4,8,0,0,2,0,0,0,0,0,1,1,1,1,40,7,1499,1,2,BMW 2 SERIES,4,E01033589,0,-1
2020430439916,2020,430439916,1,9,0,18,19,2,6,6,6,0,1,0,7,4,1,1,6,6,1,22,5,1995,2,5,BMW 2 SERIES,-1,-1,0,-1
2020100933285,2020,100933285,1,9,0,4,4,7,3,0,0,1,0,0,0,0,1,1,6,6,1,22,5,1995,2,3,BMW 2 SERIES,9,E01008448,0,-1
2020010240134,2020,010240134,1,9,0,99,99,9,9,99,99,9,9,99,9,99,9,9,2,2,1,20,4,1499,1,4,BMW 2 SERIES,3,E01023343,0,-1
2020430092852,2020,430092852,1,9,0,16,19,5,7,0,0,1,1,0,0,0,1,1,6,6,1,24,5,1499,1,0,BMW 2 SERIES,7,E01019129,0,-1
2020010285432,2020,010285432,2,9,0,99,99,9,9,99,99,9,9,99,9,99,9,9,6,6,3,-1,-1,1499,1,0,BMW 2 SERIES,7,E01000685,0,-1
2020210943103,2020,210943103,1,9,0,13,13,2,6,0,0,1,0,0,7,0,1,1,6,6,1,69,10,1998,1,2,BMW 2 SERIES,5,E01014332,0,-1
2020010279851,2020,010279851,1,9,0,18,19,6,2,0,0,0,0,0,0,0,1,1,6,6,1,39,7,1499,1,4,BMW 2 SERIES,3,E01004453,0,-1
2020200979516,2020,200979516,1,9,0,18,19,6,2,0,0,8,0,0,0,0,1,1,6,6,2,36,7,1998,2,2,BMW 2 SERIES,10,E01032886,0,-1
2020010275451,2020,010275451,1,9,0,99,99,9,9,99,99,0,9,99,9,99,1,9,6,6,2,30,6,1995,2,4,BMW 2 SERIES,7,E01003218,0,-1
2020100975008,2020,100975008,2,9,0,18,19,7,3,0,0,0,0,0,0,0,4,1,6,6,2,47,8,1995,2,0,BMW 2 SERIES,7,E01027417,0,-1
2020010285171,2020,010285171,1,9,0,4,4,2,6,0,0,1,0,0,0,0,0,1,1,1,1,22,5,1499,1,0,BMW 2 SERIES,6,E01001387,0,-1
2020010262924,2020,010262924,2,9,0,5,5,3,7,0,0,2,0,0,0,0,0,1,6,6,1,23,5,1499,1,2,BMW 2 SERIES,3,E01002047,0,-1
202031B142920,2020,31B142920,1,9,0,16,19,1,3,0,0,0,0,0,8,4,1,1,6,6,1,34,6,1995,2,4,BMW 2 SERIES,3,E01011761,0,-1
2020010253711,2020,010253711,1,9,0,99,99,9,9,99,99,9,9,99,9,99,2,9,6,6,1,39,7,1499,1,2,BMW 2 SERIES,4,E01002063,0,-1
2020041013065,2020,041013065,1,9,0,4,4,3,7,0,0,0,0,0,0,0,2,1,6,6,1,28,6,1499,1,2,BMW 2 SERIES,-1,-1,0,-1
2020010259793,2020,010259793,2,9,0,18,19,1,5,0,0,1,0,0,0,0,1,1,1,1,1,35,6,1499,1,0,BMW 2 SERIES,6,E01001387,0,-1
2020470964264,2020,470964264,1,9,0,18,19,1,5,0,0,0,5,4,1,11,1,1,2,2,1,45,7,1496,2,4,BMW 2 SERIES,6,E01021152,0,-1
2020010265034,2020,010265034,1,9,0,2,2,0,0,0,0,1,0,0,1,0,3,1,6,6,3,-1,-1,1499,1,4,BMW 2 SERIES,-1,-1,0,-1
2020531001922,2020,531001922,2,9,0,18,19,5,1,0,0,4,0,0,0,0,2,1,2,2,2,39,7,1998,1,4,BMW 2 SERIES,8,E01022446,0,-1
2020040930476,2020,040930476,4,9,0,2,2,1,5,0,0,2,0,0,0,0,2,1,6,6,2,52,8,1995,2,2,BMW 2 SERIES,4,E01012651,0,-1
2020010271820,2020,010271820,1,9,0,3,3,3,7,0,0,1,0,0,0,0,2,1,6,6,1,30,6,1998,1,0,BMW 2 SERIES,1,E01004288,0,-1
2020010281807,2020,010281807,3,9,0,18,19,5,1,0,0,1,0,0,0,0,0,1,1,1,1,26,6,1499,1,1,BMW 2 SERIES,3,E01001045,0,-1
2020040930425,2020,040930425,1,9,0,18,19,1,5,0,0,0,0,0,0,0,1,1,5,6,1,28,6,1499,1,3,BMW 2 SERIES,3,E01025371,0,-1
2020030978702,2020,030978702,1,9,0,1,1,1,5,8,6,0,0,0,1,0,2,1,5,6,1,75,10,1995,2,1,BMW 2 SERIES,7,E01019129,0,-1
2020010264422,2020,010264422,2,9,0,13,13,4,8,0,0,1,0,0,0,0,0,1,6,6,2,33,6,1499,1,0,BMW 2 SERIES,5,E01033573,0,-1
2020070732558,2020,070732558,3,9,0,10,10,3,7,0,0,8,0,0,0,0,2,1,6,6,2,47,8,1499,8,0,BMW 2 SERIES,6,E01018479,0,-1
2020460925501,2020,460925501,2,9,0,18,19,8,4,0,0,0,0,0,0,0,4,1,2,2,2,50,8,1995,2,3,BMW 2 SERIES,2,E01024627,0,-1
2020010243273,2020,010243273,3,9,0,18,19,1,5,0,0,0,0,0,0,0,0,1,1,1,1,32,6,1499,1,1,BMW 2 SERIES,6,E01000330,0,-1
2020461000014,2020,461000014,1,9,0,18,19,4,8,9,9,1,0,0,0,0,1,1,5,6,2,33,6,1995,2,6,BMW 2 SERIES,2,E01024633,0,-1
2020231012492,2020,231012492,2,9,0,9,9,7,5,0,0,8,0,0,0,0,4,1,5,6,2,72,10,1998,1,2,BMW 2 SERIES,10,E01033252,0,-1
2020552000297,2020,552000297,1,9,0,18,19,3,7,0,0,0,0,0,0,0,1,1,6,6,1,33,6,1995,2,3,BMW 2 SERIES,6,E01004608,0,-1
2020430272720,2020,430272720,2,9,0,18,19,5,1,0,0,1,0,0,0,0,2,1,6,6,1,23,5,1995,2,0,BMW 2 SERIES,9,E01028439,0,-1
2020010269342,2020,010269342,2,9,0,18,19,3,7,0,0,8,0,0,0,0,1,1,6,6,2,58,9,1995,2,5,BMW 2 SERIES,9,E01000266,0,-1
2020340E04962,2020,340E04962,3,9,0,18,19,3,7,0,0,0,0,0,0,0,2,1,6,6,2,48,8,1499,8,1,BMW 2 SERIES,5,E01027062,0,-1
2020552001189,2020,552001189,1,9,0,18,19,8,3,0,0,4,0,0,0,0,1,1,6,6,1,41,7,1995,2,2,BMW 2 SERIES,2,E01015384,0,-1
2020360964748,2020,360964748,1,9,0,9,9,2,5,0,0,0,0,0,0,0,1,1,6,6,2,35,6,1499,1,1,BMW 2 SERIES,2,E01021268,0,-1
202006Q276600,2020,06Q276600,2,9,0,18,19,6,2,0,0,1,0,0,0,0,3,1,6,6,1,53,8,1995,2,3,BMW 2 SERIES,4,E01005730,0,-1
2020010246640,2020,010246640,2,9,0,18,19,2,6,0,0,1,0,0,0,0,0,1,6,6,1,29,6,1499,1,3,BMW 2 SERIES,4,E01033589,0,-1
2020230979340,2020,230979340,2,9,0,4,4,5,1,0,0,4,0,0,0,0,2,1,5,6,1,59,9,1995,2,4,BMW 2 SERIES,4,E01031067,0,-1
2020351001413,2020,351001413,2,9,0,18,19,8,4,0,0,1,0,0,0,0,1,1,2,2,2,26,6,1995,2,3,BMW 2 SERIES,10,E01018141,0,-1
202006G276086,2020,06G276086,3,9,0,2,2,0,0,0,0,1,0,0,0,0,2,1,6,6,3,-1,-1,1995,2,3,BMW 2 SERIES,-1,-1,0,-1
2020010271793,2020,010271793,1,9,0,18,19,6,2,0,0,1,0,0,0,0,1,1,6,6,2,31,6,1995,2,1,BMW 2 SERIES,7,E01000400,0,-1
2020430088104,2020,430088104,2,9,0,18,19,3,7,0,0,4,0,0,0,0,1,1,6,6,1,-1,-1,1995,2,2,BMW 2 SERIES,-1,-1,0,-1
2020440001084,2020,440001084,2,9,0,9,9,1,7,0,0,8,0,0,0,0,1,1,6,6,1,45,7,1998,1,1,BMW 2 SERIES,9,E01023170,0,-1
2020540422620,2020,540422620,1,9,0,17,19,8,5,0,0,0,0,10,1,4,4,1,6,6,1,47,8,1995,2,1,BMW 2 SERIES,6,E01031944,0,-1
2020410995535,2020,410995535,1,9,0,5,5,3,7,0,0,1,0,0,0,0,3,1,6,6,2,34,6,1995,2,5,BMW 2 SERIES,4,E01023805,0,-1
2020548783920,2020,548783920,2,9,0,10,10,4,8,0,0,1,0,0,0,0,2,1,2,2,1,57,9,1998,1,0,BMW 2 SERIES,9,E01015473,0,-1
2020010237972,2020,010237972,1,9,0,2,2,0,0,0,0,0,0,0,0,0,4,1,6,6,3,-1,-1,1499,1,1,BMW 2 SERIES,-1,-1,0,-1
2020010250368,2020,010250368,1,9,0,7,7,1,3,0,0,6,0,0,0,0,3,1,6,6,1,37,7,1998,1,1,BMW 2 SERIES,7,E01018243,0,-1
2020140951546,2020,140951546,1,9,0,4,4,1,5,0,0,0,0,0,0,0,2,1,6,6,2,46,8,1499,1,1,BMW 2 SERIES,1,E01008085,0,-1
2020010234635,2020,010234635,1,9,0,4,4,1,5,0,0,0,0,99,0,0,1,1,6,6,3,-1,-1,1998,1,5,BMW 2 SERIES,-1,-1,0,-1
2020460984325,2020,460984325,2,9,0,18,19,3,7,0,0,1,0,0,0,0,3,1,3,7,1,52,8,1998,1,2,BMW 2 SERIES,2,E01024634,0,-1
2020010236202,2020,010236202,1,9,0,18,19,5,1,0,0,8,0,0,7,5,1,1,1,1,2,53,8,1499,1,1,BMW 2 SERIES,4,E01004148,0,-1
2020010245189,2020,010245189,1,9,0,18,19,5,1,0,0,8,0,0,0,0,1,1,1,1,2,32,6,1499,1,1,BMW 2 SERIES,4,E01033589,0,-1
2020411013110,2020,411013110,1,9,0,12,12,5,1,0,0,0,0,0,0,0,4,1,5,6,1,55,8,1499,1,2,BMW 2 SERIES,6,E01023314,0,-1
2020990956838,2020,990956838,1,9,0,4,4,1,5,0,0,0,0,0,0,0,1,1,5,6,1,24,5,1995,2,4,BMW 2 SERIES,6,-1,0,-1
20201379B1970,2020,1379B1970,2,9,0,18,19,3,7,0,0,1,0,0,0,0,1,1,6,6,2,53,8,1998,1,2,BMW 2 SERIES,1,E01011084,0,-1
2020430154318,2020,430154318,2,9,0,3,3,3,7,0,0,1,0,0,0,0,2,1,6,6,1,44,7,1998,1,1,BMW 2 SERIES,10,E01028714,0,-1
2020450977885,2020,450977885,1,9,0,18,19,4,7,0,0,8,0,7,1,1,4,1,1,1,1,57,9,1499,8,3,BMW 2 SERIES,7,E01031534,0,-1
2020470954029,2020,470954029,1,9,0,9,9,1,6,0,0,1,0,0,0,0,1,1,5,6,2,64,9,1499,1,3,BMW 2 SERIES,6,E01031770,0,-1
2020990990836,2020,990990836,2,9,0,18,19,5,1,0,0,1,0,0,0,0,1,1,5,6,2,59,9,1995,2,1,BMW 2 SERIES,10,-1,0,-1
2020010277138,2020,010277138,1,9,0,99,99,9,9,99,99,9,9,99,9,99,9,9,6,6,1,45,7,1499,1,1,BMW 2 SERIES,4,E01033572,0,-1
2020010282543,2020,010282543,1,9,0,3,3,5,1,0,0,8,0,0,0,0,0,1,1,1,1,45,7,1499,1,1,BMW 2 SERIES,-1,-1,0,-1
2020440247185,2020,440247185,1,9,0,11,11,2,6,0,0,8,5,10,0,0,4,1,6,6,1,52,8,1499,1,1,BMW 2 SERIES,9,E01015388,0,-1
2020470982606,2020,470982606,1,9,0,9,9,6,3,0,0,8,0,0,0,0,4,1,5,6,1,55,8,1499,8,1,BMW 2 SERIES,6,E01031390,0,-1
2020470947644,2020,470947644,1,9,0,5,5,6,1,0,0,4,0,0,0,0,1,1,5,6,1,73,10,1998,1,1,BMW 2 SERIES,8,E01021233,0,-1
2020010268466,2020,010268466,1,9,0,2,2,0,0,2,2,0,0,0,0,0,2,1,6,6,3,-1,-1,1499,1,0,BMW 2 SERIES,-1,-1,0,-1
2020420977237,2020,420977237,2,9,0,18,19,3,7,0,0,0,0,0,4,6,4,1,6,6,2,30,6,1499,1,5,BMW 2 SERIES,3,E01001156,0,-1
2020421002307,2020,421002307,1,9,0,16,19,1,5,0,0,0,1,0,1,0,1,1,2,2,2,22,5,1998,1,0,BMW 2 SERIES,2,E01002312,0,-1
2020010240067,2020,010240067,1,9,0,2,2,0,0,0,0,0,0,0,0,0,0,1,6,6,3,-1,-1,1998,1,1,BMW 2 SERIES,-1,-1,0,-1
2020030935769,2020,030935769,1,9,0,18,19,1,5,0,0,0,5,0,1,0,1,1,6,6,2,27,6,1995,2,5,BMW 2 SERIES,9,E01019124,0,-1
2020010240542,2020,010240542,2,9,0,99,99,9,9,99,99,9,9,99,9,99,9,9,6,6,3,-1,-1,1499,1,4,BMW 2 SERIES,2,E01003160,0,-1
2020220971762,2020,220971762,1,9,0,18,19,2,6,0,0,0,5,0,7,11,1,1,5,6,1,24,5,1995,2,4,BMW 2 SERIES,7,E01028918,0,-1
202063C071920,2020,63C071920,1,9,0,18,19,4,8,0,0,0,5,0,1,10,4,1,6,6,1,18,4,1499,1,4,BMW 2 SERIES,7,W01000564,0,-1
2020010245683,2020,010245683,1,9,0,18,19,5,1,0,0,8,0,0,0,0,1,1,2,2,2,21,5,1499,1,4,BMW 2 SERIES,6,E01000691,0,-1
2020450937901,2020,450937901,2,9,0,18,19,7,1,0,0,0,0,0,1,0,1,1,3,7,1,44,7,1995,2,3,BMW 2 SERIES,6,E01030827,0,-1
2020160939410,2020,160939410,3,9,0,2,2,0,0,0,0,1,0,0,0,0,1,1,6,6,3,53,8,1995,2,2,BMW 2 SERIES,-1,-1,0,-1
2020010261698,2020,010261698,1,9,0,9,9,4,2,0,0,8,0,0,0,0,1,1,1,1,2,19,4,1499,1,0,BMW 2 SERIES,3,E01004734,0,-1
2020010229461,2020,010229461,3,9,0,13,13,5,1,0,0,0,0,0,0,0,0,1,1,1,1,28,6,1499,1,2,BMW 2 SERIES,5,E01002693,0,-1
2020010279511,2020,010279511,2,9,0,14,14,5,1,0,0,1,0,0,0,0,0,1,1,1,1,33,6,1499,1,0,BMW 2 SERIES,2,E01001830,0,-1