collision_index,collision_year,collision_ref_no,vehicle_reference,vehicle_type,towing_and_articulation,vehicle_manoeuvre_historic,vehicle_manoeuvre,vehicle_direction_from,vehicle_direction_to,vehicle_location_restricted_lane_historic,vehicle_location_restricted_lane,junction_location,skidding_and_overturning,hit_object_in_carriageway,vehicle_leaving_carriageway,hit_object_off_carriageway,first_point_of_impact,vehicle_left_hand_drive,journey_purpose_of_driver_historic,journey_purpose_of_driver,sex_of_driver,age_of_driver,age_band_of_driver,engine_capacity_cc,propulsion_code,age_of_vehicle,generic_make_model,driver_imd_decile,lsoa_of_driver,escooter_flag,driver_distance_banding
2020010263642,2020,010263642,1,3,0,18,19,4,8,0,0,0,0,4,0,0,1,1,6,6,1,18,4,125,1,14,HONDA SH125,4,E01003257,0,-1
2020010260129,2020,010260129,2,3,0,3,3,3,7,0,0,1,1,0,0,0,2,1,6,6,1,32,6,125,1,5,HONDA SH125,6,E01001254,0,-1
2020010243955,2020,010243955,1,3,0,99,99,9,9,99,99,9,9,99,9,99,9,1,6,6,1,19,4,125,1,7,HONDA SH125,3,E01001045,0,-1
2020010274657,2020,010274657,1,3,0,18,19,5,1,0,0,0,0,0,0,0,1,1,6,6,1,-1,-1,125,1,5,HONDA SH125,-1,-1,0,-1
2020010275520,2020,010275520,2,3,0,18,19,5,1,0,0,8,0,0,0,0,1,1,6,6,1,48,8,125,1,7,HONDA SH125,4,E01000497,0,-1
2020450984439,2020,450984439,1,3,0,16,19,5,1,0,0,1,2,0,0,0,1,1,5,6,1,49,8,125,1,7,HONDA SH125,4,E01030619,0,-1
2020010239509,2020,010239509,1,3,0,99,99,9,9,99,99,1,9,99,9,99,9,1,6,6,1,32,6,125,1,5,HONDA SH125,6,E01003152,0,-1
2020010233305,2020,010233305,2,3,0,13,13,5,1,0,0,2,0,0,0,0,1,-1,6,6,1,27,6,125,1,5,HONDA SH125,2,E01033327,0,-1
202063A025920,2020,63A025920,1,2,0,17,19,6,3,0,0,1,0,0,0,0,1,1,6,6,2,33,6,125,1,17,HONDA SH125,5,W01000725,0,-1
2020010282771,2020,010282771,2,3,0,99,99,9,9,99,99,9,9,99,9,99,1,1,6,6,3,-1,-1,125,1,6,HONDA SH125,3,E01003972,0,-1
202031D019820,2020,31D019820,1,3,0,18,19,4,8,0,0,0,0,0,0,0,1,1,6,6,1,60,9,125,1,12,HONDA SH125,8,E01028190,0,-1
2020010231123,2020,010231123,1,3,0,18,19,1,5,0,0,1,0,0,0,0,1,1,6,6,1,32,6,125,1,6,HONDA SH125,3,E01003979,0,-1
202031C027020,2020,31C027020,2,3,0,18,19,6,2,0,0,8,0,0,0,0,0,1,1,1,1,31,6,125,1,6,HONDA SH125,2,E01013842,0,-1
2020010241856,2020,010241856,1,3,0,99,99,9,9,99,99,9,9,99,9,99,2,1,6,6,1,46,8,125,1,7,HONDA SH125,2,E01002080,0,-1
2020010261852,2020,010261852,2,3,0,3,3,5,1,0,0,0,0,0,0,0,2,1,6,6,1,31,6,125,1,15,HONDA SH125,6,E01000584,0,-1
2020010277251,2020,010277251,1,3,0,99,99,9,9,99,99,9,9,99,9,99,9,1,2,2,1,-1,-1,125,1,5,HONDA SH125,6,E01000549,0,-1
2020010254844,2020,010254844,1,3,0,99,99,9,9,99,99,9,9,99,9,99,1,1,6,6,1,30,6,125,1,5,HONDA SH125,2,E01000527,0,-1
2020010276031,2020,010276031,1,3,0,9,9,3,8,0,0,4,0,0,0,0,3,1,6,6,1,17,4,125,1,8,HONDA SH125,2,E01032720,0,-1
2020010266902,2020,010266902,2,3,0,18,19,4,8,0,0,5,0,0,0,0,1,1,6,6,3,-1,-1,125,1,13,HONDA SH125,-1,-1,0,-1
2020470970374,2020,470970374,2,3,0,18,19,6,2,0,0,8,0,0,0,0,1,1,6,6,1,31,6,125,1,5,HONDA SH125,2,E01016909,0,-1
2020010268672,2020,010268672,1,3,0,99,99,9,9,99,99,9,9,99,9,99,9,1,3,7,1,26,6,125,1,6,HONDA SH125,1,E01004204,0,-1
2020010281300,2020,010281300,3,3,0,5,5,5,1,0,0,1,0,0,0,0,0,1,6,6,1,44,7,125,1,5,HONDA SH125,5,E01000512,0,-1
2020010281002,2020,010281002,1,3,0,3,3,6,2,9,9,1,0,0,0,0,2,1,6,6,1,21,5,125,1,7,HONDA SH125,-1,-1,0,-1
2020010228543,2020,010228543,1,3,0,15,15,8,4,0,0,0,0,0,0,0,1,1,6,6,3,-1,-1,125,1,6,HONDA SH125,-1,-1,0,-1
2020010278456,2020,010278456,1,3,0,99,99,9,9,99,99,9,9,99,9,99,2,1,6,6,1,43,7,125,1,4,HONDA SH125,5,E01003083,0,-1
2020010286632,2020,010286632,1,3,0,99,99,9,9,99,99,9,9,99,9,99,9,1,6,6,1,25,5,125,1,7,HONDA SH125,3,E01000872,0,-1
2020010229684,2020,010229684,2,3,0,18,19,1,5,0,0,1,1,0,0,0,1,1,6,6,1,58,9,125,1,6,HONDA SH125,4,E01002179,0,-1
2020010260527,2020,010260527,2,3,0,15,15,6,2,1,1,0,0,0,0,0,3,1,6,6,1,21,5,125,1,6,HONDA SH125,5,E01000467,0,-1
2020010231525,2020,010231525,1,3,0,99,99,9,9,99,99,9,9,99,9,99,9,-1,6,6,1,42,7,125,1,6,HONDA SH125,1,E01001430,0,-1
2020010276818,2020,010276818,2,3,0,15,15,3,7,0,0,8,0,0,0,0,1,1,6,6,1,23,5,125,1,5,HONDA SH125,1,E01004042,0,-1
2020010234535,2020,010234535,1,3,0,99,99,9,9,99,99,9,9,99,9,99,2,-1,6,6,1,38,7,125,1,6,HONDA SH125,3,E01000510,0,-1
2020010236630,2020,010236630,1,3,0,18,19,1,5,0,0,8,0,99,9,99,9,-1,6,6,1,30,6,125,1,6,HONDA SH125,2,E01003523,0,-1
2020010228305,2020,010228305,2,3,0,99,99,9,9,99,99,9,9,99,9,99,9,1,6,6,1,19,4,125,1,5,HONDA SH125,4,E01002696,0,-1
2020010253583,2020,010253583,2,3,0,13,13,1,5,0,0,8,1,0,0,0,1,1,6,6,1,43,7,125,1,4,HONDA SH125,-1,-1,0,-1
2020010272045,2020,010272045,1,3,0,99,99,9,9,99,99,9,9,99,9,99,1,1,6,6,1,49,8,125,1,12,HONDA SH125,3,E01001999,0,-1
2020010284285,2020,010284285,1,3,0,9,9,5,2,0,0,5,0,0,0,0,1,1,1,1,1,34,6,125,1,7,HONDA SH125,1,E01000521,0,-1
2020010264403,2020,010264403,1,4,0,18,19,2,6,0,0,0,0,0,0,0,1,1,2,2,1,47,8,125,1,10,HONDA SH125,3,E01003969,0,-1
2020010232532,2020,010232532,2,97,0,99,99,9,9,99,99,0,9,99,9,99,9,9,6,6,3,-1,-1,125,1,4,-1,-1,-1,0,-1
2020010234271,2020,010234271,1,3,0,18,19,1,5,0,0,0,2,0,0,0,0,1,1,1,1,33,6,125,1,8,HONDA SH125,3,E01000531,0,-1
2020010259390,2020,010259390,2,3,0,18,19,5,1,0,0,1,0,0,0,0,1,1,1,1,2,32,6,125,1,5,HONDA SH125,9,E01000715,0,-1
2020010240015,2020,010240015,2,3,0,99,99,9,9,99,99,9,9,99,9,99,9,1,6,6,3,-1,-1,125,1,12,HONDA SH125,-1,-1,0,-1
2020010281092,2020,010281092,1,3,0,6,6,3,3,0,0,2,0,0,0,0,3,1,1,1,1,44,7,125,1,4,HONDA SH125,9,E01001303,0,-1
2020010262865,2020,010262865,1,3,0,14,14,7,3,0,0,2,0,0,0,0,1,1,1,1,1,28,6,125,1,7,HONDA SH125,3,E01004336,0,-1
2020010248966,2020,010248966,1,3,0,18,19,5,1,0,0,1,0,0,0,0,1,1,6,6,1,45,7,125,1,6,HONDA SH125,1,E01002081,0,-1
2020010260225,2020,010260225,1,3,0,99,99,9,9,0,0,0,9,0,0,0,0,1,6,6,1,32,6,125,1,13,HONDA SH125,3,E01003141,0,-1
2020010276118,2020,010276118,1,3,0,99,99,9,9,99,99,9,9,99,9,99,1,1,6,6,1,22,5,125,1,12,HONDA SH125,2,E01004404,0,-1
2020010250997,2020,010250997,1,3,0,99,99,9,9,99,99,0,9,99,9,99,1,9,6,6,1,22,5,125,1,4,HONDA SH125,5,E01003415,0,-1
2020010236147,2020,010236147,2,3,0,18,19,4,8,0,0,1,0,0,0,0,1,-1,1,1,2,49,8,125,1,7,HONDA SH125,2,E01003092,0,-1
2020010275303,2020,010275303,2,4,0,18,19,5,1,0,0,0,0,0,0,0,1,1,1,1,1,40,7,125,1,5,HONDA SH125,8,E01000679,0,-1
2020010238584,2020,010238584,2,3,0,18,19,7,3,0,0,0,0,0,0,0,1,1,1,1,2,31,6,125,1,7,HONDA SH125,3,E01003569,0,-1
2020010238789,2020,010238789,1,3,0,99,99,9,9,99,99,9,9,99,9,99,9,1,6,6,1,29,6,125,1,6,HONDA SH125,1,E01002071,0,-1
2020010266021,2020,010266021,1,3,0,99,99,9,9,99,99,9,9,99,9,99,1,9,6,6,3,-1,-1,125,1,18,HONDA SH125,-1,-1,0,-1
2020350954373,2020,350954373,2,3,0,18,19,3,7,0,0,0,0,0,0,0,4,1,6,6,1,24,5,125,1,15,HONDA SH125,5,E01018080,0,-1
2020010242480,2020,010242480,1,3,0,99,99,9,9,99,99,9,9,99,9,99,9,1,6,6,1,29,6,125,1,5,HONDA SH125,1,E01004312,0,-1
2020010275085,2020,010275085,2,2,0,18,19,1,5,0,0,8,0,0,0,0,1,1,1,1,1,22,5,125,1,6,HONDA SH125,2,E01032720,0,-1
2020010247503,2020,010247503,1,3,0,99,99,9,9,99,99,9,9,99,9,99,9,1,6,6,1,32,6,125,1,5,HONDA SH125,1,E01002066,0,-1
2020010229711,2020,010229711,2,4,0,18,19,7,3,0,0,8,2,0,0,0,1,-1,6,6,1,24,5,125,1,6,HONDA SH125,2,E01000941,0,-1
2020010259685,2020,010259685,2,3,0,18,19,1,5,0,0,1,0,0,0,0,1,1,1,1,1,33,6,125,1,12,HONDA SH125,2,E01002345,0,-1
2020010230687,2020,010230687,1,3,0,4,4,1,5,0,0,1,0,0,0,0,2,1,1,1,1,29,6,125,1,4,HONDA SH125,6,E01000219,0,-1
2020010245978,2020,010245978,1,3,0,99,99,9,9,99,99,9,9,99,9,99,9,-1,2,2,1,29,6,125,1,15,HONDA SH125,7,E01003682,0,-1
2020010252695,2020,010252695,1,3,0,99,99,9,9,99,99,9,9,99,9,99,9,1,2,2,1,21,5,125,1,4,HONDA SH125,2,E01001181,0,-1
2020010247525,2020,010247525,2,3,0,18,19,1,5,0,0,1,5,0,0,0,1,1,6,6,1,26,6,125,1,7,HONDA SH125,5,E01000593,0,-1
2020010254557,2020,010254557,1,2,0,99,99,9,9,99,99,9,9,99,9,99,1,9,6,6,1,51,8,125,1,6,HONDA SH125,2,E01004287,0,-1
2020010264358,2020,010264358,1,3,0,18,19,1,5,0,0,1,0,0,0,0,3,1,1,1,1,19,4,125,1,8,HONDA SH125,2,E01000014,0,-1
2020010249849,2020,010249849,1,4,0,7,7,1,3,0,0,5,0,0,1,0,1,1,6,6,1,18,4,125,1,4,HONDA SH125,3,E01001602,0,-1
2020010251817,2020,010251817,2,3,0,9,9,8,6,0,0,1,0,0,0,0,4,1,1,1,1,41,7,125,1,6,HONDA SH125,5,E01000639,0,-1
2020200954464,2020,200954464,1,3,0,5,5,1,4,0,0,8,0,0,0,0,4,1,6,6,1,18,4,125,1,13,HONDA SH125,1,E01010526,0,-1
2020010283690,2020,010283690,1,3,0,99,99,9,9,99,99,9,9,99,9,99,1,1,6,6,1,18,4,125,1,4,HONDA SH125,6,E01002126,0,-1
2020010274530,2020,010274530,1,3,0,99,99,9,9,99,99,0,9,99,9,99,1,1,6,6,1,36,7,125,1,5,HONDA SH125,4,E01000558,0,-1
2020010274866,2020,010274866,2,3,9,99,99,9,9,99,99,0,9,99,9,99,9,1,6,6,1,29,6,125,1,5,HONDA SH125,1,E01004674,0,-1
2020010261909,2020,010261909,2,3,0,5,5,2,6,0,0,1,0,0,0,0,4,1,1,1,1,46,8,125,1,8,HONDA SH125,2,E01004243,0,-1
2020420959947,2020,420959947,1,4,0,18,19,5,1,0,0,0,0,0,4,0,1,1,6,6,1,33,6,125,1,15,HONDA SH125,-1,-1,0,-1
2020010249762,2020,010249762,2,3,0,18,19,1,5,0,0,8,0,0,0,0,1,1,6,6,1,31,6,125,1,5,HONDA SH125,2,E01033702,0,-1
2020010258585,2020,010258585,1,3,0,18,19,1,5,0,0,1,0,0,0,0,1,1,6,6,1,21,5,125,1,7,HONDA SH125,4,E01002055,0,-1
2020010228247,2020,010228247,1,4,0,13,13,5,1,0,0,1,2,0,0,0,4,1,6,6,1,39,7,125,1,7,HONDA SH125,1,E01002778,0,-1
2020010260825,2020,010260825,1,3,0,99,99,9,9,99,99,9,9,99,9,99,1,1,6,6,1,27,6,125,1,11,HONDA SH125,2,E01001912,0,-1
2020010262852,2020,010262852,2,4,0,14,14,7,3,0,0,1,1,0,0,0,1,1,6,6,1,21,5,250,1,8,-1,4,E01004569,0,-1
2020460956634,2020,460956634,2,4,0,18,19,3,7,0,0,8,0,0,0,0,1,1,2,2,1,51,8,249,1,9,-1,9,E01024526,0,-1
2020122000189,2020,122000189,1,4,0,17,19,4,2,9,9,0,1,10,1,0,4,1,6,6,1,23,5,249,1,9,-1,2,E01033067,0,-1
2020530984802,2020,530984802,1,17,4,18,19,7,3,0,0,0,0,0,0,0,0,1,1,1,1,35,6,8419,2,1,-1,6,W01001587,0,-1
2020221009746,2020,221009746,1,9,0,9,9,1,8,0,0,6,0,0,0,0,1,1,5,6,2,31,6,1332,1,0,JEEP RENEGADE,5,E01014096,0,-1
2020990967582,2020,990967582,1,9,0,10,10,7,5,3,2,8,0,0,0,0,1,2,5,6,1,79,11,1598,1,4,JEEP RENEGADE,2,-1,0,-1
2020010259580,2020,010259580,1,9,0,99,99,9,9,99,99,9,9,99,9,99,1,9,6,6,1,31,6,1598,2,4,JEEP RENEGADE,5,E01003018,0,-1
2020990974679,2020,990974679,1,9,0,18,19,4,8,0,0,1,0,0,0,0,1,1,5,6,1,72,10,1598,2,4,JEEP RENEGADE,3,-1,0,-1
202031A160520,2020,31A160520,2,9,0,3,3,3,7,0,0,1,0,0,0,0,2,1,6,6,2,48,8,1956,2,3,JEEP RENEGADE,9,E01028200,0,-1
2020010238333,2020,010238333,1,9,0,99,99,9,9,99,99,9,9,99,9,99,2,9,2,2,1,42,7,1956,2,4,JEEP RENEGADE,4,E01033725,0,-1
2020010270590,2020,010270590,2,9,0,99,99,9,9,99,99,9,0,0,9,0,9,1,6,6,1,73,10,1368,1,2,JEEP RENEGADE,3,E01001793,0,-1
2020010285314,2020,010285314,1,9,0,3,3,1,5,0,0,1,0,0,0,0,1,1,6,6,1,41,7,1368,1,4,JEEP RENEGADE,10,E01000772,0,-1
2020420920627,2020,420920627,3,9,0,18,19,3,7,0,0,0,0,0,0,0,2,1,5,6,1,72,10,1368,1,4,JEEP RENEGADE,2,E01022046,0,-1
202031A073120,2020,31A073120,2,9,0,18,19,2,6,0,0,8,0,0,0,0,1,1,6,6,3,-1,-1,1598,1,4,JEEP RENEGADE,-1,-1,0,-1
2020522004582,2020,522004582,1,9,0,7,7,4,7,0,0,6,0,0,0,0,1,1,6,6,2,69,10,1368,1,3,JEEP RENEGADE,7,E01014744,0,-1
2020210938424,2020,210938424,2,9,0,18,19,7,3,0,0,0,0,0,0,0,3,1,6,6,2,39,7,1598,2,4,JEEP RENEGADE,-1,-1,0,-1
2020010276501,2020,010276501,2,9,0,99,99,9,9,99,99,1,9,99,9,99,9,9,6,6,3,-1,-1,1368,1,4,JEEP RENEGADE,-1,-1,0,-1
2020522004846,2020,522004846,1,9,0,4,4,7,3,0,0,4,0,0,0,0,2,1,6,6,1,38,7,1368,1,5,JEEP RENEGADE,5,E01022231,0,-1
2020460990717,2020,460990717,2,9,0,18,19,7,3,0,0,0,0,0,0,0,3,1,6,6,2,26,6,1598,2,4,JEEP RENEGADE,7,E01024411,0,-1
2020410948328,2020,410948328,2,9,0,9,9,3,1,0,0,8,0,0,0,0,4,1,5,6,2,47,8,1598,2,3,JEEP RENEGADE,6,E01023746,0,-1
202031D134420,2020,31D134420,1,9,0,9,9,8,6,0,0,6,0,0,3,1,1,1,6,6,1,50,8,1598,2,5,JEEP RENEGADE,10,E01028403,0,-1
2020110935169,2020,110935169,2,9,0,17,19,7,3,0,0,0,1,0,1,0,1,1,6,6,1,70,10,1956,2,5,JEEP RENEGADE,2,E01020700,0,-1
2020450961321,2020,450961321,1,9,0,3,3,7,3,0,0,1,0,0,0,0,2,1,6,6,2,24,5,1332,1,0,JEEP RENEGADE,8,E01001031,0,-1
2020460998512,2020,460998512,2,9,0,18,19,5,2,0,0,1,0,0,0,0,4,1,6,6,1,62,9,1332,1,0,JEEP RENEGADE,5,E01024673,0,-1
2020010287129,2020,010287129,1,9,0,17,19,5,1,0,0,0,2,10,0,0,1,1,1,1,1,42,7,1598,2,2,JEEP RENEGADE,2,E01033327,0,-1
2020340W07852,2020,340W07852,3,9,0,18,19,1,5,0,0,0,0,0,1,0,1,1,6,6,1,36,7,1956,2,4,JEEP RENEGADE,7,E01027321,0,-1
2020010241094,2020,010241094,1,9,0,9,9,3,1,0,0,8,0,0,0,0,3,9,6,6,1,42,7,1368,1,4,JEEP RENEGADE,3,E01003549,0,-1
202006M268453,2020,06M268453,1,9,0,9,9,3,1,0,0,5,0,0,0,0,1,1,6,6,1,38,7,1598,2,3,JEEP RENEGADE,10,E01006195,0,-1
202006Q267560,2020,06Q267560,1,9,0,18,19,6,2,0,0,0,0,0,0,0,4,1,6,6,2,50,8,1368,1,5,JEEP RENEGADE,-1,-1,0,-1
2020201012005,2020,201012005,2,9,0,3,3,6,2,0,0,1,0,0,0,0,2,1,6,6,1,-1,-1,1598,2,4,JEEP RENEGADE,3,E01010051,0,-1
2020622000805,2020,622000805,1,9,0,18,19,6,2,0,0,0,0,0,0,0,1,1,6,6,2,50,8,999,1,0,JEEP RENEGADE,4,W01000882,0,-1
2020430250324,2020,430250324,1,9,0,18,19,5,1,0,0,1,1,10,1,0,1,1,6,6,1,34,6,1368,1,2,JEEP RENEGADE,-1,-1,0,-1
2020010280916,2020,010280916,1,9,0,17,19,4,8,0,0,0,0,0,0,0,3,1,6,6,1,22,5,1368,1,4,JEEP RENEGADE,3,E01000385,0,-1
2020400935579,2020,400935579,2,9,0,18,19,4,1,0,0,1,0,0,1,0,1,1,1,1,1,29,6,1368,1,2,JEEP RENEGADE,9,E01033193,0,-1
2020460989582,2020,460989582,1,9,0,11,11,1,5,0,0,0,1,0,0,0,1,1,5,6,2,36,7,1956,2,5,JEEP RENEGADE,8,E01024758,0,-1
2020440029206,2020,440029206,1,9,0,5,5,1,5,0,0,8,0,0,0,0,4,1,2,2,2,54,8,1598,2,4,JEEP RENEGADE,10,E01022771,0,-1
2020622000224,2020,622000224,2,9,0,18,19,2,6,0,0,8,0,0,0,0,2,1,2,2,1,39,7,1598,2,4,JEEP RENEGADE,2,W01001315,0,-1
2020137980316,2020,137980316,2,9,0,7,7,7,3,0,0,6,0,0,0,0,3,1,6,6,1,44,7,1598,2,5,JEEP RENEGADE,1,E01011559,0,-1
2020370974917,2020,370974917,1,9,0,18,19,8,4,0,0,8,0,0,0,0,1,1,5,6,1,42,7,1368,1,5,JEEP RENEGADE,4,E01001623,0,-1
2020231011527,2020,231011527,2,9,0,4,4,8,4,0,0,0,0,0,0,0,2,1,5,6,2,39,7,1598,2,5,JEEP RENEGADE,3,E01031047,0,-1
2020211029848,2020,211029848,2,9,0,18,19,7,3,0,0,2,0,0,0,0,1,1,6,6,1,72,10,1368,1,4,JEEP RENEGADE,4,E01029729,0,-1
2020410979578,2020,410979578,1,9,0,18,19,1,5,0,0,8,0,0,0,0,1,1,5,6,1,29,6,1332,1,1,JEEP RENEGADE,6,E01023582,0,-1
2020211010400,2020,211010400,1,9,0,18,19,6,2,0,0,0,0,0,0,0,1,1,1,1,1,31,6,1598,2,5,JEEP RENEGADE,10,E01029483,0,-1
2020200982074,2020,200982074,2,9,0,2,2,0,0,0,0,1,0,0,0,0,2,1,6,6,2,39,7,1956,2,5,JEEP RENEGADE,1,E01009203,0,-1
2020041004436,2020,041004436,1,9,0,18,19,5,1,0,0,4,0,0,1,0,1,1,2,2,1,24,5,1368,1,3,JEEP RENEGADE,9,E01012598,0,-1
2020500956968,2020,500956968,1,9,0,17,19,3,8,0,0,0,0,0,0,0,1,1,5,6,2,68,10,1368,1,4,JEEP RENEGADE,7,E01020341,0,-1
2020010241558,2020,010241558,1,9,0,5,5,1,5,0,0,1,0,0,0,0,1,1,6,6,1,32,6,1368,1,4,JEEP RENEGADE,5,E01001647,0,-1
2020010278702,2020,010278702,2,9,0,99,99,9,9,99,99,9,9,99,9,99,0,9,6,6,3,50,8,999,1,0,JEEP RENEGADE,7,E01002060,0,-1
2020201023131,2020,201023131,3,9,0,2,2,0,0,0,0,0,0,0,0,0,2,1,6,6,3,-1,-1,999,1,2,JEEP RENEGADE,-1,-1,0,-1
2020622001039,2020,622001039,1,9,0,18,19,6,2,0,0,7,1,0,2,1,1,1,6,6,1,34,6,999,1,0,JEEP RENEGADE,1,W01001955,0,-1
20201378O1553,2020,1378O1553,2,9,0,18,19,8,4,0,0,4,0,0,0,0,2,1,6,6,2,46,8,1598,2,2,JEEP RENEGADE,1,E01010612,0,-1
2020990949925,2020,990949925,1,9,0,18,19,1,1,0,0,2,0,0,0,0,1,1,6,6,2,23,5,1598,2,4,JEEP RENEGADE,3,-1,0,-1
2020302001342,2020,302001342,1,9,0,5,5,8,4,0,0,2,0,0,0,0,1,1,6,6,2,54,8,1598,2,5,JEEP RENEGADE,3,E01019743,0,-1
2020450955670,2020,450955670,1,9,0,18,19,5,1,0,0,0,2,10,0,0,1,1,2,2,1,25,5,1368,1,5,JEEP RENEGADE,6,E01017261,0,-1
2020137A91248,2020,137A91248,1,9,0,18,19,5,1,0,0,0,0,0,0,0,1,1,6,6,1,56,9,1598,2,3,JEEP RENEGADE,3,E01011333,0,-1
202006L167031,2020,06L167031,1,9,0,13,13,6,2,0,0,0,1,0,1,0,3,1,6,6,3,15,3,1598,2,4,JEEP RENEGADE,-1,-1,0,-1
2020201020216,2020,201020216,2,9,0,17,19,8,5,0,0,8,0,0,0,0,4,1,1,1,1,28,6,1598,2,4,JEEP RENEGADE,3,E01009757,0,-1
2020360942741,2020,360942741,1,9,0,18,19,1,5,0,0,0,0,0,0,0,1,1,2,2,1,29,6,1598,1,2,JEEP RENEGADE,4,E01026640,0,-1
2020450956580,2020,450956580,1,9,0,18,19,3,7,0,0,0,0,0,0,0,2,1,6,6,1,54,8,1368,1,4,JEEP RENEGADE,10,E01030780,0,-1
2020140933362,2020,140933362,2,9,0,7,7,5,1,0,0,6,0,0,0,0,1,1,6,6,1,-1,-1,1598,2,4,JEEP RENEGADE,-1,-1,0,-1
2020302000598,2020,302000598,1,9,0,2,2,0,0,0,0,0,0,0,0,0,0,1,6,6,1,29,6,1598,2,5,JEEP RENEGADE,5,E01025884,0,-1
2020040972742,2020,040972742,1,9,0,4,4,1,5,0,0,0,0,0,0,0,2,1,5,6,1,57,9,1368,1,4,JEEP RENEGADE,1,E01024925,0,-1
2020461004893,2020,461004893,1,9,0,18,19,7,3,0,0,1,0,0,0,0,1,1,6,6,1,64,9,1368,1,3,JEEP RENEGADE,10,E01024471,0,-1
2020010283450,2020,010283450,1,9,0,99,99,9,9,99,99,9,1,99,9,99,2,9,6,6,3,-1,-1,1368,1,3,JEEP RENEGADE,9,E01003458,0,-1
2020990956329,2020,990956329,2,3,0,7,7,7,1,0,0,1,5,0,0,0,1,1,5,6,1,44,7,1000,1,15,-1,8,-1,0,-1
20201379N1071,2020,1379N1071,2,9,0,16,19,1,5,0,0,0,0,0,0,0,1,1,6,6,1,53,8,1591,1,9,KIA SOUL,6,E01011861,0,-1
2020450925979,2020,450925979,2,9,0,18,19,4,8,0,0,0,0,0,0,0,1,1,6,6,2,33,6,1591,1,6,KIA SOUL,9,E01030501,0,-1
2020160983697,2020,160983697,2,9,0,18,19,7,3,0,0,6,0,0,0,0,4,1,6,6,2,61,9,1582,2,8,KIA SOUL,3,E01012986,0,-1
2020552000138,2020,552000138,2,9,0,2,2,0,0,0,0,0,0,0,1,11,1,1,6,6,3,-1,-1,1582,2,4,KIA SOUL,-1,-1,0,-1
2020140989215,2020,140989215,1,9,0,18,19,5,1,0,0,0,0,0,0,0,4,1,5,6,1,53,8,1582,2,7,KIA SOUL,3,E01011868,0,-1
2020010249158,2020,010249158,2,9,0,1,1,9,9,0,0,0,9,0,0,99,2,9,6,6,2,39,7,1582,2,11,KIA SOUL,2,E01001181,0,-1
2020500963182,2020,500963182,2,9,0,2,2,0,0,0,0,0,0,0,0,0,2,1,5,6,2,51,8,1582,2,9,KIA SOUL,4,E01015173,0,-1
2020471009028,2020,471009028,3,9,0,4,4,4,8,0,0,0,0,0,0,0,2,1,2,2,2,30,6,1582,2,9,KIA SOUL,2,E01017011,0,-1
2020370981467,2020,370981467,1,9,0,12,12,-1,-1,0,0,4,0,0,0,0,1,1,5,6,1,55,8,1591,1,11,KIA SOUL,1,E01029982,0,-1
2020010252134,2020,010252134,1,9,0,99,99,9,9,99,99,9,9,99,9,99,2,9,6,6,1,20,4,1582,2,10,KIA SOUL,6,E01003375,0,-1
2020421002121,2020,421002121,1,9,0,16,19,7,3,0,0,0,0,0,0,0,3,1,6,6,2,85,11,1582,2,6,KIA SOUL,6,E01021875,0,-1
2020320135839,2020,320135839,1,9,0,18,19,4,3,0,0,0,5,0,7,9,3,1,6,6,2,35,6,1582,2,10,KIA SOUL,3,E01026075,0,-1
2020360996089,2020,360996089,2,9,0,3,3,3,7,0,0,0,0,0,0,0,1,1,2,2,2,33,6,1582,2,6,KIA SOUL,8,E01026772,0,-1
2020622001099,2020,622001099,1,9,0,4,4,5,1,0,0,0,0,0,0,0,1,1,6,6,2,53,8,1582,2,2,KIA SOUL,1,W01000975,0,-1
2020040940014,2020,040940014,3,9,0,7,7,7,3,0,0,1,0,0,0,0,0,1,5,6,2,30,6,1582,2,7,KIA SOUL,3,E01025310,0,-1
2020471010610,2020,471010610,1,9,0,17,19,3,8,0,0,0,0,0,0,0,1,1,6,6,1,-1,-1,1591,1,11,KIA SOUL,6,E01031601,0,-1
2020350936896,2020,350936896,2,9,0,18,19,1,5,0,0,0,0,0,0,0,1,1,6,6,2,59,9,1591,1,6,KIA SOUL,9,E01018054,0,-1
2020040983412,2020,040983412,1,9,0,7,7,3,7,0,0,1,0,0,0,0,1,1,5,6,1,79,11,1582,2,9,KIA SOUL,5,E01024888,0,-1
2020302001443,2020,302001443,1,9,0,18,19,1,5,0,0,0,5,0,1,6,3,1,6,6,1,61,9,1582,2,1,KIA SOUL,7,E01032926,0,-1
2020500967391,2020,500967391,1,9,0,18,19,7,3,0,0,0,0,0,0,0,1,1,5,6,2,67,10,1582,2,10,KIA SOUL,3,E01020294,0,-1