collision_index,collision_year,collision_ref_no,vehicle_reference,vehicle_type,towing_and_articulation,vehicle_manoeuvre_historic,vehicle_manoeuvre,vehicle_direction_from,vehicle_direction_to,vehicle_location_restricted_lane_historic,vehicle_location_restricted_lane,junction_location,skidding_and_overturning,hit_object_in_carriageway,vehicle_leaving_carriageway,hit_object_off_carriageway,first_point_of_impact,vehicle_left_hand_drive,journey_purpose_of_driver_historic,journey_purpose_of_driver,sex_of_driver,age_of_driver,age_band_of_driver,engine_capacity_cc,propulsion_code,age_of_vehicle,generic_make_model,driver_imd_decile,lsoa_of_driver,escooter_flag,driver_distance_banding
2020450980206,2020,450980206,1,9,0,4,4,3,1,0,0,1,0,0,0,0,2,1,6,6,1,47,8,1582,2,6,KIA SOUL,6,E01030717,0,-1
202031C109520,2020,31C109520,4,9,0,18,19,5,1,0,0,0,0,0,0,0,1,1,6,6,1,65,9,1591,1,2,KIA SOUL,7,E01028405,0,-1
2020200991689,2020,200991689,1,9,0,16,19,3,7,0,0,1,0,0,0,0,1,1,6,6,3,-1,-1,1582,2,8,KIA SOUL,-1,-1,0,-1
2020320620934,2020,320620934,3,9,0,18,19,4,2,0,0,0,0,0,0,0,1,1,6,6,2,60,9,1582,2,8,KIA SOUL,3,E01026323,0,-1
2020471009776,2020,471009776,1,9,0,18,19,2,6,0,0,1,0,0,0,0,1,1,1,1,2,53,8,1582,2,10,KIA SOUL,9,E01020954,0,-1
2020400960941,2020,400960941,1,9,0,18,19,6,3,0,0,1,0,0,0,0,1,1,5,6,1,25,5,1582,2,9,KIA SOUL,5,E01023790,0,-1
2020160924491,2020,160924491,2,9,0,5,5,1,5,0,0,2,0,0,0,0,1,1,6,6,1,-1,-1,1582,2,8,KIA SOUL,1,E01012848,0,-1
2020010230846,2020,010230846,2,9,0,9,9,5,3,0,0,8,0,0,0,0,1,1,6,6,3,19,4,1591,1,9,KIA SOUL,2,E01003337,0,-1
2020040930491,2020,040930491,2,9,0,18,19,3,7,0,0,1,0,0,7,11,4,1,5,6,1,70,10,1582,2,9,KIA SOUL,2,E01012745,0,-1
2020100984792,2020,100984792,2,9,0,18,19,7,3,0,0,8,0,0,0,0,3,1,5,6,2,59,9,1582,2,10,KIA SOUL,5,E01008787,0,-1
2020430046242,2020,430046242,2,9,0,18,19,6,2,0,0,6,0,0,0,0,1,1,6,6,1,-1,-1,-1,3,3,KIA SOUL,10,E01016425,0,-1
2020302001089,2020,302001089,3,9,0,18,19,3,7,0,0,0,0,0,0,0,3,1,6,6,2,55,8,1582,2,11,KIA SOUL,10,E01013577,0,-1
2020400957923,2020,400957923,1,9,0,11,11,1,5,0,0,0,0,0,0,0,4,1,6,6,1,39,7,1591,1,11,KIA SOUL,4,E01017476,0,-1
2020500945950,2020,500945950,2,9,0,2,2,0,0,0,0,0,0,0,0,0,3,1,6,6,2,-1,-1,1582,2,10,KIA SOUL,5,E01015164,0,-1
2020530957023,2020,530957023,2,9,0,18,19,2,6,0,0,8,2,0,7,0,4,1,4,7,2,39,7,-1,3,2,KIA SOUL,5,E01022228,0,-1
2020440480849,2020,440480849,2,9,0,2,2,0,0,0,0,0,0,0,0,0,3,1,6,6,3,-1,-1,1591,1,10,KIA SOUL,-1,-1,0,-1
2020137721373,2020,137721373,1,9,0,18,19,2,6,8,6,0,0,0,0,0,4,1,2,2,1,43,7,-1,3,0,KIA SOUL,3,E01011541,0,-1
2020360973808,2020,360973808,1,5,0,18,19,5,1,0,0,0,0,0,0,0,1,1,1,1,1,41,7,649,1,9,MAKE AND MODEL REDACTED,6,E01026701,0,-1
2020201018997,2020,201018997,1,5,0,18,19,6,2,0,0,2,0,10,1,4,1,1,6,6,1,33,6,649,1,9,MAKE AND MODEL REDACTED,-1,-1,0,-1
2020990946977,2020,990946977,1,5,0,7,7,3,5,0,0,1,0,0,0,0,1,1,6,6,1,41,7,649,1,8,MAKE AND MODEL REDACTED,7,-1,0,-1
2020990957202,2020,990957202,1,5,0,17,19,1,5,0,0,0,0,0,0,0,3,1,6,6,2,40,7,649,1,8,MAKE AND MODEL REDACTED,9,-1,0,-1
2020440002016,2020,440002016,1,3,0,18,19,7,3,0,0,0,1,0,0,0,0,1,6,6,2,22,5,125,1,7,MAKE AND MODEL REDACTED,7,E01023082,0,-1
2020411029119,2020,411029119,1,2,0,18,19,6,2,0,0,0,0,0,0,0,1,1,6,6,1,16,4,49,1,5,-1,6,E01033311,0,-1
2020360993891,2020,360993891,2,3,0,5,5,4,8,0,0,4,0,0,0,0,2,1,5,6,2,46,8,125,1,4,MAKE AND MODEL REDACTED,10,E01026521,0,-1
2020461008719,2020,461008719,2,3,0,13,13,6,2,0,0,1,1,0,0,0,1,1,5,6,1,36,7,125,1,3,MAKE AND MODEL REDACTED,2,E01024840,0,-1
2020100992978,2020,100992978,1,9,0,18,19,7,3,0,0,0,5,10,6,0,3,1,5,6,1,22,5,1600,1,28,MAZDA Model Missing,3,E01008508,0,-1
2020500978850,2020,500978850,1,19,0,7,7,1,3,0,0,6,0,0,0,0,1,1,5,6,1,59,9,-1,-1,-1,-1,7,E01020047,0,-1
2020052001047,2020,052001047,1,9,0,1,1,5,1,0,0,0,0,0,0,0,2,1,6,6,1,81,11,2490,2,24,MAZDA Model Missing,1,E01006881,0,-1
2020990915021,2020,990915021,1,9,0,18,19,2,6,0,0,3,5,0,1,4,1,1,5,6,1,61,9,2499,2,24,MAZDA Model Missing,5,-1,0,-1
2020430289471,2020,430289471,1,9,0,18,19,6,2,0,0,1,0,0,0,0,1,1,6,6,1,87,11,2490,2,25,MAZDA Model Missing,2,E01017707,0,-1
2020460992506,2020,460992506,3,90,0,2,2,0,0,0,0,8,0,0,0,0,2,1,6,6,3,-1,-1,2499,2,22,-1,-1,-1,0,-1
2020010240643,2020,010240643,1,9,0,5,5,5,1,0,0,1,0,0,0,0,1,1,6,6,1,49,8,1839,1,26,MAZDA Model Missing,3,E01001999,0,-1
2020430187513,2020,430187513,2,9,0,18,19,4,7,0,0,0,0,0,0,0,3,1,6,6,1,48,8,2500,2,25,MAZDA Model Missing,7,E01028753,0,-1
2020500924029,2020,500924029,1,9,0,18,19,1,5,0,0,0,1,0,0,0,1,1,6,6,1,27,6,1600,1,28,MAZDA Model Missing,3,E01019052,0,-1
2020440421264,2020,440421264,1,9,0,9,9,3,1,0,0,8,0,0,0,0,3,1,6,6,1,41,7,2490,1,21,MAZDA Model Missing,10,E01022707,0,-1
2020440237762,2020,440237762,1,9,0,6,6,2,2,0,0,0,0,0,0,0,1,1,6,6,1,63,9,1839,1,24,MAZDA Model Missing,8,E01023286,0,-1
2020440025002,2020,440025002,1,9,0,9,9,7,5,0,0,8,0,0,0,0,1,1,6,6,1,83,11,2490,1,20,MAZDA Model Missing,7,E01023177,0,-1
2020160918801,2020,160918801,1,9,0,18,19,6,2,0,0,0,0,0,0,0,1,1,2,2,1,25,5,1600,1,28,MAZDA Model Missing,1,E01012849,0,-1
202054A675620,2020,54A675620,3,9,0,2,2,0,0,6,6,1,0,0,0,0,0,1,6,6,3,30,6,2500,2,24,MAZDA Model Missing,-1,-1,0,-1
2020501015386,2020,501015386,2,9,0,16,19,4,8,0,0,0,1,0,0,0,1,1,5,6,1,18,4,1600,1,28,MAZDA Model Missing,4,E01020309,0,-1
2020421000996,2020,421000996,2,9,0,9,9,5,4,0,0,2,0,0,0,0,3,1,5,6,1,29,6,3799,1,0,-1,7,E01021971,0,-1
2020140955809,2020,140955809,1,9,0,9,9,1,5,0,0,3,0,0,0,0,2,2,5,6,1,34,6,1796,1,18,-1,1,E01007574,0,-1
20201376I0897,2020,1376I0897,2,9,0,2,2,0,0,0,0,0,0,0,0,0,0,2,6,6,3,-1,-1,1796,1,18,-1,-1,-1,0,-1
2020160964492,2020,160964492,1,9,0,3,3,3,7,0,0,4,0,0,0,0,2,1,6,6,1,44,7,1796,1,10,-1,10,E01012958,0,-1
2020320149245,2020,320149245,1,9,0,11,11,1,5,0,0,0,5,0,0,0,1,1,6,6,1,52,8,1796,1,16,-1,10,E01015908,0,-1
2020122100074,2020,122100074,1,9,0,18,19,5,1,0,0,0,0,0,0,0,1,1,6,6,1,65,9,1796,1,17,-1,4,E01027905,0,-1
2020010238908,2020,010238908,1,9,0,9,9,1,8,0,0,1,0,0,6,0,3,1,6,6,1,62,9,1796,1,16,-1,8,E01000672,0,-1
2020552000732,2020,552000732,2,9,0,4,4,6,2,0,0,0,0,0,0,0,2,1,6,6,1,33,6,1796,1,17,-1,6,E01020439,0,-1
2020010274675,2020,010274675,2,9,0,18,19,5,1,0,0,1,0,0,0,0,1,1,6,6,1,58,9,1796,1,18,-1,6,E01003707,0,-1
2020200940960,2020,200940960,1,9,0,5,5,-1,-1,0,0,0,0,0,0,0,3,1,6,6,3,-1,-1,1588,1,16,-1,-1,-1,0,-1
2020420963103,2020,420963103,1,9,0,9,9,2,8,0,0,6,0,0,0,0,1,1,5,6,2,85,11,1584,1,14,MITSUBISHI LANCER,6,E01021723,0,-1
2020040970829,2020,040970829,3,9,0,18,19,3,7,0,0,0,0,0,0,0,2,2,5,6,2,45,7,1968,2,10,MITSUBISHI LANCER,5,E01019388,0,-1
2020320158203,2020,320158203,1,9,0,16,19,1,3,0,0,8,0,0,7,0,1,1,6,6,1,18,4,1798,1,11,MITSUBISHI LANCER,8,E01031946,0,-1
2020010271036,2020,010271036,1,9,0,18,19,8,4,0,0,2,0,0,0,0,1,1,6,6,1,28,6,1798,1,11,MITSUBISHI LANCER,4,E01001005,0,-1
2020450958952,2020,450958952,1,9,0,18,19,7,3,0,0,0,0,0,0,0,3,1,5,6,1,70,10,1584,1,13,MITSUBISHI LANCER,9,E01030568,0,-1
2020040962791,2020,040962791,1,9,0,17,19,7,3,0,0,0,1,10,7,4,4,1,6,6,1,20,4,1968,2,10,MITSUBISHI LANCER,3,E01025366,0,-1
2020400997023,2020,400997023,2,9,0,3,3,5,3,0,0,3,0,0,0,0,2,1,5,6,2,72,10,1997,1,14,MITSUBISHI LANCER,8,E01017465,0,-1
2020622001058,2020,622001058,2,9,0,9,9,6,4,0,0,8,0,0,0,0,1,1,6,6,1,24,5,1798,1,12,MITSUBISHI LANCER,2,W01000856,0,-1
2020522002409,2020,522002409,1,9,0,7,7,1,3,0,0,0,0,0,0,0,3,1,6,6,2,30,6,1584,1,12,MITSUBISHI LANCER,-1,-1,0,-1
2020522004176,2020,522004176,1,9,0,18,19,3,7,0,0,1,0,0,0,0,4,1,6,6,1,53,8,1584,1,13,MITSUBISHI LANCER,10,E01033336,0,-1
2020360956655,2020,360956655,1,9,0,9,9,-1,-1,0,0,2,0,0,0,0,-1,1,6,6,1,52,8,1584,1,14,MITSUBISHI LANCER,10,E01026811,0,-1
2020371016236,2020,371016236,1,9,0,18,19,3,7,0,0,1,0,0,0,0,1,1,5,6,1,32,6,1968,2,11,MITSUBISHI LANCER,7,E01030239,0,-1
2020110946706,2020,110946706,1,9,0,18,19,1,5,0,0,4,0,0,0,0,1,1,6,6,1,38,7,1584,1,15,MITSUBISHI LANCER,1,E01020909,0,-1
2020140995678,2020,140995678,4,9,0,2,2,0,0,0,0,1,0,0,0,0,3,1,6,6,3,-1,-1,1968,2,10,MITSUBISHI LANCER,-1,-1,0,-1
2020520004356,2020,520004356,1,9,0,9,9,1,7,0,0,8,0,0,0,0,3,1,6,6,1,19,4,1997,1,13,MITSUBISHI LANCER,7,E01029140,0,-1
2020530918721,2020,530918721,2,9,0,18,19,3,7,0,0,1,0,0,0,0,1,1,1,1,1,43,7,1798,1,12,MITSUBISHI LANCER,9,E01022204,0,-1
2020200933669,2020,200933669,2,9,0,18,19,4,8,0,0,8,0,0,0,0,3,1,1,1,1,31,6,1798,7,9,MITSUBISHI LANCER,1,E01009152,0,-1
2020622000078,2020,622000078,2,9,0,4,4,2,6,0,0,2,0,0,0,0,1,1,2,2,1,36,7,1968,2,8,MITSUBISHI LANCER,4,W01001149,0,-1
2020500962484,2020,500962484,1,9,0,18,19,3,7,0,0,0,5,0,0,0,1,1,6,6,1,41,7,1998,1,10,MITSUBISHI LANCER,7,E01020327,0,-1
2020137441946,2020,137441946,1,9,0,16,19,1,5,0,0,0,0,0,1,3,1,1,6,6,1,27,6,1584,1,15,MITSUBISHI LANCER,7,E01010753,0,-1
2020361008354,2020,361008354,3,9,0,18,19,5,1,0,0,0,0,0,0,0,3,1,5,6,1,62,9,1584,1,12,MITSUBISHI LANCER,3,E01026786,0,-1
2020040921038,2020,040921038,2,9,0,13,13,3,3,0,0,0,1,0,7,10,1,1,5,6,1,31,6,1968,2,10,MITSUBISHI LANCER,7,E01027771,0,-1
2020340K01402,2020,340K01402,1,9,0,13,13,3,7,0,0,0,5,0,1,7,1,1,6,6,1,20,4,1584,1,14,MITSUBISHI LANCER,8,E01025792,0,-1
2020470926739,2020,470926739,3,9,0,18,19,4,8,0,0,0,0,0,0,0,3,1,3,7,1,45,7,1584,1,15,MITSUBISHI LANCER,4,E01031833,0,-1
2020010233960,2020,010233960,6,9,0,3,3,1,5,0,0,0,0,0,0,0,2,1,6,6,1,22,5,1997,1,16,MITSUBISHI LANCER,-1,-1,0,-1
2020460943331,2020,460943331,2,9,0,18,19,8,5,0,0,1,0,0,0,0,2,1,5,6,1,37,7,1584,1,13,MITSUBISHI LANCER,1,E01024683,0,-1
2020500989100,2020,500989100,2,9,0,18,19,7,3,0,0,0,1,0,1,7,2,1,5,6,2,25,5,1968,2,10,MITSUBISHI LANCER,8,E01018811,0,-1
2020010250330,2020,010250330,1,9,0,18,19,3,7,0,0,1,0,7,0,0,1,1,6,6,1,78,11,1584,1,14,MITSUBISHI LANCER,2,E01033151,0,-1
2020010247177,2020,010247177,2,9,0,18,19,1,5,0,0,0,0,0,0,0,0,1,6,6,1,28,6,1584,1,13,MITSUBISHI LANCER,5,E01001091,0,-1
2020522002869,2020,522002869,1,9,0,18,19,1,5,0,0,0,0,0,0,1,1,1,6,6,1,23,5,1990,1,24,MITSUBISHI LANCER,9,E01015473,0,-1
20201378M0813,2020,1378M0813,2,9,0,18,19,3,7,0,0,1,0,0,0,0,1,1,6,6,2,40,7,1968,2,9,MITSUBISHI LANCER,2,E01010781,0,-1
2020470919588,2020,470919588,1,9,0,5,5,6,2,8,6,0,0,0,0,0,3,1,2,2,1,57,9,1584,1,14,MITSUBISHI LANCER,6,E01031676,0,-1
2020161000671,2020,161000671,2,9,0,18,19,4,8,0,0,0,0,0,0,0,0,1,1,1,2,22,5,1968,2,10,MITSUBISHI LANCER,10,E01013092,0,-1
2020122100324,2020,122100324,2,9,0,18,19,5,1,0,0,0,1,0,1,0,3,1,6,6,1,36,7,1584,1,14,MITSUBISHI LANCER,3,E01027612,0,-1
2020320028381,2020,320028381,1,9,0,14,14,7,3,0,0,0,0,0,0,9,2,1,6,6,1,38,7,1998,1,12,MITSUBISHI LANCER,6,E01007665,0,-1
2020522000453,2020,522000453,1,9,0,18,19,6,2,0,0,8,0,0,0,0,1,1,6,6,1,37,7,1584,1,13,MITSUBISHI LANCER,6,E01014591,0,-1
2020200961102,2020,200961102,1,9,0,16,19,4,7,0,0,0,1,7,6,2,4,1,6,6,1,37,7,2000,1,17,MITSUBISHI LANCER,1,E01009979,0,-1
2020991004392,2020,991004392,2,9,0,18,19,8,8,0,0,1,0,0,0,0,3,1,6,6,1,35,6,1499,1,10,MITSUBISHI LANCER,1,-1,0,-1
2020320053103,2020,320053103,1,9,0,18,19,1,5,0,0,4,0,0,0,0,3,1,1,1,2,46,8,1798,1,9,MITSUBISHI LANCER,5,E01026285,0,-1
2020201021842,2020,201021842,1,9,0,18,19,8,4,0,0,8,0,4,0,0,1,1,6,6,1,43,7,1968,2,11,MITSUBISHI LANCER,1,E01009258,0,-1
2020540774920,2020,540774920,1,9,0,5,5,5,1,0,0,1,0,0,0,0,3,1,6,6,1,53,8,1968,2,9,MITSUBISHI LANCER,5,E01031933,0,-1
2020350966668,2020,350966668,1,9,0,18,19,1,1,0,0,0,0,0,0,0,1,1,6,6,2,-1,-1,1584,1,15,MITSUBISHI LANCER,-1,-1,0,-1
20201379K0164,2020,1379K0164,1,9,0,16,19,8,4,0,0,1,1,0,7,10,1,1,6,6,3,-1,-1,1968,2,10,MITSUBISHI LANCER,-1,-1,0,-1
2020522100452,2020,522100452,1,9,0,18,19,7,3,0,0,4,0,0,0,0,1,1,6,6,1,38,7,1968,2,10,MITSUBISHI LANCER,10,E01014875,0,-1
2020010241053,2020,010241053,2,9,0,3,3,7,3,0,0,4,0,0,0,0,2,9,6,6,1,-1,-1,1584,1,14,MITSUBISHI LANCER,8,E01000173,0,-1
2020201005844,2020,201005844,2,9,0,4,4,-1,-1,0,0,0,0,0,0,0,2,1,6,6,1,41,7,1798,1,12,MITSUBISHI LANCER,4,E01009658,0,-1
2020530967245,2020,530967245,2,9,0,18,19,7,3,0,0,1,0,0,7,0,1,1,5,6,1,22,5,1968,2,10,MITSUBISHI LANCER,6,E01022235,0,-1
2020990993209,2020,990993209,2,9,0,4,4,3,7,0,0,1,0,0,0,0,1,1,5,6,1,20,4,1499,1,9,MITSUBISHI LANCER,6,-1,0,-1
2020101008417,2020,101008417,1,9,0,18,19,2,6,0,0,0,0,0,0,0,1,1,5,6,1,60,9,1584,1,14,MITSUBISHI LANCER,-1,-1,0,-1
2020010284928,2020,010284928,2,9,0,18,19,6,2,0,0,8,1,0,4,11,1,1,6,6,3,-1,-1,1968,2,9,MITSUBISHI LANCER,8,E01001526,0,-1
2020450923317,2020,450923317,2,9,0,3,3,2,6,0,0,0,0,0,0,0,2,1,2,2,1,40,7,1968,2,9,MITSUBISHI LANCER,4,E01002607,0,-1
2020990976931,2020,990976931,2,9,0,13,13,7,3,0,0,0,0,0,0,0,1,1,5,6,1,51,8,1584,1,13,MITSUBISHI LANCER,7,-1,0,-1
2020052002692,2020,052002692,1,9,0,18,19,5,1,0,0,8,0,0,1,0,3,1,6,6,1,61,9,1584,1,14,MITSUBISHI LANCER,5,E01006781,0,-1
2020010246260,2020,010246260,2,9,0,99,99,9,9,99,99,9,9,99,9,99,1,9,6,6,3,-1,-1,1998,1,21,MITSUBISHI LANCER,-1,-1,0,-1
2020340D06032,2020,340D06032,2,9,0,4,4,6,2,0,0,1,0,0,0,0,2,1,2,2,1,35,6,1968,2,11,MITSUBISHI LANCER,3,E01031177,0,-1
2020040980362,2020,040980362,3,9,0,2,2,0,0,0,0,0,0,4,0,0,4,1,6,6,3,-1,-1,1968,2,9,MITSUBISHI LANCER,-1,-1,0,-1
2020460977090,2020,460977090,2,9,0,18,19,7,3,0,0,1,0,0,0,0,2,1,5,6,1,53,8,1584,1,15,MITSUBISHI LANCER,4,E01024048,0,-1
2020160958875,2020,160958875,1,9,0,18,19,5,1,0,0,1,0,0,0,0,1,1,6,6,1,24,5,1798,1,12,MITSUBISHI LANCER,1,E01013296,0,-1
2020450992006,2020,450992006,2,9,0,18,19,5,1,0,0,1,0,0,0,0,4,1,2,2,1,30,6,1968,2,9,MITSUBISHI LANCER,10,E01000838,0,-1
2020990974786,2020,990974786,2,9,0,4,4,4,8,0,0,0,0,0,0,0,2,1,6,6,1,35,6,2000,1,19,MITSUBISHI LANCER,1,-1,0,-1
2020990945484,2020,990945484,2,9,0,18,19,3,7,0,0,0,0,0,0,0,1,1,6,6,2,26,6,1461,2,4,RENAULT GRAND SCENIC,1,-1,0,-1
2020420917040,2020,420917040,1,9,0,1,1,2,2,9,9,0,0,0,0,0,2,1,6,6,2,39,7,1461,2,5,RENAULT GRAND SCENIC,4,E01022049,0,-1
2020410922671,2020,410922671,3,9,0,18,19,1,5,0,0,0,0,0,0,0,2,1,6,6,2,39,7,1461,2,4,RENAULT GRAND SCENIC,10,E01023742,0,-1
2020501008159,2020,501008159,2,9,0,4,4,3,7,0,0,0,0,0,0,0,2,1,5,6,1,48,8,1461,2,5,RENAULT GRAND SCENIC,8,E01020054,0,-1
2020010272811,2020,010272811,1,9,0,99,99,9,9,99,99,9,9,99,9,99,2,1,6,6,2,52,8,1461,2,4,RENAULT GRAND SCENIC,9,E01001992,0,-1
2020500997947,2020,500997947,2,9,0,17,19,3,7,0,0,0,0,0,0,0,1,1,6,6,2,58,9,1461,2,6,RENAULT GRAND SCENIC,1,E01018875,0,-1
2020470925371,2020,470925371,2,9,0,11,11,6,2,2,2,0,0,0,0,0,4,1,1,1,1,47,8,1461,9,2,RENAULT GRAND SCENIC,3,E01031555,0,-1
2020420971585,2020,420971585,2,9,3,18,19,2,6,0,0,0,0,0,0,0,1,1,5,6,1,53,8,1330,1,1,RENAULT GRAND SCENIC,3,E01021588,0,-1
2020990976556,2020,990976556,2,9,0,9,9,8,5,0,0,0,0,0,0,0,3,1,6,6,2,56,9,1330,1,1,RENAULT GRAND SCENIC,-1,-1,0,-1
2020170H10270,2020,170H10270,1,9,0,18,19,3,7,0,0,8,0,0,0,0,1,1,6,6,1,58,9,1461,2,4,RENAULT GRAND SCENIC,4,E01012002,0,-1
2020220948073,2020,220948073,1,9,0,18,19,6,2,0,0,1,0,0,0,0,4,1,6,6,2,67,10,1461,2,6,RENAULT GRAND SCENIC,2,E01032453,0,-1
202031B050320,2020,31B050320,2,9,0,7,7,3,5,0,0,5,0,0,0,0,4,1,6,6,1,-1,-1,1461,2,3,RENAULT GRAND SCENIC,-1,-1,0,-1
2020548381820,2020,548381820,2,9,0,9,9,7,3,0,0,4,0,0,0,0,3,1,6,6,1,54,8,1461,2,3,RENAULT GRAND SCENIC,2,E01015541,0,-1
2020010233612,2020,010233612,1,9,0,9,9,5,3,0,0,5,0,0,0,0,1,1,2,2,2,33,6,1330,1,1,RENAULT GRAND SCENIC,2,E01001143,0,-1
2020010285592,2020,010285592,1,9,0,99,99,9,9,0,0,1,0,0,0,0,1,1,6,6,3,-1,-1,1330,1,1,RENAULT GRAND SCENIC,-1,-1,0,-1
2020320620934,2020,320620934,1,9,0,18,19,4,2,0,0,0,0,0,0,0,1,1,6,6,1,70,10,1461,2,3,RENAULT GRAND SCENIC,10,E01026324,0,-1
2020010240914,2020,010240914,1,9,0,12,12,3,7,0,0,0,1,10,0,0,2,1,6,6,1,60,9,1461,2,5,RENAULT GRAND SCENIC,6,E01002266,0,-1
2020160991237,2020,160991237,3,21,0,18,19,3,7,0,0,8,0,0,0,0,3,1,1,1,1,33,6,16353,2,2,SCANIA Model Missing,6,E01027622,0,-1
2020420979440,2020,420979440,2,11,0,16,19,8,3,0,0,2,0,0,0,0,1,1,1,1,1,52,8,9400,2,14,SCANIA Model Missing,3,E01029916,0,-1
2020070011651,2020,070011651,2,21,0,18,19,2,6,0,0,0,0,0,1,10,1,1,1,1,1,53,8,12740,2,5,SCANIA Model Missing,5,E01019132,0,-1
2020220995214,2020,220995214,1,21,0,4,4,1,2,0,0,1,0,0,0,0,2,1,1,1,1,24,5,9290,2,1,SCANIA Model Missing,3,E01032277,0,-1
2020540810620,2020,540810620,2,21,1,18,19,6,2,0,0,1,0,0,0,0,1,1,1,1,1,57,9,12742,2,1,SCANIA Model Missing,3,E01022732,0,-1
2020140931348,2020,140931348,1,11,0,2,2,0,0,0,0,0,0,0,0,0,0,1,1,1,1,74,10,9000,2,17,SCANIA Model Missing,9,E01019795,0,-1
202031B030720,2020,31B030720,2,21,1,18,19,8,4,0,0,0,0,0,0,0,4,1,1,1,1,52,8,12742,2,0,SCANIA Model Missing,2,E01019565,0,-1
2020340W02962,2020,340W02962,3,21,0,18,19,3,7,0,0,0,0,0,0,0,0,1,1,1,1,70,10,12740,2,4,SCANIA Model Missing,5,E01026981,0,-1
2020990962113,2020,990962113,3,11,0,18,19,4,8,0,0,0,0,0,1,0,1,1,1,1,1,62,9,9000,2,8,SCANIA Model Missing,2,-1,0,-1
2020440099043,2020,440099043,3,21,1,2,2,0,0,6,6,0,0,0,0,0,2,1,1,1,3,-1,-1,12742,2,2,SCANIA Model Missing,-1,-1,0,-1
2020320408071,2020,320408071,2,21,0,18,19,3,7,0,0,0,0,0,0,0,2,1,1,1,1,40,7,12740,2,3,SCANIA Model Missing,6,E01013122,0,-1
2020052001190,2020,052001190,2,21,0,3,3,7,3,0,0,1,0,0,0,0,2,1,1,1,1,52,8,12742,2,1,SCANIA Model Missing,7,E01006668,0,-1
2020220958776,2020,220958776,1,20,0,13,13,4,8,0,0,0,0,0,0,0,1,1,1,1,1,35,6,12742,2,2,SCANIA Model Missing,8,W01000443,0,-1
2020450963781,2020,450963781,2,21,0,2,2,0,0,0,0,0,0,0,0,0,2,1,1,1,1,25,5,-1,2,5,SCANIA Model Missing,1,E01007122,0,-1
2020320657491,2020,320657491,2,21,4,16,19,1,5,0,0,0,0,0,0,0,0,1,1,1,1,28,6,12742,2,0,SCANIA Model Missing,6,E01026120,0,-1
2020990997726,2020,990997726,3,21,1,18,19,3,7,0,0,0,0,0,0,0,3,1,1,1,1,73,10,16353,2,2,SCANIA Model Missing,8,-1,0,-1
2020100975086,2020,100975086,2,21,1,5,5,3,7,0,0,2,0,0,0,0,0,1,1,1,1,28,6,-1,2,5,SCANIA Model Missing,4,E01008247,0,-1
2020990996383,2020,990996383,1,21,1,18,19,3,7,0,0,1,0,0,0,0,1,1,1,1,1,27,6,16400,2,4,SCANIA Model Missing,-1,-1,0,-1
2020110926588,2020,110926588,1,11,0,5,5,3,6,0,0,0,0,0,0,0,0,1,1,1,1,51,8,9000,2,13,SCANIA Model Missing,3,E01020593,0,-1
2020160941122,2020,160941122,1,21,1,7,7,7,1,0,0,5,0,0,0,0,4,1,1,1,1,36,7,12740,2,8,SCANIA Model Missing,1,E01012945,0,-1
2020211001554,2020,211001554,2,21,1,18,19,3,7,0,0,8,0,0,0,0,3,1,1,1,1,45,7,12742,2,2,SCANIA Model Missing,2,E01013852,0,-1
2020430338162,2020,430338162,2,11,0,18,19,4,8,2,2,0,0,0,0,0,4,1,1,1,1,-1,-1,9000,5,7,SCANIA Model Missing,3,E01016442,0,-1
2020450923694,2020,450923694,3,21,0,4,4,5,1,0,0,0,0,0,0,0,1,1,1,1,1,40,7,12742,2,1,SCANIA Model Missing,3,E01029096,0,-1
2020501014516,2020,501014516,2,21,0,18,19,3,7,0,0,0,0,0,0,0,1,1,1,1,1,66,10,12740,2,3,SCANIA Model Missing,4,E01020217,0,-1
2020201007053,2020,201007053,1,21,0,2,2,3,4,0,0,0,0,0,0,0,1,1,1,1,1,44,7,12740,2,7,SCANIA Model Missing,6,E01028885,0,-1
2020201020493,2020,201020493,1,11,0,3,3,2,6,0,0,2,0,0,0,0,2,1,1,1,1,41,7,9000,2,13,SCANIA Model Missing,4,E01010149,0,-1
2020137350248,2020,137350248,2,21,0,3,3,5,1,0,0,0,0,0,1,11,2,1,1,1,1,28,6,12740,2,3,SCANIA Model Missing,6,E01010765,0,-1