collision_index,collision_year,collision_ref_no,vehicle_reference,vehicle_type,towing_and_articulation,vehicle_manoeuvre_historic,vehicle_manoeuvre,vehicle_direction_from,vehicle_direction_to,vehicle_location_restricted_lane_historic,vehicle_location_restricted_lane,junction_location,skidding_and_overturning,hit_object_in_carriageway,vehicle_leaving_carriageway,hit_object_off_carriageway,first_point_of_impact,vehicle_left_hand_drive,journey_purpose_of_driver_historic,journey_purpose_of_driver,sex_of_driver,age_of_driver,age_band_of_driver,engine_capacity_cc,propulsion_code,age_of_vehicle,generic_make_model,driver_imd_decile,lsoa_of_driver,escooter_flag,driver_distance_banding
2020010229509,2020,010229509,1,11,0,9,9,1,7,0,0,1,0,0,0,0,0,1,1,1,1,51,8,9000,2,11,SCANIA Model Missing,8,E01003818,0,-1
2020440054831,2020,440054831,1,11,0,7,7,1,3,0,0,8,0,0,1,1,4,1,1,1,1,63,9,13000,2,9,SCANIA Model Missing,3,E01017051,0,-1
2020200936350,2020,200936350,1,21,0,9,9,6,4,0,0,5,0,0,0,0,3,1,1,1,1,39,7,12740,2,7,SCANIA Model Missing,7,E01020327,0,-1
2020461010408,2020,461010408,1,21,0,18,19,6,2,0,0,0,0,0,0,0,1,1,1,1,1,30,6,12740,2,5,SCANIA Model Missing,10,E01024337,0,-1
2020230937255,2020,230937255,3,21,4,5,5,6,2,8,6,0,0,0,0,0,2,1,1,1,1,36,7,12742,2,2,SCANIA Model Missing,3,E01009619,0,-1
2020470928269,2020,470928269,1,11,0,4,4,7,3,0,0,0,0,0,0,0,4,1,1,1,1,46,8,9000,2,15,SCANIA Model Missing,2,E01016873,0,-1
2020546723320,2020,546723320,3,21,0,18,19,6,2,0,0,1,0,0,0,0,1,1,1,1,1,51,8,12740,2,6,SCANIA Model Missing,9,E01032112,0,-1
2020990934212,2020,990934212,1,20,4,4,4,2,6,0,0,0,2,0,1,1,1,1,1,1,1,42,7,-1,-1,-1,SCANIA Model Missing,7,-1,0,-1
2020200974202,2020,200974202,1,21,0,11,11,5,1,0,0,0,0,0,0,0,0,1,1,1,1,47,8,12740,2,4,SCANIA Model Missing,3,E01029014,0,-1
2020230919925,2020,230919925,1,19,0,14,14,7,3,0,0,0,0,0,0,0,1,1,1,1,1,38,7,11705,2,12,SCANIA Model Missing,6,E01031022,0,-1
2020220956430,2020,220956430,2,21,0,6,6,6,6,7,6,0,0,0,0,0,2,1,1,1,1,27,6,9290,2,5,SCANIA Model Missing,6,E01032037,0,-1
2020320607238,2020,320607238,1,21,0,18,19,1,5,0,0,0,5,0,7,3,3,1,1,1,1,44,7,12740,2,7,SCANIA Model Missing,3,E01026024,0,-1
2020400994304,2020,400994304,1,21,0,18,19,1,5,0,0,0,5,0,0,0,4,1,1,1,1,53,8,12742,2,1,SCANIA Model Missing,8,E01017669,0,-1
2020400968114,2020,400968114,1,21,1,17,19,5,1,0,0,3,5,0,1,0,4,1,1,1,1,47,8,12740,2,7,SCANIA Model Missing,6,E01001295,0,-1
2020461012656,2020,461012656,2,11,0,3,3,3,7,0,0,1,0,0,0,0,1,1,1,1,1,52,8,9000,2,9,SCANIA Model Missing,1,E01024678,0,-1
2020320390265,2020,320390265,1,21,1,18,19,4,8,0,0,0,0,0,0,0,1,1,1,1,1,45,7,12742,2,2,SCANIA Model Missing,4,E01026102,0,-1
2020361003002,2020,361003002,1,20,0,18,19,5,1,0,0,0,0,0,0,0,0,1,1,1,1,44,7,9290,2,7,SCANIA Model Missing,6,E01023606,0,-1
2020990923892,2020,990923892,1,21,0,4,4,5,1,0,0,1,0,0,0,0,1,1,1,1,1,55,8,12740,2,1,SCANIA Model Missing,1,-1,0,-1
2020070561126,2020,070561126,3,21,1,4,4,5,1,0,0,5,0,0,0,0,2,1,1,1,1,61,9,12742,2,2,SCANIA Model Missing,7,E01018742,0,-1
2020990986685,2020,990986685,2,21,1,18,19,3,7,0,0,0,0,0,0,0,2,1,1,1,1,50,8,12740,2,4,SCANIA Model Missing,2,-1,0,-1
2020302001576,2020,302001576,2,21,1,2,2,0,0,0,0,0,0,0,0,0,2,1,1,1,1,58,9,16353,2,0,SCANIA Model Missing,5,E01017317,0,-1
2020031008847,2020,031008847,2,21,0,17,19,6,2,0,0,0,0,0,0,0,1,1,1,1,1,61,9,12740,2,3,SCANIA Model Missing,3,E01019296,0,-1
2020230922635,2020,230922635,1,21,1,18,19,5,1,0,0,4,0,0,0,0,3,1,6,6,1,42,7,12740,2,7,SCANIA Model Missing,1,E01010453,0,-1
2020200957718,2020,200957718,1,21,1,18,19,5,1,0,0,0,2,11,0,0,3,1,6,6,1,63,9,12740,2,7,SCANIA Model Missing,-1,-1,0,-1
2020320573582,2020,320573582,1,21,0,5,5,3,1,0,0,3,0,0,0,0,1,1,1,1,1,60,9,12740,2,5,SCANIA Model Missing,8,E01013190,0,-1
2020370925175,2020,370925175,4,21,1,18,19,8,5,0,0,0,0,0,0,0,4,1,1,1,1,39,7,7700,2,2,SCANIA Model Missing,7,E01033432,0,-1
2020010267931,2020,010267931,1,11,0,10,10,5,3,0,0,4,0,0,0,0,0,1,1,1,1,23,5,9000,2,12,SCANIA Model Missing,5,E01002361,0,-1
202031C000820,2020,31C000820,1,11,0,18,19,7,3,0,0,8,0,0,0,0,0,1,6,6,1,58,9,9300,5,1,SCANIA Model Missing,3,E01019511,0,-1
2020070100533,2020,070100533,2,21,0,18,19,8,4,0,0,1,0,0,0,0,0,1,2,2,1,55,8,12742,2,2,SCANIA Model Missing,5,W01000283,0,-1
2020220981363,2020,220981363,4,21,1,3,3,2,6,0,0,0,0,0,0,0,3,1,1,1,1,62,9,12742,2,1,SCANIA Model Missing,8,E01026061,0,-1
2020010252503,2020,010252503,4,21,0,18,19,7,3,0,0,0,1,0,0,0,1,1,1,1,1,40,7,12742,2,0,SCANIA Model Missing,1,E01023844,0,-1
2020552000207,2020,552000207,2,11,0,18,19,2,6,0,0,0,0,0,0,0,1,1,1,1,2,22,5,9000,2,12,SCANIA Model Missing,1,E01015307,0,-1
2020501015386,2020,501015386,1,21,0,17,19,8,4,0,0,0,0,0,0,0,3,1,5,6,1,51,8,12742,2,2,SCANIA Model Missing,5,E01020060,0,-1
2020140927267,2020,140927267,1,11,0,18,19,5,1,0,0,8,0,0,0,0,4,1,1,1,1,55,8,9000,2,10,SCANIA Model Missing,1,E01019575,0,-1
2020432003588,2020,432003588,1,21,0,18,19,6,2,0,0,8,0,0,0,0,4,2,6,6,3,-1,-1,12742,2,2,SCANIA Model Missing,-1,-1,0,-1
2020500946341,2020,500946341,3,21,4,18,19,7,3,0,0,0,0,0,0,0,0,1,1,1,1,54,8,12742,2,2,SCANIA Model Missing,2,E01018977,0,-1
2020610043720,2020,610043720,2,21,0,18,19,3,7,0,0,0,0,0,0,0,1,1,1,1,1,40,7,12740,2,4,SCANIA Model Missing,-1,-1,0,-1
202063A023120,2020,63A023120,1,21,1,18,19,7,3,0,0,8,0,0,0,0,3,1,1,1,1,51,8,12740,2,7,SCANIA Model Missing,1,E01029292,0,-1
2020420932272,2020,420932272,1,21,1,16,19,1,5,0,0,8,5,0,1,0,0,1,1,1,1,53,8,12740,2,5,SCANIA Model Missing,4,E01022012,0,-1
2020220948522,2020,220948522,1,21,1,17,19,4,8,0,0,0,2,0,1,11,4,1,1,1,1,49,8,12742,2,3,SCANIA Model Missing,9,W01000340,0,-1
2020137AU1745,2020,137AU1745,3,21,1,18,19,7,3,0,0,0,0,0,0,0,3,1,6,6,1,31,6,12740,2,7,SCANIA Model Missing,8,E01013277,0,-1
2020010262667,2020,010262667,1,90,0,9,9,7,4,0,0,1,0,0,0,0,1,1,1,1,1,55,8,-1,-1,-1,-1,5,E01021602,0,-1
2020400994286,2020,400994286,2,21,1,18,19,7,3,0,0,0,0,0,0,0,2,1,1,1,1,36,7,12742,2,1,SCANIA Model Missing,4,E01017599,0,-1
2020991002318,2020,991002318,2,21,1,18,19,1,5,0,0,0,0,0,0,0,2,1,1,1,1,56,9,12742,2,2,SCANIA Model Missing,3,-1,0,-1
2020137BJ1299,2020,137BJ1299,1,21,0,1,1,7,3,0,0,0,0,0,0,0,2,1,1,1,1,59,9,7700,2,1,SCANIA Model Missing,6,E01011156,0,-1
2020220932319,2020,220932319,2,21,0,4,4,2,6,0,0,0,0,0,0,0,2,1,1,1,1,56,9,9290,2,3,SCANIA Model Missing,6,E01032166,0,-1
2020500925505,2020,500925505,1,21,0,18,19,3,7,0,0,0,0,0,0,0,1,1,1,1,1,44,7,16353,2,2,SCANIA Model Missing,1,E01024609,0,-1
2020100940796,2020,100940796,2,11,0,18,19,7,3,0,0,8,0,0,0,0,1,1,6,6,1,41,7,9000,2,6,SCANIA Model Missing,1,E01008738,0,-1
2020350937119,2020,350937119,1,21,1,18,19,4,1,0,0,8,0,0,0,0,1,1,2,2,1,52,8,12740,2,5,SCANIA Model Missing,4,E01015676,0,-1
2020320195427,2020,320195427,2,21,0,18,19,7,3,0,0,0,0,0,0,0,1,1,1,1,1,57,9,12740,2,4,SCANIA Model Missing,8,E01012977,0,-1
2020430167659,2020,430167659,1,21,0,4,4,6,2,0,0,7,0,1,0,0,1,1,1,1,1,61,9,12742,2,1,SCANIA Model Missing,4,E01000976,0,-1
2020420923228,2020,420923228,1,21,1,18,19,5,1,0,0,0,0,0,0,0,1,1,1,1,1,55,8,12740,2,5,SCANIA Model Missing,5,E01018051,0,-1
2020350930066,2020,350930066,1,21,1,18,19,3,7,0,0,0,0,0,0,0,4,1,1,1,1,28,6,12740,2,5,SCANIA Model Missing,-1,-1,0,-1
2020320543596,2020,320543596,2,21,0,18,19,7,3,0,0,1,1,0,0,0,1,1,1,1,1,69,10,12742,2,1,SCANIA Model Missing,4,E01026183,0,-1
2020430211130,2020,430211130,2,21,1,18,19,7,3,0,0,3,0,0,0,0,3,1,1,1,1,54,8,12740,2,3,SCANIA Model Missing,-1,-1,0,-1
2020470957025,2020,470957025,1,11,0,15,15,7,3,0,0,2,0,0,0,0,0,1,1,1,1,22,5,9000,2,13,SCANIA Model Missing,5,E01021031,0,-1
2020040967033,2020,040967033,1,21,0,18,19,1,5,0,0,0,0,0,0,0,0,1,6,6,3,-1,-1,16400,2,5,SCANIA Model Missing,-1,-1,0,-1
2020010272289,2020,010272289,3,11,0,2,2,0,0,2,2,2,0,0,0,0,2,1,6,6,3,-1,-1,9000,2,11,SCANIA Model Missing,-1,-1,0,-1
2020990986428,2020,990986428,2,21,1,3,3,7,3,0,0,0,0,0,0,0,2,1,1,1,1,43,7,12740,2,4,SCANIA Model Missing,4,-1,0,-1
2020332000131,2020,332000131,2,21,1,9,9,1,7,0,0,8,0,0,0,0,1,1,1,1,1,39,7,12740,2,4,SCANIA Model Missing,8,E01032963,0,-1
202063B033820,2020,63B033820,2,21,1,17,19,6,3,0,0,0,0,0,1,7,1,1,1,1,1,35,6,12740,2,5,SCANIA Model Missing,6,W01000674,0,-1
2020522003122,2020,522003122,2,21,0,12,12,5,1,0,0,7,0,0,0,0,4,1,6,6,3,-1,-1,16400,2,4,SCANIA Model Missing,-1,-1,0,-1
2020461005657,2020,461005657,3,21,0,4,4,6,2,0,0,0,0,0,0,0,2,1,1,1,1,37,7,12742,2,0,SCANIA Model Missing,8,E01032630,0,-1
2020201017875,2020,201017875,1,21,0,11,11,4,8,0,0,0,0,0,0,0,1,1,1,1,1,54,8,12742,2,0,SCANIA Model Missing,5,E01008948,0,-1
2020400950975,2020,400950975,2,21,1,2,2,0,0,0,0,0,0,0,0,0,2,1,1,1,1,52,8,12740,2,3,SCANIA Model Missing,3,E01027152,0,-1
2020010269583,2020,010269583,1,11,0,4,4,3,7,0,0,1,0,0,0,0,0,1,1,1,2,48,8,9000,2,11,SCANIA Model Missing,4,E01000478,0,-1
2020100939814,2020,100939814,2,11,0,16,19,7,3,0,0,0,1,0,1,0,1,1,1,1,1,48,8,9000,5,6,SCANIA Model Missing,9,E01008782,0,-1
2020340N02732,2020,340N02732,3,20,0,18,19,7,3,0,0,0,0,0,0,0,1,1,6,6,1,52,8,8970,2,14,SCANIA Model Missing,8,E01031180,0,-1
2020470925316,2020,470925316,3,11,0,17,19,4,1,0,0,8,0,11,0,0,1,1,1,1,1,44,7,9000,2,9,SCANIA Model Missing,10,E01020942,0,-1
202031A044720,2020,31A044720,1,11,0,4,4,6,2,0,0,8,0,0,0,0,0,1,1,1,1,51,8,9000,2,17,SCANIA Model Missing,4,E01028260,0,-1
2020440079185,2020,440079185,1,21,1,5,5,8,4,0,0,0,0,0,0,0,2,1,1,1,1,53,8,12740,2,7,SCANIA Model Missing,6,E01031989,0,-1
2020400922860,2020,400922860,1,21,4,18,19,7,3,0,0,4,5,0,1,0,4,1,1,1,1,40,7,16400,2,5,SCANIA Model Missing,7,E01017730,0,-1
2020302000971,2020,302000971,3,21,0,18,19,5,1,0,0,0,0,0,0,0,1,1,6,6,1,57,9,12742,2,1,SCANIA Model Missing,4,E01019689,0,-1
2020440014685,2020,440014685,2,21,1,18,19,5,1,0,0,0,0,0,0,0,2,1,1,1,1,49,8,12740,2,3,SCANIA Model Missing,10,E01022476,0,-1
2020220984032,2020,220984032,1,21,1,18,19,5,1,0,0,0,1,0,1,0,4,1,1,1,1,45,7,12742,2,1,SCANIA Model Missing,5,E01010432,0,-1
2020450950552,2020,450950552,3,21,0,11,11,7,3,0,0,0,0,0,0,0,1,1,1,1,1,33,6,12742,2,2,SCANIA Model Missing,10,E01016645,0,-1
2020230986020,2020,230986020,2,21,1,2,2,0,0,6,6,0,0,0,0,0,2,1,1,1,1,61,9,12742,2,1,SCANIA Model Missing,2,E01013588,0,-1
2020460967504,2020,460967504,1,11,0,2,2,0,0,3,2,1,0,0,0,0,0,1,1,1,1,52,8,9000,2,11,SCANIA Model Missing,5,E01023992,0,-1
2020041001921,2020,041001921,1,21,0,9,9,3,1,0,0,4,0,0,0,0,1,1,1,1,1,36,7,12740,2,5,SCANIA Model Missing,3,E01012617,0,-1
2020450985850,2020,450985850,1,21,0,18,19,7,3,9,9,0,0,0,1,11,1,1,1,1,1,58,9,12742,2,2,SCANIA Model Missing,3,E01020845,0,-1
2020622000338,2020,622000338,2,11,0,18,19,5,1,0,0,0,0,0,0,0,1,1,1,1,1,65,9,9000,2,11,SCANIA Model Missing,3,W01001816,0,-1
2020500941286,2020,500941286,3,20,0,18,19,1,5,0,0,0,0,0,0,0,0,1,1,1,2,26,6,12740,2,7,SCANIA Model Missing,4,E01020131,0,-1
2020070400032,2020,070400032,2,21,1,18,19,5,1,0,0,0,0,0,0,0,4,1,1,1,1,35,6,12740,2,7,SCANIA Model Missing,3,E01012117,0,-1
2020440090197,2020,440090197,2,11,0,18,19,7,3,0,0,0,0,0,0,0,3,1,1,1,1,48,8,9000,2,12,SCANIA Model Missing,5,E01016279,0,-1
2020990920132,2020,990920132,2,11,0,18,19,4,7,0,0,0,0,0,0,0,3,1,6,6,1,46,8,9000,2,15,SCANIA Model Missing,10,-1,0,-1
2020122000177,2020,122000177,2,21,1,9,9,4,8,0,0,1,0,0,0,0,0,1,1,1,1,52,8,8867,2,11,SCANIA Model Missing,7,E01013336,0,-1
2020420916011,2020,420916011,1,11,0,5,5,6,2,0,0,0,0,0,0,0,0,1,1,1,1,28,6,9000,2,10,SCANIA Model Missing,3,E01021840,0,-1
2020100979136,2020,100979136,2,21,1,18,19,1,5,0,0,0,0,0,0,0,2,1,1,1,1,41,7,15607,2,8,SCANIA Model Missing,-1,-1,0,-1
2020440380487,2020,440380487,1,11,0,18,19,3,7,0,0,0,0,0,0,0,4,1,1,1,3,-1,-1,12000,2,12,SCANIA Model Missing,-1,-1,0,-1
202031B103920,2020,31B103920,1,21,0,7,7,2,4,0,0,6,0,0,0,0,4,1,6,6,1,-1,-1,12740,2,8,SCANIA Model Missing,8,E01028000,0,-1
2020990929235,2020,990929235,1,21,1,18,19,1,5,0,0,0,5,0,0,0,1,1,1,1,1,44,7,16400,2,4,SCANIA Model Missing,6,-1,0,-1
2020548010320,2020,548010320,2,21,1,9,9,3,1,0,0,2,0,0,0,0,2,1,1,1,1,28,6,12742,2,2,SCANIA Model Missing,2,E01018068,0,-1
2020410993554,2020,410993554,1,21,0,18,19,5,1,0,0,0,0,0,0,0,1,1,1,1,1,36,7,12740,2,4,SCANIA Model Missing,4,E01016481,0,-1
2020552000336,2020,552000336,1,11,0,16,19,2,4,0,0,2,1,0,5,6,1,1,1,1,1,26,6,9000,2,8,SCANIA Model Missing,3,E01015371,0,-1
2020450964252,2020,450964252,2,21,0,18,19,1,5,0,0,0,0,0,0,0,2,1,6,6,1,51,8,12740,2,4,SCANIA Model Missing,9,E01032034,0,-1
2020230939722,2020,230939722,2,21,1,9,9,3,1,0,0,5,0,0,0,0,3,1,1,1,1,61,9,12740,2,7,SCANIA Model Missing,4,E01025849,0,-1
2020122001208,2020,122001208,1,21,1,9,9,1,8,0,0,8,0,0,1,4,3,1,1,1,1,50,8,12740,2,4,SCANIA Model Missing,1,E01012284,0,-1
2020230980324,2020,230980324,2,21,1,16,19,2,6,0,0,0,0,0,0,0,1,1,1,1,1,61,9,12742,2,3,SCANIA Model Missing,5,E01032391,0,-1
2020990972639,2020,990972639,1,21,0,9,9,1,6,0,0,1,1,0,0,0,1,1,1,1,1,36,7,12740,2,7,SCANIA Model Missing,10,-1,0,-1
2020122000840,2020,122000840,4,21,1,18,19,3,7,0,0,0,1,0,0,0,1,1,1,1,1,51,8,12740,2,7,SCANIA Model Missing,7,E01020854,0,-1
2020160922266,2020,160922266,1,21,0,9,9,6,5,0,0,8,0,0,0,0,4,1,1,1,1,49,8,8970,2,15,SCANIA Model Missing,4,E01012830,0,-1
2020302001383,2020,302001383,2,21,1,18,19,2,8,0,0,0,0,0,0,0,0,1,1,1,1,30,6,12740,2,4,SCANIA Model Missing,1,E01006283,0,-1
2020410986587,2020,410986587,1,21,1,3,3,7,3,0,0,0,0,0,0,0,1,1,1,1,1,30,6,12742,2,2,SCANIA Model Missing,-1,-1,0,-1
2020200952314,2020,200952314,1,11,0,5,5,8,4,0,0,0,0,0,0,0,1,1,1,1,1,43,7,9000,2,13,SCANIA Model Missing,-1,-1,0,-1
2020230966197,2020,230966197,2,21,1,9,9,6,3,0,0,8,0,0,0,0,3,1,1,1,1,51,8,12742,2,3,SCANIA Model Missing,6,W01001511,0,-1
2020622000155,2020,622000155,1,11,0,18,19,8,4,0,0,0,0,0,0,0,1,1,1,1,2,51,8,-1,2,18,SCANIA Model Missing,8,W01001027,0,-1
2020990995906,2020,990995906,1,21,0,9,9,7,4,0,0,8,5,0,1,0,4,1,1,1,1,58,9,-1,-1,-1,SCANIA Model Missing,1,-1,0,-1
2020010230476,2020,010230476,2,98,9,99,99,9,9,99,99,0,9,99,9,99,2,9,6,6,3,-1,-1,8970,2,13,-1,5,E01000430,0,-1
2020360983713,2020,360983713,2,21,1,4,4,3,7,0,0,0,0,0,0,0,2,1,1,1,1,33,6,12740,2,4,SCANIA Model Missing,1,E01026662,0,-1
2020137BR0871,2020,137BR0871,1,11,0,18,19,5,6,0,0,0,0,0,0,0,0,1,1,1,2,50,8,9000,2,10,SCANIA Model Missing,6,E01007387,0,-1
2020430238389,2020,430238389,1,21,1,9,9,5,4,0,0,8,0,0,0,0,0,1,1,1,1,47,8,12740,2,4,SCANIA Model Missing,7,E01028818,0,-1
2020140995215,2020,140995215,3,21,0,18,19,1,5,0,0,0,0,0,0,0,2,1,2,2,1,63,9,12742,2,1,SCANIA Model Missing,6,E01019088,0,-1
202031C107520,2020,31C107520,1,11,0,18,19,8,4,0,0,0,0,0,0,0,0,1,1,1,1,40,7,9000,2,5,SCANIA Model Missing,1,E01013920,0,-1
2020010242305,2020,010242305,1,21,0,4,4,7,3,0,0,0,0,0,0,0,0,1,1,1,1,49,8,12740,2,2,SCANIA Model Missing,2,E01022046,0,-1
2020440464871,2020,440464871,2,21,0,12,12,3,7,0,0,0,0,0,0,0,3,1,6,6,3,-1,-1,16353,2,2,SCANIA Model Missing,-1,-1,0,-1
2020122000906,2020,122000906,2,21,1,18,19,5,1,0,0,0,1,7,4,0,1,1,1,1,1,58,9,12740,2,9,SCANIA Model Missing,6,E01012987,0,-1
2020110984146,2020,110984146,1,21,0,5,5,1,5,0,0,4,0,0,7,10,1,1,1,1,1,64,9,12740,2,6,SCANIA Model Missing,3,E01020868,0,-1
2020350992351,2020,350992351,2,21,0,18,19,3,7,0,0,1,0,0,7,0,1,1,1,1,1,60,9,-1,-1,-1,SCANIA Model Missing,10,E01018130,0,-1
202006XF78496,2020,06XF78496,1,21,1,18,19,7,3,0,0,0,0,0,0,0,1,1,1,1,1,56,9,12740,2,8,SCANIA Model Missing,10,E01032486,0,-1
2020010232365,2020,010232365,2,21,1,5,5,3,7,0,0,1,0,0,0,0,1,1,1,1,1,37,7,12740,2,6,SCANIA Model Missing,-1,-1,0,-1
2020501013877,2020,501013877,2,21,0,18,19,1,5,0,0,0,0,0,1,9,0,1,1,1,1,27,6,8970,2,16,SCANIA Model Missing,4,E01018965,0,-1
2020070162640,2020,070162640,1,21,0,18,19,8,4,0,0,1,1,0,0,0,1,1,1,1,1,53,8,12742,2,2,SCANIA Model Missing,4,E01007206,0,-1
2020500965173,2020,500965173,1,21,0,4,4,3,7,0,0,0,1,0,0,0,1,1,1,1,1,24,5,8970,2,16,SCANIA Model Missing,3,E01018872,0,-1
2020140938580,2020,140938580,2,21,0,18,19,3,7,0,0,0,0,0,0,0,1,1,1,1,1,61,9,12740,2,3,SCANIA Model Missing,3,E01029452,0,-1
2020340N02912,2020,340N02912,1,21,1,11,11,7,3,0,0,0,0,0,0,0,4,1,1,1,1,47,8,9290,2,2,SCANIA Model Missing,4,E01015630,0,-1
2020201022368,2020,201022368,1,11,0,9,9,3,8,0,0,3,0,0,0,0,4,1,1,1,1,55,8,9000,2,11,SCANIA Model Missing,3,E01009220,0,-1
2020010274086,2020,010274086,2,21,0,99,99,9,9,99,99,9,9,99,9,99,9,1,6,6,1,34,6,12742,2,1,SCANIA Model Missing,-1,-1,0,-1
2020350987533,2020,350987533,1,11,0,18,19,1,3,0,0,0,1,0,0,0,0,1,1,1,1,47,8,9000,2,8,SCANIA Model Missing,8,E01017966,0,-1
2020220978671,2020,220978671,2,21,1,18,19,2,6,0,0,0,0,4,0,0,1,1,1,1,1,45,7,12740,2,7,SCANIA Model Missing,1,E01015917,0,-1
2020360978858,2020,360978858,1,21,1,1,1,4,8,0,0,0,0,0,0,0,2,1,1,1,1,49,8,16400,2,4,SCANIA Model Missing,5,E01026878,0,-1
2020421002833,2020,421002833,2,21,1,3,3,7,3,0,0,0,0,0,0,0,2,1,1,1,1,44,7,9290,2,5,SCANIA Model Missing,4,E01016013,0,-1
2020370924559,2020,370924559,1,21,1,18,19,7,3,0,0,0,0,0,0,0,1,1,6,6,1,52,8,11705,2,19,SCANIA Model Missing,8,E01030043,0,-1
2020040937751,2020,040937751,2,11,0,18,19,2,6,0,0,8,0,0,0,0,4,1,1,1,1,59,9,9000,2,7,SCANIA Model Missing,4,E01012693,0,-1
2020302001441,2020,302001441,2,21,1,17,19,3,7,0,0,0,0,0,0,0,3,1,1,1,1,55,8,12740,2,3,SCANIA Model Missing,3,E01027977,0,-1
2020420989291,2020,420989291,3,21,0,18,19,4,8,0,0,0,0,0,0,0,2,1,1,1,1,35,6,12742,2,1,SCANIA Model Missing,5,E01024287,0,-1
2020470986199,2020,470986199,2,20,0,18,19,8,4,0,0,0,0,0,0,0,3,1,1,1,1,34,6,9290,2,6,SCANIA Model Missing,1,E01002673,0,-1
2020500974031,2020,500974031,2,11,0,9,9,4,8,0,0,1,0,0,0,0,1,1,1,1,1,33,6,9000,2,14,SCANIA Model Missing,10,E01020165,0,-1
2020450930588,2020,450930588,1,21,0,18,19,1,5,0,0,8,0,0,0,0,1,1,1,1,1,50,8,12740,2,5,SCANIA Model Missing,3,E01003829,0,-1
2020340S00382,2020,340S00382,2,21,0,18,19,1,5,0,0,1,0,0,0,0,4,1,1,1,1,54,8,12742,2,2,SCANIA Model Missing,4,E01027012,0,-1
2020010272733,2020,010272733,2,21,9,99,99,9,9,99,99,9,9,99,9,99,1,1,6,6,1,29,6,12740,2,5,SCANIA Model Missing,10,E01031101,0,-1
2020220999921,2020,220999921,2,21,1,18,19,4,8,0,0,8,1,0,0,0,1,1,1,1,1,56,9,16353,2,0,SCANIA Model Missing,4,E01014034,0,-1
2020522002124,2020,522002124,1,11,0,9,9,1,5,0,0,8,0,0,0,0,3,1,1,1,1,60,9,9300,5,0,SCANIA Model Missing,2,E01014601,0,-1
2020010271462,2020,010271462,1,20,0,9,9,3,1,0,0,1,0,0,0,0,1,1,1,1,1,50,8,12740,2,5,SCANIA Model Missing,5,E01003833,0,-1
2020140993344,2020,140993344,1,11,0,18,19,5,1,0,0,1,0,10,0,0,4,1,1,1,1,56,9,9000,2,10,SCANIA Model Missing,2,E01007340,0,-1
202063B033820,2020,63B033820,1,21,1,16,19,3,6,0,0,0,1,0,0,0,3,1,1,1,1,63,9,16400,2,5,SCANIA Model Missing,7,W01000507,0,-1
2020622000117,2020,622000117,2,11,0,4,4,4,8,0,0,8,0,0,0,0,2,1,6,6,1,59,9,11000,2,16,SCANIA Model Missing,2,W01001035,0,-1
2020420950287,2020,420950287,1,21,1,18,19,4,7,0,0,0,0,0,0,0,3,1,1,1,1,72,10,12740,2,3,SCANIA Model Missing,5,E01003547,0,-1
2020200994473,2020,200994473,1,21,1,5,5,8,4,0,0,0,0,0,0,0,0,1,1,1,1,32,6,12740,2,5,SCANIA Model Missing,1,E01008887,0,-1