collision_index,collision_year,collision_ref_no,vehicle_reference,vehicle_type,towing_and_articulation,vehicle_manoeuvre_historic,vehicle_manoeuvre,vehicle_direction_from,vehicle_direction_to,vehicle_location_restricted_lane_historic,vehicle_location_restricted_lane,junction_location,skidding_and_overturning,hit_object_in_carriageway,vehicle_leaving_carriageway,hit_object_off_carriageway,first_point_of_impact,vehicle_left_hand_drive,journey_purpose_of_driver_historic,journey_purpose_of_driver,sex_of_driver,age_of_driver,age_band_of_driver,engine_capacity_cc,propulsion_code,age_of_vehicle,generic_make_model,driver_imd_decile,lsoa_of_driver,escooter_flag,driver_distance_banding
2020530945775,2020,530945775,1,11,0,4,4,2,6,0,0,0,0,0,0,0,0,1,6,6,1,36,7,9000,2,3,SCANIA Model Missing,2,E01018739,0,-1
2020622100042,2020,622100042,2,21,4,18,19,3,7,0,0,8,0,0,0,0,4,1,1,1,1,23,5,12740,2,7,SCANIA Model Missing,4,E01020279,0,-1
2020500925329,2020,500925329,1,21,0,18,19,1,5,0,0,0,0,0,0,0,3,1,6,6,1,63,9,12740,2,6,SCANIA Model Missing,8,E01020102,0,-1
2020440114397,2020,440114397,1,21,1,13,13,2,4,0,0,0,0,0,0,0,1,1,1,1,1,60,9,12740,2,3,SCANIA Model Missing,8,E01022569,0,-1
2020211000821,2020,211000821,1,21,0,18,19,8,4,0,0,0,0,0,0,0,1,1,5,6,1,49,8,12740,2,5,SCANIA Model Missing,4,E01013494,0,-1
2020100978627,2020,100978627,1,11,0,5,5,6,2,0,0,0,0,0,0,0,0,1,1,1,1,51,8,9000,2,13,SCANIA Model Missing,2,E01008665,0,-1
2020522003286,2020,522003286,2,11,0,9,9,3,1,0,0,8,0,0,0,0,1,1,1,1,1,50,8,9300,5,0,SCANIA Model Missing,-1,-1,0,-1
2020010275965,2020,010275965,2,20,1,18,19,1,5,0,0,3,0,0,0,0,0,1,1,1,1,54,8,-1,-1,-1,SCANIA Model Missing,3,E01012443,0,-1
2020070042605,2020,070042605,1,21,1,18,19,7,3,0,0,0,3,7,1,6,1,1,1,1,1,66,10,12740,2,4,SCANIA Model Missing,5,E01018319,0,-1
2020350996948,2020,350996948,1,21,0,1,1,5,1,0,0,0,0,0,0,0,2,2,1,1,1,57,9,12740,2,7,SCANIA Model Missing,3,E01015619,0,-1
202031C180120,2020,31C180120,2,11,0,4,4,4,8,0,0,2,0,0,0,0,0,1,1,1,1,50,8,9000,2,5,SCANIA Model Missing,1,E01013920,0,-1
2020200949880,2020,200949880,1,21,1,5,5,8,2,0,0,1,0,0,0,0,1,1,6,6,1,32,6,12740,2,5,SCANIA Model Missing,5,E01010554,0,-1
202031B109020,2020,31B109020,2,21,1,18,19,5,1,0,0,0,0,0,0,0,2,1,1,1,1,29,6,12740,2,8,SCANIA Model Missing,1,E01018107,0,-1
2020010235578,2020,010235578,2,21,9,18,19,1,5,99,99,9,9,99,9,99,9,1,6,6,1,-1,-1,-1,2,8,SCANIA Model Missing,-1,-1,0,-1
2020990966849,2020,990966849,1,21,4,16,19,7,2,0,0,0,0,0,0,0,0,1,1,1,1,50,8,16353,2,1,SCANIA Model Missing,-1,-1,0,-1
2020070790316,2020,070790316,1,21,1,18,19,2,6,0,0,0,3,0,1,4,4,1,1,1,1,36,7,11705,2,14,SCANIA Model Missing,10,E01018507,0,-1
2020332000243,2020,332000243,1,90,0,16,19,8,3,0,0,8,0,0,0,0,3,1,1,1,1,46,8,9290,2,7,-1,1,E01013723,0,-1
2020370939659,2020,370939659,2,21,4,4,4,3,7,0,0,0,0,0,0,0,2,1,1,1,1,18,4,12742,2,2,SCANIA Model Missing,6,E01030134,0,-1
2020161010042,2020,161010042,2,21,0,18,19,2,6,0,0,0,0,0,1,0,2,1,1,1,1,60,9,12740,2,3,SCANIA Model Missing,4,E01018639,0,-1
2020351013322,2020,351013322,3,21,0,3,3,5,1,0,0,1,0,0,0,0,2,1,1,1,1,58,9,12742,2,0,SCANIA Model Missing,6,E01018106,0,-1
2020210943153,2020,210943153,2,21,1,18,19,8,4,0,0,0,0,0,0,0,2,1,1,1,1,30,6,12742,2,1,SCANIA Model Missing,2,W01000017,0,-1
2020990999658,2020,990999658,2,21,0,2,2,0,0,0,0,8,0,0,0,0,1,1,1,1,1,63,9,-1,-1,-1,SCANIA Model Missing,9,E01006319,0,-1
2020200994562,2020,200994562,1,11,0,18,19,5,1,0,0,1,0,0,0,0,0,1,1,1,1,19,4,9000,2,10,SCANIA Model Missing,2,E01010264,0,-1
2020430048765,2020,430048765,1,21,0,9,9,3,1,0,0,3,0,0,0,0,1,1,1,1,1,59,9,12742,2,3,SCANIA Model Missing,2,W01001705,0,-1
2020231004014,2020,231004014,1,21,1,18,19,8,4,0,0,0,0,0,1,4,1,1,1,1,1,55,8,12742,2,1,SCANIA Model Missing,-1,-1,0,-1
2020430051289,2020,430051289,3,21,1,3,3,6,2,0,0,0,0,0,0,0,2,1,1,1,1,49,8,12740,2,5,SCANIA Model Missing,6,E01027676,0,-1
2020552000565,2020,552000565,2,21,0,4,4,6,2,0,0,0,0,0,0,0,1,1,1,1,1,44,7,12740,2,4,SCANIA Model Missing,4,E01029179,0,-1
2020200929970,2020,200929970,1,11,0,18,19,8,4,0,0,0,0,0,0,0,1,1,1,1,1,44,7,9000,2,11,SCANIA Model Missing,3,E01033561,0,-1
2020100921921,2020,100921921,2,21,4,18,19,3,7,0,0,0,0,0,7,0,1,1,1,1,1,64,9,12740,2,7,SCANIA Model Missing,6,E01019200,0,-1
2020220962910,2020,220962910,2,21,1,18,19,4,8,0,0,0,0,0,0,0,0,1,1,1,1,23,5,9290,2,1,SCANIA Model Missing,2,E01032234,0,-1
2020990922594,2020,990922594,2,21,1,18,19,6,2,0,0,0,0,0,0,0,1,1,1,1,1,50,8,12740,2,3,SCANIA Model Missing,4,-1,0,-1
2020140959490,2020,140959490,2,11,0,18,19,7,3,0,0,1,0,0,0,0,1,1,1,1,1,45,7,9000,2,8,SCANIA Model Missing,3,E01032550,0,-1
2020370939659,2020,370939659,1,21,4,18,19,3,7,0,0,0,0,0,0,0,1,1,1,1,1,67,10,12740,2,5,SCANIA Model Missing,4,E01021984,0,-1
2020460992216,2020,460992216,2,11,0,18,19,7,3,0,0,0,0,0,0,0,0,1,1,1,1,33,6,9000,2,10,SCANIA Model Missing,1,E01024657,0,-1
2020420956578,2020,420956578,2,11,0,5,5,7,3,0,0,0,0,0,0,0,0,1,1,1,1,31,6,9000,2,10,SCANIA Model Missing,6,E01023322,0,-1
2020990967990,2020,990967990,2,20,0,18,19,3,7,0,0,0,0,0,0,0,2,1,1,1,1,39,7,9290,2,7,SCANIA Model Missing,1,-1,0,-1
2020500919319,2020,500919319,3,19,0,18,19,1,5,0,0,0,0,0,0,0,0,1,1,1,1,33,6,-1,-1,-1,SCANIA Model Missing,3,E01015115,0,-1
2020010244625,2020,010244625,2,21,1,3,3,6,2,0,0,8,0,0,0,0,2,1,1,1,1,45,7,12742,2,1,SCANIA Model Missing,8,E01014160,0,-1
2020471008473,2020,471008473,1,11,0,4,4,3,7,0,0,0,0,0,0,0,0,1,1,1,1,39,7,9000,2,14,SCANIA Model Missing,3,E01031791,0,-1
2020200922038,2020,200922038,1,11,0,18,19,8,4,0,0,0,0,0,0,0,1,1,1,1,1,43,7,9000,2,12,SCANIA Model Missing,1,E01009195,0,-1
2020622000800,2020,622000800,1,21,0,18,19,6,2,0,0,0,0,0,0,0,4,1,1,1,1,46,8,9290,2,8,SCANIA Model Missing,3,E01032517,0,-1
2020210985777,2020,210985777,3,21,1,18,19,1,5,0,0,0,1,0,2,0,1,1,1,1,1,44,7,13000,2,4,SCANIA Model Missing,3,E01007049,0,-1
2020461013416,2020,461013416,2,21,1,2,2,0,0,0,0,0,0,0,0,0,2,1,6,6,1,27,6,12740,2,4,SCANIA Model Missing,7,E01024719,0,-1
2020140931818,2020,140931818,1,11,0,-1,-1,-1,-1,-1,-1,0,-1,-1,-1,0,-1,1,1,1,1,51,8,9000,2,10,SCANIA Model Missing,2,E01007336,0,-1
2020010248455,2020,010248455,1,11,0,18,19,3,7,0,0,8,0,0,0,0,1,1,1,1,1,29,6,9000,2,12,SCANIA Model Missing,5,E01002344,0,-1
2020522100377,2020,522100377,2,20,0,9,9,6,2,0,0,0,0,0,0,0,2,1,1,1,1,54,8,-1,-1,-1,SCANIA Model Missing,5,E01020076,0,-1
2020010248453,2020,010248453,1,21,1,18,19,1,5,0,0,1,1,0,0,0,1,1,1,1,1,59,9,12742,2,2,SCANIA Model Missing,7,E01024288,0,-1
2020990989942,2020,990989942,1,21,1,18,19,3,7,0,0,0,5,0,7,10,1,1,1,1,1,46,8,11705,2,11,SCANIA Model Missing,-1,-1,0,-1
2020461005919,2020,461005919,1,21,0,11,11,3,7,0,0,0,0,0,0,0,1,1,1,1,1,35,6,12740,2,6,SCANIA Model Missing,3,E01026963,0,-1
2020320570400,2020,320570400,1,21,0,15,15,5,1,0,0,0,0,0,0,0,1,2,1,1,1,49,8,12740,2,3,SCANIA Model Missing,2,E01007759,0,-1
2020350923960,2020,350923960,1,21,1,7,7,7,3,0,0,5,0,0,0,0,1,1,1,1,1,26,6,12740,2,5,SCANIA Model Missing,3,E01015668,0,-1
2020010281470,2020,010281470,1,11,0,18,19,5,1,0,0,6,0,0,0,0,0,1,1,1,1,34,6,9000,2,11,SCANIA Model Missing,3,E01002620,0,-1
2020160947006,2020,160947006,1,21,1,9,9,7,5,0,0,0,0,0,0,0,0,1,1,1,1,60,9,11705,2,12,SCANIA Model Missing,9,E01010687,0,-1
2020351000190,2020,351000190,1,21,1,18,19,7,3,0,0,0,0,0,1,0,1,1,1,1,1,28,6,12742,2,2,SCANIA Model Missing,4,E01027316,0,-1
2020137790760,2020,137790760,2,21,1,18,19,4,8,0,0,8,0,0,0,0,2,1,1,1,1,-1,-1,12742,2,1,SCANIA Model Missing,-1,-1,0,-1
2020220931804,2020,220931804,2,21,0,18,19,6,2,0,0,0,0,10,1,0,3,1,1,1,1,51,8,11705,2,14,SCANIA Model Missing,8,E01022163,0,-1
2020990963662,2020,990963662,3,21,0,3,3,1,5,0,0,0,0,0,0,0,3,1,1,1,1,66,10,12740,2,5,SCANIA Model Missing,4,-1,0,-1
2020340N06942,2020,340N06942,1,90,0,18,19,5,1,0,0,8,0,0,0,0,1,1,1,1,1,36,7,9290,2,8,-1,9,E01026998,0,-1
2020137BU0391,2020,137BU0391,1,21,1,18,19,8,4,0,0,0,0,2,0,0,4,1,1,1,1,68,10,12742,2,2,SCANIA Model Missing,8,E01010861,0,-1
2020440229416,2020,440229416,1,21,4,18,19,6,2,0,0,0,4,0,1,7,4,1,1,1,1,59,9,13000,2,3,SCANIA Model Missing,6,E01019061,0,-1
2020010283426,2020,010283426,2,98,9,99,99,9,9,0,0,9,9,99,9,99,9,9,6,6,3,-1,-1,9290,2,5,-1,-1,-1,0,-1
2020010255429,2020,010255429,2,21,9,99,99,9,9,99,99,9,9,99,9,99,2,9,6,6,3,-1,-1,16400,2,5,SCANIA Model Missing,-1,-1,0,-1
2020340D05912,2020,340D05912,1,21,1,18,19,3,7,0,0,6,0,0,0,0,2,1,1,1,1,55,8,12742,2,1,SCANIA Model Missing,1,E01027127,0,-1
2020470927667,2020,470927667,1,11,0,5,5,8,4,0,0,0,0,0,0,0,0,1,1,1,1,52,8,9000,2,15,SCANIA Model Missing,2,E01016873,0,-1
2020440013410,2020,440013410,2,21,4,7,7,2,5,0,0,2,0,0,0,0,0,1,1,1,1,62,9,12740,2,4,SCANIA Model Missing,8,E01022515,0,-1
2020501004972,2020,501004972,1,11,0,18,19,7,3,0,0,0,0,0,0,0,1,1,1,1,1,55,8,9000,2,12,SCANIA Model Missing,4,E01020288,0,-1
202006G174468,2020,06G174468,1,21,0,9,9,2,8,0,0,6,0,0,0,0,1,1,1,1,1,49,8,12742,2,0,SCANIA Model Missing,1,E01006305,0,-1
2020200938416,2020,200938416,1,11,0,5,5,2,6,0,0,0,0,0,0,0,0,1,1,1,1,57,9,9000,2,11,SCANIA Model Missing,1,E01010374,0,-1
2020990944292,2020,990944292,1,21,1,17,19,1,5,0,0,0,2,0,1,0,4,1,1,1,1,51,8,16400,2,5,SCANIA Model Missing,2,-1,0,-1
2020460970155,2020,460970155,1,11,0,4,4,6,2,0,0,0,0,0,0,0,4,1,1,1,1,56,9,9000,2,12,SCANIA Model Missing,6,E01024016,0,-1
2020530980363,2020,530980363,3,21,1,18,19,5,1,0,0,0,0,4,0,0,1,1,1,1,1,37,7,12740,2,7,SCANIA Model Missing,4,E01014946,0,-1
2020030965874,2020,030965874,1,21,1,18,19,3,7,0,0,0,0,0,0,0,1,1,1,1,1,54,8,12740,2,2,SCANIA Model Missing,3,E01011806,0,-1
2020990986489,2020,990986489,3,21,0,4,4,6,1,0,0,0,0,0,0,0,0,1,1,1,1,45,7,12740,2,3,SCANIA Model Missing,5,-1,0,-1
2020010277453,2020,010277453,1,21,9,99,99,9,9,99,99,9,9,99,9,99,2,9,6,6,3,-1,-1,12740,2,5,SCANIA Model Missing,-1,-1,0,-1
2020460967988,2020,460967988,1,21,0,11,11,8,4,0,0,0,0,0,0,0,3,1,6,6,1,33,6,12740,2,2,SCANIA Model Missing,4,E01024586,0,-1
2020552001028,2020,552001028,2,21,0,17,19,2,6,0,0,8,0,0,0,0,3,1,1,1,1,57,9,16353,2,0,SCANIA Model Missing,9,E01015323,0,-1
2020110956614,2020,110956614,1,21,0,18,19,5,1,0,0,8,0,0,0,0,1,1,1,1,1,46,8,11705,2,12,SCANIA Model Missing,-1,-1,0,-1
2020460950156,2020,460950156,1,21,1,18,19,4,8,0,0,0,0,0,0,0,1,1,1,1,1,54,8,9290,2,6,SCANIA Model Missing,6,E01023977,0,-1
2020231017555,2020,231017555,3,21,1,18,19,4,8,0,0,0,0,0,0,0,3,1,1,1,1,45,7,12740,2,2,SCANIA Model Missing,1,E01009363,0,-1
2020450973907,2020,450973907,1,21,0,12,12,1,5,0,0,0,0,0,0,0,2,1,1,1,1,56,9,12742,2,1,SCANIA Model Missing,1,E01017112,0,-1
2020010262080,2020,010262080,2,21,0,3,3,4,8,0,0,1,0,0,0,0,1,1,1,1,1,31,6,12740,2,4,SCANIA Model Missing,6,E01015943,0,-1
202031C114120,2020,31C114120,1,11,0,4,4,1,5,0,0,1,0,0,0,0,0,1,1,1,1,33,6,9300,5,1,SCANIA Model Missing,6,E01028188,0,-1
202006Q268335,2020,06Q268335,1,21,1,18,19,6,2,0,0,1,0,0,0,0,1,1,6,6,3,-1,-1,12740,2,6,SCANIA Model Missing,-1,-1,0,-1
2020430120936,2020,430120936,2,21,0,18,19,4,8,0,0,8,0,0,0,0,1,1,1,1,1,44,7,12740,2,5,SCANIA Model Missing,4,E01001261,0,-1
2020302001171,2020,302001171,1,98,1,12,12,6,2,0,0,0,0,0,0,0,3,1,1,1,1,48,8,-1,-1,-1,-1,6,E01007665,0,-1
2020420946665,2020,420946665,2,21,1,18,19,5,1,0,0,0,0,0,0,0,2,1,1,1,1,61,9,12740,2,3,SCANIA Model Missing,8,E01023466,0,-1
2020351007524,2020,351007524,1,21,4,11,11,-1,-1,0,0,0,0,0,0,0,4,1,2,2,1,31,6,16400,2,5,SCANIA Model Missing,3,E01028880,0,-1
202006L270559,2020,06L270559,3,21,1,18,19,2,6,0,0,0,0,0,0,0,2,1,1,1,1,29,6,12742,2,1,SCANIA Model Missing,1,E01005089,0,-1
2020450988111,2020,450988111,1,21,0,4,4,7,3,0,0,0,0,0,1,0,2,1,1,1,1,46,8,12742,2,0,SCANIA Model Missing,5,E01030656,0,-1
202031D003520,2020,31D003520,2,11,0,18,19,5,2,0,0,8,0,0,0,0,4,1,1,1,1,58,9,9300,5,1,SCANIA Model Missing,3,E01019511,0,-1
2020990995580,2020,990995580,2,21,1,16,19,1,5,0,0,0,0,0,0,0,2,1,1,1,1,58,9,12742,2,2,SCANIA Model Missing,-1,-1,0,-1
2020137AC0815,2020,137AC0815,1,21,0,18,19,3,7,0,0,0,0,0,0,0,4,1,1,1,1,30,6,9290,2,6,SCANIA Model Missing,-1,-1,0,-1
2020548852820,2020,548852820,1,98,0,18,19,3,7,0,0,0,0,0,0,0,2,1,6,6,2,25,5,12740,2,7,-1,7,E01015474,0,-1
2020010282108,2020,010282108,1,11,0,18,19,7,3,0,0,0,0,0,0,0,3,1,1,1,2,51,8,9000,2,11,SCANIA Model Missing,10,E01030680,0,-1
2020470986633,2020,470986633,1,11,0,4,4,7,3,0,0,0,0,0,0,0,0,1,1,1,1,53,8,9000,2,3,SCANIA Model Missing,2,E01021014,0,-1
2020350988190,2020,350988190,2,21,2,2,2,0,0,6,6,0,0,0,0,0,2,1,1,1,1,53,8,12740,2,3,SCANIA Model Missing,2,E01013002,0,-1
2020340W80192,2020,340W80192,1,21,0,16,19,1,3,0,0,0,0,0,0,0,1,1,1,1,1,55,8,12740,2,5,SCANIA Model Missing,8,E01027329,0,-1
2020070138444,2020,070138444,2,21,1,17,19,8,4,0,0,1,0,0,0,0,1,1,1,1,1,32,6,12742,2,2,SCANIA Model Missing,7,E01018412,0,-1
2020320402309,2020,320402309,2,21,0,18,19,4,8,0,0,0,1,0,1,0,1,1,1,1,1,48,8,12740,2,5,SCANIA Model Missing,2,E01015605,0,-1
2020010254842,2020,010254842,2,11,0,18,19,1,5,0,0,8,0,0,0,0,4,1,1,1,1,20,4,9000,2,11,SCANIA Model Missing,6,E01030721,0,-1
2020140961114,2020,140961114,2,11,0,18,19,5,1,0,0,1,0,0,0,0,1,1,1,1,1,62,9,9000,2,15,SCANIA Model Missing,4,E01008019,0,-1
2020160943341,2020,160943341,1,21,0,11,11,2,6,0,0,0,0,0,0,0,4,1,1,1,1,78,11,12740,2,5,SCANIA Model Missing,-1,-1,0,-1
2020302000290,2020,302000290,2,21,4,9,9,7,5,0,0,0,0,0,0,0,2,1,1,1,1,22,5,12740,2,5,SCANIA Model Missing,3,-1,0,-1
2020302001519,2020,302001519,1,21,5,2,2,0,0,0,0,0,0,0,0,0,1,1,1,1,1,52,8,12740,2,9,SCANIA Model Missing,2,E01019761,0,-1
2020220973865,2020,220973865,1,20,0,7,7,3,5,0,0,5,0,0,0,0,1,1,1,1,1,60,9,12742,2,0,SCANIA Model Missing,10,E01022431,0,-1
2020990963934,2020,990963934,1,21,1,4,4,8,5,0,0,4,1,10,3,6,1,1,1,1,1,60,9,12742,2,2,SCANIA Model Missing,1,-1,0,-1
2020552000300,2020,552000300,2,21,0,17,19,5,1,0,0,0,1,0,0,0,1,1,1,1,1,31,6,12740,2,7,SCANIA Model Missing,1,E01020552,0,-1
2020500992415,2020,500992415,1,21,0,4,4,3,7,0,0,0,0,0,0,0,1,1,1,1,1,28,6,9290,2,7,SCANIA Model Missing,10,E01014879,0,-1
2020460952238,2020,460952238,2,21,0,18,19,7,3,0,0,0,0,0,0,0,3,1,6,6,1,27,6,12740,2,4,SCANIA Model Missing,8,E01024185,0,-1
2020230982131,2020,230982131,2,21,1,4,4,5,1,0,0,0,0,0,0,0,2,1,1,1,1,49,8,12742,2,1,SCANIA Model Missing,6,E01030767,0,-1
2020320330180,2020,320330180,1,21,1,18,19,6,2,0,0,1,5,0,1,2,4,1,1,1,1,55,8,12742,2,1,SCANIA Model Missing,1,E01026010,0,-1
202031C156320,2020,31C156320,1,11,0,4,4,1,5,0,0,2,0,0,0,0,0,1,1,1,1,68,10,9300,5,1,SCANIA Model Missing,1,E01013920,0,-1
2020360968405,2020,360968405,2,21,4,10,10,0,0,0,0,8,0,0,0,0,1,1,1,1,1,37,7,12742,2,2,SCANIA Model Missing,4,E01026445,0,-1
2020010281464,2020,010281464,1,90,1,4,4,3,7,0,0,1,0,10,1,2,1,1,1,1,1,49,8,-1,-1,-1,-1,1,E01019509,0,-1
2020400997659,2020,400997659,2,90,0,18,19,3,7,0,0,8,0,0,0,0,1,1,1,1,1,34,6,9290,2,2,-1,10,E01022854,0,-1
2020010231165,2020,010231165,1,11,0,99,99,9,9,99,99,2,9,99,9,99,0,9,6,6,1,50,8,9000,2,11,SCANIA Model Missing,3,E01001841,0,-1
2020052001945,2020,052001945,1,21,1,18,19,6,2,0,0,8,0,0,0,0,4,1,1,1,1,49,8,9290,2,5,SCANIA Model Missing,3,E01011806,0,-1
2020010233076,2020,010233076,1,21,0,18,19,7,3,0,0,0,0,0,0,0,1,1,1,1,1,54,8,12742,2,1,SCANIA Model Missing,3,E01000022,0,-1
2020010251921,2020,010251921,2,20,4,11,11,7,3,0,0,0,0,0,0,0,4,1,1,1,1,48,8,-1,-1,-1,SCANIA Model Missing,6,-1,0,-1
2020360938168,2020,360938168,3,21,1,3,3,0,0,0,0,0,0,0,0,0,2,1,1,1,1,35,6,12740,2,6,SCANIA Model Missing,4,E01026254,0,-1
202063D038920,2020,63D038920,1,21,0,18,19,4,8,0,0,0,5,0,1,4,4,1,1,1,1,66,10,12740,2,8,SCANIA Model Missing,7,W01000474,0,-1
2020230931227,2020,230931227,2,21,0,18,19,8,4,0,0,1,1,0,0,0,1,1,1,1,1,37,7,12740,2,3,SCANIA Model Missing,4,E01029831,0,-1
2020990997726,2020,990997726,2,21,1,18,19,7,3,0,0,0,0,0,0,0,1,1,1,1,1,30,6,15607,2,12,SCANIA Model Missing,9,-1,0,-1
202031B000320,2020,31B000320,1,11,0,17,19,8,4,0,0,0,1,0,1,4,1,1,1,1,1,58,9,9000,2,9,SCANIA Model Missing,1,E01028301,0,-1
2020122000780,2020,122000780,1,21,0,17,19,7,3,0,0,3,0,0,0,0,1,1,1,1,1,53,8,16353,2,1,SCANIA Model Missing,8,E01027748,0,-1
2020440445314,2020,440445314,2,21,0,12,12,3,7,0,0,0,0,0,0,0,2,1,1,1,1,49,8,12740,2,4,SCANIA Model Missing,2,E01033216,0,-1
202031C121920,2020,31C121920,1,11,0,5,5,4,8,0,0,0,0,0,0,0,0,1,1,1,2,54,8,9000,5,3,SCANIA Model Missing,4,E01033406,0,-1
2020220972468,2020,220972468,1,20,0,4,4,8,4,0,0,1,0,0,0,0,1,1,1,1,1,51,8,12740,2,4,SCANIA Model Missing,6,E01032407,0,-1
2020370938845,2020,370938845,1,11,0,4,4,5,2,2,2,0,0,11,0,0,1,1,1,1,1,62,9,9400,2,14,SCANIA Model Missing,6,E01029907,0,-1
20201376T0389,2020,1376T0389,1,20,0,4,4,1,5,0,0,0,0,0,0,0,3,2,1,1,1,39,7,2500,1,30,SCANIA Model Missing,8,E01011217,0,-1
2020101012317,2020,101012317,2,21,0,18,19,1,5,0,0,0,0,0,0,0,1,1,1,1,1,62,9,12742,2,1,SCANIA Model Missing,-1,-1,0,-1
2020470963641,2020,470963641,2,21,0,18,19,8,4,0,0,0,0,0,0,0,3,1,1,1,1,25,5,12740,2,4,SCANIA Model Missing,5,E01021114,0,-1
2020340K02212,2020,340K02212,2,19,0,2,2,3,7,0,0,2,0,0,0,0,2,1,1,1,1,42,7,-1,-1,-1,SCANIA Model Missing,1,E01007655,0,-1
2020230997828,2020,230997828,2,21,1,4,4,2,6,0,0,0,0,0,0,0,2,1,1,1,1,36,7,12742,2,1,SCANIA Model Missing,2,E01020761,0,-1
2020100932339,2020,100932339,1,21,1,18,19,6,2,0,0,0,0,0,0,0,1,1,1,1,1,68,10,12740,2,10,SCANIA Model Missing,2,E01008512,0,-1
2020010276341,2020,010276341,2,21,1,18,19,3,7,0,0,8,0,0,0,0,1,1,1,1,1,29,6,12742,2,0,SCANIA Model Missing,3,E01001552,0,-1
2020200959116,2020,200959116,1,21,1,18,19,4,8,0,0,0,0,0,0,0,1,1,1,1,1,36,7,12740,2,6,SCANIA Model Missing,3,E01009883,0,-1
2020990937439,2020,990937439,1,11,0,4,4,8,4,0,0,1,0,0,0,0,0,1,1,1,1,56,9,9000,2,7,SCANIA Model Missing,3,-1,0,-1
2020430010544,2020,430010544,1,21,1,18,19,1,5,0,0,0,1,0,0,0,1,1,1,1,1,29,6,12740,2,4,SCANIA Model Missing,3,E01015449,0,-1
2020137AE0451,2020,137AE0451,1,21,0,5,5,8,4,0,0,8,0,0,0,0,3,1,1,1,1,32,6,9290,2,4,SCANIA Model Missing,4,E01011499,0,-1
2020010229692,2020,010229692,1,11,0,5,5,5,1,0,0,0,0,0,0,0,0,1,1,1,1,40,7,9000,2,11,SCANIA Model Missing,-1,-1,0,-1
2020010279038,2020,010279038,1,21,0,18,19,1,5,9,9,0,0,11,1,4,1,1,1,1,1,29,6,12742,2,2,SCANIA Model Missing,4,E01023925,0,-1
2020100986506,2020,100986506,2,21,1,17,19,3,7,0,0,0,0,0,0,0,1,1,1,1,1,56,9,12740,2,5,SCANIA Model Missing,5,E01020890,0,-1
2020010272290,2020,010272290,2,11,0,4,4,3,7,2,2,2,0,0,0,0,2,1,1,1,2,54,8,9000,2,10,SCANIA Model Missing,5,E01001322,0,-1
2020070758029,2020,070758029,4,21,0,4,4,2,6,0,0,8,1,0,0,0,1,1,1,1,1,55,8,8970,2,13,SCANIA Model Missing,6,E01018728,0,-1
2020140985974,2020,140985974,2,11,0,9,9,3,6,0,0,8,0,0,0,0,3,1,1,1,2,-1,-1,-1,2,17,SCANIA Model Missing,5,E01011788,0,-1
202031C059720,2020,31C059720,1,11,0,18,19,5,1,0,0,8,0,0,0,0,0,1,1,1,1,26,6,9000,2,9,SCANIA Model Missing,1,E01013815,0,-1
2020500955613,2020,500955613,1,21,1,16,19,1,5,0,0,0,0,0,0,0,2,1,1,1,1,51,8,12740,2,7,SCANIA Model Missing,2,E01019055,0,-1
2020360969891,2020,360969891,1,11,0,18,19,-1,-1,0,0,0,0,11,0,0,3,1,1,1,1,45,7,9000,2,1,SCANIA Model Missing,5,E01026724,0,-1