collision_index,collision_year,collision_ref_no,vehicle_reference,vehicle_type,towing_and_articulation,vehicle_manoeuvre_historic,vehicle_manoeuvre,vehicle_direction_from,vehicle_direction_to,vehicle_location_restricted_lane_historic,vehicle_location_restricted_lane,junction_location,skidding_and_overturning,hit_object_in_carriageway,vehicle_leaving_carriageway,hit_object_off_carriageway,first_point_of_impact,vehicle_left_hand_drive,journey_purpose_of_driver_historic,journey_purpose_of_driver,sex_of_driver,age_of_driver,age_band_of_driver,engine_capacity_cc,propulsion_code,age_of_vehicle,generic_make_model,driver_imd_decile,lsoa_of_driver,escooter_flag,driver_distance_banding
2020420968232,2020,420968232,1,21,0,18,19,8,4,0,0,0,0,0,0,0,1,1,1,1,1,52,8,9290,2,0,SCANIA Model Missing,2,E01015898,0,-1
2020010270911,2020,010270911,1,21,1,5,5,1,5,0,0,0,0,0,0,0,1,1,1,1,1,59,9,12742,2,0,SCANIA Model Missing,4,E01015957,0,-1
2020400992060,2020,400992060,2,20,0,1,1,5,1,0,0,0,0,0,0,0,2,1,1,1,1,61,9,9290,2,8,SCANIA Model Missing,8,E01017383,0,-1
2020070332756,2020,070332756,2,21,1,18,19,8,4,0,0,0,0,0,0,0,2,1,1,1,1,35,6,12742,2,1,SCANIA Model Missing,3,E01029998,0,-1
2020340W05552,2020,340W05552,3,21,0,18,19,7,3,0,0,2,0,0,0,0,0,1,1,1,1,26,6,11705,2,15,SCANIA Model Missing,10,E01025802,0,-1
202031D034320,2020,31D034320,1,11,0,3,3,8,4,0,0,2,0,0,0,0,0,1,1,1,2,34,6,9000,5,2,SCANIA Model Missing,4,E01013898,0,-1
2020320615382,2020,320615382,1,21,0,18,19,5,1,0,0,0,1,0,1,4,4,1,2,2,1,50,8,12740,2,3,SCANIA Model Missing,7,E01026188,0,-1
2020052001984,2020,052001984,2,98,0,18,19,7,3,0,0,0,0,0,0,0,2,1,1,1,1,62,9,12740,2,8,-1,7,E01006973,0,-1
2020070544395,2020,070544395,1,21,1,18,19,5,1,0,0,0,1,0,0,0,1,1,1,1,1,43,7,12740,2,10,SCANIA Model Missing,6,E01025514,0,-1
202063D004220,2020,63D004220,3,21,1,18,19,6,2,0,0,0,0,0,0,0,0,1,1,1,1,47,8,12740,2,3,SCANIA Model Missing,7,W01000391,0,-1
2020211009940,2020,211009940,2,21,-1,-1,-1,8,5,-1,-1,-1,-1,-1,-1,0,-1,1,1,1,1,50,8,12740,2,6,SCANIA Model Missing,1,E01009079,0,-1
2020990915179,2020,990915179,1,21,1,18,19,2,6,0,0,0,0,0,0,0,1,1,1,1,1,42,7,16353,2,3,SCANIA Model Missing,2,-1,0,-1
2020430203071,2020,430203071,1,21,1,5,5,7,5,0,0,8,0,0,0,0,1,1,1,1,1,-1,-1,11705,2,8,SCANIA Model Missing,-1,-1,0,-1
2020210926163,2020,210926163,2,20,0,10,10,4,2,0,0,0,0,0,0,0,2,1,1,1,1,58,9,12740,2,6,SCANIA Model Missing,5,E01010558,0,-1
2020332000249,2020,332000249,1,19,0,18,19,2,6,0,0,1,0,0,0,0,1,1,2,2,1,57,9,12740,2,3,SCANIA Model Missing,10,E01025817,0,-1
2020450915828,2020,450915828,1,11,0,18,19,1,5,0,0,6,0,0,0,0,4,1,5,6,1,50,8,9000,2,11,SCANIA Model Missing,6,E01016912,0,-1
2020137690784,2020,137690784,2,21,1,4,4,1,4,0,0,0,0,0,0,0,1,1,1,1,1,60,9,12740,2,5,SCANIA Model Missing,6,E01027560,0,-1
2020010264565,2020,010264565,1,11,0,5,5,0,5,0,0,0,0,0,0,0,0,1,1,1,1,21,5,9000,2,11,SCANIA Model Missing,3,E01003606,0,-1
2020211021714,2020,211021714,1,21,-1,-1,-1,-1,-1,-1,-1,0,-1,-1,-1,0,-1,1,6,6,1,32,6,12740,2,5,SCANIA Model Missing,4,E01010304,0,-1
2020520100476,2020,520100476,2,21,4,18,19,7,3,0,0,8,0,0,0,0,3,1,6,6,1,51,8,9290,2,8,SCANIA Model Missing,-1,-1,0,-1
202063A025520,2020,63A025520,1,21,4,16,19,3,6,0,0,1,0,0,0,0,1,1,6,6,3,73,10,11705,2,22,SCANIA Model Missing,-1,-1,0,-1
2020140926829,2020,140926829,1,11,0,3,3,5,1,0,0,1,0,0,0,0,0,1,1,1,1,48,8,9000,2,16,SCANIA Model Missing,6,E01007917,0,-1
2020990934752,2020,990934752,1,21,0,18,19,7,3,0,0,1,0,0,0,0,1,1,1,1,1,50,8,12740,2,4,SCANIA Model Missing,4,-1,0,-1
2020410916025,2020,410916025,2,11,0,2,2,1,5,0,0,0,0,0,0,0,2,1,1,1,1,48,8,9000,2,15,SCANIA Model Missing,9,E01023318,0,-1
2020420969957,2020,420969957,2,19,0,16,19,6,1,0,0,0,0,0,0,0,3,1,1,1,1,47,8,1175,2,13,SCANIA Model Missing,5,E01021741,0,-1
2020010249514,2020,010249514,1,11,0,18,19,7,3,9,9,2,0,5,7,11,1,1,1,1,1,59,9,9000,2,11,SCANIA Model Missing,6,E01002921,0,-1
2020140954541,2020,140954541,1,21,0,17,19,5,1,0,0,8,0,0,0,0,3,1,1,1,1,22,5,15607,2,14,SCANIA Model Missing,8,E01026368,0,-1
2020100980087,2020,100980087,1,11,0,18,19,5,1,0,0,7,0,0,0,0,0,1,1,1,1,65,9,9000,2,13,SCANIA Model Missing,3,E01020827,0,-1
2020320134104,2020,320134104,2,21,1,18,19,2,4,0,0,0,0,0,0,0,2,1,1,1,1,55,8,12740,2,3,SCANIA Model Missing,3,E01026343,0,-1
202031B040120,2020,31B040120,1,11,0,2,2,0,0,0,0,0,0,0,0,0,0,1,1,1,1,37,7,9000,2,11,SCANIA Model Missing,3,E01028062,0,-1
2020210943070,2020,210943070,1,21,1,11,11,2,6,0,0,0,0,0,0,0,4,1,6,6,2,56,9,12742,2,2,SCANIA Model Missing,3,E01007141,0,-1
2020440079185,2020,440079185,2,21,1,18,19,8,4,0,0,0,1,0,0,0,1,1,1,1,1,53,8,8867,2,12,SCANIA Model Missing,3,E01029397,0,-1
2020010286706,2020,010286706,4,21,1,18,19,1,5,0,0,0,0,0,0,0,3,1,1,1,1,53,8,12740,2,3,SCANIA Model Missing,2,E01007593,0,-1
2020070542414,2020,070542414,1,20,0,18,19,2,6,0,0,8,0,0,0,0,1,1,1,1,1,29,6,8970,2,14,SCANIA Model Missing,4,E01029692,0,-1
2020471000273,2020,471000273,1,11,0,18,19,3,6,0,0,2,0,0,0,0,0,1,1,1,1,77,11,9000,2,9,SCANIA Model Missing,7,E01020961,0,-1
2020030946190,2020,030946190,3,21,0,18,19,7,3,0,0,0,0,0,0,0,3,1,1,1,1,63,9,12742,2,2,SCANIA Model Missing,4,E01012277,0,-1
2020302001074,2020,302001074,1,11,0,18,19,5,1,0,0,0,0,0,0,0,1,1,1,1,1,61,9,9000,2,15,SCANIA Model Missing,9,E01019670,0,-1
2020500939652,2020,500939652,1,21,0,18,19,1,5,0,0,0,0,0,0,0,1,1,1,1,2,34,6,9290,2,7,SCANIA Model Missing,3,E01029280,0,-1
2020420927866,2020,420927866,2,21,0,18,19,1,5,0,0,0,0,0,0,0,1,1,6,6,1,57,9,15607,2,8,SCANIA Model Missing,10,E01031737,0,-1
2020010233328,2020,010233328,2,11,0,18,19,5,1,0,0,3,0,0,0,0,3,1,1,1,1,43,7,12000,2,13,SCANIA Model Missing,5,E01000375,0,-1
202031B115020,2020,31B115020,1,21,1,17,19,4,1,0,0,0,5,0,1,1,1,1,1,1,1,75,10,12742,2,1,SCANIA Model Missing,2,E01007405,0,-1
2020430164292,2020,430164292,1,21,0,7,7,8,2,0,0,5,0,0,0,0,2,1,1,1,1,56,9,12740,2,5,SCANIA Model Missing,7,E01016236,0,-1
202031C125820,2020,31C125820,1,11,0,18,19,1,5,0,0,0,0,0,0,0,4,1,1,1,1,69,10,9000,5,3,SCANIA Model Missing,7,E01028202,0,-1
2020140932143,2020,140932143,1,21,1,11,11,7,3,0,0,0,0,0,0,0,4,1,1,1,1,51,8,-1,2,6,SCANIA Model Missing,1,E01008096,0,-1
2020990991554,2020,990991554,2,21,0,2,2,0,0,2,2,1,0,0,0,0,3,1,1,1,1,67,10,15607,2,9,SCANIA Model Missing,4,E01020896,0,-1
2020461008725,2020,461008725,1,21,1,11,11,1,5,0,0,0,0,0,0,0,4,1,1,1,1,63,9,12742,2,1,SCANIA Model Missing,3,E01016152,0,-1
2020040980595,2020,040980595,2,21,0,18,19,7,3,0,0,1,0,0,0,0,1,1,1,1,1,48,8,8970,2,18,SCANIA Model Missing,4,E01025308,0,-1
2020360955583,2020,360955583,1,21,4,18,19,8,3,0,0,0,0,0,0,0,1,1,1,1,1,48,8,12742,2,1,SCANIA Model Missing,1,E01007655,0,-1
2020110999795,2020,110999795,1,11,0,4,4,5,1,0,0,0,0,0,0,0,0,1,1,1,1,58,9,9000,2,13,SCANIA Model Missing,5,E01008879,0,-1
2020140922286,2020,140922286,2,21,1,12,12,5,1,0,0,0,0,0,0,0,3,1,6,6,3,-1,-1,-1,2,11,SCANIA Model Missing,-1,-1,0,-1
2020140996986,2020,140996986,2,21,0,18,19,6,2,0,0,1,0,0,0,0,3,1,2,2,1,34,6,12740,2,10,SCANIA Model Missing,2,E01011866,0,-1
2020010252583,2020,010252583,2,19,0,99,99,9,9,99,99,9,9,99,9,99,2,1,6,6,3,-1,-1,12740,2,4,SCANIA Model Missing,7,E01024764,0,-1
2020430319057,2020,430319057,3,21,0,16,19,8,3,0,0,0,0,0,0,0,3,1,1,1,1,50,8,9290,2,4,SCANIA Model Missing,-1,-1,0,-1
20201372S1280,2020,1372S1280,1,21,1,18,19,7,3,0,0,0,1,0,0,0,1,1,1,1,1,50,8,12742,2,1,SCANIA Model Missing,8,E01026258,0,-1
2020070455332,2020,070455332,1,21,1,11,11,5,1,0,0,2,0,0,0,0,4,1,1,1,1,54,8,12740,2,5,SCANIA Model Missing,1,E01006215,0,-1
2020010282403,2020,010282403,2,21,4,99,99,9,9,99,99,0,9,99,9,99,9,9,6,6,3,-1,-1,12740,2,2,SCANIA Model Missing,-1,-1,0,-1
2020421008220,2020,421008220,2,21,0,17,19,2,6,0,0,0,0,0,0,0,3,1,1,1,1,27,6,9290,2,9,SCANIA Model Missing,5,E01033139,0,-1
2020450988111,2020,450988111,2,21,0,18,19,7,3,0,0,0,1,0,0,0,1,1,1,1,1,61,9,12742,2,1,SCANIA Model Missing,9,E01030660,0,-1
2020040939000,2020,040939000,2,21,1,18,19,5,1,0,0,0,0,0,0,0,1,1,1,1,1,64,9,12742,2,2,SCANIA Model Missing,-1,-1,0,-1
2020010233812,2020,010233812,1,19,0,9,9,3,1,0,0,8,0,0,3,1,1,1,1,1,1,-1,-1,7700,2,1,SCANIA Model Missing,2,E01001438,0,-1
2020622000207,2020,622000207,1,21,0,4,4,8,4,0,0,0,0,0,0,0,1,1,1,1,1,38,7,12742,2,1,SCANIA Model Missing,10,W01001098,0,-1
2020420917556,2020,420917556,1,21,1,1,1,7,3,0,0,1,0,0,0,0,3,1,1,1,1,49,8,11021,2,16,SCANIA Model Missing,5,E01021387,0,-1
2020010228334,2020,010228334,1,21,1,18,19,7,3,0,0,0,0,0,0,0,1,1,1,1,1,52,8,12742,2,1,SCANIA Model Missing,3,E01030163,0,-1
2020470959007,2020,470959007,1,20,0,4,4,8,4,0,0,1,0,0,0,0,1,1,1,1,1,53,8,12740,2,3,SCANIA Model Missing,7,E01021166,0,-1
2020990959699,2020,990959699,1,21,1,18,19,2,6,0,0,1,1,0,7,0,1,1,1,1,1,27,6,15607,2,16,SCANIA Model Missing,7,-1,0,-1
2020010234948,2020,010234948,1,11,0,18,19,5,1,2,2,1,0,0,0,0,0,1,1,1,1,35,6,9000,2,12,SCANIA Model Missing,3,E01002313,0,-1
202054A589220,2020,54A589220,2,21,1,9,9,7,3,0,0,8,3,0,0,0,3,1,1,1,2,38,7,11705,2,13,SCANIA Model Missing,4,E01020322,0,-1
2020430328953,2020,430328953,2,21,1,18,19,3,7,0,0,4,0,0,0,0,3,1,1,1,1,59,9,12742,2,2,SCANIA Model Missing,9,E01019911,0,-1
2020010236099,2020,010236099,4,21,2,18,19,5,1,0,0,0,0,0,0,0,0,1,1,1,1,48,8,12742,2,1,SCANIA Model Missing,9,E01030216,0,-1
2020010259607,2020,010259607,2,21,9,18,19,4,8,99,99,9,9,99,9,99,9,9,6,6,3,-1,-1,12742,2,1,SCANIA Model Missing,-1,-1,0,-1
2020137BD0244,2020,137BD0244,1,21,1,11,11,1,5,0,0,0,0,0,0,0,1,1,1,1,1,24,5,16400,2,4,SCANIA Model Missing,8,E01020862,0,-1
2020350945700,2020,350945700,2,21,0,18,19,3,7,0,0,0,0,0,0,0,2,1,1,1,1,34,6,9290,2,7,SCANIA Model Missing,3,E01027175,0,-1
2020990924434,2020,990924434,1,11,0,16,19,7,4,0,0,0,0,0,1,3,1,1,1,1,2,45,7,-1,2,17,SCANIA Model Missing,2,-1,0,-1
2020320484583,2020,320484583,1,21,0,18,19,4,8,0,0,4,0,0,0,0,3,1,1,1,1,45,7,9290,2,2,SCANIA Model Missing,-1,-1,0,-1
2020461008829,2020,461008829,1,11,0,5,5,4,8,0,0,0,0,0,0,0,1,1,1,1,1,62,9,9000,2,12,SCANIA Model Missing,9,E01024213,0,-1
2020990944306,2020,990944306,1,21,1,18,19,5,8,0,0,0,0,0,1,0,4,1,1,1,1,59,9,12742,2,2,SCANIA Model Missing,-1,-1,0,-1
2020070676527,2020,070676527,1,21,0,15,15,8,4,0,0,0,0,0,0,0,3,1,1,1,1,-1,-1,12740,2,6,SCANIA Model Missing,3,E01007178,0,-1
2020340K05172,2020,340K05172,2,19,0,18,19,8,4,0,0,1,0,0,0,0,1,1,1,1,1,29,6,12740,2,8,SCANIA Model Missing,4,E01025666,0,-1
2020070748439,2020,070748439,1,20,1,9,9,5,1,0,0,8,0,0,0,0,3,1,1,1,1,34,6,-1,-1,-1,SCANIA Model Missing,-1,-1,0,-1
2020430284327,2020,430284327,2,21,1,4,4,5,1,0,0,0,0,0,0,0,2,1,1,1,1,48,8,12742,2,3,SCANIA Model Missing,2,E01006308,0,-1
2020122000637,2020,122000637,1,21,1,17,19,1,3,0,0,4,5,0,0,0,4,1,1,1,1,54,8,12742,2,3,SCANIA Model Missing,5,E01027857,0,-1
2020500938817,2020,500938817,2,21,1,18,19,8,4,0,0,1,0,0,0,0,1,1,1,1,1,49,8,12742,2,3,SCANIA Model Missing,2,E01026170,0,-1
2020160961655,2020,160961655,2,21,0,18,19,3,7,0,0,8,0,0,0,0,1,1,1,1,1,45,7,-1,-1,-1,SCANIA Model Missing,10,E01013044,0,-1
2020990978730,2020,990978730,2,11,0,18,19,2,6,0,0,0,1,0,1,0,3,1,1,1,1,60,9,9000,2,3,SCANIA Model Missing,1,-1,0,-1
2020547220320,2020,547220320,3,20,0,13,13,7,3,0,0,1,0,0,0,0,2,1,1,1,1,57,9,8867,2,12,SCANIA Model Missing,3,W01001527,0,-1
2020500937275,2020,500937275,1,11,0,5,5,2,6,0,0,1,0,0,0,0,0,1,5,6,1,65,9,9000,2,3,SCANIA Model Missing,6,E01015207,0,-1
2020010283391,2020,010283391,2,21,0,99,99,9,9,99,99,0,9,99,9,99,1,9,6,6,3,30,6,16353,2,2,SCANIA Model Missing,4,E01007001,0,-1
2020360929901,2020,360929901,2,21,1,9,9,3,5,0,0,8,0,0,0,0,4,1,1,1,1,37,7,12740,2,5,SCANIA Model Missing,1,E01026869,0,-1
2020350973811,2020,350973811,1,21,1,18,19,4,8,0,0,0,0,0,0,0,1,1,1,1,1,52,8,12742,2,1,SCANIA Model Missing,2,E01032161,0,-1
2020420970671,2020,420970671,4,21,1,18,19,1,5,0,0,0,0,0,0,0,1,1,1,1,1,52,8,12740,2,5,SCANIA Model Missing,3,E01020768,0,-1
2020140990361,2020,140990361,2,21,0,18,19,7,3,0,0,8,0,0,0,0,4,1,1,1,1,64,9,12742,2,1,SCANIA Model Missing,9,E01012920,0,-1
2020340S03292,2020,340S03292,1,19,0,18,19,5,1,0,0,8,0,0,0,0,1,1,1,1,1,38,7,12740,2,7,SCANIA Model Missing,9,E01027037,0,-1
2020100995299,2020,100995299,1,21,0,10,10,3,5,0,0,1,0,0,0,0,3,1,1,1,1,37,7,-1,-1,-1,SCANIA Model Missing,6,E01008381,0,-1
2020420939869,2020,420939869,3,21,1,4,4,3,7,0,0,0,0,0,0,0,2,1,1,1,1,48,8,12742,2,1,SCANIA Model Missing,2,E01015954,0,-1
2020040934324,2020,040934324,1,11,0,5,5,1,5,0,0,1,0,0,0,0,0,1,1,1,1,53,8,9000,2,7,SCANIA Model Missing,3,E01025294,0,-1
2020440437923,2020,440437923,2,21,0,9,9,2,8,0,0,8,0,0,0,0,0,1,1,1,1,50,8,12740,2,3,SCANIA Model Missing,3,E01032851,0,-1
2020440177712,2020,440177712,2,21,0,2,2,3,7,0,0,0,0,0,0,0,2,1,1,1,1,57,9,16353,2,1,SCANIA Model Missing,1,E01009881,0,-1
2020990976813,2020,990976813,1,11,0,5,5,4,2,0,0,1,0,0,0,0,1,1,1,1,1,57,9,9000,2,6,SCANIA Model Missing,1,-1,0,-1
2020430034669,2020,430034669,1,21,0,11,11,1,5,0,0,0,0,0,0,0,1,1,1,1,1,41,7,12742,2,1,SCANIA Model Missing,7,E01026267,0,-1
2020340E80022,2020,340E80022,2,21,0,18,19,7,3,0,0,0,0,0,1,0,1,1,1,1,1,31,6,12740,2,3,SCANIA Model Missing,1,E01032890,0,-1
2020990941459,2020,990941459,2,21,4,18,19,5,1,0,0,0,0,0,0,0,2,1,1,1,1,65,9,9290,2,5,SCANIA Model Missing,4,-1,0,-1
2020990934350,2020,990934350,1,21,1,5,5,5,1,0,0,0,0,0,0,0,3,1,1,1,1,33,6,12740,2,6,SCANIA Model Missing,6,-1,0,-1
2020140933906,2020,140933906,1,21,0,18,19,7,3,0,0,1,0,0,0,0,1,1,1,1,1,22,5,12740,2,5,SCANIA Model Missing,9,E01007425,0,-1
2020500964637,2020,500964637,3,11,0,5,5,1,5,0,0,8,0,0,0,0,0,1,5,6,1,49,8,9000,2,7,SCANIA Model Missing,3,E01015209,0,-1
2020430042584,2020,430042584,1,11,0,4,4,7,3,0,0,1,0,0,0,0,4,1,1,1,1,41,7,9000,2,10,SCANIA Model Missing,8,E01028701,0,-1
2020302000042,2020,302000042,1,11,0,5,5,4,8,0,0,0,0,0,0,0,4,1,1,1,1,54,8,9000,2,15,SCANIA Model Missing,3,E01019404,0,-1
2020420926855,2020,420926855,1,21,1,17,19,5,1,0,0,3,5,0,0,0,0,1,1,1,1,39,7,12742,2,3,SCANIA Model Missing,6,E01026265,0,-1
2020470932784,2020,470932784,2,11,0,18,19,1,5,0,0,1,0,0,0,0,0,1,1,1,1,68,10,9000,2,3,SCANIA Model Missing,1,E01020995,0,-1
20201372P1618,2020,1372P1618,2,21,1,18,19,8,4,0,0,0,0,0,0,0,1,1,1,1,1,-1,-1,16400,2,5,SCANIA Model Missing,-1,-1,0,-1
2020010272378,2020,010272378,1,11,0,4,4,1,5,0,0,0,0,0,0,0,1,1,1,1,1,63,9,9000,2,14,SCANIA Model Missing,5,E01002399,0,-1
2020552000616,2020,552000616,2,21,0,9,9,8,2,0,0,3,1,0,0,0,3,1,1,1,1,44,7,9290,2,4,SCANIA Model Missing,2,E01031981,0,-1
2020991001668,2020,991001668,1,21,1,18,19,5,1,0,0,0,0,0,0,0,1,1,1,1,1,38,7,12742,2,3,SCANIA Model Missing,1,-1,0,-1
2020160976595,2020,160976595,2,21,0,18,19,2,6,0,0,0,1,0,0,0,1,1,1,1,1,34,6,12740,2,5,SCANIA Model Missing,8,E01012174,0,-1
2020070664292,2020,070664292,1,21,0,4,4,7,3,0,0,4,0,0,0,0,1,1,1,1,1,45,7,12740,2,4,SCANIA Model Missing,3,E01012510,0,-1
2020010257680,2020,010257680,1,11,0,9,9,1,7,0,0,8,0,0,0,0,0,1,1,1,1,62,9,9000,2,10,SCANIA Model Missing,2,E01000950,0,-1
2020040987110,2020,040987110,1,21,0,18,19,1,5,0,0,1,0,0,0,0,3,1,1,1,1,55,8,12742,2,1,SCANIA Model Missing,5,E01006491,0,-1
202031C044420,2020,31C044420,1,11,0,18,19,5,1,0,0,1,0,0,0,0,1,1,1,1,2,53,8,9000,2,5,SCANIA Model Missing,2,E01013888,0,-1
2020420999272,2020,420999272,1,11,0,18,19,2,6,0,0,1,0,0,0,0,1,1,1,1,1,38,7,9000,2,13,SCANIA Model Missing,-1,-1,0,-1
2020302001618,2020,302001618,1,90,0,18,19,5,1,0,0,8,0,0,0,0,1,1,1,1,2,45,7,9290,2,3,-1,10,E01013577,0,-1
2020460997288,2020,460997288,2,21,0,4,4,1,5,0,0,1,0,0,0,0,1,1,1,1,1,55,8,12742,2,0,SCANIA Model Missing,6,E01016178,0,-1
2020302001359,2020,302001359,1,21,1,5,5,6,2,8,6,0,0,0,0,0,2,1,1,1,1,33,6,12740,2,3,SCANIA Model Missing,6,E01027559,0,-1
2020010247065,2020,010247065,1,11,0,17,19,5,1,0,0,3,0,0,0,0,0,1,1,1,1,47,8,9000,2,11,SCANIA Model Missing,2,E01003497,0,-1
2020070073963,2020,070073963,3,21,1,18,19,8,4,0,0,0,0,2,0,0,1,1,1,1,1,60,9,12740,2,3,SCANIA Model Missing,2,-1,0,-1
2020200929470,2020,200929470,2,21,1,18,19,7,3,0,0,0,0,0,0,0,1,1,1,1,1,44,7,9290,2,7,SCANIA Model Missing,1,E01028256,0,-1
2020420984629,2020,420984629,3,21,1,18,19,5,1,0,0,0,0,0,0,0,3,1,1,1,1,41,7,12742,2,1,SCANIA Model Missing,1,E01029986,0,-1
2020010273853,2020,010273853,1,3,0,14,14,5,1,0,0,0,0,0,0,0,4,1,2,2,1,23,5,-1,-1,-1,-1,4,E01030601,0,-1
2020122000827,2020,122000827,1,4,0,17,19,1,5,0,0,1,1,0,1,11,3,1,6,6,1,64,9,350,1,0,-1,10,E01012303,0,-1
2020010268842,2020,010268842,1,4,0,18,19,1,5,0,0,0,0,0,0,0,1,1,6,6,1,60,9,348,1,1,-1,9,E01023186,0,-1
2020010276523,2020,010276523,1,3,0,18,19,5,1,0,0,0,2,0,0,0,0,1,6,6,1,50,8,125,1,0,-1,9,E01023375,0,-1
2020010254271,2020,010254271,1,9,0,18,19,7,3,9,9,8,0,0,7,1,1,1,2,2,2,41,7,1242,1,10,-1,6,E01002570,0,-1
202063D065120,2020,63D065120,2,90,0,18,19,4,8,0,0,0,0,0,0,0,3,1,6,6,1,55,8,2800,2,19,-1,3,E01017944,0,-1
2020010263826,2020,010263826,1,9,0,5,5,8,4,0,0,0,0,0,0,0,1,1,6,6,1,30,6,1596,1,18,-1,3,E01001445,0,-1
2020411002559,2020,411002559,1,9,0,18,19,3,7,0,0,0,1,0,0,0,1,1,6,6,2,24,5,1242,1,9,-1,9,E01016572,0,-1
2020302000623,2020,302000623,1,19,0,2,2,0,0,0,0,0,0,0,0,0,2,1,1,1,1,44,7,2287,2,5,-1,1,E01007325,0,-1
2020010262826,2020,010262826,2,9,0,18,19,7,3,0,0,8,0,0,0,0,2,1,2,2,1,30,6,1596,1,18,-1,3,E01001445,0,-1
2020010254546,2020,010254546,2,5,0,18,19,7,3,0,0,8,0,0,0,0,1,-1,6,6,1,23,5,745,1,4,-1,5,E01004644,0,-1
202031D037620,2020,31D037620,1,5,0,13,13,2,6,0,0,8,0,0,0,0,1,1,6,6,1,30,6,745,1,2,-1,2,E01019647,0,-1
2020990969124,2020,990969124,1,5,0,17,19,1,5,0,0,0,1,0,2,0,4,1,6,6,1,38,7,745,1,2,-1,1,-1,0,-1
2020010265793,2020,010265793,1,5,0,18,19,3,7,0,0,8,0,0,0,0,1,1,2,2,1,35,6,745,1,4,-1,9,E01003864,0,-1
2020010267106,2020,010267106,1,5,0,99,99,9,9,99,99,9,9,99,9,99,9,1,6,6,1,61,9,745,1,2,-1,9,E01023465,0,-1
2020010234456,2020,010234456,1,5,0,99,99,9,9,99,99,9,9,99,9,99,9,-1,6,6,1,31,6,745,1,1,-1,7,E01000675,0,-1
2020210975348,2020,210975348,2,5,0,3,3,3,5,0,0,8,0,0,0,0,-1,1,5,6,1,45,7,745,1,4,-1,8,E01014348,0,-1
2020010231531,2020,010231531,1,5,0,14,14,7,3,0,0,1,5,0,0,0,1,1,1,1,1,50,8,745,1,2,-1,1,E01000917,0,-1
2020552000954,2020,552000954,1,9,0,18,19,6,8,0,0,3,0,0,0,0,3,1,6,6,2,42,7,1086,1,13,HYUNDAI GETZ,10,E01020407,0,-1
2020010281689,2020,010281689,3,9,0,18,19,7,3,0,0,8,0,0,0,0,3,1,2,2,1,45,7,1399,1,13,HYUNDAI GETZ,2,E01000065,0,-1
2020440290096,2020,440290096,1,9,0,18,19,1,5,0,0,0,0,0,0,0,1,1,6,6,2,73,10,1086,1,12,HYUNDAI GETZ,4,E01022936,0,-1
2020552000663,2020,552000663,1,9,0,17,19,8,4,0,0,0,0,4,0,0,1,1,2,2,2,38,7,1341,1,17,HYUNDAI GETZ,3,E01015381,0,-1
2020231012689,2020,231012689,1,9,0,9,9,3,1,0,0,6,0,0,0,0,3,1,5,6,2,20,4,1086,1,15,HYUNDAI GETZ,6,E01009462,0,-1
2020410955346,2020,410955346,1,9,0,18,19,5,1,0,0,0,0,4,1,10,1,1,5,6,1,65,9,1399,1,13,HYUNDAI GETZ,4,E01023757,0,-1
2020010274463,2020,010274463,2,9,0,99,99,9,9,99,99,0,9,99,9,99,2,9,6,6,3,34,6,1086,1,13,HYUNDAI GETZ,6,E01003149,0,-1
2020471003476,2020,471003476,1,9,0,9,9,2,8,0,0,6,0,0,0,0,1,1,5,6,2,20,4,1399,1,15,HYUNDAI GETZ,9,E01031561,0,-1
2020470991646,2020,470991646,1,9,0,18,19,1,5,0,0,0,0,0,0,0,1,1,5,6,2,68,10,1086,1,12,HYUNDAI GETZ,8,E01031420,0,-1