collision_index,collision_year,collision_ref_no,vehicle_reference,vehicle_type,towing_and_articulation,vehicle_manoeuvre_historic,vehicle_manoeuvre,vehicle_direction_from,vehicle_direction_to,vehicle_location_restricted_lane_historic,vehicle_location_restricted_lane,junction_location,skidding_and_overturning,hit_object_in_carriageway,vehicle_leaving_carriageway,hit_object_off_carriageway,first_point_of_impact,vehicle_left_hand_drive,journey_purpose_of_driver_historic,journey_purpose_of_driver,sex_of_driver,age_of_driver,age_band_of_driver,engine_capacity_cc,propulsion_code,age_of_vehicle,generic_make_model,driver_imd_decile,lsoa_of_driver,escooter_flag,driver_distance_banding
2020170H10590,2020,170H10590,2,9,0,18,19,1,5,0,0,8,0,0,0,0,1,1,2,2,2,42,7,1086,1,15,HYUNDAI GETZ,8,E01011963,0,-1
2020471010000,2020,471010000,5,9,0,18,19,7,3,0,0,0,0,0,0,0,1,1,5,6,2,21,5,1086,1,14,HYUNDAI GETZ,3,E01031483,0,-1
2020500946405,2020,500946405,2,9,0,18,19,5,1,0,0,0,0,0,0,0,3,1,5,6,2,51,8,1399,1,12,HYUNDAI GETZ,6,E01020059,0,-1
2020010266211,2020,010266211,1,9,0,18,19,7,3,9,9,5,0,0,0,0,1,1,6,6,2,36,7,1086,1,16,HYUNDAI GETZ,3,E01000287,0,-1
2020531007037,2020,531007037,1,9,0,18,19,3,7,0,0,0,0,0,0,0,1,1,5,6,1,40,7,1399,1,12,HYUNDAI GETZ,10,E01032939,0,-1
2020070033754,2020,070033754,1,9,0,1,1,8,4,0,0,0,0,0,0,0,2,1,6,6,1,-1,-1,1341,1,16,HYUNDAI GETZ,-1,-1,0,-1
2020010283549,2020,010283549,1,9,0,9,9,5,3,0,0,8,0,0,0,0,1,1,6,6,1,68,10,1341,1,16,HYUNDAI GETZ,-1,-1,0,-1
2020140984597,2020,140984597,2,9,0,6,6,2,2,0,0,0,0,0,0,0,4,1,5,6,1,34,6,1341,1,15,HYUNDAI GETZ,1,E01007940,0,-1
2020110988719,2020,110988719,2,9,0,9,9,5,3,0,0,1,0,0,0,0,4,1,3,7,2,45,7,1086,1,14,HYUNDAI GETZ,3,E01020811,0,-1
2020990917548,2020,990917548,1,9,0,18,19,2,6,0,0,1,0,0,0,0,4,1,5,6,1,76,11,1086,1,12,HYUNDAI GETZ,6,-1,0,-1
2020010282066,2020,010282066,1,9,0,99,99,9,9,99,99,0,9,99,9,99,9,9,6,6,1,23,5,1399,1,15,HYUNDAI GETZ,3,E01002564,0,-1
2020101003257,2020,101003257,1,9,0,10,10,1,1,0,0,0,0,0,0,0,1,1,2,2,1,36,7,1086,1,15,HYUNDAI GETZ,3,E01008396,0,-1
2020220934542,2020,220934542,2,9,0,5,5,2,6,0,0,1,1,10,1,0,3,1,5,6,1,88,11,1399,1,13,HYUNDAI GETZ,9,E01014102,0,-1
2020470955674,2020,470955674,1,9,0,18,19,3,7,0,0,0,0,0,0,0,2,1,6,6,2,51,8,1341,1,15,HYUNDAI GETZ,7,E01031406,0,-1
2020230931626,2020,230931626,1,9,0,13,13,1,5,0,0,8,0,0,0,0,1,1,1,1,1,30,6,1086,1,15,HYUNDAI GETZ,3,E01009660,0,-1
2020010244462,2020,010244462,1,9,0,99,99,9,9,99,99,9,9,99,9,99,3,9,2,2,2,29,6,1399,1,13,HYUNDAI GETZ,5,E01024181,0,-1
2020010245073,2020,010245073,3,9,0,12,12,5,1,0,0,1,0,0,0,0,3,1,6,6,1,30,6,1086,1,14,HYUNDAI GETZ,3,E01003164,0,-1
2020302000067,2020,302000067,1,9,0,18,19,2,6,0,0,8,0,0,0,0,1,1,6,6,1,90,11,1086,1,15,HYUNDAI GETZ,5,E01019534,0,-1
2020010282424,2020,010282424,1,9,0,99,99,9,9,99,99,0,9,99,9,99,9,9,2,2,1,54,8,1341,1,16,HYUNDAI GETZ,3,E01004184,0,-1
2020140956123,2020,140956123,1,9,0,7,7,5,7,0,0,1,0,0,0,0,2,1,5,6,2,74,10,1341,1,17,HYUNDAI GETZ,3,E01007667,0,-1
2020100996469,2020,100996469,2,9,0,18,19,1,1,0,0,2,0,0,0,0,1,1,5,6,1,21,5,1086,1,14,HYUNDAI GETZ,5,E01008787,0,-1
2020500941992,2020,500941992,1,9,0,18,19,7,3,0,0,0,0,0,0,0,1,1,6,6,2,52,8,1399,1,14,HYUNDAI GETZ,2,E01015073,0,-1
2020160974346,2020,160974346,1,9,0,18,19,5,1,0,0,0,0,0,0,0,4,1,6,6,1,39,7,1086,1,15,HYUNDAI GETZ,4,E01012760,0,-1
2020140926006,2020,140926006,2,9,0,18,19,1,5,0,0,2,0,0,0,0,1,1,5,6,1,62,9,1086,1,16,HYUNDAI GETZ,8,E01008050,0,-1
2020470990338,2020,470990338,2,9,0,18,19,2,6,0,0,0,0,0,0,0,2,1,1,1,2,43,7,1086,1,17,HYUNDAI GETZ,4,E01020997,0,-1
2020010286886,2020,010286886,1,9,0,9,9,5,3,0,0,1,0,0,0,0,1,2,6,6,1,31,6,1399,1,13,HYUNDAI GETZ,4,E01001353,0,-1
2020161008699,2020,161008699,2,9,0,17,19,2,6,0,0,0,0,7,0,0,1,1,5,6,1,69,10,1399,1,13,HYUNDAI GETZ,5,E01013125,0,-1
2020430075275,2020,430075275,1,9,0,9,9,2,8,0,0,5,0,0,0,0,4,1,2,2,2,33,6,1086,1,14,HYUNDAI GETZ,-1,-1,0,-1
2020552001187,2020,552001187,2,9,0,9,9,2,8,0,0,5,0,0,0,0,1,1,6,6,1,41,7,1086,1,14,HYUNDAI GETZ,3,E01015293,0,-1
2020450977402,2020,450977402,1,9,0,9,9,5,3,0,0,0,0,0,0,0,3,1,1,1,1,19,4,1086,1,13,HYUNDAI GETZ,8,E01021169,0,-1
20201376I0869,2020,1376I0869,2,9,0,18,19,4,8,0,0,0,0,0,0,0,3,1,6,6,2,30,6,1399,1,13,HYUNDAI GETZ,6,E01010927,0,-1
2020320585172,2020,320585172,3,9,0,2,2,0,0,0,0,0,0,0,0,0,2,1,6,6,3,40,7,1086,1,12,HYUNDAI GETZ,-1,-1,0,-1
2020200988503,2020,200988503,2,9,0,18,19,-1,-1,0,0,0,0,0,0,0,3,1,6,6,1,56,9,1399,1,12,HYUNDAI GETZ,8,E01010487,0,-1
2020470951677,2020,470951677,2,9,0,18,19,5,1,0,0,0,0,0,0,0,1,1,5,6,1,35,6,1086,1,17,HYUNDAI GETZ,4,E01020571,0,-1
202006A270768,2020,06A270768,1,9,0,18,19,1,5,0,0,7,0,6,2,10,1,1,6,6,1,32,6,1493,2,16,HYUNDAI GETZ,3,E01011222,0,-1
2020541394920,2020,541394920,1,9,0,18,19,1,5,0,0,8,1,0,0,0,1,1,6,6,1,28,6,1341,1,17,HYUNDAI GETZ,7,E01014514,0,-1
2020137190878,2020,137190878,1,9,0,16,19,8,4,0,0,1,0,0,0,0,1,1,6,6,1,33,6,1341,1,15,HYUNDAI GETZ,1,E01010807,0,-1
202006XG73495,2020,06XG73495,1,9,0,11,11,3,7,0,0,0,1,0,0,0,1,1,6,6,1,49,8,1399,1,13,HYUNDAI GETZ,4,E01006026,0,-1
2020470984018,2020,470984018,2,9,0,4,4,7,3,0,0,0,0,0,0,0,2,1,2,2,2,38,7,1086,1,15,HYUNDAI GETZ,3,E01031787,0,-1
2020030935682,2020,030935682,1,9,0,17,19,7,3,0,0,0,1,11,1,4,1,1,2,2,1,20,4,1086,1,16,HYUNDAI GETZ,1,E01019112,0,-1
2020522003383,2020,522003383,1,9,0,3,3,3,7,0,0,2,0,0,0,0,2,1,6,6,2,26,6,1341,1,15,HYUNDAI GETZ,6,E01014900,0,-1
2020010242459,2020,010242459,2,9,0,99,99,9,9,99,99,0,9,99,9,99,1,9,6,6,3,-1,-1,1086,1,16,HYUNDAI GETZ,-1,-1,0,-1
2020030995115,2020,030995115,1,9,0,17,19,5,3,0,0,0,1,0,1,11,1,1,6,6,2,70,10,1086,1,15,HYUNDAI GETZ,3,E01019171,0,-1
2020350987292,2020,350987292,1,9,0,18,19,1,5,0,0,0,0,0,0,0,3,1,1,1,2,54,8,1399,1,13,HYUNDAI GETZ,7,E01018085,0,-1
202063D048720,2020,63D048720,2,9,0,18,19,8,4,0,0,0,0,0,0,0,1,1,6,6,1,22,5,1341,1,15,HYUNDAI GETZ,6,W01000219,0,-1
2020220935777,2020,220935777,2,9,0,16,19,4,8,0,0,0,1,0,1,11,1,1,5,6,2,27,6,1341,1,17,HYUNDAI GETZ,3,W01001577,0,-1
2020351005827,2020,351005827,1,9,0,2,2,0,0,0,0,0,0,0,0,0,2,1,6,6,1,28,6,1399,1,12,HYUNDAI GETZ,8,E01018003,0,-1
2020622000137,2020,622000137,2,9,0,10,10,8,6,0,0,1,0,0,0,0,2,1,6,6,1,36,7,1493,2,16,HYUNDAI GETZ,2,W01001855,0,-1
2020450937409,2020,450937409,1,9,0,7,7,1,5,0,0,8,0,0,7,0,4,1,6,6,1,82,11,1341,1,16,HYUNDAI GETZ,9,E01022615,0,-1
2020552100149,2020,552100149,1,9,0,18,19,7,3,0,0,0,5,10,0,0,3,1,6,6,2,32,6,1086,1,14,HYUNDAI GETZ,2,E01015384,0,-1
2020460936383,2020,460936383,2,9,0,4,4,5,1,0,0,0,0,0,0,0,2,1,6,6,1,25,5,1341,1,15,HYUNDAI GETZ,7,E01024242,0,-1
2020411002816,2020,411002816,3,9,0,18,19,5,1,0,0,0,0,0,0,0,0,1,3,7,2,41,7,1399,1,13,HYUNDAI GETZ,7,E01023736,0,-1
2020220925164,2020,220925164,1,9,0,18,19,5,1,0,0,4,0,0,0,0,1,1,6,6,1,34,6,1341,1,17,HYUNDAI GETZ,-1,-1,0,-1
202006Q178882,2020,06Q178882,2,9,0,3,3,4,8,0,0,0,0,0,0,0,2,1,2,2,1,67,10,1341,1,17,HYUNDAI GETZ,6,E01005391,0,-1
2020471003458,2020,471003458,2,9,0,18,19,3,7,0,0,1,0,0,0,0,1,1,5,6,1,24,5,1086,1,12,HYUNDAI GETZ,5,E01021079,0,-1
202006N178835,2020,06N178835,1,9,0,9,9,1,7,0,0,1,0,0,0,0,1,1,6,6,1,54,8,1399,1,11,HYUNDAI GETZ,1,E01004979,0,-1
2020520003687,2020,520003687,1,9,0,18,19,2,6,0,0,0,0,0,0,0,2,1,6,6,2,32,6,1086,1,12,HYUNDAI GETZ,5,E01029253,0,-1
2020622000176,2020,622000176,3,9,0,2,2,0,0,0,0,1,0,0,0,0,2,1,6,6,3,-1,-1,1341,1,15,HYUNDAI GETZ,-1,-1,0,-1
2020211024787,2020,211024787,1,9,0,3,3,3,7,0,0,0,0,0,0,0,1,1,1,1,1,32,6,1086,1,15,HYUNDAI GETZ,2,E01014281,0,-1
2020470930686,2020,470930686,1,9,0,4,4,6,2,0,0,0,1,0,2,0,1,1,5,6,1,23,5,1086,1,14,HYUNDAI GETZ,1,E01031427,0,-1
2020010243606,2020,010243606,1,9,0,9,9,5,3,0,0,1,0,0,0,0,1,1,6,6,2,29,6,1399,1,14,HYUNDAI GETZ,-1,-1,0,-1
2020010251539,2020,010251539,2,9,0,99,99,9,9,99,99,9,9,99,9,99,9,9,6,6,3,67,10,1399,1,15,HYUNDAI GETZ,9,E01030394,0,-1
2020420954577,2020,420954577,2,9,0,4,4,1,1,0,0,0,1,0,0,0,1,1,6,6,1,44,7,1599,1,16,HYUNDAI GETZ,5,E01015926,0,-1
2020200970519,2020,200970519,2,9,0,13,13,4,8,0,0,0,0,0,0,0,3,1,6,6,1,51,8,1086,1,15,HYUNDAI GETZ,1,E01010060,0,-1
2020137A91360,2020,137A91360,2,9,0,18,19,5,1,0,0,1,0,0,0,0,3,1,6,6,1,39,7,1339,1,13,HYUNDAI GETZ,1,E01011360,0,-1
2020010250699,2020,010250699,1,9,0,2,2,0,0,6,6,3,0,0,0,0,2,1,6,6,3,-1,-1,1086,1,17,HYUNDAI GETZ,-1,-1,0,-1
2020440010398,2020,440010398,2,9,0,18,19,5,1,0,0,8,0,0,0,0,1,1,6,6,2,55,8,1341,1,16,HYUNDAI GETZ,3,E01017080,0,-1
2020110986688,2020,110986688,1,9,4,9,9,5,2,0,0,1,1,0,0,0,1,1,6,6,1,71,10,1086,1,14,HYUNDAI GETZ,6,E01020888,0,-1
2020440497727,2020,440497727,1,9,0,16,19,8,3,0,0,0,1,0,2,10,1,1,6,6,1,68,10,1086,1,15,HYUNDAI GETZ,6,E01017298,0,-1
2020500941388,2020,500941388,1,9,0,18,19,1,5,0,0,0,0,0,1,0,1,1,1,1,1,61,9,1399,1,14,HYUNDAI GETZ,8,E01019930,0,-1
2020040924009,2020,040924009,1,9,0,9,9,7,3,0,0,5,0,0,7,0,1,1,5,6,1,65,9,1493,2,12,HYUNDAI GETZ,1,E01012707,0,-1
2020230987820,2020,230987820,1,9,0,17,19,2,8,0,0,0,1,0,7,11,3,1,5,6,1,17,4,1341,1,15,HYUNDAI GETZ,9,E01031113,0,-1
2020990985808,2020,990985808,1,9,0,18,19,5,1,0,0,1,0,0,0,0,3,1,6,6,1,79,11,1086,1,14,HYUNDAI GETZ,2,-1,0,-1
2020420925214,2020,420925214,2,9,0,4,4,7,3,0,0,0,0,0,0,0,2,1,6,6,2,43,7,1086,1,16,HYUNDAI GETZ,-1,-1,0,-1
2020320524136,2020,320524136,1,9,0,18,19,1,5,0,0,8,0,0,0,0,3,1,6,6,1,48,8,1086,1,13,HYUNDAI GETZ,7,E01026220,0,-1
202006N173146,2020,06N173146,1,9,0,18,19,5,1,0,0,8,0,0,0,0,1,1,6,6,2,45,7,1341,1,15,HYUNDAI GETZ,1,E01004960,0,-1
2020410994241,2020,410994241,2,9,0,2,2,0,0,0,0,0,0,0,0,0,4,1,6,6,3,-1,-1,1399,1,13,HYUNDAI GETZ,-1,-1,0,-1
2020010236055,2020,010236055,4,9,0,99,99,9,9,99,99,9,9,99,9,99,0,9,6,6,3,-1,-1,1399,1,14,HYUNDAI GETZ,-1,-1,0,-1
2020400935716,2020,400935716,1,9,0,5,5,4,8,0,0,1,0,0,0,0,1,1,1,1,2,41,7,1086,1,13,HYUNDAI GETZ,5,E01015790,0,-1
2020440421754,2020,440421754,2,9,0,18,19,1,5,0,0,0,0,0,0,0,1,1,6,6,1,24,5,1086,1,17,HYUNDAI GETZ,3,E01017170,0,-1
2020500942288,2020,500942288,1,9,0,5,5,5,1,0,0,1,0,0,0,0,4,1,1,1,1,34,6,1086,1,14,HYUNDAI GETZ,1,E01015048,0,-1
2020411008981,2020,411008981,3,9,0,18,19,1,5,0,0,0,0,0,0,0,1,1,6,6,2,66,10,1399,1,14,HYUNDAI GETZ,3,E01023343,0,-1
2020010284449,2020,010284449,1,9,0,7,7,1,3,0,0,8,0,0,0,0,0,1,6,6,1,44,7,1341,1,15,HYUNDAI GETZ,2,E01004271,0,-1
2020200932247,2020,200932247,1,9,0,18,19,6,2,0,0,8,0,0,0,0,4,1,6,6,2,37,7,1086,1,16,HYUNDAI GETZ,2,E01009210,0,-1
2020010267915,2020,010267915,1,9,0,18,19,5,1,0,0,1,0,6,0,0,1,1,6,6,1,27,6,1341,1,15,HYUNDAI GETZ,7,E01017919,0,-1
202006E278703,2020,06E278703,1,9,0,9,9,1,7,0,0,1,0,0,0,0,1,1,6,6,1,25,5,1086,1,14,HYUNDAI GETZ,2,E01005230,0,-1
2020360977417,2020,360977417,2,9,0,15,15,3,7,0,0,0,0,0,0,0,4,1,5,6,1,83,11,1086,1,12,HYUNDAI GETZ,8,E01026470,0,-1
2020231007817,2020,231007817,1,9,0,4,4,2,6,0,0,8,0,0,0,0,2,1,2,2,2,60,9,1399,1,11,HYUNDAI GETZ,8,E01025853,0,-1
2020137930891,2020,137930891,1,9,0,18,19,3,7,0,0,8,0,0,0,0,1,1,6,6,1,-1,-1,1086,1,15,HYUNDAI GETZ,-1,-1,0,-1
2020070166703,2020,070166703,2,9,0,18,19,8,4,0,0,0,0,0,0,0,1,1,2,2,1,55,8,1399,1,15,HYUNDAI GETZ,9,W01000154,0,-1
2020010252476,2020,010252476,2,9,0,9,9,5,3,0,0,8,0,0,0,0,4,1,6,6,1,51,8,1599,1,16,HYUNDAI GETZ,8,E01030860,0,-1
2020010252001,2020,010252001,1,9,0,99,99,9,9,99,99,9,9,99,9,99,2,9,6,6,1,28,6,1086,1,13,HYUNDAI GETZ,3,E01023300,0,-1
2020552000242,2020,552000242,3,9,0,4,4,3,7,0,0,0,0,0,0,0,2,1,6,6,1,37,7,1399,1,14,HYUNDAI GETZ,5,E01015345,0,-1
2020122100080,2020,122100080,1,9,0,3,3,5,1,0,0,4,0,0,0,0,2,1,6,6,2,26,6,1399,1,12,HYUNDAI GETZ,2,E01027872,0,-1
2020101010028,2020,101010028,1,9,0,18,19,3,7,0,0,2,0,0,0,0,4,1,6,6,1,90,11,1086,1,13,HYUNDAI GETZ,4,E01008814,0,-1
2020340N03752,2020,340N03752,1,9,0,18,19,4,8,0,0,0,0,0,1,11,1,1,6,6,1,28,6,1086,1,16,HYUNDAI GETZ,1,E01027239,0,-1
2020200939045,2020,200939045,1,9,0,18,19,6,2,0,0,1,0,0,0,0,1,1,6,6,1,39,7,1086,1,12,HYUNDAI GETZ,1,E01009400,0,-1
2020010279143,2020,010279143,2,9,0,18,19,1,5,0,0,1,0,0,0,0,1,1,1,1,2,21,5,1341,1,17,HYUNDAI GETZ,9,E01030394,0,-1
2020440347023,2020,440347023,1,9,0,4,4,5,1,0,0,2,0,0,1,3,2,1,6,6,2,66,10,1341,1,16,HYUNDAI GETZ,8,E01022636,0,-1
2020530959908,2020,530959908,1,9,0,18,19,3,7,0,0,8,0,0,0,0,4,1,2,2,2,28,6,1493,2,13,HYUNDAI GETZ,4,E01022241,0,-1
2020137311399,2020,137311399,2,9,0,18,19,2,6,0,0,0,0,0,0,0,1,1,6,6,2,56,9,1399,1,12,HYUNDAI GETZ,3,E01011786,0,-1
2020990932280,2020,990932280,1,9,0,9,9,1,7,0,0,1,0,0,0,0,1,1,5,6,2,34,6,1399,1,13,HYUNDAI GETZ,1,-1,0,-1
2020990934355,2020,990934355,1,9,0,16,19,4,7,0,0,0,0,0,7,11,1,1,5,6,1,19,4,1086,1,14,HYUNDAI GETZ,1,-1,0,-1
2020420983992,2020,420983992,1,9,0,18,19,2,6,0,0,0,0,0,0,0,0,1,5,6,1,18,4,1086,1,14,HYUNDAI GETZ,6,E01021356,0,-1
2020170H10720,2020,170H10720,1,9,0,18,19,0,0,0,0,8,0,0,0,0,1,1,6,6,1,40,7,1086,1,15,HYUNDAI GETZ,1,E01012038,0,-1
2020052001896,2020,052001896,2,9,0,2,2,0,0,0,0,0,0,0,0,0,2,1,2,2,2,59,9,1086,1,12,HYUNDAI GETZ,5,E01007152,0,-1
2020200930226,2020,200930226,1,9,0,7,7,4,6,0,0,6,0,0,0,0,3,1,6,6,2,21,5,1341,1,15,HYUNDAI GETZ,7,E01032268,0,-1
2020440365559,2020,440365559,2,9,0,18,19,4,8,0,0,0,0,0,0,0,3,1,6,6,1,23,5,1086,1,12,HYUNDAI GETZ,10,E01022467,0,-1
2020010228685,2020,010228685,2,3,0,18,19,3,7,0,0,1,0,0,0,0,1,1,6,6,1,27,6,125,1,9,MAKE AND MODEL REDACTED,3,E01000089,0,-1
2020010265199,2020,010265199,1,3,0,99,99,9,9,99,99,9,9,99,9,99,9,1,6,6,1,29,6,125,1,9,MAKE AND MODEL REDACTED,3,E01004536,0,-1
2020010273762,2020,010273762,1,3,0,99,99,9,9,99,99,1,9,99,9,99,1,1,6,6,1,33,6,125,1,9,MAKE AND MODEL REDACTED,4,E01003322,0,-1
2020010259293,2020,010259293,1,3,0,18,19,5,1,0,0,0,0,0,0,0,1,1,1,1,1,42,7,125,1,9,MAKE AND MODEL REDACTED,3,E01004325,0,-1
2020010263999,2020,010263999,1,3,0,3,3,7,3,0,0,2,0,0,0,0,1,1,6,6,1,21,5,125,1,9,MAKE AND MODEL REDACTED,2,E01003187,0,-1
2020010235972,2020,010235972,2,4,0,18,19,3,7,0,0,8,0,0,0,0,1,1,1,1,1,35,6,125,1,9,-1,3,E01003989,0,-1
2020500995354,2020,500995354,2,3,0,18,19,1,5,0,0,1,2,0,0,0,0,1,6,6,1,53,8,125,1,8,MAKE AND MODEL REDACTED,1,E01015043,0,-1
2020201019588,2020,201019588,1,3,0,9,9,1,7,0,0,8,0,0,0,0,1,1,1,1,1,31,6,125,1,9,MAKE AND MODEL REDACTED,1,E01009364,0,-1
2020010236084,2020,010236084,1,3,0,99,99,9,9,99,99,0,9,99,9,99,9,1,6,6,1,35,6,125,1,9,MAKE AND MODEL REDACTED,3,E01004229,0,-1
2020030982121,2020,030982121,2,4,0,15,15,5,1,6,6,0,0,0,0,0,1,1,6,6,1,50,8,399,1,0,-1,1,E01019231,0,-1
2020010238928,2020,010238928,1,4,0,18,19,5,1,0,0,0,1,10,6,0,0,1,1,1,1,26,6,399,1,1,-1,9,E01023847,0,-1
2020040965726,2020,040965726,1,4,0,17,19,1,6,0,0,1,1,11,1,0,1,1,5,6,1,47,8,399,1,1,-1,1,E01025154,0,-1
2020470970126,2020,470970126,1,4,0,16,19,2,5,0,0,0,0,0,0,0,1,1,6,6,1,20,4,399,1,2,-1,6,E01020529,0,-1
2020420980639,2020,420980639,2,5,0,18,19,1,3,0,0,3,0,0,0,0,1,1,6,6,1,45,7,649,1,2,KAWASAKI KLE650,9,E01021654,0,-1
2020320454878,2020,320454878,2,5,0,18,19,7,3,0,0,1,0,0,7,0,4,1,6,6,1,25,5,649,1,11,KAWASAKI KLE650,9,E01026211,0,-1
2020210996689,2020,210996689,1,5,0,18,19,5,1,0,0,1,0,0,0,0,4,1,6,6,1,77,11,649,1,13,KAWASAKI KLE650,7,E01029823,0,-1
2020470951606,2020,470951606,1,5,0,17,19,1,6,0,0,0,0,0,0,0,3,1,5,6,1,25,5,649,1,4,KAWASAKI KLE650,2,E01017139,0,-1
2020501015516,2020,501015516,1,5,0,4,4,3,7,0,0,0,1,0,0,0,3,1,5,6,1,36,7,649,1,6,KAWASAKI KLE650,4,E01018908,0,-1
2020991003505,2020,991003505,1,5,0,17,19,8,4,0,0,0,1,0,0,0,2,1,5,6,1,53,8,649,1,3,KAWASAKI KLE650,7,-1,0,-1
2020010235708,2020,010235708,1,5,0,18,19,5,1,0,0,1,0,0,0,0,4,1,1,1,1,-1,-1,649,1,4,KAWASAKI KLE650,-1,-1,0,-1
2020411003816,2020,411003816,1,5,0,18,19,1,5,0,0,0,0,0,0,0,1,1,6,6,1,-1,-1,649,1,6,KAWASAKI KLE650,6,E01023600,0,-1
2020470992747,2020,470992747,1,5,0,9,9,5,2,0,0,3,0,0,0,0,1,1,2,2,1,35,6,649,1,11,KAWASAKI KLE650,7,E01031398,0,-1
2020040942206,2020,040942206,1,5,0,18,19,2,6,0,0,8,0,0,0,0,1,1,5,6,1,61,9,649,1,9,KAWASAKI KLE650,6,E01004912,0,-1
2020010238254,2020,010238254,1,5,0,99,99,9,9,99,99,9,9,99,9,99,1,-1,2,2,1,56,9,649,1,8,KAWASAKI KLE650,7,E01001204,0,-1
2020340E02622,2020,340E02622,2,5,0,13,13,4,8,0,0,0,0,0,0,0,1,1,6,6,1,36,7,649,1,11,KAWASAKI KLE650,3,E01027065,0,-1
2020211023838,2020,211023838,1,5,0,13,13,3,8,0,0,8,0,0,0,0,1,1,6,6,2,57,9,649,1,2,KAWASAKI KLE650,5,E01029607,0,-1
2020360958797,2020,360958797,2,5,0,18,19,3,7,0,0,1,0,0,0,0,4,1,1,1,1,21,5,649,1,9,KAWASAKI KLE650,8,E01026559,0,-1
2020100980264,2020,100980264,2,5,0,18,19,3,7,0,0,0,0,0,0,0,1,1,5,6,1,53,8,649,1,6,KAWASAKI KLE650,3,E01008251,0,-1
202031A039220,2020,31A039220,2,5,0,9,9,4,2,0,0,3,0,0,0,0,4,1,6,6,1,55,8,649,1,4,KAWASAKI KLE650,7,E01028250,0,-1
2020040954612,2020,040954612,1,3,0,3,3,1,1,0,0,8,0,0,0,0,1,1,6,6,1,32,6,125,1,3,-1,-1,-1,0,-1
2020530972545,2020,530972545,1,3,0,18,19,5,1,0,0,1,0,0,0,0,1,1,1,1,1,30,6,125,1,3,-1,1,E01022291,0,-1
2020500930360,2020,500930360,1,3,0,16,19,7,2,0,0,0,1,0,7,0,4,1,5,6,1,51,8,125,1,6,-1,4,E01019012,0,-1
2020140929579,2020,140929579,1,3,0,18,19,5,1,0,0,8,0,0,0,0,4,1,2,2,1,47,8,125,1,2,-1,2,E01033279,0,-1
2020440447427,2020,440447427,1,3,0,18,19,4,8,0,0,0,1,0,0,0,4,1,6,6,1,34,6,125,1,7,-1,4,E01017312,0,-1
2020200980010,2020,200980010,2,3,0,2,2,0,0,0,0,0,0,0,0,0,4,1,1,1,1,-1,-1,125,1,1,-1,2,E01008889,0,-1
2020200951442,2020,200951442,2,3,0,18,19,5,1,0,0,8,0,0,0,0,1,1,6,6,1,20,4,125,1,3,-1,2,E01008894,0,-1
2020460948127,2020,460948127,1,3,0,16,19,6,1,0,0,0,1,0,0,0,1,1,1,1,1,28,6,125,1,3,-1,4,E01024561,0,-1
2020470995903,2020,470995903,1,2,0,18,19,1,5,0,0,6,0,0,0,0,3,1,6,6,1,16,4,49,1,2,-1,3,E01016922,0,-1
2020622000859,2020,622000859,1,20,0,18,19,2,6,0,0,0,0,0,0,0,1,1,1,1,1,62,9,-1,-1,-1,-1,1,W01000504,0,-1
2020360958610,2020,360958610,1,9,0,5,5,3,7,9,9,0,0,0,0,0,1,1,6,6,1,50,8,2299,1,29,-1,7,E01026723,0,-1
2020010272918,2020,010272918,1,9,0,5,5,1,5,0,0,2,0,0,0,0,0,1,6,6,2,52,8,2148,2,16,-1,6,E01000203,0,-1
2020501015869,2020,501015869,1,9,0,18,19,5,1,0,0,0,2,0,0,0,4,1,2,2,1,42,7,2290,1,23,-1,2,E01018867,0,-1
2020010234271,2020,010234271,2,9,0,5,5,5,1,0,0,0,0,0,0,0,0,1,6,6,1,51,8,2299,1,30,-1,4,E01000547,0,-1
2020622000213,2020,622000213,1,9,0,18,19,5,1,0,0,1,0,0,0,0,1,1,6,6,1,60,9,2143,2,4,-1,4,W01000724,0,-1
2020430222302,2020,430222302,1,9,0,18,19,4,8,0,0,0,0,0,7,0,3,1,6,6,2,75,10,2143,2,3,-1,10,E01028599,0,-1
2020210995211,2020,210995211,2,9,0,18,19,2,5,0,0,1,0,0,0,0,4,1,6,6,2,53,8,2143,2,4,-1,7,E01029668,0,-1
2020010269784,2020,010269784,2,9,0,99,99,9,9,99,99,0,9,99,9,99,9,9,6,6,1,70,10,1595,1,1,-1,8,E01000210,0,-1
2020450927668,2020,450927668,2,9,0,9,9,5,1,0,0,1,0,0,0,0,2,1,5,6,2,72,10,1991,1,1,-1,10,E01030894,0,-1
2020440089871,2020,440089871,1,9,0,17,19,1,5,0,0,0,1,0,7,4,1,1,6,6,1,41,7,1991,1,1,-1,7,E01022724,0,-1
2020230994041,2020,230994041,2,9,0,10,10,8,6,0,0,5,0,0,0,0,2,1,5,6,2,68,10,1595,1,1,-1,6,E01031022,0,-1
2020010286700,2020,010286700,1,9,0,17,19,5,1,0,0,8,0,0,0,0,1,1,6,6,2,39,7,1595,1,3,-1,4,E01000507,0,-1
2020470928862,2020,470928862,1,9,0,18,19,1,5,0,0,1,0,0,0,0,1,1,6,6,2,51,8,1499,1,5,MINI COOPER,1,E01020989,0,-1