collision_index,collision_year,collision_ref_no,vehicle_reference,vehicle_type,towing_and_articulation,vehicle_manoeuvre_historic,vehicle_manoeuvre,vehicle_direction_from,vehicle_direction_to,vehicle_location_restricted_lane_historic,vehicle_location_restricted_lane,junction_location,skidding_and_overturning,hit_object_in_carriageway,vehicle_leaving_carriageway,hit_object_off_carriageway,first_point_of_impact,vehicle_left_hand_drive,journey_purpose_of_driver_historic,journey_purpose_of_driver,sex_of_driver,age_of_driver,age_band_of_driver,engine_capacity_cc,propulsion_code,age_of_vehicle,generic_make_model,driver_imd_decile,lsoa_of_driver,escooter_flag,driver_distance_banding
2020010248703,2020,010248703,2,9,0,9,9,3,8,0,0,2,0,0,0,0,4,1,6,6,1,47,8,1598,1,6,MINI COOPER,9,E01002926,0,-1
2020500999368,2020,500999368,1,9,0,18,19,5,1,0,0,1,0,0,0,0,1,1,6,6,1,18,4,1598,1,19,MINI COOPER,4,E01015185,0,-1
2020430096049,2020,430096049,1,9,0,18,19,5,1,0,0,6,0,0,0,0,1,1,2,2,1,24,5,1499,1,1,MINI COOPER,3,E01016498,0,-1
2020421003506,2020,421003506,1,9,0,18,19,4,5,0,0,8,0,0,0,0,4,1,6,6,2,55,8,1598,1,18,MINI COOPER,8,E01021763,0,-1
2020010237092,2020,010237092,2,9,0,9,9,5,3,0,0,1,0,0,0,0,1,1,6,6,1,17,4,1499,1,5,MINI COOPER,4,E01003133,0,-1
2020470914673,2020,470914673,2,9,0,18,19,3,7,0,0,0,0,0,1,0,1,1,6,6,2,31,6,1499,1,2,MINI COOPER,7,E01020970,0,-1
2020470986458,2020,470986458,1,9,0,18,19,8,4,0,0,2,2,11,0,0,4,1,5,6,1,25,5,1560,2,13,MINI COOPER,4,E01004187,0,-1
2020220940625,2020,220940625,1,9,0,18,19,8,4,0,0,0,0,0,7,3,1,1,5,6,1,19,4,1598,1,16,MINI COOPER,9,E01032183,0,-1
2020470980042,2020,470980042,2,9,0,9,9,1,7,0,0,2,0,0,0,0,-1,1,6,6,2,25,5,1598,1,15,MINI COOPER,2,E01016945,0,-1
2020450953129,2020,450953129,1,9,0,4,4,5,1,0,0,0,0,0,0,0,1,1,5,6,2,20,4,1598,1,15,MINI COOPER,6,E01030546,0,-1
2020440290217,2020,440290217,2,9,0,18,19,8,4,0,0,1,0,0,0,0,0,1,6,6,2,58,9,1598,1,14,MINI COOPER,6,E01022640,0,-1
2020460964808,2020,460964808,1,9,0,17,19,1,6,0,0,0,2,0,7,9,1,1,6,6,2,30,6,1598,1,13,MINI COOPER,9,E01024827,0,-1
2020160964004,2020,160964004,1,9,0,18,19,1,5,0,0,0,0,0,0,0,4,1,6,6,1,51,8,1598,1,13,MINI COOPER,1,E01012873,0,-1
2020010271538,2020,010271538,1,9,0,99,99,9,9,99,99,9,9,99,9,99,2,9,6,6,1,29,6,1499,1,2,MINI COOPER,2,E01002799,0,-1
2020111015726,2020,111015726,2,9,0,18,19,3,3,0,0,1,0,0,0,0,3,1,6,6,2,52,8,1598,1,14,MINI COOPER,4,E01020872,0,-1
202006L275598,2020,06L275598,1,9,0,18,19,3,7,0,0,0,0,0,0,0,1,1,6,6,2,56,9,1499,1,6,MINI COOPER,9,E01006250,0,-1
2020200944373,2020,200944373,3,9,0,2,2,0,0,0,0,2,0,0,0,0,2,1,6,6,2,20,4,1598,1,17,MINI COOPER,3,E01009655,0,-1
2020520001091,2020,520001091,1,9,0,18,19,2,6,0,0,0,0,0,0,0,1,1,6,6,1,43,7,1560,2,13,MINI COOPER,2,E01029177,0,-1
202006A272842,2020,06A272842,2,9,0,2,2,0,0,0,0,0,0,0,0,0,3,1,6,6,2,27,6,1560,2,10,MINI COOPER,8,E01006285,0,-1
2020211025339,2020,211025339,1,9,0,18,19,4,8,0,0,0,0,0,0,0,0,1,1,1,2,23,5,1496,2,6,MINI COOPER,3,E01029725,0,-1
2020440362329,2020,440362329,2,9,0,3,3,5,1,0,0,1,0,0,0,0,2,1,6,6,3,-1,-1,1499,1,0,MINI COOPER,-1,-1,0,-1
2020360969198,2020,360969198,2,9,0,18,19,8,4,0,0,1,0,0,0,0,1,1,6,6,1,72,10,1598,1,7,MINI COOPER,6,E01026778,0,-1
2020500998165,2020,500998165,1,9,0,4,4,7,3,0,0,1,0,0,0,0,1,1,5,6,2,24,5,1499,1,1,MINI COOPER,4,E01018877,0,-1
2020010243167,2020,010243167,2,9,0,99,99,9,9,99,99,9,9,99,9,99,1,9,6,6,3,-1,-1,1995,2,7,MINI COOPER,-1,-1,0,-1
2020010247483,2020,010247483,2,9,0,99,99,9,9,99,99,9,9,99,9,99,1,9,6,6,3,-1,-1,1598,1,12,MINI COOPER,6,E01002886,0,-1
2020140973240,2020,140973240,3,9,0,18,19,2,6,0,0,1,0,0,0,0,1,1,5,6,2,34,6,1499,1,2,MINI COOPER,5,E01007609,0,-1
2020070004386,2020,070004386,3,9,0,4,4,1,5,0,0,0,0,0,0,0,0,1,6,6,2,-1,-1,1499,1,3,MINI COOPER,10,E01018503,0,-1
2020210993410,2020,210993410,1,9,0,18,19,5,1,0,0,2,0,0,0,0,1,1,6,6,1,34,6,1995,2,9,MINI COOPER,8,E01029515,0,-1
202006J270203,2020,06J270203,1,9,0,5,5,1,5,0,0,8,0,0,0,0,3,1,1,1,1,36,7,1598,1,15,MINI COOPER,4,E01006189,0,-1
2020420960122,2020,420960122,1,9,0,18,19,6,2,0,0,5,0,0,0,0,1,1,6,6,1,53,8,1598,1,18,MINI COOPER,2,E01021989,0,-1
2020010271071,2020,010271071,1,9,0,16,19,1,5,0,0,3,0,7,0,0,2,1,1,1,1,59,9,1598,1,16,MINI COOPER,5,E01003435,0,-1
2020460975967,2020,460975967,1,9,0,18,19,7,3,0,0,0,2,10,0,0,1,1,6,6,2,25,5,1598,1,17,MINI COOPER,2,E01024108,0,-1
2020320588122,2020,320588122,1,9,0,8,8,1,2,0,0,1,0,0,0,0,1,1,6,6,2,20,4,1598,1,14,MINI COOPER,5,E01026298,0,-1
2020430214031,2020,430214031,1,9,0,18,19,5,1,0,0,0,0,0,0,0,1,1,6,6,1,19,4,1598,1,14,MINI COOPER,5,E01016367,0,-1
2020010228566,2020,010228566,1,9,0,99,99,9,9,99,99,9,9,99,9,99,9,1,6,6,2,33,6,1998,1,1,MINI COOPER,7,E01000309,0,-1
2020360979998,2020,360979998,2,9,0,18,19,5,1,0,0,2,0,0,0,0,3,1,5,6,1,77,11,1598,1,11,MINI COOPER,2,E01026834,0,-1
2020522004072,2020,522004072,1,9,0,18,19,1,5,0,0,0,0,0,0,0,2,1,6,6,2,27,6,1499,1,5,MINI COOPER,5,E01014662,0,-1
2020100930750,2020,100930750,1,9,0,18,19,8,4,0,0,8,0,0,0,0,4,1,6,6,2,46,8,1499,1,1,MINI COOPER,9,E01008775,0,-1
2020140934146,2020,140934146,1,9,0,18,19,7,3,0,0,1,0,0,0,0,1,1,6,6,2,55,8,1496,2,6,MINI COOPER,7,E01008135,0,-1
2020340W00782,2020,340W00782,2,9,0,18,19,2,6,0,0,0,0,0,0,0,2,1,6,6,1,52,8,1499,1,1,MINI COOPER,5,E01027091,0,-1
2020010264445,2020,010264445,2,9,0,99,99,9,9,99,99,9,9,99,9,99,1,9,6,6,3,-1,-1,1598,1,13,MINI COOPER,3,E01001864,0,-1
2020990972656,2020,990972656,1,9,0,18,19,4,8,0,0,0,0,0,0,0,1,1,5,6,1,30,6,1598,1,18,MINI COOPER,4,-1,0,-1
2020990988704,2020,990988704,1,9,0,9,9,5,3,0,0,8,0,0,0,0,4,1,5,6,2,27,6,1598,1,16,MINI COOPER,-1,-1,0,-1
2020500954696,2020,500954696,1,9,0,18,19,1,5,0,0,0,0,0,0,0,1,1,5,6,2,42,7,1598,1,15,MINI COOPER,4,E01018979,0,-1
2020200942603,2020,200942603,2,9,0,18,19,8,4,0,0,1,0,0,7,0,1,1,2,2,1,50,8,1598,1,12,MINI COOPER,2,E01010065,0,-1
2020410950742,2020,410950742,2,9,0,9,9,8,4,0,0,0,0,0,0,0,1,1,5,6,1,29,6,1560,2,13,MINI COOPER,10,E01017566,0,-1
2020470937523,2020,470937523,1,9,0,3,3,4,6,0,0,4,0,0,0,0,1,1,6,6,2,-1,-1,1598,1,13,MINI COOPER,6,E01004108,0,-1
2020010264688,2020,010264688,1,9,0,4,4,7,3,0,0,1,0,4,0,0,1,1,6,6,2,19,4,1598,1,15,MINI COOPER,6,E01021769,0,-1
2020410946562,2020,410946562,2,9,0,9,9,8,6,0,0,3,0,0,0,0,4,1,6,6,2,49,8,1499,1,5,MINI COOPER,7,E01023527,0,-1
2020160944698,2020,160944698,2,9,0,6,6,7,3,0,0,0,0,0,0,0,0,1,6,6,1,-1,-1,1598,1,16,MINI COOPER,-1,-1,0,-1
2020040963871,2020,040963871,1,9,0,9,9,1,3,0,0,5,0,0,0,0,1,1,5,6,2,37,7,1598,1,14,MINI COOPER,8,E01025420,0,-1
2020100999291,2020,100999291,2,9,0,3,3,3,7,0,0,4,0,0,0,0,2,1,6,6,2,36,7,1499,1,1,MINI COOPER,-1,-1,0,-1
2020100989209,2020,100989209,2,9,0,3,3,5,1,0,0,0,0,0,0,0,2,1,6,6,1,36,7,1998,1,0,MINI COOPER,3,E01008503,0,-1
2020010242199,2020,010242199,1,9,0,99,99,9,9,99,99,9,9,99,9,99,9,9,6,6,2,36,7,1600,1,9,MINI COOPER,5,E01003414,0,-1
2020010263275,2020,010263275,2,9,0,11,11,6,2,0,0,0,0,0,0,0,2,1,6,6,2,52,8,1598,1,11,MINI COOPER,10,E01000276,0,-1
2020302000321,2020,302000321,2,9,0,18,19,4,8,0,0,0,0,0,0,0,0,1,6,6,2,-1,-1,1998,1,0,MINI COOPER,5,E01019456,0,-1
2020360969834,2020,360969834,2,9,0,4,4,6,2,0,0,0,0,0,0,0,2,1,5,6,2,45,7,1598,1,19,MINI COOPER,10,E01026882,0,-1
2020622000257,2020,622000257,2,9,0,10,10,4,8,0,0,1,0,0,0,0,2,1,6,6,2,21,5,1499,1,3,MINI COOPER,4,W01000760,0,-1
2020522000936,2020,522000936,1,9,0,5,5,5,1,0,0,2,0,0,0,0,3,1,6,6,2,29,6,1560,2,10,MINI COOPER,10,E01014479,0,-1
2020140915569,2020,140915569,2,9,0,18,19,6,2,0,0,0,1,0,2,7,1,1,6,6,3,-1,-1,1598,1,18,MINI COOPER,-1,-1,0,-1
2020010248614,2020,010248614,2,9,0,18,19,7,3,0,0,0,1,0,1,7,1,1,6,6,3,19,4,1598,1,17,MINI COOPER,-1,-1,0,-1
2020200996104,2020,200996104,1,9,0,18,19,2,6,0,0,1,0,0,0,0,1,1,6,6,2,40,7,1560,2,11,MINI COOPER,10,E01009436,0,-1
2020530939807,2020,530939807,4,9,0,18,19,5,1,0,0,1,0,0,0,0,1,1,5,6,1,20,4,1499,1,2,MINI COOPER,8,E01022123,0,-1
2020070011651,2020,070011651,3,9,0,18,19,6,2,0,0,0,0,0,0,0,0,1,6,6,2,53,8,1499,1,3,MINI COOPER,3,E01018720,0,-1
2020622000587,2020,622000587,1,9,0,18,19,6,2,0,0,4,1,0,7,7,1,1,6,6,2,26,6,1499,1,2,MINI COOPER,8,W01001864,0,-1
2020010282901,2020,010282901,2,9,0,99,99,9,9,99,99,9,9,99,9,99,9,9,6,6,3,27,6,1499,1,1,MINI COOPER,7,E01004639,0,-1
2020010255990,2020,010255990,1,9,0,18,19,1,5,0,0,1,0,10,0,0,1,1,6,6,1,40,7,1499,1,0,MINI COOPER,2,E01003187,0,-1
2020610014520,2020,610014520,3,9,0,18,19,6,2,0,0,1,0,0,0,0,2,1,6,6,1,-1,-1,1598,1,12,MINI COOPER,-1,-1,0,-1
2020070095001,2020,070095001,1,9,0,11,11,7,3,0,0,0,0,0,0,0,1,1,2,2,2,28,6,1598,1,14,MINI COOPER,3,E01018730,0,-1
2020010230274,2020,010230274,1,9,0,18,19,3,7,0,0,0,0,0,0,0,1,1,6,6,1,85,11,1998,1,3,MINI COOPER,-1,-1,0,-1
2020400929421,2020,400929421,1,9,0,16,19,3,7,0,0,0,0,0,0,0,1,1,5,6,1,37,7,1998,1,5,MINI COOPER,9,E01015806,0,-1
2020030991887,2020,030991887,3,9,0,4,4,3,7,0,0,2,0,0,0,0,2,1,6,6,2,37,7,1598,1,15,MINI COOPER,6,E01019237,0,-1
2020531005796,2020,531005796,2,9,0,17,19,3,7,0,0,1,0,0,0,0,1,2,5,6,1,50,8,1499,1,4,MINI COOPER,8,E01022247,0,-1
2020010256302,2020,010256302,2,9,9,18,19,7,3,99,99,9,9,99,9,99,1,1,6,6,2,-1,-1,1499,1,0,MINI COOPER,-1,-1,0,-1
2020220943058,2020,220943058,2,9,0,8,8,1,4,0,0,1,0,0,0,0,2,1,5,6,2,21,5,1560,2,12,MINI COOPER,3,E01014155,0,-1
2020549691920,2020,549691920,1,9,0,18,19,5,1,0,0,3,5,10,1,0,1,1,6,6,1,17,4,1598,1,17,MINI COOPER,8,E01031918,0,-1
2020010253777,2020,010253777,1,9,0,18,19,3,7,0,0,0,0,0,2,7,3,1,6,6,1,28,6,1598,1,18,MINI COOPER,5,E01000469,0,-1
2020070305880,2020,070305880,1,9,0,12,12,6,2,0,0,0,5,0,0,0,1,1,6,6,2,19,4,1598,1,16,MINI COOPER,8,E01031260,0,-1
2020440234416,2020,440234416,1,9,0,17,19,8,4,0,0,2,0,0,1,4,1,1,2,2,2,27,6,1598,1,14,MINI COOPER,8,E01022641,0,-1
2020231003220,2020,231003220,1,9,0,18,19,1,5,0,0,0,0,0,0,0,4,1,5,6,2,22,5,1499,1,0,MINI COOPER,6,E01031207,0,-1
2020010256034,2020,010256034,3,9,0,18,19,1,5,0,0,0,0,0,0,0,1,1,6,6,2,29,6,1598,1,17,MINI COOPER,8,E01000651,0,-1
2020332000189,2020,332000189,1,9,0,18,19,6,2,0,0,0,0,0,0,0,4,1,6,6,2,25,5,1598,1,12,MINI COOPER,-1,-1,0,-1
2020010252142,2020,010252142,1,9,0,18,19,1,5,0,0,0,0,10,0,0,1,1,6,6,2,25,5,1499,1,1,MINI COOPER,5,E01033577,0,-1
2020522100816,2020,522100816,1,9,0,2,2,0,0,0,0,0,0,0,0,0,2,1,6,6,2,37,7,1499,1,0,MINI COOPER,8,E01014427,0,-1
2020420978235,2020,420978235,1,9,0,11,11,3,7,0,0,0,0,0,0,0,4,1,5,6,2,52,8,1598,1,13,MINI COOPER,7,E01022088,0,-1
2020470970864,2020,470970864,1,9,0,9,9,5,3,0,0,1,0,11,3,0,4,1,5,6,1,66,10,1598,1,15,MINI COOPER,9,E01017005,0,-1
2020160975153,2020,160975153,1,9,0,9,9,8,6,0,0,8,2,0,1,0,3,1,2,2,2,21,5,1598,1,13,MINI COOPER,-1,-1,0,-1
2020140919258,2020,140919258,2,9,0,7,7,3,5,0,0,6,0,0,0,0,3,1,6,6,1,23,5,1496,2,4,MINI COOPER,6,E01007787,0,-1
2020010267916,2020,010267916,1,9,0,99,99,9,9,99,99,9,9,99,9,99,9,9,6,6,2,49,8,1998,1,6,MINI COOPER,9,E01000207,0,-1
2020210942477,2020,210942477,1,9,0,18,19,7,3,0,0,8,0,0,0,0,4,1,6,6,1,70,10,1499,1,6,MINI COOPER,9,E01029815,0,-1
202031C153520,2020,31C153520,1,9,0,18,19,5,1,0,0,2,0,0,0,0,1,1,6,6,2,31,6,1598,1,16,MINI COOPER,9,E01028399,0,-1
2020041006314,2020,041006314,1,9,0,9,9,7,5,0,0,8,0,0,0,0,4,1,5,6,2,17,4,1499,1,2,MINI COOPER,9,E01025439,0,-1
2020470940084,2020,470940084,1,9,0,18,19,5,1,0,0,0,0,0,7,1,1,1,6,6,3,-1,-1,1598,1,16,MINI COOPER,-1,-1,0,-1
2020411020624,2020,411020624,2,9,0,4,4,1,5,0,0,0,0,0,0,0,2,1,2,2,1,40,7,1598,1,12,MINI COOPER,4,E01017552,0,-1
2020470914639,2020,470914639,1,9,0,17,19,2,8,0,0,0,1,6,8,0,1,1,6,6,1,19,4,1598,1,10,MINI COOPER,6,E01031692,0,-1
2020221011039,2020,221011039,1,9,0,17,19,5,3,0,0,0,1,0,1,10,1,1,5,6,2,20,4,1598,1,18,MINI COOPER,3,E01032378,0,-1
2020010244362,2020,010244362,2,9,0,2,2,0,0,0,0,1,0,0,0,0,4,1,6,6,3,-1,-1,1598,1,16,MINI COOPER,-1,-1,0,-1
2020010240502,2020,010240502,1,9,0,99,99,9,9,99,99,9,9,99,9,99,4,9,2,2,2,37,7,1598,1,9,MINI COOPER,4,E01001450,0,-1
2020010275998,2020,010275998,1,9,0,4,4,3,7,0,0,1,0,0,0,0,0,1,6,6,1,29,6,1499,1,3,MINI COOPER,7,E01002962,0,-1
2020210984351,2020,210984351,1,9,0,7,7,5,7,0,0,6,0,0,0,0,3,1,6,6,1,31,6,1598,2,7,MINI COOPER,7,E01029805,0,-1
2020040981132,2020,040981132,2,9,0,17,19,2,8,0,0,8,0,0,0,0,1,1,5,6,2,29,6,1598,1,7,MINI COOPER,5,E01025526,0,-1
2020411020560,2020,411020560,1,9,0,18,19,7,4,0,0,8,0,0,0,0,1,1,6,6,1,23,5,1598,1,19,MINI COOPER,4,E01023870,0,-1
2020140926361,2020,140926361,1,9,0,18,19,2,6,0,0,1,0,0,0,0,2,1,5,6,2,52,8,1598,1,17,MINI COOPER,6,E01007586,0,-1
2020010231735,2020,010231735,2,9,0,18,19,3,7,0,0,8,0,0,0,0,4,1,6,6,1,26,6,1499,1,5,MINI COOPER,2,E01003335,0,-1
202031D122820,2020,31D122820,2,9,0,3,3,7,3,0,0,1,0,0,0,0,2,1,6,6,1,53,8,1499,1,5,MINI COOPER,9,E01028095,0,-1
2020530937366,2020,530937366,3,9,0,18,19,3,7,0,0,0,0,0,0,0,1,1,6,6,1,38,7,1598,1,10,MINI COOPER,8,E01015500,0,-1
2020010257534,2020,010257534,2,9,0,99,99,9,9,99,99,9,9,99,9,99,9,9,6,6,3,-1,-1,1598,1,13,MINI COOPER,7,E01003039,0,-1
2020210957452,2020,210957452,2,9,0,1,1,4,8,0,0,0,0,0,0,0,2,1,2,2,2,37,7,1496,2,5,MINI COOPER,7,E01029473,0,-1
2020360994674,2020,360994674,2,9,0,18,19,5,1,0,0,0,0,0,1,0,1,1,5,6,2,27,6,1598,1,13,MINI COOPER,6,E01026575,0,-1
2020450996131,2020,450996131,2,9,0,18,19,4,2,0,0,0,0,0,0,0,3,1,6,6,2,60,9,-1,3,0,MINI COOPER,10,E01030881,0,-1
2020200959101,2020,200959101,1,9,0,12,12,3,7,0,0,2,0,0,0,0,2,1,6,6,2,26,6,1995,2,9,MINI COOPER,6,E01010075,0,-1
2020010256452,2020,010256452,2,9,9,99,99,9,9,0,0,0,9,0,0,0,1,9,6,6,1,32,6,1598,1,14,MINI COOPER,2,E01004389,0,-1
2020460958163,2020,460958163,1,9,0,3,3,1,4,0,0,1,0,0,0,0,1,1,5,6,1,19,4,1496,2,2,MINI COOPER,2,E01016040,0,-1
2020430391995,2020,430391995,3,9,0,18,19,5,1,0,0,1,0,0,0,0,1,1,6,6,2,21,5,1598,1,14,MINI COOPER,2,E01003832,0,-1
2020137BQ0309,2020,137BQ0309,1,9,0,16,19,4,6,0,0,0,1,6,0,0,1,1,2,2,2,22,5,1598,1,16,MINI COOPER,5,E01011772,0,-1
2020010277095,2020,010277095,1,9,0,16,19,5,1,0,0,1,0,6,0,0,1,1,6,6,2,21,5,1598,1,13,MINI COOPER,6,E01030667,0,-1
2020500978593,2020,500978593,2,9,0,18,19,5,1,0,0,1,0,0,0,0,1,1,2,2,2,19,4,1496,2,2,MINI COOPER,4,E01020291,0,-1
2020360962009,2020,360962009,1,9,0,9,9,1,7,0,0,1,0,0,0,0,3,1,2,2,2,17,4,1598,1,15,MINI COOPER,6,E01026436,0,-1
202006J167332,2020,06J167332,1,9,0,9,9,2,7,0,0,5,0,0,0,0,1,1,6,6,1,20,4,1499,1,1,MINI COOPER,5,E01005899,0,-1
2020140920471,2020,140920471,2,9,0,18,19,3,7,0,0,1,0,0,0,0,1,1,5,6,1,45,7,1598,1,8,MINI COOPER,1,E01007338,0,-1
2020430305368,2020,430305368,1,9,0,7,7,8,1,0,0,5,0,0,0,0,1,1,3,7,1,44,7,1598,1,7,MINI COOPER,7,E01016209,0,-1
2020010282832,2020,010282832,4,9,0,4,4,3,7,0,0,7,0,0,0,0,1,1,6,6,1,27,6,1998,1,2,MINI COOPER,3,E01000148,0,-1
2020302001475,2020,302001475,2,9,0,9,9,5,3,0,0,1,0,0,1,0,1,1,6,6,2,23,5,1598,1,9,MINI COOPER,6,E01019557,0,-1
2020010286317,2020,010286317,1,9,0,4,4,5,1,0,0,0,1,11,1,2,1,1,6,6,2,52,8,1598,1,6,MINI COOPER,6,E01021472,0,-1
2020501015257,2020,501015257,1,9,0,7,7,4,6,0,0,6,0,0,0,0,1,1,5,6,2,62,9,1598,1,17,MINI COOPER,9,E01019998,0,-1
2020450957014,2020,450957014,2,9,0,4,4,6,2,0,0,1,0,0,1,4,2,1,5,6,2,69,10,1499,1,4,MINI COOPER,3,E01030793,0,-1
2020541739020,2020,541739020,1,9,0,18,19,8,4,0,0,0,0,7,0,0,1,1,2,2,2,28,6,1499,1,1,MINI COOPER,7,E01031926,0,-1
2020470942113,2020,470942113,1,9,0,16,19,2,4,0,0,0,0,0,1,4,4,1,6,6,1,44,7,1998,1,1,MINI COOPER,7,E01021025,0,-1
2020470962741,2020,470962741,2,9,0,17,19,7,4,0,0,0,0,0,0,0,1,1,5,6,2,71,10,1499,1,1,MINI COOPER,8,E01021230,0,-1
2020470938494,2020,470938494,2,9,0,18,19,1,5,0,0,0,2,0,7,0,1,1,5,6,2,19,4,1598,1,14,MINI COOPER,-1,-1,0,-1
2020122000290,2020,122000290,1,9,0,18,19,5,2,0,0,1,0,6,1,10,3,1,6,6,1,22,5,1598,1,15,MINI COOPER,7,E01027904,0,-1
2020010266114,2020,010266114,2,9,0,99,99,9,9,99,99,0,9,99,9,99,4,9,6,6,3,37,7,1598,1,18,MINI COOPER,6,E01004532,0,-1
2020460929336,2020,460929336,2,9,0,4,4,1,5,0,0,1,1,0,1,10,1,1,6,6,2,46,8,1598,1,10,MINI COOPER,9,E01024445,0,-1
202031B111120,2020,31B111120,1,9,0,7,7,7,1,0,0,6,0,0,0,0,1,1,6,6,2,69,10,1598,1,16,MINI COOPER,6,E01028295,0,-1
2020040948633,2020,040948633,1,9,0,3,3,5,1,0,0,0,0,0,0,0,2,1,1,1,2,26,6,1499,1,2,MINI COOPER,3,E01001349,0,-1
2020450995293,2020,450995293,1,9,0,18,19,5,1,0,0,1,0,0,0,0,4,1,5,6,1,27,6,1598,1,17,MINI COOPER,8,E01030784,0,-1
2020320184134,2020,320184134,2,9,0,2,2,0,0,0,0,0,0,0,0,0,1,1,6,6,3,-1,-1,1598,1,15,MINI COOPER,-1,-1,0,-1
2020501014981,2020,501014981,2,9,0,2,2,8,1,0,0,1,0,0,0,0,2,1,5,6,1,77,11,1598,1,11,MINI COOPER,4,E01018863,0,-1
2020010253818,2020,010253818,2,9,0,99,99,9,9,99,99,2,9,99,9,99,2,9,6,6,2,-1,-1,1499,1,2,MINI COOPER,3,E01004212,0,-1
2020430290202,2020,430290202,2,9,0,10,10,2,8,0,0,6,0,0,0,0,1,1,1,1,2,22,5,1600,1,9,MINI COOPER,10,E01017880,0,-1
2020440499342,2020,440499342,1,9,0,9,9,1,7,0,0,7,0,0,0,0,4,1,6,6,1,56,9,1998,1,2,MINI COOPER,7,E01017048,0,-1
2020010279658,2020,010279658,1,9,0,3,3,3,7,0,0,0,9,0,0,0,3,9,6,6,2,40,7,1598,1,12,MINI COOPER,9,E01004598,0,-1
2020122000761,2020,122000761,1,9,0,5,5,1,5,0,0,0,0,0,0,0,1,1,6,6,2,29,6,1598,1,13,MINI COOPER,8,E01013342,0,-1
2020522000398,2020,522000398,2,9,0,18,19,4,8,0,0,1,0,0,0,0,1,1,6,6,1,48,8,1598,1,15,MINI COOPER,7,E01022592,0,-1
2020040972740,2020,040972740,1,9,0,7,7,5,1,0,0,1,0,0,0,0,1,1,5,6,1,22,5,1598,1,10,MINI COOPER,7,E01013666,0,-1
2020421010039,2020,421010039,2,9,0,3,3,4,4,0,0,1,0,0,0,0,3,1,6,6,2,54,8,1499,1,2,MINI COOPER,6,E01021448,0,-1
2020210946942,2020,210946942,1,9,0,18,19,5,1,0,0,0,2,0,1,1,4,1,6,6,2,21,5,1499,1,0,MINI COOPER,-1,-1,0,-1
2020070647452,2020,070647452,2,9,0,9,9,7,5,0,0,2,0,0,0,0,2,2,6,6,2,21,5,1496,2,4,MINI COOPER,5,E01012398,0,-1
2020430282204,2020,430282204,1,9,0,18,19,8,4,0,0,0,2,0,1,4,1,1,6,6,1,52,8,1995,2,4,MINI COOPER,5,E01013082,0,-1
2020990997371,2020,990997371,2,9,0,17,19,5,2,0,0,1,0,0,0,0,1,1,5,6,1,23,5,1499,1,2,MINI COOPER,6,-1,0,-1
2020122001059,2020,122001059,1,9,0,16,19,8,4,0,0,0,0,0,0,0,1,1,6,6,2,39,7,1995,2,5,MINI COOPER,9,E01027687,0,-1
2020230957385,2020,230957385,1,9,0,18,19,2,6,0,0,0,5,10,2,1,1,1,5,6,1,25,5,1598,1,17,MINI COOPER,-1,-1,0,-1
2020990938210,2020,990938210,3,9,0,3,3,1,5,0,0,0,0,0,0,0,2,1,5,6,2,27,6,1598,1,15,MINI COOPER,9,-1,0,-1
2020221001833,2020,221001833,1,9,0,17,19,3,8,0,0,8,1,10,7,11,4,1,5,6,1,43,7,1598,1,17,MINI COOPER,1,E01032232,0,-1
2020460939561,2020,460939561,1,9,0,18,19,1,5,0,0,6,0,0,0,0,1,1,5,6,1,59,9,1598,1,15,MINI COOPER,8,E01001106,0,-1
2020140937528,2020,140937528,1,9,0,18,19,8,4,0,0,2,0,0,0,0,3,1,5,6,1,60,9,1598,1,14,MINI COOPER,2,E01007855,0,-1
2020450951000,2020,450951000,2,9,0,18,19,1,5,0,0,0,0,0,0,0,0,1,6,6,1,52,8,1598,1,15,MINI COOPER,9,E01030358,0,-1
2020040969471,2020,040969471,1,9,0,17,19,7,3,0,0,0,1,0,0,0,1,1,5,6,1,19,4,1598,1,13,MINI COOPER,1,E01025120,0,-1
2020010262512,2020,010262512,1,9,0,99,99,9,9,99,99,9,9,99,9,99,2,9,6,6,2,45,7,1598,1,14,MINI COOPER,4,E01001618,0,-1
2020470995614,2020,470995614,2,9,0,4,4,2,6,0,0,0,0,0,0,0,2,1,5,6,2,63,9,1499,1,5,MINI COOPER,10,E01031775,0,-1