collision_index,collision_year,collision_ref_no,vehicle_reference,vehicle_type,towing_and_articulation,vehicle_manoeuvre_historic,vehicle_manoeuvre,vehicle_direction_from,vehicle_direction_to,vehicle_location_restricted_lane_historic,vehicle_location_restricted_lane,junction_location,skidding_and_overturning,hit_object_in_carriageway,vehicle_leaving_carriageway,hit_object_off_carriageway,first_point_of_impact,vehicle_left_hand_drive,journey_purpose_of_driver_historic,journey_purpose_of_driver,sex_of_driver,age_of_driver,age_band_of_driver,engine_capacity_cc,propulsion_code,age_of_vehicle,generic_make_model,driver_imd_decile,lsoa_of_driver,escooter_flag,driver_distance_banding
2020220963983,2020,220963983,1,9,0,14,14,1,5,0,0,1,0,0,0,0,3,1,5,6,1,73,10,1598,2,7,MINI COOPER,10,E01032419,0,-1
202006Q169401,2020,06Q169401,2,9,0,3,3,5,1,0,0,1,0,0,0,0,2,1,6,6,1,45,7,1496,2,5,MINI COOPER,1,E01005428,0,-1
2020010261707,2020,010261707,1,9,0,13,13,5,1,0,0,0,0,0,0,0,4,1,6,6,2,49,8,1496,2,4,MINI COOPER,3,E01003104,0,-1
2020010261613,2020,010261613,2,9,0,2,2,0,0,0,0,2,0,0,0,0,2,1,6,6,3,-1,-1,1598,1,11,MINI COOPER,-1,-1,0,-1
2020230966995,2020,230966995,1,9,0,18,19,5,8,0,0,4,0,0,0,0,1,1,5,6,2,22,5,1499,1,1,MINI COOPER,8,E01031218,0,-1
2020470941852,2020,470941852,1,9,0,18,19,4,7,0,0,1,0,0,0,0,1,1,5,6,2,46,8,1598,1,11,MINI COOPER,9,E01021056,0,-1
2020110943429,2020,110943429,1,9,0,6,6,2,6,0,0,1,0,0,7,11,1,1,2,2,1,33,6,1499,1,4,MINI COOPER,1,E01012354,0,-1
2020010256759,2020,010256759,1,9,0,18,19,2,6,0,0,1,2,10,7,11,1,1,6,6,1,27,6,1598,1,11,MINI COOPER,2,E01004725,0,-1
2020010255358,2020,010255358,1,9,0,10,10,2,8,0,0,1,0,0,0,0,1,1,6,6,1,50,8,1998,1,1,MINI COOPER,5,E01004641,0,-1
2020140996714,2020,140996714,1,9,0,18,19,4,8,0,0,0,0,10,4,1,3,1,6,6,1,47,8,1598,1,10,MINI COOPER,10,E01007619,0,-1
202031D012420,2020,31D012420,1,9,0,16,19,8,4,0,0,0,1,0,1,4,1,1,6,6,2,20,4,1598,1,14,MINI COOPER,8,E01028367,0,-1
2020450939416,2020,450939416,2,9,0,16,19,6,3,0,0,0,0,0,0,0,1,1,5,6,2,75,10,1499,1,0,MINI COOPER,10,E01030810,0,-1
2020101004787,2020,101004787,2,9,0,5,5,1,5,0,0,6,0,0,0,0,2,1,6,6,2,25,5,1499,1,1,MINI COOPER,8,E01008538,0,-1
2020470998739,2020,470998739,2,9,0,18,19,6,2,0,0,1,0,0,0,0,1,1,5,6,1,57,9,1499,1,1,MINI COOPER,4,E01021131,0,-1
2020010272960,2020,010272960,2,9,0,99,99,9,9,99,99,9,9,99,9,99,1,9,6,6,1,55,8,1598,1,13,MINI COOPER,2,E01004537,0,-1
2020400999764,2020,400999764,1,9,0,18,19,4,1,0,0,1,0,0,0,0,1,1,6,6,1,-1,-1,1598,1,16,MINI COOPER,-1,-1,0,-1
2020200950898,2020,200950898,1,9,0,18,19,8,4,0,0,0,0,7,4,1,1,1,5,6,2,30,6,1598,1,15,MINI COOPER,1,E01009129,0,-1
2020010255834,2020,010255834,1,9,0,99,99,9,9,99,99,0,0,99,0,0,9,9,2,2,2,28,6,1499,1,4,MINI COOPER,8,E01000896,0,-1
2020360956677,2020,360956677,1,9,0,18,19,3,7,0,0,0,5,0,1,9,4,1,5,6,2,25,5,1560,2,13,MINI COOPER,6,E01026524,0,-1
2020450927008,2020,450927008,1,9,0,16,19,5,1,0,0,0,1,0,0,0,3,1,2,2,2,32,6,1598,1,17,MINI COOPER,8,E01030848,0,-1
2020470960930,2020,470960930,2,9,0,4,4,7,3,0,0,8,0,0,0,0,1,1,6,6,2,61,9,1499,1,2,MINI COOPER,10,E01031822,0,-1
2020552000847,2020,552000847,1,9,0,5,5,4,8,0,0,1,0,0,0,0,1,1,6,6,2,25,5,1598,1,16,MINI COOPER,6,E01015438,0,-1
2020302000288,2020,302000288,1,9,0,16,19,8,4,0,0,0,2,0,7,0,1,1,6,6,1,24,5,1598,1,17,MINI COOPER,3,E01019506,0,-1
2020460952268,2020,460952268,1,9,0,5,5,7,2,0,0,0,0,0,0,0,1,1,6,6,2,68,10,1598,1,14,MINI COOPER,9,E01024442,0,-1
2020500930309,2020,500930309,1,9,0,5,5,7,3,0,0,8,0,0,3,0,1,1,2,2,2,36,7,1598,1,13,MINI COOPER,4,E01018825,0,-1
202006J376996,2020,06J376996,2,9,0,10,10,2,8,0,0,8,0,0,0,0,2,1,6,6,2,57,9,1598,1,11,MINI COOPER,4,E01005850,0,-1
2020990956335,2020,990956335,1,9,0,18,19,1,5,0,0,0,0,0,0,0,1,1,5,6,1,18,4,1598,2,10,MINI COOPER,4,-1,0,-1
2020230985818,2020,230985818,1,9,0,18,19,4,8,0,0,0,0,0,0,0,3,1,5,6,1,48,8,1998,1,1,MINI COOPER,9,-1,0,-1
2020210952175,2020,210952175,1,9,0,9,9,8,6,0,0,5,0,0,0,0,1,1,6,6,1,26,6,1598,1,17,MINI COOPER,3,E01014327,0,-1
2020450982369,2020,450982369,1,9,0,2,2,3,3,0,0,0,0,0,0,0,2,1,2,2,1,20,4,1598,2,8,MINI COOPER,9,E01016345,0,-1
2020460919389,2020,460919389,1,9,0,18,19,4,8,0,0,1,0,0,0,0,1,1,6,6,1,53,8,1598,1,12,MINI COOPER,9,E01024473,0,-1
2020200959988,2020,200959988,1,9,0,18,19,2,6,0,0,0,0,0,0,0,1,1,6,6,2,27,6,1598,1,11,MINI COOPER,1,E01009141,0,-1
2020200991934,2020,200991934,1,9,0,5,5,6,1,0,0,6,0,0,0,0,1,1,6,6,1,20,4,1598,1,16,MINI COOPER,1,E01009200,0,-1
2020501015369,2020,501015369,1,9,0,18,19,2,4,0,0,8,0,0,0,0,0,1,6,6,2,37,7,1598,1,13,MINI COOPER,4,E01020032,0,-1
2020400963575,2020,400963575,1,9,0,18,19,1,7,0,0,1,0,0,0,0,1,1,5,6,1,21,5,1598,1,8,MINI COOPER,4,E01015784,0,-1
2020530969120,2020,530969120,1,9,0,7,7,2,5,0,0,0,1,4,0,0,1,1,6,6,2,76,11,1499,1,2,MINI COOPER,9,E01022183,0,-1
2020200971210,2020,200971210,1,9,0,18,19,7,3,0,0,1,0,0,0,0,1,1,6,6,2,63,9,1499,1,2,MINI COOPER,2,E01008897,0,-1
2020160936986,2020,160936986,1,9,0,17,19,1,6,0,0,0,5,0,1,0,1,1,2,2,1,53,8,1598,1,17,MINI COOPER,-1,-1,0,-1
2020010268600,2020,010268600,2,9,0,18,19,1,5,0,0,0,0,0,0,0,2,1,6,6,2,27,6,1499,1,4,MINI COOPER,5,E01000968,0,-1
2020430325004,2020,430325004,2,9,0,18,19,7,3,0,0,4,0,0,0,0,4,1,6,6,2,46,8,1598,1,17,MINI COOPER,9,E01028627,0,-1
2020360939335,2020,360939335,1,9,0,16,19,6,2,0,0,0,0,10,7,0,3,1,5,6,1,52,8,1598,1,17,MINI COOPER,4,E01026483,0,-1
2020010262727,2020,010262727,2,9,0,18,19,7,3,0,0,8,0,0,0,0,1,1,6,6,1,27,6,1598,1,13,MINI COOPER,5,E01004346,0,-1
2020990987130,2020,990987130,1,9,0,7,7,3,7,0,0,1,1,0,7,3,1,1,5,6,2,29,6,1496,2,3,MINI COOPER,4,-1,0,-1
2020522003057,2020,522003057,1,9,0,9,9,8,6,0,0,5,0,0,0,0,1,1,6,6,2,54,8,1598,1,16,MINI COOPER,5,E01014732,0,-1
202006M171054,2020,06M171054,1,9,0,18,19,5,1,0,0,8,0,0,0,0,1,1,6,6,2,44,7,1598,1,15,MINI COOPER,6,E01012554,0,-1
2020410970584,2020,410970584,1,9,0,18,19,8,1,0,0,0,1,0,0,0,1,1,5,6,1,21,5,1598,1,16,MINI COOPER,8,E01023311,0,-1
2020990979378,2020,990979378,1,9,0,18,19,3,8,0,0,0,0,11,0,0,1,1,5,6,2,42,7,1598,1,14,MINI COOPER,5,-1,0,-1
2020470961188,2020,470961188,1,9,0,12,12,1,5,0,0,0,0,0,0,0,1,1,5,6,2,69,10,1598,1,9,MINI COOPER,10,E01030831,0,-1
2020010231453,2020,010231453,1,9,0,99,99,9,9,99,99,0,9,99,9,99,9,1,6,6,2,43,7,1598,1,14,MINI COOPER,6,E01000566,0,-1
2020010260776,2020,010260776,1,9,0,99,99,9,9,99,99,9,9,99,9,99,1,9,6,6,2,41,7,1499,1,4,MINI COOPER,3,E01003293,0,-1
2020302001186,2020,302001186,1,9,0,5,5,6,1,0,0,0,0,0,0,0,1,1,6,6,1,32,6,1598,1,15,MINI COOPER,2,E01013585,0,-1
2020460989185,2020,460989185,1,9,0,18,19,1,5,0,0,7,0,0,0,0,3,1,5,6,1,21,5,1499,1,3,MINI COOPER,3,E01024596,0,-1
2020451008590,2020,451008590,4,9,0,18,19,3,7,0,0,1,0,0,0,0,2,1,5,6,2,47,8,1995,2,6,MINI COOPER,9,E01016112,0,-1
2020141005615,2020,141005615,2,9,0,11,11,2,4,0,0,1,0,0,0,0,1,1,5,6,1,22,5,1598,1,14,MINI COOPER,1,E01007662,0,-1
2020421002597,2020,421002597,3,9,0,18,19,7,3,0,0,0,0,0,0,0,3,1,6,6,2,28,6,1995,2,7,MINI COOPER,8,E01015894,0,-1
2020410964351,2020,410964351,2,9,0,4,4,8,4,0,0,0,0,0,0,0,1,1,5,6,1,55,8,1598,1,12,MINI COOPER,7,E01018816,0,-1
2020010247175,2020,010247175,1,9,0,17,19,1,5,0,0,4,0,10,3,10,1,1,6,6,1,59,9,1598,1,16,MINI COOPER,5,E01003638,0,-1
2020030983190,2020,030983190,2,9,0,2,2,0,0,0,0,1,0,0,0,0,2,1,6,6,2,45,7,1499,1,6,MINI COOPER,4,E01019186,0,-1
2020990934370,2020,990934370,1,9,0,7,7,3,7,0,0,8,0,0,0,0,1,1,6,6,2,25,5,1499,1,3,MINI COOPER,4,-1,0,-1
2020470977891,2020,470977891,1,9,0,9,9,1,7,0,0,8,0,0,0,0,1,1,6,6,2,37,7,1499,1,3,MINI COOPER,6,E01016938,0,-1
2020211009386,2020,211009386,1,9,-1,-1,-1,6,2,-1,-1,0,-1,-1,-1,0,-1,1,6,6,2,20,4,1598,1,13,MINI COOPER,9,E01019595,0,-1
202006F174056,2020,06F174056,1,9,0,3,3,7,3,0,0,0,0,0,0,0,1,1,6,6,1,30,6,1499,1,1,MINI COOPER,-1,-1,0,-1
2020010234944,2020,010234944,1,9,0,18,19,5,1,0,0,1,0,0,0,0,4,1,6,6,2,21,5,1598,1,11,MINI COOPER,2,E01004238,0,-1
2020010258333,2020,010258333,1,9,0,7,7,4,7,5,5,6,0,0,0,0,1,1,6,6,2,31,6,1598,1,10,MINI COOPER,-1,-1,0,-1
2020470953842,2020,470953842,1,9,0,7,7,5,7,0,0,8,0,0,0,0,2,1,5,6,2,29,6,1998,1,2,MINI COOPER,9,E01031693,0,-1
2020460962712,2020,460962712,1,9,0,18,19,3,7,0,0,0,0,0,0,0,1,1,6,6,2,46,8,1598,1,16,MINI COOPER,4,E01024561,0,-1
2020230964028,2020,230964028,2,9,0,18,19,5,1,0,0,8,0,0,7,3,1,1,5,6,1,20,4,1598,1,17,MINI COOPER,10,E01031101,0,-1
2020010285242,2020,010285242,1,9,0,4,4,7,3,0,0,2,0,0,0,0,2,1,6,6,2,29,6,1560,2,10,MINI COOPER,3,E01004259,0,-1
2020200968353,2020,200968353,3,9,0,2,2,0,0,9,9,8,0,0,0,0,3,1,6,6,3,-1,-1,1496,2,5,MINI COOPER,-1,-1,0,-1
2020140955166,2020,140955166,2,9,0,18,19,7,5,0,0,1,0,0,1,4,4,1,5,6,1,30,6,1995,2,7,MINI COOPER,6,E01007426,0,-1
2020460955555,2020,460955555,1,9,0,18,19,3,7,0,0,1,0,0,0,0,4,1,5,6,1,20,4,1598,1,17,MINI COOPER,1,E01024597,0,-1
2020440321668,2020,440321668,1,9,0,16,19,2,6,0,0,0,1,0,0,0,4,1,6,6,1,20,4,1598,1,15,MINI COOPER,7,E01017294,0,-1
2020160991237,2020,160991237,2,9,0,10,10,7,5,0,0,5,0,0,0,0,2,1,6,6,2,48,8,1598,1,8,MINI COOPER,9,E01012920,0,-1
2020010263908,2020,010263908,2,9,0,99,99,9,9,99,99,9,9,99,9,99,1,9,6,6,3,-1,-1,1499,1,1,MINI COOPER,-1,-1,0,-1
2020010246419,2020,010246419,1,9,0,2,2,0,0,0,0,0,0,8,0,0,3,1,6,6,3,-1,-1,1598,1,15,MINI COOPER,-1,-1,0,-1
2020460966774,2020,460966774,2,9,0,5,5,6,2,0,0,8,0,0,0,0,1,1,5,6,1,43,7,1598,1,13,MINI COOPER,9,E01024300,0,-1
2020420982765,2020,420982765,1,9,0,17,19,2,6,0,0,0,5,4,0,0,1,1,5,6,2,50,8,1598,2,8,MINI COOPER,9,E01022099,0,-1
2020520102116,2020,520102116,1,9,0,18,19,2,6,0,0,0,0,0,7,10,3,1,6,6,1,37,7,1598,1,16,MINI COOPER,5,E01029324,0,-1
2020430222302,2020,430222302,3,9,0,18,19,8,4,0,0,0,0,0,1,0,1,1,6,6,1,42,7,1499,1,1,MINI COOPER,8,E01028571,0,-1
202031A100220,2020,31A100220,1,9,0,17,19,1,5,0,0,0,1,10,7,0,1,1,6,6,1,48,8,1598,1,17,MINI COOPER,2,E01028300,0,-1
2020010281528,2020,010281528,2,9,0,18,19,7,3,0,0,2,1,0,1,1,1,1,6,6,1,30,6,1499,1,0,MINI COOPER,2,E01000101,0,-1
2020140963323,2020,140963323,2,9,0,18,19,4,2,0,0,0,0,0,0,0,4,1,5,6,2,23,5,1598,1,8,MINI COOPER,6,E01007838,0,-1
2020351007129,2020,351007129,1,9,0,18,19,7,3,0,0,0,0,0,2,4,1,1,6,6,2,45,7,1998,1,0,MINI COOPER,8,E01015589,0,-1
202031C111520,2020,31C111520,1,9,0,18,19,5,1,0,0,4,0,0,0,0,1,1,6,6,2,51,8,1998,1,2,MINI COOPER,9,E01028169,0,-1
2020460994618,2020,460994618,1,9,0,18,19,2,6,0,0,0,0,0,1,9,1,1,6,6,2,37,7,1598,1,16,MINI COOPER,9,E01024115,0,-1
2020031004621,2020,031004621,1,9,0,18,19,3,7,0,0,1,0,0,0,0,1,1,1,1,2,24,5,1499,1,4,MINI COOPER,9,E01019079,0,-1
2020470995100,2020,470995100,1,9,0,18,19,5,3,0,0,1,0,0,1,10,1,1,6,6,2,21,5,1560,2,11,MINI COOPER,8,E01030908,0,-1
2020421003810,2020,421003810,1,9,0,5,5,7,3,0,0,1,0,0,7,10,1,1,5,6,1,90,11,1499,1,6,MINI COOPER,5,E01021415,0,-1
2020522100762,2020,522100762,2,9,0,18,19,5,1,0,0,0,0,0,1,9,3,1,6,6,2,25,5,1598,1,12,MINI COOPER,7,E01032084,0,-1
2020622000767,2020,622000767,2,9,0,10,10,4,8,0,0,1,0,0,0,0,2,1,6,6,2,26,6,1499,1,0,MINI COOPER,3,W01000850,0,-1
2020440289164,2020,440289164,1,9,0,16,19,1,4,0,0,8,1,0,3,4,1,1,6,6,1,38,7,1598,1,15,MINI COOPER,3,E01022914,0,-1
2020010280259,2020,010280259,1,9,0,18,19,3,7,0,0,0,0,0,0,0,1,1,6,6,3,-1,-1,1560,2,13,MINI COOPER,-1,-1,0,-1
2020010237841,2020,010237841,3,9,0,2,2,0,0,0,0,0,0,4,0,0,2,1,6,6,3,-1,-1,1598,1,7,MINI COOPER,-1,-1,0,-1
2020140969987,2020,140969987,2,9,0,3,3,3,7,0,0,0,0,0,0,0,1,1,2,2,1,48,8,1496,2,5,MINI COOPER,6,E01007787,0,-1
2020220927204,2020,220927204,2,9,0,4,4,8,4,0,0,0,0,0,0,0,2,1,5,6,2,47,8,1496,2,4,MINI COOPER,8,E01032190,0,-1
2020010270916,2020,010270916,1,9,9,99,99,9,9,99,99,9,9,99,9,99,9,9,6,6,3,-1,-1,1998,1,1,MINI COOPER,2,E01033712,0,-1
2020010275376,2020,010275376,1,9,0,18,19,7,3,0,0,8,0,0,0,0,1,1,6,6,2,37,7,1598,1,10,MINI COOPER,3,E01033150,0,-1
2020220976426,2020,220976426,1,9,0,7,7,5,7,0,0,5,0,0,0,0,1,1,5,6,2,60,9,1499,1,5,MINI COOPER,3,E01014156,0,-1
2020460989285,2020,460989285,2,9,0,18,19,3,7,0,0,8,0,0,0,0,1,1,6,6,2,33,6,1598,1,8,MINI COOPER,9,E01003837,0,-1
2020140963739,2020,140963739,2,9,0,9,9,8,6,0,0,1,0,0,0,0,1,1,5,6,2,33,6,1598,1,17,MINI COOPER,1,E01007977,0,-1
2020010271820,2020,010271820,2,9,0,18,19,3,7,0,0,1,0,0,0,0,1,1,6,6,2,26,6,1598,1,10,MINI COOPER,6,E01003272,0,-1
2020370970591,2020,370970591,2,9,0,18,19,-1,-1,0,0,2,0,0,0,0,4,1,5,6,1,24,5,1995,2,2,MINI COOPER,-1,-1,0,-1
2020421006241,2020,421006241,2,9,0,4,4,3,7,0,0,0,0,0,0,0,2,1,5,6,1,34,6,1499,1,2,MINI COOPER,4,E01021642,0,-1
2020137BC0224,2020,137BC0224,3,9,0,14,14,7,1,0,0,8,0,0,0,0,0,1,2,2,1,44,7,1598,1,16,MINI COOPER,-1,-1,0,-1
2020010244901,2020,010244901,1,9,0,18,19,2,6,0,0,1,0,0,0,0,3,1,6,6,2,59,9,1598,1,14,MINI COOPER,3,E01004571,0,-1
2020122000704,2020,122000704,2,9,0,4,4,1,5,0,0,0,0,0,0,0,2,1,6,6,2,57,9,1496,2,5,MINI COOPER,7,E01027647,0,-1
2020010283714,2020,010283714,1,9,0,5,5,3,7,0,0,6,0,0,0,0,4,1,2,2,1,48,8,1600,1,9,MINI COOPER,2,E01002530,0,-1
2020140969987,2020,140969987,1,9,0,4,4,7,3,0,0,0,0,4,0,0,1,1,6,6,1,24,5,1598,1,18,MINI COOPER,2,E01007763,0,-1
2020010267203,2020,010267203,2,9,0,9,9,3,1,0,0,1,0,0,0,0,1,1,6,6,1,36,7,1598,1,14,MINI COOPER,4,E01003662,0,-1
2020400985322,2020,400985322,1,9,0,18,19,6,2,0,0,0,0,0,1,0,1,1,1,1,2,55,8,1499,1,3,MINI COOPER,7,E01017420,0,-1
2020010255026,2020,010255026,1,9,0,99,99,9,9,99,99,9,9,99,9,99,9,9,6,6,3,-1,-1,1598,1,14,MINI COOPER,2,E01004326,0,-1
202063A074120,2020,63A074120,2,9,0,4,4,4,7,0,0,1,0,0,0,0,2,1,1,1,2,23,5,1600,2,9,MINI COOPER,1,W01000734,0,-1
2020220954385,2020,220954385,2,9,0,5,5,3,5,0,0,4,0,0,0,0,1,1,6,6,2,21,5,1499,1,3,MINI COOPER,3,E01008936,0,-1
2020010259306,2020,010259306,1,9,0,9,9,3,8,0,0,1,0,0,0,0,2,1,6,6,2,46,8,1598,1,6,MINI COOPER,9,E01000346,0,-1
2020010246958,2020,010246958,1,9,0,18,19,1,5,0,0,1,0,4,0,0,1,1,6,6,1,29,6,1499,1,1,MINI COOPER,3,E01000908,0,-1
2020010266758,2020,010266758,1,9,0,99,99,9,9,99,99,9,9,99,9,99,2,9,2,2,1,49,8,1598,1,8,MINI COOPER,3,E01004590,0,-1
2020500990965,2020,500990965,1,9,0,9,9,1,7,0,0,5,0,0,0,0,1,1,1,1,2,42,7,1998,1,4,MINI COOPER,3,E01020218,0,-1
2020450994086,2020,450994086,3,9,0,2,2,5,1,0,0,1,0,0,0,0,3,1,6,6,2,64,9,1598,1,13,MINI COOPER,10,E01030357,0,-1
20201371V1251,2020,1371V1251,2,9,0,18,19,5,1,0,0,0,0,0,0,0,1,1,6,6,2,57,9,1499,1,2,MINI COOPER,5,E01011409,0,-1
2020360998307,2020,360998307,3,9,0,18,19,1,5,0,0,0,0,0,0,0,2,1,5,6,2,22,5,1560,2,10,MINI COOPER,4,E01026589,0,-1
2020501004576,2020,501004576,1,9,0,18,19,7,3,0,0,3,1,0,1,4,1,1,5,6,1,36,7,1598,1,18,MINI COOPER,3,E01019059,0,-1
2020440356979,2020,440356979,2,9,0,18,19,2,6,0,0,8,0,0,0,0,1,1,6,6,1,26,6,1598,1,16,MINI COOPER,8,E01022652,0,-1
202031D052020,2020,31D052020,2,9,0,3,3,3,7,0,0,1,0,0,0,0,2,1,2,2,2,32,6,1598,1,15,MINI COOPER,7,E01028370,0,-1
2020420999839,2020,420999839,2,9,0,18,19,5,1,0,0,8,0,0,0,0,1,1,6,6,2,33,6,1598,1,18,MINI COOPER,3,E01015935,0,-1
2020990925693,2020,990925693,2,9,0,18,19,8,4,0,0,1,0,0,0,0,1,1,2,2,2,35,6,1496,2,2,MINI COOPER,5,-1,0,-1
2020052002147,2020,052002147,2,9,0,18,19,1,5,0,0,3,0,0,0,0,1,1,6,6,3,-1,-1,1998,1,2,MINI COOPER,-1,-1,0,-1
2020010282692,2020,010282692,1,9,0,99,99,9,9,99,99,9,9,99,9,99,2,9,6,6,1,57,9,1598,1,9,MINI COOPER,7,E01004291,0,-1
2020522100697,2020,522100697,1,9,0,8,8,1,3,0,0,6,0,0,0,0,2,1,6,6,1,29,6,1998,1,0,MINI COOPER,-1,-1,0,-1
2020122001401,2020,122001401,1,9,0,18,19,7,3,0,0,0,1,0,8,10,1,1,2,2,1,42,7,1598,1,15,MINI COOPER,1,E01027819,0,-1
2020010234381,2020,010234381,2,9,0,9,9,5,3,0,0,1,0,0,0,0,4,1,2,2,2,44,7,1499,1,2,MINI COOPER,5,E01001214,0,-1
2020170S21810,2020,170S21810,2,9,0,9,9,2,8,0,0,8,0,0,0,0,1,1,6,6,1,67,10,1499,1,5,MINI COOPER,9,E01012297,0,-1
2020010276825,2020,010276825,1,9,0,5,5,5,1,3,2,0,0,4,0,0,1,1,6,6,2,76,11,1499,1,1,MINI COOPER,10,E01003881,0,-1
2020622000578,2020,622000578,1,9,0,5,5,6,2,0,0,0,0,0,0,0,1,1,6,6,2,28,6,1560,2,12,MINI COOPER,7,W01001815,0,-1
2020430272498,2020,430272498,1,9,0,9,9,5,3,0,0,6,0,0,0,0,3,1,6,6,1,37,7,1598,1,15,MINI COOPER,10,E01016623,0,-1
2020400955362,2020,400955362,1,9,0,4,4,5,1,0,0,1,0,0,0,0,4,1,2,2,2,44,7,1499,1,6,MINI COOPER,9,E01017495,0,-1
2020201016225,2020,201016225,1,9,0,18,19,6,2,0,0,8,0,0,0,0,1,1,6,6,2,55,8,1598,1,10,MINI COOPER,6,E01031283,0,-1
2020110939114,2020,110939114,2,9,0,3,3,7,3,0,0,0,0,0,0,0,2,1,2,2,2,26,6,1499,1,3,MINI COOPER,5,E01020695,0,-1
2020122001053,2020,122001053,1,9,0,9,9,7,5,0,0,8,0,0,0,0,1,1,2,2,2,24,5,1598,1,18,MINI COOPER,7,E01013400,0,-1
2020420940107,2020,420940107,1,9,0,5,5,7,3,8,6,0,0,0,0,0,3,1,2,2,2,31,6,1499,1,3,MINI COOPER,4,E01021779,0,-1
2020470953033,2020,470953033,1,9,0,9,9,1,8,0,0,6,0,0,0,0,2,1,5,6,1,59,9,1600,1,9,MINI COOPER,6,E01021105,0,-1
2020010245477,2020,010245477,1,9,0,18,19,7,3,0,0,1,0,0,0,0,1,1,2,2,1,35,6,1499,1,2,MINI COOPER,4,E01000788,0,-1
2020200930874,2020,200930874,2,9,0,18,19,7,3,0,0,0,0,0,0,0,1,1,6,6,2,-1,-1,1496,2,5,MINI COOPER,5,E01008951,0,-1
2020010283651,2020,010283651,2,9,0,10,10,7,4,0,0,2,0,0,0,0,1,1,6,6,2,48,8,1600,2,8,MINI COOPER,5,E01003392,0,-1
2020200988368,2020,200988368,2,9,0,18,19,2,6,0,0,8,0,0,0,0,1,1,6,6,1,46,8,1598,1,15,MINI COOPER,6,E01009699,0,-1
2020160917102,2020,160917102,1,9,0,4,4,8,4,0,0,0,0,0,0,0,1,1,6,6,1,56,9,1598,1,14,MINI COOPER,1,E01013204,0,-1
2020540869120,2020,540869120,1,9,0,12,12,8,4,0,0,1,0,0,0,0,1,1,6,6,1,21,5,1598,1,14,MINI COOPER,5,E01015505,0,-1
2020501014521,2020,501014521,2,9,0,18,19,5,1,0,0,4,0,0,0,0,3,1,5,6,2,20,4,1598,1,18,MINI COOPER,1,E01018933,0,-1
2020201023007,2020,201023007,2,9,0,2,2,0,0,6,6,0,0,0,0,0,2,1,6,6,2,45,7,1598,1,16,MINI COOPER,4,E01009691,0,-1
2020320440426,2020,320440426,1,9,0,18,19,3,7,0,0,0,0,0,7,9,1,1,2,2,1,40,7,1598,1,16,MINI COOPER,-1,-1,0,-1
2020470937037,2020,470937037,1,9,0,13,13,1,5,0,0,0,1,0,8,6,1,1,2,2,1,37,7,1598,1,14,MINI COOPER,4,E01031598,0,-1
2020122001216,2020,122001216,2,9,0,16,19,8,4,0,0,8,0,0,0,0,3,1,6,6,2,18,4,1598,1,10,MINI COOPER,6,E01027637,0,-1
20201373L1343,2020,1373L1343,1,9,0,5,5,1,3,0,0,0,0,0,0,0,1,1,6,6,2,35,6,1598,1,9,MINI COOPER,5,E01011537,0,-1
2020010270696,2020,010270696,1,9,0,99,99,9,9,99,99,2,9,99,9,99,2,9,6,6,1,49,8,1499,1,4,MINI COOPER,6,E01002358,0,-1
2020122001032,2020,122001032,1,9,0,18,19,1,5,0,0,0,0,0,0,0,3,1,2,2,2,45,7,1499,1,1,MINI COOPER,6,E01027601,0,-1
2020350970751,2020,350970751,1,9,0,18,19,7,3,0,0,0,0,0,1,0,3,1,2,2,2,42,7,1598,1,13,MINI COOPER,5,E01018187,0,-1
2020552000663,2020,552000663,2,9,0,2,2,0,0,0,0,0,0,4,0,0,2,1,6,6,3,-1,-1,1598,1,13,MINI COOPER,-1,-1,0,-1
2020010263277,2020,010263277,1,9,0,18,19,1,5,0,0,0,0,0,0,0,1,1,6,6,1,44,7,1598,1,16,MINI COOPER,1,E01001145,0,-1
2020010231893,2020,010231893,1,9,0,18,19,-1,-1,0,0,1,0,11,0,0,1,1,6,6,1,17,4,1598,1,10,MINI COOPER,-1,-1,0,-1
202031D149520,2020,31D149520,1,9,0,18,19,3,7,0,0,0,0,0,1,11,1,1,6,6,2,61,9,1598,1,13,MINI COOPER,7,E01028411,0,-1
2020010250007,2020,010250007,1,9,0,18,19,5,1,0,0,8,0,0,0,0,4,1,6,6,2,44,7,1499,1,1,MINI COOPER,7,E01002470,0,-1
2020010298219,2020,010298219,1,9,0,99,99,9,9,99,99,9,9,99,9,99,9,9,6,6,3,-1,-1,1598,1,9,MINI COOPER,-1,-1,0,-1