collision_index,collision_year,collision_ref_no,vehicle_reference,vehicle_type,towing_and_articulation,vehicle_manoeuvre_historic,vehicle_manoeuvre,vehicle_direction_from,vehicle_direction_to,vehicle_location_restricted_lane_historic,vehicle_location_restricted_lane,junction_location,skidding_and_overturning,hit_object_in_carriageway,vehicle_leaving_carriageway,hit_object_off_carriageway,first_point_of_impact,vehicle_left_hand_drive,journey_purpose_of_driver_historic,journey_purpose_of_driver,sex_of_driver,age_of_driver,age_band_of_driver,engine_capacity_cc,propulsion_code,age_of_vehicle,generic_make_model,driver_imd_decile,lsoa_of_driver,escooter_flag,driver_distance_banding
2020420928076,2020,420928076,2,9,0,18,19,7,3,0,0,0,0,7,0,0,2,1,5,6,2,25,5,1598,1,19,MINI COOPER,9,E01033316,0,-1
2020010260310,2020,010260310,1,9,0,3,3,7,3,0,0,0,0,0,1,0,3,1,6,6,1,28,6,1598,1,11,MINI COOPER,9,E01030421,0,-1
2020460955571,2020,460955571,2,9,0,18,19,1,5,0,0,1,0,0,0,0,2,1,5,6,1,22,5,1600,1,9,MINI COOPER,7,E01024764,0,-1
2020500956109,2020,500956109,1,9,0,18,19,2,6,0,0,0,2,0,1,0,3,1,5,6,1,41,7,1598,1,18,MINI COOPER,2,E01018897,0,-1
2020501015512,2020,501015512,2,9,0,9,9,2,8,0,0,8,0,0,0,0,4,1,2,2,1,51,8,1598,1,17,MINI COOPER,4,E01020334,0,-1
2020010246394,2020,010246394,2,9,0,99,99,9,9,99,99,0,9,99,9,99,9,9,6,6,3,-1,-1,1499,1,0,MINI COOPER,5,E01002529,0,-1
2020160978232,2020,160978232,2,9,0,17,19,7,4,0,0,1,0,0,0,0,3,1,5,6,1,49,8,1995,2,3,MINI COOPER,4,E01013183,0,-1
2020610043120,2020,610043120,2,9,0,2,2,0,0,0,0,0,0,0,0,0,4,1,6,6,2,54,8,1598,1,14,MINI COOPER,6,W01001520,0,-1
2020420972343,2020,420972343,1,9,0,9,9,8,4,0,0,8,0,0,0,0,3,1,5,6,1,29,6,1998,1,2,MINI COOPER,10,E01023566,0,-1
2020160953114,2020,160953114,2,9,0,18,19,4,8,0,0,1,0,0,0,0,1,1,5,6,2,33,6,1496,2,2,MINI COOPER,7,E01013322,0,-1
2020420975221,2020,420975221,3,9,0,7,7,2,6,0,0,1,0,0,0,0,2,1,5,6,2,51,8,1598,1,17,MINI COOPER,9,E01021940,0,-1
2020010285793,2020,010285793,2,9,9,99,99,9,9,99,99,0,9,99,9,99,9,9,6,6,1,33,6,1598,1,12,MINI COOPER,2,E01003497,0,-1
2020410938359,2020,410938359,2,9,0,18,19,7,3,0,0,4,0,0,0,0,1,1,6,6,2,30,6,1598,2,7,MINI COOPER,4,E01017552,0,-1
2020450918581,2020,450918581,1,9,0,18,19,7,3,0,0,0,0,0,0,0,2,1,5,6,2,31,6,1499,1,4,MINI COOPER,5,E01030484,0,-1
2020440085101,2020,440085101,1,9,0,18,19,8,4,0,0,2,0,0,0,0,1,1,1,1,1,42,7,1496,2,5,MINI COOPER,8,E01023078,0,-1
2020010254712,2020,010254712,2,9,0,99,99,9,9,99,99,0,9,99,9,99,2,9,6,6,3,-1,-1,1496,2,4,MINI COOPER,-1,-1,0,-1
2020470946375,2020,470946375,2,9,0,18,19,5,1,0,0,0,0,0,0,0,2,1,1,1,2,57,9,1995,2,8,MINI COOPER,6,E01031449,0,-1
2020160992689,2020,160992689,1,9,0,16,19,8,3,0,0,2,0,0,0,0,3,1,5,6,1,44,7,1598,1,16,MINI COOPER,3,E01026381,0,-1
2020122000358,2020,122000358,2,9,0,3,3,5,8,0,0,1,0,0,1,1,2,1,6,6,2,22,5,1499,1,4,MINI COOPER,6,E01008464,0,-1
2020430173580,2020,430173580,1,9,0,18,19,8,4,0,0,3,0,7,0,0,1,1,6,6,2,29,6,1598,1,13,MINI COOPER,3,E01017666,0,-1
2020230932342,2020,230932342,1,9,0,18,19,2,6,0,0,0,0,0,1,4,1,1,2,2,1,19,4,1598,1,13,MINI COOPER,9,E01027108,0,-1
2020010282520,2020,010282520,2,9,0,10,10,1,6,0,0,1,0,0,0,0,0,1,6,6,2,65,9,1598,1,13,MINI COOPER,4,E01001934,0,-1
2020040935327,2020,040935327,2,9,0,17,19,5,4,0,0,0,0,0,0,0,1,1,5,6,2,64,9,1598,1,10,MINI COOPER,9,E01025343,0,-1
2020221026315,2020,221026315,1,9,0,18,19,4,8,0,0,8,0,0,0,0,3,1,5,6,2,21,5,1598,1,13,MINI COOPER,1,E01014113,0,-1
2020470922698,2020,470922698,1,9,0,18,19,4,8,0,0,1,0,0,0,0,1,1,6,6,2,59,9,1998,1,2,MINI COOPER,7,E01016870,0,-1
2020010280868,2020,010280868,1,9,0,18,19,6,2,0,0,2,0,0,0,0,1,1,1,1,1,51,8,1598,1,13,MINI COOPER,7,E01001204,0,-1
20201372H1774,2020,1372H1774,2,9,0,18,19,5,1,0,0,8,0,0,0,0,1,1,6,6,2,40,7,1496,2,5,MINI COOPER,-1,-1,0,-1
2020040941750,2020,040941750,1,9,0,18,19,3,7,9,9,1,0,0,7,11,1,1,6,6,2,85,11,1598,1,9,MINI COOPER,8,E01024913,0,-1
2020411005046,2020,411005046,3,9,0,18,19,5,1,0,0,0,1,0,1,0,1,1,6,6,1,66,10,1998,1,1,MINI COOPER,9,E01023493,0,-1
2020520004753,2020,520004753,2,9,0,8,8,4,6,0,0,6,0,0,1,10,1,1,6,6,1,23,5,1598,1,18,MINI COOPER,5,E01029053,0,-1
2020201022230,2020,201022230,1,9,0,9,9,4,1,0,0,6,0,0,0,0,1,1,1,1,1,35,6,1598,1,11,MINI COOPER,1,E01009123,0,-1
2020122000966,2020,122000966,1,9,0,18,19,8,4,0,0,6,0,0,1,1,3,1,6,6,1,20,4,1598,1,18,MINI COOPER,10,E01027704,0,-1
2020200969889,2020,200969889,4,9,0,2,2,0,0,0,0,1,0,0,0,0,3,1,6,6,3,-1,-1,1598,1,12,MINI COOPER,-1,-1,0,-1
2020110968126,2020,110968126,2,9,0,5,5,5,1,0,0,4,0,0,0,0,2,1,6,6,2,53,8,1499,1,2,MINI COOPER,5,E01020604,0,-1
2020500978807,2020,500978807,2,9,0,9,9,7,5,0,0,5,0,0,0,0,4,1,6,6,2,22,5,1496,2,5,MINI COOPER,9,E01020316,0,-1
2020500951848,2020,500951848,1,9,0,18,19,1,5,0,0,1,1,0,0,0,1,1,5,6,1,20,4,1598,1,14,MINI COOPER,9,E01018571,0,-1
202031C149320,2020,31C149320,1,9,0,18,19,7,3,0,0,1,0,0,0,0,4,1,6,6,2,42,7,1598,1,8,MINI COOPER,4,E01013964,0,-1
2020440389261,2020,440389261,1,9,0,9,9,2,1,0,0,5,0,0,0,0,4,1,6,6,2,31,6,1598,1,12,MINI COOPER,6,E01017355,0,-1
2020070138037,2020,070138037,1,9,0,9,9,3,8,0,0,8,0,0,0,0,3,1,6,6,2,22,5,1496,2,5,MINI COOPER,4,E01006228,0,-1
2020010252082,2020,010252082,1,9,0,18,19,7,3,0,0,0,0,0,0,0,2,1,6,6,2,57,9,1598,1,16,MINI COOPER,9,E01002391,0,-1
2020470934894,2020,470934894,2,9,0,18,19,6,2,0,0,1,0,0,0,0,1,1,1,1,2,24,5,1598,1,17,MINI COOPER,4,E01031433,0,-1
2020010231644,2020,010231644,2,9,0,99,99,9,9,99,99,9,9,99,9,99,9,9,6,6,3,29,6,1598,1,8,MINI COOPER,2,E01000189,0,-1
2020430400692,2020,430400692,1,9,0,9,9,7,5,0,0,5,0,0,0,0,3,1,6,6,2,30,6,1998,1,1,MINI COOPER,6,E01016388,0,-1
2020010282755,2020,010282755,1,9,0,9,9,7,4,0,0,1,0,0,0,0,1,1,6,6,2,31,6,1598,1,13,MINI COOPER,5,E01004475,0,-1
2020110931821,2020,110931821,2,9,0,4,4,5,1,0,0,0,1,0,0,0,2,1,6,6,1,30,6,1496,2,3,MINI COOPER,-1,-1,0,-1
2020990970650,2020,990970650,3,9,0,18,19,8,5,0,0,0,0,0,0,0,2,1,6,6,2,36,7,1598,1,10,MINI COOPER,5,-1,0,-1
2020070551187,2020,070551187,1,9,0,5,5,5,3,0,0,6,0,0,0,0,3,2,6,6,1,82,11,1499,1,1,MINI COOPER,9,E01018420,0,-1
2020070048884,2020,070048884,2,9,0,16,19,8,4,0,0,2,0,0,0,0,3,1,6,6,1,39,7,1598,1,8,MINI COOPER,8,E01012565,0,-1
2020470990029,2020,470990029,1,9,0,1,1,8,6,9,9,8,0,0,0,0,2,1,6,6,1,48,8,1598,1,13,MINI COOPER,4,E01016948,0,-1
2020990984623,2020,990984623,1,9,0,18,19,7,3,0,0,8,0,0,1,0,1,1,5,6,2,24,5,1499,1,3,MINI COOPER,3,-1,0,-1
2020010284915,2020,010284915,2,9,0,13,13,8,4,0,0,0,0,0,0,0,1,1,6,6,1,23,5,1499,1,3,MINI COOPER,4,E01004611,0,-1
2020450921704,2020,450921704,2,9,0,2,2,0,0,0,0,2,0,0,1,0,2,1,6,6,1,49,8,1598,1,8,MINI COOPER,8,E01030538,0,-1
2020010274748,2020,010274748,1,9,0,9,9,7,5,0,0,5,0,0,0,0,3,2,6,6,1,24,5,1598,1,14,MINI COOPER,4,E01001247,0,-1
2020010286693,2020,010286693,1,9,0,5,5,3,7,0,0,3,0,0,0,0,1,1,6,6,1,24,5,1598,1,17,MINI COOPER,10,E01002961,0,-1
2020470996652,2020,470996652,1,9,0,9,9,4,1,0,0,8,0,0,0,0,1,1,6,6,2,-1,-1,1598,1,14,MINI COOPER,-1,-1,0,-1
2020010271171,2020,010271171,1,9,0,18,19,7,3,0,0,0,0,0,0,0,1,1,6,6,2,20,4,1598,1,15,MINI COOPER,4,E01001241,0,-1
202031A011120,2020,31A011120,2,9,0,3,3,3,6,0,0,0,0,0,0,0,2,1,6,6,1,55,8,1499,1,6,MINI COOPER,6,E01028295,0,-1
2020500947089,2020,500947089,2,9,0,18,19,5,1,0,0,0,0,0,0,0,1,1,5,6,2,31,6,1598,1,13,MINI COOPER,5,E01018780,0,-1
2020320374803,2020,320374803,1,9,0,18,19,5,1,0,0,8,0,0,0,0,1,1,2,2,1,21,5,1598,1,14,MINI COOPER,6,E01026411,0,-1
2020010253220,2020,010253220,1,9,0,17,19,1,5,0,0,0,0,0,0,0,4,1,6,6,2,18,4,1598,1,18,MINI COOPER,-1,-1,0,-1
2020211023680,2020,211023680,3,9,-1,-1,-1,3,3,-1,-1,0,-1,-1,-1,0,-1,1,5,6,1,35,6,1560,2,11,MINI COOPER,1,E01014218,0,-1
2020010231907,2020,010231907,1,9,0,18,19,5,1,0,0,1,0,4,0,0,1,1,6,6,1,23,5,1598,1,16,MINI COOPER,6,E01003375,0,-1
2020010239488,2020,010239488,2,9,0,8,8,5,8,0,0,1,0,0,0,0,2,1,6,6,2,37,7,1499,1,3,MINI COOPER,7,E01016220,0,-1
2020052001435,2020,052001435,1,9,0,18,19,7,3,0,0,0,0,0,0,0,1,1,6,6,2,28,6,1598,1,12,MINI COOPER,1,E01006630,0,-1
2020350927431,2020,350927431,2,9,0,5,5,1,5,0,0,0,0,4,0,0,1,1,6,6,2,19,4,1600,1,9,MINI COOPER,3,E01018180,0,-1
2020420927720,2020,420927720,1,9,0,3,3,8,4,0,0,3,5,0,7,0,1,1,6,6,3,-1,-1,1499,1,5,MINI COOPER,-1,-1,0,-1
2020160937042,2020,160937042,1,9,0,18,19,5,1,0,0,2,0,0,0,0,3,1,6,6,1,45,7,1598,1,14,MINI COOPER,6,E01026387,0,-1
2020530944513,2020,530944513,1,9,0,14,14,3,7,0,0,0,0,4,0,0,1,1,6,6,2,18,4,1598,1,16,MINI COOPER,3,E01022364,0,-1
2020210987052,2020,210987052,1,9,0,9,9,4,1,0,0,8,0,0,0,0,3,1,6,6,1,22,5,1598,1,15,MINI COOPER,2,E01014236,0,-1
2020549389320,2020,549389320,2,9,0,9,9,5,1,0,0,8,0,0,0,0,2,1,6,6,2,41,7,1499,1,2,MINI COOPER,5,E01014414,0,-1
2020420999461,2020,420999461,1,9,0,18,19,5,3,0,0,2,0,0,0,0,4,1,6,6,3,-1,-1,1499,1,1,MINI COOPER,-1,-1,0,-1
2020010248793,2020,010248793,2,9,0,99,99,9,9,99,99,1,9,99,9,99,9,1,6,6,1,72,10,1499,1,5,MINI COOPER,9,E01000899,0,-1
2020500942650,2020,500942650,1,9,0,18,19,1,5,0,0,0,5,0,0,0,1,1,5,6,2,46,8,1598,1,15,MINI COOPER,2,E01019076,0,-1
2020302001505,2020,302001505,2,9,0,18,19,2,6,0,0,1,0,0,0,0,3,1,3,7,2,40,7,1598,1,18,MINI COOPER,4,E01019742,0,-1
2020470955435,2020,470955435,3,9,0,18,19,5,1,0,0,0,0,0,0,0,1,1,5,6,2,29,6,1598,1,10,MINI COOPER,10,E01031703,0,-1
2020201007254,2020,201007254,1,9,0,9,9,7,4,0,0,6,0,0,0,0,1,1,6,6,2,20,4,1598,1,14,MINI COOPER,4,E01014106,0,-1
2020040936679,2020,040936679,2,9,0,8,8,5,1,0,0,6,0,0,0,0,1,1,6,6,2,23,5,1598,1,13,MINI COOPER,-1,-1,0,-1
2020010264944,2020,010264944,1,9,0,7,7,5,7,0,0,2,0,0,1,11,1,1,6,6,2,17,4,1499,1,1,MINI COOPER,9,E01003894,0,-1
2020522002150,2020,522002150,1,9,0,1,1,5,1,0,0,0,0,0,0,0,2,1,6,6,2,52,8,1598,2,10,MINI COOPER,7,E01014403,0,-1
2020137930611,2020,137930611,2,9,0,18,19,5,1,0,0,0,0,0,0,0,2,1,6,6,2,58,9,1598,1,14,MINI COOPER,9,E01010589,0,-1
2020430050453,2020,430050453,1,9,0,18,19,1,5,0,0,0,0,0,0,0,1,1,6,6,1,21,5,1598,1,15,MINI COOPER,7,E01033509,0,-1
2020990920472,2020,990920472,1,9,0,18,19,1,5,0,0,2,0,0,0,0,1,1,5,6,2,19,4,1499,1,1,MINI COOPER,-1,-1,0,-1
2020460943549,2020,460943549,1,9,0,18,19,3,7,0,0,0,1,0,0,0,1,1,5,6,2,40,7,1496,2,3,MINI COOPER,1,E01024676,0,-1
202031C153520,2020,31C153520,2,9,0,18,19,5,1,0,0,2,0,0,0,0,2,1,6,6,1,-1,-1,1998,1,5,MINI COOPER,9,E01000829,0,-1
2020420960023,2020,420960023,1,9,0,9,9,4,2,0,0,4,0,0,0,0,1,1,5,6,2,21,5,1499,1,3,MINI COOPER,8,E01021533,0,-1
2020200949724,2020,200949724,1,9,0,7,7,3,4,0,0,5,0,0,0,0,2,1,6,6,3,-1,-1,1499,1,1,MINI COOPER,-1,-1,0,-1
2020440068072,2020,440068072,2,9,0,17,19,2,7,0,0,8,0,0,0,0,1,1,6,6,1,45,7,1499,1,1,MINI COOPER,7,E01023271,0,-1
2020470935149,2020,470935149,1,9,0,16,19,1,4,0,0,0,1,0,7,11,3,1,5,6,1,42,7,1598,1,15,MINI COOPER,8,E01031698,0,-1
2020010229701,2020,010229701,2,9,0,99,99,9,9,99,99,9,9,99,9,99,1,9,6,6,3,-1,-1,1598,1,16,MINI COOPER,3,E01003688,0,-1
2020410948300,2020,410948300,1,9,0,13,13,7,3,0,0,0,2,0,1,0,3,1,6,6,1,25,5,1598,1,15,MINI COOPER,6,E01023414,0,-1
2020420978929,2020,420978929,2,9,0,4,4,7,3,0,0,0,0,0,0,0,2,1,6,6,2,54,8,1499,1,5,MINI COOPER,4,E01021863,0,-1
2020470928111,2020,470928111,1,9,0,16,19,6,1,0,0,0,5,0,2,0,1,1,5,6,1,23,5,1598,1,19,MINI COOPER,9,E01031532,0,-1
2020450959899,2020,450959899,1,9,0,16,19,5,1,0,0,0,1,0,1,9,1,1,5,6,2,23,5,1598,1,13,MINI COOPER,10,E01022853,0,-1
2020010266415,2020,010266415,1,9,0,3,3,3,7,0,0,1,0,0,0,0,0,9,6,6,1,44,7,1598,1,7,MINI COOPER,6,E01004712,0,-1
2020140957657,2020,140957657,1,9,0,18,19,2,6,0,0,0,0,0,0,0,4,1,6,6,1,50,8,1499,1,3,MINI COOPER,1,E01007916,0,-1
2020522101274,2020,522101274,1,9,0,18,19,5,1,0,0,2,0,10,7,1,1,1,6,6,2,29,6,1598,1,14,MINI COOPER,4,E01014500,0,-1
2020360998307,2020,360998307,1,9,5,18,19,1,5,0,0,0,0,0,0,0,1,1,5,6,2,23,5,1598,1,11,MINI COOPER,2,E01026633,0,-1
20201372H1384,2020,1372H1384,1,9,0,18,19,3,7,0,0,0,0,10,0,0,1,1,6,6,2,22,5,1995,2,6,MINI COOPER,9,E01011302,0,-1
2020990962044,2020,990962044,2,9,0,10,10,6,5,0,0,1,0,0,0,0,2,1,5,6,1,18,4,1598,1,17,MINI COOPER,7,-1,0,-1
2020440483244,2020,440483244,1,9,0,18,19,3,7,0,0,8,0,0,0,0,3,1,6,6,2,49,8,1499,1,1,MINI COOPER,9,E01017061,0,-1
2020200960657,2020,200960657,1,9,0,18,19,4,8,0,0,0,0,4,0,0,1,1,5,6,2,42,7,1598,1,11,MINI COOPER,3,E01010089,0,-1
2020010234467,2020,010234467,2,9,0,18,19,7,3,99,99,9,9,99,9,99,1,9,6,6,1,43,7,1598,1,17,MINI COOPER,6,E01001923,0,-1
20201373K1945,2020,1373K1945,1,9,0,7,7,6,8,0,0,8,0,0,0,0,3,1,6,6,2,19,4,1598,1,18,MINI COOPER,6,E01011861,0,-1
2020200952837,2020,200952837,1,9,0,9,9,1,7,0,0,6,0,0,0,0,4,1,6,6,2,33,6,1598,1,13,MINI COOPER,-1,-1,0,-1
2020500936714,2020,500936714,3,9,0,18,19,3,7,0,0,0,0,0,0,0,2,1,6,6,2,56,9,1499,1,3,MINI COOPER,4,E01020328,0,-1
2020211025737,2020,211025737,1,9,0,18,19,5,1,0,0,0,0,0,1,0,1,1,6,6,2,42,7,1560,2,13,MINI COOPER,2,E01014359,0,-1
2020122000195,2020,122000195,1,9,0,18,19,3,7,0,0,0,1,0,1,11,1,1,6,6,1,41,7,1598,1,15,MINI COOPER,5,E01027649,0,-1
2020420982527,2020,420982527,1,9,0,18,19,1,5,0,0,1,0,0,0,0,1,1,6,6,1,32,6,1560,2,11,MINI COOPER,1,E01015880,0,-1
2020211026443,2020,211026443,2,9,-1,7,7,3,7,0,0,0,0,0,0,0,4,1,6,6,2,26,6,1496,2,3,MINI COOPER,-1,-1,0,-1
2020010249761,2020,010249761,1,9,0,18,19,1,5,0,0,2,0,0,0,0,1,1,6,6,1,68,10,1598,1,12,MINI COOPER,2,E01001491,0,-1
2020010241045,2020,010241045,2,9,0,99,99,9,9,99,99,2,9,99,9,99,1,1,6,6,3,-1,-1,1499,1,0,MINI COOPER,6,E01002826,0,-1
2020010282662,2020,010282662,1,9,0,18,19,3,7,0,0,2,0,0,0,0,1,1,6,6,1,25,5,1499,1,3,MINI COOPER,-1,-1,0,-1
2020400975377,2020,400975377,2,9,0,18,19,2,6,0,0,0,0,0,0,0,2,1,2,2,2,30,6,1496,2,3,MINI COOPER,10,E01026364,0,-1
2020350980319,2020,350980319,2,9,0,18,19,3,7,0,0,1,0,0,0,0,2,1,6,6,2,52,8,1499,1,1,MINI COOPER,8,E01015631,0,-1
2020220919985,2020,220919985,1,9,0,3,3,6,2,0,0,1,0,0,0,0,2,1,6,6,1,33,6,1598,1,14,MINI COOPER,3,E01032292,0,-1
2020471006561,2020,471006561,3,9,0,18,19,3,7,0,0,0,1,0,1,4,1,1,2,2,2,29,6,1499,1,2,MINI COOPER,6,E01031359,0,-1
2020990933499,2020,990933499,2,9,0,2,2,1,5,0,0,0,0,4,0,0,2,1,2,2,2,24,5,1499,1,1,MINI COOPER,7,-1,0,-1
2020220922466,2020,220922466,1,9,0,4,4,2,6,0,0,0,0,0,0,0,1,1,1,1,2,19,4,1598,1,9,MINI COOPER,5,E01028928,0,-1
2020100928320,2020,100928320,2,9,0,18,19,5,1,0,0,0,0,0,0,0,2,1,5,6,2,47,8,1496,2,4,MINI COOPER,10,E01027614,0,-1
2020400987794,2020,400987794,2,9,0,18,19,6,1,0,0,0,0,0,0,0,1,1,6,6,2,36,7,1598,1,11,MINI COOPER,4,E01017581,0,-1
2020401000196,2020,401000196,2,9,0,4,4,1,5,0,0,1,0,0,0,0,2,1,5,6,1,57,9,1598,1,12,MINI COOPER,8,E01017526,0,-1
202031C009420,2020,31C009420,1,9,0,18,19,8,4,0,0,0,0,4,0,0,1,1,6,6,2,25,5,1598,1,11,MINI COOPER,4,E01031109,0,-1
2020010279265,2020,010279265,1,9,0,9,9,1,6,0,0,1,0,0,0,0,4,1,2,2,2,38,7,1499,1,2,MINI COOPER,8,E01024772,0,-1
2020420939446,2020,420939446,1,9,0,18,19,1,5,0,0,0,0,0,0,0,1,1,5,6,2,65,9,1499,1,4,MINI COOPER,8,E01021254,0,-1
2020450947144,2020,450947144,2,9,0,9,9,5,1,0,0,5,0,0,0,0,1,1,5,6,2,91,11,1598,1,16,MINI COOPER,8,E01030950,0,-1
2020451004489,2020,451004489,1,9,0,18,19,3,1,0,0,0,0,0,0,0,3,1,5,6,2,32,6,1496,2,4,MINI COOPER,8,E01030575,0,-1
202006A172785,2020,06A172785,1,9,0,18,19,5,1,0,0,8,0,0,0,0,1,1,6,6,1,55,8,1995,2,9,MINI COOPER,1,E01005067,0,-1
2020552000828,2020,552000828,1,9,0,5,5,3,7,0,0,4,0,0,0,0,1,1,6,6,2,60,9,1598,1,14,MINI COOPER,6,E01020397,0,-1
2020400989259,2020,400989259,3,9,0,18,19,6,2,0,0,0,0,0,1,9,2,1,1,1,2,45,7,1598,1,17,MINI COOPER,7,E01018025,0,-1
2020420974633,2020,420974633,3,9,0,18,19,5,1,0,0,0,0,0,0,0,2,1,5,6,1,64,9,1600,2,8,MINI COOPER,7,E01021857,0,-1
2020360983988,2020,360983988,2,9,0,18,19,3,7,0,0,0,0,0,1,4,2,1,2,2,2,20,4,1598,1,17,MINI COOPER,3,E01026696,0,-1
2020201007461,2020,201007461,1,9,0,9,9,6,4,0,0,2,1,10,7,0,3,1,6,6,1,-1,-1,1499,1,6,MINI COOPER,-1,-1,0,-1
2020100941412,2020,100941412,1,9,0,16,19,7,3,0,0,0,2,0,8,4,1,1,2,2,1,41,7,1598,1,18,MINI COOPER,2,E01027461,0,-1
2020450917482,2020,450917482,2,9,0,3,3,1,1,0,0,0,0,0,0,0,1,1,6,6,2,84,11,1598,1,7,MINI COOPER,10,E01030637,0,-1
2020052000399,2020,052000399,1,9,0,18,19,1,5,0,0,8,0,0,1,0,1,1,6,6,2,83,11,1499,1,1,MINI COOPER,6,E01006621,0,-1
2020522100407,2020,522100407,2,9,0,18,19,8,4,0,0,8,0,0,0,0,1,1,6,6,2,66,10,1598,1,18,MINI COOPER,7,E01014744,0,-1
202031A047120,2020,31A047120,2,9,0,18,19,4,8,0,0,8,0,0,0,0,1,1,6,6,2,50,8,1598,1,9,MINI COOPER,5,E01027975,0,-1
2020410954059,2020,410954059,1,9,0,18,19,3,7,0,0,0,2,10,0,0,1,1,6,6,1,20,4,1998,1,1,MINI COOPER,-1,-1,0,-1
2020200933282,2020,200933282,2,9,0,18,19,2,6,0,0,8,0,0,0,0,1,1,6,6,1,30,6,1995,2,3,MINI COOPER,6,E01009261,0,-1
2020010253380,2020,010253380,1,9,0,99,99,9,9,99,99,9,9,99,9,99,2,9,6,6,2,51,8,1598,1,15,MINI COOPER,4,E01000546,0,-1
2020010281912,2020,010281912,1,9,0,18,19,3,7,0,0,3,0,0,0,0,3,9,6,6,2,22,5,1598,1,13,MINI COOPER,7,E01001290,0,-1
2020400957682,2020,400957682,2,9,0,12,12,5,2,0,0,0,0,0,0,0,2,1,1,1,1,44,7,1598,1,11,MINI COOPER,5,E01015714,0,-1
2020010253636,2020,010253636,2,9,0,12,12,7,3,0,0,7,0,0,0,0,3,1,6,6,1,35,6,1998,1,6,MINI COOPER,-1,-1,0,-1
20201374T0743,2020,1374T0743,2,9,0,13,13,5,1,0,0,8,1,7,7,1,4,1,2,2,2,52,8,1598,1,15,MINI COOPER,7,E01011635,0,-1
2020160981178,2020,160981178,1,9,0,16,19,8,4,0,0,0,0,0,1,4,1,1,2,2,1,24,5,1598,1,15,MINI COOPER,5,E01013225,0,-1
2020010238278,2020,010238278,2,9,0,18,19,7,3,0,0,0,0,0,0,0,2,1,1,1,2,26,6,1499,1,6,MINI COOPER,1,E01024148,0,-1
202031D014620,2020,31D014620,2,9,0,3,3,2,6,0,0,1,0,0,0,0,2,1,6,6,1,31,6,1598,1,16,MINI COOPER,6,E01028372,0,-1
2020501032962,2020,501032962,2,9,0,18,19,7,3,0,0,0,0,0,0,0,1,1,5,6,2,42,7,1598,1,15,MINI COOPER,2,E01020211,0,-1
2020430080125,2020,430080125,1,9,0,9,9,7,5,0,0,8,0,0,0,0,3,1,6,6,2,23,5,1598,1,14,MINI COOPER,8,E01028488,0,-1
202031C086720,2020,31C086720,2,9,0,3,3,1,5,0,0,1,0,0,0,0,2,1,6,6,1,63,9,1598,1,10,MINI COOPER,10,E01028377,0,-1
2020990983797,2020,990983797,2,9,0,14,14,7,4,0,0,1,0,0,0,0,1,1,2,2,2,41,7,1499,1,0,MINI COOPER,-1,-1,0,-1
2020430377468,2020,430377468,1,9,0,14,14,8,4,0,0,1,1,0,0,0,2,1,6,6,2,29,6,1598,1,19,MINI COOPER,3,E01028448,0,-1
2020500984574,2020,500984574,2,9,0,17,19,3,7,0,0,0,0,0,0,0,1,1,5,6,1,18,4,1598,1,12,MINI COOPER,6,E01020108,0,-1
202031D065920,2020,31D065920,2,9,0,3,3,1,5,0,0,1,0,0,0,0,2,1,1,1,2,33,6,1598,2,7,MINI COOPER,8,E01028104,0,-1
2020460969839,2020,460969839,1,9,0,17,19,1,3,0,0,0,1,0,0,0,1,1,5,6,2,19,4,1598,1,12,MINI COOPER,9,E01024331,0,-1
2020400956055,2020,400956055,2,9,0,18,19,1,5,0,0,3,0,0,0,0,4,1,6,6,2,26,6,1499,1,3,MINI COOPER,-1,-1,0,-1
2020471005132,2020,471005132,2,9,0,10,10,3,1,0,0,1,0,0,0,0,2,1,2,2,1,57,9,1598,1,10,MINI COOPER,2,E01016918,0,-1
2020137A90376,2020,137A90376,1,9,0,18,19,6,2,0,0,0,0,0,0,0,0,1,6,6,2,39,7,1598,1,14,MINI COOPER,3,E01011245,0,-1
2020991008257,2020,991008257,1,9,0,8,8,5,6,0,0,0,0,0,0,0,2,1,2,2,2,26,6,1598,1,12,MINI COOPER,10,-1,0,-1
2020470935230,2020,470935230,3,9,0,18,19,2,6,0,0,0,1,0,5,7,4,1,5,6,1,47,8,1998,1,1,MINI COOPER,9,E01031728,0,-1
2020440402714,2020,440402714,1,9,0,4,4,1,5,0,0,0,0,0,0,0,2,1,6,6,1,24,5,1995,2,9,MINI COOPER,3,E01017091,0,-1