collision_index,collision_year,collision_ref_no,vehicle_reference,vehicle_type,towing_and_articulation,vehicle_manoeuvre_historic,vehicle_manoeuvre,vehicle_direction_from,vehicle_direction_to,vehicle_location_restricted_lane_historic,vehicle_location_restricted_lane,junction_location,skidding_and_overturning,hit_object_in_carriageway,vehicle_leaving_carriageway,hit_object_off_carriageway,first_point_of_impact,vehicle_left_hand_drive,journey_purpose_of_driver_historic,journey_purpose_of_driver,sex_of_driver,age_of_driver,age_band_of_driver,engine_capacity_cc,propulsion_code,age_of_vehicle,generic_make_model,driver_imd_decile,lsoa_of_driver,escooter_flag,driver_distance_banding
2020430098330,2020,430098330,2,9,0,16,19,5,8,0,0,0,2,10,7,11,1,1,6,6,1,40,7,1598,1,12,MINI COOPER,-1,-1,0,-1
2020340E04712,2020,340E04712,1,9,0,5,5,1,5,5,5,6,0,0,0,0,1,1,3,7,1,27,6,1598,1,14,MINI COOPER,-1,-1,0,-1
2020552001216,2020,552001216,2,9,0,18,19,2,6,0,0,1,0,0,0,0,4,1,1,1,1,29,6,1598,1,18,MINI COOPER,9,E01015323,0,-1
2020010273002,2020,010273002,1,9,0,1,1,5,1,0,0,0,0,0,0,0,2,1,6,6,2,25,5,1499,1,4,MINI COOPER,9,E01002953,0,-1
2020230954444,2020,230954444,2,9,0,5,5,6,4,0,0,6,0,0,0,0,3,1,2,2,2,28,6,1598,1,8,MINI COOPER,5,E01025858,0,-1
2020470984123,2020,470984123,2,9,0,18,19,7,3,0,0,8,1,0,0,0,1,1,3,7,2,26,6,1598,1,17,MINI COOPER,4,E01031628,0,-1
2020200930401,2020,200930401,2,9,0,18,19,6,2,0,0,1,0,0,0,0,1,1,6,6,1,47,8,1598,1,17,MINI COOPER,1,E01009372,0,-1
2020470961984,2020,470961984,2,9,0,3,3,4,8,0,0,2,0,0,0,0,1,1,6,6,2,27,6,1598,1,14,MINI COOPER,5,E01031671,0,-1
202006XE77798,2020,06XE77798,1,9,0,18,19,2,6,0,0,0,0,0,0,0,1,1,6,6,2,21,5,1499,1,3,MINI COOPER,10,E01018590,0,-1
2020010279488,2020,010279488,2,9,0,18,19,7,3,0,0,8,0,0,0,0,3,1,6,6,1,37,7,1499,1,2,MINI COOPER,7,E01000156,0,-1
2020450961620,2020,450961620,3,9,0,18,19,7,3,0,0,0,0,0,4,0,2,1,1,1,2,20,4,1499,1,6,MINI COOPER,10,E01030998,0,-1
2020160979320,2020,160979320,1,9,0,18,19,7,2,0,0,4,0,0,0,0,4,1,6,6,1,33,6,1598,1,17,MINI COOPER,5,E01013306,0,-1
2020351003803,2020,351003803,1,9,0,7,7,4,8,0,0,0,1,0,0,0,1,1,1,1,1,33,6,1598,1,16,MINI COOPER,7,E01018064,0,-1
2020460998332,2020,460998332,1,9,0,18,19,7,3,0,0,1,0,0,0,0,1,1,6,6,2,53,8,1499,1,2,MINI COOPER,4,E01016135,0,-1
2020052000121,2020,052000121,2,9,0,18,19,7,3,0,0,1,0,0,0,0,3,1,6,6,2,61,9,1499,1,6,MINI COOPER,6,E01025473,0,-1
2020137360339,2020,137360339,1,9,0,7,7,4,8,0,0,8,0,0,0,0,1,1,1,1,2,63,9,1995,2,3,MINI COOPER,8,E01011021,0,-1
2020461001959,2020,461001959,1,9,0,18,19,5,1,0,0,0,0,0,5,6,1,1,6,6,2,40,7,1598,1,12,MINI COOPER,9,E01021095,0,-1
2020010232087,2020,010232087,3,9,0,4,4,7,3,0,0,1,0,0,0,0,1,1,6,6,2,26,6,1499,1,4,MINI COOPER,5,E01003342,0,-1
2020430415115,2020,430415115,2,9,0,18,19,2,6,0,0,0,0,0,0,0,1,1,2,2,1,27,6,1496,2,4,MINI COOPER,-1,-1,0,-1
202031B175320,2020,31B175320,2,9,0,10,10,8,4,0,0,1,0,0,0,0,2,1,6,6,2,58,9,1499,1,1,MINI COOPER,9,E01026355,0,-1
2020622000209,2020,622000209,2,9,0,18,19,2,6,0,0,1,0,0,0,0,1,1,6,6,2,50,8,1499,1,1,MINI COOPER,8,W01001012,0,-1
2020010272627,2020,010272627,1,9,0,18,19,1,5,0,0,0,0,0,0,0,4,1,1,1,1,31,6,1499,1,1,MINI COOPER,2,E01000030,0,-1
2020430342787,2020,430342787,6,9,0,18,19,7,3,0,0,0,0,0,0,0,-1,1,6,6,1,25,5,1598,2,9,MINI COOPER,8,E01031679,0,-1
2020100967280,2020,100967280,1,9,0,9,9,5,1,0,0,8,0,0,0,0,1,1,5,6,2,23,5,1499,1,4,MINI COOPER,8,E01008525,0,-1
2020400950369,2020,400950369,5,9,0,2,2,0,0,6,6,0,0,0,0,0,1,1,6,6,3,-1,-1,1499,1,3,MINI COOPER,-1,-1,0,-1
2020990940775,2020,990940775,2,9,0,15,15,5,6,0,0,1,0,0,0,0,4,1,2,2,2,22,5,1499,1,4,MINI COOPER,9,-1,0,-1
202054A354020,2020,54A354020,1,9,0,17,19,1,5,0,0,0,0,0,1,3,1,1,2,2,1,28,6,1598,1,17,MINI COOPER,2,E01032086,0,-1
2020470993586,2020,470993586,2,9,0,4,4,6,2,0,0,0,0,0,0,0,2,1,2,2,2,54,8,1998,1,4,MINI COOPER,4,E01031428,0,-1
2020360960233,2020,360960233,2,9,0,18,19,2,2,0,0,1,0,0,0,0,1,1,6,6,2,43,7,1598,1,16,MINI COOPER,10,E01026562,0,-1
2020549646020,2020,549646020,1,9,0,9,9,2,8,0,0,8,0,0,0,0,1,1,6,6,2,26,6,1499,1,1,MINI COOPER,2,W01001668,0,-1
2020451007307,2020,451007307,2,9,0,5,5,2,6,0,0,4,0,0,0,0,1,1,2,2,2,23,5,1496,2,4,MINI COOPER,8,E01030662,0,-1
202006G269765,2020,06G269765,1,9,0,6,6,8,8,0,0,8,0,0,0,0,1,1,6,6,1,31,6,1598,1,19,MINI COOPER,1,E01005097,0,-1
2020430006404,2020,430006404,2,9,0,18,19,1,5,0,0,1,0,0,0,0,1,1,6,6,2,59,9,1499,1,1,MINI COOPER,-1,-1,0,-1
2020010236849,2020,010236849,1,9,0,99,99,9,9,99,99,0,9,99,9,99,9,9,6,6,1,29,6,1998,1,1,MINI COOPER,1,E01002071,0,-1
2020110973952,2020,110973952,3,9,0,12,12,4,8,0,0,0,0,0,0,0,0,1,6,6,2,30,6,1998,1,0,MINI COOPER,2,E01008773,0,-1
2020010268578,2020,010268578,2,9,0,18,19,7,3,0,0,8,0,0,0,0,1,1,6,6,3,-1,-1,1598,1,15,MINI COOPER,-1,-1,0,-1
2020041006499,2020,041006499,1,9,0,18,19,5,1,0,0,8,0,0,0,0,1,1,6,6,1,68,10,1598,1,14,MINI COOPER,6,E01025563,0,-1
2020460934967,2020,460934967,3,9,0,18,19,5,1,0,0,0,0,0,0,0,2,1,5,6,2,19,4,1598,1,15,MINI COOPER,9,E01022099,0,-1
2020470944329,2020,470944329,1,9,0,18,19,4,8,0,0,8,0,0,7,11,3,1,5,6,1,-1,-1,1598,1,18,MINI COOPER,-1,-1,0,-1
2020440021454,2020,440021454,1,9,0,18,19,3,8,0,0,1,0,0,0,0,0,1,6,6,2,31,6,1598,1,17,MINI COOPER,1,E01017103,0,-1
2020460926604,2020,460926604,2,9,0,18,19,5,1,0,0,0,5,0,0,0,3,1,6,6,1,22,5,1598,1,18,MINI COOPER,10,E01024408,0,-1
2020430030865,2020,430030865,1,9,0,17,19,5,1,0,0,0,2,0,1,9,1,1,6,6,2,38,7,1598,1,14,MINI COOPER,8,E01028766,0,-1
202006L168878,2020,06L168878,1,9,0,18,19,1,5,0,0,8,0,0,0,0,1,1,6,6,2,27,6,1499,1,4,MINI COOPER,9,E01006367,0,-1
2020141013761,2020,141013761,1,9,0,3,3,8,3,0,0,4,0,0,0,0,2,1,5,6,1,22,5,1560,2,10,MINI COOPER,7,E01007615,0,-1
2020500935598,2020,500935598,1,9,0,2,2,0,0,0,0,0,0,0,0,0,2,1,5,6,2,44,7,1499,1,4,MINI COOPER,8,E01020197,0,-1
2020010282033,2020,010282033,1,9,0,15,15,5,1,0,0,2,0,0,0,0,4,1,6,6,2,52,8,1499,1,3,MINI COOPER,10,E01003811,0,-1
2020200945066,2020,200945066,4,9,0,18,19,1,5,0,0,0,0,0,0,0,2,1,1,1,2,57,9,1998,1,2,MINI COOPER,6,E01028888,0,-1
2020440479266,2020,440479266,1,9,0,18,19,4,8,0,0,8,0,0,0,0,1,1,6,6,1,20,4,1598,1,17,MINI COOPER,3,E01023205,0,-1
2020991000580,2020,991000580,1,9,0,17,19,1,7,0,0,0,5,0,1,4,4,1,6,6,2,38,7,1598,1,14,MINI COOPER,6,-1,0,-1
2020010275115,2020,010275115,1,9,0,4,4,5,1,0,0,0,0,0,0,0,1,1,6,6,2,22,5,1499,1,1,MINI COOPER,4,E01001694,0,-1
2020220971831,2020,220971831,3,9,0,18,19,6,2,0,0,0,0,0,0,0,3,1,6,6,1,21,5,1496,2,3,MINI COOPER,9,E01032173,0,-1
20201371V2199,2020,1371V2199,3,9,0,2,2,0,0,0,0,1,0,0,0,0,3,1,6,6,1,-1,-1,1499,1,4,MINI COOPER,-1,-1,0,-1
2020010252515,2020,010252515,1,9,0,4,4,1,5,0,0,0,0,0,0,0,2,1,6,6,2,50,8,1499,1,5,MINI COOPER,8,E01002333,0,-1
2020010283324,2020,010283324,3,9,0,4,4,7,3,0,0,1,0,0,0,0,1,1,6,6,2,61,9,1499,1,1,MINI COOPER,5,E01004662,0,-1
2020531008405,2020,531008405,1,9,0,15,15,3,8,0,0,2,5,0,7,9,1,1,5,6,1,54,8,1995,2,8,MINI COOPER,8,E01022462,0,-1
2020070584859,2020,070584859,1,9,0,17,19,5,1,0,0,2,2,0,7,4,4,1,6,6,1,22,5,1598,1,17,MINI COOPER,3,E01018401,0,-1
2020552000431,2020,552000431,2,9,0,3,3,5,3,0,0,1,0,0,0,0,2,1,6,6,2,61,9,1598,1,7,MINI COOPER,9,E01015437,0,-1
2020440384427,2020,440384427,1,9,0,18,19,5,1,0,0,0,1,0,0,6,1,1,1,1,2,28,6,1598,1,17,MINI COOPER,7,E01022513,0,-1
2020360944958,2020,360944958,1,9,0,2,2,0,0,0,0,0,0,0,0,0,4,1,2,2,2,28,6,1499,1,5,MINI COOPER,6,E01026553,0,-1
2020010248857,2020,010248857,1,9,0,10,10,7,5,0,0,1,0,0,0,0,4,1,6,6,2,57,9,1598,1,16,MINI COOPER,3,E01001930,0,-1
2020302000462,2020,302000462,1,9,0,18,19,6,2,0,0,4,0,0,0,0,2,1,6,6,1,45,7,1598,1,17,MINI COOPER,9,E01019464,0,-1
2020137C50981,2020,137C50981,1,9,0,18,19,5,1,0,0,2,0,10,6,0,4,1,6,6,2,72,10,1499,1,5,MINI COOPER,10,E01011845,0,-1
2020410986032,2020,410986032,1,9,0,4,4,3,7,0,0,0,0,0,1,4,1,1,5,6,1,34,6,1995,2,9,MINI COOPER,3,E01021847,0,-1
2020411023899,2020,411023899,2,9,0,3,3,1,5,0,0,0,0,0,0,0,2,1,5,6,2,49,8,1499,1,3,MINI COOPER,5,E01023392,0,-1
2020400942059,2020,400942059,1,9,0,18,19,1,5,0,0,0,0,0,0,0,4,1,5,6,2,21,5,1598,1,13,MINI COOPER,3,E01026024,0,-1
2020400989936,2020,400989936,1,9,0,18,19,8,4,0,0,1,0,0,0,0,4,1,5,6,2,33,6,1598,1,13,MINI COOPER,4,E01015786,0,-1
2020010250980,2020,010250980,1,9,0,18,19,7,3,0,0,4,0,9,7,0,1,1,6,6,2,24,5,1499,1,2,MINI COOPER,4,E01002455,0,-1
202006A171903,2020,06A171903,1,9,0,4,4,6,2,0,0,2,0,0,0,0,2,1,6,6,1,36,7,1598,1,15,MINI COOPER,6,E01005556,0,-1
2020200933981,2020,200933981,3,9,0,2,2,0,0,0,0,1,0,0,0,0,2,1,6,6,2,-1,-1,1496,2,6,MINI COOPER,6,E01017674,0,-1
2020410961410,2020,410961410,1,9,0,18,19,7,4,0,0,1,0,0,0,0,1,1,5,6,2,20,4,1598,1,15,MINI COOPER,10,E01023670,0,-1
2020160997484,2020,160997484,2,9,0,3,3,6,1,0,0,1,0,0,0,0,3,1,2,2,2,22,5,1598,1,12,MINI COOPER,9,E01013168,0,-1
202006XM75132,2020,06XM75132,3,9,0,4,4,5,1,0,0,1,0,0,0,0,2,1,6,6,2,18,4,1598,1,13,MINI COOPER,7,E01025361,0,-1
2020450920143,2020,450920143,1,9,0,9,9,8,6,0,0,8,0,0,0,0,1,1,5,6,2,54,8,1598,1,13,MINI COOPER,9,E01030330,0,-1
2020440409451,2020,440409451,2,9,0,18,19,1,5,0,0,0,0,0,0,0,1,1,6,6,1,58,9,1499,1,4,MINI COOPER,9,E01029188,0,-1
2020010273318,2020,010273318,1,9,0,99,99,9,9,99,99,9,9,99,9,99,1,9,6,6,2,42,7,1499,1,2,MINI COOPER,2,E01003086,0,-1
2020010246741,2020,010246741,1,9,0,99,99,9,9,99,99,9,9,99,9,99,2,9,6,6,1,25,5,1499,1,1,MINI COOPER,6,E01000844,0,-1
2020200995226,2020,200995226,1,9,0,18,19,6,2,0,0,1,0,0,0,0,0,1,6,6,1,26,6,1598,2,7,MINI COOPER,1,E01009109,0,-1
2020622000676,2020,622000676,1,9,0,18,19,2,6,0,0,8,0,7,0,0,1,1,6,6,1,74,10,1598,2,10,MINI COOPER,5,W01001101,0,-1
2020991000450,2020,991000450,1,9,0,10,10,4,2,0,0,1,0,0,0,0,2,1,6,6,2,49,8,1995,2,3,MINI COOPER,7,-1,0,-1
2020010282781,2020,010282781,2,9,0,99,99,9,9,99,99,9,9,99,9,99,1,9,6,6,3,30,6,1598,1,9,MINI COOPER,-1,-1,0,-1
2020544668920,2020,544668920,1,9,0,11,11,6,2,0,0,8,0,0,0,0,4,1,6,6,2,23,5,1499,1,2,MINI COOPER,9,E01032707,0,-1
2020400993442,2020,400993442,1,9,0,16,19,6,2,0,0,0,2,0,4,0,0,1,6,6,1,40,7,1598,1,17,MINI COOPER,10,E01017604,0,-1
2020040999250,2020,040999250,1,9,0,18,19,1,5,0,0,0,0,0,0,0,4,1,5,6,2,39,7,1598,1,18,MINI COOPER,1,E01024898,0,-1
2020622000355,2020,622000355,1,9,0,18,19,4,8,0,0,8,0,4,0,0,4,1,6,6,2,25,5,1598,1,18,MINI COOPER,7,W01001264,0,-1
2020320565531,2020,320565531,1,3,0,18,19,3,7,0,0,0,0,0,0,0,1,1,6,6,1,62,9,125,1,0,-1,-1,-1,0,-1
2020460916537,2020,460916537,2,9,0,18,19,1,7,0,0,1,0,0,0,0,3,1,5,6,1,36,7,3799,1,6,-1,9,E01024265,0,-1
2020010228419,2020,010228419,1,9,0,18,19,5,1,0,0,8,0,0,0,0,4,1,6,6,1,55,8,3799,1,9,-1,4,E01000609,0,-1
2020010249590,2020,010249590,1,9,0,99,99,9,9,99,99,9,9,99,9,99,9,9,6,6,1,58,9,3799,1,7,-1,7,E01004730,0,-1
2020501014833,2020,501014833,1,9,0,17,19,1,5,0,0,0,0,0,0,0,1,1,5,6,1,43,7,3799,1,1,-1,4,E01018846,0,-1
2020220983960,2020,220983960,2,9,0,18,19,1,5,0,0,0,0,0,0,0,1,1,5,6,1,52,8,1560,2,9,PEUGEOT 5008,10,E01028963,0,-1
2020360983692,2020,360983692,1,9,0,5,5,7,5,0,0,0,0,0,0,0,1,1,3,7,1,36,7,1997,2,10,PEUGEOT 5008,-1,-1,0,-1
2020221010486,2020,221010486,1,9,0,18,19,7,3,0,0,0,0,0,0,0,1,1,6,6,1,46,8,1560,2,8,PEUGEOT 5008,6,E01032372,0,-1
2020010272022,2020,010272022,1,8,9,99,99,9,9,99,99,0,9,99,9,99,9,9,6,6,1,35,6,1560,2,5,-1,2,E01001113,0,-1
2020010284795,2020,010284795,2,9,9,99,99,9,9,99,99,9,9,99,9,99,9,9,6,6,3,-1,-1,1200,1,0,PEUGEOT 5008,3,E01003073,0,-1
2020500923489,2020,500923489,2,9,0,2,2,0,0,0,0,0,0,0,0,0,0,1,6,6,1,75,10,1500,2,2,PEUGEOT 5008,9,E01015140,0,-1
2020100983842,2020,100983842,1,9,0,16,19,7,3,0,0,0,1,0,0,0,1,1,6,6,2,37,7,1500,2,0,PEUGEOT 5008,1,E01008824,0,-1
2020990949462,2020,990949462,1,9,0,18,19,2,6,0,0,6,0,0,0,0,1,1,6,6,1,77,11,1598,1,1,PEUGEOT 5008,4,-1,0,-1
2020350922830,2020,350922830,2,9,0,18,19,7,3,0,0,8,0,0,0,0,4,1,6,6,1,64,9,1598,1,2,PEUGEOT 5008,9,E01018221,0,-1
2020430149992,2020,430149992,2,9,0,18,19,3,7,0,0,8,0,0,0,0,1,1,6,6,2,56,9,1598,1,1,PEUGEOT 5008,6,E01017934,0,-1
2020140968450,2020,140968450,2,9,0,16,19,3,6,0,0,2,0,0,0,0,3,1,6,6,2,56,9,1560,2,6,PEUGEOT 5008,3,E01007632,0,-1
2020500995701,2020,500995701,1,9,0,18,19,7,3,0,0,0,0,0,0,0,4,1,3,7,1,43,7,1200,1,0,PEUGEOT 5008,1,E01015145,0,-1
2020522000643,2020,522000643,2,8,0,6,6,6,6,0,0,1,0,0,0,0,1,1,1,1,3,50,8,1560,2,4,-1,-1,-1,0,-1
2020010268013,2020,010268013,1,9,0,3,3,5,1,0,0,0,0,10,3,1,1,1,6,6,2,66,10,1598,1,0,PEUGEOT 5008,3,E01004452,0,-1
2020010240556,2020,010240556,2,9,0,99,99,9,9,99,99,9,9,99,9,99,9,9,6,6,3,52,8,1560,2,10,PEUGEOT 5008,3,E01004200,0,-1
2020010244104,2020,010244104,1,9,0,3,3,4,8,0,0,1,0,0,1,0,2,1,2,2,2,47,8,1560,2,4,PEUGEOT 5008,9,E01004132,0,-1
2020010229854,2020,010229854,1,9,0,5,5,3,7,0,0,0,0,0,0,0,2,1,6,6,1,37,7,1500,2,1,PEUGEOT 5008,1,E01004248,0,-1
2020552001140,2020,552001140,3,9,0,2,2,0,0,0,0,2,0,0,0,0,2,1,6,6,3,-1,-1,1560,2,5,PEUGEOT 5008,-1,-1,0,-1
2020430237922,2020,430237922,2,9,0,18,19,3,7,0,0,2,0,0,0,0,3,1,6,6,1,42,7,1200,1,1,PEUGEOT 5008,10,E01028711,0,-1
2020470974496,2020,470974496,1,9,0,18,19,2,4,0,0,1,0,0,0,0,4,1,5,6,2,43,7,1997,2,10,PEUGEOT 5008,4,E01003450,0,-1
2020522003988,2020,522003988,1,8,0,18,19,3,7,0,0,1,0,0,0,0,1,1,6,6,1,47,8,1560,2,7,-1,1,E01033366,0,-1
2020010237848,2020,010237848,1,9,0,18,19,5,1,0,0,0,0,0,0,0,1,1,2,2,1,29,6,1200,1,1,PEUGEOT 5008,10,E01023733,0,-1
2020610041320,2020,610041320,1,9,0,18,19,7,3,0,0,1,0,4,0,0,1,1,6,6,1,39,7,1560,2,7,PEUGEOT 5008,1,W01001376,0,-1
2020350955481,2020,350955481,4,9,0,2,2,0,0,0,0,0,0,0,0,0,3,1,6,6,1,38,7,1997,2,1,PEUGEOT 5008,3,E01015652,0,-1
2020137931394,2020,137931394,2,9,0,18,19,8,4,0,0,0,0,0,0,0,2,1,6,6,1,34,6,1560,2,10,PEUGEOT 5008,4,E01012810,0,-1
2020500980674,2020,500980674,2,9,0,18,19,5,1,0,0,0,0,0,0,0,1,1,5,6,1,49,8,1560,2,7,PEUGEOT 5008,6,E01018207,0,-1
202063A019920,2020,63A019920,2,9,0,13,13,1,5,0,0,1,1,0,7,10,1,1,2,2,1,49,8,1997,2,7,PEUGEOT 5008,8,W01000771,0,-1
2020010261825,2020,010261825,3,9,0,18,19,1,5,0,0,1,0,0,0,0,2,1,6,6,1,-1,-1,1500,2,1,PEUGEOT 5008,9,E01002225,0,-1
2020010240825,2020,010240825,1,9,0,5,5,1,5,0,0,4,0,0,0,0,2,1,6,6,2,36,7,1500,2,1,PEUGEOT 5008,4,E01001514,0,-1
2020040933020,2020,040933020,2,9,0,18,19,7,3,0,0,8,0,0,0,0,4,1,5,6,2,78,11,1500,2,1,PEUGEOT 5008,9,E01025470,0,-1
2020010277283,2020,010277283,2,9,0,99,99,9,9,99,99,9,9,99,9,99,9,9,6,6,3,-1,-1,1560,2,7,PEUGEOT 5008,-1,-1,0,-1
2020470986648,2020,470986648,1,9,0,18,19,1,5,0,0,0,0,0,0,0,2,1,1,1,1,31,6,1560,2,4,PEUGEOT 5008,6,E01020959,0,-1
2020137BJ0208,2020,137BJ0208,2,8,0,17,19,8,4,0,0,1,0,0,0,0,2,1,1,1,1,46,8,1560,2,5,-1,3,E01010998,0,-1
2020440275391,2020,440275391,1,9,0,18,19,1,5,0,0,1,0,0,0,0,1,1,6,6,1,57,9,1997,2,6,PEUGEOT 5008,2,E01022903,0,-1
2020010242158,2020,010242158,1,9,0,18,19,5,1,0,0,0,2,4,0,0,4,1,1,1,2,29,6,1200,1,1,PEUGEOT 5008,-1,-1,0,-1
2020070529397,2020,070529397,1,9,0,17,19,6,2,0,0,0,1,0,0,0,1,1,6,6,2,30,6,1500,2,2,PEUGEOT 5008,3,W01000342,0,-1
202063B085020,2020,63B085020,2,9,0,18,19,6,2,0,0,0,0,0,0,0,1,1,6,6,1,72,10,1560,2,10,PEUGEOT 5008,8,W01000506,0,-1
2020010245479,2020,010245479,2,9,0,99,99,9,9,99,99,0,9,99,9,99,1,9,6,6,3,41,7,1560,2,7,PEUGEOT 5008,5,E01000994,0,-1
202031C054620,2020,31C054620,2,9,0,18,19,6,2,0,0,0,0,0,0,0,3,1,6,6,1,34,6,1560,2,6,PEUGEOT 5008,1,E01013812,0,-1
2020030935516,2020,030935516,1,9,0,18,19,5,1,0,0,1,0,0,0,0,1,1,6,6,1,57,9,1560,2,8,PEUGEOT 5008,1,E01019113,0,-1
2020010276573,2020,010276573,1,9,0,18,19,3,7,0,0,8,0,0,0,0,1,1,2,2,1,46,8,1560,2,8,PEUGEOT 5008,4,E01001259,0,-1
2020010259068,2020,010259068,1,9,0,5,5,1,5,0,0,0,1,0,0,0,2,1,2,2,2,31,6,1200,1,2,PEUGEOT 5008,5,E01000747,0,-1
2020200958367,2020,200958367,1,9,0,18,19,3,7,0,0,0,0,0,0,0,1,1,6,6,1,43,7,1500,2,1,PEUGEOT 5008,1,E01010295,0,-1
2020010282011,2020,010282011,1,9,0,18,19,7,3,0,0,5,0,0,7,0,1,2,6,6,1,62,9,1200,1,0,PEUGEOT 5008,3,E01004063,0,-1
2020421005591,2020,421005591,1,9,0,18,19,6,2,0,0,0,0,0,1,0,1,1,2,2,1,53,8,1560,2,4,PEUGEOT 5008,6,E01030099,0,-1
2020530943046,2020,530943046,2,9,0,14,14,5,1,0,0,0,0,0,0,0,4,1,1,1,1,58,9,1560,2,3,PEUGEOT 5008,5,E01011855,0,-1
2020010278744,2020,010278744,2,9,0,9,9,5,3,0,0,1,0,0,0,0,1,1,1,1,2,48,8,1560,2,8,PEUGEOT 5008,9,E01004116,0,-1
2020990923262,2020,990923262,2,9,0,4,4,8,4,0,0,0,0,0,0,0,2,1,5,6,1,69,10,1500,2,1,PEUGEOT 5008,2,-1,0,-1
2020010254828,2020,010254828,1,9,0,9,9,7,5,0,0,1,0,0,0,0,4,1,6,6,1,66,10,1560,2,10,PEUGEOT 5008,6,E01002567,0,-1
2020010234385,2020,010234385,1,9,0,99,99,9,9,99,99,9,9,99,9,99,2,9,6,6,2,38,7,1560,2,4,PEUGEOT 5008,1,E01002588,0,-1
2020450977007,2020,450977007,2,9,0,9,9,8,4,0,0,8,0,0,7,0,3,1,5,6,2,56,9,1560,2,6,PEUGEOT 5008,9,E01022633,0,-1
2020450965959,2020,450965959,2,9,0,18,19,3,7,0,0,0,0,0,0,0,0,1,5,6,2,43,7,1560,2,6,PEUGEOT 5008,10,E01030461,0,-1
2020430327787,2020,430327787,2,9,0,18,19,1,5,0,0,0,0,0,0,0,1,1,6,6,1,35,6,1560,2,8,PEUGEOT 5008,10,E01028626,0,-1
2020010276992,2020,010276992,2,9,0,99,99,9,9,99,99,9,9,99,9,99,1,9,6,6,1,-1,-1,1200,1,1,PEUGEOT 5008,-1,-1,0,-1
20201379J0092,2020,1379J0092,3,9,0,2,2,0,0,0,0,0,0,0,0,0,0,1,6,6,3,-1,-1,1500,2,1,PEUGEOT 5008,-1,-1,0,-1
2020230939681,2020,230939681,1,9,0,9,9,4,2,0,0,5,0,0,0,0,4,1,5,6,1,53,8,1560,2,7,PEUGEOT 5008,10,E01031100,0,-1
2020010279961,2020,010279961,1,9,0,99,99,9,9,0,0,0,9,99,9,99,2,1,6,6,1,34,6,1560,2,10,PEUGEOT 5008,4,E01001480,0,-1
20201379J0992,2020,1379J0992,3,9,0,2,2,0,0,0,0,0,0,0,0,0,0,1,6,6,3,-1,-1,1500,2,1,PEUGEOT 5008,-1,-1,0,-1
2020010252679,2020,010252679,1,9,0,7,7,5,7,0,0,3,0,10,7,0,4,1,2,2,2,40,7,1598,1,2,PEUGEOT 5008,8,E01030698,0,-1
2020460933451,2020,460933451,2,9,0,18,19,-1,-1,0,0,1,0,0,0,0,2,1,6,6,2,29,6,1560,2,7,PEUGEOT 5008,2,E01021135,0,-1
2020010261111,2020,010261111,1,9,0,9,9,1,6,0,0,1,0,0,0,0,3,1,6,6,1,29,6,1500,2,1,PEUGEOT 5008,6,E01004577,0,-1
2020302000154,2020,302000154,1,9,0,9,9,3,1,0,0,2,0,0,0,0,3,1,6,6,1,30,6,1560,2,8,PEUGEOT 5008,8,E01029432,0,-1
2020340C00982,2020,340C00982,2,9,0,7,7,5,1,0,0,3,1,0,0,0,3,1,6,6,2,50,8,1560,2,6,PEUGEOT 5008,8,E01015628,0,-1
2020010243094,2020,010243094,2,9,0,2,2,0,0,9,9,1,0,0,0,0,4,1,6,6,3,-1,-1,1598,1,10,PEUGEOT 5008,-1,-1,0,-1
20201378T1013,2020,1378T1013,1,9,0,18,19,1,5,0,0,8,0,0,0,0,1,1,6,6,1,59,9,1200,1,3,PEUGEOT 5008,4,E01011777,0,-1
2020990927724,2020,990927724,1,9,0,5,5,1,4,0,0,1,0,0,0,0,1,1,5,6,2,35,6,1500,2,1,PEUGEOT 5008,8,-1,0,-1
2020201000686,2020,201000686,3,9,0,2,2,0,0,0,0,2,0,0,0,0,1,1,6,6,1,28,6,1560,2,5,PEUGEOT 5008,-1,-1,0,-1
2020010269342,2020,010269342,1,9,0,18,19,5,1,0,0,8,0,0,0,0,1,1,6,6,2,43,7,1598,1,1,PEUGEOT 5008,4,E01000162,0,-1
2020100997385,2020,100997385,2,8,0,18,19,3,7,0,0,0,0,0,0,0,4,1,1,1,1,54,8,1560,2,7,-1,4,E01008455,0,-1
2020010239042,2020,010239042,1,9,0,9,9,1,7,0,0,1,0,0,0,0,1,1,3,7,2,36,7,1598,1,1,PEUGEOT 5008,8,E01001452,0,-1
2020430079553,2020,430079553,2,9,0,18,19,8,4,0,0,4,0,0,1,1,1,1,6,6,2,35,6,1560,2,6,PEUGEOT 5008,4,W01000730,0,-1
2020420982540,2020,420982540,1,9,0,18,19,7,3,0,0,0,0,0,0,0,1,1,1,1,1,29,6,1598,1,0,PEUGEOT 5008,7,E01002301,0,-1
2020200981913,2020,200981913,3,9,0,2,2,0,0,0,0,2,0,4,0,0,2,1,6,6,2,-1,-1,1500,2,2,PEUGEOT 5008,7,E01009648,0,-1