collision_index,collision_year,collision_ref_no,vehicle_reference,vehicle_type,towing_and_articulation,vehicle_manoeuvre_historic,vehicle_manoeuvre,vehicle_direction_from,vehicle_direction_to,vehicle_location_restricted_lane_historic,vehicle_location_restricted_lane,junction_location,skidding_and_overturning,hit_object_in_carriageway,vehicle_leaving_carriageway,hit_object_off_carriageway,first_point_of_impact,vehicle_left_hand_drive,journey_purpose_of_driver_historic,journey_purpose_of_driver,sex_of_driver,age_of_driver,age_band_of_driver,engine_capacity_cc,propulsion_code,age_of_vehicle,generic_make_model,driver_imd_decile,lsoa_of_driver,escooter_flag,driver_distance_banding
2020137CF0722,2020,137CF0722,1,8,0,18,19,1,6,0,0,8,0,0,0,0,1,1,1,1,1,34,6,2493,8,6,-1,1,E01011916,0,-1
2020010271376,2020,010271376,2,8,0,99,99,9,9,99,99,0,9,99,9,99,2,9,6,6,1,30,6,2494,8,6,-1,3,E01004270,0,-1
2020990979553,2020,990979553,1,9,0,16,19,1,5,0,0,0,0,0,0,0,3,1,2,2,1,32,6,2494,8,2,LEXUS IS300,8,-1,0,-1
2020010264347,2020,010264347,2,9,0,99,99,9,9,99,99,9,9,99,9,99,3,9,6,6,3,30,6,2493,8,7,LEXUS IS300,-1,-1,0,-1
2020100996462,2020,100996462,1,9,0,18,19,2,2,0,0,0,0,0,0,0,4,1,6,6,1,51,8,2494,8,5,LEXUS IS300,3,E01008598,0,-1
2020010249822,2020,010249822,1,8,0,99,99,9,9,99,99,9,9,99,9,99,1,9,6,6,1,22,5,2494,8,4,-1,3,E01001338,0,-1
2020010277400,2020,010277400,1,9,0,5,5,7,3,0,0,2,0,0,0,0,0,1,1,1,1,32,6,2494,8,5,LEXUS IS300,3,E01000819,0,-1
2020010234896,2020,010234896,1,9,0,9,9,8,5,0,0,5,0,0,0,0,4,1,1,1,1,33,6,2494,8,5,LEXUS IS300,6,E01017793,0,-1
2020010232490,2020,010232490,1,9,0,18,19,6,2,0,0,2,0,0,0,0,1,1,6,6,1,33,6,2494,8,5,LEXUS IS300,7,E01000572,0,-1
2020010278666,2020,010278666,2,9,0,99,99,9,9,99,99,9,9,99,9,99,9,9,6,6,1,71,10,2494,8,3,LEXUS IS300,9,E01000303,0,-1
2020010231614,2020,010231614,1,9,0,99,99,9,9,99,99,0,9,99,9,99,1,9,6,6,1,45,7,2493,8,7,LEXUS IS300,3,E01000577,0,-1
2020470995118,2020,470995118,1,9,0,18,19,3,7,0,0,0,0,0,0,0,4,1,5,6,1,86,11,2493,8,6,LEXUS IS300,9,E01031728,0,-1
2020210957266,2020,210957266,2,9,0,18,19,3,7,0,0,8,0,0,0,0,4,1,6,6,1,23,5,2494,8,4,LEXUS IS300,9,E01029690,0,-1
2020501016645,2020,501016645,2,9,0,5,5,3,7,0,0,6,0,0,0,0,1,1,1,1,1,38,7,2493,8,6,LEXUS IS300,5,E01015070,0,-1
2020220936358,2020,220936358,3,9,0,18,19,2,6,0,0,0,0,11,0,0,1,1,2,2,1,58,9,2494,8,2,LEXUS IS300,3,E01009837,0,-1
2020990929658,2020,990929658,1,9,0,16,19,2,4,0,0,1,0,0,0,0,3,1,5,6,1,75,10,2494,8,4,LEXUS IS300,8,E01002892,0,-1
2020010290535,2020,010290535,1,8,0,18,19,3,7,0,0,1,0,0,0,0,2,1,6,6,2,32,6,2494,8,5,-1,2,E01001114,0,-1
2020010272398,2020,010272398,1,9,0,10,10,7,5,0,0,6,0,0,0,0,1,1,6,6,1,21,5,2494,8,5,LEXUS IS300,2,E01003190,0,-1
2020010247526,2020,010247526,1,9,0,99,99,9,9,99,99,9,9,99,9,99,2,9,6,6,1,32,6,2494,8,4,LEXUS IS300,2,E01002033,0,-1
2020010249697,2020,010249697,1,9,0,99,99,9,9,99,99,0,9,99,9,99,2,9,2,2,1,48,8,2494,8,4,LEXUS IS300,2,E01000091,0,-1
2020990982344,2020,990982344,2,5,0,18,19,3,7,0,0,0,0,0,0,0,1,1,5,6,1,66,10,600,1,63,-1,9,-1,0,-1
2020470980693,2020,470980693,1,5,0,18,19,1,5,0,0,0,0,0,1,11,4,1,5,6,1,63,9,745,1,53,-1,8,E01030838,0,-1
2020990968997,2020,990968997,2,8,0,18,19,8,4,0,0,2,0,0,0,0,4,1,1,1,1,65,9,2143,2,2,-1,7,-1,0,-1
2020010228503,2020,010228503,1,11,0,18,19,7,3,0,0,1,0,0,0,0,4,1,1,1,1,70,10,10667,2,4,-1,3,E01004562,0,-1
2020170M11600,2020,170M11600,1,11,0,4,4,6,2,0,0,0,0,0,0,0,0,1,1,1,2,42,7,10667,2,2,-1,3,E01012306,0,-1
2020010266600,2020,010266600,2,11,0,13,13,5,1,0,0,1,0,0,0,0,4,1,1,1,1,48,8,10667,2,0,-1,4,E01015793,0,-1
2020010280988,2020,010280988,1,11,0,99,99,9,9,99,99,9,9,99,9,99,9,9,6,6,1,41,7,10677,2,5,-1,6,E01023388,0,-1
2020010234177,2020,010234177,2,11,0,8,8,5,8,0,0,4,0,0,0,0,0,1,2,2,2,64,9,10667,2,3,-1,5,E01004076,0,-1
2020470941977,2020,470941977,1,9,0,9,9,3,1,0,0,5,0,0,0,0,4,1,5,6,1,49,8,1275,1,-1,-1,6,E01016927,0,-1
202006K270241,2020,06K270241,1,20,0,4,4,4,8,0,0,0,1,0,0,0,2,1,1,1,1,51,8,2977,2,15,-1,1,E01004841,0,-1
2020500981506,2020,500981506,2,20,0,2,2,0,0,0,0,0,0,4,0,0,2,1,6,6,1,55,8,3908,2,16,-1,3,E01019052,0,-1
2020421006199,2020,421006199,1,19,0,18,19,5,1,0,0,1,0,0,0,0,1,1,1,1,1,23,5,2977,2,15,-1,10,E01022084,0,-1
2020070717276,2020,070717276,1,19,0,18,19,5,1,0,0,0,5,0,0,0,3,1,1,1,1,37,7,2977,2,17,-1,5,E01004767,0,-1
2020440023039,2020,440023039,1,9,0,18,19,2,6,0,0,0,1,0,2,10,1,1,6,6,1,24,5,1998,1,21,-1,4,E01022474,0,-1
2020552000698,2020,552000698,2,9,0,17,19,3,8,0,0,0,0,0,0,0,1,1,6,6,1,32,6,1998,1,21,-1,7,E01020570,0,-1
2020201027042,2020,201027042,1,9,0,18,19,8,4,0,0,0,0,10,7,0,1,1,6,6,1,41,7,1998,1,25,-1,10,E01009821,0,-1
2020990951942,2020,990951942,1,9,0,8,8,3,1,0,0,1,0,0,0,0,0,1,5,6,1,34,6,1998,1,24,-1,7,-1,0,-1
2020010248981,2020,010248981,1,9,0,9,9,3,8,0,0,3,0,0,0,0,4,1,6,6,1,90,11,1580,1,25,-1,-1,-1,0,-1
2020470963640,2020,470963640,1,90,0,5,5,2,6,0,0,0,0,0,0,0,2,1,5,6,1,69,10,1997,2,1,-1,4,E01020971,0,-1
2020460954944,2020,460954944,1,2,0,17,19,8,4,0,0,0,0,0,0,0,1,1,5,6,1,16,4,50,1,0,-1,7,E01024743,0,-1
202054C087620,2020,54C087620,1,3,0,18,19,4,8,0,0,4,0,0,0,0,1,1,6,6,1,16,4,-1,-1,-1,-1,9,E01031968,0,-1
2020030959594,2020,030959594,1,97,0,18,19,4,8,0,0,0,0,0,0,0,1,1,6,6,1,16,4,50,1,0,-1,1,E01019156,0,-1
2020220965343,2020,220965343,4,9,0,18,19,8,4,0,0,0,0,0,0,0,1,1,5,6,1,58,9,1498,1,0,-1,1,E01008022,0,-1
2020010262463,2020,010262463,3,9,0,18,19,4,8,0,0,8,0,0,0,0,3,1,6,6,2,70,10,999,1,1,-1,6,E01003764,0,-1
2020122001219,2020,122001219,1,9,0,13,13,5,1,0,0,0,0,11,0,0,0,1,6,6,2,74,10,1498,1,1,-1,9,E01027882,0,-1
202031B111020,2020,31B111020,2,9,0,9,9,1,7,0,0,5,0,0,0,0,3,1,6,6,1,77,11,999,1,1,-1,10,E01013042,0,-1
2020160961459,2020,160961459,2,98,0,4,4,4,7,0,0,6,1,0,0,0,3,1,1,1,1,36,7,1499,2,0,-1,4,E01006641,0,-1
2020350943451,2020,350943451,1,98,0,18,19,1,5,0,0,0,0,0,0,0,1,1,1,1,1,28,6,1997,2,5,-1,4,E01026654,0,-1
2020070119200,2020,070119200,1,19,0,9,9,7,5,0,0,1,0,0,0,0,3,1,1,1,1,36,7,1997,2,2,TOYOTA PROACE,1,E01013954,0,-1
2020200940676,2020,200940676,1,19,0,18,19,1,5,0,0,0,0,0,0,0,4,1,6,6,1,44,7,1997,2,6,TOYOTA PROACE,2,E01008964,0,-1
2020320027253,2020,320027253,1,98,0,17,19,5,1,0,0,1,0,0,1,4,1,1,2,2,1,25,5,1560,2,1,-1,6,E01026251,0,-1
2020990953642,2020,990953642,1,19,0,18,19,5,1,0,0,0,0,0,0,0,3,1,6,6,1,54,8,1997,2,6,TOYOTA PROACE,3,-1,0,-1
2020230990215,2020,230990215,1,19,0,18,19,8,4,0,0,1,0,0,0,0,1,1,5,6,1,41,7,1997,2,0,TOYOTA PROACE,10,E01031179,0,-1
2020200970542,2020,200970542,1,9,0,18,19,2,6,0,0,8,0,0,0,0,1,1,6,6,1,33,6,1997,2,1,-1,2,E01010059,0,-1
2020420982968,2020,420982968,2,19,0,9,9,3,7,0,0,8,0,0,0,0,3,1,5,6,1,41,7,1997,2,5,TOYOTA PROACE,9,E01021756,0,-1
2020140929433,2020,140929433,2,19,0,4,4,8,4,0,0,0,0,0,0,0,2,1,1,1,1,47,8,1997,2,1,TOYOTA PROACE,7,E01011155,0,-1
2020200951471,2020,200951471,2,19,0,2,2,0,0,0,0,8,0,0,0,0,3,1,1,1,1,43,7,1997,2,1,TOYOTA PROACE,5,E01008885,0,-1
2020140966807,2020,140966807,2,98,0,5,5,3,7,0,0,1,0,0,0,0,1,1,2,2,1,31,6,1499,2,0,-1,2,E01007745,0,-1
2020990937076,2020,990937076,1,19,0,18,19,6,2,0,0,0,1,0,0,0,1,1,1,1,1,37,7,1997,2,2,TOYOTA PROACE,6,-1,0,-1
2020400938252,2020,400938252,2,19,0,16,19,6,2,0,0,0,0,0,0,0,1,1,5,6,1,59,9,1997,2,1,TOYOTA PROACE,9,E01027066,0,-1
2020350959579,2020,350959579,2,9,0,18,19,1,5,0,0,0,0,0,0,0,2,1,2,2,1,56,9,1997,2,1,-1,4,E01018044,0,-1
2020010258148,2020,010258148,1,19,0,99,99,9,9,99,99,9,9,99,9,99,2,9,6,6,1,24,5,1997,2,2,TOYOTA PROACE,9,E01024440,0,-1
2020520004903,2020,520004903,2,9,0,18,19,2,6,0,0,0,0,0,0,0,4,1,6,6,3,-1,-1,1499,2,0,-1,-1,-1,0,-1
2020430314697,2020,430314697,1,19,0,18,19,6,2,0,0,0,0,0,0,0,1,1,1,1,1,56,9,1997,2,2,TOYOTA PROACE,2,E01016368,0,-1
2020470941820,2020,470941820,2,98,0,18,19,2,6,0,0,1,0,0,0,0,2,1,5,6,1,35,6,1997,2,3,-1,10,E01031619,0,-1
2020010230907,2020,010230907,2,10,0,99,99,9,9,99,99,0,9,99,9,99,1,9,6,6,3,-1,-1,-1,-1,-1,-1,-1,-1,0,-1
202031C173820,2020,31C173820,1,8,0,1,1,1,5,0,0,0,0,4,0,0,2,1,1,1,1,-1,-1,1997,2,1,-1,1,E01013822,0,-1
20201372H1437,2020,1372H1437,2,19,0,18,19,1,5,0,0,8,0,0,0,0,1,1,6,6,1,30,6,1997,2,1,TOYOTA PROACE,7,E01010999,0,-1
2020450976085,2020,450976085,1,9,0,18,19,2,4,0,0,1,0,0,0,0,3,1,6,6,1,43,7,1997,2,0,-1,3,E01030793,0,-1
2020141006918,2020,141006918,3,98,0,18,19,5,1,0,0,1,0,0,0,0,1,1,1,1,1,57,9,1499,2,0,-1,6,W01001147,0,-1
2020400985581,2020,400985581,2,19,0,18,19,3,7,0,0,0,0,0,0,0,1,1,2,2,1,42,7,1560,2,4,TOYOTA PROACE,2,E01015807,0,-1
202054B667620,2020,54B667620,1,19,0,6,6,5,1,0,0,0,0,0,0,0,3,1,1,1,1,41,7,1997,2,1,TOYOTA PROACE,7,E01032694,0,-1
2020350955335,2020,350955335,1,19,0,18,19,8,4,0,0,2,0,0,0,0,1,1,1,1,1,31,6,1560,2,1,TOYOTA PROACE,4,E01015623,0,-1
2020160934214,2020,160934214,2,98,0,18,19,6,2,0,0,1,0,0,0,0,2,1,1,1,1,50,8,1997,2,1,-1,8,E01013273,0,-1
2020552100016,2020,552100016,1,19,0,18,19,3,7,0,0,0,0,0,0,0,4,1,1,1,2,59,9,1560,2,2,TOYOTA PROACE,8,E01020588,0,-1
2020370996188,2020,370996188,1,9,0,18,19,3,7,0,0,0,0,0,0,0,3,1,5,6,2,31,6,1997,2,1,-1,1,E01030018,0,-1
2020010236161,2020,010236161,1,19,0,9,9,7,4,0,0,1,0,0,0,0,1,1,2,2,1,33,6,1499,2,1,TOYOTA PROACE,6,E01030973,0,-1
2020370966467,2020,370966467,2,9,0,9,9,5,3,0,0,1,1,0,1,0,2,1,4,7,2,56,9,1362,1,6,-1,8,E01025923,0,-1
2020160994377,2020,160994377,1,9,0,9,9,3,5,0,0,1,0,0,0,0,1,1,2,2,2,29,6,1362,1,7,-1,2,E01012775,0,-1
2020430242818,2020,430242818,2,9,0,18,19,5,1,0,0,8,0,0,0,0,1,1,6,6,1,34,6,1362,1,6,-1,7,E01028474,0,-1
2020470917196,2020,470917196,1,9,0,18,19,6,2,0,0,2,0,0,7,11,1,1,3,7,2,44,7,1364,1,5,-1,5,E01021000,0,-1
2020440421754,2020,440421754,1,9,0,4,4,1,5,0,0,0,0,0,0,0,2,1,6,6,2,22,5,1956,2,7,-1,7,E01022561,0,-1
2020302000867,2020,302000867,1,9,0,9,9,1,7,0,0,1,0,0,0,0,3,1,1,1,1,38,7,1364,1,4,-1,8,E01019691,0,-1
2020052001681,2020,052001681,1,9,0,7,7,6,2,0,0,1,0,0,0,0,1,1,2,2,1,41,7,-1,-1,-1,-1,6,E01007252,0,-1
202054A401920,2020,54A401920,1,9,0,18,19,7,3,0,0,0,1,0,2,11,1,1,6,6,1,27,6,1956,2,7,-1,6,E01032078,0,-1
2020100970876,2020,100970876,2,9,0,18,19,7,2,0,0,0,0,0,0,0,2,1,5,6,2,56,9,1364,1,3,-1,-1,-1,0,-1
2020500934985,2020,500934985,1,19,0,18,19,1,5,0,0,0,0,0,0,0,1,1,1,1,1,50,8,2464,2,10,VAUXHALL MOVANO,1,E01015043,0,-1
2020501014288,2020,501014288,4,19,0,18,19,2,6,0,0,0,0,0,0,0,1,1,1,1,1,46,8,2299,2,1,VAUXHALL MOVANO,1,E01015233,0,-1
2020430327243,2020,430327243,1,19,0,4,4,5,1,0,0,0,1,0,0,0,1,1,1,1,1,31,6,2299,2,0,VAUXHALL MOVANO,2,E01028454,0,-1
2020140959483,2020,140959483,1,19,0,9,9,3,8,0,0,5,0,0,0,0,1,1,5,6,1,26,6,2299,2,1,VAUXHALL MOVANO,-1,-1,0,-1
2020170M11920,2020,170M11920,1,19,0,14,14,4,8,0,0,8,0,0,0,0,1,1,1,1,1,28,6,2299,2,5,VAUXHALL MOVANO,-1,-1,0,-1
2020340N01162,2020,340N01162,1,19,0,18,19,3,7,0,0,8,0,0,0,0,3,1,6,6,1,-1,-1,2299,2,8,VAUXHALL MOVANO,-1,-1,0,-1
2020470935168,2020,470935168,2,19,0,18,19,2,6,0,0,0,0,0,0,0,1,1,6,6,1,50,8,2299,2,4,VAUXHALL MOVANO,7,E01021385,0,-1
2020010259306,2020,010259306,2,19,0,3,3,3,7,0,0,1,0,0,0,0,1,1,1,1,1,55,8,2299,2,2,VAUXHALL MOVANO,1,E01024614,0,-1
2020040949706,2020,040949706,1,19,0,18,19,7,3,9,9,0,5,0,1,11,1,1,5,6,1,37,7,2464,2,13,VAUXHALL MOVANO,2,E01004812,0,-1
2020460980900,2020,460980900,1,10,0,4,4,7,3,0,0,1,0,0,0,0,1,1,5,6,1,52,8,-1,-1,-1,-1,-1,-1,0,-1
2020440259344,2020,440259344,1,10,0,18,19,1,5,0,0,0,0,0,0,0,1,1,1,1,1,72,10,2497,2,13,-1,5,E01030481,0,-1
2020411002138,2020,411002138,1,19,0,18,19,1,5,0,0,0,0,0,0,0,1,1,1,1,1,28,6,2299,2,1,VAUXHALL MOVANO,7,E01001290,0,-1
2020552000498,2020,552000498,2,19,0,18,19,7,3,0,0,8,0,0,0,0,1,1,1,1,1,42,7,2463,2,16,VAUXHALL MOVANO,8,E01020344,0,-1
2020052001488,2020,052001488,3,19,0,3,3,6,2,0,0,8,0,0,0,0,2,1,2,2,1,70,10,2464,2,11,VAUXHALL MOVANO,1,E01033764,0,-1
2020470939428,2020,470939428,1,19,0,4,4,3,1,0,0,1,0,0,0,0,1,1,6,6,1,22,5,2463,2,14,VAUXHALL MOVANO,5,E01021001,0,-1
2020140963312,2020,140963312,2,19,0,4,4,1,5,0,0,0,0,4,0,0,2,1,1,1,1,51,8,2299,2,1,VAUXHALL MOVANO,2,E01027983,0,-1
2020010274781,2020,010274781,2,19,0,99,99,9,9,0,0,9,9,99,9,99,9,1,6,6,3,-1,-1,2299,2,7,VAUXHALL MOVANO,7,E01002412,0,-1
2020010237447,2020,010237447,1,20,0,99,99,9,9,0,0,1,0,0,0,0,3,9,6,6,2,46,8,-1,-1,-1,-1,7,E01030569,0,-1
2020420917941,2020,420917941,2,19,0,2,2,0,0,0,0,0,0,0,0,0,2,1,1,1,1,44,7,2299,2,2,VAUXHALL MOVANO,7,E01032797,0,-1
2020401004815,2020,401004815,2,19,0,18,19,3,7,0,0,7,0,0,0,0,1,1,6,6,1,28,6,2299,2,2,VAUXHALL MOVANO,3,E01016721,0,-1
2020010255271,2020,010255271,1,19,0,2,2,0,0,0,0,5,0,0,0,0,2,1,6,6,3,-1,-1,2299,2,1,VAUXHALL MOVANO,-1,-1,0,-1
2020010260456,2020,010260456,2,19,0,18,19,5,1,0,0,8,0,0,0,0,2,1,6,6,3,-1,-1,2299,2,2,VAUXHALL MOVANO,-1,-1,0,-1
2020070452874,2020,070452874,1,19,0,18,19,7,3,0,0,1,0,0,0,0,1,1,6,6,1,-1,-1,2187,2,17,VAUXHALL MOVANO,-1,-1,0,-1
2020552000403,2020,552000403,3,19,0,4,4,2,8,0,0,5,0,0,0,0,0,1,1,1,1,39,7,2299,2,4,VAUXHALL MOVANO,8,E01020416,0,-1
2020430334931,2020,430334931,4,19,0,18,19,5,1,0,0,0,0,0,0,0,2,1,2,2,1,55,8,2299,2,2,VAUXHALL MOVANO,-1,-1,0,-1
2020440307131,2020,440307131,2,19,0,18,19,5,1,0,0,0,0,0,0,0,1,1,6,6,1,55,8,2299,2,2,VAUXHALL MOVANO,10,E01022790,0,-1
2020470990005,2020,470990005,1,19,0,12,12,8,4,0,0,2,0,0,0,0,3,1,6,6,1,56,9,2299,2,3,VAUXHALL MOVANO,5,E01024032,0,-1
2020990984080,2020,990984080,1,19,0,18,19,5,1,0,0,0,0,0,0,0,1,1,1,1,1,49,8,2299,2,3,VAUXHALL MOVANO,4,-1,0,-1
2020160955018,2020,160955018,1,19,0,18,19,1,5,0,0,0,0,0,0,0,4,1,6,6,1,-1,-1,2299,2,2,VAUXHALL MOVANO,-1,-1,0,-1
2020460918803,2020,460918803,1,19,0,4,4,7,3,0,0,1,0,0,0,0,1,1,6,6,1,28,6,2299,2,4,VAUXHALL MOVANO,-1,-1,0,-1
2020040970762,2020,040970762,1,19,0,4,4,5,1,0,0,1,0,0,0,0,1,1,1,1,1,41,7,2299,2,7,VAUXHALL MOVANO,1,E01013727,0,-1
2020410971827,2020,410971827,3,19,0,16,19,2,6,0,0,1,0,0,7,0,4,1,1,1,1,38,7,2299,2,3,VAUXHALL MOVANO,2,E01012357,0,-1
2020410957872,2020,410957872,1,19,0,9,9,5,7,0,0,1,0,0,0,0,1,1,1,1,1,37,7,2464,2,12,VAUXHALL MOVANO,4,E01023403,0,-1
2020101002222,2020,101002222,1,19,0,5,5,5,1,9,9,1,0,0,0,0,4,1,1,1,1,41,7,2299,2,4,VAUXHALL MOVANO,-1,-1,0,-1
2020302000235,2020,302000235,2,19,0,9,9,2,1,0,0,5,0,0,0,0,1,1,1,1,1,37,7,2299,2,4,VAUXHALL MOVANO,1,E01019575,0,-1
2020450969193,2020,450969193,2,19,0,18,19,1,5,0,0,0,0,0,0,0,1,1,6,6,1,40,7,2299,2,6,VAUXHALL MOVANO,9,E01031004,0,-1
2020440197429,2020,440197429,2,19,0,16,19,5,2,0,0,0,5,0,1,0,2,1,2,2,1,32,6,2464,2,11,VAUXHALL MOVANO,3,E01000195,0,-1
2020470963412,2020,470963412,3,19,0,7,7,3,5,0,0,1,0,0,0,0,0,1,6,6,1,66,10,2299,2,5,VAUXHALL MOVANO,7,E01031813,0,-1
2020370980474,2020,370980474,1,19,0,18,19,8,4,0,0,0,0,0,0,0,1,1,1,1,1,24,5,2299,2,2,VAUXHALL MOVANO,7,E01029885,0,-1
2020530917077,2020,530917077,1,19,0,5,5,3,1,0,0,8,0,0,0,0,1,1,2,2,1,75,10,2299,2,9,VAUXHALL MOVANO,5,E01022448,0,-1
2020340C04592,2020,340C04592,1,19,0,5,5,0,3,6,6,0,0,0,0,0,1,1,1,1,1,67,10,2463,2,15,VAUXHALL MOVANO,7,E01013808,0,-1
2020500981713,2020,500981713,1,19,0,18,19,1,5,0,0,1,0,0,0,0,1,1,6,6,1,37,7,2299,2,5,VAUXHALL MOVANO,5,E01020148,0,-1
2020137BP0812,2020,137BP0812,2,19,0,2,2,0,0,0,0,0,0,0,0,0,2,1,6,6,3,-1,-1,2299,2,8,VAUXHALL MOVANO,-1,-1,0,-1
2020170S10080,2020,170S10080,1,19,0,18,19,6,2,0,0,0,0,0,0,0,1,1,1,1,1,64,9,2299,2,5,VAUXHALL MOVANO,1,E01012252,0,-1
2020200987688,2020,200987688,4,19,0,2,2,0,0,0,0,0,0,0,0,0,3,1,6,6,3,-1,-1,2463,2,16,VAUXHALL MOVANO,-1,-1,0,-1
2020160979261,2020,160979261,1,19,0,1,1,1,5,0,0,0,0,0,0,0,2,1,1,1,1,54,8,2299,2,2,VAUXHALL MOVANO,1,E01007543,0,-1
2020410976491,2020,410976491,1,19,0,9,9,7,3,0,0,1,0,0,0,0,4,1,1,1,1,36,7,2299,2,4,VAUXHALL MOVANO,2,E01004467,0,-1
2020010242483,2020,010242483,1,19,0,9,9,6,4,0,0,8,0,0,0,0,1,2,1,1,1,24,5,2299,2,3,VAUXHALL MOVANO,6,E01023582,0,-1
2020990994657,2020,990994657,1,19,0,18,19,4,8,0,0,0,0,0,0,0,1,1,1,1,1,48,8,2299,2,1,VAUXHALL MOVANO,6,-1,0,-1
2020010263025,2020,010263025,2,20,9,99,99,9,9,99,99,9,9,99,9,99,1,9,6,6,3,-1,-1,2299,2,5,-1,-1,-1,0,-1
2020420979776,2020,420979776,3,19,0,15,15,6,2,0,0,0,5,0,1,0,1,1,1,1,1,39,7,2299,2,7,VAUXHALL MOVANO,2,E01033705,0,-1
2020470966411,2020,470966411,1,20,0,18,19,4,8,0,0,4,0,0,0,0,1,1,6,6,1,62,9,-1,-1,-1,-1,8,E01030528,0,-1
2020501000575,2020,501000575,2,19,0,18,19,8,4,0,0,8,0,0,7,0,1,1,5,6,1,51,8,2464,2,12,VAUXHALL MOVANO,5,E01033291,0,-1
2020470991892,2020,470991892,1,20,0,9,9,7,4,0,0,6,0,0,0,0,3,1,1,1,1,56,9,-1,-1,-1,-1,5,E01016416,0,-1
2020990975389,2020,990975389,1,19,0,18,19,6,2,0,0,1,0,0,0,0,0,1,1,1,3,33,6,2299,2,2,VAUXHALL MOVANO,7,-1,0,-1
2020421002956,2020,421002956,1,19,0,16,19,7,3,0,0,0,0,0,0,0,1,1,1,1,1,37,7,2299,2,1,VAUXHALL MOVANO,7,E01002420,0,-1
20201373C0416,2020,1373C0416,2,19,0,18,19,4,8,0,0,0,0,0,0,0,2,1,1,1,1,28,6,2299,2,9,VAUXHALL MOVANO,5,E01011233,0,-1
2020542920820,2020,542920820,1,19,0,18,19,5,1,0,0,0,0,0,0,0,1,1,1,1,1,23,5,2299,2,7,VAUXHALL MOVANO,8,E01032100,0,-1
2020430309719,2020,430309719,1,19,0,18,19,3,7,0,0,0,0,0,0,0,3,1,1,1,1,30,6,2299,2,4,VAUXHALL MOVANO,3,E01017568,0,-1
2020548110820,2020,548110820,1,19,0,4,4,1,5,0,0,0,1,0,0,0,1,1,6,6,1,28,6,2299,2,6,VAUXHALL MOVANO,3,E01027152,0,-1
2020320142461,2020,320142461,1,20,0,18,19,3,7,0,0,6,0,0,7,0,1,1,6,6,1,50,8,-1,-1,-1,-1,2,E01026172,0,-1
2020010271387,2020,010271387,2,19,0,99,99,9,9,99,99,0,9,99,9,99,4,9,6,6,3,58,9,2299,2,3,VAUXHALL MOVANO,10,E01021219,0,-1
2020320561394,2020,320561394,1,19,0,17,19,1,5,0,0,0,0,0,0,0,1,1,2,2,1,49,8,2299,2,7,VAUXHALL MOVANO,1,E01008076,0,-1
2020210995805,2020,210995805,1,19,0,10,10,8,4,0,0,0,1,0,0,0,1,1,5,6,1,50,8,2299,2,6,VAUXHALL MOVANO,3,E01029408,0,-1
2020052001585,2020,052001585,2,19,0,9,9,5,2,0,0,5,0,0,0,0,1,1,1,1,1,61,9,2463,2,13,VAUXHALL MOVANO,6,E01007248,0,-1
2020122001232,2020,122001232,2,19,5,2,2,0,0,0,0,0,0,0,0,0,2,1,1,1,1,53,8,2299,2,6,VAUXHALL MOVANO,4,E01018402,0,-1
2020302000114,2020,302000114,1,19,0,18,19,4,8,0,0,1,0,0,0,0,1,1,1,1,1,47,8,2299,2,5,VAUXHALL MOVANO,1,E01006493,0,-1
2020010236049,2020,010236049,1,19,0,7,7,3,5,99,99,6,0,0,0,0,4,9,1,1,1,39,7,2299,2,2,VAUXHALL MOVANO,2,E01000015,0,-1
2020440009984,2020,440009984,3,19,0,3,3,6,2,0,0,1,0,0,0,0,1,1,2,2,1,49,8,2299,2,5,VAUXHALL MOVANO,5,E01019719,0,-1
202063D015320,2020,63D015320,1,19,0,18,19,6,2,0,0,1,1,0,0,0,1,1,1,1,1,39,7,2299,2,5,VAUXHALL MOVANO,6,W01000433,0,-1
2020010282376,2020,010282376,1,19,0,18,19,3,7,0,0,8,0,0,0,0,1,1,2,2,1,65,9,2299,2,3,VAUXHALL MOVANO,6,E01002113,0,-1
2020010249930,2020,010249930,2,19,4,99,99,9,9,99,99,9,9,99,9,99,9,9,6,6,3,29,6,2299,2,2,VAUXHALL MOVANO,-1,-1,0,-1
2020552000098,2020,552000098,1,19,0,18,19,7,3,0,0,1,0,0,0,0,1,1,1,1,1,55,8,2299,2,7,VAUXHALL MOVANO,10,E01020402,0,-1
2020040961706,2020,040961706,2,19,0,18,19,5,1,0,0,8,0,0,0,0,3,1,1,1,1,53,8,2299,2,3,VAUXHALL MOVANO,4,E01033072,0,-1
2020140987475,2020,140987475,1,19,0,5,5,3,2,0,0,0,0,0,0,0,0,1,6,6,3,-1,-1,2299,2,9,VAUXHALL MOVANO,-1,-1,0,-1
2020470933587,2020,470933587,2,19,0,18,19,3,7,0,0,1,0,0,0,0,2,1,2,2,1,50,8,2299,2,1,VAUXHALL MOVANO,6,E01020960,0,-1
2020010267079,2020,010267079,3,19,0,3,3,7,3,0,0,1,0,0,0,0,1,1,1,1,1,23,5,2299,2,0,VAUXHALL MOVANO,5,E01002492,0,-1