collision_index,collision_year,collision_ref_no,vehicle_reference,vehicle_type,towing_and_articulation,vehicle_manoeuvre_historic,vehicle_manoeuvre,vehicle_direction_from,vehicle_direction_to,vehicle_location_restricted_lane_historic,vehicle_location_restricted_lane,junction_location,skidding_and_overturning,hit_object_in_carriageway,vehicle_leaving_carriageway,hit_object_off_carriageway,first_point_of_impact,vehicle_left_hand_drive,journey_purpose_of_driver_historic,journey_purpose_of_driver,sex_of_driver,age_of_driver,age_band_of_driver,engine_capacity_cc,propulsion_code,age_of_vehicle,generic_make_model,driver_imd_decile,lsoa_of_driver,escooter_flag,driver_distance_banding
2020450958041,2020,450958041,1,19,0,1,1,5,1,0,0,0,0,0,0,0,2,1,1,1,1,33,6,2299,2,4,VAUXHALL MOVANO,-1,-1,0,-1
2020070103506,2020,070103506,2,19,0,18,19,4,8,0,0,8,0,0,0,0,1,1,6,6,1,42,7,2299,2,6,VAUXHALL MOVANO,6,E01012540,0,-1
2020010245450,2020,010245450,1,20,0,18,19,8,4,0,0,0,0,5,0,0,1,1,1,1,1,21,5,-1,-1,-1,-1,5,E01030984,0,-1
2020302001119,2020,302001119,2,19,0,18,19,6,4,0,0,1,0,0,0,0,1,1,6,6,1,27,6,2299,2,6,VAUXHALL MOVANO,9,E01027144,0,-1
2020010283135,2020,010283135,2,19,0,99,99,9,9,99,99,9,9,99,9,99,9,9,6,6,3,-1,-1,2299,2,7,VAUXHALL MOVANO,-1,-1,0,-1
2020420934453,2020,420934453,2,19,0,4,4,7,3,0,0,1,0,0,0,0,2,1,1,1,1,38,7,2299,2,6,VAUXHALL MOVANO,3,E01023310,0,-1
2020552000819,2020,552000819,1,19,0,5,5,1,5,0,0,4,0,0,0,0,1,1,1,1,1,38,7,2299,2,0,VAUXHALL MOVANO,6,E01017200,0,-1
202006K367191,2020,06K367191,2,19,0,18,19,5,1,0,0,1,0,0,0,0,3,1,6,6,1,31,6,2464,2,13,VAUXHALL MOVANO,1,E01004859,0,-1
2020990965089,2020,990965089,1,19,0,18,19,6,2,0,0,2,0,0,0,0,1,1,1,1,2,27,6,2299,2,1,VAUXHALL MOVANO,10,-1,0,-1
2020040977229,2020,040977229,1,19,0,18,19,1,5,0,0,1,0,0,0,0,1,1,2,2,1,26,6,2299,2,9,VAUXHALL MOVANO,1,E01025584,0,-1
2020450954876,2020,450954876,3,19,0,3,3,1,5,0,0,2,0,0,0,0,0,1,6,6,1,45,7,2187,2,17,VAUXHALL MOVANO,10,E01030873,0,-1
2020302001566,2020,302001566,1,19,0,5,5,0,0,9,9,0,0,0,0,0,2,1,1,1,1,50,8,2464,2,13,VAUXHALL MOVANO,6,E01019732,0,-1
2020140951509,2020,140951509,3,19,0,18,19,5,1,0,0,2,0,0,0,0,4,1,6,6,1,30,6,2299,2,6,VAUXHALL MOVANO,-1,-1,0,-1
2020530986690,2020,530986690,1,19,0,5,5,3,7,0,0,4,0,0,0,0,1,1,1,1,1,47,8,2299,2,9,VAUXHALL MOVANO,5,E01022321,0,-1
2020500953235,2020,500953235,2,19,0,18,19,3,7,0,0,8,0,0,0,0,3,1,1,1,2,55,8,2464,2,10,VAUXHALL MOVANO,6,E01020312,0,-1
2020010261033,2020,010261033,1,19,0,16,19,1,5,1,1,2,0,0,0,0,2,1,1,1,1,68,10,2299,2,1,VAUXHALL MOVANO,5,E01001652,0,-1
2020040976783,2020,040976783,2,19,0,16,19,5,1,0,0,0,0,0,0,0,1,1,1,1,1,51,8,2299,2,6,VAUXHALL MOVANO,7,E01025609,0,-1
2020450960996,2020,450960996,2,19,0,14,14,5,1,0,0,0,0,0,0,0,4,1,6,6,1,37,7,2299,2,4,VAUXHALL MOVANO,10,E01030395,0,-1
2020420965954,2020,420965954,2,19,0,18,19,1,5,0,0,0,1,0,7,0,1,1,1,1,1,40,7,2299,2,0,VAUXHALL MOVANO,8,E01002265,0,-1
2020070766356,2020,070766356,1,19,0,7,7,5,3,0,0,6,0,0,0,0,3,1,6,6,1,-1,-1,2299,2,5,VAUXHALL MOVANO,-1,-1,0,-1
2020010231729,2020,010231729,2,19,0,4,4,3,7,0,0,8,0,0,1,0,1,1,1,1,1,43,7,2299,2,4,VAUXHALL MOVANO,4,E01001756,0,-1
2020100949260,2020,100949260,2,9,0,18,19,6,2,0,0,1,1,10,1,10,3,1,5,6,1,63,9,1984,1,19,VOLKSWAGEN BEETLE,-1,-1,0,-1
2020052002543,2020,052002543,1,9,0,18,19,6,2,0,0,1,0,0,0,0,1,1,6,6,2,45,7,1596,1,14,VOLKSWAGEN BEETLE,1,E01007048,0,-1
2020460922532,2020,460922532,1,9,0,6,6,5,7,0,0,8,0,0,0,0,3,1,5,6,2,33,6,1596,1,18,VOLKSWAGEN BEETLE,4,E01024090,0,-1
2020010261570,2020,010261570,2,9,9,7,7,3,5,99,99,5,9,99,9,99,9,9,6,6,1,49,8,1390,1,7,VOLKSWAGEN BEETLE,9,E01002994,0,-1
2020200970681,2020,200970681,1,9,0,7,7,5,7,0,0,5,0,0,0,0,4,1,6,6,2,39,7,1596,1,14,VOLKSWAGEN BEETLE,5,E01010160,0,-1
202031A159720,2020,31A159720,1,9,0,9,9,5,3,0,0,5,0,0,0,0,4,1,6,6,2,37,7,1984,1,15,VOLKSWAGEN BEETLE,4,E01027996,0,-1
2020552000443,2020,552000443,2,9,0,18,19,8,4,0,0,8,0,0,0,0,1,1,6,6,2,58,9,1398,1,15,VOLKSWAGEN BEETLE,8,E01015378,0,-1
2020530966156,2020,530966156,1,9,0,17,19,6,4,0,0,1,0,0,0,0,3,1,5,6,2,21,5,1390,1,10,VOLKSWAGEN BEETLE,8,E01022387,0,-1
2020010242333,2020,010242333,2,9,0,2,2,0,0,0,0,1,0,4,0,0,1,1,6,6,3,-1,-1,1968,2,6,VOLKSWAGEN BEETLE,-1,-1,0,-1
2020410943658,2020,410943658,1,9,0,18,19,3,7,0,0,1,0,0,0,0,3,1,6,6,2,30,6,1984,1,15,VOLKSWAGEN BEETLE,5,E01023765,0,-1
2020340D00802,2020,340D00802,3,9,0,18,19,7,3,0,0,1,0,0,0,0,1,1,6,6,2,52,8,1595,1,10,VOLKSWAGEN BEETLE,8,E01026993,0,-1
2020622001022,2020,622001022,2,9,0,2,2,0,0,0,0,0,0,0,0,0,3,1,6,6,3,-1,-1,1398,1,15,VOLKSWAGEN BEETLE,-1,-1,0,-1
2020370958833,2020,370958833,1,9,0,4,4,-1,-1,0,0,0,0,4,0,0,1,1,5,6,2,27,6,1596,1,14,VOLKSWAGEN BEETLE,7,E01030098,0,-1
2020460957243,2020,460957243,1,9,0,17,19,1,5,0,0,0,0,0,0,0,0,1,5,6,2,72,10,1395,1,2,VOLKSWAGEN BEETLE,9,E01023999,0,-1
2020460971144,2020,460971144,2,9,0,17,19,1,3,0,0,1,0,0,0,0,3,1,6,6,2,43,7,1398,1,11,VOLKSWAGEN BEETLE,6,E01033091,0,-1
202054C673520,2020,54C673520,3,9,0,9,9,5,3,0,0,8,0,0,0,0,4,1,6,6,2,43,7,1968,2,8,VOLKSWAGEN BEETLE,8,E01015562,0,-1
202031B045220,2020,31B045220,1,9,0,6,6,4,4,0,0,6,0,0,0,0,3,1,6,6,1,25,5,1596,1,18,VOLKSWAGEN BEETLE,9,E01019805,0,-1
2020421002829,2020,421002829,1,9,0,18,19,5,5,0,0,1,0,0,3,11,1,1,6,6,2,27,6,1596,1,18,VOLKSWAGEN BEETLE,5,E01021680,0,-1
2020430211168,2020,430211168,2,9,0,2,2,0,0,0,0,0,0,0,0,0,2,1,6,6,1,-1,-1,1984,1,14,VOLKSWAGEN BEETLE,10,E01023421,0,-1
2020010283769,2020,010283769,1,9,0,18,19,1,5,0,0,0,1,10,3,4,1,1,6,6,1,-1,-1,1984,1,20,VOLKSWAGEN BEETLE,-1,-1,0,-1
2020201009948,2020,201009948,1,9,0,5,5,4,8,0,0,6,0,0,0,0,1,1,6,6,2,51,8,1598,2,5,VOLKSWAGEN BEETLE,6,E01009034,0,-1
2020540339520,2020,540339520,1,9,0,18,19,5,1,0,0,1,0,0,0,0,1,1,6,6,2,44,7,1596,1,15,VOLKSWAGEN BEETLE,5,E01032068,0,-1
2020990952069,2020,990952069,1,9,0,16,19,6,2,0,0,0,2,0,2,0,3,1,6,6,1,55,8,1984,1,20,VOLKSWAGEN BEETLE,5,-1,0,-1
2020137B20852,2020,137B20852,2,9,0,4,4,4,8,0,0,0,0,0,0,0,2,1,6,6,2,76,11,1595,1,17,VOLKSWAGEN BEETLE,3,E01010657,0,-1
2020200946480,2020,200946480,1,9,0,18,19,4,8,0,0,1,0,0,0,0,2,1,6,6,1,30,6,1595,1,17,VOLKSWAGEN BEETLE,4,E01010361,0,-1
2020450918292,2020,450918292,2,9,0,4,4,5,1,0,0,8,0,0,0,0,1,1,5,6,2,39,7,1197,1,3,VOLKSWAGEN BEETLE,9,E01030568,0,-1
2020990985427,2020,990985427,1,9,0,18,19,8,4,0,0,1,0,0,0,0,4,1,5,6,2,71,10,1896,2,9,VOLKSWAGEN BEETLE,7,-1,0,-1
2020530917554,2020,530917554,2,9,0,18,19,6,2,0,0,0,0,0,1,11,1,1,6,6,1,56,9,1984,1,16,VOLKSWAGEN BEETLE,6,E01022211,0,-1
2020231008982,2020,231008982,2,9,0,14,14,2,6,0,0,0,0,0,0,0,1,1,3,7,2,54,8,1596,1,18,VOLKSWAGEN BEETLE,10,E01031123,0,-1
2020040987956,2020,040987956,2,9,0,18,19,1,5,0,0,0,0,0,0,0,1,1,5,6,2,21,5,1596,1,13,VOLKSWAGEN BEETLE,8,E01011188,0,-1
2020430070245,2020,430070245,1,9,0,7,7,3,6,0,0,1,0,0,0,0,3,1,6,6,1,31,6,1984,1,20,VOLKSWAGEN BEETLE,9,E01028426,0,-1
2020320095132,2020,320095132,2,9,0,18,19,1,5,0,0,0,0,12,0,0,1,1,2,2,1,43,7,1596,1,10,VOLKSWAGEN BEETLE,2,E01013187,0,-1
2020010262192,2020,010262192,1,9,0,18,19,1,5,0,0,1,0,0,0,0,1,1,6,6,2,50,8,1984,1,14,VOLKSWAGEN BEETLE,4,E01003074,0,-1
2020552000399,2020,552000399,1,9,0,9,9,3,8,0,0,8,0,0,0,0,3,1,6,6,2,46,8,1596,1,12,VOLKSWAGEN BEETLE,10,E01020407,0,-1
2020460946052,2020,460946052,1,9,0,18,19,7,3,0,0,8,0,0,0,0,1,1,5,6,2,49,8,1984,1,20,VOLKSWAGEN BEETLE,4,E01024698,0,-1
2020500974934,2020,500974934,2,9,0,16,19,2,7,0,0,0,0,0,0,0,3,1,6,6,2,57,9,1600,1,20,VOLKSWAGEN BEETLE,5,E01018903,0,-1
2020991010969,2020,991010969,3,9,0,17,19,2,7,0,0,0,0,0,0,0,1,1,2,2,1,30,6,1197,1,6,VOLKSWAGEN BEETLE,6,-1,0,-1
2020410978951,2020,410978951,2,9,0,1,1,7,3,0,0,8,0,0,0,0,2,1,6,6,2,20,4,1595,1,16,VOLKSWAGEN BEETLE,9,E01018029,0,-1
2020430335328,2020,430335328,2,9,0,9,9,4,2,0,0,4,0,0,0,0,3,1,6,6,1,-1,-1,1984,1,17,VOLKSWAGEN BEETLE,10,E01016538,0,-1
2020201011690,2020,201011690,1,9,0,9,9,8,6,0,0,6,0,0,0,0,1,1,6,6,2,49,8,1390,1,16,VOLKSWAGEN BEETLE,2,E01010397,0,-1
2020200997039,2020,200997039,2,9,0,18,19,4,8,0,0,8,0,7,7,1,1,1,6,6,2,53,8,1596,1,10,VOLKSWAGEN BEETLE,2,E01010090,0,-1
202006L168316,2020,06L168316,2,9,0,3,3,6,2,0,0,0,0,0,0,0,2,1,6,6,2,30,6,1390,1,14,VOLKSWAGEN BEETLE,1,E01006254,0,-1
2020010282182,2020,010282182,2,9,0,5,5,5,1,0,0,0,0,0,0,0,1,1,3,7,2,41,7,1984,1,12,VOLKSWAGEN BEETLE,5,E01001301,0,-1
2020010236289,2020,010236289,2,9,0,4,4,8,4,0,0,1,0,0,0,0,1,1,6,6,2,18,4,1197,1,2,VOLKSWAGEN BEETLE,4,E01000290,0,-1
2020160941437,2020,160941437,2,9,0,18,19,2,6,0,0,8,0,0,0,0,1,1,5,6,2,34,6,1968,2,7,VOLKSWAGEN BEETLE,7,E01012815,0,-1
2020500988337,2020,500988337,1,9,0,18,19,7,3,0,0,0,0,0,0,0,4,1,1,1,2,59,9,1596,1,14,VOLKSWAGEN BEETLE,2,E01020016,0,-1
2020500976973,2020,500976973,2,9,0,3,3,4,8,0,0,0,0,0,0,0,2,1,5,6,2,36,7,1968,2,7,VOLKSWAGEN BEETLE,3,E01015235,0,-1
202031C103320,2020,31C103320,1,9,0,4,4,3,7,0,0,4,0,0,0,0,2,1,6,6,2,35,6,1596,1,10,VOLKSWAGEN BEETLE,3,E01033403,0,-1
2020200975985,2020,200975985,2,9,0,10,10,6,4,0,0,1,0,0,0,0,2,1,1,1,1,44,7,1984,1,18,VOLKSWAGEN BEETLE,10,E01032886,0,-1
2020351003168,2020,351003168,3,9,0,18,19,1,5,0,0,0,0,0,0,0,3,1,5,6,1,65,9,1968,2,7,VOLKSWAGEN BEETLE,8,E01017426,0,-1
2020420964878,2020,420964878,2,9,0,18,19,3,7,0,0,1,0,0,0,0,1,1,5,6,2,57,9,1390,1,7,VOLKSWAGEN BEETLE,9,E01021577,0,-1
2020010237529,2020,010237529,2,9,0,18,19,4,8,0,0,8,0,0,0,0,1,1,6,6,1,24,5,1596,1,13,VOLKSWAGEN BEETLE,1,E01002094,0,-1
2020220944828,2020,220944828,1,9,0,4,4,6,2,0,0,0,0,0,0,0,2,1,5,6,1,58,9,1984,1,20,VOLKSWAGEN BEETLE,5,E01032354,0,-1
2020360935706,2020,360935706,2,9,0,18,19,6,2,0,0,0,0,0,0,0,2,1,4,7,2,18,4,1596,1,17,VOLKSWAGEN BEETLE,2,E01026716,0,-1
2020052001546,2020,052001546,4,9,0,18,19,5,1,0,0,0,0,0,0,0,1,1,6,6,1,52,8,1598,2,5,VOLKSWAGEN BEETLE,10,E01007146,0,-1
2020122000342,2020,122000342,3,9,0,4,4,5,1,0,0,2,0,0,0,0,2,1,2,2,2,37,7,1598,2,7,VOLKSWAGEN BEETLE,10,E01027615,0,-1
2020410948135,2020,410948135,1,9,0,5,5,1,5,0,0,1,0,0,0,0,1,1,6,6,1,34,6,1896,2,16,VOLKSWAGEN BEETLE,4,E01017599,0,-1
2020990999590,2020,990999590,1,9,0,5,5,1,5,0,0,0,0,0,0,0,1,1,2,2,2,27,6,1197,1,6,VOLKSWAGEN BEETLE,3,-1,0,-1
2020010232488,2020,010232488,1,9,0,18,19,1,5,0,0,8,0,0,0,0,1,1,2,2,2,34,6,1984,1,17,VOLKSWAGEN BEETLE,9,E01003828,0,-1
2020420946146,2020,420946146,1,9,0,18,19,7,3,0,0,0,0,0,0,0,1,1,6,6,2,29,6,1197,1,4,VOLKSWAGEN BEETLE,9,E01021280,0,-1
2020440068348,2020,440068348,2,9,0,5,5,4,1,0,0,8,0,0,0,0,1,1,2,2,2,24,5,1398,1,16,VOLKSWAGEN BEETLE,8,E01022935,0,-1
2020140955818,2020,140955818,1,9,0,9,9,3,4,0,0,8,0,0,0,0,1,1,5,6,2,20,4,1596,1,13,VOLKSWAGEN BEETLE,7,E01007834,0,-1
2020552000568,2020,552000568,1,9,0,4,4,4,8,0,0,0,0,0,0,0,2,1,6,6,2,40,7,1984,1,19,VOLKSWAGEN BEETLE,6,E01020443,0,-1
2020230971519,2020,230971519,1,9,0,18,19,6,2,0,0,0,0,0,0,0,1,1,5,6,2,43,7,1984,1,14,VOLKSWAGEN BEETLE,4,E01031067,0,-1
2020470919728,2020,470919728,2,9,0,18,19,8,4,0,0,8,0,0,0,0,1,1,5,6,2,58,9,1781,1,12,VOLKSWAGEN BEETLE,9,E01031685,0,-1
2020420960457,2020,420960457,1,9,0,18,19,1,5,0,0,0,0,7,4,0,4,1,5,6,2,18,4,1390,1,16,VOLKSWAGEN BEETLE,3,E01002279,0,-1
2020410990295,2020,410990295,1,9,0,9,9,8,6,0,0,8,0,0,0,0,3,1,6,6,2,24,5,1197,1,3,VOLKSWAGEN BEETLE,5,E01023630,0,-1
2020610032620,2020,610032620,1,9,0,18,19,6,2,0,0,1,0,0,0,0,3,1,6,6,1,-1,-1,1596,1,17,VOLKSWAGEN BEETLE,5,W01001432,0,-1
202006L269222,2020,06L269222,1,9,0,18,19,7,3,0,0,1,0,0,0,0,1,1,6,6,3,-1,-1,1896,2,11,VOLKSWAGEN BEETLE,-1,-1,0,-1
2020122000779,2020,122000779,1,9,0,10,10,1,5,0,0,1,0,0,0,0,1,1,6,6,2,28,6,1596,1,10,VOLKSWAGEN BEETLE,3,E01027862,0,-1
2020501001684,2020,501001684,2,9,0,18,19,3,7,0,0,0,0,0,0,0,2,1,5,6,1,43,7,1968,2,4,VOLKSWAGEN BEETLE,1,E01015267,0,-1
20201379B0494,2020,1379B0494,1,9,0,1,1,1,5,0,0,0,0,0,0,0,2,1,1,1,2,37,7,1398,1,15,VOLKSWAGEN BEETLE,4,E01010856,0,-1
2020140928091,2020,140928091,1,9,0,18,19,2,6,0,0,8,0,0,0,0,1,1,2,2,2,55,8,1197,1,2,VOLKSWAGEN BEETLE,8,E01007832,0,-1
202006E167960,2020,06E167960,1,9,0,1,1,8,4,0,0,1,0,0,0,0,2,1,6,6,1,34,6,1596,1,16,VOLKSWAGEN BEETLE,3,E01005641,0,-1
2020350932494,2020,350932494,2,9,0,18,19,8,4,0,0,1,5,0,0,0,3,1,5,6,2,45,7,1984,1,19,VOLKSWAGEN BEETLE,2,E01018070,0,-1
2020211010596,2020,211010596,2,9,0,18,19,3,7,0,0,0,0,0,0,0,1,1,6,6,2,39,7,1896,2,13,VOLKSWAGEN BEETLE,-1,-1,0,-1
2020400979002,2020,400979002,2,9,0,18,19,3,7,0,0,8,0,0,0,0,1,1,6,6,2,51,8,1984,1,20,VOLKSWAGEN BEETLE,4,E01017599,0,-1
2020552000367,2020,552000367,1,9,0,18,19,1,5,0,0,0,0,0,0,0,1,1,6,6,2,45,7,1896,2,17,VOLKSWAGEN BEETLE,5,E01020469,0,-1
2020500987319,2020,500987319,2,9,0,17,19,1,2,0,0,0,0,0,0,0,2,1,2,2,1,34,6,1968,2,6,VOLKSWAGEN BEETLE,6,E01019068,0,-1
2020031009359,2020,031009359,2,9,0,2,2,0,0,0,0,0,0,0,0,0,4,1,6,6,1,-1,-1,1896,2,13,VOLKSWAGEN BEETLE,7,E01019093,0,-1
2020221014056,2020,221014056,1,9,0,18,19,2,6,0,0,0,2,0,5,6,1,1,5,6,2,32,6,1968,2,8,VOLKSWAGEN BEETLE,9,W01001578,0,-1
2020440410566,2020,440410566,1,9,0,18,19,2,6,0,0,8,0,0,0,0,1,1,6,6,2,65,9,1197,1,5,VOLKSWAGEN BEETLE,9,E01022564,0,-1
2020470980450,2020,470980450,1,9,0,18,19,8,2,0,0,3,0,7,1,4,1,1,6,6,3,-1,-1,1984,1,16,VOLKSWAGEN BEETLE,-1,-1,0,-1
2020360957013,2020,360957013,1,9,0,18,19,2,5,0,0,1,0,0,0,0,1,1,5,6,2,57,9,1984,1,20,VOLKSWAGEN BEETLE,1,E01026827,0,-1
2020070688823,2020,070688823,2,9,0,18,19,7,3,0,0,1,0,2,0,0,1,1,6,6,2,31,6,1596,1,12,VOLKSWAGEN BEETLE,5,E01018706,0,-1
202063A013420,2020,63A013420,1,9,0,18,19,8,4,0,0,0,1,0,4,6,1,1,6,6,2,44,7,1896,2,16,VOLKSWAGEN BEETLE,5,W01000627,0,-1
2020622000485,2020,622000485,2,9,0,5,5,2,6,0,0,1,0,0,0,0,2,1,6,6,2,32,6,1896,2,14,VOLKSWAGEN BEETLE,9,W01000815,0,-1
2020460916850,2020,460916850,2,9,0,3,3,0,0,0,0,1,0,0,0,0,2,1,6,6,2,20,4,1596,1,16,VOLKSWAGEN BEETLE,4,E01024142,0,-1
2020360945146,2020,360945146,2,9,0,18,19,7,3,0,0,8,0,0,0,0,1,1,5,6,1,47,8,1197,1,5,VOLKSWAGEN BEETLE,5,E01026845,0,-1
2020430054147,2020,430054147,1,9,0,17,19,4,7,0,0,0,0,0,7,10,3,1,6,6,1,47,8,1781,1,18,VOLKSWAGEN BEETLE,7,E01028598,0,-1
2020410932218,2020,410932218,1,9,0,18,19,8,4,0,0,0,0,4,0,0,1,1,6,6,2,48,8,1596,1,18,VOLKSWAGEN BEETLE,4,E01023401,0,-1
2020520002748,2020,520002748,1,9,0,18,19,4,8,0,0,0,0,0,0,0,3,1,6,6,1,42,7,1896,2,18,VOLKSWAGEN BEETLE,4,E01029329,0,-1
2020340N00282,2020,340N00282,3,9,0,2,2,0,0,0,0,2,0,0,0,0,3,1,6,6,3,-1,-1,1984,1,15,VOLKSWAGEN BEETLE,-1,-1,0,-1
2020500946760,2020,500946760,1,9,0,16,19,6,2,0,0,0,1,0,0,0,1,1,5,6,2,22,5,1595,1,18,VOLKSWAGEN BEETLE,6,E01019030,0,-1
2020070590662,2020,070590662,1,9,0,18,19,7,3,0,0,1,0,0,0,0,3,1,2,2,1,30,6,1968,2,5,VOLKSWAGEN BEETLE,1,E01012479,0,-1
2020400965243,2020,400965243,2,9,-1,-1,-1,7,3,-1,-1,3,-1,-1,-1,0,-1,1,5,6,2,37,7,1395,1,4,VOLKSWAGEN BEETLE,7,E01016770,0,-1
2020500928466,2020,500928466,3,9,0,2,2,0,0,0,0,2,0,0,1,11,1,1,6,6,2,69,10,1781,1,19,VOLKSWAGEN BEETLE,3,E01018989,0,-1
2020230976483,2020,230976483,2,9,0,5,5,5,1,0,0,6,0,0,0,0,2,1,5,6,2,51,8,1596,1,12,VOLKSWAGEN BEETLE,6,E01033253,0,-1
2020552001166,2020,552001166,4,9,0,2,2,0,0,9,9,0,0,0,0,0,3,1,6,6,3,-1,-1,1390,1,13,VOLKSWAGEN BEETLE,-1,-1,0,-1
202031D075220,2020,31D075220,2,9,0,2,2,0,0,0,0,0,0,0,0,0,2,1,6,6,3,-1,-1,1968,2,4,VOLKSWAGEN BEETLE,-1,-1,0,-1
2020010269176,2020,010269176,1,9,0,7,7,1,4,0,0,5,0,0,0,0,1,1,2,2,1,46,8,1197,1,4,VOLKSWAGEN BEETLE,6,E01004532,0,-1
2020010262025,2020,010262025,2,9,9,2,2,0,0,0,0,1,9,0,0,0,3,9,6,6,3,-1,-1,1500,1,-1,VOLKSWAGEN BEETLE,-1,-1,0,-1
2020122001254,2020,122001254,1,9,0,10,10,5,3,0,0,8,5,0,1,11,4,1,6,6,1,20,4,1896,2,11,VOLKSWAGEN BEETLE,10,E01013374,0,-1
2020040971993,2020,040971993,2,9,0,18,19,3,7,0,0,0,0,0,1,1,4,1,2,2,2,21,5,1390,1,7,VOLKSWAGEN BEETLE,7,E01012602,0,-1
2020070269760,2020,070269760,2,9,0,18,19,1,6,0,0,1,0,0,0,0,1,1,6,6,2,24,5,1197,1,5,VOLKSWAGEN BEETLE,8,E01018403,0,-1
202031C161620,2020,31C161620,2,9,0,5,5,1,5,0,0,0,0,0,0,0,3,1,6,6,2,35,6,1984,1,16,VOLKSWAGEN BEETLE,1,E01013881,0,-1
2020500968017,2020,500968017,1,9,0,18,19,1,5,0,0,0,0,0,0,0,1,1,5,6,2,68,10,1896,2,18,VOLKSWAGEN BEETLE,4,E01018773,0,-1
2020500958387,2020,500958387,1,9,0,16,19,3,6,0,0,0,0,0,7,2,1,1,2,2,2,37,7,1984,1,16,VOLKSWAGEN BEETLE,4,E01019918,0,-1
2020100919604,2020,100919604,2,9,0,3,3,7,3,0,0,1,0,0,0,0,2,1,5,6,2,55,8,1896,2,16,VOLKSWAGEN BEETLE,2,E01008478,0,-1
2020200947168,2020,200947168,1,9,0,9,9,2,8,0,0,6,0,0,0,0,1,1,6,6,2,45,7,1596,1,14,VOLKSWAGEN BEETLE,5,E01010475,0,-1
2020450989181,2020,450989181,3,9,0,18,19,2,6,0,0,0,0,0,0,0,2,1,5,6,1,22,5,1197,1,6,VOLKSWAGEN BEETLE,8,E01004589,0,-1
2020990920242,2020,990920242,3,9,0,18,19,7,2,0,0,1,0,0,0,0,2,1,5,6,2,55,8,1595,1,10,VOLKSWAGEN BEETLE,2,-1,0,-1
2020450993670,2020,450993670,2,9,0,18,19,1,1,0,0,0,0,0,0,0,1,1,6,6,2,35,6,1390,1,7,VOLKSWAGEN BEETLE,9,E01030339,0,-1
2020010248953,2020,010248953,2,9,9,99,99,9,9,0,0,1,9,0,0,0,4,1,6,6,3,23,5,1984,1,17,VOLKSWAGEN BEETLE,10,E01004478,0,-1
2020052000076,2020,052000076,2,9,0,9,9,8,6,0,0,8,0,0,0,0,4,1,6,6,2,55,8,1596,1,11,VOLKSWAGEN BEETLE,4,E01006681,0,-1
2020201018429,2020,201018429,1,9,0,5,5,2,6,0,0,6,0,0,0,0,1,1,6,6,2,54,8,1984,1,20,VOLKSWAGEN BEETLE,5,E01010517,0,-1
202006E168614,2020,06E168614,1,9,0,18,19,4,8,0,0,2,0,0,0,0,2,1,6,6,2,30,6,1390,1,13,VOLKSWAGEN BEETLE,10,E01005808,0,-1
2020170M11180,2020,170M11180,2,9,0,18,19,6,2,0,0,0,0,0,0,0,1,1,6,6,1,32,6,1598,2,7,VOLKSWAGEN BEETLE,7,E01012152,0,-1
2020200952506,2020,200952506,1,9,0,5,5,8,4,0,0,0,0,4,0,0,1,1,6,6,1,29,6,1596,1,18,VOLKSWAGEN BEETLE,3,E01009553,0,-1
2020010271310,2020,010271310,1,9,0,4,4,2,6,0,0,0,0,0,0,0,4,1,3,7,2,45,7,1781,1,16,VOLKSWAGEN BEETLE,3,E01000335,0,-1
2020552000089,2020,552000089,2,9,0,2,2,0,0,9,9,0,0,0,0,0,2,1,2,2,2,44,7,1596,1,12,VOLKSWAGEN BEETLE,9,E01020362,0,-1
2020501002493,2020,501002493,1,9,0,1,1,1,5,0,0,8,0,0,7,11,2,1,3,7,2,35,6,1984,1,13,VOLKSWAGEN BEETLE,9,E01020090,0,-1
2020460920371,2020,460920371,2,9,0,18,19,1,5,0,0,0,0,0,0,0,2,1,6,6,2,34,6,1390,1,11,VOLKSWAGEN BEETLE,8,E01016144,0,-1
2020052001966,2020,052001966,1,9,0,17,19,5,1,0,0,0,2,0,0,0,1,1,2,2,2,34,6,1984,1,19,VOLKSWAGEN BEETLE,7,E01007144,0,-1
2020440306328,2020,440306328,2,9,0,4,4,3,7,0,0,1,0,0,0,0,1,1,6,6,2,30,6,1896,2,18,VOLKSWAGEN BEETLE,4,E01017087,0,-1
2020450920145,2020,450920145,2,9,0,7,7,3,7,0,0,3,0,0,0,0,4,1,5,6,2,23,5,1781,1,14,VOLKSWAGEN BEETLE,8,E01030409,0,-1
2020350980257,2020,350980257,2,9,0,18,19,7,3,0,0,0,0,0,0,0,3,1,5,6,2,19,4,1984,1,20,VOLKSWAGEN BEETLE,5,E01018233,0,-1
2020100922781,2020,100922781,1,9,0,16,19,3,7,0,0,0,1,0,1,0,1,1,5,6,1,28,6,1896,2,18,VOLKSWAGEN BEETLE,5,E01033718,0,-1
2020471004844,2020,471004844,1,9,0,18,19,8,4,0,0,0,0,0,0,0,1,1,5,6,2,49,8,1984,1,15,VOLKSWAGEN BEETLE,10,E01024817,0,-1
2020010248305,2020,010248305,2,9,0,9,9,3,1,0,0,1,0,0,0,0,0,1,2,2,1,24,5,1984,1,20,VOLKSWAGEN BEETLE,3,E01001326,0,-1
2020010241495,2020,010241495,1,9,0,5,5,4,8,0,0,1,0,0,0,0,1,1,6,6,2,36,7,1984,1,19,VOLKSWAGEN BEETLE,2,E01002606,0,-1
2020221009199,2020,221009199,1,9,0,3,3,7,2,0,0,0,0,0,0,0,1,1,5,6,1,61,9,1285,1,-1,VOLKSWAGEN BEETLE,5,E01014079,0,-1