collision_index,collision_year,collision_ref_no,vehicle_reference,vehicle_type,towing_and_articulation,vehicle_manoeuvre_historic,vehicle_manoeuvre,vehicle_direction_from,vehicle_direction_to,vehicle_location_restricted_lane_historic,vehicle_location_restricted_lane,junction_location,skidding_and_overturning,hit_object_in_carriageway,vehicle_leaving_carriageway,hit_object_off_carriageway,first_point_of_impact,vehicle_left_hand_drive,journey_purpose_of_driver_historic,journey_purpose_of_driver,sex_of_driver,age_of_driver,age_band_of_driver,engine_capacity_cc,propulsion_code,age_of_vehicle,generic_make_model,driver_imd_decile,lsoa_of_driver,escooter_flag,driver_distance_banding
2020200954509,2020,200954509,2,8,0,18,19,7,3,0,0,8,0,0,0,0,3,1,1,1,1,51,8,2148,2,11,MERCEDES VITO,5,E01010431,0,-1
2020010246426,2020,010246426,1,19,0,18,19,1,5,0,0,1,0,0,0,0,3,9,6,6,3,-1,-1,2148,2,15,MERCEDES VITO,-1,-1,0,-1
2020470970629,2020,470970629,2,20,0,18,19,2,6,0,0,0,0,0,0,0,1,1,6,6,1,30,6,-1,-1,-1,-1,8,E01028614,0,-1
2020010259878,2020,010259878,2,19,0,99,99,9,9,99,99,9,9,99,9,99,9,9,6,6,3,-1,-1,2148,2,15,MERCEDES VITO,2,E01003082,0,-1
2020302000988,2020,302000988,2,19,0,18,19,2,6,0,0,0,0,0,0,0,1,1,6,6,1,37,7,2148,2,10,MERCEDES VITO,7,E01019754,0,-1
2020137790760,2020,137790760,1,8,0,18,19,4,8,0,0,7,0,0,0,0,1,1,1,1,1,52,8,2143,2,4,MERCEDES VITO,1,E01011375,0,-1
2020010273490,2020,010273490,2,19,0,99,99,9,9,99,99,9,9,99,9,99,9,1,6,6,1,-1,-1,1598,2,3,MERCEDES VITO,2,E01001218,0,-1
2020040934771,2020,040934771,1,9,0,18,19,5,5,0,0,1,0,0,0,0,4,2,1,1,1,40,7,-1,-1,-1,MERCEDES VITO,4,E01025300,0,-1
2020010274012,2020,010274012,1,19,0,5,5,7,3,0,0,1,0,0,0,0,4,1,1,1,1,47,8,2143,2,0,MERCEDES VITO,2,E01000889,0,-1
2020010279703,2020,010279703,1,9,0,3,3,5,1,0,0,0,0,0,0,0,2,1,1,1,1,33,6,2143,2,3,MERCEDES VITO,4,E01021869,0,-1
2020522004073,2020,522004073,1,9,0,18,19,7,3,0,0,1,0,0,0,0,4,1,6,6,1,39,7,2143,2,4,MERCEDES VITO,3,E01014588,0,-1
2020122001059,2020,122001059,2,19,0,4,4,8,4,0,0,0,0,0,0,0,1,1,6,6,1,28,6,2148,2,11,MERCEDES VITO,3,E01011333,0,-1
2020010242275,2020,010242275,1,19,9,99,99,9,9,99,99,0,9,99,9,0,9,9,6,6,1,-1,-1,2148,2,13,MERCEDES VITO,10,E01021580,0,-1
2020010269943,2020,010269943,1,8,0,18,19,3,7,0,0,1,0,0,0,0,4,1,1,1,1,29,6,2143,2,3,MERCEDES VITO,1,E01024155,0,-1
2020430285315,2020,430285315,2,19,0,4,4,3,7,0,0,0,0,0,0,0,2,1,1,1,1,37,7,2148,2,11,MERCEDES VITO,9,E01016424,0,-1
2020010265082,2020,010265082,2,8,0,18,19,1,5,0,0,8,0,99,0,0,9,1,6,6,3,-1,-1,2143,2,3,MERCEDES VITO,-1,-1,0,-1
2020070466196,2020,070466196,1,19,0,18,19,7,2,0,0,0,0,0,0,0,0,1,6,6,3,-1,-1,2148,2,14,MERCEDES VITO,-1,-1,0,-1
2020420962538,2020,420962538,4,19,0,4,4,3,7,0,0,0,0,0,0,0,0,1,1,1,1,34,6,2143,2,1,MERCEDES VITO,5,E01032741,0,-1
2020010296447,2020,010296447,2,10,0,99,99,9,9,99,99,0,9,99,9,99,1,9,6,6,3,-1,-1,-1,-1,-1,-1,-1,-1,0,-1
2020990949609,2020,990949609,1,19,0,18,19,7,3,0,0,2,0,0,7,0,1,1,1,1,1,24,5,1598,2,2,MERCEDES VITO,3,-1,0,-1
2020010282808,2020,010282808,1,19,0,18,19,6,2,0,0,1,1,0,0,0,1,1,2,2,1,26,6,1598,2,5,MERCEDES VITO,5,E01003368,0,-1
202006G272435,2020,06G272435,1,10,0,18,19,6,2,0,0,8,0,0,7,10,1,1,1,1,1,55,8,-1,-1,-1,-1,1,E01005428,0,-1
2020210928985,2020,210928985,2,19,0,18,19,7,3,0,0,0,0,0,0,0,1,1,1,1,1,32,6,2148,2,15,MERCEDES VITO,8,E01029392,0,-1
2020010250375,2020,010250375,1,19,0,5,5,0,7,0,0,1,0,0,0,0,1,1,2,2,1,49,8,2143,2,9,MERCEDES VITO,2,E01004140,0,-1
2020460939087,2020,460939087,2,19,0,18,19,3,7,0,0,0,0,0,0,0,4,1,1,1,1,37,7,2143,2,5,MERCEDES VITO,6,E01024130,0,-1
2020010233331,2020,010233331,1,8,0,9,9,3,1,0,0,0,0,0,0,0,1,1,1,1,1,49,8,2143,2,7,MERCEDES VITO,10,E01021600,0,-1
2020010273850,2020,010273850,1,19,0,18,19,1,5,9,9,8,0,0,0,0,4,1,2,2,1,28,6,2148,2,11,MERCEDES VITO,3,E01002580,0,-1
2020221010797,2020,221010797,1,19,0,18,19,2,5,0,0,4,0,0,0,0,1,1,1,1,1,29,6,1598,2,1,MERCEDES VITO,8,E01009736,0,-1
2020070066912,2020,070066912,2,19,0,18,19,7,3,0,0,0,0,0,0,0,1,1,1,1,1,56,9,2143,2,1,MERCEDES VITO,7,E01029858,0,-1
2020450990432,2020,450990432,2,9,0,18,19,1,5,0,0,0,0,0,0,0,1,1,5,6,1,49,8,1598,2,4,MERCEDES VITO,5,E01032726,0,-1
2020010276660,2020,010276660,2,19,0,99,99,9,9,99,99,0,9,99,9,99,2,9,6,6,3,-1,-1,1598,2,1,MERCEDES VITO,-1,-1,0,-1
2020010229695,2020,010229695,1,8,0,5,5,4,8,0,0,8,0,0,0,0,3,1,1,1,1,50,8,2143,2,6,MERCEDES VITO,6,E01000778,0,-1
2020420918798,2020,420918798,1,19,0,18,19,1,5,0,0,0,0,0,0,0,1,1,5,6,1,48,8,2143,2,5,MERCEDES VITO,5,E01001345,0,-1
2020010240241,2020,010240241,1,8,0,9,9,1,7,0,0,5,0,0,0,0,4,1,6,6,1,73,10,2143,2,7,MERCEDES VITO,6,E01000727,0,-1
2020370944643,2020,370944643,2,19,0,4,4,1,5,0,0,0,0,0,0,0,3,1,6,6,1,27,6,1598,2,4,MERCEDES VITO,2,E01026633,0,-1
2020530954191,2020,530954191,1,19,0,18,19,1,5,0,0,0,0,0,0,0,1,1,1,1,1,23,5,1598,2,4,MERCEDES VITO,2,E01009263,0,-1
2020470986177,2020,470986177,1,9,0,9,9,1,7,0,0,1,0,0,0,0,1,2,6,6,1,32,6,2143,2,4,MERCEDES VITO,1,E01016947,0,-1
2020100949543,2020,100949543,1,19,0,18,19,3,7,0,0,8,0,0,0,0,3,1,6,6,1,-1,-1,2143,2,4,MERCEDES VITO,-1,-1,0,-1
2020010256384,2020,010256384,2,19,0,2,2,0,0,0,0,0,0,0,0,0,0,1,6,6,3,-1,-1,1598,2,4,MERCEDES VITO,-1,-1,0,-1
2020010247054,2020,010247054,1,8,0,99,99,9,9,99,99,9,9,99,9,99,3,9,6,6,1,51,8,2143,2,2,MERCEDES VITO,5,E01001530,0,-1
2020010248256,2020,010248256,1,9,0,5,5,5,1,0,0,6,0,0,0,0,3,1,1,1,1,48,8,-1,-1,-1,MERCEDES VITO,4,E01000503,0,-1
2020440083924,2020,440083924,1,8,0,18,19,6,2,0,0,1,0,0,0,0,4,1,1,1,1,46,8,2143,2,5,MERCEDES VITO,2,E01017156,0,-1
2020500944478,2020,500944478,1,9,0,18,19,1,5,0,0,0,1,0,0,0,1,1,1,1,1,44,7,-1,-1,-1,MERCEDES VITO,6,E01015049,0,-1
2020500959862,2020,500959862,1,19,0,7,7,2,4,0,0,2,0,0,0,0,1,1,6,6,3,-1,-1,2143,2,6,MERCEDES VITO,-1,-1,0,-1
202031B106020,2020,31B106020,2,19,0,2,2,0,0,0,0,2,0,0,0,0,3,1,6,6,1,69,10,2148,2,14,MERCEDES VITO,3,E01028025,0,-1
2020552000947,2020,552000947,2,19,0,17,19,8,6,0,0,8,0,0,0,0,4,1,1,1,2,41,7,1598,2,5,MERCEDES VITO,4,E01020543,0,-1
2020010272880,2020,010272880,3,8,0,99,99,9,9,0,0,8,0,0,0,0,3,9,6,6,1,32,6,1950,2,1,MERCEDES VITO,3,E01004630,0,-1
2020010233958,2020,010233958,1,8,0,9,9,6,4,0,0,1,0,0,0,0,1,1,1,1,1,53,8,2143,2,5,MERCEDES VITO,4,E01002798,0,-1
2020140974779,2020,140974779,1,9,0,18,19,8,4,0,0,1,0,0,0,0,1,1,1,1,1,52,8,2143,2,3,MERCEDES VITO,1,E01007869,0,-1
2020430410395,2020,430410395,2,19,0,18,19,6,2,0,0,0,0,0,0,0,1,1,1,1,1,-1,-1,1750,2,0,MERCEDES VITO,-1,-1,0,-1
2020010279433,2020,010279433,3,8,0,2,2,0,0,2,2,0,0,0,0,0,2,2,6,6,3,-1,-1,2143,2,8,MERCEDES VITO,-1,-1,0,-1
2020470955122,2020,470955122,1,20,0,18,19,2,6,8,6,8,0,0,0,0,3,1,1,1,1,66,10,-1,-1,-1,-1,2,E01024020,0,-1
2020010235685,2020,010235685,1,19,0,99,99,9,9,99,99,1,9,99,9,99,9,9,6,6,1,32,6,2143,2,5,MERCEDES VITO,2,E01000045,0,-1
2020010251188,2020,010251188,2,19,0,18,19,7,3,0,0,1,0,0,0,0,1,1,6,6,1,50,8,2148,2,13,MERCEDES VITO,3,E01002605,0,-1
2020052000527,2020,052000527,2,9,0,2,2,0,0,0,0,0,0,0,0,0,1,1,1,1,1,47,8,-1,-1,-1,MERCEDES VITO,1,E01006574,0,-1
2020040992737,2020,040992737,2,19,0,18,19,1,1,0,0,1,0,0,0,0,3,1,1,1,1,33,6,2143,2,7,MERCEDES VITO,4,E01024919,0,-1
2020010268040,2020,010268040,2,19,0,99,99,9,9,99,99,9,9,99,9,99,1,9,6,6,3,-1,-1,2143,2,3,MERCEDES VITO,9,E01030568,0,-1
2020470946928,2020,470946928,1,19,0,1,1,3,7,0,0,8,0,0,0,0,2,1,1,1,1,59,9,2143,2,9,MERCEDES VITO,10,E01031824,0,-1
2020041006083,2020,041006083,1,19,0,5,5,3,7,0,0,6,0,0,0,0,3,1,5,6,1,74,10,2143,2,8,MERCEDES VITO,2,E01000628,0,-1
2020010240906,2020,010240906,1,19,0,9,9,7,5,0,0,5,0,0,0,0,1,1,1,1,2,69,10,1598,2,3,MERCEDES VITO,-1,-1,0,-1
2020010267123,2020,010267123,1,19,0,1,1,1,5,0,0,0,0,0,0,0,2,1,6,6,1,52,8,2148,2,12,MERCEDES VITO,3,E01002100,0,-1
2020100949073,2020,100949073,2,8,0,18,19,4,1,0,0,0,0,0,0,0,0,1,1,1,1,44,7,2143,2,5,MERCEDES VITO,6,E01008696,0,-1
2020440090191,2020,440090191,3,19,0,2,2,0,0,0,0,0,0,0,0,0,4,1,6,6,3,-1,-1,2143,2,4,MERCEDES VITO,-1,-1,0,-1
2020070670086,2020,070670086,1,19,0,2,2,1,5,0,0,0,0,0,0,0,0,1,2,2,1,27,6,2148,2,14,MERCEDES VITO,8,W01000383,0,-1
202031C065420,2020,31C065420,1,8,0,18,19,3,7,0,0,1,0,0,7,11,3,1,6,6,1,45,7,2143,2,9,MERCEDES VITO,9,E01013979,0,-1
2020010233888,2020,010233888,2,19,0,7,7,1,4,0,0,1,0,0,0,0,4,1,6,6,1,26,6,2148,2,13,MERCEDES VITO,8,E01002150,0,-1
2020460922456,2020,460922456,2,21,0,18,19,3,7,0,0,0,0,0,0,0,3,1,1,1,1,52,8,-1,-1,-1,-1,6,E01016076,0,-1
2020500925468,2020,500925468,2,19,0,3,3,7,3,0,0,1,0,0,0,0,2,1,2,2,1,46,8,2143,2,4,MERCEDES VITO,6,E01018832,0,-1
2020010276805,2020,010276805,2,9,0,18,19,3,7,0,0,5,0,0,0,0,0,1,1,1,1,22,5,2143,2,2,MERCEDES VITO,1,E01000061,0,-1
2020421003286,2020,421003286,4,19,0,4,4,3,7,0,0,0,0,0,0,0,2,1,5,6,1,66,10,2151,2,17,MERCEDES VITO,9,E01015838,0,-1
2020040999443,2020,040999443,1,19,0,18,19,4,2,0,0,0,0,0,0,0,4,1,1,1,1,24,5,1598,2,1,MERCEDES VITO,3,E01025366,0,-1
2020440432024,2020,440432024,1,19,0,18,19,6,2,0,0,8,0,0,0,0,1,1,1,1,1,45,7,2143,2,8,MERCEDES VITO,3,E01022840,0,-1
2020010276902,2020,010276902,1,8,0,18,19,7,3,0,0,0,0,0,0,0,3,1,1,1,1,64,9,2143,2,8,MERCEDES VITO,2,E01004574,0,-1
2020052001505,2020,052001505,1,19,0,18,19,1,5,0,0,1,0,0,0,0,1,1,6,6,1,37,7,2148,2,14,MERCEDES VITO,1,E01006967,0,-1
2020010285015,2020,010285015,1,19,0,9,9,1,6,0,0,8,0,0,0,0,4,1,1,1,1,57,9,2148,2,13,MERCEDES VITO,9,E01027286,0,-1
2020010273719,2020,010273719,2,19,0,99,99,9,9,99,99,9,9,99,9,99,1,9,6,6,3,-1,-1,1598,2,3,MERCEDES VITO,1,E01004382,0,-1
2020400962208,2020,400962208,3,9,0,10,10,5,1,0,0,0,0,0,0,0,2,1,2,2,1,55,8,2143,2,6,MERCEDES VITO,3,E01004533,0,-1
2020990969405,2020,990969405,2,19,0,18,19,7,3,0,0,8,0,0,7,0,1,1,5,6,1,70,10,2148,2,12,MERCEDES VITO,6,-1,0,-1
2020040988593,2020,040988593,2,9,0,18,19,2,6,0,0,1,0,0,0,0,1,1,1,1,1,36,7,2143,2,1,MERCEDES VITO,1,E01025083,0,-1
2020010231797,2020,010231797,1,19,0,9,9,5,3,0,0,6,0,0,0,0,1,1,1,1,1,52,8,2143,2,3,MERCEDES VITO,10,E01021409,0,-1
2020070433471,2020,070433471,1,19,0,18,19,5,1,0,0,0,0,4,0,0,4,1,1,1,1,59,9,2143,2,1,MERCEDES VITO,8,E01012550,0,-1
2020471004354,2020,471004354,1,19,0,6,6,3,3,0,0,0,0,0,0,0,3,1,1,1,1,52,8,1750,2,0,MERCEDES VITO,7,E01021236,0,-1
2020010284663,2020,010284663,1,8,0,99,99,9,9,99,99,9,9,99,9,99,1,9,6,6,1,67,10,2148,2,11,MERCEDES VITO,6,E01023564,0,-1
2020070486282,2020,070486282,5,10,0,4,4,3,7,0,0,0,0,0,0,0,1,1,1,1,1,-1,-1,-1,-1,-1,-1,-1,-1,0,-1
2020010228406,2020,010228406,2,19,0,3,3,2,6,0,0,0,0,0,0,0,2,1,2,2,1,48,8,2143,2,9,MERCEDES VITO,7,E01000668,0,-1
2020137B60876,2020,137B60876,2,19,0,18,19,2,6,0,0,3,0,0,0,0,4,1,1,1,1,32,6,1598,2,1,MERCEDES VITO,2,E01011043,0,-1
2020070433401,2020,070433401,3,19,0,13,13,5,1,0,0,0,0,0,0,0,4,1,1,1,1,34,6,2143,2,5,MERCEDES VITO,9,E01012177,0,-1
2020010258348,2020,010258348,2,19,0,99,99,9,9,99,99,9,9,99,9,99,1,9,6,6,3,-1,-1,1598,2,2,MERCEDES VITO,8,E01016238,0,-1
2020052001705,2020,052001705,2,19,0,2,2,0,0,0,0,1,0,0,0,0,2,1,6,6,3,-1,-1,2148,2,13,MERCEDES VITO,-1,-1,0,-1
2020546723320,2020,546723320,2,19,0,3,3,6,2,0,0,8,0,0,0,0,2,1,1,1,1,50,8,1598,2,3,MERCEDES VITO,-1,-1,0,-1
2020460945020,2020,460945020,3,19,0,3,3,3,7,0,0,1,0,0,0,0,2,1,6,6,1,37,7,2148,2,16,MERCEDES VITO,8,E01024209,0,-1
2020010230316,2020,010230316,1,19,0,9,9,6,4,0,0,4,0,0,0,0,3,1,6,6,1,56,9,2148,2,13,MERCEDES VITO,6,E01003840,0,-1
2020200956881,2020,200956881,1,19,0,18,19,3,3,0,0,0,0,0,0,0,4,1,6,6,1,-1,-1,2148,2,13,MERCEDES VITO,8,E01025923,0,-1
2020137C81058,2020,137C81058,8,19,0,18,19,7,3,0,0,0,0,0,0,0,1,1,6,6,1,47,8,1598,2,1,MERCEDES VITO,1,E01010625,0,-1
2020010233394,2020,010233394,1,8,0,9,9,5,3,0,0,8,0,0,0,0,1,1,1,1,1,46,8,2143,2,8,MERCEDES VITO,5,E01015334,0,-1
2020010244496,2020,010244496,2,8,0,4,4,7,3,0,0,1,0,0,0,0,1,1,1,1,1,46,8,2143,2,3,MERCEDES VITO,7,E01004512,0,-1
2020010241113,2020,010241113,1,19,0,18,19,7,3,0,0,2,0,0,0,0,1,1,2,2,1,57,9,2143,2,9,MERCEDES VITO,1,E01003075,0,-1
2020010239924,2020,010239924,2,19,0,4,4,3,7,0,0,1,0,0,0,0,2,1,1,1,1,35,6,2143,2,6,MERCEDES VITO,4,E01002576,0,-1
2020010240171,2020,010240171,1,8,0,7,7,7,2,0,0,1,0,0,0,0,1,1,1,1,1,70,10,2143,2,4,MERCEDES VITO,8,E01023732,0,-1
2020070730779,2020,070730779,2,19,0,2,2,0,0,0,0,0,0,0,0,0,2,1,1,1,1,23,5,2148,2,12,MERCEDES VITO,3,E01018730,0,-1
2020010263395,2020,010263395,1,19,0,7,7,7,1,0,0,1,0,0,0,0,3,1,6,6,1,70,10,2143,2,2,MERCEDES VITO,3,E01001434,0,-1
2020010269247,2020,010269247,3,9,0,2,2,0,0,0,0,0,0,0,0,0,1,1,6,6,3,-1,-1,2143,2,5,MERCEDES VITO,-1,-1,0,-1
2020430070973,2020,430070973,1,19,5,18,19,3,1,0,0,4,0,0,0,0,1,1,6,6,1,45,7,2299,2,22,MERCEDES VITO,-1,-1,0,-1
2020440248552,2020,440248552,2,19,0,18,19,5,1,0,0,0,0,0,0,0,1,1,6,6,3,-1,-1,2148,2,12,MERCEDES VITO,-1,-1,0,-1
2020052001693,2020,052001693,2,8,0,18,19,6,2,0,0,0,1,0,5,2,4,1,1,1,1,53,8,2143,2,4,MERCEDES VITO,4,W01000312,0,-1
2020010254441,2020,010254441,2,19,0,99,99,9,9,99,99,9,9,99,9,99,9,9,6,6,3,-1,-1,2143,2,0,MERCEDES VITO,2,E01003032,0,-1
2020010254000,2020,010254000,1,19,0,18,19,5,1,0,0,8,0,0,0,0,1,1,2,2,1,44,7,2148,2,15,MERCEDES VITO,-1,-1,0,-1
2020220981963,2020,220981963,2,19,0,2,2,0,0,0,0,2,0,10,1,0,2,1,1,1,1,45,7,2987,2,8,MERCEDES VITO,-1,-1,0,-1
2020302001689,2020,302001689,1,19,0,5,5,7,1,0,0,6,0,0,0,0,1,1,1,1,1,-1,-1,2143,2,8,MERCEDES VITO,-1,-1,0,-1
2020040955379,2020,040955379,1,19,0,18,19,1,5,0,0,1,0,0,0,0,1,1,5,6,1,37,7,1598,2,1,MERCEDES VITO,1,E01012637,0,-1
2020552000836,2020,552000836,1,19,0,17,19,8,4,0,0,0,1,0,1,3,1,1,6,6,1,39,7,2143,2,8,MERCEDES VITO,9,E01003810,0,-1
2020010258045,2020,010258045,1,19,0,4,4,1,5,0,0,1,0,0,0,0,1,1,6,6,1,44,7,2148,2,15,MERCEDES VITO,4,E01001153,0,-1
2020010238943,2020,010238943,1,8,0,99,99,9,9,99,99,9,9,99,9,99,1,9,6,6,1,35,6,2143,2,3,MERCEDES VITO,4,E01015712,0,-1
2020010241682,2020,010241682,2,8,0,99,99,9,9,99,99,0,9,99,9,99,1,9,6,6,1,-1,-1,2143,2,2,MERCEDES VITO,3,E01004709,0,-1
2020010274333,2020,010274333,2,8,0,4,4,3,7,0,0,1,0,0,0,0,2,1,1,1,2,57,9,2143,2,7,MERCEDES VITO,-1,-1,0,-1
2020010246679,2020,010246679,2,19,0,4,4,7,3,0,0,0,0,0,0,0,1,1,1,1,1,29,6,1598,2,3,MERCEDES VITO,2,E01000075,0,-1
2020140989652,2020,140989652,1,8,0,18,19,3,1,0,0,3,0,0,0,0,1,1,1,1,1,44,7,2148,2,9,MERCEDES VITO,2,E01007497,0,-1
2020110939016,2020,110939016,1,19,0,18,19,4,8,0,0,0,0,0,0,0,0,1,1,1,1,33,6,2143,2,2,MERCEDES VITO,9,E01012227,0,-1
2020360984042,2020,360984042,1,19,0,18,19,2,5,0,0,2,0,0,0,0,1,1,5,6,1,31,6,1750,2,0,MERCEDES VITO,4,E01026925,0,-1
202006N273745,2020,06N273745,2,19,0,18,19,1,5,9,9,6,0,0,0,0,1,1,6,6,1,30,6,1598,2,1,MERCEDES VITO,6,E01005647,0,-1
2020201003068,2020,201003068,1,19,0,18,19,1,5,0,0,0,0,0,0,0,1,1,6,6,1,-1,-1,2151,2,17,MERCEDES VITO,10,E01010550,0,-1
2020140950291,2020,140950291,3,19,0,2,2,0,0,9,9,0,0,0,0,0,1,1,6,6,1,-1,-1,2143,2,2,MERCEDES VITO,8,E01007705,0,-1
2020010231811,2020,010231811,1,8,0,9,9,3,1,0,0,1,0,0,0,0,1,1,1,1,1,-1,-1,2143,2,3,MERCEDES VITO,4,E01002794,0,-1
2020010231794,2020,010231794,2,10,0,13,13,7,3,0,0,0,0,0,0,0,1,1,6,6,3,-1,-1,-1,-1,-1,-1,-1,-1,0,-1
2020010265267,2020,010265267,1,19,0,9,9,1,7,0,0,6,0,0,0,0,1,1,1,1,1,26,6,2148,2,12,MERCEDES VITO,6,E01001195,0,-1
2020991002338,2020,991002338,1,19,0,5,5,5,2,0,0,2,0,0,0,0,3,1,1,1,1,33,6,1750,2,0,MERCEDES VITO,3,-1,0,-1
2020470959555,2020,470959555,1,9,0,18,19,3,7,0,0,1,0,4,0,0,1,1,1,1,1,65,9,-1,-1,-1,MERCEDES VITO,7,E01031541,0,-1
2020460955584,2020,460955584,1,19,0,18,19,5,1,0,0,0,0,0,0,0,3,1,6,6,1,37,7,2143,2,7,MERCEDES VITO,5,E01003195,0,-1
2020070539988,2020,070539988,1,19,0,5,5,8,4,0,0,1,0,0,0,0,4,2,2,2,1,37,7,2148,2,10,MERCEDES VITO,2,E01012388,0,-1
2020400958436,2020,400958436,1,19,0,18,19,5,1,0,0,0,0,0,0,0,1,1,1,1,1,57,9,1598,2,1,MERCEDES VITO,3,E01004344,0,-1
2020543465220,2020,543465220,1,19,0,1,1,7,3,0,0,0,0,0,0,0,2,1,6,6,1,29,6,2148,2,11,MERCEDES VITO,2,E01015540,0,-1
2020200988511,2020,200988511,2,19,0,3,3,-1,-1,0,0,0,0,0,0,0,2,1,6,6,1,37,7,2143,2,9,MERCEDES VITO,6,E01010082,0,-1
2020160940423,2020,160940423,1,19,0,9,9,2,8,0,0,8,0,0,0,0,1,1,1,1,1,26,6,1598,2,1,MERCEDES VITO,1,E01007655,0,-1
2020070633317,2020,070633317,1,20,0,18,19,3,6,0,0,1,0,0,0,0,1,1,1,1,1,30,6,-1,-1,-1,-1,5,E01006121,0,-1
2020552000421,2020,552000421,2,19,0,18,19,7,3,0,0,1,0,0,0,0,1,1,6,6,1,35,6,2148,2,13,MERCEDES VITO,5,E01020536,0,-1
2020470986502,2020,470986502,2,19,0,16,19,4,7,0,0,0,0,0,0,0,1,1,1,1,1,32,6,2148,2,10,MERCEDES VITO,3,E01024396,0,-1
2020420929586,2020,420929586,2,19,0,18,19,1,5,0,0,8,0,0,0,0,1,1,1,1,1,31,6,2148,2,14,MERCEDES VITO,2,-1,0,-1
2020010281416,2020,010281416,1,8,0,10,10,3,1,0,0,1,0,0,0,0,1,1,1,1,1,64,9,2143,2,5,MERCEDES VITO,5,E01031798,0,-1
2020450934665,2020,450934665,1,19,0,18,19,3,7,0,0,0,0,0,0,0,4,1,5,6,1,45,7,2148,2,13,MERCEDES VITO,8,E01030977,0,-1
202063A049820,2020,63A049820,3,19,0,4,4,5,1,0,0,0,0,0,0,0,2,1,6,6,1,37,7,2143,2,8,MERCEDES VITO,2,W01001271,0,-1
2020990980647,2020,990980647,1,9,0,11,11,6,2,0,0,0,2,0,2,4,4,1,1,1,1,72,10,-1,-1,-1,MERCEDES VITO,1,-1,0,-1
2020430158443,2020,430158443,2,19,0,18,19,1,5,0,0,8,1,0,0,0,1,1,6,6,1,-1,-1,2148,2,16,MERCEDES VITO,-1,-1,0,-1
2020052000816,2020,052000816,1,8,0,9,9,1,7,0,0,8,0,0,3,0,4,1,1,1,1,36,7,2143,2,4,MERCEDES VITO,5,E01006489,0,-1
2020420918307,2020,420918307,2,19,0,17,19,4,2,0,0,0,0,0,0,0,3,1,1,1,1,57,9,2143,2,8,MERCEDES VITO,4,E01021820,0,-1
2020990941019,2020,990941019,1,8,0,18,19,2,7,0,0,1,0,0,0,0,1,1,1,1,1,30,6,2143,2,2,MERCEDES VITO,8,-1,0,-1
2020221000985,2020,221000985,1,19,0,7,7,3,5,0,0,7,0,0,0,0,3,1,2,2,1,51,8,2148,2,14,MERCEDES VITO,8,E01032223,0,-1
2020010243608,2020,010243608,1,19,0,1,1,4,8,0,0,0,0,0,0,0,2,1,6,6,1,-1,-1,2143,2,9,MERCEDES VITO,-1,-1,0,-1
202006G174680,2020,06G174680,1,8,0,5,5,3,7,0,0,0,0,0,0,0,0,1,1,1,1,40,7,2143,2,6,MERCEDES VITO,1,E01005941,0,-1
2020010285878,2020,010285878,1,19,0,99,99,9,9,99,99,9,9,99,9,99,9,9,6,6,1,47,8,2143,2,2,MERCEDES VITO,8,E01003674,0,-1
2020471010598,2020,471010598,1,19,0,18,19,3,7,0,0,0,0,0,0,0,1,1,2,2,1,53,8,1750,2,0,MERCEDES VITO,7,E01021236,0,-1
2020440345806,2020,440345806,2,9,0,2,2,0,0,0,0,2,0,0,0,0,1,1,1,1,1,47,8,2143,2,8,MERCEDES VITO,2,E01017272,0,-1
2020040987062,2020,040987062,2,19,0,18,19,7,1,0,0,0,0,0,0,0,0,1,5,6,1,32,6,1598,2,2,MERCEDES VITO,3,E01025376,0,-1
2020200994482,2020,200994482,3,8,0,3,3,8,4,0,0,1,0,0,0,0,2,1,1,1,1,57,9,2143,2,6,MERCEDES VITO,8,E01009536,0,-1
2020140979459,2020,140979459,2,19,0,16,19,7,3,0,0,0,0,0,1,0,1,1,5,6,1,34,6,1750,2,0,MERCEDES VITO,1,E01007901,0,-1
2020010276440,2020,010276440,1,19,0,99,99,9,9,99,99,9,9,99,9,99,2,9,6,6,1,34,6,2143,2,1,MERCEDES VITO,2,E01009414,0,-1
2020990990249,2020,990990249,1,8,0,1,1,7,3,0,0,0,0,0,0,0,2,1,1,1,1,57,9,2143,2,6,MERCEDES VITO,10,-1,0,-1
2020070334464,2020,070334464,1,19,0,5,5,4,8,0,0,4,0,0,0,0,1,1,1,1,1,56,9,2148,2,14,MERCEDES VITO,9,E01018359,0,-1
2020010270080,2020,010270080,2,8,0,99,99,9,9,99,99,9,9,99,9,99,2,9,6,6,3,-1,-1,1950,2,1,MERCEDES VITO,-1,-1,0,-1