collision_index,collision_year,collision_ref_no,vehicle_reference,vehicle_type,towing_and_articulation,vehicle_manoeuvre_historic,vehicle_manoeuvre,vehicle_direction_from,vehicle_direction_to,vehicle_location_restricted_lane_historic,vehicle_location_restricted_lane,junction_location,skidding_and_overturning,hit_object_in_carriageway,vehicle_leaving_carriageway,hit_object_off_carriageway,first_point_of_impact,vehicle_left_hand_drive,journey_purpose_of_driver_historic,journey_purpose_of_driver,sex_of_driver,age_of_driver,age_band_of_driver,engine_capacity_cc,propulsion_code,age_of_vehicle,generic_make_model,driver_imd_decile,lsoa_of_driver,escooter_flag,driver_distance_banding
2020010233635,2020,010233635,1,9,0,7,7,3,5,0,0,8,0,0,0,0,1,1,1,1,1,39,7,2143,2,4,MERCEDES VITO,2,E01000098,0,-1
2020450937448,2020,450937448,1,19,0,12,12,7,3,0,0,0,1,0,8,6,3,1,1,1,1,50,8,2143,2,4,MERCEDES VITO,8,E01000717,0,-1
2020010253426,2020,010253426,1,8,0,9,9,4,1,0,0,8,0,0,0,0,2,1,6,6,1,55,8,2143,2,3,MERCEDES VITO,1,E01000595,0,-1
2020210982161,2020,210982161,1,19,0,18,19,8,4,0,0,0,0,0,0,0,1,1,1,1,1,65,9,2143,2,6,MERCEDES VITO,6,E01029801,0,-1
202006P175117,2020,06P175117,1,8,0,18,19,5,1,0,0,1,0,0,0,0,1,1,1,1,1,41,7,2143,2,4,MERCEDES VITO,1,E01033258,0,-1
2020137111330,2020,137111330,1,9,0,18,19,7,3,0,0,8,0,0,0,0,4,1,1,1,1,40,7,2143,2,5,MERCEDES VITO,1,E01010613,0,-1
2020500938817,2020,500938817,1,19,0,10,10,8,4,0,0,1,0,0,0,0,2,1,5,6,2,27,6,2148,2,14,MERCEDES VITO,5,E01018947,0,-1
2020480953361,2020,480953361,1,8,0,17,19,5,2,0,0,8,0,0,0,0,3,1,1,1,1,46,8,2143,2,3,MERCEDES VITO,2,E01000739,0,-1
2020990990468,2020,990990468,1,19,0,13,13,1,5,0,0,0,0,0,0,0,1,1,6,6,1,44,7,2148,2,11,MERCEDES VITO,5,-1,0,-1
2020350925076,2020,350925076,2,8,-1,3,3,1,5,0,0,1,0,0,0,0,1,1,1,1,1,45,7,2143,2,2,MERCEDES VITO,6,E01015691,0,-1
2020160948272,2020,160948272,1,19,0,4,4,7,3,0,0,7,0,0,0,0,1,1,6,6,1,36,7,2148,2,12,MERCEDES VITO,7,E01013242,0,-1
2020530980440,2020,530980440,2,19,0,18,19,5,1,0,0,1,0,0,0,0,1,1,1,1,1,30,6,2148,2,14,MERCEDES VITO,-1,-1,0,-1
2020010241177,2020,010241177,1,19,0,11,11,3,7,0,0,0,0,0,0,0,3,1,1,1,1,27,6,2148,2,15,MERCEDES VITO,1,E01001517,0,-1
2020010280532,2020,010280532,1,9,0,1,1,3,7,0,0,0,0,0,0,0,2,1,6,6,3,-1,-1,1950,2,1,MERCEDES VITO,-1,-1,0,-1
2020361008358,2020,361008358,1,19,0,18,19,5,1,0,0,0,1,0,0,0,1,1,1,1,1,42,7,1598,2,4,MERCEDES VITO,5,E01026911,0,-1
2020530948736,2020,530948736,1,19,0,5,5,3,4,0,0,4,0,0,0,0,1,1,1,1,1,26,6,2143,2,6,MERCEDES VITO,1,E01022319,0,-1
2020010228921,2020,010228921,1,19,0,5,5,0,5,0,0,6,0,0,0,0,3,1,1,1,1,22,5,2148,2,11,MERCEDES VITO,4,E01004338,0,-1
2020220982142,2020,220982142,2,20,0,18,19,2,6,0,0,0,0,0,0,0,4,1,1,1,1,53,8,-1,-1,-1,-1,9,E01009466,0,-1
2020230976483,2020,230976483,1,19,0,18,19,5,1,0,0,1,0,0,0,0,1,1,5,6,1,28,6,2151,2,17,MERCEDES VITO,-1,-1,0,-1
2020470983791,2020,470983791,1,19,0,18,19,3,7,0,0,0,0,0,0,0,1,1,6,6,1,32,6,2148,2,14,MERCEDES VITO,2,E01031361,0,-1
2020041006690,2020,041006690,1,19,0,18,19,1,5,0,0,0,0,0,0,0,3,1,1,1,1,36,7,2143,2,6,MERCEDES VITO,1,E01012575,0,-1
2020552000579,2020,552000579,2,19,0,18,19,6,2,0,0,8,0,0,0,0,1,1,6,6,1,62,9,2143,2,3,MERCEDES VITO,3,E01015415,0,-1
2020052002453,2020,052002453,2,8,0,2,2,0,0,0,0,0,0,0,0,0,2,1,1,1,1,59,9,2143,2,5,MERCEDES VITO,1,E01006698,0,-1
2020430276089,2020,430276089,2,8,0,9,9,6,3,0,0,8,0,0,0,0,4,1,1,1,1,56,9,2143,2,3,MERCEDES VITO,1,E01028576,0,-1
2020622000129,2020,622000129,1,8,0,18,19,8,4,0,0,0,0,0,0,0,2,1,1,1,1,31,6,2143,2,6,MERCEDES VITO,1,W01001002,0,-1
202063D047220,2020,63D047220,1,19,0,17,19,7,4,0,0,0,0,6,1,0,1,1,1,1,1,22,5,2143,2,5,MERCEDES VITO,1,E01009514,0,-1
2020200946236,2020,200946236,2,8,0,18,19,2,6,0,0,8,0,0,0,0,3,1,6,6,1,48,8,2148,2,11,MERCEDES VITO,1,E01010375,0,-1
2020302000939,2020,302000939,1,9,0,18,19,5,1,0,0,8,5,0,0,0,3,1,1,1,1,49,8,2143,2,9,MERCEDES VITO,1,E01033167,0,-1
2020161004179,2020,161004179,1,19,0,18,19,1,5,0,0,2,0,0,0,0,1,1,1,1,2,26,6,2143,2,8,MERCEDES VITO,2,E01011032,0,-1
2020010228882,2020,010228882,1,19,0,4,4,5,1,0,0,1,0,0,0,0,1,1,1,1,1,20,4,2148,2,10,MERCEDES VITO,3,E01022732,0,-1
2020052002620,2020,052002620,1,19,0,4,4,5,3,0,0,2,0,0,0,0,1,1,6,6,1,68,10,-1,-1,-1,MERCEDES VITO,2,E01006813,0,-1
2020010266426,2020,010266426,2,19,0,99,99,9,9,99,99,0,9,99,9,99,9,9,6,6,3,-1,-1,2143,2,9,MERCEDES VITO,1,E01002091,0,-1
2020040963552,2020,040963552,1,9,0,9,9,5,7,0,0,8,0,0,0,0,3,1,1,1,2,36,7,2143,2,4,MERCEDES VITO,4,E01025170,0,-1
202031B086920,2020,31B086920,1,19,0,18,19,6,2,0,0,0,0,4,0,0,1,1,6,6,1,46,8,2148,2,15,MERCEDES VITO,8,E01026322,0,-1
2020470984598,2020,470984598,1,9,0,9,9,8,6,0,0,8,0,0,0,0,1,1,5,6,2,55,8,1950,2,1,MERCEDES VITO,3,E01021012,0,-1
2020480968720,2020,480968720,1,8,0,18,19,7,3,0,0,0,0,0,0,0,1,1,1,1,1,77,11,2143,2,3,MERCEDES VITO,3,E01003269,0,-1
2020010267494,2020,010267494,2,19,0,99,99,9,9,99,99,9,9,99,9,99,9,9,6,6,2,33,6,-1,3,0,MERCEDES VITO,2,E01019556,0,-1
2020430343369,2020,430343369,2,19,0,18,19,6,2,0,0,0,0,0,0,0,1,1,6,6,3,-1,-1,2148,2,13,MERCEDES VITO,-1,-1,0,-1
2020010281419,2020,010281419,2,19,0,18,19,2,6,0,0,8,0,0,0,0,3,1,1,1,1,64,9,2143,2,8,MERCEDES VITO,5,E01016233,0,-1
2020460958335,2020,460958335,2,19,0,2,2,0,0,0,0,0,0,0,0,0,2,1,1,1,2,32,6,1598,2,3,MERCEDES VITO,5,E01016034,0,-1
2020052002675,2020,052002675,2,8,0,18,19,4,8,0,0,1,0,0,0,0,3,1,1,1,1,53,8,2143,2,9,MERCEDES VITO,1,E01006481,0,-1
2020440381825,2020,440381825,1,19,0,18,19,6,2,0,0,0,0,0,0,0,1,1,1,1,1,44,7,2143,2,1,MERCEDES VITO,1,E01017236,0,-1
2020010259885,2020,010259885,1,8,0,18,19,5,1,0,0,0,1,0,0,0,1,1,6,6,1,44,7,2143,2,2,MERCEDES VITO,2,E01001877,0,-1
202006N268161,2020,06N268161,1,19,0,9,9,8,7,0,0,2,0,0,0,0,1,1,2,2,1,42,7,1598,2,2,MERCEDES VITO,-1,-1,0,-1
2020200979839,2020,200979839,2,8,0,18,19,2,6,0,0,2,0,0,0,0,3,1,1,1,1,41,7,2148,2,11,MERCEDES VITO,5,E01009593,0,-1
2020340E07482,2020,340E07482,1,19,0,18,19,3,7,0,0,8,0,0,0,0,1,1,1,1,1,24,5,1598,2,1,MERCEDES VITO,4,E01015630,0,-1
2020420954539,2020,420954539,1,19,0,18,19,4,8,0,0,0,0,0,0,0,1,1,6,6,1,34,6,2143,2,2,MERCEDES VITO,10,E01021402,0,-1
2020010270889,2020,010270889,1,19,0,18,19,7,3,9,9,2,0,0,7,2,1,1,1,1,1,26,6,1598,2,2,MERCEDES VITO,7,E01000117,0,-1
2020990920863,2020,990920863,3,19,0,18,19,5,8,0,0,0,0,0,0,0,3,1,5,6,1,38,7,2148,2,9,MERCEDES VITO,8,-1,0,-1
2020052001493,2020,052001493,1,19,0,18,19,5,1,0,0,1,0,0,0,0,0,1,1,1,1,-1,-1,2987,2,9,MERCEDES VITO,-1,-1,0,-1
2020010239140,2020,010239140,1,8,0,18,19,2,6,0,0,1,0,0,0,0,3,1,1,1,1,60,9,2143,2,5,MERCEDES VITO,2,E01003241,0,-1
2020010230657,2020,010230657,2,8,0,18,19,3,7,0,0,1,0,0,0,0,2,1,2,2,1,44,7,2143,2,3,MERCEDES VITO,2,E01002664,0,-1
2020332000016,2020,332000016,1,8,0,18,19,7,3,0,0,8,0,0,0,0,1,1,1,1,1,63,9,2143,2,8,MERCEDES VITO,2,E01013694,0,-1
2020350928599,2020,350928599,2,19,0,18,19,8,4,0,0,0,0,0,0,0,1,1,1,1,1,41,7,2148,2,12,MERCEDES VITO,2,E01015673,0,-1
2020361003123,2020,361003123,2,19,0,9,9,5,3,0,0,8,0,0,0,0,2,1,1,1,1,52,8,2148,2,10,MERCEDES VITO,8,E01026886,0,-1
2020010279433,2020,010279433,4,8,0,3,3,1,5,2,2,0,0,0,0,0,2,2,1,1,1,41,7,2148,2,10,MERCEDES VITO,2,E01015733,0,-1
2020010233883,2020,010233883,2,19,0,18,19,5,1,0,0,1,0,0,0,0,4,1,6,6,1,41,7,2148,2,16,MERCEDES VITO,2,E01000076,0,-1
2020451006353,2020,451006353,1,8,0,1,1,1,5,0,0,0,0,0,0,0,2,1,1,1,1,40,7,2143,2,6,MERCEDES VITO,5,E01030981,0,-1
2020100938081,2020,100938081,2,9,0,18,19,1,5,0,0,0,0,0,2,0,3,1,5,6,1,27,6,2143,2,1,MERCEDES VITO,9,E01008501,0,-1
2020010270230,2020,010270230,1,19,0,18,19,5,1,0,0,1,0,0,0,0,1,1,1,1,1,20,4,2143,2,0,MERCEDES VITO,2,E01000889,0,-1
2020460965925,2020,460965925,1,19,0,18,19,6,2,0,0,4,0,0,0,0,1,1,6,6,1,36,7,1598,2,4,MERCEDES VITO,4,E01024339,0,-1
2020052000360,2020,052000360,1,8,0,18,19,2,6,0,0,8,0,0,0,0,1,1,1,1,3,-1,-1,2143,2,2,MERCEDES VITO,-1,-1,0,-1
2020010283283,2020,010283283,2,19,0,99,99,9,9,0,0,0,9,99,9,99,2,9,6,6,3,-1,-1,1598,2,5,MERCEDES VITO,-1,-1,0,-1
2020543132520,2020,543132520,1,19,0,9,9,1,7,0,0,8,0,0,0,0,1,1,1,1,1,22,5,2143,2,1,MERCEDES VITO,2,E01014610,0,-1
2020552000640,2020,552000640,1,19,0,18,19,4,8,0,0,1,0,0,0,0,1,1,1,1,1,33,6,2143,2,1,MERCEDES VITO,-1,-1,0,-1
2020010281263,2020,010281263,1,19,0,7,7,7,2,0,0,1,0,0,0,0,1,1,1,1,1,42,7,-1,3,1,MERCEDES VITO,2,E01003783,0,-1
2020010266824,2020,010266824,1,8,9,18,19,5,1,99,99,9,9,99,9,99,9,9,6,6,1,50,8,2143,2,3,MERCEDES VITO,2,E01001357,0,-1
20201371O0871,2020,1371O0871,3,19,0,4,4,5,1,0,0,0,0,0,0,0,2,1,1,1,1,58,9,2143,2,1,MERCEDES VITO,-1,-1,0,-1
2020552100212,2020,552100212,1,8,0,5,5,8,4,0,0,0,0,0,0,0,1,1,1,1,1,32,6,2143,2,3,MERCEDES VITO,1,E01015281,0,-1
2020040966560,2020,040966560,1,19,0,18,19,3,7,0,0,1,0,0,0,0,1,1,2,2,1,52,8,2987,2,9,MERCEDES VITO,5,E01012664,0,-1
2020230953332,2020,230953332,1,19,0,18,19,8,4,0,0,0,0,0,0,0,1,1,1,1,1,29,6,2143,2,1,MERCEDES VITO,7,E01028480,0,-1
2020440200506,2020,440200506,2,19,0,7,7,3,5,0,0,1,0,0,0,0,1,1,2,2,1,44,7,2143,2,5,MERCEDES VITO,9,E01022475,0,-1
2020430305968,2020,430305968,1,8,0,9,9,5,2,0,0,1,0,0,0,0,1,1,1,1,1,63,9,2148,2,11,MERCEDES VITO,10,E01017859,0,-1
2020500971668,2020,500971668,2,9,0,18,19,1,5,0,0,8,0,7,0,0,1,1,1,1,1,35,6,-1,-1,-1,MERCEDES VITO,2,E01015181,0,-1
2020460967982,2020,460967982,2,19,0,18,19,6,2,0,0,1,0,0,0,0,4,1,1,1,1,-1,-1,1598,2,3,MERCEDES VITO,4,E01024179,0,-1
2020010243304,2020,010243304,2,19,0,18,19,3,7,0,0,1,0,0,1,0,0,1,1,1,1,23,5,2143,2,1,MERCEDES VITO,9,E01024797,0,-1
2020160975147,2020,160975147,1,19,0,9,9,4,2,0,0,6,0,0,0,0,3,1,1,1,1,52,8,2143,2,2,MERCEDES VITO,10,E01013223,0,-1
2020010246326,2020,010246326,2,19,0,99,99,9,9,99,99,9,9,99,9,99,9,9,6,6,3,-1,-1,1598,2,3,MERCEDES VITO,4,E01030709,0,-1
2020010254790,2020,010254790,1,9,0,7,7,6,1,4,4,5,0,0,1,0,4,1,6,6,1,34,6,2143,2,3,MERCEDES VITO,6,E01001665,0,-1
2020451004370,2020,451004370,3,19,0,18,19,3,4,0,0,0,0,0,0,0,1,1,6,6,1,50,8,2143,2,1,MERCEDES VITO,3,E01002404,0,-1
2020040956928,2020,040956928,1,19,0,18,19,8,4,0,0,0,0,0,0,0,1,1,1,1,1,61,9,2143,2,4,MERCEDES VITO,8,E01025174,0,-1
2020320443696,2020,320443696,1,19,0,18,19,1,5,0,0,0,0,0,0,0,4,1,6,6,1,36,7,2143,2,6,MERCEDES VITO,3,E01026033,0,-1
2020010252157,2020,010252157,1,19,0,18,19,1,5,0,0,8,0,0,0,0,1,1,1,1,1,19,4,2143,2,2,MERCEDES VITO,6,E01000166,0,-1
2020460965658,2020,460965658,1,8,0,18,19,7,3,0,0,1,0,0,0,0,1,1,1,1,1,32,6,2148,2,10,MERCEDES VITO,6,E01024285,0,-1
2020200925783,2020,200925783,3,19,0,18,19,7,3,0,0,0,5,0,0,0,1,1,6,6,1,44,7,2143,2,2,MERCEDES VITO,4,E01031176,0,-1
2020361003626,2020,361003626,2,19,0,16,19,5,8,0,0,0,0,0,0,0,1,1,1,1,1,51,8,2143,2,4,MERCEDES VITO,5,E01026435,0,-1
202006E167322,2020,06E167322,2,8,0,18,19,7,3,0,0,8,0,0,0,0,4,1,1,1,1,27,6,2143,2,8,MERCEDES VITO,2,E01005230,0,-1
2020610026520,2020,610026520,1,8,0,18,19,6,2,0,0,1,0,0,0,0,1,1,1,1,2,21,5,2143,2,4,MERCEDES VITO,2,W01001660,0,-1
2020552000281,2020,552000281,1,19,0,18,19,6,2,0,0,0,0,0,0,0,1,1,1,1,1,64,9,1598,2,3,MERCEDES VITO,-1,-1,0,-1
2020010268070,2020,010268070,2,8,0,16,19,7,3,0,0,0,0,0,0,0,1,1,1,1,1,40,7,2143,2,2,MERCEDES VITO,5,E01004521,0,-1
2020010240871,2020,010240871,3,8,0,7,7,1,3,0,0,1,0,0,0,0,4,9,1,1,1,44,7,2143,2,5,MERCEDES VITO,8,E01003470,0,-1
2020450936627,2020,450936627,2,19,0,14,14,7,3,0,0,1,0,8,0,0,3,1,6,6,1,44,7,2987,2,12,MERCEDES VITO,7,E01030729,0,-1
2020010248424,2020,010248424,1,19,0,18,19,1,5,0,0,1,0,0,0,0,1,1,2,2,1,39,7,2143,2,5,MERCEDES VITO,4,E01030749,0,-1
2020010269195,2020,010269195,2,9,0,99,99,9,9,99,99,9,9,99,9,99,1,9,6,6,3,-1,-1,1950,2,1,MERCEDES VITO,4,E01004142,0,-1
2020101000065,2020,101000065,1,19,0,18,19,5,1,0,0,4,0,0,0,0,1,1,1,1,1,19,4,1598,2,3,MERCEDES VITO,-1,-1,0,-1
2020030981323,2020,030981323,1,20,0,3,3,7,3,0,0,0,0,0,0,0,0,1,1,1,1,53,8,-1,-1,-1,-1,3,E01020789,0,-1
2020010255184,2020,010255184,1,8,0,99,99,9,9,99,99,1,9,99,9,99,2,9,6,6,1,48,8,2143,2,8,MERCEDES VITO,4,E01003216,0,-1
2020010241862,2020,010241862,1,19,0,4,4,7,3,0,0,1,0,0,0,0,1,1,6,6,1,40,7,2143,2,5,MERCEDES VITO,5,E01000322,0,-1
2020440277107,2020,440277107,3,19,0,18,19,2,6,0,0,0,0,0,0,0,1,1,2,2,1,-1,-1,2143,2,5,MERCEDES VITO,6,E01020529,0,-1
2020544671320,2020,544671320,2,19,0,18,19,6,2,0,0,0,0,0,0,0,2,1,6,6,1,25,5,2148,2,10,MERCEDES VITO,7,E01031974,0,-1
2020460936780,2020,460936780,1,19,0,5,5,1,4,0,0,1,0,0,0,0,1,1,5,6,1,41,7,2143,2,4,MERCEDES VITO,7,E01024727,0,-1
2020170S41230,2020,170S41230,2,19,0,18,19,7,3,0,0,0,0,0,1,4,1,1,6,6,1,31,6,2148,2,15,MERCEDES VITO,7,E01012345,0,-1
2020160937922,2020,160937922,1,19,0,18,19,2,6,0,0,1,0,0,0,0,1,1,6,6,1,42,7,2143,2,6,MERCEDES VITO,1,E01012874,0,-1
2020010259314,2020,010259314,1,19,0,3,3,6,2,0,0,1,0,0,0,0,2,1,1,1,1,48,8,2143,2,5,MERCEDES VITO,2,E01001828,0,-1
2020010262096,2020,010262096,1,8,0,4,4,3,7,0,0,1,0,0,0,0,2,1,2,2,1,51,8,2143,2,3,MERCEDES VITO,8,E01001544,0,-1
2020010285673,2020,010285673,2,8,0,2,2,0,0,6,6,1,0,0,0,0,0,1,6,6,3,-1,-1,2143,2,6,MERCEDES VITO,-1,-1,0,-1
2020480951874,2020,480951874,2,8,0,18,19,3,7,0,0,8,0,0,0,0,3,1,1,1,1,51,8,2143,2,8,MERCEDES VITO,10,E01021442,0,-1
2020052001558,2020,052001558,3,8,0,2,2,0,0,0,0,0,0,0,0,0,1,1,6,6,3,-1,-1,2148,2,12,MERCEDES VITO,-1,-1,0,-1
2020052000959,2020,052000959,1,19,0,18,19,5,1,0,0,8,0,0,0,0,1,1,1,1,1,67,10,1598,2,1,MERCEDES VITO,2,E01014279,0,-1
2020010251745,2020,010251745,1,19,0,9,9,3,1,0,0,5,0,0,0,0,4,1,6,6,1,43,7,2148,2,11,MERCEDES VITO,-1,-1,0,-1
2020470988750,2020,470988750,1,20,0,17,19,2,5,0,0,0,2,0,0,0,1,1,1,1,1,35,6,-1,-1,-1,-1,4,E01003389,0,-1
2020010270660,2020,010270660,2,19,9,9,9,1,8,0,0,1,9,99,0,0,9,9,6,6,3,-1,-1,2143,2,1,MERCEDES VITO,-1,-1,0,-1
2020010239512,2020,010239512,1,8,0,99,99,9,9,99,99,9,9,99,9,99,9,9,6,6,3,-1,-1,2143,2,3,MERCEDES VITO,-1,-1,0,-1
2020010286343,2020,010286343,2,19,0,7,7,4,7,0,0,8,0,0,0,0,4,1,1,1,1,40,7,2143,2,9,MERCEDES VITO,2,E01001576,0,-1
2020010257568,2020,010257568,1,19,0,7,7,1,3,0,0,8,0,0,7,0,1,1,1,1,1,37,7,2143,2,7,MERCEDES VITO,2,E01002703,0,-1
2020410929746,2020,410929746,3,8,0,8,8,1,3,0,0,6,0,0,0,0,3,1,5,6,1,45,7,2143,2,5,MERCEDES VITO,10,E01023436,0,-1
2020140975532,2020,140975532,2,19,0,18,19,6,2,0,0,0,0,0,0,0,1,1,6,6,3,-1,-1,2143,2,0,MERCEDES VITO,-1,-1,0,-1
2020010266115,2020,010266115,2,19,0,99,99,9,9,99,99,9,9,99,9,99,1,9,6,6,3,-1,-1,2148,2,14,MERCEDES VITO,8,E01001044,0,-1
2020610015320,2020,610015320,1,19,0,9,9,8,5,0,0,1,0,0,0,0,4,1,6,6,1,46,8,2148,2,14,MERCEDES VITO,10,W01001778,0,-1
2020200990498,2020,200990498,4,19,0,2,2,0,0,0,0,1,0,0,0,0,0,1,6,6,1,-1,-1,2151,2,19,MERCEDES VITO,5,E01009973,0,-1
2020040923141,2020,040923141,1,19,0,11,11,3,1,0,0,1,0,0,1,0,1,1,1,1,1,28,6,1598,2,2,MERCEDES VITO,1,E01012673,0,-1
20201379S0220,2020,1379S0220,2,19,0,18,19,2,6,0,0,7,0,0,0,0,2,1,1,1,1,51,8,2148,2,10,MERCEDES VITO,8,E01011459,0,-1
2020332000266,2020,332000266,1,19,0,18,19,2,6,0,0,3,1,0,0,0,1,1,6,6,3,61,9,2143,2,5,MERCEDES VITO,5,E01013766,0,-1
2020010281872,2020,010281872,1,19,0,18,19,7,3,0,0,0,0,0,0,0,1,1,1,1,1,36,7,2143,2,1,MERCEDES VITO,8,E01023552,0,-1
2020450990946,2020,450990946,3,19,0,18,19,1,5,0,0,0,0,0,0,0,4,1,1,1,1,60,9,2143,2,3,MERCEDES VITO,4,E01003541,0,-1
2020552000562,2020,552000562,5,19,0,2,2,0,0,0,0,0,0,4,0,0,2,1,6,6,3,-1,-1,1598,2,4,MERCEDES VITO,-1,-1,0,-1
2020040957140,2020,040957140,1,19,0,18,19,6,2,0,0,0,0,0,0,0,1,1,2,2,1,28,6,1598,2,3,MERCEDES VITO,8,E01025513,0,-1
2020470931898,2020,470931898,1,20,0,16,19,4,7,0,0,8,1,0,0,0,1,1,1,1,1,44,7,-1,-1,-1,-1,10,E01024344,0,-1
202031B172920,2020,31B172920,1,19,0,18,19,2,6,0,0,0,0,0,0,0,1,1,6,6,1,69,10,1598,2,4,MERCEDES VITO,6,E01028024,0,-1
2020010238136,2020,010238136,2,19,0,99,99,9,9,99,99,9,9,99,9,99,9,9,6,6,3,-1,-1,2148,2,14,MERCEDES VITO,8,E01021147,0,-1
2020010264339,2020,010264339,2,19,0,99,99,9,9,99,99,9,9,99,9,99,2,9,6,6,3,-1,-1,2143,2,0,MERCEDES VITO,3,E01002070,0,-1
2020010280652,2020,010280652,1,8,0,18,19,5,1,0,0,0,0,0,0,0,0,1,1,1,1,33,6,1950,2,1,MERCEDES VITO,4,E01030645,0,-1
2020140957657,2020,140957657,2,19,-1,15,15,2,6,0,0,0,0,0,0,0,1,1,6,6,1,-1,-1,2143,2,7,MERCEDES VITO,-1,-1,0,-1
2020460976389,2020,460976389,1,19,0,11,11,1,5,0,0,0,0,0,0,0,1,1,2,2,1,31,6,2148,2,13,MERCEDES VITO,7,E01025855,0,-1
2020211026516,2020,211026516,1,19,0,18,19,5,8,0,0,1,0,0,0,0,2,1,1,1,1,48,8,2143,2,0,MERCEDES VITO,1,E01010414,0,-1
2020010264448,2020,010264448,1,19,0,18,19,1,5,0,0,2,0,0,0,0,1,1,1,1,1,48,8,2143,2,7,MERCEDES VITO,5,E01016807,0,-1
2020052001963,2020,052001963,1,8,0,18,19,1,5,0,0,0,0,0,0,0,3,1,1,1,1,59,9,2148,2,11,MERCEDES VITO,4,E01006954,0,-1
2020360938239,2020,360938239,1,19,0,4,4,2,4,0,0,1,0,0,0,0,1,1,1,1,1,20,4,2143,2,4,MERCEDES VITO,5,E01026878,0,-1
2020010245805,2020,010245805,2,10,9,99,99,9,9,99,99,9,9,99,0,0,9,9,6,6,3,-1,-1,-1,-1,-1,-1,-1,-1,0,-1
2020010269545,2020,010269545,1,19,0,2,2,0,0,0,0,1,0,0,0,0,0,1,6,6,3,-1,-1,2148,2,14,MERCEDES VITO,-1,-1,0,-1
2020010276297,2020,010276297,1,19,0,99,99,9,9,99,99,9,9,99,9,99,2,9,6,6,1,30,6,2148,2,15,MERCEDES VITO,3,E01001363,0,-1
2020990932853,2020,990932853,3,9,0,3,3,3,7,0,0,0,0,0,0,0,2,1,6,6,1,45,7,2143,2,4,MERCEDES VITO,5,-1,0,-1
2020010251292,2020,010251292,2,8,0,12,12,4,8,0,0,1,0,0,0,0,3,1,1,1,1,56,9,2143,2,9,MERCEDES VITO,7,E01002939,0,-1
2020360987034,2020,360987034,2,8,0,18,19,5,1,0,0,0,0,0,0,0,1,1,1,1,1,58,9,2143,2,6,MERCEDES VITO,5,E01026766,0,-1
2020552100040,2020,552100040,3,19,0,18,19,4,8,0,0,0,0,0,0,0,1,1,2,2,1,59,9,2143,2,6,MERCEDES VITO,9,E01015356,0,-1
2020010243482,2020,010243482,1,8,0,99,99,9,9,99,99,9,9,99,9,99,9,9,6,6,1,48,8,2143,2,2,MERCEDES VITO,4,E01003684,0,-1
2020500987606,2020,500987606,1,19,0,9,9,7,5,0,0,0,0,0,0,0,1,1,5,6,1,42,7,2148,2,12,MERCEDES VITO,2,E01020216,0,-1
2020990940033,2020,990940033,1,8,0,9,9,1,7,0,0,1,0,0,0,0,1,1,1,1,1,57,9,2143,2,6,MERCEDES VITO,5,-1,0,-1
2020010286965,2020,010286965,2,19,0,8,8,1,3,0,0,1,1,0,0,0,1,1,1,1,1,24,5,2143,2,3,MERCEDES VITO,2,E01000040,0,-1
2020420997022,2020,420997022,2,19,0,4,4,5,1,0,0,0,0,0,0,0,2,1,5,6,1,44,7,1598,2,4,MERCEDES VITO,6,E01021733,0,-1
2020010262469,2020,010262469,2,19,0,99,99,9,9,99,99,9,9,99,9,99,2,9,6,6,3,-1,-1,1598,2,3,MERCEDES VITO,3,E01000081,0,-1
2020010278856,2020,010278856,1,9,0,4,4,2,6,0,0,0,0,0,0,0,0,1,1,1,1,32,6,2143,2,1,MERCEDES VITO,2,E01002031,0,-1
2020137C90238,2020,137C90238,1,9,0,18,19,4,8,0,0,0,0,0,0,0,1,1,1,1,1,55,8,2143,2,8,MERCEDES VITO,4,E01010675,0,-1
2020501003329,2020,501003329,1,19,0,5,5,4,8,0,0,6,0,0,0,0,3,1,5,6,1,37,7,2148,2,16,MERCEDES VITO,4,E01018760,0,-1
2020440006604,2020,440006604,2,19,0,5,5,5,1,0,0,1,0,0,0,0,4,1,2,2,1,57,9,1598,2,3,MERCEDES VITO,8,E01022650,0,-1
2020552100076,2020,552100076,2,19,0,17,19,4,8,0,0,0,0,0,0,0,3,1,2,2,1,48,8,1598,2,2,MERCEDES VITO,6,E01015462,0,-1
2020122000252,2020,122000252,2,10,0,18,19,5,1,0,0,1,0,0,7,0,1,1,1,1,1,34,6,-1,-1,-1,-1,8,E01027691,0,-1
202006L174188,2020,06L174188,1,10,0,18,19,4,8,0,0,0,0,0,0,0,4,1,1,1,1,48,8,-1,-1,-1,-1,-1,-1,0,-1
2020101006380,2020,101006380,1,19,0,2,2,1,4,9,9,8,0,0,0,0,2,1,1,1,1,51,8,1598,2,3,MERCEDES VITO,5,E01008861,0,-1