collision_index,collision_year,collision_ref_no,vehicle_reference,vehicle_type,towing_and_articulation,vehicle_manoeuvre_historic,vehicle_manoeuvre,vehicle_direction_from,vehicle_direction_to,vehicle_location_restricted_lane_historic,vehicle_location_restricted_lane,junction_location,skidding_and_overturning,hit_object_in_carriageway,vehicle_leaving_carriageway,hit_object_off_carriageway,first_point_of_impact,vehicle_left_hand_drive,journey_purpose_of_driver_historic,journey_purpose_of_driver,sex_of_driver,age_of_driver,age_band_of_driver,engine_capacity_cc,propulsion_code,age_of_vehicle,generic_make_model,driver_imd_decile,lsoa_of_driver,escooter_flag,driver_distance_banding
2020010276353,2020,010276353,2,9,0,18,19,3,7,0,0,1,0,0,0,0,9,9,6,6,1,60,9,-1,-1,-1,MERCEDES VITO,8,E01023549,0,-1
2020990939267,2020,990939267,1,19,0,1,1,6,2,0,0,0,0,0,0,0,2,1,1,1,1,46,8,2143,2,1,MERCEDES VITO,8,-1,0,-1
2020010246738,2020,010246738,1,19,0,18,19,1,5,0,0,8,0,0,0,0,1,1,1,1,1,30,6,2143,2,1,MERCEDES VITO,6,E01023409,0,-1
2020332000119,2020,332000119,1,8,0,18,19,6,2,0,0,0,0,0,0,0,1,1,6,6,1,60,9,2148,2,11,MERCEDES VITO,3,E01013745,0,-1
2020371014114,2020,371014114,1,19,0,9,9,5,2,0,0,0,0,0,0,0,1,1,1,1,1,35,6,2148,2,16,MERCEDES VITO,10,E01026574,0,-1
2020010264865,2020,010264865,3,8,0,18,19,7,3,0,0,0,0,0,0,0,4,1,1,1,1,58,9,2143,2,3,MERCEDES VITO,6,E01001570,0,-1
2020010231424,2020,010231424,1,8,0,9,9,7,5,0,0,6,0,0,0,0,3,1,6,6,1,65,9,2143,2,3,MERCEDES VITO,-1,-1,0,-1
2020010256610,2020,010256610,1,8,0,5,5,1,5,0,0,4,0,0,0,0,1,1,2,2,1,54,8,2143,2,7,MERCEDES VITO,10,E01000357,0,-1
2020141002346,2020,141002346,2,8,0,18,19,1,5,0,0,1,0,0,0,0,1,1,1,1,1,44,7,2148,2,9,MERCEDES VITO,7,E01007523,0,-1
2020500958084,2020,500958084,3,19,0,18,19,3,7,0,0,0,0,0,0,0,1,1,6,6,1,55,8,2151,2,19,MERCEDES VITO,7,E01019045,0,-1
2020450948550,2020,450948550,1,19,0,18,19,3,7,0,0,0,0,0,1,7,4,1,1,1,1,32,6,2143,2,1,MERCEDES VITO,3,E01024291,0,-1
2020991009848,2020,991009848,1,9,0,9,9,1,7,0,0,7,1,0,3,9,1,1,1,1,1,28,6,1560,2,3,PEUGEOT 308,10,-1,0,-1
2020052000326,2020,052000326,2,9,0,18,19,7,3,0,0,1,0,0,0,0,1,1,6,6,1,49,8,1997,2,4,PEUGEOT 308,6,E01012491,0,-1
2020122001074,2020,122001074,2,9,0,9,9,5,1,0,0,0,0,0,7,0,4,1,6,6,2,29,6,1560,2,6,PEUGEOT 308,2,E01007578,0,-1
2020052000876,2020,052000876,1,9,0,13,13,7,3,0,0,8,0,0,8,10,1,1,2,2,1,24,5,1500,2,0,PEUGEOT 308,-1,-1,0,-1
2020350969952,2020,350969952,3,9,0,18,19,7,3,0,0,1,0,0,0,0,1,1,5,6,1,38,7,1200,1,2,PEUGEOT 308,8,E01018242,0,-1
2020320686633,2020,320686633,2,9,0,18,19,8,4,0,0,1,0,0,0,0,1,1,6,6,2,63,9,1560,2,5,PEUGEOT 308,8,E01026365,0,-1
2020430431729,2020,430431729,1,9,0,18,19,6,2,0,0,2,0,9,6,1,1,1,6,6,1,71,10,1200,1,1,PEUGEOT 308,9,E01029897,0,-1
2020010260301,2020,010260301,1,9,0,13,13,3,7,0,0,1,0,0,0,0,0,1,1,1,1,49,8,1200,1,2,PEUGEOT 308,5,E01033030,0,-1
2020070050408,2020,070050408,2,9,0,3,3,5,1,0,0,1,0,0,0,0,1,1,1,1,2,25,5,1560,2,3,PEUGEOT 308,9,E01018737,0,-1
2020450938594,2020,450938594,2,9,0,18,19,1,5,0,0,0,0,0,0,0,2,1,5,6,2,33,6,1397,1,12,PEUGEOT 308,7,E01031414,0,-1
2020461015818,2020,461015818,2,9,0,18,19,5,1,0,0,0,1,0,1,0,0,1,1,1,1,26,6,1560,2,3,PEUGEOT 308,9,E01032813,0,-1
2020040976956,2020,040976956,1,9,0,15,15,7,3,0,0,2,0,0,7,10,1,1,1,1,1,33,6,1560,2,3,PEUGEOT 308,-1,-1,0,-1
2020501005015,2020,501005015,1,9,-1,-1,-1,1,5,-1,-1,0,-1,-1,-1,0,-1,1,6,6,2,41,7,1560,2,7,PEUGEOT 308,3,E01019075,0,-1
2020522004694,2020,522004694,3,9,0,-1,-1,-1,-1,0,0,0,0,0,0,0,3,1,6,6,2,59,9,1560,2,6,PEUGEOT 308,5,E01014438,0,-1
20201376F0867,2020,1376F0867,1,9,0,9,9,3,1,0,0,1,0,0,0,0,3,1,6,6,1,21,5,1598,1,10,PEUGEOT 308,1,E01010673,0,-1
2020360953463,2020,360953463,1,9,0,18,19,1,4,0,0,8,0,0,1,0,1,1,6,6,1,37,7,1560,2,11,PEUGEOT 308,5,E01026693,0,-1
2020160946035,2020,160946035,1,9,0,14,14,7,3,0,0,1,0,0,0,0,1,1,1,1,1,31,6,1560,2,3,PEUGEOT 308,2,E01012871,0,-1
2020990935361,2020,990935361,1,9,0,11,11,5,8,0,0,1,0,0,0,0,4,1,5,6,1,34,6,1598,1,12,PEUGEOT 308,3,-1,0,-1
20201372O1575,2020,1372O1575,1,9,0,18,19,6,2,0,0,6,0,0,0,0,1,1,1,1,2,24,5,1560,2,3,PEUGEOT 308,7,E01011775,0,-1
20201374O1465,2020,1374O1465,2,9,0,18,19,1,5,0,0,8,0,0,0,0,1,1,1,1,1,30,6,1498,2,0,PEUGEOT 308,1,E01010730,0,-1
2020100995936,2020,100995936,2,9,0,3,3,3,7,0,0,0,0,0,0,0,2,1,1,1,2,37,7,1560,2,6,PEUGEOT 308,2,E01008221,0,-1
2020140971796,2020,140971796,1,9,0,9,9,8,6,0,0,8,0,0,0,0,1,1,5,6,1,23,5,1560,2,4,PEUGEOT 308,6,E01007924,0,-1
2020420982488,2020,420982488,1,9,0,12,12,1,5,0,0,7,0,0,2,0,1,1,5,6,1,25,5,1200,1,2,PEUGEOT 308,3,E01021269,0,-1
2020340E08092,2020,340E08092,1,9,0,18,19,3,7,0,0,1,0,0,0,0,1,1,2,2,1,68,10,1598,1,10,PEUGEOT 308,2,E01027161,0,-1
2020991002381,2020,991002381,2,9,0,18,19,2,3,0,0,0,0,0,0,0,4,1,5,6,1,27,6,1560,2,4,PEUGEOT 308,-1,-1,0,-1
2020430021434,2020,430021434,2,9,0,18,19,6,2,0,0,0,0,0,0,0,1,1,2,2,1,32,6,1598,1,11,PEUGEOT 308,4,E01028604,0,-1
202063A050220,2020,63A050220,1,9,0,4,4,2,6,0,0,0,0,0,0,0,2,1,1,1,2,46,8,1560,2,4,PEUGEOT 308,6,W01000455,0,-1
2020070155180,2020,070155180,2,9,0,13,13,2,6,0,0,8,0,0,0,0,0,1,1,1,1,23,5,1560,2,2,PEUGEOT 308,1,E01018310,0,-1
2020420987521,2020,420987521,1,9,0,18,19,2,6,0,0,2,5,0,0,0,4,1,5,6,1,63,9,1560,2,11,PEUGEOT 308,9,E01021736,0,-1
2020040950785,2020,040950785,1,9,0,18,19,2,6,0,0,1,0,0,0,0,1,1,1,1,2,-1,-1,1560,2,2,PEUGEOT 308,2,E01025292,0,-1
2020052001405,2020,052001405,1,9,0,18,19,5,1,0,0,0,0,0,0,0,0,1,1,1,1,-1,-1,1560,2,4,PEUGEOT 308,-1,-1,0,-1
2020460949464,2020,460949464,2,9,0,18,19,3,7,0,0,0,0,0,0,0,3,1,6,6,1,-1,-1,1560,2,8,PEUGEOT 308,-1,-1,0,-1
2020040970137,2020,040970137,1,9,0,18,19,4,8,0,0,0,5,11,0,0,1,1,2,2,1,46,8,1560,2,7,PEUGEOT 308,1,E01024858,0,-1
2020211009232,2020,211009232,2,9,-1,-1,-1,3,7,-1,-1,0,-1,-1,-1,0,-1,1,6,6,1,58,9,1500,2,1,PEUGEOT 308,3,W01000356,0,-1
2020141010099,2020,141010099,1,9,0,13,13,1,5,0,0,0,0,0,0,0,1,1,1,1,1,53,8,1560,2,3,PEUGEOT 308,5,E01008139,0,-1
2020470941859,2020,470941859,2,9,0,18,19,2,6,0,0,2,0,0,0,0,3,1,6,6,1,53,8,1500,2,2,PEUGEOT 308,3,E01031358,0,-1
2020100942766,2020,100942766,1,9,0,18,19,1,5,0,0,0,0,0,0,0,2,1,6,6,1,35,6,1560,2,12,PEUGEOT 308,-1,-1,0,-1
2020040983839,2020,040983839,3,9,0,18,19,2,6,0,0,0,0,0,0,0,3,1,5,6,1,68,10,1560,2,6,PEUGEOT 308,6,E01025121,0,-1
2020470928271,2020,470928271,2,9,0,18,19,4,8,0,0,8,0,0,0,0,1,1,5,6,1,43,7,1560,2,10,PEUGEOT 308,8,E01031564,0,-1
2020500949654,2020,500949654,3,9,0,2,2,0,0,0,0,0,0,0,0,0,1,1,5,6,1,25,5,1560,2,3,PEUGEOT 308,7,E01015099,0,-1
2020450961935,2020,450961935,2,9,0,6,6,3,7,0,0,8,0,0,0,0,1,1,5,6,2,31,6,1598,1,10,PEUGEOT 308,10,E01030778,0,-1
2020460961744,2020,460961744,1,9,0,18,19,7,3,0,0,0,5,4,0,0,1,1,6,6,1,37,7,1560,2,11,PEUGEOT 308,-1,-1,0,-1
20201372B1004,2020,1372B1004,2,9,0,18,19,4,8,0,0,0,0,0,0,0,1,1,6,6,2,35,6,1560,2,11,PEUGEOT 308,3,E01011242,0,-1
2020610003520,2020,610003520,3,9,0,3,3,1,5,0,0,1,0,0,0,0,3,1,6,6,1,68,10,1560,2,5,PEUGEOT 308,3,W01001461,0,-1
2020990942119,2020,990942119,1,9,0,9,9,6,4,0,0,4,0,0,0,0,1,1,5,6,1,74,10,1598,1,12,PEUGEOT 308,3,-1,0,-1
2020420928076,2020,420928076,1,9,0,18,19,7,3,0,0,0,0,0,0,0,1,1,5,6,1,61,9,1560,2,6,PEUGEOT 308,8,E01021731,0,-1
2020450966279,2020,450966279,2,9,0,17,19,3,7,0,0,0,1,0,0,0,2,1,5,6,1,17,4,1500,2,2,PEUGEOT 308,10,E01030341,0,-1
2020052001405,2020,052001405,4,9,0,18,19,1,5,0,0,0,0,0,0,0,0,1,1,1,1,-1,-1,1560,2,4,PEUGEOT 308,-1,-1,0,-1
2020522100213,2020,522100213,1,9,0,18,19,6,2,0,0,0,0,0,1,11,1,1,6,6,2,41,7,1598,1,8,PEUGEOT 308,1,E01014584,0,-1
2020610030920,2020,610030920,2,9,0,5,5,4,7,0,0,4,0,0,0,0,1,1,6,6,1,69,10,1397,1,10,PEUGEOT 308,2,W01001691,0,-1
2020370963197,2020,370963197,1,9,0,12,12,5,1,0,0,0,0,0,0,0,3,1,5,6,2,37,7,1200,1,0,PEUGEOT 308,8,E01021691,0,-1
202006L168994,2020,06L168994,2,9,0,18,19,5,1,0,0,6,0,0,0,0,1,1,1,1,1,41,7,1200,1,1,PEUGEOT 308,-1,-1,0,-1
2020010280128,2020,010280128,2,9,0,18,19,5,1,0,0,6,0,0,0,0,1,1,6,6,1,37,7,1997,2,11,PEUGEOT 308,2,E01001726,0,-1
2020460928033,2020,460928033,1,9,0,18,19,7,3,0,0,0,0,0,0,0,1,1,5,6,1,63,9,1598,1,10,PEUGEOT 308,2,E01023990,0,-1
2020430421454,2020,430421454,1,9,0,13,13,1,5,0,0,0,0,0,0,0,4,1,6,6,1,49,8,1598,1,10,PEUGEOT 308,4,E01016716,0,-1
2020010233480,2020,010233480,2,9,0,18,19,7,3,0,0,6,0,0,0,0,3,1,6,6,1,29,6,1200,1,2,PEUGEOT 308,5,E01031568,0,-1
2020622000380,2020,622000380,2,9,0,18,19,8,4,0,0,0,0,0,0,0,2,1,6,6,2,40,7,1560,2,5,PEUGEOT 308,7,W01001257,0,-1
2020990918783,2020,990918783,1,9,0,16,19,8,3,0,0,0,1,0,0,0,1,1,1,1,1,35,6,1560,2,3,PEUGEOT 308,6,-1,0,-1
202054B514020,2020,54B514020,1,9,0,18,19,5,1,0,0,1,1,0,7,4,1,1,6,6,1,33,6,1560,2,7,PEUGEOT 308,9,E01031998,0,-1
202031D169620,2020,31D169620,2,9,0,2,2,0,0,9,9,1,0,0,0,0,2,1,6,6,3,-1,-1,1560,2,7,PEUGEOT 308,-1,-1,0,-1
2020200950531,2020,200950531,1,9,0,7,7,2,4,0,0,6,0,0,0,0,3,1,6,6,1,29,6,1560,2,5,PEUGEOT 308,1,E01009511,0,-1
2020052000368,2020,052000368,1,9,0,18,19,5,1,0,0,0,0,0,0,0,0,1,1,1,2,-1,-1,1560,2,4,PEUGEOT 308,1,E01006957,0,-1
202006G173542,2020,06G173542,2,9,0,18,19,7,3,0,0,8,0,0,1,0,3,1,6,6,1,26,6,1200,1,0,PEUGEOT 308,-1,-1,0,-1
202006N275349,2020,06N275349,2,9,0,13,13,2,6,0,0,8,0,0,0,0,4,1,1,1,1,23,5,1200,1,3,PEUGEOT 308,-1,-1,0,-1
2020400935650,2020,400935650,2,9,0,4,4,7,3,0,0,0,0,0,0,0,1,1,5,6,1,25,5,1560,2,4,PEUGEOT 308,4,E01017570,0,-1
20201374S0071,2020,1374S0071,2,9,0,3,3,5,1,0,0,0,0,0,0,0,1,1,1,1,1,30,6,1560,2,4,PEUGEOT 308,2,E01011370,0,-1
2020370944953,2020,370944953,1,9,0,18,19,6,2,0,0,1,1,0,1,10,1,1,5,6,2,39,7,1598,1,11,PEUGEOT 308,3,E01029914,0,-1
2020500973660,2020,500973660,1,9,0,1,1,3,7,9,9,1,0,4,1,2,2,1,5,6,2,86,11,1598,1,12,PEUGEOT 308,7,E01018971,0,-1
2020010258018,2020,010258018,1,9,0,9,9,7,6,0,0,6,0,0,0,0,1,1,6,6,1,35,6,1397,1,12,PEUGEOT 308,-1,-1,0,-1
2020610037120,2020,610037120,1,9,0,4,4,7,3,0,0,1,0,0,0,0,0,1,1,1,1,31,6,1560,2,3,PEUGEOT 308,-1,-1,0,-1
2020320654754,2020,320654754,1,9,0,18,19,1,5,0,0,0,0,0,1,0,1,1,6,6,1,73,10,1200,1,1,PEUGEOT 308,3,E01026116,0,-1
202006Q171943,2020,06Q171943,1,9,0,5,5,2,6,0,0,8,0,0,0,0,3,1,1,1,1,30,6,1200,1,3,PEUGEOT 308,-1,-1,0,-1
2020201000811,2020,201000811,1,9,0,18,19,3,7,0,0,3,0,7,7,2,1,1,6,6,2,25,5,1997,2,2,PEUGEOT 308,2,E01010503,0,-1
2020137BA0245,2020,137BA0245,3,9,0,18,19,1,5,0,0,8,0,0,0,0,0,1,1,1,1,35,6,1498,2,0,PEUGEOT 308,1,E01010730,0,-1
2020440318667,2020,440318667,1,9,0,18,19,7,5,0,0,3,0,0,0,0,1,1,1,1,1,49,8,1560,2,6,PEUGEOT 308,7,E01023125,0,-1
2020990970926,2020,990970926,1,9,0,1,1,1,5,0,0,0,0,0,0,0,2,1,1,1,2,65,9,1560,2,7,PEUGEOT 308,4,-1,0,-1
2020010247070,2020,010247070,1,9,0,15,15,7,3,0,0,1,5,0,0,0,4,1,6,6,1,30,6,1560,2,12,PEUGEOT 308,6,E01002422,0,-1
2020010275315,2020,010275315,2,9,0,4,4,3,7,0,0,7,0,0,0,0,2,1,6,6,1,26,6,1997,2,5,PEUGEOT 308,5,E01000854,0,-1
2020610014920,2020,610014920,2,9,0,17,19,2,7,0,0,1,0,0,0,0,1,1,2,2,1,37,7,1560,2,12,PEUGEOT 308,9,W01001653,0,-1
20201379K1182,2020,1379K1182,3,9,0,18,19,1,5,0,0,1,0,0,0,0,1,1,6,6,1,40,7,1498,2,0,PEUGEOT 308,-1,-1,0,-1
2020052000899,2020,052000899,1,9,0,18,19,5,1,0,0,8,0,0,7,7,1,1,1,1,1,-1,-1,1560,2,3,PEUGEOT 308,-1,-1,0,-1
2020302000138,2020,302000138,1,9,0,4,4,7,3,0,0,0,0,0,0,0,1,1,1,1,1,-1,-1,1498,2,1,PEUGEOT 308,5,E01019456,0,-1
2020201005849,2020,201005849,2,9,0,3,3,8,4,0,0,1,0,0,0,0,2,1,6,6,2,62,9,1560,2,8,PEUGEOT 308,8,E01010203,0,-1
2020010251046,2020,010251046,1,9,0,5,5,5,1,0,0,4,0,0,0,0,1,1,6,6,1,37,7,1560,2,7,PEUGEOT 308,2,E01002604,0,-1
2020200936541,2020,200936541,2,9,0,2,2,0,0,0,0,0,0,0,0,0,2,1,6,6,1,21,5,1560,2,12,PEUGEOT 308,1,E01009083,0,-1
2020010252140,2020,010252140,1,9,0,18,19,3,7,0,0,8,0,0,0,0,0,1,1,1,2,29,6,1200,1,2,PEUGEOT 308,3,E01002612,0,-1
2020302000556,2020,302000556,1,9,0,18,19,6,2,0,0,0,0,0,0,0,2,1,1,1,1,-1,-1,1560,2,4,PEUGEOT 308,2,E01013523,0,-1
2020052001405,2020,052001405,3,9,0,18,19,5,1,0,0,0,0,0,0,0,0,1,1,1,1,-1,-1,1560,2,3,PEUGEOT 308,2,E01006464,0,-1
202006Q174627,2020,06Q174627,1,9,0,15,15,1,5,2,2,0,0,0,1,1,1,1,6,6,3,-1,-1,1560,2,10,PEUGEOT 308,-1,-1,0,-1
2020990952131,2020,990952131,1,9,0,18,19,6,2,0,0,0,0,0,1,1,1,1,5,6,2,28,6,1200,1,5,PEUGEOT 308,-1,-1,0,-1
20201376O0617,2020,1376O0617,2,8,0,18,19,2,7,0,0,0,0,0,0,0,2,1,6,6,3,52,8,1598,1,10,-1,1,E01010813,0,-1
202031B113320,2020,31B113320,2,9,0,2,2,0,0,0,0,0,0,0,0,0,3,1,6,6,3,-1,-1,1997,2,6,PEUGEOT 308,-1,-1,0,-1
2020990921349,2020,990921349,1,9,0,18,19,1,7,0,0,8,0,0,7,10,1,1,1,1,1,54,8,1560,2,3,PEUGEOT 308,1,-1,0,-1
2020052002079,2020,052002079,1,9,0,18,19,1,5,0,0,1,0,0,7,1,1,1,1,1,1,27,6,1500,2,0,PEUGEOT 308,1,E01006678,0,-1
2020522000057,2020,522000057,2,9,0,18,19,1,5,0,0,8,0,0,0,0,1,1,6,6,1,45,7,1560,2,4,PEUGEOT 308,3,E01014501,0,-1
2020010280152,2020,010280152,3,9,0,18,19,1,5,0,0,2,0,0,0,0,2,1,2,2,1,52,8,1560,2,4,PEUGEOT 308,3,E01024399,0,-1
2020411007863,2020,411007863,1,9,0,18,19,6,2,0,0,0,0,0,0,0,1,1,1,1,1,51,8,1560,2,11,PEUGEOT 308,8,E01023938,0,-1
2020040998505,2020,040998505,1,9,0,18,19,1,5,0,0,8,0,0,0,0,1,1,5,6,1,73,10,1560,2,8,PEUGEOT 308,6,E01012616,0,-1
2020500955287,2020,500955287,2,9,0,18,19,2,6,0,0,0,0,4,0,0,1,1,5,6,1,79,11,1560,2,10,PEUGEOT 308,5,E01015129,0,-1
2020052002710,2020,052002710,1,9,0,13,13,5,1,0,0,0,0,0,0,0,1,1,1,1,1,-1,-1,1500,2,0,PEUGEOT 308,2,E01007218,0,-1
2020420986826,2020,420986826,1,8,0,18,19,5,1,0,0,1,0,0,0,0,1,1,1,1,1,65,9,1560,2,6,-1,4,E01015957,0,-1
2020470926859,2020,470926859,1,9,0,18,19,6,2,0,0,0,1,0,7,4,1,1,5,6,1,71,10,1200,1,5,PEUGEOT 308,9,E01021053,0,-1
2020010241745,2020,010241745,3,9,0,3,3,5,1,0,0,1,0,0,0,0,2,1,6,6,2,49,8,1598,1,10,PEUGEOT 308,5,E01001681,0,-1
2020170M20830,2020,170M20830,1,9,0,7,7,1,3,0,0,4,0,0,0,0,1,1,6,6,1,49,8,1560,2,8,PEUGEOT 308,1,E01012150,0,-1
2020161002111,2020,161002111,1,9,0,5,5,4,8,0,0,6,0,0,0,0,1,1,6,6,1,-1,-1,1560,2,7,PEUGEOT 308,2,E01012869,0,-1
2020990990924,2020,990990924,2,9,0,18,19,4,8,0,0,4,0,0,0,0,4,1,1,1,1,26,6,1560,2,3,PEUGEOT 308,8,-1,0,-1
202006N171266,2020,06N171266,2,9,0,16,19,3,5,0,0,0,0,0,0,0,0,1,1,1,1,27,6,1200,1,3,PEUGEOT 308,1,E01004979,0,-1
2020500942253,2020,500942253,2,9,0,18,19,3,7,0,0,0,0,0,1,0,2,1,1,1,1,24,5,1997,2,4,PEUGEOT 308,3,E01020095,0,-1
2020010267805,2020,010267805,1,9,0,5,5,5,1,0,0,0,0,0,0,0,1,1,1,1,1,33,6,1200,1,2,PEUGEOT 308,4,E01002794,0,-1
2020420967237,2020,420967237,1,9,0,1,1,5,5,0,0,0,0,0,0,0,4,1,5,6,1,26,6,1997,2,13,PEUGEOT 308,9,E01021560,0,-1
2020991010159,2020,991010159,2,9,0,16,19,4,7,0,0,1,0,0,0,0,1,1,5,6,1,40,7,1397,1,11,PEUGEOT 308,5,-1,0,-1
2020010231122,2020,010231122,2,9,0,18,19,5,1,0,0,2,0,0,0,0,1,1,2,2,1,51,8,1560,2,11,PEUGEOT 308,2,E01002368,0,-1
2020340N00942,2020,340N00942,1,9,0,18,19,7,3,0,0,8,0,0,0,0,1,1,6,6,2,34,6,1200,1,1,PEUGEOT 308,2,E01027151,0,-1
2020530998117,2020,530998117,2,9,0,16,19,5,1,0,0,2,1,0,0,0,4,1,5,6,2,34,6,1598,1,12,PEUGEOT 308,3,E01022237,0,-1
2020450969110,2020,450969110,3,9,0,18,19,6,2,0,0,0,0,0,0,0,1,1,5,6,1,19,4,1200,1,2,PEUGEOT 308,4,E01030676,0,-1
2020010244606,2020,010244606,2,9,0,16,19,5,8,0,0,1,0,0,0,0,1,2,1,1,1,29,6,1200,1,2,PEUGEOT 308,3,E01001045,0,-1
2020410959373,2020,410959373,2,9,0,18,19,1,5,0,0,1,0,0,0,0,3,1,5,6,1,26,6,1560,2,5,PEUGEOT 308,7,E01023856,0,-1
2020622000663,2020,622000663,1,9,0,18,19,8,2,0,0,5,0,0,0,0,4,1,6,6,2,71,10,1397,1,12,PEUGEOT 308,2,W01001766,0,-1
2020302001039,2020,302001039,1,9,0,18,19,4,8,0,0,0,0,0,0,0,4,1,6,6,2,-1,-1,1560,2,2,PEUGEOT 308,5,E01019456,0,-1
2020137760847,2020,137760847,1,9,0,18,19,6,2,0,0,4,0,0,0,0,1,1,2,2,2,61,9,1560,2,4,PEUGEOT 308,4,E01011546,0,-1
2020010266237,2020,010266237,2,9,0,99,99,9,9,99,99,0,9,99,9,99,1,9,6,6,3,-1,-1,1560,2,8,PEUGEOT 308,3,E01004448,0,-1
2020010264230,2020,010264230,2,9,0,18,19,1,5,0,0,3,1,0,1,0,3,1,6,6,1,32,6,1560,2,5,PEUGEOT 308,-1,-1,0,-1
202006XN77459,2020,06XN77459,1,9,0,18,19,5,1,0,0,0,1,0,1,6,1,1,6,6,1,33,6,1598,1,5,PEUGEOT 308,-1,-1,0,-1
2020500930945,2020,500930945,1,9,0,18,19,2,7,0,0,0,0,0,0,0,1,1,2,2,2,22,5,1560,2,8,PEUGEOT 308,6,E01015109,0,-1
2020010243294,2020,010243294,1,9,0,4,4,7,3,0,0,1,0,0,0,0,1,1,1,1,1,28,6,1200,1,1,PEUGEOT 308,4,E01033589,0,-1
2020450961131,2020,450961131,1,9,0,1,1,2,6,9,9,0,0,0,0,0,0,1,5,6,2,43,7,1200,1,4,PEUGEOT 308,10,E01030996,0,-1
2020440075730,2020,440075730,1,9,0,18,19,5,1,0,0,8,0,0,1,0,3,1,6,6,2,77,11,1560,2,13,PEUGEOT 308,7,E01022648,0,-1
202063D047520,2020,63D047520,1,9,0,16,19,7,2,0,0,0,1,0,1,9,1,1,6,6,2,25,5,1560,2,6,PEUGEOT 308,6,W01001930,0,-1
2020010282400,2020,010282400,1,9,0,9,9,5,2,0,0,5,0,0,0,0,3,1,1,1,2,43,7,1560,2,9,PEUGEOT 308,3,E01002599,0,-1
2020010231142,2020,010231142,2,9,0,9,9,5,2,0,0,1,0,0,0,0,2,1,6,6,2,-1,-1,1598,1,13,PEUGEOT 308,-1,-1,0,-1
2020500961088,2020,500961088,1,9,0,13,13,6,2,0,0,0,1,0,4,6,1,1,5,6,1,28,6,1560,2,10,PEUGEOT 308,4,E01019024,0,-1
2020470926460,2020,470926460,1,9,0,7,7,6,8,0,0,6,0,0,0,0,1,1,6,6,1,-1,-1,1560,2,10,PEUGEOT 308,4,E01016925,0,-1
2020302000606,2020,302000606,3,9,0,2,2,0,0,4,4,0,0,0,0,0,2,1,6,6,3,-1,-1,1598,1,10,PEUGEOT 308,-1,-1,0,-1
2020991013367,2020,991013367,1,9,0,18,19,1,1,0,0,0,0,0,0,0,4,1,5,6,1,34,6,1560,2,11,PEUGEOT 308,3,-1,0,-1
202063C061720,2020,63C061720,1,9,0,9,9,8,6,0,0,8,0,0,0,0,3,1,6,6,2,69,10,1200,1,1,PEUGEOT 308,9,W01000859,0,-1
2020990962147,2020,990962147,2,9,0,5,5,5,1,0,0,2,0,0,0,0,2,1,1,1,1,32,6,1560,2,3,PEUGEOT 308,-1,-1,0,-1
2020410929288,2020,410929288,1,9,0,5,5,5,1,0,0,0,0,0,0,0,1,1,1,1,1,25,5,1560,2,5,PEUGEOT 308,7,E01023856,0,-1
2020140937405,2020,140937405,2,9,0,18,19,3,7,0,0,1,0,0,0,0,1,1,6,6,3,-1,-1,1560,2,8,PEUGEOT 308,-1,-1,0,-1
2020220923733,2020,220923733,1,9,0,9,9,1,7,0,0,6,0,0,0,0,1,1,5,6,1,77,11,1598,1,6,PEUGEOT 308,8,E01032463,0,-1
20201378Q1386,2020,1378Q1386,1,9,0,18,19,2,6,0,0,1,0,0,0,0,4,1,1,1,1,29,6,1498,2,0,PEUGEOT 308,7,E01011350,0,-1
202006A271703,2020,06A271703,2,9,0,16,19,6,2,0,0,0,0,0,0,0,0,1,1,1,1,36,7,1200,1,1,PEUGEOT 308,-1,-1,0,-1
2020010232721,2020,010232721,1,9,4,18,19,1,5,0,0,0,0,0,0,0,1,1,6,6,1,29,6,1200,1,1,PEUGEOT 308,6,E01001451,0,-1
2020140955657,2020,140955657,2,9,0,18,19,3,7,0,0,0,0,0,0,0,0,1,1,1,2,47,8,1498,2,1,PEUGEOT 308,1,E01007714,0,-1
2020471006879,2020,471006879,2,9,0,18,19,5,1,0,0,4,0,0,0,0,4,1,5,6,2,63,9,1560,2,5,PEUGEOT 308,8,E01016928,0,-1
2020371009607,2020,371009607,2,9,0,18,19,2,6,0,0,0,0,0,0,0,1,1,2,2,1,54,8,1560,2,4,PEUGEOT 308,2,E01029984,0,-1
2020460982186,2020,460982186,1,9,0,18,19,2,6,0,0,0,0,0,0,0,1,1,5,6,1,86,11,1997,2,5,PEUGEOT 308,10,E01024725,0,-1
202006G167608,2020,06G167608,2,9,0,18,19,8,4,0,0,8,0,0,0,0,3,1,1,1,2,27,6,1200,1,3,PEUGEOT 308,-1,-1,0,-1
2020010233464,2020,010233464,2,9,0,18,19,6,2,0,0,2,0,0,0,0,0,1,6,6,1,26,6,1200,1,2,PEUGEOT 308,5,E01033573,0,-1
2020200981846,2020,200981846,1,9,0,3,3,5,1,0,0,1,0,10,1,0,2,1,6,6,2,72,10,1200,1,4,PEUGEOT 308,9,E01010220,0,-1
2020010240058,2020,010240058,1,9,0,1,1,1,5,9,9,1,0,0,0,0,2,1,1,1,2,29,6,1560,2,12,PEUGEOT 308,-1,-1,0,-1
2020430040814,2020,430040814,3,9,0,3,3,2,6,0,0,1,0,0,0,0,2,1,6,6,1,57,9,1200,1,5,PEUGEOT 308,-1,-1,0,-1