collision_index,collision_year,collision_ref_no,vehicle_reference,vehicle_type,towing_and_articulation,vehicle_manoeuvre_historic,vehicle_manoeuvre,vehicle_direction_from,vehicle_direction_to,vehicle_location_restricted_lane_historic,vehicle_location_restricted_lane,junction_location,skidding_and_overturning,hit_object_in_carriageway,vehicle_leaving_carriageway,hit_object_off_carriageway,first_point_of_impact,vehicle_left_hand_drive,journey_purpose_of_driver_historic,journey_purpose_of_driver,sex_of_driver,age_of_driver,age_band_of_driver,engine_capacity_cc,propulsion_code,age_of_vehicle,generic_make_model,driver_imd_decile,lsoa_of_driver,escooter_flag,driver_distance_banding
202031A147820,2020,31A147820,1,9,0,9,9,2,8,0,0,5,0,0,0,0,4,1,1,1,1,49,8,1560,2,4,PEUGEOT 308,2,E01028269,0,-1
2020040973189,2020,040973189,2,9,0,18,19,5,1,0,0,0,0,0,7,0,1,1,1,1,1,27,6,1560,2,2,PEUGEOT 308,6,E01007065,0,-1
2020340K08402,2020,340K08402,2,9,0,5,5,1,5,0,0,8,0,0,0,0,1,1,6,6,1,62,9,1560,2,10,PEUGEOT 308,3,E01027111,0,-1
2020070686993,2020,070686993,1,9,0,15,15,2,6,0,0,0,0,4,0,0,1,1,2,2,1,49,8,1598,1,11,PEUGEOT 308,3,E01012391,0,-1
202006L168994,2020,06L168994,4,9,0,18,19,5,1,0,0,1,0,0,0,0,3,1,6,6,2,41,7,1500,2,2,PEUGEOT 308,9,E01006236,0,-1
2020140967312,2020,140967312,1,9,0,2,2,0,0,0,0,0,0,0,0,0,3,1,1,1,1,32,6,1560,2,1,PEUGEOT 308,2,E01007451,0,-1
202031A070620,2020,31A070620,1,8,0,9,9,1,6,0,0,6,0,0,0,0,1,1,1,1,1,49,8,1560,2,4,-1,7,E01028270,0,-1
2020470968585,2020,470968585,1,9,0,4,4,7,3,0,0,0,0,0,0,0,2,1,5,6,1,34,6,1997,2,4,PEUGEOT 308,5,E01031401,0,-1
2020200932109,2020,200932109,1,9,0,9,9,2,1,0,0,6,0,0,0,0,1,1,6,6,1,-1,-1,1560,2,4,PEUGEOT 308,-1,-1,0,-1
20201371R0509,2020,1371R0509,2,9,0,3,3,6,2,0,0,1,0,0,0,0,2,1,6,6,1,36,7,1598,1,12,PEUGEOT 308,10,E01011516,0,-1
2020140982539,2020,140982539,1,9,0,18,19,1,5,0,0,8,0,0,0,0,3,1,1,1,1,29,6,1560,2,4,PEUGEOT 308,1,E01033269,0,-1
2020161007947,2020,161007947,1,9,0,13,13,7,3,0,0,1,0,0,0,0,0,1,1,1,1,34,6,1560,2,4,PEUGEOT 308,2,E01012871,0,-1
2020400967953,2020,400967953,1,9,0,13,13,3,7,0,0,0,2,0,7,0,1,1,2,2,1,44,7,1397,1,8,PEUGEOT 308,5,E01017497,0,-1
2020040994057,2020,040994057,2,9,0,18,19,5,1,0,0,0,0,11,0,0,1,1,5,6,2,40,7,1598,1,12,PEUGEOT 308,5,E01025095,0,-1
2020470939868,2020,470939868,1,9,0,18,19,8,4,0,0,8,0,0,0,0,1,1,5,6,2,41,7,1560,2,9,PEUGEOT 308,4,E01031628,0,-1
2020040965957,2020,040965957,2,9,0,13,13,5,1,0,0,0,0,0,0,0,1,1,1,1,2,26,6,1560,2,3,PEUGEOT 308,8,E01025463,0,-1
2020230987915,2020,230987915,1,9,0,13,13,6,2,0,0,8,0,7,1,7,4,1,5,6,1,32,6,1397,1,11,PEUGEOT 308,5,E01009654,0,-1
2020460963178,2020,460963178,3,9,0,3,3,7,3,0,0,1,0,0,0,0,2,1,6,6,1,55,8,1560,2,6,PEUGEOT 308,2,E01024517,0,-1
2020010250133,2020,010250133,2,9,0,14,14,4,8,0,0,1,0,0,0,0,4,1,1,1,2,23,5,1200,1,2,PEUGEOT 308,3,E01002030,0,-1
2020041002239,2020,041002239,2,9,0,17,19,3,7,0,0,0,0,0,0,0,1,1,1,1,1,34,6,1560,2,3,PEUGEOT 308,9,E01025453,0,-1
202006F270808,2020,06F270808,3,9,0,18,19,3,7,0,0,1,0,0,0,0,0,1,1,1,1,30,6,1200,1,3,PEUGEOT 308,-1,-1,0,-1
2020140956354,2020,140956354,1,9,0,18,19,1,5,0,0,1,0,11,0,0,0,1,1,1,1,22,5,1560,2,4,PEUGEOT 308,2,E01007336,0,-1
2020541427620,2020,541427620,2,9,0,3,3,5,1,0,0,0,0,0,0,0,2,1,3,7,2,38,7,1560,2,6,PEUGEOT 308,7,E01031979,0,-1
2020010255370,2020,010255370,1,9,0,3,3,5,1,0,0,1,0,0,0,0,2,1,6,6,1,23,5,1397,1,12,PEUGEOT 308,1,E01003252,0,-1
2020160990488,2020,160990488,2,9,0,3,3,2,6,0,0,8,0,0,0,0,2,1,6,6,3,-1,-1,1560,2,11,PEUGEOT 308,-1,-1,0,-1
2020052001719,2020,052001719,2,9,0,13,13,4,8,0,0,0,0,0,0,0,1,1,6,6,1,28,6,1200,1,3,PEUGEOT 308,1,E01006694,0,-1
2020552001118,2020,552001118,1,9,0,9,9,2,4,0,0,6,0,0,0,0,1,1,6,6,2,54,8,1997,2,4,PEUGEOT 308,6,E01020586,0,-1
2020440237762,2020,440237762,2,9,0,18,19,2,6,0,0,0,0,0,0,0,4,1,6,6,2,67,10,1560,2,9,PEUGEOT 308,9,E01023274,0,-1
2020201019496,2020,201019496,2,9,0,18,19,2,6,0,0,8,0,0,0,0,1,1,2,2,2,-1,-1,1200,1,5,PEUGEOT 308,3,E01029867,0,-1
2020070295389,2020,070295389,1,9,0,18,19,8,4,0,0,0,0,11,0,0,1,1,6,6,2,33,6,1997,2,12,PEUGEOT 308,7,W01000251,0,-1
2020201015993,2020,201015993,2,9,0,9,9,4,2,0,0,5,0,0,0,0,2,1,6,6,2,24,5,1560,2,7,PEUGEOT 308,5,E01009713,0,-1
2020990922327,2020,990922327,1,9,0,18,19,3,7,0,0,0,0,0,0,0,1,1,5,6,2,54,8,1200,1,1,PEUGEOT 308,4,-1,0,-1
2020610045020,2020,610045020,1,9,0,18,19,2,6,0,0,1,1,0,0,0,1,1,1,1,1,42,7,1560,2,2,PEUGEOT 308,1,W01001662,0,-1
2020070017672,2020,070017672,1,9,0,17,19,2,8,0,0,8,0,0,0,0,1,1,1,1,1,36,7,1560,2,2,PEUGEOT 308,3,E01018464,0,-1
2020350948993,2020,350948993,1,9,0,18,19,3,7,0,0,2,0,0,0,0,1,1,5,6,2,46,8,1560,2,7,PEUGEOT 308,2,E01018070,0,-1
2020990967651,2020,990967651,1,9,0,18,19,8,4,0,0,0,0,0,0,0,1,1,2,2,1,37,7,1560,2,8,PEUGEOT 308,8,-1,0,-1
202006E167376,2020,06E167376,4,9,0,2,2,0,0,0,0,0,0,0,0,0,3,1,6,6,1,30,6,1560,2,11,PEUGEOT 308,2,E01005237,0,-1
2020522004851,2020,522004851,1,9,0,18,19,5,1,0,0,0,0,0,0,0,1,1,6,6,1,80,11,1598,1,8,PEUGEOT 308,2,E01014806,0,-1
2020230973008,2020,230973008,2,9,0,18,19,6,2,0,0,8,0,0,1,10,1,1,5,6,1,42,7,1560,2,8,PEUGEOT 308,1,E01010235,0,-1
2020070443769,2020,070443769,1,9,0,7,7,7,3,0,0,1,0,0,0,0,1,1,6,6,1,65,9,1560,2,5,PEUGEOT 308,4,E01018396,0,-1
2020430176201,2020,430176201,2,9,0,18,19,6,2,0,0,3,1,0,6,0,2,1,6,6,2,41,7,1560,2,12,PEUGEOT 308,4,E01016447,0,-1
2020501000566,2020,501000566,3,9,0,2,2,0,0,0,0,1,0,0,0,0,0,1,5,6,2,-1,-1,1560,2,8,PEUGEOT 308,7,E01015138,0,-1
20201378T2079,2020,1378T2079,2,9,0,2,2,0,0,0,0,8,0,0,0,0,1,1,6,6,3,-1,-1,1560,2,4,PEUGEOT 308,2,E01010916,0,-1
2020010247332,2020,010247332,2,9,0,18,19,7,3,0,0,8,0,0,0,0,1,1,2,2,2,26,6,1598,1,11,PEUGEOT 308,4,E01000323,0,-1
2020010286378,2020,010286378,1,9,0,18,19,1,5,0,0,1,0,0,0,0,1,1,6,6,2,51,8,1997,2,5,PEUGEOT 308,5,E01000302,0,-1
2020200921478,2020,200921478,1,9,0,9,9,7,5,0,0,1,0,0,0,0,1,1,6,6,1,57,9,1560,2,2,PEUGEOT 308,6,E01010376,0,-1
2020360974942,2020,360974942,1,9,0,7,7,7,2,0,0,6,0,0,0,0,1,1,5,6,1,84,11,1397,1,11,PEUGEOT 308,3,E01018090,0,-1
202006K168816,2020,06K168816,4,9,0,2,2,0,0,0,0,1,0,0,0,0,0,1,1,1,1,30,6,1200,1,2,PEUGEOT 308,-1,-1,0,-1
2020040935345,2020,040935345,2,9,0,7,7,3,7,0,0,6,0,0,0,0,1,1,5,6,1,66,10,1560,2,11,PEUGEOT 308,1,E01024895,0,-1
202006L277465,2020,06L277465,1,9,0,3,3,3,7,0,0,2,0,0,0,0,2,1,6,6,3,-1,-1,1598,1,12,PEUGEOT 308,-1,-1,0,-1
2020302001427,2020,302001427,1,9,0,18,19,6,2,0,0,0,0,0,0,0,1,1,6,6,2,-1,-1,1997,2,12,PEUGEOT 308,2,E01028267,0,-1
2020470933212,2020,470933212,1,9,0,18,19,5,1,0,0,0,2,0,1,4,1,1,6,6,1,33,6,1560,2,7,PEUGEOT 308,5,E01021031,0,-1
2020010238886,2020,010238886,1,9,0,17,19,8,6,0,0,1,0,0,0,0,1,1,6,6,1,45,7,1598,1,11,PEUGEOT 308,6,E01002485,0,-1
2020200953966,2020,200953966,1,9,0,9,9,4,2,0,0,5,0,0,0,0,4,1,6,6,1,24,5,1200,1,4,PEUGEOT 308,4,E01009011,0,-1
2020460971688,2020,460971688,2,9,0,18,19,2,7,0,0,1,0,0,0,0,1,1,6,6,1,53,8,1598,1,11,PEUGEOT 308,1,E01024308,0,-1
2020230999570,2020,230999570,1,9,0,10,10,1,7,0,0,6,0,0,3,1,1,1,5,6,2,74,10,1200,1,2,PEUGEOT 308,10,E01031158,0,-1
2020010283729,2020,010283729,1,9,0,18,19,7,3,0,0,8,0,0,0,0,1,1,2,2,1,31,6,1560,2,12,PEUGEOT 308,9,E01018200,0,-1
2020530972001,2020,530972001,1,9,0,18,19,1,5,0,0,0,1,0,1,9,3,1,5,6,1,25,5,1397,1,12,PEUGEOT 308,6,E01009496,0,-1
2020010247129,2020,010247129,1,9,0,16,19,3,7,0,0,1,0,10,1,0,4,1,1,1,1,31,6,1200,1,2,PEUGEOT 308,4,E01001247,0,-1
2020010239515,2020,010239515,2,9,0,99,99,9,9,99,99,9,9,99,9,99,9,9,6,6,3,-1,-1,1200,1,1,PEUGEOT 308,-1,-1,0,-1
2020010256649,2020,010256649,3,9,0,2,2,0,0,0,0,2,0,0,0,0,0,1,6,6,3,-1,-1,1200,1,3,PEUGEOT 308,-1,-1,0,-1
2020340N05812,2020,340N05812,2,9,0,18,19,7,3,0,0,8,0,0,0,0,3,1,6,6,2,35,6,1560,2,7,PEUGEOT 308,9,E01002467,0,-1
2020461001873,2020,461001873,3,9,0,3,3,6,2,0,0,0,0,0,0,0,4,1,2,2,1,41,7,1560,2,11,PEUGEOT 308,4,E01024669,0,-1
202006G271572,2020,06G271572,1,9,0,18,19,7,3,0,0,0,0,0,0,0,1,1,6,6,3,-1,-1,1397,1,12,PEUGEOT 308,-1,-1,0,-1
2020340W04972,2020,340W04972,1,9,0,18,19,7,3,0,0,4,0,0,0,0,1,1,2,2,1,45,7,1997,2,4,PEUGEOT 308,2,E01027314,0,-1
2020201011715,2020,201011715,1,9,0,7,7,8,2,9,9,6,0,0,0,0,1,1,6,6,2,-1,-1,1397,1,12,PEUGEOT 308,-1,-1,0,-1
202031A082220,2020,31A082220,1,9,0,18,19,6,2,0,0,8,0,0,0,0,3,1,6,6,1,70,10,1560,2,9,PEUGEOT 308,3,E01027964,0,-1
2020010230305,2020,010230305,1,9,0,18,19,5,1,0,0,8,0,0,0,0,4,1,6,6,1,26,6,1397,1,12,PEUGEOT 308,6,E01004501,0,-1
2020040998131,2020,040998131,1,9,0,18,19,5,1,0,0,1,0,0,0,0,1,1,1,1,1,37,7,1560,2,2,PEUGEOT 308,2,E01025292,0,-1
2020302000096,2020,302000096,4,9,0,2,2,0,0,0,0,0,0,0,0,0,2,1,1,1,1,-1,-1,1560,2,3,PEUGEOT 308,7,E01013492,0,-1
2020340W02542,2020,340W02542,1,9,0,2,2,0,0,0,0,0,0,0,0,0,1,1,6,6,2,29,6,1560,2,8,PEUGEOT 308,9,E01027325,0,-1
2020052000867,2020,052000867,3,9,0,18,19,7,3,0,0,0,0,0,0,0,0,1,1,1,1,38,7,1560,2,4,PEUGEOT 308,2,E01006464,0,-1
2020010236359,2020,010236359,2,9,0,4,4,2,6,0,0,1,0,0,0,0,2,1,1,1,1,26,6,1200,1,2,PEUGEOT 308,5,E01033573,0,-1
2020440391423,2020,440391423,1,9,0,12,12,7,1,0,0,6,0,0,0,0,3,1,3,7,1,33,6,1560,2,10,PEUGEOT 308,4,E01022734,0,-1
2020010276372,2020,010276372,2,9,0,99,99,9,9,99,99,0,9,99,9,99,2,9,6,6,3,43,7,1560,2,11,PEUGEOT 308,9,E01017940,0,-1
2020420992005,2020,420992005,3,9,0,3,3,3,7,0,0,0,0,0,0,0,2,1,6,6,2,27,6,1200,1,6,PEUGEOT 308,3,E01015843,0,-1
202006G176657,2020,06G176657,2,9,0,17,19,5,2,0,0,0,0,0,0,0,0,1,6,6,1,30,6,1200,1,3,PEUGEOT 308,-1,-1,0,-1
2020052000482,2020,052000482,1,9,0,18,19,5,1,0,0,2,0,0,0,0,0,1,1,1,1,38,7,1560,2,3,PEUGEOT 308,1,E01006957,0,-1
2020991009412,2020,991009412,1,9,0,18,19,3,7,0,0,1,0,0,0,0,4,1,1,1,1,28,6,1560,2,3,PEUGEOT 308,10,-1,0,-1
2020010275596,2020,010275596,1,9,0,18,19,5,1,0,0,1,0,11,0,0,1,1,1,1,1,31,6,1200,1,3,PEUGEOT 308,1,E01003047,0,-1
2020052001064,2020,052001064,2,9,0,18,19,1,5,0,0,8,0,0,0,0,4,1,6,6,1,24,5,1560,2,6,PEUGEOT 308,1,E01006541,0,-1
20201378E0240,2020,1378E0240,2,9,0,18,19,1,5,0,0,2,0,0,0,0,1,1,1,1,1,30,6,1498,2,0,PEUGEOT 308,1,E01010807,0,-1
2020622000639,2020,622000639,1,9,0,18,19,4,2,0,0,3,0,0,0,0,1,1,6,6,3,-1,-1,1560,2,9,PEUGEOT 308,-1,-1,0,-1
2020010247528,2020,010247528,1,9,0,3,3,3,7,0,0,1,0,0,0,0,2,1,6,6,1,39,7,1560,2,7,PEUGEOT 308,6,E01004491,0,-1
202031B032420,2020,31B032420,2,9,0,2,2,0,0,0,0,0,0,0,0,0,1,1,6,6,3,-1,-1,1560,2,11,PEUGEOT 308,-1,-1,0,-1
202006J178465,2020,06J178465,3,9,0,18,19,6,2,0,0,1,0,0,0,0,1,1,1,1,2,30,6,1200,1,1,PEUGEOT 308,-1,-1,0,-1
2020990922312,2020,990922312,2,9,0,9,9,5,2,0,0,1,0,0,7,0,3,1,5,6,2,42,7,1560,2,6,PEUGEOT 308,10,-1,0,-1
2020501013877,2020,501013877,3,9,0,18,19,1,5,0,0,0,0,0,0,0,4,1,2,2,2,45,7,1500,2,1,PEUGEOT 308,5,E01033291,0,-1
2020610013420,2020,610013420,1,9,0,13,13,1,5,0,0,2,0,0,0,0,3,1,6,6,2,44,7,1560,2,2,PEUGEOT 308,4,W01001384,0,-1
2020500975818,2020,500975818,1,9,0,4,4,7,3,0,0,0,0,0,0,0,1,1,5,6,1,25,5,1560,2,3,PEUGEOT 308,7,E01015099,0,-1
2020410967811,2020,410967811,1,9,0,2,2,4,8,0,0,2,0,0,0,0,4,1,6,6,1,30,6,1560,2,6,PEUGEOT 308,9,E01023580,0,-1
202031D146020,2020,31D146020,2,9,0,7,7,8,3,0,0,4,0,0,0,0,1,1,6,6,1,21,5,1397,1,12,PEUGEOT 308,2,E01028113,0,-1
2020010272618,2020,010272618,2,9,0,99,99,9,9,99,99,9,9,99,9,99,9,9,6,6,3,-1,-1,1560,2,6,PEUGEOT 308,-1,-1,0,-1
2020230980324,2020,230980324,1,9,0,17,19,6,2,0,0,0,1,10,1,0,1,1,5,6,1,25,5,1997,2,12,PEUGEOT 308,5,E01031242,0,-1
2020370943717,2020,370943717,1,9,0,18,19,7,3,0,0,0,0,0,0,0,1,1,5,6,2,69,10,1560,2,6,PEUGEOT 308,10,E01030166,0,-1
2020201002541,2020,201002541,2,9,0,5,5,6,2,0,0,6,0,0,0,0,1,1,6,6,1,39,7,1560,2,10,PEUGEOT 308,1,E01008896,0,-1
2020990984453,2020,990984453,1,9,0,3,3,7,3,0,0,0,0,0,0,0,3,1,5,6,1,65,9,1560,2,8,PEUGEOT 308,9,-1,0,-1
2020122000505,2020,122000505,1,9,0,1,1,8,4,0,0,0,0,0,0,0,2,1,1,1,2,28,6,1560,2,3,PEUGEOT 308,2,E01027812,0,-1
202031A171620,2020,31A171620,1,9,0,18,19,1,5,0,0,0,0,0,0,0,1,1,3,7,2,22,5,1560,2,12,PEUGEOT 308,8,E01028255,0,-1
2020410968735,2020,410968735,2,9,5,18,19,3,7,0,0,0,0,0,0,0,2,1,6,6,1,41,7,1598,1,12,PEUGEOT 308,5,E01023332,0,-1
202006N270799,2020,06N270799,1,9,0,18,19,2,6,0,0,8,0,0,7,0,1,1,1,1,1,35,6,1200,1,3,PEUGEOT 308,1,E01004979,0,-1
2020440474943,2020,440474943,1,9,0,18,19,3,7,0,0,8,0,0,0,0,2,1,6,6,2,24,5,1560,2,8,PEUGEOT 308,7,E01017367,0,-1
2020200954014,2020,200954014,1,9,0,1,1,3,7,0,0,0,0,0,0,0,2,1,6,6,1,24,5,1997,2,12,PEUGEOT 308,-1,-1,0,-1
2020161008447,2020,161008447,1,9,0,14,14,5,1,0,0,1,0,0,0,0,1,1,1,1,1,32,6,1560,2,4,PEUGEOT 308,9,E01012962,0,-1
2020450946952,2020,450946952,1,9,0,4,4,2,6,0,0,1,0,0,0,0,2,1,5,6,2,48,8,1200,1,4,PEUGEOT 308,8,E01030979,0,-1
2020361010753,2020,361010753,1,9,0,18,19,8,4,0,0,0,0,0,0,0,1,1,6,6,1,27,6,1997,2,12,PEUGEOT 308,4,E01018096,0,-1
20201376H0155,2020,1376H0155,2,9,0,16,19,3,7,0,0,0,0,0,0,0,0,1,1,1,1,18,4,1560,2,2,PEUGEOT 308,7,E01011775,0,-1
2020450942169,2020,450942169,1,9,0,6,6,7,3,0,0,0,0,0,0,0,3,1,5,6,2,45,7,1598,1,6,PEUGEOT 308,6,E01030973,0,-1
2020010285113,2020,010285113,2,9,0,18,19,1,5,99,99,9,9,99,9,99,1,1,6,6,1,53,8,1560,2,11,PEUGEOT 308,8,E01024057,0,-1
2020430049400,2020,430049400,1,9,0,17,19,7,3,0,0,0,0,0,1,0,1,1,2,2,2,38,7,1560,2,5,PEUGEOT 308,10,E01031214,0,-1
2020320608279,2020,320608279,1,9,0,18,19,4,8,0,0,0,0,0,0,0,0,1,6,6,2,31,6,1560,2,12,PEUGEOT 308,4,E01026041,0,-1
2020040963854,2020,040963854,2,9,0,18,19,1,5,0,0,8,0,0,0,0,1,2,1,1,1,23,5,1560,2,3,PEUGEOT 308,1,E01012686,0,-1
2020230928943,2020,230928943,2,9,0,18,19,8,3,0,0,8,1,10,1,11,1,1,5,6,2,57,9,1997,2,9,PEUGEOT 308,2,E01031075,0,-1
2020430421561,2020,430421561,2,9,0,18,19,4,8,0,0,0,0,0,0,0,1,1,6,6,1,55,8,1598,1,12,PEUGEOT 308,9,E01016345,0,-1
2020200953287,2020,200953287,1,9,0,5,5,2,6,0,0,1,0,0,0,0,1,1,6,6,1,22,5,1997,2,4,PEUGEOT 308,1,E01009182,0,-1
2020360939189,2020,360939189,1,9,0,18,19,2,6,0,0,0,0,0,0,0,1,1,2,2,2,55,8,1560,2,12,PEUGEOT 308,1,E01026626,0,-1
2020622000975,2020,622000975,3,9,0,3,3,5,1,0,0,0,0,0,0,0,2,1,6,6,1,40,7,1560,2,6,PEUGEOT 308,7,W01001077,0,-1
2020501005663,2020,501005663,2,9,0,2,2,0,0,0,0,1,0,0,0,0,2,1,6,6,2,30,6,1560,2,8,PEUGEOT 308,6,E01020160,0,-1
2020500981506,2020,500981506,1,9,0,2,2,0,0,6,6,0,0,4,0,0,2,1,6,6,2,44,7,1598,1,10,PEUGEOT 308,3,E01019052,0,-1
2020110952795,2020,110952795,1,9,0,18,19,4,8,0,0,1,0,0,0,0,0,1,1,1,1,24,5,1560,2,4,PEUGEOT 308,3,E01020661,0,-1
202063D078520,2020,63D078520,2,9,0,18,19,5,1,0,0,0,0,0,0,0,0,1,1,1,1,-1,-1,1498,2,1,PEUGEOT 308,3,W01000479,0,-1
2020470954512,2020,470954512,3,9,0,9,9,2,8,0,0,8,0,0,0,0,2,1,5,6,2,25,5,1200,1,4,PEUGEOT 308,8,E01031418,0,-1
2020990969772,2020,990969772,1,9,0,18,19,2,6,0,0,0,0,0,0,0,1,1,5,6,1,51,8,1560,2,3,PEUGEOT 308,-1,-1,0,-1
2020420957270,2020,420957270,1,9,0,4,4,4,8,0,0,0,0,0,0,0,1,1,6,6,2,44,7,1560,2,4,PEUGEOT 308,2,E01015938,0,-1
20201379T0309,2020,1379T0309,3,9,0,3,3,3,7,0,0,0,0,0,0,0,2,1,6,6,2,23,5,1997,2,10,PEUGEOT 308,7,E01010568,0,-1
2020220916180,2020,220916180,1,9,0,9,9,1,7,0,0,6,0,0,0,0,1,1,2,2,1,69,10,1560,2,6,PEUGEOT 308,7,E01028918,0,-1
20201378R1569,2020,1378R1569,1,9,0,14,14,5,1,0,0,0,1,0,0,0,1,1,6,6,1,26,6,1598,1,11,PEUGEOT 308,4,E01011023,0,-1
2020200987688,2020,200987688,2,9,0,18,19,1,1,0,0,0,0,0,0,0,1,1,6,6,1,47,8,1397,1,10,PEUGEOT 308,1,E01009152,0,-1
202031C149220,2020,31C149220,1,9,0,18,19,1,5,0,0,8,0,0,3,11,1,1,6,6,2,22,5,1560,2,5,PEUGEOT 308,7,E01028207,0,-1
2020140982625,2020,140982625,2,9,0,7,7,5,6,0,0,1,0,0,0,0,1,1,4,7,1,32,6,1560,2,9,PEUGEOT 308,2,E01007448,0,-1
2020052000580,2020,052000580,1,9,0,9,9,7,5,0,0,8,0,0,0,0,1,1,6,6,2,59,9,1560,2,5,PEUGEOT 308,2,E01007249,0,-1
2020140953901,2020,140953901,2,9,0,7,7,1,3,0,0,6,1,0,0,0,1,1,5,6,1,24,5,1560,2,4,PEUGEOT 308,4,E01007623,0,-1
2020530952856,2020,530952856,2,9,0,18,19,7,4,0,0,1,0,0,0,0,3,1,6,6,1,58,9,1560,2,11,PEUGEOT 308,6,E01022377,0,-1
2020360941245,2020,360941245,1,9,0,5,5,3,7,0,0,2,0,0,0,0,4,1,1,1,1,41,7,1560,2,11,PEUGEOT 308,6,E01026947,0,-1
2020990954929,2020,990954929,2,9,0,18,19,5,1,0,0,0,0,0,0,0,1,1,1,1,1,45,7,1560,2,3,PEUGEOT 308,5,-1,0,-1
2020990938091,2020,990938091,3,9,0,18,19,6,3,0,0,1,0,0,0,0,1,1,6,6,1,28,6,1598,1,6,PEUGEOT 308,1,-1,0,-1
2020460951118,2020,460951118,2,9,0,18,19,1,5,0,0,8,0,0,0,0,1,1,6,6,1,39,7,1560,2,11,PEUGEOT 308,4,E01002309,0,-1
2020371010579,2020,371010579,1,9,0,18,19,3,7,0,0,0,1,0,8,0,1,1,2,2,2,56,9,1598,1,7,PEUGEOT 308,6,E01029906,0,-1
2020201020171,2020,201020171,1,9,0,14,14,4,8,0,0,1,0,4,0,0,1,1,6,6,2,34,6,1560,2,8,PEUGEOT 308,1,E01009131,0,-1
2020410992594,2020,410992594,1,9,0,16,19,3,7,0,0,1,1,0,0,0,4,1,6,6,2,29,6,1560,2,12,PEUGEOT 308,10,E01023595,0,-1
202006K269220,2020,06K269220,2,9,0,18,19,1,5,0,0,8,0,10,1,7,1,1,6,6,1,33,6,1598,1,12,PEUGEOT 308,10,E01004771,0,-1
2020010270472,2020,010270472,2,9,0,18,19,3,7,0,0,1,0,0,0,0,1,2,6,6,1,55,8,1997,2,6,PEUGEOT 308,5,E01000615,0,-1
202063A034220,2020,63A034220,1,9,0,18,19,4,8,0,0,0,5,4,2,10,1,1,6,6,1,85,11,1560,2,4,PEUGEOT 308,6,W01000648,0,-1
2020230938922,2020,230938922,2,9,0,18,19,3,7,0,0,8,0,0,0,0,4,1,5,6,2,69,10,1560,2,9,PEUGEOT 308,6,E01032968,0,-1
2020530982165,2020,530982165,3,9,0,18,19,6,2,0,0,1,0,0,0,0,1,1,6,6,2,28,6,1560,2,10,PEUGEOT 308,9,E01022357,0,-1
2020040935889,2020,040935889,2,9,0,18,19,5,1,0,0,0,0,0,0,0,2,1,5,6,2,73,10,1560,2,7,PEUGEOT 308,3,E01025366,0,-1
2020137BE2095,2020,137BE2095,3,9,0,18,19,5,1,0,0,0,0,0,0,0,0,1,1,1,1,-1,-1,1498,2,0,PEUGEOT 308,1,E01010730,0,-1
2020040993686,2020,040993686,2,9,0,18,19,7,3,0,0,1,0,0,0,0,3,1,5,6,1,24,5,1397,1,12,PEUGEOT 308,1,E01012707,0,-1
2020040961986,2020,040961986,1,9,0,18,19,6,2,0,0,0,0,0,0,0,1,1,6,6,2,25,5,1560,2,4,PEUGEOT 308,2,E01025268,0,-1
202006A277815,2020,06A277815,2,9,0,18,19,7,3,0,0,1,0,0,0,0,1,1,6,6,1,24,5,1598,1,10,PEUGEOT 308,1,E01005166,0,-1
2020137B31051,2020,137B31051,2,9,0,18,19,3,7,0,0,1,0,0,0,0,1,1,6,6,2,44,7,1598,1,11,PEUGEOT 308,2,E01010815,0,-1
202006P268987,2020,06P268987,3,9,0,18,19,6,2,0,0,1,0,0,0,0,0,1,1,1,1,29,6,1200,1,3,PEUGEOT 308,1,E01005484,0,-1
2020991000461,2020,991000461,1,9,0,18,19,1,5,0,0,1,0,0,0,0,1,1,5,6,1,37,7,1397,1,11,PEUGEOT 308,10,-1,0,-1
2020201020022,2020,201020022,2,9,0,18,19,2,6,0,0,8,0,0,0,0,4,1,6,6,1,54,8,1560,2,12,PEUGEOT 308,10,E01031122,0,-1
2020500990111,2020,500990111,1,9,0,17,19,1,6,0,0,1,0,4,0,0,1,1,5,6,1,25,5,1560,2,11,PEUGEOT 308,1,E01015145,0,-1
2020052002676,2020,052002676,2,9,0,18,19,3,7,0,0,8,0,0,0,0,1,1,2,2,1,51,8,1560,2,4,PEUGEOT 308,1,E01006600,0,-1
2020990985934,2020,990985934,1,9,0,18,19,2,6,0,0,0,1,0,4,0,4,1,2,2,1,20,4,1560,2,12,PEUGEOT 308,10,-1,0,-1
202006A366903,2020,06A366903,2,9,0,18,19,2,6,0,0,0,0,0,0,0,1,1,1,1,1,35,6,1200,1,1,PEUGEOT 308,1,E01005202,0,-1
2020010231230,2020,010231230,2,9,0,3,3,7,3,0,0,1,0,0,0,0,2,1,6,6,2,44,7,1560,2,7,PEUGEOT 308,8,E01003845,0,-1
2020990940020,2020,990940020,2,9,0,18,19,3,7,0,0,0,0,0,0,0,1,1,5,6,1,50,8,1397,1,11,PEUGEOT 308,9,-1,0,-1
202006E169912,2020,06E169912,2,9,0,18,19,7,3,0,0,1,0,0,0,0,0,1,1,1,1,30,6,1200,1,3,PEUGEOT 308,-1,-1,0,-1