collision_index,collision_year,collision_ref_no,vehicle_reference,vehicle_type,towing_and_articulation,vehicle_manoeuvre_historic,vehicle_manoeuvre,vehicle_direction_from,vehicle_direction_to,vehicle_location_restricted_lane_historic,vehicle_location_restricted_lane,junction_location,skidding_and_overturning,hit_object_in_carriageway,vehicle_leaving_carriageway,hit_object_off_carriageway,first_point_of_impact,vehicle_left_hand_drive,journey_purpose_of_driver_historic,journey_purpose_of_driver,sex_of_driver,age_of_driver,age_band_of_driver,engine_capacity_cc,propulsion_code,age_of_vehicle,generic_make_model,driver_imd_decile,lsoa_of_driver,escooter_flag,driver_distance_banding
2020320530434,2020,320530434,2,9,0,10,10,6,3,0,0,1,0,0,0,0,2,1,6,6,1,77,11,1560,2,5,PEUGEOT 308,3,E01026325,0,-1
2020161002115,2020,161002115,1,9,0,5,5,3,7,0,0,0,0,0,0,0,3,1,5,6,2,32,6,1560,2,4,PEUGEOT 308,6,E01013301,0,-1
2020070782805,2020,070782805,2,9,0,18,19,8,4,0,0,0,0,0,0,0,1,1,6,6,1,26,6,1200,1,4,PEUGEOT 308,6,W01000313,0,-1
2020320212452,2020,320212452,2,9,0,9,9,6,4,0,0,5,0,0,0,0,1,1,6,6,2,32,6,1560,2,4,PEUGEOT 308,6,E01026128,0,-1
2020990986844,2020,990986844,1,9,0,18,19,7,3,0,0,0,0,0,1,4,1,1,2,2,1,54,8,1560,2,6,PEUGEOT 308,7,-1,0,-1
2020160982361,2020,160982361,3,9,0,18,19,3,7,0,0,0,1,0,0,0,1,1,6,6,1,80,11,1560,2,10,PEUGEOT 308,-1,-1,0,-1
2020470991802,2020,470991802,1,9,0,9,9,4,2,0,0,5,0,0,0,0,2,1,3,7,2,32,6,1598,1,9,PEUGEOT 308,8,E01021214,0,-1
202006G174977,2020,06G174977,2,9,0,18,19,2,6,0,0,0,5,0,0,0,1,1,1,1,1,30,6,1200,1,1,PEUGEOT 308,-1,-1,0,-1
202006K173460,2020,06K173460,1,9,0,9,9,7,5,0,0,5,0,0,0,0,1,1,1,1,1,30,6,1200,1,3,PEUGEOT 308,-1,-1,0,-1
2020140920091,2020,140920091,2,9,-1,-1,-1,-1,-1,-1,-1,0,-1,-1,-1,0,-1,1,5,6,2,33,6,1560,2,5,PEUGEOT 308,-1,-1,0,-1
2020052000868,2020,052000868,1,9,0,18,19,3,7,0,0,1,0,0,2,1,3,1,1,1,1,-1,-1,1560,2,3,PEUGEOT 308,-1,-1,0,-1
2020320091339,2020,320091339,1,8,0,18,19,3,7,0,0,8,0,0,0,0,1,1,1,1,1,58,9,1560,2,2,-1,6,E01026159,0,-1
2020461003951,2020,461003951,2,9,0,9,9,3,7,0,0,0,0,0,7,0,2,1,5,6,1,41,7,1560,2,5,PEUGEOT 308,8,E01024055,0,-1
2020460927828,2020,460927828,1,9,0,3,3,7,3,0,0,1,0,0,0,0,4,1,5,6,1,40,7,1997,2,4,PEUGEOT 308,10,E01024483,0,-1
2020990985668,2020,990985668,1,9,0,18,19,1,5,0,0,0,0,0,0,0,1,1,6,6,1,38,7,1560,2,5,PEUGEOT 308,2,-1,0,-1
2020052000977,2020,052000977,2,9,0,2,2,0,0,0,0,0,0,0,0,0,2,1,6,6,3,-1,-1,1560,2,6,PEUGEOT 308,-1,-1,0,-1
2020522100419,2020,522100419,1,9,0,12,12,2,6,0,0,1,0,10,4,1,3,1,6,6,1,36,7,1560,2,5,PEUGEOT 308,1,E01014605,0,-1
2020010270317,2020,010270317,1,9,0,6,6,2,2,0,0,0,0,0,0,0,4,1,6,6,1,18,4,1200,1,2,PEUGEOT 308,4,E01000926,0,-1
2020111006541,2020,111006541,3,9,0,16,19,4,8,0,0,0,0,0,0,0,0,1,1,1,1,26,6,1560,2,2,PEUGEOT 308,-1,-1,0,-1
2020010229216,2020,010229216,2,9,0,99,99,9,9,99,99,0,9,99,9,99,2,9,6,6,3,-1,-1,1560,2,5,PEUGEOT 308,1,E01002857,0,-1
2020351011100,2020,351011100,3,9,0,4,4,7,3,0,0,0,0,0,0,0,0,1,1,1,1,39,7,1997,2,12,PEUGEOT 308,1,E01015603,0,-1
202006K278374,2020,06K278374,2,9,0,10,10,5,3,0,0,8,0,0,0,0,2,1,6,6,1,54,8,1560,2,6,PEUGEOT 308,2,E01004931,0,-1
2020622000135,2020,622000135,1,9,0,18,19,8,4,0,0,4,0,0,0,0,1,1,6,6,1,76,11,1560,2,5,PEUGEOT 308,9,W01000910,0,-1
2020160946322,2020,160946322,2,9,0,4,4,2,6,0,0,0,0,0,0,0,1,1,6,6,1,-1,-1,1560,2,11,PEUGEOT 308,-1,-1,0,-1
2020302000442,2020,302000442,1,9,0,18,19,8,4,0,0,0,0,0,0,0,1,1,6,6,2,68,10,1560,2,10,PEUGEOT 308,6,E01019617,0,-1
2020052001377,2020,052001377,1,9,0,18,19,1,5,0,0,5,0,0,0,0,0,1,1,1,1,-1,-1,1560,2,2,PEUGEOT 308,-1,-1,0,-1
2020450999300,2020,450999300,1,9,0,18,19,3,7,0,0,0,0,4,7,0,1,1,5,6,1,40,7,1560,2,9,PEUGEOT 308,8,E01030730,0,-1
2020220939607,2020,220939607,2,9,0,4,4,1,6,0,0,0,0,0,0,0,2,1,3,7,2,35,6,1560,2,9,PEUGEOT 308,4,E01014106,0,-1
2020420996001,2020,420996001,1,9,0,18,19,2,6,0,0,1,0,0,0,0,1,1,6,6,1,-1,-1,1598,1,12,PEUGEOT 308,-1,-1,0,-1
2020461010386,2020,461010386,1,9,0,16,19,6,2,0,0,0,0,0,0,0,1,1,6,6,2,69,10,1560,2,11,PEUGEOT 308,2,E01024391,0,-1
2020052001758,2020,052001758,2,9,0,18,19,7,3,0,0,0,1,0,0,0,1,1,6,6,3,-1,-1,1200,1,1,PEUGEOT 308,-1,-1,0,-1
2020500941286,2020,500941286,2,9,0,18,19,5,1,0,0,0,1,0,0,0,1,1,6,6,1,43,7,1598,1,3,PEUGEOT 308,6,E01020136,0,-1
2020010247920,2020,010247920,2,9,0,99,99,9,9,99,99,9,9,99,9,99,1,9,6,6,3,75,10,1397,1,12,PEUGEOT 308,6,E01003219,0,-1
2020070745313,2020,070745313,1,9,0,7,7,5,7,0,0,1,0,2,0,0,0,1,6,6,1,73,10,1560,2,12,PEUGEOT 308,3,E01012470,0,-1
202006Q270575,2020,06Q270575,3,9,0,18,19,1,3,0,0,1,0,0,0,0,1,1,1,1,1,28,6,1200,1,3,PEUGEOT 308,1,E01005427,0,-1
2020470939390,2020,470939390,1,9,0,18,19,1,5,0,0,6,0,0,0,0,2,1,6,6,1,40,7,1560,2,10,PEUGEOT 308,1,E01020989,0,-1
2020140981612,2020,140981612,1,9,0,18,19,1,5,0,0,1,0,0,0,0,1,1,5,6,1,90,11,1560,2,3,PEUGEOT 308,3,E01007571,0,-1
2020340N07082,2020,340N07082,1,9,0,5,5,1,5,0,0,0,2,4,0,0,1,1,6,6,1,68,10,1997,2,9,PEUGEOT 308,8,E01027141,0,-1
2020010255035,2020,010255035,1,9,0,18,19,5,1,0,0,2,0,10,0,0,1,1,6,6,2,42,7,1200,1,4,PEUGEOT 308,3,E01001446,0,-1
2020610014420,2020,610014420,2,9,0,17,19,5,3,0,0,0,0,0,0,0,1,1,6,6,1,71,10,1560,2,12,PEUGEOT 308,5,W01001649,0,-1
2020160998865,2020,160998865,1,9,0,1,1,7,3,0,0,0,0,0,0,0,4,1,1,1,1,46,8,1560,2,2,PEUGEOT 308,2,E01012871,0,-1
2020140994590,2020,140994590,1,9,0,18,19,1,6,0,0,2,0,0,0,0,1,1,5,6,1,45,7,1560,2,10,PEUGEOT 308,4,E01007519,0,-1
2020010281318,2020,010281318,1,9,0,18,19,2,6,0,0,1,0,11,0,0,1,1,1,1,1,30,6,1200,1,1,PEUGEOT 308,4,E01033589,0,-1
2020470961781,2020,470961781,2,9,0,9,9,5,3,0,0,5,0,0,0,0,3,1,6,6,2,70,10,1397,1,11,PEUGEOT 308,8,E01016985,0,-1
2020010263276,2020,010263276,2,9,0,99,99,9,9,99,99,0,9,99,9,99,1,9,6,6,3,-1,-1,1500,2,0,PEUGEOT 308,-1,-1,0,-1
2020010256326,2020,010256326,2,9,0,99,99,9,9,99,99,1,9,99,9,99,2,9,6,6,3,57,9,1397,1,11,PEUGEOT 308,5,E01003751,0,-1
20201377A0840,2020,1377A0840,2,9,0,18,19,8,4,0,0,1,0,0,0,0,0,1,1,1,1,-1,-1,1498,2,0,PEUGEOT 308,1,E01011916,0,-1
2020302000795,2020,302000795,1,9,0,18,19,6,1,0,0,1,0,0,0,0,1,1,6,6,1,80,11,1560,2,8,PEUGEOT 308,6,E01019489,0,-1
2020230939616,2020,230939616,2,9,0,18,19,3,7,0,0,1,0,0,0,0,1,1,5,6,2,60,9,1560,2,9,PEUGEOT 308,6,E01031282,0,-1
2020111018889,2020,111018889,1,9,0,18,19,6,2,0,0,2,0,0,0,0,4,1,1,1,1,25,5,1560,2,3,PEUGEOT 308,9,E01020702,0,-1
2020110986688,2020,110986688,2,9,0,18,19,1,5,0,0,1,1,0,1,0,1,1,5,6,1,42,7,1560,2,12,PEUGEOT 308,2,E01020894,0,-1
2020040955741,2020,040955741,3,9,0,18,19,7,3,0,0,1,0,0,0,0,0,1,1,1,1,34,6,1498,2,1,PEUGEOT 308,2,E01012640,0,-1
2020040917984,2020,040917984,1,9,0,9,9,7,1,0,0,6,0,10,0,0,4,1,5,6,2,43,7,1560,2,11,PEUGEOT 308,1,E01024895,0,-1
2020010282065,2020,010282065,1,9,0,99,99,9,9,99,99,9,9,99,9,99,9,9,6,6,1,34,6,1560,2,7,PEUGEOT 308,4,E01000731,0,-1
202006L273051,2020,06L273051,1,9,0,4,4,3,7,0,0,1,0,0,0,0,1,1,1,1,1,30,6,1200,1,3,PEUGEOT 308,-1,-1,0,-1
2020461001383,2020,461001383,2,9,-1,18,19,1,5,0,0,0,-1,0,0,0,2,1,4,7,2,35,6,1560,2,11,PEUGEOT 308,4,E01024694,0,-1
2020140945446,2020,140945446,2,9,0,18,19,8,4,0,0,0,0,0,0,0,1,1,1,1,2,25,5,1560,2,3,PEUGEOT 308,5,E01008139,0,-1
2020141010251,2020,141010251,1,9,0,18,19,1,5,0,0,8,0,0,0,0,3,1,1,1,1,34,6,1560,2,3,PEUGEOT 308,1,E01007645,0,-1
2020622001107,2020,622001107,1,9,0,9,9,8,6,0,0,6,0,0,0,0,2,1,1,1,1,32,6,1560,2,4,PEUGEOT 308,7,W01001754,0,-1
2020140998868,2020,140998868,1,9,0,7,7,3,5,0,0,1,0,0,0,0,4,1,1,1,1,49,8,1498,2,0,PEUGEOT 308,3,E01007639,0,-1
2020440009725,2020,440009725,1,9,0,18,19,5,8,0,0,8,1,9,0,0,1,1,6,6,2,26,6,1598,1,9,PEUGEOT 308,6,E01023143,0,-1
20201379M1518,2020,1379M1518,2,9,0,2,2,0,0,0,0,0,0,0,0,0,2,1,6,6,3,-1,-1,1598,1,9,PEUGEOT 308,4,E01010652,0,-1
2020451005941,2020,451005941,1,9,0,18,19,5,1,0,0,0,0,0,0,0,2,1,2,2,1,44,7,1560,2,10,PEUGEOT 308,4,E01002593,0,-1
2020461001821,2020,461001821,3,9,0,4,4,8,4,0,0,0,0,0,0,0,2,1,1,1,2,31,6,1200,1,2,PEUGEOT 308,7,E01024347,0,-1
202006L169915,2020,06L169915,1,9,0,5,5,6,2,0,0,1,0,0,0,0,4,1,6,6,1,33,6,1598,1,12,PEUGEOT 308,1,E01006305,0,-1
2020141000050,2020,141000050,2,9,0,3,3,5,1,0,0,1,0,0,0,0,1,1,1,1,1,30,6,1560,2,3,PEUGEOT 308,1,E01007902,0,-1
2020040916548,2020,040916548,1,9,0,3,3,8,4,0,0,0,0,0,0,0,2,1,3,7,1,68,10,1560,2,10,PEUGEOT 308,-1,-1,0,-1
2020010258726,2020,010258726,1,9,0,99,99,9,9,99,99,9,9,99,9,99,1,9,6,6,1,41,7,1560,2,9,PEUGEOT 308,4,E01000475,0,-1
2020070062548,2020,070062548,1,9,0,18,19,3,7,0,0,0,0,0,0,0,1,1,6,6,1,80,11,1560,2,10,PEUGEOT 308,8,E01018342,0,-1
2020450921950,2020,450921950,2,9,0,4,4,3,7,0,0,0,0,0,0,0,2,1,6,6,2,35,6,1598,1,10,PEUGEOT 308,7,E01030429,0,-1
2020230938917,2020,230938917,1,9,0,9,9,3,1,0,0,6,0,0,0,0,1,1,6,6,2,-1,-1,1560,2,6,PEUGEOT 308,5,E01031131,0,-1
2020220972128,2020,220972128,1,9,0,18,19,3,7,0,0,0,5,0,2,1,1,1,5,6,2,28,6,1560,2,11,PEUGEOT 308,4,E01014009,0,-1
2020070534758,2020,070534758,1,9,0,4,4,4,8,0,0,0,0,0,0,0,1,1,6,6,1,53,8,1560,2,6,PEUGEOT 308,2,E01012482,0,-1
2020522002085,2020,522002085,1,9,0,9,9,3,1,0,0,1,0,0,0,0,4,1,6,6,1,28,6,1500,2,1,PEUGEOT 308,8,E01014797,0,-1
2020140991997,2020,140991997,3,9,0,18,19,6,2,0,0,1,0,0,0,0,0,1,5,6,1,49,8,1498,2,0,PEUGEOT 308,-1,-1,0,-1
2020460989990,2020,460989990,1,9,0,9,9,5,3,0,0,1,0,0,0,0,1,1,5,6,1,30,6,1560,2,8,PEUGEOT 308,4,E01024493,0,-1
2020052002294,2020,052002294,1,9,0,7,7,1,5,0,0,6,0,0,0,0,1,1,1,1,1,28,6,1500,2,0,PEUGEOT 308,-1,-1,0,-1
2020201002189,2020,201002189,1,9,0,9,9,7,5,0,0,6,0,0,0,0,4,1,6,6,2,38,7,1598,1,10,PEUGEOT 308,1,E01009612,0,-1
2020052000449,2020,052000449,1,9,0,13,13,3,7,0,0,0,0,0,0,0,1,1,6,6,1,31,6,1560,2,12,PEUGEOT 308,3,E01006996,0,-1
2020990933804,2020,990933804,1,9,0,16,19,6,2,0,0,0,0,0,1,0,1,1,1,1,1,47,8,1560,2,4,PEUGEOT 308,9,-1,0,-1
2020040954256,2020,040954256,2,9,0,18,19,6,6,0,0,0,0,0,0,0,1,1,5,6,1,71,10,1560,2,11,PEUGEOT 308,2,E01025234,0,-1
2020040952716,2020,040952716,2,9,0,2,2,0,0,9,9,0,0,0,1,0,3,1,1,1,1,37,7,1560,2,2,PEUGEOT 308,1,E01024877,0,-1
2020200940579,2020,200940579,1,9,0,18,19,8,4,0,0,8,1,0,0,0,1,1,6,6,1,38,7,1560,2,7,PEUGEOT 308,4,E01010323,0,-1
2020010265476,2020,010265476,1,9,0,4,4,3,7,0,0,0,1,0,1,11,4,1,6,6,2,51,8,1598,1,9,PEUGEOT 308,3,E01015986,0,-1
2020470985961,2020,470985961,2,9,0,7,7,3,5,0,0,5,0,0,0,0,1,1,2,2,1,37,7,1560,2,10,PEUGEOT 308,2,E01031341,0,-1
2020220980875,2020,220980875,1,9,0,5,5,7,3,0,0,6,0,0,0,0,1,1,5,6,1,62,9,1560,2,11,PEUGEOT 308,4,E01027935,0,-1
2020440047746,2020,440047746,1,9,0,9,9,4,8,0,0,8,0,0,0,0,1,1,6,6,1,19,4,1598,1,11,PEUGEOT 308,10,E01022708,0,-1
2020420990156,2020,420990156,2,9,0,18,19,3,7,0,0,0,0,0,0,0,3,1,5,6,1,38,7,1560,2,9,PEUGEOT 308,4,E01015918,0,-1
2020500944201,2020,500944201,2,9,0,9,9,1,5,0,0,0,0,0,0,0,2,1,5,6,2,51,8,1997,2,10,PEUGEOT 308,3,E01015238,0,-1
2020990937582,2020,990937582,1,9,0,9,9,3,8,0,0,2,0,0,0,0,1,1,5,6,1,26,6,1200,1,3,PEUGEOT 308,8,-1,0,-1
2020052001233,2020,052001233,1,9,0,18,19,4,8,0,0,0,0,0,0,0,0,1,1,1,1,-1,-1,1560,2,3,PEUGEOT 308,-1,-1,0,-1
2020351004095,2020,351004095,1,9,0,11,11,1,5,0,0,0,2,0,7,0,4,1,6,6,1,22,5,1560,2,12,PEUGEOT 308,3,E01018109,0,-1
202006Q271992,2020,06Q271992,4,9,0,2,2,0,0,0,0,0,0,0,0,0,1,1,6,6,3,-1,-1,1200,1,2,PEUGEOT 308,-1,-1,0,-1
2020052001585,2020,052001585,1,9,0,3,3,3,7,0,0,1,0,0,0,0,3,1,1,1,1,-1,-1,1560,2,2,PEUGEOT 308,-1,-1,0,-1
2020302000244,2020,302000244,1,9,0,9,9,3,8,0,0,8,0,0,0,0,1,1,1,1,1,31,6,1200,1,2,PEUGEOT 308,8,E01033170,0,-1
2020990925859,2020,990925859,1,9,0,18,19,4,8,0,0,0,1,0,1,0,1,1,6,6,1,84,11,1560,2,11,PEUGEOT 308,7,-1,0,-1
2020440316640,2020,440316640,2,9,0,9,9,2,7,0,0,6,0,0,0,0,3,1,6,6,1,88,11,1560,2,12,PEUGEOT 308,8,E01017215,0,-1
2020010257444,2020,010257444,2,9,9,99,99,9,9,99,99,9,9,99,9,99,9,9,6,6,3,-1,-1,1598,1,9,PEUGEOT 308,-1,-1,0,-1
2020070752663,2020,070752663,1,9,0,7,7,5,7,0,0,8,0,0,1,0,1,1,1,1,1,40,7,1560,2,1,PEUGEOT 308,-1,-1,0,-1
2020010228666,2020,010228666,2,9,0,7,7,5,7,0,0,1,0,0,0,0,4,1,6,6,1,27,6,1598,1,10,PEUGEOT 308,4,E01003203,0,-1
2020052000953,2020,052000953,2,9,0,18,19,1,5,0,0,8,0,0,0,0,1,1,1,1,1,23,5,1560,2,2,PEUGEOT 308,-1,-1,0,-1
2020200972427,2020,200972427,1,9,0,18,19,3,7,0,0,8,0,0,0,0,1,1,6,6,1,21,5,1560,2,6,PEUGEOT 308,-1,-1,0,-1
2020420993063,2020,420993063,1,9,0,5,5,7,3,0,0,4,0,0,0,0,3,1,5,6,2,39,7,1560,2,11,PEUGEOT 308,10,E01021248,0,-1
2020070351036,2020,070351036,1,9,0,18,19,1,5,0,0,8,1,0,7,10,1,1,1,1,2,26,6,1560,2,4,PEUGEOT 308,1,E01018462,0,-1
2020010249384,2020,010249384,1,9,0,3,3,1,5,0,0,4,0,0,0,0,2,1,1,1,2,38,7,1498,2,1,PEUGEOT 308,10,E01018414,0,-1
2020010284085,2020,010284085,2,9,0,99,99,9,9,99,99,1,9,99,9,99,9,9,6,6,3,-1,-1,1200,1,5,PEUGEOT 308,4,E01000507,0,-1
2020140919264,2020,140919264,2,9,0,18,19,5,1,0,0,2,0,0,0,0,1,1,6,6,3,-1,-1,1997,2,12,PEUGEOT 308,-1,-1,0,-1
2020137861996,2020,137861996,2,9,0,7,7,3,8,0,0,0,0,0,1,0,4,1,6,6,2,55,8,1997,2,10,PEUGEOT 308,9,E01011310,0,-1
202006G271295,2020,06G271295,1,9,0,2,2,0,0,0,0,0,0,0,0,0,3,1,6,6,2,30,6,1560,2,10,PEUGEOT 308,-1,-1,0,-1
202054C078820,2020,54C078820,2,9,0,12,12,7,3,0,0,0,0,0,0,0,4,1,6,6,1,27,6,1500,2,2,PEUGEOT 308,3,E01022732,0,-1
2020010232735,2020,010232735,1,9,0,4,4,1,5,0,0,1,0,0,0,0,1,1,1,1,1,30,6,1200,1,2,PEUGEOT 308,7,E01003199,0,-1
2020100985502,2020,100985502,1,9,0,18,19,6,2,0,0,2,0,0,0,0,3,1,6,6,2,33,6,1560,2,8,PEUGEOT 308,5,E01008774,0,-1
2020052001409,2020,052001409,1,9,0,17,19,4,2,0,0,0,0,0,0,0,1,1,1,1,1,-1,-1,1560,2,3,PEUGEOT 308,-1,-1,0,-1
2020010280750,2020,010280750,2,9,0,99,99,9,9,99,99,8,9,99,9,99,1,9,6,6,3,-1,-1,1997,2,9,PEUGEOT 308,-1,-1,0,-1
2020040962372,2020,040962372,2,9,0,4,4,3,7,0,0,0,0,0,0,0,2,1,5,6,2,43,7,1598,1,12,PEUGEOT 308,2,E01025234,0,-1
20201377N1791,2020,1377N1791,1,9,0,18,19,5,3,0,0,6,0,0,0,0,1,1,6,6,1,54,8,1397,1,12,PEUGEOT 308,5,E01011741,0,-1
2020990980161,2020,990980161,1,9,0,9,9,7,5,9,9,1,0,0,0,0,1,1,5,6,1,31,6,1560,2,2,PEUGEOT 308,2,-1,0,-1
2020010262722,2020,010262722,1,9,0,10,10,1,7,0,0,1,0,0,0,0,3,1,6,6,1,37,7,1200,1,4,PEUGEOT 308,3,E01004217,0,-1
2020231001451,2020,231001451,1,9,0,18,19,6,2,0,0,0,0,0,0,0,1,1,1,1,1,51,8,1997,2,2,PEUGEOT 308,1,E01009200,0,-1
2020010255599,2020,010255599,1,9,0,18,19,1,5,0,0,1,0,0,0,0,4,1,1,1,1,34,6,1200,1,2,PEUGEOT 308,5,E01024767,0,-1
2020450975790,2020,450975790,1,9,0,18,19,5,1,0,0,0,0,0,0,0,1,1,1,1,1,55,8,1997,2,4,PEUGEOT 308,10,E01016639,0,-1
2020010251075,2020,010251075,1,9,0,18,19,5,1,0,0,0,0,0,0,0,1,1,2,2,2,28,6,1200,1,4,PEUGEOT 308,2,E01000626,0,-1
202006K276531,2020,06K276531,2,9,0,18,19,5,1,0,0,1,0,0,0,0,0,1,1,1,1,27,6,1200,1,2,PEUGEOT 308,7,E01004781,0,-1
2020522100871,2020,522100871,1,9,0,18,19,1,5,0,0,0,0,0,0,0,1,1,6,6,1,34,6,1560,2,5,PEUGEOT 308,1,E01014658,0,-1
2020010262333,2020,010262333,1,9,0,5,5,5,1,0,0,3,0,0,0,0,1,1,6,6,2,48,8,1560,2,11,PEUGEOT 308,2,E01002633,0,-1
2020010266674,2020,010266674,1,9,0,18,19,4,8,0,0,0,0,0,0,0,1,1,3,7,2,46,8,1560,2,8,PEUGEOT 308,-1,-1,0,-1
2020622000880,2020,622000880,3,9,0,2,2,0,0,0,0,1,0,0,0,0,1,1,6,6,3,-1,-1,1560,2,11,PEUGEOT 308,-1,-1,0,-1
2020302000564,2020,302000564,2,9,0,17,19,2,6,0,0,0,0,0,0,0,1,1,6,6,1,25,5,1560,2,5,PEUGEOT 308,3,E01006034,0,-1
2020170S21510,2020,170S21510,2,9,0,18,19,6,2,0,0,2,0,0,0,0,1,1,2,2,1,65,9,1200,1,2,PEUGEOT 308,1,E01005202,0,-1
2020220967446,2020,220967446,2,9,0,18,19,2,6,0,0,0,0,0,0,0,3,1,5,6,1,86,11,1200,1,1,PEUGEOT 308,5,E01010022,0,-1
2020140923454,2020,140923454,2,9,0,18,19,7,3,0,0,1,0,0,0,0,0,1,5,6,1,23,5,1498,2,1,PEUGEOT 308,2,E01007578,0,-1
2020440391954,2020,440391954,1,9,0,13,13,1,5,0,0,0,2,0,1,0,3,1,6,6,1,75,10,1200,1,1,PEUGEOT 308,5,E01023151,0,-1
2020552000184,2020,552000184,1,9,0,1,1,5,1,0,0,0,0,4,1,11,2,1,6,6,2,70,10,1200,1,2,PEUGEOT 308,4,E01020563,0,-1
2020320671932,2020,320671932,1,9,0,18,19,4,8,0,0,0,1,0,1,0,3,1,6,6,1,43,7,1200,1,6,PEUGEOT 308,10,E01028415,0,-1
2020200952506,2020,200952506,3,9,0,2,2,0,0,0,0,0,0,0,0,0,0,1,1,1,1,-1,-1,1560,2,5,PEUGEOT 308,-1,-1,0,-1
2020010277090,2020,010277090,3,9,0,5,5,4,8,0,0,1,0,0,0,0,0,1,1,1,1,30,6,1200,1,2,PEUGEOT 308,7,E01003456,0,-1
2020552000088,2020,552000088,2,9,0,18,19,1,5,0,0,1,0,0,0,0,1,1,2,2,2,35,6,1200,1,5,PEUGEOT 308,9,E01015356,0,-1
2020460961475,2020,460961475,1,9,0,18,19,7,3,0,0,0,0,0,0,0,3,1,6,6,1,81,11,1598,1,11,PEUGEOT 308,10,E01024341,0,-1
2020470982509,2020,470982509,2,9,0,18,19,7,3,0,0,1,1,0,0,0,1,1,5,6,1,28,6,1560,2,7,PEUGEOT 308,8,E01031629,0,-1
2020302000508,2020,302000508,1,9,0,9,9,2,1,0,0,5,0,0,0,0,1,1,2,2,2,44,7,1560,2,11,PEUGEOT 308,3,E01019743,0,-1
2020220973842,2020,220973842,1,9,0,9,9,1,7,0,0,5,0,0,0,0,1,1,5,6,1,60,9,1200,1,5,PEUGEOT 308,2,E01032389,0,-1
2020991011625,2020,991011625,4,9,0,4,4,3,7,0,0,2,0,0,0,0,1,1,5,6,1,73,10,1200,1,1,PEUGEOT 308,7,-1,0,-1
2020350925770,2020,350925770,2,9,0,18,19,5,8,0,0,1,0,0,0,0,2,1,5,6,2,48,8,1560,2,10,PEUGEOT 308,2,E01015596,0,-1
2020230969370,2020,230969370,1,9,0,18,19,5,1,0,0,0,0,0,0,0,3,1,6,6,2,32,6,1598,1,7,PEUGEOT 308,8,E01033255,0,-1
2020440326617,2020,440326617,1,9,0,9,9,1,7,0,0,8,0,0,0,0,4,1,6,6,2,38,7,1560,2,13,PEUGEOT 308,2,E01026328,0,-1
2020302000576,2020,302000576,1,9,0,7,7,2,4,0,0,6,0,0,0,0,2,1,6,6,1,28,6,1200,1,1,PEUGEOT 308,9,E01022129,0,-1
2020200994434,2020,200994434,1,9,0,7,7,4,6,0,0,5,0,4,0,0,1,1,6,6,2,38,7,1598,1,11,PEUGEOT 308,9,E01009694,0,-1
2020140924914,2020,140924914,2,9,0,16,19,3,7,0,0,0,0,0,0,0,3,1,1,1,1,51,8,1560,2,1,PEUGEOT 308,4,E01007761,0,-1
2020430126220,2020,430126220,1,9,0,9,9,1,7,0,0,6,0,0,0,0,3,1,2,2,2,42,7,1560,2,9,PEUGEOT 308,3,E01016474,0,-1
2020100931413,2020,100931413,1,9,0,18,19,3,7,0,0,0,0,0,0,0,4,1,6,6,3,-1,-1,1560,2,7,PEUGEOT 308,-1,-1,0,-1
2020040941872,2020,040941872,1,9,0,18,19,4,2,0,0,0,0,0,0,0,1,1,1,1,1,26,6,1560,2,3,PEUGEOT 308,1,E01024877,0,-1
202006J172648,2020,06J172648,2,9,0,18,19,6,2,0,0,1,0,0,0,0,0,1,1,1,2,48,8,1200,1,1,PEUGEOT 308,-1,-1,0,-1
2020052001015,2020,052001015,4,9,0,18,19,1,5,0,0,0,0,0,0,0,1,1,1,1,1,-1,-1,1560,2,4,PEUGEOT 308,-1,-1,0,-1
2020010285840,2020,010285840,1,9,9,99,99,9,9,99,99,9,9,99,9,99,9,9,6,6,1,40,7,1560,2,2,PEUGEOT 308,5,E01000265,0,-1
2020460988648,2020,460988648,2,9,0,18,19,5,1,0,0,0,0,0,0,0,2,1,6,6,2,45,7,1560,2,12,PEUGEOT 308,3,E01016155,0,-1
202031C059120,2020,31C059120,2,9,0,18,19,3,7,0,0,8,0,0,0,0,1,1,6,6,1,37,7,1997,2,5,PEUGEOT 308,1,E01013865,0,-1
2020140933389,2020,140933389,1,9,0,18,19,6,2,0,0,8,0,0,0,0,1,1,5,6,1,51,8,1598,1,12,PEUGEOT 308,2,E01007548,0,-1
2020200951390,2020,200951390,2,9,0,7,7,1,5,0,0,8,0,0,0,0,4,1,6,6,2,50,8,1560,2,9,PEUGEOT 308,1,E01009103,0,-1
2020140930584,2020,140930584,4,9,0,18,19,6,2,0,0,1,0,0,0,0,0,1,6,6,1,61,9,1560,2,10,PEUGEOT 308,2,E01009517,0,-1
2020040932704,2020,040932704,1,9,0,18,19,4,8,0,0,1,0,0,0,0,1,1,5,6,2,46,8,1560,2,8,PEUGEOT 308,-1,-1,0,-1
2020501007395,2020,501007395,2,9,0,2,2,0,0,0,0,0,0,0,0,0,3,1,6,6,2,37,7,1560,2,6,PEUGEOT 308,4,E01018979,0,-1
2020010270445,2020,010270445,2,9,0,18,19,6,2,0,0,0,0,0,0,0,0,1,1,1,1,22,5,1200,1,2,PEUGEOT 308,2,E01033587,0,-1
2020030968334,2020,030968334,2,9,0,18,19,7,3,0,0,1,0,0,1,0,1,1,5,6,1,62,9,1560,2,7,PEUGEOT 308,-1,-1,0,-1