collision_index,collision_year,collision_ref_no,vehicle_reference,vehicle_type,towing_and_articulation,vehicle_manoeuvre_historic,vehicle_manoeuvre,vehicle_direction_from,vehicle_direction_to,vehicle_location_restricted_lane_historic,vehicle_location_restricted_lane,junction_location,skidding_and_overturning,hit_object_in_carriageway,vehicle_leaving_carriageway,hit_object_off_carriageway,first_point_of_impact,vehicle_left_hand_drive,journey_purpose_of_driver_historic,journey_purpose_of_driver,sex_of_driver,age_of_driver,age_band_of_driver,engine_capacity_cc,propulsion_code,age_of_vehicle,generic_make_model,driver_imd_decile,lsoa_of_driver,escooter_flag,driver_distance_banding
2020040930821,2020,040930821,2,9,0,18,19,5,1,0,0,0,0,0,0,0,3,1,5,6,2,25,5,1197,1,8,AUDI A1,7,E01025585,0,-1
2020420969876,2020,420969876,1,9,0,4,4,6,2,0,0,1,0,0,0,0,1,1,5,6,2,42,7,1395,1,5,AUDI A1,4,E01021776,0,-1
2020470961767,2020,470961767,1,9,0,18,19,7,3,0,0,1,0,0,0,0,1,1,6,6,2,43,7,1598,2,7,AUDI A1,10,E01031713,0,-1
2020420989027,2020,420989027,1,9,0,18,19,4,8,0,0,0,0,0,0,0,1,1,5,6,2,20,4,1390,1,9,AUDI A1,7,E01021910,0,-1
202006A268165,2020,06A268165,2,9,0,9,9,2,8,0,0,1,0,0,0,0,2,1,6,6,1,57,9,1598,2,8,AUDI A1,1,E01025396,0,-1
2020200982120,2020,200982120,1,9,0,4,4,6,2,0,0,0,0,0,0,0,2,1,6,6,1,27,6,1598,2,4,AUDI A1,2,E01010270,0,-1
2020010235175,2020,010235175,2,9,0,9,9,5,3,0,0,2,0,0,0,0,4,1,6,6,1,42,7,1395,1,3,AUDI A1,4,E01000916,0,-1
2020040964125,2020,040964125,1,9,0,9,9,3,1,0,0,6,0,0,0,0,3,1,2,2,2,24,5,1197,1,6,AUDI A1,5,E01025541,0,-1
2020450986758,2020,450986758,1,9,0,18,19,1,1,0,0,0,0,0,0,0,2,1,6,6,2,33,6,1395,1,3,AUDI A1,10,E01030691,0,-1
2020370953184,2020,370953184,2,9,0,2,2,0,0,0,0,0,0,0,0,0,1,1,5,6,3,-1,-1,999,1,0,AUDI A1,-1,-1,0,-1
2020420963993,2020,420963993,2,9,0,18,19,1,5,0,0,1,0,0,0,0,1,1,5,6,2,28,6,1598,2,9,AUDI A1,8,E01021793,0,-1
20201375N0759,2020,1375N0759,2,9,0,18,19,3,7,0,0,1,0,0,0,0,2,1,6,6,2,23,5,1598,2,7,AUDI A1,2,E01011552,0,-1
2020010270994,2020,010270994,1,9,0,99,99,9,9,99,99,9,9,99,9,99,1,9,6,6,2,20,4,999,1,0,AUDI A1,2,E01003160,0,-1
2020990969405,2020,990969405,1,9,0,9,9,3,1,0,0,8,0,0,0,0,4,1,5,6,2,45,7,1968,2,6,AUDI A1,9,-1,0,-1
2020010270829,2020,010270829,1,9,0,18,19,2,6,0,0,0,0,0,0,0,2,1,2,2,1,36,7,1598,2,3,AUDI A1,5,E01000606,0,-1
202006J276455,2020,06J276455,2,9,0,9,9,7,5,0,0,5,0,0,0,0,4,1,6,6,2,51,8,1598,2,7,AUDI A1,10,E01005884,0,-1
2020010239399,2020,010239399,1,9,0,3,3,7,3,0,0,1,0,0,0,0,1,1,6,6,1,22,5,1390,1,6,AUDI A1,3,E01002279,0,-1
2020200993851,2020,200993851,1,9,0,2,2,-1,-1,0,0,1,0,0,0,0,0,1,3,7,2,39,7,999,1,0,AUDI A1,7,E01009040,0,-1
2020420931148,2020,420931148,3,9,0,2,2,0,0,0,0,0,0,0,0,0,1,1,5,6,2,22,5,1390,1,9,AUDI A1,2,E01004349,0,-1
2020990949619,2020,990949619,2,9,0,4,4,6,2,0,0,0,0,0,0,0,2,1,5,6,2,60,9,1390,1,7,AUDI A1,10,-1,0,-1
2020010309556,2020,010309556,1,9,0,99,99,9,9,99,99,9,9,99,9,99,9,9,6,6,1,35,6,1395,1,5,AUDI A1,6,E01000487,0,-1
2020548567520,2020,548567520,2,9,0,9,9,5,7,0,0,3,0,0,0,0,1,1,6,6,2,50,8,1390,1,6,AUDI A1,-1,-1,0,-1
2020010257743,2020,010257743,1,9,0,99,99,9,9,99,99,0,9,99,9,99,1,9,6,6,2,21,5,1395,1,4,AUDI A1,6,E01003958,0,-1
2020461003311,2020,461003311,6,9,0,2,2,0,0,0,0,0,0,0,0,0,2,1,6,6,3,-1,-1,1598,2,6,AUDI A1,-1,-1,0,-1
2020410934892,2020,410934892,1,9,0,18,19,8,4,0,0,0,0,0,0,0,1,1,6,6,2,24,5,1395,1,4,AUDI A1,10,E01023464,0,-1
2020200982822,2020,200982822,1,9,0,5,5,7,3,0,0,6,0,0,0,0,1,1,6,6,2,22,5,1197,1,9,AUDI A1,10,E01010214,0,-1
202006XN72388,2020,06XN72388,1,9,0,18,19,7,3,0,0,1,0,0,0,0,1,1,6,6,1,22,5,1390,1,9,AUDI A1,2,E01005251,0,-1
2020460919779,2020,460919779,1,9,0,9,9,2,1,0,0,1,0,0,0,0,1,1,5,6,1,17,4,999,1,1,AUDI A1,10,E01032828,0,-1
2020040967899,2020,040967899,2,9,0,18,19,5,1,0,0,1,0,0,0,0,2,1,5,6,2,17,4,999,1,1,AUDI A1,3,E01012669,0,-1
20201379L0328,2020,1379L0328,2,9,0,18,19,5,1,0,0,1,0,0,0,0,1,1,6,6,2,59,9,1395,1,4,AUDI A1,6,E01010945,0,-1
2020010275961,2020,010275961,1,9,0,15,15,5,1,0,0,0,0,4,0,0,4,1,6,6,2,79,11,1395,1,3,AUDI A1,-1,-1,0,-1
2020545121220,2020,545121220,1,9,0,18,19,1,5,0,0,0,0,0,0,0,1,1,6,6,2,57,9,1598,2,4,AUDI A1,7,E01031866,0,-1
2020552001021,2020,552001021,2,9,0,17,19,2,6,0,0,8,1,0,0,0,4,1,6,6,2,22,5,1197,1,8,AUDI A1,10,E01020401,0,-1
2020450993304,2020,450993304,1,9,0,9,9,3,7,0,0,5,0,0,8,11,4,1,5,6,2,22,5,1390,1,6,AUDI A1,10,E01030967,0,-1
2020122000936,2020,122000936,2,9,0,4,4,1,5,0,0,1,0,0,0,0,1,1,2,2,1,37,7,1598,2,6,AUDI A1,6,E01027622,0,-1
2020010230863,2020,010230863,1,9,0,18,19,5,1,0,0,1,0,0,0,0,3,1,6,6,2,20,4,999,1,2,AUDI A1,5,E01003650,0,-1
2020161009629,2020,161009629,1,9,0,5,5,7,3,0,0,4,0,0,0,0,1,1,6,6,2,43,7,1395,1,2,AUDI A1,6,E01012914,0,-1
2020010239752,2020,010239752,1,9,0,9,9,5,3,0,0,6,0,0,0,0,4,1,6,6,2,21,5,1395,1,2,AUDI A1,3,E01004430,0,-1
2020552001086,2020,552001086,1,9,0,9,9,5,3,0,0,6,0,0,0,0,3,1,6,6,2,48,8,999,1,1,AUDI A1,-1,-1,0,-1
2020010280610,2020,010280610,1,9,0,99,99,9,9,99,99,9,9,99,9,99,9,9,6,6,1,36,7,1598,2,8,AUDI A1,2,E01000072,0,-1
2020140962077,2020,140962077,1,9,0,17,19,1,5,0,0,0,0,0,0,0,1,1,5,6,1,19,4,1395,1,5,AUDI A1,7,E01007700,0,-1
2020200948468,2020,200948468,2,9,0,2,2,0,0,9,9,2,0,0,0,0,4,1,6,6,1,-1,-1,1390,1,9,AUDI A1,-1,-1,0,-1
2020460998018,2020,460998018,1,9,0,18,19,4,8,0,0,0,0,0,0,0,1,1,6,6,2,41,7,1598,2,4,AUDI A1,2,E01016110,0,-1
2020470999151,2020,470999151,2,9,0,7,7,2,5,0,0,8,1,0,0,0,3,1,5,6,2,24,5,1395,1,4,AUDI A1,9,E01031463,0,-1
2020552000808,2020,552000808,3,9,0,18,19,7,3,0,0,0,0,0,0,0,1,1,6,6,2,24,5,999,1,0,AUDI A1,4,E01033725,0,-1
2020450944457,2020,450944457,1,9,0,18,19,5,1,0,0,0,0,12,0,0,1,1,2,2,1,21,5,1390,1,6,AUDI A1,10,E01030821,0,-1
2020110978664,2020,110978664,3,9,0,18,19,1,5,0,0,0,0,0,0,0,1,1,6,6,2,28,6,1390,1,7,AUDI A1,3,E01020744,0,-1
2020440066986,2020,440066986,1,9,0,9,9,2,1,0,0,6,0,0,0,0,3,1,6,6,2,19,4,1395,1,5,AUDI A1,7,E01023046,0,-1
2020010272825,2020,010272825,2,9,0,99,99,9,9,99,99,9,9,99,9,99,3,9,6,6,3,30,6,1395,1,5,AUDI A1,-1,-1,0,-1
2020400961851,2020,400961851,2,9,0,4,4,3,7,0,0,0,0,0,0,0,2,1,6,6,2,20,4,1598,2,4,AUDI A1,6,E01017550,0,-1
2020052000311,2020,052000311,1,9,0,18,19,3,7,0,0,8,1,4,0,0,1,1,6,6,2,24,5,999,1,2,AUDI A1,6,E01007286,0,-1
2020370979123,2020,370979123,1,9,0,17,19,7,1,0,0,1,0,0,7,0,1,1,5,6,1,23,5,1598,2,9,AUDI A1,9,E01021740,0,-1
2020460979795,2020,460979795,1,9,0,4,4,1,5,0,0,1,0,0,0,0,1,1,6,6,2,29,6,1390,1,6,AUDI A1,3,E01024534,0,-1
2020201000712,2020,201000712,1,9,0,9,9,3,2,0,0,2,0,10,1,0,1,1,6,6,2,21,5,1390,1,10,AUDI A1,1,E01009117,0,-1
2020141003914,2020,141003914,1,9,0,10,10,2,8,0,0,1,0,0,0,0,2,1,5,6,2,25,5,1598,2,10,AUDI A1,3,E01007676,0,-1
2020430343369,2020,430343369,1,9,0,3,3,6,2,0,0,0,0,0,0,0,1,1,2,2,2,26,6,1197,1,8,AUDI A1,3,E01016459,0,-1
2020350973711,2020,350973711,1,9,0,9,9,1,5,0,0,2,0,0,0,0,2,1,5,6,2,28,6,999,1,1,AUDI A1,6,E01018271,0,-1
2020622000102,2020,622000102,2,9,0,18,19,1,5,0,0,1,1,0,0,0,1,1,6,6,1,32,6,1390,1,9,AUDI A1,4,W01001270,0,-1
2020440064713,2020,440064713,2,9,0,9,9,8,6,0,0,8,0,0,0,0,3,1,6,6,2,46,8,1395,1,3,AUDI A1,9,E01022547,0,-1
2020170S10090,2020,170S10090,1,9,0,7,7,8,1,2,2,8,0,0,0,0,4,1,6,6,2,33,6,1395,1,3,AUDI A1,9,E01012138,0,-1
2020052002711,2020,052002711,1,9,0,4,4,8,4,0,0,8,1,0,0,0,4,1,6,6,2,20,4,1498,1,1,AUDI A1,2,E01006763,0,-1
2020500945294,2020,500945294,1,9,0,17,19,1,5,0,0,0,2,0,0,0,1,1,5,6,2,24,5,1598,2,4,AUDI A1,7,E01019973,0,-1
2020100995683,2020,100995683,1,9,0,18,19,3,7,0,0,0,2,0,1,0,1,1,5,6,2,29,6,1598,2,10,AUDI A1,1,E01027545,0,-1
2020010261090,2020,010261090,1,9,0,16,19,5,1,0,0,4,1,7,0,0,1,1,6,6,2,26,6,1395,1,5,AUDI A1,7,E01002474,0,-1
2020320508352,2020,320508352,2,9,0,4,4,1,5,0,0,1,0,0,0,0,2,1,6,6,1,22,5,1395,1,2,AUDI A1,-1,-1,0,-1
2020460968098,2020,460968098,2,9,0,5,5,2,6,0,0,1,0,0,0,0,2,1,2,2,2,55,8,1598,2,2,AUDI A1,4,E01024358,0,-1
2020160983664,2020,160983664,1,9,0,4,4,5,1,0,0,0,0,0,0,0,2,1,6,6,2,-1,-1,1197,1,9,AUDI A1,-1,-1,0,-1
2020410999717,2020,410999717,2,9,0,18,19,2,6,0,0,5,0,0,0,0,1,1,2,2,2,25,5,1395,1,3,AUDI A1,6,E01023858,0,-1
2020522100161,2020,522100161,3,9,0,3,3,3,7,0,0,8,0,0,0,0,2,1,6,6,2,17,4,1197,1,9,AUDI A1,10,E01014878,0,-1
2020302001678,2020,302001678,1,9,0,16,19,6,1,0,0,0,0,0,1,11,1,1,6,6,2,22,5,999,1,5,AUDI A1,7,E01019636,0,-1
2020430325150,2020,430325150,1,9,0,5,5,8,4,0,0,4,0,0,0,0,1,1,6,6,2,71,10,999,1,0,AUDI A1,10,E01017732,0,-1
2020430211331,2020,430211331,2,9,0,16,19,7,2,0,0,0,1,0,1,0,1,1,6,6,2,26,6,1197,1,8,AUDI A1,10,E01016632,0,-1
2020100959351,2020,100959351,1,9,0,3,3,5,1,0,0,0,0,0,0,0,1,1,6,6,2,17,4,1197,1,8,AUDI A1,8,E01008862,0,-1
2020360942057,2020,360942057,1,9,0,18,19,3,7,0,0,0,1,0,1,4,1,1,5,6,2,24,5,1498,1,1,AUDI A1,5,E01026443,0,-1
2020010284694,2020,010284694,1,9,0,99,99,9,9,99,99,0,9,99,9,99,9,9,6,6,2,41,7,999,1,3,AUDI A1,2,E01002877,0,-1
2020010264652,2020,010264652,1,9,0,4,4,1,5,0,0,0,0,0,0,0,3,1,6,6,2,29,6,999,1,1,AUDI A1,2,E01001357,0,-1
202031D052120,2020,31D052120,1,9,0,13,13,6,2,0,0,0,0,0,0,0,1,1,1,1,2,23,5,1598,2,9,AUDI A1,5,E01028362,0,-1
20201371A0527,2020,1371A0527,1,9,0,4,4,2,6,0,0,1,0,0,0,0,1,1,6,6,1,29,6,1598,2,9,AUDI A1,-1,-1,0,-1
2020500972372,2020,500972372,1,9,0,9,9,3,1,0,0,8,0,0,0,0,4,1,2,2,2,32,6,1598,2,8,AUDI A1,5,E01019994,0,-1
2020010251230,2020,010251230,2,9,0,99,99,9,9,99,99,9,9,99,9,99,2,9,6,6,3,19,4,1390,1,9,AUDI A1,3,E01024534,0,-1
2020010245109,2020,010245109,1,9,0,3,3,3,7,0,0,0,0,0,0,0,2,1,1,1,1,56,9,1395,1,3,AUDI A1,10,E01030566,0,-1
2020400958760,2020,400958760,1,9,0,18,19,6,5,0,0,0,0,0,0,0,3,1,5,6,2,20,4,1390,1,7,AUDI A1,3,E01015801,0,-1
2020501003190,2020,501003190,1,9,0,18,19,1,5,0,0,0,0,0,0,0,1,1,6,6,2,34,6,1968,2,7,AUDI A1,8,E01019929,0,-1
2020140934333,2020,140934333,1,9,0,18,19,4,1,0,0,1,0,0,0,0,2,1,2,2,2,19,4,1390,1,5,AUDI A1,8,E01008149,0,-1
2020122000272,2020,122000272,1,9,0,5,5,3,6,0,0,8,0,0,0,0,4,1,6,6,2,53,8,1390,1,7,AUDI A1,6,E01012323,0,-1
2020160982172,2020,160982172,1,9,0,7,7,2,4,0,0,0,0,0,0,0,2,1,6,6,2,47,8,1390,1,6,AUDI A1,10,E01012924,0,-1
2020010271924,2020,010271924,1,9,0,99,99,9,9,99,99,9,9,99,9,99,2,9,6,6,2,22,5,1390,1,6,AUDI A1,3,E01000522,0,-1
2020430088109,2020,430088109,1,9,0,18,19,6,2,0,0,3,0,0,0,0,3,1,6,6,1,35,6,1598,2,8,AUDI A1,10,E01016429,0,-1
2020010229846,2020,010229846,1,9,0,6,6,1,1,0,0,1,0,0,0,0,0,1,6,6,1,58,9,1197,1,6,AUDI A1,2,E01004409,0,-1
2020410934343,2020,410934343,2,9,0,18,19,6,5,0,0,8,0,0,0,0,1,1,6,6,1,17,4,1197,1,8,AUDI A1,8,E01023312,0,-1
2020200981765,2020,200981765,3,9,0,10,10,2,8,0,0,1,0,0,0,0,3,1,6,6,2,24,5,1598,2,5,AUDI A1,2,E01010311,0,-1
2020200998542,2020,200998542,2,9,0,18,19,8,4,0,0,1,0,0,0,0,1,1,6,6,1,20,4,999,1,3,AUDI A1,4,E01009970,0,-1
2020520004873,2020,520004873,1,9,0,18,19,7,3,0,0,0,0,0,0,0,1,1,6,6,2,22,5,1390,1,7,AUDI A1,10,E01022694,0,-1
2020040960421,2020,040960421,2,9,0,9,9,5,3,0,0,3,0,0,0,0,4,1,5,6,1,19,4,1395,1,6,AUDI A1,3,E01025399,0,-1
2020160922060,2020,160922060,1,9,0,18,19,3,7,0,0,0,0,0,0,0,1,1,3,7,1,39,7,1598,2,8,AUDI A1,5,E01013297,0,-1
2020010240846,2020,010240846,1,9,0,18,19,5,1,0,0,1,0,0,0,0,1,1,6,6,2,23,5,1395,1,3,AUDI A1,3,E01001240,0,-1
2020552100254,2020,552100254,1,9,0,18,19,5,1,0,0,0,0,0,0,0,1,1,6,6,3,33,6,1598,2,5,AUDI A1,-1,-1,0,-1
2020100936814,2020,100936814,1,9,0,9,9,4,2,0,0,6,0,0,0,0,1,1,2,2,2,29,6,1598,2,7,AUDI A1,3,E01008344,0,-1
2020010263312,2020,010263312,2,9,0,9,9,3,8,0,0,4,0,0,0,0,3,1,6,6,2,18,4,999,1,1,AUDI A1,10,E01003745,0,-1
20201375P1105,2020,1375P1105,1,9,0,18,19,8,4,0,0,0,5,0,1,3,1,1,6,6,1,18,4,1395,1,4,AUDI A1,6,E01011273,0,-1
2020410982413,2020,410982413,1,9,-1,-1,-1,5,1,-1,-1,0,-1,-1,-1,0,-1,1,5,6,2,23,5,1598,2,9,AUDI A1,5,E01019494,0,-1
2020010245044,2020,010245044,1,9,0,9,9,3,8,0,0,1,0,0,0,0,1,1,6,6,1,49,8,1390,1,8,AUDI A1,5,E01000843,0,-1
2020320249384,2020,320249384,2,9,0,17,19,3,1,0,0,1,0,0,0,0,3,1,6,6,1,60,9,1598,2,10,AUDI A1,7,E01013270,0,-1
2020320314706,2020,320314706,1,9,0,9,9,5,7,0,0,8,0,0,0,0,1,1,6,6,2,23,5,1390,1,8,AUDI A1,10,E01026354,0,-1
2020400989489,2020,400989489,1,9,0,17,19,5,1,0,0,0,5,10,1,9,4,1,5,6,1,30,6,1390,1,9,AUDI A1,5,E01015777,0,-1
2020122000833,2020,122000833,2,9,0,18,19,2,6,0,0,8,0,0,7,0,4,1,6,6,2,68,10,1395,1,2,AUDI A1,9,E01027922,0,-1
2020200935484,2020,200935484,2,9,0,18,19,6,2,0,0,0,0,0,0,0,2,1,6,6,2,34,6,1598,2,5,AUDI A1,2,E01009098,0,-1
2020100945714,2020,100945714,1,9,0,17,19,6,2,0,0,0,0,10,1,0,1,1,6,6,1,21,5,1598,2,3,AUDI A1,-1,-1,0,-1
2020140930062,2020,140930062,1,9,0,5,5,1,5,0,0,0,0,0,1,4,1,1,6,6,1,43,7,999,1,1,AUDI A1,10,E01007930,0,-1
2020460939539,2020,460939539,1,9,0,6,6,5,1,0,0,0,0,0,0,0,0,1,5,6,1,28,6,1598,2,5,AUDI A1,2,E01010065,0,-1
2020010233981,2020,010233981,1,9,0,4,4,1,5,0,0,0,0,0,0,0,2,1,6,6,2,43,7,1395,1,2,AUDI A1,5,E01003946,0,-1
202006N177703,2020,06N177703,1,9,0,17,19,2,7,0,0,2,1,0,2,10,4,1,6,6,2,44,7,1390,1,7,AUDI A1,7,E01005014,0,-1
2020420949194,2020,420949194,1,9,0,18,19,5,1,0,0,0,0,7,0,0,1,1,6,6,1,53,8,1395,1,2,AUDI A1,6,E01021373,0,-1
2020230927744,2020,230927744,1,9,0,16,19,4,7,0,0,0,2,0,7,10,1,1,5,6,1,16,4,1390,1,10,AUDI A1,2,E01009592,0,-1
2020530971154,2020,530971154,2,9,0,10,10,7,5,0,0,8,0,0,0,0,3,1,6,6,2,40,7,1395,1,2,AUDI A1,9,E01022143,0,-1
2020340W06082,2020,340W06082,1,9,0,13,13,3,7,0,0,2,0,0,5,0,1,1,2,2,2,24,5,1390,1,8,AUDI A1,1,E01027310,0,-1
2020360977132,2020,360977132,2,9,0,11,11,5,1,0,0,8,0,0,0,0,4,1,2,2,2,64,9,1395,1,4,AUDI A1,6,E01026580,0,-1
2020010250172,2020,010250172,1,9,0,18,19,1,5,0,0,8,0,0,0,0,2,1,6,6,2,49,8,1395,1,3,AUDI A1,2,E01000152,0,-1
2020320114208,2020,320114208,1,9,0,18,19,4,8,0,0,0,1,0,0,0,3,1,2,2,2,52,8,1598,2,6,AUDI A1,7,E01026199,0,-1
2020460973486,2020,460973486,2,9,0,18,19,7,3,0,0,0,0,0,0,0,2,1,2,2,1,38,7,999,1,1,AUDI A1,3,E01024509,0,-1
2020100943109,2020,100943109,2,9,0,18,19,3,7,0,0,8,0,0,0,0,1,1,2,2,2,30,6,1598,2,2,AUDI A1,6,E01008758,0,-1
2020010234816,2020,010234816,1,9,0,99,99,9,9,99,99,9,9,99,9,99,2,9,6,6,2,31,6,1390,1,9,AUDI A1,5,E01003260,0,-1
202006J271177,2020,06J271177,3,9,0,18,19,4,8,0,0,8,0,0,0,0,1,1,6,6,1,28,6,1984,1,1,AUDI A1,-1,-1,0,-1
2020302001698,2020,302001698,2,9,0,18,19,1,5,0,0,0,0,4,0,0,1,1,6,6,1,30,6,1390,1,9,AUDI A1,5,E01029795,0,-1
2020461013468,2020,461013468,1,9,0,18,19,3,7,0,0,1,0,0,0,0,1,1,6,6,1,33,6,1395,1,4,AUDI A1,4,E01016077,0,-1
2020010268262,2020,010268262,2,9,0,8,8,5,7,0,0,6,0,0,0,0,4,1,6,6,2,26,6,999,1,1,AUDI A1,6,E01003386,0,-1
2020410924294,2020,410924294,1,9,0,5,5,5,8,0,0,0,0,0,0,0,2,1,5,6,2,50,8,1390,1,6,AUDI A1,3,E01023294,0,-1
2020010239341,2020,010239341,1,9,0,99,99,9,9,99,99,9,9,99,9,99,1,9,6,6,3,-1,-1,999,1,4,AUDI A1,3,E01000610,0,-1
2020552000607,2020,552000607,1,9,0,7,7,3,5,0,0,8,0,0,0,0,4,1,6,6,2,38,7,1395,1,5,AUDI A1,10,E01015464,0,-1
2020040976323,2020,040976323,2,9,0,16,19,2,6,0,0,0,0,0,0,0,2,1,5,6,2,31,6,999,1,5,AUDI A1,1,E01006432,0,-1
2020010256204,2020,010256204,3,9,0,99,99,9,9,0,0,0,9,99,9,99,9,9,6,6,3,-1,-1,1395,1,2,AUDI A1,-1,-1,0,-1
2020360972459,2020,360972459,2,9,0,3,3,4,8,0,0,1,0,0,0,0,2,1,6,6,2,20,4,999,1,4,AUDI A1,7,E01026723,0,-1
2020010260150,2020,010260150,1,9,0,99,99,9,9,99,99,9,9,99,9,99,1,9,6,6,2,24,5,1390,1,8,AUDI A1,1,E01003047,0,-1
2020622000566,2020,622000566,1,8,0,9,9,2,1,0,0,6,0,0,0,0,3,1,6,6,2,20,4,1598,2,7,-1,2,W01001237,0,-1
2020010236094,2020,010236094,1,9,0,99,99,9,9,99,99,9,9,99,9,99,9,9,2,2,2,25,5,999,1,5,AUDI A1,5,E01000398,0,-1
2020360959757,2020,360959757,3,9,0,4,4,3,7,0,0,0,0,0,0,0,2,1,5,6,1,23,5,1498,1,1,AUDI A1,5,E01030281,0,-1
2020420996300,2020,420996300,1,9,0,8,8,7,1,9,9,0,0,0,0,0,1,1,6,6,1,-1,-1,1598,2,5,AUDI A1,-1,-1,0,-1
2020460938729,2020,460938729,1,9,0,18,19,7,3,0,0,0,0,0,0,0,1,1,5,6,1,21,5,1390,1,7,AUDI A1,5,E01024774,0,-1
2020010284737,2020,010284737,2,9,0,18,19,5,1,0,0,8,1,10,1,11,1,1,2,2,2,20,4,1390,1,7,AUDI A1,9,E01000670,0,-1
2020440086284,2020,440086284,2,9,0,4,4,5,1,0,0,1,0,0,0,0,2,1,6,6,2,47,8,1395,1,4,AUDI A1,9,E01023182,0,-1
2020320493601,2020,320493601,1,9,0,18,19,3,7,0,0,1,0,4,0,0,1,1,6,6,2,21,5,1598,2,6,AUDI A1,5,E01026224,0,-1
2020430304454,2020,430304454,1,9,0,3,3,7,3,0,0,0,0,0,0,0,2,1,6,6,2,29,6,1598,2,4,AUDI A1,9,E01017719,0,-1
202006P174083,2020,06P174083,2,9,0,18,19,2,6,0,0,8,0,10,0,0,3,1,6,6,1,21,5,1598,2,9,AUDI A1,8,E01005575,0,-1
2020010281985,2020,010281985,2,9,0,9,9,5,3,0,0,1,0,0,0,0,0,1,6,6,2,27,6,1395,1,5,AUDI A1,2,E01032569,0,-1
2020470970922,2020,470970922,1,9,0,9,9,3,1,0,0,8,0,0,0,0,1,1,5,6,2,23,5,1598,2,5,AUDI A1,3,E01031451,0,-1
2020220967446,2020,220967446,1,9,0,9,9,8,6,0,0,0,0,0,0,0,4,1,5,6,2,19,4,1598,2,4,AUDI A1,6,E01032462,0,-1
2020522002632,2020,522002632,2,9,0,4,4,1,5,0,0,4,0,0,0,0,1,1,6,6,1,25,5,1598,2,9,AUDI A1,-1,-1,0,-1
2020549282820,2020,549282820,1,9,0,18,19,5,1,0,0,2,0,0,0,0,1,1,1,1,1,40,7,999,1,1,AUDI A1,5,E01031952,0,-1
2020140967265,2020,140967265,1,9,0,18,19,1,5,0,0,2,0,0,0,0,1,1,2,2,2,57,9,1598,2,9,AUDI A1,3,E01007680,0,-1
2020100934347,2020,100934347,1,9,0,18,19,3,7,0,0,1,0,0,0,0,4,1,6,6,1,45,7,1395,1,4,AUDI A1,4,E01008842,0,-1
2020201008258,2020,201008258,2,9,0,3,3,7,3,0,0,1,0,0,0,0,2,1,6,6,2,21,5,1390,1,5,AUDI A1,10,E01009431,0,-1
2020522101267,2020,522101267,2,9,0,2,2,0,0,0,0,1,0,0,0,0,3,1,6,6,2,21,5,1598,2,6,AUDI A1,10,E01014761,0,-1
2020010262095,2020,010262095,1,9,0,14,14,5,1,0,0,0,0,0,0,0,4,1,6,6,2,19,4,1395,1,5,AUDI A1,1,E01001545,0,-1
2020410949657,2020,410949657,1,9,0,16,19,1,5,0,0,1,1,0,0,0,1,1,5,6,1,24,5,1598,2,6,AUDI A1,4,E01023756,0,-1
2020200940848,2020,200940848,1,9,0,7,7,5,8,0,0,6,0,0,0,0,3,1,6,6,1,-1,-1,1390,1,9,AUDI A1,1,E01009488,0,-1
2020201002649,2020,201002649,1,9,0,18,19,4,8,0,0,6,0,0,0,0,3,1,6,6,2,24,5,999,1,0,AUDI A1,1,E01009360,0,-1
2020430253771,2020,430253771,1,9,0,18,19,6,2,0,0,0,0,0,0,0,1,1,6,6,2,35,6,1395,1,2,AUDI A1,6,E01016803,0,-1
202006F177825,2020,06F177825,2,9,0,18,19,6,2,0,0,8,0,0,0,0,1,1,6,6,2,58,9,1598,2,7,AUDI A1,9,E01005645,0,-1
2020140961950,2020,140961950,1,9,0,18,19,8,4,0,0,4,5,9,1,10,1,1,5,6,2,25,5,999,1,2,AUDI A1,-1,-1,0,-1
2020990978158,2020,990978158,2,9,0,18,19,4,8,0,0,1,0,0,0,0,2,1,6,6,2,30,6,1395,1,2,AUDI A1,1,-1,0,-1
2020991007319,2020,991007319,2,9,0,3,3,1,5,0,0,0,0,0,0,0,2,1,6,6,2,24,5,1968,2,7,AUDI A1,9,-1,0,-1
2020440178396,2020,440178396,1,9,0,18,19,1,5,0,0,8,0,0,0,0,1,1,6,6,2,26,6,1197,1,5,AUDI A1,3,E01022839,0,-1
2020421004271,2020,421004271,1,9,0,4,4,5,8,0,0,1,1,0,0,0,1,1,2,2,2,22,5,1395,1,2,AUDI A1,7,E01015686,0,-1
2020320487395,2020,320487395,1,9,0,14,14,7,3,0,0,1,0,4,0,0,1,1,2,2,2,32,6,1390,1,9,AUDI A1,3,E01026024,0,-1
2020010268967,2020,010268967,2,9,0,99,99,9,9,99,99,9,9,99,9,99,9,9,6,6,1,54,8,1395,1,5,AUDI A1,2,E01000930,0,-1
2020370940651,2020,370940651,2,9,0,3,3,4,8,0,0,0,0,0,0,0,2,1,5,6,2,21,5,1390,1,8,AUDI A1,3,E01029954,0,-1
2020990928213,2020,990928213,2,9,0,18,19,7,3,0,0,1,0,0,0,0,1,1,2,2,2,29,6,1395,1,4,AUDI A1,6,-1,0,-1