collision_index,collision_year,collision_ref_no,vehicle_reference,vehicle_type,towing_and_articulation,vehicle_manoeuvre_historic,vehicle_manoeuvre,vehicle_direction_from,vehicle_direction_to,vehicle_location_restricted_lane_historic,vehicle_location_restricted_lane,junction_location,skidding_and_overturning,hit_object_in_carriageway,vehicle_leaving_carriageway,hit_object_off_carriageway,first_point_of_impact,vehicle_left_hand_drive,journey_purpose_of_driver_historic,journey_purpose_of_driver,sex_of_driver,age_of_driver,age_band_of_driver,engine_capacity_cc,propulsion_code,age_of_vehicle,generic_make_model,driver_imd_decile,lsoa_of_driver,escooter_flag,driver_distance_banding
2020040971456,2020,040971456,1,9,0,18,19,3,7,0,0,2,0,0,0,0,1,1,5,6,2,26,6,999,1,5,AUDI A1,2,E01012688,0,-1
2020010277395,2020,010277395,2,9,0,99,99,9,9,99,99,0,9,99,9,99,0,9,6,6,2,20,4,1498,1,1,AUDI A1,2,E01000739,0,-1
2020200948445,2020,200948445,1,9,0,5,5,6,2,0,0,1,0,10,7,2,1,1,6,6,2,50,8,1390,1,9,AUDI A1,4,E01009921,0,-1
2020010257072,2020,010257072,1,9,0,18,19,1,5,0,0,0,5,4,0,0,1,1,6,6,2,21,5,1390,1,9,AUDI A1,-1,-1,0,-1
2020990956412,2020,990956412,1,9,0,5,5,4,8,0,0,0,0,0,0,0,1,1,2,2,2,23,5,1197,1,7,AUDI A1,4,-1,0,-1
202063AF00121,2020,63AF00121,3,9,0,18,19,1,5,0,0,1,0,11,0,0,0,1,6,6,2,32,6,1968,2,6,AUDI A1,-1,-1,0,-1
2020530968969,2020,530968969,1,9,0,18,19,2,6,0,0,0,0,0,0,0,1,1,5,6,1,85,11,1498,1,1,AUDI A1,9,E01014956,0,-1
2020137BN0712,2020,137BN0712,1,9,0,16,19,6,3,0,0,0,0,0,0,0,1,1,6,6,2,21,5,1598,2,9,AUDI A1,5,E01011192,0,-1
2020430260967,2020,430260967,1,9,0,18,19,5,1,0,0,4,0,0,0,0,1,1,6,6,2,23,5,1395,1,3,AUDI A1,8,E01016760,0,-1
2020990924735,2020,990924735,1,9,0,17,19,1,6,0,0,0,0,0,0,0,1,1,5,6,2,26,6,1395,1,4,AUDI A1,4,-1,0,-1
2020360940183,2020,360940183,4,9,0,4,4,4,8,0,0,0,0,0,0,0,1,1,2,2,2,31,6,1598,2,7,AUDI A1,5,E01026730,0,-1
2020340N01392,2020,340N01392,2,9,0,4,4,1,5,0,0,1,0,0,0,0,2,1,2,2,2,26,6,999,1,1,AUDI A1,9,E01027166,0,-1
2020070770840,2020,070770840,1,9,0,18,19,5,1,0,0,4,5,9,4,1,1,1,6,6,2,25,5,999,1,5,AUDI A1,8,E01005955,0,-1
2020200976357,2020,200976357,2,9,0,18,19,6,2,0,0,8,0,0,0,0,0,1,5,6,2,18,4,999,1,3,AUDI A1,7,E01010436,0,-1
2020210946805,2020,210946805,1,9,0,2,2,8,4,0,0,1,0,0,0,0,1,1,1,1,1,18,4,1197,1,9,AUDI A1,3,E01029388,0,-1
2020100939350,2020,100939350,1,9,0,9,9,5,1,0,0,8,0,0,0,0,4,1,5,6,2,23,5,1598,2,8,AUDI A1,-1,-1,0,-1
20201375N0759,2020,1375N0759,1,9,0,18,19,3,7,0,0,1,0,0,0,0,1,1,6,6,3,-1,-1,999,1,2,AUDI A1,-1,-1,0,-1
2020400993421,2020,400993421,1,9,0,7,7,5,7,0,0,5,0,0,0,0,4,1,5,6,2,37,7,999,1,0,AUDI A1,5,E01015714,0,-1
2020040955379,2020,040955379,2,9,0,3,3,1,5,0,0,1,0,0,0,0,2,1,5,6,1,61,9,1395,1,4,AUDI A1,1,E01012638,0,-1
2020450957139,2020,450957139,2,9,0,18,19,1,5,0,0,1,1,0,0,0,3,1,2,2,1,60,9,1395,1,2,AUDI A1,9,E01030571,0,-1
2020052000669,2020,052000669,1,9,0,9,9,7,5,0,0,6,0,0,0,0,1,1,6,6,2,18,4,1197,1,8,AUDI A1,4,E01006998,0,-1
2020440296323,2020,440296323,2,9,0,13,13,3,6,0,0,0,0,0,0,0,4,1,6,6,2,-1,-1,1395,1,3,AUDI A1,-1,-1,0,-1
2020450976500,2020,450976500,1,9,0,4,4,5,1,0,0,0,0,0,0,0,2,1,5,6,2,20,4,999,1,5,AUDI A1,8,E01030565,0,-1
202031D020320,2020,31D020320,2,9,0,18,19,1,5,0,0,8,0,0,0,0,1,1,6,6,2,38,7,1598,2,9,AUDI A1,8,E01028375,0,-1
2020302000648,2020,302000648,3,9,0,18,19,1,6,0,0,0,0,0,0,0,3,1,6,6,2,28,6,1390,1,7,AUDI A1,8,E01019540,0,-1
2020440028934,2020,440028934,1,9,0,9,9,2,8,0,0,1,0,0,0,0,1,1,6,6,1,25,5,999,1,2,AUDI A1,3,E01017020,0,-1
2020440445539,2020,440445539,2,9,0,18,19,2,6,0,0,8,0,0,0,0,1,1,6,6,2,37,7,1498,1,0,AUDI A1,10,E01022850,0,-1
2020460974170,2020,460974170,1,9,0,18,19,6,2,0,0,0,0,0,0,0,1,1,6,6,1,20,4,1395,1,2,AUDI A1,6,E01024700,0,-1
20201374R1042,2020,1374R1042,1,9,0,1,1,7,2,0,0,0,0,0,0,0,2,1,6,6,2,54,8,1395,1,4,AUDI A1,8,E01011829,0,-1
2020622001108,2020,622001108,2,9,0,2,2,0,0,0,0,0,0,0,0,0,4,1,6,6,3,-1,-1,1390,1,10,AUDI A1,-1,-1,0,-1
2020070518060,2020,070518060,1,9,0,18,19,3,7,0,0,2,0,0,0,0,1,1,6,6,1,80,11,1390,1,8,AUDI A1,8,E01012549,0,-1
2020410980565,2020,410980565,1,9,0,17,19,3,7,0,0,0,2,0,7,0,3,1,6,6,2,20,4,1395,1,2,AUDI A1,10,E01023768,0,-1
202006J371416,2020,06J371416,1,9,0,18,19,2,6,0,0,1,0,0,7,1,1,1,6,6,1,28,6,999,1,1,AUDI A1,-1,-1,0,-1
20201372N1086,2020,1372N1086,2,9,0,18,19,5,1,0,0,1,0,0,0,0,1,1,6,6,2,20,4,1395,1,3,AUDI A1,3,E01011784,0,-1
2020420963673,2020,420963673,3,9,0,18,19,6,2,0,0,0,0,0,0,0,2,1,2,2,2,20,4,999,1,2,AUDI A1,4,E01021698,0,-1
2020010260677,2020,010260677,1,9,0,99,99,9,9,99,99,9,9,99,9,99,2,9,6,6,2,28,6,1395,1,3,AUDI A1,1,E01000643,0,-1
2020010261005,2020,010261005,1,9,0,3,3,3,7,0,0,1,0,0,0,0,2,1,6,6,2,25,5,1390,1,8,AUDI A1,-1,-1,0,-1
2020420984718,2020,420984718,1,9,0,10,10,3,2,0,0,6,0,7,3,11,1,1,5,6,2,78,11,1390,1,6,AUDI A1,6,E01021562,0,-1
2020450988670,2020,450988670,2,9,0,3,3,4,8,0,0,0,0,0,0,0,2,1,5,6,1,22,5,1395,1,4,AUDI A1,8,E01024419,0,-1
2020201001369,2020,201001369,1,9,0,16,19,5,7,0,0,0,0,0,0,0,1,1,6,6,2,18,4,999,1,4,AUDI A1,10,E01010155,0,-1
2020450981111,2020,450981111,1,9,0,7,7,5,1,0,0,0,0,0,1,11,2,1,5,6,2,26,6,1390,1,7,AUDI A1,4,E01004484,0,-1
2020460997992,2020,460997992,1,9,0,9,9,7,3,0,0,1,0,0,0,0,3,1,5,6,2,18,4,1197,1,9,AUDI A1,6,E01023988,0,-1
2020010253187,2020,010253187,1,9,0,6,6,1,1,0,0,2,0,0,0,0,3,1,6,6,2,18,4,999,1,0,AUDI A1,5,E01002739,0,-1
2020010245133,2020,010245133,1,9,0,18,19,7,3,0,0,1,0,0,1,0,1,1,2,2,2,28,6,999,1,1,AUDI A1,10,E01030296,0,-1
2020010230700,2020,010230700,2,9,0,5,5,2,6,0,0,8,0,0,0,0,1,1,6,6,2,37,7,1390,1,8,AUDI A1,3,E01017562,0,-1
2020470970091,2020,470970091,2,9,0,9,9,5,4,0,0,8,0,0,0,0,3,1,5,6,2,20,4,1395,1,2,AUDI A1,8,E01031411,0,-1
2020411003603,2020,411003603,3,9,0,18,19,2,6,0,0,0,0,0,0,0,2,1,5,6,2,64,9,1395,1,3,AUDI A1,6,E01023752,0,-1
2020137BM0629,2020,137BM0629,4,9,0,3,3,3,7,0,0,1,0,0,0,0,2,1,6,6,1,65,9,1390,1,6,AUDI A1,10,E01011572,0,-1
2020140928178,2020,140928178,2,9,0,7,7,8,2,0,0,2,0,0,0,0,4,1,6,6,3,18,4,1390,1,10,AUDI A1,-1,-1,0,-1
202031B109020,2020,31B109020,1,9,0,13,13,5,1,0,0,0,2,0,1,0,1,1,6,6,1,49,8,1968,2,7,AUDI A1,6,-1,0,-1
2020010277277,2020,010277277,1,9,0,99,99,9,9,99,99,9,9,99,9,99,2,9,2,2,1,21,5,999,1,4,AUDI A1,7,E01002142,0,-1
2020371017124,2020,371017124,1,9,0,18,19,2,6,0,0,0,2,0,2,11,1,1,1,1,1,29,6,1498,1,0,AUDI A1,5,E01030259,0,-1
2020010276241,2020,010276241,1,9,0,14,14,3,7,0,0,0,0,0,0,0,4,2,6,6,2,25,5,1390,1,6,AUDI A1,7,E01000702,0,-1
2020200993522,2020,200993522,2,9,0,9,9,8,6,0,0,6,0,0,0,0,2,1,2,2,2,26,6,1390,1,7,AUDI A1,1,E01033621,0,-1
2020201008379,2020,201008379,1,9,0,18,19,5,1,0,0,8,0,0,7,0,1,1,6,6,1,20,4,1390,1,7,AUDI A1,1,E01009368,0,-1
202063C030120,2020,63C030120,2,9,0,18,19,-1,-1,0,0,0,0,0,0,0,2,1,6,6,2,22,5,1598,2,6,AUDI A1,7,W01000556,0,-1
2020010285730,2020,010285730,1,9,0,99,99,9,9,99,99,9,9,99,9,99,2,9,6,6,2,22,5,1395,1,5,AUDI A1,4,E01004642,0,-1
2020140950214,2020,140950214,1,9,0,18,19,1,5,0,0,0,0,0,0,0,1,1,6,6,2,21,5,1598,2,6,AUDI A1,1,E01007333,0,-1
2020137321147,2020,137321147,2,9,0,18,19,2,6,0,0,0,0,0,0,0,1,1,6,6,1,25,5,1197,1,8,AUDI A1,1,E01010626,0,-1
2020200987715,2020,200987715,2,9,0,4,4,2,6,0,0,0,0,0,0,0,2,1,6,6,2,27,6,1598,2,7,AUDI A1,1,E01009401,0,-1
2020990954619,2020,990954619,1,9,0,2,2,0,0,0,0,2,0,0,0,0,3,1,5,6,2,24,5,1598,2,6,AUDI A1,5,-1,0,-1
2020160955156,2020,160955156,3,9,0,18,19,4,8,0,0,0,0,0,0,0,2,1,6,6,2,21,5,1598,2,7,AUDI A1,9,E01013152,0,-1
2020470982995,2020,470982995,1,9,0,18,19,8,4,0,0,1,5,4,0,0,1,1,5,6,2,75,10,1390,1,5,AUDI A1,10,E01031627,0,-1
2020210983733,2020,210983733,2,9,0,18,19,5,1,0,0,0,0,0,0,0,3,1,6,6,2,54,8,1395,1,4,AUDI A1,8,E01009464,0,-1
2020040996184,2020,040996184,1,9,0,7,7,5,3,0,0,2,0,0,1,0,1,1,5,6,2,21,5,1598,2,8,AUDI A1,9,E01025211,0,-1
2020010228281,2020,010228281,2,9,0,4,4,7,3,0,0,0,0,0,0,0,2,1,6,6,1,24,5,1197,1,8,AUDI A1,-1,-1,0,-1
2020540764420,2020,540764420,2,9,0,18,19,2,5,0,0,1,0,0,0,0,1,1,6,6,2,70,10,1598,2,7,AUDI A1,9,E01031880,0,-1
2020010250637,2020,010250637,2,9,0,99,99,9,9,99,99,9,9,99,9,99,1,9,6,6,3,28,6,1395,1,3,AUDI A1,3,E01004022,0,-1
2020137BH1375,2020,137BH1375,1,9,0,8,8,4,2,0,0,1,1,0,7,0,1,1,6,6,2,26,6,1390,1,8,AUDI A1,1,E01011357,0,-1
2020010272628,2020,010272628,1,9,0,9,9,6,3,0,0,1,0,10,0,0,3,1,6,6,2,51,8,1598,2,7,AUDI A1,-1,-1,0,-1
2020137B11219,2020,137B11219,2,9,0,17,19,1,6,0,0,0,1,0,0,0,1,1,6,6,2,23,5,999,1,2,AUDI A1,8,E01010645,0,-1
2020522100803,2020,522100803,1,9,0,18,19,6,2,0,0,8,0,0,0,0,4,1,6,6,2,36,7,1395,1,2,AUDI A1,8,E01014868,0,-1
2020010262307,2020,010262307,2,9,0,9,9,6,3,0,0,1,0,0,0,0,1,1,6,6,1,-1,-1,1390,1,8,AUDI A1,-1,-1,0,-1
202063C064520,2020,63C064520,1,9,0,16,19,6,1,0,0,1,0,0,0,0,1,1,6,6,2,22,5,1598,2,5,AUDI A1,5,W01000621,0,-1
202031D148820,2020,31D148820,1,9,0,17,19,6,2,0,0,0,0,10,1,0,1,1,6,6,2,20,4,999,1,4,AUDI A1,9,E01025917,0,-1
2020010269521,2020,010269521,1,9,0,7,7,7,8,0,0,2,0,0,0,0,3,1,6,6,2,23,5,999,1,1,AUDI A1,4,E01003704,0,-1
2020990969117,2020,990969117,2,9,0,10,10,2,8,0,0,1,0,0,0,0,4,1,5,6,2,58,9,1598,2,9,AUDI A1,-1,-1,0,-1
202063A016220,2020,63A016220,2,9,0,8,8,4,6,0,0,1,0,0,0,0,2,1,6,6,2,53,8,1197,1,8,AUDI A1,7,W01000692,0,-1
2020010255964,2020,010255964,1,9,0,99,99,9,9,99,99,9,9,99,9,99,9,9,6,6,1,20,4,999,1,1,AUDI A1,4,E01002211,0,-1
2020010233464,2020,010233464,3,9,0,2,2,0,0,0,0,2,0,0,0,0,4,1,6,6,3,-1,-1,1197,1,6,AUDI A1,-1,-1,0,-1
202063A017720,2020,63A017720,2,9,0,4,4,2,6,0,0,0,0,0,0,0,2,1,6,6,2,19,4,1598,2,6,AUDI A1,5,W01000717,0,-1
2020010248717,2020,010248717,1,9,0,9,9,7,5,0,0,5,0,7,0,0,3,1,6,6,2,17,4,999,1,4,AUDI A1,8,E01024158,0,-1
2020460996388,2020,460996388,3,9,0,3,3,1,5,0,0,0,1,0,0,0,2,1,5,6,2,70,10,1390,1,7,AUDI A1,7,E01024719,0,-1
2020010261274,2020,010261274,3,9,0,18,19,3,7,0,0,0,0,10,0,0,2,1,6,6,1,31,6,1395,1,4,AUDI A1,5,E01030457,0,-1
2020470918943,2020,470918943,2,9,0,18,19,8,4,0,0,0,0,0,0,0,2,1,5,6,2,41,7,1390,1,6,AUDI A1,5,E01021096,0,-1
2020140960186,2020,140960186,1,9,0,18,19,7,3,0,0,0,0,0,0,0,2,1,6,6,2,-1,-1,1598,2,7,AUDI A1,7,E01008049,0,-1
2020210994046,2020,210994046,1,9,0,18,19,2,6,0,0,0,0,0,0,0,1,1,6,6,2,20,4,1395,1,4,AUDI A1,8,E01010487,0,-1
2020990936926,2020,990936926,1,9,0,9,9,7,5,0,0,3,0,0,0,0,1,1,6,6,1,22,5,1598,2,5,AUDI A1,5,-1,0,-1
2020010250697,2020,010250697,1,9,0,7,7,7,1,0,0,6,0,0,0,0,3,1,6,6,2,18,4,999,1,0,AUDI A1,5,E01002739,0,-1
202006A372752,2020,06A372752,2,9,0,2,2,0,0,0,0,0,0,0,0,0,3,1,6,6,1,30,6,1395,1,4,AUDI A1,-1,-1,0,-1
2020201003592,2020,201003592,1,9,0,9,9,5,2,0,0,6,0,0,0,0,1,1,6,6,1,51,8,1390,1,7,AUDI A1,7,E01010138,0,-1
2020070750655,2020,070750655,2,9,0,18,19,8,4,0,0,8,0,0,1,0,1,1,2,2,1,30,6,1598,2,3,AUDI A1,2,E01014241,0,-1
2020052000525,2020,052000525,2,9,0,18,19,1,5,0,0,0,0,0,0,0,2,1,6,6,1,17,4,999,1,4,AUDI A1,5,E01006490,0,-1
2020010238703,2020,010238703,2,9,0,18,19,2,7,0,0,1,9,0,0,99,1,9,6,6,2,25,5,1390,1,10,AUDI A1,4,E01016462,0,-1
2020200936950,2020,200936950,1,9,0,18,19,8,4,0,0,0,0,0,0,0,3,1,6,6,2,19,4,1197,1,8,AUDI A1,1,E01009321,0,-1
2020010268421,2020,010268421,3,9,0,12,12,5,1,0,0,1,0,0,0,0,0,9,6,6,3,21,5,999,1,0,AUDI A1,-1,-1,0,-1
2020460994152,2020,460994152,1,9,0,18,19,3,7,0,0,0,0,0,0,0,1,1,5,6,1,22,5,1598,2,6,AUDI A1,4,E01024258,0,-1
2020200947161,2020,200947161,1,9,0,5,5,6,2,0,0,0,0,0,0,0,1,1,1,1,2,59,9,999,1,3,AUDI A1,5,E01008917,0,-1
2020122000881,2020,122000881,1,9,0,1,1,1,5,0,0,0,0,0,0,0,2,1,6,6,1,41,7,999,1,4,AUDI A1,10,E01027675,0,-1
2020010266985,2020,010266985,2,9,0,18,19,3,7,0,0,0,0,0,0,0,0,1,6,6,2,18,4,999,1,0,AUDI A1,3,E01021975,0,-1
2020010268782,2020,010268782,6,9,0,2,2,0,0,0,0,0,0,0,0,0,4,1,6,6,3,-1,-1,1395,1,2,AUDI A1,-1,-1,0,-1
2020430133327,2020,430133327,3,9,0,3,3,2,6,0,0,2,0,0,0,0,1,1,6,6,2,24,5,1390,1,7,AUDI A1,4,E01017902,0,-1
2020010257824,2020,010257824,1,9,0,18,19,3,7,0,0,0,0,0,0,0,1,1,2,2,2,24,5,1598,2,6,AUDI A1,10,E01023229,0,-1
2020010233288,2020,010233288,1,9,0,18,19,7,3,0,0,0,0,0,0,0,2,1,6,6,1,44,7,1395,1,4,AUDI A1,5,E01001189,0,-1
2020070554094,2020,070554094,2,9,0,10,10,7,3,0,0,1,0,0,0,0,2,1,6,6,2,36,7,1598,2,7,AUDI A1,1,E01018738,0,-1
2020201010786,2020,201010786,2,9,0,13,13,2,6,0,0,0,0,0,0,0,2,1,6,6,1,32,6,1390,1,6,AUDI A1,1,E01009372,0,-1
2020010263724,2020,010263724,1,9,0,18,19,1,5,0,0,2,0,0,0,0,4,1,6,6,3,-1,-1,1390,1,6,AUDI A1,-1,-1,0,-1
2020137BA1216,2020,137BA1216,2,9,0,7,7,1,4,0,0,6,0,0,0,0,1,1,6,6,1,40,7,1598,2,3,AUDI A1,2,E01011284,0,-1
2020500968021,2020,500968021,1,9,0,16,19,8,4,0,0,0,0,0,0,0,1,1,5,6,2,21,5,999,1,1,AUDI A1,5,E01002913,0,-1
2020210943950,2020,210943950,2,9,0,3,3,2,8,0,0,1,0,0,0,0,2,1,1,1,2,25,5,1390,1,8,AUDI A1,1,E01029554,0,-1
2020200943630,2020,200943630,1,9,0,4,4,4,8,0,0,1,0,0,0,0,1,1,6,6,1,-1,-1,1395,1,4,AUDI A1,-1,-1,0,-1
2020010264444,2020,010264444,2,9,0,99,99,9,9,99,99,9,9,99,9,99,0,9,6,6,3,-1,-1,999,1,1,AUDI A1,-1,-1,0,-1
2020470982049,2020,470982049,2,9,0,9,9,4,2,0,0,6,0,0,0,0,1,1,5,6,1,26,6,999,1,5,AUDI A1,2,E01007405,0,-1
2020410952604,2020,410952604,3,9,0,18,19,2,8,0,0,1,0,0,0,0,2,1,6,6,3,20,4,1390,1,6,AUDI A1,7,E01023527,0,-1
2020010256021,2020,010256021,1,9,0,18,19,1,5,0,0,1,0,0,0,0,1,1,2,2,2,21,5,1390,1,5,AUDI A1,2,E01003350,0,-1
2020140965898,2020,140965898,2,9,0,11,11,3,7,0,0,0,0,0,0,0,2,1,2,2,2,19,4,1598,2,8,AUDI A1,2,E01007855,0,-1
2020010266093,2020,010266093,5,9,0,2,2,0,0,0,0,1,0,0,0,0,1,1,6,6,3,-1,-1,1390,1,7,AUDI A1,-1,-1,0,-1
2020010237505,2020,010237505,1,9,0,99,99,9,9,0,0,8,9,99,9,99,3,9,6,6,2,22,5,999,1,5,AUDI A1,2,E01003726,0,-1
2020010282038,2020,010282038,2,9,0,99,99,9,9,0,0,4,0,0,0,0,1,9,6,6,3,42,7,999,1,1,AUDI A1,4,E01001174,0,-1
2020522101478,2020,522101478,1,9,0,7,7,3,5,0,0,8,0,0,0,0,1,1,6,6,1,23,5,1598,2,4,AUDI A1,8,E01014797,0,-1
2020010241408,2020,010241408,2,9,0,99,99,9,9,99,99,9,9,99,9,99,1,9,6,6,2,-1,-1,1390,1,7,AUDI A1,7,E01002007,0,-1
2020450941982,2020,450941982,1,9,0,18,19,6,2,0,0,0,0,12,0,0,1,1,5,6,2,21,5,1598,2,8,AUDI A1,7,E01030895,0,-1
2020411020815,2020,411020815,1,9,0,9,9,4,1,0,0,1,0,0,0,0,4,1,6,6,1,49,8,1390,1,6,AUDI A1,10,E01023812,0,-1
2020010248705,2020,010248705,1,9,0,9,9,5,3,0,0,8,0,0,0,0,1,2,6,6,1,20,4,999,1,5,AUDI A1,3,E01002795,0,-1
2020010265981,2020,010265981,2,9,0,99,99,9,9,99,99,9,9,99,9,99,9,9,6,6,3,33,6,1390,1,9,AUDI A1,5,E01004463,0,-1
2020430314945,2020,430314945,1,9,0,18,19,1,5,0,0,0,0,0,0,0,1,1,3,7,2,22,5,1395,1,3,AUDI A1,8,E01016275,0,-1
2020010274549,2020,010274549,1,9,0,15,15,7,3,0,0,0,0,0,0,0,1,1,6,6,1,31,6,1395,1,3,AUDI A1,8,E01021332,0,-1
2020450925846,2020,450925846,1,9,0,2,2,1,5,0,0,2,0,0,0,0,2,1,5,6,2,22,5,1390,1,9,AUDI A1,7,E01003003,0,-1
2020030943558,2020,030943558,1,9,0,5,5,5,1,0,0,2,0,0,0,0,4,1,6,6,2,91,11,999,1,4,AUDI A1,9,E01025133,0,-1
2020010283770,2020,010283770,1,9,0,6,6,1,1,0,0,1,0,0,0,0,3,1,6,6,2,22,5,999,1,4,AUDI A1,2,E01001161,0,-1
2020440103411,2020,440103411,1,9,0,18,19,7,3,0,0,0,0,0,0,0,1,1,6,6,2,19,4,1390,1,9,AUDI A1,7,E01031978,0,-1
2020990999938,2020,990999938,2,9,0,18,19,7,3,0,0,8,0,0,0,0,1,1,5,6,2,38,7,999,1,1,AUDI A1,3,-1,0,-1
2020430186480,2020,430186480,2,9,0,18,19,6,2,0,0,1,0,0,0,0,1,1,6,6,3,-1,-1,1395,1,5,AUDI A1,-1,-1,0,-1
2020010286237,2020,010286237,2,5,0,18,19,7,3,0,0,0,0,0,0,0,1,1,6,6,1,21,5,999,1,11,-1,2,E01001249,0,-1
202063B048820,2020,63B048820,1,5,0,17,19,3,8,0,0,0,0,0,1,10,1,1,6,6,1,52,8,999,1,6,-1,10,W01000858,0,-1
2020451002451,2020,451002451,2,5,0,18,19,3,7,0,0,0,1,0,0,0,4,1,6,6,1,37,7,999,1,8,-1,9,E01031000,0,-1
2020122100166,2020,122100166,1,3,0,17,19,1,5,0,0,0,1,0,1,11,4,1,6,6,1,43,7,125,1,0,BENELLI BN,4,E01027810,0,-1
2020470990214,2020,470990214,2,3,0,18,19,7,3,0,0,8,5,0,0,0,1,1,5,6,1,22,5,125,1,1,BENELLI BN,6,E01021070,0,-1
2020461003213,2020,461003213,1,3,0,18,19,1,5,0,0,2,0,0,0,0,1,1,6,6,1,18,4,125,1,0,BENELLI BN,9,E01016086,0,-1
2020030972144,2020,030972144,1,3,0,4,4,8,4,0,0,0,1,0,0,0,4,1,5,6,1,17,4,125,1,1,BENELLI BN,4,E01019260,0,-1
2020440460289,2020,440460289,1,3,0,18,19,1,5,0,0,8,0,0,0,0,4,1,2,2,1,19,4,125,1,1,BENELLI BN,3,E01017020,0,-1
2020040967133,2020,040967133,2,3,0,15,15,5,1,2,2,1,0,0,0,0,1,1,5,6,1,17,4,125,1,0,BENELLI BN,2,E01025077,0,-1
2020137CI0979,2020,137CI0979,1,4,0,18,19,1,5,0,0,6,1,0,0,0,0,1,1,1,1,24,5,125,1,1,-1,1,E01011491,0,-1
2020122000923,2020,122000923,1,3,0,9,9,7,3,0,0,2,0,0,0,0,1,1,1,1,1,19,4,125,1,2,BENELLI BN,9,E01027898,0,-1
2020360975110,2020,360975110,2,3,0,7,7,3,7,0,0,3,0,0,0,0,3,1,1,1,1,24,5,125,1,1,BENELLI BN,4,E01026846,0,-1
2020122000941,2020,122000941,1,4,0,18,19,1,5,0,0,0,1,0,1,0,0,1,6,6,2,29,6,125,1,0,-1,9,E01027794,0,-1
2020320216224,2020,320216224,1,3,0,18,19,1,5,0,0,0,1,0,0,0,0,1,6,6,1,18,4,125,1,2,BENELLI BN,4,E01026183,0,-1
2020200981957,2020,200981957,1,3,0,18,19,6,2,0,0,2,0,0,0,0,1,1,2,2,1,55,8,125,1,0,BENELLI BN,10,E01009821,0,-1
202006P169243,2020,06P169243,1,4,0,5,5,3,7,0,0,8,0,0,0,0,1,1,6,6,1,20,4,125,1,1,-1,8,E01025375,0,-1
202031C161420,2020,31C161420,2,3,0,18,19,7,3,0,0,8,0,0,0,0,0,1,6,6,1,19,4,125,1,1,BENELLI BN,5,E01028126,0,-1
2020360961052,2020,360961052,2,3,0,18,19,3,7,0,0,2,0,0,0,0,1,1,5,6,1,19,4,125,1,1,BENELLI BN,5,E01026726,0,-1
2020010265923,2020,010265923,3,3,0,18,19,3,7,0,0,8,1,0,7,1,1,1,6,6,1,52,8,120,1,19,-1,5,E01004353,0,-1
2020450989648,2020,450989648,2,3,0,9,9,1,6,0,0,0,1,0,0,0,4,1,2,2,2,69,10,120,1,19,-1,8,E01030654,0,-1
2020211000850,2020,211000850,1,9,0,18,19,6,2,0,0,8,5,0,7,0,1,1,6,6,1,37,7,1500,2,1,-1,5,E01029345,0,-1
202063B067520,2020,63B067520,1,9,0,16,19,5,8,0,0,8,0,0,0,0,3,1,6,6,2,33,6,1560,2,3,-1,5,W01000546,0,-1
2020410935883,2020,410935883,2,8,0,4,4,8,4,0,0,0,0,0,0,0,2,1,1,1,1,66,10,1560,2,2,-1,-1,-1,0,-1
2020100967229,2020,100967229,1,9,0,18,19,3,6,0,0,0,0,0,0,0,1,1,6,6,1,41,7,1500,2,1,-1,2,E01027393,0,-1
2020200933673,2020,200933673,2,9,0,18,19,5,1,0,0,0,0,0,0,0,4,1,6,6,1,69,10,1560,2,1,-1,1,E01009092,0,-1
2020991008631,2020,991008631,2,21,1,18,19,7,4,0,0,3,0,0,0,0,4,1,1,1,1,60,9,-1,2,17,-1,4,-1,0,-1
2020460990253,2020,460990253,2,21,1,18,19,7,3,0,0,0,0,0,0,0,1,1,1,1,1,35,6,9200,2,15,-1,8,E01024011,0,-1
2020302001345,2020,302001345,2,19,0,18,19,1,5,0,0,0,0,0,0,0,2,1,6,6,1,72,10,-1,2,17,-1,4,E01008142,0,-1
2020440418226,2020,440418226,4,19,0,2,2,0,0,0,0,1,0,0,0,0,1,1,6,6,3,-1,-1,1753,2,15,-1,-1,-1,0,-1
2020460921218,2020,460921218,1,19,0,9,9,2,6,0,0,8,0,0,0,0,1,1,5,6,1,22,5,1753,2,14,-1,4,E01016071,0,-1
2020420988202,2020,420988202,2,19,0,18,19,3,7,0,0,0,1,0,0,0,3,1,1,1,1,26,6,1753,2,15,-1,5,E01021393,0,-1
2020160946285,2020,160946285,1,4,0,18,19,3,7,0,0,1,0,0,0,0,1,1,6,6,1,18,4,125,1,1,HONDA WW125,1,E01012880,0,-1
2020010236666,2020,010236666,1,3,0,18,19,3,7,2,2,1,0,0,0,0,1,1,1,1,1,24,5,125,1,1,HONDA WW125,8,E01001392,0,-1
2020010230301,2020,010230301,1,2,0,18,19,7,3,0,0,1,0,0,0,0,1,-1,1,1,1,41,7,125,1,2,HONDA WW125,4,E01002893,0,-1
2020231022130,2020,231022130,2,3,0,3,3,7,3,0,0,1,0,0,0,0,2,1,6,6,1,45,7,125,1,1,HONDA WW125,7,E01031024,0,-1
2020430026818,2020,430026818,2,3,0,18,19,8,4,0,0,8,0,0,0,0,1,1,1,1,1,30,6,125,1,1,HONDA WW125,9,E01016542,0,-1