collision_index,collision_year,collision_ref_no,vehicle_reference,vehicle_type,towing_and_articulation,vehicle_manoeuvre_historic,vehicle_manoeuvre,vehicle_direction_from,vehicle_direction_to,vehicle_location_restricted_lane_historic,vehicle_location_restricted_lane,junction_location,skidding_and_overturning,hit_object_in_carriageway,vehicle_leaving_carriageway,hit_object_off_carriageway,first_point_of_impact,vehicle_left_hand_drive,journey_purpose_of_driver_historic,journey_purpose_of_driver,sex_of_driver,age_of_driver,age_band_of_driver,engine_capacity_cc,propulsion_code,age_of_vehicle,generic_make_model,driver_imd_decile,lsoa_of_driver,escooter_flag,driver_distance_banding
2020522001501,2020,522001501,1,9,0,5,5,7,3,0,0,0,0,0,0,0,1,1,6,6,2,49,8,1248,1,3,HYUNDAI I10,6,E01014633,0,-1
2020522005056,2020,522005056,2,9,0,18,19,5,1,0,0,8,0,0,0,0,1,1,6,6,2,63,9,1248,1,7,HYUNDAI I10,10,E01014873,0,-1
2020400925375,2020,400925375,1,9,0,4,4,3,7,0,0,0,0,0,0,0,2,1,2,2,1,25,5,1248,1,9,HYUNDAI I10,4,E01017567,0,-1
202006E378406,2020,06E378406,1,9,0,9,9,5,3,0,0,8,0,0,0,0,1,1,1,1,1,25,5,998,1,1,HYUNDAI I10,1,-1,0,-1
2020320231100,2020,320231100,1,9,0,18,19,5,1,0,0,1,0,0,0,0,3,1,6,6,2,21,5,998,1,3,HYUNDAI I10,5,E01022334,0,-1
2020200975985,2020,200975985,1,9,0,18,19,6,2,0,0,1,0,0,0,0,1,1,6,6,2,79,11,1248,1,6,HYUNDAI I10,10,E01010191,0,-1
2020010244428,2020,010244428,1,9,0,17,19,3,7,0,0,1,0,7,0,0,1,1,6,6,1,40,7,998,1,2,HYUNDAI I10,2,E01002505,0,-1
2020451011122,2020,451011122,1,9,0,15,15,7,3,0,0,0,1,0,0,0,1,1,2,2,1,38,7,1248,1,10,HYUNDAI I10,8,E01003426,0,-1
2020010277593,2020,010277593,1,9,0,3,3,7,3,0,0,1,0,0,0,0,4,1,6,6,2,70,10,1248,1,7,HYUNDAI I10,7,E01000340,0,-1
2020031002959,2020,031002959,2,9,0,2,2,7,3,0,0,0,0,0,0,0,2,1,6,6,2,46,8,1248,1,8,HYUNDAI I10,7,E01019279,0,-1
2020440090356,2020,440090356,1,9,0,9,9,4,2,0,0,8,0,0,0,0,4,1,6,6,2,71,10,1248,1,11,HYUNDAI I10,4,E01017278,0,-1
2020010274178,2020,010274178,1,9,0,99,99,9,9,99,99,9,9,99,9,99,9,9,6,6,2,24,5,1248,1,0,HYUNDAI I10,7,E01002226,0,-1
2020122000793,2020,122000793,1,9,0,18,19,1,5,0,0,0,1,0,2,10,3,1,6,6,1,21,5,1086,1,12,HYUNDAI I10,8,E01011561,0,-1
2020010244142,2020,010244142,2,9,0,9,9,7,4,0,0,6,0,0,0,0,1,1,6,6,1,26,6,1248,1,9,HYUNDAI I10,2,E01001976,0,-1
2020552000198,2020,552000198,2,9,0,4,4,2,6,0,0,0,0,0,0,0,2,1,6,6,2,64,9,1197,1,0,HYUNDAI I10,7,E01020540,0,-1
2020420984147,2020,420984147,2,9,0,4,4,1,5,0,0,0,0,0,0,0,2,1,5,6,2,27,6,1248,1,10,HYUNDAI I10,7,E01024801,0,-1
2020460992085,2020,460992085,1,9,0,18,19,7,3,0,0,0,2,7,2,0,1,1,5,6,1,22,5,1248,1,11,HYUNDAI I10,2,E01016140,0,-1
2020622000720,2020,622000720,1,9,0,5,5,7,3,0,0,0,0,0,0,0,2,1,1,1,1,21,5,1086,1,12,HYUNDAI I10,2,W01001642,0,-1
2020160914930,2020,160914930,1,9,0,9,9,1,7,0,0,8,0,0,0,0,1,1,5,6,1,24,5,1248,1,11,HYUNDAI I10,6,E01026424,0,-1
2020420977740,2020,420977740,1,9,0,14,14,5,1,0,0,0,0,0,0,0,3,1,6,6,2,-1,-1,1248,1,4,HYUNDAI I10,5,E01015818,0,-1
2020200937223,2020,200937223,2,9,0,18,19,2,6,0,0,8,0,0,0,0,4,1,6,6,2,47,8,1248,1,11,HYUNDAI I10,3,E01010321,0,-1
2020010244708,2020,010244708,2,9,0,4,4,5,1,0,0,1,0,0,0,0,2,1,6,6,1,45,7,1248,1,10,HYUNDAI I10,-1,-1,0,-1
2020520004883,2020,520004883,1,9,0,18,19,1,5,0,0,0,0,0,0,0,1,1,6,6,1,30,6,1248,1,11,HYUNDAI I10,7,E01029164,0,-1
2020522101278,2020,522101278,1,9,0,12,12,6,2,0,0,0,0,0,0,10,1,1,6,6,2,26,6,998,1,5,HYUNDAI I10,5,E01014549,0,-1
2020170L20140,2020,170L20140,2,9,0,4,4,2,6,0,0,1,0,0,0,0,2,1,6,6,2,47,8,1248,1,9,HYUNDAI I10,5,E01012172,0,-1
2020010284730,2020,010284730,1,9,0,18,19,1,5,0,0,0,0,4,0,0,1,1,6,6,1,61,9,1248,1,1,HYUNDAI I10,10,E01000263,0,-1
2020610012720,2020,610012720,1,9,0,18,19,5,1,0,0,2,0,0,0,0,1,1,6,6,1,86,11,1248,1,7,HYUNDAI I10,3,W01001378,0,-1
2020500947323,2020,500947323,1,9,0,9,9,7,5,0,0,6,0,0,0,0,3,1,6,6,2,62,9,1248,1,11,HYUNDAI I10,2,E01020280,0,-1
2020302001567,2020,302001567,1,9,0,18,19,2,6,0,0,0,0,0,0,0,1,1,6,6,3,-1,-1,1248,1,2,HYUNDAI I10,5,E01019456,0,-1
2020990972645,2020,990972645,1,9,0,18,19,4,8,0,0,1,0,0,0,0,1,1,5,6,1,39,7,1248,1,8,HYUNDAI I10,-1,-1,0,-1
2020411020848,2020,411020848,1,9,0,17,19,3,7,0,0,0,5,0,1,0,1,1,2,2,2,24,5,1248,1,7,HYUNDAI I10,9,E01017447,0,-1
2020440284341,2020,440284341,1,9,0,5,5,8,5,0,0,8,0,0,0,0,1,1,2,2,2,57,9,1248,1,9,HYUNDAI I10,1,E01017053,0,-1
2020110961670,2020,110961670,3,9,0,4,4,3,7,0,0,0,0,0,0,0,0,1,5,6,2,18,4,1248,1,3,HYUNDAI I10,2,E01012275,0,-1
2020201021626,2020,201021626,1,9,0,18,19,2,6,0,0,0,0,0,0,0,3,1,6,6,1,30,6,998,1,3,HYUNDAI I10,7,E01009292,0,-1
2020622000390,2020,622000390,1,9,0,16,19,8,4,0,0,0,0,0,0,0,1,1,1,1,1,68,10,1086,1,11,HYUNDAI I10,4,W01001259,0,-1
2020221001179,2020,221001179,1,9,0,18,19,2,6,0,0,8,0,0,0,0,1,1,5,6,2,72,10,1248,1,1,HYUNDAI I10,1,E01032302,0,-1
2020160999307,2020,160999307,1,9,0,18,19,4,7,0,0,1,0,0,7,11,1,1,5,6,2,83,11,1248,1,0,HYUNDAI I10,10,E01013108,0,-1
2020990977188,2020,990977188,1,9,0,4,4,5,1,0,0,0,0,0,0,0,1,1,6,6,2,68,10,998,1,4,HYUNDAI I10,5,-1,0,-1
2020500946762,2020,500946762,1,9,0,18,19,1,5,0,0,0,0,0,0,0,1,1,6,6,1,58,9,1248,1,9,HYUNDAI I10,5,E01015215,0,-1
2020010251672,2020,010251672,2,9,0,18,19,4,8,0,0,7,0,0,0,0,1,1,6,6,1,18,4,1248,1,8,HYUNDAI I10,5,E01003433,0,-1
2020990917057,2020,990917057,1,9,0,7,7,4,6,0,0,6,0,0,0,0,1,1,5,6,2,62,9,1248,1,8,HYUNDAI I10,9,-1,0,-1
202031D038720,2020,31D038720,1,9,0,16,19,1,5,0,0,8,2,0,1,0,1,1,6,6,2,31,6,1086,1,10,HYUNDAI I10,10,E01028215,0,-1
2020070158976,2020,070158976,1,9,0,18,19,1,5,0,0,3,5,0,1,11,4,1,1,1,1,28,6,1248,1,3,HYUNDAI I10,2,E01012457,0,-1
2020500928139,2020,500928139,1,9,0,18,19,5,1,0,0,0,0,0,0,0,4,1,6,6,1,85,11,1248,1,7,HYUNDAI I10,6,E01015264,0,-1
2020340S03292,2020,340S03292,2,9,0,7,7,5,7,0,0,5,0,0,7,1,2,1,6,6,1,59,9,1248,1,7,HYUNDAI I10,6,E01015671,0,-1
2020460942606,2020,460942606,1,9,0,9,9,3,7,0,0,3,0,0,1,0,1,1,6,6,1,87,11,1248,1,10,HYUNDAI I10,10,E01024325,0,-1
2020500946550,2020,500946550,1,9,0,17,19,6,3,0,0,0,0,4,0,0,1,1,5,6,2,90,11,1248,1,3,HYUNDAI I10,8,E01015271,0,-1
202006J166823,2020,06J166823,2,9,0,9,9,5,3,0,0,6,0,0,1,2,3,1,1,1,1,30,6,1248,1,8,HYUNDAI I10,2,E01005226,0,-1
2020010265630,2020,010265630,1,9,0,5,5,5,1,0,0,4,0,0,0,0,1,1,6,6,2,55,8,998,1,3,HYUNDAI I10,4,E01000980,0,-1
202063A041620,2020,63A041620,3,9,0,16,19,5,8,0,0,0,0,0,0,0,0,1,2,2,1,29,6,1248,1,11,HYUNDAI I10,6,W01000689,0,-1
2020040998500,2020,040998500,1,9,0,18,19,5,1,0,0,0,1,0,2,7,1,1,2,2,2,23,5,1248,1,7,HYUNDAI I10,2,E01012630,0,-1
2020371002659,2020,371002659,2,9,0,18,19,3,7,0,0,0,0,0,0,0,2,1,5,6,1,21,5,1248,1,3,HYUNDAI I10,9,E01030196,0,-1
2020200934038,2020,200934038,1,9,0,18,19,2,6,0,0,4,0,0,0,0,3,1,2,2,2,50,8,1248,1,10,HYUNDAI I10,1,E01010080,0,-1
2020450989425,2020,450989425,1,9,0,18,19,1,5,0,0,0,0,0,0,0,1,1,5,6,1,27,6,1248,1,3,HYUNDAI I10,3,E01030354,0,-1
2020010270120,2020,010270120,1,9,0,9,9,6,4,0,0,8,0,0,0,0,3,1,2,2,1,31,6,998,1,5,HYUNDAI I10,2,E01003092,0,-1
2020320619352,2020,320619352,1,9,0,18,19,8,4,0,0,0,0,4,1,0,1,1,6,6,2,80,11,1248,1,11,HYUNDAI I10,1,E01026109,0,-1
2020522100928,2020,522100928,1,9,0,18,19,6,2,0,0,0,1,11,0,6,3,1,6,6,2,20,4,1248,1,11,HYUNDAI I10,5,E01014548,0,-1
2020470932676,2020,470932676,1,9,0,9,9,8,3,0,0,0,0,0,0,0,3,1,6,6,2,44,7,998,1,3,HYUNDAI I10,4,E01016872,0,-1
2020201000715,2020,201000715,1,9,0,5,5,5,4,0,0,6,5,10,1,11,1,1,6,6,1,75,10,1248,1,6,HYUNDAI I10,2,E01009266,0,-1
2020200921691,2020,200921691,1,9,0,18,19,-1,-1,0,0,0,0,0,0,0,1,1,6,6,2,-1,-1,1248,1,8,HYUNDAI I10,-1,-1,0,-1
2020320631728,2020,320631728,3,9,0,7,7,5,7,0,0,2,0,0,0,0,2,1,1,1,2,28,6,998,1,2,HYUNDAI I10,-1,-1,0,-1
2020411002816,2020,411002816,2,9,0,18,19,1,5,0,0,0,0,0,0,0,0,1,5,6,2,86,11,1248,1,9,HYUNDAI I10,10,E01023724,0,-1
2020320124120,2020,320124120,1,9,0,18,19,2,6,0,0,1,0,0,0,0,4,1,6,6,1,60,9,1248,1,9,HYUNDAI I10,4,E01026045,0,-1
2020500996463,2020,500996463,2,9,0,18,19,1,5,0,0,0,0,0,0,0,1,1,5,6,2,68,10,1248,1,7,HYUNDAI I10,3,E01015240,0,-1
2020410984335,2020,410984335,1,9,0,9,9,6,4,0,0,5,0,0,0,0,1,1,5,6,1,71,10,998,1,3,HYUNDAI I10,4,E01023857,0,-1
2020470957205,2020,470957205,1,9,0,6,6,7,7,0,0,0,0,0,0,0,3,1,5,6,2,44,7,998,1,2,HYUNDAI I10,5,E01021074,0,-1
2020440120814,2020,440120814,1,9,0,18,19,7,3,0,0,0,0,0,0,0,1,1,6,6,1,34,6,1248,1,5,HYUNDAI I10,3,E01017051,0,-1
2020137BK1839,2020,137BK1839,2,9,0,18,19,1,5,0,0,4,0,0,0,0,1,1,6,6,2,59,9,1248,1,1,HYUNDAI I10,3,E01010867,0,-1
2020470928254,2020,470928254,1,9,0,9,9,2,8,0,0,8,0,0,0,0,1,1,5,6,2,20,4,1248,1,9,HYUNDAI I10,10,E01023093,0,-1
2020470992677,2020,470992677,1,9,0,17,19,3,8,0,0,0,0,0,2,11,1,1,5,6,2,18,4,998,1,4,HYUNDAI I10,7,E01032717,0,-1
2020430296980,2020,430296980,5,9,0,4,4,8,4,0,0,0,0,0,0,0,2,1,6,6,1,51,8,1248,1,11,HYUNDAI I10,10,E01017751,0,-1
2020140918237,2020,140918237,1,9,0,8,8,4,6,0,0,1,0,0,0,0,2,1,5,6,2,40,7,1248,1,4,HYUNDAI I10,7,E01007605,0,-1
2020010256010,2020,010256010,3,9,9,99,99,9,9,99,99,9,9,99,9,99,9,9,6,6,3,-1,-1,998,1,1,HYUNDAI I10,-1,-1,0,-1
2020360943759,2020,360943759,3,9,0,4,4,5,1,0,0,0,0,0,0,0,2,1,5,6,2,60,9,1248,1,8,HYUNDAI I10,6,E01026446,0,-1
2020440493866,2020,440493866,1,9,0,2,2,0,0,0,0,0,0,0,0,0,1,1,6,6,2,77,11,998,1,6,HYUNDAI I10,1,E01022967,0,-1
2020470968874,2020,470968874,1,9,0,18,19,4,8,0,0,1,0,0,1,2,1,1,5,6,2,26,6,1248,1,5,HYUNDAI I10,6,E01031352,0,-1
2020990953597,2020,990953597,2,9,0,18,19,1,5,0,0,1,0,0,0,0,1,1,6,6,2,73,10,1248,1,2,HYUNDAI I10,6,-1,0,-1
2020160969142,2020,160969142,1,9,0,16,19,1,5,0,0,0,5,0,7,0,1,1,5,6,1,56,9,1248,1,9,HYUNDAI I10,-1,-1,0,-1
2020332000244,2020,332000244,1,9,0,9,9,1,7,0,0,5,0,0,0,0,1,1,6,6,2,66,10,1248,1,9,HYUNDAI I10,1,E01013604,0,-1
2020041004157,2020,041004157,2,9,0,4,4,5,1,0,0,1,0,0,0,0,4,1,5,6,2,37,7,1248,1,8,HYUNDAI I10,3,E01025138,0,-1
2020010249442,2020,010249442,2,9,0,10,10,1,7,0,0,8,0,0,0,0,1,1,6,6,1,27,6,998,1,2,HYUNDAI I10,-1,-1,0,-1
2020450980787,2020,450980787,1,9,0,18,19,5,1,0,0,0,0,0,0,0,1,1,5,6,2,18,4,1248,1,11,HYUNDAI I10,-1,-1,0,-1
2020010274429,2020,010274429,1,9,0,18,19,3,7,0,0,0,0,0,0,0,1,1,6,6,1,87,11,1248,1,8,HYUNDAI I10,7,E01002228,0,-1
202031A024520,2020,31A024520,2,9,0,4,4,8,4,0,0,1,0,0,0,0,2,1,6,6,2,-1,-1,1248,1,9,HYUNDAI I10,4,E01027960,0,-1
2020052001049,2020,052001049,1,9,0,18,19,5,1,0,0,8,0,0,0,0,3,1,6,6,2,22,5,998,1,2,HYUNDAI I10,5,E01029645,0,-1
2020040988863,2020,040988863,1,9,0,16,19,3,5,0,0,0,5,0,7,0,3,1,5,6,1,30,6,1248,1,8,HYUNDAI I10,5,E01025580,0,-1
2020160990515,2020,160990515,1,9,0,1,1,7,3,0,0,2,0,0,0,0,3,1,6,6,1,48,8,1248,1,9,HYUNDAI I10,10,E01033495,0,-1
2020052002080,2020,052002080,2,9,0,3,3,3,7,0,0,0,0,0,0,0,2,1,6,6,2,21,5,1248,1,10,HYUNDAI I10,9,E01007081,0,-1
2020460922232,2020,460922232,1,9,0,18,19,5,1,0,0,3,0,0,0,0,3,1,6,6,2,-1,-1,1248,1,6,HYUNDAI I10,8,E01024004,0,-1
2020030960861,2020,030960861,1,9,0,15,15,7,5,0,0,0,0,0,0,0,1,1,5,6,2,80,11,1248,1,9,HYUNDAI I10,2,E01019115,0,-1
2020622000695,2020,622000695,1,9,0,18,19,6,2,0,0,1,0,0,0,0,1,1,6,6,2,70,10,998,1,4,HYUNDAI I10,10,W01001112,0,-1
2020460949927,2020,460949927,1,9,0,18,19,5,1,0,0,0,0,0,0,0,3,1,6,6,1,-1,-1,998,1,2,HYUNDAI I10,10,E01024811,0,-1
2020990963795,2020,990963795,1,9,0,9,9,3,1,0,0,2,0,0,0,0,1,1,5,6,1,62,9,998,1,5,HYUNDAI I10,1,-1,0,-1
2020622000098,2020,622000098,2,9,0,3,3,2,6,0,0,0,0,0,0,0,2,1,6,6,1,29,6,1248,1,8,HYUNDAI I10,1,W01000991,0,-1
2020420925683,2020,420925683,1,9,0,16,19,1,5,0,0,0,0,0,0,0,1,1,6,6,2,84,11,1086,1,10,HYUNDAI I10,6,E01021733,0,-1
2020231011567,2020,231011567,1,9,0,18,19,6,2,0,0,0,0,0,7,4,1,1,5,6,1,70,10,1248,1,4,HYUNDAI I10,9,E01031268,0,-1
202006L274820,2020,06L274820,1,9,0,4,4,6,2,0,0,2,0,0,0,0,1,1,6,6,2,28,6,1248,1,8,HYUNDAI I10,-1,-1,0,-1
2020010243505,2020,010243505,1,9,0,18,19,4,8,9,9,1,0,4,0,0,1,1,6,6,1,28,6,1248,1,10,HYUNDAI I10,-1,-1,0,-1
2020302001637,2020,302001637,1,9,0,13,13,8,4,0,0,8,0,0,0,0,1,1,6,6,1,24,5,1248,1,6,HYUNDAI I10,2,E01019542,0,-1
2020430041763,2020,430041763,2,9,0,3,3,9,9,0,0,1,0,0,0,0,2,1,6,6,1,59,9,998,1,3,HYUNDAI I10,7,E01023351,0,-1
2020140951232,2020,140951232,1,9,0,18,19,1,8,0,0,6,0,0,8,11,1,1,5,6,2,86,11,1248,1,1,HYUNDAI I10,3,E01007637,0,-1
2020530971921,2020,530971921,2,9,0,18,19,3,7,0,0,0,0,0,0,0,1,1,6,6,2,59,9,1248,1,8,HYUNDAI I10,6,E01022374,0,-1
2020610012420,2020,610012420,1,9,0,18,19,4,8,0,0,0,0,0,0,0,1,1,6,6,2,44,7,1248,1,11,HYUNDAI I10,9,W01001588,0,-1
20201375U0592,2020,1375U0592,1,9,0,7,7,3,2,0,0,8,0,0,0,0,1,1,6,6,1,95,11,1248,1,7,HYUNDAI I10,1,E01010666,0,-1
2020220936558,2020,220936558,2,9,0,12,12,2,6,0,0,0,0,0,0,0,2,1,2,2,2,44,7,1086,1,11,HYUNDAI I10,6,E01022263,0,-1
2020470944657,2020,470944657,1,9,0,18,19,2,6,0,0,8,0,0,1,10,1,1,2,2,2,42,7,998,1,5,HYUNDAI I10,3,E01020913,0,-1
2020370940950,2020,370940950,3,9,0,2,2,0,0,6,6,0,0,0,0,0,3,1,5,6,2,50,8,998,1,4,HYUNDAI I10,10,E01030195,0,-1
2020420930469,2020,420930469,1,9,0,16,19,4,8,0,0,0,0,0,0,0,1,1,5,6,1,26,6,1086,1,12,HYUNDAI I10,9,E01022073,0,-1
2020010264804,2020,010264804,2,9,0,3,3,3,7,0,0,1,0,0,0,0,2,1,6,6,2,43,7,1248,1,10,HYUNDAI I10,2,E01009022,0,-1
2020500922399,2020,500922399,1,9,0,10,10,1,5,0,0,8,0,0,0,0,4,1,5,6,1,51,8,1248,1,7,HYUNDAI I10,6,E01020161,0,-1
2020070583212,2020,070583212,1,9,0,18,19,2,6,0,0,0,0,0,0,0,4,1,6,6,1,91,11,1248,1,6,HYUNDAI I10,8,E01018424,0,-1
2020420960302,2020,420960302,2,9,0,8,8,1,3,0,0,8,0,0,0,0,1,1,5,6,2,67,10,1248,1,9,HYUNDAI I10,8,E01015970,0,-1
202031A153120,2020,31A153120,1,9,0,18,19,3,7,0,0,0,0,0,1,2,1,1,6,6,1,53,8,1248,1,4,HYUNDAI I10,3,E01027927,0,-1
2020010266441,2020,010266441,1,9,0,4,4,8,4,0,0,0,0,0,0,0,2,1,6,6,2,48,8,1248,1,2,HYUNDAI I10,5,E01003284,0,-1
2020010249040,2020,010249040,1,9,0,9,9,3,1,0,0,8,0,0,0,0,1,1,6,6,1,22,5,998,1,6,HYUNDAI I10,9,E01017558,0,-1
2020220930280,2020,220930280,1,9,0,18,19,3,7,0,0,0,0,4,0,0,1,1,5,6,1,87,11,1248,1,3,HYUNDAI I10,8,E01032223,0,-1
2020610026420,2020,610026420,1,9,0,7,7,6,8,0,0,0,0,0,0,11,1,1,6,6,2,27,6,1248,1,7,HYUNDAI I10,3,W01001338,0,-1
202063B015920,2020,63B015920,1,9,0,18,19,2,6,0,0,0,2,0,8,10,1,1,6,6,1,25,5,1248,1,10,HYUNDAI I10,7,W01000513,0,-1
2020990973615,2020,990973615,1,9,0,18,19,3,7,0,0,0,0,0,0,0,1,1,5,6,1,15,3,998,1,4,HYUNDAI I10,3,-1,0,-1
2020500974014,2020,500974014,1,9,0,17,19,5,1,0,0,1,2,0,1,11,1,1,2,2,1,47,8,1248,1,7,HYUNDAI I10,4,E01019071,0,-1
20201379E1532,2020,1379E1532,2,9,0,9,9,4,2,0,0,1,0,0,0,0,4,1,6,6,2,70,10,998,1,3,HYUNDAI I10,6,E01010882,0,-1
2020302000675,2020,302000675,1,9,0,18,19,5,1,0,0,0,0,0,0,0,2,1,6,6,2,-1,-1,998,1,4,HYUNDAI I10,9,E01019762,0,-1
2020010252997,2020,010252997,2,9,0,99,99,9,9,99,99,9,9,99,9,99,1,9,6,6,3,-1,-1,1248,1,10,HYUNDAI I10,-1,-1,0,-1
2020500956279,2020,500956279,2,9,0,17,19,2,6,0,0,0,0,0,0,0,1,1,5,6,2,75,10,998,1,4,HYUNDAI I10,6,E01020160,0,-1
2020340W03612,2020,340W03612,2,9,0,2,2,0,0,0,0,0,0,0,0,0,2,1,6,6,3,-1,-1,1248,1,11,HYUNDAI I10,-1,-1,0,-1
2020100982596,2020,100982596,2,9,0,3,3,7,3,0,0,0,1,0,0,0,2,1,5,6,2,19,4,998,1,1,HYUNDAI I10,-1,-1,0,-1
202031D026620,2020,31D026620,2,9,0,8,8,4,8,0,0,1,0,0,0,0,2,1,6,6,2,67,10,1248,1,7,HYUNDAI I10,5,E01033413,0,-1
2020450957008,2020,450957008,1,9,0,2,2,0,0,0,0,0,0,0,0,0,2,1,5,6,2,80,11,1248,1,11,HYUNDAI I10,8,E01030840,0,-1
202006K169792,2020,06K169792,3,9,0,18,19,3,7,0,0,2,0,0,0,0,1,1,6,6,2,53,8,1248,1,4,HYUNDAI I10,5,E01004923,0,-1
2020010239378,2020,010239378,2,9,9,99,99,9,9,99,99,1,9,99,9,99,9,1,6,6,2,-1,-1,1248,1,2,HYUNDAI I10,10,E01000280,0,-1
202031B113320,2020,31B113320,1,9,0,14,14,5,1,0,0,0,0,4,0,0,4,1,6,6,2,70,10,1248,1,3,HYUNDAI I10,6,E01028308,0,-1
202006E267877,2020,06E267877,1,9,0,7,7,7,1,0,0,6,0,0,0,0,4,1,6,6,1,26,6,998,1,2,HYUNDAI I10,4,E01005896,0,-1
2020210957624,2020,210957624,2,9,0,3,3,8,4,0,0,0,0,0,0,0,2,1,6,6,1,64,9,998,1,5,HYUNDAI I10,1,E01014246,0,-1
2020170M10160,2020,170M10160,2,9,0,18,19,8,4,0,0,0,0,0,0,0,1,1,6,6,2,55,8,1248,1,9,HYUNDAI I10,3,E01011991,0,-1
2020100923406,2020,100923406,1,9,0,18,19,7,3,0,0,0,0,0,0,0,1,1,5,6,2,65,9,1248,1,8,HYUNDAI I10,7,E01008342,0,-1
2020420990670,2020,420990670,2,9,0,4,4,1,5,0,0,0,0,0,0,0,2,1,5,6,2,23,5,1248,1,4,HYUNDAI I10,3,E01002243,0,-1
2020160921885,2020,160921885,1,9,0,10,10,6,2,0,0,1,1,0,0,0,3,1,5,6,2,68,10,1248,1,7,HYUNDAI I10,4,E01012929,0,-1
2020470926202,2020,470926202,1,9,0,18,19,2,6,0,0,0,0,0,0,0,1,1,6,6,2,69,10,1248,1,10,HYUNDAI I10,8,E01031667,0,-1
2020052001499,2020,052001499,1,9,0,18,19,3,1,0,0,0,0,7,7,0,1,1,6,6,1,89,11,1248,1,11,HYUNDAI I10,7,E01006424,0,-1
2020040925714,2020,040925714,1,9,0,12,12,8,4,0,0,0,1,0,0,0,4,1,5,6,1,84,11,1248,1,6,HYUNDAI I10,4,E01025198,0,-1
2020140922524,2020,140922524,2,9,0,8,8,5,7,0,0,1,0,0,0,0,2,1,6,6,1,81,11,1248,1,8,HYUNDAI I10,9,E01019778,0,-1
2020170M11890,2020,170M11890,1,9,0,18,19,1,5,0,0,0,0,0,0,0,3,1,6,6,2,59,9,1248,1,9,HYUNDAI I10,-1,-1,0,-1
2020470930304,2020,470930304,1,9,0,5,5,5,3,9,9,6,0,0,0,0,4,1,6,6,2,50,8,1248,1,5,HYUNDAI I10,6,E01031468,0,-1
2020432003856,2020,432003856,1,9,0,18,19,9,9,0,0,1,0,0,0,0,1,1,6,6,1,-1,-1,1248,1,6,HYUNDAI I10,-1,-1,0,-1
2020040983389,2020,040983389,1,9,0,18,19,3,7,6,6,0,0,0,1,2,1,1,5,6,1,18,4,998,1,1,HYUNDAI I10,1,E01033224,0,-1
2020010265390,2020,010265390,1,9,0,18,19,3,7,0,0,1,0,0,0,0,1,1,6,6,2,22,5,1248,1,11,HYUNDAI I10,7,E01000764,0,-1
2020530922801,2020,530922801,1,9,0,18,19,1,5,0,0,3,0,0,0,0,1,1,6,6,2,46,8,998,1,2,HYUNDAI I10,4,E01032397,0,-1
2020440479298,2020,440479298,1,9,0,9,9,8,6,0,0,6,0,0,0,0,1,1,6,6,1,84,11,1248,1,4,HYUNDAI I10,9,E01023036,0,-1
2020100920489,2020,100920489,1,9,0,18,19,5,1,0,0,0,2,0,1,0,1,1,3,7,2,32,6,1248,1,9,HYUNDAI I10,4,E01008308,0,-1
2020520003702,2020,520003702,2,9,0,18,19,1,5,0,0,8,0,0,0,0,1,1,6,6,1,17,4,1086,1,12,HYUNDAI I10,4,E01029187,0,-1
2020320276750,2020,320276750,1,9,0,18,19,5,1,0,0,0,5,0,1,10,4,2,6,6,2,20,4,1248,1,10,HYUNDAI I10,10,E01026233,0,-1
2020160980849,2020,160980849,2,9,0,2,2,0,0,0,0,0,0,0,0,0,2,1,6,6,3,-1,-1,1248,1,9,HYUNDAI I10,-1,-1,0,-1
2020440054309,2020,440054309,2,9,0,7,7,5,7,0,0,8,0,0,0,0,1,1,6,6,1,-1,-1,1248,1,5,HYUNDAI I10,-1,-1,0,-1
2020460991889,2020,460991889,1,9,0,5,5,3,7,0,0,0,0,0,0,0,1,1,6,6,1,75,10,998,1,4,HYUNDAI I10,6,E01023986,0,-1
2020460990721,2020,460990721,2,9,0,3,3,8,3,0,0,0,0,0,0,0,2,1,6,6,1,81,11,1248,1,4,HYUNDAI I10,9,E01024808,0,-1
2020440496759,2020,440496759,2,9,0,18,19,1,5,0,0,8,0,0,0,0,1,1,6,6,2,74,10,1248,1,9,HYUNDAI I10,10,E01023244,0,-1
202031C153720,2020,31C153720,1,9,0,18,19,5,1,0,0,0,1,0,0,0,1,1,6,6,2,30,6,1248,1,8,HYUNDAI I10,6,E01011704,0,-1
2020010256855,2020,010256855,1,9,0,99,99,9,9,99,99,0,9,99,9,99,2,9,6,6,1,27,6,998,1,1,HYUNDAI I10,9,E01027066,0,-1
2020351002678,2020,351002678,1,9,0,18,19,7,2,0,0,0,0,0,3,6,1,1,5,6,2,43,7,1248,1,11,HYUNDAI I10,1,E01015597,0,-1
2020200981084,2020,200981084,3,9,0,2,2,0,0,9,9,0,0,0,0,0,3,1,5,6,2,-1,-1,998,1,6,HYUNDAI I10,5,E01010468,0,-1
2020100959678,2020,100959678,2,9,0,15,15,7,3,0,0,0,0,0,0,0,4,1,5,6,2,34,6,998,1,3,HYUNDAI I10,7,E01008190,0,-1
2020522004411,2020,522004411,1,9,0,18,19,7,3,0,0,0,0,4,1,11,1,1,6,6,1,36,7,1248,1,4,HYUNDAI I10,7,E01014494,0,-1