collision_index,collision_year,collision_ref_no,vehicle_reference,vehicle_type,towing_and_articulation,vehicle_manoeuvre_historic,vehicle_manoeuvre,vehicle_direction_from,vehicle_direction_to,vehicle_location_restricted_lane_historic,vehicle_location_restricted_lane,junction_location,skidding_and_overturning,hit_object_in_carriageway,vehicle_leaving_carriageway,hit_object_off_carriageway,first_point_of_impact,vehicle_left_hand_drive,journey_purpose_of_driver_historic,journey_purpose_of_driver,sex_of_driver,age_of_driver,age_band_of_driver,engine_capacity_cc,propulsion_code,age_of_vehicle,generic_make_model,driver_imd_decile,lsoa_of_driver,escooter_flag,driver_distance_banding
2020990952999,2020,990952999,1,9,0,4,4,7,3,0,0,0,0,0,0,0,1,1,6,6,2,51,8,998,1,3,HYUNDAI I10,3,-1,0,-1
2020160973923,2020,160973923,1,9,0,9,9,1,7,0,0,6,0,0,0,0,1,1,5,6,2,82,11,1248,1,5,HYUNDAI I10,10,E01013093,0,-1
2020010274942,2020,010274942,1,9,9,99,99,9,9,99,99,9,9,99,9,99,9,9,6,6,1,-1,-1,1248,1,10,HYUNDAI I10,5,E01002446,0,-1
2020501005068,2020,501005068,1,9,0,18,19,1,5,0,0,0,2,0,7,9,1,1,5,6,2,41,7,1248,1,10,HYUNDAI I10,8,E01018822,0,-1
2020010271802,2020,010271802,2,9,0,99,99,9,9,99,99,9,9,99,9,99,1,9,6,6,3,-1,-1,1248,1,4,HYUNDAI I10,3,E01001264,0,-1
2020137860253,2020,137860253,1,9,0,9,9,6,4,0,0,8,0,0,0,0,4,1,6,6,2,79,11,1248,1,4,HYUNDAI I10,5,E01011766,0,-1
2020622000410,2020,622000410,2,9,0,18,19,8,4,0,0,1,0,0,0,0,1,1,6,6,2,28,6,998,1,5,HYUNDAI I10,7,W01001108,0,-1
2020170L30412,2020,170L30412,1,9,0,18,19,6,2,0,0,0,5,0,1,9,4,1,6,6,2,46,8,1248,1,9,HYUNDAI I10,3,E01012109,0,-1
2020010247517,2020,010247517,1,9,0,9,9,2,1,4,4,1,0,0,0,0,1,1,6,6,2,57,9,1248,1,1,HYUNDAI I10,2,E01004230,0,-1
2020122000547,2020,122000547,1,9,0,5,5,1,5,0,0,4,0,0,0,0,3,1,2,2,2,62,9,998,1,2,HYUNDAI I10,8,E01027895,0,-1
2020470940694,2020,470940694,2,9,0,4,4,7,3,0,0,4,0,0,0,0,2,1,6,6,2,42,7,998,1,5,HYUNDAI I10,3,E01020913,0,-1
2020220959148,2020,220959148,2,9,0,18,19,5,1,0,0,0,1,0,0,0,1,1,5,6,1,79,11,1248,1,7,HYUNDAI I10,6,E01029571,0,-1
2020122000747,2020,122000747,1,9,0,18,19,5,1,0,0,0,0,0,0,0,3,1,6,6,1,24,5,1248,1,8,HYUNDAI I10,8,E01013348,0,-1
2020010272571,2020,010272571,1,9,0,4,4,7,3,0,0,0,0,0,0,0,1,1,6,6,2,48,8,1248,1,1,HYUNDAI I10,2,E01000739,0,-1
2020470932370,2020,470932370,1,9,0,16,19,2,5,0,0,0,0,0,0,0,1,1,1,1,1,44,7,1248,1,10,HYUNDAI I10,4,E01021127,0,-1
2020200950732,2020,200950732,1,9,0,18,19,8,4,0,0,0,0,10,1,11,3,1,6,6,1,29,6,1248,1,2,HYUNDAI I10,5,E01009712,0,-1
2020622000169,2020,622000169,1,9,0,18,19,2,6,0,0,0,0,10,4,6,1,1,6,6,2,83,11,998,1,3,HYUNDAI I10,4,W01000882,0,-1
2020110915213,2020,110915213,1,9,0,18,19,5,1,0,0,2,0,0,0,0,1,1,6,6,2,55,8,1248,1,9,HYUNDAI I10,6,E01028080,0,-1
2020501001426,2020,501001426,1,9,0,9,9,1,7,0,0,5,0,0,0,0,4,1,5,6,2,66,10,1248,1,2,HYUNDAI I10,6,E01019912,0,-1
2020500981190,2020,500981190,1,9,0,7,7,3,1,0,0,1,0,0,0,0,3,1,6,6,2,19,4,1248,1,8,HYUNDAI I10,3,E01015161,0,-1
2020552100069,2020,552100069,1,9,0,9,9,3,1,0,0,2,0,0,0,0,4,1,2,2,1,23,5,1248,1,10,HYUNDAI I10,6,E01015336,0,-1
2020991001395,2020,991001395,1,9,0,6,6,7,3,0,0,7,0,0,0,0,1,1,5,6,2,78,11,1248,1,11,HYUNDAI I10,5,-1,0,-1
2020137BP0818,2020,137BP0818,1,9,0,18,19,6,2,0,0,0,0,0,0,0,1,1,6,6,2,85,11,998,1,4,HYUNDAI I10,6,E01010970,0,-1
2020471002235,2020,471002235,1,9,0,18,19,1,5,0,0,1,1,0,7,2,1,1,6,6,1,85,11,1248,1,7,HYUNDAI I10,8,E01031382,0,-1
2020231012315,2020,231012315,1,9,0,18,19,2,6,0,0,0,0,0,1,0,1,1,2,2,2,54,8,998,1,1,HYUNDAI I10,9,E01031235,0,-1
2020440306218,2020,440306218,2,9,0,4,4,4,8,0,0,0,0,0,0,0,2,1,6,6,2,19,4,998,1,3,HYUNDAI I10,5,E01017045,0,-1
2020440493078,2020,440493078,2,9,0,3,3,6,2,0,0,0,0,0,0,0,4,1,3,7,2,20,4,1248,1,1,HYUNDAI I10,3,E01022803,0,-1
2020400994206,2020,400994206,3,9,0,2,2,0,0,0,0,2,0,0,0,0,1,1,6,6,3,-1,-1,1248,1,4,HYUNDAI I10,-1,-1,0,-1
2020220979248,2020,220979248,2,9,0,9,9,6,4,0,0,6,0,0,0,0,3,1,5,6,1,46,8,998,1,3,HYUNDAI I10,7,E01028925,0,-1
2020440227867,2020,440227867,1,9,0,9,9,1,5,0,0,8,0,0,0,0,1,1,6,6,3,-1,-1,1248,1,5,HYUNDAI I10,-1,-1,0,-1
2020522100248,2020,522100248,4,9,0,2,2,0,0,0,0,1,0,0,0,0,1,1,6,6,3,-1,-1,998,1,2,HYUNDAI I10,-1,-1,0,-1
2020430173273,2020,430173273,2,9,0,18,19,6,2,0,0,8,0,0,0,0,1,1,2,2,1,26,6,998,1,1,HYUNDAI I10,10,E01016628,0,-1
202006L168219,2020,06L168219,1,9,0,18,19,5,1,0,0,8,0,0,0,0,1,1,6,6,2,44,7,1086,1,12,HYUNDAI I10,1,E01006392,0,-1
2020360945456,2020,360945456,2,9,0,18,19,1,5,0,0,0,0,0,0,0,1,1,5,6,1,59,9,1248,1,3,HYUNDAI I10,5,E01026766,0,-1
2020460932442,2020,460932442,1,9,0,7,7,2,4,0,0,1,0,0,0,0,1,1,5,6,2,24,5,1248,1,8,HYUNDAI I10,9,E01009469,0,-1
2020070780086,2020,070780086,1,9,0,17,19,5,1,0,0,0,5,0,0,0,3,1,1,1,1,22,5,1086,1,12,HYUNDAI I10,8,E01005810,0,-1
202063D087020,2020,63D087020,1,9,0,18,19,4,8,0,0,0,5,0,2,10,4,1,6,6,2,55,8,1248,1,8,HYUNDAI I10,4,W01001899,0,-1
202063C077520,2020,63C077520,1,9,0,9,9,5,2,0,0,6,0,0,0,0,3,1,1,1,2,84,11,1248,1,5,HYUNDAI I10,8,W01000609,0,-1
2020552000317,2020,552000317,1,9,0,5,5,1,5,0,0,0,0,0,0,0,1,1,3,7,2,49,8,1248,1,5,HYUNDAI I10,10,E01020401,0,-1
2020430440180,2020,430440180,2,9,0,18,19,7,3,0,0,1,1,0,0,0,1,1,6,6,2,45,7,998,1,2,HYUNDAI I10,4,E01016727,0,-1
2020220984422,2020,220984422,2,9,0,18,19,1,5,0,0,8,0,0,0,0,1,1,5,6,2,79,11,1248,1,5,HYUNDAI I10,9,E01009914,0,-1
2020230939127,2020,230939127,1,9,0,5,5,2,5,0,0,4,0,0,0,0,1,1,5,6,2,65,9,998,1,5,HYUNDAI I10,8,E01031252,0,-1
2020010253275,2020,010253275,1,9,0,18,19,7,3,0,0,1,0,0,0,0,1,1,6,6,2,50,8,1248,1,4,HYUNDAI I10,2,E01004349,0,-1
2020070244976,2020,070244976,1,9,0,18,19,4,8,0,0,1,0,0,0,0,3,1,6,6,2,50,8,998,1,4,HYUNDAI I10,7,E01018708,0,-1
2020461011121,2020,461011121,1,9,0,12,12,8,4,0,0,1,0,0,0,0,4,1,6,6,1,43,7,1248,1,6,HYUNDAI I10,3,E01016038,0,-1
20201379N0970,2020,1379N0970,1,9,0,18,19,5,1,0,0,0,0,0,0,0,1,1,6,6,1,-1,-1,998,1,2,HYUNDAI I10,-1,-1,0,-1
2020470982978,2020,470982978,1,9,0,18,19,1,5,0,0,8,0,0,0,0,3,1,5,6,2,76,11,1248,1,11,HYUNDAI I10,6,E01031831,0,-1
2020010264837,2020,010264837,2,9,9,99,99,9,9,99,99,1,9,99,9,99,1,1,6,6,3,-1,-1,998,1,4,HYUNDAI I10,-1,-1,0,-1
2020100918077,2020,100918077,1,9,0,9,9,6,3,0,0,8,0,0,0,0,1,1,6,6,2,35,6,1248,1,8,HYUNDAI I10,9,E01008184,0,-1
2020530982471,2020,530982471,1,9,0,18,19,3,7,0,0,0,5,0,1,4,1,1,5,6,2,75,10,1248,1,11,HYUNDAI I10,4,E01014951,0,-1
20201378U0799,2020,1378U0799,2,9,0,18,19,7,3,0,0,8,0,0,0,0,1,1,6,6,1,40,7,1248,1,10,HYUNDAI I10,1,E01011725,0,-1
2020500944267,2020,500944267,2,9,0,18,19,6,2,0,0,8,0,0,0,0,1,1,1,1,2,55,8,1248,1,8,HYUNDAI I10,3,E01019034,0,-1
2020430189837,2020,430189837,1,9,0,16,19,1,3,0,0,7,1,0,1,0,1,1,6,6,2,18,4,1248,1,4,HYUNDAI I10,9,E01031000,0,-1
2020340N08352,2020,340N08352,2,9,0,4,4,1,5,0,0,8,0,0,0,0,2,1,2,2,2,32,6,1248,1,6,HYUNDAI I10,2,E01027241,0,-1
2020040938294,2020,040938294,1,9,0,18,19,3,7,0,0,0,0,0,0,0,1,1,5,6,2,65,9,1248,1,1,HYUNDAI I10,8,E01012597,0,-1
2020522004538,2020,522004538,3,9,0,3,3,7,4,0,0,8,0,0,0,0,3,1,6,6,1,52,8,1248,1,11,HYUNDAI I10,8,E01014894,0,-1
2020470984200,2020,470984200,1,9,0,17,19,3,7,0,0,1,0,0,1,3,1,1,5,6,2,22,5,998,1,4,HYUNDAI I10,4,E01021013,0,-1
2020040994110,2020,040994110,2,9,0,9,9,1,7,0,0,8,0,0,0,0,1,1,5,6,1,25,5,998,1,6,HYUNDAI I10,1,E01025590,0,-1
2020470985509,2020,470985509,1,9,0,7,7,5,7,0,0,5,0,0,0,0,4,1,5,6,2,74,10,1248,1,2,HYUNDAI I10,6,E01031801,0,-1
2020430181340,2020,430181340,2,9,0,18,19,4,8,0,0,0,0,0,0,0,4,1,6,6,1,24,5,998,1,2,HYUNDAI I10,5,E01030786,0,-1
2020070079401,2020,070079401,2,9,0,14,14,0,0,0,0,0,0,0,0,0,1,1,6,6,2,75,10,998,1,5,HYUNDAI I10,4,E01018309,0,-1
2020220924205,2020,220924205,1,9,0,12,12,5,1,0,0,0,0,0,0,0,1,1,5,6,1,20,4,1248,1,7,HYUNDAI I10,7,E01028827,0,-1
2020548852820,2020,548852820,2,9,0,18,19,3,7,0,0,0,0,0,0,0,1,1,1,1,1,23,5,1248,1,8,HYUNDAI I10,5,E01017055,0,-1
2020471010266,2020,471010266,2,9,0,18,19,7,3,0,0,0,0,0,0,0,1,1,5,6,1,73,10,1248,1,3,HYUNDAI I10,1,E01021005,0,-1
2020010250299,2020,010250299,1,9,0,18,19,5,1,0,0,8,0,0,0,0,1,1,6,6,2,28,6,1248,1,2,HYUNDAI I10,3,E01004453,0,-1
2020010246476,2020,010246476,2,9,0,9,9,4,2,0,0,1,0,0,0,0,0,1,1,1,1,30,6,1248,1,10,HYUNDAI I10,3,E01003235,0,-1
2020500975235,2020,500975235,2,9,0,18,19,1,5,0,0,1,0,0,0,0,1,1,6,6,1,29,6,998,1,1,HYUNDAI I10,6,E01020145,0,-1
2020010254472,2020,010254472,2,9,0,99,99,9,9,99,99,9,9,99,9,99,1,9,6,6,3,-1,-1,1248,1,1,HYUNDAI I10,-1,-1,0,-1
2020440312529,2020,440312529,1,9,0,9,9,7,5,0,0,1,0,0,0,0,1,1,6,6,1,22,5,1248,1,5,HYUNDAI I10,6,E01022960,0,-1
2020450963687,2020,450963687,1,9,0,16,19,6,2,0,0,0,0,0,6,2,1,1,2,2,2,27,6,1248,1,8,HYUNDAI I10,3,E01030354,0,-1
2020440234756,2020,440234756,1,9,0,4,4,1,5,0,0,0,0,0,0,0,1,1,6,6,2,79,11,1248,1,7,HYUNDAI I10,4,E01023192,0,-1
2020110925306,2020,110925306,3,9,0,16,19,3,7,0,0,0,0,0,0,0,3,1,6,6,1,32,6,1248,1,10,HYUNDAI I10,5,E01020723,0,-1
2020010229875,2020,010229875,2,9,0,18,19,1,5,0,0,3,0,0,0,0,4,1,2,2,1,51,8,1248,1,11,HYUNDAI I10,7,E01001343,0,-1
2020990923878,2020,990923878,1,9,0,18,19,2,6,0,0,0,0,0,0,0,1,1,5,6,2,43,7,1248,1,2,HYUNDAI I10,5,-1,0,-1
2020100961011,2020,100961011,2,9,0,3,3,1,5,0,0,1,0,0,0,0,2,1,5,6,2,22,5,1248,1,2,HYUNDAI I10,2,E01008253,0,-1
2020010264869,2020,010264869,2,9,0,18,19,5,1,0,0,8,2,0,0,0,4,1,6,6,2,21,5,1248,1,10,HYUNDAI I10,3,E01032730,0,-1
2020010284910,2020,010284910,1,9,0,18,19,3,7,0,0,4,0,0,0,0,3,2,6,6,1,19,4,998,1,2,HYUNDAI I10,8,E01000646,0,-1
2020302000811,2020,302000811,2,9,0,17,19,5,1,0,0,0,5,0,0,0,1,1,2,2,2,44,7,998,1,1,HYUNDAI I10,9,E01013559,0,-1
2020420984135,2020,420984135,2,9,0,3,3,5,1,0,0,2,0,0,0,0,2,1,1,1,1,59,9,998,1,3,HYUNDAI I10,9,E01022013,0,-1
2020470918788,2020,470918788,2,9,0,18,19,5,1,0,0,0,2,0,0,0,1,1,2,2,2,39,7,1248,1,6,HYUNDAI I10,4,E01021006,0,-1
2020430089443,2020,430089443,3,9,0,18,19,2,6,0,0,8,0,0,0,0,3,1,6,6,1,42,7,1248,1,8,HYUNDAI I10,10,E01016660,0,-1
2020990963763,2020,990963763,1,9,0,6,6,7,7,0,0,0,0,0,0,0,3,1,6,6,2,63,9,998,1,2,HYUNDAI I10,7,-1,0,-1
2020522004633,2020,522004633,1,9,0,17,19,2,6,0,0,0,0,0,0,0,3,1,6,6,2,67,10,1248,1,7,HYUNDAI I10,-1,-1,0,-1
2020622000121,2020,622000121,2,9,0,17,19,8,6,0,0,0,0,0,0,0,3,1,6,6,1,59,9,1248,1,8,HYUNDAI I10,4,W01001957,0,-1
2020140952896,2020,140952896,1,9,0,7,7,6,8,0,0,5,0,0,0,0,4,1,1,1,1,30,6,1248,1,11,HYUNDAI I10,2,E01008109,0,-1
2020211008871,2020,211008871,2,9,0,4,4,1,5,0,0,3,0,0,0,0,2,1,6,6,2,60,9,998,1,5,HYUNDAI I10,6,E01029461,0,-1
2020010285078,2020,010285078,2,9,0,99,99,9,9,99,99,6,9,99,9,99,9,9,6,6,3,-1,-1,1248,1,7,HYUNDAI I10,2,E01003168,0,-1
2020400926934,2020,400926934,3,9,0,18,19,5,1,0,0,8,0,0,0,0,1,1,6,6,2,19,4,998,1,2,HYUNDAI I10,5,E01015748,0,-1
2020320306934,2020,320306934,2,9,0,18,19,4,6,0,0,8,0,0,0,0,1,1,6,6,1,77,11,998,1,2,HYUNDAI I10,8,E01026138,0,-1
2020470944230,2020,470944230,1,9,0,7,7,8,3,0,0,1,0,0,0,0,2,1,5,6,2,44,7,998,1,1,HYUNDAI I10,9,E01016924,0,-1
202006K268478,2020,06K268478,1,9,0,18,19,1,5,0,0,0,0,0,0,0,1,1,6,6,2,30,6,998,1,5,HYUNDAI I10,-1,-1,0,-1
2020200938379,2020,200938379,1,9,0,18,19,8,4,0,0,2,0,0,0,0,1,1,6,6,1,58,9,998,1,1,HYUNDAI I10,1,E01009309,0,-1
2020010252837,2020,010252837,1,9,0,16,19,1,5,0,0,0,0,0,0,0,1,1,6,6,2,20,4,998,1,6,HYUNDAI I10,-1,-1,0,-1
2020610013720,2020,610013720,2,9,0,18,19,1,5,0,0,0,0,0,0,0,1,1,6,6,2,49,8,998,1,2,HYUNDAI I10,10,W01001636,0,-1
2020440052825,2020,440052825,2,9,0,18,19,4,8,0,0,8,0,0,0,0,1,1,6,6,2,73,10,1248,1,8,HYUNDAI I10,9,E01017064,0,-1
2020070495245,2020,070495245,1,9,0,9,9,4,1,0,0,6,0,0,0,0,3,1,6,6,2,19,4,1248,1,3,HYUNDAI I10,7,E01018360,0,-1
2020010274034,2020,010274034,2,9,0,2,2,0,0,9,9,8,0,0,0,0,1,1,6,6,3,-1,-1,1248,1,1,HYUNDAI I10,-1,-1,0,-1
2020010250998,2020,010250998,3,9,9,2,2,0,0,99,99,9,9,99,9,99,9,9,-1,-1,3,-1,-1,1248,1,6,HYUNDAI I10,-1,-1,0,-1
2020460943224,2020,460943224,1,9,0,12,12,4,8,0,0,6,0,0,0,0,4,1,5,6,1,72,10,1248,1,4,HYUNDAI I10,5,E01024638,0,-1
2020990991827,2020,990991827,1,9,0,2,2,0,0,0,0,1,0,0,0,0,4,1,6,6,2,77,11,1248,1,10,HYUNDAI I10,8,-1,0,-1
2020010243483,2020,010243483,1,9,0,7,7,5,7,0,0,1,0,0,0,0,0,1,6,6,1,33,6,998,1,1,HYUNDAI I10,5,E01003855,0,-1
2020410988091,2020,410988091,1,9,0,5,5,2,4,0,0,0,0,0,1,3,1,1,6,6,2,22,5,998,1,4,HYUNDAI I10,10,E01023566,0,-1
2020990972825,2020,990972825,2,9,0,9,9,3,1,0,0,0,0,0,0,0,3,1,6,6,2,42,7,998,1,1,HYUNDAI I10,2,-1,0,-1
2020160983697,2020,160983697,1,9,0,4,4,1,5,0,0,8,0,0,0,0,1,1,6,6,1,75,10,1248,1,7,HYUNDAI I10,5,E01012930,0,-1
2020522100539,2020,522100539,1,9,0,16,19,1,3,0,0,3,0,0,0,0,1,1,6,6,2,24,5,1248,1,10,HYUNDAI I10,8,W01000704,0,-1
2020141010589,2020,141010589,1,9,0,18,19,3,7,9,9,1,0,0,0,0,3,1,3,7,1,37,7,1248,1,10,HYUNDAI I10,3,E01008068,0,-1
2020990926166,2020,990926166,1,9,0,18,19,3,7,0,0,3,1,0,7,11,1,1,5,6,1,55,8,1248,1,3,HYUNDAI I10,1,-1,0,-1
2020137C11025,2020,137C11025,1,9,0,18,19,6,3,0,0,8,0,0,7,2,1,1,6,6,2,86,11,1248,1,9,HYUNDAI I10,8,E01011929,0,-1
2020460965316,2020,460965316,2,9,0,12,12,1,5,0,0,0,0,4,0,0,1,1,2,2,1,57,9,1248,1,11,HYUNDAI I10,1,E01024580,0,-1
2020460986248,2020,460986248,2,9,0,8,8,5,1,0,0,1,0,0,0,0,2,1,2,2,2,21,5,1248,1,10,HYUNDAI I10,7,E01016170,0,-1
2020100938192,2020,100938192,1,9,0,3,3,1,5,0,0,0,0,0,0,0,1,1,6,6,1,68,10,1248,1,9,HYUNDAI I10,3,E01008637,0,-1
2020440190503,2020,440190503,2,9,0,18,19,2,6,0,0,7,0,0,1,2,1,1,6,6,1,31,6,998,1,2,HYUNDAI I10,6,E01017204,0,-1
2020622000239,2020,622000239,1,9,0,18,19,2,6,0,0,0,0,0,0,0,4,1,6,6,2,36,7,1086,1,11,HYUNDAI I10,4,W01001061,0,-1
202006XQ71281,2020,06XQ71281,2,21,0,18,19,4,8,0,0,0,5,0,1,7,2,1,1,1,1,28,6,-1,-1,-1,-1,1,E01004996,0,-1
2020470953359,2020,470953359,1,5,0,18,19,8,4,0,0,8,1,0,0,0,3,1,5,6,1,59,9,1352,1,12,-1,5,E01003156,0,-1
2020340S05652,2020,340S05652,2,5,0,18,19,3,7,0,0,0,0,11,2,7,1,1,6,6,1,51,8,1352,1,11,-1,9,E01016735,0,-1
2020320351658,2020,320351658,1,5,0,18,19,1,5,0,0,0,0,0,0,0,0,1,6,6,1,36,7,1352,1,13,-1,6,E01026344,0,-1
2020200929980,2020,200929980,2,5,0,18,19,8,4,0,0,8,0,0,0,0,4,1,1,1,1,58,9,1352,1,10,-1,1,E01009123,0,-1
2020610016620,2020,610016620,1,3,0,12,12,5,6,0,0,7,0,0,0,0,4,1,6,6,1,19,4,124,1,7,-1,4,W01001610,0,-1
2020221001716,2020,221001716,1,3,0,18,19,2,6,0,0,0,1,0,0,0,1,1,5,6,1,31,6,124,1,7,-1,6,E01022260,0,-1
2020990979949,2020,990979949,1,3,0,4,4,7,3,0,0,1,0,0,0,0,4,1,5,6,1,17,4,124,1,6,-1,1,-1,0,-1
2020420963752,2020,420963752,1,3,0,18,19,2,6,0,0,0,0,0,0,0,3,1,5,6,1,18,4,124,1,8,-1,9,E01021386,0,-1
2020140944903,2020,140944903,1,3,0,13,13,1,5,0,0,0,2,0,7,11,1,1,6,6,1,36,7,124,1,8,-1,1,E01007547,0,-1
2020161008707,2020,161008707,2,3,0,18,19,2,6,0,0,8,0,0,0,0,4,1,5,6,1,31,6,124,1,6,-1,1,E01012836,0,-1
2020470974736,2020,470974736,1,3,0,18,19,3,7,0,0,1,0,0,0,0,1,1,5,6,1,16,4,124,1,6,-1,3,E01031569,0,-1
2020070225163,2020,070225163,1,3,0,18,19,1,5,0,0,8,0,0,0,0,1,1,6,6,1,18,4,124,1,6,-1,4,E01018637,0,-1
2020140937287,2020,140937287,1,3,0,17,19,8,4,0,0,0,0,0,0,0,0,1,5,6,2,22,5,124,1,1,-1,1,E01007320,0,-1
2020140944037,2020,140944037,1,3,0,13,13,7,3,0,0,0,5,0,0,0,1,1,5,6,1,36,7,124,1,3,-1,6,E01007613,0,-1
2020010284833,2020,010284833,2,3,0,9,9,5,3,0,0,8,0,0,0,0,1,1,6,6,1,34,6,124,1,1,-1,4,E01004142,0,-1
2020010280848,2020,010280848,1,3,0,17,19,3,7,0,0,1,0,0,0,0,1,1,2,2,1,27,6,124,1,3,-1,-1,-1,0,-1
2020500995722,2020,500995722,5,3,0,2,2,0,0,0,0,0,0,0,0,0,4,1,5,6,1,23,5,124,1,16,-1,2,E01020018,0,-1
2020370984081,2020,370984081,1,3,0,18,19,8,4,0,0,1,0,0,0,0,1,1,5,6,1,25,5,124,1,13,-1,4,E01030022,0,-1
202031C072320,2020,31C072320,2,9,0,10,10,8,6,0,0,8,0,0,0,0,2,1,6,6,2,67,10,1397,1,10,PEUGEOT 207,7,E01013892,0,-1
2020041003166,2020,041003166,1,9,0,18,19,1,5,0,0,0,0,0,2,2,1,1,5,6,2,32,6,1360,1,14,PEUGEOT 207,1,E01012655,0,-1
2020010256917,2020,010256917,1,9,0,2,2,0,0,0,0,0,0,0,0,0,2,1,6,6,3,-1,-1,1398,2,13,PEUGEOT 207,-1,-1,0,-1
2020010285557,2020,010285557,2,9,0,99,99,9,9,99,99,0,9,99,9,99,2,9,6,6,3,-1,-1,1398,2,12,PEUGEOT 207,-1,-1,0,-1
202006J171072,2020,06J171072,2,9,0,18,19,3,7,0,0,8,0,0,0,0,1,1,6,6,1,61,9,1397,1,10,PEUGEOT 207,9,E01005903,0,-1
2020140952464,2020,140952464,1,9,0,9,9,1,6,0,0,8,0,0,0,0,1,2,6,6,1,18,4,1560,2,13,PEUGEOT 207,1,E01007874,0,-1
2020320068827,2020,320068827,1,9,0,17,19,4,8,0,0,0,0,0,2,10,1,1,2,2,2,24,5,1360,1,11,PEUGEOT 207,8,E01026223,0,-1
2020500921847,2020,500921847,1,9,0,18,19,4,8,0,0,0,1,0,0,0,1,1,6,6,1,34,6,1360,1,8,PEUGEOT 207,5,E01018853,0,-1
2020990957792,2020,990957792,1,9,0,18,19,7,3,0,0,0,0,0,0,0,1,1,5,6,2,25,5,1560,2,12,PEUGEOT 207,-1,-1,0,-1
2020470982368,2020,470982368,3,9,0,3,3,1,4,0,0,2,0,0,0,0,2,1,5,6,1,67,10,1360,1,11,PEUGEOT 207,10,E01024824,0,-1
2020990939770,2020,990939770,1,9,0,16,19,6,2,0,0,0,2,0,1,4,1,1,5,6,1,19,4,1360,1,13,PEUGEOT 207,6,-1,0,-1
2020200989773,2020,200989773,1,9,0,9,9,6,4,0,0,5,0,0,0,0,3,1,6,6,1,19,4,1360,1,12,PEUGEOT 207,1,E01009637,0,-1
2020137A80559,2020,137A80559,1,9,0,18,19,8,4,0,0,0,1,0,1,2,1,1,6,6,1,25,5,1360,1,14,PEUGEOT 207,1,E01011431,0,-1
2020302000538,2020,302000538,2,9,0,2,2,0,0,0,0,0,0,0,0,0,4,1,6,6,3,-1,-1,1398,2,12,PEUGEOT 207,-1,-1,0,-1
2020461005255,2020,461005255,2,9,0,9,9,7,3,0,0,4,0,0,0,0,4,1,5,6,1,19,4,1360,1,11,PEUGEOT 207,2,E01016159,0,-1
2020460916772,2020,460916772,1,9,0,18,19,5,1,0,0,0,1,0,1,0,4,1,5,6,1,35,6,1360,1,12,PEUGEOT 207,6,E01024807,0,-1
2020500988928,2020,500988928,2,9,0,18,19,7,3,0,0,1,0,0,0,0,3,1,5,6,2,42,7,1560,2,12,PEUGEOT 207,4,E01018969,0,-1
2020470941434,2020,470941434,1,9,0,5,5,8,5,0,0,6,0,0,1,0,4,1,5,6,1,19,4,1360,1,14,PEUGEOT 207,10,E01021219,0,-1
2020302000569,2020,302000569,1,9,0,5,5,7,3,0,0,6,0,0,0,0,3,1,1,1,2,18,4,1360,1,10,PEUGEOT 207,5,E01019827,0,-1
2020010272827,2020,010272827,1,9,9,18,19,4,8,99,99,2,9,99,0,0,4,1,6,6,2,30,6,1360,1,9,PEUGEOT 207,9,E01003810,0,-1
2020231013507,2020,231013507,1,9,0,18,19,4,8,0,0,8,1,0,1,4,1,1,5,6,1,36,7,1360,1,14,PEUGEOT 207,3,E01031264,0,-1
2020302001508,2020,302001508,1,9,0,4,4,1,5,0,0,0,0,0,0,0,1,1,6,6,2,33,6,1360,1,13,PEUGEOT 207,2,E01013512,0,-1
20201379S1597,2020,1379S1597,1,9,0,9,9,7,3,0,0,1,0,0,0,0,4,1,6,6,1,79,11,1560,2,10,PEUGEOT 207,5,E01011749,0,-1
2020031009329,2020,031009329,2,9,0,17,19,4,8,0,0,2,1,-1,1,0,2,1,6,6,1,40,7,1397,1,12,PEUGEOT 207,1,E01019112,0,-1
2020350986031,2020,350986031,1,9,0,9,9,7,3,9,9,0,1,10,1,1,1,1,6,6,1,23,5,1560,2,11,PEUGEOT 207,5,E01018212,0,-1
2020500946845,2020,500946845,3,9,0,2,2,0,0,0,0,0,0,0,0,0,3,1,5,6,1,43,7,1397,1,9,PEUGEOT 207,2,E01018984,0,-1
2020470959071,2020,470959071,2,9,0,9,9,2,8,0,0,8,0,0,0,0,1,1,5,6,1,24,5,1560,2,13,PEUGEOT 207,7,E01016917,0,-1
2020470995607,2020,470995607,1,9,0,7,7,8,2,0,0,3,0,0,0,0,1,1,5,6,1,80,11,1560,2,10,PEUGEOT 207,6,E01031792,0,-1
2020010248589,2020,010248589,2,9,0,99,99,9,9,0,0,1,9,0,0,99,1,9,6,6,1,-1,-1,1598,1,12,PEUGEOT 207,-1,-1,0,-1
2020052000357,2020,052000357,1,9,0,18,19,2,6,0,0,0,0,0,0,0,3,1,6,6,2,51,8,1360,1,9,PEUGEOT 207,9,E01006367,0,-1
2020360955998,2020,360955998,1,9,0,16,19,7,3,0,0,0,0,0,0,0,0,1,1,1,1,21,5,1560,2,12,PEUGEOT 207,4,E01026787,0,-1