collision_index,collision_year,collision_ref_no,vehicle_reference,vehicle_type,towing_and_articulation,vehicle_manoeuvre_historic,vehicle_manoeuvre,vehicle_direction_from,vehicle_direction_to,vehicle_location_restricted_lane_historic,vehicle_location_restricted_lane,junction_location,skidding_and_overturning,hit_object_in_carriageway,vehicle_leaving_carriageway,hit_object_off_carriageway,first_point_of_impact,vehicle_left_hand_drive,journey_purpose_of_driver_historic,journey_purpose_of_driver,sex_of_driver,age_of_driver,age_band_of_driver,engine_capacity_cc,propulsion_code,age_of_vehicle,generic_make_model,driver_imd_decile,lsoa_of_driver,escooter_flag,driver_distance_banding
2020470953482,2020,470953482,1,9,0,18,19,8,4,0,0,1,5,10,1,1,1,1,5,6,1,28,6,1397,1,11,PEUGEOT 207,9,E01031742,0,-1
202031D077620,2020,31D077620,2,9,0,9,9,7,5,0,0,8,0,0,0,0,3,1,6,6,2,60,9,1360,1,9,PEUGEOT 207,2,E01013858,0,-1
2020200996653,2020,200996653,2,9,0,18,19,-1,-1,0,0,6,0,0,0,0,4,1,1,1,1,36,7,1360,1,13,PEUGEOT 207,1,E01010401,0,-1
2020200972301,2020,200972301,3,9,0,18,19,1,5,0,0,0,0,0,0,0,2,1,6,6,1,53,8,1587,1,13,PEUGEOT 207,3,E01009199,0,-1
2020010278005,2020,010278005,2,9,0,99,99,9,9,0,0,8,0,0,0,0,2,1,6,6,2,37,7,1598,1,13,PEUGEOT 207,8,E01030592,0,-1
2020500938482,2020,500938482,1,9,0,18,19,3,7,0,0,1,0,0,0,0,1,1,5,6,2,80,11,1360,1,12,PEUGEOT 207,8,E01020107,0,-1
2020160954473,2020,160954473,1,9,0,18,19,4,8,0,0,4,0,0,0,0,1,1,6,6,2,48,8,1360,1,9,PEUGEOT 207,5,E01012824,0,-1
2020460990444,2020,460990444,2,9,0,3,3,8,4,0,0,1,0,0,0,0,2,1,5,6,1,27,6,1360,1,13,PEUGEOT 207,7,E01024801,0,-1
2020420977812,2020,420977812,2,9,0,3,3,4,8,0,0,0,0,0,0,0,3,1,5,6,2,50,8,1360,1,13,PEUGEOT 207,7,E01021538,0,-1
2020201018348,2020,201018348,2,9,0,18,19,1,4,0,0,3,0,0,0,0,4,1,6,6,1,60,9,1560,2,9,PEUGEOT 207,10,E01031155,0,-1
2020400995825,2020,400995825,1,9,0,17,19,5,1,0,0,1,0,0,7,4,1,1,6,6,1,18,4,1397,1,12,PEUGEOT 207,3,E01017562,0,-1
2020070342586,2020,070342586,2,9,0,18,19,2,6,0,0,0,0,0,0,0,0,1,2,2,1,56,9,1397,1,11,PEUGEOT 207,8,E01018465,0,-1
2020470986669,2020,470986669,1,9,0,18,19,8,4,0,0,2,0,0,0,0,3,1,6,6,1,28,6,1360,1,14,PEUGEOT 207,3,E01031783,0,-1
2020460974680,2020,460974680,2,9,0,18,19,3,4,0,0,0,0,0,0,0,3,1,5,6,2,56,9,1397,1,10,PEUGEOT 207,9,E01024299,0,-1
2020430417738,2020,430417738,1,9,0,2,2,0,0,0,0,1,0,0,0,0,2,1,6,6,3,-1,-1,1360,1,9,PEUGEOT 207,-1,-1,0,-1
2020470965931,2020,470965931,2,9,0,9,9,3,1,0,0,0,0,0,0,0,2,1,5,6,2,43,7,1598,1,13,PEUGEOT 207,3,E01016881,0,-1
2020220922419,2020,220922419,1,9,0,18,19,2,6,0,0,0,0,0,0,0,1,1,5,6,1,37,7,1398,2,9,PEUGEOT 207,5,E01001201,0,-1
2020622100004,2020,622100004,1,9,0,9,9,5,3,0,0,1,0,0,0,0,1,1,2,2,1,70,10,1398,2,11,PEUGEOT 207,2,W01001192,0,-1
2020500975619,2020,500975619,1,9,0,18,19,1,5,0,0,8,0,0,0,0,3,1,6,6,1,29,6,1560,2,12,PEUGEOT 207,6,E01019893,0,-1
2020010266284,2020,010266284,1,9,0,99,99,9,9,99,99,9,9,99,9,99,1,9,6,6,3,-1,-1,1598,1,13,PEUGEOT 207,-1,-1,0,-1
2020140939703,2020,140939703,1,9,0,5,5,1,1,0,0,0,0,0,0,0,4,1,6,6,2,58,9,1598,1,10,PEUGEOT 207,4,E01007821,0,-1
2020500977671,2020,500977671,1,9,0,9,9,3,7,0,0,0,0,0,0,0,1,1,6,6,2,18,4,1360,1,9,PEUGEOT 207,7,E01020245,0,-1
2020110922475,2020,110922475,2,9,0,18,19,7,3,0,0,8,0,0,0,0,4,1,6,6,2,20,4,1360,1,12,PEUGEOT 207,3,E01020616,0,-1
2020010273457,2020,010273457,2,9,0,99,99,9,9,99,99,9,9,99,9,99,1,9,6,6,3,-1,-1,1360,1,11,PEUGEOT 207,10,E01021780,0,-1
2020522004184,2020,522004184,1,9,0,18,19,3,7,0,0,4,0,0,1,10,1,1,6,6,1,17,4,1360,1,8,PEUGEOT 207,5,E01014426,0,-1
2020340N00552,2020,340N00552,2,9,0,18,19,8,4,0,0,0,1,0,0,0,2,1,2,2,2,54,8,1360,1,14,PEUGEOT 207,8,E01032975,0,-1
2020361000214,2020,361000214,1,9,0,18,19,5,1,0,0,1,0,0,0,0,1,1,6,6,1,29,6,1360,1,13,PEUGEOT 207,-1,-1,0,-1
2020610027920,2020,610027920,1,9,0,18,19,5,1,0,0,2,1,0,0,0,4,1,6,6,1,18,4,1398,2,11,PEUGEOT 207,8,W01001569,0,-1
2020990949111,2020,990949111,1,9,0,17,19,6,2,0,0,1,1,7,6,0,3,1,6,6,1,25,5,1398,2,10,PEUGEOT 207,4,-1,0,-1
2020122001305,2020,122001305,3,9,0,18,19,5,1,0,0,0,1,0,0,0,2,1,6,6,2,94,11,1560,2,7,PEUGEOT 207,8,E01033185,0,-1
2020420939863,2020,420939863,1,9,0,11,11,5,3,0,0,0,1,0,0,0,1,1,6,6,2,39,7,1360,1,11,PEUGEOT 207,5,E01002682,0,-1
2020200991504,2020,200991504,2,9,0,18,19,6,2,0,0,1,0,0,0,0,1,1,6,6,1,22,5,1360,1,12,PEUGEOT 207,4,E01033634,0,-1
2020030946267,2020,030946267,1,9,0,18,19,3,1,0,0,0,0,0,0,0,2,1,5,6,1,88,11,1360,1,14,PEUGEOT 207,7,E01019104,0,-1
2020010235643,2020,010235643,1,9,0,4,4,3,7,0,0,0,0,0,0,0,1,1,6,6,1,23,5,1587,1,13,PEUGEOT 207,5,E01003495,0,-1
2020230987885,2020,230987885,1,9,0,1,1,3,7,0,0,6,0,0,0,0,4,1,5,6,2,50,8,1598,1,13,PEUGEOT 207,4,E01031005,0,-1
2020990963944,2020,990963944,2,9,0,16,19,5,1,0,0,1,0,0,0,0,1,1,5,6,1,51,8,1397,1,12,PEUGEOT 207,4,-1,0,-1
2020010277246,2020,010277246,2,9,0,18,19,5,1,0,0,1,0,0,1,0,1,1,6,6,1,22,5,1360,1,11,PEUGEOT 207,5,E01003642,0,-1
202006F178101,2020,06F178101,2,9,0,9,9,2,8,0,0,8,0,0,0,0,1,1,6,6,2,52,8,1360,7,12,PEUGEOT 207,1,E01033220,0,-1
2020610019720,2020,610019720,1,9,5,10,10,4,2,0,0,1,0,0,0,0,1,1,6,6,1,90,11,1360,1,13,PEUGEOT 207,1,W01001364,0,-1
2020990995182,2020,990995182,2,9,0,18,19,3,7,0,0,1,0,0,0,0,4,1,5,6,1,58,9,1397,1,7,PEUGEOT 207,2,-1,0,-1
202031C092120,2020,31C092120,1,9,0,9,9,2,8,0,0,6,0,0,0,0,1,1,6,6,2,66,10,1598,1,6,PEUGEOT 207,4,E01013889,0,-1
2020201006700,2020,201006700,1,9,0,18,19,-1,-1,0,0,0,0,0,0,0,4,1,6,6,2,36,7,1397,1,12,PEUGEOT 207,10,E01032886,0,-1
2020010231659,2020,010231659,1,9,0,18,19,1,5,0,0,4,0,10,1,0,4,1,6,6,2,31,6,1398,2,12,PEUGEOT 207,5,E01002456,0,-1
2020010273089,2020,010273089,2,9,0,14,14,1,5,0,0,0,0,4,0,0,1,1,6,6,1,27,6,1560,2,9,PEUGEOT 207,5,E01004076,0,-1
2020210949144,2020,210949144,1,9,0,9,9,4,1,0,0,8,0,0,0,0,3,1,6,6,2,27,6,1360,1,10,PEUGEOT 207,2,E01014339,0,-1
2020010267291,2020,010267291,1,9,0,99,99,9,9,99,99,4,9,0,0,0,4,9,6,6,2,24,5,1360,1,13,PEUGEOT 207,7,E01024576,0,-1
2020040952708,2020,040952708,1,9,0,18,19,1,5,0,0,1,0,0,0,0,1,1,5,6,1,30,6,1360,1,14,PEUGEOT 207,2,E01025305,0,-1
2020990949480,2020,990949480,2,9,0,18,19,4,8,0,0,0,0,0,0,0,0,1,5,6,1,85,11,1560,2,9,PEUGEOT 207,8,-1,0,-1
2020122100096,2020,122100096,1,9,0,18,19,3,7,0,0,0,1,4,0,0,1,1,6,6,2,36,7,1360,1,14,PEUGEOT 207,3,E01025196,0,-1
2020230919861,2020,230919861,2,9,0,17,19,6,3,0,0,0,0,0,0,0,1,1,5,6,2,84,11,1360,1,11,PEUGEOT 207,6,E01031153,0,-1
2020460925512,2020,460925512,1,9,0,5,5,1,6,0,0,3,0,0,0,0,1,1,6,6,1,23,5,1397,1,12,PEUGEOT 207,1,E01024305,0,-1
2020500988989,2020,500988989,1,9,0,14,14,1,5,0,0,8,0,0,0,0,1,1,5,6,1,50,8,1560,2,10,PEUGEOT 207,4,E01020328,0,-1
2020530994744,2020,530994744,1,9,0,18,19,5,1,0,0,0,0,0,1,4,1,1,5,6,1,51,8,1598,1,9,PEUGEOT 207,-1,-1,0,-1
2020360957827,2020,360957827,1,9,0,9,9,1,6,0,0,2,0,0,0,0,1,1,5,6,1,82,11,1560,2,13,PEUGEOT 207,4,E01026713,0,-1
2020450934332,2020,450934332,1,9,0,18,19,1,5,0,0,0,0,0,0,0,4,1,6,6,1,30,6,1398,2,13,PEUGEOT 207,8,E01000659,0,-1
2020552001184,2020,552001184,1,9,0,9,9,1,7,0,0,6,0,0,0,0,2,1,6,6,1,94,11,1397,1,11,PEUGEOT 207,7,E01015272,0,-1
2020990976560,2020,990976560,1,9,0,18,19,4,8,0,0,0,0,0,0,0,1,1,6,6,1,23,5,1598,1,9,PEUGEOT 207,10,-1,0,-1
2020991004075,2020,991004075,1,9,0,18,19,5,1,0,0,1,0,0,0,0,4,1,2,2,1,34,6,1560,2,12,PEUGEOT 207,9,-1,0,-1
2020010269691,2020,010269691,1,9,0,99,99,9,9,99,99,9,9,99,9,99,9,9,6,6,1,20,4,1360,1,9,PEUGEOT 207,6,E01023723,0,-1
2020302001316,2020,302001316,2,9,0,18,19,6,2,0,0,4,0,0,0,0,3,1,6,6,2,36,7,1598,1,8,PEUGEOT 207,3,E01019657,0,-1
2020101000404,2020,101000404,1,9,0,13,13,1,5,0,0,0,0,0,0,0,4,1,6,6,1,71,10,1598,1,12,PEUGEOT 207,-1,-1,0,-1
2020430014432,2020,430014432,1,9,0,4,4,1,5,0,0,1,0,0,0,0,2,1,2,2,2,36,7,1360,1,9,PEUGEOT 207,9,E01017716,0,-1
2020200973112,2020,200973112,2,9,0,13,13,4,8,0,0,8,0,0,0,0,4,1,6,6,3,-1,-1,1560,2,12,PEUGEOT 207,-1,-1,0,-1
20201375L0811,2020,1375L0811,1,9,0,18,19,3,7,0,0,0,0,0,0,0,1,1,6,6,2,90,11,1360,1,11,PEUGEOT 207,-1,-1,0,-1
2020470970691,2020,470970691,1,9,0,18,19,8,4,0,0,0,0,0,0,0,1,1,6,6,1,-1,-1,1397,1,10,PEUGEOT 207,-1,-1,0,-1
2020230943776,2020,230943776,1,9,0,18,19,8,4,0,0,0,0,0,0,0,2,1,5,6,1,44,7,1598,1,12,PEUGEOT 207,3,E01031321,0,-1
2020430364235,2020,430364235,1,9,0,18,19,7,3,0,0,0,1,0,1,9,1,1,6,6,1,83,11,1360,1,9,PEUGEOT 207,1,E01016743,0,-1
2020430032034,2020,430032034,1,9,0,9,9,4,2,0,0,8,0,0,0,0,1,1,1,1,1,29,6,1560,2,14,PEUGEOT 207,10,E01022898,0,-1
2020010243636,2020,010243636,2,9,0,99,99,9,9,99,99,9,9,99,9,99,1,9,6,6,3,-1,-1,1360,1,13,PEUGEOT 207,-1,-1,0,-1
2020530974339,2020,530974339,1,9,0,18,19,3,7,0,0,0,0,0,7,10,1,1,6,6,2,25,5,1360,1,8,PEUGEOT 207,8,E01022163,0,-1
2020500975651,2020,500975651,1,9,0,5,5,1,5,0,0,1,0,0,0,0,1,1,6,6,1,18,4,1398,2,13,PEUGEOT 207,8,E01020089,0,-1
2020040998937,2020,040998937,1,9,0,17,19,7,3,0,0,0,2,0,7,11,3,1,5,6,1,57,9,1398,2,10,PEUGEOT 207,3,E01012662,0,-1
2020010231036,2020,010231036,1,9,0,3,3,3,7,0,0,4,0,0,0,0,3,1,6,6,1,82,11,1360,1,14,PEUGEOT 207,4,E01002594,0,-1
2020400964465,2020,400964465,1,9,0,18,19,5,1,0,0,1,0,0,7,1,1,1,5,6,1,24,5,1360,1,13,PEUGEOT 207,8,E01017465,0,-1
2020420971085,2020,420971085,2,9,0,18,19,3,7,0,0,8,1,10,2,0,4,1,2,2,2,46,8,1598,1,12,PEUGEOT 207,5,E01021838,0,-1
2020470915446,2020,470915446,1,9,0,18,19,2,6,0,0,8,0,7,0,0,1,1,6,6,2,76,11,1360,1,13,PEUGEOT 207,10,E01031718,0,-1
2020548589220,2020,548589220,2,9,0,4,4,6,2,0,0,1,0,0,0,0,2,1,6,6,2,59,9,1560,2,11,PEUGEOT 207,3,E01015543,0,-1
2020100927897,2020,100927897,2,9,0,18,19,6,2,0,0,0,0,0,0,0,3,1,5,6,2,44,7,1360,1,12,PEUGEOT 207,-1,-1,0,-1
2020520004924,2020,520004924,1,9,0,18,19,6,2,0,0,8,0,0,0,0,1,1,6,6,2,54,8,1560,2,13,PEUGEOT 207,4,E01029232,0,-1
202031C130720,2020,31C130720,1,9,0,18,19,6,2,0,0,8,0,0,0,0,4,1,3,7,2,34,6,1360,1,8,PEUGEOT 207,5,E01013913,0,-1
2020420925830,2020,420925830,1,9,0,18,19,5,1,0,0,0,0,0,7,0,1,1,5,6,1,81,11,1398,2,9,PEUGEOT 207,6,E01021430,0,-1
2020137CK1604,2020,137CK1604,1,9,0,18,19,6,2,0,0,0,1,0,7,11,2,1,6,6,3,-1,-1,1360,1,12,PEUGEOT 207,-1,-1,0,-1
20201375M1816,2020,1375M1816,2,9,0,18,19,8,4,0,0,0,0,0,0,0,1,1,6,6,1,65,9,1397,1,10,PEUGEOT 207,4,E01011335,0,-1
2020010237993,2020,010237993,2,9,0,99,99,9,9,99,99,0,9,99,9,99,1,9,6,6,3,-1,-1,1360,1,14,PEUGEOT 207,-1,-1,0,-1
2020040923177,2020,040923177,1,9,0,7,7,5,3,0,0,2,0,0,0,0,1,1,5,6,1,38,7,1560,2,14,PEUGEOT 207,7,E01025081,0,-1
2020460937165,2020,460937165,1,9,0,18,19,7,3,0,0,0,0,11,0,0,1,1,5,6,2,34,6,1398,2,11,PEUGEOT 207,3,E01032830,0,-1
2020200935590,2020,200935590,1,9,0,18,19,6,2,0,0,2,0,0,0,0,1,1,3,7,2,34,6,1360,1,9,PEUGEOT 207,6,E01009535,0,-1
2020332000142,2020,332000142,1,9,0,18,19,6,2,0,0,0,1,0,0,0,3,1,2,2,1,44,7,1360,1,12,PEUGEOT 207,7,E01026340,0,-1
2020201021045,2020,201021045,1,9,0,9,9,1,7,0,0,6,0,0,0,0,4,1,1,1,1,19,4,1360,1,11,PEUGEOT 207,2,E01032224,0,-1
2020440442207,2020,440442207,1,9,0,17,19,8,4,0,0,8,0,0,1,9,1,1,6,6,1,35,6,1598,1,12,PEUGEOT 207,5,E01023285,0,-1
2020160955808,2020,160955808,2,9,0,18,19,1,5,0,0,0,0,0,0,0,1,1,2,2,2,17,4,1360,1,13,PEUGEOT 207,5,E01013313,0,-1
2020010244045,2020,010244045,1,9,0,18,19,5,1,0,0,2,0,10,3,11,1,1,6,6,1,17,4,1360,1,8,PEUGEOT 207,5,E01001088,0,-1
2020450992804,2020,450992804,1,9,0,16,19,2,6,0,0,8,0,0,0,0,1,1,5,6,2,66,10,1598,1,13,PEUGEOT 207,10,E01030799,0,-1
2020371008248,2020,371008248,1,9,0,18,19,7,3,0,0,0,1,0,7,9,3,1,5,6,2,23,5,1360,1,13,PEUGEOT 207,3,E01029954,0,-1
2020140943938,2020,140943938,1,9,0,18,19,6,2,0,0,0,0,0,0,0,1,1,1,1,1,36,7,1598,1,9,PEUGEOT 207,3,E01007639,0,-1
2020410921441,2020,410921441,2,9,0,18,19,1,5,0,0,3,0,0,1,0,2,1,6,6,2,39,7,1360,1,12,PEUGEOT 207,5,E01023773,0,-1
2020010247570,2020,010247570,1,9,0,18,19,7,3,0,0,9,0,0,0,0,1,1,6,6,2,-1,-1,1360,1,12,PEUGEOT 207,10,E01030408,0,-1
2020470997754,2020,470997754,1,9,0,16,19,6,1,0,0,0,2,10,7,0,3,1,5,6,1,28,6,1397,1,9,PEUGEOT 207,10,E01031759,0,-1
2020440416811,2020,440416811,2,9,0,4,4,4,8,0,0,0,0,0,0,0,1,1,6,6,2,56,9,1360,1,14,PEUGEOT 207,10,E01022720,0,-1
2020010285868,2020,010285868,1,9,0,9,9,7,4,0,0,1,0,0,0,0,3,1,6,6,1,35,6,1360,1,12,PEUGEOT 207,4,E01000504,0,-1
2020010255172,2020,010255172,1,9,0,9,9,3,1,0,0,5,0,0,0,0,1,1,6,6,1,19,4,1360,1,11,PEUGEOT 207,8,E01002159,0,-1
2020340K01322,2020,340K01322,2,9,0,18,19,5,1,0,0,1,0,0,0,0,1,1,6,6,1,21,5,1360,1,14,PEUGEOT 207,8,E01027101,0,-1
2020522004790,2020,522004790,5,9,0,2,2,0,0,0,0,2,0,0,0,0,3,1,6,6,2,47,8,1398,2,10,PEUGEOT 207,2,E01014565,0,-1
2020010234772,2020,010234772,3,9,0,2,2,0,0,0,0,2,0,0,0,0,3,1,6,6,3,-1,-1,1360,1,10,PEUGEOT 207,-1,-1,0,-1
2020200993487,2020,200993487,1,9,0,9,9,8,6,0,0,6,0,0,0,0,1,1,6,6,2,21,5,1360,1,13,PEUGEOT 207,1,E01009026,0,-1
2020520100773,2020,520100773,1,9,0,4,4,2,6,0,0,0,0,0,0,0,3,1,6,6,2,19,4,1560,2,13,PEUGEOT 207,-1,-1,0,-1
2020420961327,2020,420961327,1,9,0,9,9,1,1,0,0,0,0,0,0,0,1,1,5,6,1,63,9,1398,2,12,PEUGEOT 207,4,E01022036,0,-1
2020470958052,2020,470958052,1,9,0,18,19,2,5,0,0,0,0,0,0,0,3,1,5,6,1,19,4,1397,1,12,PEUGEOT 207,8,E01021082,0,-1
20201371I1576,2020,1371I1576,1,9,0,9,9,7,3,0,0,0,0,0,0,0,2,1,1,1,2,55,8,1397,1,9,PEUGEOT 207,6,E01010957,0,-1
2020010237667,2020,010237667,1,9,0,18,19,2,6,2,2,0,0,0,0,0,4,1,6,6,1,53,8,1560,2,11,PEUGEOT 207,2,E01001800,0,-1
2020500983620,2020,500983620,2,9,0,7,7,2,6,0,0,1,0,0,0,0,2,1,5,6,1,82,11,1560,2,8,PEUGEOT 207,6,E01020231,0,-1
2020010261052,2020,010261052,1,9,0,9,9,5,3,9,9,2,0,10,1,2,1,1,6,6,2,18,4,1360,1,11,PEUGEOT 207,2,E01001193,0,-1
2020122000736,2020,122000736,2,9,0,18,19,3,7,0,0,8,0,0,0,0,1,1,6,6,2,60,9,1360,1,13,PEUGEOT 207,9,E01027595,0,-1
2020460956713,2020,460956713,1,9,0,18,19,5,1,0,0,0,0,0,0,0,1,1,5,6,1,30,6,1397,1,12,PEUGEOT 207,1,E01024649,0,-1
2020141004083,2020,141004083,2,9,0,12,12,1,5,0,0,7,0,0,0,0,0,1,1,1,2,29,6,1360,1,9,PEUGEOT 207,3,E01007550,0,-1
2020170S20530,2020,170S20530,2,9,0,18,19,7,3,0,0,0,0,0,0,0,2,1,6,6,1,40,7,1397,1,12,PEUGEOT 207,9,E01033480,0,-1
202006XE67294,2020,06XE67294,1,9,0,18,19,7,3,0,0,0,0,0,0,0,1,1,6,6,1,23,5,1560,2,12,PEUGEOT 207,7,E01006099,0,-1
2020010236513,2020,010236513,2,9,0,99,99,9,9,99,99,9,9,99,9,99,1,9,6,6,3,-1,-1,1397,1,10,PEUGEOT 207,-1,-1,0,-1
2020430259755,2020,430259755,2,9,0,18,19,6,2,0,0,0,0,0,0,0,3,1,6,6,2,42,7,1397,1,9,PEUGEOT 207,7,E01016285,0,-1
2020340N00712,2020,340N00712,2,9,0,18,19,3,7,0,0,0,0,0,0,0,3,1,6,6,2,52,8,1360,1,8,PEUGEOT 207,2,E01027246,0,-1
2020460944914,2020,460944914,2,9,0,18,19,8,4,0,0,1,0,0,0,0,1,1,5,6,2,47,8,1398,2,11,PEUGEOT 207,6,E01016134,0,-1
2020500961100,2020,500961100,2,9,0,18,19,8,4,0,0,1,0,0,0,0,1,1,5,6,2,17,4,1397,1,12,PEUGEOT 207,6,E01018752,0,-1
2020552000866,2020,552000866,2,9,0,2,2,0,0,0,0,0,0,0,0,0,2,1,6,6,3,-1,-1,1360,1,12,PEUGEOT 207,-1,-1,0,-1
2020030970187,2020,030970187,1,9,0,5,5,4,2,0,0,6,0,0,0,0,3,1,5,6,2,41,7,1398,2,13,PEUGEOT 207,4,E01019364,0,-1
2020470994770,2020,470994770,2,9,0,18,19,8,4,0,0,0,0,0,1,0,1,1,2,2,1,38,7,1360,1,8,PEUGEOT 207,8,E01030580,0,-1
2020230964028,2020,230964028,1,9,0,5,5,5,1,0,0,8,0,0,0,0,2,1,5,6,2,27,6,1360,1,10,PEUGEOT 207,1,E01031118,0,-1
2020010280721,2020,010280721,1,9,0,18,19,7,3,0,0,1,0,0,0,0,1,1,6,6,2,56,9,1360,1,14,PEUGEOT 207,8,E01030393,0,-1
2020220933706,2020,220933706,2,9,0,3,3,5,1,0,0,1,0,0,0,0,4,1,6,6,2,36,7,1398,2,14,PEUGEOT 207,1,E01014201,0,-1
2020360968264,2020,360968264,1,9,0,18,19,1,4,0,0,6,0,0,0,0,4,1,5,6,2,83,11,1360,1,13,PEUGEOT 207,10,E01026506,0,-1
2020451000368,2020,451000368,1,9,0,9,9,5,1,0,0,0,0,0,0,0,1,1,5,6,2,32,6,1360,1,13,PEUGEOT 207,9,E01030425,0,-1
2020302000425,2020,302000425,3,9,0,5,5,2,6,0,0,0,0,0,0,0,1,1,6,6,1,-1,-1,1587,1,13,PEUGEOT 207,3,E01013932,0,-1
202031C008720,2020,31C008720,1,9,0,18,19,4,8,0,0,1,0,0,0,0,4,1,2,2,2,61,9,1360,1,14,PEUGEOT 207,10,E01028084,0,-1
2020350977741,2020,350977741,1,9,0,18,19,5,7,0,0,4,0,0,0,0,1,1,5,6,2,33,6,1560,2,11,PEUGEOT 207,10,E01025783,0,-1
2020320126653,2020,320126653,2,9,0,18,19,1,5,0,0,1,0,0,0,0,1,1,2,2,1,62,9,1560,2,10,PEUGEOT 207,4,E01026105,0,-1
2020501015819,2020,501015819,3,9,0,2,2,0,0,0,0,2,0,0,0,0,2,1,6,6,2,20,4,1360,1,14,PEUGEOT 207,7,E01020341,0,-1
2020440043514,2020,440043514,1,9,0,5,5,1,5,0,0,4,0,0,0,0,1,1,2,2,1,45,7,1598,1,13,PEUGEOT 207,10,E01022497,0,-1
2020160995457,2020,160995457,4,9,0,4,4,5,1,0,0,0,0,0,0,0,0,1,5,6,2,36,7,1560,2,13,PEUGEOT 207,1,E01007413,0,-1
2020440136003,2020,440136003,1,9,0,18,19,1,5,0,0,0,2,0,1,7,1,1,6,6,2,47,8,1398,2,11,PEUGEOT 207,2,E01017109,0,-1
2020440018423,2020,440018423,2,9,0,18,19,0,0,0,0,0,0,0,0,0,2,1,6,6,3,-1,-1,1360,1,12,PEUGEOT 207,-1,-1,0,-1
2020460980025,2020,460980025,3,9,0,2,2,0,0,0,0,0,0,0,0,0,2,1,5,6,2,25,5,1360,1,14,PEUGEOT 207,5,E01024639,0,-1
2020122000951,2020,122000951,1,9,0,18,19,3,7,0,0,0,0,0,0,0,1,1,6,6,1,49,8,1398,2,13,PEUGEOT 207,6,E01027741,0,-1
2020410929387,2020,410929387,2,9,0,18,19,1,5,0,0,1,1,0,1,0,2,1,6,6,2,37,7,1560,2,8,PEUGEOT 207,10,E01023503,0,-1
2020200965868,2020,200965868,1,9,0,9,9,8,6,0,0,5,0,0,0,0,1,1,6,6,1,26,6,1397,1,10,PEUGEOT 207,1,E01033643,0,-1
2020201015725,2020,201015725,2,9,0,18,19,6,2,0,0,8,0,0,0,0,4,1,6,6,1,23,5,1360,1,13,PEUGEOT 207,6,E01009657,0,-1
2020440429058,2020,440429058,1,9,0,3,3,7,3,0,0,0,0,0,0,0,1,1,6,6,2,22,5,1360,1,14,PEUGEOT 207,1,E01017336,0,-1
2020420958824,2020,420958824,2,9,0,1,1,7,3,0,0,0,1,0,0,0,3,1,6,6,2,19,4,1397,1,13,PEUGEOT 207,10,E01021559,0,-1
2020990998903,2020,990998903,1,9,0,6,6,0,7,0,0,0,0,0,0,0,3,1,5,6,2,30,6,1560,2,12,PEUGEOT 207,9,-1,0,-1
2020060065521,2020,060065521,1,9,0,16,19,8,4,0,0,0,0,0,0,0,1,1,6,6,2,53,8,1598,1,10,PEUGEOT 207,7,E01006176,0,-1
2020520004675,2020,520004675,2,9,0,4,4,6,2,0,0,0,0,0,0,0,1,1,6,6,2,47,8,1598,1,11,PEUGEOT 207,5,E01029067,0,-1
2020010231777,2020,010231777,1,9,0,99,99,9,9,99,99,9,9,99,9,99,9,9,6,6,1,35,6,1360,1,9,PEUGEOT 207,5,E01003773,0,-1
2020440109869,2020,440109869,1,9,0,16,19,6,2,0,0,8,2,0,7,0,3,1,6,6,1,18,4,1360,1,14,PEUGEOT 207,10,E01022498,0,-1
2020010262905,2020,010262905,1,9,0,16,19,4,8,0,0,2,0,0,0,0,3,1,6,6,2,28,6,1398,2,11,PEUGEOT 207,5,E01002347,0,-1
2020460954325,2020,460954325,1,9,0,9,9,5,1,0,0,2,0,0,0,0,2,1,5,6,2,64,9,1598,1,11,PEUGEOT 207,3,E01033209,0,-1
2020010256534,2020,010256534,2,9,0,99,99,9,9,99,99,1,9,99,9,99,1,9,6,6,3,-1,-1,1360,1,13,PEUGEOT 207,-1,-1,0,-1
2020470963660,2020,470963660,1,9,0,17,19,4,1,0,0,0,0,0,1,4,1,1,5,6,2,21,5,1397,1,12,PEUGEOT 207,8,E01032975,0,-1
2020140963647,2020,140963647,2,9,0,18,19,3,7,0,0,0,0,0,1,0,1,1,5,6,1,24,5,1360,1,11,PEUGEOT 207,9,E01005903,0,-1
2020010243498,2020,010243498,2,9,9,99,99,9,9,99,99,9,9,99,9,99,9,9,6,6,1,-1,-1,1397,1,12,PEUGEOT 207,-1,-1,0,-1
2020520100178,2020,520100178,2,9,0,7,7,3,5,0,0,0,0,0,0,0,4,1,6,6,2,70,10,1360,1,8,PEUGEOT 207,5,E01032048,0,-1
2020340C04242,2020,340C04242,1,9,0,18,19,1,5,0,0,8,0,0,0,0,1,1,2,2,1,23,5,-1,-1,-1,PEUGEOT 207,2,E01026958,0,-1
2020052001364,2020,052001364,1,9,0,9,9,1,7,0,0,8,0,0,0,0,3,1,6,6,2,21,5,1360,1,12,PEUGEOT 207,8,E01007260,0,-1