collision_index,collision_year,collision_ref_no,vehicle_reference,vehicle_type,towing_and_articulation,vehicle_manoeuvre_historic,vehicle_manoeuvre,vehicle_direction_from,vehicle_direction_to,vehicle_location_restricted_lane_historic,vehicle_location_restricted_lane,junction_location,skidding_and_overturning,hit_object_in_carriageway,vehicle_leaving_carriageway,hit_object_off_carriageway,first_point_of_impact,vehicle_left_hand_drive,journey_purpose_of_driver_historic,journey_purpose_of_driver,sex_of_driver,age_of_driver,age_band_of_driver,engine_capacity_cc,propulsion_code,age_of_vehicle,generic_make_model,driver_imd_decile,lsoa_of_driver,escooter_flag,driver_distance_banding
2020040937512,2020,040937512,2,9,0,11,11,1,5,0,0,1,0,0,0,0,1,2,5,6,2,24,5,1598,1,13,PEUGEOT 207,4,E01012731,0,-1
2020010266878,2020,010266878,1,9,0,99,99,9,9,99,99,9,9,99,9,99,2,9,2,2,1,24,5,1360,1,10,PEUGEOT 207,9,E01004118,0,-1
2020161009693,2020,161009693,1,9,0,18,19,6,2,0,0,6,0,0,0,0,1,1,6,6,1,44,7,1398,2,10,PEUGEOT 207,-1,-1,0,-1
2020200957818,2020,200957818,2,9,0,18,19,3,7,0,0,2,0,0,0,0,4,1,6,6,2,33,6,1560,2,13,PEUGEOT 207,1,E01010291,0,-1
2020450942915,2020,450942915,1,9,0,13,13,7,3,0,0,8,0,0,0,0,1,1,6,6,3,45,7,1397,1,10,PEUGEOT 207,8,E01004168,0,-1
2020220943310,2020,220943310,1,9,0,18,19,7,3,0,0,8,0,0,0,0,2,1,1,1,2,48,8,1360,1,10,PEUGEOT 207,3,E01029014,0,-1
202006Q271343,2020,06Q271343,1,9,0,9,9,7,2,0,0,6,0,0,0,0,1,1,6,6,2,52,8,1397,1,10,PEUGEOT 207,9,E01005587,0,-1
2020460925423,2020,460925423,1,9,0,17,19,8,4,0,0,0,2,0,2,4,4,1,2,2,2,45,7,1598,1,13,PEUGEOT 207,8,E01024810,0,-1
2020230941091,2020,230941091,1,9,0,9,9,1,7,0,0,5,0,0,0,0,1,1,1,1,1,27,6,1398,2,13,PEUGEOT 207,4,E01031333,0,-1
2020610023120,2020,610023120,1,9,0,16,19,8,3,0,0,1,1,0,0,0,3,1,1,1,1,19,4,1360,1,13,PEUGEOT 207,-1,-1,0,-1
2020220995684,2020,220995684,2,9,0,18,19,6,2,0,0,8,0,0,0,0,1,1,5,6,1,58,9,1360,1,10,PEUGEOT 207,7,E01032130,0,-1
2020440408020,2020,440408020,1,9,0,3,3,3,7,0,0,1,0,0,0,0,2,1,6,6,2,46,8,1560,2,11,PEUGEOT 207,2,E01017115,0,-1
2020302000296,2020,302000296,2,9,0,18,19,8,4,0,0,0,0,0,0,0,1,1,6,6,2,79,11,1560,2,11,PEUGEOT 207,7,E01019603,0,-1
2020070006251,2020,070006251,1,9,0,5,5,3,7,0,0,1,0,0,0,0,4,1,6,6,1,25,5,1360,1,13,PEUGEOT 207,2,E01012383,0,-1
2020140969777,2020,140969777,5,9,0,18,19,3,7,0,0,0,0,0,0,0,0,1,6,6,2,52,8,1560,2,13,PEUGEOT 207,3,E01007322,0,-1
2020520002492,2020,520002492,1,9,0,9,9,5,3,0,0,8,0,0,0,0,1,1,6,6,2,33,6,1560,2,8,PEUGEOT 207,2,E01029099,0,-1
2020622000933,2020,622000933,1,9,0,7,7,3,6,0,0,5,0,0,0,0,1,1,6,6,2,56,9,1560,2,13,PEUGEOT 207,8,W01000876,0,-1
2020201004974,2020,201004974,4,9,0,3,3,4,8,0,0,0,0,0,0,0,2,1,3,7,2,38,7,1398,2,9,PEUGEOT 207,4,E01009085,0,-1
2020460993396,2020,460993396,1,9,0,18,19,1,5,0,0,1,0,0,0,0,1,1,6,6,2,35,6,1360,1,14,PEUGEOT 207,4,E01024579,0,-1
2020201011866,2020,201011866,2,9,0,18,19,8,4,0,0,0,1,7,0,0,3,1,6,6,1,68,10,1560,2,11,PEUGEOT 207,5,E01009032,0,-1
2020350986388,2020,350986388,1,9,0,18,19,5,3,0,0,1,0,0,0,0,3,1,5,6,2,55,8,1598,1,11,PEUGEOT 207,6,E01004485,0,-1
2020520000145,2020,520000145,1,9,0,18,19,2,6,0,0,0,0,0,0,0,1,1,6,6,3,-1,-1,1360,1,9,PEUGEOT 207,-1,-1,0,-1
2020552000755,2020,552000755,2,9,0,14,14,6,2,0,0,0,0,0,0,0,2,1,6,6,2,49,8,1598,1,12,PEUGEOT 207,7,E01032661,0,-1
2020140964529,2020,140964529,2,9,0,18,19,1,5,0,0,4,0,0,0,0,1,1,6,6,3,-1,-1,1560,2,12,PEUGEOT 207,-1,-1,0,-1
2020440001084,2020,440001084,1,9,0,1,1,4,1,0,0,8,0,0,0,0,2,1,6,6,1,-1,-1,1398,2,12,PEUGEOT 207,-1,-1,0,-1
2020470946142,2020,470946142,2,9,0,18,19,7,3,0,0,1,0,0,1,0,3,1,5,6,2,39,7,1398,2,10,PEUGEOT 207,2,E01031819,0,-1
2020320382976,2020,320382976,2,9,0,17,19,8,4,0,0,8,1,0,0,0,4,1,1,1,1,28,6,1598,1,13,PEUGEOT 207,6,E01026038,0,-1
2020302000999,2020,302000999,1,9,0,5,5,6,2,0,0,4,0,0,0,0,4,1,6,6,1,65,9,1397,1,9,PEUGEOT 207,2,E01013853,0,-1
2020470995099,2020,470995099,2,9,0,18,19,4,8,0,0,0,0,0,0,0,2,1,5,6,2,57,9,1397,1,9,PEUGEOT 207,3,E01020975,0,-1
2020410926406,2020,410926406,3,9,0,18,19,5,1,0,0,0,0,0,0,0,2,1,6,6,1,39,7,1398,2,10,PEUGEOT 207,8,E01015687,0,-1
2020302000756,2020,302000756,2,9,0,5,5,2,6,0,0,1,0,0,0,0,1,1,2,2,2,30,6,1397,1,11,PEUGEOT 207,3,E01019508,0,-1
2020990954105,2020,990954105,1,9,0,16,19,3,7,0,0,0,0,0,7,0,1,1,5,6,1,41,7,1560,2,12,PEUGEOT 207,6,-1,0,-1
202006K174257,2020,06K174257,1,9,0,7,7,5,7,0,0,2,0,0,0,0,1,1,6,6,3,-1,-1,1360,1,11,PEUGEOT 207,-1,-1,0,-1
2020160968564,2020,160968564,2,9,0,4,4,8,4,0,0,0,0,0,0,0,2,1,5,6,2,40,7,1397,1,12,PEUGEOT 207,6,E01013056,0,-1
2020302000442,2020,302000442,2,9,0,16,19,4,8,0,0,0,0,0,0,0,3,1,6,6,2,-1,-1,1360,1,12,PEUGEOT 207,-1,-1,0,-1
2020220931850,2020,220931850,1,9,0,18,19,1,5,0,0,0,0,0,0,0,1,1,5,6,1,49,8,1560,2,11,PEUGEOT 207,1,E01014800,0,-1
2020450978756,2020,450978756,1,9,0,18,19,1,5,0,0,1,0,0,0,0,4,1,5,6,1,37,7,1560,2,11,PEUGEOT 207,9,E01001017,0,-1
2020210987052,2020,210987052,2,9,0,18,19,8,4,0,0,1,0,0,0,0,3,1,6,6,2,52,8,1397,1,11,PEUGEOT 207,6,E01014308,0,-1
2020522005145,2020,522005145,1,9,0,4,4,3,7,0,0,3,0,0,0,0,2,1,6,6,2,28,6,1360,1,12,PEUGEOT 207,1,E01014516,0,-1
2020622000693,2020,622000693,2,9,0,18,19,4,7,0,0,1,0,0,0,0,1,1,6,6,2,64,9,1360,1,11,PEUGEOT 207,9,W01000839,0,-1
2020070096531,2020,070096531,1,9,0,18,19,1,5,0,0,0,2,0,0,4,4,1,2,2,1,34,6,1360,1,13,PEUGEOT 207,10,E01018695,0,-1
2020010257074,2020,010257074,1,9,0,99,99,9,9,99,99,9,9,99,9,99,1,9,6,6,1,42,7,1587,1,13,PEUGEOT 207,10,E01002920,0,-1
2020990958706,2020,990958706,1,9,0,18,19,8,4,0,0,1,0,0,0,0,1,1,6,6,1,24,5,1398,2,8,PEUGEOT 207,9,-1,0,-1
2020991004875,2020,991004875,3,9,0,2,2,0,0,0,0,0,0,0,0,0,0,1,6,6,2,35,6,1360,1,14,PEUGEOT 207,-1,-1,0,-1
2020410997483,2020,410997483,1,9,0,18,19,7,3,0,0,1,0,0,0,0,4,1,6,6,2,72,10,1598,1,11,PEUGEOT 207,10,E01023675,0,-1
2020990929870,2020,990929870,1,9,0,18,19,2,6,0,0,0,0,0,1,0,3,1,5,6,1,53,8,1397,1,12,PEUGEOT 207,6,-1,0,-1
2020221002638,2020,221002638,1,9,0,4,4,7,8,0,0,1,0,0,0,0,1,1,2,2,1,19,4,1360,1,13,PEUGEOT 207,7,E01028951,0,-1
2020140960186,2020,140960186,2,9,0,18,19,7,4,0,0,0,0,0,0,0,1,1,6,6,3,-1,-1,1360,1,14,PEUGEOT 207,-1,-1,0,-1
2020161007295,2020,161007295,1,9,0,17,19,4,1,0,0,0,1,0,1,9,4,1,6,6,1,31,6,1560,2,8,PEUGEOT 207,4,E01013003,0,-1
2020440207780,2020,440207780,1,9,0,18,19,1,5,0,0,0,5,0,0,0,1,1,6,6,1,25,5,1360,1,11,PEUGEOT 207,4,E01017234,0,-1
2020010251333,2020,010251333,2,9,0,99,99,9,9,99,99,9,9,99,9,99,2,9,6,6,3,-1,-1,1360,1,13,PEUGEOT 207,9,E01024851,0,-1
2020210975440,2020,210975440,1,9,0,9,9,7,4,0,0,1,0,0,0,0,-1,1,2,2,1,55,8,1560,2,11,PEUGEOT 207,4,E01029575,0,-1
2020010269892,2020,010269892,3,9,0,3,3,1,5,0,0,8,0,0,0,0,2,1,6,6,2,23,5,1360,1,9,PEUGEOT 207,8,E01000659,0,-1
2020430248565,2020,430248565,2,9,0,9,9,2,8,0,0,6,0,0,0,0,3,1,6,6,2,-1,-1,1598,1,8,PEUGEOT 207,-1,-1,0,-1
2020471002221,2020,471002221,1,9,0,9,9,2,8,0,0,8,0,0,0,0,1,1,2,2,1,24,5,1360,1,13,PEUGEOT 207,6,E01021099,0,-1
2020500995870,2020,500995870,3,9,0,4,4,7,3,0,0,0,0,0,0,0,3,1,5,6,2,57,9,1360,1,14,PEUGEOT 207,9,E01020090,0,-1
2020010237199,2020,010237199,1,9,0,99,99,9,9,99,99,1,9,99,9,99,2,9,6,6,1,30,6,1360,1,10,PEUGEOT 207,1,E01024148,0,-1
2020320671511,2020,320671511,1,9,0,7,7,8,4,0,0,8,0,0,1,0,1,1,6,6,2,50,8,1360,1,14,PEUGEOT 207,6,E01026348,0,-1
2020440296728,2020,440296728,1,9,0,1,1,7,3,0,0,1,0,0,0,0,2,1,6,6,2,48,8,1598,1,13,PEUGEOT 207,3,E01017080,0,-1
2020221017535,2020,221017535,1,9,0,18,19,8,4,0,0,0,5,0,1,10,1,1,5,6,1,51,8,1398,2,12,PEUGEOT 207,1,E01009174,0,-1
2020141002781,2020,141002781,3,9,0,3,3,1,5,0,0,0,0,0,0,0,0,1,5,6,1,32,6,1598,1,13,PEUGEOT 207,5,E01007608,0,-1
2020220957737,2020,220957737,1,9,0,1,1,8,4,0,0,6,0,0,0,0,2,1,5,6,2,66,10,1560,2,8,PEUGEOT 207,5,E01014045,0,-1
2020230933418,2020,230933418,1,9,0,17,19,2,7,0,0,0,1,0,1,4,4,1,6,6,2,57,9,1598,1,9,PEUGEOT 207,9,E01031222,0,-1
2020360995815,2020,360995815,2,9,0,4,4,4,7,0,0,0,0,0,0,0,2,1,5,6,1,19,4,1560,2,12,PEUGEOT 207,5,E01026523,0,-1
20201378T1520,2020,1378T1520,1,9,0,18,19,2,6,0,0,8,0,0,0,0,4,1,6,6,1,-1,-1,1360,1,12,PEUGEOT 207,-1,-1,0,-1
2020542719320,2020,542719320,1,9,0,4,4,5,1,0,0,1,0,0,0,0,1,1,6,6,2,64,9,1360,1,10,PEUGEOT 207,5,E01031947,0,-1
2020160963251,2020,160963251,1,9,0,4,4,5,1,0,0,1,0,0,0,0,4,1,6,6,1,18,4,1360,1,11,PEUGEOT 207,1,E01012945,0,-1
2020010253110,2020,010253110,2,9,0,99,99,9,9,99,99,9,9,99,9,99,9,9,6,6,3,-1,-1,1360,1,10,PEUGEOT 207,-1,-1,0,-1
2020520101004,2020,520101004,2,9,0,18,19,2,6,0,0,0,0,0,0,0,1,1,6,6,1,75,10,1560,2,7,PEUGEOT 207,8,E01015227,0,-1
2020522002813,2020,522002813,1,9,0,18,19,8,4,0,0,0,0,0,0,0,1,1,6,6,1,49,8,1398,2,9,PEUGEOT 207,8,E01014510,0,-1
2020010259260,2020,010259260,2,9,0,99,99,9,9,99,99,9,9,99,9,99,1,9,6,6,3,-1,-1,1598,1,7,PEUGEOT 207,-1,-1,0,-1
2020111007946,2020,111007946,1,9,0,17,19,6,2,9,9,1,0,0,1,0,1,1,6,6,1,40,7,1397,1,11,PEUGEOT 207,3,E01008222,0,-1
2020040936836,2020,040936836,2,9,0,17,19,2,6,0,0,0,1,0,1,0,3,1,2,2,2,54,8,1360,1,13,PEUGEOT 207,6,E01024949,0,-1
2020450994685,2020,450994685,1,9,0,17,19,6,2,0,0,0,1,0,2,7,1,1,5,6,2,24,5,1360,1,13,PEUGEOT 207,4,E01030752,0,-1
2020010273181,2020,010273181,2,9,0,99,99,9,9,99,99,9,9,99,9,99,1,9,6,6,3,-1,-1,1598,1,13,PEUGEOT 207,-1,-1,0,-1
2020010232998,2020,010232998,1,9,0,4,4,5,1,0,0,1,0,0,0,0,3,1,6,6,1,62,9,1598,1,12,PEUGEOT 207,7,E01029668,0,-1
2020552100071,2020,552100071,2,9,0,18,19,8,4,0,0,8,1,0,0,0,4,1,2,2,2,28,6,1360,1,13,PEUGEOT 207,5,E01015374,0,-1
2020350990174,2020,350990174,2,9,0,18,19,1,5,0,0,2,5,0,1,0,3,1,6,6,2,50,8,1397,1,11,PEUGEOT 207,10,E01018252,0,-1
2020350966133,2020,350966133,3,9,0,3,3,8,4,0,0,0,0,0,0,0,2,1,5,6,1,51,8,1560,2,11,PEUGEOT 207,9,E01026304,0,-1
2020340D04572,2020,340D04572,1,9,0,9,9,1,5,0,0,1,1,0,7,0,4,1,2,2,1,23,5,1360,1,14,PEUGEOT 207,9,E01027021,0,-1
2020040974301,2020,040974301,1,9,0,18,19,1,5,0,0,1,0,0,0,0,1,1,6,6,1,48,8,1560,2,13,PEUGEOT 207,1,E01025293,0,-1
2020137631212,2020,137631212,2,9,0,17,19,1,6,0,0,1,0,0,0,0,0,1,6,6,1,60,9,1360,1,9,PEUGEOT 207,3,E01010657,0,-1
2020010235045,2020,010235045,2,9,9,99,99,9,9,0,0,8,0,0,0,0,9,9,6,6,3,-1,-1,1560,2,9,PEUGEOT 207,-1,-1,0,-1
2020410983818,2020,410983818,2,9,0,18,19,5,1,0,0,8,0,0,0,0,1,1,2,2,1,35,6,1398,2,12,PEUGEOT 207,8,E01023478,0,-1
202063D076620,2020,63D076620,2,9,0,18,19,4,8,0,0,8,0,0,0,0,2,1,6,6,2,22,5,1560,2,13,PEUGEOT 207,7,W01000442,0,-1
2020110919106,2020,110919106,1,9,0,18,19,8,6,0,0,0,0,0,0,0,1,1,5,6,1,70,10,1360,1,13,PEUGEOT 207,3,E01020631,0,-1
2020360941064,2020,360941064,1,9,0,18,19,7,3,0,0,8,0,0,0,0,1,1,2,2,1,59,9,1560,2,13,PEUGEOT 207,6,E01026505,0,-1
2020500930133,2020,500930133,2,9,0,4,4,7,3,0,0,1,0,0,0,0,2,1,6,6,2,49,8,1360,1,8,PEUGEOT 207,6,E01019035,0,-1
2020990931084,2020,990931084,1,9,0,18,19,4,8,0,0,0,0,0,0,0,1,1,5,6,1,41,7,1398,2,10,PEUGEOT 207,7,-1,0,-1
2020010264895,2020,010264895,4,9,0,2,2,0,0,0,0,0,0,0,0,0,3,1,6,6,3,-1,-1,1560,2,12,PEUGEOT 207,-1,-1,0,-1
2020410932085,2020,410932085,2,9,0,18,19,1,5,0,0,0,0,0,0,0,2,1,5,6,2,41,7,1397,1,11,PEUGEOT 207,6,E01023942,0,-1
2020440479338,2020,440479338,2,9,0,9,9,6,4,0,0,6,0,0,0,0,4,1,6,6,1,34,6,1360,1,13,PEUGEOT 207,4,E01032756,0,-1
2020990973039,2020,990973039,3,9,0,18,19,7,3,0,0,0,0,0,0,0,2,1,2,2,2,47,8,1360,1,8,PEUGEOT 207,8,-1,0,-1
2020010282966,2020,010282966,2,9,0,18,19,3,7,0,0,1,0,4,0,0,3,1,6,6,1,32,6,1360,1,11,PEUGEOT 207,2,E01001432,0,-1
2020460988097,2020,460988097,1,9,0,17,19,1,4,0,0,1,1,0,1,0,1,1,6,6,1,57,9,1360,1,14,PEUGEOT 207,3,E01016098,0,-1
2020010237884,2020,010237884,1,9,0,16,19,3,7,0,0,2,0,0,0,0,1,1,6,6,2,58,9,1397,1,10,PEUGEOT 207,9,E01030854,0,-1
202006E175272,2020,06E175272,1,9,0,9,9,4,2,0,0,8,0,0,0,0,2,1,6,6,2,42,7,1398,2,13,PEUGEOT 207,3,E01005310,0,-1
2020530927093,2020,530927093,2,9,0,3,3,7,3,0,0,0,0,0,0,0,4,1,5,6,2,40,7,1360,1,11,PEUGEOT 207,9,E01022357,0,-1
2020530956604,2020,530956604,3,9,0,17,19,3,7,0,0,0,1,0,0,0,1,1,6,6,1,19,4,1360,1,13,PEUGEOT 207,10,E01022366,0,-1
2020010280405,2020,010280405,1,9,0,18,19,8,4,0,0,1,1,0,0,0,4,1,2,2,1,42,7,1598,1,11,PEUGEOT 207,-1,-1,0,-1
202063A085820,2020,63A085820,1,9,0,16,19,4,7,8,6,0,5,0,1,10,1,1,6,6,1,24,5,1360,1,14,PEUGEOT 207,3,W01000626,0,-1
2020302000262,2020,302000262,2,9,0,18,19,7,3,0,0,0,1,0,2,10,1,1,6,6,2,36,7,1598,1,8,PEUGEOT 207,10,E01008146,0,-1
2020430010544,2020,430010544,2,9,0,4,4,1,5,0,0,0,0,0,0,0,2,1,2,2,1,35,6,1360,1,9,PEUGEOT 207,10,E01028705,0,-1
2020522003735,2020,522003735,2,9,0,18,19,1,5,0,0,1,0,0,0,0,1,1,6,6,3,-1,-1,1360,1,12,PEUGEOT 207,-1,-1,0,-1
2020220937269,2020,220937269,2,9,0,18,19,3,7,0,0,8,0,0,0,0,3,1,5,6,2,30,6,1360,1,11,PEUGEOT 207,2,E01032235,0,-1
2020010238861,2020,010238861,2,9,0,4,4,3,7,0,0,0,0,4,0,0,2,1,2,2,1,54,8,1360,1,11,PEUGEOT 207,6,E01004485,0,-1
2020990998438,2020,990998438,1,9,0,18,19,3,7,0,0,0,0,0,0,0,4,1,2,2,2,53,8,1360,1,11,PEUGEOT 207,-1,-1,0,-1
2020552000942,2020,552000942,2,9,0,18,19,8,4,0,0,8,0,0,0,0,4,1,6,6,1,59,9,1598,1,12,PEUGEOT 207,10,E01020366,0,-1
2020030972303,2020,030972303,1,9,0,17,19,8,4,6,6,0,0,0,7,4,3,1,5,6,1,37,7,1560,2,10,PEUGEOT 207,2,E01019227,0,-1
2020421000332,2020,421000332,1,9,0,18,19,2,5,0,0,8,0,0,3,0,1,1,5,6,2,78,11,1560,2,14,PEUGEOT 207,7,E01021993,0,-1
2020622000144,2020,622000144,1,9,0,16,19,8,4,0,0,0,0,0,1,4,4,1,6,6,1,34,6,1398,2,11,PEUGEOT 207,9,W01000969,0,-1
2020622000651,2020,622000651,2,9,0,17,19,7,4,0,0,0,0,0,0,0,3,1,6,6,1,44,7,1560,2,14,PEUGEOT 207,1,W01001202,0,-1
2020350986561,2020,350986561,1,9,0,17,19,5,1,0,0,2,5,0,1,3,1,1,1,1,1,26,6,1360,1,11,PEUGEOT 207,2,E01015612,0,-1
2020340S06562,2020,340S06562,1,9,0,17,19,5,1,0,0,0,0,0,0,0,1,1,2,2,1,37,7,1560,2,12,PEUGEOT 207,8,E01027174,0,-1
2020320640640,2020,320640640,1,9,0,13,13,3,7,0,0,0,5,0,7,3,1,1,6,6,1,48,8,1560,2,11,PEUGEOT 207,5,E01026034,0,-1
2020990933471,2020,990933471,1,9,0,18,19,3,7,0,0,0,0,4,0,0,1,1,6,6,2,42,7,1360,1,14,PEUGEOT 207,6,-1,0,-1
2020010243551,2020,010243551,2,9,0,99,99,9,9,99,99,4,9,99,9,99,2,9,6,6,3,-1,-1,1360,1,9,PEUGEOT 207,-1,-1,0,-1
2020052001531,2020,052001531,2,9,0,18,19,7,3,0,0,0,0,0,0,0,2,1,6,6,1,51,8,1598,1,13,PEUGEOT 207,7,E01006591,0,-1
2020530978843,2020,530978843,1,9,0,18,19,1,5,0,0,0,0,0,1,0,3,1,6,6,1,87,11,1560,2,11,PEUGEOT 207,10,E01022219,0,-1
2020440487430,2020,440487430,2,9,0,1,1,1,5,0,0,8,0,0,0,0,4,1,6,6,2,36,7,1560,2,12,PEUGEOT 207,5,E01017151,0,-1
202031B064320,2020,31B064320,5,9,0,2,2,0,0,0,0,1,0,0,0,0,2,1,6,6,3,-1,-1,1397,1,9,PEUGEOT 207,-1,-1,0,-1
2020430139325,2020,430139325,1,9,0,7,7,8,3,0,0,4,1,0,1,2,4,1,6,6,1,17,4,1398,2,11,PEUGEOT 207,9,E01017590,0,-1
2020460947193,2020,460947193,2,9,0,9,9,5,1,0,0,4,0,0,0,0,1,1,6,6,1,19,4,1560,2,13,PEUGEOT 207,8,E01024760,0,-1
2020411001408,2020,411001408,2,9,0,5,5,-1,-1,0,0,4,0,0,0,0,2,1,5,6,1,35,6,1360,1,13,PEUGEOT 207,8,E01023666,0,-1
2020200952645,2020,200952645,2,9,0,18,19,8,4,0,0,8,0,0,0,0,1,1,6,6,2,25,5,1360,1,13,PEUGEOT 207,1,E01009056,0,-1
2020450989645,2020,450989645,1,9,0,18,19,2,6,0,0,8,0,0,0,0,1,1,1,1,1,42,7,1397,1,13,PEUGEOT 207,9,E01022930,0,-1
2020460924512,2020,460924512,1,9,0,18,19,8,2,0,0,0,0,0,0,0,1,1,6,6,1,29,6,1360,1,10,PEUGEOT 207,1,E01016017,0,-1
20201377R0295,2020,1377R0295,2,9,0,18,19,1,3,0,0,0,0,0,0,0,3,1,6,6,2,38,7,1397,1,11,PEUGEOT 207,5,E01011078,0,-1
202006A175109,2020,06A175109,2,9,0,18,19,5,1,0,0,8,0,0,0,0,3,1,6,6,2,45,7,1360,1,13,PEUGEOT 207,2,E01005188,0,-1
2020031013348,2020,031013348,1,9,0,9,9,6,2,0,0,2,1,0,0,0,3,1,6,6,2,17,4,1360,1,9,PEUGEOT 207,7,E01019214,0,-1
2020552001162,2020,552001162,2,9,0,18,19,1,5,0,0,0,0,0,0,0,1,1,2,2,2,59,9,1560,2,13,PEUGEOT 207,5,E01020454,0,-1
2020302000886,2020,302000886,2,9,0,3,3,1,4,0,0,1,0,0,0,0,1,1,6,6,1,26,6,1598,1,11,PEUGEOT 207,4,E01013498,0,-1
2020370982970,2020,370982970,2,9,0,18,19,5,8,0,0,4,0,0,0,0,2,1,5,6,1,77,11,1598,1,11,PEUGEOT 207,5,E01030215,0,-1
2020410926635,2020,410926635,1,9,0,9,9,1,6,0,0,4,0,0,0,0,1,1,5,6,1,37,7,1360,1,11,PEUGEOT 207,6,E01023941,0,-1
202006E377373,2020,06E377373,2,9,0,7,7,3,5,0,0,8,0,0,0,0,4,1,6,6,2,30,6,1360,1,10,PEUGEOT 207,-1,-1,0,-1
2020302000454,2020,302000454,1,9,0,17,19,6,2,0,0,0,2,0,7,11,3,1,2,2,2,28,6,1560,2,13,PEUGEOT 207,3,E01019487,0,-1
2020210980048,2020,210980048,1,9,0,5,5,-1,-1,0,0,0,0,0,0,0,1,1,6,6,1,-1,-1,1398,2,14,PEUGEOT 207,7,E01032902,0,-1
2020500951202,2020,500951202,1,9,0,4,4,1,5,0,0,4,0,0,0,0,1,1,2,2,2,43,7,1560,2,9,PEUGEOT 207,3,E01018978,0,-1
2020421005275,2020,421005275,6,9,0,18,19,8,4,0,0,0,0,0,0,0,1,1,5,6,1,28,6,1398,2,10,PEUGEOT 207,6,E01024568,0,-1
2020052002056,2020,052002056,1,9,0,6,6,5,5,0,0,0,0,0,0,0,1,1,6,6,1,53,8,1560,2,8,PEUGEOT 207,1,E01006981,0,-1
2020122001057,2020,122001057,2,9,0,4,4,3,7,0,0,4,0,0,0,0,2,1,2,2,1,27,6,1560,2,10,PEUGEOT 207,8,E01027589,0,-1
2020451003855,2020,451003855,2,9,0,16,19,1,5,0,0,1,0,0,0,0,1,1,5,6,2,75,10,1397,1,11,PEUGEOT 207,9,E01030910,0,-1
2020430030923,2020,430030923,1,9,0,3,3,2,6,0,0,1,0,0,0,0,2,1,2,2,2,36,7,1560,2,13,PEUGEOT 207,5,E01023201,0,-1
2020201017852,2020,201017852,1,9,0,18,19,2,6,0,0,0,0,10,1,10,1,1,6,6,1,19,4,1560,2,13,PEUGEOT 207,8,E01029652,0,-1
2020440420242,2020,440420242,1,9,0,18,19,2,6,0,0,0,0,0,0,0,1,1,6,6,1,26,6,1397,1,12,PEUGEOT 207,7,E01004566,0,-1
2020220938955,2020,220938955,1,9,0,18,19,3,7,0,0,1,1,0,1,9,1,1,5,6,2,71,10,1360,1,11,PEUGEOT 207,7,E01028856,0,-1
2020340N09002,2020,340N09002,2,9,0,18,19,1,5,0,0,8,0,0,0,0,1,1,1,1,1,58,9,1560,2,9,PEUGEOT 207,3,E01026959,0,-1
2020610000121,2020,610000121,2,9,0,18,19,7,3,0,0,1,0,0,0,0,1,1,6,6,1,42,7,1560,2,12,PEUGEOT 207,1,W01001473,0,-1
2020010281215,2020,010281215,1,9,0,10,10,7,6,0,0,1,0,0,0,0,2,1,6,6,1,20,4,1360,1,9,PEUGEOT 207,4,E01002624,0,-1
2020520003110,2020,520003110,1,9,0,5,5,8,4,0,0,0,0,0,0,0,4,1,6,6,2,60,9,1560,2,7,PEUGEOT 207,8,E01032630,0,-1
2020340C06572,2020,340C06572,1,9,0,18,19,1,5,0,0,0,0,0,0,0,3,1,6,6,2,57,9,1360,1,10,PEUGEOT 207,2,E01026961,0,-1
2020545839920,2020,545839920,1,9,0,13,13,7,3,0,0,0,1,7,1,6,1,1,6,6,1,56,9,1560,2,13,PEUGEOT 207,5,E01029094,0,-1
2020501016138,2020,501016138,1,9,0,18,19,7,2,0,0,0,0,0,0,0,1,1,5,6,1,43,7,1360,1,8,PEUGEOT 207,5,E01018780,0,-1
2020460989000,2020,460989000,1,9,0,9,9,2,8,0,0,1,0,0,0,0,4,1,3,7,2,22,5,1360,1,8,PEUGEOT 207,3,E01024715,0,-1
2020302000424,2020,302000424,1,9,0,9,9,6,3,0,0,5,0,0,0,0,2,1,6,6,2,44,7,1398,2,10,PEUGEOT 207,1,E01033166,0,-1
2020340W01522,2020,340W01522,1,9,0,18,19,7,3,0,0,1,0,0,7,0,1,1,6,6,2,-1,-1,1360,1,11,PEUGEOT 207,8,E01027103,0,-1
202031C035120,2020,31C035120,1,9,0,18,19,5,1,0,0,8,0,0,0,0,1,1,3,7,2,33,6,1560,2,13,PEUGEOT 207,2,E01013858,0,-1
2020010273495,2020,010273495,1,9,0,9,9,5,2,0,0,8,0,0,0,0,1,1,2,2,1,25,5,1587,1,13,PEUGEOT 207,5,E01003949,0,-1
2020991012422,2020,991012422,1,9,0,18,19,8,4,0,0,0,1,10,1,0,1,1,5,6,2,25,5,1560,2,9,PEUGEOT 207,4,-1,0,-1
2020170M10730,2020,170M10730,1,9,0,18,19,6,2,0,0,0,0,0,0,0,1,1,6,6,1,18,4,1360,1,11,PEUGEOT 207,1,E01012011,0,-1
2020440086740,2020,440086740,2,9,0,18,19,6,2,0,0,1,0,0,0,0,1,1,6,6,2,43,7,1398,2,9,PEUGEOT 207,6,E01031860,0,-1