collision_index,collision_year,collision_ref_no,vehicle_reference,vehicle_type,towing_and_articulation,vehicle_manoeuvre_historic,vehicle_manoeuvre,vehicle_direction_from,vehicle_direction_to,vehicle_location_restricted_lane_historic,vehicle_location_restricted_lane,junction_location,skidding_and_overturning,hit_object_in_carriageway,vehicle_leaving_carriageway,hit_object_off_carriageway,first_point_of_impact,vehicle_left_hand_drive,journey_purpose_of_driver_historic,journey_purpose_of_driver,sex_of_driver,age_of_driver,age_band_of_driver,engine_capacity_cc,propulsion_code,age_of_vehicle,generic_make_model,driver_imd_decile,lsoa_of_driver,escooter_flag,driver_distance_banding
2020520100855,2020,520100855,1,9,0,9,9,7,5,0,0,8,0,0,0,0,1,1,6,6,1,50,8,1560,2,11,PEUGEOT 207,6,E01020121,0,-1
202031C072420,2020,31C072420,1,9,0,4,4,8,4,0,0,1,0,0,0,0,2,1,2,2,1,28,6,1360,1,13,PEUGEOT 207,2,E01013916,0,-1
2020470999780,2020,470999780,1,9,0,9,9,6,4,0,0,8,0,0,0,0,1,1,6,6,2,58,9,1598,1,9,PEUGEOT 207,4,E01016966,0,-1
2020360921380,2020,360921380,2,9,0,4,4,2,6,0,0,0,0,0,0,0,2,1,2,2,1,19,4,1560,2,14,PEUGEOT 207,6,E01026545,0,-1
2020122001069,2020,122001069,1,9,0,18,19,5,1,9,9,3,0,0,7,11,1,1,3,7,2,32,6,1397,1,13,PEUGEOT 207,2,E01013443,0,-1
2020460928832,2020,460928832,2,9,0,5,5,3,7,0,0,8,0,0,0,0,4,1,6,6,1,36,7,1397,1,12,PEUGEOT 207,1,E01024597,0,-1
2020302000810,2020,302000810,1,9,0,18,19,7,3,0,0,0,5,0,7,2,1,1,6,6,2,22,5,1360,1,12,PEUGEOT 207,7,E01019713,0,-1
2020100931527,2020,100931527,1,9,0,17,19,5,1,0,0,0,2,0,7,0,3,1,5,6,1,26,6,1560,2,14,PEUGEOT 207,2,E01013597,0,-1
2020160941657,2020,160941657,1,19,0,2,2,3,7,0,0,0,0,0,0,0,2,1,6,6,1,21,5,1398,2,13,-1,7,E01032596,0,-1
2020610009820,2020,610009820,1,9,0,4,4,1,5,0,0,1,0,0,0,0,1,1,6,6,2,56,9,1398,2,11,PEUGEOT 207,1,W01001441,0,-1
2020160946846,2020,160946846,1,9,0,17,19,7,4,0,0,0,1,0,1,10,1,1,6,6,2,52,8,1360,1,11,PEUGEOT 207,7,E01013046,0,-1
2020990939650,2020,990939650,1,9,0,14,14,3,8,0,0,0,1,4,1,4,1,2,6,6,1,19,4,1560,2,14,PEUGEOT 207,2,-1,0,-1
2020140968907,2020,140968907,1,9,0,18,19,3,6,0,0,0,0,0,2,11,3,1,6,6,1,20,4,1560,2,14,PEUGEOT 207,6,E01008046,0,-1
2020052001261,2020,052001261,2,9,0,2,2,0,0,0,0,0,1,4,0,0,2,1,6,6,3,-1,-1,1560,2,12,PEUGEOT 207,-1,-1,0,-1
2020302000579,2020,302000579,1,9,0,16,19,4,2,0,0,0,1,0,8,4,4,1,6,6,1,24,5,1360,1,8,PEUGEOT 207,5,E01019456,0,-1
2020522005135,2020,522005135,1,9,0,18,19,5,1,0,0,0,0,0,0,0,2,1,6,6,1,27,6,1598,1,13,PEUGEOT 207,7,E01014423,0,-1
2020052002534,2020,052002534,1,9,0,18,19,6,2,0,0,8,0,0,0,0,4,1,6,6,2,31,6,1598,1,13,PEUGEOT 207,1,E01007238,0,-1
2020461002603,2020,461002603,1,3,0,18,19,2,6,0,0,0,0,0,0,0,1,1,5,6,1,19,4,124,1,10,-1,4,E01016143,0,-1
2020360996708,2020,360996708,2,3,0,14,14,4,8,0,0,0,5,0,0,0,3,1,6,6,1,17,4,124,1,2,SUZUKI GSXS 1100,2,E01026600,0,-1
2020010259035,2020,010259035,1,3,0,17,19,1,5,0,0,1,0,0,0,0,4,1,2,2,1,45,7,124,1,2,SUZUKI GSXS 1100,-1,-1,0,-1
2020040941066,2020,040941066,1,3,0,18,19,4,8,0,0,4,1,0,0,0,2,1,5,6,1,20,4,124,1,2,SUZUKI GSXS 1100,1,E01033224,0,-1
2020460944343,2020,460944343,1,3,0,17,19,4,1,0,0,0,0,0,0,0,4,1,5,6,1,23,5,124,1,3,SUZUKI GSXS 1100,9,E01024416,0,-1
2020400928791,2020,400928791,1,3,0,16,19,5,2,0,0,0,0,0,0,0,3,1,2,2,2,23,5,125,1,1,SUZUKI GSXS 1100,7,E01023585,0,-1
2020010244345,2020,010244345,1,3,0,99,99,9,9,99,99,9,9,99,9,99,9,-1,6,6,1,22,5,124,1,3,SUZUKI GSXS 1100,3,E01000740,0,-1
2020010247667,2020,010247667,1,3,0,10,10,5,2,0,0,6,0,0,0,0,2,-1,6,6,1,48,8,124,1,2,SUZUKI GSXS 1100,5,E01003085,0,-1
2020461002155,2020,461002155,2,3,0,3,3,7,3,0,0,2,0,0,0,0,1,1,5,6,1,37,7,125,1,1,SUZUKI GSXS 1100,2,E01023975,0,-1
2020010278060,2020,010278060,2,3,0,13,13,7,3,0,0,8,0,0,0,0,1,1,6,6,1,30,6,124,1,2,SUZUKI GSXS 1100,7,E01003199,0,-1
202031A052420,2020,31A052420,2,3,0,7,7,3,5,0,0,5,0,0,0,0,2,1,1,1,1,51,8,125,1,1,SUZUKI GSXS 1100,2,E01027986,0,-1
2020530932898,2020,530932898,2,3,0,18,19,2,2,0,0,1,1,0,0,0,1,1,5,6,1,19,4,125,1,1,SUZUKI GSXS 1100,2,E01022457,0,-1
2020010237531,2020,010237531,1,4,0,18,19,3,7,0,0,2,0,0,0,0,1,1,2,2,1,33,6,250,1,11,-1,4,E01002603,0,-1
2020010235047,2020,010235047,2,9,0,18,19,7,3,0,0,0,0,0,0,0,1,1,6,6,2,41,7,1498,1,3,VOLVO V40,7,E01002687,0,-1
2020552000834,2020,552000834,1,9,0,5,5,2,6,0,0,6,0,0,0,0,3,1,6,6,2,31,6,1560,2,6,VOLVO V40,8,E01015389,0,-1
2020137410243,2020,137410243,1,9,0,18,19,2,6,0,0,0,5,0,8,11,1,1,6,6,1,72,10,1969,1,3,VOLVO V40,9,E01011186,0,-1
2020541738120,2020,541738120,2,9,0,9,9,3,8,0,0,7,0,0,0,0,3,1,6,6,2,64,9,1969,1,2,VOLVO V40,6,E01031479,0,-1
2020010284426,2020,010284426,1,9,0,18,19,8,4,0,0,1,0,0,0,0,1,1,6,6,1,39,7,1969,2,3,VOLVO V40,2,E01004392,0,-1
2020040927523,2020,040927523,2,9,0,18,19,1,5,0,0,0,0,0,0,0,1,1,2,2,1,24,5,1560,2,7,VOLVO V40,6,E01025495,0,-1
2020370946744,2020,370946744,3,9,0,2,2,0,0,0,0,0,0,4,0,0,3,1,5,6,1,-1,-1,1969,2,2,VOLVO V40,4,E01030123,0,-1
2020100935234,2020,100935234,1,9,0,18,19,5,1,0,0,1,0,0,0,0,4,1,2,2,1,41,7,1969,1,5,VOLVO V40,-1,-1,0,-1
2020052001557,2020,052001557,2,9,0,18,19,1,5,0,0,0,0,0,0,0,4,1,6,6,1,36,7,1834,1,18,VOLVO V40,1,E01007290,0,-1
2020500988361,2020,500988361,1,9,0,18,19,1,5,0,0,0,1,0,1,0,1,1,5,6,1,27,6,1948,1,23,VOLVO V40,2,E01018854,0,-1
2020010263566,2020,010263566,3,9,0,3,3,3,7,0,0,1,0,0,0,0,2,1,6,6,1,50,8,1870,2,18,VOLVO V40,7,E01001474,0,-1
2020470956353,2020,470956353,2,9,0,3,3,4,8,0,0,2,0,0,0,0,2,1,6,6,1,42,7,1969,2,4,VOLVO V40,5,E01021031,0,-1
2020070458789,2020,070458789,2,9,0,18,19,3,7,0,0,8,0,0,1,11,3,1,2,2,1,60,9,1969,2,3,VOLVO V40,6,E01018422,0,-1
2020140960265,2020,140960265,1,9,0,17,19,4,8,0,0,0,0,0,0,0,2,1,2,2,1,26,6,1969,2,4,VOLVO V40,3,E01007397,0,-1
2020460983679,2020,460983679,2,9,0,18,19,5,1,0,0,0,0,0,0,0,3,1,6,6,1,75,10,1969,1,2,VOLVO V40,10,E01021158,0,-1
2020052002058,2020,052002058,2,9,0,18,19,5,1,0,0,5,0,0,0,0,1,1,2,2,1,33,6,1498,1,4,VOLVO V40,1,E01006738,0,-1
202006XN69087,2020,06XN69087,3,9,0,18,19,2,6,0,0,0,1,0,1,0,3,1,6,6,1,41,7,1498,1,2,VOLVO V40,-1,-1,0,-1
202006XI68481,2020,06XI68481,1,9,0,11,11,7,3,0,0,0,0,0,1,7,1,1,6,6,2,36,7,1984,2,8,VOLVO V40,-1,-1,0,-1
2020040962800,2020,040962800,3,9,0,13,13,6,2,0,0,0,0,0,0,0,3,1,2,2,2,48,8,1560,2,6,VOLVO V40,5,E01025331,0,-1
2020990932947,2020,990932947,1,9,0,4,4,5,7,0,0,1,1,0,0,0,1,1,5,6,2,27,6,1560,2,5,VOLVO V40,5,-1,0,-1
2020010285224,2020,010285224,1,9,0,9,9,1,7,0,0,1,0,0,0,0,1,1,1,1,2,30,6,1969,1,2,VOLVO V40,7,E01001131,0,-1
2020302001583,2020,302001583,1,9,0,1,1,4,8,0,0,0,0,0,0,0,2,1,6,6,1,25,5,1560,2,5,VOLVO V40,9,E01019670,0,-1
2020410927745,2020,410927745,3,9,0,18,19,4,8,0,0,0,1,0,0,0,1,1,1,1,1,33,6,1969,2,3,VOLVO V40,4,E01002486,0,-1
2020622000853,2020,622000853,2,9,0,2,2,0,0,0,0,1,0,0,0,0,3,1,6,6,3,-1,-1,1969,2,4,VOLVO V40,-1,-1,0,-1
2020010268474,2020,010268474,1,9,0,99,99,9,9,99,99,9,9,99,9,99,2,9,6,6,1,23,5,1498,1,5,VOLVO V40,3,E01000222,0,-1
2020100968926,2020,100968926,1,9,0,18,19,6,2,0,0,4,0,0,0,0,1,1,2,2,1,58,9,1969,2,3,VOLVO V40,5,E01027480,0,-1
2020220968414,2020,220968414,2,9,0,16,19,7,1,0,0,0,0,0,0,0,1,1,5,6,2,30,6,1560,2,7,VOLVO V40,4,E01032479,0,-1
2020990975323,2020,990975323,1,9,0,9,9,8,4,0,0,7,0,0,0,0,1,1,6,6,2,70,10,1969,2,3,VOLVO V40,1,-1,0,-1
2020141009047,2020,141009047,1,9,0,17,19,1,5,0,0,0,0,0,0,0,1,1,6,6,1,47,8,1969,2,2,VOLVO V40,7,E01007689,0,-1
2020122001212,2020,122001212,2,9,0,9,9,7,3,0,0,5,0,0,7,0,2,1,6,6,1,46,8,1984,2,6,VOLVO V40,8,E01027801,0,-1
2020470940019,2020,470940019,2,9,0,18,19,3,3,0,0,0,0,0,0,0,3,1,6,6,1,69,10,1948,1,16,VOLVO V40,3,E01015491,0,-1
2020552000719,2020,552000719,2,9,0,9,9,6,4,0,0,1,0,0,0,0,3,1,6,6,2,35,6,1560,2,8,VOLVO V40,4,E01015328,0,-1
2020030993412,2020,030993412,1,9,0,16,19,7,3,0,0,0,0,0,0,0,4,1,3,7,2,38,7,1969,2,2,VOLVO V40,4,E01019229,0,-1
2020040928046,2020,040928046,1,9,0,9,9,5,1,0,0,1,0,0,0,0,1,1,6,6,1,29,6,1969,2,5,VOLVO V40,2,E01012746,0,-1
2020200929689,2020,200929689,3,9,0,17,19,6,3,0,0,0,0,0,0,0,1,1,6,6,1,25,5,1560,2,6,VOLVO V40,3,E01032536,0,-1
2020302000761,2020,302000761,2,9,0,3,3,4,6,0,0,0,0,0,0,0,2,1,6,6,2,59,9,1984,2,7,VOLVO V40,10,E01019604,0,-1
20201371F1485,2020,1371F1485,3,9,0,18,19,1,5,0,0,0,0,0,0,0,3,1,1,1,2,30,6,1969,2,1,VOLVO V40,-1,-1,0,-1
2020501015838,2020,501015838,2,9,0,2,2,0,0,0,0,2,0,0,0,0,2,1,6,6,1,55,8,1969,1,4,VOLVO V40,9,E01019965,0,-1
2020520002073,2020,520002073,2,9,0,18,19,6,2,0,0,0,0,0,0,0,1,1,6,6,1,70,10,1984,2,6,VOLVO V40,5,E01029259,0,-1
2020200990097,2020,200990097,1,9,0,9,9,5,3,0,0,4,0,0,0,0,4,1,6,6,1,-1,-1,1783,1,17,VOLVO V40,-1,-1,0,-1
2020552000840,2020,552000840,2,9,0,3,3,2,6,0,0,0,0,0,0,0,2,1,6,6,1,50,8,1560,2,6,VOLVO V40,3,E01017220,0,-1
2020470965379,2020,470965379,2,9,0,18,19,8,4,0,0,0,0,0,0,0,1,1,5,6,1,38,7,1969,2,4,VOLVO V40,5,E01031583,0,-1
2020440001314,2020,440001314,2,9,0,18,19,3,7,0,0,8,0,0,0,0,1,1,6,6,1,41,7,1969,2,5,VOLVO V40,10,E01022740,0,-1
2020430334969,2020,430334969,1,9,0,18,19,2,6,0,0,0,0,0,0,0,1,1,2,2,2,23,5,1498,1,2,VOLVO V40,10,E01016411,0,-1
2020420984890,2020,420984890,1,9,0,18,19,4,8,0,0,0,0,0,0,0,1,1,6,6,1,59,9,2497,1,6,VOLVO V40,9,E01021973,0,-1
2020041002249,2020,041002249,1,9,4,5,5,6,2,0,0,0,0,0,0,0,3,1,6,6,2,42,7,1984,2,7,VOLVO V40,9,E01025453,0,-1
2020430241218,2020,430241218,1,9,0,7,7,7,1,0,0,8,0,0,0,0,1,1,2,2,2,47,8,1498,1,2,VOLVO V40,8,E01028630,0,-1
2020010261942,2020,010261942,1,9,0,5,5,7,3,0,0,6,0,0,0,0,1,1,1,1,1,60,9,1498,1,3,VOLVO V40,3,E01003997,0,-1
2020450938218,2020,450938218,2,9,0,3,3,8,4,0,0,0,0,0,0,0,2,1,2,2,1,41,7,1596,1,5,VOLVO V40,4,E01032732,0,-1
2020361006802,2020,361006802,2,9,0,11,11,5,1,0,0,8,0,0,0,0,3,1,5,6,2,57,9,1969,2,4,VOLVO V40,9,E01018296,0,-1
2020070707801,2020,070707801,2,9,0,2,2,0,0,0,0,0,0,0,0,0,3,1,6,6,1,63,9,1969,1,3,VOLVO V40,10,E01018576,0,-1
2020460965025,2020,460965025,2,9,0,18,19,8,4,0,0,0,1,7,4,0,3,1,5,6,2,69,10,1969,1,2,VOLVO V40,9,E01021229,0,-1
2020200947091,2020,200947091,2,9,0,16,19,6,1,0,0,0,0,0,0,0,0,1,6,6,1,87,11,1498,1,3,VOLVO V40,9,E01010332,0,-1
2020990955698,2020,990955698,1,9,0,7,7,7,3,0,0,3,0,0,0,0,4,1,6,6,1,31,6,1969,2,4,VOLVO V40,4,-1,0,-1
2020010257972,2020,010257972,1,9,0,8,8,5,7,0,0,5,0,0,0,0,3,1,6,6,1,28,6,1969,2,3,VOLVO V40,3,E01003916,0,-1
202054A935820,2020,54A935820,1,9,0,18,19,2,6,0,0,0,0,0,0,0,4,1,6,6,1,53,8,1969,1,1,VOLVO V40,5,E01031937,0,-1
2020530964427,2020,530964427,2,9,0,18,19,3,7,0,0,1,0,0,0,0,2,1,6,6,1,58,9,1969,1,3,VOLVO V40,8,E01018224,0,-1
2020351005435,2020,351005435,1,9,0,9,9,1,7,0,0,6,0,0,0,0,1,1,6,6,1,57,9,1969,1,1,VOLVO V40,8,E01033116,0,-1
2020430048458,2020,430048458,1,9,0,3,3,5,1,0,0,1,0,0,0,0,1,1,6,6,1,42,7,1984,2,7,VOLVO V40,5,E01016376,0,-1
2020470952578,2020,470952578,2,9,0,18,19,6,2,0,0,1,0,0,0,0,4,1,5,6,1,24,5,1560,2,6,VOLVO V40,1,E01020979,0,-1
20201378L1445,2020,1378L1445,2,9,0,9,9,3,7,0,0,1,0,0,0,0,4,1,6,6,1,57,9,1969,1,2,VOLVO V40,2,E01010869,0,-1
2020990920048,2020,990920048,1,9,0,9,9,5,3,0,0,8,0,0,0,0,1,1,2,2,1,64,9,1587,1,16,VOLVO V40,-1,-1,0,-1
2020990926458,2020,990926458,2,9,0,18,19,8,4,0,0,0,0,0,0,0,1,1,5,6,2,22,5,1560,2,6,VOLVO V40,1,-1,0,-1
2020122000754,2020,122000754,2,9,0,3,3,2,6,0,0,0,0,0,0,0,2,1,6,6,2,45,7,1560,2,5,VOLVO V40,10,E01013439,0,-1
2020010247199,2020,010247199,2,9,0,99,99,9,9,99,99,9,9,99,9,99,4,9,6,6,3,57,9,1870,2,16,VOLVO V40,6,E01003954,0,-1
2020991003886,2020,991003886,5,9,0,18,19,6,2,0,0,0,0,0,0,0,2,1,6,6,2,41,7,1969,1,4,VOLVO V40,8,-1,0,-1
2020010246117,2020,010246117,2,9,0,9,9,5,3,0,0,1,0,0,0,0,1,2,6,6,1,74,10,1498,1,1,VOLVO V40,6,E01001236,0,-1
2020430339597,2020,430339597,2,9,0,18,19,6,2,0,0,0,0,0,0,0,1,1,1,1,2,49,8,1560,2,8,VOLVO V40,-1,-1,0,-1
2020137811022,2020,137811022,2,9,0,18,19,5,1,0,0,0,0,0,0,0,4,1,6,6,1,29,6,1969,2,5,VOLVO V40,1,E01010874,0,-1
2020370953958,2020,370953958,1,9,0,9,9,3,7,0,0,1,0,0,0,0,1,1,5,6,1,58,9,1560,2,6,VOLVO V40,3,E01029916,0,-1
2020547040620,2020,547040620,1,9,0,1,1,3,7,0,0,0,0,0,0,0,1,1,6,6,1,24,5,1969,1,1,VOLVO V40,2,E01015537,0,-1
20201379R1421,2020,1379R1421,2,9,0,9,9,3,1,0,0,6,0,0,7,4,3,1,6,6,1,55,8,1596,1,5,VOLVO V40,5,E01011356,0,-1
2020010253685,2020,010253685,2,9,0,11,11,1,5,0,0,8,0,0,0,0,2,2,1,1,1,24,5,1969,2,5,VOLVO V40,9,W01000415,0,-1
2020220964133,2020,220964133,1,9,0,4,4,4,7,0,0,1,0,0,0,0,4,1,5,6,1,33,6,1560,2,5,VOLVO V40,2,E01014140,0,-1
2020010271146,2020,010271146,1,9,9,99,99,9,9,99,99,9,9,99,9,99,9,9,6,6,2,44,7,1969,1,3,VOLVO V40,2,E01001414,0,-1
2020010282942,2020,010282942,1,9,0,99,99,9,9,99,99,4,9,99,9,99,2,9,6,6,1,29,6,1560,2,7,VOLVO V40,3,E01004408,0,-1
2020010277246,2020,010277246,1,9,0,9,9,1,7,0,0,5,0,0,7,0,4,1,6,6,1,52,8,1560,2,8,VOLVO V40,4,E01009012,0,-1
2020201008195,2020,201008195,1,9,0,18,19,4,8,0,0,1,0,0,0,0,1,1,6,6,2,-1,-1,1560,2,7,VOLVO V40,-1,-1,0,-1
2020320072248,2020,320072248,3,9,0,18,19,2,6,0,0,1,0,0,7,0,1,1,6,6,2,48,8,1969,2,3,VOLVO V40,4,E01026207,0,-1
2020340D07272,2020,340D07272,1,9,0,18,19,3,7,0,0,0,0,0,0,0,1,1,6,6,1,25,5,1560,2,7,VOLVO V40,3,E01027240,0,-1
2020430070692,2020,430070692,1,9,0,18,19,1,5,0,0,0,0,8,0,0,1,1,6,6,2,68,10,1498,1,2,VOLVO V40,9,E01028537,0,-1
2020010273486,2020,010273486,1,9,0,3,3,3,7,0,0,8,0,0,0,0,3,1,1,1,1,50,8,1498,1,2,VOLVO V40,7,E01003199,0,-1
2020990955083,2020,990955083,1,9,0,16,19,4,7,0,0,0,2,0,7,0,1,1,5,6,1,22,5,1560,2,6,VOLVO V40,1,-1,0,-1
2020430161097,2020,430161097,2,9,0,11,11,1,5,0,0,1,0,0,0,0,4,1,2,2,2,30,6,1969,2,5,VOLVO V40,10,E01016668,0,-1
2020052001956,2020,052001956,2,9,0,7,7,7,1,0,0,5,0,0,0,0,3,1,6,6,1,28,6,1969,1,1,VOLVO V40,2,E01007125,0,-1
2020040976727,2020,040976727,1,9,0,18,19,3,7,0,0,2,0,0,0,0,1,1,6,6,3,59,9,1498,1,2,VOLVO V40,9,E01025453,0,-1
2020420943102,2020,420943102,2,9,0,18,19,1,5,0,0,0,0,0,0,0,3,1,5,6,2,51,8,1587,1,16,VOLVO V40,5,E01021741,0,-1
2020440346228,2020,440346228,2,9,0,18,19,5,1,0,0,2,1,0,1,0,1,1,1,1,1,66,10,1588,1,20,VOLVO V40,2,E01022970,0,-1
2020221003455,2020,221003455,1,9,0,18,19,3,7,0,0,0,0,0,0,0,4,1,5,6,2,41,7,1969,2,4,VOLVO V40,5,E01028895,0,-1
2020140931569,2020,140931569,1,9,0,18,19,3,7,0,0,8,0,0,0,0,4,1,6,6,2,22,5,1560,2,6,VOLVO V40,8,E01007685,0,-1
2020210985990,2020,210985990,2,9,0,5,5,7,2,0,0,0,0,0,0,0,4,1,1,1,2,52,8,1560,2,6,VOLVO V40,5,E01014335,0,-1
2020070778070,2020,070778070,1,9,0,9,9,7,5,0,0,1,0,0,0,0,4,1,1,1,1,27,6,1969,2,4,VOLVO V40,8,E01018443,0,-1
2020137921328,2020,137921328,3,9,0,18,19,1,5,0,0,0,0,0,0,0,2,1,1,1,1,28,6,1969,1,4,VOLVO V40,1,E01011906,0,-1
2020010257536,2020,010257536,1,9,0,99,99,9,9,99,99,9,9,99,9,99,9,9,6,6,2,39,7,1969,2,6,VOLVO V40,3,E01004415,0,-1
2020040934371,2020,040934371,1,9,0,9,9,5,3,0,0,5,0,0,0,0,4,1,5,6,2,26,6,1969,1,2,VOLVO V40,4,E01025407,0,-1
2020302001312,2020,302001312,1,9,0,9,9,4,2,0,0,5,0,0,0,0,1,1,6,6,1,57,9,1969,1,1,VOLVO V40,8,E01019757,0,-1
2020450923884,2020,450923884,2,9,0,17,19,5,1,0,0,0,0,0,0,0,3,1,5,6,1,51,8,1560,2,7,VOLVO V40,5,E01031467,0,-1
2020460981802,2020,460981802,2,9,0,3,3,7,1,0,0,1,0,0,0,0,2,1,2,2,2,62,9,1560,2,6,VOLVO V40,6,E01000727,0,-1
202006N268648,2020,06N268648,1,9,0,18,19,1,5,0,0,1,0,0,0,0,1,1,6,6,3,-1,-1,1969,2,3,VOLVO V40,-1,-1,0,-1
2020040960421,2020,040960421,1,9,0,5,5,1,5,0,0,4,0,0,0,0,1,1,5,6,1,26,6,1560,2,5,VOLVO V40,5,E01025304,0,-1
2020200996619,2020,200996619,1,9,-1,-1,-1,-1,-1,-1,-1,0,-1,-1,-1,0,-1,1,6,6,1,25,5,1969,2,5,VOLVO V40,2,E01014285,0,-1
2020160997201,2020,160997201,1,9,0,7,7,7,2,0,0,3,0,0,0,0,1,1,6,6,1,55,8,1969,1,1,VOLVO V40,-1,-1,0,-1
202031D052920,2020,31D052920,1,9,0,18,19,7,3,0,0,0,0,4,0,0,1,1,6,6,2,61,9,1969,2,5,VOLVO V40,6,E01027994,0,-1
202031P129320,2020,31P129320,1,9,0,12,12,5,1,0,0,0,0,0,0,0,0,1,6,6,2,31,6,1560,2,7,VOLVO V40,8,E01006053,0,-1
2020010278100,2020,010278100,1,9,0,18,19,5,1,0,0,4,0,0,0,0,1,1,6,6,1,39,7,1560,2,5,VOLVO V40,-1,-1,0,-1
2020100917916,2020,100917916,2,9,0,3,3,6,2,0,0,0,0,0,0,0,2,1,1,1,1,43,7,1969,1,1,VOLVO V40,7,-1,0,-1
2020010262197,2020,010262197,1,9,0,1,1,3,7,0,0,8,0,0,0,0,2,1,6,6,1,21,5,1560,2,7,VOLVO V40,4,E01002088,0,-1
2020320450428,2020,320450428,1,9,0,7,7,3,5,0,0,6,0,0,7,0,3,1,6,6,1,29,6,1984,2,6,VOLVO V40,6,E01026159,0,-1
2020461010705,2020,461010705,3,9,0,18,19,3,7,0,0,0,0,0,0,0,1,1,5,6,1,54,8,1560,2,6,VOLVO V40,3,E01024509,0,-1
2020230988254,2020,230988254,3,9,0,18,19,2,6,0,0,8,0,0,0,0,2,1,5,6,1,55,8,1969,1,3,VOLVO V40,10,E01010212,0,-1
2020230921014,2020,230921014,3,9,0,3,3,1,5,0,0,0,0,0,0,0,2,1,3,7,2,51,8,1560,2,6,VOLVO V40,5,E01031114,0,-1
2020137561071,2020,137561071,1,9,0,18,19,2,6,0,0,0,5,0,0,0,1,1,6,6,1,44,7,1870,2,17,VOLVO V40,-1,-1,0,-1
2020122001000,2020,122001000,2,9,0,18,19,5,1,0,0,1,0,0,0,0,1,1,4,7,1,50,8,1969,2,3,VOLVO V40,3,E01027612,0,-1
2020990931871,2020,990931871,3,9,0,13,13,3,7,0,0,0,0,0,0,0,0,1,6,6,1,27,6,1560,2,5,VOLVO V40,6,-1,0,-1
2020137980316,2020,137980316,1,9,0,18,19,5,1,0,0,1,0,0,0,0,1,1,6,6,1,39,7,1560,2,5,VOLVO V40,8,E01032501,0,-1
2020990949079,2020,990949079,2,9,0,10,10,3,1,0,0,1,0,0,0,0,3,1,5,6,1,46,8,1560,2,6,VOLVO V40,4,-1,0,-1
2020360921770,2020,360921770,2,9,0,4,4,1,5,0,0,0,0,0,0,0,2,1,6,6,2,33,6,1560,2,5,VOLVO V40,5,E01026878,0,-1
2020211013136,2020,211013136,2,9,0,3,3,5,1,0,0,0,0,0,0,0,2,1,6,6,2,41,7,1969,2,1,VOLVO V40,8,E01029534,0,-1
2020052001027,2020,052001027,2,9,0,2,2,0,0,0,0,2,0,0,0,0,2,1,6,6,1,31,6,1560,2,6,VOLVO V40,1,E01006414,0,-1
2020410932662,2020,410932662,1,9,0,18,19,6,1,0,0,1,0,0,0,0,3,1,5,6,2,53,8,1560,2,6,VOLVO V40,9,E01023849,0,-1
2020360974544,2020,360974544,2,9,0,18,19,7,3,0,0,0,0,0,0,0,1,1,6,6,2,63,9,1984,2,7,VOLVO V40,3,E01026853,0,-1
2020052001351,2020,052001351,1,9,0,9,9,4,8,0,0,8,0,10,0,0,4,1,6,6,1,23,5,1969,1,1,VOLVO V40,8,E01007103,0,-1
2020302001436,2020,302001436,2,9,0,18,19,8,4,0,0,0,0,0,0,0,2,1,6,6,1,24,5,1498,1,3,VOLVO V40,8,E01019616,0,-1
2020160983809,2020,160983809,2,9,0,18,19,4,8,0,0,1,0,0,0,0,1,1,6,6,2,39,7,1560,2,6,VOLVO V40,4,E01013314,0,-1
2020140928300,2020,140928300,2,9,0,18,19,1,5,0,0,0,5,0,1,0,3,1,5,6,1,55,8,1969,1,4,VOLVO V40,2,E01007759,0,-1
2020010279888,2020,010279888,3,9,0,2,2,0,0,9,9,2,0,0,0,0,4,1,6,6,3,-1,-1,1969,1,1,VOLVO V40,-1,-1,0,-1
2020552001132,2020,552001132,2,9,0,17,19,7,3,0,0,8,1,0,1,0,3,1,6,6,2,38,7,1969,1,5,VOLVO V40,10,E01015315,0,-1
2020160980746,2020,160980746,2,9,0,18,19,7,3,0,0,0,0,0,0,0,1,1,5,6,1,61,9,1969,1,4,VOLVO V40,3,E01012774,0,-1
2020010247426,2020,010247426,2,9,0,2,2,0,0,0,0,0,0,0,0,0,2,1,6,6,3,-1,-1,1969,1,2,VOLVO V40,-1,-1,0,-1
2020420959681,2020,420959681,1,9,0,5,5,2,6,0,0,1,0,0,7,0,1,1,5,6,1,46,8,1984,2,7,VOLVO V40,8,E01033138,0,-1
2020101001349,2020,101001349,2,9,0,18,19,2,7,0,0,8,0,0,0,0,4,1,6,6,2,55,8,1560,2,5,VOLVO V40,7,E01008585,0,-1
2020302000856,2020,302000856,2,9,0,18,19,8,4,0,0,0,0,11,0,0,1,1,6,6,1,56,9,1969,2,4,VOLVO V40,5,E01019407,0,-1
2020010234199,2020,010234199,2,9,0,99,99,9,9,99,99,0,9,99,9,99,1,9,6,6,3,-1,-1,1783,1,17,VOLVO V40,6,E01002984,0,-1
2020010241722,2020,010241722,1,9,0,3,3,5,1,0,0,0,0,0,0,0,1,1,6,6,1,57,9,1984,2,6,VOLVO V40,10,E01023230,0,-1