collision_index,collision_year,collision_ref_no,vehicle_reference,vehicle_type,towing_and_articulation,vehicle_manoeuvre_historic,vehicle_manoeuvre,vehicle_direction_from,vehicle_direction_to,vehicle_location_restricted_lane_historic,vehicle_location_restricted_lane,junction_location,skidding_and_overturning,hit_object_in_carriageway,vehicle_leaving_carriageway,hit_object_off_carriageway,first_point_of_impact,vehicle_left_hand_drive,journey_purpose_of_driver_historic,journey_purpose_of_driver,sex_of_driver,age_of_driver,age_band_of_driver,engine_capacity_cc,propulsion_code,age_of_vehicle,generic_make_model,driver_imd_decile,lsoa_of_driver,escooter_flag,driver_distance_banding
2020500941548,2020,500941548,1,9,0,4,4,5,1,0,0,0,0,0,0,0,1,1,5,6,1,77,11,1870,2,17,VOLVO V40,3,E01015238,0,-1
202031D045020,2020,31D045020,2,9,0,18,19,2,6,0,0,4,0,0,7,1,1,1,2,2,2,53,8,1560,2,6,VOLVO V40,5,E01013509,0,-1
2020220971441,2020,220971441,1,9,0,16,19,8,3,0,0,0,0,0,1,0,3,1,5,6,1,55,8,1560,2,7,VOLVO V40,4,E01032473,0,-1
2020370952266,2020,370952266,1,9,0,18,19,1,5,0,0,1,0,0,0,0,1,1,5,6,1,29,6,1969,2,4,VOLVO V40,5,E01029992,0,-1
2020470966281,2020,470966281,1,9,0,16,19,2,5,0,0,8,1,9,7,1,1,1,5,6,1,33,6,1969,2,3,VOLVO V40,7,E01031421,0,-1
2020460965282,2020,460965282,3,9,0,18,19,7,3,0,0,0,0,0,0,0,1,1,6,6,2,37,7,1560,2,7,VOLVO V40,4,E01028445,0,-1
2020990964872,2020,990964872,2,9,0,18,19,4,8,0,0,8,0,0,0,0,1,1,2,2,1,47,8,1969,2,5,VOLVO V40,1,-1,0,-1
2020552000573,2020,552000573,2,9,0,18,19,5,1,0,0,0,0,0,0,0,2,1,6,6,2,24,5,1969,2,5,VOLVO V40,10,E01020381,0,-1
2020052001515,2020,052001515,3,9,0,2,2,0,0,0,0,0,0,0,0,0,1,1,6,6,3,-1,-1,1498,1,1,VOLVO V40,-1,-1,0,-1
202031D153320,2020,31D153320,2,9,0,4,4,5,1,0,0,0,0,0,0,0,2,1,6,6,1,44,7,1560,2,7,VOLVO V40,5,E01027946,0,-1
202006L167736,2020,06L167736,1,9,0,18,19,6,2,0,0,0,0,0,0,0,1,1,6,6,2,30,6,1969,2,6,VOLVO V40,8,E01006363,0,-1
2020500941675,2020,500941675,2,9,0,18,19,1,5,0,0,0,0,0,0,0,2,1,6,6,1,31,6,1969,1,2,VOLVO V40,6,E01018826,0,-1
2020122100051,2020,122100051,1,9,0,5,5,1,5,0,0,4,0,0,0,0,0,1,6,6,2,61,9,1969,1,2,VOLVO V40,3,E01027846,0,-1
2020340D80072,2020,340D80072,5,9,0,18,19,5,1,0,0,0,0,0,0,0,0,1,2,2,1,22,5,1969,2,2,VOLVO V40,5,E01013840,0,-1
2020610027320,2020,610027320,1,9,0,1,1,8,7,9,9,1,0,0,0,0,2,1,6,6,1,32,6,1560,2,6,VOLVO V40,8,W01001654,0,-1
2020201000744,2020,201000744,1,9,0,9,9,3,1,0,0,5,0,0,0,0,3,1,1,1,1,-1,-1,1560,2,5,VOLVO V40,4,E01010015,0,-1
2020990998139,2020,990998139,2,9,0,18,19,5,8,0,0,1,0,0,0,0,3,1,5,6,2,46,8,1560,2,6,VOLVO V40,2,-1,0,-1
202006J372442,2020,06J372442,1,9,0,5,5,4,2,0,0,4,0,0,0,0,1,1,6,6,1,52,8,1969,2,3,VOLVO V40,9,E01005926,0,-1
2020440060624,2020,440060624,1,9,0,6,6,2,2,0,0,8,0,0,0,0,0,1,1,1,1,36,7,1969,2,3,VOLVO V40,8,E01017196,0,-1
2020549421220,2020,549421220,1,9,0,18,19,1,5,0,0,6,0,0,0,0,4,1,2,2,2,88,11,1560,2,7,VOLVO V40,6,E01015585,0,-1
2020500961390,2020,500961390,2,9,0,18,19,1,5,0,0,0,0,0,0,0,2,1,6,6,1,74,10,1560,2,6,VOLVO V40,2,E01015239,0,-1
2020460982436,2020,460982436,2,9,0,18,19,5,3,0,0,1,0,0,0,0,1,1,5,6,1,33,6,1969,2,2,VOLVO V40,7,E01024388,0,-1
2020302001094,2020,302001094,3,9,0,10,10,1,6,0,0,1,0,0,0,0,2,1,6,6,2,55,8,1969,1,3,VOLVO V40,8,E01019449,0,-1
2020230936709,2020,230936709,2,9,0,3,3,2,6,0,0,1,0,0,0,0,2,1,5,6,2,48,8,1498,1,2,VOLVO V40,6,E01031206,0,-1
2020460984888,2020,460984888,4,9,0,2,2,0,0,0,0,0,0,0,0,0,2,1,6,6,1,62,9,1969,1,2,VOLVO V40,5,E01024282,0,-1
2020430364582,2020,430364582,1,9,0,18,19,7,3,0,0,0,0,0,0,0,1,1,6,6,1,74,10,1560,2,6,VOLVO V40,6,E01028575,0,-1
2020450917094,2020,450917094,1,9,0,13,13,5,1,0,0,1,1,0,0,0,1,1,5,6,1,25,5,1560,2,8,VOLVO V40,9,E01001104,0,-1
2020010241273,2020,010241273,1,9,0,18,19,5,1,0,0,1,0,0,0,0,0,1,3,7,2,65,9,1498,1,3,VOLVO V40,9,E01000396,0,-1
2020451007666,2020,451007666,2,9,0,12,12,3,7,0,0,1,0,0,0,0,3,1,1,1,1,53,8,1783,1,18,VOLVO V40,2,E01002561,0,-1
2020320475509,2020,320475509,1,9,0,18,19,1,5,0,0,1,0,0,7,0,3,1,2,2,2,30,6,1560,2,7,VOLVO V40,3,E01026235,0,-1
2020160941437,2020,160941437,1,9,0,9,9,4,2,0,0,8,0,0,0,0,1,1,5,6,2,42,7,1560,2,6,VOLVO V40,1,E01012893,0,-1
2020110990084,2020,110990084,2,9,0,18,19,2,6,0,0,0,0,0,0,0,2,1,6,6,2,31,6,1969,2,5,VOLVO V40,6,E01012331,0,-1
202006A275616,2020,06A275616,1,9,0,18,19,7,3,0,0,0,0,0,0,0,1,1,6,6,2,30,6,1560,2,6,VOLVO V40,-1,-1,0,-1
2020010287096,2020,010287096,1,9,0,5,5,7,3,0,0,8,0,0,0,0,1,1,6,6,1,40,7,1498,1,2,VOLVO V40,1,E01002857,0,-1
2020122000331,2020,122000331,1,9,0,3,3,7,3,0,0,0,0,0,0,0,2,1,2,2,2,51,8,1560,2,8,VOLVO V40,8,E01013391,0,-1
2020450979352,2020,450979352,1,9,0,9,9,7,3,0,0,5,0,0,0,0,1,1,1,1,1,22,5,1969,2,3,VOLVO V40,10,E01024402,0,-1
2020140996403,2020,140996403,1,9,0,18,19,1,5,0,0,0,0,11,7,7,1,1,2,2,1,30,6,1984,2,7,VOLVO V40,4,E01007519,0,-1
2020302001423,2020,302001423,3,9,0,3,3,2,6,0,0,8,0,0,0,0,2,1,6,6,1,62,9,1969,2,5,VOLVO V40,6,E01019873,0,-1
2020040963088,2020,040963088,2,9,0,17,19,5,1,0,0,0,1,0,1,0,1,1,2,2,2,37,7,1560,2,7,VOLVO V40,7,E01025167,0,-1
2020470953436,2020,470953436,1,9,0,5,5,3,7,0,0,4,0,0,0,0,3,1,2,2,2,35,6,1969,2,4,VOLVO V40,4,E01031810,0,-1
2020160942888,2020,160942888,2,9,0,17,19,6,2,0,0,0,0,0,0,0,3,1,1,1,2,31,6,1969,2,5,VOLVO V40,2,E01012886,0,-1
2020470954609,2020,470954609,1,9,0,18,19,1,5,0,0,4,0,0,0,0,1,1,2,2,2,41,7,1969,2,5,VOLVO V40,6,E01031636,0,-1
2020040958460,2020,040958460,1,9,0,18,19,3,7,0,0,0,0,0,8,10,1,1,5,6,1,82,11,1969,2,1,VOLVO V40,7,E01025014,0,-1
2020010231873,2020,010231873,1,9,0,18,19,5,1,0,0,0,0,0,0,0,1,1,6,6,1,21,5,1498,1,2,VOLVO V40,4,E01004652,0,-1
2020340W04392,2020,340W04392,1,9,0,9,9,3,7,0,0,8,0,0,0,0,1,1,2,2,1,28,6,1870,2,18,VOLVO V40,4,E01027069,0,-1
2020200999056,2020,200999056,1,9,0,18,19,5,1,0,0,8,0,0,0,0,1,1,6,6,2,43,7,1560,2,8,VOLVO V40,1,E01009311,0,-1
2020010259733,2020,010259733,1,9,0,7,7,5,8,0,0,2,0,0,0,0,3,1,6,6,2,30,6,1560,2,6,VOLVO V40,-1,-1,0,-1
2020410926244,2020,410926244,1,9,0,5,5,6,1,0,0,1,-1,0,0,0,2,1,6,6,2,42,7,1969,2,3,VOLVO V40,6,E01017386,0,-1
2020140921794,2020,140921794,1,9,0,17,19,7,5,0,0,0,0,0,1,10,1,1,2,2,2,44,7,1870,2,20,VOLVO V40,4,E01007460,0,-1
2020990935443,2020,990935443,1,9,0,18,19,2,6,0,0,2,0,0,0,0,1,1,5,6,2,47,8,1870,2,17,VOLVO V40,8,-1,0,-1
20201376D0966,2020,1376D0966,2,9,0,18,19,6,2,0,0,1,0,0,0,0,1,1,6,6,2,45,7,1560,2,5,VOLVO V40,6,E01010969,0,-1
2020552000728,2020,552000728,2,9,0,17,19,1,5,0,0,0,0,0,1,0,3,1,6,6,1,21,5,2497,1,6,VOLVO V40,6,E01029227,0,-1
2020440293807,2020,440293807,1,9,0,10,10,6,3,0,0,1,0,0,0,0,2,1,6,6,1,61,9,1834,1,21,VOLVO V40,7,E01016344,0,-1
2020540802420,2020,540802420,1,9,0,4,4,6,2,0,0,0,0,0,0,0,1,1,1,1,1,23,5,1560,2,6,VOLVO V40,10,W01001734,0,-1
2020010232827,2020,010232827,2,9,0,18,19,6,2,0,0,0,0,0,0,0,1,1,6,6,1,25,5,1560,2,7,VOLVO V40,4,E01002973,0,-1
2020010255212,2020,010255212,2,9,0,4,4,6,2,0,0,0,0,0,0,0,3,1,6,6,1,47,8,1969,1,3,VOLVO V40,6,E01000219,0,-1
202031B175320,2020,31B175320,1,9,0,16,19,8,2,0,0,1,0,0,0,0,1,1,2,2,1,50,8,1969,2,3,VOLVO V40,9,E01026401,0,-1
2020200993957,2020,200993957,2,9,0,3,3,8,4,0,0,2,0,0,0,0,2,1,2,2,1,63,9,1969,1,2,VOLVO V40,5,E01026870,0,-1
2020010252673,2020,010252673,1,9,0,3,3,7,3,0,0,1,0,0,0,0,2,1,6,6,1,61,9,1498,1,4,VOLVO V40,7,E01000334,0,-1
2020471002244,2020,471002244,1,9,0,9,9,4,3,0,0,8,0,0,0,0,1,1,5,6,2,66,10,1498,1,2,VOLVO V40,1,E01021005,0,-1
2020420994452,2020,420994452,2,9,0,17,19,7,3,0,0,0,0,0,0,0,1,1,6,6,1,54,8,1969,2,1,VOLVO V40,5,E01021550,0,-1
2020440169127,2020,440169127,2,9,0,4,4,5,1,0,0,1,0,0,0,0,1,1,6,6,2,23,5,1560,2,7,VOLVO V40,9,E01022998,0,-1
2020040959063,2020,040959063,1,9,0,10,10,1,1,0,0,6,0,0,0,0,1,1,2,2,1,53,8,1969,1,4,VOLVO V40,8,E01024957,0,-1
2020470927138,2020,470927138,1,9,0,18,19,6,2,0,0,0,0,0,7,0,1,1,5,6,1,60,9,1498,1,3,VOLVO V40,2,E01021020,0,-1
2020520100682,2020,520100682,1,9,0,3,3,1,5,0,0,8,0,0,0,0,1,1,6,6,1,89,11,1783,1,17,VOLVO V40,8,E01029204,0,-1
2020122000732,2020,122000732,1,9,0,18,19,2,6,0,0,1,0,0,0,0,1,1,6,6,1,30,6,1560,2,7,VOLVO V40,3,E01011212,0,-1
2020010286701,2020,010286701,1,9,0,16,19,1,5,0,0,6,0,0,0,0,1,1,6,6,1,29,6,1969,2,4,VOLVO V40,2,E01002086,0,-1
2020100976684,2020,100976684,3,9,0,18,19,1,1,0,0,0,0,0,0,0,2,1,5,6,1,50,8,1969,2,5,VOLVO V40,-1,-1,0,-1
202031D052120,2020,31D052120,3,9,0,18,19,2,6,0,0,0,0,0,0,0,1,1,2,2,1,45,7,1984,2,6,VOLVO V40,7,E01028378,0,-1
2020040962264,2020,040962264,2,9,0,7,7,1,1,0,0,1,0,0,0,0,4,1,5,6,1,25,5,1560,2,7,VOLVO V40,9,E01025436,0,-1
2020070728762,2020,070728762,1,9,0,18,19,7,4,0,0,0,5,4,7,0,1,1,6,6,1,65,9,1498,1,1,VOLVO V40,10,E01018366,0,-1
2020541631620,2020,541631620,1,9,0,18,19,1,5,0,0,4,0,0,0,0,3,1,6,6,1,80,11,1560,2,7,VOLVO V40,5,E01028928,0,-1
2020160917567,2020,160917567,2,9,0,4,4,6,4,0,0,4,1,7,1,10,1,1,6,6,1,19,4,1969,2,3,VOLVO V40,5,E01013225,0,-1
2020010275160,2020,010275160,1,9,0,18,19,7,3,0,0,2,0,0,0,0,0,1,1,1,1,37,7,1984,2,6,VOLVO V40,-1,-1,0,-1
2020450970125,2020,450970125,2,9,0,17,19,7,3,0,0,0,0,0,0,0,1,1,5,6,1,39,7,1560,2,6,VOLVO V40,10,E01030566,0,-1
2020370944769,2020,370944769,3,9,0,9,9,3,7,0,0,8,0,0,0,0,2,1,5,6,1,34,6,1969,1,4,VOLVO V40,2,E01033122,0,-1
2020220919937,2020,220919937,1,9,0,5,5,4,8,0,0,4,0,0,0,0,3,1,6,6,2,27,6,1560,2,5,VOLVO V40,10,E01009723,0,-1
2020302000541,2020,302000541,2,9,0,18,19,7,3,0,0,3,0,0,0,0,4,1,6,6,1,61,9,1969,2,5,VOLVO V40,4,E01028291,0,-1
2020530933029,2020,530933029,2,9,0,18,19,6,2,0,0,0,0,4,0,0,1,1,6,6,1,54,8,1995,1,1,ALFA ROMEO GIULIA,8,E01028767,0,-1
2020010270676,2020,010270676,2,9,0,18,19,1,5,0,0,3,0,0,0,0,1,1,6,6,1,39,7,2891,1,0,ALFA ROMEO GIULIA,7,E01002821,0,-1
2020340K02212,2020,340K02212,3,9,0,4,4,3,7,0,0,6,0,0,0,0,2,1,2,2,2,35,6,1995,1,2,ALFA ROMEO GIULIA,10,E01032973,0,-1
2020010228625,2020,010228625,2,9,0,5,5,5,1,0,0,0,1,0,0,0,1,1,6,6,1,32,6,2891,1,3,ALFA ROMEO GIULIA,3,E01004600,0,-1
2020070137748,2020,070137748,1,9,0,13,13,6,2,0,0,0,0,0,0,0,1,1,6,6,1,86,11,1995,1,3,ALFA ROMEO GIULIA,6,E01018394,0,-1
2020420963657,2020,420963657,2,9,0,16,19,8,3,0,0,0,0,0,0,0,1,1,5,6,1,38,7,2143,2,4,ALFA ROMEO GIULIA,6,E01021659,0,-1
2020471008439,2020,471008439,1,9,0,18,19,3,7,0,0,0,1,0,0,0,1,1,5,6,1,20,4,2891,1,3,ALFA ROMEO GIULIA,10,E01031720,0,-1
2020320397829,2020,320397829,1,9,0,18,19,7,3,0,0,1,1,9,3,1,1,1,6,6,1,43,7,1995,1,3,ALFA ROMEO GIULIA,4,E01015614,0,-1
2020461010485,2020,461010485,1,9,0,18,19,4,8,0,0,0,2,0,0,0,2,1,6,6,1,37,7,2891,1,3,ALFA ROMEO GIULIA,9,E01024851,0,-1
2020340N05442,2020,340N05442,3,9,0,2,2,0,0,0,0,1,0,0,0,0,3,1,6,6,1,-1,-1,1995,1,2,ALFA ROMEO GIULIA,-1,-1,0,-1
2020541659220,2020,541659220,2,9,0,18,19,2,6,0,0,0,1,0,7,0,1,1,6,6,1,36,7,1995,1,1,ALFA ROMEO GIULIA,-1,-1,0,-1
2020450958097,2020,450958097,1,9,0,18,19,3,7,0,0,0,0,0,0,0,3,1,2,2,1,42,7,1995,1,1,ALFA ROMEO GIULIA,9,E01024416,0,-1
2020200994240,2020,200994240,2,9,0,18,19,4,8,0,0,1,0,0,0,0,1,1,1,1,1,-1,-1,1995,1,0,ALFA ROMEO GIULIA,5,E01009234,0,-1
2020400956288,2020,400956288,1,9,0,18,19,1,5,0,0,1,5,10,0,0,1,1,5,6,1,41,7,2891,1,0,ALFA ROMEO GIULIA,8,E01017561,0,-1
2020440279613,2020,440279613,3,9,0,2,2,0,0,0,0,0,0,0,0,0,3,1,6,6,3,-1,-1,1991,2,9,-1,-1,-1,0,-1
2020500999646,2020,500999646,1,90,0,2,2,0,0,0,0,0,0,0,0,0,0,1,5,6,2,78,11,2287,2,4,-1,5,E01015135,0,-1
202063A024720,2020,63A024720,1,5,0,16,19,2,5,0,0,0,1,0,7,9,1,1,6,6,1,48,8,749,1,1,-1,6,W01000471,0,-1
2020302000568,2020,302000568,2,5,0,13,13,8,4,0,0,1,0,0,0,0,1,1,6,6,1,62,9,1585,1,8,-1,2,E01019647,0,-1
2020500998524,2020,500998524,2,5,0,16,19,7,3,0,0,0,2,0,0,0,1,1,2,2,1,64,9,749,1,4,-1,3,E01019070,0,-1
2020100951815,2020,100951815,1,5,0,18,19,7,3,0,0,1,1,4,0,0,1,1,5,6,1,62,9,749,1,1,-1,5,E01008265,0,-1
2020990920854,2020,990920854,1,5,0,18,19,4,8,0,0,0,0,0,0,0,3,1,5,6,1,49,8,749,1,0,-1,4,-1,0,-1
2020170L30470,2020,170L30470,1,5,0,18,19,6,2,0,0,8,0,0,0,0,1,1,6,6,1,70,10,749,1,4,-1,4,E01012184,0,-1
2020340N01472,2020,340N01472,2,5,0,18,19,2,6,0,0,1,0,0,0,0,4,1,2,2,1,34,6,1585,1,7,-1,2,E01027155,0,-1
2020430218834,2020,430218834,1,5,0,16,19,1,4,0,0,0,0,0,0,0,1,1,6,6,1,19,4,644,1,15,-1,5,E01017867,0,-1
2020010278711,2020,010278711,1,9,0,6,6,3,3,0,0,0,0,0,0,0,3,1,6,6,1,26,6,1343,1,20,-1,-1,-1,0,-1
2020160977594,2020,160977594,1,9,0,9,9,4,6,0,0,5,5,0,0,0,4,1,5,6,2,89,11,1343,1,20,-1,3,E01013310,0,-1
2020460983672,2020,460983672,2,5,0,18,19,6,3,0,0,0,0,0,0,0,4,1,6,6,1,40,7,999,1,10,MAKE AND MODEL REDACTED,9,E01032816,0,-1
20201376D1293,2020,1376D1293,3,5,0,16,19,3,7,0,0,0,2,0,7,9,0,1,6,6,1,52,8,999,1,10,MAKE AND MODEL REDACTED,3,E01004955,0,-1
2020010236006,2020,010236006,1,5,0,99,99,9,9,0,0,8,0,0,0,0,3,-1,2,2,1,32,6,999,1,9,MAKE AND MODEL REDACTED,6,E01001268,0,-1
2020010274638,2020,010274638,1,5,0,13,13,5,1,0,0,5,0,0,0,0,2,1,2,2,1,28,6,999,1,8,MAKE AND MODEL REDACTED,2,E01000992,0,-1
2020420982685,2020,420982685,1,5,0,17,19,5,2,0,0,0,1,0,1,0,1,1,5,6,1,59,9,999,1,10,MAKE AND MODEL REDACTED,8,E01021795,0,-1
2020010247140,2020,010247140,1,5,0,18,19,7,3,0,0,2,0,0,0,0,1,1,6,6,1,69,10,999,1,9,MAKE AND MODEL REDACTED,6,E01030677,0,-1
2020450938112,2020,450938112,2,9,0,18,19,5,1,0,0,1,0,0,0,0,1,1,5,6,1,62,9,2143,2,4,-1,9,E01030539,0,-1
2020010253686,2020,010253686,1,9,0,99,99,9,9,99,99,9,9,99,9,99,2,9,6,6,1,40,7,2143,2,4,-1,4,E01023336,0,-1
2020200954356,2020,200954356,2,9,0,3,3,2,6,0,0,1,0,0,0,0,2,1,1,1,1,47,8,2143,2,6,-1,1,E01009094,0,-1
2020430089496,2020,430089496,2,9,0,18,19,8,4,0,0,0,0,0,0,0,1,1,6,6,2,-1,-1,2143,2,5,-1,-1,-1,0,-1
2020320563583,2020,320563583,2,9,0,18,19,6,2,0,0,1,0,0,0,0,1,1,6,6,2,31,6,2143,2,3,-1,7,E01026188,0,-1
2020990978798,2020,990978798,1,9,0,18,19,3,8,0,0,2,0,0,0,0,1,1,5,6,2,47,8,1991,1,5,-1,2,-1,0,-1
2020100935392,2020,100935392,2,9,0,3,3,1,1,0,0,1,0,0,0,0,2,1,5,6,2,38,7,2143,2,4,-1,2,E01008834,0,-1
2020371001196,2020,371001196,2,3,0,5,5,4,8,0,0,0,0,0,0,0,2,1,5,6,2,28,6,123,1,4,-1,2,E01030032,0,-1
2020430153648,2020,430153648,2,4,0,18,19,3,6,0,0,1,0,0,0,0,1,1,6,6,1,18,4,123,1,4,-1,7,E01016840,0,-1
2020430015323,2020,430015323,2,3,0,18,19,1,5,0,0,1,0,0,0,0,1,1,6,6,1,17,4,123,1,4,-1,4,E01016772,0,-1
2020040967942,2020,040967942,1,3,0,18,19,5,1,0,0,1,5,0,0,0,3,1,1,1,1,44,7,123,1,4,-1,1,E01025186,0,-1
202006E465986,2020,06E465986,2,4,0,18,19,1,5,0,0,1,0,0,0,0,1,1,6,6,1,28,6,123,1,4,-1,1,E01005183,0,-1
2020470993420,2020,470993420,1,3,0,15,15,2,6,0,0,1,0,0,0,0,2,1,5,6,1,20,4,124,1,2,-1,9,E01021124,0,-1
202006N171266,2020,06N171266,1,3,0,16,19,3,5,0,0,0,0,0,0,0,4,1,6,6,1,26,6,123,1,4,-1,1,E01004960,0,-1
2020211011175,2020,211011175,2,3,-1,-1,-1,4,1,-1,-1,-1,-1,-1,-1,0,-1,1,6,6,1,19,4,123,1,4,-1,2,E01014263,0,-1
2020622000832,2020,622000832,3,3,0,18,19,6,2,0,0,0,0,0,0,0,3,1,6,6,1,42,7,124,1,0,-1,2,W01000914,0,-1
2020201018378,2020,201018378,1,3,0,4,4,4,8,0,0,1,0,0,0,0,2,1,1,1,1,39,7,124,1,0,-1,3,E01009967,0,-1
2020500960765,2020,500960765,1,9,0,5,5,5,1,0,0,4,0,0,0,0,1,1,5,6,1,81,11,1798,8,4,LEXUS CT 200,2,E01018996,0,-1
2020010264527,2020,010264527,2,9,0,3,3,3,7,0,0,2,0,0,0,0,1,1,2,2,2,30,6,1798,8,3,LEXUS CT 200,4,E01003803,0,-1
202031D165720,2020,31D165720,2,9,0,18,19,5,1,0,0,8,0,0,0,0,3,1,1,1,1,27,6,1798,8,4,LEXUS CT 200,2,E01013847,0,-1
2020440036254,2020,440036254,2,9,0,4,4,6,2,0,0,0,0,0,0,0,2,1,6,6,1,61,9,1798,8,6,LEXUS CT 200,9,E01022930,0,-1
2020137C20497,2020,137C20497,1,8,0,18,19,2,6,0,0,0,0,0,0,0,4,1,1,1,1,-1,-1,1798,8,5,-1,1,E01011138,0,-1
2020461010776,2020,461010776,2,9,0,18,19,1,5,0,0,1,0,0,0,0,1,1,5,6,2,53,8,1798,8,4,LEXUS CT 200,4,E01016130,0,-1
2020430194055,2020,430194055,1,9,0,9,9,6,4,0,0,5,0,0,0,0,4,1,6,6,1,39,7,1791,8,8,LEXUS CT 200,3,E01016459,0,-1
2020010240827,2020,010240827,1,9,0,8,8,6,8,0,0,8,0,0,0,0,2,1,2,2,1,27,6,1798,8,4,LEXUS CT 200,4,E01000588,0,-1
2020010275991,2020,010275991,2,9,0,99,99,9,9,99,99,9,9,99,9,99,1,9,6,6,1,76,11,1791,8,9,LEXUS CT 200,6,E01001266,0,-1
2020010232617,2020,010232617,1,9,0,18,19,8,4,0,0,1,0,0,0,0,1,1,1,1,2,42,7,1798,8,7,LEXUS CT 200,7,E01030414,0,-1
2020040995597,2020,040995597,2,9,0,18,19,5,1,0,0,0,1,0,1,7,3,2,5,6,1,60,9,1798,8,5,LEXUS CT 200,8,-1,0,-1
2020010233249,2020,010233249,1,9,0,18,19,1,5,0,0,8,9,0,0,0,9,9,6,6,1,41,7,1798,8,5,LEXUS CT 200,-1,-1,0,-1
2020010270988,2020,010270988,1,9,0,5,5,1,5,2,2,6,0,0,1,0,1,1,6,6,1,21,5,1791,8,9,LEXUS CT 200,8,E01000206,0,-1
2020010262144,2020,010262144,1,9,0,4,4,2,6,0,0,4,0,0,0,0,2,1,6,6,1,47,8,1798,8,4,LEXUS CT 200,-1,-1,0,-1
2020010265833,2020,010265833,2,9,0,18,19,5,1,0,0,1,0,0,0,0,1,1,6,6,2,43,7,1798,8,8,LEXUS CT 200,7,E01000118,0,-1
2020010279894,2020,010279894,2,9,0,9,9,1,7,0,0,1,0,0,0,0,0,1,6,6,1,19,4,1798,8,1,LEXUS CT 200,8,E01021766,0,-1
2020010272188,2020,010272188,2,9,0,99,99,9,9,99,99,9,9,99,9,99,0,9,6,6,3,-1,-1,1798,8,6,LEXUS CT 200,-1,-1,0,-1
2020410985376,2020,410985376,1,9,0,6,6,7,3,0,0,8,1,10,1,0,1,1,5,6,2,58,9,1798,8,6,LEXUS CT 200,10,E01023768,0,-1
2020010283225,2020,010283225,1,9,0,99,99,9,9,99,99,4,9,99,9,99,9,9,6,6,1,49,8,1798,8,4,LEXUS CT 200,4,E01003690,0,-1
2020548542020,2020,548542020,3,9,0,18,19,1,5,0,0,8,0,0,0,0,0,1,6,6,2,50,8,1798,8,4,LEXUS CT 200,10,E01015563,0,-1
2020500955093,2020,500955093,2,9,0,18,19,1,5,0,0,1,0,0,0,0,3,1,5,6,1,69,10,1791,8,9,LEXUS CT 200,-1,-1,0,-1
2020461013468,2020,461013468,2,9,0,4,4,3,7,0,0,1,0,0,0,0,2,1,6,6,2,34,6,1798,8,5,LEXUS CT 200,3,E01024583,0,-1
2020010237876,2020,010237876,2,9,0,18,19,5,1,0,0,0,0,0,0,0,1,1,6,6,2,40,7,1798,8,4,LEXUS CT 200,2,E01002392,0,-1
2020470958546,2020,470958546,1,9,0,18,19,6,2,0,0,0,0,0,0,0,2,1,6,6,1,42,7,1791,8,9,LEXUS CT 200,6,E01031784,0,-1
2020010250347,2020,010250347,2,9,0,99,99,9,9,99,99,9,9,99,9,99,9,9,6,6,3,-1,-1,1791,8,9,LEXUS CT 200,-1,-1,0,-1
2020220924515,2020,220924515,2,9,0,18,19,6,2,0,0,0,0,0,0,0,3,1,2,2,1,31,6,1798,8,7,LEXUS CT 200,3,E01033557,0,-1
2020010239232,2020,010239232,1,9,0,18,19,1,5,0,0,1,0,0,0,0,1,1,1,1,1,26,6,1798,8,6,LEXUS CT 200,4,E01003452,0,-1
2020010268205,2020,010268205,2,9,0,99,99,9,9,99,99,9,9,99,9,99,1,9,6,6,3,-1,-1,1798,8,6,LEXUS CT 200,2,E01003338,0,-1
2020010259450,2020,010259450,2,9,0,99,99,9,9,99,99,9,9,99,9,99,9,9,6,6,2,45,7,1798,8,8,LEXUS CT 200,3,E01004563,0,-1
2020010257389,2020,010257389,2,9,0,99,99,9,9,99,99,9,9,99,9,99,9,1,6,6,1,25,5,1798,8,7,LEXUS CT 200,8,E01024475,0,-1
2020010257425,2020,010257425,1,8,0,99,99,9,9,99,99,0,9,99,9,99,9,9,6,6,1,35,6,1798,8,5,-1,7,E01001226,0,-1
2020470993301,2020,470993301,2,9,0,18,19,8,4,0,0,1,0,0,0,0,3,1,5,6,1,23,5,1798,8,8,LEXUS CT 200,5,E01003224,0,-1
2020010239467,2020,010239467,1,9,0,9,9,3,1,0,0,0,0,0,0,0,1,1,1,1,1,57,9,1798,8,4,LEXUS CT 200,5,E01022051,0,-1
2020010232103,2020,010232103,2,9,0,99,99,9,9,99,99,9,9,99,9,99,1,9,6,6,3,43,7,1798,8,7,LEXUS CT 200,2,E01001877,0,-1
2020200930891,2020,200930891,1,9,0,7,7,6,8,0,0,5,0,0,0,0,4,1,6,6,1,-1,-1,1791,8,9,LEXUS CT 200,-1,-1,0,-1
2020220927894,2020,220927894,1,9,0,9,9,1,7,0,0,5,1,4,7,0,1,1,5,6,1,26,6,1791,8,8,LEXUS CT 200,1,E01014113,0,-1
2020010229940,2020,010229940,1,8,9,99,99,9,9,99,99,9,9,99,9,99,9,9,-1,-1,3,-1,-1,1798,8,6,-1,-1,-1,0,-1