collision_index,collision_year,collision_ref_no,vehicle_reference,vehicle_type,towing_and_articulation,vehicle_manoeuvre_historic,vehicle_manoeuvre,vehicle_direction_from,vehicle_direction_to,vehicle_location_restricted_lane_historic,vehicle_location_restricted_lane,junction_location,skidding_and_overturning,hit_object_in_carriageway,vehicle_leaving_carriageway,hit_object_off_carriageway,first_point_of_impact,vehicle_left_hand_drive,journey_purpose_of_driver_historic,journey_purpose_of_driver,sex_of_driver,age_of_driver,age_band_of_driver,engine_capacity_cc,propulsion_code,age_of_vehicle,generic_make_model,driver_imd_decile,lsoa_of_driver,escooter_flag,driver_distance_banding
2020010231487,2020,010231487,1,9,0,18,19,1,5,0,0,1,0,0,0,0,1,1,6,6,1,50,8,2987,2,10,MERCEDES E CLASS,2,E01001447,0,-1
2020200977463,2020,200977463,1,9,0,5,5,5,1,0,0,1,1,10,6,10,4,1,6,6,1,24,5,1950,2,3,MERCEDES E CLASS,1,E01008914,0,-1
2020010236224,2020,010236224,1,9,0,18,19,5,1,0,0,1,0,0,1,0,1,1,6,6,1,35,6,2987,2,10,MERCEDES E CLASS,-1,-1,0,-1
2020991011179,2020,991011179,1,9,0,16,19,7,3,0,0,0,0,0,1,0,1,1,5,6,2,42,7,2148,2,12,MERCEDES E CLASS,4,-1,0,-1
2020520003989,2020,520003989,1,9,0,3,3,5,1,0,0,8,0,0,0,0,2,1,6,6,2,33,6,1950,2,2,MERCEDES E CLASS,9,E01029103,0,-1
2020500984527,2020,500984527,1,9,0,18,19,7,3,0,0,1,1,0,0,0,1,1,5,6,1,51,8,2987,2,15,MERCEDES E CLASS,7,E01031849,0,-1
20201379E0556,2020,1379E0556,2,9,0,18,19,7,3,0,0,8,0,0,0,0,1,1,6,6,1,24,5,2996,2,23,MERCEDES E CLASS,3,E01011806,0,-1
2020010277998,2020,010277998,2,9,0,99,99,9,9,99,99,0,9,99,9,99,1,9,6,6,3,-1,-1,1950,2,3,MERCEDES E CLASS,-1,-1,0,-1
2020010238601,2020,010238601,2,9,9,99,99,9,9,0,0,8,9,99,9,99,9,9,-1,-1,1,-1,-1,2143,2,7,MERCEDES E CLASS,-1,-1,0,-1
2020041008645,2020,041008645,1,9,0,18,19,5,1,0,0,1,0,0,0,0,1,2,5,6,1,64,9,2685,2,16,MERCEDES E CLASS,8,E01025597,0,-1
2020010270078,2020,010270078,2,9,0,99,99,9,9,99,99,9,9,99,9,99,1,9,6,6,3,-1,-1,1950,2,3,MERCEDES E CLASS,-1,-1,0,-1
2020460964973,2020,460964973,2,9,0,18,19,1,5,0,0,0,0,0,0,0,1,1,1,1,1,34,6,1950,2,3,MERCEDES E CLASS,1,E01016031,0,-1
2020501017050,2020,501017050,1,9,0,3,3,1,5,0,0,0,0,0,0,0,2,1,5,6,1,65,9,2143,2,5,MERCEDES E CLASS,5,E01015091,0,-1
2020470918175,2020,470918175,1,9,0,18,19,6,2,0,0,1,0,11,0,0,4,1,1,1,1,62,9,2143,2,8,MERCEDES E CLASS,8,E01031491,0,-1
2020010257591,2020,010257591,1,9,0,9,9,7,5,0,0,5,0,0,0,0,4,1,6,6,1,34,6,2143,2,8,MERCEDES E CLASS,5,E01000159,0,-1
2020010283661,2020,010283661,1,9,0,9,9,7,4,0,0,0,0,0,0,0,0,1,6,6,1,45,7,1950,2,3,MERCEDES E CLASS,4,E01001176,0,-1
2020010281478,2020,010281478,2,9,0,3,3,5,1,0,0,1,0,0,0,0,1,1,2,2,1,45,7,2987,2,10,MERCEDES E CLASS,9,E01000827,0,-1
2020460994752,2020,460994752,1,9,0,18,19,3,7,0,0,0,1,4,0,0,4,1,6,6,2,25,5,2143,2,8,MERCEDES E CLASS,6,E01024096,0,-1
2020420992935,2020,420992935,2,9,0,18,19,2,5,0,0,0,0,0,0,0,1,1,2,2,1,22,5,1950,2,3,MERCEDES E CLASS,6,E01002266,0,-1
2020010235294,2020,010235294,1,8,0,1,1,1,5,0,0,7,0,4,0,0,2,1,1,1,1,40,7,1950,2,1,MERCEDES E CLASS,3,E01016459,0,-1
2020542791520,2020,542791520,2,9,0,18,19,1,5,0,0,8,0,0,0,0,1,1,6,6,1,61,9,2143,2,6,MERCEDES E CLASS,9,E01032707,0,-1
202006F278047,2020,06F278047,2,9,0,17,19,7,4,0,0,0,0,0,0,0,1,1,2,2,1,32,6,1950,2,3,MERCEDES E CLASS,3,E01012587,0,-1
2020990989677,2020,990989677,1,9,0,18,19,4,8,6,6,0,0,0,0,0,4,1,5,6,1,73,10,1950,2,2,MERCEDES E CLASS,-1,-1,0,-1
2020010245490,2020,010245490,1,9,0,14,14,7,3,0,0,0,0,4,0,0,1,1,6,6,1,26,6,1950,2,4,MERCEDES E CLASS,2,E01001700,0,-1
2020440061822,2020,440061822,1,8,0,18,19,7,3,0,0,0,0,4,0,0,1,1,1,1,1,-1,-1,2143,2,6,MERCEDES E CLASS,-1,-1,0,-1
2020010232912,2020,010232912,2,9,0,99,99,9,9,99,99,9,9,99,9,99,2,9,6,6,3,30,6,2143,2,11,MERCEDES E CLASS,3,E01032774,0,-1
2020410935594,2020,410935594,3,9,0,2,2,0,0,0,0,0,0,0,0,0,2,1,6,6,3,-1,-1,2143,2,5,MERCEDES E CLASS,-1,-1,0,-1
2020010277778,2020,010277778,3,9,0,4,4,5,1,0,0,0,0,0,0,0,2,1,1,1,1,47,8,1950,2,2,MERCEDES E CLASS,-1,-1,0,-1
2020420952195,2020,420952195,1,9,0,7,7,5,8,9,9,1,1,10,7,0,1,1,5,6,1,26,6,2685,2,16,MERCEDES E CLASS,9,E01021397,0,-1
202006A173985,2020,06A173985,2,9,0,3,3,8,4,0,0,8,0,0,0,0,2,1,6,6,1,51,8,1950,2,1,MERCEDES E CLASS,2,E01005146,0,-1
2020010277165,2020,010277165,1,8,0,18,19,3,7,99,99,9,9,0,0,0,2,9,2,2,1,31,6,2987,2,3,MERCEDES E CLASS,2,E01003591,0,-1
2020440204010,2020,440204010,1,9,0,9,9,1,7,0,0,8,0,0,0,0,1,1,6,6,1,65,9,1997,1,25,MERCEDES E CLASS,10,E01022686,0,-1
2020320130165,2020,320130165,2,9,0,18,19,5,1,0,0,0,0,0,0,0,2,1,6,6,3,-1,-1,2143,2,5,MERCEDES E CLASS,-1,-1,0,-1
2020010232570,2020,010232570,1,9,0,99,99,9,9,0,0,3,0,0,0,0,2,9,6,6,1,23,5,2143,2,10,MERCEDES E CLASS,5,E01023924,0,-1
2020010275403,2020,010275403,1,9,9,99,99,9,9,99,99,9,9,99,9,99,9,9,6,6,1,54,8,1950,2,2,MERCEDES E CLASS,7,E01002965,0,-1
2020220979050,2020,220979050,1,9,3,6,6,5,5,0,0,8,0,0,0,0,3,1,5,6,1,64,9,1950,2,3,MERCEDES E CLASS,1,W01001617,0,-1
2020070016442,2020,070016442,4,9,0,3,3,7,3,0,0,1,0,0,0,0,2,1,6,6,1,61,9,1950,2,2,MERCEDES E CLASS,6,E01006070,0,-1
2020140960266,2020,140960266,1,9,0,9,9,6,4,0,0,8,0,0,0,0,1,1,1,1,1,60,9,1950,2,3,MERCEDES E CLASS,3,E01007680,0,-1
2020010234911,2020,010234911,2,9,0,18,19,3,7,0,0,8,0,0,0,0,1,1,6,6,1,35,6,2987,2,7,MERCEDES E CLASS,2,E01003557,0,-1
2020201000727,2020,201000727,1,9,0,18,19,8,4,0,0,8,0,10,1,0,3,1,6,6,1,26,6,1950,2,3,MERCEDES E CLASS,-1,-1,0,-1
2020010247239,2020,010247239,2,9,0,4,4,1,5,0,0,2,0,0,0,0,2,1,6,6,1,37,7,2143,2,5,MERCEDES E CLASS,2,E01004260,0,-1
2020500934949,2020,500934949,2,9,0,18,19,7,3,0,0,8,0,0,0,0,1,1,6,6,1,53,8,3222,2,16,MERCEDES E CLASS,10,E01022931,0,-1
202054B323820,2020,54B323820,1,9,0,18,19,4,2,0,0,4,0,0,0,0,1,1,2,2,1,56,9,2987,2,8,MERCEDES E CLASS,7,E01032082,0,-1
2020010266788,2020,010266788,1,8,0,4,4,5,1,0,0,1,0,0,0,0,3,1,1,1,1,51,8,1950,2,3,MERCEDES E CLASS,7,E01030993,0,-1
2020010260465,2020,010260465,2,9,0,99,99,9,9,99,99,9,9,99,9,99,1,9,6,6,3,-1,-1,1950,2,2,MERCEDES E CLASS,-1,-1,0,-1
2020010250426,2020,010250426,1,9,0,9,9,1,7,0,0,5,0,0,0,0,1,1,6,6,1,49,8,1950,2,2,MERCEDES E CLASS,2,E01000941,0,-1
2020201006163,2020,201006163,1,9,0,9,9,4,2,0,0,5,0,0,0,0,4,1,6,6,1,-1,-1,3222,2,16,MERCEDES E CLASS,-1,-1,0,-1
2020530940392,2020,530940392,1,9,0,18,19,5,1,0,0,0,0,0,0,0,3,1,1,1,1,60,9,2925,2,1,MERCEDES E CLASS,6,E01022454,0,-1
2020460936024,2020,460936024,2,9,0,18,19,6,2,0,0,1,0,0,0,0,2,1,5,6,1,37,7,2987,2,8,MERCEDES E CLASS,2,E01015840,0,-1
2020070648534,2020,070648534,1,9,0,12,12,8,3,0,0,3,0,0,0,0,3,1,6,6,3,-1,-1,1950,2,1,MERCEDES E CLASS,-1,-1,0,-1
2020440031977,2020,440031977,1,9,0,9,9,5,3,0,0,8,0,0,0,0,1,1,6,6,1,-1,-1,2143,2,5,MERCEDES E CLASS,-1,-1,0,-1
2020010243898,2020,010243898,1,9,0,18,19,5,1,0,0,8,0,99,0,0,2,9,6,6,1,71,10,1991,8,1,MERCEDES E CLASS,3,E01004331,0,-1
2020140937584,2020,140937584,1,9,0,4,4,1,5,0,0,4,0,0,0,0,4,1,5,6,1,30,6,2143,2,7,MERCEDES E CLASS,1,E01005165,0,-1
2020070154483,2020,070154483,2,9,0,18,19,3,7,0,0,1,0,0,0,0,1,1,6,6,2,78,11,2987,2,13,MERCEDES E CLASS,8,E01018458,0,-1
2020610023120,2020,610023120,3,9,0,17,19,3,8,0,0,1,0,0,0,0,1,1,6,6,1,46,8,2987,2,4,MERCEDES E CLASS,-1,-1,0,-1
2020302001492,2020,302001492,1,9,0,18,19,2,6,0,0,0,0,0,0,0,1,1,6,6,3,-1,-1,3222,2,16,MERCEDES E CLASS,5,E01019456,0,-1
2020010271071,2020,010271071,2,9,0,5,5,1,5,0,0,4,0,0,0,0,0,1,6,6,1,59,9,1950,2,3,MERCEDES E CLASS,5,E01004127,0,-1
2020010242665,2020,010242665,2,9,0,99,99,9,9,99,99,9,9,99,9,99,9,9,6,6,3,35,6,2143,2,6,MERCEDES E CLASS,1,E01001845,0,-1
2020010270079,2020,010270079,1,8,0,99,99,9,9,99,99,9,9,99,9,99,1,9,6,6,1,42,7,2143,2,5,MERCEDES E CLASS,2,E01003594,0,-1
2020460983305,2020,460983305,2,9,0,18,19,5,1,0,0,0,0,0,0,0,1,1,6,6,2,45,7,2143,2,8,MERCEDES E CLASS,2,E01023990,0,-1
20201374H1366,2020,1374H1366,2,9,0,2,2,0,0,0,0,0,0,0,0,0,2,1,6,6,2,-1,-1,2685,2,16,MERCEDES E CLASS,-1,-1,0,-1
2020440484465,2020,440484465,1,9,0,18,19,2,6,0,0,0,1,0,1,10,1,1,6,6,1,53,8,2987,2,9,MERCEDES E CLASS,7,E01018449,0,-1
2020430342787,2020,430342787,12,9,0,18,19,7,3,0,0,0,0,0,0,0,-1,1,6,6,1,19,4,1950,2,1,MERCEDES E CLASS,1,E01033639,0,-1
2020100954128,2020,100954128,1,8,0,5,5,-1,-1,0,0,0,0,0,0,0,-1,1,1,1,1,33,6,1950,2,4,MERCEDES E CLASS,1,E01008399,0,-1
2020430073550,2020,430073550,1,8,0,18,19,6,1,0,0,6,0,0,0,0,1,1,1,1,1,42,7,1950,2,4,MERCEDES E CLASS,7,E01017965,0,-1
2020010274471,2020,010274471,2,9,9,99,99,9,9,99,99,0,9,99,9,99,9,9,6,6,3,-1,-1,1950,2,3,MERCEDES E CLASS,-1,-1,0,-1
2020421007313,2020,421007313,1,9,0,16,19,3,5,0,0,2,0,0,1,0,1,1,5,6,1,34,6,1950,2,3,MERCEDES E CLASS,7,E01003643,0,-1
2020010271278,2020,010271278,1,9,0,99,99,9,9,0,0,0,9,99,9,99,2,1,6,6,1,30,6,1950,2,3,MERCEDES E CLASS,4,E01000940,0,-1
2020440014413,2020,440014413,1,9,0,9,9,1,7,0,0,8,0,0,0,0,1,1,6,6,1,25,5,1950,2,2,MERCEDES E CLASS,1,E01017250,0,-1
2020010283976,2020,010283976,1,9,9,18,19,5,1,0,0,0,0,99,0,0,4,9,6,6,1,42,7,2143,2,9,MERCEDES E CLASS,3,E01004741,0,-1
2020200978066,2020,200978066,1,8,0,5,5,6,2,0,0,0,0,0,0,0,4,1,1,1,1,-1,-1,2143,2,8,MERCEDES E CLASS,-1,-1,0,-1
2020340W02472,2020,340W02472,4,9,0,3,3,3,7,0,0,0,0,0,0,0,0,1,1,1,2,26,6,2987,2,11,MERCEDES E CLASS,3,E01027319,0,-1
2020140930467,2020,140930467,2,9,0,7,7,4,8,0,0,6,0,0,0,0,2,1,5,6,1,29,6,2143,2,8,MERCEDES E CLASS,8,E01007427,0,-1
2020010235993,2020,010235993,1,9,0,18,19,7,3,0,0,1,0,0,0,0,2,1,1,1,1,61,9,1950,2,3,MERCEDES E CLASS,-1,-1,0,-1
2020010258782,2020,010258782,1,9,0,18,19,6,2,0,0,1,0,0,0,0,4,2,6,6,1,47,8,1950,2,1,MERCEDES E CLASS,5,E01000070,0,-1
2020420990861,2020,420990861,2,9,0,18,19,4,1,0,0,8,0,0,0,0,3,1,5,6,2,37,7,2987,2,10,MERCEDES E CLASS,4,E01015923,0,-1
2020010253907,2020,010253907,1,8,0,18,19,5,1,0,0,0,0,0,0,0,1,1,1,1,1,38,7,-1,-1,-1,MERCEDES E CLASS,4,E01003482,0,-1
2020010247843,2020,010247843,2,9,0,99,99,9,9,99,99,9,9,99,9,99,1,1,6,6,3,-1,-1,2987,2,11,MERCEDES E CLASS,-1,-1,0,-1
2020470962124,2020,470962124,2,9,0,4,4,3,7,0,0,0,0,0,0,0,2,1,5,6,1,35,6,1950,2,2,MERCEDES E CLASS,4,E01016967,0,-1
2020010268461,2020,010268461,1,9,0,9,9,1,7,0,0,4,0,0,0,0,1,1,6,6,1,26,6,1991,8,3,MERCEDES E CLASS,7,E01024140,0,-1
2020010254161,2020,010254161,2,9,0,2,2,0,0,0,0,1,0,0,0,0,1,1,6,6,3,-1,-1,2143,2,10,MERCEDES E CLASS,-1,-1,0,-1
2020420957194,2020,420957194,2,9,0,9,9,5,3,0,0,8,0,0,0,0,3,1,5,6,2,66,10,2597,1,19,MERCEDES E CLASS,10,E01021618,0,-1
2020010276884,2020,010276884,1,9,0,10,10,5,3,0,0,5,0,0,0,0,3,1,6,6,1,54,8,2597,1,20,MERCEDES E CLASS,9,E01003875,0,-1
2020430161854,2020,430161854,1,9,0,17,19,2,8,0,0,0,0,0,0,0,1,1,6,6,1,53,8,2143,2,10,MERCEDES E CLASS,10,E01017859,0,-1
2020410982796,2020,410982796,1,9,0,9,9,7,5,0,0,0,0,0,1,4,1,1,2,2,1,64,9,3222,2,17,MERCEDES E CLASS,10,E01023948,0,-1
2020450986601,2020,450986601,1,9,0,11,11,1,5,0,0,7,0,0,0,0,4,1,5,6,1,61,9,2143,2,7,MERCEDES E CLASS,5,E01002626,0,-1
202031C026220,2020,31C026220,2,9,0,13,13,4,8,0,0,1,0,0,0,0,1,1,6,6,2,46,8,2143,2,9,MERCEDES E CLASS,3,E01013932,0,-1
2020200969592,2020,200969592,1,9,0,7,7,4,6,0,0,6,0,0,0,0,1,1,6,6,1,25,5,2143,2,7,MERCEDES E CLASS,2,E01010048,0,-1
2020430263398,2020,430263398,2,9,0,18,19,1,5,0,0,1,0,0,0,0,1,1,6,6,1,25,5,3222,2,16,MERCEDES E CLASS,1,E01016845,0,-1
2020200957672,2020,200957672,2,8,0,18,19,5,1,0,0,1,0,0,0,0,1,1,1,1,1,43,7,1950,2,3,MERCEDES E CLASS,1,E01008998,0,-1
2020440061326,2020,440061326,1,9,0,18,19,1,5,0,0,0,1,0,1,4,1,1,1,1,1,46,8,1950,2,4,MERCEDES E CLASS,9,E01032604,0,-1
2020450994768,2020,450994768,1,9,0,18,19,7,3,0,0,0,0,0,0,0,1,1,1,1,1,51,8,2143,2,5,MERCEDES E CLASS,7,E01016478,0,-1
2020320680951,2020,320680951,3,9,0,13,13,1,5,0,0,0,0,0,0,0,1,1,6,6,1,52,8,2143,2,6,MERCEDES E CLASS,9,E01026263,0,-1
2020010262638,2020,010262638,1,9,0,7,7,6,8,0,0,9,0,99,0,0,9,1,6,6,2,33,6,1950,2,3,MERCEDES E CLASS,3,E01003992,0,-1
2020040919715,2020,040919715,2,9,0,12,12,5,3,0,0,8,0,0,0,0,4,1,5,6,2,27,6,2143,2,5,MERCEDES E CLASS,9,E01025560,0,-1
2020420960843,2020,420960843,1,9,0,17,19,2,8,0,0,3,0,0,0,0,4,1,6,6,1,33,6,2987,2,10,MERCEDES E CLASS,8,E01021520,0,-1
2020010256131,2020,010256131,1,9,0,2,2,0,0,0,0,0,0,0,0,0,3,1,6,6,3,-1,-1,1950,2,4,MERCEDES E CLASS,-1,-1,0,-1
2020040943097,2020,040943097,3,9,0,18,19,7,3,0,0,1,0,0,0,0,1,1,5,6,2,46,8,2143,2,9,MERCEDES E CLASS,7,E01024985,0,-1
2020140968775,2020,140968775,2,9,0,18,19,2,6,0,0,0,0,0,0,0,0,1,6,6,1,31,6,2987,2,11,MERCEDES E CLASS,7,E01007477,0,-1
2020010264595,2020,010264595,1,9,0,18,19,1,5,0,0,1,0,0,0,0,1,1,6,6,1,27,6,2143,2,7,MERCEDES E CLASS,2,E01001687,0,-1
2020430025085,2020,430025085,2,9,0,18,19,5,1,0,0,1,0,0,0,0,1,1,6,6,2,-1,-1,2149,2,13,MERCEDES E CLASS,-1,-1,0,-1
202031C079020,2020,31C079020,2,9,0,7,7,1,3,0,0,4,0,0,0,0,1,1,6,6,2,69,10,2987,2,10,MERCEDES E CLASS,2,E01028269,0,-1
2020010235224,2020,010235224,1,9,0,7,7,5,8,0,0,7,0,10,0,0,4,1,6,6,2,28,6,1950,2,2,MERCEDES E CLASS,3,E01002407,0,-1
2020010267366,2020,010267366,1,8,0,18,19,5,1,99,99,0,9,99,9,99,2,9,6,6,1,53,8,1950,2,3,MERCEDES E CLASS,3,E01003915,0,-1
202063A081620,2020,63A081620,2,9,0,2,2,0,0,0,0,0,0,0,0,0,0,1,6,6,3,-1,-1,1796,1,17,MERCEDES E CLASS,-1,-1,0,-1
2020400939300,2020,400939300,1,9,0,9,9,2,8,0,0,0,0,0,0,0,2,1,6,6,2,63,9,2148,2,15,MERCEDES E CLASS,3,E01017538,0,-1
2020010272217,2020,010272217,1,9,0,9,9,2,8,0,0,6,0,0,0,0,1,1,6,6,1,78,11,2597,1,17,MERCEDES E CLASS,5,E01002590,0,-1
2020460949279,2020,460949279,2,9,0,17,19,3,7,0,0,0,0,0,0,0,0,1,6,6,1,52,8,1950,2,2,MERCEDES E CLASS,10,E01024325,0,-1
2020320122168,2020,320122168,2,9,0,9,9,7,1,0,0,5,0,0,0,0,2,1,2,2,1,34,6,3222,2,15,MERCEDES E CLASS,5,E01026255,0,-1
2020040915038,2020,040915038,1,9,0,9,9,5,7,0,0,2,0,0,0,0,1,1,5,6,1,32,6,1950,2,1,MERCEDES E CLASS,2,E01025245,0,-1
2020010242424,2020,010242424,1,9,0,99,99,9,9,99,99,9,9,99,9,99,9,9,6,6,2,32,6,2143,2,5,MERCEDES E CLASS,5,E01001271,0,-1
2020010241315,2020,010241315,7,9,0,2,2,0,0,0,0,1,0,4,0,0,2,1,6,6,3,-1,-1,3199,1,21,MERCEDES E CLASS,-1,-1,0,-1
2020450955736,2020,450955736,1,9,0,18,19,5,1,0,0,0,1,7,0,0,4,1,5,6,1,25,5,2987,2,8,MERCEDES E CLASS,5,E01003664,0,-1
2020010273468,2020,010273468,1,9,0,7,7,3,4,0,0,1,0,0,0,0,1,1,6,6,1,59,9,1950,2,2,MERCEDES E CLASS,6,E01004706,0,-1
2020010235169,2020,010235169,1,9,0,3,3,3,7,0,0,2,0,0,0,0,2,1,2,2,1,45,7,1950,2,4,MERCEDES E CLASS,5,E01002622,0,-1
2020070130108,2020,070130108,1,9,0,12,12,1,5,0,0,0,0,0,0,0,3,1,6,6,1,35,6,2143,2,4,MERCEDES E CLASS,6,E01005054,0,-1
2020522002693,2020,522002693,1,9,0,18,19,7,3,0,0,8,0,0,0,0,1,1,6,6,1,27,6,2143,2,9,MERCEDES E CLASS,2,E01014624,0,-1
2020410936846,2020,410936846,2,9,0,4,4,3,7,0,0,0,0,0,0,0,2,1,6,6,1,47,8,2987,2,6,MERCEDES E CLASS,8,E01023660,0,-1
2020370946000,2020,370946000,1,9,0,18,19,4,8,0,0,0,0,0,7,1,3,1,5,6,1,80,11,2925,2,1,MERCEDES E CLASS,6,E01029902,0,-1
202006E277275,2020,06E277275,1,9,0,9,9,4,1,0,0,8,0,0,0,0,1,1,6,6,1,36,7,2143,2,7,MERCEDES E CLASS,1,E01005091,0,-1
202063A056520,2020,63A056520,2,9,0,5,5,1,5,0,0,4,0,0,0,0,3,1,6,6,1,94,11,2143,2,9,MERCEDES E CLASS,6,W01000635,0,-1
2020350994549,2020,350994549,1,9,0,9,9,7,5,0,0,4,0,0,0,0,3,1,1,1,1,33,6,1950,2,4,MERCEDES E CLASS,8,E01017956,0,-1
2020010240787,2020,010240787,2,9,9,99,99,9,9,99,99,9,9,99,9,99,9,9,6,6,3,-1,-1,2143,2,4,MERCEDES E CLASS,2,E01004323,0,-1
2020430043194,2020,430043194,1,9,0,18,19,1,5,0,0,0,0,0,0,0,2,1,6,6,2,41,7,2143,2,7,MERCEDES E CLASS,4,E01016447,0,-1
2020411003407,2020,411003407,2,9,0,18,19,3,7,0,0,0,0,11,0,0,1,1,1,1,1,30,6,1991,8,2,MERCEDES E CLASS,-1,-1,0,-1
2020040925446,2020,040925446,1,9,0,18,19,1,5,0,0,0,1,0,0,0,1,1,5,6,2,49,8,2143,2,5,MERCEDES E CLASS,9,E01025436,0,-1
2020010272294,2020,010272294,2,9,0,5,5,5,1,0,0,8,0,0,0,0,3,1,6,6,2,42,7,2143,2,7,MERCEDES E CLASS,4,E01001956,0,-1
2020010263467,2020,010263467,1,9,0,99,99,9,9,99,99,9,9,99,9,99,2,9,6,6,1,33,6,1950,2,3,MERCEDES E CLASS,2,E01001667,0,-1
2020010258253,2020,010258253,2,9,0,3,3,1,5,0,0,0,0,0,0,0,3,1,6,6,1,57,9,1950,2,2,MERCEDES E CLASS,2,E01023338,0,-1
2020200936596,2020,200936596,1,9,0,9,9,7,6,0,0,6,0,0,0,0,3,1,6,6,1,57,9,2143,2,6,MERCEDES E CLASS,2,E01008897,0,-1
2020122000542,2020,122000542,2,9,0,4,4,1,7,0,0,5,0,0,0,0,2,1,6,6,1,74,10,2597,1,16,MERCEDES E CLASS,6,E01013398,0,-1
2020010233848,2020,010233848,1,9,0,1,1,2,6,0,0,0,0,0,0,0,2,1,6,6,1,-1,-1,1950,2,4,MERCEDES E CLASS,-1,-1,0,-1
2020401007114,2020,401007114,2,9,0,4,4,4,8,0,0,1,0,0,0,0,2,1,5,6,1,48,8,2143,2,8,MERCEDES E CLASS,3,E01017538,0,-1
2020360999694,2020,360999694,2,9,0,18,19,7,3,0,0,0,0,0,0,0,2,1,1,1,2,34,6,2987,2,11,MERCEDES E CLASS,2,E01026689,0,-1
2020010287573,2020,010287573,1,9,0,99,99,9,9,99,99,9,9,99,9,99,1,1,6,6,1,33,6,1950,2,4,MERCEDES E CLASS,2,E01003726,0,-1
2020010258029,2020,010258029,2,9,0,7,7,3,5,99,99,1,9,0,0,0,1,1,6,6,3,-1,-1,1950,2,1,MERCEDES E CLASS,-1,-1,0,-1
2020622000988,2020,622000988,1,8,0,18,19,2,6,0,0,1,0,0,0,0,4,1,2,2,1,39,7,2143,2,8,MERCEDES E CLASS,7,W01001831,0,-1
2020200937931,2020,200937931,2,9,0,3,3,7,3,0,0,0,0,0,0,0,2,1,2,2,2,48,8,2143,2,6,MERCEDES E CLASS,4,E01009065,0,-1
2020010260102,2020,010260102,1,8,9,99,99,9,9,99,99,9,9,99,9,99,2,9,6,6,1,39,7,1950,2,2,MERCEDES E CLASS,4,E01003767,0,-1
2020010237153,2020,010237153,2,9,0,9,9,5,3,0,0,1,9,0,0,99,2,9,6,6,1,-1,-1,1950,2,3,MERCEDES E CLASS,-1,-1,0,-1
2020010241125,2020,010241125,1,9,0,18,19,7,3,0,0,1,0,0,0,0,1,1,6,6,1,-1,-1,2148,2,13,MERCEDES E CLASS,-1,-1,0,-1
2020010284666,2020,010284666,1,9,0,18,19,4,8,0,0,0,0,0,0,0,1,1,6,6,1,55,8,1796,1,13,MERCEDES E CLASS,4,E01003448,0,-1
2020010236382,2020,010236382,2,9,0,4,4,7,3,0,0,0,9,0,0,99,1,9,6,6,3,-1,-1,2143,2,9,MERCEDES E CLASS,1,E01033598,0,-1
2020460960477,2020,460960477,2,9,0,18,19,7,3,0,0,0,0,0,0,0,1,1,6,6,2,33,6,2143,2,7,MERCEDES E CLASS,2,E01016064,0,-1
2020010274596,2020,010274596,2,9,0,7,7,7,2,0,0,1,0,0,0,0,1,1,6,6,3,-1,-1,3222,2,16,MERCEDES E CLASS,-1,-1,0,-1
2020420969427,2020,420969427,1,9,0,9,9,1,3,0,0,8,0,0,0,0,4,1,5,6,1,28,6,1950,2,3,MERCEDES E CLASS,9,E01021745,0,-1
2020010273110,2020,010273110,1,9,0,18,19,3,7,0,0,0,0,0,0,0,1,1,6,6,1,-1,-1,2685,2,16,MERCEDES E CLASS,5,E01032214,0,-1
2020461004827,2020,461004827,2,9,0,4,4,3,7,0,0,1,0,0,0,0,1,1,1,1,1,40,7,2143,12,6,MERCEDES E CLASS,5,E01000379,0,-1
2020230991725,2020,230991725,1,9,0,9,9,3,1,0,0,6,0,0,0,0,3,1,2,2,1,61,9,2987,2,10,MERCEDES E CLASS,6,E01032401,0,-1
2020010247708,2020,010247708,1,9,0,99,99,9,9,99,99,9,9,99,9,99,1,9,2,2,1,28,6,1991,8,3,MERCEDES E CLASS,9,E01015941,0,-1
2020140918465,2020,140918465,1,9,0,17,19,6,2,0,0,2,1,0,1,4,1,1,1,1,1,60,9,2143,2,6,MERCEDES E CLASS,9,E01028151,0,-1
2020360937861,2020,360937861,2,9,0,18,19,5,1,0,0,0,0,0,1,0,3,1,2,2,2,51,8,2143,2,6,MERCEDES E CLASS,8,E01026772,0,-1
2020010237747,2020,010237747,1,9,0,99,99,9,9,0,0,0,9,99,9,99,2,1,6,6,1,39,7,2987,2,10,MERCEDES E CLASS,7,E01033431,0,-1
2020411007579,2020,411007579,1,9,0,18,19,5,1,0,0,0,1,0,2,7,1,1,5,6,1,27,6,1950,2,4,MERCEDES E CLASS,3,E01029448,0,-1
2020010266547,2020,010266547,1,9,0,18,19,1,5,0,0,1,9,0,0,0,2,9,6,6,2,39,7,1950,2,3,MERCEDES E CLASS,9,E01031004,0,-1