collision_index,collision_year,collision_ref_no,vehicle_reference,vehicle_type,towing_and_articulation,vehicle_manoeuvre_historic,vehicle_manoeuvre,vehicle_direction_from,vehicle_direction_to,vehicle_location_restricted_lane_historic,vehicle_location_restricted_lane,junction_location,skidding_and_overturning,hit_object_in_carriageway,vehicle_leaving_carriageway,hit_object_off_carriageway,first_point_of_impact,vehicle_left_hand_drive,journey_purpose_of_driver_historic,journey_purpose_of_driver,sex_of_driver,age_of_driver,age_band_of_driver,engine_capacity_cc,propulsion_code,age_of_vehicle,generic_make_model,driver_imd_decile,lsoa_of_driver,escooter_flag,driver_distance_banding
2020110931584,2020,110931584,1,9,0,18,19,4,8,0,0,4,0,0,0,0,1,1,5,6,2,28,6,2143,2,6,MERCEDES E CLASS,6,E01020642,0,-1
2020440497814,2020,440497814,1,9,0,18,19,1,5,0,0,8,0,0,1,2,1,1,1,1,1,37,7,3222,2,16,MERCEDES E CLASS,2,E01017032,0,-1
2020360973864,2020,360973864,1,9,0,2,2,0,0,0,0,2,0,0,0,0,3,1,6,6,1,57,9,2987,2,6,MERCEDES E CLASS,4,E01026814,0,-1
2020010269818,2020,010269818,1,9,0,10,10,1,7,0,0,1,0,0,0,0,1,1,6,6,1,46,8,1950,2,1,MERCEDES E CLASS,6,E01023858,0,-1
2020010273165,2020,010273165,1,9,0,18,19,7,3,7,6,4,0,0,0,0,1,2,2,2,1,58,9,1950,2,4,MERCEDES E CLASS,4,E01002908,0,-1
2020040918604,2020,040918604,1,9,0,18,19,1,5,0,0,0,1,0,2,7,1,1,1,1,1,55,8,1950,2,3,MERCEDES E CLASS,9,E01025253,0,-1
2020010230598,2020,010230598,1,8,0,99,99,9,9,99,99,9,9,99,9,99,2,9,6,6,1,50,8,2143,2,5,MERCEDES E CLASS,6,E01001309,0,-1
2020140972000,2020,140972000,1,9,0,9,9,3,7,0,0,1,0,0,7,0,3,1,2,2,1,54,8,2685,2,16,MERCEDES E CLASS,2,E01011136,0,-1
2020170M31860,2020,170M31860,1,9,0,18,19,8,4,0,0,4,0,0,0,0,1,1,6,6,1,61,9,2996,1,3,MERCEDES E CLASS,-1,-1,0,-1
2020010256209,2020,010256209,1,9,0,8,8,3,4,0,0,6,0,0,0,0,1,1,6,6,1,52,8,1950,2,4,MERCEDES E CLASS,7,E01001314,0,-1
2020332000047,2020,332000047,1,9,0,18,19,6,2,0,0,1,0,0,0,0,1,1,6,6,1,86,11,2987,2,13,MERCEDES E CLASS,10,E01025860,0,-1
2020010281857,2020,010281857,1,9,0,5,5,3,7,0,0,1,0,0,0,0,1,2,3,7,1,41,7,1950,2,3,MERCEDES E CLASS,3,E01002532,0,-1
2020010232365,2020,010232365,1,9,0,4,4,3,7,0,0,1,0,0,0,0,2,1,6,6,1,33,6,1991,1,3,MERCEDES E CLASS,5,E01002682,0,-1
2020010241537,2020,010241537,2,9,0,9,9,1,7,0,0,1,0,0,0,0,4,1,6,6,1,25,5,1950,2,4,MERCEDES E CLASS,4,E01002406,0,-1
2020360957827,2020,360957827,2,9,0,18,19,4,8,0,0,2,0,0,0,0,3,1,6,6,1,54,8,1950,2,4,MERCEDES E CLASS,3,E01003550,0,-1
2020010248555,2020,010248555,1,9,0,18,19,3,7,0,0,2,0,0,0,0,1,1,6,6,1,21,5,1991,1,1,MERCEDES E CLASS,6,E01033600,0,-1
2020501013811,2020,501013811,1,9,0,18,19,3,7,0,0,1,0,0,0,0,1,1,5,6,1,48,8,2148,2,16,MERCEDES E CLASS,5,E01018864,0,-1
2020010284663,2020,010284663,2,8,0,99,99,9,9,99,99,9,9,99,9,99,9,9,6,6,3,-1,-1,2987,2,3,MERCEDES E CLASS,6,E01000069,0,-1
2020450925534,2020,450925534,2,9,0,1,1,7,3,0,0,0,0,0,0,0,2,1,5,6,1,76,11,2987,2,4,MERCEDES E CLASS,10,E01030345,0,-1
2020200934654,2020,200934654,1,9,0,18,19,3,7,0,0,4,0,0,0,0,0,1,6,6,1,-1,-1,2143,2,6,MERCEDES E CLASS,-1,-1,0,-1
2020400918081,2020,400918081,1,9,0,5,5,4,8,0,0,1,0,0,0,0,1,1,6,6,2,47,8,2143,2,6,MERCEDES E CLASS,7,E01017577,0,-1
2020460979533,2020,460979533,2,9,0,4,4,6,2,0,0,1,0,0,4,7,3,1,5,6,1,63,9,2987,2,14,MERCEDES E CLASS,8,E01024255,0,-1
2020010262568,2020,010262568,1,9,0,18,19,1,5,0,0,0,1,0,0,0,1,1,6,6,1,37,7,2987,2,14,MERCEDES E CLASS,4,E01002042,0,-1
2020302001575,2020,302001575,1,8,0,5,5,4,8,0,0,0,0,0,0,0,0,1,1,1,1,60,9,2143,2,9,MERCEDES E CLASS,3,E01013572,0,-1
2020201001142,2020,201001142,1,9,0,18,19,6,2,0,0,2,0,10,1,10,1,1,6,6,1,16,4,2987,2,10,MERCEDES E CLASS,1,E01010453,0,-1
2020010260637,2020,010260637,2,9,0,99,99,9,9,99,99,0,9,99,9,99,1,9,6,6,3,-1,-1,1950,2,0,MERCEDES E CLASS,-1,-1,0,-1
2020200976005,2020,200976005,3,8,0,2,2,0,0,9,9,0,0,0,0,0,2,1,6,6,1,32,6,2143,12,7,MERCEDES E CLASS,1,E01009511,0,-1
2020010242927,2020,010242927,1,9,0,9,9,5,3,0,0,6,0,0,0,0,1,1,6,6,3,-1,-1,1950,2,4,MERCEDES E CLASS,-1,-1,0,-1
2020010280573,2020,010280573,2,9,0,4,4,1,5,0,0,0,0,0,0,0,1,2,6,6,1,53,8,3222,2,16,MERCEDES E CLASS,2,E01001770,0,-1
2020010232970,2020,010232970,2,9,0,18,19,3,7,0,0,0,0,0,0,0,1,1,6,6,1,37,7,2987,2,10,MERCEDES E CLASS,9,E01000409,0,-1
2020010235836,2020,010235836,1,9,0,99,99,9,9,99,99,0,9,99,9,99,9,1,6,6,3,-1,-1,1950,2,2,MERCEDES E CLASS,-1,-1,0,-1
2020410999835,2020,410999835,2,9,0,3,3,5,1,0,0,1,0,0,0,0,2,1,5,6,1,56,9,1950,2,0,MERCEDES E CLASS,10,E01023911,0,-1
2020141011215,2020,141011215,1,9,0,5,5,5,1,0,0,2,0,0,0,0,1,1,2,2,1,34,6,2987,2,10,MERCEDES E CLASS,4,E01007641,0,-1
2020400950369,2020,400950369,4,9,0,2,2,0,0,6,6,0,0,0,0,0,1,1,5,6,1,-1,-1,1950,2,3,MERCEDES E CLASS,-1,-1,0,-1
2020440487795,2020,440487795,1,9,0,16,19,8,4,0,0,0,0,0,8,4,1,1,1,1,1,30,6,2398,1,22,MERCEDES E CLASS,1,E01001080,0,-1
202006M279424,2020,06M279424,1,9,0,18,19,5,3,0,0,8,0,0,0,0,1,1,6,6,1,30,6,1950,2,1,MERCEDES E CLASS,-1,-1,0,-1
2020010247548,2020,010247548,2,9,0,18,19,7,3,0,0,0,0,0,0,0,2,1,6,6,1,25,5,1796,1,7,MERCEDES E CLASS,-1,-1,0,-1
2020370937089,2020,370937089,2,9,0,4,4,8,4,0,0,1,0,0,0,0,2,1,5,6,2,70,10,2987,2,9,MERCEDES E CLASS,7,E01021978,0,-1
2020010237112,2020,010237112,2,9,0,99,99,9,9,99,99,9,9,99,9,99,9,9,6,6,3,-1,-1,3222,2,17,MERCEDES E CLASS,-1,-1,0,-1
2020122001141,2020,122001141,2,9,0,10,10,3,1,0,0,1,0,0,0,0,2,1,2,2,2,37,7,1950,2,1,MERCEDES E CLASS,7,E01013419,0,-1
2020430264071,2020,430264071,1,9,0,18,19,7,3,0,0,1,0,0,0,0,3,1,6,6,1,-1,-1,1950,2,1,MERCEDES E CLASS,-1,-1,0,-1
2020351014266,2020,351014266,1,9,0,18,19,1,5,0,0,2,0,0,1,10,1,1,5,6,1,22,5,2143,2,4,MERCEDES E CLASS,6,E01018186,0,-1
2020137C10438,2020,137C10438,2,9,0,18,19,5,1,0,0,8,0,0,0,0,1,1,6,6,1,29,6,1950,2,0,MERCEDES E CLASS,3,E01011541,0,-1
2020430097044,2020,430097044,1,8,0,3,3,2,6,0,0,0,0,0,0,0,2,1,6,6,2,36,7,1950,2,2,MERCEDES E CLASS,6,E01016469,0,-1
2020010248218,2020,010248218,1,9,0,99,99,9,9,99,99,9,9,99,9,99,2,9,2,2,1,48,8,2987,2,12,MERCEDES E CLASS,9,E01000419,0,-1
2020421006084,2020,421006084,2,9,0,3,3,7,3,0,0,0,0,0,0,0,2,1,6,6,2,44,7,2685,2,17,MERCEDES E CLASS,3,E01015902,0,-1
2020450942683,2020,450942683,2,9,0,18,19,1,1,0,0,0,0,0,0,0,1,1,6,6,3,35,6,3222,2,15,MERCEDES E CLASS,-1,-1,0,-1
202006E470304,2020,06E470304,2,9,0,9,9,5,2,0,0,8,0,0,0,0,2,1,6,6,2,59,9,1950,2,2,MERCEDES E CLASS,9,E01005843,0,-1
2020010282742,2020,010282742,1,9,0,18,19,7,3,0,0,0,0,0,0,0,0,1,6,6,2,29,6,2143,2,5,MERCEDES E CLASS,2,E01003783,0,-1
2020320535940,2020,320535940,2,9,0,18,19,3,7,0,0,1,0,0,0,0,4,1,6,6,1,22,5,1950,2,1,MERCEDES E CLASS,-1,-1,0,-1
2020010257636,2020,010257636,1,8,0,99,99,9,9,99,99,9,9,99,9,99,1,9,6,6,1,33,6,1950,2,3,MERCEDES E CLASS,9,E01007709,0,-1
2020010281496,2020,010281496,2,9,0,99,99,9,9,99,99,9,9,99,9,99,9,1,6,6,3,-1,-1,1991,1,2,MERCEDES E CLASS,-1,-1,0,-1
2020200931075,2020,200931075,2,9,0,18,19,8,4,0,0,8,0,0,0,0,1,1,6,6,2,46,8,2143,2,6,MERCEDES E CLASS,1,E01009378,0,-1
202031C166820,2020,31C166820,1,9,0,18,19,7,3,0,0,1,0,0,0,0,1,1,3,7,2,42,7,2143,2,8,MERCEDES E CLASS,3,E01013932,0,-1
2020420985266,2020,420985266,2,9,0,10,10,4,8,0,0,1,0,0,0,0,2,1,6,6,2,37,7,2143,2,9,MERCEDES E CLASS,7,E01004352,0,-1
2020470981157,2020,470981157,1,9,0,9,9,5,3,0,0,8,0,0,0,0,1,1,5,6,1,54,8,2148,2,16,MERCEDES E CLASS,8,E01016985,0,-1
2020010277753,2020,010277753,1,9,9,99,99,9,9,99,99,9,9,99,9,99,9,9,6,6,2,36,7,2143,2,5,MERCEDES E CLASS,1,E01033456,0,-1
2020010232782,2020,010232782,1,9,0,99,99,9,9,99,99,1,9,99,9,99,2,9,6,6,1,36,7,2143,2,8,MERCEDES E CLASS,4,E01033576,0,-1
202006XF68669,2020,06XF68669,1,9,0,4,4,3,7,0,0,0,0,0,2,1,1,1,6,6,1,54,8,1950,2,2,MERCEDES E CLASS,9,E01012473,0,-1
2020010239242,2020,010239242,2,9,0,99,99,9,9,99,99,9,9,99,9,99,1,9,6,6,3,-1,-1,2143,2,5,MERCEDES E CLASS,-1,-1,0,-1
2020010233014,2020,010233014,1,9,0,10,10,8,6,0,0,6,0,0,0,0,1,1,6,6,1,79,11,2987,2,15,MERCEDES E CLASS,3,E01002627,0,-1
2020440420242,2020,440420242,3,9,0,4,4,2,6,0,0,0,0,0,0,0,2,1,6,6,2,29,6,1950,2,2,MERCEDES E CLASS,6,E01020398,0,-1
2020010263131,2020,010263131,3,9,0,8,8,1,3,0,0,1,0,0,0,0,0,1,6,6,2,34,6,1950,2,2,MERCEDES E CLASS,3,E01000011,0,-1
2020052001313,2020,052001313,2,9,0,18,19,1,5,0,0,8,0,0,0,0,1,1,6,6,1,37,7,1950,2,3,MERCEDES E CLASS,1,E01006762,0,-1
2020440044369,2020,440044369,2,9,0,7,7,1,3,0,0,8,0,0,0,0,4,1,6,6,1,42,7,2143,2,7,MERCEDES E CLASS,2,E01017153,0,-1
2020990984655,2020,990984655,1,9,0,9,9,7,5,0,0,8,0,0,0,0,0,1,5,6,1,57,9,2987,2,7,MERCEDES E CLASS,4,-1,0,-1
2020340W00642,2020,340W00642,2,9,0,18,19,3,7,0,0,0,0,0,0,0,3,1,2,2,1,40,7,2987,2,8,MERCEDES E CLASS,7,E01027146,0,-1
2020302001616,2020,302001616,3,9,0,18,19,6,2,0,0,1,0,0,0,0,4,1,6,6,1,47,8,2143,2,4,MERCEDES E CLASS,9,E01013543,0,-1
2020430294442,2020,430294442,1,9,0,9,9,3,1,0,0,2,0,0,0,0,4,1,1,1,1,35,6,2143,2,7,MERCEDES E CLASS,4,E01017581,0,-1
2020010268918,2020,010268918,1,9,0,3,3,1,5,0,0,8,0,0,0,0,1,1,6,6,1,48,8,3222,2,16,MERCEDES E CLASS,2,E01000050,0,-1
2020545964920,2020,545964920,2,9,0,18,19,7,3,0,0,4,0,0,0,0,2,1,6,6,1,44,7,1950,2,2,MERCEDES E CLASS,7,E01022416,0,-1
2020010265448,2020,010265448,1,9,0,18,19,3,7,0,0,1,0,0,0,0,1,1,6,6,1,51,8,1950,2,1,MERCEDES E CLASS,6,E01003754,0,-1
2020010253563,2020,010253563,1,9,0,3,3,3,7,0,0,2,0,0,0,0,1,1,6,6,1,55,8,1950,2,3,MERCEDES E CLASS,4,E01004737,0,-1
2020010278652,2020,010278652,2,9,0,99,99,9,9,99,99,9,9,99,9,99,2,9,6,6,3,-1,-1,2143,2,8,MERCEDES E CLASS,-1,-1,0,-1
2020530993667,2020,530993667,1,9,0,18,19,3,7,0,0,8,0,0,7,10,1,1,6,6,2,49,8,2143,12,6,MERCEDES E CLASS,10,E01028825,0,-1
2020010266529,2020,010266529,2,9,0,3,3,4,8,0,0,0,0,0,0,0,0,1,6,6,1,63,9,3199,1,17,MERCEDES E CLASS,2,E01003120,0,-1
2020010230291,2020,010230291,2,9,0,18,19,7,3,0,0,1,0,10,7,4,1,1,6,6,2,38,7,1991,1,7,MERCEDES E CLASS,1,E01004721,0,-1
2020220961122,2020,220961122,1,9,0,18,19,1,5,0,0,0,0,0,0,0,3,1,5,6,2,56,9,2148,2,12,MERCEDES E CLASS,6,E01032390,0,-1
2020200939671,2020,200939671,1,9,0,18,19,6,2,0,0,0,0,0,0,0,4,1,6,6,1,61,9,3222,2,19,MERCEDES E CLASS,3,E01010137,0,-1
2020500974517,2020,500974517,1,9,0,18,19,6,2,0,0,0,0,0,0,0,3,1,6,6,1,78,11,2143,2,5,MERCEDES E CLASS,6,E01020244,0,-1
2020420983578,2020,420983578,1,9,0,18,19,2,6,0,0,0,0,0,0,0,1,1,6,6,1,30,6,1950,2,3,MERCEDES E CLASS,-1,-1,0,-1
2020430382513,2020,430382513,2,8,0,18,19,8,4,0,0,0,0,0,0,0,1,1,1,1,1,46,8,2143,2,5,MERCEDES E CLASS,7,E01016365,0,-1
2020160991994,2020,160991994,2,9,0,4,4,4,8,0,0,2,0,0,0,0,2,1,5,6,1,44,7,2987,2,7,MERCEDES E CLASS,1,E01012854,0,-1
2020440467765,2020,440467765,1,9,0,9,9,1,7,0,0,8,0,0,0,0,1,1,6,6,3,-1,-1,1950,2,3,MERCEDES E CLASS,-1,-1,0,-1
2020010252863,2020,010252863,1,9,0,18,19,5,1,0,0,0,0,0,0,0,2,1,6,6,2,29,6,1991,1,1,MERCEDES E CLASS,10,E01000325,0,-1
2020010264459,2020,010264459,2,9,0,99,99,9,9,99,99,9,9,99,9,99,1,9,6,6,3,58,9,1991,1,2,MERCEDES E CLASS,7,E01000215,0,-1
2020010274077,2020,010274077,2,9,0,99,99,9,9,99,99,9,9,99,9,99,1,9,6,6,3,-1,-1,1950,2,4,MERCEDES E CLASS,5,E01003638,0,-1
202031C163520,2020,31C163520,2,9,0,18,19,6,2,0,0,1,0,0,0,0,1,1,6,6,1,31,6,1950,2,4,MERCEDES E CLASS,5,E01013840,0,-1
2020010241294,2020,010241294,1,9,0,18,19,2,6,0,0,8,0,0,0,0,1,1,3,7,1,36,7,1950,2,1,MERCEDES E CLASS,2,E01003205,0,-1
2020010254663,2020,010254663,1,9,0,9,9,4,2,0,0,6,0,0,0,0,4,1,6,6,1,53,8,2143,2,4,MERCEDES E CLASS,4,E01004569,0,-1
202006G269386,2020,06G269386,2,9,0,16,19,6,1,0,0,0,0,0,0,0,2,1,6,6,1,66,10,3490,1,15,MERCEDES E CLASS,3,E01005979,0,-1
202006G267844,2020,06G267844,1,9,0,18,19,1,5,0,0,0,0,0,0,0,2,1,1,1,1,35,6,1950,2,2,MERCEDES E CLASS,1,E01005379,0,-1
2020430216338,2020,430216338,3,9,0,4,4,7,3,0,0,2,0,0,0,0,2,1,2,2,1,40,7,2996,1,3,MERCEDES E CLASS,8,E01016549,0,-1
2020420989586,2020,420989586,3,9,0,8,8,6,3,0,0,1,0,0,0,0,1,1,3,7,1,55,8,1998,1,18,MERCEDES E CLASS,2,E01015938,0,-1
2020010238103,2020,010238103,2,9,0,99,99,9,9,99,99,9,9,99,9,99,9,9,6,6,3,32,6,2143,2,5,MERCEDES E CLASS,2,E01003128,0,-1
2020010243736,2020,010243736,2,9,0,99,99,9,9,0,0,1,9,0,0,99,1,9,6,6,1,34,6,2996,1,6,MERCEDES E CLASS,4,E01033424,0,-1
2020040933030,2020,040933030,1,9,0,18,19,5,1,0,0,0,1,0,5,0,1,1,2,2,1,40,7,2143,2,5,MERCEDES E CLASS,1,E01005196,0,-1
2020010230693,2020,010230693,3,9,0,18,19,5,1,0,0,2,0,0,0,0,1,1,2,2,1,75,10,2143,2,5,MERCEDES E CLASS,6,E01030643,0,-1
202063D016520,2020,63D016520,1,9,0,9,9,6,4,0,0,6,0,0,0,0,1,1,6,6,1,93,11,3226,2,21,MERCEDES E CLASS,7,W01001377,0,-1
2020401001518,2020,401001518,1,9,0,4,4,7,3,0,0,1,0,0,0,0,1,1,2,2,1,45,7,1950,2,3,MERCEDES E CLASS,6,E01017479,0,-1
2020070616891,2020,070616891,1,9,0,5,5,5,1,0,0,8,0,0,0,0,1,1,6,6,2,63,9,2143,2,11,MERCEDES E CLASS,9,E01012562,0,-1
2020990953077,2020,990953077,2,9,0,18,19,7,3,0,0,1,0,0,7,4,4,1,5,6,1,51,8,1950,2,4,MERCEDES E CLASS,5,-1,0,-1
2020010284137,2020,010284137,1,9,0,17,19,4,8,0,0,8,0,0,1,0,3,1,6,6,2,50,8,1796,1,15,MERCEDES E CLASS,2,E01001576,0,-1
202031C136520,2020,31C136520,2,9,0,6,6,1,1,0,0,0,0,0,0,0,3,1,6,6,3,-1,-1,2148,2,14,MERCEDES E CLASS,-1,-1,0,-1
2020200987176,2020,200987176,1,9,0,6,6,6,6,0,0,0,0,0,0,0,3,1,6,6,1,48,8,2987,2,13,MERCEDES E CLASS,1,E01009013,0,-1
2020500967407,2020,500967407,2,9,4,4,4,8,4,0,0,0,0,0,0,0,2,1,5,6,1,66,10,2987,2,4,MERCEDES E CLASS,6,E01020142,0,-1
2020470986443,2020,470986443,1,9,0,5,5,5,7,0,0,0,0,0,0,0,3,2,5,6,1,34,6,1950,2,2,MERCEDES E CLASS,4,E01021060,0,-1
2020010240815,2020,010240815,2,9,0,18,19,2,6,0,0,1,0,0,0,0,1,1,6,6,2,30,6,2143,2,6,MERCEDES E CLASS,5,E01003084,0,-1
2020410987740,2020,410987740,1,9,0,10,10,1,5,0,0,0,0,0,0,0,1,1,5,6,2,71,10,3199,1,18,MERCEDES E CLASS,10,E01023290,0,-1
2020010274638,2020,010274638,2,9,0,9,9,5,3,0,0,5,0,0,0,0,1,1,6,6,1,28,6,3498,1,5,MERCEDES E CLASS,4,E01022037,0,-1
2020010239965,2020,010239965,1,9,0,99,99,9,9,99,99,9,9,99,9,99,9,9,6,6,1,57,9,1950,2,1,MERCEDES E CLASS,3,E01002587,0,-1
2020470932991,2020,470932991,1,9,0,18,19,7,3,0,0,0,5,0,0,0,1,1,5,6,1,72,10,3222,2,16,MERCEDES E CLASS,4,E01031788,0,-1
2020100918107,2020,100918107,1,9,0,18,19,7,3,0,0,0,0,0,0,0,1,1,6,6,3,-1,-1,2987,2,11,MERCEDES E CLASS,-1,-1,0,-1
2020010239245,2020,010239245,2,9,0,99,99,9,9,99,99,9,9,99,9,99,9,9,6,6,3,-1,-1,1950,2,1,MERCEDES E CLASS,-1,-1,0,-1
2020522100485,2020,522100485,1,9,0,12,12,6,2,0,0,1,0,0,0,0,1,1,6,6,1,33,6,2143,2,6,MERCEDES E CLASS,1,E01014653,0,-1
2020010274845,2020,010274845,1,8,0,99,99,9,9,99,99,9,9,99,9,99,9,9,6,6,1,55,8,2143,2,6,MERCEDES E CLASS,2,E01001172,0,-1
2020440281807,2020,440281807,1,9,0,9,9,1,6,0,0,8,0,0,0,0,3,1,6,6,1,27,6,1950,2,0,MERCEDES E CLASS,8,E01032841,0,-1
2020340N08852,2020,340N08852,1,9,0,5,5,5,1,9,9,0,0,0,0,0,1,1,6,6,1,33,6,1950,2,4,MERCEDES E CLASS,2,E01027214,0,-1
2020010257377,2020,010257377,1,9,0,18,19,3,7,0,0,0,0,8,0,0,3,1,2,2,1,47,8,2143,2,4,MERCEDES E CLASS,2,E01004284,0,-1
2020010241341,2020,010241341,2,9,0,18,19,1,5,0,0,1,0,0,0,0,1,1,6,6,1,27,6,1950,2,4,MERCEDES E CLASS,6,E01023545,0,-1
2020401010882,2020,401010882,1,9,0,18,19,3,7,0,0,4,0,0,0,0,3,1,6,6,1,33,6,1950,12,0,MERCEDES E CLASS,2,E01004010,0,-1
2020010235382,2020,010235382,2,9,0,99,99,9,9,99,99,9,9,99,9,99,9,9,6,6,1,49,8,1991,8,2,MERCEDES E CLASS,5,E01002632,0,-1
2020160923580,2020,160923580,1,9,0,9,9,5,3,0,0,5,0,0,0,0,1,1,2,2,1,48,8,1950,2,2,MERCEDES E CLASS,7,E01013224,0,-1
2020010246312,2020,010246312,1,8,0,18,19,9,9,0,0,8,9,0,0,99,1,1,1,1,1,-1,-1,1950,2,4,MERCEDES E CLASS,-1,-1,0,-1
2020440365958,2020,440365958,1,9,0,13,13,5,1,0,0,1,0,0,0,0,1,1,2,2,1,31,6,1950,2,2,MERCEDES E CLASS,10,E01032859,0,-1
2020450937360,2020,450937360,1,9,0,18,19,1,4,0,0,0,0,0,0,0,1,1,1,1,1,36,7,1950,2,1,MERCEDES E CLASS,9,E01030571,0,-1
2020200946956,2020,200946956,2,9,0,18,19,5,1,0,0,0,0,10,0,0,3,1,6,6,1,29,6,2143,2,9,MERCEDES E CLASS,5,E01010008,0,-1
2020010256097,2020,010256097,2,9,0,99,99,9,9,99,99,9,9,99,9,99,2,9,6,6,3,44,7,2987,2,3,MERCEDES E CLASS,8,E01000989,0,-1
2020140982981,2020,140982981,2,9,0,18,19,5,1,0,0,0,5,0,1,0,1,1,5,6,1,69,10,2143,2,5,MERCEDES E CLASS,3,E01007637,0,-1
2020160935334,2020,160935334,2,9,0,18,19,6,2,0,0,1,0,0,0,0,4,1,3,7,2,29,6,2143,2,9,MERCEDES E CLASS,1,E01012895,0,-1
2020100936632,2020,100936632,1,9,0,18,19,3,7,0,0,0,0,0,1,9,3,1,6,6,3,-1,-1,1950,2,1,MERCEDES E CLASS,-1,-1,0,-1
2020010245384,2020,010245384,2,9,0,2,2,0,0,0,0,0,0,0,0,0,0,1,6,6,3,-1,-1,1950,2,3,MERCEDES E CLASS,-1,-1,0,-1
2020140954210,2020,140954210,1,9,0,2,2,0,0,0,0,0,0,0,0,0,0,1,6,6,1,39,7,2143,2,5,MERCEDES E CLASS,7,E01007551,0,-1
2020460962719,2020,460962719,1,9,0,9,9,4,8,0,0,8,0,0,0,0,3,1,5,6,1,47,8,2685,2,16,MERCEDES E CLASS,2,E01032799,0,-1
2020220960166,2020,220960166,2,9,0,13,13,6,1,0,0,0,0,0,0,0,0,1,6,6,1,-1,-1,2987,2,7,MERCEDES E CLASS,8,E01013996,0,-1
2020622000477,2020,622000477,2,9,0,9,9,8,7,0,0,1,0,0,0,0,3,1,6,6,1,34,6,1950,2,3,MERCEDES E CLASS,10,W01001732,0,-1
2020010243625,2020,010243625,1,9,0,99,99,9,9,0,0,9,9,99,0,0,9,9,6,6,1,-1,-1,2143,2,6,MERCEDES E CLASS,-1,-1,0,-1
2020010243839,2020,010243839,1,9,0,17,19,3,1,0,0,8,0,0,0,0,4,1,6,6,1,75,10,2685,2,17,MERCEDES E CLASS,8,E01000248,0,-1
2020470985285,2020,470985285,2,9,0,3,3,4,8,0,0,1,0,0,0,0,2,1,3,7,2,42,7,2143,2,5,MERCEDES E CLASS,8,E01021030,0,-1
2020421001247,2020,421001247,2,9,0,18,19,3,7,0,0,0,0,0,0,0,2,1,5,6,1,36,7,2143,2,6,MERCEDES E CLASS,3,E01002284,0,-1
2020010258365,2020,010258365,1,9,0,5,5,7,3,9,9,1,1,10,0,11,1,1,6,6,3,-1,-1,2143,2,8,MERCEDES E CLASS,-1,-1,0,-1
2020460941624,2020,460941624,1,9,0,11,11,5,1,0,0,0,0,0,1,0,1,1,5,6,1,39,7,2143,2,5,MERCEDES E CLASS,3,E01016155,0,-1
2020010269676,2020,010269676,1,9,9,99,99,9,9,99,99,9,9,99,9,99,9,9,6,6,1,50,8,1950,2,3,MERCEDES E CLASS,7,E01000723,0,-1
202006K272858,2020,06K272858,1,9,0,13,13,8,4,0,0,8,0,0,7,0,1,1,6,6,1,23,5,1991,1,3,MERCEDES E CLASS,1,E01004853,0,-1
2020010254594,2020,010254594,1,9,0,18,19,7,3,0,0,8,0,10,3,10,1,1,6,6,1,53,8,2987,2,8,MERCEDES E CLASS,5,E01002636,0,-1
2020040918753,2020,040918753,1,9,0,10,10,3,1,0,0,2,0,0,0,0,1,1,1,1,1,39,7,2143,2,9,MERCEDES E CLASS,8,E01025214,0,-1
2020010277277,2020,010277277,2,9,0,99,99,9,9,99,99,9,9,99,9,99,2,9,6,6,1,38,7,2987,2,14,MERCEDES E CLASS,8,E01002498,0,-1
2020520004712,2020,520004712,2,9,0,18,19,1,5,0,0,8,0,0,0,0,1,1,6,6,3,30,6,2148,2,18,MERCEDES E CLASS,-1,-1,0,-1
2020440467105,2020,440467105,3,8,0,3,3,1,6,0,0,0,0,0,0,0,2,1,1,1,1,-1,-1,2143,2,6,MERCEDES E CLASS,4,E01016422,0,-1
2020010268371,2020,010268371,1,9,0,17,19,1,5,0,0,4,0,0,0,0,1,1,1,1,1,52,8,2143,12,6,MERCEDES E CLASS,2,E01001591,0,-1
2020010266039,2020,010266039,1,9,0,18,19,3,7,0,0,2,0,0,0,0,2,1,1,1,1,39,7,2143,2,5,MERCEDES E CLASS,4,E01032800,0,-1
2020010248343,2020,010248343,1,9,0,18,19,3,7,0,0,4,0,0,0,0,3,1,6,6,2,51,8,2987,2,10,MERCEDES E CLASS,1,E01002782,0,-1
2020320666112,2020,320666112,1,9,0,18,19,8,4,0,0,0,0,7,0,2,1,1,6,6,1,46,8,2148,2,13,MERCEDES E CLASS,4,E01023738,0,-1
2020990923100,2020,990923100,1,8,0,3,3,5,1,0,0,0,0,0,0,0,4,1,1,1,1,24,5,2143,2,4,MERCEDES E CLASS,5,-1,0,-1