collision_index,collision_year,collision_ref_no,vehicle_reference,vehicle_type,towing_and_articulation,vehicle_manoeuvre_historic,vehicle_manoeuvre,vehicle_direction_from,vehicle_direction_to,vehicle_location_restricted_lane_historic,vehicle_location_restricted_lane,junction_location,skidding_and_overturning,hit_object_in_carriageway,vehicle_leaving_carriageway,hit_object_off_carriageway,first_point_of_impact,vehicle_left_hand_drive,journey_purpose_of_driver_historic,journey_purpose_of_driver,sex_of_driver,age_of_driver,age_band_of_driver,engine_capacity_cc,propulsion_code,age_of_vehicle,generic_make_model,driver_imd_decile,lsoa_of_driver,escooter_flag,driver_distance_banding
2020010286794,2020,010286794,1,9,0,18,19,7,3,0,0,0,0,4,0,0,1,1,6,6,1,28,6,1950,12,0,MERCEDES E CLASS,2,E01001893,0,-1
2020552100171,2020,552100171,3,9,0,2,2,0,0,0,0,2,0,0,0,0,2,1,6,6,3,-1,-1,2143,2,5,MERCEDES E CLASS,-1,-1,0,-1
2020200982309,2020,200982309,2,9,0,18,19,2,6,0,0,8,0,0,0,0,1,1,1,1,1,31,6,2143,2,7,MERCEDES E CLASS,2,E01009029,0,-1
2020420962792,2020,420962792,1,9,0,18,19,5,1,0,0,8,0,0,7,0,4,1,5,6,2,41,7,2143,2,4,MERCEDES E CLASS,5,E01000583,0,-1
2020010270869,2020,010270869,2,9,0,99,99,9,9,99,99,9,9,99,9,99,2,9,6,6,1,-1,-1,2143,2,8,MERCEDES E CLASS,-1,-1,0,-1
2020010264878,2020,010264878,2,9,0,5,5,5,1,0,0,2,0,0,0,0,1,1,6,6,1,41,7,2148,2,13,MERCEDES E CLASS,4,E01001879,0,-1
2020440291163,2020,440291163,1,9,0,7,7,2,5,0,0,8,0,0,0,0,2,1,6,6,1,53,8,1950,2,3,MERCEDES E CLASS,4,E01023202,0,-1
2020201003321,2020,201003321,4,8,0,10,10,4,2,0,0,1,0,0,0,0,2,1,1,1,1,61,9,2143,2,5,MERCEDES E CLASS,1,E01009331,0,-1
2020010249210,2020,010249210,1,9,0,4,4,1,5,0,0,1,0,0,0,0,1,1,6,6,2,18,4,1950,2,1,MERCEDES E CLASS,6,E01001563,0,-1
2020040918306,2020,040918306,2,9,0,17,19,1,5,0,0,1,0,0,0,0,1,1,5,6,1,48,8,2987,2,13,MERCEDES E CLASS,4,E01025225,0,-1
2020010246394,2020,010246394,1,9,0,99,99,9,9,99,99,0,9,99,9,99,2,9,6,6,1,39,7,1950,2,3,MERCEDES E CLASS,8,E01021537,0,-1
2020010252751,2020,010252751,1,9,0,7,7,5,6,0,0,1,0,0,0,0,4,1,6,6,1,57,9,1998,1,18,MERCEDES E CLASS,7,E01000225,0,-1
2020340D03922,2020,340D03922,1,9,0,18,19,1,5,0,0,0,0,0,0,0,1,1,6,6,2,41,7,1950,2,0,MERCEDES E CLASS,2,E01027246,0,-1
20201371S1368,2020,1371S1368,2,9,0,18,19,6,2,0,0,8,0,0,0,0,2,1,6,6,1,50,8,2987,2,8,MERCEDES E CLASS,1,E01011130,0,-1
2020100975922,2020,100975922,1,9,0,18,19,6,2,0,0,1,0,0,0,0,1,1,1,1,1,25,5,1950,2,2,MERCEDES E CLASS,7,E01008190,0,-1
2020411014517,2020,411014517,1,9,0,9,9,3,1,0,0,1,0,0,0,0,4,1,6,6,1,50,8,2685,2,16,MERCEDES E CLASS,4,E01023333,0,-1
2020010262642,2020,010262642,1,9,0,18,19,7,3,0,0,2,0,0,0,0,1,1,1,1,2,51,8,1950,2,2,MERCEDES E CLASS,1,E01001957,0,-1
202006A169886,2020,06A169886,1,9,0,18,19,5,1,0,0,1,0,0,0,0,1,1,6,6,1,29,6,2143,2,6,MERCEDES E CLASS,7,E01005844,0,-1
2020450933961,2020,450933961,1,9,0,9,9,8,4,0,0,0,0,0,0,0,1,1,5,6,1,77,11,2987,2,7,MERCEDES E CLASS,10,E01030307,0,-1
2020432004024,2020,432004024,1,9,0,18,19,1,5,0,0,4,0,0,0,0,1,1,2,2,1,35,6,1950,2,1,MERCEDES E CLASS,7,E01027321,0,-1
2020010278620,2020,010278620,1,9,0,99,99,9,9,99,99,9,9,99,9,99,9,9,6,6,1,39,7,1950,2,3,MERCEDES E CLASS,9,E01003011,0,-1
2020010252032,2020,010252032,2,9,0,99,99,9,9,99,99,9,9,99,9,99,1,9,6,6,3,-1,-1,2143,2,5,MERCEDES E CLASS,4,E01000485,0,-1
2020200929317,2020,200929317,2,8,0,18,19,5,1,0,0,8,0,0,0,0,1,1,1,1,1,41,7,2143,2,9,MERCEDES E CLASS,1,E01009021,0,-1
2020990952174,2020,990952174,3,9,0,10,10,6,3,0,0,0,0,0,0,0,2,1,5,6,1,46,8,1950,2,4,MERCEDES E CLASS,8,-1,0,-1
2020610011120,2020,610011120,1,9,0,2,2,0,0,0,0,1,0,0,0,0,2,1,6,6,1,27,6,2143,2,6,MERCEDES E CLASS,1,W01001326,0,-1
2020010241131,2020,010241131,1,8,0,7,7,3,5,0,0,1,0,0,0,0,0,1,6,6,1,53,8,2143,2,5,MERCEDES E CLASS,2,E01000079,0,-1
2020430294102,2020,430294102,3,9,0,9,9,5,3,0,0,8,0,0,0,0,3,1,1,1,1,40,7,1950,2,2,MERCEDES E CLASS,5,E01016488,0,-1
2020302001382,2020,302001382,1,9,0,18,19,6,2,0,0,8,0,0,3,1,1,1,6,6,1,25,5,2143,2,5,MERCEDES E CLASS,2,E01013483,0,-1
2020460994318,2020,460994318,2,9,0,3,3,5,1,0,0,1,0,0,0,0,2,1,6,6,2,58,9,2143,2,6,MERCEDES E CLASS,4,E01024377,0,-1
2020010229537,2020,010229537,1,9,0,99,99,9,9,99,99,9,9,99,9,99,1,9,-1,-1,3,-1,-1,2685,2,16,MERCEDES E CLASS,-1,-1,0,-1
2020010246030,2020,010246030,1,9,9,3,3,5,1,0,0,1,9,0,0,0,2,9,6,6,1,57,9,2148,2,15,MERCEDES E CLASS,10,E01015464,0,-1
2020440005956,2020,440005956,1,9,0,18,19,8,6,0,0,8,0,0,0,0,1,1,6,6,3,-1,-1,2685,2,17,MERCEDES E CLASS,-1,-1,0,-1
2020010267897,2020,010267897,2,9,0,4,4,1,5,0,0,0,0,0,0,0,2,1,6,6,1,21,5,1950,2,3,MERCEDES E CLASS,3,E01033464,0,-1
2020010284219,2020,010284219,2,9,0,99,99,9,9,99,99,9,9,99,9,99,1,9,6,6,3,-1,-1,1950,2,2,MERCEDES E CLASS,-1,-1,0,-1
2020010261678,2020,010261678,2,8,0,3,3,3,7,0,0,0,0,0,0,0,4,1,6,6,1,51,8,2143,2,5,MERCEDES E CLASS,3,E01004378,0,-1
2020420926764,2020,420926764,1,9,0,5,5,5,1,0,0,8,0,0,0,0,3,1,5,6,1,65,9,2597,1,17,MERCEDES E CLASS,7,E01015822,0,-1
2020370985692,2020,370985692,2,9,0,18,19,4,8,0,0,0,0,0,0,0,2,1,6,6,1,61,9,2143,2,8,MERCEDES E CLASS,5,E01030215,0,-1
2020041009436,2020,041009436,2,9,0,18,19,5,1,0,0,1,0,0,0,0,1,1,5,6,1,36,7,2987,2,10,MERCEDES E CLASS,4,E01025001,0,-1
2020450931981,2020,450931981,1,9,0,18,19,6,2,0,0,0,1,0,1,7,4,1,1,1,1,34,6,1950,2,3,MERCEDES E CLASS,6,E01033452,0,-1
2020010264655,2020,010264655,3,9,0,18,19,3,7,0,0,0,0,0,0,0,1,1,6,6,3,-1,-1,2143,2,8,MERCEDES E CLASS,-1,-1,0,-1
2020350920094,2020,350920094,1,9,0,18,19,5,8,0,0,1,0,0,0,0,1,1,6,6,1,64,9,2987,2,9,MERCEDES E CLASS,3,E01017978,0,-1
202031A039220,2020,31A039220,1,9,0,18,19,8,4,0,0,4,0,0,0,0,1,1,6,6,1,69,10,1991,1,5,MERCEDES E CLASS,7,E01013977,0,-1
202031D019820,2020,31D019820,3,9,0,18,19,8,4,0,0,0,0,0,0,0,1,1,2,2,2,-1,-1,2143,2,9,MERCEDES E CLASS,6,E01028188,0,-1
202006P273891,2020,06P273891,1,9,0,18,19,2,6,0,0,0,0,0,0,0,1,1,6,6,1,38,7,2987,2,15,MERCEDES E CLASS,5,E01005521,0,-1
2020140971586,2020,140971586,2,9,0,17,19,6,3,0,0,1,1,0,0,0,1,1,2,2,1,34,6,2987,2,7,MERCEDES E CLASS,5,E01011798,0,-1
202006E467883,2020,06E467883,1,9,0,18,19,7,3,0,0,0,0,0,0,0,3,1,6,6,1,43,7,2987,2,10,MERCEDES E CLASS,3,E01005316,0,-1
2020010237771,2020,010237771,2,9,0,18,19,3,7,0,0,2,0,0,0,0,2,1,6,6,1,40,7,2143,2,10,MERCEDES E CLASS,-1,-1,0,-1
2020010246610,2020,010246610,2,9,0,99,99,9,9,99,99,9,9,99,9,99,9,1,6,6,3,-1,-1,2143,2,6,MERCEDES E CLASS,-1,-1,0,-1
2020340S03542,2020,340S03542,1,9,0,18,19,2,3,0,0,4,0,0,1,2,3,1,6,6,1,77,11,2143,2,8,MERCEDES E CLASS,6,E01017852,0,-1
2020520004873,2020,520004873,2,9,0,18,19,7,3,0,0,0,0,0,0,0,2,1,6,6,1,30,6,2143,2,9,MERCEDES E CLASS,-1,-1,0,-1
2020370934459,2020,370934459,1,9,0,1,1,1,5,0,0,1,0,0,0,0,1,1,5,6,1,21,5,1950,2,1,MERCEDES E CLASS,3,E01003552,0,-1
2020010245113,2020,010245113,2,9,0,18,19,4,8,0,0,1,9,0,0,99,1,9,6,6,3,-1,-1,2143,2,7,MERCEDES E CLASS,3,E01001244,0,-1
2020100978326,2020,100978326,2,9,0,18,19,2,6,0,0,0,0,0,0,0,1,1,2,2,1,59,9,2148,2,17,MERCEDES E CLASS,7,E01024388,0,-1
2020200947067,2020,200947067,2,9,0,18,19,2,6,0,0,0,0,10,1,0,0,1,6,6,1,40,7,2143,2,5,MERCEDES E CLASS,1,E01009479,0,-1
2020010241958,2020,010241958,1,9,0,10,10,5,3,0,0,1,0,0,0,0,3,1,2,2,1,41,7,1950,2,3,MERCEDES E CLASS,3,E01000088,0,-1
2020990920595,2020,990920595,1,9,0,16,19,1,5,0,0,0,1,0,1,4,1,1,6,6,2,66,10,1950,2,4,MERCEDES E CLASS,10,-1,0,-1
2020010261014,2020,010261014,1,9,0,9,9,3,8,0,0,1,0,0,0,0,4,1,6,6,1,43,7,2148,2,17,MERCEDES E CLASS,5,E01001902,0,-1
2020010275894,2020,010275894,2,9,0,18,19,5,1,0,0,0,0,0,0,0,4,1,6,6,1,30,6,1950,2,3,MERCEDES E CLASS,9,E01002164,0,-1
2020450926437,2020,450926437,1,9,0,9,9,1,5,0,0,1,0,0,0,0,3,1,2,2,1,41,7,2143,2,7,MERCEDES E CLASS,10,E01023102,0,-1
2020420924912,2020,420924912,1,9,0,18,19,4,8,0,0,0,0,0,0,0,1,1,6,6,1,28,6,3222,2,17,MERCEDES E CLASS,3,E01015935,0,-1
2020010229895,2020,010229895,2,9,0,99,99,9,9,99,99,0,9,99,9,99,1,9,6,6,3,28,6,1991,1,2,MERCEDES E CLASS,2,E01003304,0,-1
2020010284552,2020,010284552,1,9,0,99,99,9,9,99,99,9,9,99,9,99,2,9,6,6,1,38,7,2143,2,6,MERCEDES E CLASS,4,E01003568,0,-1
2020552000648,2020,552000648,2,9,0,4,4,3,7,0,0,4,0,0,0,0,2,1,2,2,1,63,9,3222,2,15,MERCEDES E CLASS,6,E01020424,0,-1
2020210928280,2020,210928280,2,9,0,18,19,6,2,0,0,1,0,0,0,0,4,1,5,6,1,70,10,1950,2,0,MERCEDES E CLASS,9,E01029605,0,-1
2020111000977,2020,111000977,1,9,0,4,4,3,7,0,0,1,0,0,0,0,1,1,6,6,2,73,10,2143,2,6,MERCEDES E CLASS,2,E01008744,0,-1
2020010286655,2020,010286655,1,9,0,5,5,3,7,0,0,1,0,0,0,0,3,1,1,1,1,59,9,2143,2,4,MERCEDES E CLASS,4,E01015784,0,-1
2020460992493,2020,460992493,1,9,0,5,5,2,8,0,0,0,0,0,0,0,1,1,1,1,1,54,8,1950,2,3,MERCEDES E CLASS,5,E01024494,0,-1
2020370985251,2020,370985251,2,9,4,18,19,3,7,0,0,2,0,0,7,4,3,1,5,6,1,57,9,1950,12,0,MERCEDES E CLASS,10,E01030284,0,-1
2020451009821,2020,451009821,2,9,0,5,5,7,3,0,0,0,0,0,0,0,1,1,5,6,2,57,9,2143,2,9,MERCEDES E CLASS,10,E01030606,0,-1
2020010262066,2020,010262066,1,9,0,99,99,9,9,99,99,9,9,99,9,99,1,1,6,6,1,35,6,2143,2,10,MERCEDES E CLASS,3,E01002402,0,-1
2020450953882,2020,450953882,1,9,0,18,19,5,1,0,0,3,0,0,0,0,1,1,5,6,1,35,6,2143,2,6,MERCEDES E CLASS,2,E01001012,0,-1
2020010275313,2020,010275313,1,9,0,9,9,3,1,0,0,6,0,0,0,0,2,1,6,6,1,44,7,2987,2,7,MERCEDES E CLASS,8,E01007891,0,-1
2020010281262,2020,010281262,4,9,0,4,4,1,5,0,0,2,0,0,0,0,1,1,6,6,2,30,6,2987,2,9,MERCEDES E CLASS,5,E01023293,0,-1
2020052001715,2020,052001715,4,9,0,2,2,0,0,0,0,0,0,0,0,0,2,1,6,6,3,-1,-1,1950,2,2,MERCEDES E CLASS,-1,-1,0,-1
2020450997641,2020,450997641,3,9,0,4,4,2,6,0,0,1,0,0,0,0,0,1,1,1,1,41,7,2987,2,8,MERCEDES E CLASS,7,E01033093,0,-1
2020010284413,2020,010284413,1,8,0,99,99,9,9,99,99,0,9,99,9,99,9,9,6,6,1,-1,-1,1950,2,4,MERCEDES E CLASS,4,E01003203,0,-1
2020010238109,2020,010238109,1,9,0,9,9,6,3,0,0,1,0,0,0,0,1,1,1,1,1,55,8,1950,2,4,MERCEDES E CLASS,5,E01000975,0,-1
2020450926889,2020,450926889,2,9,0,2,2,0,0,6,6,1,0,0,0,0,1,1,1,1,1,57,9,2143,2,7,MERCEDES E CLASS,9,E01030334,0,-1
2020520002892,2020,520002892,2,9,0,5,5,7,3,0,0,8,0,0,0,0,1,1,6,6,3,-1,-1,3222,2,15,MERCEDES E CLASS,-1,-1,0,-1
2020010268067,2020,010268067,1,9,0,18,19,3,7,0,0,0,0,0,0,0,1,1,6,6,1,24,5,2987,2,10,MERCEDES E CLASS,5,E01001381,0,-1
2020010234928,2020,010234928,1,9,0,6,6,1,1,0,0,0,0,0,1,0,3,1,6,6,1,30,6,1950,2,1,MERCEDES E CLASS,3,E01002532,0,-1
2020170M11610,2020,170M11610,2,9,0,9,9,3,8,0,0,8,0,0,0,0,1,1,6,6,3,-1,-1,1950,2,4,MERCEDES E CLASS,-1,-1,0,-1
2020010278725,2020,010278725,2,9,0,18,19,5,1,0,0,1,1,0,6,0,1,1,6,6,1,42,7,1950,2,2,MERCEDES E CLASS,1,E01001786,0,-1
2020010268986,2020,010268986,2,8,0,99,99,9,9,99,99,9,9,99,9,99,1,9,6,6,1,24,5,1950,2,4,MERCEDES E CLASS,-1,-1,0,-1
2020990994094,2020,990994094,1,9,0,9,9,5,2,0,0,8,0,0,0,0,4,1,3,7,2,51,8,2996,1,1,MERCEDES E CLASS,10,-1,0,-1
2020010234248,2020,010234248,1,9,0,18,19,1,5,0,0,1,0,0,0,0,1,1,6,6,1,28,6,3222,2,20,MERCEDES E CLASS,6,E01002373,0,-1
2020010253183,2020,010253183,1,9,0,4,4,3,7,0,0,0,0,0,0,0,2,1,6,6,1,42,7,2987,2,5,MERCEDES E CLASS,4,E01004576,0,-1
2020101011244,2020,101011244,1,9,0,5,5,5,1,0,0,4,0,0,0,0,3,1,1,1,1,49,8,1950,2,2,MERCEDES E CLASS,1,E01008392,0,-1
2020010264978,2020,010264978,1,9,0,5,5,0,5,0,0,0,0,0,0,0,1,1,6,6,2,61,9,2143,2,11,MERCEDES E CLASS,1,E01001196,0,-1
2020010237830,2020,010237830,1,9,0,18,19,8,4,0,0,0,0,7,0,0,1,1,6,6,1,66,10,2597,1,18,MERCEDES E CLASS,5,E01003080,0,-1
2020010239723,2020,010239723,1,9,0,13,13,3,7,0,0,1,0,0,0,0,4,1,6,6,1,83,11,2295,1,23,MERCEDES E CLASS,4,E01000475,0,-1
2020010267106,2020,010267106,2,9,0,99,99,9,9,99,99,9,9,99,9,99,9,9,6,6,3,-1,-1,1950,2,3,MERCEDES E CLASS,6,E01001563,0,-1
2020010267593,2020,010267593,1,9,9,99,99,9,9,99,99,9,9,99,9,99,9,9,6,6,1,32,6,2143,2,5,MERCEDES E CLASS,-1,-1,0,-1
2020220967869,2020,220967869,1,9,0,18,19,3,7,0,0,0,0,0,0,0,1,1,5,6,1,23,5,1950,2,1,MERCEDES E CLASS,6,E01014189,0,-1
2020010231913,2020,010231913,2,9,0,5,5,3,7,0,0,8,0,0,0,0,3,1,1,1,1,53,8,1950,2,4,MERCEDES E CLASS,5,E01004601,0,-1
2020010285516,2020,010285516,1,8,0,99,99,9,9,99,99,0,9,99,9,99,2,9,6,6,1,34,6,1991,8,0,MERCEDES E CLASS,4,E01000554,0,-1
2020420965384,2020,420965384,1,9,0,18,19,8,4,0,0,0,0,0,0,0,1,1,5,6,1,58,9,1998,1,20,MERCEDES E CLASS,5,E01021602,0,-1
2020302000703,2020,302000703,3,9,0,18,19,2,6,0,0,1,0,0,0,0,0,1,6,6,1,25,5,2987,2,10,MERCEDES E CLASS,1,E01013573,0,-1
2020010261176,2020,010261176,1,9,0,1,1,7,3,9,9,1,0,0,0,0,0,1,6,6,1,59,9,1950,2,1,MERCEDES E CLASS,8,E01000343,0,-1
2020470965460,2020,470965460,3,9,0,4,4,2,6,0,0,1,0,0,0,0,2,1,5,6,1,40,7,2987,2,12,MERCEDES E CLASS,3,E01001371,0,-1
2020010281887,2020,010281887,2,9,0,99,99,9,9,0,0,1,0,0,0,0,9,1,6,6,1,39,7,2925,2,1,MERCEDES E CLASS,8,E01033610,0,-1
2020302000382,2020,302000382,2,9,0,5,5,2,4,0,0,4,0,0,0,0,1,1,6,6,1,41,7,1950,2,3,MERCEDES E CLASS,3,E01013457,0,-1
2020010280671,2020,010280671,2,8,0,99,99,9,9,99,99,2,9,99,9,99,9,9,6,6,1,30,6,1950,2,4,MERCEDES E CLASS,6,E01000566,0,-1
2020040945460,2020,040945460,2,9,0,18,19,1,5,0,0,1,0,0,0,0,2,1,1,1,1,48,8,2143,2,5,MERCEDES E CLASS,6,E01007061,0,-1
2020010253776,2020,010253776,3,9,0,2,2,0,0,0,0,0,0,0,0,0,0,1,6,6,3,-1,-1,2143,2,5,MERCEDES E CLASS,-1,-1,0,-1
202006K277537,2020,06K277537,1,9,0,17,19,8,5,0,0,1,5,10,1,10,3,1,2,2,1,34,6,2143,2,4,MERCEDES E CLASS,1,E01004927,0,-1
2020010240335,2020,010240335,1,8,0,18,19,1,5,0,0,8,0,0,0,0,1,1,1,1,1,50,8,2143,2,10,MERCEDES E CLASS,5,E01000606,0,-1
2020052001742,2020,052001742,2,9,0,2,2,0,0,0,0,0,0,0,0,0,3,1,6,6,3,-1,-1,2143,2,5,MERCEDES E CLASS,-1,-1,0,-1
2020010237037,2020,010237037,1,8,0,9,9,2,1,0,0,8,0,0,0,0,1,1,1,1,1,55,8,1950,2,3,MERCEDES E CLASS,10,E01003468,0,-1
2020010273219,2020,010273219,1,9,0,7,7,3,5,4,4,1,0,0,1,0,4,1,6,6,1,43,7,1991,1,1,MERCEDES E CLASS,5,E01003435,0,-1
2020010255431,2020,010255431,1,9,0,18,19,5,1,0,0,0,0,0,7,0,1,1,6,6,1,53,8,2143,2,9,MERCEDES E CLASS,8,E01001614,0,-1
2020470969085,2020,470969085,2,9,0,18,19,7,3,0,0,0,0,0,0,0,2,1,5,6,2,28,6,2987,2,4,MERCEDES E CLASS,1,E01020992,0,-1
2020010248750,2020,010248750,2,9,0,6,6,3,3,0,0,1,0,0,0,0,3,1,1,1,1,41,7,1950,2,4,MERCEDES E CLASS,3,E01003618,0,-1
2020411003407,2020,411003407,1,9,0,18,19,3,7,0,0,0,0,0,0,0,1,1,1,1,2,32,6,1991,8,2,MERCEDES E CLASS,7,E01000657,0,-1
202006L278414,2020,06L278414,1,9,0,15,15,5,8,0,0,8,0,0,0,0,3,1,6,6,2,30,6,1950,2,3,MERCEDES E CLASS,-1,-1,0,-1
2020010236271,2020,010236271,1,9,0,99,99,9,9,99,99,9,9,99,9,99,2,9,6,6,1,42,7,1991,8,3,MERCEDES E CLASS,9,E01015857,0,-1
2020230979569,2020,230979569,1,8,0,3,3,8,4,0,0,0,0,0,0,0,3,1,1,1,1,35,6,2143,2,7,MERCEDES E CLASS,2,E01032239,0,-1
2020010250117,2020,010250117,2,9,0,99,99,9,9,99,99,1,9,99,9,99,1,9,6,6,3,-1,-1,1950,2,2,MERCEDES E CLASS,-1,-1,0,-1
2020010232924,2020,010232924,2,9,0,18,19,1,5,0,0,1,0,0,0,0,2,1,6,6,1,58,9,2143,2,6,MERCEDES E CLASS,6,E01004749,0,-1
2020430053454,2020,430053454,4,9,0,3,3,1,5,0,0,0,0,0,0,0,2,1,6,6,1,38,7,2143,2,8,MERCEDES E CLASS,10,E01028824,0,-1
2020201022010,2020,201022010,2,9,0,18,19,1,5,0,0,0,1,7,0,0,2,1,2,2,1,57,9,1950,2,3,MERCEDES E CLASS,9,E01009694,0,-1
2020990949682,2020,990949682,1,9,0,5,5,3,6,0,0,4,0,0,0,0,1,1,1,1,1,36,7,1950,2,2,MERCEDES E CLASS,1,-1,0,-1
2020010274332,2020,010274332,1,9,0,99,99,9,9,99,99,9,9,99,9,99,4,9,6,6,2,32,6,1950,2,4,MERCEDES E CLASS,6,E01023518,0,-1
2020010263688,2020,010263688,2,9,0,18,19,3,7,0,0,1,0,0,0,0,4,1,6,6,3,-1,-1,2143,2,4,MERCEDES E CLASS,-1,-1,0,-1
2020350993075,2020,350993075,1,9,0,13,13,2,5,0,0,0,0,0,0,0,4,1,5,6,2,68,10,2987,2,14,MERCEDES E CLASS,8,E01015690,0,-1
2020010271018,2020,010271018,2,9,0,18,19,1,5,2,2,0,0,0,0,0,3,1,6,6,1,67,10,3222,2,17,MERCEDES E CLASS,6,E01001952,0,-1
2020430296980,2020,430296980,2,9,0,4,4,8,4,0,0,0,0,0,0,0,1,1,6,6,2,48,8,1950,2,0,MERCEDES E CLASS,9,E01030861,0,-1
2020470992576,2020,470992576,1,9,0,16,19,5,8,0,0,0,0,0,0,0,1,1,6,6,3,-1,-1,2143,2,8,MERCEDES E CLASS,-1,-1,0,-1
2020430260665,2020,430260665,3,9,0,18,19,8,4,0,0,1,0,0,0,0,3,1,6,6,1,65,9,2987,2,5,MERCEDES E CLASS,7,E01028490,0,-1
2020030926580,2020,030926580,1,9,0,18,19,1,5,0,0,0,1,0,2,0,1,1,6,6,1,49,8,1950,2,2,MERCEDES E CLASS,9,E01025484,0,-1
2020010281688,2020,010281688,4,9,0,18,19,2,6,0,0,0,0,0,0,0,3,1,6,6,1,22,5,1950,2,0,MERCEDES E CLASS,3,E01000024,0,-1
2020010273144,2020,010273144,1,9,0,18,19,3,7,0,0,4,0,0,0,0,1,1,6,6,1,40,7,2143,2,7,MERCEDES E CLASS,8,E01001523,0,-1
2020470930708,2020,470930708,1,9,0,18,19,2,6,0,0,0,0,0,4,6,1,1,5,6,1,53,8,2143,2,10,MERCEDES E CLASS,4,E01028992,0,-1
2020400928017,2020,400928017,3,9,0,2,2,0,0,9,9,0,0,0,0,0,2,1,5,6,3,-1,-1,2987,2,9,MERCEDES E CLASS,-1,-1,0,-1
2020010280239,2020,010280239,2,9,0,99,99,9,9,0,0,8,0,0,0,0,9,1,6,6,3,-1,-1,1950,2,3,MERCEDES E CLASS,-1,-1,0,-1
2020460945970,2020,460945970,2,9,0,18,19,4,7,0,0,0,1,0,0,0,2,1,2,2,1,26,6,2143,2,5,MERCEDES E CLASS,4,E01024179,0,-1
202063A020020,2020,63A020020,2,9,0,2,2,0,0,0,0,0,0,0,0,0,1,1,6,6,1,58,9,2685,2,17,MERCEDES E CLASS,6,W01000635,0,-1
2020460995893,2020,460995893,2,9,0,2,2,0,0,0,0,0,0,0,0,0,1,1,5,6,2,-1,-1,1950,2,3,MERCEDES E CLASS,2,E01024664,0,-1
2020010252695,2020,010252695,2,9,9,99,99,9,9,99,99,9,9,99,9,99,1,9,6,6,3,-1,-1,2199,1,27,MERCEDES E CLASS,-1,-1,0,-1
2020010249741,2020,010249741,1,9,0,1,1,1,5,0,0,0,0,0,0,0,2,1,6,6,1,31,6,1950,2,4,MERCEDES E CLASS,4,E01013989,0,-1
2020010263288,2020,010263288,1,9,0,99,99,9,9,99,99,0,9,99,9,99,1,9,6,6,1,29,6,2143,2,4,MERCEDES E CLASS,1,E01024155,0,-1
2020010286837,2020,010286837,2,9,0,7,7,2,4,0,0,1,0,0,0,0,1,1,6,6,1,57,9,2597,1,18,MERCEDES E CLASS,2,E01000012,0,-1
2020320250151,2020,320250151,1,9,0,13,13,5,1,0,0,1,0,0,0,0,1,1,6,6,1,54,8,1950,2,2,MERCEDES E CLASS,10,E01017401,0,-1
2020430085294,2020,430085294,1,9,0,18,19,5,1,0,0,0,0,0,1,9,1,1,6,6,1,57,9,1950,2,4,MERCEDES E CLASS,10,E01017675,0,-1
2020010255235,2020,010255235,2,9,0,13,13,1,5,0,0,1,0,0,0,0,4,1,6,6,3,-1,-1,1950,2,3,MERCEDES E CLASS,-1,-1,0,-1
2020471000480,2020,471000480,1,9,0,18,19,4,8,0,0,0,5,0,7,2,1,1,6,6,3,-1,-1,2987,2,4,MERCEDES E CLASS,-1,-1,0,-1
2020010265134,2020,010265134,1,9,0,18,19,5,1,0,0,0,0,0,3,0,1,1,6,6,2,37,7,1991,8,3,MERCEDES E CLASS,8,E01000673,0,-1
2020010253476,2020,010253476,2,9,0,99,99,9,9,99,99,9,9,99,9,99,2,9,6,6,3,39,7,2149,2,13,MERCEDES E CLASS,5,E01001335,0,-1
2020010259999,2020,010259999,1,9,0,99,99,9,9,99,99,0,9,99,9,99,9,9,6,6,1,40,7,2143,2,8,MERCEDES E CLASS,1,E01001788,0,-1
2020552001012,2020,552001012,1,9,0,4,4,8,4,0,0,0,0,0,0,0,1,1,6,6,1,54,8,2987,2,13,MERCEDES E CLASS,3,E01015371,0,-1
2020420969102,2020,420969102,1,9,0,15,15,3,7,2,2,1,0,0,0,0,3,1,6,6,1,68,10,2987,2,9,MERCEDES E CLASS,2,E01021989,0,-1
2020010242909,2020,010242909,1,9,0,18,19,7,3,0,0,2,0,0,0,0,1,1,6,6,1,30,6,1950,2,4,MERCEDES E CLASS,3,E01002559,0,-1
2020010254122,2020,010254122,2,9,0,9,9,1,6,0,0,1,0,0,0,0,0,1,2,2,1,25,5,1950,2,2,MERCEDES E CLASS,6,E01004529,0,-1
2020010235496,2020,010235496,1,8,0,18,19,5,1,0,0,8,0,0,0,0,3,1,1,1,1,31,6,1950,2,3,MERCEDES E CLASS,2,E01003633,0,-1
2020302000759,2020,302000759,1,9,0,17,19,4,8,0,0,0,0,0,0,0,3,1,6,6,1,73,10,1950,2,3,MERCEDES E CLASS,5,E01028243,0,-1