collision_index,collision_year,collision_ref_no,vehicle_reference,vehicle_type,towing_and_articulation,vehicle_manoeuvre_historic,vehicle_manoeuvre,vehicle_direction_from,vehicle_direction_to,vehicle_location_restricted_lane_historic,vehicle_location_restricted_lane,junction_location,skidding_and_overturning,hit_object_in_carriageway,vehicle_leaving_carriageway,hit_object_off_carriageway,first_point_of_impact,vehicle_left_hand_drive,journey_purpose_of_driver_historic,journey_purpose_of_driver,sex_of_driver,age_of_driver,age_band_of_driver,engine_capacity_cc,propulsion_code,age_of_vehicle,generic_make_model,driver_imd_decile,lsoa_of_driver,escooter_flag,driver_distance_banding
2020030976380,2020,030976380,2,9,0,18,19,3,7,0,0,0,0,0,0,0,4,1,6,6,1,53,8,1198,1,10,NISSAN MICRA,6,E01019235,0,-1
2020320005261,2020,320005261,1,9,0,18,19,8,3,0,0,0,5,0,1,0,1,1,2,2,2,24,5,1198,1,5,NISSAN MICRA,3,E01026085,0,-1
2020010238458,2020,010238458,1,9,0,7,7,2,5,0,0,5,0,10,0,0,1,1,6,6,2,44,7,998,1,18,NISSAN MICRA,-1,-1,0,-1
2020461012644,2020,461012644,1,9,0,4,4,4,8,0,0,0,0,0,0,0,2,1,5,6,1,48,8,1240,1,16,NISSAN MICRA,7,E01000339,0,-1
2020552000650,2020,552000650,3,9,0,3,3,3,7,0,0,1,0,0,0,0,4,1,6,6,1,58,9,898,1,1,NISSAN MICRA,6,E01020441,0,-1
2020302001218,2020,302001218,1,9,0,4,4,6,2,0,0,0,0,0,0,0,2,1,6,6,1,67,10,1240,1,11,NISSAN MICRA,6,E01019873,0,-1
2020040920757,2020,040920757,1,9,0,18,19,5,1,0,0,1,0,0,0,0,1,1,1,1,1,33,6,998,1,20,NISSAN MICRA,3,E01025398,0,-1
2020470992496,2020,470992496,2,9,0,9,9,4,2,0,0,1,0,0,0,0,3,1,6,6,1,58,9,1240,1,12,NISSAN MICRA,1,E01016947,0,-1
2020340N02392,2020,340N02392,2,9,0,18,19,3,7,0,0,8,0,0,0,0,1,1,1,1,2,26,6,1461,2,16,NISSAN MICRA,7,E01027019,0,-1
2020430221070,2020,430221070,1,9,0,13,13,2,6,0,0,8,0,0,0,0,1,1,2,2,1,29,6,1240,1,17,NISSAN MICRA,8,E01017766,0,-1
2020440308433,2020,440308433,1,9,0,7,7,3,5,0,0,8,0,4,0,0,1,1,6,6,2,61,9,1240,1,11,NISSAN MICRA,5,E01017100,0,-1
2020302001568,2020,302001568,1,9,0,16,19,2,4,0,0,0,0,0,0,0,1,1,2,2,1,27,6,1240,1,17,NISSAN MICRA,-1,-1,0,-1
2020201011654,2020,201011654,3,9,0,3,3,7,3,0,0,1,0,0,0,0,1,1,2,2,2,-1,-1,1461,2,15,NISSAN MICRA,2,E01009891,0,-1
2020010233810,2020,010233810,1,9,0,99,99,9,9,99,99,0,9,99,9,99,1,9,6,6,2,28,6,1275,1,22,NISSAN MICRA,-1,-1,0,-1
2020548475720,2020,548475720,1,9,0,18,19,3,7,0,0,0,5,0,1,11,1,1,6,6,2,21,5,998,1,21,NISSAN MICRA,4,E01017905,0,-1
2020470958305,2020,470958305,2,9,0,18,19,3,7,0,0,2,0,0,1,11,4,1,6,6,1,20,4,998,1,17,NISSAN MICRA,6,E01021058,0,-1
2020210971935,2020,210971935,1,9,0,18,19,1,5,0,0,0,0,0,0,0,1,1,6,6,1,46,8,1198,1,6,NISSAN MICRA,8,E01014258,0,-1
202006L170972,2020,06L170972,1,9,0,5,5,7,3,0,0,0,0,0,0,0,1,1,6,6,2,30,6,1386,1,14,NISSAN MICRA,2,E01006369,0,-1
2020501002498,2020,501002498,1,9,0,18,19,1,5,0,0,1,1,0,0,0,1,1,6,6,1,91,11,1198,1,4,NISSAN MICRA,6,E01019003,0,-1
2020230970405,2020,230970405,1,9,0,18,19,3,7,0,0,1,0,0,0,0,1,1,5,6,2,84,11,1198,1,8,NISSAN MICRA,5,E01009710,0,-1
2020540513120,2020,540513120,2,9,0,3,3,4,8,0,0,8,0,0,0,0,2,1,6,6,1,55,8,1198,1,9,NISSAN MICRA,2,E01015573,0,-1
2020010265132,2020,010265132,2,9,0,18,19,1,5,0,0,1,0,0,0,0,1,1,6,6,1,76,11,1386,1,16,NISSAN MICRA,5,E01002636,0,-1
2020411011605,2020,411011605,3,9,0,2,2,0,0,6,6,0,0,0,0,0,2,1,6,6,3,-1,-1,1198,1,4,NISSAN MICRA,-1,-1,0,-1
2020622000441,2020,622000441,1,9,0,18,19,2,6,0,0,1,0,0,0,0,1,1,6,6,1,41,7,1240,1,16,NISSAN MICRA,2,W01000762,0,-1
2020010241671,2020,010241671,1,9,0,18,19,7,3,99,99,9,9,99,9,99,9,9,2,2,2,25,5,1240,1,17,NISSAN MICRA,9,E01024446,0,-1
2020160999916,2020,160999916,2,9,0,9,9,4,1,0,0,8,0,0,0,0,0,1,5,6,1,52,8,998,1,18,NISSAN MICRA,4,E01012760,0,-1
2020460990312,2020,460990312,1,9,0,18,19,7,3,0,0,1,0,0,0,0,1,1,5,6,1,81,11,1275,1,21,NISSAN MICRA,6,E01024513,0,-1
2020470990683,2020,470990683,1,9,0,16,19,2,5,0,0,0,1,0,8,4,1,1,5,6,2,74,10,1198,1,6,NISSAN MICRA,10,E01031702,0,-1
20201378O1818,2020,1378O1818,1,9,0,9,9,8,6,0,0,0,0,0,0,0,2,1,6,6,2,49,8,1198,1,3,NISSAN MICRA,1,E01011134,0,-1
2020010253888,2020,010253888,1,9,0,18,19,1,5,0,0,1,0,0,0,0,1,1,6,6,1,55,8,1240,1,10,NISSAN MICRA,4,E01009276,0,-1
2020010234447,2020,010234447,1,9,0,3,3,7,3,0,0,2,0,0,0,0,2,1,1,1,2,31,6,1198,1,6,NISSAN MICRA,1,E01001080,0,-1
2020320645539,2020,320645539,1,9,0,18,19,1,5,0,0,0,1,0,0,0,1,1,2,2,2,21,5,1240,1,11,NISSAN MICRA,5,E01026210,0,-1
2020340S05462,2020,340S05462,1,9,0,16,19,1,5,0,0,0,0,0,4,1,1,1,6,6,2,68,10,1198,1,8,NISSAN MICRA,4,E01026028,0,-1
202006A172404,2020,06A172404,1,9,0,18,19,6,2,0,0,0,0,0,0,0,1,1,6,6,1,22,5,1240,1,17,NISSAN MICRA,2,E01005146,0,-1
2020010259205,2020,010259205,1,9,0,18,19,2,6,0,0,8,0,11,0,0,3,1,6,6,1,41,7,1240,1,11,NISSAN MICRA,3,E01002649,0,-1
2020100967308,2020,100967308,2,9,0,4,4,1,5,0,0,0,0,0,0,0,2,1,5,6,1,80,11,1386,1,12,NISSAN MICRA,7,E01008786,0,-1
2020470928324,2020,470928324,2,9,0,18,19,8,4,0,0,8,0,0,0,0,3,1,6,6,2,32,6,1240,1,15,NISSAN MICRA,1,E01016865,0,-1
2020361013548,2020,361013548,1,9,0,18,19,8,4,0,0,0,0,0,0,0,1,1,5,6,2,25,5,998,1,19,NISSAN MICRA,5,E01030286,0,-1
2020010232867,2020,010232867,1,9,0,7,7,4,7,0,0,1,0,0,0,0,1,1,6,6,2,29,6,998,1,1,NISSAN MICRA,1,E01020994,0,-1
2020111008866,2020,111008866,1,9,0,9,9,7,1,0,0,2,0,0,0,0,4,1,5,6,2,81,11,1240,1,10,NISSAN MICRA,3,E01020760,0,-1
2020552000676,2020,552000676,2,9,0,18,19,2,6,0,0,0,0,10,0,0,4,1,6,6,2,30,6,1198,1,9,NISSAN MICRA,-1,-1,0,-1
2020010258143,2020,010258143,1,9,0,9,9,6,4,0,0,0,0,0,0,0,1,1,6,6,2,24,5,1198,1,5,NISSAN MICRA,6,E01032567,0,-1
2020410960918,2020,410960918,2,9,0,2,2,0,0,0,0,0,0,0,0,0,3,1,6,6,1,74,10,1198,1,9,NISSAN MICRA,10,E01023565,0,-1
2020100998101,2020,100998101,2,9,0,9,9,7,4,0,0,2,0,0,0,0,3,1,5,6,2,48,8,1240,1,14,NISSAN MICRA,5,E01008646,0,-1
2020200987362,2020,200987362,10,9,0,2,2,0,0,9,9,0,0,0,0,0,2,1,5,6,1,-1,-1,1240,1,11,NISSAN MICRA,4,E01009231,0,-1
2020010236638,2020,010236638,1,9,0,18,19,7,3,0,0,0,0,4,0,0,1,1,6,6,2,39,7,1386,1,16,NISSAN MICRA,3,E01001349,0,-1
2020141002350,2020,141002350,2,9,0,6,6,5,1,0,0,1,0,0,0,0,3,1,1,1,1,28,6,1240,1,12,NISSAN MICRA,1,E01033271,0,-1
2020010264388,2020,010264388,1,9,0,18,19,2,6,0,0,1,0,0,0,0,1,1,6,6,1,78,11,998,1,16,NISSAN MICRA,3,E01001298,0,-1
2020010266555,2020,010266555,2,9,0,99,99,9,9,99,99,0,9,99,9,99,1,9,6,6,1,-1,-1,998,1,19,NISSAN MICRA,2,E01001118,0,-1
2020552000972,2020,552000972,1,9,0,7,7,4,6,0,0,6,0,0,0,0,4,1,6,6,2,23,5,1240,1,15,NISSAN MICRA,3,E01015285,0,-1
2020200989371,2020,200989371,1,9,0,5,5,1,5,0,0,0,0,0,0,0,4,1,6,6,2,91,11,1240,1,10,NISSAN MICRA,2,E01009266,0,-1
2020010248161,2020,010248161,1,9,0,2,2,0,0,0,0,0,0,0,0,0,1,1,6,6,3,-1,-1,1198,1,7,NISSAN MICRA,-1,-1,0,-1
2020010280559,2020,010280559,1,9,0,7,7,1,3,0,0,6,0,0,0,0,1,1,6,6,2,30,6,1386,1,14,NISSAN MICRA,9,E01001382,0,-1
2020200930854,2020,200930854,1,9,0,18,19,2,6,0,0,0,0,0,0,0,1,1,6,6,2,-1,-1,1240,1,13,NISSAN MICRA,1,E01010532,0,-1
2020010246633,2020,010246633,1,9,0,7,7,1,3,0,0,5,0,0,0,0,1,1,6,6,1,20,4,1240,1,10,NISSAN MICRA,6,E01003367,0,-1
2020440184346,2020,440184346,1,9,0,18,19,7,5,0,0,8,0,0,0,0,1,1,6,6,3,-1,-1,998,1,19,NISSAN MICRA,-1,-1,0,-1
2020010244493,2020,010244493,1,9,0,16,19,7,3,0,0,5,0,0,0,0,1,1,2,2,1,52,8,999,1,1,NISSAN MICRA,3,E01003728,0,-1
2020622000694,2020,622000694,1,9,0,18,19,2,6,0,0,0,0,0,0,0,1,1,6,6,1,21,5,998,1,23,NISSAN MICRA,1,W01000975,0,-1
20201378V1783,2020,1378V1783,1,9,0,9,9,2,8,0,0,8,0,0,0,0,3,1,6,6,1,85,11,1240,1,10,NISSAN MICRA,2,E01011943,0,-1
2020991010633,2020,991010633,1,9,0,18,19,4,7,0,0,1,0,0,0,0,1,1,2,2,2,60,9,998,1,16,NISSAN MICRA,1,-1,0,-1
2020122000841,2020,122000841,1,9,0,3,3,7,1,0,0,1,0,0,0,0,2,1,6,6,2,20,4,1240,1,14,NISSAN MICRA,6,E01013383,0,-1
2020470915796,2020,470915796,1,9,0,18,19,3,6,0,0,8,0,0,0,0,1,2,2,2,2,41,7,1240,1,16,NISSAN MICRA,4,E01031494,0,-1
2020010255971,2020,010255971,1,9,0,99,99,9,9,99,99,9,9,99,9,99,2,9,6,6,2,26,6,1386,1,15,NISSAN MICRA,3,E01000984,0,-1
2020500972410,2020,500972410,1,9,0,7,7,7,2,0,0,8,0,0,7,10,1,1,6,6,1,-1,-1,1348,1,19,NISSAN MICRA,-1,-1,0,-1
2020100920473,2020,100920473,1,9,0,7,7,5,6,0,0,6,0,0,0,0,1,1,2,2,2,40,7,1240,1,11,NISSAN MICRA,7,E01008403,0,-1
2020430055689,2020,430055689,1,9,0,18,19,5,1,0,0,1,0,0,0,0,1,1,1,1,1,32,6,1275,1,21,NISSAN MICRA,3,E01028621,0,-1
2020010275422,2020,010275422,2,9,0,99,99,9,9,99,99,9,9,99,9,99,1,9,6,6,3,-1,-1,1240,1,15,NISSAN MICRA,-1,-1,0,-1
2020200993058,2020,200993058,2,9,0,18,19,1,5,0,0,0,0,7,1,0,2,1,6,6,2,41,7,1240,1,16,NISSAN MICRA,3,E01009971,0,-1
2020010258859,2020,010258859,1,9,0,99,99,9,9,99,99,9,9,99,9,99,4,9,2,2,1,36,7,1198,1,7,NISSAN MICRA,2,E01000548,0,-1
2020010279788,2020,010279788,2,9,0,99,99,9,9,99,99,9,9,99,9,99,1,9,6,6,1,88,11,998,1,20,NISSAN MICRA,3,E01002738,0,-1
2020440432202,2020,440432202,2,9,0,18,19,2,6,0,0,8,0,0,0,0,1,1,6,6,1,24,5,1240,1,15,NISSAN MICRA,3,E01017227,0,-1
2020410983224,2020,410983224,1,9,0,18,19,5,1,9,9,6,0,0,0,0,1,1,6,6,1,52,8,1386,1,16,NISSAN MICRA,3,E01017580,0,-1
202031D071020,2020,31D071020,1,9,0,18,19,5,1,0,0,1,0,0,0,0,1,1,6,6,1,18,4,998,1,19,NISSAN MICRA,5,E01011766,0,-1
2020161003483,2020,161003483,1,9,0,18,19,8,4,0,0,1,0,0,0,0,1,1,5,6,2,70,10,1198,1,4,NISSAN MICRA,1,E01012761,0,-1
2020052002327,2020,052002327,1,9,0,9,9,1,5,0,0,5,0,0,0,0,1,1,2,2,1,36,7,1386,1,14,NISSAN MICRA,1,E01006696,0,-1
2020440360924,2020,440360924,1,9,0,2,2,0,0,0,0,0,0,0,0,0,2,1,6,6,1,86,11,998,1,19,NISSAN MICRA,7,E01032665,0,-1
2020010231592,2020,010231592,3,9,0,3,3,1,5,0,0,0,0,0,0,0,2,1,6,6,2,52,8,998,1,20,NISSAN MICRA,2,E01003335,0,-1
2020010271572,2020,010271572,1,9,0,6,6,1,1,0,0,0,0,0,7,2,1,1,6,6,2,49,8,1240,1,13,NISSAN MICRA,7,E01000362,0,-1
2020010260708,2020,010260708,2,9,0,3,3,8,4,0,0,1,0,0,0,0,2,1,6,6,2,39,7,1240,1,15,NISSAN MICRA,2,E01000034,0,-1
2020010281878,2020,010281878,3,9,0,4,4,7,3,0,0,8,0,0,0,0,2,1,2,2,1,38,7,998,1,21,NISSAN MICRA,-1,-1,0,-1
2020040971681,2020,040971681,2,9,0,2,2,0,0,6,6,0,0,0,0,0,3,1,5,6,2,19,4,1198,1,9,NISSAN MICRA,9,E01025472,0,-1
2020450959422,2020,450959422,2,9,0,18,19,1,5,0,0,1,0,0,0,0,2,1,6,6,1,56,9,1386,1,17,NISSAN MICRA,-1,-1,0,-1
2020320184134,2020,320184134,1,9,0,18,19,1,5,0,0,0,0,0,0,0,1,1,6,6,1,37,7,1240,1,16,NISSAN MICRA,2,E01026103,0,-1
2020070173154,2020,070173154,2,9,0,5,5,2,6,0,0,7,0,0,0,0,1,1,6,6,2,90,11,1386,1,14,NISSAN MICRA,3,E01012417,0,-1
2020010251446,2020,010251446,2,9,0,18,19,4,8,0,0,1,0,0,0,0,0,1,6,6,3,-1,-1,999,1,0,NISSAN MICRA,-1,-1,0,-1
2020010260008,2020,010260008,1,9,0,18,19,7,3,0,0,0,0,0,0,0,1,1,6,6,2,46,8,999,1,0,NISSAN MICRA,2,E01003288,0,-1
2020460921145,2020,460921145,2,9,0,17,19,3,7,0,0,0,0,0,1,0,4,1,3,7,2,35,6,1240,1,10,NISSAN MICRA,10,E01024745,0,-1
2020040947849,2020,040947849,1,9,0,18,19,5,1,0,0,8,0,0,0,0,3,1,5,6,1,66,10,998,1,19,NISSAN MICRA,3,E01012726,0,-1
2020160945213,2020,160945213,1,9,0,3,3,3,7,0,0,0,0,0,0,0,2,1,6,6,2,79,11,1240,1,15,NISSAN MICRA,4,E01013051,0,-1
2020052001363,2020,052001363,1,9,0,14,14,4,8,0,0,0,0,0,0,0,1,1,6,6,1,84,11,1198,1,5,NISSAN MICRA,7,E01007242,0,-1
2020137970363,2020,137970363,1,9,0,4,4,5,1,0,0,0,0,0,0,0,1,1,2,2,2,55,8,1240,1,12,NISSAN MICRA,8,E01011556,0,-1
2020200945402,2020,200945402,6,9,0,3,3,4,8,0,0,0,0,0,0,0,3,1,6,6,2,-1,-1,1198,1,8,NISSAN MICRA,1,E01009358,0,-1
2020010282130,2020,010282130,2,9,0,99,99,9,9,99,99,9,9,99,9,99,9,9,6,6,3,61,9,1598,1,12,NISSAN MICRA,1,E01004249,0,-1
2020140988756,2020,140988756,2,9,0,9,9,6,3,0,0,0,0,0,0,0,3,1,6,6,1,51,8,1240,1,16,NISSAN MICRA,1,E01008055,0,-1
2020010237638,2020,010237638,1,9,9,99,99,9,9,99,99,9,9,99,9,99,9,9,6,6,2,46,8,1386,1,11,NISSAN MICRA,5,E01002410,0,-1
2020461013590,2020,461013590,1,9,0,12,12,5,1,0,0,0,0,0,5,0,3,1,5,6,2,23,5,998,1,19,NISSAN MICRA,6,E01024783,0,-1
2020420982708,2020,420982708,1,9,0,18,19,1,5,0,0,0,0,0,0,0,3,1,6,6,1,70,10,1198,1,6,NISSAN MICRA,6,E01021656,0,-1
2020200935063,2020,200935063,2,9,0,18,19,6,2,0,0,8,0,0,0,0,1,1,6,6,2,56,9,1240,1,17,NISSAN MICRA,2,E01029362,0,-1
2020430282163,2020,430282163,2,9,0,7,7,6,8,0,0,6,0,0,0,0,1,1,6,6,1,-1,-1,1386,1,16,NISSAN MICRA,-1,-1,0,-1
2020471008077,2020,471008077,2,9,0,18,19,5,1,0,0,1,0,0,0,0,1,1,5,6,2,77,11,1240,1,11,NISSAN MICRA,8,E01031382,0,-1
2020010266913,2020,010266913,1,9,0,7,7,7,1,0,0,6,0,0,0,0,2,1,6,6,2,20,4,1240,1,13,NISSAN MICRA,6,E01014563,0,-1
2020010284647,2020,010284647,1,9,0,17,19,8,4,0,0,0,0,0,0,0,1,1,6,6,1,36,7,1386,1,16,NISSAN MICRA,4,E01003518,0,-1
2020010246400,2020,010246400,2,9,0,4,4,7,3,0,0,1,0,0,0,0,1,1,6,6,1,36,7,1240,1,13,NISSAN MICRA,-1,-1,0,-1
2020360990194,2020,360990194,2,9,0,7,7,2,4,0,0,8,0,0,0,0,4,1,6,6,2,26,6,998,1,17,NISSAN MICRA,8,E01033538,0,-1
2020052000709,2020,052000709,2,9,0,18,19,7,3,0,0,8,0,0,0,0,1,1,6,6,2,23,5,1240,1,15,NISSAN MICRA,1,E01006737,0,-1
20201371R1606,2020,1371R1606,2,9,0,18,19,5,1,0,0,1,0,0,0,0,1,1,6,6,2,24,5,1240,1,10,NISSAN MICRA,-1,-1,0,-1
202006Q272406,2020,06Q272406,1,9,0,6,6,5,5,0,0,0,0,0,0,0,2,1,1,1,1,62,9,999,1,1,NISSAN MICRA,1,E01005328,0,-1
2020070123506,2020,070123506,2,9,0,18,19,5,1,0,0,8,0,0,0,0,1,1,6,6,2,-1,-1,898,1,3,NISSAN MICRA,8,E01012543,0,-1
2020010281184,2020,010281184,2,9,0,99,99,9,9,0,0,8,0,99,0,0,9,9,6,6,3,25,5,1240,1,14,NISSAN MICRA,6,E01004077,0,-1
2020010272835,2020,010272835,2,9,0,99,99,9,9,99,99,9,9,99,9,99,9,9,6,6,3,36,7,1240,1,16,NISSAN MICRA,5,E01000158,0,-1
2020340C04242,2020,340C04242,2,9,0,9,9,1,7,0,0,8,0,0,0,0,0,1,6,6,2,57,9,998,1,18,NISSAN MICRA,1,E01026960,0,-1
2020210997935,2020,210997935,2,9,0,9,9,1,7,0,0,8,0,0,0,0,1,1,6,6,1,-1,-1,1461,2,11,NISSAN MICRA,-1,-1,0,-1
2020160996745,2020,160996745,1,9,0,17,19,6,2,0,0,0,0,0,1,3,1,1,5,6,2,20,4,1240,1,15,NISSAN MICRA,1,E01013312,0,-1
2020010271019,2020,010271019,1,9,0,18,19,1,5,0,0,0,0,0,0,0,1,1,6,6,2,30,6,998,1,18,NISSAN MICRA,-1,-1,0,-1
2020137811074,2020,137811074,1,9,0,18,19,3,7,0,0,8,0,0,0,0,1,1,6,6,1,82,11,1240,1,10,NISSAN MICRA,7,E01011142,0,-1
2020010228996,2020,010228996,2,9,0,3,3,1,5,0,0,1,0,0,0,0,1,1,1,1,1,35,6,1240,1,16,NISSAN MICRA,5,E01004225,0,-1
2020010235941,2020,010235941,2,9,0,2,2,0,0,0,0,2,0,0,1,11,1,1,6,6,3,-1,-1,898,1,3,NISSAN MICRA,-1,-1,0,-1
2020220969709,2020,220969709,2,9,0,9,9,4,1,0,0,6,0,0,0,0,1,1,5,6,1,70,10,1240,1,10,NISSAN MICRA,9,E01032351,0,-1
2020552000662,2020,552000662,2,9,0,9,9,5,1,0,0,3,0,0,7,11,3,1,6,6,2,83,11,1240,1,16,NISSAN MICRA,7,E01020345,0,-1
202031D071820,2020,31D071820,1,9,0,9,9,1,7,0,0,6,0,0,0,0,1,1,6,6,1,56,9,998,1,19,NISSAN MICRA,4,E01028164,0,-1
2020220927204,2020,220927204,3,9,0,18,19,8,4,0,0,0,0,0,0,0,1,1,5,6,2,42,7,1240,1,15,NISSAN MICRA,8,E01032314,0,-1
2020440360822,2020,440360822,1,9,0,11,11,2,6,0,0,0,0,0,0,0,4,1,6,6,2,28,6,1198,1,7,NISSAN MICRA,3,E01017227,0,-1
2020010253320,2020,010253320,1,9,9,99,99,9,9,99,99,9,9,99,9,99,1,9,6,6,1,28,6,1240,1,17,NISSAN MICRA,1,E01004399,0,-1
2020471003458,2020,471003458,1,9,0,9,9,7,5,0,0,5,0,0,1,0,4,1,5,6,2,87,11,998,1,23,NISSAN MICRA,4,E01021057,0,-1
202031B060220,2020,31B060220,1,9,0,18,19,3,7,0,0,2,0,4,0,0,1,1,6,6,1,73,10,1198,1,9,NISSAN MICRA,5,E01028002,0,-1
202006K376612,2020,06K376612,1,9,0,9,9,3,1,0,0,8,0,0,0,0,3,1,6,6,1,56,9,1198,1,5,NISSAN MICRA,2,E01004873,0,-1
2020010242357,2020,010242357,1,9,0,99,99,9,9,99,99,9,9,99,9,99,9,9,6,6,2,38,7,998,1,17,NISSAN MICRA,2,E01001555,0,-1
2020231002031,2020,231002031,1,9,0,18,19,3,7,0,0,0,0,0,0,0,1,1,5,6,2,32,6,1198,1,5,NISSAN MICRA,6,E01031221,0,-1
2020460962588,2020,460962588,1,9,0,18,19,3,5,0,0,0,0,11,0,0,1,1,6,6,2,87,11,1240,1,13,NISSAN MICRA,9,E01024708,0,-1
2020010252893,2020,010252893,1,9,0,18,19,5,1,0,0,1,0,99,0,0,2,9,6,6,2,30,6,1240,1,12,NISSAN MICRA,5,E01000142,0,-1
2020170M11920,2020,170M11920,2,9,0,3,3,4,8,0,0,8,0,0,0,0,3,1,6,6,2,64,9,1240,1,12,NISSAN MICRA,8,E01012010,0,-1
2020041009829,2020,041009829,1,9,0,18,19,1,5,0,0,0,0,0,0,0,1,1,2,2,2,55,8,998,1,18,NISSAN MICRA,1,E01006310,0,-1
2020010254403,2020,010254403,2,9,0,6,6,8,8,0,0,0,0,0,0,0,1,1,6,6,1,27,6,1240,1,12,NISSAN MICRA,2,E01004000,0,-1
202031B023720,2020,31B023720,1,9,0,17,19,2,7,0,0,8,1,0,7,10,1,1,6,6,2,45,7,1240,1,16,NISSAN MICRA,1,E01019444,0,-1
2020010261751,2020,010261751,2,9,0,9,9,1,6,0,0,8,0,0,0,0,1,1,6,6,3,-1,-1,1240,1,15,NISSAN MICRA,-1,-1,0,-1
2020201016821,2020,201016821,1,9,0,10,10,5,2,0,0,1,0,10,7,10,2,1,6,6,1,20,4,1240,1,15,NISSAN MICRA,1,E01010374,0,-1
2020010259286,2020,010259286,2,9,0,18,19,3,7,0,0,0,5,4,0,0,1,1,6,6,2,67,10,998,1,18,NISSAN MICRA,7,E01001537,0,-1
2020470967211,2020,470967211,1,9,0,16,19,8,2,0,0,0,0,0,1,0,3,1,5,6,2,58,9,998,1,18,NISSAN MICRA,1,E01016910,0,-1
2020302001691,2020,302001691,2,9,0,17,19,1,5,0,0,1,0,0,0,0,0,1,6,6,1,80,11,1461,2,12,NISSAN MICRA,9,E01013599,0,-1
2020501004918,2020,501004918,1,9,0,18,19,3,7,0,0,0,0,0,0,0,4,1,5,6,1,90,11,1240,1,15,NISSAN MICRA,4,E01019006,0,-1
2020552000757,2020,552000757,2,9,0,9,9,3,7,0,0,5,0,0,0,0,3,1,2,2,2,22,5,998,1,2,NISSAN MICRA,3,E01015359,0,-1
2020200996645,2020,200996645,2,9,0,5,5,6,2,0,0,6,0,0,0,0,1,1,6,6,2,82,11,1198,1,8,NISSAN MICRA,10,E01009426,0,-1
2020010257115,2020,010257115,1,9,0,99,99,9,9,99,99,1,9,99,9,99,1,9,6,6,2,32,6,1240,1,16,NISSAN MICRA,3,E01003581,0,-1
2020440430369,2020,440430369,1,9,0,18,19,7,3,0,0,0,0,0,0,0,1,1,2,2,2,22,5,1240,1,17,NISSAN MICRA,9,E01023053,0,-1
2020010255886,2020,010255886,2,9,0,18,19,1,5,0,0,4,1,0,0,0,1,1,6,6,1,28,6,1386,1,17,NISSAN MICRA,3,E01000137,0,-1
2020010234255,2020,010234255,1,9,0,18,19,5,1,9,9,0,0,0,1,10,1,1,6,6,2,91,11,1198,1,4,NISSAN MICRA,4,E01000029,0,-1
202006N275415,2020,06N275415,1,9,0,18,19,3,7,0,0,8,0,0,0,0,1,1,6,6,1,50,8,998,1,18,NISSAN MICRA,3,E01005013,0,-1
2020010284626,2020,010284626,2,9,0,99,99,9,9,99,99,9,9,99,9,99,9,9,6,6,3,-1,-1,1240,1,14,NISSAN MICRA,-1,-1,0,-1
2020220950746,2020,220950746,2,9,0,2,2,0,0,0,0,0,0,0,0,0,2,1,5,6,2,30,6,1240,1,14,NISSAN MICRA,7,E01032392,0,-1
2020170M10890,2020,170M10890,1,9,0,18,19,3,7,0,0,8,0,0,0,0,4,1,6,6,2,62,9,1240,1,15,NISSAN MICRA,1,E01012078,0,-1
2020010278288,2020,010278288,2,9,0,6,6,1,1,0,0,2,0,0,0,0,4,1,1,1,1,48,8,1240,1,10,NISSAN MICRA,-1,-1,0,-1
2020052000181,2020,052000181,1,9,0,5,5,7,3,0,0,1,0,0,0,0,1,1,6,6,2,51,8,1198,1,6,NISSAN MICRA,1,E01006740,0,-1
2020500922383,2020,500922383,1,9,0,18,19,8,4,0,0,0,1,0,0,0,1,1,5,6,1,19,4,1348,1,19,NISSAN MICRA,3,E01018958,0,-1
2020010255112,2020,010255112,2,9,0,18,19,8,4,0,0,3,0,0,0,0,2,1,6,6,3,-1,-1,1240,1,12,NISSAN MICRA,-1,-1,0,-1
2020041006217,2020,041006217,1,9,0,18,19,3,7,0,0,2,0,11,7,3,1,1,5,6,2,76,11,999,1,1,NISSAN MICRA,-1,-1,0,-1
202006E466680,2020,06E466680,1,9,0,4,4,5,1,0,0,1,0,0,0,0,1,1,6,6,1,42,7,1240,1,14,NISSAN MICRA,1,E01005085,0,-1
202006P374932,2020,06P374932,1,9,0,18,19,5,1,0,0,0,0,0,0,0,4,1,6,6,2,72,10,1198,1,5,NISSAN MICRA,8,E01005557,0,-1
2020010274225,2020,010274225,1,9,0,18,19,1,5,0,0,0,0,0,0,0,1,1,6,6,1,27,6,898,1,2,NISSAN MICRA,9,E01004132,0,-1
2020470918210,2020,470918210,1,9,0,9,9,3,8,0,0,8,0,0,0,0,3,1,5,6,1,88,11,1275,1,21,NISSAN MICRA,8,E01021171,0,-1