collision_index,collision_year,collision_ref_no,vehicle_reference,vehicle_type,towing_and_articulation,vehicle_manoeuvre_historic,vehicle_manoeuvre,vehicle_direction_from,vehicle_direction_to,vehicle_location_restricted_lane_historic,vehicle_location_restricted_lane,junction_location,skidding_and_overturning,hit_object_in_carriageway,vehicle_leaving_carriageway,hit_object_off_carriageway,first_point_of_impact,vehicle_left_hand_drive,journey_purpose_of_driver_historic,journey_purpose_of_driver,sex_of_driver,age_of_driver,age_band_of_driver,engine_capacity_cc,propulsion_code,age_of_vehicle,generic_make_model,driver_imd_decile,lsoa_of_driver,escooter_flag,driver_distance_banding
2020200968738,2020,200968738,2,8,0,18,19,4,8,0,0,1,0,0,0,0,1,1,6,6,1,53,8,1461,2,2,-1,1,E01009639,0,-1
2020101006367,2020,101006367,1,9,0,4,4,1,5,0,0,8,0,0,0,0,2,1,2,2,2,24,5,1240,1,16,NISSAN MICRA,-1,-1,0,-1
202006E175272,2020,06E175272,2,9,0,18,19,8,4,0,0,8,0,0,0,0,1,1,6,6,1,17,4,1198,1,9,NISSAN MICRA,2,E01005280,0,-1
2020211005421,2020,211005421,1,9,-1,-1,-1,-1,-1,-1,-1,0,-1,-1,-1,0,-1,1,6,6,3,-1,-1,998,1,17,NISSAN MICRA,-1,-1,0,-1
2020100935147,2020,100935147,2,9,0,3,3,2,6,0,0,1,0,0,0,0,2,1,5,6,2,53,8,1386,1,10,NISSAN MICRA,4,E01008347,0,-1
2020622000614,2020,622000614,1,9,0,18,19,6,2,0,0,4,0,0,7,1,1,1,6,6,2,46,8,1198,1,3,NISSAN MICRA,6,W01000496,0,-1
2020030991887,2020,030991887,2,9,0,4,4,3,7,0,0,2,0,0,0,0,2,1,6,6,2,80,11,1198,1,4,NISSAN MICRA,3,E01019205,0,-1
2020201013343,2020,201013343,1,9,0,16,19,3,1,0,0,0,0,0,0,0,1,1,6,6,1,88,11,898,1,1,NISSAN MICRA,8,E01010565,0,-1
2020552100020,2020,552100020,2,9,0,3,3,8,4,0,0,1,0,0,0,0,2,1,2,2,2,22,5,1240,1,17,NISSAN MICRA,10,E01020559,0,-1
2020010277662,2020,010277662,1,9,0,4,4,1,5,0,0,0,0,0,0,0,0,1,6,6,2,58,9,1198,1,8,NISSAN MICRA,9,E01000647,0,-1
202006J376029,2020,06J376029,1,9,0,18,19,8,4,0,0,0,0,0,0,0,1,1,6,6,2,55,8,999,1,1,NISSAN MICRA,1,E01005799,0,-1
2020370939589,2020,370939589,2,9,0,18,19,6,2,0,0,2,0,0,0,0,1,1,1,1,1,36,7,898,1,2,NISSAN MICRA,9,E01033316,0,-1
202031C000520,2020,31C000520,3,9,0,3,3,4,8,0,0,1,0,0,0,0,2,1,6,6,1,64,9,1240,1,10,NISSAN MICRA,1,E01013844,0,-1
2020549595920,2020,549595920,1,9,0,18,19,1,5,0,0,0,2,0,2,10,4,1,6,6,2,30,6,1240,1,15,NISSAN MICRA,9,E01031890,0,-1
2020471003116,2020,471003116,1,9,0,18,19,6,2,0,0,0,0,0,2,10,1,1,6,6,2,82,11,998,1,17,NISSAN MICRA,4,E01021207,0,-1
2020100915598,2020,100915598,2,9,0,18,19,3,7,0,0,8,0,0,0,0,1,1,5,6,2,29,6,1198,1,6,NISSAN MICRA,9,E01013431,0,-1
2020041002305,2020,041002305,1,9,0,18,19,1,1,0,0,0,0,0,0,0,1,1,6,6,3,-1,-1,1461,2,11,NISSAN MICRA,-1,-1,0,-1
2020440394744,2020,440394744,1,9,0,5,5,5,2,0,0,0,0,0,0,0,2,1,6,6,1,47,8,1240,1,16,NISSAN MICRA,2,E01017155,0,-1
2020010261051,2020,010261051,1,9,0,99,99,9,9,99,99,9,9,99,9,99,2,9,6,6,2,31,6,1240,1,14,NISSAN MICRA,3,E01000226,0,-1
2020400979692,2020,400979692,2,9,0,16,19,7,2,0,0,0,0,0,0,0,1,1,5,6,2,44,7,1240,1,16,NISSAN MICRA,10,E01017436,0,-1
2020010228984,2020,010228984,1,9,0,18,19,3,7,0,0,8,0,0,0,0,1,1,6,6,2,56,9,1348,1,17,NISSAN MICRA,3,E01004645,0,-1
2020470925901,2020,470925901,1,9,0,18,19,4,7,0,0,0,1,11,4,10,1,1,2,2,2,30,6,1198,1,6,NISSAN MICRA,1,E01020912,0,-1
2020552000430,2020,552000430,1,9,0,7,7,2,5,0,0,5,0,0,0,0,4,1,6,6,1,85,11,999,1,1,NISSAN MICRA,9,E01015325,0,-1
2020160948573,2020,160948573,1,9,0,16,19,8,4,0,0,0,2,0,2,0,0,1,2,2,2,22,5,998,1,16,NISSAN MICRA,6,E01013250,0,-1
2020070095006,2020,070095006,1,9,0,18,19,6,8,0,0,6,0,0,0,0,3,1,1,1,1,61,9,999,1,0,NISSAN MICRA,6,E01018479,0,-1
2020470949444,2020,470949444,1,9,0,18,19,8,4,0,0,1,0,0,0,0,4,1,5,6,1,70,10,1198,1,6,NISSAN MICRA,10,E01020946,0,-1
2020010243898,2020,010243898,2,9,0,18,19,3,7,0,0,1,0,99,0,0,1,9,1,1,2,-1,-1,1198,1,5,NISSAN MICRA,2,E01000315,0,-1
2020010273476,2020,010273476,1,9,0,99,99,9,9,99,99,0,9,99,9,99,1,9,6,6,2,51,8,898,1,1,NISSAN MICRA,2,E01000783,0,-1
2020160979801,2020,160979801,1,9,0,18,19,8,4,0,0,1,0,0,0,0,1,1,5,6,1,35,6,999,1,0,NISSAN MICRA,1,E01012859,0,-1
2020470924425,2020,470924425,1,9,0,9,9,1,7,0,0,6,0,0,0,0,2,1,6,6,1,24,5,998,1,22,NISSAN MICRA,9,E01021191,0,-1
2020430100769,2020,430100769,2,9,0,18,19,4,8,0,0,1,0,0,0,0,3,1,1,1,2,55,8,1240,1,13,NISSAN MICRA,6,E01016287,0,-1
2020461003199,2020,461003199,1,9,0,18,19,3,7,0,0,0,5,4,0,0,1,1,6,6,1,77,11,1198,1,3,NISSAN MICRA,9,E01024526,0,-1
2020460984564,2020,460984564,2,9,0,18,19,2,6,0,0,3,1,9,0,0,3,1,1,1,2,30,6,1240,1,16,NISSAN MICRA,3,E01024688,0,-1
2020010251010,2020,010251010,1,9,0,18,19,7,3,0,0,8,0,0,0,0,1,1,6,6,1,49,8,1348,1,19,NISSAN MICRA,2,E01004365,0,-1
2020010228778,2020,010228778,1,9,0,18,19,5,1,0,0,0,0,0,0,0,1,1,6,6,1,17,4,1240,1,17,NISSAN MICRA,3,E01001371,0,-1
2020340N06092,2020,340N06092,1,9,0,18,19,3,7,0,0,8,0,0,0,0,4,1,2,2,2,40,7,1240,1,15,NISSAN MICRA,1,E01032978,0,-1
2020070127449,2020,070127449,1,9,0,9,9,3,1,0,0,1,0,0,0,0,3,1,6,6,1,56,9,1240,1,16,NISSAN MICRA,10,E01018468,0,-1
2020460989661,2020,460989661,1,9,0,18,19,3,7,0,0,0,0,0,0,0,1,1,6,6,2,20,4,1240,1,14,NISSAN MICRA,1,E01024590,0,-1
2020052100048,2020,052100048,1,9,0,1,1,3,7,0,0,8,0,0,0,0,2,1,6,6,1,61,9,1198,1,4,NISSAN MICRA,1,E01007290,0,-1
2020430057290,2020,430057290,2,9,0,18,19,1,5,0,0,0,0,0,0,0,2,1,6,6,2,36,7,1240,1,13,NISSAN MICRA,9,E01000168,0,-1
2020440356369,2020,440356369,1,9,0,18,19,4,8,0,0,0,0,10,1,4,1,1,6,6,2,27,6,1348,1,18,NISSAN MICRA,8,E01022631,0,-1
2020990930492,2020,990930492,1,9,0,4,4,1,5,0,0,1,0,0,0,0,1,1,6,6,2,86,11,1386,1,12,NISSAN MICRA,7,-1,0,-1
2020137491551,2020,137491551,1,9,0,6,6,7,6,0,0,0,0,0,0,0,3,1,6,6,1,25,5,1240,1,15,NISSAN MICRA,1,E01011429,0,-1
2020460970293,2020,460970293,2,9,0,9,9,1,5,0,0,1,0,0,0,0,0,1,6,6,2,45,7,1461,2,11,NISSAN MICRA,8,E01024407,0,-1
2020440057938,2020,440057938,3,9,0,4,4,2,6,0,0,0,0,0,0,0,2,1,6,6,2,22,5,1198,1,5,NISSAN MICRA,8,E01030794,0,-1
2020552100147,2020,552100147,3,9,0,3,3,6,2,0,0,0,0,0,0,0,2,1,6,6,1,24,5,1240,1,14,NISSAN MICRA,6,E01031440,0,-1
2020010273093,2020,010273093,1,9,0,18,19,7,3,0,0,0,0,0,0,0,1,1,6,6,1,26,6,998,1,18,NISSAN MICRA,4,E01002398,0,-1
2020460953754,2020,460953754,3,9,0,2,2,0,0,0,0,1,0,0,0,0,1,1,6,6,2,62,9,998,1,20,NISSAN MICRA,1,E01024618,0,-1
2020430975749,2020,430975749,1,9,0,18,19,5,1,0,0,1,0,0,0,0,1,1,5,6,1,34,6,1240,1,13,NISSAN MICRA,10,E01033508,0,-1
2020010259013,2020,010259013,1,9,0,99,99,9,9,99,99,0,9,99,9,99,2,9,6,6,2,29,6,1240,1,12,NISSAN MICRA,8,E01002931,0,-1
2020040958700,2020,040958700,1,9,0,3,3,4,8,0,0,0,0,0,0,0,2,1,5,6,1,67,10,1240,1,11,NISSAN MICRA,7,E01012727,0,-1
2020010275172,2020,010275172,1,9,0,18,19,1,5,0,0,5,0,0,0,0,2,9,6,6,2,56,9,1240,1,16,NISSAN MICRA,4,E01000503,0,-1
2020010279197,2020,010279197,5,9,0,18,19,1,5,0,0,1,0,1,0,0,1,1,2,2,2,40,7,1240,1,15,NISSAN MICRA,2,E01000034,0,-1
202006L268368,2020,06L268368,1,9,0,14,14,5,1,0,0,0,0,0,0,0,4,1,6,6,3,-1,-1,1198,1,6,NISSAN MICRA,-1,-1,0,-1
2020211032937,2020,211032937,2,9,0,18,19,3,7,0,0,0,0,0,0,0,1,1,6,6,2,61,9,1198,1,4,NISSAN MICRA,1,E01014361,0,-1
202006K268899,2020,06K268899,2,9,0,18,19,5,1,0,0,8,0,0,0,0,2,1,6,6,2,25,5,1240,1,12,NISSAN MICRA,1,E01004859,0,-1
2020201018661,2020,201018661,1,9,0,14,14,3,6,0,0,0,0,0,0,0,3,1,2,2,2,49,8,1198,1,5,NISSAN MICRA,1,E01009397,0,-1
2020470998886,2020,470998886,1,9,0,18,19,8,4,0,0,1,0,0,0,0,3,1,2,2,2,51,8,998,1,18,NISSAN MICRA,3,E01020981,0,-1
202006M269717,2020,06M269717,1,9,0,9,9,1,7,0,0,8,0,0,0,0,1,1,6,6,3,30,6,1240,1,14,NISSAN MICRA,2,E01006107,0,-1
2020140947261,2020,140947261,1,9,0,18,19,3,7,0,0,0,5,7,0,0,4,1,5,6,1,37,7,1275,1,20,NISSAN MICRA,1,E01008065,0,-1
2020302000946,2020,302000946,1,9,0,18,19,3,7,0,0,8,0,0,0,0,1,1,6,6,2,36,7,898,1,3,NISSAN MICRA,3,E01028248,0,-1
2020420979440,2020,420979440,1,9,0,17,19,3,8,0,0,1,1,0,1,0,1,1,6,6,2,36,7,1240,1,17,NISSAN MICRA,9,E01021397,0,-1
2020010266003,2020,010266003,1,9,0,99,99,9,9,99,99,9,9,99,9,99,1,9,6,6,1,29,6,1240,1,14,NISSAN MICRA,2,E01001012,0,-1
20201376S1168,2020,1376S1168,2,9,0,18,19,5,1,0,0,8,0,0,0,0,3,1,6,6,1,49,8,1240,1,16,NISSAN MICRA,4,E01011037,0,-1
2020420985576,2020,420985576,1,9,0,18,19,5,1,0,0,0,0,0,0,0,1,1,6,6,2,46,8,1198,1,5,NISSAN MICRA,7,E01015969,0,-1
2020040954626,2020,040954626,2,9,0,9,9,2,2,0,0,1,0,0,0,0,1,1,5,6,1,21,5,1240,1,14,NISSAN MICRA,5,E01025235,0,-1
2020010283901,2020,010283901,1,9,0,18,19,1,5,0,0,8,0,0,0,0,4,1,6,6,2,36,7,1461,2,2,NISSAN MICRA,3,E01002526,0,-1
2020070656201,2020,070656201,1,9,0,16,19,2,5,0,0,1,0,0,1,11,3,1,6,6,1,34,6,998,1,19,NISSAN MICRA,4,E01029567,0,-1
202031D017020,2020,31D017020,1,9,0,18,19,2,5,0,0,0,2,0,7,11,1,1,2,2,1,23,5,1386,1,13,NISSAN MICRA,8,E01027938,0,-1
2020500961680,2020,500961680,1,9,0,4,4,1,5,0,0,0,0,0,0,0,2,1,5,6,2,24,5,1240,1,11,NISSAN MICRA,6,E01020221,0,-1
2020010266847,2020,010266847,1,9,0,7,7,7,1,0,0,6,0,0,0,0,1,1,6,6,2,-1,-1,1275,1,21,NISSAN MICRA,3,E01001938,0,-1
2020101007869,2020,101007869,1,9,0,4,4,7,3,0,0,0,0,0,0,0,1,1,6,6,2,-1,-1,1461,2,2,NISSAN MICRA,-1,-1,0,-1
2020201003963,2020,201003963,2,9,0,2,2,0,0,0,0,2,0,0,0,0,4,1,6,6,1,63,9,998,1,22,NISSAN MICRA,1,E01009485,0,-1
2020460966317,2020,460966317,2,9,0,9,9,2,6,0,0,0,0,10,1,4,3,1,6,6,2,47,8,1240,1,14,NISSAN MICRA,10,E01000463,0,-1
2020320659412,2020,320659412,1,9,0,1,1,4,8,0,0,0,0,0,7,10,2,1,6,6,2,67,10,1240,1,15,NISSAN MICRA,6,E01026316,0,-1
2020200930102,2020,200930102,1,9,0,18,19,7,3,0,0,1,0,0,0,0,1,1,6,6,2,43,7,1240,1,10,NISSAN MICRA,6,E01009126,0,-1
2020370940986,2020,370940986,1,9,0,18,19,1,5,0,0,1,0,0,0,0,1,1,5,6,2,86,11,1240,1,15,NISSAN MICRA,8,E01029942,0,-1
2020052000477,2020,052000477,1,9,0,18,19,5,1,0,0,1,0,0,0,0,1,1,6,6,2,45,7,1240,1,17,NISSAN MICRA,5,E01007106,0,-1
2020010285839,2020,010285839,1,9,0,18,19,4,8,0,0,0,0,0,0,0,2,1,6,6,2,42,7,1240,1,14,NISSAN MICRA,1,E01004675,0,-1
2020460988056,2020,460988056,2,9,0,18,19,1,5,0,0,1,0,0,0,0,1,1,6,6,1,22,5,1240,1,10,NISSAN MICRA,8,E01024044,0,-1
2020471009076,2020,471009076,2,9,0,18,19,1,5,0,0,8,0,0,0,0,1,1,5,6,2,35,6,1240,1,14,NISSAN MICRA,4,E01020957,0,-1
2020411009526,2020,411009526,2,9,0,11,11,5,5,0,0,0,0,0,0,0,4,1,3,7,1,43,7,1240,1,10,NISSAN MICRA,2,E01023338,0,-1
2020450943405,2020,450943405,1,9,0,18,19,5,1,0,0,0,1,0,5,6,3,1,2,2,1,39,7,1240,1,17,NISSAN MICRA,4,E01004569,0,-1
2020470984746,2020,470984746,1,9,0,18,19,7,3,0,0,6,0,0,0,0,1,1,5,6,2,44,7,1240,1,14,NISSAN MICRA,6,E01021087,0,-1
2020420955887,2020,420955887,1,9,0,9,9,3,1,0,0,0,1,0,1,0,2,1,6,6,2,39,7,1240,1,13,NISSAN MICRA,7,E01021928,0,-1
2020010268468,2020,010268468,2,9,0,99,99,9,9,99,99,9,9,99,9,99,1,9,6,6,3,-1,-1,1240,1,12,NISSAN MICRA,2,E01001057,0,-1
2020470967319,2020,470967319,1,9,0,9,9,7,6,0,0,5,0,0,0,0,1,1,5,6,1,49,8,898,1,1,NISSAN MICRA,8,E01017529,0,-1
2020470990890,2020,470990890,2,9,0,18,19,3,7,0,0,8,0,0,0,0,3,1,5,6,1,51,8,1198,1,6,NISSAN MICRA,1,E01016868,0,-1
202006J367301,2020,06J367301,2,9,0,4,4,5,1,0,0,0,0,0,0,0,2,1,6,6,2,62,9,998,1,16,NISSAN MICRA,6,E01010882,0,-1
2020200994482,2020,200994482,1,9,0,18,19,8,4,0,0,1,0,0,0,0,1,1,6,6,1,46,8,998,1,22,NISSAN MICRA,1,E01013570,0,-1
2020140939036,2020,140939036,1,9,0,18,19,5,1,0,0,0,0,4,0,0,4,1,2,2,1,22,5,998,1,22,NISSAN MICRA,2,E01033278,0,-1
2020350972331,2020,350972331,2,9,0,18,19,3,7,0,0,0,0,0,0,0,3,1,6,6,2,20,4,1198,1,9,NISSAN MICRA,9,E01015646,0,-1
2020010257033,2020,010257033,2,9,0,13,13,7,3,0,0,8,1,0,0,0,2,1,6,6,1,22,5,1198,1,6,NISSAN MICRA,2,E01001710,0,-1
2020350921927,2020,350921927,2,9,0,18,19,4,8,0,0,4,0,0,0,0,2,1,2,2,2,24,5,1240,1,17,NISSAN MICRA,3,E01030114,0,-1
2020010283561,2020,010283561,1,9,0,9,9,3,2,0,0,1,0,0,0,0,4,1,2,2,2,53,8,1198,1,3,NISSAN MICRA,2,E01001433,0,-1
2020010234402,2020,010234402,1,9,0,4,4,5,1,0,0,1,0,0,0,0,2,1,6,6,1,45,7,1240,1,13,NISSAN MICRA,4,E01003628,0,-1
2020350924620,2020,350924620,1,9,0,4,4,2,6,0,0,1,0,0,0,0,2,1,1,1,2,29,6,898,1,1,NISSAN MICRA,9,E01018199,0,-1
2020010248108,2020,010248108,2,9,0,99,99,9,9,99,99,9,9,99,9,99,3,9,6,6,3,80,11,1240,1,10,NISSAN MICRA,8,E01002914,0,-1
2020160945979,2020,160945979,1,9,0,7,7,8,2,0,0,6,0,0,0,0,0,1,5,6,2,75,10,1240,1,10,NISSAN MICRA,8,E01013065,0,-1
2020010251102,2020,010251102,1,9,0,99,99,9,9,0,0,1,9,0,0,99,2,9,6,6,2,24,5,1198,1,9,NISSAN MICRA,4,E01004412,0,-1
2020010261467,2020,010261467,1,9,0,99,99,9,9,99,99,9,9,99,9,99,2,9,6,6,1,30,6,1240,1,14,NISSAN MICRA,7,E01002182,0,-1
2020100969752,2020,100969752,1,9,0,2,2,3,7,0,0,2,0,0,0,0,4,1,6,6,1,-1,-1,1240,1,13,NISSAN MICRA,-1,-1,0,-1
2020010276171,2020,010276171,1,9,0,18,19,5,1,0,0,0,1,0,0,0,1,1,6,6,2,50,8,998,1,18,NISSAN MICRA,5,E01001105,0,-1
202031D140920,2020,31D140920,2,9,0,3,3,1,5,0,0,1,0,0,0,0,2,1,6,6,1,72,10,1198,1,7,NISSAN MICRA,3,E01019657,0,-1
2020461000533,2020,461000533,1,9,0,18,19,2,6,0,0,0,0,0,0,0,1,1,5,6,1,67,10,1240,1,11,NISSAN MICRA,5,E01024623,0,-1
2020140963220,2020,140963220,2,9,0,18,19,1,5,0,0,1,5,0,0,0,3,1,6,6,1,41,7,1198,1,6,NISSAN MICRA,10,E01006079,0,-1
2020010270717,2020,010270717,2,9,0,99,99,9,9,99,99,0,9,99,9,99,1,9,6,6,3,-1,-1,1198,1,5,NISSAN MICRA,3,E01002585,0,-1
2020420989421,2020,420989421,1,9,0,18,19,7,3,0,0,0,0,0,0,0,1,1,6,6,1,29,6,998,1,21,NISSAN MICRA,8,E01031272,0,-1
2020010240984,2020,010240984,1,9,9,99,99,9,9,99,99,1,9,99,9,99,9,1,6,6,1,43,7,1386,1,13,NISSAN MICRA,6,E01001258,0,-1
2020410984950,2020,410984950,1,9,0,5,5,5,1,0,0,6,0,0,0,0,2,1,6,6,2,50,8,1240,1,15,NISSAN MICRA,4,E01021819,0,-1
2020160931953,2020,160931953,2,9,0,4,4,4,8,0,0,0,0,0,0,0,1,1,6,6,2,18,4,1240,1,15,NISSAN MICRA,7,E01026080,0,-1
2020160947771,2020,160947771,1,9,0,1,1,1,5,0,0,0,0,8,0,0,0,1,6,6,2,84,11,1240,1,15,NISSAN MICRA,9,E01012974,0,-1
2020530972984,2020,530972984,1,9,0,16,19,2,4,0,0,0,2,0,1,10,4,1,5,6,1,29,6,998,1,23,NISSAN MICRA,9,E01022275,0,-1
2020461010708,2020,461010708,1,9,0,18,19,5,8,0,0,0,0,10,0,0,1,1,6,6,2,21,5,1240,1,15,NISSAN MICRA,7,E01024790,0,-1
2020370959824,2020,370959824,1,9,0,18,19,2,5,0,0,1,0,0,0,0,1,1,5,6,2,32,6,1240,1,17,NISSAN MICRA,5,E01030151,0,-1
202006P172487,2020,06P172487,1,9,0,4,4,5,1,0,0,8,0,0,0,0,3,1,6,6,3,-1,-1,1240,1,15,NISSAN MICRA,-1,-1,0,-1
2020991005549,2020,991005549,1,9,0,4,4,2,6,0,0,1,0,0,0,0,2,1,6,6,2,19,4,1386,1,15,NISSAN MICRA,3,-1,0,-1
2020410943504,2020,410943504,1,9,0,18,19,5,1,0,0,0,0,0,0,0,1,1,6,6,1,18,4,998,1,18,NISSAN MICRA,8,E01017425,0,-1
2020010240939,2020,010240939,1,9,0,9,9,5,2,0,0,1,0,0,0,0,4,1,3,7,1,35,6,1275,1,24,NISSAN MICRA,2,E01002697,0,-1
2020410916025,2020,410916025,1,9,0,18,19,1,5,0,0,0,0,4,0,0,1,1,6,6,2,81,11,1198,1,5,NISSAN MICRA,-1,-1,0,-1
2020160947784,2020,160947784,1,9,0,18,19,1,5,0,0,0,0,0,0,0,1,1,6,6,1,38,7,1461,2,11,NISSAN MICRA,-1,-1,0,-1
2020350947975,2020,350947975,1,9,0,18,19,1,5,0,0,0,5,0,1,0,3,1,2,2,2,71,10,1198,1,4,NISSAN MICRA,4,E01000113,0,-1
2020470925662,2020,470925662,2,9,0,18,19,6,2,0,0,8,5,0,7,9,1,1,5,6,2,50,8,1240,1,10,NISSAN MICRA,3,E01031451,0,-1
2020430220252,2020,430220252,1,9,0,18,19,8,4,0,0,0,0,0,7,0,3,1,6,6,1,60,9,1386,1,15,NISSAN MICRA,6,E01028703,0,-1
2020411012254,2020,411012254,1,9,0,9,9,5,3,0,0,1,0,0,0,0,3,1,6,6,1,74,10,1386,1,14,NISSAN MICRA,9,E01023953,0,-1
2020461010776,2020,461010776,1,9,0,18,19,1,5,0,0,1,0,0,0,0,4,1,5,6,2,63,9,998,1,22,NISSAN MICRA,3,E01024583,0,-1
2020990981881,2020,990981881,1,9,0,18,19,8,4,0,0,1,0,0,0,0,3,1,5,6,2,74,10,1240,1,14,NISSAN MICRA,4,-1,0,-1
2020010278159,2020,010278159,2,9,0,4,4,1,5,0,0,1,0,0,0,0,2,1,6,6,1,41,7,1240,1,16,NISSAN MICRA,3,E01002543,0,-1
2020161005888,2020,161005888,1,9,0,5,5,0,2,0,0,0,0,0,0,0,1,1,2,2,2,29,6,1198,1,3,NISSAN MICRA,10,E01011947,0,-1
2020460953164,2020,460953164,1,9,0,18,19,5,1,0,0,1,0,0,0,0,1,1,5,6,1,16,4,998,1,21,NISSAN MICRA,4,E01024777,0,-1
2020546684520,2020,546684520,1,9,0,18,19,7,3,0,0,0,0,0,0,0,4,1,6,6,2,68,10,1240,1,14,NISSAN MICRA,9,E01015525,0,-1
2020450925179,2020,450925179,2,9,0,18,19,2,6,0,0,2,0,0,0,0,1,1,2,2,2,24,5,1240,1,10,NISSAN MICRA,10,E01030961,0,-1
2020440476943,2020,440476943,1,9,0,9,9,7,4,0,0,6,0,0,0,0,4,1,1,1,1,46,8,1240,1,10,NISSAN MICRA,4,E01017270,0,-1
2020522001047,2020,522001047,2,9,0,18,19,1,5,0,0,6,0,0,0,0,0,1,6,6,2,63,9,1240,1,17,NISSAN MICRA,8,E01014418,0,-1
2020430191021,2020,430191021,2,9,0,2,2,4,6,0,0,0,0,0,1,7,2,1,6,6,2,28,6,1386,1,16,NISSAN MICRA,5,E01015479,0,-1
2020010235196,2020,010235196,1,9,0,18,19,1,5,0,0,4,0,0,0,0,1,1,6,6,3,-1,-1,1198,1,9,NISSAN MICRA,-1,-1,0,-1
2020522004261,2020,522004261,2,9,0,12,12,2,6,0,0,1,0,0,0,0,1,1,1,1,1,28,6,1386,1,15,NISSAN MICRA,-1,-1,0,-1
2020010248217,2020,010248217,1,9,0,4,4,5,1,9,9,2,0,0,0,0,4,1,6,6,1,48,8,1198,1,9,NISSAN MICRA,-1,-1,0,-1
2020010265651,2020,010265651,1,9,0,17,19,5,1,0,0,2,0,4,0,0,1,1,6,6,2,20,4,1198,1,8,NISSAN MICRA,9,E01001531,0,-1
2020430008418,2020,430008418,1,9,0,18,19,7,3,0,0,2,0,0,0,0,1,1,6,6,1,41,7,898,1,1,NISSAN MICRA,10,E01032962,0,-1
2020302000213,2020,302000213,2,9,0,6,6,3,3,0,0,0,0,0,0,0,3,1,6,6,1,45,7,1386,1,17,NISSAN MICRA,1,E01013570,0,-1
2020200963532,2020,200963532,2,9,0,18,19,8,4,0,0,8,0,0,0,0,1,1,5,6,2,59,9,1198,1,7,NISSAN MICRA,7,E01010498,0,-1
2020320521696,2020,320521696,1,9,0,18,19,1,1,0,0,1,0,0,0,0,4,1,6,6,1,40,7,998,1,16,NISSAN MICRA,-1,-1,0,-1
202006A375075,2020,06A375075,1,9,0,1,1,5,1,0,0,4,0,0,1,0,2,1,6,6,1,29,6,999,1,0,NISSAN MICRA,2,E01033302,0,-1
2020470924904,2020,470924904,1,9,0,9,9,2,8,0,0,8,0,0,0,0,1,1,2,2,2,36,7,1240,1,15,NISSAN MICRA,3,E01031787,0,-1
2020110988221,2020,110988221,2,9,0,18,19,5,1,0,0,0,0,0,0,0,1,1,2,2,1,51,8,1461,2,13,NISSAN MICRA,2,E01020809,0,-1
2020200993566,2020,200993566,1,9,0,18,19,7,3,0,0,0,0,0,0,0,1,1,6,6,1,71,10,1240,1,10,NISSAN MICRA,4,E01009866,0,-1
2020141010065,2020,141010065,1,9,0,18,19,2,4,0,0,0,1,0,0,0,1,1,5,6,1,31,6,1240,1,14,NISSAN MICRA,10,E01007938,0,-1
2020100941935,2020,100941935,2,9,0,4,4,7,3,0,0,0,0,0,0,0,2,1,5,6,2,21,5,999,1,1,NISSAN MICRA,-1,-1,0,-1
2020010248374,2020,010248374,1,9,0,9,9,7,5,0,0,1,0,0,0,0,1,1,6,6,2,18,4,1240,1,16,NISSAN MICRA,6,E01030717,0,-1
202006Q168482,2020,06Q168482,1,9,0,11,11,3,7,0,0,1,0,0,0,0,2,1,6,6,1,34,6,1240,1,15,NISSAN MICRA,6,E01005455,0,-1
2020031002658,2020,031002658,1,9,0,16,19,7,3,0,0,0,2,0,0,0,1,1,5,6,2,23,5,1240,1,15,NISSAN MICRA,4,E01019216,0,-1
2020160947803,2020,160947803,1,9,0,11,11,3,5,0,0,3,0,0,0,0,1,1,1,1,2,-1,-1,1240,1,16,NISSAN MICRA,8,E01013166,0,-1
2020052000351,2020,052000351,1,9,0,9,9,1,5,0,0,5,0,0,0,0,1,1,6,6,2,41,7,1386,1,15,NISSAN MICRA,1,E01006674,0,-1
2020200942440,2020,200942440,3,9,0,2,2,0,0,0,0,0,0,0,0,0,4,1,6,6,3,-1,-1,1198,1,4,NISSAN MICRA,1,E01009510,0,-1
2020522004175,2020,522004175,1,9,0,16,19,2,6,0,0,0,0,0,7,1,1,1,6,6,1,88,11,999,1,0,NISSAN MICRA,10,E01014999,0,-1
2020010245682,2020,010245682,3,9,0,2,2,0,0,0,0,0,0,0,0,0,1,2,6,6,3,-1,-1,1386,1,17,NISSAN MICRA,-1,-1,0,-1
2020420924418,2020,420924418,2,9,0,2,2,7,3,0,0,0,0,0,0,0,2,1,5,6,2,17,4,998,1,18,NISSAN MICRA,2,E01015861,0,-1
2020201005712,2020,201005712,1,9,0,3,3,5,1,0,0,0,0,0,0,0,2,1,6,6,2,38,7,1198,1,8,NISSAN MICRA,4,E01010149,0,-1