collision_index,collision_year,collision_ref_no,vehicle_reference,vehicle_type,towing_and_articulation,vehicle_manoeuvre_historic,vehicle_manoeuvre,vehicle_direction_from,vehicle_direction_to,vehicle_location_restricted_lane_historic,vehicle_location_restricted_lane,junction_location,skidding_and_overturning,hit_object_in_carriageway,vehicle_leaving_carriageway,hit_object_off_carriageway,first_point_of_impact,vehicle_left_hand_drive,journey_purpose_of_driver_historic,journey_purpose_of_driver,sex_of_driver,age_of_driver,age_band_of_driver,engine_capacity_cc,propulsion_code,age_of_vehicle,generic_make_model,driver_imd_decile,lsoa_of_driver,escooter_flag,driver_distance_banding
2020010238866,2020,010238866,1,9,0,2,2,0,0,0,0,2,0,0,0,0,3,1,6,6,3,-1,-1,998,1,17,NISSAN MICRA,-1,-1,0,-1
2020450986792,2020,450986792,2,9,0,16,19,7,3,0,0,0,0,0,0,0,3,1,5,6,2,28,6,1240,1,14,NISSAN MICRA,8,E01030611,0,-1
2020010244978,2020,010244978,2,9,0,2,2,0,0,0,0,0,0,0,0,0,1,1,6,6,3,-1,-1,1386,1,17,NISSAN MICRA,-1,-1,0,-1
2020140982319,2020,140982319,1,9,0,18,19,1,5,0,0,0,0,0,0,0,1,1,3,7,2,31,6,1240,1,10,NISSAN MICRA,1,E01007378,0,-1
2020470929468,2020,470929468,1,9,0,18,19,5,1,0,0,0,1,0,7,9,1,1,2,2,2,20,4,1386,1,13,NISSAN MICRA,3,E01021178,0,-1
2020010229278,2020,010229278,1,9,0,18,19,6,2,0,0,0,0,4,0,0,1,1,2,2,2,28,6,1240,1,15,NISSAN MICRA,2,E01004068,0,-1
202006K178648,2020,06K178648,1,9,0,3,3,4,8,0,0,1,0,0,0,0,1,1,6,6,2,52,8,998,1,18,NISSAN MICRA,3,E01004834,0,-1
2020201015711,2020,201015711,2,9,0,2,2,0,0,0,0,0,0,0,0,0,0,1,6,6,1,-1,-1,1240,1,10,NISSAN MICRA,4,E01009691,0,-1
2020320144343,2020,320144343,1,9,0,16,19,8,3,0,0,2,0,0,7,0,1,1,6,6,1,33,6,998,1,18,NISSAN MICRA,6,E01026297,0,-1
2020340N09282,2020,340N09282,2,9,0,3,3,1,5,0,0,0,0,0,1,0,2,1,6,6,2,34,6,1240,1,15,NISSAN MICRA,4,E01027247,0,-1
2020010282540,2020,010282540,1,9,0,18,19,1,5,9,9,0,0,10,7,10,1,1,6,6,2,42,7,1240,1,14,NISSAN MICRA,4,E01001956,0,-1
2020552000720,2020,552000720,1,9,0,3,3,4,8,0,0,0,0,0,0,0,1,1,6,6,1,22,5,1240,1,11,NISSAN MICRA,9,E01015316,0,-1
2020450985331,2020,450985331,2,9,0,18,19,2,6,0,0,0,0,0,0,0,1,1,6,6,2,70,10,1198,1,6,NISSAN MICRA,10,E01030797,0,-1
2020010261868,2020,010261868,2,9,0,99,99,9,9,0,0,0,0,0,0,0,1,9,6,6,3,-1,-1,1240,1,15,NISSAN MICRA,-1,-1,0,-1
202006M470493,2020,06M470493,1,9,0,7,7,8,2,0,0,2,0,0,0,0,3,1,1,1,1,51,8,1598,1,13,NISSAN MICRA,6,E01004936,0,-1
2020450937483,2020,450937483,1,9,0,9,9,3,1,0,0,4,0,0,0,0,4,1,6,6,1,43,7,1275,1,20,NISSAN MICRA,8,E01030803,0,-1
2020200996173,2020,200996173,1,9,0,5,5,1,5,0,0,6,0,0,0,0,1,1,1,1,2,31,6,1240,1,10,NISSAN MICRA,1,E01033628,0,-1
2020450967225,2020,450967225,1,9,0,18,19,3,7,0,0,1,0,0,1,0,1,1,5,6,2,44,7,1240,1,13,NISSAN MICRA,6,E01030751,0,-1
2020100953849,2020,100953849,3,9,0,16,19,1,5,0,0,0,0,0,0,0,0,1,5,6,2,65,9,998,1,18,NISSAN MICRA,3,E01027512,0,-1
202031C181020,2020,31C181020,2,9,0,18,19,5,1,0,0,8,0,0,0,0,1,1,1,1,1,29,6,1461,2,11,NISSAN MICRA,2,E01013870,0,-1
2020420995761,2020,420995761,2,9,0,18,19,7,3,0,0,1,0,0,0,0,4,1,3,7,2,28,6,1240,1,11,NISSAN MICRA,5,E01016015,0,-1
2020010279221,2020,010279221,2,9,0,5,5,6,2,0,0,0,0,0,0,0,1,1,6,6,1,76,11,1240,1,17,NISSAN MICRA,1,E01004382,0,-1
2020010236335,2020,010236335,1,9,0,9,9,8,5,0,0,1,0,0,0,0,0,2,1,1,2,42,7,998,1,16,NISSAN MICRA,3,E01000125,0,-1
2020010251814,2020,010251814,1,9,9,99,99,9,9,99,99,8,0,99,9,0,9,9,6,6,3,24,5,1198,1,6,NISSAN MICRA,5,E01001091,0,-1
2020990985451,2020,990985451,2,9,0,3,3,6,2,0,0,1,0,0,0,0,2,1,2,2,2,54,8,1275,1,22,NISSAN MICRA,1,-1,0,-1
2020230979185,2020,230979185,2,9,0,7,7,6,8,0,0,5,0,0,0,0,3,1,5,6,3,24,5,998,1,20,NISSAN MICRA,-1,-1,0,-1
202031A160520,2020,31A160520,1,9,0,18,19,3,7,0,0,1,1,0,0,0,1,1,6,6,2,27,6,1240,1,16,NISSAN MICRA,1,E01007626,0,-1
2020010265811,2020,010265811,2,9,0,99,99,9,9,99,99,9,9,99,9,99,1,9,6,6,3,-1,-1,1386,1,16,NISSAN MICRA,-1,-1,0,-1
2020500976983,2020,500976983,2,9,0,18,19,1,5,0,0,1,0,0,0,0,4,1,6,6,1,32,6,1275,1,21,NISSAN MICRA,2,E01018836,0,-1
2020010281366,2020,010281366,2,9,0,99,99,9,9,99,99,9,9,99,9,99,4,9,6,6,2,27,6,999,1,1,NISSAN MICRA,2,E01001653,0,-1
20201372C1732,2020,1372C1732,1,9,0,18,19,5,1,0,0,8,0,0,0,0,4,1,6,6,1,29,6,998,1,18,NISSAN MICRA,3,E01011670,0,-1
2020410962593,2020,410962593,1,9,0,18,19,5,1,0,0,0,0,0,1,4,1,1,2,2,1,25,5,1198,1,7,NISSAN MICRA,8,E01017956,0,-1
2020460987424,2020,460987424,1,9,0,18,19,7,1,0,0,5,0,0,0,0,1,1,5,6,2,90,11,1198,1,4,NISSAN MICRA,6,E01024425,0,-1
2020411014520,2020,411014520,2,9,0,5,5,5,7,0,0,6,0,0,0,0,1,1,1,1,2,34,6,1198,1,8,NISSAN MICRA,2,E01001448,0,-1
2020010256069,2020,010256069,1,9,0,99,99,9,9,99,99,9,9,99,9,99,2,9,6,6,3,38,7,1386,1,12,NISSAN MICRA,3,E01002527,0,-1
2020052001327,2020,052001327,1,9,0,9,9,3,1,0,0,8,0,0,0,0,1,1,6,6,1,81,11,1240,1,14,NISSAN MICRA,10,E01007189,0,-1
2020010241983,2020,010241983,3,9,0,2,2,0,0,0,0,0,0,0,0,0,2,1,6,6,3,-1,-1,1240,1,10,NISSAN MICRA,-1,-1,0,-1
2020052002030,2020,052002030,2,9,0,18,19,3,7,0,0,1,0,0,0,0,2,1,6,6,2,30,6,898,1,2,NISSAN MICRA,2,E01032506,0,-1
2020040924246,2020,040924246,2,9,0,3,3,5,1,0,0,4,0,0,0,0,1,1,6,6,1,67,10,1240,1,14,NISSAN MICRA,5,E01025035,0,-1
2020460983363,2020,460983363,1,9,0,18,19,1,5,0,0,0,0,0,0,0,1,1,5,6,1,77,11,998,1,20,NISSAN MICRA,4,E01004366,0,-1
2020440176250,2020,440176250,3,9,0,2,2,0,0,0,0,0,0,0,0,0,3,1,6,6,3,-1,-1,1275,1,21,NISSAN MICRA,-1,-1,0,-1
2020140974222,2020,140974222,2,9,0,18,19,3,6,0,0,4,0,0,0,0,1,1,5,6,1,87,11,1240,1,15,NISSAN MICRA,9,E01008038,0,-1
2020010253764,2020,010253764,3,9,0,99,99,9,9,99,99,1,9,99,9,99,2,9,6,6,2,-1,-1,1198,1,4,NISSAN MICRA,-1,-1,0,-1
2020460927454,2020,460927454,1,9,0,13,13,6,2,0,0,8,0,0,7,0,1,1,5,6,2,19,4,1240,1,17,NISSAN MICRA,7,E01024790,0,-1
2020041011609,2020,041011609,2,9,0,7,7,3,2,0,0,0,0,0,0,0,2,1,5,6,2,77,11,1598,1,14,NISSAN MICRA,9,E01025449,0,-1
2020040962146,2020,040962146,1,9,0,16,19,5,1,0,0,0,5,0,1,11,1,1,6,6,1,23,5,998,1,19,NISSAN MICRA,4,E01012604,0,-1
2020430013712,2020,430013712,1,9,0,18,19,2,6,0,0,0,0,0,6,1,1,1,6,6,1,59,9,898,1,1,NISSAN MICRA,4,E01016772,0,-1
2020450984618,2020,450984618,2,9,0,18,19,1,5,0,0,8,0,0,0,0,1,1,6,6,1,30,6,998,1,22,NISSAN MICRA,6,E01030631,0,-1
2020430053495,2020,430053495,1,9,0,9,9,2,8,0,0,5,0,0,0,0,1,1,6,6,1,79,11,998,1,19,NISSAN MICRA,10,E01017861,0,-1
2020450974281,2020,450974281,1,9,0,18,19,3,7,0,0,0,0,7,0,0,1,1,5,6,1,21,5,998,1,18,NISSAN MICRA,2,E01030497,0,-1
2020470980306,2020,470980306,2,9,0,18,19,6,2,0,0,0,0,0,0,0,3,1,5,6,1,59,9,1240,1,12,NISSAN MICRA,7,E01031708,0,-1
2020010243164,2020,010243164,2,9,0,10,10,3,1,0,0,1,0,0,0,0,1,1,6,6,1,27,6,1240,1,10,NISSAN MICRA,5,E01000131,0,-1
2020340N06912,2020,340N06912,2,9,0,18,19,1,5,0,0,8,0,0,0,0,1,1,2,2,2,38,7,1240,1,11,NISSAN MICRA,2,E01027233,0,-1
2020160920663,2020,160920663,2,9,0,5,5,3,7,0,0,1,0,0,0,0,4,1,5,6,2,56,9,1240,1,17,NISSAN MICRA,10,E01013110,0,-1
2020400967558,2020,400967558,2,9,-1,-1,-1,-1,-1,-1,-1,0,-1,-1,-1,0,-1,1,6,6,1,36,7,1386,1,17,NISSAN MICRA,2,E01015601,0,-1
2020110983330,2020,110983330,1,9,0,18,19,4,2,0,0,0,0,0,0,0,1,1,6,6,1,30,6,1240,1,14,NISSAN MICRA,-1,-1,0,-1
2020010256136,2020,010256136,1,9,0,9,9,5,3,0,0,6,0,0,0,0,1,1,6,6,3,-1,-1,1386,1,13,NISSAN MICRA,-1,-1,0,-1
2020100950158,2020,100950158,2,9,0,7,7,4,6,0,0,0,0,0,0,0,4,1,1,1,1,18,4,1198,1,4,NISSAN MICRA,7,E01008876,0,-1
2020101003574,2020,101003574,1,9,0,17,19,3,7,0,0,0,1,7,2,0,1,1,6,6,2,34,6,1240,1,12,NISSAN MICRA,9,E01027521,0,-1
2020010235406,2020,010235406,2,9,0,9,9,8,6,0,0,1,0,0,0,0,1,1,1,1,1,60,9,1198,1,8,NISSAN MICRA,7,E01000339,0,-1
202006P178478,2020,06P178478,1,9,0,18,19,5,1,0,0,6,0,0,0,0,1,1,6,6,2,49,8,1198,1,5,NISSAN MICRA,4,E01005481,0,-1
202006P269983,2020,06P269983,1,9,0,18,19,5,1,0,0,8,0,0,0,0,3,1,6,6,1,30,6,1240,1,15,NISSAN MICRA,-1,-1,0,-1
2020471005596,2020,471005596,2,9,0,3,3,7,3,0,0,0,0,0,0,0,2,1,2,2,2,41,7,1275,1,26,NISSAN MICRA,4,E01021207,0,-1
20201371M1042,2020,1371M1042,1,9,0,18,19,7,3,0,0,0,0,0,0,0,1,1,6,6,1,30,6,1461,2,14,NISSAN MICRA,2,E01011230,0,-1
2020200983206,2020,200983206,3,9,0,2,2,0,0,0,0,0,0,0,0,0,1,1,6,6,1,68,10,999,1,1,NISSAN MICRA,2,E01010263,0,-1
2020010277682,2020,010277682,1,9,0,8,8,3,6,0,0,1,0,0,0,0,1,1,6,6,2,83,11,1598,1,13,NISSAN MICRA,6,E01001565,0,-1
2020549515920,2020,549515920,1,9,0,18,19,5,1,0,0,1,0,0,0,0,1,1,6,6,2,22,5,1240,1,11,NISSAN MICRA,10,E01016091,0,-1
2020360945108,2020,360945108,1,9,0,18,19,5,1,0,0,0,2,0,7,10,1,1,5,6,1,25,5,1240,1,14,NISSAN MICRA,6,E01026876,0,-1
2020010230000,2020,010230000,3,9,0,18,19,5,1,0,0,6,0,4,0,0,2,1,1,1,2,47,8,1198,1,4,NISSAN MICRA,4,E01000728,0,-1
2020552001057,2020,552001057,1,9,0,18,19,1,5,0,0,4,0,0,0,0,1,1,6,6,1,63,9,998,1,27,NISSAN MICRA,4,E01015390,0,-1
202006L274751,2020,06L274751,1,9,0,7,7,3,5,0,0,6,0,0,0,0,1,1,6,6,2,42,7,1240,1,16,NISSAN MICRA,2,E01006344,0,-1
2020400926322,2020,400926322,2,9,0,18,19,3,7,0,0,1,0,0,0,0,4,1,5,6,2,17,4,1240,1,17,NISSAN MICRA,6,E01017435,0,-1
202006XP74980,2020,06XP74980,2,9,0,18,19,6,2,0,0,0,0,0,2,6,2,1,6,6,1,85,11,1240,1,15,NISSAN MICRA,5,E01025212,0,-1
2020552100169,2020,552100169,1,9,0,9,9,8,6,0,0,8,0,0,0,0,4,1,6,6,3,77,11,1198,1,4,NISSAN MICRA,6,E01015369,0,-1
2020010281432,2020,010281432,1,9,0,99,99,9,9,99,99,9,9,99,9,99,2,9,6,6,1,34,6,898,1,1,NISSAN MICRA,5,E01000239,0,-1
202063A072920,2020,63A072920,1,9,0,4,4,3,6,0,0,1,0,0,0,0,2,1,6,6,1,44,7,998,1,18,NISSAN MICRA,7,W01000675,0,-1
202006J175271,2020,06J175271,2,9,0,9,9,5,2,0,0,5,0,0,0,0,4,1,6,6,2,40,7,1198,1,8,NISSAN MICRA,2,E01005981,0,-1
2020530939807,2020,530939807,3,9,0,18,19,5,1,0,0,1,0,0,0,0,3,1,2,2,2,48,8,1598,1,15,NISSAN MICRA,9,E01022108,0,-1
2020010261155,2020,010261155,1,9,0,4,4,1,5,0,0,1,0,0,0,0,0,1,6,6,1,23,5,1240,1,14,NISSAN MICRA,4,E01000802,0,-1
2020410954931,2020,410954931,1,9,0,5,5,3,7,0,0,8,0,0,0,0,3,1,5,6,1,49,8,998,1,19,NISSAN MICRA,5,E01023956,0,-1
2020470939879,2020,470939879,1,9,0,9,9,3,1,0,0,0,0,0,0,0,2,1,6,6,1,81,11,1198,1,8,NISSAN MICRA,5,E01031832,0,-1
2020230950451,2020,230950451,1,9,0,18,19,4,8,0,0,1,0,4,0,0,1,1,5,6,1,77,11,1198,1,4,NISSAN MICRA,6,E01009682,0,-1
2020470923103,2020,470923103,1,9,0,18,19,8,4,0,0,0,0,0,0,0,1,1,6,6,1,19,4,998,1,17,NISSAN MICRA,6,E01021058,0,-1
2020522004030,2020,522004030,3,9,0,18,19,8,4,0,0,8,0,0,0,0,1,1,6,6,1,50,8,1240,1,11,NISSAN MICRA,-1,-1,0,-1
202006A376400,2020,06A376400,2,9,0,4,4,1,5,0,0,8,0,0,0,0,2,1,3,7,2,34,6,1240,1,12,NISSAN MICRA,1,E01005290,0,-1
2020200930933,2020,200930933,2,9,0,18,19,2,6,0,0,0,0,0,0,0,4,1,6,6,2,31,6,1198,1,9,NISSAN MICRA,3,E01009553,0,-1
2020201019036,2020,201019036,2,9,0,5,5,7,8,0,0,1,0,0,0,0,2,1,6,6,2,70,10,1240,1,14,NISSAN MICRA,3,E01009629,0,-1
2020137CO1146,2020,137CO1146,2,9,0,18,19,2,6,0,0,0,0,0,0,0,0,1,6,6,1,33,6,1240,1,16,NISSAN MICRA,1,E01011130,0,-1
2020302000047,2020,302000047,1,9,0,18,19,8,4,0,0,0,0,4,0,0,1,1,6,6,2,80,11,1386,1,14,NISSAN MICRA,9,E01019615,0,-1
2020351007465,2020,351007465,1,9,0,18,19,3,7,0,0,0,0,0,0,0,4,1,1,1,1,56,9,998,1,18,NISSAN MICRA,1,E01015600,0,-1
2020137C50981,2020,137C50981,2,9,0,7,7,6,1,0,0,2,0,0,0,0,3,1,6,6,1,77,11,1240,1,17,NISSAN MICRA,1,E01011492,0,-1
2020990988862,2020,990988862,1,9,0,17,19,3,7,0,0,0,1,0,8,4,1,1,1,1,2,22,5,898,1,3,NISSAN MICRA,6,-1,0,-1
2020622000251,2020,622000251,2,9,0,12,12,6,2,0,0,0,0,0,0,0,2,1,6,6,2,42,7,1240,1,16,NISSAN MICRA,1,W01001880,0,-1
2020302001115,2020,302001115,1,9,0,18,19,5,1,0,0,0,0,0,0,0,1,1,1,1,2,23,5,1240,1,17,NISSAN MICRA,10,E01019425,0,-1
2020420925716,2020,420925716,1,9,0,18,19,7,3,0,0,1,0,0,0,0,1,1,2,2,2,26,6,1240,1,11,NISSAN MICRA,8,E01021533,0,-1
2020450980707,2020,450980707,2,9,0,9,9,5,1,0,0,0,0,0,0,0,0,1,6,6,2,33,6,998,1,18,NISSAN MICRA,4,E01003900,0,-1
2020010273328,2020,010273328,1,9,0,99,99,9,9,99,99,9,9,99,9,99,1,9,6,6,2,71,10,1240,1,12,NISSAN MICRA,8,E01000282,0,-1
2020991004796,2020,991004796,1,9,0,18,19,8,3,0,0,2,0,0,7,2,1,1,6,6,2,79,11,898,1,2,NISSAN MICRA,3,-1,0,-1
2020522003490,2020,522003490,2,9,0,18,19,1,5,0,0,8,0,0,0,0,1,1,6,6,3,-1,-1,1240,1,16,NISSAN MICRA,-1,-1,0,-1
202006E474034,2020,06E474034,2,9,0,18,19,5,1,0,0,1,0,0,0,0,4,1,6,6,2,48,8,1598,1,14,NISSAN MICRA,-1,-1,0,-1
202006K178346,2020,06K178346,1,9,0,8,8,6,8,0,0,1,0,0,0,0,4,1,6,6,2,34,6,1240,1,16,NISSAN MICRA,7,E01004900,0,-1
2020500997395,2020,500997395,1,9,0,1,1,1,5,0,0,0,0,0,0,0,2,1,6,6,2,68,10,1240,1,14,NISSAN MICRA,5,E01020319,0,-1
2020010285121,2020,010285121,1,9,0,10,10,5,3,0,0,1,0,0,0,0,1,1,6,6,2,41,7,998,1,19,NISSAN MICRA,6,E01001573,0,-1
202006Q168790,2020,06Q168790,1,9,0,14,14,6,2,0,0,0,0,0,0,0,1,1,6,6,2,62,9,1598,1,12,NISSAN MICRA,8,E01005453,0,-1
2020010238000,2020,010238000,2,9,0,9,9,7,6,0,0,6,0,0,0,0,3,1,6,6,2,45,7,1198,1,3,NISSAN MICRA,1,E01004311,0,-1
2020122000281,2020,122000281,1,9,0,18,19,2,6,0,0,2,0,0,0,0,1,1,6,6,2,35,6,1240,1,13,NISSAN MICRA,6,E01027720,0,-1
2020622001124,2020,622001124,1,9,0,9,9,8,5,0,0,1,0,0,0,0,4,1,6,6,2,28,6,1240,1,15,NISSAN MICRA,9,W01000845,0,-1
2020440122708,2020,440122708,1,9,0,18,19,1,5,0,0,0,0,0,0,0,4,1,6,6,1,23,5,1240,1,14,NISSAN MICRA,5,E01023110,0,-1
2020040980404,2020,040980404,1,9,0,18,19,7,3,0,0,0,0,0,0,0,1,1,6,6,1,27,6,998,1,19,NISSAN MICRA,10,E01025467,0,-1
2020010236724,2020,010236724,3,9,0,3,3,1,5,0,0,8,0,0,0,0,1,1,6,6,2,62,9,1386,1,15,NISSAN MICRA,1,E01001517,0,-1
2020040948854,2020,040948854,1,9,0,5,5,5,5,0,0,4,0,0,0,0,1,1,6,6,1,74,10,1198,1,5,NISSAN MICRA,6,E01025026,0,-1
2020370984406,2020,370984406,2,9,0,18,19,1,6,0,0,4,0,0,0,0,1,1,3,7,2,18,4,1240,1,14,NISSAN MICRA,7,E01030083,0,-1
2020420937058,2020,420937058,1,9,0,17,19,3,7,0,0,0,1,0,1,2,3,1,1,1,1,57,9,1240,1,15,NISSAN MICRA,3,E01015959,0,-1
202031D081620,2020,31D081620,2,9,0,18,19,1,5,0,0,8,0,0,0,0,3,1,6,6,2,79,11,1386,1,12,NISSAN MICRA,9,E01028394,0,-1
2020610030020,2020,610030020,1,9,0,9,9,5,2,0,0,1,5,0,2,2,4,1,1,1,2,28,6,998,1,21,NISSAN MICRA,8,W01001608,0,-1
2020160970595,2020,160970595,1,9,0,3,3,0,0,0,0,1,0,0,0,0,2,1,6,6,2,26,6,1240,1,16,NISSAN MICRA,1,E01033110,0,-1
2020160931953,2020,160931953,1,9,0,4,4,4,8,0,0,0,0,0,0,0,2,1,5,6,1,54,8,1198,1,5,NISSAN MICRA,4,E01026045,0,-1
2020460976233,2020,460976233,2,9,0,4,4,1,5,0,0,0,5,0,0,0,0,1,6,6,2,58,9,898,1,2,NISSAN MICRA,4,E01024387,0,-1
2020010231295,2020,010231295,3,9,0,9,9,3,1,0,0,5,0,-1,0,0,4,1,6,6,1,40,7,1598,1,13,NISSAN MICRA,2,E01002767,0,-1
2020010239773,2020,010239773,4,9,0,2,2,0,0,0,0,0,0,0,0,0,1,1,6,6,3,-1,-1,1240,1,10,NISSAN MICRA,-1,-1,0,-1
2020010277602,2020,010277602,2,9,0,18,19,1,5,0,0,2,0,0,0,0,1,1,6,6,1,22,5,1240,1,15,NISSAN MICRA,5,E01001866,0,-1
2020552001002,2020,552001002,1,9,0,18,19,8,4,0,0,0,0,0,0,0,4,1,6,6,1,72,10,898,1,3,NISSAN MICRA,2,E01015367,0,-1
2020010277281,2020,010277281,1,9,0,99,99,9,9,99,99,0,9,99,9,99,9,9,6,6,2,62,9,1240,1,17,NISSAN MICRA,2,E01003634,0,-1
2020420941984,2020,420941984,1,9,0,4,4,5,2,0,0,1,0,10,0,0,1,1,5,6,1,87,11,998,1,21,NISSAN MICRA,6,E01021761,0,-1
2020450932742,2020,450932742,1,9,0,18,19,6,2,0,0,2,0,0,0,0,1,1,5,6,2,42,7,1240,1,11,NISSAN MICRA,10,E01030616,0,-1
2020010256500,2020,010256500,4,9,0,2,2,0,0,0,0,0,0,0,0,0,0,1,6,6,3,-1,-1,898,1,1,NISSAN MICRA,-1,-1,0,-1
2020320017168,2020,320017168,1,9,0,5,5,1,3,0,0,0,0,0,0,0,1,1,6,6,1,30,6,998,1,18,NISSAN MICRA,6,E01026282,0,-1
2020122000471,2020,122000471,3,9,0,17,19,7,5,0,0,0,0,0,1,0,3,1,6,6,1,67,10,898,1,2,NISSAN MICRA,6,E01027720,0,-1
20201372T1524,2020,1372T1524,1,9,0,18,19,6,2,0,0,8,0,0,0,0,1,1,1,1,1,42,7,1240,1,15,NISSAN MICRA,3,E01011313,0,-1
2020110973116,2020,110973116,2,9,0,18,19,3,7,0,0,8,0,0,0,0,1,1,6,6,2,43,7,1240,1,15,NISSAN MICRA,3,E01020668,0,-1
2020010250570,2020,010250570,2,9,0,9,9,7,5,0,0,3,0,0,0,0,1,1,6,6,2,43,7,1386,1,15,NISSAN MICRA,-1,-1,0,-1
2020230925590,2020,230925590,1,9,0,4,4,1,5,0,0,0,0,0,0,0,2,1,6,6,3,34,6,1240,1,12,NISSAN MICRA,-1,-1,0,-1
2020220977380,2020,220977380,1,9,0,17,19,6,2,0,0,0,2,0,7,11,1,1,5,6,1,18,4,998,1,18,NISSAN MICRA,5,E01028870,0,-1
2020420991569,2020,420991569,1,9,0,18,19,3,7,0,0,8,0,0,0,0,3,2,5,6,2,67,10,1198,1,5,NISSAN MICRA,6,E01015878,0,-1
2020460990337,2020,460990337,2,9,0,4,4,7,3,0,0,0,0,0,0,0,2,1,2,2,2,40,7,1240,1,14,NISSAN MICRA,5,E01024577,0,-1
202017M114320,2020,17M114320,2,9,0,18,19,3,7,0,0,2,0,0,0,0,1,1,1,1,2,32,6,1240,1,11,NISSAN MICRA,1,E01012061,0,-1
2020990963676,2020,990963676,2,9,0,12,12,3,7,0,0,1,0,0,0,0,2,1,5,6,1,42,7,1240,1,10,NISSAN MICRA,4,-1,0,-1
2020420936057,2020,420936057,2,9,5,18,19,1,3,0,0,8,0,0,0,0,1,1,6,6,1,82,11,1198,1,5,NISSAN MICRA,10,E01021450,0,-1
2020470976952,2020,470976952,2,9,0,18,19,3,8,0,0,1,5,0,1,11,3,1,5,6,1,62,9,1240,1,11,NISSAN MICRA,7,E01032717,0,-1
2020460953251,2020,460953251,2,9,0,18,19,7,3,0,0,8,0,0,0,0,1,1,1,1,2,44,7,1240,1,10,NISSAN MICRA,9,E01024104,0,-1
2020010258811,2020,010258811,2,9,0,1,1,9,9,0,0,0,9,0,0,99,2,9,6,6,3,-1,-1,1240,1,16,NISSAN MICRA,-1,-1,0,-1
202006F178608,2020,06F178608,1,9,0,15,15,7,3,0,0,0,0,0,0,0,1,1,6,6,3,-1,-1,998,1,19,NISSAN MICRA,-1,-1,0,-1
2020010281168,2020,010281168,1,9,0,99,99,9,9,99,99,9,9,99,9,99,9,9,6,6,2,32,6,1240,1,14,NISSAN MICRA,2,E01003498,0,-1
2020010259210,2020,010259210,1,9,0,99,99,9,9,99,99,1,9,99,9,99,0,9,6,6,2,22,5,1240,1,17,NISSAN MICRA,5,E01003650,0,-1
2020070035784,2020,070035784,4,9,0,18,19,1,5,0,0,8,0,0,0,0,2,1,6,6,2,36,7,1198,1,8,NISSAN MICRA,2,E01012384,0,-1
2020201000755,2020,201000755,1,9,0,18,19,7,3,0,0,0,0,0,0,0,4,1,2,2,2,36,7,1240,1,12,NISSAN MICRA,10,E01029868,0,-1
2020137AS1423,2020,137AS1423,2,9,0,18,19,6,2,0,0,0,0,0,0,0,2,1,6,6,2,60,9,1198,1,9,NISSAN MICRA,-1,-1,0,-1
2020400964020,2020,400964020,2,9,0,16,19,8,4,0,0,1,0,0,0,0,1,1,6,6,2,59,9,1198,1,4,NISSAN MICRA,5,E01017384,0,-1
2020010274383,2020,010274383,1,9,0,6,6,5,5,0,0,1,0,0,0,0,1,1,6,6,3,-1,-1,1198,1,6,NISSAN MICRA,-1,-1,0,-1
2020340N02252,2020,340N02252,1,9,0,9,9,1,5,0,0,6,0,0,0,0,1,1,6,6,1,-1,-1,1198,1,7,NISSAN MICRA,-1,-1,0,-1
2020470977278,2020,470977278,1,9,0,17,19,5,3,0,0,0,0,0,0,0,0,1,6,6,3,-1,-1,1198,1,9,NISSAN MICRA,-1,-1,0,-1
2020010285801,2020,010285801,2,9,9,18,19,5,1,99,99,9,9,99,9,99,9,9,6,6,1,-1,-1,1275,1,21,NISSAN MICRA,-1,-1,0,-1
2020010240987,2020,010240987,1,9,0,99,99,9,9,99,99,1,9,99,9,99,1,9,6,6,2,45,7,1240,1,17,NISSAN MICRA,6,E01001952,0,-1
2020410948292,2020,410948292,1,9,0,18,19,1,5,0,0,0,0,0,0,0,1,1,1,1,2,-1,-1,1198,1,9,NISSAN MICRA,4,E01021808,0,-1
2020052001674,2020,052001674,2,9,0,10,10,3,1,0,0,1,0,0,0,0,2,1,6,6,1,30,6,998,1,16,NISSAN MICRA,2,E01004906,0,-1
2020040992002,2020,040992002,1,9,0,18,19,7,3,0,0,4,0,0,0,0,1,1,6,6,1,77,11,998,1,17,NISSAN MICRA,3,E01025391,0,-1
2020200990141,2020,200990141,1,9,0,18,19,-1,-1,0,0,0,0,0,0,0,3,1,6,6,2,73,10,1240,1,13,NISSAN MICRA,3,E01009140,0,-1
2020500935663,2020,500935663,2,9,0,18,19,3,8,0,0,0,0,11,0,0,1,1,5,6,2,48,8,998,1,2,NISSAN MICRA,4,E01020328,0,-1
2020470966764,2020,470966764,2,9,0,9,9,1,7,0,0,5,0,0,0,0,1,1,5,6,1,31,6,998,1,18,NISSAN MICRA,1,E01013652,0,-1
2020460929336,2020,460929336,1,9,0,4,4,5,1,0,0,1,1,0,0,0,1,1,6,6,1,-1,-1,1461,2,10,NISSAN MICRA,-1,-1,0,-1