collision_index,collision_year,collision_ref_no,vehicle_reference,vehicle_type,towing_and_articulation,vehicle_manoeuvre_historic,vehicle_manoeuvre,vehicle_direction_from,vehicle_direction_to,vehicle_location_restricted_lane_historic,vehicle_location_restricted_lane,junction_location,skidding_and_overturning,hit_object_in_carriageway,vehicle_leaving_carriageway,hit_object_off_carriageway,first_point_of_impact,vehicle_left_hand_drive,journey_purpose_of_driver_historic,journey_purpose_of_driver,sex_of_driver,age_of_driver,age_band_of_driver,engine_capacity_cc,propulsion_code,age_of_vehicle,generic_make_model,driver_imd_decile,lsoa_of_driver,escooter_flag,driver_distance_banding
2020460940800,2020,460940800,2,9,0,18,19,4,8,0,0,1,0,0,0,0,2,1,6,6,1,34,6,1240,1,15,NISSAN MICRA,7,E01024129,0,-1
2020470923858,2020,470923858,1,9,0,18,19,8,4,0,0,8,0,0,0,0,1,1,6,6,1,18,4,998,1,23,NISSAN MICRA,2,E01031456,0,-1
2020430434293,2020,430434293,2,9,0,18,19,6,2,0,0,0,0,0,0,0,3,1,6,6,1,71,10,898,1,3,NISSAN MICRA,7,E01017571,0,-1
2020010256588,2020,010256588,1,9,0,14,14,7,3,0,0,6,0,0,0,0,4,1,6,6,1,50,8,1240,1,15,NISSAN MICRA,2,E01004400,0,-1
2020610048320,2020,610048320,1,9,0,9,9,4,1,0,0,1,0,0,0,0,1,1,2,2,2,29,6,998,1,18,NISSAN MICRA,2,W01001474,0,-1
202006N275665,2020,06N275665,2,9,0,18,19,5,1,0,0,1,1,10,7,10,4,1,6,6,2,56,9,1198,1,4,NISSAN MICRA,6,E01005037,0,-1
2020460944920,2020,460944920,2,9,0,9,9,5,3,0,0,5,0,0,0,0,3,1,2,2,2,28,6,1386,1,13,NISSAN MICRA,2,E01016040,0,-1
2020200973030,2020,200973030,3,9,0,2,2,0,0,9,9,8,0,0,0,0,2,1,6,6,3,-1,-1,998,1,18,NISSAN MICRA,-1,-1,0,-1
2020010234113,2020,010234113,2,9,0,9,9,8,6,0,0,8,0,0,0,0,4,1,6,6,2,81,11,1275,1,22,NISSAN MICRA,-1,-1,0,-1
2020137AK0767,2020,137AK0767,1,9,0,18,19,4,8,0,0,0,0,0,0,0,1,1,6,6,1,37,7,1598,1,13,NISSAN MICRA,5,E01010656,0,-1
2020010283317,2020,010283317,1,9,0,18,19,8,4,0,0,8,0,0,0,0,3,1,2,2,2,63,9,898,1,2,NISSAN MICRA,8,E01003471,0,-1
202031C099720,2020,31C099720,2,9,0,18,19,8,4,0,0,2,0,0,0,0,3,1,6,6,2,49,8,1198,1,5,NISSAN MICRA,4,E01027960,0,-1
2020450944898,2020,450944898,2,9,0,2,2,1,1,0,0,0,0,0,0,0,2,1,5,6,1,50,8,999,1,1,NISSAN MICRA,6,E01030801,0,-1
2020500923060,2020,500923060,2,9,0,18,19,2,6,0,0,8,0,0,0,0,1,1,2,2,2,37,7,1386,1,13,NISSAN MICRA,4,E01018887,0,-1
2020520100347,2020,520100347,1,9,0,18,19,2,6,0,0,0,0,0,0,0,1,1,6,6,2,19,4,998,1,20,NISSAN MICRA,5,E01029047,0,-1
2020110986522,2020,110986522,2,9,0,18,19,5,1,0,0,0,0,0,1,0,1,1,5,6,2,60,9,1240,1,16,NISSAN MICRA,7,E01020714,0,-1
2020990979142,2020,990979142,2,9,0,7,7,8,3,0,0,8,0,0,0,0,4,1,5,6,2,70,10,1240,1,13,NISSAN MICRA,6,-1,0,-1
2020010247172,2020,010247172,1,9,0,3,3,3,7,0,0,2,0,0,0,0,2,1,6,6,1,33,6,898,1,3,NISSAN MICRA,2,E01000867,0,-1
2020010275272,2020,010275272,2,9,0,5,5,1,5,0,0,6,0,0,0,0,1,1,6,6,2,40,7,1198,1,9,NISSAN MICRA,2,E01004001,0,-1
2020010252745,2020,010252745,2,9,0,99,99,9,9,99,99,0,9,99,9,99,3,9,6,6,3,30,6,1240,1,16,NISSAN MICRA,4,E01033595,0,-1
2020040929649,2020,040929649,1,9,0,7,7,3,1,0,0,6,0,0,0,0,0,1,2,2,1,59,9,1240,1,15,NISSAN MICRA,2,E01012642,0,-1
2020200964316,2020,200964316,1,9,0,16,19,3,6,0,0,0,5,10,2,0,1,1,6,6,1,-1,-1,1240,1,17,NISSAN MICRA,-1,-1,0,-1
2020220950625,2020,220950625,1,9,0,18,19,1,5,0,0,0,1,0,5,6,1,1,5,6,2,54,8,998,1,20,NISSAN MICRA,4,E01009162,0,-1
2020101001938,2020,101001938,2,9,0,9,9,5,3,0,0,4,0,0,0,0,3,1,3,7,2,28,6,1240,1,12,NISSAN MICRA,2,E01008591,0,-1
2020461003060,2020,461003060,1,9,0,16,19,6,8,0,0,2,1,0,0,0,1,1,1,1,1,33,6,998,1,18,NISSAN MICRA,2,E01024664,0,-1
2020420923366,2020,420923366,1,9,0,12,12,1,5,0,0,1,0,0,0,0,2,1,5,6,2,40,7,998,1,18,NISSAN MICRA,5,E01001232,0,-1
2020040956217,2020,040956217,1,9,0,9,9,5,3,0,0,0,0,0,1,0,3,1,5,6,1,19,4,998,1,18,NISSAN MICRA,1,E01012698,0,-1
2020200961556,2020,200961556,1,9,0,18,19,1,5,0,0,0,0,4,0,0,1,1,6,6,2,28,6,1198,1,9,NISSAN MICRA,1,E01008962,0,-1
2020010271417,2020,010271417,1,9,0,9,9,5,2,0,0,2,0,0,0,0,3,1,6,6,2,68,10,1198,1,5,NISSAN MICRA,3,E01001649,0,-1
2020220973733,2020,220973733,2,9,0,4,4,3,8,0,0,1,0,0,0,0,2,1,2,2,2,77,11,1240,1,14,NISSAN MICRA,4,E01028876,0,-1
2020450968786,2020,450968786,2,9,0,18,19,1,5,0,0,1,0,0,0,0,4,1,5,6,2,80,11,998,1,19,NISSAN MICRA,9,E01030813,0,-1
2020010270986,2020,010270986,1,9,0,3,3,5,1,0,0,0,0,0,0,0,1,1,2,2,1,44,7,1240,1,10,NISSAN MICRA,3,E01004422,0,-1
2020010259069,2020,010259069,1,9,0,18,19,7,3,0,0,0,0,7,0,0,1,1,2,2,2,24,5,1198,1,6,NISSAN MICRA,6,E01032567,0,-1
2020450949167,2020,450949167,2,9,0,9,9,1,7,0,0,4,0,0,0,0,4,1,6,6,1,60,9,898,1,3,NISSAN MICRA,10,E01030728,0,-1
2020041024290,2020,041024290,2,9,0,18,19,5,1,0,0,0,0,0,0,0,3,1,1,1,2,54,8,1198,1,6,NISSAN MICRA,6,E01006271,0,-1
2020010229629,2020,010229629,1,9,0,18,19,2,6,0,0,0,0,0,2,5,1,1,6,6,2,78,11,1198,1,8,NISSAN MICRA,4,E01001336,0,-1
202031D066220,2020,31D066220,2,9,0,9,9,5,1,0,0,6,0,0,0,0,3,1,3,7,2,40,7,1461,2,11,NISSAN MICRA,5,E01028126,0,-1
2020220987856,2020,220987856,1,9,0,14,14,7,3,0,0,0,0,0,0,0,4,1,6,6,1,89,11,1240,1,14,NISSAN MICRA,9,E01032451,0,-1
2020320565842,2020,320565842,2,9,0,18,19,1,5,0,0,0,0,0,0,0,1,1,6,6,1,40,7,1240,1,17,NISSAN MICRA,7,E01026267,0,-1
2020052001449,2020,052001449,2,9,0,18,19,2,6,0,0,0,0,0,0,0,1,1,6,6,1,28,6,988,1,32,NISSAN MICRA,1,E01006677,0,-1
2020221005497,2020,221005497,1,9,0,17,19,2,6,0,0,0,0,6,0,0,1,1,5,6,2,88,11,1240,1,16,NISSAN MICRA,5,E01014084,0,-1
2020010229130,2020,010229130,1,9,0,99,99,9,9,99,99,9,9,99,9,99,1,9,6,6,2,39,7,1198,1,9,NISSAN MICRA,4,E01000609,0,-1
2020990983064,2020,990983064,1,9,0,9,9,1,6,0,0,2,0,0,0,0,1,1,5,6,2,85,11,1198,1,5,NISSAN MICRA,10,-1,0,-1
2020500990076,2020,500990076,2,9,0,18,19,5,1,0,0,0,1,0,1,0,4,1,2,2,2,52,8,1240,1,11,NISSAN MICRA,10,E01019909,0,-1
2020460949334,2020,460949334,1,9,0,18,19,3,7,0,0,1,0,0,0,0,1,1,5,6,2,88,11,998,1,18,NISSAN MICRA,6,E01024130,0,-1
2020460960076,2020,460960076,2,9,0,18,19,5,1,0,0,0,1,0,1,0,1,1,2,2,2,20,4,998,1,18,NISSAN MICRA,9,E01030644,0,-1
2020030981392,2020,030981392,2,9,0,10,10,4,3,0,0,1,0,0,7,0,2,1,6,6,2,68,10,1198,1,5,NISSAN MICRA,-1,-1,0,-1
2020200941269,2020,200941269,2,9,0,3,3,2,6,0,0,1,0,0,0,0,2,1,6,6,2,68,10,1240,1,14,NISSAN MICRA,3,E01009629,0,-1
2020460980726,2020,460980726,1,9,0,18,19,4,8,0,0,1,0,0,0,0,3,1,6,6,2,83,11,1240,1,15,NISSAN MICRA,3,E01024481,0,-1
2020622000246,2020,622000246,2,9,0,4,4,2,6,0,0,0,0,0,0,0,2,1,6,6,2,18,4,1240,1,14,NISSAN MICRA,1,W01001886,0,-1
2020040992010,2020,040992010,1,9,0,18,19,1,5,0,0,4,0,0,0,0,3,1,5,6,2,28,6,999,1,3,NISSAN MICRA,10,E01025532,0,-1
2020522100935,2020,522100935,2,9,0,18,19,3,7,0,0,6,0,0,0,0,1,1,6,6,1,43,7,999,1,0,NISSAN MICRA,2,E01014692,0,-1
2020010265556,2020,010265556,1,9,0,99,99,9,9,99,99,9,9,99,9,99,2,9,6,6,2,21,5,1240,1,10,NISSAN MICRA,3,E01000046,0,-1
2020460932626,2020,460932626,2,9,0,18,19,5,1,0,0,0,0,0,0,0,2,1,5,6,2,20,4,1240,1,17,NISSAN MICRA,2,E01024391,0,-1
2020010245109,2020,010245109,2,9,0,3,3,3,7,0,0,0,0,4,0,0,2,1,2,2,2,24,5,1240,1,16,NISSAN MICRA,-1,-1,0,-1
2020360947834,2020,360947834,1,9,0,9,9,3,8,0,0,0,1,0,1,4,1,1,5,6,1,78,11,998,1,22,NISSAN MICRA,3,E01026453,0,-1
202006K270383,2020,06K270383,1,9,0,9,9,2,8,0,0,8,0,0,0,0,1,1,2,2,1,29,6,1240,1,10,NISSAN MICRA,6,E01006234,0,-1
2020010278791,2020,010278791,1,9,0,4,4,6,2,0,0,0,0,0,0,0,2,1,3,7,1,50,8,1198,1,9,NISSAN MICRA,2,E01001550,0,-1
2020010278407,2020,010278407,1,9,0,7,7,1,4,0,0,6,0,0,0,0,1,1,6,6,2,53,8,1198,1,6,NISSAN MICRA,2,E01003576,0,-1
2020010249427,2020,010249427,2,9,0,9,9,3,1,0,0,1,0,0,0,0,4,1,6,6,1,54,8,998,1,19,NISSAN MICRA,8,E01025089,0,-1
202006A373688,2020,06A373688,1,9,0,18,19,5,1,0,0,8,0,0,0,0,3,1,6,6,1,33,6,1240,1,11,NISSAN MICRA,3,E01033652,0,-1
2020010261446,2020,010261446,1,9,0,18,19,2,6,0,0,2,0,0,0,0,3,1,6,6,2,68,10,1348,1,18,NISSAN MICRA,6,E01000871,0,-1
2020410978120,2020,410978120,2,9,0,18,19,3,7,0,0,1,0,0,0,0,1,1,6,6,1,57,9,998,1,19,NISSAN MICRA,4,E01023574,0,-1
2020010283194,2020,010283194,2,9,0,9,9,5,3,0,0,1,0,0,1,0,2,1,6,6,2,37,7,1240,1,13,NISSAN MICRA,3,E01004630,0,-1
2020010272145,2020,010272145,1,9,0,3,3,7,3,0,0,8,0,0,0,0,2,1,3,7,2,47,8,1240,1,13,NISSAN MICRA,3,E01002557,0,-1
2020200946859,2020,200946859,2,9,0,18,19,2,6,0,0,8,0,10,7,0,1,1,6,6,1,51,8,1240,1,15,NISSAN MICRA,1,E01009123,0,-1
2020010284205,2020,010284205,2,9,0,99,99,9,9,99,99,9,9,99,9,99,1,9,6,6,3,-1,-1,1240,1,16,NISSAN MICRA,2,E01003991,0,-1
2020340K00772,2020,340K00772,2,9,0,18,19,7,3,0,0,1,0,0,0,0,4,1,6,6,1,74,10,1240,1,11,NISSAN MICRA,8,E01027096,0,-1
2020460983895,2020,460983895,2,9,0,18,19,7,4,0,0,0,1,0,0,0,3,1,2,2,1,52,8,999,1,0,NISSAN MICRA,4,E01024373,0,-1
2020010245740,2020,010245740,2,9,0,99,99,9,9,99,99,9,9,99,9,99,2,9,6,6,3,-1,-1,1198,1,7,NISSAN MICRA,6,E01001648,0,-1
2020010281527,2020,010281527,1,9,0,9,9,1,7,0,0,6,0,0,0,0,4,1,6,6,2,45,7,1240,1,11,NISSAN MICRA,2,E01003063,0,-1
2020100950853,2020,100950853,1,9,0,9,9,6,1,0,0,2,0,0,0,0,3,1,6,6,1,31,6,1240,1,16,NISSAN MICRA,4,E01008286,0,-1
2020010278095,2020,010278095,1,9,0,18,19,4,8,0,0,6,0,0,0,0,4,1,6,6,1,45,7,1240,1,14,NISSAN MICRA,6,E01017827,0,-1
2020010246341,2020,010246341,1,9,0,99,99,9,9,99,99,9,9,99,9,99,9,9,6,6,1,31,6,1198,1,9,NISSAN MICRA,3,E01002052,0,-1
2020101022485,2020,101022485,1,9,0,14,14,8,4,0,0,0,0,0,0,0,1,1,6,6,2,31,6,1598,1,14,NISSAN MICRA,3,E01032648,0,-1
2020460971703,2020,460971703,1,9,0,4,4,5,8,0,0,2,0,0,0,0,1,1,5,6,3,-1,-1,1386,1,17,NISSAN MICRA,-1,-1,0,-1
2020371013731,2020,371013731,1,9,0,9,9,7,4,0,0,6,0,0,0,0,1,1,1,1,2,28,6,1461,2,12,NISSAN MICRA,3,E01030026,0,-1
2020201007862,2020,201007862,1,9,0,14,14,6,2,0,0,0,0,0,0,0,1,1,6,6,1,20,4,998,1,18,NISSAN MICRA,2,E01009575,0,-1
2020440142236,2020,440142236,2,9,0,7,7,4,6,0,0,8,0,0,0,0,3,1,6,6,2,-1,-1,1240,1,14,NISSAN MICRA,9,E01023227,0,-1
2020160947716,2020,160947716,1,9,0,16,19,1,5,0,0,0,0,0,0,0,4,1,6,6,1,84,11,1198,1,4,NISSAN MICRA,5,E01013244,0,-1
2020137C80314,2020,137C80314,1,9,0,11,11,5,1,0,0,0,0,0,0,0,4,1,6,6,2,62,9,1198,1,6,NISSAN MICRA,4,E01011023,0,-1
2020420963673,2020,420963673,2,9,0,18,19,6,2,0,0,0,0,0,0,0,1,1,2,2,2,24,5,1461,2,10,NISSAN MICRA,8,E01021566,0,-1
2020420961299,2020,420961299,2,9,0,-1,-1,-1,-1,-1,-1,0,-1,-1,-1,0,-1,1,6,6,1,79,11,1198,1,7,NISSAN MICRA,5,E01021866,0,-1
2020360939617,2020,360939617,2,9,0,2,2,0,0,0,0,0,0,0,0,0,1,1,5,6,1,26,6,998,1,19,NISSAN MICRA,6,E01026896,0,-1
2020200971266,2020,200971266,2,9,0,18,19,4,8,0,0,0,0,0,0,0,2,1,6,6,2,-1,-1,999,1,3,NISSAN MICRA,1,E01009631,0,-1
2020522003212,2020,522003212,2,9,0,18,19,5,1,0,0,1,0,0,0,0,1,1,6,6,2,39,7,1240,1,17,NISSAN MICRA,6,E01014865,0,-1
2020220995748,2020,220995748,1,9,0,18,19,5,1,0,0,1,0,0,0,0,1,1,5,6,1,25,5,1348,1,18,NISSAN MICRA,8,E01028997,0,-1
2020010234366,2020,010234366,2,9,0,18,19,7,3,0,0,2,0,0,0,0,1,1,6,6,2,82,11,1348,1,20,NISSAN MICRA,4,E01000625,0,-1
2020522003705,2020,522003705,4,9,0,3,3,6,2,0,0,0,0,0,0,0,2,1,6,6,2,53,8,1598,1,12,NISSAN MICRA,8,E01022413,0,-1
20201375L0697,2020,1375L0697,1,9,0,18,19,5,3,0,0,6,0,0,0,0,3,1,6,6,1,73,10,898,1,3,NISSAN MICRA,8,E01011536,0,-1
2020100987703,2020,100987703,2,9,0,17,19,7,3,0,0,0,0,0,0,0,1,1,2,2,2,29,6,999,1,2,NISSAN MICRA,9,E01008716,0,-1
2020160970117,2020,160970117,1,9,0,15,15,5,1,0,0,8,0,0,7,1,1,1,6,6,2,19,4,1240,1,13,NISSAN MICRA,6,E01012914,0,-1
2020010230270,2020,010230270,1,9,0,18,19,5,1,0,0,1,0,0,0,0,1,1,6,6,2,74,10,1348,1,18,NISSAN MICRA,-1,-1,0,-1
2020460993124,2020,460993124,2,9,0,18,19,7,3,0,0,0,0,0,0,0,2,1,6,6,2,47,8,1240,1,17,NISSAN MICRA,7,E01024709,0,-1
2020320581486,2020,320581486,2,9,0,2,2,0,0,0,0,0,0,0,7,0,4,1,6,6,1,28,6,998,1,18,NISSAN MICRA,4,E01026207,0,-1
2020420986814,2020,420986814,1,9,0,17,19,1,6,0,0,0,0,0,0,0,1,1,5,6,2,62,9,998,1,16,NISSAN MICRA,5,E01021602,0,-1
2020460925400,2020,460925400,3,9,0,3,3,8,4,0,0,0,0,0,0,0,1,1,2,2,2,48,8,1240,1,15,NISSAN MICRA,9,E01032813,0,-1
2020430082373,2020,430082373,1,9,0,18,19,6,2,0,0,4,0,0,0,0,3,1,4,7,2,26,6,1386,1,16,NISSAN MICRA,8,E01016217,0,-1
202006A169036,2020,06A169036,2,9,0,12,12,3,7,0,0,0,1,11,7,1,4,1,6,6,2,52,8,1198,1,3,NISSAN MICRA,3,E01005975,0,-1
2020351001758,2020,351001758,1,9,0,18,19,5,1,0,0,1,0,0,1,0,1,1,5,6,1,21,5,998,1,18,NISSAN MICRA,4,E01026256,0,-1
2020440207463,2020,440207463,1,9,0,18,19,5,1,0,0,8,0,0,0,0,4,1,6,6,1,40,7,1348,1,19,NISSAN MICRA,9,E01022692,0,-1
2020460944433,2020,460944433,1,9,0,18,19,5,1,0,0,2,5,4,0,0,3,1,6,6,1,46,8,1240,1,13,NISSAN MICRA,5,E01024492,0,-1
2020350953757,2020,350953757,1,9,0,18,19,3,1,0,0,3,0,0,0,0,1,1,5,6,2,35,6,1240,1,16,NISSAN MICRA,6,E01018030,0,-1
2020010278005,2020,010278005,1,9,0,99,99,9,9,0,0,8,0,0,0,0,2,1,6,6,1,44,7,1386,1,15,NISSAN MICRA,7,E01003003,0,-1
2020460921852,2020,460921852,2,9,0,17,19,3,7,0,0,0,0,0,1,0,4,1,3,7,2,35,6,1240,1,10,NISSAN MICRA,10,E01024745,0,-1
2020160960194,2020,160960194,1,9,0,18,19,2,6,0,0,0,0,0,0,0,2,1,2,2,1,53,8,998,1,20,NISSAN MICRA,1,E01012892,0,-1
2020220947579,2020,220947579,2,9,0,16,19,8,4,0,0,0,0,0,0,0,1,1,1,1,1,62,9,1240,1,17,NISSAN MICRA,9,E01028932,0,-1
2020010275954,2020,010275954,1,9,0,9,9,8,5,0,0,6,0,0,0,0,1,1,6,6,2,29,6,1386,1,14,NISSAN MICRA,4,E01015475,0,-1
2020320299723,2020,320299723,1,9,0,18,19,5,1,0,0,0,1,0,8,4,1,1,6,6,1,68,10,1240,1,14,NISSAN MICRA,5,E01026255,0,-1
2020549942520,2020,549942520,1,9,0,18,19,1,5,0,0,0,0,11,0,0,1,1,6,6,2,32,6,1198,1,9,NISSAN MICRA,8,E01015322,0,-1
2020030933745,2020,030933745,1,9,0,6,6,1,5,0,0,0,0,0,1,10,4,1,5,6,2,75,10,1198,1,7,NISSAN MICRA,-1,-1,0,-1
2020990995664,2020,990995664,1,9,0,18,19,4,8,0,0,0,0,0,0,0,1,1,3,7,2,28,6,1240,1,15,NISSAN MICRA,-1,-1,0,-1
2020110974365,2020,110974365,1,9,0,14,14,2,6,0,0,0,0,0,0,0,3,1,6,6,1,30,6,998,1,16,NISSAN MICRA,2,E01020795,0,-1
202006N169365,2020,06N169365,1,9,0,18,19,1,5,0,0,0,0,0,0,0,1,1,6,6,1,18,4,1240,1,13,NISSAN MICRA,4,E01005059,0,-1
2020320628592,2020,320628592,2,9,0,2,2,0,0,0,0,2,0,0,0,0,1,1,2,2,2,45,7,1198,1,8,NISSAN MICRA,4,E01026248,0,-1
2020420960419,2020,420960419,1,9,0,18,19,5,7,0,0,0,0,0,0,0,1,1,5,6,2,45,7,1198,1,7,NISSAN MICRA,6,E01003762,0,-1
2020370945123,2020,370945123,2,9,0,18,19,1,5,0,0,1,0,0,0,0,4,1,5,6,1,39,7,998,1,21,NISSAN MICRA,3,E01029968,0,-1
2020140979463,2020,140979463,1,9,0,9,9,2,8,0,0,2,0,0,0,0,1,1,2,2,2,40,7,898,1,3,NISSAN MICRA,1,E01007848,0,-1
2020361015273,2020,361015273,2,9,0,18,19,3,7,0,0,1,0,0,0,0,1,1,3,7,2,52,8,998,1,19,NISSAN MICRA,8,E01026584,0,-1
2020501013643,2020,501013643,3,9,0,11,11,5,3,0,0,2,0,0,0,0,1,1,1,1,1,21,5,1240,1,16,NISSAN MICRA,4,E01020275,0,-1
2020470971377,2020,470971377,2,9,0,17,19,8,4,0,0,0,1,0,0,0,4,1,2,2,1,54,8,999,1,1,NISSAN MICRA,8,E01001030,0,-1
2020201001806,2020,201001806,1,9,0,18,19,1,5,0,0,6,0,0,0,0,4,1,6,6,1,22,5,1240,1,17,NISSAN MICRA,2,E01010344,0,-1
2020470961344,2020,470961344,2,9,0,18,19,7,3,0,0,0,0,0,0,0,2,1,2,2,2,57,9,1198,1,5,NISSAN MICRA,5,E01031426,0,-1
2020010285732,2020,010285732,1,9,0,99,99,9,9,99,99,9,9,99,9,99,2,9,6,6,1,51,8,998,1,18,NISSAN MICRA,3,E01001717,0,-1
2020010256957,2020,010256957,2,9,0,99,99,9,9,99,99,0,9,99,9,99,9,9,6,6,3,21,5,1240,1,12,NISSAN MICRA,3,E01003526,0,-1
2020991009084,2020,991009084,2,9,0,3,3,8,4,0,0,0,0,0,0,0,2,1,5,6,2,29,6,1240,1,16,NISSAN MICRA,1,-1,0,-1
202063D006420,2020,63D006420,1,9,0,18,19,7,3,0,0,0,5,0,2,10,4,1,6,6,2,27,6,1240,1,15,NISSAN MICRA,6,W01000487,0,-1
2020420991982,2020,420991982,1,9,0,18,19,6,2,0,0,0,0,0,0,0,1,1,6,6,1,24,5,1386,1,12,NISSAN MICRA,8,E01021520,0,-1
2020471010046,2020,471010046,1,9,0,17,19,5,2,0,0,0,0,4,0,0,1,1,5,6,1,61,9,1275,1,21,NISSAN MICRA,10,E01031747,0,-1
2020010267822,2020,010267822,1,9,0,9,9,5,2,0,0,1,0,0,0,0,1,1,6,6,2,80,11,1275,1,21,NISSAN MICRA,3,E01001548,0,-1
2020010230181,2020,010230181,1,9,0,9,9,1,7,0,0,1,0,0,0,0,1,1,6,6,1,54,8,1198,1,5,NISSAN MICRA,3,E01003536,0,-1
2020010282940,2020,010282940,1,9,0,11,11,5,1,0,0,1,0,0,0,0,3,1,6,6,2,35,6,1198,1,8,NISSAN MICRA,10,E01016668,0,-1
2020410957103,2020,410957103,5,9,0,18,19,5,1,0,0,1,0,0,0,0,1,1,5,6,2,30,6,1198,1,9,NISSAN MICRA,2,E01023758,0,-1
2020010229864,2020,010229864,1,9,0,18,19,5,1,0,0,1,0,0,0,0,2,1,6,6,1,59,9,1240,1,10,NISSAN MICRA,2,E01003636,0,-1
2020052001931,2020,052001931,1,9,0,18,19,7,3,0,0,1,0,0,0,0,1,1,6,6,2,77,11,1198,1,4,NISSAN MICRA,7,E01007084,0,-1
2020470920183,2020,470920183,2,9,0,9,9,8,7,0,0,4,0,0,0,0,2,1,2,2,2,60,9,998,1,18,NISSAN MICRA,10,E01021227,0,-1
2020350976568,2020,350976568,1,9,0,17,19,7,3,0,0,0,5,0,1,0,4,1,5,6,2,19,4,1240,1,12,NISSAN MICRA,4,E01027061,0,-1
2020500946064,2020,500946064,1,9,0,18,19,1,7,0,0,1,0,0,0,0,1,1,5,6,2,17,4,998,1,20,NISSAN MICRA,5,E01019887,0,-1
2020410920376,2020,410920376,1,9,0,18,19,7,1,0,0,1,1,0,0,0,4,1,1,1,2,76,11,1198,1,6,NISSAN MICRA,6,E01033311,0,-1
2020010246901,2020,010246901,1,9,0,12,12,1,5,0,0,3,0,0,0,0,4,1,3,7,2,41,7,1240,1,12,NISSAN MICRA,4,E01003662,0,-1
202063A081120,2020,63A081120,1,9,0,16,19,2,5,0,0,0,0,0,0,0,1,1,6,6,2,18,4,1240,1,10,NISSAN MICRA,6,W01000648,0,-1
2020990935369,2020,990935369,1,9,0,9,9,7,4,0,0,8,0,0,0,0,1,1,1,1,1,59,9,1240,1,11,NISSAN MICRA,8,-1,0,-1
2020010251316,2020,010251316,2,9,0,5,5,0,5,0,0,2,0,0,7,0,3,1,6,6,1,46,8,1598,1,14,NISSAN MICRA,1,E01003503,0,-1
2020552000973,2020,552000973,1,9,0,9,9,7,5,0,0,5,0,0,0,0,4,1,6,6,1,42,7,1461,2,11,NISSAN MICRA,6,E01029156,0,-1
2020010234472,2020,010234472,1,9,0,18,19,7,3,0,0,1,0,0,0,0,3,1,6,6,2,43,7,1386,1,15,NISSAN MICRA,3,E01002620,0,-1
2020010271002,2020,010271002,2,9,0,9,9,3,1,0,0,8,0,0,0,0,3,2,1,1,1,43,7,1240,1,14,NISSAN MICRA,3,E01001362,0,-1
2020040967116,2020,040967116,2,9,0,18,19,3,7,0,0,0,2,0,7,0,4,1,5,6,2,33,6,1386,1,17,NISSAN MICRA,1,E01025528,0,-1
2020140932062,2020,140932062,2,9,0,18,19,1,5,0,0,0,0,0,0,0,1,1,6,6,2,38,7,1240,1,15,NISSAN MICRA,1,E01007736,0,-1
2020440028041,2020,440028041,2,9,0,18,19,8,4,0,0,1,0,0,0,0,3,1,6,6,2,61,9,998,1,18,NISSAN MICRA,-1,-1,0,-1
2020100923127,2020,100923127,1,9,0,5,5,5,3,0,0,8,0,0,0,0,3,1,5,6,1,63,9,1198,1,4,NISSAN MICRA,-1,-1,0,-1
2020010276479,2020,010276479,2,9,0,18,19,1,5,0,0,0,0,0,0,0,1,1,1,1,1,33,6,998,1,19,NISSAN MICRA,4,E01001686,0,-1
2020230976054,2020,230976054,2,9,0,18,19,6,2,0,0,8,0,0,0,0,1,1,5,6,1,54,8,1198,1,6,NISSAN MICRA,5,E01031102,0,-1
2020440178966,2020,440178966,2,9,0,3,3,6,2,0,0,8,0,0,0,0,2,1,1,1,1,43,7,1240,1,15,NISSAN MICRA,10,E01031718,0,-1
20201373B0691,2020,1373B0691,1,9,0,18,19,2,6,0,0,1,0,0,0,0,3,1,6,6,2,71,10,1198,1,9,NISSAN MICRA,8,E01010572,0,-1
2020211007137,2020,211007137,1,9,0,18,19,2,6,0,0,1,0,0,0,0,1,1,6,6,1,51,8,1198,1,6,NISSAN MICRA,2,E01014345,0,-1
2020450962043,2020,450962043,2,9,0,9,9,5,7,0,0,1,0,0,0,0,1,1,5,6,2,32,6,1240,1,10,NISSAN MICRA,10,E01030997,0,-1
2020140933231,2020,140933231,2,9,0,17,19,7,3,0,0,0,1,0,7,7,4,1,5,6,1,51,8,1240,1,14,NISSAN MICRA,2,E01007323,0,-1
2020052000649,2020,052000649,1,9,0,18,19,7,3,0,0,0,0,0,0,0,1,1,6,6,2,34,6,1198,1,5,NISSAN MICRA,6,E01006724,0,-1
2020990943609,2020,990943609,1,9,0,17,19,7,4,0,0,0,2,0,7,0,4,1,5,6,2,55,8,1240,1,10,NISSAN MICRA,5,-1,0,-1