collision_index,collision_year,collision_ref_no,vehicle_reference,vehicle_type,towing_and_articulation,vehicle_manoeuvre_historic,vehicle_manoeuvre,vehicle_direction_from,vehicle_direction_to,vehicle_location_restricted_lane_historic,vehicle_location_restricted_lane,junction_location,skidding_and_overturning,hit_object_in_carriageway,vehicle_leaving_carriageway,hit_object_off_carriageway,first_point_of_impact,vehicle_left_hand_drive,journey_purpose_of_driver_historic,journey_purpose_of_driver,sex_of_driver,age_of_driver,age_band_of_driver,engine_capacity_cc,propulsion_code,age_of_vehicle,generic_make_model,driver_imd_decile,lsoa_of_driver,escooter_flag,driver_distance_banding
2020052001374,2020,052001374,1,9,0,9,9,5,3,0,0,5,0,0,0,0,1,1,6,6,1,40,7,1198,1,8,NISSAN MICRA,2,E01007130,0,-1
2020450995265,2020,450995265,2,9,0,4,4,1,5,0,0,0,0,0,0,0,2,1,2,2,2,59,9,1386,1,12,NISSAN MICRA,7,E01030576,0,-1
2020010284775,2020,010284775,2,9,0,99,99,9,9,99,99,9,9,99,9,99,0,9,6,6,2,56,9,1240,1,11,NISSAN MICRA,10,E01001129,0,-1
2020320353377,2020,320353377,1,9,0,18,19,7,3,0,0,0,0,4,0,0,1,1,6,6,1,81,11,1198,1,5,NISSAN MICRA,4,E01026183,0,-1
2020010271243,2020,010271243,2,9,0,7,7,5,7,0,0,2,0,0,0,0,3,1,6,6,2,40,7,1198,1,9,NISSAN MICRA,1,E01001876,0,-1
2020010274455,2020,010274455,1,9,0,18,19,5,1,0,0,1,0,0,0,0,1,1,6,6,2,43,7,1198,1,4,NISSAN MICRA,3,E01002215,0,-1
2020010265053,2020,010265053,1,9,0,18,19,7,3,0,0,1,0,0,0,0,1,1,2,2,1,61,9,1275,1,22,NISSAN MICRA,2,E01000184,0,-1
2020070667482,2020,070667482,2,9,0,4,4,7,3,0,0,1,0,0,0,0,2,1,3,7,2,59,9,1198,1,9,NISSAN MICRA,3,E01012391,0,-1
2020220940322,2020,220940322,1,9,0,9,9,6,3,0,0,0,0,0,0,0,1,1,2,2,2,45,7,1198,1,9,NISSAN MICRA,6,E01028863,0,-1
2020440003659,2020,440003659,1,9,0,18,19,4,8,0,0,0,2,0,2,4,4,1,6,6,1,18,4,998,1,21,NISSAN MICRA,9,E01023281,0,-1
202006XF71627,2020,06XF71627,1,9,0,18,19,7,3,0,0,0,0,0,0,0,1,1,6,6,2,38,7,1240,1,14,NISSAN MICRA,2,E01018645,0,-1
2020052000414,2020,052000414,2,9,0,7,7,3,7,0,0,1,0,0,0,0,2,1,6,6,2,74,10,1240,1,15,NISSAN MICRA,2,E01006616,0,-1
2020470990667,2020,470990667,2,9,0,9,9,3,1,0,0,5,0,0,0,0,3,1,5,6,1,28,6,1240,1,13,NISSAN MICRA,3,E01031559,0,-1
202031D002920,2020,31D002920,1,9,0,18,19,1,5,0,0,1,0,0,0,0,1,1,6,6,2,80,11,1240,1,12,NISSAN MICRA,10,E01028364,0,-1
2020100936290,2020,100936290,2,9,0,18,19,1,5,0,0,1,0,0,0,0,4,1,5,6,2,87,11,1198,1,4,NISSAN MICRA,10,E01008317,0,-1
2020361014421,2020,361014421,2,9,0,18,19,5,1,0,0,0,0,0,0,0,2,1,5,6,2,41,7,1240,1,10,NISSAN MICRA,3,E01026621,0,-1
2020400992271,2020,400992271,2,9,-1,-1,-1,4,3,-1,-1,0,-1,-1,-1,0,-1,1,1,1,1,64,9,1198,1,8,NISSAN MICRA,3,E01017515,0,-1
2020052000232,2020,052000232,2,9,0,4,4,1,5,0,0,1,0,0,0,0,2,1,2,2,2,23,5,998,1,18,NISSAN MICRA,9,E01007117,0,-1
2020041008645,2020,041008645,2,9,0,18,19,3,7,0,0,1,0,0,0,0,4,1,5,6,2,50,8,1240,1,14,NISSAN MICRA,2,E01012705,0,-1
2020010239446,2020,010239446,2,9,0,99,99,9,9,99,99,9,9,99,9,99,1,9,6,6,3,-1,-1,998,1,18,NISSAN MICRA,-1,-1,0,-1
2020401000196,2020,401000196,1,9,0,4,4,0,0,0,0,1,0,0,0,0,1,1,5,6,1,19,4,1240,1,16,NISSAN MICRA,4,E01017475,0,-1
2020201021024,2020,201021024,1,9,0,9,9,4,2,0,0,6,0,0,0,0,4,1,6,6,1,31,6,1240,1,15,NISSAN MICRA,-1,-1,0,-1
2020360982750,2020,360982750,1,9,0,16,19,8,4,0,0,1,0,0,7,0,3,1,5,6,1,28,6,1386,1,14,NISSAN MICRA,7,E01026932,0,-1
2020010244672,2020,010244672,1,9,9,18,19,5,1,0,0,9,9,99,0,0,9,9,6,6,1,59,9,1386,1,15,NISSAN MICRA,4,E01001396,0,-1
2020460990457,2020,460990457,2,9,0,13,13,-1,-1,0,0,0,0,0,0,0,4,1,6,6,2,37,7,999,1,1,NISSAN MICRA,4,E01024358,0,-1
2020552100182,2020,552100182,1,9,0,18,19,6,2,9,9,5,0,0,0,0,1,1,6,6,2,85,11,1198,1,8,NISSAN MICRA,6,E01015363,0,-1
2020100952882,2020,100952882,2,9,0,3,3,7,3,0,0,8,0,0,0,0,0,1,2,2,1,27,6,1198,1,6,NISSAN MICRA,3,E01008819,0,-1
2020010278536,2020,010278536,1,9,0,18,19,7,3,0,0,0,0,0,4,6,3,1,2,2,2,55,8,1240,1,12,NISSAN MICRA,6,E01024174,0,-1
20201379I0568,2020,1379I0568,2,9,0,2,2,0,0,0,0,0,0,0,0,0,2,1,6,6,3,-1,-1,1198,1,9,NISSAN MICRA,-1,-1,0,-1
2020420991982,2020,420991982,7,9,0,18,19,3,3,0,0,0,0,0,0,0,4,1,5,6,2,73,10,998,1,19,NISSAN MICRA,9,E01021479,0,-1
2020030945249,2020,030945249,1,9,0,18,19,1,5,0,0,0,0,0,0,0,1,1,1,1,1,58,9,999,1,0,NISSAN MICRA,1,E01019097,0,-1
2020460957979,2020,460957979,2,9,0,12,12,1,5,0,0,0,1,0,8,7,3,1,5,6,2,24,5,1240,1,10,NISSAN MICRA,1,E01016031,0,-1
2020010259115,2020,010259115,3,9,0,2,2,0,0,0,0,2,0,0,0,0,2,1,6,6,3,-1,-1,1240,1,10,NISSAN MICRA,-1,-1,0,-1
2020010261997,2020,010261997,2,9,0,99,99,9,9,99,99,0,9,99,9,99,1,9,6,6,3,-1,-1,1240,1,16,NISSAN MICRA,-1,-1,0,-1
20201377R0511,2020,1377R0511,2,9,0,18,19,3,7,0,0,1,0,0,0,0,1,1,6,6,1,38,7,1240,1,14,NISSAN MICRA,1,E01033693,0,-1
2020990998120,2020,990998120,1,9,0,18,19,3,7,0,0,8,0,0,0,0,4,1,6,6,1,31,6,1240,1,10,NISSAN MICRA,8,-1,0,-1
2020010256649,2020,010256649,2,9,0,2,2,0,0,0,0,2,0,0,0,0,1,1,6,6,3,-1,-1,1386,1,13,NISSAN MICRA,-1,-1,0,-1
2020460984062,2020,460984062,1,9,0,18,19,7,3,0,0,0,0,0,0,0,2,1,6,6,2,26,6,998,1,16,NISSAN MICRA,9,E01030571,0,-1
2020140923808,2020,140923808,1,9,0,16,19,7,2,0,0,0,0,0,0,0,1,1,5,6,2,65,9,898,1,2,NISSAN MICRA,7,E01007778,0,-1
2020010262788,2020,010262788,2,9,0,99,99,9,9,0,0,6,9,0,0,0,1,9,6,6,3,-1,-1,998,1,19,NISSAN MICRA,-1,-1,0,-1
2020040982405,2020,040982405,1,9,0,18,19,5,1,0,0,1,0,0,0,0,1,1,5,6,2,19,4,1240,1,15,NISSAN MICRA,9,E01025596,0,-1
2020360935971,2020,360935971,2,9,0,18,19,3,7,0,0,0,0,0,1,9,1,1,5,6,2,78,11,1598,1,13,NISSAN MICRA,7,E01026539,0,-1
2020010234136,2020,010234136,2,9,0,12,12,8,4,0,0,1,0,0,0,0,2,1,6,6,2,50,8,1240,1,15,NISSAN MICRA,8,E01003807,0,-1
2020010239090,2020,010239090,1,9,0,6,6,1,1,0,0,1,0,0,0,0,3,2,6,6,1,28,6,998,1,17,NISSAN MICRA,2,E01001011,0,-1
2020522004100,2020,522004100,1,9,0,18,19,2,6,0,0,4,1,7,0,0,1,1,6,6,2,47,8,1240,1,15,NISSAN MICRA,4,E01015011,0,-1
2020010261287,2020,010261287,2,9,0,99,99,9,9,99,99,1,9,99,9,99,1,9,6,6,3,-1,-1,1198,1,9,NISSAN MICRA,-1,-1,0,-1
2020500961258,2020,500961258,3,9,0,18,19,1,5,0,0,0,0,0,0,0,2,1,6,6,2,29,6,998,1,19,NISSAN MICRA,7,E01015134,0,-1
2020552000332,2020,552000332,1,9,0,6,6,5,5,0,0,0,0,0,0,0,3,1,6,6,1,54,8,998,1,23,NISSAN MICRA,9,E01022879,0,-1
2020440023773,2020,440023773,1,9,0,18,19,1,5,0,0,0,0,0,0,0,1,1,6,6,1,83,11,1198,1,7,NISSAN MICRA,3,E01022908,0,-1
2020350941346,2020,350941346,2,9,0,18,19,1,3,0,0,8,1,0,1,0,1,1,6,6,2,80,11,1198,1,7,NISSAN MICRA,4,E01018095,0,-1
2020400958186,2020,400958186,1,9,0,3,3,4,8,0,0,0,0,0,0,0,2,1,6,6,2,29,6,898,1,3,NISSAN MICRA,7,E01023963,0,-1
2020070167557,2020,070167557,1,9,0,18,19,4,8,0,0,0,0,0,0,0,1,1,6,6,1,61,9,999,1,0,NISSAN MICRA,4,E01005675,0,-1
202031C086020,2020,31C086020,1,9,0,18,19,4,8,1,1,0,1,10,1,10,1,1,2,2,2,33,6,1240,1,15,NISSAN MICRA,2,E01013845,0,-1
2020440366953,2020,440366953,1,9,0,3,3,8,4,0,0,1,0,0,0,0,2,1,6,6,2,53,8,1386,1,17,NISSAN MICRA,4,E01017289,0,-1
2020010284895,2020,010284895,1,9,0,18,19,5,1,0,0,4,0,0,0,0,1,1,1,1,1,47,8,1240,1,15,NISSAN MICRA,5,E01001344,0,-1
202006A274936,2020,06A274936,1,9,0,9,9,7,4,9,9,2,0,0,1,10,1,1,3,7,1,31,6,1240,1,13,NISSAN MICRA,2,E01005236,0,-1
20201376S1669,2020,1376S1669,1,9,0,18,19,5,1,9,9,8,1,10,1,10,1,1,6,6,1,18,4,1240,1,15,NISSAN MICRA,3,E01011670,0,-1
2020201021696,2020,201021696,1,9,0,9,9,6,4,0,0,5,0,0,0,0,1,1,6,6,2,30,6,1198,1,9,NISSAN MICRA,6,E01010211,0,-1
2020201020884,2020,201020884,1,9,0,14,14,5,1,0,0,0,0,4,0,0,1,1,6,6,2,87,11,1240,1,15,NISSAN MICRA,4,E01009849,0,-1
2020470969449,2020,470969449,1,9,0,18,19,2,6,0,0,1,0,0,7,0,1,1,5,6,2,69,10,1240,1,16,NISSAN MICRA,3,E01031569,0,-1
20201376C1427,2020,1376C1427,2,9,0,17,19,1,3,0,0,8,0,0,0,0,1,1,6,6,1,47,8,1240,1,13,NISSAN MICRA,5,E01010992,0,-1
2020430259467,2020,430259467,1,9,0,12,12,8,4,0,0,1,0,0,0,0,3,1,6,6,2,30,6,1240,1,16,NISSAN MICRA,2,E01001249,0,-1
202006M177746,2020,06M177746,3,9,0,2,2,0,0,0,0,1,0,0,0,0,3,1,6,6,1,55,8,1198,1,5,NISSAN MICRA,1,E01006105,0,-1
2020010257253,2020,010257253,1,9,0,3,3,7,3,0,0,0,0,0,0,0,2,1,6,6,1,19,4,1240,1,13,NISSAN MICRA,2,E01000074,0,-1
2020460985693,2020,460985693,1,9,0,18,19,4,8,0,0,3,5,0,1,0,1,1,5,6,1,29,6,998,1,18,NISSAN MICRA,4,E01024510,0,-1
2020420987646,2020,420987646,1,9,0,4,4,1,5,0,0,0,0,0,0,0,2,1,5,6,1,76,11,1198,1,8,NISSAN MICRA,5,E01004347,0,-1
2020200995221,2020,200995221,2,9,0,2,2,0,0,0,0,0,0,0,0,0,4,1,6,6,2,-1,-1,1461,2,12,NISSAN MICRA,-1,-1,0,-1
2020220932097,2020,220932097,1,9,0,18,19,5,1,0,0,0,2,0,7,0,1,1,2,2,2,36,7,1240,1,14,NISSAN MICRA,-1,-1,0,-1
2020440424915,2020,440424915,1,9,0,17,19,8,4,0,0,0,0,0,0,0,1,1,1,1,1,51,8,1275,1,26,NISSAN MICRA,8,E01023001,0,-1
2020010233307,2020,010233307,1,9,0,18,19,3,7,0,0,8,1,0,0,0,3,1,6,6,1,29,6,998,1,18,NISSAN MICRA,4,E01001241,0,-1
2020547174320,2020,547174320,1,9,0,18,19,5,1,0,0,0,0,0,0,0,1,1,6,6,1,44,7,1240,1,11,NISSAN MICRA,5,E01032089,0,-1
2020302001168,2020,302001168,2,9,0,9,9,4,2,0,0,0,0,0,0,0,4,1,6,6,1,38,7,1240,1,12,NISSAN MICRA,8,E01019874,0,-1
2020545643520,2020,545643520,1,9,0,9,9,4,8,0,0,6,0,0,3,11,3,1,6,6,1,84,11,1198,1,6,NISSAN MICRA,9,E01031930,0,-1
202006K178648,2020,06K178648,2,9,0,10,10,4,2,0,0,6,0,0,0,0,2,1,6,6,2,53,8,1240,1,17,NISSAN MICRA,-1,-1,0,-1
2020010279626,2020,010279626,1,9,0,18,19,5,1,0,0,0,0,4,0,0,1,1,6,6,2,78,11,1386,1,14,NISSAN MICRA,8,E01000200,0,-1
2020220942749,2020,220942749,1,9,0,16,19,4,7,0,0,0,1,0,7,0,1,1,6,6,1,17,4,1275,1,20,NISSAN MICRA,-1,-1,0,-1
2020052002308,2020,052002308,1,9,0,9,9,7,4,0,0,1,0,0,0,0,4,1,6,6,2,36,7,999,1,1,NISSAN MICRA,5,E01033766,0,-1
2020010271882,2020,010271882,1,9,0,9,9,7,4,0,0,8,1,7,0,0,1,1,6,6,2,22,5,1198,1,7,NISSAN MICRA,4,E01002231,0,-1
2020545034120,2020,545034120,1,9,0,18,19,5,1,0,0,0,0,0,0,0,1,1,6,6,2,85,11,1198,1,9,NISSAN MICRA,5,E01032698,0,-1
2020302000164,2020,302000164,1,9,0,7,7,1,2,0,0,0,0,0,0,0,3,1,6,6,2,55,8,898,1,2,NISSAN MICRA,2,E01019463,0,-1
2020100933243,2020,100933243,2,9,0,3,3,8,2,0,0,1,0,0,0,0,2,1,2,2,2,27,6,1461,2,11,NISSAN MICRA,7,E01008424,0,-1
2020010255211,2020,010255211,2,9,0,99,99,9,9,99,99,9,9,99,9,99,1,9,6,6,3,-1,-1,998,1,18,NISSAN MICRA,2,E01003373,0,-1
2020010251014,2020,010251014,2,9,0,99,99,9,9,99,99,1,9,99,9,99,1,9,6,6,3,-1,-1,1240,1,16,NISSAN MICRA,-1,-1,0,-1
2020470939989,2020,470939989,1,9,0,1,1,2,6,0,0,0,0,0,0,0,2,1,5,6,2,82,11,1240,1,11,NISSAN MICRA,3,E01021185,0,-1
2020440179243,2020,440179243,1,9,0,18,19,5,1,0,0,1,0,0,1,1,4,1,6,6,2,75,10,1240,1,16,NISSAN MICRA,2,E01022903,0,-1
2020110939951,2020,110939951,3,9,0,18,19,5,1,0,0,0,0,0,0,0,1,1,6,6,1,42,7,1240,1,13,NISSAN MICRA,-1,-1,0,-1
2020450962435,2020,450962435,1,9,0,18,19,1,5,0,0,0,0,0,0,0,2,1,5,6,2,43,7,998,1,20,NISSAN MICRA,9,E01030875,0,-1
2020220944480,2020,220944480,2,9,0,18,19,8,4,0,0,0,0,0,0,0,2,1,5,6,2,17,4,1240,1,16,NISSAN MICRA,8,E01014167,0,-1
2020410998316,2020,410998316,2,9,0,18,19,6,2,0,0,1,0,0,0,0,1,1,6,6,2,34,6,1598,1,12,NISSAN MICRA,10,E01023587,0,-1
202006L169380,2020,06L169380,1,9,0,5,5,7,3,0,0,8,0,0,0,0,1,1,6,6,2,68,10,1198,1,7,NISSAN MICRA,-1,-1,0,-1
2020540364420,2020,540364420,2,9,0,18,19,4,8,0,0,2,0,0,0,0,2,1,6,6,1,-1,-1,998,1,17,NISSAN MICRA,8,E01032110,0,-1
2020460977407,2020,460977407,2,9,0,18,19,1,5,0,0,0,0,0,0,0,2,1,2,2,2,47,8,1240,1,10,NISSAN MICRA,4,E01024258,0,-1
2020302000888,2020,302000888,2,9,0,18,19,6,2,0,0,0,0,0,0,0,0,1,6,6,1,76,11,1198,1,8,NISSAN MICRA,3,E01019687,0,-1
2020100963666,2020,100963666,1,9,0,18,19,5,1,0,0,1,0,0,0,0,1,1,5,6,1,81,11,1240,1,13,NISSAN MICRA,1,E01008671,0,-1
2020410959870,2020,410959870,1,9,0,9,9,2,8,0,0,1,0,0,0,0,1,1,6,6,1,88,11,1198,1,5,NISSAN MICRA,5,E01023535,0,-1
2020122001076,2020,122001076,2,9,0,18,19,2,6,0,0,1,0,0,0,0,2,1,6,6,1,73,10,1198,1,9,NISSAN MICRA,-1,-1,0,-1
2020100969829,2020,100969829,2,9,0,18,19,1,5,0,0,0,0,0,0,0,2,1,2,2,1,53,8,898,1,2,NISSAN MICRA,5,E01008646,0,-1
2020010285999,2020,010285999,1,9,0,4,4,8,4,0,0,0,0,0,0,0,1,1,6,6,2,27,6,1240,1,14,NISSAN MICRA,1,E01001052,0,-1
2020161008016,2020,161008016,1,9,0,17,19,1,5,0,0,0,2,0,1,9,4,1,5,6,2,21,5,1240,1,15,NISSAN MICRA,1,E01012781,0,-1
2020340N01372,2020,340N01372,2,9,0,10,10,7,5,0,0,1,0,0,0,0,2,1,6,6,2,30,6,1240,1,10,NISSAN MICRA,10,E01027203,0,-1
202006Q168624,2020,06Q168624,1,9,0,17,19,2,7,0,0,0,0,4,0,0,1,1,1,1,1,43,7,1240,1,12,NISSAN MICRA,8,E01005770,0,-1
2020552001176,2020,552001176,1,9,0,18,19,1,5,0,0,0,0,0,7,0,3,1,2,2,2,28,6,999,1,1,NISSAN MICRA,4,E01015390,0,-1
2020161000615,2020,161000615,1,9,0,13,13,5,1,0,0,0,1,0,1,9,1,1,2,2,1,39,7,1240,1,10,NISSAN MICRA,4,E01012776,0,-1
2020010264756,2020,010264756,4,9,0,2,2,0,0,0,0,0,0,0,1,11,2,1,6,6,3,-1,-1,1240,1,14,NISSAN MICRA,-1,-1,0,-1
202006P178296,2020,06P178296,1,9,0,18,19,5,1,0,0,0,0,0,0,0,4,1,1,1,2,40,7,1198,1,5,NISSAN MICRA,4,E01005465,0,-1
2020610011320,2020,610011320,2,9,0,18,19,3,7,0,0,0,0,0,0,0,1,1,2,2,1,45,7,998,1,19,NISSAN MICRA,6,W01001452,0,-1
2020470980583,2020,470980583,2,9,0,18,19,3,7,0,0,0,0,0,0,0,4,1,5,6,2,69,10,998,1,18,NISSAN MICRA,9,E01031769,0,-1
2020200931634,2020,200931634,2,9,0,18,19,6,2,0,0,8,0,0,0,0,3,1,2,2,1,21,5,1240,1,15,NISSAN MICRA,3,E01009219,0,-1
2020200948678,2020,200948678,2,9,0,3,3,1,3,0,0,0,0,0,0,0,2,1,6,6,1,-1,-1,1240,1,14,NISSAN MICRA,-1,-1,0,-1
2020522003489,2020,522003489,1,9,0,18,19,8,4,0,0,2,0,0,0,0,1,1,6,6,1,58,9,1240,1,16,NISSAN MICRA,8,E01014765,0,-1
2020010275779,2020,010275779,1,9,0,18,19,5,1,0,0,8,0,0,0,0,4,1,6,6,2,25,5,1386,1,16,NISSAN MICRA,5,E01001632,0,-1
2020010263763,2020,010263763,1,9,0,7,7,1,3,0,0,6,0,0,0,0,1,1,6,6,2,19,4,998,1,19,NISSAN MICRA,5,E01021498,0,-1
2020010231074,2020,010231074,1,9,0,99,99,9,9,99,99,9,9,99,9,99,2,9,6,6,2,33,6,1198,1,4,NISSAN MICRA,2,E01002227,0,-1
2020522100935,2020,522100935,1,9,0,18,19,5,1,0,0,8,0,0,0,0,1,1,6,6,2,67,10,999,1,1,NISSAN MICRA,9,E01014908,0,-1
2020500956781,2020,500956781,1,9,0,18,19,6,2,0,0,0,1,4,0,0,1,1,5,6,2,82,11,1386,1,12,NISSAN MICRA,2,E01020297,0,-1
2020010243666,2020,010243666,2,9,0,3,3,3,7,0,0,1,0,0,0,0,2,1,6,6,1,49,8,1386,1,12,NISSAN MICRA,3,E01003723,0,-1
2020070739433,2020,070739433,2,9,0,18,19,1,7,0,0,1,0,0,0,0,4,1,6,6,2,57,9,898,1,2,NISSAN MICRA,7,E01019713,0,-1
2020070065989,2020,070065989,2,9,0,3,3,5,1,0,0,1,0,0,0,0,4,1,6,6,2,21,5,1240,1,12,NISSAN MICRA,3,W01000254,0,-1
2020200930915,2020,200930915,2,9,0,18,19,4,8,0,0,8,0,0,0,0,1,1,6,6,2,26,6,1461,2,11,NISSAN MICRA,4,E01009921,0,-1
2020500988915,2020,500988915,2,9,0,3,3,3,7,0,0,0,0,0,0,0,2,1,2,2,2,54,8,1198,1,5,NISSAN MICRA,5,E01020308,0,-1
2020420937585,2020,420937585,1,9,0,9,9,2,4,0,0,8,0,0,0,0,4,1,5,6,2,30,6,1198,1,4,NISSAN MICRA,8,E01022077,0,-1
2020501004991,2020,501004991,1,9,0,18,19,2,8,0,0,0,1,0,1,4,1,1,5,6,2,24,5,1240,1,14,NISSAN MICRA,5,E01020101,0,-1
2020470978510,2020,470978510,1,9,0,1,1,1,5,0,0,0,0,0,0,0,2,1,2,2,2,28,6,998,1,21,NISSAN MICRA,9,E01031742,0,-1
2020470994661,2020,470994661,1,9,0,18,19,2,6,0,0,0,0,0,0,0,1,1,1,1,1,35,6,998,1,19,NISSAN MICRA,8,E01021082,0,-1
2020371010778,2020,371010778,1,9,0,18,19,2,6,0,0,4,0,0,0,0,1,1,1,1,1,52,8,998,1,18,NISSAN MICRA,1,E01026624,0,-1
2020010242992,2020,010242992,1,9,0,99,99,9,9,99,99,9,9,99,9,99,9,9,6,6,2,17,4,1240,1,11,NISSAN MICRA,2,E01001432,0,-1
2020010268688,2020,010268688,1,9,0,7,7,1,2,0,0,1,0,0,0,0,1,1,2,2,1,26,6,1240,1,15,NISSAN MICRA,5,E01021810,0,-1
2020302001365,2020,302001365,2,9,0,10,10,1,7,0,0,8,0,0,0,0,1,2,6,6,2,23,5,1240,1,13,NISSAN MICRA,5,E01027945,0,-1
2020430145654,2020,430145654,2,9,0,9,9,8,6,0,0,0,0,0,0,0,3,1,6,6,1,-1,-1,1240,1,15,NISSAN MICRA,-1,-1,0,-1
2020471001597,2020,471001597,1,9,0,9,9,3,1,0,0,5,0,0,0,0,1,1,5,6,1,87,11,1598,1,15,NISSAN MICRA,10,E01031822,0,-1
2020470988457,2020,470988457,1,9,0,18,19,3,7,0,0,8,0,0,0,0,1,1,2,2,2,58,9,1198,1,6,NISSAN MICRA,7,E01031447,0,-1
2020360959250,2020,360959250,1,9,0,18,19,1,4,0,0,0,1,0,2,4,1,1,5,6,2,52,8,1240,1,10,NISSAN MICRA,7,E01026710,0,-1
2020522004346,2020,522004346,2,9,0,18,19,5,1,0,0,1,0,0,0,0,2,1,6,6,1,22,5,1240,1,14,NISSAN MICRA,7,E01014514,0,-1
2020170S21700,2020,170S21700,2,9,0,18,19,5,1,0,0,0,0,0,0,0,1,1,2,2,1,52,8,1240,1,10,NISSAN MICRA,7,E01011969,0,-1
202006A269517,2020,06A269517,1,9,0,5,5,3,7,0,0,1,0,0,0,0,2,1,6,6,1,41,7,1240,1,13,NISSAN MICRA,1,E01005130,0,-1
2020010258614,2020,010258614,2,9,0,99,99,9,9,99,99,1,9,99,9,99,9,9,6,6,3,-1,-1,998,1,18,NISSAN MICRA,3,E01003708,0,-1
2020010253599,2020,010253599,3,9,0,3,3,1,5,0,0,1,0,0,0,0,3,1,6,6,1,50,8,1240,1,10,NISSAN MICRA,5,E01001293,0,-1
2020010284765,2020,010284765,2,9,0,99,99,9,9,99,99,9,9,99,9,99,1,9,6,6,3,40,7,1198,1,9,NISSAN MICRA,5,E01000274,0,-1
2020010276068,2020,010276068,1,9,0,9,9,6,4,0,0,5,0,0,0,0,1,1,6,6,1,89,11,1240,1,11,NISSAN MICRA,-1,-1,0,-1
2020110942150,2020,110942150,2,9,0,18,19,3,7,0,0,8,0,0,0,0,3,1,5,6,2,24,5,1461,2,2,NISSAN MICRA,5,E01020865,0,-1
2020010285267,2020,010285267,2,9,0,18,19,1,5,0,0,8,0,0,0,0,1,1,6,6,1,79,11,998,1,18,NISSAN MICRA,4,E01016988,0,-1
2020420939871,2020,420939871,2,9,0,17,19,5,1,0,0,0,0,0,0,0,1,1,5,6,2,55,8,1240,1,15,NISSAN MICRA,-1,-1,0,-1
2020010244657,2020,010244657,1,9,0,6,6,7,7,0,0,1,0,0,0,0,1,2,1,1,1,40,7,1240,1,17,NISSAN MICRA,2,E01004295,0,-1
2020201023160,2020,201023160,1,9,0,17,19,8,5,0,0,8,0,0,0,0,1,1,6,6,1,34,6,1240,1,16,NISSAN MICRA,6,E01009261,0,-1
2020052002097,2020,052002097,1,9,0,9,9,1,3,0,0,8,0,0,0,0,4,1,6,6,1,45,7,998,1,20,NISSAN MICRA,5,E01006942,0,-1
2020450938112,2020,450938112,1,9,0,18,19,1,5,0,0,1,0,0,0,0,1,1,5,6,2,79,11,1198,1,8,NISSAN MICRA,10,E01030543,0,-1
2020140990877,2020,140990877,4,9,0,18,19,2,6,0,0,2,1,0,4,6,2,1,1,1,2,24,5,999,1,1,NISSAN MICRA,3,E01007494,0,-1
202063D033220,2020,63D033220,1,9,0,18,19,2,6,0,0,0,2,0,2,10,4,1,2,2,1,18,4,998,1,20,NISSAN MICRA,6,W01000455,0,-1
2020010258865,2020,010258865,2,9,0,1,1,7,3,0,0,1,0,0,0,0,2,1,1,1,1,33,6,1198,1,9,NISSAN MICRA,2,E01000930,0,-1
2020010257308,2020,010257308,1,9,0,9,9,8,7,0,0,6,0,0,0,0,3,1,6,6,1,26,6,1200,1,4,PEUGEOT 208,6,E01002186,0,-1
2020140939289,2020,140939289,1,9,0,18,19,5,1,0,0,0,0,0,0,0,1,1,5,6,2,27,6,1560,2,7,PEUGEOT 208,1,E01007450,0,-1
2020137AG1737,2020,137AG1737,2,9,0,18,19,3,7,0,0,7,0,0,0,0,2,1,6,6,2,28,6,1560,2,8,PEUGEOT 208,2,E01010740,0,-1
2020340S03902,2020,340S03902,1,9,0,18,19,5,1,0,0,0,5,4,0,0,1,1,6,6,1,40,7,1200,1,2,PEUGEOT 208,5,E01027269,0,-1
2020990922294,2020,990922294,1,9,0,4,4,6,3,0,0,1,0,0,0,0,1,1,2,2,2,40,7,1200,1,7,PEUGEOT 208,2,-1,0,-1
2020210983503,2020,210983503,2,9,0,7,7,7,3,0,0,1,0,0,0,0,3,1,6,6,1,30,6,1398,2,7,PEUGEOT 208,5,E01029503,0,-1
2020137A61353,2020,137A61353,1,9,0,18,19,7,1,0,0,0,0,0,0,0,1,1,6,6,1,35,6,1200,1,4,PEUGEOT 208,-1,-1,0,-1
2020010281072,2020,010281072,2,9,0,99,99,9,9,99,99,9,9,99,9,99,2,9,6,6,3,-1,-1,1199,1,1,PEUGEOT 208,-1,-1,0,-1
2020010273051,2020,010273051,3,9,0,2,2,0,0,0,0,1,0,0,0,0,1,1,6,6,3,-1,-1,1398,2,7,PEUGEOT 208,-1,-1,0,-1
2020052001546,2020,052001546,3,9,0,18,19,5,1,0,0,0,0,0,0,0,1,1,6,6,1,24,5,1200,1,5,PEUGEOT 208,8,E01007308,0,-1