collision_index,collision_year,collision_ref_no,vehicle_reference,vehicle_type,towing_and_articulation,vehicle_manoeuvre_historic,vehicle_manoeuvre,vehicle_direction_from,vehicle_direction_to,vehicle_location_restricted_lane_historic,vehicle_location_restricted_lane,junction_location,skidding_and_overturning,hit_object_in_carriageway,vehicle_leaving_carriageway,hit_object_off_carriageway,first_point_of_impact,vehicle_left_hand_drive,journey_purpose_of_driver_historic,journey_purpose_of_driver,sex_of_driver,age_of_driver,age_band_of_driver,engine_capacity_cc,propulsion_code,age_of_vehicle,generic_make_model,driver_imd_decile,lsoa_of_driver,escooter_flag,driver_distance_banding
202063B061020,2020,63B061020,2,9,0,16,19,6,1,0,0,0,0,0,0,0,3,1,1,1,1,61,9,1498,2,1,PEUGEOT 208,9,W01000549,0,-1
2020990945377,2020,990945377,1,9,0,9,9,3,1,0,0,5,0,0,0,0,3,1,5,6,2,28,6,1398,2,5,PEUGEOT 208,8,-1,0,-1
2020460922839,2020,460922839,1,9,0,18,19,1,5,0,0,1,0,0,0,0,1,1,5,6,2,30,6,1200,1,4,PEUGEOT 208,3,E01016084,0,-1
2020122100317,2020,122100317,1,9,0,18,19,5,1,0,0,0,1,0,1,9,1,1,6,6,2,60,9,1200,1,4,PEUGEOT 208,-1,-1,0,-1
2020990979451,2020,990979451,2,9,0,4,4,1,5,0,0,0,0,0,0,0,2,1,5,6,2,53,8,1200,1,5,PEUGEOT 208,9,-1,0,-1
2020230925590,2020,230925590,2,9,0,18,19,1,5,0,0,0,0,0,0,0,1,1,5,6,2,23,5,1200,1,2,PEUGEOT 208,10,E01032230,0,-1
2020200996491,2020,200996491,1,9,0,18,19,4,8,0,0,0,0,0,0,0,1,1,6,6,1,30,6,1560,2,4,PEUGEOT 208,1,E01033621,0,-1
2020230934156,2020,230934156,1,9,0,18,19,5,1,0,0,1,0,0,0,0,1,1,5,6,1,48,8,1398,2,6,PEUGEOT 208,10,E01031122,0,-1
2020340K00722,2020,340K00722,1,9,0,18,19,1,5,0,0,0,0,0,0,0,1,1,6,6,1,55,8,1560,2,6,PEUGEOT 208,1,E01027131,0,-1
2020420985894,2020,420985894,2,9,0,18,19,4,8,0,0,4,0,0,0,0,3,1,6,6,2,41,7,1200,1,6,PEUGEOT 208,7,E01021722,0,-1
2020460979484,2020,460979484,1,9,0,18,19,7,3,0,0,0,0,0,0,0,4,1,6,6,1,43,7,1200,1,8,PEUGEOT 208,8,E01024221,0,-1
2020140989734,2020,140989734,2,9,0,18,19,7,3,0,0,2,1,0,1,0,2,1,1,1,1,51,8,1200,1,3,PEUGEOT 208,7,E01007973,0,-1
2020440003356,2020,440003356,3,9,0,18,19,4,8,0,0,0,0,0,0,0,3,1,6,6,2,60,9,1200,1,6,PEUGEOT 208,10,E01023222,0,-1
2020210942857,2020,210942857,1,9,0,9,9,6,4,0,0,1,0,0,0,0,3,1,6,6,1,80,11,1200,1,3,PEUGEOT 208,1,E01014261,0,-1
2020340K00922,2020,340K00922,2,9,0,7,7,8,4,0,0,8,1,0,0,0,3,1,6,6,1,17,4,1200,1,5,PEUGEOT 208,9,E01027125,0,-1
2020140970048,2020,140970048,1,9,0,7,7,3,5,0,0,2,0,0,0,0,2,1,5,6,2,43,7,1200,1,3,PEUGEOT 208,8,E01032924,0,-1
2020220987014,2020,220987014,1,9,0,16,19,6,8,0,0,5,0,0,7,11,1,1,5,6,2,19,4,1199,1,1,PEUGEOT 208,9,E01021788,0,-1
2020137AB1142,2020,137AB1142,2,9,0,18,19,3,7,0,0,8,0,0,0,0,3,1,6,6,2,22,5,1200,1,3,PEUGEOT 208,1,E01010944,0,-1
202031C181020,2020,31C181020,1,9,0,18,19,3,7,0,0,6,0,0,0,0,1,1,6,6,1,26,6,1200,1,8,PEUGEOT 208,1,E01007568,0,-1
2020161002111,2020,161002111,2,9,0,18,19,2,6,0,0,8,0,0,0,0,4,1,6,6,2,32,6,1200,1,6,PEUGEOT 208,7,E01013008,0,-1
202006A371415,2020,06A371415,1,9,0,18,19,8,4,0,0,8,1,0,0,0,1,1,6,6,2,73,10,1200,1,0,PEUGEOT 208,4,E01005327,0,-1
2020010276900,2020,010276900,2,9,0,9,9,7,5,0,0,6,0,0,0,0,3,1,6,6,2,43,7,1200,1,2,PEUGEOT 208,9,E01030306,0,-1
2020052001086,2020,052001086,2,9,0,3,3,1,5,0,0,1,0,0,0,0,2,1,2,2,2,20,4,1000,1,5,PEUGEOT 208,6,E01007213,0,-1
2020160994607,2020,160994607,3,9,0,4,4,8,4,0,0,0,0,0,0,0,2,1,6,6,2,22,5,1000,1,6,PEUGEOT 208,1,E01012789,0,-1
2020990926766,2020,990926766,1,9,0,18,19,1,5,0,0,0,1,0,0,0,3,1,6,6,1,43,7,1398,2,7,PEUGEOT 208,5,-1,0,-1
2020052002267,2020,052002267,1,9,0,18,19,7,3,0,0,2,0,0,0,0,1,1,1,1,1,45,7,1200,1,7,PEUGEOT 208,2,E01006718,0,-1
202031C008820,2020,31C008820,2,9,0,4,4,1,5,0,0,0,0,0,0,0,2,1,6,6,2,47,8,1200,1,5,PEUGEOT 208,1,E01013880,0,-1
2020200937234,2020,200937234,1,9,0,18,19,2,6,0,0,0,0,0,0,0,1,1,6,6,2,53,8,1398,2,6,PEUGEOT 208,-1,-1,0,-1
202054B466320,2020,54B466320,1,9,0,18,19,5,1,0,0,0,0,0,0,0,1,1,6,6,2,36,7,1200,1,4,PEUGEOT 208,6,E01032117,0,-1
2020991008391,2020,991008391,1,9,0,18,19,5,2,0,0,0,0,0,0,0,4,1,6,6,2,78,11,1200,1,0,PEUGEOT 208,8,-1,0,-1
2020201022700,2020,201022700,2,9,0,3,3,5,1,0,0,0,0,0,0,0,2,1,6,6,2,52,8,1200,1,3,PEUGEOT 208,5,E01032264,0,-1
2020531003817,2020,531003817,2,9,0,18,19,3,7,0,0,8,0,0,0,0,1,1,6,6,1,63,9,1200,1,1,PEUGEOT 208,9,E01014559,0,-1
2020421009874,2020,421009874,2,9,0,18,19,2,4,0,0,2,0,0,0,0,4,1,6,6,2,34,6,1199,1,1,PEUGEOT 208,-1,-1,0,-1
2020430079572,2020,430079572,2,9,0,18,19,1,6,0,0,5,0,0,0,0,2,1,6,6,1,48,8,1560,2,7,PEUGEOT 208,9,E01009902,0,-1
2020010229760,2020,010229760,1,9,0,9,9,3,8,0,0,1,0,0,0,0,1,1,6,6,1,47,8,1200,1,3,PEUGEOT 208,2,E01000482,0,-1
2020200995521,2020,200995521,1,9,0,5,5,2,6,0,0,6,0,0,0,0,1,1,6,6,2,-1,-1,1398,2,6,PEUGEOT 208,-1,-1,0,-1
2020990973932,2020,990973932,1,9,0,9,9,2,6,0,0,8,0,0,0,0,3,1,5,6,1,43,7,-1,3,0,PEUGEOT 208,7,-1,0,-1
2020622000408,2020,622000408,1,9,0,9,9,2,7,0,0,6,0,0,0,0,4,1,6,6,1,39,7,1000,1,7,PEUGEOT 208,2,W01001253,0,-1
2020010284109,2020,010284109,1,9,0,99,99,9,9,99,99,9,9,99,9,99,2,9,2,2,2,32,6,1200,1,3,PEUGEOT 208,4,E01016013,0,-1
2020201020408,2020,201020408,1,9,0,14,14,6,3,0,0,0,0,0,0,0,0,1,6,6,2,47,8,1560,2,5,PEUGEOT 208,2,E01009935,0,-1
2020531003104,2020,531003104,2,9,0,18,19,1,1,0,0,8,0,0,0,0,2,1,2,2,1,23,5,1598,1,6,PEUGEOT 208,4,E01022310,0,-1
2020320510535,2020,320510535,4,9,0,18,19,6,2,0,0,0,0,0,0,0,0,1,6,6,2,56,9,1200,1,1,PEUGEOT 208,3,E01026110,0,-1
2020471006750,2020,471006750,2,9,0,3,3,1,5,0,0,1,0,0,0,0,2,1,6,6,2,75,10,1200,1,7,PEUGEOT 208,10,E01031820,0,-1
2020201018611,2020,201018611,1,9,0,3,3,7,3,0,0,0,0,0,0,0,2,1,6,6,2,47,8,1199,1,2,PEUGEOT 208,3,E01009757,0,-1
202031D120420,2020,31D120420,2,9,0,18,19,6,2,0,0,8,0,0,0,0,1,1,6,6,1,78,11,1200,1,8,PEUGEOT 208,9,E01028180,0,-1
2020010264052,2020,010264052,1,9,0,99,99,9,9,99,99,0,9,99,9,99,2,9,6,6,2,27,6,1200,1,7,PEUGEOT 208,5,E01004475,0,-1
2020460988155,2020,460988155,2,9,0,4,4,3,7,0,0,1,0,0,0,0,2,1,6,6,2,52,8,1200,1,0,PEUGEOT 208,8,E01032818,0,-1
2020160936569,2020,160936569,1,9,0,5,5,7,3,0,0,6,0,0,0,0,1,1,6,6,1,-1,-1,1560,2,2,PEUGEOT 208,3,E01013004,0,-1
2020610011620,2020,610011620,1,9,0,18,19,2,6,0,0,0,0,0,0,0,4,1,1,1,1,31,6,1598,1,4,PEUGEOT 208,3,W01001460,0,-1
202006P377326,2020,06P377326,1,9,0,18,19,3,7,0,0,8,0,0,1,0,1,1,6,6,1,18,4,1200,1,0,PEUGEOT 208,2,E01012621,0,-1
2020010239593,2020,010239593,2,9,0,18,19,1,5,99,99,9,9,0,0,0,1,1,6,6,3,23,5,1000,1,6,PEUGEOT 208,6,E01002680,0,-1
2020302000709,2020,302000709,3,9,0,18,19,7,3,0,0,0,0,0,0,0,1,1,6,6,2,56,9,1200,1,5,PEUGEOT 208,7,E01019652,0,-1
2020410960918,2020,410960918,3,9,0,2,2,0,0,0,0,0,0,0,0,0,2,1,6,6,2,-1,-1,1200,1,4,PEUGEOT 208,6,E01000193,0,-1
2020010265218,2020,010265218,1,9,0,9,9,1,7,0,0,1,0,0,0,0,1,1,6,6,1,25,5,1200,1,5,PEUGEOT 208,9,E01002509,0,-1
2020500995356,2020,500995356,2,9,0,4,4,1,5,0,0,1,0,0,0,0,1,1,5,6,2,31,6,1200,1,0,PEUGEOT 208,-1,-1,0,-1
202031D036620,2020,31D036620,1,9,0,18,19,5,1,0,0,1,0,0,0,0,1,1,6,6,2,77,11,1560,2,7,PEUGEOT 208,9,E01028394,0,-1
2020500928157,2020,500928157,1,9,0,18,19,7,3,0,0,0,1,0,4,0,1,1,5,6,2,29,6,1560,2,4,PEUGEOT 208,4,E01020055,0,-1
2020302001399,2020,302001399,1,9,0,18,19,8,4,0,0,0,0,0,0,0,1,1,6,6,2,60,9,1000,1,5,PEUGEOT 208,6,E01013476,0,-1
2020400922160,2020,400922160,1,9,0,10,10,2,6,0,0,0,0,0,0,0,3,1,1,1,2,60,9,1000,1,5,PEUGEOT 208,9,E01017551,0,-1
2020440410513,2020,440410513,1,9,0,18,19,1,5,0,0,8,0,0,0,0,3,1,6,6,1,74,10,1200,1,3,PEUGEOT 208,10,E01023187,0,-1
2020440438260,2020,440438260,2,9,0,18,19,6,2,0,0,8,0,0,0,0,1,1,6,6,2,41,7,1200,1,0,PEUGEOT 208,6,E01032844,0,-1
2020410979686,2020,410979686,1,9,0,9,9,2,8,0,0,6,0,12,0,0,1,1,5,6,1,20,4,1200,1,7,PEUGEOT 208,5,E01023727,0,-1
2020460920343,2020,460920343,2,9,0,3,3,5,1,0,0,0,0,0,0,0,2,1,6,6,2,27,6,1000,1,7,PEUGEOT 208,9,E01024112,0,-1
20201376Q2177,2020,1376Q2177,2,9,0,2,2,0,0,0,0,0,0,0,0,0,2,1,6,6,3,-1,-1,1200,1,5,PEUGEOT 208,-1,-1,0,-1
2020360974185,2020,360974185,1,9,0,18,19,5,1,0,0,0,0,0,0,0,1,1,6,6,1,62,9,1200,1,7,PEUGEOT 208,6,E01026547,0,-1
2020360953991,2020,360953991,1,9,0,13,13,7,5,0,0,1,0,0,7,9,1,1,5,6,1,48,8,1398,2,8,PEUGEOT 208,6,E01018076,0,-1
202006A176804,2020,06A176804,2,9,0,5,5,1,5,0,0,8,0,0,0,0,3,1,6,6,1,42,7,1200,1,5,PEUGEOT 208,-1,-1,0,-1
2020220995214,2020,220995214,2,9,0,4,4,1,5,0,0,1,0,0,0,0,2,1,2,2,2,21,5,1200,1,6,PEUGEOT 208,7,E01032366,0,-1
2020990970600,2020,990970600,2,9,0,18,19,5,1,0,0,1,0,0,0,0,2,1,2,2,2,52,8,1200,1,6,PEUGEOT 208,7,-1,0,-1
2020201027701,2020,201027701,1,9,0,5,5,4,2,0,0,6,0,0,0,0,1,1,2,2,1,53,8,1200,1,1,PEUGEOT 208,3,E01010262,0,-1
2020500922348,2020,500922348,2,9,0,18,19,2,7,0,0,1,0,0,0,0,1,1,2,2,1,20,4,1200,1,1,PEUGEOT 208,5,E01019050,0,-1
2020010266652,2020,010266652,1,9,0,12,12,7,3,0,0,2,0,0,0,0,1,2,2,2,2,25,5,1000,1,4,PEUGEOT 208,5,E01002584,0,-1
2020200940731,2020,200940731,2,9,0,3,3,3,8,0,0,1,0,0,0,0,2,1,6,6,1,29,6,1200,1,4,PEUGEOT 208,2,E01010101,0,-1
2020200932159,2020,200932159,1,9,0,18,19,6,2,0,0,8,1,0,0,0,1,1,6,6,1,26,6,1598,1,6,PEUGEOT 208,2,E01009609,0,-1
2020200953966,2020,200953966,2,9,0,18,19,8,4,0,0,8,0,0,0,0,1,1,6,6,1,23,5,1200,1,4,PEUGEOT 208,10,E01010296,0,-1
2020471003495,2020,471003495,1,9,0,18,19,1,5,0,0,1,0,0,0,0,1,1,5,6,2,54,8,1200,1,1,PEUGEOT 208,10,E01031485,0,-1
2020350924181,2020,350924181,2,9,0,18,19,7,3,0,0,0,0,4,0,0,4,1,3,7,2,44,7,1200,1,4,PEUGEOT 208,2,E01033182,0,-1
2020522100741,2020,522100741,2,9,0,4,4,3,7,0,0,0,0,0,0,0,2,1,6,6,1,76,11,1560,2,7,PEUGEOT 208,4,E01014786,0,-1
2020052000117,2020,052000117,2,9,0,3,3,7,3,0,0,1,0,0,0,0,2,1,2,2,2,27,6,1398,2,6,PEUGEOT 208,2,E01007210,0,-1
2020052002625,2020,052002625,1,9,0,18,19,1,5,0,0,0,0,0,0,0,1,1,6,6,1,84,11,1199,1,1,PEUGEOT 208,10,E01007149,0,-1
202063A059620,2020,63A059620,1,9,0,7,7,8,2,0,0,6,0,0,1,10,1,1,6,6,2,21,5,1199,1,2,PEUGEOT 208,10,W01001819,0,-1
2020420965954,2020,420965954,1,9,0,18,19,5,1,0,0,0,1,0,0,0,1,1,6,6,1,22,5,1200,1,4,PEUGEOT 208,9,E01021828,0,-1
2020552000785,2020,552000785,2,9,0,18,19,7,3,0,0,8,0,0,0,0,3,1,6,6,2,41,7,1200,1,7,PEUGEOT 208,4,E01015339,0,-1
2020990978730,2020,990978730,3,9,0,18,19,2,6,0,0,0,1,0,0,0,1,1,5,6,1,51,8,1560,2,4,PEUGEOT 208,3,-1,0,-1
2020210962621,2020,210962621,1,9,-1,-1,-1,-1,-1,-1,-1,-1,-1,-1,-1,0,-1,1,6,6,1,26,6,1000,1,8,PEUGEOT 208,2,E01029351,0,-1
2020460976194,2020,460976194,2,9,0,18,19,7,3,0,0,1,0,0,0,0,1,1,6,6,1,74,10,1200,1,3,PEUGEOT 208,9,E01016172,0,-1
2020010233017,2020,010233017,1,9,0,18,19,3,7,0,0,0,1,0,0,0,1,1,6,6,2,36,7,1200,1,4,PEUGEOT 208,8,E01030384,0,-1
2020070137799,2020,070137799,1,9,0,18,19,2,6,0,0,0,5,4,8,11,3,1,6,6,2,30,6,1200,1,1,PEUGEOT 208,3,E01018746,0,-1
2020030955020,2020,030955020,2,9,0,18,19,5,1,0,0,0,0,0,0,0,0,1,6,6,2,45,7,1560,2,5,PEUGEOT 208,-1,-1,0,-1
2020040984197,2020,040984197,3,9,0,18,19,7,3,0,0,0,0,0,0,0,2,1,6,6,2,44,7,1200,1,6,PEUGEOT 208,6,E01025168,0,-1
2020100925384,2020,100925384,1,9,0,18,19,3,7,0,0,0,0,0,0,0,1,1,5,6,1,54,8,1200,1,4,PEUGEOT 208,4,E01027531,0,-1
2020350980435,2020,350980435,2,9,0,18,19,7,3,0,0,1,0,0,0,0,2,1,5,6,1,69,10,1200,1,0,PEUGEOT 208,10,E01016635,0,-1
2020520100888,2020,520100888,1,9,0,9,9,1,7,0,0,4,0,0,0,0,1,1,6,6,2,65,9,1200,1,4,PEUGEOT 208,3,E01032635,0,-1
2020440356969,2020,440356969,2,9,0,18,19,6,2,0,0,0,0,0,0,0,4,1,1,1,1,55,8,1200,1,7,PEUGEOT 208,1,E01017039,0,-1
2020430400898,2020,430400898,2,9,0,18,19,3,7,0,0,8,0,0,0,0,1,1,6,6,2,-1,-1,1397,1,8,PEUGEOT 208,-1,-1,0,-1
202031D084320,2020,31D084320,3,9,0,3,3,4,8,0,0,0,0,0,0,0,2,1,6,6,1,30,6,1200,1,3,PEUGEOT 208,5,E01013935,0,-1
2020470994821,2020,470994821,2,9,0,18,19,4,8,0,0,0,0,0,0,0,1,1,5,6,2,57,9,1200,1,7,PEUGEOT 208,10,E01031383,0,-1
2020990916046,2020,990916046,1,9,0,18,19,8,4,0,0,0,0,0,0,0,1,1,5,6,1,42,7,1398,2,7,PEUGEOT 208,1,-1,0,-1
2020450970100,2020,450970100,2,9,0,9,9,5,1,0,0,6,0,0,0,0,3,1,5,6,1,78,11,1200,1,6,PEUGEOT 208,7,E01023203,0,-1
2020010247399,2020,010247399,5,9,0,2,2,0,0,0,0,0,0,0,0,0,2,1,6,6,3,-1,-1,1199,1,1,PEUGEOT 208,-1,-1,0,-1
2020320364957,2020,320364957,1,9,0,18,19,3,7,0,0,8,0,0,7,1,3,1,6,6,2,70,10,1000,1,4,PEUGEOT 208,5,E01026210,0,-1
202006K167766,2020,06K167766,2,9,0,18,19,3,7,0,0,2,0,0,0,0,1,1,6,6,2,30,6,1000,1,8,PEUGEOT 208,-1,-1,0,-1
2020421004474,2020,421004474,1,9,0,18,19,5,1,0,0,0,0,0,0,0,1,1,6,6,1,27,6,1199,1,1,PEUGEOT 208,7,E01000437,0,-1
2020010257046,2020,010257046,2,9,0,99,99,9,9,99,99,0,9,99,9,99,1,1,6,6,3,-1,-1,1000,1,4,PEUGEOT 208,-1,-1,0,-1
2020410971437,2020,410971437,1,9,0,18,19,1,5,0,0,0,0,0,0,0,1,1,5,6,2,19,4,1398,2,6,PEUGEOT 208,8,E01023890,0,-1
2020320042186,2020,320042186,1,9,0,18,19,3,7,0,0,8,1,0,1,3,1,1,6,6,2,24,5,1398,2,7,PEUGEOT 208,7,E01026014,0,-1
2020420922303,2020,420922303,2,9,0,18,19,3,7,0,0,1,0,0,0,0,4,1,6,6,2,21,5,1199,1,1,PEUGEOT 208,6,E01021796,0,-1
2020070119200,2020,070119200,2,9,0,18,19,1,7,0,0,1,0,0,0,0,1,1,6,6,2,72,10,1200,1,5,PEUGEOT 208,10,E01018671,0,-1
2020470926894,2020,470926894,3,9,0,10,10,6,2,0,0,1,0,0,0,0,2,1,2,2,2,26,6,1199,1,4,PEUGEOT 208,7,E01020962,0,-1
2020370942432,2020,370942432,1,9,0,18,19,1,5,0,0,0,0,0,0,0,1,1,2,2,2,38,7,1199,1,2,PEUGEOT 208,7,E01030083,0,-1
20201371K0212,2020,1371K0212,2,9,0,9,9,1,5,0,0,6,0,0,0,0,3,1,2,2,2,35,6,1200,1,4,PEUGEOT 208,6,E01010948,0,-1
2020451002655,2020,451002655,1,9,0,18,19,5,1,0,0,0,0,0,0,0,1,1,1,1,2,24,5,1398,2,5,PEUGEOT 208,9,E01030317,0,-1
2020040984604,2020,040984604,2,9,0,4,4,4,8,0,0,1,0,0,0,0,2,1,5,6,2,68,10,1200,1,3,PEUGEOT 208,4,E01025309,0,-1
2020210960610,2020,210960610,1,9,0,18,19,1,5,0,0,0,0,0,0,0,1,1,5,6,1,29,6,1200,1,7,PEUGEOT 208,3,E01010290,0,-1
2020200949381,2020,200949381,2,9,0,4,4,6,2,0,0,0,0,0,0,0,2,1,6,6,2,19,4,1000,1,7,PEUGEOT 208,4,E01009030,0,-1
2020010274388,2020,010274388,1,9,0,99,99,9,9,99,99,9,9,99,9,99,1,9,6,6,3,21,5,1398,2,6,PEUGEOT 208,6,E01000318,0,-1
2020040990886,2020,040990886,1,9,0,9,9,1,5,0,0,1,0,0,0,0,1,1,2,2,2,48,8,1200,1,6,PEUGEOT 208,7,E01004786,0,-1
2020160977809,2020,160977809,2,9,0,18,19,5,1,0,0,8,0,0,0,0,1,1,6,6,2,27,6,1000,1,7,PEUGEOT 208,1,E01013141,0,-1
2020010267767,2020,010267767,2,9,0,99,99,9,9,99,99,9,9,99,9,99,1,9,6,6,3,-1,-1,1200,1,3,PEUGEOT 208,7,E01023856,0,-1
2020501014833,2020,501014833,2,9,0,17,19,5,1,0,0,0,0,0,0,0,1,1,5,6,2,45,7,1200,1,3,PEUGEOT 208,5,E01018853,0,-1
2020137AR1048,2020,137AR1048,2,9,0,18,19,1,5,0,0,0,0,0,0,0,2,1,6,6,2,52,8,1498,2,1,PEUGEOT 208,-1,-1,0,-1
2020160990695,2020,160990695,1,9,0,18,19,3,7,0,0,1,0,0,0,0,1,1,6,6,1,32,6,1398,2,6,PEUGEOT 208,-1,-1,0,-1
2020040989882,2020,040989882,1,9,0,18,19,3,7,0,0,0,0,0,0,0,1,1,6,6,1,62,9,1000,1,6,PEUGEOT 208,10,E01025355,0,-1
2020070168668,2020,070168668,1,9,0,4,4,6,2,0,0,4,0,0,0,0,1,1,1,1,2,26,6,1200,1,4,PEUGEOT 208,4,E01005866,0,-1
2020370940950,2020,370940950,2,9,0,2,2,0,0,6,6,0,0,0,0,0,2,1,5,6,2,49,8,1200,1,4,PEUGEOT 208,10,E01033444,0,-1
2020010269228,2020,010269228,2,9,0,99,99,9,9,99,99,0,9,99,9,99,9,9,6,6,3,-1,-1,1200,1,0,PEUGEOT 208,5,E01007221,0,-1
2020622000512,2020,622000512,1,9,0,5,5,7,3,0,0,0,0,0,0,0,3,1,6,6,1,23,5,1200,1,8,PEUGEOT 208,1,W01001144,0,-1
2020990950147,2020,990950147,2,9,0,16,19,5,1,0,0,0,0,0,1,0,1,1,6,6,2,53,8,1397,1,8,PEUGEOT 208,3,-1,0,-1
2020990953589,2020,990953589,1,9,0,18,19,8,4,0,0,8,0,0,0,0,1,1,5,6,1,57,9,1200,1,7,PEUGEOT 208,3,-1,0,-1
2020052000853,2020,052000853,1,9,0,9,9,7,5,0,0,5,0,0,0,0,4,1,6,6,1,34,6,1199,1,2,PEUGEOT 208,1,E01006694,0,-1
2020070436882,2020,070436882,1,9,0,18,19,1,7,0,0,8,0,0,0,0,1,2,6,6,2,36,7,1560,2,3,PEUGEOT 208,10,E01018325,0,-1
2020500951800,2020,500951800,2,9,0,16,19,3,7,0,0,1,0,0,0,0,3,1,5,6,2,35,6,1200,1,6,PEUGEOT 208,3,E01015063,0,-1
2020140915497,2020,140915497,1,9,0,17,19,5,2,0,0,8,0,0,0,0,4,1,1,1,1,47,8,1498,2,1,PEUGEOT 208,1,E01033269,0,-1
2020010263094,2020,010263094,2,9,0,18,19,8,4,0,0,2,0,0,0,0,2,1,6,6,1,21,5,1598,1,6,PEUGEOT 208,5,E01033573,0,-1
2020137781315,2020,137781315,1,9,0,9,9,8,6,0,0,6,0,0,0,0,3,1,6,6,2,45,7,1200,1,2,PEUGEOT 208,1,E01010755,0,-1
2020430035427,2020,430035427,2,9,0,9,9,7,6,0,0,6,0,0,0,0,3,1,6,6,2,43,7,1200,1,6,PEUGEOT 208,10,E01022499,0,-1
2020010262603,2020,010262603,2,9,9,18,19,7,3,99,99,1,9,99,9,99,9,1,6,6,2,23,5,1200,1,6,PEUGEOT 208,1,E01006881,0,-1
20201371V1044,2020,1371V1044,3,9,0,4,4,3,7,0,0,0,0,0,0,0,2,1,6,6,1,36,7,1200,1,6,PEUGEOT 208,7,E01006368,0,-1
2020010254470,2020,010254470,1,9,0,18,19,1,5,0,0,0,0,0,0,0,2,1,2,2,1,57,9,1199,1,1,PEUGEOT 208,6,E01000981,0,-1
2020370985962,2020,370985962,2,9,0,18,19,8,4,0,0,0,0,4,0,0,1,1,5,6,1,58,9,1398,2,7,PEUGEOT 208,10,E01023459,0,-1
2020520001392,2020,520001392,1,9,0,18,19,5,1,0,0,8,0,0,1,2,1,1,6,6,1,42,7,1200,1,5,PEUGEOT 208,9,E01029318,0,-1
2020360962227,2020,360962227,1,9,0,18,19,-1,-1,0,0,0,0,0,0,0,-1,1,6,6,1,-1,-1,1200,1,7,PEUGEOT 208,5,E01026583,0,-1
2020052000736,2020,052000736,2,9,0,18,19,7,3,0,0,1,0,0,0,0,3,1,6,6,2,21,5,1200,1,6,PEUGEOT 208,5,E01007221,0,-1
2020010257748,2020,010257748,2,9,0,99,99,9,9,99,99,9,9,99,9,99,9,9,6,6,2,76,11,1200,1,3,PEUGEOT 208,5,E01002948,0,-1
2020420992294,2020,420992294,4,9,0,18,19,3,7,0,0,0,0,0,0,0,3,1,5,6,1,78,11,1200,1,3,PEUGEOT 208,10,E01015890,0,-1
2020052002223,2020,052002223,2,9,0,18,19,4,8,0,0,8,0,0,0,0,1,1,6,6,2,22,5,1200,1,0,PEUGEOT 208,1,E01006540,0,-1
2020122000193,2020,122000193,1,9,0,13,13,7,3,0,0,0,0,0,0,0,0,1,1,1,1,61,9,1560,2,5,PEUGEOT 208,7,E01012983,0,-1
2020040945204,2020,040945204,1,9,0,5,5,7,3,0,0,0,0,0,0,0,1,1,2,2,1,25,5,1200,1,7,PEUGEOT 208,1,E01025186,0,-1
2020041004507,2020,041004507,2,9,0,18,19,1,5,0,0,8,0,0,1,11,3,1,6,6,2,24,5,1200,1,8,PEUGEOT 208,8,E01025165,0,-1
20201379M1315,2020,1379M1315,2,9,0,18,19,1,6,0,0,0,0,0,0,0,4,1,6,6,1,26,6,1398,2,8,PEUGEOT 208,2,E01011079,0,-1
2020430134089,2020,430134089,1,9,0,18,19,2,6,0,0,0,0,7,1,0,1,1,6,6,1,67,10,1398,2,7,PEUGEOT 208,7,E01028560,0,-1
2020302001182,2020,302001182,2,9,0,5,5,7,3,0,0,0,0,0,0,0,3,1,2,2,2,28,6,1200,1,5,PEUGEOT 208,8,E01019535,0,-1
2020010249400,2020,010249400,1,9,0,18,19,1,5,0,0,2,0,0,0,0,4,1,6,6,1,29,6,1199,1,1,PEUGEOT 208,-1,-1,0,-1
2020320363243,2020,320363243,2,9,0,18,19,5,1,0,0,0,5,0,1,0,1,1,2,2,2,29,6,1200,1,7,PEUGEOT 208,2,E01026108,0,-1
2020122100150,2020,122100150,1,9,0,17,19,5,1,0,0,3,0,0,0,0,0,1,6,6,3,-1,-1,1498,2,2,PEUGEOT 208,-1,-1,0,-1
202063A084920,2020,63A084920,1,9,0,18,19,6,2,0,0,0,0,0,1,4,1,1,6,6,2,66,10,1199,1,2,PEUGEOT 208,3,W01001444,0,-1
2020460966020,2020,460966020,1,9,0,5,5,7,2,0,0,0,0,0,0,0,4,1,5,6,2,28,6,1397,1,7,PEUGEOT 208,1,E01024658,0,-1
2020070594381,2020,070594381,1,9,0,5,5,5,2,0,0,2,0,0,0,0,1,1,6,6,1,48,8,-1,3,0,PEUGEOT 208,2,E01012388,0,-1
2020200980009,2020,200980009,3,9,0,2,2,0,0,9,9,0,0,0,0,0,3,1,6,6,1,49,8,1200,1,7,PEUGEOT 208,1,E01009581,0,-1
2020200981672,2020,200981672,1,9,0,18,19,4,8,0,0,0,0,0,0,0,1,1,6,6,3,-1,-1,1200,1,1,PEUGEOT 208,-1,-1,0,-1
2020332000006,2020,332000006,1,9,0,18,19,8,4,0,0,2,0,0,0,0,1,1,2,2,1,25,5,1560,2,2,PEUGEOT 208,6,E01026003,0,-1
2020010282742,2020,010282742,6,9,0,2,2,0,0,0,0,0,0,0,0,0,0,1,6,6,3,-1,-1,1200,1,4,PEUGEOT 208,-1,-1,0,-1