collision_index,collision_year,collision_ref_no,vehicle_reference,vehicle_type,towing_and_articulation,vehicle_manoeuvre_historic,vehicle_manoeuvre,vehicle_direction_from,vehicle_direction_to,vehicle_location_restricted_lane_historic,vehicle_location_restricted_lane,junction_location,skidding_and_overturning,hit_object_in_carriageway,vehicle_leaving_carriageway,hit_object_off_carriageway,first_point_of_impact,vehicle_left_hand_drive,journey_purpose_of_driver_historic,journey_purpose_of_driver,sex_of_driver,age_of_driver,age_band_of_driver,engine_capacity_cc,propulsion_code,age_of_vehicle,generic_make_model,driver_imd_decile,lsoa_of_driver,escooter_flag,driver_distance_banding
202006XK67599,2020,06XK67599,2,9,0,18,19,8,4,0,0,0,0,0,0,0,2,1,2,2,2,26,6,1560,2,3,PEUGEOT 208,8,E01006243,0,-1
202031B076720,2020,31B076720,2,9,0,18,19,7,3,0,0,8,0,0,0,0,1,1,1,1,1,27,6,1000,1,7,PEUGEOT 208,2,E01028280,0,-1
2020200979877,2020,200979877,3,9,0,18,19,6,2,0,0,2,0,0,0,0,2,1,6,6,1,21,5,1200,1,4,PEUGEOT 208,3,E01009636,0,-1
2020010284987,2020,010284987,1,9,0,99,99,9,9,99,99,9,9,99,9,99,0,9,6,6,2,53,8,1200,1,4,PEUGEOT 208,8,E01000177,0,-1
2020201022392,2020,201022392,1,9,0,12,12,3,7,0,0,3,0,0,0,0,1,1,6,6,2,31,6,1200,1,6,PEUGEOT 208,7,E01009450,0,-1
2020230981549,2020,230981549,1,9,0,18,19,2,6,0,0,0,0,0,0,0,3,1,3,7,2,33,6,1200,1,7,PEUGEOT 208,7,E01032892,0,-1
2020070066012,2020,070066012,2,9,0,2,2,0,0,9,9,0,0,0,0,0,1,1,6,6,3,-1,-1,1000,1,4,PEUGEOT 208,2,E01018714,0,-1
2020040971938,2020,040971938,1,9,0,18,19,6,2,0,0,0,1,4,0,0,1,1,5,6,2,20,4,1200,1,7,PEUGEOT 208,10,E01025278,0,-1
202006XL68205,2020,06XL68205,2,9,0,18,19,1,5,0,0,7,0,0,0,0,4,1,1,1,1,26,6,1398,2,8,PEUGEOT 208,6,E01006396,0,-1
2020201017071,2020,201017071,3,9,0,18,19,3,7,0,0,0,0,0,0,0,1,1,6,6,2,26,6,1560,2,4,PEUGEOT 208,1,E01009079,0,-1
2020622000463,2020,622000463,1,9,0,18,19,2,6,0,0,0,0,0,0,0,1,1,6,6,1,47,8,1000,1,7,PEUGEOT 208,1,W01001738,0,-1
2020070034838,2020,070034838,1,9,0,5,5,1,5,0,0,1,0,0,0,0,1,1,2,2,2,25,5,1200,1,5,PEUGEOT 208,5,E01025479,0,-1
2020450998954,2020,450998954,2,9,0,18,19,1,5,0,0,8,0,0,0,0,1,1,5,6,2,60,9,1200,1,7,PEUGEOT 208,7,E01030502,0,-1
2020010230476,2020,010230476,1,9,0,99,99,9,9,99,99,0,9,99,9,99,2,9,2,2,2,44,7,1200,1,5,PEUGEOT 208,4,E01000380,0,-1
2020302000248,2020,302000248,2,9,0,2,2,0,0,0,0,0,0,0,0,0,2,1,6,6,3,-1,-1,1560,2,7,PEUGEOT 208,-1,-1,0,-1
2020140954206,2020,140954206,1,9,0,18,19,1,5,0,0,8,0,0,0,0,1,1,5,6,1,24,5,1200,1,3,PEUGEOT 208,7,E01007684,0,-1
20201378H0794,2020,1378H0794,2,9,0,18,19,3,5,0,0,4,0,0,0,0,2,1,6,6,2,30,6,1200,1,4,PEUGEOT 208,2,E01011250,0,-1
2020420988303,2020,420988303,1,9,0,18,19,3,7,0,0,8,0,0,0,0,1,1,2,2,1,47,8,1560,2,3,PEUGEOT 208,3,E01003581,0,-1
2020501013156,2020,501013156,1,9,0,5,5,1,4,0,0,4,0,0,0,0,1,1,2,2,1,26,6,1398,2,8,PEUGEOT 208,4,E01020041,0,-1
2020460993381,2020,460993381,1,9,0,18,19,6,2,0,0,0,0,0,0,0,1,1,6,6,1,39,7,1598,1,6,PEUGEOT 208,4,E01016077,0,-1
2020122100070,2020,122100070,1,9,0,18,19,5,1,0,0,0,0,0,0,0,4,1,6,6,2,64,9,1398,2,6,PEUGEOT 208,6,E01027823,0,-1
202031C129820,2020,31C129820,1,9,0,18,19,1,5,0,0,6,0,0,0,0,1,1,6,6,1,20,4,1000,1,7,PEUGEOT 208,10,E01028357,0,-1
2020010257581,2020,010257581,1,9,0,9,9,1,6,0,0,5,0,0,0,0,1,1,2,2,1,25,5,1200,1,3,PEUGEOT 208,1,E01000798,0,-1
2020200964940,2020,200964940,1,9,0,7,7,2,4,0,0,6,0,0,0,0,1,1,2,2,1,54,8,1200,1,1,PEUGEOT 208,7,E01009040,0,-1
2020470925684,2020,470925684,1,9,0,17,19,6,2,0,0,0,5,0,0,0,1,1,6,6,1,24,5,1598,1,3,PEUGEOT 208,7,E01021236,0,-1
2020200947642,2020,200947642,3,9,0,3,3,6,2,0,0,1,0,0,0,0,1,1,3,7,2,42,7,1200,1,7,PEUGEOT 208,2,E01009609,0,-1
2020140974789,2020,140974789,2,9,0,18,19,7,3,0,0,1,0,0,0,0,4,1,5,6,2,64,9,1200,1,5,PEUGEOT 208,10,E01007928,0,-1
202006G168324,2020,06G168324,1,9,0,18,19,6,2,0,0,0,0,0,0,0,1,1,6,6,1,38,7,1200,1,7,PEUGEOT 208,5,E01005944,0,-1
2020990922216,2020,990922216,1,9,0,9,9,5,2,0,0,8,0,0,0,0,4,1,5,6,2,60,9,1200,1,7,PEUGEOT 208,2,-1,0,-1
2020221007014,2020,221007014,2,9,0,18,19,1,5,0,0,1,0,0,0,0,1,1,5,6,2,62,9,1199,1,1,PEUGEOT 208,2,E01009158,0,-1
202006Q273853,2020,06Q273853,1,9,0,18,19,6,2,0,0,0,0,0,0,0,4,1,6,6,2,24,5,1200,1,4,PEUGEOT 208,2,E01032920,0,-1
2020451008451,2020,451008451,2,9,0,18,19,7,3,0,0,0,0,0,0,0,1,1,1,1,2,31,6,1200,1,3,PEUGEOT 208,9,E01030428,0,-1
2020052002603,2020,052002603,2,9,0,18,19,5,1,0,0,8,0,0,0,0,3,1,6,6,1,69,10,1397,1,8,PEUGEOT 208,1,E01006706,0,-1
2020350932263,2020,350932263,1,9,0,3,3,1,5,0,0,0,0,0,0,0,1,1,5,6,1,59,9,1200,1,6,PEUGEOT 208,4,E01026259,0,-1
2020460998875,2020,460998875,2,9,0,10,10,4,1,0,0,1,0,0,0,0,2,1,6,6,2,33,6,1200,1,6,PEUGEOT 208,10,E01024724,0,-1
2020302000982,2020,302000982,1,9,0,18,19,8,4,0,0,0,5,0,7,0,0,1,6,6,1,49,8,1200,1,4,PEUGEOT 208,3,E01013455,0,-1
2020460985462,2020,460985462,2,9,0,9,9,6,7,0,0,0,0,0,0,0,2,1,5,6,2,58,9,1199,1,2,PEUGEOT 208,9,E01016027,0,-1
2020470944846,2020,470944846,1,9,0,7,7,7,2,0,0,8,0,0,0,0,3,1,6,6,2,18,4,1200,1,7,PEUGEOT 208,4,E01031428,0,-1
202006K378973,2020,06K378973,1,9,0,9,9,1,3,0,0,8,0,0,0,0,4,1,6,6,3,-1,-1,1000,1,5,PEUGEOT 208,-1,-1,0,-1
2020122001346,2020,122001346,2,9,0,18,19,8,6,0,0,0,0,0,0,0,4,1,1,1,1,52,8,1560,2,5,PEUGEOT 208,2,E01027812,0,-1
2020420983907,2020,420983907,2,9,0,3,3,1,5,0,0,0,0,0,0,0,2,1,5,6,2,29,6,1200,1,5,PEUGEOT 208,5,E01026693,0,-1
2020201001581,2020,201001581,1,9,0,9,9,1,7,0,0,5,0,0,0,0,1,1,6,6,1,24,5,1398,2,7,PEUGEOT 208,4,E01032537,0,-1
2020100964958,2020,100964958,2,9,0,18,19,7,3,0,0,2,0,0,0,0,4,1,5,6,2,35,6,1200,1,1,PEUGEOT 208,8,E01008808,0,-1
2020230987692,2020,230987692,2,9,0,18,19,5,1,0,0,0,0,0,0,0,3,1,2,2,1,40,7,1000,1,6,PEUGEOT 208,6,E01009217,0,-1
2020470927139,2020,470927139,2,9,0,3,3,3,7,0,0,1,0,0,0,0,2,1,6,6,2,46,8,1200,1,6,PEUGEOT 208,8,E01021143,0,-1
2020552000650,2020,552000650,1,9,0,4,4,3,7,0,0,1,5,7,2,7,1,1,6,6,1,77,11,1200,1,1,PEUGEOT 208,5,E01020518,0,-1
2020040994810,2020,040994810,1,9,0,9,9,1,5,0,0,0,0,0,0,0,1,1,5,6,1,28,6,1200,1,7,PEUGEOT 208,1,E01025062,0,-1
2020122000187,2020,122000187,1,9,0,18,19,1,5,0,0,6,0,0,1,0,1,1,2,2,1,19,4,1200,1,3,PEUGEOT 208,10,E01027732,0,-1
2020010235715,2020,010235715,1,9,0,3,3,5,1,0,0,1,0,0,0,0,0,1,6,6,2,22,5,1200,1,7,PEUGEOT 208,10,E01024046,0,-1
2020220915821,2020,220915821,1,9,0,17,19,4,1,0,0,0,1,0,1,4,1,1,5,6,2,28,6,1200,1,8,PEUGEOT 208,1,E01009372,0,-1
2020450920613,2020,450920613,2,9,0,5,5,6,8,8,6,6,0,0,0,0,3,1,6,6,1,63,9,1200,1,2,PEUGEOT 208,10,E01030965,0,-1
2020460993007,2020,460993007,1,9,0,9,9,1,5,0,0,2,1,10,0,0,1,1,5,6,1,26,6,1000,1,6,PEUGEOT 208,6,E01016056,0,-1
2020040930640,2020,040930640,1,9,0,18,19,5,1,0,0,0,5,0,0,0,1,1,5,6,2,58,9,1560,2,4,PEUGEOT 208,7,E01025362,0,-1
2020040930069,2020,040930069,1,9,0,18,19,6,2,0,0,0,0,0,0,0,1,1,5,6,1,25,5,1397,1,8,PEUGEOT 208,8,E01025038,0,-1
2020010230073,2020,010230073,1,9,0,5,5,7,3,0,0,2,0,0,0,0,3,1,6,6,1,20,4,1200,1,1,PEUGEOT 208,3,E01001076,0,-1
2020500960810,2020,500960810,1,9,0,18,19,7,3,0,0,0,0,0,0,0,1,1,6,6,1,60,9,1200,1,0,PEUGEOT 208,3,E01018869,0,-1
2020052000782,2020,052000782,2,9,0,18,19,5,1,0,0,1,0,0,0,0,2,1,6,6,1,18,4,1000,1,7,PEUGEOT 208,4,E01007050,0,-1
2020500939530,2020,500939530,1,9,0,18,19,1,5,0,0,0,0,0,0,0,4,1,5,6,2,90,11,1200,1,3,PEUGEOT 208,4,E01018961,0,-1
2020360982336,2020,360982336,2,9,0,16,19,5,8,0,0,0,0,0,0,0,1,1,5,6,1,51,8,1200,1,7,PEUGEOT 208,3,E01026696,0,-1
2020010261338,2020,010261338,1,9,0,1,1,1,5,0,0,6,0,0,0,0,4,1,6,6,1,54,8,1200,1,3,PEUGEOT 208,3,E01004356,0,-1
2020552000258,2020,552000258,1,9,0,18,19,4,8,0,0,1,0,0,0,0,1,1,6,6,1,63,9,1199,1,2,PEUGEOT 208,9,E01015395,0,-1
2020010272263,2020,010272263,1,9,0,99,99,9,9,99,99,9,9,99,9,99,2,9,6,6,2,41,7,1200,1,4,PEUGEOT 208,5,E01021762,0,-1
2020440404351,2020,440404351,1,9,0,16,19,5,1,0,0,0,5,0,7,11,1,1,6,6,2,23,5,1000,1,6,PEUGEOT 208,4,E01017085,0,-1
2020010267077,2020,010267077,2,9,0,9,9,7,6,0,0,1,0,0,0,0,4,1,6,6,2,28,6,1200,1,5,PEUGEOT 208,3,E01000062,0,-1
2020010236733,2020,010236733,1,9,0,99,99,9,9,99,99,9,9,99,9,99,9,9,6,6,2,32,6,1200,1,7,PEUGEOT 208,2,E01001054,0,-1
2020460944433,2020,460944433,3,9,0,2,2,0,0,0,0,2,0,0,0,0,3,1,5,6,2,-1,-1,1398,2,7,PEUGEOT 208,6,E01024491,0,-1
2020360938487,2020,360938487,1,9,0,-1,-1,-1,-1,0,0,2,-1,-1,-1,0,-1,1,6,6,2,75,10,1200,1,4,PEUGEOT 208,7,E01026939,0,-1
2020200932059,2020,200932059,2,9,0,18,19,4,8,0,0,1,0,0,0,0,1,1,6,6,2,-1,-1,1560,2,6,PEUGEOT 208,10,E01032145,0,-1
2020411005510,2020,411005510,1,9,0,18,19,8,4,0,0,0,0,0,0,0,1,1,6,6,1,74,10,1199,1,1,PEUGEOT 208,5,E01023806,0,-1
2020140974624,2020,140974624,3,9,0,18,19,3,7,0,0,0,0,0,0,0,1,1,6,6,2,38,7,1199,1,4,PEUGEOT 208,6,E01007917,0,-1
2020302001323,2020,302001323,2,9,0,18,19,3,7,0,0,0,0,0,0,0,2,1,6,6,2,47,8,1200,1,5,PEUGEOT 208,9,E01033534,0,-1
2020070785479,2020,070785479,1,9,0,18,19,1,5,0,0,0,0,0,0,0,4,1,6,6,2,57,9,1398,2,7,PEUGEOT 208,9,E01018688,0,-1
2020360969274,2020,360969274,2,9,0,3,3,3,7,0,0,0,0,0,0,0,2,1,5,6,2,27,6,1200,1,4,PEUGEOT 208,8,E01026889,0,-1
2020990955711,2020,990955711,2,9,0,4,4,3,7,0,0,0,0,0,0,0,2,1,6,6,2,34,6,1200,1,5,PEUGEOT 208,2,-1,0,-1
2020622000593,2020,622000593,1,9,0,18,19,4,8,0,0,0,0,0,0,0,2,1,6,6,1,31,6,1200,1,1,PEUGEOT 208,8,W01000938,0,-1
2020052001861,2020,052001861,2,9,0,5,5,3,7,0,0,1,0,0,0,0,1,1,6,6,2,58,9,1200,1,3,PEUGEOT 208,1,E01006791,0,-1
2020010275153,2020,010275153,2,9,0,2,2,0,0,0,0,2,0,0,0,0,2,2,6,6,3,-1,-1,1200,1,6,PEUGEOT 208,-1,-1,0,-1
2020470985694,2020,470985694,5,9,0,2,2,0,0,0,0,0,0,0,0,0,-1,1,6,6,3,-1,-1,1000,1,4,PEUGEOT 208,-1,-1,0,-1
2020010274051,2020,010274051,1,9,0,9,9,3,2,0,0,8,0,0,0,0,1,1,2,2,2,25,5,1200,1,8,PEUGEOT 208,6,E01000981,0,-1
2020340N09142,2020,340N09142,1,9,0,18,19,1,5,0,0,8,0,0,0,0,1,1,6,6,1,27,6,1398,2,8,PEUGEOT 208,1,E01027168,0,-1
2020040967033,2020,040967033,2,9,0,2,2,2,5,0,0,0,0,0,0,0,3,1,6,6,2,32,6,1397,1,7,PEUGEOT 208,1,E01025049,0,-1
2020041008666,2020,041008666,1,9,0,18,19,1,5,0,0,0,0,0,0,0,3,1,5,6,2,69,10,1498,2,0,PEUGEOT 208,10,E01025278,0,-1
2020501015327,2020,501015327,1,9,0,18,19,4,8,0,0,0,0,0,0,0,1,1,5,6,1,48,8,1200,1,4,PEUGEOT 208,7,E01018772,0,-1
2020140922155,2020,140922155,2,9,0,18,19,2,6,0,0,8,0,0,0,0,3,1,1,1,2,31,6,1560,2,2,PEUGEOT 208,4,E01007675,0,-1
2020320091199,2020,320091199,1,9,0,17,19,3,7,0,0,0,0,0,0,0,1,1,6,6,2,48,8,1560,2,4,PEUGEOT 208,6,E01026391,0,-1
202031C007620,2020,31C007620,1,9,0,9,9,3,2,0,0,6,0,0,0,0,3,1,2,2,2,25,5,1200,1,3,PEUGEOT 208,1,E01013920,0,-1
2020137211491,2020,137211491,2,9,0,18,19,1,5,0,0,8,0,0,0,0,2,1,6,6,1,21,5,1200,1,3,PEUGEOT 208,2,E01010619,0,-1
2020432003206,2020,432003206,1,8,0,9,9,9,9,0,0,0,0,0,0,0,0,1,6,6,3,-1,-1,1398,2,5,-1,-1,-1,0,-1
2020201005712,2020,201005712,2,9,0,18,19,5,1,0,0,0,1,0,0,0,1,1,6,6,1,29,6,1398,2,8,PEUGEOT 208,1,E01010148,0,-1
2020470980093,2020,470980093,1,9,0,18,19,2,6,0,0,0,0,0,7,0,1,1,1,1,2,20,4,1200,1,5,PEUGEOT 208,7,E01031540,0,-1
2020110953431,2020,110953431,1,9,0,5,5,8,3,0,0,4,0,0,0,0,1,1,6,6,1,58,9,1560,2,3,PEUGEOT 208,7,E01020601,0,-1
2020991010987,2020,991010987,1,9,0,16,19,3,5,0,0,0,0,0,0,0,1,1,6,6,2,31,6,1200,1,8,PEUGEOT 208,5,-1,0,-1
202006J367593,2020,06J367593,2,9,0,18,19,3,7,0,0,0,0,0,0,0,2,1,6,6,2,59,9,1200,1,5,PEUGEOT 208,7,E01005771,0,-1
2020460971667,2020,460971667,1,9,0,18,19,5,1,0,0,1,0,0,0,0,1,1,6,6,2,39,7,1398,2,8,PEUGEOT 208,3,E01024567,0,-1
2020350973641,2020,350973641,2,9,0,2,2,8,4,0,0,0,0,0,0,0,1,1,5,6,2,-1,-1,1200,1,1,PEUGEOT 208,10,E01026307,0,-1
2020220953289,2020,220953289,1,9,0,7,7,5,8,0,0,4,5,10,1,2,1,1,5,6,1,29,6,1200,1,4,PEUGEOT 208,5,E01016971,0,-1
2020990983828,2020,990983828,1,9,0,12,12,7,3,0,0,0,0,0,0,0,1,1,2,2,1,43,7,1398,2,6,PEUGEOT 208,8,-1,0,-1
2020360999172,2020,360999172,1,9,0,9,9,6,4,0,0,1,0,0,0,0,1,1,5,6,2,84,11,1200,1,6,PEUGEOT 208,7,E01026928,0,-1
2020010239097,2020,010239097,5,9,0,7,7,5,8,0,0,8,0,0,0,0,4,1,6,6,3,-1,-1,1560,2,8,PEUGEOT 208,-1,-1,0,-1
2020040917961,2020,040917961,1,9,0,18,19,7,3,0,0,2,0,0,1,4,1,1,5,6,2,75,10,1200,1,1,PEUGEOT 208,10,E01025380,0,-1
2020460997288,2020,460997288,1,9,0,6,6,3,1,0,0,6,0,0,2,0,1,1,6,6,1,19,4,1200,1,5,PEUGEOT 208,3,E01021862,0,-1
2020530990573,2020,530990573,2,9,0,18,19,2,6,0,0,1,0,0,0,0,1,1,6,6,1,37,7,1200,1,4,PEUGEOT 208,-1,-1,0,-1
2020340S02232,2020,340S02232,2,9,0,18,19,1,5,0,0,0,0,0,0,0,3,1,6,6,2,70,10,1200,1,0,PEUGEOT 208,9,E01032985,0,-1
20201378F1015,2020,1378F1015,1,9,0,4,4,5,1,0,0,1,0,0,0,0,1,1,6,6,2,32,6,1199,1,2,PEUGEOT 208,4,E01006793,0,-1
2020052000990,2020,052000990,1,9,0,18,19,3,7,0,0,0,0,0,1,1,1,1,6,6,2,41,7,1560,2,5,PEUGEOT 208,1,E01006697,0,-1
2020160959482,2020,160959482,1,9,0,18,19,2,6,0,0,0,0,0,0,0,2,1,6,6,1,41,7,1200,1,0,PEUGEOT 208,4,E01012820,0,-1
2020052002083,2020,052002083,1,9,0,18,19,3,7,0,0,6,1,0,0,0,1,1,6,6,2,27,6,1200,1,5,PEUGEOT 208,7,E01007245,0,-1
2020990931116,2020,990931116,1,9,0,7,7,4,7,0,0,6,0,0,0,0,3,1,2,2,2,57,9,1560,2,7,PEUGEOT 208,-1,-1,0,-1
2020990965038,2020,990965038,2,9,0,16,19,5,6,0,0,0,0,0,0,0,1,1,1,1,1,56,9,1398,2,6,PEUGEOT 208,7,-1,0,-1
2020500975703,2020,500975703,1,9,0,12,12,5,1,0,0,1,0,0,0,0,1,1,5,6,1,87,11,1200,1,4,PEUGEOT 208,9,E01020092,0,-1
2020010235021,2020,010235021,5,9,0,18,19,1,5,0,0,0,0,0,0,0,0,1,2,2,1,74,10,1398,2,6,PEUGEOT 208,8,E01001402,0,-1
2020170L20950,2020,170L20950,1,9,0,1,1,6,2,9,9,6,0,0,0,0,2,1,6,6,3,-1,-1,1200,1,0,PEUGEOT 208,-1,-1,0,-1
2020411007978,2020,411007978,1,9,0,4,4,3,7,0,0,4,0,0,0,0,2,1,1,1,1,57,9,1598,1,3,PEUGEOT 208,8,E01021349,0,-1
2020520100967,2020,520100967,1,9,0,9,9,7,5,0,0,1,0,0,0,0,1,1,6,6,2,59,9,1199,1,1,PEUGEOT 208,6,E01029135,0,-1
2020010228516,2020,010228516,1,9,0,9,9,2,7,0,0,5,0,0,0,0,0,1,6,6,1,40,7,1398,2,7,PEUGEOT 208,6,E01002381,0,-1
2020201005704,2020,201005704,2,9,0,9,9,2,8,0,0,8,0,0,0,0,1,1,6,6,1,34,6,1199,1,2,PEUGEOT 208,1,E01008995,0,-1
20201371L0187,2020,1371L0187,2,9,0,18,19,5,1,0,0,0,0,0,0,0,2,1,1,1,2,28,6,1200,1,6,PEUGEOT 208,5,E01011772,0,-1
2020040957765,2020,040957765,1,9,0,18,19,5,1,0,0,0,0,0,0,0,1,1,5,6,2,25,5,1200,1,6,PEUGEOT 208,3,E01025221,0,-1
2020530933544,2020,530933544,1,9,0,5,5,1,3,0,0,7,0,0,0,0,0,1,5,6,2,54,8,1560,2,2,PEUGEOT 208,9,E01022304,0,-1
2020122000355,2020,122000355,1,9,0,9,9,2,8,0,0,6,0,0,0,0,1,1,2,2,1,41,7,1598,1,7,PEUGEOT 208,8,E01027620,0,-1
2020610000420,2020,610000420,1,9,0,18,19,5,1,0,0,0,0,0,0,0,1,1,2,2,2,31,6,1397,1,8,PEUGEOT 208,6,W01001839,0,-1
2020470926433,2020,470926433,1,9,0,18,19,6,2,0,0,0,0,0,0,0,3,1,5,6,2,62,9,1200,1,5,PEUGEOT 208,8,E01016928,0,-1
2020460960093,2020,460960093,1,9,0,18,19,8,4,0,0,4,5,0,3,10,1,1,5,6,2,19,4,1398,2,8,PEUGEOT 208,4,E01024178,0,-1
2020420930457,2020,420930457,1,9,0,18,19,7,3,0,0,0,1,0,0,0,1,1,5,6,1,36,7,1200,1,2,PEUGEOT 208,1,E01015917,0,-1
2020470933944,2020,470933944,3,9,0,3,3,4,8,0,0,0,0,0,0,0,2,1,5,6,2,35,6,1560,2,2,PEUGEOT 208,7,E01016913,0,-1
2020052001434,2020,052001434,2,9,0,3,3,1,5,0,0,1,0,0,0,0,2,1,6,6,2,35,6,1560,2,5,PEUGEOT 208,2,E01006586,0,-1
2020010236669,2020,010236669,2,9,0,99,99,9,9,99,99,9,9,99,9,99,1,9,6,6,3,-1,-1,1200,1,4,PEUGEOT 208,-1,-1,0,-1
2020070126229,2020,070126229,1,9,0,18,19,6,2,0,0,0,0,0,0,0,1,1,6,6,1,73,10,1498,2,2,PEUGEOT 208,5,E01018319,0,-1
2020420996647,2020,420996647,1,9,0,18,19,1,5,0,0,0,5,4,0,0,1,1,5,6,1,87,11,1200,1,4,PEUGEOT 208,7,E01022097,0,-1
2020545392720,2020,545392720,1,9,0,18,19,5,1,0,0,0,0,0,0,0,0,1,6,6,1,18,4,1199,1,1,PEUGEOT 208,8,E01032110,0,-1
2020040930639,2020,040930639,1,9,0,18,19,4,8,0,0,1,0,0,1,2,1,1,5,6,1,20,4,1200,1,6,PEUGEOT 208,3,E01025223,0,-1
2020990919752,2020,990919752,1,9,0,3,3,1,5,0,0,0,0,0,0,0,1,1,2,2,2,32,6,1200,1,5,PEUGEOT 208,3,-1,0,-1
2020040920470,2020,040920470,1,9,0,18,19,3,7,0,0,4,0,0,0,0,1,1,5,6,1,89,11,1200,1,5,PEUGEOT 208,-1,-1,0,-1
2020990956568,2020,990956568,4,9,0,3,3,3,6,0,0,0,0,0,0,0,2,1,2,2,2,36,7,1200,1,6,PEUGEOT 208,3,-1,0,-1
2020460935078,2020,460935078,1,9,0,4,4,3,1,0,0,2,0,0,3,0,1,1,6,6,2,58,9,1598,1,5,PEUGEOT 208,10,E01000841,0,-1
202006E272140,2020,06E272140,1,9,0,4,4,2,6,0,0,0,0,0,0,0,1,1,6,6,1,16,4,1200,1,2,PEUGEOT 208,3,E01005312,0,-1
2020010250998,2020,010250998,1,9,0,99,99,9,9,99,99,9,9,99,9,99,9,9,6,6,1,29,6,1200,1,6,PEUGEOT 208,6,E01003228,0,-1
2020990965238,2020,990965238,2,9,0,16,19,3,7,0,0,1,0,0,3,0,1,1,2,2,2,26,6,1200,1,6,PEUGEOT 208,4,-1,0,-1
2020450924226,2020,450924226,1,9,0,18,19,1,5,0,0,0,0,0,0,0,1,1,3,7,2,33,6,1398,2,8,PEUGEOT 208,10,E01030415,0,-1
2020430191499,2020,430191499,2,9,0,18,19,5,1,0,0,0,0,0,0,0,3,1,2,2,1,33,6,1560,2,6,PEUGEOT 208,4,E01032942,0,-1
2020990916404,2020,990916404,1,9,0,9,9,3,8,0,0,6,0,0,0,0,1,1,5,6,2,24,5,1200,1,5,PEUGEOT 208,6,-1,0,-1
2020010268715,2020,010268715,1,9,0,99,99,9,9,99,99,0,9,99,9,99,4,9,6,6,1,41,7,1200,1,8,PEUGEOT 208,4,E01001233,0,-1
2020137CA1224,2020,137CA1224,1,9,0,7,7,5,3,0,0,6,0,0,0,0,3,1,2,2,1,48,8,1200,1,6,PEUGEOT 208,4,E01011808,0,-1
2020990971320,2020,990971320,2,9,0,18,19,6,2,0,0,8,0,0,0,0,1,1,5,6,2,40,7,1199,1,1,PEUGEOT 208,10,-1,0,-1
2020010231727,2020,010231727,1,9,0,7,7,5,8,0,0,7,1,10,0,0,1,1,2,2,2,25,5,1200,1,6,PEUGEOT 208,9,E01030742,0,-1
2020450933941,2020,450933941,1,9,0,18,19,1,1,0,0,3,0,0,0,0,4,1,5,6,1,23,5,1200,1,1,PEUGEOT 208,2,E01004129,0,-1
2020010237255,2020,010237255,1,9,0,7,7,3,5,0,0,3,0,0,0,0,2,1,6,6,2,35,6,1200,1,1,PEUGEOT 208,10,E01001121,0,-1
2020500998488,2020,500998488,2,9,0,4,4,1,5,0,0,0,0,0,0,0,2,1,5,6,1,35,6,1560,2,6,PEUGEOT 208,2,E01020018,0,-1
2020010252161,2020,010252161,2,9,0,99,99,9,9,99,99,9,9,99,9,99,9,9,6,6,2,31,6,1200,1,5,PEUGEOT 208,2,E01001750,0,-1
2020990974737,2020,990974737,1,9,0,17,19,4,1,0,0,0,5,0,1,0,1,1,5,6,1,23,5,1200,1,3,PEUGEOT 208,4,-1,0,-1
2020552001192,2020,552001192,1,9,0,18,19,2,6,0,0,1,0,0,0,0,1,1,6,6,2,77,11,1200,1,5,PEUGEOT 208,10,E01020395,0,-1
2020010239735,2020,010239735,1,9,0,99,99,9,9,99,99,9,9,99,9,99,2,9,2,2,2,30,6,1200,1,3,PEUGEOT 208,9,E01017829,0,-1
2020990926704,2020,990926704,2,9,0,18,19,6,2,0,0,0,0,0,0,0,2,1,2,2,2,36,7,1200,1,4,PEUGEOT 208,7,-1,0,-1
2020470956841,2020,470956841,1,9,0,18,19,5,1,0,0,0,5,0,0,0,1,1,5,6,1,19,4,1000,1,5,PEUGEOT 208,10,E01031803,0,-1
2020010280720,2020,010280720,2,9,0,99,99,9,9,99,99,9,9,99,9,99,1,9,6,6,1,-1,-1,1200,1,7,PEUGEOT 208,2,E01003197,0,-1
2020470927429,2020,470927429,2,9,0,3,3,2,6,0,0,1,0,0,0,0,2,1,5,6,1,18,4,1498,2,1,PEUGEOT 208,10,E01031580,0,-1
2020201002140,2020,201002140,2,9,0,5,5,6,2,0,0,8,0,0,0,0,3,1,3,7,2,68,10,1200,1,0,PEUGEOT 208,9,E01009787,0,-1
2020500936455,2020,500936455,2,9,0,2,2,0,0,0,0,1,0,0,0,0,1,1,6,6,2,52,8,1200,1,7,PEUGEOT 208,3,E01020229,0,-1
2020010260641,2020,010260641,1,9,0,16,19,5,1,0,0,2,0,0,0,0,2,1,2,2,1,48,8,1200,1,4,PEUGEOT 208,4,E01015923,0,-1
2020170H10680,2020,170H10680,1,9,0,7,7,1,3,0,0,5,0,0,0,0,1,1,6,6,2,25,5,1000,1,7,PEUGEOT 208,1,E01008608,0,-1
2020140947448,2020,140947448,2,9,0,18,19,2,7,0,0,8,5,0,0,0,4,1,5,6,1,28,6,1000,1,6,PEUGEOT 208,9,E01007581,0,-1
202031D016620,2020,31D016620,2,9,0,18,19,8,4,0,0,8,0,0,0,0,3,1,1,1,1,32,6,1560,2,2,PEUGEOT 208,9,E01019678,0,-1