collision_index,collision_year,collision_ref_no,vehicle_reference,vehicle_type,towing_and_articulation,vehicle_manoeuvre_historic,vehicle_manoeuvre,vehicle_direction_from,vehicle_direction_to,vehicle_location_restricted_lane_historic,vehicle_location_restricted_lane,junction_location,skidding_and_overturning,hit_object_in_carriageway,vehicle_leaving_carriageway,hit_object_off_carriageway,first_point_of_impact,vehicle_left_hand_drive,journey_purpose_of_driver_historic,journey_purpose_of_driver,sex_of_driver,age_of_driver,age_band_of_driver,engine_capacity_cc,propulsion_code,age_of_vehicle,generic_make_model,driver_imd_decile,lsoa_of_driver,escooter_flag,driver_distance_banding
2020010277842,2020,010277842,1,9,0,99,99,9,9,99,99,9,9,99,9,99,2,9,2,2,2,28,6,1398,2,6,PEUGEOT 208,6,E01023390,0,-1
2020041002236,2020,041002236,2,9,0,18,19,3,7,0,0,4,0,0,0,0,4,1,5,6,1,34,6,1200,1,6,PEUGEOT 208,1,E01025227,0,-1
2020010256664,2020,010256664,3,9,0,3,3,3,7,0,0,2,0,0,0,0,2,1,6,6,2,28,6,1200,1,7,PEUGEOT 208,2,E01003183,0,-1
2020010281246,2020,010281246,4,9,0,4,4,3,7,0,0,0,0,0,0,0,1,1,6,6,2,18,4,1000,1,7,PEUGEOT 208,-1,-1,0,-1
2020010253965,2020,010253965,2,9,0,18,19,5,1,0,0,1,1,0,0,0,3,1,6,6,2,40,7,1200,1,5,PEUGEOT 208,3,E01000553,0,-1
2020450954718,2020,450954718,2,9,0,18,19,3,7,0,0,1,0,0,0,0,1,1,6,6,2,47,8,1200,1,3,PEUGEOT 208,10,E01030487,0,-1
2020501007542,2020,501007542,2,9,0,9,9,8,5,0,0,1,1,0,0,0,3,1,5,6,2,29,6,1000,1,5,PEUGEOT 208,4,E01019049,0,-1
2020041019806,2020,041019806,2,9,0,2,2,3,7,0,0,2,0,0,0,0,4,1,1,1,2,20,4,1560,2,2,PEUGEOT 208,-1,-1,0,-1
2020122000816,2020,122000816,2,9,0,5,5,6,2,0,0,4,0,0,0,0,2,1,2,2,1,56,9,1398,2,8,PEUGEOT 208,10,E01013440,0,-1
2020520003975,2020,520003975,1,9,0,18,19,6,2,0,0,1,0,0,0,0,1,1,6,6,2,36,7,1398,2,5,PEUGEOT 208,9,E01029294,0,-1
2020302000415,2020,302000415,2,9,0,13,13,4,1,0,0,3,0,0,0,0,4,1,6,6,2,37,7,1200,1,4,PEUGEOT 208,5,E01019520,0,-1
2020200930143,2020,200930143,1,9,0,18,19,6,2,0,0,6,0,0,0,0,1,1,6,6,1,-1,-1,1000,1,4,PEUGEOT 208,-1,-1,0,-1
2020200989709,2020,200989709,1,9,0,1,1,8,4,0,0,8,0,0,0,0,2,1,6,6,1,-1,-1,1199,1,2,PEUGEOT 208,-1,-1,0,-1
2020201000736,2020,201000736,2,9,0,2,2,0,0,0,0,0,0,0,0,0,3,1,6,6,1,23,5,1199,1,1,PEUGEOT 208,1,E01009130,0,-1
2020221001237,2020,221001237,1,9,0,18,19,2,6,0,0,0,0,0,0,0,1,1,5,6,1,58,9,1397,1,7,PEUGEOT 208,-1,-1,0,-1
2020500958095,2020,500958095,1,9,0,18,19,1,5,0,0,0,0,0,0,0,1,1,5,6,3,-1,-1,1498,2,1,PEUGEOT 208,-1,-1,0,-1
2020211008965,2020,211008965,1,9,0,9,9,5,2,0,0,8,0,0,0,0,1,1,6,6,2,64,9,1200,1,8,PEUGEOT 208,10,E01029565,0,-1
2020040927486,2020,040927486,2,9,0,3,3,7,5,0,0,1,0,0,0,0,2,1,5,6,2,35,6,1200,1,6,PEUGEOT 208,10,E01025408,0,-1
20201379A0675,2020,1379A0675,2,9,0,4,4,7,3,0,0,0,0,0,0,0,2,1,6,6,2,55,8,1598,1,6,PEUGEOT 208,4,E01011585,0,-1
2020440498554,2020,440498554,2,9,0,9,9,2,8,0,0,8,0,7,8,1,4,1,6,6,2,39,7,1200,1,4,PEUGEOT 208,9,E01017146,0,-1
2020210998490,2020,210998490,2,9,0,18,19,4,8,0,0,8,0,0,0,0,4,1,6,6,1,31,6,1200,1,6,PEUGEOT 208,4,E01029811,0,-1
20201372A1208,2020,1372A1208,1,9,0,9,9,2,8,0,0,8,0,0,0,0,4,1,6,6,2,24,5,1199,1,2,PEUGEOT 208,8,E01010767,0,-1
2020010281745,2020,010281745,1,9,0,18,19,1,5,0,0,4,0,0,0,0,2,1,6,6,2,39,7,1200,1,7,PEUGEOT 208,2,E01002669,0,-1
2020200929058,2020,200929058,1,9,0,18,19,8,4,0,0,1,0,0,0,0,1,1,6,6,1,46,8,1398,2,7,PEUGEOT 208,1,E01010450,0,-1
2020110975621,2020,110975621,1,9,0,18,19,5,1,0,0,1,0,0,0,0,1,1,6,6,2,20,4,1398,2,8,PEUGEOT 208,1,E01020909,0,-1
2020420966837,2020,420966837,2,9,0,18,19,7,3,0,0,0,1,7,1,1,4,1,2,2,1,56,9,1200,1,4,PEUGEOT 208,8,E01021349,0,-1
2020040964531,2020,040964531,2,9,0,9,9,1,6,0,0,8,1,0,7,0,2,1,2,2,2,59,9,1200,1,1,PEUGEOT 208,8,E01024934,0,-1
2020440133235,2020,440133235,1,9,0,9,9,3,1,0,0,8,0,0,1,1,1,1,6,6,2,20,4,1398,2,6,PEUGEOT 208,9,E01022613,0,-1
2020010252950,2020,010252950,1,9,0,9,9,5,3,0,0,1,0,0,0,0,1,1,6,6,2,29,6,1200,1,1,PEUGEOT 208,6,E01000330,0,-1
2020470925840,2020,470925840,2,9,0,18,19,3,7,0,0,0,0,0,0,0,3,1,6,6,2,22,5,1000,1,7,PEUGEOT 208,4,E01030364,0,-1
2020140951524,2020,140951524,1,9,0,18,19,1,5,0,0,0,0,0,0,0,2,1,6,6,2,24,5,1200,1,2,PEUGEOT 208,-1,-1,0,-1
2020420985300,2020,420985300,1,9,0,5,5,2,6,0,0,0,0,0,0,0,4,1,6,6,2,53,8,1398,2,7,PEUGEOT 208,-1,-1,0,-1
2020552000963,2020,552000963,1,9,0,14,14,6,2,0,0,1,0,4,0,0,3,1,2,2,2,26,6,1560,2,6,PEUGEOT 208,2,E01031981,0,-1
2020200935690,2020,200935690,1,9,0,4,4,4,8,0,0,0,0,0,0,0,1,1,6,6,1,29,6,1200,1,2,PEUGEOT 208,1,E01009007,0,-1
2020040979131,2020,040979131,1,9,0,18,19,3,7,0,0,1,0,0,0,0,1,1,5,6,1,76,11,1200,1,0,PEUGEOT 208,9,E01025340,0,-1
2020010256386,2020,010256386,2,9,0,99,99,9,9,99,99,9,9,99,9,99,2,9,6,6,3,-1,-1,1398,2,6,PEUGEOT 208,-1,-1,0,-1
2020211024957,2020,211024957,2,9,-1,-1,-1,5,1,-1,-1,0,-1,-1,-1,0,-1,1,6,6,1,20,4,1200,1,4,PEUGEOT 208,3,E01029538,0,-1
2020360983972,2020,360983972,2,9,0,4,4,1,5,0,0,0,0,0,0,0,2,1,5,6,1,20,4,1598,1,4,PEUGEOT 208,9,E01026587,0,-1
2020230928878,2020,230928878,2,9,0,5,5,1,4,0,0,4,0,0,0,0,2,1,5,6,1,62,9,1200,1,7,PEUGEOT 208,4,E01031291,0,-1
20201371G2009,2020,1371G2009,1,9,0,7,7,8,2,0,0,1,0,0,0,0,1,1,6,6,2,38,7,1200,1,3,PEUGEOT 208,2,E01010781,0,-1
2020200996690,2020,200996690,2,9,0,18,19,6,2,0,0,8,0,0,0,0,1,1,6,6,3,-1,-1,1000,1,5,PEUGEOT 208,-1,-1,0,-1
2020421005627,2020,421005627,1,9,0,9,9,4,1,0,0,1,0,0,0,0,1,1,2,2,1,53,8,1200,1,0,PEUGEOT 208,8,E01021349,0,-1
2020440430575,2020,440430575,1,9,0,18,19,8,4,0,0,4,0,0,7,0,1,1,6,6,2,29,6,1200,1,6,PEUGEOT 208,8,E01022918,0,-1
2020201017071,2020,201017071,1,9,0,18,19,3,7,0,0,0,0,0,0,0,2,1,6,6,1,23,5,1598,1,4,PEUGEOT 208,10,E01021227,0,-1
2020040964553,2020,040964553,1,9,0,18,19,1,5,0,0,3,0,0,0,0,1,1,2,2,1,27,6,1000,1,7,PEUGEOT 208,7,E01006409,0,-1
2020230979412,2020,230979412,2,9,0,3,3,1,5,0,0,1,0,0,0,0,2,1,5,6,2,21,5,1200,1,6,PEUGEOT 208,3,E01009655,0,-1
2020210977696,2020,210977696,1,9,0,1,1,1,5,0,0,0,0,0,0,0,2,1,6,6,1,79,11,1560,2,4,PEUGEOT 208,9,E01029455,0,-1
2020460972398,2020,460972398,1,9,0,18,19,7,3,0,0,0,0,0,1,0,4,1,6,6,2,20,4,1398,2,5,PEUGEOT 208,4,E01024493,0,-1
2020200970602,2020,200970602,3,9,0,2,2,0,0,0,0,2,0,4,0,0,1,1,6,6,1,-1,-1,1200,1,4,PEUGEOT 208,-1,-1,0,-1
2020010283643,2020,010283643,1,9,0,99,99,9,9,99,99,9,9,99,9,99,2,9,2,2,1,22,5,1200,1,6,PEUGEOT 208,2,E01004402,0,-1
2020461041847,2020,461041847,1,9,0,4,4,1,5,0,0,0,0,0,0,0,1,1,6,6,1,23,5,1498,2,1,PEUGEOT 208,6,E01016056,0,-1
2020010234657,2020,010234657,1,9,0,99,99,9,9,99,99,9,9,99,9,99,2,9,2,2,2,33,6,1398,2,7,PEUGEOT 208,5,E01000402,0,-1
2020010270275,2020,010270275,3,9,0,3,3,5,1,0,0,1,0,0,0,0,3,1,2,2,1,19,4,1200,1,7,PEUGEOT 208,5,E01001581,0,-1
2020201022620,2020,201022620,1,9,0,9,9,6,4,0,0,6,0,0,0,0,3,1,6,6,2,53,8,1199,1,1,PEUGEOT 208,3,E01009606,0,-1
2020340S03332,2020,340S03332,1,9,0,9,9,5,3,0,0,6,0,0,0,0,1,1,2,2,1,25,5,1560,2,4,PEUGEOT 208,7,E01027277,0,-1
2020052001079,2020,052001079,1,9,0,5,5,3,7,0,0,1,0,0,0,0,1,1,6,6,2,36,7,1200,1,5,PEUGEOT 208,3,E01007083,0,-1
2020461010902,2020,461010902,2,9,0,18,19,3,7,0,0,0,0,0,0,0,2,1,1,1,2,44,7,1598,1,6,PEUGEOT 208,4,E01024541,0,-1
2020460989577,2020,460989577,2,9,0,9,9,3,1,0,0,0,0,0,0,0,2,1,5,6,1,22,5,1200,1,8,PEUGEOT 208,7,E01024411,0,-1
2020350917028,2020,350917028,2,9,0,5,5,3,1,0,0,1,0,0,0,0,3,1,6,6,1,18,4,1397,1,7,PEUGEOT 208,8,E01033116,0,-1
2020070592428,2020,070592428,1,9,0,13,13,5,1,0,0,0,1,0,8,6,1,1,2,2,2,28,6,1398,2,7,PEUGEOT 208,4,W01000381,0,-1
2020200995144,2020,200995144,1,9,0,18,19,2,6,0,0,4,0,0,0,0,1,1,1,1,2,54,8,1200,1,7,PEUGEOT 208,3,E01009922,0,-1
2020990943820,2020,990943820,1,9,0,18,19,2,6,0,0,1,0,0,0,0,3,1,5,6,1,28,6,1200,1,6,PEUGEOT 208,3,-1,0,-1
2020140988751,2020,140988751,3,9,0,5,5,4,8,0,0,1,0,0,0,0,1,1,6,6,2,47,8,1398,2,5,PEUGEOT 208,8,E01011769,0,-1
202006XJ78567,2020,06XJ78567,7,9,0,4,4,7,3,0,0,0,0,0,0,0,3,1,6,6,1,21,5,1200,1,6,PEUGEOT 208,-1,-1,0,-1
2020230966188,2020,230966188,1,9,0,18,19,4,8,0,0,0,0,0,7,1,1,1,2,2,2,20,4,-1,3,0,PEUGEOT 208,9,E01009667,0,-1
2020320506680,2020,320506680,3,9,0,18,19,1,5,0,0,0,0,0,0,0,1,1,6,6,1,44,7,1000,1,7,PEUGEOT 208,9,E01026274,0,-1
2020440129327,2020,440129327,1,9,0,7,7,8,2,0,0,2,0,0,0,0,1,1,6,6,2,24,5,1200,1,6,PEUGEOT 208,-1,-1,0,-1
2020340N00082,2020,340N00082,1,9,0,5,5,2,6,0,0,2,0,0,0,0,4,1,6,6,1,75,10,1200,1,7,PEUGEOT 208,5,E01027215,0,-1
2020122001098,2020,122001098,1,9,0,5,5,5,7,0,0,6,0,0,0,0,4,1,2,2,2,20,4,1200,1,4,PEUGEOT 208,5,E01027807,0,-1
2020052001954,2020,052001954,2,9,0,18,19,2,6,0,0,8,0,0,0,0,4,1,6,6,1,70,10,1200,1,4,PEUGEOT 208,5,E01006670,0,-1
2020500988922,2020,500988922,1,9,0,18,19,3,7,0,0,0,0,0,0,0,2,1,5,6,2,76,11,1200,1,7,PEUGEOT 208,7,E01032628,0,-1
2020552000232,2020,552000232,2,9,0,2,2,0,0,0,0,0,0,0,0,0,3,1,6,6,3,-1,-1,1560,2,8,PEUGEOT 208,-1,-1,0,-1
2020030931994,2020,030931994,3,9,0,3,3,3,7,0,0,0,0,0,0,0,3,1,5,6,2,65,9,1200,1,1,PEUGEOT 208,9,E01019377,0,-1
2020052002251,2020,052002251,2,9,0,18,19,3,7,0,0,1,0,0,0,0,4,1,6,6,2,25,5,1200,1,0,PEUGEOT 208,1,E01032508,0,-1
2020990953572,2020,990953572,1,9,0,2,2,0,0,0,0,0,0,0,0,0,3,1,6,6,1,35,6,1560,2,4,PEUGEOT 208,7,E01003064,0,-1
2020500965047,2020,500965047,1,9,0,18,19,5,1,0,0,1,5,0,1,10,3,1,6,6,2,21,5,1200,1,7,PEUGEOT 208,3,E01019028,0,-1
2020160974234,2020,160974234,2,9,0,3,3,3,7,0,0,8,0,0,0,0,2,1,5,6,2,23,5,1200,1,6,PEUGEOT 208,7,E01013294,0,-1
2020201009567,2020,201009567,1,9,0,7,7,5,7,0,0,5,0,0,0,0,1,1,2,2,1,41,7,1398,2,8,PEUGEOT 208,4,E01010259,0,-1
202006N277792,2020,06N277792,2,9,0,18,19,5,1,0,0,8,0,0,0,0,1,1,6,6,1,64,9,1200,1,1,PEUGEOT 208,7,E01005033,0,-1
2020450938334,2020,450938334,1,9,0,16,19,1,3,0,0,5,0,0,8,4,1,1,6,6,2,19,4,1199,1,1,PEUGEOT 208,9,E01030306,0,-1
2020210996201,2020,210996201,1,9,0,6,6,6,2,0,0,0,0,0,0,0,1,1,6,6,2,47,8,1398,2,7,PEUGEOT 208,3,E01029448,0,-1
2020010258869,2020,010258869,2,9,0,9,9,5,4,0,0,5,0,0,0,0,3,1,2,2,2,24,5,1199,1,1,PEUGEOT 208,10,E01030584,0,-1
2020360991851,2020,360991851,1,9,0,18,19,2,6,0,0,2,0,0,0,0,4,1,5,6,1,72,10,1200,1,6,PEUGEOT 208,5,E01026751,0,-1
2020200953737,2020,200953737,3,9,0,18,19,2,6,0,0,2,0,0,0,0,1,1,6,6,2,22,5,1200,1,7,PEUGEOT 208,3,E01008953,0,-1
202063A043720,2020,63A043720,2,9,0,18,19,7,4,0,0,8,0,0,0,0,4,1,6,6,2,22,5,1560,2,4,PEUGEOT 208,8,W01000622,0,-1
2020420936847,2020,420936847,1,9,0,18,19,5,1,0,0,2,0,0,0,0,4,1,6,6,2,60,9,1398,2,7,PEUGEOT 208,8,E01021350,0,-1
2020010254152,2020,010254152,1,9,0,18,19,7,3,0,0,8,0,0,0,0,1,1,1,1,2,52,8,1200,1,5,PEUGEOT 208,2,E01001487,0,-1
2020010280037,2020,010280037,1,9,0,1,1,7,3,0,0,1,0,0,0,0,4,1,2,2,1,24,5,1200,1,5,PEUGEOT 208,2,E01003037,0,-1
2020430020662,2020,430020662,2,9,0,18,19,6,2,0,0,3,0,0,4,1,4,1,6,6,2,53,8,1560,2,3,PEUGEOT 208,5,W01000566,0,-1
2020460965083,2020,460965083,1,9,0,18,19,4,8,0,0,1,0,0,0,0,3,1,6,6,1,18,4,1200,1,3,PEUGEOT 208,2,E01016041,0,-1
2020370968459,2020,370968459,1,9,0,18,19,3,7,0,0,8,0,0,0,0,1,1,2,2,2,31,6,1397,1,8,PEUGEOT 208,6,E01030150,0,-1
2020520003868,2020,520003868,3,9,0,10,10,3,1,0,0,1,0,0,0,0,1,1,6,6,2,50,8,1199,1,1,PEUGEOT 208,6,E01029300,0,-1
2020991001348,2020,991001348,2,9,0,18,19,5,1,0,0,1,0,0,0,0,1,1,1,1,1,34,6,1598,1,4,PEUGEOT 208,9,-1,0,-1
2020041004834,2020,041004834,1,9,0,16,19,1,5,0,0,0,0,0,7,4,3,1,5,6,1,20,4,1200,1,1,PEUGEOT 208,2,E01006415,0,-1
2020370959513,2020,370959513,1,9,0,18,19,3,7,0,0,2,0,0,0,0,3,1,5,6,2,27,6,1200,1,2,PEUGEOT 208,9,E01026587,0,-1
202006J371752,2020,06J371752,2,9,0,18,19,4,8,0,0,8,0,0,0,0,1,1,6,6,2,64,9,1560,2,5,PEUGEOT 208,4,E01005462,0,-1
2020010253429,2020,010253429,1,9,0,8,8,1,3,0,0,1,0,0,0,0,3,1,6,6,2,25,5,1200,1,0,PEUGEOT 208,-1,-1,0,-1
202063A044320,2020,63A044320,1,9,0,18,19,2,6,0,0,0,0,0,0,0,1,1,6,6,2,22,5,1560,2,4,PEUGEOT 208,2,W01000625,0,-1
2020622000981,2020,622000981,3,9,0,2,2,0,0,0,0,0,0,0,0,0,1,1,6,6,1,55,8,1200,1,2,PEUGEOT 208,3,W01001181,0,-1
2020137BD0237,2020,137BD0237,3,9,0,18,19,3,7,0,0,8,0,0,0,0,1,1,2,2,2,54,8,1200,1,5,PEUGEOT 208,3,E01011718,0,-1
2020622000457,2020,622000457,2,9,0,18,19,8,4,0,0,8,0,0,0,0,3,1,6,6,2,43,7,1397,1,8,PEUGEOT 208,2,W01001872,0,-1
2020010271869,2020,010271869,2,9,0,18,19,7,3,0,0,1,0,0,0,0,1,1,2,2,2,39,7,1200,1,2,PEUGEOT 208,9,E01003363,0,-1
20201376H1863,2020,1376H1863,2,9,0,18,19,3,6,0,0,1,0,0,0,0,1,1,6,6,1,47,8,1398,2,7,PEUGEOT 208,9,E01011923,0,-1
2020200935738,2020,200935738,1,9,0,18,19,8,4,0,0,0,0,0,0,0,1,1,3,7,2,29,6,1200,1,6,PEUGEOT 208,2,E01009517,0,-1
2020201023268,2020,201023268,1,9,0,18,19,4,8,0,0,8,0,0,0,0,2,1,6,6,1,28,6,1397,1,7,PEUGEOT 208,1,E01010294,0,-1
2020500989145,2020,500989145,1,9,0,7,7,5,7,0,0,4,0,0,0,0,1,1,6,6,2,60,9,1200,1,4,PEUGEOT 208,5,E01019032,0,-1
2020400956113,2020,400956113,1,9,0,9,9,1,3,0,0,0,0,0,7,0,2,1,5,6,2,32,6,1200,1,5,PEUGEOT 208,7,E01017379,0,-1
2020500965047,2020,500965047,2,9,0,7,7,3,5,0,0,6,0,0,0,0,3,1,6,6,2,61,9,1200,1,7,PEUGEOT 208,5,E01018923,0,-1
2020100929837,2020,100929837,1,9,0,18,19,3,7,0,0,0,0,0,0,0,1,1,5,6,1,87,11,1200,1,6,PEUGEOT 208,3,E01008636,0,-1
2020520101169,2020,520101169,1,9,0,5,5,5,1,0,0,6,0,0,0,0,1,1,6,6,2,49,8,1560,2,7,PEUGEOT 208,4,E01032036,0,-1
2020200929842,2020,200929842,1,9,0,9,9,7,4,0,0,5,0,0,0,0,4,1,6,6,2,23,5,1200,1,3,PEUGEOT 208,1,E01009197,0,-1
2020160965961,2020,160965961,3,9,0,18,19,1,5,0,0,0,0,0,0,0,3,1,6,6,2,37,7,1398,2,6,PEUGEOT 208,10,E01013118,0,-1
2020420965946,2020,420965946,2,9,0,18,19,7,3,0,0,0,0,0,0,0,2,1,5,6,1,53,8,1200,1,3,PEUGEOT 208,2,E01007294,0,-1
2020160986081,2020,160986081,2,9,0,18,19,2,6,0,0,0,1,0,0,0,3,1,6,6,2,59,9,1398,2,7,PEUGEOT 208,7,E01013096,0,-1
2020460965152,2020,460965152,2,9,0,18,19,6,8,0,0,4,0,0,0,0,3,1,5,6,2,22,5,1200,1,3,PEUGEOT 208,6,E01024571,0,-1
2020500957443,2020,500957443,2,9,0,17,19,4,1,0,0,0,0,0,0,0,3,1,5,6,1,72,10,1200,1,6,PEUGEOT 208,4,E01019049,0,-1
2020990975199,2020,990975199,2,9,0,18,19,1,5,0,0,8,0,0,0,0,1,1,5,6,1,22,5,1200,1,0,PEUGEOT 208,-1,-1,0,-1
2020200930990,2020,200930990,1,9,0,7,7,1,3,0,0,6,0,0,0,0,1,1,6,6,2,28,6,1200,1,7,PEUGEOT 208,3,E01010451,0,-1
2020220991230,2020,220991230,1,9,0,4,4,5,1,7,6,0,0,0,0,0,2,1,1,1,1,49,8,1200,1,0,PEUGEOT 208,3,E01014010,0,-1
2020010264321,2020,010264321,2,9,0,18,19,7,3,0,0,8,0,0,0,0,1,1,6,6,2,44,7,1200,1,2,PEUGEOT 208,8,E01021621,0,-1
2020100937678,2020,100937678,2,9,0,18,19,3,7,0,0,8,0,0,0,0,1,1,6,6,2,52,8,1200,1,3,PEUGEOT 208,-1,-1,0,-1
2020010270185,2020,010270185,1,9,0,99,99,9,9,99,99,9,9,99,9,99,2,9,6,6,1,30,6,1200,1,6,PEUGEOT 208,5,E01023400,0,-1
2020052001512,2020,052001512,2,9,0,3,3,5,1,0,0,0,0,0,0,0,2,1,6,6,2,23,5,1000,1,6,PEUGEOT 208,8,E01007241,0,-1
2020451000107,2020,451000107,1,9,0,18,19,1,3,0,0,0,2,0,1,11,1,1,5,6,1,22,5,1598,1,7,PEUGEOT 208,10,E01030638,0,-1
2020460975464,2020,460975464,2,9,0,18,19,4,8,0,0,2,0,0,0,0,1,1,5,6,1,25,5,1598,1,7,PEUGEOT 208,2,E01016061,0,-1
2020010277927,2020,010277927,1,9,0,17,19,7,3,0,0,2,0,0,0,0,3,1,2,2,1,53,8,1498,2,1,PEUGEOT 208,4,E01000472,0,-1
2020360956655,2020,360956655,2,9,0,5,5,-1,-1,0,0,2,0,0,0,0,-1,1,5,6,2,20,4,1200,1,4,PEUGEOT 208,4,E01033041,0,-1
2020420980764,2020,420980764,2,9,0,18,19,8,4,0,0,1,1,0,0,0,4,1,6,6,2,61,9,1560,2,8,PEUGEOT 208,6,E01022053,0,-1
2020470992986,2020,470992986,2,9,0,18,19,6,8,0,0,8,0,0,0,0,4,1,1,1,2,48,8,1200,1,4,PEUGEOT 208,5,E01031403,0,-1
202006F274585,2020,06F274585,2,9,0,18,19,3,7,0,0,8,0,0,0,0,1,1,6,6,2,20,4,1200,1,8,PEUGEOT 208,1,E01005733,0,-1
2020201018339,2020,201018339,2,9,0,16,19,2,6,0,0,8,0,0,0,0,4,1,6,6,1,36,7,1200,1,0,PEUGEOT 208,3,E01009876,0,-1
2020500960774,2020,500960774,2,9,0,5,5,5,7,0,0,1,0,0,0,0,1,1,6,6,2,26,6,1398,2,6,PEUGEOT 208,6,E01020209,0,-1
2020440061944,2020,440061944,1,9,0,18,19,5,1,0,0,3,0,0,0,0,4,1,2,2,2,31,6,1000,1,7,PEUGEOT 208,4,E01023192,0,-1
2020010264756,2020,010264756,2,9,0,2,2,0,0,0,0,0,0,0,7,0,4,1,6,6,3,-1,-1,1200,1,6,PEUGEOT 208,-1,-1,0,-1
2020420927247,2020,420927247,1,9,0,9,9,1,5,0,0,5,0,0,0,0,3,1,5,6,1,51,8,1398,2,5,PEUGEOT 208,5,E01021417,0,-1
2020990928240,2020,990928240,2,9,0,5,5,3,7,0,0,0,0,0,0,0,2,1,5,6,2,21,5,1199,1,4,PEUGEOT 208,8,-1,0,-1
2020522001730,2020,522001730,1,9,0,3,3,1,5,0,0,0,0,0,0,0,2,1,6,6,2,21,5,1200,1,1,PEUGEOT 208,2,E01014529,0,-1
2020140993966,2020,140993966,2,9,0,1,1,7,3,0,0,1,0,0,0,0,2,1,1,1,1,-1,-1,1560,2,5,PEUGEOT 208,2,E01007336,0,-1
20201377J1670,2020,1377J1670,1,9,0,2,2,0,0,0,0,0,0,0,0,0,0,1,6,6,1,25,5,1560,2,3,PEUGEOT 208,-1,-1,0,-1
2020522101365,2020,522101365,1,9,0,5,5,5,1,0,0,0,0,0,0,0,1,1,6,6,1,65,9,1200,1,5,PEUGEOT 208,4,E01014815,0,-1
2020610049820,2020,610049820,1,9,0,18,19,8,4,0,0,4,0,0,0,0,2,1,6,6,2,22,5,1560,2,3,PEUGEOT 208,6,W01001463,0,-1
2020302001231,2020,302001231,1,9,0,18,19,6,2,0,0,0,0,0,0,0,1,1,6,6,1,27,6,1199,1,1,PEUGEOT 208,1,E01009488,0,-1
2020160980924,2020,160980924,1,9,0,18,19,4,8,0,0,0,0,0,0,0,4,1,6,6,2,42,7,1000,1,5,PEUGEOT 208,1,E01012877,0,-1
2020461007355,2020,461007355,2,9,0,9,9,2,7,0,0,0,0,0,0,0,4,1,5,6,1,33,6,1200,1,4,PEUGEOT 208,9,E01024450,0,-1
2020430316084,2020,430316084,1,9,0,18,19,4,8,0,0,1,0,0,0,0,1,1,6,6,1,23,5,1200,1,2,PEUGEOT 208,10,E01017819,0,-1
2020200947024,2020,200947024,2,9,0,4,4,4,8,0,0,1,0,0,0,0,2,1,1,1,2,27,6,1398,2,5,PEUGEOT 208,5,E01009009,0,-1
2020500995959,2020,500995959,1,9,0,18,19,7,3,0,0,8,0,0,0,0,1,1,6,6,1,70,10,1200,1,5,PEUGEOT 208,9,E01020151,0,-1
2020470957132,2020,470957132,1,9,0,9,9,1,7,0,0,1,0,0,0,0,1,1,5,6,2,45,7,1200,1,7,PEUGEOT 208,6,E01025066,0,-1
2020320479024,2020,320479024,2,9,0,17,19,1,5,0,0,1,0,0,0,0,1,1,6,6,2,39,7,1560,2,2,PEUGEOT 208,7,E01026199,0,-1
2020420939079,2020,420939079,2,9,0,18,19,7,1,0,0,0,0,0,0,0,1,1,6,6,2,18,4,1398,2,7,PEUGEOT 208,5,E01021399,0,-1
2020070507748,2020,070507748,3,9,0,4,4,6,8,0,0,3,0,0,0,0,2,1,6,6,1,42,7,1398,2,7,PEUGEOT 208,3,E01018552,0,-1
2020122000520,2020,122000520,1,9,0,9,9,5,3,0,0,8,0,0,0,0,3,1,6,6,2,23,5,1200,1,4,PEUGEOT 208,7,E01027808,0,-1
2020010277382,2020,010277382,1,9,0,99,99,9,9,99,99,0,9,99,9,99,4,9,2,2,2,25,5,1200,1,4,PEUGEOT 208,8,E01002495,0,-1
2020140919286,2020,140919286,2,9,0,3,3,2,6,0,0,1,0,0,0,0,2,1,1,1,1,35,6,1498,2,1,PEUGEOT 208,1,E01033269,0,-1
2020230924682,2020,230924682,2,9,0,4,4,6,2,0,0,0,0,0,0,0,1,1,2,2,2,24,5,1200,1,1,PEUGEOT 208,6,E01031206,0,-1
2020010289626,2020,010289626,1,9,0,99,99,9,9,99,99,9,9,99,9,99,9,9,2,2,1,42,7,1397,1,8,PEUGEOT 208,2,E01004230,0,-1
2020350996172,2020,350996172,1,9,0,9,9,5,2,0,0,8,0,0,0,0,1,1,6,6,1,67,10,1199,1,1,PEUGEOT 208,9,E01018015,0,-1
2020500987674,2020,500987674,2,9,0,9,9,4,2,0,0,6,0,0,0,0,3,1,6,6,2,34,6,1200,1,1,PEUGEOT 208,3,E01014540,0,-1
2020360982295,2020,360982295,1,9,0,18,19,7,3,0,0,0,0,0,0,0,2,1,2,2,2,61,9,1200,1,0,PEUGEOT 208,8,E01026454,0,-1
2020230967847,2020,230967847,1,9,0,18,19,2,6,0,0,3,0,0,0,0,4,1,2,2,1,28,6,1560,2,4,PEUGEOT 208,3,E01031059,0,-1
2020460922149,2020,460922149,1,9,0,18,19,6,2,0,0,1,0,0,0,0,4,1,3,7,2,73,10,1398,2,7,PEUGEOT 208,3,E01016152,0,-1
2020040922796,2020,040922796,3,9,0,3,3,1,5,0,0,0,0,2,1,0,2,1,2,2,2,20,4,1200,1,6,PEUGEOT 208,1,E01025590,0,-1