collision_index,collision_year,collision_ref_no,vehicle_reference,vehicle_type,towing_and_articulation,vehicle_manoeuvre_historic,vehicle_manoeuvre,vehicle_direction_from,vehicle_direction_to,vehicle_location_restricted_lane_historic,vehicle_location_restricted_lane,junction_location,skidding_and_overturning,hit_object_in_carriageway,vehicle_leaving_carriageway,hit_object_off_carriageway,first_point_of_impact,vehicle_left_hand_drive,journey_purpose_of_driver_historic,journey_purpose_of_driver,sex_of_driver,age_of_driver,age_band_of_driver,engine_capacity_cc,propulsion_code,age_of_vehicle,generic_make_model,driver_imd_decile,lsoa_of_driver,escooter_flag,driver_distance_banding
2020460937075,2020,460937075,1,9,0,10,10,7,3,0,0,7,0,0,0,0,1,1,5,6,2,-1,-1,999,1,6,VOLKSWAGEN UP,4,E01031550,0,-1
2020610007320,2020,610007320,2,9,0,4,4,2,6,0,0,1,0,0,0,0,1,1,6,6,2,72,10,999,1,5,VOLKSWAGEN UP,3,W01001455,0,-1
2020200983400,2020,200983400,2,9,0,3,3,4,8,0,0,1,0,0,0,0,1,1,2,2,2,61,9,999,1,0,VOLKSWAGEN UP,2,E01010073,0,-1
2020040958623,2020,040958623,1,9,0,9,9,7,3,0,0,0,0,0,0,0,4,1,5,6,1,22,5,999,1,7,VOLKSWAGEN UP,7,E01025130,0,-1
2020122000291,2020,122000291,2,9,0,4,4,8,4,0,0,0,0,0,0,0,1,1,6,6,2,27,6,999,1,3,VOLKSWAGEN UP,4,E01027810,0,-1
2020100997062,2020,100997062,2,9,0,9,9,1,3,0,0,8,0,0,0,0,4,1,5,6,2,76,11,999,1,3,VOLKSWAGEN UP,8,E01008553,0,-1
2020100917075,2020,100917075,2,9,0,18,19,2,6,0,0,0,0,0,0,0,3,1,2,2,1,21,5,999,1,8,VOLKSWAGEN UP,-1,-1,0,-1
2020411006147,2020,411006147,1,9,0,7,7,1,3,0,0,4,0,0,0,0,1,1,5,6,2,28,6,999,1,8,VOLKSWAGEN UP,3,E01023958,0,-1
2020552000411,2020,552000411,2,9,0,18,19,8,4,0,0,0,0,0,1,10,1,1,6,6,2,37,7,999,1,6,VOLKSWAGEN UP,10,E01023067,0,-1
2020220996343,2020,220996343,1,9,0,17,19,6,3,0,0,8,0,0,0,0,4,1,3,7,2,32,6,999,1,8,VOLKSWAGEN UP,4,E01032342,0,-1
2020470965876,2020,470965876,2,9,0,10,10,1,7,0,0,1,0,0,0,0,3,1,5,6,1,63,9,999,1,2,VOLKSWAGEN UP,10,E01016627,0,-1
2020100938557,2020,100938557,3,9,0,8,8,1,6,0,0,1,0,0,0,0,2,1,6,6,2,23,5,999,1,3,VOLKSWAGEN UP,-1,-1,0,-1
2020450946957,2020,450946957,1,9,0,18,19,1,5,0,0,8,0,0,0,0,3,1,5,6,1,49,8,999,1,7,VOLKSWAGEN UP,10,E01030444,0,-1
2020350991435,2020,350991435,1,9,0,18,19,5,7,0,0,8,0,0,0,0,1,1,1,1,1,23,5,999,1,4,VOLKSWAGEN UP,3,E01018072,0,-1
2020440283035,2020,440283035,1,9,0,5,5,4,8,0,0,7,0,0,0,0,1,1,6,6,2,18,4,999,1,5,VOLKSWAGEN UP,9,E01030326,0,-1
2020430015137,2020,430015137,2,9,0,18,19,2,6,0,0,1,0,0,0,0,4,1,6,6,1,63,9,999,1,7,VOLKSWAGEN UP,-1,-1,0,-1
2020010240187,2020,010240187,2,9,0,18,19,3,7,0,0,1,0,0,0,0,2,1,2,2,1,21,5,999,1,8,VOLKSWAGEN UP,-1,-1,0,-1
202006N273093,2020,06N273093,1,9,0,18,19,5,1,0,0,1,2,0,0,0,4,1,6,6,1,18,4,999,1,7,VOLKSWAGEN UP,1,E01004987,0,-1
2020230943992,2020,230943992,1,9,0,6,6,2,2,0,0,8,0,0,0,0,3,1,5,6,2,28,6,999,1,8,VOLKSWAGEN UP,10,E01031289,0,-1
2020552000083,2020,552000083,4,9,0,2,2,0,0,0,0,0,0,0,0,0,2,1,6,6,3,-1,-1,999,1,4,VOLKSWAGEN UP,-1,-1,0,-1
2020320124567,2020,320124567,1,9,0,18,19,1,5,0,0,6,0,0,8,9,3,1,1,1,1,66,10,999,1,4,VOLKSWAGEN UP,6,E01026242,0,-1
2020230937257,2020,230937257,3,9,0,4,4,5,1,0,0,4,0,0,0,0,2,1,5,6,1,46,8,999,1,4,VOLKSWAGEN UP,8,E01032233,0,-1
2020430446170,2020,430446170,2,9,0,2,2,0,0,0,0,1,0,0,0,0,2,1,6,6,3,-1,-1,999,1,7,VOLKSWAGEN UP,-1,-1,0,-1
2020361009628,2020,361009628,2,9,5,18,19,2,6,0,0,0,0,0,0,0,2,1,5,6,2,21,5,999,1,8,VOLKSWAGEN UP,10,E01026907,0,-1
2020040962800,2020,040962800,4,9,0,18,19,2,6,0,0,0,0,0,0,0,1,1,2,2,2,22,5,999,1,5,VOLKSWAGEN UP,10,E01025345,0,-1
2020420935448,2020,420935448,1,9,0,18,19,7,3,0,0,0,0,0,0,0,1,1,5,6,1,18,4,999,1,7,VOLKSWAGEN UP,5,E01021680,0,-1
2020990983444,2020,990983444,1,9,0,9,9,8,7,0,0,6,0,0,0,0,3,1,1,1,1,54,8,999,1,2,VOLKSWAGEN UP,3,-1,0,-1
2020010286690,2020,010286690,2,9,0,99,99,9,9,99,99,9,9,99,9,99,1,9,6,6,2,24,5,999,1,8,VOLKSWAGEN UP,7,E01031319,0,-1
2020010253471,2020,010253471,2,9,0,3,3,1,5,0,0,1,0,0,0,0,0,1,1,1,2,53,8,999,1,7,VOLKSWAGEN UP,-1,-1,0,-1
2020420969389,2020,420969389,1,9,0,16,19,3,7,0,0,0,1,0,0,0,3,1,6,6,1,46,8,999,1,5,VOLKSWAGEN UP,7,E01022098,0,-1
2020010281585,2020,010281585,2,9,0,18,19,7,3,0,0,0,0,0,0,0,1,1,6,6,2,24,5,999,1,5,VOLKSWAGEN UP,10,E01000756,0,-1
2020460962155,2020,460962155,3,9,0,18,19,3,7,0,0,1,0,0,1,0,1,1,5,6,2,18,4,999,1,6,VOLKSWAGEN UP,10,E01024854,0,-1
2020360945135,2020,360945135,1,9,0,18,19,6,2,0,0,0,0,0,0,0,1,1,2,2,2,59,9,999,1,4,VOLKSWAGEN UP,7,E01026837,0,-1
2020360949455,2020,360949455,2,9,-1,18,19,3,5,0,0,1,0,0,0,0,3,1,6,6,2,-1,-1,999,1,1,VOLKSWAGEN UP,6,E01026524,0,-1
2020430160441,2020,430160441,1,9,0,6,6,5,5,0,0,0,0,0,0,0,1,1,6,6,2,84,11,999,1,7,VOLKSWAGEN UP,7,E01028544,0,-1
2020040968940,2020,040968940,1,9,0,17,19,1,5,9,9,0,0,11,1,10,1,1,5,6,1,80,11,999,1,4,VOLKSWAGEN UP,9,E01024964,0,-1
2020552001066,2020,552001066,1,9,0,18,19,4,8,0,0,4,0,0,0,0,1,1,6,6,2,26,6,999,1,0,VOLKSWAGEN UP,8,E01020473,0,-1
2020470980438,2020,470980438,2,9,0,9,9,6,3,0,0,8,0,0,0,0,3,1,5,6,2,73,10,999,1,5,VOLKSWAGEN UP,4,E01031657,0,-1
2020991003886,2020,991003886,4,9,0,18,19,6,2,0,0,0,0,0,0,0,2,1,5,6,2,24,5,999,1,6,VOLKSWAGEN UP,10,-1,0,-1
2020451006384,2020,451006384,1,9,0,3,3,4,8,0,0,1,1,0,0,0,2,1,5,6,2,19,4,999,1,7,VOLKSWAGEN UP,8,E01030335,0,-1
2020140986424,2020,140986424,2,9,0,9,9,5,1,0,0,6,0,0,0,0,3,1,6,6,1,25,5,999,1,2,VOLKSWAGEN UP,6,E01032551,0,-1
2020460984931,2020,460984931,1,9,0,18,19,3,7,0,0,1,0,0,0,0,1,1,6,6,2,-1,-1,999,1,5,VOLKSWAGEN UP,4,E01016135,0,-1
20201375L2003,2020,1375L2003,1,9,0,16,19,4,8,0,0,0,1,0,0,0,1,1,6,6,1,20,4,999,1,6,VOLKSWAGEN UP,1,E01010943,0,-1
2020140992283,2020,140992283,2,9,0,9,9,6,3,0,0,1,0,0,0,0,4,1,5,6,1,25,5,999,1,2,VOLKSWAGEN UP,8,E01008149,0,-1
2020160980356,2020,160980356,1,9,0,13,13,6,2,0,0,1,0,0,0,0,4,1,6,6,1,-1,-1,999,1,5,VOLKSWAGEN UP,4,E01012938,0,-1
2020411006202,2020,411006202,2,9,0,18,19,7,2,0,0,8,0,0,0,0,1,1,6,6,2,18,4,999,1,5,VOLKSWAGEN UP,10,E01023503,0,-1
2020450977133,2020,450977133,1,9,0,9,9,3,7,0,0,8,0,0,0,0,2,1,5,6,2,49,8,999,1,4,VOLKSWAGEN UP,10,E01030898,0,-1
2020530998250,2020,530998250,2,9,0,3,3,2,6,0,0,0,0,0,0,0,2,1,6,6,2,20,4,999,1,6,VOLKSWAGEN UP,10,E01022339,0,-1
2020370954065,2020,370954065,2,9,0,18,19,2,7,0,0,0,5,0,0,0,4,1,5,6,2,43,7,999,1,4,VOLKSWAGEN UP,8,E01033044,0,-1
2020522004958,2020,522004958,1,9,0,18,19,5,3,0,0,0,0,0,7,10,1,1,6,6,2,48,8,999,1,2,VOLKSWAGEN UP,10,E01014434,0,-1
2020470996749,2020,470996749,2,9,0,9,9,7,5,0,0,8,0,0,0,0,3,1,2,2,2,43,7,999,1,3,VOLKSWAGEN UP,6,E01031669,0,-1
2020470939885,2020,470939885,2,9,0,11,11,5,2,0,0,3,0,0,0,0,1,1,5,6,2,84,11,999,1,7,VOLKSWAGEN UP,6,E01016878,0,-1
202031C150620,2020,31C150620,2,9,0,5,5,5,1,0,0,8,0,0,0,0,1,1,6,6,1,66,10,999,1,4,VOLKSWAGEN UP,5,E01028161,0,-1
2020470941465,2020,470941465,2,9,0,10,10,1,7,0,0,1,0,0,0,0,2,1,5,6,1,49,8,999,1,4,VOLKSWAGEN UP,8,E01031587,0,-1
2020990990201,2020,990990201,2,9,0,18,19,5,1,0,0,1,0,0,3,0,1,1,5,6,2,28,6,999,1,2,VOLKSWAGEN UP,-1,-1,0,-1
2020990963116,2020,990963116,3,9,0,18,19,5,1,0,0,1,0,11,0,0,1,1,6,6,2,18,4,999,1,5,VOLKSWAGEN UP,7,-1,0,-1
2020460964610,2020,460964610,2,9,0,9,9,7,5,0,0,2,1,0,0,0,3,1,5,6,2,24,5,999,1,4,VOLKSWAGEN UP,4,E01024620,0,-1
2020231034742,2020,231034742,2,9,0,18,19,4,8,0,0,8,0,0,0,0,1,1,5,6,2,23,5,999,1,7,VOLKSWAGEN UP,2,E01031010,0,-1
2020430342335,2020,430342335,1,9,0,18,19,5,1,0,0,6,0,0,0,0,1,1,6,6,2,46,8,999,1,4,VOLKSWAGEN UP,4,E01016378,0,-1
2020010282978,2020,010282978,1,9,0,6,6,7,7,0,0,1,0,0,0,0,3,1,6,6,1,55,8,999,1,4,VOLKSWAGEN UP,8,E01004074,0,-1
2020411020038,2020,411020038,1,9,0,18,19,1,5,0,0,0,0,0,0,0,1,1,5,6,1,28,6,999,1,5,VOLKSWAGEN UP,10,E01023826,0,-1
2020141005668,2020,141005668,2,9,0,11,11,1,5,0,0,3,0,0,0,0,4,1,6,6,2,20,4,999,1,6,VOLKSWAGEN UP,2,E01019567,0,-1
2020991001971,2020,991001971,1,9,0,18,19,3,7,0,0,8,0,0,0,0,4,1,6,6,2,74,10,999,1,2,VOLKSWAGEN UP,2,-1,0,-1
2020622000524,2020,622000524,4,9,0,10,10,4,8,0,0,1,0,0,0,0,0,1,6,6,2,75,10,999,1,1,VOLKSWAGEN UP,1,W01001221,0,-1
2020460966583,2020,460966583,1,9,0,18,19,7,3,0,0,0,0,0,0,0,1,1,6,6,1,-1,-1,999,1,6,VOLKSWAGEN UP,7,E01002927,0,-1
2020470985089,2020,470985089,2,9,0,17,19,7,4,0,0,1,0,0,0,0,1,1,6,6,2,19,4,999,1,4,VOLKSWAGEN UP,9,E01016924,0,-1
2020170M21330,2020,170M21330,1,9,0,18,19,4,8,0,0,1,0,0,0,0,3,1,6,6,1,-1,-1,999,1,6,VOLKSWAGEN UP,6,E01012290,0,-1
2020170S10720,2020,170S10720,2,9,0,18,19,1,2,0,0,0,0,0,0,0,2,1,6,6,1,61,9,999,1,8,VOLKSWAGEN UP,6,E01020815,0,-1
20201378O1266,2020,1378O1266,1,9,0,18,19,5,1,0,0,1,0,0,0,0,1,1,6,6,2,78,11,999,1,0,VOLKSWAGEN UP,6,E01010640,0,-1
2020230943720,2020,230943720,3,9,0,3,3,6,2,0,0,0,0,0,0,0,2,1,5,6,2,20,4,999,1,7,VOLKSWAGEN UP,10,E01031292,0,-1
2020520004210,2020,520004210,1,9,0,18,19,7,3,0,0,2,0,7,0,0,3,1,6,6,2,18,4,999,1,4,VOLKSWAGEN UP,9,E01029145,0,-1
2020010228632,2020,010228632,1,9,0,6,6,8,8,0,0,0,0,0,0,0,0,1,6,6,2,54,8,999,1,8,VOLKSWAGEN UP,1,E01002870,0,-1
2020500998255,2020,500998255,1,9,0,18,19,3,7,0,0,0,5,0,7,0,1,1,5,6,2,24,5,999,1,6,VOLKSWAGEN UP,2,E01018867,0,-1
2020610036720,2020,610036720,1,9,0,18,19,3,1,0,0,2,0,0,0,0,2,1,6,6,2,57,9,999,1,7,VOLKSWAGEN UP,5,W01001649,0,-1
2020340D01432,2020,340D01432,3,9,0,18,19,6,2,0,0,0,0,0,0,0,1,1,6,6,2,22,5,999,1,6,VOLKSWAGEN UP,9,E01031219,0,-1
2020470993039,2020,470993039,2,9,0,4,4,7,3,0,0,1,0,0,0,0,2,1,1,1,1,25,5,999,1,6,VOLKSWAGEN UP,10,E01030876,0,-1
2020010280179,2020,010280179,1,9,9,99,99,9,9,99,99,9,9,99,9,99,9,9,6,6,1,61,9,999,1,8,VOLKSWAGEN UP,9,E01004087,0,-1
2020070488631,2020,070488631,1,9,0,5,5,1,5,0,0,2,0,0,0,0,3,1,6,6,2,-1,-1,999,1,6,VOLKSWAGEN UP,8,E01012471,0,-1
2020460929045,2020,460929045,3,9,0,3,3,5,1,0,0,0,0,0,0,0,2,1,6,6,1,53,8,999,1,1,VOLKSWAGEN UP,9,E01016081,0,-1
2020500956371,2020,500956371,1,9,0,16,19,4,8,0,0,0,2,10,0,0,1,1,5,6,1,30,6,999,1,7,VOLKSWAGEN UP,6,E01015243,0,-1
2020122000785,2020,122000785,1,9,0,9,9,3,8,0,0,1,0,0,0,0,1,1,6,6,2,64,9,999,1,7,VOLKSWAGEN UP,9,E01013434,0,-1
2020010263023,2020,010263023,2,9,0,18,19,5,1,0,0,1,0,0,0,0,2,1,6,6,2,25,5,999,1,5,VOLKSWAGEN UP,9,E01002471,0,-1
2020552000641,2020,552000641,1,9,0,18,19,7,2,0,0,4,0,0,0,0,1,1,2,2,2,28,6,999,1,7,VOLKSWAGEN UP,4,E01015303,0,-1
2020340S03902,2020,340S03902,2,9,0,2,2,0,0,0,0,0,0,0,0,0,0,1,6,6,1,22,5,999,1,4,VOLKSWAGEN UP,8,E01009812,0,-1
2020141000342,2020,141000342,1,9,0,3,3,1,5,0,0,0,0,0,0,0,2,1,5,6,2,21,5,999,1,0,VOLKSWAGEN UP,9,E01007825,0,-1
2020010264765,2020,010264765,1,9,0,9,9,7,5,0,0,5,0,0,0,0,3,1,6,6,1,38,7,999,1,6,VOLKSWAGEN UP,2,E01004060,0,-1
2020320652979,2020,320652979,1,9,0,9,9,1,7,0,0,1,0,0,0,0,4,1,6,6,2,74,10,999,1,0,VOLKSWAGEN UP,5,E01026367,0,-1
2020990965673,2020,990965673,2,9,0,18,19,6,3,0,0,1,0,0,0,0,1,1,6,6,1,43,7,999,1,2,VOLKSWAGEN UP,4,-1,0,-1
2020221008184,2020,221008184,1,9,0,18,19,2,6,0,0,0,1,0,0,0,1,1,5,6,2,37,7,999,1,8,VOLKSWAGEN UP,4,E01032254,0,-1
2020470976535,2020,470976535,1,9,0,3,3,6,2,0,0,1,0,0,0,0,1,1,6,6,2,78,11,999,1,4,VOLKSWAGEN UP,3,E01031482,0,-1
2020450922277,2020,450922277,1,9,0,3,3,6,2,0,0,0,0,0,0,0,2,1,2,2,2,22,5,999,1,6,VOLKSWAGEN UP,10,E01031502,0,-1
2020170M11810,2020,170M11810,1,9,0,18,19,2,4,0,0,8,0,0,0,0,4,1,6,6,2,83,11,999,1,1,VOLKSWAGEN UP,7,E01012064,0,-1
2020500971887,2020,500971887,1,9,0,5,5,1,5,0,0,6,0,0,0,0,1,1,5,6,2,57,9,999,1,5,VOLKSWAGEN UP,3,E01020225,0,-1
2020400991822,2020,400991822,2,9,0,18,19,2,6,0,0,0,0,0,1,9,1,1,5,6,1,56,9,999,1,6,VOLKSWAGEN UP,6,E01017540,0,-1
2020010277419,2020,010277419,1,9,0,9,9,5,3,0,0,8,0,0,0,0,1,1,6,6,1,47,8,999,1,1,VOLKSWAGEN UP,10,E01023949,0,-1
2020122001121,2020,122001121,2,9,0,13,13,1,5,0,0,1,0,0,0,0,1,1,6,6,2,20,4,999,1,7,VOLKSWAGEN UP,8,E01013450,0,-1
2020451006256,2020,451006256,1,9,0,9,9,3,1,0,0,0,0,4,0,0,1,1,1,1,1,17,4,999,1,0,VOLKSWAGEN UP,6,E01002940,0,-1
2020010270805,2020,010270805,1,9,9,99,99,9,9,99,99,9,9,99,9,99,9,9,6,6,2,50,8,999,1,1,VOLKSWAGEN UP,4,E01002681,0,-1
2020052000235,2020,052000235,2,9,0,18,19,5,1,0,0,0,0,0,0,0,1,1,6,6,2,61,9,999,1,5,VOLKSWAGEN UP,7,E01006947,0,-1
2020010244726,2020,010244726,3,9,0,2,2,0,0,0,0,1,0,0,0,0,2,1,6,6,3,-1,-1,999,1,1,VOLKSWAGEN UP,-1,-1,0,-1
2020170H10260,2020,170H10260,2,9,0,18,19,7,3,0,0,8,0,0,0,0,1,1,6,6,2,68,10,999,1,5,VOLKSWAGEN UP,8,E01011960,0,-1
2020170L30130,2020,170L30130,2,9,0,7,7,1,3,0,0,8,0,0,0,0,4,1,2,2,2,63,9,999,1,8,VOLKSWAGEN UP,7,E01012186,0,-1
2020010282956,2020,010282956,2,9,0,99,99,9,9,99,99,9,9,99,9,99,9,9,6,6,3,-1,-1,999,1,3,VOLKSWAGEN UP,-1,-1,0,-1
2020010284075,2020,010284075,1,9,0,99,99,9,9,99,99,0,9,99,9,99,1,9,6,6,2,18,4,999,1,5,VOLKSWAGEN UP,4,E01002549,0,-1
2020522003102,2020,522003102,1,9,0,3,3,7,3,6,6,0,0,0,0,0,0,1,6,6,2,26,6,999,1,3,VOLKSWAGEN UP,4,E01021833,0,-1
2020040919261,2020,040919261,1,9,0,12,12,1,5,0,0,1,0,0,0,0,4,1,1,1,2,50,8,999,1,4,VOLKSWAGEN UP,7,E01025180,0,-1
2020010242113,2020,010242113,1,9,0,18,19,1,5,0,0,1,0,0,7,0,1,1,6,6,2,32,6,999,1,7,VOLKSWAGEN UP,9,E01023895,0,-1
2020552000087,2020,552000087,2,9,0,3,3,7,3,0,0,0,0,0,0,0,2,1,6,6,2,35,6,999,1,5,VOLKSWAGEN UP,6,E01015454,0,-1
2020420974035,2020,420974035,2,9,0,18,19,1,5,0,0,0,5,0,1,0,1,1,6,6,2,19,4,999,1,8,VOLKSWAGEN UP,-1,-1,0,-1
2020460993379,2020,460993379,2,5,0,14,14,7,3,0,0,1,0,0,0,0,1,1,6,6,1,56,9,1101,1,39,-1,9,E01001020,0,-1
2020122000525,2020,122000525,2,3,0,18,19,6,2,9,9,0,0,0,1,11,2,1,6,6,1,20,4,124,1,2,-1,2,E01027850,0,-1
2020210989580,2020,210989580,2,3,-1,-1,-1,-1,-1,-1,-1,-1,-1,-1,-1,0,-1,1,6,6,1,-1,-1,124,1,1,-1,-1,-1,0,-1
2020320247433,2020,320247433,1,2,0,16,19,3,7,0,0,0,1,0,7,9,1,1,2,2,1,40,7,124,1,2,-1,3,E01026024,0,-1
2020370986877,2020,370986877,1,3,0,16,19,8,3,0,0,0,1,0,0,0,4,1,5,6,1,20,4,124,1,0,-1,4,E01030109,0,-1
2020530917077,2020,530917077,2,3,0,18,19,1,5,0,0,8,0,0,0,0,1,1,5,6,1,17,4,124,1,2,-1,10,E01022350,0,-1
2020320010273,2020,320010273,2,3,0,18,19,8,4,0,0,1,1,0,0,0,1,1,6,6,2,20,4,124,1,1,-1,2,E01026277,0,-1
2020440021515,2020,440021515,2,3,0,13,13,5,8,0,0,8,0,0,0,0,1,1,6,6,1,19,4,125,1,9,-1,10,E01022691,0,-1
2020430425193,2020,430425193,1,90,0,18,19,2,6,0,0,8,0,0,0,0,1,1,1,1,2,23,5,800,1,1,-1,7,E01017577,0,-1
2020010274921,2020,010274921,1,19,0,99,99,9,9,99,99,0,9,99,9,99,1,9,6,6,3,-1,-1,1248,2,6,CITROEN NEMO,6,E01003952,0,-1
2020010282229,2020,010282229,2,19,0,99,99,9,9,99,99,9,9,99,9,99,1,9,6,6,3,-1,-1,1399,2,11,CITROEN NEMO,-1,-1,0,-1
2020552000914,2020,552000914,2,19,0,18,19,4,8,0,0,1,0,0,7,0,4,1,1,1,1,38,7,1399,2,10,CITROEN NEMO,7,E01020429,0,-1
2020451001161,2020,451001161,2,19,0,2,2,0,0,0,0,0,0,0,0,0,3,1,6,6,1,45,7,1248,2,4,CITROEN NEMO,-1,-1,0,-1
2020200972084,2020,200972084,1,19,0,1,1,2,8,0,0,6,0,0,0,0,2,1,1,1,1,27,6,1248,2,9,CITROEN NEMO,5,E01010285,0,-1
2020460946167,2020,460946167,2,19,0,18,19,5,2,0,0,0,0,0,0,0,3,1,5,6,2,32,6,1399,2,11,CITROEN NEMO,8,E01024057,0,-1
202063B011720,2020,63B011720,1,19,0,18,19,4,8,0,0,4,0,0,3,10,1,1,6,6,1,46,8,1248,2,8,CITROEN NEMO,1,W01000631,0,-1
2020010260596,2020,010260596,2,9,0,99,99,9,9,99,99,9,9,99,9,99,9,9,6,6,1,28,6,1360,1,11,-1,6,E01001269,0,-1
2020552100015,2020,552100015,2,19,0,2,2,0,0,9,9,0,0,0,0,0,3,1,6,6,3,-1,-1,1399,2,11,CITROEN NEMO,-1,-1,0,-1
202063D021420,2020,63D021420,1,19,0,17,19,1,6,0,0,0,5,0,2,10,1,1,6,6,1,27,6,1399,2,11,CITROEN NEMO,8,W01000485,0,-1
2020440330093,2020,440330093,1,9,0,4,4,7,3,0,0,0,0,0,0,0,2,1,6,6,1,56,9,1399,2,11,-1,7,E01031849,0,-1
2020010261171,2020,010261171,3,19,0,18,19,7,3,0,0,0,0,0,0,0,1,1,6,6,1,23,5,1248,2,8,CITROEN NEMO,5,E01021410,0,-1
2020440326583,2020,440326583,1,19,0,14,14,4,8,0,0,0,0,0,0,0,1,1,6,6,1,28,6,1248,2,8,CITROEN NEMO,9,E01022560,0,-1
2020501014817,2020,501014817,1,19,0,18,19,5,3,0,0,0,1,0,0,0,1,1,5,6,1,31,6,1248,2,6,CITROEN NEMO,6,E01015252,0,-1
2020360954578,2020,360954578,1,9,0,9,9,5,3,0,0,5,0,0,0,0,1,1,5,6,1,70,10,1399,2,10,-1,5,E01026591,0,-1
2020070211663,2020,070211663,1,19,0,18,19,7,3,0,0,1,0,0,0,0,1,1,6,6,1,26,6,1399,2,12,CITROEN NEMO,2,E01018400,0,-1
2020137831546,2020,137831546,2,19,0,4,4,8,4,0,0,8,0,0,0,0,2,1,2,2,1,39,7,1248,2,6,CITROEN NEMO,1,E01011348,0,-1
2020460972043,2020,460972043,3,9,0,5,5,3,7,0,0,0,0,0,0,0,2,1,5,6,2,41,7,1248,2,8,-1,10,E01024404,0,-1
2020160980877,2020,160980877,2,9,0,9,9,5,7,0,0,5,0,0,0,0,4,1,6,6,2,46,8,1248,2,9,-1,8,E01013185,0,-1
2020141002266,2020,141002266,2,19,0,18,19,4,8,0,0,0,0,0,0,0,2,1,5,6,1,39,7,1248,2,10,CITROEN NEMO,3,E01007433,0,-1
2020230956480,2020,230956480,2,19,0,2,2,0,0,0,0,0,0,0,0,0,1,1,5,6,1,45,7,1248,2,5,CITROEN NEMO,5,E01031266,0,-1
2020461033586,2020,461033586,1,19,0,18,19,1,5,0,0,1,5,0,8,10,1,1,6,6,1,46,8,1248,2,5,CITROEN NEMO,6,E01024345,0,-1
2020400990501,2020,400990501,2,19,0,18,19,5,1,0,0,1,0,0,0,0,1,1,1,1,1,58,9,1399,2,10,CITROEN NEMO,9,E01017558,0,-1
2020460988635,2020,460988635,2,19,0,10,10,5,1,0,0,0,0,0,0,0,2,1,6,6,1,50,8,1360,1,10,CITROEN NEMO,2,E01016042,0,-1
202063B055920,2020,63B055920,3,19,0,2,2,0,0,9,9,0,0,0,1,10,3,1,6,6,2,57,9,1248,2,4,CITROEN NEMO,9,W01000534,0,-1
2020440247878,2020,440247878,1,19,0,9,9,1,7,0,0,8,0,0,0,0,1,1,2,2,1,63,9,1248,2,5,CITROEN NEMO,9,E01022826,0,-1
2020420949929,2020,420949929,1,19,0,17,19,3,1,0,0,0,1,0,1,4,1,1,6,6,1,35,6,1399,2,10,CITROEN NEMO,7,E01021540,0,-1
2020160966236,2020,160966236,2,19,0,4,4,8,4,0,0,0,0,0,0,0,2,1,5,6,1,70,10,1399,2,11,CITROEN NEMO,5,E01013048,0,-1
2020470967252,2020,470967252,1,19,0,18,19,3,7,0,0,0,0,0,0,0,3,1,5,6,1,24,5,1399,2,10,CITROEN NEMO,6,E01031817,0,-1
2020040928317,2020,040928317,1,19,0,18,19,7,3,0,0,1,0,0,0,0,1,1,6,6,1,57,9,1399,2,10,CITROEN NEMO,1,E01025049,0,-1
2020460968498,2020,460968498,2,19,0,7,7,5,1,0,0,0,0,0,0,0,4,1,5,6,1,32,6,1360,7,10,CITROEN NEMO,6,E01016057,0,-1
2020470927992,2020,470927992,1,19,0,2,2,0,0,6,6,1,0,0,0,0,4,1,6,6,3,-1,-1,1248,2,5,CITROEN NEMO,-1,-1,0,-1
2020501005065,2020,501005065,2,19,1,17,19,4,8,0,0,0,0,0,0,0,1,1,2,2,1,58,9,1248,2,7,CITROEN NEMO,4,E01018777,0,-1
2020122000289,2020,122000289,1,19,0,1,1,3,7,6,6,0,0,0,0,0,2,1,1,1,1,34,6,1248,2,5,CITROEN NEMO,5,E01027793,0,-1
2020990932808,2020,990932808,1,19,0,18,19,1,5,0,0,0,0,0,0,0,1,1,1,1,1,66,10,1248,2,8,CITROEN NEMO,3,-1,0,-1
2020010248288,2020,010248288,2,19,0,12,12,7,3,0,0,0,2,0,0,0,2,1,6,6,1,60,9,1360,1,8,CITROEN NEMO,-1,-1,0,-1
2020040968855,2020,040968855,2,9,0,4,4,6,4,0,0,1,0,0,0,0,2,1,5,6,2,58,9,1399,2,10,-1,7,E01025014,0,-1
202063D042620,2020,63D042620,1,90,0,17,19,8,5,0,0,0,1,0,1,10,1,1,6,6,1,27,6,976,1,8,-1,8,E01025793,0,-1
2020140922310,2020,140922310,2,9,0,18,19,5,1,0,0,8,0,0,0,0,4,1,5,6,1,47,8,1968,2,11,-1,5,E01007853,0,-1
2020137CL1296,2020,137CL1296,2,9,0,9,9,5,3,0,0,4,0,0,0,0,1,1,6,6,1,22,5,1968,2,10,-1,5,E01010656,0,-1
2020211010591,2020,211010591,1,9,0,7,7,6,1,0,0,8,0,0,0,0,4,1,6,6,1,23,5,1968,2,10,-1,4,E01029603,0,-1
2020990995947,2020,990995947,1,9,0,18,19,7,3,0,0,0,0,0,0,0,4,1,5,6,1,59,9,1968,2,10,-1,2,-1,0,-1
2020010250916,2020,010250916,2,9,0,18,19,3,7,0,0,1,0,0,0,0,1,1,6,6,1,61,9,1968,2,11,-1,2,E01002710,0,-1
2020200985100,2020,200985100,1,9,0,5,5,8,8,0,0,1,0,0,0,0,3,1,6,6,1,53,8,1200,1,3,-1,1,E01009215,0,-1