collision_index,collision_year,collision_ref_no,vehicle_reference,vehicle_type,towing_and_articulation,vehicle_manoeuvre_historic,vehicle_manoeuvre,vehicle_direction_from,vehicle_direction_to,vehicle_location_restricted_lane_historic,vehicle_location_restricted_lane,junction_location,skidding_and_overturning,hit_object_in_carriageway,vehicle_leaving_carriageway,hit_object_off_carriageway,first_point_of_impact,vehicle_left_hand_drive,journey_purpose_of_driver_historic,journey_purpose_of_driver,sex_of_driver,age_of_driver,age_band_of_driver,engine_capacity_cc,propulsion_code,age_of_vehicle,generic_make_model,driver_imd_decile,lsoa_of_driver,escooter_flag,driver_distance_banding
2020470917689,2020,470917689,2,9,0,18,19,4,8,0,0,1,0,0,0,0,4,1,3,7,1,75,10,1200,1,2,-1,5,E01021059,0,-1
2020500988896,2020,500988896,4,9,0,2,2,0,0,0,0,0,0,0,0,0,3,1,6,6,2,56,9,1910,2,17,-1,8,E01019913,0,-1
2020200964674,2020,200964674,1,9,0,7,7,6,8,0,0,6,0,0,0,0,1,1,6,6,1,-1,-1,2446,1,16,-1,-1,-1,0,-1
2020460927913,2020,460927913,2,9,0,18,19,1,5,0,0,1,0,0,0,0,0,1,2,2,1,23,5,1368,1,16,-1,1,E01024657,0,-1
2020470933950,2020,470933950,1,9,0,9,9,4,3,0,0,8,0,0,0,0,4,1,5,6,2,22,5,1368,1,14,-1,6,E01021113,0,-1
2020070497913,2020,070497913,2,9,0,2,2,0,0,6,6,0,0,0,0,0,2,1,6,6,3,19,4,1368,1,16,-1,1,E01012545,0,-1
202063A037420,2020,63A037420,1,9,0,17,19,5,2,0,0,0,0,0,0,0,1,1,6,6,1,77,11,1910,2,15,-1,7,W01000684,0,-1
2020140935435,2020,140935435,1,9,0,18,19,3,7,0,0,0,0,0,0,0,2,1,5,6,1,25,5,1368,1,14,-1,8,E01025280,0,-1
2020350992341,2020,350992341,1,9,-1,-1,-1,1,5,-1,-1,-1,-1,-1,-1,0,-1,1,6,6,3,-1,-1,1368,1,16,-1,-1,-1,0,-1
2020530963931,2020,530963931,1,4,0,17,19,2,6,0,0,2,5,0,1,5,1,1,6,6,1,24,5,471,1,7,HONDA CBR500RA,10,E01022367,0,-1
2020100983195,2020,100983195,2,4,0,18,19,3,7,0,0,1,0,0,0,0,1,1,2,2,1,43,7,471,1,5,HONDA CBR500RA,5,E01008790,0,-1
2020500935495,2020,500935495,1,4,0,17,19,1,5,0,0,0,0,0,1,3,1,1,2,2,1,20,4,471,1,5,HONDA CBR500RA,6,E01018985,0,-1
2020360918916,2020,360918916,2,4,0,18,19,5,1,0,0,8,5,0,0,0,1,1,2,2,1,21,5,471,1,7,HONDA CBR500RA,5,E01026693,0,-1
2020010261863,2020,010261863,2,4,0,3,3,7,3,0,0,0,0,0,0,0,1,1,1,1,1,30,6,471,1,7,HONDA CBR500RA,10,E01030418,0,-1
2020480954964,2020,480954964,2,4,0,3,3,5,3,0,0,1,0,0,0,0,2,1,2,2,1,59,9,471,1,7,HONDA CBR500RA,10,E01000834,0,-1
2020500937999,2020,500937999,1,4,0,18,19,7,3,0,0,0,5,11,0,0,1,1,2,2,1,23,5,471,1,4,HONDA CBR500RA,10,E01020004,0,-1
2020420921135,2020,420921135,2,4,0,18,19,7,3,0,0,8,0,0,0,0,1,1,1,1,1,25,5,471,1,6,HONDA CBR500RA,9,E01021280,0,-1
2020450992502,2020,450992502,2,4,0,18,19,7,3,0,0,0,0,0,0,0,4,1,2,2,1,23,5,471,1,6,HONDA CBR500RA,9,E01023103,0,-1
2020552000783,2020,552000783,2,4,0,18,19,8,3,0,0,8,0,0,0,0,3,1,6,6,2,42,7,471,1,5,HONDA CBR500RA,3,E01015310,0,-1
2020010267765,2020,010267765,1,4,0,99,99,9,9,99,99,9,9,99,9,99,9,1,6,6,1,22,5,471,1,7,HONDA CBR500RA,2,E01002068,0,-1
2020010235608,2020,010235608,1,5,0,14,14,3,7,0,0,0,0,0,0,0,1,1,2,2,1,39,7,471,1,4,-1,6,E01004379,0,-1
202006K268852,2020,06K268852,2,5,0,18,19,5,1,0,0,8,0,0,0,0,1,1,6,6,1,54,8,471,1,1,-1,-1,-1,0,-1
2020010263846,2020,010263846,1,4,0,14,14,7,3,0,0,2,0,0,0,0,1,1,1,1,1,34,6,471,1,7,HONDA CBR500RA,2,E01033581,0,-1
2020450988538,2020,450988538,2,4,0,18,19,1,5,0,0,2,0,0,0,0,1,1,5,6,1,24,5,471,1,7,HONDA CBR500RA,5,E01030572,0,-1
2020470998411,2020,470998411,2,4,0,18,19,7,3,0,0,2,0,0,0,0,1,1,5,6,1,29,6,471,1,7,HONDA CBR500RA,8,E01031439,0,-1
2020990950775,2020,990950775,2,5,0,18,19,8,4,0,0,1,1,0,0,0,1,1,6,6,1,36,7,471,1,4,-1,6,-1,0,-1
2020420948613,2020,420948613,1,4,0,9,9,1,7,0,0,8,0,0,0,0,3,1,5,6,1,22,5,471,1,4,HONDA CBR500RA,3,E01021631,0,-1
2020440378351,2020,440378351,1,4,0,13,13,6,2,0,0,8,0,0,0,0,1,1,6,6,1,31,6,250,1,29,-1,7,E01017367,0,-1
2020010239571,2020,010239571,1,3,0,99,99,9,9,99,99,9,9,99,9,99,1,1,2,2,1,20,4,102,1,13,-1,3,E01000506,0,-1
2020010261821,2020,010261821,1,3,0,99,99,9,9,0,0,1,0,0,0,0,3,1,6,6,3,-1,-1,102,1,13,-1,-1,-1,0,-1
2020500931632,2020,500931632,1,3,0,17,19,1,5,0,0,0,2,0,0,0,0,1,6,6,1,15,3,102,1,14,-1,6,E01019893,0,-1
2020010230578,2020,010230578,2,3,0,13,13,5,1,0,0,0,0,0,0,0,1,1,6,6,1,27,6,102,1,15,-1,3,E01000022,0,-1
2020010251770,2020,010251770,2,3,0,99,99,9,9,99,99,9,9,99,9,99,1,1,2,2,1,22,5,102,1,13,-1,3,E01003785,0,-1
2020361009604,2020,361009604,1,3,0,18,19,3,7,0,0,0,0,12,0,0,4,1,1,1,2,25,5,102,1,14,-1,5,E01033539,0,-1
2020170M20010,2020,170M20010,2,2,0,13,13,8,4,0,0,8,0,0,0,0,1,1,6,6,1,42,7,102,1,13,-1,1,E01012084,0,-1
2020140991997,2020,140991997,1,3,0,7,7,2,4,0,0,2,5,0,0,0,1,1,6,6,3,-1,-1,102,1,13,-1,-1,-1,0,-1
2020010257418,2020,010257418,2,2,0,18,19,5,1,0,0,8,0,0,0,0,1,1,6,6,1,18,4,102,1,13,-1,3,E01004183,0,-1
2020122000658,2020,122000658,1,3,0,16,19,1,5,0,0,0,1,10,0,0,1,1,2,2,1,62,9,102,1,13,-1,3,E01013447,0,-1
2020522004545,2020,522004545,2,3,0,18,19,3,7,0,0,8,0,0,0,0,1,1,6,6,2,20,4,102,1,15,-1,1,E01014832,0,-1
2020990957364,2020,990957364,2,5,0,18,19,4,8,0,0,1,0,0,0,0,1,1,6,6,1,56,9,1261,1,18,-1,9,-1,0,-1
2020340N03462,2020,340N03462,2,5,0,18,19,5,1,0,0,8,5,0,0,0,0,1,6,6,1,33,6,1261,1,16,-1,3,E01027154,0,-1
2020470985310,2020,470985310,1,5,0,18,19,7,3,0,0,0,5,12,1,9,1,1,5,6,1,58,9,1261,1,17,-1,6,E01031484,0,-1
2020622000619,2020,622000619,1,5,0,9,9,8,6,0,0,8,0,0,0,0,0,1,6,6,1,70,10,1261,1,17,-1,7,W01000664,0,-1
2020990994650,2020,990994650,1,3,0,18,19,5,1,0,0,0,0,0,0,0,3,1,5,6,1,24,5,124,1,1,-1,1,-1,0,-1
2020500957960,2020,500957960,1,3,0,5,5,5,1,0,0,8,0,0,0,0,2,1,5,6,1,33,6,124,1,3,-1,8,E01018823,0,-1
2020122000403,2020,122000403,1,3,0,4,4,1,5,0,0,0,1,0,0,0,3,1,6,6,1,20,4,124,1,2,-1,3,E01013004,0,-1
2020530977313,2020,530977313,1,9,0,18,19,4,8,0,0,0,0,0,1,4,1,1,5,6,1,92,11,3994,1,0,-1,7,E01022205,0,-1
2020400986607,2020,400986607,2,9,0,3,3,7,3,0,0,0,0,0,0,0,2,1,5,6,2,71,10,1598,1,4,MINI PACEMAN,7,E01017511,0,-1
2020010264334,2020,010264334,1,9,0,4,4,5,1,0,0,2,0,0,0,0,4,1,6,6,1,36,7,1598,1,4,MINI PACEMAN,7,E01002372,0,-1
2020140984392,2020,140984392,1,9,0,7,7,4,7,0,0,1,0,0,0,0,1,1,5,6,2,56,9,1995,2,7,MINI PACEMAN,3,E01011784,0,-1
2020552000465,2020,552000465,2,9,0,18,19,6,2,0,0,0,0,0,0,0,2,1,6,6,1,54,8,1598,1,5,MINI PACEMAN,8,E01020519,0,-1
2020200958144,2020,200958144,3,9,0,2,2,0,0,0,0,0,0,0,0,0,2,1,6,6,3,-1,-1,1598,2,5,MINI PACEMAN,-1,-1,0,-1
2020010248304,2020,010248304,2,9,0,2,2,0,0,0,0,1,0,0,0,0,3,1,6,6,3,-1,-1,1598,2,6,MINI PACEMAN,-1,-1,0,-1
2020137760199,2020,137760199,1,9,0,2,2,8,4,0,0,0,0,0,0,0,2,1,6,6,2,34,6,1598,2,4,MINI PACEMAN,3,E01010584,0,-1
202006P370204,2020,06P370204,1,9,0,10,10,2,8,0,0,8,0,0,1,10,2,1,6,6,2,47,8,1598,1,6,MINI PACEMAN,4,E01005507,0,-1
2020360971082,2020,360971082,2,9,0,18,19,7,3,0,0,0,0,0,0,0,1,1,5,6,1,44,7,1598,1,5,MINI PACEMAN,7,E01030038,0,-1
2020211029355,2020,211029355,2,9,0,18,19,8,4,0,0,0,5,0,0,0,2,1,2,2,2,51,8,1598,2,7,MINI PACEMAN,6,E01029798,0,-1
202063A072620,2020,63A072620,1,9,0,9,9,8,6,0,0,6,0,0,0,0,1,1,1,1,2,26,6,1598,2,6,MINI PACEMAN,8,W01000634,0,-1
2020140991997,2020,140991997,2,9,0,18,19,8,4,0,0,1,0,0,0,0,1,1,6,6,2,28,6,1598,1,7,MINI PACEMAN,1,E01007634,0,-1
2020430389863,2020,430389863,2,9,0,18,19,4,8,0,0,0,0,0,0,0,4,1,6,6,2,-1,-1,1598,1,6,MINI PACEMAN,-1,-1,0,-1
2020450969075,2020,450969075,2,9,0,18,19,3,7,0,0,4,0,4,0,0,1,1,5,6,2,39,7,1598,1,6,MINI PACEMAN,5,E01030962,0,-1
2020010265607,2020,010265607,1,9,0,99,99,9,9,99,99,9,9,99,9,99,2,9,2,2,2,22,5,1995,2,6,MINI PACEMAN,4,E01016163,0,-1
2020010246450,2020,010246450,2,9,0,18,19,1,5,0,0,8,0,0,1,0,3,1,6,6,2,38,7,1995,2,5,MINI PACEMAN,5,E01003142,0,-1
2020030993528,2020,030993528,1,9,0,18,19,1,5,0,0,1,0,0,0,0,1,1,5,6,2,23,5,1995,2,6,MINI PACEMAN,1,E01019267,0,-1
20201371E1419,2020,1371E1419,2,9,0,9,9,6,4,0,0,5,0,0,0,0,2,1,6,6,2,43,7,1995,2,6,MINI PACEMAN,-1,-1,0,-1
2020010269870,2020,010269870,1,9,0,18,19,1,5,0,0,8,0,0,0,0,1,1,6,6,1,25,5,1598,1,7,MINI PACEMAN,1,E01003192,0,-1
2020010229805,2020,010229805,2,9,0,10,10,5,2,0,0,1,0,0,0,0,2,1,6,6,2,35,6,1598,1,4,MINI PACEMAN,5,E01024413,0,-1
2020010275964,2020,010275964,1,9,0,9,9,1,6,0,0,8,0,0,0,0,1,1,6,6,1,42,7,1995,2,5,MINI PACEMAN,8,E01004192,0,-1
2020160946431,2020,160946431,1,9,0,1,1,7,3,0,0,0,0,0,0,0,2,1,6,6,2,-1,-1,1598,1,5,MINI PACEMAN,-1,-1,0,-1
2020340N02292,2020,340N02292,2,9,0,2,2,0,0,0,0,8,0,0,0,0,2,1,6,6,1,75,10,885,1,84,-1,7,E01027204,0,-1
2020500988344,2020,500988344,1,9,0,4,4,3,7,0,0,1,0,0,0,0,1,1,5,6,1,81,11,847,1,88,-1,5,E01020077,0,-1
2020622000787,2020,622000787,2,5,0,7,7,8,3,0,0,3,0,0,0,0,2,1,6,6,1,68,10,1064,1,15,-1,10,W01001793,0,-1
202063B050020,2020,63B050020,1,4,0,18,19,7,3,0,0,0,1,0,1,10,1,1,6,6,1,62,9,1064,1,12,-1,10,E01023878,0,-1
2020470939121,2020,470939121,2,9,0,18,19,5,8,0,0,8,0,0,1,10,4,1,2,2,1,31,6,1468,1,18,-1,8,E01031543,0,-1
2020460969587,2020,460969587,1,9,0,18,19,3,7,0,0,0,0,0,0,0,1,1,1,1,1,78,11,1597,1,13,-1,4,E01024118,0,-1
2020200996620,2020,200996620,2,90,0,9,9,2,7,0,0,5,0,0,0,0,4,1,1,1,1,29,6,-1,2,6,-1,1,E01010466,0,-1
2020231000680,2020,231000680,2,3,0,18,19,1,5,0,0,8,0,0,0,0,4,1,5,6,1,48,8,125,1,1,-1,6,E01031146,0,-1
2020991004865,2020,991004865,2,4,0,17,19,8,5,0,0,3,0,0,0,0,2,1,5,6,2,27,6,125,1,1,-1,7,-1,0,-1
2020470948893,2020,470948893,2,3,0,18,19,7,3,0,0,1,0,0,0,0,1,1,1,1,1,33,6,125,1,0,-1,9,E01031463,0,-1
2020010251217,2020,010251217,2,5,0,18,19,6,2,0,0,0,0,0,0,0,3,1,6,6,1,51,8,645,1,2,MAKE AND MODEL REDACTED,4,E01001090,0,-1
2020360935541,2020,360935541,2,5,0,18,19,1,5,0,0,8,0,0,0,0,3,1,2,2,1,44,7,645,1,3,MAKE AND MODEL REDACTED,5,E01026523,0,-1
2020450998760,2020,450998760,1,5,0,18,19,7,3,0,0,0,0,0,0,0,1,1,6,6,1,33,6,645,1,14,MAKE AND MODEL REDACTED,4,E01031809,0,-1
2020160970532,2020,160970532,2,5,0,4,4,5,1,0,0,1,0,0,0,0,1,1,5,6,1,52,8,645,1,2,MAKE AND MODEL REDACTED,1,E01012892,0,-1
2020990939943,2020,990939943,1,5,0,18,19,1,5,0,0,0,1,0,0,0,0,1,6,6,1,43,7,645,1,12,MAKE AND MODEL REDACTED,-1,-1,0,-1
2020010249556,2020,010249556,2,5,0,4,4,8,4,0,0,1,0,0,0,0,2,-1,2,2,1,62,9,645,1,13,MAKE AND MODEL REDACTED,9,E01000765,0,-1
2020400945896,2020,400945896,2,5,0,13,13,5,1,0,0,0,1,0,0,0,1,1,6,6,1,32,6,645,1,11,MAKE AND MODEL REDACTED,10,E01017393,0,-1
2020990984605,2020,990984605,2,5,0,18,19,5,1,0,0,0,0,0,0,0,0,1,5,6,1,30,6,645,1,6,MAKE AND MODEL REDACTED,4,-1,0,-1
2020340S04772,2020,340S04772,2,5,0,18,19,5,1,0,0,1,0,0,0,0,1,1,6,6,1,38,7,645,1,13,MAKE AND MODEL REDACTED,7,E01027149,0,-1
2020420976922,2020,420976922,1,5,0,17,19,4,8,0,0,0,5,0,1,9,1,1,6,6,1,40,7,749,1,1,-1,3,E01000020,0,-1
20201377U1375,2020,1377U1375,1,5,0,13,13,2,6,0,0,0,5,0,0,0,1,1,6,6,1,38,7,749,1,1,-1,4,E01010591,0,-1
2020450980410,2020,450980410,2,5,0,18,19,3,7,0,0,1,0,0,0,0,2,1,6,6,1,58,9,749,1,0,-1,10,E01030965,0,-1
2020990979471,2020,990979471,2,5,0,5,5,3,7,0,0,4,0,0,0,0,2,1,2,2,2,37,7,749,1,0,-1,9,-1,0,-1
2020200993536,2020,200993536,2,5,0,18,19,2,6,0,0,8,0,0,0,0,2,1,2,2,1,60,9,749,1,0,-1,1,E01010462,0,-1
2020010285075,2020,010285075,2,5,0,13,13,7,3,0,0,1,0,0,0,0,4,1,6,6,1,56,9,749,1,1,-1,3,E01023343,0,-1
2020040976913,2020,040976913,1,5,0,18,19,7,3,0,0,8,1,0,7,1,1,1,5,6,1,31,6,749,1,0,-1,1,E01006873,0,-1
2020010285061,2020,010285061,2,5,0,18,19,3,7,0,0,8,0,0,0,0,1,1,2,2,1,38,7,749,1,1,-1,-1,-1,0,-1
202063A076320,2020,63A076320,1,3,0,18,19,8,4,0,0,1,0,0,0,0,3,1,6,6,1,42,7,125,1,3,-1,3,W01000695,0,-1
2020522100406,2020,522100406,1,3,0,17,19,5,1,0,0,0,1,0,1,4,1,1,6,6,1,21,5,125,1,0,-1,2,E01010019,0,-1
2020010281316,2020,010281316,1,3,0,99,99,9,9,99,99,9,9,99,9,99,1,1,6,6,1,28,6,111,1,4,-1,8,E01000874,0,-1
2020501008727,2020,501008727,1,4,0,18,19,7,3,0,0,1,1,0,0,0,1,1,5,6,1,20,4,124,1,4,YAMAHA WR 125,1,E01015087,0,-1
2020545224320,2020,545224320,1,3,0,18,19,8,4,0,0,8,0,10,1,2,4,1,6,6,1,18,4,124,1,7,YAMAHA WR 125,7,E01015568,0,-1
2020010272301,2020,010272301,1,3,0,13,13,1,5,0,0,1,0,0,0,0,4,1,6,6,1,19,4,124,1,5,YAMAHA WR 125,-1,-1,0,-1
2020111006541,2020,111006541,1,3,0,16,19,4,8,0,0,0,2,0,7,0,1,1,6,6,1,39,7,124,1,9,YAMAHA WR 125,2,E01020734,0,-1
2020100993162,2020,100993162,2,3,0,18,19,5,1,0,0,2,2,0,1,0,3,1,2,2,1,19,4,124,1,9,YAMAHA WR 125,6,E01008577,0,-1
2020010274573,2020,010274573,2,3,0,14,14,1,5,0,0,1,2,0,0,0,1,1,6,6,1,31,6,124,1,5,YAMAHA WR 125,2,E01004390,0,-1
2020430030528,2020,430030528,2,3,0,18,19,4,8,0,0,8,0,0,0,0,1,1,6,6,1,17,4,124,1,6,YAMAHA WR 125,8,E01016610,0,-1
2020470972335,2020,470972335,2,5,0,18,19,2,6,0,0,0,0,0,7,0,4,1,2,2,1,21,5,124,1,6,-1,3,E01031548,0,-1
2020200970010,2020,200970010,2,3,0,18,19,7,3,0,0,8,0,0,0,0,1,1,6,6,1,-1,-1,124,1,5,YAMAHA WR 125,8,E01029680,0,-1
2020360960383,2020,360960383,1,3,0,16,19,7,1,0,0,0,1,11,0,0,4,1,5,6,1,23,5,124,1,5,YAMAHA WR 125,9,E01026933,0,-1
2020137770796,2020,137770796,1,3,0,16,19,7,3,0,0,5,5,0,8,7,1,1,6,6,1,27,6,124,1,4,YAMAHA WR 125,2,E01011611,0,-1
2020420947886,2020,420947886,1,3,0,18,19,5,1,0,0,2,5,0,0,0,3,1,2,2,1,33,6,124,1,8,YAMAHA WR 125,4,E01015952,0,-1
2020200940372,2020,200940372,1,3,0,13,13,8,4,0,0,8,0,0,0,0,4,1,2,2,1,21,5,124,1,7,YAMAHA WR 125,1,E01010530,0,-1
2020430353765,2020,430353765,1,4,0,9,9,2,8,0,0,5,1,0,0,0,3,1,1,1,1,30,6,124,1,10,YAMAHA WR 125,-1,-1,0,-1
2020122000261,2020,122000261,1,3,0,13,13,3,7,0,0,1,1,0,0,0,1,1,6,6,1,22,5,124,1,4,YAMAHA WR 125,7,E01027696,0,-1
2020211018983,2020,211018983,2,3,0,18,19,1,4,0,0,4,0,0,0,0,1,1,6,6,1,25,5,124,1,8,YAMAHA WR 125,2,E01014236,0,-1
2020351035584,2020,351035584,2,4,0,18,19,6,3,0,0,1,0,0,0,0,1,1,6,6,1,17,4,124,1,11,YAMAHA WR 125,8,E01018286,0,-1
2020220945989,2020,220945989,1,3,0,18,19,3,7,0,0,0,1,0,7,0,3,1,5,6,1,23,5,124,1,4,YAMAHA WR 125,8,E01014123,0,-1
2020622000256,2020,622000256,2,3,0,18,19,6,3,0,0,1,0,0,0,0,1,1,6,6,1,42,7,124,1,9,YAMAHA WR 125,3,W01001792,0,-1
2020500940466,2020,500940466,2,3,0,13,13,1,5,0,0,5,0,0,7,11,1,1,2,2,1,30,6,124,1,7,YAMAHA WR 125,6,E01018752,0,-1
2020122001211,2020,122001211,1,4,0,16,19,3,5,0,0,0,1,0,0,0,0,1,6,6,1,17,4,124,1,8,YAMAHA WR 125,8,E01027661,0,-1
2020040955741,2020,040955741,1,3,0,18,19,3,7,0,0,2,0,0,0,0,1,1,5,6,1,36,7,124,1,6,YAMAHA WR 125,2,E01025075,0,-1
2020610016720,2020,610016720,2,97,0,18,19,8,4,0,0,1,0,0,0,0,1,1,1,1,1,25,5,124,1,11,-1,1,W01001652,0,-1
2020430315910,2020,430315910,1,3,0,13,13,7,3,0,0,0,1,0,0,0,1,1,6,6,1,19,4,124,1,7,YAMAHA WR 125,10,E01022893,0,-1
2020460999805,2020,460999805,2,4,0,18,19,3,7,0,0,0,1,0,0,0,1,1,2,2,1,37,7,124,1,8,YAMAHA WR 125,1,E01024278,0,-1
2020010258552,2020,010258552,2,3,0,18,19,7,3,0,0,8,5,0,0,0,1,1,6,6,1,22,5,124,1,4,YAMAHA WR 125,1,E01001634,0,-1
2020420998817,2020,420998817,2,4,0,18,19,8,4,0,0,0,0,0,0,0,1,1,5,6,1,20,4,124,1,11,YAMAHA WR 125,4,E01022048,0,-1
2020440066552,2020,440066552,1,4,0,18,19,2,6,0,0,2,0,0,0,0,1,1,6,6,1,19,4,124,1,6,YAMAHA WR 125,6,E01022812,0,-1
2020440385333,2020,440385333,1,3,0,16,19,6,2,0,0,0,0,0,1,4,1,1,6,6,1,25,5,124,1,8,YAMAHA WR 125,9,E01032877,0,-1
2020010273816,2020,010273816,1,3,0,18,19,1,5,2,2,0,0,0,0,0,1,1,6,6,1,17,4,124,1,5,YAMAHA WR 125,5,E01030572,0,-1
2020420975980,2020,420975980,1,3,0,4,4,2,6,0,0,0,1,0,0,0,1,1,6,6,1,22,5,124,1,7,YAMAHA WR 125,7,E01022067,0,-1
2020220988941,2020,220988941,2,4,0,13,13,2,7,0,0,8,0,0,0,0,1,1,5,6,1,36,7,124,1,6,YAMAHA WR 125,2,E01014140,0,-1
2020210951676,2020,210951676,1,3,0,9,9,7,3,0,0,0,1,0,0,0,1,1,5,6,1,32,6,124,1,10,YAMAHA WR 125,5,E01014253,0,-1
2020010264550,2020,010264550,2,3,0,4,4,3,7,0,0,1,5,0,0,0,1,1,6,6,1,19,4,124,1,7,YAMAHA WR 125,2,E01001555,0,-1
2020010282940,2020,010282940,2,3,0,3,3,5,1,0,0,1,0,0,0,0,1,1,6,6,1,24,5,124,1,7,YAMAHA WR 125,3,E01003127,0,-1
2020122000665,2020,122000665,2,3,0,14,14,7,3,0,0,1,1,0,0,0,3,1,2,2,1,19,4,124,1,9,YAMAHA WR 125,6,E01027659,0,-1
2020010286299,2020,010286299,1,3,0,18,19,3,7,0,0,1,0,0,0,0,1,1,1,1,1,18,4,124,1,7,YAMAHA WR 125,3,E01004571,0,-1
2020010275790,2020,010275790,1,5,0,99,99,9,9,99,99,9,9,99,9,99,1,1,6,6,3,27,6,124,1,7,-1,2,E01001113,0,-1
2020470990667,2020,470990667,1,3,0,13,13,3,7,0,0,8,1,0,7,0,3,1,5,6,1,18,4,124,1,6,YAMAHA WR 125,2,E01001118,0,-1
2020420965323,2020,420965323,2,3,0,17,19,5,1,0,0,8,2,0,0,0,4,1,6,6,1,18,4,124,1,5,YAMAHA WR 125,5,E01021647,0,-1
2020070042502,2020,070042502,1,3,0,7,7,1,7,0,0,1,0,0,0,0,4,1,2,2,1,25,5,124,1,8,YAMAHA WR 125,9,E01018531,0,-1
2020210997994,2020,210997994,1,4,0,18,19,8,4,0,0,0,0,0,0,0,1,1,6,6,1,23,5,124,1,6,YAMAHA WR 125,2,E01029346,0,-1
2020460967998,2020,460967998,1,3,0,18,19,7,3,0,0,4,0,0,0,0,3,1,6,6,1,17,4,124,1,6,YAMAHA WR 125,1,E01024177,0,-1
2020100994830,2020,100994830,2,3,0,18,19,5,1,0,0,0,0,0,0,0,1,1,6,6,1,22,5,124,1,4,YAMAHA WR 125,3,E01008576,0,-1
2020440479508,2020,440479508,4,3,0,14,14,4,8,0,0,2,1,0,0,0,1,1,6,6,1,21,5,124,1,8,YAMAHA WR 125,4,E01023202,0,-1
2020137BP0784,2020,137BP0784,1,3,0,18,19,6,1,0,0,0,1,0,0,0,1,1,6,6,1,32,6,124,1,5,YAMAHA WR 125,5,E01010633,0,-1
2020010286880,2020,010286880,2,3,0,18,19,7,3,0,0,1,0,0,0,0,4,1,6,6,1,54,8,124,1,5,YAMAHA WR 125,5,E01002671,0,-1
2020610034120,2020,610034120,1,3,0,18,19,4,1,0,0,8,0,10,0,1,0,1,2,2,1,29,6,124,1,11,YAMAHA WR 125,-1,-1,0,-1
2020440457680,2020,440457680,2,4,0,18,19,7,4,0,0,8,0,0,1,0,0,1,2,2,1,18,4,124,1,9,YAMAHA WR 125,3,E01023058,0,-1
202063C023020,2020,63C023020,1,3,0,16,19,6,1,0,0,0,0,0,8,10,3,1,6,6,1,25,5,124,1,7,YAMAHA WR 125,5,W01000566,0,-1
2020471000511,2020,471000511,2,3,0,18,19,8,4,0,0,0,0,0,0,0,3,1,6,6,1,26,6,124,1,4,YAMAHA WR 125,5,E01031355,0,-1
202031B145420,2020,31B145420,2,3,0,18,19,7,3,0,0,8,0,0,0,0,1,1,6,6,1,17,4,124,1,11,YAMAHA WR 125,6,E01028326,0,-1
2020350989728,2020,350989728,1,3,0,3,3,5,1,0,0,0,0,0,0,0,1,1,6,6,1,18,4,124,1,10,YAMAHA WR 125,8,E01017992,0,-1
2020522003132,2020,522003132,1,3,0,18,19,8,4,0,0,8,0,0,0,0,1,1,6,6,1,20,4,124,1,11,YAMAHA WR 125,6,E01014882,0,-1
2020010275526,2020,010275526,2,3,0,18,19,5,1,0,0,1,0,0,0,0,1,1,1,1,1,30,6,124,1,5,YAMAHA WR 125,2,E01001460,0,-1
2020200984893,2020,200984893,2,3,0,13,13,5,1,0,0,0,0,0,8,0,1,1,6,6,1,-1,-1,124,1,5,YAMAHA WR 125,2,E01009210,0,-1
2020420970095,2020,420970095,2,4,0,18,19,6,2,0,0,0,1,0,1,0,3,1,5,6,1,33,6,124,1,8,YAMAHA WR 125,4,E01015952,0,-1
2020470984637,2020,470984637,1,3,0,17,19,7,4,0,0,1,0,0,0,0,1,1,5,6,1,22,5,124,1,6,YAMAHA WR 125,1,E01016908,0,-1
2020440227499,2020,440227499,1,3,0,18,19,8,4,0,0,0,1,10,0,0,4,1,6,6,1,18,4,124,1,4,YAMAHA WR 125,1,E01017280,0,-1
2020122000904,2020,122000904,2,5,0,2,2,0,0,0,0,0,0,0,0,0,4,1,6,6,3,-1,-1,-1,-1,-1,-1,-1,-1,0,-1
2020100953864,2020,100953864,2,5,0,18,19,7,3,0,0,8,0,0,0,0,1,1,1,1,1,47,8,847,1,4,-1,7,E01008314,0,-1
2020010247277,2020,010247277,4,5,0,18,19,5,1,0,0,2,0,4,0,0,4,1,6,6,1,20,4,847,1,4,-1,-1,-1,0,-1
2020010283390,2020,010283390,2,4,0,18,19,6,2,0,0,1,0,0,0,0,3,1,1,1,1,65,9,847,1,4,-1,9,E01000775,0,-1
2020160951287,2020,160951287,1,5,0,18,19,4,8,0,0,2,2,0,1,9,1,1,6,6,1,35,6,847,1,4,-1,9,E01013015,0,-1
2020522004149,2020,522004149,1,5,0,18,19,4,8,0,0,0,0,0,0,0,1,1,6,6,1,35,6,847,1,3,-1,7,E01032670,0,-1