collision_index,collision_year,collision_ref_no,vehicle_reference,vehicle_type,towing_and_articulation,vehicle_manoeuvre_historic,vehicle_manoeuvre,vehicle_direction_from,vehicle_direction_to,vehicle_location_restricted_lane_historic,vehicle_location_restricted_lane,junction_location,skidding_and_overturning,hit_object_in_carriageway,vehicle_leaving_carriageway,hit_object_off_carriageway,first_point_of_impact,vehicle_left_hand_drive,journey_purpose_of_driver_historic,journey_purpose_of_driver,sex_of_driver,age_of_driver,age_band_of_driver,engine_capacity_cc,propulsion_code,age_of_vehicle,generic_make_model,driver_imd_decile,lsoa_of_driver,escooter_flag,driver_distance_banding
2020010254750,2020,010254750,1,5,0,18,19,1,5,0,0,8,1,0,0,0,1,1,6,6,1,40,7,847,1,2,-1,8,E01021433,0,-1
2020460959264,2020,460959264,1,5,0,5,5,3,7,0,0,4,0,0,0,0,1,1,6,6,1,59,9,847,1,2,-1,4,E01024086,0,-1
2020420970833,2020,420970833,1,9,0,18,19,5,1,0,0,8,0,0,0,0,4,1,5,6,1,42,7,3993,1,3,-1,6,E01021659,0,-1
2020010240597,2020,010240597,2,9,0,3,3,1,5,0,0,1,0,0,0,0,2,1,6,6,1,30,6,3993,1,2,-1,-1,-1,0,-1
2020450969748,2020,450969748,3,9,0,18,19,3,7,0,0,1,1,0,0,0,3,1,5,6,1,43,7,2967,2,1,-1,-1,-1,0,-1
2020450958732,2020,450958732,3,9,0,18,19,5,1,0,0,0,0,0,0,0,2,1,5,6,1,31,6,2967,2,1,-1,4,E01003685,0,-1
2020040929166,2020,040929166,2,4,0,18,19,3,7,0,0,2,0,0,0,0,1,1,5,6,1,77,11,500,1,1,-1,3,E01025577,0,-1
2020610035620,2020,610035620,1,17,5,7,7,7,1,6,6,5,0,0,0,0,0,1,1,1,1,21,5,3621,2,2,CLAAS Model Missing,4,W01001524,0,-1
2020030993412,2020,030993412,2,17,0,2,2,0,0,0,0,0,0,0,0,0,3,1,5,6,1,29,6,6788,2,9,CLAAS Model Missing,5,E01019226,0,-1
2020990926867,2020,990926867,3,17,5,10,10,7,3,0,0,1,0,0,0,0,3,1,1,1,1,72,10,4525,2,10,CLAAS Model Missing,5,-1,0,-1
2020320602569,2020,320602569,1,17,0,7,7,3,7,0,0,0,0,0,0,0,3,1,2,2,1,23,5,4400,2,10,CLAAS Model Missing,4,E01026016,0,-1
2020140979324,2020,140979324,2,17,0,17,19,2,8,0,0,0,0,0,0,0,1,1,1,1,1,25,5,16000,2,3,CLAAS Model Missing,9,E01013304,0,-1
2020122000848,2020,122000848,2,17,4,18,19,1,5,0,0,0,0,0,0,0,0,1,1,1,1,55,8,6788,2,12,CLAAS Model Missing,8,E01027682,0,-1
2020360954365,2020,360954365,1,17,-1,18,19,-1,-1,0,0,8,0,0,0,0,-1,1,1,1,1,38,7,16000,2,2,CLAAS Model Missing,5,E01026902,0,-1
2020160965107,2020,160965107,2,17,0,18,19,3,7,0,0,0,0,0,0,0,2,1,1,1,1,57,9,6788,2,5,CLAAS Model Missing,9,E01012965,0,-1
2020990978293,2020,990978293,1,17,0,9,9,3,4,0,0,6,0,0,0,0,1,1,1,1,1,23,5,6728,2,3,CLAAS Model Missing,9,-1,0,-1
2020320150170,2020,320150170,1,17,0,18,19,7,3,0,0,0,0,0,0,0,2,1,1,1,1,35,6,12700,2,13,CLAAS Model Missing,6,E01026411,0,-1
2020500986886,2020,500986886,2,17,4,18,19,6,2,0,0,0,5,0,7,7,2,1,1,1,1,29,6,4525,2,0,CLAAS Model Missing,2,E01018897,0,-1
2020500946911,2020,500946911,1,17,4,16,19,5,1,0,0,0,4,0,0,0,3,1,1,1,1,18,4,6788,2,1,CLAAS Model Missing,8,E01018855,0,-1
2020100941875,2020,100941875,2,17,4,9,9,3,1,0,0,8,0,0,0,0,3,1,1,1,1,25,5,6788,2,5,CLAAS Model Missing,4,E01027525,0,-1
2020220981025,2020,220981025,1,17,4,4,4,2,7,0,0,0,1,0,1,0,4,1,1,1,1,18,4,6788,2,3,CLAAS Model Missing,4,E01014033,0,-1
2020360973316,2020,360973316,1,17,0,5,5,1,5,0,0,2,0,0,0,0,1,1,1,1,1,34,6,16000,2,3,CLAAS Model Missing,4,E01026733,0,-1
2020320458743,2020,320458743,2,17,0,9,9,3,7,0,0,1,0,0,0,0,2,1,1,1,1,64,9,6788,2,14,CLAAS Model Missing,6,E01026247,0,-1
2020231022152,2020,231022152,2,17,0,9,9,4,2,0,0,5,0,0,0,0,3,1,5,6,1,73,10,4400,2,10,CLAAS Model Missing,7,E01031160,0,-1
2020100985868,2020,100985868,2,17,0,18,19,5,1,0,0,0,0,0,0,0,1,1,1,1,1,63,9,16000,2,8,CLAAS Model Missing,7,E01027495,0,-1
2020990969776,2020,990969776,1,17,5,18,19,5,8,0,0,0,1,0,1,4,1,1,1,1,1,54,8,6788,2,11,CLAAS Model Missing,6,-1,0,-1
2020010239412,2020,010239412,1,2,0,18,19,1,5,0,0,5,0,0,0,0,1,1,6,6,1,16,4,49,1,3,-1,10,E01000794,0,-1
2020522101320,2020,522101320,2,4,0,18,19,2,6,0,0,1,0,0,0,0,1,1,6,6,1,28,6,250,1,1,-1,9,E01032682,0,-1
2020470976381,2020,470976381,2,4,0,16,19,6,2,0,0,0,0,0,0,0,1,1,2,2,1,23,5,471,1,1,-1,4,E01020957,0,-1
2020522101223,2020,522101223,2,5,0,4,4,7,2,0,0,8,0,0,0,0,2,1,6,6,1,66,10,471,1,0,-1,5,E01014746,0,-1
2020302000898,2020,302000898,2,4,0,18,19,7,3,0,0,1,1,0,0,0,1,1,6,6,2,55,8,471,1,3,-1,10,E01013467,0,-1
2020470986804,2020,470986804,1,4,0,18,19,6,2,0,0,0,0,11,0,0,1,1,2,2,1,32,6,471,1,1,-1,3,E01020941,0,-1
2020010282438,2020,010282438,2,4,0,99,99,9,9,99,99,9,9,99,9,99,1,1,6,6,3,-1,-1,471,1,2,-1,-1,-1,0,-1
2020470968825,2020,470968825,2,4,0,4,4,7,3,0,0,2,0,0,0,0,1,1,5,6,2,57,9,471,1,3,-1,7,E01031379,0,-1
2020470965280,2020,470965280,1,4,0,18,19,2,6,0,0,8,0,0,1,10,1,1,5,6,2,70,10,471,1,1,-1,5,E01021089,0,-1
2020460960479,2020,460960479,2,5,0,18,19,4,6,0,0,0,5,0,0,0,1,1,5,6,1,35,6,471,1,1,-1,8,E01024653,0,-1
2020340N06832,2020,340N06832,2,4,0,16,19,3,7,0,0,3,0,0,0,0,2,1,6,6,2,56,9,471,1,1,-1,7,E01027204,0,-1
2020201027077,2020,201027077,1,5,0,18,19,2,6,0,0,8,0,0,0,0,1,1,6,6,1,60,9,471,1,2,-1,2,E01009610,0,-1
2020010232653,2020,010232653,1,4,0,18,19,7,3,0,0,8,2,0,0,0,3,-1,6,6,1,33,6,471,1,1,-1,4,E01003658,0,-1
2020010231182,2020,010231182,1,5,0,99,99,9,9,99,99,9,9,99,9,99,2,1,6,6,1,35,6,670,1,6,-1,3,E01002028,0,-1
202063C079920,2020,63C079920,2,3,0,17,19,5,2,0,0,8,0,0,0,0,3,1,1,1,1,58,9,670,1,8,-1,7,W01000583,0,-1
2020010243606,2020,010243606,2,5,0,18,19,1,5,0,0,1,0,0,0,0,1,1,6,6,1,21,5,670,1,7,-1,-1,-1,0,-1
2020522100607,2020,522100607,2,4,0,18,19,3,7,0,0,1,0,0,0,0,1,1,6,6,1,32,6,125,1,8,Honda CBF125M,9,E01028618,0,-1
2020010282832,2020,010282832,1,3,0,4,4,3,7,0,0,7,0,0,0,0,0,1,6,6,1,30,6,125,1,10,Honda CBF125M,5,E01002202,0,-1
20201376T0646,2020,1376T0646,2,3,0,18,19,3,7,0,0,1,0,0,0,0,4,1,6,6,1,25,5,125,1,9,Honda CBF125M,-1,-1,0,-1
2020100935482,2020,100935482,1,3,0,18,19,1,5,0,0,1,5,0,0,0,0,1,6,6,2,29,6,125,1,8,Honda CBF125M,2,E01008665,0,-1
2020320383065,2020,320383065,2,3,0,18,19,1,4,0,0,8,0,0,0,0,1,1,6,6,1,17,4,125,1,9,Honda CBF125M,9,E01013804,0,-1
2020460927488,2020,460927488,2,3,0,5,5,7,3,0,0,1,2,0,0,0,3,1,2,2,1,20,4,125,1,9,Honda CBF125M,2,E01024374,0,-1
2020100915486,2020,100915486,2,3,0,18,19,1,5,0,0,1,0,0,0,0,1,1,5,6,1,18,4,125,1,9,Honda CBF125M,10,E01027400,0,-1
2020302000578,2020,302000578,3,4,0,18,19,7,3,0,0,1,0,0,0,0,1,1,6,6,1,30,6,125,1,10,Honda CBF125M,2,E01013538,0,-1
2020010242459,2020,010242459,1,3,0,99,99,9,9,99,99,0,9,99,9,99,1,1,6,6,1,32,6,125,1,7,Honda CBF125M,6,E01004529,0,-1
2020100956641,2020,100956641,2,3,0,9,9,1,6,0,0,1,5,0,0,0,3,1,5,6,2,29,6,125,1,8,Honda CBF125M,2,E01008665,0,-1
2020010285010,2020,010285010,1,4,0,99,99,9,9,99,99,9,9,99,9,99,9,1,6,6,1,43,7,125,1,8,Honda CBF125M,7,E01004500,0,-1
2020010283459,2020,010283459,2,3,0,18,19,4,8,0,0,0,0,0,0,0,1,1,2,2,1,34,6,125,1,10,Honda CBF125M,-1,-1,0,-1
2020350957261,2020,350957261,1,3,0,18,19,1,2,0,0,0,0,0,0,0,1,1,6,6,1,18,4,125,1,9,Honda CBF125M,8,E01030101,0,-1
2020040940821,2020,040940821,1,3,0,18,19,1,5,0,0,1,1,0,0,0,4,1,2,2,1,30,6,125,1,9,Honda CBF125M,6,E01012719,0,-1
2020070062213,2020,070062213,2,3,0,18,19,1,5,0,0,4,0,0,1,0,1,1,6,6,1,26,6,125,1,8,Honda CBF125M,7,E01018488,0,-1
2020010275609,2020,010275609,2,3,0,13,13,2,6,0,0,1,2,0,0,0,4,1,6,6,1,23,5,125,1,9,Honda CBF125M,-1,-1,0,-1
2020411020024,2020,411020024,1,4,0,14,14,1,5,0,0,0,1,11,0,0,1,1,5,6,1,36,7,125,1,9,Honda CBF125M,4,E01023925,0,-1
2020010247942,2020,010247942,1,3,0,18,19,5,1,0,0,1,5,0,0,99,1,1,6,6,1,31,6,125,1,10,Honda CBF125M,10,E01030454,0,-1
2020440010738,2020,440010738,1,3,0,15,15,7,3,4,4,0,0,8,0,0,1,1,2,2,1,19,4,125,1,9,Honda CBF125M,7,E01017224,0,-1
2020010260302,2020,010260302,2,3,0,99,99,9,9,99,99,9,9,99,9,99,1,9,6,6,3,-1,-1,125,1,10,Honda CBF125M,-1,-1,0,-1
2020470966840,2020,470966840,1,3,0,18,19,6,2,0,0,2,0,4,0,0,1,1,6,6,1,17,4,125,1,9,Honda CBF125M,1,E01020983,0,-1
2020361004616,2020,361004616,2,4,0,18,19,4,8,0,0,1,0,0,0,0,1,1,2,2,1,39,7,125,1,9,Honda CBF125M,7,E01026565,0,-1
2020361001398,2020,361001398,1,3,0,18,19,1,5,0,0,0,0,0,0,0,1,1,5,6,1,17,4,125,1,9,Honda CBF125M,4,E01026697,0,-1
2020440118442,2020,440118442,1,3,0,13,13,4,8,0,0,8,0,0,0,0,1,1,6,6,1,31,6,125,1,10,Honda CBF125M,5,E01022800,0,-1
2020361013679,2020,361013679,1,3,0,13,13,8,4,0,0,8,0,0,0,0,4,1,5,6,1,19,4,125,1,9,Honda CBF125M,4,E01026628,0,-1
2020010270388,2020,010270388,1,3,0,13,13,1,5,0,0,8,0,0,0,0,1,1,6,6,1,19,4,125,1,10,Honda CBF125M,5,E01004463,0,-1
2020137BC0224,2020,137BC0224,1,3,0,7,7,5,1,0,0,8,0,0,0,0,0,1,2,2,1,22,5,125,1,8,Honda CBF125M,3,E01007368,0,-1
2020010245901,2020,010245901,1,3,0,18,19,1,5,0,0,1,2,0,0,0,1,-1,6,6,1,17,4,125,1,8,Honda CBF125M,1,E01021325,0,-1
2020220991022,2020,220991022,1,3,0,12,12,6,2,0,0,3,0,0,0,0,4,1,2,2,1,17,4,125,1,8,Honda CBF125M,1,E01014120,0,-1
2020360975110,2020,360975110,1,3,0,7,7,3,7,0,0,3,0,0,0,0,4,1,1,1,1,32,6,125,1,9,Honda CBF125M,3,E01001362,0,-1
2020450920762,2020,450920762,1,3,0,4,4,8,4,0,0,1,1,0,0,0,4,1,5,6,1,18,4,125,1,10,Honda CBF125M,10,E01030593,0,-1
2020010251052,2020,010251052,1,3,0,99,99,9,9,99,99,0,9,99,9,99,1,1,6,6,1,37,7,125,1,8,Honda CBF125M,2,E01002002,0,-1
2020430421454,2020,430421454,2,3,0,18,19,1,5,0,0,0,0,0,0,0,3,1,1,1,1,27,6,125,1,8,Honda CBF125M,3,E01033497,0,-1
2020430341635,2020,430341635,2,3,0,18,19,2,8,0,0,8,0,0,0,0,4,1,6,6,1,21,5,125,1,9,Honda CBF125M,10,E01028820,0,-1
2020010269355,2020,010269355,2,3,0,18,19,3,7,9,9,8,0,0,0,0,1,1,6,6,1,23,5,125,1,9,Honda CBF125M,6,E01002479,0,-1
2020010278975,2020,010278975,3,4,0,18,19,5,1,0,0,0,0,0,0,0,1,1,6,6,1,50,8,125,1,8,Honda CBF125M,4,E01001956,0,-1
2020137691233,2020,137691233,1,3,0,18,19,1,4,0,0,1,0,0,0,0,4,1,6,6,1,27,6,125,1,8,Honda CBF125M,3,E01032606,0,-1
2020522002274,2020,522002274,1,4,0,18,19,8,4,0,0,0,0,0,0,0,1,1,6,6,1,17,4,125,1,8,Honda CBF125M,10,E01014887,0,-1
2020500993867,2020,500993867,1,3,0,15,15,3,7,0,0,8,1,0,0,0,1,1,6,6,1,41,7,125,1,8,Honda CBF125M,3,E01015212,0,-1
2020522101929,2020,522101929,2,3,0,18,19,8,4,0,0,0,0,0,0,0,1,1,6,6,1,23,5,125,1,9,Honda CBF125M,5,E01014426,0,-1
20201378C1915,2020,1378C1915,2,4,0,18,19,3,7,0,0,8,0,0,0,0,1,1,6,6,1,31,6,125,1,8,Honda CBF125M,1,E01010831,0,-1
2020010239813,2020,010239813,1,4,0,18,19,7,3,0,0,0,1,0,0,0,3,1,6,6,2,47,8,125,1,9,Honda CBF125M,5,E01000779,0,-1
2020200995860,2020,200995860,2,3,0,18,19,1,6,0,0,8,0,0,0,0,4,1,6,6,1,19,4,125,1,8,Honda CBF125M,3,E01009606,0,-1
2020010278879,2020,010278879,1,3,0,99,99,9,9,99,99,9,9,99,9,99,9,1,6,6,1,37,7,125,1,8,Honda CBF125M,2,E01003024,0,-1
2020501013466,2020,501013466,2,3,0,18,19,6,2,0,0,8,0,0,0,0,1,1,6,6,1,20,4,125,1,10,Honda CBF125M,1,E01015144,0,-1
2020010287217,2020,010287217,1,3,0,99,99,9,9,99,99,0,9,99,9,99,1,1,6,6,1,38,7,125,1,8,Honda CBF125M,4,E01002648,0,-1
2020201021916,2020,201021916,2,3,0,18,19,5,1,0,0,8,0,0,0,0,1,1,1,1,1,29,6,125,1,9,Honda CBF125M,4,E01009111,0,-1
2020610015420,2020,610015420,2,4,0,9,9,1,6,0,0,4,1,0,0,0,1,1,6,6,1,29,6,125,1,10,Honda CBF125M,2,W01001385,0,-1
2020450977482,2020,450977482,1,3,0,13,13,1,5,0,0,8,1,0,0,0,1,1,1,1,1,21,5,125,1,9,Honda CBF125M,7,E01030858,0,-1
2020990941865,2020,990941865,2,3,0,18,19,5,1,0,0,0,0,0,0,0,2,1,2,2,1,28,6,125,1,9,Honda CBF125M,1,-1,0,-1
2020340W05332,2020,340W05332,1,3,0,17,19,6,2,0,0,0,0,10,1,0,1,1,6,6,1,23,5,125,1,8,Honda CBF125M,1,E01027334,0,-1
2020010267172,2020,010267172,2,3,0,18,19,6,2,0,0,0,2,10,0,0,3,1,6,6,1,25,5,125,1,10,Honda CBF125M,-1,-1,0,-1
2020010249505,2020,010249505,2,2,0,18,19,8,4,0,0,1,5,0,0,0,1,1,6,6,1,33,6,125,1,9,-1,3,E01000872,0,-1
2020460987913,2020,460987913,1,3,0,18,19,5,1,0,0,0,0,0,0,0,4,1,6,6,1,49,8,125,1,10,Honda CBF125M,3,E01016146,0,-1
2020400961405,2020,400961405,2,3,0,2,2,0,0,0,0,0,0,0,0,0,0,1,6,6,1,20,4,125,1,10,Honda CBF125M,3,E01015701,0,-1
2020230969060,2020,230969060,1,3,0,17,19,8,4,0,0,8,1,0,1,9,4,1,1,1,1,18,4,125,1,10,Honda CBF125M,7,E01009450,0,-1
2020460940507,2020,460940507,2,3,0,18,19,6,2,0,0,1,0,0,0,0,1,1,5,6,1,29,6,125,1,7,Honda CBF125M,2,E01024091,0,-1
2020460973000,2020,460973000,1,4,0,13,13,5,1,0,0,1,0,0,0,0,4,1,6,6,1,17,4,125,1,7,Honda CBF125M,7,E01024430,0,-1
2020990961019,2020,990961019,2,3,0,18,19,7,2,0,0,0,0,0,0,0,1,1,1,1,1,20,4,125,1,10,Honda CBF125M,10,-1,0,-1
2020200975315,2020,200975315,2,3,0,4,4,8,4,0,0,2,0,0,0,0,2,1,6,6,2,29,6,125,1,8,Honda CBF125M,3,E01010491,0,-1
2020450975205,2020,450975205,1,3,0,16,19,1,5,0,0,0,0,0,1,10,1,1,6,6,1,29,6,125,1,10,Honda CBF125M,2,E01031558,0,-1
2020141003228,2020,141003228,1,3,0,18,19,4,8,0,0,8,0,0,0,0,1,1,1,1,1,31,6,125,1,10,Honda CBF125M,1,E01007352,0,-1
2020010274051,2020,010274051,2,4,0,16,19,5,1,0,0,8,0,0,0,0,1,1,2,2,1,24,5,125,1,9,Honda CBF125M,6,E01001065,0,-1
2020010244525,2020,010244525,1,3,0,99,99,9,9,99,99,1,9,99,9,99,2,1,6,6,1,29,6,125,1,10,Honda CBF125M,3,E01003769,0,-1
2020010248390,2020,010248390,2,3,0,18,19,5,1,0,0,1,5,0,0,0,1,1,6,6,1,29,6,125,1,10,Honda CBF125M,1,E01002040,0,-1
2020010249201,2020,010249201,2,3,0,18,19,7,3,0,0,1,0,0,0,0,1,1,6,6,1,21,5,125,1,9,Honda CBF125M,1,E01002755,0,-1
2020500965081,2020,500965081,1,3,0,9,9,1,7,0,0,8,2,0,0,0,0,1,5,6,1,31,6,125,1,8,Honda CBF125M,9,E01020265,0,-1
2020501005106,2020,501005106,2,3,0,13,13,7,3,0,0,0,0,0,0,0,4,1,6,6,1,37,7,125,1,10,Honda CBF125M,5,E01015062,0,-1
2020461014474,2020,461014474,2,3,0,18,19,6,3,0,0,0,0,0,0,0,2,1,6,6,1,18,4,125,1,9,Honda CBF125M,4,E01024645,0,-1
2020137A11721,2020,137A11721,2,3,0,5,5,5,1,0,0,0,0,0,0,0,4,1,1,1,1,19,4,125,1,9,Honda CBF125M,6,E01011446,0,-1
2020041003555,2020,041003555,1,3,0,18,19,7,3,0,0,0,0,0,0,0,1,1,5,6,1,18,4,125,1,10,Honda CBF125M,5,E01025271,0,-1
2020200953623,2020,200953623,2,3,0,18,19,2,6,0,0,8,1,0,0,0,1,1,1,1,1,28,6,125,1,9,Honda CBF125M,1,E01009579,0,-1
2020010233735,2020,010233735,1,3,0,4,4,1,5,0,0,1,0,0,0,0,1,1,6,6,1,34,6,125,1,9,Honda CBF125M,9,E01000410,0,-1
2020470987970,2020,470987970,1,3,0,12,12,3,7,0,0,1,0,0,0,0,1,1,1,1,1,29,6,125,1,9,Honda CBF125M,5,E01031594,0,-1
2020040978225,2020,040978225,2,3,0,18,19,8,4,0,0,0,0,0,0,0,3,1,6,6,1,17,4,125,1,9,Honda CBF125M,5,E01025100,0,-1
2020010275681,2020,010275681,2,9,0,18,19,5,1,0,0,8,0,0,0,0,1,1,6,6,3,-1,-1,5000,1,4,-1,-1,-1,0,-1
2020460943526,2020,460943526,1,20,0,18,19,3,3,0,0,0,0,0,0,0,3,1,1,1,1,-1,-1,2999,2,12,-1,3,E01024717,0,-1
2020610029420,2020,610029420,1,19,0,18,19,7,3,0,0,1,5,0,0,0,0,1,1,1,1,47,8,2999,2,11,-1,3,E01001338,0,-1
2020440468253,2020,440468253,1,19,0,16,19,5,8,0,0,8,0,0,0,0,4,1,1,1,1,27,6,3059,2,20,-1,9,E01023227,0,-1
2020332000237,2020,332000237,1,17,0,6,6,1,1,0,0,0,0,0,0,0,3,1,6,6,1,30,6,3990,2,6,-1,2,E01013581,0,-1
2020220926928,2020,220926928,3,3,0,3,3,2,6,0,0,1,0,0,0,0,2,1,5,6,1,20,4,125,1,1,KAWASAKI BX125,6,E01028924,0,-1
2020351003804,2020,351003804,2,3,0,18,19,7,3,0,0,0,0,0,0,0,3,1,5,6,1,24,5,125,1,1,KAWASAKI BX125,5,E01015669,0,-1
2020471004380,2020,471004380,1,3,0,18,19,6,2,0,0,0,1,7,0,0,1,1,5,6,1,17,4,125,1,0,KAWASAKI BX125,6,E01021021,0,-1
2020010278017,2020,010278017,1,3,0,13,13,5,1,0,0,0,1,0,0,0,4,1,6,6,1,17,4,125,1,0,KAWASAKI BX125,4,E01000313,0,-1
2020530967860,2020,530967860,1,3,0,18,19,5,1,0,0,0,0,0,0,0,4,1,2,2,1,21,5,125,1,0,KAWASAKI BX125,5,E01022420,0,-1
2020122001183,2020,122001183,1,3,0,18,19,7,3,0,0,3,0,0,2,6,1,1,1,1,1,21,5,125,1,1,KAWASAKI BX125,4,E01027910,0,-1
2020500988927,2020,500988927,1,3,0,17,19,6,2,0,0,0,1,0,1,10,1,1,5,6,1,17,4,125,1,0,KAWASAKI BX125,1,E01018898,0,-1
2020361008824,2020,361008824,2,3,0,18,19,3,8,0,0,0,2,0,0,0,3,1,1,1,1,23,5,125,1,1,KAWASAKI BX125,5,E01026443,0,-1
2020010286979,2020,010286979,1,4,0,5,5,1,5,0,0,1,0,0,0,0,1,1,6,6,1,32,6,125,1,1,-1,2,E01000083,0,-1
2020320656459,2020,320656459,2,3,0,18,19,2,6,0,0,1,5,0,0,0,4,1,6,6,1,21,5,125,1,1,KAWASAKI BX125,1,E01026173,0,-1
2020420990944,2020,420990944,2,3,0,16,19,7,1,0,0,0,0,0,0,0,0,1,2,2,1,17,4,125,1,0,KAWASAKI BX125,6,E01033056,0,-1
2020471008582,2020,471008582,2,3,0,13,13,7,3,0,0,8,0,0,0,0,1,1,2,2,1,21,5,125,1,0,KAWASAKI BX125,7,E01031349,0,-1
2020420986482,2020,420986482,1,3,0,5,5,3,7,0,0,4,1,0,0,0,0,1,5,6,1,27,6,125,1,1,KAWASAKI BX125,-1,-1,0,-1
2020070742865,2020,070742865,1,3,0,4,4,1,5,0,0,0,1,0,0,0,0,1,2,2,1,17,4,125,1,0,KAWASAKI BX125,3,E01018731,0,-1
2020410958906,2020,410958906,1,5,0,18,19,3,8,0,0,0,0,0,0,0,1,1,5,6,1,29,6,1352,1,14,KAWASAKI ZX1400,5,E01033459,0,-1
2020070409352,2020,070409352,1,5,0,14,14,4,8,0,0,0,0,0,0,0,4,1,6,6,1,58,9,1441,1,5,KAWASAKI ZX1400,8,E01018616,0,-1
2020500973506,2020,500973506,2,5,0,18,19,2,6,0,0,0,5,0,7,10,1,1,6,6,1,47,8,1441,1,8,KAWASAKI ZX1400,6,E01029195,0,-1
2020430066307,2020,430066307,2,5,0,18,19,4,8,0,0,0,0,0,0,0,2,1,2,2,1,32,6,1441,1,6,KAWASAKI ZX1400,8,E01017653,0,-1
2020010286913,2020,010286913,1,5,0,18,19,4,8,0,0,1,0,0,0,0,1,1,1,1,1,54,8,1352,1,11,KAWASAKI ZX1400,3,E01023920,0,-1
2020610023420,2020,610023420,1,5,0,16,19,2,5,0,0,0,1,0,0,0,0,1,6,6,1,29,6,1352,1,14,KAWASAKI ZX1400,9,W01000998,0,-1
2020040928382,2020,040928382,1,97,0,18,19,4,8,0,0,8,0,0,7,0,4,1,5,6,1,38,7,1441,1,2,-1,7,E01006884,0,-1
2020170S10240,2020,170S10240,1,4,0,9,9,3,1,0,0,2,0,0,0,0,3,1,6,6,1,53,8,1352,1,12,-1,8,E01012163,0,-1
2020420961327,2020,420961327,2,3,0,5,5,2,2,0,0,0,0,0,0,0,1,1,6,6,1,22,5,1352,1,10,-1,2,E01021977,0,-1
2020430389042,2020,430389042,1,5,0,18,19,7,3,0,0,0,0,0,1,7,1,1,6,6,1,34,6,1441,1,0,KAWASAKI ZX1400,2,E01015899,0,-1
2020500951957,2020,500951957,1,5,0,18,19,3,7,0,0,1,5,0,0,0,3,1,6,6,1,51,8,1441,1,5,KAWASAKI ZX1400,3,E01015063,0,-1
2020430181412,2020,430181412,2,5,0,18,19,3,7,0,0,4,0,0,0,0,2,1,6,6,1,41,7,1352,1,12,KAWASAKI ZX1400,9,E01028783,0,-1
2020010275359,2020,010275359,1,5,0,17,19,3,7,0,0,1,1,0,0,0,3,1,2,2,1,47,8,1441,1,3,KAWASAKI ZX1400,7,E01000427,0,-1
2020420943095,2020,420943095,1,5,0,17,19,4,8,0,0,0,0,0,0,0,3,1,5,6,1,55,8,1441,1,6,KAWASAKI ZX1400,8,E01030111,0,-1
2020010282282,2020,010282282,2,5,0,18,19,3,7,0,0,8,0,0,0,0,1,1,6,6,1,47,8,1352,1,11,KAWASAKI ZX1400,3,E01004317,0,-1
2020110983315,2020,110983315,1,3,0,18,19,4,8,0,0,1,0,0,3,0,1,1,5,6,1,58,9,1441,1,5,-1,3,E01020884,0,-1
2020302000209,2020,302000209,1,5,0,16,19,8,2,0,0,0,0,0,1,0,1,1,6,6,1,51,8,1352,1,12,KAWASAKI ZX1400,5,E01028129,0,-1
2020302000884,2020,302000884,1,5,0,13,13,8,4,0,0,1,0,0,7,4,1,1,6,6,1,51,8,1441,1,0,KAWASAKI ZX1400,8,E01033170,0,-1
2020350954352,2020,350954352,2,4,0,5,5,1,1,0,0,6,0,0,0,0,1,1,5,6,1,49,8,1352,1,10,-1,6,E01018169,0,-1
2020430270737,2020,430270737,1,2,0,18,19,1,5,0,0,0,0,0,0,0,0,1,6,6,1,58,9,198,1,51,-1,5,E01019809,0,-1
2020332000188,2020,332000188,1,4,0,18,19,6,2,0,0,0,1,0,0,0,0,1,6,6,1,57,9,198,1,39,-1,3,E01031173,0,-1
202006P373831,2020,06P373831,1,2,0,4,4,3,7,9,9,0,0,4,0,1,1,1,6,6,1,30,6,50,1,4,-1,1,E01005551,0,-1
202031B008120,2020,31B008120,1,2,0,18,19,8,4,0,0,2,0,0,0,0,1,1,1,1,1,16,4,50,1,5,-1,2,E01019510,0,-1
2020210983950,2020,210983950,1,2,0,18,19,8,5,0,0,1,0,0,0,0,1,1,6,6,1,16,4,50,1,4,-1,4,E01029386,0,-1
2020552001102,2020,552001102,1,9,0,18,19,5,1,0,0,0,0,0,0,0,4,1,3,7,2,43,7,1490,1,3,-1,7,E01020467,0,-1
2020420990167,2020,420990167,1,9,0,9,9,4,3,0,0,0,0,0,0,0,4,1,5,6,2,67,10,1490,1,3,-1,9,E01021736,0,-1