collision_index,collision_year,collision_ref_no,vehicle_reference,vehicle_type,towing_and_articulation,vehicle_manoeuvre_historic,vehicle_manoeuvre,vehicle_direction_from,vehicle_direction_to,vehicle_location_restricted_lane_historic,vehicle_location_restricted_lane,junction_location,skidding_and_overturning,hit_object_in_carriageway,vehicle_leaving_carriageway,hit_object_off_carriageway,first_point_of_impact,vehicle_left_hand_drive,journey_purpose_of_driver_historic,journey_purpose_of_driver,sex_of_driver,age_of_driver,age_band_of_driver,engine_capacity_cc,propulsion_code,age_of_vehicle,generic_make_model,driver_imd_decile,lsoa_of_driver,escooter_flag,driver_distance_banding
2020200991451,2020,200991451,2,9,0,9,9,5,3,0,0,1,0,0,0,0,2,1,1,1,2,41,7,1598,1,10,RENAULT MEGANE,5,E01009734,0,-1
202006A172167,2020,06A172167,1,9,0,9,9,7,5,0,0,8,1,0,1,10,3,1,2,2,1,28,6,1598,1,13,RENAULT MEGANE,5,E01005002,0,-1
2020450960907,2020,450960907,3,9,0,16,19,1,5,0,0,0,0,0,0,0,3,1,1,1,2,42,7,1598,1,6,RENAULT MEGANE,9,E01030646,0,-1
2020210993105,2020,210993105,2,9,0,15,15,1,5,0,0,1,0,0,7,0,3,1,6,6,2,50,8,1461,2,10,RENAULT MEGANE,3,E01029437,0,-1
2020052000938,2020,052000938,5,9,0,3,3,1,5,0,0,0,0,0,0,0,2,1,6,6,2,51,8,1998,1,16,RENAULT MEGANE,6,E01006900,0,-1
2020430238945,2020,430238945,2,9,0,18,19,3,7,0,0,1,0,0,0,0,1,1,1,1,2,43,7,1598,1,13,RENAULT MEGANE,2,E01016726,0,-1
2020500957696,2020,500957696,1,9,0,9,9,2,7,0,0,5,0,0,0,0,1,1,5,6,1,51,8,1598,1,13,RENAULT MEGANE,1,E01015255,0,-1
2020200990609,2020,200990609,1,9,0,9,9,6,4,0,0,5,0,0,0,0,1,1,6,6,1,25,5,1461,2,11,RENAULT MEGANE,9,E01009459,0,-1
2020010237448,2020,010237448,1,9,0,18,19,5,1,0,0,1,0,0,0,0,1,1,6,6,1,65,9,1598,1,15,RENAULT MEGANE,2,E01003112,0,-1
2020160951242,2020,160951242,2,9,0,18,19,8,3,0,0,1,0,0,0,0,1,1,6,6,1,32,6,1598,1,7,RENAULT MEGANE,9,E01012996,0,-1
2020010245863,2020,010245863,2,9,0,18,19,1,5,0,0,2,0,0,0,0,1,1,6,6,1,19,4,1598,1,12,RENAULT MEGANE,-1,-1,0,-1
2020370972063,2020,370972063,2,9,0,18,19,3,7,0,0,2,0,0,0,0,1,1,5,6,1,19,4,1598,1,14,RENAULT MEGANE,4,E01030201,0,-1
2020100984807,2020,100984807,1,9,0,18,19,3,7,0,0,0,5,4,0,0,1,1,5,6,1,22,5,1461,2,10,RENAULT MEGANE,1,E01008839,0,-1
2020170H10050,2020,170H10050,1,9,0,18,19,4,8,0,0,0,0,0,0,0,1,1,6,6,2,32,6,1870,2,11,RENAULT MEGANE,4,E01011986,0,-1
2020360942804,2020,360942804,1,9,0,18,19,6,8,0,0,0,0,0,0,0,1,1,1,1,1,56,9,1461,2,4,RENAULT MEGANE,10,E01026521,0,-1
2020170M20740,2020,170M20740,2,9,0,3,3,7,3,0,0,1,0,0,0,0,2,1,6,6,2,23,5,1598,1,14,RENAULT MEGANE,1,E01012061,0,-1
202031C004020,2020,31C004020,1,9,0,9,9,5,2,0,0,5,0,0,0,0,4,1,6,6,2,33,6,1461,2,8,RENAULT MEGANE,5,E01028161,0,-1
2020542365320,2020,542365320,1,9,0,18,19,4,8,0,0,8,0,0,0,0,1,1,6,6,1,70,10,1149,1,12,RENAULT MEGANE,5,E01014409,0,-1
2020052002280,2020,052002280,1,9,0,9,9,7,5,0,0,8,0,0,0,0,1,1,6,6,1,26,6,1461,2,7,RENAULT MEGANE,7,E01007245,0,-1
2020470965521,2020,470965521,1,9,0,18,19,6,2,0,0,0,0,0,0,0,1,1,6,6,1,74,10,1390,1,20,RENAULT MEGANE,6,E01031465,0,-1
2020990995651,2020,990995651,2,9,0,18,19,4,8,0,0,8,1,0,0,0,1,1,6,6,2,21,5,1461,2,10,RENAULT MEGANE,1,-1,0,-1
2020160953798,2020,160953798,1,9,0,7,7,2,4,0,0,0,0,0,0,0,2,1,5,6,2,49,8,1461,2,8,RENAULT MEGANE,1,E01013142,0,-1
2020100981956,2020,100981956,1,9,0,18,19,3,7,9,9,0,1,0,7,0,1,1,6,6,1,34,6,1870,2,13,RENAULT MEGANE,-1,-1,0,-1
2020070288356,2020,070288356,2,9,0,7,7,4,6,0,0,1,0,0,0,0,4,1,6,6,2,30,6,1598,1,9,RENAULT MEGANE,5,E01018483,0,-1
2020010275892,2020,010275892,2,9,9,99,99,9,9,99,99,9,9,99,9,99,9,9,6,6,3,-1,-1,1598,1,13,RENAULT MEGANE,-1,-1,0,-1
2020010234969,2020,010234969,2,9,0,7,7,3,5,0,0,2,0,0,0,0,2,1,2,2,2,54,8,1461,2,9,RENAULT MEGANE,6,E01003000,0,-1
2020010242157,2020,010242157,2,9,0,99,99,9,9,99,99,0,9,99,9,99,1,9,6,6,3,-1,-1,1598,1,14,RENAULT MEGANE,-1,-1,0,-1
2020420928388,2020,420928388,1,9,0,18,19,4,8,0,0,0,2,0,1,0,1,1,5,6,1,47,8,1598,1,11,RENAULT MEGANE,2,E01015828,0,-1
2020040970146,2020,040970146,1,9,0,18,19,5,1,0,0,0,0,0,1,7,1,1,5,6,2,34,6,1598,1,12,RENAULT MEGANE,1,E01025423,0,-1
20201377P1108,2020,1377P1108,1,9,0,11,11,7,2,0,0,3,0,0,0,0,4,1,6,6,1,46,8,1390,1,19,RENAULT MEGANE,1,E01011038,0,-1
2020460971657,2020,460971657,2,9,0,18,19,7,3,0,0,0,0,0,0,0,1,1,6,6,2,69,10,1598,1,10,RENAULT MEGANE,4,E01024539,0,-1
2020160961656,2020,160961656,1,9,0,18,19,4,8,0,0,0,0,0,0,0,1,1,5,6,1,44,7,1461,2,14,RENAULT MEGANE,1,E01012836,0,-1
2020500961840,2020,500961840,2,9,0,4,4,5,1,0,0,0,0,0,0,0,1,1,2,2,2,32,6,1598,1,16,RENAULT MEGANE,5,E01018780,0,-1
2020320398692,2020,320398692,1,9,0,18,19,4,8,0,0,0,0,0,0,0,1,1,6,6,1,24,5,1870,2,9,RENAULT MEGANE,5,E01011391,0,-1
2020010260930,2020,010260930,3,9,0,18,19,6,2,0,0,0,0,0,0,0,3,1,6,6,1,44,7,1461,2,8,RENAULT MEGANE,3,E01001186,0,-1
2020010279280,2020,010279280,2,9,0,6,6,3,3,0,0,0,0,0,0,0,2,1,6,6,3,-1,-1,1998,1,15,RENAULT MEGANE,-1,-1,0,-1
2020052000630,2020,052000630,1,9,0,18,19,3,7,0,0,1,0,0,0,0,1,1,2,2,2,47,8,1390,1,13,RENAULT MEGANE,1,E01006711,0,-1
2020100921244,2020,100921244,2,9,0,4,4,5,1,0,0,0,0,0,0,0,2,1,5,6,2,35,6,1870,2,11,RENAULT MEGANE,5,E01027377,0,-1
2020622000190,2020,622000190,2,9,0,18,19,1,5,0,0,8,0,0,0,0,1,1,2,2,1,36,7,1461,2,14,RENAULT MEGANE,2,W01000834,0,-1
2020410955021,2020,410955021,1,9,0,18,19,6,1,0,0,1,0,0,0,0,1,1,5,6,1,35,6,1461,2,4,RENAULT MEGANE,4,E01016716,0,-1
2020302000690,2020,302000690,1,9,0,18,19,2,6,0,0,4,0,0,0,0,1,1,6,6,1,56,9,1598,1,11,RENAULT MEGANE,5,E01019529,0,-1
2020440225685,2020,440225685,1,9,0,15,15,2,6,0,0,0,5,4,0,0,1,1,6,6,2,41,7,1598,1,20,RENAULT MEGANE,9,E01022955,0,-1
2020160976920,2020,160976920,2,9,0,18,19,8,4,0,0,8,0,0,0,0,3,1,5,6,1,30,6,1598,1,13,RENAULT MEGANE,4,E01012828,0,-1
2020420931539,2020,420931539,1,9,0,9,9,8,4,0,0,1,0,0,0,0,4,1,2,2,1,19,4,1461,2,9,RENAULT MEGANE,9,E01021828,0,-1
2020500936750,2020,500936750,2,9,0,3,3,5,1,0,0,4,0,0,0,0,2,1,5,6,2,36,7,1461,2,11,RENAULT MEGANE,5,E01020220,0,-1
2020622000133,2020,622000133,1,9,0,18,19,3,7,0,0,0,1,0,1,4,4,1,6,6,2,54,8,1461,2,5,RENAULT MEGANE,2,W01001750,0,-1
2020010260630,2020,010260630,2,9,0,99,99,9,9,99,99,9,9,99,9,99,1,9,6,6,3,-1,-1,1461,2,8,RENAULT MEGANE,6,E01003272,0,-1
2020210926163,2020,210926163,1,9,0,10,10,4,8,0,0,0,0,0,0,0,1,1,6,6,2,33,6,1461,2,6,RENAULT MEGANE,10,E01029698,0,-1
2020420928197,2020,420928197,1,9,0,18,19,8,4,0,0,0,0,0,0,0,1,1,5,6,1,38,7,1461,2,4,RENAULT MEGANE,3,E01021601,0,-1
2020200999786,2020,200999786,2,9,0,18,19,8,4,0,0,8,1,10,2,10,3,1,6,6,2,64,9,1598,1,17,RENAULT MEGANE,3,E01009001,0,-1
2020350967859,2020,350967859,2,9,0,5,5,4,8,0,0,1,0,0,0,0,1,1,6,6,1,31,6,1390,1,19,RENAULT MEGANE,-1,-1,0,-1
2020110989439,2020,110989439,1,9,0,9,9,8,4,0,0,1,0,0,0,0,1,1,2,2,1,29,6,1998,1,13,RENAULT MEGANE,2,E01020645,0,-1
2020122000768,2020,122000768,1,9,0,10,10,8,4,0,0,1,0,0,0,0,2,1,6,6,1,36,7,1461,2,6,RENAULT MEGANE,8,E01004944,0,-1
2020470977577,2020,470977577,1,9,0,17,19,3,6,0,0,1,0,0,0,0,4,1,5,6,2,25,5,1461,2,13,RENAULT MEGANE,10,E01031775,0,-1
2020460989286,2020,460989286,1,9,0,18,19,6,2,0,0,0,5,0,0,0,4,1,6,6,2,41,7,1598,1,14,RENAULT MEGANE,7,E01024437,0,-1
2020350959831,2020,350959831,2,9,0,9,9,-1,-1,0,0,0,0,0,0,0,0,1,6,6,1,27,6,1598,1,12,RENAULT MEGANE,2,E01033111,0,-1
2020460989582,2020,460989582,2,9,0,12,12,1,5,8,6,0,1,0,0,0,2,1,5,6,1,85,11,1598,1,10,RENAULT MEGANE,9,E01024757,0,-1
2020010280928,2020,010280928,1,9,0,99,99,9,9,99,99,0,9,99,9,99,9,1,2,2,2,26,6,1598,1,10,RENAULT MEGANE,4,E01001234,0,-1
2020470935230,2020,470935230,1,9,0,18,19,2,6,0,0,0,1,0,0,0,1,1,2,2,2,40,7,1461,2,10,RENAULT MEGANE,1,E01016866,0,-1
2020440067989,2020,440067989,2,9,0,16,19,2,6,0,0,1,0,0,0,0,1,1,6,6,2,41,7,1598,1,10,RENAULT MEGANE,5,E01017369,0,-1
2020010287186,2020,010287186,1,9,0,99,99,9,9,99,99,9,9,99,9,99,1,9,6,6,1,61,9,1998,1,19,RENAULT MEGANE,7,E01023462,0,-1
2020040955637,2020,040955637,1,9,0,12,12,3,7,0,0,1,0,0,0,0,3,1,5,6,1,39,7,1461,2,9,RENAULT MEGANE,1,E01006549,0,-1
2020040997708,2020,040997708,1,9,0,18,19,7,3,0,0,2,0,0,0,0,1,1,5,6,1,43,7,1461,2,10,RENAULT MEGANE,1,E01024882,0,-1
2020420972810,2020,420972810,1,9,0,16,19,3,7,9,9,0,1,0,0,0,4,1,5,6,1,46,8,1798,1,2,RENAULT MEGANE,3,E01015891,0,-1
2020520003397,2020,520003397,1,9,0,9,9,8,6,0,0,8,0,0,0,0,1,1,6,6,2,39,7,1598,1,14,RENAULT MEGANE,7,E01029155,0,-1
2020200948438,2020,200948438,1,9,0,7,7,2,4,0,0,4,0,0,0,0,1,1,2,2,1,46,8,1461,2,9,RENAULT MEGANE,4,E01010556,0,-1
202031C035420,2020,31C035420,1,9,0,18,19,2,5,0,0,0,0,0,0,0,1,1,6,6,1,28,6,1598,1,11,RENAULT MEGANE,1,E01013813,0,-1
2020440067138,2020,440067138,1,9,0,18,19,7,3,0,0,0,0,8,0,0,4,1,6,6,1,43,7,1870,2,12,RENAULT MEGANE,3,E01017225,0,-1
2020200930814,2020,200930814,1,9,0,18,19,8,4,0,0,6,0,0,0,0,3,1,6,6,1,28,6,1461,2,7,RENAULT MEGANE,7,E01029379,0,-1
2020200991339,2020,200991339,1,9,0,5,5,6,2,0,0,0,0,0,0,0,1,1,6,6,1,49,8,1870,2,12,RENAULT MEGANE,2,E01009054,0,-1
2020231011722,2020,231011722,2,9,0,18,19,3,7,0,0,8,0,0,0,0,3,1,5,6,2,47,8,1870,2,13,RENAULT MEGANE,8,E01031337,0,-1
2020137281382,2020,137281382,3,9,0,18,19,5,1,0,0,8,0,0,0,0,1,1,6,6,2,34,6,1390,1,13,RENAULT MEGANE,2,E01011656,0,-1
2020500961389,2020,500961389,1,9,0,18,19,3,7,0,0,1,0,0,0,0,1,1,5,6,2,56,9,1598,1,17,RENAULT MEGANE,6,E01020231,0,-1
2020010268782,2020,010268782,1,9,0,18,19,3,7,0,0,0,1,4,7,10,4,1,6,6,1,15,3,1461,2,10,RENAULT MEGANE,3,E01000464,0,-1
2020040982425,2020,040982425,2,9,0,18,19,1,5,0,0,4,0,0,0,0,2,1,5,6,2,43,7,1598,1,17,RENAULT MEGANE,9,E01024994,0,-1
2020010268093,2020,010268093,2,9,0,99,99,9,9,99,99,9,9,99,9,99,9,9,6,6,3,-1,-1,1598,1,13,RENAULT MEGANE,-1,-1,0,-1
2020122000376,2020,122000376,2,9,0,18,19,1,5,0,0,0,0,0,0,0,1,1,2,2,1,55,8,1461,2,5,RENAULT MEGANE,6,E01027626,0,-1
202006A375073,2020,06A375073,2,9,0,18,19,5,1,0,0,1,0,0,0,0,2,1,6,6,2,41,7,1461,2,7,RENAULT MEGANE,1,E01005257,0,-1
2020410957103,2020,410957103,7,9,0,18,19,5,1,0,0,1,0,0,0,0,0,1,5,6,1,29,6,1461,2,7,RENAULT MEGANE,10,E01023710,0,-1
202006A273111,2020,06A273111,2,9,0,18,19,1,5,0,0,8,0,0,0,0,1,1,6,6,1,34,6,1598,1,13,RENAULT MEGANE,4,E01005327,0,-1
2020010247550,2020,010247550,1,9,0,99,99,9,9,99,99,9,9,99,9,99,9,9,6,6,2,29,6,1598,1,10,RENAULT MEGANE,7,E01000391,0,-1
2020552000522,2020,552000522,1,9,0,18,19,8,4,0,0,1,0,0,0,0,1,1,6,6,1,48,8,1598,1,20,RENAULT MEGANE,9,E01015453,0,-1
2020040948025,2020,040948025,3,9,0,18,19,3,7,0,0,0,2,0,5,0,1,1,6,6,1,43,7,1598,1,15,RENAULT MEGANE,2,E01025205,0,-1
2020200942518,2020,200942518,1,9,0,5,5,8,6,0,0,0,0,0,0,0,1,1,6,6,1,-1,-1,1461,2,8,RENAULT MEGANE,-1,-1,0,-1
2020990987128,2020,990987128,2,9,0,4,4,5,1,0,0,0,0,0,0,0,2,1,6,6,1,33,6,1461,2,12,RENAULT MEGANE,9,-1,0,-1
2020500966297,2020,500966297,2,9,0,2,2,0,0,0,0,0,0,0,0,0,1,1,5,6,1,30,6,1461,2,11,RENAULT MEGANE,2,E01015082,0,-1
2020500962890,2020,500962890,2,9,0,18,19,5,1,0,0,8,0,0,0,0,4,1,5,6,1,22,5,1598,1,14,RENAULT MEGANE,4,E01015258,0,-1
2020100995656,2020,100995656,2,9,0,18,19,5,1,0,0,1,0,0,0,0,1,1,5,6,1,60,9,1461,2,9,RENAULT MEGANE,1,E01008666,0,-1
202006E471765,2020,06E471765,1,9,0,18,19,1,5,0,0,0,1,0,0,0,1,1,6,6,3,-1,-1,1461,2,6,RENAULT MEGANE,-1,-1,0,-1
2020370948812,2020,370948812,2,9,0,4,4,7,3,0,0,1,1,0,0,0,1,1,5,6,2,27,6,1461,2,6,RENAULT MEGANE,8,E01022058,0,-1
2020137AV0748,2020,137AV0748,1,9,0,17,19,5,3,0,0,6,0,0,0,0,1,1,6,6,3,-1,-1,1461,2,14,RENAULT MEGANE,-1,-1,0,-1
2020440388382,2020,440388382,2,9,0,14,14,4,8,0,0,1,0,0,0,0,1,1,6,6,1,41,7,1598,1,17,RENAULT MEGANE,2,E01022818,0,-1
2020010267057,2020,010267057,1,9,0,3,3,1,5,0,0,1,0,0,0,0,2,1,6,6,1,52,8,1998,1,4,RENAULT MEGANE,5,E01003195,0,-1
2020040932828,2020,040932828,2,9,0,18,19,1,5,0,0,1,0,0,0,0,1,1,5,6,1,52,8,1998,1,7,RENAULT MEGANE,8,E01025549,0,-1
2020460969830,2020,460969830,1,9,0,18,19,5,1,0,0,0,0,0,0,0,1,1,6,6,1,24,5,1461,2,9,RENAULT MEGANE,1,E01024649,0,-1
202063B045120,2020,63B045120,1,9,0,5,5,6,1,0,0,4,0,0,0,0,3,1,6,6,1,63,9,1998,1,17,RENAULT MEGANE,9,W01001934,0,-1
2020410953374,2020,410953374,1,9,0,8,8,4,5,0,0,1,0,0,0,0,1,1,6,6,2,55,8,1397,1,10,RENAULT MEGANE,2,E01000315,0,-1
2020340E04062,2020,340E04062,2,9,0,2,2,0,0,0,0,0,0,0,0,0,0,1,6,6,1,52,8,1461,2,10,RENAULT MEGANE,3,E01027038,0,-1
2020010238391,2020,010238391,1,9,0,18,19,5,1,0,0,1,0,7,0,0,1,1,1,1,1,18,4,1598,1,11,RENAULT MEGANE,5,E01000036,0,-1
2020520003859,2020,520003859,2,9,0,4,4,8,4,0,0,4,0,0,0,0,1,1,6,6,1,30,6,1461,2,10,RENAULT MEGANE,9,E01029129,0,-1
202031C179720,2020,31C179720,1,9,0,9,9,5,3,0,0,5,0,0,0,0,1,1,6,6,1,26,6,1598,1,10,RENAULT MEGANE,1,E01013960,0,-1
2020160997689,2020,160997689,2,9,0,18,19,2,6,0,0,0,0,0,0,0,2,1,6,6,1,37,7,1461,2,13,RENAULT MEGANE,8,E01013098,0,-1
2020010257714,2020,010257714,1,9,0,18,19,2,6,0,0,1,9,0,0,99,1,9,6,6,1,47,8,1998,1,13,RENAULT MEGANE,8,E01000204,0,-1
2020070072911,2020,070072911,2,9,0,2,2,0,0,0,0,1,0,0,0,0,1,1,6,6,2,50,8,1598,1,10,RENAULT MEGANE,3,E01018557,0,-1
2020041006395,2020,041006395,1,9,0,4,4,7,3,0,0,0,0,0,0,0,1,1,5,6,1,28,6,1598,1,11,RENAULT MEGANE,5,E01025201,0,-1
2020220986291,2020,220986291,2,9,0,4,4,7,3,0,0,1,0,0,0,0,1,1,5,6,2,60,9,1461,2,5,RENAULT MEGANE,5,E01014099,0,-1
2020370966110,2020,370966110,1,9,0,5,5,3,6,0,0,0,0,0,0,0,1,1,5,6,1,47,8,1598,1,15,RENAULT MEGANE,2,E01030031,0,-1
2020010258380,2020,010258380,1,9,0,99,99,9,9,99,99,9,9,99,9,99,9,9,6,6,1,55,8,1461,2,6,RENAULT MEGANE,2,E01004226,0,-1
2020990969775,2020,990969775,2,9,0,18,19,8,4,0,0,8,0,0,0,0,4,1,5,6,1,65,9,1390,1,14,RENAULT MEGANE,1,-1,0,-1
2020320429453,2020,320429453,2,9,0,18,19,5,1,0,0,1,0,0,3,0,1,1,6,6,2,50,8,1598,1,12,RENAULT MEGANE,3,E01026311,0,-1
2020010284125,2020,010284125,1,9,0,7,7,8,2,0,0,0,0,0,0,0,1,1,6,6,1,36,7,1598,1,13,RENAULT MEGANE,3,E01033285,0,-1
2020360944794,2020,360944794,3,9,0,4,4,1,5,0,0,0,0,0,0,0,2,1,5,6,2,21,5,1598,1,12,RENAULT MEGANE,2,E01026633,0,-1
2020460965022,2020,460965022,1,9,0,3,3,5,1,0,0,0,1,0,0,0,1,1,6,6,1,39,7,1461,2,10,RENAULT MEGANE,8,E01024652,0,-1
2020440416226,2020,440416226,2,9,0,18,19,5,1,0,0,0,0,0,0,0,3,1,2,2,1,56,9,1598,1,17,RENAULT MEGANE,6,E01032697,0,-1
2020400955323,2020,400955323,2,9,0,18,19,1,5,0,0,0,0,0,1,0,1,1,5,6,2,19,4,1461,2,13,RENAULT MEGANE,10,E01017621,0,-1
2020410936804,2020,410936804,1,9,0,5,5,6,1,0,0,4,1,7,0,0,1,1,2,2,1,18,4,1461,2,12,RENAULT MEGANE,4,E01001435,0,-1
2020010278676,2020,010278676,2,9,0,2,2,0,0,0,0,2,0,0,0,0,3,1,6,6,3,-1,-1,1461,2,3,RENAULT MEGANE,-1,-1,0,-1
2020052000872,2020,052000872,1,9,0,18,19,7,3,0,0,6,0,0,0,0,3,1,6,6,1,-1,-1,1390,1,17,RENAULT MEGANE,6,E01007112,0,-1
2020200969889,2020,200969889,1,9,0,9,9,7,5,0,0,1,0,0,0,0,1,1,6,6,1,53,8,1598,1,17,RENAULT MEGANE,1,E01008938,0,-1
2020360940208,2020,360940208,1,9,0,18,19,4,8,0,0,0,0,0,0,0,1,1,5,6,1,24,5,1461,2,10,RENAULT MEGANE,2,E01026820,0,-1
2020040997741,2020,040997741,1,9,0,7,7,5,3,0,0,5,0,0,0,0,1,1,6,6,1,81,11,1461,2,10,RENAULT MEGANE,2,E01024857,0,-1
2020990988582,2020,990988582,1,9,0,9,9,1,7,0,0,6,0,0,0,0,4,1,2,2,1,43,7,1598,1,10,RENAULT MEGANE,1,-1,0,-1
2020211009580,2020,211009580,3,9,-1,-1,-1,6,3,-1,-1,-1,-1,-1,-1,0,-1,1,6,6,2,36,7,1598,1,15,RENAULT MEGANE,8,E01029570,0,-1
2020200943238,2020,200943238,2,9,0,18,19,7,3,0,0,8,0,0,0,0,1,1,1,1,1,28,6,1598,1,15,RENAULT MEGANE,1,E01010375,0,-1
202031B028620,2020,31B028620,2,9,0,18,19,2,6,0,0,0,0,0,0,0,1,1,6,6,2,58,9,1461,2,5,RENAULT MEGANE,9,E01025886,0,-1
2020137A71212,2020,137A71212,4,9,0,4,4,6,2,0,0,2,0,0,0,0,2,1,6,6,2,48,8,1598,1,8,RENAULT MEGANE,10,E01011458,0,-1
2020302000101,2020,302000101,1,9,0,18,19,8,4,0,0,0,0,0,0,0,1,1,2,2,1,59,9,1390,1,18,RENAULT MEGANE,2,E01019497,0,-1
2020460920311,2020,460920311,1,9,0,4,4,1,5,0,0,1,0,0,0,0,1,1,6,6,2,-1,-1,1598,1,14,RENAULT MEGANE,1,E01024676,0,-1
2020990921352,2020,990921352,1,9,0,18,19,6,2,0,0,6,0,0,0,0,1,1,5,6,1,30,6,1598,1,8,RENAULT MEGANE,5,-1,0,-1
2020010283339,2020,010283339,1,9,0,7,7,1,3,0,0,5,0,0,0,0,1,1,6,6,1,-1,-1,1598,1,18,RENAULT MEGANE,6,E01029306,0,-1
2020460964382,2020,460964382,1,9,0,12,12,5,1,0,0,2,0,0,0,0,1,1,5,6,1,21,5,1598,1,10,RENAULT MEGANE,5,E01002183,0,-1
2020432003218,2020,432003218,1,9,0,9,9,6,4,0,0,5,0,0,0,0,1,1,6,6,2,40,7,1598,1,9,RENAULT MEGANE,-1,-1,0,-1
2020622000158,2020,622000158,1,9,0,9,9,7,5,0,0,5,0,0,0,0,4,1,6,6,1,82,11,1598,1,18,RENAULT MEGANE,1,W01000817,0,-1
202031B041920,2020,31B041920,1,9,0,17,19,6,2,0,0,0,2,0,1,9,1,1,6,6,1,21,5,1598,1,13,RENAULT MEGANE,8,E01028047,0,-1
202006N275945,2020,06N275945,2,9,0,18,19,2,6,0,0,8,0,0,0,0,2,1,6,6,2,73,10,1598,1,21,RENAULT MEGANE,1,E01005009,0,-1
2020500976441,2020,500976441,1,9,0,16,19,5,6,0,0,5,1,0,8,11,1,1,2,2,1,34,6,1598,1,13,RENAULT MEGANE,-1,-1,0,-1
2020522004945,2020,522004945,2,9,0,18,19,5,1,0,0,0,0,0,0,0,1,1,6,6,2,31,6,1461,2,11,RENAULT MEGANE,8,E01031957,0,-1
2020460938370,2020,460938370,2,9,0,18,19,3,7,1,1,0,0,4,0,0,1,1,5,6,2,23,5,1998,1,10,RENAULT MEGANE,9,E01024256,0,-1
2020200946828,2020,200946828,1,9,0,9,9,7,5,0,0,6,0,0,0,0,1,1,2,2,1,21,5,1461,2,8,RENAULT MEGANE,1,E01009146,0,-1
2020420957397,2020,420957397,2,9,0,18,19,5,1,0,0,1,0,0,0,0,1,1,5,6,1,48,8,1598,1,18,RENAULT MEGANE,8,E01021718,0,-1
2020010272890,2020,010272890,2,9,0,18,19,5,1,0,0,0,0,0,0,0,1,1,6,6,1,19,4,1461,2,9,RENAULT MEGANE,-1,-1,0,-1
2020461003311,2020,461003311,3,9,0,2,2,0,0,0,0,0,0,0,0,0,2,1,6,6,3,-1,-1,1870,2,19,RENAULT MEGANE,-1,-1,0,-1
202031D177720,2020,31D177720,2,9,0,9,9,1,7,0,0,6,0,0,0,0,1,1,6,6,2,34,6,1461,2,10,RENAULT MEGANE,3,E01013934,0,-1
2020210932616,2020,210932616,1,9,0,18,19,5,1,0,0,1,0,0,0,0,1,1,6,6,1,26,6,1461,2,10,RENAULT MEGANE,5,E01029774,0,-1
2020052002262,2020,052002262,1,9,0,5,5,7,3,0,0,0,0,0,0,0,3,1,6,6,1,68,10,1598,1,20,RENAULT MEGANE,1,E01006647,0,-1
2020030964733,2020,030964733,2,9,0,3,3,3,7,0,0,0,0,0,0,0,2,1,5,6,2,32,6,1598,1,19,RENAULT MEGANE,3,E01019114,0,-1
2020360953204,2020,360953204,2,9,0,9,9,1,3,0,0,8,0,0,0,0,3,1,5,6,2,39,7,1397,1,10,RENAULT MEGANE,4,E01026706,0,-1
2020200945057,2020,200945057,2,9,0,18,19,4,8,0,0,8,0,0,0,0,1,1,6,6,1,30,6,1461,2,8,RENAULT MEGANE,1,E01010060,0,-1
202031A050520,2020,31A050520,1,9,0,7,7,3,6,0,0,3,0,0,1,11,2,1,6,6,2,22,5,1461,2,10,RENAULT MEGANE,1,E01028256,0,-1
2020010252487,2020,010252487,1,9,0,7,7,7,1,0,0,5,0,0,0,0,4,1,6,6,1,29,6,1390,1,15,RENAULT MEGANE,2,E01004207,0,-1
2020170M10250,2020,170M10250,2,9,0,18,19,2,7,0,0,8,0,0,0,0,1,1,6,6,1,22,5,1598,1,11,RENAULT MEGANE,1,E01012050,0,-1
2020500925468,2020,500925468,1,9,0,18,19,7,3,0,0,1,0,0,0,0,1,1,2,2,2,25,5,1461,2,11,RENAULT MEGANE,6,E01018832,0,-1
2020440045922,2020,440045922,1,9,0,17,19,2,1,0,0,0,1,0,1,1,1,1,6,6,2,46,8,1390,1,18,RENAULT MEGANE,10,E01022595,0,-1
2020010237937,2020,010237937,1,9,0,7,7,2,5,0,0,5,0,0,1,0,4,1,6,6,1,26,6,1598,2,8,RENAULT MEGANE,5,E01000469,0,-1
2020302001205,2020,302001205,1,9,0,14,14,7,3,0,0,0,0,4,0,0,1,1,1,1,1,48,8,1461,2,18,RENAULT MEGANE,3,E01019496,0,-1
2020552100070,2020,552100070,1,9,0,18,19,4,8,0,0,0,0,0,0,0,1,1,6,6,1,51,8,1198,1,3,RENAULT MEGANE,10,E01020463,0,-1