collision_index,collision_year,collision_ref_no,vehicle_reference,vehicle_type,towing_and_articulation,vehicle_manoeuvre_historic,vehicle_manoeuvre,vehicle_direction_from,vehicle_direction_to,vehicle_location_restricted_lane_historic,vehicle_location_restricted_lane,junction_location,skidding_and_overturning,hit_object_in_carriageway,vehicle_leaving_carriageway,hit_object_off_carriageway,first_point_of_impact,vehicle_left_hand_drive,journey_purpose_of_driver_historic,journey_purpose_of_driver,sex_of_driver,age_of_driver,age_band_of_driver,engine_capacity_cc,propulsion_code,age_of_vehicle,generic_make_model,driver_imd_decile,lsoa_of_driver,escooter_flag,driver_distance_banding
2020230957719,2020,230957719,2,9,0,9,9,6,4,0,0,6,0,0,0,0,3,1,5,6,1,44,7,1956,2,5,VAUXHALL INSIGNIA,1,E01032890,0,-1
2020170M11640,2020,170M11640,2,9,0,9,9,1,8,0,0,4,0,0,0,0,1,1,2,2,1,-1,-1,1490,1,3,VAUXHALL INSIGNIA,3,E01012239,0,-1
2020440363582,2020,440363582,2,9,0,9,9,3,1,0,0,8,0,0,0,0,1,1,6,6,2,50,8,1796,1,9,VAUXHALL INSIGNIA,2,E01017241,0,-1
2020160979883,2020,160979883,2,9,0,18,19,3,7,0,0,2,0,0,0,0,1,1,6,6,1,-1,-1,1956,2,7,VAUXHALL INSIGNIA,1,E01012798,0,-1
2020030998579,2020,030998579,1,9,0,5,5,6,1,0,0,1,0,0,0,0,1,1,1,1,3,35,6,1956,2,6,VAUXHALL INSIGNIA,9,E01019358,0,-1
2020430284524,2020,430284524,2,9,0,18,19,7,3,0,0,0,1,7,5,6,2,1,2,2,1,41,7,1956,2,8,VAUXHALL INSIGNIA,7,E01033509,0,-1
2020411006726,2020,411006726,1,9,0,18,19,7,3,0,0,1,0,0,1,0,1,1,6,6,1,56,9,1956,2,10,VAUXHALL INSIGNIA,8,E01033027,0,-1
2020010249701,2020,010249701,2,9,0,18,19,2,6,0,0,1,0,4,0,0,3,1,6,6,1,48,8,1956,2,10,VAUXHALL INSIGNIA,6,E01003030,0,-1
2020101002396,2020,101002396,1,9,0,5,5,1,5,0,0,0,0,4,2,11,1,1,6,6,1,63,9,1956,2,5,VAUXHALL INSIGNIA,5,E01027553,0,-1
2020040959052,2020,040959052,2,9,0,18,19,2,8,0,0,0,0,0,0,0,2,1,5,6,1,30,6,1956,2,9,VAUXHALL INSIGNIA,1,E01025606,0,-1
2020200994240,2020,200994240,1,9,0,1,1,8,4,0,0,2,0,10,1,1,2,1,1,1,1,50,8,1956,2,9,VAUXHALL INSIGNIA,2,E01009058,0,-1
2020100928273,2020,100928273,1,9,0,15,15,1,5,0,0,1,5,0,7,0,1,1,2,2,1,21,5,1956,2,7,VAUXHALL INSIGNIA,1,E01020902,0,-1
2020040972004,2020,040972004,2,9,0,18,19,1,5,0,0,0,0,0,0,0,2,1,5,6,1,21,5,1598,2,4,VAUXHALL INSIGNIA,5,E01005646,0,-1
2020340D08212,2020,340D08212,2,9,0,18,19,5,1,0,0,8,0,0,0,0,2,1,2,2,2,46,8,1956,2,9,VAUXHALL INSIGNIA,7,E01028437,0,-1
2020052002111,2020,052002111,2,9,0,2,2,0,0,0,0,0,0,0,0,0,2,1,6,6,3,-1,-1,1956,2,5,VAUXHALL INSIGNIA,-1,-1,0,-1
2020410970698,2020,410970698,3,9,0,18,19,5,1,0,0,1,0,0,0,0,2,1,6,6,2,21,5,1598,2,5,VAUXHALL INSIGNIA,6,E01023789,0,-1
202006XG73495,2020,06XG73495,2,9,0,4,4,3,7,0,0,0,0,0,0,0,2,1,1,1,1,65,9,1956,2,8,VAUXHALL INSIGNIA,6,E01006051,0,-1
202031B082120,2020,31B082120,2,9,0,18,19,1,5,0,0,8,0,0,0,0,3,1,6,6,1,48,8,1598,2,4,VAUXHALL INSIGNIA,3,E01028306,0,-1
202006L372110,2020,06L372110,1,9,0,9,9,4,2,0,0,5,0,0,0,0,1,1,1,1,1,54,8,1956,2,9,VAUXHALL INSIGNIA,-1,-1,0,-1
2020430085150,2020,430085150,1,9,0,9,9,2,8,0,0,1,0,0,0,0,1,1,6,6,1,50,8,1956,2,11,VAUXHALL INSIGNIA,9,E01033514,0,-1
202006XA76081,2020,06XA76081,1,9,0,18,19,3,7,0,0,1,0,0,1,2,1,1,6,6,2,37,7,1490,1,1,VAUXHALL INSIGNIA,5,E01004899,0,-1
2020500975762,2020,500975762,1,9,0,18,19,3,7,0,0,0,0,0,0,0,1,1,6,6,1,44,7,1796,1,9,VAUXHALL INSIGNIA,9,E01015104,0,-1
2020160935905,2020,160935905,1,9,0,9,9,3,7,0,0,6,0,0,0,0,1,1,6,6,1,33,6,1956,2,10,VAUXHALL INSIGNIA,2,E01012871,0,-1
2020410965974,2020,410965974,1,9,0,17,19,3,3,0,0,0,0,0,0,0,1,1,5,6,1,34,6,1956,2,5,VAUXHALL INSIGNIA,5,E01023537,0,-1
2020410924271,2020,410924271,1,9,0,4,4,2,6,0,0,0,0,0,0,0,0,1,2,2,2,27,6,1956,2,2,VAUXHALL INSIGNIA,2,E01015779,0,-1
2020340W02262,2020,340W02262,1,9,0,18,19,2,6,0,0,2,0,0,0,0,1,1,6,6,1,-1,-1,1956,2,7,VAUXHALL INSIGNIA,-1,-1,0,-1
2020010257099,2020,010257099,1,9,0,99,99,9,9,99,99,0,9,99,9,99,3,9,6,6,2,33,6,1490,1,2,VAUXHALL INSIGNIA,10,E01000325,0,-1
2020351007444,2020,351007444,1,9,0,18,19,4,8,0,0,0,0,0,0,0,4,1,6,6,1,34,6,1956,2,8,VAUXHALL INSIGNIA,8,E01018206,0,-1
2020160957313,2020,160957313,2,9,0,2,2,0,0,0,0,0,0,0,0,0,2,1,5,6,1,40,7,1956,2,2,VAUXHALL INSIGNIA,-1,-1,0,-1
2020010258135,2020,010258135,2,9,0,18,19,3,7,0,0,6,0,0,1,2,1,1,6,6,3,20,4,1796,1,10,VAUXHALL INSIGNIA,-1,-1,0,-1
2020211026863,2020,211026863,3,9,0,18,19,8,4,0,0,0,0,0,0,0,0,1,1,1,1,27,6,1956,2,2,VAUXHALL INSIGNIA,-1,-1,0,-1
2020160918296,2020,160918296,1,9,0,18,19,5,1,0,0,0,0,0,0,0,1,1,6,6,1,30,6,1956,2,5,VAUXHALL INSIGNIA,-1,-1,0,-1
2020549035220,2020,549035220,1,9,0,2,2,5,1,9,9,1,0,0,1,0,2,1,6,6,1,30,6,1796,1,10,VAUXHALL INSIGNIA,7,E01032015,0,-1
2020220921205,2020,220921205,1,9,0,7,7,7,1,0,0,4,0,0,0,0,1,1,5,6,1,76,11,2792,1,7,VAUXHALL INSIGNIA,4,E01032479,0,-1
2020211001411,2020,211001411,1,9,0,9,9,4,8,0,0,0,0,0,0,0,2,1,6,6,1,29,6,1796,1,9,VAUXHALL INSIGNIA,3,E01014257,0,-1
2020010282451,2020,010282451,1,9,0,9,9,2,8,0,0,5,0,0,0,0,1,1,6,6,2,41,7,1956,2,9,VAUXHALL INSIGNIA,6,E01000585,0,-1
2020350954183,2020,350954183,2,9,0,18,19,3,7,0,0,0,0,0,0,0,1,1,5,6,1,39,7,1956,2,8,VAUXHALL INSIGNIA,10,E01018216,0,-1
2020140951576,2020,140951576,1,9,0,18,19,1,5,0,0,6,0,0,0,0,4,1,1,1,1,35,6,1956,2,6,VAUXHALL INSIGNIA,9,E01007893,0,-1
2020610041920,2020,610041920,1,9,0,7,7,6,8,0,0,1,0,0,0,0,4,1,6,6,2,56,9,1956,2,8,VAUXHALL INSIGNIA,-1,-1,0,-1
2020302000904,2020,302000904,2,9,0,5,5,8,4,0,0,8,0,0,0,0,2,1,2,2,1,63,9,1956,2,6,VAUXHALL INSIGNIA,6,E01028283,0,-1
2020990974648,2020,990974648,2,9,0,5,5,3,7,0,0,1,0,0,0,0,3,1,6,6,1,47,8,1956,2,6,VAUXHALL INSIGNIA,1,-1,0,-1
2020460959557,2020,460959557,2,9,0,18,19,8,4,0,0,0,0,0,0,0,3,1,5,6,1,41,7,1598,2,4,VAUXHALL INSIGNIA,6,E01024401,0,-1
2020031002959,2020,031002959,1,9,0,18,19,7,3,0,0,0,1,4,0,0,1,1,6,6,1,30,6,1956,2,10,VAUXHALL INSIGNIA,4,E01018549,0,-1
2020201001840,2020,201001840,1,9,0,18,19,2,6,0,0,0,0,0,0,0,1,1,1,1,1,35,6,1598,2,5,VAUXHALL INSIGNIA,-1,-1,0,-1
2020010234314,2020,010234314,2,9,0,99,99,9,9,99,99,3,9,99,9,99,1,9,6,6,1,26,6,1956,2,11,VAUXHALL INSIGNIA,4,E01003690,0,-1
2020100931058,2020,100931058,1,8,0,5,5,6,2,0,0,8,0,0,0,0,1,1,6,6,1,48,8,1598,2,5,VAUXHALL INSIGNIA,2,E01008773,0,-1
2020201017113,2020,201017113,1,9,0,18,19,8,4,0,0,2,0,0,0,0,3,1,6,6,1,39,7,1956,2,5,VAUXHALL INSIGNIA,3,E01010501,0,-1
2020211028257,2020,211028257,2,9,0,18,19,7,3,0,0,0,0,0,0,0,2,1,1,1,1,46,8,1598,2,3,VAUXHALL INSIGNIA,-1,-1,0,-1
2020160976423,2020,160976423,1,9,0,16,19,5,8,0,0,0,0,0,0,0,1,1,2,2,1,59,9,1956,2,6,VAUXHALL INSIGNIA,5,E01013082,0,-1
2020230997331,2020,230997331,2,9,0,17,19,4,1,0,0,8,1,0,2,0,3,1,5,6,1,39,7,1956,2,9,VAUXHALL INSIGNIA,8,E01031260,0,-1
2020010959306,2020,010959306,2,9,0,5,5,1,1,0,0,0,0,0,0,0,1,1,1,1,1,32,6,1956,2,1,VAUXHALL INSIGNIA,8,E01021544,0,-1
2020160947794,2020,160947794,2,9,0,5,5,5,1,0,0,0,0,10,8,2,1,1,6,6,1,32,6,1956,2,8,VAUXHALL INSIGNIA,1,E01013279,0,-1
2020010267793,2020,010267793,2,9,0,99,99,9,9,99,99,9,9,99,9,99,1,9,6,6,3,-1,-1,1364,1,4,VAUXHALL INSIGNIA,9,E01023676,0,-1
2020100941120,2020,100941120,1,9,0,18,19,1,5,0,0,0,0,0,0,0,1,1,2,2,1,27,6,1956,2,7,VAUXHALL INSIGNIA,2,E01008813,0,-1
2020990928425,2020,990928425,1,9,0,16,19,4,7,0,0,0,1,0,0,0,1,1,2,2,1,32,6,1956,2,10,VAUXHALL INSIGNIA,7,-1,0,-1
2020420939955,2020,420939955,2,9,0,4,4,3,7,0,0,0,1,4,0,0,1,1,1,1,2,20,4,1956,2,10,VAUXHALL INSIGNIA,-1,-1,0,-1
202006E169738,2020,06E169738,1,9,0,18,19,4,8,0,0,0,0,0,0,0,1,1,1,1,1,53,8,1956,2,8,VAUXHALL INSIGNIA,4,E01005184,0,-1
2020360976148,2020,360976148,1,9,0,4,4,6,2,0,0,0,0,0,0,0,1,1,5,6,1,38,7,1956,2,9,VAUXHALL INSIGNIA,1,E01015603,0,-1
2020200933615,2020,200933615,3,9,0,9,9,7,5,0,0,1,0,0,0,0,3,1,6,6,1,71,10,1956,2,10,VAUXHALL INSIGNIA,3,E01008989,0,-1
202063A009820,2020,63A009820,1,9,0,18,19,7,3,0,0,0,0,0,0,0,1,1,6,6,1,34,6,1956,2,9,VAUXHALL INSIGNIA,8,W01000634,0,-1
2020010280576,2020,010280576,1,9,0,9,9,8,5,0,0,6,0,0,0,0,3,1,2,2,1,22,5,1956,2,6,VAUXHALL INSIGNIA,6,E01024472,0,-1
2020350928770,2020,350928770,5,9,0,18,19,3,7,0,0,0,0,0,0,0,3,1,6,6,1,44,7,1956,2,9,VAUXHALL INSIGNIA,6,E01026272,0,-1
2020460973823,2020,460973823,2,9,0,18,19,7,3,0,0,3,1,0,0,0,4,1,5,6,2,27,6,1956,2,10,VAUXHALL INSIGNIA,2,E01023976,0,-1
2020010230987,2020,010230987,2,9,0,14,14,3,7,0,0,1,0,0,0,0,3,1,6,6,1,-1,-1,1956,2,5,VAUXHALL INSIGNIA,2,E01001509,0,-1
2020070737870,2020,070737870,1,9,0,7,7,2,4,0,0,5,0,0,0,0,1,1,6,6,1,40,7,1956,2,10,VAUXHALL INSIGNIA,-1,-1,0,-1
2020201011784,2020,201011784,1,8,0,6,6,1,1,0,0,1,0,10,0,0,1,1,6,6,1,-1,-1,1956,2,5,VAUXHALL INSIGNIA,-1,-1,0,-1
2020340D03792,2020,340D03792,2,9,0,18,19,1,5,0,0,8,0,0,0,0,0,1,2,2,1,51,8,1598,2,1,VAUXHALL INSIGNIA,2,E01013972,0,-1
2020320438576,2020,320438576,2,9,0,18,19,5,1,0,0,8,0,0,1,0,3,1,6,6,1,73,10,1956,2,10,VAUXHALL INSIGNIA,-1,-1,0,-1
2020010246840,2020,010246840,1,9,0,7,7,5,8,0,0,1,0,0,0,0,4,1,1,1,1,42,7,1598,2,4,VAUXHALL INSIGNIA,2,E01033148,0,-1
2020010279450,2020,010279450,1,9,0,16,19,1,5,0,0,0,0,4,0,0,1,1,6,6,1,36,7,1490,1,0,VAUXHALL INSIGNIA,1,E01001426,0,-1
2020010255362,2020,010255362,1,9,0,18,19,5,1,0,0,1,0,0,0,0,1,1,2,2,1,30,6,1956,2,11,VAUXHALL INSIGNIA,9,E01000415,0,-1
2020990961019,2020,990961019,1,9,0,9,9,7,4,0,0,0,0,0,0,0,3,1,1,1,1,59,9,1598,2,5,VAUXHALL INSIGNIA,5,-1,0,-1
2020200968353,2020,200968353,2,9,0,18,19,2,6,0,0,8,0,10,7,11,1,1,1,1,1,25,5,1598,2,2,VAUXHALL INSIGNIA,-1,-1,0,-1
202006N171647,2020,06N171647,1,9,0,9,9,5,4,0,0,8,0,0,0,0,1,1,6,6,3,-1,-1,1796,1,10,VAUXHALL INSIGNIA,-1,-1,0,-1
2020544081520,2020,544081520,2,9,0,3,3,3,7,0,0,8,0,0,0,0,2,1,6,6,2,28,6,1598,2,4,VAUXHALL INSIGNIA,4,E01015569,0,-1
2020010250310,2020,010250310,1,9,4,99,99,9,9,0,0,1,0,0,0,0,1,1,6,6,1,26,6,1956,2,4,VAUXHALL INSIGNIA,3,E01002325,0,-1
2020522003068,2020,522003068,1,9,0,4,4,5,1,0,0,0,0,0,0,0,1,1,6,6,1,26,6,1956,2,4,VAUXHALL INSIGNIA,4,E01014704,0,-1
20201372T1331,2020,1372T1331,1,9,0,18,19,2,6,0,0,4,0,0,0,0,1,1,6,6,2,35,6,1796,1,10,VAUXHALL INSIGNIA,3,E01011817,0,-1
2020200980624,2020,200980624,1,9,0,18,19,7,3,0,0,0,0,0,0,0,1,1,6,6,2,-1,-1,1956,2,11,VAUXHALL INSIGNIA,-1,-1,0,-1
2020302000528,2020,302000528,1,9,0,18,19,6,2,0,0,0,0,0,0,0,1,1,6,6,1,26,6,1956,2,8,VAUXHALL INSIGNIA,1,E01013567,0,-1
2020430010072,2020,430010072,1,9,0,18,19,4,8,0,0,0,0,0,0,0,1,1,6,6,1,20,4,1598,2,2,VAUXHALL INSIGNIA,5,E01017634,0,-1
2020420999292,2020,420999292,1,9,0,9,9,7,5,0,0,2,1,0,0,0,1,1,1,1,1,47,8,1956,2,7,VAUXHALL INSIGNIA,4,E01015903,0,-1
2020420938970,2020,420938970,3,9,0,18,19,3,7,0,0,2,0,0,0,0,1,1,2,2,2,43,7,1956,2,8,VAUXHALL INSIGNIA,10,E01024752,0,-1
2020010264135,2020,010264135,2,9,0,99,99,9,9,99,99,9,9,99,9,99,1,9,6,6,3,-1,-1,1598,2,4,VAUXHALL INSIGNIA,-1,-1,0,-1
2020500946408,2020,500946408,1,9,0,18,19,5,1,0,0,1,5,10,2,4,1,1,5,6,1,23,5,1956,2,10,VAUXHALL INSIGNIA,6,E01008934,0,-1
2020302001329,2020,302001329,1,9,0,18,19,7,3,0,0,8,0,0,0,0,4,1,6,6,2,34,6,1956,2,7,VAUXHALL INSIGNIA,4,E01019824,0,-1
2020010268408,2020,010268408,1,9,0,4,4,3,7,0,0,8,0,0,0,0,2,1,2,2,1,39,7,1956,2,4,VAUXHALL INSIGNIA,-1,-1,0,-1
2020201011907,2020,201011907,1,9,0,18,19,1,5,0,0,1,1,0,0,0,1,1,6,6,1,37,7,1956,2,5,VAUXHALL INSIGNIA,5,E01029645,0,-1
2020302000560,2020,302000560,2,9,0,7,7,2,4,0,0,4,0,0,0,0,3,1,1,1,1,35,6,1956,2,7,VAUXHALL INSIGNIA,5,E01028132,0,-1
2020430205698,2020,430205698,2,9,0,2,2,0,0,6,6,2,0,0,0,0,2,1,6,6,3,-1,-1,1796,1,7,VAUXHALL INSIGNIA,-1,-1,0,-1
2020200946005,2020,200946005,2,9,0,18,19,5,1,0,0,8,0,10,0,0,2,1,6,6,1,42,7,1956,2,6,VAUXHALL INSIGNIA,2,E01009674,0,-1
202063D048420,2020,63D048420,1,9,0,9,9,2,8,0,0,6,0,0,0,0,1,1,6,6,1,43,7,1956,2,5,VAUXHALL INSIGNIA,7,W01000475,0,-1
2020460954530,2020,460954530,2,9,0,18,19,2,6,0,0,0,0,0,0,0,2,1,5,6,2,37,7,1956,2,9,VAUXHALL INSIGNIA,3,E01024083,0,-1
2020140955864,2020,140955864,2,9,0,18,19,7,2,0,0,8,0,0,0,0,1,1,6,6,1,70,10,1956,2,7,VAUXHALL INSIGNIA,2,E01007391,0,-1
2020470917196,2020,470917196,2,9,0,18,19,8,4,0,0,1,0,0,0,0,3,1,2,2,1,35,6,1796,1,6,VAUXHALL INSIGNIA,1,E01020972,0,-1
2020200952825,2020,200952825,1,9,0,18,19,8,4,0,0,8,0,10,7,0,1,1,1,1,1,33,6,1598,2,1,VAUXHALL INSIGNIA,-1,-1,0,-1
2020200920194,2020,200920194,1,9,0,18,19,1,5,9,9,6,0,0,0,0,1,1,6,6,1,35,6,1956,2,11,VAUXHALL INSIGNIA,-1,-1,0,-1
202006A179649,2020,06A179649,1,9,0,18,19,7,3,0,0,1,0,0,0,0,3,1,6,6,1,45,7,1598,2,3,VAUXHALL INSIGNIA,6,E01005620,0,-1
2020302001200,2020,302001200,1,9,0,18,19,7,3,0,0,0,0,0,0,0,4,1,6,6,2,-1,-1,1956,2,6,VAUXHALL INSIGNIA,5,E01027941,0,-1
2020622001115,2020,622001115,1,9,0,9,9,2,8,0,0,6,0,0,0,0,0,1,6,6,3,-1,-1,1956,2,10,VAUXHALL INSIGNIA,-1,-1,0,-1
2020010260511,2020,010260511,2,9,0,2,2,0,0,0,0,2,0,0,0,0,0,1,6,6,3,-1,-1,1956,2,8,VAUXHALL INSIGNIA,-1,-1,0,-1
2020110989524,2020,110989524,3,9,0,18,19,3,7,0,0,4,0,0,0,0,1,1,5,6,1,34,6,1956,2,8,VAUXHALL INSIGNIA,2,E01020895,0,-1
2020470928254,2020,470928254,2,9,0,18,19,6,2,0,0,8,1,0,0,0,1,1,2,2,1,45,7,1956,2,5,VAUXHALL INSIGNIA,7,E01031525,0,-1
2020100990263,2020,100990263,1,9,0,9,9,7,8,0,0,1,0,0,0,0,1,1,2,2,2,35,6,1956,2,10,VAUXHALL INSIGNIA,8,E01008447,0,-1
2020552000745,2020,552000745,1,9,0,4,4,2,6,0,0,0,0,0,0,0,2,1,6,6,2,55,8,1956,2,10,VAUXHALL INSIGNIA,3,E01014141,0,-1
2020460998308,2020,460998308,1,9,0,18,19,1,5,0,0,1,0,0,0,0,1,1,6,6,1,24,5,1956,2,9,VAUXHALL INSIGNIA,1,E01024295,0,-1
2020545239520,2020,545239520,1,9,0,4,4,8,4,0,0,1,0,0,0,0,1,1,6,6,2,30,6,1956,2,5,VAUXHALL INSIGNIA,4,E01022188,0,-1
2020460971242,2020,460971242,2,9,0,18,19,2,6,0,0,2,0,0,0,0,1,1,6,6,1,48,8,1956,2,6,VAUXHALL INSIGNIA,2,W01001483,0,-1
20201378V0168,2020,1378V0168,1,9,0,18,19,6,2,0,0,0,2,7,7,11,1,1,6,6,1,30,6,1956,2,10,VAUXHALL INSIGNIA,8,E01027586,0,-1
2020010277019,2020,010277019,1,9,0,18,19,7,3,0,0,1,1,7,0,0,1,1,6,6,1,23,5,1796,1,11,VAUXHALL INSIGNIA,3,E01001673,0,-1
2020990959286,2020,990959286,1,9,0,16,19,7,2,9,9,0,0,0,7,10,1,1,5,6,2,65,9,1490,1,3,VAUXHALL INSIGNIA,3,-1,0,-1
2020010246265,2020,010246265,1,9,0,99,99,9,9,99,99,0,9,99,9,99,2,9,6,6,1,36,7,1956,2,9,VAUXHALL INSIGNIA,7,E01000413,0,-1
2020430376742,2020,430376742,1,9,0,18,19,2,6,0,0,0,1,0,1,0,1,1,2,2,1,42,7,1956,2,8,VAUXHALL INSIGNIA,2,E01016847,0,-1
2020200968738,2020,200968738,1,9,0,3,3,4,8,0,0,1,0,0,0,0,2,1,6,6,2,49,8,1956,2,10,VAUXHALL INSIGNIA,1,E01009881,0,-1
2020201014913,2020,201014913,1,9,0,9,9,3,8,0,0,6,0,0,0,0,3,1,6,6,1,28,6,1796,1,10,VAUXHALL INSIGNIA,1,E01009124,0,-1
2020460999698,2020,460999698,2,9,0,4,4,2,7,0,0,4,0,0,0,0,2,1,5,6,1,39,7,1796,1,11,VAUXHALL INSIGNIA,2,E01024165,0,-1
2020111017395,2020,111017395,1,9,0,18,19,4,8,0,0,0,0,0,0,0,4,1,5,6,1,50,8,1796,1,8,VAUXHALL INSIGNIA,1,E01020819,0,-1
2020211023128,2020,211023128,2,9,0,18,19,1,5,0,0,0,0,0,0,0,4,1,6,6,1,33,6,1796,1,9,VAUXHALL INSIGNIA,1,E01009123,0,-1
2020010262288,2020,010262288,1,9,0,99,99,9,9,99,99,9,9,99,9,99,2,9,6,6,2,27,6,1956,2,9,VAUXHALL INSIGNIA,6,E01017808,0,-1
2020990998413,2020,990998413,1,9,0,7,7,7,3,0,0,1,0,0,0,0,4,1,6,6,1,30,6,1956,2,6,VAUXHALL INSIGNIA,-1,-1,0,-1
2020400951768,2020,400951768,3,9,0,2,2,0,0,0,0,0,0,0,0,0,2,1,1,1,1,27,6,1956,2,5,VAUXHALL INSIGNIA,8,E01023616,0,-1
2020420915438,2020,420915438,1,9,0,5,5,4,8,0,0,3,0,0,0,0,3,1,6,6,2,31,6,1998,1,11,VAUXHALL INSIGNIA,9,E01021561,0,-1
2020500970192,2020,500970192,1,9,0,3,3,1,5,0,0,4,0,0,0,0,1,1,6,6,1,35,6,1956,2,6,VAUXHALL INSIGNIA,7,E01020105,0,-1
2020010258195,2020,010258195,1,9,0,18,19,5,1,9,9,0,0,0,0,0,1,1,6,6,3,20,4,1796,1,11,VAUXHALL INSIGNIA,-1,-1,0,-1
2020010265855,2020,010265855,3,9,0,2,2,0,0,0,0,0,0,0,0,0,4,1,6,6,3,-1,-1,1796,1,11,VAUXHALL INSIGNIA,-1,-1,0,-1
2020210952113,2020,210952113,2,9,0,1,1,4,2,0,0,0,0,0,0,0,1,1,1,1,1,47,8,1956,2,3,VAUXHALL INSIGNIA,-1,-1,0,-1
2020200980680,2020,200980680,2,9,0,14,14,3,7,0,0,1,0,0,0,0,1,1,6,6,1,-1,-1,1956,2,11,VAUXHALL INSIGNIA,-1,-1,0,-1
2020070188495,2020,070188495,2,9,0,18,19,6,2,0,0,1,1,0,0,0,0,1,6,6,1,49,8,1598,1,2,VAUXHALL INSIGNIA,7,E01018429,0,-1
2020010279352,2020,010279352,1,9,0,4,4,2,6,0,0,1,0,0,0,0,3,1,6,6,2,34,6,1956,2,8,VAUXHALL INSIGNIA,-1,-1,0,-1
2020220929538,2020,220929538,2,9,0,9,9,4,2,0,0,6,0,0,0,0,1,1,6,6,2,39,7,1956,2,10,VAUXHALL INSIGNIA,2,E01032453,0,-1
2020141006860,2020,141006860,1,9,0,4,4,8,4,0,0,0,0,0,0,0,2,1,1,1,1,31,6,1956,2,6,VAUXHALL INSIGNIA,4,E01007330,0,-1
2020200932576,2020,200932576,1,9,0,11,11,2,6,0,0,0,0,0,0,0,3,1,6,6,1,50,8,1956,2,5,VAUXHALL INSIGNIA,3,E01008945,0,-1
2020137191224,2020,137191224,1,9,0,18,19,8,4,0,0,0,0,0,0,0,1,1,6,6,1,34,6,1956,2,2,VAUXHALL INSIGNIA,7,E01011159,0,-1
2020370988980,2020,370988980,2,9,0,4,4,7,3,0,0,0,0,0,0,0,2,1,2,2,1,31,6,1956,2,6,VAUXHALL INSIGNIA,7,E01030125,0,-1
2020430034727,2020,430034727,3,9,0,3,3,7,3,0,0,8,0,0,0,0,2,1,6,6,2,-1,-1,1796,1,5,VAUXHALL INSIGNIA,-1,-1,0,-1
2020500954461,2020,500954461,1,9,0,18,19,3,7,0,0,0,0,0,1,9,0,1,6,6,1,30,6,1956,2,4,VAUXHALL INSIGNIA,3,E01019914,0,-1
2020302001411,2020,302001411,2,9,0,3,3,8,4,0,0,0,0,0,0,0,2,1,2,2,1,26,6,1956,2,10,VAUXHALL INSIGNIA,8,E01025853,0,-1
2020110948487,2020,110948487,2,9,0,4,4,1,5,0,0,1,0,0,0,0,1,1,6,6,2,35,6,1956,2,11,VAUXHALL INSIGNIA,4,E01020824,0,-1
2020430057529,2020,430057529,1,9,0,18,19,1,5,0,0,1,0,0,0,0,1,1,2,2,1,54,8,1956,2,7,VAUXHALL INSIGNIA,10,E01017371,0,-1
2020320262489,2020,320262489,1,9,0,9,9,7,4,0,0,6,0,0,0,0,0,1,6,6,1,56,9,1956,2,8,VAUXHALL INSIGNIA,3,E01026075,0,-1
2020101003227,2020,101003227,1,9,0,9,9,3,7,0,0,5,0,0,0,0,4,1,6,6,2,46,8,1956,2,3,VAUXHALL INSIGNIA,2,E01008457,0,-1
2020500947113,2020,500947113,2,9,0,9,9,6,2,0,0,0,0,0,0,0,1,1,5,6,1,27,6,1956,2,8,VAUXHALL INSIGNIA,1,E01021703,0,-1
2020350925770,2020,350925770,1,9,0,3,3,5,8,0,0,1,0,0,0,0,1,1,6,6,2,58,9,1598,2,3,VAUXHALL INSIGNIA,2,E01015592,0,-1
2020160971375,2020,160971375,2,8,0,4,4,5,1,0,0,1,0,0,0,0,2,1,1,1,1,54,8,1956,2,7,VAUXHALL INSIGNIA,2,E01013315,0,-1
2020430243487,2020,430243487,2,9,0,2,2,0,0,0,0,0,0,0,0,0,3,1,6,6,3,-1,-1,1956,2,8,VAUXHALL INSIGNIA,6,E01016309,0,-1
2020052002681,2020,052002681,3,9,0,18,19,4,8,0,0,4,0,0,0,0,2,1,6,6,1,46,8,1796,1,10,VAUXHALL INSIGNIA,1,E01006437,0,-1
2020200991750,2020,200991750,1,9,0,7,7,4,6,4,4,5,0,0,0,0,1,1,6,6,1,-1,-1,1956,2,8,VAUXHALL INSIGNIA,-1,-1,0,-1
2020170H10290,2020,170H10290,1,9,0,18,19,3,7,0,0,8,0,0,0,0,1,1,6,6,1,45,7,1956,2,10,VAUXHALL INSIGNIA,1,E01020739,0,-1
2020200934888,2020,200934888,3,9,0,3,3,6,2,0,0,0,0,0,0,0,2,1,1,1,1,43,7,1956,2,8,VAUXHALL INSIGNIA,1,E01010414,0,-1
2020010283676,2020,010283676,2,9,0,99,99,9,9,99,99,9,9,99,9,99,2,9,6,6,3,53,8,1956,2,8,VAUXHALL INSIGNIA,2,E01004246,0,-1
2020200983954,2020,200983954,2,9,0,2,2,0,0,0,0,0,0,0,0,0,4,1,6,6,1,-1,-1,1598,2,3,VAUXHALL INSIGNIA,-1,-1,0,-1
2020040984759,2020,040984759,2,9,0,18,19,7,3,0,0,1,0,0,0,0,4,1,2,2,1,54,8,1956,2,5,VAUXHALL INSIGNIA,8,E01025162,0,-1
2020420990443,2020,420990443,2,9,0,18,19,1,5,0,0,1,0,0,0,0,1,1,1,1,2,53,8,1598,2,4,VAUXHALL INSIGNIA,5,E01021399,0,-1
2020052002164,2020,052002164,2,9,0,5,5,5,1,0,0,0,0,0,0,0,3,1,6,6,1,26,6,1598,2,4,VAUXHALL INSIGNIA,2,E01007136,0,-1