collision_index,collision_year,collision_ref_no,vehicle_reference,vehicle_type,towing_and_articulation,vehicle_manoeuvre_historic,vehicle_manoeuvre,vehicle_direction_from,vehicle_direction_to,vehicle_location_restricted_lane_historic,vehicle_location_restricted_lane,junction_location,skidding_and_overturning,hit_object_in_carriageway,vehicle_leaving_carriageway,hit_object_off_carriageway,first_point_of_impact,vehicle_left_hand_drive,journey_purpose_of_driver_historic,journey_purpose_of_driver,sex_of_driver,age_of_driver,age_band_of_driver,engine_capacity_cc,propulsion_code,age_of_vehicle,generic_make_model,driver_imd_decile,lsoa_of_driver,escooter_flag,driver_distance_banding
2020010232112,2020,010232112,2,9,0,18,19,1,5,0,0,1,0,0,0,0,2,1,6,6,2,35,6,1856,2,10,VAUXHALL INSIGNIA,2,E01001331,0,-1
2020010228609,2020,010228609,2,9,0,18,19,3,7,0,0,1,0,0,0,0,1,1,6,6,1,69,10,1956,2,5,VAUXHALL INSIGNIA,2,E01024585,0,-1
2020530923827,2020,530923827,1,9,0,17,19,6,2,0,0,0,0,0,0,0,1,1,6,6,2,33,6,1956,2,7,VAUXHALL INSIGNIA,2,E01032564,0,-1
2020040919254,2020,040919254,1,9,0,18,19,5,1,0,0,0,0,0,0,0,1,1,5,6,1,43,7,1956,2,9,VAUXHALL INSIGNIA,1,E01025230,0,-1
2020100918708,2020,100918708,1,9,0,18,19,6,1,0,0,0,0,0,0,0,1,1,6,6,1,-1,-1,1956,2,11,VAUXHALL INSIGNIA,-1,-1,0,-1
2020470932500,2020,470932500,1,9,0,18,19,7,3,0,0,1,0,0,0,0,1,1,5,6,1,55,8,1490,1,1,VAUXHALL INSIGNIA,1,E01021019,0,-1
20201376A1616,2020,1376A1616,2,9,0,5,5,3,7,0,0,0,0,0,0,0,2,1,6,6,1,28,6,1956,2,8,VAUXHALL INSIGNIA,9,E01012996,0,-1
2020440441650,2020,440441650,1,9,0,9,9,4,8,0,0,8,0,0,0,0,1,1,6,6,1,65,9,1956,2,5,VAUXHALL INSIGNIA,4,E01017058,0,-1
2020420933926,2020,420933926,2,9,0,16,19,7,3,0,0,0,0,0,0,0,1,1,2,2,1,59,9,1956,2,7,VAUXHALL INSIGNIA,7,E01021695,0,-1
2020170M20120,2020,170M20120,2,9,0,3,3,3,7,0,0,0,0,0,0,0,2,1,6,6,1,34,6,1956,2,5,VAUXHALL INSIGNIA,4,E01012167,0,-1
2020211026993,2020,211026993,1,9,-1,9,9,2,7,0,0,6,0,0,0,0,1,1,1,1,1,39,7,1956,2,5,VAUXHALL INSIGNIA,4,E01029598,0,-1
2020010262074,2020,010262074,1,9,0,9,9,3,1,0,0,6,0,0,0,0,1,1,6,6,1,83,11,1956,2,8,VAUXHALL INSIGNIA,4,E01023403,0,-1
2020460972104,2020,460972104,1,9,0,13,13,1,5,0,0,1,0,0,0,0,1,1,6,6,1,29,6,1956,2,7,VAUXHALL INSIGNIA,2,E01003187,0,-1
2020520001233,2020,520001233,2,9,0,18,19,4,8,0,0,0,0,0,0,0,1,1,6,6,1,58,9,1796,1,8,VAUXHALL INSIGNIA,6,E01029052,0,-1
2020170H10640,2020,170H10640,2,9,0,18,19,4,8,0,0,0,0,0,0,0,1,1,6,6,3,-1,-1,1956,2,6,VAUXHALL INSIGNIA,-1,-1,0,-1
2020990926004,2020,990926004,1,9,0,9,9,5,2,0,0,7,0,0,0,0,2,1,6,6,2,69,10,1956,2,3,VAUXHALL INSIGNIA,5,-1,0,-1
2020200989976,2020,200989976,1,9,0,7,7,1,5,0,0,8,0,0,0,0,1,1,6,6,3,-1,-1,1796,1,11,VAUXHALL INSIGNIA,-1,-1,0,-1
2020010281344,2020,010281344,1,9,0,18,19,1,5,0,0,1,0,0,0,0,3,1,6,6,1,32,6,1956,2,11,VAUXHALL INSIGNIA,5,E01030030,0,-1
2020450995265,2020,450995265,1,9,0,4,4,1,5,0,0,0,0,0,0,0,2,1,5,6,1,40,7,1956,2,9,VAUXHALL INSIGNIA,4,E01031551,0,-1
2020200995511,2020,200995511,2,9,0,18,19,-1,-1,0,0,8,0,0,0,0,1,1,6,6,1,60,9,1956,2,9,VAUXHALL INSIGNIA,3,E01010512,0,-1
2020500986824,2020,500986824,1,9,0,17,19,8,4,0,0,0,0,0,0,0,1,1,5,6,1,48,8,1490,1,2,VAUXHALL INSIGNIA,9,E01014857,0,-1
2020990916302,2020,990916302,1,9,0,18,19,4,7,0,0,4,0,0,0,0,3,1,2,2,1,57,9,1598,1,2,VAUXHALL INSIGNIA,10,-1,0,-1
2020460989700,2020,460989700,2,9,0,10,10,5,1,0,0,0,0,0,0,0,3,1,6,6,1,28,6,1956,2,11,VAUXHALL INSIGNIA,8,E01024053,0,-1
2020440446610,2020,440446610,2,9,0,18,19,6,2,0,0,1,0,0,0,0,1,1,6,6,1,21,5,1490,1,1,VAUXHALL INSIGNIA,3,E01022811,0,-1
2020302000322,2020,302000322,3,9,0,18,19,2,7,0,0,0,0,0,0,0,3,1,6,6,1,-1,-1,1956,2,11,VAUXHALL INSIGNIA,6,E01007706,0,-1
2020160979343,2020,160979343,1,9,0,18,19,1,5,0,0,2,0,0,0,0,4,1,2,2,2,49,8,1956,2,10,VAUXHALL INSIGNIA,1,E01012761,0,-1
202031C064120,2020,31C064120,2,9,0,18,19,8,6,0,0,1,0,0,0,0,1,1,6,6,1,21,5,1956,2,11,VAUXHALL INSIGNIA,5,E01013831,0,-1
2020010236671,2020,010236671,1,9,0,99,99,9,9,99,99,0,9,99,9,99,2,9,6,6,1,48,8,1956,2,4,VAUXHALL INSIGNIA,2,E01000901,0,-1
2020530946835,2020,530946835,1,9,0,5,5,5,1,0,0,2,0,0,0,0,4,1,1,1,1,47,8,1956,2,11,VAUXHALL INSIGNIA,6,E01022338,0,-1
2020111002010,2020,111002010,2,9,0,18,19,7,3,0,0,0,0,0,0,0,2,1,6,6,1,39,7,1956,2,8,VAUXHALL INSIGNIA,5,E01020803,0,-1
2020200969655,2020,200969655,2,9,0,18,19,2,6,0,0,0,0,0,0,0,0,1,1,1,1,-1,-1,1598,2,5,VAUXHALL INSIGNIA,-1,-1,0,-1
202031B016520,2020,31B016520,2,9,0,3,3,8,4,0,0,0,0,0,0,0,2,1,2,2,1,39,7,1956,2,8,VAUXHALL INSIGNIA,5,E01024930,0,-1
2020140942185,2020,140942185,2,9,0,18,19,2,5,0,0,8,0,0,0,0,1,1,5,6,1,67,10,1956,2,6,VAUXHALL INSIGNIA,1,E01007466,0,-1
2020141006316,2020,141006316,1,9,0,3,3,1,5,0,0,0,0,0,0,0,2,1,6,6,1,41,7,1956,2,8,VAUXHALL INSIGNIA,4,E01007479,0,-1
2020990970280,2020,990970280,1,9,0,18,19,4,1,0,0,8,0,0,0,0,1,1,6,6,1,41,7,1956,2,11,VAUXHALL INSIGNIA,-1,-1,0,-1
2020990953121,2020,990953121,1,9,0,18,19,2,6,0,0,0,0,4,0,0,1,1,6,6,2,27,6,1598,2,4,VAUXHALL INSIGNIA,3,-1,0,-1
2020410993889,2020,410993889,1,9,0,3,3,-1,-1,0,0,4,0,0,0,0,2,1,3,7,2,34,6,1364,1,5,VAUXHALL INSIGNIA,10,E01023820,0,-1
2020122100037,2020,122100037,4,9,0,18,19,7,3,0,0,1,0,0,0,0,1,1,2,2,2,54,8,1956,2,1,VAUXHALL INSIGNIA,10,E01027715,0,-1
2020070737678,2020,070737678,2,9,0,4,4,5,2,0,0,8,0,0,0,0,1,1,3,7,2,48,8,1490,1,2,VAUXHALL INSIGNIA,6,E01018722,0,-1
202006E468408,2020,06E468408,1,9,0,5,5,2,6,0,0,0,0,0,0,0,1,1,1,1,1,44,7,1956,2,7,VAUXHALL INSIGNIA,1,E01005325,0,-1
2020010277257,2020,010277257,1,9,0,7,7,1,3,0,0,8,0,0,0,0,0,1,6,6,1,31,6,1956,2,8,VAUXHALL INSIGNIA,3,E01001239,0,-1
2020040933942,2020,040933942,1,9,0,18,19,5,1,0,0,0,1,0,5,0,1,1,2,2,1,51,8,1956,2,6,VAUXHALL INSIGNIA,3,E01025097,0,-1
2020010258535,2020,010258535,1,9,0,18,19,3,7,0,0,0,0,0,0,0,1,1,6,6,1,36,7,1956,2,10,VAUXHALL INSIGNIA,-1,-1,0,-1
2020010264529,2020,010264529,2,9,0,18,19,3,7,0,0,1,0,0,0,0,1,1,6,6,1,30,6,1956,2,8,VAUXHALL INSIGNIA,-1,-1,0,-1
2020010276916,2020,010276916,1,9,0,3,3,1,5,0,0,1,0,0,0,0,2,1,6,6,1,29,6,1956,2,9,VAUXHALL INSIGNIA,-1,-1,0,-1
202031A024520,2020,31A024520,3,8,0,18,19,8,4,0,0,1,0,0,0,0,1,1,1,1,1,55,8,1364,1,6,VAUXHALL INSIGNIA,2,E01019471,0,-1
2020200984916,2020,200984916,1,9,0,9,9,4,2,0,0,6,0,0,0,0,4,1,6,6,1,37,7,1956,2,10,VAUXHALL INSIGNIA,1,E01009951,0,-1
2020010282177,2020,010282177,1,9,0,18,19,6,2,0,0,0,0,0,0,0,1,9,6,6,2,45,7,1598,2,2,VAUXHALL INSIGNIA,10,E01024449,0,-1
2020031008194,2020,031008194,2,9,0,18,19,7,3,0,0,8,0,0,0,0,1,1,5,6,2,33,6,1598,2,4,VAUXHALL INSIGNIA,1,E01019095,0,-1
2020160956942,2020,160956942,2,9,0,2,2,0,0,0,0,0,0,0,0,0,2,1,6,6,3,-1,-1,1956,2,11,VAUXHALL INSIGNIA,-1,-1,0,-1
2020111002463,2020,111002463,2,9,0,9,9,3,7,0,0,0,0,0,0,0,3,1,2,2,1,49,8,1598,2,4,VAUXHALL INSIGNIA,3,E01020835,0,-1
2020137830767,2020,137830767,1,9,0,18,19,3,7,0,0,0,1,0,0,0,1,1,6,6,1,32,6,1956,2,9,VAUXHALL INSIGNIA,1,E01010720,0,-1
2020040984560,2020,040984560,2,9,0,18,19,2,6,0,0,2,0,0,0,0,1,1,5,6,1,59,9,1956,2,7,VAUXHALL INSIGNIA,7,E01013902,0,-1
2020110989524,2020,110989524,2,9,0,18,19,1,5,0,0,4,0,0,0,0,3,1,5,6,1,23,5,1956,2,11,VAUXHALL INSIGNIA,4,E01020801,0,-1
202031A038820,2020,31A038820,1,9,0,18,19,6,2,0,0,0,0,0,0,0,1,1,2,2,1,32,6,1956,2,10,VAUXHALL INSIGNIA,-1,-1,0,-1
2020010242744,2020,010242744,4,9,0,2,2,0,0,0,0,2,0,0,0,0,1,1,6,6,3,-1,-1,1796,1,11,VAUXHALL INSIGNIA,-1,-1,0,-1
2020501005079,2020,501005079,1,9,0,2,2,8,4,0,0,2,0,0,3,1,2,1,1,1,1,61,9,1956,2,6,VAUXHALL INSIGNIA,8,E01020333,0,-1
2020552001099,2020,552001099,1,9,0,18,19,2,6,0,0,0,0,0,0,0,4,1,6,6,3,-1,-1,1796,1,9,VAUXHALL INSIGNIA,-1,-1,0,-1
2020340S00382,2020,340S00382,1,9,0,12,12,1,5,0,0,1,0,0,0,0,3,1,6,6,1,39,7,1956,2,7,VAUXHALL INSIGNIA,2,E01027227,0,-1
2020220994568,2020,220994568,1,9,0,4,4,4,8,0,0,1,0,0,0,0,2,1,5,6,2,30,6,1956,2,9,VAUXHALL INSIGNIA,1,E01014116,0,-1
2020320477328,2020,320477328,2,9,0,18,19,1,5,0,0,1,0,0,1,0,4,1,2,2,1,38,7,1956,2,5,VAUXHALL INSIGNIA,5,E01026286,0,-1
2020010263189,2020,010263189,2,9,0,99,99,9,9,99,99,9,9,99,9,99,9,9,6,6,3,-1,-1,1956,2,9,VAUXHALL INSIGNIA,-1,-1,0,-1
2020552100137,2020,552100137,1,9,0,18,19,8,4,0,0,1,0,0,0,0,1,1,6,6,1,73,10,1796,1,10,VAUXHALL INSIGNIA,6,E01020488,0,-1
2020052000699,2020,052000699,1,9,0,7,7,1,3,0,0,6,0,0,0,0,3,1,6,6,2,47,8,1956,2,7,VAUXHALL INSIGNIA,5,E01007221,0,-1
2020450939968,2020,450939968,1,9,0,18,19,4,8,0,0,0,0,0,0,0,1,1,6,6,3,33,6,1956,2,7,VAUXHALL INSIGNIA,10,E01030944,0,-1
2020350920445,2020,350920445,1,9,0,18,19,5,3,0,0,4,0,0,0,0,1,1,6,6,1,30,6,1956,2,6,VAUXHALL INSIGNIA,10,E01018266,0,-1
2020320402309,2020,320402309,1,9,0,13,13,8,4,0,0,0,0,0,1,0,1,1,6,6,1,56,9,1490,1,3,VAUXHALL INSIGNIA,-1,-1,0,-1
2020041001952,2020,041001952,1,9,0,18,19,5,1,0,0,0,0,0,0,0,1,1,6,6,1,25,5,1956,2,7,VAUXHALL INSIGNIA,-1,-1,0,-1
2020140979459,2020,140979459,1,9,0,17,19,3,7,0,0,0,0,0,1,0,1,1,5,6,1,23,5,1956,2,6,VAUXHALL INSIGNIA,1,E01007341,0,-1
2020201019007,2020,201019007,1,9,0,7,7,2,4,0,0,4,0,0,0,0,1,1,6,6,1,27,6,1796,1,7,VAUXHALL INSIGNIA,7,E01010121,0,-1
2020430090858,2020,430090858,2,9,0,18,19,5,1,0,0,1,0,0,0,0,1,1,1,1,1,38,7,1956,2,6,VAUXHALL INSIGNIA,9,E01028511,0,-1
2020160997359,2020,160997359,1,9,0,7,7,3,1,0,0,1,0,0,0,0,4,1,2,2,1,34,6,1956,2,8,VAUXHALL INSIGNIA,1,E01012857,0,-1
2020010236729,2020,010236729,2,9,0,18,19,3,7,0,0,8,0,0,0,0,1,1,6,6,1,23,5,1956,2,9,VAUXHALL INSIGNIA,2,E01004394,0,-1
2020122001015,2020,122001015,1,9,0,4,4,8,4,0,0,4,1,0,1,1,1,1,6,6,1,67,10,1956,2,4,VAUXHALL INSIGNIA,1,E01012837,0,-1
2020137B11896,2020,137B11896,1,9,0,18,19,1,7,0,0,8,0,0,1,0,4,1,6,6,1,52,8,1956,2,11,VAUXHALL INSIGNIA,4,E01011717,0,-1
2020100973071,2020,100973071,3,9,0,3,3,5,1,0,0,1,0,0,0,0,2,1,2,2,1,27,6,1598,2,4,VAUXHALL INSIGNIA,9,E01027367,0,-1
2020160964900,2020,160964900,1,9,0,5,5,7,3,0,0,6,0,0,0,0,3,1,5,6,2,76,11,1796,1,10,VAUXHALL INSIGNIA,4,E01013280,0,-1
2020991013099,2020,991013099,1,9,0,9,9,2,8,0,0,5,0,0,0,0,4,1,6,6,2,42,7,1956,2,8,VAUXHALL INSIGNIA,6,-1,0,-1
2020470964575,2020,470964575,1,9,0,16,19,4,7,0,0,0,0,0,7,0,1,1,5,6,2,33,6,1956,2,8,VAUXHALL INSIGNIA,3,E01023573,0,-1
2020500941188,2020,500941188,1,9,0,5,5,2,6,0,0,2,0,0,0,0,1,1,6,6,3,-1,-1,1796,1,7,VAUXHALL INSIGNIA,-1,-1,0,-1
2020070058056,2020,070058056,1,9,0,5,5,2,6,0,0,2,0,0,0,0,1,1,6,6,2,38,7,1956,2,8,VAUXHALL INSIGNIA,2,E01018485,0,-1
2020450954170,2020,450954170,1,9,0,18,19,3,1,0,0,1,0,0,0,0,1,1,5,6,1,52,8,1956,2,3,VAUXHALL INSIGNIA,8,E01030782,0,-1
2020060015250,2020,060015250,1,9,0,17,19,1,5,0,0,0,0,0,0,0,1,1,2,2,1,40,7,1956,2,8,VAUXHALL INSIGNIA,4,E01019526,0,-1
2020160917938,2020,160917938,3,9,0,7,7,2,4,0,0,5,0,0,0,0,1,2,6,6,1,41,7,1956,2,9,VAUXHALL INSIGNIA,1,E01012859,0,-1
2020040918306,2020,040918306,1,9,0,16,19,5,1,0,0,1,0,0,0,0,1,1,5,6,1,30,6,1956,2,7,VAUXHALL INSIGNIA,1,E01024856,0,-1
2020470933000,2020,470933000,1,9,0,18,19,7,3,0,0,2,0,0,1,11,4,1,5,6,1,62,9,1956,2,8,VAUXHALL INSIGNIA,4,E01020957,0,-1
2020460972021,2020,460972021,2,9,0,4,4,3,7,0,0,0,0,0,0,0,2,1,5,6,1,18,4,1490,1,1,VAUXHALL INSIGNIA,6,E01024094,0,-1
2020350934916,2020,350934916,2,9,0,18,19,7,3,0,0,1,0,0,0,0,1,1,5,6,1,59,9,1956,2,4,VAUXHALL INSIGNIA,5,E01026249,0,-1
20201379M1315,2020,1379M1315,1,9,0,18,19,1,6,0,0,0,0,0,0,0,3,1,6,6,1,38,7,1956,2,7,VAUXHALL INSIGNIA,2,E01011227,0,-1
2020470976893,2020,470976893,2,9,0,18,19,3,8,0,0,1,0,0,0,0,2,1,5,6,1,56,9,1956,2,5,VAUXHALL INSIGNIA,1,E01016915,0,-1
2020100974809,2020,100974809,1,9,0,16,19,7,3,0,0,0,0,0,7,0,4,1,1,1,1,43,7,1598,2,5,VAUXHALL INSIGNIA,3,E01027359,0,-1
2020100930681,2020,100930681,2,9,0,4,4,5,1,0,0,1,0,0,0,0,4,1,5,6,1,38,7,1490,1,1,VAUXHALL INSIGNIA,1,E01033075,0,-1
2020160980175,2020,160980175,1,9,0,7,7,8,3,0,0,0,0,0,0,0,4,1,6,6,2,27,6,1956,2,9,VAUXHALL INSIGNIA,1,E01012918,0,-1
2020100943486,2020,100943486,1,9,0,9,9,5,2,0,0,8,0,0,0,0,1,1,6,6,1,82,11,1490,1,0,VAUXHALL INSIGNIA,3,E01008395,0,-1
2020210973364,2020,210973364,1,9,0,6,6,3,3,0,0,1,0,0,0,0,0,1,6,6,1,33,6,1956,2,11,VAUXHALL INSIGNIA,2,E01014241,0,-1
2020460922923,2020,460922923,2,9,0,3,3,2,6,0,0,0,0,0,0,0,2,1,6,6,1,40,7,1956,2,11,VAUXHALL INSIGNIA,8,E01024653,0,-1
2020470975809,2020,470975809,2,9,0,14,14,2,6,0,0,0,0,0,0,0,2,2,6,6,2,72,10,1956,2,7,VAUXHALL INSIGNIA,8,E01021150,0,-1
2020460931591,2020,460931591,1,9,0,9,9,5,7,0,0,1,0,0,0,0,1,1,6,6,1,38,7,1956,2,4,VAUXHALL INSIGNIA,2,E01015976,0,-1
2020990929529,2020,990929529,1,9,0,9,9,5,2,0,0,8,0,0,0,0,1,1,5,6,1,65,9,1956,2,7,VAUXHALL INSIGNIA,2,E01012600,0,-1
202006P370202,2020,06P370202,1,9,0,9,9,6,4,0,0,6,0,0,0,0,1,1,6,6,1,68,10,1956,2,4,VAUXHALL INSIGNIA,8,E01005503,0,-1
2020100934313,2020,100934313,1,9,0,5,5,1,5,0,0,8,0,0,0,0,1,1,2,2,1,51,8,1796,1,11,VAUXHALL INSIGNIA,1,E01008289,0,-1
2020230931857,2020,230931857,1,9,0,9,9,1,7,0,0,6,0,0,0,0,1,1,6,6,3,79,11,1796,1,11,VAUXHALL INSIGNIA,10,E01031111,0,-1
2020160957778,2020,160957778,1,9,0,9,9,6,5,0,0,1,0,0,0,0,2,1,6,6,2,50,8,1956,2,9,VAUXHALL INSIGNIA,4,E01013049,0,-1
2020010239563,2020,010239563,1,9,0,99,99,9,9,99,99,9,9,99,9,99,2,9,6,6,1,32,6,1956,2,2,VAUXHALL INSIGNIA,2,E01033327,0,-1
2020332000204,2020,332000204,1,9,0,4,4,6,2,0,0,1,0,0,1,1,2,1,6,6,1,52,8,1956,2,6,VAUXHALL INSIGNIA,1,E01013725,0,-1
2020010286704,2020,010286704,1,9,0,99,99,9,9,99,99,1,9,99,9,99,1,1,6,6,1,28,6,1598,2,5,VAUXHALL INSIGNIA,7,E01017994,0,-1
2020160948414,2020,160948414,2,9,0,5,5,1,5,0,0,4,0,0,0,0,2,1,2,2,2,53,8,1956,2,7,VAUXHALL INSIGNIA,7,E01013270,0,-1
2020450941716,2020,450941716,1,9,0,18,19,5,1,0,0,0,0,0,0,0,1,1,5,6,1,40,7,1956,2,4,VAUXHALL INSIGNIA,6,E01002555,0,-1
2020200997424,2020,200997424,1,9,0,4,4,8,5,0,0,1,0,0,0,0,2,1,6,6,2,44,7,1956,2,7,VAUXHALL INSIGNIA,4,E01009625,0,-1
2020010232822,2020,010232822,2,9,0,18,19,5,1,0,0,1,0,7,1,10,1,1,6,6,1,22,5,1956,2,11,VAUXHALL INSIGNIA,4,E01001165,0,-1
2020200990582,2020,200990582,1,9,0,9,9,6,4,0,0,5,0,0,0,0,4,1,6,6,1,22,5,1956,2,9,VAUXHALL INSIGNIA,2,E01009934,0,-1
2020201002162,2020,201002162,2,9,0,8,8,4,6,0,0,1,0,0,0,0,2,1,6,6,3,54,8,1956,2,5,VAUXHALL INSIGNIA,9,E01029506,0,-1
2020052001011,2020,052001011,1,9,0,18,19,4,8,0,0,0,5,4,0,0,1,1,6,6,1,45,7,1796,1,10,VAUXHALL INSIGNIA,1,E01032508,0,-1
2020140961910,2020,140961910,2,9,0,5,5,3,7,0,0,0,0,0,0,0,0,1,6,6,1,-1,-1,1956,2,7,VAUXHALL INSIGNIA,-1,-1,0,-1
2020201021493,2020,201021493,1,9,0,9,9,2,8,0,0,5,0,0,0,0,1,1,6,6,1,24,5,1956,2,10,VAUXHALL INSIGNIA,1,E01009350,0,-1
2020141006024,2020,141006024,1,9,0,18,19,1,5,0,0,0,0,0,0,0,2,1,2,2,1,35,6,1956,2,5,VAUXHALL INSIGNIA,6,E01007698,0,-1
2020160999304,2020,160999304,2,9,0,18,19,2,6,0,0,8,1,0,1,11,4,1,1,1,1,36,7,1956,2,4,VAUXHALL INSIGNIA,2,E01013130,0,-1
2020010255422,2020,010255422,3,9,0,2,2,0,0,0,0,0,0,4,0,0,1,1,6,6,3,-1,-1,1364,1,8,VAUXHALL INSIGNIA,-1,-1,0,-1
2020161002786,2020,161002786,2,9,0,4,4,3,7,0,0,0,0,0,0,0,2,1,2,2,1,35,6,1956,2,6,VAUXHALL INSIGNIA,8,E01013101,0,-1
2020470963771,2020,470963771,1,9,0,9,9,3,8,0,0,2,0,0,0,0,2,1,5,6,1,31,6,1956,2,9,VAUXHALL INSIGNIA,4,E01016871,0,-1
2020010265209,2020,010265209,2,9,0,99,99,9,9,99,99,9,9,99,9,99,1,9,6,6,3,-1,-1,1956,2,8,VAUXHALL INSIGNIA,-1,-1,0,-1
2020450992700,2020,450992700,1,9,0,18,19,1,1,0,0,0,0,0,0,0,2,1,1,1,2,32,6,1956,2,8,VAUXHALL INSIGNIA,7,E01030729,0,-1
2020140988386,2020,140988386,1,9,0,18,19,7,3,0,0,0,0,0,0,0,4,1,3,7,1,57,9,1956,2,6,VAUXHALL INSIGNIA,3,E01007510,0,-1
2020460974696,2020,460974696,2,9,0,18,19,4,8,0,0,0,0,0,0,0,2,1,5,6,1,36,7,1956,2,4,VAUXHALL INSIGNIA,5,E01016157,0,-1
2020552000090,2020,552000090,1,9,0,18,19,1,6,0,0,0,1,0,0,0,1,1,6,6,2,46,8,1956,2,10,VAUXHALL INSIGNIA,6,E01029221,0,-1
2020430034727,2020,430034727,1,9,0,3,3,7,3,0,0,8,0,0,0,0,2,1,2,2,2,39,7,1956,2,7,VAUXHALL INSIGNIA,8,E01032705,0,-1
2020990972807,2020,990972807,2,9,0,18,19,1,5,0,0,1,0,0,1,0,1,1,5,6,1,58,9,1956,2,10,VAUXHALL INSIGNIA,7,-1,0,-1
2020220969094,2020,220969094,1,9,0,17,19,2,7,0,0,0,0,0,1,4,1,1,5,6,1,29,6,1796,1,7,VAUXHALL INSIGNIA,6,E01031189,0,-1
2020500944925,2020,500944925,2,9,0,8,8,5,7,0,0,1,-1,0,0,0,2,1,5,6,1,28,6,1598,2,4,VAUXHALL INSIGNIA,6,E01020031,0,-1
2020141010471,2020,141010471,1,9,0,4,4,1,5,0,0,1,0,0,0,0,2,1,6,6,1,36,7,1598,2,4,VAUXHALL INSIGNIA,1,E01007904,0,-1
2020052001590,2020,052001590,1,8,0,9,9,5,3,0,0,8,0,0,0,0,1,1,1,1,2,64,9,1956,2,5,VAUXHALL INSIGNIA,4,E01007288,0,-1
2020170M10170,2020,170M10170,2,9,0,2,2,0,0,0,0,1,0,0,0,0,2,1,6,6,1,84,11,1956,2,7,VAUXHALL INSIGNIA,1,E01012094,0,-1
2020100976517,2020,100976517,1,9,0,4,4,5,1,0,0,1,0,0,0,0,3,1,2,2,1,60,9,1956,2,11,VAUXHALL INSIGNIA,-1,-1,0,-1
2020200967464,2020,200967464,2,9,0,18,19,3,7,0,0,1,0,0,0,0,0,1,1,1,1,-1,-1,1598,2,4,VAUXHALL INSIGNIA,-1,-1,0,-1
2020160968871,2020,160968871,2,9,0,18,19,4,8,0,0,8,0,0,0,0,3,1,5,6,2,28,6,1956,2,5,VAUXHALL INSIGNIA,2,E01013281,0,-1
2020010248212,2020,010248212,3,9,0,99,99,9,9,99,99,9,9,99,9,99,2,9,6,6,3,-1,-1,1956,2,10,VAUXHALL INSIGNIA,-1,-1,0,-1
2020501015634,2020,501015634,2,9,0,17,19,8,4,0,0,0,0,0,0,0,1,1,6,6,1,53,8,1956,2,5,VAUXHALL INSIGNIA,4,E01015258,0,-1
2020420931575,2020,420931575,1,9,0,18,19,6,2,0,0,0,0,4,1,0,1,1,6,6,2,32,6,1956,2,10,VAUXHALL INSIGNIA,4,E01015936,0,-1
2020400991268,2020,400991268,1,9,0,18,19,5,1,0,0,1,0,0,1,0,1,1,2,2,1,20,4,1956,2,7,VAUXHALL INSIGNIA,10,E01017373,0,-1
202006L270307,2020,06L270307,1,9,0,18,19,4,8,0,0,0,0,0,0,0,1,1,6,6,1,37,7,1956,2,3,VAUXHALL INSIGNIA,8,E01012499,0,-1
2020400991950,2020,400991950,3,9,0,2,2,5,1,0,0,0,0,4,0,0,2,1,2,2,2,34,6,1796,1,10,VAUXHALL INSIGNIA,8,E01017498,0,-1
2020410955186,2020,410955186,1,9,0,18,19,6,6,0,0,1,0,0,0,0,3,1,6,6,3,-1,-1,1956,2,7,VAUXHALL INSIGNIA,-1,-1,0,-1
2020070044245,2020,070044245,3,9,0,3,3,6,2,0,0,0,0,0,0,0,2,1,1,1,2,43,7,1956,2,7,VAUXHALL INSIGNIA,4,E01006584,0,-1
2020200956893,2020,200956893,2,9,0,10,10,7,4,0,0,6,0,0,0,0,3,1,6,6,1,51,8,1796,1,9,VAUXHALL INSIGNIA,2,E01009809,0,-1
2020200970175,2020,200970175,2,9,0,11,11,4,8,0,0,0,1,0,0,0,2,1,1,1,1,64,9,1490,1,2,VAUXHALL INSIGNIA,1,E01009323,0,-1
2020161006877,2020,161006877,1,9,0,9,9,2,5,0,0,8,0,0,0,0,1,1,1,1,1,65,9,1796,1,8,VAUXHALL INSIGNIA,-1,-1,0,-1
2020040932214,2020,040932214,1,9,0,18,19,1,5,0,0,0,1,0,5,6,1,1,1,1,1,49,8,1956,2,10,VAUXHALL INSIGNIA,4,-1,0,-1
2020430093265,2020,430093265,1,9,0,9,9,6,4,0,0,6,0,0,0,0,1,1,1,1,1,27,6,1956,2,6,VAUXHALL INSIGNIA,3,E01017712,0,-1
2020470984179,2020,470984179,1,9,0,18,19,3,7,0,0,6,0,0,0,0,1,1,1,1,1,60,9,1598,2,5,VAUXHALL INSIGNIA,8,E01016931,0,-1
2020450924128,2020,450924128,1,9,0,17,19,1,5,0,0,0,1,7,0,0,3,1,6,6,1,25,5,1956,2,11,VAUXHALL INSIGNIA,8,E01030949,0,-1
2020110989126,2020,110989126,1,9,0,18,19,8,4,0,0,2,0,0,0,0,1,1,2,2,1,38,7,1956,2,9,VAUXHALL INSIGNIA,1,E01020841,0,-1
2020160920663,2020,160920663,1,9,0,11,11,3,7,0,0,1,0,0,0,0,3,1,6,6,1,48,8,1956,2,11,VAUXHALL INSIGNIA,1,E01012864,0,-1
2020360987435,2020,360987435,1,9,0,18,19,6,2,0,0,0,0,0,0,0,1,1,5,6,1,28,6,1956,2,8,VAUXHALL INSIGNIA,6,E01018056,0,-1
2020010262456,2020,010262456,2,9,0,18,19,1,5,0,0,1,0,0,0,0,1,1,6,6,2,48,8,1956,2,5,VAUXHALL INSIGNIA,7,E01003903,0,-1