collision_index,collision_year,collision_ref_no,vehicle_reference,vehicle_type,towing_and_articulation,vehicle_manoeuvre_historic,vehicle_manoeuvre,vehicle_direction_from,vehicle_direction_to,vehicle_location_restricted_lane_historic,vehicle_location_restricted_lane,junction_location,skidding_and_overturning,hit_object_in_carriageway,vehicle_leaving_carriageway,hit_object_off_carriageway,first_point_of_impact,vehicle_left_hand_drive,journey_purpose_of_driver_historic,journey_purpose_of_driver,sex_of_driver,age_of_driver,age_band_of_driver,engine_capacity_cc,propulsion_code,age_of_vehicle,generic_make_model,driver_imd_decile,lsoa_of_driver,escooter_flag,driver_distance_banding
2020200970248,2020,200970248,1,9,0,4,4,3,7,0,0,1,0,0,0,0,1,1,6,6,1,44,7,1956,2,10,VAUXHALL INSIGNIA,8,E01010117,0,-1
2020420962801,2020,420962801,2,9,0,18,19,8,4,0,0,0,0,0,0,0,4,1,5,6,1,23,5,1956,2,9,VAUXHALL INSIGNIA,1,E01009152,0,-1
2020201025994,2020,201025994,2,9,0,2,2,0,0,0,0,0,0,0,0,0,3,1,6,6,1,30,6,1598,2,2,VAUXHALL INSIGNIA,-1,-1,0,-1
2020200948668,2020,200948668,1,9,0,7,7,1,4,0,0,3,0,0,0,0,1,1,6,6,1,32,6,1956,2,5,VAUXHALL INSIGNIA,-1,-1,0,-1
2020070079492,2020,070079492,2,9,0,18,19,1,5,0,0,0,0,2,0,0,4,1,6,6,1,-1,-1,1998,1,3,VAUXHALL INSIGNIA,5,E01006887,0,-1
2020440064136,2020,440064136,2,9,0,4,4,4,8,0,0,0,0,0,0,0,2,1,6,6,2,29,6,1956,2,9,VAUXHALL INSIGNIA,5,E01029253,0,-1
2020070067340,2020,070067340,1,9,0,3,3,8,4,0,0,1,0,0,0,0,1,1,6,6,1,41,7,1598,2,3,VAUXHALL INSIGNIA,9,E01012518,0,-1
2020070737678,2020,070737678,1,9,0,9,9,7,5,0,0,6,0,0,0,0,1,1,2,2,2,51,8,1956,2,9,VAUXHALL INSIGNIA,2,E01018478,0,-1
2020052002087,2020,052002087,1,9,0,18,19,1,5,0,0,1,0,0,1,1,3,1,6,6,1,27,6,1956,2,6,VAUXHALL INSIGNIA,3,E01006815,0,-1
2020160922679,2020,160922679,1,9,0,18,19,5,1,0,0,6,0,0,0,0,1,1,6,6,1,-1,-1,1956,2,9,VAUXHALL INSIGNIA,5,E01013107,0,-1
2020320361047,2020,320361047,1,9,0,18,19,4,8,0,0,0,1,0,7,9,1,1,6,6,1,70,10,1796,1,6,VAUXHALL INSIGNIA,9,E01007691,0,-1
2020140941363,2020,140941363,1,9,0,1,1,0,5,9,9,0,0,0,0,0,2,1,5,6,2,59,9,1956,2,10,VAUXHALL INSIGNIA,3,E01007991,0,-1
2020320385376,2020,320385376,2,9,0,18,19,6,2,0,0,2,0,0,0,0,3,1,1,1,2,44,7,1956,2,8,VAUXHALL INSIGNIA,3,E01026085,0,-1
2020990923104,2020,990923104,1,9,0,18,19,4,8,0,0,0,0,0,0,0,1,1,6,6,1,30,6,1796,1,9,VAUXHALL INSIGNIA,1,-1,0,-1
2020052001259,2020,052001259,2,9,0,18,19,7,3,0,0,0,0,0,0,0,1,1,6,6,1,33,6,1598,2,5,VAUXHALL INSIGNIA,1,E01007090,0,-1
2020070033528,2020,070033528,2,9,0,18,19,8,4,0,0,1,0,0,0,0,4,1,1,1,1,64,9,1956,2,5,VAUXHALL INSIGNIA,8,E01018375,0,-1
2020200947568,2020,200947568,2,9,0,18,19,4,8,0,0,2,0,0,0,0,1,1,6,6,1,34,6,1956,2,10,VAUXHALL INSIGNIA,1,E01009103,0,-1
2020460963178,2020,460963178,1,9,0,18,19,3,7,0,0,8,0,0,0,0,1,1,6,6,2,62,9,1956,2,9,VAUXHALL INSIGNIA,6,E01024512,0,-1
2020100918760,2020,100918760,2,9,0,18,19,5,8,0,0,8,0,0,0,0,1,1,6,6,1,42,7,1956,2,8,VAUXHALL INSIGNIA,-1,-1,0,-1
2020040934870,2020,040934870,1,9,0,3,3,1,7,0,0,6,0,0,0,0,2,1,5,6,2,40,7,1796,1,11,VAUXHALL INSIGNIA,1,E01024882,0,-1
2020320510437,2020,320510437,2,9,0,3,3,1,5,0,0,1,0,0,0,0,2,1,2,2,1,30,6,1956,2,10,VAUXHALL INSIGNIA,6,E01026020,0,-1
202006P169130,2020,06P169130,1,9,0,18,19,4,8,9,9,0,0,11,0,2,1,1,6,6,1,25,5,1956,2,5,VAUXHALL INSIGNIA,4,E01005494,0,-1
2020010277013,2020,010277013,1,9,0,5,5,4,8,0,0,5,0,0,0,0,1,1,2,2,2,24,5,1956,2,8,VAUXHALL INSIGNIA,7,E01000993,0,-1
2020302001211,2020,302001211,2,9,0,4,4,6,1,0,0,1,0,0,0,0,2,1,6,6,1,27,6,1490,1,2,VAUXHALL INSIGNIA,3,E01013532,0,-1
2020100918666,2020,100918666,1,9,0,18,19,6,2,0,0,0,0,0,0,0,1,1,1,1,1,55,8,1956,2,5,VAUXHALL INSIGNIA,10,E01008497,0,-1
2020052002574,2020,052002574,2,9,0,7,7,2,1,0,0,2,0,0,0,0,1,1,6,6,1,33,6,1796,1,11,VAUXHALL INSIGNIA,4,E01006584,0,-1
2020140994116,2020,140994116,1,9,0,18,19,6,2,0,0,0,0,0,0,0,1,1,6,6,1,36,7,1956,2,9,VAUXHALL INSIGNIA,6,E01008129,0,-1
2020461007690,2020,461007690,2,9,0,18,19,3,7,0,0,8,0,0,0,0,4,1,2,2,1,46,8,1956,2,7,VAUXHALL INSIGNIA,6,E01024700,0,-1
2020010271038,2020,010271038,1,9,0,18,19,5,1,0,0,1,0,0,0,0,1,1,6,6,1,64,9,1796,1,8,VAUXHALL INSIGNIA,2,E01003551,0,-1
2020052002246,2020,052002246,1,9,0,18,19,1,5,0,0,0,0,4,0,0,1,1,6,6,2,31,6,1796,1,11,VAUXHALL INSIGNIA,1,E01007238,0,-1
2020161001443,2020,161001443,1,9,0,18,19,3,7,0,0,0,0,0,0,0,1,1,6,6,1,-1,-1,1956,2,6,VAUXHALL INSIGNIA,-1,-1,0,-1
202006L174491,2020,06L174491,1,9,0,16,19,4,6,0,0,1,5,10,3,10,1,1,6,6,1,26,6,1598,2,4,VAUXHALL INSIGNIA,2,E01006356,0,-1
2020052100017,2020,052100017,2,9,0,18,19,7,3,0,0,8,0,0,0,0,3,1,6,6,1,45,7,1364,1,6,VAUXHALL INSIGNIA,2,E01007130,0,-1
2020440215254,2020,440215254,1,9,0,18,19,3,7,0,0,0,0,0,0,0,3,1,1,1,1,42,7,1956,2,8,VAUXHALL INSIGNIA,7,E01023179,0,-1
2020430343470,2020,430343470,1,8,0,18,19,3,7,0,0,1,1,0,0,0,1,1,6,6,1,41,7,1956,2,7,VAUXHALL INSIGNIA,5,E01032734,0,-1
2020220916893,2020,220916893,3,9,0,2,2,0,0,0,0,0,0,0,0,0,3,1,5,6,1,53,8,1956,2,6,VAUXHALL INSIGNIA,1,E01032232,0,-1
2020041006400,2020,041006400,1,9,0,18,19,5,5,0,0,0,0,0,0,0,1,1,6,6,2,32,6,1956,2,11,VAUXHALL INSIGNIA,2,E01025092,0,-1
2020470989014,2020,470989014,2,9,0,3,3,6,2,0,0,1,0,0,0,0,2,1,5,6,2,48,8,1796,1,9,VAUXHALL INSIGNIA,9,E01001025,0,-1
2020440199781,2020,440199781,2,9,0,18,19,6,2,0,0,1,1,0,0,0,2,1,1,1,1,47,8,1490,1,1,VAUXHALL INSIGNIA,2,E01000100,0,-1
2020991008012,2020,991008012,3,9,0,10,10,1,7,0,0,1,0,0,0,0,3,1,5,6,1,51,8,1956,2,7,VAUXHALL INSIGNIA,4,-1,0,-1
2020420933062,2020,420933062,1,9,0,18,19,5,1,0,0,0,0,0,0,0,1,1,5,6,1,62,9,1956,2,2,VAUXHALL INSIGNIA,9,E01021428,0,-1
2020610009520,2020,610009520,1,9,0,9,9,1,7,0,0,8,0,0,0,0,3,1,6,6,1,49,8,1956,2,6,VAUXHALL INSIGNIA,3,W01001378,0,-1
2020100976641,2020,100976641,2,8,0,5,5,5,1,0,0,4,0,0,0,0,2,1,1,1,1,64,9,1598,2,4,VAUXHALL INSIGNIA,3,E01008576,0,-1
2020470962362,2020,470962362,1,9,0,18,19,6,2,0,0,1,0,0,0,0,1,1,5,6,2,33,6,1956,2,8,VAUXHALL INSIGNIA,7,E01021212,0,-1
2020140958838,2020,140958838,2,9,0,18,19,5,1,0,0,0,0,0,0,0,1,1,5,6,2,41,7,1956,2,9,VAUXHALL INSIGNIA,-1,-1,0,-1
2020052000865,2020,052000865,1,9,0,9,9,5,3,0,0,8,0,0,0,0,4,1,6,6,2,51,8,1796,1,9,VAUXHALL INSIGNIA,1,E01006461,0,-1
2020990960848,2020,990960848,2,9,0,3,3,8,4,0,0,0,0,0,0,0,2,1,2,2,1,21,5,1796,1,11,VAUXHALL INSIGNIA,8,-1,0,-1
202006A271918,2020,06A271918,1,9,0,18,19,4,8,0,0,0,0,0,0,0,1,1,1,1,1,27,6,1956,2,9,VAUXHALL INSIGNIA,1,E01008118,0,-1
2020010238256,2020,010238256,1,8,0,99,99,9,9,99,99,0,9,99,9,99,2,9,2,2,1,37,7,1598,2,5,VAUXHALL INSIGNIA,5,E01003949,0,-1
2020010237678,2020,010237678,2,9,0,99,99,9,9,99,99,9,9,99,9,99,2,9,6,6,3,-1,-1,1490,1,1,VAUXHALL INSIGNIA,-1,-1,0,-1
2020140936990,2020,140936990,1,9,0,18,19,7,3,0,0,0,0,0,0,0,1,1,6,6,3,-1,-1,1956,2,9,VAUXHALL INSIGNIA,-1,-1,0,-1
2020991014849,2020,991014849,1,9,0,18,19,6,2,0,0,0,2,0,1,0,1,1,2,2,1,34,6,1598,2,5,VAUXHALL INSIGNIA,5,-1,0,-1
2020010246992,2020,010246992,2,9,0,99,99,9,9,99,99,0,9,99,9,99,4,9,6,6,1,-1,-1,1364,1,8,VAUXHALL INSIGNIA,5,E01004644,0,-1
2020200989811,2020,200989811,3,9,0,3,3,7,3,0,0,0,0,0,0,0,2,1,6,6,1,66,10,1956,2,11,VAUXHALL INSIGNIA,10,E01009780,0,-1
2020160935294,2020,160935294,1,9,0,18,19,5,1,0,0,1,0,0,0,0,1,1,6,6,1,43,7,1956,2,11,VAUXHALL INSIGNIA,-1,-1,0,-1
2020470969449,2020,470969449,2,9,0,18,19,6,2,0,0,1,0,0,0,0,1,1,6,6,1,37,7,1956,2,7,VAUXHALL INSIGNIA,4,E01031652,0,-1
2020160988462,2020,160988462,1,9,0,18,19,6,2,0,0,0,0,0,0,0,1,1,6,6,3,-1,-1,1956,2,6,VAUXHALL INSIGNIA,-1,-1,0,-1
2020040979414,2020,040979414,1,9,0,18,19,5,1,0,0,1,0,0,0,0,4,1,5,6,1,47,8,1956,2,7,VAUXHALL INSIGNIA,1,E01012596,0,-1
2020410929864,2020,410929864,3,9,0,4,4,3,1,0,0,5,0,0,0,0,2,1,2,2,1,31,6,1956,2,9,VAUXHALL INSIGNIA,4,E01015742,0,-1
202031C054620,2020,31C054620,1,9,0,18,19,2,6,0,0,0,0,0,0,0,1,1,6,6,1,28,6,1956,2,7,VAUXHALL INSIGNIA,6,E01019465,0,-1
2020052000575,2020,052000575,2,9,0,5,5,8,4,0,0,0,0,0,0,0,3,1,6,6,1,47,8,1598,2,5,VAUXHALL INSIGNIA,1,E01006558,0,-1
2020421009796,2020,421009796,2,9,0,4,4,1,5,0,0,0,0,0,0,0,2,1,6,6,1,27,6,1490,1,1,VAUXHALL INSIGNIA,3,E01021649,0,-1
2020200934106,2020,200934106,2,9,0,3,3,5,8,0,0,1,0,0,0,0,2,1,6,6,1,56,9,1956,2,7,VAUXHALL INSIGNIA,1,E01010364,0,-1
2020400924709,2020,400924709,1,9,0,18,19,6,2,0,0,0,0,0,0,0,4,1,1,1,1,46,8,1956,2,5,VAUXHALL INSIGNIA,2,E01015737,0,-1
2020170H10970,2020,170H10970,2,9,0,18,19,8,4,0,0,8,0,0,0,0,1,1,2,2,1,34,6,1956,2,9,VAUXHALL INSIGNIA,2,E01011954,0,-1
202006A276064,2020,06A276064,3,9,0,18,19,8,4,0,0,0,0,0,0,0,1,1,6,6,1,30,6,1956,2,6,VAUXHALL INSIGNIA,1,E01011084,0,-1
2020430062734,2020,430062734,1,9,0,16,19,2,6,0,0,1,0,0,0,0,1,1,6,6,1,50,8,1956,2,6,VAUXHALL INSIGNIA,10,E01031934,0,-1
2020990970929,2020,990970929,2,9,0,2,2,5,6,0,0,0,0,0,0,0,1,1,5,6,1,43,7,1598,2,3,VAUXHALL INSIGNIA,2,-1,0,-1
2020052002373,2020,052002373,1,9,0,18,19,7,3,0,0,0,0,0,0,0,4,1,6,6,1,36,7,2316,1,24,-1,5,E01033748,0,-1
2020622000259,2020,622000259,2,9,0,18,19,2,6,0,0,1,0,0,0,0,3,1,6,6,1,70,10,1986,1,28,-1,3,W01001802,0,-1
2020530938273,2020,530938273,1,9,0,18,19,6,2,0,0,2,1,0,0,0,4,1,5,6,2,69,10,2316,1,24,-1,6,E01022267,0,-1
2020530939946,2020,530939946,6,90,0,2,2,0,0,9,9,2,0,0,0,0,2,1,6,6,3,-1,-1,2287,2,2,-1,-1,-1,0,-1
2020500964297,2020,500964297,1,2,0,18,19,1,5,0,0,8,0,0,0,0,4,1,5,6,1,26,6,49,1,22,-1,-1,-1,0,-1
2020010235173,2020,010235173,1,5,0,3,3,5,1,0,0,2,0,0,0,0,2,1,2,2,1,51,8,999,1,7,-1,5,E01004753,0,-1
2020990984655,2020,990984655,2,5,0,16,19,5,1,0,0,1,0,0,7,10,1,1,5,6,1,30,6,999,1,8,-1,7,-1,0,-1
2020990962468,2020,990962468,2,4,0,18,19,2,7,0,0,1,0,0,0,0,1,1,5,6,1,38,7,998,1,1,-1,9,-1,0,-1
2020470944320,2020,470944320,1,5,0,18,19,6,2,0,0,8,1,0,0,0,1,1,5,6,1,28,6,998,1,1,-1,4,E01021013,0,-1
2020210947625,2020,210947625,1,5,0,5,5,2,6,0,0,1,1,0,0,0,3,1,5,6,1,28,6,1000,1,5,-1,9,E01014347,0,-1
2020430202479,2020,430202479,1,5,0,13,13,5,1,0,0,0,0,0,0,0,1,1,6,6,1,30,6,1000,1,5,-1,5,E01027328,0,-1
2020470957110,2020,470957110,1,5,0,18,19,2,6,0,0,1,1,0,1,0,1,1,5,6,1,38,7,998,1,1,-1,3,E01028524,0,-1
2020122000370,2020,122000370,1,5,0,18,19,2,5,0,0,0,0,0,7,9,1,1,6,6,1,56,9,1000,1,4,-1,6,E01011751,0,-1
2020010250387,2020,010250387,2,5,0,99,99,9,9,99,99,9,9,99,9,99,1,9,6,6,1,33,6,998,1,2,-1,7,E01000364,0,-1
2020552001181,2020,552001181,1,5,0,13,13,7,3,0,0,1,1,0,0,0,1,1,2,2,1,46,8,1795,1,15,-1,3,E01015287,0,-1
202031B056620,2020,31B056620,1,5,0,18,19,8,4,0,0,8,0,12,0,0,1,1,6,6,1,48,8,1795,1,17,-1,7,E01018065,0,-1
2020160987484,2020,160987484,2,5,0,10,10,5,2,0,0,1,0,0,0,0,2,1,6,6,1,64,9,1795,1,18,-1,6,E01012811,0,-1
2020530949698,2020,530949698,1,97,0,16,19,4,8,0,0,0,5,0,7,10,1,1,6,6,1,31,6,1800,1,16,-1,10,E01022167,0,-1
2020420957155,2020,420957155,1,5,0,17,19,2,7,0,0,0,0,0,2,0,4,1,6,6,1,38,7,1795,1,18,-1,3,E01021639,0,-1
2020545880920,2020,545880920,2,9,0,18,19,7,3,0,0,0,0,0,0,0,3,1,6,6,1,44,7,2497,2,4,HYUNDAI I800,2,E01031896,0,-1
2020522000733,2020,522000733,1,9,0,18,19,2,6,0,0,0,0,0,0,0,2,1,6,6,1,44,7,2497,2,8,HYUNDAI I800,7,E01015017,0,-1
2020990996404,2020,990996404,2,9,0,18,19,3,7,0,0,1,0,0,0,0,4,1,5,6,1,33,6,2497,2,1,HYUNDAI I800,6,-1,0,-1
2020010287084,2020,010287084,1,9,0,18,19,7,3,0,0,1,0,0,0,0,1,1,6,6,1,55,8,2497,2,1,HYUNDAI I800,4,E01004765,0,-1
2020010258306,2020,010258306,1,8,0,99,99,9,9,99,99,9,9,99,9,99,2,9,6,6,1,51,8,2497,2,2,-1,7,E01002653,0,-1
2020040986674,2020,040986674,1,9,0,16,19,3,7,0,0,0,0,0,0,0,1,1,5,6,1,51,8,2497,2,9,HYUNDAI I800,1,E01012687,0,-1
2020070664292,2020,070664292,2,10,0,17,19,5,1,0,0,3,0,0,0,0,4,1,1,1,1,71,10,-1,-1,-1,-1,6,E01012416,0,-1
2020030927927,2020,030927927,1,9,0,15,15,7,3,0,0,0,0,0,0,0,3,1,5,6,1,70,10,2497,2,2,HYUNDAI I800,6,E01019351,0,-1
2020030971738,2020,030971738,1,9,0,18,19,6,2,0,0,0,0,0,1,11,1,1,6,6,1,54,8,2497,2,3,HYUNDAI I800,7,E01019382,0,-1
2020400987757,2020,400987757,1,9,0,4,4,7,1,0,0,0,0,0,1,0,1,1,6,6,1,55,8,2497,2,5,HYUNDAI I800,5,E01017486,0,-1
2020460922128,2020,460922128,2,9,0,18,19,5,1,0,0,1,0,0,0,0,1,1,2,2,1,55,8,2497,2,2,HYUNDAI I800,7,E01024635,0,-1
2020450939533,2020,450939533,1,10,0,9,9,3,7,0,0,8,0,0,0,0,3,1,1,1,1,36,7,-1,-1,-1,-1,3,E01017073,0,-1
2020501009715,2020,501009715,2,9,0,18,19,8,6,0,0,8,0,0,0,0,3,1,5,6,1,47,8,2497,2,0,HYUNDAI I800,1,E01015088,0,-1
202031C008620,2020,31C008620,2,9,0,3,3,8,4,0,0,0,0,0,0,0,1,1,6,6,1,37,7,2497,2,1,HYUNDAI I800,1,E01013865,0,-1
2020622000299,2020,622000299,2,9,0,18,19,3,7,0,0,8,0,0,0,0,1,1,6,6,1,34,6,2497,2,1,HYUNDAI I800,2,W01000957,0,-1
2020450933961,2020,450933961,3,9,0,18,19,8,4,0,0,0,0,0,0,0,3,1,1,1,2,55,8,2497,2,8,HYUNDAI I800,8,E01030591,0,-1
2020552001011,2020,552001011,1,9,0,18,19,8,4,0,0,0,0,0,7,1,1,1,6,6,2,35,6,2497,2,9,HYUNDAI I800,7,E01020437,0,-1
2020430023857,2020,430023857,2,9,0,18,19,3,7,0,0,0,0,0,0,0,1,1,6,6,1,65,9,2497,2,4,HYUNDAI I800,-1,-1,0,-1
2020991016435,2020,991016435,2,9,0,18,19,6,3,0,0,0,0,0,0,0,1,1,5,6,2,55,8,2497,2,10,HYUNDAI I800,3,-1,0,-1
2020470984456,2020,470984456,2,9,0,5,5,6,2,0,0,1,0,0,0,0,3,1,1,1,2,37,7,2497,2,3,HYUNDAI I800,7,E01021010,0,-1
2020010280938,2020,010280938,1,9,9,99,99,9,9,99,99,0,9,99,9,99,1,9,6,6,2,39,7,2497,2,2,HYUNDAI I800,2,E01004060,0,-1
2020470954286,2020,470954286,2,5,0,18,19,3,7,0,0,0,0,0,0,0,2,1,6,6,1,33,6,805,1,22,-1,4,E01016977,0,-1
2020460973254,2020,460973254,1,5,0,18,19,1,4,0,0,1,0,0,0,0,1,1,5,6,1,48,8,805,1,21,-1,8,E01000859,0,-1
2020160960183,2020,160960183,2,5,0,18,19,2,6,0,0,0,5,0,0,0,1,1,6,6,1,58,9,805,1,22,-1,9,E01013053,0,-1
2020100951282,2020,100951282,1,5,0,16,19,3,7,0,0,0,5,0,7,0,1,1,5,6,1,57,9,805,1,20,-1,9,E01027481,0,-1
2020430239098,2020,430239098,2,5,0,18,19,6,2,0,0,8,0,0,7,0,1,1,6,6,1,50,8,1199,1,16,-1,10,E01028459,0,-1
2020070310693,2020,070310693,1,5,0,17,19,6,2,0,0,0,0,0,1,9,1,1,6,6,1,59,9,1199,1,15,-1,2,E01012570,0,-1
2020991003030,2020,991003030,1,17,0,9,9,7,5,0,0,5,5,0,7,0,3,1,1,1,1,53,8,3769,2,0,-1,7,-1,0,-1
2020220974412,2020,220974412,2,17,4,9,9,1,6,0,0,5,0,0,0,0,0,1,1,1,1,21,5,6124,2,1,-1,4,E01028871,0,-1
2020549512520,2020,549512520,1,9,0,15,15,7,3,0,0,1,0,0,0,0,2,1,6,6,2,53,8,1998,1,6,MAZDA CX5,2,E01031928,0,-1
2020531000762,2020,531000762,2,9,0,18,19,3,7,0,0,1,0,0,0,0,1,1,6,6,3,-1,-1,2191,2,0,MAZDA CX5,-1,-1,0,-1
2020110965033,2020,110965033,2,9,0,2,2,0,0,0,0,0,0,0,0,0,2,1,5,6,1,69,10,2191,2,7,MAZDA CX5,9,E01012329,0,-1
2020010269701,2020,010269701,2,9,9,18,19,3,7,99,99,0,9,99,9,99,9,1,6,6,3,-1,-1,1998,1,3,MAZDA CX5,-1,-1,0,-1
2020421005275,2020,421005275,3,9,0,18,19,8,4,0,0,0,0,0,0,0,2,1,5,6,1,44,7,1998,1,1,MAZDA CX5,3,E01021276,0,-1
2020210992155,2020,210992155,1,9,0,18,19,7,3,0,0,0,0,0,0,0,4,1,6,6,1,43,7,2191,2,5,MAZDA CX5,2,E01029445,0,-1
20201379J1422,2020,1379J1422,1,9,0,3,3,1,5,0,0,1,0,0,0,0,2,1,6,6,2,-1,-1,2191,2,7,MAZDA CX5,-1,-1,0,-1
2020201016821,2020,201016821,2,9,0,18,19,1,5,0,0,8,0,0,0,0,1,1,6,6,1,58,9,2191,2,3,MAZDA CX5,1,E01010283,0,-1
2020211023887,2020,211023887,1,9,0,18,19,-1,-1,0,0,4,0,0,0,0,0,1,6,6,1,-1,-1,1998,1,4,MAZDA CX5,2,E01029593,0,-1
2020531003601,2020,531003601,1,9,0,18,19,7,3,0,0,0,0,0,0,0,1,1,3,7,1,65,9,2191,2,6,MAZDA CX5,4,E01022440,0,-1
2020410935659,2020,410935659,1,9,0,4,4,5,1,0,0,0,0,0,0,0,1,1,2,2,2,52,8,2191,2,7,MAZDA CX5,9,E01023318,0,-1
2020990976548,2020,990976548,1,9,0,18,19,2,6,0,0,0,0,0,0,0,1,1,5,6,1,25,5,2191,2,4,MAZDA CX5,3,-1,0,-1
2020010255641,2020,010255641,2,9,0,6,6,5,5,0,0,2,0,0,0,0,2,1,1,1,1,50,8,2191,2,5,MAZDA CX5,2,E01000080,0,-1
2020302001194,2020,302001194,1,9,3,13,13,3,7,0,0,0,0,0,0,0,4,1,6,6,1,75,10,2191,2,7,MAZDA CX5,9,E01028061,0,-1
2020010268128,2020,010268128,1,9,0,99,99,9,9,99,99,9,9,99,9,99,2,9,2,2,1,36,7,1998,1,0,MAZDA CX5,4,E01002063,0,-1
202031A052420,2020,31A052420,1,9,0,18,19,3,7,0,0,1,0,0,7,2,1,1,1,1,2,26,6,2191,2,4,MAZDA CX5,4,E01027981,0,-1
2020500987284,2020,500987284,1,9,0,18,19,8,4,0,0,0,0,0,0,0,4,1,6,6,1,41,7,2191,2,6,MAZDA CX5,6,E01020335,0,-1
2020010278318,2020,010278318,1,9,0,99,99,9,9,99,99,9,9,99,9,99,9,9,6,6,3,-1,-1,1998,1,6,MAZDA CX5,-1,-1,0,-1
2020030943882,2020,030943882,1,9,0,18,19,1,5,0,0,0,0,0,0,0,3,1,5,6,1,51,8,2191,2,3,MAZDA CX5,6,E01019321,0,-1
2020101000572,2020,101000572,3,9,0,3,3,4,8,0,0,1,0,0,0,0,2,1,5,6,2,36,7,2191,2,6,MAZDA CX5,3,E01008217,0,-1
2020547807320,2020,547807320,2,9,0,18,19,1,5,0,0,4,0,0,0,0,3,1,6,6,1,53,8,2191,2,7,MAZDA CX5,7,E01032029,0,-1
2020010238700,2020,010238700,2,9,0,18,19,7,3,0,0,0,0,4,0,0,1,1,6,6,3,-1,-1,1998,1,3,MAZDA CX5,-1,-1,0,-1
202063A072820,2020,63A072820,2,9,0,9,9,6,4,0,0,6,0,0,0,0,1,1,2,2,2,30,6,2191,2,7,MAZDA CX5,2,W01000929,0,-1
2020450945856,2020,450945856,2,9,0,18,19,5,1,0,0,2,0,0,0,0,2,2,2,2,2,57,9,2191,2,5,MAZDA CX5,8,E01031518,0,-1
2020520100686,2020,520100686,2,9,0,2,2,0,0,6,6,8,0,0,0,0,3,1,6,6,1,44,7,1998,1,2,MAZDA CX5,-1,-1,0,-1
2020460973902,2020,460973902,1,9,0,5,5,5,8,0,0,6,0,0,0,0,1,1,5,6,2,40,7,2191,2,4,MAZDA CX5,7,E01032820,0,-1
2020440205565,2020,440205565,1,9,0,9,9,7,5,0,0,2,0,0,0,0,1,1,6,6,1,-1,-1,2191,2,3,MAZDA CX5,-1,-1,0,-1
2020450954864,2020,450954864,1,9,0,10,10,5,1,0,0,1,0,0,0,0,2,1,6,6,1,64,9,1998,1,0,MAZDA CX5,10,E01030999,0,-1
2020451009460,2020,451009460,1,9,0,9,9,2,4,0,0,2,0,0,0,0,4,1,6,6,1,47,8,2191,2,3,MAZDA CX5,10,E01030809,0,-1
2020010231114,2020,010231114,1,9,9,99,99,9,9,99,99,9,9,99,9,99,9,1,6,6,1,-1,-1,1998,1,3,MAZDA CX5,-1,-1,0,-1
2020450947979,2020,450947979,1,9,0,7,7,1,3,0,0,8,0,0,0,0,1,1,5,6,1,43,7,1998,1,5,MAZDA CX5,7,E01030741,0,-1
2020522004735,2020,522004735,1,9,0,8,8,6,8,0,0,4,0,0,0,0,4,1,6,6,2,62,9,2191,2,5,MAZDA CX5,2,E01014692,0,-1
2020010247862,2020,010247862,2,9,0,99,99,9,9,99,99,0,9,99,9,99,9,9,6,6,1,45,7,2191,2,5,MAZDA CX5,2,E01003500,0,-1
2020210983261,2020,210983261,2,9,0,18,19,5,1,0,0,8,0,0,0,0,2,1,6,6,2,59,9,2191,2,3,MAZDA CX5,4,E01029740,0,-1
2020440193988,2020,440193988,1,9,0,5,5,8,3,0,0,8,0,0,0,0,3,1,6,6,1,37,7,2191,2,7,MAZDA CX5,3,E01017225,0,-1
2020990931545,2020,990931545,1,9,0,18,19,4,8,0,0,0,0,0,0,0,1,1,6,6,2,47,8,1998,1,3,MAZDA CX5,8,-1,0,-1
2020160981274,2020,160981274,1,9,0,3,3,3,7,0,0,1,0,0,0,0,3,1,2,2,2,36,7,2184,2,8,MAZDA CX5,-1,-1,0,-1
2020552000610,2020,552000610,3,9,0,4,4,1,5,0,0,0,0,0,0,0,2,1,2,2,1,65,9,2191,2,5,MAZDA CX5,5,E01020459,0,-1
2020140966567,2020,140966567,1,9,0,18,19,6,3,0,0,4,0,0,0,0,2,1,6,6,2,67,10,2191,2,6,MAZDA CX5,4,E01007559,0,-1
202031D030120,2020,31D030120,1,9,0,16,19,3,6,0,0,0,0,0,0,0,1,1,6,6,2,37,7,2191,2,5,MAZDA CX5,10,E01028088,0,-1
2020010268014,2020,010268014,1,9,0,18,19,5,1,0,0,6,0,0,0,0,1,1,6,6,2,32,6,2191,2,4,MAZDA CX5,7,E01001226,0,-1
2020552001060,2020,552001060,2,9,0,4,4,2,6,0,0,1,0,0,0,0,2,1,2,2,2,35,6,2191,2,3,MAZDA CX5,5,E01020353,0,-1
2020010228907,2020,010228907,2,9,0,18,19,5,1,0,0,8,0,0,0,0,1,1,6,6,2,47,8,2191,2,3,MAZDA CX5,9,E01015939,0,-1
2020100964013,2020,100964013,2,9,0,18,19,3,7,0,0,0,0,0,0,0,3,1,6,6,2,70,10,2191,2,7,MAZDA CX5,6,E01027368,0,-1
2020370945013,2020,370945013,2,9,0,18,19,5,1,0,0,0,0,0,0,0,3,1,5,6,2,56,9,1998,1,3,MAZDA CX5,5,E01030252,0,-1
2020360981136,2020,360981136,1,9,0,9,9,1,7,0,0,8,0,0,0,0,1,1,5,6,1,38,7,2191,2,4,MAZDA CX5,4,E01023350,0,-1