collision_index,collision_year,collision_ref_no,vehicle_reference,vehicle_type,towing_and_articulation,vehicle_manoeuvre_historic,vehicle_manoeuvre,vehicle_direction_from,vehicle_direction_to,vehicle_location_restricted_lane_historic,vehicle_location_restricted_lane,junction_location,skidding_and_overturning,hit_object_in_carriageway,vehicle_leaving_carriageway,hit_object_off_carriageway,first_point_of_impact,vehicle_left_hand_drive,journey_purpose_of_driver_historic,journey_purpose_of_driver,sex_of_driver,age_of_driver,age_band_of_driver,engine_capacity_cc,propulsion_code,age_of_vehicle,generic_make_model,driver_imd_decile,lsoa_of_driver,escooter_flag,driver_distance_banding
2020052000055,2020,052000055,1,9,0,9,9,4,8,0,0,6,0,0,0,0,1,1,6,6,1,36,7,898,1,1,RENAULT CLIO,5,E01006942,0,-1
2020471016231,2020,471016231,2,9,0,9,9,5,1,0,0,8,0,0,0,0,2,1,5,6,2,53,8,1149,1,13,RENAULT CLIO,9,E01031772,0,-1
2020010257593,2020,010257593,1,9,0,99,99,9,9,99,99,9,9,99,9,99,9,9,6,6,1,24,5,1149,1,4,RENAULT CLIO,10,E01030299,0,-1
2020200942663,2020,200942663,1,9,0,7,7,1,4,0,0,5,0,10,1,10,1,1,6,6,3,-1,-1,1149,1,17,RENAULT CLIO,-1,-1,0,-1
2020350965676,2020,350965676,1,9,0,5,5,1,1,0,0,1,0,0,0,0,1,1,5,6,1,23,5,1598,1,22,RENAULT CLIO,2,E01015656,0,-1
20201379N1299,2020,1379N1299,2,9,0,18,19,2,6,0,0,8,0,0,0,0,1,1,6,6,2,18,4,1461,2,6,RENAULT CLIO,9,E01010681,0,-1
2020030981504,2020,030981504,1,9,0,17,19,5,1,0,0,0,1,10,8,11,1,1,6,6,2,20,4,1390,1,14,RENAULT CLIO,8,E01019322,0,-1
2020500953159,2020,500953159,1,9,0,9,9,8,6,0,0,6,0,0,0,0,3,1,5,6,1,74,10,1461,2,3,RENAULT CLIO,1,E01018870,0,-1
2020340D02482,2020,340D02482,1,9,0,7,7,6,8,0,0,5,0,0,0,0,0,1,6,6,1,22,5,898,1,1,RENAULT CLIO,3,E01026988,0,-1
202063C068420,2020,63C068420,1,9,0,13,13,6,2,0,0,8,0,0,0,0,4,1,6,6,1,35,6,1149,1,18,RENAULT CLIO,4,W01000603,0,-1
2020200961891,2020,200961891,1,9,0,18,19,4,8,0,0,8,1,0,0,0,3,1,5,6,1,59,9,1461,2,6,RENAULT CLIO,1,E01010486,0,-1
2020040974272,2020,040974272,1,9,0,17,19,2,6,0,0,0,0,0,0,0,1,1,6,6,3,-1,-1,1149,1,11,RENAULT CLIO,-1,-1,0,-1
2020010248800,2020,010248800,1,9,0,18,19,5,1,0,0,8,0,0,0,0,4,1,6,6,1,32,6,1997,1,14,RENAULT CLIO,3,E01002104,0,-1
2020010235929,2020,010235929,1,9,0,18,19,6,2,0,0,7,0,0,0,0,1,1,6,6,1,23,5,1149,1,18,RENAULT CLIO,2,E01001056,0,-1
2020140954541,2020,140954541,3,9,0,3,3,5,1,0,0,8,0,0,0,0,4,1,6,6,1,51,8,1461,2,13,RENAULT CLIO,3,E01028056,0,-1
2020420927703,2020,420927703,1,9,0,18,19,1,4,0,0,8,0,0,0,0,1,1,2,2,2,45,7,1149,1,10,RENAULT CLIO,7,E01022067,0,-1
2020430278721,2020,430278721,2,9,0,18,19,4,8,0,0,8,1,0,5,1,3,1,6,6,1,25,5,1390,1,13,RENAULT CLIO,9,E01030802,0,-1
2020420971852,2020,420971852,1,9,0,17,19,4,8,0,0,0,2,0,8,4,3,1,2,2,2,23,5,1149,1,15,RENAULT CLIO,6,E01021769,0,-1
2020137AE0267,2020,137AE0267,1,9,0,12,12,4,8,0,0,1,0,0,0,0,3,1,2,2,1,18,4,999,1,0,RENAULT CLIO,-1,-1,0,-1
2020137AT0851,2020,137AT0851,2,9,0,18,19,8,4,0,0,0,0,0,0,0,2,1,6,6,2,29,6,1390,1,17,RENAULT CLIO,1,E01011101,0,-1
2020010257006,2020,010257006,2,9,0,10,10,3,8,0,0,0,0,0,4,6,2,1,6,6,1,23,5,899,1,6,RENAULT CLIO,-1,-1,0,-1
2020122001177,2020,122001177,1,9,0,3,3,2,6,0,0,1,0,0,0,0,2,1,6,6,2,21,5,1149,1,16,RENAULT CLIO,7,E01013364,0,-1
2020010252267,2020,010252267,1,9,0,99,99,9,9,99,99,0,9,99,9,99,3,9,6,6,1,33,6,1149,1,13,RENAULT CLIO,3,E01004446,0,-1
2020010242525,2020,010242525,1,9,0,18,19,5,1,0,0,6,0,0,0,0,3,1,6,6,1,59,9,1390,1,24,RENAULT CLIO,4,E01004484,0,-1
2020440336828,2020,440336828,1,9,0,18,19,3,7,0,0,0,1,0,7,0,1,1,6,6,1,35,6,1998,1,16,RENAULT CLIO,4,E01017312,0,-1
2020010244277,2020,010244277,1,9,0,9,9,7,5,0,0,2,0,0,0,0,0,1,6,6,1,28,6,1461,2,6,RENAULT CLIO,2,E01003162,0,-1
2020440086702,2020,440086702,1,9,0,18,19,7,3,0,0,0,0,0,0,0,2,1,6,6,1,44,7,1461,2,11,RENAULT CLIO,6,E01023042,0,-1
2020610022620,2020,610022620,1,9,0,5,5,6,8,0,0,1,0,0,0,0,3,1,2,2,2,58,9,1149,1,13,RENAULT CLIO,9,W01001549,0,-1
2020010242901,2020,010242901,2,9,0,9,9,5,3,0,0,8,0,0,0,0,4,1,6,6,1,20,4,1149,1,10,RENAULT CLIO,2,E01000315,0,-1
2020100962992,2020,100962992,2,9,0,16,19,2,2,0,0,0,0,0,0,0,1,1,1,1,2,28,6,1149,1,9,RENAULT CLIO,3,E01020787,0,-1
2020440352942,2020,440352942,1,9,0,18,19,3,7,0,0,0,0,0,0,0,1,1,6,6,1,27,6,1149,1,9,RENAULT CLIO,10,E01023211,0,-1
2020320602120,2020,320602120,3,9,0,7,7,6,2,0,0,1,0,0,0,0,0,1,6,6,2,32,6,1149,1,17,RENAULT CLIO,9,E01026274,0,-1
2020010262692,2020,010262692,2,9,0,3,3,3,7,0,0,0,0,0,0,0,0,1,6,6,1,58,9,1149,1,14,RENAULT CLIO,3,E01000510,0,-1
2020547040620,2020,547040620,2,9,0,2,2,0,0,0,0,0,0,0,0,0,2,1,6,6,1,69,10,1149,1,17,RENAULT CLIO,2,E01015542,0,-1
2020541874620,2020,541874620,2,9,0,18,19,8,4,0,0,0,0,0,0,0,4,1,6,6,2,35,6,1618,1,7,RENAULT CLIO,9,E01015535,0,-1
2020010244931,2020,010244931,1,9,0,18,19,5,1,0,0,0,0,4,0,0,1,1,6,6,2,21,5,1149,1,5,RENAULT CLIO,-1,-1,0,-1
2020200961417,2020,200961417,1,9,0,18,19,1,5,0,0,0,0,0,0,0,1,1,6,6,2,70,10,898,1,1,RENAULT CLIO,7,E01010228,0,-1
2020052002214,2020,052002214,2,9,0,18,19,3,7,0,0,1,0,0,0,0,1,1,6,6,2,32,6,899,1,5,RENAULT CLIO,1,E01012441,0,-1
2020470943077,2020,470943077,1,9,0,17,19,3,8,0,0,0,1,10,0,0,1,1,5,6,1,19,4,1149,1,18,RENAULT CLIO,10,E01021218,0,-1
2020440469985,2020,440469985,1,9,0,4,4,4,8,0,0,0,1,0,0,0,1,1,6,6,1,18,4,1149,1,12,RENAULT CLIO,2,E01022966,0,-1
2020622000825,2020,622000825,1,9,0,5,5,6,2,0,0,0,0,0,0,0,4,1,6,6,2,50,8,1149,1,11,RENAULT CLIO,10,W01001427,0,-1
2020170M10130,2020,170M10130,1,9,0,11,11,5,1,0,0,0,0,0,0,0,4,1,6,6,2,21,5,1149,1,13,RENAULT CLIO,1,E01033469,0,-1
2020350992941,2020,350992941,2,9,0,18,19,6,2,0,0,0,1,0,0,0,2,1,5,6,1,32,6,1461,2,14,RENAULT CLIO,4,E01025931,0,-1
2020160988107,2020,160988107,1,9,0,18,19,1,5,0,0,0,0,0,0,0,1,1,6,6,3,-1,-1,1461,2,6,RENAULT CLIO,-1,-1,0,-1
2020622000658,2020,622000658,1,9,0,5,5,6,2,0,0,0,0,0,0,0,1,1,2,2,1,27,6,1149,1,9,RENAULT CLIO,10,W01000805,0,-1
2020141006269,2020,141006269,1,9,0,18,19,3,7,0,0,2,0,0,0,0,1,1,6,6,1,50,8,1149,1,13,RENAULT CLIO,5,E01007978,0,-1
2020410994048,2020,410994048,1,9,0,18,19,3,7,0,0,0,0,0,0,0,3,1,6,6,1,50,8,899,1,7,RENAULT CLIO,6,E01023921,0,-1
2020220996777,2020,220996777,3,9,0,18,19,7,3,0,0,0,0,0,0,0,3,1,5,6,1,28,6,1149,1,9,RENAULT CLIO,-1,-1,0,-1
2020201000975,2020,201000975,1,9,0,18,19,8,4,0,0,0,0,0,0,0,4,1,6,6,2,35,6,1149,1,9,RENAULT CLIO,2,E01010020,0,-1
2020230934713,2020,230934713,2,9,0,18,19,7,3,0,0,8,0,10,1,2,1,1,2,2,1,21,5,1390,1,13,RENAULT CLIO,5,E01031133,0,-1
2020471008046,2020,471008046,2,9,0,18,19,1,5,0,0,8,0,0,0,0,4,1,2,2,2,61,9,1390,1,20,RENAULT CLIO,8,E01031840,0,-1
2020410932325,2020,410932325,3,9,0,3,3,6,2,0,0,0,0,0,0,0,2,1,2,2,1,31,6,1149,1,2,RENAULT CLIO,6,E01023341,0,-1
2020302000238,2020,302000238,1,9,0,18,19,3,7,0,0,0,1,0,2,11,1,1,6,6,1,36,7,1149,1,16,RENAULT CLIO,3,E01019877,0,-1
2020030962769,2020,030962769,1,9,0,18,19,5,1,0,0,0,0,0,0,0,1,1,6,6,2,19,4,1149,1,12,RENAULT CLIO,7,E01019169,0,-1
2020010283166,2020,010283166,1,9,0,18,19,5,1,0,0,0,0,10,0,0,1,1,6,6,1,22,5,1149,1,12,RENAULT CLIO,1,E01005698,0,-1
2020052001746,2020,052001746,2,9,0,18,19,2,6,0,0,0,0,0,0,0,0,1,6,6,2,28,6,1149,1,9,RENAULT CLIO,5,E01006901,0,-1
2020340C07862,2020,340C07862,2,9,0,18,19,7,3,0,0,8,0,0,1,1,1,1,6,6,2,19,4,1149,1,9,RENAULT CLIO,10,E01025615,0,-1
2020552001063,2020,552001063,1,9,0,4,4,6,2,0,0,0,0,0,0,0,2,1,6,6,1,40,7,1149,1,19,RENAULT CLIO,2,E01015277,0,-1
2020420972982,2020,420972982,2,9,0,18,19,3,7,0,0,0,0,0,0,0,4,1,2,2,1,29,6,1149,1,9,RENAULT CLIO,2,E01004201,0,-1
2020122001240,2020,122001240,2,9,0,5,5,1,5,0,0,7,0,0,0,0,1,1,6,6,1,64,9,1998,1,10,RENAULT CLIO,6,E01027814,0,-1
2020370940912,2020,370940912,1,9,0,18,19,6,2,0,0,0,2,0,0,0,1,1,5,6,1,20,4,1149,1,17,RENAULT CLIO,7,E01030243,0,-1
2020410963330,2020,410963330,2,9,0,7,7,1,3,0,0,8,0,0,1,0,1,1,6,6,1,25,5,1390,1,13,RENAULT CLIO,3,E01023310,0,-1
2020990947921,2020,990947921,2,9,0,18,19,7,2,0,0,0,0,0,0,0,4,1,5,6,2,22,5,1390,1,13,RENAULT CLIO,2,-1,0,-1
2020302000864,2020,302000864,3,9,0,18,19,2,6,0,0,1,0,0,0,0,1,1,6,6,1,27,6,1149,1,11,RENAULT CLIO,6,E01019475,0,-1
2020420965323,2020,420965323,1,9,0,7,7,1,3,0,0,8,0,0,0,0,3,1,6,6,2,55,8,1149,1,9,RENAULT CLIO,10,E01021402,0,-1
2020450920141,2020,450920141,1,9,0,18,19,1,5,0,0,0,0,0,0,0,4,1,5,6,2,52,8,1598,1,10,RENAULT CLIO,8,E01030575,0,-1
2020500975655,2020,500975655,2,9,0,3,3,2,8,0,0,8,0,0,0,0,1,1,5,6,2,29,6,1461,2,10,RENAULT CLIO,4,E01018866,0,-1
2020200981760,2020,200981760,2,9,0,18,19,5,1,0,0,8,0,0,0,0,4,1,6,6,1,31,6,1149,1,13,RENAULT CLIO,1,E01033633,0,-1
2020421008106,2020,421008106,2,9,0,18,19,7,3,0,0,1,1,0,7,2,1,1,6,6,2,23,5,1149,1,15,RENAULT CLIO,4,E01015835,0,-1
2020430351500,2020,430351500,1,9,0,14,14,6,2,0,0,8,0,0,0,0,1,1,6,6,1,32,6,1149,1,9,RENAULT CLIO,4,E01016457,0,-1
2020220938813,2020,220938813,1,9,0,18,19,2,6,7,6,0,0,4,0,0,1,1,5,6,1,37,7,1390,1,16,RENAULT CLIO,2,E01014064,0,-1
2020140915484,2020,140915484,1,9,0,7,7,6,8,0,0,6,0,0,0,0,1,1,6,6,1,19,4,1149,1,10,RENAULT CLIO,10,E01008373,0,-1
2020122000519,2020,122000519,1,9,0,9,9,5,3,0,0,1,0,0,0,0,1,1,1,1,1,21,5,1149,1,11,RENAULT CLIO,9,E01013370,0,-1
2020470991660,2020,470991660,1,9,0,18,19,8,4,0,0,2,0,0,0,0,1,1,2,2,2,30,6,1149,1,19,RENAULT CLIO,9,E01031685,0,-1
2020052001149,2020,052001149,2,9,0,18,19,5,1,0,0,8,0,0,0,0,1,1,6,6,1,41,7,1461,2,10,RENAULT CLIO,1,E01012397,0,-1
2020110923353,2020,110923353,1,9,0,18,19,1,5,0,0,0,2,0,4,7,1,1,5,6,1,29,6,1149,1,16,RENAULT CLIO,4,E01025024,0,-1
2020110936264,2020,110936264,1,9,0,16,19,1,3,0,0,0,0,0,0,0,3,1,6,6,2,24,5,1149,1,14,RENAULT CLIO,8,E01011963,0,-1
2020030959719,2020,030959719,1,9,0,18,19,3,7,0,0,0,0,0,0,0,1,1,6,6,1,65,9,1461,2,13,RENAULT CLIO,3,E01019296,0,-1
202006F168867,2020,06F168867,1,9,0,9,9,5,3,0,0,5,0,0,0,0,1,1,6,6,1,30,6,1461,2,5,RENAULT CLIO,-1,-1,0,-1
2020370971234,2020,370971234,1,9,0,18,19,7,3,0,0,0,0,0,0,0,1,1,2,2,2,35,6,1461,2,5,RENAULT CLIO,5,E01033539,0,-1
202006F170344,2020,06F170344,1,9,0,17,19,3,8,0,0,0,0,0,0,0,4,1,6,6,1,20,4,898,1,2,RENAULT CLIO,10,E01005716,0,-1
2020230976352,2020,230976352,1,9,0,18,19,4,8,0,0,0,1,0,2,7,1,1,5,6,2,27,6,1149,1,8,RENAULT CLIO,4,E01017662,0,-1
2020430138301,2020,430138301,1,9,0,9,9,6,4,0,0,3,0,0,0,0,4,1,6,6,1,71,10,1149,1,8,RENAULT CLIO,5,E01016566,0,-1
2020100978746,2020,100978746,2,9,0,18,19,5,1,0,0,0,0,0,1,0,1,1,5,6,1,76,11,1149,1,13,RENAULT CLIO,9,E01027437,0,-1
2020470985016,2020,470985016,2,9,0,18,19,4,7,0,0,0,0,0,0,0,1,1,5,6,2,60,9,1149,1,13,RENAULT CLIO,7,E01021130,0,-1
202063A027320,2020,63A027320,1,9,0,18,19,1,5,0,0,4,0,0,0,0,1,1,1,1,2,73,10,1149,1,4,RENAULT CLIO,8,W01000634,0,-1
2020520100877,2020,520100877,1,9,0,18,19,1,5,0,0,0,0,0,0,3,4,1,6,6,2,20,4,1390,1,15,RENAULT CLIO,8,E01019961,0,-1
2020137260663,2020,137260663,1,9,0,18,19,8,3,0,0,1,0,0,0,0,1,1,6,6,2,44,7,1598,1,8,RENAULT CLIO,7,E01011265,0,-1
2020160918462,2020,160918462,1,9,0,18,19,7,3,0,0,0,5,0,1,0,1,1,2,2,1,18,4,1149,1,17,RENAULT CLIO,3,E01026381,0,-1
2020460973894,2020,460973894,1,9,0,18,19,5,1,0,0,1,0,0,0,0,4,1,5,6,2,24,5,1149,1,10,RENAULT CLIO,8,E01032812,0,-1
2020010253045,2020,010253045,2,9,0,17,19,1,5,0,0,0,0,0,0,0,1,1,1,1,2,60,9,999,1,1,RENAULT CLIO,-1,-1,0,-1
2020470982222,2020,470982222,2,9,0,4,4,8,4,0,0,0,0,0,0,0,1,1,6,6,2,22,5,899,1,6,RENAULT CLIO,6,E01021193,0,-1
2020221001716,2020,221001716,2,9,0,18,19,6,2,0,0,0,0,0,0,0,1,1,5,6,1,21,5,1149,1,16,RENAULT CLIO,6,E01022260,0,-1
2020460946078,2020,460946078,1,9,0,16,19,1,6,0,0,0,1,0,0,0,3,1,1,1,1,32,6,1149,1,15,RENAULT CLIO,9,E01024708,0,-1
2020350969798,2020,350969798,1,9,0,13,13,1,5,0,0,0,0,0,0,0,1,1,5,6,1,19,4,1149,1,18,RENAULT CLIO,9,E01018209,0,-1
2020230948753,2020,230948753,1,9,0,18,19,4,8,0,0,0,2,11,1,11,1,1,5,6,2,20,4,1149,1,11,RENAULT CLIO,5,E01033058,0,-1
2020543694220,2020,543694220,1,9,0,18,19,3,7,0,0,3,0,0,7,11,1,1,6,6,1,28,6,1461,2,8,RENAULT CLIO,1,E01015538,0,-1
2020010283592,2020,010283592,2,9,0,99,99,9,9,99,99,9,9,99,9,99,9,9,6,6,3,-1,-1,1149,1,20,RENAULT CLIO,-1,-1,0,-1
2020010283771,2020,010283771,1,9,0,9,9,1,6,0,0,1,0,10,2,11,1,1,6,6,1,45,7,1390,1,13,RENAULT CLIO,5,E01002745,0,-1
2020470934369,2020,470934369,2,9,0,9,9,7,5,0,0,5,0,0,0,0,1,1,5,6,1,41,7,1149,1,6,RENAULT CLIO,1,E01031454,0,-1
2020552000686,2020,552000686,1,9,0,1,1,7,3,0,0,0,0,0,0,0,2,1,6,6,1,21,5,1149,1,14,RENAULT CLIO,4,E01015365,0,-1
2020010246208,2020,010246208,1,9,0,18,19,4,8,0,0,4,0,0,0,0,1,1,2,2,1,51,8,1149,1,13,RENAULT CLIO,6,E01001065,0,-1
2020460934632,2020,460934632,1,9,0,18,19,8,3,0,0,1,0,0,0,0,1,1,6,6,1,35,6,1149,1,20,RENAULT CLIO,10,E01024745,0,-1
2020461001706,2020,461001706,1,9,0,6,6,1,3,0,0,0,0,0,0,0,3,1,6,6,1,24,5,1461,2,10,RENAULT CLIO,8,E01000328,0,-1
2020460986029,2020,460986029,1,9,0,9,9,8,7,0,0,5,0,0,0,0,1,1,6,6,1,28,6,1461,2,6,RENAULT CLIO,6,E01024833,0,-1
2020302000585,2020,302000585,2,9,0,18,19,8,4,0,0,1,0,0,0,0,4,1,6,6,2,24,5,1390,1,16,RENAULT CLIO,9,E01033168,0,-1
2020010287116,2020,010287116,1,9,0,4,4,3,7,0,0,0,0,0,0,0,1,1,2,2,1,24,5,1149,1,12,RENAULT CLIO,4,E01003354,0,-1
2020320484853,2020,320484853,2,9,0,16,19,8,4,0,0,0,0,0,0,0,1,1,6,6,2,44,7,1461,2,2,RENAULT CLIO,3,E01026318,0,-1
2020520100988,2020,520100988,1,9,0,18,19,5,1,0,0,4,0,0,0,0,4,1,6,6,2,18,4,999,1,0,RENAULT CLIO,4,E01029241,0,-1
2020070777319,2020,070777319,1,9,0,9,9,2,8,0,0,6,0,0,0,0,4,1,6,6,1,21,5,1149,1,11,RENAULT CLIO,8,E01018559,0,-1
2020522004424,2020,522004424,2,9,0,1,1,2,6,0,0,0,0,0,0,0,2,1,6,6,1,30,6,1390,1,14,RENAULT CLIO,-1,-1,0,-1
2020420933526,2020,420933526,2,9,0,18,19,6,2,0,0,1,0,0,0,0,1,1,2,2,2,56,9,1149,1,17,RENAULT CLIO,4,E01021365,0,-1
2020548155820,2020,548155820,2,9,0,18,19,5,6,0,0,6,0,0,0,0,1,1,6,6,2,30,6,898,1,2,RENAULT CLIO,7,E01032039,0,-1
2020010262912,2020,010262912,1,9,0,9,9,1,7,0,0,7,0,0,0,0,1,1,6,6,2,46,8,1390,1,14,RENAULT CLIO,-1,-1,0,-1
2020010246457,2020,010246457,1,9,0,18,19,5,1,0,0,1,0,0,0,0,1,1,6,6,1,38,7,1461,2,6,RENAULT CLIO,5,E01003274,0,-1
2020010234772,2020,010234772,2,9,0,2,2,0,0,0,0,2,0,0,0,0,3,1,6,6,3,-1,-1,1149,1,14,RENAULT CLIO,-1,-1,0,-1
2020500983546,2020,500983546,1,9,0,18,19,7,3,0,0,0,1,0,0,0,0,1,6,6,1,26,6,1461,2,19,RENAULT CLIO,7,E01018934,0,-1
2020040990355,2020,040990355,1,9,0,18,19,7,3,0,0,0,1,0,1,9,0,1,2,2,1,26,6,1149,1,12,RENAULT CLIO,2,E01024890,0,-1
2020622000514,2020,622000514,2,9,0,18,19,6,3,0,0,0,0,0,1,0,1,1,1,1,1,23,5,1149,1,5,RENAULT CLIO,2,W01001237,0,-1
2020160923442,2020,160923442,1,9,0,10,10,6,2,0,0,1,0,0,0,0,1,1,2,2,1,37,7,1461,2,2,RENAULT CLIO,1,E01012808,0,-1
2020302000937,2020,302000937,1,9,0,17,19,5,1,0,0,0,0,0,8,4,1,1,6,6,1,23,5,1149,1,8,RENAULT CLIO,2,E01013565,0,-1
2020052001369,2020,052001369,1,9,0,18,19,7,3,0,0,0,5,0,0,0,4,1,6,6,1,40,7,898,1,2,RENAULT CLIO,1,E01007278,0,-1
2020010230000,2020,010230000,1,9,0,5,5,5,1,0,0,7,0,0,0,0,1,1,2,2,2,26,6,898,1,5,RENAULT CLIO,10,E01031690,0,-1
2020137691366,2020,137691366,1,9,0,9,9,8,6,0,0,1,0,0,0,0,1,1,6,6,2,23,5,898,1,4,RENAULT CLIO,1,E01010702,0,-1
2020430435077,2020,430435077,1,9,0,3,3,4,8,0,0,0,0,0,0,0,2,1,6,6,2,20,4,1149,1,8,RENAULT CLIO,10,E01017729,0,-1
2020470972791,2020,470972791,2,9,0,10,10,5,1,0,0,0,0,0,0,0,2,1,5,6,1,25,5,1598,1,14,RENAULT CLIO,6,E01031676,0,-1
2020010276966,2020,010276966,1,9,0,99,99,9,9,99,99,9,9,99,9,99,2,9,6,6,2,22,5,999,1,0,RENAULT CLIO,5,E01023905,0,-1
2020430266583,2020,430266583,1,9,0,17,19,1,2,0,0,8,0,0,7,0,1,1,6,6,3,-1,-1,1149,1,15,RENAULT CLIO,-1,-1,0,-1
2020010254327,2020,010254327,1,9,0,9,9,7,5,0,0,1,0,0,0,0,1,1,2,2,2,29,6,1149,1,14,RENAULT CLIO,3,E01001177,0,-1
2020110916242,2020,110916242,2,9,0,7,7,5,7,0,0,2,0,0,0,0,2,1,5,6,1,28,6,899,1,7,RENAULT CLIO,3,E01020766,0,-1
2020420972380,2020,420972380,1,9,0,18,19,1,3,0,0,1,0,0,0,0,1,1,6,6,1,19,4,1390,1,13,RENAULT CLIO,-1,-1,0,-1
2020500926099,2020,500926099,1,9,0,17,19,4,1,0,0,0,1,0,2,11,1,1,5,6,1,23,5,1149,1,17,RENAULT CLIO,7,E01032628,0,-1
2020160973962,2020,160973962,1,9,0,17,19,3,7,0,0,0,1,0,8,4,1,1,5,6,1,22,5,1149,1,15,RENAULT CLIO,7,E01011162,0,-1
2020010267372,2020,010267372,1,9,0,9,9,1,7,0,0,1,0,0,0,0,1,1,6,6,1,60,9,1149,1,11,RENAULT CLIO,4,E01004016,0,-1
2020140982247,2020,140982247,2,9,0,18,19,7,1,0,0,8,0,0,0,0,1,1,6,6,1,-1,-1,1149,1,11,RENAULT CLIO,2,E01007340,0,-1
2020520100395,2020,520100395,1,9,0,18,19,8,4,0,0,0,1,0,0,4,1,1,6,6,1,19,4,1149,1,11,RENAULT CLIO,6,E01029078,0,-1
202054B372720,2020,54B372720,1,9,0,18,19,6,2,0,0,1,0,0,0,0,1,1,6,6,1,20,4,1149,1,12,RENAULT CLIO,5,E01015479,0,-1
2020990925946,2020,990925946,1,9,0,9,9,5,3,0,0,5,0,0,0,0,1,1,5,6,2,44,7,1461,2,7,RENAULT CLIO,4,-1,0,-1
2020622000572,2020,622000572,2,9,0,9,9,2,1,0,0,8,0,0,0,0,3,1,6,6,2,30,6,1149,1,7,RENAULT CLIO,1,W01001871,0,-1
2020522100286,2020,522100286,2,9,0,2,2,0,0,0,0,0,0,0,0,0,2,1,6,6,2,26,6,1149,1,13,RENAULT CLIO,1,E01014703,0,-1
202063C072720,2020,63C072720,1,9,0,18,19,6,2,0,0,0,2,0,8,10,3,1,6,6,2,18,4,1149,1,11,RENAULT CLIO,3,W01000608,0,-1
202031C125320,2020,31C125320,1,9,0,1,1,2,6,0,0,0,0,0,0,0,2,1,6,6,2,-1,-1,1149,1,18,RENAULT CLIO,-1,-1,0,-1
2020161008208,2020,161008208,1,9,0,9,9,5,3,0,0,8,0,0,0,0,1,1,6,6,1,19,4,899,1,7,RENAULT CLIO,4,E01012870,0,-1
2020522002498,2020,522002498,1,9,0,18,19,8,4,0,0,8,0,0,0,0,1,1,6,6,1,23,5,1149,1,16,RENAULT CLIO,1,E01014486,0,-1
202063A044120,2020,63A044120,1,9,0,16,19,6,1,0,0,0,2,0,8,10,3,1,6,6,2,28,6,1149,1,16,RENAULT CLIO,3,W01000711,0,-1
2020160923857,2020,160923857,1,9,0,9,9,7,5,0,0,8,0,0,0,0,1,1,6,6,1,63,9,1149,1,16,RENAULT CLIO,6,E01013095,0,-1
202031A139420,2020,31A139420,1,9,0,7,7,6,8,0,0,2,0,0,0,0,1,1,6,6,1,-1,-1,1149,1,12,RENAULT CLIO,-1,-1,0,-1
202063C021220,2020,63C021220,1,9,0,17,19,8,5,0,0,0,5,0,2,10,1,1,6,6,2,30,6,1149,1,16,RENAULT CLIO,8,W01000577,0,-1
2020052002127,2020,052002127,2,9,0,18,19,1,5,0,0,8,0,0,0,0,1,1,6,6,2,20,4,1461,2,5,RENAULT CLIO,2,E01006763,0,-1
2020140925704,2020,140925704,2,9,0,9,9,5,3,0,0,6,0,0,0,0,4,1,6,6,1,20,4,1390,1,14,RENAULT CLIO,3,E01008145,0,-1
2020460954715,2020,460954715,1,9,0,3,3,4,8,0,0,0,0,0,0,0,1,1,6,6,3,-1,-1,1149,1,15,RENAULT CLIO,-1,-1,0,-1
2020200995047,2020,200995047,2,9,0,9,9,3,7,0,0,8,0,0,6,0,4,1,6,6,2,25,5,1149,1,7,RENAULT CLIO,2,E01008883,0,-1
2020430430585,2020,430430585,2,9,0,4,4,4,8,0,0,0,0,0,0,0,2,1,2,2,2,41,7,1149,1,10,RENAULT CLIO,7,E01016722,0,-1
2020052000512,2020,052000512,1,9,0,9,9,4,2,0,0,1,0,0,0,0,1,1,6,6,1,24,5,1461,2,10,RENAULT CLIO,1,E01007013,0,-1
2020531011422,2020,531011422,1,9,0,18,19,1,5,0,0,3,0,0,0,0,2,1,5,6,1,24,5,898,1,1,RENAULT CLIO,10,E01022317,0,-1
2020360942597,2020,360942597,3,9,0,2,2,0,0,0,0,0,0,0,0,0,1,1,5,6,1,56,9,1390,1,14,RENAULT CLIO,4,E01026466,0,-1
2020450981171,2020,450981171,2,9,0,4,4,8,3,0,0,4,0,0,0,0,1,1,5,6,2,18,4,1149,1,11,RENAULT CLIO,8,E01030950,0,-1
20201376K1333,2020,1376K1333,2,9,0,9,9,5,1,0,0,8,0,0,3,11,3,1,6,6,2,18,4,1149,1,16,RENAULT CLIO,2,E01011943,0,-1
2020501004034,2020,501004034,1,9,0,18,19,5,1,0,0,0,0,0,0,0,1,1,5,6,1,42,7,1461,2,7,RENAULT CLIO,4,E01019002,0,-1
202063A038420,2020,63A038420,1,9,0,17,19,5,2,0,0,0,5,0,8,10,3,1,2,2,2,28,6,1149,1,20,RENAULT CLIO,5,W01000643,0,-1