collision_index,collision_year,collision_ref_no,vehicle_reference,vehicle_type,towing_and_articulation,vehicle_manoeuvre_historic,vehicle_manoeuvre,vehicle_direction_from,vehicle_direction_to,vehicle_location_restricted_lane_historic,vehicle_location_restricted_lane,junction_location,skidding_and_overturning,hit_object_in_carriageway,vehicle_leaving_carriageway,hit_object_off_carriageway,first_point_of_impact,vehicle_left_hand_drive,journey_purpose_of_driver_historic,journey_purpose_of_driver,sex_of_driver,age_of_driver,age_band_of_driver,engine_capacity_cc,propulsion_code,age_of_vehicle,generic_make_model,driver_imd_decile,lsoa_of_driver,escooter_flag,driver_distance_banding
2020440270760,2020,440270760,1,9,0,9,9,3,1,0,0,8,0,0,0,0,1,1,6,6,2,63,9,1149,1,9,RENAULT CLIO,10,E01023045,0,-1
2020010231258,2020,010231258,1,9,0,99,99,9,9,99,99,0,9,99,9,99,2,9,6,6,2,44,7,1149,1,5,RENAULT CLIO,3,E01000432,0,-1
202006J178644,2020,06J178644,1,9,0,18,19,5,1,0,0,8,0,0,0,0,1,1,3,7,1,40,7,1461,2,0,RENAULT CLIO,4,E01005823,0,-1
2020201019282,2020,201019282,1,9,0,9,9,6,4,0,0,5,0,0,0,0,3,1,6,6,3,-1,-1,1461,2,10,RENAULT CLIO,-1,-1,0,-1
2020010272561,2020,010272561,1,9,0,16,19,5,1,0,0,2,0,0,0,0,1,1,1,1,2,65,9,1461,2,13,RENAULT CLIO,2,E01002096,0,-1
202006K270340,2020,06K270340,1,9,0,9,9,1,7,0,0,6,5,0,0,1,1,1,6,6,1,35,6,1149,1,9,RENAULT CLIO,5,E01004785,0,-1
2020461007145,2020,461007145,2,9,0,18,19,8,4,0,0,8,1,0,0,0,4,1,6,6,1,43,7,1197,1,3,RENAULT CLIO,6,E01024472,0,-1
2020470929908,2020,470929908,1,9,0,18,19,5,1,0,0,0,1,0,4,6,1,1,5,6,1,25,5,1149,1,17,RENAULT CLIO,7,E01017006,0,-1
2020010230508,2020,010230508,1,9,0,99,99,9,9,99,99,4,9,99,9,99,9,9,6,6,1,44,7,898,1,1,RENAULT CLIO,1,E01001798,0,-1
2020200945402,2020,200945402,2,9,0,2,2,0,0,0,0,0,0,0,0,0,2,1,6,6,1,-1,-1,1149,1,10,RENAULT CLIO,-1,-1,0,-1
2020622000888,2020,622000888,1,9,0,18,19,8,4,0,0,1,0,0,7,7,1,1,6,6,1,85,11,1461,2,16,RENAULT CLIO,4,W01001092,0,-1
2020052000356,2020,052000356,2,9,0,8,8,8,2,0,0,6,0,0,0,0,0,1,2,2,1,32,6,1149,1,9,RENAULT CLIO,5,E01006833,0,-1
2020522000060,2020,522000060,2,9,0,7,7,1,3,0,0,1,0,0,0,0,1,1,6,6,2,-1,-1,1390,1,14,RENAULT CLIO,-1,-1,0,-1
2020471009998,2020,471009998,4,9,0,2,2,3,7,0,0,0,0,0,0,0,2,1,1,1,2,27,6,1149,1,12,RENAULT CLIO,4,E01016966,0,-1
2020410978127,2020,410978127,4,9,0,2,2,0,0,0,0,0,0,0,0,0,4,1,6,6,3,-1,-1,1149,1,13,RENAULT CLIO,-1,-1,0,-1
2020302001680,2020,302001680,1,9,0,5,5,2,6,0,0,2,0,0,0,0,1,1,6,6,2,79,11,1461,2,11,RENAULT CLIO,6,E01013589,0,-1
2020052001889,2020,052001889,3,9,0,16,19,3,7,0,0,0,0,0,0,0,0,1,6,6,3,-1,-1,1149,1,6,RENAULT CLIO,-1,-1,0,-1
2020420969911,2020,420969911,2,9,0,7,7,3,7,0,0,0,0,0,0,0,2,1,6,6,2,51,8,1149,1,7,RENAULT CLIO,2,E01021638,0,-1
2020450980742,2020,450980742,3,9,0,5,5,3,7,0,0,1,0,0,0,0,2,1,5,6,2,18,4,1461,2,2,RENAULT CLIO,5,E01030531,0,-1
2020010254513,2020,010254513,2,9,0,99,99,9,9,99,99,9,9,99,9,99,9,9,6,6,3,-1,-1,1598,1,12,RENAULT CLIO,-1,-1,0,-1
2020500993341,2020,500993341,1,9,0,4,4,4,8,0,0,0,0,0,0,0,3,1,5,6,2,28,6,1149,1,16,RENAULT CLIO,8,E01020120,0,-1
2020200930933,2020,200930933,1,9,0,3,3,6,2,0,0,0,0,0,0,0,1,1,6,6,1,-1,-1,1461,2,14,RENAULT CLIO,1,E01009588,0,-1
2020200974010,2020,200974010,1,9,0,9,9,4,2,0,0,5,0,0,0,0,1,1,6,6,2,20,4,1149,1,9,RENAULT CLIO,3,E01009049,0,-1
2020460944054,2020,460944054,2,9,0,18,19,6,2,0,0,8,0,0,0,0,3,1,6,6,2,22,5,1149,1,13,RENAULT CLIO,-1,-1,0,-1
2020440421553,2020,440421553,1,9,0,9,9,7,4,0,0,0,0,0,0,0,1,1,2,2,1,23,5,1998,1,14,RENAULT CLIO,3,E01022732,0,-1
202063A050820,2020,63A050820,2,9,0,18,19,1,5,0,0,1,0,0,1,10,1,1,6,6,1,47,8,1461,2,15,RENAULT CLIO,6,W01000648,0,-1
2020500969143,2020,500969143,2,9,0,18,19,1,5,0,0,0,0,0,0,0,2,1,5,6,1,45,7,1149,1,7,RENAULT CLIO,2,E01018984,0,-1
2020201005875,2020,201005875,2,9,0,18,19,3,7,0,0,8,0,0,0,0,1,1,6,6,1,25,5,1149,1,6,RENAULT CLIO,2,E01010522,0,-1
2020100978326,2020,100978326,3,9,0,4,4,2,6,0,0,0,0,0,0,0,2,1,6,6,2,26,6,1149,1,3,RENAULT CLIO,-1,-1,0,-1
2020500962498,2020,500962498,1,9,0,18,19,4,8,0,0,1,0,0,0,0,1,1,6,6,2,23,5,1149,1,12,RENAULT CLIO,8,E01019961,0,-1
2020470957031,2020,470957031,1,9,0,18,19,8,4,0,0,0,0,0,0,0,4,1,6,6,1,40,7,1149,1,17,RENAULT CLIO,1,E01020994,0,-1
2020450980377,2020,450980377,1,9,0,5,5,4,8,0,0,1,0,0,0,0,1,1,5,6,1,19,4,1149,1,18,RENAULT CLIO,4,E01030749,0,-1
2020010267163,2020,010267163,1,9,0,99,99,9,9,99,99,9,9,99,9,99,2,9,6,6,1,22,5,999,1,0,RENAULT CLIO,10,E01030820,0,-1
2020460952493,2020,460952493,2,9,0,2,2,0,0,0,0,0,0,0,0,0,0,1,5,6,1,-1,-1,1149,1,10,RENAULT CLIO,4,E01024258,0,-1
2020200937829,2020,200937829,1,9,0,18,19,2,6,0,0,8,0,0,0,0,1,1,6,6,1,28,6,898,1,3,RENAULT CLIO,2,E01010305,0,-1
202054A299420,2020,54A299420,1,9,0,18,19,8,4,0,0,0,1,0,7,0,0,1,1,1,2,31,6,1461,2,13,RENAULT CLIO,7,E01032073,0,-1
2020140977794,2020,140977794,2,9,0,6,6,8,8,0,0,8,0,0,0,0,3,1,5,6,1,63,9,1149,1,15,RENAULT CLIO,5,E01008099,0,-1
2020990975972,2020,990975972,2,9,0,9,9,4,1,0,0,7,0,0,0,0,0,1,6,6,1,30,6,1390,1,14,RENAULT CLIO,-1,-1,0,-1
2020200993005,2020,200993005,1,9,0,18,19,1,6,0,0,2,0,0,0,0,2,1,1,1,3,-1,-1,1149,1,11,RENAULT CLIO,-1,-1,0,-1
2020052001875,2020,052001875,2,9,0,2,2,0,0,0,0,0,0,0,0,0,1,1,6,6,3,-1,-1,1149,1,18,RENAULT CLIO,-1,-1,0,-1
2020010243410,2020,010243410,2,9,0,99,99,9,9,99,99,9,9,99,9,99,9,9,6,6,3,-1,-1,1149,1,13,RENAULT CLIO,4,E01000534,0,-1
2020010234136,2020,010234136,1,9,0,5,5,4,8,0,0,6,0,0,0,0,1,1,6,6,2,21,5,1461,2,6,RENAULT CLIO,9,E01030510,0,-1
2020470953311,2020,470953311,1,9,0,18,19,6,2,0,0,0,0,0,0,0,1,1,6,6,1,39,7,1149,1,12,RENAULT CLIO,5,E01021216,0,-1
2020470997429,2020,470997429,2,9,0,18,19,5,1,0,0,8,0,0,7,1,4,1,5,6,1,68,10,1998,1,16,RENAULT CLIO,10,E01020946,0,-1
2020010279888,2020,010279888,1,9,0,13,13,4,8,0,0,1,0,0,0,0,1,1,6,6,1,25,5,1149,1,17,RENAULT CLIO,3,E01002043,0,-1
2020010234549,2020,010234549,2,9,0,99,99,9,9,99,99,1,9,99,9,99,1,9,6,6,1,40,7,1461,2,3,RENAULT CLIO,8,E01000646,0,-1
2020010247103,2020,010247103,1,9,0,4,4,3,7,0,0,1,0,0,0,0,2,1,6,6,2,57,9,1149,1,14,RENAULT CLIO,8,E01000672,0,-1
2020010259664,2020,010259664,1,9,0,4,4,5,1,0,0,0,0,0,0,0,1,1,6,6,2,25,5,1149,1,14,RENAULT CLIO,5,E01004486,0,-1
2020622000764,2020,622000764,2,9,0,9,9,4,2,0,0,1,0,0,0,0,3,1,6,6,2,67,10,1461,2,6,RENAULT CLIO,9,W01001031,0,-1
2020010232422,2020,010232422,1,9,0,18,19,3,7,0,0,0,0,0,0,0,1,1,6,6,1,33,6,1149,1,17,RENAULT CLIO,2,E01003732,0,-1
2020052001243,2020,052001243,1,9,0,16,19,1,5,0,0,0,0,10,5,2,1,1,6,6,1,47,8,1149,1,6,RENAULT CLIO,1,E01006437,0,-1
2020231001780,2020,231001780,1,9,0,9,9,6,4,0,0,6,0,0,0,0,3,1,5,6,2,40,7,1461,2,4,RENAULT CLIO,6,E01009586,0,-1
2020200975558,2020,200975558,2,9,0,7,7,3,5,0,0,5,0,0,0,0,2,1,1,1,1,66,10,1149,1,14,RENAULT CLIO,4,E01009824,0,-1
2020522003122,2020,522003122,1,9,0,18,19,5,1,0,0,7,0,0,0,7,4,1,6,6,2,63,9,1149,1,18,RENAULT CLIO,2,E01014536,0,-1
2020010245318,2020,010245318,1,9,0,18,19,1,5,0,0,1,0,0,0,0,2,1,6,6,1,30,6,899,1,6,RENAULT CLIO,3,E01003177,0,-1
2020302001613,2020,302001613,2,9,0,2,2,0,0,0,0,0,0,0,0,0,2,1,6,6,2,63,9,1149,1,16,RENAULT CLIO,1,E01013583,0,-1
2020140978340,2020,140978340,1,9,0,18,19,5,1,0,0,2,0,0,0,0,1,1,6,6,1,45,7,1390,1,13,RENAULT CLIO,6,E01008046,0,-1
202054C274420,2020,54C274420,1,9,0,18,19,3,7,0,0,0,0,0,6,4,1,1,4,7,1,18,4,1461,2,12,RENAULT CLIO,9,E01031965,0,-1
2020137BF0845,2020,137BF0845,3,9,0,18,19,8,4,0,0,0,0,0,0,0,2,1,6,6,1,17,4,1149,1,8,RENAULT CLIO,4,E01011753,0,-1
2020440458044,2020,440458044,1,9,0,18,19,6,2,0,0,2,5,0,0,0,3,1,6,6,1,19,4,1149,1,13,RENAULT CLIO,10,E01022596,0,-1
2020360960850,2020,360960850,2,9,0,18,19,6,1,0,0,0,0,0,0,0,-1,1,5,6,1,19,4,1461,2,13,RENAULT CLIO,8,E01026855,0,-1
2020450936210,2020,450936210,1,9,0,9,9,1,5,9,9,1,0,0,0,0,1,1,5,6,2,24,5,1149,1,8,RENAULT CLIO,6,E01030631,0,-1
2020522100049,2020,522100049,2,9,0,18,19,3,7,0,0,8,0,0,0,0,1,1,6,6,2,84,11,1149,1,16,RENAULT CLIO,6,E01014459,0,-1
20201372N1086,2020,1372N1086,1,9,0,9,9,7,5,0,0,6,0,0,0,0,3,1,6,6,1,-1,-1,1149,1,14,RENAULT CLIO,3,E01011784,0,-1
2020052000562,2020,052000562,1,9,0,9,9,5,3,0,0,1,0,0,0,0,1,1,6,6,1,20,4,1149,1,17,RENAULT CLIO,6,E01007108,0,-1
2020010261249,2020,010261249,2,9,0,99,99,9,9,99,99,9,9,99,9,99,9,9,6,6,3,-1,-1,1598,1,14,RENAULT CLIO,-1,-1,0,-1
2020541052320,2020,541052320,1,9,0,9,9,8,6,0,0,8,0,0,0,0,1,1,2,2,1,24,5,1149,1,12,RENAULT CLIO,2,E01015537,0,-1
2020440452753,2020,440452753,1,9,0,18,19,2,8,0,0,4,0,0,0,0,3,1,1,1,1,38,7,1598,1,9,RENAULT CLIO,5,E01022781,0,-1
2020410962736,2020,410962736,2,9,0,2,2,8,7,6,6,1,0,0,0,0,2,1,5,6,1,20,4,1390,1,14,RENAULT CLIO,9,E01023896,0,-1
2020161000136,2020,161000136,1,9,0,18,19,7,3,0,0,4,0,0,0,0,1,1,2,2,1,29,6,1149,1,6,RENAULT CLIO,1,E01013311,0,-1
2020140977617,2020,140977617,1,9,0,13,13,7,3,0,0,0,0,0,0,0,4,1,2,2,1,48,8,1461,2,12,RENAULT CLIO,3,E01007789,0,-1
2020122000771,2020,122000771,1,9,0,17,19,1,6,0,0,1,0,0,0,0,1,1,6,6,1,20,4,1149,1,6,RENAULT CLIO,7,E01013364,0,-1
2020070137748,2020,070137748,3,9,0,18,19,2,6,0,0,0,0,0,0,0,1,1,6,6,2,23,5,898,1,2,RENAULT CLIO,8,E01005842,0,-1
2020410959457,2020,410959457,2,9,0,18,19,7,3,0,0,0,0,0,0,0,4,1,5,6,1,48,8,1390,1,17,RENAULT CLIO,3,E01023954,0,-1
2020460975652,2020,460975652,2,9,0,4,4,2,5,0,0,0,0,0,0,0,1,1,5,6,2,68,10,1461,2,5,RENAULT CLIO,6,E01024054,0,-1
2020100981269,2020,100981269,1,9,0,5,5,1,5,0,0,4,0,0,0,0,1,1,3,7,2,37,7,1461,2,15,RENAULT CLIO,4,E01008451,0,-1
202031D152920,2020,31D152920,1,9,0,18,19,2,6,9,9,2,0,10,7,11,1,1,6,6,1,28,6,1461,2,16,RENAULT CLIO,3,E01013929,0,-1
2020302000868,2020,302000868,1,9,0,18,19,3,7,0,0,0,0,0,0,0,1,1,6,6,2,28,6,1149,1,4,RENAULT CLIO,6,E01019862,0,-1
2020340K02112,2020,340K02112,1,9,0,18,19,3,5,0,0,4,0,0,0,0,2,1,6,6,1,-1,-1,1149,1,17,RENAULT CLIO,1,E01026960,0,-1
2020140931963,2020,140931963,2,9,0,9,9,5,3,0,0,6,1,0,1,9,4,1,3,7,1,47,8,1461,2,14,RENAULT CLIO,2,E01013331,0,-1
2020040988258,2020,040988258,1,9,0,18,19,1,5,0,0,0,0,0,0,0,4,1,5,6,1,59,9,1461,2,8,RENAULT CLIO,5,E01025459,0,-1
2020010253402,2020,010253402,2,9,0,99,99,9,9,99,99,0,9,99,9,99,9,9,6,6,2,54,8,1149,1,10,RENAULT CLIO,4,E01001137,0,-1
2020230991868,2020,230991868,1,9,0,18,19,8,4,0,0,0,0,0,0,0,1,1,5,6,2,22,5,1149,1,5,RENAULT CLIO,2,E01008958,0,-1
2020430090744,2020,430090744,1,9,0,3,3,1,5,0,0,0,0,0,0,0,2,1,2,2,2,18,4,1149,1,16,RENAULT CLIO,7,E01017909,0,-1
2020470985822,2020,470985822,1,9,0,18,19,6,2,0,0,8,0,0,0,0,4,1,2,2,2,18,4,1149,1,17,RENAULT CLIO,8,E01021196,0,-1
2020990974644,2020,990974644,1,9,0,16,19,6,2,0,0,0,1,0,0,0,4,1,5,6,2,28,6,1149,1,16,RENAULT CLIO,1,E01033367,0,-1
2020070485789,2020,070485789,1,9,0,1,1,8,4,9,9,6,0,0,0,0,2,1,1,1,1,44,7,1461,2,15,RENAULT CLIO,1,E01007278,0,-1
2020991006542,2020,991006542,1,9,0,6,6,6,6,0,0,1,0,0,0,0,4,1,5,6,2,25,5,1149,1,5,RENAULT CLIO,6,-1,0,-1
2020230932466,2020,230932466,1,9,0,18,19,6,2,0,0,1,0,0,0,0,1,1,5,6,2,75,10,1149,1,11,RENAULT CLIO,9,E01031279,0,-1
2020200970354,2020,200970354,2,9,0,18,19,2,6,0,0,0,0,0,0,0,1,1,6,6,2,38,7,1149,1,8,RENAULT CLIO,6,E01009976,0,-1
2020040977863,2020,040977863,1,9,0,18,19,3,7,0,0,1,0,0,0,0,2,1,5,6,1,24,5,1149,1,15,RENAULT CLIO,1,E01012638,0,-1
2020990944836,2020,990944836,1,9,0,9,9,8,4,0,0,8,0,0,0,0,1,1,5,6,1,-1,-1,1149,1,11,RENAULT CLIO,4,-1,0,-1
20201378U1264,2020,1378U1264,2,9,0,18,19,1,5,0,0,0,0,0,0,0,2,1,6,6,1,76,11,1461,2,2,RENAULT CLIO,9,E01010773,0,-1
2020200950661,2020,200950661,1,9,0,2,2,3,7,0,0,0,0,0,0,0,0,1,6,6,2,54,8,1149,1,6,RENAULT CLIO,2,E01009481,0,-1
2020420981151,2020,420981151,2,9,0,3,3,8,3,0,0,0,0,0,0,0,2,1,6,6,1,20,4,1149,1,14,RENAULT CLIO,8,E01021671,0,-1
2020990989279,2020,990989279,1,9,0,9,9,8,6,9,9,0,0,0,0,0,1,1,5,6,1,23,5,898,1,2,RENAULT CLIO,2,-1,0,-1
2020470928313,2020,470928313,1,9,0,7,7,5,7,0,0,1,0,0,0,0,1,1,6,6,1,34,6,1149,1,9,RENAULT CLIO,4,E01020965,0,-1
2020201022348,2020,201022348,1,9,0,11,11,7,2,0,0,1,0,0,0,0,4,1,6,6,2,29,6,1149,1,5,RENAULT CLIO,3,E01009971,0,-1
202006A167282,2020,06A167282,1,9,0,18,19,2,6,0,0,8,0,0,0,0,1,1,6,6,3,-1,-1,1149,1,13,RENAULT CLIO,-1,-1,0,-1
2020990966627,2020,990966627,1,9,0,18,19,4,8,0,0,0,0,0,0,0,1,1,1,1,2,21,5,898,1,2,RENAULT CLIO,1,-1,0,-1
2020501015548,2020,501015548,1,9,0,17,19,5,2,0,0,0,0,0,0,0,4,1,5,6,1,31,6,1461,2,6,RENAULT CLIO,6,E01018832,0,-1
2020302001042,2020,302001042,1,9,0,18,19,2,8,0,0,1,0,0,0,0,1,1,6,6,2,36,7,1149,1,11,RENAULT CLIO,5,E01019525,0,-1
2020990936092,2020,990936092,1,9,0,18,19,4,8,0,0,0,0,0,0,0,1,1,1,1,2,23,5,1149,1,12,RENAULT CLIO,5,-1,0,-1
2020990981147,2020,990981147,2,9,0,18,19,4,7,0,0,0,0,0,0,0,2,1,3,7,1,58,9,898,1,2,RENAULT CLIO,7,-1,0,-1
2020231011766,2020,231011766,2,9,0,10,10,1,7,0,0,1,0,0,0,0,2,1,5,6,2,65,9,1461,2,6,RENAULT CLIO,6,E01031106,0,-1
2020610043120,2020,610043120,3,9,0,2,2,0,0,0,0,0,0,0,0,0,4,1,6,6,2,31,6,1149,1,8,RENAULT CLIO,6,W01001520,0,-1
2020461038648,2020,461038648,1,9,0,5,5,8,2,0,0,0,0,0,0,0,2,1,1,1,2,60,9,1461,2,1,RENAULT CLIO,7,E01024405,0,-1
2020420958563,2020,420958563,1,9,0,18,19,7,3,0,0,0,1,0,5,6,3,1,5,6,1,58,9,1461,2,10,RENAULT CLIO,6,E01021348,0,-1
2020450928077,2020,450928077,1,9,0,18,19,5,1,0,0,0,0,0,0,0,1,1,2,2,1,18,4,1149,1,16,RENAULT CLIO,7,E01030576,0,-1
2020350986932,2020,350986932,1,9,0,18,19,3,7,0,0,0,5,0,1,0,4,1,6,6,2,43,7,1461,2,6,RENAULT CLIO,8,E01033181,0,-1
2020991006908,2020,991006908,1,9,0,18,19,7,3,0,0,0,5,0,1,11,1,1,5,6,1,20,4,1149,1,13,RENAULT CLIO,2,-1,0,-1
2020350993969,2020,350993969,1,9,0,3,3,3,7,0,0,0,0,0,0,0,2,1,5,6,2,28,6,1461,2,6,RENAULT CLIO,9,E01018123,0,-1
2020990964538,2020,990964538,1,9,0,10,10,7,5,0,0,1,1,11,0,0,3,1,2,2,2,23,5,1149,1,4,RENAULT CLIO,10,-1,0,-1
2020460996724,2020,460996724,1,9,0,13,13,5,1,0,0,0,1,10,2,0,4,1,5,6,2,18,4,1149,1,13,RENAULT CLIO,7,E01024789,0,-1
2020531004488,2020,531004488,1,9,0,18,19,8,4,0,0,8,0,0,0,0,4,1,2,2,2,32,6,1461,2,6,RENAULT CLIO,7,E01022411,0,-1
2020010233481,2020,010233481,1,9,0,9,9,5,2,0,0,6,0,0,0,0,4,1,6,6,2,68,10,1461,2,4,RENAULT CLIO,8,E01021340,0,-1
202006N174892,2020,06N174892,2,9,0,18,19,1,5,0,0,8,0,0,1,10,1,1,6,6,2,28,6,1149,1,12,RENAULT CLIO,5,E01005648,0,-1
2020500976461,2020,500976461,1,9,0,6,6,8,8,0,0,0,0,0,7,11,3,1,6,6,1,22,5,1149,1,17,RENAULT CLIO,-1,-1,0,-1
2020340K07392,2020,340K07392,1,9,0,9,9,5,3,0,0,8,0,0,0,0,1,1,6,6,2,75,10,1197,1,3,RENAULT CLIO,7,E01027129,0,-1
2020200991494,2020,200991494,1,9,0,18,19,7,3,0,0,1,0,10,1,10,1,1,6,6,2,51,8,1149,1,18,RENAULT CLIO,-1,-1,0,-1
2020302001542,2020,302001542,1,9,0,7,7,6,3,0,0,1,2,0,1,10,1,1,6,6,1,19,4,1149,1,16,RENAULT CLIO,-1,-1,0,-1
2020200990226,2020,200990226,1,9,0,4,4,2,6,0,0,1,0,0,0,0,1,1,2,2,2,48,8,1149,1,8,RENAULT CLIO,4,E01009320,0,-1
2020010248892,2020,010248892,2,9,0,9,9,6,4,0,0,0,0,0,0,0,3,1,6,6,2,26,6,1149,1,17,RENAULT CLIO,9,E01003365,0,-1
2020530980783,2020,530980783,1,9,0,16,19,1,5,0,0,0,5,0,7,9,1,1,5,6,1,18,4,1149,1,17,RENAULT CLIO,6,E01032188,0,-1
2020450920442,2020,450920442,1,9,0,18,19,3,7,0,0,1,0,0,0,0,1,1,6,6,2,19,4,1149,1,15,RENAULT CLIO,6,E01002617,0,-1
2020430214986,2020,430214986,2,9,0,8,8,7,1,0,0,2,0,0,0,0,0,1,6,6,1,26,6,1461,2,8,RENAULT CLIO,1,E01016842,0,-1
2020122000660,2020,122000660,1,9,0,3,3,2,5,0,0,7,0,0,0,0,1,1,6,6,1,35,6,1461,2,10,RENAULT CLIO,4,E01007536,0,-1
2020302000472,2020,302000472,2,9,0,18,19,5,1,0,0,0,1,0,1,9,3,1,6,6,1,25,5,1149,1,13,RENAULT CLIO,4,E01033404,0,-1
202006Q265681,2020,06Q265681,2,9,0,18,19,1,5,0,0,1,0,0,0,0,1,1,2,2,2,52,8,1461,2,12,RENAULT CLIO,4,E01005355,0,-1
2020010269677,2020,010269677,2,9,0,2,2,0,0,9,9,2,0,0,0,0,2,1,6,6,3,-1,-1,1149,1,9,RENAULT CLIO,-1,-1,0,-1
2020990965673,2020,990965673,1,9,0,7,7,6,1,0,0,5,0,0,0,0,2,1,6,6,1,50,8,1149,1,15,RENAULT CLIO,10,-1,0,-1
2020302001202,2020,302001202,1,9,0,4,4,6,2,0,0,0,0,0,0,0,1,1,6,6,1,32,6,1998,1,13,RENAULT CLIO,3,E01013517,0,-1
2020100931802,2020,100931802,1,9,0,18,19,5,1,0,0,1,5,0,0,0,1,1,2,2,2,44,7,1390,1,13,RENAULT CLIO,5,E01027384,0,-1
2020302000997,2020,302000997,1,9,0,15,15,3,8,0,0,0,5,4,0,0,1,1,6,6,1,38,7,1149,1,17,RENAULT CLIO,3,E01019420,0,-1
2020370944168,2020,370944168,1,9,0,18,19,7,3,0,0,0,0,0,2,0,1,1,5,6,1,17,4,1149,1,14,RENAULT CLIO,5,E01030066,0,-1
2020360944541,2020,360944541,2,9,0,4,4,0,0,0,0,0,0,0,0,0,2,1,5,6,2,45,7,1461,2,8,RENAULT CLIO,1,E01026603,0,-1
2020470934390,2020,470934390,1,9,0,17,19,6,4,9,9,1,0,0,1,10,1,1,6,6,1,20,4,1149,1,15,RENAULT CLIO,4,E01031364,0,-1
2020522004009,2020,522004009,2,9,0,18,19,7,3,0,0,8,0,0,0,0,1,1,6,6,3,17,4,1149,1,3,RENAULT CLIO,-1,-1,0,-1
2020990999597,2020,990999597,2,9,0,3,3,5,1,0,0,0,0,0,0,0,2,1,5,6,2,28,6,898,1,4,RENAULT CLIO,5,-1,0,-1
2020522003752,2020,522003752,3,9,0,18,19,7,4,0,0,1,0,0,0,0,1,1,6,6,1,33,6,1461,2,13,RENAULT CLIO,1,W01001661,0,-1
20201375F0454,2020,1375F0454,1,9,0,9,9,5,3,0,0,8,0,0,0,0,4,1,6,6,2,63,9,1149,1,10,RENAULT CLIO,9,E01011515,0,-1
2020201022748,2020,201022748,1,9,0,16,19,2,5,0,0,0,0,0,0,0,3,1,1,1,1,23,5,1149,1,14,RENAULT CLIO,2,E01009495,0,-1
2020990915091,2020,990915091,2,9,0,2,2,4,1,6,6,0,0,0,0,0,3,1,5,6,2,48,8,1390,1,14,RENAULT CLIO,2,-1,0,-1
2020500942535,2020,500942535,1,9,0,9,9,1,5,0,0,2,0,0,0,0,1,1,5,6,2,27,6,898,1,2,RENAULT CLIO,4,E01019040,0,-1
2020010270910,2020,010270910,2,9,0,99,99,9,9,99,99,0,9,99,9,99,1,9,6,6,3,28,6,1390,1,14,RENAULT CLIO,2,E01004014,0,-1
2020052002702,2020,052002702,2,9,0,18,19,3,7,0,0,0,0,0,0,0,1,1,6,6,2,19,4,1149,1,4,RENAULT CLIO,9,E01006594,0,-1
2020522005139,2020,522005139,1,9,0,2,2,0,0,0,0,0,0,0,0,0,3,1,1,1,1,20,4,1149,1,10,RENAULT CLIO,7,E01032671,0,-1
2020371000833,2020,371000833,2,9,0,18,19,5,1,0,0,0,0,0,0,0,3,1,1,1,2,18,4,1149,1,12,RENAULT CLIO,3,E01030262,0,-1
2020370978883,2020,370978883,2,9,0,18,19,-1,-1,0,0,2,0,0,0,0,1,1,1,1,1,19,4,1149,1,14,RENAULT CLIO,5,E01030229,0,-1
2020530959956,2020,530959956,1,9,0,18,19,3,7,0,0,8,0,0,0,0,3,1,5,6,1,71,10,1461,2,5,RENAULT CLIO,5,E01022265,0,-1
2020361005700,2020,361005700,1,9,0,18,19,8,4,0,0,2,0,0,0,0,4,1,5,6,2,25,5,1461,2,10,RENAULT CLIO,5,E01026816,0,-1
2020500951076,2020,500951076,1,9,0,17,19,6,2,0,0,0,0,0,0,0,1,1,5,6,1,18,4,1390,1,14,RENAULT CLIO,2,E01020277,0,-1
2020410982862,2020,410982862,2,9,0,9,9,5,3,0,0,0,0,0,0,0,3,1,6,6,2,22,5,1149,1,15,RENAULT CLIO,9,E01028601,0,-1
202063D081720,2020,63D081720,1,9,0,18,19,1,5,0,0,0,1,0,1,10,1,1,6,6,2,54,8,1149,1,9,RENAULT CLIO,6,W01001906,0,-1
2020010286200,2020,010286200,1,9,0,7,7,7,1,0,0,8,0,0,0,0,1,1,2,2,1,37,7,1149,1,17,RENAULT CLIO,5,E01003772,0,-1
2020360942411,2020,360942411,1,9,0,18,19,1,5,0,0,0,0,0,0,0,1,1,5,6,1,29,6,1149,1,13,RENAULT CLIO,8,E01030145,0,-1
2020220968356,2020,220968356,2,9,0,3,3,5,8,0,0,1,0,0,0,0,2,1,5,6,2,58,9,1149,1,18,RENAULT CLIO,2,E01032435,0,-1
2020430052074,2020,430052074,2,9,0,18,19,8,4,0,0,1,0,0,0,0,1,1,2,2,1,22,5,1149,1,10,RENAULT CLIO,5,E01017907,0,-1
2020430172259,2020,430172259,1,9,0,18,19,8,4,0,0,0,2,0,0,0,1,1,6,6,1,23,5,1149,1,16,RENAULT CLIO,8,E01028778,0,-1
2020420928110,2020,420928110,1,9,0,18,19,4,8,0,0,0,5,0,1,4,1,1,5,6,1,17,4,1149,1,7,RENAULT CLIO,10,E01023449,0,-1