collision_index,collision_year,collision_ref_no,vehicle_reference,vehicle_type,towing_and_articulation,vehicle_manoeuvre_historic,vehicle_manoeuvre,vehicle_direction_from,vehicle_direction_to,vehicle_location_restricted_lane_historic,vehicle_location_restricted_lane,junction_location,skidding_and_overturning,hit_object_in_carriageway,vehicle_leaving_carriageway,hit_object_off_carriageway,first_point_of_impact,vehicle_left_hand_drive,journey_purpose_of_driver_historic,journey_purpose_of_driver,sex_of_driver,age_of_driver,age_band_of_driver,engine_capacity_cc,propulsion_code,age_of_vehicle,generic_make_model,driver_imd_decile,lsoa_of_driver,escooter_flag,driver_distance_banding
2020622000544,2020,622000544,2,9,0,2,2,0,0,0,0,0,0,0,0,0,2,1,6,6,3,-1,-1,1149,1,15,RENAULT CLIO,-1,-1,0,-1
2020460929833,2020,460929833,2,9,0,18,19,4,8,0,0,0,5,0,7,0,3,1,5,6,2,31,6,898,1,1,RENAULT CLIO,3,E01024552,0,-1
20201371G0526,2020,1371G0526,1,9,0,18,19,5,1,0,0,0,0,0,0,0,1,1,6,6,1,84,11,1149,1,16,RENAULT CLIO,5,E01011734,0,-1
2020420966104,2020,420966104,2,9,0,3,3,2,4,0,0,1,0,0,0,0,2,1,5,6,2,23,5,898,1,2,RENAULT CLIO,2,E01021278,0,-1
2020140976229,2020,140976229,1,9,0,18,19,2,6,0,0,0,5,0,1,7,1,1,6,6,1,35,6,1149,1,13,RENAULT CLIO,5,E01026407,0,-1
2020052000231,2020,052000231,2,9,0,18,19,7,3,0,0,8,0,0,0,0,1,1,6,6,1,24,5,1149,1,11,RENAULT CLIO,1,E01006820,0,-1
2020990994403,2020,990994403,1,9,0,4,4,7,3,0,0,0,0,0,0,0,1,1,6,6,1,32,6,1149,1,10,RENAULT CLIO,1,-1,0,-1
2020410977928,2020,410977928,1,9,0,18,19,1,5,0,0,0,2,6,0,0,4,1,2,2,1,47,8,1149,1,19,RENAULT CLIO,3,E01000473,0,-1
2020440025680,2020,440025680,1,9,0,18,19,5,1,0,0,1,0,0,0,0,1,1,6,6,2,18,4,1149,1,6,RENAULT CLIO,7,E01022963,0,-1
2020990955784,2020,990955784,1,9,0,18,19,2,6,0,0,0,0,0,0,0,1,1,5,6,2,55,8,1149,1,7,RENAULT CLIO,3,-1,0,-1
2020410983224,2020,410983224,5,9,0,2,2,3,7,0,0,1,0,0,0,0,2,1,6,6,1,74,10,1197,1,3,RENAULT CLIO,7,E01016764,0,-1
2020010240394,2020,010240394,2,9,0,9,9,3,1,0,0,1,9,0,0,99,4,9,6,6,3,-1,-1,1149,1,13,RENAULT CLIO,-1,-1,0,-1
2020460922187,2020,460922187,1,9,0,9,9,6,2,0,0,0,1,0,0,0,1,1,5,6,2,23,5,1149,1,15,RENAULT CLIO,6,E01032807,0,-1
202006E273498,2020,06E273498,1,9,0,18,19,7,3,0,0,0,0,0,0,0,1,1,6,6,2,23,5,1149,1,3,RENAULT CLIO,1,E01025236,0,-1
2020430275397,2020,430275397,1,9,0,4,4,3,7,0,0,0,0,0,0,0,1,1,6,6,2,23,5,1149,1,8,RENAULT CLIO,8,E01017824,0,-1
202031D058120,2020,31D058120,3,9,0,9,9,4,2,0,0,4,0,0,0,0,2,1,1,1,2,32,6,1461,2,9,RENAULT CLIO,3,E01019536,0,-1
202006K271031,2020,06K271031,2,9,0,9,9,2,8,0,0,8,0,0,0,0,3,1,6,6,2,57,9,1149,1,8,RENAULT CLIO,8,E01024973,0,-1
2020440457920,2020,440457920,1,9,0,18,19,8,4,0,0,1,1,0,0,0,1,1,6,6,1,23,5,1149,1,15,RENAULT CLIO,4,E01032847,0,-1
2020141026916,2020,141026916,1,9,0,17,19,1,5,0,0,0,1,0,1,4,1,1,2,2,1,-1,-1,1461,2,12,RENAULT CLIO,-1,-1,0,-1
2020231000680,2020,231000680,1,9,0,9,9,1,7,0,0,4,0,0,0,0,3,1,5,6,1,58,9,1149,1,7,RENAULT CLIO,7,E01031167,0,-1
2020990988752,2020,990988752,1,9,0,18,19,3,7,0,0,0,0,0,0,0,1,1,5,6,1,35,6,1998,1,8,RENAULT CLIO,9,-1,0,-1
2020500949487,2020,500949487,1,9,0,18,19,7,3,0,0,0,0,0,0,0,4,1,6,6,2,70,10,1390,1,13,RENAULT CLIO,6,E01018852,0,-1
202063C044920,2020,63C044920,1,9,0,18,19,2,6,0,0,0,0,0,0,0,1,1,6,6,2,17,4,1461,2,7,RENAULT CLIO,6,W01000582,0,-1
2020140988667,2020,140988667,1,9,0,18,19,8,4,0,0,0,1,0,7,0,1,1,6,6,1,21,5,1149,1,12,RENAULT CLIO,1,E01011869,0,-1
2020221002657,2020,221002657,1,9,0,17,19,6,4,0,0,0,1,0,1,4,1,1,2,2,2,19,4,1149,1,12,RENAULT CLIO,2,E01008958,0,-1
2020990999017,2020,990999017,1,9,0,9,9,8,4,0,0,8,0,0,0,0,1,1,2,2,2,18,4,1149,1,6,RENAULT CLIO,5,-1,0,-1
2020520000722,2020,520000722,2,9,0,9,9,6,4,0,0,8,0,0,0,0,1,1,6,6,2,38,7,1149,1,18,RENAULT CLIO,3,E01029093,0,-1
2020141006478,2020,141006478,2,9,0,17,19,1,5,0,0,0,0,0,0,0,1,1,5,6,1,37,7,1461,2,1,RENAULT CLIO,1,E01008065,0,-1
2020010280518,2020,010280518,1,9,0,99,99,9,9,99,99,9,9,99,9,99,2,9,2,2,2,65,9,1461,2,7,RENAULT CLIO,7,E01002494,0,-1
2020010258027,2020,010258027,1,9,0,18,19,1,5,0,0,1,1,4,0,0,1,1,6,6,1,31,6,1390,1,13,RENAULT CLIO,3,E01003570,0,-1
2020990945640,2020,990945640,1,9,0,18,19,3,7,0,0,0,2,0,1,0,4,1,6,6,2,24,5,1149,1,17,RENAULT CLIO,5,-1,0,-1
20201373C0211,2020,1373C0211,1,9,0,18,19,5,1,0,0,0,0,0,0,0,3,1,1,1,1,42,7,1149,1,15,RENAULT CLIO,1,E01010627,0,-1
2020110982400,2020,110982400,2,9,0,18,19,8,4,0,0,0,0,0,1,11,3,1,4,7,2,17,4,1461,2,1,RENAULT CLIO,9,E01020692,0,-1
2020548944620,2020,548944620,1,9,0,18,19,8,4,0,0,1,2,10,7,4,3,1,6,6,2,18,4,1149,1,15,RENAULT CLIO,7,E01032007,0,-1
2020052001536,2020,052001536,2,9,0,18,19,3,7,0,0,0,0,0,0,0,2,1,6,6,2,25,5,898,1,3,RENAULT CLIO,5,E01007173,0,-1
2020990938584,2020,990938584,1,9,0,9,9,4,2,0,0,8,0,0,0,0,1,1,5,6,1,28,6,1149,1,6,RENAULT CLIO,-1,-1,0,-1
2020420918164,2020,420918164,1,9,0,18,19,5,1,0,0,2,0,0,0,0,1,1,5,6,1,22,5,1149,1,11,RENAULT CLIO,2,E01015899,0,-1
2020070667496,2020,070667496,2,9,0,18,19,1,5,0,0,2,0,0,0,10,1,1,6,6,2,24,5,899,1,7,RENAULT CLIO,2,E01006862,0,-1
2020220939997,2020,220939997,2,9,0,3,3,6,2,0,0,0,0,0,0,0,2,1,5,6,1,38,7,1461,2,4,RENAULT CLIO,4,E01019049,0,-1
2020010266985,2020,010266985,4,9,0,18,19,3,7,0,0,0,0,0,0,0,1,1,6,6,1,19,4,1461,2,5,RENAULT CLIO,7,E01000400,0,-1
2020070060124,2020,070060124,2,9,0,18,19,5,1,0,0,0,0,0,0,0,4,1,6,6,1,29,6,1461,2,10,RENAULT CLIO,9,E01018494,0,-1
2020500957924,2020,500957924,1,9,0,18,19,1,5,0,0,8,0,0,0,0,1,1,6,6,2,84,11,1598,1,21,RENAULT CLIO,4,E01015265,0,-1
2020010245045,2020,010245045,2,9,0,9,9,1,8,0,0,5,0,0,0,0,3,1,6,6,1,40,7,898,1,4,RENAULT CLIO,7,E01023886,0,-1
2020041019806,2020,041019806,1,9,0,18,19,7,3,9,9,1,0,8,0,0,4,1,6,6,1,19,4,1149,1,11,RENAULT CLIO,-1,-1,0,-1
202031D010420,2020,31D010420,2,9,0,18,19,4,8,0,0,0,0,0,0,0,3,1,6,6,1,41,7,1998,1,17,RENAULT CLIO,9,E01028421,0,-1
2020070142756,2020,070142756,1,9,0,18,19,3,7,0,0,0,0,0,0,0,1,1,6,6,2,31,6,1149,1,11,RENAULT CLIO,7,E01018371,0,-1
2020991003502,2020,991003502,1,9,0,18,19,5,1,0,0,8,0,0,0,0,1,1,2,2,2,29,6,1461,2,4,RENAULT CLIO,7,-1,0,-1
2020170S11820,2020,170S11820,1,9,0,4,4,3,6,0,0,1,0,0,0,0,2,1,1,1,1,22,5,898,1,2,RENAULT CLIO,8,E01008370,0,-1
2020010255724,2020,010255724,2,9,0,99,99,9,9,99,99,9,9,99,9,99,9,9,6,6,3,-1,-1,1149,1,10,RENAULT CLIO,-1,-1,0,-1
2020040932695,2020,040932695,1,9,0,18,19,5,1,0,0,1,0,11,0,0,2,1,5,6,1,61,9,1149,1,12,RENAULT CLIO,7,E01024932,0,-1
2020200936480,2020,200936480,1,9,0,11,11,6,2,0,0,0,0,0,0,0,4,1,6,6,1,-1,-1,1390,1,13,RENAULT CLIO,-1,-1,0,-1
2020430342787,2020,430342787,11,9,0,18,19,7,3,0,0,0,0,0,0,0,-1,1,6,6,1,32,6,1461,2,5,RENAULT CLIO,5,E01031544,0,-1
2020052000242,2020,052000242,1,9,0,18,19,2,6,0,0,0,0,0,0,0,1,1,6,6,1,32,6,1149,1,12,RENAULT CLIO,1,E01007272,0,-1
2020990998746,2020,990998746,1,9,0,15,15,6,2,0,0,0,1,0,0,0,4,1,5,6,1,56,9,1461,2,6,RENAULT CLIO,5,-1,0,-1
2020990935469,2020,990935469,1,9,0,5,5,7,3,0,0,2,5,7,0,0,1,1,6,6,1,26,6,1390,1,13,RENAULT CLIO,2,-1,0,-1
2020010230055,2020,010230055,1,9,0,3,3,8,4,0,0,0,0,0,0,0,4,1,6,6,2,32,6,1149,1,17,RENAULT CLIO,3,E01001697,0,-1
2020070126424,2020,070126424,2,9,0,18,19,5,1,9,9,2,0,0,0,0,1,1,3,7,2,25,5,1390,1,13,RENAULT CLIO,1,E01012455,0,-1
2020221018004,2020,221018004,1,9,0,17,19,8,5,0,0,0,2,0,1,10,1,1,5,6,2,23,5,1149,1,9,RENAULT CLIO,8,E01013996,0,-1
2020500980978,2020,500980978,1,9,0,17,19,1,5,0,0,0,1,10,0,0,4,1,5,6,2,20,4,1149,1,18,RENAULT CLIO,9,E01020086,0,-1
2020320287211,2020,320287211,2,9,0,18,19,7,3,0,0,1,0,0,0,0,3,1,6,6,1,26,6,898,1,2,RENAULT CLIO,7,E01026155,0,-1
2020010260961,2020,010260961,1,9,0,18,19,3,7,0,0,2,0,0,0,0,4,1,6,6,2,44,7,1149,1,8,RENAULT CLIO,7,E01001131,0,-1
2020122001242,2020,122001242,1,9,0,18,19,1,5,0,0,0,2,0,1,3,4,1,6,6,1,30,6,1998,1,12,RENAULT CLIO,6,E01028050,0,-1
2020110993845,2020,110993845,2,9,0,18,19,7,3,0,0,0,0,0,0,0,1,1,6,6,1,45,7,1149,1,12,RENAULT CLIO,3,E01020744,0,-1
202063B016120,2020,63B016120,1,9,0,18,19,6,2,0,0,0,1,0,0,0,3,1,1,1,2,36,7,1390,1,13,RENAULT CLIO,9,W01000534,0,-1
20201375B1470,2020,1375B1470,1,9,0,18,19,5,1,0,0,1,0,0,0,0,1,1,1,1,1,58,9,1598,1,14,RENAULT CLIO,3,E01010891,0,-1
2020302001522,2020,302001522,1,9,0,18,19,2,6,0,0,0,0,0,0,0,1,1,6,6,2,29,6,1149,1,4,RENAULT CLIO,6,E01019862,0,-1
2020990955372,2020,990955372,2,9,0,5,5,5,1,0,0,1,0,0,0,0,4,1,6,6,2,34,6,1149,1,5,RENAULT CLIO,3,-1,0,-1
2020100965558,2020,100965558,1,9,0,18,19,8,4,0,0,8,0,0,0,0,1,1,6,6,1,50,8,1149,1,13,RENAULT CLIO,-1,-1,0,-1
2020010244986,2020,010244986,1,9,0,18,19,1,5,0,0,1,0,0,0,0,1,1,2,2,1,48,8,1149,1,14,RENAULT CLIO,8,E01001963,0,-1
202006A370794,2020,06A370794,2,9,0,16,19,6,1,0,0,8,0,0,0,0,3,1,6,6,1,24,5,1598,1,11,RENAULT CLIO,2,E01005890,0,-1
202006L175993,2020,06L175993,1,9,0,5,5,5,1,0,0,7,0,0,0,0,1,1,6,6,2,31,6,1461,2,5,RENAULT CLIO,6,E01006276,0,-1
2020210979049,2020,210979049,2,9,0,18,19,8,4,0,0,1,0,0,0,0,1,1,6,6,2,22,5,1149,1,9,RENAULT CLIO,3,E01010480,0,-1
20201375V0944,2020,1375V0944,2,9,0,9,9,5,3,0,0,1,0,0,7,11,3,1,1,1,1,63,9,1149,1,14,RENAULT CLIO,1,E01010943,0,-1
2020990951680,2020,990951680,1,9,0,18,19,7,3,0,0,0,0,0,0,0,3,1,6,6,1,19,4,1149,1,7,RENAULT CLIO,9,-1,0,-1
2020100936701,2020,100936701,3,9,0,7,7,1,4,0,0,4,0,0,0,0,3,1,6,6,2,19,4,1461,2,4,RENAULT CLIO,5,E01008431,0,-1
2020010265583,2020,010265583,1,9,0,9,9,3,1,0,0,2,0,0,0,0,3,1,6,6,1,35,6,1149,1,12,RENAULT CLIO,6,E01023932,0,-1
2020040931520,2020,040931520,1,9,0,12,12,1,5,0,0,0,0,0,5,6,4,1,5,6,2,36,7,1149,1,9,RENAULT CLIO,8,E01024924,0,-1
2020370965820,2020,370965820,2,9,0,2,2,0,0,0,0,0,0,11,7,11,2,1,5,6,2,24,5,1149,1,8,RENAULT CLIO,6,E01030209,0,-1
2020221005226,2020,221005226,1,9,0,17,19,7,4,0,0,0,2,0,7,9,1,1,2,2,2,21,5,1149,1,14,RENAULT CLIO,6,E01028896,0,-1
2020041000951,2020,041000951,1,9,0,9,9,1,7,0,0,8,0,0,0,0,1,1,5,6,2,39,7,1149,1,5,RENAULT CLIO,9,E01025545,0,-1
2020520004666,2020,520004666,1,9,0,18,19,4,8,0,0,0,1,0,7,3,3,1,6,6,1,22,5,1998,1,13,RENAULT CLIO,7,E01029026,0,-1
2020460975556,2020,460975556,2,9,0,18,19,3,7,0,0,1,0,0,1,0,4,1,5,6,2,21,5,1149,1,4,RENAULT CLIO,5,E01024494,0,-1
2020410977061,2020,410977061,2,9,0,18,19,7,3,0,0,8,0,0,0,0,3,1,5,6,1,46,8,1149,1,10,RENAULT CLIO,8,E01023446,0,-1
2020100963804,2020,100963804,1,9,0,6,6,1,5,0,0,8,0,0,0,0,1,1,5,6,2,46,8,1149,1,4,RENAULT CLIO,-1,-1,0,-1
2020351007908,2020,351007908,1,9,0,13,13,5,2,0,0,1,5,0,0,0,1,1,6,6,2,37,7,1461,2,6,RENAULT CLIO,10,E01027046,0,-1
2020140936028,2020,140936028,1,9,0,18,19,3,1,0,0,8,0,0,0,0,3,1,5,6,2,23,5,1149,1,16,RENAULT CLIO,1,E01007714,0,-1
2020370985335,2020,370985335,1,9,0,16,19,4,8,0,0,0,1,0,0,0,1,1,2,2,2,62,9,1149,1,16,RENAULT CLIO,3,E01030025,0,-1
202063B021120,2020,63B021120,2,9,0,18,19,5,1,0,0,0,0,0,0,0,1,1,6,6,1,24,5,1149,1,7,RENAULT CLIO,7,W01001937,0,-1
2020430227086,2020,430227086,2,9,0,3,3,2,8,0,0,0,0,0,0,0,2,1,6,6,2,22,5,1149,1,4,RENAULT CLIO,7,E01033511,0,-1
2020440352697,2020,440352697,2,9,0,5,5,5,1,0,0,8,0,0,0,0,2,1,6,6,2,46,8,1461,2,6,RENAULT CLIO,9,E01031461,0,-1
2020302000770,2020,302000770,1,9,0,1,1,8,6,0,0,0,0,0,0,0,2,1,6,6,2,23,5,1149,1,16,RENAULT CLIO,4,E01019574,0,-1
2020052000156,2020,052000156,1,9,0,18,19,8,4,0,0,2,0,0,0,0,1,1,6,6,1,19,4,1149,1,17,RENAULT CLIO,3,E01007219,0,-1
2020470997375,2020,470997375,2,9,0,7,7,5,7,0,0,8,0,0,0,0,3,1,5,6,1,37,7,1149,1,14,RENAULT CLIO,9,E01017005,0,-1
2020420924085,2020,420924085,1,9,0,18,19,1,5,0,0,8,0,0,0,0,1,1,6,6,1,19,4,1390,1,14,RENAULT CLIO,2,E01021596,0,-1
2020420967064,2020,420967064,2,9,0,18,19,3,2,0,0,1,2,0,0,0,3,1,1,1,2,56,9,1461,2,1,RENAULT CLIO,6,E01021875,0,-1
2020010280636,2020,010280636,1,9,0,18,19,3,7,0,0,5,2,0,4,4,1,1,6,6,1,24,5,1149,1,13,RENAULT CLIO,2,E01000930,0,-1
2020302001181,2020,302001181,1,9,0,18,19,7,3,0,0,8,0,0,0,0,1,1,6,6,2,23,5,899,1,5,RENAULT CLIO,7,E01013558,0,-1
2020010258522,2020,010258522,1,9,0,4,4,5,1,0,0,0,0,0,0,0,2,1,2,2,2,25,5,1149,1,12,RENAULT CLIO,3,E01003586,0,-1
2020140992639,2020,140992639,1,9,0,5,5,8,4,0,0,4,0,0,0,0,2,1,5,6,2,38,7,1461,2,5,RENAULT CLIO,5,E01008034,0,-1
2020040919102,2020,040919102,1,9,0,18,19,5,1,0,0,2,0,0,0,0,1,1,5,6,2,39,7,1461,2,2,RENAULT CLIO,3,E01025063,0,-1
2020211030118,2020,211030118,2,9,0,18,19,1,5,0,0,1,0,0,0,0,1,1,6,6,2,41,7,1461,2,11,RENAULT CLIO,1,E01010288,0,-1
2020010269000,2020,010269000,1,9,0,9,9,8,5,0,0,6,0,0,0,0,1,1,2,2,1,65,9,1149,1,14,RENAULT CLIO,2,E01001862,0,-1
2020200994176,2020,200994176,2,9,0,17,19,8,3,0,0,1,0,0,0,0,4,1,2,2,2,35,6,1149,1,9,RENAULT CLIO,2,E01009348,0,-1
2020360943437,2020,360943437,1,9,0,18,19,3,7,0,0,0,0,0,0,0,1,1,3,7,2,44,7,1461,2,9,RENAULT CLIO,4,E01026706,0,-1
2020010261961,2020,010261961,2,9,0,99,99,9,9,99,99,9,9,99,9,99,9,9,6,6,1,68,10,1149,1,11,RENAULT CLIO,4,E01004002,0,-1
2020500998665,2020,500998665,1,9,0,17,19,1,5,0,0,0,1,0,0,0,1,1,2,2,2,30,6,1149,1,18,RENAULT CLIO,6,E01020304,0,-1
2020230956166,2020,230956166,1,9,0,7,7,3,5,0,0,3,2,0,1,1,1,1,5,6,2,19,4,1149,1,16,RENAULT CLIO,10,E01031101,0,-1
2020010271890,2020,010271890,1,9,0,18,19,3,7,99,99,9,9,99,9,99,2,1,6,6,1,30,6,1149,1,8,RENAULT CLIO,3,E01000046,0,-1
2020201021076,2020,201021076,1,9,0,18,19,-1,-1,0,0,8,0,0,0,0,1,1,6,6,1,-1,-1,1149,1,9,RENAULT CLIO,-1,-1,0,-1
2020360989169,2020,360989169,2,9,0,5,5,3,5,0,0,0,0,0,0,0,1,1,2,2,1,51,8,1149,1,12,RENAULT CLIO,2,E01033040,0,-1
2020350964643,2020,350964643,1,9,0,18,19,1,5,0,0,0,0,0,0,0,1,1,5,6,1,72,10,1461,2,8,RENAULT CLIO,9,E01018211,0,-1
2020320570257,2020,320570257,2,9,0,18,19,8,4,0,0,0,5,0,7,4,1,1,6,6,1,48,8,1149,1,8,RENAULT CLIO,6,E01028273,0,-1
2020990951324,2020,990951324,1,9,0,5,5,3,4,0,0,2,0,0,0,0,1,1,2,2,2,19,4,1149,1,11,RENAULT CLIO,4,-1,0,-1
2020420964050,2020,420964050,2,9,0,4,4,2,6,0,0,0,0,0,0,0,2,1,5,6,2,28,6,899,1,6,RENAULT CLIO,-1,-1,0,-1
2020010265790,2020,010265790,2,9,0,99,99,9,9,99,99,9,9,99,9,99,1,9,6,6,3,-1,-1,1149,1,19,RENAULT CLIO,5,E01003279,0,-1
2020140923415,2020,140923415,1,9,0,18,19,2,6,0,0,0,5,0,1,11,1,1,6,6,1,36,7,1149,1,9,RENAULT CLIO,8,E01011188,0,-1
2020101007298,2020,101007298,3,9,0,18,19,1,5,0,0,0,1,11,0,0,2,1,6,6,1,27,6,1461,2,1,RENAULT CLIO,4,E01020614,0,-1
2020430042319,2020,430042319,2,9,0,18,19,6,2,0,0,8,0,0,0,0,3,1,6,6,1,41,7,1149,1,14,RENAULT CLIO,6,E01016832,0,-1
2020052002640,2020,052002640,2,9,0,3,3,7,3,0,0,3,0,0,0,0,2,1,6,6,1,35,6,1461,2,7,RENAULT CLIO,1,E01005513,0,-1
2020470998718,2020,470998718,1,9,0,9,9,6,4,0,0,1,0,0,0,0,1,1,5,6,2,42,7,1461,2,16,RENAULT CLIO,7,E01031701,0,-1
2020420934605,2020,420934605,2,9,0,17,19,6,2,0,0,0,0,0,7,0,0,1,2,2,2,35,6,1149,1,14,RENAULT CLIO,5,E01022021,0,-1
2020471004120,2020,471004120,2,9,0,4,4,8,2,0,0,4,0,0,0,0,2,1,6,6,2,24,5,1149,1,18,RENAULT CLIO,5,E01031442,0,-1
20201376F0816,2020,1376F0816,1,9,0,9,9,5,3,0,0,1,0,0,0,0,4,1,6,6,2,54,8,898,1,1,RENAULT CLIO,4,E01011839,0,-1
2020420954900,2020,420954900,1,9,0,16,19,4,5,0,0,1,2,0,0,0,4,1,5,6,1,22,5,1330,1,1,RENAULT CLIO,7,E01021407,0,-1
2020990927221,2020,990927221,1,9,0,9,9,4,1,0,0,2,0,0,0,0,1,1,6,6,1,20,4,899,1,6,RENAULT CLIO,3,-1,0,-1
2020040981632,2020,040981632,1,9,0,18,19,1,5,0,0,0,0,4,0,0,1,1,6,6,1,25,5,1149,1,2,RENAULT CLIO,1,E01005611,0,-1
2020010259683,2020,010259683,3,9,0,2,2,0,0,0,0,0,0,4,0,0,3,1,6,6,3,-1,-1,1149,1,3,RENAULT CLIO,-1,-1,0,-1
202006M177845,2020,06M177845,1,9,0,18,19,2,6,0,0,8,0,0,0,0,1,1,6,6,3,-1,-1,898,1,2,RENAULT CLIO,-1,-1,0,-1
2020360942788,2020,360942788,1,9,0,17,19,1,5,0,0,0,0,0,0,0,1,1,6,6,1,-1,-1,1390,1,17,RENAULT CLIO,-1,-1,0,-1
2020470978313,2020,470978313,2,9,0,18,19,7,3,0,0,1,0,0,7,0,1,1,5,6,2,31,6,1149,1,12,RENAULT CLIO,1,E01020993,0,-1
2020430144867,2020,430144867,1,9,0,18,19,1,5,0,0,0,2,0,6,0,1,1,6,6,2,48,8,1390,1,15,RENAULT CLIO,10,E01023278,0,-1
2020460929014,2020,460929014,1,9,0,4,4,8,4,0,0,1,0,0,0,0,1,1,6,6,1,70,10,898,1,1,RENAULT CLIO,9,E01024265,0,-1
2020340K03142,2020,340K03142,2,9,0,3,3,3,7,0,0,0,0,0,0,0,2,1,6,6,2,32,6,899,1,5,RENAULT CLIO,3,E01027104,0,-1
2020360929122,2020,360929122,1,9,0,18,19,1,5,0,0,0,0,0,0,0,1,1,5,6,2,44,7,1149,1,5,RENAULT CLIO,5,E01026681,0,-1
2020440299374,2020,440299374,1,9,0,18,19,5,1,0,0,1,5,7,1,1,1,1,6,6,2,18,4,1149,1,10,RENAULT CLIO,8,E01022754,0,-1
2020547483720,2020,547483720,1,9,0,5,5,8,4,0,0,0,0,0,1,10,1,1,6,6,1,24,5,1149,1,15,RENAULT CLIO,6,E01032691,0,-1
2020430338953,2020,430338953,1,9,0,18,19,6,2,0,0,0,0,0,0,0,1,1,6,6,2,20,4,1149,1,15,RENAULT CLIO,-1,-1,0,-1
2020040986625,2020,040986625,1,9,0,7,7,5,1,9,9,3,0,0,1,2,1,1,5,6,2,18,4,1149,1,10,RENAULT CLIO,9,E01025451,0,-1
2020440485483,2020,440485483,1,9,0,9,9,1,7,0,0,8,0,0,0,0,1,1,6,6,1,17,4,1149,1,12,RENAULT CLIO,10,E01022772,0,-1
2020522002711,2020,522002711,1,9,0,3,3,3,7,0,0,1,0,0,0,0,2,1,6,6,2,55,8,1390,1,17,RENAULT CLIO,9,E01014943,0,-1
2020070760323,2020,070760323,2,9,0,18,19,2,6,0,0,6,0,0,0,0,2,1,6,6,2,56,9,1149,1,7,RENAULT CLIO,4,E01018613,0,-1
2020990958068,2020,990958068,1,9,0,17,19,6,2,0,0,0,0,0,0,0,1,1,2,2,2,19,4,1149,1,12,RENAULT CLIO,6,-1,0,-1
2020990956732,2020,990956732,1,9,0,18,19,8,3,0,0,0,0,0,0,0,1,1,2,2,2,35,6,1149,1,10,RENAULT CLIO,4,-1,0,-1
2020990931375,2020,990931375,1,9,0,18,19,8,3,0,0,2,5,0,7,4,1,1,2,2,1,54,8,1461,2,16,RENAULT CLIO,10,-1,0,-1
20201378H0587,2020,1378H0587,2,9,0,9,9,6,4,0,0,1,0,0,0,0,3,1,6,6,2,67,10,899,1,6,RENAULT CLIO,6,E01011248,0,-1
2020170M10340,2020,170M10340,1,9,0,18,19,6,2,0,0,8,0,0,0,0,1,1,6,6,2,17,4,1149,1,5,RENAULT CLIO,-1,-1,0,-1
2020460979496,2020,460979496,2,9,0,18,19,1,5,0,0,1,0,0,0,0,4,1,5,6,2,50,8,898,1,5,RENAULT CLIO,4,E01024771,0,-1
2020990962098,2020,990962098,1,9,0,18,19,1,7,9,9,0,0,0,0,0,1,1,5,6,1,37,7,1461,2,2,RENAULT CLIO,2,-1,0,-1
2020450968583,2020,450968583,2,9,0,18,19,1,5,0,0,0,0,0,0,0,1,1,6,6,1,33,6,1149,1,12,RENAULT CLIO,7,E01003820,0,-1
2020450987173,2020,450987173,1,9,0,17,19,7,3,0,0,1,1,0,0,0,4,1,3,7,1,19,4,1149,1,17,RENAULT CLIO,4,E01030496,0,-1
2020410976379,2020,410976379,1,9,0,9,9,1,7,0,0,8,0,0,0,0,0,1,6,6,2,30,6,1149,1,17,RENAULT CLIO,4,E01021853,0,-1
2020320544659,2020,320544659,1,9,0,12,12,7,5,0,0,2,0,0,0,0,1,1,6,6,1,22,5,1461,2,14,RENAULT CLIO,3,E01026036,0,-1
202054A424920,2020,54A424920,2,9,0,9,9,7,3,0,0,1,0,0,0,0,3,1,2,2,2,46,8,1461,2,6,RENAULT CLIO,8,E01015562,0,-1
2020520004714,2020,520004714,1,9,0,18,19,6,2,0,0,0,2,0,1,0,0,1,6,6,2,19,4,1149,1,13,RENAULT CLIO,3,E01029036,0,-1
2020460951426,2020,460951426,2,9,0,18,19,5,1,0,0,0,0,0,0,0,3,1,6,6,1,44,7,899,1,6,RENAULT CLIO,3,E01024713,0,-1
202031C159120,2020,31C159120,2,9,0,18,19,1,5,0,0,4,0,0,0,0,3,1,6,6,1,31,6,1390,1,15,RENAULT CLIO,2,E01013842,0,-1
2020210983386,2020,210983386,1,9,0,18,19,7,3,0,0,0,0,0,0,0,1,1,6,6,1,24,5,1149,1,3,RENAULT CLIO,7,E01029833,0,-1
2020450952978,2020,450952978,1,9,0,18,19,1,5,0,0,0,0,0,0,0,1,1,5,6,2,20,4,1199,1,17,RENAULT CLIO,10,E01030447,0,-1
2020500975241,2020,500975241,2,9,0,4,4,3,7,0,0,0,0,0,0,0,2,1,4,7,1,17,4,1461,2,7,RENAULT CLIO,2,E01018771,0,-1
2020500955007,2020,500955007,1,9,0,18,19,1,5,0,0,0,1,0,0,0,1,1,5,6,1,19,4,1149,1,15,RENAULT CLIO,7,E01018901,0,-1