collision_index,collision_year,collision_ref_no,vehicle_reference,vehicle_type,towing_and_articulation,vehicle_manoeuvre_historic,vehicle_manoeuvre,vehicle_direction_from,vehicle_direction_to,vehicle_location_restricted_lane_historic,vehicle_location_restricted_lane,junction_location,skidding_and_overturning,hit_object_in_carriageway,vehicle_leaving_carriageway,hit_object_off_carriageway,first_point_of_impact,vehicle_left_hand_drive,journey_purpose_of_driver_historic,journey_purpose_of_driver,sex_of_driver,age_of_driver,age_band_of_driver,engine_capacity_cc,propulsion_code,age_of_vehicle,generic_make_model,driver_imd_decile,lsoa_of_driver,escooter_flag,driver_distance_banding
2020410946299,2020,410946299,1,9,0,18,19,-1,-1,0,0,4,0,0,0,0,1,1,6,6,1,-1,-1,1149,1,22,RENAULT CLIO,-1,-1,0,-1
2020470972621,2020,470972621,1,9,0,18,19,3,7,0,0,0,0,0,0,0,3,1,2,2,1,68,10,1598,1,21,RENAULT CLIO,1,E01031454,0,-1
2020010236359,2020,010236359,3,9,0,7,7,2,5,0,0,1,0,0,0,0,2,1,6,6,1,75,10,1390,1,20,RENAULT CLIO,-1,-1,0,-1
2020320664572,2020,320664572,1,9,0,18,19,6,2,0,0,1,0,0,7,0,1,1,6,6,1,32,6,1461,2,13,RENAULT CLIO,2,E01026006,0,-1
2020501004885,2020,501004885,1,9,0,9,9,5,7,0,0,8,0,0,0,0,1,1,6,6,2,78,11,1461,2,16,RENAULT CLIO,6,E01019938,0,-1
2020522002781,2020,522002781,2,9,0,18,19,4,8,0,0,8,0,0,0,0,4,1,6,6,1,23,5,1149,1,8,RENAULT CLIO,7,E01014535,0,-1
2020140967800,2020,140967800,1,9,0,18,19,3,7,0,0,0,0,0,0,0,2,1,6,6,1,22,5,1149,1,13,RENAULT CLIO,-1,-1,0,-1
2020200957588,2020,200957588,2,9,0,18,19,5,1,0,0,0,0,0,0,0,2,1,2,2,1,26,6,1461,2,5,RENAULT CLIO,1,E01010037,0,-1
2020052002490,2020,052002490,1,9,0,12,12,7,3,0,0,1,1,0,0,0,1,1,6,6,1,30,6,1149,1,8,RENAULT CLIO,4,E01006641,0,-1
2020030997860,2020,030997860,1,9,0,2,2,0,0,0,0,0,0,0,0,0,0,1,5,6,2,91,11,1390,1,14,RENAULT CLIO,6,E01019133,0,-1
2020052001611,2020,052001611,1,9,0,18,19,1,5,0,0,4,0,0,0,0,1,1,6,6,2,17,4,1149,1,6,RENAULT CLIO,8,E01012551,0,-1
2020220985603,2020,220985603,1,9,0,18,19,6,2,0,0,0,0,0,0,0,1,1,6,6,1,34,6,1149,1,8,RENAULT CLIO,2,E01028967,0,-1
2020500983096,2020,500983096,1,9,0,9,9,6,2,0,0,0,0,0,0,0,1,1,6,6,2,59,9,1149,1,9,RENAULT CLIO,6,E01015254,0,-1
2020411005046,2020,411005046,1,9,0,18,19,1,5,0,0,0,1,0,0,0,1,1,6,6,2,32,6,1149,1,14,RENAULT CLIO,10,E01023498,0,-1
2020040982181,2020,040982181,1,9,0,5,5,6,2,9,9,0,0,0,0,0,3,1,6,6,2,36,7,1149,1,11,RENAULT CLIO,2,E01012625,0,-1
2020990965502,2020,990965502,1,9,0,18,19,7,3,0,0,2,0,0,0,0,1,1,5,6,2,24,5,1461,2,11,RENAULT CLIO,5,-1,0,-1
2020052001053,2020,052001053,2,9,0,3,3,4,8,0,0,0,0,0,0,0,2,1,6,6,2,37,7,899,1,5,RENAULT CLIO,3,E01006719,0,-1
2020221003510,2020,221003510,1,9,0,13,13,2,6,0,0,1,1,0,2,1,3,1,5,6,1,18,4,1149,1,15,RENAULT CLIO,7,E01009070,0,-1
2020990942740,2020,990942740,1,9,0,9,9,5,2,0,0,5,0,0,0,0,4,1,6,6,2,44,7,898,1,1,RENAULT CLIO,10,-1,0,-1
2020430291621,2020,430291621,1,9,0,18,19,5,1,0,0,0,1,0,7,4,3,1,6,6,1,37,7,1149,1,15,RENAULT CLIO,8,E01025792,0,-1
202006G176657,2020,06G176657,3,9,0,2,2,0,0,0,0,0,0,0,0,0,3,1,6,6,2,27,6,1149,1,5,RENAULT CLIO,-1,-1,0,-1
2020200970167,2020,200970167,2,9,0,18,19,4,8,0,0,8,0,0,0,0,1,1,6,6,1,41,7,1461,2,5,RENAULT CLIO,3,E01009922,0,-1
2020430317260,2020,430317260,1,9,0,9,9,5,2,0,0,4,0,0,0,0,1,1,6,6,1,31,6,1461,2,15,RENAULT CLIO,10,E01017831,0,-1
2020201014959,2020,201014959,1,9,0,4,4,4,8,0,0,0,0,0,0,0,2,1,6,6,2,25,5,898,1,1,RENAULT CLIO,3,E01009606,0,-1
2020460959710,2020,460959710,2,9,0,18,19,5,1,0,0,0,2,0,1,4,1,1,2,2,1,26,6,1149,1,9,RENAULT CLIO,9,E01024175,0,-1
2020500967726,2020,500967726,2,9,0,18,19,2,6,0,0,8,0,0,0,0,1,1,5,6,1,37,7,1461,2,10,RENAULT CLIO,4,E01015178,0,-1
2020610021520,2020,610021520,1,9,0,18,19,5,1,0,0,0,0,0,0,0,4,1,6,6,1,31,6,1149,1,11,RENAULT CLIO,1,W01001479,0,-1
2020200933981,2020,200933981,1,9,0,18,19,7,3,0,0,1,0,4,0,0,1,1,6,6,1,24,5,1149,1,10,RENAULT CLIO,5,E01009647,0,-1
20201371V1044,2020,1371V1044,4,9,0,4,4,3,7,0,0,0,0,0,0,0,2,1,6,6,1,19,4,1390,1,14,RENAULT CLIO,10,E01018384,0,-1
2020991007959,2020,991007959,1,9,0,2,2,5,2,0,0,0,0,0,0,0,1,1,5,6,1,44,7,1149,1,12,RENAULT CLIO,1,-1,0,-1
2020010264741,2020,010264741,2,9,9,99,99,9,9,99,99,0,9,99,9,99,9,9,6,6,3,-1,-1,1149,1,17,RENAULT CLIO,-1,-1,0,-1
2020100959581,2020,100959581,1,9,0,18,19,8,4,0,0,8,0,0,0,0,1,1,6,6,1,73,10,1149,1,20,RENAULT CLIO,3,E01008748,0,-1
2020350978667,2020,350978667,1,9,0,9,9,7,3,0,0,0,0,0,0,0,3,1,5,6,2,40,7,1461,2,6,RENAULT CLIO,10,E01033428,0,-1
2020220948373,2020,220948373,2,9,0,18,19,4,8,0,0,8,0,0,0,0,1,1,1,1,1,17,4,1149,1,8,RENAULT CLIO,8,E01009736,0,-1
2020991008572,2020,991008572,1,9,0,18,19,7,3,0,0,0,0,0,1,0,1,1,2,2,2,67,10,1461,2,12,RENAULT CLIO,6,-1,0,-1
2020220989165,2020,220989165,1,9,0,16,19,3,7,0,0,0,2,0,2,10,1,1,2,2,2,21,5,1461,2,10,RENAULT CLIO,6,E01014133,0,-1
2020370995992,2020,370995992,2,9,0,10,10,1,7,0,0,0,0,0,0,0,2,1,5,6,2,18,4,1149,1,12,RENAULT CLIO,6,E01030099,0,-1
2020530972584,2020,530972584,1,9,0,3,3,5,1,0,0,0,0,0,0,0,1,1,2,2,1,60,9,1149,1,21,RENAULT CLIO,5,E01032181,0,-1
2020430360860,2020,430360860,2,9,0,18,19,1,5,0,0,1,0,0,0,0,1,1,6,6,2,30,6,1998,1,15,RENAULT CLIO,-1,-1,0,-1
2020991000096,2020,991000096,1,9,0,18,19,4,8,0,0,0,0,11,0,0,1,1,5,6,2,21,5,899,1,7,RENAULT CLIO,6,-1,0,-1
2020460993402,2020,460993402,3,9,0,3,3,8,4,0,0,0,0,0,0,0,2,1,6,6,1,55,8,1998,1,13,RENAULT CLIO,10,E01024461,0,-1
2020122001043,2020,122001043,1,9,0,18,19,8,4,0,0,1,0,0,0,0,1,1,6,6,2,30,6,1149,1,9,RENAULT CLIO,6,E01017622,0,-1
2020500954347,2020,500954347,1,9,0,4,4,5,1,0,0,1,0,0,0,0,1,1,6,6,2,78,11,1390,1,17,RENAULT CLIO,6,E01019058,0,-1
2020200991494,2020,200991494,2,9,0,3,3,7,3,0,0,1,0,0,0,0,3,1,6,6,2,36,7,1461,2,7,RENAULT CLIO,1,E01031043,0,-1
2020552001176,2020,552001176,4,9,0,18,19,1,5,0,0,0,0,0,0,0,1,1,2,2,2,21,5,1461,2,14,RENAULT CLIO,6,E01015355,0,-1
2020360945500,2020,360945500,2,9,0,3,3,4,8,0,0,0,0,0,0,0,2,1,2,2,2,65,9,899,1,6,RENAULT CLIO,4,E01026444,0,-1
2020421010103,2020,421010103,1,9,0,18,19,3,8,0,0,8,1,0,1,4,3,1,5,6,2,20,4,1149,1,10,RENAULT CLIO,5,E01021522,0,-1
2020200997315,2020,200997315,2,9,0,3,3,2,6,0,0,0,0,0,0,0,2,1,1,1,1,25,5,1149,1,14,RENAULT CLIO,1,E01009107,0,-1
2020320452286,2020,320452286,1,9,0,18,19,5,1,0,0,1,0,0,7,0,1,1,6,6,1,19,4,1149,1,17,RENAULT CLIO,3,E01026025,0,-1
202063B068020,2020,63B068020,1,9,0,17,19,1,6,0,0,0,0,0,0,0,1,1,2,2,2,20,4,1461,2,16,RENAULT CLIO,6,W01000558,0,-1
2020450931738,2020,450931738,1,9,0,18,19,4,4,0,0,0,0,0,0,0,1,1,2,2,2,20,4,1149,1,12,RENAULT CLIO,6,E01001034,0,-1
2020622000191,2020,622000191,1,9,0,18,19,2,6,0,0,0,5,4,0,0,1,1,4,7,1,17,4,1461,2,12,RENAULT CLIO,10,W01001730,0,-1
2020522003279,2020,522003279,1,9,0,18,19,1,5,0,0,0,0,0,0,0,1,1,6,6,2,23,5,1390,1,14,RENAULT CLIO,-1,-1,0,-1
2020340K01772,2020,340K01772,2,9,0,4,4,8,4,0,0,0,0,0,0,0,2,1,1,1,2,55,8,1197,1,3,RENAULT CLIO,6,E01027085,0,-1
2020200931201,2020,200931201,1,9,0,13,13,4,8,0,0,0,5,10,1,10,1,1,6,6,3,-1,-1,1149,1,16,RENAULT CLIO,-1,-1,0,-1
2020460966092,2020,460966092,1,9,0,17,19,1,5,0,0,0,0,0,0,0,1,1,6,6,1,32,6,1461,2,3,RENAULT CLIO,6,E01024250,0,-1
2020430071568,2020,430071568,1,9,0,9,9,3,1,0,0,5,0,0,0,0,1,1,6,6,3,-1,-1,1149,1,8,RENAULT CLIO,-1,-1,0,-1
2020622000687,2020,622000687,2,9,0,2,2,0,0,0,0,0,0,0,0,0,2,1,6,6,2,37,7,1149,1,15,RENAULT CLIO,2,W01001810,0,-1
2020350931203,2020,350931203,2,9,0,10,10,3,1,0,0,1,0,0,0,0,4,1,5,6,2,29,6,898,1,1,RENAULT CLIO,9,E01018201,0,-1
2020471006210,2020,471006210,2,9,0,18,19,2,6,0,0,1,0,0,0,0,3,1,5,6,1,47,8,1149,1,16,RENAULT CLIO,4,E01020916,0,-1
2020010264187,2020,010264187,1,9,0,5,5,1,5,0,0,4,0,0,0,0,1,1,1,1,1,51,8,1149,1,7,RENAULT CLIO,3,E01004064,0,-1
2020450936852,2020,450936852,1,9,0,3,3,1,5,0,0,1,0,0,0,0,2,1,5,6,1,19,4,1149,1,14,RENAULT CLIO,5,E01030640,0,-1
2020420979987,2020,420979987,2,9,0,18,19,3,7,0,0,0,0,0,0,0,2,1,5,6,2,41,7,1149,1,4,RENAULT CLIO,6,E01021343,0,-1
2020220997156,2020,220997156,1,9,0,7,7,2,5,0,0,6,0,0,0,0,1,1,5,6,2,55,8,1149,1,8,RENAULT CLIO,7,E01014007,0,-1
2020990969782,2020,990969782,2,9,0,16,19,8,4,0,0,0,1,0,0,0,3,1,5,6,2,32,6,1149,1,8,RENAULT CLIO,2,-1,0,-1
2020070267903,2020,070267903,1,9,0,18,19,7,3,0,0,0,1,0,0,0,1,1,6,6,1,22,5,1149,1,18,RENAULT CLIO,-1,-1,0,-1
2020400938048,2020,400938048,1,9,0,18,19,1,5,0,0,1,0,0,0,0,1,1,6,6,2,69,10,1149,1,13,RENAULT CLIO,9,E01017428,0,-1
2020221005792,2020,221005792,2,9,0,18,19,5,1,0,0,4,0,0,0,0,1,1,6,6,1,27,6,1149,1,11,RENAULT CLIO,3,E01032437,0,-1
2020500993842,2020,500993842,2,9,0,18,19,5,1,0,0,1,0,0,0,0,1,1,2,2,1,36,7,1149,1,18,RENAULT CLIO,4,E01018941,0,-1
2020010257406,2020,010257406,2,9,0,15,15,2,6,0,0,0,0,0,0,0,2,1,6,6,2,31,6,1149,1,12,RENAULT CLIO,3,E01000736,0,-1
2020110937992,2020,110937992,1,9,0,4,4,5,1,0,0,0,1,0,0,0,1,1,6,6,2,30,6,1390,1,14,RENAULT CLIO,5,E01033556,0,-1
2020461000688,2020,461000688,2,9,0,18,19,8,5,0,0,1,0,0,0,0,1,1,6,6,2,26,6,898,1,3,RENAULT CLIO,8,E01024407,0,-1
2020070673753,2020,070673753,1,9,0,13,13,5,1,9,9,2,0,0,0,0,1,1,2,2,1,23,5,1149,1,17,RENAULT CLIO,6,E01018595,0,-1
2020420996826,2020,420996826,1,9,0,18,19,5,1,0,0,0,0,0,1,0,1,1,5,6,1,23,5,1149,1,13,RENAULT CLIO,3,E01015962,0,-1
2020610046220,2020,610046220,1,9,0,18,19,2,6,0,0,0,5,0,0,9,1,1,6,6,1,17,4,1149,1,13,RENAULT CLIO,5,W01001478,0,-1
2020010245574,2020,010245574,1,9,0,5,5,1,5,0,0,1,0,0,0,0,1,1,6,6,1,22,5,1149,1,19,RENAULT CLIO,1,E01001811,0,-1
2020430400898,2020,430400898,1,9,0,18,19,1,5,0,0,8,0,0,0,0,4,1,6,6,1,18,4,1149,1,19,RENAULT CLIO,1,E01016441,0,-1
2020010275827,2020,010275827,1,9,0,18,19,7,3,9,9,1,1,0,7,10,1,1,6,6,1,42,7,898,1,2,RENAULT CLIO,2,E01002227,0,-1
2020040988874,2020,040988874,2,9,0,4,4,3,7,0,0,0,0,0,0,0,2,1,5,6,2,18,4,1149,1,6,RENAULT CLIO,7,E01012717,0,-1
2020010269398,2020,010269398,2,9,0,99,99,9,9,99,99,9,9,99,9,99,1,9,6,6,3,-1,-1,1149,1,10,RENAULT CLIO,-1,-1,0,-1
2020500962638,2020,500962638,1,9,0,8,8,5,1,0,0,1,0,0,0,0,1,1,1,1,2,21,5,1461,2,8,RENAULT CLIO,1,E01015083,0,-1
2020010249857,2020,010249857,1,9,0,18,19,3,7,0,0,8,1,0,1,0,3,1,6,6,1,19,4,1149,1,13,RENAULT CLIO,4,E01001285,0,-1
2020220974130,2020,220974130,1,9,0,17,19,2,7,0,0,0,2,10,1,2,4,1,2,2,1,19,4,2000,1,16,RENAULT CLIO,4,E01032418,0,-1
2020540280420,2020,540280420,1,9,0,18,19,2,6,0,0,6,1,0,0,0,1,1,6,6,1,20,4,899,1,6,RENAULT CLIO,4,E01032008,0,-1
2020470961350,2020,470961350,2,9,0,18,19,6,1,0,0,8,0,0,0,0,4,1,5,6,2,19,4,1149,1,17,RENAULT CLIO,5,E01004689,0,-1
2020460998489,2020,460998489,1,9,0,18,19,3,7,0,0,0,0,0,0,0,1,1,6,6,1,27,6,1149,1,16,RENAULT CLIO,1,E01024682,0,-1
2020411001125,2020,411001125,1,9,0,3,3,5,1,0,0,1,0,4,0,0,1,1,2,2,1,36,7,1390,1,13,RENAULT CLIO,5,E01023358,0,-1
2020460985662,2020,460985662,2,9,0,9,9,5,3,0,0,1,0,0,0,0,1,1,5,6,1,20,4,1149,1,14,RENAULT CLIO,3,E01024529,0,-1
2020990954895,2020,990954895,1,9,0,18,19,8,5,0,0,2,0,0,0,0,1,1,6,6,2,63,9,898,1,1,RENAULT CLIO,3,-1,0,-1
2020470976010,2020,470976010,3,9,0,18,19,7,3,0,0,0,0,0,0,0,3,1,2,2,1,41,7,1461,2,14,RENAULT CLIO,7,E01021160,0,-1
2020040994416,2020,040994416,2,9,0,18,19,1,5,0,0,8,0,0,0,0,1,1,5,6,2,41,7,1461,2,6,RENAULT CLIO,1,E01025583,0,-1
2020040947925,2020,040947925,2,9,0,9,9,3,1,0,0,1,0,0,0,0,1,1,5,6,2,56,9,1390,1,17,RENAULT CLIO,8,E01024924,0,-1
2020410931324,2020,410931324,2,9,0,12,12,5,1,0,0,0,1,0,1,0,3,1,5,6,2,40,7,1149,1,13,RENAULT CLIO,2,E01001875,0,-1
2020500954564,2020,500954564,3,9,0,2,2,0,0,0,0,0,0,4,0,0,1,1,5,6,2,53,8,1149,1,16,RENAULT CLIO,6,E01020202,0,-1
2020200994483,2020,200994483,3,9,0,2,2,0,0,0,0,1,0,0,0,0,3,1,6,6,3,-1,-1,1149,1,6,RENAULT CLIO,-1,-1,0,-1
2020520100444,2020,520100444,1,9,0,18,19,8,4,0,0,0,1,4,1,0,1,1,6,6,2,20,4,1461,2,8,RENAULT CLIO,1,E01029247,0,-1
2020010249899,2020,010249899,1,9,0,7,7,3,5,0,0,3,0,0,0,0,4,1,6,6,2,60,9,1598,1,14,RENAULT CLIO,7,E01003675,0,-1
2020302001028,2020,302001028,3,9,0,16,19,6,2,0,0,0,0,0,0,0,1,1,6,6,1,19,4,1149,1,10,RENAULT CLIO,-1,-1,0,-1
2020110938903,2020,110938903,2,9,0,3,3,2,1,0,0,1,0,0,0,0,2,1,5,6,2,52,8,1149,1,13,RENAULT CLIO,7,E01020684,0,-1
2020010270272,2020,010270272,1,9,0,15,15,8,4,0,0,0,0,0,7,0,3,1,6,6,2,50,8,1149,1,9,RENAULT CLIO,10,E01030831,0,-1
2020137CR1446,2020,137CR1446,1,9,0,18,19,1,5,0,0,8,0,0,0,1,1,1,6,6,1,54,8,1149,1,16,RENAULT CLIO,3,E01011330,0,-1
2020010273771,2020,010273771,2,9,0,99,99,9,9,99,99,9,9,99,9,99,9,9,6,6,2,21,5,1149,1,12,RENAULT CLIO,6,E01001570,0,-1
2020010228996,2020,010228996,3,9,0,3,3,5,1,0,0,1,0,0,0,0,3,1,2,2,1,23,5,1598,1,13,RENAULT CLIO,2,E01031348,0,-1
2020500988912,2020,500988912,2,9,0,18,19,1,5,0,0,1,0,0,0,0,3,1,1,1,2,19,4,1461,2,13,RENAULT CLIO,7,E01018879,0,-1
2020010231507,2020,010231507,1,9,0,99,99,9,9,99,99,9,9,99,9,99,9,9,6,6,2,32,6,1149,1,14,RENAULT CLIO,7,E01015822,0,-1
2020137A41535,2020,137A41535,1,9,0,5,5,7,3,0,0,0,0,0,0,0,1,1,6,6,2,18,4,1149,1,10,RENAULT CLIO,1,E01010925,0,-1
2020010265036,2020,010265036,1,9,0,2,2,0,0,0,0,0,0,0,0,0,3,1,6,6,3,-1,-1,1598,1,16,RENAULT CLIO,-1,-1,0,-1
202006XM78545,2020,06XM78545,2,9,0,18,19,8,4,0,0,0,1,0,0,0,1,1,6,6,2,30,6,1149,1,6,RENAULT CLIO,-1,-1,0,-1
2020010232211,2020,010232211,1,9,0,9,9,3,1,0,0,5,0,0,0,0,4,1,2,2,2,28,6,1461,2,4,RENAULT CLIO,6,E01023943,0,-1
2020351006826,2020,351006826,2,9,0,18,19,8,4,0,0,8,0,0,0,0,1,1,5,6,1,26,6,1149,1,17,RENAULT CLIO,7,E01018057,0,-1
202006G278569,2020,06G278569,1,9,0,9,9,1,7,0,0,8,0,0,0,0,1,1,1,1,1,48,8,1390,1,14,RENAULT CLIO,1,E01006031,0,-1
2020552000971,2020,552000971,1,9,0,16,19,5,1,0,0,1,0,7,0,0,1,1,6,6,1,29,6,1149,1,19,RENAULT CLIO,1,E01015313,0,-1
2020100996399,2020,100996399,2,9,0,9,9,3,8,0,0,1,0,0,0,0,2,1,5,6,2,39,7,898,1,2,RENAULT CLIO,2,E01008755,0,-1
202006M171832,2020,06M171832,1,9,0,9,9,5,3,0,0,6,0,0,0,0,3,1,6,6,2,61,9,1149,1,17,RENAULT CLIO,8,E01006119,0,-1
2020220924515,2020,220924515,1,9,0,18,19,6,2,0,0,0,5,0,5,6,3,1,2,2,1,22,5,898,1,4,RENAULT CLIO,2,E01009833,0,-1
20201377R0716,2020,1377R0716,2,9,0,18,19,3,7,0,0,0,0,0,0,0,0,1,6,6,1,19,4,1461,2,1,RENAULT CLIO,10,E01011549,0,-1
202063D044020,2020,63D044020,1,9,0,18,19,4,2,9,9,0,0,0,7,10,1,1,6,6,1,25,5,1149,1,3,RENAULT CLIO,6,W01000496,0,-1
2020302001493,2020,302001493,1,9,0,18,19,2,6,0,0,0,0,0,1,10,1,1,6,6,1,18,4,1149,1,13,RENAULT CLIO,6,E01008006,0,-1
2020122000715,2020,122000715,2,9,0,18,19,5,1,0,0,1,0,0,0,0,1,1,3,7,1,41,7,1149,1,14,RENAULT CLIO,6,E01013393,0,-1
202063A032020,2020,63A032020,1,9,0,9,9,4,1,0,0,5,0,0,0,0,4,1,1,1,2,53,8,1461,2,6,RENAULT CLIO,3,W01000633,0,-1
2020040967097,2020,040967097,1,9,0,5,5,1,5,0,0,8,0,0,0,0,4,1,5,6,1,19,4,1149,1,10,RENAULT CLIO,8,E01024939,0,-1
2020340K06542,2020,340K06542,1,9,0,16,19,5,1,0,0,0,0,0,0,0,1,1,2,2,2,25,5,1461,2,6,RENAULT CLIO,4,E01026982,0,-1
2020500929896,2020,500929896,1,9,0,16,19,4,8,0,0,1,1,0,0,0,1,1,5,6,2,46,8,1390,1,16,RENAULT CLIO,5,E01018835,0,-1
2020461006713,2020,461006713,2,9,0,18,19,8,4,0,0,0,0,0,0,0,2,1,5,6,2,34,6,1598,1,10,RENAULT CLIO,4,E01024843,0,-1
2020991008257,2020,991008257,2,9,0,3,3,5,6,0,0,0,0,0,0,0,1,1,2,2,2,53,8,899,1,7,RENAULT CLIO,6,-1,0,-1
202031A040920,2020,31A040920,1,9,0,18,19,8,4,0,0,1,0,0,0,0,1,1,6,6,3,-1,-1,1390,1,15,RENAULT CLIO,-1,-1,0,-1
2020622000894,2020,622000894,1,9,0,18,19,5,1,0,0,0,0,0,0,0,1,1,6,6,1,23,5,1390,1,13,RENAULT CLIO,1,W01000992,0,-1
2020220934542,2020,220934542,1,9,0,18,19,6,2,0,0,2,2,0,0,0,1,1,5,6,1,22,5,1149,1,12,RENAULT CLIO,2,E01014152,0,-1
2020530966639,2020,530966639,2,9,0,18,19,3,7,0,0,1,0,0,0,0,4,1,6,6,1,41,7,1149,1,18,RENAULT CLIO,4,E01022161,0,-1
2020500922616,2020,500922616,3,9,0,2,2,0,0,0,0,0,0,0,0,0,3,1,6,6,1,-1,-1,1598,1,9,RENAULT CLIO,4,E01019012,0,-1
2020320095564,2020,320095564,1,9,0,18,19,1,1,0,0,1,0,0,0,0,1,1,1,1,2,26,6,1998,1,13,RENAULT CLIO,3,E01026046,0,-1
2020010233929,2020,010233929,1,9,0,18,19,5,1,0,0,0,1,0,0,0,2,1,2,2,2,40,7,1149,1,8,RENAULT CLIO,5,E01016116,0,-1
2020360929901,2020,360929901,1,9,0,4,4,1,5,0,0,1,1,0,0,0,1,1,2,2,2,32,6,1461,2,6,RENAULT CLIO,6,E01026919,0,-1
2020440333430,2020,440333430,1,9,0,18,19,5,2,0,0,1,0,0,1,11,1,1,6,6,1,20,4,1149,1,17,RENAULT CLIO,4,E01031859,0,-1
2020470977276,2020,470977276,1,9,0,9,9,1,8,0,0,5,0,0,0,0,3,1,6,6,1,22,5,1598,1,16,RENAULT CLIO,2,E01021183,0,-1
2020010264594,2020,010264594,1,9,0,18,19,7,3,9,9,3,0,7,1,7,1,1,6,6,2,38,7,1197,1,3,RENAULT CLIO,2,E01001055,0,-1
2020211012285,2020,211012285,1,9,0,9,9,2,8,0,0,0,0,0,1,0,3,1,6,6,1,85,11,1461,2,9,RENAULT CLIO,7,E01010345,0,-1
2020201004105,2020,201004105,1,9,0,16,19,8,2,0,0,2,5,0,8,10,1,1,6,6,1,-1,-1,1149,1,16,RENAULT CLIO,-1,-1,0,-1
2020500989016,2020,500989016,2,9,0,2,2,0,0,0,0,0,0,0,0,0,2,1,6,6,1,20,4,1461,2,16,RENAULT CLIO,6,E01019891,0,-1
2020610009620,2020,610009620,2,9,0,18,19,1,0,0,0,0,0,0,0,0,0,1,1,1,1,-1,-1,1461,2,10,RENAULT CLIO,4,W01001628,0,-1
202006G274665,2020,06G274665,2,9,0,17,19,3,8,0,0,2,0,0,0,0,1,1,6,6,2,52,8,1461,2,2,RENAULT CLIO,6,E01005969,0,-1
2020470989959,2020,470989959,1,9,0,18,19,8,4,0,0,1,1,0,0,0,1,1,3,7,1,18,4,1390,1,13,RENAULT CLIO,7,E01031540,0,-1
2020220958087,2020,220958087,1,9,0,18,19,3,7,0,0,0,5,0,1,10,1,1,5,6,2,26,6,1390,1,17,RENAULT CLIO,6,E01009618,0,-1
2020200999485,2020,200999485,2,9,0,7,7,8,2,0,0,5,0,0,0,0,1,1,6,6,1,20,4,898,1,1,RENAULT CLIO,4,E01009241,0,-1
2020500966926,2020,500966926,2,9,0,3,3,8,4,0,0,0,0,0,0,0,2,1,5,6,2,39,7,898,1,3,RENAULT CLIO,3,E01015162,0,-1
2020230972499,2020,230972499,1,9,0,18,19,1,5,0,0,8,0,0,0,0,4,1,5,6,2,27,6,899,1,7,RENAULT CLIO,4,E01032275,0,-1
2020010282716,2020,010282716,1,9,0,18,19,1,5,0,0,8,0,0,0,0,1,1,2,2,2,47,8,1390,1,19,RENAULT CLIO,3,E01002738,0,-1
2020210952823,2020,210952823,1,9,0,18,19,5,1,0,0,1,0,0,0,0,1,1,6,6,1,33,6,1149,1,17,RENAULT CLIO,7,E01029490,0,-1
2020440015642,2020,440015642,1,9,0,9,9,5,4,0,0,8,0,0,0,0,1,1,2,2,1,22,5,1149,1,12,RENAULT CLIO,9,E01022753,0,-1
2020040986320,2020,040986320,1,9,0,9,9,5,2,0,0,8,0,0,0,0,1,1,5,6,2,24,5,1149,1,17,RENAULT CLIO,3,E01012587,0,-1
2020170H10700,2020,170H10700,2,9,0,18,19,3,7,0,0,0,0,0,0,0,1,1,6,6,1,32,6,1390,1,14,RENAULT CLIO,4,E01011988,0,-1
2020210948505,2020,210948505,2,9,-1,-1,-1,2,6,-1,-1,-1,-1,-1,-1,0,-1,1,6,6,2,55,8,1461,2,10,RENAULT CLIO,6,E01014215,0,-1
2020548820620,2020,548820620,2,9,0,3,3,3,7,0,0,4,0,0,0,0,2,1,2,2,1,31,6,1390,1,15,RENAULT CLIO,3,E01015543,0,-1
2020160933501,2020,160933501,1,9,0,18,19,2,6,0,0,0,0,0,3,1,1,1,5,6,1,35,6,1461,2,14,RENAULT CLIO,2,E01011925,0,-1
2020542339820,2020,542339820,1,9,0,18,19,8,4,0,0,0,0,0,0,0,1,1,6,6,3,-1,-1,1149,1,14,RENAULT CLIO,-1,-1,0,-1
2020530990360,2020,530990360,1,9,0,14,14,5,1,0,0,1,1,0,0,0,1,1,6,6,1,49,8,899,1,7,RENAULT CLIO,5,E01032198,0,-1
20201378D1549,2020,1378D1549,2,9,0,18,19,7,3,0,0,0,0,0,5,6,3,1,6,6,2,42,7,1149,1,8,RENAULT CLIO,3,E01007667,0,-1
2020990936917,2020,990936917,1,9,0,18,19,3,7,0,0,0,1,0,1,0,4,1,5,6,1,17,4,1149,1,12,RENAULT CLIO,1,-1,0,-1
2020302001226,2020,302001226,1,9,0,18,19,6,8,0,0,0,0,0,0,0,1,1,6,6,3,-1,-1,1149,1,16,RENAULT CLIO,5,E01019456,0,-1
2020100975965,2020,100975965,1,9,0,5,5,3,7,0,0,4,0,0,0,0,1,1,1,1,2,47,8,1149,1,7,RENAULT CLIO,1,E01008392,0,-1