collision_index,collision_year,collision_ref_no,vehicle_reference,vehicle_type,towing_and_articulation,vehicle_manoeuvre_historic,vehicle_manoeuvre,vehicle_direction_from,vehicle_direction_to,vehicle_location_restricted_lane_historic,vehicle_location_restricted_lane,junction_location,skidding_and_overturning,hit_object_in_carriageway,vehicle_leaving_carriageway,hit_object_off_carriageway,first_point_of_impact,vehicle_left_hand_drive,journey_purpose_of_driver_historic,journey_purpose_of_driver,sex_of_driver,age_of_driver,age_band_of_driver,engine_capacity_cc,propulsion_code,age_of_vehicle,generic_make_model,driver_imd_decile,lsoa_of_driver,escooter_flag,driver_distance_banding
20201373M0567,2020,1373M0567,1,9,0,18,19,1,5,0,0,0,0,0,0,0,1,1,6,6,2,32,6,1461,2,5,RENAULT CLIO,3,E01011100,0,-1
2020451011241,2020,451011241,1,9,0,18,19,2,6,0,0,1,0,0,0,0,1,1,5,6,2,30,6,1390,1,13,RENAULT CLIO,6,E01030550,0,-1
2020360930147,2020,360930147,1,9,0,18,19,3,6,0,0,8,0,0,0,0,1,1,2,2,1,27,6,1390,1,16,RENAULT CLIO,4,E01026806,0,-1
2020137AT0230,2020,137AT0230,1,9,0,18,19,7,3,0,0,0,0,0,7,4,1,1,6,6,2,30,6,898,1,2,RENAULT CLIO,3,E01011718,0,-1
2020460945423,2020,460945423,1,9,0,18,19,8,4,0,0,1,0,0,0,0,4,1,5,6,2,25,5,898,1,3,RENAULT CLIO,8,E01016094,0,-1
2020430011197,2020,430011197,2,9,0,18,19,3,7,0,0,1,1,0,0,0,1,1,6,6,1,70,10,1149,1,8,RENAULT CLIO,10,E01027272,0,-1
2020500992401,2020,500992401,1,9,0,17,19,8,4,0,0,0,5,0,1,4,1,1,5,6,2,18,4,1149,1,18,RENAULT CLIO,4,E01020196,0,-1
2020010263086,2020,010263086,2,9,0,99,99,9,9,99,99,9,9,99,9,99,1,9,6,6,2,-1,-1,1598,1,10,RENAULT CLIO,-1,-1,0,-1
2020451005798,2020,451005798,1,9,0,18,19,5,1,0,0,0,0,0,0,0,2,1,2,2,1,22,5,898,1,1,RENAULT CLIO,9,E01030488,0,-1
2020320453772,2020,320453772,1,9,0,9,9,3,7,0,0,1,0,0,0,0,1,1,1,1,1,24,5,1149,1,15,RENAULT CLIO,1,E01026126,0,-1
2020200946545,2020,200946545,1,9,0,18,19,5,1,0,0,0,0,0,0,0,1,1,6,6,2,35,6,898,1,5,RENAULT CLIO,4,E01008955,0,-1
2020200939167,2020,200939167,1,9,0,1,1,8,1,0,0,0,0,0,0,0,2,1,2,2,2,74,10,1149,1,9,RENAULT CLIO,3,E01010127,0,-1
2020101009555,2020,101009555,2,9,0,18,19,3,7,0,0,2,0,0,0,0,1,1,5,6,1,21,5,1461,2,9,RENAULT CLIO,2,E01008377,0,-1
2020211009673,2020,211009673,1,9,-1,-1,-1,5,2,-1,-1,0,-1,-1,-1,0,-1,1,6,6,2,19,4,898,1,1,RENAULT CLIO,8,E01029703,0,-1
2020440173704,2020,440173704,2,9,0,18,19,5,1,0,0,2,0,0,0,0,1,1,6,6,1,26,6,1149,1,9,RENAULT CLIO,4,E01017359,0,-1
2020370951967,2020,370951967,2,9,0,18,19,6,2,0,0,8,1,0,1,0,1,1,5,6,1,60,9,1461,2,5,RENAULT CLIO,7,E01031007,0,-1
2020100928055,2020,100928055,2,9,0,3,3,1,5,0,0,0,0,0,0,0,2,1,2,2,2,33,6,1149,1,11,RENAULT CLIO,1,E01008608,0,-1
2020010237969,2020,010237969,1,9,0,5,5,1,5,0,0,1,0,0,1,10,2,1,6,6,2,47,8,1149,1,12,RENAULT CLIO,5,E01024156,0,-1
2020211024939,2020,211024939,1,9,0,18,19,5,1,0,0,8,0,10,0,0,1,1,6,6,1,17,4,1149,1,11,RENAULT CLIO,10,E01029758,0,-1
2020010270814,2020,010270814,1,9,0,9,9,8,5,0,0,8,0,0,0,0,2,1,6,6,1,31,6,899,1,5,RENAULT CLIO,5,E01000224,0,-1
2020302001379,2020,302001379,1,9,0,17,19,6,2,0,0,0,1,0,1,4,4,1,6,6,1,42,7,1149,1,14,RENAULT CLIO,1,E01013481,0,-1
2020460968702,2020,460968702,1,9,0,18,19,1,5,0,0,0,0,0,1,0,1,1,6,6,2,41,7,1149,1,19,RENAULT CLIO,2,E01016110,0,-1
2020991003419,2020,991003419,1,9,0,9,9,4,3,0,0,0,0,0,0,0,4,1,6,6,2,30,6,1149,1,15,RENAULT CLIO,1,-1,0,-1
2020470915018,2020,470915018,2,9,0,17,19,7,4,0,0,0,0,0,1,4,1,1,5,6,2,25,5,899,1,6,RENAULT CLIO,9,E01031693,0,-1
2020410991823,2020,410991823,1,9,0,18,19,5,1,0,0,0,1,0,8,4,2,1,6,6,1,63,9,1461,2,17,RENAULT CLIO,2,E01021846,0,-1
2020052000186,2020,052000186,2,9,0,18,19,1,5,0,0,8,0,0,0,0,1,1,6,6,2,59,9,1461,2,9,RENAULT CLIO,-1,-1,0,-1
20201377C1828,2020,1377C1828,1,9,0,18,19,4,8,0,0,1,0,0,0,0,1,1,6,6,1,22,5,1149,1,12,RENAULT CLIO,1,E01011739,0,-1
2020410926248,2020,410926248,2,9,0,18,19,5,1,0,0,0,0,7,0,0,4,1,6,6,2,20,4,1149,1,12,RENAULT CLIO,2,E01018075,0,-1
2020610048620,2020,610048620,1,9,0,5,5,3,7,0,0,1,0,0,0,0,3,1,6,6,1,17,4,1149,1,17,RENAULT CLIO,3,W01001322,0,-1
2020030929374,2020,030929374,1,9,0,18,19,4,2,0,0,0,2,0,1,9,1,1,6,6,1,17,4,1149,1,18,RENAULT CLIO,8,E01019370,0,-1
2020302000463,2020,302000463,2,9,0,16,19,4,1,0,0,8,0,0,0,0,1,1,6,6,1,25,5,1149,1,16,RENAULT CLIO,4,E01019773,0,-1
2020200986306,2020,200986306,2,9,0,3,3,6,2,0,0,1,0,0,0,0,1,1,6,6,1,36,7,1461,2,10,RENAULT CLIO,4,E01010467,0,-1
2020040962076,2020,040962076,1,9,0,5,5,1,5,0,0,2,0,0,0,0,4,1,5,6,1,19,4,1149,1,6,RENAULT CLIO,6,E01025031,0,-1
2020500987206,2020,500987206,1,9,0,18,19,3,7,0,0,5,1,0,1,1,1,1,5,6,2,45,7,1390,1,13,RENAULT CLIO,9,W01001775,0,-1
2020200987844,2020,200987844,1,9,0,9,9,4,2,0,0,6,0,0,0,0,1,1,6,6,1,32,6,1390,1,16,RENAULT CLIO,4,E01010040,0,-1
2020400936073,2020,400936073,1,9,0,18,19,3,5,0,0,0,5,0,0,0,0,1,5,6,1,30,6,1149,1,14,RENAULT CLIO,8,E01000233,0,-1
2020470969780,2020,470969780,1,9,0,18,19,5,4,0,0,0,0,0,0,0,1,1,5,6,1,50,8,1149,1,12,RENAULT CLIO,4,E01000869,0,-1
2020030959500,2020,030959500,1,9,0,14,14,8,4,0,0,0,0,0,0,0,3,1,6,6,1,62,9,1461,2,6,RENAULT CLIO,6,E01019180,0,-1
2020520101405,2020,520101405,1,9,0,18,19,3,7,0,0,0,2,10,1,9,1,1,6,6,2,21,5,1149,1,12,RENAULT CLIO,6,E01029080,0,-1
2020520001070,2020,520001070,1,9,0,10,10,4,2,0,0,0,0,0,0,0,2,1,6,6,1,33,6,1149,1,14,RENAULT CLIO,7,E01029224,0,-1
2020221002716,2020,221002716,1,9,0,18,19,6,2,0,0,0,5,0,0,0,1,1,6,6,1,32,6,1149,1,18,RENAULT CLIO,6,E01032258,0,-1
2020100944394,2020,100944394,1,9,0,18,19,8,4,0,0,0,0,0,0,0,1,1,5,6,1,23,5,1149,1,15,RENAULT CLIO,7,E01008638,0,-1
2020200992232,2020,200992232,2,9,0,5,5,1,5,0,0,8,0,8,0,0,1,1,6,6,1,-1,-1,1149,1,11,RENAULT CLIO,-1,-1,0,-1
2020990999736,2020,990999736,2,9,0,18,19,3,7,0,0,0,0,0,0,0,1,1,2,2,2,50,8,1149,1,11,RENAULT CLIO,-1,-1,0,-1
2020450988767,2020,450988767,1,9,0,18,19,1,5,0,0,0,2,0,7,0,3,1,5,6,2,18,4,1149,1,11,RENAULT CLIO,8,E01030735,0,-1
2020410997570,2020,410997570,1,9,0,16,19,7,3,0,0,0,0,0,7,0,3,1,6,6,3,-1,-1,1149,1,20,RENAULT CLIO,-1,-1,0,-1
2020220991626,2020,220991626,1,9,0,9,9,6,4,0,0,6,0,0,0,0,1,1,5,6,2,17,4,1198,1,6,RENAULT CLIO,7,E01032237,0,-1
2020470973207,2020,470973207,2,9,0,18,19,1,5,0,0,8,0,0,0,0,4,1,5,6,2,25,5,1149,1,12,RENAULT CLIO,6,E01031464,0,-1
202063A071520,2020,63A071520,1,9,0,9,9,1,8,0,0,8,0,0,0,0,1,1,3,7,2,70,10,899,1,6,RENAULT CLIO,8,W01000663,0,-1
202031D094720,2020,31D094720,1,9,0,18,19,5,1,0,0,1,0,0,0,0,1,1,6,6,2,43,7,999,1,0,RENAULT CLIO,4,E01028167,0,-1
2020420999198,2020,420999198,1,9,0,18,19,7,4,0,0,0,5,4,0,0,1,1,5,6,1,25,5,1149,1,15,RENAULT CLIO,-1,-1,0,-1
2020400927458,2020,400927458,1,9,0,16,19,5,1,0,0,8,0,0,1,0,1,1,6,6,1,26,6,1461,2,5,RENAULT CLIO,4,E01015810,0,-1
2020052000765,2020,052000765,1,9,0,18,19,4,8,0,0,1,0,0,0,0,1,1,6,6,2,26,6,1390,1,15,RENAULT CLIO,4,E01006998,0,-1
2020170S11820,2020,170S11820,2,9,0,18,19,3,6,0,0,1,0,0,0,0,1,1,6,6,1,28,6,1149,1,15,RENAULT CLIO,6,E01012187,0,-1
2020430226797,2020,430226797,1,9,0,18,19,7,3,0,0,0,0,0,0,0,3,1,6,6,2,30,6,1149,1,7,RENAULT CLIO,-1,-1,0,-1
2020340K02192,2020,340K02192,2,9,0,10,10,3,7,0,0,1,0,0,0,0,2,1,1,1,1,33,6,1149,1,18,RENAULT CLIO,5,E01027113,0,-1
2020052002125,2020,052002125,1,9,0,17,19,7,3,0,0,8,0,0,0,0,1,1,2,2,3,-1,-1,1149,1,12,RENAULT CLIO,-1,-1,0,-1
2020500999327,2020,500999327,1,9,0,16,19,1,5,0,0,0,0,0,0,0,1,1,2,2,1,24,5,1390,1,14,RENAULT CLIO,4,E01020271,0,-1
2020041010464,2020,041010464,1,9,0,17,19,5,1,0,0,0,2,0,2,9,3,1,5,6,1,18,4,899,1,6,RENAULT CLIO,9,E01024981,0,-1
2020320662667,2020,320662667,2,9,0,18,19,1,5,0,0,0,1,0,0,0,1,1,6,6,2,23,5,899,1,5,RENAULT CLIO,8,E01026171,0,-1
2020460924514,2020,460924514,1,9,0,9,9,1,2,0,0,1,0,0,1,0,1,1,1,1,1,25,5,1149,1,14,RENAULT CLIO,8,E01024076,0,-1
2020170M10520,2020,170M10520,1,9,0,3,3,1,5,0,0,0,0,0,0,0,2,1,6,6,1,50,8,1461,2,13,RENAULT CLIO,5,E01012054,0,-1
2020990927238,2020,990927238,1,9,0,4,4,8,4,0,0,1,0,0,0,0,1,1,6,6,2,23,5,1149,1,5,RENAULT CLIO,-1,-1,0,-1
2020991023523,2020,991023523,1,9,0,18,19,8,4,0,0,1,0,0,0,0,3,1,2,2,1,57,9,898,1,1,RENAULT CLIO,5,-1,0,-1
2020420984506,2020,420984506,1,9,0,9,9,7,2,0,0,1,0,0,0,0,1,1,6,6,1,18,4,898,1,1,RENAULT CLIO,8,E01022091,0,-1
2020010272730,2020,010272730,2,9,0,9,9,6,3,0,0,1,0,0,0,0,2,1,6,6,1,19,4,1149,1,14,RENAULT CLIO,4,E01001146,0,-1
2020360979585,2020,360979585,1,9,0,15,15,-1,-1,0,0,0,-1,-1,-1,0,-1,1,6,6,1,-1,-1,1461,2,6,RENAULT CLIO,10,E01026540,0,-1
2020220964768,2020,220964768,3,9,0,16,19,3,6,0,0,0,1,0,0,0,3,1,5,6,2,19,4,899,1,7,RENAULT CLIO,8,E01032184,0,-1
2020161005538,2020,161005538,1,9,0,2,2,0,0,0,0,0,0,0,0,0,4,1,5,6,1,39,7,1461,2,7,RENAULT CLIO,-1,-1,0,-1
2020552000210,2020,552000210,1,9,0,1,1,6,2,0,0,0,0,0,0,0,2,1,6,6,2,19,4,1149,1,14,RENAULT CLIO,3,E01015357,0,-1
2020040994079,2020,040994079,1,9,0,18,19,7,3,0,0,1,0,0,0,0,1,1,1,1,1,32,6,1149,1,13,RENAULT CLIO,1,E01012670,0,-1
2020220969687,2020,220969687,2,9,0,5,5,5,3,0,0,6,0,0,0,0,3,1,5,6,1,83,11,1149,1,18,RENAULT CLIO,7,E01032375,0,-1
2020440221084,2020,440221084,1,9,0,7,7,6,2,0,0,3,1,0,1,2,1,1,6,6,1,19,4,1149,1,18,RENAULT CLIO,7,E01023098,0,-1
2020430326047,2020,430326047,2,9,0,3,3,4,8,0,0,1,0,0,0,0,2,1,6,6,1,29,6,1461,2,10,RENAULT CLIO,3,E01016377,0,-1
2020040950245,2020,040950245,1,9,0,7,7,8,1,0,0,0,0,0,0,0,3,1,6,6,1,-1,-1,1149,1,11,RENAULT CLIO,8,E01013123,0,-1
2020370942118,2020,370942118,1,9,0,18,19,2,6,0,0,0,5,0,2,2,1,1,2,2,1,46,8,1149,1,20,RENAULT CLIO,9,E01030116,0,-1
2020450987107,2020,450987107,1,9,0,18,19,7,3,0,0,0,0,0,0,0,1,1,3,7,2,49,8,898,1,3,RENAULT CLIO,9,E01030401,0,-1
2020522004341,2020,522004341,1,9,0,18,19,1,5,0,0,0,0,0,0,2,1,1,6,6,2,37,7,898,1,4,RENAULT CLIO,7,E01014598,0,-1
2020160941883,2020,160941883,4,9,0,3,3,3,7,0,0,1,0,0,0,0,2,1,5,6,2,-1,-1,898,1,1,RENAULT CLIO,-1,-1,0,-1
2020010245572,2020,010245572,2,9,0,18,19,7,3,0,0,1,0,0,0,0,0,1,6,6,1,31,6,999,1,1,RENAULT CLIO,3,E01000092,0,-1
2020990970208,2020,990970208,1,9,0,18,19,4,8,0,0,8,0,0,2,0,1,1,5,6,2,55,8,898,1,1,RENAULT CLIO,5,-1,0,-1
2020010251513,2020,010251513,1,9,0,7,7,8,2,0,0,1,0,0,0,0,1,1,6,6,1,52,8,1461,2,14,RENAULT CLIO,4,E01003559,0,-1
2020360928635,2020,360928635,1,9,0,16,19,7,3,0,0,0,0,0,0,0,1,1,6,6,2,18,4,1149,1,15,RENAULT CLIO,2,E01026680,0,-1
20201379U1661,2020,1379U1661,1,9,0,18,19,1,5,0,0,8,0,0,1,11,1,1,6,6,3,-1,-1,1461,2,2,RENAULT CLIO,-1,-1,0,-1
2020360955442,2020,360955442,1,9,0,18,19,8,4,0,0,3,1,0,1,0,0,1,5,6,2,19,4,1390,1,19,RENAULT CLIO,5,E01026693,0,-1
2020160981569,2020,160981569,1,9,0,7,7,8,3,0,0,5,0,0,0,0,4,1,5,6,2,19,4,1149,1,13,RENAULT CLIO,1,E01012879,0,-1
2020552000566,2020,552000566,1,9,0,18,19,8,4,9,9,0,0,0,1,0,1,1,6,6,1,18,4,1149,1,13,RENAULT CLIO,6,E01015331,0,-1
2020470992994,2020,470992994,1,9,0,18,19,4,8,0,0,0,1,10,7,10,1,1,5,6,1,26,6,1149,1,14,RENAULT CLIO,6,E01021152,0,-1
2020160986734,2020,160986734,1,9,0,5,5,6,2,0,0,6,0,0,0,0,1,1,6,6,1,26,6,1149,1,15,RENAULT CLIO,1,E01012952,0,-1
2020320274401,2020,320274401,1,9,0,18,19,3,7,0,0,0,5,0,7,0,4,1,6,6,1,23,5,1461,2,17,RENAULT CLIO,5,E01026286,0,-1
2020140963919,2020,140963919,1,9,0,18,19,8,4,1,1,2,0,0,2,11,1,1,6,6,2,19,4,1598,1,14,RENAULT CLIO,2,E01007391,0,-1
20201373A0318,2020,1373A0318,1,9,0,7,7,1,3,0,0,8,0,7,1,2,1,2,6,6,1,23,5,1149,1,12,RENAULT CLIO,-1,-1,0,-1
2020440417189,2020,440417189,1,9,0,18,19,2,6,0,0,0,0,0,0,0,1,1,6,6,2,20,4,1149,1,9,RENAULT CLIO,10,E01023220,0,-1
202063A086720,2020,63A086720,2,9,0,13,13,6,2,0,0,8,0,0,0,0,1,1,6,6,2,38,7,1461,2,16,RENAULT CLIO,4,W01000636,0,-1
2020420949986,2020,420949986,2,9,0,4,4,7,3,0,0,4,0,0,0,0,2,1,6,6,2,24,5,898,1,2,RENAULT CLIO,5,E01021491,0,-1
2020041017076,2020,041017076,1,9,0,5,5,1,5,0,0,0,0,0,0,0,0,1,5,6,2,30,6,1461,2,3,RENAULT CLIO,2,E01025369,0,-1
2020230983764,2020,230983764,1,9,0,18,19,1,5,0,0,0,0,0,0,0,1,1,5,6,2,24,5,1149,1,18,RENAULT CLIO,7,E01031212,0,-1
2020230960785,2020,230960785,3,9,0,18,19,6,2,0,0,1,0,0,0,0,1,1,5,6,1,54,8,1149,1,18,RENAULT CLIO,-1,-1,0,-1
2020122001110,2020,122001110,2,9,0,17,19,7,3,0,0,0,0,0,0,0,1,1,2,2,2,31,6,1149,1,14,RENAULT CLIO,7,E01013126,0,-1
2020552000965,2020,552000965,1,9,0,18,19,1,6,0,0,4,0,0,0,0,1,1,6,6,2,64,9,1461,2,15,RENAULT CLIO,6,E01020561,0,-1
2020040951895,2020,040951895,2,9,0,2,2,0,0,4,4,0,0,0,0,0,1,1,5,6,1,21,5,1149,1,6,RENAULT CLIO,5,E01025271,0,-1
2020320351819,2020,320351819,1,9,0,12,12,4,2,0,0,1,0,0,6,0,3,1,6,6,2,35,6,1149,1,10,RENAULT CLIO,3,E01026323,0,-1
2020320083635,2020,320083635,2,9,0,7,7,1,5,0,0,6,0,0,0,0,1,1,2,2,2,28,6,1149,1,9,RENAULT CLIO,7,E01026340,0,-1
2020220928755,2020,220928755,1,9,0,18,19,3,7,0,0,0,0,0,0,0,1,1,5,6,2,48,8,898,1,4,RENAULT CLIO,8,W01000439,0,-1
2020100918597,2020,100918597,2,9,0,18,19,5,3,0,0,0,0,0,0,0,3,1,6,6,2,33,6,1149,1,10,RENAULT CLIO,4,E01008174,0,-1
2020552001033,2020,552001033,1,9,0,9,9,4,2,0,0,6,0,0,0,0,1,1,6,6,1,33,6,1461,2,17,RENAULT CLIO,3,E01015415,0,-1
2020052000202,2020,052000202,2,9,0,18,19,3,7,0,0,8,0,0,0,0,2,1,2,2,2,24,5,1149,1,12,RENAULT CLIO,9,E01018333,0,-1
2020160945152,2020,160945152,1,9,0,6,6,7,7,0,0,2,0,0,0,0,4,1,2,2,2,34,6,1149,1,2,RENAULT CLIO,4,E01012803,0,-1
2020410968755,2020,410968755,2,9,0,5,5,3,7,0,0,4,0,0,0,0,1,1,6,6,2,23,5,1461,2,7,RENAULT CLIO,8,E01023470,0,-1
2020990969459,2020,990969459,1,9,0,13,13,5,1,0,0,0,1,0,1,0,1,1,5,6,2,23,5,1149,1,20,RENAULT CLIO,6,-1,0,-1
2020460988218,2020,460988218,2,9,0,5,5,7,3,0,0,1,0,0,0,0,4,1,5,6,1,41,7,1149,1,12,RENAULT CLIO,2,E01024246,0,-1
2020552000382,2020,552000382,1,9,0,18,19,5,1,0,0,1,0,0,0,0,3,1,6,6,2,25,5,1390,1,14,RENAULT CLIO,8,E01020344,0,-1
2020400939318,2020,400939318,1,9,0,9,9,8,2,0,0,1,0,0,0,0,1,1,5,6,2,23,5,1149,1,12,RENAULT CLIO,7,E01015709,0,-1
2020420949199,2020,420949199,1,9,0,18,19,1,5,0,0,0,0,0,0,0,1,1,1,1,1,22,5,1149,1,15,RENAULT CLIO,6,E01021404,0,-1
2020320121062,2020,320121062,1,9,0,5,5,1,5,0,0,6,0,0,0,0,1,1,6,6,2,32,6,1461,2,5,RENAULT CLIO,9,E01026370,0,-1
2020552000840,2020,552000840,1,9,0,18,19,2,6,0,0,0,0,0,0,0,1,1,6,6,1,22,5,1461,2,16,RENAULT CLIO,7,E01020429,0,-1
2020350982681,2020,350982681,1,9,0,17,19,1,5,0,0,0,2,0,1,0,1,1,5,6,1,30,6,1149,1,8,RENAULT CLIO,9,E01018029,0,-1
2020552000227,2020,552000227,3,9,0,4,4,2,6,0,0,0,0,0,0,0,2,1,6,6,1,27,6,1149,1,17,RENAULT CLIO,6,E01020466,0,-1
2020052001957,2020,052001957,2,8,0,18,19,5,1,0,0,8,0,0,0,0,1,1,6,6,2,60,9,1461,2,11,-1,-1,-1,0,-1
2020010270170,2020,010270170,1,9,0,18,19,7,3,0,0,0,0,0,0,0,3,1,6,6,2,80,11,1149,1,11,RENAULT CLIO,10,E01023578,0,-1
202054A193520,2020,54A193520,2,9,0,18,19,7,3,0,0,8,0,0,0,0,1,1,6,6,2,20,4,899,1,6,RENAULT CLIO,9,E01032092,0,-1
2020470996935,2020,470996935,2,9,0,18,19,1,6,0,0,8,0,0,0,0,1,1,5,6,2,46,8,898,1,2,RENAULT CLIO,9,E01031721,0,-1
2020161010717,2020,161010717,2,9,0,3,3,2,5,0,0,0,0,0,0,0,2,1,6,6,2,50,8,898,1,2,RENAULT CLIO,9,E01012957,0,-1
2020440046707,2020,440046707,2,9,0,18,19,1,5,0,0,1,0,0,0,0,1,1,6,6,1,33,6,1149,1,16,RENAULT CLIO,4,E01017074,0,-1
202031C121520,2020,31C121520,1,9,0,18,19,1,5,0,0,4,0,0,0,0,1,1,3,7,2,39,7,1149,1,11,RENAULT CLIO,1,E01013879,0,-1
202054A265720,2020,54A265720,2,9,0,4,4,4,8,0,0,1,0,0,0,0,2,1,6,6,1,31,6,1461,2,5,RENAULT CLIO,4,E01015494,0,-1
2020460991785,2020,460991785,1,9,0,11,11,7,8,0,0,0,1,0,0,0,1,1,5,6,2,22,5,1149,1,16,RENAULT CLIO,2,E01003160,0,-1
2020160930422,2020,160930422,1,9,0,18,19,6,2,0,0,4,0,0,0,0,1,1,6,6,3,-1,-1,1461,2,7,RENAULT CLIO,-1,-1,0,-1
2020010282622,2020,010282622,2,9,0,99,99,9,9,99,99,1,9,99,9,99,9,9,6,6,3,-1,-1,1390,1,14,RENAULT CLIO,2,E01000604,0,-1
2020421007273,2020,421007273,1,9,0,5,5,1,5,0,0,0,0,0,0,0,1,1,5,6,1,91,11,1461,2,4,RENAULT CLIO,-1,-1,0,-1
2020200952855,2020,200952855,2,9,0,9,9,2,8,0,0,5,0,10,7,0,3,1,6,6,2,49,8,1149,1,19,RENAULT CLIO,2,E01009314,0,-1
2020351014456,2020,351014456,1,9,0,18,19,2,1,0,0,3,0,0,0,0,1,1,5,6,1,29,6,1390,1,14,RENAULT CLIO,2,E01015654,0,-1
2020201027077,2020,201027077,2,9,0,9,9,6,4,0,0,5,0,0,0,0,4,1,6,6,1,39,7,898,1,4,RENAULT CLIO,1,E01009640,0,-1
2020470986761,2020,470986761,1,9,0,17,19,1,6,0,0,0,2,0,1,11,1,1,5,6,1,20,4,1149,1,12,RENAULT CLIO,5,E01031663,0,-1
2020990921825,2020,990921825,2,9,0,18,19,6,2,0,0,0,1,7,0,0,2,1,5,6,1,19,4,1461,2,14,RENAULT CLIO,1,-1,0,-1
2020040934750,2020,040934750,1,9,0,10,10,1,7,0,0,1,0,0,0,0,2,1,5,6,2,26,6,1149,1,8,RENAULT CLIO,2,E01012728,0,-1
2020370956023,2020,370956023,1,9,0,4,4,4,3,0,0,0,0,0,0,0,1,1,5,6,2,48,8,1149,1,21,RENAULT CLIO,5,E01030188,0,-1
2020070667482,2020,070667482,1,9,0,18,19,7,3,0,0,1,0,0,0,0,1,1,2,2,1,23,5,1149,1,12,RENAULT CLIO,9,E01006365,0,-1
2020470924763,2020,470924763,1,9,0,9,9,4,2,0,0,0,0,0,0,0,3,1,5,6,2,22,5,899,1,6,RENAULT CLIO,7,E01020926,0,-1
2020450970534,2020,450970534,2,9,0,18,19,1,5,0,0,0,0,0,0,0,1,1,6,6,2,19,4,1461,2,9,RENAULT CLIO,7,E01004139,0,-1
2020220943756,2020,220943756,2,9,0,16,19,6,1,0,0,0,0,0,0,0,1,1,5,6,1,31,6,1461,2,10,RENAULT CLIO,4,E01028836,0,-1
202006A279786,2020,06A279786,1,9,0,18,19,8,4,0,0,8,0,0,0,0,1,1,6,6,2,69,10,1598,1,10,RENAULT CLIO,1,E01005206,0,-1
2020160967080,2020,160967080,1,9,0,9,9,3,7,0,0,5,0,0,0,0,3,1,6,6,1,25,5,1461,2,13,RENAULT CLIO,4,E01012870,0,-1
2020010233268,2020,010233268,1,9,0,18,19,5,1,0,0,2,0,0,0,0,1,1,6,6,2,35,6,1461,2,5,RENAULT CLIO,2,E01001833,0,-1
2020622000361,2020,622000361,1,9,0,18,19,2,6,0,0,0,0,0,0,0,1,1,2,2,2,49,8,899,1,6,RENAULT CLIO,9,W01001059,0,-1
2020990918226,2020,990918226,1,9,0,18,19,1,5,0,0,4,0,4,0,0,1,1,5,6,1,37,7,1149,1,5,RENAULT CLIO,8,-1,0,-1
2020350966668,2020,350966668,2,9,-1,10,10,1,7,0,0,0,0,-1,0,0,0,1,5,6,2,51,8,1461,2,6,RENAULT CLIO,6,E01015644,0,-1
2020040987554,2020,040987554,2,9,0,18,19,1,7,0,0,1,1,0,0,0,4,1,5,6,1,78,11,1149,1,9,RENAULT CLIO,4,E01025149,0,-1
2020520001666,2020,520001666,1,9,0,18,19,2,6,0,0,0,0,0,1,10,1,1,6,6,2,17,4,1149,1,12,RENAULT CLIO,4,E01029171,0,-1
2020010266626,2020,010266626,2,9,9,7,7,5,7,99,99,9,9,99,9,99,9,9,-1,-1,3,-1,-1,1598,1,10,RENAULT CLIO,-1,-1,0,-1
202031C005220,2020,31C005220,1,9,0,5,5,8,4,0,0,1,0,0,0,0,2,1,2,2,2,39,7,1149,1,14,RENAULT CLIO,1,E01013825,0,-1
2020622000882,2020,622000882,1,8,0,18,19,6,2,0,0,0,0,4,0,0,1,1,6,6,2,22,5,1149,1,3,-1,8,W01000727,0,-1
2020470984460,2020,470984460,1,9,0,5,5,5,1,0,0,0,0,0,0,0,3,1,6,6,2,70,10,1149,1,10,RENAULT CLIO,9,E01031728,0,-1
2020100948975,2020,100948975,2,9,0,18,19,7,3,0,0,1,0,0,1,11,4,1,5,6,2,30,6,1461,2,11,RENAULT CLIO,1,E01008736,0,-1
2020370942645,2020,370942645,1,9,0,4,4,3,8,0,0,0,0,0,0,0,1,1,5,6,2,50,8,1149,1,12,RENAULT CLIO,7,E01030239,0,-1
2020460977725,2020,460977725,1,9,0,3,3,5,1,0,0,2,0,0,0,0,1,1,6,6,2,35,6,1598,1,9,RENAULT CLIO,9,E01024834,0,-1
2020470975941,2020,470975941,1,9,0,17,19,3,1,0,0,0,0,7,1,10,4,1,6,6,1,23,5,1149,1,16,RENAULT CLIO,9,E01031413,0,-1
2020140990600,2020,140990600,1,9,0,18,19,4,8,0,0,2,0,0,0,0,3,1,6,6,2,50,8,1149,1,16,RENAULT CLIO,3,E01007964,0,-1
2020170S20020,2020,170S20020,1,9,0,9,9,2,8,0,0,6,0,0,0,0,1,1,6,6,1,47,8,1998,1,13,RENAULT CLIO,3,E01012196,0,-1
2020500942258,2020,500942258,2,9,0,2,2,0,0,0,0,1,0,0,0,0,3,1,6,6,1,17,4,1149,1,14,RENAULT CLIO,9,E01015141,0,-1