collision_index,collision_year,collision_ref_no,vehicle_reference,vehicle_type,towing_and_articulation,vehicle_manoeuvre_historic,vehicle_manoeuvre,vehicle_direction_from,vehicle_direction_to,vehicle_location_restricted_lane_historic,vehicle_location_restricted_lane,junction_location,skidding_and_overturning,hit_object_in_carriageway,vehicle_leaving_carriageway,hit_object_off_carriageway,first_point_of_impact,vehicle_left_hand_drive,journey_purpose_of_driver_historic,journey_purpose_of_driver,sex_of_driver,age_of_driver,age_band_of_driver,engine_capacity_cc,propulsion_code,age_of_vehicle,generic_make_model,driver_imd_decile,lsoa_of_driver,escooter_flag,driver_distance_banding
2020990924175,2020,990924175,1,9,0,18,19,8,4,0,0,0,0,0,0,0,1,1,5,6,1,27,6,1149,1,14,RENAULT CLIO,2,-1,0,-1
2020610044920,2020,610044920,1,9,0,17,19,4,2,0,0,0,2,10,0,11,3,1,6,6,1,-1,-1,1390,1,15,RENAULT CLIO,4,W01001365,0,-1
2020100968930,2020,100968930,2,9,0,18,19,3,7,0,0,8,0,0,0,0,4,1,5,6,2,18,4,1149,1,7,RENAULT CLIO,3,E01008511,0,-1
2020201018780,2020,201018780,2,9,0,9,9,8,6,0,0,5,0,10,7,0,3,1,6,6,2,78,11,1149,1,11,RENAULT CLIO,1,E01009114,0,-1
2020201019910,2020,201019910,1,9,0,18,19,7,3,0,0,0,0,0,0,0,1,1,6,6,3,-1,-1,1149,1,14,RENAULT CLIO,-1,-1,0,-1
202031A172820,2020,31A172820,1,9,0,5,5,2,6,0,0,0,0,0,0,0,1,1,6,6,1,25,5,1461,2,7,RENAULT CLIO,2,E01028231,0,-1
2020200929181,2020,200929181,1,9,0,18,19,3,7,0,0,0,0,0,0,0,1,1,2,2,2,49,8,1149,1,8,RENAULT CLIO,2,E01010477,0,-1
2020140941535,2020,140941535,2,9,0,18,19,1,5,0,0,0,0,0,0,0,3,1,5,6,2,21,5,1149,1,13,RENAULT CLIO,10,E01024408,0,-1
2020210928280,2020,210928280,1,9,0,18,19,8,4,0,0,6,0,0,0,0,1,1,5,6,1,35,6,1149,1,17,RENAULT CLIO,3,E01029752,0,-1
2020160939001,2020,160939001,1,9,0,18,19,7,3,0,0,1,1,4,0,0,1,1,6,6,1,23,5,1461,2,17,RENAULT CLIO,-1,-1,0,-1
2020500941688,2020,500941688,2,9,0,9,9,5,1,0,0,2,0,0,0,0,3,1,5,6,2,28,6,1461,2,6,RENAULT CLIO,4,E01020057,0,-1
2020160990784,2020,160990784,1,9,0,18,19,1,5,4,4,1,0,0,0,0,4,1,6,6,1,39,7,1461,2,11,RENAULT CLIO,1,E01012787,0,-1
2020522003242,2020,522003242,4,9,0,18,19,8,4,0,0,0,0,0,0,0,1,1,6,6,2,34,6,1149,1,12,RENAULT CLIO,1,E01012671,0,-1
2020070356647,2020,070356647,1,9,0,7,7,4,6,0,0,4,0,9,0,0,3,1,6,6,2,58,9,1461,2,1,RENAULT CLIO,7,E01012496,0,-1
2020500931035,2020,500931035,1,9,0,18,19,8,4,0,0,0,1,0,1,10,3,1,6,6,1,77,11,1149,1,23,RENAULT CLIO,5,E01018779,0,-1
2020010235683,2020,010235683,1,9,0,9,9,7,4,0,0,1,0,0,0,0,1,1,6,6,2,43,7,1149,1,13,RENAULT CLIO,2,E01002664,0,-1
2020530942406,2020,530942406,2,9,0,18,19,5,1,0,0,1,0,0,0,0,4,1,5,6,2,23,5,1461,2,7,RENAULT CLIO,8,W01000622,0,-1
202063D007520,2020,63D007520,3,9,0,18,19,6,2,0,0,0,0,1,0,0,1,1,6,6,1,46,8,1149,1,17,RENAULT CLIO,2,E01014196,0,-1
2020140995219,2020,140995219,1,9,0,18,19,1,5,0,0,0,0,0,0,0,2,1,6,6,2,54,8,1390,1,17,RENAULT CLIO,3,E01007776,0,-1
2020170S10790,2020,170S10790,1,9,0,9,9,6,4,0,0,8,0,0,0,0,1,1,6,6,1,18,4,1149,1,11,RENAULT CLIO,-1,-1,0,-1
2020522003060,2020,522003060,2,9,0,3,3,6,2,0,0,1,0,0,0,0,2,1,6,6,1,44,7,1461,2,10,RENAULT CLIO,9,E01014819,0,-1
20201376B1224,2020,1376B1224,1,9,0,10,10,5,1,0,0,1,0,0,0,0,3,1,1,1,1,18,4,898,1,3,RENAULT CLIO,8,E01011297,0,-1
2020320123001,2020,320123001,2,9,0,18,19,7,3,0,0,0,0,0,0,0,2,1,1,1,2,27,6,898,1,3,RENAULT CLIO,9,E01026320,0,-1
2020530982013,2020,530982013,1,9,0,17,19,3,7,0,0,0,0,0,7,9,1,1,5,6,1,20,4,1149,1,14,RENAULT CLIO,6,E01022377,0,-1
202006XE76570,2020,06XE76570,1,9,0,16,19,5,8,6,6,1,1,0,0,0,3,1,6,6,1,26,6,1149,1,13,RENAULT CLIO,2,E01005105,0,-1
2020220986391,2020,220986391,1,9,0,16,19,1,4,0,0,0,1,10,7,10,4,1,5,6,1,23,5,1149,1,16,RENAULT CLIO,5,E01014035,0,-1
2020010234380,2020,010234380,1,9,0,4,4,3,7,0,0,8,0,0,0,0,2,1,2,2,1,41,7,1598,1,20,RENAULT CLIO,3,E01002532,0,-1
2020040921811,2020,040921811,2,9,0,18,19,1,5,0,0,6,0,0,0,0,1,1,5,6,2,57,9,1149,1,12,RENAULT CLIO,7,E01025448,0,-1
202006M169492,2020,06M169492,1,9,0,18,19,5,1,0,0,8,0,0,0,0,3,1,6,6,1,29,6,898,1,3,RENAULT CLIO,1,-1,0,-1
2020420952212,2020,420952212,2,9,0,4,4,7,3,0,0,1,0,0,0,0,2,1,2,2,2,63,9,1390,1,13,RENAULT CLIO,7,E01021867,0,-1
2020440324134,2020,440324134,1,9,0,4,4,8,4,0,0,0,1,0,7,4,1,1,6,6,2,29,6,1149,1,15,RENAULT CLIO,4,E01022973,0,-1
2020522002561,2020,522002561,1,9,0,18,19,1,5,0,0,0,0,0,0,0,1,1,6,6,1,24,5,1149,1,15,RENAULT CLIO,6,E01029285,0,-1
2020470936146,2020,470936146,1,9,0,18,19,1,5,0,0,0,0,0,0,0,1,1,5,6,2,28,6,1149,1,5,RENAULT CLIO,10,E01031748,0,-1
20201371E0192,2020,1371E0192,1,9,0,9,9,4,2,0,0,8,0,0,0,0,4,1,1,1,1,49,8,1197,1,3,RENAULT CLIO,1,E01010650,0,-1
2020522003056,2020,522003056,2,9,0,9,9,8,5,0,0,8,0,0,0,0,3,1,6,6,2,24,5,1461,2,4,RENAULT CLIO,-1,-1,0,-1
2020440493842,2020,440493842,1,9,0,6,6,6,6,0,0,0,0,10,1,0,3,1,6,6,1,29,6,1149,1,21,RENAULT CLIO,4,E01017085,0,-1
2020220995787,2020,220995787,2,9,0,4,4,1,5,0,0,0,0,0,0,0,2,1,1,1,1,39,7,1390,1,20,RENAULT CLIO,5,E01031266,0,-1
202063D018420,2020,63D018420,1,9,0,18,19,5,1,0,0,0,1,0,0,0,4,1,1,1,1,21,5,1149,1,13,RENAULT CLIO,8,W01000472,0,-1
2020990976816,2020,990976816,2,9,0,17,19,1,5,0,0,1,0,0,0,0,1,1,5,6,1,59,9,1149,1,4,RENAULT CLIO,1,W01001866,0,-1
2020040916038,2020,040916038,1,9,0,9,9,1,5,0,0,5,0,0,0,0,1,1,6,6,2,57,9,898,1,5,RENAULT CLIO,4,E01025567,0,-1
20201377R0295,2020,1377R0295,1,9,0,5,5,7,3,0,0,0,0,0,0,0,1,1,6,6,1,19,4,1149,1,19,RENAULT CLIO,5,E01011202,0,-1
2020010247176,2020,010247176,2,9,0,1,1,8,4,0,0,1,9,0,0,99,2,9,6,6,1,-1,-1,898,1,1,RENAULT CLIO,-1,-1,0,-1
2020010251212,2020,010251212,1,9,4,9,9,3,1,0,0,5,1,0,1,0,3,1,2,2,1,27,6,1149,1,12,RENAULT CLIO,1,E01001145,0,-1
2020420941433,2020,420941433,1,9,0,5,5,2,6,0,0,0,0,0,0,0,1,1,5,6,1,48,8,1149,1,17,RENAULT CLIO,-1,-1,0,-1
2020622000406,2020,622000406,1,9,0,7,7,4,6,0,0,1,0,0,1,11,1,1,6,6,3,-1,-1,1149,1,10,RENAULT CLIO,-1,-1,0,-1
2020522003092,2020,522003092,2,9,0,7,7,7,1,0,0,1,0,0,0,0,1,1,6,6,2,20,4,1149,1,16,RENAULT CLIO,8,E01016690,0,-1
2020450985138,2020,450985138,2,9,0,3,3,5,1,0,0,4,0,0,0,0,2,1,2,2,2,21,5,1149,1,16,RENAULT CLIO,5,E01030982,0,-1
2020220942800,2020,220942800,2,9,0,17,19,3,8,0,0,2,0,0,0,0,1,1,5,6,2,37,7,1149,1,3,RENAULT CLIO,10,E01029663,0,-1
202031A054720,2020,31A054720,2,9,0,18,19,4,8,0,0,8,0,0,0,0,1,1,6,6,1,33,6,1461,2,19,RENAULT CLIO,5,E01028242,0,-1
2020400930943,2020,400930943,1,9,0,5,5,5,1,0,0,6,0,0,0,0,4,1,6,6,2,28,6,1149,1,16,RENAULT CLIO,2,E01017539,0,-1
2020052000451,2020,052000451,1,9,0,18,19,1,5,0,0,8,1,4,0,0,1,1,6,6,1,31,6,1461,2,12,RENAULT CLIO,1,E01007293,0,-1
2020460925625,2020,460925625,4,9,0,4,4,8,4,0,0,1,0,0,0,0,1,1,2,2,1,-1,-1,1461,2,4,RENAULT CLIO,6,E01024472,0,-1
2020220981008,2020,220981008,2,9,0,3,3,8,4,0,0,1,0,0,0,0,2,1,5,6,2,72,10,898,1,2,RENAULT CLIO,9,E01032289,0,-1
2020140975897,2020,140975897,1,9,0,18,19,8,4,0,0,8,5,4,0,0,1,1,5,6,1,81,11,1149,1,12,RENAULT CLIO,3,E01032925,0,-1
2020400949390,2020,400949390,1,9,0,18,19,8,2,0,0,1,1,0,0,0,1,1,5,6,1,54,8,1461,2,17,RENAULT CLIO,4,E01017581,0,-1
2020500987422,2020,500987422,1,9,0,7,7,1,7,0,0,8,0,0,0,0,4,1,6,6,1,19,4,1149,1,15,RENAULT CLIO,7,E01020219,0,-1
2020010228255,2020,010228255,1,9,0,7,7,3,6,0,0,6,0,0,0,0,4,1,1,1,2,20,4,1461,2,13,RENAULT CLIO,2,E01001066,0,-1
2020460995568,2020,460995568,2,9,0,4,4,3,7,0,0,0,0,0,0,0,2,1,5,6,1,18,4,1461,2,11,RENAULT CLIO,10,E01024852,0,-1
2020220929560,2020,220929560,2,9,0,18,19,4,8,0,0,0,0,0,0,0,1,1,2,2,1,23,5,1149,1,4,RENAULT CLIO,8,E01014203,0,-1
2020410951447,2020,410951447,2,9,0,16,19,2,6,0,0,0,0,0,0,0,1,1,5,6,1,21,5,1149,1,18,RENAULT CLIO,9,E01023833,0,-1
2020160997946,2020,160997946,2,9,0,5,5,2,6,0,0,1,0,0,0,0,2,1,6,6,2,49,8,1149,1,19,RENAULT CLIO,6,E01013036,0,-1
2020110964868,2020,110964868,1,9,0,16,19,7,2,0,0,0,0,0,0,0,1,1,6,6,1,31,6,1461,2,2,RENAULT CLIO,3,E01020596,0,-1
2020440389877,2020,440389877,2,9,0,18,19,4,8,0,0,0,0,0,0,0,4,1,6,6,1,-1,-1,1149,1,12,RENAULT CLIO,4,E01017081,0,-1
2020622000470,2020,622000470,1,9,0,9,9,3,8,0,0,1,0,0,0,0,1,1,6,6,2,38,7,1149,1,5,RENAULT CLIO,6,W01001240,0,-1
2020990942482,2020,990942482,1,9,0,18,19,1,5,0,0,0,0,0,0,0,3,1,1,1,1,31,6,1149,1,13,RENAULT CLIO,3,-1,0,-1
202063A013620,2020,63A013620,1,9,0,18,19,6,2,0,0,0,0,0,0,0,1,1,6,6,2,20,4,1461,2,4,RENAULT CLIO,6,W01000701,0,-1
20201379D0126,2020,1379D0126,2,9,0,2,2,0,0,0,0,0,0,0,0,0,2,1,6,6,3,-1,-1,1461,2,7,RENAULT CLIO,-1,-1,0,-1
2020411007108,2020,411007108,1,9,0,18,19,5,1,0,0,1,0,0,0,0,4,1,6,6,2,24,5,1149,1,15,RENAULT CLIO,4,E01015711,0,-1
2020230948782,2020,230948782,1,9,0,5,5,2,4,0,0,4,0,0,0,0,3,1,2,2,1,58,9,1149,1,7,RENAULT CLIO,7,E01031293,0,-1
2020160964846,2020,160964846,1,9,0,3,3,4,8,0,0,1,0,0,0,0,2,1,5,6,2,30,6,1461,2,16,RENAULT CLIO,8,E01013263,0,-1
20201378D1175,2020,1378D1175,1,9,0,17,19,1,6,0,0,0,0,0,2,10,1,1,6,6,2,29,6,1149,1,8,RENAULT CLIO,6,E01010870,0,-1
2020160932324,2020,160932324,1,9,0,18,19,1,5,0,0,8,0,0,0,0,1,1,6,6,2,-1,-1,1390,1,14,RENAULT CLIO,6,E01013006,0,-1
2020010257095,2020,010257095,2,9,0,2,2,0,0,0,0,1,0,0,0,0,3,1,6,6,3,-1,-1,1461,2,19,RENAULT CLIO,-1,-1,0,-1
2020500975716,2020,500975716,1,9,0,5,5,1,5,0,0,0,1,0,1,9,2,1,5,6,2,20,4,1461,2,16,RENAULT CLIO,4,E01020100,0,-1
2020052001905,2020,052001905,1,9,0,5,5,4,8,0,0,8,5,0,0,0,4,1,6,6,2,77,11,898,1,3,RENAULT CLIO,6,E01007159,0,-1
2020010247304,2020,010247304,2,9,0,99,99,9,9,99,99,9,9,99,9,99,1,9,6,6,1,27,6,1149,1,11,RENAULT CLIO,5,E01000159,0,-1
2020500934278,2020,500934278,3,9,0,18,19,3,7,0,0,0,0,0,0,0,1,1,5,6,1,24,5,1461,2,17,RENAULT CLIO,6,E01018858,0,-1
2020160971660,2020,160971660,1,9,0,18,19,5,1,0,0,0,1,0,1,0,3,1,5,6,1,24,5,1461,2,4,RENAULT CLIO,7,E01007493,0,-1
2020420945176,2020,420945176,1,9,0,11,11,3,7,0,0,0,1,0,4,6,4,1,5,6,2,38,7,1149,1,12,RENAULT CLIO,7,E01000822,0,-1
2020140967110,2020,140967110,2,9,0,17,19,8,4,0,0,3,5,0,0,0,3,1,5,6,2,20,4,1149,1,15,RENAULT CLIO,5,E01026385,0,-1
2020500977860,2020,500977860,1,9,0,9,9,1,5,0,0,0,0,0,0,0,1,1,5,6,2,34,6,1149,1,10,RENAULT CLIO,3,E01018815,0,-1
2020140922645,2020,140922645,2,9,0,18,19,8,4,0,0,1,0,0,0,0,1,1,1,1,2,37,7,1149,1,14,RENAULT CLIO,3,E01007473,0,-1
2020201002769,2020,201002769,2,9,0,18,19,-1,-1,0,0,0,0,0,0,0,3,1,6,6,3,-1,-1,1149,1,13,RENAULT CLIO,-1,-1,0,-1
2020221014228,2020,221014228,1,9,0,17,19,5,2,0,0,0,1,10,7,10,3,1,2,2,1,21,5,1149,1,11,RENAULT CLIO,3,E01032437,0,-1
2020460963352,2020,460963352,1,9,0,13,13,5,1,0,0,0,1,0,1,7,1,1,5,6,1,17,4,1149,1,17,RENAULT CLIO,9,E01024791,0,-1
2020010284280,2020,010284280,1,9,0,18,19,3,7,0,0,1,0,0,0,0,1,1,6,6,1,25,5,1461,2,18,RENAULT CLIO,8,E01031182,0,-1
2020010286920,2020,010286920,1,9,0,5,5,7,3,0,0,2,0,0,0,0,1,1,6,6,2,25,5,1149,1,16,RENAULT CLIO,6,E01001059,0,-1
2020340N05222,2020,340N05222,1,9,0,18,19,7,3,0,0,0,0,0,0,0,1,1,6,6,1,23,5,1149,1,18,RENAULT CLIO,5,E01027179,0,-1
2020470923654,2020,470923654,1,9,0,9,9,7,4,0,0,8,0,0,0,0,1,1,2,2,2,28,6,1149,1,8,RENAULT CLIO,7,E01031677,0,-1
2020470969779,2020,470969779,1,9,0,18,19,2,6,0,0,1,0,0,0,0,1,1,5,6,1,77,11,1390,1,18,RENAULT CLIO,6,E01031529,0,-1
202006XJ67280,2020,06XJ67280,1,9,0,18,19,2,6,0,0,0,0,0,0,0,1,1,6,6,1,27,6,898,1,1,RENAULT CLIO,-1,-1,0,-1
2020450996318,2020,450996318,2,9,0,18,19,3,7,0,0,0,0,0,0,0,1,1,6,6,1,58,9,1390,1,14,RENAULT CLIO,5,E01023110,0,-1
2020990929236,2020,990929236,2,9,0,18,19,7,3,0,0,0,0,0,0,0,2,1,5,6,2,30,6,1149,1,4,RENAULT CLIO,2,-1,0,-1
2020010285016,2020,010285016,2,9,0,9,9,1,7,0,0,8,0,0,0,0,1,1,6,6,1,33,6,999,1,0,RENAULT CLIO,6,E01033618,0,-1
2020990931149,2020,990931149,3,9,0,2,2,0,0,0,0,0,0,0,0,0,2,1,6,6,3,-1,-1,1149,1,13,RENAULT CLIO,-1,-1,0,-1
2020420956336,2020,420956336,1,9,0,9,9,3,1,0,0,0,5,0,8,0,3,1,5,6,1,35,6,1149,1,11,RENAULT CLIO,2,E01021322,0,-1
2020622001044,2020,622001044,2,9,0,18,19,4,8,0,0,8,0,0,0,0,4,1,6,6,2,58,9,1461,2,5,RENAULT CLIO,2,W01000967,0,-1
2020990959883,2020,990959883,2,9,0,9,9,5,1,0,0,1,0,0,0,0,2,1,2,2,2,24,5,999,1,1,RENAULT CLIO,3,-1,0,-1
2020470920183,2020,470920183,1,9,0,5,5,8,3,0,0,4,0,0,0,0,1,1,2,2,1,28,6,1461,2,14,RENAULT CLIO,8,E01021055,0,-1
2020100921843,2020,100921843,2,9,0,4,4,1,5,0,0,0,0,4,0,0,2,1,2,2,1,20,4,899,1,7,RENAULT CLIO,-1,-1,0,-1
2020010282747,2020,010282747,1,9,0,6,6,5,5,0,0,0,0,0,0,0,3,1,6,6,1,55,8,899,1,7,RENAULT CLIO,1,E01003065,0,-1
2020201001910,2020,201001910,2,9,0,9,9,2,8,0,0,6,0,0,0,0,4,1,6,6,1,18,4,1149,1,16,RENAULT CLIO,7,E01009693,0,-1
2020302000149,2020,302000149,3,9,0,18,19,4,8,0,0,0,0,0,0,0,4,1,6,6,1,37,7,1461,2,12,RENAULT CLIO,6,E01009525,0,-1
2020470995413,2020,470995413,2,9,0,4,4,6,2,0,0,0,0,0,0,0,2,1,5,6,1,47,8,1149,1,6,RENAULT CLIO,6,E01021068,0,-1
2020200937759,2020,200937759,1,9,0,13,13,4,8,0,0,8,0,0,0,0,3,1,6,6,2,18,4,1461,2,2,RENAULT CLIO,2,E01010404,0,-1
2020622000874,2020,622000874,2,9,0,18,19,6,2,0,0,1,0,7,0,0,1,1,6,6,2,36,7,1461,2,5,RENAULT CLIO,1,W01001703,0,-1
2020460954327,2020,460954327,2,9,0,5,5,5,1,0,0,5,0,0,0,0,4,1,6,6,2,27,6,899,1,7,RENAULT CLIO,2,E01024020,0,-1
2020622100027,2020,622100027,2,9,0,18,19,2,6,0,0,0,0,0,0,0,1,1,6,6,2,29,6,1390,1,14,RENAULT CLIO,6,W01001324,0,-1
2020302001035,2020,302001035,1,9,0,18,19,2,6,0,0,8,5,4,0,0,3,1,6,6,2,24,5,1149,1,17,RENAULT CLIO,7,E01019418,0,-1
2020450938511,2020,450938511,2,9,0,9,9,4,2,0,0,1,0,0,0,0,2,1,5,6,1,18,4,1149,1,16,RENAULT CLIO,7,E01030576,0,-1
2020990992353,2020,990992353,1,9,0,16,19,1,5,0,0,0,1,0,0,0,1,1,5,6,2,52,8,1461,2,12,RENAULT CLIO,4,-1,0,-1
2020420950182,2020,420950182,1,9,0,18,19,1,5,0,0,0,0,0,0,0,1,1,5,6,1,19,4,1149,1,16,RENAULT CLIO,8,E01021801,0,-1
2020140922276,2020,140922276,1,9,0,3,3,8,4,0,0,1,0,0,0,0,2,1,1,1,2,24,5,898,1,2,RENAULT CLIO,6,E01028024,0,-1
2020451000364,2020,451000364,1,9,0,9,9,7,3,0,0,8,0,0,0,0,3,1,2,2,1,31,6,1149,1,14,RENAULT CLIO,6,E01030995,0,-1
2020421003531,2020,421003531,1,9,0,15,15,2,6,0,0,0,0,12,1,0,1,1,6,6,1,18,4,1390,1,13,RENAULT CLIO,3,E01021631,0,-1
2020460963490,2020,460963490,1,9,0,4,4,5,1,0,0,0,0,0,0,0,1,1,6,6,1,34,6,1149,1,10,RENAULT CLIO,10,E01024329,0,-1
2020220965807,2020,220965807,3,9,0,2,2,0,0,0,0,0,0,0,0,0,2,1,6,6,1,22,5,1149,1,22,RENAULT CLIO,1,E01032204,0,-1
2020200990288,2020,200990288,1,9,0,18,19,3,7,0,0,1,0,4,0,0,1,1,6,6,2,26,6,1149,1,15,RENAULT CLIO,4,E01009868,0,-1
2020430048956,2020,430048956,1,9,0,16,19,4,7,0,0,0,0,0,7,4,1,1,2,2,2,26,6,1390,1,14,RENAULT CLIO,8,E01015550,0,-1
2020030973860,2020,030973860,1,9,0,16,19,3,7,0,0,0,2,0,0,0,1,1,6,6,1,33,6,1149,1,15,RENAULT CLIO,7,E01019136,0,-1
2020622000470,2020,622000470,2,9,0,18,19,8,4,0,0,1,0,0,0,0,4,1,6,6,2,18,4,1390,1,14,RENAULT CLIO,2,W01001237,0,-1
2020010242058,2020,010242058,1,9,0,99,99,9,9,99,99,9,9,99,9,99,1,9,6,6,2,38,7,1598,1,9,RENAULT CLIO,7,E01000459,0,-1
202063B028720,2020,63B028720,1,9,0,18,19,8,4,0,0,8,0,0,7,3,1,1,6,6,1,36,7,1461,2,13,RENAULT CLIO,5,W01000528,0,-1
2020410970376,2020,410970376,1,9,0,9,9,8,5,0,0,8,0,0,0,0,1,1,6,6,2,34,6,1598,1,14,RENAULT CLIO,10,E01023693,0,-1
2020411011605,2020,411011605,1,9,0,18,19,7,3,0,0,0,2,4,0,0,1,1,6,6,1,23,5,1149,1,17,RENAULT CLIO,7,E01023923,0,-1
2020302000276,2020,302000276,2,9,0,18,19,6,2,0,0,8,0,0,0,0,1,1,6,6,2,24,5,1149,1,4,RENAULT CLIO,6,E01019821,0,-1
2020170M31040,2020,170M31040,1,9,0,1,1,8,5,0,0,0,0,0,0,0,2,1,6,6,1,23,5,898,1,2,RENAULT CLIO,3,E01012079,0,-1
2020040980402,2020,040980402,2,9,0,5,5,4,8,0,0,2,0,0,0,0,1,1,6,6,1,22,5,1149,1,15,RENAULT CLIO,1,E01012656,0,-1
2020990951892,2020,990951892,1,9,0,9,9,1,7,0,0,2,0,0,0,0,1,1,6,6,2,47,8,1148,1,18,RENAULT CLIO,3,-1,0,-1
2020440049912,2020,440049912,1,9,0,18,19,6,2,0,0,0,2,7,7,4,1,1,6,6,1,25,5,1149,1,14,RENAULT CLIO,10,E01022694,0,-1
2020500950471,2020,500950471,1,9,0,15,15,6,2,0,0,0,0,0,0,0,2,1,6,6,1,40,7,1461,2,16,RENAULT CLIO,7,E01020064,0,-1
2020100955791,2020,100955791,1,9,0,18,19,6,2,0,0,8,0,0,0,0,1,1,6,6,2,18,4,1149,1,5,RENAULT CLIO,1,E01008793,0,-1
2020430042742,2020,430042742,1,9,0,18,19,5,1,0,0,8,0,0,0,0,1,1,6,6,1,-1,-1,1149,1,5,RENAULT CLIO,-1,-1,0,-1
2020040983008,2020,040983008,1,9,0,18,19,5,1,0,0,0,0,0,0,0,1,1,5,6,1,24,5,1149,1,9,RENAULT CLIO,3,E01015877,0,-1
2020520001626,2020,520001626,3,9,0,18,19,2,6,0,0,0,0,0,0,0,1,1,6,6,2,21,5,1390,1,16,RENAULT CLIO,7,E01029155,0,-1
20201376T0646,2020,1376T0646,1,9,0,9,9,5,3,0,0,6,0,0,0,0,3,1,6,6,1,22,5,1149,1,16,RENAULT CLIO,3,E01010776,0,-1
2020360991946,2020,360991946,2,10,0,18,19,7,3,0,0,1,0,0,0,0,1,1,1,1,1,65,9,-1,-1,-1,-1,9,E01026570,0,-1
2020610033720,2020,610033720,1,11,0,17,19,6,3,0,0,0,0,0,0,0,1,1,1,1,1,45,7,7790,2,10,-1,8,W01001654,0,-1
2020410974993,2020,410974993,2,5,0,18,19,5,1,0,0,0,0,0,0,0,2,1,5,6,1,44,7,988,1,19,SUZUKI GSXR 1000,3,E01001668,0,-1
2020010261084,2020,010261084,1,5,0,18,19,6,2,0,0,0,0,4,0,0,1,1,6,6,1,34,6,999,1,6,SUZUKI GSXR 1000,-1,-1,0,-1
2020040959521,2020,040959521,2,5,0,12,12,4,8,0,0,0,0,0,1,0,3,1,5,6,1,59,9,999,1,15,SUZUKI GSXR 1000,8,E01025354,0,-1
2020040959521,2020,040959521,1,5,0,17,19,8,4,0,0,0,0,0,0,0,1,1,5,6,1,44,7,1000,1,2,SUZUKI GSXR 1000,-1,-1,0,-1
2020010265340,2020,010265340,1,5,0,18,19,1,5,0,0,1,2,0,0,0,0,1,6,6,1,46,8,999,1,14,SUZUKI GSXR 1000,-1,-1,0,-1
2020530967935,2020,530967935,1,5,0,4,4,6,4,0,0,1,1,0,0,0,4,1,6,6,2,60,9,999,1,14,SUZUKI GSXR 1000,7,E01032699,0,-1
2020450954337,2020,450954337,1,5,0,17,19,5,2,0,0,0,0,0,0,0,1,1,2,2,1,52,8,988,1,17,SUZUKI GSXR 1000,4,E01030914,0,-1
2020552001051,2020,552001051,1,4,0,16,19,8,4,0,0,0,1,0,0,0,1,1,6,6,1,60,9,999,1,3,-1,9,E01022699,0,-1
2020010262692,2020,010262692,1,5,0,18,19,3,7,0,0,0,5,0,0,0,4,1,6,6,1,28,6,1000,1,0,SUZUKI GSXR 1000,2,E01000126,0,-1
2020440062340,2020,440062340,1,5,0,18,19,2,6,0,0,0,1,0,1,3,1,1,6,6,1,33,6,1000,1,0,SUZUKI GSXR 1000,7,E01023032,0,-1
2020040937721,2020,040937721,1,5,0,17,19,7,3,0,0,0,0,0,1,2,1,1,6,6,1,34,6,1000,1,1,SUZUKI GSXR 1000,3,E01025282,0,-1
2020160980426,2020,160980426,1,5,0,18,19,2,6,0,0,0,0,12,0,0,0,1,5,6,1,56,9,999,1,13,SUZUKI GSXR 1000,8,E01013026,0,-1
2020430154057,2020,430154057,1,5,0,16,19,8,3,0,0,0,0,0,7,4,1,1,6,6,1,30,6,1000,1,0,SUZUKI GSXR 1000,9,E01017641,0,-1
2020302000876,2020,302000876,2,4,0,15,15,1,5,0,0,1,0,0,0,0,1,1,6,6,1,34,6,999,1,12,-1,5,E01010951,0,-1
2020990965638,2020,990965638,1,5,0,16,19,2,4,0,0,0,1,0,0,0,1,1,5,6,1,62,9,998,1,12,SUZUKI GSXR 1000,3,-1,0,-1
2020420935411,2020,420935411,2,5,0,18,19,7,3,0,0,8,0,0,0,0,1,1,6,6,1,54,8,988,1,16,SUZUKI GSXR 1000,2,E01000724,0,-1
2020052001450,2020,052001450,1,5,0,18,19,1,5,0,0,6,0,0,0,0,0,1,6,6,1,49,8,988,1,17,SUZUKI GSXR 1000,3,E01018534,0,-1
2020500988958,2020,500988958,1,5,0,17,19,1,5,0,0,0,0,0,0,0,0,1,6,6,1,35,6,999,1,14,SUZUKI GSXR 1000,2,E01015086,0,-1
2020211023066,2020,211023066,2,5,-1,-1,-1,1,5,-1,-1,0,-1,-1,-1,0,-1,1,6,6,1,51,8,999,1,6,SUZUKI GSXR 1000,8,E01029769,0,-1
2020010273794,2020,010273794,2,5,0,18,19,5,1,0,0,1,1,0,0,0,1,1,6,6,1,41,7,999,1,13,SUZUKI GSXR 1000,7,E01001131,0,-1
2020010245249,2020,010245249,2,5,0,18,19,1,5,0,0,0,0,8,0,0,1,1,6,6,1,35,6,999,1,13,SUZUKI GSXR 1000,2,E01001735,0,-1
2020220953993,2020,220953993,1,5,0,16,19,8,4,0,0,0,1,0,7,0,3,1,5,6,1,36,7,999,1,7,SUZUKI GSXR 1000,7,E01029379,0,-1