collision_index,collision_year,collision_ref_no,vehicle_reference,vehicle_type,towing_and_articulation,vehicle_manoeuvre_historic,vehicle_manoeuvre,vehicle_direction_from,vehicle_direction_to,vehicle_location_restricted_lane_historic,vehicle_location_restricted_lane,junction_location,skidding_and_overturning,hit_object_in_carriageway,vehicle_leaving_carriageway,hit_object_off_carriageway,first_point_of_impact,vehicle_left_hand_drive,journey_purpose_of_driver_historic,journey_purpose_of_driver,sex_of_driver,age_of_driver,age_band_of_driver,engine_capacity_cc,propulsion_code,age_of_vehicle,generic_make_model,driver_imd_decile,lsoa_of_driver,escooter_flag,driver_distance_banding
2020320456827,2020,320456827,1,9,0,18,19,7,3,0,0,0,0,0,0,0,1,1,6,6,1,19,4,1390,1,12,SEAT IBIZA,-1,-1,0,-1
2020520100493,2020,520100493,1,9,0,8,8,4,6,0,0,1,0,0,0,0,1,1,6,6,2,34,6,1422,2,11,SEAT IBIZA,6,E01029027,0,-1
2020070054047,2020,070054047,2,9,0,18,19,5,1,0,0,0,1,0,0,0,3,1,6,6,2,24,5,1390,1,12,SEAT IBIZA,4,E01033694,0,-1
2020460995713,2020,460995713,1,9,0,18,19,5,7,0,0,6,1,0,0,0,1,1,6,6,2,40,7,1390,1,10,SEAT IBIZA,2,E01033212,0,-1
2020211010421,2020,211010421,1,9,0,14,14,1,5,0,0,0,0,0,0,0,1,1,6,6,2,19,4,1390,1,11,SEAT IBIZA,2,E01029765,0,-1
2020440384898,2020,440384898,1,9,0,18,19,8,4,0,0,0,0,2,0,0,1,1,6,6,1,22,5,1598,2,8,SEAT IBIZA,3,E01022739,0,-1
2020110948171,2020,110948171,1,9,0,3,3,5,1,0,0,0,0,0,0,0,1,1,6,6,1,21,5,1197,1,3,SEAT IBIZA,5,E01020848,0,-1
2020031021093,2020,031021093,1,9,0,18,19,7,3,0,0,1,0,0,0,0,1,1,3,7,1,25,5,1198,1,13,SEAT IBIZA,3,E01019272,0,-1
2020040989200,2020,040989200,1,9,0,18,19,3,7,0,0,8,0,0,0,0,1,1,3,7,2,45,7,999,1,3,SEAT IBIZA,6,E01025025,0,-1
2020470944657,2020,470944657,2,9,0,9,9,2,8,0,0,8,0,0,0,0,2,1,5,6,1,39,7,1422,2,12,SEAT IBIZA,4,E01021207,0,-1
2020990917923,2020,990917923,1,9,0,18,19,3,7,0,0,0,0,0,0,0,1,1,2,2,2,62,9,1198,1,11,SEAT IBIZA,-1,-1,0,-1
2020211023970,2020,211023970,1,9,-1,-1,-1,5,8,-1,-1,0,-1,-1,-1,0,-1,1,6,6,2,21,5,1598,2,9,SEAT IBIZA,1,E01014354,0,-1
2020430140387,2020,430140387,2,9,0,18,19,3,7,0,0,8,0,0,0,0,1,1,6,6,2,20,4,1197,1,3,SEAT IBIZA,1,E01016811,0,-1
2020302000970,2020,302000970,2,9,0,18,19,7,3,0,0,0,0,0,1,4,2,1,6,6,1,27,6,1968,2,10,SEAT IBIZA,3,E01027977,0,-1
2020030983296,2020,030983296,3,9,0,2,2,0,0,0,0,3,0,0,0,0,1,1,5,6,3,-1,-1,1390,1,9,SEAT IBIZA,-1,-1,0,-1
2020231006817,2020,231006817,2,9,0,9,9,5,3,0,0,4,0,0,0,0,3,1,2,2,2,34,6,1197,1,4,SEAT IBIZA,3,E01009619,0,-1
2020122000919,2020,122000919,2,9,0,18,19,4,8,0,0,3,0,0,0,0,4,1,6,6,1,18,4,1390,1,11,SEAT IBIZA,9,E01027687,0,-1
20201372T0769,2020,1372T0769,2,9,0,18,19,1,5,0,0,0,0,0,0,0,1,1,6,6,1,25,5,1390,1,6,SEAT IBIZA,2,E01011020,0,-1
2020420980406,2020,420980406,1,9,0,7,7,7,1,0,0,2,0,0,8,0,4,1,6,6,1,18,4,1197,1,5,SEAT IBIZA,6,E01033137,0,-1
2020410944118,2020,410944118,1,9,0,5,5,5,4,0,0,3,0,0,0,0,3,1,5,6,1,21,5,1198,1,9,SEAT IBIZA,10,E01017760,0,-1
2020320271975,2020,320271975,2,9,0,18,19,3,7,0,0,1,0,0,0,0,1,1,2,2,2,31,6,999,1,1,SEAT IBIZA,9,E01026231,0,-1
2020140914885,2020,140914885,2,9,0,18,19,2,6,0,0,8,0,0,0,0,3,1,6,6,2,43,7,1422,2,10,SEAT IBIZA,1,E01007500,0,-1
2020010238594,2020,010238594,1,9,0,3,3,3,7,0,0,7,0,0,0,0,2,1,2,2,2,24,5,999,1,1,SEAT IBIZA,6,E01002982,0,-1
2020522005089,2020,522005089,1,9,0,17,19,2,7,0,0,0,0,0,0,7,1,1,6,6,2,18,4,1199,2,9,SEAT IBIZA,3,E01014674,0,-1
2020200932428,2020,200932428,1,9,0,18,19,6,2,0,0,8,0,0,0,0,4,1,6,6,1,62,9,1395,1,3,SEAT IBIZA,10,E01032243,0,-1
2020231010764,2020,231010764,1,9,0,17,19,2,7,7,6,0,0,4,0,0,1,1,1,1,2,29,6,1197,1,3,SEAT IBIZA,4,E01031008,0,-1
2020500970373,2020,500970373,2,9,0,18,19,5,1,0,0,1,0,0,0,0,1,1,5,6,2,38,7,1197,1,6,SEAT IBIZA,4,E01018850,0,-1
2020010252299,2020,010252299,1,9,0,9,9,2,8,0,0,2,0,0,0,0,1,1,2,2,1,26,6,1390,1,11,SEAT IBIZA,1,E01033605,0,-1
2020010281897,2020,010281897,2,9,0,99,99,9,9,99,99,9,9,99,9,99,9,9,6,6,3,-1,-1,1390,1,11,SEAT IBIZA,3,E01001282,0,-1
2020430126554,2020,430126554,1,9,0,3,3,4,8,0,0,1,0,0,0,0,1,1,6,6,2,22,5,1390,1,5,SEAT IBIZA,2,E01000221,0,-1
2020522101016,2020,522101016,1,9,0,18,19,7,3,0,0,0,5,0,1,10,1,1,6,6,1,18,4,1390,1,9,SEAT IBIZA,1,E01009326,0,-1
2020070232900,2020,070232900,1,9,0,9,9,6,2,0,0,1,0,0,0,0,1,1,2,2,1,27,6,1390,1,15,SEAT IBIZA,1,W01000336,0,-1
20201379M0322,2020,1379M0322,2,9,0,18,19,3,7,0,0,4,0,0,0,0,1,1,1,1,2,26,6,999,1,4,SEAT IBIZA,7,E01011512,0,-1
2020201023193,2020,201023193,2,9,0,18,19,-1,-1,0,0,0,0,0,0,0,2,1,6,6,2,23,5,1197,1,8,SEAT IBIZA,1,E01009113,0,-1
202031B055120,2020,31B055120,1,9,0,9,9,1,8,0,0,4,0,0,0,0,1,1,6,6,1,24,5,1390,1,9,SEAT IBIZA,7,E01007748,0,-1
2020200982698,2020,200982698,1,9,0,18,19,2,6,0,0,8,0,0,0,0,3,1,6,6,1,23,5,1197,1,9,SEAT IBIZA,4,E01009879,0,-1
2020200955489,2020,200955489,1,9,0,18,19,3,7,0,0,4,0,9,1,11,1,1,6,6,1,23,5,1390,1,9,SEAT IBIZA,1,E01009413,0,-1
20201378G1467,2020,1378G1467,1,9,0,18,19,6,2,0,0,0,0,0,0,0,1,1,6,6,1,30,6,1896,2,14,SEAT IBIZA,5,E01011184,0,-1
2020200994997,2020,200994997,2,9,0,18,19,4,8,0,0,8,0,0,0,0,1,1,6,6,2,72,10,1197,1,3,SEAT IBIZA,8,E01009901,0,-1
202006E173392,2020,06E173392,1,9,0,15,15,3,7,0,0,8,0,0,0,0,4,1,6,6,1,20,4,999,1,3,SEAT IBIZA,2,E01006111,0,-1
2020460980737,2020,460980737,1,9,0,11,11,3,7,0,0,0,0,0,0,0,3,1,5,6,2,59,9,1896,2,15,SEAT IBIZA,5,E01016088,0,-1
2020552000387,2020,552000387,2,9,0,9,9,3,1,0,0,1,0,0,0,0,0,1,4,7,2,27,6,1422,2,4,SEAT IBIZA,6,E01020439,0,-1
2020030985352,2020,030985352,1,9,0,18,19,3,7,0,0,0,0,0,0,0,1,1,5,6,1,22,5,1390,1,8,SEAT IBIZA,6,E01019083,0,-1
2020460939531,2020,460939531,1,9,0,18,19,5,1,0,0,0,1,7,0,0,1,1,2,2,1,18,4,1896,2,12,SEAT IBIZA,5,E01024623,0,-1
2020010265772,2020,010265772,3,9,0,4,4,1,5,0,0,1,0,0,0,0,1,1,6,6,1,21,5,1390,1,15,SEAT IBIZA,7,E01001255,0,-1
2020549502820,2020,549502820,1,9,0,4,4,3,7,0,0,0,0,0,0,0,1,1,6,6,1,20,4,1198,1,16,SEAT IBIZA,9,E01032710,0,-1
2020420978512,2020,420978512,2,9,0,7,7,2,2,0,0,0,0,0,1,0,2,1,5,6,2,32,6,1390,1,9,SEAT IBIZA,5,E01021572,0,-1
2020010269034,2020,010269034,1,9,0,9,9,2,7,9,9,3,5,10,1,0,3,1,6,6,1,21,5,1198,1,13,SEAT IBIZA,4,E01004525,0,-1
2020302001315,2020,302001315,1,9,0,9,9,1,7,0,0,8,0,0,0,0,1,1,6,6,2,20,4,1390,1,17,SEAT IBIZA,2,E01019842,0,-1
2020500988956,2020,500988956,2,9,0,18,19,6,2,0,0,1,0,0,0,0,1,1,5,6,2,27,6,1395,1,3,SEAT IBIZA,5,E01018831,0,-1
2020111018449,2020,111018449,1,9,0,13,13,4,8,0,0,1,0,0,0,0,1,1,2,2,1,24,5,1197,1,6,SEAT IBIZA,2,E01020878,0,-1
2020500937744,2020,500937744,3,9,0,18,19,4,8,0,0,0,0,0,0,0,1,1,5,6,1,22,5,999,1,4,SEAT IBIZA,10,E01019909,0,-1
202031B078720,2020,31B078720,2,9,0,6,6,7,7,0,0,0,0,0,0,0,3,1,6,6,1,22,5,1598,2,9,SEAT IBIZA,9,E01028061,0,-1
2020200931816,2020,200931816,2,9,0,18,19,4,8,0,0,8,1,0,0,0,4,1,6,6,2,61,9,1390,1,8,SEAT IBIZA,8,E01031042,0,-1
2020040992786,2020,040992786,2,9,0,18,19,3,7,0,0,0,1,0,7,0,1,1,5,6,1,26,6,1968,2,7,SEAT IBIZA,4,E01025034,0,-1
2020210952136,2020,210952136,2,9,0,18,19,7,4,0,0,8,0,0,0,0,4,1,6,6,2,19,4,1197,1,4,SEAT IBIZA,10,E01010248,0,-1
2020211032020,2020,211032020,2,9,-1,-1,-1,-1,-1,-1,-1,-1,-1,-1,-1,0,-1,1,6,6,1,25,5,1390,1,7,SEAT IBIZA,1,E01010441,0,-1
2020460986990,2020,460986990,1,9,0,18,19,1,5,0,0,0,0,0,1,4,1,1,6,6,2,82,11,1390,1,14,SEAT IBIZA,6,E01021149,0,-1
202031D071420,2020,31D071420,2,9,0,9,9,1,6,0,0,5,0,0,0,0,3,1,6,6,1,41,7,1968,2,7,SEAT IBIZA,4,E01028167,0,-1
2020140975665,2020,140975665,2,9,0,18,19,1,1,0,0,8,0,0,0,0,1,1,6,6,1,20,4,1598,2,10,SEAT IBIZA,2,E01007417,0,-1
2020460942417,2020,460942417,1,9,0,3,3,4,8,0,0,1,0,0,0,0,1,1,5,6,1,78,11,1199,2,9,SEAT IBIZA,10,E01024464,0,-1
2020302000469,2020,302000469,2,9,0,18,19,8,4,0,0,0,0,0,0,0,1,1,6,6,1,22,5,1422,2,10,SEAT IBIZA,6,E01019732,0,-1
2020122001063,2020,122001063,2,9,0,18,19,2,6,0,0,0,0,0,0,0,1,1,6,6,1,26,6,1968,2,9,SEAT IBIZA,6,E01027628,0,-1
2020460995893,2020,460995893,1,9,0,18,19,8,4,0,0,0,0,4,0,0,1,1,5,6,1,32,6,1896,2,12,SEAT IBIZA,9,E01024708,0,-1
2020230953607,2020,230953607,1,9,0,17,19,5,2,0,0,0,0,0,1,0,1,1,5,6,1,27,6,1198,1,17,SEAT IBIZA,1,E01031057,0,-1
2020010258017,2020,010258017,1,9,0,9,9,8,6,0,0,5,1,0,0,0,4,1,6,6,2,38,7,999,1,2,SEAT IBIZA,10,E01017373,0,-1
2020101004115,2020,101004115,2,9,0,4,4,6,6,0,0,1,0,0,0,0,4,1,5,6,2,27,6,1198,1,13,SEAT IBIZA,-1,-1,0,-1
2020501004919,2020,501004919,2,9,0,4,4,1,5,0,0,8,0,0,0,0,2,1,5,6,1,59,9,1198,1,11,SEAT IBIZA,8,E01020250,0,-1
2020010252485,2020,010252485,1,9,0,99,99,9,9,99,99,9,9,99,9,99,2,9,6,6,3,-1,-1,1390,1,14,SEAT IBIZA,6,E01032780,0,-1
2020140924437,2020,140924437,1,9,0,18,19,1,5,0,0,0,0,4,0,0,1,1,5,6,1,21,5,1390,1,5,SEAT IBIZA,6,E01007387,0,-1
2020622001007,2020,622001007,1,9,0,18,19,8,4,0,0,1,0,0,0,0,1,2,2,2,3,-1,-1,1390,1,12,SEAT IBIZA,-1,-1,0,-1
2020340D02972,2020,340D02972,1,9,0,18,19,7,3,0,0,8,0,0,0,0,1,1,6,6,1,28,6,1390,1,9,SEAT IBIZA,5,E01027179,0,-1
2020070130108,2020,070130108,2,9,0,13,13,1,5,0,0,0,2,0,1,11,4,1,6,6,1,30,6,1781,1,19,SEAT IBIZA,3,E01006335,0,-1
2020070590205,2020,070590205,2,9,0,10,10,5,2,0,0,1,0,0,0,0,2,1,6,6,1,21,5,999,1,4,SEAT IBIZA,5,E01012451,0,-1
20201373L1081,2020,1373L1081,3,9,0,2,2,0,0,0,0,0,0,0,0,0,1,1,6,6,3,-1,-1,1390,1,16,SEAT IBIZA,-1,-1,0,-1
2020200947592,2020,200947592,1,9,0,18,19,8,3,0,0,8,0,0,0,0,1,1,6,6,1,83,11,1390,1,9,SEAT IBIZA,5,E01009582,0,-1
202063AF00820,2020,63AF00820,1,9,0,18,19,6,2,0,0,8,1,0,6,1,1,1,6,6,1,20,4,1896,2,16,SEAT IBIZA,4,W01000672,0,-1
2020991010637,2020,991010637,1,9,0,9,9,6,3,0,0,6,0,0,0,0,1,1,5,6,1,26,6,1197,1,4,SEAT IBIZA,6,-1,0,-1
2020340S00142,2020,340S00142,1,9,0,13,13,1,5,0,0,0,0,0,0,0,4,1,6,6,1,74,10,1598,2,8,SEAT IBIZA,5,E01016765,0,-1
2020200996147,2020,200996147,2,9,0,18,19,7,3,0,0,8,0,10,4,0,1,1,6,6,2,35,6,1390,1,5,SEAT IBIZA,6,E01010230,0,-1
2020470920431,2020,470920431,2,9,0,18,19,1,5,0,0,0,0,0,0,0,3,1,6,6,2,37,7,1198,1,17,SEAT IBIZA,4,E01031572,0,-1
2020500941065,2020,500941065,1,9,0,16,19,2,6,0,0,0,0,0,0,0,1,1,5,6,2,82,11,1390,1,9,SEAT IBIZA,5,E01018804,0,-1
2020990961898,2020,990961898,1,9,0,18,19,6,2,0,0,6,0,0,0,0,1,1,5,6,2,45,7,1198,1,6,SEAT IBIZA,7,-1,0,-1
2020040933014,2020,040933014,1,9,0,18,19,1,3,0,0,4,0,0,0,0,2,1,6,6,2,21,5,1198,1,10,SEAT IBIZA,3,E01024904,0,-1
20201371B1349,2020,1371B1349,1,9,0,18,19,8,4,0,0,1,0,0,0,0,2,1,6,6,1,39,7,1197,1,4,SEAT IBIZA,3,E01011313,0,-1
2020170H10680,2020,170H10680,2,9,0,7,7,3,5,0,0,6,0,0,0,0,3,1,2,2,2,66,10,999,1,2,SEAT IBIZA,8,E01020851,0,-1
2020040967462,2020,040967462,1,9,0,18,19,3,7,0,0,0,0,0,0,0,4,1,2,2,2,36,7,1197,1,4,SEAT IBIZA,9,E01019361,0,-1
2020122000225,2020,122000225,2,9,0,16,19,4,8,0,0,0,0,0,0,0,1,1,6,6,1,26,6,1395,1,4,SEAT IBIZA,9,E01027660,0,-1
2020360977063,2020,360977063,2,9,0,7,7,5,7,0,0,2,0,0,0,0,4,1,5,6,1,39,7,1197,1,5,SEAT IBIZA,6,E01026797,0,-1
2020320159319,2020,320159319,1,9,0,17,19,3,1,0,0,0,0,0,1,0,1,1,1,1,2,25,5,1390,1,11,SEAT IBIZA,10,E01012559,0,-1
20201375Q0439,2020,1375Q0439,1,9,0,9,9,2,1,0,0,5,0,0,0,0,4,1,6,6,2,26,6,1390,1,6,SEAT IBIZA,2,E01011837,0,-1
2020470961058,2020,470961058,2,9,0,9,9,8,5,0,0,8,0,0,0,0,1,1,5,6,2,29,6,1390,1,9,SEAT IBIZA,3,E01021003,0,-1
2020140986815,2020,140986815,1,9,0,16,19,6,2,9,9,0,1,10,0,0,4,1,5,6,1,19,4,1390,1,11,SEAT IBIZA,1,E01008094,0,-1
202031C084220,2020,31C084220,1,9,0,18,19,6,2,0,0,1,0,0,0,0,1,1,2,2,1,40,7,1598,2,10,SEAT IBIZA,1,E01010453,0,-1
2020320153902,2020,320153902,2,9,0,18,19,3,7,0,0,1,0,0,0,0,1,1,6,6,1,23,5,1390,1,9,SEAT IBIZA,10,E01032990,0,-1
2020031009398,2020,031009398,1,9,0,18,19,1,5,0,0,2,1,0,0,0,1,1,6,6,3,-1,-1,1197,1,4,SEAT IBIZA,-1,-1,0,-1
2020471005641,2020,471005641,1,9,0,18,19,5,1,0,0,0,1,0,5,6,1,1,5,6,1,18,4,1598,1,11,SEAT IBIZA,6,E01020949,0,-1
2020010228605,2020,010228605,1,9,0,18,19,3,7,0,0,0,5,0,0,0,1,1,6,6,1,20,4,1390,1,10,SEAT IBIZA,8,E01021468,0,-1
2020420957195,2020,420957195,1,9,0,9,9,8,3,0,0,1,0,0,0,0,0,1,5,6,1,17,4,999,1,1,SEAT IBIZA,10,E01021384,0,-1
2020140960053,2020,140960053,2,9,0,18,19,6,2,0,0,4,0,0,0,0,1,1,2,2,2,20,4,1390,1,10,SEAT IBIZA,6,E01007347,0,-1
2020200998569,2020,200998569,2,9,0,18,19,5,1,0,0,1,0,0,0,0,0,1,6,6,3,-1,-1,1390,1,7,SEAT IBIZA,10,E01010205,0,-1
2020461011568,2020,461011568,1,9,0,17,19,1,5,0,0,1,0,0,0,0,1,1,5,6,1,27,6,1390,1,15,SEAT IBIZA,-1,-1,0,-1
202031A162620,2020,31A162620,1,9,0,18,19,7,3,0,0,8,1,0,0,0,1,1,6,6,1,22,5,1390,1,11,SEAT IBIZA,1,E01027951,0,-1
2020137B10859,2020,137B10859,2,9,0,17,19,2,6,0,0,0,0,0,0,0,1,1,6,6,1,30,6,1390,1,11,SEAT IBIZA,10,E01010947,0,-1
20201372N0216,2020,1372N0216,1,9,0,18,19,3,7,0,0,6,1,0,0,0,1,1,6,6,1,19,4,999,1,3,SEAT IBIZA,3,E01010761,0,-1
2020450918162,2020,450918162,1,9,0,18,19,3,7,0,0,0,1,0,4,0,1,1,2,2,1,24,5,1197,1,6,SEAT IBIZA,7,E01024347,0,-1
2020501005197,2020,501005197,1,9,0,4,4,8,4,0,0,4,0,0,0,0,1,1,6,6,1,77,11,1390,1,6,SEAT IBIZA,7,E01020317,0,-1
2020470976235,2020,470976235,1,9,0,18,19,4,8,0,0,0,0,0,0,0,1,1,6,6,2,84,11,1198,1,10,SEAT IBIZA,8,E01021086,0,-1
2020010243469,2020,010243469,1,9,0,18,19,1,5,0,0,1,0,0,0,0,1,1,6,6,1,29,6,999,1,2,SEAT IBIZA,4,E01003658,0,-1
2020010238041,2020,010238041,2,9,0,18,19,5,1,0,0,0,0,0,0,0,1,1,6,6,1,26,6,1395,1,5,SEAT IBIZA,3,E01001668,0,-1
2020420985238,2020,420985238,2,9,0,4,4,1,5,0,0,0,0,0,0,0,2,1,2,2,1,59,9,999,1,3,SEAT IBIZA,10,E01021366,0,-1
2020430180010,2020,430180010,1,9,0,18,19,8,4,0,0,0,1,0,7,9,1,1,2,2,1,20,4,1198,1,12,SEAT IBIZA,10,E01028774,0,-1
2020520100602,2020,520100602,1,9,0,17,19,8,4,0,0,0,2,0,0,0,1,1,6,6,1,20,4,1390,1,15,SEAT IBIZA,2,E01029236,0,-1
2020520100713,2020,520100713,2,9,0,18,19,2,6,0,0,0,1,0,0,0,3,1,6,6,2,20,4,1198,1,18,SEAT IBIZA,6,E01029091,0,-1
2020200926148,2020,200926148,2,9,0,18,19,8,4,0,0,8,0,10,2,2,1,1,6,6,1,22,5,1390,1,15,SEAT IBIZA,-1,-1,0,-1
2020200950405,2020,200950405,1,9,0,18,19,1,6,0,0,0,0,0,0,0,1,1,6,6,1,29,6,1390,1,8,SEAT IBIZA,3,E01009795,0,-1
2020320242714,2020,320242714,1,9,0,18,19,1,5,0,0,0,0,0,1,9,1,1,6,6,1,17,4,1390,1,13,SEAT IBIZA,10,E01026187,0,-1
2020460940886,2020,460940886,1,9,0,18,19,1,5,0,0,0,0,0,0,0,3,1,5,6,1,23,5,1896,2,17,SEAT IBIZA,7,E01016166,0,-1
2020200995871,2020,200995871,1,9,0,18,19,7,3,0,0,1,0,0,0,0,1,1,6,6,1,26,6,1390,1,7,SEAT IBIZA,1,E01009109,0,-1
2020040987558,2020,040987558,1,9,0,9,9,5,4,1,1,0,0,0,0,0,4,1,2,2,2,19,4,999,1,1,SEAT IBIZA,4,E01012599,0,-1
2020220996704,2020,220996704,1,9,0,18,19,6,2,0,0,8,0,0,0,0,1,1,2,2,2,41,7,1197,1,5,SEAT IBIZA,4,E01014169,0,-1
2020170L40400,2020,170L40400,3,9,0,16,19,8,4,0,0,8,0,0,0,0,1,1,6,6,1,43,7,1198,1,12,SEAT IBIZA,9,E01012138,0,-1
2020040939000,2020,040939000,1,9,0,18,19,5,1,0,0,0,1,0,2,7,4,1,5,6,1,23,5,1198,1,12,SEAT IBIZA,1,E01012736,0,-1
2020544813320,2020,544813320,1,9,0,18,19,5,1,0,0,1,1,0,2,11,4,1,6,6,1,21,5,1197,1,9,SEAT IBIZA,-1,-1,0,-1
2020500998272,2020,500998272,1,9,0,18,19,7,3,0,0,0,5,0,0,0,1,1,5,6,1,21,5,1390,1,15,SEAT IBIZA,8,E01020080,0,-1
2020141011123,2020,141011123,1,9,0,2,2,0,0,9,9,0,0,0,0,0,3,1,1,1,2,58,9,1390,1,9,SEAT IBIZA,1,E01007791,0,-1
2020122000603,2020,122000603,2,9,0,16,19,2,6,0,0,1,0,0,1,11,1,1,6,6,1,19,4,1197,1,10,SEAT IBIZA,8,E01027587,0,-1
2020010240018,2020,010240018,1,9,0,18,19,1,5,0,0,1,0,0,0,0,1,1,6,6,1,23,5,1390,1,7,SEAT IBIZA,6,E01001964,0,-1
2020100935347,2020,100935347,1,9,0,18,19,5,1,0,0,0,0,0,0,0,1,1,6,6,1,19,4,1391,1,19,SEAT IBIZA,5,E01027374,0,-1
20201378M1787,2020,1378M1787,1,9,0,18,19,7,3,0,0,1,0,0,0,0,3,1,6,6,2,25,5,1598,2,7,SEAT IBIZA,2,E01011470,0,-1
2020170M20050,2020,170M20050,1,9,0,9,9,2,8,0,0,8,0,0,0,0,1,1,6,6,1,26,6,1598,2,8,SEAT IBIZA,6,E01033472,0,-1
2020201020819,2020,201020819,2,9,0,3,3,4,8,0,0,0,0,0,0,0,2,1,6,6,2,44,7,999,1,2,SEAT IBIZA,6,E01009207,0,-1
2020400979726,2020,400979726,3,9,0,4,4,5,8,0,0,0,0,0,0,0,1,1,6,6,1,30,6,1198,1,12,SEAT IBIZA,4,E01015756,0,-1
2020010248586,2020,010248586,3,9,0,4,4,1,5,0,0,0,0,0,0,0,2,1,6,6,1,52,8,1390,1,16,SEAT IBIZA,1,E01003047,0,-1
2020040939762,2020,040939762,1,9,0,9,9,4,2,0,0,8,0,0,0,0,1,1,5,6,1,17,4,1390,1,8,SEAT IBIZA,4,E01025198,0,-1
2020052001153,2020,052001153,2,9,0,18,19,5,1,0,0,1,0,0,0,0,1,1,6,6,1,52,8,1199,2,7,SEAT IBIZA,4,E01033756,0,-1
2020440178452,2020,440178452,1,9,0,18,19,6,2,0,0,0,0,4,0,0,1,1,2,2,2,25,5,1390,1,5,SEAT IBIZA,10,E01022862,0,-1
2020040978112,2020,040978112,1,9,0,16,19,5,1,0,0,1,5,0,7,1,1,1,5,6,1,23,5,1390,1,9,SEAT IBIZA,3,E01025111,0,-1
202054C561220,2020,54C561220,2,9,0,3,3,4,1,0,0,1,0,0,0,0,4,1,6,6,1,24,5,1390,1,11,SEAT IBIZA,6,E01015478,0,-1
2020140982981,2020,140982981,1,9,0,18,19,1,5,0,0,0,0,0,1,0,1,1,5,6,1,26,6,1390,1,5,SEAT IBIZA,1,E01007628,0,-1
2020360944681,2020,360944681,2,9,0,18,19,3,7,0,0,2,0,0,0,0,1,1,5,6,2,39,7,1197,1,4,SEAT IBIZA,6,E01026524,0,-1
202031D106320,2020,31D106320,3,9,0,18,19,4,8,0,0,8,0,0,0,0,1,1,6,6,2,39,7,1390,1,9,SEAT IBIZA,6,E01028162,0,-1
2020010261294,2020,010261294,1,9,0,18,19,1,5,0,0,1,0,0,0,0,4,1,6,6,2,23,5,1197,1,4,SEAT IBIZA,-1,-1,0,-1
2020460924111,2020,460924111,1,9,0,17,19,7,5,0,0,1,0,0,0,0,3,1,5,6,1,20,4,1395,1,6,SEAT IBIZA,6,E01024130,0,-1
2020141010310,2020,141010310,2,9,0,18,19,1,5,0,0,0,0,0,0,0,2,1,5,6,2,35,6,1498,1,2,SEAT IBIZA,8,E01007988,0,-1
2020160964530,2020,160964530,1,9,0,18,19,7,3,0,0,0,0,0,0,0,1,1,6,6,1,22,5,1390,1,11,SEAT IBIZA,8,E01013170,0,-1
202031C173420,2020,31C173420,1,9,0,18,19,5,1,0,0,1,0,0,0,0,1,1,6,6,2,20,4,1390,1,6,SEAT IBIZA,4,E01033406,0,-1
2020470978238,2020,470978238,1,9,0,18,19,7,3,0,0,0,5,7,7,11,1,1,6,6,1,23,5,1390,1,14,SEAT IBIZA,3,E01031347,0,-1
2020040970771,2020,040970771,2,9,0,18,19,2,8,0,0,8,0,0,0,0,3,1,2,2,2,58,9,999,1,1,SEAT IBIZA,8,E01025317,0,-1
2020200937303,2020,200937303,2,9,0,18,19,4,8,0,0,8,0,0,0,0,3,1,6,6,1,20,4,1896,2,15,SEAT IBIZA,3,E01029360,0,-1
2020990915347,2020,990915347,1,9,0,18,19,6,2,0,0,0,0,0,0,0,1,1,6,6,1,22,5,1896,2,15,SEAT IBIZA,5,-1,0,-1
2020200944957,2020,200944957,1,9,0,16,19,6,2,0,0,0,1,10,7,4,1,1,6,6,1,20,4,1198,1,11,SEAT IBIZA,5,E01009939,0,-1
2020030935516,2020,030935516,2,9,0,9,9,1,3,0,0,8,0,0,0,0,2,1,4,7,2,34,6,1598,2,9,SEAT IBIZA,2,E01019109,0,-1
2020470985694,2020,470985694,3,9,0,3,3,5,1,0,0,0,0,0,0,0,3,1,5,6,2,28,6,1390,1,13,SEAT IBIZA,6,E01031825,0,-1
2020010250077,2020,010250077,1,9,0,9,9,6,3,0,0,8,0,0,0,0,1,1,2,2,1,33,6,1197,1,3,SEAT IBIZA,2,E01001337,0,-1
2020500942256,2020,500942256,2,9,0,18,19,7,3,0,0,0,1,10,1,0,4,1,6,6,1,29,6,1390,1,10,SEAT IBIZA,5,E01018935,0,-1
2020470997898,2020,470997898,1,9,0,10,10,5,5,0,0,1,0,0,0,0,3,1,5,6,2,56,9,1197,1,3,SEAT IBIZA,7,E01021173,0,-1
2020010233812,2020,010233812,2,9,0,18,19,7,3,0,0,1,0,0,0,0,1,1,6,6,2,22,5,1390,1,8,SEAT IBIZA,6,E01004476,0,-1
2020471001265,2020,471001265,1,9,0,17,19,1,7,0,0,0,1,0,8,4,2,1,2,2,2,19,4,1390,1,10,SEAT IBIZA,4,E01016977,0,-1
2020500923931,2020,500923931,1,9,0,17,19,3,7,0,0,0,1,0,0,0,1,1,6,6,1,21,5,1390,1,6,SEAT IBIZA,6,E01019003,0,-1
2020540427820,2020,540427820,2,9,0,5,5,1,5,0,0,4,0,0,0,0,2,1,2,2,2,34,6,1968,2,8,SEAT IBIZA,10,E01031906,0,-1
2020990969448,2020,990969448,1,9,0,18,19,8,4,0,0,0,0,0,0,0,1,2,5,6,2,19,4,1390,1,9,SEAT IBIZA,3,-1,0,-1