collision_index,collision_year,collision_ref_no,vehicle_reference,vehicle_type,towing_and_articulation,vehicle_manoeuvre_historic,vehicle_manoeuvre,vehicle_direction_from,vehicle_direction_to,vehicle_location_restricted_lane_historic,vehicle_location_restricted_lane,junction_location,skidding_and_overturning,hit_object_in_carriageway,vehicle_leaving_carriageway,hit_object_off_carriageway,first_point_of_impact,vehicle_left_hand_drive,journey_purpose_of_driver_historic,journey_purpose_of_driver,sex_of_driver,age_of_driver,age_band_of_driver,engine_capacity_cc,propulsion_code,age_of_vehicle,generic_make_model,driver_imd_decile,lsoa_of_driver,escooter_flag,driver_distance_banding
2020991017247,2020,991017247,1,9,0,18,19,4,8,0,0,8,1,0,0,0,1,1,6,6,1,29,6,1390,1,13,SEAT IBIZA,3,-1,0,-1
2020201005669,2020,201005669,1,9,0,9,9,4,2,0,0,5,0,0,0,0,4,1,6,6,1,19,4,1390,1,11,SEAT IBIZA,1,E01009062,0,-1
2020052001470,2020,052001470,1,9,0,4,4,1,5,0,0,8,0,0,0,0,0,1,2,2,3,-1,-1,999,1,3,SEAT IBIZA,-1,-1,0,-1
2020460926935,2020,460926935,2,9,0,16,19,3,7,0,0,0,0,0,1,9,1,1,6,6,1,28,6,1422,2,10,SEAT IBIZA,9,E01024835,0,-1
2020552000813,2020,552000813,1,9,0,18,19,3,7,0,0,6,5,0,7,0,1,1,6,6,1,25,5,1198,1,16,SEAT IBIZA,1,E01015267,0,-1
202006P278080,2020,06P278080,1,9,0,18,19,2,6,0,0,0,1,11,7,3,1,1,6,6,1,17,4,1390,1,9,SEAT IBIZA,1,E01005473,0,-1
2020040958715,2020,040958715,1,9,0,18,19,1,5,0,0,0,0,0,0,0,1,1,5,6,1,19,4,1390,1,12,SEAT IBIZA,6,E01024915,0,-1
2020230935913,2020,230935913,1,9,0,18,19,2,6,0,0,0,0,0,0,0,1,1,5,6,1,22,5,1390,1,11,SEAT IBIZA,9,E01031306,0,-1
2020010244058,2020,010244058,2,9,0,99,99,9,9,99,99,1,9,99,9,99,1,9,6,6,3,-1,-1,1395,1,5,SEAT IBIZA,-1,-1,0,-1
2020430221431,2020,430221431,1,9,0,12,12,3,7,0,0,0,0,0,0,0,0,1,2,2,1,-1,-1,999,1,1,SEAT IBIZA,-1,-1,0,-1
2020500949736,2020,500949736,1,9,0,18,19,7,3,0,0,3,0,10,7,0,1,1,6,6,1,21,5,1198,1,12,SEAT IBIZA,4,E01019043,0,-1
2020450986431,2020,450986431,1,9,0,4,4,5,1,0,0,0,0,0,0,0,2,1,5,6,1,51,8,1197,1,7,SEAT IBIZA,7,E01032663,0,-1
2020990924415,2020,990924415,1,9,0,18,19,6,1,0,0,0,2,0,7,11,1,1,5,6,1,18,4,1896,2,14,SEAT IBIZA,7,-1,0,-1
2020371004713,2020,371004713,1,9,0,18,19,1,5,0,0,0,0,0,0,0,1,1,1,1,1,35,6,1390,1,16,SEAT IBIZA,10,E01029963,0,-1
2020122000349,2020,122000349,1,9,0,16,19,7,2,0,0,0,1,0,8,2,3,1,6,6,1,19,4,1896,2,14,SEAT IBIZA,5,E01027798,0,-1
2020140965289,2020,140965289,1,9,0,18,19,4,2,0,0,2,5,10,7,11,1,1,5,6,1,24,5,1197,1,4,SEAT IBIZA,6,E01011517,0,-1
2020122000306,2020,122000306,2,9,0,9,9,6,4,0,0,3,0,0,0,0,4,1,6,6,1,18,4,1197,1,3,SEAT IBIZA,10,E01011706,0,-1
2020140931332,2020,140931332,3,9,0,4,4,5,1,0,0,0,0,0,0,0,1,1,1,1,1,26,6,1199,2,9,SEAT IBIZA,8,E01027750,0,-1
202006E177144,2020,06E177144,1,9,0,12,12,5,1,0,0,8,0,0,0,0,4,1,6,6,3,-1,-1,1390,1,9,SEAT IBIZA,-1,-1,0,-1
2020370941525,2020,370941525,2,9,0,3,3,7,3,0,0,1,0,0,0,0,2,1,5,6,1,17,4,1390,1,9,SEAT IBIZA,8,E01029977,0,-1
2020101001321,2020,101001321,1,9,0,9,9,7,5,0,0,5,0,0,0,0,4,1,6,6,2,26,6,1598,2,7,SEAT IBIZA,1,E01008398,0,-1
2020320319261,2020,320319261,2,9,0,2,2,0,0,0,0,0,0,0,0,0,1,1,6,6,3,40,7,1390,1,5,SEAT IBIZA,-1,-1,0,-1
2020320401889,2020,320401889,1,9,0,18,19,5,1,0,0,1,0,0,0,0,1,1,6,6,2,70,10,1390,1,8,SEAT IBIZA,2,E01013237,0,-1
2020440322639,2020,440322639,1,9,0,18,19,2,6,0,0,6,0,0,0,0,1,1,6,6,2,56,9,1390,1,9,SEAT IBIZA,1,E01017218,0,-1
2020440147461,2020,440147461,1,9,0,17,19,7,3,0,0,0,0,0,0,0,1,1,6,6,1,33,6,1198,1,16,SEAT IBIZA,3,E01017347,0,-1
2020450980157,2020,450980157,2,9,0,9,9,1,3,0,0,1,0,0,0,0,3,1,6,6,1,19,4,1422,2,10,SEAT IBIZA,8,E01030698,0,-1
2020530994863,2020,530994863,1,9,0,17,19,6,2,0,0,0,2,0,7,4,1,1,5,6,1,17,4,1198,1,12,SEAT IBIZA,10,E01022354,0,-1
2020101003128,2020,101003128,2,9,0,5,5,3,7,0,0,4,0,0,0,0,1,1,6,6,2,21,5,1390,1,9,SEAT IBIZA,1,E01008735,0,-1
20201371S1217,2020,1371S1217,3,9,0,16,19,7,3,0,0,0,0,0,0,0,1,1,6,6,1,36,7,1796,1,14,SEAT IBIZA,4,E01010902,0,-1
2020100927417,2020,100927417,1,9,0,18,19,1,5,0,0,0,1,0,2,4,1,1,2,2,1,23,5,1197,1,3,SEAT IBIZA,6,E01027472,0,-1
2020201020478,2020,201020478,1,9,0,18,19,1,5,0,0,8,0,0,0,0,4,1,6,6,1,29,6,1390,1,7,SEAT IBIZA,4,E01010361,0,-1
2020211015996,2020,211015996,1,9,0,5,5,7,3,0,0,8,0,0,0,0,1,1,6,6,2,18,4,1198,1,9,SEAT IBIZA,6,E01029497,0,-1
2020201023075,2020,201023075,2,9,0,18,19,7,3,0,0,8,0,4,0,0,1,1,6,6,2,19,4,1390,1,11,SEAT IBIZA,2,E01009650,0,-1
2020500962546,2020,500962546,1,9,0,18,19,5,1,0,0,4,0,0,0,0,4,1,6,6,1,32,6,1422,2,10,SEAT IBIZA,3,E01018761,0,-1
20201373E0647,2020,1373E0647,1,9,0,16,19,7,3,0,0,0,0,0,0,0,1,1,6,6,2,39,7,999,1,3,SEAT IBIZA,4,E01010856,0,-1
2020320437895,2020,320437895,1,9,0,18,19,1,5,0,0,0,5,0,1,0,1,1,6,6,2,20,4,1197,1,4,SEAT IBIZA,-1,-1,0,-1
202031D042620,2020,31D042620,1,9,0,9,9,7,5,0,0,5,0,0,0,0,1,1,6,6,2,77,11,1598,1,10,SEAT IBIZA,8,E01028182,0,-1
2020500968154,2020,500968154,1,9,0,9,9,8,6,0,0,0,0,0,0,0,2,1,5,6,1,60,9,999,1,4,SEAT IBIZA,6,E01019014,0,-1
2020010267365,2020,010267365,1,9,0,18,19,5,1,0,0,8,0,0,0,0,1,1,6,6,1,20,4,1390,1,13,SEAT IBIZA,9,E01017759,0,-1
2020320500088,2020,320500088,1,9,0,17,19,7,3,0,0,0,5,0,1,9,1,1,3,7,2,23,5,1422,2,11,SEAT IBIZA,6,E01026391,0,-1
2020470972864,2020,470972864,1,9,0,18,19,5,1,0,0,0,0,7,0,0,1,1,5,6,1,26,6,1197,1,7,SEAT IBIZA,10,E01031820,0,-1
2020122001196,2020,122001196,2,9,0,18,19,3,7,0,0,1,0,0,0,0,1,1,6,6,1,20,4,1390,1,8,SEAT IBIZA,5,E01012937,0,-1
2020100994721,2020,100994721,2,9,0,3,3,1,1,0,0,0,0,0,0,0,2,1,5,6,2,28,6,999,1,3,SEAT IBIZA,2,E01008300,0,-1
2020340N01272,2020,340N01272,2,9,0,11,11,7,3,0,0,0,0,0,0,0,1,1,6,6,1,23,5,1198,1,17,SEAT IBIZA,5,E01027133,0,-1
2020070409291,2020,070409291,1,9,0,16,19,7,2,0,0,0,0,0,0,0,3,1,6,6,1,40,7,1390,1,9,SEAT IBIZA,10,E01018491,0,-1
20201375O1456,2020,1375O1456,2,9,0,5,5,1,5,0,0,0,0,0,0,0,1,1,6,6,1,33,6,1390,1,14,SEAT IBIZA,1,E01033003,0,-1
202006XK67599,2020,06XK67599,3,9,0,18,19,8,4,0,0,0,0,0,0,0,2,1,2,2,1,25,5,1197,1,4,SEAT IBIZA,9,E01006277,0,-1
2020350927171,2020,350927171,2,9,0,9,9,1,3,0,0,0,0,0,0,0,1,1,6,6,1,18,4,1198,1,8,SEAT IBIZA,6,E01026282,0,-1
2020990939401,2020,990939401,2,9,0,18,19,1,5,0,0,1,0,0,0,0,3,1,5,6,1,26,6,1199,2,9,SEAT IBIZA,9,-1,0,-1
2020430221989,2020,430221989,2,9,0,2,2,0,0,0,0,0,0,0,0,0,2,1,6,6,2,44,7,999,1,3,SEAT IBIZA,10,E01028780,0,-1
2020010285511,2020,010285511,1,9,0,7,7,4,6,0,0,5,1,0,0,0,4,1,6,6,2,29,6,1422,2,10,SEAT IBIZA,8,E01003455,0,-1
2020220982307,2020,220982307,1,9,0,2,2,0,0,6,6,0,0,0,0,0,1,1,2,2,1,41,7,1199,2,9,SEAT IBIZA,4,E01032343,0,-1
2020201005782,2020,201005782,3,9,0,2,2,0,0,0,0,2,0,0,0,0,2,1,6,6,1,-1,-1,1199,2,8,SEAT IBIZA,3,E01010127,0,-1
2020470987587,2020,470987587,1,9,0,16,19,4,7,0,0,0,0,0,0,0,1,1,5,6,1,21,5,1198,1,14,SEAT IBIZA,8,E01031418,0,-1
2020350979404,2020,350979404,1,9,0,9,9,6,4,0,0,3,0,0,0,0,4,1,5,6,2,59,9,1390,1,9,SEAT IBIZA,9,E01018032,0,-1
20201378N1309,2020,1378N1309,1,9,0,7,7,2,6,0,0,2,0,0,0,0,3,1,6,6,1,18,4,1390,1,9,SEAT IBIZA,8,E01011086,0,-1
2020200956137,2020,200956137,2,9,0,18,19,4,8,0,0,1,0,0,0,0,1,1,6,6,1,34,6,1598,1,12,SEAT IBIZA,9,E01010255,0,-1
2020430034669,2020,430034669,2,9,0,18,19,1,5,0,0,0,1,0,0,0,3,1,2,2,1,38,7,1390,1,12,SEAT IBIZA,6,E01017674,0,-1
2020100932054,2020,100932054,2,9,0,3,3,8,4,0,0,0,0,0,0,0,2,1,6,6,2,49,8,1390,1,7,SEAT IBIZA,5,E01008686,0,-1
20201375K2376,2020,1375K2376,1,9,0,18,19,2,6,0,0,8,0,0,0,0,1,1,6,6,1,26,6,1390,1,11,SEAT IBIZA,5,E01010788,0,-1
2020440479732,2020,440479732,1,9,0,7,7,7,1,0,0,6,0,0,0,0,1,1,6,6,1,27,6,1598,2,7,SEAT IBIZA,2,E01017109,0,-1
2020421000434,2020,421000434,1,9,0,16,19,6,2,0,0,1,1,0,0,0,1,1,5,6,1,21,5,1398,1,11,SEAT IBIZA,10,E01021379,0,-1
2020460943905,2020,460943905,2,9,0,4,4,3,7,0,0,0,0,0,0,0,2,1,6,6,2,44,7,1896,2,11,SEAT IBIZA,4,E01024587,0,-1
2020137B41825,2020,137B41825,1,9,0,18,19,3,7,0,0,0,0,0,0,0,1,1,6,6,1,24,5,999,1,1,SEAT IBIZA,4,E01011258,0,-1
2020200989947,2020,200989947,2,9,0,18,19,-1,-1,0,0,0,0,0,0,0,0,1,6,6,1,19,4,1390,1,10,SEAT IBIZA,2,E01033635,0,-1
2020450990432,2020,450990432,1,9,0,18,19,1,5,0,0,0,0,0,0,0,1,1,2,2,1,44,7,1390,1,6,SEAT IBIZA,6,E01023564,0,-1
2020420997604,2020,420997604,1,9,0,16,19,5,7,8,6,0,1,0,1,0,3,1,5,6,2,25,5,1598,2,10,SEAT IBIZA,3,E01011024,0,-1
2020460963258,2020,460963258,1,9,0,5,5,5,1,0,0,1,0,0,0,0,4,1,5,6,1,17,4,1197,1,7,SEAT IBIZA,10,E01024321,0,-1
2020200947352,2020,200947352,1,9,0,9,9,6,4,0,0,6,0,0,0,0,4,1,6,6,1,22,5,1390,1,8,SEAT IBIZA,2,E01033635,0,-1
2020990940608,2020,990940608,1,9,0,3,3,3,7,0,0,0,0,0,0,0,1,1,5,6,1,18,4,999,1,3,SEAT IBIZA,3,-1,0,-1
2020430209268,2020,430209268,2,9,0,9,9,6,4,0,0,6,0,0,0,0,1,1,6,6,2,28,6,1390,1,9,SEAT IBIZA,7,E01028424,0,-1
2020440215566,2020,440215566,1,9,0,5,5,5,1,0,0,6,0,0,1,0,3,1,6,6,1,18,4,1390,1,11,SEAT IBIZA,10,E01022509,0,-1
2020030937857,2020,030937857,1,9,0,18,19,1,5,0,0,0,2,0,1,2,1,1,6,6,1,26,6,1395,1,5,SEAT IBIZA,2,E01019294,0,-1
2020220981318,2020,220981318,1,9,0,18,19,4,8,0,0,0,0,0,0,0,3,1,2,2,2,53,8,1896,2,17,SEAT IBIZA,4,E01014020,0,-1
2020470959247,2020,470959247,1,9,0,18,19,5,1,0,0,0,0,0,0,0,1,1,6,6,1,39,7,1198,1,8,SEAT IBIZA,6,E01031528,0,-1
2020201021923,2020,201021923,1,9,0,18,19,2,6,0,0,8,0,10,1,11,1,1,6,6,1,26,6,1198,1,8,SEAT IBIZA,1,E01009480,0,-1
2020010245863,2020,010245863,1,9,0,18,19,5,1,0,0,2,0,0,0,0,2,1,2,2,2,40,7,1390,1,8,SEAT IBIZA,-1,-1,0,-1
2020220939021,2020,220939021,1,9,0,6,6,5,5,0,0,8,0,0,0,0,3,1,5,6,1,27,6,1598,2,6,SEAT IBIZA,7,E01014028,0,-1
2020351005570,2020,351005570,1,9,0,10,10,1,5,0,0,6,0,0,0,0,1,1,5,6,1,20,4,999,1,0,SEAT IBIZA,9,E01017958,0,-1
2020450918778,2020,450918778,1,9,0,5,5,7,3,0,0,8,0,0,0,0,3,1,5,6,1,26,6,1390,1,17,SEAT IBIZA,8,E01030722,0,-1
2020070355529,2020,070355529,1,9,0,18,19,3,7,0,0,1,1,0,1,10,1,1,6,6,1,22,5,1390,1,9,SEAT IBIZA,9,E01018474,0,-1
2020430018834,2020,430018834,1,9,0,18,19,3,7,0,0,2,0,0,0,0,4,1,1,1,1,61,9,999,1,2,SEAT IBIZA,4,E01015717,0,-1
2020010252547,2020,010252547,3,9,0,18,19,1,5,0,0,2,0,0,0,0,1,1,6,6,1,28,6,1422,2,12,SEAT IBIZA,2,E01000097,0,-1
2020470978260,2020,470978260,3,9,0,12,12,6,3,0,0,3,0,0,0,0,1,1,1,1,1,24,5,999,1,4,SEAT IBIZA,6,E01031669,0,-1
2020200964728,2020,200964728,1,9,0,1,1,7,3,0,0,2,0,0,0,0,2,1,6,6,1,27,6,1390,1,11,SEAT IBIZA,1,E01009507,0,-1
2020010241196,2020,010241196,2,9,0,11,11,3,7,0,0,3,0,0,0,0,4,1,2,2,1,24,5,1197,1,10,SEAT IBIZA,2,E01004423,0,-1
2020350984334,2020,350984334,1,9,0,17,19,7,3,0,0,0,0,0,0,0,1,1,6,6,1,25,5,1197,1,7,SEAT IBIZA,7,E01018022,0,-1
2020052000695,2020,052000695,1,9,0,5,5,6,8,0,0,6,0,0,0,0,1,1,6,6,1,48,8,999,1,4,SEAT IBIZA,5,E01006687,0,-1
2020522100115,2020,522100115,2,9,0,18,19,7,3,0,0,0,0,0,0,0,2,1,6,6,3,-1,-1,1198,1,16,SEAT IBIZA,-1,-1,0,-1
2020430311390,2020,430311390,1,9,0,17,19,1,5,0,0,1,1,10,1,0,1,1,2,2,1,19,4,1198,1,8,SEAT IBIZA,10,E01032759,0,-1
2020440229842,2020,440229842,1,9,0,9,9,8,6,0,0,8,0,0,0,0,1,1,6,6,2,48,8,1598,1,11,SEAT IBIZA,9,E01022787,0,-1
2020010243046,2020,010243046,1,9,0,9,9,1,7,0,0,2,0,7,0,0,1,1,2,2,1,20,4,1390,1,9,SEAT IBIZA,3,E01001366,0,-1
202063D083020,2020,63D083020,2,9,0,18,19,5,1,0,0,0,0,0,0,0,1,1,6,6,2,63,9,1598,2,7,SEAT IBIZA,10,W01000870,0,-1
2020440378196,2020,440378196,2,9,0,9,9,2,8,0,0,8,0,0,0,0,1,1,6,6,1,49,8,1198,1,15,SEAT IBIZA,4,E01023153,0,-1
2020210965338,2020,210965338,1,9,0,11,11,6,8,0,0,0,1,7,0,0,1,1,6,6,2,23,5,999,1,1,SEAT IBIZA,2,E01013585,0,-1
2020460994412,2020,460994412,1,9,0,9,9,1,6,0,0,8,0,0,0,0,4,1,5,6,1,19,4,1390,1,10,SEAT IBIZA,6,E01033091,0,-1
2020530936590,2020,530936590,2,9,0,18,19,5,1,0,0,0,0,0,0,0,1,1,2,2,2,57,9,1390,1,8,SEAT IBIZA,4,E01032936,0,-1
2020052002230,2020,052002230,1,9,0,7,7,3,5,0,0,6,0,0,0,0,1,1,6,6,2,22,5,1199,2,5,SEAT IBIZA,4,E01006513,0,-1
2020010245972,2020,010245972,1,9,0,18,19,3,7,0,0,0,0,0,0,0,4,1,6,6,2,57,9,1197,1,9,SEAT IBIZA,6,E01000778,0,-1
202063B079520,2020,63B079520,1,9,0,18,19,7,3,0,0,0,1,0,1,10,1,1,6,6,2,19,4,1390,1,10,SEAT IBIZA,2,W01000594,0,-1
2020350999735,2020,350999735,1,9,0,18,19,7,8,0,0,6,0,0,0,0,1,1,6,6,2,21,5,999,1,4,SEAT IBIZA,2,E01018075,0,-1
2020470988244,2020,470988244,1,9,0,9,9,2,1,0,0,6,0,0,0,0,3,1,6,6,2,22,5,1197,1,6,SEAT IBIZA,3,E01021050,0,-1
2020460981469,2020,460981469,1,9,0,13,13,1,5,0,0,1,0,0,0,0,3,1,6,6,1,23,5,1198,1,8,SEAT IBIZA,3,E01003596,0,-1
2020430266627,2020,430266627,2,9,0,9,9,1,7,0,0,0,0,0,0,0,3,1,6,6,1,17,4,999,1,1,SEAT IBIZA,10,E01028741,0,-1
2020400952132,2020,400952132,2,9,0,2,2,0,0,0,0,8,0,0,0,0,4,1,5,6,2,64,9,999,1,4,SEAT IBIZA,2,E01017492,0,-1
202063A042920,2020,63A042920,2,9,0,16,19,7,2,0,0,0,1,0,0,0,3,1,6,6,1,18,4,999,1,4,SEAT IBIZA,6,W01000687,0,-1
2020430265313,2020,430265313,2,9,0,9,9,5,3,0,0,6,0,0,0,0,3,1,6,6,2,45,7,1390,1,6,SEAT IBIZA,-1,-1,0,-1
2020302000757,2020,302000757,2,9,0,9,9,6,2,0,0,2,0,0,0,0,1,1,6,6,1,22,5,1199,2,10,SEAT IBIZA,1,E01013475,0,-1
2020320518563,2020,320518563,2,9,0,10,10,1,5,0,0,1,0,0,0,0,4,1,2,2,2,37,7,1390,1,10,SEAT IBIZA,5,E01013132,0,-1
2020450955675,2020,450955675,2,9,0,17,19,1,5,0,0,0,0,0,0,0,1,1,2,2,2,32,6,1197,1,5,SEAT IBIZA,10,E01030584,0,-1
2020201000711,2020,201000711,1,9,0,9,9,6,4,0,0,5,0,0,0,0,3,1,6,6,2,34,6,1390,1,7,SEAT IBIZA,1,E01009329,0,-1
2020370954424,2020,370954424,3,9,0,2,2,0,0,0,0,0,0,0,0,0,2,1,2,2,1,30,6,1390,1,8,SEAT IBIZA,8,E01030294,0,-1
2020170L10420,2020,170L10420,1,9,0,18,19,1,4,0,0,8,2,0,1,11,1,1,6,6,1,22,5,1390,1,10,SEAT IBIZA,1,E01033477,0,-1
2020461006637,2020,461006637,2,9,0,18,19,3,7,0,0,1,0,0,0,0,1,1,6,6,1,18,4,1390,1,12,SEAT IBIZA,2,E01024627,0,-1
2020520100156,2020,520100156,1,9,0,18,19,6,2,0,0,8,1,0,0,0,4,1,6,6,2,37,7,1390,1,9,SEAT IBIZA,3,E01029096,0,-1
2020010254481,2020,010254481,1,9,0,1,1,5,1,0,0,8,0,0,0,0,2,1,6,6,1,21,5,1197,1,4,SEAT IBIZA,4,E01004612,0,-1
2020052001609,2020,052001609,2,9,0,18,19,6,2,0,0,1,0,0,1,2,1,1,6,6,1,60,9,999,1,2,SEAT IBIZA,7,E01006666,0,-1
20201379T1289,2020,1379T1289,2,9,0,18,19,7,3,0,0,8,0,0,0,0,4,1,6,6,2,26,6,999,1,3,SEAT IBIZA,5,E01010598,0,-1
2020302000196,2020,302000196,3,9,0,18,19,6,2,0,0,0,0,0,0,0,1,1,6,6,1,19,4,1390,1,14,SEAT IBIZA,7,E01019457,0,-1
2020161005072,2020,161005072,1,9,0,18,19,3,7,0,0,0,0,0,0,0,3,1,6,6,2,-1,-1,1390,1,6,SEAT IBIZA,5,E01013213,0,-1
2020140921803,2020,140921803,1,9,0,3,3,6,2,0,0,2,0,0,0,0,2,1,6,6,2,28,6,1598,1,10,SEAT IBIZA,2,E01008107,0,-1
2020991007892,2020,991007892,2,9,0,18,19,3,7,0,0,8,0,0,0,0,1,1,5,6,2,36,7,1390,1,8,SEAT IBIZA,10,-1,0,-1
2020140948839,2020,140948839,1,9,0,18,19,2,7,0,0,8,0,0,0,0,4,1,5,6,2,52,8,999,1,3,SEAT IBIZA,4,E01008019,0,-1
2020302000122,2020,302000122,2,9,0,18,19,6,2,0,0,0,0,0,0,0,0,1,6,6,1,48,8,1968,2,10,SEAT IBIZA,5,E01013542,0,-1
2020010247598,2020,010247598,2,9,0,18,19,7,3,0,0,8,0,0,0,0,1,1,6,6,2,53,8,1198,1,12,SEAT IBIZA,10,E01000684,0,-1
202006N671200,2020,06N671200,1,9,0,18,19,2,6,0,0,0,0,0,0,0,1,1,6,6,1,20,4,1390,1,5,SEAT IBIZA,8,E01004970,0,-1
2020200946060,2020,200946060,1,9,0,9,9,8,6,0,0,6,0,0,0,0,4,1,6,6,3,33,6,999,1,1,SEAT IBIZA,3,E01031094,0,-1
2020140967363,2020,140967363,2,9,0,13,13,5,1,0,0,0,0,0,0,0,1,1,6,6,1,19,4,1197,1,6,SEAT IBIZA,10,E01007826,0,-1
2020552000820,2020,552000820,1,9,0,17,19,7,3,0,0,0,0,0,8,4,1,1,6,6,1,22,5,999,1,0,SEAT IBIZA,2,E01001414,0,-1
2020230988374,2020,230988374,1,9,0,18,19,6,2,0,0,0,0,0,0,0,1,1,5,6,1,40,7,1390,1,9,SEAT IBIZA,7,E01031297,0,-1
2020210983503,2020,210983503,1,9,0,15,15,7,3,0,0,1,0,0,0,0,4,1,6,6,1,53,8,999,1,3,SEAT IBIZA,6,E01029837,0,-1
2020141009799,2020,141009799,1,9,0,17,19,4,7,9,9,0,1,0,7,4,4,1,5,6,1,22,5,1198,1,6,SEAT IBIZA,2,E01013332,0,-1
2020440489473,2020,440489473,2,9,0,18,19,7,3,0,0,1,0,0,0,0,1,1,6,6,1,35,6,1198,1,13,SEAT IBIZA,8,E01022758,0,-1
2020302001122,2020,302001122,1,9,0,16,19,2,6,0,0,1,0,0,0,0,1,1,6,6,1,32,6,1198,1,12,SEAT IBIZA,4,E01019649,0,-1
2020430363528,2020,430363528,1,9,0,5,5,6,3,0,0,2,0,0,0,0,3,1,6,6,1,27,6,1197,1,7,SEAT IBIZA,10,E01016182,0,-1
2020220992100,2020,220992100,2,9,0,4,4,3,7,0,0,1,0,0,0,0,1,1,6,6,2,27,6,1422,2,10,SEAT IBIZA,9,E01032335,0,-1
2020110957953,2020,110957953,2,9,0,9,9,1,7,0,0,0,0,0,0,0,3,1,6,6,1,23,5,1390,1,11,SEAT IBIZA,1,E01020757,0,-1
2020122000629,2020,122000629,2,9,0,18,19,3,7,0,0,0,1,0,0,0,1,1,6,6,1,20,4,1896,2,12,SEAT IBIZA,9,E01027792,0,-1
2020170S11040,2020,170S11040,2,9,0,4,4,4,8,0,0,0,0,0,0,0,2,1,2,2,1,53,8,1198,1,11,SEAT IBIZA,1,E01033468,0,-1
202031D069520,2020,31D069520,2,9,0,9,9,8,6,0,0,5,1,0,1,11,3,1,6,6,2,53,8,1390,1,5,SEAT IBIZA,7,E01028085,0,-1
2020137761863,2020,137761863,1,9,0,9,9,7,3,0,0,6,0,0,0,0,3,1,6,6,1,19,4,1390,1,6,SEAT IBIZA,9,E01011946,0,-1
2020170L20930,2020,170L20930,2,9,0,18,19,7,3,0,0,0,0,0,0,0,3,1,6,6,1,34,6,1390,1,9,SEAT IBIZA,1,E01012037,0,-1
2020140986511,2020,140986511,1,9,0,18,19,8,4,0,0,0,2,0,8,11,3,1,5,6,1,26,6,1796,1,14,SEAT IBIZA,2,E01007942,0,-1
2020220953288,2020,220953288,1,9,0,18,19,1,5,0,0,8,0,0,0,0,3,1,5,6,2,84,11,1390,1,11,SEAT IBIZA,2,E01032470,0,-1
2020040972742,2020,040972742,2,9,0,18,19,1,5,0,0,0,0,0,0,0,1,1,5,6,2,28,6,1390,1,8,SEAT IBIZA,-1,-1,0,-1
2020540307720,2020,540307720,1,9,0,4,4,2,6,0,0,0,0,0,0,0,1,2,6,6,2,22,5,1198,1,9,SEAT IBIZA,6,E01032078,0,-1
2020501015568,2020,501015568,2,9,0,3,3,5,1,0,0,0,0,0,0,0,2,1,5,6,2,37,7,1598,2,7,SEAT IBIZA,5,E01018831,0,-1
2020010962021,2020,010962021,4,9,0,8,8,7,3,0,0,3,0,0,0,0,1,1,2,2,2,25,5,1598,2,10,SEAT IBIZA,5,E01021261,0,-1
2020302001115,2020,302001115,2,9,0,6,6,5,5,0,0,0,0,0,0,0,2,1,1,1,2,19,4,1199,2,8,SEAT IBIZA,10,E01019427,0,-1
2020200950907,2020,200950907,4,9,0,2,2,0,0,0,0,0,0,0,0,0,3,1,6,6,1,36,7,1390,1,12,SEAT IBIZA,-1,-1,0,-1
202006E174540,2020,06E174540,2,9,0,18,19,2,6,0,0,0,0,0,0,0,1,1,1,1,2,28,6,1197,1,7,SEAT IBIZA,-1,-1,0,-1
202006J272169,2020,06J272169,1,9,0,7,7,5,7,0,0,2,0,0,0,0,0,1,6,6,1,27,6,1390,1,5,SEAT IBIZA,9,E01005904,0,-1
2020522002309,2020,522002309,2,9,0,7,7,5,7,0,0,6,0,0,0,0,3,1,6,6,2,22,5,1390,1,6,SEAT IBIZA,2,E01014568,0,-1
202063C073120,2020,63C073120,1,9,0,18,19,3,7,0,0,0,0,12,0,0,1,1,6,6,1,23,5,1896,2,12,SEAT IBIZA,7,W01000573,0,-1
2020552000537,2020,552000537,1,9,0,18,19,5,1,0,0,0,0,0,0,0,1,1,6,6,1,31,6,1198,1,14,SEAT IBIZA,2,E01020573,0,-1
2020420941895,2020,420941895,2,9,0,4,4,5,1,0,0,0,0,0,0,0,3,1,6,6,1,30,6,1896,2,17,SEAT IBIZA,5,E01021497,0,-1
2020110955478,2020,110955478,1,9,0,18,19,2,6,0,0,0,0,0,0,0,1,1,6,6,3,30,6,1197,1,5,SEAT IBIZA,-1,-1,0,-1
2020140951490,2020,140951490,2,9,0,18,19,7,3,0,0,1,0,0,0,0,1,1,5,6,1,39,7,1390,1,12,SEAT IBIZA,1,E01007367,0,-1
2020200987838,2020,200987838,1,9,0,18,19,4,8,0,0,4,0,0,0,0,4,1,6,6,3,-1,-1,1390,1,7,SEAT IBIZA,-1,-1,0,-1
2020220919908,2020,220919908,2,9,0,18,19,3,7,0,0,1,0,0,0,0,3,1,3,7,2,25,5,1395,1,6,SEAT IBIZA,8,E01013990,0,-1
2020201003632,2020,201003632,5,9,0,2,2,0,0,0,0,2,0,0,0,0,4,1,6,6,2,-1,-1,1390,1,14,SEAT IBIZA,2,E01008881,0,-1
2020990984193,2020,990984193,1,9,0,18,19,8,4,0,0,2,0,0,0,0,1,1,5,6,1,25,5,1198,1,15,SEAT IBIZA,8,-1,0,-1
2020010271808,2020,010271808,1,9,0,99,99,9,9,99,99,0,9,99,9,99,2,9,6,6,1,31,6,1390,1,12,SEAT IBIZA,7,E01000340,0,-1