collision_index,collision_year,collision_ref_no,vehicle_reference,vehicle_type,towing_and_articulation,vehicle_manoeuvre_historic,vehicle_manoeuvre,vehicle_direction_from,vehicle_direction_to,vehicle_location_restricted_lane_historic,vehicle_location_restricted_lane,junction_location,skidding_and_overturning,hit_object_in_carriageway,vehicle_leaving_carriageway,hit_object_off_carriageway,first_point_of_impact,vehicle_left_hand_drive,journey_purpose_of_driver_historic,journey_purpose_of_driver,sex_of_driver,age_of_driver,age_band_of_driver,engine_capacity_cc,propulsion_code,age_of_vehicle,generic_make_model,driver_imd_decile,lsoa_of_driver,escooter_flag,driver_distance_banding
2020990965617,2020,990965617,1,9,0,9,9,8,7,0,0,6,5,0,0,0,1,1,6,6,2,24,5,1390,1,7,SEAT IBIZA,1,-1,0,-1
2020302001537,2020,302001537,1,9,0,18,19,6,2,0,0,0,0,0,0,0,1,1,6,6,1,30,6,1390,1,10,SEAT IBIZA,9,E01008159,0,-1
2020201001991,2020,201001991,2,9,0,9,9,8,6,0,0,6,1,0,0,0,3,1,6,6,1,38,7,1197,1,10,SEAT IBIZA,1,E01009331,0,-1
2020350977834,2020,350977834,1,9,0,18,19,5,1,0,0,1,0,0,0,0,1,1,1,1,2,50,8,1198,1,7,SEAT IBIZA,5,E01018033,0,-1
2020140928278,2020,140928278,1,9,0,5,5,1,3,0,0,2,0,0,1,0,1,1,5,6,1,20,4,999,1,2,SEAT IBIZA,2,E01007965,0,-1
2020500942647,2020,500942647,1,9,0,18,19,1,5,0,0,4,0,9,3,2,1,1,5,6,2,61,9,1390,1,5,SEAT IBIZA,4,E01018881,0,-1
2020470984619,2020,470984619,1,9,0,5,5,3,7,0,0,0,0,0,0,0,1,1,5,6,1,20,4,1598,2,11,SEAT IBIZA,3,E01020941,0,-1
2020160979299,2020,160979299,1,9,0,18,19,5,1,0,0,1,0,0,0,0,1,1,6,6,1,-1,-1,1198,1,6,SEAT IBIZA,-1,-1,0,-1
2020340S07042,2020,340S07042,2,9,0,18,19,1,5,0,0,0,1,10,0,6,2,1,6,6,1,28,6,1390,1,12,SEAT IBIZA,2,E01027161,0,-1
2020201020612,2020,201020612,1,9,0,18,19,8,4,0,0,1,0,0,0,0,1,1,6,6,1,-1,-1,1197,1,4,SEAT IBIZA,-1,-1,0,-1
20201372A1545,2020,1372A1545,2,9,0,18,19,3,7,0,0,0,0,0,0,0,1,1,6,6,2,29,6,1197,1,8,SEAT IBIZA,4,E01011634,0,-1
2020200934153,2020,200934153,2,9,0,18,19,-1,-1,0,0,1,0,0,0,0,1,1,6,6,3,-1,-1,1197,1,8,SEAT IBIZA,-1,-1,0,-1
2020010276350,2020,010276350,1,8,0,99,99,9,9,99,99,9,9,99,9,99,1,9,6,6,3,-1,-1,1197,1,8,-1,-1,-1,0,-1
2020460922422,2020,460922422,2,9,0,3,3,1,5,0,0,0,0,0,0,0,2,1,6,6,2,44,7,1390,1,7,SEAT IBIZA,4,E01024382,0,-1
2020990989955,2020,990989955,1,9,0,18,19,7,3,0,0,0,5,0,0,0,1,1,6,6,1,16,4,1198,1,13,SEAT IBIZA,1,-1,0,-1
2020990935886,2020,990935886,2,9,0,18,19,4,8,0,0,8,1,0,0,0,4,1,5,6,2,22,5,1390,1,9,SEAT IBIZA,6,-1,0,-1
2020140987285,2020,140987285,1,9,0,4,4,6,2,0,0,0,0,0,0,0,2,1,5,6,2,52,8,1390,1,5,SEAT IBIZA,9,E01007612,0,-1
2020501003977,2020,501003977,3,9,0,2,2,0,0,0,0,1,0,0,0,0,3,1,5,6,2,-1,-1,1390,1,9,SEAT IBIZA,3,E01018993,0,-1
2020010242494,2020,010242494,1,9,0,11,11,5,1,0,0,3,0,0,0,0,4,1,2,2,1,36,7,1896,2,15,SEAT IBIZA,6,E01000232,0,-1
2020200951403,2020,200951403,2,9,0,9,9,2,8,0,0,1,0,0,0,0,2,1,1,1,2,49,8,1390,1,17,SEAT IBIZA,2,E01009028,0,-1
2020010264756,2020,010264756,3,9,0,2,2,0,0,0,0,0,0,0,1,11,3,1,6,6,3,-1,-1,1390,1,11,SEAT IBIZA,-1,-1,0,-1
2020302000945,2020,302000945,1,9,0,13,13,7,3,0,0,2,0,0,0,0,3,1,6,6,1,84,11,1598,2,7,SEAT IBIZA,7,E01029467,0,-1
2020161002819,2020,161002819,2,9,0,18,19,7,3,0,0,1,0,0,0,0,1,1,5,6,2,24,5,1896,2,13,SEAT IBIZA,6,E01013023,0,-1
2020470946435,2020,470946435,2,9,0,18,19,3,7,0,0,4,1,0,0,0,1,1,1,1,2,29,6,1390,1,11,SEAT IBIZA,4,E01020914,0,-1
2020140985976,2020,140985976,1,9,0,18,19,5,1,0,0,1,0,0,0,0,1,1,1,1,2,21,5,999,1,3,SEAT IBIZA,5,E01007331,0,-1
2020010228539,2020,010228539,1,9,0,18,19,3,7,0,0,0,0,0,0,0,4,1,2,2,1,27,6,1395,1,6,SEAT IBIZA,9,E01030802,0,-1
2020030988995,2020,030988995,1,9,0,16,19,7,3,0,0,0,0,0,2,0,3,1,5,6,1,17,4,1198,1,13,SEAT IBIZA,8,E01019366,0,-1
2020170L30990,2020,170L30990,1,9,0,9,9,5,3,0,0,8,0,0,0,0,1,1,6,6,2,-1,-1,1390,1,7,SEAT IBIZA,1,E01012127,0,-1
2020200989968,2020,200989968,1,9,0,18,19,-1,-1,-1,-1,0,0,0,4,0,-1,1,6,6,1,19,4,1395,1,5,SEAT IBIZA,2,E01010404,0,-1
2020461001685,2020,461001685,1,9,0,9,9,5,3,0,0,0,0,0,0,0,3,1,6,6,1,24,5,999,1,1,SEAT IBIZA,7,E01015134,0,-1
2020610019720,2020,610019720,2,9,5,18,19,8,4,0,0,6,0,10,0,0,3,1,6,6,2,29,6,1390,1,15,SEAT IBIZA,3,W01001336,0,-1
2020070026604,2020,070026604,4,9,0,4,4,8,4,0,0,0,0,0,0,0,2,1,6,6,1,21,5,1422,2,4,SEAT IBIZA,10,E01018530,0,-1
2020010251305,2020,010251305,1,9,0,5,5,0,1,0,0,1,2,0,0,0,1,2,6,6,1,21,5,1198,1,11,SEAT IBIZA,1,E01000521,0,-1
2020522004941,2020,522004941,2,9,0,18,19,6,2,0,0,1,0,0,0,0,4,1,6,6,1,34,6,1390,1,10,SEAT IBIZA,7,E01014696,0,-1
2020201015058,2020,201015058,1,9,0,12,12,5,1,0,0,0,0,10,1,1,1,1,6,6,1,18,4,1390,1,11,SEAT IBIZA,2,E01010372,0,-1
2020332000203,2020,332000203,1,9,0,14,14,6,2,0,0,8,0,0,0,0,1,1,6,6,2,21,5,1422,2,10,SEAT IBIZA,1,E01013720,0,-1
2020548449020,2020,548449020,1,9,0,18,19,5,1,0,0,0,5,0,7,0,1,1,6,6,2,24,5,1197,1,4,SEAT IBIZA,1,E01032096,0,-1
2020610027520,2020,610027520,2,9,0,18,19,8,4,0,0,1,0,0,0,0,1,1,2,2,1,21,5,1390,1,12,SEAT IBIZA,5,W01001486,0,-1
2020430344702,2020,430344702,1,9,0,18,19,5,1,0,0,2,0,0,0,0,1,1,6,6,2,27,6,1198,1,10,SEAT IBIZA,-1,-1,0,-1
2020500922566,2020,500922566,1,9,0,18,19,6,2,0,0,0,1,0,1,1,1,1,6,6,2,25,5,1390,1,17,SEAT IBIZA,4,E01020198,0,-1
2020160973727,2020,160973727,3,9,0,8,8,5,7,0,0,1,0,0,0,0,0,1,6,6,2,-1,-1,999,1,4,SEAT IBIZA,-1,-1,0,-1
2020160920648,2020,160920648,1,9,0,9,9,2,6,0,0,5,0,0,0,0,1,1,5,6,2,20,4,1197,1,4,SEAT IBIZA,1,E01013080,0,-1
2020010268362,2020,010268362,1,9,0,99,99,9,9,99,99,9,9,99,9,99,1,9,6,6,1,25,5,999,1,1,SEAT IBIZA,5,E01002948,0,-1
2020010266856,2020,010266856,1,9,0,9,9,7,5,0,0,8,0,0,0,0,1,1,6,6,1,42,7,999,2,5,SEAT IBIZA,-1,-1,0,-1
2020500975756,2020,500975756,1,9,0,17,19,5,2,0,0,1,1,4,0,0,1,1,5,6,1,18,4,999,1,2,SEAT IBIZA,4,E01023955,0,-1
2020200987362,2020,200987362,8,9,0,2,2,0,0,9,9,0,0,0,0,0,1,1,5,6,1,-1,-1,1198,1,8,SEAT IBIZA,4,E01009231,0,-1
2020530964613,2020,530964613,1,9,0,18,19,6,3,0,0,2,0,0,0,0,1,1,6,6,2,19,4,1390,1,7,SEAT IBIZA,3,E01022132,0,-1
2020421007120,2020,421007120,2,9,0,18,19,7,3,0,0,2,0,0,0,0,2,1,2,2,1,25,5,1197,1,5,SEAT IBIZA,9,E01021481,0,-1
2020137330247,2020,137330247,3,9,0,18,19,7,3,0,0,1,0,0,0,0,1,1,6,6,2,32,6,1390,1,11,SEAT IBIZA,-1,-1,0,-1
2020320332895,2020,320332895,1,9,0,18,19,2,6,0,0,0,1,0,7,3,4,1,6,6,1,24,5,1197,1,6,SEAT IBIZA,5,E01026052,0,-1
202031D052520,2020,31D052520,1,9,0,9,9,6,4,0,0,5,0,0,0,0,4,1,6,6,1,18,4,1390,1,12,SEAT IBIZA,2,E01013963,0,-1
2020461017590,2020,461017590,3,9,0,18,19,7,3,0,0,1,0,0,0,0,1,1,2,2,2,36,7,1390,1,11,SEAT IBIZA,4,E01024841,0,-1
2020200970253,2020,200970253,5,9,0,2,2,0,0,0,0,2,0,0,0,0,2,1,6,6,3,-1,-1,1422,2,12,SEAT IBIZA,-1,-1,0,-1
2020430246762,2020,430246762,1,9,0,18,19,2,6,0,0,8,0,0,0,0,1,1,6,6,1,30,6,1198,1,13,SEAT IBIZA,3,E01016249,0,-1
2020400980398,2020,400980398,1,9,0,18,19,6,2,0,0,0,1,0,3,10,1,1,5,6,1,19,4,1197,1,5,SEAT IBIZA,8,E01033501,0,-1
2020990925291,2020,990925291,1,9,0,17,19,7,3,0,0,0,0,0,0,0,4,1,5,6,1,41,7,1197,1,6,SEAT IBIZA,4,-1,0,-1
2020401003073,2020,401003073,1,9,0,18,19,8,4,0,0,0,0,0,0,0,1,1,2,2,1,28,6,1390,1,11,SEAT IBIZA,5,E01015740,0,-1
2020200998567,2020,200998567,2,9,0,18,19,2,6,0,0,8,0,0,0,0,1,1,6,6,2,26,6,999,1,2,SEAT IBIZA,3,E01009757,0,-1
2020052000518,2020,052000518,1,9,0,18,19,3,7,0,0,0,0,0,0,0,4,1,6,6,2,37,7,1390,1,11,SEAT IBIZA,1,E01006873,0,-1
2020990974284,2020,990974284,1,9,0,14,14,7,3,0,0,0,0,0,0,0,3,1,2,2,1,27,6,1197,1,9,SEAT IBIZA,5,-1,0,-1
2020010287008,2020,010287008,2,9,0,9,9,7,5,0,0,6,0,0,0,0,1,1,6,6,2,30,6,999,1,1,SEAT IBIZA,2,E01001143,0,-1
2020210929518,2020,210929518,1,9,0,3,3,1,7,0,0,8,0,0,0,0,4,1,2,2,2,33,6,1197,1,3,SEAT IBIZA,2,E01029593,0,-1
2020100918846,2020,100918846,1,9,0,4,4,7,1,0,0,1,0,0,0,0,0,1,2,2,2,35,6,1598,1,12,SEAT IBIZA,2,E01008571,0,-1
2020500992058,2020,500992058,2,9,0,18,19,7,8,0,0,1,0,0,0,0,3,1,5,6,2,20,4,1390,1,12,SEAT IBIZA,5,E01018798,0,-1
202031D120920,2020,31D120920,1,9,0,2,2,0,0,0,0,0,0,0,1,11,1,1,6,6,2,24,5,999,1,0,SEAT IBIZA,10,E01028401,0,-1
2020070544044,2020,070544044,1,9,0,18,19,3,7,0,0,0,1,10,5,6,1,1,6,6,2,21,5,1390,1,11,SEAT IBIZA,3,E01007907,0,-1
2020052002082,2020,052002082,1,9,0,9,9,6,4,0,0,8,0,0,0,0,3,1,6,6,1,37,7,1390,1,13,SEAT IBIZA,3,E01006719,0,-1
2020140937405,2020,140937405,1,9,0,18,19,3,7,0,0,1,0,0,0,0,2,1,5,6,2,19,4,1390,1,7,SEAT IBIZA,5,E01032586,0,-1
202031C148220,2020,31C148220,3,9,0,3,3,3,7,0,0,8,0,0,0,0,2,1,6,6,1,-1,-1,1198,1,15,SEAT IBIZA,2,E01013827,0,-1
2020122001224,2020,122001224,1,9,0,18,19,3,7,0,0,0,0,0,0,0,4,1,6,6,1,24,5,1198,1,16,SEAT IBIZA,8,E01027682,0,-1
2020010258093,2020,010258093,1,9,0,7,7,8,2,0,0,1,9,0,0,99,9,9,6,6,2,26,6,1390,1,12,SEAT IBIZA,-1,-1,0,-1
2020010238548,2020,010238548,2,9,0,99,99,9,9,99,99,9,9,99,9,99,9,9,6,6,3,-1,-1,1390,1,13,SEAT IBIZA,-1,-1,0,-1
2020100975468,2020,100975468,2,9,0,18,19,7,7,9,9,2,0,0,0,0,1,1,6,6,2,21,5,1896,2,12,SEAT IBIZA,2,E01008512,0,-1
2020070600336,2020,070600336,1,9,0,5,5,2,6,0,0,4,0,0,0,0,0,1,6,6,2,35,6,1390,1,6,SEAT IBIZA,6,E01018394,0,-1
2020100971702,2020,100971702,2,9,0,7,7,8,3,0,0,0,0,0,0,0,2,1,2,2,1,35,6,999,1,1,SEAT IBIZA,9,E01033714,0,-1
20201374S0071,2020,1374S0071,4,9,0,2,2,0,0,0,0,0,0,0,0,0,1,1,6,6,2,23,5,1390,1,6,SEAT IBIZA,-1,-1,0,-1
2020010239337,2020,010239337,2,9,0,18,19,6,2,0,0,1,0,0,0,0,1,1,6,6,1,30,6,1198,1,6,SEAT IBIZA,2,E01003390,0,-1
2020440354034,2020,440354034,1,9,0,9,9,1,7,0,0,8,0,0,0,0,1,1,6,6,1,82,11,1390,1,10,SEAT IBIZA,4,E01017085,0,-1
2020070404739,2020,070404739,2,9,0,4,4,5,1,0,0,8,0,0,0,0,2,1,6,6,1,58,9,999,1,0,SEAT IBIZA,2,E01012570,0,-1
2020302000563,2020,302000563,2,9,0,15,15,4,8,0,0,3,0,0,0,0,4,1,6,6,1,33,6,1390,1,14,SEAT IBIZA,3,E01028282,0,-1
2020160989234,2020,160989234,1,9,0,18,19,8,4,0,0,2,0,0,0,0,1,1,2,2,1,44,7,1395,1,5,SEAT IBIZA,1,E01012952,0,-1
2020160924544,2020,160924544,1,9,0,3,3,2,6,0,0,8,0,0,0,0,0,1,2,2,2,42,7,1197,1,4,SEAT IBIZA,5,E01033414,0,-1
2020137221739,2020,137221739,1,9,0,18,19,1,5,0,0,4,1,0,1,7,1,1,6,6,1,26,6,1598,1,11,SEAT IBIZA,8,E01010596,0,-1
2020340N00292,2020,340N00292,3,9,0,18,19,5,1,0,0,1,0,0,0,0,1,1,6,6,1,19,4,1197,1,4,SEAT IBIZA,5,E01027232,0,-1
2020470994620,2020,470994620,2,9,0,4,4,6,2,0,0,0,0,0,0,0,2,1,2,2,1,67,10,1390,1,6,SEAT IBIZA,9,E01031612,0,-1
2020360994674,2020,360994674,1,9,0,18,19,1,5,0,0,0,0,0,0,0,1,1,1,1,1,23,5,1198,1,17,SEAT IBIZA,6,E01026797,0,-1
2020350927489,2020,350927489,1,9,0,14,14,1,5,0,0,1,0,0,0,0,4,1,6,6,2,60,9,1390,1,7,SEAT IBIZA,-1,-1,0,-1
2020137AD0534,2020,137AD0534,1,9,0,7,7,4,8,0,0,1,0,0,0,0,4,1,6,6,2,30,6,1390,1,5,SEAT IBIZA,8,E01010709,0,-1
2020030940929,2020,030940929,1,9,0,18,19,5,1,0,0,0,1,0,1,7,1,1,6,6,1,20,4,1197,1,5,SEAT IBIZA,5,E01019327,0,-1
2020010237886,2020,010237886,1,9,0,18,19,5,1,0,0,2,0,0,7,0,1,1,2,2,1,24,5,1390,1,11,SEAT IBIZA,10,E01030590,0,-1
202063C078620,2020,63C078620,1,9,0,18,19,6,2,0,0,0,5,0,2,10,4,1,6,6,1,31,6,1390,1,5,SEAT IBIZA,6,W01000509,0,-1
2020420988438,2020,420988438,1,9,0,18,19,3,7,0,0,0,1,0,5,6,3,1,2,2,2,21,5,1390,1,8,SEAT IBIZA,9,E01021912,0,-1
2020440278679,2020,440278679,1,9,0,18,19,8,4,0,0,0,1,0,0,0,1,1,6,6,2,28,6,1390,1,11,SEAT IBIZA,7,E01023223,0,-1
2020302000402,2020,302000402,1,9,0,18,19,8,4,0,0,8,1,9,1,2,1,1,6,6,1,19,4,999,1,1,SEAT IBIZA,5,E01032586,0,-1
2020140985421,2020,140985421,1,9,0,4,4,2,6,0,0,1,0,0,0,0,2,1,5,6,2,23,5,1198,1,5,SEAT IBIZA,2,E01007770,0,-1
2020340E09152,2020,340E09152,1,9,0,3,3,7,3,0,0,1,0,0,0,0,1,1,6,6,1,21,5,1896,2,17,SEAT IBIZA,9,E01016735,0,-1
2020400982673,2020,400982673,1,9,0,6,6,7,3,0,0,1,0,0,0,0,1,1,5,6,2,52,8,1198,1,11,SEAT IBIZA,8,E01017468,0,-1
2020470953430,2020,470953430,2,9,0,17,19,5,2,0,0,0,0,0,0,0,1,1,5,6,2,30,6,1395,1,5,SEAT IBIZA,8,E01031466,0,-1
20201379Q1526,2020,1379Q1526,2,9,0,9,9,5,1,0,0,0,0,0,0,0,3,1,6,6,2,28,6,999,1,1,SEAT IBIZA,6,E01011490,0,-1
2020070542192,2020,070542192,2,9,0,18,19,1,5,0,0,2,0,0,0,0,3,1,6,6,2,36,7,1598,2,6,SEAT IBIZA,-1,-1,0,-1
202006P377326,2020,06P377326,2,9,0,18,19,1,5,0,0,8,0,0,3,10,4,1,6,6,1,17,4,999,1,0,SEAT IBIZA,3,E01005139,0,-1
2020160997484,2020,160997484,4,9,0,3,3,6,1,0,0,1,0,0,0,0,4,1,6,6,2,25,5,1198,1,5,SEAT IBIZA,8,E01013170,0,-1
202006N271916,2020,06N271916,2,9,0,18,19,2,6,0,0,0,0,0,0,2,2,1,6,6,2,29,6,1390,1,9,SEAT IBIZA,4,E01004961,0,-1
2020522004662,2020,522004662,1,9,0,18,19,8,4,0,0,1,0,0,0,0,1,1,6,6,1,17,4,999,1,4,SEAT IBIZA,9,E01014430,0,-1
2020040957150,2020,040957150,1,9,0,17,19,4,8,0,0,0,2,0,7,0,1,1,5,6,1,18,4,999,1,1,SEAT IBIZA,9,E01006316,0,-1
2020470951667,2020,470951667,1,9,0,18,19,5,1,0,0,0,0,0,0,0,2,1,5,6,1,39,7,1598,2,10,SEAT IBIZA,3,E01016926,0,-1
2020610051020,2020,610051020,1,9,0,17,19,2,7,0,0,0,1,7,0,1,1,1,2,2,1,36,7,1390,1,13,SEAT IBIZA,9,W01001606,0,-1
2020460946746,2020,460946746,2,9,0,18,19,7,3,0,0,0,0,0,0,0,2,1,6,6,2,-1,-1,1390,1,7,SEAT IBIZA,2,E01024627,0,-1
2020201002015,2020,201002015,2,9,0,1,1,6,2,0,0,6,0,0,0,0,3,1,2,2,1,20,4,1198,1,9,SEAT IBIZA,8,E01010134,0,-1
2020040971114,2020,040971114,1,9,0,3,3,5,1,0,0,0,0,0,0,0,2,1,5,6,1,25,5,999,1,1,SEAT IBIZA,1,E01006610,0,-1
202031A018820,2020,31A018820,2,9,0,4,4,1,4,0,0,1,0,0,0,0,2,1,6,6,1,21,5,1896,2,12,SEAT IBIZA,10,E01013578,0,-1
2020010269702,2020,010269702,1,9,9,99,99,9,9,99,99,9,9,99,9,99,9,9,6,6,1,-1,-1,1197,1,6,SEAT IBIZA,-1,-1,0,-1
202031D100120,2020,31D100120,1,9,0,7,7,7,1,0,0,5,0,0,0,0,1,1,6,6,2,18,4,1390,1,7,SEAT IBIZA,10,E01028407,0,-1
20201376K1047,2020,1376K1047,3,9,0,18,19,5,1,0,0,1,0,4,0,0,1,1,6,6,2,48,8,1390,1,9,SEAT IBIZA,9,E01011398,0,-1
2020460927136,2020,460927136,2,9,0,18,19,1,5,0,0,8,0,0,0,0,1,1,1,1,1,21,5,1199,2,8,SEAT IBIZA,9,E01024175,0,-1
202063D012420,2020,63D012420,1,9,0,16,19,5,8,0,0,0,5,0,8,10,1,1,2,2,2,25,5,1390,1,8,SEAT IBIZA,4,W01001139,0,-1
2020990989158,2020,990989158,2,9,0,18,19,7,3,0,0,1,0,0,0,0,3,1,6,6,2,29,6,1390,1,7,SEAT IBIZA,2,-1,0,-1
2020211025657,2020,211025657,2,9,0,18,19,7,3,0,0,0,0,0,0,0,1,1,6,6,1,20,4,999,1,2,SEAT IBIZA,2,E01029604,0,-1
2020010276561,2020,010276561,1,9,0,18,19,7,3,0,0,4,0,0,1,11,1,1,6,6,2,27,6,1198,1,13,SEAT IBIZA,6,E01004218,0,-1
2020350934200,2020,350934200,2,9,0,17,19,1,5,0,0,1,0,0,1,0,1,1,1,1,2,21,5,1390,1,8,SEAT IBIZA,8,E01018219,0,-1
2020140964581,2020,140964581,1,9,0,7,7,5,1,0,0,8,0,10,7,11,1,1,6,6,2,22,5,1390,1,9,SEAT IBIZA,5,E01032927,0,-1
2020541941420,2020,541941420,1,9,0,18,19,5,1,0,0,4,0,0,0,0,1,1,6,6,1,18,4,1422,2,12,SEAT IBIZA,2,E01015573,0,-1
2020302000146,2020,302000146,2,9,0,18,19,7,3,0,0,8,0,0,1,11,4,1,6,6,2,22,5,999,1,2,SEAT IBIZA,1,E01013472,0,-1
2020552000650,2020,552000650,2,9,0,3,3,3,7,0,0,1,0,0,0,0,2,1,6,6,2,52,8,1390,1,16,SEAT IBIZA,4,E01032645,0,-1
2020440366534,2020,440366534,2,9,0,5,5,4,8,0,0,7,0,0,0,0,3,1,6,6,1,31,6,1390,1,6,SEAT IBIZA,2,E01017219,0,-1
2020340S06582,2020,340S06582,1,9,0,17,19,7,3,0,0,0,2,0,8,4,1,1,2,2,1,18,4,1422,2,10,SEAT IBIZA,9,E01027263,0,-1
2020200981559,2020,200981559,1,9,0,18,19,1,5,0,0,0,0,0,0,0,0,1,6,6,1,22,5,1197,1,3,SEAT IBIZA,1,E01010530,0,-1
202063D084320,2020,63D084320,1,9,0,17,19,8,5,0,0,0,5,6,1,10,1,1,1,1,1,19,4,1390,1,9,SEAT IBIZA,1,W01001884,0,-1
2020990917849,2020,990917849,1,9,0,18,19,8,4,0,0,0,0,0,0,0,1,1,1,1,1,22,5,1896,2,17,SEAT IBIZA,2,-1,0,-1
2020140986162,2020,140986162,1,9,0,4,4,7,3,0,0,0,5,0,0,0,4,1,6,6,2,26,6,999,1,3,SEAT IBIZA,3,E01032925,0,-1
2020522000194,2020,522000194,2,9,0,7,7,4,6,0,0,7,0,0,0,0,4,1,6,6,3,-1,-1,1390,1,15,SEAT IBIZA,-1,-1,0,-1
202006A268390,2020,06A268390,2,9,0,18,19,1,5,0,0,8,0,0,7,10,3,1,6,6,2,21,5,1390,1,5,SEAT IBIZA,1,E01005104,0,-1
2020522004446,2020,522004446,2,9,0,16,19,5,1,0,0,4,0,4,0,0,1,1,6,6,1,18,4,1390,1,15,SEAT IBIZA,6,E01014952,0,-1
2020460983533,2020,460983533,1,9,0,9,9,1,3,0,0,1,0,0,0,0,1,1,6,6,1,19,4,999,1,1,SEAT IBIZA,10,E01024321,0,-1
2020052001694,2020,052001694,2,9,0,3,3,3,7,0,0,1,1,0,0,0,1,1,2,2,1,23,5,999,1,1,SEAT IBIZA,1,E01006558,0,-1
2020040963892,2020,040963892,1,9,0,18,19,3,7,0,0,0,0,0,0,0,1,1,5,6,1,21,5,1390,1,11,SEAT IBIZA,7,E01025537,0,-1
2020040980237,2020,040980237,1,9,0,18,19,1,2,0,0,1,0,0,0,0,1,1,2,2,1,20,4,1390,1,11,SEAT IBIZA,2,E01012576,0,-1
2020070595996,2020,070595996,2,9,0,4,4,3,7,0,0,1,0,0,0,0,2,1,6,6,2,44,7,1197,1,7,SEAT IBIZA,6,E01018749,0,-1
2020470992899,2020,470992899,2,9,0,16,19,3,6,0,0,0,1,0,7,0,3,1,2,2,2,64,9,1390,1,15,SEAT IBIZA,3,E01031444,0,-1
2020052001740,2020,052001740,1,9,0,12,12,1,5,0,0,0,5,0,5,6,3,1,6,6,1,29,6,1598,2,9,SEAT IBIZA,10,E01018262,0,-1
2020040984125,2020,040984125,1,9,0,9,9,1,1,0,0,8,0,0,0,0,3,1,6,6,1,20,4,1390,1,9,SEAT IBIZA,2,E01012573,0,-1
2020140939910,2020,140939910,1,9,0,14,14,7,3,9,9,0,5,0,6,0,1,1,5,6,1,19,4,1896,2,13,SEAT IBIZA,6,E01007707,0,-1
2020031012215,2020,031012215,1,9,0,1,1,7,5,0,0,0,0,0,0,0,2,1,2,2,1,20,4,1197,1,5,SEAT IBIZA,5,E01019264,0,-1
2020010276652,2020,010276652,1,9,0,99,99,9,9,99,99,0,9,99,9,99,9,9,6,6,1,26,6,1390,1,14,SEAT IBIZA,2,E01033712,0,-1
2020530960200,2020,530960200,1,9,0,5,5,7,5,0,0,0,0,0,0,0,0,1,5,6,1,43,7,1198,1,17,SEAT IBIZA,4,E01022310,0,-1
2020430329615,2020,430329615,1,9,0,18,19,2,6,0,0,0,0,0,0,0,1,1,6,6,1,25,5,1390,1,14,SEAT IBIZA,7,E01017851,0,-1
2020122000900,2020,122000900,1,9,0,4,4,7,3,0,0,0,0,0,0,0,1,1,6,6,1,18,4,1197,1,5,SEAT IBIZA,6,E01027637,0,-1
2020340S02552,2020,340S02552,2,9,0,18,19,3,7,0,0,8,0,0,0,0,0,1,6,6,2,18,4,999,1,2,SEAT IBIZA,7,E01027004,0,-1
2020220986353,2020,220986353,3,9,0,3,3,2,6,0,0,0,0,0,0,0,2,1,6,6,1,42,7,999,1,2,SEAT IBIZA,10,E01033062,0,-1
2020610025120,2020,610025120,1,9,0,9,9,1,6,0,0,3,0,0,0,0,2,1,6,6,1,49,8,1422,2,11,SEAT IBIZA,1,W01001621,0,-1
2020200935622,2020,200935622,1,9,0,6,6,-1,-1,0,0,0,0,0,0,0,1,1,6,6,3,-1,-1,1390,1,11,SEAT IBIZA,-1,-1,0,-1
2020161002862,2020,161002862,1,9,0,7,7,3,5,0,0,6,0,0,0,0,3,1,2,2,2,25,5,1197,1,5,SEAT IBIZA,4,E01007537,0,-1
20201375K1564,2020,1375K1564,2,9,0,3,3,4,8,0,0,1,0,0,0,0,2,1,6,6,1,18,4,1390,1,11,SEAT IBIZA,10,E01010774,0,-1
2020140960727,2020,140960727,1,9,0,18,19,8,4,0,0,0,0,0,0,0,2,1,1,1,2,34,6,999,1,0,SEAT IBIZA,7,E01023506,0,-1
2020990965038,2020,990965038,1,9,0,17,19,4,5,0,0,0,0,0,0,0,1,1,6,6,1,20,4,1197,1,5,SEAT IBIZA,9,-1,0,-1
20201379S1655,2020,1379S1655,2,9,0,18,19,2,6,0,0,0,0,0,0,0,4,1,6,6,1,19,4,1390,1,11,SEAT IBIZA,1,E01010826,0,-1
2020470973580,2020,470973580,1,9,0,18,19,1,5,0,0,0,1,0,0,0,1,1,1,1,1,19,4,1598,2,10,SEAT IBIZA,3,E01017007,0,-1
2020411002611,2020,411002611,1,9,0,9,9,1,7,0,0,4,0,0,0,0,1,1,5,6,2,21,5,1198,1,15,SEAT IBIZA,6,E01023305,0,-1
2020200932064,2020,200932064,1,9,0,3,3,-1,-1,0,0,1,0,0,0,0,2,1,6,6,2,31,6,999,1,2,SEAT IBIZA,3,E01009655,0,-1
2020137170467,2020,137170467,2,9,0,3,3,7,3,0,0,0,0,0,0,0,2,1,6,6,2,26,6,1390,1,14,SEAT IBIZA,10,E01011454,0,-1
20201377K1704,2020,1377K1704,1,9,0,18,19,4,8,0,0,1,0,0,0,0,4,1,6,6,2,33,6,1390,1,6,SEAT IBIZA,3,E01011123,0,-1
2020140931950,2020,140931950,1,9,0,9,9,8,6,0,0,5,1,0,1,10,1,1,5,6,1,19,4,999,1,1,SEAT IBIZA,1,E01007718,0,-1
2020610051420,2020,610051420,1,9,0,18,19,1,5,0,0,2,0,0,0,0,1,1,2,2,2,29,6,1197,1,4,SEAT IBIZA,1,W01001609,0,-1