collision_index,collision_year,collision_ref_no,vehicle_reference,vehicle_type,towing_and_articulation,vehicle_manoeuvre_historic,vehicle_manoeuvre,vehicle_direction_from,vehicle_direction_to,vehicle_location_restricted_lane_historic,vehicle_location_restricted_lane,junction_location,skidding_and_overturning,hit_object_in_carriageway,vehicle_leaving_carriageway,hit_object_off_carriageway,first_point_of_impact,vehicle_left_hand_drive,journey_purpose_of_driver_historic,journey_purpose_of_driver,sex_of_driver,age_of_driver,age_band_of_driver,engine_capacity_cc,propulsion_code,age_of_vehicle,generic_make_model,driver_imd_decile,lsoa_of_driver,escooter_flag,driver_distance_banding
2020622000865,2020,622000865,2,9,0,13,13,4,8,0,0,0,1,0,1,4,4,1,6,6,2,20,4,1197,1,7,SEAT IBIZA,9,W01000440,0,-1
2020210957299,2020,210957299,2,9,0,10,10,3,1,0,0,0,0,0,0,0,1,1,6,6,1,37,7,1896,2,12,SEAT IBIZA,1,E01029554,0,-1
2020030918056,2020,030918056,1,9,0,18,19,5,1,0,0,0,0,0,0,0,1,1,6,6,2,35,6,1390,1,6,SEAT IBIZA,6,E01019189,0,-1
2020520003962,2020,520003962,1,9,0,18,19,3,7,0,0,0,0,0,0,0,1,1,6,6,1,19,4,1390,1,7,SEAT IBIZA,2,E01029097,0,-1
2020990972767,2020,990972767,1,9,0,1,1,8,4,6,6,0,0,0,0,0,2,1,5,6,2,32,6,1598,2,7,SEAT IBIZA,2,-1,0,-1
2020440490763,2020,440490763,1,9,0,18,19,6,2,0,0,8,0,0,0,0,3,1,6,6,2,26,6,1390,1,11,SEAT IBIZA,7,E01017259,0,-1
2020010261362,2020,010261362,1,9,0,18,19,2,6,0,0,0,0,0,0,0,3,1,6,6,1,38,7,1568,1,11,SEAT IBIZA,2,E01004253,0,-1
2020340N08992,2020,340N08992,1,9,0,6,6,7,7,0,0,0,0,0,0,0,4,1,2,2,1,31,6,1198,1,15,SEAT IBIZA,5,E01027302,0,-1
2020160955153,2020,160955153,1,9,0,18,19,7,3,0,0,0,1,0,1,4,2,1,5,6,2,24,5,1390,1,9,SEAT IBIZA,1,E01007943,0,-1
2020211025079,2020,211025079,1,9,0,18,19,6,1,0,0,0,5,7,0,0,1,1,6,6,1,18,4,1796,1,14,SEAT IBIZA,4,E01010467,0,-1
2020471003919,2020,471003919,1,9,0,18,19,5,1,0,0,2,0,11,8,10,1,1,5,6,2,30,6,1390,1,14,SEAT IBIZA,7,E01031471,0,-1
2020201006849,2020,201006849,1,9,0,18,19,4,8,0,0,0,0,0,0,0,1,1,6,6,1,26,6,1598,2,10,SEAT IBIZA,4,E01009011,0,-1
2020470937048,2020,470937048,5,9,0,4,4,6,2,0,0,0,0,0,0,0,2,1,5,6,2,23,5,999,1,1,SEAT IBIZA,10,E01031737,0,-1
2020430370831,2020,430370831,2,9,0,17,19,5,1,0,0,0,2,0,0,0,3,1,6,6,2,74,10,1197,1,6,SEAT IBIZA,-1,-1,0,-1
2020302001661,2020,302001661,1,9,0,7,7,5,8,0,0,6,0,0,0,0,1,1,6,6,1,21,5,1390,1,8,SEAT IBIZA,4,E01019492,0,-1
2020201025714,2020,201025714,1,9,0,17,19,7,2,0,0,2,2,10,1,10,1,1,6,6,1,31,6,1390,1,13,SEAT IBIZA,2,E01009981,0,-1
2020140949226,2020,140949226,1,9,0,3,3,1,5,0,0,1,0,0,0,0,2,1,5,6,2,29,6,1390,1,8,SEAT IBIZA,6,E01007665,0,-1
2020231012858,2020,231012858,3,9,0,18,19,6,2,0,0,0,0,0,4,6,1,1,5,6,1,20,4,1390,1,6,SEAT IBIZA,1,E01009951,0,-1
2020170S10600,2020,170S10600,2,9,0,18,19,5,1,0,0,8,0,0,0,0,1,1,6,6,1,22,5,1390,1,9,SEAT IBIZA,8,E01012190,0,-1
2020622000754,2020,622000754,2,9,0,4,4,4,8,0,0,0,0,0,0,0,2,1,6,6,2,29,6,999,1,2,SEAT IBIZA,3,W01001787,0,-1
2020140975211,2020,140975211,1,9,0,18,19,7,3,9,9,0,0,0,1,10,1,1,5,6,1,18,4,999,1,4,SEAT IBIZA,1,E01007530,0,-1
2020500947367,2020,500947367,1,9,0,6,6,7,7,0,0,2,0,0,0,0,3,1,5,6,2,35,6,1598,2,9,SEAT IBIZA,2,E01018860,0,-1
2020460995713,2020,460995713,2,9,0,7,7,3,7,0,0,1,0,0,0,0,3,1,6,6,2,29,6,1391,1,19,SEAT IBIZA,3,E01024508,0,-1
2020200952088,2020,200952088,1,9,0,10,10,3,7,0,0,1,1,0,1,0,3,1,6,6,1,35,6,1390,1,10,SEAT IBIZA,1,E01033647,0,-1
2020470967639,2020,470967639,1,9,0,17,19,4,2,0,0,8,0,0,0,0,1,1,5,6,2,73,10,1598,1,10,SEAT IBIZA,8,E01031659,0,-1
202063A012320,2020,63A012320,2,9,0,17,19,1,6,0,0,0,0,0,0,0,1,1,2,2,1,21,5,1390,1,8,SEAT IBIZA,5,W01001925,0,-1
2020552000951,2020,552000951,1,9,0,16,19,3,7,0,0,0,0,0,1,4,1,1,6,6,1,18,4,1896,2,16,SEAT IBIZA,5,E01020412,0,-1
2020990972723,2020,990972723,1,9,0,4,4,2,7,0,0,1,0,0,0,0,2,1,5,6,2,47,8,1598,2,10,SEAT IBIZA,6,-1,0,-1
2020201011540,2020,201011540,2,9,0,18,19,8,5,0,0,0,0,0,1,0,3,1,6,6,2,24,5,1197,1,6,SEAT IBIZA,3,E01008945,0,-1
2020990939630,2020,990939630,1,9,0,18,19,7,3,0,0,1,0,0,0,0,1,1,2,2,1,41,7,1390,1,9,SEAT IBIZA,10,-1,0,-1
2020302000057,2020,302000057,2,9,0,18,19,6,2,0,0,0,0,0,1,7,1,1,6,6,1,18,4,1390,1,10,SEAT IBIZA,8,E01029444,0,-1
202031D103220,2020,31D103220,1,9,0,16,19,5,6,0,0,0,0,0,0,0,1,1,6,6,1,19,4,1197,1,4,SEAT IBIZA,8,E01032622,0,-1
2020011001459,2020,011001459,2,9,0,3,3,7,3,0,0,1,0,0,0,0,2,1,2,2,1,43,7,999,1,1,SEAT IBIZA,2,E01004323,0,-1
2020370981319,2020,370981319,1,9,0,12,12,4,1,0,0,0,0,0,0,0,1,1,2,2,1,40,7,999,1,0,SEAT IBIZA,9,E01030142,0,-1
2020320303927,2020,320303927,1,9,0,18,19,1,5,0,0,1,1,0,1,0,1,1,6,6,1,22,5,1390,1,10,SEAT IBIZA,9,E01026263,0,-1
2020990999957,2020,990999957,1,9,0,5,5,4,8,0,0,8,0,0,7,9,3,1,5,6,1,18,4,1390,1,10,SEAT IBIZA,5,-1,0,-1
2020340K08812,2020,340K08812,1,9,0,18,19,8,4,0,0,4,0,9,3,1,1,1,6,6,2,21,5,1197,1,4,SEAT IBIZA,8,E01013807,0,-1
2020100984962,2020,100984962,2,9,0,18,19,3,7,0,0,8,0,0,0,0,1,1,2,2,1,28,6,1197,1,6,SEAT IBIZA,9,E01008312,0,-1
2020320657491,2020,320657491,1,9,0,13,13,1,5,0,0,0,0,0,1,0,1,1,2,2,1,45,7,1390,1,14,SEAT IBIZA,10,E01028330,0,-1
2020371012405,2020,371012405,1,9,0,18,19,5,1,0,0,0,0,12,0,0,1,1,5,6,2,36,7,1198,1,13,SEAT IBIZA,6,E01026486,0,-1
2020160930269,2020,160930269,1,9,0,18,19,5,1,0,0,1,0,0,0,0,1,1,2,2,2,40,7,999,1,4,SEAT IBIZA,10,E01013012,0,-1
202006Q274181,2020,06Q274181,1,9,0,7,7,3,5,0,0,1,0,0,0,0,1,1,6,6,1,21,5,999,1,1,SEAT IBIZA,1,E01005349,0,-1
2020520004917,2020,520004917,1,9,0,3,3,6,2,0,0,0,0,0,0,0,2,1,6,6,2,41,7,1390,1,9,SEAT IBIZA,3,E01029233,0,-1
202063C087220,2020,63C087220,1,9,0,18,19,6,2,0,0,0,1,0,1,4,4,1,1,1,2,39,7,1598,2,9,SEAT IBIZA,1,W01000592,0,-1
2020990958262,2020,990958262,1,9,0,18,19,3,7,0,0,0,0,0,0,0,4,1,1,1,2,57,9,1199,2,8,SEAT IBIZA,2,-1,0,-1
2020137B41825,2020,137B41825,2,9,0,2,2,0,0,0,0,0,0,0,0,0,1,1,6,6,1,-1,-1,999,1,3,SEAT IBIZA,-1,-1,0,-1
2020010269186,2020,010269186,2,9,0,18,19,5,1,0,0,0,0,0,0,0,1,1,6,6,1,70,10,1198,1,16,SEAT IBIZA,-1,-1,0,-1
2020070622857,2020,070622857,2,9,0,18,19,5,1,0,0,1,0,0,0,0,3,1,6,6,2,19,4,1198,1,11,SEAT IBIZA,-1,-1,0,-1
2020200933289,2020,200933289,2,9,0,4,4,4,8,0,0,0,0,0,0,0,2,1,6,6,1,27,6,1197,1,4,SEAT IBIZA,1,E01009358,0,-1
2020110937820,2020,110937820,1,9,0,4,4,4,8,0,0,6,1,0,0,0,1,1,2,2,1,21,5,999,1,3,SEAT IBIZA,8,E01012360,0,-1
202031D043620,2020,31D043620,2,9,0,18,19,5,1,0,0,8,0,0,0,0,1,1,6,6,2,54,8,1390,1,12,SEAT IBIZA,-1,-1,0,-1
2020031011824,2020,031011824,1,90,0,18,19,5,1,0,0,0,0,0,7,0,1,1,5,6,1,35,6,-1,-1,-1,-1,8,E01019103,0,-1
2020161002363,2020,161002363,1,5,0,18,19,3,7,0,0,1,1,0,0,0,1,1,5,6,1,20,4,750,1,20,-1,3,E01013319,0,-1
2020622000140,2020,622000140,1,5,0,18,19,8,4,0,0,0,1,0,0,0,1,1,6,6,1,75,10,750,1,14,-1,2,W01001255,0,-1
2020470980270,2020,470980270,2,5,0,13,13,6,4,0,0,0,0,0,0,0,4,1,6,6,1,37,7,750,1,22,-1,5,E01021000,0,-1
2020140985517,2020,140985517,1,5,0,18,19,6,2,0,0,0,0,0,0,0,1,1,6,6,1,31,6,750,1,17,-1,2,E01007651,0,-1
2020160961192,2020,160961192,1,11,0,4,4,6,1,0,0,0,0,0,0,0,0,1,1,1,2,51,8,9360,2,11,VOLVO Model Missing,7,E01012950,0,-1
202063D083720,2020,63D083720,2,21,1,18,19,4,8,0,0,8,0,0,0,0,4,1,1,1,1,59,9,12130,2,15,VOLVO Model Missing,5,E01014096,0,-1
2020010260603,2020,010260603,1,90,0,7,7,7,1,0,0,8,0,0,0,0,4,1,1,1,1,55,8,-1,-1,-1,-1,3,E01003430,0,-1
2020010262359,2020,010262359,1,11,0,5,5,1,5,0,0,8,0,0,0,0,0,1,1,1,1,51,8,4760,2,7,VOLVO Model Missing,2,E01000972,0,-1
2020010280818,2020,010280818,1,11,0,9,9,3,1,2,2,2,0,0,0,0,0,1,1,1,1,51,8,5132,2,3,VOLVO Model Missing,2,E01003069,0,-1
2020471007293,2020,471007293,1,11,0,18,19,4,2,0,0,5,0,0,0,0,0,1,1,1,1,37,7,9360,2,9,VOLVO Model Missing,1,E01016908,0,-1
2020360978858,2020,360978858,3,21,1,18,19,4,8,0,0,0,0,0,0,0,0,1,1,1,1,55,8,10837,2,4,VOLVO Model Missing,8,E01026439,0,-1
2020010265526,2020,010265526,1,11,0,4,4,5,1,0,0,1,0,0,0,0,0,1,1,1,1,50,8,9360,2,9,VOLVO Model Missing,3,E01003969,0,-1
2020100915441,2020,100915441,1,11,0,9,9,3,1,0,0,8,0,0,0,0,1,1,1,1,1,47,8,9360,2,6,VOLVO Model Missing,6,E01033161,0,-1
2020410931324,2020,410931324,1,21,1,11,11,5,1,0,0,0,0,0,0,0,4,1,1,1,1,33,6,10837,2,3,VOLVO Model Missing,6,E01031996,0,-1
2020010240318,2020,010240318,1,19,0,5,5,3,7,0,0,0,0,0,0,0,1,1,1,1,1,33,6,7698,2,2,VOLVO Model Missing,5,E01023332,0,-1
2020140926520,2020,140926520,1,11,0,18,19,1,5,0,0,1,0,0,0,0,1,1,1,1,1,68,10,9360,2,8,VOLVO Model Missing,1,E01007848,0,-1
2020010268451,2020,010268451,1,11,0,18,19,3,7,0,0,0,0,0,0,0,1,1,1,1,1,52,8,4760,2,9,VOLVO Model Missing,3,E01003235,0,-1
2020370938393,2020,370938393,1,21,0,18,19,4,8,0,0,0,0,0,0,0,2,1,1,1,1,30,6,12777,2,2,VOLVO Model Missing,6,E01030059,0,-1
2020010237990,2020,010237990,1,11,0,5,5,0,5,0,0,0,0,0,0,0,0,1,1,1,1,32,6,5132,2,4,VOLVO Model Missing,5,E01002456,0,-1
2020200945840,2020,200945840,2,11,0,18,19,5,6,0,0,0,0,0,0,0,2,1,6,6,1,21,5,9600,2,20,VOLVO Model Missing,-1,-1,0,-1
2020360980692,2020,360980692,1,21,1,7,7,2,6,0,0,8,5,0,0,0,1,1,1,1,1,51,8,12777,2,4,VOLVO Model Missing,3,E01030744,0,-1
2020010239308,2020,010239308,1,11,0,4,4,5,1,0,0,0,0,0,0,0,4,1,1,1,1,53,8,4760,2,7,VOLVO Model Missing,2,E01001976,0,-1
2020990939769,2020,990939769,1,11,0,18,19,2,6,0,0,0,0,0,0,0,1,1,1,1,1,62,9,5132,2,5,VOLVO Model Missing,8,-1,0,-1
2020430265791,2020,430265791,2,20,0,17,19,6,3,0,0,0,0,0,0,0,1,1,1,1,1,29,6,10837,2,2,VOLVO Model Missing,7,E01017851,0,-1
2020990939366,2020,990939366,2,11,0,3,3,8,5,0,0,2,0,0,1,0,3,1,1,1,1,50,8,5132,2,3,VOLVO Model Missing,2,-1,0,-1
2020991009856,2020,991009856,1,11,0,18,19,8,4,0,0,0,0,0,0,0,0,1,1,1,1,44,7,7698,2,1,VOLVO Model Missing,10,-1,0,-1
2020010265216,2020,010265216,1,11,0,5,5,1,5,0,0,0,0,0,0,0,0,1,1,1,1,42,7,5132,2,3,VOLVO Model Missing,7,E01001472,0,-1
2020010283812,2020,010283812,2,21,9,99,99,9,9,99,99,9,9,99,9,99,9,9,6,6,3,-1,-1,10837,2,3,VOLVO Model Missing,-1,-1,0,-1
2020990970798,2020,990970798,2,11,0,17,19,7,5,0,0,8,0,0,0,0,0,1,1,1,1,46,8,5132,2,3,VOLVO Model Missing,5,-1,0,-1
2020320595283,2020,320595283,2,21,0,18,19,7,3,0,0,0,0,0,0,0,1,1,1,1,1,47,8,12777,2,3,VOLVO Model Missing,5,E01026034,0,-1
2020990993310,2020,990993310,2,21,0,18,19,5,1,0,0,0,0,0,0,0,1,1,1,1,1,60,9,10837,2,3,VOLVO Model Missing,8,-1,0,-1
2020501015535,2020,501015535,2,21,0,3,3,7,3,0,0,1,0,0,0,0,1,1,1,1,1,36,7,12777,2,7,VOLVO Model Missing,5,E01019065,0,-1
2020440381825,2020,440381825,3,21,0,4,4,6,2,0,0,0,0,0,0,0,2,1,1,1,1,56,9,9364,2,15,VOLVO Model Missing,6,E01023007,0,-1
2020440100596,2020,440100596,2,21,0,11,11,6,2,0,0,0,0,0,0,0,1,1,1,1,1,49,8,12777,2,10,VOLVO Model Missing,4,E01016141,0,-1
2020471001540,2020,471001540,1,11,0,2,2,0,0,0,0,1,0,0,0,0,0,1,1,1,1,31,6,9360,2,7,VOLVO Model Missing,7,E01031375,0,-1
2020220932157,2020,220932157,1,21,1,9,9,3,1,0,0,6,0,0,0,0,3,1,1,1,1,46,8,12777,2,5,VOLVO Model Missing,7,E01013008,0,-1
2020010254153,2020,010254153,1,11,0,18,19,1,5,2,2,0,0,0,0,0,4,1,6,6,3,-1,-1,5132,2,3,VOLVO Model Missing,-1,-1,0,-1
2020990970449,2020,990970449,1,11,0,2,2,0,0,0,0,1,0,0,0,0,0,1,5,6,2,50,8,9360,2,11,VOLVO Model Missing,2,-1,0,-1
2020160927001,2020,160927001,1,11,0,18,19,7,3,0,0,0,0,0,0,0,0,1,1,1,1,44,7,9360,2,12,VOLVO Model Missing,1,E01012855,0,-1
20201372I0978,2020,1372I0978,1,21,1,4,4,1,5,0,0,0,1,0,0,0,1,1,1,1,1,57,9,12777,2,9,VOLVO Model Missing,6,E01008685,0,-1
2020470980713,2020,470980713,1,11,0,17,19,4,2,0,0,8,0,0,0,0,0,1,1,1,1,36,7,7300,2,6,VOLVO Model Missing,-1,-1,0,-1
2020522100547,2020,522100547,3,9,0,4,4,3,7,0,0,8,0,0,0,0,2,1,6,6,1,62,9,2922,7,16,VOLVO Model Missing,6,W01000673,0,-1
2020990956843,2020,990956843,1,11,0,4,4,7,3,0,0,4,0,0,0,0,0,1,1,1,1,34,6,5132,2,4,VOLVO Model Missing,3,-1,0,-1
2020010232271,2020,010232271,1,11,0,18,19,3,7,2,2,1,0,0,0,0,0,1,1,1,1,37,7,5132,2,3,VOLVO Model Missing,2,E01002765,0,-1
202063D006820,2020,63D006820,1,21,0,17,19,5,2,0,0,0,5,0,1,10,4,1,1,1,1,55,8,12777,2,4,VOLVO Model Missing,6,W01000489,0,-1
2020052001767,2020,052001767,1,21,1,18,19,5,1,0,0,8,5,0,1,2,4,1,1,1,1,52,8,12777,2,1,VOLVO Model Missing,4,E01025001,0,-1
2020161006923,2020,161006923,1,21,0,18,19,3,7,0,0,0,0,0,0,0,1,1,1,1,1,43,7,10837,2,3,VOLVO Model Missing,1,E01019193,0,-1
2020552000348,2020,552000348,2,11,0,2,2,0,0,0,0,0,0,0,0,0,2,1,1,1,1,54,8,7300,2,8,VOLVO Model Missing,10,E01015445,0,-1
2020010263318,2020,010263318,1,11,0,18,19,5,1,0,0,0,0,0,0,0,0,1,6,6,1,42,7,5132,2,5,VOLVO Model Missing,4,E01001007,0,-1
2020010278409,2020,010278409,2,11,0,4,4,5,1,0,0,1,0,0,0,0,1,1,1,1,1,69,10,9360,2,8,VOLVO Model Missing,4,E01004419,0,-1
2020070639872,2020,070639872,1,11,0,9,9,2,8,0,0,6,0,0,0,0,4,1,1,1,1,57,9,9600,2,24,VOLVO Model Missing,8,E01018718,0,-1
2020010242510,2020,010242510,2,11,0,18,19,5,1,0,0,0,0,0,0,0,4,1,6,6,1,46,8,9360,2,8,VOLVO Model Missing,3,E01032743,0,-1
2020100924877,2020,100924877,1,11,0,5,5,7,3,0,0,1,0,0,0,0,0,1,1,1,1,40,7,7300,2,18,VOLVO Model Missing,2,E01008543,0,-1
2020010269007,2020,010269007,1,21,1,13,13,7,3,0,0,0,0,0,0,0,2,1,1,1,1,39,7,12777,2,4,VOLVO Model Missing,7,E01031406,0,-1
2020990931376,2020,990931376,1,11,0,5,5,8,4,0,0,1,0,0,0,0,3,1,1,1,1,57,9,7300,2,15,VOLVO Model Missing,3,-1,0,-1
202031A025420,2020,31A025420,1,21,1,18,19,8,4,0,0,1,0,0,0,0,2,1,1,1,1,49,8,10837,2,4,VOLVO Model Missing,2,E01013588,0,-1
2020220958959,2020,220958959,2,21,5,18,19,6,2,0,0,0,0,0,0,0,2,1,1,1,1,54,8,12777,2,3,VOLVO Model Missing,3,E01027629,0,-1
2020010276715,2020,010276715,1,11,0,2,2,0,0,0,0,0,0,0,0,0,0,1,6,6,3,-1,-1,5132,2,3,VOLVO Model Missing,-1,-1,0,-1
202063A066020,2020,63A066020,2,21,1,18,19,1,5,0,0,0,0,0,1,10,3,1,1,1,1,45,7,10837,2,5,VOLVO Model Missing,7,E01014856,0,-1
2020070208300,2020,070208300,1,21,1,7,7,8,3,0,0,6,0,0,0,0,2,1,1,1,1,-1,-1,12777,2,2,VOLVO Model Missing,2,E01006404,0,-1
2020010233456,2020,010233456,2,11,0,18,19,5,1,0,0,1,0,0,0,0,1,1,1,1,1,49,8,5132,2,4,VOLVO Model Missing,10,E01004104,0,-1
2020522004972,2020,522004972,1,11,0,4,4,3,7,0,0,0,0,0,0,0,2,1,1,1,1,53,8,9600,2,20,VOLVO Model Missing,-1,-1,0,-1
2020070004386,2020,070004386,1,21,0,18,19,1,1,0,0,0,0,0,0,0,1,2,1,1,1,57,9,-1,-1,-1,VOLVO Model Missing,-1,-1,0,-1
2020010272787,2020,010272787,2,11,0,18,19,1,5,0,0,1,1,11,0,0,1,1,6,6,1,54,8,9360,2,12,VOLVO Model Missing,-1,-1,0,-1
2020101003854,2020,101003854,1,21,1,18,19,5,1,0,0,0,0,0,0,0,1,1,1,1,1,46,8,12777,2,7,VOLVO Model Missing,3,E01005702,0,-1
2020010239835,2020,010239835,1,11,0,18,19,8,4,0,0,2,0,0,0,0,3,1,6,6,1,55,8,5132,2,3,VOLVO Model Missing,4,E01003031,0,-1
2020430376742,2020,430376742,2,11,0,18,19,6,2,0,0,0,0,0,0,0,1,1,1,1,1,56,9,10800,2,6,VOLVO Model Missing,8,E01017461,0,-1
2020471001056,2020,471001056,1,21,0,18,19,1,5,0,0,0,0,0,0,0,2,1,6,6,1,42,7,12777,2,10,VOLVO Model Missing,8,E01031466,0,-1
2020500980896,2020,500980896,1,20,0,16,19,5,8,0,0,0,0,0,0,0,0,1,1,1,1,54,8,9365,2,13,VOLVO Model Missing,5,E01020301,0,-1
202063B033820,2020,63B033820,3,21,1,17,19,6,3,0,0,0,0,0,0,0,1,1,1,1,1,55,8,12777,2,10,VOLVO Model Missing,1,W01000833,0,-1
2020302001335,2020,302001335,1,21,1,17,19,6,2,0,0,0,4,0,7,11,3,1,1,1,1,26,6,12777,2,8,VOLVO Model Missing,2,E01013585,0,-1
2020410962107,2020,410962107,2,21,1,18,19,2,6,0,0,0,0,0,0,0,3,1,1,1,1,51,8,12777,2,0,VOLVO Model Missing,4,E01013889,0,-1
2020410929498,2020,410929498,2,21,0,18,19,1,5,0,0,0,0,0,0,0,1,1,1,1,1,40,7,12777,2,1,VOLVO Model Missing,-1,-1,0,-1
2020010233174,2020,010233174,1,11,0,18,19,1,5,0,0,0,0,0,0,0,0,1,1,1,1,32,6,9360,2,9,VOLVO Model Missing,5,E01000632,0,-1
2020451002207,2020,451002207,1,21,0,17,19,5,2,0,0,3,5,9,1,1,4,1,1,1,1,50,8,12777,2,3,VOLVO Model Missing,10,E01030992,0,-1
2020052000969,2020,052000969,2,11,0,2,2,0,0,0,0,0,0,0,0,0,0,1,1,1,3,-1,-1,3900,2,16,VOLVO Model Missing,-1,-1,0,-1
2020470986394,2020,470986394,1,11,0,2,2,0,0,2,2,0,0,0,0,0,0,1,1,1,1,29,6,9360,2,8,VOLVO Model Missing,8,E01021069,0,-1
2020520002896,2020,520002896,1,20,0,18,19,5,1,0,0,8,0,0,0,0,1,1,6,6,2,26,6,-1,-1,-1,VOLVO Model Missing,-1,-1,0,-1
2020371008774,2020,371008774,3,21,1,4,4,5,1,0,0,0,0,0,0,0,2,1,1,1,1,-1,-1,12777,2,2,VOLVO Model Missing,7,E01030171,0,-1
2020010274333,2020,010274333,1,11,0,18,19,3,7,0,0,1,0,0,0,0,1,1,1,1,1,54,8,5132,2,3,VOLVO Model Missing,-1,-1,0,-1
2020010249774,2020,010249774,1,11,0,7,7,3,5,0,0,1,0,0,0,0,4,1,1,1,1,54,8,5132,2,6,VOLVO Model Missing,1,E01033456,0,-1
2020552000362,2020,552000362,1,11,0,4,4,5,1,0,0,0,0,0,0,0,0,1,1,1,1,27,6,7300,2,8,VOLVO Model Missing,3,E01020572,0,-1
2020010246357,2020,010246357,1,11,0,4,4,1,5,0,0,2,0,0,0,0,3,1,6,6,1,61,9,9360,2,8,VOLVO Model Missing,6,E01001951,0,-1
2020302001428,2020,302001428,2,21,0,18,19,2,6,0,0,0,0,0,0,0,1,1,6,6,1,66,10,12777,2,2,VOLVO Model Missing,1,E01007370,0,-1
2020990990681,2020,990990681,2,11,0,5,5,5,8,8,6,1,0,0,0,0,0,1,1,1,1,59,9,5132,2,4,VOLVO Model Missing,6,-1,0,-1
2020211024645,2020,211024645,2,21,0,18,19,5,1,0,0,0,0,0,0,0,0,1,1,1,1,58,9,12777,2,6,VOLVO Model Missing,-1,-1,0,-1
2020990992811,2020,990992811,1,11,0,18,19,7,3,2,2,8,0,0,0,0,1,1,1,1,1,57,9,7698,2,1,VOLVO Model Missing,10,-1,0,-1
2020010250222,2020,010250222,1,21,0,4,4,1,5,0,0,0,0,0,0,0,0,1,1,1,1,35,6,10837,2,2,VOLVO Model Missing,7,E01002203,0,-1
2020991010264,2020,991010264,2,11,0,2,2,0,0,8,6,6,0,0,0,0,2,1,1,1,1,63,9,9360,2,12,VOLVO Model Missing,9,-1,0,-1
2020010233689,2020,010233689,1,11,0,4,4,3,7,0,0,0,0,0,0,0,0,1,1,1,1,50,8,5132,2,4,VOLVO Model Missing,2,E01001746,0,-1
202006L274685,2020,06L274685,1,11,0,18,19,6,2,0,0,5,0,0,0,0,4,1,1,1,1,29,6,5132,2,4,VOLVO Model Missing,5,E01006292,0,-1
2020610010720,2020,610010720,2,98,0,5,5,7,6,0,0,1,0,0,0,0,1,1,1,1,1,36,7,10837,2,4,-1,5,W01001644,0,-1
2020500961088,2020,500961088,2,21,1,18,19,6,2,0,0,0,0,0,0,0,0,1,1,1,1,54,8,12777,2,7,VOLVO Model Missing,4,E01031925,0,-1
2020990970319,2020,990970319,1,11,0,18,19,6,2,0,0,0,0,0,1,11,1,1,1,1,1,63,9,5132,2,3,VOLVO Model Missing,5,-1,0,-1
2020010271441,2020,010271441,1,11,0,4,4,5,1,0,0,8,0,0,0,0,0,1,1,1,1,27,6,5132,2,2,VOLVO Model Missing,4,E01000995,0,-1
2020990999260,2020,990999260,4,21,1,2,2,0,0,6,6,1,0,0,0,0,1,1,1,1,1,46,8,10837,2,4,VOLVO Model Missing,4,-1,0,-1
2020350978132,2020,350978132,1,21,1,18,19,5,1,0,0,0,4,0,0,0,1,1,1,1,1,34,6,12777,2,3,VOLVO Model Missing,5,E01025541,0,-1
2020520001812,2020,520001812,2,11,0,18,19,6,2,0,0,0,0,0,0,0,1,1,1,1,1,23,5,7698,2,2,VOLVO Model Missing,9,E01029142,0,-1
2020450972358,2020,450972358,2,11,0,4,4,2,6,0,0,0,0,0,0,0,3,1,6,6,1,53,8,9360,2,5,VOLVO Model Missing,4,E01015953,0,-1
2020010275682,2020,010275682,2,11,0,4,4,1,5,0,0,0,0,0,0,0,1,1,1,1,1,57,9,5132,2,3,VOLVO Model Missing,2,E01003191,0,-1
2020460935256,2020,460935256,2,21,1,16,19,4,8,0,0,0,0,0,1,0,1,1,1,1,1,51,8,12777,2,4,VOLVO Model Missing,5,E01016156,0,-1
2020990981076,2020,990981076,2,21,1,16,19,2,6,0,0,0,0,0,1,0,1,1,1,1,1,66,10,12777,2,11,VOLVO Model Missing,6,-1,0,-1
2020990986687,2020,990986687,1,21,1,16,19,8,3,0,0,0,5,0,7,0,3,1,1,1,1,46,8,12777,2,6,VOLVO Model Missing,7,-1,0,-1
2020040926411,2020,040926411,2,11,0,18,19,5,5,0,0,2,0,0,0,0,1,1,5,6,1,41,7,9360,2,7,VOLVO Model Missing,4,E01025194,0,-1