collision_index,collision_year,collision_ref_no,vehicle_reference,vehicle_type,towing_and_articulation,vehicle_manoeuvre_historic,vehicle_manoeuvre,vehicle_direction_from,vehicle_direction_to,vehicle_location_restricted_lane_historic,vehicle_location_restricted_lane,junction_location,skidding_and_overturning,hit_object_in_carriageway,vehicle_leaving_carriageway,hit_object_off_carriageway,first_point_of_impact,vehicle_left_hand_drive,journey_purpose_of_driver_historic,journey_purpose_of_driver,sex_of_driver,age_of_driver,age_band_of_driver,engine_capacity_cc,propulsion_code,age_of_vehicle,generic_make_model,driver_imd_decile,lsoa_of_driver,escooter_flag,driver_distance_banding
2020460961079,2020,460961079,2,11,0,2,2,0,0,0,0,0,0,0,0,0,0,1,1,1,1,47,8,10000,2,21,VOLVO Model Missing,6,E01024556,0,-1
2020010273227,2020,010273227,1,11,0,17,19,1,5,0,0,8,0,0,0,0,3,1,1,1,2,48,8,5132,2,2,VOLVO Model Missing,3,E01003725,0,-1
2020041001998,2020,041001998,2,11,0,18,19,3,7,0,0,8,0,0,0,0,4,1,5,6,1,47,8,7300,2,15,VOLVO Model Missing,1,E01012643,0,-1
2020200975663,2020,200975663,1,11,0,4,4,4,8,0,0,0,0,0,0,0,1,1,1,1,1,54,8,7300,2,8,VOLVO Model Missing,-1,-1,0,-1
2020990938132,2020,990938132,1,21,1,18,19,8,4,0,0,0,1,0,0,0,1,1,1,1,2,25,5,12777,2,9,VOLVO Model Missing,6,-1,0,-1
2020520003702,2020,520003702,1,9,0,9,9,7,5,0,0,8,0,0,0,0,1,1,6,6,2,34,6,1870,2,17,VOLVO Model Missing,3,E01029175,0,-1
2020990937083,2020,990937083,1,11,0,16,19,7,2,0,0,3,0,0,0,0,0,1,1,1,1,48,8,9360,2,10,VOLVO Model Missing,5,-1,0,-1
2020040928538,2020,040928538,1,11,0,18,19,5,1,0,0,0,0,0,0,0,1,1,1,1,1,62,9,7300,2,17,VOLVO Model Missing,6,E01025412,0,-1
2020010261478,2020,010261478,1,21,0,2,2,0,0,0,0,1,0,0,0,0,3,1,6,6,3,-1,-1,-1,-1,-1,VOLVO Model Missing,-1,-1,0,-1
2020100989933,2020,100989933,2,11,0,3,3,3,6,2,2,1,0,0,0,0,1,1,1,1,1,49,8,9360,2,8,VOLVO Model Missing,-1,-1,0,-1
2020052001253,2020,052001253,2,11,0,18,19,1,5,0,0,1,0,0,0,0,3,1,6,6,1,52,8,7300,2,14,VOLVO Model Missing,5,E01032905,0,-1
2020010239220,2020,010239220,1,11,0,3,3,5,1,0,0,0,0,0,0,0,0,1,6,6,1,50,8,5132,2,5,VOLVO Model Missing,8,E01001106,0,-1
2020500989042,2020,500989042,1,21,1,18,19,1,5,0,0,0,0,0,0,0,3,1,1,1,1,62,9,12777,2,7,VOLVO Model Missing,4,E01018988,0,-1
2020990953799,2020,990953799,2,21,0,18,19,7,3,0,0,0,0,0,0,0,4,1,1,1,1,43,7,12777,2,5,VOLVO Model Missing,1,-1,0,-1
2020200988057,2020,200988057,1,21,1,5,5,4,8,0,0,4,0,0,0,0,4,1,1,1,1,37,7,12777,2,2,VOLVO Model Missing,2,E01010310,0,-1
2020160957778,2020,160957778,3,21,0,18,19,6,2,0,0,1,0,0,0,0,1,1,1,1,1,63,9,10837,2,3,VOLVO Model Missing,9,E01013015,0,-1
2020552000679,2020,552000679,2,11,0,9,9,2,8,0,0,8,0,0,0,0,4,1,1,1,1,61,9,5132,2,5,VOLVO Model Missing,7,E01015340,0,-1
2020200946930,2020,200946930,1,21,0,18,19,8,4,0,0,0,0,0,0,0,1,1,1,1,1,-1,-1,12777,2,1,VOLVO Model Missing,-1,-1,0,-1
2020010245187,2020,010245187,1,11,0,5,5,1,5,2,2,0,0,0,0,0,0,1,1,1,1,67,10,4760,2,9,VOLVO Model Missing,6,E01004749,0,-1
2020302000269,2020,302000269,1,20,0,2,2,0,0,0,0,0,0,0,0,0,2,1,1,1,1,31,6,10837,2,8,VOLVO Model Missing,2,E01013483,0,-1
2020041003417,2020,041003417,2,21,0,18,19,3,7,0,0,0,0,0,0,0,2,1,1,1,1,69,10,12130,2,18,VOLVO Model Missing,7,E01024961,0,-1
2020360991055,2020,360991055,3,19,0,18,19,2,6,0,0,0,0,0,0,0,3,1,6,6,1,41,7,7146,2,7,VOLVO Model Missing,9,E01026560,0,-1
2020211009258,2020,211009258,1,20,1,11,11,8,4,0,0,0,0,0,0,0,1,1,1,1,1,55,8,-1,-1,-1,VOLVO Model Missing,3,E01014364,0,-1
2020622001063,2020,622001063,1,11,0,18,19,6,2,0,0,7,0,0,0,0,1,1,1,1,1,63,9,9600,2,19,VOLVO Model Missing,3,W01001185,0,-1
2020990984425,2020,990984425,1,11,0,5,5,7,3,2,2,0,0,0,0,0,0,1,1,1,1,40,7,9360,2,11,VOLVO Model Missing,4,-1,0,-1
2020010281900,2020,010281900,2,11,0,18,19,7,3,0,0,0,0,0,0,0,3,1,1,1,1,58,9,4760,2,9,VOLVO Model Missing,3,E01033100,0,-1
2020470933951,2020,470933951,1,11,0,18,19,6,2,0,0,0,0,0,0,0,1,1,1,1,1,39,7,7698,2,3,VOLVO Model Missing,7,E01031607,0,-1
2020990915480,2020,990915480,2,11,0,18,19,4,8,0,0,2,0,0,0,0,1,1,1,1,1,38,7,7698,2,2,VOLVO Model Missing,6,-1,0,-1
2020010228235,2020,010228235,2,11,0,99,99,9,9,99,99,9,9,99,9,99,1,9,6,6,1,53,8,4760,2,5,VOLVO Model Missing,7,E01001058,0,-1
20201372E0718,2020,1372E0718,1,11,0,18,19,4,8,0,0,0,0,0,0,0,4,1,1,1,1,60,9,7300,2,19,VOLVO Model Missing,7,E01027584,0,-1
2020200991523,2020,200991523,1,11,0,18,19,5,2,0,0,2,0,0,6,0,1,1,1,1,1,63,9,4760,2,9,VOLVO Model Missing,6,E01009319,0,-1
2020440018059,2020,440018059,2,21,0,18,19,2,6,0,0,8,0,0,0,0,1,1,1,1,1,63,9,12777,2,7,VOLVO Model Missing,9,E01032034,0,-1
2020010281926,2020,010281926,1,11,0,18,19,1,5,0,0,1,0,0,0,0,4,1,1,1,1,40,7,5132,2,3,VOLVO Model Missing,5,E01003067,0,-1
2020010234500,2020,010234500,1,11,0,99,99,9,9,99,99,9,9,99,9,99,9,9,6,6,3,53,8,5132,2,3,VOLVO Model Missing,2,E01003176,0,-1
2020010278543,2020,010278543,1,11,0,5,5,7,3,0,0,6,0,0,0,0,0,1,1,1,1,35,6,5132,2,6,VOLVO Model Missing,1,E01001978,0,-1
2020340D80052,2020,340D80052,1,21,1,18,19,5,1,0,0,0,0,0,0,0,4,1,1,1,1,36,7,12777,2,8,VOLVO Model Missing,3,E01010509,0,-1
2020500962175,2020,500962175,1,21,0,17,19,1,5,0,0,0,1,0,0,0,1,1,1,1,1,29,6,12130,2,16,VOLVO Model Missing,2,E01015055,0,-1
20201376O0998,2020,1376O0998,2,21,1,9,9,7,5,0,0,8,0,0,0,0,1,1,1,1,1,66,10,10837,2,3,VOLVO Model Missing,8,E01011191,0,-1
2020010280011,2020,010280011,1,11,0,9,9,8,6,0,0,2,0,0,0,0,1,1,1,1,1,36,7,9360,2,10,VOLVO Model Missing,5,E01002660,0,-1
2020201019071,2020,201019071,1,11,0,18,19,8,4,0,0,0,0,0,0,0,1,1,1,1,1,55,8,7300,2,18,VOLVO Model Missing,1,E01009476,0,-1
2020520004866,2020,520004866,2,21,0,17,19,5,1,0,0,0,0,0,0,0,1,1,6,6,1,55,8,7698,2,4,VOLVO Model Missing,5,E01029047,0,-1
2020210981375,2020,210981375,3,20,1,18,19,7,4,0,0,0,0,0,0,0,1,1,6,6,1,47,8,-1,-1,-1,VOLVO Model Missing,8,E01025745,0,-1
2020137AS1463,2020,137AS1463,2,11,0,18,19,2,6,0,0,0,0,0,0,0,4,1,1,1,1,38,7,7300,2,12,VOLVO Model Missing,8,E01011276,0,-1
2020302001232,2020,302001232,1,11,0,4,4,1,5,0,0,0,0,0,0,0,1,1,3,7,1,59,9,6000,2,21,VOLVO Model Missing,-1,-1,0,-1
2020990968948,2020,990968948,3,11,0,2,2,0,0,3,2,0,0,0,0,0,3,1,1,1,1,38,7,12778,2,9,VOLVO Model Missing,2,-1,0,-1
2020010234848,2020,010234848,3,11,1,3,3,1,5,0,0,1,0,0,0,0,2,1,1,1,2,37,7,5132,2,6,VOLVO Model Missing,4,E01000497,0,-1
2020420968617,2020,420968617,1,21,1,18,19,8,4,0,0,0,0,0,0,0,1,1,1,1,1,34,6,12777,2,5,VOLVO Model Missing,9,E01015982,0,-1
2020010231286,2020,010231286,1,11,0,18,19,3,7,0,0,1,0,0,0,0,0,1,1,1,1,66,10,5132,2,1,VOLVO Model Missing,-1,-1,0,-1
2020010238547,2020,010238547,1,11,0,4,4,1,5,0,0,1,0,0,0,0,0,1,1,1,1,43,7,9360,2,11,VOLVO Model Missing,7,E01004727,0,-1
2020030947275,2020,030947275,2,21,1,18,19,3,7,0,0,0,0,0,0,0,1,1,1,1,1,34,6,10837,2,6,VOLVO Model Missing,1,E01025248,0,-1
2020991003888,2020,991003888,2,11,0,2,2,0,0,0,0,2,0,0,0,0,2,1,1,1,1,53,8,9360,2,12,VOLVO Model Missing,1,-1,0,-1
2020100930434,2020,100930434,1,11,0,18,19,7,3,0,0,2,0,0,0,0,0,1,1,1,2,49,8,9360,2,6,VOLVO Model Missing,1,E01008793,0,-1
2020990923662,2020,990923662,1,11,0,4,4,6,2,0,0,3,0,0,1,5,4,1,1,1,1,59,9,7300,2,12,VOLVO Model Missing,7,-1,0,-1
2020010283130,2020,010283130,1,21,1,11,11,3,7,0,0,0,0,0,0,0,4,1,1,1,1,38,7,12777,2,3,VOLVO Model Missing,4,E01001241,0,-1
2020500973625,2020,500973625,2,21,1,17,19,1,5,0,0,0,0,0,0,0,4,1,1,1,1,44,7,12777,2,8,VOLVO Model Missing,5,E01024654,0,-1
202031A011120,2020,31A011120,1,21,1,4,4,3,6,0,0,0,0,0,0,0,1,1,1,1,1,30,6,12777,2,2,VOLVO Model Missing,-1,-1,0,-1
2020470972752,2020,470972752,1,11,0,18,19,3,7,0,0,0,0,0,0,0,0,1,1,1,1,45,7,9360,2,7,VOLVO Model Missing,2,E01016873,0,-1
2020990932899,2020,990932899,1,11,0,9,9,1,6,0,0,8,0,0,0,0,1,1,1,1,1,61,9,7300,2,14,VOLVO Model Missing,2,-1,0,-1
2020990935023,2020,990935023,3,21,1,18,19,4,8,0,0,0,0,0,0,0,3,1,1,1,1,51,8,12777,2,3,VOLVO Model Missing,9,-1,0,-1
2020010282486,2020,010282486,2,98,0,18,19,3,7,0,0,1,0,0,0,0,1,1,6,6,3,47,8,12777,2,4,-1,9,E01022930,0,-1
2020010269060,2020,010269060,1,11,0,5,5,8,4,0,0,2,0,0,0,0,0,1,1,1,1,57,9,9360,2,10,VOLVO Model Missing,7,E01002918,0,-1
2020070028026,2020,070028026,1,21,0,2,2,3,7,0,0,2,0,0,0,0,1,1,1,1,1,53,8,12777,2,5,VOLVO Model Missing,7,E01018673,0,-1
2020990984590,2020,990984590,1,21,1,7,7,5,1,0,0,3,0,0,0,0,4,1,1,1,1,33,6,12777,2,6,VOLVO Model Missing,2,-1,0,-1
2020420972982,2020,420972982,1,20,0,13,13,3,7,0,0,0,0,0,0,0,4,1,6,6,1,55,8,7698,2,0,VOLVO Model Missing,5,E01004354,0,-1
2020010229814,2020,010229814,1,11,0,18,19,7,3,2,2,2,0,0,0,0,0,1,1,1,1,33,6,5132,2,3,VOLVO Model Missing,3,E01000506,0,-1
202063BF00420,2020,63BF00420,1,21,0,14,14,2,7,0,0,0,0,0,7,4,1,1,1,1,1,25,5,12777,2,9,VOLVO Model Missing,4,E01028879,0,-1
2020010270106,2020,010270106,1,21,0,9,9,7,5,0,0,1,0,0,0,0,2,1,1,1,1,61,9,7146,2,10,VOLVO Model Missing,5,E01023293,0,-1
2020552001179,2020,552001179,1,20,0,18,19,7,3,0,0,0,1,0,0,0,1,1,1,1,1,33,6,7146,2,7,VOLVO Model Missing,7,E01019942,0,-1
2020320348993,2020,320348993,1,21,1,18,19,8,4,0,0,0,5,0,1,0,4,1,1,1,1,43,7,12777,2,0,VOLVO Model Missing,3,E01027977,0,-1
2020122000173,2020,122000173,1,9,0,1,1,7,3,0,0,0,0,0,0,0,2,1,1,1,1,42,7,2400,2,6,VOLVO Model Missing,9,E01027618,0,-1
2020010232429,2020,010232429,1,11,0,5,5,5,1,2,2,1,0,0,0,0,0,1,6,6,1,36,7,5132,2,5,VOLVO Model Missing,2,E01001703,0,-1
2020460970273,2020,460970273,1,98,0,16,19,4,8,0,0,0,0,0,0,0,1,2,1,1,1,49,8,-1,-1,-1,-1,6,E01003755,0,-1
2020210957351,2020,210957351,4,21,0,5,5,7,3,0,0,0,0,0,0,0,0,1,1,1,1,46,8,12777,2,5,VOLVO Model Missing,9,E01018408,0,-1
20201376E1445,2020,1376E1445,2,11,0,7,7,1,3,0,0,3,0,0,0,0,4,1,1,1,1,44,7,5132,2,4,VOLVO Model Missing,3,E01011608,0,-1
2020470973815,2020,470973815,2,21,0,18,19,3,7,0,0,8,0,0,0,0,1,1,1,1,1,52,8,12777,2,3,VOLVO Model Missing,7,E01005778,0,-1
2020421006861,2020,421006861,1,11,0,7,7,3,6,0,0,8,0,0,0,0,1,1,1,1,1,51,8,7300,2,11,VOLVO Model Missing,2,E01021354,0,-1
2020010256795,2020,010256795,1,11,0,4,4,7,3,0,0,1,0,0,0,0,0,1,1,1,1,47,8,5132,2,6,VOLVO Model Missing,4,E01023301,0,-1
2020370954289,2020,370954289,1,21,1,18,19,3,3,0,0,0,1,0,0,0,2,1,1,1,1,73,10,12777,2,13,VOLVO Model Missing,9,E01029939,0,-1
2020450982521,2020,450982521,2,21,0,18,19,1,5,0,0,0,0,0,0,0,1,1,1,1,1,44,7,12777,2,3,VOLVO Model Missing,3,E01030400,0,-1
202031D096920,2020,31D096920,1,11,0,13,13,7,3,0,0,2,0,0,0,0,4,1,1,1,1,56,9,10800,2,5,VOLVO Model Missing,7,E01019705,0,-1
2020010278696,2020,010278696,1,11,0,4,4,1,5,2,2,0,0,0,0,0,2,1,2,2,1,41,7,5132,2,2,VOLVO Model Missing,7,E01023856,0,-1
2020100967545,2020,100967545,2,11,0,3,3,3,7,0,0,4,0,0,0,0,0,1,1,1,1,47,8,9360,2,6,VOLVO Model Missing,6,E01008685,0,-1
2020010238861,2020,010238861,1,11,0,5,5,7,3,0,0,0,0,0,0,0,1,1,1,1,1,44,7,4760,2,8,VOLVO Model Missing,2,E01004535,0,-1
2020122001032,2020,122001032,2,11,0,18,19,5,1,0,0,0,0,0,0,0,2,1,1,1,1,65,9,7300,2,18,VOLVO Model Missing,10,E01013433,0,-1
2020100975627,2020,100975627,1,11,0,18,19,5,1,0,0,0,0,11,0,0,1,1,1,1,1,57,9,9360,2,8,VOLVO Model Missing,3,E01020670,0,-1
2020460967895,2020,460967895,2,21,1,18,19,5,1,0,0,0,0,0,0,0,0,1,1,1,1,53,8,12777,2,9,VOLVO Model Missing,6,E01023985,0,-1
2020010269064,2020,010269064,2,11,0,3,3,1,5,2,2,1,0,0,0,0,2,1,1,1,1,46,8,5132,2,3,VOLVO Model Missing,6,E01001964,0,-1
2020440053336,2020,440053336,2,11,0,3,3,2,6,0,0,0,0,0,0,0,1,1,1,1,1,63,9,10838,2,4,VOLVO Model Missing,4,E01031859,0,-1
2020010276683,2020,010276683,1,11,0,18,19,5,1,0,0,2,0,0,0,0,0,1,1,1,1,52,8,5132,2,1,VOLVO Model Missing,5,E01000194,0,-1
2020010237260,2020,010237260,1,11,0,16,19,5,1,0,0,1,0,0,0,0,0,1,1,1,1,53,8,5132,2,6,VOLVO Model Missing,6,E01033064,0,-1
2020010238004,2020,010238004,1,11,0,18,19,4,8,0,0,2,0,0,0,0,1,1,1,1,1,44,7,5132,2,5,VOLVO Model Missing,4,E01033490,0,-1
2020010258099,2020,010258099,1,11,0,3,3,5,1,0,0,1,0,0,0,0,0,1,1,1,1,53,8,5132,2,6,VOLVO Model Missing,7,E01000118,0,-1
2020340W80062,2020,340W80062,2,20,0,18,19,1,5,0,0,0,5,0,0,0,1,1,1,1,1,53,8,12777,2,2,VOLVO Model Missing,5,E01032971,0,-1
2020010260850,2020,010260850,1,11,0,4,4,1,5,0,0,0,0,0,0,0,0,1,1,1,1,50,8,5132,2,6,VOLVO Model Missing,4,E01002098,0,-1
2020160946376,2020,160946376,1,11,0,18,19,6,2,0,0,0,0,0,0,0,0,1,1,1,2,49,8,7300,2,17,VOLVO Model Missing,1,E01012855,0,-1
2020470983274,2020,470983274,1,21,0,17,19,6,3,0,0,0,5,0,2,0,1,1,1,1,1,33,6,12777,2,9,VOLVO Model Missing,6,E01030557,0,-1
2020010247817,2020,010247817,1,21,0,9,9,7,4,0,0,1,0,0,0,0,1,1,1,1,1,37,7,10837,2,3,VOLVO Model Missing,7,E01015946,0,-1
2020211009562,2020,211009562,5,21,1,4,4,5,1,0,0,0,0,0,0,0,2,1,1,1,1,55,8,12777,2,0,VOLVO Model Missing,7,E01019726,0,-1
2020500928603,2020,500928603,1,9,0,18,19,1,3,0,0,0,0,12,0,0,1,1,6,6,1,45,7,1560,2,10,VOLVO Model Missing,6,E01019933,0,-1
2020211024957,2020,211024957,1,21,-1,-1,-1,5,8,-1,-1,0,-1,-1,-1,0,-1,1,6,6,1,34,6,12777,2,5,VOLVO Model Missing,-1,-1,0,-1
2020220984354,2020,220984354,1,21,1,16,19,8,3,0,0,0,3,0,0,0,1,1,1,1,1,58,9,12777,2,7,VOLVO Model Missing,7,E01028995,0,-1
2020010262699,2020,010262699,2,11,0,99,99,9,9,99,99,9,9,99,9,99,1,1,6,6,3,63,9,5132,2,3,VOLVO Model Missing,3,E01000922,0,-1
2020010271872,2020,010271872,1,11,0,5,5,1,5,0,0,0,0,0,0,0,1,1,1,1,1,61,9,4760,2,6,VOLVO Model Missing,5,E01003080,0,-1
2020010229759,2020,010229759,2,11,0,18,19,7,3,0,0,0,0,0,0,0,3,1,1,1,1,66,10,5132,2,2,VOLVO Model Missing,2,E01001205,0,-1
2020200942972,2020,200942972,3,21,0,18,19,7,3,0,0,0,0,0,0,0,1,1,1,1,1,34,6,12777,2,9,VOLVO Model Missing,4,E01033072,0,-1
2020421002956,2020,421002956,2,21,0,17,19,3,7,0,0,0,0,0,0,0,1,1,1,1,2,37,7,7146,2,12,VOLVO Model Missing,7,E01021887,0,-1
2020122000248,2020,122000248,1,21,0,16,19,5,7,0,0,0,2,10,7,11,0,1,1,1,1,53,8,12777,2,12,VOLVO Model Missing,8,E01027694,0,-1
2020010238658,2020,010238658,1,11,0,4,4,1,5,0,0,0,0,0,0,0,0,1,6,6,1,21,5,5132,2,4,VOLVO Model Missing,4,E01004027,0,-1
2020010267646,2020,010267646,1,21,1,17,19,3,7,0,0,3,0,0,0,0,2,1,1,1,1,26,6,12777,2,5,VOLVO Model Missing,2,E01016480,0,-1
2020420985847,2020,420985847,2,21,1,18,19,7,3,0,0,0,0,0,0,0,1,1,1,1,1,57,9,12777,2,5,VOLVO Model Missing,4,E01021296,0,-1
2020622000083,2020,622000083,1,21,1,18,19,4,7,0,0,1,0,0,0,0,1,1,1,1,1,58,9,7146,2,12,VOLVO Model Missing,1,W01000830,0,-1
202006XN73769,2020,06XN73769,2,21,1,18,19,6,2,0,0,0,0,0,0,0,1,1,1,1,1,55,8,12777,2,0,VOLVO Model Missing,-1,-1,0,-1
20201377U1375,2020,1377U1375,2,11,0,18,19,6,2,0,0,0,0,0,0,0,1,1,1,1,1,61,9,7300,2,13,VOLVO Model Missing,5,E01033695,0,-1
2020010284577,2020,010284577,1,11,0,7,7,7,1,0,0,8,0,0,0,0,4,1,1,1,1,55,8,5132,2,2,VOLVO Model Missing,6,E01033570,0,-1
2020010284777,2020,010284777,2,11,0,9,9,1,7,0,0,1,0,0,0,0,1,1,1,1,1,-1,-1,9360,2,8,VOLVO Model Missing,-1,-1,0,-1
2020040976593,2020,040976593,1,21,0,16,19,8,2,0,0,0,5,0,6,0,3,1,5,6,1,33,6,12777,2,7,VOLVO Model Missing,4,E01025407,0,-1
2020360999099,2020,360999099,1,21,1,18,19,8,4,0,0,4,2,0,0,0,4,1,1,1,1,62,9,12777,2,13,VOLVO Model Missing,1,E01026809,0,-1
2020010265403,2020,010265403,1,21,0,18,19,1,5,0,0,1,0,0,0,0,1,1,6,6,1,54,8,12777,2,3,VOLVO Model Missing,3,E01026696,0,-1
2020010236103,2020,010236103,1,11,0,3,3,1,5,2,2,0,0,0,0,0,0,1,1,1,1,50,8,5132,2,3,VOLVO Model Missing,2,E01001894,0,-1
2020990931130,2020,990931130,1,11,0,4,4,7,3,0,0,0,0,0,0,0,0,1,1,1,1,50,8,7300,2,15,VOLVO Model Missing,1,-1,0,-1
2020010241681,2020,010241681,1,11,0,7,7,7,1,0,0,1,0,0,0,0,0,1,1,1,1,53,8,5132,2,3,VOLVO Model Missing,-1,-1,0,-1
2020122001071,2020,122001071,1,11,0,18,19,1,5,0,0,1,0,0,0,0,1,1,1,1,1,37,7,7300,2,13,VOLVO Model Missing,9,E01013431,0,-1
2020101010144,2020,101010144,2,11,0,18,19,7,3,0,0,0,0,0,0,0,-1,1,1,1,1,36,7,9360,2,6,VOLVO Model Missing,-1,-1,0,-1
2020470972651,2020,470972651,4,21,0,18,19,7,3,0,0,0,0,0,0,0,1,1,1,1,1,42,7,12777,2,1,VOLVO Model Missing,7,E01031396,0,-1
2020420987646,2020,420987646,3,21,1,18,19,1,5,0,0,0,0,0,0,0,1,1,1,1,1,25,5,12777,2,1,VOLVO Model Missing,8,E01027750,0,-1
2020010231446,2020,010231446,1,11,0,4,4,5,1,0,0,1,0,0,0,0,1,1,1,1,1,55,8,4760,2,7,VOLVO Model Missing,8,E01001523,0,-1
2020522003744,2020,522003744,1,21,1,9,9,6,2,7,6,5,0,0,0,0,3,1,6,6,1,44,7,12777,2,4,VOLVO Model Missing,8,E01032690,0,-1
2020470992291,2020,470992291,2,11,0,2,2,0,0,0,0,0,0,0,0,0,0,1,1,1,1,56,9,7300,2,19,VOLVO Model Missing,8,E01021069,0,-1
2020010258312,2020,010258312,1,11,0,5,5,7,3,0,0,0,0,0,0,0,0,1,1,1,1,22,5,5132,2,2,VOLVO Model Missing,2,E01002032,0,-1
2020040993015,2020,040993015,2,11,0,17,19,5,1,0,0,0,0,0,8,0,1,1,1,1,1,51,8,9360,2,7,VOLVO Model Missing,2,E01025229,0,-1
2020010231627,2020,010231627,1,11,0,18,19,5,1,0,0,1,0,4,0,0,4,1,1,1,1,52,8,5132,2,3,VOLVO Model Missing,3,E01000054,0,-1
2020461001412,2020,461001412,2,19,0,2,2,0,0,0,0,1,0,0,0,0,3,1,6,6,1,53,8,7698,2,2,VOLVO Model Missing,3,E01021834,0,-1
2020351001323,2020,351001323,1,21,1,18,19,3,7,0,0,0,0,0,1,0,1,1,1,1,1,56,9,12777,2,13,VOLVO Model Missing,2,E01017531,0,-1
2020010266287,2020,010266287,1,11,0,9,9,5,3,0,0,1,0,0,0,0,0,1,1,1,1,44,7,9360,2,8,VOLVO Model Missing,6,E01002186,0,-1
2020140979445,2020,140979445,1,11,0,5,5,1,5,0,0,0,0,0,0,0,0,1,1,1,1,20,4,7300,2,14,VOLVO Model Missing,3,E01019775,0,-1
2020991009022,2020,991009022,1,11,0,5,5,3,7,2,2,1,0,0,0,0,0,1,1,1,1,44,7,9360,2,9,VOLVO Model Missing,10,-1,0,-1
2020990974662,2020,990974662,1,21,1,9,9,7,5,0,0,8,0,0,0,0,1,1,1,1,1,54,8,10837,2,2,VOLVO Model Missing,6,-1,0,-1
2020010269064,2020,010269064,1,11,0,5,5,1,5,2,2,1,0,0,0,0,1,1,1,1,1,33,6,5132,2,6,VOLVO Model Missing,7,E01023344,0,-1
2020220933600,2020,220933600,3,21,1,18,19,8,3,0,0,0,0,0,0,0,3,1,1,1,1,40,7,7698,2,4,VOLVO Model Missing,7,E01028976,0,-1
2020460937880,2020,460937880,1,21,0,18,19,3,7,0,0,3,0,0,0,0,4,1,6,6,1,-1,-1,12777,2,4,VOLVO Model Missing,6,E01024546,0,-1
2020010282041,2020,010282041,2,21,0,18,19,1,5,0,0,4,0,0,0,0,1,1,6,6,3,-1,-1,7698,2,1,VOLVO Model Missing,1,E01001427,0,-1
2020010245890,2020,010245890,1,21,0,18,19,7,3,0,0,0,0,0,0,0,4,1,1,1,1,56,9,12777,2,5,VOLVO Model Missing,3,E01003537,0,-1
2020010231054,2020,010231054,1,11,0,3,3,7,3,0,0,2,0,0,0,0,0,1,1,1,1,50,8,5132,2,6,VOLVO Model Missing,2,E01001316,0,-1
2020450923716,2020,450923716,2,21,0,5,5,1,7,0,0,0,0,0,0,0,1,1,6,6,2,26,6,12777,2,4,VOLVO Model Missing,7,E01016250,0,-1
2020320451161,2020,320451161,2,21,0,18,19,1,5,0,0,1,0,0,0,0,1,1,1,1,1,55,8,12777,2,4,VOLVO Model Missing,6,E01026329,0,-1
2020990996928,2020,990996928,1,11,0,4,4,3,7,0,0,0,0,0,0,0,0,1,1,1,1,62,9,9360,2,13,VOLVO Model Missing,10,-1,0,-1
2020470976829,2020,470976829,2,11,0,4,4,7,3,0,0,1,0,0,0,0,0,1,1,1,1,22,5,9360,2,7,VOLVO Model Missing,4,E01021071,0,-1
2020052001710,2020,052001710,1,98,1,6,6,1,1,0,0,8,0,0,0,0,3,1,1,1,1,63,9,12777,2,2,-1,3,E01020286,0,-1
2020010231711,2020,010231711,1,21,1,18,19,5,1,0,0,1,0,0,0,0,4,1,1,1,1,58,9,12777,2,3,VOLVO Model Missing,7,E01003408,0,-1
2020420915023,2020,420915023,1,21,1,18,19,5,1,0,0,0,0,0,0,0,1,1,1,1,1,31,6,12777,2,9,VOLVO Model Missing,4,E01032800,0,-1