collision_index,collision_year,collision_ref_no,vehicle_reference,vehicle_type,towing_and_articulation,vehicle_manoeuvre_historic,vehicle_manoeuvre,vehicle_direction_from,vehicle_direction_to,vehicle_location_restricted_lane_historic,vehicle_location_restricted_lane,junction_location,skidding_and_overturning,hit_object_in_carriageway,vehicle_leaving_carriageway,hit_object_off_carriageway,first_point_of_impact,vehicle_left_hand_drive,journey_purpose_of_driver_historic,journey_purpose_of_driver,sex_of_driver,age_of_driver,age_band_of_driver,engine_capacity_cc,propulsion_code,age_of_vehicle,generic_make_model,driver_imd_decile,lsoa_of_driver,escooter_flag,driver_distance_banding
2020040932388,2020,040932388,2,21,0,18,19,2,6,0,0,0,0,0,0,0,1,1,1,1,1,59,9,12777,2,4,VOLVO Model Missing,10,E01027538,0,-1
2020211026516,2020,211026516,2,21,1,18,19,4,8,0,0,1,0,0,0,0,1,1,1,1,1,27,6,12777,2,0,VOLVO Model Missing,3,E01010495,0,-1
2020010277361,2020,010277361,2,21,0,7,7,1,3,0,0,4,0,0,0,0,2,1,1,1,1,53,8,12777,2,1,VOLVO Model Missing,7,E01021220,0,-1
2020010273803,2020,010273803,1,11,0,4,4,7,3,0,0,0,0,0,0,0,1,1,1,1,1,56,9,5132,2,3,VOLVO Model Missing,4,E01002131,0,-1
2020010273827,2020,010273827,2,11,0,18,19,7,3,0,0,1,1,0,0,0,1,1,1,1,1,45,7,5132,2,2,VOLVO Model Missing,7,E01002428,0,-1
2020100934602,2020,100934602,1,11,0,18,19,7,3,0,0,0,0,0,0,0,1,1,1,1,1,57,9,12000,2,15,VOLVO Model Missing,3,E01027522,0,-1
2020522001713,2020,522001713,2,11,0,18,19,2,6,0,0,8,0,0,0,0,4,1,1,1,1,22,5,9360,2,12,VOLVO Model Missing,7,E01014907,0,-1
2020200955847,2020,200955847,2,90,0,17,19,2,8,0,0,0,0,0,0,0,3,1,1,1,1,47,8,7698,2,1,-1,3,E01008957,0,-1
2020010257228,2020,010257228,1,11,0,5,5,1,5,0,0,5,0,0,0,0,0,1,1,1,1,62,9,5132,2,3,VOLVO Model Missing,3,E01001141,0,-1
2020522000815,2020,522000815,1,11,0,3,3,8,4,0,0,8,0,0,0,0,1,1,6,6,1,47,8,7300,2,17,VOLVO Model Missing,6,E01014677,0,-1
2020990941054,2020,990941054,1,11,0,5,5,4,8,2,2,2,0,0,0,0,0,1,1,1,1,26,6,7300,2,13,VOLVO Model Missing,-1,-1,0,-1
2020041007935,2020,041007935,1,21,0,18,19,7,2,0,0,8,0,0,0,0,1,1,1,1,1,57,9,12777,2,4,VOLVO Model Missing,6,E01018615,0,-1
2020400994577,2020,400994577,2,11,0,18,19,5,1,0,0,0,0,0,0,0,1,1,1,1,1,51,8,7300,2,8,VOLVO Model Missing,4,E01015742,0,-1
2020010247696,2020,010247696,1,21,0,3,3,3,7,0,0,8,0,0,0,0,1,1,1,1,1,47,8,10837,2,4,VOLVO Model Missing,1,E01003511,0,-1
2020990966852,2020,990966852,2,11,0,4,4,5,1,0,0,1,0,0,0,0,1,1,1,1,1,46,8,9360,2,9,VOLVO Model Missing,10,-1,0,-1
2020010252509,2020,010252509,1,11,0,4,4,1,5,0,0,1,0,0,0,0,0,1,1,1,2,31,6,5132,2,3,VOLVO Model Missing,2,E01000604,0,-1
2020360969565,2020,360969565,2,21,4,18,19,8,4,0,0,0,0,10,0,0,3,1,1,1,1,36,7,12777,2,2,VOLVO Model Missing,4,E01027706,0,-1
2020070546705,2020,070546705,1,21,0,18,19,2,6,0,0,0,0,0,0,0,1,1,1,1,1,60,9,12777,2,13,VOLVO Model Missing,7,E01019718,0,-1
2020010249499,2020,010249499,2,11,9,18,19,5,1,99,99,0,9,99,0,0,1,9,6,6,3,-1,-1,5132,2,3,VOLVO Model Missing,-1,-1,0,-1
2020010257704,2020,010257704,1,11,0,3,3,1,5,0,0,1,0,0,0,0,2,1,1,1,1,45,7,5132,2,4,VOLVO Model Missing,3,E01004756,0,-1
2020010273539,2020,010273539,2,11,0,3,3,5,1,0,0,1,0,0,0,0,0,1,6,6,2,43,7,5132,2,5,VOLVO Model Missing,2,E01003179,0,-1
2020302001517,2020,302001517,1,21,0,18,19,6,2,0,0,0,0,0,0,0,1,1,1,1,1,44,7,10837,2,7,VOLVO Model Missing,3,E01019531,0,-1
2020990995059,2020,990995059,1,11,0,5,5,7,3,0,0,2,0,0,0,0,0,1,1,1,1,43,7,9360,2,10,VOLVO Model Missing,10,-1,0,-1
2020990937418,2020,990937418,1,11,0,7,7,2,4,0,0,8,0,0,0,0,0,1,1,1,1,50,8,4760,2,6,VOLVO Model Missing,9,-1,0,-1
2020361006804,2020,361006804,1,11,0,7,7,7,2,0,0,2,0,0,0,0,4,1,1,1,1,57,9,9360,2,9,VOLVO Model Missing,2,E01026805,0,-1
2020220937872,2020,220937872,2,21,1,18,19,1,5,0,0,2,0,0,0,0,1,1,1,1,1,52,8,12777,2,6,VOLVO Model Missing,1,W01001744,0,-1
2020470931425,2020,470931425,1,11,0,4,4,2,6,0,0,1,0,0,0,0,0,1,1,1,1,35,6,4760,2,10,VOLVO Model Missing,4,E01016973,0,-1
2020101004349,2020,101004349,1,11,0,5,5,7,3,0,0,1,0,0,0,0,0,1,1,1,1,50,8,9360,2,6,VOLVO Model Missing,9,E01008479,0,-1
2020010272275,2020,010272275,1,11,0,5,5,2,6,0,0,2,0,0,0,0,0,1,1,1,1,51,8,5132,2,6,VOLVO Model Missing,8,E01023893,0,-1
2020552000225,2020,552000225,1,11,0,4,4,5,1,0,0,0,0,0,0,0,4,1,1,1,2,28,6,9360,2,6,VOLVO Model Missing,3,E01015310,0,-1
2020010261003,2020,010261003,1,11,0,4,4,1,5,2,2,2,0,0,0,0,0,1,1,1,1,27,6,5132,2,6,VOLVO Model Missing,4,E01023669,0,-1
2020010273953,2020,010273953,1,11,0,4,4,7,3,0,0,0,0,0,0,0,0,1,1,1,1,47,8,4760,2,11,VOLVO Model Missing,1,E01004035,0,-1
2020010270244,2020,010270244,1,11,0,18,19,3,7,0,0,1,0,0,0,0,4,1,1,1,1,66,10,5132,2,3,VOLVO Model Missing,5,E01001315,0,-1
2020010229060,2020,010229060,1,21,4,5,5,3,7,0,0,1,0,0,0,0,1,1,1,1,1,57,9,12777,2,5,VOLVO Model Missing,8,E01024575,0,-1
20201376Q1807,2020,1376Q1807,4,11,0,3,3,2,6,0,0,8,0,0,0,0,2,1,1,1,1,58,9,7300,2,15,VOLVO Model Missing,6,E01011607,0,-1
2020332000215,2020,332000215,2,21,1,4,4,8,4,0,0,0,0,0,0,0,4,1,1,1,1,38,7,12777,2,1,VOLVO Model Missing,2,E01010335,0,-1
202031B072020,2020,31B072020,1,21,1,16,19,7,3,0,0,0,0,0,0,0,0,1,1,1,1,64,9,12777,2,5,VOLVO Model Missing,6,E01013894,0,-1
2020040931520,2020,040931520,2,21,0,18,19,1,5,0,0,0,0,0,0,0,3,1,1,1,1,60,9,12777,2,3,VOLVO Model Missing,1,E01006481,0,-1
2020122001103,2020,122001103,1,21,1,16,19,6,1,0,0,0,0,0,7,11,1,1,1,1,1,64,9,12777,2,2,VOLVO Model Missing,6,E01012323,0,-1
2020332000041,2020,332000041,1,21,1,4,4,7,3,6,6,0,0,0,0,0,4,1,1,1,1,64,9,12777,2,9,VOLVO Model Missing,6,E01018053,0,-1
2020350944167,2020,350944167,2,21,0,4,4,6,2,0,0,0,0,0,0,0,2,1,1,1,1,54,8,10837,2,5,VOLVO Model Missing,6,E01026492,0,-1
2020500987652,2020,500987652,2,21,0,17,19,2,6,0,0,0,0,0,0,0,1,1,1,1,1,32,6,12777,2,2,VOLVO Model Missing,3,E01020294,0,-1
2020010285067,2020,010285067,1,9,0,4,4,1,5,0,0,0,0,0,0,0,4,1,6,6,1,67,10,1834,1,19,VOLVO Model Missing,1,E01004199,0,-1
2020122000832,2020,122000832,2,11,0,18,19,7,3,0,0,8,0,0,0,0,4,1,6,6,1,42,7,7300,2,15,VOLVO Model Missing,4,E01013382,0,-1
2020990999614,2020,990999614,1,21,1,18,19,6,2,0,0,0,1,0,0,0,3,1,1,1,1,22,5,12777,2,2,VOLVO Model Missing,-1,-1,0,-1
2020010272350,2020,010272350,1,21,4,18,19,7,3,0,0,0,0,0,0,0,0,1,1,1,1,61,9,12777,2,6,VOLVO Model Missing,4,E01014401,0,-1
2020200930404,2020,200930404,2,11,0,5,5,6,2,0,0,8,0,0,0,0,0,1,1,1,1,56,9,7300,2,7,VOLVO Model Missing,1,E01009679,0,-1
2020010231829,2020,010231829,1,11,0,5,5,6,2,8,6,0,0,0,0,0,0,1,1,1,1,31,6,5132,2,3,VOLVO Model Missing,3,E01003244,0,-1
2020137CE0758,2020,137CE0758,2,11,0,3,3,3,1,0,0,1,0,0,0,0,3,1,1,1,1,31,6,7300,2,11,VOLVO Model Missing,9,E01011151,0,-1
2020140959847,2020,140959847,1,11,0,16,19,6,2,0,0,2,0,0,0,0,4,1,1,1,1,54,8,7300,2,17,VOLVO Model Missing,1,E01007629,0,-1
2020110964112,2020,110964112,4,21,1,10,10,0,0,0,0,1,0,0,0,0,0,1,1,1,1,57,9,12777,2,7,VOLVO Model Missing,4,E01020846,0,-1
2020990938926,2020,990938926,2,21,2,9,9,3,1,0,0,6,3,0,7,11,4,1,1,1,1,25,5,12777,2,2,VOLVO Model Missing,4,-1,0,-1
2020010235868,2020,010235868,1,11,0,4,4,7,3,0,0,0,0,0,0,0,0,1,1,1,1,62,9,5132,2,3,VOLVO Model Missing,2,E01000627,0,-1
2020361013522,2020,361013522,1,11,0,18,19,7,3,0,0,0,0,0,0,0,1,1,1,1,1,50,8,9360,2,8,VOLVO Model Missing,6,E01026797,0,-1
2020010270535,2020,010270535,1,11,0,7,7,7,1,0,0,2,0,0,0,0,2,1,1,1,2,53,8,5132,2,3,VOLVO Model Missing,5,E01001232,0,-1
2020470991507,2020,470991507,1,11,0,5,5,4,8,0,0,0,0,0,0,0,0,1,1,1,1,34,6,4760,2,8,VOLVO Model Missing,2,E01031361,0,-1
2020010238273,2020,010238273,1,11,0,18,19,5,1,2,2,1,0,0,0,0,0,1,1,1,1,30,6,5132,2,3,VOLVO Model Missing,6,E01003694,0,-1
2020522004108,2020,522004108,1,11,0,3,3,4,8,0,0,0,0,0,0,0,1,1,1,1,2,60,9,7300,2,16,VOLVO Model Missing,7,E01029149,0,-1
2020010268968,2020,010268968,1,11,0,4,4,1,5,0,0,1,0,0,0,0,4,1,1,1,2,39,7,5132,2,4,VOLVO Model Missing,3,E01003193,0,-1
2020200932410,2020,200932410,2,11,0,5,5,4,8,0,0,0,0,0,0,0,0,1,1,1,1,57,9,7300,2,13,VOLVO Model Missing,5,E01009279,0,-1
2020440115006,2020,440115006,2,20,0,2,2,0,0,0,0,0,0,0,0,0,2,1,1,1,1,50,8,5132,2,2,VOLVO Model Missing,9,E01031623,0,-1
2020302000346,2020,302000346,1,11,0,17,19,7,3,0,0,8,0,0,0,0,3,1,1,1,3,-1,-1,-1,2,23,VOLVO Model Missing,5,E01019456,0,-1
2020010264237,2020,010264237,1,11,0,5,5,5,1,0,0,1,0,0,0,0,0,1,1,1,1,42,7,9360,2,9,VOLVO Model Missing,-1,-1,0,-1
2020470975201,2020,470975201,1,21,0,2,2,0,0,6,6,0,0,0,0,0,2,1,2,2,1,39,7,12777,2,1,VOLVO Model Missing,6,E01023007,0,-1
202031C132520,2020,31C132520,2,11,0,18,19,7,3,0,0,8,0,0,0,0,0,1,1,1,2,56,9,7300,2,11,VOLVO Model Missing,1,E01013871,0,-1
2020470971997,2020,470971997,1,11,0,18,19,3,7,0,0,0,0,0,0,0,4,1,1,1,1,49,8,9360,2,7,VOLVO Model Missing,3,E01017007,0,-1
2020201014123,2020,201014123,1,11,0,18,19,7,3,0,0,8,0,0,0,0,1,1,1,1,1,31,6,7300,2,18,VOLVO Model Missing,1,E01009172,0,-1
2020991008662,2020,991008662,1,11,0,4,4,6,2,0,0,8,0,0,0,0,0,1,1,1,1,32,6,9360,2,9,VOLVO Model Missing,3,-1,0,-1
2020122000612,2020,122000612,3,11,0,17,19,8,4,0,0,0,0,0,1,0,1,1,1,1,1,49,8,7300,2,16,VOLVO Model Missing,6,E01027842,0,-1
2020161004346,2020,161004346,3,11,0,18,19,4,8,0,0,0,0,0,0,0,2,1,1,1,1,54,8,9360,2,11,VOLVO Model Missing,1,E01012851,0,-1
2020010269845,2020,010269845,1,11,0,18,19,1,5,0,0,0,0,0,0,0,0,1,1,1,1,60,9,5132,2,3,VOLVO Model Missing,2,E01002053,0,-1
2020010236091,2020,010236091,1,11,9,99,99,9,9,99,99,9,9,99,9,99,3,9,1,1,1,41,7,9360,2,9,VOLVO Model Missing,7,E01004139,0,-1
2020440249210,2020,440249210,1,21,0,18,19,5,7,0,0,8,5,10,0,0,3,1,1,1,1,29,6,7146,2,12,VOLVO Model Missing,5,E01023139,0,-1
2020501015846,2020,501015846,2,21,0,18,19,5,1,0,0,1,0,0,0,0,1,1,5,6,1,56,9,12777,2,0,VOLVO Model Missing,6,E01018750,0,-1
2020010282913,2020,010282913,1,11,0,4,4,1,5,2,2,0,0,0,0,0,0,1,6,6,1,51,8,9360,2,9,VOLVO Model Missing,6,E01001347,0,-1
2020070637451,2020,070637451,3,21,0,18,19,5,1,0,0,0,1,0,0,0,3,1,1,1,1,57,9,12777,2,4,VOLVO Model Missing,4,E01005834,0,-1
2020411005552,2020,411005552,2,11,-1,18,19,1,2,0,0,1,-1,-1,0,0,-1,1,1,1,1,47,8,7300,2,13,VOLVO Model Missing,5,E01015740,0,-1
2020220991606,2020,220991606,2,11,0,5,5,3,7,0,0,8,0,0,0,0,3,1,1,1,1,67,10,7698,2,4,VOLVO Model Missing,8,E01032189,0,-1
2020370918414,2020,370918414,2,11,0,18,19,2,6,0,0,8,0,0,0,0,1,1,1,1,1,53,8,7300,2,20,VOLVO Model Missing,2,E01030248,0,-1
2020522101195,2020,522101195,1,11,0,18,19,5,1,0,0,0,0,0,0,0,4,1,1,1,1,62,9,9360,2,13,VOLVO Model Missing,6,E01014614,0,-1
2020030962351,2020,030962351,2,21,0,18,19,1,1,0,0,0,0,0,0,0,2,1,6,6,1,26,6,12777,2,5,VOLVO Model Missing,4,-1,0,-1
2020200999392,2020,200999392,2,11,0,18,19,4,8,0,0,0,0,0,0,0,1,1,1,1,1,33,6,7300,2,8,VOLVO Model Missing,9,E01010334,0,-1
2020122000384,2020,122000384,1,11,0,18,19,3,7,0,0,2,0,0,0,0,4,1,1,1,1,56,9,5132,2,3,VOLVO Model Missing,9,E01027848,0,-1
2020010278463,2020,010278463,1,21,0,9,9,3,1,0,0,8,0,0,0,0,0,1,1,1,1,52,8,12777,2,2,VOLVO Model Missing,8,E01002657,0,-1
202006L273443,2020,06L273443,2,11,0,18,19,7,3,1,1,8,0,0,0,0,1,1,1,1,1,38,7,5132,2,4,VOLVO Model Missing,4,E01004991,0,-1
2020370928627,2020,370928627,2,21,1,18,19,1,5,0,0,0,0,0,0,0,3,1,6,6,1,52,8,12777,2,1,VOLVO Model Missing,2,E01030031,0,-1
2020530944572,2020,530944572,1,21,0,9,9,2,3,0,0,5,0,0,0,0,4,1,1,1,1,57,9,7698,2,1,VOLVO Model Missing,9,W01001743,0,-1
2020210998677,2020,210998677,1,21,0,18,19,1,5,0,0,0,0,0,0,0,1,1,2,2,1,41,7,12777,2,3,VOLVO Model Missing,2,E01019863,0,-1
2020070580849,2020,070580849,1,21,1,18,19,5,1,0,0,0,0,0,0,0,1,1,1,1,1,37,7,12777,2,2,VOLVO Model Missing,2,E01010310,0,-1
2020010240532,2020,010240532,1,11,0,99,99,9,9,99,99,8,9,99,9,99,1,9,6,6,3,-1,-1,5132,2,3,VOLVO Model Missing,-1,-1,0,-1
2020137BE2095,2020,137BE2095,2,11,0,18,19,1,5,0,0,0,0,0,1,2,4,1,1,1,1,63,9,7300,2,16,VOLVO Model Missing,5,E01010678,0,-1
2020200939344,2020,200939344,1,11,0,18,19,1,5,0,0,8,0,0,0,0,3,1,1,1,2,28,6,7300,2,8,VOLVO Model Missing,8,E01010565,0,-1
2020302000158,2020,302000158,1,21,1,18,19,1,5,0,0,0,2,4,1,11,1,1,1,1,1,57,9,12777,2,1,VOLVO Model Missing,1,E01011863,0,-1
2020010285242,2020,010285242,2,21,0,18,19,7,3,0,0,2,0,0,0,0,1,1,1,1,1,41,7,12777,2,9,VOLVO Model Missing,5,E01033087,0,-1
2020010229070,2020,010229070,1,11,0,16,19,3,5,0,0,8,0,0,0,0,1,1,1,1,1,59,9,5132,2,5,VOLVO Model Missing,4,E01002583,0,-1
2020440038769,2020,440038769,1,21,0,18,19,4,8,0,0,1,1,0,0,0,1,1,1,1,1,26,6,10837,2,6,VOLVO Model Missing,5,E01002660,0,-1
2020010259592,2020,010259592,2,11,0,10,10,1,6,0,0,2,0,0,0,0,3,1,1,1,1,64,9,5132,2,3,VOLVO Model Missing,4,E01000965,0,-1
2020010246086,2020,010246086,2,21,1,11,11,7,3,0,0,0,0,0,0,0,1,1,1,1,1,35,6,12777,2,5,VOLVO Model Missing,6,E01002555,0,-1
2020350944976,2020,350944976,1,9,0,4,4,5,3,0,0,1,0,0,0,0,1,1,6,6,1,34,6,1870,2,18,VOLVO Model Missing,6,E01033179,0,-1
2020470955632,2020,470955632,2,11,0,18,19,3,7,0,0,8,0,0,0,0,1,1,1,1,1,56,9,9360,2,8,VOLVO Model Missing,6,E01021033,0,-1
2020010261766,2020,010261766,1,11,0,18,19,7,3,0,0,8,0,0,0,0,3,1,1,1,1,32,6,5132,2,3,VOLVO Model Missing,2,E01001735,0,-1
2020991002272,2020,991002272,1,21,1,16,19,6,2,0,0,0,2,0,1,0,1,1,1,1,1,20,4,12777,2,5,VOLVO Model Missing,5,-1,0,-1
2020160986367,2020,160986367,1,11,0,2,2,0,0,0,0,0,0,0,0,0,0,1,1,1,1,44,7,9360,2,13,VOLVO Model Missing,1,E01012855,0,-1
2020010285956,2020,010285956,2,11,0,99,99,9,9,99,99,9,9,99,9,99,9,9,6,6,3,31,6,5132,2,3,VOLVO Model Missing,2,E01004253,0,-1
2020302001310,2020,302001310,2,21,1,11,11,1,5,0,0,0,0,0,0,0,1,1,6,6,1,28,6,12777,2,4,VOLVO Model Missing,1,E01011816,0,-1
2020461004559,2020,461004559,1,11,0,18,19,7,3,0,0,0,0,0,0,0,1,1,1,1,1,59,9,12000,2,17,VOLVO Model Missing,4,E01024002,0,-1
2020622000595,2020,622000595,2,21,0,18,19,4,8,0,0,1,0,0,0,0,4,1,6,6,1,34,6,5480,2,14,VOLVO Model Missing,3,W01001331,0,-1
2020170L20830,2020,170L20830,1,11,0,18,19,2,6,0,0,0,0,0,0,0,1,1,1,1,1,56,9,9600,2,19,VOLVO Model Missing,6,E01012187,0,-1
2020991000501,2020,991000501,2,11,0,4,4,7,3,0,0,0,0,0,0,0,0,1,1,1,1,32,6,7300,2,14,VOLVO Model Missing,6,-1,0,-1
2020350926122,2020,350926122,2,21,1,4,4,-1,-1,0,0,0,0,0,0,0,2,1,6,6,1,29,6,12777,2,11,VOLVO Model Missing,5,E01018135,0,-1
2020543030520,2020,543030520,1,21,4,13,13,7,3,0,0,0,4,0,2,-1,4,1,1,1,1,56,9,9364,2,16,VOLVO Model Missing,5,E01019886,0,-1
2020010236042,2020,010236042,1,11,0,18,19,3,7,0,0,1,0,0,0,0,0,1,1,1,1,42,7,9360,2,8,VOLVO Model Missing,1,E01033153,0,-1
2020302000322,2020,302000322,1,20,0,18,19,7,2,0,0,0,0,0,0,0,1,1,1,1,1,38,7,10837,2,9,VOLVO Model Missing,1,E01006060,0,-1
2020350970444,2020,350970444,1,21,0,18,19,7,3,0,0,1,1,0,0,0,1,1,1,1,1,27,6,10837,2,3,VOLVO Model Missing,4,E01027327,0,-1
2020990990923,2020,990990923,2,11,0,18,19,7,3,0,0,0,0,1,0,0,1,1,1,1,1,40,7,5132,2,5,VOLVO Model Missing,5,-1,0,-1
2020410964322,2020,410964322,1,20,0,18,19,6,2,0,0,1,0,0,0,0,1,1,5,6,1,28,6,7698,2,1,VOLVO Model Missing,7,E01023531,0,-1
2020360987865,2020,360987865,2,11,0,18,19,8,4,0,0,8,0,0,0,0,3,1,5,6,1,41,7,7300,2,18,VOLVO Model Missing,8,E01026558,0,-1
2020470984007,2020,470984007,1,11,0,5,5,1,5,0,0,1,0,0,0,0,0,1,1,1,2,54,8,9360,2,7,VOLVO Model Missing,5,E01021064,0,-1
2020320444120,2020,320444120,2,21,0,18,19,8,4,0,0,0,0,0,0,0,3,1,1,1,1,56,9,12777,2,4,VOLVO Model Missing,6,E01026486,0,-1
202031D117520,2020,31D117520,2,11,0,18,19,5,1,0,0,8,0,0,0,0,3,1,1,1,2,28,6,1080,2,5,VOLVO Model Missing,5,E01013595,0,-1
2020010238231,2020,010238231,1,11,0,18,19,7,3,0,0,1,0,0,0,0,0,1,1,1,1,34,6,9360,2,8,VOLVO Model Missing,4,E01000609,0,-1
2020010241288,2020,010241288,1,11,0,5,5,4,8,0,0,1,0,0,0,0,0,1,1,1,1,32,6,9360,2,10,VOLVO Model Missing,3,E01002559,0,-1
2020010230660,2020,010230660,1,11,0,18,19,4,8,2,2,0,0,0,0,0,1,1,1,1,2,33,6,9380,2,5,VOLVO Model Missing,3,E01000577,0,-1
2020140963312,2020,140963312,3,21,0,4,4,1,5,0,0,0,0,4,0,0,1,1,1,1,1,50,8,12777,2,0,VOLVO Model Missing,7,E01013014,0,-1
2020010252581,2020,010252581,1,11,0,18,19,7,3,0,0,1,0,0,0,0,3,1,1,1,1,30,6,9360,2,10,VOLVO Model Missing,2,E01000072,0,-1
2020010251004,2020,010251004,1,11,0,4,4,1,5,0,0,1,0,0,0,0,0,1,1,1,1,37,7,9360,2,8,VOLVO Model Missing,1,E01024155,0,-1
2020460953776,2020,460953776,1,21,0,18,19,6,2,0,0,0,0,0,0,0,4,1,1,1,1,61,9,-1,-1,-1,VOLVO Model Missing,3,E01024103,0,-1
2020530917883,2020,530917883,1,21,0,7,7,1,4,0,0,3,2,0,0,0,3,1,1,1,1,66,10,12777,2,8,VOLVO Model Missing,4,E01022240,0,-1
2020990989654,2020,990989654,2,21,0,13,13,2,6,0,0,1,0,0,7,0,4,1,1,1,1,54,8,12777,2,2,VOLVO Model Missing,1,E01006446,0,-1
2020990970463,2020,990970463,2,11,0,18,19,7,3,2,2,0,0,0,0,0,1,1,1,1,1,40,7,10837,2,0,VOLVO Model Missing,1,-1,0,-1
2020450949823,2020,450949823,1,21,0,18,19,1,5,0,0,2,0,0,0,0,4,1,6,6,1,54,8,12777,2,3,VOLVO Model Missing,4,E01030364,0,-1
2020990927569,2020,990927569,1,11,0,4,4,8,4,3,2,0,0,0,0,0,0,1,1,1,1,46,8,9360,2,12,VOLVO Model Missing,8,-1,0,-1
2020549363420,2020,549363420,1,19,0,5,5,2,6,0,0,4,0,0,0,0,1,1,1,1,1,31,6,12777,2,2,VOLVO Model Missing,10,E01032949,0,-1
20201371L0431,2020,1371L0431,2,11,0,18,19,2,6,0,0,1,0,0,0,0,1,1,1,1,1,46,8,7300,2,12,VOLVO Model Missing,1,E01011101,0,-1
2020140991992,2020,140991992,2,21,0,18,19,1,5,0,0,1,0,0,0,0,1,1,1,1,1,53,8,12777,2,1,VOLVO Model Missing,9,E01030854,0,-1
2020350979117,2020,350979117,2,21,1,18,19,5,1,0,0,0,0,0,0,0,1,1,1,1,1,32,6,12777,2,2,VOLVO Model Missing,7,E01026669,0,-1
2020990928232,2020,990928232,1,11,0,4,4,5,1,0,0,0,0,0,0,0,0,1,1,1,1,26,6,5132,2,5,VOLVO Model Missing,-1,-1,0,-1
2020302000472,2020,302000472,1,21,0,11,11,5,1,0,0,0,0,0,0,0,4,1,1,1,1,77,11,12777,2,4,VOLVO Model Missing,8,E01025743,0,-1
2020100930662,2020,100930662,1,11,0,2,2,0,0,0,0,0,0,0,0,0,0,1,1,1,1,56,9,7300,2,14,VOLVO Model Missing,1,E01008846,0,-1
2020622000344,2020,622000344,1,21,1,11,11,4,8,0,0,0,0,0,0,0,1,1,1,1,1,67,10,12777,2,3,VOLVO Model Missing,4,W01000688,0,-1
2020010260089,2020,010260089,1,11,0,4,4,3,7,3,2,0,0,0,0,0,0,1,1,1,1,48,8,4760,2,8,VOLVO Model Missing,-1,-1,0,-1
2020990953110,2020,990953110,1,21,0,18,19,1,5,0,0,0,0,0,0,0,4,1,1,1,1,50,8,7698,2,5,VOLVO Model Missing,3,-1,0,-1
2020200972504,2020,200972504,2,11,0,18,19,3,7,0,0,0,0,0,0,0,0,1,1,1,1,29,6,7300,2,17,VOLVO Model Missing,1,E01009988,0,-1
2020461002179,2020,461002179,3,21,1,18,19,5,1,0,0,0,0,0,0,0,3,1,6,6,1,57,9,10837,2,2,VOLVO Model Missing,8,E01024012,0,-1
2020140929021,2020,140929021,3,21,5,18,19,1,5,0,0,0,0,0,0,0,3,1,1,1,1,65,9,10837,2,9,VOLVO Model Missing,8,E01007686,0,-1
2020420932691,2020,420932691,1,21,0,18,19,7,3,0,0,0,0,0,0,0,1,1,1,1,1,62,9,12777,2,1,VOLVO Model Missing,3,E01015882,0,-1
2020010236325,2020,010236325,2,21,1,5,5,1,5,0,0,2,0,0,0,0,1,1,1,1,1,43,7,12130,2,14,VOLVO Model Missing,4,E01021266,0,-1
2020100927226,2020,100927226,1,11,0,4,4,7,3,0,0,0,0,0,0,0,0,1,1,1,1,32,6,9360,2,8,VOLVO Model Missing,1,E01008682,0,-1
2020990959917,2020,990959917,2,21,1,18,19,4,8,0,0,8,0,0,0,0,2,1,1,1,1,46,8,12777,2,7,VOLVO Model Missing,2,-1,0,-1