collision_index,collision_year,collision_ref_no,vehicle_reference,vehicle_type,towing_and_articulation,vehicle_manoeuvre_historic,vehicle_manoeuvre,vehicle_direction_from,vehicle_direction_to,vehicle_location_restricted_lane_historic,vehicle_location_restricted_lane,junction_location,skidding_and_overturning,hit_object_in_carriageway,vehicle_leaving_carriageway,hit_object_off_carriageway,first_point_of_impact,vehicle_left_hand_drive,journey_purpose_of_driver_historic,journey_purpose_of_driver,sex_of_driver,age_of_driver,age_band_of_driver,engine_capacity_cc,propulsion_code,age_of_vehicle,generic_make_model,driver_imd_decile,lsoa_of_driver,escooter_flag,driver_distance_banding
2020160946099,2020,160946099,1,3,0,18,19,6,2,0,0,1,0,0,0,0,2,1,6,6,1,65,9,125,1,2,HONDA NSS 125 AD,-1,-1,0,-1
2020440410495,2020,440410495,1,4,0,7,7,2,4,0,0,2,1,0,0,0,1,1,6,6,1,63,9,125,1,2,HONDA NSS 125 AD,5,E01023151,0,-1
2020010229752,2020,010229752,1,2,0,4,4,5,1,0,0,1,0,0,0,0,1,-1,1,1,1,28,6,125,1,4,-1,6,E01004634,0,-1
2020010244823,2020,010244823,1,3,0,99,99,9,9,99,99,9,9,99,9,99,9,1,6,6,1,35,6,125,1,4,HONDA NSS 125 AD,2,E01000525,0,-1
2020010248808,2020,010248808,1,3,0,3,3,1,5,0,0,1,5,0,0,0,2,1,6,6,1,37,7,125,1,3,HONDA NSS 125 AD,2,E01004524,0,-1
2020010275116,2020,010275116,1,2,0,99,99,9,9,99,99,9,9,99,9,99,1,1,6,6,1,39,7,125,1,3,-1,5,E01016479,0,-1
2020010253708,2020,010253708,1,3,0,99,99,9,9,99,99,9,9,99,9,99,9,1,2,2,1,29,6,125,1,4,HONDA NSS 125 AD,6,E01001207,0,-1
2020010238424,2020,010238424,2,3,0,99,99,9,9,0,0,1,0,99,0,0,9,1,6,6,3,-1,-1,125,1,5,HONDA NSS 125 AD,-1,-1,0,-1
2020010249435,2020,010249435,2,3,0,14,14,5,1,0,0,1,0,0,0,0,1,1,1,1,1,31,6,125,1,5,HONDA NSS 125 AD,2,E01001943,0,-1
2020010261256,2020,010261256,2,2,0,5,5,7,3,2,2,2,0,0,0,0,3,1,6,6,1,19,4,125,1,4,-1,1,E01004702,0,-1
2020010259362,2020,010259362,1,3,0,99,99,9,9,0,0,0,0,0,0,0,3,1,2,2,1,32,6,125,1,3,HONDA NSS 125 AD,10,E01030753,0,-1
2020450962215,2020,450962215,2,4,0,18,19,3,7,0,0,1,0,0,0,0,1,1,6,6,1,35,6,125,1,5,HONDA NSS 125 AD,-1,-1,0,-1
2020010281516,2020,010281516,2,3,0,18,19,1,5,0,0,1,0,0,0,0,4,1,1,1,1,22,5,125,1,2,HONDA NSS 125 AD,8,E01002132,0,-1
2020010258360,2020,010258360,1,3,0,99,99,9,9,99,99,9,9,99,9,99,2,1,6,6,1,43,7,125,1,5,HONDA NSS 125 AD,3,E01004568,0,-1
2020010263200,2020,010263200,2,4,0,18,19,5,1,0,0,8,0,0,7,0,4,1,1,1,1,35,6,125,1,3,HONDA NSS 125 AD,1,E01033604,0,-1
2020522003657,2020,522003657,1,3,0,18,19,1,5,0,0,0,0,0,0,0,1,1,6,6,1,37,7,125,1,4,HONDA NSS 125 AD,7,E01014949,0,-1
2020010242578,2020,010242578,2,3,0,99,99,9,9,99,99,0,9,99,9,99,1,1,2,2,1,22,5,125,1,3,HONDA NSS 125 AD,5,E01004700,0,-1
2020010276509,2020,010276509,1,3,0,3,3,5,1,0,0,0,0,0,0,0,1,1,6,6,1,27,6,125,1,4,HONDA NSS 125 AD,3,E01001311,0,-1
2020420961633,2020,420961633,1,3,0,18,19,5,1,0,0,0,1,10,0,0,1,1,1,1,1,34,6,125,1,2,HONDA NSS 125 AD,5,E01033141,0,-1
2020430140949,2020,430140949,2,3,0,18,19,3,7,0,0,8,0,0,0,0,4,1,6,6,1,55,8,125,1,5,HONDA NSS 125 AD,7,E01016818,0,-1
2020122100191,2020,122100191,1,4,0,18,19,7,3,0,0,1,0,0,0,0,1,1,6,6,1,39,7,125,1,5,HONDA NSS 125 AD,3,E01012943,0,-1
2020010238931,2020,010238931,1,3,0,3,3,1,5,0,0,0,9,0,0,99,1,1,6,6,1,19,4,125,1,3,HONDA NSS 125 AD,4,E01004538,0,-1
2020010278971,2020,010278971,1,3,0,99,99,9,9,99,99,9,9,99,9,99,1,1,6,6,1,-1,-1,125,1,5,HONDA NSS 125 AD,4,E01000507,0,-1
2020010266699,2020,010266699,1,3,0,99,99,9,9,99,99,9,9,99,9,99,1,1,6,6,1,22,5,125,1,3,HONDA NSS 125 AD,2,E01004729,0,-1
2020010249528,2020,010249528,1,3,0,99,99,9,9,0,0,8,0,0,0,0,3,1,6,6,1,39,7,125,1,3,HONDA NSS 125 AD,5,E01016479,0,-1
2020010254402,2020,010254402,2,3,0,18,19,7,3,0,0,8,5,0,0,0,3,1,6,6,1,43,7,125,1,4,HONDA NSS 125 AD,2,E01003502,0,-1
2020990982056,2020,990982056,2,3,0,18,19,5,1,0,0,1,0,0,0,0,3,1,1,1,1,28,6,125,1,3,HONDA NSS 125 AD,4,-1,0,-1
2020430436768,2020,430436768,1,3,0,18,19,5,1,0,0,2,0,0,0,0,1,1,6,6,2,47,8,125,1,2,HONDA NSS 125 AD,5,E01016369,0,-1
2020450978404,2020,450978404,1,3,0,17,19,4,8,0,0,0,1,0,0,0,1,1,5,6,1,57,9,125,1,2,HONDA NSS 125 AD,8,E01030405,0,-1
2020010259573,2020,010259573,2,4,0,18,19,5,1,0,0,1,0,0,0,0,1,1,1,1,1,49,8,125,1,4,HONDA NSS 125 AD,2,E01003611,0,-1
2020010251310,2020,010251310,1,3,0,3,3,5,1,0,0,8,0,0,0,0,2,1,1,1,1,20,4,125,1,2,HONDA NSS 125 AD,2,E01003066,0,-1
2020010267692,2020,010267692,1,3,0,14,14,7,3,0,0,1,1,0,0,0,3,1,1,1,1,27,6,125,1,3,HONDA NSS 125 AD,3,E01004540,0,-1
2020010249611,2020,010249611,1,3,0,99,99,9,9,99,99,9,9,99,9,99,2,1,2,2,1,33,6,125,1,4,HONDA NSS 125 AD,7,E01004496,0,-1
2020010249479,2020,010249479,1,4,0,18,19,3,7,0,0,8,0,0,0,0,1,1,6,6,1,40,7,125,1,3,HONDA NSS 125 AD,4,E01004622,0,-1
20201376P2014,2020,1376P2014,2,3,0,18,19,5,1,0,0,2,0,0,0,0,1,1,1,1,1,28,6,125,1,5,HONDA NSS 125 AD,4,E01011678,0,-1
2020010264899,2020,010264899,2,3,0,4,4,6,2,0,0,1,0,0,0,0,1,1,6,6,1,32,6,125,1,4,HONDA NSS 125 AD,2,E01001868,0,-1
2020010276989,2020,010276989,1,3,0,18,19,3,7,0,0,1,2,0,0,0,4,1,2,2,1,34,6,125,1,4,HONDA NSS 125 AD,-1,-1,0,-1
2020010255950,2020,010255950,1,2,0,18,19,3,7,0,0,2,5,0,1,10,3,1,1,1,1,30,6,125,1,3,-1,2,E01004423,0,-1
2020440340566,2020,440340566,2,3,0,18,19,1,5,0,0,8,0,0,0,0,1,1,6,6,2,60,9,125,1,5,HONDA NSS 125 AD,10,E01032859,0,-1
2020010242724,2020,010242724,1,3,0,15,15,3,7,0,0,1,5,10,1,11,1,-1,6,6,1,25,5,125,1,5,HONDA NSS 125 AD,7,E01024447,0,-1
2020010279327,2020,010279327,1,3,0,99,99,9,9,99,99,1,9,99,9,99,1,1,6,6,1,30,6,125,1,3,HONDA NSS 125 AD,5,E01001914,0,-1
2020522003581,2020,522003581,1,4,0,18,19,8,4,0,0,0,0,0,0,0,3,1,6,6,1,39,7,125,1,3,HONDA NSS 125 AD,7,E01014402,0,-1
2020010267082,2020,010267082,1,4,0,99,99,9,9,99,99,9,9,99,9,99,9,1,2,2,1,38,7,125,1,2,HONDA NSS 125 AD,4,E01000621,0,-1
2020010285873,2020,010285873,1,3,0,99,99,9,9,99,99,9,9,99,9,99,1,1,6,6,1,31,6,125,1,4,HONDA NSS 125 AD,3,E01002595,0,-1
202006L274751,2020,06L274751,2,3,0,18,19,1,5,0,0,1,0,0,0,0,4,1,6,6,2,36,7,125,1,4,HONDA NSS 125 AD,2,E01006309,0,-1
2020010237278,2020,010237278,1,3,0,99,99,9,9,99,99,9,9,99,9,99,2,1,6,6,1,24,5,125,1,4,HONDA NSS 125 AD,4,E01000498,0,-1
2020010283700,2020,010283700,1,4,0,5,5,3,7,0,0,1,0,0,0,0,1,1,6,6,1,46,8,125,1,3,HONDA NSS 125 AD,2,E01003187,0,-1
2020010248943,2020,010248943,1,3,0,99,99,9,9,99,99,0,9,99,9,99,1,1,6,6,1,37,7,125,1,5,HONDA NSS 125 AD,6,E01000549,0,-1
2020010250615,2020,010250615,2,3,0,14,14,1,5,0,0,1,0,0,0,0,4,1,6,6,1,47,8,125,1,2,HONDA NSS 125 AD,9,E01030315,0,-1
2020010265706,2020,010265706,1,3,0,99,99,9,9,0,0,0,0,0,0,0,3,1,6,6,1,35,6,125,1,2,HONDA NSS 125 AD,2,E01003128,0,-1
2020010274905,2020,010274905,1,3,0,17,19,1,5,0,0,1,0,0,0,0,2,1,6,6,1,26,6,125,1,5,HONDA NSS 125 AD,2,E01002877,0,-1
2020010261569,2020,010261569,1,3,0,18,19,1,5,2,2,1,0,0,0,0,2,1,2,2,1,33,6,125,1,3,HONDA NSS 125 AD,2,E01001487,0,-1
2020041001941,2020,041001941,2,3,0,8,8,1,7,0,0,8,0,0,0,0,2,1,2,2,1,30,6,125,1,5,HONDA NSS 125 AD,3,E01012590,0,-1
2020010272680,2020,010272680,1,3,0,99,99,9,9,99,99,9,9,99,9,99,9,1,6,6,1,21,5,125,1,4,HONDA NSS 125 AD,4,E01000557,0,-1
2020420998813,2020,420998813,2,3,0,3,3,5,1,0,0,0,0,0,0,0,1,1,5,6,1,39,7,125,1,3,HONDA NSS 125 AD,3,E01000043,0,-1
2020010282491,2020,010282491,2,3,0,15,15,5,1,2,2,0,2,0,0,0,1,1,1,1,1,19,4,125,1,4,HONDA NSS 125 AD,4,E01001176,0,-1
20201371E1217,2020,1371E1217,2,5,0,18,19,5,1,0,0,8,0,0,0,0,1,1,6,6,1,40,7,125,1,4,-1,6,E01011083,0,-1
2020010274622,2020,010274622,1,3,0,99,99,9,9,99,99,9,9,99,9,99,9,1,6,6,1,21,5,125,1,5,HONDA NSS 125 AD,3,E01002649,0,-1
2020010228797,2020,010228797,1,3,0,18,19,6,2,0,0,1,0,0,0,0,3,1,6,6,1,27,6,125,1,5,HONDA NSS 125 AD,6,E01002565,0,-1
2020010264516,2020,010264516,1,3,0,99,99,9,9,99,99,9,9,99,9,99,1,1,6,6,1,28,6,125,1,3,HONDA NSS 125 AD,3,E01002407,0,-1
2020010279501,2020,010279501,1,3,0,99,99,9,9,99,99,9,9,99,9,99,9,1,6,6,1,42,7,125,1,3,HONDA NSS 125 AD,3,E01000531,0,-1
2020052000887,2020,052000887,2,3,0,3,3,7,3,0,0,0,0,0,0,0,4,1,1,1,1,36,7,125,1,5,HONDA NSS 125 AD,1,E01006675,0,-1
2020010269843,2020,010269843,1,3,0,99,99,9,9,99,99,9,9,99,9,99,1,1,6,6,1,26,6,125,1,4,HONDA NSS 125 AD,3,E01004325,0,-1
2020010242757,2020,010242757,2,3,0,18,19,7,3,2,2,1,2,0,0,0,1,-1,2,2,1,34,6,125,1,3,HONDA NSS 125 AD,3,E01000522,0,-1
2020411005442,2020,411005442,2,3,0,5,5,2,5,0,0,1,0,0,0,0,3,1,6,6,1,50,8,125,1,4,HONDA NSS 125 AD,3,E01023954,0,-1
2020010270200,2020,010270200,1,4,0,9,9,5,3,0,0,1,0,0,0,0,1,1,6,6,1,37,7,125,1,4,HONDA NSS 125 AD,6,E01002676,0,-1
2020010244313,2020,010244313,2,4,0,18,19,7,3,0,0,1,5,0,0,0,1,1,1,1,1,33,6,125,1,3,HONDA NSS 125 AD,-1,-1,0,-1
2020010237588,2020,010237588,2,3,0,18,19,3,7,0,0,0,0,0,0,0,3,1,2,2,1,38,7,125,1,2,HONDA NSS 125 AD,4,E01015957,0,-1
2020010238515,2020,010238515,2,3,0,13,13,1,5,0,0,2,0,0,1,0,1,1,2,2,1,42,7,125,1,3,HONDA NSS 125 AD,7,E01001411,0,-1
2020010283011,2020,010283011,1,4,0,18,19,3,7,0,0,1,0,0,0,0,1,1,6,6,1,33,6,125,1,3,HONDA NSS 125 AD,5,E01000174,0,-1
2020991008605,2020,991008605,1,9,0,7,7,3,6,0,0,8,0,0,0,0,4,1,5,6,2,29,6,1591,1,4,HYUNDAI IX20,4,-1,0,-1
2020500963182,2020,500963182,1,9,0,18,19,1,5,0,0,0,0,0,0,0,1,1,5,6,2,28,6,1591,1,3,HYUNDAI IX20,1,E01015087,0,-1
2020100985122,2020,100985122,2,9,0,2,2,3,7,0,0,0,0,0,0,0,4,1,6,6,2,30,6,1582,2,7,HYUNDAI IX20,5,E01008615,0,-1
2020200948668,2020,200948668,2,9,0,18,19,1,6,0,0,8,0,0,0,0,2,1,6,6,1,60,9,1396,1,7,HYUNDAI IX20,1,E01009978,0,-1
2020990962578,2020,990962578,1,9,0,18,19,4,8,0,0,0,0,0,0,0,4,1,5,6,1,57,9,1396,1,9,HYUNDAI IX20,2,-1,0,-1
2020990959691,2020,990959691,2,9,0,18,19,2,6,0,0,8,0,0,0,0,4,1,2,2,2,61,9,1396,1,7,HYUNDAI IX20,2,-1,0,-1
2020140932383,2020,140932383,1,9,0,4,4,2,6,0,0,1,0,0,0,0,1,1,6,6,2,54,8,1591,1,9,HYUNDAI IX20,10,E01007952,0,-1
2020010267432,2020,010267432,2,9,0,99,99,9,9,99,99,9,9,99,9,99,9,9,6,6,3,-1,-1,1396,1,5,HYUNDAI IX20,1,E01004399,0,-1
2020410961693,2020,410961693,1,9,0,5,5,8,4,0,0,4,0,0,0,0,1,1,6,6,1,73,10,1396,1,9,HYUNDAI IX20,10,E01023744,0,-1
2020220989971,2020,220989971,1,9,0,9,9,1,7,0,0,6,0,0,0,0,3,1,5,6,1,79,11,1396,1,2,HYUNDAI IX20,7,W01000470,0,-1
2020220961864,2020,220961864,2,9,0,18,19,5,1,0,0,8,0,0,0,0,1,1,5,6,2,66,10,1591,1,8,HYUNDAI IX20,6,E01028927,0,-1
2020010275040,2020,010275040,1,9,5,5,5,1,5,0,0,8,0,0,0,0,1,1,6,6,1,72,10,1591,1,9,HYUNDAI IX20,6,E01002544,0,-1
202031C032120,2020,31C032120,1,9,0,18,19,6,2,0,0,1,0,0,0,0,1,1,6,6,2,84,11,1591,1,2,HYUNDAI IX20,9,E01028169,0,-1
2020320504180,2020,320504180,1,9,0,18,19,3,2,0,0,2,0,4,0,0,1,1,6,6,3,40,7,1396,2,9,HYUNDAI IX20,-1,-1,0,-1
2020010232979,2020,010232979,1,9,0,9,9,5,3,0,0,5,0,0,7,0,1,1,6,6,1,91,11,1591,1,7,HYUNDAI IX20,1,E01002074,0,-1
2020170S30360,2020,170S30360,1,9,0,9,9,4,1,0,0,8,0,0,0,0,1,1,6,6,1,66,10,1396,1,4,HYUNDAI IX20,4,E01012292,0,-1
202063B006520,2020,63B006520,1,9,0,14,14,1,5,0,0,0,5,0,0,0,1,1,6,6,2,73,10,1591,1,1,HYUNDAI IX20,7,W01001937,0,-1
2020990955782,2020,990955782,1,9,0,2,2,0,0,0,0,0,0,0,0,0,4,1,5,6,2,72,10,1591,1,4,HYUNDAI IX20,7,-1,0,-1
2020340W00332,2020,340W00332,1,9,0,4,4,7,3,0,0,0,0,0,0,0,1,1,6,6,1,76,11,1591,1,3,HYUNDAI IX20,2,E01027241,0,-1
202006L174557,2020,06L174557,3,9,0,2,2,0,0,0,0,2,0,0,0,0,1,1,6,6,1,54,8,1396,1,4,HYUNDAI IX20,-1,-1,0,-1
20201375K0930,2020,1375K0930,2,9,0,2,2,0,0,0,0,0,0,0,0,0,2,1,1,1,2,64,9,1591,1,7,HYUNDAI IX20,6,E01010690,0,-1
2020010236036,2020,010236036,2,9,0,99,99,9,9,99,99,4,9,99,9,99,9,9,6,6,3,30,6,1396,2,9,HYUNDAI IX20,-1,-1,0,-1
2020220978577,2020,220978577,1,9,0,4,4,8,4,0,0,1,0,0,0,0,4,1,5,6,2,38,7,1591,1,8,HYUNDAI IX20,8,E01032468,0,-1
2020160988234,2020,160988234,2,9,0,4,4,4,8,0,0,8,0,0,0,0,2,1,2,2,2,56,9,1591,1,4,HYUNDAI IX20,1,E01013220,0,-1
2020540538520,2020,540538520,2,9,0,9,9,8,6,0,0,8,0,0,0,0,1,1,2,2,1,47,8,1591,1,4,HYUNDAI IX20,2,E01031983,0,-1
202031C062620,2020,31C062620,1,9,0,6,6,2,2,0,0,8,0,0,0,0,3,1,6,6,2,56,9,1591,1,3,HYUNDAI IX20,2,E01013965,0,-1
2020010277517,2020,010277517,1,9,0,18,19,8,4,0,0,8,0,0,0,0,1,1,2,2,1,34,6,1396,1,7,HYUNDAI IX20,2,E01001219,0,-1
2020110944872,2020,110944872,2,9,0,17,19,6,3,0,0,0,0,0,1,0,1,1,5,6,2,55,8,1396,1,2,HYUNDAI IX20,6,E01020822,0,-1
2020460993555,2020,460993555,1,9,0,4,4,1,2,0,0,2,0,0,0,0,1,1,5,6,2,84,11,1591,1,6,HYUNDAI IX20,-1,-1,0,-1
2020500922818,2020,500922818,1,9,0,10,10,3,7,0,0,1,0,0,0,0,1,1,5,6,2,78,11,1396,1,8,HYUNDAI IX20,4,E01020310,0,-1
2020010248115,2020,010248115,2,9,0,18,19,7,3,0,0,1,0,0,0,0,3,1,2,2,1,47,8,1591,1,7,HYUNDAI IX20,9,E01023291,0,-1
2020522100048,2020,522100048,1,9,0,18,19,1,5,0,0,0,0,0,0,0,1,1,6,6,2,60,9,1591,1,2,HYUNDAI IX20,9,E01022418,0,-1
2020622000906,2020,622000906,1,9,0,18,19,4,8,0,0,1,0,0,0,0,1,1,6,6,1,77,11,1591,1,3,HYUNDAI IX20,7,W01001048,0,-1
2020140985488,2020,140985488,1,9,0,4,4,7,3,0,0,8,0,10,0,0,4,1,5,6,2,79,11,1591,1,5,HYUNDAI IX20,4,E01019544,0,-1
2020010238461,2020,010238461,1,9,0,14,14,7,3,0,0,8,0,0,0,0,1,1,6,6,2,32,6,1591,1,6,HYUNDAI IX20,3,E01000148,0,-1
2020160921227,2020,160921227,1,9,0,18,19,3,7,0,0,0,0,0,0,0,1,1,5,6,1,30,6,1396,1,9,HYUNDAI IX20,5,E01013317,0,-1
2020470950135,2020,470950135,1,9,0,5,5,1,5,9,9,8,0,0,0,0,1,1,6,6,1,71,10,1591,1,7,HYUNDAI IX20,5,E01016989,0,-1
2020420935572,2020,420935572,2,9,0,18,19,1,5,0,0,1,0,0,0,0,1,1,6,6,1,53,8,1582,2,7,HYUNDAI IX20,2,E01021318,0,-1
2020101006357,2020,101006357,2,9,0,10,10,3,1,0,0,8,0,0,0,0,2,1,2,2,2,43,7,1396,2,9,HYUNDAI IX20,9,E01008200,0,-1
2020622001117,2020,622001117,2,9,0,2,2,0,0,0,0,0,0,0,0,0,2,1,6,6,3,-1,-1,1591,1,3,HYUNDAI IX20,-1,-1,0,-1
2020990941916,2020,990941916,2,9,0,4,4,7,3,0,0,0,0,0,0,0,2,1,5,6,1,51,8,1396,2,9,HYUNDAI IX20,1,-1,0,-1
2020470960295,2020,470960295,1,9,0,-1,-1,-1,-1,0,0,8,0,0,0,0,1,1,6,6,1,60,9,1396,1,7,HYUNDAI IX20,1,E01021015,0,-1
2020340E08232,2020,340E08232,1,9,0,18,19,7,3,0,0,0,0,0,1,0,1,1,6,6,2,81,11,1591,1,1,HYUNDAI IX20,3,E01026969,0,-1
2020440228271,2020,440228271,2,9,0,16,19,2,6,0,0,0,0,0,0,0,3,1,6,6,2,63,9,1591,1,8,HYUNDAI IX20,3,E01017357,0,-1
2020110939951,2020,110939951,2,9,0,18,19,5,1,0,0,0,0,0,0,0,1,1,6,6,1,84,11,1591,1,3,HYUNDAI IX20,6,E01020632,0,-1
20201378P1333,2020,1378P1333,2,9,0,9,9,4,2,0,0,1,0,0,0,0,4,1,6,6,1,42,7,1582,2,7,HYUNDAI IX20,-1,-1,0,-1
2020470954074,2020,470954074,3,9,0,3,3,3,7,0,0,1,0,0,0,0,2,1,5,6,1,71,10,1396,1,5,HYUNDAI IX20,9,E01021123,0,-1
202006L270286,2020,06L270286,1,9,0,18,19,7,3,0,0,8,0,0,0,0,1,1,6,6,1,34,6,1396,1,4,HYUNDAI IX20,5,E01006206,0,-1
2020010279655,2020,010279655,2,9,0,99,99,9,9,99,99,9,9,99,9,99,1,9,6,6,3,-1,-1,1396,1,8,HYUNDAI IX20,9,E01003462,0,-1
2020522003616,2020,522003616,2,9,0,9,9,5,4,0,0,8,0,0,0,0,2,1,6,6,1,81,11,1591,1,8,HYUNDAI IX20,10,E01014980,0,-1
2020010285211,2020,010285211,1,9,0,99,99,9,9,99,99,9,9,99,9,99,2,9,6,6,1,22,5,1591,1,9,HYUNDAI IX20,4,E01001148,0,-1
2020010244625,2020,010244625,1,20,0,18,19,6,2,0,0,8,0,0,0,0,1,2,1,1,1,49,8,-1,-1,-1,-1,5,E01000354,0,-1
2020470995507,2020,470995507,1,20,0,18,19,2,6,0,0,0,1,0,0,0,1,2,1,1,1,53,8,-1,-1,-1,-1,9,E01021167,0,-1
2020200988177,2020,200988177,1,20,0,16,19,7,2,0,0,0,2,10,1,11,1,1,1,1,1,58,9,-1,-1,-1,-1,2,E01010472,0,-1
2020010232035,2020,010232035,1,90,0,4,4,7,3,0,0,2,0,0,0,0,0,2,1,1,1,38,7,4485,2,2,-1,4,E01002648,0,-1
2020500979859,2020,500979859,1,2,0,18,19,1,5,0,0,0,2,0,0,0,1,1,5,6,1,17,4,49,1,11,-1,1,E01020015,0,-1
2020010234394,2020,010234394,2,3,0,9,9,8,6,0,0,8,0,0,0,0,4,1,2,2,1,18,4,125,1,3,-1,-1,-1,0,-1
2020460997310,2020,460997310,2,3,0,18,19,2,6,0,0,8,0,0,0,0,1,1,1,1,1,33,6,125,1,2,-1,-1,-1,0,-1
2020500988887,2020,500988887,1,3,0,18,19,1,5,0,0,8,1,0,0,0,4,1,5,6,1,27,6,125,1,1,-1,3,E01015193,0,-1
2020010232369,2020,010232369,1,2,9,99,99,9,9,99,99,9,9,99,9,99,9,1,6,6,1,32,6,125,1,4,-1,2,E01003990,0,-1
2020430142136,2020,430142136,1,3,0,5,5,5,1,0,0,0,0,0,0,0,3,1,6,6,1,21,5,125,1,1,-1,7,E01028720,0,-1
2020470954555,2020,470954555,1,3,0,18,19,6,2,0,0,1,0,0,0,0,1,1,5,6,1,18,4,125,1,2,-1,3,E01004645,0,-1
2020990964810,2020,990964810,1,3,0,18,19,8,8,0,0,0,0,0,0,0,1,1,5,6,1,20,4,125,1,1,-1,4,-1,0,-1
2020410999142,2020,410999142,1,3,0,7,7,5,7,0,0,5,0,0,0,0,4,1,5,6,1,28,6,125,1,2,-1,8,E01023907,0,-1
2020010263138,2020,010263138,1,5,0,3,3,8,4,0,0,0,0,0,0,0,1,1,2,2,1,22,5,125,1,0,-1,8,E01001614,0,-1
2020461016205,2020,461016205,1,9,0,18,19,1,7,0,0,0,1,7,0,0,4,1,5,6,1,57,9,2700,1,17,PORSCHE BOXSTER,9,E01024818,0,-1
2020522003576,2020,522003576,5,9,0,2,2,0,0,0,0,0,0,0,0,0,2,1,6,6,3,-1,-1,3200,1,19,PORSCHE BOXSTER,-1,-1,0,-1
2020010231490,2020,010231490,1,9,0,5,5,1,5,0,0,8,0,0,0,0,1,1,6,6,1,33,6,3200,1,17,PORSCHE BOXSTER,7,E01004505,0,-1
2020470954195,2020,470954195,1,9,0,18,19,3,7,0,0,3,0,0,0,0,4,1,5,6,1,76,11,2700,6,20,PORSCHE BOXSTER,3,E01031783,0,-1
2020440179051,2020,440179051,3,9,0,3,3,6,2,0,0,1,0,0,0,0,2,1,6,6,1,49,8,2687,1,20,PORSCHE BOXSTER,3,E01023058,0,-1
2020040996270,2020,040996270,2,9,0,18,19,7,3,0,0,1,0,0,7,4,1,1,5,6,1,56,9,2700,6,20,PORSCHE BOXSTER,1,E01024907,0,-1
2020010262605,2020,010262605,2,9,0,99,99,9,9,99,99,9,9,99,9,99,1,9,6,6,3,28,6,3200,1,17,PORSCHE BOXSTER,9,E01028754,0,-1
2020450981610,2020,450981610,1,9,0,9,9,7,5,0,0,0,0,0,0,0,1,1,5,6,1,84,11,2706,1,5,PORSCHE BOXSTER,10,E01016603,0,-1
2020990960277,2020,990960277,1,9,0,9,9,1,6,0,0,8,0,0,0,0,1,1,5,6,2,23,5,2500,1,21,PORSCHE BOXSTER,3,-1,0,-1
2020052002577,2020,052002577,1,9,0,18,19,3,7,0,0,0,2,0,7,9,1,1,6,6,2,56,9,2700,1,16,PORSCHE BOXSTER,7,E01007201,0,-1
2020522101476,2020,522101476,2,9,0,18,19,6,2,0,0,0,0,0,0,0,1,1,6,6,1,59,9,2700,1,16,PORSCHE BOXSTER,6,E01014910,0,-1
2020622000156,2020,622000156,2,9,0,18,19,3,7,0,0,8,0,0,0,0,4,1,6,6,2,37,7,2497,1,2,PORSCHE BOXSTER,10,W01001793,0,-1
2020070117183,2020,070117183,1,9,0,18,19,8,4,0,0,0,1,0,4,0,4,1,6,6,1,42,7,2500,6,21,PORSCHE BOXSTER,-1,-1,0,-1
202063D039620,2020,63D039620,1,9,0,18,19,6,2,0,0,0,1,0,1,1,1,1,1,1,1,47,8,3200,1,19,PORSCHE BOXSTER,4,W01001314,0,-1
2020052001532,2020,052001532,1,9,0,1,1,9,9,0,0,0,0,0,0,0,4,1,6,6,1,30,6,2706,1,7,PORSCHE BOXSTER,2,E01033757,0,-1
2020990982459,2020,990982459,1,9,0,16,19,2,6,0,0,0,2,0,7,11,1,1,6,6,1,47,8,2700,1,19,PORSCHE BOXSTER,10,-1,0,-1
2020990972693,2020,990972693,1,9,0,18,19,4,8,0,0,0,0,0,2,4,1,1,2,2,1,30,6,2700,1,18,PORSCHE BOXSTER,5,-1,0,-1
2020010242934,2020,010242934,1,9,0,17,19,1,5,0,0,0,1,10,1,0,1,1,6,6,1,30,6,2700,1,18,PORSCHE BOXSTER,3,E01000245,0,-1
2020010242288,2020,010242288,2,9,0,99,99,9,9,99,99,9,9,99,9,99,9,9,6,6,3,-1,-1,3436,1,5,PORSCHE BOXSTER,1,E01001838,0,-1
2020500975662,2020,500975662,1,9,0,3,3,8,4,0,0,7,0,0,1,4,2,1,5,6,1,63,9,3179,1,17,PORSCHE BOXSTER,10,E01022534,0,-1
2020548332020,2020,548332020,1,9,0,13,13,1,5,0,0,0,0,6,0,10,3,1,1,1,2,52,8,2687,1,14,PORSCHE BOXSTER,7,E01031979,0,-1
2020010260010,2020,010260010,2,9,0,2,2,0,0,0,0,2,0,0,0,0,2,9,6,6,3,-1,-1,3436,1,8,PORSCHE BOXSTER,-1,-1,0,-1
2020010273775,2020,010273775,1,9,0,99,99,9,9,99,99,9,9,99,9,99,9,9,6,6,1,51,8,2500,6,23,PORSCHE BOXSTER,3,E01001213,0,-1
2020440322529,2020,440322529,3,9,0,18,19,3,7,0,0,2,0,0,0,0,1,1,6,6,2,51,8,2497,1,2,PORSCHE BOXSTER,10,E01016524,0,-1