collision_index,collision_year,collision_ref_no,vehicle_reference,vehicle_type,towing_and_articulation,vehicle_manoeuvre_historic,vehicle_manoeuvre,vehicle_direction_from,vehicle_direction_to,vehicle_location_restricted_lane_historic,vehicle_location_restricted_lane,junction_location,skidding_and_overturning,hit_object_in_carriageway,vehicle_leaving_carriageway,hit_object_off_carriageway,first_point_of_impact,vehicle_left_hand_drive,journey_purpose_of_driver_historic,journey_purpose_of_driver,sex_of_driver,age_of_driver,age_band_of_driver,engine_capacity_cc,propulsion_code,age_of_vehicle,generic_make_model,driver_imd_decile,lsoa_of_driver,escooter_flag,driver_distance_banding
2020140933381,2020,140933381,1,9,0,17,19,5,1,0,0,0,1,0,1,11,1,1,2,2,2,22,5,2687,1,15,PORSCHE BOXSTER,8,E01007427,0,-1
2020420966827,2020,420966827,2,9,0,18,19,5,8,0,0,1,1,0,0,0,1,1,5,6,1,55,8,2500,6,21,PORSCHE BOXSTER,8,E01018289,0,-1
2020070305880,2020,070305880,2,9,0,4,4,6,2,0,0,0,0,0,0,0,2,1,6,6,1,60,9,2700,1,19,PORSCHE BOXSTER,10,E01018605,0,-1
2020440479266,2020,440479266,2,9,0,18,19,6,2,0,0,8,0,0,0,0,3,1,6,6,2,49,8,3200,6,20,PORSCHE BOXSTER,7,E01023166,0,-1
2020030997243,2020,030997243,2,9,0,18,19,7,3,0,0,0,0,0,0,0,1,1,5,6,1,60,9,3387,1,12,PORSCHE BOXSTER,7,E01019155,0,-1
20201377O1535,2020,1377O1535,1,9,0,8,8,1,5,0,0,1,0,0,0,0,0,1,6,6,2,74,10,2687,1,13,PORSCHE BOXSTER,10,E01010579,0,-1
2020460981320,2020,460981320,3,9,0,2,2,0,0,0,0,0,0,0,0,0,3,1,6,6,1,28,6,2706,1,8,PORSCHE BOXSTER,7,E01002944,0,-1
2020040933965,2020,040933965,1,9,0,18,19,5,7,6,6,0,1,11,1,11,4,1,2,2,1,51,8,2893,1,11,PORSCHE BOXSTER,2,E01025521,0,-1
2020440064992,2020,440064992,2,9,0,18,19,2,6,0,0,8,0,0,1,0,3,1,6,6,1,73,10,3436,1,6,PORSCHE BOXSTER,9,E01015535,0,-1
20201374P0944,2020,1374P0944,1,9,0,18,19,7,2,0,0,8,0,0,0,0,4,1,6,6,2,85,11,1590,1,25,-1,9,E01011566,0,-1
2020420931003,2020,420931003,1,9,0,18,19,4,8,9,9,0,0,10,1,4,1,1,5,6,1,96,11,1590,1,27,-1,5,E01021994,0,-1
2020520003859,2020,520003859,1,9,0,4,4,8,4,0,0,4,0,0,0,0,2,1,6,6,2,36,7,1396,1,21,-1,8,E01029035,0,-1
2020211008892,2020,211008892,2,5,0,13,13,6,2,0,0,0,0,0,0,0,4,1,6,6,1,50,8,1215,1,4,-1,8,E01006857,0,-1
2020137A21103,2020,137A21103,1,5,0,5,5,7,3,0,0,0,0,0,0,0,3,1,6,6,1,58,9,1215,1,4,-1,2,E01011282,0,-1
202031D109120,2020,31D109120,1,5,0,13,13,5,1,0,0,0,0,0,0,0,1,1,6,6,1,61,9,1215,1,8,-1,4,E01025749,0,-1
2020010273383,2020,010273383,2,9,0,99,99,9,9,99,99,9,9,99,9,99,1,9,6,6,3,-1,-1,2316,1,32,-1,4,E01004643,0,-1
20201374T0918,2020,1374T0918,1,9,0,18,19,7,3,0,0,0,1,10,1,10,1,1,1,1,1,46,8,3950,1,19,-1,3,E01011060,0,-1
2020440335172,2020,440335172,2,5,0,18,19,1,5,0,0,8,0,0,0,0,1,1,6,6,1,28,6,997,1,16,-1,9,E01022564,0,-1
2020450956048,2020,450956048,1,5,0,17,19,7,3,0,0,0,2,0,0,0,4,1,5,6,1,69,10,750,1,4,-1,8,E01002941,0,-1
2020070369975,2020,070369975,1,9,0,18,19,6,2,0,0,1,0,0,0,0,0,1,6,6,1,26,6,800,1,86,-1,-1,-1,0,-1
2020440127995,2020,440127995,1,9,0,18,19,6,2,0,0,0,1,0,1,4,3,1,6,6,1,60,9,1796,1,16,-1,8,E01023245,0,-1
2020460943721,2020,460943721,2,5,0,18,19,7,3,0,0,0,0,0,0,0,2,1,5,6,1,42,7,644,1,17,-1,5,E01024191,0,-1
2020320476927,2020,320476927,2,5,0,18,19,3,7,0,0,1,2,0,0,0,1,1,6,6,1,58,9,644,1,18,-1,1,E01026150,0,-1
2020522002875,2020,522002875,1,5,0,18,19,5,1,0,0,8,0,0,0,0,1,1,6,6,1,56,9,644,1,17,-1,8,E01014773,0,-1
2020200953452,2020,200953452,2,9,0,18,19,7,3,0,0,0,0,0,0,0,1,1,6,6,1,77,11,995,1,16,-1,2,E01010004,0,-1
2020370955012,2020,370955012,1,9,0,18,19,7,3,0,0,0,0,0,7,4,1,1,1,1,2,23,5,796,1,17,-1,7,E01030082,0,-1
2020430057266,2020,430057266,1,9,0,18,19,6,8,0,0,1,0,0,0,0,1,1,6,6,1,32,6,995,1,17,-1,-1,-1,0,-1
2020122001181,2020,122001181,2,17,0,4,4,7,3,0,0,0,0,0,0,0,1,1,1,1,1,52,8,6057,2,0,-1,6,E01012933,0,-1
2020010284060,2020,010284060,2,5,0,18,19,3,7,0,0,1,0,0,0,0,4,1,6,6,1,41,7,696,1,11,-1,4,E01002016,0,-1
2020010256264,2020,010256264,1,5,0,16,19,3,5,0,0,0,1,0,0,0,3,1,6,6,1,44,7,696,1,11,-1,9,E01002362,0,-1
2020500991680,2020,500991680,1,5,0,18,19,3,3,0,0,1,0,0,0,0,4,1,6,6,1,69,10,696,1,6,-1,4,E01019049,0,-1
2020010231832,2020,010231832,2,4,0,18,19,5,1,0,0,1,1,0,0,0,1,1,6,6,1,28,6,696,1,8,-1,4,E01001421,0,-1
2020010284113,2020,010284113,2,5,0,13,13,5,1,0,0,2,0,0,0,0,4,1,6,6,1,41,7,696,1,12,-1,4,E01004572,0,-1
2020010281720,2020,010281720,2,9,0,2,2,0,0,6,6,0,0,0,0,0,1,1,6,6,3,-1,-1,1499,2,4,-1,-1,-1,0,-1
2020990925676,2020,990925676,1,9,0,2,2,0,0,0,0,0,0,0,0,0,3,1,1,1,1,52,8,1499,2,3,-1,2,-1,0,-1
202031C146720,2020,31C146720,2,9,0,18,19,8,4,0,0,8,0,0,0,0,4,1,1,1,2,54,8,1499,2,4,-1,4,E01013964,0,-1
2020040984155,2020,040984155,1,3,0,17,19,6,2,0,0,0,1,0,0,0,3,1,2,2,1,45,7,124,1,13,-1,1,E01025049,0,-1
2020302000785,2020,302000785,4,5,0,18,19,5,1,0,0,0,0,0,0,0,1,1,6,6,1,58,9,1745,1,2,-1,3,E01019552,0,-1
2020010282319,2020,010282319,2,5,0,13,13,7,3,0,0,1,0,0,0,0,1,1,2,2,1,52,8,1237,1,1,-1,7,E01024727,0,-1
2020360950562,2020,360950562,1,5,0,9,9,1,7,0,0,8,0,0,0,0,3,1,1,1,1,-1,-1,1237,1,7,-1,6,E01026498,0,-1
2020302000782,2020,302000782,2,5,0,13,13,4,8,0,0,0,0,0,0,0,4,1,6,6,1,67,10,1237,1,1,-1,6,E01019524,0,-1
2020990994103,2020,990994103,1,5,0,17,19,2,6,0,0,0,0,0,0,0,4,1,6,6,1,46,8,1237,1,6,-1,4,E01012715,0,-1
2020052000961,2020,052000961,1,5,0,18,19,3,7,0,0,0,0,0,0,0,1,1,6,6,1,51,8,1237,1,4,-1,5,E01007030,0,-1
2020010284867,2020,010284867,1,5,0,99,99,9,9,99,99,2,9,99,9,99,1,1,2,2,1,44,7,1237,1,10,-1,10,E01032854,0,-1
2020040937518,2020,040937518,2,5,0,13,13,5,1,0,0,3,0,0,0,0,4,1,5,6,1,47,8,1237,1,3,-1,6,E01024949,0,-1
2020110988372,2020,110988372,2,3,0,3,3,5,1,0,0,1,0,0,3,0,2,1,6,6,1,56,9,1237,1,9,-1,2,E01020897,0,-1
202006K169368,2020,06K169368,1,9,0,5,5,4,8,0,0,8,0,0,0,0,1,1,6,6,2,30,6,1991,2,14,-1,-1,-1,0,-1
2020010241431,2020,010241431,4,9,0,18,19,1,5,0,0,8,0,0,0,0,1,1,6,6,1,49,8,1991,2,10,-1,2,E01008072,0,-1
2020010252446,2020,010252446,2,9,0,99,99,9,9,99,99,1,9,99,9,99,1,9,6,6,3,-1,-1,3342,1,14,-1,-1,-1,0,-1
2020460922181,2020,460922181,1,9,0,5,5,3,7,0,0,1,0,4,0,0,1,1,6,6,1,20,4,1591,1,7,HYUNDAI VELOSTER,10,E01016145,0,-1
2020122100075,2020,122100075,2,9,0,5,5,1,5,0,0,0,0,0,0,0,1,1,6,6,2,45,7,1591,1,8,HYUNDAI VELOSTER,8,E01027738,0,-1
2020200943296,2020,200943296,1,9,0,18,19,7,3,0,0,0,0,0,0,0,1,1,6,6,1,39,7,1591,1,7,HYUNDAI VELOSTER,2,E01010562,0,-1
2020440474543,2020,440474543,1,9,0,17,19,6,1,0,0,0,0,0,1,11,1,1,6,6,1,21,5,1591,1,8,HYUNDAI VELOSTER,9,E01031880,0,-1
2020332000017,2020,332000017,1,9,0,18,19,2,6,0,0,1,0,0,7,4,3,1,6,6,1,22,5,1591,1,8,HYUNDAI VELOSTER,3,E01025844,0,-1
2020070150750,2020,070150750,1,9,0,17,19,5,1,0,0,0,2,0,0,0,0,1,1,1,1,38,7,1591,1,7,HYUNDAI VELOSTER,2,E01005143,0,-1
2020211036142,2020,211036142,1,9,0,7,7,7,1,0,0,6,0,0,0,0,1,1,5,6,2,40,7,1591,1,7,HYUNDAI VELOSTER,1,E01014238,0,-1
2020450949227,2020,450949227,1,9,0,16,19,3,7,0,0,8,2,0,1,7,1,1,5,6,1,35,6,1591,1,6,HYUNDAI VELOSTER,7,E01030684,0,-1
2020450961935,2020,450961935,1,9,0,18,19,7,3,0,0,4,0,0,0,0,1,1,5,6,1,70,10,1591,1,8,HYUNDAI VELOSTER,10,E01030771,0,-1
2020990945867,2020,990945867,2,9,0,18,19,7,3,0,0,1,0,0,0,0,1,1,5,6,2,25,5,1591,1,8,HYUNDAI VELOSTER,8,-1,0,-1
2020470917236,2020,470917236,2,5,0,18,19,3,7,0,0,8,0,0,1,0,3,1,2,2,1,40,7,782,1,4,-1,3,E01031444,0,-1
2020200969350,2020,200969350,2,5,0,18,19,3,7,0,0,8,0,0,0,0,1,1,2,2,1,49,8,782,1,4,-1,10,E01029657,0,-1
2020552000626,2020,552000626,2,5,0,3,3,7,3,0,0,0,0,0,1,0,2,1,6,6,1,34,6,782,1,5,-1,1,E01015282,0,-1
2020010232200,2020,010232200,2,21,0,18,19,1,5,0,0,2,0,0,0,0,1,1,1,1,1,44,7,12882,2,3,-1,10,E01002190,0,-1
2020421002206,2020,421002206,1,21,0,16,19,5,7,0,0,4,0,0,0,0,1,1,6,6,1,-1,-1,8710,2,3,-1,-1,-1,0,-1
2020470929931,2020,470929931,1,21,0,18,19,6,2,0,0,1,0,0,0,0,1,1,1,1,1,25,5,12882,2,7,-1,7,E01031387,0,-1
2020010263549,2020,010263549,1,9,0,7,7,6,8,0,0,1,0,0,0,0,0,1,6,6,3,-1,-1,4608,1,13,-1,-1,-1,0,-1
202006L273626,2020,06L273626,2,3,0,18,19,5,1,0,0,8,0,0,0,0,4,1,6,6,1,55,8,125,1,1,-1,1,E01006248,0,-1
2020991012311,2020,991012311,1,3,0,18,19,8,4,0,0,1,0,4,0,0,1,1,1,1,1,35,6,125,1,3,-1,5,-1,0,-1
2020010267158,2020,010267158,2,3,0,18,19,6,2,0,0,0,0,0,0,0,1,1,2,2,1,27,6,125,1,2,-1,7,E01002653,0,-1
2020010275026,2020,010275026,1,2,0,18,19,7,3,2,2,1,1,0,0,0,0,1,2,2,2,42,7,49,1,3,-1,6,E01003958,0,-1
2020522002673,2020,522002673,2,4,0,18,19,6,2,0,0,8,0,0,0,0,1,1,6,6,1,53,8,125,1,20,-1,1,E01014605,0,-1
2020552000495,2020,552000495,1,3,0,7,7,8,2,0,0,5,1,0,0,0,0,1,2,2,1,41,7,49,1,19,-1,5,E01015380,0,-1
2020360995585,2020,360995585,1,5,0,9,9,3,1,0,0,1,0,0,0,0,4,1,5,6,1,58,9,900,1,3,-1,10,E01026709,0,-1
2020230985319,2020,230985319,1,5,0,13,13,7,3,0,0,0,1,7,0,0,4,1,5,6,1,61,9,900,1,1,-1,6,E01031189,0,-1
202031B116120,2020,31B116120,2,3,0,18,19,1,5,0,0,0,0,0,0,0,1,1,6,6,1,25,5,900,1,3,-1,10,E01026324,0,-1
2020460978145,2020,460978145,2,5,0,4,4,8,4,0,0,1,0,0,0,0,3,1,5,6,1,52,8,900,1,1,-1,5,E01024283,0,-1
2020990970939,2020,990970939,1,5,0,13,13,6,2,0,0,1,0,0,7,0,1,1,5,6,1,28,6,900,1,2,-1,4,E01019919,0,-1
2020010235468,2020,010235468,1,5,0,18,19,7,3,0,0,1,2,7,0,0,1,1,6,6,1,27,6,900,1,2,-1,3,E01032764,0,-1
2020991010921,2020,991010921,4,9,0,2,2,0,0,6,6,0,0,0,0,0,1,1,5,6,1,37,7,1364,1,11,VAUXHALL ASTRA,1,-1,0,-1
2020400989761,2020,400989761,1,9,0,18,19,2,5,0,0,8,0,0,0,0,1,1,5,6,1,56,9,1686,2,15,VAUXHALL ASTRA,3,E01015724,0,-1
2020410932233,2020,410932233,1,9,0,16,19,3,7,0,0,0,2,0,1,0,1,1,5,6,2,20,4,1598,1,18,VAUXHALL ASTRA,7,E01023935,0,-1
202031C067620,2020,31C067620,2,9,0,18,19,6,2,0,0,1,0,0,0,0,1,1,6,6,2,22,5,1598,1,11,VAUXHALL ASTRA,6,E01028080,0,-1
2020460922395,2020,460922395,2,9,0,18,19,1,5,0,0,1,0,0,0,0,1,1,1,1,1,33,6,1598,2,2,VAUXHALL ASTRA,6,E01032798,0,-1
2020220938957,2020,220938957,1,9,0,18,19,2,6,0,0,6,0,0,7,1,1,1,3,7,1,34,6,1398,1,8,VAUXHALL ASTRA,7,E01028856,0,-1
2020520005109,2020,520005109,3,9,0,18,19,1,5,0,0,0,0,0,0,0,1,1,6,6,1,66,10,1248,2,9,VAUXHALL ASTRA,5,E01029067,0,-1
2020522004026,2020,522004026,2,9,0,1,1,5,1,0,0,8,0,0,0,0,3,1,6,6,3,-1,-1,1686,2,6,VAUXHALL ASTRA,-1,-1,0,-1
2020122000413,2020,122000413,1,9,0,18,19,7,3,0,0,0,1,0,1,0,1,1,2,2,2,28,6,1598,1,15,VAUXHALL ASTRA,4,E01027581,0,-1
2020440257851,2020,440257851,4,9,0,18,19,6,2,0,0,0,0,0,0,0,1,1,6,6,1,63,9,1598,1,7,VAUXHALL ASTRA,10,E01023114,0,-1
2020522005101,2020,522005101,1,9,0,18,19,5,1,0,0,8,0,0,0,0,1,1,6,6,1,30,6,1910,2,12,VAUXHALL ASTRA,9,E01014441,0,-1
202006P177451,2020,06P177451,1,9,0,18,19,4,8,0,0,2,5,0,1,9,1,1,6,6,2,43,7,1796,1,15,VAUXHALL ASTRA,3,E01025397,0,-1
202006XF75165,2020,06XF75165,3,9,0,4,4,3,7,0,0,0,0,0,0,0,2,1,6,6,1,35,6,1399,1,4,VAUXHALL ASTRA,3,E01005972,0,-1
2020450971942,2020,450971942,3,9,0,17,19,1,5,0,0,0,1,0,7,11,3,1,6,6,2,62,9,1796,1,19,VAUXHALL ASTRA,10,E01030837,0,-1
2020340K03142,2020,340K03142,1,9,0,18,19,3,7,0,0,0,0,0,0,0,1,1,6,6,1,24,5,1686,2,14,VAUXHALL ASTRA,3,E01027104,0,-1
2020320409381,2020,320409381,1,9,0,18,19,1,3,0,0,0,1,0,1,9,1,1,6,6,1,38,7,1796,1,16,VAUXHALL ASTRA,2,E01026108,0,-1
2020070052524,2020,070052524,1,9,0,18,19,3,7,0,0,2,1,11,1,0,1,1,6,6,1,61,9,1598,1,13,VAUXHALL ASTRA,6,E01012515,0,-1
2020010271588,2020,010271588,1,9,0,9,9,1,6,0,0,8,0,0,0,0,1,1,6,6,1,25,5,1796,1,13,VAUXHALL ASTRA,5,E01002586,0,-1
202031B098020,2020,31B098020,1,8,0,18,19,5,1,9,9,0,0,10,1,0,4,1,2,2,2,41,7,1686,2,8,VAUXHALL ASTRA,7,E01026369,0,-1
2020622001073,2020,622001073,1,9,0,18,19,6,2,0,0,0,5,0,1,9,4,1,6,6,2,45,7,1598,2,5,VAUXHALL ASTRA,2,W01000844,0,-1
2020401008952,2020,401008952,1,9,0,18,19,8,4,0,0,0,0,0,0,0,1,1,6,6,3,-1,-1,1686,2,8,VAUXHALL ASTRA,-1,-1,0,-1
2020370919142,2020,370919142,2,9,0,18,19,8,3,0,0,1,0,0,0,0,3,1,6,6,2,24,5,1399,1,3,VAUXHALL ASTRA,3,E01029888,0,-1
2020990978444,2020,990978444,2,9,0,10,10,7,4,0,0,1,0,0,0,0,2,1,6,6,1,25,5,1956,2,9,VAUXHALL ASTRA,3,-1,0,-1
2020010235497,2020,010235497,2,9,0,9,9,1,7,0,0,8,0,0,0,0,1,1,6,6,1,54,8,1956,2,7,VAUXHALL ASTRA,3,E01033709,0,-1
2020340E01102,2020,340E01102,2,9,0,18,19,4,8,0,0,8,0,0,0,0,3,1,6,6,1,30,6,1399,1,3,VAUXHALL ASTRA,1,E01027231,0,-1
2020110973386,2020,110973386,1,9,0,18,19,6,2,0,0,0,0,0,0,0,3,1,6,6,3,30,6,1598,1,14,VAUXHALL ASTRA,-1,-1,0,-1
2020010228997,2020,010228997,2,9,0,17,19,5,1,0,0,1,0,0,0,0,0,1,1,1,1,33,6,1399,1,3,VAUXHALL ASTRA,6,E01000330,0,-1
2020430304568,2020,430304568,2,9,0,5,5,3,7,0,0,8,0,0,0,0,1,1,6,6,1,21,5,1598,1,7,VAUXHALL ASTRA,6,E01032476,0,-1
2020450998105,2020,450998105,1,9,0,9,9,3,7,0,0,6,0,0,0,0,3,1,5,6,1,32,6,1389,1,15,VAUXHALL ASTRA,4,E01030383,0,-1
2020220980745,2020,220980745,2,9,0,18,19,7,3,0,0,8,0,4,0,0,3,1,5,6,1,29,6,1248,2,9,VAUXHALL ASTRA,5,E01032294,0,-1
202031B036820,2020,31B036820,1,9,0,18,19,6,2,0,0,0,0,7,0,0,1,1,6,6,1,37,7,1956,2,8,VAUXHALL ASTRA,8,E01028353,0,-1
2020200922030,2020,200922030,1,9,0,16,19,3,6,0,0,0,0,4,0,0,4,1,6,6,1,21,5,-1,-1,-1,VAUXHALL ASTRA,3,E01009781,0,-1
2020010243255,2020,010243255,2,9,0,99,99,9,9,99,99,9,9,99,9,99,9,9,6,6,3,-1,-1,1598,1,9,VAUXHALL ASTRA,-1,-1,0,-1
2020040940753,2020,040940753,2,9,0,18,19,3,7,0,0,0,0,0,0,0,1,1,5,6,1,42,7,1910,2,13,VAUXHALL ASTRA,1,E01012641,0,-1
2020401009237,2020,401009237,2,9,0,3,3,1,2,0,0,4,0,0,0,0,1,1,6,6,1,19,4,999,1,3,VAUXHALL ASTRA,6,E01017592,0,-1
2020440172664,2020,440172664,1,9,0,9,9,7,5,0,0,8,0,0,0,0,3,1,6,6,1,31,6,1598,1,12,VAUXHALL ASTRA,-1,-1,0,-1
2020140954152,2020,140954152,2,9,0,18,19,7,1,0,0,1,0,0,0,0,1,1,6,6,2,52,8,1910,2,12,VAUXHALL ASTRA,2,E01007726,0,-1
2020052001942,2020,052001942,1,8,0,18,19,8,4,0,0,7,0,0,0,0,3,1,6,6,2,61,9,1248,2,12,VAUXHALL ASTRA,2,E01006966,0,-1
2020010284636,2020,010284636,2,9,0,4,4,5,1,0,0,0,0,0,0,0,2,2,2,2,1,18,4,1598,1,8,VAUXHALL ASTRA,8,E01004085,0,-1
2020622000773,2020,622000773,1,9,0,18,19,6,2,0,0,1,0,0,2,11,4,1,6,6,1,31,6,1686,2,14,VAUXHALL ASTRA,8,W01000933,0,-1
2020420920573,2020,420920573,2,9,0,18,19,1,6,0,0,1,0,0,0,0,1,1,6,6,1,57,9,-1,-1,-1,VAUXHALL ASTRA,9,E01021543,0,-1
2020010259276,2020,010259276,2,9,0,13,13,5,1,0,0,0,0,0,0,0,1,1,1,1,1,35,6,1341,1,0,VAUXHALL ASTRA,1,E01003047,0,-1
2020302000306,2020,302000306,1,9,0,18,19,8,4,0,0,0,0,0,0,0,1,1,6,6,1,17,4,1364,1,12,VAUXHALL ASTRA,9,E01025961,0,-1
2020552000078,2020,552000078,1,9,0,18,19,5,3,0,0,4,0,0,0,0,1,1,6,6,2,65,9,1598,1,8,VAUXHALL ASTRA,6,E01020441,0,-1
2020500962950,2020,500962950,1,9,0,18,19,3,7,0,0,1,0,0,0,0,1,1,6,6,2,19,4,1598,1,19,VAUXHALL ASTRA,4,E01015247,0,-1
2020010239444,2020,010239444,1,9,0,99,99,9,9,99,99,9,9,99,9,99,2,9,6,6,1,25,5,1598,1,13,VAUXHALL ASTRA,1,E01004257,0,-1
2020470948893,2020,470948893,1,9,0,6,6,7,7,0,0,1,0,0,0,0,3,1,1,1,1,50,8,1598,1,7,VAUXHALL ASTRA,4,E01031834,0,-1
20201374O2360,2020,1374O2360,1,9,0,9,9,5,3,0,0,8,0,0,0,0,1,1,6,6,2,48,8,1598,2,3,VAUXHALL ASTRA,4,E01011462,0,-1
2020320489661,2020,320489661,1,9,0,17,19,1,5,0,0,0,5,0,1,0,4,1,6,6,2,30,6,1686,2,12,VAUXHALL ASTRA,2,E01026108,0,-1
202006K173460,2020,06K173460,3,9,0,18,19,7,3,0,0,8,0,0,0,0,0,1,6,6,3,-1,-1,1956,2,10,VAUXHALL ASTRA,-1,-1,0,-1
2020170M10700,2020,170M10700,1,9,0,7,7,8,2,0,0,8,0,0,0,0,1,1,1,1,1,34,6,1686,2,9,VAUXHALL ASTRA,1,E01012059,0,-1
2020501005224,2020,501005224,2,9,0,18,19,7,3,0,0,1,0,0,0,0,1,1,5,6,1,89,11,1686,2,18,VAUXHALL ASTRA,6,E01018752,0,-1
2020220956930,2020,220956930,1,9,0,5,5,2,6,0,0,4,0,0,0,0,1,1,5,6,1,64,9,1956,2,10,VAUXHALL ASTRA,5,E01014186,0,-1
2020991007759,2020,991007759,1,9,0,9,9,4,5,0,0,8,0,0,0,0,1,1,6,6,1,19,4,1398,1,7,VAUXHALL ASTRA,2,-1,0,-1
2020010240346,2020,010240346,1,9,0,4,4,2,6,0,0,0,0,0,0,0,4,1,6,6,1,28,6,1399,1,1,VAUXHALL ASTRA,2,E01004008,0,-1
2020010277017,2020,010277017,2,9,0,99,99,9,9,99,99,9,9,99,9,99,2,9,6,6,3,-1,-1,1598,1,12,VAUXHALL ASTRA,-1,-1,0,-1
2020450917825,2020,450917825,1,9,0,18,19,5,1,0,0,1,0,0,0,0,1,1,3,7,1,45,7,1364,1,12,VAUXHALL ASTRA,6,E01030674,0,-1
2020420968521,2020,420968521,2,9,0,18,19,5,1,0,0,0,0,0,0,0,2,1,1,1,1,23,5,1598,2,3,VAUXHALL ASTRA,4,E01022037,0,-1
2020410965974,2020,410965974,3,9,0,14,14,7,7,0,0,0,0,0,0,0,0,1,5,6,1,29,6,1598,2,3,VAUXHALL ASTRA,-1,-1,0,-1
2020010243912,2020,010243912,2,9,9,99,99,9,9,99,99,9,9,99,9,99,9,9,6,6,3,-1,-1,1686,2,8,VAUXHALL ASTRA,-1,-1,0,-1
2020160989540,2020,160989540,1,9,0,4,4,4,8,0,0,0,0,0,0,0,0,1,6,6,3,-1,-1,1362,1,8,VAUXHALL ASTRA,-1,-1,0,-1
2020200999216,2020,200999216,2,9,0,5,5,6,2,9,9,6,0,0,0,0,1,1,6,6,1,-1,-1,1598,1,13,VAUXHALL ASTRA,-1,-1,0,-1
202006P270350,2020,06P270350,1,9,0,18,19,8,4,0,0,0,0,0,0,0,1,1,6,6,2,26,6,1598,1,14,VAUXHALL ASTRA,8,E01025375,0,-1
2020350920009,2020,350920009,1,9,0,9,9,2,6,0,0,1,0,0,0,0,3,1,5,6,2,23,5,1364,1,11,VAUXHALL ASTRA,9,E01018181,0,-1
2020460994418,2020,460994418,1,9,0,18,19,1,5,0,0,0,5,4,0,0,1,1,5,6,1,83,11,1598,1,12,VAUXHALL ASTRA,8,E01016028,0,-1
2020470920652,2020,470920652,2,9,0,4,4,4,8,0,0,1,0,0,0,0,4,1,1,1,1,40,7,1598,2,3,VAUXHALL ASTRA,5,E01020951,0,-1
2020137610295,2020,137610295,1,9,0,18,19,6,2,0,0,8,0,0,0,0,1,1,6,6,1,62,9,1598,1,6,VAUXHALL ASTRA,9,E01011507,0,-1
2020220988106,2020,220988106,2,9,0,18,19,6,2,0,0,4,1,10,7,10,1,1,6,6,1,28,6,1956,2,6,VAUXHALL ASTRA,9,E01032448,0,-1
2020320124540,2020,320124540,2,9,0,18,19,4,8,0,0,1,0,0,0,0,4,1,2,2,2,48,8,1598,2,4,VAUXHALL ASTRA,3,E01026023,0,-1
2020010266752,2020,010266752,1,9,0,18,19,7,3,0,0,6,0,0,0,0,1,1,6,6,2,23,5,1598,1,13,VAUXHALL ASTRA,2,E01001824,0,-1
2020221012512,2020,221012512,2,9,0,18,19,4,8,0,0,8,0,0,0,0,1,1,5,6,1,21,5,1598,1,13,VAUXHALL ASTRA,9,E01028932,0,-1
2020220951134,2020,220951134,2,9,0,18,19,3,7,0,0,0,1,0,1,9,1,1,2,2,1,22,5,1598,1,6,VAUXHALL ASTRA,2,E01032311,0,-1
2020990935768,2020,990935768,1,9,0,5,5,3,7,0,0,4,0,0,0,0,1,1,2,2,1,55,8,1956,2,8,VAUXHALL ASTRA,7,-1,0,-1
2020010233400,2020,010233400,1,9,0,99,99,9,9,99,99,9,9,99,9,99,1,9,2,2,2,38,7,1598,1,14,VAUXHALL ASTRA,3,E01002396,0,-1
2020010276573,2020,010276573,2,9,0,18,19,7,3,0,0,1,0,0,0,0,1,1,6,6,1,39,7,1598,1,14,VAUXHALL ASTRA,4,E01001259,0,-1
2020360979036,2020,360979036,2,9,0,18,19,3,7,0,0,1,0,0,0,0,1,1,1,1,1,25,5,1598,2,2,VAUXHALL ASTRA,-1,-1,0,-1
2020401006135,2020,401006135,1,9,-1,-1,-1,-1,-1,-1,-1,-1,-1,-1,-1,0,-1,1,6,6,1,37,7,1686,2,9,VAUXHALL ASTRA,7,E01015695,0,-1
2020010233738,2020,010233738,2,9,0,99,99,9,9,99,99,9,9,99,9,99,1,9,6,6,3,-1,-1,1364,1,6,VAUXHALL ASTRA,7,E01000517,0,-1
202031C175120,2020,31C175120,1,9,0,9,9,6,4,0,0,5,0,0,0,0,1,1,6,6,1,30,6,1364,1,14,VAUXHALL ASTRA,1,E01033411,0,-1
2020320411445,2020,320411445,1,9,0,18,19,5,1,0,0,1,0,0,0,0,1,1,6,6,3,40,7,1598,2,6,VAUXHALL ASTRA,-1,-1,0,-1
2020420958303,2020,420958303,1,9,0,13,13,7,3,0,0,8,1,0,7,11,1,1,1,1,1,23,5,1598,2,1,VAUXHALL ASTRA,-1,-1,0,-1
2020140989888,2020,140989888,1,9,0,18,19,1,1,0,0,0,0,0,0,0,3,1,6,6,1,27,6,1598,1,12,VAUXHALL ASTRA,3,E01007667,0,-1
2020401011149,2020,401011149,1,9,0,18,19,1,3,0,0,0,0,0,0,0,1,1,1,1,1,34,6,1686,2,6,VAUXHALL ASTRA,5,E01015780,0,-1
2020546503720,2020,546503720,1,9,0,18,19,4,8,0,0,0,0,0,1,11,4,1,6,6,1,30,6,1598,1,6,VAUXHALL ASTRA,6,E01015532,0,-1
2020440468706,2020,440468706,1,9,0,16,19,3,5,0,0,0,5,10,1,2,1,1,1,1,1,26,6,1364,1,6,VAUXHALL ASTRA,8,E01032842,0,-1