collision_index,collision_year,collision_ref_no,vehicle_reference,vehicle_type,towing_and_articulation,vehicle_manoeuvre_historic,vehicle_manoeuvre,vehicle_direction_from,vehicle_direction_to,vehicle_location_restricted_lane_historic,vehicle_location_restricted_lane,junction_location,skidding_and_overturning,hit_object_in_carriageway,vehicle_leaving_carriageway,hit_object_off_carriageway,first_point_of_impact,vehicle_left_hand_drive,journey_purpose_of_driver_historic,journey_purpose_of_driver,sex_of_driver,age_of_driver,age_band_of_driver,engine_capacity_cc,propulsion_code,age_of_vehicle,generic_make_model,driver_imd_decile,lsoa_of_driver,escooter_flag,driver_distance_banding
2020140994326,2020,140994326,1,9,0,18,19,8,4,0,0,2,0,0,0,0,2,1,5,6,2,33,6,1796,1,13,VAUXHALL ASTRA,1,E01008013,0,-1
2020052000934,2020,052000934,2,9,0,17,19,5,2,0,0,0,0,0,0,0,0,1,6,6,2,26,6,1398,1,7,VAUXHALL ASTRA,2,E01006910,0,-1
2020552100104,2020,552100104,2,9,0,18,19,8,4,0,0,0,0,0,0,0,3,1,6,6,1,31,6,1686,2,9,VAUXHALL ASTRA,5,E01020364,0,-1
202006A177052,2020,06A177052,2,9,0,3,3,2,6,0,0,2,0,0,0,0,1,1,6,6,1,37,7,1598,1,12,VAUXHALL ASTRA,1,E01005256,0,-1
202031A169120,2020,31A169120,2,9,0,7,7,1,2,0,0,6,0,0,0,0,1,1,6,6,1,37,7,1598,1,17,VAUXHALL ASTRA,5,E01028189,0,-1
2020140973243,2020,140973243,1,9,0,18,19,8,4,0,0,1,1,0,0,0,1,1,5,6,1,21,5,1686,2,13,VAUXHALL ASTRA,4,E01008019,0,-1
2020230948787,2020,230948787,1,9,0,18,19,7,3,0,0,1,1,0,0,0,1,1,6,6,1,37,7,1399,1,4,VAUXHALL ASTRA,5,E01031163,0,-1
2020400999764,2020,400999764,2,9,0,3,3,5,1,0,0,1,0,0,0,0,2,1,6,6,1,43,7,1598,1,16,VAUXHALL ASTRA,1,E01015789,0,-1
2020201005154,2020,201005154,2,9,0,2,2,0,0,9,9,2,0,0,0,0,2,1,6,6,2,28,6,1399,1,3,VAUXHALL ASTRA,-1,-1,0,-1
2020040959861,2020,040959861,2,9,0,5,5,7,3,0,0,0,0,0,0,0,1,1,6,6,1,-1,-1,1598,1,14,VAUXHALL ASTRA,-1,-1,0,-1
2020160996523,2020,160996523,1,9,0,18,19,8,4,0,0,0,0,0,0,0,1,1,6,6,1,38,7,1686,2,7,VAUXHALL ASTRA,4,E01012803,0,-1
2020500947469,2020,500947469,1,9,0,14,14,1,5,0,0,1,0,0,0,0,4,1,6,6,1,30,6,1910,2,14,VAUXHALL ASTRA,4,E01020129,0,-1
2020137AK1175,2020,137AK1175,2,9,0,18,19,3,7,0,0,3,0,0,0,0,4,1,2,2,1,45,7,1399,1,3,VAUXHALL ASTRA,7,E01025180,0,-1
2020552000557,2020,552000557,1,9,0,18,19,7,3,0,0,3,0,0,0,0,1,1,6,6,2,38,7,1598,1,12,VAUXHALL ASTRA,6,E01023022,0,-1
2020040955167,2020,040955167,2,9,0,18,19,5,1,0,0,1,0,0,0,0,1,1,5,6,1,25,5,1998,1,13,VAUXHALL ASTRA,1,E01025041,0,-1
2020990975915,2020,990975915,1,9,0,18,19,3,7,0,0,1,0,0,0,0,1,2,1,1,1,47,8,1998,1,10,VAUXHALL ASTRA,3,-1,0,-1
2020010249031,2020,010249031,2,9,0,99,99,9,9,99,99,9,9,99,9,99,9,9,6,6,3,-1,-1,1364,1,14,VAUXHALL ASTRA,2,E01002003,0,-1
2020200936222,2020,200936222,1,9,0,18,19,5,1,0,0,4,1,7,3,2,1,1,6,6,2,39,7,1598,1,11,VAUXHALL ASTRA,3,E01010381,0,-1
2020040963906,2020,040963906,2,9,0,18,19,1,5,0,0,1,0,0,0,0,3,1,2,2,2,26,6,1364,1,15,VAUXHALL ASTRA,2,E01012640,0,-1
2020460964635,2020,460964635,1,9,0,7,7,4,6,0,0,6,0,0,0,0,1,1,6,6,2,-1,-1,1956,2,5,VAUXHALL ASTRA,2,E01024616,0,-1
2020460949769,2020,460949769,1,9,0,16,19,1,5,0,0,0,5,0,0,0,1,1,5,6,1,-1,-1,1998,1,12,VAUXHALL ASTRA,3,E01032815,0,-1
20201377D1790,2020,1377D1790,1,9,0,4,4,3,2,0,0,0,0,0,0,0,2,1,1,1,1,63,9,1686,2,15,VAUXHALL ASTRA,4,E01011908,0,-1
2020522000786,2020,522000786,1,9,0,10,10,5,1,0,0,0,0,0,0,0,2,1,6,6,2,46,8,1598,1,12,VAUXHALL ASTRA,8,E01014472,0,-1
2020470962932,2020,470962932,3,9,0,18,19,4,8,0,0,1,0,0,0,0,1,1,5,6,1,73,10,1399,1,2,VAUXHALL ASTRA,8,E01021215,0,-1
2020522001889,2020,522001889,1,9,0,18,19,6,2,0,0,8,0,0,0,0,1,1,6,6,1,19,4,1598,1,9,VAUXHALL ASTRA,4,E01014968,0,-1
2020991011301,2020,991011301,1,9,0,16,19,5,1,0,0,0,1,0,7,11,4,1,5,6,1,19,4,1598,1,11,VAUXHALL ASTRA,6,-1,0,-1
2020421000292,2020,421000292,3,9,0,18,19,5,1,0,0,0,0,0,0,0,2,1,5,6,1,50,8,1598,1,13,VAUXHALL ASTRA,3,E01023343,0,-1
2020160999951,2020,160999951,1,8,0,18,19,8,4,0,0,2,0,0,0,0,1,1,1,1,1,48,8,1686,2,5,VAUXHALL ASTRA,3,E01013233,0,-1
2020530986093,2020,530986093,2,9,0,3,3,2,-1,0,0,0,0,0,0,0,2,1,6,6,1,67,10,1998,1,14,VAUXHALL ASTRA,9,E01016735,0,-1
2020460959113,2020,460959113,2,9,0,18,19,2,6,0,0,1,0,0,0,0,3,1,6,6,1,52,8,1796,1,14,VAUXHALL ASTRA,2,E01024398,0,-1
2020460938412,2020,460938412,1,9,0,5,5,7,1,0,0,0,0,0,0,0,3,1,5,6,1,68,10,1598,1,7,VAUXHALL ASTRA,8,E01024271,0,-1
2020522001665,2020,522001665,1,9,0,18,19,1,5,0,0,0,0,0,0,0,1,1,6,6,2,57,9,1364,1,11,VAUXHALL ASTRA,6,E01014769,0,-1
2020430046376,2020,430046376,2,9,0,9,9,2,8,0,0,8,0,0,0,0,4,1,6,6,2,24,5,1598,1,13,VAUXHALL ASTRA,5,E01016662,0,-1
2020040954139,2020,040954139,2,9,0,18,19,1,5,0,0,1,0,0,0,0,1,1,1,1,1,32,6,-1,-1,-1,VAUXHALL ASTRA,3,E01012676,0,-1
20201372R0246,2020,1372R0246,2,9,0,18,19,3,7,0,0,8,0,0,0,0,4,1,6,6,1,28,6,1598,1,9,VAUXHALL ASTRA,3,E01010846,0,-1
2020430031833,2020,430031833,1,9,0,16,19,8,4,0,0,0,0,0,0,0,3,1,6,6,1,25,5,1398,1,10,VAUXHALL ASTRA,7,E01028679,0,-1
2020230921014,2020,230921014,1,9,0,18,19,1,5,0,0,0,0,0,0,0,1,1,2,2,1,27,6,1910,2,13,VAUXHALL ASTRA,9,E01031082,0,-1
2020210995451,2020,210995451,2,9,0,4,4,2,6,0,0,0,0,0,0,0,1,1,6,6,1,77,11,1399,1,3,VAUXHALL ASTRA,1,E01029358,0,-1
2020430027952,2020,430027952,3,9,0,10,10,2,8,0,0,1,0,0,0,0,1,1,6,6,1,42,7,1598,1,2,VAUXHALL ASTRA,8,E01016795,0,-1
202031C135420,2020,31C135420,2,9,0,18,19,2,6,0,0,0,0,0,0,0,1,1,6,6,1,20,4,1362,1,8,VAUXHALL ASTRA,2,E01013836,0,-1
2020010277137,2020,010277137,2,9,0,7,7,5,6,0,0,1,0,0,0,0,4,1,6,6,1,42,7,1796,1,13,VAUXHALL ASTRA,4,E01004412,0,-1
2020170L31060,2020,170L31060,1,9,0,18,19,6,1,0,0,8,0,0,0,0,3,1,6,6,2,42,7,1598,2,6,VAUXHALL ASTRA,2,E01012101,0,-1
2020500983144,2020,500983144,2,9,0,4,4,7,3,0,0,0,0,0,0,0,2,1,6,6,2,38,7,1398,1,6,VAUXHALL ASTRA,4,E01019054,0,-1
2020010259825,2020,010259825,1,9,0,4,4,1,5,0,0,2,0,0,0,0,4,1,6,6,1,48,8,1796,1,14,VAUXHALL ASTRA,8,E01003867,0,-1
2020302001008,2020,302001008,1,9,0,9,9,8,5,0,0,6,0,0,0,0,0,1,6,6,1,59,9,1700,2,19,VAUXHALL ASTRA,6,E01006070,0,-1
20201377P0642,2020,1377P0642,2,9,0,9,9,7,5,0,0,1,0,0,0,0,1,1,6,6,1,26,6,1598,1,7,VAUXHALL ASTRA,2,E01033031,0,-1
2020010257707,2020,010257707,1,9,0,18,19,3,7,0,0,5,5,0,0,0,1,1,6,6,2,22,5,1598,1,10,VAUXHALL ASTRA,2,E01004201,0,-1
2020010231164,2020,010231164,1,9,9,99,99,9,9,0,0,1,0,0,0,0,4,1,2,2,2,37,7,1910,2,13,VAUXHALL ASTRA,6,E01023929,0,-1
202031B155720,2020,31B155720,1,9,0,18,19,1,5,0,0,0,0,0,0,0,1,1,1,1,1,26,6,1910,2,13,VAUXHALL ASTRA,6,E01026344,0,-1
2020302001500,2020,302001500,2,9,0,18,19,8,4,0,0,0,0,0,0,0,2,1,6,6,1,39,7,1399,1,3,VAUXHALL ASTRA,9,E01019595,0,-1
2020010248957,2020,010248957,1,9,0,18,19,3,7,0,0,0,0,0,0,0,1,1,6,6,1,20,4,1598,1,12,VAUXHALL ASTRA,1,E01004316,0,-1
2020470996825,2020,470996825,1,9,0,18,19,7,3,0,0,8,0,0,0,0,1,1,6,6,3,-1,-1,1796,1,11,VAUXHALL ASTRA,-1,-1,0,-1
2020040936895,2020,040936895,1,9,0,9,9,3,7,0,0,8,0,0,0,0,1,1,3,7,2,38,7,1796,1,13,VAUXHALL ASTRA,1,E01025283,0,-1
2020140998702,2020,140998702,1,9,0,5,5,7,3,0,0,4,0,0,0,0,1,1,6,6,1,56,9,1364,1,5,VAUXHALL ASTRA,2,E01008016,0,-1
20201373B0811,2020,1373B0811,1,9,0,9,9,6,4,0,0,3,0,0,7,1,4,1,6,6,2,41,7,1598,1,16,VAUXHALL ASTRA,7,E01013401,0,-1
2020200970330,2020,200970330,1,9,0,9,9,2,8,0,0,5,0,0,0,0,1,1,1,1,2,25,5,1598,1,16,VAUXHALL ASTRA,1,E01009836,0,-1
2020990926704,2020,990926704,3,9,0,18,19,5,1,0,0,0,0,0,0,0,2,1,2,2,1,58,9,1598,2,3,VAUXHALL ASTRA,2,-1,0,-1
2020410964160,2020,410964160,4,9,0,18,19,5,1,0,0,4,0,0,0,0,0,1,5,6,1,35,6,1598,2,1,VAUXHALL ASTRA,-1,-1,0,-1
2020990933008,2020,990933008,3,9,0,10,10,4,2,0,0,1,0,0,0,0,2,1,5,6,2,30,6,1364,1,6,VAUXHALL ASTRA,7,-1,0,-1
2020201018900,2020,201018900,1,9,0,18,19,1,5,0,0,8,0,0,0,0,1,1,6,6,2,33,6,999,1,4,VAUXHALL ASTRA,6,E01009778,0,-1
2020440276453,2020,440276453,2,9,0,3,3,6,2,0,0,1,0,0,0,0,2,1,6,6,2,51,8,1399,1,3,VAUXHALL ASTRA,10,E01022528,0,-1
2020990967856,2020,990967856,1,9,0,5,5,7,3,0,0,6,0,0,0,0,1,1,5,6,1,26,6,1399,1,3,VAUXHALL ASTRA,7,-1,0,-1
2020140954226,2020,140954226,1,9,0,18,19,1,5,0,0,4,0,0,0,0,1,1,2,2,2,53,8,1398,1,8,VAUXHALL ASTRA,2,E01007805,0,-1
202031B003320,2020,31B003320,2,9,0,18,19,4,8,0,0,0,0,0,0,0,1,1,1,1,1,18,4,1598,2,2,VAUXHALL ASTRA,-1,-1,0,-1
2020460972450,2020,460972450,1,9,0,18,19,7,3,0,0,1,0,0,0,0,1,1,6,6,3,-1,-1,1598,1,14,VAUXHALL ASTRA,-1,-1,0,-1
2020421000148,2020,421000148,2,9,0,18,19,7,3,0,0,8,0,0,0,0,1,1,5,6,1,51,8,1686,2,10,VAUXHALL ASTRA,4,E01021820,0,-1
2020100972008,2020,100972008,1,9,0,9,9,3,7,0,0,1,0,0,0,0,4,1,6,6,2,36,7,1598,1,11,VAUXHALL ASTRA,3,E01027530,0,-1
2020010248326,2020,010248326,2,9,9,18,19,1,5,99,99,9,9,99,9,99,9,9,6,6,3,-1,-1,1364,1,13,VAUXHALL ASTRA,2,E01004219,0,-1
2020040963426,2020,040963426,1,9,0,17,19,5,1,0,0,1,0,0,0,0,4,1,5,6,1,35,6,1399,1,4,VAUXHALL ASTRA,1,E01025504,0,-1
2020470923160,2020,470923160,2,9,0,18,19,3,7,0,0,0,0,0,0,0,4,1,1,1,1,30,6,1598,2,2,VAUXHALL ASTRA,-1,-1,0,-1
2020340D05952,2020,340D05952,1,9,0,18,19,1,5,0,0,1,1,7,4,0,1,1,6,6,2,27,6,1796,1,13,VAUXHALL ASTRA,2,E01013512,0,-1
2020460939128,2020,460939128,1,9,0,9,9,5,3,0,0,1,0,0,7,0,1,1,5,6,1,34,6,1956,2,8,VAUXHALL ASTRA,7,E01024592,0,-1
2020440362731,2020,440362731,2,19,0,18,19,3,7,0,0,8,1,10,7,1,3,1,6,6,1,39,7,1686,2,13,VAUXHALL ASTRA,10,E01022884,0,-1
2020170L30430,2020,170L30430,2,9,0,7,7,3,5,0,0,8,0,0,0,0,1,1,6,6,1,50,8,1686,2,10,VAUXHALL ASTRA,4,E01012142,0,-1
2020041009826,2020,041009826,1,9,0,18,19,3,7,0,0,0,0,0,0,0,3,1,5,6,2,33,6,1796,1,13,VAUXHALL ASTRA,2,E01012711,0,-1
2020320355138,2020,320355138,2,9,0,13,13,8,4,0,0,0,5,0,0,0,3,1,6,6,2,55,8,1910,2,12,VAUXHALL ASTRA,6,E01026380,0,-1
2020010229928,2020,010229928,3,9,0,2,2,0,0,0,0,8,0,0,0,0,3,1,6,6,3,-1,-1,1598,1,16,VAUXHALL ASTRA,-1,-1,0,-1
2020010247119,2020,010247119,1,9,0,7,7,2,5,0,0,1,0,0,0,0,3,2,6,6,1,46,8,1297,1,32,VAUXHALL ASTRA,3,E01001162,0,-1
2020070068536,2020,070068536,1,9,0,18,19,1,5,0,0,7,1,0,5,6,1,1,6,6,1,39,7,1686,2,12,VAUXHALL ASTRA,7,W01000256,0,-1
2020052001370,2020,052001370,2,9,0,17,19,4,8,0,0,0,0,0,0,0,1,1,6,6,2,55,8,1598,1,17,VAUXHALL ASTRA,-1,-1,0,-1
2020420954269,2020,420954269,2,9,0,2,2,1,5,0,0,0,0,0,0,0,3,1,5,6,1,39,7,1686,2,11,VAUXHALL ASTRA,3,E01017536,0,-1
2020010251686,2020,010251686,2,9,0,18,19,3,7,0,0,0,1,0,4,6,2,1,6,6,1,45,7,1598,1,16,VAUXHALL ASTRA,5,E01001530,0,-1
2020990964502,2020,990964502,1,9,0,11,11,6,2,0,0,0,0,0,1,1,1,1,6,6,2,57,9,1796,1,16,VAUXHALL ASTRA,8,-1,0,-1
2020140961983,2020,140961983,1,9,0,17,19,4,8,0,0,0,0,0,1,2,1,1,5,6,1,60,9,1398,1,10,VAUXHALL ASTRA,6,E01007319,0,-1
2020990967948,2020,990967948,1,9,0,1,1,5,8,9,9,0,0,0,1,0,2,1,5,6,1,59,9,1686,2,8,VAUXHALL ASTRA,4,-1,0,-1
2020332000189,2020,332000189,4,9,0,18,19,6,2,0,0,0,0,0,0,0,0,1,6,6,1,34,6,1700,2,21,VAUXHALL ASTRA,-1,-1,0,-1
2020201015276,2020,201015276,1,9,0,18,19,2,6,0,0,0,2,4,0,0,1,1,6,6,1,48,8,1598,1,7,VAUXHALL ASTRA,1,E01010466,0,-1
2020010276657,2020,010276657,2,9,0,99,99,9,9,99,99,9,9,99,9,99,1,9,6,6,3,-1,-1,1364,1,11,VAUXHALL ASTRA,-1,-1,0,-1
2020332000034,2020,332000034,1,9,0,9,9,4,2,0,0,8,0,0,0,0,1,1,6,6,2,33,6,1686,2,6,VAUXHALL ASTRA,8,E01025768,0,-1
2020010244432,2020,010244432,1,9,0,99,99,9,9,99,99,0,9,99,9,99,9,9,2,2,1,39,7,1598,1,17,VAUXHALL ASTRA,3,E01027245,0,-1
2020010265293,2020,010265293,2,9,0,99,99,9,9,99,99,9,9,99,9,99,1,9,6,6,3,30,6,1796,1,11,VAUXHALL ASTRA,-1,-1,0,-1
2020220995933,2020,220995933,1,9,0,9,9,3,1,0,0,5,0,0,0,0,1,1,5,6,1,69,10,1686,2,13,VAUXHALL ASTRA,5,E01028933,0,-1
2020460955349,2020,460955349,2,9,0,18,19,1,5,0,0,0,0,0,0,0,0,1,1,1,1,-1,-1,1598,2,1,VAUXHALL ASTRA,7,E01024388,0,-1
202006E377588,2020,06E377588,2,9,0,9,9,2,8,0,0,8,0,0,0,0,4,1,6,6,2,30,6,1956,2,9,VAUXHALL ASTRA,-1,-1,0,-1
2020440110621,2020,440110621,1,9,0,18,19,7,3,0,0,0,0,0,0,0,3,1,6,6,1,31,6,1910,2,13,VAUXHALL ASTRA,5,E01032840,0,-1
2020010289283,2020,010289283,2,9,0,4,4,7,3,0,0,8,0,0,0,0,2,1,2,2,2,44,7,999,1,4,VAUXHALL ASTRA,6,E01031586,0,-1
2020160975918,2020,160975918,1,9,0,18,19,8,4,0,0,0,0,0,0,0,1,1,6,6,1,40,7,1796,1,10,VAUXHALL ASTRA,1,E01012761,0,-1
2020522003570,2020,522003570,1,8,0,18,19,7,4,0,0,8,0,0,0,0,1,1,6,6,1,38,7,1398,1,9,VAUXHALL ASTRA,3,E01014809,0,-1
2020200946439,2020,200946439,1,9,0,18,19,3,7,0,0,8,0,10,7,10,1,1,6,6,1,34,6,1364,1,13,VAUXHALL ASTRA,1,E01010530,0,-1
2020420972916,2020,420972916,1,9,0,18,19,5,1,0,0,0,0,0,0,0,4,1,5,6,1,40,7,1598,1,10,VAUXHALL ASTRA,1,E01021970,0,-1
2020302001487,2020,302001487,1,9,0,4,4,1,5,0,0,0,0,0,0,0,2,1,2,2,2,30,6,1686,2,14,VAUXHALL ASTRA,5,E01013530,0,-1
202063B010220,2020,63B010220,1,9,0,17,19,4,2,0,0,1,0,0,3,3,1,1,6,6,1,18,4,1598,1,16,VAUXHALL ASTRA,3,W01000641,0,-1
2020430429067,2020,430429067,1,19,0,9,9,6,4,0,0,2,0,0,0,0,0,1,6,6,1,62,9,1686,2,19,VAUXHALL ASTRA,-1,-1,0,-1
20201374L0864,2020,1374L0864,1,9,0,1,1,4,8,0,0,0,0,0,0,0,2,1,6,6,1,65,9,1598,2,2,VAUXHALL ASTRA,10,E01011376,0,-1
2020010254988,2020,010254988,2,9,0,18,19,5,1,0,0,0,9,0,0,99,1,9,6,6,1,-1,-1,1796,1,14,VAUXHALL ASTRA,3,E01003581,0,-1
2020010235941,2020,010235941,1,9,0,17,19,1,5,0,0,2,0,0,0,0,1,1,6,6,1,33,6,-1,-1,-1,VAUXHALL ASTRA,2,E01000434,0,-1
2020360974079,2020,360974079,1,9,0,18,19,1,5,0,0,0,0,0,0,0,1,1,5,6,1,26,6,1598,1,13,VAUXHALL ASTRA,7,E01030096,0,-1
2020470961543,2020,470961543,1,9,0,18,19,1,5,0,0,4,0,0,0,0,1,1,1,1,2,31,6,1598,2,1,VAUXHALL ASTRA,5,E01031818,0,-1
2020010252814,2020,010252814,1,9,9,1,1,3,7,0,0,1,9,0,0,99,2,9,6,6,1,-1,-1,1399,1,1,VAUXHALL ASTRA,-1,-1,0,-1
2020220974509,2020,220974509,1,9,0,18,19,1,5,0,0,0,0,0,0,0,1,1,5,6,2,20,4,1364,1,5,VAUXHALL ASTRA,7,E01014002,0,-1
202031D114020,2020,31D114020,1,9,0,17,19,2,6,0,0,0,5,10,1,4,1,1,6,6,1,34,6,1598,1,16,VAUXHALL ASTRA,1,E01028261,0,-1
2020220947579,2020,220947579,1,9,0,3,3,8,4,0,0,0,0,0,0,0,2,1,1,1,1,45,7,1956,2,9,VAUXHALL ASTRA,5,E01028959,0,-1
2020040955165,2020,040955165,2,9,0,17,19,8,4,0,0,0,0,0,0,0,1,1,6,6,1,56,9,1598,1,19,VAUXHALL ASTRA,1,E01025382,0,-1
2020210995238,2020,210995238,1,9,-1,-1,-1,-1,-1,-1,-1,0,-1,-1,-1,0,-1,1,6,6,2,24,5,1364,1,15,VAUXHALL ASTRA,2,E01018467,0,-1
2020430034463,2020,430034463,1,9,0,18,19,2,6,0,0,0,0,0,1,11,1,1,6,6,1,20,4,1998,1,12,VAUXHALL ASTRA,8,E01015561,0,-1
2020430050416,2020,430050416,2,9,0,18,19,3,7,0,0,8,0,0,0,0,2,1,2,2,1,36,7,1796,1,14,VAUXHALL ASTRA,9,E01028624,0,-1
2020010251440,2020,010251440,1,9,0,18,19,6,2,0,0,1,0,10,1,2,1,1,2,2,2,48,8,1398,1,7,VAUXHALL ASTRA,3,E01002595,0,-1
2020040948030,2020,040948030,1,9,0,18,19,1,5,0,0,4,0,0,7,10,1,1,5,6,1,21,5,1248,2,9,VAUXHALL ASTRA,3,E01012587,0,-1
2020440019971,2020,440019971,1,9,0,18,19,5,8,0,0,1,0,0,0,0,1,1,6,6,2,24,5,1398,1,6,VAUXHALL ASTRA,4,E01022804,0,-1
2020010236551,2020,010236551,4,9,0,3,3,5,1,0,0,0,0,0,0,0,0,1,1,1,1,40,7,1399,1,1,VAUXHALL ASTRA,2,E01004231,0,-1
2020302000267,2020,302000267,1,9,0,4,4,2,6,0,0,0,0,0,0,0,3,1,6,6,2,45,7,1598,1,14,VAUXHALL ASTRA,-1,-1,0,-1
2020302000061,2020,302000061,2,9,0,9,9,6,5,0,0,6,0,0,0,0,1,1,6,6,2,29,6,1598,2,6,VAUXHALL ASTRA,9,E01019825,0,-1
2020552000581,2020,552000581,2,9,0,3,3,1,5,0,0,1,0,0,0,0,2,1,6,6,1,32,6,1598,1,16,VAUXHALL ASTRA,5,E01020427,0,-1
2020010238010,2020,010238010,1,9,0,17,19,3,7,0,0,1,0,0,0,0,1,1,6,6,1,19,4,1398,1,9,VAUXHALL ASTRA,2,E01003049,0,-1
2020470935461,2020,470935461,7,9,0,4,4,6,2,0,0,1,0,0,0,0,2,1,6,6,1,71,10,-1,-1,-1,VAUXHALL ASTRA,6,E01031445,0,-1
202006K175208,2020,06K175208,1,9,0,7,7,6,8,0,0,6,0,0,0,0,4,1,6,6,1,35,6,999,1,4,VAUXHALL ASTRA,1,E01004927,0,-1
2020500997258,2020,500997258,1,9,0,18,19,3,8,0,0,8,0,0,7,10,1,1,5,6,1,27,6,1362,1,7,VAUXHALL ASTRA,2,E01018928,0,-1
2020052002033,2020,052002033,2,9,0,18,19,2,6,0,0,0,0,0,0,0,0,1,6,6,3,-1,-1,1598,1,13,VAUXHALL ASTRA,-1,-1,0,-1
2020210958409,2020,210958409,1,9,0,5,5,-1,-1,0,0,0,0,0,0,0,0,1,6,6,2,-1,-1,1598,1,15,VAUXHALL ASTRA,1,E01014354,0,-1
2020010230693,2020,010230693,1,9,0,18,19,1,5,0,0,8,0,11,6,1,1,1,6,6,1,29,6,1598,1,10,VAUXHALL ASTRA,7,E01003395,0,-1
202031C114820,2020,31C114820,2,9,0,3,3,1,5,0,0,1,0,0,0,0,3,1,6,6,2,56,9,1686,2,8,VAUXHALL ASTRA,4,E01028144,0,-1
2020522003943,2020,522003943,2,9,0,18,19,3,7,0,0,8,0,0,0,0,0,1,6,6,1,30,6,1686,2,6,VAUXHALL ASTRA,-1,-1,0,-1
2020040988867,2020,040988867,3,9,0,3,3,3,7,0,0,8,0,0,0,0,3,1,1,1,1,34,6,-1,-1,-1,VAUXHALL ASTRA,1,E01012578,0,-1
202031A179220,2020,31A179220,2,9,0,3,3,1,5,0,0,1,0,0,0,0,2,1,6,6,2,52,8,1399,1,2,VAUXHALL ASTRA,4,E01027963,0,-1
2020010258351,2020,010258351,1,9,0,18,19,7,3,0,0,1,0,0,0,0,1,1,6,6,1,38,7,1398,1,6,VAUXHALL ASTRA,-1,-1,0,-1
202006E274662,2020,06E274662,1,9,0,18,19,6,2,0,0,8,0,0,0,0,1,1,6,6,1,32,6,1399,1,3,VAUXHALL ASTRA,5,E01005175,0,-1
2020160965469,2020,160965469,1,9,0,12,12,3,3,0,0,0,1,0,0,0,3,1,5,6,1,28,6,1598,1,15,VAUXHALL ASTRA,6,E01027881,0,-1
2020440501292,2020,440501292,2,9,0,4,4,7,3,0,0,1,0,0,0,0,2,1,6,6,2,42,7,1598,2,4,VAUXHALL ASTRA,9,E01023191,0,-1
2020451019989,2020,451019989,1,9,0,17,19,1,5,0,0,0,0,4,0,0,1,1,5,6,2,25,5,1598,1,9,VAUXHALL ASTRA,5,E01030834,0,-1
2020201020240,2020,201020240,2,9,0,3,3,7,3,0,0,0,0,0,0,0,2,1,6,6,1,29,6,-1,-1,-1,VAUXHALL ASTRA,7,E01032459,0,-1
2020100943099,2020,100943099,1,9,0,9,9,3,1,0,0,6,0,0,0,0,2,1,2,2,1,25,5,999,1,3,VAUXHALL ASTRA,9,E01020664,0,-1
2020070478691,2020,070478691,2,8,0,4,4,1,3,0,0,1,0,0,0,0,4,1,6,6,1,23,5,1598,2,6,VAUXHALL ASTRA,1,E01006720,0,-1
2020522003943,2020,522003943,3,9,0,18,19,3,7,0,0,8,0,0,0,0,0,1,6,6,1,35,6,1598,2,5,VAUXHALL ASTRA,-1,-1,0,-1
2020122001126,2020,122001126,2,9,0,18,19,7,4,0,0,8,0,0,0,0,1,1,6,6,1,45,7,1686,2,8,VAUXHALL ASTRA,10,E01027716,0,-1
2020522101185,2020,522101185,2,9,0,18,19,3,6,0,0,0,0,0,0,0,3,1,6,6,1,51,8,1598,1,7,VAUXHALL ASTRA,8,E01014765,0,-1
2020410967005,2020,410967005,3,9,0,2,2,0,0,0,0,8,0,0,0,0,2,1,6,6,2,22,5,1686,2,10,VAUXHALL ASTRA,4,E01015755,0,-1
2020200921622,2020,200921622,2,9,0,9,9,7,5,0,0,6,1,0,0,0,4,1,6,6,1,30,6,1956,2,7,VAUXHALL ASTRA,2,E01010535,0,-1
2020610047820,2020,610047820,1,9,0,18,19,2,6,0,0,0,1,0,0,0,1,1,6,6,1,35,6,1686,2,8,VAUXHALL ASTRA,-1,-1,0,-1
2020010228330,2020,010228330,2,9,0,18,19,3,7,0,0,1,0,0,0,0,4,1,2,2,1,35,6,1598,1,2,VAUXHALL ASTRA,3,E01004452,0,-1
2020430065614,2020,430065614,2,9,0,18,19,3,7,0,0,2,0,0,0,0,1,1,6,6,1,47,8,1598,1,16,VAUXHALL ASTRA,5,E01016367,0,-1
2020070147625,2020,070147625,2,9,0,18,19,6,2,0,0,1,0,0,0,0,1,1,6,6,1,75,10,1796,1,18,VAUXHALL ASTRA,9,E01018688,0,-1
2020040946189,2020,040946189,1,9,0,9,9,1,3,0,0,8,0,4,0,0,1,1,1,1,1,62,9,1364,1,11,VAUXHALL ASTRA,2,E01012728,0,-1
202063C072520,2020,63C072520,1,9,0,18,19,8,4,0,0,0,0,0,0,0,1,1,2,2,2,56,9,1598,1,16,VAUXHALL ASTRA,4,W01000605,0,-1
2020070070844,2020,070070844,1,9,0,9,9,1,7,0,0,1,0,0,0,0,1,1,6,6,1,32,6,1598,2,5,VAUXHALL ASTRA,6,E01012440,0,-1
202031A063820,2020,31A063820,1,9,0,18,19,4,8,0,0,0,0,0,0,0,2,1,6,6,2,58,9,1398,1,10,VAUXHALL ASTRA,8,E01028253,0,-1
2020110954439,2020,110954439,1,9,0,5,5,5,1,0,0,0,0,0,0,0,0,1,6,6,1,68,10,1686,2,12,VAUXHALL ASTRA,9,E01020634,0,-1
2020200993096,2020,200993096,1,9,0,18,19,8,4,0,0,8,0,0,0,0,1,1,3,7,2,45,7,1398,1,5,VAUXHALL ASTRA,1,E01033621,0,-1