collision_index,collision_year,collision_ref_no,vehicle_reference,vehicle_type,towing_and_articulation,vehicle_manoeuvre_historic,vehicle_manoeuvre,vehicle_direction_from,vehicle_direction_to,vehicle_location_restricted_lane_historic,vehicle_location_restricted_lane,junction_location,skidding_and_overturning,hit_object_in_carriageway,vehicle_leaving_carriageway,hit_object_off_carriageway,first_point_of_impact,vehicle_left_hand_drive,journey_purpose_of_driver_historic,journey_purpose_of_driver,sex_of_driver,age_of_driver,age_band_of_driver,engine_capacity_cc,propulsion_code,age_of_vehicle,generic_make_model,driver_imd_decile,lsoa_of_driver,escooter_flag,driver_distance_banding
2020010280039,2020,010280039,2,9,0,99,99,9,9,99,99,9,9,99,9,99,9,9,6,6,3,-1,-1,1598,2,4,VAUXHALL ASTRA,-1,-1,0,-1
2020010282099,2020,010282099,1,9,0,99,99,9,9,99,99,0,9,99,9,99,2,9,6,6,1,34,6,1910,2,14,VAUXHALL ASTRA,2,E01004398,0,-1
2020122001187,2020,122001187,2,9,0,18,19,7,3,0,0,8,0,0,0,0,3,1,6,6,1,31,6,1399,1,2,VAUXHALL ASTRA,2,E01011815,0,-1
2020010254523,2020,010254523,1,9,0,18,19,1,5,0,0,8,0,0,0,0,3,1,1,1,1,41,7,1399,1,1,VAUXHALL ASTRA,4,E01003937,0,-1
2020010264369,2020,010264369,2,9,0,99,99,9,9,99,99,9,9,99,9,99,1,9,6,6,3,36,7,1796,1,13,VAUXHALL ASTRA,5,E01000469,0,-1
2020530938309,2020,530938309,2,9,0,5,5,1,5,0,0,1,0,0,0,0,2,1,2,2,2,28,6,1686,2,15,VAUXHALL ASTRA,4,E01022399,0,-1
2020400943382,2020,400943382,1,9,0,18,19,7,3,0,0,8,0,0,0,0,1,1,6,6,2,57,9,1364,1,11,VAUXHALL ASTRA,7,E01017491,0,-1
2020460948883,2020,460948883,2,9,0,4,4,3,7,0,0,0,0,0,0,0,2,1,5,6,2,45,7,1796,1,17,VAUXHALL ASTRA,5,E01016116,0,-1
202031C168520,2020,31C168520,1,9,0,18,19,8,4,0,0,0,0,0,0,0,1,1,6,6,2,-1,-1,1598,1,12,VAUXHALL ASTRA,-1,-1,0,-1
2020420945166,2020,420945166,1,19,0,9,9,4,8,0,0,0,0,0,0,0,3,1,6,6,1,37,7,1686,2,19,VAUXHALL ASTRA,4,E01021642,0,-1
2020440055990,2020,440055990,1,9,0,9,9,8,6,0,0,8,0,0,1,11,3,1,6,6,1,86,11,1598,1,10,VAUXHALL ASTRA,10,E01022851,0,-1
2020501008146,2020,501008146,3,9,0,18,19,3,7,0,0,0,1,0,0,0,2,1,5,6,1,57,9,-1,-1,-1,VAUXHALL ASTRA,3,E01019062,0,-1
2020010241278,2020,010241278,2,9,0,99,99,9,9,99,99,9,9,99,9,99,1,9,6,6,3,-1,-1,1399,1,1,VAUXHALL ASTRA,-1,-1,0,-1
2020990973264,2020,990973264,1,9,0,5,5,3,7,9,9,0,0,0,1,2,1,1,6,6,1,41,7,1796,1,13,VAUXHALL ASTRA,5,-1,0,-1
2020481002066,2020,481002066,1,9,0,7,7,3,5,0,0,1,0,0,0,0,4,1,2,2,1,27,6,1796,1,10,VAUXHALL ASTRA,4,E01000401,0,-1
202006F272101,2020,06F272101,1,9,0,9,9,4,2,0,0,8,0,0,0,0,3,1,6,6,2,27,6,1598,1,13,VAUXHALL ASTRA,4,E01005675,0,-1
2020460925430,2020,460925430,2,9,0,18,19,7,3,0,0,0,0,0,0,0,2,1,6,6,1,22,5,1389,1,15,VAUXHALL ASTRA,3,E01024103,0,-1
2020302000646,2020,302000646,1,9,0,18,19,1,5,0,0,4,0,7,8,7,1,1,6,6,1,20,4,1956,2,5,VAUXHALL ASTRA,4,E01019499,0,-1
2020030921537,2020,030921537,1,9,0,18,19,1,5,0,0,5,0,0,0,0,1,1,2,2,2,40,7,1598,1,12,VAUXHALL ASTRA,1,E01019295,0,-1
2020010278791,2020,010278791,2,9,0,18,19,6,2,0,0,0,0,0,0,0,1,1,6,6,1,19,4,1364,1,6,VAUXHALL ASTRA,9,E01022060,0,-1
2020137250873,2020,137250873,1,9,0,18,19,7,3,0,0,0,0,0,0,0,1,1,6,6,1,-1,-1,1796,1,15,VAUXHALL ASTRA,-1,-1,0,-1
2020990965514,2020,990965514,3,9,0,3,3,2,6,0,0,1,0,0,0,0,2,1,2,2,1,44,7,1399,1,3,VAUXHALL ASTRA,3,-1,0,-1
2020990922300,2020,990922300,1,9,0,18,19,2,6,0,0,8,0,0,0,0,1,1,5,6,1,19,4,1364,1,10,VAUXHALL ASTRA,8,-1,0,-1
2020460981293,2020,460981293,3,9,0,9,9,1,7,0,0,0,0,0,0,0,0,1,5,6,1,17,4,1364,1,10,VAUXHALL ASTRA,7,E01024273,0,-1
202006A376344,2020,06A376344,1,9,0,1,1,7,3,9,9,1,0,0,0,0,2,1,6,6,3,-1,-1,1686,2,14,VAUXHALL ASTRA,-1,-1,0,-1
202006K274761,2020,06K274761,1,9,0,18,19,4,8,0,0,8,0,0,0,0,1,1,6,6,3,-1,-1,1598,1,13,VAUXHALL ASTRA,-1,-1,0,-1
2020552000643,2020,552000643,1,9,0,5,5,2,5,0,0,4,0,0,0,0,1,1,2,2,1,17,4,1796,1,12,VAUXHALL ASTRA,8,E01020468,0,-1
2020200935067,2020,200935067,1,9,0,18,19,8,4,0,0,1,0,0,0,0,1,1,6,6,3,-1,-1,1248,2,13,VAUXHALL ASTRA,-1,-1,0,-1
2020160994871,2020,160994871,1,9,0,18,19,4,8,0,0,0,0,0,0,0,1,1,6,6,1,52,8,1399,1,2,VAUXHALL ASTRA,1,E01013177,0,-1
2020122000254,2020,122000254,2,9,0,9,9,3,1,0,0,3,0,0,0,0,4,1,6,6,2,26,6,1686,2,13,VAUXHALL ASTRA,5,E01027564,0,-1
2020440376400,2020,440376400,2,9,0,18,19,1,5,0,0,8,0,0,0,0,1,1,6,6,1,-1,-1,1364,1,12,VAUXHALL ASTRA,-1,-1,0,-1
202006A368214,2020,06A368214,1,9,0,18,19,1,5,0,0,8,0,0,0,0,1,1,6,6,1,24,5,1598,1,12,VAUXHALL ASTRA,1,E01005243,0,-1
2020141006277,2020,141006277,1,9,0,18,19,7,3,0,0,1,0,0,0,0,3,1,2,2,1,61,9,1598,2,6,VAUXHALL ASTRA,1,E01007370,0,-1
2020140975928,2020,140975928,1,9,0,18,19,2,6,0,0,1,0,0,0,0,3,1,5,6,1,28,6,1686,2,10,VAUXHALL ASTRA,4,E01007882,0,-1
2020360938662,2020,360938662,2,9,0,4,4,0,0,0,0,7,0,0,0,0,2,1,2,2,2,33,6,1399,1,1,VAUXHALL ASTRA,8,E01026581,0,-1
2020340N03772,2020,340N03772,2,9,0,3,3,3,7,0,0,0,0,0,0,0,0,1,6,6,1,33,6,1796,1,13,VAUXHALL ASTRA,4,E01031165,0,-1
2020440171974,2020,440171974,2,9,0,18,19,8,4,0,0,0,0,0,0,0,4,1,2,2,1,40,7,1598,1,12,VAUXHALL ASTRA,-1,-1,0,-1
202063C014320,2020,63C014320,1,9,0,9,9,5,4,0,0,6,0,0,3,10,1,1,6,6,1,87,11,1796,1,14,VAUXHALL ASTRA,5,W01000593,0,-1
2020470954274,2020,470954274,1,9,0,18,19,2,8,0,0,2,0,0,0,0,1,1,5,6,1,52,8,1364,1,13,VAUXHALL ASTRA,2,E01031432,0,-1
2020010249559,2020,010249559,2,9,0,99,99,9,9,99,99,9,9,99,9,99,9,9,6,6,3,-1,-1,1398,1,8,VAUXHALL ASTRA,-1,-1,0,-1
2020010235329,2020,010235329,2,9,0,4,4,7,3,0,0,0,0,0,0,0,2,1,6,6,2,26,6,1398,1,10,VAUXHALL ASTRA,9,E01030636,0,-1
2020230937236,2020,230937236,1,9,0,18,19,6,2,0,0,0,1,4,7,0,1,1,5,6,1,30,6,1598,1,10,VAUXHALL ASTRA,3,E01031174,0,-1
2020460987890,2020,460987890,2,9,0,18,19,8,4,0,0,0,0,0,0,0,3,1,6,6,1,23,5,-1,-1,-1,VAUXHALL ASTRA,4,E01024027,0,-1
2020430313300,2020,430313300,2,9,0,18,19,3,7,0,0,0,0,0,0,0,4,1,6,6,1,37,7,1910,2,15,VAUXHALL ASTRA,5,E01016405,0,-1
2020201011516,2020,201011516,1,9,0,18,19,7,3,0,0,0,0,0,0,0,0,1,6,6,1,36,7,1598,1,14,VAUXHALL ASTRA,2,E01010065,0,-1
2020070530756,2020,070530756,2,9,0,18,19,4,8,0,0,1,0,0,0,0,1,1,6,6,2,33,6,1364,1,11,VAUXHALL ASTRA,3,E01018732,0,-1
2020201021641,2020,201021641,1,9,0,5,5,8,4,0,0,8,0,0,0,0,4,1,5,6,2,75,10,1598,1,13,VAUXHALL ASTRA,5,E01028846,0,-1
2020400939606,2020,400939606,1,9,0,18,19,6,2,0,0,1,0,0,0,0,3,1,1,1,1,42,7,1598,2,1,VAUXHALL ASTRA,3,E01017514,0,-1
2020200936548,2020,200936548,2,9,0,18,19,4,8,0,0,8,0,0,0,0,1,1,6,6,1,36,7,1686,2,10,VAUXHALL ASTRA,6,E01029614,0,-1
2020140935792,2020,140935792,1,9,0,18,19,1,5,0,0,1,0,0,0,0,4,1,5,6,2,52,8,1364,1,14,VAUXHALL ASTRA,-1,-1,0,-1
2020221000803,2020,221000803,2,9,0,14,14,2,6,0,0,0,0,0,0,0,1,1,1,1,1,27,6,1598,2,1,VAUXHALL ASTRA,8,E01014157,0,-1
20201373G0603,2020,1373G0603,1,9,0,16,19,7,3,0,0,0,0,0,0,0,1,1,6,6,1,76,11,1364,1,13,VAUXHALL ASTRA,1,E01011342,0,-1
2020010236306,2020,010236306,1,9,0,17,19,5,3,0,0,1,0,0,0,0,1,1,6,6,1,23,5,1398,1,7,VAUXHALL ASTRA,2,E01001008,0,-1
2020010261019,2020,010261019,2,9,0,99,99,9,9,99,99,0,9,99,9,99,9,9,6,6,3,-1,-1,1956,2,7,VAUXHALL ASTRA,-1,-1,0,-1
2020440472553,2020,440472553,2,9,0,3,3,2,6,0,0,0,0,0,0,0,2,1,6,6,1,34,6,-1,-1,-1,VAUXHALL ASTRA,9,E01016432,0,-1
2020991000037,2020,991000037,1,9,0,7,7,2,4,0,0,2,0,0,0,0,3,1,5,6,2,63,9,1398,1,5,VAUXHALL ASTRA,8,-1,0,-1
2020010273223,2020,010273223,2,9,0,5,5,8,4,0,0,8,0,0,0,0,1,1,1,1,1,32,6,1399,1,1,VAUXHALL ASTRA,4,E01002131,0,-1
2020010256005,2020,010256005,3,9,0,18,19,7,3,0,0,0,0,0,0,0,0,1,6,6,3,-1,-1,1364,1,13,VAUXHALL ASTRA,3,E01003430,0,-1
2020160968806,2020,160968806,1,9,0,3,3,8,4,0,0,0,0,0,0,0,2,1,5,6,2,50,8,1364,1,6,VAUXHALL ASTRA,10,E01013067,0,-1
2020070371537,2020,070371537,2,9,0,4,4,1,5,0,0,1,0,0,0,0,2,1,6,6,2,23,5,1364,1,14,VAUXHALL ASTRA,7,E01028941,0,-1
2020010230470,2020,010230470,1,9,0,9,9,3,1,0,0,6,0,0,0,0,3,1,6,6,1,51,8,1686,2,16,VAUXHALL ASTRA,5,E01000251,0,-1
2020990941844,2020,990941844,1,9,0,17,19,4,1,0,0,0,1,0,7,5,4,1,6,6,1,31,6,1598,1,13,VAUXHALL ASTRA,1,-1,0,-1
2020201019018,2020,201019018,1,9,0,18,19,4,8,0,0,0,0,0,0,0,3,1,6,6,1,81,11,1598,1,15,VAUXHALL ASTRA,7,E01010345,0,-1
2020500977110,2020,500977110,1,9,0,9,9,4,3,0,0,5,0,7,0,0,1,1,6,6,3,-1,-1,1910,2,15,VAUXHALL ASTRA,-1,-1,0,-1
2020500949654,2020,500949654,1,9,0,18,19,7,3,0,0,0,0,4,0,0,1,1,6,6,1,36,7,1598,1,10,VAUXHALL ASTRA,1,E01015058,0,-1
2020010233748,2020,010233748,1,9,0,7,7,3,5,0,0,7,0,0,0,0,4,1,6,6,2,34,6,1598,1,10,VAUXHALL ASTRA,-1,-1,0,-1
2020470940694,2020,470940694,1,9,0,5,5,7,3,0,0,4,0,0,0,0,1,1,2,2,2,50,8,1364,1,2,VAUXHALL ASTRA,5,E01020956,0,-1
202006M278142,2020,06M278142,1,9,0,9,9,3,1,0,0,8,0,0,0,0,4,1,6,6,1,26,6,1362,1,8,VAUXHALL ASTRA,5,E01005777,0,-1
2020070646536,2020,070646536,1,9,0,9,9,7,5,0,0,5,0,0,0,0,1,1,1,1,1,28,6,1598,1,12,VAUXHALL ASTRA,1,E01018466,0,-1
2020500971395,2020,500971395,2,9,0,3,3,7,3,0,0,1,0,0,0,0,2,1,6,6,1,47,8,1598,1,24,VAUXHALL ASTRA,3,E01020264,0,-1
2020430149691,2020,430149691,1,9,0,18,19,6,2,0,0,0,0,0,0,0,3,1,6,6,1,32,6,1686,2,8,VAUXHALL ASTRA,8,E01016508,0,-1
2020320120325,2020,320120325,1,9,0,13,13,1,5,0,0,0,1,0,8,0,1,1,6,6,1,36,7,-1,-1,-1,VAUXHALL ASTRA,4,E01026060,0,-1
2020200949542,2020,200949542,2,9,0,18,19,-1,-1,0,0,0,0,0,0,0,3,1,6,6,1,26,6,1598,2,4,VAUXHALL ASTRA,4,E01010349,0,-1
2020010275878,2020,010275878,1,9,0,7,7,7,1,0,0,1,0,0,0,0,1,1,6,6,2,45,7,1598,1,5,VAUXHALL ASTRA,10,E01000813,0,-1
2020052000937,2020,052000937,1,9,0,18,19,4,8,0,0,0,0,10,0,0,1,1,6,6,1,58,9,1796,1,12,VAUXHALL ASTRA,1,E01007055,0,-1
2020522004564,2020,522004564,2,9,0,10,10,5,1,0,0,1,0,0,0,0,2,1,6,6,1,28,6,1998,1,10,VAUXHALL ASTRA,7,E01014945,0,-1
2020350959109,2020,350959109,1,9,0,18,19,1,5,0,0,0,0,0,0,0,1,1,1,1,1,53,8,1796,1,18,VAUXHALL ASTRA,9,E01018054,0,-1
2020430443393,2020,430443393,1,9,0,18,19,7,2,0,0,8,1,0,1,0,4,1,6,6,1,50,8,1686,2,10,VAUXHALL ASTRA,-1,-1,0,-1
2020320098633,2020,320098633,1,9,0,14,14,5,1,0,0,0,0,0,0,0,4,1,6,6,1,81,11,1598,1,10,VAUXHALL ASTRA,-1,-1,0,-1
2020500938022,2020,500938022,1,9,0,18,19,8,4,0,0,1,1,0,1,0,1,1,5,6,1,70,10,1364,1,6,VAUXHALL ASTRA,5,E01020117,0,-1
2020010228452,2020,010228452,1,9,0,18,19,8,4,0,0,1,0,4,0,0,1,1,6,6,1,50,8,1598,1,11,VAUXHALL ASTRA,6,E01003958,0,-1
2020500930105,2020,500930105,4,9,0,3,3,0,0,0,0,0,0,0,0,0,3,1,6,6,1,22,5,1598,1,14,VAUXHALL ASTRA,10,E01020560,0,-1
2020401007114,2020,401007114,1,9,0,7,7,7,8,0,0,2,0,0,0,0,0,1,1,1,1,37,7,1598,2,1,VAUXHALL ASTRA,-1,-1,0,-1
2020070157930,2020,070157930,1,9,0,17,19,5,1,0,0,4,0,9,1,1,1,1,6,6,2,35,6,1364,1,13,VAUXHALL ASTRA,2,E01012535,0,-1
2020440241945,2020,440241945,2,9,0,18,19,1,5,0,0,8,0,0,0,0,3,1,6,6,1,59,9,1598,1,12,VAUXHALL ASTRA,3,E01022803,0,-1
2020010283299,2020,010283299,1,9,0,18,19,3,7,0,0,8,0,0,0,0,1,1,6,6,1,34,6,1362,1,8,VAUXHALL ASTRA,4,E01000498,0,-1
2020010284500,2020,010284500,1,9,0,9,9,5,3,0,0,0,0,0,0,0,3,1,1,1,1,33,6,1796,1,15,VAUXHALL ASTRA,7,E01030553,0,-1
2020420983472,2020,420983472,1,9,0,18,19,3,7,0,0,8,0,0,0,0,1,1,1,1,2,24,5,1598,2,2,VAUXHALL ASTRA,-1,-1,0,-1
2020010232701,2020,010232701,1,9,0,18,19,5,1,0,0,1,0,0,0,0,1,2,6,6,1,22,5,1364,1,9,VAUXHALL ASTRA,7,E01002182,0,-1
2020522004071,2020,522004071,3,9,0,2,2,0,0,0,0,2,0,0,0,0,1,1,6,6,3,-1,-1,1598,1,9,VAUXHALL ASTRA,-1,-1,0,-1
202006G270914,2020,06G270914,2,9,0,18,19,6,2,0,0,0,0,0,0,0,4,1,6,6,2,32,6,1248,2,13,VAUXHALL ASTRA,1,E01006027,0,-1
2020010276349,2020,010276349,2,9,0,18,19,7,3,0,0,0,0,0,0,0,3,1,6,6,2,20,4,1598,1,5,VAUXHALL ASTRA,4,E01001336,0,-1
2020340D05802,2020,340D05802,1,9,0,13,13,1,5,0,0,0,5,0,8,0,1,1,6,6,1,27,6,1598,1,13,VAUXHALL ASTRA,5,E01031169,0,-1
2020552000187,2020,552000187,1,9,0,5,5,2,4,0,0,4,0,0,0,0,1,1,2,2,2,48,8,1598,1,13,VAUXHALL ASTRA,2,E01015288,0,-1
2020500969630,2020,500969630,1,9,0,13,13,3,7,0,0,0,0,0,0,0,1,1,6,6,1,25,5,999,1,3,VAUXHALL ASTRA,4,E01018944,0,-1
2020340W05322,2020,340W05322,1,9,0,13,13,6,2,0,0,0,0,0,0,0,1,1,6,6,1,19,4,1364,1,5,VAUXHALL ASTRA,2,E01016839,0,-1
2020010275172,2020,010275172,2,9,0,18,19,1,5,0,0,5,0,0,0,0,1,9,6,6,1,-1,-1,1398,1,10,VAUXHALL ASTRA,6,E01000970,0,-1
2020140925260,2020,140925260,2,9,0,5,5,2,5,0,0,0,0,0,0,0,2,1,5,6,2,29,6,1398,1,7,VAUXHALL ASTRA,1,E01007718,0,-1
2020140923414,2020,140923414,1,9,0,3,3,7,3,0,0,0,0,0,0,0,2,1,5,6,1,29,6,1598,1,13,VAUXHALL ASTRA,3,E01007777,0,-1
2020040966246,2020,040966246,1,9,0,18,19,7,3,0,0,0,0,0,0,0,1,1,5,6,1,22,5,1364,1,13,VAUXHALL ASTRA,3,E01012632,0,-1
2020350975251,2020,350975251,1,9,0,18,19,3,7,0,0,0,1,0,1,0,2,1,2,2,1,65,9,1598,1,12,VAUXHALL ASTRA,8,E01027054,0,-1
2020320367920,2020,320367920,1,9,0,18,19,7,3,0,0,1,0,0,0,0,1,1,6,6,1,58,9,1598,1,13,VAUXHALL ASTRA,3,E01026085,0,-1
2020622000856,2020,622000856,1,9,0,1,1,2,6,0,0,0,0,0,0,0,2,1,6,6,3,-1,-1,1398,1,9,VAUXHALL ASTRA,-1,-1,0,-1
2020010274922,2020,010274922,1,9,0,8,8,7,1,0,0,5,0,0,0,0,2,1,6,6,2,53,8,1362,1,7,VAUXHALL ASTRA,-1,-1,0,-1
2020070695732,2020,070695732,2,9,0,3,3,7,1,0,0,4,0,0,0,0,2,1,6,6,1,29,6,1364,1,4,VAUXHALL ASTRA,1,E01012397,0,-1
202031A099320,2020,31A099320,1,9,0,13,13,3,7,0,0,1,0,0,0,0,3,1,6,6,2,48,8,1686,2,17,VAUXHALL ASTRA,6,E01027997,0,-1
2020100971929,2020,100971929,1,9,0,9,9,2,7,0,0,1,0,0,0,0,1,1,6,6,1,21,5,1910,2,14,VAUXHALL ASTRA,2,E01008232,0,-1
2020420957793,2020,420957793,2,9,0,17,19,5,1,0,0,0,0,0,0,0,1,1,2,2,1,37,7,1598,1,19,VAUXHALL ASTRA,7,E01015955,0,-1
20201378C0405,2020,1378C0405,1,9,0,18,19,6,2,0,0,0,0,0,0,0,4,1,1,1,1,62,9,1598,1,13,VAUXHALL ASTRA,-1,-1,0,-1
2020990951038,2020,990951038,1,9,0,18,19,6,1,0,0,8,0,0,0,0,1,1,2,2,1,64,9,1956,2,6,VAUXHALL ASTRA,10,-1,0,-1
2020501006056,2020,501006056,1,9,0,9,9,2,7,0,0,5,0,0,0,0,1,1,6,6,1,64,9,1398,1,6,VAUXHALL ASTRA,2,E01015259,0,-1
202006M166961,2020,06M166961,2,9,0,18,19,6,2,0,0,8,0,0,0,0,1,1,1,1,1,48,8,1398,1,9,VAUXHALL ASTRA,3,E01006159,0,-1
2020361012499,2020,361012499,1,9,0,9,9,7,4,0,0,8,0,0,0,0,3,1,2,2,1,54,8,1248,2,7,VAUXHALL ASTRA,2,E01033436,0,-1
2020460994165,2020,460994165,1,9,0,16,19,3,5,0,0,3,0,0,0,0,3,1,6,6,2,35,6,1598,1,11,VAUXHALL ASTRA,1,E01016024,0,-1
2020332000098,2020,332000098,1,9,0,16,19,7,1,0,0,2,0,0,0,0,1,1,6,6,1,69,10,1598,1,16,VAUXHALL ASTRA,8,E01025730,0,-1
2020542442120,2020,542442120,2,9,0,18,19,1,5,0,0,1,0,0,0,0,3,1,6,6,2,55,8,1598,1,13,VAUXHALL ASTRA,1,E01015575,0,-1
2020201000243,2020,201000243,2,9,0,18,19,2,6,0,0,0,0,0,0,0,2,1,6,6,1,69,10,1598,2,5,VAUXHALL ASTRA,1,E01009331,0,-1
2020010252526,2020,010252526,1,9,0,7,7,5,8,0,0,3,0,0,1,1,4,1,6,6,1,25,5,1598,1,11,VAUXHALL ASTRA,-1,-1,0,-1
2020160978227,2020,160978227,1,9,0,18,19,6,2,0,0,0,0,10,1,0,4,1,6,6,1,31,6,1798,1,14,VAUXHALL ASTRA,1,E01012844,0,-1
2020010244726,2020,010244726,5,9,0,3,3,6,2,0,0,1,0,0,0,0,2,1,6,6,2,26,6,1399,1,2,VAUXHALL ASTRA,4,E01004371,0,-1
202031C119220,2020,31C119220,1,9,0,18,19,7,3,0,0,3,0,0,0,0,3,1,6,6,2,43,7,1796,1,15,VAUXHALL ASTRA,1,E01013921,0,-1
2020500988915,2020,500988915,1,9,0,4,4,3,7,0,0,0,0,0,0,0,1,1,2,2,2,33,6,1686,2,7,VAUXHALL ASTRA,9,E01020086,0,-1
2020010266004,2020,010266004,1,9,0,5,5,0,3,0,0,0,0,0,0,0,4,1,1,1,1,51,8,1796,1,12,VAUXHALL ASTRA,2,E01002072,0,-1
2020010264074,2020,010264074,1,9,0,7,7,5,8,0,0,5,0,0,0,0,3,1,6,6,2,27,6,1598,1,10,VAUXHALL ASTRA,3,E01000046,0,-1
2020100990709,2020,100990709,1,9,0,13,13,3,7,0,0,0,0,0,0,0,4,1,6,6,1,61,9,1910,2,14,VAUXHALL ASTRA,-1,-1,0,-1
2020161002115,2020,161002115,2,9,0,18,19,3,7,0,0,0,0,0,0,0,4,1,5,6,2,56,9,1598,1,13,VAUXHALL ASTRA,3,E01013286,0,-1
2020010261594,2020,010261594,2,9,0,2,2,0,0,0,0,2,0,4,0,0,2,1,6,6,3,-1,-1,1686,2,7,VAUXHALL ASTRA,-1,-1,0,-1
2020990918071,2020,990918071,1,9,0,18,19,6,2,0,0,8,0,0,1,2,1,1,5,6,1,69,10,1796,1,10,VAUXHALL ASTRA,1,-1,0,-1
2020990915579,2020,990915579,1,9,0,18,19,2,6,0,0,0,0,0,1,0,1,1,6,6,1,55,8,1796,1,11,VAUXHALL ASTRA,5,-1,0,-1
202006F173807,2020,06F173807,4,9,0,2,2,0,0,0,0,0,0,0,0,0,4,1,6,6,2,30,6,1364,1,12,VAUXHALL ASTRA,1,E01005729,0,-1
2020360967724,2020,360967724,1,9,0,18,19,1,5,0,0,0,5,10,8,9,4,1,2,2,2,28,6,1364,1,11,VAUXHALL ASTRA,3,E01026747,0,-1
2020201020778,2020,201020778,1,9,0,9,9,1,7,0,0,3,0,0,0,0,1,1,1,1,1,63,9,1910,2,13,VAUXHALL ASTRA,5,E01010558,0,-1
2020010276806,2020,010276806,2,9,0,99,99,9,9,99,99,9,9,99,9,99,1,9,6,6,3,30,6,1398,1,7,VAUXHALL ASTRA,2,E01004260,0,-1
20201371U1089,2020,1371U1089,1,9,0,18,19,3,7,0,0,0,1,0,0,0,1,1,6,6,2,29,6,1796,1,12,VAUXHALL ASTRA,3,E01011343,0,-1
2020010237793,2020,010237793,1,9,9,99,99,9,9,99,99,9,9,99,9,99,9,9,6,6,2,56,9,1598,1,8,VAUXHALL ASTRA,10,E01000833,0,-1
2020010237442,2020,010237442,1,9,0,99,99,9,9,99,99,9,9,99,9,99,3,9,6,6,1,27,6,1598,1,7,VAUXHALL ASTRA,3,E01002532,0,-1
202031B127520,2020,31B127520,1,9,0,18,19,3,7,0,0,1,0,0,0,0,1,1,6,6,2,38,7,1796,1,10,VAUXHALL ASTRA,3,E01028027,0,-1
2020170M11410,2020,170M11410,1,9,0,18,19,7,3,0,0,0,0,0,0,0,1,1,6,6,1,31,6,1796,1,11,VAUXHALL ASTRA,1,E01012016,0,-1
2020400954094,2020,400954094,1,9,0,13,13,8,4,0,0,0,2,0,7,4,3,1,6,6,1,24,5,1598,1,13,VAUXHALL ASTRA,5,E01015700,0,-1
2020410934143,2020,410934143,2,9,0,18,19,3,7,0,0,8,0,0,0,0,4,1,6,6,2,46,8,1598,1,13,VAUXHALL ASTRA,4,E01023781,0,-1
2020200989475,2020,200989475,1,9,0,18,19,2,6,0,0,1,0,0,0,0,4,1,6,6,2,25,5,1598,1,12,VAUXHALL ASTRA,8,E01010565,0,-1
2020350959263,2020,350959263,1,9,0,15,15,3,7,9,9,1,0,10,1,0,0,1,6,6,1,29,6,1686,2,13,VAUXHALL ASTRA,8,E01033181,0,-1
2020010280592,2020,010280592,1,9,0,9,9,3,8,0,0,0,0,10,1,2,1,1,6,6,1,22,5,1364,1,14,VAUXHALL ASTRA,3,E01003251,0,-1
2020430061070,2020,430061070,3,9,0,18,19,1,5,0,0,0,0,0,0,0,1,1,6,6,1,30,6,1248,2,5,VAUXHALL ASTRA,7,E01028598,0,-1
202006F278441,2020,06F278441,2,9,0,18,19,8,4,0,0,8,0,0,0,0,1,1,6,6,1,44,7,1956,2,5,VAUXHALL ASTRA,7,E01004933,0,-1
2020320024812,2020,320024812,1,9,0,18,19,3,7,0,0,0,0,0,0,0,1,1,1,1,2,35,6,1364,1,5,VAUXHALL ASTRA,9,E01026219,0,-1
2020010251008,2020,010251008,1,9,0,9,9,2,1,4,4,5,0,0,0,0,4,1,6,6,1,28,6,1598,1,14,VAUXHALL ASTRA,2,E01004290,0,-1
2020990987952,2020,990987952,1,9,0,14,14,4,8,0,0,0,2,0,7,0,3,1,6,6,1,41,7,1956,2,8,VAUXHALL ASTRA,3,-1,0,-1
2020470998418,2020,470998418,1,9,0,7,7,4,6,0,0,4,0,0,0,0,1,1,2,2,1,36,7,1364,1,6,VAUXHALL ASTRA,7,E01031488,0,-1
2020070153949,2020,070153949,1,9,0,18,19,1,5,0,0,8,0,0,0,0,1,1,6,6,1,70,10,1399,1,1,VAUXHALL ASTRA,2,E01018525,0,-1
2020010247941,2020,010247941,2,9,0,99,99,9,9,99,99,9,9,99,9,99,1,9,6,6,1,44,7,1364,1,13,VAUXHALL ASTRA,3,E01004270,0,-1
2020320434660,2020,320434660,1,9,0,18,19,7,3,0,0,1,0,0,0,0,3,1,6,6,2,27,6,1598,1,14,VAUXHALL ASTRA,7,E01013322,0,-1
2020430359838,2020,430359838,1,9,0,4,4,4,8,0,0,0,0,0,0,0,0,1,1,1,1,27,6,1598,2,3,VAUXHALL ASTRA,-1,-1,0,-1
2020137AV1162,2020,137AV1162,2,9,0,18,19,5,1,0,0,8,0,0,0,0,3,1,6,6,2,44,7,1598,1,7,VAUXHALL ASTRA,1,E01011904,0,-1
2020522002071,2020,522002071,2,9,0,18,19,5,1,0,0,0,0,0,0,0,1,1,6,6,1,43,7,1598,2,5,VAUXHALL ASTRA,-1,-1,0,-1
2020160953089,2020,160953089,1,9,0,18,19,6,2,0,0,0,0,0,0,0,1,1,5,6,1,29,6,1956,2,9,VAUXHALL ASTRA,1,E01012798,0,-1
2020302000701,2020,302000701,2,9,0,9,9,6,3,0,0,0,0,0,0,0,0,1,6,6,1,56,9,1598,1,13,VAUXHALL ASTRA,9,E01019879,0,-1