collision_index,collision_year,collision_ref_no,vehicle_reference,vehicle_type,towing_and_articulation,vehicle_manoeuvre_historic,vehicle_manoeuvre,vehicle_direction_from,vehicle_direction_to,vehicle_location_restricted_lane_historic,vehicle_location_restricted_lane,junction_location,skidding_and_overturning,hit_object_in_carriageway,vehicle_leaving_carriageway,hit_object_off_carriageway,first_point_of_impact,vehicle_left_hand_drive,journey_purpose_of_driver_historic,journey_purpose_of_driver,sex_of_driver,age_of_driver,age_band_of_driver,engine_capacity_cc,propulsion_code,age_of_vehicle,generic_make_model,driver_imd_decile,lsoa_of_driver,escooter_flag,driver_distance_banding
2020547375020,2020,547375020,1,9,0,18,19,0,0,6,6,1,0,0,0,0,0,1,1,1,2,27,6,1598,2,4,VAUXHALL ASTRA,5,E01031867,0,-1
2020302000559,2020,302000559,1,9,0,18,19,2,6,0,0,0,0,0,0,0,0,1,1,1,1,62,9,-1,-1,-1,VAUXHALL ASTRA,-1,-1,0,-1
2020122000176,2020,122000176,1,9,0,5,5,4,2,0,0,4,0,0,0,0,1,1,6,6,1,46,8,1398,1,7,VAUXHALL ASTRA,10,E01013387,0,-1
2020200940579,2020,200940579,2,9,0,3,3,8,4,0,0,8,0,10,1,11,1,1,6,6,1,45,7,1598,1,9,VAUXHALL ASTRA,4,E01010322,0,-1
2020470980574,2020,470980574,1,9,0,2,2,0,0,0,0,0,0,0,0,0,3,1,6,6,2,-1,-1,1598,2,5,VAUXHALL ASTRA,6,E01021034,0,-1
2020010254783,2020,010254783,1,9,0,16,19,5,1,0,0,0,0,0,0,0,0,1,1,1,1,30,6,1399,1,1,VAUXHALL ASTRA,3,E01001045,0,-1
2020200981427,2020,200981427,1,9,0,18,19,6,2,0,0,1,0,10,1,0,1,1,6,6,1,21,5,1998,1,9,VAUXHALL ASTRA,2,E01010300,0,-1
2020302000891,2020,302000891,2,8,0,17,19,4,1,0,0,0,0,0,0,0,3,1,2,2,1,60,9,1686,2,7,VAUXHALL ASTRA,2,E01028280,0,-1
2020360987034,2020,360987034,1,9,0,18,19,1,5,0,0,0,0,0,0,0,1,1,5,6,1,45,7,1598,1,17,VAUXHALL ASTRA,4,E01026749,0,-1
2020548349120,2020,548349120,1,9,0,18,19,6,2,0,0,0,0,0,0,0,1,1,1,1,1,30,6,1598,2,1,VAUXHALL ASTRA,7,E01031850,0,-1
2020522004798,2020,522004798,2,9,0,18,19,3,7,0,0,0,0,0,0,0,1,1,6,6,2,28,6,1399,1,4,VAUXHALL ASTRA,5,W01001551,0,-1
2020460947248,2020,460947248,2,9,0,18,19,2,6,0,0,1,0,0,0,0,0,1,1,1,1,36,7,1598,2,1,VAUXHALL ASTRA,7,E01024388,0,-1
2020010276706,2020,010276706,1,9,0,10,10,5,2,0,0,6,0,0,0,0,1,2,6,6,1,18,4,1598,1,14,VAUXHALL ASTRA,7,E01003218,0,-1
2020100970512,2020,100970512,1,9,0,18,19,7,3,0,0,0,0,0,2,2,4,1,5,6,1,81,11,1398,1,5,VAUXHALL ASTRA,7,E01008403,0,-1
2020350983616,2020,350983616,2,9,0,18,19,3,7,0,0,4,0,0,0,0,1,1,6,6,3,-1,-1,1686,2,9,VAUXHALL ASTRA,-1,-1,0,-1
2020420958669,2020,420958669,1,9,0,18,19,3,7,0,0,8,0,0,0,0,2,1,6,6,1,35,6,1399,1,4,VAUXHALL ASTRA,4,E01021853,0,-1
2020400926687,2020,400926687,1,9,0,9,9,4,4,0,0,1,0,0,0,0,1,1,5,6,2,28,6,1796,1,14,VAUXHALL ASTRA,9,E01017428,0,-1
202006L167342,2020,06L167342,1,9,0,9,9,1,5,0,0,6,0,0,0,0,1,1,6,6,1,51,8,1364,1,11,VAUXHALL ASTRA,1,E01006328,0,-1
2020400991366,2020,400991366,3,9,0,18,19,3,7,0,0,0,0,0,0,0,2,1,1,1,1,31,6,1598,2,2,VAUXHALL ASTRA,-1,-1,0,-1
2020350930122,2020,350930122,1,9,0,4,4,5,1,0,0,0,0,0,0,0,3,1,1,1,1,29,6,1598,2,1,VAUXHALL ASTRA,-1,-1,0,-1
2020010237938,2020,010237938,1,9,0,18,19,1,5,0,0,0,0,0,0,0,1,1,6,6,1,56,9,1598,1,12,VAUXHALL ASTRA,3,E01004426,0,-1
2020052001160,2020,052001160,2,9,0,18,19,3,7,0,0,0,0,0,0,0,4,1,6,6,1,32,6,1248,2,9,VAUXHALL ASTRA,1,E01007008,0,-1
2020420999816,2020,420999816,1,9,0,1,1,4,7,9,9,0,0,0,0,0,2,1,6,6,2,32,6,1598,1,9,VAUXHALL ASTRA,4,E01015930,0,-1
2020460967832,2020,460967832,1,9,0,9,9,7,3,0,0,0,0,0,0,0,3,1,6,6,2,78,11,1399,1,2,VAUXHALL ASTRA,1,E01033211,0,-1
2020010240647,2020,010240647,2,9,0,9,9,1,8,0,0,1,0,0,0,0,4,1,2,2,1,58,9,1399,1,1,VAUXHALL ASTRA,-1,-1,0,-1
2020052000058,2020,052000058,2,9,0,8,8,1,3,0,0,6,0,0,0,0,1,1,6,6,2,69,10,1598,1,17,VAUXHALL ASTRA,5,E01006625,0,-1
202031B121420,2020,31B121420,1,9,0,13,13,8,4,0,0,0,0,0,0,0,1,1,6,6,1,24,5,1364,1,11,VAUXHALL ASTRA,2,E01007976,0,-1
2020010229892,2020,010229892,2,9,0,99,99,9,9,99,99,1,9,99,9,99,1,9,-1,-1,3,-1,-1,1598,1,16,VAUXHALL ASTRA,-1,-1,0,-1
2020461007237,2020,461007237,1,9,0,18,19,7,3,0,0,8,0,0,3,0,4,1,5,6,1,21,5,1598,1,10,VAUXHALL ASTRA,5,E01024786,0,-1
2020430231652,2020,430231652,1,9,0,3,3,8,4,0,0,3,0,0,0,0,2,1,6,6,1,36,7,1248,2,10,VAUXHALL ASTRA,3,E01016382,0,-1
2020070324771,2020,070324771,1,9,0,18,19,7,3,0,0,8,0,0,0,0,1,1,6,6,1,27,6,1398,1,7,VAUXHALL ASTRA,8,E01012543,0,-1
2020122100120,2020,122100120,2,9,0,18,19,7,3,0,0,3,0,0,0,0,3,1,6,6,1,43,7,1956,2,7,VAUXHALL ASTRA,7,E01027860,0,-1
2020370961718,2020,370961718,1,9,0,16,19,3,6,0,0,0,5,0,7,3,0,1,2,2,2,56,9,999,1,4,VAUXHALL ASTRA,8,E01029957,0,-1
2020461008168,2020,461008168,2,9,0,2,2,0,0,0,0,1,0,0,0,0,2,1,3,7,2,26,6,1364,1,14,VAUXHALL ASTRA,8,E01024354,0,-1
2020010287121,2020,010287121,1,9,0,18,19,2,6,0,0,8,0,0,0,0,3,1,6,6,1,60,9,1598,1,18,VAUXHALL ASTRA,9,E01000409,0,-1
2020470985402,2020,470985402,2,9,0,2,2,0,0,0,0,0,0,0,0,0,2,1,6,6,2,39,7,1598,1,11,VAUXHALL ASTRA,10,E01016998,0,-1
2020230937236,2020,230937236,2,9,0,18,19,6,2,0,0,0,0,0,0,0,0,1,1,1,1,30,6,1598,2,4,VAUXHALL ASTRA,5,E01031171,0,-1
2020361009052,2020,361009052,1,9,0,18,19,7,3,0,0,0,1,0,2,0,1,1,5,6,2,74,10,1399,1,2,VAUXHALL ASTRA,4,E01026602,0,-1
2020500966895,2020,500966895,1,9,0,17,19,7,3,0,0,0,5,0,0,0,1,1,1,1,1,27,6,1686,2,6,VAUXHALL ASTRA,4,E01015029,0,-1
2020470957182,2020,470957182,1,9,0,18,19,1,5,0,0,0,0,0,0,0,1,1,1,1,2,24,5,1398,1,9,VAUXHALL ASTRA,4,E01020914,0,-1
2020410952581,2020,410952581,2,9,0,16,19,3,7,0,0,0,0,0,0,0,1,1,6,6,1,49,8,1598,1,9,VAUXHALL ASTRA,3,E01023573,0,-1
2020320392645,2020,320392645,1,9,0,9,9,6,5,0,0,1,0,0,0,0,1,1,1,1,2,56,9,1598,1,9,VAUXHALL ASTRA,2,E01026375,0,-1
2020052001239,2020,052001239,2,9,0,18,19,7,3,0,0,0,0,0,0,0,1,1,6,6,1,22,5,1598,1,11,VAUXHALL ASTRA,1,E01006849,0,-1
2020122000399,2020,122000399,1,9,0,9,9,5,3,0,0,5,0,0,0,0,4,1,6,6,2,58,9,1598,1,7,VAUXHALL ASTRA,-1,-1,0,-1
2020430320800,2020,430320800,1,9,0,18,19,6,2,0,0,8,0,0,0,0,3,1,6,6,1,30,6,1398,1,6,VAUXHALL ASTRA,3,E01016389,0,-1
2020531002886,2020,531002886,1,9,0,18,19,3,7,0,0,8,1,0,0,0,1,1,1,1,1,41,7,1796,1,13,VAUXHALL ASTRA,4,E01022188,0,-1
2020990920432,2020,990920432,2,9,0,18,19,1,5,0,0,1,0,0,0,0,1,1,5,6,2,27,6,1598,1,13,VAUXHALL ASTRA,9,-1,0,-1
2020010234316,2020,010234316,1,9,0,99,99,9,9,99,99,1,9,99,9,99,9,9,6,6,2,-1,-1,1598,1,8,VAUXHALL ASTRA,2,E01032562,0,-1
2020400999528,2020,400999528,2,9,0,4,4,3,7,0,0,0,0,0,0,0,1,1,1,1,2,27,6,1598,2,2,VAUXHALL ASTRA,-1,-1,0,-1
2020160945111,2020,160945111,2,9,0,7,7,4,8,0,0,2,0,0,0,0,1,1,6,6,2,41,7,1364,1,13,VAUXHALL ASTRA,3,E01013086,0,-1
2020010253339,2020,010253339,2,9,0,99,99,9,9,99,99,9,9,99,9,99,1,9,6,6,1,54,8,1598,1,6,VAUXHALL ASTRA,7,E01002175,0,-1
2020010266303,2020,010266303,1,9,0,99,99,9,9,99,99,9,9,99,9,99,1,9,6,6,2,34,6,1598,1,10,VAUXHALL ASTRA,2,E01004013,0,-1
2020010250643,2020,010250643,1,9,0,18,19,1,5,0,0,1,0,0,0,0,1,1,6,6,1,34,6,1598,2,4,VAUXHALL ASTRA,4,E01002593,0,-1
2020470916134,2020,470916134,1,9,0,11,11,7,3,0,0,3,0,0,0,0,4,1,3,7,2,38,7,1598,1,10,VAUXHALL ASTRA,9,E01031338,0,-1
2020160930472,2020,160930472,2,9,0,18,19,8,5,0,0,0,0,0,0,0,1,1,5,6,1,24,5,1598,1,5,VAUXHALL ASTRA,10,E01012973,0,-1
2020010256190,2020,010256190,1,9,0,9,9,7,5,0,0,8,0,0,0,0,0,1,6,6,1,35,6,1364,1,14,VAUXHALL ASTRA,3,E01001111,0,-1
2020400935791,2020,400935791,2,9,0,15,15,6,2,0,0,1,0,0,0,0,1,1,3,7,1,29,6,1398,1,6,VAUXHALL ASTRA,4,E01017600,0,-1
2020501012132,2020,501012132,1,9,0,18,19,5,1,0,0,0,0,0,0,0,4,1,6,6,1,26,6,1598,1,9,VAUXHALL ASTRA,6,E01020263,0,-1
2020522102015,2020,522102015,1,9,0,18,19,7,3,0,0,0,0,0,0,10,1,1,6,6,1,22,5,1598,1,14,VAUXHALL ASTRA,5,E01014961,0,-1
2020990971986,2020,990971986,1,9,0,9,9,8,6,0,0,8,0,0,0,0,4,1,1,1,2,31,6,1399,1,1,VAUXHALL ASTRA,7,E01020354,0,-1
2020430257039,2020,430257039,1,9,0,9,9,2,8,0,0,4,0,0,0,0,1,1,2,2,2,28,6,1796,1,13,VAUXHALL ASTRA,9,E01017914,0,-1
2020460937071,2020,460937071,3,9,0,18,19,2,6,0,0,0,0,0,0,0,1,1,6,6,1,25,5,1389,1,17,VAUXHALL ASTRA,9,E01024757,0,-1
2020070443444,2020,070443444,1,9,0,18,19,1,5,0,0,0,1,0,1,4,1,1,6,6,1,27,6,1956,2,7,VAUXHALL ASTRA,3,E01025111,0,-1
2020302001032,2020,302001032,1,9,0,2,2,0,0,0,0,0,0,0,0,0,2,1,6,6,3,-1,-1,1399,1,4,VAUXHALL ASTRA,-1,-1,0,-1
2020201020100,2020,201020100,1,9,0,18,19,-1,-1,0,0,0,0,0,0,0,1,1,6,6,3,-1,-1,1796,1,13,VAUXHALL ASTRA,-1,-1,0,-1
2020010263275,2020,010263275,1,9,0,18,19,6,2,0,0,0,0,0,0,0,2,1,2,2,1,23,5,-1,-1,-1,VAUXHALL ASTRA,7,E01025131,0,-1
2020110988336,2020,110988336,1,9,0,18,19,5,1,0,0,1,0,0,0,0,1,1,6,6,1,30,6,1364,1,12,VAUXHALL ASTRA,1,E01008854,0,-1
202063A083820,2020,63A083820,2,9,0,18,19,8,5,0,0,0,0,0,0,0,1,1,1,1,2,28,6,1598,2,6,VAUXHALL ASTRA,8,W01000699,0,-1
2020140925274,2020,140925274,1,9,0,18,19,2,6,0,0,8,0,7,0,0,3,1,5,6,2,44,7,1598,1,12,VAUXHALL ASTRA,1,E01007737,0,-1
2020010242047,2020,010242047,2,9,0,9,9,3,2,0,0,6,0,0,0,0,0,1,6,6,2,40,7,1956,2,8,VAUXHALL ASTRA,3,E01002408,0,-1
2020501015235,2020,501015235,2,9,0,18,19,7,3,0,0,0,0,0,0,0,1,1,1,1,1,41,7,1496,2,0,VAUXHALL ASTRA,7,E01018934,0,-1
2020200989720,2020,200989720,4,9,0,2,2,0,0,9,9,2,0,0,0,0,4,1,6,6,2,-1,-1,1686,2,13,VAUXHALL ASTRA,-1,-1,0,-1
2020052000099,2020,052000099,2,9,0,4,4,3,7,0,0,1,0,0,0,0,4,1,2,2,1,25,5,1956,2,7,VAUXHALL ASTRA,5,E01007109,0,-1
2020400955454,2020,400955454,1,9,0,1,1,7,5,9,9,0,0,0,0,0,2,1,5,6,1,27,6,1910,2,12,VAUXHALL ASTRA,3,E01015752,0,-1
2020200976108,2020,200976108,1,9,0,18,19,4,8,0,0,8,0,0,0,0,1,1,6,6,1,22,5,1598,1,11,VAUXHALL ASTRA,1,E01009212,0,-1
2020450978343,2020,450978343,2,9,0,2,2,0,0,6,6,0,0,0,0,0,3,1,5,6,2,35,6,1598,1,13,VAUXHALL ASTRA,3,E01023091,0,-1
2020010286739,2020,010286739,2,9,0,18,19,7,3,0,0,3,0,0,0,0,1,1,6,6,1,23,5,1796,1,14,VAUXHALL ASTRA,3,E01033583,0,-1
2020200981427,2020,200981427,3,9,0,18,19,6,2,0,0,1,0,0,0,0,2,1,6,6,2,49,8,1598,1,11,VAUXHALL ASTRA,2,E01010305,0,-1
2020010235972,2020,010235972,1,9,0,9,9,5,2,0,0,8,0,0,0,0,1,1,6,6,1,30,6,1598,1,14,VAUXHALL ASTRA,1,E01024295,0,-1
2020460997782,2020,460997782,2,9,0,18,19,3,7,0,0,0,0,0,0,0,3,1,6,6,1,59,9,1364,1,14,VAUXHALL ASTRA,5,E01024525,0,-1
2020201026823,2020,201026823,1,9,0,18,19,2,6,0,0,0,0,0,1,0,2,1,2,2,1,22,5,1399,1,3,VAUXHALL ASTRA,1,E01008941,0,-1
2020461010676,2020,461010676,1,9,0,15,15,4,8,0,0,0,2,0,1,0,4,1,5,6,1,25,5,1364,1,15,VAUXHALL ASTRA,3,E01000735,0,-1
2020200992395,2020,200992395,1,9,0,14,14,2,6,0,0,8,0,0,0,0,4,1,6,6,2,45,7,1598,1,13,VAUXHALL ASTRA,3,E01010005,0,-1
2020200951997,2020,200951997,2,9,0,18,19,1,5,0,0,8,0,0,0,0,4,1,1,1,2,27,6,1598,2,1,VAUXHALL ASTRA,-1,-1,0,-1
202031A074420,2020,31A074420,1,9,0,18,19,8,4,0,0,1,0,4,0,0,4,1,2,2,2,28,6,1598,1,7,VAUXHALL ASTRA,2,E01028233,0,-1
2020470924424,2020,470924424,1,9,0,17,19,3,1,0,0,0,0,0,0,0,1,1,5,6,1,44,7,-1,-1,-1,VAUXHALL ASTRA,5,E01021101,0,-1
2020100977457,2020,100977457,1,9,0,4,4,6,2,0,0,0,0,0,0,0,2,1,6,6,1,32,6,1364,1,11,VAUXHALL ASTRA,2,E01008228,0,-1
2020010251653,2020,010251653,2,9,0,18,19,3,7,0,0,1,0,0,0,0,3,9,-1,-1,3,-1,-1,1598,1,10,VAUXHALL ASTRA,-1,-1,0,-1
2020010268578,2020,010268578,1,9,0,9,9,3,1,0,0,8,0,0,3,0,3,1,6,6,2,40,7,1598,1,8,VAUXHALL ASTRA,2,E01003542,0,-1
2020010251765,2020,010251765,2,9,0,99,99,9,9,99,99,9,9,99,9,99,0,9,6,6,3,24,5,1598,1,10,VAUXHALL ASTRA,2,E01004230,0,-1
2020137AT1100,2020,137AT1100,1,9,0,18,19,1,5,0,0,0,0,10,1,1,1,1,6,6,1,41,7,1796,1,12,VAUXHALL ASTRA,-1,-1,0,-1
2020360999911,2020,360999911,2,9,0,18,19,3,3,0,0,1,0,0,0,0,1,1,5,6,2,48,8,1598,1,11,VAUXHALL ASTRA,5,E01026738,0,-1
2020450986448,2020,450986448,1,9,0,16,19,3,6,0,0,0,1,0,0,0,1,1,5,6,1,24,5,1598,1,19,VAUXHALL ASTRA,9,E01031674,0,-1
2020990955721,2020,990955721,1,9,0,9,9,4,2,0,0,1,0,0,0,0,4,1,5,6,1,35,6,1364,1,13,VAUXHALL ASTRA,1,-1,0,-1
202031C026420,2020,31C026420,1,9,0,7,7,4,6,0,0,6,0,0,0,0,1,1,6,6,1,54,8,1598,1,15,VAUXHALL ASTRA,4,E01013889,0,-1
2020450938652,2020,450938652,1,9,0,18,19,5,1,0,0,1,0,0,0,0,1,1,1,1,2,43,7,1598,1,5,VAUXHALL ASTRA,9,E01030978,0,-1
2020361004077,2020,361004077,2,9,0,18,19,2,5,0,0,8,0,0,0,0,3,1,5,6,1,65,9,1686,2,8,VAUXHALL ASTRA,2,E01026607,0,-1
2020100969233,2020,100969233,1,9,0,9,9,1,7,0,0,0,0,0,1,2,4,1,6,6,2,48,8,1248,2,13,VAUXHALL ASTRA,5,E01008499,0,-1
2020100921921,2020,100921921,1,9,0,18,19,7,3,0,0,0,0,0,0,0,1,1,5,6,1,23,5,1956,2,9,VAUXHALL ASTRA,5,E01019225,0,-1
2020410974528,2020,410974528,1,9,0,7,7,7,3,0,0,2,1,0,3,0,1,1,5,6,1,24,5,1796,1,15,VAUXHALL ASTRA,8,E01021793,0,-1
2020440167781,2020,440167781,2,9,0,4,4,6,2,0,0,1,0,0,0,0,2,1,6,6,1,-1,-1,1910,2,13,VAUXHALL ASTRA,4,E01030615,0,-1
2020440071943,2020,440071943,1,9,0,1,1,3,7,0,0,8,0,0,0,0,2,1,3,7,2,34,6,1598,1,14,VAUXHALL ASTRA,1,E01017218,0,-1
2020410988178,2020,410988178,1,9,-1,-1,-1,7,3,-1,-1,0,-1,-1,-1,0,-1,1,2,2,1,36,7,1796,1,17,VAUXHALL ASTRA,4,E01015798,0,-1
2020330927031,2020,330927031,2,9,0,17,19,4,1,0,0,0,0,0,0,0,1,1,1,1,1,30,6,1598,2,4,VAUXHALL ASTRA,5,E01031171,0,-1
2020010270992,2020,010270992,1,9,0,17,19,3,1,0,0,1,0,0,0,0,1,1,1,1,1,51,8,999,1,3,VAUXHALL ASTRA,9,E01016611,0,-1
2020201022698,2020,201022698,1,9,0,18,19,8,4,0,0,4,0,0,0,0,2,1,6,6,1,54,8,1598,2,3,VAUXHALL ASTRA,6,E01009069,0,-1
2020450939765,2020,450939765,1,9,0,5,5,7,7,0,0,4,0,0,0,0,1,1,5,6,1,58,9,1399,1,1,VAUXHALL ASTRA,3,E01022575,0,-1
2020990932323,2020,990932323,1,9,0,17,19,6,2,0,0,1,1,0,0,0,4,1,5,6,2,22,5,1364,1,10,VAUXHALL ASTRA,1,-1,0,-1
2020440092320,2020,440092320,2,9,0,3,3,4,8,0,0,1,0,0,0,0,2,1,6,6,2,34,6,1598,1,13,VAUXHALL ASTRA,5,E01020364,0,-1
2020351030344,2020,351030344,1,9,0,5,5,3,2,0,0,0,0,0,0,0,0,1,6,6,2,49,8,1598,1,18,VAUXHALL ASTRA,3,E01017944,0,-1
2020370944168,2020,370944168,2,9,0,18,19,3,7,0,0,0,0,0,0,0,1,1,5,6,1,67,10,1598,2,5,VAUXHALL ASTRA,6,E01025925,0,-1
2020990991039,2020,990991039,1,9,0,18,19,1,5,0,0,0,0,0,0,0,4,1,2,2,1,65,9,1796,1,11,VAUXHALL ASTRA,9,-1,0,-1
2020461002091,2020,461002091,2,9,0,18,19,1,5,0,0,0,0,0,0,0,1,1,6,6,2,27,6,1796,1,13,VAUXHALL ASTRA,1,E01024389,0,-1
2020370943628,2020,370943628,1,9,0,3,3,3,1,0,0,2,0,0,0,0,1,1,5,6,2,52,8,1598,1,10,VAUXHALL ASTRA,6,E01030002,0,-1
202031C119320,2020,31C119320,2,9,0,9,9,3,1,0,0,8,0,0,0,0,4,1,6,6,1,34,6,1364,1,10,VAUXHALL ASTRA,7,E01028392,0,-1
2020010244516,2020,010244516,2,9,0,5,5,1,5,0,0,8,0,0,0,0,3,1,6,6,1,69,10,1399,1,3,VAUXHALL ASTRA,2,E01000739,0,-1
202031B102220,2020,31B102220,2,9,0,18,19,5,1,0,0,0,0,0,0,0,1,1,6,6,1,32,6,1686,2,12,VAUXHALL ASTRA,1,E01028055,0,-1
2020440412237,2020,440412237,1,9,0,18,19,8,4,0,0,8,0,0,7,0,4,1,6,6,2,34,6,1598,1,15,VAUXHALL ASTRA,5,E01017279,0,-1
2020070489464,2020,070489464,1,9,0,4,4,5,3,0,0,1,0,0,0,0,1,1,6,6,1,30,6,1598,1,13,VAUXHALL ASTRA,1,E01012422,0,-1
2020411011143,2020,411011143,1,9,0,18,19,7,3,0,0,0,0,0,0,0,1,1,5,6,1,20,4,1598,1,15,VAUXHALL ASTRA,10,E01023742,0,-1
2020302001422,2020,302001422,2,9,0,18,19,1,5,0,0,1,1,0,1,11,1,1,1,1,1,44,7,1598,1,6,VAUXHALL ASTRA,10,E01019592,0,-1
2020400958421,2020,400958421,2,9,0,18,19,6,2,0,0,0,0,0,0,0,1,1,5,6,1,36,7,-1,-1,-1,VAUXHALL ASTRA,7,E01016770,0,-1
2020010276341,2020,010276341,1,9,0,12,12,3,7,0,0,1,1,0,0,0,3,1,6,6,2,35,6,1399,1,1,VAUXHALL ASTRA,4,E01016011,0,-1
202063A028020,2020,63A028020,1,9,0,7,7,2,4,0,0,6,0,0,0,0,4,1,6,6,2,33,6,1364,1,11,VAUXHALL ASTRA,2,W01000659,0,-1
2020010276617,2020,010276617,1,9,0,18,19,1,5,0,0,1,0,0,0,0,1,1,6,6,1,27,6,1364,1,11,VAUXHALL ASTRA,5,E01004483,0,-1
2020302001188,2020,302001188,1,9,0,9,9,2,8,0,0,0,0,0,0,0,4,1,1,1,1,43,7,-1,-1,-1,VAUXHALL ASTRA,3,E01019536,0,-1
2020070556987,2020,070556987,2,9,0,18,19,7,3,0,0,8,0,0,0,0,0,1,6,6,1,23,5,1598,1,14,VAUXHALL ASTRA,1,E01012453,0,-1
2020137AR1265,2020,137AR1265,1,9,0,5,5,5,3,0,0,6,0,0,0,0,3,1,6,6,1,46,8,1399,1,5,VAUXHALL ASTRA,10,E01011535,0,-1
2020200947612,2020,200947612,2,9,0,18,19,2,6,0,0,8,0,0,0,0,4,1,6,6,2,57,9,1364,1,5,VAUXHALL ASTRA,1,E01010289,0,-1
2020010250763,2020,010250763,1,9,0,9,9,1,7,0,0,5,0,10,0,0,1,1,6,6,2,25,5,1598,1,6,VAUXHALL ASTRA,1,E01003252,0,-1
2020040961934,2020,040961934,2,9,0,16,19,1,5,0,0,1,0,0,0,0,1,1,2,2,1,55,8,1598,1,12,VAUXHALL ASTRA,8,E01024946,0,-1
202031B116120,2020,31B116120,1,9,0,4,4,1,5,0,0,0,0,0,0,0,2,1,6,6,1,24,5,1399,1,4,VAUXHALL ASTRA,-1,-1,0,-1
2020461013137,2020,461013137,2,9,0,10,10,7,3,0,0,1,0,0,0,0,2,1,5,6,2,32,6,1686,2,15,VAUXHALL ASTRA,4,E01024620,0,-1
2020110940650,2020,110940650,1,9,0,18,19,1,5,0,0,1,0,0,0,0,1,1,6,6,2,27,6,1248,2,5,VAUXHALL ASTRA,6,E01020888,0,-1
2020010267958,2020,010267958,1,9,0,4,4,6,2,9,9,0,0,0,0,0,4,1,6,6,1,21,5,1364,1,13,VAUXHALL ASTRA,2,E01005244,0,-1
2020421000445,2020,421000445,2,9,0,4,4,5,5,0,0,0,0,0,0,0,2,1,6,6,2,36,7,1598,1,8,VAUXHALL ASTRA,10,E01021558,0,-1
20201373J1578,2020,1373J1578,2,9,0,18,19,7,3,0,0,8,0,0,0,0,1,1,6,6,1,28,6,1910,2,14,VAUXHALL ASTRA,3,E01011807,0,-1
2020552001070,2020,552001070,2,9,0,2,2,0,0,0,0,1,0,0,0,0,0,1,6,6,1,50,8,1956,2,8,VAUXHALL ASTRA,2,E01020348,0,-1
2020137551165,2020,137551165,1,9,0,18,19,7,4,0,0,0,0,0,0,0,0,1,6,6,1,42,7,1686,2,15,VAUXHALL ASTRA,4,E01010984,0,-1
2020340E05192,2020,340E05192,1,9,0,17,19,7,3,0,0,1,0,0,0,0,1,1,6,6,2,81,11,1598,1,10,VAUXHALL ASTRA,9,E01027066,0,-1
2020530999009,2020,530999009,1,9,0,18,19,4,8,0,0,0,0,0,7,0,1,1,1,1,1,57,9,-1,-1,-1,VAUXHALL ASTRA,5,E01014054,0,-1
2020170S20470,2020,170S20470,1,9,0,9,9,5,3,0,0,8,0,0,0,0,3,1,6,6,2,63,9,1956,2,6,VAUXHALL ASTRA,9,E01012255,0,-1
2020100919730,2020,100919730,1,9,0,5,5,1,7,0,0,0,0,0,0,0,2,1,5,6,1,27,6,1399,1,2,VAUXHALL ASTRA,8,E01008627,0,-1
2020010256563,2020,010256563,2,9,0,7,7,5,8,0,0,1,0,0,0,0,4,1,6,6,2,40,7,1399,1,3,VAUXHALL ASTRA,3,E01006179,0,-1
2020010285505,2020,010285505,1,9,0,99,99,9,9,99,99,9,9,99,9,99,1,9,6,6,2,22,5,1598,1,10,VAUXHALL ASTRA,4,E01000995,0,-1
2020501015487,2020,501015487,2,9,0,16,19,1,5,0,0,0,0,0,0,0,0,1,1,1,1,-1,-1,1598,2,3,VAUXHALL ASTRA,4,E01015029,0,-1
2020400988497,2020,400988497,1,9,0,18,19,4,8,0,0,0,0,0,0,0,1,1,5,6,2,49,8,1796,1,15,VAUXHALL ASTRA,7,E01017446,0,-1
2020010271139,2020,010271139,2,9,0,18,19,7,3,0,0,0,0,0,0,0,1,1,6,6,2,29,6,1598,1,8,VAUXHALL ASTRA,1,E01001765,0,-1
202006E472633,2020,06E472633,2,9,0,8,8,3,5,0,0,8,0,0,0,0,4,1,6,6,2,54,8,999,1,2,VAUXHALL ASTRA,4,E01005073,0,-1
2020522004444,2020,522004444,1,9,0,1,1,5,1,0,0,8,0,0,0,0,2,1,6,6,1,35,6,1598,1,14,VAUXHALL ASTRA,5,E01015005,0,-1
2020622000217,2020,622000217,1,9,0,17,19,3,7,0,0,0,0,0,1,4,1,1,2,2,2,36,7,1598,1,15,VAUXHALL ASTRA,4,W01001121,0,-1
2020040972006,2020,040972006,1,9,0,13,13,5,1,0,0,8,0,10,1,0,3,1,6,6,1,32,6,1910,2,14,VAUXHALL ASTRA,4,E01025149,0,-1
202006F174569,2020,06F174569,1,9,0,18,19,6,2,0,0,1,0,0,0,0,1,1,6,6,1,26,6,1399,1,4,VAUXHALL ASTRA,1,E01005624,0,-1
202031B060320,2020,31B060320,1,9,0,18,19,4,8,0,0,8,0,0,0,0,1,1,6,6,1,35,6,1598,1,18,VAUXHALL ASTRA,-1,-1,0,-1
2020010246114,2020,010246114,2,9,0,18,19,5,1,0,0,1,0,0,0,0,1,1,2,2,1,20,4,1399,1,3,VAUXHALL ASTRA,3,E01001749,0,-1
2020010269144,2020,010269144,1,9,0,9,9,5,2,0,0,1,0,0,0,0,1,1,6,6,1,41,7,1598,1,7,VAUXHALL ASTRA,8,E01002178,0,-1
2020440455890,2020,440455890,1,9,0,18,19,1,3,0,0,8,1,0,1,2,1,1,2,2,1,23,5,1364,1,4,VAUXHALL ASTRA,6,E01022673,0,-1