collision_index,collision_year,collision_ref_no,vehicle_reference,vehicle_type,towing_and_articulation,vehicle_manoeuvre_historic,vehicle_manoeuvre,vehicle_direction_from,vehicle_direction_to,vehicle_location_restricted_lane_historic,vehicle_location_restricted_lane,junction_location,skidding_and_overturning,hit_object_in_carriageway,vehicle_leaving_carriageway,hit_object_off_carriageway,first_point_of_impact,vehicle_left_hand_drive,journey_purpose_of_driver_historic,journey_purpose_of_driver,sex_of_driver,age_of_driver,age_band_of_driver,engine_capacity_cc,propulsion_code,age_of_vehicle,generic_make_model,driver_imd_decile,lsoa_of_driver,escooter_flag,driver_distance_banding
2020160979453,2020,160979453,1,9,0,12,12,6,2,0,0,0,0,0,1,2,1,2,1,1,1,31,6,1398,1,9,VAUXHALL ASTRA,1,E01012850,0,-1
2020400997624,2020,400997624,2,9,0,18,19,1,5,0,0,0,0,0,0,0,1,1,6,6,1,27,6,1598,2,2,VAUXHALL ASTRA,2,E01015705,0,-1
202031D031620,2020,31D031620,2,9,0,18,19,8,4,0,0,8,0,0,0,0,1,1,6,6,1,75,10,1598,1,18,VAUXHALL ASTRA,10,E01028357,0,-1
2020430043288,2020,430043288,2,9,0,18,19,7,3,0,0,1,0,0,0,0,1,1,6,6,1,-1,-1,-1,-1,-1,VAUXHALL ASTRA,-1,-1,0,-1
2020420951489,2020,420951489,2,9,0,18,19,6,2,0,0,1,0,0,0,0,1,1,1,1,2,36,7,1598,2,3,VAUXHALL ASTRA,4,E01022037,0,-1
2020200990990,2020,200990990,3,9,0,2,2,0,0,0,0,0,0,0,0,0,3,1,6,6,1,-1,-1,1248,2,12,VAUXHALL ASTRA,-1,-1,0,-1
2020451003863,2020,451003863,1,9,0,18,19,5,1,0,0,0,0,0,0,0,1,1,5,6,1,27,6,1598,1,22,VAUXHALL ASTRA,10,E01030986,0,-1
2020470968214,2020,470968214,2,9,0,3,3,3,7,0,0,0,0,0,0,0,2,1,5,6,1,57,9,1399,1,4,VAUXHALL ASTRA,7,E01031388,0,-1
2020210997173,2020,210997173,1,9,0,18,19,5,1,0,0,0,0,0,0,0,3,1,6,6,1,25,5,1364,1,14,VAUXHALL ASTRA,2,E01009953,0,-1
2020522003359,2020,522003359,1,9,0,3,3,1,5,0,0,0,0,0,0,0,2,1,6,6,2,31,6,1796,1,12,VAUXHALL ASTRA,1,E01014582,0,-1
2020070677070,2020,070677070,1,9,0,5,5,5,1,0,0,6,0,0,0,0,4,1,6,6,2,30,6,1598,1,13,VAUXHALL ASTRA,2,E01006907,0,-1
202031C014920,2020,31C014920,2,9,0,3,3,1,5,0,0,1,0,0,0,0,2,1,2,2,1,24,5,1364,1,10,VAUXHALL ASTRA,4,E01027928,0,-1
2020010262434,2020,010262434,2,9,0,99,99,9,9,99,99,9,9,99,9,99,1,9,6,6,3,-1,-1,1796,1,14,VAUXHALL ASTRA,8,E01001208,0,-1
202006G269270,2020,06G269270,1,9,0,15,15,7,3,1,1,1,1,10,3,0,1,1,6,6,1,35,6,1686,2,6,VAUXHALL ASTRA,1,E01006000,0,-1
2020500992962,2020,500992962,2,9,0,18,19,3,7,0,0,1,0,0,0,0,1,1,6,6,1,68,10,1598,2,4,VAUXHALL ASTRA,7,E01015036,0,-1
2020200953588,2020,200953588,1,9,0,2,2,0,0,0,0,0,0,0,0,0,1,1,6,6,1,29,6,1598,1,14,VAUXHALL ASTRA,1,E01009195,0,-1
2020200963522,2020,200963522,1,9,0,9,9,7,5,0,0,6,1,0,0,0,1,1,2,2,1,20,4,1686,2,13,VAUXHALL ASTRA,1,E01009272,0,-1
2020200945239,2020,200945239,4,9,0,2,2,0,0,9,9,1,0,0,0,0,2,1,6,6,1,-1,-1,1598,1,13,VAUXHALL ASTRA,-1,-1,0,-1
2020471000492,2020,471000492,1,9,0,16,19,1,4,0,0,1,0,0,0,0,1,1,1,1,2,37,7,1598,2,2,VAUXHALL ASTRA,2,E01016949,0,-1
2020500996325,2020,500996325,1,9,0,18,19,1,5,0,0,0,0,0,0,0,1,1,5,6,1,48,8,1398,1,7,VAUXHALL ASTRA,5,E01020518,0,-1
2020100977143,2020,100977143,2,9,0,18,19,4,8,0,0,2,0,0,0,0,4,1,2,2,1,19,4,1398,1,8,VAUXHALL ASTRA,2,E01008512,0,-1
2020470917982,2020,470917982,1,9,0,18,19,8,4,0,0,0,1,0,1,4,1,1,5,6,1,67,10,1686,2,13,VAUXHALL ASTRA,10,E01031412,0,-1
2020221006094,2020,221006094,1,9,0,4,4,3,8,0,0,0,1,0,0,0,2,1,5,6,1,42,7,1686,2,15,VAUXHALL ASTRA,3,E01014010,0,-1
2020230992892,2020,230992892,1,9,0,18,19,6,2,0,0,0,2,0,1,9,1,1,2,2,1,25,5,1598,1,19,VAUXHALL ASTRA,4,E01031231,0,-1
2020471002426,2020,471002426,1,9,0,18,19,2,6,0,0,0,2,0,0,0,3,1,5,6,1,32,6,1686,2,16,VAUXHALL ASTRA,8,E01030575,0,-1
20201375V0748,2020,1375V0748,2,9,0,9,9,8,6,0,0,8,0,0,0,0,3,1,6,6,1,32,6,1598,1,15,VAUXHALL ASTRA,3,E01010776,0,-1
2020420978460,2020,420978460,1,9,0,18,19,6,2,0,0,0,0,12,0,0,1,1,1,1,1,32,6,1598,2,1,VAUXHALL ASTRA,-1,-1,0,-1
2020522100958,2020,522100958,2,9,0,8,8,1,3,0,0,8,0,0,0,0,2,1,6,6,2,28,6,1910,2,14,VAUXHALL ASTRA,2,E01014810,0,-1
2020100920822,2020,100920822,2,9,0,18,19,1,5,0,0,8,0,7,0,0,4,1,6,6,1,42,7,1956,2,6,VAUXHALL ASTRA,2,E01008755,0,-1
2020420941546,2020,420941546,2,9,0,18,19,2,6,0,0,0,0,0,0,0,2,1,6,6,1,42,7,1598,1,15,VAUXHALL ASTRA,7,E01021679,0,-1
2020500942015,2020,500942015,1,9,0,17,19,7,3,0,0,0,1,0,0,0,1,1,2,2,1,49,8,1598,1,10,VAUXHALL ASTRA,4,E01020100,0,-1
2020548379120,2020,548379120,1,9,0,18,19,7,3,0,0,0,2,0,1,0,4,1,6,6,2,31,6,1598,1,18,VAUXHALL ASTRA,6,E01031845,0,-1
202006M170454,2020,06M170454,2,9,0,18,19,7,3,0,0,8,1,10,1,2,3,1,6,6,1,56,9,1598,1,21,VAUXHALL ASTRA,2,E01006111,0,-1
2020440085477,2020,440085477,3,9,0,10,10,5,3,0,0,1,0,0,0,0,2,1,6,6,2,62,9,1956,2,9,VAUXHALL ASTRA,6,E01022940,0,-1
2020010240416,2020,010240416,1,9,0,16,19,7,3,0,0,2,0,0,0,0,4,1,4,7,1,19,4,1796,1,14,VAUXHALL ASTRA,2,E01004289,0,-1
2020010234438,2020,010234438,3,9,0,3,3,1,5,0,0,1,0,0,0,0,2,1,6,6,2,59,9,1364,1,12,VAUXHALL ASTRA,9,E01000456,0,-1
2020421007854,2020,421007854,2,9,0,3,3,5,1,0,0,0,0,0,0,0,2,1,1,1,1,39,7,1399,1,3,VAUXHALL ASTRA,2,E01000087,0,-1
2020500945215,2020,500945215,4,9,0,4,4,2,6,0,0,1,1,0,0,0,1,1,6,6,1,36,7,1598,1,11,VAUXHALL ASTRA,4,E01015071,0,-1
2020500933514,2020,500933514,1,9,0,4,4,7,3,0,0,1,0,0,0,0,2,1,6,6,1,53,8,1796,1,16,VAUXHALL ASTRA,1,E01015048,0,-1
20201375M1252,2020,1375M1252,1,9,0,5,5,6,2,0,0,0,0,0,0,0,3,1,1,1,1,32,6,1956,2,7,VAUXHALL ASTRA,3,E01011601,0,-1
2020010258320,2020,010258320,2,9,0,99,99,9,9,99,99,9,9,99,9,99,1,9,6,6,3,-1,-1,1364,1,12,VAUXHALL ASTRA,-1,-1,0,-1
20201379A0570,2020,1379A0570,1,9,0,18,19,6,2,0,0,8,0,0,0,0,3,1,6,6,1,19,4,1686,2,10,VAUXHALL ASTRA,1,E01011730,0,-1
2020070248081,2020,070248081,3,9,0,16,19,7,3,0,0,1,0,0,0,0,1,1,6,6,1,-1,-1,1598,2,3,VAUXHALL ASTRA,-1,-1,0,-1
2020010276149,2020,010276149,3,9,0,18,19,7,3,0,0,0,0,0,0,0,2,1,2,2,2,56,9,1956,2,8,VAUXHALL ASTRA,2,E01029390,0,-1
2020991008648,2020,991008648,2,9,0,7,7,8,3,0,0,0,0,0,0,0,2,1,5,6,1,27,6,1796,1,9,VAUXHALL ASTRA,3,-1,0,-1
2020010236851,2020,010236851,1,9,0,18,19,9,9,0,0,0,1,4,0,99,9,1,6,6,1,27,6,1598,1,13,VAUXHALL ASTRA,6,E01003378,0,-1
2020361013522,2020,361013522,2,9,0,18,19,7,3,0,0,0,0,0,0,0,2,1,6,6,1,63,9,1686,2,15,VAUXHALL ASTRA,10,E01026926,0,-1
2020460973392,2020,460973392,1,9,0,18,19,7,3,0,0,1,0,0,1,9,1,1,6,6,2,24,5,1364,1,14,VAUXHALL ASTRA,4,E01024702,0,-1
202006G271323,2020,06G271323,1,9,0,9,9,2,8,0,0,8,0,0,0,0,1,1,6,6,1,37,7,1598,1,16,VAUXHALL ASTRA,10,E01004807,0,-1
2020010244344,2020,010244344,1,9,0,5,5,1,5,0,0,1,0,0,0,0,4,1,6,6,2,25,5,1364,1,15,VAUXHALL ASTRA,7,E01003396,0,-1
2020461002543,2020,461002543,2,9,0,18,19,1,5,0,0,4,0,0,0,0,0,1,1,1,1,-1,-1,1598,2,1,VAUXHALL ASTRA,3,E01024608,0,-1
202031C182120,2020,31C182120,1,9,0,9,9,2,8,0,0,6,0,0,0,0,4,1,6,6,1,47,8,1598,1,14,VAUXHALL ASTRA,2,E01013945,0,-1
20201377N0459,2020,1377N0459,2,9,0,4,4,6,2,0,0,0,0,0,7,0,1,1,6,6,1,66,10,1399,1,1,VAUXHALL ASTRA,10,E01027662,0,-1
2020470938064,2020,470938064,1,9,0,9,9,8,6,0,0,8,0,0,0,0,3,1,5,6,2,77,11,1364,1,5,VAUXHALL ASTRA,9,E01021168,0,-1
2020440365480,2020,440365480,1,9,0,17,19,2,6,0,0,0,1,0,1,4,1,1,6,6,1,27,6,1598,1,12,VAUXHALL ASTRA,6,E01022657,0,-1
2020160999127,2020,160999127,1,9,0,18,19,4,8,0,0,8,0,0,0,0,4,1,6,6,1,51,8,1248,2,8,VAUXHALL ASTRA,1,E01012906,0,-1
202031C090220,2020,31C090220,2,9,0,18,19,5,1,0,0,8,0,0,0,0,1,1,1,1,1,24,5,1910,2,13,VAUXHALL ASTRA,2,E01028186,0,-1
2020500977821,2020,500977821,2,9,0,6,6,1,3,0,0,8,0,0,0,0,2,1,5,6,1,50,8,1956,2,10,VAUXHALL ASTRA,7,E01020214,0,-1
2020530969464,2020,530969464,1,9,0,6,6,5,1,0,0,0,0,0,0,0,3,1,5,6,1,27,6,1956,2,8,VAUXHALL ASTRA,3,E01022286,0,-1
2020010265036,2020,010265036,4,9,0,18,19,5,1,0,0,0,0,0,0,0,0,1,6,6,1,42,7,1341,1,0,VAUXHALL ASTRA,-1,-1,0,-1
2020500932786,2020,500932786,2,9,0,18,19,7,3,0,0,0,0,0,0,0,4,1,5,6,2,30,6,1399,1,3,VAUXHALL ASTRA,3,E01018888,0,-1
2020010281279,2020,010281279,3,9,0,7,7,7,1,0,0,5,0,0,0,0,1,1,6,6,1,18,4,1364,1,14,VAUXHALL ASTRA,2,E01001008,0,-1
2020440435638,2020,440435638,1,9,0,16,19,6,2,0,0,8,0,0,0,0,1,1,6,6,1,23,5,1598,1,16,VAUXHALL ASTRA,5,E01022616,0,-1
2020360979966,2020,360979966,2,9,0,4,4,2,6,0,0,0,0,0,0,0,2,1,5,6,2,33,6,1364,1,15,VAUXHALL ASTRA,3,E01027009,0,-1
2020990973369,2020,990973369,4,9,0,18,19,4,8,0,0,0,0,0,0,0,1,1,6,6,1,72,10,1399,1,4,VAUXHALL ASTRA,8,E01005782,0,-1
2020450993480,2020,450993480,2,9,0,9,9,2,6,0,0,4,0,0,0,0,3,1,1,1,1,21,5,1598,2,1,VAUXHALL ASTRA,10,E01023112,0,-1
2020450927254,2020,450927254,1,9,0,18,19,5,1,0,0,0,0,0,1,9,1,1,2,2,2,38,7,1598,1,12,VAUXHALL ASTRA,9,E01031590,0,-1
2020370999815,2020,370999815,1,9,0,18,19,5,1,0,0,0,0,0,0,0,1,1,2,2,1,24,5,1910,2,11,VAUXHALL ASTRA,6,E01030053,0,-1
2020350968877,2020,350968877,1,9,0,18,19,3,7,0,0,0,0,0,0,0,1,1,6,6,2,25,5,1598,2,1,VAUXHALL ASTRA,-1,-1,0,-1
2020122000418,2020,122000418,1,9,0,18,19,1,4,0,0,1,0,0,0,0,3,1,2,2,1,48,8,1598,1,14,VAUXHALL ASTRA,6,E01027849,0,-1
2020990936415,2020,990936415,2,9,0,18,19,1,5,0,0,1,0,0,0,0,1,1,5,6,1,48,8,1598,2,6,VAUXHALL ASTRA,2,-1,0,-1
2020340W06682,2020,340W06682,1,9,0,18,19,7,3,0,0,0,0,0,0,0,1,1,3,7,2,40,7,1598,2,1,VAUXHALL ASTRA,2,E01027341,0,-1
2020230942388,2020,230942388,1,9,0,4,4,6,2,0,0,1,0,0,0,0,1,1,6,6,1,34,6,1995,2,18,VAUXHALL ASTRA,-1,-1,0,-1
2020010260704,2020,010260704,1,9,0,14,14,5,1,0,0,1,5,4,0,0,1,1,6,6,1,56,9,1598,1,10,VAUXHALL ASTRA,-1,-1,0,-1
2020340N08282,2020,340N08282,2,9,0,18,19,7,3,0,0,0,0,0,0,0,1,1,2,2,2,20,4,1598,1,11,VAUXHALL ASTRA,2,E01027155,0,-1
2020010233164,2020,010233164,2,9,0,99,99,9,9,99,99,9,9,99,9,99,9,9,6,6,2,32,6,1364,1,12,VAUXHALL ASTRA,3,E01000481,0,-1
2020400921565,2020,400921565,3,9,0,9,9,5,1,0,0,0,0,0,0,0,2,1,6,6,1,43,7,1598,1,2,VAUXHALL ASTRA,2,E01015781,0,-1
2020070632898,2020,070632898,2,9,0,18,19,7,3,0,0,0,0,0,0,0,1,1,6,6,2,29,6,999,1,4,VAUXHALL ASTRA,2,E01012431,0,-1
2020522002136,2020,522002136,2,9,0,18,19,7,3,0,0,0,0,0,0,0,1,1,6,6,1,27,6,1686,2,18,VAUXHALL ASTRA,5,E01014439,0,-1
2020010284705,2020,010284705,2,9,0,9,9,5,4,0,0,1,0,0,0,0,0,1,6,6,1,27,6,1341,1,0,VAUXHALL ASTRA,5,E01033573,0,-1
202063C027520,2020,63C027520,2,9,0,17,19,1,6,0,0,0,2,0,2,4,1,1,6,6,2,55,8,1598,2,4,VAUXHALL ASTRA,6,W01000558,0,-1
2020221004911,2020,221004911,1,9,0,17,19,5,2,0,0,0,1,6,0,0,1,1,5,6,1,26,6,1796,1,15,VAUXHALL ASTRA,5,E01032309,0,-1
2020410955021,2020,410955021,3,9,0,18,19,2,2,0,0,1,0,0,0,0,1,1,5,6,1,-1,-1,1398,1,7,VAUXHALL ASTRA,7,E01023923,0,-1
2020530999155,2020,530999155,2,9,0,18,19,1,5,0,0,0,0,0,0,0,2,1,1,1,2,31,6,1598,1,5,VAUXHALL ASTRA,8,E01022446,0,-1
2020010244886,2020,010244886,1,9,9,99,99,9,9,99,99,0,9,99,9,99,9,9,6,6,1,47,8,1686,2,12,VAUXHALL ASTRA,2,E01000990,0,-1
2020470984512,2020,470984512,2,9,0,18,19,8,4,0,0,1,0,7,4,10,1,1,5,6,1,62,9,1248,2,12,VAUXHALL ASTRA,2,E01031790,0,-1
202006L266987,2020,06L266987,2,9,0,18,19,2,6,0,0,0,1,0,0,0,1,1,6,6,2,25,5,1598,2,5,VAUXHALL ASTRA,5,E01006840,0,-1
2020010237842,2020,010237842,1,9,0,18,19,5,1,0,0,3,0,0,0,0,1,2,2,2,1,55,8,1399,1,3,VAUXHALL ASTRA,9,E01028666,0,-1
2020040937700,2020,040937700,1,9,0,18,19,3,7,0,0,0,0,0,0,0,1,1,5,6,2,27,6,1398,1,7,VAUXHALL ASTRA,6,E01032929,0,-1
2020420956578,2020,420956578,1,9,0,18,19,3,7,0,0,0,1,0,0,0,1,1,2,2,1,63,9,1686,2,8,VAUXHALL ASTRA,3,E01021859,0,-1
2020430148275,2020,430148275,2,9,0,9,9,3,1,0,0,1,0,0,0,0,3,1,2,2,1,54,8,1598,1,10,VAUXHALL ASTRA,2,E01028569,0,-1
2020010249874,2020,010249874,2,9,0,16,19,5,1,0,0,0,0,0,0,0,1,1,6,6,2,53,8,1399,1,4,VAUXHALL ASTRA,2,E01033702,0,-1
2020100930004,2020,100930004,1,9,0,5,5,6,4,0,0,2,0,0,0,0,3,1,6,6,1,31,6,1998,1,12,VAUXHALL ASTRA,2,E01008221,0,-1
2020010243260,2020,010243260,1,9,0,6,6,3,3,0,0,8,0,10,1,11,1,1,6,6,1,38,7,1686,2,11,VAUXHALL ASTRA,5,E01002556,0,-1
2020010270844,2020,010270844,1,9,0,3,3,1,5,0,0,8,0,0,0,0,1,9,6,6,2,42,7,1598,1,13,VAUXHALL ASTRA,3,E01002559,0,-1
2020460960549,2020,460960549,1,9,0,4,4,1,5,0,0,0,1,0,0,0,1,1,5,6,1,-1,-1,-1,-1,-1,VAUXHALL ASTRA,6,E01016178,0,-1
2020010272739,2020,010272739,1,9,0,3,3,8,4,0,0,1,0,0,0,0,2,1,6,6,1,34,6,1796,1,13,VAUXHALL ASTRA,3,E01002048,0,-1
2020010242734,2020,010242734,2,9,0,99,99,9,9,99,99,1,9,99,9,99,2,9,6,6,3,-1,-1,1398,1,7,VAUXHALL ASTRA,-1,-1,0,-1
2020220976067,2020,220976067,2,9,0,9,9,2,7,0,0,5,0,0,0,0,4,1,5,6,2,61,9,1686,2,16,VAUXHALL ASTRA,8,E01028861,0,-1
2020450954177,2020,450954177,2,9,0,18,19,7,3,0,0,0,0,0,0,0,1,1,5,6,2,43,7,1598,7,9,VAUXHALL ASTRA,4,E01000728,0,-1
2020520004939,2020,520004939,1,9,0,9,9,1,7,0,0,8,0,0,0,0,1,1,6,6,1,46,8,1686,2,7,VAUXHALL ASTRA,1,E01029292,0,-1
2020010242136,2020,010242136,3,9,0,3,3,8,4,0,0,1,0,0,0,0,2,1,6,6,1,28,6,1796,1,12,VAUXHALL ASTRA,2,E01001575,0,-1
2020010279316,2020,010279316,1,9,0,18,19,1,5,0,0,4,0,7,3,1,1,1,6,6,1,28,6,1598,1,9,VAUXHALL ASTRA,9,E01002516,0,-1
2020010260342,2020,010260342,4,9,0,4,4,2,6,0,0,2,0,4,0,0,1,1,6,6,3,-1,-1,1956,2,10,VAUXHALL ASTRA,-1,-1,0,-1
2020522100161,2020,522100161,2,9,0,3,3,3,7,0,0,8,0,0,0,0,2,1,6,6,1,31,6,1956,2,8,VAUXHALL ASTRA,4,E01014946,0,-1
202006K168147,2020,06K168147,2,9,0,18,19,8,4,0,0,1,1,0,0,0,1,1,6,6,3,-1,-1,1598,1,14,VAUXHALL ASTRA,-1,-1,0,-1
2020460949896,2020,460949896,2,9,0,18,19,1,5,0,0,0,0,0,0,0,0,1,1,1,1,44,7,1598,2,1,VAUXHALL ASTRA,6,E01032798,0,-1
2020100988794,2020,100988794,1,9,0,11,11,4,4,0,0,0,0,0,0,0,0,1,1,1,1,29,6,1598,2,6,VAUXHALL ASTRA,-1,-1,0,-1
2020990933441,2020,990933441,2,9,0,18,19,3,7,0,0,0,0,0,0,0,2,1,6,6,2,44,7,1398,1,7,VAUXHALL ASTRA,10,-1,0,-1
2020460951103,2020,460951103,1,9,0,18,19,7,3,0,0,0,0,0,0,0,1,1,5,6,1,-1,-1,1686,2,15,VAUXHALL ASTRA,1,E01024563,0,-1
2020460965152,2020,460965152,1,9,0,18,19,5,4,0,0,1,0,0,0,0,1,1,5,6,1,47,8,1364,1,9,VAUXHALL ASTRA,4,E01024382,0,-1
2020320673953,2020,320673953,1,9,0,18,19,7,4,0,0,1,0,0,1,1,1,1,6,6,2,53,8,1598,1,14,VAUXHALL ASTRA,1,E01026312,0,-1
2020370984884,2020,370984884,1,9,0,4,4,5,1,0,0,0,0,0,0,0,1,1,2,2,2,23,5,1248,2,14,VAUXHALL ASTRA,7,E01030060,0,-1
2020460926750,2020,460926750,2,9,0,13,13,7,3,0,0,0,0,4,7,0,4,1,1,1,1,30,6,1598,2,3,VAUXHALL ASTRA,5,E01024281,0,-1
2020200948303,2020,200948303,2,9,0,18,19,2,7,0,0,8,1,0,0,0,3,1,3,7,2,28,6,1598,1,13,VAUXHALL ASTRA,2,E01010531,0,-1
2020302000483,2020,302000483,2,9,0,4,4,5,1,0,0,4,0,0,0,0,2,1,6,6,2,28,6,1248,2,14,VAUXHALL ASTRA,5,E01019658,0,-1
2020360991257,2020,360991257,1,9,0,18,19,3,7,0,0,0,0,0,0,0,1,1,6,6,3,-1,-1,1598,1,12,VAUXHALL ASTRA,-1,-1,0,-1
2020010272158,2020,010272158,1,9,0,9,9,8,6,0,0,2,0,0,0,0,1,1,1,1,1,30,6,1399,1,4,VAUXHALL ASTRA,1,E01001155,0,-1
20201374B2570,2020,1374B2570,2,9,0,17,19,8,4,0,0,0,1,0,0,0,3,1,6,6,1,19,4,1364,1,11,VAUXHALL ASTRA,2,E01011760,0,-1
2020350986585,2020,350986585,1,9,0,9,9,1,7,0,0,6,0,0,0,0,3,1,1,1,2,57,9,1686,2,8,VAUXHALL ASTRA,4,E01018086,0,-1
2020010245513,2020,010245513,2,9,0,1,1,3,7,0,0,0,9,0,0,99,2,9,6,6,1,-1,-1,1364,1,10,VAUXHALL ASTRA,4,E01000932,0,-1
2020010235329,2020,010235329,3,9,0,4,4,7,3,0,0,0,0,0,0,0,2,1,6,6,1,72,10,1598,1,5,VAUXHALL ASTRA,10,E01003364,0,-1
202031A110220,2020,31A110220,1,9,0,17,19,4,1,0,0,1,2,0,1,4,1,1,6,6,1,38,7,1598,1,10,VAUXHALL ASTRA,2,E01013905,0,-1
2020140918238,2020,140918238,1,9,0,16,19,4,8,0,0,0,1,10,1,11,3,1,6,6,1,55,8,2198,1,18,VAUXHALL ASTRA,1,E01008119,0,-1
2020371018811,2020,371018811,1,9,0,18,19,8,5,0,0,0,0,0,0,0,1,1,5,6,1,20,4,1598,1,11,VAUXHALL ASTRA,5,E01030030,0,-1
2020070237882,2020,070237882,3,9,0,18,19,7,3,0,0,1,0,0,0,0,1,1,6,6,2,50,8,1598,1,16,VAUXHALL ASTRA,1,E01018550,0,-1
2020990926867,2020,990926867,1,9,0,18,19,3,7,0,0,1,0,0,0,0,4,1,5,6,1,71,10,1598,1,10,VAUXHALL ASTRA,5,-1,0,-1
2020010239284,2020,010239284,1,9,0,18,19,1,5,0,0,1,0,0,0,0,0,1,6,6,1,55,8,1598,1,15,VAUXHALL ASTRA,3,E01000622,0,-1
202006P373372,2020,06P373372,1,9,0,1,1,3,7,0,0,1,0,0,0,0,2,1,6,6,3,-1,-1,1598,1,13,VAUXHALL ASTRA,-1,-1,0,-1
2020201008225,2020,201008225,1,9,0,18,19,2,6,0,0,6,0,0,0,0,1,1,2,2,1,34,6,1598,1,4,VAUXHALL ASTRA,5,E01009283,0,-1
2020200952629,2020,200952629,1,9,0,18,19,8,4,0,0,8,1,10,0,0,4,1,6,6,1,37,7,1248,2,8,VAUXHALL ASTRA,-1,-1,0,-1
2020010239828,2020,010239828,2,9,0,99,99,9,9,99,99,4,9,99,9,99,1,9,6,6,3,-1,-1,1910,2,13,VAUXHALL ASTRA,7,E01001058,0,-1
2020430365681,2020,430365681,1,9,0,18,19,7,3,0,0,1,0,0,0,0,1,1,6,6,1,22,5,1598,1,13,VAUXHALL ASTRA,1,E01026626,0,-1
2020140940593,2020,140940593,1,9,-1,-1,-1,-1,-1,-1,-1,0,-1,-1,-1,0,-1,1,6,6,3,-1,-1,1364,1,13,VAUXHALL ASTRA,-1,-1,0,-1
2020622000776,2020,622000776,2,9,0,18,19,4,8,0,0,0,0,0,0,0,1,1,6,6,2,53,8,1598,1,12,VAUXHALL ASTRA,2,W01000756,0,-1
2020421006921,2020,421006921,1,9,0,2,2,0,0,0,0,0,1,0,0,0,2,1,1,1,1,54,8,1598,2,4,VAUXHALL ASTRA,5,E01015832,0,-1
2020140960052,2020,140960052,1,9,0,18,19,5,1,0,0,8,0,0,4,1,1,1,5,6,1,28,6,1248,2,5,VAUXHALL ASTRA,1,E01007906,0,-1
2020451011437,2020,451011437,2,9,0,18,19,1,5,0,0,4,0,0,0,0,1,1,6,6,2,27,6,1598,1,10,VAUXHALL ASTRA,6,E01030818,0,-1
2020010253532,2020,010253532,2,9,0,18,19,1,5,0,0,8,0,0,0,0,1,1,6,6,1,28,6,1598,1,10,VAUXHALL ASTRA,3,E01000062,0,-1
2020430303627,2020,430303627,1,9,0,9,9,5,3,0,0,6,0,0,0,0,3,1,6,6,1,21,5,1398,1,9,VAUXHALL ASTRA,2,E01028577,0,-1
2020201002153,2020,201002153,2,9,0,4,4,2,6,0,0,1,0,0,0,0,2,1,6,6,2,-1,-1,1686,2,16,VAUXHALL ASTRA,1,E01010462,0,-1
2020200969954,2020,200969954,2,9,0,18,19,6,2,0,0,1,0,10,1,10,3,1,6,6,1,20,4,1598,1,10,VAUXHALL ASTRA,1,E01010374,0,-1
2020010264397,2020,010264397,1,9,0,16,19,3,7,9,9,8,0,7,1,2,1,1,6,6,1,18,4,1796,1,14,VAUXHALL ASTRA,3,E01001637,0,-1
2020052001883,2020,052001883,1,9,0,5,5,4,8,0,0,0,0,0,0,0,1,1,6,6,2,41,7,1598,1,7,VAUXHALL ASTRA,2,E01006826,0,-1
2020460937095,2020,460937095,1,9,0,18,19,7,3,0,0,1,0,0,0,0,3,1,6,6,2,30,6,1598,1,12,VAUXHALL ASTRA,8,E01024828,0,-1
202006N273249,2020,06N273249,2,9,0,3,3,8,4,0,0,1,0,0,0,0,1,1,6,6,2,28,6,1598,1,14,VAUXHALL ASTRA,6,E01005054,0,-1
2020460944919,2020,460944919,1,9,0,18,19,4,8,0,0,0,0,0,0,0,3,1,5,6,2,36,7,1598,1,9,VAUXHALL ASTRA,6,E01016056,0,-1
2020991012280,2020,991012280,1,9,0,18,19,3,7,0,0,0,0,0,0,0,1,1,6,6,3,21,5,1598,1,10,VAUXHALL ASTRA,-1,-1,0,-1
2020010229928,2020,010229928,2,9,0,9,9,1,6,0,0,6,0,0,0,0,1,1,6,6,1,22,5,1598,2,3,VAUXHALL ASTRA,10,E01004180,0,-1
2020010282750,2020,010282750,1,9,0,18,19,5,1,0,0,1,0,0,0,0,1,1,6,6,1,23,5,1598,1,13,VAUXHALL ASTRA,1,E01002093,0,-1
2020320434274,2020,320434274,1,9,0,18,19,1,5,0,0,8,0,0,0,0,1,1,6,6,1,88,11,1598,1,18,VAUXHALL ASTRA,7,E01026218,0,-1
2020137330377,2020,137330377,1,9,0,5,5,5,1,0,0,0,0,0,0,0,1,1,6,6,3,-1,-1,1598,1,13,VAUXHALL ASTRA,-1,-1,0,-1
2020010269211,2020,010269211,2,9,0,99,99,9,9,99,99,0,9,99,9,99,1,9,6,6,2,31,6,1398,1,10,VAUXHALL ASTRA,8,E01000451,0,-1
2020220967513,2020,220967513,2,9,0,4,4,6,4,0,0,0,0,0,0,0,4,1,5,6,2,30,6,1364,1,10,VAUXHALL ASTRA,1,E01032232,0,-1
2020010253281,2020,010253281,1,9,0,5,5,0,5,99,99,9,0,0,0,0,2,9,6,6,2,68,10,1399,1,4,VAUXHALL ASTRA,7,E01000704,0,-1
2020010240506,2020,010240506,1,9,0,7,7,5,7,0,0,2,0,0,0,0,1,1,6,6,1,21,5,1398,1,6,VAUXHALL ASTRA,2,E01004269,0,-1
2020040979129,2020,040979129,1,9,0,18,19,5,1,0,0,2,0,0,0,0,4,1,5,6,2,56,9,1364,1,14,VAUXHALL ASTRA,2,E01025173,0,-1