collision_index,collision_year,collision_ref_no,vehicle_reference,vehicle_type,towing_and_articulation,vehicle_manoeuvre_historic,vehicle_manoeuvre,vehicle_direction_from,vehicle_direction_to,vehicle_location_restricted_lane_historic,vehicle_location_restricted_lane,junction_location,skidding_and_overturning,hit_object_in_carriageway,vehicle_leaving_carriageway,hit_object_off_carriageway,first_point_of_impact,vehicle_left_hand_drive,journey_purpose_of_driver_historic,journey_purpose_of_driver,sex_of_driver,age_of_driver,age_band_of_driver,engine_capacity_cc,propulsion_code,age_of_vehicle,generic_make_model,driver_imd_decile,lsoa_of_driver,escooter_flag,driver_distance_banding
20201377K1736,2020,1377K1736,2,9,0,18,19,2,6,0,0,0,0,0,0,0,1,1,1,1,2,31,6,1598,1,15,VAUXHALL ASTRA,8,E01011553,0,-1
2020552000967,2020,552000967,2,9,0,2,2,0,0,0,0,0,0,0,0,0,3,1,6,6,2,30,6,1598,1,11,VAUXHALL ASTRA,7,E01015428,0,-1
2020010282097,2020,010282097,1,9,0,7,7,7,1,0,0,8,0,0,0,0,4,1,6,6,1,51,8,1598,2,5,VAUXHALL ASTRA,3,E01002284,0,-1
2020411010933,2020,411010933,1,9,0,18,19,2,6,0,0,0,0,0,0,0,4,1,5,6,1,66,10,1399,1,1,VAUXHALL ASTRA,7,E01023683,0,-1
2020070585896,2020,070585896,2,9,0,18,19,1,5,0,0,1,0,0,0,0,4,1,6,6,1,31,6,1686,2,13,VAUXHALL ASTRA,4,E01012504,0,-1
2020140995501,2020,140995501,1,9,0,2,2,4,4,0,0,0,0,0,0,0,4,1,6,6,2,40,7,1598,1,14,VAUXHALL ASTRA,1,E01008075,0,-1
2020052001102,2020,052001102,2,9,0,18,19,3,7,0,0,0,0,0,0,0,3,1,6,6,1,65,9,1364,1,12,VAUXHALL ASTRA,1,E01007293,0,-1
2020530952856,2020,530952856,1,9,0,18,19,2,6,0,0,1,0,0,0,0,3,1,5,6,1,58,9,1598,1,19,VAUXHALL ASTRA,6,E01022414,0,-1
2020460922826,2020,460922826,2,9,0,3,3,7,3,0,0,1,0,0,0,0,2,1,6,6,1,30,6,1598,2,6,VAUXHALL ASTRA,1,E01024649,0,-1
2020040934773,2020,040934773,2,9,0,18,19,1,5,0,0,0,0,0,7,0,1,1,5,6,1,72,10,1399,1,2,VAUXHALL ASTRA,6,E01025351,0,-1
2020201000971,2020,201000971,1,9,0,18,19,8,4,0,0,0,0,0,0,0,4,1,2,2,2,41,7,1364,1,12,VAUXHALL ASTRA,4,E01009864,0,-1
202063C070620,2020,63C070620,1,9,0,17,19,8,5,0,0,0,0,0,0,0,1,1,6,6,1,59,9,1686,2,15,VAUXHALL ASTRA,6,W01000598,0,-1
2020320343387,2020,320343387,1,9,0,16,19,7,2,0,0,5,5,10,7,1,1,1,6,6,1,47,8,1910,2,13,VAUXHALL ASTRA,5,E01026232,0,-1
2020350946819,2020,350946819,1,19,0,6,6,7,3,0,0,6,0,0,7,0,3,1,1,1,1,29,6,1998,2,17,VAUXHALL ASTRA,4,E01026659,0,-1
2020010265884,2020,010265884,2,9,0,4,4,1,5,0,0,6,1,0,0,0,2,1,6,6,1,19,4,1398,1,9,VAUXHALL ASTRA,1,E01001729,0,-1
2020200991504,2020,200991504,1,9,0,9,9,8,6,0,0,1,0,0,0,0,2,1,2,2,1,38,7,1686,2,9,VAUXHALL ASTRA,3,E01013272,0,-1
2020420991659,2020,420991659,1,9,0,17,19,4,4,0,0,0,0,0,1,9,4,1,5,6,1,34,6,1956,2,7,VAUXHALL ASTRA,3,E01022055,0,-1
2020010241204,2020,010241204,1,9,0,99,99,9,9,0,0,8,0,0,0,0,2,1,6,6,1,20,4,1364,1,11,VAUXHALL ASTRA,2,E01001332,0,-1
202031C133220,2020,31C133220,2,9,0,3,3,1,5,0,0,1,0,0,0,0,2,1,1,1,1,75,10,1598,1,17,VAUXHALL ASTRA,-1,-1,0,-1
2020211023669,2020,211023669,3,9,0,18,19,5,1,0,0,1,0,0,0,0,2,1,6,6,2,18,4,1364,1,5,VAUXHALL ASTRA,1,E01029358,0,-1
20201371V1031,2020,1371V1031,1,9,0,5,5,1,5,0,0,0,0,0,0,0,3,1,6,6,1,84,11,1598,1,18,VAUXHALL ASTRA,6,E01010699,0,-1
2020140961948,2020,140961948,1,9,0,16,19,6,2,0,0,0,0,0,0,0,1,1,5,6,1,26,6,1598,2,4,VAUXHALL ASTRA,7,E01007684,0,-1
2020010244785,2020,010244785,3,9,0,18,19,3,7,0,0,1,0,0,0,0,0,1,6,6,1,52,8,1399,1,1,VAUXHALL ASTRA,-1,-1,0,-1
2020302000972,2020,302000972,2,9,0,18,19,2,7,0,0,0,0,0,0,0,3,1,6,6,2,56,9,1686,2,18,VAUXHALL ASTRA,2,E01013521,0,-1
2020122001253,2020,122001253,3,9,0,2,2,0,0,0,0,0,0,0,0,0,1,1,6,6,1,23,5,-1,-1,-1,VAUXHALL ASTRA,8,E01027566,0,-1
2020622000373,2020,622000373,3,9,0,2,2,0,0,0,0,0,0,0,0,0,3,1,6,6,3,-1,-1,1248,2,13,VAUXHALL ASTRA,-1,-1,0,-1
2020201013343,2020,201013343,2,9,0,2,2,0,0,9,9,0,0,4,0,0,1,1,6,6,1,-1,-1,1398,1,10,VAUXHALL ASTRA,-1,-1,0,-1
2020052001365,2020,052001365,1,9,0,5,5,4,8,0,0,8,0,0,0,0,1,1,6,6,1,74,10,1598,1,7,VAUXHALL ASTRA,10,E01006583,0,-1
2020450950552,2020,450950552,1,9,0,18,19,3,7,0,0,0,0,0,2,7,1,1,6,6,1,38,7,1686,2,11,VAUXHALL ASTRA,8,E01001031,0,-1
20201379T1289,2020,1379T1289,3,9,0,18,19,3,7,0,0,8,0,0,0,0,3,1,6,6,2,25,5,1598,1,15,VAUXHALL ASTRA,1,E01010608,0,-1
2020522004620,2020,522004620,1,9,0,18,19,7,4,0,0,0,0,4,0,0,1,1,6,6,2,20,4,1364,1,14,VAUXHALL ASTRA,4,E01014676,0,-1
2020010248611,2020,010248611,1,9,0,7,7,3,6,9,9,2,1,7,6,2,1,2,2,2,1,43,7,1796,1,15,VAUXHALL ASTRA,2,E01008301,0,-1
2020351003440,2020,351003440,1,9,0,18,19,5,1,0,0,8,0,0,0,0,1,1,6,6,1,21,5,1686,2,12,VAUXHALL ASTRA,2,E01018071,0,-1
202006Q278357,2020,06Q278357,1,9,0,5,5,5,1,0,0,1,0,0,0,0,1,1,6,6,1,40,7,1910,2,13,VAUXHALL ASTRA,2,E01005477,0,-1
2020010275315,2020,010275315,1,9,0,18,19,3,7,0,0,7,0,0,0,0,1,1,6,6,1,41,7,1910,2,13,VAUXHALL ASTRA,2,E01000007,0,-1
2020302000872,2020,302000872,1,9,0,18,19,8,4,0,0,0,0,0,0,0,1,1,6,6,1,27,6,-1,-1,-1,VAUXHALL ASTRA,4,E01013501,0,-1
2020010279275,2020,010279275,1,9,0,18,19,3,7,0,0,0,0,0,0,0,3,1,6,6,1,27,6,1341,1,0,VAUXHALL ASTRA,5,E01033573,0,-1
2020522000658,2020,522000658,2,9,0,18,19,4,8,0,0,0,0,0,0,0,1,1,6,6,3,-1,-1,1598,1,15,VAUXHALL ASTRA,-1,-1,0,-1
2020450995068,2020,450995068,1,9,0,3,3,3,7,0,0,8,0,0,0,0,2,1,5,6,2,70,10,1598,1,5,VAUXHALL ASTRA,10,E01030778,0,-1
2020141010619,2020,141010619,5,9,0,18,19,8,4,0,0,0,0,0,0,0,1,1,6,6,1,26,6,1998,1,17,VAUXHALL ASTRA,4,E01007699,0,-1
2020547888920,2020,547888920,1,9,0,16,19,7,3,0,0,1,0,0,0,0,1,1,6,6,2,33,6,1796,1,12,VAUXHALL ASTRA,-1,-1,0,-1
2020010257033,2020,010257033,1,9,0,16,19,7,3,0,0,8,0,0,0,0,1,1,6,6,1,21,5,1598,1,8,VAUXHALL ASTRA,2,E01001651,0,-1
2020010257270,2020,010257270,3,9,0,4,4,7,3,0,0,1,0,0,0,0,1,1,6,6,1,30,6,1796,1,12,VAUXHALL ASTRA,-1,-1,0,-1
2020010238927,2020,010238927,1,9,0,99,99,9,9,0,0,9,9,99,9,99,9,9,2,2,2,27,6,1364,1,14,VAUXHALL ASTRA,5,E01001542,0,-1
202031A095820,2020,31A095820,2,9,0,18,19,1,5,0,0,0,0,0,0,0,1,1,6,6,1,28,6,1598,1,13,VAUXHALL ASTRA,9,E01028222,0,-1
2020302000070,2020,302000070,1,9,0,9,9,1,8,0,0,5,0,0,0,0,1,1,6,6,2,65,9,1796,1,13,VAUXHALL ASTRA,6,E01019629,0,-1
2020100919751,2020,100919751,2,9,0,18,19,3,7,0,0,0,0,0,0,0,1,1,5,6,1,28,6,1364,1,15,VAUXHALL ASTRA,8,E01008287,0,-1
2020137330521,2020,137330521,1,9,0,9,9,5,3,0,0,0,0,0,0,0,1,1,1,1,1,-1,-1,-1,-1,-1,VAUXHALL ASTRA,2,E01007328,0,-1
2020010255078,2020,010255078,1,9,0,18,19,7,3,0,0,0,0,0,0,0,1,2,6,6,1,67,10,1598,1,5,VAUXHALL ASTRA,8,E01017653,0,-1
2020220971799,2020,220971799,1,9,0,18,19,2,5,0,0,1,0,0,0,0,1,1,2,2,2,31,6,1598,2,4,VAUXHALL ASTRA,6,W01000500,0,-1
2020010240337,2020,010240337,2,9,0,99,99,9,9,0,0,8,9,0,0,99,1,9,6,6,2,-1,-1,1598,1,7,VAUXHALL ASTRA,4,E01001928,0,-1
2020522002159,2020,522002159,1,9,0,18,19,1,5,0,0,8,0,0,1,1,1,1,6,6,1,30,6,1796,1,10,VAUXHALL ASTRA,7,E01014972,0,-1
2020201017686,2020,201017686,1,9,0,6,6,4,4,0,0,8,0,0,0,0,1,1,6,6,3,-1,-1,1910,2,13,VAUXHALL ASTRA,-1,-1,0,-1
2020030939575,2020,030939575,3,9,0,18,19,8,8,0,0,0,0,0,0,0,1,1,2,2,2,27,6,1686,2,7,VAUXHALL ASTRA,6,E01019178,0,-1
2020137340894,2020,137340894,1,9,0,18,19,5,1,0,0,0,0,0,0,0,1,1,6,6,3,-1,-1,1598,1,15,VAUXHALL ASTRA,-1,-1,0,-1
2020070038341,2020,070038341,1,9,0,18,19,5,1,0,0,0,1,0,0,0,2,1,6,6,1,51,8,1598,2,6,VAUXHALL ASTRA,5,E01029595,0,-1
2020040938283,2020,040938283,1,9,0,9,9,1,3,0,0,2,0,0,0,0,1,1,5,6,1,84,11,1598,1,11,VAUXHALL ASTRA,3,E01012587,0,-1
2020400968724,2020,400968724,2,9,0,18,19,3,7,0,0,0,0,0,0,0,1,1,6,6,2,57,9,1399,1,3,VAUXHALL ASTRA,10,E01018245,0,-1
2020500942539,2020,500942539,1,9,0,18,19,8,4,0,0,6,0,0,0,0,1,1,6,6,1,43,7,1399,1,3,VAUXHALL ASTRA,1,E01015256,0,-1
2020541749720,2020,541749720,1,9,0,18,19,8,8,0,0,0,0,0,0,0,1,1,6,6,1,60,9,1362,1,8,VAUXHALL ASTRA,10,E01031921,0,-1
2020200954503,2020,200954503,1,9,0,18,19,6,2,0,0,0,0,10,7,4,1,1,6,6,2,32,6,1364,1,13,VAUXHALL ASTRA,1,E01010037,0,-1
202006Q175337,2020,06Q175337,2,9,0,5,5,1,5,0,0,8,0,0,0,0,1,1,6,6,2,30,6,1364,1,14,VAUXHALL ASTRA,1,E01005463,0,-1
2020430163876,2020,430163876,1,9,0,18,19,6,2,0,0,0,0,0,0,0,1,1,6,6,1,44,7,-1,-1,-1,VAUXHALL ASTRA,9,E01016576,0,-1
2020122001322,2020,122001322,2,9,0,2,2,0,0,0,0,0,0,0,0,0,1,1,6,6,3,-1,-1,-1,-1,-1,VAUXHALL ASTRA,-1,-1,0,-1
202006L272529,2020,06L272529,3,9,0,3,3,7,3,0,0,1,0,0,0,0,0,1,6,6,2,27,6,1598,1,9,VAUXHALL ASTRA,2,E01006244,0,-1
2020010244902,2020,010244902,1,9,0,18,19,8,4,0,0,2,0,0,0,0,3,1,1,1,1,38,7,1399,1,1,VAUXHALL ASTRA,3,E01003567,0,-1
2020522003717,2020,522003717,1,9,0,18,19,1,5,0,0,1,0,0,0,0,1,1,6,6,1,30,6,1399,1,2,VAUXHALL ASTRA,1,E01014582,0,-1
2020470980114,2020,470980114,2,9,0,16,19,3,6,0,0,0,0,0,0,0,1,1,5,6,1,63,9,1598,1,18,VAUXHALL ASTRA,1,E01021019,0,-1
2020010272065,2020,010272065,1,9,0,4,4,1,5,0,0,0,0,0,0,0,2,1,3,7,2,45,7,1598,2,2,VAUXHALL ASTRA,3,E01000499,0,-1
2020320069795,2020,320069795,2,9,0,18,19,6,2,0,0,2,0,0,0,0,2,1,2,2,2,43,7,1364,1,5,VAUXHALL ASTRA,6,E01026244,0,-1
2020010244901,2020,010244901,3,9,0,2,2,0,0,0,0,8,0,0,7,0,4,1,6,6,3,-1,-1,1796,1,13,VAUXHALL ASTRA,-1,-1,0,-1
2020200971161,2020,200971161,2,9,0,18,19,4,8,0,0,0,0,0,0,0,0,1,6,6,3,-1,-1,1598,1,15,VAUXHALL ASTRA,-1,-1,0,-1
2020010253909,2020,010253909,2,9,0,18,19,5,1,0,0,6,2,10,3,4,1,1,6,6,3,20,4,1598,1,12,VAUXHALL ASTRA,-1,-1,0,-1
2020460995782,2020,460995782,1,9,0,9,9,5,3,0,0,8,0,0,0,0,4,1,6,6,3,-1,-1,1598,1,18,VAUXHALL ASTRA,-1,-1,0,-1
2020460975556,2020,460975556,1,9,0,9,9,5,3,0,0,6,0,0,0,0,1,1,6,6,3,-1,-1,1364,1,12,VAUXHALL ASTRA,-1,-1,0,-1
2020460942474,2020,460942474,1,9,0,18,19,1,5,0,0,1,0,0,0,0,1,1,6,6,1,27,6,1598,2,3,VAUXHALL ASTRA,4,E01024162,0,-1
2020410951448,2020,410951448,1,9,0,7,7,4,6,0,0,4,0,0,0,0,4,1,5,6,1,31,6,1686,2,6,VAUXHALL ASTRA,8,E01023712,0,-1
2020302000406,2020,302000406,2,9,0,18,19,2,6,0,0,0,0,0,0,0,1,1,6,6,2,48,8,1364,1,11,VAUXHALL ASTRA,3,E01028127,0,-1
2020010266182,2020,010266182,2,9,0,99,99,9,9,99,99,0,9,99,9,99,1,9,6,6,3,34,6,1796,1,13,VAUXHALL ASTRA,4,E01003353,0,-1
2020461011217,2020,461011217,1,9,0,6,6,7,5,0,0,0,0,0,0,0,3,1,1,1,1,39,7,1496,2,0,VAUXHALL ASTRA,3,E01024508,0,-1
2020430418097,2020,430418097,2,9,0,18,19,6,2,0,0,0,0,0,0,0,3,1,2,2,1,56,9,1910,2,12,VAUXHALL ASTRA,10,E01028637,0,-1
2020010284927,2020,010284927,1,9,0,18,19,7,3,0,0,8,0,0,0,0,1,1,2,2,2,45,7,1598,1,13,VAUXHALL ASTRA,-1,-1,0,-1
2020070565589,2020,070565589,2,9,0,3,3,6,2,0,0,0,0,0,0,0,2,1,6,6,2,29,6,1598,1,9,VAUXHALL ASTRA,2,E01012433,0,-1
2020200956151,2020,200956151,2,9,0,2,2,0,0,0,0,0,0,0,0,0,2,1,6,6,1,-1,-1,1796,1,13,VAUXHALL ASTRA,2,E01010049,0,-1
2020010246500,2020,010246500,2,9,0,99,99,9,9,99,99,9,9,99,9,99,1,9,6,6,3,58,9,1598,1,10,VAUXHALL ASTRA,4,E01003282,0,-1
2020371015518,2020,371015518,3,9,0,10,10,5,3,0,0,1,0,0,0,0,2,1,5,6,2,32,6,1598,1,15,VAUXHALL ASTRA,6,E01029983,0,-1
2020010962021,2020,010962021,3,9,0,8,8,7,3,0,0,3,0,0,0,0,1,1,5,6,1,62,9,1956,2,7,VAUXHALL ASTRA,3,E01015825,0,-1
2020160990392,2020,160990392,1,9,0,18,19,7,3,0,0,0,0,4,0,0,1,1,5,6,1,38,7,1796,1,14,VAUXHALL ASTRA,9,E01013304,0,-1
2020360955044,2020,360955044,3,9,0,4,4,-1,-1,0,0,0,0,0,0,0,1,1,5,6,1,30,6,1598,1,21,VAUXHALL ASTRA,10,E01026838,0,-1
2020010234474,2020,010234474,2,9,0,99,99,9,9,99,99,9,9,99,9,99,9,9,6,6,3,-1,-1,1364,1,13,VAUXHALL ASTRA,-1,-1,0,-1
2020990974632,2020,990974632,1,9,0,9,9,2,8,0,0,2,0,0,0,0,1,1,1,1,1,50,8,1248,2,6,VAUXHALL ASTRA,10,-1,0,-1
2020421010110,2020,421010110,1,9,0,18,19,7,3,9,9,0,1,0,7,11,1,1,6,6,1,30,6,1364,1,10,VAUXHALL ASTRA,-1,-1,0,-1
2020340N02772,2020,340N02772,2,9,0,9,9,5,3,0,0,8,0,0,0,0,0,1,6,6,1,28,6,1910,2,14,VAUXHALL ASTRA,10,E01027287,0,-1
2020990945575,2020,990945575,1,9,0,16,19,8,4,0,0,0,5,0,1,0,4,1,5,6,1,37,7,-1,-1,-1,VAUXHALL ASTRA,4,-1,0,-1
2020440057843,2020,440057843,2,9,0,4,4,7,3,0,0,8,0,0,0,0,2,1,6,6,1,49,8,1686,2,18,VAUXHALL ASTRA,3,E01017020,0,-1
2020450949034,2020,450949034,1,9,0,18,19,5,1,0,0,0,5,0,1,11,1,1,2,2,1,22,5,1598,1,15,VAUXHALL ASTRA,1,E01001155,0,-1
2020010261265,2020,010261265,1,9,0,9,9,7,5,0,0,2,0,0,0,0,1,1,6,6,1,47,8,1399,1,4,VAUXHALL ASTRA,6,E01000414,0,-1
2020470958635,2020,470958635,1,9,0,6,6,5,5,0,0,0,0,0,0,0,3,1,1,1,1,40,7,1598,2,5,VAUXHALL ASTRA,6,E01021113,0,-1
2020170L10280,2020,170L10280,1,9,0,18,19,7,3,0,0,0,0,0,1,4,1,1,6,6,2,31,6,1398,1,7,VAUXHALL ASTRA,1,E01008736,0,-1
2020010261101,2020,010261101,1,9,0,4,4,3,7,0,0,0,0,0,0,0,2,1,6,6,1,21,5,1362,1,8,VAUXHALL ASTRA,1,E01009571,0,-1
2020200980506,2020,200980506,1,9,0,18,19,2,6,0,0,0,0,0,0,0,1,1,1,1,1,50,8,1956,2,9,VAUXHALL ASTRA,2,E01010277,0,-1
2020010274337,2020,010274337,1,9,0,18,19,3,7,0,0,2,0,0,0,0,1,1,6,6,1,41,7,1956,2,7,VAUXHALL ASTRA,3,E01000373,0,-1
202006Q279118,2020,06Q279118,1,9,0,9,9,5,3,0,0,8,0,0,0,0,1,1,6,6,3,-1,-1,1399,1,2,VAUXHALL ASTRA,-1,-1,0,-1
2020411008915,2020,411008915,1,9,0,17,19,1,5,9,9,0,5,10,7,11,4,1,5,6,1,23,5,1364,1,13,VAUXHALL ASTRA,8,E01016549,0,-1
2020522003529,2020,522003529,1,9,0,18,19,1,5,0,0,3,0,0,0,0,4,1,6,6,1,25,5,1598,2,5,VAUXHALL ASTRA,6,E01032519,0,-1
2020320056705,2020,320056705,2,9,0,18,19,5,1,0,0,0,0,0,0,0,2,1,6,6,1,76,11,1598,1,12,VAUXHALL ASTRA,5,E01026298,0,-1
2020470977805,2020,470977805,2,9,0,18,19,5,1,0,0,0,0,0,0,0,1,1,2,2,1,34,6,1598,1,13,VAUXHALL ASTRA,6,E01016943,0,-1
2020370980050,2020,370980050,2,9,0,18,19,5,1,0,0,8,0,0,0,0,4,1,5,6,1,67,10,1598,2,3,VAUXHALL ASTRA,5,E01029946,0,-1
2020546310220,2020,546310220,2,9,0,8,8,1,5,0,0,1,0,0,0,0,0,1,6,6,2,28,6,1598,2,3,VAUXHALL ASTRA,7,E01031976,0,-1
2020010240048,2020,010240048,1,9,0,99,99,9,9,99,99,0,9,99,9,99,2,9,6,6,1,28,6,999,1,3,VAUXHALL ASTRA,2,E01001433,0,-1
2020010247867,2020,010247867,3,9,0,18,19,5,1,0,0,8,0,0,0,0,0,1,1,1,2,42,7,1399,1,1,VAUXHALL ASTRA,1,E01003047,0,-1
202006F168176,2020,06F168176,2,9,0,18,19,4,8,0,0,8,0,0,0,0,3,1,6,6,2,38,7,1598,1,14,VAUXHALL ASTRA,1,E01005706,0,-1
2020420955302,2020,420955302,1,9,0,18,19,7,3,0,0,0,0,4,0,0,1,1,6,6,1,33,6,1686,2,15,VAUXHALL ASTRA,5,E01015993,0,-1
2020140922693,2020,140922693,2,9,0,4,4,3,7,0,0,8,0,0,0,0,1,1,5,6,1,24,5,1598,2,4,VAUXHALL ASTRA,4,E01007445,0,-1
2020460927398,2020,460927398,2,9,0,13,13,3,7,0,0,0,0,0,0,0,4,1,6,6,1,34,6,1598,2,2,VAUXHALL ASTRA,3,E01024608,0,-1
2020340E08202,2020,340E08202,1,9,0,18,19,7,3,0,0,0,0,0,1,3,0,1,6,6,1,31,6,1796,1,13,VAUXHALL ASTRA,6,E01027326,0,-1
2020010239329,2020,010239329,2,9,9,99,99,9,9,99,99,9,9,99,9,99,9,9,-1,-1,3,-1,-1,1598,1,8,VAUXHALL ASTRA,-1,-1,0,-1
2020530938543,2020,530938543,1,9,0,18,19,7,3,0,0,1,1,0,0,0,1,1,6,6,1,43,7,1389,1,18,VAUXHALL ASTRA,2,E01014064,0,-1
2020200956151,2020,200956151,1,9,0,18,19,4,8,0,0,0,0,4,0,0,1,1,6,6,1,-1,-1,1796,1,13,VAUXHALL ASTRA,-1,-1,0,-1
2020010253169,2020,010253169,1,9,0,18,19,1,5,0,0,2,0,0,0,0,2,1,6,6,1,56,9,1598,1,12,VAUXHALL ASTRA,2,E01004041,0,-1
2020110966369,2020,110966369,1,9,0,7,7,1,8,0,0,2,0,0,0,0,1,1,6,6,2,30,6,999,1,4,VAUXHALL ASTRA,-1,-1,0,-1
2020400945896,2020,400945896,3,9,0,18,19,5,1,0,0,0,0,0,0,0,3,1,2,2,2,41,7,1998,1,7,VAUXHALL ASTRA,7,E01017437,0,-1
2020400932942,2020,400932942,1,9,0,9,9,7,1,0,0,6,0,0,0,0,3,1,6,6,1,79,11,1910,2,12,VAUXHALL ASTRA,10,E01017371,0,-1
2020220948346,2020,220948346,2,9,0,18,19,1,5,0,0,8,0,0,0,0,1,1,1,1,1,28,6,1598,2,1,VAUXHALL ASTRA,-1,-1,0,-1
2020100933958,2020,100933958,2,8,0,4,4,7,3,0,0,1,0,0,0,0,1,1,1,1,1,51,8,1686,2,7,VAUXHALL ASTRA,6,E01008750,0,-1
2020201001350,2020,201001350,2,9,0,18,19,4,8,0,0,8,0,0,0,0,1,1,6,6,1,60,9,1598,1,18,VAUXHALL ASTRA,3,E01009140,0,-1
2020470958274,2020,470958274,2,9,0,18,19,6,2,0,0,8,0,0,0,0,3,1,6,6,2,31,6,1364,1,11,VAUXHALL ASTRA,4,E01020924,0,-1
2020010284936,2020,010284936,1,9,0,5,5,5,1,0,0,2,0,0,0,0,1,1,6,6,1,50,8,1364,1,15,VAUXHALL ASTRA,5,E01000632,0,-1
202031D128820,2020,31D128820,1,9,0,9,9,6,4,0,0,5,0,0,0,0,1,1,2,2,1,25,5,1956,2,9,VAUXHALL ASTRA,1,E01013940,0,-1
20201373Q0473,2020,1373Q0473,2,9,0,18,19,1,5,0,0,8,0,0,0,0,1,1,6,6,3,-1,-1,1389,1,15,VAUXHALL ASTRA,-1,-1,0,-1
2020420929584,2020,420929584,1,9,0,18,19,3,3,0,0,0,0,0,0,0,1,1,6,6,1,19,4,1598,1,9,VAUXHALL ASTRA,3,E01016012,0,-1
2020460960489,2020,460960489,1,9,0,9,9,1,7,0,0,6,0,0,0,0,4,1,6,6,1,30,6,1796,1,13,VAUXHALL ASTRA,5,E01024701,0,-1
2020340S03892,2020,340S03892,1,9,0,18,19,5,1,9,9,0,0,0,7,0,0,1,6,6,1,29,6,1910,2,15,VAUXHALL ASTRA,5,E01027302,0,-1
2020500942264,2020,500942264,1,9,0,18,19,5,1,0,0,0,0,0,0,0,2,1,1,1,2,38,7,1399,1,4,VAUXHALL ASTRA,9,E01015197,0,-1
2020010232134,2020,010232134,2,9,0,9,9,3,1,0,0,6,0,0,0,0,0,1,1,1,1,29,6,1399,1,1,VAUXHALL ASTRA,1,E01003047,0,-1
2020991006859,2020,991006859,2,9,0,9,9,1,7,0,0,8,0,0,0,0,1,1,5,6,1,54,8,1598,2,1,VAUXHALL ASTRA,8,-1,0,-1
2020400944611,2020,400944611,1,9,0,18,19,3,7,0,0,8,0,0,7,0,1,1,1,1,2,25,5,1598,2,1,VAUXHALL ASTRA,-1,-1,0,-1
2020440483438,2020,440483438,2,9,0,7,7,5,7,0,0,5,0,0,0,0,1,1,6,6,1,55,8,-1,-1,-1,VAUXHALL ASTRA,2,E01017115,0,-1
2020420972788,2020,420972788,1,9,0,17,19,7,3,0,0,0,1,0,0,0,1,1,5,6,2,26,6,1598,2,3,VAUXHALL ASTRA,5,E01033030,0,-1
2020430092846,2020,430092846,2,9,0,18,19,5,1,0,0,1,0,0,0,0,4,1,6,6,1,21,5,1598,1,10,VAUXHALL ASTRA,9,E01028534,0,-1
2020122100098,2020,122100098,1,9,0,18,19,5,1,0,0,4,0,2,0,0,1,1,2,2,1,23,5,1364,1,5,VAUXHALL ASTRA,4,E01011986,0,-1
2020552100216,2020,552100216,1,9,0,17,19,2,8,0,0,0,5,4,0,0,1,1,6,6,2,29,6,1598,1,15,VAUXHALL ASTRA,2,E01015338,0,-1
2020230942872,2020,230942872,1,9,0,13,13,3,8,0,0,0,0,0,0,0,1,1,5,6,1,23,5,1998,1,11,VAUXHALL ASTRA,5,E01031168,0,-1
2020122100160,2020,122100160,1,9,0,2,2,0,0,0,0,0,0,0,0,0,1,1,6,6,2,-1,-1,1399,1,2,VAUXHALL ASTRA,3,E01011482,0,-1
2020010283245,2020,010283245,1,9,0,16,19,5,1,0,0,2,0,0,0,0,3,1,2,2,1,34,6,1364,1,10,VAUXHALL ASTRA,3,E01003496,0,-1
202031B129720,2020,31B129720,1,19,0,18,19,6,2,0,0,8,0,0,0,0,3,1,2,2,1,40,7,1686,2,10,VAUXHALL ASTRA,5,E01028114,0,-1
2020010228312,2020,010228312,4,9,0,5,5,6,2,0,0,1,0,0,0,0,0,1,1,1,1,33,6,1399,1,1,VAUXHALL ASTRA,4,E01033589,0,-1
2020010235174,2020,010235174,1,9,9,18,19,5,1,0,0,0,0,0,0,0,1,9,6,6,2,33,6,1796,1,15,VAUXHALL ASTRA,2,E01000992,0,-1
2020160983411,2020,160983411,1,9,0,18,19,1,5,0,0,0,0,0,0,0,2,1,5,6,2,29,6,1399,1,3,VAUXHALL ASTRA,6,E01007598,0,-1
2020160927463,2020,160927463,1,9,0,18,19,5,1,0,0,1,0,0,0,0,2,1,6,6,1,42,7,1364,1,13,VAUXHALL ASTRA,3,E01013231,0,-1
2020400922947,2020,400922947,1,9,0,17,19,1,8,0,0,1,0,0,0,0,1,1,5,6,1,21,5,1364,1,12,VAUXHALL ASTRA,1,E01015732,0,-1
2020070706261,2020,070706261,2,9,0,18,19,5,1,0,0,2,0,0,0,0,1,1,2,2,2,30,6,1598,1,9,VAUXHALL ASTRA,9,E01018737,0,-1
2020010272334,2020,010272334,1,9,0,18,19,3,7,0,0,4,0,0,0,0,1,1,6,6,1,20,4,1796,1,11,VAUXHALL ASTRA,2,E01001181,0,-1
2020201018765,2020,201018765,2,9,0,18,19,6,2,0,0,0,0,0,0,0,0,1,6,6,2,25,5,1598,1,2,VAUXHALL ASTRA,6,E01009319,0,-1
2020552000649,2020,552000649,2,9,0,18,19,4,8,0,0,1,0,0,0,0,1,1,1,1,2,55,8,1598,1,7,VAUXHALL ASTRA,8,E01015407,0,-1
2020220953237,2020,220953237,1,9,0,13,13,4,8,0,0,8,0,0,0,0,1,1,6,6,1,34,6,1910,2,13,VAUXHALL ASTRA,-1,-1,0,-1
2020052000398,2020,052000398,2,9,0,18,19,5,1,0,0,1,0,0,0,0,1,1,6,6,1,54,8,1910,2,15,VAUXHALL ASTRA,1,E01032903,0,-1