collision_index,collision_year,collision_ref_no,vehicle_reference,vehicle_type,towing_and_articulation,vehicle_manoeuvre_historic,vehicle_manoeuvre,vehicle_direction_from,vehicle_direction_to,vehicle_location_restricted_lane_historic,vehicle_location_restricted_lane,junction_location,skidding_and_overturning,hit_object_in_carriageway,vehicle_leaving_carriageway,hit_object_off_carriageway,first_point_of_impact,vehicle_left_hand_drive,journey_purpose_of_driver_historic,journey_purpose_of_driver,sex_of_driver,age_of_driver,age_band_of_driver,engine_capacity_cc,propulsion_code,age_of_vehicle,generic_make_model,driver_imd_decile,lsoa_of_driver,escooter_flag,driver_distance_banding
2020450979462,2020,450979462,2,9,0,18,19,5,1,0,0,0,0,0,0,0,3,1,1,1,2,36,7,1598,2,3,VAUXHALL ASTRA,7,E01030451,0,-1
2020531002817,2020,531002817,1,9,0,18,19,5,1,0,0,0,0,0,0,0,1,1,5,6,1,90,11,1598,1,5,VAUXHALL ASTRA,9,E01022443,0,-1
2020990953627,2020,990953627,2,9,0,18,19,7,4,0,0,4,0,0,0,0,1,1,5,6,1,29,6,1364,1,5,VAUXHALL ASTRA,4,-1,0,-1
2020010254323,2020,010254323,2,8,0,99,99,9,9,99,99,9,9,99,9,99,1,9,6,6,3,55,8,1598,1,5,VAUXHALL ASTRA,3,E01000977,0,-1
2020030924137,2020,030924137,1,9,0,18,19,7,3,0,0,0,0,0,0,0,1,1,6,6,2,38,7,1686,2,15,VAUXHALL ASTRA,1,E01019095,0,-1
2020552000426,2020,552000426,1,9,0,16,19,4,7,0,0,0,1,0,0,0,1,1,2,2,1,27,6,1598,1,21,VAUXHALL ASTRA,6,E01020516,0,-1
2020100938063,2020,100938063,2,9,0,18,19,1,5,0,0,8,0,0,7,0,4,1,5,6,1,61,9,1364,1,14,VAUXHALL ASTRA,3,E01008708,0,-1
2020990968455,2020,990968455,1,9,0,9,9,4,8,0,0,5,0,0,0,0,1,1,5,6,2,54,8,1389,1,15,VAUXHALL ASTRA,8,-1,0,-1
2020040986570,2020,040986570,1,19,0,18,19,1,1,0,0,1,0,0,0,0,1,1,6,6,3,-1,-1,1686,2,17,VAUXHALL ASTRA,-1,-1,0,-1
20201372C1002,2020,1372C1002,1,9,0,17,19,1,5,0,0,0,0,0,0,0,1,1,6,6,1,40,7,1598,2,5,VAUXHALL ASTRA,-1,-1,0,-1
2020302000538,2020,302000538,1,9,0,18,19,3,7,0,0,0,0,4,0,0,3,1,6,6,1,28,6,1598,1,6,VAUXHALL ASTRA,6,E01019748,0,-1
2020201009614,2020,201009614,1,9,0,7,7,6,6,0,0,6,0,0,0,0,1,1,1,1,1,29,6,1364,1,5,VAUXHALL ASTRA,3,E01010458,0,-1
2020990933925,2020,990933925,1,9,0,5,5,2,6,0,0,1,1,4,0,0,1,1,5,6,2,26,6,1598,1,9,VAUXHALL ASTRA,1,-1,0,-1
2020040944695,2020,040944695,2,9,0,18,19,1,5,0,0,1,0,0,0,0,1,1,5,6,1,45,7,1686,2,10,VAUXHALL ASTRA,2,E01012580,0,-1
2020010285300,2020,010285300,2,9,0,18,19,1,5,0,0,8,0,0,0,0,1,1,6,6,1,20,4,1598,1,10,VAUXHALL ASTRA,5,E01002449,0,-1
2020350961583,2020,350961583,1,9,0,18,19,1,5,0,0,6,1,0,0,0,1,1,6,6,1,28,6,1364,1,11,VAUXHALL ASTRA,5,E01015670,0,-1
2020200945402,2020,200945402,7,9,0,18,19,4,8,0,0,0,0,0,0,0,0,1,1,1,1,-1,-1,1598,2,1,VAUXHALL ASTRA,-1,-1,0,-1
2020010280347,2020,010280347,1,9,0,99,99,9,9,99,99,9,9,99,9,99,1,9,6,6,1,45,7,1598,1,6,VAUXHALL ASTRA,1,E01001364,0,-1
2020200976988,2020,200976988,2,9,0,18,19,2,6,0,0,1,0,0,0,0,1,1,6,6,2,27,6,1598,1,8,VAUXHALL ASTRA,3,E01009112,0,-1
2020040927338,2020,040927338,1,9,0,7,7,7,3,0,0,0,0,0,0,0,3,1,1,1,1,66,10,1398,1,10,VAUXHALL ASTRA,1,E01024940,0,-1
2020430165957,2020,430165957,1,9,0,13,13,8,4,0,0,0,2,0,0,0,1,1,6,6,1,30,6,1910,2,14,VAUXHALL ASTRA,6,E01029494,0,-1
2020052000156,2020,052000156,2,9,0,3,3,8,4,0,0,2,0,0,0,0,2,1,6,6,1,61,9,1399,1,2,VAUXHALL ASTRA,6,E01007213,0,-1
2020200928478,2020,200928478,1,9,0,9,9,7,6,0,0,5,0,0,0,0,3,1,6,6,1,27,6,1910,2,14,VAUXHALL ASTRA,-1,-1,0,-1
2020371004605,2020,371004605,1,9,0,9,9,5,2,9,9,8,0,0,0,0,1,1,1,1,2,19,4,1796,1,13,VAUXHALL ASTRA,7,E01030235,0,-1
2020440030969,2020,440030969,1,9,0,9,9,4,2,0,0,8,0,0,0,0,1,1,6,6,1,49,8,1910,2,12,VAUXHALL ASTRA,8,E01022631,0,-1
2020010238020,2020,010238020,1,9,0,18,19,9,9,0,0,0,9,0,0,99,3,9,6,6,1,21,5,1398,1,7,VAUXHALL ASTRA,2,E01000509,0,-1
2020010263489,2020,010263489,2,9,9,99,99,9,9,0,0,1,0,99,0,0,9,9,6,6,1,40,7,1598,1,10,VAUXHALL ASTRA,4,E01004065,0,-1
2020160957114,2020,160957114,3,9,0,18,19,1,5,0,0,0,0,0,0,0,2,1,5,6,1,43,7,1796,1,13,VAUXHALL ASTRA,7,E01013295,0,-1
2020160984271,2020,160984271,1,9,0,18,19,7,1,0,0,0,0,0,0,0,1,1,6,6,1,-1,-1,1796,1,13,VAUXHALL ASTRA,-1,-1,0,-1
2020350987463,2020,350987463,2,9,0,16,19,2,5,0,0,8,0,0,0,0,0,1,6,6,1,58,9,1598,1,14,VAUXHALL ASTRA,7,E01018064,0,-1
2020460955555,2020,460955555,2,9,0,18,19,5,1,0,0,1,0,0,0,0,3,1,5,6,1,57,9,2198,1,15,VAUXHALL ASTRA,4,E01024587,0,-1
2020010286232,2020,010286232,2,9,0,99,99,9,9,99,99,9,9,99,9,99,1,9,6,6,1,25,5,1598,1,13,VAUXHALL ASTRA,4,E01032769,0,-1
2020141005609,2020,141005609,2,9,0,5,5,5,3,0,0,0,0,0,0,0,1,1,1,1,2,24,5,1248,2,7,VAUXHALL ASTRA,7,E01008033,0,-1
20201371B1375,2020,1371B1375,2,9,0,18,19,3,7,0,0,0,0,0,0,0,3,1,6,6,2,33,6,1686,2,11,VAUXHALL ASTRA,2,E01011558,0,-1
2020370990518,2020,370990518,1,9,0,9,9,5,3,0,0,8,0,0,0,0,2,1,5,6,2,21,5,1796,1,13,VAUXHALL ASTRA,4,E01033127,0,-1
2020410978127,2020,410978127,2,9,0,4,4,8,4,0,0,0,0,0,0,0,4,1,5,6,1,38,7,1496,2,0,VAUXHALL ASTRA,8,E01023478,0,-1
2020140926834,2020,140926834,2,9,0,9,9,4,2,0,0,6,0,0,0,0,4,1,5,6,2,38,7,1398,1,9,VAUXHALL ASTRA,1,E01008008,0,-1
2020530999557,2020,530999557,1,9,0,9,9,3,1,0,0,0,0,0,0,0,3,1,5,6,1,55,8,1598,1,10,VAUXHALL ASTRA,1,E01022323,0,-1
2020040977882,2020,040977882,1,9,0,5,5,5,1,0,0,0,0,0,0,0,1,1,2,2,2,30,6,1399,1,2,VAUXHALL ASTRA,5,E01012729,0,-1
2020990937301,2020,990937301,1,9,0,18,19,3,7,0,0,6,1,0,1,0,3,1,5,6,1,36,7,1796,1,11,VAUXHALL ASTRA,8,E01023627,0,-1
2020401014500,2020,401014500,2,9,0,18,19,7,3,0,0,0,0,0,0,0,1,1,6,6,2,55,8,1598,1,12,VAUXHALL ASTRA,9,E01015806,0,-1
2020520002155,2020,520002155,2,9,0,18,19,8,4,0,0,8,0,0,0,0,1,1,6,6,1,84,11,1399,1,4,VAUXHALL ASTRA,7,E01020550,0,-1
2020522004755,2020,522004755,3,9,0,3,3,1,5,0,0,8,0,0,0,0,0,1,1,1,1,35,6,1399,1,2,VAUXHALL ASTRA,-1,-1,0,-1
2020990937554,2020,990937554,1,9,0,16,19,6,2,0,0,0,2,0,1,11,4,1,6,6,1,30,6,1364,1,13,VAUXHALL ASTRA,5,-1,0,-1
2020230987495,2020,230987495,2,9,0,9,9,3,1,0,0,1,0,0,0,0,1,1,1,1,1,38,7,1598,2,3,VAUXHALL ASTRA,5,E01031171,0,-1
20201374O0839,2020,1374O0839,2,9,0,18,19,3,7,0,0,1,0,0,0,0,1,1,6,6,1,59,9,1248,2,12,VAUXHALL ASTRA,1,E01011735,0,-1
2020520001111,2020,520001111,2,9,0,3,3,6,2,0,0,1,0,0,0,0,1,1,6,6,1,50,8,1598,1,15,VAUXHALL ASTRA,3,E01029062,0,-1
2020010278671,2020,010278671,1,9,0,10,10,1,7,0,0,8,0,0,0,0,1,1,1,1,2,45,7,1598,2,4,VAUXHALL ASTRA,7,E01004609,0,-1
2020320565531,2020,320565531,2,9,0,18,19,7,3,0,0,0,0,0,0,0,1,1,6,6,1,36,7,1399,1,4,VAUXHALL ASTRA,7,E01026029,0,-1
2020350936546,2020,350936546,2,9,0,11,11,3,7,0,0,0,0,0,0,0,1,1,2,2,1,32,6,-1,-1,-1,VAUXHALL ASTRA,3,E01017609,0,-1
2020500974003,2020,500974003,1,9,0,17,19,1,6,0,0,8,2,0,1,3,4,1,5,6,1,60,9,1598,1,13,VAUXHALL ASTRA,-1,-1,0,-1
2020200960710,2020,200960710,2,9,0,4,4,5,1,0,0,0,0,0,0,0,2,1,5,6,1,79,11,1598,1,17,VAUXHALL ASTRA,5,E01016460,0,-1
2020040957097,2020,040957097,1,9,0,9,9,1,5,0,0,6,0,0,0,0,1,1,5,6,1,20,4,1686,2,16,VAUXHALL ASTRA,-1,-1,0,-1
2020990926883,2020,990926883,1,9,0,17,19,5,4,0,0,1,0,0,0,0,1,1,6,6,2,61,9,1598,1,10,VAUXHALL ASTRA,2,-1,0,-1
2020460942001,2020,460942001,2,9,0,2,2,0,0,0,0,0,0,0,0,0,3,1,5,6,1,-1,-1,1398,1,5,VAUXHALL ASTRA,-1,-1,0,-1
2020010231950,2020,010231950,1,9,0,99,99,9,9,99,99,9,9,99,9,99,1,9,2,2,2,32,6,1598,1,8,VAUXHALL ASTRA,4,E01001142,0,-1
2020302001184,2020,302001184,1,9,0,18,19,7,3,0,0,1,0,0,0,0,1,1,6,6,2,35,6,1598,2,3,VAUXHALL ASTRA,4,E01013534,0,-1
2020100974666,2020,100974666,1,9,0,16,19,1,5,0,0,1,2,0,0,0,1,1,6,6,1,22,5,1796,1,9,VAUXHALL ASTRA,5,E01020782,0,-1
2020302001029,2020,302001029,2,9,0,15,15,5,1,0,0,0,0,0,0,0,4,1,6,6,2,37,7,1598,1,14,VAUXHALL ASTRA,4,E01019824,0,-1
2020370974964,2020,370974964,1,9,0,18,19,5,1,0,0,0,5,0,8,1,1,1,5,6,2,68,10,1598,1,21,VAUXHALL ASTRA,6,E01029906,0,-1
2020450966853,2020,450966853,1,9,0,2,2,3,7,0,0,0,0,0,0,0,2,1,5,6,1,69,10,1956,2,5,VAUXHALL ASTRA,10,E01030899,0,-1
2020010241757,2020,010241757,2,9,0,18,19,6,2,0,0,0,0,0,0,0,1,1,6,6,1,30,6,1956,2,7,VAUXHALL ASTRA,-1,-1,0,-1
2020010284027,2020,010284027,2,9,0,7,7,5,7,0,0,8,0,0,0,0,1,1,2,2,1,41,7,1686,2,7,VAUXHALL ASTRA,1,E01003045,0,-1
2020070739548,2020,070739548,1,9,0,18,19,2,6,0,0,0,0,0,0,0,1,1,6,6,2,31,6,1364,1,7,VAUXHALL ASTRA,10,E01018503,0,-1
2020140943460,2020,140943460,1,9,0,18,19,5,1,0,0,0,0,0,0,0,1,1,5,6,1,42,7,1598,1,2,VAUXHALL ASTRA,2,E01007740,0,-1
2020320133465,2020,320133465,1,9,0,18,19,8,6,0,0,0,0,0,0,0,1,1,3,7,2,42,7,1598,1,17,VAUXHALL ASTRA,3,E01026059,0,-1
2020170L30250,2020,170L30250,1,9,0,18,19,8,4,0,0,0,0,0,0,0,1,1,6,6,2,37,7,1248,2,12,VAUXHALL ASTRA,2,E01012101,0,-1
2020991000944,2020,991000944,1,9,0,18,19,7,3,0,0,1,0,0,0,0,1,1,6,6,1,16,4,1686,2,19,VAUXHALL ASTRA,3,-1,0,-1
20201376Q0755,2020,1376Q0755,3,9,0,18,19,7,3,0,0,1,0,7,0,0,4,1,2,2,2,32,6,1598,1,8,VAUXHALL ASTRA,9,E01027898,0,-1
2020010243291,2020,010243291,2,9,0,9,9,8,6,0,0,1,0,0,0,0,1,1,6,6,1,52,8,-1,-1,-1,VAUXHALL ASTRA,4,E01003376,0,-1
2020010246384,2020,010246384,2,9,0,18,19,3,7,0,0,2,0,0,0,0,0,1,1,1,1,37,7,1399,1,1,VAUXHALL ASTRA,-1,-1,0,-1
2020010268035,2020,010268035,2,9,0,18,19,1,5,0,0,2,0,0,0,0,1,1,1,1,1,29,6,1399,1,1,VAUXHALL ASTRA,4,E01004142,0,-1
2020010235457,2020,010235457,1,9,0,18,19,3,7,0,0,1,0,0,0,0,1,1,6,6,1,24,5,1598,1,14,VAUXHALL ASTRA,3,E01023294,0,-1
2020400997112,2020,400997112,1,9,0,3,3,7,3,0,0,0,0,0,0,0,1,1,6,6,3,54,8,1598,2,5,VAUXHALL ASTRA,3,E01015713,0,-1
2020542182420,2020,542182420,2,9,0,18,19,1,5,0,0,0,0,0,0,0,2,1,6,6,2,50,8,1598,1,19,VAUXHALL ASTRA,8,E01015588,0,-1
2020530970682,2020,530970682,1,9,0,7,7,2,4,0,0,8,0,0,0,0,3,1,6,6,1,39,7,1598,1,5,VAUXHALL ASTRA,-1,-1,0,-1
2020200935022,2020,200935022,1,9,0,18,19,-1,-1,0,0,0,0,0,0,0,1,1,6,6,1,51,8,1598,1,11,VAUXHALL ASTRA,4,E01009089,0,-1
2020200997315,2020,200997315,1,9,0,18,19,2,6,0,0,0,0,0,0,0,1,1,6,6,3,-1,-1,1398,1,10,VAUXHALL ASTRA,-1,-1,0,-1
2020010274260,2020,010274260,2,9,0,99,99,9,9,99,99,9,9,99,9,99,1,9,6,6,3,28,6,1364,1,4,VAUXHALL ASTRA,8,E01000989,0,-1
2020522100824,2020,522100824,1,9,0,18,19,6,2,0,0,0,0,0,0,0,1,1,6,6,2,32,6,1598,1,17,VAUXHALL ASTRA,1,E01033348,0,-1
202006J266621,2020,06J266621,2,9,0,18,19,7,3,0,0,8,0,0,0,0,1,1,6,6,1,25,5,1686,2,14,VAUXHALL ASTRA,7,E01005847,0,-1
2020200983706,2020,200983706,1,9,0,18,19,7,3,0,0,8,0,0,0,0,1,1,2,2,1,58,9,1598,1,23,VAUXHALL ASTRA,2,E01009340,0,-1
2020350988190,2020,350988190,1,9,0,4,4,7,2,6,6,0,0,4,0,0,1,1,5,6,2,51,8,1796,1,21,VAUXHALL ASTRA,6,-1,0,-1
2020010269015,2020,010269015,2,9,0,9,9,7,5,0,0,1,0,0,0,0,1,1,6,6,1,50,8,1598,1,15,VAUXHALL ASTRA,4,E01004371,0,-1
2020010299712,2020,010299712,2,9,0,99,99,9,9,99,99,0,9,99,9,99,2,9,6,6,2,33,6,1796,1,14,VAUXHALL ASTRA,4,E01001007,0,-1
202006Q270486,2020,06Q270486,2,9,0,16,19,5,8,0,0,0,0,0,0,0,1,1,6,6,1,74,10,1399,1,4,VAUXHALL ASTRA,8,E01005995,0,-1
2020010236692,2020,010236692,2,9,9,18,19,4,8,99,99,1,9,99,0,0,1,1,6,6,1,23,5,1399,1,3,VAUXHALL ASTRA,1,E01003207,0,-1
2020470936630,2020,470936630,1,9,0,18,19,3,7,0,0,6,0,0,0,0,1,1,3,7,2,36,7,1598,1,10,VAUXHALL ASTRA,6,E01021118,0,-1
2020010272922,2020,010272922,2,9,0,18,19,3,7,0,0,2,9,0,0,0,9,1,6,6,3,-1,-1,1364,1,13,VAUXHALL ASTRA,-1,-1,0,-1
2020450989478,2020,450989478,1,9,0,9,9,1,3,0,0,1,0,0,0,0,1,1,3,7,1,43,7,1248,2,11,VAUXHALL ASTRA,9,E01030612,0,-1
2020421011240,2020,421011240,4,9,0,18,19,1,5,0,0,1,0,0,0,0,0,1,1,1,2,21,5,1598,2,2,VAUXHALL ASTRA,8,E01021544,0,-1
2020350945283,2020,350945283,1,9,0,12,12,7,3,0,0,0,0,0,0,0,2,1,1,1,1,55,8,1248,2,12,VAUXHALL ASTRA,9,E01030107,0,-1
2020450935057,2020,450935057,1,9,0,9,9,1,3,0,0,8,0,0,0,0,1,1,6,6,1,27,6,1598,1,7,VAUXHALL ASTRA,7,E01030872,0,-1
2020010262222,2020,010262222,2,9,0,3,3,1,5,0,0,0,0,0,0,0,2,1,6,6,2,24,5,1364,1,10,VAUXHALL ASTRA,-1,-1,0,-1
2020211011096,2020,211011096,2,9,-1,-1,-1,8,4,-1,-1,-1,-1,-1,-1,0,-1,1,6,6,1,32,6,1796,1,10,VAUXHALL ASTRA,2,E01014260,0,-1
2020211007176,2020,211007176,2,9,0,18,19,4,7,0,0,8,0,0,0,0,4,1,2,2,2,58,9,1796,1,14,VAUXHALL ASTRA,8,E01029769,0,-1
2020990980588,2020,990980588,1,9,0,13,13,7,4,0,0,0,0,0,0,0,4,1,6,6,1,73,10,1686,2,13,VAUXHALL ASTRA,6,-1,0,-1
202006K276900,2020,06K276900,1,9,0,18,19,8,4,0,0,0,0,0,0,0,1,1,6,6,3,-1,-1,1399,1,4,VAUXHALL ASTRA,-1,-1,0,-1
2020100966019,2020,100966019,2,9,0,3,3,2,5,0,0,0,0,0,0,0,2,1,2,2,1,41,7,1598,1,13,VAUXHALL ASTRA,1,E01008604,0,-1
202006L170845,2020,06L170845,1,9,0,14,14,4,8,0,0,1,0,0,0,0,1,1,6,6,1,34,6,1598,1,13,VAUXHALL ASTRA,-1,-1,0,-1
2020010255999,2020,010255999,1,9,0,99,99,9,9,99,99,9,9,99,9,99,9,9,6,6,1,21,5,1248,2,12,VAUXHALL ASTRA,2,E01003205,0,-1
2020420926219,2020,420926219,1,9,0,9,9,3,5,0,0,8,0,0,0,0,4,1,3,7,1,29,6,1956,2,6,VAUXHALL ASTRA,2,E01015954,0,-1
2020440151110,2020,440151110,1,9,0,18,19,4,8,0,0,8,0,0,0,0,3,1,6,6,1,70,10,1796,1,15,VAUXHALL ASTRA,1,E01022967,0,-1
2020430132402,2020,430132402,1,9,0,13,13,6,2,0,0,1,0,0,0,0,1,1,6,6,1,36,7,1598,1,8,VAUXHALL ASTRA,6,E01017808,0,-1
2020430430668,2020,430430668,1,9,0,18,19,8,4,0,0,1,0,0,0,0,1,1,6,6,1,-1,-1,1598,2,6,VAUXHALL ASTRA,2,E01028454,0,-1
2020361003781,2020,361003781,1,9,0,18,19,1,5,0,0,1,1,0,0,0,1,1,5,6,1,84,11,1598,1,13,VAUXHALL ASTRA,6,E01026457,0,-1
2020040929587,2020,040929587,3,9,0,18,19,5,1,0,0,0,0,0,0,0,1,1,5,6,1,52,8,1398,1,9,VAUXHALL ASTRA,8,E01025322,0,-1
2020052000219,2020,052000219,1,9,0,2,2,0,0,0,0,0,0,0,0,0,3,1,6,6,3,-1,-1,1686,2,10,VAUXHALL ASTRA,-1,-1,0,-1
2020110978478,2020,110978478,2,9,0,5,5,6,2,9,9,1,0,0,7,0,1,1,6,6,1,30,6,1686,2,9,VAUXHALL ASTRA,-1,-1,0,-1
2020160988885,2020,160988885,1,9,0,18,19,8,4,0,0,0,0,4,0,0,1,2,5,6,1,29,6,1598,1,15,VAUXHALL ASTRA,1,E01012844,0,-1
202006F171314,2020,06F171314,1,9,0,10,10,3,1,0,0,8,0,0,0,0,3,1,6,6,1,51,8,1598,1,15,VAUXHALL ASTRA,1,E01005725,0,-1
20201374M0775,2020,1374M0775,2,9,0,18,19,8,4,0,0,1,0,0,0,0,1,1,1,1,1,26,6,-1,-1,-1,VAUXHALL ASTRA,6,E01011802,0,-1
2020010245139,2020,010245139,2,9,0,3,3,3,7,0,0,1,0,0,0,0,2,1,6,6,1,31,6,-1,-1,-1,VAUXHALL ASTRA,4,E01002611,0,-1
2020140969466,2020,140969466,2,9,0,17,19,5,1,0,0,0,0,0,0,0,1,1,6,6,1,48,8,-1,-1,-1,VAUXHALL ASTRA,1,E01007677,0,-1
2020140964278,2020,140964278,1,9,0,9,9,8,6,0,0,0,0,0,0,0,4,1,5,6,1,28,6,1598,1,15,VAUXHALL ASTRA,-1,-1,0,-1
2020040968876,2020,040968876,2,9,0,5,5,1,5,0,0,1,0,0,0,0,4,1,6,6,3,-1,-1,1796,1,14,VAUXHALL ASTRA,-1,-1,0,-1
2020200935839,2020,200935839,3,9,0,3,3,6,2,0,0,1,0,0,0,0,2,1,2,2,1,30,6,1686,2,11,VAUXHALL ASTRA,1,E01009488,0,-1
2020200961753,2020,200961753,2,9,0,1,1,3,1,0,0,0,0,0,0,0,0,1,1,1,3,39,7,1598,2,1,VAUXHALL ASTRA,2,E01009509,0,-1
2020052001896,2020,052001896,1,9,0,18,19,1,5,0,0,0,0,0,0,0,1,1,6,6,1,51,8,1686,2,16,VAUXHALL ASTRA,4,E01007153,0,-1
2020991001023,2020,991001023,2,9,0,18,19,5,1,0,0,1,0,0,0,0,3,1,1,1,1,28,6,1686,2,7,VAUXHALL ASTRA,10,-1,0,-1
202006J373073,2020,06J373073,1,9,0,4,4,1,4,0,0,4,0,0,0,0,1,1,6,6,3,-1,-1,1364,1,13,VAUXHALL ASTRA,-1,-1,0,-1
2020200955905,2020,200955905,2,9,0,3,3,6,2,0,0,0,0,0,0,0,3,1,6,6,1,48,8,1686,2,6,VAUXHALL ASTRA,3,E01010336,0,-1
2020070745966,2020,070745966,1,9,0,1,1,7,3,0,0,1,0,0,0,0,2,1,6,6,1,59,9,1796,1,14,VAUXHALL ASTRA,1,E01012408,0,-1
2020201004780,2020,201004780,1,9,0,18,19,4,8,0,0,0,5,4,0,0,1,1,6,6,1,17,4,1598,1,8,VAUXHALL ASTRA,1,E01033621,0,-1
2020522004070,2020,522004070,1,8,0,5,5,5,7,0,0,6,0,0,0,0,1,1,6,6,1,68,10,1956,2,8,VAUXHALL ASTRA,10,E01014818,0,-1
2020010259032,2020,010259032,3,9,0,4,4,1,5,0,0,2,0,0,0,0,0,1,1,1,1,27,6,1399,1,1,VAUXHALL ASTRA,1,E01003047,0,-1
2020010252201,2020,010252201,2,9,0,99,99,9,9,99,99,1,9,99,9,99,2,9,6,6,3,87,11,1598,1,19,VAUXHALL ASTRA,5,E01003664,0,-1
2020520000778,2020,520000778,2,9,0,9,9,4,2,0,0,6,0,0,0,0,1,1,6,6,1,80,11,1686,2,13,VAUXHALL ASTRA,-1,-1,0,-1
2020420972919,2020,420972919,2,9,0,4,4,7,3,0,0,0,0,0,0,0,4,1,1,1,1,28,6,1598,2,2,VAUXHALL ASTRA,-1,-1,0,-1
2020460980826,2020,460980826,2,9,0,18,19,6,2,0,0,0,0,0,0,0,0,1,6,6,1,45,7,1598,2,2,VAUXHALL ASTRA,1,E01024678,0,-1
2020530950389,2020,530950389,2,9,0,13,13,5,1,0,0,0,2,10,8,0,1,1,1,1,1,29,6,1598,2,1,VAUXHALL ASTRA,4,E01032936,0,-1
2020990959056,2020,990959056,2,9,0,2,2,0,0,0,0,2,0,4,0,0,2,1,5,6,2,72,10,1398,1,5,VAUXHALL ASTRA,-1,-1,0,-1
2020010285582,2020,010285582,3,9,0,7,7,3,5,0,0,8,0,0,0,0,0,1,1,1,3,-1,-1,1399,1,1,VAUXHALL ASTRA,4,E01001247,0,-1
2020200936287,2020,200936287,1,9,0,9,9,8,6,0,0,2,0,0,0,0,3,1,6,6,2,31,6,1598,1,13,VAUXHALL ASTRA,5,E01031056,0,-1
2020200933224,2020,200933224,2,9,0,13,13,4,8,0,0,1,0,0,0,0,3,1,6,6,1,54,8,1598,1,18,VAUXHALL ASTRA,3,E01010178,0,-1
2020501009135,2020,501009135,1,9,0,18,19,5,1,0,0,8,0,0,0,0,1,1,6,6,1,72,10,1796,1,20,VAUXHALL ASTRA,8,E01018886,0,-1
2020432003571,2020,432003571,1,9,0,4,4,4,8,0,0,1,0,0,0,0,1,1,1,1,1,17,4,1686,2,13,VAUXHALL ASTRA,9,E01016735,0,-1
2020990976254,2020,990976254,1,9,0,3,3,7,3,0,0,0,0,0,0,0,3,1,5,6,1,27,6,-1,-1,-1,VAUXHALL ASTRA,3,-1,0,-1
2020520000489,2020,520000489,1,9,0,2,2,0,0,0,0,8,0,0,0,0,2,1,6,6,3,-1,-1,1598,1,15,VAUXHALL ASTRA,-1,-1,0,-1
2020450977391,2020,450977391,1,9,0,18,19,3,7,9,9,0,0,0,0,0,1,1,5,6,1,82,11,1364,1,11,VAUXHALL ASTRA,3,E01003439,0,-1
2020010249339,2020,010249339,2,9,0,99,99,9,9,99,99,9,9,99,9,99,2,9,6,6,3,-1,-1,1956,2,9,VAUXHALL ASTRA,-1,-1,0,-1
20201371K1779,2020,1371K1779,1,9,0,6,6,3,3,0,0,0,0,0,0,0,1,1,6,6,1,39,7,1910,2,13,VAUXHALL ASTRA,1,E01010813,0,-1
2020100966861,2020,100966861,1,9,0,18,19,1,5,0,0,8,0,0,0,0,1,1,5,6,1,24,5,1598,1,12,VAUXHALL ASTRA,9,W01000092,0,-1
2020122000889,2020,122000889,1,9,0,18,19,5,1,0,0,0,0,0,0,0,1,1,6,6,1,23,5,1598,1,12,VAUXHALL ASTRA,8,E01027750,0,-1
2020430079514,2020,430079514,1,9,0,18,19,4,8,0,0,0,2,0,1,4,3,1,6,6,1,30,6,1598,1,13,VAUXHALL ASTRA,9,E01028739,0,-1
2020220985797,2020,220985797,2,9,0,18,19,2,6,0,0,0,0,0,0,0,1,1,5,6,2,65,9,1598,1,5,VAUXHALL ASTRA,6,E01028975,0,-1
2020070770772,2020,070770772,1,9,0,18,19,5,1,0,0,1,0,0,0,0,4,1,6,6,2,28,6,1598,1,9,VAUXHALL ASTRA,7,E01018488,0,-1
2020140994876,2020,140994876,2,9,0,18,19,5,1,0,0,8,0,0,0,0,1,1,5,6,1,39,7,1598,1,14,VAUXHALL ASTRA,3,E01007540,0,-1
2020161009771,2020,161009771,2,9,0,18,19,4,8,0,0,1,0,0,0,0,1,1,6,6,1,50,8,1686,2,13,VAUXHALL ASTRA,-1,-1,0,-1
2020522002189,2020,522002189,1,9,0,3,3,4,8,0,0,0,0,0,0,0,2,1,6,6,2,26,6,1686,2,15,VAUXHALL ASTRA,5,E01014983,0,-1
2020010278228,2020,010278228,1,9,0,99,99,9,9,99,99,0,9,99,9,99,2,9,6,6,1,30,6,1598,2,3,VAUXHALL ASTRA,9,E01001605,0,-1
2020070137185,2020,070137185,2,9,0,5,5,6,2,0,0,2,5,0,0,0,1,1,2,2,2,39,7,1598,1,12,VAUXHALL ASTRA,2,E01018400,0,-1
2020370938488,2020,370938488,1,9,0,18,19,5,7,0,0,8,0,0,0,0,1,1,1,1,1,31,6,1796,1,21,VAUXHALL ASTRA,2,E01030254,0,-1
2020990950232,2020,990950232,2,9,0,18,19,5,1,0,0,0,0,0,1,0,1,1,6,6,1,72,10,1598,1,11,VAUXHALL ASTRA,4,-1,0,-1
2020440202913,2020,440202913,2,9,0,10,10,1,8,0,0,1,0,0,0,0,2,1,6,6,1,56,9,1598,1,16,VAUXHALL ASTRA,6,E01017176,0,-1
2020410951965,2020,410951965,1,9,0,8,8,1,5,0,0,2,0,0,0,0,2,1,6,6,2,20,4,1399,1,4,VAUXHALL ASTRA,5,E01023631,0,-1
2020201019083,2020,201019083,1,9,0,18,19,5,1,0,0,0,0,0,0,0,1,1,6,6,1,25,5,1956,2,5,VAUXHALL ASTRA,2,E01010363,0,-1
2020361018646,2020,361018646,2,9,0,18,19,1,5,0,0,8,0,0,1,0,1,1,5,6,1,24,5,-1,-1,-1,VAUXHALL ASTRA,3,E01026782,0,-1