collision_index,collision_year,collision_ref_no,vehicle_reference,vehicle_type,towing_and_articulation,vehicle_manoeuvre_historic,vehicle_manoeuvre,vehicle_direction_from,vehicle_direction_to,vehicle_location_restricted_lane_historic,vehicle_location_restricted_lane,junction_location,skidding_and_overturning,hit_object_in_carriageway,vehicle_leaving_carriageway,hit_object_off_carriageway,first_point_of_impact,vehicle_left_hand_drive,journey_purpose_of_driver_historic,journey_purpose_of_driver,sex_of_driver,age_of_driver,age_band_of_driver,engine_capacity_cc,propulsion_code,age_of_vehicle,generic_make_model,driver_imd_decile,lsoa_of_driver,escooter_flag,driver_distance_banding
2020440062452,2020,440062452,1,19,0,16,19,6,2,0,0,0,0,0,0,0,1,1,1,1,1,22,5,1910,2,10,VAUXHALL ASTRA,3,E01021044,0,-1
2020470954145,2020,470954145,1,9,0,13,13,7,3,0,0,0,0,0,0,0,4,1,6,6,1,27,6,1399,1,3,VAUXHALL ASTRA,5,E01021074,0,-1
2020460965036,2020,460965036,1,9,0,7,7,2,4,0,0,5,0,0,0,0,1,1,5,6,1,85,11,1399,1,3,VAUXHALL ASTRA,6,E01024679,0,-1
2020110974342,2020,110974342,1,9,0,7,7,1,3,0,0,1,0,0,0,0,1,1,6,6,1,18,4,1364,1,11,VAUXHALL ASTRA,5,E01020657,0,-1
2020211023592,2020,211023592,2,9,0,9,9,3,8,0,0,5,0,0,0,0,1,1,6,6,1,70,10,1598,1,13,VAUXHALL ASTRA,2,E01014359,0,-1
2020010262927,2020,010262927,2,19,0,18,19,5,1,0,0,1,0,0,0,0,4,1,6,6,1,40,7,1686,2,13,VAUXHALL ASTRA,4,E01000731,0,-1
2020010274185,2020,010274185,2,9,0,18,19,7,3,0,0,0,1,0,0,0,1,1,6,6,1,54,8,1956,2,8,VAUXHALL ASTRA,5,E01000430,0,-1
2020470928324,2020,470928324,1,9,0,9,9,6,4,0,0,8,0,0,0,0,1,1,6,6,2,30,6,1364,1,16,VAUXHALL ASTRA,1,E01016942,0,-1
20201379O0321,2020,1379O0321,1,9,0,13,13,7,3,0,0,1,0,0,0,0,4,1,6,6,1,31,6,1796,1,13,VAUXHALL ASTRA,3,E01011328,0,-1
2020010246447,2020,010246447,1,9,0,7,7,3,6,0,0,1,0,0,0,0,3,1,6,6,1,22,5,1598,1,5,VAUXHALL ASTRA,2,E01001594,0,-1
202063CF01320,2020,63CF01320,2,9,0,17,19,6,3,0,0,0,0,0,0,0,1,1,6,6,1,33,6,1956,2,7,VAUXHALL ASTRA,9,W01001159,0,-1
2020460968055,2020,460968055,1,9,0,18,19,3,7,0,0,1,0,0,0,0,1,1,6,6,2,45,7,1598,1,11,VAUXHALL ASTRA,6,E01024161,0,-1
2020040953658,2020,040953658,1,9,0,18,19,7,3,0,0,0,0,0,0,0,4,1,5,6,2,51,8,1796,1,14,VAUXHALL ASTRA,8,E01012613,0,-1
2020401007651,2020,401007651,1,9,0,15,15,8,4,0,0,0,0,0,0,0,1,1,5,6,1,31,6,1598,1,4,VAUXHALL ASTRA,1,E01015732,0,-1
2020137CI0165,2020,137CI0165,1,9,0,18,19,7,3,0,0,1,0,0,0,0,4,1,1,1,1,20,4,1364,1,14,VAUXHALL ASTRA,4,E01011871,0,-1
2020440332447,2020,440332447,1,9,0,8,8,3,7,0,0,1,0,0,0,0,2,1,6,6,2,38,7,1796,1,12,VAUXHALL ASTRA,1,E01017031,0,-1
2020010242130,2020,010242130,2,9,0,18,19,5,1,0,0,1,0,0,0,0,2,1,1,1,1,35,6,1796,1,12,VAUXHALL ASTRA,3,E01023310,0,-1
2020010282327,2020,010282327,1,9,0,99,99,9,9,0,0,0,0,0,0,0,4,9,6,6,2,39,7,1796,1,11,VAUXHALL ASTRA,2,E01001193,0,-1
2020010257434,2020,010257434,1,9,0,18,19,4,8,0,0,1,0,0,0,0,1,1,6,6,1,-1,-1,1598,1,12,VAUXHALL ASTRA,2,E01003971,0,-1
2020010252476,2020,010252476,1,19,0,18,19,1,5,0,0,8,0,0,0,0,1,1,1,1,1,65,9,1248,2,13,VAUXHALL ASTRA,6,E01030598,0,-1
2020340S05902,2020,340S05902,1,9,0,18,19,3,7,0,0,0,0,0,1,0,1,1,6,6,1,50,8,1686,2,14,VAUXHALL ASTRA,8,E01027294,0,-1
2020140980162,2020,140980162,1,9,0,3,3,2,6,0,0,0,0,0,0,0,2,1,5,6,1,25,5,1598,1,6,VAUXHALL ASTRA,3,E01007538,0,-1
2020160978324,2020,160978324,1,9,0,18,19,6,2,0,0,0,0,0,0,0,1,1,6,6,1,-1,-1,1910,2,14,VAUXHALL ASTRA,-1,-1,0,-1
2020200948468,2020,200948468,1,9,0,7,7,2,4,0,0,5,0,10,1,11,1,1,6,6,2,43,7,1598,2,5,VAUXHALL ASTRA,9,E01010494,0,-1
2020350952758,2020,350952758,1,9,0,18,19,1,2,0,0,0,0,0,0,0,1,1,5,6,1,37,7,1598,1,12,VAUXHALL ASTRA,4,E01015621,0,-1
2020990967361,2020,990967361,2,9,0,9,9,6,2,0,0,5,0,0,7,0,3,1,5,6,1,25,5,1598,1,12,VAUXHALL ASTRA,10,-1,0,-1
2020160980722,2020,160980722,1,9,0,7,7,6,2,0,0,7,0,0,0,0,1,1,5,6,1,67,10,1598,1,9,VAUXHALL ASTRA,8,E01028358,0,-1
2020340N07522,2020,340N07522,2,9,0,18,19,7,5,0,0,8,0,0,0,0,2,1,6,6,2,57,9,1910,2,13,VAUXHALL ASTRA,3,E01027188,0,-1
2020100926877,2020,100926877,1,9,0,18,19,7,3,0,0,1,0,0,0,0,1,1,5,6,1,40,7,1398,1,6,VAUXHALL ASTRA,-1,-1,0,-1
2020552000909,2020,552000909,1,8,0,18,19,8,4,0,0,0,0,0,0,0,1,1,1,1,1,56,9,1686,2,7,VAUXHALL ASTRA,1,E01020555,0,-1
2020170L20070,2020,170L20070,3,9,0,3,3,6,2,0,0,0,0,0,0,0,2,1,6,6,2,55,8,1956,2,7,VAUXHALL ASTRA,3,E01012239,0,-1
2020010271601,2020,010271601,1,9,0,9,9,3,8,0,0,1,0,0,0,0,4,1,6,6,1,26,6,1398,1,7,VAUXHALL ASTRA,2,E01002096,0,-1
2020200996565,2020,200996565,1,9,0,18,19,8,4,0,0,1,0,0,0,0,1,1,6,6,3,-1,-1,1910,2,13,VAUXHALL ASTRA,-1,-1,0,-1
2020010237112,2020,010237112,1,9,0,99,99,9,9,99,99,9,9,99,9,99,9,9,6,6,1,49,8,1598,1,15,VAUXHALL ASTRA,7,E01023561,0,-1
2020010248286,2020,010248286,1,9,0,18,19,3,7,0,0,6,0,0,0,0,1,1,6,6,1,56,9,1398,1,8,VAUXHALL ASTRA,8,E01016195,0,-1
2020040984717,2020,040984717,1,9,0,18,19,7,3,0,0,8,0,0,0,0,1,1,6,6,1,42,7,1796,1,14,VAUXHALL ASTRA,6,E01011071,0,-1
2020201002704,2020,201002704,1,9,0,9,9,7,5,0,0,6,0,0,0,0,1,1,6,6,2,46,8,1686,2,12,VAUXHALL ASTRA,3,E01009118,0,-1
2020220946211,2020,220946211,1,9,0,18,19,1,5,0,0,8,0,0,0,0,4,1,1,1,2,37,7,1598,2,1,VAUXHALL ASTRA,8,E01032452,0,-1
2020610005020,2020,610005020,1,9,0,7,7,4,5,0,0,5,0,0,0,0,1,1,2,2,2,-1,-1,1598,1,8,VAUXHALL ASTRA,8,W01001672,0,-1
2020201001897,2020,201001897,1,9,0,18,19,1,5,0,0,8,0,10,8,0,1,1,2,2,1,28,6,1796,1,16,VAUXHALL ASTRA,1,E01010524,0,-1
2020470994047,2020,470994047,2,9,0,7,7,5,8,0,0,8,0,0,0,0,2,1,6,6,1,-1,-1,-1,-1,-1,VAUXHALL ASTRA,5,E01016877,0,-1
2020122001317,2020,122001317,1,9,0,7,7,3,7,0,0,0,1,0,3,4,1,1,2,2,1,23,5,1796,1,13,VAUXHALL ASTRA,6,E01027842,0,-1
2020201024902,2020,201024902,1,9,0,9,9,6,4,0,0,6,0,10,1,0,1,1,6,6,3,-1,-1,1910,2,15,VAUXHALL ASTRA,-1,-1,0,-1
2020010246240,2020,010246240,2,9,0,9,9,7,5,0,0,6,0,0,0,0,4,1,6,6,1,25,5,1598,1,13,VAUXHALL ASTRA,6,E01000513,0,-1
2020140988735,2020,140988735,2,9,0,2,2,0,0,0,0,0,0,0,0,0,3,1,6,6,1,83,11,1686,2,15,VAUXHALL ASTRA,1,E01007737,0,-1
2020201019253,2020,201019253,1,9,0,9,9,3,8,0,0,6,0,0,0,0,4,1,6,6,3,29,6,1398,1,9,VAUXHALL ASTRA,6,E01009034,0,-1
2020110950363,2020,110950363,2,9,0,4,4,5,1,0,0,1,0,0,0,0,2,1,3,7,2,30,6,1598,1,13,VAUXHALL ASTRA,2,E01020792,0,-1
2020141003829,2020,141003829,2,9,0,-1,-1,-1,-1,-1,-1,8,-1,-1,-1,0,-1,1,6,6,1,-1,-1,1364,1,12,VAUXHALL ASTRA,7,E01008133,0,-1
2020470974828,2020,470974828,2,9,0,18,19,4,1,0,0,8,0,0,0,0,3,1,6,6,1,70,10,1796,1,13,VAUXHALL ASTRA,3,E01020913,0,-1
2020110953962,2020,110953962,1,9,0,18,19,3,7,0,0,1,0,0,0,0,1,1,6,6,2,30,6,1398,1,6,VAUXHALL ASTRA,-1,-1,0,-1
2020010241302,2020,010241302,3,9,0,99,99,9,9,99,99,9,9,99,9,99,2,9,6,6,3,-1,-1,1598,2,5,VAUXHALL ASTRA,-1,-1,0,-1
2020122001272,2020,122001272,2,9,0,18,19,7,3,0,0,4,0,0,0,0,1,1,6,6,1,36,7,1598,2,4,VAUXHALL ASTRA,7,E01027788,0,-1
2020040995245,2020,040995245,1,9,0,18,19,3,7,0,0,0,0,0,0,0,4,1,5,6,1,59,9,1686,2,13,VAUXHALL ASTRA,3,E01010986,0,-1
2020990995993,2020,990995993,2,9,0,18,19,3,7,0,0,0,0,0,0,0,1,1,6,6,1,35,6,-1,-1,-1,VAUXHALL ASTRA,3,-1,0,-1
2020370996700,2020,370996700,2,9,0,18,19,2,6,0,0,8,1,0,1,0,4,1,5,6,2,54,8,1364,1,14,VAUXHALL ASTRA,5,E01029992,0,-1
2020420964032,2020,420964032,2,9,0,10,10,2,3,0,0,0,0,0,0,0,4,1,6,6,2,34,6,1956,2,9,VAUXHALL ASTRA,8,E01021717,0,-1
2020400936784,2020,400936784,2,9,0,3,3,6,2,0,0,0,0,0,0,0,3,1,5,6,2,31,6,1399,1,1,VAUXHALL ASTRA,3,E01017400,0,-1
2020052001783,2020,052001783,1,9,0,9,9,2,8,0,0,2,0,0,0,0,1,1,6,6,1,41,7,1686,2,9,VAUXHALL ASTRA,4,E01006916,0,-1
2020010260834,2020,010260834,1,9,0,18,19,1,5,0,0,0,0,0,0,0,1,1,6,6,1,22,5,1362,1,8,VAUXHALL ASTRA,3,E01001170,0,-1
2020040996070,2020,040996070,2,9,0,18,19,4,8,0,0,8,1,0,0,0,3,1,5,6,1,33,6,1248,2,11,VAUXHALL ASTRA,2,E01024926,0,-1
2020549213520,2020,549213520,1,9,0,18,19,8,4,0,0,1,0,0,0,0,1,1,6,6,1,34,6,1598,1,10,VAUXHALL ASTRA,9,E01031955,0,-1
202006E171335,2020,06E171335,1,9,0,2,2,0,0,0,0,0,0,0,0,0,2,1,6,6,1,30,6,1686,2,8,VAUXHALL ASTRA,1,E01005292,0,-1
2020440312184,2020,440312184,2,9,0,7,7,6,8,0,0,2,1,0,0,0,1,1,6,6,1,28,6,1598,2,3,VAUXHALL ASTRA,9,E01022712,0,-1
2020137510663,2020,137510663,1,9,0,9,9,7,2,0,0,5,0,0,0,0,1,1,6,6,3,-1,-1,1364,1,13,VAUXHALL ASTRA,-1,-1,0,-1
2020010256709,2020,010256709,1,9,0,9,9,7,5,0,0,6,0,0,0,0,1,1,6,6,1,80,11,1598,1,17,VAUXHALL ASTRA,2,E01001328,0,-1
2020461007882,2020,461007882,2,9,0,4,4,5,1,0,0,0,0,0,0,0,2,1,6,6,1,-1,-1,1598,2,2,VAUXHALL ASTRA,6,E01032798,0,-1
2020522000837,2020,522000837,1,9,0,18,19,8,4,0,0,0,0,0,0,0,1,1,6,6,2,35,6,1598,2,5,VAUXHALL ASTRA,-1,-1,0,-1
2020010243368,2020,010243368,1,9,0,18,19,5,1,2,2,2,0,0,0,0,1,1,6,6,1,23,5,1598,2,2,VAUXHALL ASTRA,7,E01002172,0,-1
2020210942877,2020,210942877,1,9,0,5,5,7,1,0,0,8,0,0,0,0,1,1,1,1,1,35,6,999,1,2,VAUXHALL ASTRA,-1,-1,0,-1
2020460975874,2020,460975874,2,9,0,18,19,1,5,0,0,0,0,0,0,0,3,1,1,1,1,49,8,1598,2,2,VAUXHALL ASTRA,3,E01016154,0,-1
2020410955220,2020,410955220,1,9,0,9,9,6,2,0,0,0,0,0,0,0,3,1,6,6,1,32,6,1364,1,12,VAUXHALL ASTRA,6,E01023671,0,-1
2020470995099,2020,470995099,1,9,0,11,11,4,8,0,0,0,1,0,0,0,1,1,5,6,1,36,7,1598,1,21,VAUXHALL ASTRA,3,E01021065,0,-1
2020450996905,2020,450996905,1,9,0,18,19,3,7,0,0,0,1,0,1,11,2,1,5,6,1,27,6,1796,1,12,VAUXHALL ASTRA,9,E01030536,0,-1
2020010240126,2020,010240126,1,9,0,99,99,9,9,99,99,9,9,99,9,99,9,9,6,6,2,27,6,1796,1,15,VAUXHALL ASTRA,3,E01004031,0,-1
2020460948213,2020,460948213,2,9,0,18,19,5,1,0,0,0,1,0,0,0,1,1,5,6,2,31,6,1796,1,15,VAUXHALL ASTRA,2,E01024648,0,-1
2020302001410,2020,302001410,1,9,0,9,9,2,8,0,0,2,0,0,0,0,3,1,6,6,2,57,9,1686,2,10,VAUXHALL ASTRA,-1,-1,0,-1
2020140970917,2020,140970917,1,9,0,18,19,6,2,9,9,0,0,0,1,0,4,1,6,6,3,-1,-1,1598,1,2,VAUXHALL ASTRA,-1,-1,0,-1
2020990996762,2020,990996762,1,9,0,16,19,5,8,0,0,0,1,0,1,11,1,1,5,6,1,22,5,1598,1,15,VAUXHALL ASTRA,2,-1,0,-1
2020160935294,2020,160935294,2,9,0,7,7,7,1,0,0,8,0,0,0,0,1,1,6,6,2,31,6,1598,1,13,VAUXHALL ASTRA,1,E01012879,0,-1
2020010283213,2020,010283213,2,9,0,99,99,9,9,99,99,0,9,99,9,99,0,9,6,6,3,-1,-1,1364,1,14,VAUXHALL ASTRA,7,E01032570,0,-1
2020010243936,2020,010243936,1,9,0,18,19,3,7,0,0,6,1,0,3,1,1,1,6,6,2,45,7,1796,1,15,VAUXHALL ASTRA,3,E01002649,0,-1
2020140954121,2020,140954121,2,9,0,18,19,6,3,0,0,1,0,0,0,0,1,2,5,6,1,26,6,1910,2,12,VAUXHALL ASTRA,4,E01007434,0,-1
2020470927679,2020,470927679,3,9,0,18,19,4,8,0,0,1,0,0,0,0,2,1,5,6,1,32,6,1796,1,9,VAUXHALL ASTRA,1,E01020980,0,-1
2020010267676,2020,010267676,2,9,9,18,19,1,5,0,0,1,0,0,9,0,1,9,6,6,3,-1,-1,1598,1,15,VAUXHALL ASTRA,-1,-1,0,-1
2020220959153,2020,220959153,1,9,0,17,19,1,7,0,0,0,0,0,0,0,0,1,1,1,1,32,6,1598,2,4,VAUXHALL ASTRA,8,E01032208,0,-1
2020470983080,2020,470983080,1,9,0,18,19,7,3,0,0,0,0,4,0,0,1,1,6,6,2,36,7,1598,1,15,VAUXHALL ASTRA,5,E01031378,0,-1
2020500943867,2020,500943867,1,9,0,4,4,0,0,0,0,8,0,0,0,0,1,1,1,1,1,30,6,1598,2,2,VAUXHALL ASTRA,-1,-1,0,-1
2020070669294,2020,070669294,2,9,0,18,19,6,2,0,0,1,0,0,0,0,4,1,6,6,2,33,6,1398,1,5,VAUXHALL ASTRA,8,E01018493,0,-1
2020010247334,2020,010247334,1,9,0,18,19,7,3,0,0,1,1,10,8,4,1,1,6,6,1,22,5,1796,1,13,VAUXHALL ASTRA,-1,-1,0,-1
2020170S21560,2020,170S21560,2,9,0,18,19,6,2,0,0,1,0,0,0,0,1,1,6,6,1,-1,-1,1956,2,8,VAUXHALL ASTRA,-1,-1,0,-1
2020010271913,2020,010271913,1,9,0,18,19,1,5,0,0,8,0,0,0,0,1,1,1,1,1,30,6,1341,1,0,VAUXHALL ASTRA,-1,-1,0,-1
2020170S11440,2020,170S11440,1,9,0,9,9,4,2,0,0,8,0,0,0,0,4,1,6,6,1,35,6,1598,2,5,VAUXHALL ASTRA,2,E01012216,0,-1
2020400979615,2020,400979615,3,9,0,3,3,0,0,0,0,1,0,0,0,0,3,1,6,6,1,53,8,1598,1,6,VAUXHALL ASTRA,2,E01015774,0,-1
2020010281015,2020,010281015,3,9,0,3,3,3,7,0,0,1,0,0,0,0,3,1,6,6,1,50,8,1796,1,16,VAUXHALL ASTRA,4,E01003249,0,-1
2020302001681,2020,302001681,1,9,0,18,19,8,4,0,0,0,1,0,1,10,1,1,6,6,1,24,5,1598,1,14,VAUXHALL ASTRA,3,E01028011,0,-1
2020140921329,2020,140921329,2,9,0,18,19,1,5,0,0,0,0,0,0,0,2,1,6,6,2,54,8,1796,1,11,VAUXHALL ASTRA,6,E01008020,0,-1
2020460922472,2020,460922472,1,9,0,11,11,7,2,0,0,0,0,0,0,0,4,1,5,6,2,76,11,1598,1,11,VAUXHALL ASTRA,7,E01024554,0,-1
2020430278283,2020,430278283,3,9,0,4,4,8,4,0,0,0,0,0,0,0,2,1,6,6,1,34,6,1796,1,12,VAUXHALL ASTRA,4,E01002487,0,-1
2020010241003,2020,010241003,2,9,0,99,99,9,9,0,0,6,9,0,0,99,1,9,6,6,1,-1,-1,1598,1,11,VAUXHALL ASTRA,6,E01001284,0,-1
2020460974932,2020,460974932,1,9,0,18,19,5,1,0,0,4,0,0,0,0,1,1,6,6,1,24,5,1796,1,12,VAUXHALL ASTRA,9,E01024145,0,-1
202031C069020,2020,31C069020,2,9,0,9,9,2,8,0,0,5,0,0,0,0,1,1,6,6,1,23,5,1910,2,14,VAUXHALL ASTRA,3,E01013983,0,-1
2020010238703,2020,010238703,1,9,0,18,19,8,4,0,0,2,9,0,0,99,4,9,6,6,1,26,6,1364,1,12,VAUXHALL ASTRA,6,E01001347,0,-1
2020010266117,2020,010266117,2,9,0,18,19,8,4,0,0,6,0,0,0,0,1,1,6,6,2,50,8,1598,1,11,VAUXHALL ASTRA,5,E01003084,0,-1
2020410994208,2020,410994208,3,9,0,10,10,0,0,0,0,1,0,0,0,0,1,1,6,6,2,40,7,1364,1,6,VAUXHALL ASTRA,4,E01023488,0,-1
2020302000546,2020,302000546,2,9,0,18,19,7,3,0,0,0,0,0,0,0,1,1,6,6,1,64,9,1364,1,11,VAUXHALL ASTRA,5,E01013582,0,-1
202006K178305,2020,06K178305,1,9,0,9,9,4,2,0,0,1,0,0,0,0,1,1,6,6,3,30,6,1956,2,8,VAUXHALL ASTRA,-1,-1,0,-1
2020170H10520,2020,170H10520,1,9,0,18,19,7,3,0,0,8,0,0,0,0,1,1,6,6,1,18,4,1364,1,10,VAUXHALL ASTRA,5,E01011966,0,-1
2020010243245,2020,010243245,1,9,0,18,19,1,5,0,0,8,0,0,0,0,1,1,6,6,1,30,6,999,1,1,VAUXHALL ASTRA,-1,-1,0,-1
2020010244045,2020,010244045,2,9,0,18,19,5,1,0,0,1,0,0,0,0,0,1,1,1,1,27,6,1399,1,1,VAUXHALL ASTRA,-1,-1,0,-1
202006N172443,2020,06N172443,1,9,0,18,19,8,4,0,0,0,0,0,0,0,4,1,6,6,3,-1,-1,1399,1,1,VAUXHALL ASTRA,-1,-1,0,-1
2020461009090,2020,461009090,1,9,0,18,19,7,3,0,0,0,0,0,1,0,3,1,3,7,2,25,5,1364,1,12,VAUXHALL ASTRA,7,E01024592,0,-1
2020010244538,2020,010244538,2,9,0,99,99,9,9,99,99,9,9,99,9,99,9,9,6,6,3,61,9,1364,1,13,VAUXHALL ASTRA,7,E01001642,0,-1
2020170M20010,2020,170M20010,1,9,0,9,9,8,6,0,0,8,0,0,0,0,3,1,6,6,1,22,5,1598,1,10,VAUXHALL ASTRA,1,E01012059,0,-1
2020160951559,2020,160951559,1,9,0,11,11,3,1,0,0,2,0,0,0,0,1,1,6,6,1,35,6,1598,1,7,VAUXHALL ASTRA,3,E01013238,0,-1
2020430121920,2020,430121920,2,9,0,18,19,4,8,0,0,1,0,0,0,0,1,1,6,6,2,-1,-1,1796,1,15,VAUXHALL ASTRA,3,E01033421,0,-1
2020010247478,2020,010247478,1,9,0,1,1,7,3,0,0,1,0,0,0,0,2,1,6,6,1,63,9,1796,1,14,VAUXHALL ASTRA,2,E01033591,0,-1
2020990921839,2020,990921839,1,9,0,18,19,7,4,0,0,4,0,0,0,0,1,1,5,6,2,79,11,1399,1,3,VAUXHALL ASTRA,7,-1,0,-1
2020552000013,2020,552000013,1,9,0,17,19,3,7,0,0,0,1,0,1,4,1,1,6,6,2,28,6,1398,1,8,VAUXHALL ASTRA,7,E01020486,0,-1
2020420989510,2020,420989510,1,9,0,18,19,4,1,0,0,0,0,0,0,0,1,1,2,2,2,52,8,1364,1,12,VAUXHALL ASTRA,7,E01021993,0,-1
2020420941895,2020,420941895,1,9,0,18,19,5,1,0,0,0,0,0,0,0,1,1,1,1,1,35,6,1598,2,1,VAUXHALL ASTRA,2,E01021318,0,-1
2020010235200,2020,010235200,1,9,0,99,99,9,9,99,99,9,9,99,9,99,1,9,6,6,1,-1,-1,1796,1,13,VAUXHALL ASTRA,-1,-1,0,-1
2020010235941,2020,010235941,5,9,0,2,2,0,0,0,0,2,0,0,0,0,2,1,6,6,3,-1,-1,1398,1,8,VAUXHALL ASTRA,-1,-1,0,-1
2020010244919,2020,010244919,2,9,0,99,99,9,9,99,99,9,9,99,9,99,1,9,6,6,3,-1,-1,1796,1,14,VAUXHALL ASTRA,-1,-1,0,-1
2020302000863,2020,302000863,1,9,0,18,19,8,4,0,0,1,0,0,0,0,4,1,2,2,1,19,4,1364,1,13,VAUXHALL ASTRA,1,E01013496,0,-1
2020070399231,2020,070399231,1,9,0,18,19,7,3,0,0,1,0,0,0,0,1,1,6,6,2,47,8,1598,1,15,VAUXHALL ASTRA,2,E01018477,0,-1
2020201009313,2020,201009313,1,9,0,18,19,8,4,0,0,6,1,10,7,1,4,1,6,6,1,-1,-1,1598,1,16,VAUXHALL ASTRA,-1,-1,0,-1
2020010278954,2020,010278954,1,9,0,4,4,6,2,0,0,1,0,0,0,0,1,1,2,2,1,37,7,1598,1,13,VAUXHALL ASTRA,3,E01000022,0,-1
2020552001072,2020,552001072,1,9,0,9,9,8,6,0,0,6,0,0,0,0,3,1,6,6,1,39,7,1598,1,9,VAUXHALL ASTRA,8,E01015394,0,-1
2020370946552,2020,370946552,2,9,0,9,9,8,4,0,0,1,0,0,0,0,2,1,2,2,1,31,6,1956,2,7,VAUXHALL ASTRA,4,E01030113,0,-1
202031D041320,2020,31D041320,2,9,0,18,19,8,4,0,0,8,0,0,0,0,1,1,1,1,2,30,6,1399,1,3,VAUXHALL ASTRA,8,E01028177,0,-1
202063D041720,2020,63D041720,1,9,0,18,19,6,2,0,0,0,0,0,0,0,1,1,6,6,1,22,5,1910,2,14,VAUXHALL ASTRA,2,E01009751,0,-1
202006A269610,2020,06A269610,2,9,0,18,19,5,1,0,0,1,0,0,0,0,1,1,6,6,1,27,6,1956,2,5,VAUXHALL ASTRA,1,E01006168,0,-1
2020522004187,2020,522004187,1,9,0,3,3,6,2,0,0,1,0,0,0,0,1,1,6,6,3,-1,-1,1598,1,14,VAUXHALL ASTRA,-1,-1,0,-1
202006XQ71398,2020,06XQ71398,2,9,0,18,19,8,4,0,0,0,0,0,0,0,4,1,2,2,1,52,8,1598,1,14,VAUXHALL ASTRA,4,E01005675,0,-1
2020200979525,2020,200979525,2,9,0,7,7,7,6,0,0,6,0,0,0,0,1,1,6,6,1,-1,-1,1598,1,14,VAUXHALL ASTRA,-1,-1,0,-1
2020200933189,2020,200933189,2,9,0,3,3,8,4,0,0,1,0,0,0,0,2,1,6,6,1,46,8,1398,1,8,VAUXHALL ASTRA,1,E01010052,0,-1
2020430285814,2020,430285814,1,9,0,16,19,2,4,0,0,2,1,0,7,4,1,1,1,1,1,28,6,1598,2,2,VAUXHALL ASTRA,-1,-1,0,-1
2020041006335,2020,041006335,1,9,0,18,19,2,6,0,0,1,0,0,0,0,1,1,6,6,2,24,5,1598,2,4,VAUXHALL ASTRA,3,E01024952,0,-1
2020100978766,2020,100978766,1,9,0,18,19,4,1,0,0,0,0,0,0,0,4,1,5,6,1,41,7,1598,1,9,VAUXHALL ASTRA,5,E01027500,0,-1
2020010271405,2020,010271405,1,9,0,1,1,4,8,0,0,6,0,0,1,0,2,1,6,6,1,25,5,1598,1,7,VAUXHALL ASTRA,4,E01003129,0,-1
2020010231148,2020,010231148,1,9,0,18,19,5,1,0,0,1,0,0,0,0,4,1,1,1,2,31,6,1364,1,11,VAUXHALL ASTRA,6,E01021435,0,-1
2020440455783,2020,440455783,1,9,0,18,19,3,7,0,0,0,0,0,0,0,4,1,6,6,1,22,5,1598,1,10,VAUXHALL ASTRA,9,E01032604,0,-1
2020622001118,2020,622001118,1,9,0,18,19,6,2,0,0,0,0,0,7,3,1,1,6,6,1,34,6,1796,1,13,VAUXHALL ASTRA,1,W01001274,0,-1
2020460922194,2020,460922194,3,9,0,18,19,4,8,0,0,1,0,0,0,0,1,1,2,2,1,-1,-1,1598,2,4,VAUXHALL ASTRA,9,E01024823,0,-1
2020990998905,2020,990998905,1,9,0,5,5,7,4,0,0,4,0,0,0,0,3,1,6,6,1,46,8,999,1,4,VAUXHALL ASTRA,1,-1,0,-1
2020010285512,2020,010285512,1,9,0,3,3,1,5,0,0,1,0,0,0,0,2,1,1,1,2,27,6,1399,1,1,VAUXHALL ASTRA,4,E01001247,0,-1
2020990967549,2020,990967549,1,9,0,7,7,2,5,0,0,8,0,0,0,0,1,1,6,6,1,74,10,1398,1,8,VAUXHALL ASTRA,5,-1,0,-1
2020991020957,2020,991020957,2,9,0,18,19,8,4,0,0,0,0,0,0,0,1,1,2,2,1,52,8,1598,1,17,VAUXHALL ASTRA,-1,-1,0,-1
2020460962691,2020,460962691,1,9,0,4,4,7,1,0,0,0,0,0,0,0,1,1,6,6,1,-1,-1,1598,1,12,VAUXHALL ASTRA,-1,-1,0,-1
2020450968469,2020,450968469,1,9,0,18,19,5,1,0,0,0,0,0,0,0,1,1,5,6,1,91,11,1598,1,23,VAUXHALL ASTRA,5,E01030814,0,-1
2020010286541,2020,010286541,1,9,0,99,99,9,9,99,99,9,9,99,9,99,2,9,2,2,1,30,6,1399,1,4,VAUXHALL ASTRA,7,E01003659,0,-1
2020990974776,2020,990974776,1,9,0,18,19,4,8,6,6,0,0,4,0,0,1,1,6,6,2,27,6,1796,1,16,VAUXHALL ASTRA,10,E01011894,0,-1
2020110979264,2020,110979264,1,9,0,18,19,3,7,0,0,0,0,0,0,0,1,1,6,6,1,55,8,1598,1,10,VAUXHALL ASTRA,6,E01012331,0,-1
2020522002153,2020,522002153,2,9,0,18,19,3,7,0,0,4,0,0,0,0,1,1,6,6,2,50,8,1598,2,5,VAUXHALL ASTRA,10,E01015001,0,-1
2020552000572,2020,552000572,1,9,0,18,19,7,3,0,0,0,0,0,1,4,1,1,6,6,2,47,8,1598,1,5,VAUXHALL ASTRA,8,E01030449,0,-1
2020170L31170,2020,170L31170,1,9,0,18,19,5,1,0,0,0,0,0,0,0,4,1,6,6,1,38,7,1248,2,14,VAUXHALL ASTRA,1,E01012036,0,-1
2020460976370,2020,460976370,1,9,0,7,7,1,5,0,0,1,0,2,0,0,1,1,5,6,2,31,6,1598,1,13,VAUXHALL ASTRA,6,E01024491,0,-1