collision_index,collision_year,collision_ref_no,vehicle_reference,vehicle_type,towing_and_articulation,vehicle_manoeuvre_historic,vehicle_manoeuvre,vehicle_direction_from,vehicle_direction_to,vehicle_location_restricted_lane_historic,vehicle_location_restricted_lane,junction_location,skidding_and_overturning,hit_object_in_carriageway,vehicle_leaving_carriageway,hit_object_off_carriageway,first_point_of_impact,vehicle_left_hand_drive,journey_purpose_of_driver_historic,journey_purpose_of_driver,sex_of_driver,age_of_driver,age_band_of_driver,engine_capacity_cc,propulsion_code,age_of_vehicle,generic_make_model,driver_imd_decile,lsoa_of_driver,escooter_flag,driver_distance_banding
2020302000260,2020,302000260,2,9,0,5,5,7,4,0,0,5,0,0,0,0,2,1,6,6,1,23,5,1398,1,5,VAUXHALL ASTRA,10,E01013564,0,-1
2020010278464,2020,010278464,1,9,0,9,9,7,4,0,0,1,0,0,0,0,1,1,6,6,3,-1,-1,1598,1,12,VAUXHALL ASTRA,-1,-1,0,-1
2020360992404,2020,360992404,1,9,0,9,9,6,4,0,0,6,0,0,0,0,3,1,5,6,1,47,8,1598,1,14,VAUXHALL ASTRA,4,E01026725,0,-1
2020010243160,2020,010243160,1,9,0,99,99,9,9,99,99,0,9,99,9,99,9,9,6,6,1,35,6,1364,1,11,VAUXHALL ASTRA,2,E01003580,0,-1
2020200988495,2020,200988495,2,9,0,18,19,6,2,0,0,1,0,0,0,0,1,1,6,6,2,-1,-1,1399,1,4,VAUXHALL ASTRA,3,E01010144,0,-1
2020450994893,2020,450994893,3,9,0,18,19,5,1,0,0,0,0,0,0,0,1,1,5,6,1,58,9,1796,1,12,VAUXHALL ASTRA,6,E01003002,0,-1
2020010241660,2020,010241660,2,9,0,99,99,9,9,99,99,9,9,99,9,99,9,9,6,6,3,-1,-1,1598,1,9,VAUXHALL ASTRA,-1,-1,0,-1
2020450976736,2020,450976736,2,9,0,18,19,2,6,0,0,0,0,0,0,0,1,1,6,6,3,35,6,1598,1,7,VAUXHALL ASTRA,-1,-1,0,-1
2020031008194,2020,031008194,1,9,0,5,5,1,5,0,0,8,0,0,0,0,3,1,5,6,1,32,6,1598,1,13,VAUXHALL ASTRA,1,E01019095,0,-1
2020302000847,2020,302000847,2,9,0,18,19,5,1,0,0,1,0,0,0,0,0,1,6,6,2,53,8,1598,1,13,VAUXHALL ASTRA,3,E01013453,0,-1
2020522100423,2020,522100423,2,9,0,18,19,7,3,0,0,0,0,0,0,0,0,1,6,6,1,33,6,1399,1,1,VAUXHALL ASTRA,-1,-1,0,-1
2020302001694,2020,302001694,1,9,0,5,5,5,1,0,0,0,0,4,0,0,3,1,6,6,3,-1,-1,1998,1,10,VAUXHALL ASTRA,5,E01019456,0,-1
2020010228534,2020,010228534,1,9,0,18,19,1,5,0,0,1,0,0,0,0,1,1,6,6,2,36,7,1796,1,13,VAUXHALL ASTRA,4,E01003684,0,-1
2020010248469,2020,010248469,2,9,0,18,19,4,8,0,0,1,0,0,0,0,0,1,1,1,1,43,7,1598,2,5,VAUXHALL ASTRA,-1,-1,0,-1
2020010249297,2020,010249297,3,9,0,18,19,5,1,0,0,8,0,0,0,0,1,1,6,6,1,26,6,1598,1,7,VAUXHALL ASTRA,2,E01004129,0,-1
2020200976123,2020,200976123,1,9,0,18,19,4,8,0,0,1,0,0,0,0,3,1,6,6,1,19,4,1398,1,7,VAUXHALL ASTRA,2,E01009266,0,-1
2020010255073,2020,010255073,2,19,0,18,19,3,7,0,0,1,0,0,0,0,1,1,2,2,1,53,8,1686,2,9,VAUXHALL ASTRA,9,E01033609,0,-1
2020010281336,2020,010281336,2,9,0,8,8,2,5,0,0,3,0,0,0,0,0,1,2,2,1,46,8,1598,2,2,VAUXHALL ASTRA,7,E01016209,0,-1
2020200986895,2020,200986895,1,9,0,18,19,4,8,0,0,1,0,0,0,0,1,1,6,6,1,-1,-1,1598,1,20,VAUXHALL ASTRA,-1,-1,0,-1
2020520002886,2020,520002886,1,9,0,18,19,7,3,0,0,0,0,0,0,0,2,1,6,6,2,40,7,1598,1,17,VAUXHALL ASTRA,6,E01029290,0,-1
20201374B1559,2020,1374B1559,2,9,0,18,19,5,1,0,0,0,0,0,0,0,1,1,6,6,1,24,5,1248,2,6,VAUXHALL ASTRA,5,E01007489,0,-1
2020990926704,2020,990926704,4,9,0,18,19,5,1,0,0,0,0,0,0,0,2,1,2,2,1,24,5,1686,2,9,VAUXHALL ASTRA,3,-1,0,-1
2020371002774,2020,371002774,1,9,0,7,7,3,5,0,0,1,0,0,0,0,1,1,5,6,1,73,10,1364,1,4,VAUXHALL ASTRA,6,E01029891,0,-1
2020200990151,2020,200990151,3,9,0,4,4,5,1,0,0,0,0,0,0,0,2,1,6,6,2,39,7,1364,1,5,VAUXHALL ASTRA,1,E01010486,0,-1
2020440041204,2020,440041204,1,9,0,18,19,2,6,0,0,8,0,0,0,0,1,1,6,6,1,49,8,1910,2,13,VAUXHALL ASTRA,9,E01022560,0,-1
2020010263543,2020,010263543,1,9,0,99,99,9,9,99,99,9,9,99,9,99,1,9,2,2,2,38,7,1598,1,7,VAUXHALL ASTRA,1,E01000105,0,-1
2020430032404,2020,430032404,1,9,0,18,19,9,9,0,0,4,0,0,0,0,1,1,6,6,1,32,6,1598,2,3,VAUXHALL ASTRA,8,E01027348,0,-1
2020010236464,2020,010236464,2,9,0,18,19,7,3,0,0,1,0,0,0,0,4,1,1,1,1,32,6,1399,1,1,VAUXHALL ASTRA,6,E01003711,0,-1
2020430206767,2020,430206767,2,9,0,18,19,2,6,0,0,0,1,0,1,9,1,1,6,6,1,48,8,1598,1,15,VAUXHALL ASTRA,7,E01028515,0,-1
202006L272245,2020,06L272245,2,9,0,18,19,5,3,0,0,3,0,0,0,0,1,1,6,6,2,26,6,1364,1,11,VAUXHALL ASTRA,8,E01006384,0,-1
2020460986398,2020,460986398,2,9,0,18,19,7,3,0,0,8,0,0,0,0,3,1,6,6,1,19,4,1796,1,14,VAUXHALL ASTRA,4,E01024570,0,-1
2020451006942,2020,451006942,2,9,0,9,9,1,7,0,0,2,0,0,0,0,3,1,1,1,1,28,6,1598,2,1,VAUXHALL ASTRA,10,E01030754,0,-1
2020210970804,2020,210970804,1,9,0,18,19,2,6,0,0,1,0,0,0,0,1,1,6,6,1,39,7,1686,2,12,VAUXHALL ASTRA,1,E01014249,0,-1
2020010277190,2020,010277190,1,9,0,9,9,7,5,9,9,0,0,4,0,0,1,1,6,6,2,74,10,1598,1,6,VAUXHALL ASTRA,-1,-1,0,-1
202006E373400,2020,06E373400,1,9,0,13,13,7,3,0,0,1,0,10,0,0,1,1,6,6,1,30,6,1598,1,10,VAUXHALL ASTRA,-1,-1,0,-1
2020470921301,2020,470921301,2,9,0,10,10,7,5,0,0,0,0,0,0,0,2,1,1,1,1,38,7,1686,2,14,VAUXHALL ASTRA,9,E01022879,0,-1
2020230937228,2020,230937228,1,9,0,5,5,4,8,0,0,0,0,4,0,0,1,1,5,6,1,30,6,1598,1,10,VAUXHALL ASTRA,3,E01031174,0,-1
2020302001246,2020,302001246,2,9,0,18,19,8,4,0,0,8,0,0,0,0,3,1,6,6,2,35,6,1598,1,10,VAUXHALL ASTRA,3,E01013532,0,-1
2020522100491,2020,522100491,1,9,0,9,9,5,4,0,0,6,0,0,0,0,1,1,6,6,2,68,10,1598,2,5,VAUXHALL ASTRA,10,E01014934,0,-1
2020522004114,2020,522004114,2,9,0,18,19,7,3,0,0,0,0,0,0,0,1,1,6,6,1,21,5,1598,1,15,VAUXHALL ASTRA,5,E01014431,0,-1
2020201025892,2020,201025892,1,9,0,18,19,5,1,0,0,4,2,0,0,0,1,1,6,6,3,-1,-1,1598,1,12,VAUXHALL ASTRA,-1,-1,0,-1
2020200980057,2020,200980057,1,9,0,18,19,4,8,0,0,0,0,0,0,0,1,1,6,6,2,44,7,1796,1,11,VAUXHALL ASTRA,2,E01008942,0,-1
2020547142220,2020,547142220,2,9,0,18,19,5,1,0,0,1,0,0,1,11,1,1,1,1,1,59,9,1598,2,2,VAUXHALL ASTRA,8,E01031977,0,-1
202006Q174765,2020,06Q174765,1,9,0,18,19,4,8,0,0,0,0,0,0,0,1,1,6,6,3,-1,-1,1686,2,14,VAUXHALL ASTRA,-1,-1,0,-1
2020170S31830,2020,170S31830,2,9,0,9,9,3,1,0,0,4,0,0,0,0,1,1,6,6,1,34,6,-1,-1,-1,VAUXHALL ASTRA,3,E01012287,0,-1
2020522100292,2020,522100292,1,9,0,3,3,8,4,0,0,1,0,0,0,0,1,1,6,6,1,25,5,1598,1,12,VAUXHALL ASTRA,4,E01014612,0,-1
202063DF01220,2020,63DF01220,3,9,0,2,2,0,0,0,0,0,0,0,0,0,0,1,6,6,2,41,7,1598,1,10,VAUXHALL ASTRA,8,W01000443,0,-1
2020450955410,2020,450955410,2,9,0,18,19,3,7,0,0,0,0,0,0,0,1,1,6,6,1,51,8,1598,1,20,VAUXHALL ASTRA,8,E01030722,0,-1
2020990960223,2020,990960223,2,9,0,18,19,4,8,0,0,0,0,0,0,0,4,1,5,6,1,20,4,1364,1,5,VAUXHALL ASTRA,1,-1,0,-1
2020010245098,2020,010245098,2,9,9,99,99,9,9,99,99,0,9,99,9,99,9,9,6,6,1,-1,-1,-1,-1,-1,VAUXHALL ASTRA,1,E01021323,0,-1
2020140994296,2020,140994296,1,9,0,9,9,6,4,0,0,2,0,0,0,0,1,1,2,2,1,22,5,1598,1,10,VAUXHALL ASTRA,1,E01008100,0,-1
2020500979302,2020,500979302,1,9,0,9,9,7,5,0,0,5,0,0,0,0,1,1,5,6,1,75,10,1598,1,12,VAUXHALL ASTRA,2,E01015074,0,-1
2020501006913,2020,501006913,2,9,0,18,19,3,7,0,0,0,0,0,0,0,4,1,6,6,1,26,6,1598,1,18,VAUXHALL ASTRA,1,E01015145,0,-1
2020460971688,2020,460971688,1,9,0,9,9,7,4,0,0,1,0,0,0,0,1,1,6,6,1,22,5,1364,1,14,VAUXHALL ASTRA,3,E01024279,0,-1
2020137A61418,2020,137A61418,1,9,0,9,9,1,5,0,0,8,0,0,0,0,2,1,6,6,1,40,7,1598,1,11,VAUXHALL ASTRA,-1,-1,0,-1
2020220949801,2020,220949801,1,9,0,4,4,5,1,0,0,0,0,0,0,0,1,1,1,1,1,39,7,1598,2,1,VAUXHALL ASTRA,8,E01032208,0,-1
2020320611208,2020,320611208,4,9,0,18,19,6,2,0,0,1,0,0,0,0,0,1,6,6,3,40,7,1598,2,4,VAUXHALL ASTRA,-1,-1,0,-1
2020990925878,2020,990925878,1,9,0,4,4,7,3,9,9,0,1,0,7,0,1,1,1,1,1,25,5,1248,2,6,VAUXHALL ASTRA,3,-1,0,-1
2020430096172,2020,430096172,2,9,0,7,7,4,8,0,0,8,0,0,0,0,3,1,2,2,2,44,7,1956,2,8,VAUXHALL ASTRA,10,E01028460,0,-1
2020501015648,2020,501015648,1,9,0,17,19,1,5,0,0,1,1,0,0,0,1,1,5,6,1,25,5,1686,2,10,VAUXHALL ASTRA,3,E01019070,0,-1
2020010237304,2020,010237304,1,9,0,99,99,9,9,99,99,9,9,99,9,99,9,9,2,2,1,31,6,1399,1,4,VAUXHALL ASTRA,7,E01017925,0,-1
2020101030172,2020,101030172,2,9,-1,-1,-1,-1,-1,-1,-1,0,-1,-1,-1,0,-1,1,1,1,1,-1,-1,1598,2,3,VAUXHALL ASTRA,-1,-1,0,-1
2020990969476,2020,990969476,1,9,0,18,19,6,2,0,0,6,0,0,3,11,1,1,5,6,1,57,9,1598,1,15,VAUXHALL ASTRA,1,-1,0,-1
2020010251031,2020,010251031,2,9,0,4,4,5,1,0,0,0,0,0,0,0,2,1,6,6,1,27,6,1956,2,8,VAUXHALL ASTRA,1,E01003052,0,-1
2020460983976,2020,460983976,4,9,0,10,10,7,3,0,0,4,0,0,0,0,1,1,6,6,1,26,6,1598,2,2,VAUXHALL ASTRA,6,E01000790,0,-1
2020500968309,2020,500968309,1,9,0,9,9,5,6,0,0,1,0,0,0,0,1,1,5,6,1,67,10,1398,1,5,VAUXHALL ASTRA,7,E01020233,0,-1
2020471008547,2020,471008547,1,9,0,18,19,5,1,0,0,0,0,0,1,0,1,1,5,6,2,25,5,1398,1,6,VAUXHALL ASTRA,4,E01021177,0,-1
20201376K0580,2020,1376K0580,1,9,0,9,9,6,2,0,0,6,0,0,0,0,3,1,6,6,2,25,5,1956,2,10,VAUXHALL ASTRA,7,E01011127,0,-1
2020200930190,2020,200930190,1,9,0,18,19,7,3,0,0,0,0,0,0,0,1,1,6,6,1,25,5,1398,1,7,VAUXHALL ASTRA,-1,-1,0,-1
2020110922500,2020,110922500,2,9,0,18,19,5,1,0,0,3,0,0,0,0,3,1,6,6,2,21,5,1598,1,10,VAUXHALL ASTRA,4,E01032545,0,-1
2020100958254,2020,100958254,2,9,0,18,19,3,7,0,0,1,0,0,1,0,0,1,2,2,2,29,6,1998,1,16,VAUXHALL ASTRA,5,E01027480,0,-1
2020370988125,2020,370988125,2,9,0,3,3,7,3,0,0,1,0,0,0,0,2,1,5,6,1,43,7,1686,2,9,VAUXHALL ASTRA,5,E01030267,0,-1
2020541307420,2020,541307420,1,9,0,4,4,5,3,0,0,0,0,0,0,0,2,1,6,6,2,39,7,1364,1,10,VAUXHALL ASTRA,5,E01015554,0,-1
2020460943562,2020,460943562,4,9,0,2,2,6,2,0,0,0,0,0,0,0,2,1,5,6,1,55,8,999,1,4,VAUXHALL ASTRA,7,E01024251,0,-1
2020122001296,2020,122001296,1,9,0,17,19,1,5,0,0,0,0,0,0,0,1,1,6,6,1,22,5,1399,1,2,VAUXHALL ASTRA,4,E01027910,0,-1
2020040922771,2020,040922771,1,9,0,9,9,7,2,0,0,8,0,0,0,0,3,1,5,6,1,61,9,1399,1,1,VAUXHALL ASTRA,9,E01012598,0,-1
2020100965595,2020,100965595,1,9,0,18,19,7,3,0,0,8,0,0,0,0,1,1,6,6,2,44,7,1364,1,10,VAUXHALL ASTRA,2,E01020842,0,-1
20201376N0259,2020,1376N0259,1,9,0,18,19,6,2,0,0,0,1,0,1,11,3,1,6,6,2,38,7,1364,1,14,VAUXHALL ASTRA,1,E01010832,0,-1
2020100971713,2020,100971713,1,9,0,11,11,5,1,0,0,1,0,0,1,0,1,1,2,2,2,36,7,1399,1,2,VAUXHALL ASTRA,2,E01008812,0,-1
2020990925303,2020,990925303,1,9,0,18,19,5,1,0,0,0,2,0,7,4,1,1,5,6,2,17,4,1796,1,11,VAUXHALL ASTRA,-1,-1,0,-1
2020010242866,2020,010242866,1,9,0,18,19,1,5,0,0,1,1,0,0,0,1,1,6,6,1,24,5,1796,1,16,VAUXHALL ASTRA,7,E01003778,0,-1
2020530917030,2020,530917030,1,9,0,18,19,1,5,7,6,0,1,10,1,0,1,1,1,1,1,-1,-1,1598,2,0,VAUXHALL ASTRA,5,E01022420,0,-1
2020170M30870,2020,170M30870,2,9,0,18,19,2,6,0,0,1,0,0,0,0,1,1,2,2,1,28,6,1598,1,6,VAUXHALL ASTRA,6,E01033472,0,-1
2020500994124,2020,500994124,1,9,0,10,10,4,8,0,0,1,0,0,0,0,4,1,6,6,2,54,8,1389,1,24,VAUXHALL ASTRA,6,E01019928,0,-1
2020361013637,2020,361013637,4,9,0,18,19,1,4,0,0,8,0,0,0,0,1,1,5,6,2,35,6,1598,1,5,VAUXHALL ASTRA,4,E01026790,0,-1
2020100980460,2020,100980460,2,9,0,4,4,2,6,0,0,1,0,0,0,0,2,1,5,6,1,20,4,1910,2,13,VAUXHALL ASTRA,2,E01008744,0,-1
2020100997849,2020,100997849,1,9,0,11,11,1,8,0,0,0,0,0,0,0,1,1,5,6,1,25,5,1248,2,6,VAUXHALL ASTRA,2,E01027551,0,-1
2020430087992,2020,430087992,2,9,0,18,19,7,3,0,0,0,0,0,0,0,1,1,6,6,1,20,4,1686,2,8,VAUXHALL ASTRA,-1,-1,0,-1
2020460926410,2020,460926410,1,9,0,9,9,2,5,0,0,1,0,0,0,0,1,1,6,6,1,50,8,1598,1,9,VAUXHALL ASTRA,10,E01024854,0,-1
2020410926406,2020,410926406,2,9,0,18,19,5,1,0,0,0,0,0,0,0,2,1,6,6,1,18,4,1364,1,10,VAUXHALL ASTRA,3,E01033150,0,-1
2020010274639,2020,010274639,2,9,0,11,11,3,7,0,0,8,0,0,0,0,1,1,6,6,1,49,8,1686,2,9,VAUXHALL ASTRA,-1,-1,0,-1
202031C160020,2020,31C160020,2,9,0,18,19,1,5,0,0,8,0,0,0,0,1,1,6,6,1,46,8,1598,1,12,VAUXHALL ASTRA,2,E01013933,0,-1
2020140974643,2020,140974643,1,9,0,9,9,4,4,0,0,1,0,0,0,0,4,1,6,6,2,18,4,1248,2,9,VAUXHALL ASTRA,6,E01007838,0,-1
202006P367749,2020,06P367749,1,9,0,18,19,7,3,0,0,0,0,0,0,0,1,1,2,2,1,31,6,1598,2,4,VAUXHALL ASTRA,1,E01005529,0,-1
20201377V1231,2020,1377V1231,1,9,0,18,19,5,1,0,0,0,0,0,0,0,0,1,6,6,3,-1,-1,1796,1,15,VAUXHALL ASTRA,-1,-1,0,-1
2020531005287,2020,531005287,1,9,0,9,9,7,3,0,0,6,0,0,0,0,1,1,2,2,2,60,9,1398,1,6,VAUXHALL ASTRA,2,E01022457,0,-1
2020460976389,2020,460976389,2,9,0,18,19,1,5,0,0,0,0,0,5,7,2,1,6,6,2,21,5,1598,1,10,VAUXHALL ASTRA,3,E01016012,0,-1
2020122001333,2020,122001333,1,9,0,3,3,5,1,0,0,0,0,0,0,0,1,1,6,6,1,31,6,1364,1,10,VAUXHALL ASTRA,10,E01013372,0,-1
20201371A2049,2020,1371A2049,2,9,0,10,10,7,3,0,0,1,0,11,0,0,1,1,6,6,1,26,6,1364,7,15,VAUXHALL ASTRA,3,E01011123,0,-1
2020010262613,2020,010262613,2,9,0,99,99,9,9,99,99,9,9,99,9,99,9,9,6,6,3,-1,-1,-1,-1,-1,VAUXHALL ASTRA,1,E01001559,0,-1
2020211023865,2020,211023865,2,9,0,3,3,8,4,0,0,0,0,0,0,0,2,1,6,6,2,61,9,1598,2,4,VAUXHALL ASTRA,6,E01014299,0,-1
2020010268867,2020,010268867,2,9,0,18,19,8,4,0,0,0,0,0,0,0,0,1,6,6,3,-1,-1,1399,1,1,VAUXHALL ASTRA,-1,-1,0,-1
2020052002682,2020,052002682,2,9,0,18,19,7,3,0,0,0,0,0,0,0,1,1,6,6,2,38,7,1398,1,6,VAUXHALL ASTRA,2,E01007176,0,-1
2020460995733,2020,460995733,1,9,0,12,12,3,7,0,0,1,0,10,0,0,4,1,6,6,1,36,7,1598,1,7,VAUXHALL ASTRA,9,E01024100,0,-1
2020990943199,2020,990943199,2,9,0,18,19,3,7,2,2,0,1,0,0,0,3,1,6,6,1,44,7,1598,1,17,VAUXHALL ASTRA,10,-1,0,-1
2020070513801,2020,070513801,2,9,0,10,10,8,6,0,0,1,0,0,0,0,2,1,6,6,2,32,6,1598,1,11,VAUXHALL ASTRA,1,E01018519,0,-1
2020040936912,2020,040936912,2,9,0,4,4,7,3,0,0,0,0,0,0,0,2,1,5,6,1,75,10,-1,-1,-1,VAUXHALL ASTRA,3,E01012694,0,-1
2020501016033,2020,501016033,1,9,0,4,4,1,5,0,0,1,1,0,1,0,1,1,5,6,1,37,7,1686,2,17,VAUXHALL ASTRA,2,E01015157,0,-1
2020140995655,2020,140995655,2,9,0,18,19,3,7,0,0,4,0,0,0,0,1,1,2,2,1,25,5,1598,1,16,VAUXHALL ASTRA,2,E01007531,0,-1
2020531008568,2020,531008568,5,9,0,11,11,6,2,0,0,0,1,0,0,0,1,1,6,6,2,40,7,1364,1,13,VAUXHALL ASTRA,9,E01014762,0,-1
20201379R1473,2020,1379R1473,1,9,0,18,19,7,3,0,0,0,0,0,0,0,3,1,6,6,2,34,6,1598,1,10,VAUXHALL ASTRA,7,E01011393,0,-1
2020100959314,2020,100959314,2,9,0,9,9,5,3,0,0,1,0,0,0,0,4,1,6,6,1,45,7,1398,1,10,VAUXHALL ASTRA,4,E01008654,0,-1
2020460992084,2020,460992084,3,9,0,3,3,1,5,0,0,0,0,0,0,0,2,1,6,6,1,32,6,1796,1,11,VAUXHALL ASTRA,4,E01016048,0,-1
2020101007722,2020,101007722,2,9,0,18,19,6,2,0,0,0,0,0,0,0,1,1,6,6,1,38,7,1686,2,9,VAUXHALL ASTRA,5,E01008416,0,-1
2020991012894,2020,991012894,1,9,0,18,19,2,6,0,0,6,0,0,1,0,1,1,5,6,1,29,6,1910,2,14,VAUXHALL ASTRA,5,-1,0,-1
2020010283542,2020,010283542,1,9,0,18,19,3,7,0,0,6,0,0,1,0,1,1,6,6,1,20,4,1796,1,13,VAUXHALL ASTRA,4,E01004642,0,-1
2020450949319,2020,450949319,2,9,0,18,19,5,1,0,0,0,0,0,0,0,0,1,6,6,2,20,4,1364,1,13,VAUXHALL ASTRA,7,E01030651,0,-1
2020522003123,2020,522003123,1,9,0,18,19,8,4,0,0,0,0,0,0,0,1,1,6,6,1,19,4,1364,1,14,VAUXHALL ASTRA,7,E01015017,0,-1
2020230994056,2020,230994056,1,9,0,18,19,7,3,0,0,0,0,0,1,7,4,1,5,6,1,34,6,1598,1,13,VAUXHALL ASTRA,4,E01010007,0,-1
2020010242286,2020,010242286,2,9,0,15,15,7,3,0,0,0,0,0,0,0,1,1,1,1,2,39,7,1598,1,6,VAUXHALL ASTRA,2,E01002282,0,-1
2020421006921,2020,421006921,2,9,0,18,19,3,7,0,0,0,0,0,1,2,1,1,6,6,1,69,10,1598,2,4,VAUXHALL ASTRA,2,E01021327,0,-1
2020990926004,2020,990926004,2,9,0,18,19,8,4,0,0,1,0,0,0,0,1,1,6,6,2,67,10,1598,1,7,VAUXHALL ASTRA,5,-1,0,-1
2020052002092,2020,052002092,1,9,0,6,6,1,1,0,0,1,0,0,0,0,4,1,6,6,1,22,5,1598,1,10,VAUXHALL ASTRA,7,E01012561,0,-1
2020070658696,2020,070658696,2,9,0,10,10,8,6,0,0,1,0,0,0,0,4,1,2,2,1,57,9,1364,1,14,VAUXHALL ASTRA,2,E01012506,0,-1
202006L273830,2020,06L273830,1,9,0,9,9,8,6,0,0,8,0,0,0,0,1,1,6,6,1,30,6,1398,1,8,VAUXHALL ASTRA,8,E01006251,0,-1
2020010241557,2020,010241557,1,9,0,5,5,7,3,0,0,2,0,0,0,0,1,1,6,6,1,64,9,1796,1,15,VAUXHALL ASTRA,2,E01001462,0,-1
2020522001667,2020,522001667,2,9,0,18,19,6,2,0,0,1,0,0,0,0,1,1,6,6,2,22,5,999,1,2,VAUXHALL ASTRA,7,E01014949,0,-1
2020500950946,2020,500950946,1,9,0,18,19,2,6,0,0,8,0,0,0,0,1,1,5,6,1,21,5,1598,2,4,VAUXHALL ASTRA,6,E01004800,0,-1
2020160962570,2020,160962570,1,9,0,3,3,4,8,0,0,1,0,0,0,0,4,1,2,2,2,45,7,1686,2,8,VAUXHALL ASTRA,1,E01013210,0,-1
2020010238614,2020,010238614,1,9,0,16,19,4,8,0,0,1,0,4,0,0,1,1,6,6,2,49,8,1796,1,12,VAUXHALL ASTRA,2,E01015931,0,-1
2020350952484,2020,350952484,1,9,0,17,19,3,7,0,0,8,0,0,0,0,1,1,2,2,2,41,7,1598,1,8,VAUXHALL ASTRA,4,E01018146,0,-1
2020990920831,2020,990920831,1,9,0,18,19,7,3,0,0,2,1,0,0,0,1,1,6,6,1,23,5,1399,1,3,VAUXHALL ASTRA,5,-1,0,-1
2020440298269,2020,440298269,2,9,0,13,13,8,4,0,0,0,0,0,0,0,4,1,6,6,2,49,8,1399,1,1,VAUXHALL ASTRA,10,E01022740,0,-1
2020010254524,2020,010254524,1,9,0,99,99,9,9,99,99,9,9,99,9,99,4,9,6,6,2,-1,-1,1796,1,13,VAUXHALL ASTRA,2,E01001594,0,-1
2020010247103,2020,010247103,2,9,0,4,4,3,7,0,0,1,0,0,0,0,2,1,6,6,1,56,9,1598,1,6,VAUXHALL ASTRA,9,E01000696,0,-1
2020622000728,2020,622000728,2,9,0,9,9,6,4,0,0,1,0,0,0,0,0,1,6,6,1,74,10,1398,1,9,VAUXHALL ASTRA,9,W01001294,0,-1
2020201014049,2020,201014049,1,9,0,3,3,5,1,0,0,2,0,0,0,0,1,1,6,6,1,25,5,1248,2,10,VAUXHALL ASTRA,3,E01010050,0,-1
2020622000221,2020,622000221,2,9,0,4,4,2,6,0,0,0,0,0,0,0,2,1,6,6,1,22,5,1686,2,8,VAUXHALL ASTRA,8,W01001944,0,-1
2020010279392,2020,010279392,1,9,0,18,19,7,3,0,0,1,0,0,0,0,1,1,1,1,1,33,6,1399,1,1,VAUXHALL ASTRA,7,E01003456,0,-1
2020460948798,2020,460948798,2,9,0,2,2,0,0,0,0,0,0,0,0,0,2,1,5,6,2,-1,-1,1598,1,11,VAUXHALL ASTRA,4,E01016129,0,-1
2020351012464,2020,351012464,4,9,0,18,19,5,1,0,0,0,0,0,0,0,0,1,1,1,3,-1,-1,1598,2,2,VAUXHALL ASTRA,-1,-1,0,-1
2020990985451,2020,990985451,1,9,0,18,19,5,8,0,0,1,0,0,0,0,1,1,6,6,1,78,11,1598,1,17,VAUXHALL ASTRA,1,-1,0,-1
2020010274427,2020,010274427,2,9,0,9,9,3,2,99,99,9,9,0,0,0,1,1,6,6,1,-1,-1,1796,1,13,VAUXHALL ASTRA,-1,-1,0,-1
2020201009603,2020,201009603,2,9,0,5,5,1,7,0,0,1,0,0,0,0,2,1,6,6,1,19,4,1598,1,14,VAUXHALL ASTRA,1,E01009640,0,-1
2020041000602,2020,041000602,1,9,0,18,19,1,5,0,0,0,1,0,0,0,3,1,2,2,1,35,6,1686,2,10,VAUXHALL ASTRA,2,E01004813,0,-1
202006G275213,2020,06G275213,1,9,0,18,19,2,6,0,0,0,0,0,0,0,3,1,6,6,1,28,6,1399,1,1,VAUXHALL ASTRA,3,E01005972,0,-1
2020471005902,2020,471005902,1,9,0,9,9,6,4,0,0,6,0,0,0,0,1,1,5,6,2,25,5,1686,2,7,VAUXHALL ASTRA,10,E01020942,0,-1
2020420949149,2020,420949149,1,9,0,5,5,3,7,0,0,8,0,0,0,0,4,1,1,1,1,45,7,1598,2,3,VAUXHALL ASTRA,8,E01021544,0,-1
202031B026720,2020,31B026720,1,9,0,14,14,5,1,0,0,1,0,0,0,0,3,1,6,6,1,-1,-1,1598,1,15,VAUXHALL ASTRA,2,E01028044,0,-1
2020440347344,2020,440347344,3,9,0,2,2,0,0,0,0,0,0,0,0,0,2,1,6,6,1,63,9,1598,2,3,VAUXHALL ASTRA,7,E01023030,0,-1
2020140923330,2020,140923330,1,9,0,14,14,2,6,0,0,0,0,0,0,0,1,1,2,2,1,40,7,1364,1,10,VAUXHALL ASTRA,8,E01007672,0,-1
2020137AU1175,2020,137AU1175,1,9,0,18,19,8,4,0,0,0,0,0,0,0,1,1,6,6,1,52,8,1686,2,10,VAUXHALL ASTRA,1,E01011745,0,-1
2020302000655,2020,302000655,1,9,0,9,9,6,4,0,0,5,0,0,0,0,1,2,6,6,1,28,6,-1,-1,-1,VAUXHALL ASTRA,4,E01019864,0,-1
2020010244928,2020,010244928,2,9,0,18,19,5,1,0,0,1,0,0,0,0,0,1,1,1,1,39,7,1399,1,1,VAUXHALL ASTRA,3,E01001045,0,-1
2020141005639,2020,141005639,1,9,0,17,19,1,6,0,0,0,0,0,2,11,4,1,2,2,1,26,6,1796,1,11,VAUXHALL ASTRA,1,E01008100,0,-1
2020440029125,2020,440029125,1,9,0,18,19,3,7,0,0,0,1,0,0,0,1,1,3,7,1,40,7,1686,2,15,VAUXHALL ASTRA,9,E01022909,0,-1
2020040925867,2020,040925867,2,9,0,15,15,5,1,0,0,0,0,0,0,0,2,1,2,2,1,47,8,1686,2,18,VAUXHALL ASTRA,1,E01024877,0,-1