collision_index,collision_year,collision_ref_no,vehicle_reference,vehicle_type,towing_and_articulation,vehicle_manoeuvre_historic,vehicle_manoeuvre,vehicle_direction_from,vehicle_direction_to,vehicle_location_restricted_lane_historic,vehicle_location_restricted_lane,junction_location,skidding_and_overturning,hit_object_in_carriageway,vehicle_leaving_carriageway,hit_object_off_carriageway,first_point_of_impact,vehicle_left_hand_drive,journey_purpose_of_driver_historic,journey_purpose_of_driver,sex_of_driver,age_of_driver,age_band_of_driver,engine_capacity_cc,propulsion_code,age_of_vehicle,generic_make_model,driver_imd_decile,lsoa_of_driver,escooter_flag,driver_distance_banding
2020420953150,2020,420953150,1,9,0,13,13,2,6,0,0,1,1,0,0,0,1,1,1,1,1,24,5,1598,2,2,VAUXHALL ASTRA,4,E01021651,0,-1
2020440419533,2020,440419533,1,9,0,18,19,6,2,0,0,0,0,0,7,11,1,1,2,2,2,37,7,1598,1,8,VAUXHALL ASTRA,4,E01017087,0,-1
2020990920671,2020,990920671,1,9,0,9,9,5,2,0,0,8,0,0,0,0,4,1,5,6,1,41,7,1598,1,8,VAUXHALL ASTRA,3,-1,0,-1
2020170M21830,2020,170M21830,1,9,0,18,19,8,4,0,0,0,0,0,0,0,1,1,6,6,1,23,5,1796,1,13,VAUXHALL ASTRA,1,E01012016,0,-1
2020470984761,2020,470984761,2,9,0,9,9,5,3,0,0,1,0,0,0,0,3,1,5,6,1,41,7,1956,2,8,VAUXHALL ASTRA,8,E01021233,0,-1
2020052000043,2020,052000043,1,9,0,18,19,3,7,0,0,0,9,0,0,0,1,1,6,6,2,25,5,1364,1,12,VAUXHALL ASTRA,2,E01033751,0,-1
2020040930486,2020,040930486,1,9,0,16,19,4,8,0,0,8,0,0,7,11,1,1,5,6,1,28,6,1796,1,13,VAUXHALL ASTRA,3,E01025310,0,-1
2020421002378,2020,421002378,1,9,0,18,19,1,5,0,0,0,0,0,0,0,1,1,6,6,1,41,7,1598,1,6,VAUXHALL ASTRA,2,E01000078,0,-1
2020460971756,2020,460971756,1,9,0,10,10,7,5,0,0,5,0,0,0,0,1,1,6,6,1,79,11,1399,1,2,VAUXHALL ASTRA,2,E01000431,0,-1
2020040962790,2020,040962790,1,9,0,5,5,3,7,0,0,4,0,0,0,0,1,1,6,6,2,74,10,1598,1,6,VAUXHALL ASTRA,5,E01025572,0,-1
2020430390967,2020,430390967,1,9,0,4,4,7,3,0,0,2,0,0,0,0,0,1,1,1,1,28,6,1598,2,2,VAUXHALL ASTRA,7,E01017839,0,-1
2020040987579,2020,040987579,2,9,0,18,19,5,1,0,0,0,0,0,0,0,1,1,5,6,2,52,8,1796,1,14,VAUXHALL ASTRA,3,E01025143,0,-1
20201378T0657,2020,1378T0657,1,9,0,3,3,7,3,0,0,7,0,0,0,0,2,1,6,6,2,51,8,1796,1,11,VAUXHALL ASTRA,5,E01013119,0,-1
2020450983650,2020,450983650,1,9,0,18,19,1,5,0,0,0,0,0,0,0,2,1,5,6,1,85,11,1598,1,12,VAUXHALL ASTRA,9,E01003905,0,-1
2020622000214,2020,622000214,1,9,0,18,19,5,1,0,0,4,0,0,0,0,1,1,6,6,1,30,6,1248,2,8,VAUXHALL ASTRA,1,W01001742,0,-1
2020411007823,2020,411007823,2,9,0,18,19,5,1,0,0,0,0,0,0,0,1,1,6,6,1,23,5,1598,1,8,VAUXHALL ASTRA,10,E01033025,0,-1
2020140999514,2020,140999514,2,9,0,18,19,3,7,0,0,0,0,4,0,0,1,1,6,6,3,-1,-1,1598,1,9,VAUXHALL ASTRA,-1,-1,0,-1
2020470986149,2020,470986149,1,9,0,18,19,3,7,0,0,0,0,0,0,0,1,1,5,6,2,27,6,1598,1,6,VAUXHALL ASTRA,3,E01031347,0,-1
2020440335754,2020,440335754,1,9,0,18,19,7,3,0,0,8,0,0,0,0,1,1,2,2,1,36,7,1362,1,7,VAUXHALL ASTRA,10,E01023173,0,-1
2020052001473,2020,052001473,2,9,0,18,19,1,5,0,0,8,0,0,0,0,4,1,6,6,1,35,6,1364,1,12,VAUXHALL ASTRA,5,E01006593,0,-1
2020450949107,2020,450949107,1,9,0,17,19,3,7,0,0,2,0,0,1,10,1,1,5,6,2,30,6,1686,2,12,VAUXHALL ASTRA,8,E01030491,0,-1
2020500948260,2020,500948260,1,9,0,5,5,3,6,0,0,8,0,0,0,0,1,1,2,2,1,31,6,1598,1,16,VAUXHALL ASTRA,2,E01015053,0,-1
2020010243093,2020,010243093,1,9,0,4,4,5,1,0,0,0,0,0,0,0,3,1,2,2,1,33,6,1398,1,7,VAUXHALL ASTRA,3,E01003532,0,-1
2020302001070,2020,302001070,1,9,0,7,7,5,6,0,0,0,0,0,0,0,3,1,6,6,1,21,5,1598,1,10,VAUXHALL ASTRA,3,E01017242,0,-1
2020990939797,2020,990939797,2,9,0,18,19,5,2,0,0,1,0,0,7,0,1,1,5,6,1,77,11,1398,1,10,VAUXHALL ASTRA,2,-1,0,-1
2020137581165,2020,137581165,1,9,0,5,5,3,1,0,0,6,0,0,0,0,3,1,6,6,2,28,6,1686,2,7,VAUXHALL ASTRA,5,E01012937,0,-1
2020010239097,2020,010239097,4,9,0,4,4,5,1,0,0,8,0,0,0,0,3,1,2,2,1,47,8,1598,1,11,VAUXHALL ASTRA,2,E01004365,0,-1
2020470980899,2020,470980899,2,9,0,18,19,4,1,0,0,1,0,0,0,0,4,1,5,6,1,69,10,1598,1,18,VAUXHALL ASTRA,9,E01021072,0,-1
2020340C02672,2020,340C02672,1,9,0,12,12,7,5,0,0,1,0,0,0,0,2,1,6,6,1,31,6,1398,1,6,VAUXHALL ASTRA,2,E01003320,0,-1
2020010279368,2020,010279368,2,9,0,4,4,3,7,0,0,1,0,0,0,0,0,1,1,1,1,30,6,1399,1,1,VAUXHALL ASTRA,3,E01001045,0,-1
2020471010536,2020,471010536,2,9,0,18,19,7,3,0,0,4,0,0,0,0,1,1,2,2,2,33,6,1598,1,15,VAUXHALL ASTRA,1,E01016867,0,-1
2020530979941,2020,530979941,3,9,0,18,19,2,6,0,0,0,0,0,0,0,0,1,1,1,2,-1,-1,1598,2,3,VAUXHALL ASTRA,-1,-1,0,-1
2020460935646,2020,460935646,1,9,0,7,7,3,7,0,0,0,0,0,7,0,1,1,5,6,1,46,8,1686,2,11,VAUXHALL ASTRA,5,E01024400,0,-1
2020360966749,2020,360966749,2,9,0,5,5,7,3,0,0,2,0,0,0,0,4,1,5,6,2,54,8,1796,1,13,VAUXHALL ASTRA,7,E01000791,0,-1
2020420974775,2020,420974775,4,9,0,18,19,1,5,0,0,0,0,0,0,0,0,1,1,1,1,20,4,1598,2,1,VAUXHALL ASTRA,9,E01021781,0,-1
2020010249189,2020,010249189,2,9,0,99,99,9,9,99,99,9,9,99,9,99,1,9,6,6,2,-1,-1,1598,1,9,VAUXHALL ASTRA,2,E01000154,0,-1
2020230943955,2020,230943955,1,19,0,9,9,2,7,0,0,5,1,0,0,0,1,1,5,6,1,31,6,1686,2,8,VAUXHALL ASTRA,5,E01009616,0,-1
2020622000998,2020,622000998,2,9,0,9,9,6,3,0,0,1,0,0,0,0,1,1,6,6,2,46,8,1398,1,5,VAUXHALL ASTRA,6,W01001184,0,-1
2020052001536,2020,052001536,3,9,0,18,19,3,7,0,0,0,0,0,0,0,2,1,6,6,2,35,6,999,1,3,VAUXHALL ASTRA,10,E01007172,0,-1
2020210952345,2020,210952345,2,9,0,7,7,3,5,0,0,0,0,0,0,0,1,1,1,1,1,23,5,1399,1,3,VAUXHALL ASTRA,4,E01029588,0,-1
20201379H0811,2020,1379H0811,1,9,0,9,9,3,1,0,0,5,0,0,0,0,1,1,6,6,2,33,6,1398,1,9,VAUXHALL ASTRA,1,E01011295,0,-1
2020170L50620,2020,170L50620,2,9,0,4,4,6,4,0,0,1,0,0,0,0,2,1,6,6,1,37,7,1598,1,10,VAUXHALL ASTRA,1,E01012099,0,-1
2020340N07532,2020,340N07532,2,9,0,3,3,1,3,0,0,8,0,0,0,0,2,1,6,6,2,27,6,1598,1,12,VAUXHALL ASTRA,4,E01027171,0,-1
2020160935383,2020,160935383,1,9,0,7,7,3,3,0,0,1,0,0,0,0,1,1,5,6,1,59,9,1598,1,12,VAUXHALL ASTRA,4,E01013183,0,-1
2020470997003,2020,470997003,2,9,0,18,19,7,3,0,0,8,0,0,0,0,1,1,5,6,1,83,11,1598,1,18,VAUXHALL ASTRA,10,E01016930,0,-1
2020370933415,2020,370933415,1,9,0,18,19,7,5,0,0,0,0,0,0,0,1,1,5,6,2,37,7,1686,2,15,VAUXHALL ASTRA,6,E01029919,0,-1
2020010269250,2020,010269250,2,9,9,99,99,9,9,0,0,9,9,99,0,0,9,9,6,6,3,-1,-1,1598,1,10,VAUXHALL ASTRA,-1,-1,0,-1
2020010270116,2020,010270116,3,9,0,18,19,3,7,0,0,1,0,0,0,0,0,1,6,6,1,36,7,1399,1,1,VAUXHALL ASTRA,7,E01003456,0,-1
202006F171680,2020,06F171680,2,9,0,10,10,3,1,0,0,8,0,0,0,0,3,1,6,6,1,37,7,1598,1,12,VAUXHALL ASTRA,-1,-1,0,-1
2020010285607,2020,010285607,3,9,0,2,2,0,0,0,0,1,0,0,0,0,0,1,6,6,3,-1,-1,1796,1,14,VAUXHALL ASTRA,-1,-1,0,-1
2020110939017,2020,110939017,1,9,0,1,1,1,5,0,0,0,0,0,0,0,2,1,6,6,3,30,6,1686,2,13,VAUXHALL ASTRA,-1,-1,0,-1
2020450958565,2020,450958565,1,9,0,7,7,3,7,0,0,2,0,11,0,0,1,1,5,6,2,36,7,1399,1,4,VAUXHALL ASTRA,5,E01001038,0,-1
2020010272319,2020,010272319,2,9,0,6,6,3,3,99,99,8,9,0,0,0,9,9,6,6,1,42,7,1364,1,12,VAUXHALL ASTRA,2,E01003593,0,-1
2020361005474,2020,361005474,1,9,0,9,9,7,5,0,0,2,0,0,0,0,1,1,2,2,1,45,7,1598,2,4,VAUXHALL ASTRA,4,E01026667,0,-1
2020010253941,2020,010253941,1,9,0,16,19,7,3,0,0,2,0,0,0,0,1,1,1,1,2,45,7,1910,2,11,VAUXHALL ASTRA,1,E01001944,0,-1
2020220944480,2020,220944480,1,9,0,18,19,8,4,0,0,0,0,0,0,0,1,1,6,6,3,34,6,1998,1,5,VAUXHALL ASTRA,-1,-1,0,-1
2020520003509,2020,520003509,1,9,0,18,19,3,7,0,0,0,0,0,0,0,1,1,6,6,1,23,5,1598,1,10,VAUXHALL ASTRA,2,E01029109,0,-1
2020430182843,2020,430182843,1,9,0,17,19,3,8,0,0,0,2,0,1,4,3,1,2,2,1,30,6,1598,1,14,VAUXHALL ASTRA,10,E01028806,0,-1
2020470922930,2020,470922930,1,9,0,18,19,2,6,0,0,0,0,0,0,0,1,1,6,6,2,68,10,1598,1,5,VAUXHALL ASTRA,9,E01021028,0,-1
2020052000476,2020,052000476,1,9,0,16,19,5,1,0,0,0,0,0,0,0,1,1,6,6,1,80,11,1398,1,5,VAUXHALL ASTRA,2,E01007139,0,-1
2020010243937,2020,010243937,1,9,0,99,99,9,9,99,99,1,9,99,9,99,1,9,6,6,3,45,7,1364,1,14,VAUXHALL ASTRA,3,E01004012,0,-1
2020622100008,2020,622100008,2,9,0,18,19,2,6,0,0,8,0,0,0,0,4,1,6,6,2,30,6,1796,1,13,VAUXHALL ASTRA,3,W01001816,0,-1
2020010273302,2020,010273302,1,9,0,99,99,9,9,99,99,9,9,99,9,99,2,9,2,2,2,33,6,1598,1,9,VAUXHALL ASTRA,2,E01003964,0,-1
202006G177690,2020,06G177690,4,9,0,2,2,0,0,0,0,8,0,0,0,0,2,1,6,6,3,-1,-1,1399,1,3,VAUXHALL ASTRA,-1,-1,0,-1
2020622000707,2020,622000707,1,9,0,15,15,2,6,0,0,2,0,0,0,0,1,1,6,6,2,22,5,1796,1,11,VAUXHALL ASTRA,1,W01000862,0,-1
2020160946884,2020,160946884,1,9,0,18,19,4,8,0,0,1,0,0,0,0,1,1,6,6,1,56,9,1686,2,15,VAUXHALL ASTRA,7,E01013011,0,-1
2020500993777,2020,500993777,1,9,0,18,19,1,3,0,0,1,0,0,0,0,1,1,5,6,1,40,7,1598,1,9,VAUXHALL ASTRA,3,E01015168,0,-1
2020500961684,2020,500961684,1,9,0,18,19,5,1,0,0,0,0,0,1,10,4,1,1,1,1,31,6,1398,1,10,VAUXHALL ASTRA,5,E01019065,0,-1
2020610017120,2020,610017120,1,9,0,9,9,1,6,0,0,0,0,0,0,0,1,1,6,6,1,54,8,1389,1,18,VAUXHALL ASTRA,8,W01001542,0,-1
2020361006069,2020,361006069,1,9,0,1,1,7,3,0,0,0,0,0,0,0,2,1,5,6,1,81,11,1686,2,13,VAUXHALL ASTRA,1,E01026635,0,-1
2020522001920,2020,522001920,2,9,0,18,19,6,2,0,0,8,0,0,0,0,1,1,6,6,1,30,6,1910,2,13,VAUXHALL ASTRA,-1,-1,0,-1
2020302001429,2020,302001429,1,9,0,4,4,6,2,0,0,4,1,0,0,0,1,1,6,6,1,39,7,1598,1,13,VAUXHALL ASTRA,5,E01028092,0,-1
2020160985854,2020,160985854,1,9,0,5,5,1,3,0,0,1,0,0,0,0,1,1,6,6,1,22,5,1598,1,11,VAUXHALL ASTRA,1,E01012928,0,-1
2020991004453,2020,991004453,1,9,0,18,19,5,1,0,0,1,0,0,0,0,1,1,5,6,1,91,11,1598,1,15,VAUXHALL ASTRA,3,-1,0,-1
202054C492320,2020,54C492320,1,9,0,7,7,8,2,0,0,1,0,0,1,0,1,1,2,2,1,46,8,1686,2,7,VAUXHALL ASTRA,1,E01015508,0,-1
20201379D0126,2020,1379D0126,3,9,0,2,2,0,0,0,0,0,0,0,0,0,2,1,6,6,3,-1,-1,1398,1,8,VAUXHALL ASTRA,-1,-1,0,-1
2020320593190,2020,320593190,1,9,0,18,19,3,7,0,0,0,0,0,0,0,1,1,2,2,2,24,5,1598,1,15,VAUXHALL ASTRA,3,E01026271,0,-1
2020410962034,2020,410962034,2,9,0,9,9,8,3,0,0,8,0,0,0,0,3,1,6,6,2,44,7,1796,1,16,VAUXHALL ASTRA,7,E01023760,0,-1
2020320527122,2020,320527122,2,9,0,4,4,2,6,0,0,1,0,0,0,0,2,1,6,6,2,33,6,1248,2,12,VAUXHALL ASTRA,5,E01026414,0,-1
2020420933484,2020,420933484,1,9,0,9,9,3,1,0,0,1,0,0,0,0,1,1,2,2,1,58,9,1910,2,13,VAUXHALL ASTRA,4,E01022028,0,-1
2020410961290,2020,410961290,1,9,0,14,14,8,4,0,0,0,0,0,0,0,4,1,5,6,1,21,5,1598,1,11,VAUXHALL ASTRA,2,E01023641,0,-1
2020440435241,2020,440435241,1,9,0,18,19,7,3,0,0,0,0,0,0,0,2,1,2,2,1,28,6,-1,-1,-1,VAUXHALL ASTRA,4,E01017246,0,-1
2020010238240,2020,010238240,1,9,0,18,19,1,5,0,0,0,0,0,0,0,0,1,1,1,1,31,6,1598,2,5,VAUXHALL ASTRA,2,E01001215,0,-1
2020440321279,2020,440321279,1,9,0,18,19,5,1,0,0,1,0,0,0,0,1,1,2,2,1,22,5,1956,2,8,VAUXHALL ASTRA,8,E01023215,0,-1
2020990930095,2020,990930095,2,9,0,18,19,3,7,0,0,0,0,4,0,0,1,1,6,6,1,55,8,1686,2,7,VAUXHALL ASTRA,6,-1,0,-1
2020010271744,2020,010271744,1,9,0,3,3,5,1,0,0,2,0,0,0,0,2,1,6,6,1,20,4,1598,1,10,VAUXHALL ASTRA,2,E01001959,0,-1
2020400991938,2020,400991938,2,9,0,18,19,5,1,0,0,2,0,0,0,0,2,1,2,2,1,45,7,1686,2,13,VAUXHALL ASTRA,9,E01015747,0,-1
2020070521686,2020,070521686,2,9,0,18,19,7,3,0,0,8,0,0,0,0,3,1,6,6,2,70,10,1399,1,2,VAUXHALL ASTRA,1,E01012545,0,-1
2020351002753,2020,351002753,1,9,0,18,19,5,1,0,0,0,2,0,1,9,3,1,6,6,1,24,5,1686,2,12,VAUXHALL ASTRA,-1,-1,0,-1
2020350922175,2020,350922175,1,9,0,18,19,2,6,0,0,0,1,6,0,0,1,1,5,6,1,22,5,1686,2,11,VAUXHALL ASTRA,4,E01033037,0,-1
2020210993255,2020,210993255,2,9,0,7,7,5,8,0,0,3,0,0,0,0,3,1,2,2,1,27,6,1796,1,16,VAUXHALL ASTRA,7,E01010461,0,-1
2020470998719,2020,470998719,1,9,0,18,19,7,3,0,0,0,5,0,1,0,3,1,2,2,1,33,6,1598,1,20,VAUXHALL ASTRA,2,E01020925,0,-1
2020010243972,2020,010243972,1,9,0,99,99,9,9,99,99,0,9,99,9,99,2,9,6,6,1,27,6,1598,2,3,VAUXHALL ASTRA,6,E01004637,0,-1
2020010265103,2020,010265103,2,9,0,18,19,6,2,99,99,7,0,99,0,0,4,9,6,6,3,-1,-1,1956,2,8,VAUXHALL ASTRA,-1,-1,0,-1
2020100975073,2020,100975073,1,9,0,16,19,1,5,0,0,0,1,0,1,4,1,1,6,6,1,20,4,1598,1,13,VAUXHALL ASTRA,5,E01008397,0,-1
2020010278570,2020,010278570,2,9,0,2,2,0,0,0,0,1,0,0,0,0,1,1,6,6,3,-1,-1,1398,1,8,VAUXHALL ASTRA,-1,-1,0,-1
2020201023282,2020,201023282,3,9,0,2,2,0,0,0,0,2,0,0,0,0,3,1,6,6,3,-1,-1,1956,2,9,VAUXHALL ASTRA,-1,-1,0,-1
2020430068312,2020,430068312,1,9,0,9,9,2,1,0,0,6,0,0,0,0,3,1,6,6,2,33,6,1598,1,11,VAUXHALL ASTRA,-1,-1,0,-1
2020450994663,2020,450994663,1,9,0,18,19,3,7,0,0,4,0,0,1,2,1,1,1,1,1,18,4,1796,1,16,VAUXHALL ASTRA,7,E01020436,0,-1
2020220968416,2020,220968416,2,9,0,18,19,1,5,0,0,0,0,0,0,0,1,1,5,6,1,28,6,1598,1,13,VAUXHALL ASTRA,8,E01029486,0,-1
2020990968252,2020,990968252,1,9,0,18,19,8,3,0,0,0,0,0,8,0,1,1,5,6,1,68,10,1398,1,5,VAUXHALL ASTRA,9,-1,0,-1
2020500972066,2020,500972066,2,9,0,18,19,5,1,0,0,0,0,0,0,0,1,1,6,6,2,36,7,1364,1,14,VAUXHALL ASTRA,6,E01019967,0,-1
2020200980009,2020,200980009,2,9,0,17,19,8,5,0,0,0,0,0,0,0,1,1,6,6,1,23,5,1364,1,10,VAUXHALL ASTRA,1,E01009581,0,-1
2020470947797,2020,470947797,1,9,0,18,19,8,4,0,0,8,0,0,0,0,1,1,5,6,1,55,8,1598,1,11,VAUXHALL ASTRA,9,E01031730,0,-1
2020052001768,2020,052001768,1,9,0,9,9,2,6,0,0,2,0,0,0,0,1,1,6,6,1,48,8,1796,1,14,VAUXHALL ASTRA,1,E01006675,0,-1
2020540233019,2020,540233019,1,9,0,4,4,4,8,0,0,0,0,0,0,0,1,1,6,6,1,61,9,1598,2,3,VAUXHALL ASTRA,9,E01032052,0,-1
2020450968973,2020,450968973,1,9,0,18,19,6,2,0,0,0,0,0,0,0,2,1,1,1,1,25,5,-1,-1,-1,VAUXHALL ASTRA,4,E01022478,0,-1
2020101011819,2020,101011819,2,9,0,2,2,0,0,9,9,0,0,0,0,0,2,1,5,6,1,59,9,1598,1,10,VAUXHALL ASTRA,4,E01008468,0,-1
202031D053420,2020,31D053420,1,9,0,16,19,5,6,0,0,0,0,0,7,2,1,1,6,6,2,18,4,1956,2,7,VAUXHALL ASTRA,10,E01028091,0,-1
2020332000115,2020,332000115,1,9,0,4,4,2,6,0,0,1,0,0,0,0,1,1,6,6,2,24,5,1399,1,2,VAUXHALL ASTRA,3,E01013641,0,-1
2020400979520,2020,400979520,1,9,0,18,19,1,5,0,0,0,5,4,0,0,1,1,6,6,1,26,6,1598,1,11,VAUXHALL ASTRA,2,E01015703,0,-1
2020040937639,2020,040937639,3,9,0,18,19,5,1,0,0,0,0,0,0,0,2,1,5,6,1,35,6,1686,2,11,VAUXHALL ASTRA,6,E01025586,0,-1
2020010249436,2020,010249436,2,9,0,99,99,9,9,99,99,9,9,99,9,99,9,9,6,6,3,-1,-1,1364,1,14,VAUXHALL ASTRA,2,E01002003,0,-1
2020500955093,2020,500955093,1,9,0,18,19,6,2,0,0,1,0,0,0,0,1,1,5,6,2,44,7,1910,2,12,VAUXHALL ASTRA,3,E01019034,0,-1
2020500946221,2020,500946221,2,9,0,17,19,5,2,0,0,0,0,0,0,0,1,1,5,6,2,31,6,1399,1,1,VAUXHALL ASTRA,2,E01018949,0,-1
2020100928039,2020,100928039,1,9,0,18,19,3,7,0,0,2,0,0,0,0,3,1,3,7,2,29,6,1686,2,13,VAUXHALL ASTRA,1,E01008604,0,-1
2020990918286,2020,990918286,1,9,0,7,7,5,3,0,0,1,0,0,0,0,4,1,2,2,2,22,5,1686,2,8,VAUXHALL ASTRA,2,-1,0,-1
2020010242517,2020,010242517,2,9,0,18,19,6,2,2,2,1,0,0,0,0,1,1,6,6,1,30,6,1598,1,8,VAUXHALL ASTRA,-1,-1,0,-1
2020160996672,2020,160996672,2,9,0,3,3,3,7,0,0,1,0,0,0,0,2,1,6,6,2,30,6,1598,2,2,VAUXHALL ASTRA,2,E01012884,0,-1
2020010275948,2020,010275948,2,9,0,99,99,9,9,99,99,0,9,99,9,99,9,9,6,6,3,-1,-1,1598,2,5,VAUXHALL ASTRA,-1,-1,0,-1
2020010282780,2020,010282780,1,9,0,9,9,5,4,0,0,6,0,0,0,0,2,1,6,6,1,28,6,1598,1,13,VAUXHALL ASTRA,4,E01033727,0,-1
2020360975688,2020,360975688,1,9,0,9,9,8,5,0,0,8,0,0,0,0,4,1,5,6,1,28,6,1598,1,14,VAUXHALL ASTRA,1,E01026641,0,-1
2020100985497,2020,100985497,1,9,0,18,19,5,1,0,0,1,2,0,1,11,2,1,5,6,1,30,6,1598,1,14,VAUXHALL ASTRA,2,E01027461,0,-1
2020430030808,2020,430030808,1,9,0,18,19,8,4,0,0,6,0,0,0,0,1,1,6,6,2,30,6,1686,2,7,VAUXHALL ASTRA,6,E01033418,0,-1
2020360991477,2020,360991477,2,9,0,4,4,3,7,0,0,0,0,0,0,0,2,1,5,6,2,40,7,1598,2,5,VAUXHALL ASTRA,1,E01026626,0,-1
202031B033120,2020,31B033120,2,9,0,3,3,8,4,0,0,1,0,0,0,0,2,1,6,6,1,51,8,1598,1,15,VAUXHALL ASTRA,3,E01028310,0,-1
2020010283621,2020,010283621,2,9,0,99,99,9,9,99,99,9,9,99,9,99,1,9,6,6,1,23,5,1598,1,9,VAUXHALL ASTRA,1,E01002852,0,-1
2020460966622,2020,460966622,2,9,0,18,19,3,7,0,0,0,0,0,0,0,2,1,2,2,1,33,6,1598,1,5,VAUXHALL ASTRA,3,E01000335,0,-1
2020040958047,2020,040958047,1,9,0,18,19,1,5,0,0,0,0,0,0,0,1,1,5,6,1,30,6,1598,1,8,VAUXHALL ASTRA,2,E01025070,0,-1
2020400922076,2020,400922076,1,9,0,7,7,3,5,0,0,5,0,0,0,0,4,1,5,6,2,37,7,1598,1,7,VAUXHALL ASTRA,3,E01017605,0,-1
2020010252433,2020,010252433,1,9,0,18,19,3,7,0,0,1,0,0,1,2,1,1,6,6,1,19,4,1598,1,10,VAUXHALL ASTRA,4,E01002677,0,-1
2020461004441,2020,461004441,1,9,0,4,4,7,4,0,0,4,1,9,3,0,1,1,5,6,1,58,9,1598,2,3,VAUXHALL ASTRA,9,E01032813,0,-1
2020522100870,2020,522100870,2,9,0,18,19,1,5,0,0,8,0,0,0,0,1,1,6,6,3,-1,-1,1686,2,14,VAUXHALL ASTRA,-1,-1,0,-1
2020430430582,2020,430430582,1,9,0,2,2,0,0,0,0,0,0,0,0,0,3,1,6,6,2,46,8,1364,1,10,VAUXHALL ASTRA,7,E01017910,0,-1
2020410958229,2020,410958229,1,9,0,18,19,1,5,0,0,0,1,0,4,6,1,1,2,2,1,38,7,-1,-1,-1,VAUXHALL ASTRA,9,E01017702,0,-1
2020230933635,2020,230933635,2,9,0,4,4,2,6,0,0,0,0,0,0,0,2,1,2,2,1,26,6,1598,2,3,VAUXHALL ASTRA,4,E01025953,0,-1
2020400928531,2020,400928531,1,9,0,18,19,5,1,0,0,0,0,0,0,0,1,1,6,6,3,-1,-1,999,1,1,VAUXHALL ASTRA,-1,-1,0,-1
2020500948699,2020,500948699,2,9,0,17,19,8,6,0,0,1,0,0,0,0,4,1,2,2,2,43,7,1598,1,15,VAUXHALL ASTRA,7,E01020268,0,-1
2020010231304,2020,010231304,1,9,0,99,99,9,9,99,99,0,9,99,9,99,9,9,2,2,1,20,4,1364,1,13,VAUXHALL ASTRA,2,E01003168,0,-1
20201378Q1301,2020,1378Q1301,1,9,0,7,7,5,1,0,0,6,0,0,0,0,1,1,6,6,1,-1,-1,1796,1,13,VAUXHALL ASTRA,2,E01010894,0,-1
2020320531203,2020,320531203,3,9,0,2,2,0,0,0,0,0,0,0,1,0,1,1,6,6,2,62,9,1399,1,4,VAUXHALL ASTRA,5,E01026409,0,-1
2020137CB1119,2020,137CB1119,3,9,0,2,2,8,4,0,0,0,0,0,0,0,2,1,6,6,1,34,6,1598,2,4,VAUXHALL ASTRA,3,E01011014,0,-1
2020450936691,2020,450936691,1,9,0,4,4,3,7,0,0,0,0,0,0,0,1,1,1,1,1,19,4,1598,2,1,VAUXHALL ASTRA,7,E01030451,0,-1
2020010255420,2020,010255420,2,9,0,18,19,5,1,0,0,0,0,0,0,0,0,1,6,6,3,-1,-1,1598,2,3,VAUXHALL ASTRA,-1,-1,0,-1
2020140915515,2020,140915515,1,9,0,7,7,1,3,0,0,6,0,0,0,0,1,1,5,6,2,22,5,1362,1,8,VAUXHALL ASTRA,6,E01007521,0,-1
2020420965383,2020,420965383,1,9,0,18,19,7,3,0,0,0,1,0,1,0,1,1,5,6,1,27,6,1598,1,7,VAUXHALL ASTRA,6,E01022000,0,-1
2020100932688,2020,100932688,1,9,0,4,4,3,7,0,0,0,0,0,0,0,1,1,6,6,1,23,5,1598,1,15,VAUXHALL ASTRA,-1,-1,0,-1
20201378B2131,2020,1378B2131,2,9,0,18,19,4,8,0,0,0,0,0,0,0,1,1,6,6,1,66,10,-1,-1,-1,VAUXHALL ASTRA,2,E01011256,0,-1
2020350977741,2020,350977741,2,9,0,3,3,5,7,0,0,4,0,0,0,0,2,1,6,6,1,36,7,1956,2,7,VAUXHALL ASTRA,4,E01015606,0,-1
2020440222114,2020,440222114,2,9,0,9,9,1,7,0,0,8,0,0,0,0,4,1,6,6,1,20,4,1364,1,11,VAUXHALL ASTRA,5,E01017030,0,-1
2020990947146,2020,990947146,1,9,0,14,14,7,3,0,0,1,0,0,0,0,1,1,5,6,2,31,6,1248,2,6,VAUXHALL ASTRA,1,-1,0,-1
2020622000165,2020,622000165,1,9,0,7,7,8,2,0,0,3,0,7,7,0,1,1,6,6,1,39,7,1686,2,7,VAUXHALL ASTRA,4,W01000760,0,-1
2020100934163,2020,100934163,1,9,-1,9,9,7,5,0,0,8,0,0,0,0,4,1,6,6,1,70,10,1598,1,15,VAUXHALL ASTRA,-1,-1,0,-1
2020030987835,2020,030987835,1,9,0,18,19,5,1,0,0,8,5,0,0,0,1,1,6,6,1,43,7,1598,1,13,VAUXHALL ASTRA,1,E01019245,0,-1
2020220970012,2020,220970012,1,9,0,1,1,2,6,0,0,0,0,0,0,0,2,1,5,6,1,38,7,1598,2,6,VAUXHALL ASTRA,8,E01014147,0,-1
2020010254751,2020,010254751,1,9,0,9,9,4,2,0,0,1,0,0,1,0,1,1,6,6,1,23,5,1598,1,15,VAUXHALL ASTRA,3,E01032583,0,-1
202063B047620,2020,63B047620,1,9,0,9,9,7,5,0,0,6,0,0,0,0,1,1,6,6,1,55,8,1686,2,7,VAUXHALL ASTRA,10,W01001936,0,-1