collision_index,collision_year,collision_ref_no,vehicle_reference,vehicle_type,towing_and_articulation,vehicle_manoeuvre_historic,vehicle_manoeuvre,vehicle_direction_from,vehicle_direction_to,vehicle_location_restricted_lane_historic,vehicle_location_restricted_lane,junction_location,skidding_and_overturning,hit_object_in_carriageway,vehicle_leaving_carriageway,hit_object_off_carriageway,first_point_of_impact,vehicle_left_hand_drive,journey_purpose_of_driver_historic,journey_purpose_of_driver,sex_of_driver,age_of_driver,age_band_of_driver,engine_capacity_cc,propulsion_code,age_of_vehicle,generic_make_model,driver_imd_decile,lsoa_of_driver,escooter_flag,driver_distance_banding
2020010269351,2020,010269351,2,9,0,99,99,9,9,99,99,1,9,99,9,99,1,9,6,6,1,20,4,1598,1,7,VAUXHALL ASTRA,3,E01003716,0,-1
20201371F1578,2020,1371F1578,1,9,0,18,19,4,8,0,0,8,0,0,7,11,1,1,6,6,1,37,7,1686,2,10,VAUXHALL ASTRA,3,E01033032,0,-1
2020010265816,2020,010265816,1,9,0,5,5,3,7,0,0,1,0,0,0,0,0,1,1,1,1,32,6,1399,1,1,VAUXHALL ASTRA,-1,-1,0,-1
2020360979291,2020,360979291,1,9,0,18,19,5,1,0,0,0,0,0,0,0,1,1,5,6,1,20,4,1998,1,12,VAUXHALL ASTRA,3,E01026683,0,-1
2020430035557,2020,430035557,1,9,0,9,9,2,8,0,0,8,0,0,0,0,1,1,6,6,1,72,10,1598,1,20,VAUXHALL ASTRA,8,E01016748,0,-1
2020230931169,2020,230931169,1,9,0,17,19,2,7,0,0,0,2,0,1,0,1,1,5,6,1,21,5,1598,1,16,VAUXHALL ASTRA,1,E01031043,0,-1
2020010265508,2020,010265508,2,9,0,5,5,2,6,0,0,6,0,11,0,0,1,1,1,1,1,20,4,1598,1,16,VAUXHALL ASTRA,5,E01000310,0,-1
2020010269890,2020,010269890,1,9,0,9,9,1,7,0,0,2,1,0,0,0,3,1,6,6,1,52,8,1796,1,13,VAUXHALL ASTRA,4,E01003114,0,-1
2020370974420,2020,370974420,1,9,0,16,19,5,1,0,0,0,0,0,7,11,1,1,5,6,1,49,8,1956,2,6,VAUXHALL ASTRA,3,E01029918,0,-1
2020410995928,2020,410995928,2,9,0,18,19,3,7,0,0,8,0,0,0,0,4,1,5,6,2,50,8,999,1,4,VAUXHALL ASTRA,5,E01017569,0,-1
2020101008658,2020,101008658,1,9,0,5,5,7,3,0,0,0,0,0,3,0,1,1,5,6,2,88,11,1598,1,17,VAUXHALL ASTRA,10,E01027538,0,-1
2020010235380,2020,010235380,1,9,0,99,99,9,9,99,99,9,9,99,9,99,2,9,6,6,1,29,6,1598,2,4,VAUXHALL ASTRA,4,E01001241,0,-1
2020990922743,2020,990922743,1,9,0,13,13,2,6,0,0,0,0,0,0,0,1,1,2,2,2,32,6,1956,2,7,VAUXHALL ASTRA,3,-1,0,-1
20201372G1920,2020,1372G1920,2,9,0,17,19,4,8,0,0,8,0,0,0,0,1,1,6,6,1,73,10,1796,1,11,VAUXHALL ASTRA,4,E01011529,0,-1
2020460996102,2020,460996102,1,9,0,18,19,5,1,0,0,1,0,0,0,0,1,1,5,6,1,-1,-1,1598,1,18,VAUXHALL ASTRA,-1,-1,0,-1
2020370986338,2020,370986338,1,9,0,18,19,7,3,0,0,0,1,0,0,0,2,1,1,1,1,26,6,1598,1,17,VAUXHALL ASTRA,1,E01026868,0,-1
2020160970504,2020,160970504,1,9,0,18,19,6,2,0,0,0,5,0,2,4,1,1,6,6,1,35,6,1364,1,13,VAUXHALL ASTRA,3,E01012997,0,-1
2020302001195,2020,302001195,1,9,0,17,19,6,2,0,0,0,1,0,0,0,1,1,6,6,1,-1,-1,1598,1,20,VAUXHALL ASTRA,2,E01029436,0,-1
2020500991327,2020,500991327,2,9,0,18,19,7,3,0,0,2,0,0,0,0,1,1,5,6,1,52,8,-1,-1,-1,VAUXHALL ASTRA,1,E01015267,0,-1
2020010257925,2020,010257925,2,9,0,18,19,1,5,0,0,0,0,0,0,0,1,1,6,6,1,30,6,1598,1,15,VAUXHALL ASTRA,3,E01030400,0,-1
2020010270590,2020,010270590,1,9,0,99,99,9,9,99,99,9,9,99,9,99,9,9,6,6,1,28,6,1399,1,4,VAUXHALL ASTRA,2,E01001754,0,-1
2020500974016,2020,500974016,2,9,0,16,19,3,7,0,0,1,0,0,0,0,1,1,1,1,1,57,9,1598,2,2,VAUXHALL ASTRA,4,E01015029,0,-1
2020010278138,2020,010278138,2,9,0,10,10,3,1,0,0,0,0,0,0,0,1,1,6,6,1,69,10,1598,1,6,VAUXHALL ASTRA,4,E01003220,0,-1
202031D026620,2020,31D026620,1,9,0,5,5,4,8,0,0,1,0,0,0,0,1,1,6,6,1,29,6,1598,1,13,VAUXHALL ASTRA,2,E01028186,0,-1
2020220957310,2020,220957310,1,9,0,18,19,5,1,0,0,0,0,4,1,7,1,1,5,6,2,29,6,1598,1,7,VAUXHALL ASTRA,1,E01010283,0,-1
2020010229464,2020,010229464,1,9,0,99,99,9,9,99,99,9,9,99,9,99,3,9,6,6,2,33,6,1398,1,9,VAUXHALL ASTRA,1,E01000552,0,-1
2020522004485,2020,522004485,1,9,0,16,19,7,1,0,0,2,0,0,0,10,1,1,6,6,1,27,6,1598,1,6,VAUXHALL ASTRA,1,E01014658,0,-1
2020210968569,2020,210968569,2,9,-1,-1,-1,-1,-1,-1,-1,-1,-1,-1,-1,0,-1,1,6,6,2,39,7,1956,2,9,VAUXHALL ASTRA,5,E01029348,0,-1
2020160956466,2020,160956466,1,9,0,18,19,2,6,0,0,1,0,0,0,0,4,1,6,6,2,32,6,1910,2,15,VAUXHALL ASTRA,7,E01013333,0,-1
2020440193324,2020,440193324,1,8,0,18,19,1,5,0,0,8,0,0,0,0,1,1,1,1,1,61,9,1399,1,4,VAUXHALL ASTRA,10,E01023194,0,-1
2020991010996,2020,991010996,2,9,0,10,10,7,4,0,0,1,0,0,0,0,1,1,5,6,1,29,6,1364,1,6,VAUXHALL ASTRA,7,-1,0,-1
2020450923737,2020,450923737,2,9,0,18,19,8,4,0,0,8,0,4,0,0,1,1,5,6,2,71,10,1399,1,4,VAUXHALL ASTRA,9,E01030315,0,-1
2020030961237,2020,030961237,2,9,0,3,3,3,7,0,0,0,0,0,0,0,4,1,5,6,1,62,9,1686,2,15,VAUXHALL ASTRA,4,E01025113,0,-1
2020010263643,2020,010263643,2,9,0,9,9,5,2,0,0,6,0,0,0,0,3,1,6,6,1,18,4,1796,1,11,VAUXHALL ASTRA,3,E01002104,0,-1
2020220980745,2020,220980745,3,9,0,2,2,0,0,0,0,8,0,0,0,0,3,1,5,6,1,34,6,1248,2,9,VAUXHALL ASTRA,-1,-1,0,-1
2020140982363,2020,140982363,1,9,0,9,9,1,5,0,0,6,0,0,0,0,1,1,2,2,1,29,6,1686,2,13,VAUXHALL ASTRA,3,E01007488,0,-1
2020040960333,2020,040960333,1,9,0,16,19,5,1,0,0,0,1,0,7,11,4,1,6,6,3,-1,-1,1598,1,15,VAUXHALL ASTRA,-1,-1,0,-1
2020101000687,2020,101000687,2,9,0,18,19,4,8,0,0,0,0,0,0,0,3,1,2,2,1,41,7,1686,2,15,VAUXHALL ASTRA,1,E01008204,0,-1
2020530980781,2020,530980781,2,9,0,9,9,1,7,0,0,8,0,0,0,0,4,1,1,1,2,27,6,1598,2,1,VAUXHALL ASTRA,5,E01022420,0,-1
2020501016805,2020,501016805,1,9,0,18,19,1,5,0,0,0,1,0,1,0,2,1,1,1,1,34,6,1598,1,8,VAUXHALL ASTRA,3,E01015041,0,-1
2020201015727,2020,201015727,1,9,0,18,19,4,2,0,0,0,2,0,1,10,1,1,6,6,1,23,5,1364,1,5,VAUXHALL ASTRA,3,E01010538,0,-1
2020010240315,2020,010240315,1,9,0,18,19,1,5,0,0,0,0,0,0,0,1,1,6,6,1,28,6,1398,1,6,VAUXHALL ASTRA,1,E01004272,0,-1
2020360979012,2020,360979012,1,9,0,18,19,8,2,0,0,0,0,0,0,0,1,1,6,6,1,48,8,1796,1,16,VAUXHALL ASTRA,4,E01026429,0,-1
2020200982245,2020,200982245,2,9,0,18,19,7,3,0,0,0,0,0,0,0,2,1,1,1,1,29,6,1796,1,14,VAUXHALL ASTRA,2,E01010106,0,-1
2020100939747,2020,100939747,2,9,0,4,4,5,1,0,0,8,0,0,0,0,2,1,6,6,2,23,5,1399,1,2,VAUXHALL ASTRA,9,E01008723,0,-1
2020552000458,2020,552000458,2,9,0,2,2,0,0,0,0,0,0,0,1,0,2,1,1,1,1,-1,-1,1598,2,2,VAUXHALL ASTRA,7,E01020491,0,-1
2020520004398,2020,520004398,1,9,0,10,10,7,5,0,0,6,0,0,0,0,3,1,6,6,1,23,5,1248,2,8,VAUXHALL ASTRA,7,E01029169,0,-1
2020410929864,2020,410929864,2,9,0,4,4,3,1,0,0,5,0,0,0,0,1,1,6,6,1,47,8,1686,2,10,VAUXHALL ASTRA,7,E01018085,0,-1
2020302000707,2020,302000707,1,9,0,9,9,1,6,0,0,1,0,0,0,0,3,1,6,6,2,47,8,1598,1,11,VAUXHALL ASTRA,9,E01019599,0,-1
2020100952600,2020,100952600,2,9,0,8,8,5,6,0,0,1,0,0,0,0,4,1,5,6,2,28,6,1362,1,8,VAUXHALL ASTRA,4,E01008809,0,-1
2020140954025,2020,140954025,2,9,0,18,19,5,1,0,0,1,0,0,0,0,1,1,1,1,2,30,6,1796,1,12,VAUXHALL ASTRA,5,E01008113,0,-1
2020460993861,2020,460993861,1,9,0,9,9,1,6,0,0,1,0,0,0,0,3,1,6,6,2,69,10,1248,2,13,VAUXHALL ASTRA,10,E01021584,0,-1
2020320505445,2020,320505445,1,9,0,16,19,1,6,8,6,6,0,0,0,0,1,1,6,6,2,48,8,1956,2,7,VAUXHALL ASTRA,-1,-1,0,-1
2020211028080,2020,211028080,3,9,0,5,5,2,5,0,0,8,0,0,0,0,0,1,6,6,2,45,7,1686,2,9,VAUXHALL ASTRA,5,E01029658,0,-1
202031B164220,2020,31B164220,1,9,0,3,3,1,5,0,0,0,0,0,0,0,2,1,1,1,1,34,6,1598,1,14,VAUXHALL ASTRA,1,E01026176,0,-1
2020010264955,2020,010264955,2,9,0,9,9,1,6,0,0,1,0,0,0,0,2,1,2,2,2,53,8,1598,1,15,VAUXHALL ASTRA,-1,-1,0,-1
2020420940407,2020,420940407,2,9,0,6,6,7,7,0,0,0,0,0,0,0,0,1,1,1,1,24,5,1598,2,4,VAUXHALL ASTRA,8,E01021544,0,-1
2020471000101,2020,471000101,2,9,0,18,19,3,7,0,0,0,0,0,0,0,1,1,1,1,1,42,7,1598,2,2,VAUXHALL ASTRA,6,E01021034,0,-1
2020501015634,2020,501015634,1,9,0,13,13,4,8,0,0,0,0,0,0,0,1,1,6,6,1,69,10,1598,1,12,VAUXHALL ASTRA,4,E01020330,0,-1
202006K377675,2020,06K377675,1,9,0,18,19,3,7,0,0,2,0,0,0,0,3,1,6,6,1,30,6,1598,1,9,VAUXHALL ASTRA,-1,-1,0,-1
2020010309991,2020,010309991,1,9,0,99,99,9,9,99,99,0,9,99,9,99,9,9,6,6,1,37,7,1686,2,7,VAUXHALL ASTRA,3,E01000094,0,-1
20201375J0119,2020,1375J0119,2,9,0,2,2,0,0,0,0,0,0,0,0,0,2,1,6,6,3,-1,-1,1686,2,8,VAUXHALL ASTRA,-1,-1,0,-1
2020460931644,2020,460931644,1,9,0,18,19,5,1,0,0,0,0,10,0,0,3,1,6,6,3,-1,-1,1796,1,14,VAUXHALL ASTRA,-1,-1,0,-1
2020220964947,2020,220964947,1,9,0,18,19,5,1,0,0,8,0,0,0,0,1,1,1,1,1,38,7,1598,2,5,VAUXHALL ASTRA,2,E01032234,0,-1
2020450997641,2020,450997641,1,9,0,18,19,2,6,0,0,1,0,0,0,0,3,1,5,6,1,31,6,1399,1,1,VAUXHALL ASTRA,6,E01003437,0,-1
202006G174606,2020,06G174606,2,9,0,18,19,6,2,8,6,8,0,0,0,0,1,1,6,6,2,29,6,1598,1,13,VAUXHALL ASTRA,4,E01005994,0,-1
2020410931659,2020,410931659,1,9,0,9,9,2,4,0,0,5,0,0,0,0,1,1,5,6,1,38,7,1598,1,21,VAUXHALL ASTRA,7,E01023569,0,-1
2020360947238,2020,360947238,1,9,0,17,19,5,1,0,0,1,0,0,1,0,4,1,1,1,2,35,6,1598,2,2,VAUXHALL ASTRA,8,E01026480,0,-1
2020530999155,2020,530999155,3,9,0,4,4,3,7,0,0,0,0,0,0,0,2,1,2,2,2,26,6,1364,1,4,VAUXHALL ASTRA,9,E01022422,0,-1
2020351011901,2020,351011901,1,9,0,9,9,2,6,0,0,8,0,0,0,0,1,1,6,6,1,-1,-1,1248,2,12,VAUXHALL ASTRA,10,E01018282,0,-1
2020990974664,2020,990974664,2,9,0,18,19,6,1,0,0,1,1,0,0,0,4,1,5,6,2,39,7,1796,1,14,VAUXHALL ASTRA,5,-1,0,-1
2020210973463,2020,210973463,2,9,0,18,19,7,3,0,0,0,0,0,1,0,1,1,6,6,1,27,6,1389,1,18,VAUXHALL ASTRA,6,E01029802,0,-1
2020010248069,2020,010248069,1,9,0,18,19,1,5,0,0,4,0,4,1,4,1,1,2,2,1,37,7,1598,1,20,VAUXHALL ASTRA,5,E01002636,0,-1
2020201019900,2020,201019900,2,9,0,18,19,-1,-1,0,0,0,0,0,0,0,1,1,6,6,1,24,5,1796,1,12,VAUXHALL ASTRA,1,E01008995,0,-1
2020522100467,2020,522100467,1,9,0,18,19,5,1,0,0,4,0,0,0,0,1,1,6,6,1,24,5,1598,1,14,VAUXHALL ASTRA,-1,-1,0,-1
2020140919592,2020,140919592,1,9,0,18,19,7,3,0,0,8,0,0,0,0,1,1,5,6,2,57,9,1399,1,3,VAUXHALL ASTRA,3,E01007337,0,-1
2020522100423,2020,522100423,3,9,0,18,19,7,3,0,0,0,0,0,0,0,0,1,6,6,2,40,7,1399,1,1,VAUXHALL ASTRA,-1,-1,0,-1
202006J273210,2020,06J273210,1,9,0,15,15,8,4,0,0,1,0,0,0,0,1,1,6,6,1,20,4,1398,1,8,VAUXHALL ASTRA,6,E01005832,0,-1
2020137C40190,2020,137C40190,3,9,0,18,19,2,6,0,0,1,0,0,0,0,1,1,2,2,1,59,9,1399,1,4,VAUXHALL ASTRA,1,E01011332,0,-1
2020520100102,2020,520100102,1,9,0,9,9,3,1,0,0,6,0,0,0,0,1,1,6,6,2,57,9,1598,1,17,VAUXHALL ASTRA,5,E01029325,0,-1
2020370934499,2020,370934499,2,9,-1,-1,-1,-1,-1,-1,-1,0,-1,-1,-1,0,-1,1,6,6,2,-1,-1,-1,-1,-1,VAUXHALL ASTRA,3,E01026495,0,-1
2020140967730,2020,140967730,1,9,0,18,19,3,7,0,0,0,0,0,0,0,1,1,6,6,1,41,7,1796,1,12,VAUXHALL ASTRA,5,E01007819,0,-1
2020420952952,2020,420952952,1,9,0,14,14,4,8,0,0,2,0,0,0,0,1,1,5,6,2,43,7,1910,2,14,VAUXHALL ASTRA,3,E01021764,0,-1
2020440356095,2020,440356095,1,9,0,18,19,6,2,0,0,0,0,4,0,0,4,1,6,6,2,63,9,1364,1,12,VAUXHALL ASTRA,3,E01017357,0,-1
2020451007754,2020,451007754,1,9,0,18,19,1,5,0,0,0,1,0,7,9,1,1,5,6,1,63,9,1598,1,15,VAUXHALL ASTRA,10,E01031627,0,-1
2020332000226,2020,332000226,1,9,0,9,9,2,8,0,0,5,0,0,0,0,2,1,1,1,1,39,7,1598,2,4,VAUXHALL ASTRA,-1,-1,0,-1
2020400994206,2020,400994206,1,9,0,18,19,1,5,0,0,2,0,0,0,0,0,1,1,1,1,26,6,1598,2,3,VAUXHALL ASTRA,-1,-1,0,-1
2020450954253,2020,450954253,1,9,0,5,5,3,7,0,0,6,0,0,0,0,3,1,2,2,2,21,5,1686,2,9,VAUXHALL ASTRA,4,E01004628,0,-1
2020010250665,2020,010250665,1,9,0,9,9,3,1,7,6,0,0,0,0,0,1,1,6,6,1,49,8,1598,1,17,VAUXHALL ASTRA,5,E01003233,0,-1
2020340N07252,2020,340N07252,1,9,0,7,7,5,7,0,0,6,0,0,0,0,0,1,2,2,1,28,6,1796,1,11,VAUXHALL ASTRA,3,E01027173,0,-1
2020500928139,2020,500928139,2,9,0,2,2,0,0,0,0,0,0,0,0,0,4,1,6,6,1,45,7,1399,1,3,VAUXHALL ASTRA,7,E01014702,0,-1
2020010261506,2020,010261506,1,9,0,18,19,5,1,0,0,2,0,0,0,0,1,2,6,6,2,56,9,1399,1,1,VAUXHALL ASTRA,1,E01003961,0,-1
2020440439732,2020,440439732,1,9,0,18,19,2,4,0,0,8,0,0,0,0,1,1,2,2,1,30,6,1364,1,13,VAUXHALL ASTRA,6,E01022814,0,-1
2020440447664,2020,440447664,1,9,0,16,19,2,6,0,0,0,1,10,7,4,1,1,6,6,1,46,8,1248,2,11,VAUXHALL ASTRA,7,E01022592,0,-1
2020450965597,2020,450965597,2,9,0,4,4,7,7,0,0,0,0,0,0,0,1,1,5,6,1,37,7,1598,1,11,VAUXHALL ASTRA,6,E01030618,0,-1
2020010246780,2020,010246780,1,9,0,18,19,5,1,0,0,8,0,0,0,0,1,1,6,6,1,31,6,1686,2,16,VAUXHALL ASTRA,3,E01000054,0,-1
2020201008345,2020,201008345,1,9,0,18,19,8,4,0,0,0,0,0,0,0,1,1,6,6,2,22,5,1956,2,7,VAUXHALL ASTRA,3,E01008988,0,-1
202006E367735,2020,06E367735,1,9,0,9,9,6,4,0,0,2,0,0,0,0,4,1,6,6,2,67,10,1598,1,8,VAUXHALL ASTRA,9,E01005174,0,-1
2020411000867,2020,411000867,1,9,0,18,19,8,4,0,0,3,0,0,0,0,1,1,1,1,1,39,7,1598,2,2,VAUXHALL ASTRA,-1,-1,0,-1
2020450958032,2020,450958032,2,9,0,9,9,5,2,0,0,8,0,0,0,0,3,1,6,6,1,77,11,1796,1,13,VAUXHALL ASTRA,8,E01030954,0,-1
2020411001378,2020,411001378,1,9,0,18,19,1,4,0,0,0,0,0,0,0,1,1,1,1,1,21,5,1398,1,7,VAUXHALL ASTRA,7,E01023835,0,-1
2020110925550,2020,110925550,2,9,0,18,19,3,7,0,0,4,0,0,0,0,1,1,5,6,1,70,10,1598,2,5,VAUXHALL ASTRA,6,E01020617,0,-1
2020200928661,2020,200928661,2,8,0,18,19,2,6,0,0,0,0,0,0,0,2,1,1,1,1,34,6,1686,2,11,VAUXHALL ASTRA,1,E01010527,0,-1
2020010232751,2020,010232751,2,9,0,99,99,9,9,99,99,5,9,99,9,99,1,9,6,6,3,-1,-1,1598,1,10,VAUXHALL ASTRA,2,E01003321,0,-1
2020460925182,2020,460925182,3,9,-1,3,3,2,6,0,0,0,0,0,0,0,2,1,6,6,2,23,5,1796,1,14,VAUXHALL ASTRA,5,E01024643,0,-1
2020010250830,2020,010250830,1,9,0,6,6,4,4,0,0,0,0,0,0,0,0,1,1,1,1,34,6,1598,2,4,VAUXHALL ASTRA,3,E01002612,0,-1
2020420974260,2020,420974260,2,9,0,9,9,2,8,0,0,8,0,0,0,0,1,1,1,1,1,41,7,1598,2,2,VAUXHALL ASTRA,5,E01021497,0,-1
2020140950023,2020,140950023,2,9,0,18,19,3,7,0,0,8,0,0,7,0,1,1,5,6,1,35,6,1956,2,9,VAUXHALL ASTRA,2,E01007392,0,-1
2020200943544,2020,200943544,1,9,0,18,19,8,4,0,0,0,0,0,0,0,1,1,6,6,2,26,6,1398,1,5,VAUXHALL ASTRA,3,E01004743,0,-1
2020040923823,2020,040923823,1,9,0,7,7,1,3,0,0,0,0,0,0,0,1,1,5,6,2,31,6,1598,1,10,VAUXHALL ASTRA,3,E01004889,0,-1
2020010278864,2020,010278864,1,9,0,1,1,7,3,9,9,0,0,4,7,11,3,1,3,7,2,26,6,1796,1,12,VAUXHALL ASTRA,4,E01000406,0,-1
2020500954437,2020,500954437,1,9,0,18,19,5,1,0,0,8,0,0,7,0,1,1,5,6,1,20,4,1910,2,11,VAUXHALL ASTRA,8,E01020110,0,-1
2020522004241,2020,522004241,2,9,0,3,3,2,6,0,0,0,0,0,0,0,1,1,6,6,1,-1,-1,1910,2,15,VAUXHALL ASTRA,-1,-1,0,-1
2020200998600,2020,200998600,1,9,0,18,19,6,2,0,0,8,0,0,0,0,1,1,6,6,2,33,6,1598,1,11,VAUXHALL ASTRA,4,E01009276,0,-1
2020440022644,2020,440022644,1,9,0,9,9,2,8,0,0,8,0,0,0,0,1,1,6,6,1,22,5,1998,1,10,VAUXHALL ASTRA,2,E01017182,0,-1
2020010266094,2020,010266094,1,9,0,10,10,7,5,0,0,6,0,0,0,0,2,1,1,1,1,32,6,1364,1,11,VAUXHALL ASTRA,4,E01001199,0,-1
2020010244273,2020,010244273,1,9,0,18,19,3,7,0,0,2,1,4,0,0,1,1,6,6,1,28,6,1598,1,11,VAUXHALL ASTRA,-1,-1,0,-1
2020010271425,2020,010271425,1,9,0,9,9,5,2,0,0,9,9,0,0,0,9,1,6,6,1,39,7,1399,1,4,VAUXHALL ASTRA,4,E01015494,0,-1
2020100957355,2020,100957355,1,9,0,9,9,5,3,0,0,8,0,0,0,0,0,1,1,1,1,42,7,1598,2,6,VAUXHALL ASTRA,-1,-1,0,-1
2020230994238,2020,230994238,3,9,0,14,14,3,7,0,0,0,0,0,0,0,0,1,1,1,2,37,7,1248,2,8,VAUXHALL ASTRA,8,E01032452,0,-1
2020040931827,2020,040931827,1,9,0,18,19,5,1,0,0,0,0,0,0,0,4,1,6,6,1,66,10,1686,2,10,VAUXHALL ASTRA,6,E01025401,0,-1
2020200990532,2020,200990532,2,9,0,5,5,1,5,0,0,1,0,0,0,0,1,1,6,6,1,19,4,1686,2,15,VAUXHALL ASTRA,1,E01009153,0,-1
2020302000414,2020,302000414,3,9,0,2,2,0,0,0,0,1,0,0,0,0,1,1,6,6,3,-1,-1,1686,2,7,VAUXHALL ASTRA,-1,-1,0,-1
2020501015624,2020,501015624,1,9,0,7,7,7,3,0,0,2,0,0,0,0,1,1,5,6,1,38,7,1796,1,13,VAUXHALL ASTRA,4,E01020081,0,-1
2020549692420,2020,549692420,1,9,0,9,9,4,8,0,0,4,0,0,0,0,1,1,1,1,2,30,6,1598,2,3,VAUXHALL ASTRA,9,E01015473,0,-1
2020450971571,2020,450971571,2,9,0,7,7,5,5,0,0,4,0,0,0,0,0,1,1,1,1,25,5,1598,2,3,VAUXHALL ASTRA,7,E01030451,0,-1
2020500926314,2020,500926314,2,9,0,3,3,6,2,0,0,0,0,0,0,0,1,1,6,6,2,46,8,-1,-1,-1,VAUXHALL ASTRA,7,E01020327,0,-1
2020501015365,2020,501015365,2,9,0,3,3,1,5,0,0,1,0,0,0,0,2,1,5,6,2,21,5,1598,1,5,VAUXHALL ASTRA,4,E01015050,0,-1
2020010281116,2020,010281116,2,9,0,4,4,7,3,0,0,4,0,0,0,0,1,1,4,7,1,45,7,1364,1,10,VAUXHALL ASTRA,6,E01002614,0,-1
2020450945457,2020,450945457,1,9,0,9,9,3,5,0,0,1,0,1,0,0,4,1,5,6,1,20,4,1248,2,10,VAUXHALL ASTRA,7,E01030332,0,-1
2020040937707,2020,040937707,3,9,0,18,19,1,5,0,0,1,0,0,0,0,0,1,5,6,1,26,6,1686,2,10,VAUXHALL ASTRA,-1,-1,0,-1
2020990930700,2020,990930700,2,9,0,2,2,0,0,6,6,0,0,0,0,0,2,1,5,6,1,28,6,1686,2,6,VAUXHALL ASTRA,6,-1,0,-1
2020010250240,2020,010250240,1,9,0,18,19,3,7,0,0,2,0,11,0,0,1,1,6,6,3,-1,-1,999,1,2,VAUXHALL ASTRA,-1,-1,0,-1
2020450945494,2020,450945494,3,9,0,18,19,3,7,0,0,2,1,0,0,0,3,1,2,2,1,19,4,1598,1,12,VAUXHALL ASTRA,6,E01001073,0,-1
2020450969942,2020,450969942,2,9,0,18,19,4,8,0,0,1,0,0,0,0,1,1,5,6,2,58,9,1598,1,16,VAUXHALL ASTRA,5,E01030852,0,-1
2020140941784,2020,140941784,1,9,0,-1,-1,-1,-1,0,0,1,0,0,0,0,-1,1,5,6,1,34,6,1796,1,14,VAUXHALL ASTRA,2,E01007967,0,-1
2020200997471,2020,200997471,3,9,0,8,8,6,1,0,0,1,0,0,0,0,3,1,6,6,2,58,9,1598,1,10,VAUXHALL ASTRA,5,E01009230,0,-1
2020100943109,2020,100943109,1,9,0,18,19,1,5,0,0,8,0,0,0,0,4,1,2,2,1,30,6,1364,1,5,VAUXHALL ASTRA,3,E01008401,0,-1
2020461015500,2020,461015500,1,9,0,9,9,1,7,0,0,1,0,0,0,0,3,1,5,6,1,83,11,1399,1,1,VAUXHALL ASTRA,7,E01024573,0,-1
2020430197685,2020,430197685,2,9,0,18,19,4,8,0,0,4,0,0,0,0,3,1,6,6,1,-1,-1,1796,1,9,VAUXHALL ASTRA,-1,-1,0,-1
2020040975383,2020,040975383,2,9,0,9,9,8,6,0,0,2,0,0,0,0,1,1,6,6,3,-1,-1,1598,1,13,VAUXHALL ASTRA,-1,-1,0,-1
2020410984651,2020,410984651,1,9,0,18,19,1,6,0,0,3,0,0,0,0,4,1,2,2,1,54,8,1598,1,12,VAUXHALL ASTRA,4,E01023794,0,-1
2020040928520,2020,040928520,1,9,0,7,7,8,4,0,0,1,0,0,0,0,2,1,2,2,1,36,7,1956,2,6,VAUXHALL ASTRA,8,E01024971,0,-1
2020070501085,2020,070501085,1,9,0,9,9,1,5,0,0,1,0,0,0,0,4,1,6,6,2,43,7,1398,1,9,VAUXHALL ASTRA,9,E01018665,0,-1
2020070168268,2020,070168268,1,9,0,18,19,2,6,0,0,8,0,0,0,0,4,1,2,2,1,37,7,1364,1,13,VAUXHALL ASTRA,3,E01005524,0,-1
2020990945636,2020,990945636,1,9,0,7,7,1,5,0,0,4,0,0,0,0,1,1,6,6,1,37,7,1598,1,15,VAUXHALL ASTRA,3,-1,0,-1
2020010240255,2020,010240255,2,9,0,99,99,9,9,99,99,9,9,99,9,99,1,9,6,6,2,-1,-1,1399,1,3,VAUXHALL ASTRA,2,E01027351,0,-1
2020420926700,2020,420926700,3,9,0,3,3,4,8,0,0,0,0,0,0,0,2,1,5,6,2,31,6,1398,1,8,VAUXHALL ASTRA,7,E01021650,0,-1
2020460964289,2020,460964289,1,9,0,18,19,1,5,0,0,0,0,0,0,0,1,1,5,6,1,33,6,1364,1,14,VAUXHALL ASTRA,1,E01016031,0,-1
2020100936741,2020,100936741,1,9,0,-1,-1,-1,-1,-1,-1,-1,-1,-1,-1,0,-1,1,6,6,1,44,7,1598,1,12,VAUXHALL ASTRA,2,E01008665,0,-1
2020420936652,2020,420936652,2,9,0,7,7,3,5,0,0,1,0,0,0,0,1,1,6,6,1,21,5,1796,1,16,VAUXHALL ASTRA,4,E01021670,0,-1
2020420943196,2020,420943196,1,9,0,18,19,1,5,0,0,1,0,0,0,0,1,1,6,6,3,18,4,-1,-1,-1,VAUXHALL ASTRA,-1,-1,0,-1
2020100992373,2020,100992373,1,9,0,18,19,1,5,0,0,0,0,0,1,0,1,1,6,6,1,30,6,1686,2,16,VAUXHALL ASTRA,3,E01008878,0,-1
2020010251670,2020,010251670,2,9,0,99,99,9,9,99,99,0,9,99,9,99,1,9,6,6,3,20,4,1398,1,8,VAUXHALL ASTRA,3,E01003940,0,-1
2020010245572,2020,010245572,1,9,0,10,10,5,3,0,0,2,0,0,0,0,1,1,6,6,1,20,4,1598,1,14,VAUXHALL ASTRA,3,E01000092,0,-1
2020140930508,2020,140930508,1,9,0,18,19,5,1,0,0,8,0,0,0,0,3,1,2,2,1,32,6,1364,1,11,VAUXHALL ASTRA,1,E01007768,0,-1
2020220965352,2020,220965352,2,9,0,18,19,6,2,0,0,2,0,0,0,0,0,1,1,1,1,33,6,1598,2,4,VAUXHALL ASTRA,-1,-1,0,-1