collision_index,collision_year,collision_ref_no,vehicle_reference,vehicle_type,towing_and_articulation,vehicle_manoeuvre_historic,vehicle_manoeuvre,vehicle_direction_from,vehicle_direction_to,vehicle_location_restricted_lane_historic,vehicle_location_restricted_lane,junction_location,skidding_and_overturning,hit_object_in_carriageway,vehicle_leaving_carriageway,hit_object_off_carriageway,first_point_of_impact,vehicle_left_hand_drive,journey_purpose_of_driver_historic,journey_purpose_of_driver,sex_of_driver,age_of_driver,age_band_of_driver,engine_capacity_cc,propulsion_code,age_of_vehicle,generic_make_model,driver_imd_decile,lsoa_of_driver,escooter_flag,driver_distance_banding
2020450948397,2020,450948397,2,9,0,17,19,8,7,0,0,2,0,0,0,0,1,1,5,6,2,39,7,1598,1,15,VAUXHALL ASTRA,5,E01030579,0,-1
2020230918542,2020,230918542,2,9,0,3,3,6,2,0,0,0,0,0,0,0,2,1,2,2,2,49,8,1399,1,3,VAUXHALL ASTRA,8,E01025663,0,-1
2020450994663,2020,450994663,2,9,0,18,19,3,7,0,0,4,0,0,0,0,0,1,1,1,1,35,6,1598,2,3,VAUXHALL ASTRA,-1,-1,0,-1
2020302000755,2020,302000755,2,9,0,18,19,2,6,0,0,1,0,0,0,0,1,1,6,6,2,37,7,1686,2,11,VAUXHALL ASTRA,5,E01019428,0,-1
2020500973272,2020,500973272,1,9,0,16,19,3,7,0,0,0,1,0,8,4,1,1,5,6,1,82,11,1598,1,6,VAUXHALL ASTRA,9,W01000481,0,-1
2020420919272,2020,420919272,2,9,0,9,9,5,3,0,0,8,0,7,0,0,4,1,5,6,1,54,8,1796,1,14,VAUXHALL ASTRA,5,E01021522,0,-1
2020220957634,2020,220957634,1,9,0,1,1,3,7,0,0,0,0,0,0,0,4,1,5,6,2,40,7,1598,1,8,VAUXHALL ASTRA,10,E01032363,0,-1
2020990972639,2020,990972639,2,9,0,17,19,6,3,0,0,1,0,0,0,0,1,1,5,6,1,68,10,1598,1,7,VAUXHALL ASTRA,6,-1,0,-1
2020220993681,2020,220993681,2,9,0,9,9,2,7,0,0,5,0,0,8,9,2,1,6,6,1,36,7,1956,2,7,VAUXHALL ASTRA,4,E01014019,0,-1
2020360942679,2020,360942679,1,9,0,4,4,6,2,0,0,0,0,0,0,0,1,1,1,1,2,37,7,1399,1,3,VAUXHALL ASTRA,2,E01026478,0,-1
202006F171483,2020,06F171483,1,9,0,18,19,2,6,0,0,8,0,0,0,0,1,1,6,6,2,46,8,1598,1,18,VAUXHALL ASTRA,4,E01005718,0,-1
2020460944983,2020,460944983,1,9,0,18,19,1,5,0,0,0,0,0,0,0,1,1,6,6,3,-1,-1,-1,-1,-1,VAUXHALL ASTRA,-1,-1,0,-1
2020100989943,2020,100989943,2,9,0,18,19,6,2,0,0,0,0,0,0,0,3,1,5,6,1,45,7,1398,1,9,VAUXHALL ASTRA,1,E01008603,0,-1
2020211023409,2020,211023409,2,9,0,18,19,3,1,0,0,8,0,0,0,0,4,1,1,1,1,36,7,1956,2,8,VAUXHALL ASTRA,1,E01014113,0,-1
2020420952893,2020,420952893,1,9,0,9,9,7,5,0,0,0,0,0,0,0,1,1,2,2,1,28,6,1364,1,11,VAUXHALL ASTRA,3,E01000052,0,-1
2020200929350,2020,200929350,1,9,0,18,19,5,1,0,0,4,0,0,0,0,1,1,6,6,1,-1,-1,1686,2,12,VAUXHALL ASTRA,-1,-1,0,-1
2020400995473,2020,400995473,2,9,0,5,5,5,1,0,0,0,0,0,0,0,1,1,6,6,1,27,6,1998,1,10,VAUXHALL ASTRA,4,E01015798,0,-1
2020010264587,2020,010264587,1,9,0,18,19,1,5,0,0,1,0,0,0,0,1,1,6,6,1,33,6,1598,1,15,VAUXHALL ASTRA,2,E01001081,0,-1
2020450968772,2020,450968772,2,9,0,18,19,1,5,0,0,2,0,0,0,0,0,1,1,1,1,29,6,1598,2,2,VAUXHALL ASTRA,8,E01030478,0,-1
2020500933770,2020,500933770,1,9,0,18,19,3,7,0,0,8,0,0,0,0,1,1,5,6,1,90,11,1598,1,9,VAUXHALL ASTRA,7,E01015198,0,-1
2020122000566,2020,122000566,1,9,0,5,5,8,4,0,0,6,0,0,0,0,3,1,6,6,1,88,11,1399,1,3,VAUXHALL ASTRA,3,E01013386,0,-1
2020160965516,2020,160965516,2,9,0,18,19,6,2,0,0,1,0,0,0,0,1,1,5,6,2,38,7,1598,1,9,VAUXHALL ASTRA,3,E01013184,0,-1
2020361023967,2020,361023967,2,9,0,18,19,3,7,0,0,8,0,0,0,0,4,1,5,6,2,57,9,1399,1,2,VAUXHALL ASTRA,8,E01026480,0,-1
2020430184407,2020,430184407,3,9,0,9,9,5,3,0,0,8,1,10,1,0,3,1,6,6,1,51,8,1998,1,4,VAUXHALL ASTRA,7,E01016344,0,-1
2020410958200,2020,410958200,1,9,0,18,19,1,3,0,0,1,0,0,0,0,3,2,5,6,1,-1,-1,1598,2,2,VAUXHALL ASTRA,-1,-1,0,-1
2020430204343,2020,430204343,1,9,0,18,19,1,5,0,0,0,0,0,0,0,4,1,1,1,1,35,6,1598,2,1,VAUXHALL ASTRA,5,E01028430,0,-1
2020990966745,2020,990966745,1,9,0,3,3,8,5,0,0,0,0,4,0,0,1,1,6,6,1,43,7,1364,1,13,VAUXHALL ASTRA,3,-1,0,-1
2020501014891,2020,501014891,1,9,0,16,19,7,8,0,0,6,0,0,0,0,1,1,6,6,1,35,6,1598,1,7,VAUXHALL ASTRA,3,E01015148,0,-1
20201376B1163,2020,1376B1163,1,9,0,4,4,5,1,0,0,1,0,0,0,0,1,1,6,6,1,-1,-1,1398,1,8,VAUXHALL ASTRA,-1,-1,0,-1
2020010233812,2020,010233812,3,9,0,3,3,7,3,0,0,1,0,0,0,0,4,1,6,6,1,28,6,1364,1,5,VAUXHALL ASTRA,-1,-1,0,-1
2020540781720,2020,540781720,2,9,0,3,3,4,8,0,0,0,0,0,0,0,2,1,6,6,1,39,7,1598,1,11,VAUXHALL ASTRA,5,E01032013,0,-1
2020320263052,2020,320263052,1,9,0,18,19,1,5,0,0,6,0,0,0,0,3,1,6,6,1,24,5,1598,2,3,VAUXHALL ASTRA,6,E01026120,0,-1
202031D030620,2020,31D030620,2,9,0,18,19,2,6,0,0,0,0,0,0,0,3,1,6,6,2,37,7,1686,2,12,VAUXHALL ASTRA,-1,-1,0,-1
2020302001526,2020,302001526,1,9,0,17,19,8,4,0,0,0,0,0,1,4,1,1,6,6,1,45,7,1686,2,11,VAUXHALL ASTRA,1,E01013536,0,-1
202031A076320,2020,31A076320,1,9,0,18,19,4,8,0,0,4,1,9,3,1,1,1,2,2,1,46,8,1796,1,16,VAUXHALL ASTRA,2,E01028238,0,-1
2020010284358,2020,010284358,2,9,9,99,99,9,9,99,99,9,9,99,9,99,9,1,6,6,3,-1,-1,1398,1,6,VAUXHALL ASTRA,-1,-1,0,-1
2020430293453,2020,430293453,1,9,0,18,19,2,6,0,0,8,0,0,0,0,3,1,6,6,2,38,7,1598,1,19,VAUXHALL ASTRA,10,E01016243,0,-1
2020451010148,2020,451010148,2,9,0,18,19,3,7,0,0,8,0,0,0,0,1,1,5,6,1,54,8,1598,1,10,VAUXHALL ASTRA,5,E01030572,0,-1
2020010228528,2020,010228528,1,9,0,18,19,2,6,0,0,0,0,0,0,0,1,1,6,6,1,23,5,1598,1,7,VAUXHALL ASTRA,5,E01001294,0,-1
2020030948498,2020,030948498,1,9,0,9,9,1,7,0,0,0,0,0,0,0,4,1,5,6,2,41,7,1399,1,3,VAUXHALL ASTRA,8,E01019307,0,-1
2020460948503,2020,460948503,1,9,0,18,19,5,1,0,0,4,2,0,0,0,1,1,2,2,1,21,5,1598,1,12,VAUXHALL ASTRA,7,E01024252,0,-1
2020201006144,2020,201006144,2,9,0,4,4,6,2,0,0,1,0,0,0,0,2,1,6,6,2,41,7,1598,2,3,VAUXHALL ASTRA,2,E01009403,0,-1
2020340D02612,2020,340D02612,1,9,0,12,12,1,5,0,0,0,1,0,0,6,2,1,2,2,2,60,9,1364,1,12,VAUXHALL ASTRA,1,E01009702,0,-1
2020200933703,2020,200933703,1,9,0,18,19,7,3,0,0,6,0,0,0,0,1,1,6,6,1,-1,-1,1364,1,16,VAUXHALL ASTRA,-1,-1,0,-1
2020450970125,2020,450970125,1,9,0,16,19,3,7,0,0,0,1,0,0,0,1,1,5,6,1,41,7,1598,1,15,VAUXHALL ASTRA,9,E01030564,0,-1
2020500933239,2020,500933239,4,9,0,4,4,1,5,0,0,0,0,0,0,0,1,1,6,6,1,22,5,1598,1,13,VAUXHALL ASTRA,3,E01015041,0,-1
2020052001541,2020,052001541,1,9,0,18,19,7,3,0,0,8,0,0,0,0,1,1,6,6,1,22,5,1399,1,2,VAUXHALL ASTRA,1,E01007269,0,-1
2020137660443,2020,137660443,1,9,0,9,9,3,1,0,0,6,0,0,0,0,1,1,6,6,1,31,6,1598,1,8,VAUXHALL ASTRA,2,E01010981,0,-1
2020010251400,2020,010251400,2,9,0,18,19,1,5,0,0,0,0,0,0,0,3,1,6,6,1,45,7,1686,2,8,VAUXHALL ASTRA,2,E01001367,0,-1
2020160999432,2020,160999432,2,9,0,18,19,8,4,0,0,8,0,0,0,0,4,1,2,2,1,25,5,1910,2,12,VAUXHALL ASTRA,6,E01013085,0,-1
2020420978197,2020,420978197,1,9,0,7,7,7,1,0,0,3,0,0,0,0,1,1,6,6,1,19,4,1364,1,12,VAUXHALL ASTRA,3,E01021289,0,-1
202031C118620,2020,31C118620,2,9,0,18,19,2,6,0,0,0,0,0,0,0,3,1,6,6,2,29,6,1598,1,17,VAUXHALL ASTRA,1,E01013876,0,-1
2020430014102,2020,430014102,3,9,0,18,19,4,8,0,0,0,0,0,0,0,3,1,6,6,1,19,4,1998,1,13,VAUXHALL ASTRA,10,E01016636,0,-1
2020470976715,2020,470976715,2,9,0,13,13,1,5,0,0,0,0,0,7,11,1,1,6,6,3,-1,-1,-1,-1,-1,VAUXHALL ASTRA,-1,-1,0,-1
2020170S30460,2020,170S30460,1,9,0,18,19,6,2,0,0,8,0,0,0,0,1,1,2,2,2,59,9,1598,1,9,VAUXHALL ASTRA,8,E01012032,0,-1
202063D075120,2020,63D075120,1,9,0,17,19,5,2,0,0,0,2,0,7,4,1,1,6,6,1,26,6,1598,1,13,VAUXHALL ASTRA,2,W01000937,0,-1
2020470976918,2020,470976918,2,9,0,13,13,6,2,0,0,1,0,0,0,0,1,1,5,6,2,34,6,1686,2,16,VAUXHALL ASTRA,4,E01031522,0,-1
2020140954070,2020,140954070,2,9,0,18,19,6,8,0,0,1,0,0,0,0,1,1,6,6,1,25,5,1796,1,12,VAUXHALL ASTRA,4,E01020183,0,-1
2020070623013,2020,070623013,2,9,0,4,4,5,1,0,0,4,0,0,0,0,2,1,6,6,2,21,5,1399,1,4,VAUXHALL ASTRA,8,E01012538,0,-1
2020990986446,2020,990986446,1,9,0,18,19,6,6,0,0,1,0,0,0,0,1,1,6,6,1,28,6,1598,1,13,VAUXHALL ASTRA,1,-1,0,-1
2020010249132,2020,010249132,2,9,0,18,19,5,1,0,0,1,0,0,0,0,1,1,6,6,1,40,7,1598,1,13,VAUXHALL ASTRA,9,E01002288,0,-1
2020010249719,2020,010249719,1,9,0,9,9,1,7,0,0,5,0,0,0,0,2,1,6,6,1,32,6,1364,1,15,VAUXHALL ASTRA,8,E01002216,0,-1
2020041000091,2020,041000091,1,9,0,10,10,1,6,0,0,6,0,0,0,0,3,1,6,6,1,50,8,1686,2,11,VAUXHALL ASTRA,1,E01006031,0,-1
2020430255799,2020,430255799,1,9,0,9,9,2,7,0,0,8,0,0,0,0,4,1,6,6,1,32,6,1598,1,6,VAUXHALL ASTRA,10,E01017861,0,-1
2020010280053,2020,010280053,1,9,0,18,19,4,8,4,4,6,0,0,0,0,3,1,2,2,1,32,6,1598,1,13,VAUXHALL ASTRA,4,E01001153,0,-1
2020010243186,2020,010243186,1,9,0,99,99,9,9,99,99,9,9,99,9,99,9,9,6,6,1,25,5,1598,1,2,VAUXHALL ASTRA,7,E01002427,0,-1
202006E469197,2020,06E469197,2,9,0,18,19,2,7,0,0,0,0,0,0,0,1,1,6,6,1,25,5,1598,1,20,VAUXHALL ASTRA,1,E01005085,0,-1
2020170M11050,2020,170M11050,2,9,0,4,4,4,8,0,0,0,0,0,0,0,2,1,1,1,2,54,8,1598,2,5,VAUXHALL ASTRA,3,E01020661,0,-1
2020010276953,2020,010276953,1,9,0,18,19,3,7,9,9,0,0,0,0,0,1,1,2,2,1,52,8,1598,1,14,VAUXHALL ASTRA,2,E01001712,0,-1
2020221008214,2020,221008214,3,9,0,18,19,1,5,0,0,1,0,0,0,0,1,1,5,6,1,46,8,1686,2,9,VAUXHALL ASTRA,1,E01014197,0,-1
2020401007796,2020,401007796,1,9,0,18,19,1,5,0,0,0,0,0,1,4,1,1,1,1,1,29,6,1796,1,16,VAUXHALL ASTRA,1,E01014231,0,-1
2020302000349,2020,302000349,2,9,0,16,19,2,6,0,0,0,0,6,2,11,1,1,6,6,1,28,6,-1,-1,-1,VAUXHALL ASTRA,5,E01019494,0,-1
2020010233116,2020,010233116,1,9,0,9,9,4,2,0,0,5,0,0,0,0,4,1,1,1,1,51,8,1398,1,9,VAUXHALL ASTRA,2,E01001509,0,-1
2020100983394,2020,100983394,2,9,0,10,10,3,7,0,0,1,0,0,0,0,2,1,5,6,1,29,6,1199,1,0,VAUXHALL ASTRA,1,E01008485,0,-1
202006M172142,2020,06M172142,3,9,0,18,19,7,3,0,0,0,0,0,0,0,3,1,6,6,1,38,7,1598,1,14,VAUXHALL ASTRA,5,E01006184,0,-1
2020201021962,2020,201021962,2,9,0,18,19,4,8,0,0,8,0,0,0,0,4,1,1,1,1,49,8,1686,2,6,VAUXHALL ASTRA,1,E01010543,0,-1
2020622001088,2020,622001088,1,9,0,17,19,8,6,0,0,4,0,0,0,0,1,1,6,6,2,44,7,1686,2,8,VAUXHALL ASTRA,1,W01001742,0,-1
2020400955323,2020,400955323,1,9,0,18,19,5,1,0,0,0,0,0,0,0,1,1,5,6,1,33,6,1796,1,11,VAUXHALL ASTRA,8,E01017455,0,-1
2020137C81560,2020,137C81560,1,9,0,18,19,4,8,0,0,8,0,7,3,10,1,2,6,6,1,31,6,1686,2,6,VAUXHALL ASTRA,2,E01007405,0,-1
2020010230264,2020,010230264,1,9,0,1,1,1,5,0,0,0,0,0,0,0,2,1,3,7,2,30,6,1686,2,15,VAUXHALL ASTRA,8,E01002383,0,-1
2020340D02322,2020,340D02322,1,9,0,18,19,7,3,0,0,8,0,0,0,1,1,1,6,6,1,40,7,1686,2,17,VAUXHALL ASTRA,3,E01027104,0,-1
2020552000328,2020,552000328,3,9,0,10,10,7,5,0,0,1,0,0,0,0,0,1,6,6,2,55,8,1598,1,6,VAUXHALL ASTRA,8,E01015335,0,-1
2020010272493,2020,010272493,2,9,0,99,99,9,9,99,99,9,9,99,9,99,9,9,6,6,1,26,6,1598,1,9,VAUXHALL ASTRA,4,E01004468,0,-1
2020140921165,2020,140921165,1,9,0,10,10,7,4,0,0,8,0,0,0,0,2,1,5,6,1,32,6,1956,2,7,VAUXHALL ASTRA,3,E01007966,0,-1
2020340N09142,2020,340N09142,2,9,0,3,3,1,5,0,0,8,0,0,0,0,2,1,6,6,2,40,7,1598,1,14,VAUXHALL ASTRA,1,E01027244,0,-1
2020010239250,2020,010239250,1,9,0,18,19,3,7,0,0,2,0,0,0,0,3,1,6,6,1,25,5,1364,1,13,VAUXHALL ASTRA,3,E01000058,0,-1
202006N269777,2020,06N269777,1,9,0,18,19,5,1,0,0,0,0,0,0,0,1,1,6,6,1,25,5,1598,1,16,VAUXHALL ASTRA,2,E01006010,0,-1
2020010287433,2020,010287433,1,9,0,99,99,9,9,0,0,9,0,99,0,0,9,9,6,6,2,71,10,-1,-1,-1,VAUXHALL ASTRA,5,E01004381,0,-1
2020400925518,2020,400925518,1,9,0,18,19,6,2,0,0,0,0,0,0,0,1,1,6,6,3,-1,-1,1598,1,15,VAUXHALL ASTRA,-1,-1,0,-1
2020010263082,2020,010263082,2,9,0,9,9,8,5,0,0,5,0,0,7,0,4,1,6,6,1,31,6,1956,2,6,VAUXHALL ASTRA,2,E01001758,0,-1
2020990933550,2020,990933550,2,9,0,17,19,2,7,0,0,0,0,0,0,0,1,1,6,6,2,77,11,1956,2,7,VAUXHALL ASTRA,7,-1,0,-1
2020140973796,2020,140973796,1,9,0,18,19,4,8,0,0,1,0,0,0,0,1,1,1,1,1,29,6,1598,2,5,VAUXHALL ASTRA,2,E01007336,0,-1
2020522002105,2020,522002105,1,9,0,2,2,0,0,0,0,8,0,0,0,0,0,1,6,6,1,46,8,1398,1,9,VAUXHALL ASTRA,3,E01014572,0,-1
2020160959318,2020,160959318,2,9,0,10,10,1,7,0,0,8,0,0,0,0,2,1,6,6,2,19,4,1398,1,10,VAUXHALL ASTRA,2,E01013240,0,-1
2020201026519,2020,201026519,3,9,0,18,19,-1,-1,0,0,0,0,0,0,0,-1,1,6,6,1,30,6,1796,1,12,VAUXHALL ASTRA,1,E01033632,0,-1
2020040994820,2020,040994820,2,9,0,18,19,5,3,0,0,2,0,0,0,0,1,1,6,6,1,60,9,-1,-1,-1,VAUXHALL ASTRA,3,E01025399,0,-1
2020450973776,2020,450973776,2,9,0,5,5,1,5,0,0,1,0,0,0,0,1,1,6,6,1,42,7,1598,1,9,VAUXHALL ASTRA,3,E01030400,0,-1
2020010259612,2020,010259612,2,9,0,7,7,3,5,0,0,3,0,0,0,0,1,1,6,6,3,19,4,1956,2,9,VAUXHALL ASTRA,-1,-1,0,-1
2020070022097,2020,070022097,1,9,0,17,19,6,2,0,0,1,1,0,1,1,1,1,2,2,1,24,5,1956,2,7,VAUXHALL ASTRA,3,E01012391,0,-1
2020161004168,2020,161004168,1,9,0,9,9,8,4,0,0,6,0,0,0,0,3,1,2,2,1,52,8,1956,2,5,VAUXHALL ASTRA,2,E01007590,0,-1
2020990941757,2020,990941757,1,9,0,18,19,3,7,0,0,1,0,0,0,0,1,1,2,2,1,47,8,1362,1,8,VAUXHALL ASTRA,10,-1,0,-1
2020010278917,2020,010278917,1,9,0,99,99,9,9,0,0,8,0,0,0,0,3,1,6,6,2,22,5,1598,1,10,VAUXHALL ASTRA,4,E01000995,0,-1
2020400982781,2020,400982781,2,9,0,3,3,5,1,0,0,0,1,0,0,0,2,1,6,6,1,35,6,-1,-1,-1,VAUXHALL ASTRA,9,E01017463,0,-1
2020052001214,2020,052001214,2,9,0,9,9,4,8,0,0,8,0,0,0,0,2,1,6,6,2,32,6,1598,1,11,VAUXHALL ASTRA,1,E01006737,0,-1
2020470923858,2020,470923858,2,9,0,18,19,8,4,0,0,4,0,0,0,0,0,2,1,1,2,27,6,1598,2,3,VAUXHALL ASTRA,6,E01021034,0,-1
2020010280185,2020,010280185,2,19,0,99,99,9,9,99,99,0,9,99,9,99,2,9,6,6,1,56,9,1686,2,18,VAUXHALL ASTRA,7,E01001601,0,-1
2020030945368,2020,030945368,1,9,0,17,19,1,3,0,0,0,0,0,0,0,1,1,6,6,2,-1,-1,1389,1,16,VAUXHALL ASTRA,6,E01019339,0,-1
2020010251150,2020,010251150,2,9,0,4,4,7,3,0,0,1,0,0,0,0,1,1,6,6,2,22,5,1364,1,13,VAUXHALL ASTRA,-1,-1,0,-1
2020991009421,2020,991009421,1,9,0,6,6,7,7,0,0,2,0,0,7,7,1,1,6,6,1,59,9,1796,1,12,VAUXHALL ASTRA,1,-1,0,-1
202006J170049,2020,06J170049,3,9,0,18,19,2,6,0,0,2,0,0,0,0,1,1,6,6,2,31,6,1956,2,5,VAUXHALL ASTRA,4,E01004832,0,-1
2020420926278,2020,420926278,2,9,0,18,19,6,2,0,0,8,0,0,0,0,1,1,5,6,1,89,11,1796,1,13,VAUXHALL ASTRA,9,E01021619,0,-1
2020200973030,2020,200973030,1,9,0,16,19,2,5,0,0,8,2,10,1,11,1,1,6,6,1,26,6,1686,2,14,VAUXHALL ASTRA,5,E01009246,0,-1
2020340W00512,2020,340W00512,1,9,0,18,19,3,7,0,0,3,1,0,1,4,2,1,2,2,1,20,4,1598,1,14,VAUXHALL ASTRA,2,E01027314,0,-1
2020200953616,2020,200953616,1,9,0,1,1,2,6,0,0,2,0,0,0,0,1,1,1,1,1,33,6,1598,1,8,VAUXHALL ASTRA,2,E01009872,0,-1
2020200953275,2020,200953275,2,9,0,18,19,4,8,0,0,8,0,0,0,0,3,1,6,6,2,50,8,1686,2,8,VAUXHALL ASTRA,7,E01009251,0,-1
2020401008890,2020,401008890,2,9,0,3,3,8,4,0,0,0,0,0,0,0,2,1,2,2,1,39,7,1496,2,0,VAUXHALL ASTRA,1,E01015789,0,-1
2020040963776,2020,040963776,3,9,0,18,19,5,1,0,0,0,0,0,0,0,1,1,5,6,1,28,6,1796,1,12,VAUXHALL ASTRA,4,E01025407,0,-1
2020470941890,2020,470941890,4,9,0,18,19,2,6,0,0,2,0,0,0,0,0,1,1,1,1,40,7,1598,2,1,VAUXHALL ASTRA,5,E01020951,0,-1
2020160934801,2020,160934801,3,9,0,18,19,7,3,0,0,1,0,0,0,0,1,1,2,2,1,51,8,1389,1,25,VAUXHALL ASTRA,2,E01013315,0,-1
2020010257044,2020,010257044,2,9,0,99,99,9,9,99,99,9,9,99,9,99,9,1,6,6,3,75,10,1796,1,11,VAUXHALL ASTRA,9,E01021767,0,-1
2020440346051,2020,440346051,1,9,0,3,3,8,4,0,0,0,0,0,0,0,2,1,6,6,1,35,6,1598,1,10,VAUXHALL ASTRA,1,E01017167,0,-1
2020451006532,2020,451006532,3,9,0,5,5,6,2,0,0,0,0,0,0,0,2,1,5,6,2,71,10,1598,1,12,VAUXHALL ASTRA,9,E01030696,0,-1
202006E177056,2020,06E177056,1,9,0,18,19,1,5,0,0,1,0,0,0,0,1,1,6,6,3,-1,-1,1598,1,10,VAUXHALL ASTRA,-1,-1,0,-1
2020460923287,2020,460923287,2,9,0,14,14,1,5,0,0,0,0,0,0,0,1,1,1,1,1,51,8,1598,2,1,VAUXHALL ASTRA,2,E01033090,0,-1
2020010253304,2020,010253304,2,9,0,2,2,0,0,0,0,2,0,4,0,0,1,1,6,6,3,-1,-1,1598,1,8,VAUXHALL ASTRA,-1,-1,0,-1
2020410992405,2020,410992405,1,9,0,18,19,7,3,0,0,1,0,0,0,0,1,1,1,1,1,42,7,1248,2,5,VAUXHALL ASTRA,2,E01023758,0,-1
2020010267173,2020,010267173,2,9,0,99,99,9,9,99,99,9,9,99,9,99,1,9,6,6,3,-1,-1,1362,1,8,VAUXHALL ASTRA,4,E01001404,0,-1
2020211023680,2020,211023680,1,9,-1,-1,-1,3,7,-1,-1,0,-1,-1,-1,0,-1,1,6,6,1,30,6,1956,2,7,VAUXHALL ASTRA,3,E01029782,0,-1
2020010244361,2020,010244361,3,9,0,2,2,0,0,0,0,1,0,0,0,0,1,1,6,6,3,-1,-1,1598,1,10,VAUXHALL ASTRA,-1,-1,0,-1
2020991001257,2020,991001257,1,9,0,13,13,8,4,0,0,0,2,0,8,10,4,1,1,1,1,25,5,1998,1,10,VAUXHALL ASTRA,7,-1,0,-1
2020360932462,2020,360932462,1,9,0,18,19,1,5,0,0,8,0,0,0,0,1,1,6,6,1,52,8,1598,1,17,VAUXHALL ASTRA,1,E01026809,0,-1
2020420936571,2020,420936571,2,9,0,14,14,8,4,0,0,1,0,0,0,0,1,1,1,1,1,27,6,1598,2,1,VAUXHALL ASTRA,-1,-1,0,-1
2020200971248,2020,200971248,2,9,-1,-1,-1,-1,-1,-1,-1,0,-1,-1,-1,0,-1,1,6,6,2,25,5,1598,2,4,VAUXHALL ASTRA,-1,-1,0,-1
2020010241526,2020,010241526,2,9,0,4,4,6,2,0,0,0,0,0,0,0,1,1,6,6,3,-1,-1,1398,1,8,VAUXHALL ASTRA,-1,-1,0,-1
2020010263136,2020,010263136,1,9,0,3,3,1,5,0,0,1,0,4,0,0,2,1,6,6,1,24,5,1399,1,1,VAUXHALL ASTRA,1,E01001732,0,-1
2020010262745,2020,010262745,1,9,0,99,99,9,9,0,0,3,0,0,0,0,3,9,6,6,1,46,8,1598,2,4,VAUXHALL ASTRA,5,E01002374,0,-1
2020450968343,2020,450968343,2,9,0,9,9,5,1,0,0,1,0,0,0,0,1,1,2,2,1,45,7,1399,1,1,VAUXHALL ASTRA,3,E01030483,0,-1
2020522003393,2020,522003393,1,9,0,18,19,4,2,0,0,8,0,0,0,0,4,1,6,6,1,44,7,1398,1,7,VAUXHALL ASTRA,4,E01033364,0,-1
2020201013315,2020,201013315,2,9,0,17,19,6,3,0,0,0,0,0,0,0,1,1,1,1,2,45,7,1686,2,12,VAUXHALL ASTRA,8,E01025861,0,-1
2020170M30140,2020,170M30140,2,9,0,18,19,8,4,0,0,8,0,0,0,0,1,1,2,2,2,37,7,1956,2,7,VAUXHALL ASTRA,8,E01012023,0,-1
2020010279235,2020,010279235,1,9,5,18,19,5,1,0,0,1,0,0,0,0,1,1,3,7,2,28,6,1364,1,10,VAUXHALL ASTRA,5,E01004616,0,-1
2020070518783,2020,070518783,1,9,0,18,19,4,8,0,0,1,0,0,0,0,2,1,6,6,1,61,9,1598,1,5,VAUXHALL ASTRA,-1,-1,0,-1
20201377J0969,2020,1377J0969,1,9,0,3,3,1,5,0,0,0,0,0,0,0,2,1,6,6,2,22,5,1364,1,12,VAUXHALL ASTRA,3,E01010725,0,-1
2020460939315,2020,460939315,2,9,0,18,19,7,3,0,0,0,0,0,0,0,1,1,5,6,1,29,6,1364,1,13,VAUXHALL ASTRA,1,E01024682,0,-1
2020302000804,2020,302000804,1,9,0,16,19,7,2,0,0,3,0,0,0,0,4,1,6,6,3,-1,-1,1398,1,8,VAUXHALL ASTRA,5,E01019456,0,-1
2020010233825,2020,010233825,1,9,0,15,15,5,1,0,0,0,0,0,0,0,1,1,2,2,1,39,7,1598,1,19,VAUXHALL ASTRA,7,E01017828,0,-1
2020200941251,2020,200941251,1,9,0,18,19,-1,-1,0,0,1,0,0,0,0,1,1,6,6,1,-1,-1,1598,1,10,VAUXHALL ASTRA,-1,-1,0,-1
2020010236943,2020,010236943,2,9,0,18,19,7,3,0,0,8,0,0,0,0,1,1,1,1,1,61,9,1389,1,18,VAUXHALL ASTRA,3,E01000531,0,-1
2020460945351,2020,460945351,1,9,0,18,19,5,1,0,0,0,1,0,7,0,1,1,5,6,1,25,5,1686,2,16,VAUXHALL ASTRA,5,E01024601,0,-1
2020010282225,2020,010282225,1,9,0,18,19,7,3,0,0,6,0,0,0,0,1,1,6,6,2,34,6,1598,1,9,VAUXHALL ASTRA,-1,-1,0,-1
2020010273480,2020,010273480,2,9,0,18,19,1,5,0,0,0,0,0,0,0,0,1,6,6,1,49,8,1399,1,1,VAUXHALL ASTRA,3,E01001045,0,-1
2020010270122,2020,010270122,2,9,0,9,9,5,3,0,0,8,0,0,0,0,3,1,2,2,1,41,7,1796,1,10,VAUXHALL ASTRA,5,E01004127,0,-1
2020360939177,2020,360939177,1,9,0,18,19,1,5,0,0,0,0,0,0,0,1,1,5,6,1,22,5,1598,1,12,VAUXHALL ASTRA,2,E01026477,0,-1
2020350983466,2020,350983466,3,9,0,18,19,5,1,0,0,1,0,0,0,0,3,1,5,6,1,50,8,1598,2,2,VAUXHALL ASTRA,9,E01015689,0,-1
2020302001182,2020,302001182,1,9,0,18,19,5,1,0,0,0,0,0,0,0,1,1,1,1,1,21,5,1796,1,15,VAUXHALL ASTRA,6,E01007512,0,-1
2020010275828,2020,010275828,1,9,0,15,15,1,5,0,0,0,0,0,0,0,4,1,6,6,3,-1,-1,1598,1,14,VAUXHALL ASTRA,-1,-1,0,-1
2020451006257,2020,451006257,1,9,0,4,4,1,1,9,9,0,0,0,0,0,1,1,6,6,2,34,6,1398,1,5,VAUXHALL ASTRA,10,E01030345,0,-1