collision_index,collision_year,collision_ref_no,vehicle_reference,vehicle_type,towing_and_articulation,vehicle_manoeuvre_historic,vehicle_manoeuvre,vehicle_direction_from,vehicle_direction_to,vehicle_location_restricted_lane_historic,vehicle_location_restricted_lane,junction_location,skidding_and_overturning,hit_object_in_carriageway,vehicle_leaving_carriageway,hit_object_off_carriageway,first_point_of_impact,vehicle_left_hand_drive,journey_purpose_of_driver_historic,journey_purpose_of_driver,sex_of_driver,age_of_driver,age_band_of_driver,engine_capacity_cc,propulsion_code,age_of_vehicle,generic_make_model,driver_imd_decile,lsoa_of_driver,escooter_flag,driver_distance_banding
2020530926365,2020,530926365,1,9,0,18,19,5,1,0,0,0,5,0,0,0,3,1,2,2,1,60,9,1686,2,15,VAUXHALL ASTRA,4,E01014586,0,-1
2020460988640,2020,460988640,1,9,0,4,4,2,6,0,0,0,0,0,0,0,1,1,6,6,1,17,4,1686,2,14,VAUXHALL ASTRA,7,E01024558,0,-1
2020500962202,2020,500962202,1,9,0,5,5,5,1,0,0,4,0,0,0,0,3,1,5,6,2,53,8,1398,1,10,VAUXHALL ASTRA,2,E01018911,0,-1
2020400925354,2020,400925354,2,9,0,18,19,3,7,0,0,0,0,0,0,0,1,1,6,6,1,49,8,1248,2,6,VAUXHALL ASTRA,7,E01017575,0,-1
2020440250658,2020,440250658,1,9,0,9,9,5,4,0,0,8,1,0,8,1,1,1,6,6,1,50,8,1399,1,1,VAUXHALL ASTRA,10,E01022587,0,-1
2020430242509,2020,430242509,2,9,0,2,2,0,0,0,0,0,0,0,0,0,2,1,6,6,1,-1,-1,1398,1,5,VAUXHALL ASTRA,-1,-1,0,-1
2020110992428,2020,110992428,2,9,0,6,6,6,6,0,0,0,0,0,0,0,3,1,6,6,1,30,6,1598,1,15,VAUXHALL ASTRA,1,E01008542,0,-1
2020544933820,2020,544933820,1,9,0,1,1,2,6,0,0,0,0,0,0,0,1,1,1,1,2,32,6,1686,2,7,VAUXHALL ASTRA,8,E01031883,0,-1
2020400987310,2020,400987310,1,9,-1,-1,-1,5,1,-1,-1,-1,-1,-1,-1,0,-1,1,6,6,2,-1,-1,1598,1,21,VAUXHALL ASTRA,-1,-1,0,-1
2020500991903,2020,500991903,2,9,0,9,9,4,2,0,0,8,0,0,0,0,3,1,5,6,1,32,6,1598,1,12,VAUXHALL ASTRA,5,E01018831,0,-1
2020201011992,2020,201011992,1,9,0,1,1,3,7,9,9,6,0,0,0,0,0,1,6,6,2,-1,-1,1398,1,9,VAUXHALL ASTRA,-1,-1,0,-1
202031C048320,2020,31C048320,1,9,0,18,19,6,2,0,0,1,0,0,0,0,1,1,6,6,1,32,6,1364,1,4,VAUXHALL ASTRA,1,E01013818,0,-1
2020470999883,2020,470999883,1,9,0,6,6,1,1,0,0,0,0,0,0,0,3,1,6,6,1,30,6,1956,2,7,VAUXHALL ASTRA,7,E01031374,0,-1
2020200970290,2020,200970290,1,9,0,7,7,6,8,0,0,6,0,0,0,0,1,1,6,6,1,-1,-1,1598,2,1,VAUXHALL ASTRA,-1,-1,0,-1
2020400924493,2020,400924493,5,9,0,18,19,6,2,0,0,0,0,0,0,0,0,1,6,6,2,40,7,1399,1,4,VAUXHALL ASTRA,7,E01033192,0,-1
2020470925959,2020,470925959,1,9,0,4,4,4,8,0,0,0,0,0,0,0,1,1,6,6,1,26,6,1364,1,15,VAUXHALL ASTRA,7,E01031607,0,-1
202031C114920,2020,31C114920,1,9,0,18,19,5,1,0,0,0,0,8,0,0,3,1,6,6,1,59,9,1364,1,10,VAUXHALL ASTRA,2,E01013904,0,-1
2020140980313,2020,140980313,1,9,0,5,5,1,1,0,0,1,0,0,0,0,1,2,5,6,1,29,6,1686,2,13,VAUXHALL ASTRA,6,E01007703,0,-1
2020010248441,2020,010248441,1,9,0,99,99,9,9,99,99,9,9,99,9,99,2,9,6,6,2,54,8,1598,1,6,VAUXHALL ASTRA,2,E01001603,0,-1
2020200960041,2020,200960041,1,9,0,9,9,2,7,0,0,5,0,0,0,0,1,1,6,6,1,19,4,1796,1,13,VAUXHALL ASTRA,1,E01009083,0,-1
2020010258680,2020,010258680,2,9,0,2,2,0,0,0,0,2,0,0,0,0,3,1,6,6,3,-1,-1,1399,1,3,VAUXHALL ASTRA,-1,-1,0,-1
2020010231266,2020,010231266,2,9,0,18,19,5,1,9,9,1,0,0,3,1,1,1,6,6,1,20,4,1686,2,9,VAUXHALL ASTRA,1,E01000061,0,-1
2020140918238,2020,140918238,2,9,0,16,19,4,8,0,0,0,0,0,0,0,0,1,6,6,1,29,6,1998,1,17,VAUXHALL ASTRA,1,E01008119,0,-1
2020010246679,2020,010246679,1,9,0,3,3,7,3,0,0,0,0,0,0,0,2,1,6,6,2,52,8,1796,1,12,VAUXHALL ASTRA,5,E01033741,0,-1
202006G172572,2020,06G172572,3,9,0,2,2,0,0,0,0,8,0,0,0,0,4,1,6,6,1,30,6,1398,1,7,VAUXHALL ASTRA,2,E01005949,0,-1
2020200955625,2020,200955625,2,9,0,18,19,3,7,0,0,0,1,0,0,0,2,1,6,6,1,22,5,1598,1,10,VAUXHALL ASTRA,10,E01009560,0,-1
2020460981636,2020,460981636,1,9,0,9,9,5,2,0,0,0,0,0,0,0,3,1,2,2,1,66,10,1686,2,7,VAUXHALL ASTRA,2,E01024214,0,-1
2020140984854,2020,140984854,1,9,0,18,19,1,5,0,0,0,0,4,0,0,1,1,6,6,1,21,5,1796,1,11,VAUXHALL ASTRA,2,E01007805,0,-1
2020500933239,2020,500933239,1,9,0,4,4,1,5,0,0,0,0,0,0,0,0,1,6,6,3,-1,-1,1686,2,14,VAUXHALL ASTRA,-1,-1,0,-1
2020350989151,2020,350989151,2,19,0,9,9,7,3,0,0,0,0,0,0,0,1,1,5,6,2,50,8,1686,2,7,VAUXHALL ASTRA,9,E01018159,0,-1
2020161001936,2020,161001936,1,9,0,18,19,4,8,0,0,0,1,4,0,0,1,1,2,2,1,35,6,1796,1,13,VAUXHALL ASTRA,4,E01007559,0,-1
2020500939652,2020,500939652,2,9,0,3,3,1,5,0,0,0,0,0,1,7,2,1,6,6,2,30,6,1686,2,7,VAUXHALL ASTRA,5,E01019886,0,-1
2020160971491,2020,160971491,1,9,0,1,1,6,2,8,6,0,0,0,0,0,2,1,5,6,1,63,9,1686,2,7,VAUXHALL ASTRA,3,E01013233,0,-1
2020302001325,2020,302001325,1,9,0,9,9,8,2,0,0,1,0,0,0,0,1,1,2,2,2,59,9,1686,2,13,VAUXHALL ASTRA,4,E01019693,0,-1
2020160946360,2020,160946360,1,9,0,18,19,6,2,0,0,1,0,0,0,0,1,1,6,6,2,31,6,1686,2,6,VAUXHALL ASTRA,1,E01013159,0,-1
2020460991287,2020,460991287,1,9,0,4,4,1,5,9,9,0,0,0,7,0,3,1,6,6,2,30,6,1598,1,14,VAUXHALL ASTRA,5,E01016158,0,-1
2020460992032,2020,460992032,3,9,0,3,3,5,1,0,0,0,0,0,0,0,1,1,6,6,1,62,9,1598,1,18,VAUXHALL ASTRA,1,E01024609,0,-1
2020220953301,2020,220953301,1,9,0,4,4,5,1,0,0,0,0,4,0,0,1,1,5,6,1,27,6,1598,1,14,VAUXHALL ASTRA,3,E01032437,0,-1
2020522000760,2020,522000760,1,9,0,18,19,8,4,0,0,2,0,0,0,0,1,1,6,6,2,34,6,1399,1,1,VAUXHALL ASTRA,4,E01014704,0,-1
2020440293807,2020,440293807,2,9,0,3,3,6,2,0,0,1,0,0,1,0,2,1,6,6,2,24,5,1399,1,4,VAUXHALL ASTRA,9,E01022492,0,-1
2020990998948,2020,990998948,2,9,0,17,19,5,3,0,0,1,0,0,0,0,1,1,2,2,1,22,5,1598,1,10,VAUXHALL ASTRA,1,-1,0,-1
2020200995328,2020,200995328,1,9,0,18,19,6,2,0,0,4,0,6,0,0,1,1,6,6,2,29,6,1398,1,9,VAUXHALL ASTRA,2,E01010313,0,-1
2020010276353,2020,010276353,1,9,0,99,99,9,9,99,99,9,9,99,9,99,9,9,6,6,1,21,5,1598,1,8,VAUXHALL ASTRA,2,E01000959,0,-1
2020010236481,2020,010236481,2,9,0,99,99,9,9,99,99,9,9,99,9,99,9,9,6,6,1,46,8,1248,2,10,VAUXHALL ASTRA,3,E01003574,0,-1
2020052000605,2020,052000605,2,9,0,18,19,1,5,0,0,4,0,0,0,0,1,1,2,2,1,33,6,999,1,4,VAUXHALL ASTRA,1,E01006731,0,-1
2020470940019,2020,470940019,1,9,0,-1,-1,-1,-1,-1,-1,0,-1,-1,-1,0,-1,1,6,6,1,69,10,-1,-1,-1,VAUXHALL ASTRA,8,E01021082,0,-1
2020420999609,2020,420999609,2,9,0,5,5,7,3,0,0,1,0,0,0,0,1,1,5,6,2,45,7,1399,1,1,VAUXHALL ASTRA,6,E01022000,0,-1
2020140930412,2020,140930412,2,9,0,18,19,2,6,0,0,0,0,0,0,0,1,1,6,6,3,-1,-1,1598,1,8,VAUXHALL ASTRA,-1,-1,0,-1
2020990991708,2020,990991708,1,8,0,9,9,5,3,0,0,2,0,0,0,0,2,1,1,1,1,42,7,1598,2,6,VAUXHALL ASTRA,1,-1,0,-1
2020320253702,2020,320253702,1,9,0,7,7,6,8,0,0,5,0,0,0,0,4,1,6,6,1,28,6,1796,1,14,VAUXHALL ASTRA,3,E01026032,0,-1
2020010234116,2020,010234116,1,9,0,4,4,7,3,0,0,0,0,0,0,0,2,1,6,6,1,22,5,1399,1,3,VAUXHALL ASTRA,2,E01009661,0,-1
2020401006699,2020,401006699,1,9,0,18,19,7,3,0,0,0,0,0,0,0,1,1,5,6,1,41,7,1598,1,13,VAUXHALL ASTRA,4,E01017581,0,-1
2020140939917,2020,140939917,1,9,0,18,19,4,8,0,0,1,0,0,0,0,1,1,5,6,2,41,7,1686,2,14,VAUXHALL ASTRA,3,E01007969,0,-1
2020410954646,2020,410954646,2,9,0,4,4,2,6,0,0,0,0,0,0,0,1,1,1,1,1,26,6,1598,2,3,VAUXHALL ASTRA,-1,-1,0,-1
2020010246156,2020,010246156,1,9,0,99,99,9,9,99,99,9,9,99,9,99,9,9,6,6,2,33,6,1398,1,9,VAUXHALL ASTRA,2,E01003731,0,-1
2020410926967,2020,410926967,2,9,0,18,19,7,3,0,0,0,1,0,7,10,1,1,5,6,1,32,6,1796,1,13,VAUXHALL ASTRA,3,E01021859,0,-1
2020230950297,2020,230950297,1,9,0,18,19,2,6,0,0,1,0,0,0,0,1,1,5,6,1,78,11,1598,1,6,VAUXHALL ASTRA,10,E01031122,0,-1
2020430297751,2020,430297751,2,9,0,3,3,8,4,0,0,1,0,0,0,0,2,1,6,6,2,47,8,1956,2,7,VAUXHALL ASTRA,-1,-1,0,-1
2020340W04492,2020,340W04492,2,9,0,2,2,0,0,9,9,0,0,0,0,0,1,1,6,6,1,65,9,1956,2,9,VAUXHALL ASTRA,8,E01027335,0,-1
2020471004275,2020,471004275,2,9,0,3,3,1,5,0,0,1,0,0,0,0,2,1,5,6,1,41,7,1598,1,19,VAUXHALL ASTRA,10,E01031654,0,-1
2020320186968,2020,320186968,1,9,0,16,19,1,5,0,0,0,2,0,1,4,4,1,6,6,1,24,5,1364,1,14,VAUXHALL ASTRA,6,E01003152,0,-1
2020070096748,2020,070096748,1,9,0,5,5,2,6,0,0,8,0,0,0,0,3,1,6,6,1,36,7,-1,-1,-1,VAUXHALL ASTRA,2,E01012425,0,-1
2020302000060,2020,302000060,1,9,0,18,19,1,5,0,0,8,0,0,0,0,4,1,6,6,1,25,5,1598,1,14,VAUXHALL ASTRA,1,E01013487,0,-1
2020420954071,2020,420954071,2,9,0,18,19,7,3,0,0,8,1,0,0,0,4,1,1,1,1,30,6,1598,2,1,VAUXHALL ASTRA,8,E01033461,0,-1
2020140938989,2020,140938989,2,9,0,5,5,3,7,0,0,0,0,0,0,0,1,1,1,1,1,23,5,1248,2,7,VAUXHALL ASTRA,2,E01007578,0,-1
2020320061061,2020,320061061,2,9,0,18,19,1,5,0,0,8,0,0,0,0,1,1,6,6,1,18,4,1598,2,6,VAUXHALL ASTRA,4,E01026280,0,-1
2020420976238,2020,420976238,1,9,0,17,19,5,1,0,0,0,5,0,1,0,4,1,5,6,1,32,6,-1,-1,-1,VAUXHALL ASTRA,5,E01033141,0,-1
2020401013978,2020,401013978,2,9,0,7,7,5,7,0,0,1,0,0,0,0,3,1,6,6,2,31,6,1598,2,3,VAUXHALL ASTRA,7,E01017548,0,-1
2020040967318,2020,040967318,1,9,0,4,4,7,3,0,0,1,0,0,0,0,0,1,6,6,3,-1,-1,1598,1,2,VAUXHALL ASTRA,-1,-1,0,-1
2020410927745,2020,410927745,1,9,0,18,19,4,8,0,0,0,0,0,0,0,0,1,6,6,3,-1,-1,1796,1,18,VAUXHALL ASTRA,-1,-1,0,-1
2020440278298,2020,440278298,1,9,0,18,19,5,1,0,0,1,0,0,0,0,1,1,6,6,1,47,8,1598,1,17,VAUXHALL ASTRA,-1,-1,0,-1
2020122000452,2020,122000452,1,19,0,17,19,3,8,0,0,0,0,0,0,0,1,1,1,1,1,59,9,1686,2,8,VAUXHALL ASTRA,7,E01027735,0,-1
2020360947863,2020,360947863,2,9,0,3,3,6,2,0,0,1,0,0,0,0,2,1,1,1,1,44,7,1399,1,4,VAUXHALL ASTRA,5,E01026591,0,-1
2020990944062,2020,990944062,1,9,0,18,19,3,8,0,0,0,0,0,0,0,4,1,6,6,1,18,4,1598,1,6,VAUXHALL ASTRA,6,-1,0,-1
2020320382976,2020,320382976,1,9,0,9,9,3,7,0,0,8,0,0,0,0,3,1,6,6,2,53,8,1910,2,12,VAUXHALL ASTRA,3,E01026023,0,-1
2020010248273,2020,010248273,1,9,0,18,19,5,1,0,0,6,0,0,0,0,1,1,6,6,1,41,7,1956,2,5,VAUXHALL ASTRA,3,E01000750,0,-1
2020010233487,2020,010233487,2,9,0,12,12,5,1,8,6,8,0,0,0,0,3,1,6,6,3,-1,-1,1796,1,12,VAUXHALL ASTRA,-1,-1,0,-1
2020010257182,2020,010257182,1,9,0,99,99,9,9,99,99,0,0,99,9,99,9,1,6,6,3,-1,-1,-1,-1,-1,VAUXHALL ASTRA,-1,-1,0,-1
2020340E02562,2020,340E02562,1,9,0,18,19,3,7,0,0,4,0,0,0,0,4,1,6,6,1,81,11,1598,1,6,VAUXHALL ASTRA,7,E01027076,0,-1
2020200946541,2020,200946541,1,9,0,9,9,7,5,0,0,1,0,0,0,0,1,1,1,1,1,72,10,1686,2,19,VAUXHALL ASTRA,9,E01029672,0,-1
202031C057620,2020,31C057620,1,9,0,9,9,8,7,0,0,6,0,0,0,0,1,1,6,6,3,-1,-1,1956,2,9,VAUXHALL ASTRA,-1,-1,0,-1
2020137AH0664,2020,137AH0664,1,9,0,18,19,8,3,0,0,0,0,0,0,0,1,1,6,6,1,28,6,1686,2,9,VAUXHALL ASTRA,1,E01011780,0,-1
2020200960887,2020,200960887,2,9,0,4,4,1,5,0,0,0,0,0,0,0,1,1,6,6,1,19,4,1399,1,1,VAUXHALL ASTRA,3,E01010566,0,-1
2020470988450,2020,470988450,2,9,0,3,3,4,8,0,0,0,0,4,0,0,2,1,2,2,2,43,7,1598,1,10,VAUXHALL ASTRA,4,E01031473,0,-1
2020200960958,2020,200960958,1,9,0,14,14,6,2,0,0,0,5,4,0,0,3,1,6,6,1,23,5,1364,1,14,VAUXHALL ASTRA,2,E01009014,0,-1
2020201000200,2020,201000200,1,9,0,18,19,5,1,0,0,4,0,0,0,0,1,1,6,6,3,-1,-1,1398,1,8,VAUXHALL ASTRA,-1,-1,0,-1
2020220969646,2020,220969646,1,19,0,18,19,2,6,0,0,1,0,0,0,0,1,1,5,6,1,21,5,1686,2,17,VAUXHALL ASTRA,5,E01028897,0,-1
2020100984390,2020,100984390,3,9,0,9,9,1,7,0,0,0,5,0,7,0,3,1,6,6,1,20,4,1686,2,7,VAUXHALL ASTRA,10,E01008355,0,-1
2020010248324,2020,010248324,3,9,9,99,99,9,9,99,99,9,9,99,9,0,9,1,6,6,1,30,6,1364,1,15,VAUXHALL ASTRA,5,E01002629,0,-1
202031D167420,2020,31D167420,1,9,0,18,19,1,5,0,0,0,0,0,0,0,1,1,6,6,2,79,11,1399,1,2,VAUXHALL ASTRA,3,E01027931,0,-1
2020070789546,2020,070789546,1,9,0,18,19,4,8,0,0,4,0,0,0,0,3,1,6,6,2,35,6,1598,1,13,VAUXHALL ASTRA,4,E01018337,0,-1
2020010274536,2020,010274536,1,9,0,18,19,1,5,0,0,1,0,0,0,0,4,1,6,6,1,31,6,999,1,2,VAUXHALL ASTRA,6,E01001040,0,-1
2020070467567,2020,070467567,1,9,0,18,19,8,3,0,0,2,0,0,0,0,3,1,6,6,1,41,7,1686,2,15,VAUXHALL ASTRA,6,W01000232,0,-1
2020010231885,2020,010231885,1,9,0,99,99,9,9,99,99,9,9,99,9,99,1,9,6,6,3,39,7,1598,1,7,VAUXHALL ASTRA,3,E01004633,0,-1
2020010281008,2020,010281008,2,9,0,99,99,9,9,99,99,9,9,99,9,99,2,9,6,6,3,-1,-1,1598,1,8,VAUXHALL ASTRA,-1,-1,0,-1
2020440220371,2020,440220371,3,9,0,2,2,0,0,0,0,0,0,0,0,0,2,1,6,6,1,27,6,1398,1,9,VAUXHALL ASTRA,4,E01017081,0,-1
2020400975445,2020,400975445,2,9,0,3,3,7,3,0,0,0,0,0,0,0,2,1,6,6,2,29,6,1686,2,11,VAUXHALL ASTRA,2,E01015726,0,-1
2020360956684,2020,360956684,4,9,0,18,19,4,8,0,0,1,0,0,0,0,1,1,6,6,1,25,5,1998,1,13,VAUXHALL ASTRA,5,E01030093,0,-1
2020400929360,2020,400929360,2,9,0,18,19,2,6,0,0,0,0,0,0,0,2,1,6,6,1,30,6,1998,1,14,VAUXHALL ASTRA,9,E01015806,0,-1
2020460979795,2020,460979795,2,19,0,4,4,1,5,0,0,1,0,0,0,0,2,1,5,6,1,-1,-1,1910,2,9,VAUXHALL ASTRA,-1,-1,0,-1
2020110950345,2020,110950345,2,9,0,2,2,0,0,0,0,2,0,0,0,0,2,1,5,6,2,53,8,1364,1,13,VAUXHALL ASTRA,1,E01020841,0,-1
2020010261565,2020,010261565,1,9,0,18,19,7,3,0,0,6,0,0,0,0,1,1,6,6,3,-1,-1,1598,1,12,VAUXHALL ASTRA,-1,-1,0,-1
2020010945564,2020,010945564,2,9,0,18,19,5,1,0,0,0,0,0,0,0,2,1,1,1,1,38,7,1598,2,1,VAUXHALL ASTRA,3,E01015956,0,-1
2020552000683,2020,552000683,1,9,0,9,9,6,2,0,0,8,0,0,0,0,4,1,2,2,2,47,8,1598,1,8,VAUXHALL ASTRA,7,E01020538,0,-1
2020991012058,2020,991012058,1,9,0,17,19,7,3,0,0,0,1,0,0,0,1,1,6,6,1,40,7,1398,1,7,VAUXHALL ASTRA,1,-1,0,-1
2020440353315,2020,440353315,1,9,0,9,9,8,5,0,0,8,0,0,0,0,1,1,6,6,1,-1,-1,1598,1,5,VAUXHALL ASTRA,-1,-1,0,-1
2020101010812,2020,101010812,1,9,0,1,1,1,5,0,0,0,0,0,0,0,2,2,2,2,2,34,6,1364,1,6,VAUXHALL ASTRA,3,E01027359,0,-1
2020010256409,2020,010256409,2,9,0,8,8,7,2,0,0,1,0,0,0,0,0,1,6,6,1,55,8,1364,1,11,VAUXHALL ASTRA,2,E01004302,0,-1
202031B061920,2020,31B061920,1,9,3,4,4,8,6,7,6,0,0,0,0,0,3,1,6,6,1,31,6,1686,2,8,VAUXHALL ASTRA,2,E01019497,0,-1
2020548571420,2020,548571420,1,9,0,18,19,5,1,0,0,8,0,0,0,0,1,1,6,6,1,21,5,1598,2,5,VAUXHALL ASTRA,6,E01031860,0,-1
2020010237034,2020,010237034,2,9,0,99,99,9,9,99,99,9,9,99,9,99,1,9,6,6,3,-1,-1,1956,2,8,VAUXHALL ASTRA,3,E01003172,0,-1
2020401001031,2020,401001031,2,9,0,2,2,0,0,0,0,0,0,0,0,0,2,1,6,6,1,44,7,1686,2,16,VAUXHALL ASTRA,9,E01015708,0,-1
2020137280742,2020,137280742,1,9,0,4,4,4,3,0,0,0,1,0,0,0,1,1,6,6,1,33,6,1398,1,5,VAUXHALL ASTRA,8,E01032493,0,-1
2020100985548,2020,100985548,2,9,0,3,3,5,5,0,0,1,0,0,0,0,2,1,6,6,1,51,8,1398,1,7,VAUXHALL ASTRA,2,E01008460,0,-1
2020140963800,2020,140963800,1,9,0,18,19,6,2,0,0,0,0,0,0,0,1,1,6,6,2,29,6,1598,1,15,VAUXHALL ASTRA,1,E01008015,0,-1
2020360976089,2020,360976089,1,9,0,18,19,4,8,0,0,0,0,10,0,0,1,1,5,6,1,31,6,1998,1,14,VAUXHALL ASTRA,1,E01026467,0,-1
2020052001061,2020,052001061,2,9,0,18,19,7,3,0,0,8,0,0,0,0,1,1,6,6,2,64,9,1598,1,8,VAUXHALL ASTRA,7,E01006531,0,-1
202031B154920,2020,31B154920,1,9,0,18,19,3,7,0,0,2,0,0,0,0,4,1,6,6,1,52,8,1910,2,13,VAUXHALL ASTRA,4,E01028239,0,-1
2020530939807,2020,530939807,1,9,0,18,19,1,5,0,0,1,1,0,1,5,3,1,1,1,1,24,5,1598,2,1,VAUXHALL ASTRA,9,E01022282,0,-1
2020370946918,2020,370946918,1,9,0,18,19,5,1,0,0,0,2,10,1,1,1,1,2,2,1,38,7,1956,2,6,VAUXHALL ASTRA,5,E01030241,0,-1
2020010249048,2020,010249048,1,9,0,18,19,5,1,0,0,0,0,4,0,0,1,1,6,6,1,23,5,1364,1,7,VAUXHALL ASTRA,5,E01002616,0,-1
2020010240695,2020,010240695,1,9,0,9,9,7,6,0,0,0,0,0,0,0,1,1,6,6,1,25,5,1399,1,3,VAUXHALL ASTRA,3,E01002768,0,-1
2020010237525,2020,010237525,3,9,0,7,7,7,1,0,0,3,0,0,0,0,0,1,1,1,1,35,6,1399,1,1,VAUXHALL ASTRA,4,E01001484,0,-1
2020040952891,2020,040952891,1,9,0,18,19,3,7,0,0,1,0,0,0,0,1,1,5,6,1,33,6,1399,1,3,VAUXHALL ASTRA,-1,-1,0,-1
2020170M11820,2020,170M11820,1,9,0,17,19,1,6,0,0,8,0,0,0,0,1,1,6,6,1,66,10,1956,2,6,VAUXHALL ASTRA,1,E01012041,0,-1
2020221011804,2020,221011804,2,9,0,5,5,1,5,2,2,6,0,0,0,0,4,1,5,6,2,48,8,1598,2,5,VAUXHALL ASTRA,3,E01032241,0,-1
2020200931771,2020,200931771,1,9,0,11,11,6,2,0,0,0,0,0,0,0,4,1,1,1,2,48,8,1364,1,10,VAUXHALL ASTRA,10,E01032144,0,-1
2020040915037,2020,040915037,1,9,0,7,7,7,1,0,0,8,0,0,0,0,1,1,5,6,2,63,9,1910,2,15,VAUXHALL ASTRA,8,E01025012,0,-1
2020470965572,2020,470965572,2,9,0,10,10,1,7,0,0,1,0,0,0,0,2,1,6,6,1,45,7,1364,1,13,VAUXHALL ASTRA,6,E01016972,0,-1
2020220917385,2020,220917385,1,9,0,13,13,6,4,0,0,6,0,0,0,0,1,1,6,6,1,34,6,1598,2,5,VAUXHALL ASTRA,-1,-1,0,-1
2020010283794,2020,010283794,1,9,0,5,5,1,5,0,0,7,0,0,0,0,1,1,6,6,2,40,7,999,1,4,VAUXHALL ASTRA,9,E01002025,0,-1
2020040923459,2020,040923459,1,9,0,17,19,1,5,0,0,0,5,0,1,0,4,1,2,2,2,27,6,1956,2,7,VAUXHALL ASTRA,7,E01025487,0,-1
2020430052973,2020,430052973,1,9,0,18,19,7,3,0,0,0,0,0,0,0,0,1,1,1,1,30,6,1598,2,3,VAUXHALL ASTRA,-1,-1,0,-1
2020160927950,2020,160927950,1,9,0,18,19,6,2,0,0,0,0,0,0,0,1,1,6,6,2,-1,-1,1398,1,7,VAUXHALL ASTRA,3,E01013282,0,-1
2020010286148,2020,010286148,1,9,0,99,99,9,9,99,99,9,9,99,9,99,9,9,6,6,1,27,6,1956,2,8,VAUXHALL ASTRA,10,E01023550,0,-1
202006K175068,2020,06K175068,2,9,0,18,19,4,8,0,0,1,0,0,0,0,1,1,6,6,3,-1,-1,1598,1,11,VAUXHALL ASTRA,-1,-1,0,-1
2020110963567,2020,110963567,2,9,0,17,19,4,8,0,0,0,0,0,7,0,1,1,6,6,2,50,8,1364,1,11,VAUXHALL ASTRA,5,E01020882,0,-1
2020201023116,2020,201023116,2,9,0,12,12,2,6,0,0,0,0,0,0,0,2,1,6,6,1,23,5,1956,2,8,VAUXHALL ASTRA,2,E01009082,0,-1
2020500993979,2020,500993979,1,9,0,18,19,1,5,0,0,0,1,0,0,0,3,1,2,2,1,46,8,1686,2,10,VAUXHALL ASTRA,4,E01020135,0,-1
2020010252401,2020,010252401,2,9,0,99,99,9,9,99,99,1,9,99,9,99,1,9,6,6,3,-1,-1,1686,2,8,VAUXHALL ASTRA,10,E01021751,0,-1
20201378J0379,2020,1378J0379,1,9,0,9,9,8,4,0,0,6,0,0,0,0,3,1,6,6,2,37,7,1364,1,13,VAUXHALL ASTRA,1,E01010680,0,-1
2020200959277,2020,200959277,2,9,0,18,19,4,8,0,0,8,0,0,0,0,1,1,6,6,1,54,8,1796,1,12,VAUXHALL ASTRA,3,E01010051,0,-1
2020160982667,2020,160982667,1,9,0,9,9,1,7,0,0,8,0,0,0,0,1,1,5,6,1,39,7,1598,1,15,VAUXHALL ASTRA,1,E01013300,0,-1
2020460944131,2020,460944131,2,9,0,5,5,3,7,0,0,3,0,0,0,0,4,1,5,6,2,36,7,1398,1,6,VAUXHALL ASTRA,9,E01024159,0,-1
2020350927300,2020,350927300,1,9,0,18,19,1,5,0,0,0,0,0,0,0,2,1,6,6,1,28,6,1796,1,14,VAUXHALL ASTRA,2,E01033182,0,-1
2020010233622,2020,010233622,1,9,0,7,7,3,4,0,0,2,0,0,0,0,1,1,6,6,2,22,5,1598,1,6,VAUXHALL ASTRA,-1,-1,0,-1
2020500964927,2020,500964927,2,9,0,18,19,8,4,0,0,1,5,7,0,0,4,1,2,2,1,29,6,1399,1,4,VAUXHALL ASTRA,3,E01015189,0,-1
2020010284927,2020,010284927,2,9,0,18,19,5,1,0,0,8,0,0,0,0,3,1,2,2,1,49,8,1399,1,4,VAUXHALL ASTRA,2,E01001333,0,-1
202006F270939,2020,06F270939,1,9,0,18,19,7,3,0,0,0,0,0,0,1,0,1,6,6,2,82,11,1364,1,15,VAUXHALL ASTRA,-1,-1,0,-1
2020010257032,2020,010257032,2,9,0,99,99,9,9,99,99,9,9,99,9,99,3,9,6,6,3,30,6,1796,1,13,VAUXHALL ASTRA,3,E01004562,0,-1
2020110962057,2020,110962057,1,9,0,18,19,3,7,0,0,0,0,0,0,0,1,1,5,6,1,22,5,1598,2,4,VAUXHALL ASTRA,2,E01020892,0,-1
2020400969979,2020,400969979,1,9,0,18,19,8,6,0,0,0,0,0,0,0,0,1,5,6,1,27,6,1598,2,3,VAUXHALL ASTRA,2,E01015794,0,-1
2020522001441,2020,522001441,1,9,0,3,3,6,2,0,0,0,0,0,0,0,2,1,6,6,1,40,7,1598,1,7,VAUXHALL ASTRA,10,E01014940,0,-1
20201378L1445,2020,1378L1445,1,9,0,9,9,5,3,0,0,6,0,0,0,0,1,1,6,6,2,33,6,1398,1,10,VAUXHALL ASTRA,2,E01010667,0,-1
2020400970030,2020,400970030,2,9,0,5,5,1,3,0,0,4,0,0,0,0,2,1,5,6,2,33,6,1598,1,15,VAUXHALL ASTRA,8,E01023692,0,-1
2020552000089,2020,552000089,1,9,0,18,19,3,7,0,0,0,0,0,0,0,1,1,3,7,2,35,6,1998,1,7,VAUXHALL ASTRA,2,E01020348,0,-1
2020400959580,2020,400959580,1,9,0,7,7,3,2,0,0,1,0,0,0,0,1,1,6,6,1,60,9,1598,1,14,VAUXHALL ASTRA,4,E01015755,0,-1