collision_index,collision_year,collision_ref_no,vehicle_reference,vehicle_type,towing_and_articulation,vehicle_manoeuvre_historic,vehicle_manoeuvre,vehicle_direction_from,vehicle_direction_to,vehicle_location_restricted_lane_historic,vehicle_location_restricted_lane,junction_location,skidding_and_overturning,hit_object_in_carriageway,vehicle_leaving_carriageway,hit_object_off_carriageway,first_point_of_impact,vehicle_left_hand_drive,journey_purpose_of_driver_historic,journey_purpose_of_driver,sex_of_driver,age_of_driver,age_band_of_driver,engine_capacity_cc,propulsion_code,age_of_vehicle,generic_make_model,driver_imd_decile,lsoa_of_driver,escooter_flag,driver_distance_banding
20201378U1760,2020,1378U1760,1,9,0,18,19,8,4,0,0,0,0,0,0,0,3,1,2,2,1,30,6,1598,1,14,VAUXHALL ASTRA,3,E01011137,0,-1
2020160923463,2020,160923463,2,9,0,7,7,5,7,0,0,8,0,0,0,0,1,1,2,2,1,20,4,1686,2,14,VAUXHALL ASTRA,4,E01012801,0,-1
2020470916543,2020,470916543,2,9,0,3,3,3,7,0,0,0,0,0,0,0,2,1,5,6,2,53,8,1398,1,10,VAUXHALL ASTRA,1,E01031454,0,-1
202031D085020,2020,31D085020,2,9,0,7,7,4,6,0,0,5,0,0,0,0,4,1,6,6,1,65,9,1956,2,7,VAUXHALL ASTRA,10,E01028084,0,-1
2020010233875,2020,010233875,1,9,0,99,99,9,9,99,99,0,9,99,9,99,9,9,6,6,3,65,9,1398,1,9,VAUXHALL ASTRA,5,E01000663,0,-1
2020420986755,2020,420986755,2,9,0,18,19,3,7,0,0,1,0,0,0,0,2,1,5,6,2,55,8,1598,1,6,VAUXHALL ASTRA,8,E01021885,0,-1
2020010238030,2020,010238030,1,9,0,16,19,6,1,0,0,0,0,0,7,4,1,1,1,1,1,26,6,1598,1,6,VAUXHALL ASTRA,4,E01001009,0,-1
2020460971083,2020,460971083,1,9,0,5,5,4,8,0,0,5,0,0,0,0,3,1,5,6,1,19,4,1364,1,12,VAUXHALL ASTRA,2,E01024374,0,-1
2020420954620,2020,420954620,2,9,0,7,7,2,5,0,0,2,0,0,0,0,0,1,1,1,1,36,7,1598,2,1,VAUXHALL ASTRA,8,E01021544,0,-1
2020451004228,2020,451004228,1,9,0,17,19,3,7,0,0,0,5,0,1,0,4,1,2,2,1,25,5,1389,1,15,VAUXHALL ASTRA,9,E01031001,0,-1
2020010247113,2020,010247113,2,9,0,18,19,1,5,99,99,9,9,99,9,99,3,1,6,6,3,-1,-1,1598,1,10,VAUXHALL ASTRA,-1,-1,0,-1
2020010270437,2020,010270437,1,9,0,99,99,9,9,99,99,9,9,99,9,99,1,9,6,6,2,30,6,1364,1,10,VAUXHALL ASTRA,2,E01008077,0,-1
2020137670838,2020,137670838,2,9,0,18,19,1,5,0,0,1,0,0,0,0,1,1,6,6,1,71,10,1364,1,11,VAUXHALL ASTRA,8,E01011109,0,-1
2020420988283,2020,420988283,3,9,0,11,11,5,1,0,0,0,0,4,0,0,1,1,5,6,1,68,10,1364,1,10,VAUXHALL ASTRA,10,E01033721,0,-1
2020320258618,2020,320258618,2,9,0,18,19,2,6,0,0,0,0,0,0,0,3,1,2,2,1,23,5,1956,2,6,VAUXHALL ASTRA,4,E01026081,0,-1
2020410926406,2020,410926406,1,9,0,18,19,5,1,0,0,0,0,0,0,0,1,1,6,6,1,40,7,1598,1,13,VAUXHALL ASTRA,2,E01029429,0,-1
2020401010709,2020,401010709,2,9,0,18,19,1,5,0,0,0,0,0,0,0,1,1,6,6,1,31,6,1364,1,12,VAUXHALL ASTRA,2,E01015807,0,-1
2020010233000,2020,010233000,2,9,0,99,99,9,9,99,99,9,9,99,9,99,1,9,6,6,3,-1,-1,1598,1,13,VAUXHALL ASTRA,-1,-1,0,-1
2020549330420,2020,549330420,1,9,0,5,5,1,5,0,0,4,0,0,0,0,1,1,4,7,1,17,4,1686,2,16,VAUXHALL ASTRA,10,E01031921,0,-1
2020552000730,2020,552000730,4,9,0,2,2,0,0,0,0,0,0,0,0,0,2,1,6,6,3,-1,-1,1598,1,7,VAUXHALL ASTRA,-1,-1,0,-1
2020211022121,2020,211022121,1,9,0,18,19,3,7,0,0,0,0,0,0,0,1,1,5,6,1,19,4,1910,2,14,VAUXHALL ASTRA,3,E01029452,0,-1
2020010235429,2020,010235429,1,9,0,17,19,3,7,0,0,0,0,0,1,11,1,1,2,2,1,27,6,1598,1,12,VAUXHALL ASTRA,-1,-1,0,-1
2020340N01602,2020,340N01602,2,9,0,18,19,3,7,0,0,3,0,0,0,0,4,1,6,6,2,28,6,1598,1,7,VAUXHALL ASTRA,3,E01027188,0,-1
2020470966845,2020,470966845,1,9,0,7,7,6,8,0,0,6,0,0,0,0,3,1,5,6,1,24,5,999,1,4,VAUXHALL ASTRA,2,E01004068,0,-1
2020320460244,2020,320460244,1,9,0,17,19,1,5,0,0,0,1,0,1,0,1,1,2,2,1,25,5,1598,1,13,VAUXHALL ASTRA,1,E01026093,0,-1
2020610040920,2020,610040920,1,9,0,18,19,5,1,0,0,1,0,0,0,0,2,1,6,6,1,24,5,1686,2,7,VAUXHALL ASTRA,4,W01001688,0,-1
2020137AL1334,2020,137AL1334,2,9,0,3,3,0,0,0,0,1,0,0,0,0,2,1,6,6,1,23,5,1598,2,6,VAUXHALL ASTRA,7,E01027692,0,-1
2020549213520,2020,549213520,3,9,0,3,3,8,4,0,0,1,0,0,0,0,1,1,6,6,1,62,9,1598,2,4,VAUXHALL ASTRA,6,E01016306,0,-1
2020010944245,2020,010944245,1,9,0,2,2,2,6,0,0,0,0,0,0,0,1,1,1,1,1,25,5,1598,2,1,VAUXHALL ASTRA,-1,-1,0,-1
20201372R1074,2020,1372R1074,1,9,0,18,19,5,1,0,0,8,0,0,0,0,1,1,6,6,2,34,6,1956,2,10,VAUXHALL ASTRA,1,E01010831,0,-1
2020010271881,2020,010271881,1,9,0,2,2,0,0,0,0,0,0,0,0,0,4,1,6,6,3,-1,-1,1686,2,10,VAUXHALL ASTRA,-1,-1,0,-1
2020100937590,2020,100937590,1,9,0,6,6,7,3,0,0,2,0,0,0,0,1,1,5,6,2,21,5,1598,1,9,VAUXHALL ASTRA,3,E01008449,0,-1
20201371L0187,2020,1371L0187,4,9,0,18,19,5,1,0,0,0,0,0,0,0,0,1,1,1,2,25,5,1910,2,15,VAUXHALL ASTRA,2,E01011872,0,-1
2020010243365,2020,010243365,1,9,0,99,99,9,9,99,99,9,9,99,9,99,1,9,6,6,1,19,4,1398,1,10,VAUXHALL ASTRA,2,E01003501,0,-1
2020410972371,2020,410972371,1,9,0,18,19,8,1,0,0,1,0,0,0,0,1,1,5,6,1,29,6,1686,2,9,VAUXHALL ASTRA,6,E01023723,0,-1
20201379G1101,2020,1379G1101,1,9,0,18,19,4,8,0,0,0,0,0,0,0,3,1,6,6,1,41,7,1956,2,9,VAUXHALL ASTRA,4,E01011753,0,-1
2020460998263,2020,460998263,3,9,0,3,3,4,8,0,0,8,0,0,0,0,2,1,6,6,2,45,7,1399,1,1,VAUXHALL ASTRA,10,E01024644,0,-1
2020010236900,2020,010236900,2,9,0,6,6,3,3,0,0,6,0,0,0,0,3,1,1,1,1,36,7,1399,1,1,VAUXHALL ASTRA,4,E01004401,0,-1
2020440339854,2020,440339854,1,9,0,5,5,1,5,0,0,8,0,0,0,0,1,1,6,6,1,31,6,1998,1,14,VAUXHALL ASTRA,9,E01022768,0,-1
202063C016820,2020,63C016820,2,9,0,4,4,6,2,0,0,1,0,0,0,0,2,1,6,6,1,82,11,1598,1,12,VAUXHALL ASTRA,8,W01000609,0,-1
2020440286567,2020,440286567,2,9,0,4,4,2,6,0,0,0,1,0,0,0,2,1,2,2,1,38,7,1598,1,16,VAUXHALL ASTRA,3,E01017080,0,-1
2020122100072,2020,122100072,2,9,0,11,11,5,3,0,0,1,0,0,0,0,1,1,6,6,2,28,6,1598,1,10,VAUXHALL ASTRA,4,E01027910,0,-1
202006J174731,2020,06J174731,2,9,0,13,13,6,2,0,0,1,0,4,0,0,1,1,6,6,1,36,7,1598,1,9,VAUXHALL ASTRA,1,E01005755,0,-1
20201378C1570,2020,1378C1570,1,9,0,18,19,1,5,0,0,0,0,0,0,0,1,1,6,6,1,25,5,1686,2,9,VAUXHALL ASTRA,6,E01010643,0,-1
2020160922750,2020,160922750,1,9,0,18,19,8,4,0,0,0,0,10,1,11,4,1,6,6,2,49,8,1598,2,4,VAUXHALL ASTRA,10,E01013066,0,-1
2020137A71212,2020,137A71212,3,9,0,4,4,6,2,0,0,2,0,0,0,0,2,1,6,6,2,55,8,1598,1,18,VAUXHALL ASTRA,2,E01010649,0,-1
2020010268829,2020,010268829,2,9,0,18,19,1,5,0,0,0,0,0,0,0,1,1,6,6,2,46,8,1598,1,16,VAUXHALL ASTRA,4,E01001406,0,-1
2020552000247,2020,552000247,1,9,0,18,19,3,7,0,0,0,0,0,0,0,1,1,6,6,1,22,5,1364,1,11,VAUXHALL ASTRA,5,E01020472,0,-1
2020410989111,2020,410989111,2,9,0,3,3,5,3,0,0,1,0,0,0,0,3,1,5,6,2,61,9,1364,1,14,VAUXHALL ASTRA,10,E01023562,0,-1
2020440377760,2020,440377760,2,9,0,18,19,7,3,0,0,1,0,0,0,0,1,1,6,6,2,-1,-1,1796,1,14,VAUXHALL ASTRA,-1,-1,0,-1
2020410961846,2020,410961846,1,9,0,18,19,1,5,0,0,2,0,0,0,0,1,1,6,6,1,82,11,1796,1,15,VAUXHALL ASTRA,10,E01023949,0,-1
2020522005096,2020,522005096,2,9,0,18,19,1,5,0,0,8,0,0,0,0,1,1,6,6,3,-1,-1,1364,1,7,VAUXHALL ASTRA,-1,-1,0,-1
2020041004672,2020,041004672,1,9,0,9,9,5,7,0,0,5,0,0,0,0,3,1,6,6,1,23,5,1598,1,10,VAUXHALL ASTRA,1,E01033231,0,-1
2020430012127,2020,430012127,2,9,0,18,19,6,2,0,0,7,0,0,0,0,1,1,6,6,1,24,5,1686,2,12,VAUXHALL ASTRA,6,E01028771,0,-1
2020350953403,2020,350953403,1,9,0,18,19,7,3,0,0,4,0,0,0,0,1,1,6,6,2,35,6,1399,1,1,VAUXHALL ASTRA,-1,-1,0,-1
202006Q175416,2020,06Q175416,1,9,0,9,9,5,3,0,0,8,0,0,0,0,1,1,6,6,1,27,6,1956,2,9,VAUXHALL ASTRA,1,E01005342,0,-1
2020470915493,2020,470915493,2,9,0,18,19,1,5,0,0,0,0,0,0,0,0,2,1,1,1,50,8,1598,2,2,VAUXHALL ASTRA,5,E01031818,0,-1
2020230990305,2020,230990305,2,9,0,18,19,1,5,0,0,1,0,0,0,0,1,1,5,6,2,44,7,1598,1,15,VAUXHALL ASTRA,6,E01009586,0,-1
2020010256373,2020,010256373,1,19,0,18,19,1,5,0,0,0,0,0,0,0,4,1,2,2,1,55,8,1598,1,18,VAUXHALL ASTRA,9,E01001274,0,-1
2020990994985,2020,990994985,1,9,0,7,7,5,8,0,0,3,0,0,0,0,4,2,5,6,2,33,6,1598,2,4,VAUXHALL ASTRA,1,-1,0,-1
2020622000276,2020,622000276,1,9,0,18,19,5,1,0,0,2,5,7,0,0,1,1,6,6,1,61,9,1796,1,14,VAUXHALL ASTRA,1,W01001280,0,-1
2020320006159,2020,320006159,2,9,0,8,8,1,5,0,0,1,0,0,0,0,1,1,6,6,1,50,8,1399,1,4,VAUXHALL ASTRA,7,E01028018,0,-1
2020360989169,2020,360989169,1,9,0,13,13,5,1,0,0,0,0,0,0,0,1,1,5,6,2,34,6,1598,1,5,VAUXHALL ASTRA,3,E01026455,0,-1
2020010246715,2020,010246715,2,9,0,99,99,9,9,99,99,9,9,99,9,99,9,9,6,6,3,-1,-1,1956,2,7,VAUXHALL ASTRA,-1,-1,0,-1
2020010277374,2020,010277374,3,9,0,18,19,7,3,0,0,0,0,0,0,0,0,1,6,6,1,19,4,1598,1,9,VAUXHALL ASTRA,3,E01000043,0,-1
2020220954701,2020,220954701,2,9,0,18,19,2,6,0,0,0,0,0,0,0,1,1,1,1,2,26,6,1598,2,6,VAUXHALL ASTRA,4,E01032157,0,-1
2020990971344,2020,990971344,1,9,0,12,12,4,8,0,0,0,0,0,0,0,1,1,5,6,1,39,7,1248,2,10,VAUXHALL ASTRA,1,-1,0,-1
2020070518958,2020,070518958,1,9,0,18,19,4,8,0,0,0,0,0,0,0,1,1,6,6,1,25,5,2198,1,16,VAUXHALL ASTRA,3,E01018611,0,-1
2020160925681,2020,160925681,1,9,0,18,19,7,3,0,0,0,1,0,8,0,3,1,5,6,1,17,4,1686,2,13,VAUXHALL ASTRA,5,E01013308,0,-1
2020010261728,2020,010261728,2,9,0,1,1,1,5,0,0,9,0,99,0,0,2,9,6,6,3,-1,-1,1364,1,11,VAUXHALL ASTRA,-1,-1,0,-1
2020440485137,2020,440485137,1,9,0,18,19,5,2,0,0,0,0,0,0,0,4,1,6,6,2,47,8,1598,1,16,VAUXHALL ASTRA,7,E01016383,0,-1
2020420973244,2020,420973244,1,9,0,9,9,1,7,0,0,8,0,0,0,0,3,1,2,2,1,27,6,1598,1,13,VAUXHALL ASTRA,-1,-1,0,-1
2020990947650,2020,990947650,2,9,0,18,19,1,4,0,0,1,0,0,0,0,1,1,6,6,1,59,9,1686,2,14,VAUXHALL ASTRA,7,-1,0,-1
2020200965013,2020,200965013,1,9,0,18,19,1,6,0,0,0,0,0,0,0,1,1,6,6,1,31,6,1956,2,7,VAUXHALL ASTRA,2,E01010522,0,-1
2020200948160,2020,200948160,2,9,0,18,19,6,2,0,0,8,0,0,0,0,1,1,6,6,2,32,6,1399,1,2,VAUXHALL ASTRA,3,E01008921,0,-1
2020010285379,2020,010285379,1,9,0,7,7,3,5,0,0,1,0,0,0,0,3,2,6,6,1,17,4,1364,1,12,VAUXHALL ASTRA,3,E01001116,0,-1
2020400986414,2020,400986414,1,9,0,18,19,2,7,0,0,0,5,0,1,9,1,1,5,6,2,34,6,1364,1,15,VAUXHALL ASTRA,4,E01017493,0,-1
2020030998322,2020,030998322,1,9,0,13,13,8,4,0,0,0,2,0,1,0,1,1,5,6,1,35,6,1998,1,14,VAUXHALL ASTRA,7,-1,0,-1
2020460955292,2020,460955292,1,9,0,18,19,5,1,0,0,8,5,4,0,0,3,1,2,2,2,34,6,1364,1,10,VAUXHALL ASTRA,8,E01024490,0,-1
2020470971633,2020,470971633,1,9,0,18,19,3,7,0,0,4,0,0,0,0,3,1,5,6,1,21,5,1598,1,11,VAUXHALL ASTRA,4,E01031547,0,-1
2020420962871,2020,420962871,2,9,0,1,1,1,5,0,0,1,0,4,0,0,4,1,5,6,1,89,11,1398,1,5,VAUXHALL ASTRA,5,E01021414,0,-1
2020420952333,2020,420952333,1,9,0,18,19,3,7,9,9,0,0,0,0,0,1,1,5,6,1,79,11,1796,1,14,VAUXHALL ASTRA,4,E01021833,0,-1
202031D098920,2020,31D098920,3,9,0,2,2,0,0,0,0,0,0,0,0,0,3,1,6,6,3,-1,-1,1956,2,9,VAUXHALL ASTRA,-1,-1,0,-1
2020200956483,2020,200956483,1,9,0,18,19,6,2,0,0,8,0,0,0,0,3,1,6,6,1,22,5,1998,1,15,VAUXHALL ASTRA,7,E01029505,0,-1
2020010239201,2020,010239201,2,9,0,18,19,1,5,0,0,8,1,0,0,0,1,1,6,6,1,64,9,1248,2,7,VAUXHALL ASTRA,5,E01015762,0,-1
2020461010365,2020,461010365,1,9,0,4,4,3,7,9,9,5,0,0,7,0,1,1,1,1,1,28,6,1598,2,2,VAUXHALL ASTRA,2,E01024247,0,-1
2020420951530,2020,420951530,1,9,0,17,19,6,2,0,0,2,0,0,1,0,3,1,1,1,1,40,7,1598,2,3,VAUXHALL ASTRA,5,E01033459,0,-1
2020040962390,2020,040962390,1,9,0,17,19,1,4,9,9,2,0,0,1,0,2,1,6,6,3,-1,-1,1598,1,10,VAUXHALL ASTRA,-1,-1,0,-1
2020230967819,2020,230967819,2,9,0,18,19,1,5,0,0,8,1,0,0,0,3,1,5,6,1,57,9,1956,2,9,VAUXHALL ASTRA,4,E01009683,0,-1
2020010277487,2020,010277487,1,9,0,4,4,5,1,0,0,0,0,0,0,0,3,1,6,6,1,31,6,1399,1,1,VAUXHALL ASTRA,7,E01003199,0,-1
2020320302414,2020,320302414,1,9,0,11,11,3,5,0,0,8,0,0,0,0,1,1,2,2,1,32,6,1598,1,8,VAUXHALL ASTRA,2,E01026006,0,-1
2020990987140,2020,990987140,1,9,0,9,9,4,3,0,0,1,0,0,0,0,3,1,1,1,1,46,8,1598,1,2,VAUXHALL ASTRA,4,E01017277,0,-1
2020546006520,2020,546006520,1,9,0,4,4,6,2,0,0,1,0,0,0,0,1,1,1,1,1,34,6,1598,2,1,VAUXHALL ASTRA,9,E01015473,0,-1
2020320520782,2020,320520782,2,9,0,2,2,0,0,0,0,0,0,0,8,0,3,1,1,1,1,28,6,1598,2,3,VAUXHALL ASTRA,3,E01026178,0,-1
2020040920454,2020,040920454,1,9,0,18,19,5,1,0,0,8,0,0,0,0,1,1,5,6,1,45,7,1686,2,7,VAUXHALL ASTRA,2,E01025274,0,-1
2020010287187,2020,010287187,1,9,0,99,99,9,9,99,99,9,9,99,9,99,2,9,2,2,1,21,5,1598,1,7,VAUXHALL ASTRA,2,E01003512,0,-1
2020990966566,2020,990966566,3,9,0,17,19,4,1,0,0,0,0,0,0,0,3,1,1,1,1,57,9,1956,2,8,VAUXHALL ASTRA,5,-1,0,-1
2020010278234,2020,010278234,1,9,0,5,5,3,7,0,0,4,0,0,0,0,4,1,6,6,2,30,6,1399,1,3,VAUXHALL ASTRA,6,E01017852,0,-1
202006K268478,2020,06K268478,3,9,0,18,19,1,5,0,0,0,0,0,0,0,1,1,6,6,1,30,6,1598,1,15,VAUXHALL ASTRA,-1,-1,0,-1
2020500975685,2020,500975685,2,9,0,3,3,3,8,0,0,1,0,0,0,0,2,1,6,6,1,57,9,1364,1,12,VAUXHALL ASTRA,1,E01015087,0,-1
2020401000861,2020,401000861,1,9,0,16,19,8,2,0,0,3,0,0,0,0,1,1,1,1,1,19,4,1398,1,5,VAUXHALL ASTRA,3,E01015715,0,-1
2020220996164,2020,220996164,1,9,0,9,9,7,5,0,0,5,0,0,0,0,4,1,1,1,1,50,8,1956,2,6,VAUXHALL ASTRA,9,E01031915,0,-1
2020302001053,2020,302001053,2,9,0,9,9,4,3,0,0,0,0,0,0,0,1,1,6,6,1,20,4,1598,1,16,VAUXHALL ASTRA,1,E01013568,0,-1
2020052002543,2020,052002543,2,9,0,3,3,6,2,0,0,1,0,0,0,0,2,1,6,6,1,29,6,1598,1,6,VAUXHALL ASTRA,2,E01007054,0,-1
2020200942189,2020,200942189,4,9,0,2,2,0,0,0,0,2,0,0,0,0,1,1,6,6,1,-1,-1,1598,1,11,VAUXHALL ASTRA,2,E01009265,0,-1
2020100974718,2020,100974718,1,9,0,5,5,2,2,0,0,0,0,0,0,0,1,1,6,6,2,30,6,1364,1,12,VAUXHALL ASTRA,-1,-1,0,-1
2020052001068,2020,052001068,1,9,0,6,6,7,7,0,0,8,0,0,0,0,3,1,6,6,2,33,6,1364,1,14,VAUXHALL ASTRA,1,E01006598,0,-1
2020111009878,2020,111009878,1,9,0,6,6,7,7,0,0,1,0,0,0,0,3,1,5,6,1,21,5,1598,1,15,VAUXHALL ASTRA,2,E01020892,0,-1
2020220953301,2020,220953301,2,9,0,4,4,5,1,0,0,0,0,0,0,0,0,1,1,1,1,28,6,1598,2,1,VAUXHALL ASTRA,8,E01032452,0,-1
2020460988008,2020,460988008,1,9,0,18,19,3,7,0,0,0,5,0,0,0,1,1,6,6,1,37,7,1598,1,14,VAUXHALL ASTRA,2,E01033090,0,-1
2020302000547,2020,302000547,1,9,0,18,19,2,6,0,0,1,0,0,0,0,3,1,6,6,2,32,6,1398,1,10,VAUXHALL ASTRA,4,E01019717,0,-1
2020010256684,2020,010256684,2,9,0,4,4,1,5,0,0,1,0,0,0,0,4,1,6,6,1,36,7,1399,1,1,VAUXHALL ASTRA,2,E01004008,0,-1
2020010271530,2020,010271530,2,9,0,99,99,9,9,99,99,9,9,99,9,99,9,9,6,6,3,-1,-1,1364,1,14,VAUXHALL ASTRA,-1,-1,0,-1
2020470928083,2020,470928083,2,9,0,18,19,5,1,0,0,0,0,0,0,0,3,1,1,1,1,28,6,1956,2,8,VAUXHALL ASTRA,10,E01021217,0,-1
2020200955534,2020,200955534,1,9,0,18,19,8,4,0,0,0,5,10,1,1,1,1,5,6,1,55,8,999,1,2,VAUXHALL ASTRA,-1,-1,0,-1
2020410988304,2020,410988304,1,9,0,16,19,1,3,0,0,0,0,0,8,7,1,1,6,6,1,57,9,1598,1,10,VAUXHALL ASTRA,1,E01027140,0,-1
2020430090332,2020,430090332,1,9,0,18,19,5,1,0,0,1,0,0,0,0,0,1,1,1,1,29,6,1598,2,1,VAUXHALL ASTRA,-1,-1,0,-1
2020501015023,2020,501015023,2,9,0,18,19,1,5,0,0,1,0,0,0,0,1,1,6,6,1,42,7,1598,1,16,VAUXHALL ASTRA,2,E01019990,0,-1
2020052001031,2020,052001031,2,9,0,2,2,0,0,0,0,1,0,0,0,0,2,1,6,6,3,-1,-1,1598,1,5,VAUXHALL ASTRA,-1,-1,0,-1
2020100978778,2020,100978778,2,9,0,18,19,7,3,0,0,1,0,0,0,0,1,1,1,1,2,41,7,1399,1,1,VAUXHALL ASTRA,-1,-1,0,-1
2020140922841,2020,140922841,2,9,0,18,19,7,3,0,0,0,0,0,0,0,1,1,1,1,1,34,6,1956,2,9,VAUXHALL ASTRA,4,E01007444,0,-1
2020140924430,2020,140924430,1,9,0,17,19,6,2,0,0,0,0,0,2,4,1,1,5,6,1,22,5,1248,2,12,VAUXHALL ASTRA,10,E01007430,0,-1
2020070489464,2020,070489464,2,9,0,10,10,5,3,0,0,1,0,0,0,0,2,1,6,6,1,31,6,1399,1,3,VAUXHALL ASTRA,1,E01012382,0,-1
2020010253711,2020,010253711,2,9,0,99,99,9,9,99,99,9,9,99,9,99,9,9,6,6,3,30,6,1598,1,14,VAUXHALL ASTRA,1,E01000858,0,-1
202006K274615,2020,06K274615,2,9,0,18,19,3,7,0,0,8,0,0,0,0,1,1,6,6,1,23,5,1796,1,12,VAUXHALL ASTRA,2,E01004849,0,-1
2020522003977,2020,522003977,1,9,0,9,9,5,3,0,0,5,0,0,0,0,3,1,6,6,1,37,7,1398,1,9,VAUXHALL ASTRA,3,E01014809,0,-1
2020200999035,2020,200999035,2,9,0,8,8,2,4,0,0,1,0,0,0,0,1,1,6,6,1,47,8,1686,2,13,VAUXHALL ASTRA,5,E01009267,0,-1
2020010249348,2020,010249348,1,9,0,18,19,7,3,0,0,0,0,0,0,0,1,1,1,1,2,27,6,1399,1,1,VAUXHALL ASTRA,2,E01033587,0,-1
2020010267873,2020,010267873,2,9,0,99,99,9,9,0,0,8,0,0,0,0,4,9,6,6,1,29,6,1998,1,10,VAUXHALL ASTRA,5,E01004076,0,-1
2020052001314,2020,052001314,1,9,0,9,9,6,2,0,0,8,5,10,0,0,4,1,6,6,1,62,9,1364,1,14,VAUXHALL ASTRA,1,E01006542,0,-1
2020137760821,2020,137760821,2,9,0,18,19,2,6,0,0,1,0,0,0,0,4,1,6,6,2,60,9,1598,1,15,VAUXHALL ASTRA,6,E01011830,0,-1
2020010267690,2020,010267690,2,9,0,99,99,9,9,99,99,5,9,99,9,99,1,9,6,6,3,-1,-1,1686,2,11,VAUXHALL ASTRA,8,E01000646,0,-1
2020211023067,2020,211023067,1,9,0,9,9,4,6,0,0,2,0,0,0,0,1,1,6,6,2,48,8,1956,2,8,VAUXHALL ASTRA,1,E01014330,0,-1
202031D138920,2020,31D138920,1,9,0,18,19,7,3,0,0,1,0,0,1,2,1,1,6,6,1,38,7,1998,1,10,VAUXHALL ASTRA,8,E01028358,0,-1
2020460966866,2020,460966866,1,9,0,18,19,7,3,0,0,1,0,0,0,0,3,1,6,6,1,25,5,1398,1,5,VAUXHALL ASTRA,2,E01016035,0,-1
2020360930520,2020,360930520,2,9,0,2,2,1,1,0,0,0,0,0,0,0,3,1,1,1,1,37,7,1598,2,3,VAUXHALL ASTRA,3,E01026631,0,-1
2020100992572,2020,100992572,2,9,0,18,19,7,3,0,0,1,0,0,0,0,1,1,5,6,2,49,8,1598,1,15,VAUXHALL ASTRA,7,E01008856,0,-1
2020040933246,2020,040933246,1,9,0,7,7,1,5,0,0,3,0,0,0,0,3,1,2,2,1,31,6,1598,1,6,VAUXHALL ASTRA,6,E01025122,0,-1
2020200988510,2020,200988510,1,9,0,17,19,1,6,0,0,8,0,0,0,0,1,1,6,6,1,18,4,999,1,4,VAUXHALL ASTRA,1,E01009514,0,-1
2020040918758,2020,040918758,1,9,0,9,9,4,8,0,0,1,0,0,0,0,1,1,5,6,1,38,7,1686,2,12,VAUXHALL ASTRA,2,E01012573,0,-1
2020420960715,2020,420960715,2,9,0,16,19,3,7,0,0,0,0,0,0,0,3,1,1,1,1,28,6,1598,2,2,VAUXHALL ASTRA,2,E01021977,0,-1
2020010284537,2020,010284537,2,9,0,5,5,1,5,0,0,1,1,10,1,0,1,1,2,2,1,35,6,1598,1,13,VAUXHALL ASTRA,2,E01001603,0,-1
2020010277582,2020,010277582,2,9,0,99,99,9,9,99,99,9,9,99,9,99,2,9,6,6,3,-1,-1,1598,1,5,VAUXHALL ASTRA,-1,-1,0,-1
2020010240034,2020,010240034,1,9,0,5,5,3,7,0,0,6,0,0,0,0,1,1,2,2,1,30,6,1399,1,3,VAUXHALL ASTRA,8,E01002989,0,-1
2020010251193,2020,010251193,1,9,0,99,99,9,9,99,99,9,9,99,9,99,2,9,6,6,1,29,6,1796,1,13,VAUXHALL ASTRA,2,E01003968,0,-1
2020230990161,2020,230990161,1,9,0,18,19,4,8,0,0,0,2,0,1,11,4,1,2,2,1,48,8,1598,1,14,VAUXHALL ASTRA,3,E01008893,0,-1
2020340N05442,2020,340N05442,4,9,0,2,2,0,0,0,0,1,0,0,0,0,3,1,6,6,1,-1,-1,1598,1,15,VAUXHALL ASTRA,-1,-1,0,-1
2020070343909,2020,070343909,1,8,0,9,9,8,6,0,0,6,0,0,0,0,4,1,1,1,1,56,9,1796,1,16,VAUXHALL ASTRA,3,E01005618,0,-1
2020461002609,2020,461002609,2,9,0,18,19,1,5,0,0,1,0,0,0,0,1,1,1,1,1,21,5,1598,2,4,VAUXHALL ASTRA,3,E01024608,0,-1
2020340N01582,2020,340N01582,2,9,0,18,19,7,3,0,0,8,0,0,0,0,4,1,6,6,2,33,6,1686,2,7,VAUXHALL ASTRA,10,E01027165,0,-1
2020161011884,2020,161011884,1,9,0,5,5,8,4,0,0,0,0,0,0,0,1,1,6,6,1,59,9,1364,1,10,VAUXHALL ASTRA,1,E01012892,0,-1
2020010255821,2020,010255821,1,9,0,18,19,8,4,0,0,1,0,0,0,0,2,9,6,6,1,48,8,1598,1,17,VAUXHALL ASTRA,5,E01000383,0,-1
2020450994118,2020,450994118,1,9,0,17,19,2,6,0,0,1,1,9,1,0,3,1,1,1,1,25,5,1598,2,1,VAUXHALL ASTRA,-1,-1,0,-1
2020070175722,2020,070175722,2,9,0,18,19,7,3,0,0,2,0,0,0,0,1,1,6,6,1,41,7,1399,1,4,VAUXHALL ASTRA,9,E01018321,0,-1
2020010251679,2020,010251679,2,9,0,9,9,1,7,0,0,6,0,0,0,0,1,1,6,6,1,38,7,1598,1,13,VAUXHALL ASTRA,3,E01003286,0,-1
2020140994662,2020,140994662,1,9,0,18,19,6,2,0,0,1,2,0,7,9,1,1,2,2,1,20,4,1956,2,8,VAUXHALL ASTRA,6,E01007471,0,-1
2020010283623,2020,010283623,1,9,0,9,9,3,2,0,0,2,0,0,0,0,3,1,3,7,1,61,9,1598,1,8,VAUXHALL ASTRA,3,E01004047,0,-1
2020522002692,2020,522002692,1,9,0,18,19,2,6,0,0,8,0,0,0,0,2,1,6,6,2,22,5,1910,2,13,VAUXHALL ASTRA,1,E01014688,0,-1