collision_index,collision_year,collision_ref_no,vehicle_reference,vehicle_type,towing_and_articulation,vehicle_manoeuvre_historic,vehicle_manoeuvre,vehicle_direction_from,vehicle_direction_to,vehicle_location_restricted_lane_historic,vehicle_location_restricted_lane,junction_location,skidding_and_overturning,hit_object_in_carriageway,vehicle_leaving_carriageway,hit_object_off_carriageway,first_point_of_impact,vehicle_left_hand_drive,journey_purpose_of_driver_historic,journey_purpose_of_driver,sex_of_driver,age_of_driver,age_band_of_driver,engine_capacity_cc,propulsion_code,age_of_vehicle,generic_make_model,driver_imd_decile,lsoa_of_driver,escooter_flag,driver_distance_banding
2020041000917,2020,041000917,1,3,0,14,14,5,1,0,0,0,5,4,1,0,1,1,2,2,1,30,6,125,1,2,YAMAHA MT125,2,E01025051,0,-1
2020440346150,2020,440346150,1,3,0,15,15,3,7,0,0,0,0,0,0,0,1,1,2,2,1,27,6,124,1,5,YAMAHA MT125,4,E01017162,0,-1
2020010247827,2020,010247827,2,3,0,18,19,7,3,0,0,1,5,0,0,0,1,1,6,6,3,-1,-1,125,1,3,YAMAHA MT125,-1,-1,0,-1
2020010242076,2020,010242076,1,3,0,99,99,9,9,99,99,9,9,99,9,99,1,1,6,6,1,25,5,124,1,6,YAMAHA MT125,6,E01004145,0,-1
2020010268933,2020,010268933,1,4,0,15,15,6,2,0,0,0,0,10,0,0,4,1,6,6,1,22,5,125,1,3,YAMAHA MT125,2,E01000990,0,-1
2020010245850,2020,010245850,2,3,0,18,19,3,7,0,0,1,0,0,0,0,1,1,6,6,1,30,6,124,1,11,Yamaha XT 125,-1,-1,0,-1
2020460995784,2020,460995784,1,3,0,16,19,1,5,9,9,0,0,10,8,0,1,1,5,6,1,26,6,124,1,15,Yamaha XT 125,2,E01000374,0,-1
2020460949896,2020,460949896,1,3,0,7,7,1,3,0,0,0,1,0,0,0,4,1,5,6,1,37,7,124,1,13,Yamaha XT 125,1,E01016017,0,-1
2020100988818,2020,100988818,2,3,0,18,19,5,1,0,0,1,2,0,1,0,3,1,6,6,1,17,4,124,1,14,Yamaha XT 125,8,E01008469,0,-1
2020501015111,2020,501015111,2,3,0,18,19,3,7,0,0,1,1,0,0,0,1,1,5,6,1,25,5,124,1,12,Yamaha XT 125,3,E01018958,0,-1
2020520004441,2020,520004441,2,4,0,18,19,8,4,0,0,0,0,0,0,0,1,1,6,6,1,22,5,124,1,11,-1,2,E01029131,0,-1
2020622000932,2020,622000932,1,3,0,18,19,6,2,0,0,1,0,0,0,0,1,1,6,6,1,16,4,124,1,12,Yamaha XT 125,4,W01000809,0,-1
2020622000360,2020,622000360,2,3,0,18,19,2,6,2,2,1,1,0,0,0,1,1,2,2,1,33,6,124,1,11,Yamaha XT 125,1,W01001667,0,-1
2020170M20830,2020,170M20830,2,5,0,18,19,7,3,0,0,8,0,0,0,0,4,1,6,6,1,50,8,124,1,9,-1,-1,-1,0,-1
2020220982830,2020,220982830,2,3,0,16,19,8,3,0,0,8,0,0,0,0,1,1,5,6,1,55,8,124,1,12,Yamaha XT 125,10,E01032270,0,-1
2020052000757,2020,052000757,1,3,0,13,13,1,5,0,0,8,0,0,0,0,4,1,2,2,1,17,4,124,1,12,Yamaha XT 125,1,E01006861,0,-1
2020990995042,2020,990995042,2,4,0,18,19,3,7,0,0,0,0,0,0,0,1,1,5,6,1,17,4,124,1,9,-1,-1,-1,0,-1
2020170L20920,2020,170L20920,2,4,0,13,13,8,4,0,0,8,0,0,0,0,1,1,6,6,1,50,8,124,1,9,-1,2,E01012168,0,-1
2020211025744,2020,211025744,1,3,0,14,14,-1,-1,0,0,0,0,0,0,0,1,1,6,6,1,18,4,124,1,13,Yamaha XT 125,1,E01014217,0,-1
2020010248853,2020,010248853,2,3,0,18,19,8,4,0,0,1,0,0,0,0,1,1,6,6,1,28,6,124,1,9,Yamaha XT 125,3,E01000099,0,-1
2020522004525,2020,522004525,2,3,0,18,19,5,1,0,0,8,0,0,0,0,1,1,6,6,1,17,4,124,1,15,Yamaha XT 125,5,E01014861,0,-1
2020010285928,2020,010285928,1,9,0,9,9,3,1,0,0,8,0,0,0,0,1,1,6,6,1,54,8,5950,1,4,-1,5,E01000310,0,-1
2020010232100,2020,010232100,2,9,0,99,99,9,9,99,99,9,9,99,9,99,2,9,6,6,3,-1,-1,5950,1,1,-1,-1,-1,0,-1
2020480968731,2020,480968731,1,9,0,18,19,3,7,0,0,1,0,0,0,0,1,1,6,6,1,50,8,3956,2,2,-1,-1,-1,0,-1
2020010239297,2020,010239297,1,9,0,18,19,2,6,0,0,8,0,0,0,0,1,1,6,6,3,-1,-1,5950,1,3,-1,10,E01028823,0,-1
2020010277703,2020,010277703,1,9,0,18,19,3,7,0,0,0,0,0,0,0,2,1,1,1,1,39,7,3956,2,2,-1,8,E01002461,0,-1
2020010249149,2020,010249149,1,9,0,18,19,3,7,0,0,8,0,0,0,0,1,1,6,6,1,36,7,5950,1,4,-1,-1,-1,0,-1
2020010275030,2020,010275030,2,5,0,13,13,7,3,0,0,8,0,0,0,0,4,1,2,2,1,53,8,1171,1,18,-1,8,E01004192,0,-1
2020440169459,2020,440169459,1,5,0,18,19,7,3,0,0,8,0,0,0,0,4,1,6,6,1,66,10,1171,1,16,-1,5,E01030424,0,-1
202031D095720,2020,31D095720,2,5,0,18,19,2,6,0,0,2,0,0,0,0,1,1,6,6,1,64,9,1171,1,23,-1,6,E01028109,0,-1
2020320067186,2020,320067186,2,5,0,13,13,6,2,0,0,0,0,0,7,0,4,1,6,6,1,70,10,980,1,26,-1,5,E01026245,0,-1
2020161002044,2020,161002044,1,9,0,18,19,7,3,0,0,6,0,0,0,0,3,1,6,6,2,59,9,1206,1,12,CHEVROLET AVEO,2,E01013131,0,-1
2020010274830,2020,010274830,1,9,0,99,99,9,9,99,99,9,9,99,9,99,2,9,6,6,1,26,6,1206,1,11,CHEVROLET AVEO,4,E01003031,0,-1
2020990939174,2020,990939174,3,9,0,2,2,8,8,0,0,1,0,0,0,0,4,1,5,6,1,82,11,1398,1,7,CHEVROLET AVEO,8,-1,0,-1
2020471009998,2020,471009998,6,9,0,3,3,2,6,0,0,0,0,0,0,0,2,1,5,6,1,69,10,1399,1,11,CHEVROLET AVEO,5,E01031373,0,-1
202031B012920,2020,31B012920,1,9,0,18,19,6,2,0,0,1,0,0,0,0,4,1,2,2,1,34,6,1206,1,11,CHEVROLET AVEO,7,E01028323,0,-1
2020991002237,2020,991002237,1,9,0,5,5,2,5,0,0,2,0,0,0,0,0,1,6,6,2,45,7,1206,1,9,CHEVROLET AVEO,4,-1,0,-1
2020500961184,2020,500961184,1,9,0,16,19,1,5,0,0,0,0,0,2,1,1,1,5,6,2,37,7,1206,1,11,CHEVROLET AVEO,10,E01020242,0,-1
2020360939262,2020,360939262,3,9,0,18,19,2,8,0,0,0,0,0,0,0,3,1,2,2,1,64,9,1248,2,7,CHEVROLET AVEO,8,E01026881,0,-1
2020990974616,2020,990974616,1,9,0,9,9,5,3,0,0,1,0,0,0,0,1,1,6,6,2,55,8,1248,2,7,CHEVROLET AVEO,8,-1,0,-1
2020052002067,2020,052002067,2,9,0,18,19,7,3,0,0,8,0,0,0,0,1,1,6,6,2,63,9,1206,1,10,CHEVROLET AVEO,1,E01006493,0,-1
2020430030528,2020,430030528,1,9,0,9,9,8,6,0,0,5,0,0,0,0,4,1,6,6,1,65,9,1206,1,11,CHEVROLET AVEO,10,E01016627,0,-1
2020010275829,2020,010275829,1,9,0,4,4,5,1,0,0,1,0,0,0,0,0,1,6,6,1,33,6,1248,2,8,CHEVROLET AVEO,-1,-1,0,-1
2020990953434,2020,990953434,1,9,0,18,19,2,7,0,0,1,5,0,1,11,1,1,5,6,1,37,7,1206,1,11,CHEVROLET AVEO,6,-1,0,-1
2020010284142,2020,010284142,2,9,0,18,19,7,3,0,0,0,0,4,0,0,1,1,6,6,1,65,9,1248,2,8,CHEVROLET AVEO,1,E01021306,0,-1
2020990963691,2020,990963691,1,9,0,18,19,5,1,0,0,0,0,0,1,0,1,1,6,6,1,80,11,1229,1,8,CHEVROLET AVEO,5,-1,0,-1
2020122000350,2020,122000350,2,9,0,2,2,0,0,0,0,0,0,0,0,0,1,1,6,6,3,-1,-1,1399,1,12,CHEVROLET AVEO,-1,-1,0,-1
2020460990027,2020,460990027,1,9,0,18,19,1,5,0,0,1,0,0,0,0,4,1,6,6,2,36,7,1399,1,11,CHEVROLET AVEO,4,E01024179,0,-1
2020320254511,2020,320254511,1,9,0,18,19,1,5,0,0,4,0,0,0,0,4,1,6,6,1,76,11,1206,1,9,CHEVROLET AVEO,9,E01026219,0,-1
2020990994005,2020,990994005,2,9,0,18,19,3,7,0,0,1,0,0,0,0,1,1,6,6,1,66,10,1229,1,7,CHEVROLET AVEO,2,-1,0,-1
2020460948264,2020,460948264,1,9,0,4,4,2,6,0,0,1,0,0,0,0,4,1,1,1,1,45,7,1398,1,7,CHEVROLET AVEO,7,E01024234,0,-1
2020421007753,2020,421007753,3,9,0,9,9,7,4,0,0,2,0,0,0,0,1,1,6,6,2,39,7,1206,1,11,CHEVROLET AVEO,3,E01033051,0,-1
20201378F1681,2020,1378F1681,2,9,0,11,11,5,1,0,0,8,0,0,0,0,4,1,6,6,2,27,6,1399,1,11,CHEVROLET AVEO,1,E01010777,0,-1
2020332000175,2020,332000175,1,9,0,18,19,8,4,0,0,0,5,0,1,0,1,1,6,6,1,20,4,1206,1,11,CHEVROLET AVEO,6,E01026316,0,-1
2020010245935,2020,010245935,1,9,0,99,99,3,7,0,0,0,9,99,9,99,2,9,6,6,2,65,9,1206,1,11,CHEVROLET AVEO,3,E01000610,0,-1
2020010247765,2020,010247765,2,9,0,7,7,2,4,0,0,8,0,0,0,0,2,1,6,6,1,18,4,1206,1,11,CHEVROLET AVEO,3,E01001547,0,-1
2020340N80162,2020,340N80162,3,9,0,18,19,7,3,0,0,1,0,0,0,0,1,1,6,6,1,51,8,1399,1,12,CHEVROLET AVEO,5,E01027133,0,-1
202006E378875,2020,06E378875,2,9,0,7,7,5,7,0,0,8,0,0,0,0,3,1,6,6,2,65,9,1206,1,11,CHEVROLET AVEO,-1,-1,0,-1
2020622000864,2020,622000864,1,9,0,2,2,0,0,0,0,0,0,0,0,0,3,1,1,1,1,50,8,1206,1,10,CHEVROLET AVEO,2,W01001751,0,-1
2020302000459,2020,302000459,1,9,0,18,19,6,2,0,0,0,0,0,0,0,1,1,6,6,2,28,6,1206,1,11,CHEVROLET AVEO,2,E01019699,0,-1
2020990951105,2020,990951105,1,9,0,9,9,5,3,0,0,2,0,0,0,0,3,1,6,6,1,81,11,1206,1,11,CHEVROLET AVEO,8,-1,0,-1
2020010265972,2020,010265972,2,9,0,99,99,9,9,99,99,9,9,99,9,99,1,9,6,6,3,-1,-1,1206,1,10,CHEVROLET AVEO,-1,-1,0,-1
2020010249303,2020,010249303,1,9,0,9,9,7,5,0,0,1,0,0,0,0,1,1,6,6,2,25,5,1206,1,9,CHEVROLET AVEO,-1,-1,0,-1
2020622100114,2020,622100114,1,9,0,16,19,4,7,0,0,0,0,0,7,9,1,1,6,6,2,28,6,1399,1,11,CHEVROLET AVEO,2,W01000964,0,-1
2020110956873,2020,110956873,1,9,0,12,12,5,1,0,0,2,0,0,0,0,3,1,6,6,3,30,6,1248,2,7,CHEVROLET AVEO,-1,-1,0,-1
2020990928405,2020,990928405,1,9,0,18,19,5,1,0,0,0,0,12,1,0,1,1,5,6,1,24,5,1206,1,11,CHEVROLET AVEO,10,-1,0,-1
2020200966637,2020,200966637,1,9,0,18,19,4,8,0,0,2,0,0,0,0,1,1,6,6,2,51,8,1206,1,10,CHEVROLET AVEO,3,E01032529,0,-1
2020990923870,2020,990923870,2,9,0,18,19,7,3,0,0,1,0,0,0,0,1,1,6,6,1,26,6,1229,1,8,CHEVROLET AVEO,-1,-1,0,-1
2020540460420,2020,540460420,1,9,0,18,19,3,7,0,0,0,0,12,0,0,1,1,1,1,1,27,6,1398,1,7,CHEVROLET AVEO,4,E01014571,0,-1
2020052001417,2020,052001417,2,9,0,18,19,3,7,0,0,8,0,0,0,0,1,1,6,6,1,25,5,1206,1,11,CHEVROLET AVEO,1,E01007127,0,-1
2020010245524,2020,010245524,1,9,0,18,19,3,7,0,0,0,0,0,0,0,4,1,1,1,2,58,9,1206,1,11,CHEVROLET AVEO,2,E01000074,0,-1
2020552001166,2020,552001166,1,9,0,16,19,4,8,9,9,0,0,0,0,0,1,1,6,6,1,21,5,1248,2,8,CHEVROLET AVEO,5,E01015377,0,-1
2020221001226,2020,221001226,2,9,0,9,9,6,4,0,0,6,0,0,0,0,1,1,5,6,2,44,7,1206,1,10,CHEVROLET AVEO,2,E01014144,0,-1
2020460968624,2020,460968624,2,9,0,12,12,8,4,0,0,0,0,0,0,0,2,1,2,2,1,43,7,1206,1,9,CHEVROLET AVEO,4,E01024197,0,-1
2020460956632,2020,460956632,2,9,0,18,19,7,3,0,0,3,0,0,0,0,1,1,5,6,2,58,9,1206,1,9,CHEVROLET AVEO,8,E01024261,0,-1
2020500988017,2020,500988017,1,9,0,4,4,3,7,0,0,0,0,0,0,0,1,1,5,6,1,28,6,1248,2,8,CHEVROLET AVEO,5,E01029173,0,-1
2020010252175,2020,010252175,2,9,0,99,99,9,9,99,99,9,9,99,9,99,2,9,6,6,3,-1,-1,3564,1,8,-1,-1,-1,0,-1
202031C065620,2020,31C065620,1,3,0,4,4,6,2,0,0,8,1,0,0,0,0,1,1,1,1,30,6,124,1,8,-1,2,E01013814,0,-1
2020522101347,2020,522101347,2,3,0,4,4,4,8,0,0,1,0,0,0,0,1,1,6,6,2,36,7,124,1,8,-1,7,E01014700,0,-1
2020522004613,2020,522004613,2,3,0,3,3,6,2,0,0,4,0,0,0,0,1,1,6,6,1,35,6,992,1,17,-1,3,E01014644,0,-1
2020460962557,2020,460962557,2,9,0,18,19,5,1,0,0,0,1,10,0,0,1,1,6,6,1,29,6,1341,1,21,HYUNDAI ACCENT,4,E01024486,0,-1
2020220967755,2020,220967755,1,9,0,9,9,4,2,0,0,0,0,0,0,0,4,1,5,6,1,90,11,1341,1,16,HYUNDAI ACCENT,4,E01028958,0,-1
2020360953346,2020,360953346,1,9,0,18,19,8,6,0,0,8,0,0,0,0,1,1,1,1,2,19,4,1399,1,14,HYUNDAI ACCENT,4,E01026522,0,-1
2020470925498,2020,470925498,1,9,0,7,7,3,4,0,0,8,0,0,0,0,1,1,5,6,2,27,6,1341,1,18,HYUNDAI ACCENT,9,E01017001,0,-1
2020320566753,2020,320566753,1,9,0,18,19,3,7,0,0,1,0,0,0,0,1,1,2,2,1,32,6,1341,1,17,HYUNDAI ACCENT,5,E01008104,0,-1
2020302000755,2020,302000755,1,9,0,7,7,4,6,0,0,6,0,0,0,0,1,1,6,6,1,72,10,1341,1,17,HYUNDAI ACCENT,2,E01013552,0,-1
2020460980873,2020,460980873,2,9,0,18,19,3,7,0,0,0,0,0,0,0,4,1,6,6,2,62,9,1341,1,18,HYUNDAI ACCENT,9,E01024253,0,-1
2020440173471,2020,440173471,2,9,0,4,4,6,2,0,0,0,0,0,0,0,1,1,6,6,1,55,8,1599,1,16,HYUNDAI ACCENT,6,E01023250,0,-1
2020460999973,2020,460999973,1,9,0,18,19,5,1,0,0,0,0,0,0,0,4,1,2,2,2,51,8,1341,1,17,HYUNDAI ACCENT,2,E01023974,0,-1
2020010284665,2020,010284665,1,9,0,4,4,5,1,0,0,2,0,0,0,0,4,1,6,6,1,71,10,1341,1,23,HYUNDAI ACCENT,5,E01001895,0,-1
2020100939350,2020,100939350,2,9,0,18,19,7,3,0,0,8,0,0,0,0,1,1,5,6,1,68,10,1341,1,14,HYUNDAI ACCENT,-1,-1,0,-1
2020220953554,2020,220953554,1,9,0,16,19,1,4,0,0,2,0,0,1,11,1,1,5,6,1,76,11,1399,1,12,HYUNDAI ACCENT,6,E01014030,0,-1
2020500930130,2020,500930130,1,9,0,18,19,8,4,0,0,0,0,4,1,2,1,1,6,6,1,65,9,1341,1,18,HYUNDAI ACCENT,1,E01015057,0,-1
2020010238346,2020,010238346,1,9,0,18,19,3,7,0,0,9,0,99,0,0,1,9,6,6,2,29,6,1341,1,15,HYUNDAI ACCENT,4,E01001995,0,-1
2020122001015,2020,122001015,2,9,0,4,4,8,4,0,0,4,0,0,8,1,2,1,1,1,2,22,5,1399,1,14,HYUNDAI ACCENT,5,E01027818,0,-1
2020340W01742,2020,340W01742,2,9,0,4,4,7,3,0,0,0,0,0,0,0,2,1,6,6,2,52,8,1399,1,13,HYUNDAI ACCENT,3,E01027317,0,-1
2020221007493,2020,221007493,1,17,4,17,19,2,7,0,0,0,0,0,1,10,1,1,1,1,1,35,6,6788,2,0,JOHN DEERE 6100 SERIES,6,E01028885,0,-1
2020990925348,2020,990925348,2,17,4,18,19,3,7,0,0,0,0,0,0,0,0,1,1,1,1,29,6,6788,2,3,JOHN DEERE 6100 SERIES,-1,-1,0,-1
2020990920540,2020,990920540,1,17,4,18,19,8,3,0,0,0,5,0,7,11,1,1,1,1,1,48,8,6788,2,3,JOHN DEERE 6100 SERIES,5,-1,0,-1
2020370983889,2020,370983889,2,17,0,9,9,8,5,0,0,0,0,0,0,0,2,1,1,1,1,25,5,6788,2,4,JOHN DEERE 6100 SERIES,6,E01030135,0,-1
2020040991663,2020,040991663,2,17,0,16,19,1,5,0,0,0,0,0,0,0,2,1,1,1,1,54,8,4525,2,4,JOHN DEERE 6100 SERIES,5,E01025035,0,-1
2020440005143,2020,440005143,2,17,4,18,19,3,7,0,0,0,3,0,0,0,3,1,1,1,3,-1,-1,4525,2,1,JOHN DEERE 6100 SERIES,-1,-1,0,-1
2020990959695,2020,990959695,1,17,0,16,19,7,3,0,0,0,0,0,0,0,3,1,1,1,1,23,5,6788,2,3,JOHN DEERE 6100 SERIES,8,-1,0,-1
2020420950140,2020,420950140,2,17,0,18,19,1,3,0,0,1,1,0,0,0,3,1,1,1,1,21,5,6788,2,3,JOHN DEERE 6100 SERIES,2,E01022006,0,-1
2020122001396,2020,122001396,2,17,4,9,9,8,6,0,0,5,0,0,0,0,4,1,1,1,1,74,10,6788,2,3,JOHN DEERE 6100 SERIES,7,E01027751,0,-1
2020990947959,2020,990947959,1,17,4,9,9,7,4,0,0,8,0,0,0,0,3,1,1,1,1,29,6,6788,2,1,JOHN DEERE 6100 SERIES,5,-1,0,-1
2020140991642,2020,140991642,2,17,0,18,19,8,4,0,0,0,0,0,0,0,1,1,6,6,1,-1,-1,6788,2,4,JOHN DEERE 6100 SERIES,-1,-1,0,-1
2020030979322,2020,030979322,2,17,4,17,19,5,1,0,0,0,0,0,0,0,3,1,6,6,1,34,6,4525,2,4,JOHN DEERE 6100 SERIES,7,E01019203,0,-1
202063C038520,2020,63C038520,1,17,4,7,7,3,5,0,0,6,0,0,0,0,1,1,1,1,1,21,5,6788,2,2,JOHN DEERE 6100 SERIES,6,W01000571,0,-1
2020501004936,2020,501004936,1,17,4,16,19,1,5,0,0,0,1,10,0,0,1,1,1,1,1,39,7,6788,2,3,JOHN DEERE 6100 SERIES,6,E01020160,0,-1
2020210953200,2020,210953200,1,17,4,16,19,3,7,0,0,0,0,0,0,0,4,1,1,1,1,27,6,6788,2,4,JOHN DEERE 6100 SERIES,9,E01029617,0,-1
2020990986130,2020,990986130,2,17,4,9,9,7,5,0,0,1,0,0,0,0,3,1,1,1,1,25,5,4525,2,2,JOHN DEERE 6100 SERIES,5,-1,0,-1
2020500987255,2020,500987255,2,17,4,17,19,1,5,0,0,0,1,0,0,0,1,1,1,1,1,24,5,6788,2,3,JOHN DEERE 6100 SERIES,5,E01020098,0,-1
2020030918228,2020,030918228,1,17,0,18,19,3,7,0,0,2,0,0,0,0,2,1,1,1,1,23,5,4525,2,3,JOHN DEERE 6100 SERIES,5,E01019132,0,-1
2020501015984,2020,501015984,1,17,4,18,19,1,5,0,0,0,0,0,1,11,1,1,1,1,1,49,8,6788,2,5,JOHN DEERE 6100 SERIES,5,E01020174,0,-1
2020440286092,2020,440286092,4,17,0,18,19,2,6,0,0,0,0,0,0,0,2,1,6,6,3,-1,-1,4525,2,7,JOHN DEERE 6100 SERIES,-1,-1,0,-1
2020350953048,2020,350953048,1,17,4,9,9,5,6,0,0,1,0,0,0,0,4,1,1,1,1,24,5,6788,2,5,JOHN DEERE 6100 SERIES,7,E01018125,0,-1
2020010240075,2020,010240075,2,4,0,18,19,3,7,9,9,1,0,0,0,0,1,1,6,6,1,41,7,125,1,10,-1,7,E01002954,0,-1
2020350990016,2020,350990016,2,3,0,5,5,3,7,0,0,1,5,4,0,0,1,1,2,2,1,25,5,125,1,5,-1,6,E01018056,0,-1
2020990930097,2020,990930097,1,3,0,14,14,8,4,0,0,0,0,0,0,0,4,1,5,6,1,17,4,125,1,7,-1,3,-1,0,-1
2020371011176,2020,371011176,2,3,0,4,4,4,1,0,0,1,0,0,0,0,1,1,2,2,1,23,5,125,1,6,-1,7,E01030186,0,-1
202006Q168166,2020,06Q168166,2,9,0,2,2,0,0,0,0,0,0,0,0,0,2,1,6,6,1,40,7,3996,1,0,-1,-1,-1,0,-1
2020401011181,2020,401011181,2,9,0,9,9,8,6,0,0,8,0,0,0,0,3,1,6,6,1,32,6,3996,1,1,-1,7,E01015695,0,-1
2020470970277,2020,470970277,2,9,0,18,19,2,6,0,0,1,0,0,0,0,4,1,5,6,1,48,8,3996,1,0,-1,7,E01031697,0,-1
2020010266088,2020,010266088,2,9,0,99,99,9,9,99,99,9,9,99,9,99,9,9,6,6,3,-1,-1,3996,1,1,-1,-1,-1,0,-1
2020501007480,2020,501007480,1,9,0,18,19,5,1,0,0,0,0,0,0,0,1,1,5,6,2,30,6,1598,1,11,MAZDA 3,4,E01020293,0,-1
2020460997051,2020,460997051,1,9,0,18,19,3,7,0,0,2,0,0,0,0,1,1,6,6,1,64,9,1998,1,5,MAZDA 3,6,E01024038,0,-1
2020370944505,2020,370944505,1,9,0,5,5,7,3,0,0,8,0,0,0,0,3,1,5,6,1,37,7,1598,1,12,MAZDA 3,5,E01030226,0,-1
2020420918808,2020,420918808,1,9,0,4,4,4,7,0,0,0,0,0,0,0,3,1,6,6,2,41,7,1598,1,15,MAZDA 3,4,E01015953,0,-1
2020500934279,2020,500934279,1,9,0,18,19,4,2,0,0,0,0,0,0,0,4,1,6,6,2,76,11,1598,1,7,MAZDA 3,7,E01018786,0,-1
202006M168381,2020,06M168381,2,9,0,18,19,5,1,0,0,0,0,0,0,0,3,1,1,1,1,66,10,1598,1,9,MAZDA 3,-1,-1,0,-1
2020990978429,2020,990978429,2,9,0,18,19,2,6,0,0,8,0,0,0,0,4,1,6,6,2,45,7,1598,1,11,MAZDA 3,3,-1,0,-1
2020520100116,2020,520100116,1,9,0,18,19,8,3,0,0,1,0,0,0,0,1,1,6,6,1,25,5,1598,1,11,MAZDA 3,9,E01014796,0,-1
2020220936358,2020,220936358,5,9,0,18,19,2,6,0,0,0,0,11,0,0,1,1,2,2,2,20,4,1598,1,11,MAZDA 3,3,E01008936,0,-1
2020122000476,2020,122000476,1,9,0,17,19,1,5,0,0,0,5,0,7,9,4,1,6,6,2,41,7,1598,1,12,MAZDA 3,8,E01027801,0,-1
202006L170845,2020,06L170845,2,9,0,3,3,4,8,0,0,2,0,0,0,0,2,1,6,6,1,29,6,1598,1,15,MAZDA 3,1,E01025494,0,-1
2020010244112,2020,010244112,4,9,0,2,2,0,0,9,9,0,0,0,0,0,1,1,6,6,3,-1,-1,1998,1,4,MAZDA 3,-1,-1,0,-1
202006E476775,2020,06E476775,1,9,0,9,9,4,3,0,0,8,0,0,0,0,1,1,1,1,2,27,6,1998,1,1,MAZDA 3,1,E01006770,0,-1
2020302001673,2020,302001673,2,9,0,18,19,2,6,0,0,3,0,0,0,0,0,1,6,6,2,64,9,1349,1,12,MAZDA 3,10,E01007931,0,-1
2020470924442,2020,470924442,1,9,0,18,19,8,4,0,0,0,5,0,0,0,1,1,5,6,1,23,5,1998,1,1,MAZDA 3,4,E01031806,0,-1
2020010271265,2020,010271265,2,9,0,9,9,5,3,0,0,6,0,0,0,0,1,1,6,6,2,33,6,1998,1,3,MAZDA 3,5,E01003413,0,-1
2020010248201,2020,010248201,2,9,0,99,99,9,9,99,99,9,9,99,9,99,9,9,6,6,3,-1,-1,1598,1,14,MAZDA 3,-1,-1,0,-1
2020220973356,2020,220973356,1,9,0,5,5,6,2,0,0,6,0,0,0,0,1,1,5,6,1,71,10,1598,1,15,MAZDA 3,9,E01032297,0,-1
2020320584828,2020,320584828,1,9,0,3,3,6,2,0,0,1,0,0,0,0,0,1,6,6,2,64,9,1998,1,2,MAZDA 3,-1,-1,0,-1
2020450925904,2020,450925904,1,9,0,5,5,1,5,0,0,3,0,0,1,0,3,1,1,1,1,24,5,1598,1,13,MAZDA 3,6,E01030610,0,-1
202006Q274437,2020,06Q274437,1,9,0,18,19,1,5,0,0,8,0,0,0,0,1,1,6,6,3,-1,-1,1598,1,11,MAZDA 3,-1,-1,0,-1
2020052001600,2020,052001600,1,9,0,15,15,4,8,0,0,0,1,0,0,0,1,1,6,6,1,33,6,2261,1,10,MAZDA 3,1,E01006881,0,-1
2020010228273,2020,010228273,1,9,0,7,7,1,3,0,0,3,0,0,0,0,4,1,2,2,2,43,7,1598,1,12,MAZDA 3,4,E01001615,0,-1
2020100953042,2020,100953042,1,9,0,18,19,3,7,0,0,8,0,0,0,0,1,1,5,6,1,57,9,1998,1,4,MAZDA 3,8,E01008528,0,-1
2020302000096,2020,302000096,2,9,0,18,19,4,8,0,0,0,0,4,0,0,1,1,6,6,2,61,9,1998,1,4,MAZDA 3,9,E01033534,0,-1
2020010234996,2020,010234996,1,9,0,9,9,5,2,0,0,1,0,0,0,0,1,1,6,6,1,37,7,1560,2,15,MAZDA 3,4,E01004345,0,-1
2020430210789,2020,430210789,2,9,0,9,9,5,3,0,0,5,0,0,0,0,4,1,2,2,1,38,7,1598,1,13,MAZDA 3,2,E01028514,0,-1
2020450959667,2020,450959667,2,9,0,10,10,1,3,0,0,5,0,0,0,0,1,1,5,6,2,44,7,1598,1,15,MAZDA 3,4,E01030551,0,-1
2020070044051,2020,070044051,1,9,0,17,19,3,6,0,0,8,0,0,0,0,1,1,2,2,2,59,9,2191,2,1,MAZDA 3,10,W01000396,0,-1
2020040966843,2020,040966843,2,9,0,18,19,1,5,0,0,8,0,0,1,0,3,1,6,6,2,36,7,1598,1,15,MAZDA 3,3,E01012662,0,-1
2020540897620,2020,540897620,2,9,0,18,19,4,8,0,0,0,0,0,0,0,3,1,6,6,1,25,5,2191,2,3,MAZDA 3,9,E01019937,0,-1
2020100947956,2020,100947956,1,9,0,18,19,3,7,0,0,0,2,4,0,0,1,1,5,6,1,59,9,1349,1,12,MAZDA 3,3,E01008487,0,-1
2020010235307,2020,010235307,3,9,0,2,2,0,0,0,0,1,0,0,0,0,2,1,6,6,3,-1,-1,1998,1,5,MAZDA 3,-1,-1,0,-1
2020332000001,2020,332000001,1,9,0,15,15,5,1,0,0,1,0,0,0,0,4,1,6,6,1,27,6,1598,1,11,MAZDA 3,7,E01025864,0,-1
2020350947199,2020,350947199,2,9,0,18,19,3,7,0,0,0,1,0,0,0,4,1,6,6,1,72,10,1998,1,5,MAZDA 3,-1,-1,0,-1
2020420960210,2020,420960210,2,9,0,18,19,1,5,0,0,0,0,0,0,0,3,1,2,2,1,25,5,1598,1,13,MAZDA 3,2,E01033591,0,-1
2020450976864,2020,450976864,1,9,0,17,19,5,1,0,0,0,5,0,1,4,1,1,5,6,1,20,4,1598,1,13,MAZDA 3,10,E01030876,0,-1