collision_index,collision_year,collision_ref_no,vehicle_reference,vehicle_type,towing_and_articulation,vehicle_manoeuvre_historic,vehicle_manoeuvre,vehicle_direction_from,vehicle_direction_to,vehicle_location_restricted_lane_historic,vehicle_location_restricted_lane,junction_location,skidding_and_overturning,hit_object_in_carriageway,vehicle_leaving_carriageway,hit_object_off_carriageway,first_point_of_impact,vehicle_left_hand_drive,journey_purpose_of_driver_historic,journey_purpose_of_driver,sex_of_driver,age_of_driver,age_band_of_driver,engine_capacity_cc,propulsion_code,age_of_vehicle,generic_make_model,driver_imd_decile,lsoa_of_driver,escooter_flag,driver_distance_banding
2020522004725,2020,522004725,1,9,0,3,3,8,4,0,0,1,0,0,0,0,1,1,6,6,2,38,7,1598,1,8,MAZDA 3,6,E01014865,0,-1
2020990976930,2020,990976930,3,9,0,18,19,6,2,0,0,0,0,0,0,0,1,1,2,2,1,38,7,1598,1,11,MAZDA 3,7,-1,0,-1
202063D050320,2020,63D050320,2,9,0,16,19,7,2,0,0,8,0,0,0,0,1,1,6,6,1,22,5,1598,1,8,MAZDA 3,3,W01000479,0,-1
202006K179460,2020,06K179460,1,9,0,18,19,8,4,0,0,1,0,0,0,0,1,1,6,6,1,33,6,2183,2,11,MAZDA 3,5,E01004899,0,-1
2020070292544,2020,070292544,1,9,0,18,19,1,5,0,0,6,0,0,0,0,3,1,2,2,1,27,6,1598,1,7,MAZDA 3,1,E01012545,0,-1
2020501005037,2020,501005037,1,9,0,5,5,5,7,0,0,8,0,0,0,0,1,1,5,6,1,54,8,1598,1,13,MAZDA 3,6,E01015200,0,-1
2020430328953,2020,430328953,1,9,0,18,19,7,3,0,0,3,1,0,0,0,1,1,6,6,1,29,6,1598,1,15,MAZDA 3,2,E01009509,0,-1
2020991006296,2020,991006296,1,9,0,18,19,5,1,0,0,0,1,0,1,4,3,1,5,6,1,22,5,1560,2,11,MAZDA 3,1,-1,0,-1
2020010268049,2020,010268049,2,9,0,99,99,9,9,99,99,9,9,99,9,99,2,9,6,6,3,30,6,1598,1,13,MAZDA 3,-1,-1,0,-1
2020552100094,2020,552100094,2,9,0,17,19,7,3,0,0,0,0,0,0,0,1,1,6,6,1,51,8,1598,1,14,MAZDA 3,7,E01020430,0,-1
2020430072556,2020,430072556,1,9,0,1,1,3,7,9,9,6,0,0,0,0,2,1,6,6,1,54,8,1998,1,5,MAZDA 3,10,E01018588,0,-1
2020531002275,2020,531002275,1,9,0,16,19,7,3,0,0,0,1,0,0,0,1,1,6,6,2,38,7,1598,1,9,MAZDA 3,8,E01022298,0,-1
2020010254519,2020,010254519,1,9,0,99,99,9,9,99,99,9,9,99,9,99,2,9,6,6,1,26,6,1598,1,14,MAZDA 3,1,E01002034,0,-1
2020531008848,2020,531008848,1,9,0,2,2,5,1,0,0,0,0,0,0,0,2,1,2,2,1,41,7,1998,1,5,MAZDA 3,-1,-1,0,-1
2020411009527,2020,411009527,2,9,0,5,5,5,1,0,0,4,0,0,0,0,1,1,2,2,2,29,6,1496,2,4,MAZDA 3,3,E01021870,0,-1
2020200958144,2020,200958144,2,9,0,2,2,0,0,0,0,0,0,0,0,0,1,1,6,6,3,-1,-1,2191,2,1,MAZDA 3,-1,-1,0,-1
2020010265544,2020,010265544,1,9,0,18,19,6,2,0,0,3,0,0,0,0,1,1,2,2,1,21,5,1598,1,10,MAZDA 3,8,E01002581,0,-1
2020500946155,2020,500946155,1,9,0,18,19,5,1,0,0,1,0,0,0,0,1,1,5,6,2,80,11,1598,1,14,MAZDA 3,9,E01015034,0,-1
2020460985606,2020,460985606,2,9,0,2,2,0,0,0,0,0,0,0,0,0,3,1,5,6,2,-1,-1,1998,1,4,MAZDA 3,8,E01024407,0,-1
2020040982671,2020,040982671,1,9,0,17,19,7,3,0,0,0,0,0,0,0,1,2,6,6,2,51,8,1999,1,12,MAZDA 3,8,E01025378,0,-1
2020547345720,2020,547345720,1,9,0,5,5,1,5,9,9,1,0,0,0,0,2,1,6,6,1,42,7,1598,1,14,MAZDA 3,3,E01015530,0,-1
2020440016809,2020,440016809,3,9,0,3,3,3,7,0,0,1,0,0,0,0,2,1,6,6,1,45,7,1598,1,7,MAZDA 3,1,E01017112,0,-1
2020460987979,2020,460987979,2,9,0,18,19,3,7,0,0,1,0,0,0,0,1,1,6,6,2,26,6,1598,1,8,MAZDA 3,4,E01024742,0,-1
2020010248840,2020,010248840,1,9,0,99,99,9,9,99,99,1,9,99,9,99,1,1,6,6,1,20,4,1998,1,5,MAZDA 3,2,E01001361,0,-1
2020070130120,2020,070130120,1,9,0,2,2,0,0,0,0,2,0,0,0,0,0,1,6,6,1,55,8,1349,1,15,MAZDA 3,1,E01018466,0,-1
2020470980101,2020,470980101,1,9,0,1,1,5,1,0,0,1,0,0,0,0,2,1,5,6,2,38,7,1998,1,6,MAZDA 3,9,E01000829,0,-1
2020990988594,2020,990988594,1,9,0,18,19,6,2,0,0,0,0,4,0,0,1,1,5,6,1,82,11,1598,1,13,MAZDA 3,5,-1,0,-1
2020500974935,2020,500974935,1,9,0,9,9,7,5,0,0,5,0,0,0,0,1,1,6,6,2,79,11,1598,1,13,MAZDA 3,7,E01018830,0,-1
2020010232864,2020,010232864,1,9,0,18,19,7,3,0,0,2,0,11,0,0,1,1,6,6,1,25,5,1598,1,9,MAZDA 3,2,E01001633,0,-1
2020440041462,2020,440041462,1,9,0,18,19,6,2,0,0,0,1,0,0,0,2,1,2,2,2,28,6,1598,1,15,MAZDA 3,10,E01022470,0,-1
2020231012290,2020,231012290,1,9,0,9,9,6,2,0,0,6,0,0,0,0,1,1,5,6,1,43,7,1598,1,15,MAZDA 3,3,E01009629,0,-1
2020040953064,2020,040953064,1,9,0,9,9,1,7,0,0,1,0,0,0,0,1,1,5,6,1,26,6,1598,1,14,MAZDA 3,2,E01029410,0,-1
2020610003420,2020,610003420,1,9,0,2,2,0,0,6,6,0,0,0,0,0,2,1,6,6,1,38,7,1598,1,13,MAZDA 3,4,W01001413,0,-1
2020400961815,2020,400961815,1,9,0,18,19,1,5,0,0,0,0,0,0,0,1,1,5,6,1,23,5,1598,1,13,MAZDA 3,-1,-1,0,-1
2020370948095,2020,370948095,1,9,0,4,4,7,3,0,0,0,0,0,0,0,2,1,6,6,1,46,8,1598,1,11,MAZDA 3,6,E01030006,0,-1
2020420938960,2020,420938960,1,9,0,18,19,1,5,9,9,0,0,0,1,0,1,1,2,2,2,54,8,1998,1,6,MAZDA 3,9,E01033614,0,-1
2020360940902,2020,360940902,2,9,0,18,19,3,7,0,0,8,0,0,0,0,1,1,6,6,1,35,6,1999,1,14,MAZDA 3,7,E01026928,0,-1
2020540284120,2020,540284120,3,9,0,9,9,6,2,0,0,1,0,0,0,0,2,1,1,1,1,39,7,1598,1,13,MAZDA 3,5,E01032111,0,-1
2020470955799,2020,470955799,3,9,0,18,19,3,8,0,0,1,0,0,0,0,2,1,6,6,2,51,8,1598,1,11,MAZDA 3,4,E01031455,0,-1
2020430088054,2020,430088054,1,9,0,5,5,1,5,0,0,0,0,0,0,0,1,1,6,6,1,66,10,1998,1,4,MAZDA 3,8,E01017690,0,-1
2020420924862,2020,420924862,2,9,0,18,19,5,1,0,0,0,0,0,0,0,1,1,5,6,2,36,7,1598,1,13,MAZDA 3,4,E01015936,0,-1
2020302000945,2020,302000945,3,9,0,18,19,6,3,0,0,2,0,0,0,0,0,1,6,6,1,61,9,1598,1,12,MAZDA 3,3,E01007297,0,-1
2020990916399,2020,990916399,2,9,0,18,19,3,7,0,0,0,0,0,0,0,1,1,2,2,2,26,6,1598,1,13,MAZDA 3,9,-1,0,-1
2020430136046,2020,430136046,2,9,0,17,19,4,8,0,0,0,0,0,0,0,3,1,6,6,2,34,6,1998,2,12,MAZDA 3,10,E01028763,0,-1
2020547501820,2020,547501820,2,9,0,18,19,7,3,0,0,0,0,0,1,9,1,1,6,6,1,60,9,1598,1,8,MAZDA 3,9,E01031847,0,-1
2020552000487,2020,552000487,1,9,0,18,19,2,6,0,0,6,0,0,0,0,1,1,2,2,1,34,6,1349,1,16,MAZDA 3,1,E01015313,0,-1
2020140962404,2020,140962404,2,9,0,18,19,8,8,0,0,1,0,4,0,0,1,1,5,6,1,31,6,1560,2,11,MAZDA 3,1,E01007874,0,-1
2020201011540,2020,201011540,1,9,0,18,19,7,3,0,0,0,0,0,0,0,1,1,6,6,1,40,7,2191,2,3,MAZDA 3,5,E01009159,0,-1
2020547499720,2020,547499720,1,9,0,18,19,7,3,0,0,0,0,0,0,0,1,1,6,6,2,28,6,1999,1,15,MAZDA 3,5,E01015070,0,-1
2020440114587,2020,440114587,1,9,0,13,13,1,5,0,0,0,2,0,1,11,1,1,2,2,1,38,7,1598,1,14,MAZDA 3,9,E01023087,0,-1
2020440064383,2020,440064383,1,9,0,18,19,8,4,0,0,0,0,0,1,4,4,1,6,6,1,45,7,1598,1,15,MAZDA 3,8,E01023221,0,-1
2020010263518,2020,010263518,2,9,0,2,2,0,0,0,0,0,0,0,0,0,4,1,6,6,3,-1,-1,1998,1,1,MAZDA 3,-1,-1,0,-1
2020400929616,2020,400929616,2,9,0,18,19,1,5,0,0,0,0,0,0,0,3,1,6,6,1,41,7,1999,1,10,MAZDA 3,1,E01009212,0,-1
2020010242760,2020,010242760,1,9,0,10,10,3,1,0,0,5,0,0,0,0,2,1,6,6,1,49,8,1598,1,10,MAZDA 3,3,E01003141,0,-1
202006F276948,2020,06F276948,1,9,0,18,19,8,4,0,0,2,0,0,0,0,1,1,6,6,3,-1,-1,1598,1,12,MAZDA 3,-1,-1,0,-1
2020622000220,2020,622000220,1,9,0,18,19,6,2,0,0,0,0,0,0,0,1,1,2,2,1,36,7,2183,2,10,MAZDA 3,3,W01001816,0,-1
2020010240041,2020,010240041,2,9,0,18,19,1,5,0,0,1,0,0,0,0,1,1,6,6,1,22,5,1598,1,13,MAZDA 3,2,E01004283,0,-1
2020440494639,2020,440494639,1,9,0,4,4,8,4,0,0,0,0,0,0,0,2,1,6,6,1,40,7,1998,1,1,MAZDA 3,9,E01023254,0,-1
2020371000317,2020,371000317,1,9,0,1,1,7,3,0,0,0,0,0,0,0,3,1,5,6,1,55,8,1998,1,3,MAZDA 3,2,E01029969,0,-1
2020430058080,2020,430058080,1,9,0,9,9,6,4,0,0,6,0,0,0,0,3,1,6,6,1,25,5,1598,1,11,MAZDA 3,4,E01017905,0,-1
2020040948394,2020,040948394,2,9,0,18,19,1,5,0,0,0,0,0,0,0,1,1,6,6,2,72,10,1598,1,7,MAZDA 3,10,E01025380,0,-1
2020140979342,2020,140979342,3,9,0,18,19,5,1,0,0,2,0,0,0,0,1,1,6,6,1,25,5,1598,1,13,MAZDA 3,2,E01026108,0,-1
202006P174907,2020,06P174907,2,9,0,18,19,4,8,0,0,1,0,0,0,0,4,1,6,6,1,30,6,1496,2,4,MAZDA 3,2,E01005965,0,-1
2020010286974,2020,010286974,1,9,0,99,99,9,9,99,99,9,9,99,9,99,4,9,6,6,1,33,6,1598,1,15,MAZDA 3,1,E01001507,0,-1
2020461007832,2020,461007832,1,9,0,18,19,7,3,0,0,0,1,7,5,6,1,1,5,6,2,30,6,1598,1,12,MAZDA 3,6,E01024571,0,-1
2020350991918,2020,350991918,1,9,-1,-1,-1,-1,-1,-1,-1,0,-1,-1,-1,0,-1,1,6,6,2,32,6,1998,2,11,MAZDA 3,9,E01023444,0,-1
2020010267784,2020,010267784,1,9,0,18,19,7,3,0,0,5,0,0,0,0,1,1,6,6,1,40,7,1560,2,16,MAZDA 3,8,E01001400,0,-1
2020200947766,2020,200947766,1,9,0,18,19,8,5,0,0,0,0,0,0,0,1,1,6,6,1,28,6,1598,1,12,MAZDA 3,1,E01009335,0,-1
2020360956529,2020,360956529,2,9,0,18,19,5,1,0,0,0,0,0,0,0,1,1,2,2,1,38,7,1598,1,13,MAZDA 3,8,E01017966,0,-1
2020460931263,2020,460931263,1,9,0,13,13,4,8,0,0,5,0,0,7,9,1,1,2,2,1,53,8,1998,1,5,MAZDA 3,1,E01016063,0,-1
2020460984685,2020,460984685,2,9,0,18,19,3,7,0,0,1,0,0,0,0,0,1,5,6,2,52,8,1998,1,4,MAZDA 3,4,E01024622,0,-1
2020460991624,2020,460991624,2,9,0,18,19,6,2,0,0,8,0,0,7,10,4,1,5,6,2,41,7,1560,2,8,MAZDA 3,3,E01016155,0,-1
2020991007708,2020,991007708,2,9,0,17,19,1,5,0,0,0,0,0,0,0,1,1,5,6,2,23,5,1598,1,13,MAZDA 3,-1,-1,0,-1
2020470918827,2020,470918827,1,9,0,18,19,8,4,0,0,2,0,0,0,0,1,2,2,2,2,37,7,1598,1,16,MAZDA 3,3,E01020941,0,-1
2020410975741,2020,410975741,1,9,-1,-1,-1,-1,-1,-1,-1,0,-1,-1,-1,0,-1,1,5,6,2,53,8,1598,1,11,MAZDA 3,10,E01023744,0,-1
2020100990793,2020,100990793,2,9,0,4,4,3,7,0,0,8,0,11,0,0,2,1,5,6,1,50,8,1998,1,5,MAZDA 3,-1,-1,0,-1
2020122100037,2020,122100037,5,9,0,8,8,5,1,0,0,1,0,0,0,0,4,1,2,2,2,35,6,1999,1,15,MAZDA 3,8,E01027688,0,-1
2020450923084,2020,450923084,1,9,0,18,19,3,7,0,0,1,5,7,1,0,1,1,5,6,1,45,7,1999,1,9,MAZDA 3,6,E01030896,0,-1
2020052002435,2020,052002435,2,9,0,18,19,5,1,0,0,1,0,0,0,0,2,1,2,2,1,57,9,1999,1,12,MAZDA 3,1,E01006817,0,-1
2020010261594,2020,010261594,1,9,0,18,19,5,1,0,0,2,5,10,0,0,3,1,6,6,2,71,10,1998,1,1,MAZDA 3,7,E01002328,0,-1
2020360923585,2020,360923585,1,9,0,18,19,8,4,0,0,0,1,0,1,4,4,1,5,6,2,32,6,1999,1,15,MAZDA 3,4,E01026749,0,-1
202063A061220,2020,63A061220,1,9,0,14,14,8,4,0,0,0,0,0,0,0,1,1,6,6,2,47,8,1998,1,5,MAZDA 3,4,W01000636,0,-1
2020010254133,2020,010254133,3,9,0,99,99,9,9,99,99,9,9,99,9,99,1,9,6,6,3,-1,-1,1598,1,12,MAZDA 3,2,E01000600,0,-1
2020440046837,2020,440046837,2,9,0,9,9,3,1,0,0,8,0,0,0,0,1,1,6,6,1,25,5,1999,1,15,MAZDA 3,8,E01032845,0,-1
2020010260906,2020,010260906,3,9,0,2,2,0,0,0,0,0,0,0,0,0,2,1,6,6,3,-1,-1,1560,2,13,MAZDA 3,-1,-1,0,-1
2020010278607,2020,010278607,2,9,0,99,99,9,9,99,99,0,9,99,9,99,1,9,6,6,3,-1,-1,2184,2,4,MAZDA 3,-1,-1,0,-1
2020990956983,2020,990956983,1,9,0,18,19,2,5,0,0,0,0,0,7,0,1,1,6,6,1,76,11,1998,1,5,MAZDA 3,9,-1,0,-1
2020610050920,2020,610050920,1,9,0,18,19,4,8,0,0,0,0,0,0,0,1,1,2,2,1,34,6,1598,1,14,MAZDA 3,1,W01001687,0,-1
2020360955098,2020,360955098,2,9,0,-1,-1,-1,-1,-1,-1,0,-1,-1,-1,0,-1,1,5,6,2,32,6,1998,1,6,MAZDA 3,9,E01026644,0,-1
2020140990850,2020,140990850,1,9,0,18,19,6,2,0,0,0,0,0,0,0,1,1,6,6,3,34,6,1999,1,16,MAZDA 3,1,E01007507,0,-1
2020010252029,2020,010252029,1,9,0,9,9,5,3,0,0,1,0,0,0,0,1,1,6,6,1,73,10,1598,1,14,MAZDA 3,2,E01004001,0,-1
2020552001115,2020,552001115,1,9,0,9,9,8,6,0,0,6,0,0,0,0,3,1,6,6,1,38,7,1598,1,14,MAZDA 3,9,E01015323,0,-1
2020411006733,2020,411006733,2,9,0,5,5,2,4,0,0,1,0,0,0,0,2,1,5,6,2,80,11,1998,1,4,MAZDA 3,7,E01023373,0,-1
2020302000322,2020,302000322,2,9,0,18,19,7,2,0,0,0,0,0,0,0,4,1,6,6,1,51,8,1560,2,9,MAZDA 3,6,E01007706,0,-1
2020137292178,2020,137292178,1,9,0,18,19,7,3,0,0,0,1,0,1,7,1,1,6,6,2,23,5,1598,1,16,MAZDA 3,3,E01029408,0,-1
2020500997503,2020,500997503,1,9,0,18,19,1,5,0,0,0,1,0,0,0,4,1,6,6,1,69,10,1598,1,13,MAZDA 3,4,E01018941,0,-1
2020470984512,2020,470984512,1,9,0,18,19,2,6,0,0,2,0,0,0,0,3,1,5,6,1,74,10,1560,2,12,MAZDA 3,2,E01031790,0,-1
2020460952101,2020,460952101,1,9,0,9,9,3,1,0,0,1,0,0,0,0,1,1,6,6,2,64,9,1598,1,14,MAZDA 3,5,E01024485,0,-1
2020052100023,2020,052100023,2,9,0,18,19,3,7,0,0,8,0,0,0,0,3,1,6,6,1,49,8,1998,1,5,MAZDA 3,9,E01006682,0,-1
2020410992196,2020,410992196,1,9,0,18,19,3,7,0,0,8,0,0,0,0,1,1,5,6,1,43,7,1998,1,6,MAZDA 3,8,E01023629,0,-1
2020010248787,2020,010248787,2,9,0,99,99,9,9,99,99,9,9,99,9,99,1,9,6,6,3,56,9,1598,1,14,MAZDA 3,6,E01002162,0,-1
2020552000466,2020,552000466,1,9,0,14,14,8,4,0,0,0,1,4,0,0,1,1,6,6,1,63,9,1998,1,2,MAZDA 3,6,E01023065,0,-1
2020220964473,2020,220964473,1,9,0,1,1,5,1,9,9,6,0,0,0,0,2,1,6,6,1,49,8,1598,1,10,MAZDA 3,5,E01028904,0,-1
2020470923283,2020,470923283,2,9,0,17,19,6,2,0,0,0,0,0,0,0,1,1,1,1,2,64,9,1998,1,1,MAZDA 3,4,E01031522,0,-1
2020320549245,2020,320549245,1,9,0,4,4,1,5,0,0,4,0,0,0,0,1,1,6,6,1,40,7,1598,1,14,MAZDA 3,7,E01026155,0,-1
20201376P0815,2020,1376P0815,3,9,0,2,2,0,0,0,0,0,0,0,0,0,2,1,6,6,3,40,7,1598,1,7,MAZDA 3,-1,-1,0,-1
2020140957029,2020,140957029,2,9,0,9,9,4,2,0,0,2,0,0,0,0,3,1,5,6,1,68,10,1598,1,12,MAZDA 3,4,E01007390,0,-1
2020070137799,2020,070137799,2,9,0,2,2,0,0,0,0,0,0,0,1,0,1,1,6,6,1,36,7,1560,2,12,MAZDA 3,9,E01018692,0,-1
2020010280563,2020,010280563,1,9,0,7,7,2,4,0,0,2,0,0,0,0,4,1,6,6,1,36,7,1598,1,12,MAZDA 3,4,E01003561,0,-1
2020530959639,2020,530959639,1,9,0,18,19,3,7,0,0,0,0,0,0,0,0,1,5,6,2,30,6,1598,1,15,MAZDA 3,6,E01028703,0,-1
2020010286019,2020,010286019,2,9,0,18,19,3,7,0,0,1,0,0,0,0,1,1,6,6,2,45,7,1998,1,3,MAZDA 3,1,E01024148,0,-1
2020030999050,2020,030999050,3,9,0,18,19,7,3,0,0,1,0,0,1,0,2,1,5,6,1,82,11,1598,1,14,MAZDA 3,7,E01027486,0,-1
2020052002670,2020,052002670,2,9,0,3,3,7,3,0,0,4,0,0,0,0,2,1,6,6,1,29,6,1598,1,13,MAZDA 3,4,E01006537,0,-1
202006F169984,2020,06F169984,2,9,0,18,19,4,8,0,0,0,0,0,0,0,3,1,6,6,2,58,9,1598,1,15,MAZDA 3,4,E01006353,0,-1
2020200985070,2020,200985070,1,9,0,18,19,8,4,0,0,8,0,0,0,0,1,1,1,1,1,48,8,1598,1,11,MAZDA 3,1,E01010066,0,-1
2020140979630,2020,140979630,1,9,0,3,3,2,6,0,0,1,0,0,0,0,2,1,6,6,2,33,6,1598,1,12,MAZDA 3,2,E01007517,0,-1
2020010244438,2020,010244438,2,9,0,18,19,5,1,0,0,1,0,0,0,0,2,2,6,6,1,30,6,1598,1,15,MAZDA 3,2,E01003108,0,-1
2020430048596,2020,430048596,1,9,0,18,19,5,1,0,0,8,0,0,0,0,1,1,6,6,1,21,5,1496,2,3,MAZDA 3,7,E01017910,0,-1
2020420970108,2020,420970108,2,9,0,4,4,3,7,0,0,0,0,0,0,0,2,1,5,6,2,63,9,1598,1,10,MAZDA 3,5,E01021357,0,-1
2020040984197,2020,040984197,1,9,0,18,19,7,3,0,0,0,1,0,0,0,1,1,5,6,1,25,5,2184,2,4,MAZDA 3,1,E01012586,0,-1
2020522003667,2020,522003667,1,9,0,4,4,5,1,0,0,0,0,0,0,0,2,1,6,6,1,34,6,2191,2,5,MAZDA 3,5,E01014662,0,-1
2020122000177,2020,122000177,1,9,0,13,13,4,8,0,0,1,1,0,1,4,1,1,6,6,2,29,6,1598,1,12,MAZDA 3,10,E01013451,0,-1
2020137BO0877,2020,137BO0877,1,9,0,18,19,6,2,0,0,1,1,0,1,0,1,1,6,6,3,-1,-1,1999,1,13,MAZDA 3,-1,-1,0,-1
2020010279983,2020,010279983,1,9,0,99,99,9,9,99,99,9,9,99,9,99,9,9,6,6,1,63,9,1598,1,11,MAZDA 3,6,E01000584,0,-1
2020101006987,2020,101006987,1,9,0,18,19,2,6,0,0,1,0,0,0,0,1,1,6,6,2,39,7,1598,1,8,MAZDA 3,4,E01020644,0,-1
2020010249404,2020,010249404,1,9,0,18,19,1,5,0,0,1,0,0,0,0,1,1,6,6,1,39,7,1998,1,6,MAZDA 3,4,E01000561,0,-1
2020430192451,2020,430192451,1,9,0,9,9,3,1,0,0,5,0,0,0,0,4,1,6,6,2,25,5,1598,1,13,MAZDA 3,7,E01022513,0,-1
2020040956080,2020,040956080,2,9,0,9,9,3,7,0,0,8,0,0,0,0,1,1,6,6,2,25,5,1998,1,4,MAZDA 3,7,E01025251,0,-1
2020350978976,2020,350978976,2,9,0,3,3,1,4,0,0,0,0,0,0,0,2,1,2,2,1,32,6,1598,1,13,MAZDA 3,4,E01018147,0,-1
2020451001239,2020,451001239,4,9,0,18,19,1,5,0,0,0,0,0,0,0,1,1,5,6,2,68,10,1598,1,16,MAZDA 3,10,E01030593,0,-1
2020420990383,2020,420990383,3,9,0,18,19,1,3,0,0,1,0,0,0,0,1,1,6,6,1,30,6,1598,1,10,MAZDA 3,6,E01033462,0,-1
2020410975035,2020,410975035,2,9,0,17,19,3,7,0,0,1,0,0,0,0,1,1,5,6,1,39,7,1598,1,16,MAZDA 3,5,E01016518,0,-1
2020610022320,2020,610022320,2,9,0,18,19,3,7,0,0,0,1,0,0,6,1,1,2,2,1,32,6,2183,2,10,MAZDA 3,1,W01001295,0,-1
2020010270725,2020,010270725,1,9,0,14,14,3,7,0,0,0,5,4,0,0,4,1,6,6,2,23,5,1598,1,14,MAZDA 3,3,E01002283,0,-1
2020552000346,2020,552000346,1,9,0,7,7,6,7,0,0,6,0,0,0,0,1,1,6,6,1,34,6,1598,1,7,MAZDA 3,6,E01015363,0,-1
2020010269568,2020,010269568,2,9,0,18,19,1,5,0,0,1,9,0,0,0,1,9,6,6,3,34,6,1598,1,8,MAZDA 3,3,E01002413,0,-1
20201377K0412,2020,1377K0412,1,9,0,9,9,1,7,0,0,1,0,0,0,0,3,1,6,6,2,29,6,1598,1,10,MAZDA 3,2,E01011854,0,-1
2020411013288,2020,411013288,1,9,0,9,9,1,7,0,0,8,0,0,0,0,1,1,6,6,1,38,7,1598,1,7,MAZDA 3,3,E01023437,0,-1
2020522002227,2020,522002227,2,9,0,18,19,7,3,0,0,2,0,0,0,0,1,1,6,6,3,-1,-1,1598,1,13,MAZDA 3,-1,-1,0,-1
2020990922294,2020,990922294,2,9,0,3,3,6,3,0,0,1,0,0,0,0,2,1,2,2,2,38,7,1998,1,1,MAZDA 3,6,-1,0,-1
2020990928430,2020,990928430,1,9,0,14,14,1,5,0,0,1,0,0,0,0,1,1,5,6,1,37,7,2184,2,4,MAZDA 3,8,-1,0,-1
2020440043669,2020,440043669,2,9,0,18,19,1,5,0,0,8,0,0,1,11,1,1,6,6,2,21,5,1998,1,6,MAZDA 3,2,E01023156,0,-1
2020010266763,2020,010266763,2,9,0,9,9,3,1,0,0,1,0,0,0,0,1,1,6,6,2,21,5,1598,1,13,MAZDA 3,2,E01002056,0,-1
2020610026620,2020,610026620,2,9,0,12,12,3,7,0,0,0,1,11,0,0,4,1,1,1,1,62,9,1598,1,13,MAZDA 3,3,W01001645,0,-1
2020052000659,2020,052000659,1,9,0,18,19,7,3,0,0,2,0,0,0,0,4,1,6,6,1,68,10,1598,1,12,MAZDA 3,1,E01006834,0,-1
2020430255562,2020,430255562,1,9,0,9,9,2,8,0,0,5,0,0,0,0,1,1,6,6,2,32,6,1998,1,4,MAZDA 3,10,E01032727,0,-1
20201376P0606,2020,1376P0606,1,9,0,18,19,1,5,0,0,1,0,0,0,0,0,1,6,6,1,54,8,1560,2,7,MAZDA 3,8,E01010709,0,-1
2020340N05532,2020,340N05532,1,9,0,18,19,7,3,0,0,0,0,0,0,0,1,1,6,6,1,29,6,1560,2,7,MAZDA 3,3,E01027197,0,-1
2020100999710,2020,100999710,1,9,0,16,19,3,7,0,0,0,1,7,0,0,1,1,6,6,1,41,7,1598,1,13,MAZDA 3,1,E01008325,0,-1
2020622001089,2020,622001089,1,9,0,17,19,4,8,0,0,0,1,0,2,4,1,1,6,6,1,47,8,1349,1,14,MAZDA 3,3,W01001265,0,-1
2020461010687,2020,461010687,1,9,0,3,3,8,4,0,0,2,0,0,0,0,1,1,5,6,2,41,7,1560,2,8,MAZDA 3,3,E01016155,0,-1
2020990929523,2020,990929523,1,9,0,7,7,3,5,0,0,2,0,0,0,0,1,1,5,6,1,40,7,1598,1,13,MAZDA 3,2,-1,0,-1
2020140999514,2020,140999514,1,9,0,4,4,3,7,0,0,0,0,0,0,0,2,1,6,6,2,44,7,1598,1,13,MAZDA 3,1,E01007941,0,-1
2020430247118,2020,430247118,1,9,0,18,19,4,8,0,0,8,2,0,3,0,1,1,6,6,1,34,6,1999,1,14,MAZDA 3,7,E01016778,0,-1
2020440022644,2020,440022644,2,9,0,18,19,8,4,0,0,8,0,0,0,0,1,1,6,6,1,44,7,1598,1,11,MAZDA 3,5,E01017243,0,-1
2020010276772,2020,010276772,1,9,0,5,5,7,3,0,0,0,0,4,0,0,4,1,2,2,1,43,7,1598,1,10,MAZDA 3,7,E01001580,0,-1
2020137340369,2020,137340369,1,9,0,18,19,7,3,0,0,2,1,0,1,11,1,1,2,2,2,28,6,1598,1,11,MAZDA 3,3,E01011014,0,-1
202006P370920,2020,06P370920,1,9,0,9,9,8,7,0,0,2,0,0,0,0,1,1,6,6,1,37,7,2183,2,9,MAZDA 3,1,E01005501,0,-1
2020460959281,2020,460959281,1,9,0,9,9,8,6,0,0,6,0,0,0,0,3,1,6,6,1,69,10,1998,1,2,MAZDA 3,9,E01024183,0,-1
2020041002615,2020,041002615,1,9,0,18,19,8,4,0,0,8,0,0,0,0,1,1,5,6,2,52,8,1999,1,13,MAZDA 3,1,E01025067,0,-1
2020500961413,2020,500961413,1,9,0,4,4,3,7,0,0,2,0,0,0,0,1,1,5,6,2,46,8,1999,1,15,MAZDA 3,6,E01020159,0,-1
2020320140202,2020,320140202,1,9,0,18,19,5,5,0,0,0,2,0,1,0,1,1,6,6,1,37,7,1598,1,13,MAZDA 3,1,E01012823,0,-1
2020340W08792,2020,340W08792,1,9,0,6,6,7,7,0,0,0,0,0,0,0,1,1,6,6,1,19,4,2191,2,1,MAZDA 3,10,E01027324,0,-1
2020160958829,2020,160958829,1,9,0,18,19,5,1,0,0,1,0,0,0,0,1,1,5,6,1,58,9,1598,1,15,MAZDA 3,-1,-1,0,-1
2020302000873,2020,302000873,1,9,0,3,3,1,2,0,0,4,0,0,0,0,2,1,6,6,2,41,7,1598,1,7,MAZDA 3,2,E01019563,0,-1
20201372S0847,2020,1372S0847,2,9,0,2,2,5,1,0,0,1,0,0,0,0,3,1,6,6,2,36,7,1598,1,12,MAZDA 3,-1,-1,0,-1