collision_index,collision_year,collision_ref_no,vehicle_reference,vehicle_type,towing_and_articulation,vehicle_manoeuvre_historic,vehicle_manoeuvre,vehicle_direction_from,vehicle_direction_to,vehicle_location_restricted_lane_historic,vehicle_location_restricted_lane,junction_location,skidding_and_overturning,hit_object_in_carriageway,vehicle_leaving_carriageway,hit_object_off_carriageway,first_point_of_impact,vehicle_left_hand_drive,journey_purpose_of_driver_historic,journey_purpose_of_driver,sex_of_driver,age_of_driver,age_band_of_driver,engine_capacity_cc,propulsion_code,age_of_vehicle,generic_make_model,driver_imd_decile,lsoa_of_driver,escooter_flag,driver_distance_banding
202006L177482,2020,06L177482,2,9,0,9,9,7,5,0,0,8,0,0,0,0,2,1,6,6,1,38,7,1968,2,5,AUDI A5,-1,-1,0,-1
2020010238843,2020,010238843,4,9,0,18,19,7,3,0,0,0,0,0,0,0,1,1,2,2,1,37,7,1968,2,6,AUDI A5,10,E01030770,0,-1
2020010268584,2020,010268584,1,9,0,10,10,3,8,9,9,6,0,0,0,0,1,1,3,7,2,47,8,1984,2,10,AUDI A5,10,E01023839,0,-1
2020010283085,2020,010283085,2,9,0,99,99,9,9,99,99,9,9,99,9,99,9,9,6,6,3,30,6,1984,1,4,AUDI A5,2,E01001820,0,-1
2020010262848,2020,010262848,2,9,0,99,99,9,9,99,99,9,9,99,9,99,1,9,6,6,3,33,6,1968,2,8,AUDI A5,2,E01002604,0,-1
2020200981537,2020,200981537,1,9,0,9,9,5,2,0,0,6,0,0,0,0,3,1,6,6,1,35,6,2698,2,10,AUDI A5,3,E01009597,0,-1
2020501015844,2020,501015844,1,9,0,17,19,5,1,0,0,0,2,0,2,4,1,1,5,6,1,52,8,2967,2,6,AUDI A5,4,E01018972,0,-1
2020210952313,2020,210952313,1,9,0,18,19,4,7,0,0,0,0,0,0,0,4,1,6,6,1,27,6,1968,2,7,AUDI A5,8,E01029534,0,-1
2020990986646,2020,990986646,2,9,0,18,19,2,6,0,0,1,1,0,0,0,4,1,5,6,1,26,6,1968,2,4,AUDI A5,8,-1,0,-1
2020030999729,2020,030999729,1,9,0,9,9,7,5,0,0,0,0,0,0,0,1,1,5,6,1,53,8,1968,2,4,AUDI A5,1,E01008607,0,-1
2020010270408,2020,010270408,1,9,0,14,14,7,3,0,0,0,0,0,0,0,4,1,6,6,3,51,8,2967,2,8,AUDI A5,2,E01001775,0,-1
2020010242764,2020,010242764,1,9,0,99,99,9,9,99,99,9,9,99,9,99,1,9,6,6,2,37,7,1968,2,2,AUDI A5,5,E01002229,0,-1
2020220954710,2020,220954710,2,9,0,3,3,6,2,0,0,1,0,0,0,0,2,1,6,6,1,42,7,2967,2,12,AUDI A5,2,E01032202,0,-1
2020010266322,2020,010266322,1,9,0,99,99,9,9,99,99,1,9,99,9,99,3,9,6,6,1,36,7,1984,1,7,AUDI A5,3,E01000522,0,-1
2020440019509,2020,440019509,2,9,0,4,4,1,5,0,0,0,0,0,0,0,2,1,6,6,1,34,6,2967,2,11,AUDI A5,1,E01017040,0,-1
2020010250726,2020,010250726,1,9,0,18,19,3,7,0,0,1,0,0,0,0,3,1,6,6,3,-1,-1,1984,1,9,AUDI A5,-1,-1,0,-1
2020200990495,2020,200990495,1,9,0,18,19,2,6,0,0,0,0,0,1,1,1,1,6,6,1,22,5,1984,1,1,AUDI A5,1,E01009321,0,-1
2020400956025,2020,400956025,1,9,0,18,19,6,2,0,0,0,1,4,0,0,1,1,6,6,1,22,5,2967,2,6,AUDI A5,9,E01033193,0,-1
2020160928288,2020,160928288,2,9,0,18,19,8,4,0,0,1,0,0,0,0,1,1,5,6,1,47,8,1968,2,10,AUDI A5,3,E01012963,0,-1
2020010257554,2020,010257554,1,9,0,99,99,9,9,99,99,9,9,99,9,99,1,9,6,6,1,20,4,1798,1,8,AUDI A5,2,E01000990,0,-1
2020210967920,2020,210967920,1,9,0,18,19,8,4,0,0,0,0,0,0,0,1,1,1,1,1,49,8,2967,2,12,AUDI A5,2,E01010010,0,-1
2020460961222,2020,460961222,2,9,0,18,19,7,3,0,0,0,0,0,0,0,1,1,5,6,1,29,6,1968,2,3,AUDI A5,5,E01009690,0,-1
2020430033468,2020,430033468,2,9,0,16,19,5,8,0,0,1,0,0,0,0,1,1,6,6,1,-1,-1,1984,1,11,AUDI A5,10,E01016425,0,-1
202054A961020,2020,54A961020,4,9,0,18,19,7,3,0,0,0,0,0,0,0,2,1,6,6,1,57,9,1968,2,4,AUDI A5,-1,-1,0,-1
2020450990283,2020,450990283,2,9,0,9,9,5,1,0,0,1,0,0,0,0,1,1,5,6,1,28,6,1968,2,9,AUDI A5,10,E01030603,0,-1
2020420975980,2020,420975980,2,9,0,4,4,2,6,0,0,0,0,0,0,0,2,1,6,6,1,37,7,1984,1,10,AUDI A5,9,E01021586,0,-1
2020122000402,2020,122000402,1,9,0,18,19,7,3,0,0,8,0,0,0,0,1,1,6,6,2,38,7,2967,2,10,AUDI A5,7,E01013396,0,-1
2020201026963,2020,201026963,2,9,0,18,19,6,2,0,0,0,0,0,0,0,1,1,6,6,3,-1,-1,1968,2,8,AUDI A5,-1,-1,0,-1
2020210929518,2020,210929518,2,9,0,9,9,3,8,0,0,4,0,0,0,0,1,1,6,6,1,24,5,2967,2,11,AUDI A5,4,E01029552,0,-1
2020548660720,2020,548660720,2,9,0,2,2,0,0,0,0,0,0,0,0,0,3,1,6,6,1,26,6,1984,1,1,AUDI A5,8,E01015536,0,-1
2020552000659,2020,552000659,1,9,0,18,19,7,3,0,0,0,0,0,0,0,1,1,6,6,1,39,7,1968,2,4,AUDI A5,10,E01020470,0,-1
2020010256461,2020,010256461,2,9,0,7,7,3,6,0,0,2,0,0,0,0,0,1,6,6,1,33,6,1968,2,8,AUDI A5,-1,-1,0,-1
2020137141224,2020,137141224,1,9,0,9,9,6,4,0,0,6,0,0,0,0,3,1,6,6,1,30,6,2967,2,10,AUDI A5,1,E01010994,0,-1
2020200940626,2020,200940626,2,9,0,18,19,8,4,0,0,0,0,0,0,0,3,1,6,6,1,39,7,1968,2,5,AUDI A5,10,E01009803,0,-1
2020200981523,2020,200981523,1,9,0,14,14,5,1,0,0,0,0,0,0,0,1,1,6,6,1,33,6,2967,2,11,AUDI A5,5,E01009716,0,-1
2020200980539,2020,200980539,1,9,0,17,19,8,5,0,0,1,0,0,0,0,1,1,6,6,2,-1,-1,2995,1,8,AUDI A5,-1,-1,0,-1
2020351007552,2020,351007552,1,9,0,9,9,5,3,0,0,2,0,0,0,0,1,1,2,2,1,23,5,1968,2,8,AUDI A5,7,E01018220,0,-1
2020552000261,2020,552000261,1,9,0,5,5,4,8,0,0,6,0,0,0,0,4,1,6,6,2,39,7,1968,2,7,AUDI A5,6,E01015317,0,-1
2020040998505,2020,040998505,2,9,0,18,19,5,1,0,0,8,0,0,0,0,1,1,5,6,2,31,6,2698,2,12,AUDI A5,1,E01012596,0,-1
2020340N02382,2020,340N02382,2,9,0,2,2,0,0,9,9,0,0,0,0,0,0,1,6,6,2,40,7,1968,2,4,AUDI A5,7,E01027204,0,-1
2020041006556,2020,041006556,1,9,0,18,19,1,5,0,0,0,1,0,8,4,1,1,5,6,1,20,4,1968,2,4,AUDI A5,6,E01025418,0,-1
2020990925543,2020,990925543,1,9,0,11,11,2,6,0,0,0,0,0,0,0,1,1,2,2,1,26,6,1984,2,11,AUDI A5,9,-1,0,-1
2020201023115,2020,201023115,2,9,0,18,19,8,4,0,0,0,0,0,0,0,2,1,6,6,1,48,8,1968,2,5,AUDI A5,1,E01009326,0,-1
2020430289723,2020,430289723,1,9,0,18,19,4,8,0,0,1,0,0,0,0,1,1,6,6,1,72,10,3197,1,10,AUDI A5,9,E01019857,0,-1
2020470959926,2020,470959926,2,9,0,17,19,7,4,0,0,0,0,0,0,0,1,1,1,1,1,46,8,2967,2,7,AUDI A5,1,E01020920,0,-1
2020430099694,2020,430099694,2,9,0,15,15,7,3,0,0,0,0,0,0,0,3,1,6,6,1,-1,-1,3197,1,13,AUDI A5,-1,-1,0,-1
2020010282099,2020,010282099,2,9,0,99,99,9,9,99,99,0,9,99,9,99,1,9,6,6,3,-1,-1,2698,2,12,AUDI A5,-1,-1,0,-1
2020461010379,2020,461010379,2,9,0,18,19,5,1,0,0,0,0,4,0,0,1,1,6,6,1,23,5,2967,2,10,AUDI A5,5,E01032654,0,-1
2020360981649,2020,360981649,2,9,0,2,2,7,3,0,0,0,0,0,0,0,0,1,5,6,2,25,5,1984,1,10,AUDI A5,3,E01018093,0,-1
2020070120968,2020,070120968,2,9,0,4,4,7,3,0,0,0,0,0,0,0,2,1,6,6,2,49,8,1798,1,7,AUDI A5,8,E01012385,0,-1
2020320130165,2020,320130165,3,9,0,18,19,5,1,0,0,0,0,0,0,0,2,1,6,6,1,58,9,1968,2,5,AUDI A5,2,E01026154,0,-1
2020010261811,2020,010261811,1,9,0,18,19,3,7,0,0,8,0,0,0,0,3,1,6,6,1,43,7,1968,2,6,AUDI A5,4,E01000006,0,-1
2020460963178,2020,460963178,6,9,0,3,3,3,7,0,0,1,0,0,0,0,2,1,6,6,1,32,6,1968,2,7,AUDI A5,8,E01024511,0,-1
2020610019620,2020,610019620,4,9,0,18,19,7,3,0,0,0,0,0,0,0,1,1,2,2,1,30,6,2967,2,5,AUDI A5,1,W01001459,0,-1
2020420923384,2020,420923384,1,9,0,5,5,7,3,0,0,0,0,10,7,0,1,1,5,6,2,60,9,1968,2,6,AUDI A5,8,E01021944,0,-1
2020010230928,2020,010230928,1,9,0,9,9,1,7,0,0,5,0,0,0,0,1,1,6,6,1,47,8,1968,2,9,AUDI A5,4,E01003412,0,-1
2020010281946,2020,010281946,1,9,0,18,19,5,1,0,0,1,0,4,0,0,1,1,6,6,1,35,6,1968,2,2,AUDI A5,-1,-1,0,-1
2020170H10940,2020,170H10940,2,9,0,18,19,6,2,0,0,1,0,0,0,0,4,1,6,6,1,29,6,1968,2,6,AUDI A5,5,E01011968,0,-1
202006L277465,2020,06L277465,2,9,0,3,3,3,7,0,0,2,0,0,0,0,1,1,6,6,1,38,7,1984,1,1,AUDI A5,4,E01006269,0,-1
2020010275017,2020,010275017,1,9,0,4,4,1,5,9,9,0,0,0,1,0,1,1,1,1,1,31,6,1968,2,7,AUDI A5,5,E01003359,0,-1
2020010242693,2020,010242693,3,9,0,18,19,7,3,0,0,1,9,0,0,99,1,9,6,6,1,-1,-1,1968,2,6,AUDI A5,-1,-1,0,-1
2020200926969,2020,200926969,2,9,0,18,19,4,8,0,0,0,0,0,0,0,1,1,6,6,1,21,5,1968,2,7,AUDI A5,1,E01010374,0,-1
2020111011776,2020,111011776,2,9,0,9,9,1,7,0,0,0,0,0,0,0,3,1,2,2,1,48,8,1968,2,5,AUDI A5,7,E01027617,0,-1
2020100969708,2020,100969708,2,9,0,18,19,5,1,0,0,8,0,0,0,0,2,1,1,1,1,61,9,1984,1,3,AUDI A5,7,E01008789,0,-1
2020522002936,2020,522002936,3,9,0,18,19,5,1,0,0,2,0,0,0,0,1,1,6,6,1,34,6,1968,2,8,AUDI A5,7,E01014895,0,-1
2020302001334,2020,302001334,2,9,0,18,19,1,5,0,0,8,0,0,0,0,1,1,6,6,1,20,4,1798,1,12,AUDI A5,1,E01013566,0,-1
2020991007299,2020,991007299,1,9,0,18,19,3,7,0,0,0,0,0,0,0,1,1,6,6,1,23,5,1968,2,5,AUDI A5,6,-1,0,-1
2020010254596,2020,010254596,2,9,0,99,99,9,9,0,0,0,0,0,0,0,1,1,6,6,3,-1,-1,1984,1,11,AUDI A5,-1,-1,0,-1
2020991030297,2020,991030297,1,9,0,7,7,8,2,0,0,6,0,0,0,0,3,1,1,1,1,57,9,1968,2,2,AUDI A5,7,-1,0,-1
2020010232368,2020,010232368,1,9,0,99,99,9,9,99,99,0,9,99,9,99,2,9,2,2,1,33,6,2967,2,5,AUDI A5,2,E01002606,0,-1
2020401001864,2020,401001864,1,9,0,18,19,4,8,0,0,0,0,0,1,0,1,1,6,6,1,19,4,1968,2,7,AUDI A5,4,E01017552,0,-1
2020010235216,2020,010235216,1,9,0,6,6,7,7,0,0,0,0,0,0,0,3,1,2,2,2,29,6,1984,1,2,AUDI A5,5,E01021800,0,-1
2020010255778,2020,010255778,1,9,0,13,13,1,5,0,0,1,0,0,0,0,1,1,6,6,1,30,6,1798,1,12,AUDI A5,-1,-1,0,-1
2020161011040,2020,161011040,1,9,0,9,9,5,2,0,0,1,0,0,0,0,1,1,5,6,2,22,5,1984,2,11,AUDI A5,1,E01007634,0,-1
2020410987375,2020,410987375,1,9,0,18,19,1,5,0,0,0,1,0,0,0,1,1,6,6,1,33,6,1984,1,11,AUDI A5,9,E01015811,0,-1
2020070359066,2020,070359066,1,9,0,2,2,0,0,0,0,2,0,0,0,0,3,1,6,6,2,52,8,2967,2,11,AUDI A5,7,E01018604,0,-1
2020450941906,2020,450941906,2,9,0,18,19,5,1,0,0,0,0,0,0,0,2,1,6,6,1,55,8,1968,2,8,AUDI A5,9,E01031582,0,-1
2020430205467,2020,430205467,1,9,0,18,19,7,3,0,0,1,0,0,0,0,1,1,6,6,1,27,6,1984,1,1,AUDI A5,8,E01016568,0,-1
2020500942526,2020,500942526,2,9,0,18,19,5,1,0,0,8,0,0,0,0,1,1,5,6,1,-1,-1,1984,1,10,AUDI A5,-1,-1,0,-1
2020440464954,2020,440464954,1,9,0,18,19,5,1,0,0,8,0,0,0,0,1,1,6,6,2,27,6,1984,2,11,AUDI A5,1,E01022968,0,-1
2020170L10100,2020,170L10100,1,9,0,18,19,4,8,0,0,1,0,0,0,0,1,1,6,6,1,32,6,2967,2,12,AUDI A5,-1,-1,0,-1
20201379P1371,2020,1379P1371,1,9,0,18,19,7,3,0,0,0,0,0,0,0,4,1,6,6,2,34,6,2967,2,10,AUDI A5,2,E01011538,0,-1
2020141004536,2020,141004536,3,9,0,18,19,7,3,0,0,0,0,0,0,0,1,1,5,6,1,33,6,2967,2,12,AUDI A5,3,E01008145,0,-1
2020460967744,2020,460967744,2,9,0,4,4,5,8,0,0,3,0,0,0,0,1,1,6,6,1,34,6,1968,2,4,AUDI A5,5,E01016065,0,-1
2020100999832,2020,100999832,1,9,0,18,19,-1,-1,0,0,0,0,0,0,0,4,1,6,6,2,-1,-1,1968,2,10,AUDI A5,-1,-1,0,-1
2020430085187,2020,430085187,1,9,0,9,9,1,3,0,0,8,0,0,0,0,1,1,6,6,1,22,5,1984,1,10,AUDI A5,-1,-1,0,-1
2020990998425,2020,990998425,1,9,0,9,9,7,5,0,0,8,0,0,0,0,1,1,5,6,1,48,8,1798,1,12,AUDI A5,4,-1,0,-1
202031B060920,2020,31B060920,2,9,0,18,19,1,5,0,0,0,0,0,0,0,4,1,6,6,1,27,6,1968,2,10,AUDI A5,8,E01026262,0,-1
2020041009372,2020,041009372,2,9,0,18,19,1,5,0,0,0,0,0,0,0,3,1,2,2,1,32,6,2967,2,10,AUDI A5,3,E01025577,0,-1
2020200956161,2020,200956161,1,9,0,18,19,7,3,0,0,1,0,0,0,0,1,1,6,6,1,38,7,1968,2,9,AUDI A5,7,E01010345,0,-1
2020221017743,2020,221017743,2,9,0,18,19,6,2,0,0,8,0,0,1,1,1,1,5,6,1,38,7,1984,1,2,AUDI A5,5,E01014076,0,-1
2020010270711,2020,010270711,1,9,0,99,99,9,9,99,99,9,9,99,9,99,2,9,6,6,1,24,5,1984,1,10,AUDI A5,8,E01002975,0,-1
2020010244860,2020,010244860,2,9,0,5,5,1,5,0,0,2,0,0,0,0,1,1,6,6,1,49,8,1984,1,7,AUDI A5,5,E01001200,0,-1
2020530971265,2020,530971265,1,9,0,9,9,8,8,0,0,0,0,0,0,0,0,1,6,6,2,32,6,1968,2,10,AUDI A5,5,E01028446,0,-1
2020140964239,2020,140964239,1,9,0,16,19,6,2,0,0,0,2,0,0,0,1,1,6,6,1,34,6,2967,2,12,AUDI A5,5,E01007366,0,-1
2020320039726,2020,320039726,2,9,0,18,19,5,1,0,0,1,0,0,0,0,3,1,1,1,1,64,9,1968,2,7,AUDI A5,4,E01026254,0,-1
2020010250624,2020,010250624,1,9,0,9,9,5,2,0,0,6,0,0,0,0,1,1,6,6,1,33,6,1968,2,4,AUDI A5,7,E01002136,0,-1
2020991003771,2020,991003771,1,9,0,16,19,8,3,0,0,0,1,0,0,0,3,1,6,6,2,51,8,2967,2,11,AUDI A5,7,-1,0,-1
2020460946185,2020,460946185,1,9,0,13,13,1,5,0,0,0,0,0,0,0,4,1,6,6,1,67,10,2967,2,9,AUDI A5,7,E01024521,0,-1
2020040957775,2020,040957775,1,9,0,18,19,7,3,0,0,0,0,0,0,0,2,1,5,6,2,40,7,1968,2,3,AUDI A5,7,E01025108,0,-1
2020302000966,2020,302000966,3,9,0,13,13,4,8,0,0,0,0,0,1,1,4,1,2,2,1,33,6,1968,2,10,AUDI A5,2,E01013521,0,-1
2020361010409,2020,361010409,1,9,0,18,19,4,8,0,0,1,0,0,0,0,1,1,5,6,1,44,7,1968,2,10,AUDI A5,1,E01018108,0,-1
2020010247531,2020,010247531,1,9,0,9,9,1,7,2,2,5,0,0,0,0,1,1,2,2,1,25,5,1968,2,7,AUDI A5,7,E01002438,0,-1
2020210953322,2020,210953322,1,9,0,18,19,8,4,0,0,8,0,0,0,0,3,1,6,6,1,28,6,1968,2,4,AUDI A5,-1,-1,0,-1
2020010273549,2020,010273549,1,9,0,99,99,9,9,99,99,9,9,99,9,99,1,9,6,6,2,27,6,1968,2,10,AUDI A5,1,E01003761,0,-1
2020100983456,2020,100983456,1,9,0,17,19,3,8,0,0,1,0,0,0,0,4,1,5,6,1,27,6,1968,2,6,AUDI A5,1,-1,0,-1
2020450955031,2020,450955031,1,9,0,18,19,3,7,0,0,8,0,0,0,0,1,1,5,6,1,33,6,1984,1,10,AUDI A5,6,E01016482,0,-1
2020430309562,2020,430309562,1,9,0,18,19,2,6,0,0,8,0,0,7,1,4,1,6,6,1,25,5,1984,1,11,AUDI A5,7,E01016417,0,-1
2020420947542,2020,420947542,2,9,0,17,19,7,3,0,0,0,0,0,0,0,3,1,5,6,1,44,7,1968,2,6,AUDI A5,6,E01023409,0,-1
2020140937712,2020,140937712,2,9,0,9,9,1,7,0,0,0,0,0,0,0,4,1,6,6,1,37,7,1968,2,7,AUDI A5,4,E01007584,0,-1
2020040935889,2020,040935889,1,9,0,18,19,5,1,0,0,0,0,0,0,0,1,1,6,6,3,-1,-1,2894,1,2,AUDI A5,-1,-1,0,-1
2020421003409,2020,421003409,1,9,0,9,9,4,1,0,0,6,0,0,0,0,0,1,5,6,2,79,11,2967,2,9,AUDI A5,5,E01021388,0,-1
2020160916840,2020,160916840,2,9,0,18,19,6,2,0,0,2,0,0,0,0,1,1,2,2,2,36,7,1968,2,5,AUDI A5,2,E01013002,0,-1
2020010261018,2020,010261018,1,9,0,99,99,9,9,99,99,9,9,99,9,99,9,9,6,6,1,38,7,2894,1,3,AUDI A5,4,E01015923,0,-1
2020122000966,2020,122000966,2,9,0,18,19,6,2,0,0,8,0,0,0,0,1,1,6,6,1,48,8,1968,2,0,AUDI A5,4,E01027678,0,-1
2020360942358,2020,360942358,1,9,0,7,7,7,1,0,0,0,0,0,0,0,1,1,5,6,2,56,9,1984,1,6,AUDI A5,5,E01026766,0,-1
2020470972009,2020,470972009,4,9,0,2,2,0,0,0,0,1,0,0,0,0,4,1,6,6,1,42,7,2967,2,6,AUDI A5,3,E01002803,0,-1
2020010242412,2020,010242412,1,9,0,99,99,9,9,99,99,9,9,99,9,99,2,9,6,6,1,27,6,1968,2,6,AUDI A5,7,E01000723,0,-1
2020101011278,2020,101011278,1,9,0,4,4,5,8,0,0,4,0,0,0,0,1,1,6,6,1,40,7,1984,2,10,AUDI A5,2,E01008628,0,-1
2020500949249,2020,500949249,3,9,0,3,3,0,0,0,0,0,0,0,0,0,2,1,6,6,1,33,6,1984,2,11,AUDI A5,10,E01019963,0,-1
2020010250288,2020,010250288,1,9,0,99,99,9,9,99,99,9,9,99,9,99,2,9,6,6,1,34,6,1968,2,6,AUDI A5,7,E01003270,0,-1
2020010253608,2020,010253608,2,9,0,18,19,7,3,0,0,8,0,0,0,0,1,1,6,6,1,24,5,1984,1,10,AUDI A5,3,E01004362,0,-1
2020230971915,2020,230971915,2,9,0,18,19,8,4,0,0,3,0,0,0,0,3,1,5,6,1,27,6,1984,1,9,AUDI A5,2,E01031097,0,-1
2020470935855,2020,470935855,1,9,0,18,19,1,5,0,0,0,0,0,0,0,1,1,5,6,1,37,7,2967,2,13,AUDI A5,8,E01031767,0,-1
2020370933618,2020,370933618,2,9,0,5,5,5,3,0,0,2,0,0,0,0,3,1,5,6,2,34,6,2967,2,13,AUDI A5,7,E01029913,0,-1
2020320016429,2020,320016429,2,9,0,18,19,1,5,0,0,0,0,0,0,0,1,1,1,1,1,41,7,1968,2,4,AUDI A5,9,E01026194,0,-1
2020210987068,2020,210987068,1,9,0,18,19,4,8,0,0,0,0,0,0,0,4,1,1,1,1,29,6,1968,2,4,AUDI A5,3,E01014282,0,-1
2020220971479,2020,220971479,4,9,0,4,4,6,2,0,0,1,0,0,0,0,2,1,5,6,2,48,8,1798,1,8,AUDI A5,6,E01009796,0,-1
2020430092837,2020,430092837,1,9,0,9,9,3,1,0,0,5,0,0,0,0,1,1,2,2,1,50,8,1968,2,3,AUDI A5,-1,-1,0,-1
2020990994787,2020,990994787,1,9,0,4,4,3,7,0,0,0,0,0,0,0,1,1,5,6,2,26,6,1984,1,0,AUDI A5,4,-1,0,-1
2020010231575,2020,010231575,3,9,0,3,3,8,4,0,0,1,0,0,0,0,2,1,6,6,1,32,6,1968,2,4,AUDI A5,4,E01003268,0,-1
2020052002718,2020,052002718,1,9,0,18,19,1,5,0,0,0,0,0,0,0,1,1,6,6,1,37,7,1968,2,10,AUDI A5,2,E01006565,0,-1
2020360944138,2020,360944138,1,9,0,5,5,7,3,0,0,2,0,0,0,0,4,1,5,6,1,44,7,1968,2,7,AUDI A5,3,E01026596,0,-1
2020440007246,2020,440007246,2,9,0,9,9,6,4,0,0,8,0,0,0,0,3,1,3,7,2,34,6,1798,1,12,AUDI A5,5,E01022656,0,-1
2020340N06012,2020,340N06012,1,9,0,18,19,5,1,0,0,1,0,0,0,0,1,1,6,6,1,31,6,2967,2,12,AUDI A5,5,E01027133,0,-1
2020420985501,2020,420985501,1,9,0,18,19,3,7,0,0,0,0,0,5,6,1,1,5,6,1,76,11,1968,2,8,AUDI A5,3,E01021806,0,-1
2020430252578,2020,430252578,1,9,0,18,19,8,4,0,0,4,0,0,0,0,1,1,6,6,2,31,6,4163,1,12,AUDI A5,1,E01028568,0,-1
2020200998567,2020,200998567,1,9,0,5,5,4,8,0,0,6,0,0,0,0,1,1,6,6,1,30,6,2967,2,11,AUDI A5,5,E01029399,0,-1
2020361010511,2020,361010511,2,9,0,4,4,7,3,0,0,1,0,0,0,0,2,1,5,6,2,35,6,1968,2,7,AUDI A5,9,E01026742,0,-1
202006F271037,2020,06F271037,1,9,0,18,19,6,2,0,0,8,0,0,1,1,1,1,6,6,1,24,5,1968,2,10,AUDI A5,7,E01005701,0,-1
2020010265019,2020,010265019,1,9,0,18,19,5,1,0,0,1,0,0,0,0,2,1,6,6,1,33,6,2698,2,10,AUDI A5,6,E01002555,0,-1
2020010277051,2020,010277051,2,9,0,99,99,9,9,99,99,0,9,99,0,0,9,9,6,6,3,-1,-1,4163,1,12,AUDI A5,-1,-1,0,-1
2020552001166,2020,552001166,2,9,0,2,2,0,0,9,9,0,0,0,0,0,3,1,6,6,3,-1,-1,2967,2,8,AUDI A5,-1,-1,0,-1
2020010280537,2020,010280537,2,9,0,2,2,0,0,0,0,2,0,0,0,0,3,1,6,6,3,-1,-1,1984,1,11,AUDI A5,-1,-1,0,-1
2020210304353,2020,210304353,1,9,0,18,19,1,5,0,0,0,0,0,4,6,4,1,6,6,2,55,8,1984,1,3,AUDI A5,7,E01018393,0,-1
2020040990456,2020,040990456,1,9,0,18,19,1,5,0,0,1,0,0,0,0,4,1,2,2,1,40,7,1968,2,7,AUDI A5,1,E01024877,0,-1
2020070062213,2020,070062213,1,9,0,18,19,3,7,0,0,4,0,0,0,0,3,1,6,6,1,49,8,1968,2,8,AUDI A5,10,E01018419,0,-1
2020010233754,2020,010233754,2,9,0,99,99,9,9,99,99,9,9,99,9,99,1,9,6,6,3,-1,-1,1984,1,9,AUDI A5,7,E01003200,0,-1
2020460974032,2020,460974032,2,9,0,18,19,7,1,0,0,3,0,0,1,0,1,1,5,6,1,42,7,1968,2,6,AUDI A5,9,E01024300,0,-1
2020410997171,2020,410997171,4,9,0,2,2,0,0,0,0,1,0,0,0,0,1,1,5,6,1,-1,-1,1395,1,2,AUDI A5,-1,-1,0,-1
2020420917082,2020,420917082,2,9,0,18,19,1,5,0,0,0,0,0,0,0,2,1,6,6,2,58,9,1798,1,6,AUDI A5,3,E01004393,0,-1
2020010280512,2020,010280512,1,9,0,99,99,9,9,99,99,9,9,99,9,99,9,1,2,2,1,66,10,1968,2,6,AUDI A5,3,E01002923,0,-1
2020230918360,2020,230918360,1,9,0,15,15,8,4,0,0,0,0,0,0,0,1,1,6,6,3,40,7,1968,2,11,AUDI A5,-1,-1,0,-1
2020010279264,2020,010279264,2,9,9,99,99,9,9,99,99,0,9,99,9,99,9,9,6,6,3,-1,-1,1968,2,4,AUDI A5,-1,-1,0,-1
2020440292512,2020,440292512,1,9,0,5,5,1,5,0,0,8,0,0,0,0,4,1,6,6,1,20,4,1984,1,4,AUDI A5,-1,-1,0,-1
2020990955135,2020,990955135,1,9,0,5,5,4,8,0,0,1,0,0,0,0,3,1,5,6,1,55,8,2967,2,11,AUDI A5,5,-1,0,-1
2020010268375,2020,010268375,1,9,0,18,19,5,1,0,0,8,9,0,0,0,2,1,6,6,1,58,9,1968,2,4,AUDI A5,5,E01001310,0,-1
2020990966476,2020,990966476,1,9,0,18,19,3,7,0,0,0,0,0,0,0,1,1,5,6,1,38,7,1984,1,8,AUDI A5,2,-1,0,-1
2020230945829,2020,230945829,2,9,0,14,14,1,5,0,0,2,0,0,0,0,3,1,5,6,1,29,6,1968,2,6,AUDI A5,5,E01031021,0,-1
2020460994930,2020,460994930,1,9,0,18,19,2,6,0,0,1,0,0,0,0,1,1,5,6,1,37,7,1984,1,9,AUDI A5,1,E01024660,0,-1
2020010255203,2020,010255203,1,9,0,18,19,1,5,0,0,1,0,0,0,0,1,1,6,6,1,31,6,1984,1,10,AUDI A5,8,E01023311,0,-1
2020010269349,2020,010269349,1,9,0,8,8,4,7,4,4,1,0,0,0,0,3,1,6,6,1,48,8,1984,1,3,AUDI A5,9,E01002112,0,-1
2020201030579,2020,201030579,1,9,0,18,19,1,5,0,0,1,0,7,7,0,4,1,6,6,2,40,7,1968,2,9,AUDI A5,2,E01010447,0,-1
2020460979333,2020,460979333,1,9,0,18,19,7,3,0,0,0,0,0,7,0,1,1,6,6,1,70,10,1984,1,4,AUDI A5,5,E01019620,0,-1
2020440174521,2020,440174521,2,9,0,18,19,6,2,0,0,0,0,0,0,0,4,1,6,6,1,32,6,1968,2,6,AUDI A5,3,E01017195,0,-1
2020552000981,2020,552000981,1,9,0,18,19,1,5,0,0,4,0,0,0,0,1,1,2,2,1,41,7,1968,2,1,AUDI A5,6,E01015454,0,-1
2020110916064,2020,110916064,2,9,0,16,19,7,3,0,0,0,0,0,0,0,1,1,6,6,1,27,6,1968,2,8,AUDI A5,5,E01019305,0,-1