collision_index,collision_year,collision_ref_no,vehicle_reference,vehicle_type,towing_and_articulation,vehicle_manoeuvre_historic,vehicle_manoeuvre,vehicle_direction_from,vehicle_direction_to,vehicle_location_restricted_lane_historic,vehicle_location_restricted_lane,junction_location,skidding_and_overturning,hit_object_in_carriageway,vehicle_leaving_carriageway,hit_object_off_carriageway,first_point_of_impact,vehicle_left_hand_drive,journey_purpose_of_driver_historic,journey_purpose_of_driver,sex_of_driver,age_of_driver,age_band_of_driver,engine_capacity_cc,propulsion_code,age_of_vehicle,generic_make_model,driver_imd_decile,lsoa_of_driver,escooter_flag,driver_distance_banding
2020010280082,2020,010280082,1,9,0,99,99,9,9,0,0,0,0,0,0,0,2,9,6,6,1,38,7,1968,2,7,AUDI A5,5,E01003833,0,-1
2020137381475,2020,137381475,1,9,0,18,19,1,5,0,0,1,0,0,0,0,1,1,6,6,1,58,9,2967,2,9,AUDI A5,7,E01010939,0,-1
2020200947067,2020,200947067,1,9,0,15,15,2,6,0,0,0,5,10,7,0,2,1,6,6,1,30,6,1798,1,10,AUDI A5,3,E01008952,0,-1
2020137CM0874,2020,137CM0874,2,9,0,18,19,7,3,0,0,8,0,0,0,0,1,1,6,6,1,29,6,1968,2,4,AUDI A5,1,E01011422,0,-1
2020350926153,2020,350926153,1,9,0,5,5,8,4,0,0,4,0,0,0,0,1,1,6,6,1,45,7,2967,2,13,AUDI A5,4,E01015676,0,-1
2020470920508,2020,470920508,1,9,0,18,19,8,4,0,0,4,0,0,0,0,1,1,2,2,1,51,8,1984,1,5,AUDI A5,9,E01031753,0,-1
2020470923233,2020,470923233,1,9,0,9,9,2,7,0,0,0,0,0,0,0,1,1,2,2,1,56,9,1968,2,3,AUDI A5,2,E01016949,0,-1
2020552000679,2020,552000679,1,9,0,18,19,4,8,0,0,8,0,0,0,0,3,1,6,6,2,27,6,1968,2,6,AUDI A5,3,E01033594,0,-1
2020200982105,2020,200982105,1,9,0,18,19,7,3,0,0,8,0,0,0,0,1,1,6,6,1,-1,-1,1798,1,9,AUDI A5,-1,-1,0,-1
2020460984130,2020,460984130,2,9,0,18,19,6,2,0,0,0,0,0,0,0,1,1,5,6,1,41,7,1984,1,10,AUDI A5,3,E01024307,0,-1
202006N277637,2020,06N277637,1,9,0,18,19,2,6,0,0,0,5,0,2,4,1,1,6,6,1,33,6,1968,2,8,AUDI A5,4,E01005462,0,-1
2020070089352,2020,070089352,1,9,0,4,4,3,7,0,0,1,0,0,0,0,2,1,6,6,2,57,9,1968,2,4,AUDI A5,3,E01012443,0,-1
2020410977135,2020,410977135,2,9,0,18,19,7,4,0,0,0,0,0,0,0,1,1,6,6,1,25,5,1798,1,8,AUDI A5,8,E01004110,0,-1
2020200950907,2020,200950907,3,9,0,18,19,-1,-1,0,0,0,0,0,0,0,1,1,6,6,1,49,8,1968,2,9,AUDI A5,1,E01010316,0,-1
20201373D1575,2020,1373D1575,1,9,0,18,19,7,3,0,0,1,0,0,0,0,1,1,6,6,1,-1,-1,2967,2,7,AUDI A5,8,E01011653,0,-1
2020010232684,2020,010232684,1,9,0,99,99,9,9,99,99,9,9,99,9,99,1,9,6,6,2,57,9,1984,1,10,AUDI A5,10,E01018274,0,-1
2020201014476,2020,201014476,2,9,0,4,4,8,4,0,0,0,1,0,0,0,1,1,6,6,1,24,5,1968,2,3,AUDI A5,7,E01014216,0,-1
2020010262024,2020,010262024,2,9,0,99,99,9,9,99,99,9,9,99,9,99,1,9,6,6,3,-1,-1,4163,1,11,AUDI A5,-1,-1,0,-1
202006G167833,2020,06G167833,1,9,0,16,19,8,4,0,0,0,0,0,0,0,3,1,6,6,2,29,6,2698,2,9,AUDI A5,1,E01006064,0,-1
202006E377199,2020,06E377199,2,9,0,18,19,4,8,0,0,8,1,0,1,1,3,1,6,6,1,23,5,2967,2,8,AUDI A5,5,E01005777,0,-1
2020450953638,2020,450953638,2,9,0,16,19,6,1,0,0,0,0,0,0,0,2,1,2,2,1,28,6,1984,1,1,AUDI A5,9,E01030539,0,-1
2020010265878,2020,010265878,1,9,0,3,3,1,5,0,0,0,0,0,0,0,4,1,6,6,1,30,6,1968,2,7,AUDI A5,2,E01002735,0,-1
2020160967643,2020,160967643,1,9,0,18,19,8,4,0,0,0,0,4,0,0,1,1,5,6,1,25,5,2967,2,9,AUDI A5,2,E01012863,0,-1
2020010228818,2020,010228818,1,9,0,18,19,5,1,0,0,8,0,0,0,0,1,1,2,2,1,39,7,2967,2,8,AUDI A5,8,E01002513,0,-1
2020350975666,2020,350975666,1,9,0,8,8,7,1,0,0,5,0,0,0,0,1,1,6,6,1,34,6,1984,1,11,AUDI A5,10,E01018248,0,-1
2020010283783,2020,010283783,1,9,0,9,9,7,4,0,0,6,0,0,0,0,1,1,1,1,1,28,6,1984,1,1,AUDI A5,10,E01004114,0,-1
2020010280035,2020,010280035,1,9,0,18,19,6,2,0,0,1,0,0,0,0,1,1,6,6,3,-1,-1,1984,1,2,AUDI A5,-1,-1,0,-1
2020100985862,2020,100985862,1,9,0,5,5,5,1,0,0,2,0,0,0,0,1,1,5,6,1,25,5,1968,2,7,AUDI A5,1,E01027392,0,-1
2020200965746,2020,200965746,1,9,0,18,19,7,3,0,0,0,0,0,0,0,1,1,6,6,1,30,6,2967,2,3,AUDI A5,-1,-1,0,-1
2020010253893,2020,010253893,1,9,0,9,9,1,7,0,0,5,0,0,0,0,3,1,6,6,1,25,5,1968,2,8,AUDI A5,2,E01004007,0,-1
2020400924493,2020,400924493,2,9,0,13,13,2,6,0,0,0,0,0,0,0,1,1,2,2,1,24,5,1968,2,9,AUDI A5,9,E01017614,0,-1
2020010256709,2020,010256709,2,9,0,18,19,5,1,0,0,8,1,0,0,0,4,1,6,6,1,31,6,1968,2,9,AUDI A5,6,E01001288,0,-1
2020360992398,2020,360992398,2,9,0,18,19,4,8,0,0,0,0,0,0,0,4,1,5,6,1,77,11,1968,2,6,AUDI A5,7,E01030096,0,-1
2020010255099,2020,010255099,1,9,0,9,9,6,4,0,0,6,0,0,0,0,1,1,6,6,1,29,6,2698,2,10,AUDI A5,3,E01000553,0,-1
2020210993515,2020,210993515,2,9,0,5,5,7,3,0,0,1,0,0,0,0,4,1,6,6,1,32,6,1984,1,6,AUDI A5,8,E01029713,0,-1
2020010233733,2020,010233733,1,9,0,99,99,9,9,99,99,9,9,99,9,99,3,9,6,6,1,23,5,1984,2,11,AUDI A5,2,E01002314,0,-1
2020010246530,2020,010246530,1,9,0,5,5,3,7,0,0,1,0,0,0,0,0,1,6,6,1,25,5,1984,1,3,AUDI A5,2,E01003079,0,-1
2020010250528,2020,010250528,2,9,0,3,3,1,5,0,0,1,0,0,0,0,0,1,2,2,2,26,6,1968,2,1,AUDI A5,9,E01022061,0,-1
20201373P1165,2020,1373P1165,2,9,0,18,19,4,8,0,0,1,0,0,0,0,3,1,6,6,1,30,6,1984,2,11,AUDI A5,1,E01010720,0,-1
20201371E1217,2020,1371E1217,1,9,0,9,9,7,5,0,0,5,0,0,0,0,3,1,6,6,2,35,6,1984,1,2,AUDI A5,1,E01011106,0,-1
2020010240914,2020,010240914,2,9,0,13,13,3,7,0,0,0,0,0,0,0,1,1,6,6,1,30,6,2698,2,9,AUDI A5,-1,-1,0,-1
2020010285351,2020,010285351,1,9,0,3,3,5,1,99,99,1,9,99,9,99,2,1,6,6,1,30,6,1984,1,2,AUDI A5,6,E01003646,0,-1
2020440064136,2020,440064136,1,9,0,18,19,4,8,0,0,0,1,0,0,0,1,1,6,6,2,52,8,2967,2,11,AUDI A5,6,E01031846,0,-1
2020101008510,2020,101008510,2,9,0,9,9,4,1,0,0,2,0,-1,0,0,4,1,6,6,1,40,7,1984,1,9,AUDI A5,6,-1,0,-1
2020460989733,2020,460989733,1,9,0,18,19,-1,-1,0,0,0,0,0,0,0,4,1,6,6,1,27,6,1984,1,1,AUDI A5,8,E01030847,0,-1
202031D159820,2020,31D159820,1,9,0,13,13,5,1,0,0,2,5,0,4,0,4,1,1,1,1,29,6,1968,2,7,AUDI A5,2,E01013842,0,-1
2020010279391,2020,010279391,1,9,0,18,19,3,7,0,0,0,0,0,0,0,2,1,6,6,1,25,5,1984,2,11,AUDI A5,8,E01003649,0,-1
2020450998936,2020,450998936,2,9,0,4,4,2,6,0,0,0,0,0,0,0,2,1,5,6,1,55,8,2967,2,9,AUDI A5,7,E01003903,0,-1
2020122000594,2020,122000594,2,9,0,9,9,1,7,0,0,8,0,0,0,0,1,1,6,6,1,48,8,1968,2,7,AUDI A5,1,E01033035,0,-1
2020622001060,2020,622001060,2,9,0,18,19,6,2,1,1,8,0,0,0,0,4,1,6,6,2,52,8,1968,2,0,AUDI A5,8,W01001190,0,-1
202031D116520,2020,31D116520,1,9,0,18,19,6,2,0,0,0,0,10,7,11,1,1,6,6,1,43,7,1968,2,10,AUDI A5,4,E01028380,0,-1
2020410980638,2020,410980638,1,9,0,1,1,1,5,0,0,0,0,0,0,0,1,1,6,6,2,21,5,1798,1,11,AUDI A5,3,E01001409,0,-1
2020552001166,2020,552001166,3,9,0,2,2,0,0,9,9,0,0,0,0,0,3,1,6,6,3,-1,-1,1984,1,10,AUDI A5,-1,-1,0,-1
2020010259032,2020,010259032,1,9,0,7,7,7,1,0,0,5,0,0,0,0,1,1,6,6,1,25,5,1984,1,10,AUDI A5,5,E01003195,0,-1
2020302000353,2020,302000353,1,8,0,12,12,2,6,0,0,0,0,0,0,0,3,1,1,1,1,32,6,1968,2,9,-1,3,E01029408,0,-1
2020070539104,2020,070539104,1,9,0,18,19,2,6,0,0,3,0,0,0,0,1,1,2,2,2,52,8,1968,2,5,AUDI A5,10,E01018621,0,-1
2020522002874,2020,522002874,2,9,0,2,2,0,0,0,0,0,0,0,0,0,1,1,6,6,3,-1,-1,1968,2,10,AUDI A5,-1,-1,0,-1
202031A159720,2020,31A159720,2,9,0,18,19,1,5,0,0,8,0,0,0,0,1,1,6,6,1,23,5,1968,2,8,AUDI A5,5,E01027949,0,-1
2020010237744,2020,010237744,2,9,0,99,99,9,9,99,99,9,9,99,9,99,1,9,6,6,3,21,5,1984,1,12,AUDI A5,9,E01030673,0,-1
2020350931894,2020,350931894,1,9,0,9,9,6,2,0,0,5,0,0,0,0,1,1,1,1,1,27,6,1968,2,5,AUDI A5,9,E01017613,0,-1
2020450961116,2020,450961116,2,9,0,18,19,3,1,0,0,0,0,0,0,0,1,1,6,6,1,30,6,1968,2,10,AUDI A5,-1,-1,0,-1
2020052002619,2020,052002619,1,9,0,18,19,1,5,0,0,1,1,0,1,4,1,1,6,6,3,-1,-1,1968,2,9,AUDI A5,-1,-1,0,-1
2020610030220,2020,610030220,1,9,0,9,9,7,5,0,0,1,0,0,0,0,4,1,6,6,1,28,6,1968,2,5,AUDI A5,2,W01001614,0,-1
202006Q168289,2020,06Q168289,2,9,0,18,19,1,5,0,0,8,0,0,0,0,1,1,6,6,1,25,5,2967,2,10,AUDI A5,3,E01006035,0,-1
2020350940988,2020,350940988,1,9,0,18,19,2,6,0,0,0,0,0,0,0,1,1,6,6,1,-1,-1,1968,2,1,AUDI A5,8,E01017426,0,-1
2020410923817,2020,410923817,2,9,0,4,4,7,3,0,0,0,0,0,0,0,2,1,1,1,2,54,8,1984,1,6,AUDI A5,8,E01015693,0,-1
2020010265492,2020,010265492,3,9,0,2,2,0,0,9,9,1,0,0,0,0,2,1,6,6,3,-1,-1,1984,1,9,AUDI A5,-1,-1,0,-1
2020040940014,2020,040940014,1,9,0,18,19,1,5,0,0,1,0,11,0,0,4,1,5,6,1,37,7,1798,1,4,AUDI A5,9,E01025299,0,-1
2020200935675,2020,200935675,2,9,0,15,15,6,2,0,0,8,0,0,0,0,4,1,6,6,1,23,5,2967,2,8,AUDI A5,3,E01019916,0,-1
2020610025920,2020,610025920,1,9,0,12,12,5,1,0,0,0,1,0,0,0,3,1,6,6,1,39,7,1968,2,7,AUDI A5,-1,-1,0,-1
2020201021911,2020,201021911,2,9,0,18,19,2,7,0,0,0,0,0,0,0,4,1,6,6,1,22,5,1984,1,10,AUDI A5,5,E01009825,0,-1
2020170S20320,2020,170S20320,2,9,0,9,9,7,5,0,0,8,0,0,0,0,1,1,1,1,1,-1,-1,1968,2,3,AUDI A5,1,E01010111,0,-1
2020470984184,2020,470984184,1,9,0,18,19,3,7,0,0,0,1,0,0,0,1,1,6,6,1,24,5,1968,2,1,AUDI A5,6,E01031636,0,-1
2020110953112,2020,110953112,1,9,0,10,10,7,3,0,0,2,0,0,0,0,3,1,6,6,1,24,5,1968,2,4,AUDI A5,7,E01020684,0,-1
2020010268664,2020,010268664,1,9,0,18,19,5,1,0,0,0,0,0,0,0,1,1,6,6,1,36,7,2698,2,11,AUDI A5,3,E01001166,0,-1
2020110989524,2020,110989524,1,9,0,18,19,7,3,0,0,4,1,0,0,0,1,1,6,6,1,26,6,1968,2,9,AUDI A5,3,E01020869,0,-1
2020360957429,2020,360957429,1,9,0,18,19,5,1,0,0,0,0,0,0,0,1,1,2,2,1,41,7,2967,2,13,AUDI A5,4,E01026279,0,-1
202031C092620,2020,31C092620,1,9,0,18,19,7,3,0,0,0,0,4,0,0,1,1,1,1,2,38,7,1968,2,4,AUDI A5,3,E01013932,0,-1
2020010255607,2020,010255607,2,9,0,99,99,9,9,99,99,9,9,99,9,99,1,9,6,6,1,30,6,1984,1,10,AUDI A5,5,E01004441,0,-1
2020010262663,2020,010262663,1,9,0,99,99,9,9,99,99,0,9,99,9,99,2,9,6,6,1,61,9,2698,2,12,AUDI A5,5,E01013518,0,-1
2020461022957,2020,461022957,1,9,0,18,19,1,5,0,0,4,0,0,0,0,1,1,5,6,1,46,8,2967,2,12,AUDI A5,3,E01016098,0,-1
2020200995369,2020,200995369,2,9,0,8,8,6,7,0,0,1,0,0,0,0,2,1,6,6,2,45,7,1798,1,4,AUDI A5,3,E01010005,0,-1
2020052001889,2020,052001889,1,9,0,16,19,3,7,0,0,0,0,0,0,0,1,1,6,6,3,-1,-1,1968,2,3,AUDI A5,-1,-1,0,-1
2020990986656,2020,990986656,2,9,-1,7,7,4,6,0,0,0,0,0,0,0,2,1,6,6,1,24,5,1968,2,9,AUDI A5,3,-1,0,-1
2020460979603,2020,460979603,1,9,0,18,19,7,3,0,0,0,0,0,0,0,4,1,6,6,1,23,5,1968,2,9,AUDI A5,10,E01024854,0,-1
2020010248090,2020,010248090,2,9,0,99,99,9,9,99,99,9,9,99,9,99,9,9,6,6,3,-1,-1,1984,2,11,AUDI A5,3,E01004458,0,-1
2020460938350,2020,460938350,2,9,0,4,4,1,5,0,0,0,0,0,0,0,2,1,5,6,1,21,5,1984,1,9,AUDI A5,5,E01024532,0,-1
2020010252605,2020,010252605,1,9,0,18,19,1,5,0,0,1,0,0,0,0,1,1,6,6,1,41,7,1984,1,1,AUDI A5,1,E01000528,0,-1
20201373C1696,2020,1373C1696,2,9,0,2,2,0,0,9,9,2,0,0,0,0,1,1,6,6,1,39,7,2967,2,10,AUDI A5,1,E01010830,0,-1
2020440422560,2020,440422560,1,9,0,9,9,7,5,0,0,8,0,0,0,0,1,1,6,6,1,52,8,1968,2,3,AUDI A5,4,E01017085,0,-1
2020141000420,2020,141000420,1,9,0,9,9,5,1,0,0,2,0,0,0,0,1,1,5,6,2,45,7,1968,2,6,AUDI A5,2,E01007556,0,-1
2020010255171,2020,010255171,2,9,0,99,99,9,9,0,0,8,0,0,0,0,3,9,6,6,3,-1,-1,1968,2,4,AUDI A5,-1,-1,0,-1
2020010254747,2020,010254747,1,9,0,99,99,9,9,99,99,0,9,99,9,99,1,9,6,6,1,28,6,2967,2,3,AUDI A5,4,E01002867,0,-1
2020552000544,2020,552000544,1,9,0,18,19,7,3,0,0,0,0,4,0,0,1,1,6,6,1,88,11,1968,2,7,AUDI A5,7,E01020498,0,-1
2020230953333,2020,230953333,1,9,0,18,19,6,2,0,0,4,0,0,0,0,1,1,5,6,1,33,6,1968,2,5,AUDI A5,2,E01031092,0,-1
2020140984499,2020,140984499,2,9,0,11,11,8,5,0,0,2,0,0,0,0,3,1,6,6,1,29,6,1968,2,5,AUDI A5,8,E01007603,0,-1
2020320414470,2020,320414470,1,9,0,18,19,8,4,0,0,1,0,0,0,7,1,1,3,7,1,41,7,1968,2,6,AUDI A5,4,E01026377,0,-1
202006F274844,2020,06F274844,3,9,0,18,19,1,5,8,6,1,0,0,0,0,0,1,6,6,1,25,5,1968,2,7,AUDI A5,4,E01005672,0,-1
2020470984421,2020,470984421,1,9,0,13,13,4,8,0,0,1,0,0,0,0,2,1,1,1,1,47,8,1984,2,11,AUDI A5,1,E01020979,0,-1
2020200949934,2020,200949934,2,9,0,4,4,3,7,0,0,0,0,0,0,0,2,1,6,6,2,35,6,1968,2,8,AUDI A5,3,E01010097,0,-1
2020990930878,2020,990930878,3,9,0,18,19,3,7,0,0,0,0,0,0,0,3,1,2,2,2,34,6,1968,2,1,AUDI A5,6,-1,0,-1
2020420967098,2020,420967098,2,9,0,18,19,1,5,0,0,1,0,0,0,0,1,1,2,2,2,40,7,1968,2,9,AUDI A5,3,E01016012,0,-1
2020500988896,2020,500988896,3,9,0,2,2,0,0,0,0,0,0,0,0,0,1,1,6,6,1,37,7,2967,2,11,AUDI A5,3,E01019922,0,-1
2020451007349,2020,451007349,1,9,0,18,19,3,7,0,0,0,0,0,0,0,2,1,2,2,1,34,6,1968,2,10,AUDI A5,10,E01022675,0,-1
2020010250064,2020,010250064,2,9,0,99,99,9,9,99,99,9,9,99,9,99,1,9,6,6,3,-1,-1,1968,2,6,AUDI A5,2,E01021864,0,-1
2020010281954,2020,010281954,2,9,0,99,99,9,9,99,99,9,9,99,9,99,9,9,6,6,1,-1,-1,1984,1,1,AUDI A5,8,E01002820,0,-1
2020320099459,2020,320099459,1,9,0,18,19,7,3,0,0,0,2,0,8,10,1,1,6,6,1,20,4,1984,1,1,AUDI A5,9,E01032683,0,-1
2020010252435,2020,010252435,1,9,0,18,19,7,3,0,0,0,1,0,0,0,3,2,2,2,1,34,6,1984,1,11,AUDI A5,3,E01002396,0,-1
2020370915863,2020,370915863,1,9,0,18,19,7,3,0,0,0,0,0,3,4,1,1,5,6,1,22,5,1968,2,10,AUDI A5,5,E01030188,0,-1
2020420923453,2020,420923453,2,9,0,18,19,5,1,0,0,0,0,0,0,0,1,1,6,6,1,55,8,2698,2,12,AUDI A5,7,E01023760,0,-1
2020991002859,2020,991002859,1,9,0,9,9,4,2,0,0,6,0,0,0,0,3,1,6,6,1,23,5,1395,1,2,AUDI A5,9,-1,0,-1
2020160999244,2020,160999244,1,9,0,7,7,4,6,0,0,0,0,0,0,0,1,1,6,6,1,-1,-1,1968,2,10,AUDI A5,-1,-1,0,-1
2020460998867,2020,460998867,1,9,0,18,19,5,1,0,0,0,0,0,0,0,4,1,6,6,1,44,7,1968,2,6,AUDI A5,4,E01015952,0,-1
2020137B41946,2020,137B41946,2,9,0,9,9,7,5,0,0,8,1,0,0,0,4,1,6,6,1,35,6,2698,2,8,AUDI A5,5,E01011388,0,-1
2020990970123,2020,990970123,1,9,0,13,13,8,4,0,0,0,0,4,0,0,1,1,5,6,1,38,7,1984,1,8,AUDI A5,2,-1,0,-1
2020461002135,2020,461002135,1,9,0,5,5,8,4,0,0,6,0,0,0,0,1,1,2,2,2,45,7,1968,2,5,AUDI A5,6,E01023979,0,-1
2020010268517,2020,010268517,1,9,0,4,4,5,1,0,0,1,0,0,0,0,2,1,2,2,1,29,6,1798,1,12,AUDI A5,2,E01000603,0,-1
2020010255386,2020,010255386,1,9,0,18,19,1,5,0,0,0,0,10,0,0,4,1,6,6,1,32,6,2698,2,11,AUDI A5,3,E01016036,0,-1
2020010286672,2020,010286672,1,9,0,99,99,9,9,99,99,9,9,99,9,99,1,9,6,6,1,51,8,1968,2,3,AUDI A5,-1,-1,0,-1
2020040973575,2020,040973575,1,9,0,16,19,7,3,0,0,0,0,0,0,0,1,1,6,6,1,28,6,1968,2,6,AUDI A5,4,E01025523,0,-1
2020010248385,2020,010248385,1,9,0,18,19,7,3,0,0,8,0,0,0,0,1,1,6,6,1,31,6,1968,2,5,AUDI A5,2,E01002080,0,-1
2020350997887,2020,350997887,2,9,0,16,19,1,5,0,0,0,0,0,0,0,2,1,5,6,2,27,6,1968,2,5,AUDI A5,7,E01018065,0,-1
2020522003102,2020,522003102,2,9,0,1,1,7,3,8,6,0,0,0,0,0,0,1,6,6,1,30,6,1984,1,9,AUDI A5,-1,-1,0,-1
2020410949589,2020,410949589,3,9,0,4,4,4,8,0,0,1,0,0,0,0,1,1,6,6,1,58,9,1984,1,1,AUDI A5,10,E01023689,0,-1
2020010265278,2020,010265278,1,9,0,9,9,5,2,0,0,1,0,0,1,0,3,1,2,2,1,40,7,1984,1,1,AUDI A5,10,E01016767,0,-1
2020430418441,2020,430418441,1,9,0,18,19,8,4,2,2,0,0,0,0,0,1,1,6,6,2,35,6,1984,1,10,AUDI A5,3,E01032729,0,-1
2020010248877,2020,010248877,2,9,9,4,4,9,9,0,0,0,9,0,0,99,2,9,6,6,3,-1,-1,1395,1,2,AUDI A5,-1,-1,0,-1
202031C005920,2020,31C005920,1,9,0,7,7,2,4,0,0,5,0,0,0,0,0,1,2,2,2,34,6,1798,1,5,AUDI A5,5,E01013970,0,-1
2020140950291,2020,140950291,4,9,0,2,2,0,0,9,9,0,0,0,0,0,1,1,6,6,1,-1,-1,1984,1,1,AUDI A5,8,E01007705,0,-1
2020010269355,2020,010269355,1,9,0,5,5,1,5,0,0,8,0,4,0,0,3,1,6,6,1,26,6,1798,1,6,AUDI A5,8,E01002206,0,-1
2020010239630,2020,010239630,2,9,0,18,19,1,5,0,0,2,0,0,0,0,1,9,6,6,1,-1,-1,1968,2,6,AUDI A5,-1,-1,0,-1
2020470967319,2020,470967319,2,9,0,18,19,3,7,0,0,1,0,0,1,0,3,1,5,6,1,74,10,1968,2,10,AUDI A5,8,E01021143,0,-1
2020200941031,2020,200941031,2,9,0,10,10,2,6,0,0,8,0,0,0,0,1,1,6,6,1,37,7,1984,1,10,AUDI A5,1,E01033637,0,-1
2020211026888,2020,211026888,2,9,0,-1,-1,5,1,0,0,0,0,0,0,0,2,1,6,6,1,32,6,1968,2,8,AUDI A5,2,E01029717,0,-1
2020010278858,2020,010278858,5,9,0,4,4,1,5,0,0,1,0,0,6,0,0,1,6,6,2,51,8,1968,2,7,AUDI A5,-1,-1,0,-1
2020440298533,2020,440298533,2,9,0,4,4,3,7,0,0,0,0,0,0,0,2,1,6,6,1,51,8,1798,1,5,AUDI A5,10,E01021605,0,-1
2020350940849,2020,350940849,2,9,0,18,19,1,6,0,0,0,0,0,0,0,2,1,2,2,1,33,6,1968,2,6,AUDI A5,6,E01015671,0,-1
2020010228860,2020,010228860,1,9,0,99,99,9,9,99,99,9,9,99,9,99,9,9,6,6,1,40,7,2967,2,9,AUDI A5,3,E01002235,0,-1
2020122000663,2020,122000663,1,9,0,18,19,1,5,0,0,0,0,0,7,11,1,1,6,6,1,59,9,1984,2,11,AUDI A5,7,E01011755,0,-1
2020010229858,2020,010229858,1,9,0,18,19,1,5,0,0,0,0,0,0,0,2,1,6,6,1,19,4,1968,2,1,AUDI A5,1,E01002091,0,-1
2020360946890,2020,360946890,1,9,0,18,19,1,5,0,0,0,0,0,0,0,1,1,5,6,1,23,5,2967,2,12,AUDI A5,9,E01026901,0,-1
2020340S05232,2020,340S05232,2,9,0,18,19,5,1,0,0,0,0,0,0,0,4,1,6,6,1,46,8,1968,2,5,AUDI A5,9,E01029690,0,-1
2020320419228,2020,320419228,1,9,0,18,19,0,5,0,0,1,0,0,0,0,1,1,6,6,1,29,6,1968,2,9,AUDI A5,2,E01026103,0,-1
2020200990429,2020,200990429,1,9,0,1,1,-1,-1,0,0,0,0,0,0,0,2,1,6,6,3,-1,-1,1968,2,3,AUDI A5,-1,-1,0,-1
2020010242032,2020,010242032,1,9,0,99,99,9,9,99,99,9,9,99,9,99,9,9,6,6,1,30,6,1395,1,2,AUDI A5,5,E01021866,0,-1
202063D034620,2020,63D034620,2,9,0,18,19,8,4,0,0,8,0,0,0,0,4,1,6,6,1,26,6,2967,2,13,AUDI A5,5,W01000060,0,-1
2020137AA0818,2020,137AA0818,2,9,0,18,19,4,8,0,0,1,0,0,0,0,3,1,6,6,2,21,5,1968,2,5,AUDI A5,1,E01010712,0,-1
2020211020952,2020,211020952,1,9,0,4,4,4,8,0,0,1,0,0,0,0,1,1,6,6,2,-1,-1,1968,2,9,AUDI A5,8,E01029761,0,-1
2020040987956,2020,040987956,1,9,0,16,19,5,1,0,0,0,0,0,1,0,1,1,5,6,1,25,5,1968,2,6,AUDI A5,7,E01025231,0,-1
2020040982771,2020,040982771,1,9,0,18,19,3,7,0,0,0,0,0,0,0,2,1,5,6,1,32,6,1968,2,3,AUDI A5,8,E01025241,0,-1
2020420999610,2020,420999610,1,9,0,13,13,3,7,0,0,0,0,0,0,0,1,1,2,2,1,31,6,1968,2,6,AUDI A5,2,E01021864,0,-1
2020070493351,2020,070493351,1,9,0,18,19,1,4,0,0,0,0,0,0,0,1,1,6,6,1,32,6,1968,2,3,AUDI A5,2,E01032906,0,-1
2020522004938,2020,522004938,1,9,0,9,9,9,9,0,0,5,0,0,0,0,3,1,6,6,1,32,6,1798,1,12,AUDI A5,10,E01014405,0,-1
2020200983400,2020,200983400,1,9,0,18,19,4,8,0,0,1,0,0,0,0,0,1,6,6,3,-1,-1,1968,2,3,AUDI A5,-1,-1,0,-1
202031B154720,2020,31B154720,1,9,0,17,19,7,3,0,0,0,0,10,1,11,1,1,6,6,1,24,5,1968,2,7,AUDI A5,7,E01028007,0,-1
2020010267160,2020,010267160,2,9,0,6,6,7,7,0,0,1,0,0,0,0,1,1,6,6,1,25,5,1984,1,11,AUDI A5,7,E01004297,0,-1
2020010237133,2020,010237133,1,9,0,99,99,9,9,0,0,0,0,0,0,0,2,9,6,6,1,45,7,2698,2,9,AUDI A5,3,E01021122,0,-1
2020137281382,2020,137281382,2,9,0,18,19,5,1,0,0,8,0,0,0,0,3,1,6,6,1,22,5,1395,1,2,AUDI A5,5,E01005044,0,-1
2020430059033,2020,430059033,1,9,0,9,9,4,2,0,0,1,0,0,0,0,4,1,6,6,1,35,6,1968,2,4,AUDI A5,7,E01033509,0,-1
2020010272745,2020,010272745,1,9,0,9,9,1,6,0,0,1,5,7,0,0,1,1,6,6,1,29,6,1968,2,6,AUDI A5,7,E01000480,0,-1
2020111010847,2020,111010847,2,9,0,3,3,3,7,0,0,1,0,0,0,0,2,1,5,6,1,60,9,1968,2,2,AUDI A5,5,E01020660,0,-1
2020440143815,2020,440143815,2,9,0,2,2,0,0,0,0,0,0,0,0,0,2,1,6,6,1,32,6,2698,2,12,AUDI A5,2,E01017115,0,-1
202006E174017,2020,06E174017,1,9,0,14,14,8,4,0,0,8,0,0,0,0,1,1,6,6,3,-1,-1,4163,1,12,AUDI A5,-1,-1,0,-1
2020530967510,2020,530967510,1,9,0,7,7,2,3,0,0,6,0,0,0,0,1,1,6,6,2,55,8,2995,1,6,AUDI A5,6,E01014058,0,-1
2020460999968,2020,460999968,2,9,0,18,19,3,7,0,0,0,0,0,0,0,3,1,6,6,1,26,6,1984,1,3,AUDI A5,6,E01015881,0,-1
2020450942142,2020,450942142,2,9,0,9,9,2,7,0,0,0,0,0,0,0,2,1,5,6,1,31,6,1798,1,12,AUDI A5,5,E01030971,0,-1
2020170S20580,2020,170S20580,1,9,0,18,19,7,3,0,0,8,0,0,3,11,1,1,2,2,1,30,6,1968,2,6,AUDI A5,9,E01012210,0,-1
2020010253748,2020,010253748,2,9,0,7,7,5,7,0,0,2,0,0,0,0,1,1,6,6,1,34,6,1984,2,11,AUDI A5,8,E01023872,0,-1