collision_index,collision_year,collision_ref_no,vehicle_reference,vehicle_type,towing_and_articulation,vehicle_manoeuvre_historic,vehicle_manoeuvre,vehicle_direction_from,vehicle_direction_to,vehicle_location_restricted_lane_historic,vehicle_location_restricted_lane,junction_location,skidding_and_overturning,hit_object_in_carriageway,vehicle_leaving_carriageway,hit_object_off_carriageway,first_point_of_impact,vehicle_left_hand_drive,journey_purpose_of_driver_historic,journey_purpose_of_driver,sex_of_driver,age_of_driver,age_band_of_driver,engine_capacity_cc,propulsion_code,age_of_vehicle,generic_make_model,driver_imd_decile,lsoa_of_driver,escooter_flag,driver_distance_banding
2020470925824,2020,470925824,2,9,0,16,19,8,2,0,0,8,0,0,0,0,4,1,6,6,2,38,7,1995,1,14,BMW 3 SERIES,5,E01021111,0,-1
2020010235021,2020,010235021,7,9,0,18,19,1,5,0,0,0,0,0,0,0,1,1,1,1,1,38,7,2993,2,2,BMW 3 SERIES,6,E01033308,0,-1
2020010283708,2020,010283708,2,9,0,3,3,5,1,0,0,0,0,0,0,0,2,1,6,6,1,29,6,1995,2,13,BMW 3 SERIES,4,E01023861,0,-1
202006G269765,2020,06G269765,3,9,0,18,19,8,4,0,0,8,0,0,0,0,1,1,1,1,1,43,7,2993,2,2,BMW 3 SERIES,1,E01005108,0,-1
2020070343451,2020,070343451,1,9,0,16,19,6,2,0,0,0,0,0,0,0,1,1,6,6,1,49,8,1995,2,2,BMW 3 SERIES,10,E01006237,0,-1
2020411021990,2020,411021990,1,9,0,4,4,3,7,0,0,0,0,0,0,0,1,1,2,2,2,36,7,2993,2,10,BMW 3 SERIES,5,E01023924,0,-1
2020610039920,2020,610039920,1,9,0,18,19,8,4,0,0,1,1,0,0,0,4,1,6,6,1,22,5,2793,1,22,BMW 3 SERIES,10,W01001394,0,-1
2020052001617,2020,052001617,1,9,0,18,19,1,5,0,0,1,0,0,0,0,1,1,6,6,1,25,5,2926,2,19,BMW 3 SERIES,1,E01007204,0,-1
2020340D03092,2020,340D03092,1,9,0,18,19,7,3,0,0,6,0,0,0,0,1,1,6,6,1,57,9,2993,2,7,BMW 3 SERIES,3,E01025976,0,-1
2020052001259,2020,052001259,1,9,0,18,19,7,3,0,0,0,0,0,0,0,0,1,1,1,1,31,6,2993,2,1,BMW 3 SERIES,2,E01006751,0,-1
2020411006726,2020,411006726,2,9,0,18,19,3,7,0,0,1,0,0,0,0,4,1,6,6,2,39,7,2993,2,2,BMW 3 SERIES,8,E01015707,0,-1
2020360953797,2020,360953797,1,9,0,18,19,3,7,0,0,0,0,0,1,1,1,1,1,1,1,52,8,1995,2,1,BMW 3 SERIES,5,E01026585,0,-1
2020411006103,2020,411006103,1,9,0,13,13,-1,-1,0,0,0,0,0,0,0,4,1,6,6,1,29,6,1995,1,14,BMW 3 SERIES,6,E01023746,0,-1
20201379K1697,2020,1379K1697,1,9,0,18,19,1,5,0,0,0,0,0,0,0,1,1,6,6,1,40,7,2171,1,18,BMW 3 SERIES,-1,-1,0,-1
2020430388905,2020,430388905,2,9,0,18,19,6,2,0,0,0,0,0,0,0,3,1,6,6,1,35,6,1995,2,17,BMW 3 SERIES,5,E01028538,0,-1
2020211025634,2020,211025634,2,9,0,4,4,3,7,0,0,0,0,0,0,0,3,1,1,1,1,-1,-1,2993,2,2,BMW 3 SERIES,5,E01009234,0,-1
2020461001379,2020,461001379,1,9,0,18,19,1,5,0,0,0,0,0,0,0,4,1,6,6,2,48,8,1895,1,19,BMW 3 SERIES,7,E01021009,0,-1
2020040992254,2020,040992254,1,9,0,5,5,1,1,0,0,0,0,0,0,0,1,1,6,6,1,30,6,2497,1,15,BMW 3 SERIES,5,E01025243,0,-1
2020010232808,2020,010232808,2,9,0,99,99,9,9,99,99,9,9,99,9,99,9,9,6,6,3,32,6,1995,2,2,BMW 3 SERIES,4,E01003450,0,-1
2020010254280,2020,010254280,1,9,0,5,5,2,6,0,0,1,0,0,0,0,1,1,2,2,1,31,6,1995,2,15,BMW 3 SERIES,-1,-1,0,-1
2020010235734,2020,010235734,2,9,0,4,4,1,5,0,0,2,0,0,0,0,2,1,6,6,1,36,7,1995,1,17,BMW 3 SERIES,3,E01002553,0,-1
2020450973287,2020,450973287,1,9,0,18,19,1,5,0,0,0,1,0,7,0,3,1,6,6,1,24,5,1995,2,10,BMW 3 SERIES,6,E01030399,0,-1
2020052002027,2020,052002027,1,9,0,18,19,7,3,0,0,0,0,0,0,0,4,1,6,6,1,38,7,2993,2,7,BMW 3 SERIES,2,E01007218,0,-1
2020400948461,2020,400948461,2,9,0,18,19,3,7,0,0,1,0,0,0,0,1,1,5,6,1,30,6,2000,2,9,BMW 3 SERIES,3,E01015752,0,-1
2020360968221,2020,360968221,2,9,0,18,19,1,5,0,0,2,0,0,0,0,1,1,6,6,1,19,4,1995,1,12,BMW 3 SERIES,2,E01033440,0,-1
2020420967961,2020,420967961,2,9,0,5,5,1,5,0,0,2,0,0,0,0,1,1,5,6,1,38,7,1995,2,6,BMW 3 SERIES,4,E01021956,0,-1
2020990979127,2020,990979127,1,9,0,18,19,6,3,0,0,0,0,0,0,0,1,1,5,6,1,48,8,2000,2,10,BMW 3 SERIES,3,-1,0,-1
2020041012937,2020,041012937,1,9,0,14,14,7,3,0,0,0,0,0,0,0,1,1,2,2,1,29,6,1995,2,14,BMW 3 SERIES,3,E01025058,0,-1
2020361022542,2020,361022542,1,9,0,18,19,6,2,0,0,0,0,0,0,0,1,1,5,6,1,40,7,2993,2,7,BMW 3 SERIES,8,E01002461,0,-1
2020010268710,2020,010268710,2,9,0,18,19,3,7,0,0,0,0,0,0,0,1,1,6,6,1,24,5,1995,2,11,BMW 3 SERIES,3,E01000088,0,-1
2020140983628,2020,140983628,2,9,0,5,5,3,5,0,0,0,0,0,0,0,1,1,6,6,3,-1,-1,1995,2,16,BMW 3 SERIES,-1,-1,0,-1
2020340W03742,2020,340W03742,2,9,0,4,4,7,3,0,0,6,0,0,0,0,2,1,2,2,2,43,7,1995,1,17,BMW 3 SERIES,9,E01027037,0,-1
2020200970031,2020,200970031,1,9,0,9,9,5,3,0,0,6,0,0,0,0,1,1,6,6,1,-1,-1,1995,2,8,BMW 3 SERIES,-1,-1,0,-1
2020140920510,2020,140920510,1,9,0,18,19,1,5,0,0,0,2,0,1,4,1,1,6,6,3,-1,-1,1995,2,14,BMW 3 SERIES,-1,-1,0,-1
202006N276698,2020,06N276698,1,9,0,9,9,3,1,0,0,5,0,0,0,0,1,1,6,6,1,61,9,1995,2,11,BMW 3 SERIES,6,E01005010,0,-1
2020010250746,2020,010250746,3,9,0,3,3,1,5,0,0,2,0,0,0,0,1,1,6,6,1,36,7,1995,1,9,BMW 3 SERIES,2,E01001066,0,-1
2020500996073,2020,500996073,1,9,0,5,5,3,7,0,0,1,0,0,0,0,0,1,5,6,1,62,9,2494,1,17,BMW 3 SERIES,1,E01015217,0,-1
20201378C1672,2020,1378C1672,1,9,0,18,19,8,4,0,0,0,0,4,0,0,1,1,6,6,1,21,5,2926,2,18,BMW 3 SERIES,7,E01011119,0,-1
2020140965402,2020,140965402,1,9,0,18,19,6,2,0,0,1,0,0,0,0,1,1,5,6,2,47,8,2497,1,15,BMW 3 SERIES,2,E01007392,0,-1
2020010273668,2020,010273668,1,9,0,99,99,9,9,99,99,9,9,99,9,99,2,9,6,6,2,47,8,1796,1,26,BMW 3 SERIES,7,E01004139,0,-1
2020010274834,2020,010274834,2,9,0,99,99,9,9,99,99,9,9,99,9,99,1,9,6,6,3,30,6,1995,1,10,BMW 3 SERIES,-1,-1,0,-1
2020201009638,2020,201009638,1,9,0,4,4,3,7,0,0,0,0,0,0,0,1,1,1,1,1,24,5,1499,1,2,BMW 3 SERIES,6,E01010502,0,-1
2020010269878,2020,010269878,1,9,0,9,9,4,1,0,0,6,0,0,0,0,1,1,2,2,2,30,6,1995,2,6,BMW 3 SERIES,2,E01001340,0,-1
2020420915498,2020,420915498,2,9,0,18,19,7,3,0,0,0,0,0,0,0,2,1,5,6,1,37,7,1995,2,8,BMW 3 SERIES,4,E01015923,0,-1
2020210995970,2020,210995970,1,9,0,16,19,4,8,0,0,0,2,0,1,4,4,1,6,6,1,23,5,2497,1,14,BMW 3 SERIES,-1,-1,0,-1
2020320681781,2020,320681781,1,9,0,18,19,6,2,0,0,0,1,0,8,4,1,1,2,2,1,24,5,2494,1,20,BMW 3 SERIES,1,E01026308,0,-1
2020320581020,2020,320581020,1,9,0,17,19,4,8,0,0,1,0,0,0,0,1,1,1,1,1,53,8,1998,8,2,BMW 3 SERIES,1,E01025186,0,-1
2020470943208,2020,470943208,2,9,0,16,19,1,4,0,0,0,0,0,0,0,0,1,1,1,1,26,6,2993,2,4,BMW 3 SERIES,9,E01031391,0,-1
202006A371984,2020,06A371984,5,9,0,18,19,7,3,0,0,8,0,0,0,0,0,1,1,1,1,42,7,2993,2,1,BMW 3 SERIES,1,E01005108,0,-1
2020430043204,2020,430043204,2,9,0,18,19,4,8,0,0,4,0,0,0,0,1,1,6,6,1,-1,-1,2000,2,11,BMW 3 SERIES,5,E01016437,0,-1
2020990917560,2020,990917560,2,9,0,18,19,7,3,0,0,1,0,0,0,0,1,1,1,1,1,35,6,2993,2,3,BMW 3 SERIES,10,-1,0,-1
2020010241070,2020,010241070,1,9,0,18,19,5,1,0,0,1,0,0,0,0,1,1,2,2,2,30,6,1998,8,4,BMW 3 SERIES,9,E01027254,0,-1
2020010281279,2020,010281279,4,9,0,2,2,0,0,0,0,1,0,0,0,0,3,1,6,6,3,-1,-1,1995,1,13,BMW 3 SERIES,-1,-1,0,-1
2020200937986,2020,200937986,1,9,0,18,19,6,2,0,0,1,0,0,0,0,1,1,6,6,1,22,5,1995,2,11,BMW 3 SERIES,-1,-1,0,-1
2020360959757,2020,360959757,1,9,0,4,4,3,7,0,0,0,0,0,0,0,1,1,5,6,1,20,4,2993,2,6,BMW 3 SERIES,6,E01026498,0,-1
2020420992294,2020,420992294,2,9,0,18,19,7,8,0,0,0,0,0,0,0,0,1,1,1,1,38,7,2993,2,5,BMW 3 SERIES,8,E01021544,0,-1
2020010232084,2020,010232084,1,9,0,6,6,1,1,0,0,0,0,0,0,0,0,1,6,6,1,39,7,1995,1,16,BMW 3 SERIES,8,E01001402,0,-1
2020500931185,2020,500931185,2,9,0,18,19,1,5,0,0,1,0,0,0,0,1,1,1,1,1,46,8,2993,2,8,BMW 3 SERIES,1,E01015083,0,-1
202031B169020,2020,31B169020,1,9,0,18,19,7,3,0,0,0,2,0,7,0,1,1,6,6,1,30,6,2993,2,13,BMW 3 SERIES,2,E01028319,0,-1
2020420988861,2020,420988861,3,9,0,18,19,4,8,0,0,0,0,0,0,0,2,1,6,6,1,33,6,2998,1,5,BMW 3 SERIES,6,E01000691,0,-1
2020161007282,2020,161007282,2,9,0,17,19,3,1,0,0,8,1,0,0,0,4,1,5,6,2,52,8,1995,2,9,BMW 3 SERIES,4,E01012802,0,-1
2020010228464,2020,010228464,1,9,0,18,19,3,7,0,0,1,0,10,0,0,1,1,2,2,1,27,6,1995,2,8,BMW 3 SERIES,2,E01004251,0,-1
2020410943666,2020,410943666,1,9,0,9,9,4,2,0,0,6,0,0,0,0,3,1,5,6,1,61,9,1995,2,17,BMW 3 SERIES,5,E01002214,0,-1
2020010243192,2020,010243192,1,9,0,16,19,5,1,0,0,8,0,0,0,0,1,1,6,6,1,33,6,1995,2,15,BMW 3 SERIES,3,E01003081,0,-1
2020440350025,2020,440350025,2,9,0,5,5,3,7,0,0,8,0,0,0,0,1,1,6,6,2,21,5,1998,1,1,BMW 3 SERIES,10,E01023230,0,-1
2020340K01632,2020,340K01632,2,9,0,18,19,5,1,0,0,1,0,0,0,0,1,1,1,1,1,23,5,1995,2,4,BMW 3 SERIES,7,E01032967,0,-1
2020360945769,2020,360945769,1,9,0,16,19,3,7,0,0,0,0,0,0,0,1,1,1,1,1,28,6,1995,2,16,BMW 3 SERIES,3,E01026719,0,-1
2020010249278,2020,010249278,1,9,0,5,5,0,7,0,0,0,0,0,0,0,3,1,6,6,1,43,7,2996,1,12,BMW 3 SERIES,2,E01004267,0,-1
2020622000514,2020,622000514,1,9,0,13,13,7,3,0,0,0,0,0,1,0,1,1,1,1,1,29,6,2993,2,12,BMW 3 SERIES,3,W01001792,0,-1
2020052000625,2020,052000625,1,9,0,9,9,3,7,0,0,8,0,0,0,0,3,1,6,6,1,30,6,1995,2,17,BMW 3 SERIES,1,E01007121,0,-1
20201377O2224,2020,1377O2224,1,9,0,9,9,6,2,0,0,5,0,0,0,0,0,1,6,6,1,46,8,1995,2,12,BMW 3 SERIES,1,E01010720,0,-1
2020440384998,2020,440384998,1,9,0,18,19,5,1,0,0,0,1,0,0,0,3,1,6,6,1,21,5,2494,1,18,BMW 3 SERIES,2,E01023156,0,-1
20201376K1047,2020,1376K1047,2,9,0,18,19,5,1,0,0,1,0,4,0,0,1,1,6,6,1,26,6,2993,2,10,BMW 3 SERIES,7,E01011396,0,-1
2020200954014,2020,200954014,2,9,0,18,19,7,3,0,0,0,0,0,0,0,1,1,1,1,1,-1,-1,2993,2,3,BMW 3 SERIES,5,E01009234,0,-1
2020522100965,2020,522100965,2,9,0,3,3,2,6,0,0,1,0,0,0,0,2,1,6,6,1,53,8,1995,2,5,BMW 3 SERIES,7,E01014907,0,-1
2020520002424,2020,520002424,1,9,0,18,19,8,4,0,0,0,0,0,0,0,4,1,6,6,1,30,6,1995,2,8,BMW 3 SERIES,-1,-1,0,-1
2020420969214,2020,420969214,2,9,0,18,19,7,3,0,0,0,0,0,0,0,2,1,6,6,1,27,6,1997,1,7,BMW 3 SERIES,5,E01015985,0,-1
202006N277268,2020,06N277268,3,9,0,18,19,3,7,0,0,8,0,0,0,0,0,1,1,1,1,30,6,2993,2,4,BMW 3 SERIES,-1,-1,0,-1
2020450983788,2020,450983788,1,9,0,5,5,1,5,0,0,2,0,0,0,0,2,1,6,6,1,29,6,2000,2,9,BMW 3 SERIES,10,E01030486,0,-1
2020430071773,2020,430071773,2,9,0,17,19,2,7,0,0,1,0,0,1,0,1,1,1,1,3,50,8,1995,2,5,BMW 3 SERIES,10,E01016684,0,-1
20201372B1803,2020,1372B1803,1,9,0,18,19,1,5,0,0,0,0,0,1,7,4,1,6,6,1,39,7,1995,2,3,BMW 3 SERIES,4,E01010669,0,-1
2020070122905,2020,070122905,2,9,0,18,19,1,5,0,0,8,0,0,0,0,1,1,1,1,1,28,6,1995,2,7,BMW 3 SERIES,6,E01018612,0,-1
2020101010729,2020,101010729,1,9,0,4,4,2,2,0,0,0,0,0,0,0,1,1,6,6,1,37,7,1995,1,15,BMW 3 SERIES,1,E01008459,0,-1
2020430997931,2020,430997931,2,9,0,4,4,3,6,0,0,1,0,0,0,0,1,1,6,6,2,45,7,1995,1,14,BMW 3 SERIES,6,E01023848,0,-1
2020501005106,2020,501005106,1,9,0,12,12,7,3,0,0,0,0,0,0,0,3,1,3,7,1,35,6,1896,1,21,BMW 3 SERIES,3,E01015060,0,-1
2020522002011,2020,522002011,1,9,0,18,19,8,4,0,0,5,0,0,0,0,3,1,6,6,1,34,6,1995,2,7,BMW 3 SERIES,3,E01014501,0,-1
2020160997484,2020,160997484,3,9,0,3,3,6,1,0,0,1,0,0,0,0,2,1,6,6,2,37,7,1995,2,5,BMW 3 SERIES,6,E01013169,0,-1
2020470918165,2020,470918165,1,9,0,1,1,3,7,0,0,8,0,0,0,0,2,1,5,6,1,53,8,1995,2,6,BMW 3 SERIES,4,E01021127,0,-1
2020122000855,2020,122000855,1,9,0,18,19,5,1,0,0,0,0,0,0,0,4,1,6,6,3,-1,-1,1995,2,3,BMW 3 SERIES,-1,-1,0,-1
2020470957759,2020,470957759,1,9,0,12,12,1,5,0,0,3,0,0,0,0,1,1,6,6,1,25,5,2926,2,17,BMW 3 SERIES,7,E01017050,0,-1
202006P270285,2020,06P270285,2,9,0,18,19,2,6,0,0,0,0,0,0,0,0,1,1,1,1,30,6,2993,2,4,BMW 3 SERIES,-1,-1,0,-1
2020010282957,2020,010282957,1,9,0,3,3,7,3,0,0,1,0,2,0,0,1,1,6,6,2,31,6,1995,2,5,BMW 3 SERIES,4,E01013696,0,-1
2020010261386,2020,010261386,1,9,0,18,19,5,1,0,0,1,0,0,0,0,1,1,6,6,1,32,6,1995,2,15,BMW 3 SERIES,3,E01032581,0,-1
2020501013466,2020,501013466,1,9,0,18,19,8,4,0,0,8,0,0,0,0,3,1,6,6,1,54,8,1995,2,8,BMW 3 SERIES,4,E01019064,0,-1
202006A376935,2020,06A376935,1,9,0,10,10,3,1,0,0,8,0,0,0,0,1,1,6,6,1,39,7,2993,2,11,BMW 3 SERIES,7,E01006252,0,-1
2020990966566,2020,990966566,1,9,0,16,19,1,4,0,0,0,0,0,0,0,1,1,2,2,1,69,10,2979,1,16,BMW 3 SERIES,-1,-1,0,-1
2020070565547,2020,070565547,1,9,0,18,19,3,7,0,0,1,0,4,0,0,1,1,6,6,1,50,8,1995,2,7,BMW 3 SERIES,4,E01012504,0,-1
2020010280325,2020,010280325,2,9,0,16,19,3,7,0,0,3,0,0,0,0,2,1,6,6,1,-1,-1,1995,2,5,BMW 3 SERIES,1,E01002280,0,-1
2020460994457,2020,460994457,1,9,0,17,19,8,3,0,0,2,0,0,3,0,1,1,6,6,1,70,10,1995,1,16,BMW 3 SERIES,10,E01000448,0,-1
2020450936627,2020,450936627,1,9,0,2,2,7,3,0,0,1,0,0,0,0,3,1,5,6,2,41,7,1995,2,6,BMW 3 SERIES,4,E01030709,0,-1
202054C780720,2020,54C780720,1,9,0,18,19,6,2,0,0,8,0,0,0,0,1,1,6,6,1,34,6,1998,1,2,BMW 3 SERIES,3,E01015543,0,-1
2020010230008,2020,010230008,1,9,0,14,14,1,5,2,2,2,0,0,0,0,3,1,6,6,1,28,6,1995,2,9,BMW 3 SERIES,3,E01003563,0,-1
2020010285588,2020,010285588,2,9,0,18,19,5,1,0,0,1,0,0,0,0,1,1,6,6,1,36,7,2494,1,15,BMW 3 SERIES,9,E01002471,0,-1
2020010286123,2020,010286123,2,9,0,18,19,7,3,0,0,0,0,0,0,0,2,1,6,6,2,36,7,1995,2,3,BMW 3 SERIES,-1,-1,0,-1
2020430296980,2020,430296980,1,9,0,4,4,8,4,0,0,0,0,0,0,0,1,1,6,6,1,51,8,2171,1,18,BMW 3 SERIES,-1,-1,0,-1
2020140992738,2020,140992738,2,9,0,18,19,5,1,0,0,0,0,0,0,0,1,1,1,1,1,-1,-1,2993,2,0,BMW 3 SERIES,1,E01007902,0,-1
2020500981864,2020,500981864,2,9,0,18,19,3,7,0,0,8,1,0,0,0,1,1,5,6,1,27,6,1995,2,7,BMW 3 SERIES,8,E01020054,0,-1
2020200952130,2020,200952130,2,9,0,10,10,2,8,0,0,1,0,0,0,0,2,1,6,6,1,25,5,1995,2,15,BMW 3 SERIES,2,E01009991,0,-1
2020471010060,2020,471010060,1,9,0,18,19,4,8,0,0,1,0,0,1,4,3,1,6,6,1,21,5,1995,2,10,BMW 3 SERIES,6,E01031669,0,-1
2020010248076,2020,010248076,1,9,0,2,2,0,0,0,0,1,0,0,0,0,2,1,6,6,3,-1,-1,1995,2,1,BMW 3 SERIES,-1,-1,0,-1
2020010263012,2020,010263012,1,9,0,7,7,1,4,0,0,5,0,0,0,0,4,1,6,6,1,31,6,1995,2,7,BMW 3 SERIES,4,E01002643,0,-1
20201372P1424,2020,1372P1424,1,9,0,9,9,2,6,0,0,5,0,0,0,0,1,1,6,6,1,42,7,1995,1,11,BMW 3 SERIES,1,E01011364,0,-1
2020480949378,2020,480949378,1,9,0,18,19,1,5,0,0,0,0,0,0,0,1,1,6,6,1,30,6,1995,1,14,BMW 3 SERIES,-1,-1,0,-1
2020460984130,2020,460984130,3,9,0,18,19,2,6,0,0,0,0,0,0,0,4,1,5,6,1,41,7,2993,2,1,BMW 3 SERIES,7,E01024388,0,-1
2020052000070,2020,052000070,1,9,0,18,19,3,7,0,0,0,0,0,0,0,1,1,1,1,1,43,7,2993,2,3,BMW 3 SERIES,-1,-1,0,-1
2020411011138,2020,411011138,6,9,0,18,19,8,4,0,0,0,0,0,0,0,2,1,2,2,1,32,6,2000,2,10,BMW 3 SERIES,5,E01023904,0,-1
2020140933292,2020,140933292,1,9,0,15,15,2,7,0,0,8,2,0,0,0,1,1,2,2,1,37,7,1995,1,12,BMW 3 SERIES,9,E01013243,0,-1
2020500964938,2020,500964938,2,9,0,2,2,0,0,0,0,0,0,0,0,0,4,1,6,6,1,57,9,2000,2,9,BMW 3 SERIES,6,E01020188,0,-1
2020500942355,2020,500942355,1,9,0,2,2,0,0,0,0,0,0,0,0,0,4,1,3,7,2,35,6,1995,2,1,BMW 3 SERIES,7,E01015138,0,-1
2020430446170,2020,430446170,1,9,0,18,19,5,1,0,0,1,0,4,0,0,1,1,6,6,1,39,7,2979,1,18,BMW 3 SERIES,7,E01016582,0,-1
2020160988868,2020,160988868,5,9,0,10,10,3,1,0,0,8,0,0,0,0,4,1,5,6,1,22,5,2979,1,13,BMW 3 SERIES,10,E01033495,0,-1
202006L271961,2020,06L271961,2,9,0,2,2,0,0,9,9,0,0,0,0,0,3,1,6,6,1,64,9,1995,1,14,BMW 3 SERIES,3,E01006340,0,-1
2020010239216,2020,010239216,1,9,0,99,99,9,9,99,99,1,9,99,9,99,2,9,6,6,2,48,8,1995,2,16,BMW 3 SERIES,2,E01003506,0,-1
2020160966575,2020,160966575,1,9,0,18,19,7,3,0,0,4,0,0,0,0,1,1,5,6,1,32,6,1995,2,12,BMW 3 SERIES,1,E01033109,0,-1
2020450931543,2020,450931543,1,9,0,18,19,3,6,0,0,0,1,11,0,0,1,1,5,6,1,37,7,1995,2,15,BMW 3 SERIES,5,E01030974,0,-1
2020410970657,2020,410970657,1,9,0,17,19,2,6,0,0,1,0,0,0,0,1,1,6,6,1,35,6,1995,2,6,BMW 3 SERIES,10,E01023826,0,-1
2020440430234,2020,440430234,2,9,0,2,2,0,0,-1,-1,2,0,0,0,0,2,1,6,6,1,-1,-1,1995,2,15,BMW 3 SERIES,-1,-1,0,-1
2020420988733,2020,420988733,1,9,0,9,9,3,2,0,0,8,0,0,1,0,4,1,6,6,1,43,7,2000,2,10,BMW 3 SERIES,4,E01015952,0,-1
2020400928017,2020,400928017,1,9,0,18,19,8,4,0,0,0,1,4,0,0,1,1,6,6,3,-1,-1,2993,2,8,BMW 3 SERIES,-1,-1,0,-1
2020040977241,2020,040977241,1,9,0,18,19,5,3,0,0,1,0,0,0,0,0,1,6,6,1,27,6,1995,1,12,BMW 3 SERIES,1,E01012687,0,-1
2020010241096,2020,010241096,2,9,0,9,9,6,4,0,0,8,9,0,0,99,1,9,6,6,1,24,5,1995,2,16,BMW 3 SERIES,8,E01023197,0,-1
2020552001140,2020,552001140,2,9,0,18,19,2,6,0,0,8,0,0,0,0,1,1,6,6,1,29,6,1995,2,13,BMW 3 SERIES,8,E01020455,0,-1
2020140976691,2020,140976691,1,9,0,18,19,3,7,0,0,0,1,0,8,11,2,1,5,6,1,28,6,2497,1,13,BMW 3 SERIES,1,E01007549,0,-1
2020440357603,2020,440357603,1,9,0,18,19,5,1,0,0,2,0,0,1,4,1,1,6,6,1,26,6,2993,2,3,BMW 3 SERIES,1,E01017037,0,-1
2020220994363,2020,220994363,1,9,0,16,19,5,8,0,0,0,1,0,7,4,1,1,6,6,1,32,6,2993,2,11,BMW 3 SERIES,7,E01032206,0,-1
2020010234074,2020,010234074,2,9,0,99,99,9,9,99,99,9,9,99,9,99,9,9,6,6,1,46,8,2993,2,13,BMW 3 SERIES,7,E01000169,0,-1
2020200947697,2020,200947697,3,9,0,18,19,7,3,0,0,0,0,0,0,0,0,1,1,1,1,-1,-1,2993,2,2,BMW 3 SERIES,-1,-1,0,-1
2020030969713,2020,030969713,2,9,0,18,19,7,3,0,0,1,0,0,0,0,1,1,5,6,1,42,7,2993,2,3,BMW 3 SERIES,6,E01019088,0,-1
2020302001419,2020,302001419,4,9,0,18,19,1,5,0,0,0,0,0,0,0,1,1,6,6,1,32,6,1995,2,9,BMW 3 SERIES,1,E01026374,0,-1
2020552000480,2020,552000480,1,9,0,18,19,2,5,0,0,4,0,0,0,0,1,1,6,6,1,45,7,1995,2,7,BMW 3 SERIES,7,E01015387,0,-1
2020360969834,2020,360969834,1,9,0,4,4,2,6,0,0,0,0,0,0,0,1,1,1,1,1,62,9,1995,2,10,BMW 3 SERIES,8,E01026561,0,-1
2020010234034,2020,010234034,1,9,0,99,99,9,9,99,99,9,9,99,9,99,2,9,2,2,2,42,7,1995,1,9,BMW 3 SERIES,2,E01023338,0,-1
2020470923388,2020,470923388,2,9,0,18,19,2,6,0,0,1,0,0,0,0,1,1,6,6,1,22,5,1995,1,10,BMW 3 SERIES,10,E01020402,0,-1
2020450934351,2020,450934351,1,9,0,18,19,3,7,0,0,0,0,0,0,0,4,1,2,2,1,49,8,2993,2,7,BMW 3 SERIES,10,E01030403,0,-1
2020070026604,2020,070026604,1,9,0,4,4,8,4,0,0,0,0,0,0,0,1,1,6,6,1,30,6,2993,2,9,BMW 3 SERIES,3,E01007137,0,-1
2020010237344,2020,010237344,2,9,0,5,5,1,5,0,0,1,0,0,0,0,1,1,6,6,1,62,9,1796,1,16,BMW 3 SERIES,8,E01003814,0,-1
2020500999657,2020,500999657,1,9,0,18,19,1,5,0,0,0,0,0,0,0,1,1,5,6,2,59,9,1796,1,16,BMW 3 SERIES,7,E01030865,0,-1
2020010264370,2020,010264370,1,9,0,9,9,1,7,0,0,7,0,0,0,0,1,1,6,6,1,50,8,2497,1,13,BMW 3 SERIES,8,E01023298,0,-1
202006L276575,2020,06L276575,2,9,0,4,4,2,6,0,0,0,0,0,0,0,3,1,1,1,1,30,6,2993,2,2,BMW 3 SERIES,-1,-1,0,-1
2020200985589,2020,200985589,1,9,0,9,9,1,7,0,0,5,0,0,0,0,4,1,6,6,1,55,8,1796,1,16,BMW 3 SERIES,1,E01009056,0,-1
2020360964482,2020,360964482,1,9,0,18,19,-1,-1,0,0,0,0,0,1,1,1,1,5,6,1,40,7,1995,2,10,BMW 3 SERIES,5,E01026760,0,-1
2020340N06902,2020,340N06902,4,9,0,2,2,0,0,0,0,0,0,0,0,0,2,1,6,6,1,29,6,1995,2,3,BMW 3 SERIES,2,E01027214,0,-1
2020220938454,2020,220938454,6,9,0,2,2,0,0,0,0,2,0,0,0,0,2,1,5,6,1,27,6,1995,2,15,BMW 3 SERIES,6,E01014095,0,-1
2020040931550,2020,040931550,2,9,0,18,19,6,2,0,0,0,1,0,0,0,1,1,5,6,1,30,6,1998,1,1,BMW 3 SERIES,2,E01025245,0,-1
2020010242265,2020,010242265,1,9,0,18,19,7,3,0,0,0,0,10,7,2,1,1,6,6,1,32,6,1995,1,15,BMW 3 SERIES,8,E01003399,0,-1
2020990996899,2020,990996899,1,9,0,16,19,7,3,0,0,0,2,0,1,0,1,1,5,6,1,22,5,1995,2,13,BMW 3 SERIES,6,-1,0,-1
2020302000131,2020,302000131,1,9,0,18,19,6,2,0,0,0,0,0,0,0,3,1,1,1,1,32,6,1995,2,1,BMW 3 SERIES,8,E01011884,0,-1
2020302000597,2020,302000597,1,9,0,4,4,1,5,0,0,0,0,0,2,7,2,1,6,6,1,24,5,2993,2,7,BMW 3 SERIES,7,E01011511,0,-1
2020160950318,2020,160950318,2,9,0,2,2,0,0,6,6,0,0,0,0,0,1,1,5,6,3,33,6,2996,1,12,BMW 3 SERIES,-1,-1,0,-1
2020170L20110,2020,170L20110,2,9,0,10,10,6,4,0,0,1,0,0,0,0,2,1,1,1,1,30,6,2000,2,9,BMW 3 SERIES,2,E01008812,0,-1