collision_index,collision_year,collision_ref_no,vehicle_reference,vehicle_type,towing_and_articulation,vehicle_manoeuvre_historic,vehicle_manoeuvre,vehicle_direction_from,vehicle_direction_to,vehicle_location_restricted_lane_historic,vehicle_location_restricted_lane,junction_location,skidding_and_overturning,hit_object_in_carriageway,vehicle_leaving_carriageway,hit_object_off_carriageway,first_point_of_impact,vehicle_left_hand_drive,journey_purpose_of_driver_historic,journey_purpose_of_driver,sex_of_driver,age_of_driver,age_band_of_driver,engine_capacity_cc,propulsion_code,age_of_vehicle,generic_make_model,driver_imd_decile,lsoa_of_driver,escooter_flag,driver_distance_banding
2020010267711,2020,010267711,1,9,0,99,99,9,9,99,99,9,9,99,9,99,1,9,6,6,1,37,7,1995,2,5,BMW 3 SERIES,7,E01027186,0,-1
2020370985024,2020,370985024,1,9,0,1,1,-1,-1,0,0,0,0,0,0,0,1,1,1,1,1,33,6,2996,1,12,BMW 3 SERIES,5,E01030016,0,-1
2020450990765,2020,450990765,2,9,0,4,4,3,7,0,0,0,0,0,0,0,1,1,6,6,1,35,6,2993,2,13,BMW 3 SERIES,10,E01030463,0,-1
2020201020604,2020,201020604,3,9,0,18,19,7,3,0,0,1,0,0,0,0,0,1,1,1,1,-1,-1,2993,2,4,BMW 3 SERIES,5,E01009234,0,-1
2020220951138,2020,220951138,2,9,0,18,19,4,8,0,0,1,1,0,0,0,1,1,5,6,1,20,4,1995,2,9,BMW 3 SERIES,5,E01010548,0,-1
2020990988884,2020,990988884,1,9,0,18,19,4,8,0,0,1,0,0,0,0,1,1,6,6,1,22,5,1995,2,12,BMW 3 SERIES,1,-1,0,-1
2020010234722,2020,010234722,2,9,0,99,99,9,9,99,99,9,9,99,9,99,9,9,6,6,3,30,6,1995,2,9,BMW 3 SERIES,-1,-1,0,-1
2020221006477,2020,221006477,1,9,0,18,19,7,3,0,0,0,2,0,2,0,4,1,1,1,2,27,6,1995,2,6,BMW 3 SERIES,3,E01009947,0,-1
2020420990022,2020,420990022,1,9,0,5,5,7,5,0,0,0,0,0,0,0,1,1,6,6,1,74,10,1995,2,6,BMW 3 SERIES,7,E01021264,0,-1
202006E474661,2020,06E474661,1,9,0,18,19,4,8,0,0,0,0,0,0,0,1,1,6,6,3,-1,-1,2993,2,4,BMW 3 SERIES,-1,-1,0,-1
2020231006066,2020,231006066,3,9,0,8,8,5,7,0,0,1,0,0,0,0,3,1,1,1,1,36,7,1998,8,1,BMW 3 SERIES,9,E01031125,0,-1
2020400942918,2020,400942918,2,9,0,9,9,5,3,0,0,0,0,0,0,0,3,1,6,6,1,27,6,1995,2,12,BMW 3 SERIES,6,E01017385,0,-1
2020500947490,2020,500947490,1,9,0,17,19,1,5,0,0,0,2,0,0,0,1,1,6,6,1,26,6,1995,1,17,BMW 3 SERIES,4,E01018874,0,-1
2020460936012,2020,460936012,4,9,0,4,4,7,3,0,0,0,0,0,0,0,2,1,2,2,1,27,6,1995,2,7,BMW 3 SERIES,9,E01024112,0,-1
2020410986587,2020,410986587,2,9,0,3,3,7,3,0,0,0,0,0,0,0,2,1,2,2,1,26,6,2000,2,8,BMW 3 SERIES,7,E01023434,0,-1
2020622000461,2020,622000461,3,9,0,18,19,7,3,0,0,0,0,0,0,0,1,1,6,6,2,52,8,2000,2,8,BMW 3 SERIES,5,W01000794,0,-1
2020552000459,2020,552000459,1,9,0,18,19,8,4,0,0,0,0,0,0,0,1,1,6,6,1,24,5,2793,1,21,BMW 3 SERIES,6,E01020456,0,-1
2020160965961,2020,160965961,2,9,0,18,19,5,1,0,0,0,0,0,0,0,3,1,6,6,1,75,10,2993,2,2,BMW 3 SERIES,4,E01013106,0,-1
20201371R0232,2020,1371R0232,4,9,0,4,4,5,1,0,0,0,0,0,0,0,2,1,6,6,1,24,5,2979,1,14,BMW 3 SERIES,3,E01007702,0,-1
2020160943910,2020,160943910,2,9,0,3,3,5,1,0,0,0,0,0,0,0,2,1,6,6,1,-1,-1,1995,2,11,BMW 3 SERIES,-1,-1,0,-1
2020010231056,2020,010231056,2,9,0,99,99,9,9,99,99,4,9,99,9,99,1,9,6,6,3,78,11,1995,1,13,BMW 3 SERIES,4,E01000792,0,-1
2020140992628,2020,140992628,1,9,0,18,19,3,7,0,0,8,0,0,0,0,1,1,2,2,1,27,6,1995,2,14,BMW 3 SERIES,6,E01007526,0,-1
2020010242257,2020,010242257,1,9,0,18,19,1,5,0,0,0,9,0,0,99,3,9,6,6,1,33,6,1995,1,12,BMW 3 SERIES,6,E01001387,0,-1
202006G269765,2020,06G269765,2,9,0,18,19,8,4,0,0,8,0,0,0,0,1,1,1,1,1,42,7,2993,2,3,BMW 3 SERIES,1,E01005108,0,-1
2020052001251,2020,052001251,4,9,0,18,19,3,7,0,0,0,0,0,0,0,4,1,1,1,1,-1,-1,2993,2,1,BMW 3 SERIES,-1,-1,0,-1
2020010246279,2020,010246279,1,9,0,18,19,4,8,0,0,1,0,0,0,0,1,1,2,2,1,22,5,2998,1,3,BMW 3 SERIES,5,E01004354,0,-1
202006M177411,2020,06M177411,2,9,0,3,3,8,4,0,0,1,0,0,0,0,1,1,6,6,2,38,7,1895,1,21,BMW 3 SERIES,2,E01006112,0,-1
2020520100891,2020,520100891,2,9,0,10,10,2,8,0,0,1,0,0,0,0,2,1,6,6,2,43,7,1995,2,7,BMW 3 SERIES,7,E01029269,0,-1
2020200996595,2020,200996595,1,9,0,13,13,5,1,0,0,8,0,0,0,0,2,1,6,6,3,-1,-1,1995,12,0,BMW 3 SERIES,-1,-1,0,-1
2020470958288,2020,470958288,1,9,0,9,9,3,1,0,0,5,0,0,0,0,1,1,1,1,1,22,5,1995,2,14,BMW 3 SERIES,8,E01016888,0,-1
2020470962804,2020,470962804,1,9,0,18,19,3,7,0,0,0,0,0,0,0,4,1,2,2,1,41,7,2996,1,12,BMW 3 SERIES,9,E01031816,0,-1
2020470957022,2020,470957022,1,9,0,17,19,1,5,0,0,0,1,0,0,0,1,1,1,1,1,28,6,2494,1,19,BMW 3 SERIES,8,E01030602,0,-1
2020610051120,2020,610051120,2,9,0,2,2,0,0,0,0,0,0,0,0,0,3,1,6,6,3,-1,-1,2993,2,15,BMW 3 SERIES,-1,-1,0,-1
2020500948662,2020,500948662,2,9,0,13,13,5,1,0,0,0,0,0,0,0,4,1,6,6,1,29,6,1995,1,17,BMW 3 SERIES,4,E01018844,0,-1
2020302001045,2020,302001045,2,9,0,18,19,7,3,0,0,0,0,0,0,0,3,1,6,6,2,34,6,1995,2,7,BMW 3 SERIES,2,E01027976,0,-1
2020500964586,2020,500964586,2,9,0,2,2,0,0,0,0,0,1,0,0,0,3,1,6,6,1,43,7,1995,2,10,BMW 3 SERIES,4,E01020284,0,-1
2020430050453,2020,430050453,2,9,0,3,3,1,5,0,0,0,0,0,0,0,2,1,2,2,1,51,8,1995,2,7,BMW 3 SERIES,7,E01012152,0,-1
2020040982977,2020,040982977,2,9,0,18,19,3,7,0,0,0,0,0,0,0,4,1,1,1,1,32,6,1995,1,10,BMW 3 SERIES,8,E01025012,0,-1
2020137AM1860,2020,137AM1860,1,9,0,18,19,5,1,0,0,1,0,0,0,1,1,1,1,1,2,39,7,2993,2,1,BMW 3 SERIES,6,E01011885,0,-1
2020200951765,2020,200951765,2,9,0,4,4,5,1,0,0,0,0,0,0,0,1,1,1,1,1,32,6,2993,2,2,BMW 3 SERIES,-1,-1,0,-1
202006G165973,2020,06G165973,2,9,0,18,19,6,2,0,0,8,0,0,0,0,1,1,1,1,1,33,6,1995,2,15,BMW 3 SERIES,8,E01005401,0,-1
2020350965524,2020,350965524,2,9,0,18,19,8,4,0,0,0,0,4,0,0,1,1,5,6,1,59,9,1995,2,9,BMW 3 SERIES,4,E01018709,0,-1
202006F168530,2020,06F168530,2,9,0,3,3,7,3,0,0,1,0,0,0,0,2,1,6,6,1,59,9,1995,1,10,BMW 3 SERIES,6,E01005623,0,-1
2020010255921,2020,010255921,1,9,0,5,5,3,7,0,0,8,0,0,0,0,3,1,6,6,1,46,8,1995,1,13,BMW 3 SERIES,-1,-1,0,-1
2020010297159,2020,010297159,2,9,0,99,99,9,9,99,99,8,9,99,9,99,9,9,6,6,3,30,6,2993,2,5,BMW 3 SERIES,-1,-1,0,-1
202006L268550,2020,06L268550,3,9,0,18,19,3,7,0,0,8,0,0,0,0,0,1,1,1,1,42,7,2993,2,4,BMW 3 SERIES,-1,-1,0,-1
2020450971942,2020,450971942,2,9,0,18,19,1,5,0,0,0,0,0,1,11,3,1,5,6,2,60,9,1998,8,4,BMW 3 SERIES,10,E01030831,0,-1
2020460921729,2020,460921729,2,9,0,5,5,3,1,0,0,1,0,0,0,0,4,1,5,6,1,35,6,2000,2,11,BMW 3 SERIES,6,E01024314,0,-1
2020200963546,2020,200963546,2,9,0,18,19,4,8,0,0,1,0,0,0,0,1,1,5,6,2,21,5,2171,1,19,BMW 3 SERIES,2,E01010284,0,-1
20201371V0975,2020,1371V0975,1,9,0,18,19,8,4,0,0,0,0,0,0,0,1,1,6,6,1,27,6,1995,2,2,BMW 3 SERIES,1,E01011764,0,-1
2020010252392,2020,010252392,2,9,0,12,12,3,7,0,0,1,0,0,0,0,2,1,6,6,1,26,6,1995,2,15,BMW 3 SERIES,-1,-1,0,-1
2020522003625,2020,522003625,1,9,0,18,19,1,5,0,0,8,0,0,0,0,4,1,6,6,1,27,6,1995,2,13,BMW 3 SERIES,8,E01014982,0,-1
2020200957556,2020,200957556,1,9,0,18,19,8,4,0,0,0,0,0,0,0,1,1,6,6,1,35,6,1995,2,8,BMW 3 SERIES,1,E01010464,0,-1
2020460963208,2020,460963208,1,9,0,13,13,3,7,0,0,0,0,0,0,0,4,1,5,6,1,30,6,1998,1,0,BMW 3 SERIES,4,E01016129,0,-1
2020990988764,2020,990988764,1,9,0,18,19,2,6,0,0,0,0,4,0,0,1,1,6,6,1,51,8,2494,1,14,BMW 3 SERIES,7,-1,0,-1
2020010234940,2020,010234940,2,9,0,99,99,9,9,99,99,9,9,99,9,99,1,9,6,6,3,-1,-1,2996,1,10,BMW 3 SERIES,5,E01000265,0,-1
2020370993762,2020,370993762,1,9,0,18,19,2,5,0,0,0,0,0,0,0,1,1,5,6,1,49,8,2993,2,10,BMW 3 SERIES,7,E01029947,0,-1
2020400932638,2020,400932638,1,9,0,18,19,6,2,0,0,0,0,0,0,0,1,1,5,6,2,90,11,1995,2,17,BMW 3 SERIES,9,E01033194,0,-1
2020140977569,2020,140977569,1,9,0,18,19,7,3,0,0,0,0,0,0,0,4,1,5,6,1,39,7,1995,2,13,BMW 3 SERIES,1,E01008123,0,-1
2020040965110,2020,040965110,2,9,0,18,19,5,1,0,0,1,0,0,0,0,3,1,6,6,1,52,8,1995,2,6,BMW 3 SERIES,10,E01025440,0,-1
2020210962924,2020,210962924,3,9,0,4,4,8,4,0,0,0,0,0,0,0,4,1,1,1,1,-1,-1,2993,2,3,BMW 3 SERIES,-1,-1,0,-1
2020410936788,2020,410936788,1,9,0,18,19,1,5,0,0,0,0,0,0,0,1,1,6,6,2,34,6,1995,2,10,BMW 3 SERIES,3,E01001360,0,-1
2020440479236,2020,440479236,1,9,0,18,19,1,5,0,0,4,0,0,0,0,3,1,6,6,2,60,9,1995,2,15,BMW 3 SERIES,1,E01017103,0,-1
2020440079512,2020,440079512,2,9,0,2,2,0,0,0,0,2,0,0,0,0,2,1,6,6,3,-1,-1,1995,2,13,BMW 3 SERIES,-1,-1,0,-1
2020990938881,2020,990938881,1,9,0,9,9,2,7,0,0,0,0,0,0,0,1,1,1,1,1,42,7,1997,1,5,BMW 3 SERIES,9,-1,0,-1
2020010284029,2020,010284029,2,9,0,99,99,9,9,99,99,9,9,99,9,99,1,9,6,6,1,48,8,2497,1,14,BMW 3 SERIES,10,E01000794,0,-1
2020010233733,2020,010233733,2,9,0,99,99,9,9,99,99,9,9,99,9,99,1,9,6,6,3,-1,-1,1995,2,15,BMW 3 SERIES,-1,-1,0,-1
2020010269701,2020,010269701,1,9,9,4,4,3,7,99,99,0,9,99,9,99,9,1,6,6,1,41,7,1995,2,17,BMW 3 SERIES,3,E01000109,0,-1
2020200979525,2020,200979525,1,9,0,4,4,6,2,0,0,1,0,0,0,0,1,1,6,6,1,59,9,2494,1,20,BMW 3 SERIES,1,E01010511,0,-1
20201372G0996,2020,1372G0996,2,9,0,18,19,4,8,0,0,1,1,0,0,0,1,1,1,1,1,44,7,2993,2,2,BMW 3 SERIES,6,E01011885,0,-1
2020520100927,2020,520100927,1,9,0,18,19,4,8,0,0,4,0,0,0,0,1,1,6,6,1,27,6,2979,1,12,BMW 3 SERIES,5,E01020489,0,-1
2020231008920,2020,231008920,1,9,0,18,19,3,7,0,0,0,0,0,5,6,3,1,2,2,1,34,6,1995,1,12,BMW 3 SERIES,9,E01031082,0,-1
2020990938438,2020,990938438,1,9,0,18,19,3,7,0,0,1,0,0,0,0,1,1,6,6,1,41,7,1995,2,5,BMW 3 SERIES,7,-1,0,-1
202006A176490,2020,06A176490,1,9,0,18,19,8,4,0,0,1,1,0,7,2,1,1,6,6,3,-1,-1,1998,1,1,BMW 3 SERIES,-1,-1,0,-1
2020010237703,2020,010237703,1,9,0,18,19,3,7,0,0,0,0,0,0,0,2,1,6,6,1,26,6,1995,1,15,BMW 3 SERIES,-1,-1,0,-1
2020450937013,2020,450937013,2,9,0,18,19,1,5,0,0,0,0,0,0,0,2,1,1,1,1,58,9,2993,2,2,BMW 3 SERIES,10,E01031690,0,-1
2020420946702,2020,420946702,3,9,0,2,2,0,0,6,6,0,0,0,0,0,2,1,1,1,1,51,8,2993,2,5,BMW 3 SERIES,8,E01021544,0,-1
2020400997624,2020,400997624,1,9,0,5,5,5,1,0,0,0,0,0,0,0,1,1,6,6,1,21,5,1998,1,1,BMW 3 SERIES,4,E01015750,0,-1
2020200943500,2020,200943500,1,9,0,14,14,5,1,0,0,0,0,0,0,0,1,1,6,6,1,26,6,1995,2,12,BMW 3 SERIES,6,E01008965,0,-1
202031D077820,2020,31D077820,2,9,0,18,19,4,8,0,0,8,0,0,0,0,1,1,6,6,2,24,5,1998,1,1,BMW 3 SERIES,10,E01025772,0,-1
2020200994176,2020,200994176,3,9,0,18,19,7,3,0,0,1,0,0,0,0,0,1,1,1,1,-1,-1,2993,2,3,BMW 3 SERIES,5,E01009234,0,-1
2020010244429,2020,010244429,1,9,0,7,7,1,3,0,0,8,1,0,0,0,2,1,6,6,1,50,8,1995,1,12,BMW 3 SERIES,2,E01003151,0,-1
2020410998580,2020,410998580,2,9,0,18,19,2,5,0,0,1,0,0,0,0,1,1,6,6,1,20,4,2494,1,22,BMW 3 SERIES,4,E01023401,0,-1
2020010232301,2020,010232301,2,9,0,18,19,1,5,0,0,0,0,0,0,0,1,1,6,6,1,30,6,1997,1,8,BMW 3 SERIES,4,E01000588,0,-1
2020440375460,2020,440375460,1,9,0,18,19,6,2,0,0,2,0,0,0,0,1,1,6,6,1,41,7,1995,1,15,BMW 3 SERIES,4,E01033420,0,-1
2020200959604,2020,200959604,1,9,0,18,19,6,2,0,0,0,0,0,0,0,1,1,6,6,2,27,6,1995,2,8,BMW 3 SERIES,-1,-1,0,-1
2020210926321,2020,210926321,1,9,0,18,19,2,6,0,0,0,0,0,0,0,1,1,6,6,1,25,5,1995,2,1,BMW 3 SERIES,-1,-1,0,-1
2020010267077,2020,010267077,1,9,0,3,3,3,7,0,0,1,0,0,0,0,1,1,6,6,1,26,6,1995,2,8,BMW 3 SERIES,4,E01000331,0,-1
2020010268387,2020,010268387,1,9,0,99,99,9,9,99,99,0,9,99,9,99,2,9,6,6,1,22,5,2996,1,13,BMW 3 SERIES,6,E01001570,0,-1
202063D041720,2020,63D041720,3,9,0,18,19,6,2,0,0,0,0,0,0,0,1,1,1,1,1,43,7,2993,2,3,BMW 3 SERIES,3,W01000479,0,-1
2020010250351,2020,010250351,1,9,0,2,2,0,0,0,0,0,0,0,0,0,1,1,6,6,3,-1,-1,1998,1,1,BMW 3 SERIES,-1,-1,0,-1
2020450934600,2020,450934600,1,9,0,7,7,7,3,0,0,1,0,0,0,0,1,1,5,6,2,34,6,1995,2,6,BMW 3 SERIES,10,E01030340,0,-1
2020450980350,2020,450980350,2,9,0,17,19,4,2,0,0,1,0,0,0,0,3,1,5,6,1,49,8,1995,2,3,BMW 3 SERIES,10,E01031681,0,-1
2020470965960,2020,470965960,1,9,0,16,19,7,2,0,0,0,0,0,0,0,1,1,6,6,3,-1,-1,1995,2,9,BMW 3 SERIES,-1,-1,0,-1
2020370953495,2020,370953495,3,9,0,2,2,0,0,0,0,0,0,0,0,0,3,1,5,6,2,38,7,2996,1,13,BMW 3 SERIES,8,E01030173,0,-1
2020320183349,2020,320183349,1,9,0,18,19,7,3,0,0,1,0,0,0,0,1,1,2,2,1,33,6,2993,2,15,BMW 3 SERIES,7,E01026228,0,-1
2020420921135,2020,420921135,1,9,0,9,9,1,5,0,0,6,0,0,0,0,1,1,6,6,1,72,10,2998,1,2,BMW 3 SERIES,5,E01021874,0,-1
2020522101157,2020,522101157,1,9,0,18,19,7,3,0,0,2,0,0,7,10,1,1,6,6,1,22,5,1995,2,0,BMW 3 SERIES,1,E01033366,0,-1
2020010270430,2020,010270430,1,9,0,99,99,9,9,99,99,9,9,99,9,99,9,9,6,6,3,20,4,1995,1,13,BMW 3 SERIES,8,E01030662,0,-1
2020200981335,2020,200981335,1,9,0,18,19,8,4,0,0,3,1,10,6,1,3,1,6,6,1,23,5,2494,1,19,BMW 3 SERIES,1,E01009733,0,-1
2020030984051,2020,030984051,1,9,0,13,13,5,3,0,0,0,0,0,7,0,3,1,1,1,1,28,6,1995,2,6,BMW 3 SERIES,6,E01025607,0,-1
2020010247821,2020,010247821,1,9,0,99,99,9,9,99,99,0,9,99,9,99,1,1,6,6,1,32,6,1995,2,0,BMW 3 SERIES,1,E01004206,0,-1
2020450999082,2020,450999082,3,9,0,18,19,3,7,0,0,1,0,0,0,0,0,1,1,1,1,35,6,2993,2,7,BMW 3 SERIES,6,E01030737,0,-1
2020200959604,2020,200959604,2,9,0,18,19,2,6,0,0,0,0,0,0,0,4,1,1,1,1,-1,-1,2993,2,3,BMW 3 SERIES,-1,-1,0,-1
2020200993629,2020,200993629,1,9,0,18,19,4,8,0,0,0,0,0,0,0,4,1,6,6,2,52,8,1998,8,2,BMW 3 SERIES,5,E01009863,0,-1
2020470980786,2020,470980786,2,9,0,18,19,5,1,0,0,8,1,0,0,0,4,1,1,1,1,29,6,1995,2,8,BMW 3 SERIES,1,E01016964,0,-1
2020052000784,2020,052000784,1,9,0,18,19,1,5,0,0,0,0,0,0,0,1,1,6,6,1,33,6,1995,2,1,BMW 3 SERIES,3,E01004909,0,-1
202031B128420,2020,31B128420,1,9,0,18,19,3,7,0,0,0,2,0,1,9,1,1,6,6,1,74,10,1995,2,10,BMW 3 SERIES,9,E01026355,0,-1
2020200936824,2020,200936824,2,9,0,18,19,6,2,0,0,8,0,0,0,0,1,1,6,6,1,37,7,1995,2,1,BMW 3 SERIES,5,E01009948,0,-1
2020990944063,2020,990944063,1,9,0,16,19,8,4,0,0,0,0,0,0,0,3,1,2,2,1,31,6,1995,2,1,BMW 3 SERIES,10,-1,0,-1
2020010231917,2020,010231917,1,9,0,1,1,1,3,0,0,2,0,4,0,0,2,1,6,6,1,24,5,1995,1,13,BMW 3 SERIES,2,E01001980,0,-1
2020010278767,2020,010278767,2,9,0,2,2,0,0,6,6,0,0,4,0,0,2,1,6,6,3,-1,-1,1995,2,3,BMW 3 SERIES,-1,-1,0,-1
2020010276175,2020,010276175,1,9,0,5,5,0,1,0,0,2,0,0,0,0,0,1,2,2,1,46,8,2000,2,9,BMW 3 SERIES,2,E01003509,0,-1
2020010259791,2020,010259791,2,9,0,2,2,0,0,0,0,0,0,0,0,0,1,1,6,6,3,-1,-1,1995,2,8,BMW 3 SERIES,-1,-1,0,-1
2020137C81058,2020,137C81058,4,9,0,18,19,7,3,0,0,0,0,0,0,0,2,1,6,6,1,35,6,1995,2,7,BMW 3 SERIES,5,E01011860,0,-1
2020220948078,2020,220948078,1,9,0,18,19,3,7,0,0,8,0,0,0,0,1,1,5,6,1,36,7,2993,2,12,BMW 3 SERIES,3,E01014104,0,-1
2020470972621,2020,470972621,2,9,0,18,19,7,3,0,0,0,0,0,0,0,3,1,2,2,1,71,10,2996,1,9,BMW 3 SERIES,4,E01031455,0,-1
2020302000246,2020,302000246,1,9,0,18,19,8,4,0,0,3,0,0,0,0,1,1,2,2,1,64,9,2497,1,14,BMW 3 SERIES,2,E01029429,0,-1
2020010262533,2020,010262533,1,9,0,18,19,3,7,9,9,1,0,11,0,0,1,1,6,6,1,30,6,2996,1,13,BMW 3 SERIES,4,E01000112,0,-1
2020400975349,2020,400975349,1,9,0,18,19,1,5,0,0,0,0,0,0,0,1,1,6,6,3,-1,-1,2996,1,13,BMW 3 SERIES,-1,-1,0,-1
2020470928062,2020,470928062,1,9,0,9,9,2,8,0,0,2,0,0,0,0,1,1,2,2,1,40,7,2993,2,5,BMW 3 SERIES,7,E01031349,0,-1
2020010248314,2020,010248314,1,9,0,99,99,9,9,99,99,0,9,99,9,99,1,9,6,6,3,-1,-1,1995,2,8,BMW 3 SERIES,-1,-1,0,-1
2020302000152,2020,302000152,1,9,0,9,9,4,8,0,0,8,0,0,0,0,1,1,6,6,1,-1,-1,1995,2,10,BMW 3 SERIES,-1,-1,0,-1
2020010270679,2020,010270679,1,9,0,99,99,9,9,99,99,9,9,99,9,99,2,9,6,6,1,22,5,1995,1,12,BMW 3 SERIES,1,E01003488,0,-1
2020010250313,2020,010250313,2,9,0,2,2,0,0,0,0,1,0,0,0,0,4,1,6,6,3,-1,-1,1995,2,3,BMW 3 SERIES,-1,-1,0,-1
2020450961116,2020,450961116,1,9,0,9,9,3,1,0,0,0,0,0,0,0,2,1,6,6,1,28,6,1995,2,6,BMW 3 SERIES,2,E01030497,0,-1
2020010229923,2020,010229923,2,9,0,99,99,9,9,99,99,9,9,99,9,99,9,9,6,6,3,-1,-1,2000,1,12,BMW 3 SERIES,-1,-1,0,-1
2020990962464,2020,990962464,1,9,0,13,13,7,3,0,0,0,0,0,0,0,1,1,6,6,3,-1,-1,1995,1,15,BMW 3 SERIES,-1,-1,0,-1
2020522001932,2020,522001932,1,9,0,18,19,5,1,0,0,8,0,7,0,10,1,1,6,6,1,22,5,1998,1,0,BMW 3 SERIES,-1,-1,0,-1
2020010247324,2020,010247324,1,9,0,13,13,2,6,0,0,7,1,0,0,0,4,1,6,6,1,29,6,2993,2,14,BMW 3 SERIES,3,E01003581,0,-1
2020010284777,2020,010284777,1,9,0,3,3,5,1,0,0,2,0,0,0,0,2,9,6,6,1,38,7,1995,1,18,BMW 3 SERIES,5,E01003022,0,-1
2020460967792,2020,460967792,1,9,0,18,19,7,5,0,0,0,0,0,0,0,1,1,6,6,3,-1,-1,1995,2,7,BMW 3 SERIES,-1,-1,0,-1
2020360953346,2020,360953346,2,9,0,18,19,8,6,0,0,8,0,0,0,0,1,1,5,6,1,23,5,1995,2,14,BMW 3 SERIES,6,E01026524,0,-1
2020421011065,2020,421011065,1,9,0,4,4,4,8,0,0,1,0,0,0,0,1,1,6,6,2,39,7,1998,1,4,BMW 3 SERIES,-1,-1,0,-1
2020470968391,2020,470968391,1,9,0,18,19,3,7,0,0,0,0,0,0,0,1,1,1,1,1,33,6,1995,2,2,BMW 3 SERIES,-1,-1,0,-1
2020500940314,2020,500940314,1,9,0,16,19,7,3,0,0,0,1,0,8,6,1,1,5,6,1,25,5,1995,2,12,BMW 3 SERIES,5,E01020148,0,-1
2020230942301,2020,230942301,1,9,0,18,19,8,4,0,0,0,1,0,0,0,1,1,2,2,1,29,6,1995,2,5,BMW 3 SERIES,3,E01031173,0,-1
2020522001718,2020,522001718,2,9,0,3,3,2,6,0,0,2,0,0,0,0,1,1,6,6,1,23,5,1995,2,6,BMW 3 SERIES,3,E01014572,0,-1
2020010271521,2020,010271521,1,9,0,99,99,9,9,99,99,9,9,99,9,99,9,9,6,6,1,21,5,2996,1,13,BMW 3 SERIES,3,E01004342,0,-1
2020010258663,2020,010258663,1,9,0,99,99,9,9,99,99,0,9,99,9,99,9,9,6,6,1,28,6,1998,1,3,BMW 3 SERIES,3,E01003565,0,-1
2020522004722,2020,522004722,1,9,0,10,10,6,4,0,0,1,0,0,0,0,2,1,6,6,1,50,8,1596,1,24,BMW 3 SERIES,5,E01014840,0,-1
2020500981500,2020,500981500,2,9,0,18,19,1,5,0,0,8,0,0,0,0,1,1,5,6,1,23,5,1995,2,13,BMW 3 SERIES,2,E01015158,0,-1
2020137C30308,2020,137C30308,1,9,0,9,9,7,3,0,0,0,0,0,0,0,0,1,3,7,2,37,7,1499,1,3,BMW 3 SERIES,4,E01011157,0,-1
2020010270371,2020,010270371,1,9,0,99,99,9,9,99,99,9,9,99,9,99,2,9,6,6,1,37,7,1995,2,12,BMW 3 SERIES,3,E01002015,0,-1
2020010270130,2020,010270130,1,9,0,9,9,7,5,0,0,6,0,0,0,0,1,1,6,6,1,35,6,2494,1,15,BMW 3 SERIES,2,E01001800,0,-1
2020500967705,2020,500967705,1,9,0,4,4,3,7,0,0,1,0,0,0,0,1,1,6,6,1,52,8,1995,2,18,BMW 3 SERIES,7,E01019955,0,-1
2020351020979,2020,351020979,3,9,0,18,19,3,7,0,0,0,0,0,0,0,2,1,6,6,2,20,4,1995,2,6,BMW 3 SERIES,2,E01015656,0,-1
2020010255847,2020,010255847,1,9,0,8,8,3,5,0,0,1,9,0,0,99,2,9,6,6,2,36,7,1995,2,8,BMW 3 SERIES,5,E01004451,0,-1
2020010264159,2020,010264159,2,9,0,5,5,1,5,0,0,1,0,0,0,0,2,1,6,6,2,34,6,1995,2,8,BMW 3 SERIES,3,E01000984,0,-1
202063A008220,2020,63A008220,2,9,0,18,19,6,2,0,0,1,0,0,0,0,3,1,6,6,1,59,9,1995,2,9,BMW 3 SERIES,8,W01000715,0,-1
2020500966738,2020,500966738,1,9,0,18,19,4,1,0,0,8,0,0,0,0,1,1,5,6,2,62,9,1995,2,3,BMW 3 SERIES,7,E01019045,0,-1
2020010246983,2020,010246983,1,9,0,99,99,9,9,99,99,9,9,99,9,99,2,9,6,6,1,37,7,1995,2,4,BMW 3 SERIES,3,E01003143,0,-1
2020040973706,2020,040973706,1,9,0,18,19,5,1,0,0,0,0,0,0,0,1,1,6,6,2,23,5,1995,1,9,BMW 3 SERIES,4,E01012731,0,-1
2020522004347,2020,522004347,3,9,0,3,3,7,4,0,0,8,0,0,0,0,2,1,6,6,2,62,9,2000,1,12,BMW 3 SERIES,6,E01014532,0,-1
2020410968224,2020,410968224,1,9,0,18,19,6,2,0,0,0,0,0,0,0,2,1,1,1,2,41,7,1998,1,3,BMW 3 SERIES,5,E01023342,0,-1
2020010251425,2020,010251425,3,9,0,18,19,1,5,0,0,2,0,0,0,0,0,1,6,6,2,72,10,2494,1,18,BMW 3 SERIES,5,E01030609,0,-1
2020460974198,2020,460974198,1,9,0,18,19,6,2,0,0,8,1,0,7,0,3,1,5,6,1,35,6,3000,2,11,BMW 3 SERIES,7,E01032822,0,-1
2020430000966,2020,430000966,1,9,0,16,19,2,5,0,0,0,5,0,7,4,1,1,6,6,1,27,6,1766,1,34,BMW 3 SERIES,3,E01001762,0,-1
2020410977515,2020,410977515,1,9,0,18,19,-1,-1,0,0,0,0,0,0,0,2,1,6,6,1,48,8,1995,1,16,BMW 3 SERIES,6,E01023723,0,-1
2020010275124,2020,010275124,1,9,0,4,4,3,7,0,0,1,0,0,0,0,4,1,6,6,1,27,6,2993,2,2,BMW 3 SERIES,10,E01030989,0,-1