collision_index,collision_year,collision_ref_no,vehicle_reference,vehicle_type,towing_and_articulation,vehicle_manoeuvre_historic,vehicle_manoeuvre,vehicle_direction_from,vehicle_direction_to,vehicle_location_restricted_lane_historic,vehicle_location_restricted_lane,junction_location,skidding_and_overturning,hit_object_in_carriageway,vehicle_leaving_carriageway,hit_object_off_carriageway,first_point_of_impact,vehicle_left_hand_drive,journey_purpose_of_driver_historic,journey_purpose_of_driver,sex_of_driver,age_of_driver,age_band_of_driver,engine_capacity_cc,propulsion_code,age_of_vehicle,generic_make_model,driver_imd_decile,lsoa_of_driver,escooter_flag,driver_distance_banding
2020070771828,2020,070771828,1,9,0,15,15,2,6,0,0,4,0,0,0,0,1,1,6,6,1,47,8,1995,2,10,BMW 3 SERIES,7,E01027571,0,-1
2020200922527,2020,200922527,1,9,0,1,1,3,7,0,0,2,0,0,0,0,1,1,6,6,3,30,6,1995,2,4,BMW 3 SERIES,-1,-1,0,-1
2020450930715,2020,450930715,2,9,0,18,19,7,3,0,0,0,0,0,0,0,3,1,5,6,1,52,8,1995,1,10,BMW 3 SERIES,6,E01032480,0,-1
2020450960272,2020,450960272,2,9,0,18,19,8,4,0,0,1,1,0,0,0,1,1,6,6,1,33,6,1995,1,17,BMW 3 SERIES,7,E01003170,0,-1
2020440115006,2020,440115006,3,9,0,18,19,1,5,0,0,0,0,0,0,0,0,1,6,6,1,22,5,2171,1,17,BMW 3 SERIES,6,E01031514,0,-1
2020351001413,2020,351001413,1,9,0,18,19,2,6,0,0,1,0,0,0,0,1,1,5,6,1,54,8,1995,2,3,BMW 3 SERIES,3,E01018087,0,-1
202006G274326,2020,06G274326,2,9,0,18,19,7,3,0,0,1,0,0,0,0,1,1,6,6,1,36,7,1995,2,6,BMW 3 SERIES,2,E01005720,0,-1
202063B048820,2020,63B048820,2,9,0,16,19,8,3,0,0,0,0,0,0,0,3,1,6,6,1,35,6,1995,2,15,BMW 3 SERIES,10,W01001936,0,-1
2020010266591,2020,010266591,1,9,0,17,19,1,5,0,0,1,0,0,0,0,2,1,6,6,1,30,6,1995,2,15,BMW 3 SERIES,1,E01022001,0,-1
2020200994179,2020,200994179,1,9,0,18,19,4,8,0,0,1,0,0,0,0,1,1,6,6,3,-1,-1,1997,1,7,BMW 3 SERIES,-1,-1,0,-1
2020010228912,2020,010228912,2,9,0,9,9,5,4,0,0,1,0,0,0,0,1,1,6,6,1,39,7,1995,1,13,BMW 3 SERIES,2,E01004267,0,-1
2020041013450,2020,041013450,1,9,0,18,19,1,5,0,0,1,0,11,0,0,1,1,5,6,2,56,9,2494,1,18,BMW 3 SERIES,10,E01025341,0,-1
2020160934743,2020,160934743,2,9,0,18,19,2,6,0,0,2,0,0,0,0,1,1,1,1,1,-1,-1,2993,2,1,BMW 3 SERIES,3,E01012757,0,-1
2020010257295,2020,010257295,1,9,0,1,1,3,7,0,0,8,0,0,0,0,2,1,6,6,3,-1,-1,1995,2,5,BMW 3 SERIES,-1,-1,0,-1
2020010246707,2020,010246707,3,9,0,18,19,1,5,0,0,0,0,0,0,0,1,1,6,6,1,36,7,1998,1,1,BMW 3 SERIES,2,E01001828,0,-1
2020220981327,2020,220981327,1,9,0,1,1,3,1,0,0,0,0,4,1,0,3,1,5,6,2,76,11,2494,1,20,BMW 3 SERIES,9,E01032257,0,-1
2020140949323,2020,140949323,1,9,0,18,19,5,2,0,0,8,0,0,0,0,1,1,6,6,1,32,6,2926,2,18,BMW 3 SERIES,10,E01007915,0,-1
2020531008568,2020,531008568,6,9,0,18,19,6,2,0,0,0,0,0,0,0,3,1,6,6,2,26,6,1995,2,6,BMW 3 SERIES,10,E01031214,0,-1
2020350932266,2020,350932266,2,9,0,18,19,5,1,0,0,0,0,0,0,0,0,1,6,6,2,51,8,1995,2,14,BMW 3 SERIES,3,E01018081,0,-1
2020200979574,2020,200979574,1,9,0,18,19,6,2,0,0,0,1,10,8,4,1,1,6,6,1,17,4,2000,2,11,BMW 3 SERIES,3,E01009178,0,-1
2020010236892,2020,010236892,2,9,0,18,19,7,3,0,0,3,0,0,0,0,1,1,6,6,1,31,6,2996,1,11,BMW 3 SERIES,5,E01033741,0,-1
2020040998961,2020,040998961,1,9,0,18,19,5,1,0,0,1,0,0,0,0,1,1,2,2,1,33,6,2993,2,12,BMW 3 SERIES,2,E01012605,0,-1
2020460945085,2020,460945085,1,9,0,18,19,4,2,0,0,8,0,0,0,0,1,1,6,6,1,40,7,1995,1,17,BMW 3 SERIES,2,E01024664,0,-1
2020211029306,2020,211029306,1,9,0,16,19,7,3,0,0,0,1,0,4,0,3,1,6,6,2,23,5,1995,2,12,BMW 3 SERIES,4,E01029831,0,-1
2020500952227,2020,500952227,1,9,0,18,19,2,6,0,0,0,1,0,8,7,1,1,5,6,1,35,6,1995,2,10,BMW 3 SERIES,4,E01011822,0,-1
2020140994076,2020,140994076,2,9,0,8,8,7,1,0,0,6,0,0,0,0,3,1,5,6,2,39,7,1995,2,15,BMW 3 SERIES,7,E01008133,0,-1
2020440118897,2020,440118897,2,9,0,18,19,5,1,0,0,0,0,0,0,0,1,1,6,6,1,42,7,1995,1,10,BMW 3 SERIES,3,E01017089,0,-1
2020522001991,2020,522001991,1,9,0,1,1,4,8,0,0,0,0,0,0,0,2,1,6,6,2,30,6,2993,2,6,BMW 3 SERIES,-1,-1,0,-1
2020552000079,2020,552000079,2,9,0,18,19,4,8,0,0,8,0,0,1,4,4,1,6,6,2,72,10,1596,1,26,BMW 3 SERIES,10,E01020366,0,-1
2020450947633,2020,450947633,1,9,0,5,5,5,7,0,0,3,0,0,0,0,3,1,5,6,1,17,4,1995,1,18,BMW 3 SERIES,6,E01030699,0,-1
2020010286415,2020,010286415,2,9,0,18,19,7,3,0,0,8,0,0,0,0,1,1,6,6,1,24,5,1995,1,14,BMW 3 SERIES,3,E01001779,0,-1
2020500946261,2020,500946261,1,9,0,9,9,1,7,0,0,0,0,0,7,9,3,1,2,2,1,55,8,1995,2,9,BMW 3 SERIES,6,E01020326,0,-1
202031B028920,2020,31B028920,1,9,0,18,19,3,7,0,0,8,1,7,3,1,1,1,6,6,1,17,4,1995,2,15,BMW 3 SERIES,3,E01028027,0,-1
2020421004474,2020,421004474,2,9,0,18,19,1,5,0,0,0,0,0,0,0,1,1,6,6,2,36,7,1995,2,7,BMW 3 SERIES,2,E01000033,0,-1
2020200973404,2020,200973404,3,9,-1,-1,-1,-1,-1,-1,-1,-1,-1,-1,-1,0,-1,1,1,1,1,-1,-1,2993,2,3,BMW 3 SERIES,-1,-1,0,-1
2020546958220,2020,546958220,1,9,0,7,7,3,5,0,0,1,0,0,0,0,3,1,1,1,1,34,6,1995,2,5,BMW 3 SERIES,8,E01032044,0,-1
2020010251016,2020,010251016,2,9,0,99,99,9,9,99,99,9,9,99,9,99,1,9,6,6,1,28,6,1995,2,6,BMW 3 SERIES,2,E01003176,0,-1
2020460976027,2020,460976027,1,9,0,18,19,7,8,0,0,0,0,4,0,0,1,1,6,6,1,-1,-1,1995,2,1,BMW 3 SERIES,-1,-1,0,-1
2020522101305,2020,522101305,3,9,0,18,19,6,2,0,0,8,0,0,0,0,2,1,6,6,1,35,6,2000,2,9,BMW 3 SERIES,3,E01014579,0,-1
2020052000558,2020,052000558,2,9,0,18,19,2,6,0,0,6,0,0,0,0,1,1,6,6,1,36,7,1995,2,9,BMW 3 SERIES,6,E01007255,0,-1
2020010234213,2020,010234213,1,9,0,99,99,9,9,99,99,9,9,99,9,99,2,9,6,6,1,44,7,1995,2,9,BMW 3 SERIES,4,E01002406,0,-1
202031C106920,2020,31C106920,1,9,0,2,2,0,0,0,0,0,0,0,0,0,1,1,3,7,2,27,6,1995,2,6,BMW 3 SERIES,1,E01013850,0,-1
2020500943286,2020,500943286,3,9,0,18,19,5,1,0,0,1,0,0,0,0,1,1,6,6,1,36,7,1995,2,7,BMW 3 SERIES,9,E01029176,0,-1
2020370979890,2020,370979890,3,9,0,9,9,6,3,0,0,0,0,0,0,0,0,1,5,6,1,40,7,1995,2,8,BMW 3 SERIES,9,E01030214,0,-1
2020010251567,2020,010251567,1,9,0,99,99,9,9,99,99,9,9,99,9,99,1,9,2,2,1,46,8,1995,1,11,BMW 3 SERIES,3,E01033150,0,-1
2020350997696,2020,350997696,1,9,0,18,19,-1,-1,0,0,8,0,0,0,0,1,1,6,6,1,27,6,2494,1,17,BMW 3 SERIES,6,E01018053,0,-1
2020010264957,2020,010264957,1,9,0,3,3,1,5,0,0,2,0,0,0,0,2,1,6,6,1,49,8,1998,8,4,BMW 3 SERIES,2,E01003994,0,-1
202006F278340,2020,06F278340,1,9,0,9,9,4,1,0,0,8,0,0,0,0,2,1,2,2,1,22,5,1995,2,9,BMW 3 SERIES,2,E01005026,0,-1
2020140925691,2020,140925691,1,9,0,18,19,6,2,0,0,0,0,0,0,0,4,1,5,6,1,36,7,1995,2,7,BMW 3 SERIES,1,E01007851,0,-1
202006G274547,2020,06G274547,1,9,0,3,3,3,7,0,0,1,0,0,0,0,4,1,6,6,3,-1,-1,1995,2,13,BMW 3 SERIES,-1,-1,0,-1
2020460929023,2020,460929023,1,9,0,18,19,7,3,0,0,0,0,0,1,0,4,1,5,6,1,38,7,1995,2,16,BMW 3 SERIES,4,E01024027,0,-1
2020052000511,2020,052000511,2,9,0,18,19,7,3,0,0,1,0,0,0,0,4,1,6,6,3,-1,-1,1995,2,6,BMW 3 SERIES,-1,-1,0,-1
2020470958723,2020,470958723,2,9,0,3,3,1,5,0,0,0,0,0,0,0,2,1,2,2,1,56,9,2000,1,11,BMW 3 SERIES,9,E01031496,0,-1
2020010269370,2020,010269370,2,9,0,7,7,4,6,0,0,1,0,0,1,0,1,1,6,6,3,-1,-1,2979,1,18,BMW 3 SERIES,-1,-1,0,-1
2020010270587,2020,010270587,2,9,0,9,9,7,5,0,0,5,0,0,0,0,2,1,6,6,2,26,6,1995,2,8,BMW 3 SERIES,5,E01003484,0,-1
2020991004999,2020,991004999,2,9,0,13,13,4,7,0,0,1,0,0,0,0,1,1,2,2,1,54,8,1995,2,19,BMW 3 SERIES,5,-1,0,-1
2020211030315,2020,211030315,2,8,0,18,19,8,4,0,0,1,0,0,0,0,1,1,1,1,1,46,8,1995,2,5,-1,-1,-1,0,-1
2020370949757,2020,370949757,2,9,0,2,2,0,0,0,0,0,0,0,0,0,2,1,5,6,1,-1,-1,1995,2,0,BMW 3 SERIES,6,E01029925,0,-1
2020461027090,2020,461027090,1,9,0,18,19,5,1,0,0,0,0,0,2,0,3,1,6,6,2,22,5,1995,2,15,BMW 3 SERIES,4,E01024029,0,-1
2020010255753,2020,010255753,1,9,0,9,9,5,3,0,0,1,0,0,0,0,3,1,2,2,1,24,5,2000,1,12,BMW 3 SERIES,5,E01000277,0,-1
20201372L1570,2020,1372L1570,2,9,0,18,19,5,1,0,0,0,0,0,0,0,0,1,1,1,1,40,7,2993,2,1,BMW 3 SERIES,-1,-1,0,-1
20201377H0105,2020,1377H0105,1,9,0,18,19,5,1,0,0,0,0,10,1,11,1,1,6,6,1,24,5,1995,2,8,BMW 3 SERIES,-1,-1,0,-1
2020010252845,2020,010252845,1,9,0,18,19,3,7,99,99,9,9,0,0,0,3,1,2,2,2,32,6,1998,1,4,BMW 3 SERIES,4,E01003529,0,-1
2020302000406,2020,302000406,1,9,0,18,19,6,2,0,0,0,0,0,0,0,1,1,6,6,1,34,6,2494,1,17,BMW 3 SERIES,9,E01019696,0,-1
2020052001226,2020,052001226,1,9,0,16,19,7,3,0,0,0,0,0,0,0,1,1,1,1,1,42,7,2993,2,1,BMW 3 SERIES,-1,-1,0,-1
2020010282301,2020,010282301,1,9,0,7,7,3,6,0,0,5,0,0,0,0,1,1,6,6,2,44,7,2000,2,9,BMW 3 SERIES,3,E01000908,0,-1
2020420929664,2020,420929664,1,9,0,-1,-1,-1,-1,-1,-1,-1,-1,-1,-1,0,3,1,6,6,3,-1,-1,1995,2,12,BMW 3 SERIES,-1,-1,0,-1
2020010244890,2020,010244890,2,9,0,99,99,9,9,99,99,0,9,99,9,99,1,9,6,6,3,-1,-1,1995,2,15,BMW 3 SERIES,-1,-1,0,-1
2020470966764,2020,470966764,1,9,0,18,19,5,1,0,0,4,0,0,0,0,1,1,6,6,3,-1,-1,1995,2,7,BMW 3 SERIES,-1,-1,0,-1
2020990981517,2020,990981517,1,9,0,18,19,5,1,9,9,0,2,0,7,10,3,1,5,6,1,24,5,1995,2,4,BMW 3 SERIES,2,-1,0,-1
2020010287111,2020,010287111,2,9,0,99,99,9,9,99,99,9,9,99,9,99,9,9,6,6,3,-1,-1,2996,1,11,BMW 3 SERIES,2,E01003021,0,-1
2020160951639,2020,160951639,2,9,0,18,19,3,7,0,0,0,0,0,0,0,3,1,1,1,1,36,7,2993,2,1,BMW 3 SERIES,10,E01013090,0,-1
2020010261831,2020,010261831,2,9,0,99,99,9,9,99,99,9,9,99,9,99,2,9,6,6,3,-1,-1,2494,1,31,BMW 3 SERIES,-1,-1,0,-1
2020160967218,2020,160967218,1,9,0,7,7,7,1,0,0,1,0,0,0,0,4,1,5,6,1,45,7,1995,2,9,BMW 3 SERIES,6,E01013234,0,-1
2020220930180,2020,220930180,2,9,0,18,19,3,7,0,0,1,0,0,0,0,1,1,5,6,2,26,6,1995,2,7,BMW 3 SERIES,5,E01028864,0,-1
2020470915777,2020,470915777,2,9,0,17,19,6,4,0,0,1,0,0,0,0,1,1,2,2,2,48,8,1995,2,4,BMW 3 SERIES,5,E01031515,0,-1
2020140964804,2020,140964804,1,9,0,18,19,1,5,0,0,1,0,0,0,0,2,1,5,6,1,35,6,1995,2,13,BMW 3 SERIES,8,E01008131,0,-1
2020070299985,2020,070299985,1,9,0,18,19,2,6,0,0,0,5,10,1,4,4,1,6,6,1,36,7,1997,1,5,BMW 3 SERIES,1,E01005459,0,-1
2020460979710,2020,460979710,1,9,0,11,11,3,7,0,0,3,0,0,0,0,4,1,5,6,1,53,8,2998,1,3,BMW 3 SERIES,10,E01032826,0,-1
2020010239691,2020,010239691,2,9,0,16,19,7,3,0,0,3,0,0,0,0,1,1,6,6,1,19,4,1995,2,5,BMW 3 SERIES,3,E01021437,0,-1
2020990978211,2020,990978211,1,9,0,18,19,5,8,0,0,8,0,0,0,0,3,1,5,6,2,54,8,1995,2,2,BMW 3 SERIES,9,-1,0,-1
2020440051916,2020,440051916,1,9,0,5,5,0,2,0,0,0,0,0,0,0,3,1,6,6,1,30,6,1995,1,17,BMW 3 SERIES,6,E01017142,0,-1
2020040951622,2020,040951622,2,9,0,18,19,7,3,0,0,4,0,11,0,0,1,1,6,6,3,-1,-1,1995,2,13,BMW 3 SERIES,-1,-1,0,-1
2020460919547,2020,460919547,1,9,0,1,1,5,7,0,0,0,0,0,0,0,3,1,5,6,1,24,5,1995,1,17,BMW 3 SERIES,4,E01024099,0,-1
2020010231525,2020,010231525,2,9,0,99,99,9,9,99,99,9,9,99,9,99,9,9,6,6,3,-1,-1,1995,1,13,BMW 3 SERIES,-1,-1,0,-1
2020500947002,2020,500947002,1,9,0,18,19,7,3,0,0,0,0,0,0,0,1,1,5,6,1,33,6,1995,2,10,BMW 3 SERIES,5,E01018947,0,-1
2020990932908,2020,990932908,2,9,0,18,19,5,1,0,0,0,0,0,0,0,1,1,6,6,1,45,7,1995,2,10,BMW 3 SERIES,3,-1,0,-1
2020430051628,2020,430051628,2,9,0,18,19,5,3,0,0,6,0,0,0,0,1,1,6,6,1,30,6,1995,2,9,BMW 3 SERIES,10,E01023846,0,-1
2020520100732,2020,520100732,1,9,0,17,19,6,2,0,0,0,1,0,1,3,4,1,6,6,1,32,6,1995,2,14,BMW 3 SERIES,8,E01029204,0,-1
2020440184269,2020,440184269,2,9,0,2,2,0,0,0,0,0,0,0,0,0,3,1,6,6,3,-1,-1,1995,2,14,BMW 3 SERIES,-1,-1,0,-1
2020010239799,2020,010239799,1,9,0,99,99,9,9,99,99,9,9,99,9,99,9,9,6,6,1,29,6,1995,1,10,BMW 3 SERIES,2,E01002710,0,-1
2020411002110,2020,411002110,2,9,0,18,19,4,8,0,0,0,0,0,0,0,1,1,6,6,1,36,7,2497,1,13,BMW 3 SERIES,4,E01023861,0,-1
2020410944733,2020,410944733,1,9,0,18,19,5,1,0,0,1,0,0,0,0,1,1,6,6,2,43,7,2996,1,12,BMW 3 SERIES,5,E01023533,0,-1
2020010285601,2020,010285601,1,9,0,99,99,9,9,99,99,9,9,99,9,99,9,9,6,6,1,22,5,2979,1,11,BMW 3 SERIES,3,E01001409,0,-1
2020990984621,2020,990984621,2,9,0,18,19,7,3,0,0,1,0,0,0,0,1,1,6,6,1,38,7,1995,2,4,BMW 3 SERIES,4,-1,0,-1
2020137761452,2020,137761452,1,9,0,18,19,5,1,0,0,8,0,0,0,0,2,1,6,6,1,26,6,2171,1,19,BMW 3 SERIES,3,E01011016,0,-1
202006A172735,2020,06A172735,1,9,0,7,7,5,7,0,0,8,0,0,0,0,3,1,6,6,3,-1,-1,1995,2,2,BMW 3 SERIES,-1,-1,0,-1
2020450928413,2020,450928413,1,9,0,18,19,1,5,0,0,0,0,0,0,0,4,1,6,6,1,65,9,1995,2,7,BMW 3 SERIES,-1,-1,0,-1
2020010262107,2020,010262107,1,9,0,9,9,1,8,0,0,6,0,0,0,0,1,1,6,6,1,40,7,2494,1,17,BMW 3 SERIES,2,E01003990,0,-1
2020990999402,2020,990999402,5,9,0,18,19,6,2,0,0,0,0,0,0,0,3,1,1,1,1,53,8,2993,2,3,BMW 3 SERIES,1,-1,0,-1
2020450972894,2020,450972894,2,9,0,18,19,1,5,0,0,3,0,0,0,0,2,1,5,6,2,33,6,1995,2,7,BMW 3 SERIES,8,E01030954,0,-1
2020040919715,2020,040919715,1,9,0,18,19,1,5,0,0,8,0,0,0,0,1,1,5,6,1,23,5,1995,2,12,BMW 3 SERIES,5,E01025288,0,-1
2020320212452,2020,320212452,1,9,0,18,19,2,6,0,0,1,1,0,2,10,4,1,2,2,1,37,7,1995,2,15,BMW 3 SERIES,1,E01026129,0,-1
2020010277646,2020,010277646,1,9,0,99,99,9,9,99,99,9,9,99,9,99,2,9,6,6,1,53,8,1995,1,11,BMW 3 SERIES,8,E01001100,0,-1
2020010242147,2020,010242147,1,9,0,5,5,5,1,0,0,4,0,0,0,0,1,1,1,1,1,80,11,1997,1,6,BMW 3 SERIES,10,E01000830,0,-1
2020040956784,2020,040956784,1,9,0,18,19,3,7,0,0,1,1,7,0,0,4,1,6,6,1,29,6,2993,2,14,BMW 3 SERIES,1,E01012751,0,-1
2020200946461,2020,200946461,2,9,0,18,19,8,4,0,0,1,0,0,0,0,0,1,6,6,1,-1,-1,2993,2,4,BMW 3 SERIES,-1,-1,0,-1
2020010268144,2020,010268144,1,9,0,7,7,7,1,0,0,1,0,0,0,0,4,1,6,6,2,33,6,1998,8,4,BMW 3 SERIES,4,E01004682,0,-1
2020450999332,2020,450999332,1,9,0,17,19,1,5,0,0,0,5,0,1,10,4,1,5,6,1,21,5,1995,1,17,BMW 3 SERIES,7,E01030451,0,-1
2020010240909,2020,010240909,1,9,9,99,99,9,9,99,99,9,9,99,9,99,9,9,6,6,1,25,5,1995,1,14,BMW 3 SERIES,4,E01002236,0,-1
2020430266577,2020,430266577,1,9,0,18,19,8,4,0,0,0,0,0,0,0,1,1,2,2,1,45,7,1995,2,10,BMW 3 SERIES,4,E01016514,0,-1
2020200954992,2020,200954992,1,9,0,18,19,2,6,0,0,4,2,9,3,4,1,1,6,6,1,-1,-1,1995,2,8,BMW 3 SERIES,-1,-1,0,-1
2020360969699,2020,360969699,2,9,0,2,2,0,0,0,0,2,0,0,7,11,2,1,5,6,1,36,7,1995,1,13,BMW 3 SERIES,2,E01026802,0,-1
2020420963659,2020,420963659,2,9,0,4,4,7,3,0,0,0,0,0,0,0,2,1,6,6,1,38,7,2993,2,12,BMW 3 SERIES,4,E01015901,0,-1
2020320183404,2020,320183404,2,9,0,2,2,0,0,0,0,0,0,0,0,0,2,1,6,6,1,49,8,2993,2,13,BMW 3 SERIES,3,E01026140,0,-1
2020041014807,2020,041014807,1,9,0,18,19,5,5,0,0,1,0,0,0,0,1,1,5,6,1,27,6,2993,2,5,BMW 3 SERIES,1,E01012586,0,-1
2020040990677,2020,040990677,1,9,0,18,19,1,5,0,0,0,1,0,0,0,1,1,5,6,1,35,6,1596,1,22,BMW 3 SERIES,7,E01024999,0,-1
2020410973053,2020,410973053,1,9,0,1,1,1,5,0,0,1,0,0,0,0,2,1,5,6,1,39,7,1995,1,8,BMW 3 SERIES,4,E01021812,0,-1
2020530941306,2020,530941306,2,9,0,4,4,-1,-1,0,0,0,0,0,0,0,1,1,1,1,2,53,8,1995,2,18,BMW 3 SERIES,10,E01022455,0,-1
2020070282637,2020,070282637,1,9,0,16,19,5,8,0,0,0,2,0,7,10,4,1,6,6,1,21,5,1995,2,9,BMW 3 SERIES,3,E01018401,0,-1
2020137C71323,2020,137C71323,1,9,0,18,19,5,1,0,0,0,0,0,0,0,1,1,6,6,1,27,6,1995,2,13,BMW 3 SERIES,2,E01012630,0,-1
2020010286372,2020,010286372,2,9,0,18,19,5,1,0,0,0,0,4,0,0,1,1,6,6,1,18,4,1995,2,14,BMW 3 SERIES,-1,-1,0,-1
202031P171920,2020,31P171920,1,9,0,13,13,5,1,0,0,0,0,0,5,6,1,1,4,7,1,30,6,2993,2,6,BMW 3 SERIES,4,E01025192,0,-1
2020072000994,2020,072000994,2,9,0,18,19,5,1,0,0,0,0,0,0,0,3,1,1,1,1,38,7,2993,2,1,BMW 3 SERIES,-1,-1,0,-1
2020031000682,2020,031000682,1,9,0,18,19,4,8,0,0,0,1,0,0,0,1,1,1,1,1,44,7,2996,1,15,BMW 3 SERIES,10,E01019241,0,-1
2020430126506,2020,430126506,1,9,0,18,19,8,4,0,0,0,1,0,0,6,1,1,6,6,1,43,7,1995,2,1,BMW 3 SERIES,7,E01022215,0,-1
2020440142862,2020,440142862,2,9,0,17,19,3,7,0,0,2,0,0,0,0,1,1,6,6,1,50,8,1995,2,17,BMW 3 SERIES,3,E01017123,0,-1
2020040963109,2020,040963109,1,9,0,18,19,4,8,0,0,0,0,0,1,11,1,1,5,6,1,53,8,1995,1,13,BMW 3 SERIES,6,E01025495,0,-1
2020430335092,2020,430335092,1,9,0,3,3,2,6,0,0,3,0,0,0,0,2,1,6,6,1,50,8,1995,2,15,BMW 3 SERIES,-1,-1,0,-1
2020530982383,2020,530982383,3,9,0,3,3,1,5,0,0,0,0,0,0,0,2,1,5,6,2,38,7,1995,2,9,BMW 3 SERIES,2,E01022238,0,-1
2020470917039,2020,470917039,1,9,0,4,4,3,7,0,0,4,0,0,0,0,1,1,6,6,1,83,11,1995,1,13,BMW 3 SERIES,6,E01031514,0,-1
2020990999843,2020,990999843,2,9,0,18,19,7,3,0,0,1,0,0,0,0,3,1,6,6,1,25,5,2497,1,15,BMW 3 SERIES,1,-1,0,-1
2020160962045,2020,160962045,2,9,0,18,19,1,5,0,0,0,0,0,0,0,2,1,5,6,1,49,8,1995,1,14,BMW 3 SERIES,6,E01013318,0,-1
2020010286992,2020,010286992,1,9,0,18,19,1,5,6,6,0,0,4,0,0,1,1,6,6,3,-1,-1,1995,2,7,BMW 3 SERIES,-1,-1,0,-1
2020010262246,2020,010262246,2,9,0,4,4,1,5,0,0,4,0,0,0,0,2,1,6,6,1,29,6,1995,2,12,BMW 3 SERIES,8,E01030384,0,-1
2020010247338,2020,010247338,1,9,0,99,99,9,9,99,99,0,9,99,9,99,2,1,6,6,2,28,6,1995,2,7,BMW 3 SERIES,4,E01003690,0,-1
2020440239941,2020,440239941,2,9,0,1,1,5,1,0,0,0,0,0,0,0,2,1,6,6,3,-1,-1,1995,2,15,BMW 3 SERIES,-1,-1,0,-1
2020500987599,2020,500987599,2,9,0,9,9,1,7,0,0,1,0,0,0,0,1,1,5,6,1,32,6,2494,1,16,BMW 3 SERIES,8,E01018792,0,-1
2020010242263,2020,010242263,2,9,0,18,19,7,3,0,0,1,0,0,0,0,1,1,6,6,1,30,6,2996,1,11,BMW 3 SERIES,4,E01004401,0,-1
2020160959753,2020,160959753,1,9,0,18,19,1,5,0,0,4,0,0,1,0,1,1,6,6,1,19,4,2993,2,13,BMW 3 SERIES,4,E01012760,0,-1
202006N171118,2020,06N171118,1,9,0,18,19,3,7,0,0,0,1,4,7,0,1,1,6,6,1,30,6,2993,2,12,BMW 3 SERIES,2,E01004948,0,-1
2020461012379,2020,461012379,2,9,0,18,19,4,8,0,0,1,0,0,0,0,3,1,5,6,1,19,4,1995,1,17,BMW 3 SERIES,4,E01016129,0,-1
2020200970543,2020,200970543,1,9,0,9,9,8,6,0,0,6,0,10,1,1,1,1,1,1,1,28,6,1995,2,11,BMW 3 SERIES,4,E01009249,0,-1
2020610048920,2020,610048920,2,9,0,4,4,1,5,0,0,4,0,0,0,0,1,1,6,6,1,28,6,1995,2,11,BMW 3 SERIES,1,W01001457,0,-1
2020010250231,2020,010250231,3,9,0,18,19,1,5,0,0,0,0,0,0,0,0,1,6,6,3,-1,-1,1995,2,4,BMW 3 SERIES,-1,-1,0,-1
2020302000477,2020,302000477,1,9,0,15,15,4,8,0,0,3,0,0,0,0,3,1,6,6,1,30,6,1995,2,15,BMW 3 SERIES,6,E01019545,0,-1
2020320627168,2020,320627168,1,9,0,9,9,8,4,0,0,8,0,0,0,0,4,1,6,6,1,33,6,1995,2,10,BMW 3 SERIES,1,E01026150,0,-1
2020200940488,2020,200940488,1,9,0,18,19,4,8,0,0,2,0,4,0,0,1,1,6,6,1,-1,-1,2993,2,13,BMW 3 SERIES,-1,-1,0,-1
2020350986943,2020,350986943,1,9,0,9,9,8,5,0,0,4,0,0,0,0,1,1,6,6,1,24,5,2000,2,11,BMW 3 SERIES,2,E01015633,0,-1
2020470972907,2020,470972907,1,9,0,18,19,2,6,0,0,8,0,0,0,0,1,1,5,6,2,46,8,1995,1,9,BMW 3 SERIES,9,E01003473,0,-1
2020010275846,2020,010275846,1,9,0,99,99,9,9,99,99,0,9,99,9,99,1,9,6,6,1,23,5,1998,1,0,BMW 3 SERIES,3,E01002554,0,-1
2020010231621,2020,010231621,1,9,0,9,9,3,1,0,0,5,0,0,0,0,1,1,6,6,1,36,7,1995,1,14,BMW 3 SERIES,3,E01024372,0,-1
2020140927861,2020,140927861,1,9,0,9,9,2,7,0,0,1,0,0,0,0,1,1,1,1,1,37,7,1995,2,10,BMW 3 SERIES,3,E01008108,0,-1
2020010272937,2020,010272937,2,9,0,99,99,9,9,99,99,9,9,99,9,99,2,9,6,6,3,-1,-1,1995,1,13,BMW 3 SERIES,-1,-1,0,-1
2020370975713,2020,370975713,2,9,0,9,9,1,3,0,0,1,0,0,0,0,1,1,1,1,1,46,8,2993,2,6,BMW 3 SERIES,7,E01030083,0,-1
2020010285249,2020,010285249,1,9,0,99,99,9,9,99,99,9,9,99,9,99,2,9,6,6,1,26,6,1995,2,8,BMW 3 SERIES,6,E01003762,0,-1
2020200943003,2020,200943003,1,9,0,18,19,6,2,0,0,0,0,0,0,0,1,1,6,6,2,27,6,1995,2,13,BMW 3 SERIES,1,E01009540,0,-1
2020350992248,2020,350992248,1,9,0,17,19,3,7,0,0,0,2,0,7,2,1,1,6,6,1,27,6,1995,2,7,BMW 3 SERIES,2,E01015662,0,-1
202006G269270,2020,06G269270,2,9,0,18,19,7,3,0,0,1,0,0,0,0,0,1,1,1,1,30,6,2993,2,3,BMW 3 SERIES,-1,-1,0,-1
2020010283006,2020,010283006,1,9,0,99,99,9,9,99,99,9,9,99,9,99,9,9,6,6,1,19,4,2998,1,3,BMW 3 SERIES,1,E01000890,0,-1