collision_index,collision_year,collision_ref_no,vehicle_reference,vehicle_type,towing_and_articulation,vehicle_manoeuvre_historic,vehicle_manoeuvre,vehicle_direction_from,vehicle_direction_to,vehicle_location_restricted_lane_historic,vehicle_location_restricted_lane,junction_location,skidding_and_overturning,hit_object_in_carriageway,vehicle_leaving_carriageway,hit_object_off_carriageway,first_point_of_impact,vehicle_left_hand_drive,journey_purpose_of_driver_historic,journey_purpose_of_driver,sex_of_driver,age_of_driver,age_band_of_driver,engine_capacity_cc,propulsion_code,age_of_vehicle,generic_make_model,driver_imd_decile,lsoa_of_driver,escooter_flag,driver_distance_banding
2020460949926,2020,460949926,1,9,0,18,19,5,1,0,0,0,0,0,0,0,1,1,6,6,1,21,5,1995,1,7,BMW 3 SERIES,6,E01024401,0,-1
2020440028679,2020,440028679,2,9,0,18,19,6,2,0,0,0,0,0,0,0,1,1,6,6,1,29,6,1995,2,16,BMW 3 SERIES,6,E01023216,0,-1
2020010246148,2020,010246148,2,9,0,99,99,9,9,99,99,9,0,99,9,99,1,9,6,6,1,-1,-1,2171,1,16,BMW 3 SERIES,-1,-1,0,-1
2020440464028,2020,440464028,2,9,0,4,4,8,4,0,0,0,0,0,0,0,2,1,2,2,1,39,7,1995,2,2,BMW 3 SERIES,10,E01022694,0,-1
202006E168637,2020,06E168637,1,9,0,18,19,8,4,0,0,1,0,0,0,0,1,1,2,2,1,41,7,1995,2,12,BMW 3 SERIES,5,E01006181,0,-1
2020010238097,2020,010238097,1,9,0,3,3,5,1,0,0,1,9,0,0,0,1,9,6,6,1,39,7,1997,1,8,BMW 3 SERIES,3,E01004698,0,-1
2020231018803,2020,231018803,2,9,0,10,10,3,1,0,0,1,0,0,0,0,1,1,5,6,1,29,6,2993,2,14,BMW 3 SERIES,3,E01009448,0,-1
2020010281292,2020,010281292,1,9,0,14,14,5,1,0,0,1,0,0,0,0,0,1,1,1,1,34,6,2993,2,1,BMW 3 SERIES,4,E01016439,0,-1
2020302000300,2020,302000300,2,9,0,18,19,2,6,0,0,0,0,0,0,0,2,1,1,1,1,-1,-1,2993,2,2,BMW 3 SERIES,5,E01019456,0,-1
2020010243179,2020,010243179,1,9,0,9,9,4,2,0,0,6,0,0,0,0,3,1,6,6,2,33,6,2996,1,15,BMW 3 SERIES,2,E01000027,0,-1
2020010280051,2020,010280051,1,9,0,99,99,9,9,99,99,0,9,99,9,99,2,9,2,2,1,32,6,2171,1,15,BMW 3 SERIES,3,E01003639,0,-1
2020548366120,2020,548366120,1,9,0,18,19,5,1,0,0,0,0,0,0,0,4,1,2,2,1,54,8,1995,2,8,BMW 3 SERIES,10,E01023160,0,-1
2020451006532,2020,451006532,1,9,0,18,19,6,2,0,0,0,0,0,0,0,1,1,5,6,1,42,7,2993,2,5,BMW 3 SERIES,9,E01030975,0,-1
2020010235872,2020,010235872,1,9,0,99,99,9,9,99,99,4,9,99,9,99,1,9,6,6,1,40,7,2200,1,19,BMW 3 SERIES,5,E01021241,0,-1
2020010286792,2020,010286792,1,9,0,17,19,1,7,0,0,1,5,0,0,0,1,1,6,6,1,31,6,1995,2,13,BMW 3 SERIES,3,E01004391,0,-1
2020991006498,2020,991006498,2,9,0,3,3,8,4,0,0,1,0,0,0,0,2,1,5,6,1,57,9,1995,2,1,BMW 3 SERIES,6,-1,0,-1
2020010283047,2020,010283047,1,9,0,99,99,9,9,99,99,9,9,99,9,99,3,9,6,6,2,31,6,1995,1,9,BMW 3 SERIES,8,E01002157,0,-1
2020010278520,2020,010278520,1,9,0,18,19,1,5,0,0,0,0,0,0,0,4,1,2,2,2,24,5,1998,1,1,BMW 3 SERIES,7,E01003407,0,-1
2020432003601,2020,432003601,1,9,0,18,19,2,6,0,0,4,5,0,0,0,1,1,6,6,1,45,7,1997,1,5,BMW 3 SERIES,9,E01033194,0,-1
2020040958600,2020,040958600,2,9,0,18,19,7,1,0,0,2,0,0,0,0,0,1,5,6,1,32,6,2993,2,3,BMW 3 SERIES,9,E01025451,0,-1
2020460992717,2020,460992717,1,9,0,18,19,7,3,0,0,1,0,0,0,0,3,1,5,6,3,-1,-1,2993,2,3,BMW 3 SERIES,-1,-1,0,-1
2020010286837,2020,010286837,1,9,0,5,5,8,4,9,9,1,0,0,0,0,2,1,6,6,1,44,7,1995,1,9,BMW 3 SERIES,1,E01001655,0,-1
2020450915465,2020,450915465,1,9,0,18,19,1,5,0,0,0,0,0,0,0,1,1,6,6,1,24,5,1995,2,1,BMW 3 SERIES,3,E01002313,0,-1
20201371O0928,2020,1371O0928,2,9,0,5,5,6,2,0,0,4,0,0,0,0,2,1,6,6,1,21,5,1997,1,8,BMW 3 SERIES,10,E01010906,0,-1
2020220960701,2020,220960701,1,9,0,18,19,7,3,0,0,4,0,0,0,0,1,1,2,2,1,28,6,1997,1,7,BMW 3 SERIES,9,E01032299,0,-1
2020200979413,2020,200979413,1,9,0,18,19,5,2,0,0,1,0,4,0,0,2,1,6,6,1,30,6,2993,2,8,BMW 3 SERIES,1,E01010435,0,-1
2020420963673,2020,420963673,1,9,0,18,19,6,2,0,0,0,0,0,0,0,1,1,2,2,1,53,8,1998,8,3,BMW 3 SERIES,9,E01021543,0,-1
2020450928373,2020,450928373,1,9,0,2,2,0,0,0,0,0,0,0,0,0,1,1,5,6,2,28,6,1598,1,6,BMW 3 SERIES,5,E01030812,0,-1
2020622000204,2020,622000204,1,9,0,1,1,5,1,0,0,0,0,4,0,0,2,1,6,6,1,60,9,2171,1,16,BMW 3 SERIES,4,W01000932,0,-1
2020140916900,2020,140916900,1,9,0,9,9,6,4,0,0,6,0,0,0,0,2,1,6,6,1,24,5,1995,2,9,BMW 3 SERIES,1,E01008055,0,-1
2020370978910,2020,370978910,1,9,0,18,19,5,3,0,0,0,0,0,0,0,4,1,5,6,1,22,5,1995,2,7,BMW 3 SERIES,6,E01030002,0,-1
2020200972463,2020,200972463,1,9,0,15,15,3,7,0,0,2,0,0,0,0,1,1,6,6,1,42,7,2800,1,21,BMW 3 SERIES,5,E01010468,0,-1
2020200941996,2020,200941996,1,9,0,18,19,4,8,0,0,0,0,0,0,0,3,1,6,6,1,26,6,2979,1,11,BMW 3 SERIES,9,E01010225,0,-1
2020010244769,2020,010244769,1,9,0,99,99,9,9,99,99,4,9,99,9,99,2,9,6,6,1,30,6,1995,2,2,BMW 3 SERIES,2,E01000034,0,-1
2020430136191,2020,430136191,1,9,0,16,19,8,3,0,0,0,2,10,1,9,1,1,6,6,1,30,6,2793,1,24,BMW 3 SERIES,8,E01017804,0,-1
2020201026396,2020,201026396,3,9,0,18,19,1,5,0,0,1,0,0,0,0,0,1,1,1,1,-1,-1,2993,2,4,BMW 3 SERIES,-1,-1,0,-1
2020520001535,2020,520001535,2,9,0,18,19,4,8,0,0,0,0,0,0,0,1,1,6,6,3,30,6,1895,1,19,BMW 3 SERIES,-1,-1,0,-1
2020140922841,2020,140922841,4,9,0,18,19,7,3,0,0,0,0,0,0,0,1,1,1,1,1,34,6,1995,2,14,BMW 3 SERIES,1,E01007338,0,-1
2020010284591,2020,010284591,2,9,0,99,99,9,9,99,99,9,9,99,9,99,9,9,6,6,3,-1,-1,2497,1,14,BMW 3 SERIES,-1,-1,0,-1
2020231022405,2020,231022405,2,9,0,18,19,3,7,0,0,0,0,0,0,0,1,1,5,6,1,26,6,2993,2,5,BMW 3 SERIES,5,E01031078,0,-1
2020430000847,2020,430000847,1,9,0,18,19,7,3,0,0,8,0,0,0,0,1,1,6,6,1,23,5,1998,1,0,BMW 3 SERIES,6,E01017852,0,-1
2020010264895,2020,010264895,2,9,0,2,2,0,0,0,0,0,0,0,0,0,1,1,6,6,3,-1,-1,1995,1,14,BMW 3 SERIES,-1,-1,0,-1
2020010246423,2020,010246423,1,9,0,9,9,7,6,0,0,1,0,0,0,0,1,1,6,6,1,23,5,1995,2,14,BMW 3 SERIES,2,E01021286,0,-1
2020410971203,2020,410971203,2,9,0,3,3,3,7,0,0,0,0,0,0,0,2,1,2,2,1,40,7,1995,2,15,BMW 3 SERIES,10,E01023685,0,-1
2020010257192,2020,010257192,1,9,0,18,19,2,6,0,0,0,0,0,0,0,4,1,6,6,1,56,9,1997,1,7,BMW 3 SERIES,5,E01002232,0,-1
2020990970445,2020,990970445,1,9,0,18,19,8,3,0,0,0,0,0,0,0,1,1,5,6,1,74,10,1995,2,6,BMW 3 SERIES,7,-1,0,-1
2020520005019,2020,520005019,1,9,0,18,19,3,7,0,0,0,0,0,0,0,1,1,6,6,1,28,6,1995,2,15,BMW 3 SERIES,6,E01029153,0,-1
2020010255049,2020,010255049,1,9,0,18,19,3,7,0,0,0,0,0,0,0,1,1,6,6,1,46,8,1995,2,3,BMW 3 SERIES,6,E01003738,0,-1
2020010236671,2020,010236671,2,9,0,99,99,9,9,99,99,0,9,99,9,99,1,9,6,6,3,-1,-1,1995,2,7,BMW 3 SERIES,-1,-1,0,-1
2020201000604,2020,201000604,1,9,0,18,19,2,6,0,0,6,0,0,0,0,1,1,6,6,3,-1,-1,1995,2,8,BMW 3 SERIES,-1,-1,0,-1
2020137391759,2020,137391759,2,9,0,9,9,8,6,0,0,8,0,0,0,0,1,1,1,1,2,45,7,2993,2,2,BMW 3 SERIES,1,E01010730,0,-1
2020460987967,2020,460987967,1,9,0,18,19,3,7,0,0,0,0,0,8,7,1,1,5,6,1,26,6,2996,1,15,BMW 3 SERIES,8,E01024055,0,-1
202006Q170761,2020,06Q170761,3,9,0,8,8,5,7,0,0,1,0,0,0,0,2,1,6,6,1,56,9,1995,2,9,BMW 3 SERIES,3,E01005435,0,-1
2020200937142,2020,200937142,2,9,0,15,15,4,7,0,0,8,0,0,0,0,3,1,6,6,1,60,9,2993,2,13,BMW 3 SERIES,10,E01009457,0,-1
2020440352701,2020,440352701,1,9,0,18,19,7,3,0,0,0,0,0,0,0,1,1,6,6,1,29,6,1995,2,12,BMW 3 SERIES,7,E01022592,0,-1
20201378S1937,2020,1378S1937,4,9,0,2,2,0,0,0,0,1,0,0,0,0,3,1,6,6,3,-1,-1,1995,2,14,BMW 3 SERIES,-1,-1,0,-1
2020520000340,2020,520000340,2,9,0,18,19,2,6,0,0,6,0,0,0,0,1,1,6,6,1,40,7,1995,2,13,BMW 3 SERIES,-1,-1,0,-1
2020040929177,2020,040929177,2,9,0,18,19,2,6,0,0,0,0,0,0,0,2,1,2,2,1,42,7,2000,2,9,BMW 3 SERIES,6,E01025334,0,-1
2020420941119,2020,420941119,1,9,0,18,19,5,1,0,0,0,0,0,0,0,1,1,1,1,1,64,9,1995,1,10,BMW 3 SERIES,5,E01015827,0,-1
2020410943634,2020,410943634,1,9,0,5,5,2,6,0,0,0,0,0,0,0,1,1,6,6,1,38,7,1997,1,8,BMW 3 SERIES,4,E01023861,0,-1
2020320030611,2020,320030611,1,9,0,5,5,5,1,0,0,1,0,0,0,0,1,1,6,6,1,21,5,2494,1,22,BMW 3 SERIES,5,E01028078,0,-1
2020552001143,2020,552001143,2,9,0,9,9,3,1,0,0,4,0,0,0,0,3,1,6,6,1,56,9,1995,2,9,BMW 3 SERIES,9,E01015419,0,-1
202006K372924,2020,06K372924,1,9,0,13,13,1,5,0,0,1,0,0,7,2,1,1,6,6,1,21,5,1995,2,7,BMW 3 SERIES,6,E01004910,0,-1
2020371025272,2020,371025272,1,9,0,18,19,8,4,0,0,6,0,0,0,0,4,1,5,6,1,53,8,1995,2,8,BMW 3 SERIES,3,E01030010,0,-1
2020010270162,2020,010270162,2,9,0,18,19,3,7,0,0,1,0,0,0,0,1,1,6,6,3,-1,-1,1995,2,4,BMW 3 SERIES,-1,-1,0,-1
2020010264282,2020,010264282,1,9,0,99,99,9,9,99,99,9,9,99,9,99,9,9,6,6,1,30,6,1998,8,4,BMW 3 SERIES,1,E01004288,0,-1
2020010231531,2020,010231531,2,9,0,9,9,1,7,0,0,5,0,0,0,0,1,1,6,6,1,36,7,1995,1,10,BMW 3 SERIES,3,E01003609,0,-1
2020140950291,2020,140950291,6,9,0,2,2,0,0,9,9,0,0,0,0,0,4,1,6,6,1,-1,-1,1995,2,10,BMW 3 SERIES,8,E01007705,0,-1
2020100991206,2020,100991206,1,9,0,16,19,1,4,0,0,8,0,0,7,4,1,1,6,6,1,27,6,1995,2,14,BMW 3 SERIES,5,E01008787,0,-1
2020030983296,2020,030983296,4,9,0,2,2,0,0,0,0,6,0,0,0,0,1,1,5,6,3,-1,-1,1995,1,9,BMW 3 SERIES,-1,-1,0,-1
2020010282970,2020,010282970,1,9,0,9,9,4,1,0,0,1,0,0,0,0,3,1,6,6,1,27,6,1995,1,8,BMW 3 SERIES,8,E01000774,0,-1
2020030936408,2020,030936408,2,9,0,3,3,7,3,0,0,0,0,0,0,0,2,1,2,2,1,45,7,1998,8,1,BMW 3 SERIES,8,E01009644,0,-1
2020500978657,2020,500978657,1,9,0,16,19,4,6,0,0,0,0,0,0,0,2,1,2,2,1,23,5,1995,1,18,BMW 3 SERIES,4,E01019006,0,-1
2020530966143,2020,530966143,1,9,0,18,19,6,1,0,0,4,0,0,0,0,1,1,6,6,1,39,7,1995,2,8,BMW 3 SERIES,9,E01022357,0,-1
2020040982250,2020,040982250,1,9,0,18,19,5,1,0,0,1,0,4,0,0,1,1,5,6,1,21,5,1998,1,0,BMW 3 SERIES,7,E01025576,0,-1
2020170S20430,2020,170S20430,1,9,0,18,19,4,8,0,0,0,0,0,0,0,1,1,6,6,1,32,6,1995,2,8,BMW 3 SERIES,1,E01011989,0,-1
2020470984512,2020,470984512,3,9,0,18,19,4,8,0,0,1,0,0,0,0,1,1,5,6,1,56,9,2993,2,5,BMW 3 SERIES,8,E01031812,0,-1
2020522004347,2020,522004347,2,9,0,5,5,7,4,0,0,8,0,0,0,0,1,1,6,6,1,23,5,1995,2,6,BMW 3 SERIES,6,E01014984,0,-1
2020010255408,2020,010255408,2,9,0,5,5,5,1,0,0,2,0,0,0,0,2,1,6,6,1,34,6,1499,1,4,BMW 3 SERIES,2,E01003607,0,-1
2020430135706,2020,430135706,2,9,0,3,3,6,2,0,0,1,0,0,0,0,2,1,6,6,1,42,7,1997,1,7,BMW 3 SERIES,-1,-1,0,-1
2020010272064,2020,010272064,1,9,0,99,99,9,9,99,99,9,9,99,9,99,9,9,6,6,2,25,5,1995,2,8,BMW 3 SERIES,8,E01001523,0,-1
2020530990329,2020,530990329,1,9,0,4,4,5,1,0,0,1,0,0,0,0,2,1,5,6,2,47,8,1995,2,3,BMW 3 SERIES,9,E01022453,0,-1
2020010270388,2020,010270388,2,9,0,9,9,7,5,0,0,6,0,0,0,0,1,1,2,2,1,21,5,1995,2,1,BMW 3 SERIES,3,E01004421,0,-1
2020052000237,2020,052000237,1,9,0,9,9,2,8,0,0,6,0,0,0,0,1,1,3,7,2,32,6,1995,2,13,BMW 3 SERIES,1,E01006567,0,-1
2020160956463,2020,160956463,1,9,0,18,19,7,3,0,0,8,0,0,0,0,4,1,6,6,1,33,6,1995,2,14,BMW 3 SERIES,1,E01013203,0,-1
2020010236115,2020,010236115,2,9,0,99,99,9,9,99,99,9,9,99,9,99,1,9,6,6,3,-1,-1,1998,1,4,BMW 3 SERIES,-1,-1,0,-1
2020140967649,2020,140967649,1,9,0,5,5,4,8,0,0,1,0,0,0,0,1,1,5,6,2,50,8,2993,2,13,BMW 3 SERIES,3,E01007964,0,-1
2020440402354,2020,440402354,2,9,0,18,19,3,7,0,0,8,0,0,0,0,1,1,6,6,2,30,6,2993,2,10,BMW 3 SERIES,3,E01017052,0,-1
2020040982365,2020,040982365,2,9,0,4,4,1,5,9,9,0,0,0,0,0,1,1,1,1,1,38,7,2993,2,3,BMW 3 SERIES,2,E01025292,0,-1
2020990974644,2020,990974644,3,9,0,18,19,1,5,0,0,0,0,0,0,0,1,1,5,6,2,38,7,2993,2,5,BMW 3 SERIES,5,-1,0,-1
202063D067220,2020,63D067220,1,9,0,17,19,3,8,0,0,1,1,0,0,0,1,1,6,6,1,26,6,1995,2,17,BMW 3 SERIES,5,E01014109,0,-1
2020160964699,2020,160964699,2,9,0,13,13,2,6,0,0,0,1,0,0,0,4,1,5,6,1,39,7,2996,1,12,BMW 3 SERIES,3,E01013319,0,-1
2020160949230,2020,160949230,3,9,0,2,2,5,1,6,6,0,0,0,0,0,2,1,1,1,1,27,6,2993,2,1,BMW 3 SERIES,10,E01013090,0,-1
202006XP76054,2020,06XP76054,1,9,0,16,19,4,8,0,0,0,0,0,2,6,4,1,2,2,2,40,7,2979,1,18,BMW 3 SERIES,1,E01005466,0,-1
2020010262772,2020,010262772,2,9,0,18,19,5,1,0,0,0,0,0,1,0,3,1,6,6,3,-1,-1,2926,2,19,BMW 3 SERIES,-1,-1,0,-1
2020101002749,2020,101002749,2,9,0,3,3,5,1,0,0,1,0,0,0,0,2,1,2,2,1,44,7,2993,2,11,BMW 3 SERIES,7,E01020654,0,-1
2020211032173,2020,211032173,1,9,-1,-1,-1,-1,-1,-1,-1,0,-1,-1,-1,0,-1,1,1,1,1,48,8,2993,2,1,BMW 3 SERIES,-1,-1,0,-1
2020302000622,2020,302000622,2,9,0,13,13,1,5,0,0,0,0,0,0,0,4,1,6,6,1,24,5,2926,2,17,BMW 3 SERIES,8,E01019600,0,-1
2020220922686,2020,220922686,1,9,0,1,1,3,7,0,0,0,0,0,0,0,2,1,5,6,1,38,7,1995,2,6,BMW 3 SERIES,9,E01032396,0,-1
2020170S31410,2020,170S31410,2,9,0,2,2,0,0,0,0,0,0,0,0,0,1,1,6,6,1,-1,-1,2494,1,23,BMW 3 SERIES,-1,-1,0,-1
2020430052074,2020,430052074,1,9,0,3,3,8,4,0,0,1,0,0,0,0,2,1,2,2,2,36,7,1998,8,4,BMW 3 SERIES,6,E01017858,0,-1
202006K378461,2020,06K378461,1,9,0,18,19,3,7,0,0,0,1,0,8,10,1,1,6,6,1,23,5,2993,2,13,BMW 3 SERIES,1,E01004877,0,-1
2020461000560,2020,461000560,1,9,0,8,8,7,3,0,0,5,0,0,0,0,1,1,6,6,1,88,11,1796,1,22,BMW 3 SERIES,8,E01024642,0,-1
202031P002320,2020,31P002320,1,9,0,18,19,6,2,0,0,0,0,0,4,6,1,1,6,6,1,26,6,1995,2,14,BMW 3 SERIES,1,E01007905,0,-1
2020201001548,2020,201001548,2,9,0,18,19,4,8,0,0,0,0,0,0,0,0,1,1,1,1,-1,-1,2993,2,3,BMW 3 SERIES,5,E01009234,0,-1
2020070760323,2020,070760323,3,9,0,2,2,0,0,0,0,2,0,0,0,0,2,1,6,6,1,41,7,1998,8,0,BMW 3 SERIES,-1,-1,0,-1
2020170S20470,2020,170S20470,2,9,0,18,19,3,7,0,0,8,0,0,0,0,1,1,6,6,1,22,5,1995,2,11,BMW 3 SERIES,3,E01012289,0,-1
2020010228375,2020,010228375,1,9,0,99,99,9,9,99,99,1,9,99,9,99,1,9,6,6,1,42,7,1995,1,16,BMW 3 SERIES,3,E01001111,0,-1
2020070610535,2020,070610535,1,9,0,5,5,5,7,0,0,2,0,0,1,11,1,1,6,6,1,87,11,1995,2,18,BMW 3 SERIES,7,E01018357,0,-1
2020201009735,2020,201009735,1,9,0,18,19,2,6,0,0,0,0,4,0,0,1,1,6,6,1,20,4,1995,2,11,BMW 3 SERIES,6,E01009126,0,-1
2020052000960,2020,052000960,1,9,0,18,19,6,2,0,0,8,0,0,1,0,4,1,1,1,1,31,6,2993,2,3,BMW 3 SERIES,3,E01007216,0,-1
2020500959721,2020,500959721,2,9,0,2,2,0,0,0,0,0,0,0,0,0,1,1,5,6,1,24,5,1995,2,14,BMW 3 SERIES,2,E01020103,0,-1
2020350963526,2020,350963526,2,9,0,18,19,4,2,9,9,8,1,0,7,0,1,1,1,1,1,44,7,2993,2,5,BMW 3 SERIES,6,E01018151,0,-1
2020140956846,2020,140956846,1,9,0,9,9,0,8,0,0,0,0,0,0,0,1,1,6,6,1,52,8,1995,2,18,BMW 3 SERIES,2,E01007328,0,-1
2020140929579,2020,140929579,2,9,0,7,7,7,1,0,0,6,0,0,0,0,1,1,2,2,1,24,5,1995,2,17,BMW 3 SERIES,4,E01008161,0,-1
2020010260990,2020,010260990,2,9,0,3,3,1,5,0,0,1,0,0,0,0,1,1,6,6,1,31,6,1995,2,10,BMW 3 SERIES,5,E01003772,0,-1
2020137C71631,2020,137C71631,1,9,0,18,19,7,5,0,0,8,0,0,0,0,1,1,6,6,1,21,5,1995,2,9,BMW 3 SERIES,2,E01011163,0,-1
2020010254277,2020,010254277,1,9,0,99,99,9,9,0,0,8,0,0,0,0,1,1,6,6,1,37,7,1995,1,13,BMW 3 SERIES,3,E01004336,0,-1
2020461000385,2020,461000385,1,9,0,16,19,6,2,0,0,0,1,0,2,10,4,1,6,6,1,30,6,1995,2,12,BMW 3 SERIES,2,E01033212,0,-1
2020010275160,2020,010275160,2,9,0,18,19,7,3,0,0,2,0,0,0,0,1,1,6,6,1,16,4,1991,1,25,BMW 3 SERIES,-1,-1,0,-1
2020010283519,2020,010283519,1,9,0,16,19,7,3,6,6,3,1,6,7,11,1,1,6,6,1,39,7,1995,2,13,BMW 3 SERIES,5,E01001271,0,-1
202006XF74111,2020,06XF74111,2,9,0,3,3,3,7,0,0,0,1,0,0,0,2,1,6,6,1,32,6,1995,2,6,BMW 3 SERIES,2,E01005125,0,-1
2020440030040,2020,440030040,2,9,0,4,4,5,1,0,0,1,1,0,0,0,1,1,6,6,1,22,5,1995,1,13,BMW 3 SERIES,8,E01017060,0,-1
2020010280652,2020,010280652,2,9,0,18,19,5,1,0,0,0,0,0,0,0,0,1,6,6,1,43,7,2993,2,17,BMW 3 SERIES,10,E01018252,0,-1
2020070695732,2020,070695732,1,9,0,4,4,7,1,0,0,1,0,0,0,0,1,1,6,6,1,-1,-1,1995,2,12,BMW 3 SERIES,4,E01012428,0,-1
2020420979125,2020,420979125,1,9,0,18,19,3,7,0,0,0,0,0,0,0,1,1,5,6,1,21,5,1995,2,15,BMW 3 SERIES,2,E01021969,0,-1
2020400941092,2020,400941092,2,9,0,4,4,8,4,0,0,0,0,0,0,0,2,1,5,6,1,35,6,1995,2,14,BMW 3 SERIES,1,E01015795,0,-1
2020040940821,2020,040940821,2,9,0,9,9,1,5,0,0,1,0,0,0,0,3,1,5,6,2,46,8,1995,2,1,BMW 3 SERIES,3,E01012677,0,-1
2020350944028,2020,350944028,2,9,0,18,19,1,4,0,0,0,0,0,0,0,1,1,2,2,1,45,7,1995,2,1,BMW 3 SERIES,9,E01018037,0,-1
202063C014920,2020,63C014920,4,9,0,10,10,8,6,0,0,1,0,0,0,0,0,1,6,6,2,42,7,1995,2,10,BMW 3 SERIES,4,W01000589,0,-1
2020010257201,2020,010257201,1,9,0,99,99,9,9,99,99,9,9,99,9,99,1,9,6,6,1,42,7,1995,1,11,BMW 3 SERIES,2,E01033588,0,-1
2020010249971,2020,010249971,1,9,0,4,4,3,7,0,0,0,0,0,0,0,3,9,6,6,1,37,7,1995,1,12,BMW 3 SERIES,3,E01003603,0,-1
2020010282774,2020,010282774,1,9,0,18,19,5,1,0,0,1,0,0,0,0,1,1,6,6,1,20,4,1995,2,16,BMW 3 SERIES,1,E01004469,0,-1
2020340S04482,2020,340S04482,1,9,0,18,19,5,1,0,0,0,0,0,1,4,1,1,6,6,1,40,7,1995,2,16,BMW 3 SERIES,7,E01027202,0,-1
2020420963979,2020,420963979,2,9,0,4,4,7,1,0,0,4,1,0,0,0,4,1,6,6,2,51,8,1995,2,16,BMW 3 SERIES,7,E01021920,0,-1
2020100964821,2020,100964821,1,9,0,5,5,3,7,0,0,0,0,0,0,0,1,1,5,6,1,81,11,1995,2,11,BMW 3 SERIES,7,E01008374,0,-1
2020552000722,2020,552000722,1,9,0,18,19,4,8,0,0,0,0,0,1,3,1,1,6,6,1,27,6,1995,2,7,BMW 3 SERIES,6,E01020490,0,-1
2020041002935,2020,041002935,1,9,0,9,9,6,2,0,0,6,0,0,0,0,1,1,2,2,1,35,6,1998,8,1,BMW 3 SERIES,10,E01025478,0,-1
2020440060747,2020,440060747,2,9,0,18,19,2,6,0,0,0,0,0,0,0,1,1,6,6,2,34,6,1995,2,9,BMW 3 SERIES,8,E01022952,0,-1
2020040956606,2020,040956606,2,9,0,18,19,3,7,0,0,1,0,0,0,0,2,1,5,6,1,50,8,1995,2,10,BMW 3 SERIES,-1,-1,0,-1
2020440140676,2020,440140676,6,9,0,18,19,0,0,0,0,0,0,0,0,0,1,1,6,6,2,51,8,1995,2,4,BMW 3 SERIES,1,E01017280,0,-1
2020460981133,2020,460981133,2,9,0,18,19,5,1,0,0,1,0,0,0,0,2,1,5,6,1,23,5,1995,2,13,BMW 3 SERIES,5,E01024815,0,-1
2020200972460,2020,200972460,3,9,0,18,19,6,2,0,0,0,0,0,0,0,1,1,1,1,3,-1,-1,2993,2,2,BMW 3 SERIES,-1,-1,0,-1
2020201017059,2020,201017059,4,9,0,18,19,4,8,0,0,1,0,0,0,0,0,1,1,1,1,-1,-1,2993,2,2,BMW 3 SERIES,5,E01009234,0,-1
2020010285498,2020,010285498,1,9,0,99,99,9,9,0,0,1,0,0,0,0,9,1,2,2,2,47,8,1995,2,7,BMW 3 SERIES,2,E01001551,0,-1
2020200956161,2020,200956161,2,9,0,7,7,7,1,0,0,1,0,0,0,0,2,1,1,1,1,22,5,1995,2,8,BMW 3 SERIES,9,E01029518,0,-1
2020471010994,2020,471010994,1,9,0,13,13,1,5,0,0,1,0,0,7,0,1,1,2,2,1,31,6,2494,1,20,BMW 3 SERIES,7,E01031500,0,-1
2020010243379,2020,010243379,2,9,0,18,19,1,5,0,0,8,0,0,0,0,1,1,6,6,1,42,7,2996,1,12,BMW 3 SERIES,2,E01001980,0,-1
2020010272131,2020,010272131,1,9,0,4,4,5,1,0,0,4,2,9,0,0,1,2,6,6,1,25,5,2494,1,16,BMW 3 SERIES,-1,-1,0,-1
2020010259489,2020,010259489,1,9,0,18,19,3,7,0,0,8,0,0,0,0,3,1,6,6,1,32,6,1995,2,13,BMW 3 SERIES,2,E01000087,0,-1
2020200971279,2020,200971279,2,9,0,18,19,8,4,0,0,8,0,0,0,0,1,1,1,1,1,28,6,1995,2,10,BMW 3 SERIES,2,E01009121,0,-1
202031D161020,2020,31D161020,1,9,0,18,19,4,1,0,0,0,0,4,0,0,1,1,6,6,1,28,6,1995,2,17,BMW 3 SERIES,2,E01028110,0,-1
2020460961097,2020,460961097,2,9,0,10,10,5,1,0,0,1,0,0,0,0,1,1,2,2,1,27,6,2171,1,16,BMW 3 SERIES,3,E01016155,0,-1
2020990991276,2020,990991276,1,9,0,5,5,5,2,0,0,1,0,0,0,0,1,1,6,6,1,36,7,2993,2,7,BMW 3 SERIES,4,-1,0,-1
2020460941200,2020,460941200,1,9,0,18,19,5,1,0,0,0,0,0,0,0,1,1,6,6,1,-1,-1,2993,2,11,BMW 3 SERIES,1,E01024609,0,-1
2020100961642,2020,100961642,2,9,0,3,3,5,1,0,0,8,0,2,0,0,4,1,1,1,1,50,8,2993,2,3,BMW 3 SERIES,-1,-1,0,-1
2020201020699,2020,201020699,4,9,0,18,19,2,5,0,0,0,0,0,0,0,0,1,1,1,1,-1,-1,2993,2,3,BMW 3 SERIES,5,E01009234,0,-1
2020010281959,2020,010281959,2,9,0,99,99,9,9,99,99,9,9,99,9,99,0,9,6,6,3,-1,-1,1995,1,10,BMW 3 SERIES,-1,-1,0,-1
2020070772538,2020,070772538,1,9,0,9,9,6,4,0,0,8,0,0,0,0,3,1,2,2,1,42,7,1995,1,13,BMW 3 SERIES,3,E01007118,0,-1
2020010262169,2020,010262169,1,9,0,18,19,3,7,2,2,0,0,0,0,0,1,1,6,6,1,21,5,1995,2,6,BMW 3 SERIES,4,E01032782,0,-1