collision_index,collision_year,collision_ref_no,vehicle_reference,vehicle_type,towing_and_articulation,vehicle_manoeuvre_historic,vehicle_manoeuvre,vehicle_direction_from,vehicle_direction_to,vehicle_location_restricted_lane_historic,vehicle_location_restricted_lane,junction_location,skidding_and_overturning,hit_object_in_carriageway,vehicle_leaving_carriageway,hit_object_off_carriageway,first_point_of_impact,vehicle_left_hand_drive,journey_purpose_of_driver_historic,journey_purpose_of_driver,sex_of_driver,age_of_driver,age_band_of_driver,engine_capacity_cc,propulsion_code,age_of_vehicle,generic_make_model,driver_imd_decile,lsoa_of_driver,escooter_flag,driver_distance_banding
2020070168668,2020,070168668,2,9,0,4,4,6,2,0,0,4,0,0,0,0,2,1,6,6,1,-1,-1,1995,2,8,BMW 3 SERIES,8,E01018582,0,-1
2020010277077,2020,010277077,1,9,0,99,99,9,9,99,99,1,9,99,9,99,1,1,2,2,1,34,6,1995,2,15,BMW 3 SERIES,3,E01023343,0,-1
2020010262992,2020,010262992,3,9,0,2,2,0,0,0,0,0,0,0,0,0,3,1,6,6,3,-1,-1,1998,1,0,BMW 3 SERIES,-1,-1,0,-1
2020360993059,2020,360993059,1,9,0,18,19,5,1,0,0,0,0,0,1,0,1,1,5,6,2,27,6,1995,1,15,BMW 3 SERIES,4,E01026759,0,-1
2020010257776,2020,010257776,2,9,0,99,99,9,9,99,99,1,9,99,9,99,1,9,6,6,3,24,5,2494,1,19,BMW 3 SERIES,2,E01001447,0,-1
2020052000179,2020,052000179,1,9,0,4,4,5,1,0,0,8,0,0,0,0,4,1,1,1,1,41,7,2993,2,1,BMW 3 SERIES,-1,-1,0,-1
2020231004740,2020,231004740,2,9,0,18,19,2,4,0,0,3,0,0,0,0,3,1,2,2,1,40,7,2993,2,5,BMW 3 SERIES,1,E01029828,0,-1
2020010259593,2020,010259593,2,9,0,18,19,7,3,0,0,1,0,0,0,0,1,1,6,6,1,22,5,2979,1,14,BMW 3 SERIES,5,E01033592,0,-1
202006L172700,2020,06L172700,2,9,0,3,3,1,5,0,0,1,0,0,0,0,3,1,1,1,1,35,6,1995,2,8,BMW 3 SERIES,9,E01006400,0,-1
2020010281942,2020,010281942,1,9,0,18,19,1,5,0,0,2,0,0,0,0,4,1,3,7,2,33,6,1995,2,6,BMW 3 SERIES,2,E01001079,0,-1
2020471011154,2020,471011154,1,9,0,18,19,2,6,0,0,4,0,0,0,0,1,1,6,6,1,50,8,1499,1,3,BMW 3 SERIES,10,E01031580,0,-1
2020520004267,2020,520004267,1,9,0,16,19,1,5,0,0,0,1,0,0,10,3,1,6,6,1,18,4,1796,1,21,BMW 3 SERIES,8,E01014824,0,-1
2020350955229,2020,350955229,1,9,0,18,19,1,8,0,0,1,0,0,0,0,1,1,5,6,1,43,7,1995,2,9,BMW 3 SERIES,1,E01015611,0,-1
2020010254342,2020,010254342,1,9,0,3,3,5,1,0,0,1,0,0,0,0,2,1,6,6,1,62,9,1998,1,2,BMW 3 SERIES,10,E01003869,0,-1
2020010244429,2020,010244429,3,9,0,18,19,5,1,0,0,8,1,0,0,0,1,1,6,6,1,-1,-1,2993,2,7,BMW 3 SERIES,-1,-1,0,-1
2020500988905,2020,500988905,2,9,0,18,19,3,7,0,0,0,0,0,0,0,1,1,5,6,1,20,4,1998,8,0,BMW 3 SERIES,8,E01019961,0,-1
2020010264260,2020,010264260,1,9,0,18,19,8,4,0,0,0,0,0,0,0,4,1,6,6,1,39,7,1995,2,7,BMW 3 SERIES,8,E01004110,0,-1
2020010279836,2020,010279836,1,9,0,18,19,3,7,0,0,0,0,0,0,0,1,1,6,6,1,26,6,2996,1,13,BMW 3 SERIES,1,E01004324,0,-1
2020200940893,2020,200940893,1,9,0,3,3,4,8,0,0,1,0,0,0,0,2,1,1,1,1,32,6,1995,2,3,BMW 3 SERIES,2,E01012605,0,-1
2020370940882,2020,370940882,2,9,0,18,19,1,5,0,0,8,0,0,0,0,1,1,5,6,1,29,6,1995,2,10,BMW 3 SERIES,6,E01029975,0,-1
2020010276957,2020,010276957,1,9,0,18,19,7,3,0,0,0,1,0,0,0,1,1,6,6,3,-1,-1,2993,2,4,BMW 3 SERIES,-1,-1,0,-1
2020010283774,2020,010283774,1,9,0,9,9,1,6,0,0,8,0,0,0,0,3,1,2,2,1,73,10,1995,1,17,BMW 3 SERIES,8,E01000271,0,-1
2020530957987,2020,530957987,3,9,0,2,2,0,0,6,6,0,0,0,0,0,2,1,5,6,1,23,5,1995,2,1,BMW 3 SERIES,6,E01012554,0,-1
2020122100154,2020,122100154,1,9,0,16,19,3,7,0,0,0,2,0,0,0,1,1,6,6,1,38,7,1995,1,13,BMW 3 SERIES,8,E01023195,0,-1
2020201021969,2020,201021969,1,9,0,9,9,2,8,0,0,6,0,0,0,0,1,1,1,1,1,34,6,2993,2,12,BMW 3 SERIES,5,E01009293,0,-1
2020400955121,2020,400955121,1,9,0,18,19,8,4,0,0,1,0,0,0,0,4,1,6,6,1,42,7,2993,2,14,BMW 3 SERIES,10,E01017625,0,-1
2020470951945,2020,470951945,1,9,0,18,19,2,6,0,0,1,5,0,0,0,1,1,5,6,1,20,4,2993,2,14,BMW 3 SERIES,7,E01021146,0,-1
2020302001444,2020,302001444,2,9,0,2,2,0,0,0,0,0,0,0,0,0,2,1,1,1,1,-1,-1,2993,2,3,BMW 3 SERIES,5,E01019456,0,-1
2020010273406,2020,010273406,2,9,0,99,99,9,9,99,99,9,9,99,9,99,9,9,6,6,3,-1,-1,1998,1,0,BMW 3 SERIES,-1,-1,0,-1
2020052000640,2020,052000640,2,9,0,2,2,0,0,0,0,8,0,0,0,0,1,1,6,6,3,-1,-1,1995,2,7,BMW 3 SERIES,-1,-1,0,-1
2020552000228,2020,552000228,1,9,0,18,19,7,3,0,0,0,0,0,0,0,1,1,6,6,1,29,6,1995,2,13,BMW 3 SERIES,2,E01015338,0,-1
2020520003199,2020,520003199,1,9,0,18,19,4,8,0,0,0,0,0,0,0,1,1,6,6,1,30,6,1995,2,10,BMW 3 SERIES,7,E01029278,0,-1
2020471004967,2020,471004967,1,9,0,7,7,7,1,0,0,8,0,0,0,0,4,1,2,2,1,40,7,1995,2,11,BMW 3 SERIES,3,E01015956,0,-1
2020137AK0498,2020,137AK0498,1,9,0,14,14,6,2,0,0,0,0,0,1,11,1,1,6,6,1,32,6,1995,2,4,BMW 3 SERIES,-1,-1,0,-1
2020010268033,2020,010268033,2,9,0,2,2,0,0,0,0,2,0,0,0,0,0,1,6,6,3,-1,-1,2979,1,17,BMW 3 SERIES,-1,-1,0,-1
2020140961047,2020,140961047,3,9,0,5,5,6,2,0,0,1,0,0,0,0,0,1,2,2,1,30,6,2993,2,0,BMW 3 SERIES,5,E01008139,0,-1
2020070707395,2020,070707395,1,9,0,13,13,7,3,0,0,0,0,0,0,0,2,1,2,2,1,43,7,1995,1,13,BMW 3 SERIES,2,E01012482,0,-1
2020501015106,2020,501015106,1,9,0,5,5,5,1,0,0,1,0,0,0,0,4,1,6,6,1,34,6,1995,1,13,BMW 3 SERIES,5,E01015179,0,-1
2020552001082,2020,552001082,1,9,0,18,19,2,6,0,0,0,0,0,0,0,1,1,6,6,1,34,6,2993,2,11,BMW 3 SERIES,5,E01015302,0,-1
2020470994908,2020,470994908,1,9,0,18,19,5,1,0,0,8,0,0,0,0,1,1,5,6,1,31,6,1995,2,7,BMW 3 SERIES,1,E01014729,0,-1
2020200992614,2020,200992614,1,9,0,18,19,2,6,0,0,0,0,0,0,0,1,1,1,1,1,42,7,2993,2,3,BMW 3 SERIES,9,E01009543,0,-1
2020440004593,2020,440004593,1,9,0,9,9,3,1,0,0,8,0,0,0,0,1,1,6,6,1,29,6,1995,1,9,BMW 3 SERIES,10,E01023181,0,-1
202031B123020,2020,31B123020,1,9,0,18,19,7,3,0,0,8,0,0,0,0,3,1,6,6,3,-1,-1,1995,2,10,BMW 3 SERIES,-1,-1,0,-1
2020320423775,2020,320423775,1,9,0,18,19,3,7,0,0,1,0,4,7,11,1,1,6,6,1,20,4,1995,2,9,BMW 3 SERIES,5,E01026245,0,-1
2020010266925,2020,010266925,1,9,0,4,4,1,5,0,0,0,0,4,0,0,2,1,6,6,1,29,6,1995,2,9,BMW 3 SERIES,2,E01000289,0,-1
2020010270416,2020,010270416,2,9,0,2,2,0,0,0,0,2,0,0,0,0,3,1,6,6,3,-1,-1,2993,2,9,BMW 3 SERIES,-1,-1,0,-1
20201372L1570,2020,1372L1570,1,9,0,18,19,5,1,0,0,0,2,11,7,10,1,1,6,6,1,30,6,2979,1,13,BMW 3 SERIES,-1,-1,0,-1
2020200989690,2020,200989690,1,9,0,18,19,6,2,0,0,1,0,0,3,0,4,1,5,6,1,22,5,1995,2,2,BMW 3 SERIES,4,E01009030,0,-1
2020552000940,2020,552000940,2,9,0,9,9,3,2,0,0,6,0,0,0,0,3,1,6,6,2,33,6,1995,2,7,BMW 3 SERIES,9,E01015356,0,-1
2020430044604,2020,430044604,1,9,0,18,19,4,8,0,0,0,1,11,0,6,1,1,1,1,1,25,5,1995,2,15,BMW 3 SERIES,7,E01000573,0,-1
2020070303876,2020,070303876,1,9,0,5,5,8,4,0,0,0,1,0,1,0,2,2,2,2,1,19,4,1995,2,16,BMW 3 SERIES,9,E01018526,0,-1
2020230921178,2020,230921178,1,9,0,5,5,5,8,0,0,0,0,0,0,0,3,1,5,6,1,25,5,1995,2,11,BMW 3 SERIES,4,E01031052,0,-1
202006K172285,2020,06K172285,1,9,0,18,19,3,7,0,0,8,0,0,0,0,1,1,6,6,2,31,6,2000,2,8,BMW 3 SERIES,1,E01006324,0,-1
2020220951791,2020,220951791,2,9,0,16,19,5,7,0,0,0,0,0,0,0,0,1,1,1,1,34,6,2993,2,2,BMW 3 SERIES,-1,-1,0,-1
202031C021320,2020,31C021320,1,9,0,18,19,6,2,0,0,0,0,0,0,0,1,1,6,6,3,-1,-1,1995,2,7,BMW 3 SERIES,-1,-1,0,-1
2020990995573,2020,990995573,1,9,0,18,19,4,8,0,0,0,0,0,0,0,3,1,6,6,1,38,7,1995,2,2,BMW 3 SERIES,4,-1,0,-1
2020010247321,2020,010247321,1,9,0,18,19,1,5,9,9,3,0,10,1,1,1,1,6,6,1,30,6,2979,1,15,BMW 3 SERIES,3,E01003280,0,-1
2020420989227,2020,420989227,1,9,0,18,19,6,2,0,0,0,1,0,0,0,1,1,6,6,1,29,6,2993,2,16,BMW 3 SERIES,2,E01021370,0,-1
2020052001521,2020,052001521,1,9,0,18,19,7,3,0,0,0,1,0,0,0,1,1,1,1,1,33,6,2993,2,1,BMW 3 SERIES,-1,-1,0,-1
2020340C01082,2020,340C01082,2,9,0,3,3,3,7,0,0,3,0,0,0,0,2,1,3,7,2,31,6,1995,1,8,BMW 3 SERIES,5,E01026956,0,-1
2020350953529,2020,350953529,2,9,0,18,19,1,5,0,0,0,0,0,0,0,4,1,5,6,1,35,6,1995,2,2,BMW 3 SERIES,10,E01018204,0,-1
20201371S1508,2020,1371S1508,1,9,0,18,19,8,4,0,0,0,0,0,0,0,1,1,6,6,1,57,9,1995,2,7,BMW 3 SERIES,3,E01011944,0,-1
2020231016808,2020,231016808,2,9,0,7,7,8,2,0,0,6,0,0,0,0,1,1,5,6,1,36,7,1995,2,14,BMW 3 SERIES,3,E01031047,0,-1
2020052000162,2020,052000162,1,9,0,18,19,3,7,0,0,3,0,0,7,2,1,1,6,6,2,38,7,1995,1,10,BMW 3 SERIES,1,E01006598,0,-1
2020010245507,2020,010245507,2,9,0,99,99,9,9,99,99,9,9,99,9,99,1,9,6,6,3,29,6,1997,1,7,BMW 3 SERIES,-1,-1,0,-1
2020010237845,2020,010237845,2,9,0,99,99,9,9,99,99,9,9,99,9,99,9,9,6,6,3,-1,-1,2996,1,13,BMW 3 SERIES,-1,-1,0,-1
202006N171118,2020,06N171118,5,9,0,18,19,3,7,0,0,0,0,0,0,0,0,1,1,1,1,51,8,2993,2,4,BMW 3 SERIES,4,E01005730,0,-1
2020221009551,2020,221009551,1,9,0,9,9,6,4,0,0,8,0,0,0,0,4,1,5,6,1,27,6,1998,8,4,BMW 3 SERIES,8,E01032446,0,-1
2020010272233,2020,010272233,1,9,0,18,19,7,3,0,0,2,0,0,0,0,1,1,3,7,2,51,8,2979,1,17,BMW 3 SERIES,6,E01002565,0,-1
2020200946530,2020,200946530,1,9,0,18,19,8,4,0,0,0,0,0,0,0,1,1,1,1,1,43,7,2998,1,5,BMW 3 SERIES,2,E01010404,0,-1
2020010251444,2020,010251444,2,8,0,18,19,3,7,0,0,1,0,0,0,0,1,1,6,6,1,30,6,1995,2,4,-1,5,E01001720,0,-1
2020010238157,2020,010238157,2,9,0,18,19,3,7,0,0,1,0,0,0,0,1,1,6,6,1,-1,-1,1995,2,16,BMW 3 SERIES,5,E01002167,0,-1
2020990949685,2020,990949685,1,9,0,18,19,3,7,0,0,4,0,0,0,0,1,1,5,6,1,23,5,2000,2,9,BMW 3 SERIES,2,-1,0,-1
2020302000979,2020,302000979,1,9,0,16,19,6,2,0,0,3,0,0,4,6,3,1,6,6,1,20,4,1995,2,10,BMW 3 SERIES,3,E01028111,0,-1
2020010286033,2020,010286033,1,9,0,16,19,1,5,0,0,5,0,0,0,0,1,1,6,6,2,25,5,2497,1,13,BMW 3 SERIES,3,E01002554,0,-1
2020122001359,2020,122001359,1,9,0,18,19,1,5,0,0,0,5,6,2,10,1,1,2,2,1,32,6,1995,2,4,BMW 3 SERIES,5,E01012338,0,-1
2020010237482,2020,010237482,2,9,0,99,99,9,9,99,99,1,9,99,9,99,1,9,6,6,3,30,6,1995,2,15,BMW 3 SERIES,-1,-1,0,-1
202031A107120,2020,31A107120,1,9,0,2,2,0,0,0,0,0,0,0,0,0,2,1,6,6,3,-1,-1,1995,2,6,BMW 3 SERIES,-1,-1,0,-1
2020990989186,2020,990989186,1,9,0,9,9,3,5,0,0,1,0,0,0,0,4,1,6,6,1,59,9,2494,1,19,BMW 3 SERIES,6,-1,0,-1
2020530967236,2020,530967236,1,9,0,18,19,7,7,0,0,4,1,0,0,0,1,1,6,6,1,31,6,2993,2,6,BMW 3 SERIES,1,E01022323,0,-1
2020010280568,2020,010280568,1,9,0,7,7,7,1,0,0,8,0,0,0,0,1,1,6,6,1,33,6,2993,2,5,BMW 3 SERIES,4,E01000518,0,-1
2020140967621,2020,140967621,1,9,0,18,19,1,5,0,0,1,0,0,0,0,1,1,2,2,1,39,7,1995,2,7,BMW 3 SERIES,7,E01007389,0,-1
2020461008817,2020,461008817,1,9,0,18,19,7,3,0,0,0,0,0,0,0,1,1,6,6,3,-1,-1,1995,2,16,BMW 3 SERIES,-1,-1,0,-1
2020320414396,2020,320414396,2,9,0,18,19,7,3,0,0,0,0,0,0,0,2,1,6,6,1,39,7,1995,2,6,BMW 3 SERIES,6,E01027971,0,-1
2020052001368,2020,052001368,1,9,0,8,8,8,2,0,0,1,0,0,0,0,1,1,6,6,2,65,9,1998,1,2,BMW 3 SERIES,10,E01007281,0,-1
2020010266044,2020,010266044,1,9,0,3,3,6,2,0,0,0,0,0,0,0,1,1,6,6,1,32,6,1995,2,6,BMW 3 SERIES,4,E01002055,0,-1
2020200946439,2020,200946439,4,9,0,18,19,3,7,0,0,8,0,0,0,0,0,1,1,1,1,-1,-1,2993,2,3,BMW 3 SERIES,-1,-1,0,-1
2020440466408,2020,440466408,2,9,0,9,9,6,4,0,0,8,0,0,0,0,0,1,6,6,2,46,8,2993,2,8,BMW 3 SERIES,3,E01017179,0,-1
2020201004598,2020,201004598,2,9,0,18,19,1,5,0,0,8,0,0,0,0,4,1,6,6,1,43,7,1995,2,7,BMW 3 SERIES,5,E01008885,0,-1
2020450982682,2020,450982682,2,9,0,18,19,3,7,0,0,1,0,4,0,0,0,1,1,1,1,39,7,2993,2,7,BMW 3 SERIES,6,E01030737,0,-1
2020210998486,2020,210998486,2,9,0,3,3,5,2,0,0,0,0,0,0,0,0,1,1,1,1,-1,-1,2993,2,2,BMW 3 SERIES,-1,-1,0,-1
2020010268816,2020,010268816,1,9,0,99,99,9,9,99,99,9,9,99,9,99,9,9,6,6,2,45,7,1995,2,12,BMW 3 SERIES,8,E01018277,0,-1
2020200970678,2020,200970678,2,9,0,5,5,1,8,0,0,6,0,0,0,0,4,1,6,6,1,45,7,1995,2,15,BMW 3 SERIES,1,E01033649,0,-1
2020010233480,2020,010233480,1,9,0,5,5,5,1,0,0,8,0,0,0,0,1,1,6,6,1,23,5,1995,2,14,BMW 3 SERIES,6,E01001033,0,-1
2020100976693,2020,100976693,3,9,0,18,19,5,1,0,0,1,0,0,0,0,0,1,1,1,1,53,8,2993,2,1,BMW 3 SERIES,-1,-1,0,-1
2020010230686,2020,010230686,2,9,0,99,99,9,9,99,99,9,9,99,9,99,9,9,6,6,3,-1,-1,1995,1,12,BMW 3 SERIES,-1,-1,0,-1
2020200987982,2020,200987982,1,9,0,9,9,2,8,0,0,5,0,0,0,0,1,1,6,6,1,50,8,2993,2,14,BMW 3 SERIES,3,E01009969,0,-1
2020010257129,2020,010257129,2,9,0,14,14,1,5,0,0,0,0,0,0,0,1,1,6,6,3,32,6,1995,2,9,BMW 3 SERIES,9,E01002509,0,-1
2020052001545,2020,052001545,1,9,0,18,19,4,8,0,0,0,0,0,0,0,1,1,6,6,2,57,9,1995,2,7,BMW 3 SERIES,8,E01006827,0,-1
2020460957876,2020,460957876,1,9,0,18,19,3,7,0,0,1,0,0,0,0,1,1,6,6,1,-1,-1,1995,2,13,BMW 3 SERIES,-1,-1,0,-1
2020522002982,2020,522002982,1,9,0,3,3,3,7,0,0,0,0,0,0,0,2,1,6,6,1,52,8,1995,1,17,BMW 3 SERIES,1,E01014729,0,-1
2020010251080,2020,010251080,1,9,0,99,99,9,9,99,99,9,9,99,9,99,9,9,2,2,1,22,5,1995,1,11,BMW 3 SERIES,7,E01024726,0,-1
2020040949181,2020,040949181,1,9,0,18,19,2,6,0,0,0,0,0,0,0,1,1,2,2,1,32,6,1995,2,15,BMW 3 SERIES,6,E01025402,0,-1
202031C102520,2020,31C102520,2,9,0,16,19,5,1,0,0,1,0,0,0,0,1,1,6,6,1,53,8,2996,2,10,BMW 3 SERIES,1,E01013871,0,-1
2020470970434,2020,470970434,2,9,0,18,19,6,2,0,0,0,0,0,0,0,1,1,2,2,1,23,5,1995,2,11,BMW 3 SERIES,5,E01032836,0,-1
2020010250024,2020,010250024,6,9,0,18,19,5,1,0,0,2,0,0,0,0,0,1,6,6,1,30,6,1995,2,9,BMW 3 SERIES,3,E01003716,0,-1
2020530924785,2020,530924785,1,9,0,17,19,2,6,0,0,0,1,0,1,0,1,1,3,7,2,26,6,1995,2,15,BMW 3 SERIES,10,E01022417,0,-1
202031C136220,2020,31C136220,2,9,0,2,2,0,0,0,0,1,0,0,0,0,1,1,6,6,1,30,6,1995,2,14,BMW 3 SERIES,6,E01028183,0,-1
2020460924514,2020,460924514,2,9,0,18,19,7,3,0,0,1,0,0,8,0,1,1,1,1,1,34,6,1995,2,15,BMW 3 SERIES,6,E01024557,0,-1
2020320510535,2020,320510535,2,9,0,17,19,6,2,0,0,0,0,0,0,0,1,1,6,6,2,43,7,1995,2,9,BMW 3 SERIES,3,E01026068,0,-1
2020360943920,2020,360943920,1,9,0,3,3,5,2,0,0,1,0,0,0,0,1,1,5,6,1,45,7,1995,2,3,BMW 3 SERIES,9,E01026513,0,-1
202006Q178503,2020,06Q178503,2,9,0,18,19,3,7,0,0,8,0,0,0,0,1,1,6,6,1,44,7,1995,2,5,BMW 3 SERIES,1,E01005348,0,-1
2020010228299,2020,010228299,3,9,0,99,99,9,9,99,99,4,9,99,9,99,2,9,6,6,3,-1,-1,1995,1,13,BMW 3 SERIES,-1,-1,0,-1
2020410987375,2020,410987375,2,9,0,18,19,1,5,0,0,0,1,0,0,0,3,1,5,6,2,38,7,2993,2,6,BMW 3 SERIES,9,E01016788,0,-1
2020530933061,2020,530933061,2,9,0,18,19,5,1,0,0,0,0,0,0,0,2,1,6,6,1,59,9,1995,2,10,BMW 3 SERIES,6,E01019912,0,-1
2020052002088,2020,052002088,1,9,0,5,5,1,5,0,0,0,0,0,0,0,4,1,6,6,1,56,9,1995,2,6,BMW 3 SERIES,7,E01006668,0,-1
2020350952703,2020,350952703,2,9,0,18,19,6,2,0,0,1,1,0,1,9,1,1,2,2,1,62,9,1995,1,12,BMW 3 SERIES,3,E01018094,0,-1
2020450980545,2020,450980545,1,9,0,3,3,5,7,0,0,4,0,0,0,0,2,1,6,6,1,52,8,1990,1,32,BMW 3 SERIES,5,E01002948,0,-1
2020010249083,2020,010249083,2,9,0,5,5,1,5,0,0,1,1,0,0,0,1,1,6,6,1,25,5,2171,1,14,BMW 3 SERIES,6,E01000575,0,-1
2020052000321,2020,052000321,2,9,0,3,3,3,7,0,0,1,0,0,0,0,1,1,6,6,1,36,7,1995,2,2,BMW 3 SERIES,5,E01006640,0,-1
202006M269778,2020,06M269778,2,9,0,18,19,3,7,0,0,8,0,0,0,0,1,1,6,6,1,51,8,1998,1,2,BMW 3 SERIES,9,E01006209,0,-1
2020500954962,2020,500954962,1,9,0,14,14,1,5,0,0,8,0,0,0,0,3,1,1,1,1,78,11,2993,2,13,BMW 3 SERIES,2,E01015158,0,-1
2020400931788,2020,400931788,3,9,0,4,4,1,5,0,0,1,0,0,0,0,1,1,5,6,2,57,9,1995,2,13,BMW 3 SERIES,9,E01017551,0,-1
2020530994128,2020,530994128,1,9,0,18,19,6,2,0,0,0,0,4,0,0,3,1,6,6,1,19,4,1995,2,14,BMW 3 SERIES,9,E01022342,0,-1
2020552000202,2020,552000202,2,9,0,18,19,2,6,0,0,8,0,0,0,0,1,1,6,6,1,23,5,1995,2,12,BMW 3 SERIES,6,E01023022,0,-1
2020470958658,2020,470958658,1,9,0,18,19,4,8,0,0,2,1,0,7,9,4,1,5,6,1,23,5,1995,2,6,BMW 3 SERIES,3,E01021050,0,-1
2020010245448,2020,010245448,1,9,0,18,19,2,6,0,0,1,0,0,1,10,1,1,6,6,1,25,5,2993,2,6,BMW 3 SERIES,9,E01000424,0,-1
2020545616820,2020,545616820,1,9,0,18,19,4,8,0,0,0,1,0,8,4,2,1,6,6,1,21,5,1895,1,20,BMW 3 SERIES,6,E01031842,0,-1
2020420987840,2020,420987840,1,9,0,2,2,0,0,0,0,2,0,0,0,0,3,1,5,6,2,27,6,1995,2,10,BMW 3 SERIES,3,E01021889,0,-1
2020010257634,2020,010257634,2,9,0,2,2,0,0,9,9,8,0,4,0,0,1,1,6,6,3,-1,-1,2993,2,6,BMW 3 SERIES,-1,-1,0,-1
2020052001513,2020,052001513,2,9,0,4,4,3,7,0,0,0,0,0,0,0,1,1,1,1,1,37,7,2993,2,1,BMW 3 SERIES,2,E01006751,0,-1
2020010262873,2020,010262873,2,9,0,99,99,9,9,99,99,0,9,99,9,99,1,9,6,6,3,-1,-1,1499,1,4,BMW 3 SERIES,5,E01017960,0,-1
2020460943716,2020,460943716,1,9,0,5,5,3,7,0,0,0,0,0,0,0,1,1,6,6,2,51,8,1995,2,10,BMW 3 SERIES,10,E01024781,0,-1
2020010241891,2020,010241891,1,9,0,4,4,2,6,0,0,1,0,0,0,0,2,9,6,6,2,49,8,1995,2,7,BMW 3 SERIES,4,E01003376,0,-1
2020411007396,2020,411007396,3,9,0,2,2,0,0,0,0,0,0,0,0,0,3,1,6,6,2,-1,-1,2993,2,11,BMW 3 SERIES,10,E01023372,0,-1
2020990929662,2020,990929662,2,9,0,3,3,5,3,0,0,1,0,0,0,0,2,1,6,6,1,51,8,2993,2,14,BMW 3 SERIES,3,-1,0,-1
2020500978807,2020,500978807,1,9,0,18,19,3,7,0,0,1,1,0,0,0,1,1,6,6,1,20,4,1895,1,19,BMW 3 SERIES,4,E01018961,0,-1
2020110922838,2020,110922838,3,9,0,3,3,6,2,0,0,0,0,0,0,0,2,1,6,6,1,22,5,1995,2,7,BMW 3 SERIES,1,E01020777,0,-1
2020400950755,2020,400950755,2,9,0,18,19,1,1,0,0,0,1,0,0,0,2,1,5,6,2,26,6,1995,2,7,BMW 3 SERIES,7,E01023398,0,-1
2020161004360,2020,161004360,1,9,0,14,14,1,5,0,0,0,0,0,0,0,2,1,5,6,2,45,7,1995,2,1,BMW 3 SERIES,9,E01013275,0,-1
2020010246592,2020,010246592,2,9,9,18,19,5,1,0,0,9,9,99,0,0,1,9,6,6,1,23,5,1995,2,5,BMW 3 SERIES,2,E01001976,0,-1
2020201006832,2020,201006832,6,9,0,18,19,7,3,0,0,0,0,0,0,0,1,1,6,6,1,22,5,1995,2,15,BMW 3 SERIES,1,E01011429,0,-1
2020010232903,2020,010232903,2,9,0,2,2,0,0,0,0,0,0,0,0,0,2,1,6,6,3,-1,-1,1997,1,6,BMW 3 SERIES,-1,-1,0,-1
2020200990498,2020,200990498,3,9,0,2,2,0,0,0,0,1,0,4,0,0,1,1,6,6,1,48,8,1995,1,11,BMW 3 SERIES,1,E01009182,0,-1
2020370938317,2020,370938317,1,9,0,18,19,7,3,0,0,8,0,10,0,0,1,1,2,2,1,70,10,1997,1,6,BMW 3 SERIES,7,E01029871,0,-1
2020440079998,2020,440079998,2,9,0,18,19,6,2,0,0,7,0,0,0,0,1,1,2,2,1,38,7,1995,1,14,BMW 3 SERIES,9,E01022982,0,-1
2020410983339,2020,410983339,1,9,0,16,19,2,6,0,0,0,1,11,0,0,1,1,5,6,1,24,5,2979,1,14,BMW 3 SERIES,8,E01018223,0,-1
2020320127764,2020,320127764,1,9,0,18,19,1,5,0,0,0,0,0,0,0,1,1,6,6,1,24,5,1995,2,5,BMW 3 SERIES,6,E01026380,0,-1
2020052000038,2020,052000038,1,9,0,4,4,8,4,0,0,1,0,0,7,1,1,1,6,6,2,80,11,1995,1,10,BMW 3 SERIES,9,E01025501,0,-1
2020010243628,2020,010243628,2,9,9,6,6,7,7,0,0,9,9,99,9,99,9,9,6,6,1,-1,-1,1995,2,5,BMW 3 SERIES,-1,-1,0,-1
2020010237784,2020,010237784,2,9,0,9,9,6,3,0,0,2,0,0,0,0,3,1,6,6,3,-1,-1,1995,1,14,BMW 3 SERIES,-1,-1,0,-1
2020052000980,2020,052000980,1,9,0,18,19,1,5,0,0,0,0,0,0,0,3,1,1,1,1,30,6,2993,2,1,BMW 3 SERIES,6,E01006529,0,-1
2020211025342,2020,211025342,2,9,-1,-1,-1,-1,-1,-1,-1,0,-1,-1,-1,0,-1,1,5,6,1,-1,-1,2993,2,2,BMW 3 SERIES,8,E01029742,0,-1
2020500960875,2020,500960875,1,9,0,9,9,6,2,0,0,2,0,0,0,0,1,1,6,6,1,21,5,1596,1,26,BMW 3 SERIES,8,E01020170,0,-1
2020610038520,2020,610038520,1,9,0,18,19,3,7,0,0,4,1,9,0,0,1,1,6,6,3,-1,-1,1995,2,17,BMW 3 SERIES,-1,-1,0,-1
2020200996581,2020,200996581,1,9,0,18,19,5,1,0,0,0,0,0,0,0,3,1,6,6,1,-1,-1,1995,2,0,BMW 3 SERIES,-1,-1,0,-1
2020460999633,2020,460999633,2,9,0,18,19,7,3,0,0,0,0,0,0,0,1,1,6,6,2,40,7,1995,2,9,BMW 3 SERIES,7,E01024141,0,-1
2020010267702,2020,010267702,2,9,0,99,99,9,9,99,99,9,9,99,9,99,1,9,6,6,3,-1,-1,1995,1,12,BMW 3 SERIES,-1,-1,0,-1
2020410953467,2020,410953467,2,9,0,7,7,1,4,0,0,4,0,0,0,0,1,1,6,6,1,36,7,1995,2,9,BMW 3 SERIES,7,E01023602,0,-1
2020200979876,2020,200979876,1,9,0,18,19,2,6,0,0,2,0,0,0,0,1,1,1,1,1,-1,-1,2993,2,3,BMW 3 SERIES,-1,-1,0,-1