collision_index,collision_year,collision_ref_no,vehicle_reference,vehicle_type,towing_and_articulation,vehicle_manoeuvre_historic,vehicle_manoeuvre,vehicle_direction_from,vehicle_direction_to,vehicle_location_restricted_lane_historic,vehicle_location_restricted_lane,junction_location,skidding_and_overturning,hit_object_in_carriageway,vehicle_leaving_carriageway,hit_object_off_carriageway,first_point_of_impact,vehicle_left_hand_drive,journey_purpose_of_driver_historic,journey_purpose_of_driver,sex_of_driver,age_of_driver,age_band_of_driver,engine_capacity_cc,propulsion_code,age_of_vehicle,generic_make_model,driver_imd_decile,lsoa_of_driver,escooter_flag,driver_distance_banding
2020400954640,2020,400954640,2,9,0,13,13,5,1,0,0,0,1,0,1,0,4,1,1,1,1,40,7,2993,2,4,BMW 3 SERIES,2,E01023758,0,-1
2020461019169,2020,461019169,2,9,0,14,14,1,5,2,2,2,0,11,0,0,1,1,1,1,1,51,8,2979,1,12,BMW 3 SERIES,8,E01016122,0,-1
2020010235015,2020,010235015,1,9,0,18,19,1,5,0,0,8,0,0,0,0,1,1,6,6,3,-1,-1,1995,2,9,BMW 3 SERIES,-1,-1,0,-1
2020170L20460,2020,170L20460,1,9,0,18,19,5,1,0,0,0,0,0,0,0,1,1,6,6,1,20,4,1995,2,5,BMW 3 SERIES,7,E01012055,0,-1
2020010280060,2020,010280060,2,9,9,99,99,9,9,99,99,0,9,99,9,99,9,9,6,6,1,30,6,1995,2,13,BMW 3 SERIES,2,E01001334,0,-1
2020450981150,2020,450981150,1,9,0,18,19,3,1,0,0,3,0,0,0,0,1,1,6,6,1,28,6,2979,1,18,BMW 3 SERIES,2,E01024247,0,-1
2020622001087,2020,622001087,2,9,0,18,19,5,1,0,0,8,0,0,0,0,4,1,1,1,1,45,7,2993,2,3,BMW 3 SERIES,9,W01001820,0,-1
2020421006575,2020,421006575,1,9,0,7,7,1,3,0,0,0,0,0,0,0,0,1,6,6,1,20,4,1995,1,13,BMW 3 SERIES,-1,-1,0,-1
2020622001066,2020,622001066,2,9,0,18,19,4,8,0,0,0,0,0,0,0,1,1,6,6,1,22,5,1995,2,13,BMW 3 SERIES,1,W01001274,0,-1
2020500959592,2020,500959592,2,9,0,18,19,3,7,0,0,0,1,0,0,0,1,1,5,6,1,31,6,1995,2,10,BMW 3 SERIES,7,E01018934,0,-1
2020420967227,2020,420967227,2,9,0,18,19,7,2,0,0,4,0,0,0,0,1,1,6,6,1,24,5,1995,1,11,BMW 3 SERIES,6,E01003786,0,-1
2020200970592,2020,200970592,2,9,0,18,19,-1,-1,0,0,8,0,0,0,0,1,1,2,2,2,28,6,1995,2,16,BMW 3 SERIES,5,E01009882,0,-1
2020230937236,2020,230937236,4,9,0,2,2,0,0,0,0,0,0,4,0,0,1,1,5,6,2,22,5,2171,1,18,BMW 3 SERIES,5,E01031171,0,-1
2020010238653,2020,010238653,1,9,0,1,1,5,3,0,0,7,0,0,2,1,0,1,6,6,1,31,6,1995,2,7,BMW 3 SERIES,6,E01003711,0,-1
2020010278725,2020,010278725,1,9,0,4,4,1,5,0,0,1,1,4,0,0,1,1,6,6,1,34,6,1995,1,12,BMW 3 SERIES,3,E01001513,0,-1
2020052001387,2020,052001387,2,9,0,18,19,3,7,0,0,0,0,0,0,0,1,1,1,1,1,27,6,2993,2,3,BMW 3 SERIES,1,E01006678,0,-1
2020137AG1175,2020,137AG1175,1,9,0,5,5,6,4,0,0,6,0,0,0,0,1,1,2,2,1,54,8,1998,8,3,BMW 3 SERIES,8,E01027887,0,-1
2020010244605,2020,010244605,1,9,0,99,99,9,9,99,99,9,9,99,9,99,2,9,6,6,1,31,6,1995,2,7,BMW 3 SERIES,5,E01002446,0,-1
2020544008420,2020,544008420,1,9,0,18,19,7,3,0,0,0,5,10,0,9,1,1,1,1,2,53,8,1995,2,8,BMW 3 SERIES,5,E01029058,0,-1
2020470972927,2020,470972927,2,9,0,5,5,2,6,0,0,5,0,0,0,0,1,1,5,6,1,58,9,2494,1,20,BMW 3 SERIES,1,E01020912,0,-1
2020450919433,2020,450919433,1,9,0,18,19,1,5,0,0,8,0,0,0,0,4,1,6,6,1,57,9,2979,1,17,BMW 3 SERIES,7,E01002653,0,-1
2020430073613,2020,430073613,2,9,0,18,19,7,3,0,0,8,0,0,7,3,1,1,6,6,1,69,10,2993,2,16,BMW 3 SERIES,7,E01028493,0,-1
2020040926445,2020,040926445,1,9,0,18,19,1,5,0,0,0,0,0,0,0,1,1,2,2,1,27,6,1995,1,10,BMW 3 SERIES,9,E01024980,0,-1
2020552000135,2020,552000135,2,9,0,18,19,7,3,0,0,0,0,0,0,0,4,1,3,7,2,40,7,1991,1,24,BMW 3 SERIES,5,E01015421,0,-1
2020500969569,2020,500969569,1,9,0,18,19,1,5,0,0,0,0,0,0,0,1,1,5,6,1,32,6,1995,2,7,BMW 3 SERIES,9,E01014441,0,-1
2020450967910,2020,450967910,2,9,0,18,19,6,2,0,0,0,0,0,0,0,1,1,5,6,2,28,6,1995,2,12,BMW 3 SERIES,6,E01030759,0,-1
2020400977435,2020,400977435,3,9,0,18,19,2,6,0,0,0,0,0,0,0,2,1,6,6,1,31,6,1995,2,8,BMW 3 SERIES,1,E01005164,0,-1
2020990953883,2020,990953883,3,9,0,4,4,1,5,0,0,0,0,0,0,0,2,1,5,6,1,41,7,1995,2,2,BMW 3 SERIES,5,-1,0,-1
2020070660438,2020,070660438,2,9,0,9,9,7,5,0,0,3,0,0,0,0,2,1,6,6,2,34,6,1998,8,0,BMW 3 SERIES,4,E01012498,0,-1
2020201001903,2020,201001903,1,9,0,9,9,2,8,0,0,6,0,0,0,0,4,1,6,6,1,32,6,1995,2,3,BMW 3 SERIES,5,E01032589,0,-1
2020622000561,2020,622000561,2,9,0,17,19,2,6,0,0,0,0,0,0,0,3,1,6,6,1,39,7,1995,2,6,BMW 3 SERIES,6,W01001076,0,-1
2020460919842,2020,460919842,1,9,0,17,19,7,3,0,0,2,0,0,0,0,1,1,5,6,2,59,9,1995,2,15,BMW 3 SERIES,3,E01024166,0,-1
2020302000715,2020,302000715,2,9,0,18,19,2,6,0,0,1,0,0,0,0,4,1,6,6,1,22,5,2000,2,9,BMW 3 SERIES,3,E01019511,0,-1
2020010241315,2020,010241315,4,9,0,2,2,0,0,9,9,1,0,0,0,0,1,1,6,6,3,-1,-1,1995,1,10,BMW 3 SERIES,-1,-1,0,-1
202031A178120,2020,31A178120,2,9,0,18,19,1,5,0,0,0,1,0,7,4,3,1,6,6,1,24,5,2993,2,7,BMW 3 SERIES,3,E01019401,0,-1
2020010283009,2020,010283009,1,9,0,18,19,3,7,0,0,8,0,10,0,0,3,1,6,6,1,23,5,1995,1,18,BMW 3 SERIES,5,E01032741,0,-1
2020501001694,2020,501001694,1,9,0,7,7,5,2,0,0,1,0,0,0,0,1,1,6,6,1,29,6,1995,2,15,BMW 3 SERIES,2,E01015218,0,-1
2020052000374,2020,052000374,1,9,0,18,19,5,1,0,0,0,0,0,0,0,0,1,6,6,1,53,8,1995,2,15,BMW 3 SERIES,1,E01006562,0,-1
2020302000835,2020,302000835,1,9,0,11,11,1,5,0,0,0,0,0,1,4,1,1,6,6,1,26,6,1995,1,13,BMW 3 SERIES,9,E01029478,0,-1
2020140952771,2020,140952771,2,9,0,18,19,3,7,0,0,8,0,0,0,0,1,1,1,1,1,75,10,1998,8,3,BMW 3 SERIES,-1,-1,0,-1
2020470952715,2020,470952715,2,9,0,18,19,7,3,0,0,1,0,0,0,0,0,1,1,1,1,48,8,2993,2,2,BMW 3 SERIES,6,E01021034,0,-1
2020010286325,2020,010286325,1,9,0,18,19,3,7,0,0,1,1,0,1,2,3,1,6,6,1,38,7,1995,1,17,BMW 3 SERIES,4,E01004765,0,-1
2020430066954,2020,430066954,1,9,0,18,19,6,2,0,0,2,0,0,0,0,3,1,6,6,1,20,4,1995,2,7,BMW 3 SERIES,3,E01016511,0,-1
2020010233781,2020,010233781,2,9,0,99,99,9,9,99,99,9,9,99,9,99,1,9,6,6,3,-1,-1,1995,2,7,BMW 3 SERIES,-1,-1,0,-1
2020410972086,2020,410972086,2,9,0,18,19,2,6,0,0,0,0,0,0,0,3,1,5,6,1,76,11,2494,1,18,BMW 3 SERIES,6,E01000232,0,-1
2020200949014,2020,200949014,2,9,0,2,2,0,0,9,9,0,0,0,0,0,0,1,6,6,1,-1,-1,2993,2,3,BMW 3 SERIES,-1,-1,0,-1
2020010254988,2020,010254988,1,9,0,4,4,5,1,0,0,0,9,0,0,99,2,9,6,6,1,38,7,1995,1,14,BMW 3 SERIES,8,E01016595,0,-1
2020400995539,2020,400995539,1,9,0,7,7,1,5,0,0,6,0,0,0,0,1,1,6,6,3,-1,-1,1995,2,14,BMW 3 SERIES,-1,-1,0,-1
2020420951208,2020,420951208,2,9,0,18,19,3,7,0,0,1,0,0,0,0,2,1,1,1,1,37,7,2993,2,4,BMW 3 SERIES,8,E01021537,0,-1
2020140974297,2020,140974297,1,9,0,18,19,3,7,0,0,1,0,0,0,0,0,1,1,1,1,42,7,2993,2,0,BMW 3 SERIES,-1,-1,0,-1
2020430085081,2020,430085081,2,9,0,3,3,1,5,0,0,8,0,0,0,0,2,1,6,6,1,77,11,1895,1,19,BMW 3 SERIES,5,E01017899,0,-1
2020010249355,2020,010249355,2,9,0,6,6,1,1,0,0,0,0,0,0,0,1,1,6,6,1,28,6,1995,2,4,BMW 3 SERIES,6,E01004485,0,-1
2020201014511,2020,201014511,2,9,0,3,3,1,5,0,0,1,0,0,0,0,2,1,6,6,1,59,9,1995,2,11,BMW 3 SERIES,1,E01008916,0,-1
2020990916713,2020,990916713,2,9,0,9,9,4,2,0,0,2,0,0,0,0,1,1,5,6,2,47,8,1995,2,5,BMW 3 SERIES,8,-1,0,-1
2020460934400,2020,460934400,2,9,0,3,3,3,7,0,0,0,1,0,0,0,4,1,5,6,1,24,5,1995,2,6,BMW 3 SERIES,9,E01033214,0,-1
2020160958846,2020,160958846,1,9,0,9,9,1,7,0,0,6,0,0,0,0,1,2,6,6,2,30,6,1995,2,14,BMW 3 SERIES,3,E01012913,0,-1
2020990984583,2020,990984583,2,9,0,4,4,3,7,0,0,0,0,0,0,0,2,1,5,6,1,33,6,2993,2,13,BMW 3 SERIES,4,-1,0,-1
2020302001701,2020,302001701,1,9,0,18,19,5,2,0,0,0,5,0,0,0,1,1,6,6,1,33,6,2993,2,11,BMW 3 SERIES,2,E01019543,0,-1
2020031007860,2020,031007860,2,9,0,10,10,4,4,0,0,6,0,0,0,0,1,1,6,6,3,-1,-1,1995,2,9,BMW 3 SERIES,-1,-1,0,-1
2020470956359,2020,470956359,2,9,0,17,19,7,4,0,0,0,0,0,0,0,1,1,2,2,2,55,8,1995,2,13,BMW 3 SERIES,9,E01031393,0,-1
2020100972214,2020,100972214,2,9,0,4,4,7,3,0,0,4,0,0,0,0,2,1,5,6,2,41,7,2993,2,12,BMW 3 SERIES,2,E01008330,0,-1
2020010263263,2020,010263263,1,9,3,7,7,5,8,0,0,1,0,0,1,0,1,1,6,6,1,35,6,1995,1,11,BMW 3 SERIES,2,E01001008,0,-1
2020010286848,2020,010286848,2,9,0,99,99,9,9,99,99,9,9,99,9,99,1,9,6,6,3,51,8,1997,1,7,BMW 3 SERIES,10,E01004190,0,-1
2020220963263,2020,220963263,1,9,0,18,19,4,1,0,0,2,1,0,1,1,4,1,5,6,1,42,7,2979,1,17,BMW 3 SERIES,3,E01010218,0,-1
2020010239988,2020,010239988,1,9,0,2,2,0,0,0,0,9,9,99,9,99,2,9,6,6,1,46,8,1998,8,4,BMW 3 SERIES,-1,-1,0,-1
2020140995283,2020,140995283,2,9,0,18,19,5,1,0,0,8,0,0,0,0,3,1,5,6,1,27,6,2993,2,4,BMW 3 SERIES,3,E01008068,0,-1
2020451011211,2020,451011211,1,9,0,12,12,7,3,0,0,0,1,0,0,0,2,1,5,6,2,72,10,1596,1,25,BMW 3 SERIES,9,E01030768,0,-1
2020990979777,2020,990979777,1,9,0,16,19,6,1,0,0,0,0,0,0,0,1,1,6,6,1,26,6,1796,1,16,BMW 3 SERIES,3,-1,0,-1
2020460983506,2020,460983506,2,9,0,13,13,7,3,0,0,2,0,0,0,0,4,1,6,6,1,25,5,1499,1,3,BMW 3 SERIES,6,E01024357,0,-1
2020160959198,2020,160959198,1,9,0,7,7,5,7,0,0,2,0,4,8,4,3,1,5,6,1,34,6,1995,1,14,BMW 3 SERIES,5,E01013313,0,-1
2020201009373,2020,201009373,1,9,0,18,19,7,3,0,0,0,1,0,0,0,4,1,6,6,1,27,6,1995,2,16,BMW 3 SERIES,2,E01010004,0,-1
202031B010620,2020,31B010620,1,9,0,18,19,6,2,0,0,1,0,0,0,0,1,1,6,6,1,49,8,1995,2,3,BMW 3 SERIES,7,E01026220,0,-1
2020440031955,2020,440031955,2,9,0,18,19,1,5,0,0,0,0,0,0,0,3,1,6,6,1,61,9,1995,2,8,BMW 3 SERIES,9,E01023191,0,-1
2020460973816,2020,460973816,1,9,0,9,9,3,1,0,0,2,0,0,0,0,3,1,6,6,1,56,9,1995,2,14,BMW 3 SERIES,5,E01016158,0,-1
2020230967577,2020,230967577,1,9,0,18,19,3,7,0,0,0,0,0,0,0,1,1,5,6,1,25,5,1995,2,9,BMW 3 SERIES,7,E01031247,0,-1
2020010256406,2020,010256406,2,9,0,18,19,3,7,0,0,2,0,0,0,0,1,1,6,6,1,65,9,1997,1,6,BMW 3 SERIES,7,E01032573,0,-1
2020200987004,2020,200987004,2,9,0,9,9,8,6,0,0,6,0,0,0,0,1,1,6,6,3,-1,-1,2993,2,6,BMW 3 SERIES,-1,-1,0,-1
2020350959831,2020,350959831,1,9,0,3,3,-1,-1,0,0,0,0,0,0,0,2,1,6,6,3,-1,-1,2993,2,13,BMW 3 SERIES,-1,-1,0,-1
2020410932325,2020,410932325,2,9,0,3,3,6,2,0,0,0,0,0,0,0,2,1,2,2,1,41,7,2993,2,4,BMW 3 SERIES,10,E01023516,0,-1
202006J172648,2020,06J172648,3,9,0,18,19,4,8,0,0,6,0,0,0,0,3,1,6,6,2,47,8,1796,1,21,BMW 3 SERIES,4,E01005757,0,-1
2020010259549,2020,010259549,1,9,0,99,99,9,9,99,99,0,9,99,9,99,2,9,6,6,1,30,6,1995,2,15,BMW 3 SERIES,3,E01000055,0,-1
2020210943134,2020,210943134,3,9,0,17,19,7,4,0,0,1,0,0,0,0,4,1,6,6,2,35,6,1995,2,14,BMW 3 SERIES,3,E01029810,0,-1
2020010229468,2020,010229468,2,9,0,99,99,9,9,99,99,9,9,99,9,99,0,9,6,6,3,-1,-1,1995,1,13,BMW 3 SERIES,-1,-1,0,-1
2020460987996,2020,460987996,3,9,0,18,19,5,1,0,0,1,0,0,0,0,0,1,1,1,1,36,7,2993,2,2,BMW 3 SERIES,3,E01024717,0,-1
2020010244633,2020,010244633,2,9,0,99,99,9,9,99,99,9,9,99,9,99,1,9,6,6,3,-1,-1,1995,1,11,BMW 3 SERIES,-1,-1,0,-1
2020010268715,2020,010268715,2,9,0,99,99,9,9,99,99,0,9,99,9,99,9,9,6,6,1,54,8,1995,2,8,BMW 3 SERIES,1,E01002588,0,-1
2020010248425,2020,010248425,2,9,0,18,19,7,3,0,0,0,1,7,0,0,2,1,2,2,1,29,6,1995,2,9,BMW 3 SERIES,5,E01001646,0,-1
2020010236339,2020,010236339,2,9,0,99,99,9,9,99,99,0,9,99,9,99,2,9,6,6,3,-1,-1,1995,2,12,BMW 3 SERIES,-1,-1,0,-1
2020010266878,2020,010266878,2,9,0,99,99,9,9,99,99,9,9,99,9,99,1,9,6,6,3,34,6,1995,2,9,BMW 3 SERIES,6,E01001341,0,-1
2020470954901,2020,470954901,1,9,0,9,9,4,2,0,0,8,0,0,0,0,1,1,2,2,1,26,6,1995,2,13,BMW 3 SERIES,3,E01017007,0,-1
2020400981087,2020,400981087,1,9,0,5,5,2,6,0,0,6,0,0,0,0,1,1,5,6,1,37,7,1995,2,11,BMW 3 SERIES,1,E01015795,0,-1
2020500936748,2020,500936748,2,9,0,3,3,3,7,0,0,0,0,0,0,0,2,1,1,1,2,53,8,1995,2,6,BMW 3 SERIES,5,E01018945,0,-1
2020500945962,2020,500945962,2,9,0,18,19,1,5,0,0,0,0,0,0,0,1,1,2,2,2,30,6,1995,2,9,BMW 3 SERIES,5,E01018821,0,-1
2020137AR1259,2020,137AR1259,2,9,0,18,19,5,1,0,0,4,0,0,0,0,4,1,6,6,1,35,6,1995,2,1,BMW 3 SERIES,5,E01011732,0,-1
202006F274086,2020,06F274086,2,9,0,18,19,1,5,0,0,8,0,0,1,1,1,1,6,6,1,22,5,1995,2,6,BMW 3 SERIES,-1,-1,0,-1
2020041030355,2020,041030355,1,9,0,1,1,1,5,0,0,0,0,0,0,0,3,1,6,6,1,30,6,1995,1,8,BMW 3 SERIES,-1,-1,0,-1
2020230981665,2020,230981665,2,9,0,18,19,6,2,0,0,0,1,0,0,0,1,1,5,6,1,25,5,2494,1,19,BMW 3 SERIES,3,E01031332,0,-1
2020220930397,2020,220930397,1,9,0,18,19,2,6,0,0,8,0,0,7,4,1,1,5,6,1,38,7,2497,1,14,BMW 3 SERIES,9,E01033528,0,-1
2020520001764,2020,520001764,5,9,0,4,4,5,1,0,0,0,0,0,0,0,1,1,6,6,1,57,9,2993,2,4,BMW 3 SERIES,6,E01019928,0,-1
2020430419024,2020,430419024,2,9,0,18,19,6,2,0,0,1,0,0,0,0,1,1,6,6,1,-1,-1,1995,1,10,BMW 3 SERIES,-1,-1,0,-1
2020230937797,2020,230937797,2,9,0,18,19,7,3,0,0,8,0,0,7,0,4,1,5,6,1,38,7,1995,2,6,BMW 3 SERIES,8,E01031103,0,-1
2020052000347,2020,052000347,2,9,0,2,2,0,0,0,0,0,0,0,0,0,2,1,6,6,1,37,7,1995,2,12,BMW 3 SERIES,4,E01018549,0,-1
2020141001261,2020,141001261,5,9,0,18,19,1,5,0,0,0,0,0,0,0,1,1,2,2,2,25,5,1995,2,9,BMW 3 SERIES,5,E01007608,0,-1
2020470938701,2020,470938701,1,9,0,9,9,4,8,0,0,5,0,0,0,0,1,1,2,2,1,47,8,1997,1,6,BMW 3 SERIES,5,E01016892,0,-1
202031B134020,2020,31B134020,2,9,0,2,2,0,0,0,0,1,0,0,0,0,2,1,6,6,3,-1,-1,1995,2,5,BMW 3 SERIES,-1,-1,0,-1
2020302000409,2020,302000409,2,9,0,3,3,3,7,6,6,0,0,0,0,0,3,1,6,6,1,32,6,1995,2,9,BMW 3 SERIES,6,E01027971,0,-1
2020460922409,2020,460922409,3,9,0,16,19,2,6,0,0,0,0,0,0,0,1,1,6,6,1,19,4,1995,2,6,BMW 3 SERIES,6,E01024094,0,-1
2020410978117,2020,410978117,1,9,0,5,5,5,1,0,0,4,0,0,0,0,1,1,5,6,1,31,6,1995,2,13,BMW 3 SERIES,5,E01015777,0,-1
2020010269445,2020,010269445,2,9,0,18,19,1,5,0,0,0,0,0,9,0,1,9,6,6,1,40,7,1995,1,12,BMW 3 SERIES,5,E01002184,0,-1
2020520004973,2020,520004973,1,9,0,9,9,8,6,0,0,8,0,0,3,0,4,1,6,6,1,26,6,1998,1,0,BMW 3 SERIES,3,W01001051,0,-1
2020140914885,2020,140914885,1,9,0,9,9,8,6,0,0,6,0,0,0,0,4,1,1,1,1,46,8,1796,1,17,BMW 3 SERIES,1,E01007648,0,-1
2020500983864,2020,500983864,2,9,0,17,19,5,1,0,0,1,0,0,0,0,3,1,5,6,1,42,7,1895,1,20,BMW 3 SERIES,3,E01020282,0,-1
2020010280991,2020,010280991,1,9,0,2,2,0,0,0,0,1,0,11,0,0,3,1,6,6,3,-1,-1,1995,1,13,BMW 3 SERIES,-1,-1,0,-1
2020360981382,2020,360981382,1,9,0,18,19,3,7,0,0,1,0,0,0,0,-1,1,1,1,1,33,6,1995,2,12,BMW 3 SERIES,6,E01026686,0,-1
2020010258606,2020,010258606,2,9,0,5,5,1,5,0,0,0,0,0,0,0,1,1,6,6,1,37,7,1995,1,12,BMW 3 SERIES,2,E01013624,0,-1
2020430273893,2020,430273893,1,9,0,1,1,1,5,0,0,6,0,0,0,0,2,1,6,6,1,32,6,2497,1,13,BMW 3 SERIES,-1,-1,0,-1
2020137971320,2020,137971320,1,9,0,16,19,8,4,0,0,0,1,10,7,0,1,1,6,6,1,22,5,2993,2,6,BMW 3 SERIES,3,E01011257,0,-1
2020201001024,2020,201001024,2,9,0,16,19,2,5,0,0,8,0,0,0,0,1,1,1,1,3,27,6,1995,1,13,BMW 3 SERIES,6,E01009278,0,-1
2020411011924,2020,411011924,1,9,0,18,19,4,8,9,9,0,1,11,1,2,1,1,6,6,3,-1,-1,1995,2,7,BMW 3 SERIES,-1,-1,0,-1
2020010245857,2020,010245857,2,9,0,5,5,5,1,0,0,1,0,4,3,0,2,1,6,6,3,-1,-1,1995,2,8,BMW 3 SERIES,-1,-1,0,-1
2020010237650,2020,010237650,2,9,0,99,99,9,9,99,99,9,9,99,9,99,1,9,6,6,3,30,6,1998,1,4,BMW 3 SERIES,3,E01001089,0,-1
2020430160671,2020,430160671,2,9,0,18,19,3,7,0,0,5,0,0,0,0,1,1,6,6,1,38,7,1995,1,11,BMW 3 SERIES,9,E01028748,0,-1
2020440449884,2020,440449884,3,9,0,3,3,3,7,0,0,1,0,0,0,0,2,1,1,1,1,-1,-1,2993,2,3,BMW 3 SERIES,9,E01022689,0,-1
2020010235030,2020,010235030,1,9,0,18,19,5,1,0,0,4,0,0,0,0,1,1,3,7,2,30,6,1995,1,15,BMW 3 SERIES,4,E01004215,0,-1
2020010272554,2020,010272554,1,9,0,18,19,1,5,0,0,1,0,0,0,0,1,1,3,7,2,35,6,1995,2,4,BMW 3 SERIES,2,E01001477,0,-1
2020040944597,2020,040944597,1,9,0,15,15,3,7,0,0,1,0,0,0,0,4,1,6,6,1,26,6,1995,2,14,BMW 3 SERIES,8,E01025018,0,-1
2020461012426,2020,461012426,3,9,0,18,19,7,3,0,0,0,0,0,0,0,2,1,6,6,1,42,7,2993,2,8,BMW 3 SERIES,9,E01016027,0,-1
2020200948611,2020,200948611,2,9,0,18,19,-1,-1,0,0,0,0,0,0,0,1,1,6,6,1,36,7,1995,2,9,BMW 3 SERIES,1,E01008898,0,-1
2020351019271,2020,351019271,1,9,0,18,19,8,4,0,0,0,0,4,0,0,1,1,6,6,1,85,11,1995,1,13,BMW 3 SERIES,8,E01015685,0,-1
2020140994659,2020,140994659,1,9,0,18,19,2,6,0,0,8,0,0,0,0,1,1,5,6,1,24,5,1995,2,13,BMW 3 SERIES,5,E01007476,0,-1
2020450953638,2020,450953638,1,9,0,16,19,6,1,0,0,0,0,0,0,0,1,1,1,1,1,29,6,1995,2,0,BMW 3 SERIES,8,E01031802,0,-1
2020010285596,2020,010285596,1,9,0,99,99,9,9,99,99,0,9,99,9,99,2,9,6,6,1,34,6,1995,1,14,BMW 3 SERIES,6,E01003026,0,-1
2020340N02652,2020,340N02652,1,9,0,9,9,7,5,0,0,6,0,0,0,0,1,1,6,6,1,60,9,2497,1,13,BMW 3 SERIES,2,E01027241,0,-1
2020010255758,2020,010255758,2,9,0,99,99,9,9,99,99,9,9,99,9,99,1,9,6,6,3,-1,-1,2494,1,17,BMW 3 SERIES,4,E01003344,0,-1
2020070029944,2020,070029944,1,9,0,9,9,3,7,0,0,5,1,0,1,4,1,1,6,6,1,40,7,2993,2,4,BMW 3 SERIES,9,E01018737,0,-1
2020170H10750,2020,170H10750,2,9,0,18,19,1,5,0,0,1,0,0,0,0,1,1,1,1,1,36,7,2993,2,4,BMW 3 SERIES,9,E01033480,0,-1
2020420926448,2020,420926448,2,9,0,4,4,1,5,0,0,4,0,0,0,0,1,1,2,2,1,58,9,1998,8,4,BMW 3 SERIES,9,E01002270,0,-1
2020522001822,2020,522001822,1,9,0,5,5,3,7,0,0,1,0,0,0,0,0,1,6,6,1,20,4,1998,8,0,BMW 3 SERIES,-1,-1,0,-1
202031C163620,2020,31C163620,2,9,0,18,19,5,1,0,0,8,0,0,0,0,4,1,6,6,2,28,6,1995,2,5,BMW 3 SERIES,1,E01013879,0,-1
202006J373375,2020,06J373375,3,9,0,18,19,3,7,0,0,0,0,0,0,0,1,1,1,1,1,36,7,2993,2,2,BMW 3 SERIES,1,E01005107,0,-1
2020010258888,2020,010258888,1,9,0,9,9,1,6,0,0,1,0,0,7,0,1,2,6,6,1,26,6,3000,1,19,BMW 3 SERIES,4,E01015952,0,-1
2020201001549,2020,201001549,1,9,0,17,19,2,1,0,0,0,1,4,0,0,1,1,6,6,1,26,6,1995,2,11,BMW 3 SERIES,4,E01009313,0,-1
2020010292307,2020,010292307,1,9,0,14,14,7,3,0,0,1,0,4,0,0,1,1,6,6,1,22,5,2494,1,18,BMW 3 SERIES,7,E01002427,0,-1
2020470976010,2020,470976010,2,9,0,18,19,3,7,0,0,0,0,0,0,0,3,1,5,6,2,31,6,2993,2,12,BMW 3 SERIES,9,E01021156,0,-1
2020522003731,2020,522003731,2,9,0,18,19,6,2,0,0,0,0,0,0,0,1,1,6,6,3,28,6,1995,2,3,BMW 3 SERIES,-1,-1,0,-1
2020010237113,2020,010237113,1,9,0,18,19,7,3,0,0,6,0,0,0,0,1,1,6,6,1,21,5,1995,2,1,BMW 3 SERIES,3,E01004274,0,-1
2020320681346,2020,320681346,1,9,0,18,19,8,4,0,0,0,0,4,7,0,1,1,2,2,1,26,6,2993,2,12,BMW 3 SERIES,6,E01026040,0,-1
2020990926864,2020,990926864,1,9,0,5,5,7,3,0,0,0,0,0,0,0,3,1,2,2,1,32,6,1995,2,6,BMW 3 SERIES,4,-1,0,-1
202054A268520,2020,54A268520,1,9,0,18,19,2,6,0,0,0,1,0,0,0,1,1,6,6,2,70,10,1995,2,17,BMW 3 SERIES,9,E01019895,0,-1
2020332000108,2020,332000108,2,9,0,18,19,4,8,0,0,0,0,0,0,0,0,1,2,2,1,35,6,1995,2,12,BMW 3 SERIES,3,E01025949,0,-1
2020430421561,2020,430421561,1,9,0,14,14,8,4,0,0,0,0,0,0,0,1,1,6,6,1,24,5,1995,2,8,BMW 3 SERIES,5,E01032724,0,-1
202031D074320,2020,31D074320,2,9,0,5,5,2,3,0,0,1,0,0,0,0,3,1,6,6,1,39,7,1998,8,3,BMW 3 SERIES,10,E01028395,0,-1
2020430068397,2020,430068397,1,9,0,2,2,0,0,0,0,0,0,0,0,0,3,1,6,6,2,28,6,1995,2,4,BMW 3 SERIES,7,E01017839,0,-1
2020010243048,2020,010243048,2,9,0,99,99,9,9,99,99,0,9,99,9,99,9,9,6,6,3,-1,-1,1995,1,14,BMW 3 SERIES,-1,-1,0,-1
2020201004795,2020,201004795,2,9,0,9,9,8,6,0,0,6,0,0,0,0,4,1,6,6,1,42,7,2000,2,9,BMW 3 SERIES,6,E01009183,0,-1
202006A166702,2020,06A166702,1,9,0,18,19,6,2,0,0,2,0,0,1,2,1,1,6,6,2,20,4,1995,2,15,BMW 3 SERIES,1,E01032912,0,-1
2020320680068,2020,320680068,1,9,0,9,9,6,4,0,0,8,0,0,0,1,1,1,6,6,1,44,7,1995,2,2,BMW 3 SERIES,4,E01026169,0,-1
2020430338853,2020,430338853,1,9,0,13,13,3,7,9,9,0,0,7,1,11,3,1,6,6,1,77,11,2993,2,5,BMW 3 SERIES,7,E01028762,0,-1
2020040988217,2020,040988217,1,9,0,18,19,1,5,0,0,0,0,0,0,0,1,1,5,6,2,73,10,1998,1,4,BMW 3 SERIES,8,E01027504,0,-1