collision_index,collision_year,collision_ref_no,vehicle_reference,vehicle_type,towing_and_articulation,vehicle_manoeuvre_historic,vehicle_manoeuvre,vehicle_direction_from,vehicle_direction_to,vehicle_location_restricted_lane_historic,vehicle_location_restricted_lane,junction_location,skidding_and_overturning,hit_object_in_carriageway,vehicle_leaving_carriageway,hit_object_off_carriageway,first_point_of_impact,vehicle_left_hand_drive,journey_purpose_of_driver_historic,journey_purpose_of_driver,sex_of_driver,age_of_driver,age_band_of_driver,engine_capacity_cc,propulsion_code,age_of_vehicle,generic_make_model,driver_imd_decile,lsoa_of_driver,escooter_flag,driver_distance_banding
2020052000802,2020,052000802,1,9,0,18,19,6,2,0,0,8,0,0,0,0,1,1,6,6,2,37,7,1995,2,9,BMW 3 SERIES,4,E01025525,0,-1
2020010254862,2020,010254862,2,9,0,99,99,9,9,99,99,9,9,99,9,99,1,9,6,6,1,49,8,1995,2,5,BMW 3 SERIES,3,E01002753,0,-1
2020010247207,2020,010247207,2,9,0,18,19,3,7,0,0,6,0,0,0,0,1,1,6,6,3,-1,-1,1995,2,6,BMW 3 SERIES,-1,-1,0,-1
2020530986217,2020,530986217,1,9,0,18,19,1,5,0,0,0,0,0,2,4,1,1,2,2,1,58,9,1995,2,4,BMW 3 SERIES,6,E01022187,0,-1
2020010252345,2020,010252345,2,9,0,99,99,9,9,99,99,9,9,99,9,99,1,9,6,6,1,-1,-1,1995,2,16,BMW 3 SERIES,-1,-1,0,-1
2020010261746,2020,010261746,1,9,0,18,19,2,6,0,0,0,0,0,0,0,1,1,6,6,1,25,5,2993,2,4,BMW 3 SERIES,2,E01003619,0,-1
2020040936667,2020,040936667,1,9,0,1,1,7,3,0,0,1,0,0,0,0,2,1,1,1,1,51,8,1995,2,13,BMW 3 SERIES,3,E01025246,0,-1
2020430144083,2020,430144083,2,9,0,18,19,8,6,0,0,1,0,0,0,0,1,1,2,2,1,24,5,1995,2,3,BMW 3 SERIES,10,E01027298,0,-1
2020201009979,2020,201009979,2,9,0,18,19,1,5,0,0,8,1,10,7,0,1,1,6,6,1,24,5,1995,2,10,BMW 3 SERIES,8,E01028861,0,-1
2020460977977,2020,460977977,1,9,0,16,19,3,7,0,0,0,0,0,0,0,1,1,6,6,1,23,5,2979,1,19,BMW 3 SERIES,7,E01024121,0,-1
2020010236563,2020,010236563,2,9,0,5,5,7,3,7,6,6,0,0,3,0,1,1,6,6,2,30,6,1796,1,17,BMW 3 SERIES,3,E01003617,0,-1
2020460953754,2020,460953754,2,9,0,2,2,0,0,0,0,1,0,0,0,0,3,1,6,6,1,41,7,1995,2,14,BMW 3 SERIES,1,E01024581,0,-1
2020522003491,2020,522003491,1,9,0,18,19,4,2,0,0,8,0,0,0,0,1,1,6,6,1,39,7,1995,2,10,BMW 3 SERIES,6,E01014591,0,-1
2020470969293,2020,470969293,1,9,0,1,1,6,5,8,6,0,0,0,0,0,1,1,6,6,1,50,8,2979,1,16,BMW 3 SERIES,6,E01021193,0,-1
2020471001890,2020,471001890,2,9,0,18,19,6,5,0,0,8,0,0,0,0,2,1,5,6,1,56,9,2979,1,17,BMW 3 SERIES,6,E01031359,0,-1
2020420950555,2020,420950555,1,9,0,16,19,5,8,0,0,1,0,0,0,0,1,1,5,6,1,36,7,1995,1,16,BMW 3 SERIES,9,E01021798,0,-1
2020430168883,2020,430168883,2,9,0,18,19,5,1,0,0,0,0,0,1,0,3,1,6,6,1,39,7,1796,1,21,BMW 3 SERIES,6,E01016938,0,-1
2020010283638,2020,010283638,2,9,0,18,19,7,3,0,0,1,0,0,0,0,4,1,6,6,1,70,10,2793,1,24,BMW 3 SERIES,3,E01003979,0,-1
2020501015692,2020,501015692,1,9,0,6,6,1,5,0,0,0,0,0,0,0,2,1,1,1,1,37,7,2993,2,1,BMW 3 SERIES,4,E01015029,0,-1
2020200987362,2020,200987362,1,9,0,18,19,6,2,9,9,0,1,10,1,11,1,1,6,6,1,39,7,2993,2,5,BMW 3 SERIES,6,E01021434,0,-1
2020010269898,2020,010269898,1,9,0,18,19,7,3,0,0,1,0,0,0,0,2,1,6,6,1,32,6,2979,1,13,BMW 3 SERIES,3,E01004266,0,-1
2020010270669,2020,010270669,1,9,0,18,19,1,5,0,0,0,0,0,0,0,1,1,6,6,2,41,7,2979,1,6,BMW 3 SERIES,2,E01001750,0,-1
2020010264749,2020,010264749,1,9,0,99,99,9,9,99,99,9,9,99,9,99,2,9,6,6,1,24,5,1995,2,8,BMW 3 SERIES,2,E01000289,0,-1
2020010251152,2020,010251152,2,9,0,18,19,3,7,0,0,0,0,0,0,0,9,9,6,6,3,-1,-1,1995,2,1,BMW 3 SERIES,-1,-1,0,-1
2020420954116,2020,420954116,1,9,0,18,19,7,3,0,0,0,0,0,7,11,3,1,2,2,1,38,7,2494,1,17,BMW 3 SERIES,8,E01021729,0,-1
2020230932004,2020,230932004,2,9,0,18,19,7,3,0,0,0,0,0,0,0,0,1,1,1,1,35,6,2993,2,2,BMW 3 SERIES,-1,-1,0,-1
2020622000747,2020,622000747,2,9,0,18,19,4,8,0,0,1,0,0,0,0,1,1,6,6,1,40,7,2993,2,13,BMW 3 SERIES,1,W01000884,0,-1
2020010275986,2020,010275986,1,9,0,4,4,5,1,0,0,1,1,0,0,0,1,1,6,6,1,23,5,1995,1,14,BMW 3 SERIES,3,E01002084,0,-1
2020010242171,2020,010242171,2,9,0,7,7,2,5,0,0,2,0,0,0,0,1,1,6,6,1,25,5,1995,1,12,BMW 3 SERIES,2,E01003176,0,-1
2020137280784,2020,137280784,2,9,0,13,13,7,3,0,0,0,0,0,0,0,3,1,6,6,2,40,7,1995,2,8,BMW 3 SERIES,2,E01010804,0,-1
2020370977324,2020,370977324,1,9,0,18,19,1,5,9,9,0,0,0,7,4,1,1,5,6,1,22,5,2993,2,13,BMW 3 SERIES,7,E01030186,0,-1
2020302001028,2020,302001028,2,9,0,17,19,2,6,0,0,0,1,0,1,11,1,1,6,6,1,27,6,2993,2,6,BMW 3 SERIES,-1,-1,0,-1
2020030997467,2020,030997467,1,9,0,9,9,7,5,0,0,6,0,0,0,0,1,1,2,2,1,25,5,1995,2,14,BMW 3 SERIES,3,E01019209,0,-1
2020110972041,2020,110972041,1,9,0,18,19,7,3,0,0,0,1,0,1,0,0,1,6,6,1,29,6,2993,2,11,BMW 3 SERIES,3,E01020670,0,-1
2020137450394,2020,137450394,2,9,0,2,2,6,2,0,0,1,0,0,0,0,2,1,1,1,1,40,7,2993,2,1,BMW 3 SERIES,6,E01011885,0,-1
2020200936800,2020,200936800,2,9,0,16,19,5,8,0,0,2,0,0,0,0,0,1,1,1,1,-1,-1,2993,2,2,BMW 3 SERIES,-1,-1,0,-1
2020052001133,2020,052001133,2,9,0,3,3,5,1,0,0,1,0,0,0,0,1,1,6,6,2,50,8,1995,1,12,BMW 3 SERIES,1,E01007016,0,-1
2020401014169,2020,401014169,1,9,0,15,15,3,7,0,0,0,0,0,0,0,1,1,6,6,1,51,8,2000,2,11,BMW 3 SERIES,2,E01001143,0,-1
2020470967470,2020,470967470,1,9,0,17,19,7,4,0,0,0,1,0,1,4,1,1,2,2,2,48,8,1995,2,14,BMW 3 SERIES,2,E01021091,0,-1
2020122001035,2020,122001035,2,9,0,18,19,7,3,0,0,0,0,0,0,0,0,1,6,6,1,-1,-1,2993,2,1,BMW 3 SERIES,8,E01033185,0,-1
2020450989637,2020,450989637,2,9,0,9,9,5,1,0,0,0,0,0,0,0,4,1,5,6,1,25,5,2993,2,13,BMW 3 SERIES,7,E01023799,0,-1
2020010246353,2020,010246353,1,9,0,9,9,5,2,0,0,6,0,0,0,0,1,1,6,6,1,35,6,1998,1,4,BMW 3 SERIES,5,E01000142,0,-1
202063C005620,2020,63C005620,3,9,0,13,13,4,8,0,0,0,0,0,0,0,0,1,1,1,1,33,6,2993,2,1,BMW 3 SERIES,7,W01000573,0,-1
2020010284846,2020,010284846,1,9,0,9,9,4,2,2,2,5,0,0,0,0,4,1,6,6,1,35,6,1998,8,4,BMW 3 SERIES,5,E01002249,0,-1
2020010276611,2020,010276611,1,9,0,9,9,5,3,0,0,2,0,0,0,0,1,1,6,6,1,29,6,1998,8,3,BMW 3 SERIES,2,E01001977,0,-1
2020010280235,2020,010280235,1,9,0,9,9,1,6,0,0,0,0,0,0,0,3,1,6,6,1,22,5,1995,2,15,BMW 3 SERIES,8,E01028808,0,-1
2020040956861,2020,040956861,1,9,0,18,19,2,6,0,0,0,0,0,7,0,1,1,5,6,2,24,5,1995,2,9,BMW 3 SERIES,3,E01012587,0,-1
2020200960582,2020,200960582,1,9,0,18,19,4,8,0,0,1,0,0,0,0,0,1,6,6,1,36,7,1995,2,3,BMW 3 SERIES,2,E01009565,0,-1
2020201008247,2020,201008247,2,9,0,13,13,7,4,0,0,0,0,10,1,4,1,1,6,6,3,-1,-1,2494,1,22,BMW 3 SERIES,-1,-1,0,-1
2020410948846,2020,410948846,1,9,0,18,19,1,5,0,0,0,1,0,2,7,2,1,6,6,1,24,5,2000,2,9,BMW 3 SERIES,2,E01015702,0,-1
2020451005487,2020,451005487,2,9,0,18,19,5,1,0,0,0,0,0,0,0,4,1,2,2,1,54,8,1995,2,6,BMW 3 SERIES,4,E01017264,0,-1
2020010264472,2020,010264472,1,9,0,5,5,1,5,0,0,0,0,4,0,0,1,1,6,6,1,25,5,1995,2,3,BMW 3 SERIES,1,E01004042,0,-1
2020430367030,2020,430367030,1,9,0,18,19,2,6,0,0,1,0,0,0,0,3,1,6,6,1,42,7,1995,2,13,BMW 3 SERIES,5,E01001335,0,-1
2020010269411,2020,010269411,2,9,0,99,99,9,9,99,99,0,9,99,9,99,1,9,6,6,1,41,7,1995,2,10,BMW 3 SERIES,2,E01017946,0,-1
2020140995219,2020,140995219,3,9,0,17,19,1,5,0,0,0,0,0,0,0,2,1,6,6,2,-1,-1,1995,1,13,BMW 3 SERIES,-1,-1,0,-1
2020030928992,2020,030928992,1,9,0,18,19,1,5,0,0,0,5,0,1,0,0,1,1,1,1,47,8,2993,2,5,BMW 3 SERIES,4,E01019332,0,-1
2020990960660,2020,990960660,1,9,0,16,19,3,7,0,0,0,0,0,1,4,1,1,2,2,1,43,7,1895,1,19,BMW 3 SERIES,5,-1,0,-1
2020340N05072,2020,340N05072,1,9,0,18,19,5,1,0,0,0,0,0,0,0,1,1,6,6,1,28,6,2000,2,10,BMW 3 SERIES,4,E01027187,0,-1
2020052002319,2020,052002319,1,9,0,2,2,0,0,0,0,0,0,0,0,0,3,1,6,6,1,53,8,1995,1,11,BMW 3 SERIES,2,E01006858,0,-1
2020010243233,2020,010243233,2,9,0,7,7,2,5,0,0,8,0,0,0,0,1,1,6,6,1,31,6,2171,1,17,BMW 3 SERIES,6,E01002125,0,-1
2020070343300,2020,070343300,1,9,0,3,3,7,3,0,0,0,0,7,1,10,1,1,6,6,1,46,8,1995,2,8,BMW 3 SERIES,4,E01012428,0,-1
2020160969418,2020,160969418,1,9,0,8,8,5,1,0,0,0,0,0,0,0,2,2,5,6,1,38,7,1995,2,7,BMW 3 SERIES,8,E01013190,0,-1
2020201002576,2020,201002576,1,9,0,18,19,-1,-1,0,0,0,0,10,0,0,4,1,6,6,2,25,5,1995,2,4,BMW 3 SERIES,2,E01009994,0,-1
2020420956853,2020,420956853,1,9,0,18,19,3,6,9,9,0,1,0,7,11,3,1,6,6,1,30,6,2993,2,11,BMW 3 SERIES,7,E01021978,0,-1
2020302001107,2020,302001107,2,9,0,5,5,8,4,0,0,6,0,0,0,0,1,1,6,6,1,40,7,2996,2,10,BMW 3 SERIES,5,E01001866,0,-1
2020500950400,2020,500950400,2,9,0,16,19,7,3,0,0,0,0,0,0,0,3,1,2,2,1,65,9,1995,1,16,BMW 3 SERIES,7,E01020268,0,-1
2020411001084,2020,411001084,1,9,0,18,19,5,1,0,0,0,0,0,0,0,1,1,6,6,2,36,7,1995,2,3,BMW 3 SERIES,4,E01023756,0,-1
2020220988941,2020,220988941,1,9,0,9,9,2,8,0,0,5,0,0,0,0,3,1,5,6,1,25,5,1995,2,12,BMW 3 SERIES,-1,-1,0,-1
2020010286273,2020,010286273,2,9,0,4,4,5,1,0,0,1,0,0,0,0,1,1,6,6,1,38,7,1997,1,8,BMW 3 SERIES,7,E01000384,0,-1
2020040928394,2020,040928394,1,9,0,15,15,1,5,0,0,1,0,0,7,0,1,1,6,6,3,-1,-1,1995,2,6,BMW 3 SERIES,-1,-1,0,-1
2020170M10990,2020,170M10990,2,9,0,2,2,0,0,9,9,1,0,0,0,0,1,1,6,6,1,39,7,1995,2,8,BMW 3 SERIES,5,E01012052,0,-1
2020552000377,2020,552000377,2,9,0,18,19,2,6,0,0,0,0,0,0,0,3,1,6,6,1,40,7,1995,2,17,BMW 3 SERIES,6,E01015349,0,-1
2020610033120,2020,610033120,1,9,0,18,19,6,2,0,0,0,0,0,0,0,4,1,6,6,1,-1,-1,2497,1,13,BMW 3 SERIES,7,E01005847,0,-1
2020552000408,2020,552000408,1,9,0,18,19,7,3,0,0,1,0,0,0,0,1,1,2,2,1,44,7,2993,2,13,BMW 3 SERIES,7,E01020540,0,-1
2020040930847,2020,040930847,2,9,0,18,19,5,1,0,0,0,0,0,0,0,1,1,1,1,1,33,6,2993,2,2,BMW 3 SERIES,4,E01033071,0,-1
2020430131115,2020,430131115,1,9,0,9,9,5,3,0,0,6,0,0,0,0,2,1,6,6,1,28,6,1995,2,10,BMW 3 SERIES,6,E01017826,0,-1
2020201020917,2020,201020917,2,9,0,18,19,3,7,0,0,0,0,0,0,0,3,1,6,6,1,34,6,1995,2,8,BMW 3 SERIES,1,E01009577,0,-1
2020470975809,2020,470975809,1,9,0,14,14,2,6,0,0,0,0,0,0,0,1,1,6,6,2,30,6,2497,1,13,BMW 3 SERIES,6,E01021099,0,-1
2020460975098,2020,460975098,2,9,0,18,19,3,7,0,0,8,0,0,0,0,3,1,6,6,1,30,6,2993,2,13,BMW 3 SERIES,7,E01024719,0,-1
2020200948364,2020,200948364,4,9,0,18,19,8,4,0,0,1,0,0,0,0,0,1,1,1,1,-1,-1,2993,2,2,BMW 3 SERIES,-1,-1,0,-1
2020522000694,2020,522000694,2,9,0,18,19,3,7,0,0,8,0,0,0,0,1,1,6,6,1,36,7,1995,2,9,BMW 3 SERIES,1,E01014663,0,-1
2020440281350,2020,440281350,1,9,0,18,19,8,4,0,0,2,1,0,7,0,1,1,6,6,1,30,6,1995,2,13,BMW 3 SERIES,5,E01023010,0,-1
2020010232691,2020,010232691,2,9,0,1,1,8,4,0,0,0,0,0,0,0,2,1,6,6,1,32,6,1997,1,8,BMW 3 SERIES,4,E01004526,0,-1
2020140915472,2020,140915472,1,9,0,18,19,7,3,0,0,0,0,0,0,0,4,1,6,6,1,22,5,2996,2,9,BMW 3 SERIES,2,E01007579,0,-1
2020211025634,2020,211025634,3,9,0,4,4,3,7,0,0,0,0,0,0,0,1,1,1,1,1,-1,-1,2993,2,3,BMW 3 SERIES,5,E01009234,0,-1
2020302000387,2020,302000387,2,9,0,9,9,4,2,0,0,1,0,0,0,0,1,1,1,1,2,-1,-1,1998,8,1,BMW 3 SERIES,9,E01019599,0,-1
2020522001713,2020,522001713,1,9,0,12,12,2,6,0,0,8,0,0,0,0,1,1,6,6,1,25,5,1895,1,21,BMW 3 SERIES,6,E01022880,0,-1
2020010282808,2020,010282808,2,9,0,4,4,6,2,0,0,1,0,0,0,0,2,1,6,6,1,54,8,1995,1,15,BMW 3 SERIES,5,E01003083,0,-1
2020990931530,2020,990931530,2,9,0,18,19,4,8,0,0,1,0,0,0,0,1,1,5,6,1,39,7,2793,1,20,BMW 3 SERIES,6,-1,0,-1
202063D041720,2020,63D041720,2,9,0,13,13,6,2,0,0,0,0,0,0,0,4,1,1,1,1,59,9,2993,2,3,BMW 3 SERIES,3,W01000479,0,-1
2020010244535,2020,010244535,2,9,0,18,19,7,3,0,0,0,0,0,0,0,3,1,2,2,1,-1,-1,1998,8,4,BMW 3 SERIES,4,E01003440,0,-1
2020990935286,2020,990935286,1,9,0,17,19,2,7,0,0,0,1,0,2,2,1,1,6,6,1,32,6,1998,1,4,BMW 3 SERIES,5,-1,0,-1
2020010246973,2020,010246973,1,9,0,5,5,5,1,0,0,1,0,0,0,0,1,2,2,2,1,26,6,1995,2,11,BMW 3 SERIES,5,E01001345,0,-1
2020070113606,2020,070113606,1,9,0,9,9,8,6,0,0,5,0,0,0,0,4,1,2,2,1,34,6,1995,2,4,BMW 3 SERIES,8,E01018434,0,-1
2020400929465,2020,400929465,1,9,0,7,7,6,1,0,0,5,0,0,0,0,1,1,6,6,2,40,7,1995,2,17,BMW 3 SERIES,-1,-1,0,-1
2020010237180,2020,010237180,1,9,0,7,7,7,1,0,0,1,0,0,0,0,1,1,6,6,1,33,6,2497,1,15,BMW 3 SERIES,2,E01001042,0,-1
2020370975134,2020,370975134,1,9,0,18,19,3,7,0,0,2,0,0,0,0,1,1,5,6,1,34,6,2993,2,14,BMW 3 SERIES,9,E01030147,0,-1
2020530935413,2020,530935413,1,9,0,18,19,7,3,0,0,0,5,0,2,0,4,1,5,6,1,31,6,2998,1,3,BMW 3 SERIES,5,E01022435,0,-1
2020010267020,2020,010267020,1,9,0,4,4,8,4,0,0,0,0,0,0,0,3,1,6,6,1,39,7,1995,1,19,BMW 3 SERIES,2,E01003933,0,-1
2020010240457,2020,010240457,1,9,0,99,99,9,9,99,99,9,9,99,9,99,1,9,6,6,1,22,5,1995,2,13,BMW 3 SERIES,2,E01004237,0,-1
2020010239582,2020,010239582,1,9,0,5,5,5,1,0,0,0,0,11,0,0,3,1,6,6,1,22,5,1995,2,8,BMW 3 SERIES,5,E01003140,0,-1
2020522003915,2020,522003915,1,9,0,9,9,5,3,0,0,8,0,0,0,0,1,1,6,6,1,37,7,1766,1,35,BMW 3 SERIES,6,E01014750,0,-1
2020470999699,2020,470999699,1,9,0,18,19,4,8,0,0,1,1,0,0,0,1,1,2,2,1,21,5,1991,1,26,BMW 3 SERIES,10,E01031638,0,-1
2020220945069,2020,220945069,2,9,0,18,19,4,8,0,0,8,0,0,7,0,4,1,1,1,1,47,8,1995,2,2,BMW 3 SERIES,7,E01028925,0,-1
2020470946556,2020,470946556,1,9,0,18,19,3,7,0,0,0,0,0,0,0,0,1,6,6,1,54,8,2494,1,19,BMW 3 SERIES,4,E01031469,0,-1
2020010258440,2020,010258440,1,9,0,3,3,5,1,0,0,0,0,4,0,0,3,1,2,2,1,23,5,2979,1,14,BMW 3 SERIES,1,E01032515,0,-1
2020070092352,2020,070092352,1,9,0,16,19,6,2,0,0,0,5,10,8,7,1,1,1,1,1,22,5,1995,1,15,BMW 3 SERIES,10,E01018471,0,-1
2020010273074,2020,010273074,1,9,0,18,19,3,7,0,0,8,0,7,1,7,1,1,6,6,1,23,5,1995,2,15,BMW 3 SERIES,5,E01002143,0,-1
2020351017713,2020,351017713,2,9,0,7,7,3,7,0,0,8,0,0,0,0,3,1,5,6,2,43,7,1995,2,9,BMW 3 SERIES,1,E01015604,0,-1
2020470924893,2020,470924893,1,9,0,9,9,6,4,0,0,6,0,0,0,0,3,1,2,2,2,52,8,1995,2,4,BMW 3 SERIES,8,E01021075,0,-1
2020010276010,2020,010276010,1,9,0,10,10,7,4,0,0,6,0,0,0,0,1,1,6,6,1,57,9,2497,1,15,BMW 3 SERIES,4,E01003118,0,-1
2020137BF0017,2020,137BF0017,2,9,0,18,19,5,1,0,0,0,1,0,0,0,1,1,1,1,2,26,6,2993,2,2,BMW 3 SERIES,10,E01011088,0,-1
2020200981711,2020,200981711,4,9,0,17,19,4,2,0,0,0,0,0,0,0,0,1,1,1,1,-1,-1,2993,2,2,BMW 3 SERIES,5,E01009234,0,-1
2020552000872,2020,552000872,1,9,0,9,9,2,8,0,0,8,0,0,0,0,4,1,6,6,1,24,5,2993,2,7,BMW 3 SERIES,3,E01015371,0,-1
2020360955646,2020,360955646,2,9,0,18,19,3,7,0,0,0,0,0,0,0,1,1,5,6,2,39,7,2993,2,4,BMW 3 SERIES,7,E01026608,0,-1
2020040999588,2020,040999588,1,9,0,18,19,1,5,0,0,0,1,0,2,0,3,1,5,6,1,24,5,1995,2,6,BMW 3 SERIES,8,E01011579,0,-1
202006J368646,2020,06J368646,2,9,0,4,4,4,8,0,0,1,0,7,0,10,2,1,6,6,2,22,5,1998,1,1,BMW 3 SERIES,5,E01005687,0,-1
2020302001449,2020,302001449,1,9,0,16,19,8,3,0,0,0,1,0,6,0,1,1,2,2,1,25,5,2979,1,13,BMW 3 SERIES,1,E01013456,0,-1
2020351017248,2020,351017248,1,9,0,18,19,4,8,0,0,0,2,0,0,0,1,1,5,6,1,19,4,1995,2,15,BMW 3 SERIES,7,E01018023,0,-1
2020440233246,2020,440233246,1,9,0,18,19,6,2,0,0,0,0,0,0,0,1,1,6,6,1,26,6,1995,2,9,BMW 3 SERIES,1,E01032750,0,-1
2020010264724,2020,010264724,1,9,0,5,5,3,7,0,0,6,0,0,0,0,1,1,6,6,1,40,7,1995,2,6,BMW 3 SERIES,4,E01004699,0,-1
2020052001521,2020,052001521,4,9,0,18,19,7,3,0,0,0,0,0,0,0,3,1,6,6,1,66,10,1998,1,1,BMW 3 SERIES,9,E01012568,0,-1
2020990985131,2020,990985131,1,9,0,18,19,2,6,0,0,4,0,0,0,0,1,1,6,6,2,47,8,2996,1,12,BMW 3 SERIES,8,-1,0,-1
2020140937754,2020,140937754,4,9,0,18,19,7,3,0,0,0,0,0,0,0,1,1,1,1,1,40,7,2993,2,2,BMW 3 SERIES,1,E01007902,0,-1
2020440047065,2020,440047065,1,9,0,18,19,4,8,0,0,8,0,0,0,0,1,1,6,6,1,38,7,2996,1,15,BMW 3 SERIES,5,E01032840,0,-1
2020430262882,2020,430262882,1,9,0,7,7,8,3,0,0,5,0,0,0,0,4,1,6,6,1,43,7,1995,1,16,BMW 3 SERIES,6,E01002241,0,-1
2020010282337,2020,010282337,1,9,0,18,19,5,1,0,0,3,0,0,0,0,1,1,6,6,1,32,6,1995,2,8,BMW 3 SERIES,4,E01000378,0,-1
2020010276415,2020,010276415,1,9,0,9,9,3,1,0,0,2,0,0,0,0,1,1,6,6,1,51,8,1995,2,13,BMW 3 SERIES,4,E01001736,0,-1
2020450967965,2020,450967965,1,9,0,17,19,1,5,0,0,0,0,0,2,4,1,1,5,6,1,25,5,1995,1,12,BMW 3 SERIES,6,E01030557,0,-1
2020200981711,2020,200981711,3,9,0,17,19,4,2,0,0,0,0,0,0,0,0,1,1,1,1,-1,-1,2993,2,2,BMW 3 SERIES,5,E01009234,0,-1
2020200945916,2020,200945916,3,9,0,18,19,4,8,0,0,0,0,0,0,0,0,1,1,1,1,-1,-1,2993,2,3,BMW 3 SERIES,-1,-1,0,-1
2020137CO1466,2020,137CO1466,1,9,0,18,19,1,5,0,0,2,0,0,3,11,1,1,6,6,1,27,6,2000,2,10,BMW 3 SERIES,6,E01011299,0,-1
2020010260634,2020,010260634,2,9,0,99,99,9,9,99,99,9,9,99,9,99,9,9,6,6,3,48,8,1995,2,8,BMW 3 SERIES,3,E01001190,0,-1
2020040974310,2020,040974310,2,9,0,18,19,5,1,0,0,0,0,0,0,0,1,1,5,6,1,42,7,2993,2,13,BMW 3 SERIES,7,E01025279,0,-1
2020210993097,2020,210993097,1,9,0,18,19,5,7,0,0,4,0,0,0,0,1,1,6,6,1,46,8,2993,2,9,BMW 3 SERIES,5,E01029542,0,-1
2020420962616,2020,420962616,2,9,0,18,19,3,7,0,0,0,0,0,0,0,1,1,6,6,1,34,6,1995,2,11,BMW 3 SERIES,7,E01002255,0,-1
2020522101208,2020,522101208,2,9,0,12,12,6,2,0,0,1,0,0,0,0,3,1,6,6,2,20,4,1995,2,8,BMW 3 SERIES,4,E01014774,0,-1
2020548422820,2020,548422820,1,9,0,18,19,7,3,0,0,0,0,0,1,2,4,1,6,6,1,26,6,1995,2,7,BMW 3 SERIES,7,E01015474,0,-1
2020010247733,2020,010247733,2,9,0,4,4,8,4,0,0,2,9,0,0,99,2,9,6,6,1,-1,-1,1995,2,8,BMW 3 SERIES,7,E01002222,0,-1
202006E273090,2020,06E273090,3,9,0,2,2,0,0,0,0,2,0,0,0,0,1,1,6,6,1,30,6,2993,2,6,BMW 3 SERIES,-1,-1,0,-1
2020010233300,2020,010233300,1,9,0,4,4,1,5,0,0,2,0,0,0,0,1,1,6,6,1,59,9,1896,1,21,BMW 3 SERIES,8,E01001452,0,-1
2020010233901,2020,010233901,1,9,0,18,19,3,7,0,0,8,0,0,0,0,2,1,6,6,1,54,8,1995,1,9,BMW 3 SERIES,4,E01001140,0,-1
2020010251819,2020,010251819,1,9,0,18,19,3,7,0,0,8,1,0,1,2,4,1,6,6,1,24,5,2979,1,18,BMW 3 SERIES,6,E01004174,0,-1
2020360992078,2020,360992078,1,9,0,4,4,5,1,0,0,0,0,0,0,0,2,1,5,6,1,36,7,2993,2,9,BMW 3 SERIES,2,E01026829,0,-1
2020220961437,2020,220961437,2,9,0,7,7,6,8,0,0,3,0,0,0,0,1,1,1,1,1,42,7,2993,2,2,BMW 3 SERIES,4,E01032157,0,-1
2020430388827,2020,430388827,1,9,0,18,19,2,6,0,0,2,0,0,0,0,4,1,6,6,2,36,7,1998,8,4,BMW 3 SERIES,-1,-1,0,-1
2020010265003,2020,010265003,2,9,0,5,5,6,2,0,0,1,0,0,0,0,3,1,6,6,2,50,8,1995,1,8,BMW 3 SERIES,7,E01004516,0,-1
2020451003863,2020,451003863,2,9,0,18,19,5,1,0,0,0,0,0,0,0,2,1,3,7,2,48,8,1499,1,4,BMW 3 SERIES,10,E01030966,0,-1
2020031027478,2020,031027478,1,9,0,18,19,3,7,0,0,0,1,11,0,0,1,1,1,1,1,34,6,1995,2,3,BMW 3 SERIES,3,E01019234,0,-1
2020010248649,2020,010248649,1,9,0,9,9,7,5,0,0,1,0,0,0,0,4,1,6,6,1,22,5,2000,2,10,BMW 3 SERIES,2,E01003514,0,-1
2020160960672,2020,160960672,1,9,0,4,4,4,8,0,0,0,0,0,0,0,1,1,5,6,2,25,5,1995,2,8,BMW 3 SERIES,-1,-1,0,-1
2020460921912,2020,460921912,1,9,0,1,1,5,1,0,0,8,0,0,0,0,2,1,6,6,1,53,8,2993,2,10,BMW 3 SERIES,7,E01024712,0,-1
2020470999884,2020,470999884,1,9,0,7,7,1,5,0,0,1,1,10,1,0,1,1,5,6,1,26,6,1796,1,16,BMW 3 SERIES,6,E01021154,0,-1
2020470958632,2020,470958632,1,9,0,18,19,7,3,0,0,0,1,0,1,4,1,1,5,6,1,35,6,1995,1,16,BMW 3 SERIES,1,E01031404,0,-1
2020040978464,2020,040978464,1,9,0,18,19,3,7,0,0,1,0,0,0,0,1,1,6,6,3,-1,-1,1995,2,13,BMW 3 SERIES,-1,-1,0,-1
202006K271838,2020,06K271838,1,9,0,16,19,3,6,0,0,1,0,0,7,0,1,1,6,6,1,28,6,1995,1,12,BMW 3 SERIES,10,E01004807,0,-1
2020430132025,2020,430132025,1,9,0,18,19,1,5,0,0,1,0,0,0,0,1,1,6,6,1,20,4,1995,1,14,BMW 3 SERIES,8,E01028712,0,-1
2020010243567,2020,010243567,2,9,0,3,3,5,1,0,0,1,0,0,0,0,2,1,2,2,1,60,9,2494,1,18,BMW 3 SERIES,6,E01003386,0,-1
2020460922850,2020,460922850,2,9,0,18,19,1,5,0,0,0,0,0,0,0,3,1,6,6,1,34,6,2993,2,14,BMW 3 SERIES,9,E01016112,0,-1
2020990993723,2020,990993723,2,9,0,7,7,3,6,0,0,2,0,0,0,0,1,1,5,6,1,39,7,1995,12,0,BMW 3 SERIES,1,-1,0,-1