collision_index,collision_year,collision_ref_no,vehicle_reference,vehicle_type,towing_and_articulation,vehicle_manoeuvre_historic,vehicle_manoeuvre,vehicle_direction_from,vehicle_direction_to,vehicle_location_restricted_lane_historic,vehicle_location_restricted_lane,junction_location,skidding_and_overturning,hit_object_in_carriageway,vehicle_leaving_carriageway,hit_object_off_carriageway,first_point_of_impact,vehicle_left_hand_drive,journey_purpose_of_driver_historic,journey_purpose_of_driver,sex_of_driver,age_of_driver,age_band_of_driver,engine_capacity_cc,propulsion_code,age_of_vehicle,generic_make_model,driver_imd_decile,lsoa_of_driver,escooter_flag,driver_distance_banding
2020370984845,2020,370984845,1,9,0,7,7,3,5,0,0,0,0,0,0,0,2,1,3,7,2,41,7,1995,1,9,BMW 3 SERIES,2,E01029988,0,-1
2020052000185,2020,052000185,1,9,0,4,4,4,8,0,0,0,0,0,0,0,2,1,1,1,1,-1,-1,1995,2,6,BMW 3 SERIES,1,E01006556,0,-1
20201374R0322,2020,1374R0322,1,9,0,18,19,8,4,0,0,8,0,0,0,0,0,1,6,6,3,-1,-1,1995,2,4,BMW 3 SERIES,-1,-1,0,-1
2020530938123,2020,530938123,1,9,0,17,19,3,4,0,0,0,0,0,0,0,4,1,5,6,1,24,5,2000,2,10,BMW 3 SERIES,3,E01022132,0,-1
2020040965358,2020,040965358,1,9,0,3,3,5,1,0,0,0,0,0,0,0,2,1,6,6,2,52,8,1995,2,12,BMW 3 SERIES,8,E01025174,0,-1
2020010236460,2020,010236460,2,9,9,99,99,9,9,99,99,9,9,99,9,99,9,1,6,6,3,-1,-1,1998,1,3,BMW 3 SERIES,-1,-1,0,-1
2020137C41306,2020,137C41306,1,9,0,18,19,4,8,0,0,0,0,0,0,0,1,1,6,6,1,32,6,1995,2,14,BMW 3 SERIES,3,E01011304,0,-1
2020430047721,2020,430047721,2,9,0,9,9,6,4,0,0,8,0,0,0,0,1,1,6,6,2,45,7,1995,2,9,BMW 3 SERIES,5,E01016754,0,-1
202017S114301,2020,17S114301,1,9,0,7,7,8,3,0,0,2,0,0,0,0,4,1,6,6,1,66,10,1998,1,0,BMW 3 SERIES,1,E01012271,0,-1
2020430238389,2020,430238389,3,9,0,18,19,8,4,0,0,1,0,0,0,0,1,1,6,6,1,39,7,2993,2,8,BMW 3 SERIES,8,E01022412,0,-1
2020070194179,2020,070194179,1,9,0,4,4,1,5,0,0,2,0,0,0,1,4,1,2,2,2,47,8,1995,2,6,BMW 3 SERIES,2,E01006477,0,-1
2020200987681,2020,200987681,1,9,0,18,19,5,1,0,0,1,0,4,0,0,4,1,6,6,1,-1,-1,1995,2,13,BMW 3 SERIES,-1,-1,0,-1
202006A276906,2020,06A276906,1,9,0,18,19,1,5,0,0,2,0,0,0,0,4,1,6,6,3,-1,-1,2494,1,17,BMW 3 SERIES,-1,-1,0,-1
20201371K0576,2020,1371K0576,2,9,0,18,19,3,7,0,0,8,0,0,0,0,1,1,1,1,1,37,7,2993,2,2,BMW 3 SERIES,1,E01010730,0,-1
2020137A91783,2020,137A91783,1,9,0,18,19,3,7,0,0,0,0,0,0,0,1,1,6,6,3,-1,-1,2993,2,4,BMW 3 SERIES,-1,-1,0,-1
2020350921471,2020,350921471,2,9,0,18,19,6,2,0,0,1,0,0,0,0,1,1,2,2,1,44,7,1995,1,14,BMW 3 SERIES,10,E01018265,0,-1
2020010283025,2020,010283025,1,9,0,7,7,2,5,0,0,3,0,10,0,0,1,1,6,6,1,24,5,1995,1,12,BMW 3 SERIES,-1,-1,0,-1
2020440438011,2020,440438011,1,9,0,18,19,2,6,0,0,0,1,0,1,6,2,1,6,6,1,41,7,1995,1,13,BMW 3 SERIES,-1,-1,0,-1
202031D066220,2020,31D066220,1,9,0,14,14,5,1,0,0,1,0,0,1,0,1,1,6,6,1,-1,-1,2494,1,20,BMW 3 SERIES,-1,-1,0,-1
2020990920857,2020,990920857,1,9,0,17,19,1,6,0,0,1,1,0,0,0,4,1,2,2,1,30,6,1995,2,18,BMW 3 SERIES,6,-1,0,-1
2020302000417,2020,302000417,1,9,0,7,7,8,2,0,0,6,0,0,0,0,3,1,6,6,1,37,7,1995,2,12,BMW 3 SERIES,3,E01019530,0,-1
2020140915549,2020,140915549,2,9,0,17,19,6,1,0,0,1,0,0,0,0,3,1,6,6,1,39,7,1995,2,11,BMW 3 SERIES,1,E01008015,0,-1
2020030976034,2020,030976034,1,9,0,10,10,8,6,0,0,8,0,0,0,0,3,1,6,6,1,54,8,1995,2,8,BMW 3 SERIES,5,E01019286,0,-1
2020430044604,2020,430044604,2,9,0,18,19,4,8,0,0,0,1,0,1,0,1,1,2,2,1,32,6,1995,2,6,BMW 3 SERIES,4,E01032440,0,-1
202006A173444,2020,06A173444,3,9,0,18,19,1,5,0,0,1,0,0,0,0,0,1,1,1,1,30,6,2993,2,3,BMW 3 SERIES,-1,-1,0,-1
2020470990545,2020,470990545,2,9,0,18,19,2,6,0,0,8,0,0,0,0,4,1,5,6,1,27,6,2993,2,4,BMW 3 SERIES,4,E01031657,0,-1
2020470952925,2020,470952925,3,9,0,16,19,4,7,0,0,8,0,0,0,0,3,1,5,6,2,44,7,1995,2,9,BMW 3 SERIES,4,E01021060,0,-1
202006L168994,2020,06L168994,3,9,0,18,19,5,1,0,0,1,0,0,0,0,0,1,1,1,1,30,6,2993,2,3,BMW 3 SERIES,4,E01005730,0,-1
202006J373375,2020,06J373375,4,9,0,18,19,3,7,0,0,0,0,0,0,0,0,1,1,1,1,48,8,2993,2,3,BMW 3 SERIES,1,E01005107,0,-1
2020010233962,2020,010233962,2,9,0,12,12,1,5,0,0,1,0,0,0,0,3,1,6,6,1,36,7,2993,2,6,BMW 3 SERIES,9,E01002192,0,-1
2020470954880,2020,470954880,1,9,0,18,19,2,6,0,0,0,0,0,8,10,2,1,2,2,1,28,6,1995,2,13,BMW 3 SERIES,8,E01031651,0,-1
2020200989345,2020,200989345,2,9,0,18,19,2,6,0,0,8,0,0,0,0,3,1,6,6,2,-1,-1,1995,2,9,BMW 3 SERIES,3,E01027180,0,-1
2020470996856,2020,470996856,2,9,0,17,19,3,8,0,0,0,0,0,0,0,3,1,5,6,1,25,5,1995,2,15,BMW 3 SERIES,6,E01031513,0,-1
2020010265590,2020,010265590,2,9,0,4,4,3,7,0,0,0,0,0,0,0,2,1,6,6,2,45,7,1995,1,9,BMW 3 SERIES,2,E01004264,0,-1
2020420982026,2020,420982026,2,9,0,18,19,1,5,0,0,1,0,0,0,0,3,1,5,6,1,70,10,2793,1,21,BMW 3 SERIES,9,E01015999,0,-1
2020140970136,2020,140970136,1,9,0,18,19,1,5,0,0,0,0,0,0,0,4,1,2,2,1,25,5,1995,2,13,BMW 3 SERIES,4,E01007731,0,-1
2020122000669,2020,122000669,1,9,0,16,19,1,5,0,0,0,1,0,1,2,3,1,6,6,1,21,5,1995,2,16,BMW 3 SERIES,2,E01027909,0,-1
2020552000658,2020,552000658,1,9,0,17,19,6,2,0,0,0,0,0,1,4,4,1,6,6,1,51,8,1995,2,6,BMW 3 SERIES,6,E01020411,0,-1
2020990959618,2020,990959618,2,9,0,10,10,3,7,0,0,1,0,0,0,0,2,1,1,1,2,56,9,1998,1,4,BMW 3 SERIES,4,-1,0,-1
20201373M0567,2020,1373M0567,2,9,0,13,13,1,5,0,0,0,0,0,7,0,4,1,1,1,1,-1,-1,2993,2,2,BMW 3 SERIES,1,E01010730,0,-1
2020430010544,2020,430010544,3,9,0,4,4,1,5,0,0,0,0,0,1,0,2,1,2,2,1,37,7,2993,2,1,BMW 3 SERIES,4,E01028554,0,-1
2020200972460,2020,200972460,2,9,0,18,19,6,2,0,0,0,0,0,0,0,1,1,1,1,3,-1,-1,2993,2,3,BMW 3 SERIES,-1,-1,0,-1
2020010244365,2020,010244365,1,9,0,13,13,4,8,0,0,0,1,0,0,0,3,1,6,6,3,-1,-1,1995,2,8,BMW 3 SERIES,-1,-1,0,-1
2020010273874,2020,010273874,1,9,0,4,4,5,1,0,0,1,0,0,0,0,4,2,6,6,1,34,6,1998,8,4,BMW 3 SERIES,1,E01004250,0,-1
2020522004128,2020,522004128,1,9,0,18,19,8,5,0,0,8,0,0,0,0,1,1,6,6,1,62,9,1995,2,8,BMW 3 SERIES,6,E01014471,0,-1
202006J169265,2020,06J169265,1,9,0,17,19,6,3,0,0,0,1,0,1,10,1,1,6,6,3,-1,-1,1995,2,3,BMW 3 SERIES,-1,-1,0,-1
2020010271689,2020,010271689,2,9,0,18,19,3,7,0,0,8,0,0,0,0,1,2,6,6,1,44,7,1995,2,6,BMW 3 SERIES,8,E01033144,0,-1
2020200929470,2020,200929470,1,9,0,11,11,7,3,0,0,0,0,0,0,0,1,1,1,1,2,30,6,1995,2,5,BMW 3 SERIES,4,E01008997,0,-1
2020201021116,2020,201021116,1,9,0,18,19,6,2,0,0,1,0,0,0,0,1,1,6,6,1,45,7,2000,2,10,BMW 3 SERIES,1,E01008928,0,-1
2020461011845,2020,461011845,2,9,0,5,5,1,5,0,0,0,0,0,0,0,1,1,6,6,1,-1,-1,1995,2,14,BMW 3 SERIES,4,E01024296,0,-1
2020010259756,2020,010259756,1,9,0,18,19,4,8,0,0,1,0,0,0,0,1,1,6,6,1,38,7,1997,1,8,BMW 3 SERIES,7,E01000384,0,-1
2020552100255,2020,552100255,1,9,0,1,1,6,2,0,0,0,0,0,0,0,2,1,6,6,1,33,6,1995,2,12,BMW 3 SERIES,6,E01020527,0,-1
2020010266426,2020,010266426,1,9,0,99,99,9,9,99,99,0,9,99,9,99,2,9,2,2,1,25,5,1995,2,13,BMW 3 SERIES,2,E01002879,0,-1
2020420974802,2020,420974802,1,9,0,18,19,7,2,0,0,0,0,0,3,1,1,1,5,6,1,23,5,1995,1,11,BMW 3 SERIES,7,E01015967,0,-1
2020470971776,2020,470971776,2,9,0,18,19,7,3,0,0,1,0,0,0,0,1,1,5,6,2,43,7,2979,1,7,BMW 3 SERIES,10,E01022587,0,-1
2020040978290,2020,040978290,1,9,0,5,5,1,5,0,0,1,0,0,0,0,1,1,6,6,1,28,6,1995,2,7,BMW 3 SERIES,6,E01024859,0,-1
2020111009574,2020,111009574,2,9,0,7,7,5,7,0,0,1,0,0,0,0,2,1,6,6,1,28,6,1995,2,14,BMW 3 SERIES,3,E01020742,0,-1
2020010252848,2020,010252848,1,9,0,18,19,7,3,0,0,0,0,0,0,0,1,1,6,6,2,40,7,1995,2,8,BMW 3 SERIES,3,E01000367,0,-1
2020340N03202,2020,340N03202,1,9,0,18,19,7,3,0,0,8,0,0,0,0,1,1,2,2,1,31,6,2993,2,14,BMW 3 SERIES,1,E01027140,0,-1
2020010239581,2020,010239581,2,9,0,99,99,9,9,99,99,9,9,99,9,99,9,9,6,6,3,-1,-1,1895,1,21,BMW 3 SERIES,2,E01001783,0,-1
2020140959485,2020,140959485,1,9,0,9,9,5,3,0,0,2,0,0,0,0,1,1,5,6,1,41,7,1995,2,17,BMW 3 SERIES,4,E01007810,0,-1
2020990930878,2020,990930878,1,9,0,13,13,7,3,0,0,0,1,0,5,6,1,1,2,2,1,24,5,1995,2,4,BMW 3 SERIES,7,-1,0,-1
2020010256729,2020,010256729,1,9,0,4,4,1,5,0,0,8,0,0,0,0,1,1,2,2,1,26,6,1995,2,0,BMW 3 SERIES,1,E01004322,0,-1
2020221013628,2020,221013628,2,9,0,18,19,4,8,0,0,6,0,0,0,0,1,1,5,6,1,22,5,1995,2,8,BMW 3 SERIES,5,E01014149,0,-1
2020010276965,2020,010276965,1,9,0,3,3,7,3,0,0,1,0,0,0,0,2,1,6,6,1,38,7,1895,1,19,BMW 3 SERIES,2,E01001770,0,-1
2020201014286,2020,201014286,1,9,0,5,5,7,3,0,0,6,0,0,0,0,3,1,6,6,1,33,6,1995,1,16,BMW 3 SERIES,3,E01009928,0,-1
2020137BN0490,2020,137BN0490,1,9,0,18,19,8,4,0,0,8,0,0,0,0,3,1,6,6,2,47,8,1995,2,5,BMW 3 SERIES,1,E01011038,0,-1
202006P175915,2020,06P175915,2,9,0,18,19,3,7,0,0,8,1,0,0,0,1,1,6,6,1,31,6,2993,2,10,BMW 3 SERIES,3,E01025376,0,-1
202006F169523,2020,06F169523,2,9,0,18,19,1,5,0,0,2,1,0,0,0,1,1,6,6,1,30,6,2993,2,4,BMW 3 SERIES,-1,-1,0,-1
2020010264375,2020,010264375,2,9,0,99,99,9,9,99,99,9,9,99,9,99,9,9,6,6,1,52,8,1998,8,4,BMW 3 SERIES,3,E01001784,0,-1
2020041003341,2020,041003341,2,9,0,9,9,8,2,0,0,3,0,0,0,0,4,1,5,6,1,27,6,1995,2,7,BMW 3 SERIES,3,E01012587,0,-1
2020137C51963,2020,137C51963,1,9,0,18,19,1,5,0,0,0,0,0,0,0,1,1,6,6,1,31,6,1995,2,15,BMW 3 SERIES,6,E01011861,0,-1
2020460945047,2020,460945047,1,9,0,18,19,4,8,0,0,1,0,0,0,0,1,1,5,6,2,29,6,1995,2,15,BMW 3 SERIES,9,E01016172,0,-1
2020302001208,2020,302001208,1,9,0,18,19,1,5,0,0,0,0,11,0,0,1,1,6,6,1,28,6,1995,2,8,BMW 3 SERIES,8,E01019410,0,-1
2020530952869,2020,530952869,2,9,0,18,19,5,1,0,0,1,0,0,0,0,1,1,2,2,2,33,6,1995,2,8,BMW 3 SERIES,8,E01031946,0,-1
2020010261756,2020,010261756,1,9,0,18,19,1,5,0,0,1,0,0,0,0,1,1,6,6,1,27,6,1995,2,1,BMW 3 SERIES,2,E01003299,0,-1
2020101006909,2020,101006909,2,9,0,12,12,5,1,0,0,0,0,0,0,0,1,1,2,2,1,30,6,2993,2,5,BMW 3 SERIES,6,E01027466,0,-1
20201372T0883,2020,1372T0883,1,9,0,9,9,8,4,0,0,6,0,0,0,0,1,1,6,6,1,21,5,1998,8,1,BMW 3 SERIES,1,E01010850,0,-1
2020140947191,2020,140947191,2,9,0,18,19,5,1,0,0,2,0,0,0,0,1,1,5,6,1,59,9,1995,2,4,BMW 3 SERIES,7,E01028013,0,-1
202006P277223,2020,06P277223,2,9,0,18,19,3,7,0,0,8,0,0,0,0,4,1,6,6,1,51,8,1995,1,12,BMW 3 SERIES,1,E01005466,0,-1
2020360967804,2020,360967804,1,9,0,4,4,7,3,0,0,0,0,0,0,0,4,1,5,6,1,32,6,1998,1,1,BMW 3 SERIES,4,E01026638,0,-1
2020360991257,2020,360991257,2,9,0,18,19,3,7,0,0,0,0,0,0,0,2,1,5,6,1,36,7,2993,2,14,BMW 3 SERIES,1,E01026662,0,-1
202031B130620,2020,31B130620,2,9,0,4,4,7,3,0,0,0,0,0,0,0,2,1,1,1,1,31,6,1995,2,12,BMW 3 SERIES,3,E01028064,0,-1
2020010285809,2020,010285809,1,9,0,18,19,1,5,0,0,1,2,10,2,11,1,1,6,6,2,21,5,2000,1,11,BMW 3 SERIES,5,E01021741,0,-1
2020010262584,2020,010262584,1,9,0,99,99,9,9,99,99,9,9,99,9,99,9,9,6,6,1,27,6,1995,2,6,BMW 3 SERIES,1,E01002734,0,-1
2020010278177,2020,010278177,1,9,0,13,13,7,3,0,0,1,0,0,0,0,4,1,6,6,1,22,5,1998,1,4,BMW 3 SERIES,3,E01005554,0,-1
2020622000308,2020,622000308,1,9,0,18,19,6,2,0,0,0,0,4,0,0,1,1,6,6,1,47,8,1796,1,15,BMW 3 SERIES,1,W01001955,0,-1
2020230966063,2020,230966063,4,9,0,4,4,2,6,0,0,0,0,0,0,0,2,1,5,6,1,38,7,1995,2,12,BMW 3 SERIES,2,E01010087,0,-1
2020370993839,2020,370993839,1,9,0,18,19,1,5,0,0,2,0,0,0,0,1,1,6,6,1,38,7,1995,1,11,BMW 3 SERIES,1,E01030258,0,-1
2020137B91053,2020,137B91053,5,9,0,18,19,4,8,0,0,1,0,0,0,0,0,1,1,1,1,39,7,2993,2,4,BMW 3 SERIES,6,E01011885,0,-1
2020450946687,2020,450946687,1,9,0,18,19,5,1,0,0,0,0,4,0,0,4,1,5,6,1,33,6,1995,2,9,BMW 3 SERIES,3,E01002503,0,-1
2020461005919,2020,461005919,2,9,0,18,19,3,7,0,0,0,0,0,0,0,2,1,2,2,1,69,10,1995,2,8,BMW 3 SERIES,7,E01024437,0,-1
2020010261463,2020,010261463,1,9,0,18,19,3,7,0,0,0,0,0,0,0,2,1,6,6,1,31,6,1995,2,6,BMW 3 SERIES,5,E01027215,0,-1
2020430160266,2020,430160266,1,9,0,18,19,1,5,0,0,8,0,4,0,0,1,1,6,6,1,16,4,1951,2,19,BMW 3 SERIES,8,E01016468,0,-1
2020200938348,2020,200938348,1,9,0,-1,-1,-1,-1,-1,-1,-1,-1,-1,-1,0,-1,1,6,6,1,25,5,1995,2,6,BMW 3 SERIES,2,E01009725,0,-1
2020100974982,2020,100974982,2,9,0,9,9,8,4,0,0,0,0,0,1,0,1,1,5,6,1,47,8,1995,2,8,BMW 3 SERIES,10,E01028385,0,-1
2020231000255,2020,231000255,1,9,0,13,13,4,8,0,0,0,1,0,1,4,1,1,5,6,2,28,6,1995,2,15,BMW 3 SERIES,4,E01027187,0,-1
2020990940901,2020,990940901,1,9,0,18,19,1,5,0,0,0,1,0,1,2,1,1,6,6,1,24,5,1995,2,8,BMW 3 SERIES,-1,-1,0,-1
2020350957701,2020,350957701,1,9,0,1,1,4,6,0,0,6,0,0,0,0,2,1,6,6,1,-1,-1,2494,1,17,BMW 3 SERIES,6,E01018196,0,-1
2020010231988,2020,010231988,1,9,0,5,5,2,6,0,0,0,0,0,0,0,4,1,6,6,1,61,9,2793,1,25,BMW 3 SERIES,5,E01004486,0,-1
2020041006447,2020,041006447,2,9,0,4,4,7,3,0,0,1,0,0,0,0,1,1,1,1,1,48,8,2993,2,3,BMW 3 SERIES,4,E01033071,0,-1
2020140928048,2020,140928048,2,9,0,4,4,1,5,0,0,0,0,0,0,0,1,1,6,6,3,-1,-1,1995,2,11,BMW 3 SERIES,-1,-1,0,-1
2020010240872,2020,010240872,1,9,0,3,3,7,3,0,0,0,0,0,0,0,2,1,6,6,1,47,8,1998,1,4,BMW 3 SERIES,5,E01002344,0,-1
2020430065696,2020,430065696,1,9,0,3,3,3,7,0,0,1,0,0,0,0,2,1,2,2,1,31,6,2979,1,16,BMW 3 SERIES,10,E01017756,0,-1
2020430347122,2020,430347122,1,9,0,9,9,2,8,0,0,4,0,0,0,0,1,1,1,1,1,60,9,1995,2,12,BMW 3 SERIES,9,E01017927,0,-1
2020470936274,2020,470936274,2,9,0,9,9,7,5,0,0,8,0,1,0,0,1,1,1,1,1,48,8,2993,2,4,BMW 3 SERIES,1,E01020992,0,-1
2020010229391,2020,010229391,1,9,0,18,19,5,1,0,0,2,0,0,0,0,4,1,2,2,1,38,7,1995,1,11,BMW 3 SERIES,1,E01033604,0,-1
2020010246901,2020,010246901,2,9,0,11,11,5,1,0,0,3,0,0,0,0,1,1,2,2,1,38,7,2000,1,11,BMW 3 SERIES,1,E01004198,0,-1
2020100966577,2020,100966577,1,9,0,18,19,8,4,0,0,1,0,0,0,0,1,1,5,6,1,29,6,2993,2,3,BMW 3 SERIES,-1,-1,0,-1
2020010264577,2020,010264577,1,9,9,99,99,9,9,99,99,0,9,99,9,99,2,9,6,6,1,34,6,1995,1,16,BMW 3 SERIES,5,E01003955,0,-1
2020350975320,2020,350975320,1,9,0,18,19,6,2,0,0,0,0,0,0,0,1,1,5,6,2,38,7,1995,2,17,BMW 3 SERIES,5,E01018041,0,-1
2020010245799,2020,010245799,2,9,0,18,19,1,5,0,0,2,0,0,0,0,2,1,6,6,1,36,7,1995,2,7,BMW 3 SERIES,8,E01003421,0,-1
2020052001772,2020,052001772,2,9,0,18,19,3,7,0,0,8,0,0,0,0,1,1,6,6,2,44,7,1995,2,5,BMW 3 SERIES,1,E01006692,0,-1
2020522001726,2020,522001726,1,9,0,17,19,7,3,0,0,8,0,0,0,0,1,1,6,6,1,30,6,1995,2,8,BMW 3 SERIES,4,E01014958,0,-1
2020990920517,2020,990920517,1,9,0,7,7,1,4,0,0,8,0,0,0,0,3,1,1,1,2,28,6,1998,1,2,BMW 3 SERIES,7,-1,0,-1
202006A171871,2020,06A171871,1,9,0,7,7,4,6,0,0,6,0,0,0,0,1,1,6,6,1,28,6,1998,1,2,BMW 3 SERIES,1,E01005564,0,-1
2020052000012,2020,052000012,4,9,0,2,2,0,0,0,0,1,0,0,0,0,3,1,6,6,3,-1,-1,2993,2,13,BMW 3 SERIES,-1,-1,0,-1
2020440156803,2020,440156803,1,9,0,3,3,5,1,0,0,1,0,0,0,0,2,1,6,6,2,35,6,1998,1,1,BMW 3 SERIES,6,E01016248,0,-1
2020470998664,2020,470998664,1,9,0,18,19,7,3,0,0,4,0,0,0,0,1,1,5,6,2,22,5,1796,1,23,BMW 3 SERIES,10,E01023040,0,-1
202031D020720,2020,31D020720,1,9,0,9,9,6,2,0,0,5,0,0,0,0,1,1,3,7,2,33,6,1995,1,15,BMW 3 SERIES,-1,-1,0,-1
2020201017416,2020,201017416,1,9,0,18,19,1,6,0,0,1,0,0,0,0,0,1,6,6,1,-1,-1,2993,2,2,BMW 3 SERIES,5,E01009234,0,-1
202006Q169456,2020,06Q169456,1,9,0,18,19,1,5,0,0,8,0,0,0,0,3,1,2,2,1,43,7,2993,2,5,BMW 3 SERIES,2,E01032920,0,-1
2020220970282,2020,220970282,2,9,0,13,13,6,2,0,0,8,0,0,0,0,1,1,5,6,1,43,7,2993,2,7,BMW 3 SERIES,5,E01014050,0,-1
2020411009921,2020,411009921,3,9,0,3,3,8,4,0,0,1,0,0,0,0,2,1,6,6,2,38,7,1998,1,1,BMW 3 SERIES,10,E01023887,0,-1
2020137812391,2020,137812391,1,9,0,18,19,2,6,0,0,0,0,10,0,11,4,1,6,6,1,23,5,1796,1,16,BMW 3 SERIES,8,E01011169,0,-1
2020430116551,2020,430116551,1,9,0,18,19,4,8,0,0,0,0,0,1,4,1,1,6,6,2,24,5,1995,2,9,BMW 3 SERIES,8,E01015707,0,-1
202006E378282,2020,06E378282,2,9,0,18,19,8,4,0,0,8,0,0,0,0,1,1,6,6,1,27,6,1995,1,16,BMW 3 SERIES,3,E01005312,0,-1
2020200990153,2020,200990153,4,9,0,18,19,4,8,0,0,8,0,0,0,0,0,1,6,6,3,-1,-1,2993,2,1,BMW 3 SERIES,-1,-1,0,-1
2020500942433,2020,500942433,3,9,0,18,19,1,5,0,0,2,1,0,7,0,3,1,2,2,1,25,5,1995,2,5,BMW 3 SERIES,2,E01015171,0,-1
2020430165520,2020,430165520,1,9,0,18,19,2,6,0,0,1,0,0,0,0,4,1,6,6,3,-1,-1,1995,2,11,BMW 3 SERIES,-1,-1,0,-1
2020010247058,2020,010247058,1,9,0,18,19,2,6,0,0,4,0,0,0,0,1,1,6,6,2,24,5,2171,1,18,BMW 3 SERIES,7,E01032570,0,-1
2020040957024,2020,040957024,2,9,0,2,2,0,0,0,0,0,0,0,0,0,2,1,5,6,1,37,7,1895,1,20,BMW 3 SERIES,10,E01004808,0,-1
2020010254718,2020,010254718,2,9,0,9,9,3,1,0,0,8,0,0,0,0,4,1,6,6,1,22,5,1995,1,13,BMW 3 SERIES,3,E01000009,0,-1
2020500957858,2020,500957858,4,9,0,18,19,1,1,0,0,0,0,0,0,0,1,1,2,2,1,25,5,1995,1,16,BMW 3 SERIES,5,E01018947,0,-1
2020450926461,2020,450926461,1,9,0,16,19,7,1,0,0,0,5,0,7,4,1,1,5,6,1,21,5,1991,1,28,BMW 3 SERIES,10,E01030566,0,-1
2020520001001,2020,520001001,2,9,0,3,3,1,5,0,0,0,0,0,0,0,2,1,6,6,1,59,9,1995,2,1,BMW 3 SERIES,7,E01029139,0,-1
2020320629229,2020,320629229,1,9,0,18,19,3,7,0,0,0,5,0,7,0,1,1,6,6,1,32,6,1995,2,9,BMW 3 SERIES,4,E01026132,0,-1
2020460985247,2020,460985247,1,9,0,18,19,8,4,0,0,4,5,9,0,0,1,1,6,6,1,23,5,1998,1,1,BMW 3 SERIES,2,E01002606,0,-1
2020210933741,2020,210933741,1,9,0,17,19,3,8,0,0,0,5,10,1,0,4,1,6,6,1,32,6,2793,1,22,BMW 3 SERIES,5,E01029607,0,-1
2020060746560,2020,060746560,1,9,0,18,19,1,5,0,0,4,0,0,0,0,1,1,6,6,1,34,6,2993,2,5,BMW 3 SERIES,6,E01018399,0,-1
2020070032983,2020,070032983,2,9,0,18,19,2,6,0,0,1,0,0,0,0,3,1,6,6,2,55,8,1995,1,16,BMW 3 SERIES,2,E01006329,0,-1
2020991009058,2020,991009058,2,9,0,18,19,1,5,0,0,0,0,0,0,0,1,1,5,6,1,71,10,1995,2,5,BMW 3 SERIES,5,-1,0,-1
2020010228866,2020,010228866,2,9,0,3,3,3,7,0,0,1,0,0,0,0,2,1,6,6,1,39,7,1995,1,11,BMW 3 SERIES,2,E01004384,0,-1
2020040993717,2020,040993717,3,9,0,4,4,1,7,0,0,0,0,0,0,0,0,1,1,1,1,38,7,2993,2,1,BMW 3 SERIES,2,E01025290,0,-1
2020100962025,2020,100962025,1,9,0,7,7,4,4,0,0,8,0,0,0,0,1,1,1,1,1,-1,-1,2993,2,1,BMW 3 SERIES,-1,-1,0,-1
2020140976955,2020,140976955,2,9,0,18,19,5,1,0,0,0,0,0,0,0,1,1,6,6,1,20,4,1995,1,12,BMW 3 SERIES,1,E01007715,0,-1
2020501002903,2020,501002903,1,9,0,13,13,8,4,0,0,0,2,10,5,6,1,1,5,6,2,42,7,1997,1,14,BMW 3 SERIES,1,E01015080,0,-1
2020010268250,2020,010268250,1,9,0,18,19,3,7,0,0,0,0,0,0,0,1,1,6,6,1,26,6,1995,2,3,BMW 3 SERIES,3,E01002731,0,-1
2020460969181,2020,460969181,1,9,0,18,19,4,8,0,0,0,0,0,0,0,1,1,6,6,1,26,6,1995,2,8,BMW 3 SERIES,4,E01016100,0,-1
2020501009136,2020,501009136,1,9,0,3,3,1,5,0,0,0,0,0,0,0,3,1,6,6,1,43,7,1998,1,0,BMW 3 SERIES,4,E01020002,0,-1
2020010261172,2020,010261172,2,9,0,14,14,3,7,0,0,0,0,8,0,0,1,9,6,6,1,-1,-1,1499,1,5,BMW 3 SERIES,-1,-1,0,-1
2020040986463,2020,040986463,1,9,0,18,19,1,5,0,0,0,0,11,1,11,1,1,6,6,1,37,7,1995,2,16,BMW 3 SERIES,4,E01025308,0,-1
2020400959260,2020,400959260,2,9,0,9,9,5,1,0,0,1,0,0,0,0,1,1,6,6,1,36,7,1995,1,12,BMW 3 SERIES,2,E01015741,0,-1
2020460995720,2020,460995720,1,9,0,18,19,4,1,0,0,1,0,0,0,0,1,1,6,6,1,18,4,1995,1,13,BMW 3 SERIES,6,E01024787,0,-1
2020200994483,2020,200994483,4,9,0,18,19,8,4,0,0,1,0,0,0,0,1,1,6,6,1,-1,-1,2993,2,2,BMW 3 SERIES,-1,-1,0,-1
2020070713555,2020,070713555,2,9,0,18,19,3,7,0,0,8,0,0,0,0,4,1,2,2,1,24,5,1995,2,10,BMW 3 SERIES,1,E01014221,0,-1
2020410999181,2020,410999181,2,9,0,18,19,5,1,0,0,0,0,0,0,0,2,1,5,6,1,54,8,2000,2,9,BMW 3 SERIES,1,W01000425,0,-1
2020010242382,2020,010242382,4,9,0,2,2,0,0,0,0,0,0,0,0,0,2,1,6,6,3,-1,-1,2497,1,13,BMW 3 SERIES,-1,-1,0,-1
2020460981725,2020,460981725,1,9,0,12,12,3,7,0,0,0,0,0,0,0,2,1,5,6,1,34,6,1995,2,12,BMW 3 SERIES,8,E01024772,0,-1
2020470932710,2020,470932710,2,9,0,18,19,4,8,0,0,0,0,0,0,0,1,1,6,6,1,31,6,2993,2,11,BMW 3 SERIES,6,E01031792,0,-1