collision_index,collision_year,collision_ref_no,vehicle_reference,vehicle_type,towing_and_articulation,vehicle_manoeuvre_historic,vehicle_manoeuvre,vehicle_direction_from,vehicle_direction_to,vehicle_location_restricted_lane_historic,vehicle_location_restricted_lane,junction_location,skidding_and_overturning,hit_object_in_carriageway,vehicle_leaving_carriageway,hit_object_off_carriageway,first_point_of_impact,vehicle_left_hand_drive,journey_purpose_of_driver_historic,journey_purpose_of_driver,sex_of_driver,age_of_driver,age_band_of_driver,engine_capacity_cc,propulsion_code,age_of_vehicle,generic_make_model,driver_imd_decile,lsoa_of_driver,escooter_flag,driver_distance_banding
2020010265221,2020,010265221,2,20,0,99,99,9,9,99,99,0,9,99,9,99,3,9,6,6,3,73,10,-1,-1,-1,-1,-1,-1,0,-1
2020470954196,2020,470954196,1,20,0,17,19,8,4,0,0,0,5,0,7,4,1,1,6,6,1,33,6,-1,-1,-1,-1,10,E01031686,0,-1
2020460975956,2020,460975956,1,19,0,1,1,3,7,0,0,3,0,0,0,0,3,1,6,6,3,-1,-1,2494,2,14,TOYOTA HIACE,-1,-1,0,-1
2020100969216,2020,100969216,1,19,0,5,5,3,7,0,0,2,0,0,0,0,3,1,5,6,1,67,10,2494,2,16,TOYOTA HIACE,5,E01008788,0,-1
202006L273436,2020,06L273436,1,9,0,18,19,6,2,0,0,8,1,0,0,0,1,1,6,6,1,30,6,2549,1,27,-1,-1,-1,0,-1
2020052001083,2020,052001083,2,9,0,18,19,6,2,0,0,0,0,0,0,0,1,1,6,6,2,44,7,1248,2,7,-1,2,E01006782,0,-1
2020371008053,2020,371008053,1,9,0,17,19,3,7,0,0,0,0,0,1,0,1,1,5,6,1,21,5,1248,2,15,-1,6,E01030071,0,-1
2020450942228,2020,450942228,2,9,0,9,9,1,5,0,0,0,0,0,0,0,1,1,5,6,1,23,5,1199,1,17,-1,6,E01031636,0,-1
2020460963456,2020,460963456,2,9,0,18,19,3,7,0,0,8,0,0,0,0,4,1,6,6,1,52,8,2198,1,16,-1,9,E01024213,0,-1
2020010235701,2020,010235701,1,9,0,5,5,5,1,0,0,1,0,0,0,0,0,1,6,6,2,50,8,1598,1,13,-1,1,E01001845,0,-1
2020200956959,2020,200956959,3,11,0,18,19,7,3,0,0,2,0,0,0,0,3,1,1,1,1,57,9,5132,2,0,WRIGHTBUS STREETLITE,2,E01010071,0,-1
2020460916850,2020,460916850,1,11,0,4,4,7,3,0,0,1,0,0,0,0,1,1,1,1,1,36,7,4461,2,5,WRIGHTBUS STREETLITE,7,E01016123,0,-1
2020010258597,2020,010258597,1,11,0,2,2,0,0,2,2,0,0,0,0,0,2,1,6,6,3,-1,-1,5132,2,1,WRIGHTBUS STREETLITE,-1,-1,0,-1
2020100978390,2020,100978390,1,11,0,5,5,7,3,2,2,0,0,0,0,0,0,1,1,1,1,73,10,4461,2,5,WRIGHTBUS STREETLITE,-1,-1,0,-1
2020220933861,2020,220933861,2,11,0,18,19,2,6,0,0,0,0,0,7,0,1,1,1,1,1,43,7,4461,2,10,WRIGHTBUS STREETLITE,1,E01009172,0,-1
2020010273089,2020,010273089,1,11,0,4,4,1,5,0,0,0,0,0,0,0,2,1,1,1,1,38,7,4500,2,5,WRIGHTBUS STREETLITE,4,E01004177,0,-1
2020010228963,2020,010228963,1,11,0,9,9,3,1,0,0,6,0,0,0,0,0,1,1,1,1,38,7,5132,2,3,WRIGHTBUS STREETLITE,5,E01000964,0,-1
20201372E0765,2020,1372E0765,1,11,0,18,19,4,7,0,0,0,0,0,0,0,4,1,1,1,1,51,8,5132,2,5,WRIGHTBUS STREETLITE,7,E01011056,0,-1
2020010266602,2020,010266602,1,11,0,9,9,3,1,0,0,8,0,0,0,0,3,1,1,1,1,30,6,5132,2,3,WRIGHTBUS STREETLITE,4,E01000617,0,-1
2020460932442,2020,460932442,2,11,0,4,4,8,4,0,0,1,0,0,0,0,1,1,1,1,2,44,7,4461,2,5,WRIGHTBUS STREETLITE,4,E01016077,0,-1
2020140922524,2020,140922524,1,11,0,18,19,5,1,0,0,1,0,0,0,0,1,1,1,1,1,53,8,4461,2,7,WRIGHTBUS STREETLITE,2,E01007855,0,-1
2020100972787,2020,100972787,2,11,0,18,19,1,5,0,0,0,0,0,0,0,0,1,1,1,1,40,7,4461,2,4,WRIGHTBUS STREETLITE,7,E01008585,0,-1
2020100954793,2020,100954793,1,11,0,18,19,7,3,2,2,1,0,0,0,0,4,1,1,1,1,-1,-1,4461,2,5,WRIGHTBUS STREETLITE,-1,-1,0,-1
2020460926782,2020,460926782,2,11,0,9,9,4,8,2,2,2,0,0,0,0,1,1,1,1,1,41,7,4461,2,5,WRIGHTBUS STREETLITE,1,E01024295,0,-1
2020010235062,2020,010235062,1,11,0,5,5,7,3,2,2,1,0,0,0,2,1,1,1,1,2,51,8,5132,2,3,WRIGHTBUS STREETLITE,2,E01033601,0,-1
2020460924634,2020,460924634,2,11,0,18,19,1,5,0,0,1,0,0,0,0,2,1,1,1,1,29,6,4461,2,5,WRIGHTBUS STREETLITE,3,E01024399,0,-1
2020100924855,2020,100924855,2,11,0,18,19,2,6,0,0,0,0,0,0,0,1,1,1,1,1,63,9,4461,2,5,WRIGHTBUS STREETLITE,2,E01020624,0,-1
2020460990332,2020,460990332,2,11,0,2,2,0,0,0,0,1,0,0,0,0,3,1,5,6,1,54,8,5132,2,2,WRIGHTBUS STREETLITE,3,E01003629,0,-1
2020991000873,2020,991000873,2,11,0,9,9,7,5,0,0,1,0,0,0,0,3,1,1,1,1,45,7,4461,2,6,WRIGHTBUS STREETLITE,8,-1,0,-1
2020140984426,2020,140984426,2,11,0,18,19,8,4,0,0,8,0,0,0,0,3,1,1,1,1,64,9,4461,2,6,WRIGHTBUS STREETLITE,6,E01007924,0,-1
2020010277367,2020,010277367,1,11,0,4,4,2,6,2,2,0,0,0,0,0,0,1,1,1,1,32,6,5132,2,1,WRIGHTBUS STREETLITE,3,E01004406,0,-1
2020010265661,2020,010265661,1,11,0,9,9,5,2,0,0,5,0,0,0,0,1,1,1,1,1,42,7,5132,2,3,WRIGHTBUS STREETLITE,4,E01001183,0,-1
2020552000413,2020,552000413,1,11,0,18,19,1,5,0,0,2,0,0,0,0,4,1,1,1,1,62,9,4461,2,7,WRIGHTBUS STREETLITE,7,E01020566,0,-1
2020302000247,2020,302000247,2,11,0,9,9,8,2,0,0,1,0,0,0,0,4,1,1,1,1,55,8,5132,2,1,WRIGHTBUS STREETLITE,2,E01033172,0,-1
2020101004117,2020,101004117,2,11,-1,5,5,1,5,0,0,0,0,0,0,0,0,1,1,1,1,36,7,4461,2,4,WRIGHTBUS STREETLITE,-1,-1,0,-1
2020141007287,2020,141007287,1,11,0,18,19,1,5,0,0,0,0,0,0,0,1,1,1,1,1,25,5,5132,2,2,WRIGHTBUS STREETLITE,7,E01008135,0,-1
2020140925287,2020,140925287,1,11,0,9,9,1,7,0,0,8,0,0,0,0,1,1,1,1,2,56,9,4461,2,6,WRIGHTBUS STREETLITE,1,E01007919,0,-1
2020110937937,2020,110937937,1,11,1,15,15,1,5,0,0,0,3,0,0,0,1,1,1,1,1,65,9,4461,2,5,WRIGHTBUS STREETLITE,9,E01008775,0,-1
2020010232238,2020,010232238,1,11,0,5,5,7,3,0,0,1,0,0,0,0,0,1,1,1,1,45,7,5132,2,5,WRIGHTBUS STREETLITE,2,E01004471,0,-1
2020100941479,2020,100941479,2,11,0,4,4,4,8,0,0,8,0,0,0,0,4,1,1,1,1,46,8,5132,2,3,WRIGHTBUS STREETLITE,5,E01033202,0,-1
2020210970827,2020,210970827,1,11,0,4,4,8,4,0,0,1,0,0,0,0,3,1,6,6,2,52,8,4461,2,7,WRIGHTBUS STREETLITE,7,E01029532,0,-1
2020470928416,2020,470928416,2,11,0,9,9,3,1,0,0,6,0,0,0,0,1,1,1,1,1,36,7,5132,2,4,WRIGHTBUS STREETLITE,6,E01031586,0,-1
2020200938702,2020,200938702,1,11,0,18,19,1,5,0,0,1,0,0,0,0,4,1,1,1,1,22,5,5132,2,1,WRIGHTBUS STREETLITE,2,E01032161,0,-1
2020010251026,2020,010251026,1,11,0,5,5,5,1,0,0,0,0,0,0,0,0,1,1,1,1,46,8,5132,2,4,WRIGHTBUS STREETLITE,-1,-1,0,-1
2020140935341,2020,140935341,2,11,0,18,19,4,8,0,0,8,0,0,0,0,1,1,1,1,1,58,9,4461,2,6,WRIGHTBUS STREETLITE,2,E01007495,0,-1
2020140982752,2020,140982752,1,11,0,18,19,1,6,0,0,8,0,0,0,0,1,1,1,1,1,65,9,4461,2,7,WRIGHTBUS STREETLITE,1,E01008098,0,-1
2020440143932,2020,440143932,2,11,0,18,19,2,6,0,0,2,0,0,0,0,3,1,1,1,3,-1,-1,4461,2,6,WRIGHTBUS STREETLITE,-1,-1,0,-1
2020440481769,2020,440481769,1,11,0,18,19,3,7,0,0,0,0,0,1,0,0,1,1,1,1,61,9,4461,2,7,WRIGHTBUS STREETLITE,2,E01017119,0,-1
2020460992388,2020,460992388,3,11,0,3,3,5,1,0,0,0,0,0,0,0,1,1,1,1,1,40,7,4461,2,6,WRIGHTBUS STREETLITE,5,E01024815,0,-1
2020010233785,2020,010233785,1,11,0,4,4,5,1,2,2,1,0,0,0,0,0,1,1,1,1,60,9,4461,2,7,WRIGHTBUS STREETLITE,-1,-1,0,-1
2020100998397,2020,100998397,1,11,0,5,5,3,7,0,0,1,0,0,0,0,0,1,1,1,1,59,9,5132,2,3,WRIGHTBUS STREETLITE,1,E01033076,0,-1
2020430068785,2020,430068785,2,11,0,18,19,1,5,0,0,8,0,0,0,0,1,1,1,1,1,50,8,4461,2,6,WRIGHTBUS STREETLITE,7,E01033509,0,-1
2020140990595,2020,140990595,1,11,0,18,19,1,5,2,2,0,0,0,0,0,1,2,6,6,2,50,8,4461,2,6,WRIGHTBUS STREETLITE,2,E01028029,0,-1
2020522100943,2020,522100943,2,11,0,18,19,8,4,0,0,0,0,0,0,0,4,1,1,1,1,65,9,4461,2,7,WRIGHTBUS STREETLITE,-1,-1,0,-1
2020460997670,2020,460997670,1,11,0,4,4,4,8,0,0,0,0,0,0,0,0,1,1,1,1,64,9,4461,2,5,WRIGHTBUS STREETLITE,2,E01000429,0,-1
2020140933312,2020,140933312,1,11,0,18,19,3,1,0,0,3,0,0,0,0,0,1,1,1,2,58,9,5132,2,2,WRIGHTBUS STREETLITE,1,E01007948,0,-1
2020990919746,2020,990919746,1,11,0,14,14,7,3,2,2,0,0,0,0,0,4,1,1,1,1,30,6,4461,2,6,WRIGHTBUS STREETLITE,7,-1,0,-1
2020141008425,2020,141008425,1,11,0,18,19,4,8,0,0,1,0,0,0,0,4,1,1,1,1,59,9,4461,2,7,WRIGHTBUS STREETLITE,1,E01008055,0,-1
2020420929211,2020,420929211,1,11,0,18,19,4,7,0,0,0,0,0,0,0,1,1,1,1,1,34,6,4461,2,5,WRIGHTBUS STREETLITE,1,E01021271,0,-1
2020220970037,2020,220970037,1,11,0,18,19,1,5,2,2,8,0,0,0,0,4,1,1,1,2,22,5,4461,2,6,WRIGHTBUS STREETLITE,9,E01032299,0,-1
2020440229196,2020,440229196,2,11,0,2,2,0,0,0,0,0,0,0,0,0,2,1,1,1,1,23,5,4461,2,6,WRIGHTBUS STREETLITE,5,E01017044,0,-1
2020100971847,2020,100971847,2,11,0,17,19,2,6,0,0,0,0,0,0,0,3,1,1,1,1,31,6,4461,2,5,WRIGHTBUS STREETLITE,-1,-1,0,-1
2020140990757,2020,140990757,1,11,0,9,9,5,3,0,0,5,0,0,0,0,3,1,1,1,1,27,6,4461,2,6,WRIGHTBUS STREETLITE,1,E01008096,0,-1
2020421000780,2020,421000780,1,11,0,7,7,8,4,0,0,0,0,0,0,0,1,1,1,1,1,28,6,4461,2,6,WRIGHTBUS STREETLITE,9,E01021530,0,-1
2020440402714,2020,440402714,2,11,0,18,19,1,5,0,0,0,0,0,0,0,0,1,1,1,1,28,6,4461,2,7,WRIGHTBUS STREETLITE,8,E01022620,0,-1
2020440468659,2020,440468659,1,11,0,10,10,2,1,0,0,8,0,0,0,0,3,1,1,1,1,34,6,4461,2,7,WRIGHTBUS STREETLITE,1,E01017120,0,-1
2020010265719,2020,010265719,1,11,0,4,4,1,5,0,0,0,0,0,0,0,0,1,1,1,1,39,7,5132,2,3,WRIGHTBUS STREETLITE,2,E01001143,0,-1
2020990931458,2020,990931458,1,11,0,5,5,1,4,2,2,2,0,0,0,0,4,1,1,1,1,44,7,4461,2,6,WRIGHTBUS STREETLITE,1,-1,0,-1
2020010279063,2020,010279063,1,11,0,18,19,1,5,2,2,1,0,0,0,0,0,1,1,1,1,47,8,5132,2,5,WRIGHTBUS STREETLITE,2,E01004364,0,-1
2020137BS0303,2020,137BS0303,4,11,0,3,3,3,7,0,0,1,0,0,0,0,2,1,1,1,1,55,8,5132,2,5,WRIGHTBUS STREETLITE,10,E01011593,0,-1
2020100978669,2020,100978669,2,11,0,18,19,8,3,0,0,1,0,0,0,0,0,1,1,1,1,49,8,4461,2,5,WRIGHTBUS STREETLITE,3,E01008217,0,-1
2020470932988,2020,470932988,1,11,0,9,9,5,3,0,0,5,0,0,0,0,1,1,1,1,1,59,9,5132,2,1,WRIGHTBUS STREETLITE,9,E01031592,0,-1
2020370990716,2020,370990716,1,3,0,18,19,3,7,0,0,0,0,0,0,0,1,1,2,2,1,34,6,124,1,2,-1,8,E01030000,0,-1
2020200994429,2020,200994429,2,3,0,18,19,3,7,0,0,8,0,0,0,0,4,1,6,6,1,21,5,124,1,22,YAMAHA DT 125 R,1,E01009965,0,-1
2020220993228,2020,220993228,1,3,0,16,19,3,5,0,0,0,0,4,0,0,1,1,5,6,1,30,6,124,1,21,YAMAHA DT 125 R,8,E01028977,0,-1
2020440128156,2020,440128156,1,3,0,18,19,1,5,0,0,8,0,0,0,0,3,1,6,6,1,23,5,124,1,14,YAMAHA DT 125 R,6,E01017212,0,-1
2020460967378,2020,460967378,2,3,0,18,19,4,8,0,0,1,1,0,0,0,3,1,5,6,1,27,6,124,1,17,YAMAHA DT 125 R,1,E01024613,0,-1
2020531008499,2020,531008499,2,4,0,18,19,8,4,0,0,0,5,0,1,0,1,1,2,2,1,22,5,124,1,20,-1,6,E01022201,0,-1
2020010249175,2020,010249175,1,3,0,13,13,2,6,0,0,1,5,0,0,0,1,1,6,6,1,22,5,124,1,13,YAMAHA DT 125 R,-1,-1,0,-1
2020170S21810,2020,170S21810,1,3,0,18,19,6,2,0,0,8,0,0,0,0,1,1,6,6,1,26,6,124,1,21,YAMAHA DT 125 R,4,E01012277,0,-1
2020470925371,2020,470925371,1,3,0,12,12,6,2,0,0,0,0,0,0,0,1,1,1,1,1,22,5,125,1,21,YAMAHA DT 125 R,3,E01030578,0,-1
2020070460244,2020,070460244,1,4,0,18,19,8,4,0,0,8,0,0,0,0,1,1,2,2,1,21,5,124,1,19,-1,1,E01018563,0,-1
2020052000716,2020,052000716,1,3,0,18,19,3,7,0,0,8,0,0,0,0,1,1,6,6,1,50,8,124,1,17,YAMAHA DT 125 R,1,E01007129,0,-1
2020460992715,2020,460992715,1,3,0,18,19,1,5,2,2,1,0,0,1,0,1,1,5,6,1,29,6,124,1,30,YAMAHA DT 125 R,2,E01024193,0,-1
2020440333265,2020,440333265,2,3,0,18,19,5,1,0,0,2,0,0,0,0,3,1,6,6,1,25,5,124,1,14,YAMAHA DT 125 R,4,E01023088,0,-1
2020201014163,2020,201014163,2,3,0,18,19,5,1,0,0,8,1,0,0,0,4,1,6,6,1,24,5,124,1,18,YAMAHA DT 125 R,6,E01031159,0,-1
2020200983281,2020,200983281,2,3,0,18,19,8,4,0,0,4,0,0,0,0,4,1,6,6,1,17,4,124,1,18,YAMAHA DT 125 R,1,E01010441,0,-1
2020470939452,2020,470939452,1,3,0,18,19,8,4,0,0,1,0,0,1,2,1,1,6,6,1,26,6,125,1,25,YAMAHA DT 125 R,4,E01021127,0,-1
2020200951230,2020,200951230,2,3,0,18,19,6,2,0,0,8,0,10,1,2,1,1,6,6,1,21,5,124,1,15,YAMAHA DT 125 R,1,E01009952,0,-1
2020170M10760,2020,170M10760,1,5,0,18,19,8,4,0,0,0,1,0,0,0,3,1,6,6,1,32,6,599,1,18,YAMAHA FZS 600,1,E01012088,0,-1
2020210969287,2020,210969287,1,5,0,13,13,-1,-1,0,0,8,2,0,0,0,1,1,6,6,1,26,6,599,1,18,YAMAHA FZS 600,2,E01014298,0,-1
2020140996405,2020,140996405,1,5,0,14,14,3,7,0,0,0,1,0,0,0,1,1,6,6,1,27,6,599,1,21,YAMAHA FZS 600,3,E01007447,0,-1
2020430969076,2020,430969076,1,5,0,18,19,5,1,0,0,0,2,0,5,10,1,1,5,6,1,29,6,599,1,18,YAMAHA FZS 600,9,E01030705,0,-1
2020440214300,2020,440214300,1,5,0,10,10,7,5,0,0,8,0,0,0,0,2,1,6,6,1,56,9,599,1,18,YAMAHA FZS 600,6,E01030550,0,-1
2020622001127,2020,622001127,1,5,0,18,19,6,2,0,0,0,1,0,0,0,0,1,6,6,3,-1,-1,599,1,17,YAMAHA FZS 600,-1,-1,0,-1
202031C149820,2020,31C149820,1,5,0,18,19,3,7,0,0,2,0,0,0,0,1,1,6,6,1,50,8,599,1,20,YAMAHA FZS 600,4,E01013974,0,-1
2020200945409,2020,200945409,2,5,0,9,9,8,6,0,0,2,2,10,1,0,1,1,2,2,1,28,6,599,1,20,YAMAHA FZS 600,2,E01010049,0,-1
2020500972025,2020,500972025,1,5,0,18,19,1,5,0,0,0,5,0,0,0,1,1,6,6,1,24,5,599,1,20,YAMAHA FZS 600,3,E01020228,0,-1
2020430123909,2020,430123909,1,4,0,13,13,7,3,0,0,8,0,0,0,0,1,1,6,6,1,30,6,599,1,20,-1,5,E01028446,0,-1
2020500953171,2020,500953171,1,5,0,16,19,3,7,0,0,0,0,0,0,0,1,1,5,6,1,55,8,599,1,19,YAMAHA FZS 600,3,E01019051,0,-1
2020010269512,2020,010269512,2,5,0,18,19,3,7,0,0,8,5,0,3,0,1,1,6,6,1,21,5,599,1,18,YAMAHA FZS 600,3,E01001264,0,-1
202031B078220,2020,31B078220,1,5,0,18,19,4,8,0,0,8,0,0,0,0,1,1,6,6,1,26,6,599,1,21,YAMAHA FZS 600,4,E01028017,0,-1
2020440069818,2020,440069818,1,5,0,18,19,7,3,0,0,0,0,0,1,0,0,1,2,2,1,28,6,599,1,19,YAMAHA FZS 600,8,E01023235,0,-1
2020420978055,2020,420978055,1,5,0,13,13,1,5,0,0,8,5,0,0,0,4,1,6,6,1,46,8,599,1,21,YAMAHA FZS 600,6,E01000575,0,-1
2020160925832,2020,160925832,2,5,0,18,19,4,8,0,0,1,0,4,0,0,1,1,5,6,1,49,8,599,1,20,YAMAHA FZS 600,7,E01013018,0,-1
2020420932718,2020,420932718,2,2,0,17,19,7,3,0,0,3,0,0,0,0,2,1,6,6,1,27,6,599,1,21,-1,4,E01015872,0,-1
2020140925260,2020,140925260,1,5,0,18,19,2,5,0,0,0,0,4,0,0,1,1,6,6,3,-1,-1,599,1,20,YAMAHA FZS 600,-1,-1,0,-1
2020522002814,2020,522002814,1,5,0,10,10,4,2,0,0,1,0,0,0,0,1,1,6,6,2,29,6,599,1,17,YAMAHA FZS 600,9,E01014853,0,-1
2020370978841,2020,370978841,1,3,0,18,19,1,5,0,0,0,0,0,1,0,1,1,5,6,1,55,8,599,1,21,-1,5,E01030259,0,-1
2020122000371,2020,122000371,1,5,0,16,19,4,3,0,0,0,1,0,0,0,1,1,6,6,1,34,6,599,1,19,YAMAHA FZS 600,1,E01011981,0,-1
2020460941200,2020,460941200,2,5,0,3,3,5,1,0,0,0,0,0,0,0,2,1,6,6,1,56,9,599,1,19,YAMAHA FZS 600,5,E01024594,0,-1
2020421004747,2020,421004747,1,5,0,17,19,5,1,0,0,0,1,0,0,0,0,1,6,6,1,26,6,599,1,22,YAMAHA FZS 600,-1,-1,0,-1
2020410954544,2020,410954544,1,5,0,15,15,1,4,0,0,0,0,0,0,0,3,1,6,6,1,20,4,599,1,21,YAMAHA FZS 600,6,E01023564,0,-1
2020990959356,2020,990959356,1,5,0,16,19,2,5,0,0,4,2,9,3,0,1,1,6,6,1,30,6,599,1,18,YAMAHA FZS 600,-1,-1,0,-1
2020990963681,2020,990963681,1,5,0,18,19,4,8,0,0,0,5,0,0,0,1,1,5,6,1,26,6,599,1,21,YAMAHA FZS 600,2,-1,0,-1
2020070551296,2020,070551296,2,5,0,9,9,5,3,0,0,3,0,0,0,0,1,1,6,6,1,79,11,599,1,20,YAMAHA FZS 600,1,E01012437,0,-1
2020052002710,2020,052002710,2,5,0,16,19,1,5,0,0,0,1,0,0,0,3,1,6,6,1,47,8,599,1,21,YAMAHA FZS 600,5,E01007221,0,-1
2020110980236,2020,110980236,2,5,0,18,19,8,4,0,0,8,0,0,0,0,1,1,5,6,1,65,9,599,1,22,YAMAHA FZS 600,1,E01020902,0,-1
2020460970159,2020,460970159,1,5,0,5,5,7,3,0,0,8,0,0,0,0,1,1,5,6,1,23,5,599,1,19,YAMAHA FZS 600,2,E01016160,0,-1
2020470944036,2020,470944036,1,5,0,7,7,8,6,0,0,1,1,0,0,0,1,1,5,6,1,26,6,599,1,20,YAMAHA FZS 600,9,E01018365,0,-1
2020501004510,2020,501004510,2,5,0,18,19,5,1,0,0,0,0,0,0,0,1,1,6,6,1,26,6,599,1,18,YAMAHA FZS 600,2,E01015181,0,-1
2020230942594,2020,230942594,2,5,0,18,19,4,8,0,0,8,0,0,0,0,1,1,5,6,1,22,5,599,1,17,YAMAHA FZS 600,2,E01009641,0,-1
2020040967105,2020,040967105,1,5,0,18,19,3,7,0,0,0,0,0,1,11,1,1,5,6,1,20,4,599,1,20,YAMAHA FZS 600,1,E01006310,0,-1
202031B126220,2020,31B126220,1,3,0,16,19,8,4,0,0,0,1,0,0,0,1,1,4,7,1,17,4,124,1,0,-1,5,E01028036,0,-1
2020160961263,2020,160961263,2,5,0,18,19,5,1,0,0,1,0,0,0,0,1,1,6,6,1,63,9,646,1,57,-1,8,E01012813,0,-1
2020420981616,2020,420981616,2,4,0,18,19,5,1,0,0,0,0,0,1,0,1,1,6,6,1,82,11,500,1,-1,-1,10,E01023458,0,-1
2020302000837,2020,302000837,1,4,0,18,19,6,2,0,0,8,0,0,0,0,1,1,6,6,1,69,10,500,1,67,-1,7,E01019726,0,-1
2020622000508,2020,622000508,1,5,0,18,19,8,4,0,0,4,0,10,1,2,4,1,6,6,1,54,8,1197,1,4,-1,2,W01001761,0,-1
2020140939164,2020,140939164,2,5,0,18,19,5,5,0,0,8,0,0,0,0,1,1,2,2,1,39,7,1170,1,3,-1,8,E01007858,0,-1
2020160982225,2020,160982225,1,5,0,18,19,4,8,0,0,0,0,12,7,0,1,1,2,2,1,48,8,1170,1,0,-1,9,E01013266,0,-1
2020410972487,2020,410972487,2,5,0,18,19,1,5,0,0,0,0,0,0,0,3,1,5,6,1,41,7,1170,1,4,-1,10,E01023911,0,-1
202063D039920,2020,63D039920,1,5,0,16,19,3,6,0,0,0,1,0,7,10,1,1,6,6,1,37,7,1170,1,3,-1,5,W01000650,0,-1
2020990962850,2020,990962850,2,5,0,7,7,5,1,0,0,1,5,0,0,0,2,1,5,6,1,63,9,1170,1,1,-1,8,-1,0,-1
2020137BJ1299,2020,137BJ1299,2,5,0,3,3,7,3,0,0,0,0,0,0,0,1,1,6,6,1,61,9,1170,1,5,-1,9,E01011310,0,-1
2020420950186,2020,420950186,2,5,0,18,19,2,6,0,0,2,0,0,0,0,1,1,5,6,1,44,7,1170,1,3,-1,7,E01021476,0,-1
2020010265014,2020,010265014,1,5,0,18,19,1,5,0,0,6,0,0,0,0,1,1,6,6,1,55,8,1170,1,1,-1,10,E01002189,0,-1
2020460968711,2020,460968711,1,5,0,12,12,5,1,0,0,7,0,0,0,0,1,1,6,6,1,34,6,1170,1,3,-1,4,E01024042,0,-1
2020220926354,2020,220926354,1,9,0,17,19,8,5,0,0,4,0,0,0,0,1,1,5,6,2,40,7,2993,2,11,BMW X3,2,W01001436,0,-1
2020140935885,2020,140935885,2,9,0,3,3,5,1,0,0,0,0,0,0,0,2,1,2,2,1,35,6,1995,2,1,BMW X3,5,E01007762,0,-1
2020440463362,2020,440463362,1,9,0,18,19,5,1,0,0,0,2,0,8,11,3,1,6,6,1,59,9,2993,2,12,BMW X3,2,-1,0,-1
2020230977023,2020,230977023,1,9,0,18,19,3,8,0,0,8,0,0,0,0,4,1,5,6,2,47,8,1995,2,6,BMW X3,9,E01031237,0,-1
2020470994394,2020,470994394,2,9,0,18,19,1,5,0,0,0,0,0,0,0,4,1,5,6,1,35,6,2000,2,11,BMW X3,6,E01002662,0,-1
2020010241147,2020,010241147,1,9,0,18,19,7,3,0,0,4,0,0,0,0,1,1,6,6,1,35,6,1995,2,8,BMW X3,9,E01002286,0,-1
2020040999697,2020,040999697,1,9,0,9,9,5,3,0,0,6,0,0,0,0,1,1,5,6,2,30,6,2979,1,16,BMW X3,-1,-1,0,-1
2020547598420,2020,547598420,2,9,0,3,3,2,6,0,0,1,0,0,0,0,2,1,6,6,1,56,9,1995,2,1,BMW X3,10,E01015563,0,-1
2020522003609,2020,522003609,1,9,0,18,19,5,1,0,0,0,0,0,0,4,4,1,6,6,2,34,6,1995,2,13,BMW X3,1,W01000817,0,-1
2020010277901,2020,010277901,1,9,0,9,9,5,4,0,0,5,0,0,0,0,1,1,2,2,1,34,6,1995,2,4,BMW X3,2,E01004392,0,-1
2020410941289,2020,410941289,1,9,0,9,9,3,1,0,0,6,0,0,0,0,1,1,5,6,2,76,11,2494,1,14,BMW X3,7,E01023736,0,-1
2020010260069,2020,010260069,2,9,0,99,99,9,9,99,99,9,9,99,9,99,1,1,6,6,1,-1,-1,2993,2,12,BMW X3,-1,-1,0,-1
202063C073020,2020,63C073020,2,9,0,4,4,5,1,0,0,0,0,0,0,0,2,1,6,6,1,59,9,1995,2,15,BMW X3,9,W01000611,0,-1
2020991030900,2020,991030900,1,9,0,7,7,8,2,0,0,6,0,0,0,0,3,1,6,6,2,68,10,1995,2,1,BMW X3,5,-1,0,-1
2020990938210,2020,990938210,6,9,0,3,3,1,5,0,0,0,0,0,0,0,2,1,5,6,1,26,6,1995,2,1,BMW X3,7,-1,0,-1
2020170S10890,2020,170S10890,2,9,0,2,2,0,0,0,0,0,0,0,0,0,2,1,6,6,1,62,9,2993,2,7,BMW X3,5,E01012218,0,-1
2020160962829,2020,160962829,1,9,0,14,14,2,6,0,0,0,0,4,1,1,1,1,6,6,1,52,8,1995,2,13,BMW X3,3,E01013310,0,-1
2020360974385,2020,360974385,2,9,0,3,3,4,8,0,0,1,0,0,0,0,2,1,6,6,2,48,8,1995,2,14,BMW X3,4,E01026458,0,-1
202006F169788,2020,06F169788,2,9,0,18,19,1,5,0,0,1,0,0,0,0,1,1,2,2,2,61,9,1995,2,10,BMW X3,6,E01005693,0,-1
2020430056059,2020,430056059,3,9,0,4,4,5,1,0,0,0,0,0,0,0,2,1,2,2,1,55,8,1995,2,1,BMW X3,7,E01021914,0,-1
2020471008491,2020,471008491,1,9,0,18,19,6,2,0,0,0,1,0,1,11,2,1,5,6,1,32,6,1995,2,14,BMW X3,6,E01017004,0,-1