collision_index,collision_year,collision_ref_no,vehicle_reference,vehicle_type,towing_and_articulation,vehicle_manoeuvre_historic,vehicle_manoeuvre,vehicle_direction_from,vehicle_direction_to,vehicle_location_restricted_lane_historic,vehicle_location_restricted_lane,junction_location,skidding_and_overturning,hit_object_in_carriageway,vehicle_leaving_carriageway,hit_object_off_carriageway,first_point_of_impact,vehicle_left_hand_drive,journey_purpose_of_driver_historic,journey_purpose_of_driver,sex_of_driver,age_of_driver,age_band_of_driver,engine_capacity_cc,propulsion_code,age_of_vehicle,generic_make_model,driver_imd_decile,lsoa_of_driver,escooter_flag,driver_distance_banding
20201372P1605,2020,1372P1605,2,9,0,18,19,1,3,0,0,8,0,0,0,0,1,1,6,6,1,34,6,1995,2,12,BMW X3,2,E01011079,0,-1
2020430195501,2020,430195501,2,9,0,17,19,6,3,0,0,0,0,0,0,0,1,1,6,6,1,46,8,1995,2,6,BMW X3,8,E01017886,0,-1
2020450986508,2020,450986508,1,9,0,18,19,4,2,0,0,0,1,0,0,0,1,1,5,6,1,67,10,2000,2,9,BMW X3,10,E01030340,0,-1
2020100966910,2020,100966910,2,9,0,18,19,5,1,0,0,0,0,0,0,0,0,1,6,6,1,45,7,1995,2,14,BMW X3,9,E01027491,0,-1
2020010258242,2020,010258242,1,9,0,99,99,9,9,99,99,4,9,99,9,99,9,9,6,6,2,43,7,1995,2,13,BMW X3,2,E01002312,0,-1
2020450926605,2020,450926605,1,9,0,9,9,4,2,0,0,6,0,0,0,0,1,1,1,1,2,30,6,1995,2,1,BMW X3,4,E01030364,0,-1
2020990938119,2020,990938119,2,9,0,16,19,7,1,0,0,1,0,0,0,0,4,1,5,6,2,35,6,1995,2,9,BMW X3,-1,-1,0,-1
2020460966296,2020,460966296,3,9,0,3,3,1,7,0,0,1,0,0,0,0,2,1,6,6,2,50,8,1995,2,6,BMW X3,10,E01024320,0,-1
2020340S00242,2020,340S00242,1,9,0,17,19,6,2,0,0,1,2,0,1,4,1,1,2,2,2,51,8,2993,2,6,BMW X3,9,E01027268,0,-1
2020010260363,2020,010260363,2,9,0,18,19,7,3,0,0,1,0,0,0,0,3,2,2,2,1,53,8,1995,2,7,BMW X3,5,E01001301,0,-1
2020990922325,2020,990922325,1,9,0,18,19,5,1,0,0,0,0,0,0,0,1,1,6,6,1,40,7,1995,2,8,BMW X3,6,-1,0,-1
202063C033720,2020,63C033720,2,9,0,4,4,6,2,0,0,1,0,0,0,0,2,1,6,6,2,20,4,2000,2,9,BMW X3,7,W01000578,0,-1
2020410923817,2020,410923817,3,9,0,18,19,7,3,0,0,0,5,0,0,0,3,1,1,1,1,47,8,1995,2,3,BMW X3,10,E01016701,0,-1
2020430260665,2020,430260665,1,9,0,16,19,4,8,0,0,1,0,0,0,0,2,1,6,6,1,39,7,1995,12,0,BMW X3,7,E01028795,0,-1
2020440016790,2020,440016790,1,9,0,18,19,6,2,0,0,0,0,0,0,0,4,1,6,6,2,48,8,2993,2,13,BMW X3,5,E01017324,0,-1
2020440427093,2020,440427093,1,9,0,18,19,5,1,0,0,1,0,0,0,0,1,1,6,6,1,58,9,2993,2,12,BMW X3,7,E01022597,0,-1
2020200987836,2020,200987836,2,9,0,10,10,4,2,0,0,1,0,0,0,0,2,1,6,6,2,51,8,2993,2,15,BMW X3,1,E01009327,0,-1
2020420966827,2020,420966827,1,9,0,5,5,3,6,0,0,6,1,0,0,0,1,1,5,6,2,71,10,1995,2,7,BMW X3,6,E01029906,0,-1
2020460965282,2020,460965282,2,9,0,18,19,7,3,0,0,0,0,0,0,0,2,1,6,6,1,44,7,1995,2,4,BMW X3,4,E01003278,0,-1
2020450958785,2020,450958785,1,9,0,18,19,1,5,0,0,0,0,0,0,0,2,1,5,6,1,49,8,2998,1,1,BMW X3,10,E01030517,0,-1
2020360938239,2020,360938239,2,9,0,2,2,2,4,0,0,2,0,0,0,0,2,1,5,6,2,55,8,1995,2,6,BMW X3,4,E01026468,0,-1
2020552000074,2020,552000074,2,9,0,3,3,2,6,0,0,1,0,0,0,0,2,1,3,7,1,28,6,2494,1,16,BMW X3,9,E01020399,0,-1
2020622000520,2020,622000520,2,9,0,18,19,7,3,0,0,1,0,0,0,0,1,1,6,6,2,29,6,1995,2,8,BMW X3,3,W01000987,0,-1
2020010249081,2020,010249081,2,9,0,2,2,0,0,0,0,0,1,0,7,2,2,1,6,6,3,-1,-1,2993,2,14,BMW X3,-1,-1,0,-1
2020010240347,2020,010240347,2,8,0,18,19,6,2,0,0,2,0,0,0,0,1,1,2,2,1,29,6,1995,2,3,-1,3,E01003630,0,-1
2020010231196,2020,010231196,2,9,0,99,99,9,9,99,99,1,9,99,9,99,1,9,6,6,3,-1,-1,1995,2,1,BMW X3,2,E01003607,0,-1
2020460994130,2020,460994130,4,9,0,18,19,5,1,0,0,0,0,0,0,0,2,1,5,6,2,36,7,1995,2,3,BMW X3,-1,-1,0,-1
2020052000278,2020,052000278,1,9,0,18,19,4,8,0,0,1,0,0,0,0,4,1,6,6,3,-1,-1,2993,2,14,BMW X3,-1,-1,0,-1
2020302000972,2020,302000972,3,9,0,18,19,7,2,0,0,0,0,0,0,0,0,1,1,1,1,-1,-1,2998,1,1,BMW X3,5,E01019456,0,-1
2020990940020,2020,990940020,1,9,0,9,9,5,7,0,0,0,0,0,0,0,1,1,5,6,2,34,6,1995,2,1,BMW X3,-1,-1,0,-1
2020137AH0664,2020,137AH0664,2,9,0,4,4,8,3,0,0,0,0,0,0,0,2,1,6,6,1,28,6,1995,2,7,BMW X3,3,E01011783,0,-1
2020470960197,2020,470960197,3,9,0,18,19,7,3,0,0,0,0,0,0,0,2,1,5,6,2,67,10,1995,2,9,BMW X3,6,E01021113,0,-1
2020460965042,2020,460965042,3,9,0,18,19,5,1,0,0,0,0,0,0,0,0,1,6,6,1,50,8,2979,1,15,BMW X3,6,E01024787,0,-1
2020421011398,2020,421011398,2,9,0,18,19,7,3,0,0,1,1,0,7,9,1,1,5,6,2,24,5,1995,2,7,BMW X3,8,E01021731,0,-1
2020110960323,2020,110960323,1,9,0,13,13,5,1,0,0,1,0,0,0,0,1,1,5,6,1,26,6,1995,2,14,BMW X3,4,E01020881,0,-1
2020010244088,2020,010244088,1,9,9,3,3,5,1,0,0,8,9,0,0,99,2,9,6,6,1,29,6,1995,2,5,BMW X3,5,E01001294,0,-1
2020320372530,2020,320372530,2,9,0,18,19,3,7,0,0,8,0,0,0,0,1,1,6,6,1,43,7,1995,2,12,BMW X3,-1,-1,0,-1
2020471003495,2020,471003495,2,9,0,3,3,1,5,0,0,1,0,0,0,0,2,1,5,6,2,27,6,1995,2,6,BMW X3,9,E01031475,0,-1
2020410948328,2020,410948328,1,9,0,18,19,1,3,0,0,4,0,0,0,0,1,1,5,6,2,29,6,1995,2,7,BMW X3,6,E01023943,0,-1
20201373G0376,2020,1373G0376,1,9,0,18,19,5,1,0,0,1,0,0,0,0,1,1,6,6,2,38,7,1995,2,8,BMW X3,4,E01010741,0,-1
2020471002224,2020,471002224,2,9,0,10,10,8,6,0,0,1,0,0,0,0,4,1,2,2,2,46,8,1995,2,2,BMW X3,10,E01016984,0,-1
2020010242078,2020,010242078,1,9,0,3,3,5,1,0,0,1,0,0,0,0,2,1,6,6,1,63,9,1995,2,5,BMW X3,4,E01001694,0,-1
2020522100724,2020,522100724,1,9,0,4,4,3,7,0,0,0,0,0,0,0,1,1,6,6,1,43,7,2979,1,16,BMW X3,9,E01031497,0,-1
2020420994310,2020,420994310,2,9,0,18,19,2,6,0,0,0,0,0,0,0,2,1,1,1,2,36,7,1995,2,3,BMW X3,3,E01015973,0,-1
2020010283074,2020,010283074,1,9,0,18,19,3,7,0,0,1,0,0,0,0,1,1,6,6,1,38,7,1995,2,6,BMW X3,3,E01004274,0,-1
2020052001811,2020,052001811,2,9,0,18,19,3,7,0,0,8,0,0,0,0,4,1,6,6,1,57,9,2993,2,3,BMW X3,7,E01024990,0,-1
202006M177845,2020,06M177845,3,9,0,8,8,2,4,0,0,1,0,0,0,0,3,1,6,6,2,30,6,1995,2,6,BMW X3,-1,-1,0,-1
2020440044358,2020,440044358,1,9,0,9,9,7,5,0,0,6,0,0,0,0,1,1,6,6,1,40,7,1995,2,5,BMW X3,4,E01017171,0,-1
2020010267859,2020,010267859,3,9,0,18,19,2,6,0,0,1,0,0,0,0,3,1,2,2,1,45,7,1995,2,7,BMW X3,6,E01033582,0,-1
2020122000778,2020,122000778,3,9,0,18,19,7,3,0,0,0,0,0,0,0,0,1,6,6,2,43,7,1995,2,8,BMW X3,9,E01012228,0,-1
2020200958377,2020,200958377,1,9,0,7,7,4,6,0,0,6,0,0,0,0,3,1,6,6,1,80,11,2993,2,2,BMW X3,7,E01009260,0,-1
2020010250066,2020,010250066,2,9,9,18,19,5,1,0,0,9,9,99,9,99,9,9,6,6,3,-1,-1,1995,2,9,BMW X3,-1,-1,0,-1
2020440475049,2020,440475049,1,9,0,18,19,7,3,0,0,0,0,0,0,0,1,1,6,6,1,62,9,2497,2,13,BMW X3,7,E01022962,0,-1
2020010233169,2020,010233169,2,9,0,99,99,9,9,99,99,9,9,99,9,99,1,9,6,6,2,48,8,2494,1,16,BMW X3,3,E01003050,0,-1
2020010274519,2020,010274519,1,9,0,4,4,1,5,0,0,1,0,0,0,0,2,1,6,6,1,34,6,1995,2,10,BMW X3,2,E01002314,0,-1
2020420961161,2020,420961161,2,9,0,3,3,3,7,0,0,0,0,0,0,0,4,1,6,6,1,39,7,1995,2,5,BMW X3,4,E01016048,0,-1
2020990937602,2020,990937602,2,9,0,4,4,5,1,0,0,0,1,0,0,0,1,1,5,6,1,31,6,2000,2,11,BMW X3,2,-1,0,-1
2020010277893,2020,010277893,1,9,0,9,9,3,1,0,0,1,0,0,0,0,0,1,6,6,1,41,7,1995,2,7,BMW X3,7,E01004730,0,-1
2020370954424,2020,370954424,1,9,0,18,19,3,7,0,0,0,0,4,0,0,4,1,5,6,1,77,11,2993,2,12,BMW X3,4,E01030225,0,-1
20201375B1267,2020,1375B1267,2,9,0,5,5,1,5,0,0,1,0,0,0,0,1,1,6,6,2,26,6,1995,2,9,BMW X3,4,E01010704,0,-1
2020122001360,2020,122001360,3,9,0,4,4,5,1,0,0,0,0,0,0,0,1,1,6,6,1,39,7,1995,2,6,BMW X3,3,E01003597,0,-1
2020010278625,2020,010278625,1,9,0,18,19,3,7,0,0,4,0,0,0,0,3,1,6,6,1,70,10,1995,2,6,BMW X3,-1,-1,0,-1
2020137821390,2020,137821390,3,9,0,3,3,1,5,0,0,0,0,0,0,0,3,1,6,6,1,27,6,1995,2,14,BMW X3,5,E01027770,0,-1
2020420932824,2020,420932824,1,9,0,5,5,1,5,0,0,2,0,0,0,0,1,1,5,6,1,32,6,1995,2,13,BMW X3,2,E01021771,0,-1
2020410938688,2020,410938688,1,9,0,3,3,1,5,0,0,3,0,0,0,0,2,1,5,6,2,30,6,1995,2,13,BMW X3,7,E01023801,0,-1
2020010256107,2020,010256107,1,9,0,3,3,5,1,0,0,1,0,0,0,0,2,1,6,6,2,39,7,1995,2,8,BMW X3,9,E01001028,0,-1
2020070604964,2020,070604964,3,9,0,4,4,6,2,0,0,1,0,0,0,0,2,1,6,6,2,57,9,1995,2,7,BMW X3,10,E01018694,0,-1
2020010268892,2020,010268892,1,9,0,99,99,9,9,99,99,9,9,99,9,99,1,9,6,6,2,38,7,1995,2,14,BMW X3,7,E01002269,0,-1
2020420960826,2020,420960826,2,9,0,4,4,5,1,0,0,0,0,0,0,0,1,1,6,6,1,34,6,1995,2,14,BMW X3,3,E01021391,0,-1
2020460999861,2020,460999861,1,9,0,18,19,2,1,0,0,6,0,0,3,1,1,1,6,6,1,33,6,1995,2,0,BMW X3,7,E01032825,0,-1
2020010283182,2020,010283182,1,9,0,4,4,5,1,0,0,1,0,0,1,0,2,1,3,7,2,41,7,2979,1,15,BMW X3,4,E01003118,0,-1
2020010255240,2020,010255240,2,9,0,18,19,5,1,0,0,1,0,0,0,0,1,1,6,6,1,-1,-1,1995,2,15,BMW X3,-1,-1,0,-1
2020122000479,2020,122000479,1,9,0,9,9,5,3,0,0,5,0,0,0,0,1,1,6,6,1,65,9,2000,2,9,BMW X3,6,E01011299,0,-1
2020200981711,2020,200981711,1,9,0,17,19,4,2,0,0,0,0,0,0,0,1,1,6,6,1,37,7,2979,1,16,BMW X3,3,E01009003,0,-1
2020010275422,2020,010275422,1,9,0,99,99,9,9,99,99,9,9,99,9,99,1,9,2,2,1,49,8,2979,1,14,BMW X3,2,E01001712,0,-1
2020470977158,2020,470977158,1,9,0,7,7,5,1,0,0,2,0,0,0,0,4,1,5,6,1,48,8,2993,2,3,BMW X3,8,E01016981,0,-1
2020137CM0271,2020,137CM0271,2,9,0,18,19,4,8,0,0,0,1,0,0,0,1,1,2,2,2,31,6,2993,2,1,BMW X3,7,E01011159,0,-1
2020030977884,2020,030977884,1,9,0,5,5,5,3,0,0,0,0,0,0,0,4,1,6,6,1,60,9,1995,2,8,BMW X3,6,E01019213,0,-1
2020010282493,2020,010282493,1,9,0,10,10,1,6,0,0,6,0,0,0,0,1,1,6,6,1,29,6,2494,1,16,BMW X3,3,E01000806,0,-1
2020010263005,2020,010263005,1,9,0,9,9,1,7,0,0,1,0,0,0,0,3,1,6,6,1,34,6,2993,2,6,BMW X3,8,E01000967,0,-1
2020041006344,2020,041006344,2,9,0,18,19,1,5,0,0,0,0,0,0,0,2,1,5,6,1,48,8,2993,2,1,BMW X3,-1,-1,0,-1
2020410972518,2020,410972518,2,9,0,4,4,8,4,0,0,1,0,0,0,0,4,1,5,6,1,71,10,1998,1,1,BMW X3,10,E01023648,0,-1
2020010265222,2020,010265222,1,9,0,18,19,7,3,9,9,0,0,0,7,0,1,1,6,6,1,84,11,1995,2,11,BMW X3,-1,-1,0,-1
2020010241431,2020,010241431,2,9,0,15,15,1,5,0,0,8,1,0,5,6,3,1,6,6,2,45,7,1995,2,5,BMW X3,1,E01004710,0,-1
2020070345690,2020,070345690,2,9,0,7,7,2,4,0,0,4,0,0,0,0,2,1,6,6,1,37,7,1995,2,8,BMW X3,9,E01018660,0,-1
2020360921594,2020,360921594,3,9,0,18,19,1,5,0,0,0,0,0,0,0,1,1,1,1,1,45,7,1995,2,6,BMW X3,2,E01026700,0,-1
2020010269333,2020,010269333,1,9,0,5,5,5,1,0,0,1,1,4,0,0,1,1,6,6,1,56,9,1995,2,5,BMW X3,4,E01018757,0,-1
2020460966647,2020,460966647,4,9,0,18,19,2,6,0,0,0,0,0,0,0,2,1,5,6,1,57,9,2993,2,14,BMW X3,10,E01023614,0,-1
2020470973589,2020,470973589,1,9,0,18,19,6,2,0,0,8,1,0,7,0,3,1,5,6,2,54,8,1995,2,6,BMW X3,10,E01024752,0,-1
2020137BE1831,2020,137BE1831,1,9,0,17,19,3,7,0,0,0,0,0,1,11,1,1,6,6,1,25,5,2993,1,1,BMW X3,-1,-1,0,-1
2020470996840,2020,470996840,1,9,0,18,19,3,6,0,0,2,0,0,0,0,1,1,6,6,2,52,8,1995,2,14,BMW X3,5,E01031376,0,-1
2020471000052,2020,471000052,1,9,0,18,19,8,4,0,0,0,0,0,0,0,1,1,5,6,2,51,8,2993,2,5,BMW X3,3,E01021016,0,-1
2020430016765,2020,430016765,2,9,0,9,9,5,3,0,0,4,0,0,0,0,3,1,6,6,1,-1,-1,1995,2,1,BMW X3,-1,-1,0,-1
2020010279599,2020,010279599,3,9,0,16,19,3,7,0,0,1,0,0,0,0,2,1,6,6,2,49,8,1995,2,2,BMW X3,1,E01001429,0,-1
2020450930979,2020,450930979,1,9,0,18,19,1,5,0,0,0,0,0,0,0,1,1,6,6,2,39,7,1995,2,3,BMW X3,10,E01030617,0,-1
2020450919753,2020,450919753,2,9,0,5,5,5,1,0,0,6,0,0,0,0,1,1,2,2,1,60,9,2494,1,16,BMW X3,6,E01030649,0,-1
2020460965019,2020,460965019,2,9,0,5,5,1,5,0,0,2,0,0,0,0,2,1,5,6,1,56,9,1995,2,6,BMW X3,5,E01024202,0,-1
2020370946454,2020,370946454,2,9,0,4,4,3,7,0,0,1,0,0,0,0,2,1,5,6,2,75,10,2979,1,16,BMW X3,10,E01030195,0,-1
2020990944224,2020,990944224,2,9,0,7,7,8,2,0,0,1,0,0,0,0,2,1,5,6,1,36,7,1995,2,14,BMW X3,1,-1,0,-1
2020990980777,2020,990980777,2,9,0,4,4,5,1,0,0,0,0,0,0,0,2,1,2,2,2,35,6,1995,2,14,BMW X3,3,-1,0,-1
2020210942147,2020,210942147,1,9,0,18,19,7,3,0,0,1,0,0,0,0,4,1,1,1,2,46,8,2000,2,11,BMW X3,9,E01006250,0,-1
2020160915311,2020,160915311,1,9,0,18,19,4,8,0,0,8,0,0,0,0,0,1,5,6,1,28,6,1995,2,15,BMW X3,4,E01013183,0,-1
2020010263809,2020,010263809,2,9,0,3,3,5,1,0,0,1,1,0,0,0,2,1,1,1,1,37,7,1995,2,7,BMW X3,2,E01003024,0,-1
2020450996041,2020,450996041,4,9,0,18,19,5,1,0,0,2,0,0,0,0,1,1,2,2,1,63,9,1995,2,1,BMW X3,9,E01028932,0,-1
2020200938284,2020,200938284,1,9,0,18,19,6,2,0,0,8,0,0,0,0,1,1,2,2,2,55,8,1995,2,6,BMW X3,10,E01010185,0,-1
2020052001510,2020,052001510,1,9,0,11,11,3,7,0,0,3,0,0,0,0,4,1,6,6,1,49,8,1995,2,3,BMW X3,6,E01006900,0,-1
2020420924858,2020,420924858,2,9,0,18,19,7,3,0,0,1,0,0,0,0,1,1,5,6,2,55,8,1995,2,7,BMW X3,5,E01021770,0,-1
2020420932731,2020,420932731,1,9,0,9,9,4,5,0,0,0,0,0,0,0,1,1,5,6,1,63,9,1995,2,1,BMW X3,6,E01021595,0,-1
2020340C08102,2020,340C08102,2,9,0,3,3,7,3,0,0,1,0,0,0,0,2,1,2,2,1,44,7,1995,2,9,BMW X3,7,E01026978,0,-1
2020230991911,2020,230991911,1,9,0,16,19,4,7,0,0,1,1,0,7,4,2,1,5,6,3,32,6,2993,2,15,BMW X3,-1,-1,0,-1
2020370943937,2020,370943937,2,9,0,2,2,0,0,0,0,0,0,0,0,0,2,1,5,6,1,46,8,2979,1,16,BMW X3,2,E01029969,0,-1
2020010262637,2020,010262637,1,9,0,18,19,8,4,0,0,0,0,0,0,0,2,1,1,1,2,67,10,2993,2,13,BMW X3,-1,-1,0,-1
2020010256761,2020,010256761,1,9,0,9,9,1,6,9,9,5,0,0,0,0,4,1,6,6,1,44,7,2993,2,1,BMW X3,6,E01000881,0,-1
2020010233140,2020,010233140,1,9,0,99,99,9,9,99,99,9,9,99,9,99,9,9,6,6,1,46,8,1995,2,5,BMW X3,5,E01000224,0,-1
2020010279660,2020,010279660,2,9,0,3,3,7,3,0,0,1,0,0,0,0,1,1,6,6,1,49,8,2979,1,15,BMW X3,4,E01003561,0,-1
2020990966849,2020,990966849,3,9,0,16,19,7,2,0,0,0,0,0,0,0,1,1,6,6,1,45,7,1995,2,2,BMW X3,9,-1,0,-1
2020010283733,2020,010283733,1,9,0,5,5,5,1,0,0,1,0,0,0,0,0,1,2,2,1,47,8,1995,2,14,BMW X3,3,E01016014,0,-1
2020360951222,2020,360951222,1,9,0,-1,-1,-1,-1,-1,-1,0,-1,-1,-1,0,-1,1,6,6,1,-1,-1,1995,2,14,BMW X3,-1,-1,0,-1
2020460964359,2020,460964359,2,9,0,18,19,4,8,0,0,0,0,0,0,0,1,1,6,6,2,65,9,1995,2,16,BMW X3,8,E01024414,0,-1
2020470954880,2020,470954880,2,9,0,18,19,2,6,0,0,0,0,0,0,0,1,1,2,2,1,21,5,1995,2,11,BMW X3,6,E01031669,0,-1
2020552000069,2020,552000069,2,9,0,16,19,7,3,0,0,0,0,0,0,0,1,1,2,2,2,48,8,2993,2,2,BMW X3,10,E01020383,0,-1
2020010285134,2020,010285134,3,9,0,2,2,0,0,9,9,2,0,0,0,0,2,1,6,6,3,-1,-1,1995,2,9,BMW X3,-1,-1,0,-1
2020161008036,2020,161008036,1,9,0,18,19,2,6,0,0,0,0,0,1,9,1,1,5,6,1,52,8,1995,2,15,BMW X3,3,E01013254,0,-1
2020552100147,2020,552100147,4,9,0,3,3,6,2,0,0,0,0,0,0,0,2,1,6,6,1,47,8,1995,2,4,BMW X3,7,E01016399,0,-1
2020010269363,2020,010269363,2,9,0,7,7,5,8,0,0,8,0,0,1,0,1,1,6,6,3,-1,-1,2993,2,15,BMW X3,-1,-1,0,-1
2020360956694,2020,360956694,1,9,0,13,13,1,5,0,0,0,5,4,0,0,3,1,2,2,2,49,8,1995,2,14,BMW X3,3,E01026775,0,-1
2020552000068,2020,552000068,4,9,0,10,10,6,2,0,0,1,0,0,0,0,2,1,6,6,1,63,9,1995,2,3,BMW X3,6,E01015414,0,-1
2020110925570,2020,110925570,2,9,0,18,19,5,7,0,0,1,0,0,0,0,4,1,6,6,2,52,8,1998,1,1,BMW X3,5,E01020687,0,-1
2020302000843,2020,302000843,2,9,0,18,19,2,6,0,0,1,0,0,0,0,1,1,6,6,1,28,6,2993,2,15,BMW X3,7,E01019429,0,-1
2020991009077,2020,991009077,1,9,0,18,19,1,5,0,0,0,0,0,0,0,3,1,2,2,1,46,8,1995,2,7,BMW X3,3,-1,0,-1
2020450979133,2020,450979133,1,9,0,18,19,1,5,0,0,0,0,0,7,4,1,1,5,6,2,22,5,1998,8,0,BMW X3,5,E01030962,0,-1
202006F268671,2020,06F268671,2,9,0,18,19,4,8,0,0,0,0,0,0,0,0,1,1,1,1,20,4,2998,1,2,BMW X3,-1,-1,0,-1
2020010257226,2020,010257226,1,9,0,3,3,1,5,0,0,0,0,0,1,0,2,1,6,6,1,27,6,2993,2,6,BMW X3,8,E01004713,0,-1
2020450968489,2020,450968489,2,9,0,18,19,3,7,0,0,0,0,0,0,0,1,1,5,6,1,40,7,2993,2,6,BMW X3,6,E01030681,0,-1
2020010229380,2020,010229380,2,9,0,99,99,9,9,99,99,9,9,99,9,99,2,9,6,6,3,-1,-1,1995,2,14,BMW X3,2,E01000628,0,-1
2020010251501,2020,010251501,1,9,0,5,5,1,5,0,0,1,0,0,0,0,4,1,6,6,1,49,8,2993,2,2,BMW X3,4,E01003029,0,-1
2020522001710,2020,522001710,2,9,0,18,19,6,2,0,0,0,0,0,0,0,1,1,6,6,2,44,7,1995,2,1,BMW X3,9,E01014739,0,-1
2020010283163,2020,010283163,3,9,0,18,19,3,7,0,0,0,0,0,0,0,0,1,6,6,1,24,5,2494,1,16,BMW X3,4,E01003662,0,-1
2020990918096,2020,990918096,1,9,0,1,1,7,3,9,9,0,0,0,0,0,2,1,6,6,1,69,10,2993,2,6,BMW X3,9,-1,0,-1
2020201022658,2020,201022658,1,9,0,3,3,6,2,0,0,8,0,0,0,0,1,1,6,6,2,28,6,2993,2,14,BMW X3,1,E01010053,0,-1
2020470968602,2020,470968602,2,9,0,9,9,2,8,0,0,8,0,0,0,0,1,1,5,6,2,34,6,1995,2,15,BMW X3,9,E01022653,0,-1
2020530981447,2020,530981447,1,9,0,4,4,6,3,0,0,0,0,0,0,0,3,1,3,7,2,46,8,1995,2,6,BMW X3,10,E01031949,0,-1
2020410957103,2020,410957103,4,9,0,18,19,5,1,0,0,3,0,0,0,0,2,1,2,2,2,35,6,1995,2,5,BMW X3,6,E01023789,0,-1
2020010281254,2020,010281254,1,9,0,18,19,7,3,0,0,8,0,0,0,0,2,1,6,6,1,47,8,1995,2,5,BMW X3,5,E01000224,0,-1
2020991004312,2020,991004312,4,9,0,18,19,7,3,0,0,0,1,7,1,0,4,1,5,6,1,50,8,1995,12,0,BMW X3,10,E01013439,0,-1
2020610044120,2020,610044120,2,9,0,11,11,4,8,0,0,0,0,0,0,0,1,1,6,6,1,-1,-1,1995,2,13,BMW X3,6,W01001534,0,-1
2020350935096,2020,350935096,2,9,0,18,19,1,5,0,0,0,1,0,0,0,1,1,1,1,1,59,9,1998,8,0,BMW X3,6,E01018156,0,-1
2020302001089,2020,302001089,2,9,0,18,19,3,7,0,0,0,0,0,0,0,1,1,6,6,1,29,6,1995,2,8,BMW X3,5,E01013530,0,-1
202031D004620,2020,31D004620,1,9,0,18,19,7,3,0,0,0,0,0,0,0,1,1,6,6,2,35,6,1995,2,4,BMW X3,7,E01019603,0,-1
2020470925321,2020,470925321,1,9,0,18,19,5,1,0,0,0,0,0,0,0,1,1,6,6,1,40,7,1995,2,7,BMW X3,7,E01031488,0,-1
2020052002608,2020,052002608,2,9,0,18,19,5,1,0,0,1,1,0,0,0,1,1,6,6,2,32,6,1995,2,8,BMW X3,10,E01018584,0,-1
2020010264935,2020,010264935,1,9,0,7,7,7,1,0,0,3,0,0,0,0,4,1,6,6,2,32,6,1995,2,8,BMW X3,10,E01002195,0,-1
2020411014932,2020,411014932,2,9,0,5,5,6,4,0,0,0,0,0,0,0,2,1,6,6,1,50,8,1995,2,5,BMW X3,3,E01023323,0,-1
2020500941537,2020,500941537,1,9,0,18,19,1,5,0,0,1,1,0,0,0,1,1,5,6,1,-1,-1,2497,1,14,BMW X3,-1,-1,0,-1
2020460970649,2020,460970649,2,9,0,10,10,6,3,0,0,1,0,0,0,0,3,1,6,6,1,67,10,1995,2,5,BMW X3,6,E01024830,0,-1
2020200995494,2020,200995494,1,9,0,1,1,6,2,0,0,1,0,0,0,0,2,1,6,6,3,-1,-1,1995,2,0,BMW X3,-1,-1,0,-1
2020450949227,2020,450949227,2,9,0,12,12,3,5,0,0,8,1,0,5,6,3,1,5,6,2,51,8,1995,2,13,BMW X3,4,E01002858,0,-1
2020040927257,2020,040927257,1,9,0,18,19,5,1,0,0,0,0,0,0,0,1,1,5,6,1,33,6,1995,2,1,BMW X3,8,E01027568,0,-1
2020010247138,2020,010247138,4,9,9,99,99,9,9,99,99,9,9,99,9,99,9,9,6,6,1,-1,-1,3000,1,11,BMW X3,9,E01001274,0,-1
2020430057530,2020,430057530,1,9,0,18,19,4,8,0,0,0,0,0,0,0,1,1,6,6,1,50,8,1995,2,1,BMW X3,-1,-1,0,-1
2020440284263,2020,440284263,2,9,0,4,4,5,1,0,0,0,0,0,0,0,2,1,6,6,2,67,10,1995,2,8,BMW X3,5,E01023201,0,-1
2020010282131,2020,010282131,1,9,0,7,7,5,7,0,0,1,0,0,0,0,4,1,6,6,1,50,8,1995,2,7,BMW X3,4,E01017850,0,-1
2020040959963,2020,040959963,3,9,0,18,19,1,5,0,0,0,0,0,0,0,2,1,6,6,2,84,11,1998,1,0,BMW X3,10,E01010772,0,-1
2020360946787,2020,360946787,1,9,0,18,19,-1,-1,0,0,8,0,0,0,0,3,1,6,6,1,26,6,1995,2,13,BMW X3,9,E01026933,0,-1
2020010230736,2020,010230736,1,9,0,1,1,5,1,0,0,0,0,0,0,0,2,1,2,2,2,54,8,1998,1,1,BMW X3,10,E01000445,0,-1
2020470954312,2020,470954312,3,9,0,18,19,6,2,0,0,0,0,0,0,0,0,1,5,6,2,66,10,1995,2,12,BMW X3,9,E01021175,0,-1
2020470970859,2020,470970859,1,9,0,9,9,1,3,0,0,6,0,0,0,0,1,1,5,6,1,36,7,1995,2,13,BMW X3,9,E01031461,0,-1
2020420940125,2020,420940125,1,9,0,13,13,3,7,0,0,0,0,0,0,0,4,1,6,6,2,35,6,1995,2,15,BMW X3,5,E01022034,0,-1
202063B053220,2020,63B053220,1,9,0,18,19,8,3,0,0,0,0,0,1,10,1,1,6,6,1,74,10,2993,2,5,BMW X3,3,W01000928,0,-1