collision_index,collision_year,collision_ref_no,vehicle_reference,vehicle_type,towing_and_articulation,vehicle_manoeuvre_historic,vehicle_manoeuvre,vehicle_direction_from,vehicle_direction_to,vehicle_location_restricted_lane_historic,vehicle_location_restricted_lane,junction_location,skidding_and_overturning,hit_object_in_carriageway,vehicle_leaving_carriageway,hit_object_off_carriageway,first_point_of_impact,vehicle_left_hand_drive,journey_purpose_of_driver_historic,journey_purpose_of_driver,sex_of_driver,age_of_driver,age_band_of_driver,engine_capacity_cc,propulsion_code,age_of_vehicle,generic_make_model,driver_imd_decile,lsoa_of_driver,escooter_flag,driver_distance_banding
2020440430440,2020,440430440,3,9,0,2,2,0,0,0,0,0,0,0,0,0,2,1,6,6,1,43,7,1995,2,7,BMW X3,3,E01017267,0,-1
2020010271806,2020,010271806,1,9,0,5,5,7,3,0,0,6,0,0,0,0,3,1,6,6,2,35,6,2494,1,16,BMW X3,-1,-1,0,-1
2020522002429,2020,522002429,1,9,0,2,2,0,0,0,0,0,0,0,0,0,4,1,6,6,1,50,8,1995,2,7,BMW X3,7,E01032677,0,-1
2020010231615,2020,010231615,2,9,0,99,99,9,9,99,99,9,9,99,9,99,1,9,6,6,3,-1,-1,1995,2,4,BMW X3,-1,-1,0,-1
2020552000726,2020,552000726,1,9,0,18,19,1,5,0,0,0,0,0,0,0,1,1,6,6,2,71,10,1995,2,11,BMW X3,4,E01020551,0,-1
2020210926267,2020,210926267,1,9,0,3,3,5,6,0,0,0,0,0,0,0,4,1,1,1,1,43,7,1995,2,1,BMW X3,7,E01010504,0,-1
20201371D0548,2020,1371D0548,2,9,0,18,19,2,6,0,0,1,0,0,0,0,3,1,6,6,2,30,6,1995,2,7,BMW X3,8,E01011086,0,-1
2020991010996,2020,991010996,3,9,0,18,19,3,7,0,0,1,0,0,0,0,1,1,5,6,2,47,8,1995,2,13,BMW X3,3,-1,0,-1
2020010229075,2020,010229075,3,9,0,3,3,7,3,0,0,0,0,0,0,0,3,1,6,6,2,-1,-1,1995,2,7,BMW X3,9,E01003898,0,-1
2020010233290,2020,010233290,1,9,0,18,19,8,4,0,0,1,0,0,0,0,1,1,3,7,2,45,7,1995,2,9,BMW X3,3,E01002313,0,-1
2020100961244,2020,100961244,2,9,0,6,6,1,5,0,0,1,0,0,0,0,3,1,5,6,1,46,8,2993,2,7,BMW X3,8,E01027370,0,-1
2020160995199,2020,160995199,2,9,0,18,19,6,2,0,0,0,0,0,0,0,1,1,1,1,1,44,7,1995,2,5,BMW X3,5,E01013317,0,-1
2020622000250,2020,622000250,2,9,0,18,19,8,4,0,0,1,0,0,0,0,1,1,6,6,1,72,10,1995,2,14,BMW X3,1,W01001738,0,-1
2020160943728,2020,160943728,1,9,0,18,19,6,2,0,0,1,0,0,0,0,1,1,6,6,1,35,6,1995,2,7,BMW X3,-1,-1,0,-1
2020522004335,2020,522004335,1,9,0,5,5,3,7,0,0,4,0,0,0,0,2,1,6,6,2,57,9,1995,2,9,BMW X3,5,E01014886,0,-1
2020070026604,2020,070026604,3,9,0,4,4,8,4,0,0,0,0,0,0,0,2,1,1,1,1,54,8,2993,2,14,BMW X3,2,E01028967,0,-1
2020430082295,2020,430082295,2,9,0,17,19,8,5,0,0,0,0,0,0,0,1,1,2,2,1,52,8,2998,1,1,BMW X3,1,E01016843,0,-1
2020610049220,2020,610049220,1,9,0,18,19,2,6,0,0,0,1,0,4,6,0,1,2,2,2,42,7,1995,2,7,BMW X3,1,E01009612,0,-1
2020450971302,2020,450971302,2,9,0,2,2,3,7,0,0,2,0,0,0,0,4,1,2,2,2,46,8,1995,2,1,BMW X3,10,E01030392,0,-1
2020010233901,2020,010233901,2,9,0,9,9,7,5,0,0,8,0,0,0,0,1,1,6,6,2,35,6,2993,2,6,BMW X3,6,E01030598,0,-1
2020450923327,2020,450923327,5,9,0,18,19,7,3,0,0,0,0,0,0,0,2,1,5,6,1,59,9,1995,2,3,BMW X3,10,E01031638,0,-1
2020010235181,2020,010235181,2,9,0,9,9,1,7,0,0,4,0,0,0,0,1,1,6,6,2,46,8,2993,2,8,BMW X3,9,E01000696,0,-1
2020430436608,2020,430436608,1,9,0,9,9,5,3,0,0,8,0,0,0,0,1,1,1,1,2,63,9,1995,2,8,BMW X3,10,E01028460,0,-1
2020990971994,2020,990971994,2,9,0,18,19,7,3,0,0,0,0,0,0,0,4,1,6,6,1,38,7,1995,2,4,BMW X3,5,-1,0,-1
2020470990461,2020,470990461,1,9,0,7,7,3,7,0,0,8,0,0,0,0,3,1,6,6,2,54,8,1995,2,5,BMW X3,5,E01030531,0,-1
2020530994185,2020,530994185,1,9,0,4,4,8,4,0,0,4,0,0,0,0,1,1,6,6,2,31,6,1995,2,8,BMW X3,4,E01032936,0,-1
2020041010981,2020,041010981,1,9,0,18,19,5,1,0,0,8,0,0,7,0,1,1,5,6,2,41,7,1995,2,2,BMW X3,9,E01025476,0,-1
2020500975561,2020,500975561,2,9,0,4,4,3,7,0,0,0,0,0,0,0,2,1,1,1,2,34,6,1995,2,5,BMW X3,5,E01018791,0,-1
2020010234389,2020,010234389,2,9,0,9,9,7,5,0,0,8,0,0,0,0,0,1,6,6,2,34,6,1995,2,5,BMW X3,6,E01002617,0,-1
2020100961912,2020,100961912,2,9,0,4,4,4,8,0,0,0,0,0,0,0,2,1,5,6,2,48,8,1995,2,8,BMW X3,9,E01033714,0,-1
2020350962060,2020,350962060,1,9,0,18,19,2,6,0,0,0,5,0,0,0,0,1,5,6,1,45,7,2993,2,15,BMW X3,-1,-1,0,-1
2020030966102,2020,030966102,1,17,0,11,11,3,7,8,6,0,0,0,0,0,1,1,1,1,2,19,4,6728,2,2,CASE IH Model Missing,5,E01019394,0,-1
2020031001149,2020,031001149,2,17,0,18,19,5,1,0,0,0,0,0,0,0,3,1,1,1,1,46,8,6728,2,3,CASE IH Model Missing,6,E01019083,0,-1
2020110982400,2020,110982400,1,17,4,18,19,6,8,0,0,0,0,0,0,0,3,1,1,1,1,36,7,6728,2,2,CASE IH Model Missing,8,E01020828,0,-1
2020990977266,2020,990977266,2,17,0,10,10,4,8,0,0,1,0,0,0,0,1,1,1,1,1,17,4,6728,2,4,CASE IH Model Missing,6,-1,0,-1
2020320095564,2020,320095564,2,17,0,9,9,3,1,0,0,2,0,0,3,0,2,2,1,1,1,61,9,6728,2,2,CASE IH Model Missing,1,E01026048,0,-1
2020610035320,2020,610035320,1,17,0,16,19,5,8,0,0,0,0,0,0,0,3,1,1,1,1,31,6,-1,2,16,CASE IH Model Missing,7,W01001357,0,-1
2020440189079,2020,440189079,1,17,4,18,19,4,8,0,0,0,0,0,0,0,0,1,1,1,1,52,8,-1,2,18,CASE IH Model Missing,8,E01023245,0,-1
2020500975756,2020,500975756,2,17,0,2,2,0,0,0,0,2,0,0,0,0,1,1,1,1,3,-1,-1,6728,2,1,CASE IH Model Missing,-1,-1,0,-1
2020122000081,2020,122000081,2,17,0,18,19,5,1,0,0,0,0,0,0,0,1,1,1,1,1,54,8,6728,2,2,CASE IH Model Missing,6,E01027774,0,-1
2020210973869,2020,210973869,1,17,0,4,4,5,8,0,0,4,0,0,0,0,1,1,1,1,1,17,4,-1,2,32,CASE IH Model Missing,5,E01029795,0,-1
2020552000796,2020,552000796,1,17,4,18,19,3,7,0,0,1,0,0,0,0,1,1,1,1,1,18,4,6728,2,1,CASE IH Model Missing,6,E01020462,0,-1
2020160971143,2020,160971143,1,17,0,18,19,7,3,0,0,8,0,0,0,0,0,1,1,1,1,-1,-1,-1,2,28,CASE IH Model Missing,5,E01013225,0,-1
202063B037720,2020,63B037720,2,17,0,17,19,5,2,0,0,0,0,0,0,0,3,1,1,1,1,52,8,6728,2,7,CASE IH Model Missing,6,W01000541,0,-1
2020160983383,2020,160983383,2,17,5,9,9,3,1,0,0,0,0,0,0,0,0,1,1,1,1,21,5,6728,2,3,CASE IH Model Missing,10,E01012972,0,-1
2020210996400,2020,210996400,2,17,4,4,4,2,6,0,0,0,0,0,0,0,1,1,1,1,1,26,6,6728,2,7,CASE IH Model Missing,6,E01029571,0,-1
2020122000453,2020,122000453,2,17,0,18,19,2,6,0,0,0,0,0,0,0,3,1,1,1,1,54,8,3387,2,3,CASE IH Model Missing,7,E01027761,0,-1
2020360961452,2020,360961452,1,17,4,5,5,3,8,0,0,0,0,0,0,0,0,1,1,1,1,60,9,4485,2,6,CASE IH Model Missing,4,E01026636,0,-1
2020500941675,2020,500941675,1,17,4,18,19,5,1,0,0,0,0,0,0,0,3,1,6,6,1,73,10,6728,2,1,CASE IH Model Missing,4,E01018825,0,-1
2020211031631,2020,211031631,2,17,0,18,19,8,4,0,0,0,0,0,0,0,0,1,1,1,1,76,11,6728,2,10,CASE IH Model Missing,8,E01029515,0,-1
2020340S02232,2020,340S02232,1,17,4,18,19,5,1,0,0,0,0,0,0,0,2,1,1,1,1,17,4,6728,2,6,CASE IH Model Missing,8,E01027024,0,-1
2020210943082,2020,210943082,2,17,4,9,9,4,2,0,0,0,0,0,0,0,2,1,1,1,1,30,6,6728,2,2,CASE IH Model Missing,7,E01029796,0,-1
2020460995689,2020,460995689,1,90,4,4,4,2,5,0,0,0,0,0,2,0,3,1,1,1,1,19,4,6728,2,0,-1,6,E01024420,0,-1
2020320434820,2020,320434820,1,17,0,4,4,7,5,0,0,0,0,0,0,0,3,1,1,1,1,66,10,6728,2,6,CASE IH Model Missing,6,E01026058,0,-1
2020500977632,2020,500977632,1,17,4,9,9,6,2,0,0,0,0,0,0,0,3,1,1,1,1,25,5,4485,2,10,CASE IH Model Missing,3,E01018815,0,-1
2020470977933,2020,470977933,2,17,0,2,2,0,0,6,6,0,0,0,0,0,0,1,5,6,1,61,9,-1,2,33,CASE IH Model Missing,8,E01031624,0,-1
2020320556832,2020,320556832,2,17,4,18,19,5,1,0,0,0,3,0,4,9,2,1,1,1,1,56,9,6728,2,7,CASE IH Model Missing,6,E01026331,0,-1
202063A062120,2020,63A062120,2,17,4,9,9,3,1,0,0,8,0,0,0,0,3,1,1,1,1,23,5,6728,2,1,CASE IH Model Missing,7,W01000692,0,-1
2020460932506,2020,460932506,2,17,4,18,19,5,8,0,0,0,0,0,0,0,0,1,6,6,1,57,9,6728,2,3,CASE IH Model Missing,6,E01024432,0,-1
2020350929725,2020,350929725,1,9,0,9,9,4,6,0,0,0,0,0,0,0,3,1,5,6,2,29,6,2000,1,2,-1,7,E01026978,0,-1
2020010279044,2020,010279044,2,9,0,3,3,5,1,0,0,2,0,0,0,0,1,1,6,6,2,23,5,3301,1,23,-1,6,E01000352,0,-1
2020500985583,2020,500985583,1,90,0,18,19,1,5,0,0,0,0,0,0,0,3,1,5,6,1,67,10,2685,2,17,-1,9,E01033233,0,-1
2020360979536,2020,360979536,2,9,0,3,3,-1,-1,0,0,0,0,0,0,0,3,1,5,6,1,19,4,1399,1,15,-1,8,E01026439,0,-1
2020010256480,2020,010256480,2,9,0,99,99,9,9,99,99,0,9,99,9,99,9,9,6,6,3,-1,-1,998,1,14,DAIHATSU SIRION,-1,-1,0,-1
2020430394463,2020,430394463,2,9,0,9,9,8,6,0,0,5,0,0,0,0,1,1,6,6,1,-1,-1,1495,1,12,DAIHATSU SIRION,4,E01016516,0,-1
2020420957167,2020,420957167,3,9,0,18,19,6,1,0,0,1,0,0,0,0,2,1,6,6,1,58,9,998,1,13,DAIHATSU SIRION,4,E01021853,0,-1
2020010246040,2020,010246040,1,9,0,5,5,7,3,0,0,3,0,10,0,0,1,1,6,6,2,35,6,1298,1,14,DAIHATSU SIRION,5,E01002449,0,-1
2020010247133,2020,010247133,1,9,0,18,19,1,5,0,0,0,0,0,0,0,1,1,6,6,1,82,11,1298,1,17,DAIHATSU SIRION,10,E01030395,0,-1
2020040920874,2020,040920874,3,9,0,4,4,1,5,0,0,0,0,0,0,0,2,1,5,6,1,35,6,998,1,14,DAIHATSU SIRION,4,-1,0,-1
2020141002350,2020,141002350,1,9,0,18,19,5,1,0,0,1,5,0,7,10,1,1,6,6,1,39,7,1298,1,17,DAIHATSU SIRION,6,E01008046,0,-1
2020530982547,2020,530982547,1,9,0,18,19,1,5,0,0,0,5,0,0,0,1,1,6,6,1,35,6,1495,1,12,DAIHATSU SIRION,7,E01014962,0,-1
2020137AS1463,2020,137AS1463,1,9,0,18,19,2,6,0,0,0,1,0,0,6,3,1,6,6,1,34,6,1298,1,13,DAIHATSU SIRION,2,E01032500,0,-1
2020501005053,2020,501005053,1,9,0,4,4,5,1,0,0,0,0,0,0,0,1,1,6,6,2,26,6,989,1,22,DAIHATSU SIRION,1,E01015233,0,-1
2020501009172,2020,501009172,1,9,0,18,19,1,5,0,0,0,0,0,0,0,1,1,5,6,2,49,8,998,1,12,DAIHATSU SIRION,4,E01018938,0,-1
2020320625037,2020,320625037,2,9,0,18,19,2,6,0,0,0,0,0,0,0,4,1,6,6,2,37,7,1298,1,15,DAIHATSU SIRION,9,E01026263,0,-1
2020460979137,2020,460979137,1,9,0,16,19,3,7,0,0,0,0,10,1,0,4,1,6,6,1,52,8,1298,1,11,DAIHATSU SIRION,5,E01024319,0,-1
2020010265830,2020,010265830,3,9,0,2,2,0,0,0,0,8,0,0,0,0,1,1,6,6,3,-1,-1,1298,1,13,DAIHATSU SIRION,-1,-1,0,-1
2020010285675,2020,010285675,1,9,0,5,5,3,7,0,0,1,0,0,0,0,1,1,6,6,2,37,7,1298,1,12,DAIHATSU SIRION,3,E01001930,0,-1
2020470968582,2020,470968582,2,9,0,5,5,7,3,0,0,0,0,0,0,0,2,1,5,6,1,57,9,989,1,20,DAIHATSU SIRION,9,E01031391,0,-1
2020070011049,2020,070011049,2,9,0,3,3,4,8,0,0,4,0,0,0,0,2,1,1,1,1,25,5,1298,1,12,DAIHATSU SIRION,3,E01018497,0,-1
2020430135315,2020,430135315,1,9,0,18,19,8,4,0,0,8,0,0,0,0,1,1,6,6,2,19,4,998,1,15,DAIHATSU SIRION,9,E01016247,0,-1
2020100948125,2020,100948125,2,9,0,7,7,2,8,0,0,0,0,0,0,0,1,1,5,6,1,21,5,1298,1,17,DAIHATSU SIRION,4,E01027375,0,-1
2020360940547,2020,360940547,1,9,0,1,1,5,3,0,0,1,0,0,0,0,2,1,5,6,2,44,7,1298,1,14,DAIHATSU SIRION,4,E01026814,0,-1
2020010255232,2020,010255232,2,9,0,18,19,5,1,0,0,8,0,0,0,0,1,1,6,6,1,37,7,1997,12,4,-1,1,E01000890,0,-1
2020052000248,2020,052000248,2,9,0,2,2,0,0,0,0,0,0,0,0,0,2,1,6,6,3,-1,-1,1598,1,4,-1,-1,-1,0,-1
2020137551013,2020,137551013,1,5,0,17,19,7,3,0,0,2,1,0,1,11,2,1,2,2,1,28,6,583,1,19,-1,3,E01011582,0,-1
2020460991131,2020,460991131,2,4,0,18,19,7,3,0,0,1,1,0,0,0,2,1,6,6,1,36,7,299,1,14,-1,1,E01024670,0,-1
202006J171786,2020,06J171786,2,5,0,18,19,3,7,0,0,8,0,0,0,0,3,1,6,6,1,60,9,883,1,3,HARLEY-DAVIDSON XL 883,4,E01005823,0,-1
2020450952454,2020,450952454,2,5,0,18,19,7,3,0,0,1,0,0,0,0,1,1,2,2,1,50,8,883,1,7,HARLEY-DAVIDSON XL 883,10,E01030331,0,-1
2020350980257,2020,350980257,3,5,0,18,19,7,3,0,0,0,0,0,0,0,4,1,5,6,1,71,10,883,1,1,HARLEY-DAVIDSON XL 883,9,E01018299,0,-1
2020400931246,2020,400931246,1,4,0,9,9,5,1,0,0,8,2,0,0,0,1,1,6,6,1,27,6,883,1,2,-1,5,E01017390,0,-1
2020170L30500,2020,170L30500,2,5,0,18,19,4,8,0,0,8,0,0,0,0,1,1,6,6,1,64,9,883,1,13,HARLEY-DAVIDSON XL 883,9,E01012138,0,-1
2020522100706,2020,522100706,1,4,0,18,19,4,8,0,0,0,0,0,0,0,3,1,6,6,2,31,6,883,1,4,-1,-1,-1,0,-1
2020460984367,2020,460984367,2,5,0,9,9,1,5,0,0,1,1,0,0,0,1,1,6,6,1,59,9,883,1,12,HARLEY-DAVIDSON XL 883,4,E01021013,0,-1
202006A276127,2020,06A276127,1,4,0,18,19,2,6,0,0,8,0,0,0,0,1,1,6,6,1,25,5,883,1,5,-1,1,E01005135,0,-1
2020230971473,2020,230971473,1,5,0,13,13,4,8,0,0,0,0,0,0,0,3,1,2,2,1,51,8,883,1,14,HARLEY-DAVIDSON XL 883,2,E01009018,0,-1
2020420959643,2020,420959643,2,4,0,18,19,1,5,0,0,3,0,0,0,0,1,1,6,6,1,24,5,883,1,1,-1,-1,-1,0,-1
2020450996054,2020,450996054,2,5,0,14,14,3,7,0,0,0,0,0,0,0,0,1,2,2,2,43,7,883,1,4,HARLEY-DAVIDSON XL 883,7,E01030629,0,-1
2020160967399,2020,160967399,2,5,0,13,13,6,2,0,0,1,0,0,0,0,1,1,5,6,1,67,10,883,1,3,HARLEY-DAVIDSON XL 883,1,E01012915,0,-1
2020010270220,2020,010270220,1,4,0,15,15,1,5,2,2,1,0,0,0,0,1,1,6,6,1,26,6,883,1,2,-1,2,E01002077,0,-1
2020500932557,2020,500932557,2,5,0,4,4,3,7,0,0,0,0,0,0,0,2,1,5,6,1,36,7,883,1,3,HARLEY-DAVIDSON XL 883,7,E01029269,0,-1
2020010272183,2020,010272183,2,5,0,10,10,1,6,0,0,1,2,0,0,0,4,1,6,6,1,32,6,883,1,5,HARLEY-DAVIDSON XL 883,-1,-1,0,-1
2020530945586,2020,530945586,1,5,0,18,19,1,5,0,0,8,1,0,0,0,1,1,5,6,2,29,6,883,1,2,HARLEY-DAVIDSON XL 883,9,E01022137,0,-1
2020201008815,2020,201008815,1,5,0,18,19,8,4,0,0,2,0,10,1,11,1,1,6,6,1,22,5,883,1,4,HARLEY-DAVIDSON XL 883,1,E01008935,0,-1
2020010281698,2020,010281698,1,5,0,99,99,9,9,99,99,9,9,99,9,99,2,1,6,6,1,51,8,883,1,2,HARLEY-DAVIDSON XL 883,5,E01000747,0,-1
2020552001032,2020,552001032,2,5,0,18,19,6,2,0,0,8,0,0,0,0,3,1,6,6,1,39,7,883,1,6,HARLEY-DAVIDSON XL 883,5,E01015423,0,-1
2020010261357,2020,010261357,1,5,0,14,14,5,1,0,0,2,0,0,0,0,3,1,6,6,1,37,7,883,1,1,HARLEY-DAVIDSON XL 883,7,E01007814,0,-1
2020430045456,2020,430045456,2,4,0,10,10,6,3,0,0,1,0,0,0,0,1,1,2,2,1,49,8,449,1,3,-1,4,E01016357,0,-1
2020010266770,2020,010266770,1,9,0,9,9,5,2,0,0,1,0,0,0,0,1,2,6,6,1,46,8,1668,1,18,-1,10,E01023502,0,-1
2020010273097,2020,010273097,2,9,0,99,99,9,9,99,99,8,9,99,9,99,9,9,6,6,2,42,7,1998,1,16,-1,4,E01000039,0,-1
2020522003588,2020,522003588,1,9,0,18,19,1,5,0,0,0,0,0,0,0,1,1,6,6,1,34,6,1582,2,6,HYUNDAI I30,4,E01014571,0,-1
2020200965318,2020,200965318,2,9,0,18,19,6,2,0,0,8,0,0,0,0,1,1,6,6,2,39,7,1396,1,11,HYUNDAI I30,2,E01009786,0,-1
2020041005586,2020,041005586,1,9,0,18,19,7,3,0,0,1,0,0,0,0,4,1,2,2,2,33,6,1396,1,6,HYUNDAI I30,2,E01025055,0,-1
2020990947438,2020,990947438,1,9,0,4,4,1,5,9,9,0,0,0,0,0,1,1,1,1,1,26,6,1396,1,11,HYUNDAI I30,3,-1,0,-1
2020460953831,2020,460953831,1,9,0,18,19,5,1,0,0,0,0,4,0,0,1,1,5,6,1,82,11,1591,1,5,HYUNDAI I30,7,E01016166,0,-1
2020460943139,2020,460943139,1,9,0,9,9,8,6,0,0,8,0,0,0,0,1,1,2,2,1,47,8,1582,2,7,HYUNDAI I30,2,E01024311,0,-1
2020360981123,2020,360981123,1,9,0,13,13,2,6,0,0,0,0,0,0,0,3,1,5,6,2,53,8,1591,1,10,HYUNDAI I30,3,E01026488,0,-1
2020420958705,2020,420958705,2,9,0,18,19,3,7,0,0,0,1,0,0,0,4,1,5,6,2,38,7,1368,1,5,HYUNDAI I30,6,E01023545,0,-1
202006K174432,2020,06K174432,2,9,0,18,19,3,7,0,0,8,0,0,0,0,1,1,6,6,1,30,6,1396,1,10,HYUNDAI I30,1,E01004811,0,-1
2020200996123,2020,200996123,1,9,0,18,19,8,4,0,0,4,0,0,0,0,1,1,6,6,1,78,11,1582,2,5,HYUNDAI I30,6,E01032532,0,-1
2020400921171,2020,400921171,2,9,0,18,19,3,3,0,0,0,0,0,0,0,3,1,6,6,2,31,6,998,1,3,HYUNDAI I30,9,E01017394,0,-1
2020522004733,2020,522004733,1,9,0,18,19,1,5,0,0,0,0,0,7,0,1,1,6,6,1,50,8,1353,1,0,HYUNDAI I30,8,E01032681,0,-1
2020501004912,2020,501004912,2,9,0,16,19,3,7,0,0,0,1,0,0,0,1,1,6,6,1,41,7,1396,1,7,HYUNDAI I30,4,E01020311,0,-1
2020137BJ0872,2020,137BJ0872,1,9,0,9,9,1,7,0,0,2,0,0,0,0,1,1,6,6,2,21,5,1582,2,4,HYUNDAI I30,1,E01010626,0,-1
2020421000890,2020,421000890,2,9,0,17,19,5,1,0,0,0,0,0,7,0,1,1,6,6,1,84,11,1396,1,7,HYUNDAI I30,8,E01021891,0,-1
2020500971706,2020,500971706,1,9,0,7,7,5,1,0,0,2,0,0,3,0,1,1,6,6,1,23,5,1582,2,8,HYUNDAI I30,3,E01015249,0,-1
2020440386476,2020,440386476,1,9,0,18,19,7,3,0,0,8,0,0,0,0,1,1,6,6,2,24,5,1582,2,9,HYUNDAI I30,5,E01017096,0,-1
202031C129820,2020,31C129820,2,9,0,18,19,7,3,0,0,8,0,0,7,1,1,1,6,6,1,30,6,1396,1,11,HYUNDAI I30,1,E01013959,0,-1
2020350947767,2020,350947767,1,9,0,18,19,1,5,0,0,0,0,0,7,0,3,1,6,6,1,76,11,1582,2,9,HYUNDAI I30,8,E01033429,0,-1
2020010238211,2020,010238211,1,9,0,4,4,3,7,0,0,1,0,0,0,0,1,1,6,6,1,58,9,1591,1,5,HYUNDAI I30,6,E01003936,0,-1
2020010241489,2020,010241489,1,9,0,9,9,5,3,0,0,1,0,0,0,0,3,1,6,6,2,33,6,1591,1,10,HYUNDAI I30,3,E01004645,0,-1
2020122100167,2020,122100167,1,9,0,9,9,1,5,0,0,1,0,0,7,10,4,1,6,6,1,37,7,1582,2,4,HYUNDAI I30,2,E01033067,0,-1
2020460944008,2020,460944008,2,9,0,18,19,1,5,0,0,0,0,0,0,0,2,1,5,6,1,51,8,1396,1,11,HYUNDAI I30,7,E01032825,0,-1
2020201022729,2020,201022729,2,9,0,18,19,-1,-1,0,0,0,0,0,0,0,1,1,6,6,1,39,7,1582,2,5,HYUNDAI I30,2,E01010068,0,-1
2020010241829,2020,010241829,1,9,0,99,99,9,9,99,99,0,9,99,9,99,2,9,2,2,1,31,6,1591,1,7,HYUNDAI I30,8,E01002150,0,-1
2020010254755,2020,010254755,1,9,0,18,19,2,6,0,0,1,1,10,1,11,2,1,6,6,1,39,7,1582,2,6,HYUNDAI I30,4,E01016072,0,-1
2020470962718,2020,470962718,1,9,0,18,19,2,6,0,0,8,0,12,0,0,3,1,1,1,1,40,7,1998,1,2,HYUNDAI I30,4,E01031575,0,-1
2020990994005,2020,990994005,1,9,0,9,9,6,3,0,0,6,0,0,0,0,3,1,6,6,2,43,7,1582,2,5,HYUNDAI I30,1,-1,0,-1
2020140931332,2020,140931332,2,9,0,4,4,5,1,0,0,0,0,0,0,0,2,1,1,1,1,34,6,1582,2,3,HYUNDAI I30,3,E01033388,0,-1
2020200955874,2020,200955874,2,9,0,9,9,2,8,0,0,6,0,0,0,0,3,1,6,6,2,39,7,1396,1,12,HYUNDAI I30,3,E01009947,0,-1
2020990955181,2020,990955181,2,9,0,2,2,7,3,6,6,0,0,4,0,0,2,1,2,2,2,33,6,1396,1,7,HYUNDAI I30,5,-1,0,-1
2020522001152,2020,522001152,1,9,0,3,3,7,3,0,0,1,0,0,0,0,2,1,6,6,2,27,6,1582,2,9,HYUNDAI I30,8,E01014868,0,-1
2020370989057,2020,370989057,1,9,0,5,5,4,2,0,0,6,0,0,0,0,1,1,5,6,1,49,8,998,1,2,HYUNDAI I30,9,E01029893,0,-1
2020010276733,2020,010276733,2,9,0,9,9,6,3,0,0,1,1,0,0,0,4,1,1,1,1,28,6,1582,2,7,HYUNDAI I30,1,E01000521,0,-1
2020522004315,2020,522004315,1,9,0,18,19,1,5,0,0,8,0,0,0,0,1,1,6,6,1,27,6,1582,2,10,HYUNDAI I30,8,E01014510,0,-1
2020170M11520,2020,170M11520,1,9,0,9,9,0,5,0,0,8,0,0,7,10,4,1,6,6,1,21,5,1582,2,7,HYUNDAI I30,-1,-1,0,-1
2020220933779,2020,220933779,1,9,0,18,19,1,5,0,0,0,0,0,0,0,1,1,5,6,2,36,7,1582,2,10,HYUNDAI I30,2,E01032474,0,-1
2020520004712,2020,520004712,1,9,0,18,19,7,3,0,0,8,0,0,0,0,1,1,6,6,1,21,5,1396,1,9,HYUNDAI I30,10,E01014759,0,-1
2020990967207,2020,990967207,1,9,0,16,19,5,8,0,0,0,0,0,0,0,1,1,6,6,1,86,11,1591,1,9,HYUNDAI I30,6,-1,0,-1
2020440100067,2020,440100067,2,9,0,4,4,3,7,0,0,0,0,0,0,0,2,1,2,2,2,32,6,1396,1,7,HYUNDAI I30,4,E01022973,0,-1
2020990953130,2020,990953130,3,9,0,10,10,1,7,0,0,1,0,0,0,0,1,1,5,6,1,40,7,1591,1,11,HYUNDAI I30,5,-1,0,-1
2020500975681,2020,500975681,2,9,0,2,2,0,0,0,0,2,0,0,0,0,1,1,5,6,1,75,10,1582,2,4,HYUNDAI I30,4,E01018965,0,-1
2020010229326,2020,010229326,2,9,0,99,99,9,9,99,99,1,9,99,9,99,2,9,6,6,3,-1,-1,1582,2,9,HYUNDAI I30,8,E01003670,0,-1
2020170H10240,2020,170H10240,1,9,0,18,19,6,2,0,0,8,0,0,0,0,3,1,6,6,2,37,7,1396,1,5,HYUNDAI I30,2,E01011949,0,-1
2020010245356,2020,010245356,1,9,0,9,9,7,4,0,0,8,0,0,0,0,2,1,6,6,1,33,6,998,1,2,HYUNDAI I30,1,E01001740,0,-1
202054B032320,2020,54B032320,2,9,0,18,19,3,7,0,0,4,0,0,0,0,2,1,6,6,1,71,10,1396,1,6,HYUNDAI I30,10,E01022747,0,-1
2020140917846,2020,140917846,1,9,0,3,3,1,5,0,0,1,0,0,0,0,2,1,1,1,2,20,4,1582,2,6,HYUNDAI I30,1,E01007901,0,-1
2020201005810,2020,201005810,2,9,0,18,19,1,5,0,0,8,0,0,0,0,2,1,6,6,1,36,7,1396,1,13,HYUNDAI I30,2,E01033635,0,-1
2020350929830,2020,350929830,2,9,0,2,2,1,5,0,0,0,0,0,0,0,3,1,6,6,2,80,11,1396,1,11,HYUNDAI I30,10,E01018118,0,-1
2020200976999,2020,200976999,1,9,0,9,9,2,6,0,0,3,0,10,1,2,1,1,6,6,2,34,6,1582,2,9,HYUNDAI I30,1,E01008972,0,-1