collision_index,collision_year,collision_ref_no,vehicle_reference,vehicle_type,towing_and_articulation,vehicle_manoeuvre_historic,vehicle_manoeuvre,vehicle_direction_from,vehicle_direction_to,vehicle_location_restricted_lane_historic,vehicle_location_restricted_lane,junction_location,skidding_and_overturning,hit_object_in_carriageway,vehicle_leaving_carriageway,hit_object_off_carriageway,first_point_of_impact,vehicle_left_hand_drive,journey_purpose_of_driver_historic,journey_purpose_of_driver,sex_of_driver,age_of_driver,age_band_of_driver,engine_capacity_cc,propulsion_code,age_of_vehicle,generic_make_model,driver_imd_decile,lsoa_of_driver,escooter_flag,driver_distance_banding
2020200993851,2020,200993851,2,9,0,18,19,-1,-1,0,0,1,0,0,0,0,2,1,6,6,1,-1,-1,1582,2,8,HYUNDAI I30,-1,-1,0,-1
202006Q166928,2020,06Q166928,1,9,0,4,4,6,2,0,0,1,0,0,0,0,1,1,1,1,2,37,7,1396,2,6,HYUNDAI I30,1,E01005427,0,-1
2020040979728,2020,040979728,1,9,0,9,9,3,2,0,0,6,0,0,0,0,1,1,6,6,1,58,9,1582,2,8,HYUNDAI I30,7,E01025195,0,-1
2020010237443,2020,010237443,1,9,9,2,2,0,0,0,0,0,0,0,0,0,2,9,6,6,3,-1,-1,1353,1,2,HYUNDAI I30,-1,-1,0,-1
2020010231871,2020,010231871,1,9,0,18,19,7,3,0,0,2,0,0,0,0,2,1,6,6,1,40,7,1591,1,8,HYUNDAI I30,4,E01001221,0,-1
202006J173630,2020,06J173630,1,9,0,5,5,8,4,0,0,8,0,11,0,1,2,1,6,6,1,21,5,1353,1,1,HYUNDAI I30,1,E01005197,0,-1
202006F271985,2020,06F271985,2,9,0,18,19,4,8,0,0,8,0,0,0,0,1,1,6,6,1,28,6,1582,2,5,HYUNDAI I30,6,E01005176,0,-1
2020430235100,2020,430235100,2,9,0,18,19,6,2,0,0,8,0,0,0,0,1,1,6,6,1,21,5,1582,2,10,HYUNDAI I30,3,E01016714,0,-1
2020990922611,2020,990922611,1,9,0,1,1,4,8,0,0,1,0,0,0,0,2,1,1,1,1,49,8,1582,2,5,HYUNDAI I30,4,-1,0,-1
202006A375932,2020,06A375932,1,9,0,7,7,2,4,0,0,8,0,0,0,0,1,1,6,6,2,55,8,1368,1,4,HYUNDAI I30,1,E01010141,0,-1
2020430238389,2020,430238389,2,9,0,18,19,8,4,0,0,1,0,0,0,0,2,1,6,6,1,47,8,1582,2,7,HYUNDAI I30,7,E01028818,0,-1
2020122000673,2020,122000673,2,9,0,18,19,5,1,0,0,0,0,0,0,0,2,1,2,2,1,54,8,1582,2,5,HYUNDAI I30,2,E01020840,0,-1
2020440361980,2020,440361980,1,9,0,18,19,2,6,0,0,0,0,0,0,0,4,1,6,6,2,63,9,1353,1,2,HYUNDAI I30,4,E01017158,0,-1
2020440319189,2020,440319189,1,9,0,9,9,3,1,0,0,6,0,0,0,0,3,1,6,6,1,37,7,1582,2,9,HYUNDAI I30,10,E01031627,0,-1
2020401003245,2020,401003245,1,9,0,9,9,3,5,0,0,5,0,0,0,0,4,1,5,6,1,38,7,1396,1,10,HYUNDAI I30,3,E01015731,0,-1
2020460963442,2020,460963442,1,9,0,1,1,5,1,0,0,8,0,0,3,1,0,1,5,6,1,25,5,1582,2,11,HYUNDAI I30,1,E01024308,0,-1
2020461011957,2020,461011957,1,9,0,18,19,3,7,0,0,0,0,0,0,0,4,1,6,6,1,22,5,1353,1,2,HYUNDAI I30,9,E01024814,0,-1
2020501015228,2020,501015228,1,9,0,17,19,5,2,0,0,1,1,0,0,0,1,1,1,1,1,24,5,1582,2,2,HYUNDAI I30,5,E01019901,0,-1
202031D063420,2020,31D063420,1,9,0,9,9,2,8,0,0,6,0,0,0,0,3,1,6,6,2,26,6,1582,2,3,HYUNDAI I30,8,E01028172,0,-1
2020350941695,2020,350941695,1,9,0,16,19,2,6,0,0,0,0,0,0,0,0,1,3,7,2,45,7,1396,1,11,HYUNDAI I30,9,E01030116,0,-1
202006J178465,2020,06J178465,2,9,0,18,19,6,2,0,0,1,0,0,0,0,0,1,1,1,1,30,6,1396,2,6,HYUNDAI I30,-1,-1,0,-1
2020200992450,2020,200992450,2,9,0,18,19,7,3,0,0,0,0,0,0,0,3,1,2,2,1,49,8,1396,1,10,HYUNDAI I30,3,E01009086,0,-1
2020040974301,2020,040974301,2,9,0,9,9,7,5,0,0,6,0,0,0,0,4,1,2,2,2,47,8,1582,2,4,HYUNDAI I30,1,E01025423,0,-1
2020450970462,2020,450970462,1,9,0,9,9,1,7,0,0,2,0,0,0,0,1,1,5,6,1,38,7,1582,2,6,HYUNDAI I30,5,E01030457,0,-1
2020610007420,2020,610007420,1,9,0,3,3,1,5,0,0,4,0,0,0,0,2,1,6,6,2,50,8,1396,1,8,HYUNDAI I30,10,W01001636,0,-1
2020010274600,2020,010274600,1,9,9,18,19,1,5,0,0,9,0,0,0,0,9,9,6,6,3,-1,-1,1582,2,8,HYUNDAI I30,-1,-1,0,-1
2020340D04612,2020,340D04612,1,9,0,18,19,1,5,0,0,8,0,0,0,0,1,1,6,6,1,-1,-1,1582,2,7,HYUNDAI I30,-1,-1,0,-1
2020302000846,2020,302000846,1,9,0,18,19,1,5,9,9,0,1,0,7,1,1,1,6,6,2,48,8,1368,1,5,HYUNDAI I30,10,E01019708,0,-1
2020430068785,2020,430068785,1,9,0,5,5,3,1,0,0,6,0,0,0,0,3,1,6,6,1,45,7,1582,2,5,HYUNDAI I30,9,E01033520,0,-1
2020522003990,2020,522003990,1,9,0,7,7,5,8,0,0,5,0,0,7,2,2,1,1,1,1,34,6,1353,1,0,HYUNDAI I30,-1,-1,0,-1
2020010264256,2020,010264256,1,9,0,9,9,3,2,0,0,6,0,0,0,0,3,1,1,1,2,32,6,1582,2,9,HYUNDAI I30,-1,-1,0,-1
2020137C80314,2020,137C80314,2,8,0,18,19,3,7,0,0,0,0,0,0,0,3,1,6,6,1,34,6,1368,1,5,-1,2,E01011015,0,-1
2020440052703,2020,440052703,1,9,0,18,19,7,3,0,0,2,0,0,0,0,1,1,1,1,1,41,7,1582,2,3,HYUNDAI I30,4,E01017083,0,-1
2020010277792,2020,010277792,1,9,0,99,99,9,9,99,99,8,9,99,9,99,9,9,6,6,1,39,7,1396,1,12,HYUNDAI I30,2,E01003540,0,-1
2020220940550,2020,220940550,2,9,0,18,19,7,3,0,0,0,0,0,0,0,2,1,6,6,2,22,5,1396,1,8,HYUNDAI I30,9,E01032326,0,-1
2020990958969,2020,990958969,2,9,0,18,19,2,6,0,0,1,0,0,0,0,4,1,5,6,1,29,6,1582,2,7,HYUNDAI I30,-1,-1,0,-1
2020010276648,2020,010276648,1,9,0,4,4,3,7,0,0,0,0,0,0,0,2,1,6,6,1,26,6,1582,2,8,HYUNDAI I30,2,E01015654,0,-1
2020450941961,2020,450941961,2,9,0,18,19,1,1,0,0,4,0,0,0,0,3,1,6,6,2,79,11,1582,2,5,HYUNDAI I30,7,E01003815,0,-1
2020010275664,2020,010275664,1,9,0,4,4,7,3,0,0,1,0,0,0,0,2,1,2,2,2,21,5,1396,1,11,HYUNDAI I30,4,E01000949,0,-1
2020622001047,2020,622001047,1,9,0,18,19,5,1,0,0,0,0,0,0,0,1,1,6,6,2,54,8,1396,1,9,HYUNDAI I30,9,W01001089,0,-1
2020990969444,2020,990969444,2,9,0,7,7,2,6,0,0,1,0,0,0,0,1,1,5,6,2,28,6,998,1,2,HYUNDAI I30,8,-1,0,-1
2020350991160,2020,350991160,1,9,0,9,9,2,8,0,0,1,0,0,0,0,1,1,5,6,2,37,7,1582,2,5,HYUNDAI I30,2,E01017948,0,-1
2020010233071,2020,010233071,1,9,0,9,9,3,1,0,0,1,0,0,0,0,1,1,1,1,1,27,6,1582,2,7,HYUNDAI I30,2,E01016159,0,-1
2020010258112,2020,010258112,1,9,0,99,99,9,9,99,99,9,9,99,9,99,9,9,6,6,2,25,5,1582,2,10,HYUNDAI I30,2,E01033707,0,-1
2020340W07852,2020,340W07852,2,9,0,18,19,1,5,0,0,0,0,0,7,0,1,1,3,7,2,44,7,1582,2,10,HYUNDAI I30,8,E01027348,0,-1
2020170L31100,2020,170L31100,2,9,0,18,19,1,5,0,0,8,0,0,0,0,1,1,6,6,2,26,6,1998,1,2,HYUNDAI I30,1,E01008735,0,-1
2020610001020,2020,610001020,1,9,0,13,13,4,8,0,0,0,0,0,0,11,1,1,6,6,2,25,5,1368,1,4,HYUNDAI I30,3,W01001676,0,-1
2020430188396,2020,430188396,2,9,0,18,19,2,6,0,0,8,0,0,0,0,3,1,2,2,2,49,8,1598,2,1,HYUNDAI I30,10,E01017650,0,-1
2020010281063,2020,010281063,2,9,9,11,11,1,5,99,99,9,9,99,0,0,9,9,6,6,1,-1,-1,1582,2,12,HYUNDAI I30,5,E01001214,0,-1
2020122000596,2020,122000596,1,9,0,9,9,4,3,0,0,6,0,0,0,0,1,2,6,6,2,31,6,1396,1,10,HYUNDAI I30,2,E01027850,0,-1
202006Q270575,2020,06Q270575,4,9,0,18,19,1,3,0,0,1,0,0,0,0,0,1,1,1,1,30,6,1396,2,6,HYUNDAI I30,1,E01005427,0,-1
2020010266147,2020,010266147,1,9,0,4,4,6,2,0,0,0,0,0,0,0,1,1,6,6,2,50,8,1591,1,10,HYUNDAI I30,5,E01004482,0,-1
2020548110820,2020,548110820,2,9,0,3,3,1,5,0,0,0,0,0,0,0,2,1,6,6,1,60,9,1582,2,2,HYUNDAI I30,5,E01016226,0,-1
2020370940213,2020,370940213,1,9,0,18,19,1,7,0,0,0,0,0,1,5,1,1,5,6,2,78,11,1582,2,5,HYUNDAI I30,7,E01029995,0,-1
2020040993065,2020,040993065,2,9,0,18,19,3,7,0,0,0,0,11,1,2,1,1,5,6,1,82,11,1396,1,7,HYUNDAI I30,8,E01025266,0,-1
2020220938952,2020,220938952,2,9,0,18,19,1,5,0,0,0,0,0,0,0,3,1,2,2,1,41,7,1582,2,6,HYUNDAI I30,6,E01028857,0,-1
2020010271390,2020,010271390,1,9,0,18,19,5,1,0,0,0,0,0,0,0,1,1,6,6,2,28,6,1582,2,9,HYUNDAI I30,1,E01004702,0,-1
2020500942249,2020,500942249,1,9,0,17,19,2,7,0,0,0,1,0,1,0,1,1,1,1,1,47,8,1582,2,4,HYUNDAI I30,8,E01020170,0,-1
202006F269779,2020,06F269779,2,9,0,18,19,3,7,0,0,8,0,0,0,0,3,1,1,1,1,30,6,1396,2,6,HYUNDAI I30,-1,-1,0,-1
2020430285627,2020,430285627,1,9,0,18,19,6,2,0,0,0,0,0,0,0,1,1,6,6,2,35,6,1582,2,5,HYUNDAI I30,9,E01028434,0,-1
2020070732992,2020,070732992,2,9,0,3,3,6,2,0,0,0,0,0,0,0,2,1,6,6,1,36,7,1591,1,5,HYUNDAI I30,4,E01012478,0,-1
2020200983022,2020,200983022,1,9,0,5,5,4,8,0,0,0,0,0,0,0,4,1,6,6,1,37,7,1368,1,5,HYUNDAI I30,2,E01010056,0,-1
2020421015728,2020,421015728,2,9,0,18,19,1,5,0,0,1,0,0,0,0,2,1,6,6,2,27,6,1582,2,8,HYUNDAI I30,6,E01030039,0,-1
2020010269373,2020,010269373,1,9,0,99,99,9,9,99,99,0,9,99,9,99,2,9,6,6,1,26,6,998,1,2,HYUNDAI I30,2,E01002829,0,-1
2020450982626,2020,450982626,1,9,0,18,19,7,3,0,0,0,0,0,0,0,1,1,6,6,1,38,7,1591,1,8,HYUNDAI I30,4,E01002964,0,-1
2020231000247,2020,231000247,1,9,0,17,19,3,1,0,0,1,0,10,1,2,1,1,5,6,1,59,9,1582,2,9,HYUNDAI I30,4,E01009617,0,-1
2020340D03922,2020,340D03922,2,9,0,18,19,5,1,0,0,0,0,0,0,0,1,1,6,6,2,62,9,1582,2,9,HYUNDAI I30,7,E01027990,0,-1
2020010257374,2020,010257374,1,9,0,9,9,3,1,0,0,1,0,0,0,0,3,1,6,6,1,21,5,1591,1,4,HYUNDAI I30,2,E01004235,0,-1
2020200999251,2020,200999251,4,9,0,2,2,0,0,0,0,0,0,0,0,0,1,1,6,6,2,-1,-1,1353,1,2,HYUNDAI I30,-1,-1,0,-1
2020141011123,2020,141011123,2,9,0,14,14,4,8,0,0,0,0,0,0,0,4,1,5,6,1,85,11,1599,1,17,HYUNDAI MATRIX,3,E01007789,0,-1
2020450966825,2020,450966825,2,9,0,18,19,5,1,0,0,1,0,0,0,0,1,1,5,6,2,21,5,1599,1,14,HYUNDAI MATRIX,10,E01030297,0,-1
2020302001361,2020,302001361,1,9,0,9,9,2,8,0,0,1,0,0,0,0,1,1,6,6,1,81,11,1599,1,14,HYUNDAI MATRIX,6,E01019732,0,-1
2020010270632,2020,010270632,1,9,9,99,99,9,9,99,99,9,9,99,9,99,9,9,6,6,2,59,9,1599,1,14,HYUNDAI MATRIX,5,E01004353,0,-1
2020430338952,2020,430338952,1,9,0,14,14,7,3,0,0,0,0,0,0,0,3,1,2,2,2,54,8,1795,1,15,HYUNDAI MATRIX,5,E01017844,0,-1
2020052001001,2020,052001001,2,9,0,2,2,0,0,0,0,1,0,0,0,0,0,1,6,6,3,-1,-1,1599,1,16,HYUNDAI MATRIX,-1,-1,0,-1
2020010236734,2020,010236734,3,9,0,18,19,1,5,0,0,1,0,0,0,0,1,1,6,6,1,58,9,1599,1,15,HYUNDAI MATRIX,6,E01004078,0,-1
2020440472726,2020,440472726,1,9,0,3,3,2,6,0,0,1,0,0,0,0,2,1,2,2,1,38,7,1599,1,14,HYUNDAI MATRIX,3,E01017170,0,-1
2020460937788,2020,460937788,1,9,0,9,9,3,1,0,0,0,0,0,0,0,4,1,6,6,1,-1,-1,1599,1,12,HYUNDAI MATRIX,4,E01024587,0,-1
2020010243278,2020,010243278,2,9,0,5,5,3,7,0,0,1,0,0,0,0,1,1,6,6,1,43,7,1599,1,12,HYUNDAI MATRIX,4,E01001497,0,-1
2020450986508,2020,450986508,2,9,0,2,2,0,0,0,0,0,0,0,0,0,1,1,5,6,1,55,8,1599,1,12,HYUNDAI MATRIX,9,E01031004,0,-1
2020210957760,2020,210957760,1,9,0,6,6,6,6,0,0,6,0,0,0,0,1,1,6,6,1,71,10,1599,1,13,HYUNDAI MATRIX,2,E01029436,0,-1
2020010236141,2020,010236141,1,9,0,9,9,3,8,0,0,1,0,0,0,0,1,1,6,6,2,70,10,1599,1,17,HYUNDAI MATRIX,7,E01004139,0,-1
2020500956028,2020,500956028,1,9,0,18,19,6,2,0,0,1,0,0,0,0,4,1,5,6,1,41,7,1599,1,14,HYUNDAI MATRIX,8,E01019976,0,-1
2020010256206,2020,010256206,3,9,0,18,19,2,6,0,0,1,0,0,0,0,1,1,6,6,2,54,8,1795,1,18,HYUNDAI MATRIX,-1,-1,0,-1
2020070012309,2020,070012309,1,9,0,9,9,5,3,0,0,1,0,0,0,0,3,1,6,6,1,52,8,1493,2,12,HYUNDAI MATRIX,10,E01005808,0,-1
2020522000357,2020,522000357,3,9,0,18,19,7,3,0,0,1,0,0,0,0,2,1,6,6,1,30,6,1493,2,13,HYUNDAI MATRIX,-1,-1,0,-1
2020010260539,2020,010260539,2,9,0,17,19,1,5,0,0,0,0,0,0,0,1,1,6,6,2,51,8,1599,1,13,HYUNDAI MATRIX,-1,-1,0,-1
2020070789735,2020,070789735,2,9,0,4,4,3,7,0,0,0,0,0,0,0,2,1,6,6,2,59,9,1599,1,13,HYUNDAI MATRIX,2,E01018388,0,-1
2020201014284,2020,201014284,1,9,0,3,3,1,5,0,0,1,0,0,0,0,2,1,6,6,2,23,5,1599,1,15,HYUNDAI MATRIX,5,E01010000,0,-1
2020610047720,2020,610047720,1,9,0,18,19,8,4,0,0,8,0,0,0,0,1,1,6,6,1,79,11,1599,1,13,HYUNDAI MATRIX,3,W01001450,0,-1
2020160965419,2020,160965419,1,9,0,18,19,3,7,0,0,1,5,4,0,0,1,1,5,6,1,89,11,1599,1,14,HYUNDAI MATRIX,10,E01013112,0,-1
2020350977608,2020,350977608,3,9,0,18,19,4,8,0,0,0,0,0,0,0,1,1,5,6,1,73,10,5000,1,5,JAGUAR XK SERIES,10,E01022070,0,-1
2020460981825,2020,460981825,2,9,0,18,19,7,3,0,0,0,0,0,0,0,1,1,6,6,1,77,11,3996,1,18,JAGUAR XK SERIES,9,E01023995,0,-1
2020010281576,2020,010281576,1,9,0,15,15,7,3,0,0,1,0,0,0,0,4,1,2,2,1,79,11,5000,1,9,JAGUAR XK SERIES,6,E01001237,0,-1
2020040994030,2020,040994030,2,9,0,18,19,1,5,0,0,8,0,0,0,0,1,1,5,6,2,56,9,4196,1,12,JAGUAR XK SERIES,4,E01025556,0,-1
2020010252692,2020,010252692,1,9,0,9,9,7,5,0,0,1,0,0,0,0,3,1,6,6,2,46,8,3996,1,21,JAGUAR XK SERIES,6,E01002006,0,-1
2020430040709,2020,430040709,1,9,0,7,7,2,4,0,0,6,0,0,0,0,1,1,6,6,2,49,8,3996,1,18,JAGUAR XK SERIES,8,E01017715,0,-1
2020451001949,2020,451001949,2,9,0,3,3,7,3,0,0,1,0,0,0,0,2,1,5,6,1,51,8,4196,1,15,JAGUAR XK SERIES,10,E01030443,0,-1
2020430029149,2020,430029149,1,9,0,13,13,2,6,0,0,0,1,0,1,4,1,1,6,6,1,35,6,3996,1,22,JAGUAR XK SERIES,7,E01023424,0,-1
2020470988192,2020,470988192,1,9,0,18,19,1,5,0,0,0,0,4,0,0,3,1,2,2,1,55,8,5000,1,7,JAGUAR XK SERIES,6,E01031676,0,-1
2020320135782,2020,320135782,1,9,0,18,19,1,5,0,0,0,0,0,1,0,1,1,6,6,1,71,10,3996,1,22,JAGUAR XK SERIES,4,E01026057,0,-1
2020470923871,2020,470923871,2,9,0,5,5,4,6,0,0,8,0,0,0,0,1,1,5,6,1,59,9,5000,1,9,JAGUAR XK SERIES,7,E01020961,0,-1
2020320100813,2020,320100813,2,9,0,18,19,5,1,0,0,0,0,0,0,0,2,1,6,6,1,81,11,4196,1,14,JAGUAR XK SERIES,3,E01026099,0,-1
2020010234163,2020,010234163,1,9,0,18,19,2,6,0,0,8,1,0,0,99,1,9,6,6,1,34,6,5000,1,11,JAGUAR XK SERIES,5,E01002815,0,-1
2020200931716,2020,200931716,2,9,0,4,4,4,8,0,0,0,0,0,0,0,2,1,2,2,1,40,7,3996,1,22,JAGUAR XK SERIES,10,E01009705,0,-1
2020470928401,2020,470928401,1,9,0,18,19,5,1,0,0,0,1,0,2,7,1,1,5,6,1,51,8,5000,1,11,JAGUAR XK SERIES,4,E01016871,0,-1
2020990982048,2020,990982048,1,9,0,5,5,2,7,0,0,8,0,0,0,0,1,1,6,6,1,48,8,5000,1,8,JAGUAR XK SERIES,8,-1,0,-1
2020430296050,2020,430296050,1,9,0,9,9,4,2,0,0,1,0,0,0,0,1,1,6,6,1,40,7,4196,1,13,JAGUAR XK SERIES,10,E01016659,0,-1
2020460990417,2020,460990417,2,9,0,18,19,4,8,0,0,0,1,0,0,0,1,1,5,6,1,60,9,4196,1,13,JAGUAR XK SERIES,9,E01024008,0,-1
2020220929891,2020,220929891,1,9,0,13,13,2,6,0,0,0,0,0,0,0,4,1,1,1,1,54,8,4196,1,13,JAGUAR XK SERIES,7,E01032180,0,-1
2020010239739,2020,010239739,1,9,0,9,9,7,5,0,0,8,0,0,0,0,3,2,6,6,2,53,8,4196,1,12,JAGUAR XK SERIES,9,E01030639,0,-1
2020010278100,2020,010278100,4,9,0,3,3,5,1,0,0,4,0,0,0,0,2,1,6,6,1,46,8,1353,1,1,KIA XCEED,8,E01003795,0,-1
2020140974298,2020,140974298,2,9,0,18,19,3,1,0,0,8,0,0,0,0,1,1,2,2,1,29,6,1353,1,0,KIA XCEED,9,E01019779,0,-1
2020201000649,2020,201000649,1,9,0,10,10,6,4,0,0,1,0,0,0,0,3,1,1,1,1,53,8,1598,2,0,KIA XCEED,-1,-1,0,-1
2020501015978,2020,501015978,2,9,0,18,19,1,5,0,0,4,0,0,0,0,1,1,5,6,2,41,7,998,1,0,KIA XCEED,6,E01015252,0,-1
2020200989179,2020,200989179,1,9,0,18,19,2,6,0,0,0,0,10,1,11,1,1,6,6,2,56,9,998,1,0,KIA XCEED,7,E01010355,0,-1
2020010257095,2020,010257095,1,9,0,17,19,1,6,0,0,1,1,4,0,0,1,1,6,6,1,25,5,998,1,0,KIA XCEED,-1,-1,0,-1
2020522004689,2020,522004689,1,9,0,3,3,1,5,0,0,0,0,0,0,0,1,1,6,6,2,26,6,998,1,0,KIA XCEED,7,W01001943,0,-1
2020350936939,2020,350936939,3,9,0,-1,-1,4,8,0,0,4,0,0,0,0,2,1,6,6,2,-1,-1,1353,1,0,KIA XCEED,3,E01018073,0,-1
2020052000709,2020,052000709,1,9,0,18,19,5,1,0,0,8,0,0,0,0,4,1,6,6,2,46,8,998,1,0,KIA XCEED,6,E01007194,0,-1
2020302001061,2020,302001061,3,9,0,4,4,5,1,0,0,0,0,0,0,0,2,1,6,6,1,49,8,998,1,0,KIA XCEED,5,E01019744,0,-1
2020030965743,2020,030965743,2,9,0,18,19,1,5,0,0,1,0,0,0,0,1,1,5,6,2,47,8,998,1,0,KIA XCEED,7,E01019214,0,-1
2020470925680,2020,470925680,2,2,0,3,3,6,2,0,0,4,0,0,0,0,2,1,2,2,2,50,8,49,1,5,-1,6,E01020949,0,-1
2020470918283,2020,470918283,2,2,0,18,19,7,4,0,0,0,0,0,0,0,2,1,1,1,1,17,4,49,1,3,-1,8,E01021221,0,-1
2020420992674,2020,420992674,2,3,0,18,19,5,1,0,0,1,0,0,0,0,1,1,6,6,1,19,4,125,1,0,LEXMOTO ENIGMA,9,E01021335,0,-1
2020010278434,2020,010278434,1,3,0,99,99,9,9,99,99,9,9,99,9,99,9,9,2,2,1,20,4,125,1,0,LEXMOTO ENIGMA,5,E01003139,0,-1
2020990938086,2020,990938086,1,3,0,18,19,7,3,0,0,1,1,0,0,0,1,1,5,6,1,32,6,125,1,0,LEXMOTO ENIGMA,5,-1,0,-1
2020420931238,2020,420931238,1,4,0,13,13,1,5,0,0,1,0,0,0,0,4,1,2,2,1,18,4,125,1,0,-1,9,E01021709,0,-1
2020450992682,2020,450992682,1,3,0,18,19,3,7,0,0,0,1,0,0,0,4,1,5,6,1,17,4,125,1,0,LEXMOTO ENIGMA,6,E01023121,0,-1
2020052002307,2020,052002307,2,4,0,18,19,8,6,0,0,8,0,0,0,0,4,1,6,6,1,46,8,125,1,0,-1,3,E01007156,0,-1
2020451001958,2020,451001958,1,3,0,9,9,3,7,0,0,1,2,11,4,0,3,1,1,1,1,20,4,125,1,0,LEXMOTO ENIGMA,3,E01002646,0,-1
2020010284167,2020,010284167,1,3,0,18,19,1,5,0,0,0,0,0,0,0,0,1,6,6,1,24,5,125,1,0,LEXMOTO ENIGMA,3,E01001048,0,-1
2020450979600,2020,450979600,2,3,0,13,13,5,1,0,0,6,0,0,0,0,2,1,1,1,1,26,6,125,1,0,LEXMOTO ENIGMA,10,E01023114,0,-1
2020122000520,2020,122000520,2,3,0,18,19,3,7,0,0,3,0,0,0,0,3,1,6,6,1,18,4,125,1,1,LEXMOTO ENIGMA,4,E01027835,0,-1
2020622000973,2020,622000973,2,2,0,18,19,8,6,0,0,1,0,0,0,0,4,1,1,1,1,35,6,125,1,0,-1,5,W01001720,0,-1
2020010283862,2020,010283862,2,3,0,3,3,7,3,0,0,1,0,0,0,0,3,1,1,1,1,34,6,125,1,0,LEXMOTO ENIGMA,2,E01000019,0,-1
2020430429083,2020,430429083,2,3,0,18,19,8,4,0,0,8,0,0,0,0,3,1,2,2,1,29,6,125,1,1,LEXMOTO ENIGMA,5,E01033522,0,-1
2020140918241,2020,140918241,2,2,0,18,19,5,1,0,0,2,0,0,0,0,1,1,1,1,1,36,7,125,1,2,-1,4,E01007879,0,-1
2020010265416,2020,010265416,1,3,0,99,99,9,9,99,99,9,9,99,9,99,9,1,6,6,1,26,6,125,1,1,LEXMOTO ENIGMA,8,E01000563,0,-1
2020052002366,2020,052002366,2,3,0,18,19,7,3,0,0,8,0,0,0,0,1,1,6,6,1,50,8,125,1,1,LEXMOTO ENIGMA,2,E01006506,0,-1
2020010279424,2020,010279424,2,3,0,13,13,1,5,0,0,0,0,0,0,0,4,1,1,1,1,30,6,125,1,0,LEXMOTO ENIGMA,4,E01033579,0,-1
2020010265164,2020,010265164,1,2,0,99,99,9,9,99,99,9,9,99,9,99,0,1,6,6,1,35,6,125,1,0,-1,10,E01004120,0,-1
2020460965757,2020,460965757,1,3,0,17,19,1,6,0,0,8,0,0,0,0,1,1,6,6,1,-1,-1,125,1,0,LEXMOTO ENIGMA,3,E01024713,0,-1
2020010271045,2020,010271045,1,2,0,18,19,8,4,2,2,6,1,0,0,0,1,1,6,6,1,31,6,125,1,0,-1,3,E01003263,0,-1
2020302000398,2020,302000398,2,3,0,4,4,7,3,0,0,1,0,0,0,0,1,1,1,1,1,30,6,125,1,1,LEXMOTO ENIGMA,4,E01019499,0,-1
2020010271733,2020,010271733,2,3,0,18,19,3,7,0,0,8,2,0,2,11,1,1,6,6,1,35,6,125,1,1,LEXMOTO ENIGMA,-1,-1,0,-1
2020010232067,2020,010232067,2,9,0,10,10,5,2,0,0,2,0,0,0,0,0,1,6,6,1,32,6,1998,1,2,MINI JOHN COOPER WORKS,5,E01000211,0,-1
2020200998593,2020,200998593,1,9,0,9,9,6,4,0,0,8,0,0,0,0,1,1,6,6,2,73,10,1998,1,2,MINI JOHN COOPER WORKS,9,E01029654,0,-1
2020410926943,2020,410926943,1,9,0,17,19,3,7,0,0,0,2,0,1,0,1,1,5,6,1,19,4,1598,1,12,MINI JOHN COOPER WORKS,10,E01023749,0,-1
2020010261700,2020,010261700,2,9,0,9,9,7,4,0,0,1,0,0,0,0,1,1,6,6,1,27,6,1598,1,7,MINI JOHN COOPER WORKS,1,E01001410,0,-1
2020340N08752,2020,340N08752,2,9,0,2,2,0,0,0,0,8,0,0,0,0,1,1,1,1,2,49,8,1598,1,6,MINI JOHN COOPER WORKS,8,E01027183,0,-1
2020010285533,2020,010285533,2,9,0,99,99,9,9,99,99,9,9,99,9,99,1,9,6,6,3,24,5,1598,1,8,MINI JOHN COOPER WORKS,9,E01028660,0,-1
2020302000196,2020,302000196,1,9,0,17,19,6,2,0,0,0,1,0,0,0,3,1,6,6,1,20,4,1598,1,14,MINI JOHN COOPER WORKS,6,E01019408,0,-1
2020522000320,2020,522000320,1,9,0,3,3,2,6,0,0,0,0,0,0,0,2,1,6,6,2,31,6,1998,1,4,MINI JOHN COOPER WORKS,2,W01001506,0,-1
2020010261323,2020,010261323,2,9,0,18,19,7,3,0,0,0,0,0,0,0,3,1,6,6,1,35,6,1998,1,4,MINI JOHN COOPER WORKS,4,E01001503,0,-1
2020501015535,2020,501015535,1,9,0,5,5,5,3,0,0,1,0,0,0,0,1,1,1,1,2,54,8,1998,1,1,MINI JOHN COOPER WORKS,5,E01018780,0,-1
2020460943549,2020,460943549,3,9,0,18,19,3,7,0,0,0,0,0,0,0,2,1,2,2,2,46,8,1598,1,7,MINI JOHN COOPER WORKS,6,E01024674,0,-1
202006K277537,2020,06K277537,3,9,0,2,2,0,0,0,0,1,0,0,0,0,1,1,6,6,2,53,8,1998,1,0,MINI JOHN COOPER WORKS,-1,-1,0,-1
2020430428649,2020,430428649,1,9,0,18,19,8,1,0,0,7,0,0,0,0,3,1,2,2,2,29,6,1998,1,1,MINI JOHN COOPER WORKS,10,E01028727,0,-1