collision_index,collision_year,collision_ref_no,vehicle_reference,vehicle_type,towing_and_articulation,vehicle_manoeuvre_historic,vehicle_manoeuvre,vehicle_direction_from,vehicle_direction_to,vehicle_location_restricted_lane_historic,vehicle_location_restricted_lane,junction_location,skidding_and_overturning,hit_object_in_carriageway,vehicle_leaving_carriageway,hit_object_off_carriageway,first_point_of_impact,vehicle_left_hand_drive,journey_purpose_of_driver_historic,journey_purpose_of_driver,sex_of_driver,age_of_driver,age_band_of_driver,engine_capacity_cc,propulsion_code,age_of_vehicle,generic_make_model,driver_imd_decile,lsoa_of_driver,escooter_flag,driver_distance_banding
2020450978176,2020,450978176,1,9,0,18,19,2,7,0,0,8,0,0,0,0,4,1,2,2,1,25,5,1998,1,5,MINI JOHN COOPER WORKS,8,E01030879,0,-1
2020010247229,2020,010247229,1,9,0,99,99,5,1,99,99,0,9,99,9,99,2,9,6,6,1,58,9,1598,1,14,MINI JOHN COOPER WORKS,6,E01004501,0,-1
2020220985684,2020,220985684,1,9,0,13,13,2,6,0,0,0,1,0,7,9,1,1,5,6,2,57,9,1998,1,2,MINI JOHN COOPER WORKS,8,E01018577,0,-1
2020010247902,2020,010247902,1,9,0,14,14,1,5,0,0,0,0,4,0,0,3,1,6,6,2,79,11,1598,1,5,MINI JOHN COOPER WORKS,-1,-1,0,-1
2020460991454,2020,460991454,1,9,0,4,4,3,7,0,0,2,0,0,0,0,4,1,6,6,2,68,10,1598,1,14,MINI JOHN COOPER WORKS,8,E01024653,0,-1
2020460969903,2020,460969903,1,9,0,13,13,6,2,0,0,0,1,0,6,0,1,1,5,6,2,51,8,1598,1,14,MINI JOHN COOPER WORKS,4,E01024771,0,-1
2020320685598,2020,320685598,1,9,0,18,19,5,1,0,0,0,5,0,7,0,1,1,6,6,1,23,5,1998,1,2,MINI JOHN COOPER WORKS,3,E01026099,0,-1
2020010265970,2020,010265970,2,9,0,99,99,9,9,99,99,9,9,99,9,99,1,9,6,6,1,59,9,1598,1,7,MINI JOHN COOPER WORKS,7,E01030361,0,-1
2020410977726,2020,410977726,2,9,0,3,3,4,8,0,0,0,0,0,7,0,2,1,6,6,2,50,8,1598,1,6,MINI JOHN COOPER WORKS,7,E01017652,0,-1
2020420927509,2020,420927509,2,9,0,15,15,1,5,0,0,0,0,0,0,0,4,1,6,6,2,39,7,1598,1,12,MINI JOHN COOPER WORKS,10,E01031517,0,-1
2020470962826,2020,470962826,1,9,0,17,19,8,5,0,0,2,0,0,1,10,1,1,6,6,3,-1,-1,1598,1,11,MINI JOHN COOPER WORKS,-1,-1,0,-1
2020220930280,2020,220930280,2,9,0,18,19,7,3,0,0,0,0,10,1,0,1,1,2,2,1,35,6,1598,1,12,MINI JOHN COOPER WORKS,10,E01022495,0,-1
202031C006620,2020,31C006620,2,11,0,17,19,2,7,0,0,8,0,0,0,0,4,1,1,1,1,30,6,6700,2,9,OPTARE SOLO,7,E01019695,0,-1
2020040930279,2020,040930279,1,11,0,18,19,7,3,0,0,2,0,0,0,0,4,1,5,6,1,55,8,4250,2,8,OPTARE SOLO,-1,-1,0,-1
202031C114220,2020,31C114220,1,11,0,18,19,5,1,0,0,6,0,0,3,10,1,1,1,1,2,56,9,6700,2,9,OPTARE SOLO,3,E01033397,0,-1
2020031001490,2020,031001490,1,11,0,18,19,5,1,0,0,1,0,0,0,0,1,1,5,6,1,55,8,4250,2,15,OPTARE SOLO,5,E01019325,0,-1
2020622000887,2020,622000887,2,11,0,18,19,2,6,0,0,8,0,0,0,0,3,1,1,1,1,48,8,4500,2,7,OPTARE SOLO,4,W01001149,0,-1
202031C112820,2020,31C112820,2,11,0,18,19,5,1,0,0,0,0,0,0,0,3,1,1,1,1,31,6,6700,2,9,OPTARE SOLO,4,E01033406,0,-1
2020031013748,2020,031013748,2,11,0,18,19,6,2,0,0,1,0,0,0,0,2,1,1,1,1,39,7,4580,2,10,OPTARE SOLO,2,E01019284,0,-1
2020302000370,2020,302000370,1,11,0,2,2,0,0,0,0,0,0,0,0,0,0,1,1,1,1,62,9,4250,2,14,OPTARE SOLO,3,E01033388,0,-1
202031B017220,2020,31B017220,1,11,0,18,19,2,6,0,0,0,0,0,0,0,0,1,1,1,1,55,8,4250,2,18,OPTARE SOLO,5,E01019402,0,-1
2020500944251,2020,500944251,1,11,0,9,9,7,2,0,0,8,0,0,0,0,0,1,1,1,1,64,9,4250,2,4,OPTARE SOLO,8,E01019898,0,-1
2020990991965,2020,990991965,1,10,0,18,19,4,8,0,0,2,0,0,0,0,4,1,1,1,1,36,7,-1,-1,-1,-1,1,-1,0,-1
2020040929667,2020,040929667,1,11,0,4,4,7,3,0,0,1,0,0,0,0,0,1,1,1,1,55,8,4580,2,10,OPTARE SOLO,7,E01025123,0,-1
202031C114220,2020,31C114220,2,11,0,5,5,3,7,0,0,8,0,0,0,0,4,1,1,1,2,48,8,6700,2,9,OPTARE SOLO,2,E01013853,0,-1
20201379E1107,2020,1379E1107,1,11,0,5,5,3,7,0,0,0,0,0,0,0,4,1,1,1,1,62,9,4249,2,3,OPTARE SOLO,3,E01011783,0,-1
2020990970749,2020,990970749,2,11,0,18,19,1,4,3,2,0,1,0,0,0,3,1,1,1,1,29,6,4250,2,17,OPTARE SOLO,7,-1,0,-1
2020460924595,2020,460924595,2,11,0,4,4,4,8,0,0,1,0,0,0,0,2,1,1,1,2,49,8,4250,2,14,OPTARE SOLO,2,E01024248,0,-1
2020500946865,2020,500946865,1,11,0,18,19,7,3,0,0,1,0,0,0,0,1,1,1,1,1,59,9,4250,2,16,OPTARE SOLO,4,E01015054,0,-1
2020990994542,2020,990994542,1,11,0,4,4,1,5,0,0,0,0,0,0,0,1,1,1,1,2,46,8,4250,2,15,OPTARE SOLO,-1,-1,0,-1
2020100990653,2020,100990653,1,11,0,18,19,5,1,0,0,0,0,0,0,0,0,1,1,1,1,24,5,4249,2,4,OPTARE SOLO,4,E01008483,0,-1
202031C039520,2020,31C039520,1,11,0,3,3,5,1,0,0,0,0,0,0,0,0,1,1,1,1,55,8,6700,2,8,OPTARE SOLO,4,E01028211,0,-1
2020030973159,2020,030973159,2,11,0,4,4,6,2,0,0,0,0,0,0,0,1,1,1,1,1,29,6,4249,2,5,OPTARE SOLO,2,E01019269,0,-1
2020460946279,2020,460946279,2,11,0,18,19,2,6,0,0,1,0,0,0,0,4,1,1,1,1,26,6,4250,2,14,OPTARE SOLO,8,E01033213,0,-1
202063D010620,2020,63D010620,1,11,0,18,19,4,8,0,0,0,1,4,1,1,3,1,1,1,1,62,9,5130,2,1,OPTARE SOLO,7,W01001316,0,-1
202031C028120,2020,31C028120,2,11,0,18,19,3,7,0,0,0,0,0,0,0,2,2,1,1,3,-1,-1,6700,2,9,OPTARE SOLO,-1,-1,0,-1
202063BF00420,2020,63BF00420,3,11,0,2,2,0,0,0,0,0,0,0,0,0,0,1,1,1,1,57,9,4250,2,17,OPTARE SOLO,6,W01000558,0,-1
2020552001116,2020,552001116,2,9,0,18,19,2,8,0,0,8,0,0,0,0,4,1,6,6,2,72,10,1995,2,18,-1,8,E01020588,0,-1
2020411014181,2020,411014181,1,4,0,13,13,3,7,0,0,0,0,0,0,0,1,1,5,6,1,67,10,149,1,54,-1,10,E01023698,0,-1
2020140929613,2020,140929613,1,9,0,1,1,6,6,0,0,0,0,0,0,0,2,1,1,1,1,38,7,1997,2,8,-1,1,E01033269,0,-1
2020540983020,2020,540983020,1,11,0,18,19,6,2,0,0,0,0,0,0,0,4,1,1,1,1,57,9,8268,2,16,-1,4,E01031895,0,-1
2020220971741,2020,220971741,3,19,0,3,3,2,6,0,0,1,0,0,0,0,2,1,1,1,1,45,7,1310,1,7,-1,4,E01032473,0,-1
2020010280798,2020,010280798,2,9,0,99,99,9,9,0,0,8,0,99,0,0,4,1,6,6,1,67,10,4398,1,12,-1,-1,-1,0,-1
2020110986636,2020,110986636,2,9,0,18,19,8,4,0,0,1,0,0,0,0,0,1,1,1,1,30,6,-1,-1,-1,-1,9,E01020702,0,-1
2020622001048,2020,622001048,1,3,0,4,4,2,6,0,0,1,0,0,0,0,4,1,1,1,2,49,8,125,1,3,-1,7,W01000766,0,-1
2020030945925,2020,030945925,1,9,0,18,19,1,5,0,0,0,0,0,1,11,1,1,6,6,2,74,10,1560,2,7,-1,5,E01019356,0,-1
2020010234932,2020,010234932,1,11,0,4,4,7,3,0,0,2,0,0,0,0,0,1,1,1,1,62,9,6692,2,10,-1,1,E01002026,0,-1
2020450958713,2020,450958713,1,5,0,18,19,5,1,0,0,8,5,0,0,0,1,1,6,6,1,64,9,741,1,48,-1,10,E01030314,0,-1
2020450939845,2020,450939845,2,9,0,18,19,3,7,0,0,0,0,0,0,0,1,1,6,6,2,22,5,1596,1,19,-1,9,E01031674,0,-1
2020440194330,2020,440194330,1,9,0,18,19,2,6,0,0,0,0,0,0,0,3,1,2,2,2,45,7,1596,1,20,-1,3,E01023055,0,-1
2020010262100,2020,010262100,5,90,3,2,2,0,0,0,0,0,0,4,0,0,1,1,6,6,3,-1,-1,1968,2,3,-1,-1,-1,0,-1
2020160951614,2020,160951614,1,5,0,17,19,3,7,0,0,0,1,0,1,4,1,1,6,6,1,62,9,1340,1,17,-1,3,E01013045,0,-1
2020460957958,2020,460957958,1,9,0,18,19,7,3,0,0,0,0,0,0,0,3,1,5,6,1,94,11,1598,1,13,-1,1,E01024580,0,-1
2020990938985,2020,990938985,1,9,0,18,19,2,6,6,6,0,1,0,7,0,1,1,5,6,1,41,7,1998,1,11,-1,7,-1,0,-1
2020430080173,2020,430080173,2,8,0,18,19,4,8,0,0,1,0,0,0,0,1,1,6,6,1,-1,-1,1560,2,8,-1,-1,-1,0,-1
2020041011227,2020,041011227,2,11,0,18,19,4,8,0,0,2,0,0,0,0,1,1,1,1,1,56,9,3900,2,16,-1,5,E01012710,0,-1
2020052000352,2020,052000352,1,11,0,18,19,2,6,0,0,0,0,0,0,0,1,1,1,1,1,48,8,-1,3,3,-1,1,E01006542,0,-1
2020541816420,2020,541816420,1,11,0,18,19,0,0,0,0,8,0,0,0,0,1,1,1,1,1,54,8,8268,2,16,-1,7,E01015581,0,-1
2020137A10234,2020,137A10234,4,9,0,10,10,3,7,0,0,5,0,0,0,0,2,1,6,6,1,55,8,479,2,20,-1,1,E01011493,0,-1
20201371U0780,2020,1371U0780,1,11,0,7,7,4,7,0,0,1,0,0,0,0,4,1,1,1,1,73,10,4462,2,10,-1,7,E01010753,0,-1
2020500977821,2020,500977821,1,2,0,14,14,7,3,0,0,8,0,0,0,0,1,1,5,6,1,58,9,200,1,56,-1,6,E01020207,0,-1
2020552001186,2020,552001186,2,4,0,18,19,2,6,0,0,8,0,0,0,0,1,1,6,6,1,57,9,600,1,31,-1,2,E01015384,0,-1
2020010237466,2020,010237466,2,11,0,5,5,5,1,0,0,1,0,0,0,0,1,1,6,6,1,59,9,6692,2,10,-1,-1,-1,0,-1
2020010279763,2020,010279763,1,90,0,17,19,5,1,0,0,0,0,0,0,0,3,1,1,1,1,28,6,1642,2,2,-1,9,E01021757,0,-1
2020440490378,2020,440490378,2,3,0,18,19,4,8,0,0,8,0,0,0,0,1,1,2,2,1,47,8,124,1,17,-1,1,E01022905,0,-1
2020440391638,2020,440391638,1,5,0,18,19,8,4,0,0,2,1,0,0,0,1,1,6,6,1,48,8,929,1,19,-1,9,E01023254,0,-1
2020370969938,2020,370969938,1,9,0,18,19,3,6,0,0,2,0,10,1,2,3,1,1,1,1,25,5,1997,1,17,-1,8,E01030242,0,-1
2020040991651,2020,040991651,2,3,0,18,19,5,1,0,0,8,0,0,0,0,1,1,6,6,1,59,9,125,1,1,-1,1,E01024907,0,-1
2020500974949,2020,500974949,1,5,0,14,14,1,5,0,0,0,1,0,0,0,1,1,5,6,1,35,6,1000,1,19,-1,3,E01020118,0,-1
2020010281016,2020,010281016,1,9,0,18,19,1,5,0,0,1,0,0,0,0,1,1,6,6,1,72,10,998,1,19,-1,4,E01023543,0,-1
2020010243567,2020,010243567,1,11,0,5,5,5,1,0,0,1,0,0,7,10,1,1,6,6,1,55,8,-1,3,2,-1,-1,-1,0,-1
2020052001498,2020,052001498,2,8,0,17,19,2,6,0,0,1,0,0,0,0,1,1,6,6,1,29,6,1997,2,8,-1,2,E01006727,0,-1
2020990978467,2020,990978467,1,9,0,18,19,7,3,0,0,0,1,0,1,2,3,1,6,6,1,46,8,1998,1,6,-1,-1,-1,0,-1
2020430186480,2020,430186480,1,9,0,10,10,6,4,0,0,1,0,0,0,0,2,1,6,6,1,40,7,2148,2,18,-1,4,E01016512,0,-1
2020010284676,2020,010284676,1,11,0,18,19,7,3,0,0,8,0,10,2,10,4,1,1,1,1,72,10,-1,3,2,-1,6,E01002861,0,-1
202031D084420,2020,31D084420,1,9,0,16,19,8,4,0,0,0,1,0,0,0,1,1,6,6,1,19,4,1589,1,29,-1,8,E01028321,0,-1
2020522000425,2020,522000425,2,9,0,3,3,7,2,0,0,8,0,0,0,0,0,1,6,6,1,50,8,1998,1,6,-1,10,E01014873,0,-1
2020990975188,2020,990975188,1,11,0,18,19,4,1,0,0,8,0,0,0,0,1,1,1,1,1,61,9,3900,2,15,-1,1,-1,0,-1
2020010276901,2020,010276901,1,9,0,5,5,1,5,0,0,2,0,0,0,0,1,1,1,1,1,56,9,4600,1,14,-1,5,E01001091,0,-1
2020140924772,2020,140924772,1,11,0,17,19,3,7,0,0,0,0,0,1,10,1,1,3,7,1,58,9,3900,2,17,-1,1,E01007919,0,-1
2020010238792,2020,010238792,1,11,0,18,19,2,6,0,0,1,0,0,0,0,1,1,1,1,1,56,9,6692,2,11,-1,7,E01001026,0,-1
2020221002619,2020,221002619,1,9,0,18,19,2,6,0,0,0,1,0,7,2,1,1,5,6,1,40,7,6300,1,15,-1,10,E01032346,0,-1
2020622000215,2020,622000215,1,9,0,9,9,2,7,0,0,1,0,0,0,0,1,1,6,6,1,45,7,599,1,21,-1,3,W01001025,0,-1
2020622000104,2020,622000104,2,98,0,16,19,8,4,0,0,0,0,0,0,0,2,1,6,6,1,48,8,-1,-1,-1,-1,3,E01017194,0,-1
2020010265355,2020,010265355,2,9,0,18,19,8,4,0,0,0,0,0,0,0,3,1,6,6,1,52,8,2150,1,23,-1,6,E01003398,0,-1
2020500981346,2020,500981346,1,5,0,17,19,1,5,0,0,0,0,0,0,0,0,1,5,6,1,55,8,1850,1,15,-1,2,E01015190,0,-1
2020010228959,2020,010228959,1,11,0,18,19,5,1,2,2,1,0,0,0,0,0,1,1,1,1,56,9,-1,3,2,-1,1,E01000939,0,-1
2020010244813,2020,010244813,1,9,0,18,19,1,5,0,0,1,0,4,0,0,1,1,6,6,1,29,6,1998,1,20,-1,2,E01003591,0,-1
2020430184045,2020,430184045,1,9,0,18,19,5,1,0,0,0,0,0,0,0,1,1,6,6,1,81,11,2435,1,16,-1,9,E01017927,0,-1
2020470988686,2020,470988686,2,9,0,4,4,5,1,0,0,0,0,0,1,4,1,1,5,6,1,33,6,3500,1,22,-1,7,E01024060,0,-1
2020010279833,2020,010279833,2,9,0,9,9,8,5,0,0,1,0,0,0,0,1,1,6,6,2,60,9,2720,2,15,-1,6,E01004637,0,-1
2020421002005,2020,421002005,1,9,0,5,5,8,4,0,0,1,0,0,0,0,1,1,6,6,1,37,7,2849,1,39,-1,6,E01021525,0,-1
2020140926189,2020,140926189,2,8,0,18,19,4,8,2,2,8,1,0,0,0,1,1,1,1,1,43,7,1997,2,8,-1,8,E01007603,0,-1
2020340D07292,2020,340D07292,2,9,0,18,19,5,1,0,0,8,0,0,0,0,1,1,2,2,1,39,7,-1,-1,-1,-1,5,E01027017,0,-1
2020010261303,2020,010261303,2,9,0,4,4,2,6,0,0,2,0,0,0,0,1,1,1,1,1,28,6,-1,3,2,-1,3,E01003481,0,-1
2020010257353,2020,010257353,3,9,0,2,2,0,0,0,0,2,0,0,0,0,0,1,6,6,3,-1,-1,1397,1,18,-1,-1,-1,0,-1
2020010279433,2020,010279433,1,11,0,5,5,0,3,3,2,0,0,4,0,0,1,1,1,1,1,42,7,-1,3,3,-1,2,E01002076,0,-1
2020470978771,2020,470978771,1,9,0,18,19,6,2,0,0,0,2,0,8,11,1,1,5,6,1,40,7,7000,1,31,-1,5,E01003878,0,-1
2020990957187,2020,990957187,2,5,0,18,19,8,4,0,0,8,0,0,1,11,1,1,5,6,1,51,8,750,1,19,-1,2,-1,0,-1
2020010282697,2020,010282697,1,11,0,9,9,5,3,0,0,1,0,0,0,0,0,1,1,1,1,56,9,6692,2,10,-1,8,E01000913,0,-1
2020440372891,2020,440372891,1,90,0,18,19,7,3,0,0,0,0,0,7,4,1,1,6,6,1,29,6,-1,-1,-1,-1,10,E01022505,0,-1
2020522002764,2020,522002764,2,9,0,1,1,5,1,0,0,6,0,0,0,0,2,1,6,6,1,55,8,-1,-1,-1,-1,-1,-1,0,-1
2020070758827,2020,070758827,1,8,0,18,19,8,4,0,0,0,0,0,0,0,1,1,1,1,1,59,9,1997,2,9,-1,1,E01018738,0,-1
2020990984208,2020,990984208,1,8,0,18,19,3,6,0,0,1,0,0,0,0,1,1,1,1,1,65,9,1560,2,8,-1,8,-1,0,-1
2020010280006,2020,010280006,2,11,0,99,99,9,9,99,99,1,9,99,9,99,9,9,6,6,3,-1,-1,-1,3,3,-1,-1,-1,0,-1
2020990962460,2020,990962460,1,9,0,18,19,7,3,0,0,0,0,7,0,0,1,1,6,6,1,33,6,1998,1,4,-1,7,-1,0,-1
2020100980123,2020,100980123,2,11,0,3,3,4,1,0,0,0,0,0,0,0,2,1,1,1,1,28,6,6692,2,11,-1,2,E01027398,0,-1
2020010250041,2020,010250041,1,9,0,99,99,9,9,99,99,0,0,99,9,99,9,1,6,6,3,-1,-1,1796,1,18,-1,-1,-1,0,-1
2020990963395,2020,990963395,1,4,0,18,19,5,1,0,0,1,1,0,0,0,1,1,6,6,1,40,7,197,1,12,-1,3,-1,0,-1
202006P272294,2020,06P272294,1,2,0,18,19,4,8,0,0,1,0,0,1,10,1,1,6,6,1,18,4,125,1,4,-1,-1,-1,0,-1
2020201010439,2020,201010439,2,11,0,2,2,0,0,0,0,0,0,0,0,0,0,1,1,1,1,56,9,8268,2,16,-1,1,E01009374,0,-1
2020450919292,2020,450919292,1,11,0,16,19,5,1,0,0,0,0,0,2,0,1,1,1,1,1,37,7,-1,3,2,-1,9,E01023115,0,-1
2020010279771,2020,010279771,2,90,9,99,99,9,9,99,99,0,9,99,9,99,9,9,6,6,3,-1,-1,1115,2,3,-1,-1,-1,0,-1
2020460971778,2020,460971778,1,9,0,18,19,6,2,0,0,1,0,0,0,0,1,1,5,6,1,31,6,1400,1,19,-1,5,E01024122,0,-1
2020010256722,2020,010256722,2,9,0,99,99,9,9,99,99,0,9,99,9,99,9,9,6,6,3,63,9,3300,1,18,-1,3,E01000800,0,-1
2020010257983,2020,010257983,1,11,0,18,19,6,2,0,0,0,0,0,0,0,0,1,1,1,1,30,6,6692,2,10,-1,3,E01000977,0,-1
2020010285230,2020,010285230,1,11,0,18,19,4,8,0,0,8,0,0,0,0,0,1,1,1,1,40,7,6692,2,11,-1,9,E01031615,0,-1
2020101000477,2020,101000477,1,8,0,18,19,1,5,0,0,0,0,0,0,0,1,1,1,1,2,30,6,1560,2,8,-1,9,E01027463,0,-1
2020010255612,2020,010255612,1,9,0,17,19,2,6,9,9,2,0,0,1,10,1,1,6,6,1,27,6,1275,1,33,-1,9,E01002903,0,-1
2020010235763,2020,010235763,1,11,0,4,4,7,3,0,0,0,0,0,0,0,0,1,6,6,2,64,9,6692,2,10,-1,4,E01004177,0,-1
2020070133425,2020,070133425,1,21,0,12,12,6,3,0,0,0,0,0,0,0,3,1,1,1,1,28,6,-1,-1,-1,-1,5,W01000150,0,-1
2020010265567,2020,010265567,2,21,0,2,2,0,0,0,0,0,0,0,0,0,1,1,6,6,3,-1,-1,-1,-1,-1,-1,-1,-1,0,-1
2020411001586,2020,411001586,1,11,0,18,19,8,4,0,0,3,0,0,0,0,4,1,1,1,2,42,7,5900,2,12,-1,6,E01023789,0,-1
2020522003906,2020,522003906,2,19,0,18,19,6,2,0,0,0,0,0,0,0,2,1,6,6,2,55,8,-1,-1,-1,-1,4,E01026377,0,-1
2020360943647,2020,360943647,2,2,0,18,19,8,4,0,0,2,0,0,0,0,1,1,5,6,1,16,4,49,1,1,-1,4,E01026445,0,-1
2020010280032,2020,010280032,1,11,0,3,3,3,7,3,2,0,0,0,0,0,0,1,1,1,1,55,8,6692,2,11,-1,5,E01001074,0,-1
2020010257427,2020,010257427,2,11,0,18,19,1,5,0,0,0,0,0,0,0,1,1,6,6,1,60,9,6692,2,11,-1,4,E01001185,0,-1
2020041000916,2020,041000916,2,9,0,18,19,3,7,0,0,1,0,0,0,0,4,1,5,6,2,61,9,1998,1,18,-1,6,E01025507,0,-1
2020070022438,2020,070022438,1,8,0,18,19,1,5,0,0,2,0,0,0,0,1,1,6,6,1,34,6,1997,2,9,-1,6,E01018472,0,-1
2020220961461,2020,220961461,2,90,0,2,2,0,0,0,0,2,0,0,0,0,4,1,5,6,1,55,8,6500,2,16,-1,9,E01025769,0,-1
2020160983383,2020,160983383,1,9,0,13,13,3,7,0,0,0,1,0,1,4,1,1,5,6,1,78,11,1645,1,88,-1,10,E01012919,0,-1
2020010252877,2020,010252877,1,11,0,18,19,3,7,0,0,6,0,0,0,0,1,1,6,6,1,28,6,6692,2,11,-1,5,E01003650,0,-1
2020360975585,2020,360975585,1,3,0,18,19,3,7,0,0,0,0,0,0,0,1,1,6,6,1,-1,-1,125,1,6,-1,-1,-1,0,-1
2020200949836,2020,200949836,1,11,0,18,19,3,7,0,0,1,0,0,0,0,1,1,1,1,1,37,7,8268,2,16,-1,1,E01009195,0,-1
2020100926062,2020,100926062,2,9,0,4,4,7,5,0,0,4,0,0,0,0,3,1,5,6,1,47,8,1560,2,8,-1,4,E01027474,0,-1
2020140988518,2020,140988518,1,90,0,18,19,5,5,0,0,1,5,0,0,0,4,1,1,1,1,35,6,1642,2,0,-1,1,E01008060,0,-1
2020552000752,2020,552000752,1,9,0,18,19,2,6,0,0,0,1,0,0,0,1,1,6,6,1,59,9,2470,2,25,-1,4,E01017308,0,-1
2020010255385,2020,010255385,1,11,0,18,19,7,3,0,0,2,0,0,0,0,0,1,1,1,2,48,8,-1,3,2,-1,1,E01000552,0,-1
2020552100071,2020,552100071,1,90,0,18,19,2,6,0,0,8,0,0,0,0,1,1,1,1,2,49,8,2999,2,6,-1,5,E01020368,0,-1
2020302001229,2020,302001229,2,9,0,18,19,6,2,0,0,1,0,0,0,0,1,1,6,6,1,48,8,1598,1,20,-1,4,E01019495,0,-1
2020010269780,2020,010269780,1,11,0,4,4,3,7,0,0,0,0,0,0,0,0,1,1,1,1,29,6,6692,2,10,-1,5,E01003650,0,-1
202031B034620,2020,31B034620,1,9,0,18,19,7,3,0,0,8,0,0,0,0,3,1,1,1,1,49,8,1560,2,8,-1,6,E01028046,0,-1
2020460973372,2020,460973372,1,90,4,18,19,8,4,0,0,0,3,0,0,0,4,1,5,6,1,44,7,8100,1,12,-1,6,E01012475,0,-1
2020230919861,2020,230919861,1,9,0,16,19,3,6,0,0,0,0,0,0,0,1,1,5,6,1,61,9,1996,1,19,-1,7,E01031164,0,-1
2020461020483,2020,461020483,2,11,0,18,19,2,6,0,0,2,0,0,0,0,3,1,1,1,1,28,6,9000,2,6,-1,5,E01024494,0,-1
2020470969024,2020,470969024,1,9,0,18,19,5,1,0,0,1,0,0,0,0,3,1,1,1,1,30,6,1560,2,8,-1,2,E01016944,0,-1
2020410967005,2020,410967005,2,5,0,18,19,7,3,0,0,8,0,4,0,0,3,1,6,6,1,61,9,598,1,-1,-1,4,E01015793,0,-1
2020100987121,2020,100987121,2,8,0,2,2,1,5,0,0,0,0,0,0,0,2,1,1,1,1,60,9,1997,2,8,-1,10,E01008784,0,-1
2020010262227,2020,010262227,2,3,0,99,99,9,9,99,99,0,9,99,9,99,1,1,6,6,3,-1,-1,-1,-1,-1,-1,-1,-1,0,-1
2020990968979,2020,990968979,1,90,0,18,19,3,7,0,0,0,0,0,0,0,1,1,5,6,1,57,9,2463,2,13,-1,1,-1,0,-1
2020010269442,2020,010269442,1,11,0,3,3,1,5,2,2,1,0,0,0,0,4,1,6,6,1,20,4,-1,3,2,-1,2,E01003061,0,-1
2020470955445,2020,470955445,1,19,0,18,19,1,5,0,0,0,0,0,0,0,1,2,1,1,1,59,9,-1,3,2,-1,8,E01031698,0,-1
2020522003315,2020,522003315,1,9,0,18,19,6,2,0,0,8,0,0,0,0,1,1,6,6,1,70,10,1988,1,17,-1,5,E01014732,0,-1
2020440181868,2020,440181868,1,9,0,7,7,5,7,0,0,1,0,0,0,0,3,1,6,6,1,32,6,1600,1,29,-1,2,E01017340,0,-1
2020200977953,2020,200977953,1,9,0,9,9,5,2,0,0,8,0,0,0,0,1,1,6,6,1,18,4,2400,1,16,-1,-1,-1,0,-1
2020460945976,2020,460945976,2,21,0,18,19,1,5,0,0,0,0,0,0,0,1,1,1,1,1,48,8,14000,2,25,-1,6,E01021188,0,-1
2020070011049,2020,070011049,1,8,0,18,19,4,8,0,0,4,0,0,0,0,1,1,1,1,1,49,8,1560,2,8,-1,3,E01018487,0,-1
2020430441167,2020,430441167,1,9,0,18,19,2,6,0,0,8,0,0,0,0,1,1,6,6,2,83,11,1398,1,19,-1,6,E01031877,0,-1
2020070694888,2020,070694888,1,21,5,18,19,2,6,0,0,0,5,0,0,0,0,1,1,1,1,19,4,16000,2,6,-1,9,E01019615,0,-1
2020010251031,2020,010251031,1,9,0,18,19,5,1,0,0,0,0,0,0,0,1,1,6,6,1,37,7,6000,1,17,-1,2,E01001181,0,-1
2020200959776,2020,200959776,3,4,0,18,19,8,4,0,0,0,1,10,1,0,1,1,6,6,1,26,6,244,1,14,-1,1,E01033642,0,-1
2020010241223,2020,010241223,1,11,0,18,19,5,1,0,0,0,0,0,0,0,0,1,1,1,1,38,7,6692,2,10,-1,4,E01002098,0,-1
2020040994110,2020,040994110,1,5,0,18,19,1,5,9,9,8,5,0,7,11,1,1,5,6,1,70,10,1200,1,20,-1,4,E01025556,0,-1
202031C155020,2020,31C155020,1,2,0,9,9,7,4,0,0,6,0,0,0,0,1,1,2,2,1,17,4,49,1,11,-1,2,E01013872,0,-1
2020500987652,2020,500987652,1,17,4,16,19,6,2,0,0,0,0,0,0,0,2,1,1,1,1,40,7,4500,2,19,-1,4,E01018951,0,-1
2020470983851,2020,470983851,1,9,0,18,19,3,7,0,0,0,0,0,0,0,2,1,1,1,1,37,7,1560,2,9,-1,10,E01016998,0,-1
2020320380936,2020,320380936,1,90,5,9,9,3,1,0,0,6,0,0,0,0,3,1,6,6,1,33,6,2287,2,4,-1,1,E01007496,0,-1
2020010231456,2020,010231456,1,3,0,18,19,7,3,0,0,4,0,0,0,0,0,-1,2,2,2,32,6,-1,-1,-1,-1,3,E01002559,0,-1
2020010268735,2020,010268735,1,11,0,18,19,5,1,0,0,1,0,0,0,0,0,1,1,1,1,38,7,6692,2,10,-1,2,E01017156,0,-1
2020010266688,2020,010266688,1,11,0,18,19,1,5,0,0,1,0,0,0,0,0,1,1,1,2,54,8,6692,2,10,-1,5,E01001099,0,-1