collision_index,collision_year,collision_ref_no,vehicle_reference,vehicle_type,towing_and_articulation,vehicle_manoeuvre_historic,vehicle_manoeuvre,vehicle_direction_from,vehicle_direction_to,vehicle_location_restricted_lane_historic,vehicle_location_restricted_lane,junction_location,skidding_and_overturning,hit_object_in_carriageway,vehicle_leaving_carriageway,hit_object_off_carriageway,first_point_of_impact,vehicle_left_hand_drive,journey_purpose_of_driver_historic,journey_purpose_of_driver,sex_of_driver,age_of_driver,age_band_of_driver,engine_capacity_cc,propulsion_code,age_of_vehicle,generic_make_model,driver_imd_decile,lsoa_of_driver,escooter_flag,driver_distance_banding
202006A172260,2020,06A172260,2,9,0,9,9,5,3,0,0,8,0,0,0,0,4,1,6,6,1,26,6,1422,2,15,-1,2,E01005238,0,-1
2020010230596,2020,010230596,1,11,0,18,19,6,2,0,0,1,0,0,0,0,0,1,1,1,1,54,8,6692,2,10,-1,3,E01000977,0,-1
2020470937682,2020,470937682,1,9,0,18,19,8,4,0,0,0,0,0,7,11,1,1,6,6,1,80,11,1560,2,8,-1,7,E01021088,0,-1
2020122000556,2020,122000556,1,3,0,18,19,3,7,0,0,0,1,0,0,0,3,1,6,6,1,59,9,-1,-1,-1,-1,7,E01010641,0,-1
2020010231721,2020,010231721,2,11,0,3,3,3,7,0,0,0,0,0,0,0,4,1,1,1,1,59,9,6692,2,11,-1,4,E01015948,0,-1
2020470992746,2020,470992746,1,9,0,16,19,1,4,0,0,0,1,0,1,4,1,1,5,6,1,48,8,1796,1,17,-1,7,E01002579,0,-1
2020350983466,2020,350983466,1,9,0,9,9,3,7,0,0,8,0,0,0,0,1,1,5,6,1,20,4,2362,1,17,-1,3,E01015652,0,-1
2020010229073,2020,010229073,1,11,0,4,4,3,7,0,0,1,1,0,0,0,0,1,6,6,1,55,8,6692,2,10,-1,2,E01000154,0,-1
2020170M11910,2020,170M11910,2,8,0,18,19,2,6,0,0,8,0,0,0,0,1,1,1,1,1,40,7,1560,2,8,-1,1,E01012036,0,-1
2020010281871,2020,010281871,4,9,0,18,19,1,5,0,0,2,0,0,0,0,4,1,6,6,1,60,9,2143,2,9,-1,2,E01001081,0,-1
20201379F1479,2020,1379F1479,1,11,0,4,4,2,6,0,0,0,0,0,0,0,4,1,1,1,1,-1,-1,5900,2,14,-1,-1,-1,0,-1
2020010237020,2020,010237020,1,5,0,18,19,4,8,0,0,1,5,0,0,0,1,1,2,2,1,23,5,500,1,31,-1,10,E01030637,0,-1
2020010285654,2020,010285654,1,11,0,18,19,3,7,0,0,8,0,0,0,0,0,1,1,1,2,58,9,6692,2,10,-1,3,E01000977,0,-1
2020470970994,2020,470970994,1,97,0,4,4,3,7,0,0,0,1,0,0,0,3,1,5,6,1,53,8,2031,1,7,-1,9,E01031711,0,-1
2020010243043,2020,010243043,1,11,0,5,5,1,5,0,0,1,0,0,0,0,1,1,1,1,1,58,9,-1,3,1,-1,2,E01004669,0,-1
2020140974853,2020,140974853,2,9,0,18,19,2,6,0,0,0,0,0,0,0,1,1,6,6,1,40,7,1896,2,20,-1,8,E01011297,0,-1
2020420970429,2020,420970429,1,4,0,8,8,5,1,0,0,1,0,0,0,0,0,1,5,6,1,85,11,250,1,-1,-1,6,E01015881,0,-1
2020500975226,2020,500975226,2,2,0,18,19,5,1,0,0,0,0,0,0,0,4,1,6,6,1,36,7,49,1,17,-1,3,E01019042,0,-1
2020010245359,2020,010245359,1,9,0,18,19,1,5,9,9,0,1,0,1,0,1,1,6,6,1,27,6,1598,1,17,-1,7,E01000237,0,-1
2020460967792,2020,460967792,2,9,0,5,5,1,5,0,0,0,0,0,0,0,1,1,1,1,2,55,8,998,1,18,-1,3,E01016046,0,-1
2020522000222,2020,522000222,1,3,0,18,19,1,5,0,0,0,0,0,0,0,1,1,6,6,2,49,8,-1,-1,-1,-1,10,E01014415,0,-1
2020460977857,2020,460977857,2,9,0,18,19,1,3,0,0,0,0,0,0,0,4,1,5,6,1,51,8,6000,1,10,-1,5,E01016165,0,-1
2020010250210,2020,010250210,3,9,0,3,3,4,8,0,0,1,0,99,0,0,4,1,6,6,2,74,10,3199,1,18,-1,-1,-1,0,-1
2020010238634,2020,010238634,1,11,0,18,19,5,1,0,0,5,0,0,0,0,0,1,1,1,1,52,8,-1,3,2,-1,8,E01001949,0,-1
2020040976576,2020,040976576,1,90,0,4,4,5,1,0,0,0,2,0,1,10,1,1,5,6,1,55,8,349,1,8,-1,1,E01012678,0,-1
2020200947410,2020,200947410,1,9,0,8,8,7,1,0,0,1,0,0,0,0,2,1,6,6,1,31,6,1248,2,6,-1,5,E01009245,0,-1
2020410965974,2020,410965974,2,9,0,4,4,3,3,0,0,0,0,0,0,0,2,1,5,6,1,26,6,1598,1,18,-1,-1,-1,0,-1
2020010243791,2020,010243791,1,11,0,18,19,7,3,0,0,1,0,0,0,0,1,1,1,1,1,48,8,6692,2,11,-1,5,E01016015,0,-1
2020010272719,2020,010272719,1,11,0,9,9,3,8,0,0,8,0,0,0,0,1,1,1,1,2,58,9,-1,3,3,-1,4,E01003053,0,-1
2020052002449,2020,052002449,1,9,0,18,19,5,1,0,0,0,1,0,1,1,1,1,6,6,1,28,6,1600,1,27,-1,9,E01018571,0,-1
2020040980258,2020,040980258,1,9,0,18,19,7,3,0,0,0,1,0,5,2,4,1,6,6,1,22,5,1994,1,15,-1,2,E01024926,0,-1
2020010258379,2020,010258379,3,9,0,3,3,3,7,0,0,0,0,0,0,0,0,1,6,6,1,22,5,1590,1,30,-1,9,E01003418,0,-1
2020460950965,2020,460950965,2,5,0,4,4,8,4,0,0,0,0,0,0,0,1,1,5,6,1,67,10,998,1,-1,-1,6,E01024421,0,-1
2020010255581,2020,010255581,1,11,0,18,19,8,4,0,0,0,0,0,0,0,3,1,6,6,1,37,7,-1,3,1,-1,1,E01001554,0,-1
2020100953357,2020,100953357,1,11,0,5,5,3,5,0,0,0,0,0,0,0,4,1,1,1,1,28,6,6692,2,11,-1,8,E01027425,0,-1
2020010259391,2020,010259391,1,11,0,18,19,3,7,0,0,0,0,0,0,0,0,1,1,1,1,36,7,6692,2,11,-1,1,E01000105,0,-1
2020500954946,2020,500954946,1,9,0,18,19,3,7,0,0,0,0,0,0,0,4,1,5,6,1,70,10,3705,1,96,-1,2,E01018797,0,-1
2020460990995,2020,460990995,1,3,0,18,19,1,5,0,0,1,0,0,0,0,0,1,4,7,1,16,4,49,1,3,-1,7,E01024675,0,-1
2020320304016,2020,320304016,2,17,0,17,19,3,1,0,0,0,0,0,0,0,1,1,1,1,1,48,8,6800,2,5,-1,7,E01026412,0,-1
2020010254627,2020,010254627,1,11,0,17,19,3,7,0,0,3,0,0,0,0,0,1,1,1,1,66,10,6692,2,11,-1,9,E01002263,0,-1
2020010270467,2020,010270467,1,11,0,18,19,5,1,0,0,4,0,0,0,0,1,1,6,6,1,46,8,-1,3,2,-1,2,E01002075,0,-1
2020010272295,2020,010272295,1,11,0,4,4,1,5,3,2,3,0,0,0,0,0,1,1,1,1,43,7,6692,2,10,-1,6,E01001040,0,-1
2020010283304,2020,010283304,1,11,0,3,3,3,7,0,0,4,0,0,0,0,0,1,1,1,1,43,7,6692,2,10,-1,4,E01004128,0,-1
2020010273555,2020,010273555,1,11,0,18,19,3,7,0,0,0,1,0,0,0,1,1,6,6,1,57,9,6692,2,11,-1,5,E01021522,0,-1
2020010251395,2020,010251395,1,9,9,99,99,9,9,99,99,9,9,99,9,99,9,9,2,2,2,-1,-1,1984,1,12,-1,6,E01001138,0,-1
202063A058320,2020,63A058320,2,22,0,18,19,4,8,0,0,1,0,0,0,0,4,1,6,6,1,67,10,-1,3,6,-1,1,W01001924,0,-1
2020501001751,2020,501001751,1,9,0,18,19,3,7,0,0,0,0,0,0,0,0,1,1,1,2,55,8,1796,1,20,-1,3,E01018769,0,-1
2020990980802,2020,990980802,1,5,5,18,19,6,2,0,0,0,0,0,1,11,1,1,5,6,1,62,9,976,1,93,-1,6,-1,0,-1
2020421005214,2020,421005214,1,2,0,18,19,7,3,5,5,0,0,0,0,0,1,1,6,6,1,17,4,49,1,7,-1,7,E01015964,0,-1
2020470977558,2020,470977558,1,9,0,16,19,2,5,0,0,0,0,0,0,0,1,1,6,6,2,75,10,1176,1,86,-1,7,E01021088,0,-1
2020122001189,2020,122001189,2,4,0,13,13,1,5,0,0,0,0,0,7,0,1,1,6,6,1,52,8,150,1,35,-1,9,E01027644,0,-1
2020622000306,2020,622000306,1,11,0,18,19,8,4,2,2,0,0,0,0,0,1,1,1,1,1,33,6,3900,2,16,-1,7,W01001077,0,-1
2020200993999,2020,200993999,1,9,0,18,19,8,4,0,0,0,0,10,7,10,1,1,6,6,3,-1,-1,4398,1,18,-1,-1,-1,0,-1
2020010262987,2020,010262987,1,11,0,3,3,7,3,0,0,2,0,0,0,0,0,1,1,1,1,28,6,6692,2,10,-1,4,E01002103,0,-1
2020122000546,2020,122000546,1,19,0,18,19,8,4,0,0,0,0,0,0,0,0,1,6,6,1,58,9,-1,-1,-1,-1,1,E01011617,0,-1
20201371K0832,2020,1371K0832,1,8,0,18,19,4,8,0,0,8,0,0,0,0,4,1,1,1,1,54,8,1560,2,8,-1,8,E01011514,0,-1
2020500979312,2020,500979312,2,9,4,9,9,5,1,0,0,5,0,0,0,0,2,1,6,6,1,57,9,1997,2,68,-1,5,E01018817,0,-1
2020552000501,2020,552000501,1,9,0,18,19,7,3,0,0,0,1,0,2,2,3,1,6,6,2,66,10,1590,1,30,-1,10,E01015401,0,-1
2020370965669,2020,370965669,1,9,0,17,19,1,5,0,0,0,1,0,2,4,1,1,5,6,2,46,8,6200,1,5,-1,7,E01029901,0,-1
2020400986368,2020,400986368,1,9,0,17,19,5,3,0,0,0,1,11,5,6,1,1,5,6,1,53,8,1796,1,14,-1,4,E01017493,0,-1
2020450982854,2020,450982854,2,9,0,18,19,5,1,0,0,1,0,0,0,0,1,1,6,6,2,55,8,1388,1,17,-1,6,E01030371,0,-1
2020221013769,2020,221013769,1,2,0,2,2,0,0,0,0,0,0,0,0,0,2,1,5,6,1,16,4,49,1,5,-1,6,E01028852,0,-1
202031C008520,2020,31C008520,1,9,0,7,7,4,6,0,0,6,0,0,0,0,1,1,6,6,1,36,7,1298,1,9,-1,6,E01028076,0,-1
2020361014217,2020,361014217,1,9,0,18,19,2,4,0,0,4,0,0,0,0,3,1,6,6,2,48,8,1298,1,11,-1,1,E01026848,0,-1
2020140971627,2020,140971627,1,9,0,5,5,3,7,0,0,0,0,0,0,0,2,1,5,6,1,79,11,1298,1,13,-1,2,E01007482,0,-1
2020010264197,2020,010264197,1,9,0,99,99,9,9,99,99,1,9,99,9,99,2,9,6,6,1,32,6,1298,1,13,-1,2,E01000007,0,-1
2020010253963,2020,010253963,2,9,0,99,99,9,9,99,99,9,9,99,9,99,9,9,6,6,3,56,9,1298,1,10,-1,6,E01002331,0,-1
2020137770618,2020,137770618,1,9,0,9,9,6,4,0,0,5,5,0,0,10,1,1,6,6,1,90,11,1298,1,11,-1,4,E01011823,0,-1
2020010268969,2020,010268969,2,9,0,99,99,9,9,99,99,9,9,99,9,99,0,9,6,6,1,58,9,1298,1,13,-1,4,E01003621,0,-1
2020420963723,2020,420963723,1,9,0,13,13,1,5,0,0,0,0,0,0,0,4,1,5,6,1,38,7,1468,1,16,-1,3,E01021427,0,-1
2020500920977,2020,500920977,2,5,0,18,19,3,7,0,0,1,0,0,0,0,1,1,5,6,1,70,10,411,1,2,-1,9,E01033233,0,-1
20201378U1264,2020,1378U1264,1,4,0,18,19,1,5,0,0,0,0,0,0,0,1,1,6,6,1,54,8,411,1,2,-1,1,E01010606,0,-1
2020450949471,2020,450949471,2,4,0,18,19,2,6,0,0,1,0,0,0,0,1,1,5,6,1,66,10,411,1,1,-1,5,E01030946,0,-1
2020360944738,2020,360944738,1,4,0,18,19,6,2,0,0,0,0,0,0,0,1,1,5,6,1,62,9,411,1,1,-1,6,E01026498,0,-1
2020500936186,2020,500936186,2,4,0,18,19,1,5,0,0,8,0,0,0,0,1,1,5,6,1,74,10,411,1,2,-1,5,E01020143,0,-1
2020451009813,2020,451009813,1,3,0,5,5,1,5,0,0,4,0,0,0,0,4,1,4,7,1,17,4,124,1,6,-1,8,E01030860,0,-1
2020052001669,2020,052001669,2,3,0,9,9,1,5,0,0,8,0,0,0,0,1,1,6,6,1,30,6,124,1,8,-1,2,E01006956,0,-1
2020201022030,2020,201022030,1,3,0,18,19,4,8,0,0,8,0,0,0,0,2,1,6,6,1,25,5,124,1,8,-1,3,E01010085,0,-1
2020100974283,2020,100974283,1,3,0,4,4,7,3,0,0,0,2,0,0,0,0,1,2,2,1,44,7,124,1,7,-1,-1,-1,0,-1
2020420925850,2020,420925850,2,5,0,18,19,1,5,0,0,0,0,0,0,0,3,1,5,6,1,65,9,1200,1,3,TRIUMPH BONNEVILLE,7,E01015969,0,-1
2020360981281,2020,360981281,1,5,0,18,19,3,7,0,0,2,0,0,0,0,1,1,5,6,1,42,7,1200,1,2,TRIUMPH BONNEVILLE,6,E01026437,0,-1
2020360952350,2020,360952350,1,5,0,18,19,5,1,0,0,0,5,0,1,0,2,1,6,6,1,81,11,900,1,3,TRIUMPH BONNEVILLE,6,E01026629,0,-1
2020122000697,2020,122000697,3,5,0,18,19,1,5,0,0,1,1,0,0,0,1,1,6,6,1,83,11,865,1,4,TRIUMPH BONNEVILLE,9,E01012147,0,-1
2020122000204,2020,122000204,2,5,0,18,19,1,5,0,0,1,1,0,0,0,1,1,6,6,1,53,8,790,1,16,TRIUMPH BONNEVILLE,6,E01027701,0,-1
2020470961958,2020,470961958,2,3,0,9,9,2,8,0,0,2,0,0,0,0,3,1,6,6,1,61,9,900,1,2,-1,6,E01016878,0,-1
2020450941841,2020,450941841,1,5,0,17,19,1,5,0,0,2,2,0,1,0,1,1,5,6,1,34,6,1200,1,3,TRIUMPH BONNEVILLE,5,E01003863,0,-1
2020622000688,2020,622000688,1,5,0,18,19,4,8,0,0,0,1,0,0,0,0,1,6,6,1,62,9,865,1,6,TRIUMPH BONNEVILLE,5,E01020332,0,-1
2020450945625,2020,450945625,2,5,0,18,19,6,2,0,0,1,5,0,1,7,1,1,5,6,1,44,7,1200,1,1,TRIUMPH BONNEVILLE,5,E01030750,0,-1
2020010231734,2020,010231734,1,5,0,18,19,3,7,0,0,1,0,0,0,0,1,1,6,6,1,29,6,865,1,9,TRIUMPH BONNEVILLE,3,E01003091,0,-1
2020500993341,2020,500993341,2,5,0,13,13,4,8,0,0,0,0,0,0,0,4,1,5,6,1,78,11,900,1,4,TRIUMPH BONNEVILLE,9,E01020125,0,-1
2020520100827,2020,520100827,2,4,0,17,19,6,2,0,0,0,1,0,0,0,2,1,6,6,1,69,10,1200,1,2,-1,4,E01029337,0,-1
2020010273949,2020,010273949,1,5,0,99,99,9,9,0,0,3,9,99,9,99,9,1,6,6,2,59,9,900,1,2,TRIUMPH BONNEVILLE,8,E01030527,0,-1
2020461014105,2020,461014105,1,5,0,18,19,5,1,0,0,0,1,12,0,0,3,1,1,1,1,57,9,790,1,16,TRIUMPH BONNEVILLE,6,E01023980,0,-1
2020470977236,2020,470977236,1,5,0,17,19,8,4,0,0,0,0,0,0,0,3,1,5,6,2,38,7,900,1,0,TRIUMPH BONNEVILLE,6,E01021213,0,-1
2020010263530,2020,010263530,1,5,0,18,19,1,5,0,0,1,0,0,0,0,0,1,6,6,1,46,8,865,1,13,TRIUMPH BONNEVILLE,5,E01001737,0,-1
2020010256116,2020,010256116,2,5,0,18,19,5,1,0,0,8,0,0,0,0,1,1,6,6,1,39,7,900,1,1,TRIUMPH BONNEVILLE,1,E01001426,0,-1
2020460988627,2020,460988627,2,5,0,18,19,6,7,0,0,8,0,0,0,0,1,1,6,6,1,88,11,900,1,0,TRIUMPH BONNEVILLE,4,E01024384,0,-1
2020990974749,2020,990974749,1,5,0,18,19,5,1,0,0,0,1,0,7,0,1,1,5,6,1,61,9,1200,1,2,TRIUMPH BONNEVILLE,10,-1,0,-1
2020610026720,2020,610026720,1,5,0,13,13,4,8,0,0,0,1,10,0,0,3,1,6,6,1,64,9,865,1,6,TRIUMPH BONNEVILLE,5,E01032295,0,-1
2020470956342,2020,470956342,2,3,0,17,19,6,3,0,0,0,0,0,0,0,1,1,6,6,1,57,9,1200,1,2,-1,4,E01024231,0,-1
2020010236657,2020,010236657,1,3,0,18,19,1,5,0,0,1,1,0,0,0,3,1,6,6,1,33,6,865,1,13,-1,10,E01021078,0,-1
2020010274549,2020,010274549,2,5,0,3,3,7,3,0,0,0,0,0,0,0,2,1,6,6,1,58,9,1200,1,0,TRIUMPH BONNEVILLE,3,E01015819,0,-1
2020160985489,2020,160985489,1,5,0,18,19,4,8,0,0,0,5,0,7,0,1,1,5,6,1,59,9,900,1,3,TRIUMPH BONNEVILLE,6,E01007521,0,-1
2020030983235,2020,030983235,1,5,0,17,19,1,6,0,0,0,0,0,1,10,1,1,5,6,1,58,9,865,1,4,TRIUMPH BONNEVILLE,2,E01019294,0,-1
2020622000455,2020,622000455,1,5,0,14,14,1,5,0,0,1,1,4,7,0,4,1,2,2,1,61,9,1200,1,2,TRIUMPH BONNEVILLE,2,W01001237,0,-1
2020340D04512,2020,340D04512,3,5,0,2,2,0,0,0,0,0,0,0,0,0,1,1,6,6,3,-1,-1,1200,1,3,TRIUMPH BONNEVILLE,-1,-1,0,-1
2020010272507,2020,010272507,1,5,0,99,99,9,9,99,99,9,9,99,9,99,9,1,6,6,1,47,8,865,1,6,TRIUMPH BONNEVILLE,7,E01001610,0,-1
2020010235712,2020,010235712,1,5,0,99,99,9,9,99,99,9,9,99,9,99,2,1,6,6,1,35,6,900,1,3,TRIUMPH BONNEVILLE,6,E01004583,0,-1
2020030982268,2020,030982268,1,5,0,7,7,1,3,0,0,1,1,0,0,0,0,1,5,6,1,57,9,865,1,13,TRIUMPH BONNEVILLE,3,E01019211,0,-1
2020010280978,2020,010280978,1,5,0,99,99,9,9,99,99,9,9,99,9,99,1,1,2,2,1,45,7,865,1,11,TRIUMPH BONNEVILLE,3,E01001391,0,-1
2020010282140,2020,010282140,1,4,0,18,19,5,1,0,0,1,0,0,0,0,0,1,6,6,1,35,6,865,1,16,-1,9,E01003360,0,-1
2020470982374,2020,470982374,2,5,0,18,19,2,6,0,0,0,0,0,0,0,2,1,5,6,1,59,9,1200,1,4,TRIUMPH BONNEVILLE,3,E01031451,0,-1
2020522005081,2020,522005081,2,5,0,14,14,7,3,0,0,0,0,0,0,0,1,1,6,6,1,66,10,1200,1,1,TRIUMPH BONNEVILLE,7,E01014783,0,-1
2020470959930,2020,470959930,2,3,0,18,19,2,6,0,0,1,0,0,0,0,1,1,5,6,1,83,11,1200,1,3,-1,8,E01016956,0,-1
2020500946955,2020,500946955,1,5,0,17,19,1,5,0,0,0,2,0,1,9,1,1,5,6,1,51,8,1200,1,1,TRIUMPH BONNEVILLE,4,E01018891,0,-1
2020010241197,2020,010241197,1,5,0,99,99,9,9,99,99,9,9,99,9,99,2,-1,6,6,1,42,7,900,1,2,TRIUMPH BONNEVILLE,4,E01032773,0,-1
2020440228441,2020,440228441,1,5,0,18,19,6,2,0,0,8,0,0,0,0,3,1,2,2,1,22,5,900,1,1,TRIUMPH BONNEVILLE,10,E01022770,0,-1
2020010281170,2020,010281170,1,5,0,18,19,1,5,0,0,8,0,0,0,0,1,1,4,7,1,52,8,865,1,8,TRIUMPH BONNEVILLE,9,E01031588,0,-1
2020010235975,2020,010235975,2,5,0,18,19,8,4,0,0,0,0,10,0,0,3,1,6,6,1,34,6,865,1,5,TRIUMPH BONNEVILLE,3,E01024567,0,-1
2020420920397,2020,420920397,1,5,0,18,19,8,4,0,0,1,0,0,1,0,1,1,5,6,1,49,8,865,1,8,TRIUMPH BONNEVILLE,6,E01021733,0,-1
2020070222810,2020,070222810,1,5,0,18,19,4,8,0,0,2,0,0,0,0,0,1,6,6,1,53,8,790,1,14,TRIUMPH BONNEVILLE,3,E01012458,0,-1
2020100914975,2020,100914975,1,4,0,13,13,5,1,0,0,0,0,0,0,0,0,1,6,6,1,60,9,900,1,1,-1,-1,-1,0,-1
2020350987070,2020,350987070,2,5,0,18,19,5,1,0,0,1,0,0,0,0,1,1,6,6,1,76,11,790,1,17,TRIUMPH BONNEVILLE,8,E01026289,0,-1
2020552000738,2020,552000738,2,5,0,13,13,2,6,0,0,8,0,0,7,10,1,1,6,6,1,55,8,865,1,11,TRIUMPH BONNEVILLE,-1,-1,0,-1
2020470957415,2020,470957415,2,5,0,11,11,6,4,0,0,3,0,0,0,0,4,1,5,6,1,58,9,1200,1,0,TRIUMPH BONNEVILLE,7,E01031633,0,-1
2020360966189,2020,360966189,2,3,0,18,19,5,1,0,0,1,0,0,0,0,1,1,2,2,1,27,6,865,1,5,-1,2,E01026821,0,-1
2020420943192,2020,420943192,1,5,0,16,19,4,6,0,0,0,1,0,0,0,1,1,2,2,1,34,6,865,1,6,TRIUMPH BONNEVILLE,6,E01015881,0,-1
2020450935125,2020,450935125,1,5,0,18,19,3,7,0,0,0,0,0,0,0,1,1,5,6,1,29,6,1200,1,4,TRIUMPH BONNEVILLE,5,E01030725,0,-1
2020010231721,2020,010231721,3,5,0,15,15,3,7,0,0,0,0,4,0,0,1,1,2,2,1,40,7,865,1,7,TRIUMPH BONNEVILLE,5,E01002245,0,-1
2020122000708,2020,122000708,1,5,0,13,13,7,3,0,0,0,0,0,0,0,1,1,6,6,2,25,5,900,1,3,TRIUMPH BONNEVILLE,3,E01027833,0,-1
2020010228796,2020,010228796,2,5,5,15,15,1,5,0,0,0,5,0,0,0,1,1,6,6,1,31,6,865,1,15,TRIUMPH BONNEVILLE,4,E01004495,0,-1
2020110963495,2020,110963495,1,5,0,18,19,7,3,0,0,1,0,0,0,0,1,1,5,6,1,53,8,1200,1,2,TRIUMPH BONNEVILLE,4,E01020754,0,-1
2020622001085,2020,622001085,1,5,0,18,19,4,8,0,0,1,0,0,0,0,1,1,6,6,1,64,9,1200,1,1,TRIUMPH BONNEVILLE,7,W01001017,0,-1
2020010231539,2020,010231539,1,5,0,14,14,3,7,0,0,1,1,0,0,0,1,-1,1,1,1,33,6,865,1,5,TRIUMPH BONNEVILLE,-1,-1,0,-1
2020220923743,2020,220923743,1,3,0,17,19,5,2,0,0,1,0,10,0,0,4,1,5,6,1,50,8,1200,1,4,-1,7,E01032344,0,-1
2020100980102,2020,100980102,2,5,0,18,19,5,1,0,0,0,0,0,0,0,3,1,5,6,1,64,9,865,1,4,TRIUMPH BONNEVILLE,8,E01025743,0,-1
2020200931021,2020,200931021,1,5,0,18,19,1,6,0,0,8,0,0,0,0,4,1,2,2,2,45,7,900,1,4,TRIUMPH BONNEVILLE,3,E01009619,0,-1
2020010268688,2020,010268688,2,5,0,18,19,1,5,0,0,1,0,0,0,0,1,1,6,6,1,46,8,900,1,4,TRIUMPH BONNEVILLE,3,E01004342,0,-1
2020200947015,2020,200947015,1,9,0,3,3,-1,-1,0,0,0,0,0,0,0,2,1,6,6,1,44,7,1968,2,1,-1,5,E01009244,0,-1
2020350981969,2020,350981969,1,19,0,18,19,3,7,0,0,2,0,0,0,0,1,1,5,6,1,62,9,1598,2,6,-1,5,E01026249,0,-1
2020160985360,2020,160985360,2,9,0,18,19,3,7,0,0,1,5,0,0,0,1,1,1,1,2,68,10,1968,2,1,-1,7,E01013046,0,-1
20201371A1166,2020,1371A1166,1,19,0,9,9,5,3,0,0,1,0,0,0,0,2,1,1,1,1,23,5,1598,2,6,-1,3,E01010571,0,-1
2020230985796,2020,230985796,1,9,0,18,19,4,8,0,0,1,0,0,0,0,1,1,3,7,2,58,9,1968,2,1,-1,9,E01031315,0,-1
2020470980327,2020,470980327,1,19,0,18,19,7,4,0,0,4,0,0,0,0,3,1,5,6,1,65,9,1598,2,7,-1,2,E01021179,0,-1
2020200936154,2020,200936154,2,9,0,18,19,-1,-1,0,0,0,0,0,0,0,3,1,6,6,1,47,8,1968,2,1,-1,1,E01010481,0,-1
2020010268097,2020,010268097,2,9,0,99,99,9,9,99,99,9,9,99,9,99,0,9,6,6,3,-1,-1,1968,2,0,-1,-1,-1,0,-1
2020070365770,2020,070365770,1,19,0,17,19,7,3,0,0,8,0,0,0,0,3,1,1,1,1,31,6,1395,1,3,-1,8,E01032463,0,-1
2020010249954,2020,010249954,1,9,0,5,5,3,7,0,0,3,0,0,0,0,1,1,6,6,2,45,7,1968,2,1,-1,1,E01002280,0,-1
2020420997022,2020,420997022,3,19,0,4,4,5,1,0,0,0,0,0,0,0,2,1,1,1,1,40,7,1598,2,5,-1,9,E01021736,0,-1
2020340S08462,2020,340S08462,2,9,0,18,19,6,2,0,0,6,0,0,0,0,1,1,1,1,1,60,9,1968,2,1,-1,10,E01016622,0,-1
2020340N06192,2020,340N06192,1,9,0,7,7,3,5,0,0,1,0,0,0,0,0,1,3,7,2,44,7,1968,2,1,-1,8,E01027141,0,-1
2020501041533,2020,501041533,1,9,0,15,15,1,5,0,0,0,0,0,0,0,0,1,5,6,1,54,8,2861,1,25,-1,7,E01015036,0,-1
2020420956833,2020,420956833,1,3,0,4,4,5,7,0,0,0,2,0,0,0,1,1,5,6,1,22,5,-1,-1,-1,-1,1,E01015880,0,-1
2020140952567,2020,140952567,1,3,0,9,9,3,1,0,0,1,1,0,1,0,4,1,6,6,1,29,6,-1,-1,-1,-1,1,E01008008,0,-1
2020460922152,2020,460922152,2,3,0,18,19,1,5,0,0,8,0,0,0,0,1,1,5,6,1,21,5,-1,-1,-1,-1,6,E01024848,0,-1
2020160966876,2020,160966876,1,3,0,18,19,6,2,0,0,0,1,0,0,0,0,1,2,2,1,34,6,-1,-1,-1,-1,-1,-1,0,-1
2020140938742,2020,140938742,1,97,0,18,19,8,5,0,0,0,0,0,0,0,2,1,6,6,1,16,4,49,1,1,-1,3,E01008093,0,-1
202063D037820,2020,63D037820,1,4,0,16,19,2,6,0,0,0,1,0,0,0,0,1,6,6,1,52,8,1199,1,8,-1,7,E01000218,0,-1
2020100967296,2020,100967296,1,5,0,13,13,5,1,0,0,1,0,0,0,0,1,1,5,6,1,44,7,1199,1,8,-1,4,E01008226,0,-1
2020211020087,2020,211020087,2,5,0,18,19,2,6,0,0,0,0,0,1,0,1,1,6,6,2,30,6,1199,1,6,-1,5,E01029345,0,-1
2020450997951,2020,450997951,2,5,0,18,19,5,1,0,0,0,2,0,0,0,1,1,1,1,1,50,8,1199,1,10,-1,9,E01022857,0,-1
2020220993795,2020,220993795,1,5,0,18,19,3,7,0,0,4,0,0,0,0,3,1,5,6,1,65,9,1854,1,11,-1,2,E01009758,0,-1
2020500975722,2020,500975722,1,5,0,13,13,8,4,0,0,1,0,0,0,0,1,1,6,6,1,50,8,1130,1,19,-1,9,E01019017,0,-1
2020220971833,2020,220971833,3,5,0,4,4,5,1,0,0,1,0,0,0,0,1,1,5,6,1,68,10,1130,1,16,-1,9,E01028911,0,-1
2020522001928,2020,522001928,2,4,0,18,19,1,5,0,0,8,0,0,0,0,1,1,6,6,1,45,7,1203,1,14,-1,-1,-1,0,-1
2020991004875,2020,991004875,1,9,0,14,14,5,1,0,0,0,0,0,0,0,1,1,2,2,1,42,7,1998,1,11,-1,3,-1,0,-1
2020350987880,2020,350987880,1,9,0,5,5,8,4,0,0,0,0,0,0,0,1,1,3,7,2,38,7,1968,2,11,-1,10,E01018240,0,-1