collision_index,collision_year,collision_ref_no,vehicle_reference,vehicle_type,towing_and_articulation,vehicle_manoeuvre_historic,vehicle_manoeuvre,vehicle_direction_from,vehicle_direction_to,vehicle_location_restricted_lane_historic,vehicle_location_restricted_lane,junction_location,skidding_and_overturning,hit_object_in_carriageway,vehicle_leaving_carriageway,hit_object_off_carriageway,first_point_of_impact,vehicle_left_hand_drive,journey_purpose_of_driver_historic,journey_purpose_of_driver,sex_of_driver,age_of_driver,age_band_of_driver,engine_capacity_cc,propulsion_code,age_of_vehicle,generic_make_model,driver_imd_decile,lsoa_of_driver,escooter_flag,driver_distance_banding
2020990998725,2020,990998725,1,9,0,5,5,5,1,0,0,8,0,4,3,0,1,1,6,6,1,40,7,1998,1,11,-1,-1,-1,0,-1
202006K275609,2020,06K275609,2,9,0,9,9,2,8,0,0,6,0,0,0,0,1,1,6,6,2,41,7,1200,1,1,CITROEN C5,3,E01004772,0,-1
2020470980240,2020,470980240,2,9,0,18,19,7,3,0,0,0,0,0,0,0,2,1,5,6,2,44,7,1200,1,0,CITROEN C5,7,E01021088,0,-1
2020320641506,2020,320641506,1,9,0,18,19,2,6,0,0,0,1,0,7,4,1,1,6,6,1,30,6,2179,2,18,CITROEN C5,10,E01028315,0,-1
2020420961849,2020,420961849,2,9,0,3,3,8,4,0,0,2,0,0,0,0,2,1,5,6,1,49,8,1200,1,1,CITROEN C5,9,E01022063,0,-1
2020360921454,2020,360921454,1,9,0,16,19,4,8,0,0,0,0,0,7,4,1,1,5,6,1,43,7,1997,2,11,CITROEN C5,8,E01026542,0,-1
2020990990369,2020,990990369,1,9,0,9,9,4,1,0,0,6,0,0,0,0,3,1,5,6,1,73,10,1997,2,10,CITROEN C5,9,-1,0,-1
2020010253761,2020,010253761,1,9,0,10,10,3,8,0,0,2,0,0,0,0,1,2,6,6,1,23,5,2179,2,18,CITROEN C5,2,E01000086,0,-1
2020201005048,2020,201005048,2,9,0,4,4,4,8,0,0,1,0,0,0,0,4,1,6,6,1,71,10,1997,2,12,CITROEN C5,1,E01009299,0,-1
2020470967544,2020,470967544,2,9,0,18,19,4,7,0,0,0,0,0,0,0,3,1,6,6,1,57,9,1499,2,1,CITROEN C5,8,E01031838,0,-1
2020100915462,2020,100915462,1,9,0,1,1,8,4,0,0,0,0,0,0,0,2,1,6,6,1,69,10,1200,1,1,CITROEN C5,1,E01008703,0,-1
2020450951617,2020,450951617,1,9,0,18,19,5,1,0,0,0,0,0,0,0,1,1,1,1,1,55,8,1997,2,12,CITROEN C5,5,E01002692,0,-1
202006F273453,2020,06F273453,1,9,0,18,19,8,4,9,9,0,0,10,1,1,1,1,6,6,1,21,5,1598,1,1,CITROEN C5,2,E01005721,0,-1
2020140938883,2020,140938883,7,9,0,18,19,3,7,0,0,0,0,0,0,0,2,1,2,2,1,48,8,1997,2,12,CITROEN C5,6,E01019545,0,-1
2020360959923,2020,360959923,2,9,0,9,9,4,2,0,0,0,0,0,7,0,3,1,1,1,1,64,9,1997,2,12,CITROEN C5,5,E01026647,0,-1
2020302001639,2020,302001639,1,9,0,17,19,2,6,0,0,0,0,0,1,0,1,1,6,6,1,47,8,1997,2,15,CITROEN C5,4,E01019573,0,-1
2020170S11290,2020,170S11290,1,9,0,11,11,8,4,0,0,0,0,0,0,0,4,1,6,6,1,-1,-1,1598,1,1,CITROEN C5,-1,-1,0,-1
2020610026220,2020,610026220,2,9,0,18,19,5,1,0,0,1,0,0,0,0,1,1,6,6,2,35,6,1200,1,1,CITROEN C5,8,W01001382,0,-1
2020320408867,2020,320408867,2,9,0,9,9,7,3,0,0,0,0,0,0,0,3,1,6,6,1,91,11,1200,1,0,CITROEN C5,1,E01026115,0,-1
2020360935637,2020,360935637,1,9,0,18,19,3,7,0,0,0,0,0,0,0,1,1,2,2,1,54,8,1997,2,16,CITROEN C5,1,E01026832,0,-1
2020200964305,2020,200964305,2,9,0,2,2,0,0,0,0,0,0,0,0,0,1,1,6,6,1,30,6,1749,1,16,CITROEN C5,2,E01010279,0,-1
202006A278548,2020,06A278548,1,9,0,18,19,6,2,0,0,0,0,0,0,0,2,1,6,6,2,36,7,1499,2,0,CITROEN C5,1,E01005205,0,-1
2020500981946,2020,500981946,2,9,0,18,19,8,4,0,0,0,0,0,0,0,1,1,6,6,1,51,8,1200,1,1,CITROEN C5,1,E01015267,0,-1
2020460965042,2020,460965042,2,9,0,18,19,5,1,0,0,0,0,0,0,0,0,1,6,6,1,65,9,1997,2,10,CITROEN C5,5,E01023998,0,-1
2020200947698,2020,200947698,1,9,0,9,9,4,2,0,0,5,0,0,0,0,1,1,1,1,1,52,8,1560,2,11,CITROEN C5,7,E01028835,0,-1
2020040947182,2020,040947182,1,9,0,18,19,5,1,0,0,0,1,0,0,0,1,1,6,6,3,-1,-1,1997,2,9,CITROEN C5,-1,-1,0,-1
2020990937772,2020,990937772,1,9,0,2,2,0,0,8,6,0,0,0,0,0,2,1,5,6,2,45,7,1598,1,1,CITROEN C5,3,-1,0,-1
2020350936939,2020,350936939,2,9,0,3,3,4,8,0,0,4,0,0,0,0,-1,1,2,2,1,55,8,1598,1,1,CITROEN C5,3,E01018087,0,-1
2020010234845,2020,010234845,1,9,0,18,19,1,5,0,0,2,0,0,0,0,2,1,1,1,1,32,6,1200,1,1,CITROEN C5,2,E01033726,0,-1
2020100967058,2020,100967058,2,9,0,18,19,5,5,0,0,0,0,0,0,0,2,1,5,6,1,75,10,1499,2,1,CITROEN C5,8,E01008249,0,-1
2020552000659,2020,552000659,2,9,0,2,2,0,0,0,0,0,0,0,1,11,2,1,6,6,3,-1,-1,1598,1,11,CITROEN C5,-1,-1,0,-1
2020100986542,2020,100986542,1,9,0,18,19,2,6,0,0,0,0,0,0,0,1,1,6,6,1,30,6,1997,2,12,CITROEN C5,2,E01008688,0,-1
2020460958145,2020,460958145,1,9,0,18,19,5,1,0,0,0,5,4,0,0,3,1,5,6,2,75,10,1560,2,9,CITROEN C5,9,E01016105,0,-1
2020320369909,2020,320369909,1,9,0,1,1,4,6,0,0,2,0,0,0,0,0,1,6,6,1,40,7,1997,2,11,CITROEN C5,2,E01026006,0,-1
2020440475107,2020,440475107,1,9,0,18,19,8,4,0,0,6,0,4,0,0,0,1,1,1,1,75,10,1560,2,8,CITROEN C5,3,E01017184,0,-1
2020400962272,2020,400962272,1,9,0,18,19,1,5,0,0,0,0,0,0,0,3,1,5,6,1,46,8,1997,2,12,CITROEN C5,6,E01023934,0,-1
202031C174020,2020,31C174020,1,9,0,9,9,3,1,0,0,6,0,0,0,0,3,1,6,6,1,78,11,1200,1,0,CITROEN C5,2,E01013852,0,-1
2020220927200,2020,220927200,1,9,0,18,19,2,6,0,0,0,0,0,0,0,3,1,6,6,1,34,6,1997,2,12,CITROEN C5,-1,-1,0,-1
2020010286624,2020,010286624,2,9,0,18,19,3,7,0,0,8,0,0,0,0,3,1,6,6,1,59,9,1997,2,10,CITROEN C5,7,E01030410,0,-1
2020201020102,2020,201020102,1,9,0,18,19,6,2,0,0,8,0,0,0,0,1,1,6,6,1,-1,-1,1560,2,12,CITROEN C5,2,E01008984,0,-1
2020230919409,2020,230919409,1,9,0,9,9,2,7,0,0,6,0,0,0,0,3,1,5,6,1,26,6,1598,1,1,CITROEN C5,4,E01031165,0,-1
2020430040788,2020,430040788,1,9,0,9,9,6,4,0,0,4,0,0,0,0,1,1,2,2,1,50,8,1200,1,1,CITROEN C5,5,-1,0,-1
2020100915329,2020,100915329,1,9,0,18,19,7,3,0,0,0,0,0,0,0,1,1,6,6,1,76,11,1499,2,1,CITROEN C5,-1,-1,0,-1
2020552000514,2020,552000514,1,9,0,5,5,6,8,0,0,4,0,0,0,0,1,1,6,6,1,56,9,1997,1,18,CITROEN C5,4,E01015420,0,-1
2020520004223,2020,520004223,2,9,0,18,19,6,2,0,0,8,0,0,1,10,1,1,6,6,1,20,4,1997,2,13,CITROEN C5,5,E01029193,0,-1
2020302001475,2020,302001475,1,9,0,18,19,1,5,0,0,1,0,0,1,0,1,1,6,6,1,76,11,1499,2,0,CITROEN C5,5,E01019512,0,-1
2020430087587,2020,430087587,1,9,0,13,13,4,8,0,0,0,0,0,0,0,3,1,6,6,1,65,9,2179,2,19,CITROEN C5,6,E01028555,0,-1
2020450978745,2020,450978745,2,9,0,18,19,7,3,0,0,0,0,0,0,0,1,1,5,6,2,39,7,1560,2,11,CITROEN C5,-1,-1,0,-1
2020041004505,2020,041004505,1,9,0,18,19,1,5,0,0,0,0,0,0,0,1,1,5,6,1,17,4,1997,2,12,CITROEN C5,2,E01003540,0,-1
2020010243632,2020,010243632,1,9,0,9,9,6,4,0,0,1,0,0,0,0,3,2,6,6,1,58,9,1560,2,9,CITROEN C5,4,E01003166,0,-1
2020320028710,2020,320028710,1,8,0,18,19,5,1,0,0,1,0,0,0,0,3,1,6,6,2,44,7,1560,2,10,-1,4,E01026041,0,-1
2020451002727,2020,451002727,3,9,0,2,2,1,1,0,0,0,0,0,0,0,1,1,6,6,1,32,6,1200,1,1,CITROEN C5,9,E01030428,0,-1
2020440205350,2020,440205350,1,9,0,4,4,2,6,0,0,1,0,0,0,0,1,1,6,6,1,83,11,1598,1,1,CITROEN C5,10,E01022749,0,-1
2020010269376,2020,010269376,2,9,0,99,99,9,9,99,99,9,9,99,9,99,1,9,6,6,3,30,6,1997,2,10,CITROEN C5,3,E01000010,0,-1
2020990981444,2020,990981444,1,9,0,4,4,2,5,0,0,0,0,0,0,0,1,1,3,7,1,55,8,1200,1,0,CITROEN C5,7,-1,0,-1
2020220959892,2020,220959892,1,9,0,17,19,5,2,0,0,8,0,0,0,0,1,1,5,6,1,54,8,1997,2,11,CITROEN C5,4,E01028965,0,-1
20201371G0265,2020,1371G0265,1,8,0,14,14,5,1,0,0,0,0,0,0,0,1,1,3,7,1,41,7,1560,2,10,-1,1,E01010813,0,-1
2020990956588,2020,990956588,1,9,0,18,19,3,7,0,0,0,0,0,1,11,1,1,6,6,2,71,10,1499,2,1,CITROEN C5,6,-1,0,-1
2020360964319,2020,360964319,2,9,0,18,19,5,1,0,0,0,0,0,0,0,1,1,5,6,2,21,5,1560,2,11,CITROEN C5,3,E01029998,0,-1
2020031002101,2020,031002101,1,9,0,7,7,4,1,0,0,1,0,12,0,0,1,1,5,6,1,59,9,1499,2,1,CITROEN C5,3,E01019089,0,-1
2020010250298,2020,010250298,1,9,0,9,9,3,1,0,0,6,0,0,1,0,4,1,6,6,1,31,6,1598,1,1,CITROEN C5,3,E01001808,0,-1
2020361017691,2020,361017691,2,9,0,18,19,5,1,0,0,0,0,0,1,0,3,1,1,1,1,53,8,2179,2,15,CITROEN C5,10,E01026562,0,-1
2020340N03982,2020,340N03982,1,9,0,12,12,5,5,0,0,8,0,0,0,0,3,1,1,1,1,41,7,1200,1,1,CITROEN C5,-1,-1,0,-1
2020100978319,2020,100978319,2,9,0,2,2,0,0,0,0,0,0,0,0,0,2,1,5,6,2,40,7,1200,1,1,CITROEN C5,-1,-1,0,-1
2020100961137,2020,100961137,1,9,0,18,19,6,2,0,0,0,0,0,0,0,1,1,5,6,2,75,10,1997,2,9,CITROEN C5,5,E01008356,0,-1
2020220948345,2020,220948345,2,9,0,18,19,1,4,0,0,8,0,0,0,0,4,1,5,6,1,43,7,1499,2,0,CITROEN C5,8,E01032190,0,-1
2020100995468,2020,100995468,2,9,0,18,19,7,3,0,0,1,0,0,0,0,4,1,5,6,2,55,8,1997,2,12,CITROEN C5,9,E01033714,0,-1
202031A029620,2020,31A029620,1,9,0,9,9,5,4,0,0,6,0,0,0,0,0,1,6,6,1,61,9,1997,2,18,CITROEN C5,6,E01027997,0,-1
2020010262364,2020,010262364,1,9,0,99,99,9,9,99,99,9,9,99,9,99,1,9,6,6,3,53,8,1499,2,1,CITROEN C5,2,E01003595,0,-1
2020500942538,2020,500942538,1,9,0,5,5,1,5,0,0,0,0,0,0,0,1,1,6,6,2,57,9,1499,2,0,CITROEN C5,7,E01015065,0,-1
2020010265264,2020,010265264,2,9,9,99,99,9,9,99,99,9,9,99,9,99,9,9,6,6,3,-1,-1,1499,2,0,CITROEN C5,-1,-1,0,-1
202006A273544,2020,06A273544,1,9,0,18,19,4,8,0,0,1,0,0,0,0,1,1,6,6,1,30,6,1560,2,11,CITROEN C5,-1,-1,0,-1
2020440009201,2020,440009201,2,9,0,3,3,5,1,0,0,1,0,0,0,0,2,1,6,6,2,34,6,1200,1,1,CITROEN C5,10,E01022972,0,-1
202063A019020,2020,63A019020,2,9,0,18,19,8,4,0,0,1,0,0,0,0,4,1,1,1,1,37,7,1997,2,11,CITROEN C5,3,W01000732,0,-1
2020010283317,2020,010283317,2,9,0,18,19,6,2,0,0,3,0,0,0,0,1,1,6,6,1,40,7,1598,1,1,CITROEN C5,8,E01004131,0,-1
2020010261491,2020,010261491,1,9,0,9,9,3,1,0,0,8,0,0,0,0,3,1,6,6,1,51,8,5038,1,1,FORD MUSTANG,5,E01000629,0,-1
2020010236922,2020,010236922,2,9,0,18,19,5,1,0,0,4,0,0,0,0,0,1,6,6,1,30,6,5038,1,1,FORD MUSTANG,3,E01000032,0,-1
2020440326277,2020,440326277,1,9,0,18,19,2,6,0,0,0,0,0,1,0,4,1,6,6,1,48,8,4700,1,53,FORD MUSTANG,10,E01022606,0,-1
2020460948567,2020,460948567,2,9,0,10,10,2,8,0,0,1,0,0,7,0,3,1,5,6,1,55,8,4700,1,54,FORD MUSTANG,4,E01024190,0,-1
2020160948769,2020,160948769,3,9,0,18,19,8,4,0,0,0,0,11,0,0,2,1,6,6,1,56,9,2261,1,2,FORD MUSTANG,5,E01013082,0,-1
2020010237312,2020,010237312,1,9,0,18,19,5,1,2,2,1,1,10,1,5,1,1,6,6,1,28,6,5038,1,1,FORD MUSTANG,5,E01004601,0,-1
2020440419246,2020,440419246,1,9,0,17,19,6,3,0,0,0,0,0,1,4,1,1,6,6,2,36,7,4951,1,4,FORD MUSTANG,6,E01023063,0,-1
2020010253207,2020,010253207,1,9,0,9,9,5,3,0,0,1,0,0,0,0,1,1,6,6,2,29,6,4951,1,2,FORD MUSTANG,9,E01023557,0,-1
202031A160320,2020,31A160320,1,9,0,18,19,4,8,0,0,0,0,0,0,0,1,2,6,6,1,30,6,4951,1,2,FORD MUSTANG,2,E01027942,0,-1
2020471003811,2020,471003811,1,9,0,18,19,2,6,0,0,0,5,0,1,4,1,1,5,6,1,56,9,5038,1,1,FORD MUSTANG,8,E01032831,0,-1
2020200935675,2020,200935675,1,9,0,5,5,8,4,0,0,6,2,0,0,0,1,1,1,1,1,42,7,2261,1,0,FORD MUSTANG,4,E01029015,0,-1
2020420972125,2020,420972125,2,9,0,4,4,2,6,0,0,0,0,0,0,0,2,1,5,6,1,26,6,5000,1,6,FORD MUSTANG,6,E01021807,0,-1
2020440031274,2020,440031274,1,9,0,7,7,1,3,0,0,8,0,0,0,0,1,2,2,2,1,65,9,4951,1,3,FORD MUSTANG,6,E01023121,0,-1
2020101003570,2020,101003570,1,9,0,18,19,7,3,0,0,0,0,0,0,0,3,1,2,2,1,22,5,2261,1,1,FORD MUSTANG,9,E01033714,0,-1
2020421010599,2020,421010599,2,9,0,5,5,7,3,0,0,0,0,0,0,0,1,1,5,6,1,54,8,4951,1,3,FORD MUSTANG,6,E01021758,0,-1
2020990915343,2020,990915343,3,9,0,2,2,0,0,9,9,0,0,0,1,11,3,2,5,6,1,56,9,4600,1,13,FORD MUSTANG,6,-1,0,-1
2020041009655,2020,041009655,2,9,0,18,19,3,7,0,0,0,1,1,0,0,1,1,2,2,1,36,7,4951,1,2,FORD MUSTANG,3,E01025237,0,-1
2020360983860,2020,360983860,1,9,0,13,13,2,8,0,0,0,0,0,7,4,1,1,5,6,1,50,8,5038,1,0,FORD MUSTANG,4,E01026280,0,-1
2020010236973,2020,010236973,1,9,0,5,5,7,3,9,9,2,0,0,1,0,4,1,6,6,1,27,6,4951,1,5,FORD MUSTANG,2,E01004302,0,-1
2020052002454,2020,052002454,1,9,0,17,19,3,7,0,0,1,1,10,7,5,3,1,6,6,1,25,5,2261,1,3,FORD MUSTANG,10,W01000282,0,-1
2020450947144,2020,450947144,3,9,0,9,9,5,1,0,0,6,0,0,0,0,3,2,5,6,1,52,8,3300,1,56,FORD MUSTANG,8,E01030950,0,-1
2020170M10410,2020,170M10410,2,9,0,9,9,2,7,0,0,8,0,0,0,0,4,1,6,6,1,46,8,4951,1,4,FORD MUSTANG,1,E01012075,0,-1
2020440441440,2020,440441440,1,9,0,18,19,3,7,0,0,0,0,0,7,9,4,2,2,2,1,45,7,4600,1,14,FORD MUSTANG,9,E01023103,0,-1
2020420969996,2020,420969996,2,9,0,18,19,2,6,0,0,1,0,0,0,0,4,1,5,6,1,26,6,4951,1,2,FORD MUSTANG,4,E01021451,0,-1
2020200997079,2020,200997079,1,9,0,18,19,2,6,0,0,0,0,10,1,11,1,1,6,6,1,45,7,4951,1,2,FORD MUSTANG,1,E01010454,0,-1
2020010249476,2020,010249476,3,9,0,18,19,5,1,0,0,0,1,0,0,0,2,1,6,6,1,24,5,5038,1,2,FORD MUSTANG,8,E01030592,0,-1
2020520002633,2020,520002633,2,9,0,18,19,4,8,0,0,0,0,0,0,0,1,1,6,6,2,46,8,4951,1,4,FORD MUSTANG,-1,-1,0,-1
2020410945375,2020,410945375,2,9,0,18,19,3,8,0,0,0,0,0,0,0,1,1,5,6,1,30,6,5038,1,1,FORD MUSTANG,6,E01023632,0,-1
2020010263084,2020,010263084,2,5,0,18,19,5,1,0,0,3,0,0,0,0,1,1,6,6,1,59,9,1868,1,0,-1,10,E01023716,0,-1
2020350961658,2020,350961658,1,5,0,17,19,5,1,0,0,0,2,0,0,0,3,1,1,1,1,40,7,1084,1,1,-1,6,E01018101,0,-1
2020421010334,2020,421010334,2,5,0,18,19,1,5,0,0,8,0,0,0,0,1,1,6,6,1,64,9,1084,1,0,-1,6,E01015950,0,-1
2020010266355,2020,010266355,2,5,0,13,13,5,1,0,0,2,1,0,0,0,3,1,6,6,1,47,8,1084,1,1,-1,6,E01002170,0,-1
2020070123089,2020,070123089,2,4,0,9,9,3,1,0,0,8,0,0,0,0,3,1,3,7,1,36,7,249,1,4,-1,1,E01012533,0,-1
2020010263976,2020,010263976,1,3,0,18,19,1,5,0,0,0,0,4,0,0,1,1,6,6,1,19,4,249,1,4,-1,7,E01002197,0,-1
2020360971099,2020,360971099,3,17,4,18,19,2,6,0,0,0,0,0,0,0,1,1,1,1,1,57,9,6788,2,3,-1,5,E01026485,0,-1
2020440259926,2020,440259926,2,17,4,14,14,7,3,0,0,0,0,0,0,0,4,1,1,1,1,27,6,8984,2,6,-1,7,E01023185,0,-1
2020360974190,2020,360974190,4,17,5,18,19,8,4,0,0,0,0,0,0,0,0,1,1,1,1,31,6,-1,2,2,-1,3,E01018090,0,-1
2020170S41100,2020,170S41100,2,17,0,9,9,6,4,0,0,8,0,0,0,0,3,1,1,1,1,20,4,-1,2,9,-1,8,E01012235,0,-1
2020221001496,2020,221001496,2,17,4,5,5,2,6,0,0,6,0,0,0,0,0,1,1,1,1,56,9,8984,2,0,-1,7,E01028941,0,-1
2020610012220,2020,610012220,1,97,0,17,19,8,5,0,0,0,1,10,0,0,1,1,6,6,1,31,6,124,1,13,-1,1,W01001326,0,-1
2020420960245,2020,420960245,1,5,0,13,13,6,3,0,0,8,2,0,7,0,4,1,6,6,1,57,9,1352,1,9,MAKE AND MODEL REDACTED,8,E01021755,0,-1
2020440363582,2020,440363582,1,4,0,18,19,5,1,0,0,8,0,0,0,0,3,1,6,6,1,29,6,249,1,0,-1,6,E01032748,0,-1
2020010278038,2020,010278038,1,9,0,9,9,1,7,0,0,2,0,0,0,0,1,1,2,2,1,42,7,2987,2,3,-1,8,E01003417,0,-1
2020200979993,2020,200979993,1,9,0,17,19,6,3,0,0,0,0,4,2,4,1,1,6,6,1,43,7,2987,2,3,-1,1,E01009514,0,-1
2020460964279,2020,460964279,2,9,0,18,19,2,6,0,0,8,0,0,0,0,4,1,5,6,1,58,9,3721,1,8,-1,7,E01024433,0,-1
2020470930096,2020,470930096,1,9,0,18,19,4,8,0,0,0,0,0,1,11,1,1,1,1,1,34,6,-1,-1,-1,-1,2,E01003183,0,-1
2020140917939,2020,140917939,2,19,0,18,19,7,3,0,0,1,0,0,0,0,1,1,6,6,1,30,6,1461,2,16,-1,3,E01007963,0,-1
202031D056020,2020,31D056020,1,9,0,18,19,2,6,0,0,0,2,0,7,2,1,1,6,6,1,40,7,2600,1,24,-1,6,E01013838,0,-1
2020010264822,2020,010264822,2,9,0,7,7,5,8,0,0,3,0,0,0,0,1,1,6,6,1,57,9,49,1,8,-1,2,E01001776,0,-1
2020010230925,2020,010230925,1,11,0,16,19,6,2,0,0,0,0,0,0,0,1,1,6,6,1,48,8,4250,2,6,-1,4,E01030383,0,-1
2020320390827,2020,320390827,1,9,0,9,9,3,7,0,0,1,0,0,0,0,4,1,6,6,2,49,8,2179,2,12,-1,4,E01026278,0,-1
2020201005684,2020,201005684,1,9,0,18,19,2,4,0,0,3,0,0,0,0,1,1,6,6,2,44,7,2179,2,11,-1,3,E01032282,0,-1
2020470963386,2020,470963386,1,9,0,18,19,1,4,0,0,4,0,0,0,0,1,1,6,6,1,31,6,2179,2,12,-1,1,E01021136,0,-1
2020610042520,2020,610042520,1,9,0,5,5,8,6,0,0,2,0,0,0,0,4,1,6,6,1,43,7,2179,2,12,-1,-1,-1,0,-1
2020460931217,2020,460931217,1,9,0,7,7,7,3,0,0,6,0,11,0,0,1,1,6,6,1,22,5,1396,1,19,ROVER 25,1,E01024649,0,-1
2020220938454,2020,220938454,5,9,0,2,2,0,0,0,0,1,0,0,0,0,1,1,5,6,1,59,9,1396,1,20,ROVER 25,6,E01014095,0,-1
2020430068425,2020,430068425,1,9,0,16,19,3,5,0,0,0,0,0,0,0,1,1,3,7,2,71,10,1994,2,20,ROVER 25,9,E01028799,0,-1
2020200947024,2020,200947024,1,9,0,18,19,4,8,0,0,1,0,0,0,0,1,1,6,6,1,21,5,1396,1,15,ROVER 25,1,E01009310,0,-1
20201377I1604,2020,1377I1604,3,9,0,2,2,0,0,0,0,0,0,0,0,0,3,1,6,6,3,-1,-1,1994,2,17,ROVER 25,1,E01010680,0,-1
2020470999298,2020,470999298,1,9,0,16,19,4,1,0,0,8,0,0,0,0,1,1,2,2,1,46,8,1396,1,16,ROVER 25,10,E01016984,0,-1
202031C174020,2020,31C174020,2,9,0,18,19,1,5,0,0,8,0,0,0,0,1,1,6,6,1,22,5,1396,1,17,ROVER 25,5,E01019902,0,-1
202031C071920,2020,31C071920,4,9,0,2,2,0,0,0,0,0,0,0,0,0,3,1,6,6,3,-1,-1,1396,1,19,ROVER 25,-1,-1,0,-1
2020360987483,2020,360987483,1,9,5,18,19,7,3,0,0,0,1,0,7,0,1,1,1,1,2,28,6,1588,1,16,ROVER 25,3,E01026685,0,-1
2020360985414,2020,360985414,2,9,0,18,19,5,1,0,0,8,0,0,0,0,1,1,5,6,1,75,10,1588,1,16,ROVER 25,6,E01026778,0,-1
2020500976992,2020,500976992,1,9,0,18,19,1,3,0,0,1,0,0,0,0,1,1,6,6,1,67,10,1396,1,20,ROVER 25,6,E01019938,0,-1
2020471004206,2020,471004206,1,9,0,1,1,1,5,9,9,1,0,0,0,0,2,1,5,6,2,59,9,1396,1,18,ROVER 25,2,E01021014,0,-1
2020320145384,2020,320145384,1,9,0,18,19,1,5,0,0,0,0,0,1,9,0,1,6,6,1,17,4,1396,1,17,ROVER 25,6,E01026244,0,-1
2020200944548,2020,200944548,1,9,0,13,13,6,2,0,0,0,0,0,0,0,1,1,6,6,3,-1,-1,1396,1,18,ROVER 25,-1,-1,0,-1
2020530942406,2020,530942406,1,9,0,18,19,1,5,0,0,1,0,0,0,0,1,1,6,6,1,45,7,1994,2,16,ROVER 25,5,E01032391,0,-1
2020201021842,2020,201021842,2,9,0,10,10,8,6,0,0,8,0,0,0,0,0,1,6,6,1,20,4,1396,1,17,ROVER 25,1,E01009477,0,-1
2020100948129,2020,100948129,2,9,0,5,5,1,5,0,0,4,0,0,0,0,1,1,2,2,1,65,9,1796,1,19,ROVER 25,4,E01008582,0,-1
2020430185662,2020,430185662,1,9,0,18,19,2,6,0,0,6,0,0,0,0,1,1,6,6,1,52,8,1588,1,17,ROVER 25,9,E01025833,0,-1
2020200976515,2020,200976515,1,9,0,18,19,2,6,0,0,0,0,0,0,0,4,1,6,6,1,-1,-1,1396,1,16,ROVER 25,3,E01013629,0,-1
2020522004964,2020,522004964,1,9,0,18,19,4,8,0,0,1,1,0,0,0,1,1,6,6,1,83,11,1396,1,20,ROVER 25,6,E01014487,0,-1
2020010241249,2020,010241249,1,9,0,18,19,7,3,0,0,8,1,0,0,0,1,1,6,6,2,76,11,1396,1,14,ROVER 25,6,E01001284,0,-1
2020200922549,2020,200922549,2,9,0,3,3,8,4,0,0,0,0,0,0,0,2,1,5,6,2,51,8,1994,2,17,ROVER 25,1,E01009718,0,-1
2020360961904,2020,360961904,2,9,0,18,19,5,1,0,0,1,0,0,0,0,1,1,2,2,1,19,4,1396,1,17,ROVER 25,6,E01026451,0,-1
2020200994570,2020,200994570,2,9,0,9,9,1,5,0,0,0,0,0,0,0,1,1,6,6,1,54,8,1396,1,18,ROVER 25,2,E01008984,0,-1
2020320049231,2020,320049231,1,9,0,17,19,7,3,0,0,0,0,0,7,0,1,1,6,6,1,29,6,1588,1,16,ROVER 25,2,E01026175,0,-1
2020141006666,2020,141006666,1,9,0,18,19,3,7,0,0,0,0,0,0,0,1,1,1,1,1,30,6,1396,1,18,ROVER 25,7,E01008052,0,-1
2020100915491,2020,100915491,2,9,0,4,4,7,3,0,0,1,0,0,0,0,2,1,5,6,1,38,7,1118,1,27,-1,-1,-1,0,-1
2020470951655,2020,470951655,1,9,0,17,19,4,1,0,0,0,1,0,1,11,1,1,5,6,2,30,6,1118,1,26,-1,5,E01021109,0,-1
2020552100019,2020,552100019,1,9,0,18,19,6,2,0,0,0,0,0,0,0,1,1,6,6,2,93,11,1985,1,23,-1,8,E01020458,0,-1
2020110989389,2020,110989389,2,9,0,18,19,7,3,0,0,1,0,0,0,0,1,1,5,6,1,80,11,1985,1,23,-1,9,E01012335,0,-1
202063A009520,2020,63A009520,1,90,0,17,19,1,6,0,0,0,2,0,2,4,4,1,1,1,1,60,9,2800,2,3,-1,6,W01000716,0,-1
20201372H1129,2020,1372H1129,1,9,0,4,4,3,7,0,0,1,0,0,0,0,2,1,6,6,1,63,9,1498,1,2,SKODA KAROQ,3,E01024891,0,-1
2020200940626,2020,200940626,1,9,0,18,19,8,4,0,0,0,0,0,0,0,4,1,6,6,1,-1,-1,1968,2,1,SKODA KAROQ,-1,-1,0,-1
2020461002622,2020,461002622,3,8,0,18,19,2,6,0,0,1,0,0,0,0,3,1,6,6,1,68,10,1498,1,0,-1,6,E01022090,0,-1
20201373M0684,2020,1373M0684,2,9,0,9,9,7,3,0,0,8,0,0,0,0,3,1,6,6,2,41,7,1968,2,1,SKODA KAROQ,8,E01011276,0,-1
2020010231346,2020,010231346,2,9,0,2,2,0,0,9,9,0,0,0,0,0,4,1,6,6,3,-1,-1,999,1,2,SKODA KAROQ,-1,-1,0,-1