collision_index,collision_year,collision_ref_no,vehicle_reference,vehicle_type,towing_and_articulation,vehicle_manoeuvre_historic,vehicle_manoeuvre,vehicle_direction_from,vehicle_direction_to,vehicle_location_restricted_lane_historic,vehicle_location_restricted_lane,junction_location,skidding_and_overturning,hit_object_in_carriageway,vehicle_leaving_carriageway,hit_object_off_carriageway,first_point_of_impact,vehicle_left_hand_drive,journey_purpose_of_driver_historic,journey_purpose_of_driver,sex_of_driver,age_of_driver,age_band_of_driver,engine_capacity_cc,propulsion_code,age_of_vehicle,generic_make_model,driver_imd_decile,lsoa_of_driver,escooter_flag,driver_distance_banding
2020471000752,2020,471000752,1,9,0,1,1,7,3,0,0,6,0,0,0,0,2,1,5,6,1,87,11,1498,1,0,SKODA KAROQ,9,E01031590,0,-1
2020137410992,2020,137410992,2,9,0,18,19,7,3,0,0,1,0,0,0,0,1,1,1,1,1,52,8,1968,2,0,SKODA KAROQ,-1,-1,0,-1
2020010277292,2020,010277292,1,9,0,6,6,3,3,0,0,1,0,0,0,0,3,1,6,6,2,22,5,1498,1,2,SKODA KAROQ,4,E01000170,0,-1
2020990995651,2020,990995651,1,9,0,9,9,6,4,0,0,6,0,0,0,0,1,1,6,6,1,62,9,1968,2,1,SKODA KAROQ,1,-1,0,-1
202031B144520,2020,31B144520,2,9,0,3,3,3,7,0,0,1,0,0,0,0,2,1,6,6,2,51,8,1498,1,0,SKODA KAROQ,2,E01028067,0,-1
2020610042020,2020,610042020,1,9,0,16,19,1,2,0,0,8,0,0,0,0,4,1,6,6,2,36,7,1598,2,1,SKODA KAROQ,9,W01001578,0,-1
2020340D02302,2020,340D02302,2,9,0,18,19,7,3,0,0,8,0,0,0,0,1,1,6,6,1,49,8,1968,2,1,SKODA KAROQ,9,E01026997,0,-1
2020430358636,2020,430358636,1,8,0,1,1,8,4,0,0,6,0,0,0,0,4,1,1,1,1,42,7,1498,1,0,-1,9,E01017842,0,-1
2020401008882,2020,401008882,2,9,0,2,2,0,0,0,0,2,0,0,0,0,3,1,6,6,1,-1,-1,1598,2,1,SKODA KAROQ,-1,-1,0,-1
2020990923824,2020,990923824,2,9,0,10,10,2,8,0,0,1,0,0,0,0,1,1,5,6,1,73,10,1498,1,1,SKODA KAROQ,10,-1,0,-1
2020410944829,2020,410944829,2,9,0,17,19,3,7,0,0,0,0,0,0,0,1,1,5,6,2,42,7,1984,1,1,SKODA KAROQ,9,E01023509,0,-1
2020371013938,2020,371013938,2,9,0,3,3,4,8,0,0,1,0,0,0,0,2,1,5,6,1,69,10,1498,1,0,SKODA KAROQ,7,E01030103,0,-1
2020220939370,2020,220939370,1,9,0,6,6,6,6,8,6,0,0,0,0,0,1,1,5,6,2,38,7,1598,2,2,SKODA KAROQ,7,E01031212,0,-1
2020990938568,2020,990938568,1,9,0,18,19,2,5,0,0,6,0,0,0,0,1,1,6,6,1,68,10,999,1,2,SKODA KAROQ,9,-1,0,-1
2020360997287,2020,360997287,6,9,0,18,19,3,7,0,0,0,0,0,0,0,1,1,6,6,2,68,10,1968,2,1,SKODA KAROQ,8,E01026714,0,-1
2020200935556,2020,200935556,3,9,0,18,19,-1,-1,0,0,1,0,0,0,0,1,1,6,6,2,50,8,1598,2,1,SKODA KAROQ,1,E01008882,0,-1
2020100974423,2020,100974423,2,9,0,4,4,3,7,0,0,1,0,0,0,0,2,1,6,6,1,60,9,999,1,2,SKODA KAROQ,2,E01008590,0,-1
2020450969072,2020,450969072,1,9,0,9,9,8,4,0,0,2,0,0,0,0,1,1,5,6,2,50,8,1498,1,2,SKODA KAROQ,4,E01030383,0,-1
2020110917179,2020,110917179,2,9,0,9,9,2,5,0,0,8,0,0,7,0,3,1,1,1,2,31,6,1968,2,1,SKODA KAROQ,8,E01020837,0,-1
2020070671531,2020,070671531,2,9,0,18,19,1,5,0,0,1,0,0,0,0,1,1,6,6,1,66,10,1968,2,2,SKODA KAROQ,7,E01018332,0,-1
2020040931140,2020,040931140,3,9,0,2,2,0,0,0,0,0,0,0,0,0,2,1,5,6,1,61,9,1498,1,2,SKODA KAROQ,4,E01012661,0,-1
2020440153457,2020,440153457,1,9,0,18,19,8,2,0,0,4,0,0,0,0,3,1,6,6,1,55,8,1498,1,1,SKODA KAROQ,9,E01022774,0,-1
2020200993066,2020,200993066,1,9,0,9,9,1,6,0,0,6,0,0,0,0,0,1,6,6,1,79,11,1968,2,2,SKODA KAROQ,8,E01029649,0,-1
2020010256614,2020,010256614,1,9,0,99,99,9,9,99,99,9,9,99,9,99,9,9,6,6,1,28,6,1498,1,2,SKODA KAROQ,7,E01000217,0,-1
2020010245555,2020,010245555,1,9,0,8,8,3,6,0,0,1,0,0,0,0,2,1,2,2,1,29,6,999,1,0,SKODA KAROQ,6,E01001319,0,-1
2020470952148,2020,470952148,1,9,0,9,9,3,1,0,0,8,0,0,0,0,1,1,5,6,2,54,8,999,1,1,SKODA KAROQ,3,E01031789,0,-1
2020070048056,2020,070048056,2,9,0,4,4,6,2,0,0,1,0,0,0,0,2,1,6,6,2,43,7,1598,2,1,SKODA KAROQ,10,E01018468,0,-1
2020501008718,2020,501008718,3,9,0,2,2,0,0,0,0,0,0,0,0,0,1,1,5,6,1,-1,-1,1968,2,1,SKODA KAROQ,1,E01018767,0,-1
20201375G0559,2020,1375G0559,2,9,0,18,19,3,8,0,0,8,0,0,0,0,1,1,6,6,1,47,8,1598,2,0,SKODA KAROQ,8,E01011109,0,-1
2020520004484,2020,520004484,2,9,0,18,19,1,5,0,0,0,0,0,0,0,1,1,6,6,1,74,10,1498,1,0,SKODA KAROQ,5,E01029143,0,-1
2020522100329,2020,522100329,1,9,0,18,19,2,6,0,0,1,0,0,0,0,3,1,6,6,2,52,8,1984,1,0,SKODA KAROQ,3,E01014644,0,-1
202063A042920,2020,63A042920,1,9,0,12,12,2,7,0,0,0,1,0,0,0,3,1,6,6,1,49,8,1598,2,1,SKODA KAROQ,8,W01001124,0,-1
2020420955374,2020,420955374,2,9,0,2,2,0,0,0,0,0,0,0,0,0,2,1,5,6,1,35,6,999,1,0,SKODA KAROQ,-1,-1,0,-1
2020320071487,2020,320071487,1,9,0,9,9,3,1,0,0,6,0,0,0,0,3,1,6,6,2,61,9,1984,1,1,SKODA KAROQ,4,E01026180,0,-1
2020430079572,2020,430079572,3,9,0,18,19,1,6,0,0,5,0,0,0,0,1,1,6,6,1,58,9,1498,1,1,SKODA KAROQ,10,E01023222,0,-1
2020990932909,2020,990932909,2,9,0,18,19,3,7,0,0,0,0,0,1,1,1,1,5,6,2,29,6,1968,2,1,SKODA KAROQ,2,-1,0,-1
2020451006389,2020,451006389,2,9,0,18,19,7,3,0,0,0,0,0,0,0,2,1,5,6,1,37,7,999,1,0,SKODA KAROQ,2,E01001695,0,-1
2020990947996,2020,990947996,1,9,0,18,19,4,8,0,0,1,0,0,0,0,1,1,5,6,1,58,9,1498,1,2,SKODA KAROQ,6,-1,0,-1
2020460955450,2020,460955450,1,9,0,9,9,2,1,0,0,1,0,0,0,0,4,1,5,6,2,43,7,999,1,1,SKODA KAROQ,5,E01024531,0,-1
2020122000689,2020,122000689,1,9,0,9,9,5,1,0,0,1,0,0,0,0,0,1,6,6,1,68,10,1498,1,1,SKODA KAROQ,6,E01027778,0,-1
2020010281275,2020,010281275,1,9,0,18,19,3,7,0,0,1,0,0,0,0,1,1,6,6,1,38,7,999,1,2,SKODA KAROQ,3,E01004006,0,-1
2020010232343,2020,010232343,2,9,0,18,19,7,3,0,0,8,0,0,0,0,1,1,6,6,1,47,8,1598,2,1,SKODA KAROQ,7,E01021413,0,-1
2020420965918,2020,420965918,2,9,0,18,19,5,8,0,0,3,0,0,0,0,1,1,5,6,1,82,11,1498,1,2,SKODA KAROQ,7,E01021676,0,-1
2020421003881,2020,421003881,1,9,0,9,9,4,1,0,0,6,0,0,0,0,3,1,5,6,1,53,8,1598,2,2,SKODA KAROQ,5,E01022086,0,-1
2020010250068,2020,010250068,2,9,0,11,11,7,3,0,0,1,0,0,0,0,4,1,6,6,3,31,6,1498,1,1,SKODA KAROQ,5,E01001881,0,-1
2020040959589,2020,040959589,1,9,0,5,5,8,4,0,0,8,0,0,0,0,1,1,6,6,2,72,10,1968,2,0,SKODA KAROQ,9,E01024964,0,-1
2020161006160,2020,161006160,1,9,0,6,6,7,7,0,0,0,0,0,0,0,3,1,5,6,1,49,8,1968,2,2,SKODA KAROQ,9,E01013121,0,-1
2020500998478,2020,500998478,2,9,0,18,19,7,3,0,0,0,0,0,0,0,1,1,5,6,1,56,9,1498,1,2,SKODA KAROQ,10,E01022870,0,-1
2020070702741,2020,070702741,1,9,0,16,19,7,3,0,0,1,0,0,0,0,1,1,6,6,1,31,6,999,1,2,SKODA KAROQ,6,E01018422,0,-1
2020460938729,2020,460938729,2,9,0,18,19,7,3,0,0,0,0,0,0,0,2,1,5,6,1,25,5,1968,2,1,SKODA KAROQ,5,E01033087,0,-1
2020410981778,2020,410981778,1,5,0,18,19,5,1,0,0,0,0,0,0,0,1,1,6,6,1,54,8,937,1,22,-1,6,E01023940,0,-1
2020040981250,2020,040981250,1,5,0,13,13,8,4,0,0,8,1,0,0,0,4,1,6,6,1,55,8,937,1,21,-1,1,E01012720,0,-1
2020400995436,2020,400995436,2,5,0,17,19,5,1,0,0,3,0,0,0,0,4,1,5,6,1,53,8,645,1,9,MAKE AND MODEL REDACTED,7,E01017575,0,-1
2020552000924,2020,552000924,1,4,0,18,19,6,2,0,0,0,1,0,0,0,1,1,2,2,1,60,9,645,1,1,-1,2,E01015304,0,-1
2020040966274,2020,040966274,2,5,0,17,19,5,1,0,0,0,0,0,0,0,3,1,5,6,1,72,10,645,1,0,MAKE AND MODEL REDACTED,4,E01025262,0,-1
2020500974027,2020,500974027,2,5,0,4,4,1,5,0,0,0,0,0,1,0,2,1,2,2,1,33,6,645,1,10,MAKE AND MODEL REDACTED,8,E01020158,0,-1
2020010231512,2020,010231512,2,4,0,18,19,7,3,0,0,8,0,0,0,0,1,1,6,6,1,36,7,645,1,8,-1,2,E01001249,0,-1
2020990958640,2020,990958640,2,5,0,13,13,1,5,6,6,0,0,0,0,0,1,1,5,6,1,61,9,645,1,10,MAKE AND MODEL REDACTED,6,-1,0,-1
2020320034011,2020,320034011,2,3,0,10,10,3,7,0,0,8,0,0,0,0,1,1,6,6,1,32,6,599,1,18,-1,7,E01026188,0,-1
2020501001504,2020,501001504,2,5,0,9,9,5,1,0,0,8,0,0,0,0,1,1,1,1,1,29,6,599,1,17,-1,3,E01019062,0,-1
2020122000973,2020,122000973,2,5,0,18,19,4,8,0,0,1,0,0,0,0,1,1,6,6,1,56,9,599,1,18,-1,3,E01027865,0,-1
2020622000889,2020,622000889,1,5,0,18,19,2,6,0,0,1,0,0,0,0,1,1,6,6,1,55,8,599,1,17,-1,6,W01000954,0,-1
2020990987614,2020,990987614,2,5,0,3,3,8,4,0,0,1,0,0,0,0,1,1,5,6,1,41,7,599,1,18,-1,10,-1,0,-1
2020471010262,2020,471010262,2,5,0,18,19,3,7,0,0,1,0,0,0,0,4,1,5,6,1,48,8,599,1,17,-1,6,E01031777,0,-1
2020460976752,2020,460976752,2,9,0,16,19,3,7,0,0,1,0,0,0,0,1,1,5,6,1,18,4,999,1,4,-1,10,E01000815,0,-1
2020200917756,2020,200917756,2,9,0,18,19,8,4,0,0,0,0,10,1,0,3,1,6,6,2,23,5,999,1,4,-1,10,E01031298,0,-1
202031D027520,2020,31D027520,1,9,0,18,19,2,6,0,0,0,0,0,0,0,1,1,2,2,1,62,9,2401,2,14,VOLVO V70,10,E01028391,0,-1
2020430048936,2020,430048936,1,9,0,16,19,6,1,0,0,0,1,0,0,0,1,1,2,2,1,36,7,2435,7,17,VOLVO V70,7,E01017851,0,-1
2020460929458,2020,460929458,1,9,0,18,19,4,1,0,0,0,0,0,0,0,1,1,6,6,1,43,7,2401,2,17,VOLVO V70,7,E01024317,0,-1
2020500976978,2020,500976978,2,9,0,18,19,1,5,0,0,0,0,0,0,0,3,1,6,6,2,54,8,2435,1,18,VOLVO V70,3,E01018937,0,-1
2020122000591,2020,122000591,1,9,0,18,19,5,1,0,0,0,0,0,0,0,1,1,1,1,1,62,9,1984,2,6,VOLVO V70,7,E01027653,0,-1
2020450968772,2020,450968772,1,9,0,18,19,1,5,0,0,2,0,0,1,0,1,1,5,6,1,17,4,2400,2,12,VOLVO V70,2,E01004129,0,-1
2020201002677,2020,201002677,1,9,0,18,19,3,7,0,0,8,0,0,0,0,2,1,1,1,1,68,10,2435,1,18,VOLVO V70,1,E01010129,0,-1
2020470939868,2020,470939868,2,9,0,17,19,3,8,0,0,8,0,0,0,0,1,1,5,6,1,73,10,2401,2,17,VOLVO V70,9,E01031623,0,-1
2020420968762,2020,420968762,1,9,0,9,9,3,3,0,0,8,0,0,0,0,1,1,5,6,1,75,10,2401,2,17,VOLVO V70,2,E01021318,0,-1
2020010253128,2020,010253128,3,9,0,2,2,0,0,0,0,1,0,0,0,0,0,1,6,6,3,-1,-1,2435,1,17,VOLVO V70,-1,-1,0,-1
2020010246398,2020,010246398,1,9,9,99,99,9,9,99,99,9,9,0,0,0,9,9,6,6,3,-1,-1,2435,1,19,VOLVO V70,-1,-1,0,-1
2020040980209,2020,040980209,1,9,0,4,4,4,8,0,0,1,5,0,0,0,4,1,5,6,1,31,6,2400,2,8,VOLVO V70,2,E01009317,0,-1
2020137921328,2020,137921328,2,9,0,18,19,1,5,0,0,0,0,0,0,0,1,1,1,1,1,40,7,2319,1,23,VOLVO V70,2,E01011758,0,-1
2020401008031,2020,401008031,1,9,0,5,5,7,3,0,0,2,0,0,1,0,1,1,6,6,2,78,11,2435,1,16,VOLVO V70,9,E01017445,0,-1
2020010245913,2020,010245913,5,9,0,2,2,0,0,0,0,1,0,0,0,0,1,1,6,6,3,-1,-1,1984,2,6,VOLVO V70,-1,-1,0,-1
20201375R1670,2020,1375R1670,2,9,0,2,2,0,0,0,0,2,0,0,0,0,1,1,6,6,1,-1,-1,2435,1,13,VOLVO V70,6,E01011645,0,-1
2020610020720,2020,610020720,2,9,0,4,4,5,1,0,0,1,0,0,0,0,3,1,6,6,1,73,10,1984,2,6,VOLVO V70,-1,-1,0,-1
2020531004323,2020,531004323,2,9,0,18,19,3,7,0,0,0,0,0,1,0,1,1,5,6,2,50,8,2401,2,16,VOLVO V70,7,E01028776,0,-1
2020470927700,2020,470927700,1,9,0,18,19,3,7,0,0,1,0,0,7,3,1,1,5,6,1,79,11,2435,1,16,VOLVO V70,8,E01031664,0,-1
2020140966828,2020,140966828,1,9,0,5,5,5,3,0,0,0,0,0,0,0,3,1,5,6,1,69,10,2435,1,19,VOLVO V70,3,E01007533,0,-1
2020010268446,2020,010268446,1,9,0,9,9,8,5,0,0,0,0,0,0,0,1,1,6,6,2,37,7,2435,1,21,VOLVO V70,5,E01004377,0,-1
2020552001204,2020,552001204,1,9,0,9,9,4,8,0,0,5,0,0,0,0,4,2,6,6,2,72,10,1970,1,22,VOLVO V70,10,E01015404,0,-1
2020010265840,2020,010265840,1,9,0,7,7,5,8,0,0,1,0,0,0,0,0,1,6,6,2,60,9,2521,1,11,VOLVO V70,6,E01003852,0,-1
2020470916573,2020,470916573,1,9,0,18,19,3,7,0,0,0,0,0,0,0,1,1,5,6,1,67,10,2319,1,21,VOLVO V70,6,E01031352,0,-1
2020450981160,2020,450981160,1,9,0,9,9,5,2,0,0,6,0,0,0,0,4,1,6,6,1,63,9,2401,2,17,VOLVO V70,9,E01030720,0,-1
20201371F1495,2020,1371F1495,1,9,0,18,19,4,8,0,0,0,0,0,0,0,1,1,6,6,1,31,6,2401,2,14,VOLVO V70,5,E01033034,0,-1
2020520101050,2020,520101050,2,9,0,2,2,0,0,0,0,1,0,0,0,0,2,1,6,6,1,29,6,2401,2,17,VOLVO V70,9,E01014757,0,-1
2020552000946,2020,552000946,2,9,0,2,2,0,0,0,0,0,0,0,0,0,3,1,3,7,3,33,6,2461,2,20,VOLVO V70,-1,-1,0,-1
2020460932077,2020,460932077,1,9,0,7,7,8,2,0,0,1,0,0,0,0,1,1,6,6,1,-1,-1,2435,1,22,VOLVO V70,1,E01024498,0,-1
2020440027571,2020,440027571,2,9,0,2,2,0,0,0,0,0,0,0,0,0,2,1,2,2,2,49,8,2401,2,17,VOLVO V70,7,E01017255,0,-1
2020052001314,2020,052001314,3,9,0,18,19,2,6,0,0,8,0,0,0,0,1,1,6,6,1,26,6,2401,2,14,VOLVO V70,3,E01006654,0,-1
2020230959308,2020,230959308,2,9,0,2,2,0,0,0,0,0,0,0,0,0,1,1,5,6,1,40,7,2400,2,11,VOLVO V70,4,E01031127,0,-1
2020030978675,2020,030978675,1,9,0,2,2,1,5,0,0,0,0,0,0,0,3,1,5,6,1,73,10,2400,2,6,VOLVO V70,5,E01019371,0,-1
2020450988430,2020,450988430,2,9,0,18,19,7,3,0,0,0,0,0,0,0,1,1,6,6,1,58,9,2401,2,15,VOLVO V70,9,E01030875,0,-1
2020440344493,2020,440344493,1,9,0,18,19,2,6,0,0,0,0,0,0,0,1,1,6,6,1,72,10,1969,2,5,VOLVO V70,10,E01023021,0,-1
2020500995712,2020,500995712,1,9,0,17,19,5,3,0,0,8,0,0,0,0,1,1,6,6,1,30,6,2401,2,15,VOLVO V70,5,E01018976,0,-1
2020010233287,2020,010233287,1,9,0,17,19,3,7,0,0,5,0,0,1,2,0,1,6,6,1,45,7,2435,1,23,VOLVO V70,4,E01003186,0,-1
2020440412989,2020,440412989,4,9,0,2,2,0,0,0,0,0,0,0,0,0,1,1,6,6,3,-1,-1,2435,1,21,VOLVO V70,-1,-1,0,-1
2020622000463,2020,622000463,3,9,0,2,2,0,0,0,0,0,0,0,0,0,3,1,6,6,3,-1,-1,2435,1,19,VOLVO V70,-1,-1,0,-1
2020221006047,2020,221006047,2,9,0,18,19,3,7,0,0,8,0,0,0,0,1,1,5,6,1,64,9,2401,2,14,VOLVO V70,3,E01032456,0,-1
202054A599520,2020,54A599520,2,9,0,18,19,5,1,0,0,0,0,0,0,0,3,1,6,6,3,40,7,2400,2,11,VOLVO V70,-1,-1,0,-1
2020140922759,2020,140922759,1,9,0,9,9,7,5,0,0,8,0,0,0,0,4,1,5,6,1,59,9,2435,1,17,VOLVO V70,1,E01007716,0,-1
2020350940868,2020,350940868,1,9,0,18,19,5,1,0,0,0,0,0,0,0,1,1,5,6,1,77,11,2319,1,17,VOLVO V70,5,E01017954,0,-1
2020990976680,2020,990976680,1,9,0,9,9,5,3,0,0,1,0,0,0,0,1,1,6,6,1,43,7,2319,1,22,VOLVO V70,6,-1,0,-1
2020360977525,2020,360977525,1,9,0,18,19,3,7,0,0,0,0,0,0,0,1,1,1,1,1,72,10,1560,2,6,VOLVO V70,6,E01026520,0,-1
2020471010993,2020,471010993,1,9,0,18,19,4,8,0,0,8,0,0,0,0,4,1,5,6,1,39,7,1969,2,5,VOLVO V70,7,E01031597,0,-1
2020070537378,2020,070537378,1,9,0,5,5,2,6,0,0,1,0,10,7,11,3,1,6,6,2,34,6,1997,2,11,VOLVO V70,2,E01012377,0,-1
2020010230626,2020,010230626,1,9,0,16,19,7,3,0,0,8,0,0,0,0,1,1,2,2,2,60,9,2435,1,21,VOLVO V70,4,E01001727,0,-1
2020522002282,2020,522002282,6,9,0,2,2,0,0,0,0,0,0,0,0,0,1,1,6,6,3,-1,-1,2435,1,20,VOLVO V70,-1,-1,0,-1
2020210957351,2020,210957351,3,9,0,4,4,7,3,0,0,0,0,0,0,0,2,1,1,1,1,38,7,2401,2,14,VOLVO V70,5,E01029399,0,-1
202054A996120,2020,54A996120,2,9,0,17,19,0,0,0,0,8,0,0,0,0,1,1,3,7,2,50,8,3192,1,12,VOLVO V70,7,E01015474,0,-1
2020470969357,2020,470969357,1,9,0,18,19,2,6,0,0,0,0,0,0,0,1,1,6,6,1,53,8,2435,1,16,VOLVO V70,8,E01031542,0,-1
2020220994481,2020,220994481,1,9,0,18,19,6,2,0,0,8,0,0,0,0,1,1,5,6,1,65,9,2400,2,9,VOLVO V70,4,E01014016,0,-1
2020522003983,2020,522003983,1,9,0,17,19,4,7,0,0,0,0,0,0,0,1,1,6,6,1,80,11,2401,2,18,VOLVO V70,2,E01031896,0,-1
2020420961644,2020,420961644,1,9,0,16,19,3,5,0,0,0,1,0,7,4,1,1,6,6,1,26,6,2435,1,16,VOLVO V70,5,E01021644,0,-1
202031B101320,2020,31B101320,1,9,0,18,19,1,5,0,0,1,0,0,0,0,1,1,1,1,1,59,9,2400,2,11,VOLVO V70,10,E01007896,0,-1
2020031008048,2020,031008048,2,9,0,2,2,0,0,0,0,0,0,4,0,0,3,1,6,6,1,55,8,2435,1,20,VOLVO V70,3,E01019081,0,-1
2020440256276,2020,440256276,1,9,0,4,4,4,8,0,0,0,0,0,1,0,3,1,6,6,1,30,6,2401,2,14,VOLVO V70,3,E01017350,0,-1
2020210993403,2020,210993403,1,9,0,3,3,3,6,0,0,2,0,0,0,0,2,1,6,6,1,86,11,2400,2,8,VOLVO V70,10,E01029731,0,-1
2020010249070,2020,010249070,1,9,0,18,19,4,8,0,0,0,0,0,0,0,2,1,6,6,1,49,8,2435,1,15,VOLVO V70,-1,-1,0,-1
20201377M0766,2020,1377M0766,1,9,0,16,19,4,8,0,0,0,5,0,8,11,1,1,6,6,1,68,10,2401,2,14,VOLVO V70,8,E01011276,0,-1
2020360964114,2020,360964114,1,9,0,18,19,1,5,0,0,0,0,0,0,0,1,1,5,6,1,21,5,2435,1,20,VOLVO V70,6,E01029944,0,-1
2020010257824,2020,010257824,4,9,0,4,4,3,7,0,0,0,0,0,0,0,2,1,2,2,1,65,9,1984,1,15,VOLVO V70,8,E01030659,0,-1
2020470943012,2020,470943012,1,9,0,18,19,7,3,0,0,0,0,0,7,4,1,1,6,6,1,53,8,2521,1,15,VOLVO V70,10,E01021158,0,-1
2020320559393,2020,320559393,2,9,0,18,19,4,8,0,0,8,0,0,7,10,4,1,6,6,2,62,9,2435,1,21,VOLVO V70,9,E01013194,0,-1
2020040967979,2020,040967979,4,9,0,4,4,5,1,0,0,0,0,0,0,0,2,1,2,2,1,50,8,2435,1,21,VOLVO V70,9,E01019342,0,-1
2020400993623,2020,400993623,1,9,4,18,19,2,6,0,0,0,4,0,1,0,3,1,5,6,1,50,8,2461,2,21,VOLVO V70,9,E01018113,0,-1
2020041002813,2020,041002813,1,9,0,18,19,6,2,0,0,0,0,4,0,0,1,1,5,6,1,81,11,2400,2,12,VOLVO V70,3,E01025368,0,-1
2020010263617,2020,010263617,5,9,0,2,2,0,0,0,0,0,0,0,0,0,0,1,6,6,3,-1,-1,2435,1,22,VOLVO V70,-1,-1,0,-1
2020010283817,2020,010283817,2,9,0,99,99,9,9,99,99,9,9,99,9,99,9,9,6,6,3,-1,-1,2435,1,14,VOLVO V70,-1,-1,0,-1
2020430051638,2020,430051638,1,9,0,18,19,1,5,0,0,0,0,0,0,0,4,1,6,6,1,70,10,2401,2,14,VOLVO V70,5,E01027269,0,-1
2020220924637,2020,220924637,5,9,0,3,3,6,2,0,0,1,0,0,0,0,3,1,5,6,1,77,11,2435,1,19,VOLVO V70,10,E01032151,0,-1
2020622000652,2020,622000652,3,8,0,2,2,0,0,0,0,0,0,0,0,0,1,1,6,6,3,-1,-1,2435,1,21,-1,-1,-1,0,-1
202063A026420,2020,63A026420,2,9,0,18,19,2,6,0,0,0,0,0,0,0,1,1,3,7,1,42,7,2401,2,16,VOLVO V70,8,W01000676,0,-1
2020430305529,2020,430305529,1,9,0,9,9,8,6,0,0,5,0,0,7,0,4,1,6,6,1,70,10,2435,1,18,VOLVO V70,10,E01023425,0,-1
2020010231403,2020,010231403,1,9,0,99,99,9,9,99,99,9,9,99,9,99,2,9,6,6,1,60,9,2435,1,18,VOLVO V70,4,E01002448,0,-1
2020360958757,2020,360958757,2,9,0,18,19,5,3,0,0,2,0,0,0,0,1,1,5,6,1,67,10,2435,1,18,VOLVO V70,5,E01026643,0,-1
2020461013350,2020,461013350,2,9,0,17,19,3,7,0,0,0,0,0,0,0,1,1,6,6,1,81,11,2435,1,18,VOLVO V70,10,E01024751,0,-1
2020010276474,2020,010276474,1,9,0,18,19,5,1,0,0,2,0,0,0,0,1,1,6,6,3,-1,-1,2435,1,18,VOLVO V70,-1,-1,0,-1
2020370945038,2020,370945038,1,9,0,18,19,2,5,0,0,1,1,10,3,2,1,1,5,6,1,82,11,2400,2,10,VOLVO V70,6,E01030100,0,-1
202031A051620,2020,31A051620,2,9,0,16,19,3,5,0,0,3,0,0,0,0,4,1,6,6,1,73,10,2435,2,22,VOLVO V70,2,E01013858,0,-1
2020470997748,2020,470997748,1,9,0,5,5,4,8,0,0,2,0,0,0,0,3,1,6,6,1,53,8,2435,1,16,VOLVO V70,8,E01031542,0,-1
2020500946933,2020,500946933,1,9,0,18,19,6,2,0,0,0,0,0,7,10,1,1,5,6,1,33,6,1560,2,11,VOLVO V70,2,E01005708,0,-1
2020320528301,2020,320528301,1,9,0,14,14,3,7,0,0,1,0,0,0,0,1,1,2,2,2,52,8,2319,1,18,VOLVO V70,-1,-1,0,-1
2020450996867,2020,450996867,1,9,0,18,19,3,7,0,0,1,0,0,0,0,1,1,5,6,1,74,10,2435,1,16,VOLVO V70,4,E01030749,0,-1
2020460981637,2020,460981637,3,9,0,3,3,8,3,0,0,0,0,0,0,0,2,1,5,6,1,45,7,2400,2,12,VOLVO V70,9,E01010208,0,-1
202006K270336,2020,06K270336,2,9,0,2,2,0,0,0,0,0,0,0,0,0,2,1,6,6,1,30,6,2430,1,14,VOLVO V70,3,E01004889,0,-1
2020460964327,2020,460964327,1,9,0,18,19,2,5,0,0,1,0,0,0,0,4,1,6,6,2,83,11,2400,2,6,VOLVO V70,9,E01024851,0,-1
2020010229589,2020,010229589,2,9,0,7,7,3,4,0,0,6,0,0,0,0,3,1,6,6,1,71,10,2401,2,18,VOLVO V70,4,E01000475,0,-1
2020122100120,2020,122100120,1,9,0,9,9,2,7,0,0,4,0,0,0,0,1,1,6,6,1,61,9,2435,1,15,VOLVO V70,9,E01011381,0,-1
2020122000804,2020,122000804,2,9,0,4,4,4,8,0,0,0,0,0,0,0,1,1,1,1,1,63,9,2401,2,16,VOLVO V70,7,E01013401,0,-1
2020470974747,2020,470974747,1,9,0,18,19,3,7,0,0,0,0,0,0,0,4,1,6,6,3,-1,-1,2435,1,16,VOLVO V70,-1,-1,0,-1
2020332000182,2020,332000182,2,9,0,4,4,3,7,0,0,1,0,0,0,0,2,1,6,6,1,55,8,2400,2,10,VOLVO V70,10,E01025772,0,-1
202063D026820,2020,63D026820,1,9,0,18,19,8,4,0,0,0,5,0,1,10,1,1,6,6,1,72,10,2435,1,22,VOLVO V70,6,W01000433,0,-1
2020440137806,2020,440137806,1,9,0,12,12,7,3,0,0,0,0,0,0,0,1,1,6,6,1,75,10,1997,2,11,VOLVO V70,10,E01023226,0,-1
2020122000282,2020,122000282,1,9,0,18,19,2,5,0,0,7,0,0,0,0,1,1,6,6,2,37,7,2401,2,17,VOLVO V70,8,E01027746,0,-1
2020010277044,2020,010277044,2,9,0,18,19,5,1,0,0,0,0,4,0,0,3,1,6,6,1,65,9,2435,1,18,VOLVO V70,-1,-1,0,-1
2020460961710,2020,460961710,2,3,0,3,3,3,7,0,0,0,5,0,0,0,4,1,5,6,1,40,7,250,1,23,-1,2,E01024091,0,-1