collision_index,collision_year,collision_ref_no,vehicle_reference,vehicle_type,towing_and_articulation,vehicle_manoeuvre_historic,vehicle_manoeuvre,vehicle_direction_from,vehicle_direction_to,vehicle_location_restricted_lane_historic,vehicle_location_restricted_lane,junction_location,skidding_and_overturning,hit_object_in_carriageway,vehicle_leaving_carriageway,hit_object_off_carriageway,first_point_of_impact,vehicle_left_hand_drive,journey_purpose_of_driver_historic,journey_purpose_of_driver,sex_of_driver,age_of_driver,age_band_of_driver,engine_capacity_cc,propulsion_code,age_of_vehicle,generic_make_model,driver_imd_decile,lsoa_of_driver,escooter_flag,driver_distance_banding
2020990970453,2020,990970453,1,19,0,5,5,7,5,0,0,4,0,0,0,0,3,1,5,6,1,34,6,1560,2,7,CITROEN BERLINGO,6,-1,0,-1
202031D129620,2020,31D129620,2,19,0,18,19,7,3,0,0,8,0,0,0,0,4,1,6,6,1,39,7,1997,2,16,CITROEN BERLINGO,9,E01028360,0,-1
2020420969111,2020,420969111,1,19,0,18,19,5,1,0,0,8,0,0,0,0,1,1,6,6,1,23,5,1560,2,4,CITROEN BERLINGO,10,E01021643,0,-1
2020302000840,2020,302000840,2,19,0,18,19,6,3,0,0,0,0,0,0,0,1,1,1,1,1,38,7,1560,2,3,CITROEN BERLINGO,-1,-1,0,-1
2020100927290,2020,100927290,1,19,0,9,9,7,5,0,0,8,0,0,0,0,1,1,6,6,1,58,9,1560,2,5,CITROEN BERLINGO,10,E01027494,0,-1
2020990927786,2020,990927786,1,8,0,5,5,7,3,0,0,0,0,0,0,0,3,1,1,1,1,50,8,1560,2,4,-1,2,-1,0,-1
2020501008356,2020,501008356,1,9,0,9,9,5,3,0,0,5,0,0,0,0,4,1,6,6,1,66,10,-1,-1,-1,CITROEN BERLINGO,4,E01018926,0,-1
2020302000446,2020,302000446,1,9,0,3,3,4,8,0,0,1,0,0,0,0,2,1,6,6,2,60,9,1560,2,9,CITROEN BERLINGO,3,E01019807,0,-1
2020100957846,2020,100957846,1,20,0,4,4,4,8,0,0,1,0,0,0,0,2,1,2,2,1,47,8,-1,-1,-1,-1,2,E01020648,0,-1
202006F276049,2020,06F276049,1,9,0,9,9,8,6,0,0,8,0,0,0,0,1,1,6,6,1,30,6,-1,-1,-1,CITROEN BERLINGO,-1,-1,0,-1
2020220915958,2020,220915958,1,19,0,1,1,1,5,0,0,0,0,0,0,0,2,1,5,6,1,26,6,1868,2,14,CITROEN BERLINGO,10,E01028949,0,-1
2020160933380,2020,160933380,1,98,0,13,13,5,1,0,0,0,1,0,1,9,4,1,5,6,1,68,10,1560,2,5,CITROEN BERLINGO,4,E01013258,0,-1
2020990985255,2020,990985255,1,19,0,2,2,0,0,0,0,2,0,0,0,0,3,1,1,1,1,44,7,1560,2,5,CITROEN BERLINGO,2,-1,0,-1
2020501015277,2020,501015277,1,19,0,18,19,4,8,0,0,1,0,0,0,0,1,1,6,6,1,57,9,1560,2,3,CITROEN BERLINGO,5,E01019019,0,-1
2020160952514,2020,160952514,1,9,0,9,9,2,6,0,0,8,0,0,0,0,1,1,6,6,1,42,7,-1,-1,-1,CITROEN BERLINGO,7,E01013323,0,-1
2020010259515,2020,010259515,1,19,0,5,5,5,1,0,0,2,0,0,0,0,1,1,2,2,1,37,7,1560,2,6,CITROEN BERLINGO,2,E01004055,0,-1
202031C019720,2020,31C019720,1,9,0,4,4,2,6,0,0,1,0,0,1,0,2,1,1,1,2,25,5,1587,1,12,CITROEN BERLINGO,2,E01013832,0,-1
2020501013827,2020,501013827,2,98,0,3,3,8,4,0,0,0,0,0,0,0,2,1,1,1,1,48,8,1560,2,4,CITROEN BERLINGO,7,E01018889,0,-1
2020200971229,2020,200971229,1,9,0,9,9,3,1,0,0,6,0,0,0,0,4,1,6,6,2,59,9,1560,2,11,CITROEN BERLINGO,5,E01009973,0,-1
2020990963113,2020,990963113,1,19,0,18,19,5,1,0,0,1,1,0,0,0,1,1,1,1,1,34,6,1560,2,2,CITROEN BERLINGO,1,-1,0,-1
2020990949731,2020,990949731,2,9,0,2,2,0,0,0,0,0,0,4,0,0,2,1,5,6,1,44,7,1560,2,11,CITROEN BERLINGO,6,-1,0,-1
2020100967652,2020,100967652,1,9,0,1,1,3,7,0,0,0,0,0,0,0,2,1,6,6,1,55,8,1560,2,11,CITROEN BERLINGO,4,E01027432,0,-1
2020010266932,2020,010266932,2,19,0,9,9,1,7,0,0,0,0,0,0,0,1,1,6,6,3,-1,-1,1598,2,13,CITROEN BERLINGO,-1,-1,0,-1
2020990959977,2020,990959977,1,19,0,18,19,3,7,0,0,0,2,0,0,0,4,1,5,6,1,26,6,1560,2,11,CITROEN BERLINGO,-1,-1,0,-1
2020552000805,2020,552000805,1,9,0,17,19,8,4,0,0,0,0,0,0,0,1,1,2,2,1,19,4,1560,2,5,CITROEN BERLINGO,9,E01022653,0,-1
2020200989744,2020,200989744,2,19,0,18,19,-1,-1,0,0,8,0,0,0,0,1,1,6,6,1,30,6,1560,2,10,CITROEN BERLINGO,-1,-1,0,-1
2020990977498,2020,990977498,1,19,0,7,7,6,1,0,0,5,0,0,1,0,4,1,1,1,1,23,5,1560,2,7,CITROEN BERLINGO,4,-1,0,-1
2020010229453,2020,010229453,2,19,0,1,1,4,8,0,0,0,0,7,0,0,1,1,6,6,1,44,7,1560,2,3,CITROEN BERLINGO,9,E01021804,0,-1
2020010251855,2020,010251855,2,19,0,99,99,9,9,99,99,9,9,99,9,99,9,9,6,6,3,-1,-1,1560,2,2,CITROEN BERLINGO,2,E01006297,0,-1
2020100953836,2020,100953836,2,19,0,18,19,7,3,0,0,0,0,0,0,0,1,1,1,1,1,32,6,1560,2,8,CITROEN BERLINGO,2,E01008430,0,-1
2020350968812,2020,350968812,1,19,0,18,19,1,5,0,0,1,2,0,7,0,3,1,1,1,1,32,6,1560,2,8,CITROEN BERLINGO,4,E01018095,0,-1
2020552100032,2020,552100032,1,9,0,9,9,7,3,0,0,8,0,0,0,0,1,1,6,6,1,70,10,1560,2,10,CITROEN BERLINGO,5,E01019886,0,-1
2020460960474,2020,460960474,1,19,0,7,7,1,3,0,0,5,0,0,0,0,4,1,6,6,1,61,9,1868,2,18,CITROEN BERLINGO,4,E01024561,0,-1
2020531004242,2020,531004242,1,19,0,17,19,6,3,0,0,8,0,0,0,0,1,1,2,2,1,51,8,1868,2,16,CITROEN BERLINGO,10,E01022167,0,-1
2020110917121,2020,110917121,2,9,0,18,19,5,1,0,0,4,0,0,0,0,4,1,5,6,2,37,7,1560,2,8,CITROEN BERLINGO,5,E01020858,0,-1
2020440291364,2020,440291364,2,19,0,18,19,5,1,0,0,8,0,0,0,0,4,1,1,1,1,50,8,1560,2,3,CITROEN BERLINGO,2,E01017328,0,-1
2020340S05482,2020,340S05482,1,19,0,17,19,5,1,0,0,0,0,0,1,4,1,1,1,1,1,29,6,1560,2,8,CITROEN BERLINGO,5,E01027017,0,-1
2020400948664,2020,400948664,1,19,0,18,19,8,4,0,0,0,5,0,1,0,4,1,2,2,1,30,6,1560,2,10,CITROEN BERLINGO,-1,-1,0,-1
2020140980131,2020,140980131,1,98,0,18,19,7,3,0,0,1,0,0,0,0,0,1,6,6,1,62,9,1560,2,2,CITROEN BERLINGO,3,E01007351,0,-1
2020160982396,2020,160982396,1,9,0,18,19,6,2,0,0,1,0,0,0,0,1,1,5,6,1,69,10,1587,1,12,CITROEN BERLINGO,1,E01012833,0,-1
2020420984506,2020,420984506,2,19,0,18,19,1,3,0,0,1,0,0,0,0,1,1,6,6,1,29,6,1560,2,5,CITROEN BERLINGO,10,E01033053,0,-1
2020470996887,2020,470996887,1,19,0,9,9,3,1,0,0,2,0,0,0,0,4,1,2,2,1,35,6,1560,2,5,CITROEN BERLINGO,9,E01017061,0,-1
2020622000221,2020,622000221,3,9,0,4,4,2,6,0,0,0,0,0,0,0,2,1,6,6,1,32,6,1560,2,11,CITROEN BERLINGO,2,E01004000,0,-1
2020430200908,2020,430200908,1,19,0,15,15,1,5,0,0,2,0,0,0,0,4,1,2,2,1,50,8,1560,2,6,CITROEN BERLINGO,9,E01031841,0,-1
2020522003864,2020,522003864,2,19,0,3,3,6,2,0,0,1,0,0,0,0,1,1,6,6,1,40,7,1560,2,7,CITROEN BERLINGO,-1,-1,0,-1
2020410964160,2020,410964160,1,19,0,18,19,5,1,0,0,4,0,0,0,0,1,1,5,6,1,28,6,1560,2,11,CITROEN BERLINGO,7,E01023484,0,-1
2020010265927,2020,010265927,1,9,0,10,10,3,1,0,0,1,0,0,0,0,1,2,1,1,2,73,10,1360,1,17,CITROEN BERLINGO,10,E01000445,0,-1
2020990981147,2020,990981147,1,9,0,18,19,3,7,0,0,0,0,0,0,0,1,1,3,7,2,45,7,1868,2,16,CITROEN BERLINGO,2,-1,0,-1
2020420918790,2020,420918790,1,19,0,18,19,3,7,0,0,1,0,0,0,0,1,1,5,6,1,30,6,1560,2,12,CITROEN BERLINGO,4,E01021296,0,-1
2020010249892,2020,010249892,1,19,0,14,14,1,5,0,0,8,0,0,0,0,1,1,6,6,1,38,7,1598,2,13,CITROEN BERLINGO,4,E01002873,0,-1
2020010236091,2020,010236091,2,19,9,99,99,9,9,99,99,9,9,99,9,99,3,9,6,6,1,20,4,1560,2,4,CITROEN BERLINGO,3,E01000750,0,-1
2020460940178,2020,460940178,2,9,0,18,19,4,8,0,0,1,0,0,0,0,3,1,5,6,2,53,8,1868,2,16,CITROEN BERLINGO,8,E01024403,0,-1
2020302000255,2020,302000255,1,9,0,18,19,2,6,0,0,8,0,0,0,0,2,1,6,6,1,61,9,1560,2,11,CITROEN BERLINGO,-1,-1,0,-1
2020010269634,2020,010269634,1,8,0,18,19,5,1,0,0,1,0,0,0,0,1,1,1,1,1,56,9,1560,2,4,-1,1,E01000605,0,-1
2020110979393,2020,110979393,1,9,0,18,19,5,6,0,0,1,0,0,0,0,1,1,2,2,1,40,7,1560,2,12,CITROEN BERLINGO,4,E01020893,0,-1
2020010284618,2020,010284618,1,19,0,5,5,4,8,0,0,1,0,0,0,0,1,1,1,1,1,53,8,1560,2,4,CITROEN BERLINGO,8,E01001046,0,-1
2020440387214,2020,440387214,1,19,0,18,19,5,1,0,0,0,1,0,0,0,1,1,1,1,1,43,7,1560,2,6,CITROEN BERLINGO,5,E01015296,0,-1
2020610040420,2020,610040420,1,9,0,4,4,8,4,0,0,0,0,0,0,0,2,1,6,6,1,32,6,1560,2,11,CITROEN BERLINGO,-1,-1,0,-1
2020552001221,2020,552001221,1,9,0,18,19,7,3,0,0,0,0,0,0,0,1,1,6,6,1,70,10,1560,2,6,CITROEN BERLINGO,8,E01015447,0,-1
2020430304039,2020,430304039,1,19,0,18,19,2,6,0,0,0,0,0,0,0,1,1,1,1,1,-1,-1,1560,2,6,CITROEN BERLINGO,6,E01017018,0,-1
2020010272174,2020,010272174,1,19,0,99,99,9,9,0,0,8,0,0,0,0,1,1,1,1,2,30,6,1560,2,6,CITROEN BERLINGO,4,E01002607,0,-1
2020460999968,2020,460999968,1,98,0,11,11,3,7,0,0,0,0,0,0,0,4,1,6,6,1,34,6,1560,2,7,CITROEN BERLINGO,6,E01024363,0,-1
2020040948393,2020,040948393,1,19,0,18,19,5,1,0,0,0,0,0,0,0,1,1,6,6,1,50,8,1560,2,9,CITROEN BERLINGO,10,E01024997,0,-1
2020010233262,2020,010233262,1,19,0,18,19,5,1,0,0,1,0,0,0,0,1,1,2,2,1,32,6,1560,2,3,CITROEN BERLINGO,4,E01000799,0,-1
2020030949739,2020,030949739,1,9,0,17,19,3,7,0,0,0,2,0,1,0,1,1,6,6,1,36,7,1868,2,17,CITROEN BERLINGO,9,E01019361,0,-1
2020137A91069,2020,137A91069,2,19,0,18,19,4,8,0,0,8,2,11,1,2,2,1,6,6,1,53,8,1560,2,10,CITROEN BERLINGO,5,E01011197,0,-1
2020470922040,2020,470922040,2,19,0,18,19,2,5,0,0,0,0,0,0,0,1,1,1,1,1,58,9,1868,2,17,CITROEN BERLINGO,1,E01021136,0,-1
2020070591684,2020,070591684,3,19,0,4,4,7,3,0,0,0,0,0,0,0,1,1,1,1,1,32,6,1560,2,5,CITROEN BERLINGO,2,E01012442,0,-1
2020430026865,2020,430026865,1,19,0,18,19,7,3,0,0,0,0,0,0,0,1,1,2,2,1,43,7,1560,2,5,CITROEN BERLINGO,9,E01028772,0,-1
2020530992827,2020,530992827,1,9,0,18,19,1,5,0,0,0,1,0,0,0,1,1,1,1,1,53,8,1560,2,8,CITROEN BERLINGO,2,E01014692,0,-1
2020137850326,2020,137850326,2,19,0,10,10,8,5,0,0,1,0,0,0,0,1,1,1,1,1,59,9,1560,2,11,CITROEN BERLINGO,-1,-1,0,-1
2020990932717,2020,990932717,1,9,0,18,19,4,8,0,0,1,1,0,7,4,1,1,6,6,1,55,8,1560,2,7,CITROEN BERLINGO,-1,-1,0,-1
2020137CI0339,2020,137CI0339,1,19,0,18,19,6,2,0,0,0,0,0,0,0,1,1,6,6,1,-1,-1,1868,2,14,CITROEN BERLINGO,-1,-1,0,-1
2020350977943,2020,350977943,1,9,0,18,19,6,2,0,0,4,0,0,0,0,1,1,5,6,1,67,10,1997,2,16,CITROEN BERLINGO,4,E01029950,0,-1
2020100935197,2020,100935197,3,9,0,18,19,7,3,0,0,0,0,0,0,0,2,1,5,6,1,36,7,1500,2,1,CITROEN BERLINGO,1,E01008415,0,-1
2020101018685,2020,101018685,1,19,0,18,19,2,6,0,0,2,0,0,0,0,3,1,1,1,1,68,10,1560,2,2,CITROEN BERLINGO,9,E01008775,0,-1
2020041005215,2020,041005215,1,98,0,18,19,1,5,0,0,0,0,0,0,0,4,2,1,1,1,25,5,1560,2,6,CITROEN BERLINGO,2,E01012742,0,-1
2020460968131,2020,460968131,2,9,0,15,15,4,8,0,0,8,0,0,0,0,1,1,1,1,1,60,9,-1,-1,-1,CITROEN BERLINGO,5,E01033089,0,-1
2020010234239,2020,010234239,2,19,0,99,99,9,9,99,99,0,9,99,9,99,2,9,6,6,3,-1,-1,1560,2,2,CITROEN BERLINGO,2,E01016480,0,-1
2020320599933,2020,320599933,3,19,0,17,19,6,1,0,0,0,0,0,0,0,1,1,6,6,1,52,8,1560,2,5,CITROEN BERLINGO,-1,-1,0,-1
2020500956539,2020,500956539,1,9,0,16,19,1,5,0,0,0,0,0,1,4,1,1,2,2,1,23,5,-1,-1,-1,CITROEN BERLINGO,8,E01020306,0,-1
2020040956223,2020,040956223,1,9,0,2,2,3,7,0,0,0,0,0,0,0,2,1,1,1,2,45,7,1560,2,8,CITROEN BERLINGO,3,E01025210,0,-1
2020370979983,2020,370979983,1,19,0,1,1,4,8,0,0,0,0,0,0,0,0,1,1,1,1,61,9,1560,2,2,CITROEN BERLINGO,4,E01030201,0,-1
2020010267678,2020,010267678,1,19,0,9,9,5,3,0,0,1,0,0,0,0,1,1,1,1,1,37,7,1560,2,6,CITROEN BERLINGO,2,E01001477,0,-1
2020010268421,2020,010268421,2,19,0,10,10,1,6,0,0,1,0,0,0,0,1,9,6,6,3,-1,-1,1560,2,4,CITROEN BERLINGO,7,E01002377,0,-1
2020552000130,2020,552000130,1,9,0,16,19,7,3,0,0,0,1,0,0,0,1,1,6,6,2,67,10,1560,2,8,CITROEN BERLINGO,6,E01020456,0,-1
2020220960094,2020,220960094,2,19,0,13,13,6,2,0,0,0,0,0,0,0,4,1,6,6,3,34,6,1560,2,5,CITROEN BERLINGO,-1,-1,0,-1
2020200923590,2020,200923590,1,98,0,5,5,2,6,0,0,6,0,0,0,0,1,1,1,1,1,35,6,1560,2,5,CITROEN BERLINGO,6,E01017503,0,-1
2020460980738,2020,460980738,1,19,0,18,19,2,6,0,0,0,0,0,0,0,1,1,6,6,1,30,6,1560,2,2,CITROEN BERLINGO,5,E01007173,0,-1
2020522002686,2020,522002686,1,9,0,16,19,2,5,0,0,4,0,0,0,0,1,1,6,6,1,55,8,1997,2,17,CITROEN BERLINGO,2,E01014578,0,-1
2020010247237,2020,010247237,2,19,0,5,5,3,7,0,0,1,0,0,0,0,1,1,6,6,1,47,8,1598,2,13,CITROEN BERLINGO,6,E01023314,0,-1
2020010231502,2020,010231502,2,19,0,2,2,0,0,0,0,1,0,0,1,11,1,1,6,6,3,-1,-1,1560,2,10,CITROEN BERLINGO,-1,-1,0,-1
2020302000426,2020,302000426,1,19,0,18,19,5,1,0,0,5,0,4,4,6,1,1,6,6,1,54,8,1997,2,15,CITROEN BERLINGO,3,E01019484,0,-1
2020501015651,2020,501015651,1,9,0,7,7,7,1,0,0,1,0,0,0,0,3,1,5,6,1,54,8,-1,-1,-1,CITROEN BERLINGO,6,E01019987,0,-1
2020440434869,2020,440434869,2,19,0,2,2,0,0,0,0,0,0,0,0,0,2,1,6,6,3,-1,-1,1560,2,2,CITROEN BERLINGO,-1,-1,0,-1
2020010278895,2020,010278895,2,19,0,99,99,9,9,99,99,9,9,99,9,99,1,9,6,6,3,-1,-1,1560,2,9,CITROEN BERLINGO,-1,-1,0,-1
2020010240525,2020,010240525,2,9,0,9,9,3,1,0,0,1,0,0,0,0,0,1,6,6,1,71,10,1560,2,12,CITROEN BERLINGO,6,E01001251,0,-1
2020471002220,2020,471002220,1,19,0,18,19,3,7,8,6,0,0,0,0,0,3,1,1,1,1,49,8,1560,2,2,CITROEN BERLINGO,5,E01031376,0,-1
2020161011144,2020,161011144,1,19,0,18,19,4,1,0,0,6,0,10,1,2,1,1,1,1,1,40,7,1560,2,1,CITROEN BERLINGO,6,E01007387,0,-1
2020522004742,2020,522004742,1,19,0,2,2,0,0,0,0,0,0,0,0,0,3,1,6,6,1,30,6,1560,2,3,CITROEN BERLINGO,10,E01014901,0,-1
2020500938179,2020,500938179,1,9,0,4,4,5,1,0,0,0,0,0,0,0,2,1,5,6,1,62,9,1560,2,13,CITROEN BERLINGO,6,E01020145,0,-1
2020040965633,2020,040965633,1,98,0,4,4,1,5,0,0,0,5,0,0,0,1,1,2,2,1,21,5,1868,2,16,CITROEN BERLINGO,6,E01005387,0,-1
2020010244243,2020,010244243,2,9,0,18,19,3,7,0,0,2,0,0,0,0,2,1,6,6,1,55,8,1360,1,14,CITROEN BERLINGO,8,E01002320,0,-1
2020460985870,2020,460985870,1,98,0,18,19,7,3,9,9,0,0,0,7,0,3,1,6,6,1,43,7,1560,2,3,CITROEN BERLINGO,10,E01024423,0,-1
202031D177720,2020,31D177720,1,19,0,18,19,7,3,0,0,8,0,0,0,0,1,1,1,1,1,47,8,1560,2,2,CITROEN BERLINGO,6,E01029446,0,-1
2020052002133,2020,052002133,4,9,0,2,2,0,0,0,0,0,0,0,0,0,2,1,6,6,3,-1,-1,1868,2,20,CITROEN BERLINGO,-1,-1,0,-1
2020040941646,2020,040941646,2,19,0,4,4,6,2,0,0,8,0,0,0,0,2,1,1,1,1,24,5,1560,2,11,CITROEN BERLINGO,8,E01024939,0,-1
2020010279933,2020,010279933,1,19,0,7,7,7,1,0,0,6,0,0,1,0,4,2,1,1,1,32,6,1500,2,0,CITROEN BERLINGO,10,E01030307,0,-1
2020072000182,2020,072000182,3,19,0,18,19,1,5,0,0,0,0,0,0,0,2,1,6,6,1,31,6,1560,2,2,CITROEN BERLINGO,5,E01024930,0,-1
2020522004115,2020,522004115,2,9,0,18,19,7,3,0,0,1,0,0,0,0,1,1,6,6,1,64,9,-1,-1,-1,CITROEN BERLINGO,6,E01014846,0,-1
2020160996973,2020,160996973,1,9,0,18,19,3,7,0,0,0,5,0,0,0,1,1,1,1,1,32,6,1360,1,14,CITROEN BERLINGO,1,E01013142,0,-1
20201371B1433,2020,1371B1433,2,9,0,18,19,0,0,0,0,8,0,0,0,0,2,1,6,6,1,36,7,1560,2,6,CITROEN BERLINGO,6,E01010689,0,-1
202031B072120,2020,31B072120,2,19,0,17,19,6,2,0,0,0,0,0,0,0,1,1,1,1,1,67,10,1560,2,11,CITROEN BERLINGO,2,E01028044,0,-1
2020622000103,2020,622000103,1,19,0,9,9,6,4,0,0,2,0,0,0,0,1,1,6,6,1,34,6,1560,2,4,CITROEN BERLINGO,3,W01000850,0,-1
2020101006509,2020,101006509,1,9,0,-1,-1,7,3,0,0,4,0,0,1,0,-1,1,6,6,2,70,10,1560,2,6,CITROEN BERLINGO,1,E01027533,0,-1
2020010252415,2020,010252415,1,19,0,4,4,3,7,0,0,0,0,0,0,0,0,1,1,1,1,36,7,1560,2,11,CITROEN BERLINGO,7,E01001343,0,-1
2020400944128,2020,400944128,1,9,0,18,19,3,7,0,0,1,0,0,0,0,1,1,6,6,1,63,9,-1,-1,-1,CITROEN BERLINGO,3,E01015769,0,-1
202063D037320,2020,63D037320,1,19,0,18,19,8,4,0,0,0,0,0,0,0,1,1,1,1,1,32,6,1360,7,18,CITROEN BERLINGO,7,W01000488,0,-1
2020010251020,2020,010251020,2,19,0,99,99,9,9,99,99,9,9,99,9,99,9,9,6,6,3,31,6,1560,2,1,CITROEN BERLINGO,4,E01002406,0,-1
2020100915486,2020,100915486,1,9,0,9,9,5,3,0,0,1,0,0,0,0,4,1,5,6,1,59,9,-1,-1,-1,CITROEN BERLINGO,3,E01027391,0,-1
2020010279674,2020,010279674,1,19,0,4,4,5,1,0,0,1,0,0,0,0,2,1,6,6,1,51,8,1500,2,0,CITROEN BERLINGO,8,E01021784,0,-1
2020400920373,2020,400920373,1,19,0,18,19,3,7,0,0,0,0,0,0,0,1,1,2,2,1,57,9,1560,2,5,CITROEN BERLINGO,5,E01015748,0,-1
202031B182220,2020,31B182220,1,9,0,17,19,5,1,0,0,0,1,0,1,0,1,1,2,2,1,66,10,1587,1,12,CITROEN BERLINGO,4,E01028045,0,-1
2020420997755,2020,420997755,1,19,0,5,5,6,1,0,0,0,0,0,0,0,1,1,1,1,2,57,9,1500,2,0,CITROEN BERLINGO,2,E01021989,0,-1
2020010277042,2020,010277042,1,19,0,18,19,1,5,0,0,0,0,0,0,0,1,1,1,1,1,49,8,1500,2,0,CITROEN BERLINGO,2,E01004718,0,-1
2020450939699,2020,450939699,1,19,0,18,19,5,1,0,0,0,1,0,7,4,1,1,5,6,1,75,10,1868,2,19,CITROEN BERLINGO,9,E01030427,0,-1
2020420920138,2020,420920138,2,19,0,8,8,3,7,0,0,0,0,0,0,0,2,1,5,6,2,62,9,1560,2,3,CITROEN BERLINGO,9,E01021721,0,-1
2020160972261,2020,160972261,2,98,0,5,5,1,5,0,0,0,0,0,0,0,3,1,6,6,2,36,7,1560,2,2,CITROEN BERLINGO,-1,-1,0,-1
2020351012464,2020,351012464,3,98,0,18,19,1,5,0,0,0,0,0,0,0,1,1,1,1,1,68,10,1500,2,0,CITROEN BERLINGO,4,E01022241,0,-1
202031D024420,2020,31D024420,1,19,0,9,9,2,8,0,0,5,0,0,0,0,1,1,6,6,2,50,8,1868,2,15,CITROEN BERLINGO,10,E01025761,0,-1
2020340N07002,2020,340N07002,2,9,0,18,19,1,5,0,0,8,0,0,0,0,1,1,6,6,1,36,7,1560,2,12,CITROEN BERLINGO,3,E01027175,0,-1
2020010257427,2020,010257427,1,19,0,18,19,5,1,0,0,0,0,0,0,0,1,1,6,6,3,35,6,1598,2,13,CITROEN BERLINGO,-1,-1,0,-1
2020440376196,2020,440376196,1,19,0,3,3,4,8,0,0,0,0,0,0,0,2,1,1,1,1,63,9,1500,2,0,CITROEN BERLINGO,10,E01022518,0,-1
2020320132077,2020,320132077,2,9,0,18,19,2,6,0,0,0,0,0,0,0,1,1,6,6,1,38,7,1560,2,14,CITROEN BERLINGO,6,E01028273,0,-1
2020320687646,2020,320687646,1,9,0,18,19,7,3,0,0,2,0,0,0,0,4,1,6,6,3,40,7,1560,2,9,CITROEN BERLINGO,-1,-1,0,-1
2020552000763,2020,552000763,2,19,0,9,9,8,6,0,0,8,0,0,0,0,3,1,1,1,2,60,9,1560,2,3,CITROEN BERLINGO,3,E01015371,0,-1
2020052001071,2020,052001071,2,19,0,3,3,7,3,0,0,1,0,0,0,0,2,1,1,1,1,37,7,1560,2,9,CITROEN BERLINGO,9,E01012393,0,-1
2020010243217,2020,010243217,1,19,0,7,7,2,5,0,0,2,0,7,1,10,1,1,1,1,1,51,8,1560,2,1,CITROEN BERLINGO,6,E01017929,0,-1
2020030982742,2020,030982742,2,98,0,9,9,2,6,0,0,5,0,0,0,0,3,1,1,1,2,31,6,1560,2,2,CITROEN BERLINGO,3,E01019081,0,-1
2020470959247,2020,470959247,2,9,0,9,9,7,5,0,0,0,0,0,0,0,3,1,5,6,2,70,10,1360,1,14,CITROEN BERLINGO,6,E01031529,0,-1
2020420953139,2020,420953139,2,19,0,16,19,2,5,0,0,0,0,0,0,0,1,1,5,6,1,60,9,1560,2,5,CITROEN BERLINGO,3,E01021594,0,-1
202063C063320,2020,63C063320,2,9,0,4,4,2,6,0,0,0,0,0,0,0,2,1,1,1,1,48,8,-1,-1,-1,CITROEN BERLINGO,7,W01000562,0,-1
2020010230094,2020,010230094,1,19,0,18,19,2,6,0,0,0,0,4,0,0,1,1,2,2,1,49,8,1560,2,2,CITROEN BERLINGO,3,E01022959,0,-1
2020200948355,2020,200948355,2,9,0,3,3,4,8,0,0,1,0,0,0,0,2,1,6,6,1,38,7,-1,-1,-1,CITROEN BERLINGO,9,E01009528,0,-1
2020122000351,2020,122000351,1,9,0,18,19,1,5,0,0,2,0,0,0,0,1,1,6,6,2,60,9,1560,2,8,CITROEN BERLINGO,7,E01012950,0,-1
2020010254498,2020,010254498,1,20,0,99,99,9,9,99,99,9,9,99,9,99,0,9,6,6,3,-1,-1,-1,-1,-1,-1,6,E01003416,0,-1
2020160946200,2020,160946200,1,98,0,18,19,5,1,0,0,2,0,0,0,0,2,1,2,2,1,38,7,1560,2,9,CITROEN BERLINGO,6,E01012766,0,-1
2020231003579,2020,231003579,2,19,0,7,7,8,2,0,0,6,0,0,0,0,1,1,1,1,2,47,8,1560,2,4,CITROEN BERLINGO,10,E01031124,0,-1
2020141002781,2020,141002781,2,98,0,4,4,1,5,0,0,0,0,0,0,0,0,1,1,1,1,32,6,1560,2,6,CITROEN BERLINGO,2,E01008016,0,-1
2020101010037,2020,101010037,1,9,0,4,4,5,1,0,0,1,1,0,0,0,1,1,5,6,1,65,9,1560,2,11,CITROEN BERLINGO,1,E01008625,0,-1
2020990957093,2020,990957093,1,19,0,18,19,1,5,0,0,0,5,0,4,0,3,1,5,6,2,52,8,1560,2,6,CITROEN BERLINGO,-1,-1,0,-1
2020010282175,2020,010282175,1,19,0,9,9,3,8,0,0,5,0,0,7,0,1,1,6,6,3,-1,-1,1560,2,9,CITROEN BERLINGO,-1,-1,0,-1
2020990963662,2020,990963662,2,9,0,18,19,1,5,0,0,0,0,0,0,0,1,1,5,6,1,75,10,1587,1,14,CITROEN BERLINGO,8,-1,0,-1
2020052001076,2020,052001076,1,19,0,7,7,7,3,0,0,6,0,0,0,0,1,1,1,1,1,52,8,1560,2,5,CITROEN BERLINGO,1,E01006830,0,-1