collision_index,collision_year,collision_ref_no,vehicle_reference,vehicle_type,towing_and_articulation,vehicle_manoeuvre_historic,vehicle_manoeuvre,vehicle_direction_from,vehicle_direction_to,vehicle_location_restricted_lane_historic,vehicle_location_restricted_lane,junction_location,skidding_and_overturning,hit_object_in_carriageway,vehicle_leaving_carriageway,hit_object_off_carriageway,first_point_of_impact,vehicle_left_hand_drive,journey_purpose_of_driver_historic,journey_purpose_of_driver,sex_of_driver,age_of_driver,age_band_of_driver,engine_capacity_cc,propulsion_code,age_of_vehicle,generic_make_model,driver_imd_decile,lsoa_of_driver,escooter_flag,driver_distance_banding
2020552001082,2020,552001082,2,19,0,3,3,2,6,0,0,0,0,0,0,0,2,1,1,1,1,52,8,1560,2,3,CITROEN BERLINGO,5,E01020410,0,-1
2020160965024,2020,160965024,1,98,0,4,4,1,5,0,0,1,0,0,0,0,4,1,6,6,3,-1,-1,1560,2,5,CITROEN BERLINGO,-1,-1,0,-1
2020052001318,2020,052001318,1,9,0,18,19,2,6,0,0,6,0,0,0,0,1,1,6,6,2,53,8,1560,2,9,CITROEN BERLINGO,5,E01006997,0,-1
2020040937707,2020,040937707,2,9,0,18,19,5,1,0,0,8,2,0,7,0,4,1,5,6,1,61,9,1360,1,18,CITROEN BERLINGO,3,E01006944,0,-1
2020140982068,2020,140982068,2,98,0,18,19,1,5,0,0,0,0,0,0,0,1,1,1,1,1,23,5,1500,2,1,CITROEN BERLINGO,3,E01028019,0,-1
2020546078020,2020,546078020,1,9,0,13,13,4,8,0,0,0,0,0,0,0,0,1,6,6,1,53,8,-1,-1,-1,CITROEN BERLINGO,10,E01023169,0,-1
2020030980925,2020,030980925,1,19,0,18,19,8,4,0,0,8,0,0,0,0,3,1,6,6,1,34,6,1560,2,5,CITROEN BERLINGO,9,E01019287,0,-1
2020160917446,2020,160917446,1,98,0,9,9,2,8,0,0,0,0,0,0,0,3,1,2,2,1,57,9,1560,2,8,CITROEN BERLINGO,7,E01013032,0,-1
2020010248340,2020,010248340,1,19,0,18,19,5,1,0,0,0,0,0,5,6,1,1,1,1,1,39,7,1560,2,4,CITROEN BERLINGO,-1,-1,0,-1
2020520003284,2020,520003284,1,9,0,3,3,1,5,0,0,7,0,0,0,0,2,1,6,6,2,62,9,1499,2,1,CITROEN BERLINGO,5,E01029123,0,-1
202006F277696,2020,06F277696,1,19,0,9,9,7,5,0,0,8,0,0,5,0,4,1,6,6,1,63,9,1560,2,12,CITROEN BERLINGO,1,E01032915,0,-1
2020010236266,2020,010236266,1,9,0,10,10,1,6,0,0,6,0,0,0,0,4,1,6,6,2,32,6,1560,2,11,CITROEN BERLINGO,6,E01002955,0,-1
2020230964363,2020,230964363,1,19,0,11,11,3,7,0,0,0,2,0,1,0,2,1,1,1,1,49,8,1560,2,8,CITROEN BERLINGO,4,E01009111,0,-1
202006M175039,2020,06M175039,1,9,0,7,7,8,2,5,5,6,0,0,0,0,4,1,6,6,1,-1,-1,1868,2,15,CITROEN BERLINGO,4,E01006187,0,-1
2020460920294,2020,460920294,1,9,0,18,19,5,1,0,0,0,0,0,0,0,3,1,2,2,1,75,10,1560,2,5,CITROEN BERLINGO,4,E01024541,0,-1
2020400980957,2020,400980957,1,9,0,18,19,3,7,0,0,0,0,0,0,0,1,1,6,6,1,31,6,1560,2,5,CITROEN BERLINGO,5,E01023643,0,-1
2020440100067,2020,440100067,4,19,4,4,4,3,7,0,0,0,0,0,0,0,1,1,6,6,1,18,4,1560,2,9,CITROEN BERLINGO,4,E01017093,0,-1
2020460960573,2020,460960573,1,19,0,18,19,5,6,0,0,0,0,0,0,0,2,1,5,6,1,46,8,1560,2,6,CITROEN BERLINGO,9,E01024265,0,-1
2020010243377,2020,010243377,1,19,0,3,3,7,3,0,0,0,0,0,0,0,2,1,1,1,1,50,8,1560,2,1,CITROEN BERLINGO,-1,-1,0,-1
2020052000321,2020,052000321,3,9,0,18,19,7,3,0,0,1,0,0,0,0,1,1,6,6,2,45,7,1560,2,11,CITROEN BERLINGO,2,E01006763,0,-1
2020070337369,2020,070337369,2,9,0,10,10,5,2,0,0,8,0,0,0,0,2,1,6,6,1,36,7,-1,-1,-1,CITROEN BERLINGO,9,E01018697,0,-1
2020548600920,2020,548600920,1,19,0,7,7,5,1,0,0,2,0,0,0,0,1,1,2,2,1,38,7,1598,2,13,CITROEN BERLINGO,9,E01015481,0,-1
2020302001555,2020,302001555,2,9,0,9,9,6,4,0,0,0,0,0,0,0,3,1,6,6,1,82,11,1560,2,8,CITROEN BERLINGO,7,E01019477,0,-1
2020500929896,2020,500929896,2,19,0,4,4,4,8,0,0,1,0,0,0,0,3,1,1,1,1,52,8,1560,2,10,CITROEN BERLINGO,2,E01018911,0,-1
2020420963657,2020,420963657,1,9,0,17,19,4,1,0,0,0,0,0,0,0,1,1,5,6,2,48,8,1560,2,4,CITROEN BERLINGO,3,E01021687,0,-1
2020160980374,2020,160980374,2,9,0,18,19,2,6,0,0,1,0,0,0,0,1,1,5,6,2,61,9,1560,2,10,CITROEN BERLINGO,5,E01012937,0,-1
2020552000710,2020,552000710,1,9,0,7,7,3,1,4,4,5,0,0,0,0,4,1,6,6,2,34,6,-1,-1,-1,CITROEN BERLINGO,5,E01033283,0,-1
2020010251213,2020,010251213,4,19,0,4,4,1,5,0,0,1,0,0,0,0,1,1,1,1,1,28,6,1560,2,8,CITROEN BERLINGO,6,E01004481,0,-1
2020420972934,2020,420972934,1,9,0,18,19,4,8,0,0,0,0,0,0,0,4,1,1,1,2,29,6,1560,2,1,CITROEN BERLINGO,5,E01022021,0,-1
2020450946653,2020,450946653,1,98,0,18,19,1,5,0,0,0,0,0,0,0,1,1,6,6,1,40,7,1560,2,6,CITROEN BERLINGO,10,E01030486,0,-1
2020122000477,2020,122000477,1,19,0,13,13,3,6,0,0,1,0,0,0,0,4,1,1,1,1,68,10,1560,2,10,CITROEN BERLINGO,10,E01027879,0,-1
2020420982373,2020,420982373,1,19,0,16,19,5,8,0,0,0,5,0,7,0,1,1,6,6,2,18,4,1560,2,4,CITROEN BERLINGO,6,E01015950,0,-1
2020200992232,2020,200992232,1,19,0,3,3,7,3,0,0,8,0,0,0,0,4,1,6,6,2,-1,-1,1500,2,1,CITROEN BERLINGO,-1,-1,0,-1
202063C077420,2020,63C077420,2,19,0,18,19,1,5,0,0,8,0,0,7,10,1,1,1,1,1,31,6,1560,2,2,CITROEN BERLINGO,7,W01000623,0,-1
2020440033385,2020,440033385,1,19,0,18,19,1,5,0,0,0,1,0,1,1,4,1,1,1,1,30,6,1560,2,4,CITROEN BERLINGO,2,E01022903,0,-1
2020160959480,2020,160959480,1,98,0,18,19,2,7,0,0,4,0,0,0,0,1,1,1,1,1,48,8,1500,2,0,CITROEN BERLINGO,1,E01007738,0,-1
2020340K07152,2020,340K07152,2,19,0,2,2,6,2,0,0,1,0,0,0,0,2,1,6,6,1,45,7,1560,2,9,CITROEN BERLINGO,3,E01027081,0,-1
2020440152439,2020,440152439,1,9,0,16,19,4,8,0,0,0,1,0,1,9,1,1,2,2,1,65,9,1560,2,13,CITROEN BERLINGO,7,E01022592,0,-1
2020470930616,2020,470930616,1,9,0,18,19,7,3,0,0,8,0,0,0,0,3,1,5,6,1,53,8,1560,2,9,CITROEN BERLINGO,3,E01021126,0,-1
2020610043420,2020,610043420,1,19,0,9,9,5,3,0,0,1,0,0,0,0,1,1,1,1,1,33,6,1500,2,1,CITROEN BERLINGO,-1,-1,0,-1
2020400981519,2020,400981519,1,19,0,1,1,-1,-1,9,9,0,0,0,0,0,2,1,5,6,2,74,10,1560,2,2,CITROEN BERLINGO,5,E01017418,0,-1
2020010268387,2020,010268387,2,19,0,99,99,9,9,99,99,0,9,99,9,99,1,9,6,6,1,38,7,1560,2,6,CITROEN BERLINGO,4,E01001139,0,-1
202063D041920,2020,63D041920,2,19,0,4,4,8,4,0,0,1,0,0,0,0,0,1,1,1,1,23,5,1560,2,7,CITROEN BERLINGO,7,W01000501,0,-1
2020010231796,2020,010231796,1,9,0,9,9,5,2,1,1,2,0,0,0,0,1,1,1,1,1,54,8,1560,2,8,CITROEN BERLINGO,6,E01003427,0,-1
2020320434619,2020,320434619,1,9,0,1,1,3,7,0,0,0,1,2,0,1,2,1,6,6,1,89,11,1560,2,7,CITROEN BERLINGO,7,E01026392,0,-1
2020040970992,2020,040970992,1,9,0,2,2,7,3,0,0,0,0,0,1,2,1,1,5,6,1,52,8,1560,2,10,CITROEN BERLINGO,6,E01012618,0,-1
2020010265016,2020,010265016,1,19,0,18,19,1,5,0,0,1,0,10,0,0,1,1,6,6,1,42,7,1560,2,7,CITROEN BERLINGO,9,E01021028,0,-1
2020211030918,2020,211030918,2,9,-1,-1,-1,-1,-1,-1,-1,-1,-1,-1,-1,0,-1,1,1,1,2,51,8,1560,2,6,CITROEN BERLINGO,1,E01029372,0,-1
2020500975723,2020,500975723,2,19,0,18,19,3,7,0,0,0,0,0,0,0,2,1,6,6,1,61,9,1560,2,5,CITROEN BERLINGO,5,E01018782,0,-1
2020200945075,2020,200945075,1,19,0,18,19,6,2,0,0,0,0,0,0,0,1,1,6,6,1,77,11,1560,2,8,CITROEN BERLINGO,3,E01009315,0,-1
2020400985322,2020,400985322,2,19,0,18,19,6,2,0,0,0,0,0,0,0,2,1,1,1,1,36,7,1560,2,4,CITROEN BERLINGO,5,E01027302,0,-1
2020470989829,2020,470989829,1,9,0,9,9,6,3,0,0,2,0,0,0,0,1,1,5,6,1,54,8,1560,2,8,CITROEN BERLINGO,5,E01016963,0,-1
2020101027166,2020,101027166,2,19,0,9,9,1,7,0,0,2,0,0,0,0,1,1,1,1,1,-1,-1,1560,2,8,CITROEN BERLINGO,9,E01008620,0,-1
2020500971887,2020,500971887,2,19,0,18,19,8,4,0,0,1,0,0,0,0,4,1,6,6,1,55,8,1868,2,17,CITROEN BERLINGO,9,E01020236,0,-1
2020450990490,2020,450990490,2,19,0,18,19,6,2,0,0,1,0,0,0,0,1,1,6,6,1,46,8,1560,2,9,CITROEN BERLINGO,4,E01030601,0,-1
2020040941962,2020,040941962,1,9,0,18,19,3,7,0,0,1,0,0,0,0,1,1,5,6,1,63,9,-1,-1,-1,CITROEN BERLINGO,1,E01025582,0,-1
2020010232322,2020,010232322,2,19,0,18,19,2,6,0,0,0,0,0,0,0,0,1,1,1,2,49,8,1360,1,15,CITROEN BERLINGO,7,E01000657,0,-1
2020010240022,2020,010240022,1,19,0,99,99,9,9,99,99,0,9,99,9,99,2,9,6,6,3,29,6,1560,2,2,CITROEN BERLINGO,3,E01015973,0,-1
2020040946658,2020,040946658,1,98,0,9,9,3,1,0,0,5,0,0,0,0,4,1,6,6,1,33,6,1560,2,7,CITROEN BERLINGO,7,E01025123,0,-1
2020520001678,2020,520001678,1,9,0,17,19,8,4,0,0,1,0,0,0,1,1,1,6,6,1,51,8,1560,2,11,CITROEN BERLINGO,4,E01014676,0,-1
2020460948875,2020,460948875,2,19,0,18,19,1,5,0,0,1,0,0,1,0,1,1,6,6,1,28,6,1560,2,5,CITROEN BERLINGO,4,E01016055,0,-1
2020010234109,2020,010234109,1,19,0,18,19,9,9,0,0,1,9,4,0,99,1,9,6,6,1,32,6,1560,2,1,CITROEN BERLINGO,9,E01002116,0,-1
2020350955396,2020,350955396,1,19,0,18,19,4,8,0,0,0,0,0,0,0,1,1,6,6,1,37,7,1560,2,7,CITROEN BERLINGO,8,E01018000,0,-1
2020030995786,2020,030995786,2,19,0,18,19,5,1,0,0,8,5,0,0,0,3,1,1,1,1,67,10,1500,2,0,CITROEN BERLINGO,10,E01019368,0,-1
2020110992866,2020,110992866,1,9,0,18,19,7,3,0,0,1,0,0,0,0,3,1,6,6,1,71,10,1868,2,17,CITROEN BERLINGO,3,E01012313,0,-1
2020100928710,2020,100928710,1,19,0,9,9,5,4,0,0,0,0,0,0,0,1,1,6,6,1,40,7,1560,2,9,CITROEN BERLINGO,-1,-1,0,-1
2020420929821,2020,420929821,1,9,0,18,19,1,5,0,0,0,0,0,0,0,1,1,5,6,1,74,10,1997,2,16,CITROEN BERLINGO,1,E01015842,0,-1
2020010249180,2020,010249180,1,98,0,99,99,9,9,99,99,9,9,99,9,99,1,9,6,6,1,43,7,1560,2,4,CITROEN BERLINGO,2,E01002799,0,-1
2020500928152,2020,500928152,1,19,0,9,9,3,1,0,0,0,0,0,0,0,1,1,2,2,1,61,9,1560,2,2,CITROEN BERLINGO,4,E01019064,0,-1
2020440478157,2020,440478157,2,19,0,8,8,8,6,0,0,8,0,0,0,0,1,1,1,1,1,55,8,1997,2,14,CITROEN BERLINGO,8,E01022591,0,-1
2020122000759,2020,122000759,2,9,0,4,4,1,5,0,0,0,0,0,0,0,2,1,2,2,1,68,10,1997,2,15,CITROEN BERLINGO,10,E01011376,0,-1
2020990938132,2020,990938132,2,19,0,18,19,4,8,0,0,0,1,0,7,0,1,1,1,1,1,55,8,1560,2,2,CITROEN BERLINGO,3,-1,0,-1
2020052000281,2020,052000281,1,9,0,7,7,5,6,0,0,8,0,0,7,0,1,1,6,6,2,34,6,1560,2,5,CITROEN BERLINGO,1,E01006821,0,-1
2020010240429,2020,010240429,2,19,0,18,19,1,5,0,0,0,0,0,0,0,1,1,6,6,3,-1,-1,1560,2,8,CITROEN BERLINGO,-1,-1,0,-1
2020010246681,2020,010246681,1,9,0,5,5,4,8,9,9,1,0,10,7,10,1,2,6,6,2,64,9,1560,2,4,CITROEN BERLINGO,3,E01003141,0,-1
2020990941969,2020,990941969,1,9,0,18,19,8,4,0,0,0,1,0,1,10,1,1,5,6,2,23,5,1560,2,10,CITROEN BERLINGO,10,E01019087,0,-1
2020211018670,2020,211018670,1,9,0,18,19,8,8,0,0,1,0,0,0,0,1,1,6,6,1,87,11,1560,2,7,CITROEN BERLINGO,8,E01029650,0,-1
2020461009339,2020,461009339,2,19,0,11,11,4,8,0,0,0,0,0,0,0,2,1,2,2,1,34,6,1868,2,18,CITROEN BERLINGO,5,E01024342,0,-1
2020990960906,2020,990960906,2,9,0,8,8,8,2,0,0,1,0,0,0,0,2,1,6,6,2,34,6,1560,2,14,CITROEN BERLINGO,3,-1,0,-1
2020010269104,2020,010269104,1,19,0,18,19,6,2,0,0,7,0,0,0,0,4,1,1,1,1,61,9,1560,2,9,CITROEN BERLINGO,1,E01003535,0,-1
2020302001550,2020,302001550,1,9,0,18,19,1,5,0,0,0,0,0,0,0,4,1,6,6,1,62,9,1499,2,1,CITROEN BERLINGO,4,E01019554,0,-1
2020350928784,2020,350928784,5,19,0,18,19,7,3,0,0,1,1,0,7,0,1,1,1,1,1,51,8,1560,2,6,CITROEN BERLINGO,2,E01015596,0,-1
2020302001337,2020,302001337,1,9,0,18,19,4,1,0,0,0,0,4,0,0,4,1,6,6,2,50,8,1587,1,15,CITROEN BERLINGO,4,E01019710,0,-1
2020430076837,2020,430076837,1,9,0,18,19,3,7,0,0,0,0,0,7,4,1,1,2,2,1,32,6,-1,-1,-1,CITROEN BERLINGO,-1,-1,0,-1
2020201004826,2020,201004826,1,19,0,18,19,2,6,0,0,2,0,7,0,0,1,1,6,6,1,60,9,1560,2,12,CITROEN BERLINGO,5,E01010213,0,-1
2020622000820,2020,622000820,1,9,0,18,19,2,6,0,0,0,0,0,0,0,1,1,6,6,2,77,11,1200,1,1,CITROEN BERLINGO,8,E01001208,0,-1
2020220933861,2020,220933861,1,19,0,16,19,7,2,0,0,0,0,0,0,0,1,1,1,1,1,29,6,1560,2,3,CITROEN BERLINGO,4,E01031185,0,-1
2020990993310,2020,990993310,1,19,0,18,19,1,5,0,0,0,0,0,0,0,1,1,1,1,1,66,10,1560,2,13,CITROEN BERLINGO,-1,-1,0,-1
2020440464028,2020,440464028,3,19,0,4,4,8,4,0,0,0,0,0,0,0,2,1,1,1,1,41,7,1868,2,14,CITROEN BERLINGO,4,E01023154,0,-1
2020010251213,2020,010251213,2,19,0,3,3,1,5,0,0,1,0,0,0,0,4,1,1,1,1,34,6,1560,2,7,CITROEN BERLINGO,5,E01001646,0,-1
2020622000859,2020,622000859,4,9,0,18,19,2,6,0,0,0,0,0,0,0,1,1,2,2,1,60,9,1560,2,4,CITROEN BERLINGO,9,W01000786,0,-1
2020470990019,2020,470990019,1,9,0,16,19,1,5,0,0,0,0,0,0,0,1,1,5,6,1,34,6,1997,2,15,CITROEN BERLINGO,6,E01031514,0,-1
2020010233918,2020,010233918,2,19,0,3,3,2,6,0,0,0,0,0,0,0,2,1,1,1,1,49,8,1560,2,2,CITROEN BERLINGO,2,E01000013,0,-1
2020451002655,2020,451002655,4,9,0,18,19,5,1,0,0,0,0,0,0,0,0,1,1,1,1,78,11,1560,2,8,CITROEN BERLINGO,7,E01030647,0,-1
2020010234263,2020,010234263,2,19,0,12,12,3,7,0,0,1,0,0,0,0,1,1,1,1,1,47,8,1598,2,13,CITROEN BERLINGO,-1,-1,0,-1
2020110941009,2020,110941009,1,19,0,9,9,7,5,2,2,1,0,0,0,0,1,1,2,2,1,27,6,1868,2,16,CITROEN BERLINGO,8,E01012365,0,-1
2020110987701,2020,110987701,2,19,0,7,7,1,3,0,0,1,0,0,0,0,2,1,6,6,1,76,11,1560,2,5,CITROEN BERLINGO,9,E01033482,0,-1
2020201025994,2020,201025994,1,98,0,18,19,2,4,0,0,0,0,8,7,9,4,1,6,6,1,26,6,1560,2,2,CITROEN BERLINGO,2,E01010315,0,-1
2020500999022,2020,500999022,1,9,0,18,19,3,7,0,0,2,0,0,3,0,1,1,6,6,1,24,5,1587,1,18,CITROEN BERLINGO,5,E01018947,0,-1
2020320631728,2020,320631728,2,19,0,18,19,2,6,0,0,1,0,0,7,0,2,1,1,1,1,30,6,1560,2,4,CITROEN BERLINGO,10,E01026359,0,-1
2020100923821,2020,100923821,2,9,0,18,19,1,5,0,0,8,0,0,0,0,3,1,5,6,2,43,7,1560,2,2,CITROEN BERLINGO,1,E01027545,0,-1
2020302001359,2020,302001359,2,19,0,18,19,6,2,0,0,0,0,0,0,0,1,1,1,1,1,27,6,1560,2,2,CITROEN BERLINGO,9,E01019839,0,-1
2020430126506,2020,430126506,3,19,0,4,4,8,4,0,0,0,0,0,0,0,2,1,1,1,1,25,5,1560,2,2,CITROEN BERLINGO,7,E01032943,0,-1
202006A372148,2020,06A372148,1,19,0,18,19,5,1,0,0,8,0,0,0,0,1,1,6,6,1,30,6,1560,2,12,CITROEN BERLINGO,-1,-1,0,-1
2020161007893,2020,161007893,2,98,0,3,3,3,7,0,0,1,0,0,0,0,2,1,6,6,3,-1,-1,1868,2,18,CITROEN BERLINGO,-1,-1,0,-1
2020470925161,2020,470925161,1,9,0,7,7,3,5,0,0,1,0,0,0,0,1,1,6,6,2,45,7,1560,2,4,CITROEN BERLINGO,6,E01021054,0,-1
2020420993114,2020,420993114,1,9,0,18,19,7,3,0,0,0,0,0,0,0,3,1,5,6,2,37,7,1560,2,13,CITROEN BERLINGO,5,E01022021,0,-1
2020010279140,2020,010279140,2,19,0,18,19,3,7,0,0,1,0,0,0,0,1,1,6,6,3,-1,-1,1560,2,9,CITROEN BERLINGO,-1,-1,0,-1
2020010274953,2020,010274953,1,19,0,9,9,7,4,0,0,5,0,0,0,0,1,1,2,2,1,33,6,1560,2,3,CITROEN BERLINGO,5,E01001271,0,-1
2020122000472,2020,122000472,1,19,0,9,9,7,5,0,0,1,0,0,0,0,1,1,1,1,2,28,6,1560,2,6,CITROEN BERLINGO,8,E01027694,0,-1
2020010282108,2020,010282108,2,19,0,11,11,7,3,0,0,0,0,0,0,0,1,1,6,6,1,18,4,1560,2,5,CITROEN BERLINGO,9,E01004155,0,-1
2020460974358,2020,460974358,2,9,0,13,13,1,5,0,0,0,0,0,0,0,4,1,6,6,2,51,8,1499,2,1,CITROEN BERLINGO,9,E01024107,0,-1
2020010285332,2020,010285332,1,19,0,18,19,1,5,0,0,8,0,0,0,0,4,1,2,2,1,42,7,1560,2,3,CITROEN BERLINGO,10,E01002254,0,-1
20201378H0325,2020,1378H0325,2,19,0,10,10,8,4,0,0,5,0,0,0,0,1,1,2,2,1,54,8,1560,2,6,CITROEN BERLINGO,3,E01011060,0,-1
2020421013685,2020,421013685,2,19,0,18,19,5,1,0,0,0,0,0,0,0,1,1,5,6,1,45,7,1560,2,10,CITROEN BERLINGO,8,E01021604,0,-1
2020440195120,2020,440195120,1,19,0,5,5,8,4,0,0,4,0,0,0,0,3,1,1,1,1,22,5,1560,2,1,CITROEN BERLINGO,6,E01022956,0,-1
2020230964363,2020,230964363,2,19,0,18,19,3,7,0,0,0,0,0,0,0,1,1,1,1,2,36,7,1560,2,5,CITROEN BERLINGO,10,E01004771,0,-1
2020450927609,2020,450927609,1,19,0,7,7,5,1,0,0,1,0,0,1,0,2,1,1,1,1,56,9,1560,2,2,CITROEN BERLINGO,4,E01000788,0,-1
2020010266161,2020,010266161,2,19,0,4,4,5,1,0,0,1,0,0,0,0,0,1,6,6,2,55,8,1560,2,4,CITROEN BERLINGO,4,E01000869,0,-1
2020010269843,2020,010269843,2,19,0,99,99,9,9,99,99,9,9,99,9,99,2,9,6,6,1,40,7,1500,2,1,CITROEN BERLINGO,10,E01017742,0,-1
2020010283885,2020,010283885,1,19,0,3,3,1,5,0,0,0,0,0,0,0,0,1,6,6,1,28,6,1560,2,3,CITROEN BERLINGO,6,E01017812,0,-1
2020990977254,2020,990977254,2,19,0,13,13,3,7,0,0,1,1,0,7,11,1,1,1,1,1,30,6,1560,2,7,CITROEN BERLINGO,10,-1,0,-1
2020552001179,2020,552001179,2,19,0,4,4,7,3,0,0,0,0,0,0,0,2,1,1,1,1,64,9,1560,2,1,CITROEN BERLINGO,1,E01015256,0,-1
202063C014020,2020,63C014020,1,9,0,17,19,4,1,0,0,0,5,0,1,1,1,1,6,6,1,55,8,1868,2,17,CITROEN BERLINGO,6,W01000579,0,-1
2020010262371,2020,010262371,1,19,0,1,1,1,5,9,9,2,0,7,0,0,2,1,6,6,3,-1,-1,1560,2,9,CITROEN BERLINGO,6,E01001648,0,-1
2020100923279,2020,100923279,2,19,0,11,11,3,7,0,0,8,0,0,0,0,1,1,5,6,2,27,6,1560,2,2,CITROEN BERLINGO,3,E01008222,0,-1
2020501003254,2020,501003254,1,19,0,17,19,1,5,0,0,1,0,0,0,0,1,1,1,1,1,58,9,1598,2,12,CITROEN BERLINGO,5,E01018960,0,-1
2020451009875,2020,451009875,2,19,0,1,1,1,5,0,0,0,0,0,0,0,2,1,6,6,1,30,6,1560,2,8,CITROEN BERLINGO,4,E01003020,0,-1
2020010232639,2020,010232639,1,19,0,18,19,2,6,0,0,0,0,10,0,0,1,1,2,2,1,45,7,1560,2,8,CITROEN BERLINGO,9,E01015883,0,-1
2020010263644,2020,010263644,2,19,0,9,9,1,8,0,0,8,0,0,0,0,1,1,1,1,1,22,5,1560,2,4,CITROEN BERLINGO,2,E01002716,0,-1
2020010238567,2020,010238567,1,19,0,9,9,4,2,0,0,1,0,0,0,0,3,1,2,2,1,38,7,1560,2,3,CITROEN BERLINGO,9,E01003356,0,-1
2020101009555,2020,101009555,1,19,0,6,6,3,1,0,0,2,0,0,0,0,3,1,2,2,1,29,6,1997,2,15,CITROEN BERLINGO,5,E01008499,0,-1
2020010241228,2020,010241228,2,19,9,99,99,9,9,0,0,9,9,99,0,0,9,9,6,6,3,-1,-1,1598,2,13,CITROEN BERLINGO,3,E01000974,0,-1
2020470985017,2020,470985017,2,19,0,4,4,2,6,0,0,0,0,0,7,11,2,1,1,1,1,37,7,1560,2,1,CITROEN BERLINGO,5,E01021074,0,-1
2020520100232,2020,520100232,1,9,0,18,19,8,4,0,0,8,0,0,0,0,1,1,6,6,1,21,5,-1,-1,-1,CITROEN BERLINGO,7,E01029149,0,-1
2020010237207,2020,010237207,2,19,0,12,12,1,5,0,0,0,0,0,0,0,2,1,6,6,1,-1,-1,1560,2,8,CITROEN BERLINGO,6,E01018156,0,-1
2020010279501,2020,010279501,2,19,0,99,99,9,9,99,99,9,9,99,9,99,0,9,6,6,3,-1,-1,1499,2,1,CITROEN BERLINGO,-1,-1,0,-1
2020500979027,2020,500979027,4,9,0,2,2,0,0,0,0,8,0,0,0,0,3,1,5,6,2,-1,-1,1560,2,1,CITROEN BERLINGO,4,E01015241,0,-1
2020160982046,2020,160982046,3,9,0,3,3,6,2,0,0,1,0,0,0,0,3,1,5,6,1,50,8,1997,2,15,CITROEN BERLINGO,5,E01013268,0,-1
2020520003441,2020,520003441,1,9,0,18,19,6,2,0,0,0,0,0,0,0,4,1,6,6,1,80,11,1868,2,18,CITROEN BERLINGO,-1,-1,0,-1
2020010255656,2020,010255656,1,19,0,18,19,1,5,0,0,0,0,0,0,0,2,9,6,6,1,61,9,1560,2,4,CITROEN BERLINGO,2,E01004323,0,-1
2020170M10560,2020,170M10560,1,9,0,18,19,8,4,0,0,0,0,0,0,0,1,1,2,2,1,23,5,-1,-1,-1,CITROEN BERLINGO,1,E01012085,0,-1
2020460929379,2020,460929379,2,19,0,18,19,5,1,0,0,1,0,0,0,0,1,1,6,6,1,74,10,1560,2,6,CITROEN BERLINGO,5,E01023998,0,-1
2020500948278,2020,500948278,1,19,0,16,19,4,8,0,0,1,0,0,0,0,1,1,6,6,1,41,7,1868,2,15,CITROEN BERLINGO,-1,-1,0,-1
2020361017363,2020,361017363,1,98,0,-1,-1,-1,-1,-1,-1,0,-1,-1,-1,0,-1,1,6,6,1,57,9,1560,2,4,CITROEN BERLINGO,1,E01026800,0,-1
2020220971800,2020,220971800,1,19,0,18,19,2,6,0,0,0,0,0,1,7,4,1,5,6,1,34,6,1560,2,7,CITROEN BERLINGO,5,E01009169,0,-1
2020420970333,2020,420970333,1,19,0,11,11,5,1,0,0,0,0,0,0,0,1,1,6,6,1,30,6,1560,2,5,CITROEN BERLINGO,2,E01021872,0,-1
2020010280727,2020,010280727,2,19,0,2,2,0,0,0,0,1,0,0,0,0,1,1,6,6,3,-1,-1,1868,2,18,CITROEN BERLINGO,-1,-1,0,-1
2020302001616,2020,302001616,2,9,0,18,19,2,6,0,0,1,0,0,0,0,3,1,6,6,2,35,6,1560,2,9,CITROEN BERLINGO,-1,-1,0,-1
2020122000586,2020,122000586,1,19,0,18,19,3,7,0,0,1,0,0,0,0,1,1,1,1,1,57,9,1560,2,2,CITROEN BERLINGO,6,E01027760,0,-1
2020460945100,2020,460945100,1,19,0,9,9,2,8,0,0,0,0,0,0,0,3,1,1,1,1,43,7,1560,2,2,CITROEN BERLINGO,8,E01030393,0,-1
2020500938602,2020,500938602,2,8,0,17,19,5,1,0,0,1,0,0,0,0,3,1,1,1,1,62,9,1500,2,1,-1,6,E01019003,0,-1
2020010277036,2020,010277036,1,19,0,99,99,9,9,99,99,9,9,99,9,99,9,9,6,6,1,56,9,1500,2,0,CITROEN BERLINGO,9,E01002256,0,-1
2020010269511,2020,010269511,2,19,0,99,99,9,9,99,99,9,9,99,9,99,9,9,6,6,3,30,6,1560,2,4,CITROEN BERLINGO,4,E01001050,0,-1