collision_index,collision_year,collision_ref_no,vehicle_reference,vehicle_type,towing_and_articulation,vehicle_manoeuvre_historic,vehicle_manoeuvre,vehicle_direction_from,vehicle_direction_to,vehicle_location_restricted_lane_historic,vehicle_location_restricted_lane,junction_location,skidding_and_overturning,hit_object_in_carriageway,vehicle_leaving_carriageway,hit_object_off_carriageway,first_point_of_impact,vehicle_left_hand_drive,journey_purpose_of_driver_historic,journey_purpose_of_driver,sex_of_driver,age_of_driver,age_band_of_driver,engine_capacity_cc,propulsion_code,age_of_vehicle,generic_make_model,driver_imd_decile,lsoa_of_driver,escooter_flag,driver_distance_banding
2020140997752,2020,140997752,1,9,0,18,19,5,2,0,0,0,0,0,0,0,1,1,2,2,1,57,9,1560,2,11,CITROEN BERLINGO,6,E01007404,0,-1
2020340D04952,2020,340D04952,2,9,0,18,19,7,3,0,0,0,0,0,0,0,1,1,1,1,1,33,6,-1,-1,-1,CITROEN BERLINGO,6,E01026986,0,-1
2020432003741,2020,432003741,2,9,0,18,19,1,5,0,0,0,0,0,0,0,1,1,6,6,1,59,9,1560,2,4,CITROEN BERLINGO,8,E01016760,0,-1
2020010282586,2020,010282586,1,9,0,7,7,5,7,0,0,2,0,0,0,0,1,1,2,2,1,53,8,1868,2,15,CITROEN BERLINGO,2,E01021851,0,-1
2020040994546,2020,040994546,1,98,0,18,19,7,3,0,0,0,0,0,1,4,1,1,1,1,1,59,9,1500,2,0,CITROEN BERLINGO,1,E01006642,0,-1
2020440449884,2020,440449884,2,9,0,3,3,3,7,0,0,1,0,0,0,0,2,1,6,6,2,68,10,1598,2,13,CITROEN BERLINGO,9,E01023152,0,-1
2020010236167,2020,010236167,1,19,0,9,9,1,7,0,0,8,0,0,0,0,1,2,2,2,1,30,6,1560,2,3,CITROEN BERLINGO,3,E01001900,0,-1
2020200985727,2020,200985727,1,19,0,2,2,0,0,7,6,0,0,0,0,0,2,1,1,1,1,30,6,1560,2,11,CITROEN BERLINGO,1,E01008941,0,-1
2020302001482,2020,302001482,1,9,0,18,19,1,5,0,0,1,0,0,1,10,1,1,6,6,1,80,11,1560,2,8,CITROEN BERLINGO,6,E01019782,0,-1
2020070357036,2020,070357036,1,19,0,18,19,6,2,0,0,0,1,0,0,0,1,1,1,1,2,23,5,1560,2,2,CITROEN BERLINGO,5,W01000104,0,-1
2020500948130,2020,500948130,4,9,0,2,2,0,0,6,6,0,0,0,0,0,2,1,5,6,1,68,10,1587,1,11,CITROEN BERLINGO,9,E01033233,0,-1
2020200981913,2020,200981913,1,19,0,18,19,4,8,0,0,2,0,4,7,10,1,1,6,6,1,23,5,1868,2,13,CITROEN BERLINGO,1,E01009700,0,-1
2020340E04522,2020,340E04522,2,19,0,4,4,6,2,0,0,0,0,0,0,0,1,1,1,1,1,52,8,1560,2,9,CITROEN BERLINGO,7,E01015659,0,-1
2020010256208,2020,010256208,1,19,0,4,4,6,2,0,0,0,0,0,0,0,1,1,6,6,1,-1,-1,1560,2,4,CITROEN BERLINGO,5,E01004353,0,-1
2020160920950,2020,160920950,1,9,0,18,19,4,8,0,0,1,1,0,7,1,1,1,2,2,1,20,4,-1,-1,-1,CITROEN BERLINGO,3,E01027833,0,-1
2020400955955,2020,400955955,1,9,0,7,7,7,7,0,0,0,0,0,0,0,0,1,5,6,1,28,6,1868,2,19,CITROEN BERLINGO,2,E01015759,0,-1
2020040962372,2020,040962372,1,9,0,18,19,3,7,0,0,0,0,0,0,0,1,1,1,1,1,42,7,-1,-1,-1,CITROEN BERLINGO,9,E01025303,0,-1
2020101001296,2020,101001296,1,9,0,5,5,4,8,0,0,8,1,0,0,0,1,1,1,1,1,49,8,-1,-1,-1,CITROEN BERLINGO,-1,-1,0,-1
2020460970153,2020,460970153,1,9,0,17,19,7,3,0,0,0,0,0,1,0,1,1,5,6,1,14,3,1560,2,4,CITROEN BERLINGO,6,E01024807,0,-1
2020990963671,2020,990963671,2,19,0,4,4,6,2,0,0,0,0,4,0,0,2,1,6,6,1,46,8,1560,2,6,CITROEN BERLINGO,5,-1,0,-1
2020040990970,2020,040990970,1,9,0,18,19,5,2,0,0,0,5,0,7,11,3,1,5,6,1,35,6,1868,2,16,CITROEN BERLINGO,7,E01025347,0,-1
2020450982548,2020,450982548,1,98,0,18,19,5,1,0,0,0,0,0,0,0,1,1,6,6,3,45,7,1560,2,2,CITROEN BERLINGO,-1,-1,0,-1
2020040941149,2020,040941149,2,98,0,17,19,5,1,0,0,1,0,0,0,0,3,1,5,6,1,67,10,1560,2,3,CITROEN BERLINGO,5,E01024969,0,-1
2020010278159,2020,010278159,1,19,0,18,19,1,5,0,0,1,0,0,0,0,1,1,1,1,1,51,8,1560,2,2,CITROEN BERLINGO,4,E01002600,0,-1
2020010232087,2020,010232087,1,19,0,18,19,3,7,0,0,1,1,0,1,1,3,1,6,6,1,57,9,1598,2,13,CITROEN BERLINGO,9,E01002995,0,-1
2020160938415,2020,160938415,1,98,0,18,19,2,6,0,0,2,0,0,0,0,1,1,2,2,1,36,7,1560,2,8,CITROEN BERLINGO,1,E01012908,0,-1
2020010284258,2020,010284258,1,9,0,9,9,7,6,0,0,1,0,0,0,0,1,1,6,6,2,68,10,1500,2,1,CITROEN BERLINGO,1,E01004042,0,-1
2020990935391,2020,990935391,2,9,0,3,3,7,2,0,0,0,0,0,0,0,2,1,1,1,2,31,6,1461,2,1,DACIA SANDERO,1,-1,0,-1
2020340E01132,2020,340E01132,1,9,0,11,11,3,7,0,0,3,0,0,0,0,3,1,6,6,2,-1,-1,1149,1,4,DACIA SANDERO,-1,-1,0,-1
2020530964224,2020,530964224,1,9,0,9,9,6,2,0,0,1,0,0,0,0,3,1,6,6,1,81,11,898,1,6,DACIA SANDERO,9,E01031935,0,-1
202006F169919,2020,06F169919,1,9,0,9,9,1,6,0,0,8,0,0,0,0,3,1,6,6,2,30,6,1149,1,6,DACIA SANDERO,-1,-1,0,-1
2020070101494,2020,070101494,1,9,0,18,19,7,3,0,0,0,5,0,0,0,4,1,6,6,1,58,9,898,1,2,DACIA SANDERO,7,E01007307,0,-1
2020500944254,2020,500944254,1,9,0,4,4,6,2,0,0,3,0,0,0,0,1,1,5,6,2,26,6,898,1,5,DACIA SANDERO,1,E01015075,0,-1
2020160921227,2020,160921227,3,9,0,18,19,3,7,0,0,0,0,0,0,0,2,1,6,6,1,59,9,1461,2,3,DACIA SANDERO,1,E01013210,0,-1
2020622001120,2020,622001120,2,9,0,17,19,4,8,0,0,8,0,0,0,0,2,1,6,6,1,38,7,898,1,5,DACIA SANDERO,6,W01001865,0,-1
2020030928987,2020,030928987,2,9,0,3,3,6,3,0,0,0,0,0,0,0,2,1,6,6,2,26,6,1149,1,7,DACIA SANDERO,-1,-1,0,-1
2020010250980,2020,010250980,2,9,0,18,19,5,1,0,0,4,0,0,0,0,1,1,2,2,1,43,7,998,1,1,DACIA SANDERO,7,E01002412,0,-1
2020990923870,2020,990923870,1,9,0,9,9,3,1,0,0,1,0,0,0,0,1,1,6,6,2,76,11,1149,1,5,DACIA SANDERO,6,-1,0,-1
2020200944528,2020,200944528,2,9,0,18,19,-1,-1,0,0,2,0,0,0,0,2,1,6,6,2,54,8,898,1,1,DACIA SANDERO,7,E01008968,0,-1
2020460957652,2020,460957652,2,9,0,18,19,5,1,0,0,0,0,0,0,0,2,1,5,6,2,34,6,898,1,4,DACIA SANDERO,4,E01024176,0,-1
2020100955883,2020,100955883,2,9,0,9,9,1,5,0,0,1,0,0,0,0,1,1,2,2,2,38,7,898,1,3,DACIA SANDERO,8,E01027514,0,-1
2020990973039,2020,990973039,2,9,0,18,19,7,3,0,0,0,0,0,0,0,2,1,2,2,2,52,8,898,1,2,DACIA SANDERO,3,-1,0,-1
2020440286945,2020,440286945,3,9,0,18,19,7,3,0,0,0,0,0,0,0,3,1,6,6,2,29,6,898,1,3,DACIA SANDERO,7,E01000986,0,-1
2020040977508,2020,040977508,2,9,0,18,19,1,5,0,0,2,0,0,0,0,1,1,5,6,1,82,11,1461,2,5,DACIA SANDERO,10,E01025464,0,-1
2020530960395,2020,530960395,2,9,0,18,19,7,1,0,0,3,0,0,0,0,2,1,5,6,2,73,10,1461,2,2,DACIA SANDERO,8,E01022352,0,-1
2020501001469,2020,501001469,2,9,0,18,19,1,5,0,0,0,0,0,0,0,2,1,5,6,1,56,9,1461,2,4,DACIA SANDERO,3,E01015150,0,-1
202006P169243,2020,06P169243,2,9,0,18,19,1,7,0,0,8,0,0,0,0,4,1,6,6,2,22,5,898,1,4,DACIA SANDERO,3,E01005589,0,-1
2020100980999,2020,100980999,2,9,0,18,19,5,2,0,0,0,0,0,0,0,1,1,5,6,2,28,6,1461,2,6,DACIA SANDERO,10,E01008271,0,-1
20201371U1517,2020,1371U1517,1,9,0,4,4,2,6,0,0,0,0,0,0,0,2,1,6,6,1,64,9,1461,2,4,DACIA SANDERO,5,E01011022,0,-1
2020990938980,2020,990938980,1,9,0,18,19,1,5,0,0,0,0,0,0,0,1,1,5,6,2,55,8,898,1,3,DACIA SANDERO,3,-1,0,-1
2020990971335,2020,990971335,1,9,0,17,19,8,4,0,0,0,0,0,0,0,1,1,2,2,2,38,7,998,1,3,DACIA SANDERO,7,-1,0,-1
202006L274028,2020,06L274028,1,9,0,4,4,7,3,0,0,2,0,0,0,0,1,1,6,6,2,43,7,1461,2,5,DACIA SANDERO,8,E01006345,0,-1
2020440352876,2020,440352876,2,9,0,18,19,2,6,0,0,0,0,0,0,0,4,1,6,6,1,-1,-1,1461,2,3,DACIA SANDERO,-1,-1,0,-1
2020440246264,2020,440246264,2,9,0,18,19,7,3,0,0,8,0,0,0,0,4,1,6,6,2,37,7,1461,2,5,DACIA SANDERO,5,E01017368,0,-1
2020140992605,2020,140992605,1,9,0,5,5,2,3,9,9,0,0,0,0,0,1,1,1,1,1,21,5,898,1,5,DACIA SANDERO,6,E01007347,0,-1
2020100964006,2020,100964006,1,9,0,4,4,3,7,0,0,1,0,7,0,0,4,1,5,6,1,34,6,1461,2,5,DACIA SANDERO,4,E01032484,0,-1
202031D126820,2020,31D126820,1,9,0,9,9,5,3,0,0,6,0,0,0,0,1,1,6,6,1,80,11,898,1,5,DACIA SANDERO,1,E01013860,0,-1
2020541958520,2020,541958520,1,9,0,18,19,7,3,0,0,4,0,0,0,0,1,1,2,2,1,58,9,1461,2,6,DACIA SANDERO,9,E01032069,0,-1
2020200998264,2020,200998264,3,9,0,2,2,0,0,9,9,2,0,0,0,0,1,1,6,6,3,-1,-1,1461,2,5,DACIA SANDERO,-1,-1,0,-1
2020500981212,2020,500981212,1,9,0,18,19,3,7,0,0,8,0,0,0,0,1,1,5,6,1,64,9,898,1,7,DACIA SANDERO,10,E01020242,0,-1
2020010245833,2020,010245833,2,9,0,99,99,9,9,99,99,9,9,99,9,99,9,9,6,6,3,36,7,1461,2,4,DACIA SANDERO,9,E01021828,0,-1
2020160981892,2020,160981892,1,9,0,2,2,0,0,0,0,0,0,0,0,0,3,1,5,6,1,27,6,1461,2,6,DACIA SANDERO,-1,-1,0,-1
202006L270307,2020,06L270307,2,9,0,18,19,4,8,0,0,0,0,0,0,0,3,1,6,6,3,-1,-1,1461,2,5,DACIA SANDERO,-1,-1,0,-1
2020461010844,2020,461010844,1,9,0,18,19,3,7,0,0,1,0,0,0,0,4,1,6,6,2,69,10,998,1,2,DACIA SANDERO,5,E01024356,0,-1
2020070703845,2020,070703845,1,9,0,4,4,8,4,0,0,1,0,0,0,0,1,1,6,6,2,42,7,898,1,3,DACIA SANDERO,10,E01018475,0,-1
2020500968028,2020,500968028,2,9,0,3,3,3,3,0,0,0,0,0,0,0,2,1,5,6,2,55,8,998,1,3,DACIA SANDERO,2,E01015190,0,-1
2020430091690,2020,430091690,1,9,0,5,5,1,5,0,0,0,0,0,0,0,0,1,6,6,1,72,10,898,1,2,DACIA SANDERO,10,E01028797,0,-1
2020010261047,2020,010261047,1,9,0,99,99,9,9,99,99,9,9,99,9,99,1,9,6,6,1,27,6,898,1,7,DACIA SANDERO,3,E01001370,0,-1
202006L267379,2020,06L267379,1,9,0,7,7,1,3,0,0,8,0,0,0,0,1,1,6,6,1,85,11,898,1,4,DACIA SANDERO,1,E01006288,0,-1
202063B046320,2020,63B046320,2,9,0,18,19,1,5,0,0,0,0,0,0,0,3,1,6,6,1,29,6,898,1,5,DACIA SANDERO,9,W01000549,0,-1
2020460921376,2020,460921376,3,9,0,18,19,3,7,0,0,0,0,0,0,0,3,1,5,6,1,62,9,898,1,2,DACIA SANDERO,5,E01000430,0,-1
2020141008622,2020,141008622,1,9,0,18,19,1,5,0,0,8,0,0,0,0,1,1,6,6,2,28,6,1461,2,3,DACIA SANDERO,4,E01007353,0,-1
2020137CE0349,2020,137CE0349,1,9,0,18,19,5,1,0,0,8,0,0,0,0,1,1,2,2,2,35,6,1461,2,4,DACIA SANDERO,6,E01010909,0,-1
2020010252026,2020,010252026,1,9,0,9,9,1,8,0,0,8,0,0,0,0,1,1,6,6,2,23,5,1461,2,4,DACIA SANDERO,2,E01002741,0,-1
2020350953190,2020,350953190,1,9,0,2,2,7,5,0,0,0,0,0,0,0,0,1,5,6,1,72,10,1149,1,5,DACIA SANDERO,5,E01018009,0,-1
2020480932282,2020,480932282,1,9,0,6,6,6,6,0,0,0,0,0,0,0,4,1,5,6,1,35,6,898,1,3,DACIA SANDERO,3,E01024264,0,-1
2020610029620,2020,610029620,2,9,0,15,15,4,8,0,0,1,0,4,0,0,1,1,1,1,1,46,8,1461,2,5,DACIA SANDERO,3,W01001485,0,-1
2020040930637,2020,040930637,1,9,0,18,19,3,7,0,0,0,1,0,5,6,1,1,5,6,1,38,7,1461,2,4,DACIA SANDERO,9,E01025126,0,-1
2020230925250,2020,230925250,1,9,0,18,19,4,8,0,0,0,0,0,0,0,1,1,5,6,1,80,11,898,1,2,DACIA SANDERO,5,W01000191,0,-1
2020500958355,2020,500958355,1,9,0,18,19,7,3,0,0,0,0,0,0,0,4,1,1,1,2,49,8,898,1,2,DACIA SANDERO,6,E01018915,0,-1
2020137190254,2020,137190254,3,9,0,4,4,6,2,0,0,8,1,0,0,0,1,1,1,1,2,54,8,1461,2,7,DACIA SANDERO,6,E01010588,0,-1
2020052000462,2020,052000462,2,9,0,18,19,5,1,0,0,1,0,0,0,0,3,1,2,2,1,63,9,1461,2,6,DACIA SANDERO,1,E01006764,0,-1
2020420960969,2020,420960969,2,9,0,4,4,5,1,0,0,0,0,0,0,0,2,1,6,6,2,49,8,898,1,4,DACIA SANDERO,-1,-1,0,-1
2020440057730,2020,440057730,2,9,0,7,7,1,4,0,0,8,0,0,0,0,3,1,6,6,1,66,10,898,1,2,DACIA SANDERO,4,E01017297,0,-1
20201373D1087,2020,1373D1087,1,9,0,18,19,5,1,0,0,6,0,0,0,0,3,1,6,6,2,44,7,1461,2,3,DACIA SANDERO,1,E01011293,0,-1
2020500971721,2020,500971721,1,9,0,9,9,8,7,0,0,2,0,0,0,0,3,1,2,2,2,46,8,898,1,2,DACIA SANDERO,1,E01019020,0,-1
2020400930274,2020,400930274,1,9,0,18,19,1,5,0,0,0,0,0,0,0,1,1,1,1,1,34,6,1461,2,5,DACIA SANDERO,9,E01020628,0,-1
2020500966597,2020,500966597,2,9,0,7,7,5,6,0,0,8,0,0,0,0,3,1,5,6,2,24,5,898,1,0,DACIA SANDERO,7,E01019899,0,-1
2020420956293,2020,420956293,1,9,0,9,9,3,1,0,0,5,0,0,0,0,4,1,6,6,1,52,8,898,1,2,DACIA SANDERO,9,E01022099,0,-1
2020500931608,2020,500931608,2,9,0,9,9,7,5,0,0,1,0,0,0,0,1,1,5,6,1,84,11,898,1,4,DACIA SANDERO,2,E01018868,0,-1
2020220988064,2020,220988064,1,9,0,17,19,5,2,0,0,2,0,0,0,0,2,1,5,6,1,40,7,1461,2,4,DACIA SANDERO,5,E01032279,0,-1
202006K268552,2020,06K268552,3,9,0,18,19,5,1,0,0,1,0,0,0,0,1,1,6,6,1,59,9,898,1,5,DACIA SANDERO,8,E01004778,0,-1
2020990970929,2020,990970929,1,9,0,18,19,2,6,0,0,0,5,4,0,0,1,1,2,2,2,27,6,1149,1,7,DACIA SANDERO,7,-1,0,-1
2020010254923,2020,010254923,1,9,0,18,19,3,7,0,0,1,0,0,0,0,1,1,6,6,2,47,8,998,1,2,DACIA SANDERO,9,E01022137,0,-1
2020450920574,2020,450920574,2,9,0,1,1,3,7,6,6,0,0,0,0,0,2,1,6,6,2,60,9,898,1,6,DACIA SANDERO,9,E01030488,0,-1
2020370999906,2020,370999906,1,9,0,18,19,2,6,0,0,0,0,0,0,0,1,1,2,2,1,36,7,998,1,3,DACIA SANDERO,8,E01033445,0,-1
2020302000687,2020,302000687,1,9,0,18,19,2,6,0,0,0,0,0,0,0,4,1,6,6,2,45,7,898,1,2,DACIA SANDERO,6,E01019873,0,-1
2020990940697,2020,990940697,1,9,0,9,9,3,8,0,0,1,0,0,0,0,1,1,5,6,1,21,5,898,1,2,DACIA SANDERO,2,-1,0,-1
2020420968308,2020,420968308,2,9,0,3,3,7,3,0,0,0,0,0,0,0,2,1,5,6,2,68,10,898,1,5,DACIA SANDERO,1,E01015932,0,-1
2020500997439,2020,500997439,1,9,0,4,4,7,3,0,0,0,1,0,0,0,2,1,5,6,1,18,4,898,1,6,DACIA SANDERO,4,E01018850,0,-1
2020991005625,2020,991005625,1,9,0,18,19,1,5,0,0,6,1,0,0,0,1,1,6,6,1,29,6,1461,2,3,DACIA SANDERO,1,-1,0,-1
2020137250402,2020,137250402,2,9,0,1,1,0,0,0,0,0,0,0,0,0,1,1,6,6,2,32,6,1461,2,2,DACIA SANDERO,1,E01011622,0,-1
2020010254281,2020,010254281,1,9,0,7,7,5,7,0,0,8,0,0,0,0,1,1,1,1,2,71,10,898,1,6,DACIA SANDERO,-1,-1,0,-1
2020990957098,2020,990957098,1,9,0,18,19,5,1,0,0,0,1,0,1,4,1,1,6,6,2,31,6,898,1,3,DACIA SANDERO,4,-1,0,-1
2020200996115,2020,200996115,2,9,5,12,12,6,2,0,0,3,5,10,0,0,1,1,6,6,1,66,10,1149,1,4,DACIA SANDERO,2,E01010562,0,-1
2020010248644,2020,010248644,1,9,0,4,4,5,1,0,0,4,0,0,0,0,2,1,2,2,1,51,8,898,1,6,DACIA SANDERO,3,E01003631,0,-1
2020052001275,2020,052001275,1,9,0,9,9,5,3,0,0,8,0,0,0,0,1,1,6,6,2,54,8,898,1,3,DACIA SANDERO,7,E01018540,0,-1
2020411017963,2020,411017963,2,9,0,5,5,3,7,0,0,3,1,0,0,0,1,1,6,6,2,22,5,1149,1,6,DACIA SANDERO,5,E01023584,0,-1
2020010285540,2020,010285540,1,9,0,9,9,6,4,0,0,5,0,0,0,0,1,1,6,6,1,46,8,1461,2,5,DACIA SANDERO,9,E01002996,0,-1
2020010253886,2020,010253886,1,9,0,99,99,9,9,99,99,9,9,99,9,99,2,9,6,6,1,18,4,898,1,4,DACIA SANDERO,3,E01001970,0,-1
2020470955796,2020,470955796,1,9,0,4,4,8,4,0,0,0,0,0,0,0,1,1,6,6,1,30,6,898,1,4,DACIA SANDERO,3,E01016926,0,-1
2020160922305,2020,160922305,1,9,0,18,19,5,1,0,0,3,0,10,7,11,1,1,5,6,1,34,6,1149,1,4,DACIA SANDERO,3,E01012899,0,-1
2020340K01022,2020,340K01022,1,9,0,8,8,4,8,0,0,6,0,0,0,0,1,1,6,6,1,68,10,1149,1,5,DACIA SANDERO,1,E01027127,0,-1
202063A021720,2020,63A021720,1,9,0,18,19,-1,-1,0,0,0,0,0,0,0,1,1,6,6,2,90,11,898,1,1,DACIA SANDERO,6,W01000687,0,-1
2020460953170,2020,460953170,1,9,0,18,19,6,2,0,0,0,0,0,0,0,3,1,5,6,1,37,7,898,1,4,DACIA SANDERO,8,E01024106,0,-1
2020430381478,2020,430381478,2,9,0,8,8,2,6,0,0,1,0,0,0,0,2,1,1,1,2,39,7,1461,2,6,DACIA SANDERO,2,E01016847,0,-1
2020140987486,2020,140987486,2,9,0,7,7,4,6,0,0,3,0,0,0,0,4,1,6,6,1,71,10,1461,2,5,DACIA SANDERO,3,E01007550,0,-1
2020991009440,2020,991009440,1,9,0,18,19,2,6,0,0,0,0,4,0,0,1,1,6,6,2,62,9,898,1,5,DACIA SANDERO,6,-1,0,-1
2020052000176,2020,052000176,1,9,0,9,9,7,5,0,0,6,0,0,0,0,1,1,6,6,2,29,6,1149,1,4,DACIA SANDERO,1,E01032508,0,-1
2020548660720,2020,548660720,3,9,0,2,2,0,0,0,0,0,0,0,0,0,3,1,6,6,1,35,6,1149,1,5,DACIA SANDERO,8,E01015536,0,-1
2020552001134,2020,552001134,2,9,0,4,4,6,2,0,0,5,0,0,0,0,2,1,6,6,2,44,7,1149,1,5,DACIA SANDERO,7,E01020428,0,-1
2020010255455,2020,010255455,3,9,0,2,2,0,0,9,9,0,0,0,0,0,3,1,6,6,3,-1,-1,1461,2,3,DACIA SANDERO,-1,-1,0,-1
202006L270917,2020,06L270917,1,9,0,18,19,7,3,0,0,0,0,0,0,0,1,1,6,6,1,30,6,1149,1,4,DACIA SANDERO,-1,-1,0,-1
2020990954257,2020,990954257,1,9,0,9,9,8,6,0,0,0,5,0,1,11,4,1,5,6,2,50,8,1461,2,7,DACIA SANDERO,4,-1,0,-1
2020211010937,2020,211010937,1,9,-1,-1,-1,6,2,-1,-1,0,-1,-1,-1,0,-1,1,6,6,1,43,7,898,1,2,DACIA SANDERO,4,E01032381,0,-1
2020137280742,2020,137280742,2,9,0,4,4,4,3,0,0,0,0,0,0,0,2,1,6,6,2,89,11,1461,2,2,DACIA SANDERO,10,E01011563,0,-1
2020010248875,2020,010248875,1,9,0,99,99,9,9,99,99,0,9,99,9,99,9,9,6,6,3,36,7,898,1,2,DACIA SANDERO,3,E01003201,0,-1
2020110937851,2020,110937851,1,9,0,18,19,5,1,0,0,0,0,0,0,0,1,1,1,1,1,50,8,898,1,2,DACIA SANDERO,4,E01020607,0,-1
2020530938479,2020,530938479,1,9,0,17,19,6,8,0,0,0,2,10,0,0,1,1,1,1,2,56,9,998,1,2,DACIA SANDERO,2,E01022332,0,-1
2020991010984,2020,991010984,1,9,0,18,19,4,8,0,0,0,0,0,0,0,1,1,5,6,1,64,9,898,1,0,DACIA SANDERO,4,-1,0,-1
2020470952877,2020,470952877,2,9,0,9,9,4,1,0,0,0,0,0,0,0,0,1,5,6,1,48,8,898,1,3,DACIA SANDERO,5,E01017021,0,-1
2020990934342,2020,990934342,2,9,0,18,19,2,6,0,0,0,0,0,0,0,2,1,5,6,2,57,9,1461,2,3,DACIA SANDERO,8,-1,0,-1
2020420990878,2020,420990878,1,9,0,18,19,3,7,0,0,0,0,0,0,0,1,1,5,6,1,81,11,998,1,3,DACIA SANDERO,5,E01021491,0,-1
2020160979486,2020,160979486,1,9,0,9,9,4,2,0,0,1,0,0,0,0,4,1,5,6,1,84,11,998,1,3,DACIA SANDERO,3,E01012784,0,-1
2020220938914,2020,220938914,1,9,0,9,9,4,2,0,0,6,0,0,0,0,1,1,5,6,1,25,5,898,1,1,DACIA SANDERO,6,E01032480,0,-1
2020070604213,2020,070604213,2,9,0,9,9,3,1,0,0,8,0,0,0,0,3,1,6,6,2,46,8,1461,2,6,DACIA SANDERO,9,E01012376,0,-1
2020070559989,2020,070559989,1,9,0,18,19,1,5,0,0,2,0,0,0,0,1,1,1,1,2,40,7,1461,2,2,DACIA SANDERO,3,E01012427,0,-1
2020140924811,2020,140924811,1,9,0,18,19,6,2,0,0,0,0,4,0,0,3,1,6,6,3,-1,-1,1149,1,5,DACIA SANDERO,-1,-1,0,-1
2020991003743,2020,991003743,2,9,0,18,19,2,6,0,0,0,0,0,0,0,2,1,5,6,2,43,7,998,1,1,DACIA SANDERO,7,-1,0,-1
2020010246911,2020,010246911,2,9,0,99,99,9,9,99,99,9,9,99,9,99,9,9,6,6,3,-1,-1,1461,2,3,DACIA SANDERO,-1,-1,0,-1
2020200940488,2020,200940488,4,9,0,2,2,0,0,0,0,2,0,0,0,0,1,1,6,6,1,76,11,898,1,1,DACIA SANDERO,2,E01009028,0,-1
2020470953393,2020,470953393,3,9,0,3,3,7,4,0,0,0,0,0,0,0,2,1,5,6,1,37,7,1461,2,6,DACIA SANDERO,6,E01031477,0,-1
2020610034920,2020,610034920,1,9,0,18,19,8,4,0,0,1,0,0,0,0,4,1,1,1,2,32,6,898,1,2,DACIA SANDERO,4,W01001686,0,-1
2020030997142,2020,030997142,2,9,0,3,3,3,7,0,0,1,0,0,0,0,1,1,6,6,1,67,10,1461,2,2,DACIA SANDERO,2,E01019199,0,-1
2020440222059,2020,440222059,2,9,0,18,19,5,1,0,0,0,0,0,0,0,1,1,6,6,2,53,8,1149,1,4,DACIA SANDERO,4,E01017309,0,-1
2020230918447,2020,230918447,4,9,0,4,4,1,5,0,0,2,0,0,0,0,1,1,5,6,2,52,8,898,1,6,DACIA SANDERO,2,E01031119,0,-1
2020522100870,2020,522100870,1,9,0,18,19,3,7,0,0,8,0,0,0,0,3,1,6,6,1,49,8,998,1,0,DACIA SANDERO,4,E01015007,0,-1
2020160969973,2020,160969973,1,9,0,18,19,7,3,0,0,0,0,0,0,0,0,1,6,6,3,-1,-1,898,1,3,DACIA SANDERO,-1,-1,0,-1
2020220947822,2020,220947822,1,9,0,5,5,1,7,0,0,4,0,0,0,0,1,1,2,2,2,36,7,1149,1,7,DACIA SANDERO,5,E01014057,0,-1
2020052000583,2020,052000583,2,9,0,18,19,6,2,0,0,0,0,0,0,0,2,1,6,6,2,46,8,898,1,7,DACIA SANDERO,1,E01006672,0,-1
2020031013392,2020,031013392,1,9,0,4,4,5,1,0,0,1,0,0,0,0,1,1,6,6,1,45,7,1461,2,5,DACIA SANDERO,9,E01019195,0,-1
2020410992461,2020,410992461,2,9,0,3,3,4,8,0,0,0,0,0,0,0,2,1,6,6,2,47,8,898,1,1,DACIA SANDERO,5,E01017430,0,-1
2020500991673,2020,500991673,1,9,0,18,19,4,8,0,0,0,0,0,0,0,2,1,1,1,1,47,8,898,1,4,DACIA SANDERO,6,W01001236,0,-1
2020211026535,2020,211026535,1,9,0,18,19,3,7,0,0,0,0,0,0,0,1,1,6,6,2,26,6,1461,2,4,DACIA SANDERO,7,E01029695,0,-1
2020010282881,2020,010282881,1,9,0,9,9,7,5,0,0,8,0,0,0,0,1,1,6,6,2,47,8,898,1,0,DACIA SANDERO,7,E01002683,0,-1
2020610013520,2020,610013520,3,9,0,4,4,4,8,0,0,1,0,0,0,0,1,1,6,6,1,47,8,1461,2,5,DACIA SANDERO,6,W01001520,0,-1
2020030920537,2020,030920537,1,9,0,5,5,6,1,0,0,6,0,0,0,0,0,1,6,6,1,66,10,1461,2,3,DACIA SANDERO,6,E01019213,0,-1
2020160921227,2020,160921227,2,9,0,18,19,3,7,0,0,0,0,0,0,0,2,1,5,6,2,62,9,1461,2,7,DACIA SANDERO,6,E01020822,0,-1
2020622000681,2020,622000681,1,9,0,18,19,5,1,0,0,0,0,0,0,0,3,1,2,2,1,60,9,898,1,3,DACIA SANDERO,3,W01001014,0,-1