collision_index,collision_year,collision_ref_no,vehicle_reference,vehicle_type,towing_and_articulation,vehicle_manoeuvre_historic,vehicle_manoeuvre,vehicle_direction_from,vehicle_direction_to,vehicle_location_restricted_lane_historic,vehicle_location_restricted_lane,junction_location,skidding_and_overturning,hit_object_in_carriageway,vehicle_leaving_carriageway,hit_object_off_carriageway,first_point_of_impact,vehicle_left_hand_drive,journey_purpose_of_driver_historic,journey_purpose_of_driver,sex_of_driver,age_of_driver,age_band_of_driver,engine_capacity_cc,propulsion_code,age_of_vehicle,generic_make_model,driver_imd_decile,lsoa_of_driver,escooter_flag,driver_distance_banding
2020200935050,2020,200935050,1,9,0,18,19,4,8,0,0,0,0,0,0,0,1,1,6,6,1,-1,-1,1968,2,8,AUDI A4,-1,-1,0,-1
2020470987710,2020,470987710,1,9,0,18,19,7,3,0,0,8,0,0,0,0,4,1,2,2,1,24,5,1968,2,11,AUDI A4,5,E01016994,0,-1
2020140974779,2020,140974779,2,9,0,7,7,4,8,0,0,8,0,0,0,0,1,1,5,6,1,30,6,1986,2,15,AUDI A4,2,E01008056,0,-1
2020351010387,2020,351010387,1,9,0,5,5,4,2,0,0,8,0,0,0,0,3,1,2,2,1,37,7,1968,2,11,AUDI A4,6,E01017951,0,-1
2020201020799,2020,201020799,1,9,0,18,19,8,4,0,0,8,0,0,0,0,4,1,6,6,1,28,6,1968,2,10,AUDI A4,1,E01009021,0,-1
20201372T1826,2020,1372T1826,1,9,0,7,7,1,3,0,0,1,0,0,0,0,3,1,6,6,1,25,5,1968,2,11,AUDI A4,3,E01011024,0,-1
2020010286415,2020,010286415,1,9,0,9,9,1,7,0,0,4,0,0,0,0,1,1,6,6,1,45,7,1798,1,12,AUDI A4,2,E01001757,0,-1
2020450999424,2020,450999424,2,9,0,18,19,1,5,0,0,1,0,0,0,0,1,1,6,6,1,29,6,1896,2,19,AUDI A4,5,E01001099,0,-1
2020990935886,2020,990935886,1,9,0,5,5,6,8,0,0,2,0,0,0,0,1,1,5,6,2,33,6,1968,2,7,AUDI A4,3,-1,0,-1
2020052002184,2020,052002184,1,9,0,18,19,7,3,0,0,0,1,0,0,0,1,1,6,6,1,38,7,1968,2,5,AUDI A4,5,E01006473,0,-1
2020460951570,2020,460951570,2,9,0,2,2,0,0,0,0,0,0,0,0,0,3,1,6,6,2,31,6,1986,2,15,AUDI A4,4,E01024561,0,-1
2020420993668,2020,420993668,1,9,0,18,19,7,3,0,0,0,0,0,0,0,1,1,5,6,1,37,7,1968,2,4,AUDI A4,8,E01021405,0,-1
2020137CI1241,2020,137CI1241,2,9,0,9,9,2,6,0,0,5,0,0,0,0,1,1,6,6,1,32,6,1896,2,16,AUDI A4,4,E01010791,0,-1
2020160998435,2020,160998435,1,9,0,9,9,4,2,0,0,1,0,0,0,0,1,1,5,6,1,54,8,1968,2,5,AUDI A4,10,E01012978,0,-1
2020010257386,2020,010257386,2,9,0,99,99,9,9,99,99,9,9,99,9,99,2,9,6,6,3,-1,-1,1986,2,14,AUDI A4,-1,-1,0,-1
2020010258876,2020,010258876,2,9,0,99,99,9,9,99,99,9,9,99,9,99,2,9,6,6,1,-1,-1,1968,2,7,AUDI A4,4,E01001883,0,-1
2020430033804,2020,430033804,1,9,0,18,19,5,1,0,0,8,0,0,0,0,1,1,6,6,2,24,5,1896,2,16,AUDI A4,8,E01016337,0,-1
2020460982079,2020,460982079,1,9,0,4,4,7,3,0,0,0,0,0,0,0,1,1,6,6,1,77,11,1896,2,20,AUDI A4,6,E01024436,0,-1
2020010270816,2020,010270816,2,9,0,9,9,7,5,0,0,6,0,0,0,0,0,1,6,6,1,32,6,1984,1,1,AUDI A4,-1,-1,0,-1
2020460934211,2020,460934211,2,9,0,4,4,3,7,0,0,0,0,0,0,0,1,1,2,2,2,27,6,1968,2,8,AUDI A4,7,E01024766,0,-1
2020522100616,2020,522100616,2,9,0,3,3,5,1,0,0,1,0,0,0,0,2,1,6,6,2,41,7,1968,2,3,AUDI A4,7,E01014512,0,-1
2020200964072,2020,200964072,5,9,0,2,2,0,0,0,0,0,0,0,0,0,3,1,6,6,3,-1,-1,1984,1,0,AUDI A4,-1,-1,0,-1
2020200925098,2020,200925098,2,9,0,18,19,6,2,0,0,1,0,0,0,0,3,1,6,6,1,49,8,1968,2,12,AUDI A4,5,E01009888,0,-1
2020460976135,2020,460976135,1,9,0,18,19,3,7,0,0,0,1,0,0,0,1,1,5,6,2,32,6,1968,2,3,AUDI A4,5,E01024082,0,-1
2020500982732,2020,500982732,1,9,0,18,19,7,3,0,0,0,0,0,0,0,1,1,6,6,2,54,8,1968,2,8,AUDI A4,6,E01020159,0,-1
2020622000667,2020,622000667,1,9,0,18,19,6,2,0,0,0,0,0,0,0,1,1,1,1,2,59,9,1986,2,13,AUDI A4,3,W01001018,0,-1
2020420949411,2020,420949411,1,9,0,9,9,4,5,0,0,2,5,0,0,0,1,1,6,6,3,-1,-1,2496,2,16,AUDI A4,-1,-1,0,-1
202063C037520,2020,63C037520,1,9,0,5,5,2,4,0,0,6,0,0,0,0,2,1,3,7,2,38,7,1968,2,4,AUDI A4,4,W01000591,0,-1
2020552001183,2020,552001183,1,9,0,9,9,6,4,0,0,6,0,0,0,0,3,1,6,6,2,44,7,1968,2,9,AUDI A4,3,E01015429,0,-1
2020500956890,2020,500956890,1,9,0,18,19,1,5,0,0,8,0,0,0,0,1,1,6,6,1,18,4,2976,1,16,AUDI A4,1,E01020015,0,-1
2020302000553,2020,302000553,1,9,0,18,19,4,7,0,0,1,0,0,0,0,1,1,6,6,1,35,6,1896,2,15,AUDI A4,3,E01019768,0,-1
2020990952989,2020,990952989,2,9,0,13,13,3,7,0,0,2,0,0,0,0,4,1,1,1,1,35,6,2967,2,5,AUDI A4,4,-1,0,-1
2020440306218,2020,440306218,1,9,0,4,4,4,8,0,0,0,0,0,0,0,2,1,6,6,3,-1,-1,1896,2,18,AUDI A4,-1,-1,0,-1
2020200970525,2020,200970525,2,9,0,9,9,6,4,0,0,6,0,0,0,0,3,1,6,6,2,-1,-1,1986,2,13,AUDI A4,1,E01010064,0,-1
2020990945647,2020,990945647,2,9,0,18,19,8,4,0,0,8,1,11,4,1,4,1,5,6,1,21,5,1968,2,9,AUDI A4,1,-1,0,-1
2020302001405,2020,302001405,2,9,0,12,12,1,6,0,0,2,0,0,0,0,2,1,1,1,1,25,5,1968,2,4,AUDI A4,1,E01013570,0,-1
2020400951841,2020,400951841,1,9,0,18,19,7,1,0,0,8,0,10,0,0,3,1,6,6,1,29,6,2698,2,12,AUDI A4,8,E01018003,0,-1
2020140953410,2020,140953410,1,9,0,3,3,4,8,0,0,1,0,0,0,0,2,1,1,1,1,53,8,1968,2,0,AUDI A4,6,E01011070,0,-1
2020440419481,2020,440419481,1,9,0,3,3,7,3,0,0,1,0,0,0,0,2,1,6,6,1,65,9,1984,1,4,AUDI A4,3,E01017346,0,-1
2020430231598,2020,430231598,1,9,0,18,19,6,2,0,0,0,0,0,0,0,3,1,6,6,2,34,6,1968,2,1,AUDI A4,4,E01000260,0,-1
2020010293783,2020,010293783,2,9,0,99,99,9,9,99,99,9,9,99,9,99,9,9,6,6,3,42,7,1968,2,8,AUDI A4,2,E01001491,0,-1
2020220973745,2020,220973745,2,9,0,18,19,8,3,0,0,0,0,0,2,7,2,1,5,6,1,32,6,1395,1,2,AUDI A4,7,E01025627,0,-1
202006A169083,2020,06A169083,1,9,0,9,9,4,2,0,0,8,0,0,0,0,1,1,6,6,2,28,6,1968,2,4,AUDI A4,-1,-1,0,-1
2020320311442,2020,320311442,2,9,0,18,19,3,7,0,0,0,0,0,0,0,1,1,6,6,1,25,5,1968,2,10,AUDI A4,7,E01026275,0,-1
2020440438260,2020,440438260,1,9,0,9,9,1,6,0,0,8,0,0,0,0,3,1,6,6,1,61,9,1798,1,5,AUDI A4,3,E01032851,0,-1
2020122001075,2020,122001075,1,9,0,13,13,5,1,0,0,1,0,0,0,0,3,1,6,6,2,21,5,1968,2,10,AUDI A4,5,E01020865,0,-1
202006K271337,2020,06K271337,2,9,0,18,19,4,8,0,0,8,0,0,0,0,1,1,6,6,2,21,5,1896,2,15,AUDI A4,3,E01004868,0,-1
2020470960709,2020,470960709,1,9,0,9,9,3,1,0,0,6,0,0,0,0,3,1,6,6,3,-1,-1,1896,2,15,AUDI A4,5,E01031585,0,-1
2020302000343,2020,302000343,1,9,0,14,14,8,4,0,0,0,0,0,0,0,1,1,6,6,1,52,8,1781,1,12,AUDI A4,10,E01019587,0,-1
2020140976547,2020,140976547,1,9,0,18,19,1,1,0,0,0,0,0,0,0,3,1,6,6,1,21,5,1968,2,8,AUDI A4,2,E01007763,0,-1
2020010283258,2020,010283258,1,9,0,18,19,1,5,0,0,1,0,0,0,0,1,1,3,7,1,33,6,1984,1,12,AUDI A4,-1,-1,0,-1
2020160949683,2020,160949683,1,9,0,9,9,3,7,0,0,8,0,0,0,0,4,1,6,6,1,31,6,1968,2,10,AUDI A4,3,E01013184,0,-1
2020122000778,2020,122000778,2,9,0,18,19,3,7,0,0,0,0,0,0,0,0,1,6,6,3,-1,-1,1986,2,15,AUDI A4,-1,-1,0,-1
2020350970234,2020,350970234,2,9,0,18,19,4,3,0,0,1,0,0,0,0,1,1,5,6,2,26,6,1986,2,13,AUDI A4,3,E01015666,0,-1
2020420984174,2020,420984174,1,9,0,4,4,1,5,0,0,0,1,0,0,0,1,1,2,2,1,60,9,1984,1,13,AUDI A4,8,E01002378,0,-1
2020410944793,2020,410944793,1,9,0,3,3,5,1,0,0,0,0,0,0,0,1,1,6,6,2,33,6,1984,1,4,AUDI A4,6,E01023927,0,-1
2020010263915,2020,010263915,2,9,0,8,8,3,5,0,0,1,0,0,0,0,1,1,6,6,1,-1,-1,1896,2,16,AUDI A4,6,E01004173,0,-1
2020170M11520,2020,170M11520,2,9,0,13,13,3,7,0,0,8,0,0,0,0,1,1,6,6,1,27,6,1968,2,9,AUDI A4,-1,-1,0,-1
2020350990590,2020,350990590,1,9,0,18,19,3,6,0,0,0,0,0,0,0,1,1,3,7,1,40,7,1781,1,16,AUDI A4,2,E01015596,0,-1
202006G173165,2020,06G173165,2,9,0,18,19,1,5,0,0,1,0,0,0,0,3,1,6,6,2,27,6,1984,1,1,AUDI A4,2,E01005338,0,-1
2020040963379,2020,040963379,2,9,0,3,3,3,7,0,0,0,0,0,0,0,2,1,6,6,3,-1,-1,1968,2,11,AUDI A4,-1,-1,0,-1
2020040996374,2020,040996374,2,9,0,4,4,3,7,0,0,0,0,0,0,0,2,1,5,6,1,33,6,2967,2,11,AUDI A4,4,E01025119,0,-1
2020460943869,2020,460943869,2,9,0,5,5,6,2,0,0,0,0,0,0,0,3,1,1,1,1,56,9,1968,2,7,AUDI A4,6,E01024346,0,-1
2020010267436,2020,010267436,1,9,0,2,2,0,0,9,9,1,0,0,0,0,1,1,6,6,3,-1,-1,1986,2,14,AUDI A4,-1,-1,0,-1
2020200954356,2020,200954356,1,9,0,4,4,2,6,0,0,1,1,0,0,0,1,1,6,6,1,30,6,1968,2,12,AUDI A4,1,E01009308,0,-1
2020460973879,2020,460973879,1,9,0,16,19,3,6,0,0,0,0,0,0,0,1,1,2,2,2,63,9,1968,2,11,AUDI A4,5,E01024032,0,-1
2020070738810,2020,070738810,1,9,0,18,19,3,7,0,0,0,1,0,1,7,1,1,2,2,1,30,6,1968,2,11,AUDI A4,1,E01012480,0,-1
2020990950232,2020,990950232,1,9,0,13,13,1,5,0,0,0,0,0,7,0,1,1,6,6,1,36,7,1968,2,11,AUDI A4,2,-1,0,-1
2020010257469,2020,010257469,2,9,0,9,9,4,1,0,0,8,0,0,0,0,2,1,6,6,1,32,6,1986,2,14,AUDI A4,4,E01003766,0,-1
2020040931578,2020,040931578,1,9,0,5,5,3,1,0,0,8,0,0,0,0,1,1,5,6,2,34,6,1968,2,4,AUDI A4,2,E01012579,0,-1
2020010240274,2020,010240274,3,9,0,3,3,4,8,0,0,8,0,7,1,10,2,1,6,6,1,24,5,1968,2,9,AUDI A4,3,E01000381,0,-1
2020070128394,2020,070128394,2,9,0,3,3,0,0,0,0,1,0,0,0,0,2,1,6,6,2,48,8,1986,2,14,AUDI A4,2,E01012431,0,-1
2020010230004,2020,010230004,2,9,0,18,19,5,1,0,0,8,0,0,0,0,3,1,6,6,1,39,7,1968,2,1,AUDI A4,3,E01016490,0,-1
2020200982925,2020,200982925,3,9,0,3,3,5,1,0,0,0,0,0,0,0,2,1,6,6,2,57,9,1896,2,14,AUDI A4,1,E01009297,0,-1
2020461006092,2020,461006092,2,9,0,15,15,4,8,0,0,0,0,0,0,0,1,1,5,6,1,41,7,1984,1,17,AUDI A4,5,E01024831,0,-1
2020161006055,2020,161006055,1,9,0,18,19,5,1,0,0,1,0,0,0,0,2,1,6,6,2,32,6,1968,2,7,AUDI A4,6,E01012766,0,-1
2020100981689,2020,100981689,2,9,0,17,19,4,8,0,0,0,0,0,1,11,1,1,5,6,1,37,7,1968,2,5,AUDI A4,-1,-1,0,-1
2020430151591,2020,430151591,1,9,0,18,19,3,7,0,0,0,0,0,1,0,1,1,6,6,1,43,7,2967,2,13,AUDI A4,6,E01016477,0,-1
2020450920574,2020,450920574,1,9,0,2,2,7,3,6,6,0,0,0,0,0,1,1,5,6,2,43,7,2393,1,17,AUDI A4,-1,-1,0,-1
2020140963729,2020,140963729,2,9,0,9,9,8,5,0,0,8,0,0,0,0,1,1,6,6,1,35,6,1968,2,9,AUDI A4,-1,-1,0,-1
2020990943609,2020,990943609,2,9,0,4,4,4,7,0,0,0,0,0,0,0,1,1,6,6,2,23,5,1984,1,15,AUDI A4,5,-1,0,-1
202006F270062,2020,06F270062,1,9,0,18,19,8,4,0,0,0,0,0,0,0,1,1,6,6,1,30,6,1986,2,14,AUDI A4,-1,-1,0,-1
2020450915148,2020,450915148,1,9,0,18,19,7,3,0,0,0,0,0,0,0,1,1,6,6,1,33,6,2496,2,16,AUDI A4,6,E01024728,0,-1
2020137940805,2020,137940805,2,9,0,4,4,6,2,0,0,0,0,0,4,6,2,1,6,6,1,36,7,1968,2,2,AUDI A4,8,E01012062,0,-1
2020370955936,2020,370955936,1,9,0,5,5,1,6,0,0,2,0,0,0,0,3,1,5,6,2,26,6,1984,1,16,AUDI A4,5,E01030106,0,-1
2020010260879,2020,010260879,1,9,0,7,7,7,1,0,0,1,0,0,0,0,2,1,6,6,1,32,6,1984,1,1,AUDI A4,2,E01003041,0,-1
2020100937400,2020,100937400,2,9,0,18,19,6,2,0,0,1,0,0,0,0,1,1,5,6,1,25,5,1395,1,4,AUDI A4,9,E01027379,0,-1
2020140930584,2020,140930584,1,9,0,4,4,2,8,0,0,8,0,0,0,0,2,1,6,6,1,40,7,1896,2,18,AUDI A4,1,E01012058,0,-1
2020200937759,2020,200937759,2,9,0,9,9,4,2,0,0,5,0,0,0,0,1,1,6,6,1,28,6,1968,2,9,AUDI A4,2,E01010564,0,-1
2020340S09102,2020,340S09102,1,9,0,18,19,1,7,0,0,8,0,0,0,0,4,1,6,6,2,56,9,1968,2,6,AUDI A4,7,E01027299,0,-1
2020350922056,2020,350922056,1,9,0,6,6,8,7,0,0,6,0,0,0,0,3,1,2,2,2,32,6,1968,2,9,AUDI A4,4,E01015606,0,-1
2020351004096,2020,351004096,2,9,0,3,3,3,7,0,0,1,0,0,0,0,2,1,6,6,1,55,8,1968,2,11,AUDI A4,10,E01018216,0,-1
2020302000368,2020,302000368,3,9,0,4,4,8,4,0,0,0,0,0,0,0,2,1,6,6,1,33,6,1984,1,13,AUDI A4,6,E01019660,0,-1
2020010256216,2020,010256216,2,9,0,99,99,9,9,99,99,9,9,99,9,99,9,9,6,6,3,-1,-1,1781,1,17,AUDI A4,-1,-1,0,-1
2020010231314,2020,010231314,1,9,0,9,9,3,8,0,0,6,0,0,0,0,3,1,6,6,2,33,6,1968,2,6,AUDI A4,2,E01003300,0,-1
2020430013812,2020,430013812,1,9,0,18,19,5,1,0,0,0,0,0,0,0,1,1,6,6,1,36,7,1968,2,4,AUDI A4,10,E01017891,0,-1
202063A054020,2020,63A054020,1,9,0,17,19,6,3,0,0,0,0,0,0,0,1,1,6,6,1,29,6,1896,2,17,AUDI A4,8,W01000663,0,-1
2020421007797,2020,421007797,1,9,0,18,19,7,3,0,0,8,0,0,0,0,3,1,6,6,1,85,11,1781,1,21,AUDI A4,4,E01015994,0,-1
2020010259274,2020,010259274,2,9,0,18,19,4,8,0,0,1,0,0,0,0,1,1,6,6,2,39,7,1968,2,9,AUDI A4,3,E01003635,0,-1
2020501007822,2020,501007822,1,9,0,11,11,3,7,0,0,0,1,0,2,0,1,1,2,2,1,54,8,1968,2,0,AUDI A4,9,E01000341,0,-1
2020010264588,2020,010264588,1,9,0,4,4,7,3,0,0,1,0,0,0,0,2,1,6,6,1,37,7,1781,1,16,AUDI A4,2,E01004723,0,-1
2020010231857,2020,010231857,3,9,0,18,19,3,7,0,0,0,0,0,0,0,4,1,6,6,1,28,6,1968,2,12,AUDI A4,7,E01002420,0,-1
2020110956660,2020,110956660,2,9,0,4,4,7,3,0,0,1,0,0,0,0,2,1,5,6,1,22,5,1968,2,6,AUDI A4,2,E01020743,0,-1
2020201001369,2020,201001369,2,9,0,17,19,7,5,0,0,0,0,0,0,0,1,1,6,6,1,25,5,1984,1,3,AUDI A4,10,E01010187,0,-1
2020040967096,2020,040967096,2,9,0,18,19,7,3,0,0,0,0,0,0,0,3,1,5,6,1,21,5,1896,2,15,AUDI A4,2,E01004928,0,-1
202006P272337,2020,06P272337,1,9,0,3,3,6,2,0,0,0,0,0,0,0,2,1,6,6,1,28,6,1798,1,7,AUDI A4,8,E01005862,0,-1
2020030937903,2020,030937903,1,9,0,18,19,5,1,0,0,0,0,0,5,0,1,1,5,6,1,38,7,1968,2,11,AUDI A4,2,E01020838,0,-1
2020010239180,2020,010239180,2,9,0,18,19,7,3,0,0,0,0,0,0,0,1,1,6,6,1,74,10,1968,2,12,AUDI A4,6,E01024436,0,-1
2020548567920,2020,548567920,1,9,0,15,15,3,7,0,0,8,0,0,0,0,1,1,6,6,3,29,6,1984,1,9,AUDI A4,-1,-1,0,-1
2020010283918,2020,010283918,1,9,9,99,99,9,9,99,99,1,9,99,9,99,9,9,6,6,1,63,9,1395,1,2,AUDI A4,8,E01003679,0,-1
2020160961228,2020,160961228,2,9,0,7,7,8,2,0,0,5,0,0,0,0,2,1,6,6,2,23,5,1968,2,6,AUDI A4,3,E01012795,0,-1
2020040933058,2020,040933058,1,9,0,18,19,5,1,0,0,0,0,0,0,0,1,1,2,2,1,33,6,1968,2,4,AUDI A4,7,E01007002,0,-1
2020211001588,2020,211001588,1,9,0,18,19,6,2,0,0,0,1,0,1,0,4,1,2,2,1,49,8,1986,2,13,AUDI A4,6,E01009278,0,-1
2020201000285,2020,201000285,2,9,0,18,19,2,6,0,0,1,0,0,0,0,2,1,6,6,1,-1,-1,1896,2,18,AUDI A4,-1,-1,0,-1
2020460965757,2020,460965757,2,9,0,17,19,1,6,0,0,8,0,0,0,0,3,1,5,6,2,27,6,1395,1,3,AUDI A4,4,E01024217,0,-1
2020041005914,2020,041005914,2,9,0,18,19,6,2,0,0,8,0,0,0,0,3,1,1,1,2,28,6,1986,2,14,AUDI A4,8,E01024862,0,-1
2020210995932,2020,210995932,1,9,0,18,19,6,2,9,9,2,5,0,1,2,1,1,6,6,1,29,6,1968,2,12,AUDI A4,1,E01014306,0,-1
2020990956499,2020,990956499,1,9,0,4,4,4,7,0,0,0,0,0,0,0,4,1,5,6,1,69,10,1968,2,8,AUDI A4,2,-1,0,-1
2020140954891,2020,140954891,2,9,0,9,9,2,8,0,0,1,0,0,7,0,2,1,5,6,2,33,6,1968,2,8,AUDI A4,3,E01007569,0,-1
2020522101218,2020,522101218,1,9,0,12,12,5,1,0,0,1,0,0,0,0,2,1,6,6,1,27,6,1896,2,13,AUDI A4,6,E01014532,0,-1
2020302001602,2020,302001602,2,9,0,18,19,2,6,0,0,1,0,0,0,0,1,1,6,6,2,42,7,1896,2,13,AUDI A4,2,E01019796,0,-1
2020450945634,2020,450945634,4,9,0,18,19,2,8,0,0,4,1,0,1,11,1,1,1,1,1,30,6,2967,2,3,AUDI A4,6,E01016204,0,-1
2020430092269,2020,430092269,1,9,0,18,19,2,6,0,0,1,0,0,0,0,1,1,6,6,1,50,8,1968,2,3,AUDI A4,10,E01016624,0,-1
2020010266701,2020,010266701,1,9,0,18,19,3,7,0,0,0,0,0,0,0,3,1,6,6,1,27,6,1781,1,21,AUDI A4,6,E01003644,0,-1
2020460950955,2020,460950955,2,9,0,10,10,5,1,0,0,1,0,0,0,0,2,1,6,6,1,39,7,2967,2,14,AUDI A4,3,E01024264,0,-1
2020320396527,2020,320396527,2,9,0,18,19,6,2,0,0,0,0,0,0,0,2,1,6,6,1,24,5,1968,2,4,AUDI A4,2,E01026716,0,-1
2020990961887,2020,990961887,1,9,0,18,19,6,2,0,0,0,0,0,0,0,2,1,6,6,2,51,8,1986,2,14,AUDI A4,2,-1,0,-1
2020400985717,2020,400985717,2,9,0,18,19,2,8,0,0,1,0,0,0,0,2,1,6,6,1,24,5,1968,2,11,AUDI A4,4,E01017520,0,-1
2020552001047,2020,552001047,1,9,0,18,19,8,4,0,0,1,0,0,0,0,1,1,6,6,2,42,7,1896,2,16,AUDI A4,9,E01020558,0,-1
2020010247008,2020,010247008,1,9,0,99,99,9,9,99,99,9,9,99,9,99,2,9,6,6,2,31,6,1968,2,6,AUDI A4,6,E01001678,0,-1
2020460998268,2020,460998268,1,9,0,18,19,8,4,0,0,0,0,0,0,0,1,1,6,6,1,22,5,1968,2,3,AUDI A4,1,E01024196,0,-1
2020500981664,2020,500981664,1,9,0,3,3,1,5,0,0,0,0,0,0,0,1,1,6,6,1,46,8,1984,1,14,AUDI A4,4,E01020330,0,-1
2020122000408,2020,122000408,1,9,0,18,19,1,5,0,0,1,0,0,0,0,1,1,2,2,1,53,8,2967,2,2,AUDI A4,6,E01027560,0,-1
20201375B1470,2020,1375B1470,2,9,0,9,9,1,5,0,0,1,0,0,0,0,3,1,6,6,3,-1,-1,2967,2,12,AUDI A4,-1,-1,0,-1
2020010277986,2020,010277986,1,9,0,99,99,9,9,99,99,9,9,99,9,99,9,9,6,6,2,44,7,1968,2,6,AUDI A4,4,E01001329,0,-1
2020401005013,2020,401005013,1,9,0,18,19,4,8,0,0,1,0,0,0,0,1,1,5,6,2,27,6,1395,1,4,AUDI A4,5,E01017486,0,-1
2020340K02162,2020,340K02162,2,9,0,18,19,8,4,0,0,2,0,0,0,0,3,1,2,2,1,25,5,1968,2,10,AUDI A4,2,E01027105,0,-1
2020411020056,2020,411020056,2,9,0,5,5,7,3,0,0,6,0,0,0,0,4,1,6,6,1,62,9,1984,1,15,AUDI A4,2,E01015741,0,-1
2020201017700,2020,201017700,1,9,0,16,19,5,2,0,0,4,1,7,1,11,1,1,2,2,1,23,5,2967,2,11,AUDI A4,1,E01009182,0,-1
2020302001510,2020,302001510,3,9,0,2,2,0,0,0,0,8,0,0,0,0,1,1,6,6,3,-1,-1,1968,2,8,AUDI A4,-1,-1,0,-1
2020170L31110,2020,170L31110,2,9,0,18,19,5,1,0,0,8,0,0,0,0,1,1,6,6,1,75,10,1968,2,9,AUDI A4,6,E01033472,0,-1
2020170M20530,2020,170M20530,2,9,0,18,19,6,2,0,0,0,0,0,0,0,2,1,6,6,1,47,8,1968,2,10,AUDI A4,9,E01012066,0,-1
2020470921736,2020,470921736,2,9,0,18,19,2,6,0,0,3,0,0,0,0,4,1,6,6,1,28,6,1798,1,11,AUDI A4,1,E01020980,0,-1
2020040963337,2020,040963337,1,9,0,9,9,5,3,0,0,0,0,0,0,0,1,1,5,6,1,57,9,1968,2,12,AUDI A4,3,E01012587,0,-1
2020010247360,2020,010247360,2,9,0,8,8,7,1,0,0,2,0,0,0,0,1,1,6,6,1,42,7,1968,2,11,AUDI A4,5,E01003131,0,-1
2020552000418,2020,552000418,3,9,0,3,3,2,5,0,0,0,0,0,0,0,2,1,6,6,1,56,9,1968,2,9,AUDI A4,6,E01020453,0,-1
2020440319431,2020,440319431,1,9,0,18,19,3,7,0,0,0,0,0,0,0,1,1,6,6,1,-1,-1,1968,2,12,AUDI A4,10,E01029172,0,-1
2020991002805,2020,991002805,2,9,0,10,10,3,8,0,0,1,0,0,0,0,1,1,2,2,2,36,7,1896,2,21,AUDI A4,4,-1,0,-1
2020450926889,2020,450926889,1,9,0,2,2,0,0,0,0,1,0,0,0,0,2,1,6,6,1,45,7,1984,1,10,AUDI A4,2,E01018868,0,-1
2020440055888,2020,440055888,1,9,0,18,19,1,5,0,0,0,2,11,1,9,1,1,6,6,1,56,9,1986,2,12,AUDI A4,3,E01028452,0,-1
2020140930197,2020,140930197,1,9,0,3,3,4,8,0,0,1,0,0,0,0,2,1,2,2,1,36,7,1968,2,3,AUDI A4,10,E01027671,0,-1
2020052000012,2020,052000012,2,9,0,5,5,5,1,0,0,8,0,0,0,0,3,1,6,6,1,21,5,1968,2,8,AUDI A4,2,E01007218,0,-1
2020430349851,2020,430349851,1,9,0,16,19,2,5,0,0,0,1,0,0,0,1,1,6,6,1,29,6,1784,1,15,AUDI A4,9,E01022879,0,-1
2020320317504,2020,320317504,1,9,0,9,9,7,5,0,0,0,0,0,0,0,1,1,6,6,1,30,6,1968,2,6,AUDI A4,2,E01026006,0,-1
2020201003807,2020,201003807,4,9,0,2,2,0,0,0,0,0,0,0,0,0,1,1,6,6,2,31,6,1968,2,8,AUDI A4,8,E01009668,0,-1
2020470919073,2020,470919073,1,9,0,18,19,3,7,0,0,0,0,0,0,0,1,1,6,6,1,39,7,1798,1,12,AUDI A4,7,E01031566,0,-1
2020501008741,2020,501008741,1,9,0,18,19,1,5,0,0,0,1,0,1,0,1,1,5,6,1,23,5,1896,2,20,AUDI A4,2,E01018984,0,-1
2020991000412,2020,991000412,1,9,0,5,5,1,5,0,0,6,0,0,0,0,3,1,5,6,1,41,7,1968,2,9,AUDI A4,9,-1,0,-1
2020430046685,2020,430046685,1,9,0,18,19,8,4,0,0,0,0,0,7,0,1,1,2,2,1,32,6,1986,2,13,AUDI A4,10,E01028475,0,-1
2020440352494,2020,440352494,1,9,0,18,19,5,1,0,0,0,0,0,1,2,4,1,6,6,1,22,5,1984,1,12,AUDI A4,7,E01017316,0,-1
2020361015432,2020,361015432,2,9,0,3,3,5,2,0,0,0,0,0,0,0,2,1,1,1,1,44,7,1968,2,8,AUDI A4,7,E01007002,0,-1
20201379J0130,2020,1379J0130,2,8,0,6,6,3,1,0,0,1,0,0,0,0,3,1,1,1,1,37,7,1968,2,6,-1,3,E01010835,0,-1
2020070624674,2020,070624674,1,9,0,18,19,5,7,0,0,2,0,0,0,0,1,1,2,2,1,48,8,1968,2,7,AUDI A4,10,E01018590,0,-1
2020340K05752,2020,340K05752,2,9,0,3,3,3,7,0,0,0,0,0,0,0,2,1,2,2,1,40,7,1968,2,3,AUDI A4,9,E01013217,0,-1
2020200951712,2020,200951712,2,9,0,18,19,4,8,0,0,8,1,0,0,0,1,1,6,6,1,22,5,1395,1,3,AUDI A4,10,E01010176,0,-1
2020410929498,2020,410929498,1,9,0,18,19,1,5,0,0,0,0,0,0,0,2,1,6,6,1,41,7,1968,2,7,AUDI A4,4,E01024284,0,-1
2020990959905,2020,990959905,1,9,0,16,19,6,1,0,0,0,1,0,0,0,1,2,5,6,2,22,5,1986,2,13,AUDI A4,6,-1,0,-1