collision_index,collision_year,collision_ref_no,vehicle_reference,vehicle_type,towing_and_articulation,vehicle_manoeuvre_historic,vehicle_manoeuvre,vehicle_direction_from,vehicle_direction_to,vehicle_location_restricted_lane_historic,vehicle_location_restricted_lane,junction_location,skidding_and_overturning,hit_object_in_carriageway,vehicle_leaving_carriageway,hit_object_off_carriageway,first_point_of_impact,vehicle_left_hand_drive,journey_purpose_of_driver_historic,journey_purpose_of_driver,sex_of_driver,age_of_driver,age_band_of_driver,engine_capacity_cc,propulsion_code,age_of_vehicle,generic_make_model,driver_imd_decile,lsoa_of_driver,escooter_flag,driver_distance_banding
2020137C70689,2020,137C70689,2,9,0,9,9,6,4,0,0,6,0,0,0,0,3,1,6,6,2,45,7,1968,2,12,AUDI A4,1,E01007373,0,-1
2020320548443,2020,320548443,2,9,0,7,7,1,3,0,0,1,0,0,0,0,4,1,2,2,2,48,8,1968,2,7,AUDI A4,2,E01026006,0,-1
2020440148338,2020,440148338,2,9,0,18,19,3,7,0,0,8,0,0,0,0,1,1,1,1,1,24,5,1986,2,13,AUDI A4,3,E01017123,0,-1
2020522003576,2020,522003576,1,9,0,18,19,5,1,0,0,0,0,0,0,0,1,1,6,6,1,23,5,1896,2,17,AUDI A4,4,E01014590,0,-1
2020200994997,2020,200994997,1,9,0,9,9,6,4,0,0,6,0,0,0,0,3,1,6,6,1,27,6,1968,2,6,AUDI A4,3,E01010538,0,-1
2020500975728,2020,500975728,1,9,0,4,4,3,7,0,0,1,0,0,0,0,2,1,5,6,2,57,9,1968,2,4,AUDI A4,9,E01020086,0,-1
2020140982067,2020,140982067,1,9,0,18,19,7,3,9,9,0,2,10,2,0,1,1,5,6,1,29,6,1968,2,5,AUDI A4,6,E01007613,0,-1
2020010254819,2020,010254819,1,9,0,8,8,5,7,0,0,1,0,0,0,0,1,1,6,6,1,50,8,1968,2,9,AUDI A4,9,E01000882,0,-1
2020137CN1057,2020,137CN1057,1,9,0,18,19,5,7,0,0,8,0,0,0,0,1,1,1,1,1,26,6,1968,2,12,AUDI A4,4,E01011908,0,-1
2020430186113,2020,430186113,3,9,0,3,3,4,8,0,0,2,0,0,0,0,2,1,6,6,1,66,10,1986,2,12,AUDI A4,4,E01016716,0,-1
2020200966691,2020,200966691,1,9,0,18,19,6,2,0,0,0,0,10,7,2,1,1,6,6,1,36,7,1986,2,13,AUDI A4,2,E01010562,0,-1
2020460931271,2020,460931271,2,9,0,3,3,-1,-1,0,0,0,0,0,0,0,2,1,6,6,2,44,7,1968,2,7,AUDI A4,10,E01024404,0,-1
2020360957467,2020,360957467,3,9,0,4,4,1,5,0,0,0,0,4,0,0,1,1,5,6,1,44,7,1781,1,15,AUDI A4,5,E01026541,0,-1
20201373F1350,2020,1373F1350,2,9,0,18,19,5,1,0,0,8,0,0,0,10,1,1,6,6,1,53,8,1968,2,11,AUDI A4,2,E01011840,0,-1
2020200943579,2020,200943579,1,9,0,1,1,-1,-1,0,0,0,0,0,0,0,3,1,6,6,1,-1,-1,1896,2,16,AUDI A4,3,E01010427,0,-1
202063A066120,2020,63A066120,1,9,0,16,19,7,2,0,0,0,0,0,2,10,1,1,6,6,1,73,10,1968,2,9,AUDI A4,5,W01000537,0,-1
2020421011746,2020,421011746,2,9,0,10,10,1,7,0,0,1,0,0,0,0,2,1,6,6,1,29,6,1968,2,8,AUDI A4,3,E01022044,0,-1
2020230945812,2020,230945812,2,9,0,18,19,8,4,0,0,1,0,0,0,0,4,1,5,6,1,33,6,1968,2,3,AUDI A4,9,E01031258,0,-1
2020230953333,2020,230953333,2,9,0,18,19,2,6,0,0,4,0,0,0,0,1,1,5,6,1,35,6,1986,2,12,AUDI A4,1,E01009605,0,-1
2020430345299,2020,430345299,1,9,0,18,19,8,4,0,0,0,0,0,0,0,1,1,6,6,1,32,6,1984,1,12,AUDI A4,9,E01033503,0,-1
2020450936507,2020,450936507,2,9,0,18,19,7,3,0,0,8,0,0,0,0,1,1,2,2,1,46,8,1986,2,15,AUDI A4,9,E01023115,0,-1
202063A064220,2020,63A064220,1,9,0,18,19,8,4,0,0,0,0,0,0,0,1,1,3,7,2,34,6,1968,2,9,AUDI A4,5,W01000643,0,-1
2020552000542,2020,552000542,1,9,0,18,19,1,5,0,0,8,1,0,1,4,1,1,6,6,1,37,7,1896,2,17,AUDI A4,9,E01023270,0,-1
2020990993006,2020,990993006,1,9,0,18,19,6,2,0,0,8,0,0,0,0,1,1,6,6,1,47,8,1968,2,3,AUDI A4,6,-1,0,-1
202031D077020,2020,31D077020,2,9,0,18,19,6,2,0,0,8,0,0,0,0,3,1,6,6,1,36,7,1986,2,13,AUDI A4,4,E01028164,0,-1
2020552000887,2020,552000887,1,9,0,6,6,7,7,0,0,0,0,0,0,0,3,1,6,6,1,28,6,1395,1,4,AUDI A4,10,E01019831,0,-1
2020440038770,2020,440038770,1,9,0,18,19,5,1,0,0,1,0,0,0,0,1,1,6,6,1,48,8,1986,2,15,AUDI A4,4,E01017125,0,-1
2020052000799,2020,052000799,2,9,0,18,19,5,1,0,0,0,0,0,0,0,2,1,2,2,1,40,7,1968,2,7,AUDI A4,4,E01007140,0,-1
2020520100215,2020,520100215,2,9,0,9,9,1,7,0,0,8,0,0,0,0,1,1,6,6,1,57,9,1781,1,17,AUDI A4,8,E01032651,0,-1
2020430014356,2020,430014356,3,9,0,4,4,6,2,0,0,0,0,0,0,0,2,1,6,6,1,47,8,1968,2,6,AUDI A4,10,E01028628,0,-1
2020210975407,2020,210975407,1,9,0,18,19,6,2,0,0,1,0,0,0,0,1,1,6,6,3,-1,-1,1968,2,10,AUDI A4,-1,-1,0,-1
2020160921814,2020,160921814,2,9,0,18,19,1,5,0,0,1,0,0,0,0,1,1,2,2,1,34,6,1896,2,16,AUDI A4,3,E01013029,0,-1
2020200929089,2020,200929089,1,9,0,18,19,4,8,0,0,1,0,0,0,0,2,1,6,6,1,-1,-1,1896,2,16,AUDI A4,-1,-1,0,-1
202006A171976,2020,06A171976,1,9,0,18,19,4,8,0,0,8,0,0,0,0,4,1,6,6,1,20,4,1395,1,2,AUDI A4,3,E01005260,0,-1
202006A376400,2020,06A376400,3,9,0,4,4,1,5,0,0,8,0,0,0,0,2,1,3,7,2,42,7,1968,2,6,AUDI A4,2,E01005105,0,-1
2020010247918,2020,010247918,1,9,0,9,9,4,2,0,0,1,0,0,0,0,0,2,6,6,1,52,8,1968,2,16,AUDI A4,5,E01004701,0,-1
2020100923514,2020,100923514,1,8,0,7,7,8,1,0,0,0,0,0,0,0,3,1,1,1,1,43,7,1968,2,11,-1,2,E01008335,0,-1
2020010247480,2020,010247480,1,9,0,99,99,9,9,99,99,9,9,99,9,99,2,9,6,6,1,24,5,1968,2,5,AUDI A4,6,E01030112,0,-1
2020030982967,2020,030982967,2,9,0,18,19,7,3,0,0,1,0,0,0,0,1,1,1,1,1,50,8,1984,1,0,AUDI A4,7,-1,0,-1
2020350919391,2020,350919391,1,9,0,18,19,5,1,0,0,0,0,0,0,0,1,1,2,2,1,35,6,1986,2,14,AUDI A4,6,E01018052,0,-1
2020320372084,2020,320372084,2,9,0,18,19,8,4,0,0,0,0,0,0,0,3,1,6,6,2,47,8,1896,2,20,AUDI A4,8,E01026136,0,-1
2020200987858,2020,200987858,1,9,0,7,7,6,1,0,0,4,0,0,0,0,1,1,6,6,3,-1,-1,1986,2,15,AUDI A4,-1,-1,0,-1
2020200943013,2020,200943013,2,9,0,4,4,8,4,0,0,2,0,0,0,0,3,1,6,6,1,30,6,1968,2,4,AUDI A4,1,E01009501,0,-1
2020100993128,2020,100993128,1,9,0,5,5,3,7,0,0,8,0,0,0,0,1,1,6,6,1,49,8,1968,2,3,AUDI A4,1,E01008201,0,-1
2020211017685,2020,211017685,2,9,0,18,19,5,1,0,0,8,0,0,0,0,1,1,6,6,1,74,10,1968,2,3,AUDI A4,8,E01019867,0,-1
2020031008154,2020,031008154,1,9,0,18,19,2,6,0,0,0,0,0,0,0,4,1,5,6,1,35,6,1986,2,12,AUDI A4,2,E01019166,0,-1
2020990963831,2020,990963831,3,9,0,18,19,1,6,0,0,8,0,0,0,0,3,1,5,6,1,32,6,1968,2,6,AUDI A4,2,-1,0,-1
2020370957375,2020,370957375,1,9,0,18,19,3,7,0,0,4,0,0,0,0,1,1,6,6,2,55,8,1986,2,13,AUDI A4,7,E01030217,0,-1
2020230952631,2020,230952631,1,9,0,9,9,7,5,0,0,6,0,0,0,0,1,1,2,2,1,55,8,1968,2,7,AUDI A4,1,E01009659,0,-1
2020010247962,2020,010247962,2,9,0,4,4,5,1,0,0,0,0,0,0,0,2,1,6,6,1,30,6,1896,2,16,AUDI A4,3,E01000082,0,-1
2020070314575,2020,070314575,3,9,0,18,19,5,1,0,0,0,0,0,0,0,0,1,6,6,2,48,8,1968,2,6,AUDI A4,8,E01018458,0,-1
2020351019271,2020,351019271,2,9,0,2,2,0,0,0,0,0,0,0,0,0,2,1,5,6,3,-1,-1,1984,1,0,AUDI A4,-1,-1,0,-1
2020990932921,2020,990932921,2,9,0,10,10,3,1,0,0,1,0,0,0,0,2,1,5,6,1,38,7,1968,2,7,AUDI A4,8,-1,0,-1
2020990954265,2020,990954265,1,9,0,5,5,5,8,0,0,4,0,0,0,0,3,1,6,6,1,42,7,1798,1,11,AUDI A4,2,-1,0,-1
2020040994029,2020,040994029,2,9,0,18,19,7,3,0,0,0,0,0,0,0,1,1,2,2,1,56,9,1986,2,13,AUDI A4,8,E01025301,0,-1
2020471010347,2020,471010347,1,9,0,9,9,1,7,0,0,8,0,0,0,0,1,1,6,6,1,60,9,1968,2,7,AUDI A4,4,E01031435,0,-1
2020460934110,2020,460934110,1,9,0,18,19,6,4,0,0,6,0,0,0,0,3,1,6,6,1,-1,-1,1968,2,2,AUDI A4,-1,-1,0,-1
2020010294498,2020,010294498,2,9,0,99,99,9,9,99,99,9,9,99,9,99,2,9,6,6,3,-1,-1,1968,2,3,AUDI A4,-1,-1,0,-1
2020200987982,2020,200987982,2,9,0,18,19,6,2,0,0,8,0,0,0,0,1,1,6,6,1,29,6,1968,2,8,AUDI A4,2,E01009934,0,-1
2020501019316,2020,501019316,2,9,0,3,3,4,8,0,0,1,0,0,0,0,2,1,5,6,2,38,7,1968,2,10,AUDI A4,8,E01015119,0,-1
2020010275705,2020,010275705,1,9,0,14,14,1,5,0,0,1,0,0,0,0,1,1,6,6,1,25,5,1968,2,0,AUDI A4,2,E01004010,0,-1
2020460947279,2020,460947279,1,9,0,16,19,6,1,0,0,2,0,0,0,0,1,1,2,2,1,53,8,1986,2,12,AUDI A4,2,E01000429,0,-1
2020430056059,2020,430056059,1,9,0,18,19,5,1,0,0,0,0,0,0,0,1,1,2,2,2,63,9,1984,1,12,AUDI A4,2,E01001448,0,-1
2020122100124,2020,122100124,1,9,0,18,19,5,1,0,0,1,0,0,0,0,1,1,6,6,2,40,7,1968,2,1,AUDI A4,5,E01027763,0,-1
2020010246182,2020,010246182,1,9,0,7,7,3,4,0,0,0,1,0,0,0,1,1,6,6,3,-1,-1,1968,2,7,AUDI A4,-1,-1,0,-1
20201375O1668,2020,1375O1668,3,9,0,18,19,7,3,0,0,0,0,0,0,0,3,1,6,6,1,24,5,1986,2,13,AUDI A4,2,E01010792,0,-1
2020990984191,2020,990984191,1,9,0,18,19,8,4,0,0,8,0,0,0,0,1,1,6,6,1,20,4,1968,2,6,AUDI A4,2,-1,0,-1
2020990939797,2020,990939797,3,9,0,18,19,2,5,0,0,1,0,0,0,0,4,1,5,6,1,41,7,1986,2,14,AUDI A4,1,-1,0,-1
2020122000158,2020,122000158,1,9,0,9,9,3,1,0,0,1,0,0,0,0,1,1,2,2,1,62,9,1968,2,8,AUDI A4,3,E01004337,0,-1
2020332000145,2020,332000145,2,9,0,12,12,1,5,0,0,0,0,0,0,0,3,1,6,6,3,-1,-1,1968,2,10,AUDI A4,-1,-1,0,-1
2020010268139,2020,010268139,1,9,0,3,3,1,5,0,0,1,0,0,0,0,1,1,6,6,1,38,7,1968,2,11,AUDI A4,2,E01004289,0,-1
2020440173794,2020,440173794,2,9,0,3,3,4,8,0,0,1,0,0,0,0,2,1,6,6,1,34,6,1896,2,15,AUDI A4,4,E01017172,0,-1
2020990982042,2020,990982042,1,9,0,18,19,7,3,0,0,0,0,0,0,0,1,1,2,2,1,20,4,1896,2,18,AUDI A4,6,-1,0,-1
2020141011003,2020,141011003,1,9,0,18,19,5,1,0,0,2,0,0,0,0,3,1,6,6,1,27,6,1968,2,5,AUDI A4,4,E01019823,0,-1
2020010236038,2020,010236038,1,9,0,99,99,9,9,99,99,0,9,99,9,99,2,9,6,6,1,44,7,1968,2,11,AUDI A4,6,E01003000,0,-1
2020211025900,2020,211025900,1,9,0,4,4,1,3,0,0,1,-1,0,1,0,3,1,6,6,2,31,6,1896,2,17,AUDI A4,4,E01029611,0,-1
2020350933775,2020,350933775,2,9,0,18,19,1,5,0,0,8,0,0,0,0,1,1,5,6,1,24,5,2967,2,10,AUDI A4,3,E01015666,0,-1
2020010246903,2020,010246903,1,9,0,99,99,9,9,99,99,9,9,99,9,99,1,9,2,2,1,49,8,1781,1,13,AUDI A4,3,E01030385,0,-1
2020340D04132,2020,340D04132,2,9,0,3,3,1,5,0,0,0,0,0,0,0,0,1,1,1,1,53,8,1968,2,5,AUDI A4,4,E01027327,0,-1
2020302001642,2020,302001642,2,9,0,9,9,8,4,0,0,0,0,0,0,0,1,1,6,6,1,20,4,1781,1,16,AUDI A4,1,E01013570,0,-1
2020230975894,2020,230975894,1,9,0,5,5,3,7,0,0,0,0,0,0,0,2,1,6,6,1,38,7,1984,1,6,AUDI A4,2,E01017665,0,-1
2020010231647,2020,010231647,1,9,0,7,7,7,1,0,0,1,0,0,0,0,1,1,6,6,3,-1,-1,1968,2,7,AUDI A4,-1,-1,0,-1
2020622000100,2020,622000100,1,9,0,9,9,6,4,0,0,8,0,0,0,0,3,1,6,6,1,24,5,1968,2,6,AUDI A4,2,W01001064,0,-1
2020010266753,2020,010266753,1,9,0,4,4,3,7,0,0,1,0,0,0,0,2,1,6,6,2,30,6,1968,2,3,AUDI A4,1,E01003188,0,-1
2020610018720,2020,610018720,2,9,0,2,2,0,0,0,0,1,0,0,0,0,3,1,6,6,1,66,10,1968,2,5,AUDI A4,5,W01001437,0,-1
2020100934415,2020,100934415,3,9,0,18,19,1,5,0,0,0,0,0,0,0,3,1,5,6,1,46,8,1986,2,13,AUDI A4,6,E01008559,0,-1
2020522002556,2020,522002556,2,9,0,18,19,1,5,0,0,0,0,0,0,0,1,1,6,6,1,39,7,1968,2,6,AUDI A4,-1,-1,0,-1
20201372R1184,2020,1372R1184,2,9,0,3,3,0,0,0,0,8,0,0,0,0,2,1,6,6,1,44,7,1968,2,10,AUDI A4,1,E01007715,0,-1
2020160941068,2020,160941068,1,9,0,18,19,2,6,0,0,0,0,0,0,0,3,1,6,6,2,34,6,1986,2,13,AUDI A4,2,E01013143,0,-1
2020450966604,2020,450966604,2,9,0,18,19,6,2,0,0,0,0,0,0,0,1,1,6,6,1,30,6,1896,2,21,AUDI A4,-1,-1,0,-1
2020010276835,2020,010276835,1,9,0,8,8,1,3,0,0,1,0,0,0,0,3,1,6,6,1,55,8,1986,2,14,AUDI A4,3,E01001492,0,-1
2020470975801,2020,470975801,1,9,0,18,19,1,5,0,0,8,0,0,0,0,1,1,5,6,1,49,8,1896,2,22,AUDI A4,8,E01016985,0,-1
2020370949133,2020,370949133,1,9,0,8,8,7,3,0,0,0,0,0,0,0,1,1,2,2,2,57,9,1984,1,9,AUDI A4,10,E01015564,0,-1
2020302000237,2020,302000237,2,9,0,18,19,2,6,0,0,8,0,0,0,0,1,1,6,6,1,49,8,1968,2,10,AUDI A4,10,E01013539,0,-1
202054A298020,2020,54A298020,2,9,0,4,4,2,6,0,0,0,0,0,0,0,2,1,6,6,2,28,6,1968,2,5,AUDI A4,10,E01032006,0,-1
2020350986372,2020,350986372,2,9,0,18,19,3,7,0,0,0,0,0,0,0,1,1,6,6,2,33,6,1968,2,6,AUDI A4,7,E01029945,0,-1
2020122000983,2020,122000983,1,9,0,5,5,1,5,0,0,7,0,0,0,0,0,1,6,6,1,48,8,1986,2,13,AUDI A4,7,E01027761,0,-1
2020470962143,2020,470962143,1,9,0,18,19,1,5,0,0,0,0,0,0,0,1,1,5,6,1,34,6,1986,2,15,AUDI A4,4,E01031716,0,-1
202031C073220,2020,31C073220,1,9,0,18,19,7,3,0,0,0,0,0,0,0,1,1,6,6,1,46,8,1896,2,16,AUDI A4,2,E01013918,0,-1
2020990959974,2020,990959974,2,9,0,16,19,5,8,0,0,0,1,0,7,11,1,1,2,2,1,28,6,1968,2,10,AUDI A4,6,-1,0,-1
2020200970519,2020,200970519,1,9,0,13,13,8,4,0,0,0,0,0,0,0,3,1,6,6,1,-1,-1,1968,2,1,AUDI A4,-1,-1,0,-1
2020990958079,2020,990958079,1,9,0,17,19,6,2,0,0,0,2,10,1,0,1,1,6,6,1,37,7,1968,2,4,AUDI A4,8,-1,0,-1
2020040926868,2020,040926868,4,9,0,18,19,5,1,0,0,0,0,0,0,0,2,1,6,6,1,24,5,1395,1,3,AUDI A4,9,E01025501,0,-1
2020010256847,2020,010256847,2,9,0,99,99,9,9,99,99,0,9,99,9,99,9,9,6,6,3,-1,-1,2976,1,15,AUDI A4,2,E01003266,0,-1
2020320545150,2020,320545150,1,9,0,18,19,5,1,0,0,0,5,0,7,9,0,1,2,2,1,38,7,1896,2,17,AUDI A4,8,E01026214,0,-1
2020010252706,2020,010252706,3,9,0,9,9,1,6,0,0,1,0,0,0,0,1,9,6,6,3,-1,-1,1984,1,17,AUDI A4,-1,-1,0,-1
2020460922350,2020,460922350,2,9,0,7,7,8,2,0,0,2,0,0,0,0,2,1,6,6,2,30,6,1986,2,13,AUDI A4,3,E01024166,0,-1
2020010271184,2020,010271184,1,9,0,99,99,9,9,99,99,1,9,99,9,99,2,9,6,6,2,48,8,1798,1,10,AUDI A4,2,E01003578,0,-1
2020460949964,2020,460949964,1,9,0,9,9,4,8,0,0,1,0,0,0,0,4,1,6,6,1,34,6,1968,2,7,AUDI A4,3,E01024684,0,-1
2020070157192,2020,070157192,1,9,0,9,9,1,5,7,6,0,1,0,7,0,1,1,6,6,3,32,6,1968,2,14,AUDI A4,1,E01005201,0,-1
2020010252244,2020,010252244,2,9,0,4,4,1,5,6,6,0,0,8,0,0,4,1,6,6,1,50,8,1986,2,11,AUDI A4,3,E01004633,0,-1
20201371H0258,2020,1371H0258,1,9,0,9,9,7,6,0,0,6,0,0,0,0,4,1,6,6,1,34,6,1968,2,6,AUDI A4,10,E01010936,0,-1
2020430348637,2020,430348637,1,9,0,18,19,5,1,0,0,0,0,0,0,7,2,1,2,2,1,46,8,2393,1,15,AUDI A4,6,E01017793,0,-1
2020522100960,2020,522100960,2,9,0,18,19,5,1,0,0,0,0,0,0,0,1,1,6,6,2,23,5,1781,1,16,AUDI A4,3,E01014515,0,-1
2020990964893,2020,990964893,1,9,0,18,19,3,7,0,0,1,0,10,0,0,1,1,5,6,1,27,6,2496,2,17,AUDI A4,4,-1,0,-1
2020461006673,2020,461006673,2,9,0,4,4,3,5,0,0,4,0,0,0,0,2,1,5,6,1,32,6,1968,2,3,AUDI A4,1,E01024683,0,-1
2020010243276,2020,010243276,2,9,0,18,19,5,1,0,0,2,0,0,0,0,4,1,6,6,1,24,5,1984,1,0,AUDI A4,2,E01004010,0,-1
2020010256782,2020,010256782,1,9,0,4,4,5,1,0,0,0,0,0,0,0,2,1,2,2,1,28,6,1968,2,3,AUDI A4,1,E01001549,0,-1
2020420993748,2020,420993748,1,9,0,4,4,1,5,0,0,0,0,0,0,0,1,1,2,2,1,46,8,1896,2,18,AUDI A4,3,E01000644,0,-1
20201378J1471,2020,1378J1471,2,9,0,18,19,1,3,0,0,8,0,0,0,0,1,1,2,2,2,30,6,1896,2,16,AUDI A4,1,E01011916,0,-1
2020361025370,2020,361025370,1,9,0,18,19,1,5,0,0,0,0,0,0,0,1,1,5,6,1,25,5,1984,1,14,AUDI A4,6,E01026424,0,-1
2020040978270,2020,040978270,2,9,0,1,1,7,3,0,0,0,0,0,0,0,4,1,6,6,1,27,6,1781,1,15,AUDI A4,2,E01012666,0,-1
2020320414306,2020,320414306,2,9,0,18,19,7,3,0,0,0,0,0,0,0,2,1,2,2,2,44,7,1968,2,7,AUDI A4,8,E01026022,0,-1
2020041003738,2020,041003738,1,9,0,6,6,3,7,0,0,0,0,0,0,0,1,1,6,6,1,28,6,1896,2,16,AUDI A4,1,E01025036,0,-1
2020360984114,2020,360984114,2,9,0,18,19,1,5,0,0,8,0,0,0,0,1,1,5,6,2,48,8,1968,2,4,AUDI A4,8,E01026691,0,-1
2020460990438,2020,460990438,2,9,0,17,19,-1,-1,0,0,0,0,0,2,0,3,1,6,6,1,30,6,1781,1,17,AUDI A4,3,E01016046,0,-1
2020010257890,2020,010257890,1,9,0,8,8,4,6,0,0,2,0,0,0,0,4,1,2,2,1,23,5,1968,2,12,AUDI A4,7,E01000427,0,-1
2020332000227,2020,332000227,2,9,0,1,1,7,3,0,0,3,0,0,0,0,2,1,6,6,1,-1,-1,1968,2,11,AUDI A4,6,E01025495,0,-1
2020522000325,2020,522000325,2,9,0,7,7,3,5,0,0,2,0,0,0,0,4,1,6,6,1,60,9,1395,1,5,AUDI A4,-1,-1,0,-1
2020501015377,2020,501015377,1,9,0,18,19,2,6,0,0,0,0,0,0,0,3,1,5,6,1,36,7,1896,2,18,AUDI A4,7,E01020008,0,-1
2020302000768,2020,302000768,2,9,0,16,19,2,6,0,0,1,0,0,0,0,3,1,6,6,2,58,9,1968,2,7,AUDI A4,8,E01019868,0,-1
2020411036246,2020,411036246,1,9,0,1,1,7,3,0,0,0,0,0,0,0,-1,1,2,2,1,87,11,2967,2,2,AUDI A4,8,E01023486,0,-1
2020340N01552,2020,340N01552,2,9,0,3,3,1,5,0,0,1,0,0,0,0,2,1,6,6,1,58,9,1968,2,10,AUDI A4,9,E01027148,0,-1
2020990976291,2020,990976291,2,9,0,18,19,1,5,0,0,8,0,0,0,0,3,1,5,6,1,24,5,1968,2,7,AUDI A4,2,-1,0,-1
2020470952135,2020,470952135,1,9,0,18,19,4,8,0,0,8,0,0,1,11,3,1,5,6,1,49,8,1968,2,10,AUDI A4,5,E01016991,0,-1
2020010238945,2020,010238945,1,9,0,99,99,9,9,99,99,9,9,99,9,99,9,1,6,6,1,51,8,1968,2,7,AUDI A4,4,E01002592,0,-1
2020541664720,2020,541664720,1,9,0,18,19,3,7,0,0,0,0,0,0,2,1,1,6,6,1,63,9,1968,2,5,AUDI A4,7,E01020298,0,-1
2020010255882,2020,010255882,1,9,0,9,9,7,4,0,0,6,0,0,0,0,3,1,1,1,1,61,9,1896,2,18,AUDI A4,6,E01000110,0,-1
2020140995241,2020,140995241,1,9,0,18,19,1,5,0,0,0,1,0,0,0,1,1,5,6,1,32,6,1986,2,14,AUDI A4,1,E01007944,0,-1
2020200990105,2020,200990105,2,9,0,11,11,5,1,0,0,5,0,0,0,0,1,1,6,6,3,30,6,1968,2,11,AUDI A4,-1,-1,0,-1
2020210971573,2020,210971573,2,9,0,18,19,5,1,0,0,0,0,0,0,0,2,1,6,6,1,28,6,1968,2,10,AUDI A4,3,E01010566,0,-1
2020400988489,2020,400988489,1,9,0,5,5,4,8,0,0,0,0,0,0,0,1,1,6,6,1,13,3,1896,2,16,AUDI A4,2,E01017537,0,-1
202063A053520,2020,63A053520,3,9,0,4,4,3,7,0,0,0,0,0,0,0,2,1,6,6,1,47,8,1968,2,10,AUDI A4,5,W01000728,0,-1
2020302000641,2020,302000641,2,9,0,5,5,2,6,6,6,0,0,0,0,0,1,1,6,6,1,29,6,1968,2,9,AUDI A4,5,E01013587,0,-1
2020010267336,2020,010267336,1,9,0,9,9,2,8,0,0,5,0,0,0,0,3,1,6,6,1,42,7,1968,2,9,AUDI A4,4,E01002611,0,-1
2020450978754,2020,450978754,1,9,0,18,19,1,5,0,0,0,2,10,2,4,2,1,5,6,1,62,9,1984,1,3,AUDI A4,10,E01030923,0,-1
2020010280137,2020,010280137,2,9,0,99,99,9,9,99,99,9,9,99,9,99,1,9,6,6,3,-1,-1,1896,2,14,AUDI A4,-1,-1,0,-1
2020010250908,2020,010250908,2,9,0,99,99,9,9,99,99,9,9,99,9,99,1,9,6,6,1,-1,-1,1986,2,13,AUDI A4,5,E01002563,0,-1
2020010257256,2020,010257256,1,9,0,6,6,1,1,0,0,0,0,0,0,0,0,1,6,6,2,45,7,1896,2,19,AUDI A4,6,E01001519,0,-1
2020010274915,2020,010274915,2,9,0,2,2,0,0,0,0,0,0,0,0,0,2,1,6,6,3,-1,-1,1968,2,8,AUDI A4,-1,-1,0,-1
2020500952616,2020,500952616,2,9,0,17,19,6,4,0,0,0,0,0,0,0,1,1,5,6,1,48,8,1986,2,15,AUDI A4,5,E01019901,0,-1
2020991002297,2020,991002297,2,9,0,3,3,3,7,0,0,0,0,0,0,0,2,1,5,6,1,64,9,1968,2,8,AUDI A4,10,-1,0,-1
202006N176524,2020,06N176524,1,9,0,18,19,5,1,0,0,1,0,0,0,0,2,1,6,6,1,39,7,2967,2,13,AUDI A4,2,E01005026,0,-1
2020201001844,2020,201001844,1,9,0,18,19,4,8,0,0,1,0,7,7,1,1,1,6,6,1,21,5,1968,2,12,AUDI A4,1,E01010530,0,-1
2020340W03512,2020,340W03512,2,9,0,18,19,5,1,0,0,0,0,0,0,0,0,1,6,6,1,68,10,1968,2,8,AUDI A4,3,E01027112,0,-1
2020010252605,2020,010252605,2,9,0,5,5,3,7,0,0,2,0,0,0,0,1,1,6,6,1,36,7,1986,2,12,AUDI A4,5,E01001277,0,-1
2020420980221,2020,420980221,1,9,0,17,19,2,6,0,0,2,0,0,0,0,1,1,5,6,1,39,7,1968,2,9,AUDI A4,9,E01022013,0,-1
2020140996986,2020,140996986,3,9,0,9,9,8,6,0,0,1,0,0,0,0,0,1,1,1,1,-1,-1,2967,2,3,AUDI A4,1,E01007902,0,-1
2020010279318,2020,010279318,2,9,0,9,9,3,1,0,0,0,0,0,0,0,4,1,2,2,1,30,6,1968,2,4,AUDI A4,10,E01023381,0,-1
2020340W03372,2020,340W03372,1,9,0,11,11,3,7,0,0,0,0,0,0,0,1,1,6,6,3,33,6,1986,2,13,AUDI A4,5,E01027062,0,-1
20201371P1868,2020,1371P1868,1,9,0,9,9,1,7,0,0,8,0,0,0,0,4,1,6,6,2,34,6,1986,2,14,AUDI A4,1,E01010610,0,-1
2020201013946,2020,201013946,2,9,0,18,19,5,1,0,0,8,0,0,0,0,1,1,6,6,1,-1,-1,1968,2,11,AUDI A4,-1,-1,0,-1
2020360943345,2020,360943345,2,9,0,18,19,2,3,0,0,2,0,0,0,0,1,1,2,2,1,53,8,1896,2,16,AUDI A4,5,E01026730,0,-1
2020010244923,2020,010244923,2,9,0,99,99,9,9,99,99,9,9,99,9,99,1,9,6,6,3,-1,-1,1968,2,9,AUDI A4,-1,-1,0,-1
2020010273893,2020,010273893,4,9,0,18,19,5,1,0,0,2,1,0,0,0,1,1,1,1,2,33,6,1968,2,11,AUDI A4,4,E01001711,0,-1
2020010271236,2020,010271236,1,9,0,99,99,9,9,99,99,9,9,99,9,99,2,9,2,2,1,27,6,1395,1,4,AUDI A4,2,E01001447,0,-1
2020440202592,2020,440202592,1,9,0,18,19,4,8,0,0,0,2,0,7,4,1,1,6,6,1,20,4,1968,2,8,AUDI A4,4,E01023106,0,-1