collision_index,collision_year,collision_ref_no,vehicle_reference,vehicle_type,towing_and_articulation,vehicle_manoeuvre_historic,vehicle_manoeuvre,vehicle_direction_from,vehicle_direction_to,vehicle_location_restricted_lane_historic,vehicle_location_restricted_lane,junction_location,skidding_and_overturning,hit_object_in_carriageway,vehicle_leaving_carriageway,hit_object_off_carriageway,first_point_of_impact,vehicle_left_hand_drive,journey_purpose_of_driver_historic,journey_purpose_of_driver,sex_of_driver,age_of_driver,age_band_of_driver,engine_capacity_cc,propulsion_code,age_of_vehicle,generic_make_model,driver_imd_decile,lsoa_of_driver,escooter_flag,driver_distance_banding
2020552000586,2020,552000586,1,4,0,17,19,2,6,0,0,0,0,0,0,0,1,1,2,2,1,30,6,124,1,1,-1,7,E01020467,0,-1
2020210936138,2020,210936138,2,3,0,18,19,8,4,0,0,0,0,0,0,0,2,1,6,6,1,19,4,124,1,1,LEXMOTO VIPER 125,7,E01025954,0,-1
2020450980707,2020,450980707,1,3,0,16,19,5,1,0,0,0,1,0,0,0,4,1,2,2,1,42,7,124,1,2,LEXMOTO VIPER 125,9,E01030660,0,-1
2020052002144,2020,052002144,1,3,0,18,19,1,5,0,0,2,1,0,0,0,3,1,6,6,1,17,4,124,1,0,LEXMOTO VIPER 125,9,E01012376,0,-1
2020420990382,2020,420990382,1,3,0,18,19,2,7,0,0,0,0,0,0,0,3,1,5,6,1,20,4,124,1,1,LEXMOTO VIPER 125,3,E01033722,0,-1
2020450969671,2020,450969671,1,3,0,9,9,5,3,0,0,3,5,0,0,0,1,1,5,6,1,23,5,124,1,1,LEXMOTO VIPER 125,-1,-1,0,-1
2020040990886,2020,040990886,2,3,0,9,9,7,3,0,0,5,0,0,0,0,4,1,2,2,1,27,6,124,1,0,LEXMOTO VIPER 125,1,E01025183,0,-1
2020010258355,2020,010258355,1,4,0,16,19,1,5,0,0,1,1,0,0,0,3,1,2,2,1,19,4,124,1,2,-1,4,E01003076,0,-1
2020450957231,2020,450957231,1,3,0,18,19,2,6,0,0,8,1,0,0,0,3,1,2,2,1,20,4,124,1,0,LEXMOTO VIPER 125,6,E01030649,0,-1
2020522100307,2020,522100307,1,4,0,18,19,3,7,0,0,8,0,0,0,0,1,1,6,6,1,17,4,124,1,2,-1,8,E01033338,0,-1
2020440259581,2020,440259581,2,3,0,5,5,5,1,0,0,4,0,0,0,0,1,1,6,6,1,17,4,124,1,0,LEXMOTO VIPER 125,3,E01017051,0,-1
2020010237668,2020,010237668,1,9,0,18,19,7,3,0,0,5,0,0,0,0,4,1,1,1,1,52,8,3498,1,7,-1,5,E01001782,0,-1
2020360963084,2020,360963084,2,9,0,18,19,3,7,0,0,2,0,0,0,0,1,1,5,6,1,74,10,-1,3,3,NISSAN LEAF,8,E01026913,0,-1
2020440192554,2020,440192554,1,9,0,18,19,8,4,0,0,0,0,0,1,4,1,1,6,6,1,62,9,-1,3,3,NISSAN LEAF,10,E01022644,0,-1
2020450947799,2020,450947799,1,9,0,18,19,2,8,0,0,4,0,0,0,0,1,1,1,1,2,35,6,-1,3,0,NISSAN LEAF,10,E01030758,0,-1
2020010252692,2020,010252692,2,9,0,10,10,7,5,0,0,1,0,0,0,0,1,1,6,6,1,46,8,-1,3,0,NISSAN LEAF,5,E01004463,0,-1
2020440441463,2020,440441463,1,9,0,6,6,7,7,0,0,2,0,0,0,0,1,1,6,6,1,-1,-1,-1,3,0,NISSAN LEAF,-1,-1,0,-1
2020010270253,2020,010270253,1,8,0,14,14,5,1,0,0,1,0,0,0,0,1,1,1,1,2,47,8,-1,3,0,NISSAN LEAF,3,E01004528,0,-1
2020010240151,2020,010240151,2,9,0,99,99,9,9,99,99,9,9,99,9,99,2,1,6,6,1,-1,-1,-1,3,1,NISSAN LEAF,-1,-1,0,-1
2020420973573,2020,420973573,1,9,0,7,7,3,7,0,0,1,0,0,0,0,1,1,5,6,1,46,8,-1,3,0,NISSAN LEAF,9,E01021619,0,-1
2020010234579,2020,010234579,1,8,0,99,99,9,9,99,99,9,9,99,9,99,2,9,6,6,1,41,7,-1,3,1,NISSAN LEAF,1,E01004244,0,-1
2020010262856,2020,010262856,2,9,0,99,99,9,9,99,99,9,9,99,9,99,9,9,6,6,3,42,7,-1,3,4,NISSAN LEAF,4,E01023330,0,-1
2020420996018,2020,420996018,1,9,0,3,3,3,7,0,0,0,0,0,0,0,1,1,3,7,1,51,8,-1,3,5,NISSAN LEAF,8,E01015892,0,-1
2020041006255,2020,041006255,2,9,0,18,19,3,7,0,0,2,0,0,0,0,1,1,1,1,1,51,8,-1,3,5,NISSAN LEAF,2,E01012709,0,-1
2020320583574,2020,320583574,2,9,0,18,19,3,7,0,0,0,0,0,0,0,4,1,6,6,3,40,7,-1,3,2,NISSAN LEAF,-1,-1,0,-1
2020010230920,2020,010230920,2,8,0,99,99,9,9,99,99,0,9,99,9,99,9,9,6,6,3,-1,-1,-1,3,2,NISSAN LEAF,-1,-1,0,-1
2020137671533,2020,137671533,1,9,0,18,19,1,5,0,0,0,0,0,0,0,1,1,6,6,2,38,7,-1,3,9,NISSAN LEAF,2,E01011686,0,-1
2020230929541,2020,230929541,1,9,0,18,19,3,7,0,0,2,0,0,0,0,1,1,3,7,2,44,7,-1,3,4,NISSAN LEAF,10,E01031307,0,-1
2020302000686,2020,302000686,1,9,0,3,3,6,4,0,0,0,0,0,0,0,1,1,2,2,2,35,6,-1,3,2,NISSAN LEAF,8,E01019454,0,-1
2020410939240,2020,410939240,1,9,0,18,19,3,7,0,0,0,0,0,0,0,1,1,6,6,1,75,10,-1,3,6,NISSAN LEAF,8,E01018290,0,-1
2020010265872,2020,010265872,1,9,0,18,19,5,1,0,0,2,0,0,0,0,3,1,6,6,1,46,8,-1,3,1,NISSAN LEAF,9,E01002997,0,-1
2020010271714,2020,010271714,1,8,0,18,19,1,5,0,0,5,0,0,0,0,3,1,1,1,1,49,8,-1,3,2,NISSAN LEAF,2,E01001893,0,-1
2020010276995,2020,010276995,1,9,0,99,99,9,9,99,99,9,9,99,9,99,1,9,6,6,3,40,7,-1,3,3,NISSAN LEAF,3,E01003736,0,-1
2020010240586,2020,010240586,2,9,0,18,19,5,1,0,0,0,0,0,0,0,0,1,2,2,1,46,8,-1,3,1,NISSAN LEAF,2,E01004242,0,-1
2020010271263,2020,010271263,2,8,0,99,99,9,9,99,99,9,9,99,9,99,1,9,6,6,3,62,9,-1,3,1,NISSAN LEAF,5,E01004648,0,-1
2020070483191,2020,070483191,2,9,0,18,19,6,1,0,0,1,0,0,0,0,3,1,1,1,2,40,7,-1,3,4,NISSAN LEAF,9,E01012514,0,-1
20201371K0665,2020,1371K0665,1,9,0,18,19,7,3,0,0,8,0,0,0,0,1,1,1,1,1,34,6,-1,3,2,NISSAN LEAF,9,E01011685,0,-1
2020010281005,2020,010281005,1,8,0,18,19,7,3,0,0,0,0,0,0,0,1,1,2,2,1,37,7,-1,3,4,NISSAN LEAF,4,E01016003,0,-1
2020041008640,2020,041008640,2,9,0,5,5,3,6,0,0,1,0,0,0,0,1,1,1,1,1,53,8,-1,3,4,NISSAN LEAF,1,E01012683,0,-1
2020010248383,2020,010248383,2,9,0,10,10,1,7,0,0,8,0,0,0,0,3,1,6,6,1,57,9,-1,3,1,NISSAN LEAF,7,E01023527,0,-1
2020430026231,2020,430026231,2,9,0,17,19,7,3,0,0,0,0,0,0,0,1,1,6,6,1,44,7,-1,3,2,NISSAN LEAF,9,E01028624,0,-1
2020010260168,2020,010260168,1,9,0,18,19,7,3,0,0,8,0,0,0,0,4,1,1,1,1,56,9,-1,3,1,NISSAN LEAF,5,E01015926,0,-1
2020010234379,2020,010234379,1,9,0,9,9,3,2,0,0,6,0,0,0,0,3,1,3,7,1,49,8,-1,3,1,NISSAN LEAF,6,E01002618,0,-1
2020440099002,2020,440099002,2,9,0,3,3,8,4,0,0,1,0,0,0,0,2,1,6,6,1,44,7,-1,3,3,NISSAN LEAF,9,E01031878,0,-1
2020990990851,2020,990990851,2,9,0,16,19,2,5,0,0,2,0,0,1,0,1,1,5,6,2,48,8,-1,3,6,NISSAN LEAF,5,-1,0,-1
2020450992363,2020,450992363,2,9,0,18,19,1,5,0,0,0,0,0,0,0,2,1,5,6,1,59,9,-1,3,3,NISSAN LEAF,9,E01030539,0,-1
2020040931970,2020,040931970,2,9,0,18,19,5,1,0,0,0,0,0,0,0,4,1,5,6,1,44,7,-1,3,1,NISSAN LEAF,8,E01025272,0,-1
2020010233645,2020,010233645,2,9,0,18,19,7,3,0,0,5,0,7,3,10,4,1,6,6,1,20,4,-1,3,2,NISSAN LEAF,4,E01001928,0,-1
2020010253841,2020,010253841,2,8,0,99,99,9,9,99,99,9,9,99,9,99,9,9,6,6,3,-1,-1,-1,3,1,NISSAN LEAF,3,E01001972,0,-1
2020440297495,2020,440297495,2,9,0,9,9,7,5,0,0,8,0,0,0,0,1,1,6,6,2,66,10,-1,3,2,NISSAN LEAF,10,E01022531,0,-1
2020522100784,2020,522100784,2,9,0,18,19,7,3,0,0,8,0,0,0,0,1,1,6,6,2,64,9,-1,3,4,NISSAN LEAF,4,E01031917,0,-1
2020460996158,2020,460996158,2,9,0,2,2,0,0,0,0,0,0,0,0,0,2,1,5,6,1,29,6,-1,3,7,NISSAN LEAF,4,E01024669,0,-1
2020010265791,2020,010265791,1,9,0,1,1,7,3,0,0,8,0,0,0,0,2,1,1,1,2,39,7,-1,3,0,NISSAN LEAF,1,E01000551,0,-1
2020220983960,2020,220983960,1,9,0,18,19,5,1,0,0,0,0,0,0,0,1,1,5,6,2,59,9,-1,3,3,NISSAN LEAF,8,E01014147,0,-1
2020010274416,2020,010274416,1,9,0,7,7,2,4,0,0,2,1,0,7,1,1,1,6,6,2,44,7,-1,3,6,NISSAN LEAF,3,E01002276,0,-1
2020010278223,2020,010278223,1,9,0,9,9,3,1,0,0,6,0,0,0,0,1,1,6,6,2,66,10,-1,3,0,NISSAN LEAF,10,E01028777,0,-1
2020552000694,2020,552000694,1,9,0,9,9,6,4,0,0,6,0,0,1,0,3,1,6,6,2,78,11,-1,3,3,NISSAN LEAF,9,E01015432,0,-1
2020500946534,2020,500946534,1,9,0,3,3,3,7,0,0,0,0,0,0,0,0,1,1,1,2,25,5,-1,3,2,NISSAN LEAF,6,E01019016,0,-1
202006Q276769,2020,06Q276769,3,9,0,18,19,8,4,0,0,0,0,0,0,0,0,1,1,1,1,30,6,-1,3,6,NISSAN LEAF,-1,-1,0,-1
2020410999153,2020,410999153,3,9,0,2,2,0,0,0,0,2,0,0,0,0,2,1,6,6,3,-1,-1,-1,3,0,NISSAN LEAF,-1,-1,0,-1
2020010282388,2020,010282388,2,8,0,9,9,3,1,0,0,1,0,0,1,0,1,1,6,6,1,29,6,-1,3,5,NISSAN LEAF,4,E01002698,0,-1
202031D037120,2020,31D037120,2,9,0,18,19,6,2,0,0,8,0,0,0,0,1,1,6,6,1,48,8,-1,3,0,NISSAN LEAF,9,E01028196,0,-1
2020010285016,2020,010285016,1,9,0,18,19,5,1,0,0,8,0,0,6,0,1,1,6,6,1,54,8,-1,3,1,NISSAN LEAF,3,E01000222,0,-1
2020010262524,2020,010262524,1,9,0,99,99,9,9,99,99,0,9,99,9,99,1,9,6,6,2,38,7,-1,3,5,NISSAN LEAF,4,E01000472,0,-1
2020010257006,2020,010257006,1,9,0,10,10,3,8,0,0,0,0,0,0,0,2,1,1,1,1,49,8,-1,3,1,NISSAN LEAF,4,E01000475,0,-1
2020030926580,2020,030926580,4,9,0,18,19,5,5,0,0,0,0,0,0,0,2,1,6,6,1,57,9,-1,3,3,NISSAN LEAF,9,E01006300,0,-1
2020990965409,2020,990965409,1,9,0,7,7,5,7,8,6,2,0,0,0,0,1,1,2,2,1,61,9,-1,3,0,NISSAN LEAF,4,-1,0,-1
2020052001484,2020,052001484,1,9,0,18,19,3,7,0,0,4,0,0,0,0,1,1,6,6,2,70,10,-1,3,3,NISSAN LEAF,8,E01007036,0,-1
2020990935467,2020,990935467,3,9,0,18,19,6,2,0,0,0,1,0,1,0,2,1,1,1,1,49,8,-1,3,5,NISSAN LEAF,3,-1,0,-1
2020430096160,2020,430096160,1,9,0,18,19,6,2,0,0,0,0,0,0,0,3,1,6,6,1,45,7,-1,3,2,NISSAN LEAF,9,E01017701,0,-1
2020990983875,2020,990983875,2,9,0,9,9,4,1,0,0,1,0,0,0,0,2,1,5,6,2,33,6,-1,3,2,NISSAN LEAF,5,-1,0,-1
2020530981387,2020,530981387,1,9,0,10,10,2,5,0,0,6,0,0,0,0,3,1,5,6,1,47,8,-1,3,2,NISSAN LEAF,10,E01015014,0,-1
2020522000473,2020,522000473,2,9,0,18,19,2,7,0,0,8,0,0,0,0,1,1,6,6,1,50,8,-1,3,3,NISSAN LEAF,4,E01014906,0,-1
2020370938771,2020,370938771,2,9,0,3,3,3,7,0,0,2,0,0,0,0,2,1,5,6,2,37,7,-1,3,5,NISSAN LEAF,8,E01030046,0,-1
2020010273049,2020,010273049,1,9,0,4,4,1,5,0,0,2,0,0,0,0,1,1,6,6,1,70,10,-1,3,4,NISSAN LEAF,1,E01001846,0,-1
2020010240899,2020,010240899,1,9,0,99,99,9,9,99,99,0,9,99,9,99,9,9,6,6,2,53,8,-1,3,5,NISSAN LEAF,6,E01004361,0,-1
2020070634396,2020,070634396,1,9,0,16,19,6,2,0,0,3,0,0,0,0,4,1,6,6,1,20,4,-1,3,0,NISSAN LEAF,4,E01018549,0,-1
2020030968187,2020,030968187,1,9,0,9,9,5,1,0,0,6,0,0,0,0,3,1,1,1,1,49,8,-1,3,1,NISSAN LEAF,5,E01019278,0,-1
2020161014491,2020,161014491,1,9,0,7,7,3,7,0,0,6,0,0,0,0,1,1,6,6,1,43,7,-1,3,8,NISSAN LEAF,9,E01013265,0,-1
2020460972091,2020,460972091,2,9,0,4,4,1,5,0,0,0,0,0,0,0,3,1,6,6,1,76,11,-1,3,0,NISSAN LEAF,6,E01024220,0,-1
2020200970587,2020,200970587,1,9,0,5,5,4,8,0,0,4,0,0,0,0,1,1,1,1,1,50,8,-1,3,4,NISSAN LEAF,-1,-1,0,-1
2020010277888,2020,010277888,1,9,0,9,9,7,4,0,0,0,0,0,0,0,1,1,6,6,1,33,6,-1,3,1,NISSAN LEAF,5,E01002977,0,-1
2020010260909,2020,010260909,2,9,0,4,4,3,7,0,0,2,0,0,0,0,1,1,1,1,1,58,9,-1,3,1,NISSAN LEAF,3,E01033699,0,-1
2020010252809,2020,010252809,2,8,0,99,99,9,9,99,99,9,9,99,9,99,9,9,6,6,3,-1,-1,-1,3,1,NISSAN LEAF,-1,-1,0,-1
2020500990964,2020,500990964,4,9,0,18,19,5,1,0,0,0,0,0,0,0,1,1,6,6,1,59,9,-1,3,3,NISSAN LEAF,5,E01018992,0,-1
2020410998068,2020,410998068,1,9,0,1,1,1,5,9,9,1,0,0,0,0,2,1,5,6,2,24,5,-1,3,7,NISSAN LEAF,7,E01023351,0,-1
2020440404851,2020,440404851,1,9,0,7,7,6,1,0,0,6,0,0,0,0,3,1,6,6,2,49,8,-1,3,5,NISSAN LEAF,10,E01022595,0,-1
2020990976280,2020,990976280,2,9,0,16,19,4,8,0,0,3,0,0,0,0,1,1,1,1,1,43,7,-1,3,6,NISSAN LEAF,6,-1,0,-1
2020052001651,2020,052001651,4,9,0,3,3,1,5,0,0,1,0,0,0,0,3,1,6,6,1,63,9,-1,3,2,NISSAN LEAF,8,E01007241,0,-1
2020010254294,2020,010254294,1,8,0,99,99,9,9,0,0,8,0,0,0,0,2,9,6,6,1,45,7,-1,3,1,NISSAN LEAF,3,E01002605,0,-1
2020010268744,2020,010268744,1,9,0,5,5,5,1,0,0,2,0,0,0,0,1,1,6,6,1,52,8,-1,3,0,NISSAN LEAF,3,E01003915,0,-1
2020350968809,2020,350968809,3,9,0,4,4,7,3,0,0,0,0,0,0,0,2,1,5,6,2,41,7,-1,3,4,NISSAN LEAF,9,E01018307,0,-1
2020010268113,2020,010268113,2,8,0,99,99,9,9,99,99,9,9,99,9,99,2,9,6,6,1,45,7,-1,3,0,NISSAN LEAF,3,E01002620,0,-1
2020201014211,2020,201014211,1,9,0,7,7,8,2,0,0,6,0,0,0,0,3,1,6,6,1,77,11,-1,3,4,NISSAN LEAF,10,E01009826,0,-1
2020010265794,2020,010265794,2,9,0,4,4,6,2,0,0,0,0,0,0,0,2,1,1,1,1,25,5,-1,3,2,NISSAN LEAF,-1,-1,0,-1
2020052000826,2020,052000826,1,9,0,9,9,3,1,0,0,8,0,0,0,0,3,1,2,2,1,38,7,-1,3,4,NISSAN LEAF,7,E01007148,0,-1
2020990917062,2020,990917062,1,9,0,18,19,8,4,0,0,2,0,0,0,0,1,1,5,6,2,49,8,-1,3,7,NISSAN LEAF,6,-1,0,-1
2020010260116,2020,010260116,1,8,0,7,7,3,5,0,0,4,0,0,0,0,1,1,1,1,1,70,10,-1,3,1,NISSAN LEAF,8,E01033724,0,-1
2020010280721,2020,010280721,2,9,0,9,9,1,6,0,0,1,0,0,0,0,1,1,6,6,2,40,7,-1,3,1,NISSAN LEAF,9,E01001102,0,-1
2020991004408,2020,991004408,2,9,0,16,19,5,1,0,0,0,0,0,0,0,0,1,1,1,2,51,8,-1,3,1,NISSAN LEAF,7,-1,0,-1
2020991004209,2020,991004209,1,9,0,5,5,5,1,0,0,0,0,0,0,0,4,1,3,7,1,64,9,-1,3,1,NISSAN LEAF,-1,-1,0,-1
2020040928067,2020,040928067,1,9,0,9,9,3,3,0,0,5,0,0,0,0,1,1,5,6,1,65,9,-1,3,5,NISSAN LEAF,1,E01012671,0,-1
2020010280391,2020,010280391,2,8,0,3,3,1,5,0,0,0,0,0,0,0,1,1,6,6,1,54,8,-1,3,1,NISSAN LEAF,2,E01003089,0,-1
2020622000603,2020,622000603,1,9,0,5,5,7,4,0,0,4,0,0,0,0,1,1,6,6,2,64,9,-1,3,0,NISSAN LEAF,5,W01000887,0,-1
2020991008032,2020,991008032,1,9,0,9,9,8,6,0,0,8,0,0,0,0,1,1,1,1,1,65,9,-1,3,4,NISSAN LEAF,2,-1,0,-1
2020990985162,2020,990985162,1,9,0,18,19,2,6,0,0,8,0,0,0,0,1,1,6,6,1,48,8,-1,3,3,NISSAN LEAF,2,-1,0,-1
2020010236249,2020,010236249,2,8,0,3,3,6,2,0,0,1,0,0,0,0,4,9,1,1,1,-1,-1,-1,3,1,NISSAN LEAF,-1,-1,0,-1
2020360977973,2020,360977973,2,9,0,18,19,5,1,0,0,0,0,0,0,0,2,1,5,6,1,53,8,-1,3,5,NISSAN LEAF,6,E01026419,0,-1
2020010240561,2020,010240561,1,9,0,99,99,9,9,99,99,1,9,99,9,99,9,1,6,6,3,-1,-1,-1,3,1,NISSAN LEAF,-1,-1,0,-1
2020220986314,2020,220986314,2,9,0,17,19,2,6,0,0,0,0,0,0,0,1,1,5,6,2,51,8,-1,3,8,NISSAN LEAF,5,E01028961,0,-1
2020010263097,2020,010263097,1,9,9,99,99,9,9,99,99,9,9,99,9,99,2,9,6,6,2,52,8,-1,3,7,NISSAN LEAF,-1,-1,0,-1
2020410964160,2020,410964160,2,9,0,10,10,3,7,0,0,4,0,0,0,0,1,1,5,6,1,41,7,-1,3,3,NISSAN LEAF,7,E01023328,0,-1
2020140995219,2020,140995219,2,9,0,18,19,1,5,0,0,0,0,0,0,0,1,1,6,6,1,-1,-1,-1,3,3,NISSAN LEAF,-1,-1,0,-1
2020010263582,2020,010263582,1,8,0,16,19,3,5,0,0,1,0,0,0,0,2,1,1,1,1,48,8,-1,3,2,NISSAN LEAF,9,E01021654,0,-1
2020137860315,2020,137860315,1,9,0,18,19,8,4,0,0,8,0,0,0,0,4,1,6,6,2,52,8,-1,3,6,NISSAN LEAF,-1,-1,0,-1
2020010273640,2020,010273640,1,9,9,1,1,1,5,0,0,0,9,99,0,0,9,9,6,6,3,-1,-1,-1,3,2,NISSAN LEAF,-1,-1,0,-1
2020010235199,2020,010235199,1,9,0,18,19,2,6,0,0,2,0,0,0,0,3,1,6,6,1,56,9,-1,3,3,NISSAN LEAF,4,E01001325,0,-1
2020010264534,2020,010264534,1,9,0,9,9,1,7,0,0,5,0,0,0,0,1,1,1,1,1,49,8,-1,3,8,NISSAN LEAF,2,E01003336,0,-1
2020122001087,2020,122001087,1,9,0,9,9,3,7,1,1,1,0,0,0,0,2,1,6,6,1,80,11,1560,2,14,PEUGEOT 307,3,E01013335,0,-1
2020440463425,2020,440463425,1,9,0,9,9,3,1,0,0,1,0,0,0,0,4,1,2,2,1,52,8,1587,1,15,PEUGEOT 307,3,E01017073,0,-1
2020420920864,2020,420920864,2,9,0,3,3,5,1,0,0,1,0,0,0,0,1,1,6,6,1,37,7,1360,1,17,PEUGEOT 307,4,E01015903,0,-1
2020541094120,2020,541094120,1,9,0,5,5,4,8,0,0,4,0,0,0,0,1,1,2,2,1,38,7,1997,2,13,PEUGEOT 307,7,E01015582,0,-1
2020500945311,2020,500945311,1,9,0,16,19,1,5,0,0,0,1,6,0,0,1,1,5,6,1,18,4,1587,1,13,PEUGEOT 307,6,E01020312,0,-1
2020137390197,2020,137390197,1,9,0,16,19,5,1,0,0,0,1,0,0,0,1,1,6,6,2,38,7,1997,2,15,PEUGEOT 307,-1,-1,0,-1
202031B060920,2020,31B060920,1,9,0,15,15,1,5,0,0,0,0,0,0,0,3,1,6,6,3,-1,-1,1997,2,13,PEUGEOT 307,-1,-1,0,-1
2020440076146,2020,440076146,1,9,0,18,19,5,1,0,0,0,0,0,1,10,1,1,2,2,2,48,8,1587,1,16,PEUGEOT 307,2,E01017345,0,-1
2020140972262,2020,140972262,1,9,0,17,19,8,4,0,0,0,0,0,1,0,4,1,6,6,2,39,7,1587,1,15,PEUGEOT 307,1,E01008119,0,-1
2020122001053,2020,122001053,2,9,0,18,19,1,5,0,0,2,0,0,0,0,2,1,6,6,1,25,5,1360,1,16,PEUGEOT 307,3,E01027908,0,-1
2020360991816,2020,360991816,1,9,0,18,19,3,7,0,0,4,0,0,0,0,3,1,2,2,1,35,6,1587,1,13,PEUGEOT 307,5,E01026831,0,-1
2020549779220,2020,549779220,2,9,0,5,5,7,5,0,0,4,0,0,0,0,3,1,6,6,2,36,7,1587,1,14,PEUGEOT 307,4,E01015511,0,-1
2020500929589,2020,500929589,1,9,0,18,19,7,4,0,0,0,0,7,0,0,1,1,5,6,2,24,5,1587,1,18,PEUGEOT 307,7,E01020105,0,-1
2020450941713,2020,450941713,1,9,0,8,8,1,3,0,0,0,0,0,0,0,4,1,5,6,2,66,10,1587,1,17,PEUGEOT 307,10,E01030314,0,-1
2020470950788,2020,470950788,1,9,0,9,9,6,4,0,0,8,0,0,0,0,4,1,5,6,1,53,8,1997,2,17,PEUGEOT 307,8,E01031506,0,-1
2020302000558,2020,302000558,1,9,0,9,9,1,8,0,0,6,0,0,0,0,1,1,6,6,1,68,10,1587,1,16,PEUGEOT 307,7,E01013490,0,-1
2020201017740,2020,201017740,2,9,0,18,19,2,6,0,0,8,0,0,0,0,1,1,6,6,1,35,6,1587,1,13,PEUGEOT 307,2,E01010021,0,-1
2020010240976,2020,010240976,4,9,0,2,2,0,0,0,0,1,0,0,0,0,2,1,6,6,3,-1,-1,1997,1,13,PEUGEOT 307,-1,-1,0,-1
2020470982484,2020,470982484,1,9,0,2,2,0,0,0,0,2,0,0,0,0,3,1,6,6,1,39,7,1997,1,14,PEUGEOT 307,10,E01031820,0,-1
2020340E03582,2020,340E03582,2,9,0,3,3,6,2,0,0,2,0,0,0,0,1,1,6,6,2,49,8,1997,1,16,PEUGEOT 307,1,E01027339,0,-1
2020200921658,2020,200921658,1,9,0,14,14,1,5,0,0,2,0,0,0,0,1,1,6,6,3,-1,-1,1360,1,16,PEUGEOT 307,-1,-1,0,-1
2020010229662,2020,010229662,1,9,0,9,9,7,4,0,0,1,0,0,7,10,1,1,6,6,2,34,6,1587,1,17,PEUGEOT 307,3,E01003625,0,-1
2020552000992,2020,552000992,2,9,0,18,19,7,3,0,0,8,0,0,7,1,4,1,6,6,2,57,9,1997,2,18,PEUGEOT 307,5,E01019947,0,-1
2020070295389,2020,070295389,2,9,0,18,19,4,8,0,0,0,0,0,0,0,1,1,6,6,2,38,7,1587,1,13,PEUGEOT 307,1,E01006762,0,-1
2020030976150,2020,030976150,1,9,0,14,14,5,1,0,0,0,0,4,0,0,1,1,5,6,1,83,11,1587,1,13,PEUGEOT 307,3,E01019114,0,-1
2020460997799,2020,460997799,3,9,0,2,2,0,0,0,0,0,0,0,0,0,3,1,6,6,1,42,7,1560,2,14,PEUGEOT 307,4,E01024541,0,-1
2020552000355,2020,552000355,1,9,0,18,19,7,3,0,0,0,0,0,0,0,1,1,6,6,1,22,5,1587,1,16,PEUGEOT 307,8,E01020455,0,-1
2020010235077,2020,010235077,2,9,0,99,99,9,9,99,99,9,9,99,9,99,9,9,6,6,3,-1,-1,1560,2,14,PEUGEOT 307,-1,-1,0,-1
202006Q268071,2020,06Q268071,1,9,0,18,19,4,7,0,0,0,0,0,0,0,1,1,6,6,1,62,9,1560,2,14,PEUGEOT 307,1,E01005225,0,-1
2020470923283,2020,470923283,1,9,0,16,19,4,6,0,0,0,0,0,0,0,1,1,6,6,3,-1,-1,1560,2,16,PEUGEOT 307,-1,-1,0,-1
2020122000791,2020,122000791,1,9,0,5,5,1,5,0,0,1,0,0,0,0,1,1,6,6,1,36,7,1587,1,14,PEUGEOT 307,2,E01027812,0,-1
2020350926031,2020,350926031,1,9,0,17,19,6,4,0,0,2,1,0,1,0,1,1,2,2,2,30,6,1587,1,17,PEUGEOT 307,10,E01018055,0,-1
2020201008205,2020,201008205,2,9,0,14,14,8,4,0,0,1,0,0,0,0,3,1,6,6,1,23,5,1587,1,15,PEUGEOT 307,1,E01010410,0,-1
2020010279808,2020,010279808,2,9,0,2,2,0,0,0,0,8,0,0,0,0,4,1,6,6,3,-1,-1,1997,1,16,PEUGEOT 307,-1,-1,0,-1
20201379J0130,2020,1379J0130,1,9,0,18,19,3,7,0,0,1,0,0,0,0,1,1,6,6,1,37,7,1997,1,17,PEUGEOT 307,1,E01010659,0,-1
2020622000409,2020,622000409,1,9,0,16,19,4,7,0,0,0,5,10,1,0,1,1,6,6,1,52,8,1560,2,14,PEUGEOT 307,2,W01001855,0,-1
2020360944696,2020,360944696,2,9,0,2,2,1,5,0,0,1,0,0,0,0,2,1,5,6,1,35,6,1560,2,15,PEUGEOT 307,2,E01026006,0,-1
2020622000961,2020,622000961,1,9,0,18,19,6,2,0,0,0,0,4,0,0,1,1,6,6,2,30,6,1560,2,13,PEUGEOT 307,2,W01001024,0,-1
2020340N09062,2020,340N09062,1,9,0,9,9,7,5,0,0,6,0,0,0,0,3,1,6,6,1,84,11,1587,1,15,PEUGEOT 307,7,E01027149,0,-1
2020410974588,2020,410974588,1,9,0,9,9,5,2,0,0,5,0,0,0,0,1,1,5,6,1,84,11,1360,1,14,PEUGEOT 307,8,E01023875,0,-1
2020140915563,2020,140915563,1,9,0,5,5,3,7,0,0,1,0,0,0,0,0,1,5,6,1,81,11,1360,1,17,PEUGEOT 307,9,E01019486,0,-1
2020460971242,2020,460971242,1,9,4,18,19,6,2,0,0,2,0,0,0,0,0,1,6,6,1,72,10,1997,2,16,PEUGEOT 307,5,E01024095,0,-1
2020371011896,2020,371011896,2,9,0,18,19,1,4,0,0,0,0,0,1,0,1,1,6,6,1,20,4,1560,2,13,PEUGEOT 307,5,E01021664,0,-1
2020547542720,2020,547542720,2,9,0,9,9,1,7,0,0,8,0,0,7,0,4,1,6,6,1,18,4,1997,2,15,PEUGEOT 307,8,E01031940,0,-1
2020552000919,2020,552000919,1,9,0,17,19,8,4,0,0,0,1,0,0,0,1,1,2,2,1,27,6,1560,2,16,PEUGEOT 307,2,E01015304,0,-1