collision_index,collision_year,collision_ref_no,vehicle_reference,vehicle_type,towing_and_articulation,vehicle_manoeuvre_historic,vehicle_manoeuvre,vehicle_direction_from,vehicle_direction_to,vehicle_location_restricted_lane_historic,vehicle_location_restricted_lane,junction_location,skidding_and_overturning,hit_object_in_carriageway,vehicle_leaving_carriageway,hit_object_off_carriageway,first_point_of_impact,vehicle_left_hand_drive,journey_purpose_of_driver_historic,journey_purpose_of_driver,sex_of_driver,age_of_driver,age_band_of_driver,engine_capacity_cc,propulsion_code,age_of_vehicle,generic_make_model,driver_imd_decile,lsoa_of_driver,escooter_flag,driver_distance_banding
2020552000377,2020,552000377,3,9,0,2,2,0,0,0,0,0,0,0,0,0,1,1,6,6,3,-1,-1,1360,1,14,PEUGEOT 307,-1,-1,0,-1
2020622000471,2020,622000471,1,9,0,18,19,6,2,0,0,0,0,0,0,0,1,1,6,6,2,49,8,1587,1,14,PEUGEOT 307,7,W01001062,0,-1
2020461001969,2020,461001969,1,9,0,5,5,3,7,0,0,8,5,0,0,0,4,1,6,6,2,49,8,1997,1,15,PEUGEOT 307,3,E01000381,0,-1
2020350995495,2020,350995495,1,9,0,18,19,8,4,0,0,0,0,11,3,0,1,1,6,6,1,30,6,1587,1,15,PEUGEOT 307,9,E01018221,0,-1
2020140930734,2020,140930734,1,9,0,17,19,3,8,0,0,8,0,0,2,1,1,1,5,6,1,26,6,1398,2,17,PEUGEOT 307,6,E01032551,0,-1
2020522002301,2020,522002301,2,9,0,5,5,4,8,0,0,6,0,0,0,0,1,1,6,6,1,-1,-1,1587,1,14,PEUGEOT 307,-1,-1,0,-1
2020361009872,2020,361009872,2,9,0,3,3,2,6,0,0,1,0,0,0,0,2,1,5,6,1,43,7,1997,2,14,PEUGEOT 307,5,E01026944,0,-1
2020460953164,2020,460953164,3,9,0,2,2,0,0,0,0,1,0,4,0,0,1,1,5,6,1,-1,-1,1560,2,14,PEUGEOT 307,2,E01024775,0,-1
2020440422559,2020,440422559,3,9,0,18,19,5,1,0,0,0,0,0,0,0,1,1,6,6,2,38,7,1997,2,13,PEUGEOT 307,7,E01022795,0,-1
2020137BI0756,2020,137BI0756,1,9,0,18,19,1,5,0,0,0,0,0,0,0,1,1,6,6,2,65,9,1997,1,14,PEUGEOT 307,3,E01011212,0,-1
2020470929255,2020,470929255,1,9,0,13,13,4,7,0,0,0,1,0,0,0,1,1,2,2,2,44,7,1560,2,13,PEUGEOT 307,2,E01031437,0,-1
2020140915363,2020,140915363,2,9,0,9,9,6,4,0,0,6,0,0,0,0,3,1,5,6,2,25,5,1997,2,17,PEUGEOT 307,3,E01007363,0,-1
2020320443565,2020,320443565,2,9,0,18,19,3,7,0,0,0,0,0,1,0,1,1,2,2,1,68,10,1587,1,14,PEUGEOT 307,7,E01026053,0,-1
2020220955097,2020,220955097,1,9,0,17,19,8,5,0,0,8,0,0,0,0,1,1,5,6,1,28,6,1997,2,18,PEUGEOT 307,9,E01028932,0,-1
2020500929203,2020,500929203,2,9,0,18,19,4,8,0,0,0,5,0,0,0,4,1,1,1,1,23,5,1587,1,15,PEUGEOT 307,4,E01018887,0,-1
2020052000947,2020,052000947,1,9,0,18,19,1,5,0,0,0,0,0,7,2,1,1,6,6,1,64,9,1997,1,12,PEUGEOT 307,1,E01007119,0,-1
2020010237703,2020,010237703,2,9,0,18,19,3,7,0,0,0,0,0,0,0,1,1,6,6,1,52,8,1587,1,13,PEUGEOT 307,-1,-1,0,-1
2020010274652,2020,010274652,1,9,0,18,19,1,5,0,0,0,0,0,0,0,1,1,6,6,1,31,6,1587,1,15,PEUGEOT 307,6,E01004186,0,-1
2020200989559,2020,200989559,2,9,0,18,19,1,5,0,0,8,0,0,0,0,1,1,6,6,1,53,8,1398,2,17,PEUGEOT 307,1,E01009881,0,-1
2020340E08442,2020,340E08442,1,9,0,5,5,3,7,0,0,8,0,0,0,0,1,1,6,6,2,30,6,1997,1,17,PEUGEOT 307,7,E01027050,0,-1
2020360951350,2020,360951350,1,9,0,18,19,-1,-1,0,0,0,0,0,1,0,1,1,6,6,1,40,7,1560,2,15,PEUGEOT 307,3,E01026782,0,-1
2020430055760,2020,430055760,2,9,0,4,4,3,7,0,0,1,0,0,0,0,2,1,2,2,1,62,9,1997,2,15,PEUGEOT 307,2,E01009937,0,-1
2020520003199,2020,520003199,2,9,0,18,19,8,4,0,0,0,0,4,0,0,1,1,6,6,2,32,6,1587,1,13,PEUGEOT 307,3,E01029304,0,-1
2020361010746,2020,361010746,2,9,0,18,19,2,6,0,0,0,0,0,7,0,4,1,5,6,1,21,5,1360,1,17,PEUGEOT 307,10,E01026926,0,-1
2020010264477,2020,010264477,1,9,0,4,4,5,1,0,0,0,0,0,0,0,1,1,6,6,2,24,5,1587,1,17,PEUGEOT 307,3,E01001166,0,-1
2020470923388,2020,470923388,1,9,0,9,9,6,4,0,0,1,0,0,0,0,1,1,6,6,2,35,6,1560,2,14,PEUGEOT 307,1,E01021136,0,-1
2020361004649,2020,361004649,2,9,0,5,5,6,2,0,0,1,0,0,0,0,1,1,6,6,2,19,4,1360,1,16,PEUGEOT 307,2,E01026829,0,-1
2020137691253,2020,137691253,1,9,0,18,19,8,4,0,0,0,5,0,2,11,4,1,6,6,1,22,5,1587,1,14,PEUGEOT 307,5,E01011500,0,-1
2020302000224,2020,302000224,1,9,0,9,9,3,1,0,0,5,0,0,0,0,3,1,6,6,1,36,7,1997,2,15,PEUGEOT 307,3,E01019776,0,-1
2020200997489,2020,200997489,2,9,0,18,19,8,4,0,0,2,0,0,0,0,2,1,2,2,1,38,7,1587,1,13,PEUGEOT 307,1,E01009382,0,-1
2020010255215,2020,010255215,1,9,0,3,3,2,6,0,0,1,0,0,0,0,2,1,1,1,2,41,7,1587,1,14,PEUGEOT 307,4,E01000155,0,-1
2020530986860,2020,530986860,1,9,0,9,9,1,7,0,0,1,0,0,0,0,3,1,6,6,1,93,11,1587,1,17,PEUGEOT 307,7,E01022215,0,-1
2020010258320,2020,010258320,1,9,0,99,99,9,9,99,99,9,9,99,9,99,3,9,6,6,2,19,4,1997,1,15,PEUGEOT 307,3,E01003605,0,-1
2020122001055,2020,122001055,2,9,0,17,19,5,1,0,0,0,0,0,0,0,1,1,6,6,1,65,9,1560,2,12,PEUGEOT 307,10,E01013440,0,-1
2020520003173,2020,520003173,1,9,0,18,19,6,2,0,0,0,0,0,0,0,1,1,6,6,3,35,6,1587,1,13,PEUGEOT 307,-1,-1,0,-1
2020052000346,2020,052000346,2,9,0,2,2,0,0,0,0,1,0,0,1,0,2,1,6,6,3,-1,-1,1587,1,14,PEUGEOT 307,-1,-1,0,-1
2020302001257,2020,302001257,2,9,0,15,15,8,4,0,0,0,0,0,0,0,3,1,2,2,1,44,7,1997,1,15,PEUGEOT 307,1,E01013479,0,-1
2020200953186,2020,200953186,1,9,0,18,19,2,6,0,0,0,0,4,0,0,1,1,6,6,1,23,5,1997,2,16,PEUGEOT 307,2,E01010096,0,-1
2020370930235,2020,370930235,1,9,0,18,19,5,1,0,0,0,0,0,0,0,0,1,6,6,1,44,7,1560,2,13,PEUGEOT 307,3,E01030162,0,-1
2020500985332,2020,500985332,1,9,0,18,19,7,3,0,0,1,0,0,0,0,4,1,6,6,2,33,6,1997,1,15,PEUGEOT 307,9,E01020038,0,-1
202054A284620,2020,54A284620,3,9,0,7,7,4,6,0,0,1,0,0,0,0,4,1,6,6,1,63,9,1587,1,17,PEUGEOT 307,6,E01031967,0,-1
2020460919387,2020,460919387,1,9,0,4,4,3,7,0,0,0,1,0,0,0,1,1,5,6,1,33,6,1360,1,13,PEUGEOT 307,3,E01024567,0,-1
2020010278143,2020,010278143,2,9,0,18,19,5,1,0,0,8,0,10,1,2,3,1,2,2,1,52,8,1587,1,13,PEUGEOT 307,8,E01002238,0,-1
2020440352876,2020,440352876,1,9,0,18,19,2,6,0,0,0,0,0,0,0,3,1,2,2,1,28,6,1997,1,17,PEUGEOT 307,10,E01023102,0,-1
2020460989164,2020,460989164,1,9,0,16,19,3,7,0,0,1,0,0,0,0,1,1,5,6,1,26,6,1360,1,15,PEUGEOT 307,7,E01024380,0,-1
2020160924411,2020,160924411,1,9,0,3,3,2,6,0,0,0,0,0,0,0,2,1,6,6,1,57,9,1560,2,15,PEUGEOT 307,5,E01026367,0,-1
2020160991237,2020,160991237,1,9,0,18,19,7,3,0,0,8,0,0,1,1,1,1,6,6,1,74,10,1997,2,18,PEUGEOT 307,10,E01012919,0,-1
2020302000362,2020,302000362,1,9,0,9,9,2,8,0,0,5,0,0,0,0,4,1,3,7,2,41,7,1997,2,13,PEUGEOT 307,6,E01013589,0,-1
2020320240780,2020,320240780,1,9,0,9,9,0,5,0,0,6,0,0,0,0,1,1,2,2,1,49,8,1997,2,18,PEUGEOT 307,9,E01026194,0,-1
2020201015983,2020,201015983,1,9,0,9,9,7,5,0,0,5,0,0,0,0,1,1,6,6,2,54,8,1587,1,16,PEUGEOT 307,1,E01010415,0,-1
2020470926986,2020,470926986,1,9,0,18,19,5,1,0,0,0,0,0,0,0,4,1,5,6,2,70,10,1360,1,17,PEUGEOT 307,8,E01031814,0,-1
2020410980820,2020,410980820,2,9,0,18,19,1,2,0,0,8,0,0,0,0,1,1,5,6,2,26,6,1360,1,14,PEUGEOT 307,6,E01023320,0,-1
2020470975794,2020,470975794,1,9,0,9,9,1,8,0,0,8,0,0,0,0,3,1,5,6,1,56,9,1587,1,18,PEUGEOT 307,7,E01021108,0,-1
2020401005471,2020,401005471,1,9,0,16,19,1,7,0,0,5,1,0,7,0,1,1,6,6,1,59,9,1587,1,13,PEUGEOT 307,3,E01017501,0,-1
2020030987001,2020,030987001,1,9,0,1,1,3,7,0,0,0,0,0,0,0,2,1,5,6,1,49,8,1997,2,16,PEUGEOT 307,10,E01019362,0,-1
2020470973063,2020,470973063,1,9,0,17,19,7,4,0,0,0,0,0,0,0,1,1,2,2,1,49,8,1997,2,17,PEUGEOT 307,2,E01021119,0,-1
2020201008925,2020,201008925,1,9,0,18,19,6,2,0,0,0,0,0,0,0,4,1,2,2,1,31,6,1997,2,16,PEUGEOT 307,3,E01029387,0,-1
2020320190681,2020,320190681,2,9,0,18,19,5,1,0,0,2,0,0,0,0,4,1,6,6,1,34,6,1997,1,15,PEUGEOT 307,4,E01026143,0,-1
2020440030954,2020,440030954,1,9,0,9,9,3,1,0,0,6,0,0,0,0,1,1,1,1,1,27,6,1560,2,14,PEUGEOT 307,3,E01017194,0,-1
2020320053138,2020,320053138,1,9,0,18,19,5,1,0,0,0,5,0,1,0,1,1,1,1,1,24,5,1398,2,18,PEUGEOT 307,5,E01026309,0,-1
20201377O0808,2020,1377O0808,2,9,0,18,19,6,2,0,0,1,0,0,0,0,3,1,6,6,2,29,6,1587,1,15,PEUGEOT 307,9,E01010687,0,-1
2020010245318,2020,010245318,2,9,0,18,19,1,5,0,0,1,0,0,0,0,2,1,2,2,1,65,9,1997,1,18,PEUGEOT 307,2,E01004615,0,-1
2020440407357,2020,440407357,1,9,0,5,5,1,4,0,0,8,0,0,0,0,3,1,6,6,1,53,8,1997,2,15,PEUGEOT 307,4,E01022817,0,-1
2020350975848,2020,350975848,1,9,0,9,9,6,2,0,0,5,0,0,0,0,2,1,6,6,2,72,10,1587,1,15,PEUGEOT 307,9,E01018211,0,-1
2020041030561,2020,041030561,2,9,0,18,19,5,1,0,0,1,0,0,0,0,2,1,6,6,1,55,8,1997,1,18,PEUGEOT 307,1,E01025260,0,-1
2020500959395,2020,500959395,1,9,0,18,19,1,5,0,0,1,0,0,0,0,1,1,6,6,2,-1,-1,1587,1,13,PEUGEOT 307,-1,-1,0,-1
2020522001730,2020,522001730,2,9,0,18,19,1,5,0,0,0,0,0,0,0,1,1,6,6,1,30,6,1560,2,15,PEUGEOT 307,-1,-1,0,-1
2020010282232,2020,010282232,1,9,0,6,6,7,7,0,0,0,0,0,0,0,3,1,6,6,1,51,8,1997,1,17,PEUGEOT 307,2,E01001893,0,-1
2020410924524,2020,410924524,1,9,0,5,5,7,3,0,0,0,0,0,0,0,0,1,5,6,2,38,7,1587,1,18,PEUGEOT 307,10,E01016816,0,-1
2020160969933,2020,160969933,1,9,0,18,19,6,2,0,0,6,2,0,7,11,1,1,1,1,2,58,9,1997,2,14,PEUGEOT 307,4,E01013246,0,-1
2020141001774,2020,141001774,2,9,0,18,19,3,7,0,0,0,0,0,7,0,3,1,5,6,2,60,9,1560,2,13,PEUGEOT 307,5,E01008034,0,-1
2020010272495,2020,010272495,2,9,0,2,2,0,0,0,0,2,0,0,0,0,3,1,6,6,3,-1,-1,1997,2,14,PEUGEOT 307,-1,-1,0,-1
2020622000624,2020,622000624,2,9,0,4,4,8,4,0,0,2,0,0,0,0,2,1,6,6,2,20,4,1560,2,15,PEUGEOT 307,5,W01001187,0,-1
2020500943730,2020,500943730,1,9,0,16,19,1,5,0,0,0,0,0,0,0,1,1,6,6,1,85,11,1560,2,13,PEUGEOT 307,7,E01018970,0,-1
2020400933412,2020,400933412,3,9,0,2,2,0,0,0,0,1,0,0,0,0,3,1,6,6,1,66,10,1560,2,14,PEUGEOT 307,9,E01015747,0,-1
2020360935730,2020,360935730,2,9,0,18,19,3,7,0,0,1,0,0,0,0,1,1,5,6,2,41,7,1997,1,14,PEUGEOT 307,8,E01026558,0,-1
202006L268368,2020,06L268368,2,9,0,3,3,5,1,0,0,0,0,0,0,0,3,1,6,6,2,32,6,1587,1,17,PEUGEOT 307,3,E01006291,0,-1
2020200931167,2020,200931167,1,9,0,18,19,5,1,0,0,8,0,0,0,0,1,1,6,6,2,-1,-1,1398,2,15,PEUGEOT 307,5,E01009556,0,-1
2020530938543,2020,530938543,3,9,4,18,19,7,3,0,0,1,0,0,7,0,3,1,5,6,1,60,9,1997,2,15,PEUGEOT 307,5,E01014049,0,-1
2020471007309,2020,471007309,1,9,0,9,9,1,7,0,0,8,0,0,0,0,4,1,6,6,1,51,8,1997,1,15,PEUGEOT 307,6,E01031554,0,-1
20201373I0774,2020,1373I0774,2,9,0,9,9,1,5,0,0,8,0,0,0,0,3,1,6,6,1,63,9,1398,2,15,PEUGEOT 307,5,E01010678,0,-1
2020040933246,2020,040933246,2,9,0,9,9,1,6,0,0,3,0,0,0,0,4,1,6,6,2,35,6,1560,2,13,PEUGEOT 307,6,E01025114,0,-1
2020010278442,2020,010278442,2,9,0,9,9,3,1,0,0,6,0,0,1,9,1,1,6,6,1,32,6,1997,2,16,PEUGEOT 307,7,E01021620,0,-1
2020522005163,2020,522005163,2,9,0,18,19,7,2,0,0,1,0,0,0,0,1,1,6,6,2,24,5,1587,1,14,PEUGEOT 307,9,E01014787,0,-1
2020230921914,2020,230921914,3,9,0,18,19,2,6,0,0,0,0,0,0,0,2,1,5,6,1,54,8,1560,2,14,PEUGEOT 307,2,E01009684,0,-1
202063D029020,2020,63D029020,1,9,0,16,19,3,6,0,0,0,0,0,0,0,0,1,6,6,2,23,5,1997,1,16,PEUGEOT 307,8,E01028917,0,-1
2020430040311,2020,430040311,3,9,0,18,19,8,4,0,0,1,0,0,0,0,1,1,6,6,1,37,7,1997,2,15,PEUGEOT 307,2,E01033499,0,-1
2020010257258,2020,010257258,1,9,0,2,2,0,0,0,0,2,0,0,0,0,2,1,6,6,3,-1,-1,1360,1,15,PEUGEOT 307,-1,-1,0,-1
2020470920384,2020,470920384,3,9,0,10,10,1,7,0,0,5,0,0,0,0,1,1,2,2,1,53,8,1360,1,16,PEUGEOT 307,4,E01031473,0,-1
2020140986850,2020,140986850,1,9,0,17,19,6,2,0,0,2,0,0,0,0,1,1,2,2,1,33,6,1560,2,15,PEUGEOT 307,1,E01019527,0,-1
2020160986763,2020,160986763,1,9,0,18,19,4,8,0,0,0,1,0,0,0,1,1,5,6,1,19,4,1587,1,13,PEUGEOT 307,10,E01013089,0,-1
2020320643742,2020,320643742,3,9,0,8,8,8,6,0,0,1,0,0,0,0,1,1,6,6,2,74,10,1997,2,16,PEUGEOT 307,4,E01026169,0,-1
2020122000487,2020,122000487,1,9,0,7,7,4,2,0,0,4,0,0,0,0,4,1,6,6,1,21,5,1997,2,17,PEUGEOT 307,1,E01011663,0,-1
2020160952472,2020,160952472,1,9,0,1,1,1,5,0,0,2,0,0,0,0,2,1,5,6,1,19,4,1997,2,14,PEUGEOT 307,1,E01013330,0,-1
2020460973648,2020,460973648,1,9,5,5,5,7,3,0,0,0,5,10,0,0,3,1,6,6,1,38,7,1560,2,14,PEUGEOT 307,6,E01023978,0,-1
2020052002035,2020,052002035,1,9,0,18,19,8,5,0,0,1,0,0,0,0,1,1,6,6,3,-1,-1,1587,1,17,PEUGEOT 307,-1,-1,0,-1
2020100946436,2020,100946436,1,9,0,7,7,4,8,0,0,5,0,0,0,0,1,1,6,6,2,41,7,1360,1,14,PEUGEOT 307,2,E01008280,0,-1
2020460919508,2020,460919508,1,9,0,18,19,1,5,0,0,1,0,0,0,0,1,1,6,6,1,17,4,1997,2,14,PEUGEOT 307,4,E01024395,0,-1
2020010261908,2020,010261908,4,9,0,2,2,0,0,0,0,0,0,0,0,0,1,1,6,6,3,-1,-1,1587,1,14,PEUGEOT 307,-1,-1,0,-1
2020200956017,2020,200956017,1,9,0,4,4,5,1,0,0,1,0,0,0,0,1,1,6,6,1,22,5,1587,1,13,PEUGEOT 307,2,E01033641,0,-1
2020340N09092,2020,340N09092,1,8,0,18,19,1,5,0,0,6,0,0,0,0,1,1,1,1,1,48,8,1560,2,15,-1,7,E01027186,0,-1
2020200993522,2020,200993522,1,9,0,13,13,6,2,0,0,1,0,10,7,10,4,1,6,6,1,21,5,1560,2,14,PEUGEOT 307,1,E01008906,0,-1
2020500955929,2020,500955929,3,9,0,3,3,2,6,0,0,0,0,0,0,0,2,1,6,6,2,55,8,1587,1,14,PEUGEOT 307,1,E01015196,0,-1
202031D048020,2020,31D048020,2,9,0,18,19,3,7,0,0,8,0,0,0,0,1,1,6,6,1,73,10,1587,1,14,PEUGEOT 307,7,E01028378,0,-1
2020470965882,2020,470965882,1,9,0,7,7,7,8,0,0,0,0,0,3,11,1,1,5,6,1,84,11,1997,2,16,PEUGEOT 307,6,E01031479,0,-1
2020220958368,2020,220958368,1,9,0,7,7,5,7,0,0,5,1,10,7,11,1,1,6,6,3,-1,-1,1997,2,18,PEUGEOT 307,-1,-1,0,-1
2020010284768,2020,010284768,2,9,0,18,19,3,7,0,0,1,0,0,0,0,4,1,6,6,2,18,4,1587,1,18,PEUGEOT 307,3,E01001969,0,-1
2020460992118,2020,460992118,2,9,0,18,19,8,4,0,0,1,0,0,0,0,4,1,5,6,2,24,5,1997,1,14,PEUGEOT 307,4,E01024029,0,-1
2020010264493,2020,010264493,2,9,0,18,19,1,5,99,99,0,9,0,0,0,1,1,6,6,3,-1,-1,1587,1,15,PEUGEOT 307,-1,-1,0,-1
2020351012516,2020,351012516,1,9,0,7,7,3,4,0,0,1,1,0,7,0,0,1,5,6,1,62,9,1587,1,14,PEUGEOT 307,7,E01018165,0,-1
2020460966450,2020,460966450,1,9,0,18,19,3,7,0,0,0,0,0,0,0,3,1,6,6,1,32,6,1997,2,16,PEUGEOT 307,5,E01024525,0,-1
2020230931745,2020,230931745,1,9,0,18,19,3,7,0,0,6,0,0,0,0,1,1,2,2,2,34,6,1997,2,15,PEUGEOT 307,5,E01031133,0,-1
2020070244909,2020,070244909,1,9,0,18,19,5,1,0,0,4,0,9,0,0,1,2,6,6,2,27,6,1587,1,13,PEUGEOT 307,1,E01006908,0,-1
2020500989670,2020,500989670,2,9,0,18,19,3,7,0,0,1,0,0,0,0,1,1,6,6,1,78,11,1560,2,14,PEUGEOT 307,5,E01020122,0,-1
2020040945466,2020,040945466,1,9,0,16,19,7,3,0,0,3,0,0,0,0,4,1,1,1,1,20,4,1560,2,15,PEUGEOT 307,2,E01012576,0,-1
2020500987209,2020,500987209,1,9,0,18,19,5,1,0,0,0,0,0,2,9,1,1,5,6,2,34,6,1997,2,17,PEUGEOT 307,7,E01020074,0,-1
2020340S03672,2020,340S03672,2,9,0,18,19,1,5,0,0,0,0,0,1,11,3,1,1,1,1,39,7,1360,1,14,PEUGEOT 307,1,E01009479,0,-1
2020450992637,2020,450992637,2,9,0,18,19,1,5,0,0,3,0,0,0,0,1,1,6,6,1,45,7,1587,1,14,PEUGEOT 307,2,E01015242,0,-1
2020052000800,2020,052000800,1,9,0,9,9,5,1,0,0,8,0,0,0,0,1,1,6,6,1,52,8,1587,1,15,PEUGEOT 307,2,E01006956,0,-1
202006Q169401,2020,06Q169401,1,9,0,18,19,5,1,0,0,1,1,0,0,0,1,1,6,6,1,30,6,1587,1,15,PEUGEOT 307,-1,-1,0,-1
2020100933556,2020,100933556,1,9,0,18,19,7,3,0,0,1,0,0,3,0,1,1,5,6,1,73,10,1587,1,14,PEUGEOT 307,2,E01008575,0,-1
2020990954172,2020,990954172,1,9,0,18,19,6,2,0,0,1,0,0,0,0,3,1,6,6,2,70,10,1587,1,13,PEUGEOT 307,1,-1,0,-1
2020440204190,2020,440204190,2,9,0,18,19,8,4,0,0,8,0,0,0,0,4,1,2,2,1,47,8,1587,1,12,PEUGEOT 307,8,E01022780,0,-1
2020530922755,2020,530922755,1,9,0,18,19,8,4,0,0,0,1,0,1,4,3,1,6,6,1,55,8,1587,1,18,PEUGEOT 307,3,E01022254,0,-1
2020200992395,2020,200992395,2,9,0,18,19,8,4,0,0,8,0,0,0,0,1,1,6,6,2,43,7,1560,2,14,PEUGEOT 307,1,E01009024,0,-1
2020360960387,2020,360960387,2,9,0,18,19,1,5,0,0,1,0,0,0,0,3,1,6,6,1,39,7,1997,1,14,PEUGEOT 307,2,E01026600,0,-1
2020546997120,2020,546997120,1,9,0,18,19,1,5,0,0,0,0,0,0,4,1,1,2,2,2,55,8,1560,2,13,PEUGEOT 307,-1,-1,0,-1
2020440430575,2020,440430575,2,9,0,9,9,5,4,0,0,8,0,0,0,0,1,1,6,6,1,20,4,1360,1,13,PEUGEOT 307,3,E01017105,0,-1
2020370978513,2020,370978513,1,9,0,18,19,7,3,0,0,8,0,0,0,0,1,1,5,6,1,31,6,1997,2,17,PEUGEOT 307,3,E01029968,0,-1
2020010232524,2020,010232524,1,9,0,18,19,5,1,0,0,8,0,0,0,0,1,1,6,6,1,25,5,1560,2,14,PEUGEOT 307,3,E01002725,0,-1
2020010269110,2020,010269110,1,9,0,18,19,5,1,0,0,8,0,0,0,0,4,1,2,2,1,33,6,1997,2,17,PEUGEOT 307,6,E01004151,0,-1
202006A372679,2020,06A372679,3,9,0,9,9,3,1,0,0,8,0,0,0,0,2,1,6,6,1,26,6,1587,1,16,PEUGEOT 307,-1,-1,0,-1
2020420920783,2020,420920783,1,9,0,18,19,5,1,0,0,1,0,0,0,0,1,1,6,6,1,52,8,1587,1,18,PEUGEOT 307,1,E01022042,0,-1
2020200933850,2020,200933850,2,9,0,3,3,-1,-1,0,0,0,0,0,0,0,2,1,6,6,2,49,8,1560,2,15,PEUGEOT 307,-1,-1,0,-1
2020010235726,2020,010235726,2,9,0,99,99,9,9,99,99,9,9,99,9,99,1,9,6,6,2,42,7,1587,1,14,PEUGEOT 307,3,E01002731,0,-1
2020990990912,2020,990990912,3,9,0,18,19,6,2,0,0,0,0,0,0,0,1,1,5,6,1,64,9,1587,1,13,PEUGEOT 307,9,-1,0,-1
202063C079020,2020,63C079020,2,9,0,18,19,3,7,0,0,1,0,0,0,0,1,1,6,6,1,25,5,1997,2,17,PEUGEOT 307,7,W01000573,0,-1
2020360937140,2020,360937140,1,9,0,4,4,1,5,0,0,1,0,0,0,0,1,1,2,2,2,57,9,1587,1,15,PEUGEOT 307,1,E01026622,0,-1
20201371Q0942,2020,1371Q0942,2,9,0,9,9,7,5,0,0,0,0,0,0,0,3,1,6,6,2,69,10,1587,1,14,PEUGEOT 307,9,E01011685,0,-1
2020040966785,2020,040966785,2,9,0,18,19,8,4,0,0,1,5,0,0,0,1,1,5,6,2,46,8,1360,1,16,PEUGEOT 307,1,E01025219,0,-1
2020100942028,2020,100942028,2,9,0,5,5,7,3,0,0,1,0,0,0,0,3,1,5,6,1,73,10,1997,2,17,PEUGEOT 307,8,E01027554,0,-1
2020461007614,2020,461007614,2,9,0,18,19,1,5,0,0,0,0,0,0,0,3,1,6,6,1,21,5,1360,1,16,PEUGEOT 307,8,E01016138,0,-1
2020420995875,2020,420995875,2,9,0,18,19,7,3,0,0,0,0,7,0,0,4,1,2,2,1,34,6,1560,2,13,PEUGEOT 307,9,E01021619,0,-1
2020200943657,2020,200943657,1,9,0,18,19,5,3,0,0,0,1,10,4,0,1,1,6,6,1,34,6,1560,2,15,PEUGEOT 307,1,E01009062,0,-1
2020990947039,2020,990947039,1,9,0,17,19,1,5,0,0,0,0,0,7,0,1,1,6,6,1,50,8,1560,2,15,PEUGEOT 307,2,-1,0,-1
2020470978236,2020,470978236,1,9,0,18,19,1,5,9,9,8,0,0,0,0,1,1,5,6,1,18,4,1560,2,14,PEUGEOT 307,4,E01016871,0,-1
2020070497913,2020,070497913,3,9,0,2,2,0,0,6,6,0,0,0,0,0,2,1,6,6,3,23,5,1587,1,17,PEUGEOT 307,1,E01012545,0,-1
2020010283884,2020,010283884,2,9,0,7,7,3,6,0,0,1,0,0,0,0,3,1,6,6,1,-1,-1,1398,2,16,PEUGEOT 307,2,E01001551,0,-1
2020211022750,2020,211022750,2,9,-1,-1,-1,5,8,-1,-1,-1,-1,-1,-1,0,-1,1,6,6,2,40,7,1360,1,13,PEUGEOT 307,9,E01014325,0,-1
2020140984510,2020,140984510,2,9,0,18,19,6,2,0,0,0,0,0,0,0,1,1,5,6,2,35,6,1560,2,14,PEUGEOT 307,4,E01007647,0,-1
2020546721120,2020,546721120,1,9,0,18,19,3,7,0,0,0,0,0,1,10,1,1,6,6,1,22,5,1587,1,13,PEUGEOT 307,4,E01018840,0,-1
2020302001631,2020,302001631,1,9,0,16,19,5,8,0,0,0,1,10,1,4,1,1,6,6,1,37,7,1997,1,14,PEUGEOT 307,1,E01013727,0,-1
2020230987720,2020,230987720,2,9,0,18,19,2,8,0,0,8,0,0,0,0,1,1,5,6,1,55,8,1997,2,14,PEUGEOT 307,1,E01031116,0,-1
2020230938056,2020,230938056,3,9,0,18,19,6,2,0,0,1,0,0,0,0,1,1,5,6,2,45,7,1360,1,14,PEUGEOT 307,9,E01031136,0,-1
2020470998912,2020,470998912,1,9,0,4,4,2,6,0,0,2,0,0,0,0,2,1,5,6,1,60,9,1587,1,13,PEUGEOT 307,6,E01031342,0,-1
2020200998471,2020,200998471,1,9,0,18,19,5,1,0,0,8,1,0,0,0,1,1,6,6,1,37,7,1587,1,13,PEUGEOT 307,1,E01009756,0,-1
2020200997024,2020,200997024,1,9,0,2,2,0,0,0,0,0,0,0,0,0,3,1,6,6,2,40,7,1587,1,12,PEUGEOT 307,2,E01010403,0,-1
2020522003470,2020,522003470,1,9,0,12,12,6,2,0,0,0,0,0,0,0,4,1,6,6,2,35,6,1560,2,12,PEUGEOT 307,-1,-1,0,-1
2020010234845,2020,010234845,2,9,0,18,19,1,5,0,0,2,0,0,0,0,1,1,2,2,2,35,6,1997,1,15,PEUGEOT 307,-1,-1,0,-1
2020302000807,2020,302000807,2,9,0,18,19,2,8,0,0,0,0,0,1,0,1,1,6,6,1,23,5,1997,2,17,PEUGEOT 307,3,E01019459,0,-1
2020500942276,2020,500942276,1,9,0,18,19,8,4,0,0,0,1,11,0,0,1,1,1,1,1,60,9,1997,2,17,PEUGEOT 307,5,E01018920,0,-1