collision_index,collision_year,collision_ref_no,vehicle_reference,vehicle_type,towing_and_articulation,vehicle_manoeuvre_historic,vehicle_manoeuvre,vehicle_direction_from,vehicle_direction_to,vehicle_location_restricted_lane_historic,vehicle_location_restricted_lane,junction_location,skidding_and_overturning,hit_object_in_carriageway,vehicle_leaving_carriageway,hit_object_off_carriageway,first_point_of_impact,vehicle_left_hand_drive,journey_purpose_of_driver_historic,journey_purpose_of_driver,sex_of_driver,age_of_driver,age_band_of_driver,engine_capacity_cc,propulsion_code,age_of_vehicle,generic_make_model,driver_imd_decile,lsoa_of_driver,escooter_flag,driver_distance_banding
2020421015430,2020,421015430,2,9,0,3,3,5,8,0,0,1,0,0,0,0,2,1,5,6,1,53,8,1560,2,13,PEUGEOT 307,1,E01015895,0,-1
2020010255972,2020,010255972,2,9,0,5,5,1,5,0,0,0,0,0,0,0,3,1,6,6,1,35,6,1587,1,14,PEUGEOT 307,3,E01000635,0,-1
2020460979257,2020,460979257,1,9,0,18,19,5,1,0,0,8,0,11,0,0,1,1,5,6,1,38,7,1587,1,13,PEUGEOT 307,3,E01024524,0,-1
2020440120814,2020,440120814,4,9,0,18,19,0,0,0,0,0,0,0,0,0,3,1,6,6,1,76,11,1587,1,17,PEUGEOT 307,8,E01017057,0,-1
2020230958169,2020,230958169,2,9,0,9,9,4,2,0,0,6,0,0,0,0,3,1,5,6,2,43,7,1560,2,14,PEUGEOT 307,1,E01009605,0,-1
2020040968546,2020,040968546,2,9,0,18,19,1,5,0,0,2,0,0,0,0,1,1,5,6,2,31,6,1360,1,16,PEUGEOT 307,1,E01025590,0,-1
2020430282558,2020,430282558,3,9,0,18,19,1,5,0,0,1,0,0,0,0,2,1,6,6,1,47,8,1997,2,16,PEUGEOT 307,-1,-1,0,-1
2020160961209,2020,160961209,1,9,0,18,19,1,5,0,0,2,0,0,0,0,3,1,6,6,3,-1,-1,1560,2,14,PEUGEOT 307,6,E01013022,0,-1
2020040923416,2020,040923416,1,9,0,5,5,3,7,0,0,8,0,0,0,0,1,1,2,2,1,57,9,1560,2,13,PEUGEOT 307,4,E01025460,0,-1
2020500945371,2020,500945371,1,9,0,17,19,3,7,0,0,0,0,0,0,0,1,1,5,6,1,69,10,1997,1,16,PEUGEOT 307,5,E01029342,0,-1
2020440244923,2020,440244923,1,9,0,16,19,8,4,0,0,0,1,0,2,4,4,1,6,6,2,25,5,1587,1,14,PEUGEOT 307,8,E01023235,0,-1
2020040955682,2020,040955682,3,9,0,9,9,3,7,0,0,0,0,0,0,0,2,1,5,6,2,47,8,1997,2,14,PEUGEOT 307,1,E01025041,0,-1
202006L171007,2020,06L171007,2,9,0,18,19,5,1,0,0,8,0,0,0,0,3,1,6,6,1,22,5,1587,1,18,PEUGEOT 307,1,E01006310,0,-1
2020440273403,2020,440273403,2,9,0,5,5,3,1,0,0,1,0,0,0,0,1,1,6,6,1,21,5,1997,2,16,PEUGEOT 307,10,E01023180,0,-1
2020140954984,2020,140954984,1,9,0,18,19,2,6,0,0,0,2,0,0,0,1,1,6,6,3,-1,-1,1560,2,14,PEUGEOT 307,-1,-1,0,-1
2020200936168,2020,200936168,1,9,0,18,19,6,2,0,0,0,0,0,0,0,1,1,6,6,1,19,4,1997,1,13,PEUGEOT 307,-1,-1,0,-1
2020010235425,2020,010235425,2,9,0,99,99,9,9,99,99,9,9,99,9,99,1,9,6,6,3,-1,-1,1587,1,17,PEUGEOT 307,-1,-1,0,-1
2020552000636,2020,552000636,2,9,0,4,4,4,8,0,0,1,0,0,0,0,0,1,2,2,2,44,7,1587,1,13,PEUGEOT 307,2,E01015379,0,-1
2020400915869,2020,400915869,3,8,0,18,19,7,3,0,0,8,0,0,0,0,3,1,1,1,1,45,7,1560,2,14,-1,4,E01015786,0,-1
2020470955680,2020,470955680,1,9,0,18,19,6,2,0,0,0,0,4,0,0,1,1,1,1,1,18,4,1997,1,12,PEUGEOT 307,8,E01031679,0,-1
2020440321124,2020,440321124,1,9,0,3,3,1,5,0,0,0,0,0,0,0,2,1,6,6,1,30,6,1997,2,17,PEUGEOT 307,10,E01023238,0,-1
2020030973500,2020,030973500,1,9,0,17,19,8,4,0,0,0,0,0,7,10,3,1,5,6,2,33,6,1587,1,13,PEUGEOT 307,3,E01019222,0,-1
202031A123820,2020,31A123820,1,9,0,6,6,5,5,0,0,0,0,0,0,0,3,1,4,7,1,29,6,1587,1,17,PEUGEOT 307,1,E01028268,0,-1
2020010238113,2020,010238113,1,9,0,9,9,2,1,0,0,7,0,0,0,0,4,2,6,6,1,42,7,1560,2,15,PEUGEOT 307,3,E01016464,0,-1
2020461007782,2020,461007782,1,9,0,18,19,8,4,0,0,0,0,0,0,0,3,1,6,6,1,36,7,1997,2,14,PEUGEOT 307,1,E01024667,0,-1
2020420997362,2020,420997362,1,9,0,18,19,8,4,0,0,1,0,0,0,0,1,1,5,6,1,68,10,1997,1,14,PEUGEOT 307,2,E01015896,0,-1
2020541404920,2020,541404920,1,9,0,11,11,8,4,0,0,8,0,0,0,0,1,1,2,2,1,61,9,1587,1,14,PEUGEOT 307,8,E01032712,0,-1
2020440312184,2020,440312184,1,9,0,17,19,8,4,0,0,1,1,10,2,10,1,1,6,6,2,29,6,1587,1,15,PEUGEOT 307,2,E01017219,0,-1
2020110967333,2020,110967333,1,9,0,18,19,1,5,0,0,2,0,0,0,0,1,1,5,6,2,32,6,1587,1,14,PEUGEOT 307,4,E01020730,0,-1
2020160985528,2020,160985528,1,9,0,18,19,3,7,0,0,8,0,0,0,0,1,1,1,1,1,59,9,1360,1,13,PEUGEOT 307,2,E01013332,0,-1
2020991001951,2020,991001951,1,9,0,18,19,5,1,0,0,8,0,0,0,0,1,1,2,2,2,36,7,1587,1,13,PEUGEOT 307,1,-1,0,-1
2020040971023,2020,040971023,2,9,0,18,19,6,2,0,0,0,0,0,0,0,3,1,5,6,1,45,7,1997,2,15,PEUGEOT 307,4,E01024960,0,-1
2020010279753,2020,010279753,2,9,0,3,3,3,7,0,0,8,0,0,0,0,2,1,6,6,1,45,7,1587,1,17,PEUGEOT 307,5,E01003156,0,-1
2020200993871,2020,200993871,1,9,0,5,5,1,7,0,0,6,0,0,0,0,1,1,6,6,2,-1,-1,1997,2,16,PEUGEOT 307,-1,-1,0,-1
2020010258889,2020,010258889,1,9,0,9,9,6,4,0,0,5,0,0,0,0,4,1,6,6,2,76,11,1587,1,12,PEUGEOT 307,4,E01003186,0,-1
20201372J1134,2020,1372J1134,1,9,0,9,9,4,2,0,0,0,0,0,0,0,1,1,2,2,1,32,6,1560,2,15,PEUGEOT 307,3,E01011315,0,-1
2020552000011,2020,552000011,1,9,0,18,19,8,4,0,0,0,0,0,0,0,1,1,6,6,1,31,6,1587,1,14,PEUGEOT 307,7,E01023032,0,-1
202006K373629,2020,06K373629,1,9,0,18,19,1,5,0,0,7,0,0,0,0,1,1,6,6,2,39,7,1360,1,14,PEUGEOT 307,-1,-1,0,-1
2020160975916,2020,160975916,2,9,0,18,19,4,8,0,0,8,0,0,0,0,1,1,5,6,1,36,7,1360,1,13,PEUGEOT 307,-1,-1,0,-1
2020500994580,2020,500994580,2,9,0,4,4,4,8,0,0,1,0,0,0,0,1,1,5,6,2,55,8,1587,1,18,PEUGEOT 307,7,E01019942,0,-1
2020221019033,2020,221019033,2,9,0,18,19,3,7,0,0,0,0,0,0,0,3,1,2,2,1,36,7,1997,1,14,PEUGEOT 307,8,W01000466,0,-1
2020200932021,2020,200932021,1,9,0,14,14,8,2,0,0,8,1,0,0,0,1,1,6,6,1,-1,-1,1560,2,13,PEUGEOT 307,2,E01010347,0,-1
2020500947337,2020,500947337,1,9,0,18,19,1,5,0,0,0,0,0,0,0,1,1,6,6,1,23,5,1560,2,14,PEUGEOT 307,5,E01029324,0,-1
2020220964182,2020,220964182,2,9,0,17,19,8,4,0,0,0,0,0,0,0,1,1,1,1,1,34,6,1997,1,11,PEUGEOT 307,7,E01019718,0,-1
2020420949411,2020,420949411,2,9,0,10,10,1,5,0,0,1,0,0,0,0,1,1,5,6,1,32,6,1587,1,15,PEUGEOT 307,3,E01021303,0,-1
2020210979406,2020,210979406,1,9,0,18,19,1,5,0,0,0,5,0,7,0,3,1,5,6,1,18,4,1560,2,14,PEUGEOT 307,10,E01029459,0,-1
2020450961773,2020,450961773,2,9,0,2,2,1,5,0,0,0,0,0,0,0,0,1,6,6,3,35,6,1360,1,16,PEUGEOT 307,-1,-1,0,-1
2020522100311,2020,522100311,1,9,0,18,19,2,6,0,0,0,0,0,0,0,1,1,6,6,1,60,9,1997,2,16,PEUGEOT 307,7,E01014839,0,-1
2020010277549,2020,010277549,1,9,0,99,99,9,9,99,99,9,9,99,9,99,2,9,2,2,2,40,7,1587,1,17,PEUGEOT 307,2,E01033485,0,-1
2020320122382,2020,320122382,1,9,0,17,19,5,1,0,0,0,0,0,0,0,1,1,6,6,1,25,5,1398,2,17,PEUGEOT 307,6,E01026380,0,-1
2020350971042,2020,350971042,1,9,0,7,7,6,4,0,0,5,0,0,0,0,4,1,5,6,1,68,10,1997,2,16,PEUGEOT 307,1,E01015663,0,-1
2020010251506,2020,010251506,1,9,0,1,1,1,5,2,2,1,0,0,0,0,2,1,6,6,2,43,7,1587,1,17,PEUGEOT 307,5,E01003217,0,-1
2020010241871,2020,010241871,2,9,0,99,99,9,9,99,99,9,9,99,9,99,9,9,6,6,3,-1,-1,1587,1,18,PEUGEOT 307,-1,-1,0,-1
2020552000812,2020,552000812,4,9,0,4,4,8,4,0,0,8,0,0,0,0,2,1,6,6,2,31,6,1360,1,16,PEUGEOT 307,7,E01015424,0,-1
2020991010049,2020,991010049,1,9,0,5,5,6,2,0,0,0,0,0,0,0,1,1,6,6,1,34,6,1587,1,13,PEUGEOT 307,9,-1,0,-1
2020010236038,2020,010236038,3,9,0,99,99,9,9,99,99,0,9,99,9,99,2,9,6,6,3,-1,-1,1997,1,13,PEUGEOT 307,-1,-1,0,-1
2020622000886,2020,622000886,1,9,0,9,9,8,6,0,0,6,0,0,0,0,1,1,1,1,1,47,8,1587,1,18,PEUGEOT 307,1,W01001744,0,-1
2020010245290,2020,010245290,3,9,0,18,19,7,3,0,0,0,0,0,0,0,1,1,2,2,1,57,9,1997,2,18,PEUGEOT 307,-1,-1,0,-1
202006F177825,2020,06F177825,1,9,0,13,13,6,2,0,0,8,5,0,2,1,1,1,6,6,1,30,6,1587,1,13,PEUGEOT 307,2,E01005616,0,-1
2020201000221,2020,201000221,1,9,0,7,7,4,6,0,0,5,0,10,1,4,3,1,6,6,1,18,4,1560,2,14,PEUGEOT 307,7,E01008949,0,-1
2020610019020,2020,610019020,1,9,0,10,10,2,7,0,0,1,0,0,0,0,2,1,6,6,1,59,9,1997,1,16,PEUGEOT 307,5,W01001612,0,-1
2020302001016,2020,302001016,3,9,0,18,19,6,2,0,0,1,0,0,0,0,3,1,6,6,2,24,5,1360,1,13,PEUGEOT 307,4,E01013460,0,-1
2020221004052,2020,221004052,2,9,0,18,19,8,4,0,0,8,0,0,0,0,1,1,2,2,2,45,7,1997,2,19,PEUGEOT 307,4,E01032254,0,-1
2020160994871,2020,160994871,2,9,0,18,19,4,8,0,0,0,0,0,0,0,2,1,1,1,1,43,7,1587,1,13,PEUGEOT 307,4,E01013207,0,-1
2020440076714,2020,440076714,1,9,0,7,7,5,7,0,0,2,0,0,0,0,1,1,6,6,1,31,6,1560,2,14,PEUGEOT 307,7,E01018934,0,-1
2020010263833,2020,010263833,1,9,0,17,19,7,3,0,0,8,0,0,0,0,2,1,6,6,2,52,8,1587,1,15,PEUGEOT 307,2,E01000599,0,-1
2020010258246,2020,010258246,2,9,0,99,99,9,9,99,99,9,9,99,9,99,9,9,6,6,1,-1,-1,1997,1,15,PEUGEOT 307,3,E01002572,0,-1
2020220981553,2020,220981553,2,9,0,18,19,7,3,0,0,0,0,0,0,0,1,1,6,6,1,23,5,1560,2,13,PEUGEOT 307,5,E01032295,0,-1
2020440016740,2020,440016740,2,9,0,18,19,3,7,0,0,2,0,8,0,0,1,1,6,6,3,-1,-1,1997,1,16,PEUGEOT 307,-1,-1,0,-1
2020320616157,2020,320616157,1,9,0,18,19,8,2,0,0,0,0,0,1,9,1,1,1,1,2,37,7,1997,2,16,PEUGEOT 307,4,E01026416,0,-1
2020530982467,2020,530982467,4,9,0,18,19,5,1,0,0,0,0,0,0,0,1,1,5,6,1,67,10,1560,2,14,PEUGEOT 307,1,E01010530,0,-1
202031A113220,2020,31A113220,1,9,0,18,19,1,7,0,0,8,0,0,0,0,3,1,6,6,2,32,6,1587,1,13,PEUGEOT 307,2,E01028223,0,-1
2020200953737,2020,200953737,2,9,0,4,4,2,6,0,0,2,0,0,0,0,1,1,6,6,1,38,7,1587,1,15,PEUGEOT 307,1,E01009172,0,-1
2020470945880,2020,470945880,1,9,0,9,9,5,2,0,0,6,0,0,0,0,1,1,6,6,1,-1,-1,1997,1,15,PEUGEOT 307,-1,-1,0,-1
2020990963762,2020,990963762,1,9,0,4,4,5,5,0,0,0,0,0,0,0,3,1,5,6,2,59,9,1997,1,13,PEUGEOT 307,5,-1,0,-1
2020410933215,2020,410933215,1,9,0,7,7,3,5,0,0,3,0,0,0,0,1,1,5,6,1,35,6,1587,1,15,PEUGEOT 307,8,E01023466,0,-1
2020010265443,2020,010265443,1,9,9,18,19,3,7,0,0,8,0,0,0,0,2,9,6,6,1,33,6,1587,1,17,PEUGEOT 307,2,E01001079,0,-1
2020460936439,2020,460936439,2,9,0,18,19,5,1,0,0,0,0,0,0,0,3,1,6,6,2,42,7,1587,1,14,PEUGEOT 307,2,E01000433,0,-1
2020200979601,2020,200979601,1,9,0,18,19,6,2,0,0,2,0,0,0,0,1,1,6,6,1,30,6,1360,1,18,PEUGEOT 307,6,E01031049,0,-1
2020541024620,2020,541024620,1,9,0,18,19,5,1,0,0,2,0,0,0,0,1,1,6,6,1,46,8,1587,1,15,PEUGEOT 307,6,E01031996,0,-1
2020010246899,2020,010246899,1,9,0,18,19,7,3,0,0,1,0,4,0,0,1,1,6,6,1,79,11,1997,1,16,PEUGEOT 307,-1,-1,0,-1
2020110989320,2020,110989320,2,9,0,18,19,8,4,0,0,8,0,0,0,0,4,1,5,6,2,45,7,1997,2,13,PEUGEOT 307,5,E01008835,0,-1
2020320067593,2020,320067593,1,9,0,18,19,7,3,0,0,8,0,0,0,0,1,1,6,6,1,33,6,1997,1,12,PEUGEOT 307,-1,-1,0,-1
2020210993484,2020,210993484,1,9,0,4,4,4,8,0,0,1,0,0,0,0,1,1,2,2,1,34,6,1997,2,18,PEUGEOT 307,1,E01010526,0,-1
2020500964624,2020,500964624,1,9,0,4,4,1,5,0,0,0,1,0,0,0,1,1,5,6,2,19,4,1360,1,19,PEUGEOT 307,5,E01020049,0,-1
2020990954666,2020,990954666,1,9,0,7,7,1,3,0,0,8,0,0,7,0,3,1,6,6,1,34,6,1997,2,17,PEUGEOT 307,7,-1,0,-1
2020340N08712,2020,340N08712,1,9,0,18,19,7,3,0,0,0,0,0,0,0,1,1,6,6,1,44,7,1560,2,13,PEUGEOT 307,1,E01027168,0,-1
2020140963975,2020,140963975,1,9,0,18,19,8,5,0,0,0,5,0,1,0,1,1,5,6,2,44,7,1560,2,13,PEUGEOT 307,8,E01026223,0,-1
2020421000864,2020,421000864,1,9,0,2,2,3,7,0,0,0,0,0,0,0,3,1,1,1,1,35,6,1587,1,17,PEUGEOT 307,8,E01021578,0,-1
2020420960380,2020,420960380,1,9,0,16,19,8,4,0,0,3,0,0,0,0,4,1,6,6,1,40,7,1997,1,14,PEUGEOT 307,5,E01015951,0,-1
2020122001038,2020,122001038,2,9,0,18,19,7,5,0,0,4,0,0,0,0,4,1,1,1,1,27,6,1560,2,14,PEUGEOT 307,4,E01027910,0,-1
2020200941184,2020,200941184,2,9,0,3,3,5,1,0,0,1,0,0,0,0,2,1,1,1,2,35,6,1587,1,19,PEUGEOT 307,1,E01009477,0,-1
2020351010841,2020,351010841,1,9,0,17,19,5,2,0,0,1,0,0,0,0,1,1,6,6,1,27,6,1560,2,15,PEUGEOT 307,4,E01018096,0,-1
202006K169127,2020,06K169127,1,9,0,9,9,7,5,0,0,2,0,0,0,0,1,1,6,6,1,51,8,1997,2,14,PEUGEOT 307,1,E01004857,0,-1
2020450930720,2020,450930720,1,9,0,7,7,2,6,0,0,3,0,0,0,0,1,1,5,6,1,64,9,1587,1,17,PEUGEOT 307,8,E01030347,0,-1
2020470917960,2020,470917960,1,9,0,18,19,7,3,0,0,1,0,0,0,0,4,1,6,6,3,-1,-1,1587,1,19,PEUGEOT 307,-1,-1,0,-1
2020200987398,2020,200987398,1,9,0,5,5,4,8,0,0,4,0,0,0,0,3,1,6,6,2,70,10,1560,2,13,PEUGEOT 307,5,E01009548,0,-1
2020548814120,2020,548814120,1,9,0,18,19,1,5,0,0,0,1,0,0,0,1,1,2,2,1,45,7,1587,1,18,PEUGEOT 307,6,E01031893,0,-1
202006F177472,2020,06F177472,3,9,0,18,19,2,6,0,0,0,0,0,0,0,1,1,6,6,1,44,7,1997,2,17,PEUGEOT 307,-1,-1,0,-1
2020450985795,2020,450985795,1,9,0,18,19,3,7,0,0,8,0,0,3,4,1,1,6,6,2,84,11,1587,1,18,PEUGEOT 307,8,E01030440,0,-1
2020320235708,2020,320235708,1,3,0,18,19,4,4,0,0,0,0,0,1,0,1,1,6,6,1,19,4,125,1,7,QINGQI QM 125 GY,3,E01026012,0,-1
2020070766770,2020,070766770,1,3,0,7,7,2,4,0,0,4,1,0,0,0,3,1,6,6,1,23,5,125,1,7,QINGQI QM 125 GY,1,E01012408,0,-1
2020470938499,2020,470938499,1,3,0,18,19,4,8,9,9,0,0,4,1,4,1,1,5,6,1,19,4,-1,-1,-1,QINGQI QM 125 GY,7,E01031406,0,-1
2020010235233,2020,010235233,2,3,0,17,19,4,8,0,0,4,1,0,1,0,0,1,6,6,1,17,4,124,1,4,QINGQI QM 125 GY,-1,-1,0,-1
2020461010846,2020,461010846,2,3,0,4,4,3,7,0,0,1,0,0,0,0,3,1,2,2,1,20,4,125,1,4,QINGQI QM 125 GY,8,E01016126,0,-1
2020350921156,2020,350921156,2,2,0,18,19,6,2,0,0,0,0,0,0,0,1,1,5,6,1,19,4,125,1,5,-1,2,E01015662,0,-1
2020210978717,2020,210978717,1,3,-1,-1,-1,3,7,-1,-1,0,-1,-1,-1,0,-1,1,6,6,1,23,5,124,1,4,QINGQI QM 125 GY,2,E01033216,0,-1
2020100971310,2020,100971310,1,3,0,18,19,3,7,0,0,4,5,0,0,0,1,1,6,6,1,19,4,125,1,3,QINGQI QM 125 GY,3,E01008533,0,-1
2020110995645,2020,110995645,3,4,0,18,19,5,1,0,0,0,0,0,0,0,0,1,2,2,1,20,4,124,1,5,-1,4,E01020681,0,-1
2020302000741,2020,302000741,2,3,0,18,19,1,6,0,0,2,0,0,0,0,1,1,6,6,1,28,6,-1,-1,-1,QINGQI QM 125 GY,4,E01013617,0,-1
2020470943598,2020,470943598,1,3,0,18,19,5,1,0,0,0,0,0,7,0,3,1,5,6,1,21,5,124,1,4,QINGQI QM 125 GY,4,E01031433,0,-1
2020470967665,2020,470967665,2,3,0,18,19,5,1,0,0,0,2,11,0,0,1,1,2,2,1,18,4,125,1,9,QINGQI QM 125 GY,8,E01017010,0,-1
2020200946794,2020,200946794,2,3,0,18,19,5,1,0,0,1,0,0,0,0,1,1,6,6,1,21,5,124,1,3,QINGQI QM 125 GY,3,E01010042,0,-1
2020470973600,2020,470973600,2,3,0,18,19,2,6,0,0,0,1,0,0,0,1,1,5,6,1,19,4,124,1,5,QINGQI QM 125 GY,3,E01021185,0,-1
2020320084266,2020,320084266,2,3,0,18,19,1,5,0,0,8,0,0,0,0,1,1,6,6,1,17,4,125,1,7,QINGQI QM 125 GY,9,E01026370,0,-1
2020470926612,2020,470926612,1,3,0,18,19,5,1,0,0,2,1,0,0,0,1,1,5,6,1,18,4,124,1,5,QINGQI QM 125 GY,3,E01021185,0,-1
2020470965141,2020,470965141,2,3,0,18,19,2,6,0,0,0,0,10,1,0,4,1,5,6,1,23,5,124,1,4,QINGQI QM 125 GY,5,E01021059,0,-1
2020160959487,2020,160959487,2,3,0,13,13,8,4,0,0,1,0,0,0,0,1,1,2,2,1,28,6,-1,-1,-1,QINGQI QM 125 GY,1,E01013140,0,-1
2020122000178,2020,122000178,2,3,0,14,14,8,4,0,0,8,0,0,0,0,4,1,2,2,1,22,5,124,1,4,QINGQI QM 125 GY,8,E01027836,0,-1
2020411000802,2020,411000802,2,3,0,18,19,5,1,0,0,0,0,0,0,0,1,1,2,2,1,17,4,124,1,4,QINGQI QM 125 GY,9,E01023653,0,-1
2020332000033,2020,332000033,2,4,0,18,19,8,4,0,0,1,0,0,0,0,1,1,6,6,1,31,6,124,1,5,-1,1,E01013677,0,-1
2020420964030,2020,420964030,2,3,0,18,19,7,3,0,0,1,0,0,0,0,1,1,6,6,1,18,4,125,1,8,QINGQI QM 125 GY,6,E01021907,0,-1
2020010235406,2020,010235406,1,3,0,18,19,8,4,0,0,1,0,0,0,0,1,-1,6,6,1,17,4,124,1,4,QINGQI QM 125 GY,2,E01000433,0,-1
2020220987397,2020,220987397,1,3,0,4,4,3,8,0,0,1,1,0,0,0,4,1,5,6,2,17,4,124,1,4,QINGQI QM 125 GY,3,E01032201,0,-1
20201375A1509,2020,1375A1509,1,3,0,16,19,5,1,0,0,1,0,0,0,0,1,1,6,6,1,24,5,124,1,4,QINGQI QM 125 GY,2,E01011378,0,-1
2020160926142,2020,160926142,2,3,0,18,19,8,4,0,0,0,0,0,0,0,1,1,6,6,1,29,6,124,1,3,QINGQI QM 125 GY,4,E01012830,0,-1
2020470985503,2020,470985503,3,3,0,18,19,1,5,0,0,1,0,0,0,0,2,1,5,6,1,24,5,124,1,3,QINGQI QM 125 GY,10,E01031763,0,-1
2020460995733,2020,460995733,2,3,0,16,19,3,7,0,0,1,2,0,0,0,3,1,5,6,1,48,8,125,1,0,-1,8,E01024098,0,-1
2020137780025,2020,137780025,1,3,0,18,19,7,3,0,0,0,2,0,0,0,4,1,2,2,1,43,7,125,1,0,-1,5,E01011417,0,-1
2020070119769,2020,070119769,1,3,0,16,19,5,1,0,0,1,0,0,0,0,1,1,2,2,1,51,8,125,1,1,-1,3,E01018552,0,-1
2020100996788,2020,100996788,1,3,0,8,8,4,8,0,0,4,0,0,0,0,3,1,2,2,1,28,6,125,1,0,-1,2,E01008744,0,-1
2020420929660,2020,420929660,1,2,0,18,19,1,5,0,0,0,0,4,0,0,1,1,6,6,1,16,4,50,1,0,-1,9,E01015889,0,-1
2020122000375,2020,122000375,1,5,0,18,19,2,6,0,0,0,1,0,0,0,3,1,6,6,1,21,5,599,1,22,SUZUKI GSF 600,4,E01012934,0,-1
2020500954769,2020,500954769,2,5,0,17,19,1,5,0,0,0,0,0,1,0,4,1,5,6,1,49,8,599,1,23,SUZUKI GSF 600,9,E01015034,0,-1
2020460992805,2020,460992805,1,5,0,18,19,7,3,0,0,1,5,10,1,0,1,1,6,6,1,22,5,599,1,21,SUZUKI GSF 600,1,E01024666,0,-1
2020552100188,2020,552100188,1,4,0,18,19,6,2,0,0,3,1,0,0,0,0,1,6,6,2,22,5,600,1,19,-1,5,E01015441,0,-1
202031C024120,2020,31C024120,1,5,0,18,19,1,5,0,0,8,1,0,0,0,0,1,1,1,1,33,6,600,1,18,SUZUKI GSF 600,2,E01013870,0,-1
202031B160220,2020,31B160220,1,5,0,18,19,5,1,0,0,1,1,0,0,0,0,1,2,2,2,23,5,599,1,24,SUZUKI GSF 600,3,E01019508,0,-1
2020430289862,2020,430289862,1,3,0,16,19,6,1,0,0,0,0,0,0,0,1,1,1,1,1,22,5,599,1,21,-1,2,E01017707,0,-1
20201375D1517,2020,1375D1517,1,3,0,18,19,3,7,0,0,0,0,0,0,0,3,1,6,6,1,-1,-1,600,1,19,-1,-1,-1,0,-1
2020610009020,2020,610009020,1,97,0,18,19,4,7,0,0,0,0,0,0,0,1,1,2,2,1,30,6,600,1,16,-1,2,W01001692,0,-1
2020440003093,2020,440003093,1,5,0,9,9,6,4,0,0,0,1,0,0,0,3,1,6,6,1,41,7,600,1,17,SUZUKI GSF 600,7,E01015352,0,-1
2020440051563,2020,440051563,1,5,0,17,19,6,2,0,0,8,0,0,0,0,4,1,6,6,1,54,8,600,1,20,SUZUKI GSF 600,3,E01022732,0,-1
2020010245681,2020,010245681,1,5,0,13,13,3,7,99,99,0,9,0,0,0,1,1,2,2,1,28,6,600,1,20,SUZUKI GSF 600,4,E01000978,0,-1
2020010235331,2020,010235331,1,5,0,18,19,7,3,0,0,1,0,0,0,0,1,1,6,6,1,66,10,599,1,21,SUZUKI GSF 600,-1,-1,0,-1
2020552000931,2020,552000931,1,5,0,18,19,4,8,0,0,0,1,0,2,2,4,1,6,6,1,47,8,600,1,19,SUZUKI GSF 600,6,E01031860,0,-1
2020440102654,2020,440102654,1,4,0,5,5,5,1,0,0,1,0,0,0,0,1,1,6,6,1,25,5,599,1,23,-1,3,E01031789,0,-1
2020460947248,2020,460947248,1,5,0,7,7,2,6,0,0,1,1,10,3,0,3,1,6,6,1,21,5,599,1,23,SUZUKI GSF 600,7,E01024554,0,-1
2020522100180,2020,522100180,2,5,0,18,19,3,7,0,0,0,0,0,0,0,1,1,6,6,1,59,9,599,1,23,SUZUKI GSF 600,9,E01014739,0,-1
20201378J1372,2020,1378J1372,2,4,0,18,19,6,2,0,0,8,0,0,0,0,2,1,6,6,1,25,5,599,1,21,-1,2,E01007323,0,-1
2020320197093,2020,320197093,1,5,0,18,19,1,5,0,0,0,0,0,0,0,0,1,6,6,1,39,7,599,1,23,SUZUKI GSF 600,3,E01026381,0,-1
2020500964317,2020,500964317,2,5,0,18,19,3,7,0,0,8,0,0,0,0,1,1,6,6,1,55,8,599,1,20,SUZUKI GSF 600,8,E01020171,0,-1
2020501008962,2020,501008962,1,5,0,18,19,6,2,0,0,0,2,10,1,10,4,1,6,6,2,28,6,600,1,19,SUZUKI GSF 600,8,E01020146,0,-1
2020010269818,2020,010269818,2,5,0,18,19,5,1,0,0,1,0,0,0,0,1,1,6,6,1,33,6,600,1,16,SUZUKI GSF 600,4,E01000290,0,-1
2020200938890,2020,200938890,2,5,0,18,19,6,2,0,0,8,0,0,0,0,4,1,6,6,1,51,8,600,1,19,SUZUKI GSF 600,7,E01010247,0,-1
2020622000828,2020,622000828,1,5,0,13,13,4,8,0,0,0,1,10,1,0,1,1,6,6,1,48,8,600,1,20,SUZUKI GSF 600,5,W01001033,0,-1
2020622000666,2020,622000666,1,5,0,18,19,8,4,0,0,4,0,0,0,0,1,1,6,6,1,22,5,599,1,22,SUZUKI GSF 600,7,W01000997,0,-1
2020302000740,2020,302000740,1,5,0,18,19,8,4,0,0,0,1,0,0,0,4,1,6,6,1,21,5,600,1,20,SUZUKI GSF 600,6,E01019748,0,-1
2020010246837,2020,010246837,1,5,0,18,19,5,1,0,0,1,0,0,0,0,0,1,6,6,1,22,5,600,1,19,SUZUKI GSF 600,8,E01003455,0,-1
2020100940237,2020,100940237,1,5,-1,18,19,3,7,0,0,0,1,0,0,0,3,1,6,6,1,59,9,600,1,19,SUZUKI GSF 600,1,E01008800,0,-1