collision_index,collision_year,collision_ref_no,vehicle_reference,vehicle_type,towing_and_articulation,vehicle_manoeuvre_historic,vehicle_manoeuvre,vehicle_direction_from,vehicle_direction_to,vehicle_location_restricted_lane_historic,vehicle_location_restricted_lane,junction_location,skidding_and_overturning,hit_object_in_carriageway,vehicle_leaving_carriageway,hit_object_off_carriageway,first_point_of_impact,vehicle_left_hand_drive,journey_purpose_of_driver_historic,journey_purpose_of_driver,sex_of_driver,age_of_driver,age_band_of_driver,engine_capacity_cc,propulsion_code,age_of_vehicle,generic_make_model,driver_imd_decile,lsoa_of_driver,escooter_flag,driver_distance_banding
2020440335019,2020,440335019,2,5,0,9,9,3,1,0,0,8,0,0,0,0,1,1,6,6,1,54,8,600,1,16,SUZUKI GSF 600,8,E01022651,0,-1
2020552000998,2020,552000998,2,4,0,13,13,2,6,0,0,0,1,0,1,0,1,1,6,6,1,32,6,600,1,18,-1,3,E01020393,0,-1
20201375U0740,2020,1375U0740,1,5,0,18,19,5,1,0,0,0,0,0,0,0,1,1,6,6,1,20,4,600,1,20,SUZUKI GSF 600,1,E01010755,0,-1
202063D065020,2020,63D065020,2,5,0,16,19,2,5,0,0,0,0,0,0,0,1,1,6,6,1,52,8,599,1,21,SUZUKI GSF 600,2,E01010021,0,-1
2020552000837,2020,552000837,1,5,0,13,13,7,3,0,0,8,0,0,0,0,1,1,6,6,1,25,5,599,1,24,SUZUKI GSF 600,6,E01015460,0,-1
2020410967483,2020,410967483,1,5,0,15,15,7,3,0,0,0,0,0,0,0,4,1,2,2,2,29,6,600,1,16,SUZUKI GSF 600,3,E01023346,0,-1
2020990998446,2020,990998446,2,5,0,18,19,6,2,0,0,1,0,0,0,0,1,1,2,2,1,36,7,600,1,18,SUZUKI GSF 600,3,-1,0,-1
2020460929434,2020,460929434,2,5,0,12,12,5,1,0,0,1,2,0,1,0,1,1,2,2,1,20,4,600,1,18,SUZUKI GSF 600,9,E01024376,0,-1
2020320369909,2020,320369909,2,5,0,18,19,4,6,0,0,1,0,0,0,0,0,1,6,6,1,60,9,600,1,17,SUZUKI GSF 600,6,E01026020,0,-1
2020110988719,2020,110988719,1,5,0,18,19,1,5,0,0,1,0,0,0,0,1,1,6,6,1,35,6,600,1,18,SUZUKI GSF 600,-1,-1,0,-1
2020360940711,2020,360940711,1,5,0,18,19,5,1,0,0,0,5,0,0,0,1,1,5,6,1,62,9,599,1,23,SUZUKI GSF 600,5,E01026583,0,-1
2020137230942,2020,137230942,2,5,0,18,19,5,1,0,0,1,0,0,0,0,1,1,6,6,1,19,4,599,1,20,SUZUKI GSF 600,1,E01011695,0,-1
2020100974603,2020,100974603,1,5,0,13,13,8,4,0,0,0,2,0,1,0,1,1,6,6,1,32,6,600,1,17,SUZUKI GSF 600,-1,-1,0,-1
2020500999975,2020,500999975,2,5,0,18,19,1,5,0,0,6,0,0,0,0,1,1,5,6,1,23,5,599,1,22,SUZUKI GSF 600,5,E01019982,0,-1
2020530922629,2020,530922629,1,5,0,18,19,7,3,0,0,0,0,10,1,2,4,1,1,1,1,28,6,599,1,20,SUZUKI GSF 600,5,E01014065,0,-1
2020302000418,2020,302000418,1,5,0,16,19,2,6,0,0,0,1,0,1,0,1,1,6,6,1,30,6,600,1,17,SUZUKI GSF 600,2,E01008095,0,-1
2020070053282,2020,070053282,1,4,0,4,4,5,1,0,0,1,1,0,0,0,0,1,6,6,1,20,4,600,1,15,-1,5,E01029569,0,-1
2020122001249,2020,122001249,2,3,0,3,3,2,6,0,0,1,0,0,0,0,2,1,2,2,1,24,5,113,1,1,SUZUKI UK 110,3,E01013394,0,-1
2020010259385,2020,010259385,2,3,0,18,19,5,1,0,0,2,0,0,0,0,1,1,6,6,1,46,8,113,1,5,SUZUKI UK 110,1,E01002783,0,-1
2020470952990,2020,470952990,2,3,0,18,19,1,5,0,0,0,0,0,0,0,1,1,1,1,1,50,8,113,1,4,SUZUKI UK 110,5,E01016991,0,-1
2020122000302,2020,122000302,1,2,0,18,19,5,1,0,0,1,0,0,0,0,1,1,2,2,1,58,9,113,1,1,-1,2,E01013443,0,-1
2020010266459,2020,010266459,2,3,0,14,14,5,1,0,0,1,1,0,0,0,0,1,6,6,1,42,7,113,1,0,SUZUKI UK 110,5,E01002114,0,-1
2020010238023,2020,010238023,1,3,0,3,3,1,5,0,0,1,0,0,0,0,2,1,2,2,1,20,4,113,1,2,SUZUKI UK 110,3,E01001742,0,-1
2020010259541,2020,010259541,2,4,0,18,19,2,6,9,9,1,0,0,0,0,1,1,6,6,1,29,6,113,1,2,-1,1,E01001458,0,-1
2020010253144,2020,010253144,1,3,9,99,99,9,9,99,99,9,9,99,9,99,9,1,6,6,1,23,5,113,1,3,SUZUKI UK 110,4,E01023336,0,-1
2020010239064,2020,010239064,2,3,0,18,19,1,5,0,0,1,5,0,0,0,1,-1,6,6,1,45,7,113,1,5,SUZUKI UK 110,2,E01003432,0,-1
2020302001246,2020,302001246,1,2,0,18,19,7,3,0,0,4,0,0,0,0,1,1,6,6,1,18,4,113,1,4,-1,2,E01013581,0,-1
2020552000490,2020,552000490,1,3,0,18,19,2,6,0,0,0,0,4,0,0,3,1,6,6,1,38,7,113,1,1,SUZUKI UK 110,2,E01020347,0,-1
2020230987885,2020,230987885,2,3,0,18,19,1,5,0,0,8,0,0,0,0,1,1,2,2,1,25,5,113,1,4,SUZUKI UK 110,2,E01031066,0,-1
2020540846020,2020,540846020,2,3,0,18,19,6,4,0,0,8,1,0,0,0,4,1,2,2,1,26,6,113,1,2,SUZUKI UK 110,10,E01031984,0,-1
2020010275503,2020,010275503,2,2,0,9,9,1,6,0,0,1,5,0,0,0,1,1,6,6,1,21,5,113,1,4,-1,2,E01001447,0,-1
2020320617284,2020,320617284,2,3,0,18,19,4,6,0,0,8,0,0,0,0,1,1,6,6,1,29,6,113,1,2,SUZUKI UK 110,3,E01026174,0,-1
2020010284037,2020,010284037,1,3,0,4,4,8,4,0,0,8,0,0,0,0,1,1,1,1,1,25,5,113,1,5,SUZUKI UK 110,8,E01002975,0,-1
2020010278161,2020,010278161,2,3,0,18,19,5,1,0,0,1,0,0,0,0,3,1,6,6,2,32,6,113,1,1,SUZUKI UK 110,9,E01002512,0,-1
2020010257093,2020,010257093,2,3,0,18,19,7,3,0,0,5,0,0,0,0,1,-1,1,1,1,31,6,113,1,1,SUZUKI UK 110,3,E01001932,0,-1
2020010262675,2020,010262675,1,3,0,18,19,7,3,0,0,1,0,0,0,0,1,1,6,6,1,35,6,113,1,5,SUZUKI UK 110,7,E01000145,0,-1
2020520002745,2020,520002745,1,4,0,18,19,2,6,0,0,8,0,0,0,0,1,1,6,6,1,29,6,113,1,0,-1,8,E01029201,0,-1
2020470919588,2020,470919588,2,3,0,18,19,6,2,0,0,0,0,0,0,0,4,1,4,7,1,17,4,113,1,1,SUZUKI UK 110,8,E01031726,0,-1
2020010247706,2020,010247706,2,4,0,18,19,5,1,0,0,1,0,0,0,0,3,1,2,2,1,20,4,113,1,5,-1,3,E01002598,0,-1
2020010267799,2020,010267799,1,3,0,18,19,5,1,0,0,0,0,0,0,0,1,1,1,1,1,36,7,113,1,0,SUZUKI UK 110,2,E01000941,0,-1
2020010265589,2020,010265589,1,3,0,18,19,5,1,0,0,3,0,0,0,0,4,1,1,1,1,18,4,113,1,1,SUZUKI UK 110,5,E01002352,0,-1
2020010248571,2020,010248571,1,3,0,5,5,1,5,9,9,1,0,0,0,0,1,1,6,6,1,40,7,113,1,5,SUZUKI UK 110,1,E01001781,0,-1
2020010283431,2020,010283431,2,2,0,4,4,7,3,0,0,1,2,0,0,0,0,1,1,1,1,26,6,113,1,0,-1,3,E01001311,0,-1
2020430369813,2020,430369813,2,3,0,18,19,4,8,0,0,0,0,0,0,0,2,1,6,6,1,24,5,113,1,5,SUZUKI UK 110,9,E01023831,0,-1
2020010274217,2020,010274217,1,3,0,5,5,0,7,0,0,2,0,0,0,0,4,1,1,1,1,35,6,113,1,4,SUZUKI UK 110,-1,-1,0,-1
2020622001049,2020,622001049,2,2,0,18,19,8,4,0,0,1,0,0,0,0,1,1,6,6,1,33,6,113,1,4,-1,9,W01000819,0,-1
2020010284909,2020,010284909,2,3,0,4,4,7,3,0,0,1,0,0,0,0,4,1,1,1,1,21,5,113,1,0,SUZUKI UK 110,-1,-1,0,-1
2020010233636,2020,010233636,1,3,0,18,19,5,1,0,0,0,5,0,0,0,0,1,1,1,1,38,7,113,1,4,SUZUKI UK 110,6,E01000487,0,-1
2020160950127,2020,160950127,2,3,0,5,5,5,7,0,0,0,0,0,0,0,2,1,2,2,2,59,9,113,1,1,SUZUKI UK 110,8,E01012791,0,-1
2020010271496,2020,010271496,1,3,0,7,7,8,2,0,0,6,0,0,0,0,0,1,6,6,1,39,7,113,1,0,SUZUKI UK 110,4,E01000559,0,-1
2020010231432,2020,010231432,2,3,0,18,19,5,1,0,0,0,0,0,0,0,1,1,6,6,1,29,6,113,1,0,SUZUKI UK 110,1,E01004312,0,-1
202031C091720,2020,31C091720,2,3,0,3,3,2,6,0,0,1,0,0,0,0,4,1,6,6,1,34,6,113,1,5,SUZUKI UK 110,5,E01013840,0,-1
2020470967640,2020,470967640,2,3,0,18,19,8,4,0,0,2,0,0,0,0,1,1,6,6,1,23,5,113,1,2,SUZUKI UK 110,4,E01033329,0,-1
2020360981931,2020,360981931,2,3,0,18,19,7,3,0,0,8,0,0,0,0,3,1,5,6,1,45,7,113,1,1,SUZUKI UK 110,2,E01026828,0,-1
2020010238000,2020,010238000,1,4,0,14,14,5,1,0,0,8,0,0,0,0,1,1,1,1,1,42,7,113,1,2,-1,4,E01000005,0,-1
2020540653420,2020,540653420,2,2,0,18,19,4,8,0,0,1,0,0,0,0,1,1,6,6,2,25,5,113,1,2,-1,9,E01015481,0,-1
2020010248409,2020,010248409,2,3,0,17,19,5,3,0,0,4,0,0,0,0,1,1,6,6,1,55,8,113,1,5,SUZUKI UK 110,2,E01001703,0,-1
2020030945231,2020,030945231,1,3,0,18,19,1,5,0,0,0,0,0,0,0,0,1,6,6,1,28,6,113,1,1,SUZUKI UK 110,7,E01019331,0,-1
2020010270624,2020,010270624,1,3,0,18,19,1,5,0,0,8,0,0,0,0,4,1,1,1,1,43,7,113,1,0,SUZUKI UK 110,1,E01000890,0,-1
2020010283055,2020,010283055,3,3,0,3,3,7,3,0,0,0,5,0,0,0,2,1,6,6,1,33,6,113,1,5,SUZUKI UK 110,2,E01003947,0,-1
2020990978412,2020,990978412,2,3,0,14,14,1,5,4,4,0,0,0,0,0,1,1,6,6,1,18,4,113,1,1,SUZUKI UK 110,9,-1,0,-1
2020010264717,2020,010264717,2,3,0,14,14,7,3,0,0,0,1,0,0,0,2,1,6,6,1,32,6,113,1,1,SUZUKI UK 110,8,E01002157,0,-1
2020140999543,2020,140999543,1,3,0,18,19,1,1,0,0,1,5,0,0,0,3,1,1,1,1,49,8,113,1,0,SUZUKI UK 110,1,E01008122,0,-1
202006N167580,2020,06N167580,1,3,0,14,14,5,1,0,0,8,0,0,0,0,1,1,6,6,1,19,4,113,1,1,SUZUKI UK 110,1,E01004861,0,-1
2020010281258,2020,010281258,1,3,0,14,14,3,7,0,0,1,0,0,0,0,1,1,1,1,1,36,7,113,1,0,SUZUKI UK 110,2,E01004264,0,-1
2020010275459,2020,010275459,2,3,0,18,19,7,3,0,0,8,0,0,0,0,1,1,1,1,1,26,6,113,1,4,SUZUKI UK 110,4,E01000557,0,-1
2020990998903,2020,990998903,2,3,0,18,19,7,3,0,0,0,0,0,0,0,1,1,1,1,1,28,6,113,1,3,SUZUKI UK 110,5,-1,0,-1
2020010279701,2020,010279701,2,3,0,18,19,3,7,0,0,1,0,0,0,0,1,1,1,1,1,29,6,113,1,0,SUZUKI UK 110,5,E01003314,0,-1
2020010275534,2020,010275534,1,3,0,99,99,9,9,99,99,9,9,99,9,99,9,1,6,6,2,22,5,113,1,0,SUZUKI UK 110,5,E01004137,0,-1
2020010277660,2020,010277660,1,3,0,99,99,9,9,99,99,1,9,99,9,99,9,1,6,6,1,39,7,113,1,4,SUZUKI UK 110,1,E01004288,0,-1
2020010252317,2020,010252317,2,3,0,3,3,7,3,0,0,2,5,0,0,0,3,1,1,1,1,45,7,113,1,1,SUZUKI UK 110,1,E01000953,0,-1
2020010283542,2020,010283542,2,3,0,18,19,3,7,0,0,1,0,0,0,0,1,1,6,6,1,27,6,113,1,0,SUZUKI UK 110,3,E01004573,0,-1
2020010281183,2020,010281183,1,3,0,9,9,6,4,0,0,6,1,0,0,0,1,1,1,1,1,31,6,113,1,1,SUZUKI UK 110,4,E01001484,0,-1
2020990980391,2020,990980391,1,3,0,18,19,6,2,0,0,6,0,0,7,0,4,1,6,6,1,52,8,113,1,2,SUZUKI UK 110,4,-1,0,-1
2020501013877,2020,501013877,1,3,0,18,19,5,1,0,0,0,1,0,0,0,0,1,2,2,1,24,5,113,1,5,SUZUKI UK 110,4,E01020311,0,-1
2020350986346,2020,350986346,1,2,0,18,19,4,8,0,0,0,0,0,1,0,0,1,5,6,1,18,4,113,1,1,-1,8,E01033429,0,-1
2020010278554,2020,010278554,2,3,0,6,6,7,7,0,0,0,0,0,0,0,3,1,6,6,1,23,5,113,1,4,SUZUKI UK 110,-1,-1,0,-1
2020010266280,2020,010266280,1,3,0,9,9,1,6,0,0,1,0,0,0,0,1,1,1,1,1,22,5,113,1,0,SUZUKI UK 110,4,E01004215,0,-1
2020137511274,2020,137511274,1,2,0,18,19,6,2,0,0,0,0,4,0,0,1,1,6,6,1,35,6,113,1,4,-1,-1,-1,0,-1
2020501007587,2020,501007587,1,3,0,18,19,4,8,0,0,0,1,0,0,0,0,1,2,2,2,20,4,113,1,0,SUZUKI UK 110,3,E01020010,0,-1
2020522002310,2020,522002310,2,2,0,9,9,8,6,0,0,6,0,0,0,0,3,1,6,6,1,18,4,113,1,1,-1,1,E01014658,0,-1
2020010230128,2020,010230128,2,8,0,18,19,2,6,0,0,1,0,0,0,0,1,1,1,1,1,47,8,-1,-1,-1,-1,2,E01002227,0,-1
202031C133520,2020,31C133520,1,9,0,9,9,6,4,0,0,5,0,0,0,0,4,1,6,6,1,50,8,-1,3,3,TESLA MODEL S,8,E01025768,0,-1
2020990948417,2020,990948417,2,9,0,18,19,6,2,0,0,1,0,0,0,0,1,1,6,6,1,40,7,-1,3,1,TESLA MODEL S,9,-1,0,-1
2020010262324,2020,010262324,1,9,0,4,4,7,3,0,0,2,0,8,0,0,3,1,6,6,1,39,7,-1,3,1,TESLA MODEL S,4,E01000507,0,-1
2020500950358,2020,500950358,3,9,0,15,15,2,7,0,0,0,1,0,0,0,1,1,5,6,1,71,10,-1,3,2,TESLA MODEL S,5,E01019950,0,-1
2020010241265,2020,010241265,2,9,0,9,9,6,4,0,0,1,0,0,0,0,0,1,6,6,1,-1,-1,-1,3,5,TESLA MODEL S,4,E01000428,0,-1
2020470957415,2020,470957415,3,9,0,18,19,7,7,0,0,3,0,0,0,0,0,1,2,2,2,33,6,-1,3,5,TESLA MODEL S,7,E01031626,0,-1
2020302000369,2020,302000369,1,9,0,7,7,8,2,0,0,8,0,0,0,0,1,1,6,6,1,62,9,-1,3,5,TESLA MODEL S,2,E01024061,0,-1
2020501004926,2020,501004926,2,9,0,18,19,2,6,0,0,8,5,0,0,0,3,1,6,6,1,68,10,-1,3,6,TESLA MODEL S,4,E01018754,0,-1
2020400972511,2020,400972511,2,9,0,18,19,5,1,0,0,1,0,0,0,0,3,1,6,6,1,65,9,-1,3,3,TESLA MODEL S,7,E01016734,0,-1
2020411000867,2020,411000867,2,9,0,18,19,1,5,0,0,4,0,0,0,0,1,1,6,6,1,55,8,-1,3,0,TESLA MODEL S,9,E01022069,0,-1
202031C087920,2020,31C087920,1,9,0,5,5,5,1,0,0,0,0,0,0,0,1,1,1,1,1,31,6,-1,3,1,TESLA MODEL S,8,E01028118,0,-1
2020200921048,2020,200921048,2,9,0,9,9,4,2,0,0,5,0,0,0,0,4,1,6,6,2,60,9,-1,3,4,TESLA MODEL S,2,E01009161,0,-1
2020200989947,2020,200989947,1,9,0,10,10,-1,-1,0,0,0,0,0,0,0,2,1,6,6,2,51,8,-1,3,4,TESLA MODEL S,4,E01033060,0,-1
2020411011833,2020,411011833,1,9,0,3,3,8,4,0,0,4,0,0,0,0,1,1,5,6,1,61,9,-1,3,5,TESLA MODEL S,10,E01023966,0,-1
2020430168905,2020,430168905,2,9,0,18,19,2,5,0,0,1,0,0,0,0,1,1,6,6,1,69,10,-1,3,0,TESLA MODEL S,10,E01028685,0,-1
2020010249612,2020,010249612,2,9,0,99,99,9,9,99,99,0,9,99,9,99,9,9,6,6,3,-1,-1,-1,3,4,TESLA MODEL S,-1,-1,0,-1
2020450966677,2020,450966677,2,9,0,18,19,1,1,0,0,0,0,0,0,0,1,1,6,6,1,50,8,-1,3,2,TESLA MODEL S,10,E01030355,0,-1
2020990955438,2020,990955438,1,9,0,18,19,7,3,0,0,0,1,0,1,0,1,1,5,6,1,43,7,-1,3,2,TESLA MODEL S,2,-1,0,-1
2020231012435,2020,231012435,3,9,0,18,19,8,4,0,0,1,0,0,1,0,3,1,5,6,1,61,9,-1,3,4,TESLA MODEL S,10,E01009436,0,-1
2020010264370,2020,010264370,2,9,0,18,19,7,3,0,0,1,0,0,0,0,1,1,6,6,2,24,5,-1,3,3,TESLA MODEL S,-1,-1,0,-1
2020040923380,2020,040923380,1,9,0,18,19,7,3,0,0,0,0,0,7,4,1,1,5,6,1,45,7,-1,3,2,TESLA MODEL S,9,E01012568,0,-1
2020201031299,2020,201031299,1,9,0,7,7,2,5,0,0,5,0,10,7,4,1,1,6,6,1,37,7,-1,3,4,TESLA MODEL S,1,E01008998,0,-1
2020350959596,2020,350959596,1,9,0,5,5,2,4,0,0,8,0,0,0,0,4,1,5,6,1,48,8,-1,3,2,TESLA MODEL S,9,E01018181,0,-1
2020410966251,2020,410966251,2,9,0,5,5,3,7,0,0,4,0,0,0,0,1,1,2,2,1,53,8,-1,3,3,TESLA MODEL S,10,E01021447,0,-1
2020450928214,2020,450928214,2,9,0,12,12,7,3,0,0,1,0,0,0,0,3,1,5,6,1,49,8,-1,3,5,TESLA MODEL S,9,E01030301,0,-1
2020421004841,2020,421004841,4,9,0,4,4,5,1,0,0,0,0,0,0,0,3,1,5,6,1,54,8,-1,3,4,TESLA MODEL S,9,E01021568,0,-1
2020010272880,2020,010272880,2,9,0,99,99,9,9,0,0,8,0,0,0,0,4,1,6,6,1,62,9,-1,3,3,TESLA MODEL S,3,E01001864,0,-1
2020200967526,2020,200967526,1,9,0,5,5,3,7,0,0,4,0,0,0,0,1,1,6,6,2,44,7,-1,3,5,TESLA MODEL S,6,E01029488,0,-1
2020160986644,2020,160986644,1,9,0,16,19,5,7,0,0,1,0,0,0,0,1,1,5,6,2,47,8,1248,2,13,VAUXHALL TIGRA,-1,-1,0,-1
202031B126020,2020,31B126020,3,9,0,2,2,0,0,0,0,8,0,0,0,0,1,1,6,6,3,-1,-1,1364,1,14,VAUXHALL TIGRA,-1,-1,0,-1
2020500980661,2020,500980661,2,9,0,18,19,7,3,0,0,2,0,0,0,0,3,1,6,6,2,27,6,1796,1,16,VAUXHALL TIGRA,5,E01018946,0,-1
2020052001930,2020,052001930,2,9,0,18,19,1,5,0,0,1,0,0,0,0,3,1,1,1,2,52,8,1364,1,11,VAUXHALL TIGRA,2,E01006439,0,-1
2020460942652,2020,460942652,2,9,0,18,19,3,5,0,0,1,0,0,0,0,4,1,6,6,2,24,5,1364,1,13,VAUXHALL TIGRA,4,E01016071,0,-1
2020440309443,2020,440309443,2,9,0,4,4,6,1,0,0,1,0,0,0,0,2,1,2,2,2,45,7,1364,1,14,VAUXHALL TIGRA,4,E01017110,0,-1
2020622000751,2020,622000751,2,9,0,18,19,6,2,0,0,1,0,4,0,0,1,1,6,6,2,22,5,1364,1,14,VAUXHALL TIGRA,10,W01000792,0,-1
2020010279815,2020,010279815,1,9,0,99,99,9,9,99,99,9,9,99,9,99,2,9,6,6,1,25,5,1364,1,11,VAUXHALL TIGRA,3,E01003348,0,-1
2020500975758,2020,500975758,2,9,0,4,4,1,5,0,0,0,0,0,0,0,2,1,2,2,2,58,9,1364,1,14,VAUXHALL TIGRA,8,E01015111,0,-1
2020070303598,2020,070303598,1,9,0,18,19,1,5,0,0,0,5,0,1,10,4,1,6,6,2,35,6,1796,1,14,VAUXHALL TIGRA,6,E01018356,0,-1
2020361001075,2020,361001075,2,9,0,2,2,0,0,6,6,0,-1,-1,-1,0,-1,1,6,6,1,66,10,1796,1,15,VAUXHALL TIGRA,3,E01026447,0,-1
2020070034066,2020,070034066,1,9,0,18,19,5,1,0,0,0,0,0,1,10,4,1,6,6,2,61,9,1364,1,15,VAUXHALL TIGRA,4,E01018624,0,-1
2020320524555,2020,320524555,1,9,0,18,19,1,5,0,0,0,5,0,1,10,3,1,6,6,1,18,4,1364,1,13,VAUXHALL TIGRA,10,E01019731,0,-1
2020010262992,2020,010262992,1,9,0,5,5,0,2,9,9,0,0,4,2,11,1,1,6,6,2,49,8,1796,1,14,VAUXHALL TIGRA,2,E01004711,0,-1
2020531003694,2020,531003694,1,9,0,18,19,2,7,0,0,1,0,0,7,0,1,1,6,6,1,41,7,1796,1,15,VAUXHALL TIGRA,-1,-1,0,-1
2020470997058,2020,470997058,1,9,0,18,19,3,7,0,0,4,0,0,0,0,1,1,2,2,1,54,8,1796,1,12,VAUXHALL TIGRA,7,E01021212,0,-1
2020622000264,2020,622000264,1,9,0,16,19,6,2,0,0,0,2,10,7,9,1,1,2,2,1,41,7,1364,1,14,VAUXHALL TIGRA,2,W01001150,0,-1
2020340K05272,2020,340K05272,2,9,0,5,5,7,3,0,0,8,0,0,0,0,1,1,2,2,1,48,8,1364,1,14,VAUXHALL TIGRA,8,E01027294,0,-1
2020531000064,2020,531000064,1,9,0,18,19,8,4,0,0,0,5,0,7,4,3,1,6,6,1,41,7,1796,1,15,VAUXHALL TIGRA,4,E01022241,0,-1
2020450988670,2020,450988670,3,9,0,18,19,5,1,0,0,0,0,0,0,0,2,1,5,6,1,55,8,1364,1,16,VAUXHALL TIGRA,4,E01030496,0,-1
2020340N06762,2020,340N06762,1,9,0,18,19,3,5,0,0,3,0,0,0,0,4,1,6,6,1,59,9,1364,1,14,VAUXHALL TIGRA,3,E01027188,0,-1
2020010245479,2020,010245479,1,9,0,99,99,9,9,99,99,0,9,99,9,99,2,9,6,6,2,28,6,1364,1,14,VAUXHALL TIGRA,2,E01001118,0,-1
202006F168966,2020,06F168966,2,9,0,8,8,1,3,0,0,1,0,0,0,0,1,1,6,6,1,28,6,1796,1,13,VAUXHALL TIGRA,2,E01005714,0,-1
2020360945500,2020,360945500,1,9,0,18,19,4,8,0,0,0,0,0,0,0,1,1,6,6,3,-1,-1,1364,1,14,VAUXHALL TIGRA,-1,-1,0,-1
2020010264465,2020,010264465,1,9,0,99,99,9,9,99,99,9,9,99,9,99,2,9,2,2,2,39,7,1364,1,15,VAUXHALL TIGRA,3,E01003942,0,-1
2020410992461,2020,410992461,1,9,0,3,3,4,8,0,0,0,0,0,0,0,1,1,6,6,2,23,5,1364,1,11,VAUXHALL TIGRA,5,E01023862,0,-1
2020500977683,2020,500977683,2,9,0,9,9,6,3,0,0,5,0,0,0,0,2,1,5,6,1,63,9,1796,1,16,VAUXHALL TIGRA,3,E01018927,0,-1
2020622000397,2020,622000397,1,9,0,14,14,5,1,0,0,0,0,0,0,0,1,1,6,6,2,41,7,1364,1,13,VAUXHALL TIGRA,1,W01001174,0,-1
2020360939046,2020,360939046,1,9,0,5,5,1,3,0,0,2,0,0,0,0,1,1,6,6,2,31,6,1364,1,11,VAUXHALL TIGRA,-1,-1,0,-1
2020230965336,2020,230965336,2,9,0,9,9,5,3,0,0,5,0,0,0,0,3,1,5,6,1,24,5,1364,1,15,VAUXHALL TIGRA,5,E01031131,0,-1
2020610041720,2020,610041720,2,9,0,17,19,1,6,0,0,8,0,0,0,0,1,1,6,6,2,49,8,1796,1,14,VAUXHALL TIGRA,7,W01001674,0,-1
2020411008519,2020,411008519,2,9,0,18,19,3,7,0,0,0,1,0,4,0,1,1,5,6,2,23,5,1796,1,15,VAUXHALL TIGRA,6,E01017616,0,-1
2020052001705,2020,052001705,1,9,0,18,19,2,6,0,0,1,1,4,0,0,1,1,6,6,1,21,5,1364,1,15,VAUXHALL TIGRA,2,E01006948,0,-1
2020350939041,2020,350939041,1,9,0,7,7,5,1,0,0,0,1,0,1,1,3,1,2,2,1,48,8,1796,1,15,VAUXHALL TIGRA,5,E01030151,0,-1
2020320394710,2020,320394710,1,9,0,18,19,5,1,0,0,8,5,0,1,0,1,1,6,6,2,61,9,1364,1,14,VAUXHALL TIGRA,3,E01026068,0,-1
2020140973380,2020,140973380,1,9,0,18,19,1,5,0,0,2,0,0,0,0,1,1,5,6,2,28,6,1364,1,15,VAUXHALL TIGRA,2,E01007982,0,-1
2020552000009,2020,552000009,1,9,0,18,19,1,5,0,0,4,0,0,0,0,3,1,1,1,2,33,6,1796,1,15,VAUXHALL TIGRA,9,E01020371,0,-1
2020010285152,2020,010285152,1,9,0,10,10,5,2,0,0,6,0,0,0,0,1,1,2,2,2,29,6,1389,1,21,VAUXHALL TIGRA,-1,-1,0,-1
2020470982530,2020,470982530,1,9,0,18,19,1,5,0,0,0,0,4,0,0,1,1,5,6,1,22,5,1364,1,14,VAUXHALL TIGRA,1,E01016864,0,-1
2020220994450,2020,220994450,2,9,0,9,9,8,6,0,0,6,0,0,0,0,1,1,5,6,2,58,9,1364,1,12,VAUXHALL TIGRA,7,E01032442,0,-1
2020070174555,2020,070174555,1,9,0,17,19,4,8,0,0,0,0,0,2,3,4,1,6,6,2,32,6,1364,1,13,VAUXHALL TIGRA,7,E01018412,0,-1
2020552000809,2020,552000809,1,9,0,9,9,1,7,0,0,0,0,0,0,0,3,1,6,6,2,25,5,1364,1,15,VAUXHALL TIGRA,5,E01020472,0,-1
2020070510246,2020,070510246,1,9,0,18,19,6,2,0,0,8,0,0,0,0,1,1,6,6,2,54,8,1364,1,14,VAUXHALL TIGRA,2,E01018327,0,-1
2020500982710,2020,500982710,1,9,0,18,19,1,5,0,0,0,5,0,2,11,1,1,5,6,2,27,6,1364,1,15,VAUXHALL TIGRA,1,E01019020,0,-1
2020350930244,2020,350930244,1,9,0,17,19,8,4,0,0,0,1,10,1,0,1,1,1,1,1,18,4,1364,1,12,VAUXHALL TIGRA,10,E01018256,0,-1
2020201022437,2020,201022437,1,9,0,18,19,5,1,0,0,8,0,10,7,10,1,1,2,2,1,38,7,1796,1,15,VAUXHALL TIGRA,1,E01010316,0,-1
2020350974138,2020,350974138,1,9,0,7,7,7,1,0,0,5,1,11,1,11,1,1,2,2,1,29,6,1364,1,15,VAUXHALL TIGRA,1,E01015642,0,-1
2020220977410,2020,220977410,1,9,0,16,19,7,2,0,0,8,5,0,7,1,1,1,2,2,1,68,10,1364,1,14,VAUXHALL TIGRA,8,E01032319,0,-1
2020990937055,2020,990937055,1,9,0,18,19,3,7,0,0,0,1,0,0,0,1,1,5,6,2,46,8,1364,1,14,VAUXHALL TIGRA,1,-1,0,-1
202006M269171,2020,06M269171,1,9,0,18,19,5,1,0,0,0,0,0,0,0,1,1,6,6,1,18,4,1364,1,15,VAUXHALL TIGRA,-1,-1,0,-1
2020470988717,2020,470988717,1,3,0,17,19,8,5,0,0,0,1,0,1,0,3,1,5,6,1,18,4,124,1,19,-1,6,E01021021,0,-1