collision_index,collision_year,collision_ref_no,vehicle_reference,vehicle_type,towing_and_articulation,vehicle_manoeuvre_historic,vehicle_manoeuvre,vehicle_direction_from,vehicle_direction_to,vehicle_location_restricted_lane_historic,vehicle_location_restricted_lane,junction_location,skidding_and_overturning,hit_object_in_carriageway,vehicle_leaving_carriageway,hit_object_off_carriageway,first_point_of_impact,vehicle_left_hand_drive,journey_purpose_of_driver_historic,journey_purpose_of_driver,sex_of_driver,age_of_driver,age_band_of_driver,engine_capacity_cc,propulsion_code,age_of_vehicle,generic_make_model,driver_imd_decile,lsoa_of_driver,escooter_flag,driver_distance_banding
2020360960283,2020,360960283,2,3,0,18,19,1,5,0,0,1,0,0,0,0,1,1,5,6,1,19,4,124,1,20,-1,7,E01026755,0,-1
2020070567823,2020,070567823,2,3,0,18,19,3,7,0,0,8,0,0,0,0,4,1,6,6,1,27,6,124,1,19,-1,3,E01012606,0,-1
2020522100900,2020,522100900,1,3,0,18,19,2,6,0,0,0,0,0,0,0,1,1,6,6,1,21,5,124,1,20,-1,9,E01014739,0,-1
2020440176315,2020,440176315,1,3,0,18,19,4,8,0,0,0,1,10,0,0,3,1,6,6,1,24,5,125,1,5,-1,5,E01023095,0,-1
2020122001131,2020,122001131,1,5,0,16,19,3,7,0,0,0,0,7,1,9,1,1,6,6,1,64,9,1002,1,22,-1,7,E01027911,0,-1
2020410949759,2020,410949759,2,9,0,3,3,8,4,0,0,4,0,0,0,0,1,1,1,1,2,50,8,1995,2,5,BMW X4,3,E01017568,0,-1
2020052000800,2020,052000800,2,9,0,18,19,7,3,0,0,8,0,0,0,0,3,1,6,6,1,27,6,1995,2,4,BMW X4,1,E01006765,0,-1
2020010252549,2020,010252549,1,9,0,17,19,5,3,0,0,6,0,0,0,0,1,1,6,6,1,36,7,2998,1,1,BMW X4,7,E01000674,0,-1
2020010244923,2020,010244923,1,9,0,99,99,9,9,99,99,9,9,99,9,99,3,9,6,6,2,35,6,1995,2,3,BMW X4,10,E01001416,0,-1
2020010268641,2020,010268641,1,9,0,18,19,7,3,0,0,0,1,0,0,0,1,1,6,6,1,23,5,2993,1,1,BMW X4,-1,-1,0,-1
2020137CH0359,2020,137CH0359,1,9,0,18,19,5,7,0,0,0,0,0,0,0,1,1,6,6,2,30,6,1995,2,5,BMW X4,-1,-1,0,-1
2020010253034,2020,010253034,3,9,0,5,5,5,1,0,0,1,0,0,0,0,1,1,2,2,1,42,7,1995,2,4,BMW X4,3,E01000092,0,-1
2020221007032,2020,221007032,2,9,0,18,19,7,3,0,0,8,0,0,0,0,1,1,1,1,2,62,9,2993,2,1,BMW X4,6,E01014117,0,-1
2020220929183,2020,220929183,1,9,0,18,19,6,2,0,0,0,0,0,0,0,1,1,5,6,1,42,7,1995,2,5,BMW X4,5,E01032312,0,-1
2020170M11890,2020,170M11890,2,9,0,18,19,1,5,0,0,0,0,0,0,0,4,1,6,6,1,25,5,1995,2,1,BMW X4,9,E01012227,0,-1
2020470959817,2020,470959817,1,9,0,18,19,8,2,0,0,0,0,0,0,0,1,1,6,6,1,-1,-1,2993,2,4,BMW X4,-1,-1,0,-1
2020010238021,2020,010238021,1,9,0,99,99,9,9,99,99,8,9,99,9,99,2,1,6,6,1,37,7,1995,2,5,BMW X4,4,E01000039,0,-1
2020122000154,2020,122000154,3,9,0,18,19,4,8,0,0,0,0,0,0,0,2,1,2,2,1,53,8,1995,2,3,BMW X4,7,E01020709,0,-1
2020010279698,2020,010279698,1,9,0,99,99,9,9,99,99,9,9,99,9,99,2,9,6,6,1,36,7,2993,2,3,BMW X4,5,E01002202,0,-1
2020991000550,2020,991000550,1,9,0,7,7,1,5,0,0,1,0,0,0,0,3,1,2,2,1,55,8,1995,2,4,BMW X4,1,-1,0,-1
2020200942091,2020,200942091,2,9,0,1,1,2,6,0,0,0,0,0,0,0,4,1,6,6,1,34,6,2993,1,1,BMW X4,8,E01009949,0,-1
2020010237678,2020,010237678,1,9,0,99,99,9,9,99,99,9,9,99,9,99,2,9,6,6,2,43,7,1995,2,4,BMW X4,5,E01002489,0,-1
2020471009456,2020,471009456,2,9,0,3,3,3,7,0,0,0,0,0,0,0,2,1,5,6,1,59,9,2993,2,3,BMW X4,8,E01017000,0,-1
2020100918889,2020,100918889,3,9,0,18,19,4,4,0,0,0,0,0,0,0,1,1,2,2,1,51,8,2993,1,1,BMW X4,4,E01027433,0,-1
2020052000799,2020,052000799,5,9,0,18,19,5,1,0,0,0,0,0,0,0,1,1,2,2,1,48,8,2998,1,1,BMW X4,4,E01007153,0,-1
2020010262637,2020,010262637,2,9,0,18,19,8,4,0,0,0,0,0,0,0,1,1,6,6,1,27,6,2993,2,1,BMW X4,-1,-1,0,-1
2020450986369,2020,450986369,2,9,0,17,19,1,7,0,0,4,0,0,0,0,1,1,1,1,2,58,9,1995,2,5,BMW X4,8,E01002975,0,-1
2020010231298,2020,010231298,1,9,0,9,9,7,5,0,0,6,0,0,0,0,1,2,2,2,1,32,6,1995,2,5,BMW X4,3,E01000499,0,-1
2020137821649,2020,137821649,1,9,0,18,19,2,6,0,0,0,0,0,0,0,1,1,6,6,1,-1,-1,2993,2,1,BMW X4,-1,-1,0,-1
2020420998081,2020,420998081,2,9,0,18,19,7,3,0,0,0,1,0,0,0,2,1,5,6,1,29,6,2993,2,3,BMW X4,6,E01021562,0,-1
2020010258580,2020,010258580,1,9,0,4,4,3,7,0,0,0,0,0,0,0,2,1,6,6,1,51,8,2993,1,1,BMW X4,4,E01004418,0,-1
2020010275466,2020,010275466,2,9,0,99,99,9,9,99,99,9,9,99,9,99,1,9,6,6,3,-1,-1,1995,2,0,BMW X4,-1,-1,0,-1
2020010272891,2020,010272891,2,9,0,99,99,9,9,99,99,1,9,99,9,99,1,1,6,6,3,-1,-1,2993,2,5,BMW X4,-1,-1,0,-1
2020470972307,2020,470972307,1,9,0,5,5,5,8,0,0,8,0,0,0,0,1,1,6,6,1,59,9,2993,2,3,BMW X4,8,E01017000,0,-1
2020010276559,2020,010276559,3,9,0,4,4,5,1,1,1,1,0,0,0,0,1,1,6,6,2,40,7,1995,2,1,BMW X4,10,E01001121,0,-1
202006J177028,2020,06J177028,5,9,0,2,2,0,0,6,6,0,0,0,0,0,2,1,6,6,1,30,6,2993,2,3,BMW X4,-1,-1,0,-1
2020010274277,2020,010274277,1,9,0,10,10,5,2,0,0,1,0,0,0,0,1,2,6,6,2,41,7,2993,1,1,BMW X4,4,E01004765,0,-1
2020470997753,2020,470997753,2,9,0,18,19,4,8,0,0,1,0,0,0,0,1,1,2,2,2,49,8,2993,2,0,BMW X4,10,E01022596,0,-1
202063D014720,2020,63D014720,2,9,0,18,19,7,3,0,0,0,0,0,1,10,1,1,1,1,1,56,9,1995,2,1,BMW X4,7,W01000449,0,-1
2020052000318,2020,052000318,3,9,0,5,5,8,4,0,0,0,0,0,0,0,3,1,6,6,1,21,5,2993,2,4,BMW X4,1,E01006697,0,-1
2020010240060,2020,010240060,2,9,0,99,99,9,9,99,99,9,9,99,9,99,9,9,6,6,3,-1,-1,1598,1,7,CHEVROLET CRUZE,3,E01003352,0,-1
2020421004135,2020,421004135,2,9,0,3,3,5,1,0,0,1,0,0,0,0,2,1,5,6,1,26,6,1598,1,10,CHEVROLET CRUZE,4,E01026144,0,-1
2020400956025,2020,400956025,3,9,0,2,2,0,0,0,0,0,0,0,0,0,1,1,6,6,2,45,7,1686,2,8,CHEVROLET CRUZE,9,E01017556,0,-1
2020010246101,2020,010246101,1,9,0,9,9,8,6,0,0,5,0,0,0,0,2,1,1,1,1,44,7,1598,1,8,CHEVROLET CRUZE,2,E01000053,0,-1
2020200972414,2020,200972414,3,9,0,5,5,5,7,0,0,6,0,0,0,0,2,1,6,6,1,42,7,1796,1,8,CHEVROLET CRUZE,3,E01008930,0,-1
2020010275140,2020,010275140,1,9,0,18,19,7,3,0,0,1,0,0,0,0,1,1,6,6,1,24,5,1598,1,9,CHEVROLET CRUZE,2,E01004003,0,-1
2020520101459,2020,520101459,1,9,0,9,9,5,3,0,0,1,0,0,0,0,2,1,6,6,1,40,7,1998,2,8,CHEVROLET CRUZE,6,E01029266,0,-1
2020201005875,2020,201005875,1,9,0,9,9,7,5,0,0,5,0,0,0,0,3,1,2,2,2,38,7,1796,1,8,CHEVROLET CRUZE,1,E01010366,0,-1
2020010236850,2020,010236850,2,9,9,99,99,9,9,99,99,9,9,99,9,99,9,9,6,6,1,31,6,1686,2,7,CHEVROLET CRUZE,7,E01002474,0,-1
2020421005602,2020,421005602,2,9,0,18,19,1,5,0,0,0,0,0,0,0,1,1,6,6,1,51,8,1686,2,8,CHEVROLET CRUZE,9,E01015995,0,-1
2020010256519,2020,010256519,2,9,0,99,99,9,9,99,99,9,9,99,9,99,1,9,6,6,3,-1,-1,1598,1,9,CHEVROLET CRUZE,4,E01032715,0,-1
2020522100443,2020,522100443,2,9,0,3,3,1,3,0,0,5,0,0,0,0,2,1,6,6,1,37,7,1686,2,6,CHEVROLET CRUZE,3,E01014684,0,-1
2020140974754,2020,140974754,2,9,0,18,19,1,5,0,0,0,0,0,0,0,2,1,5,6,1,82,11,1598,1,9,CHEVROLET CRUZE,7,E01019812,0,-1
2020010268710,2020,010268710,1,9,0,7,7,3,6,0,0,0,0,0,1,0,2,1,6,6,1,30,6,1598,1,7,CHEVROLET CRUZE,2,E01000077,0,-1
2020010274229,2020,010274229,2,9,0,99,99,9,9,99,99,9,9,99,9,99,1,9,6,6,3,-1,-1,1598,1,8,CHEVROLET CRUZE,3,E01001688,0,-1
2020201002524,2020,201002524,2,9,0,18,19,8,4,0,0,8,0,10,7,11,1,1,6,6,1,38,7,1796,1,9,CHEVROLET CRUZE,1,E01009083,0,-1
2020401008003,2020,401008003,1,9,0,5,5,2,6,0,0,1,0,0,0,0,1,1,6,6,1,80,11,1796,1,11,CHEVROLET CRUZE,4,E01015755,0,-1
2020010259765,2020,010259765,1,9,0,18,19,3,7,0,0,1,0,0,0,0,3,1,6,6,1,24,5,1796,1,9,CHEVROLET CRUZE,6,E01003434,0,-1
2020200944512,2020,200944512,2,8,0,5,5,3,7,0,0,0,0,0,0,0,1,1,6,6,1,29,6,1598,1,9,-1,4,E01009284,0,-1
202006A373211,2020,06A373211,2,8,0,16,19,2,4,0,0,2,0,0,0,0,1,1,6,6,1,30,6,1991,2,10,-1,2,E01005338,0,-1
2020430241237,2020,430241237,1,9,0,3,3,6,2,0,0,0,0,0,0,0,2,1,6,6,1,47,8,1686,2,7,CHEVROLET CRUZE,10,E01016586,0,-1
2020471002799,2020,471002799,1,9,0,5,5,2,6,0,0,4,0,0,0,0,1,1,5,6,1,25,5,1598,1,9,CHEVROLET CRUZE,7,E01031417,0,-1
2020500933823,2020,500933823,1,9,0,5,5,1,5,0,0,8,0,0,0,0,3,1,5,6,1,47,8,1997,2,14,-1,8,E01015128,0,-1
2020200980074,2020,200980074,2,9,0,18,19,-1,-1,0,0,0,0,0,0,0,1,1,6,6,2,-1,-1,1997,2,13,-1,2,E01009623,0,-1
2020430203058,2020,430203058,2,9,0,18,19,2,6,0,0,8,0,0,0,0,1,1,6,6,1,-1,-1,1997,2,12,-1,-1,-1,0,-1
2020010279340,2020,010279340,1,9,0,9,9,1,7,0,0,8,0,0,0,0,3,1,6,6,1,41,7,1997,1,13,-1,3,E01004259,0,-1
2020010264550,2020,010264550,1,9,0,9,9,7,5,0,0,1,0,0,0,0,0,1,6,6,1,62,9,1997,2,14,-1,3,E01002079,0,-1
2020370940526,2020,370940526,2,9,0,2,2,0,0,0,0,0,0,0,0,0,2,1,3,7,2,-1,-1,1997,2,13,-1,4,E01030108,0,-1
2020210999386,2020,210999386,1,9,0,18,19,8,4,0,0,0,0,0,0,0,1,1,3,7,2,41,7,1997,2,15,-1,1,E01014223,0,-1
2020010237081,2020,010237081,2,9,9,15,15,1,5,0,0,0,0,99,0,0,9,1,6,6,3,-1,-1,1997,2,15,-1,-1,-1,0,-1
2020010238244,2020,010238244,1,9,0,99,99,9,9,0,0,8,0,0,0,0,9,1,-1,-1,3,-1,-1,2179,2,15,-1,-1,-1,0,-1
2020210934612,2020,210934612,2,21,0,18,19,4,8,0,0,0,0,0,1,4,1,1,1,1,1,69,10,-1,2,29,-1,4,E01029797,0,-1
2020340D03222,2020,340D03222,1,98,0,9,9,3,1,0,0,1,0,0,0,0,0,2,6,6,1,30,6,2544,4,11,-1,8,E01027026,0,-1
2020371013893,2020,371013893,1,9,0,9,9,1,7,0,0,8,0,0,0,0,4,1,5,6,2,52,8,2199,2,9,HONDA ACCORD,9,E01030183,0,-1
2020501001815,2020,501001815,1,9,0,17,19,6,2,0,0,0,2,0,0,0,1,1,5,6,1,53,8,1998,1,17,HONDA ACCORD,10,E01020210,0,-1
2020552000918,2020,552000918,1,9,0,18,19,2,6,0,0,0,1,0,7,11,1,1,1,1,1,23,5,1997,1,21,HONDA ACCORD,8,E01020344,0,-1
2020010275461,2020,010275461,1,9,0,3,3,8,4,0,0,1,0,0,0,0,2,1,6,6,1,73,10,1998,1,15,HONDA ACCORD,6,E01003366,0,-1
2020010263411,2020,010263411,2,9,0,18,19,8,4,0,0,0,0,0,0,0,0,1,6,6,1,56,9,2354,1,12,HONDA ACCORD,2,E01001943,0,-1
2020200933839,2020,200933839,1,9,0,18,19,7,3,0,0,4,0,0,0,0,1,1,6,6,1,-1,-1,1998,1,17,HONDA ACCORD,-1,-1,0,-1
2020460956271,2020,460956271,1,9,0,16,19,-1,-1,0,0,0,0,0,0,0,1,1,6,6,1,31,6,2199,2,11,HONDA ACCORD,5,E01024283,0,-1
2020010275174,2020,010275174,2,9,0,18,19,3,7,0,0,9,0,0,0,0,9,9,6,6,3,-1,-1,1998,1,16,HONDA ACCORD,-1,-1,0,-1
2020010267311,2020,010267311,2,9,0,99,99,9,9,99,99,1,9,99,9,99,1,9,6,6,3,-1,-1,2204,2,13,HONDA ACCORD,-1,-1,0,-1
2020401008003,2020,401008003,2,9,0,5,5,8,4,0,0,1,0,0,0,0,1,1,6,6,1,40,7,2204,2,13,HONDA ACCORD,2,E01015794,0,-1
2020542933720,2020,542933720,1,9,0,18,19,7,3,0,0,8,0,0,0,0,1,1,6,6,2,84,11,1998,1,13,HONDA ACCORD,9,E01032061,0,-1
202006A271023,2020,06A271023,1,9,0,9,9,6,3,0,0,5,0,0,0,0,1,1,2,2,1,77,11,1997,1,18,HONDA ACCORD,1,E01005061,0,-1
2020070126390,2020,070126390,1,9,0,18,19,8,4,0,0,0,0,0,0,0,1,1,3,7,1,60,9,1850,1,21,HONDA ACCORD,2,E01018710,0,-1
2020230996233,2020,230996233,2,9,0,18,19,8,4,0,0,0,1,0,7,0,1,1,2,2,1,38,7,2199,2,8,HONDA ACCORD,5,E01032238,0,-1
2020340D07782,2020,340D07782,4,9,0,18,19,1,5,0,0,0,0,0,0,0,1,1,6,6,1,60,9,1997,1,20,HONDA ACCORD,2,E01013657,0,-1
2020140970761,2020,140970761,2,9,0,9,9,3,1,0,0,6,0,0,0,0,1,1,5,6,1,33,6,1997,1,9,HONDA ACCORD,5,E01008139,0,-1
2020420944321,2020,420944321,1,9,0,18,19,7,3,0,0,0,0,0,0,0,1,1,5,6,1,29,6,1998,1,16,HONDA ACCORD,6,E01024161,0,-1
2020200957541,2020,200957541,1,8,0,18,19,8,4,0,0,4,0,0,0,0,1,1,1,1,1,32,6,2354,7,15,-1,1,E01009083,0,-1
2020010283238,2020,010283238,1,9,0,8,8,6,8,0,0,1,0,0,0,0,0,1,6,6,1,53,8,2204,2,13,HONDA ACCORD,9,E01001020,0,-1
2020160928113,2020,160928113,1,9,0,17,19,8,6,0,0,0,1,0,2,7,1,1,1,1,1,25,5,1998,1,13,HONDA ACCORD,4,E01011597,0,-1
2020440470788,2020,440470788,1,9,0,18,19,4,8,0,0,0,0,0,1,4,1,1,6,6,1,55,8,1998,1,14,HONDA ACCORD,10,E01023181,0,-1
2020010232646,2020,010232646,1,9,0,18,19,3,7,0,0,0,0,0,0,0,1,1,6,6,1,71,10,1997,1,18,HONDA ACCORD,3,E01001154,0,-1
2020010246802,2020,010246802,1,9,0,13,13,5,1,0,0,1,1,10,3,10,1,1,6,6,1,16,4,1997,1,16,HONDA ACCORD,2,E01003731,0,-1
2020610001220,2020,610001220,3,9,0,2,2,0,0,0,0,1,0,0,0,0,2,1,6,6,1,-1,-1,2204,2,16,HONDA ACCORD,3,W01001676,0,-1
2020440084258,2020,440084258,1,9,0,16,19,1,5,0,0,0,0,0,0,0,1,1,6,6,1,31,6,2204,2,13,HONDA ACCORD,9,E01022533,0,-1
2020522005017,2020,522005017,1,9,0,18,19,1,5,0,0,2,0,0,0,0,1,1,6,6,3,30,6,2997,1,20,HONDA ACCORD,-1,-1,0,-1
2020010246432,2020,010246432,1,9,0,6,6,7,7,0,0,0,0,0,1,10,1,1,6,6,1,68,10,1997,1,16,HONDA ACCORD,8,E01000569,0,-1
2020350972931,2020,350972931,1,9,0,18,19,5,1,0,0,0,0,0,1,0,1,1,5,6,1,96,11,1850,1,21,HONDA ACCORD,7,E01015683,0,-1
2020010246107,2020,010246107,2,9,0,18,19,8,4,0,0,0,0,0,0,0,1,1,6,6,1,36,7,2204,2,16,HONDA ACCORD,-1,-1,0,-1
2020370981820,2020,370981820,1,9,0,18,19,2,6,0,0,0,1,0,0,0,3,1,1,1,1,27,6,2354,1,16,HONDA ACCORD,6,E01029925,0,-1
202006K373439,2020,06K373439,1,9,0,18,19,4,8,0,0,8,0,0,0,0,1,1,6,6,1,20,4,1998,1,17,HONDA ACCORD,-1,-1,0,-1
2020460941235,2020,460941235,2,9,0,3,3,8,3,0,0,3,0,0,0,0,2,1,5,6,2,43,7,1997,1,12,HONDA ACCORD,3,E01024264,0,-1
2020010252572,2020,010252572,1,9,0,13,13,4,8,0,0,0,0,4,0,0,1,1,6,6,1,28,6,1997,1,8,HONDA ACCORD,2,E01004283,0,-1
2020530990741,2020,530990741,2,9,0,16,19,7,3,0,0,0,0,0,0,0,1,1,5,6,2,54,8,2204,2,13,HONDA ACCORD,7,E01022215,0,-1
2020500951707,2020,500951707,2,9,0,18,19,7,4,0,0,1,0,0,0,0,1,1,6,6,1,35,6,2199,2,12,HONDA ACCORD,-1,-1,0,-1
2020430163664,2020,430163664,1,9,0,18,19,7,3,0,0,8,0,0,0,0,1,1,6,6,1,67,10,1998,1,17,HONDA ACCORD,7,E01017800,0,-1
2020471004820,2020,471004820,2,9,0,18,19,8,4,0,0,0,0,0,0,0,1,1,6,6,2,28,6,2204,2,14,HONDA ACCORD,10,E01031689,0,-1
2020340D01212,2020,340D01212,2,9,0,18,19,3,7,0,0,2,1,10,1,0,2,1,2,2,2,51,8,1997,1,19,HONDA ACCORD,-1,-1,0,-1
2020110940910,2020,110940910,2,9,0,3,3,1,3,0,0,1,0,0,0,0,2,1,5,6,2,52,8,2254,1,18,HONDA ACCORD,3,E01020811,0,-1
2020010250908,2020,010250908,3,9,0,99,99,9,9,99,99,9,9,99,9,99,9,9,6,6,3,-1,-1,2204,2,13,HONDA ACCORD,3,E01001366,0,-1
2020200942607,2020,200942607,1,9,0,18,19,2,6,0,0,8,1,0,0,0,1,1,6,6,1,26,6,2204,2,15,HONDA ACCORD,2,E01009751,0,-1
2020010229069,2020,010229069,1,9,0,9,9,2,8,0,0,6,0,0,0,0,4,1,6,6,1,36,7,2204,2,14,HONDA ACCORD,8,E01003471,0,-1
2020010251653,2020,010251653,1,9,0,99,99,9,9,99,99,9,9,99,9,99,3,9,6,6,1,53,8,1998,1,17,HONDA ACCORD,5,E01000469,0,-1
2020040993062,2020,040993062,1,9,0,5,5,5,3,0,0,0,0,0,0,0,0,1,5,6,1,65,9,2204,2,13,HONDA ACCORD,9,E01025436,0,-1
2020070744830,2020,070744830,1,9,0,18,19,4,8,0,0,1,0,0,0,0,1,1,2,2,1,39,7,2199,2,12,HONDA ACCORD,4,E01018343,0,-1
2020122001257,2020,122001257,1,9,0,18,19,5,1,0,0,4,0,0,0,0,1,1,6,6,1,76,11,2199,2,5,HONDA ACCORD,5,E01013384,0,-1
2020230929108,2020,230929108,1,9,0,18,19,1,5,0,0,8,0,0,0,0,1,1,5,6,1,32,6,2204,2,14,HONDA ACCORD,6,E01031022,0,-1
2020440259581,2020,440259581,1,9,0,9,9,5,3,0,0,3,0,0,0,0,3,1,6,6,1,47,8,1998,1,14,HONDA ACCORD,2,E01017133,0,-1
2020070599116,2020,070599116,1,9,0,17,19,6,4,0,0,8,0,0,0,0,1,1,6,6,1,58,9,2204,2,14,HONDA ACCORD,6,E01018736,0,-1
2020410968236,2020,410968236,2,9,0,18,19,2,2,0,0,1,0,0,0,0,3,1,5,6,1,33,6,2199,2,11,HONDA ACCORD,7,E01023434,0,-1
20201379P1169,2020,1379P1169,2,9,0,18,19,3,7,0,0,0,0,0,0,0,4,1,1,1,1,43,7,1997,1,8,HONDA ACCORD,5,E01011441,0,-1
2020440014214,2020,440014214,2,9,0,4,4,3,7,0,0,8,0,0,0,0,2,1,6,6,1,48,8,1998,1,14,HONDA ACCORD,7,E01023225,0,-1
2020410955021,2020,410955021,2,9,0,18,19,6,2,0,0,1,0,0,0,0,2,1,5,6,1,-1,-1,1998,1,17,HONDA ACCORD,6,E01017832,0,-1
2020520100193,2020,520100193,2,9,0,2,2,0,0,0,0,0,0,0,0,0,0,1,6,6,1,53,8,2204,2,13,HONDA ACCORD,5,E01029230,0,-1
2020450999842,2020,450999842,1,9,0,9,9,3,1,0,0,6,0,0,0,0,1,1,5,6,1,71,10,1997,1,18,HONDA ACCORD,5,E01030719,0,-1
202006K176858,2020,06K176858,1,9,0,18,19,5,1,0,0,8,0,0,0,0,4,1,6,6,1,62,9,2199,2,8,HONDA ACCORD,9,E01004837,0,-1
2020350984374,2020,350984374,1,9,0,3,3,1,5,0,0,1,0,0,0,0,1,1,6,6,2,33,6,2204,2,16,HONDA ACCORD,5,E01026266,0,-1
2020522002309,2020,522002309,3,9,0,2,2,0,0,0,0,2,0,0,0,0,4,1,6,6,3,-1,-1,2204,2,13,HONDA ACCORD,-1,-1,0,-1
2020010254846,2020,010254846,2,9,0,99,99,9,9,99,99,9,9,99,9,99,1,9,6,6,3,61,9,1998,1,15,HONDA ACCORD,3,E01003723,0,-1
2020010278514,2020,010278514,2,9,9,99,99,9,9,99,99,9,9,99,9,99,9,9,6,6,1,31,6,1998,1,13,HONDA ACCORD,3,E01004443,0,-1
2020990959615,2020,990959615,2,9,0,5,5,1,5,0,0,8,0,0,0,0,1,1,5,6,1,53,8,2204,2,12,HONDA ACCORD,10,-1,0,-1
2020500946261,2020,500946261,2,9,0,18,19,3,7,0,0,0,0,0,1,0,1,1,2,2,1,64,9,1998,1,14,HONDA ACCORD,10,E01020042,0,-1
2020010274758,2020,010274758,1,9,0,99,99,9,9,99,99,9,9,99,9,99,9,9,6,6,1,46,8,2354,1,16,HONDA ACCORD,5,E01015700,0,-1
2020320401702,2020,320401702,1,9,0,18,19,7,3,0,0,0,1,0,0,0,1,1,6,6,1,28,6,2354,1,17,HONDA ACCORD,5,E01026145,0,-1
2020500921849,2020,500921849,1,9,0,18,19,7,3,0,0,0,0,4,0,0,1,1,6,6,2,39,7,1850,1,21,HONDA ACCORD,2,E01020211,0,-1
2020010235624,2020,010235624,1,9,0,3,3,7,3,0,0,1,9,0,0,0,2,9,6,6,1,46,8,2354,1,13,HONDA ACCORD,4,E01033745,0,-1
2020350946023,2020,350946023,1,9,0,18,19,7,3,0,0,7,0,0,0,0,1,1,6,6,2,36,7,2199,2,11,HONDA ACCORD,5,E01033180,0,-1
2020010229343,2020,010229343,2,9,0,18,19,5,1,0,0,2,0,0,0,0,1,1,6,6,2,35,6,2354,1,14,HONDA ACCORD,9,E01000409,0,-1
2020450980399,2020,450980399,2,9,0,5,5,5,3,0,0,6,0,0,0,0,3,1,5,6,1,54,8,1998,1,16,HONDA ACCORD,10,E01030526,0,-1
2020460986834,2020,460986834,1,9,0,18,19,4,2,0,0,1,0,0,1,2,1,1,6,6,1,27,6,2157,1,21,HONDA ACCORD,2,E01024374,0,-1
2020040932479,2020,040932479,2,9,0,18,19,7,3,0,0,0,0,0,1,1,1,1,6,6,1,44,7,2204,2,15,HONDA ACCORD,1,E01012574,0,-1
2020547844020,2020,547844020,1,9,0,15,15,6,2,0,0,0,0,0,0,0,1,1,6,6,1,33,6,1997,1,11,HONDA ACCORD,6,E01015555,0,-1
2020990961071,2020,990961071,2,9,0,18,19,1,5,0,0,8,0,0,0,0,1,1,5,6,1,67,10,1998,1,17,HONDA ACCORD,9,-1,0,-1
2020430250836,2020,430250836,2,9,0,18,19,2,6,0,0,8,2,0,7,4,1,1,2,2,1,38,7,2204,2,13,HONDA ACCORD,4,E01032936,0,-1
2020470968971,2020,470968971,1,9,0,18,19,5,1,0,0,0,0,0,0,0,1,1,5,6,1,27,6,2354,1,17,HONDA ACCORD,4,E01031788,0,-1
2020010280525,2020,010280525,1,9,0,10,10,2,7,0,0,1,0,0,0,0,4,1,6,6,2,49,8,1997,1,12,HONDA ACCORD,5,E01000911,0,-1
2020320619873,2020,320619873,1,9,0,18,19,2,8,0,0,1,0,0,0,0,1,1,6,6,1,50,8,2199,2,11,HONDA ACCORD,5,E01026027,0,-1
2020100995257,2020,100995257,1,9,0,18,19,7,3,0,0,8,0,0,0,0,1,1,6,6,1,35,6,2204,2,13,HONDA ACCORD,-1,-1,0,-1
2020210994046,2020,210994046,2,9,0,18,19,1,6,0,0,0,0,0,0,0,2,1,6,6,1,48,8,1998,1,16,HONDA ACCORD,1,E01010486,0,-1
2020450955820,2020,450955820,2,9,0,18,19,5,1,0,0,8,0,0,0,0,1,1,2,2,1,28,6,2199,2,12,HONDA ACCORD,3,E01003348,0,-1
2020420932726,2020,420932726,2,9,0,18,19,3,7,0,0,0,1,0,0,0,3,1,6,6,2,58,9,2254,1,18,HONDA ACCORD,4,E01016008,0,-1
2020010257894,2020,010257894,1,9,0,18,19,3,7,9,9,8,0,0,0,0,1,1,6,6,1,20,4,1850,1,20,HONDA ACCORD,7,E01000118,0,-1
2020040947925,2020,040947925,1,9,0,5,5,5,7,0,0,1,0,0,0,0,1,1,6,6,1,73,10,2204,2,16,HONDA ACCORD,1,E01024940,0,-1
2020200981905,2020,200981905,1,9,0,17,19,8,5,0,0,0,0,10,7,3,1,1,1,1,1,24,5,2199,2,11,HONDA ACCORD,2,E01009980,0,-1
2020552000346,2020,552000346,2,9,0,9,9,8,7,0,0,6,0,0,0,0,4,1,6,6,2,53,8,2199,2,7,HONDA ACCORD,4,E01015365,0,-1
2020010286573,2020,010286573,1,9,0,99,99,9,9,99,99,2,9,99,9,99,1,9,6,6,2,27,6,2354,1,16,HONDA ACCORD,8,E01002348,0,-1
2020010243783,2020,010243783,3,9,0,2,2,0,0,0,0,1,0,0,0,0,2,1,6,6,3,-1,-1,1998,1,15,HONDA ACCORD,-1,-1,0,-1
2020010264804,2020,010264804,1,9,0,3,3,3,7,0,0,1,0,0,0,0,2,1,6,6,2,31,6,1998,1,13,HONDA ACCORD,3,E01000630,0,-1
202031C031420,2020,31C031420,2,9,0,18,19,4,8,0,0,0,0,0,0,0,4,1,6,6,1,26,6,1599,1,42,HONDA ACCORD,1,E01013820,0,-1