collision_index,collision_year,collision_ref_no,vehicle_reference,vehicle_type,towing_and_articulation,vehicle_manoeuvre_historic,vehicle_manoeuvre,vehicle_direction_from,vehicle_direction_to,vehicle_location_restricted_lane_historic,vehicle_location_restricted_lane,junction_location,skidding_and_overturning,hit_object_in_carriageway,vehicle_leaving_carriageway,hit_object_off_carriageway,first_point_of_impact,vehicle_left_hand_drive,journey_purpose_of_driver_historic,journey_purpose_of_driver,sex_of_driver,age_of_driver,age_band_of_driver,engine_capacity_cc,propulsion_code,age_of_vehicle,generic_make_model,driver_imd_decile,lsoa_of_driver,escooter_flag,driver_distance_banding
202006Q174087,2020,06Q174087,1,9,0,18,19,1,5,0,0,0,0,0,0,0,1,1,6,6,3,-1,-1,2199,2,11,HONDA ACCORD,-1,-1,0,-1
2020370989057,2020,370989057,2,9,0,18,19,3,7,0,0,8,0,0,7,0,3,1,5,6,1,74,10,1850,1,20,HONDA ACCORD,3,E01029888,0,-1
2020200994614,2020,200994614,2,9,0,2,2,0,0,0,0,0,0,0,0,0,3,1,6,6,3,-1,-1,2199,2,11,HONDA ACCORD,-1,-1,0,-1
2020010263940,2020,010263940,1,9,0,7,7,1,2,0,0,1,0,0,1,0,1,1,6,6,1,46,8,1997,1,10,HONDA ACCORD,3,E01003618,0,-1
2020200962711,2020,200962711,3,8,0,2,2,0,0,0,0,8,0,0,0,0,3,1,6,6,1,-1,-1,2199,2,11,-1,-1,-1,0,-1
2020351003282,2020,351003282,2,9,0,4,4,2,6,0,0,0,0,0,0,0,2,1,5,6,1,71,10,1997,1,18,HONDA ACCORD,8,E01018224,0,-1
2020990920137,2020,990920137,1,9,0,9,9,4,3,0,0,2,0,0,0,0,0,1,6,6,2,53,8,1998,1,17,HONDA ACCORD,4,-1,0,-1
2020460930749,2020,460930749,1,9,0,18,19,1,5,0,0,0,0,0,1,0,1,1,5,6,1,72,10,2199,2,11,HONDA ACCORD,1,E01024666,0,-1
2020010259042,2020,010259042,1,9,0,9,9,3,8,0,0,5,0,0,0,0,1,1,2,2,1,29,6,2199,2,9,HONDA ACCORD,2,E01000992,0,-1
2020040978214,2020,040978214,1,9,0,13,13,6,2,0,0,0,0,0,0,0,4,1,5,6,1,84,11,2204,2,13,HONDA ACCORD,9,E01007068,0,-1
2020320583360,2020,320583360,1,9,0,18,19,1,5,0,0,0,0,0,0,0,4,1,1,1,1,53,8,1998,1,17,HONDA ACCORD,5,E01026266,0,-1
2020201000703,2020,201000703,1,9,0,18,19,4,8,0,0,0,0,0,0,0,1,1,6,6,1,49,8,2204,2,13,HONDA ACCORD,1,E01010415,0,-1
2020010285643,2020,010285643,3,9,0,18,19,1,5,0,0,8,0,0,0,0,2,1,6,6,1,49,8,1998,1,15,HONDA ACCORD,7,E01021344,0,-1
2020420981153,2020,420981153,2,9,0,10,10,3,7,0,0,1,0,0,0,0,2,1,1,1,1,56,9,1850,1,19,HONDA ACCORD,4,E01021688,0,-1
2020040925324,2020,040925324,2,9,0,3,3,3,7,0,0,0,0,0,1,0,1,1,1,1,1,37,7,1997,1,19,HONDA ACCORD,1,E01025171,0,-1
2020340N00122,2020,340N00122,1,9,0,18,19,7,3,0,0,8,0,0,0,0,3,1,6,6,1,34,6,1998,1,17,HONDA ACCORD,4,E01027315,0,-1
2020200987989,2020,200987989,2,9,0,2,2,0,0,9,9,0,0,0,0,0,2,1,1,1,1,51,8,1997,1,9,HONDA ACCORD,2,E01010363,0,-1
2020010232663,2020,010232663,2,9,0,18,19,-1,-1,0,0,0,0,0,0,0,1,1,6,6,1,47,8,2354,1,12,HONDA ACCORD,8,E01003812,0,-1
202031B127420,2020,31B127420,2,9,0,18,19,1,5,0,0,8,0,0,0,0,3,1,6,6,1,25,5,2204,2,12,HONDA ACCORD,6,E01028043,0,-1
202006J168757,2020,06J168757,2,9,0,4,4,4,8,0,0,1,0,0,0,0,2,1,6,6,1,42,7,1998,1,13,HONDA ACCORD,4,E01005798,0,-1
2020370952382,2020,370952382,1,9,0,18,19,6,2,0,0,0,1,0,6,0,1,1,2,2,1,27,6,1850,1,18,HONDA ACCORD,8,E01026470,0,-1
2020040945466,2020,040945466,2,9,0,16,19,7,3,0,0,3,0,0,0,0,1,1,1,1,1,40,7,2199,2,12,HONDA ACCORD,3,E01012644,0,-1
2020201001626,2020,201001626,3,9,0,2,2,0,0,0,0,2,0,0,0,0,3,1,6,6,3,-1,-1,1998,1,13,HONDA ACCORD,-1,-1,0,-1
2020622000791,2020,622000791,1,9,0,18,19,5,2,0,0,0,0,0,0,0,1,1,6,6,1,61,9,2204,2,15,HONDA ACCORD,10,W01001090,0,-1
2020010232885,2020,010232885,1,9,0,18,19,3,7,0,0,2,0,0,0,0,1,1,6,6,1,69,10,1998,1,12,HONDA ACCORD,3,E01024307,0,-1
2020010255422,2020,010255422,1,9,0,18,19,7,3,0,0,0,0,0,0,0,4,1,6,6,1,37,7,1997,1,18,HONDA ACCORD,3,E01002130,0,-1
2020137AN1913,2020,137AN1913,1,9,0,16,19,2,5,0,0,0,2,0,1,9,1,1,6,6,1,21,5,2157,1,21,HONDA ACCORD,4,E01007329,0,-1
2020010246143,2020,010246143,1,9,0,99,99,9,9,0,0,0,0,0,0,0,2,1,2,2,1,40,7,1850,1,19,HONDA ACCORD,9,E01030718,0,-1
2020461001699,2020,461001699,2,9,0,3,3,5,1,0,0,0,0,0,0,0,2,1,3,7,2,35,6,2199,2,9,HONDA ACCORD,2,E01016062,0,-1
2020370989961,2020,370989961,1,9,0,18,19,3,7,0,0,1,0,0,0,0,1,1,1,1,1,32,6,1997,1,16,HONDA ACCORD,8,E01033047,0,-1
2020552001216,2020,552001216,1,9,0,12,12,2,6,0,0,1,0,0,0,0,3,1,3,7,1,33,6,2354,1,17,HONDA ACCORD,-1,-1,0,-1
2020340D03932,2020,340D03932,1,9,0,18,19,1,5,0,0,0,0,0,0,0,1,1,6,6,1,69,10,2354,1,14,HONDA ACCORD,9,E01027014,0,-1
2020230989594,2020,230989594,2,9,0,3,3,4,8,0,0,1,0,0,0,0,2,1,5,6,2,32,6,1997,1,18,HONDA ACCORD,9,E01022212,0,-1
2020302000838,2020,302000838,2,9,0,9,9,8,5,0,0,6,0,0,0,0,3,1,6,6,1,-1,-1,2204,2,14,HONDA ACCORD,3,E01000577,0,-1
2020100988963,2020,100988963,3,9,0,3,3,1,5,0,0,0,0,0,0,0,2,1,5,6,1,41,7,1997,1,8,HONDA ACCORD,3,E01032648,0,-1
2020137391759,2020,137391759,1,9,0,9,9,8,6,0,0,8,1,0,1,3,1,1,6,6,1,31,6,2204,2,13,HONDA ACCORD,1,E01010842,0,-1
2020220957897,2020,220957897,2,9,0,18,19,2,6,0,0,8,1,10,7,11,1,1,5,6,1,20,4,1997,1,18,HONDA ACCORD,4,E01032479,0,-1
2020070790781,2020,070790781,1,9,0,4,4,4,8,0,0,1,1,0,0,0,1,1,2,2,1,39,7,2199,2,12,HONDA ACCORD,10,E01018346,0,-1
2020401004907,2020,401004907,2,9,0,4,4,-1,-1,0,0,0,0,0,0,0,2,1,6,6,1,38,7,1998,1,11,HONDA ACCORD,2,E01003540,0,-1
2020040952998,2020,040952998,2,9,0,18,19,1,5,0,0,8,0,0,0,0,3,1,1,1,1,32,6,2199,2,11,HONDA ACCORD,2,E01012742,0,-1
2020470932690,2020,470932690,1,9,0,9,9,5,3,0,0,8,0,0,0,0,1,1,2,2,2,62,9,1998,1,16,HONDA ACCORD,10,E01031828,0,-1
2020010238546,2020,010238546,1,9,0,7,7,8,3,0,0,3,0,0,0,0,1,1,6,6,1,69,10,1998,1,17,HONDA ACCORD,2,E01002316,0,-1
2020231038041,2020,231038041,1,9,0,18,19,4,8,0,0,0,0,0,0,0,1,1,5,6,1,38,7,2199,2,10,HONDA ACCORD,7,E01032892,0,-1
2020030932177,2020,030932177,1,9,0,18,19,4,8,0,0,0,1,0,0,0,1,1,5,6,2,85,11,1997,1,16,HONDA ACCORD,10,E01019341,0,-1
2020370944279,2020,370944279,1,9,0,18,19,5,1,0,0,0,0,0,0,0,0,1,5,6,1,22,5,1850,1,22,HONDA ACCORD,-1,-1,0,-1
2020010283135,2020,010283135,1,9,0,99,99,9,9,99,99,9,9,99,9,99,9,9,6,6,1,35,6,2199,2,10,HONDA ACCORD,7,E01000983,0,-1
2020010266008,2020,010266008,2,9,0,18,19,5,1,0,0,4,0,0,0,0,1,1,6,6,2,50,8,1850,1,19,HONDA ACCORD,3,E01003581,0,-1
2020522003235,2020,522003235,1,9,0,18,19,3,7,0,0,8,0,0,0,0,1,1,6,6,3,-1,-1,2204,2,14,HONDA ACCORD,-1,-1,0,-1
2020320104534,2020,320104534,2,9,0,5,5,5,7,0,0,6,0,0,0,0,1,1,6,6,1,40,7,2204,2,14,HONDA ACCORD,7,E01026029,0,-1
202031D029520,2020,31D029520,1,9,0,18,19,6,2,0,0,6,0,0,3,0,1,1,6,6,1,26,6,2204,2,14,HONDA ACCORD,5,E01027943,0,-1
2020460983618,2020,460983618,1,9,0,18,19,1,5,0,0,1,0,0,0,0,1,1,6,6,1,65,9,2199,2,8,HONDA ACCORD,4,E01016143,0,-1
2020200992068,2020,200992068,2,9,0,18,19,-1,-1,0,0,0,0,0,0,0,2,1,6,6,1,26,6,1998,1,17,HONDA ACCORD,5,E01029470,0,-1
2020010243783,2020,010243783,1,9,0,18,19,1,5,0,0,2,1,4,0,0,1,1,6,6,1,43,7,2199,2,11,HONDA ACCORD,6,E01001254,0,-1
2020010280390,2020,010280390,2,9,0,4,4,4,8,0,0,0,0,0,0,0,2,1,2,2,1,59,9,1998,1,13,HONDA ACCORD,6,E01001034,0,-1
2020040987062,2020,040987062,3,9,0,18,19,7,1,0,0,0,0,0,0,0,4,1,5,6,2,34,6,1998,1,14,HONDA ACCORD,3,E01025376,0,-1
2020430284707,2020,430284707,1,9,0,18,19,5,1,0,0,0,2,0,7,0,0,1,6,6,1,20,4,1850,1,20,HONDA ACCORD,8,E01027290,0,-1
2020450954266,2020,450954266,1,9,0,18,19,1,5,0,0,0,0,0,1,4,1,1,6,6,1,70,10,2354,1,15,HONDA ACCORD,10,E01000666,0,-1
2020010266860,2020,010266860,1,9,0,9,9,7,5,0,0,1,0,0,0,0,1,1,6,6,2,81,11,1997,1,19,HONDA ACCORD,8,E01000540,0,-1
2020231007679,2020,231007679,1,9,0,18,19,2,6,0,0,0,0,0,0,0,1,1,5,6,1,40,7,2199,2,9,HONDA ACCORD,5,E01009647,0,-1
2020351010841,2020,351010841,2,9,0,16,19,2,5,0,0,1,0,10,1,11,1,1,6,6,2,29,6,2204,2,14,HONDA ACCORD,5,E01018069,0,-1
2020501015662,2020,501015662,1,9,0,17,19,1,5,0,0,8,0,0,1,1,1,1,5,6,1,69,10,2204,2,14,HONDA ACCORD,4,E01020305,0,-1
2020010240526,2020,010240526,1,9,0,18,19,3,7,0,0,1,0,0,0,0,1,1,2,2,1,36,7,2204,2,16,HONDA ACCORD,5,E01000516,0,-1
2020990994795,2020,990994795,2,9,0,17,19,4,8,0,0,0,0,0,1,0,1,1,5,6,1,30,6,2199,2,9,HONDA ACCORD,7,-1,0,-1
2020990998853,2020,990998853,1,9,0,16,19,8,4,0,0,0,5,0,1,4,4,1,5,6,1,30,6,1998,1,13,HONDA ACCORD,2,-1,0,-1
202006K273161,2020,06K273161,5,9,0,2,2,0,0,6,6,1,0,4,0,0,2,1,6,6,1,57,9,1850,1,18,HONDA ACCORD,1,E01004839,0,-1
2020350957180,2020,350957180,1,9,0,1,1,5,3,8,6,0,0,0,0,0,2,1,5,6,1,37,7,2204,2,14,HONDA ACCORD,1,E01017502,0,-1
2020010273115,2020,010273115,3,9,0,9,9,3,1,0,0,5,0,0,0,0,3,1,2,2,1,57,9,1997,1,10,HONDA ACCORD,-1,-1,0,-1
2020440062580,2020,440062580,1,9,0,18,19,1,5,0,0,8,0,0,0,0,1,1,6,6,1,36,7,1998,1,17,HONDA ACCORD,4,E01017074,0,-1
2020340K05772,2020,340K05772,1,9,0,15,15,3,7,0,0,0,0,0,0,0,1,1,6,6,1,41,7,1997,1,16,HONDA ACCORD,8,E01027097,0,-1
2020332000132,2020,332000132,1,9,0,18,19,6,2,0,0,4,0,0,0,0,1,1,2,2,1,53,8,2354,1,17,HONDA ACCORD,2,E01013639,0,-1
2020410929826,2020,410929826,1,9,0,5,5,4,2,0,0,6,0,0,0,0,1,1,5,6,1,83,11,1998,1,12,HONDA ACCORD,4,E01023302,0,-1
2020201000268,2020,201000268,1,9,0,18,19,8,4,0,0,8,0,0,0,0,1,1,6,6,1,49,8,2204,2,13,HONDA ACCORD,8,E01009578,0,-1
202006A372500,2020,06A372500,1,9,0,18,19,8,4,0,0,8,0,0,0,0,1,1,6,6,1,44,7,2204,2,14,HONDA ACCORD,2,E01005222,0,-1
2020010278359,2020,010278359,4,9,9,99,99,9,9,99,99,9,9,99,9,99,9,9,6,6,3,-1,-1,1997,1,18,HONDA ACCORD,1,E01002751,0,-1
2020010289405,2020,010289405,1,9,0,99,99,9,9,0,0,6,0,0,0,0,4,9,6,6,2,44,7,2204,2,14,HONDA ACCORD,6,E01002678,0,-1
2020332000239,2020,332000239,3,9,0,18,19,1,5,0,0,2,0,0,0,0,1,1,6,6,1,32,6,2199,2,11,HONDA ACCORD,2,E01013776,0,-1
2020010260437,2020,010260437,1,9,0,5,5,5,1,0,0,4,0,0,0,0,1,1,6,6,1,62,9,1998,1,14,HONDA ACCORD,3,E01001638,0,-1
2020010278191,2020,010278191,1,9,0,18,19,4,8,0,0,0,0,7,0,0,1,1,6,6,1,31,6,1997,1,16,HONDA ACCORD,1,E01001483,0,-1
2020470955728,2020,470955728,2,9,0,18,19,4,8,0,0,0,0,0,0,0,2,1,6,6,1,53,8,1850,1,21,HONDA ACCORD,6,E01031499,0,-1
2020520002490,2020,520002490,1,9,0,4,4,2,6,0,0,4,0,0,0,0,2,1,6,6,3,30,6,1997,1,20,HONDA ACCORD,-1,-1,0,-1
2020052001210,2020,052001210,1,9,0,18,19,1,5,0,0,0,0,0,0,0,1,1,6,6,1,72,10,1997,1,19,HONDA ACCORD,1,E01007120,0,-1
2020460951714,2020,460951714,1,9,0,18,19,5,1,0,0,0,0,0,0,0,4,1,6,6,1,-1,-1,2204,2,15,HONDA ACCORD,7,E01024252,0,-1
2020460992707,2020,460992707,2,9,0,18,19,3,7,0,0,1,0,0,0,0,1,1,5,6,2,34,6,2199,2,11,HONDA ACCORD,8,E01016087,0,-1
202006P176080,2020,06P176080,2,8,0,9,9,3,2,0,0,8,0,0,0,0,4,1,1,1,1,54,8,2199,2,8,-1,8,E01005572,0,-1
2020990929867,2020,990929867,1,9,0,1,1,2,7,0,0,0,0,0,0,0,2,1,5,6,1,25,5,2204,2,14,HONDA ACCORD,5,-1,0,-1
2020450945856,2020,450945856,1,9,0,9,9,3,1,0,0,6,0,0,0,0,1,1,1,1,1,37,7,2156,1,25,HONDA ACCORD,9,E01030539,0,-1
202031C022620,2020,31C022620,1,9,0,9,9,1,8,0,0,8,0,0,0,0,1,1,6,6,1,34,6,2199,2,11,HONDA ACCORD,3,E01013828,0,-1
2020460942652,2020,460942652,1,9,0,7,7,1,5,0,0,1,0,0,0,0,1,1,2,2,1,51,8,2354,1,14,HONDA ACCORD,2,E01016140,0,-1
2020200943932,2020,200943932,1,9,0,18,19,4,8,0,0,1,0,0,0,0,1,1,6,6,1,39,7,1997,1,9,HONDA ACCORD,4,E01009921,0,-1
2020411021042,2020,411021042,2,9,0,18,19,1,5,0,0,8,0,0,0,0,1,1,6,6,1,36,7,1998,1,17,HONDA ACCORD,10,E01023839,0,-1
2020010252070,2020,010252070,1,9,0,9,9,3,1,0,0,8,0,0,0,0,3,1,6,6,1,27,6,1997,1,22,HONDA ACCORD,6,E01003378,0,-1
2020200981913,2020,200981913,4,9,0,2,2,0,0,0,0,2,0,0,0,0,2,1,6,6,3,-1,-1,1998,1,16,HONDA ACCORD,-1,-1,0,-1
2020200993525,2020,200993525,2,9,0,1,1,8,4,0,0,2,0,0,0,0,2,1,6,6,1,-1,-1,1997,1,9,HONDA ACCORD,2,E01010268,0,-1
2020370980575,2020,370980575,1,9,0,4,4,-1,-1,0,0,1,0,0,0,0,1,1,5,6,1,68,10,1998,1,17,HONDA ACCORD,1,E01030035,0,-1
2020440344493,2020,440344493,3,9,0,18,19,2,6,0,0,0,0,0,0,0,2,1,2,2,1,33,6,2204,2,14,HONDA ACCORD,10,E01023024,0,-1
2020201003296,2020,201003296,2,9,0,18,19,6,2,0,0,0,0,0,0,0,1,1,6,6,1,-1,-1,1997,1,19,HONDA ACCORD,1,E01009375,0,-1
2020610048120,2020,610048120,1,9,0,18,19,4,8,0,0,0,0,11,0,0,4,1,6,6,1,84,11,2204,2,13,HONDA ACCORD,5,W01001493,0,-1
2020230996297,2020,230996297,1,9,0,9,9,8,6,0,0,6,0,0,0,0,1,1,5,6,1,62,9,2199,2,11,HONDA ACCORD,3,E01009624,0,-1
2020420972658,2020,420972658,1,9,0,18,19,7,3,0,0,0,0,0,0,0,4,1,6,6,1,57,9,1998,1,14,HONDA ACCORD,4,E01016003,0,-1
2020031000782,2020,031000782,2,9,0,5,5,4,1,0,0,8,0,0,0,0,1,1,5,6,1,22,5,2204,2,15,HONDA ACCORD,5,E01019259,0,-1
2020440410377,2020,440410377,1,9,0,18,19,6,4,0,0,8,0,0,0,0,1,1,6,6,2,37,7,2199,2,11,HONDA ACCORD,10,E01022851,0,-1
202031C035020,2020,31C035020,1,9,0,18,19,1,5,0,0,0,0,0,0,0,1,1,6,6,1,40,7,1998,1,17,HONDA ACCORD,3,E01013828,0,-1
2020200931753,2020,200931753,2,4,0,18,19,6,2,0,0,0,0,0,0,0,1,1,6,6,1,23,5,471,1,2,-1,1,E01009059,0,-1
2020350969454,2020,350969454,1,2,0,18,19,7,3,0,0,1,0,0,0,0,1,1,6,6,1,42,7,471,1,2,-1,10,E01033175,0,-1
2020010251892,2020,010251892,2,4,0,18,19,5,1,0,0,8,0,0,0,0,4,1,6,6,1,31,6,471,1,4,-1,4,E01003354,0,-1
2020122000782,2020,122000782,1,4,0,13,13,1,5,0,0,8,0,0,7,0,4,1,6,6,1,25,5,471,1,3,-1,5,E01011820,0,-1
2020010238659,2020,010238659,2,4,0,18,19,5,1,0,0,1,0,0,0,0,4,-1,6,6,1,48,8,471,1,4,-1,3,E01001409,0,-1
2020010233787,2020,010233787,2,4,0,16,19,3,7,0,0,8,0,0,1,0,1,1,6,6,1,28,6,471,1,2,-1,-1,-1,0,-1
2020400929120,2020,400929120,6,9,0,4,4,1,5,0,0,0,0,0,0,0,2,1,1,1,1,48,8,2204,2,13,HONDA FR-V,1,E01016843,0,-1
2020430133655,2020,430133655,1,9,0,3,3,5,1,0,0,8,0,0,0,0,1,1,1,1,2,44,7,1998,1,14,HONDA FR-V,10,E01028741,0,-1
2020450969391,2020,450969391,3,9,0,18,19,1,5,0,0,1,0,0,0,0,1,1,5,6,2,52,8,2204,2,11,HONDA FR-V,9,E01030428,0,-1
2020440078860,2020,440078860,2,9,0,2,2,0,0,0,0,0,0,0,0,0,3,1,6,6,3,-1,-1,1668,1,15,HONDA FR-V,-1,-1,0,-1
2020040952998,2020,040952998,1,9,0,6,6,5,1,0,0,8,0,0,0,0,1,1,5,6,1,30,6,2204,2,14,HONDA FR-V,3,E01012753,0,-1
2020010233865,2020,010233865,1,9,0,18,19,5,1,0,0,0,0,0,0,0,1,1,6,6,1,38,7,1799,1,11,HONDA FR-V,3,E01000020,0,-1
2020010264712,2020,010264712,1,9,0,9,9,3,1,6,6,6,0,0,0,0,3,1,6,6,1,57,9,1799,1,13,HONDA FR-V,7,E01001314,0,-1
2020548891520,2020,548891520,2,9,0,4,4,5,1,0,0,1,0,0,0,0,0,2,6,6,2,42,7,2204,2,12,HONDA FR-V,4,E01032714,0,-1
2020430044383,2020,430044383,1,9,0,18,19,5,1,0,0,0,0,0,0,0,1,1,6,6,2,33,6,1799,1,12,HONDA FR-V,7,E01017839,0,-1
2020990963692,2020,990963692,2,9,0,18,19,5,1,0,0,0,0,0,1,0,3,1,5,6,2,69,10,2204,2,12,HONDA FR-V,6,-1,0,-1
2020430338993,2020,430338993,2,9,0,18,19,7,3,0,0,2,0,0,0,0,1,1,6,6,1,71,10,2204,2,14,HONDA FR-V,9,E01028798,0,-1
2020220979868,2020,220979868,1,9,0,16,19,3,7,0,0,0,0,0,0,0,1,1,5,6,1,35,6,2204,2,13,HONDA FR-V,1,E01009498,0,-1
2020540774920,2020,540774920,2,9,0,17,19,3,8,0,0,1,0,0,0,0,1,1,6,6,2,46,8,2204,2,13,HONDA FR-V,8,E01031910,0,-1
2020010236757,2020,010236757,1,9,0,5,5,4,8,0,0,2,0,0,0,0,1,1,6,6,1,-1,-1,1799,1,13,HONDA FR-V,-1,-1,0,-1
2020990962119,2020,990962119,1,9,0,18,19,3,7,0,0,1,1,0,7,0,1,1,5,6,2,33,6,2204,2,15,HONDA FR-V,9,-1,0,-1
2020530978843,2020,530978843,2,9,0,18,19,5,1,0,0,0,0,0,1,0,1,1,6,6,1,54,8,1799,1,11,HONDA FR-V,4,E01022399,0,-1
2020440047520,2020,440047520,1,9,0,18,19,8,4,0,0,1,0,0,0,0,1,1,3,7,2,-1,-1,1668,1,16,HONDA FR-V,2,E01017238,0,-1
2020450980443,2020,450980443,2,9,0,4,4,7,3,0,0,1,0,0,0,0,2,1,5,6,1,60,9,1998,1,14,HONDA FR-V,2,E01030497,0,-1
2020351000868,2020,351000868,1,9,0,18,19,2,6,0,0,0,0,0,0,0,3,1,5,6,2,25,5,1998,1,16,HONDA FR-V,9,E01017389,0,-1
2020430299667,2020,430299667,1,9,0,7,7,6,8,0,0,6,0,0,0,0,1,1,2,2,1,48,8,1799,1,12,HONDA FR-V,7,E01017721,0,-1
2020010267344,2020,010267344,1,9,0,99,99,9,9,99,99,1,9,99,9,99,9,9,6,6,1,46,8,1799,1,12,HONDA FR-V,2,E01003712,0,-1
2020010276476,2020,010276476,1,9,0,18,19,5,1,0,0,8,0,4,0,0,1,1,6,6,1,32,6,1799,1,13,HONDA FR-V,5,E01000144,0,-1
2020430293449,2020,430293449,2,9,0,18,19,1,5,0,0,1,0,0,0,0,3,1,6,6,2,36,7,2204,2,14,HONDA FR-V,10,E01016660,0,-1
2020010284921,2020,010284921,1,9,0,99,99,9,9,99,99,9,9,99,9,99,2,9,6,6,2,39,7,1799,1,13,HONDA FR-V,10,E01002196,0,-1
2020040934357,2020,040934357,1,9,0,9,9,1,5,0,0,6,1,0,1,11,1,1,3,7,1,42,7,1998,1,15,HONDA FR-V,1,E01012639,0,-1
2020010263811,2020,010263811,2,9,9,18,19,1,5,0,0,9,9,0,9,0,9,9,6,6,3,-1,-1,1998,1,15,HONDA FR-V,-1,-1,0,-1
2020990983673,2020,990983673,1,9,0,17,19,1,6,0,0,0,0,0,0,0,1,1,2,2,1,70,10,2204,2,13,HONDA FR-V,9,-1,0,-1
2020200931854,2020,200931854,1,9,0,2,2,0,0,0,0,0,0,0,0,0,2,1,6,6,1,-1,-1,1799,1,13,HONDA FR-V,-1,-1,0,-1
2020010273513,2020,010273513,1,9,0,18,19,8,4,0,0,8,0,7,2,1,1,1,3,7,2,40,7,1799,1,11,HONDA FR-V,6,E01002169,0,-1
2020010268248,2020,010268248,1,9,0,5,5,2,6,0,0,0,0,0,0,0,1,1,2,2,1,48,8,1998,1,15,HONDA FR-V,-1,-1,0,-1
2020420923860,2020,420923860,1,9,0,18,19,6,2,0,0,4,0,0,0,0,1,1,5,6,2,50,8,1998,1,15,HONDA FR-V,6,E01021668,0,-1
2020470916810,2020,470916810,1,9,0,9,9,5,3,0,0,5,0,0,0,0,3,1,6,6,2,63,9,1668,1,16,HONDA FR-V,10,E01031822,0,-1
2020200938232,2020,200938232,1,9,0,5,5,4,8,0,0,6,0,0,0,0,1,1,6,6,1,-1,-1,1998,1,15,HONDA FR-V,3,E01024291,0,-1
2020010232798,2020,010232798,1,9,0,9,9,2,1,0,0,1,0,0,0,0,3,1,6,6,1,41,7,1799,1,13,HONDA FR-V,3,E01000107,0,-1
2020100928710,2020,100928710,2,9,0,9,9,5,4,0,0,0,0,0,0,0,2,1,5,6,1,40,7,1998,1,14,HONDA FR-V,2,E01008810,0,-1
2020450977133,2020,450977133,2,9,0,18,19,7,3,0,0,1,0,0,0,0,1,1,5,6,1,42,7,2204,2,12,HONDA FR-V,9,E01030909,0,-1
2020010253967,2020,010253967,1,5,0,99,99,9,9,99,99,9,9,99,9,99,9,1,6,6,1,30,6,745,1,4,-1,2,E01002054,0,-1
2020010285958,2020,010285958,1,3,0,18,19,1,5,0,0,1,0,0,0,0,3,1,1,1,1,32,6,745,1,4,-1,3,E01033132,0,-1
2020010266529,2020,010266529,1,5,3,13,13,4,8,0,0,0,0,0,7,0,3,1,6,6,1,32,6,745,1,4,-1,3,E01033132,0,-1
2020010247353,2020,010247353,1,5,0,99,99,9,9,99,99,9,9,99,9,99,1,1,6,6,1,19,4,745,1,4,-1,4,E01002088,0,-1
2020471002861,2020,471002861,1,5,0,18,19,7,3,0,0,2,0,0,0,0,1,1,2,2,1,61,9,745,1,4,-1,6,E01021099,0,-1
2020440481819,2020,440481819,2,5,0,13,13,6,2,0,0,8,0,0,0,0,1,1,2,2,1,31,6,745,1,4,-1,4,E01017074,0,-1
2020460971394,2020,460971394,2,5,0,16,19,8,2,0,0,0,0,0,0,0,1,1,6,6,1,46,8,745,1,4,-1,5,E01000417,0,-1
2020320512800,2020,320512800,1,5,0,16,19,3,7,0,0,5,1,0,0,0,1,1,2,2,1,71,10,1890,1,1,-1,10,E01026204,0,-1
2020440267774,2020,440267774,1,17,0,18,19,4,8,0,0,0,0,0,0,0,1,1,1,1,1,57,9,13500,2,0,-1,-1,-1,0,-1
2020501009145,2020,501009145,1,3,0,18,19,7,3,0,0,0,0,0,0,0,0,1,2,2,1,20,4,124,1,13,-1,1,E01015144,0,-1
2020370966588,2020,370966588,2,3,0,16,19,8,1,0,0,0,0,0,1,0,1,1,2,2,1,24,5,124,1,13,-1,9,E01030214,0,-1
2020522100809,2020,522100809,2,4,0,18,19,3,7,0,0,8,0,0,0,0,4,1,6,6,1,47,8,124,1,14,-1,10,E01014932,0,-1
2020010250025,2020,010250025,1,3,0,3,3,1,5,0,0,1,0,0,0,0,2,1,6,6,1,36,7,124,1,13,-1,4,E01002648,0,-1
2020500934830,2020,500934830,1,3,0,18,19,1,5,0,0,0,1,0,0,0,4,1,2,2,1,45,7,124,1,14,-1,3,E01020118,0,-1
20201374G2020,2020,1374G2020,1,3,0,18,19,8,4,0,0,0,1,0,0,0,0,1,6,6,1,30,6,124,1,13,-1,4,E01004961,0,-1
2020440126901,2020,440126901,1,5,0,18,19,6,2,0,0,0,0,0,1,10,0,1,6,6,1,42,7,651,1,27,-1,8,E01023235,0,-1
2020420930120,2020,420930120,2,5,0,7,7,4,6,0,0,4,0,0,0,0,3,1,6,6,1,38,7,654,1,10,-1,7,E01021606,0,-1
2020302001325,2020,302001325,2,5,0,3,3,8,2,0,0,1,0,0,0,0,2,1,6,6,1,28,6,690,1,6,-1,7,E01019695,0,-1