collision_index,collision_year,collision_ref_no,vehicle_reference,vehicle_type,towing_and_articulation,vehicle_manoeuvre_historic,vehicle_manoeuvre,vehicle_direction_from,vehicle_direction_to,vehicle_location_restricted_lane_historic,vehicle_location_restricted_lane,junction_location,skidding_and_overturning,hit_object_in_carriageway,vehicle_leaving_carriageway,hit_object_off_carriageway,first_point_of_impact,vehicle_left_hand_drive,journey_purpose_of_driver_historic,journey_purpose_of_driver,sex_of_driver,age_of_driver,age_band_of_driver,engine_capacity_cc,propulsion_code,age_of_vehicle,generic_make_model,driver_imd_decile,lsoa_of_driver,escooter_flag,driver_distance_banding
2020440018607,2020,440018607,1,5,0,18,19,5,8,0,0,3,0,0,0,0,1,1,2,2,1,29,6,690,1,4,-1,5,E01017044,0,-1
2020010228912,2020,010228912,1,5,0,18,19,1,5,0,0,1,0,0,0,0,1,1,6,6,1,24,5,693,1,1,-1,1,E01002758,0,-1
2020070552453,2020,070552453,2,5,0,13,13,8,4,0,0,0,0,0,0,0,4,1,6,6,1,26,6,654,1,12,-1,5,E01012411,0,-1
202054A697620,2020,54A697620,2,4,0,4,4,5,1,0,0,1,0,0,0,0,1,1,6,6,1,37,7,693,1,0,-1,6,E01031902,0,-1
2020320388677,2020,320388677,1,5,0,18,19,1,5,0,0,0,0,0,0,0,0,1,6,6,1,48,8,690,1,5,-1,4,E01026148,0,-1
2020552000879,2020,552000879,2,3,0,18,19,2,6,0,0,1,1,0,0,0,1,1,2,2,1,22,5,124,1,4,-1,4,E01015385,0,-1
20201378Q1301,2020,1378Q1301,2,3,0,7,7,3,5,0,0,2,0,0,0,0,1,1,6,6,1,19,4,124,1,5,-1,2,E01010894,0,-1
2020010252339,2020,010252339,2,3,0,18,19,3,7,0,0,3,2,0,7,0,4,1,6,6,1,23,5,124,1,7,-1,4,E01023547,0,-1
2020211026811,2020,211026811,2,3,0,7,7,7,3,0,0,8,0,0,0,0,2,1,6,6,1,22,5,124,1,7,-1,4,E01029555,0,-1
2020410955640,2020,410955640,1,3,0,18,19,3,7,0,0,0,5,0,1,0,1,1,6,6,1,45,7,124,1,6,-1,5,E01023631,0,-1
2020200955051,2020,200955051,1,4,0,14,14,8,4,0,0,8,1,0,0,0,1,1,6,6,1,33,6,124,1,7,-1,1,E01009013,0,-1
2020420991533,2020,420991533,1,3,0,18,19,4,8,0,0,1,2,0,0,0,1,1,6,6,1,25,5,124,1,8,-1,4,E01021849,0,-1
2020010277313,2020,010277313,2,3,0,18,19,7,3,0,0,1,0,0,0,0,1,1,2,2,1,53,8,124,1,7,-1,1,E01001730,0,-1
2020990942712,2020,990942712,1,3,0,18,19,7,3,0,0,0,0,4,0,0,1,1,6,6,1,22,5,125,1,6,-1,2,-1,0,-1
2020500931608,2020,500931608,1,3,0,16,19,3,7,0,0,1,0,0,3,0,1,1,5,6,1,24,5,124,1,7,-1,2,E01018911,0,-1
2020161002274,2020,161002274,2,3,0,18,19,8,4,0,0,1,0,0,0,0,2,1,5,6,1,43,7,125,1,6,-1,3,E01012868,0,-1
2020370937535,2020,370937535,1,9,0,18,19,5,1,0,0,0,0,0,0,0,1,1,6,6,1,23,5,1289,1,20,-1,8,E01030065,0,-1
2020170L40220,2020,170L40220,1,9,0,18,19,2,6,0,0,0,0,0,0,0,3,1,6,6,1,66,10,2157,2,1,SSANGYONG KORANDO,5,E01012157,0,-1
202063A002220,2020,63A002220,1,9,0,9,9,4,2,0,0,5,0,0,0,0,4,1,6,6,1,53,8,1998,2,7,SSANGYONG KORANDO,4,W01000681,0,-1
2020140935307,2020,140935307,2,9,0,16,19,5,1,0,0,1,0,0,0,0,1,1,6,6,1,61,9,2157,2,2,SSANGYONG KORANDO,1,E01007327,0,-1
2020350966652,2020,350966652,1,9,0,18,19,3,7,0,0,0,0,0,0,0,1,1,5,6,1,57,9,1998,2,5,SSANGYONG KORANDO,5,E01026715,0,-1
2020211009580,2020,211009580,2,9,-1,-1,-1,6,3,-1,-1,-1,-1,-1,-1,0,-1,1,6,6,1,49,8,1998,2,5,SSANGYONG KORANDO,9,E01029705,0,-1
2020110959670,2020,110959670,1,9,0,17,19,3,7,0,0,0,0,0,0,0,4,1,5,6,1,54,8,1998,2,5,SSANGYONG KORANDO,6,E01020642,0,-1
2020040955767,2020,040955767,1,9,0,17,19,1,5,0,0,1,0,0,0,0,1,1,6,6,3,-1,-1,1998,2,6,SSANGYONG KORANDO,-1,-1,0,-1
202031B016520,2020,31B016520,1,9,0,18,19,8,4,0,0,0,0,0,0,0,1,1,1,1,1,60,9,1597,2,1,SSANGYONG KORANDO,3,E01007351,0,-1
2020451004301,2020,451004301,2,9,0,18,19,1,5,0,0,1,0,0,0,0,1,1,5,6,2,33,6,1998,2,5,SSANGYONG KORANDO,9,E01030690,0,-1
2020440065322,2020,440065322,2,9,0,18,19,2,6,0,0,1,0,0,0,0,4,1,6,6,1,-1,-1,2157,2,4,SSANGYONG KORANDO,-1,-1,0,-1
2020040953264,2020,040953264,1,5,0,18,19,1,5,0,0,0,0,0,0,0,1,1,5,6,1,66,10,656,1,14,SUZUKI GSF 650,9,E01025318,0,-1
2020470977891,2020,470977891,2,5,0,13,13,7,3,0,0,8,2,0,0,0,4,1,6,6,1,31,6,656,1,14,SUZUKI GSF 650,6,E01021070,0,-1
20201378T0581,2020,1378T0581,2,5,0,18,19,1,4,0,0,8,0,0,0,0,1,1,6,6,1,26,6,656,1,15,SUZUKI GSF 650,3,E01011615,0,-1
2020990978283,2020,990978283,2,5,0,18,19,7,3,0,0,1,2,10,0,0,4,1,5,6,1,60,9,656,1,4,SUZUKI GSF 650,6,-1,0,-1
2020140971644,2020,140971644,1,5,0,18,19,2,5,0,0,1,0,0,0,0,3,1,5,6,1,30,6,656,1,15,SUZUKI GSF 650,1,E01007645,0,-1
2020010235208,2020,010235208,2,5,0,18,19,7,3,0,0,0,0,0,0,0,1,1,6,6,1,63,9,656,1,13,SUZUKI GSF 650,9,E01002483,0,-1
2020500924984,2020,500924984,2,5,0,18,19,1,5,0,0,1,5,0,0,0,3,1,1,1,1,53,8,656,1,12,SUZUKI GSF 650,3,E01015084,0,-1
2020460944921,2020,460944921,1,5,0,18,19,5,1,0,0,0,0,0,0,0,0,1,5,6,1,33,6,656,1,15,SUZUKI GSF 650,6,E01016134,0,-1
2020010245740,2020,010245740,1,5,0,99,99,9,9,99,99,9,9,99,9,99,1,-1,2,2,1,42,7,656,1,13,SUZUKI GSF 650,8,E01000420,0,-1
2020211023027,2020,211023027,2,5,0,9,9,4,1,0,0,1,0,0,0,0,1,1,6,6,1,35,6,656,1,14,SUZUKI GSF 650,6,E01029446,0,-1
2020622000722,2020,622000722,1,5,0,18,19,6,2,0,0,3,1,0,1,2,1,1,6,6,1,52,8,656,1,11,SUZUKI GSF 650,6,W01001372,0,-1
2020990949124,2020,990949124,1,5,0,13,13,8,4,0,0,0,0,0,7,0,1,1,6,6,1,43,7,656,1,14,SUZUKI GSF 650,2,-1,0,-1
2020302001595,2020,302001595,1,5,0,13,13,5,1,0,0,0,0,0,7,11,1,1,2,2,1,60,9,656,1,12,SUZUKI GSF 650,7,E01019429,0,-1
2020010269020,2020,010269020,2,5,0,18,19,5,1,0,0,8,0,0,0,0,1,1,6,6,1,46,8,656,1,14,SUZUKI GSF 650,6,E01002128,0,-1
202031A034720,2020,31A034720,1,5,0,16,19,4,6,0,0,0,1,0,0,0,0,1,2,2,1,28,6,656,1,13,SUZUKI GSF 650,2,E01027952,0,-1
2020552100018,2020,552100018,1,4,0,14,14,4,8,0,0,8,0,0,0,0,1,1,6,6,1,38,7,656,1,14,-1,5,E01015461,0,-1
2020460944939,2020,460944939,2,5,0,18,19,7,3,0,0,0,0,0,0,0,1,1,6,6,3,-1,-1,656,1,15,SUZUKI GSF 650,-1,-1,0,-1
2020440292182,2020,440292182,1,5,0,9,9,7,3,0,0,8,0,0,0,0,1,1,2,2,2,53,8,656,1,14,SUZUKI GSF 650,6,E01017014,0,-1
2020010236304,2020,010236304,1,5,0,18,19,5,1,0,0,0,0,0,0,0,1,1,1,1,1,51,8,656,1,11,SUZUKI GSF 650,4,E01003436,0,-1
2020010256366,2020,010256366,2,5,0,5,5,5,1,0,0,8,0,8,0,0,3,1,6,6,1,29,6,656,1,13,SUZUKI GSF 650,6,E01000324,0,-1
2020500954784,2020,500954784,1,5,0,16,19,7,3,0,0,1,1,0,0,0,3,1,6,6,1,44,7,656,1,14,SUZUKI GSF 650,8,E01020091,0,-1
2020440451889,2020,440451889,1,5,0,17,19,7,4,0,0,0,1,0,0,0,1,1,6,6,1,24,5,656,1,15,SUZUKI GSF 650,10,E01022659,0,-1
2020420939935,2020,420939935,2,3,0,18,19,5,1,0,0,0,0,0,0,0,2,1,6,6,1,32,6,656,1,12,-1,8,E01023627,0,-1
202063C068420,2020,63C068420,2,5,0,18,19,8,4,0,0,8,0,0,0,0,1,1,6,6,1,66,10,656,1,13,SUZUKI GSF 650,2,W01000600,0,-1
2020100963804,2020,100963804,2,3,0,18,19,1,5,0,0,8,0,0,0,0,1,1,5,6,1,33,6,125,1,19,-1,-1,-1,0,-1
2020500951952,2020,500951952,1,4,0,8,8,2,4,0,0,1,1,0,0,0,4,1,6,6,1,26,6,125,1,22,-1,7,E01018787,0,-1
2020137761863,2020,137761863,2,3,0,18,19,5,1,0,0,8,0,0,0,0,1,1,2,2,1,26,6,124,1,12,-1,7,E01011942,0,-1
202006F273031,2020,06F273031,1,4,0,18,19,3,7,0,0,1,0,0,0,0,1,1,6,6,1,54,8,124,1,11,-1,1,E01005683,0,-1
2020500956697,2020,500956697,1,3,0,13,13,1,5,0,0,8,5,0,0,0,1,1,5,6,1,35,6,125,1,14,-1,5,E01018920,0,-1
2020540062631,2020,540062631,1,9,0,18,19,6,2,0,0,0,0,0,0,0,1,1,6,6,1,68,10,1398,8,6,-1,7,E01015474,0,-1
2020220931415,2020,220931415,1,9,0,18,19,7,3,0,0,1,1,0,0,0,1,1,6,6,1,65,9,1398,8,8,-1,4,E01028922,0,-1
2020140942958,2020,140942958,3,9,0,18,19,1,5,0,0,0,0,0,1,0,1,1,1,1,1,37,7,1398,8,6,-1,1,E01007714,0,-1
2020500983096,2020,500983096,2,3,0,18,19,2,6,0,0,0,0,0,0,0,1,1,6,6,1,25,5,125,1,13,-1,7,E01015250,0,-1
2020137750758,2020,137750758,2,5,0,16,19,3,7,0,0,0,2,11,0,0,1,1,6,6,1,53,8,748,1,17,-1,10,E01010947,0,-1
2020440440483,2020,440440483,2,2,0,18,19,3,7,0,0,8,0,0,0,0,1,1,6,6,1,16,4,50,1,13,-1,6,E01033239,0,-1
2020030971880,2020,030971880,2,5,0,18,19,3,7,0,0,1,2,0,0,0,1,1,6,6,1,51,8,1261,1,12,HONDA ST1300A,4,E01019229,0,-1
2020010256285,2020,010256285,1,5,9,99,99,9,9,99,99,9,9,99,9,99,9,-1,6,6,1,59,9,1261,1,9,HONDA ST1300A,7,E01024465,0,-1
2020040958996,2020,040958996,1,5,0,16,19,7,1,0,0,0,0,0,5,0,3,1,5,6,1,51,8,1261,1,7,HONDA ST1300A,1,E01019231,0,-1
2020302000910,2020,302000910,1,4,0,11,11,2,6,0,0,3,0,0,0,0,3,1,6,6,1,56,9,1261,1,16,-1,9,E01019643,0,-1
2020552000460,2020,552000460,2,5,0,18,19,6,2,0,0,8,0,0,0,0,1,1,6,6,1,63,9,1261,1,18,HONDA ST1300A,10,E01022720,0,-1
2020500993778,2020,500993778,2,5,0,5,5,4,8,0,0,0,0,0,0,0,3,1,5,6,1,62,9,1261,1,18,HONDA ST1300A,2,E01018770,0,-1
2020211001554,2020,211001554,1,5,0,7,7,3,6,0,0,3,0,0,0,0,4,1,6,6,1,56,9,1261,1,16,HONDA ST1300A,5,E01009779,0,-1
2020010233799,2020,010233799,2,5,0,18,19,1,5,0,0,1,0,0,0,0,3,-1,2,2,1,50,8,1261,1,9,HONDA ST1300A,-1,-1,0,-1
2020010279969,2020,010279969,2,5,0,13,13,5,1,0,0,8,0,0,0,0,4,1,2,2,1,56,9,1261,1,9,HONDA ST1300A,5,E01004076,0,-1
2020450977532,2020,450977532,1,5,0,17,19,1,5,0,0,0,0,0,0,0,4,1,5,6,1,61,9,1261,1,18,HONDA ST1300A,10,E01030876,0,-1
2020410974320,2020,410974320,4,5,0,18,19,7,3,0,0,0,0,0,0,0,2,1,6,6,1,55,8,1261,1,13,HONDA ST1300A,8,E01021824,0,-1
2020140956826,2020,140956826,2,3,0,9,9,2,7,0,0,6,5,0,0,0,3,1,6,6,1,21,5,124,1,16,-1,2,E01007348,0,-1
2020200956012,2020,200956012,2,3,0,18,19,4,8,0,0,8,0,10,1,0,3,1,6,6,1,17,4,124,1,15,-1,5,E01010337,0,-1
2020470985503,2020,470985503,2,3,0,18,19,1,5,0,0,1,0,0,0,0,1,1,5,6,1,23,5,124,1,16,-1,3,E01031752,0,-1
2020360954844,2020,360954844,1,4,0,13,13,6,2,0,0,0,0,0,0,0,1,1,5,6,1,18,4,124,1,13,-1,1,E01026622,0,-1
2020010244234,2020,010244234,1,3,0,18,19,6,2,9,9,2,1,0,0,0,1,1,6,6,1,24,5,124,1,13,-1,2,E01004718,0,-1
2020302001159,2020,302001159,1,3,0,15,15,6,2,0,0,0,0,0,0,0,1,1,6,6,1,20,4,124,1,12,-1,9,E01013462,0,-1
2020340N08052,2020,340N08052,2,3,0,18,19,2,6,0,0,8,0,0,0,0,1,1,6,6,1,28,6,124,1,14,-1,8,E01027181,0,-1
2020122001158,2020,122001158,1,4,0,18,19,3,7,0,0,8,0,0,0,0,0,1,2,2,1,18,4,124,1,14,-1,7,E01027667,0,-1
2020010262071,2020,010262071,2,3,0,9,9,3,1,0,0,2,0,0,0,0,1,1,6,6,1,46,8,124,1,15,-1,4,E01003494,0,-1
2020160983758,2020,160983758,1,4,0,18,19,4,8,0,0,2,1,0,0,0,1,1,5,6,1,16,4,249,1,9,-1,1,E01013312,0,-1
2020522100470,2020,522100470,2,4,0,18,19,5,1,0,0,8,0,0,0,0,1,1,6,6,1,19,4,124,1,4,-1,9,E01014862,0,-1
2020030981789,2020,030981789,1,3,0,18,19,1,5,0,0,0,0,0,0,0,0,1,6,6,1,17,4,125,1,8,-1,1,E01019095,0,-1
2020010236065,2020,010236065,1,9,0,99,99,9,9,99,99,0,9,99,9,99,9,9,2,2,1,61,9,1999,2,1,JAGUAR XE SERIES,6,E01000330,0,-1
2020552100090,2020,552100090,1,9,0,8,8,2,4,9,9,6,0,0,0,0,3,1,6,6,1,38,7,1999,2,5,JAGUAR XE SERIES,5,E01015346,0,-1
2020122000972,2020,122000972,1,9,0,16,19,3,7,0,0,0,0,0,0,0,0,1,6,6,1,39,7,1997,1,2,JAGUAR XE SERIES,6,E01012130,0,-1
2020302001662,2020,302001662,3,9,0,2,2,0,0,0,0,1,0,0,0,0,2,1,3,7,2,22,5,1999,2,5,JAGUAR XE SERIES,8,E01019875,0,-1
2020622000979,2020,622000979,3,9,0,4,4,2,6,0,0,0,0,0,0,0,2,1,6,6,1,57,9,1999,2,4,JAGUAR XE SERIES,10,W01001120,0,-1
2020430327243,2020,430327243,2,9,0,4,4,5,1,0,0,0,0,0,1,0,2,1,6,6,1,58,9,1999,2,4,JAGUAR XE SERIES,8,E01018302,0,-1
2020500943823,2020,500943823,1,9,0,18,19,4,8,0,0,2,1,0,1,10,1,1,5,6,1,56,9,1999,2,4,JAGUAR XE SERIES,7,E01020064,0,-1
2020137991272,2020,137991272,1,9,0,18,19,3,7,0,0,0,0,0,0,0,1,1,6,6,1,49,8,1999,2,3,JAGUAR XE SERIES,4,E01010959,0,-1
2020010263356,2020,010263356,1,9,0,99,99,9,9,99,99,0,9,99,9,99,9,9,6,6,2,42,7,1999,2,4,JAGUAR XE SERIES,9,E01000350,0,-1
2020450960529,2020,450960529,1,9,0,2,2,1,3,0,0,0,0,0,0,0,2,1,1,1,1,40,7,1997,1,2,JAGUAR XE SERIES,7,E01033093,0,-1
2020070518109,2020,070518109,1,9,0,18,19,1,5,0,0,6,0,0,3,11,1,1,1,1,1,54,8,1999,2,3,JAGUAR XE SERIES,5,E01005254,0,-1
2020430342787,2020,430342787,8,9,0,18,19,7,3,0,0,0,0,0,0,0,-1,1,6,6,1,56,9,1999,2,3,JAGUAR XE SERIES,7,E01002470,0,-1
2020501014873,2020,501014873,3,9,0,18,19,1,5,0,0,0,0,0,0,0,1,1,1,1,1,57,9,1999,2,2,JAGUAR XE SERIES,8,E01020054,0,-1
2020461024763,2020,461024763,1,9,0,18,19,7,3,0,0,0,0,0,0,0,1,1,5,6,1,25,5,1997,1,1,JAGUAR XE SERIES,6,E01024432,0,-1
2020010237138,2020,010237138,2,9,0,99,99,9,9,99,99,0,9,99,9,99,1,9,6,6,3,-1,-1,1999,2,5,JAGUAR XE SERIES,-1,-1,0,-1
2020990965395,2020,990965395,1,9,0,18,19,2,6,0,0,4,0,0,0,0,3,1,6,6,2,50,8,1999,2,3,JAGUAR XE SERIES,9,-1,0,-1
2020430232601,2020,430232601,3,9,0,3,3,1,5,0,0,0,0,0,0,0,2,1,6,6,3,38,7,1999,2,5,JAGUAR XE SERIES,5,E01017845,0,-1
2020220993254,2020,220993254,1,9,0,18,19,3,7,0,0,4,0,0,0,0,1,1,5,6,1,32,6,1999,2,4,JAGUAR XE SERIES,7,E01010436,0,-1
2020420942344,2020,420942344,2,9,0,18,19,3,7,0,0,1,0,0,0,0,2,1,6,6,2,44,7,1999,2,3,JAGUAR XE SERIES,3,E01000372,0,-1
2020140926520,2020,140926520,2,9,0,6,6,5,5,0,0,2,0,0,0,0,1,1,5,6,1,26,6,1999,2,1,JAGUAR XE SERIES,2,E01007982,0,-1
2020052002655,2020,052002655,1,9,0,9,9,7,3,0,0,1,0,0,0,0,1,1,6,6,2,36,7,1999,1,5,JAGUAR XE SERIES,3,E01006719,0,-1
2020010240049,2020,010240049,1,9,0,9,9,8,6,0,0,8,0,0,0,0,4,1,2,2,1,59,9,1999,2,4,JAGUAR XE SERIES,7,E01003853,0,-1
2020360991511,2020,360991511,2,9,0,18,19,5,1,0,0,1,0,0,7,4,1,1,5,6,2,75,10,1999,2,4,JAGUAR XE SERIES,6,E01026479,0,-1
2020370960001,2020,370960001,1,9,0,5,5,7,3,8,6,0,0,0,0,0,-1,1,6,6,1,69,10,1999,1,4,JAGUAR XE SERIES,5,E01030252,0,-1
2020010264313,2020,010264313,1,9,0,2,2,0,0,0,0,1,0,0,0,0,3,1,6,6,3,-1,-1,1999,2,5,JAGUAR XE SERIES,-1,-1,0,-1
2020470990791,2020,470990791,2,9,0,17,19,7,4,0,0,0,0,0,7,4,3,1,5,6,1,84,11,1999,2,5,JAGUAR XE SERIES,5,E01031544,0,-1
2020052000891,2020,052000891,1,9,0,18,19,1,5,0,0,8,0,0,0,0,1,1,6,6,1,31,6,1999,2,3,JAGUAR XE SERIES,5,E01006590,0,-1
202006K178214,2020,06K178214,1,9,0,17,19,1,6,0,0,2,0,0,0,0,3,1,6,6,2,31,6,1999,2,4,JAGUAR XE SERIES,1,E01004827,0,-1
2020430366639,2020,430366639,1,9,0,4,4,7,3,0,0,0,0,0,0,0,2,1,6,6,1,52,8,1999,2,2,JAGUAR XE SERIES,10,E01017841,0,-1
2020410940719,2020,410940719,2,9,0,8,8,3,6,0,0,1,0,0,0,0,2,1,2,2,1,65,9,1997,1,3,JAGUAR XE SERIES,10,E01023551,0,-1
2020622000675,2020,622000675,1,9,0,9,9,2,8,0,0,1,0,0,0,0,3,1,6,6,1,71,10,1999,2,4,JAGUAR XE SERIES,10,W01001223,0,-1
202006G278207,2020,06G278207,4,9,0,2,2,0,0,0,0,1,0,4,0,0,1,1,6,6,1,55,8,1999,2,4,JAGUAR XE SERIES,3,E01005979,0,-1
2020500973133,2020,500973133,1,9,0,16,19,6,2,0,0,0,0,0,0,0,1,1,5,6,1,72,10,1999,2,5,JAGUAR XE SERIES,7,E01014346,0,-1
2020461009087,2020,461009087,1,9,0,9,9,4,8,0,0,2,0,0,0,0,1,1,6,6,1,75,10,1999,2,5,JAGUAR XE SERIES,4,E01024111,0,-1
2020460953741,2020,460953741,2,9,0,8,8,1,3,0,0,1,0,0,0,0,2,1,5,6,1,30,6,1997,1,2,JAGUAR XE SERIES,4,E01024142,0,-1
2020221002651,2020,221002651,2,9,0,16,19,8,3,0,0,0,0,0,0,0,1,1,3,7,2,30,6,1999,2,5,JAGUAR XE SERIES,6,E01032390,0,-1
2020470940028,2020,470940028,1,9,0,5,5,1,5,0,0,0,0,0,0,0,1,1,6,6,1,55,8,1999,1,5,JAGUAR XE SERIES,7,E01031597,0,-1
202031C144420,2020,31C144420,3,9,0,2,2,0,0,0,0,2,0,0,1,3,4,1,6,6,1,52,8,1999,2,4,JAGUAR XE SERIES,3,E01013863,0,-1
2020010234267,2020,010234267,4,9,0,2,2,0,0,0,0,1,0,0,0,0,4,1,6,6,3,-1,-1,1999,1,5,JAGUAR XE SERIES,-1,-1,0,-1
2020990976041,2020,990976041,1,9,0,18,19,3,7,0,0,0,0,0,0,0,1,1,2,2,2,49,8,1999,2,4,JAGUAR XE SERIES,9,-1,0,-1
2020052001979,2020,052001979,2,9,0,18,19,7,3,0,0,0,0,0,0,0,2,1,6,6,1,48,8,1999,2,4,JAGUAR XE SERIES,1,E01006604,0,-1
2020201006658,2020,201006658,2,9,0,18,19,1,5,0,0,8,0,10,2,11,3,1,6,6,1,51,8,1999,2,5,JAGUAR XE SERIES,4,E01010499,0,-1
2020544634520,2020,544634520,1,9,0,4,4,0,3,0,0,0,0,0,0,10,1,1,6,6,1,89,11,1999,2,4,JAGUAR XE SERIES,8,E01031861,0,-1
2020170L10840,2020,170L10840,2,9,0,3,3,5,1,0,0,0,0,0,0,0,2,1,6,6,1,52,8,1999,2,5,JAGUAR XE SERIES,10,E01012183,0,-1
2020140957630,2020,140957630,1,9,0,5,5,2,4,9,9,0,0,0,0,0,1,1,1,1,1,48,8,1999,2,4,JAGUAR XE SERIES,9,E01013243,0,-1
2020522004384,2020,522004384,2,9,0,18,19,6,2,0,0,8,0,0,0,0,1,1,6,6,1,68,10,1999,2,2,JAGUAR XE SERIES,4,E01014586,0,-1
2020010283716,2020,010283716,1,9,0,18,19,4,8,0,0,8,0,0,3,0,1,1,6,6,1,24,5,1999,2,4,JAGUAR XE SERIES,10,E01032623,0,-1
2020140952949,2020,140952949,2,9,0,5,5,7,2,0,0,2,0,0,0,0,1,1,6,6,1,59,9,1999,2,3,JAGUAR XE SERIES,1,E01007377,0,-1
2020070547925,2020,070547925,1,9,0,6,6,6,7,0,0,8,0,0,0,0,1,1,6,6,1,39,7,1999,2,3,JAGUAR XE SERIES,1,E01007086,0,-1
2020430051289,2020,430051289,2,9,0,3,3,6,2,0,0,0,0,0,0,0,1,1,6,6,2,40,7,1999,2,4,JAGUAR XE SERIES,6,E01022668,0,-1
2020140936153,2020,140936153,2,9,0,18,19,5,1,0,0,1,0,0,0,0,4,1,5,6,1,56,9,1999,2,4,JAGUAR XE SERIES,9,E01007889,0,-1
2020522003035,2020,522003035,1,9,0,18,19,5,1,0,0,0,0,0,0,0,0,1,6,6,2,35,6,1999,1,4,JAGUAR XE SERIES,10,E01014479,0,-1
202006Q276555,2020,06Q276555,1,9,0,10,10,6,3,0,0,1,0,0,0,0,1,1,6,6,3,-1,-1,1999,2,4,JAGUAR XE SERIES,-1,-1,0,-1
2020200948144,2020,200948144,2,9,0,18,19,2,6,0,0,8,0,2,0,0,3,1,6,6,1,23,5,1999,2,5,JAGUAR XE SERIES,2,E01009161,0,-1
2020440405906,2020,440405906,1,9,0,18,19,4,1,0,0,8,1,10,1,2,1,1,6,6,1,24,5,1999,2,0,JAGUAR XE SERIES,7,E01032881,0,-1
2020100938081,2020,100938081,1,9,0,18,19,5,1,0,0,0,0,0,0,0,3,1,5,6,1,69,10,1999,1,4,JAGUAR XE SERIES,10,-1,0,-1
2020522003543,2020,522003543,2,9,0,18,19,4,8,0,0,8,0,0,0,0,1,1,6,6,1,85,11,2995,1,4,JAGUAR XE SERIES,6,E01014780,0,-1
2020052000789,2020,052000789,3,9,0,2,2,0,0,0,0,0,0,0,0,0,3,1,6,6,3,-1,-1,1999,2,1,JAGUAR XE SERIES,-1,-1,0,-1
2020010261880,2020,010261880,1,9,0,9,9,3,1,0,0,8,0,0,0,0,1,1,6,6,1,74,10,1997,1,2,JAGUAR XE SERIES,7,E01000258,0,-1
2020010254673,2020,010254673,1,9,0,99,99,9,9,99,99,0,9,99,9,99,2,1,2,2,1,40,7,1999,2,3,JAGUAR XE SERIES,3,E01002404,0,-1
2020420937585,2020,420937585,2,9,0,18,19,8,4,0,0,1,0,0,0,0,1,1,5,6,1,77,11,1999,2,2,JAGUAR XE SERIES,7,E01022074,0,-1
2020370957569,2020,370957569,1,9,0,5,5,8,4,0,0,2,0,0,0,0,3,1,5,6,1,59,9,1997,1,2,JAGUAR XE SERIES,7,E01029965,0,-1
2020010239307,2020,010239307,3,9,0,9,9,5,2,0,0,0,0,0,0,0,3,1,6,6,2,31,6,1999,1,5,JAGUAR XE SERIES,1,E01002790,0,-1
2020522002607,2020,522002607,1,9,0,18,19,2,6,0,0,8,0,0,0,0,1,1,6,6,1,62,9,1999,2,3,JAGUAR XE SERIES,6,E01032669,0,-1
2020522001670,2020,522001670,1,9,0,18,19,1,5,0,0,1,0,0,0,0,1,1,6,6,1,33,6,1999,2,3,JAGUAR XE SERIES,6,E01014929,0,-1
2020137691407,2020,137691407,1,9,0,9,9,6,3,0,0,8,0,0,0,0,3,1,6,6,1,46,8,1999,2,5,JAGUAR XE SERIES,9,E01011174,0,-1
2020548672620,2020,548672620,1,9,0,18,19,3,7,0,0,0,0,0,0,0,1,1,6,6,1,69,10,1999,2,5,JAGUAR XE SERIES,4,E01020234,0,-1
2020432003118,2020,432003118,1,9,0,18,19,6,2,0,0,0,0,0,6,0,4,1,6,6,1,22,5,2995,1,4,JAGUAR XE SERIES,6,E01028458,0,-1
2020010260402,2020,010260402,1,9,0,18,19,1,5,0,0,1,0,0,0,0,1,1,6,6,2,31,6,1999,2,3,JAGUAR XE SERIES,10,E01002480,0,-1
2020470992204,2020,470992204,2,9,0,18,19,7,3,0,0,8,0,0,0,0,3,1,3,7,2,31,6,1999,1,4,JAGUAR XE SERIES,5,E01021031,0,-1
2020010264340,2020,010264340,1,9,0,18,19,8,4,0,0,1,0,0,0,0,1,1,2,2,2,22,5,1999,2,2,JAGUAR XE SERIES,5,E01003435,0,-1
2020010271839,2020,010271839,1,9,0,18,19,1,5,0,0,7,0,7,0,0,4,1,6,6,1,27,6,1999,1,5,JAGUAR XE SERIES,3,E01001602,0,-1
2020990927238,2020,990927238,2,9,0,2,2,0,0,0,0,1,0,0,0,0,2,1,6,6,1,39,7,1999,2,4,JAGUAR XE SERIES,9,-1,0,-1
2020040951622,2020,040951622,1,9,0,18,19,7,3,0,0,4,0,0,0,0,2,1,5,6,1,88,11,1999,2,5,JAGUAR XE SERIES,7,E01025557,0,-1
2020461009576,2020,461009576,2,9,0,3,3,3,7,0,0,0,0,0,0,0,4,1,5,6,2,38,7,1999,2,5,JAGUAR XE SERIES,5,E01024492,0,-1