collision_index,collision_year,collision_ref_no,vehicle_reference,vehicle_type,towing_and_articulation,vehicle_manoeuvre_historic,vehicle_manoeuvre,vehicle_direction_from,vehicle_direction_to,vehicle_location_restricted_lane_historic,vehicle_location_restricted_lane,junction_location,skidding_and_overturning,hit_object_in_carriageway,vehicle_leaving_carriageway,hit_object_off_carriageway,first_point_of_impact,vehicle_left_hand_drive,journey_purpose_of_driver_historic,journey_purpose_of_driver,sex_of_driver,age_of_driver,age_band_of_driver,engine_capacity_cc,propulsion_code,age_of_vehicle,generic_make_model,driver_imd_decile,lsoa_of_driver,escooter_flag,driver_distance_banding
2020470934745,2020,470934745,3,9,0,4,4,8,4,0,0,2,0,0,0,0,2,1,2,2,1,50,8,1999,2,3,JAGUAR XE SERIES,5,E01021195,0,-1
2020010240043,2020,010240043,2,9,0,7,7,1,3,0,0,5,0,0,0,0,1,1,6,6,2,34,6,1999,2,1,JAGUAR XE SERIES,7,E01001965,0,-1
2020010267217,2020,010267217,2,9,0,2,2,0,0,0,0,0,0,0,0,0,4,1,6,6,3,-1,-1,1999,2,3,JAGUAR XE SERIES,-1,-1,0,-1
2020430127150,2020,430127150,2,9,0,16,19,5,1,0,0,0,0,0,0,0,2,1,6,6,1,47,8,1999,2,3,JAGUAR XE SERIES,7,E01028679,0,-1
2020211029306,2020,211029306,2,9,0,13,13,7,3,0,0,0,0,0,5,0,4,1,2,2,1,35,6,1997,1,2,JAGUAR XE SERIES,2,E01029827,0,-1
20201372N0965,2020,1372N0965,1,9,0,3,3,5,3,0,0,3,0,0,0,0,1,1,6,6,1,62,9,1999,1,4,JAGUAR XE SERIES,9,E01011713,0,-1
2020010274098,2020,010274098,1,9,0,18,19,3,7,0,0,1,0,0,1,2,4,1,6,6,1,31,6,1999,2,4,JAGUAR XE SERIES,6,E01003840,0,-1
2020010251989,2020,010251989,1,9,0,18,19,1,5,0,0,0,0,0,0,0,1,1,6,6,1,25,5,1999,2,5,JAGUAR XE SERIES,3,E01004038,0,-1
2020220988162,2020,220988162,1,9,0,4,4,3,7,0,0,1,0,0,0,0,2,1,5,6,1,30,6,1999,1,5,JAGUAR XE SERIES,5,E01032460,0,-1
2020170S30460,2020,170S30460,2,9,0,9,9,2,8,0,0,8,0,0,0,0,4,1,2,2,1,32,6,1999,2,5,JAGUAR XE SERIES,9,E01012234,0,-1
2020420930694,2020,420930694,1,9,0,18,19,7,3,0,0,0,0,0,0,0,1,1,5,6,1,26,6,1999,1,5,JAGUAR XE SERIES,6,E01023341,0,-1
2020040984636,2020,040984636,1,9,0,18,19,1,5,0,0,8,0,0,0,0,1,1,5,6,1,27,6,1999,2,4,JAGUAR XE SERIES,4,E01025073,0,-1
2020461003054,2020,461003054,2,9,0,18,19,1,5,0,0,0,0,0,0,0,1,1,2,2,1,24,5,1999,2,5,JAGUAR XE SERIES,7,E01024727,0,-1
2020552000409,2020,552000409,1,9,0,18,19,2,6,0,0,6,0,0,0,0,1,1,6,6,1,76,11,1997,1,1,JAGUAR XE SERIES,6,E01020453,0,-1
2020010259103,2020,010259103,1,9,0,99,99,9,9,99,99,9,9,99,9,99,1,9,6,6,3,-1,-1,1997,1,2,JAGUAR XE SERIES,4,E01004375,0,-1
2020522004665,2020,522004665,1,9,0,4,4,5,1,0,0,1,0,0,0,0,2,1,6,6,1,32,6,1999,2,2,JAGUAR XE SERIES,8,E01014931,0,-1
202006Q176642,2020,06Q176642,2,9,0,18,19,6,2,0,0,8,0,0,1,10,1,1,6,6,1,19,4,1999,2,5,JAGUAR XE SERIES,9,E01005412,0,-1
2020010283261,2020,010283261,1,9,0,99,99,9,9,99,99,9,9,99,9,99,4,9,2,2,1,31,6,1999,2,4,JAGUAR XE SERIES,3,E01002407,0,-1
2020360934606,2020,360934606,1,9,0,18,19,3,7,0,0,2,0,0,0,0,4,1,5,6,2,42,7,1999,2,3,JAGUAR XE SERIES,2,E01026711,0,-1
2020990975832,2020,990975832,2,9,0,16,19,8,3,0,0,0,0,0,1,0,3,1,2,2,1,26,6,1999,2,4,JAGUAR XE SERIES,5,-1,0,-1
2020200991891,2020,200991891,2,9,0,5,5,3,1,0,0,1,0,0,0,0,1,1,5,6,2,70,10,1997,1,1,JAGUAR XE SERIES,4,E01009205,0,-1
2020010284049,2020,010284049,1,9,0,18,19,1,5,0,0,1,0,0,0,0,1,1,6,6,1,40,7,1997,1,3,JAGUAR XE SERIES,2,E01004242,0,-1
2020360993780,2020,360993780,1,9,0,18,19,7,3,0,0,0,0,0,0,0,1,1,5,6,1,56,9,1999,2,1,JAGUAR XE SERIES,5,E01026720,0,-1
2020211025705,2020,211025705,2,9,0,18,19,6,2,0,0,0,0,0,0,0,1,1,6,6,1,48,8,1999,2,4,JAGUAR XE SERIES,7,E01029467,0,-1
2020370999029,2020,370999029,1,9,0,18,19,5,1,0,0,0,0,0,0,0,1,1,5,6,1,47,8,1997,1,1,JAGUAR XE SERIES,-1,-1,0,-1
2020991000084,2020,991000084,1,9,0,3,3,5,1,0,0,0,0,0,0,0,1,1,6,6,2,25,5,1999,2,4,JAGUAR XE SERIES,1,-1,0,-1
2020360981368,2020,360981368,2,9,0,18,19,1,5,0,0,0,0,0,0,0,4,1,5,6,1,62,9,1997,1,3,JAGUAR XE SERIES,8,E01026691,0,-1
2020220998084,2020,220998084,1,9,0,10,10,8,6,0,0,8,0,0,7,11,2,1,5,6,1,51,8,1999,2,3,JAGUAR XE SERIES,5,E01032426,0,-1
2020991030297,2020,991030297,2,5,0,16,19,6,2,0,0,1,0,0,0,0,1,1,5,6,1,38,7,1301,1,2,KTM 1290 SUPERDUKE,9,-1,0,-1
2020360959923,2020,360959923,1,5,0,15,15,4,8,0,0,0,0,0,7,11,1,1,5,6,1,45,7,1301,1,1,KTM 1290 SUPERDUKE,4,E01026444,0,-1
2020100941901,2020,100941901,1,5,0,18,19,5,1,0,0,0,0,0,0,0,4,1,5,6,1,48,8,1301,1,5,KTM 1290 SUPERDUKE,3,E01008851,0,-1
2020990943137,2020,990943137,2,5,0,18,19,1,5,0,0,4,0,0,0,0,1,1,2,2,1,52,8,1301,1,3,KTM 1290 SUPERDUKE,10,-1,0,-1
2020040967088,2020,040967088,1,97,0,18,19,1,6,0,0,0,0,0,0,0,1,1,5,6,1,31,6,1301,1,5,-1,-1,-1,0,-1
2020440394053,2020,440394053,1,5,0,18,19,4,8,0,0,8,0,10,0,0,1,1,6,6,1,28,6,1301,1,4,KTM 1290 SUPERDUKE,4,E01022810,0,-1
2020522001136,2020,522001136,1,2,0,18,19,2,6,0,0,8,0,0,0,0,1,1,6,6,1,57,9,1301,1,2,-1,7,E01014839,0,-1
2020470980392,2020,470980392,1,5,0,13,13,5,1,0,0,8,0,0,7,0,1,1,5,6,1,52,8,1301,1,2,KTM 1290 SUPERDUKE,7,E01030466,0,-1
2020122000610,2020,122000610,1,5,0,18,19,3,7,0,0,0,1,0,0,0,0,1,6,6,1,59,9,1301,1,4,KTM 1290 SUPERDUKE,2,E01011866,0,-1
2020160958504,2020,160958504,1,5,0,3,3,1,5,0,0,8,0,0,0,0,2,1,5,6,1,46,8,1301,1,1,KTM 1290 SUPERDUKE,1,E01007718,0,-1
2020990963826,2020,990963826,2,5,0,4,4,1,5,0,0,0,5,0,0,0,2,1,5,6,1,53,8,1301,1,4,KTM 1290 SUPERDUKE,8,-1,0,-1
2020530957757,2020,530957757,2,97,0,16,19,7,3,0,0,1,5,0,0,0,1,1,5,6,1,60,9,1301,1,1,-1,8,E01032871,0,-1
2020370960398,2020,370960398,1,5,0,13,13,3,3,0,0,0,0,0,7,1,1,1,5,6,1,27,6,1301,1,2,KTM 1290 SUPERDUKE,8,E01033538,0,-1
2020122000655,2020,122000655,1,5,0,17,19,4,8,0,0,0,1,0,1,11,1,1,6,6,1,58,9,1301,1,1,KTM 1290 SUPERDUKE,5,E01010306,0,-1
2020420974820,2020,420974820,2,5,0,18,19,5,1,0,0,0,0,0,1,0,1,1,5,6,1,57,9,1301,1,3,KTM 1290 SUPERDUKE,9,E01015845,0,-1
2020010263568,2020,010263568,2,5,0,18,19,5,1,0,0,8,0,0,0,0,1,1,6,6,1,-1,-1,1301,1,2,KTM 1290 SUPERDUKE,-1,-1,0,-1
2020430053286,2020,430053286,1,4,0,18,19,8,4,0,0,0,0,0,1,9,3,1,6,6,1,27,6,125,1,0,-1,10,E01028702,0,-1
2020610011120,2020,610011120,2,4,0,4,4,3,1,0,0,1,0,0,0,0,1,1,6,6,1,17,4,124,1,4,-1,3,W01001388,0,-1
2020530956604,2020,530956604,2,9,0,2,2,3,7,0,0,0,0,0,0,0,2,1,2,2,1,52,8,3456,1,4,-1,6,E01022377,0,-1
2020470962073,2020,470962073,1,9,0,18,19,1,5,0,0,0,0,0,1,4,3,1,5,6,1,36,7,1796,1,16,-1,4,E01024591,0,-1
2020430195509,2020,430195509,2,9,0,17,19,5,2,0,0,8,0,0,0,0,1,1,6,6,1,37,7,3456,1,4,-1,9,E01017821,0,-1
2020361009682,2020,361009682,1,9,5,18,19,5,1,0,0,0,1,0,1,0,1,1,5,6,1,61,9,3456,1,0,-1,4,E01031165,0,-1
2020200955570,2020,200955570,1,9,0,18,19,6,2,0,0,0,1,4,0,0,1,1,6,6,1,-1,-1,2143,2,11,MERCEDES C CLASS,-1,-1,0,-1
2020010265921,2020,010265921,1,9,0,4,4,1,5,0,0,2,0,0,0,0,2,1,6,6,1,37,7,2143,2,4,MERCEDES C CLASS,1,E01001634,0,-1
2020101011819,2020,101011819,1,9,0,5,5,1,5,9,9,0,1,10,0,0,1,1,6,6,1,72,10,2143,2,8,MERCEDES C CLASS,4,E01008468,0,-1
2020010286614,2020,010286614,1,9,0,5,5,5,1,0,0,1,0,0,0,0,1,1,6,6,1,21,5,1991,8,4,MERCEDES C CLASS,5,E01003144,0,-1
202031D036620,2020,31D036620,2,9,0,10,10,5,3,0,0,1,0,0,0,0,2,1,6,6,2,30,6,2143,2,3,MERCEDES C CLASS,7,E01026372,0,-1
2020010277313,2020,010277313,1,9,0,9,9,5,3,0,0,6,0,0,0,0,1,1,2,2,1,38,7,1598,2,5,MERCEDES C CLASS,1,E01001410,0,-1
2020440284475,2020,440284475,1,9,0,18,19,3,7,0,0,8,0,0,3,11,2,1,6,6,2,29,6,2143,2,4,MERCEDES C CLASS,5,E01022957,0,-1
2020010283654,2020,010283654,2,9,0,3,3,4,8,0,0,8,0,4,0,0,2,1,6,6,1,25,5,2143,2,7,MERCEDES C CLASS,4,E01016013,0,-1
2020070486282,2020,070486282,2,19,0,4,4,3,7,0,0,0,0,0,0,0,1,1,2,2,1,57,9,1461,2,3,MERCEDES C CLASS,2,E01006477,0,-1
2020010245242,2020,010245242,1,8,0,99,99,9,9,99,99,9,9,99,9,99,9,9,6,6,1,32,6,2143,2,2,MERCEDES C CLASS,7,E01030859,0,-1
2020010280928,2020,010280928,2,9,0,99,99,9,9,99,99,0,9,99,9,99,9,1,6,6,3,46,8,1998,1,18,MERCEDES C CLASS,5,E01002651,0,-1
2020010231706,2020,010231706,1,9,0,9,9,5,3,0,0,8,0,0,0,0,1,1,2,2,1,47,8,1796,1,12,MERCEDES C CLASS,3,E01001819,0,-1
2020990979470,2020,990979470,3,9,0,4,4,1,5,0,0,0,0,0,0,0,4,1,6,6,1,40,7,1796,1,12,MERCEDES C CLASS,-1,-1,0,-1
2020010286532,2020,010286532,2,9,0,18,19,5,1,0,0,2,0,0,0,0,1,1,6,6,3,-1,-1,2148,2,12,MERCEDES C CLASS,-1,-1,0,-1
2020010248789,2020,010248789,2,8,0,99,99,9,9,99,99,9,9,99,9,99,9,9,6,6,1,61,9,1991,1,5,MERCEDES C CLASS,2,E01003179,0,-1
2020201019111,2020,201019111,3,9,0,2,2,0,0,0,0,1,0,0,0,0,1,1,6,6,1,-1,-1,2143,2,6,MERCEDES C CLASS,-1,-1,0,-1
2020231004610,2020,231004610,2,9,0,5,5,3,6,0,0,6,0,0,0,0,2,1,5,6,1,22,5,1595,1,7,MERCEDES C CLASS,8,E01031310,0,-1
2020500972420,2020,500972420,2,9,0,18,19,4,8,0,0,1,0,0,0,0,1,1,5,6,1,78,11,1796,1,9,MERCEDES C CLASS,6,E01020202,0,-1
2020010260328,2020,010260328,1,9,0,99,99,9,9,0,0,0,0,99,0,0,9,9,6,6,1,39,7,1595,1,7,MERCEDES C CLASS,5,E01000964,0,-1
2020010233557,2020,010233557,1,8,0,99,99,9,9,99,99,9,9,99,9,99,9,9,6,6,1,-1,-1,2143,2,6,MERCEDES C CLASS,-1,-1,0,-1
2020610041420,2020,610041420,1,9,0,4,4,5,3,0,0,1,0,0,0,0,2,1,6,6,2,42,7,2143,2,8,MERCEDES C CLASS,3,W01001448,0,-1
2020010279391,2020,010279391,2,9,0,18,19,3,7,0,0,0,0,0,0,0,1,1,6,6,1,47,8,2143,2,9,MERCEDES C CLASS,3,E01001467,0,-1
2020530954215,2020,530954215,2,9,0,18,19,1,5,0,0,0,0,0,0,0,1,1,2,2,1,22,5,2143,2,5,MERCEDES C CLASS,8,E01015576,0,-1
2020010276258,2020,010276258,1,19,0,1,1,7,3,0,0,0,0,0,0,0,2,1,6,6,3,19,4,1461,2,3,MERCEDES C CLASS,-1,-1,0,-1
2020040996911,2020,040996911,1,19,0,1,1,2,6,0,0,0,0,0,0,0,2,1,2,2,1,54,8,1461,2,6,MERCEDES C CLASS,5,E01025555,0,-1
2020530994898,2020,530994898,2,9,0,4,4,5,3,0,0,0,0,0,0,0,2,1,5,6,1,45,7,1796,1,9,MERCEDES C CLASS,10,E01022433,0,-1
2020450943089,2020,450943089,3,9,0,18,19,4,8,0,0,0,0,0,0,0,2,1,5,6,1,52,8,1998,1,21,MERCEDES C CLASS,2,E01029988,0,-1
202006L173304,2020,06L173304,2,9,0,18,19,1,5,0,0,8,0,0,0,0,1,1,6,6,1,52,8,2143,2,4,MERCEDES C CLASS,9,E01006373,0,-1
2020010272464,2020,010272464,2,9,0,99,99,9,9,0,0,1,0,0,9,0,9,9,6,6,3,-1,-1,1595,1,7,MERCEDES C CLASS,-1,-1,0,-1
2020140920471,2020,140920471,1,9,0,7,7,5,7,0,0,6,0,0,0,0,3,1,5,6,1,46,8,1796,1,15,MERCEDES C CLASS,1,E01007339,0,-1
2020350934929,2020,350934929,2,9,0,18,19,7,3,0,0,1,1,0,7,11,3,1,1,1,1,53,8,1796,1,13,MERCEDES C CLASS,9,E01023465,0,-1
2020010248414,2020,010248414,2,9,9,99,99,9,9,99,99,9,9,0,0,0,9,9,6,6,3,-1,-1,3199,1,19,MERCEDES C CLASS,-1,-1,0,-1
2020430272856,2020,430272856,1,9,0,18,19,4,8,0,0,0,0,0,0,0,3,1,6,6,1,21,5,2987,2,8,MERCEDES C CLASS,8,E01017747,0,-1
2020070458789,2020,070458789,1,9,0,18,19,2,6,0,0,8,0,0,0,0,1,1,2,2,1,38,7,1796,1,18,MERCEDES C CLASS,1,E01028957,0,-1
2020010233280,2020,010233280,1,9,0,99,99,9,9,99,99,9,9,99,9,99,9,9,6,6,2,65,9,2143,2,5,MERCEDES C CLASS,10,E01002482,0,-1
2020040967666,2020,040967666,3,9,0,18,19,2,6,0,0,0,0,0,0,0,0,1,5,6,1,57,9,2143,2,8,MERCEDES C CLASS,7,E01025417,0,-1
2020460996209,2020,460996209,2,9,0,18,19,6,2,0,0,0,0,0,0,0,1,1,6,6,1,83,11,1497,1,2,MERCEDES C CLASS,8,E01024255,0,-1
2020010239218,2020,010239218,1,9,0,99,99,9,9,99,99,0,9,99,9,99,2,9,6,6,1,34,6,2143,2,4,MERCEDES C CLASS,3,E01017514,0,-1
2020010257635,2020,010257635,2,9,0,99,99,9,9,99,99,9,9,99,9,99,9,9,6,6,3,-1,-1,1796,1,16,MERCEDES C CLASS,-1,-1,0,-1
2020320006609,2020,320006609,3,9,0,18,19,7,3,0,0,8,0,0,0,0,4,1,6,6,1,73,10,1796,1,14,MERCEDES C CLASS,3,E01015619,0,-1
2020320554210,2020,320554210,1,9,0,18,19,7,3,0,0,8,0,0,7,4,3,1,6,6,2,54,8,2143,2,6,MERCEDES C CLASS,7,E01026281,0,-1
2020200934283,2020,200934283,2,9,0,3,3,8,2,0,0,1,0,0,0,0,2,1,6,6,2,39,7,1598,2,1,MERCEDES C CLASS,7,E01009562,0,-1
2020010238312,2020,010238312,2,9,0,6,6,3,3,0,0,0,0,0,0,0,4,1,1,1,1,24,5,1598,2,4,MERCEDES C CLASS,3,E01001546,0,-1
202006E368727,2020,06E368727,2,9,0,8,8,3,5,0,0,5,0,0,0,0,2,1,2,2,2,27,6,2143,2,4,MERCEDES C CLASS,1,E01005187,0,-1
2020470993260,2020,470993260,2,9,0,18,19,7,3,0,0,0,0,0,0,0,1,1,5,6,1,44,7,2143,2,5,MERCEDES C CLASS,6,E01021097,0,-1
2020137740830,2020,137740830,1,9,0,7,7,8,4,0,0,0,0,0,0,0,4,1,6,6,1,27,6,2143,2,11,MERCEDES C CLASS,7,E01012209,0,-1
2020460964153,2020,460964153,1,9,0,18,19,5,1,0,0,4,0,0,1,0,1,1,5,6,1,-1,-1,3498,1,11,MERCEDES C CLASS,-1,-1,0,-1
2020480988501,2020,480988501,1,9,0,9,9,5,3,0,0,8,0,0,0,0,4,1,2,2,2,77,11,1796,1,17,MERCEDES C CLASS,3,E01003331,0,-1
2020210993582,2020,210993582,1,9,0,4,4,4,8,0,0,0,0,0,0,0,1,1,6,6,1,65,9,2143,2,9,MERCEDES C CLASS,7,E01019634,0,-1
2020230932308,2020,230932308,1,9,0,9,9,1,7,0,0,5,0,0,0,0,1,1,6,6,1,21,5,2143,2,6,MERCEDES C CLASS,8,E01031230,0,-1
2020201022730,2020,201022730,1,9,0,4,4,2,6,0,0,0,0,0,0,0,1,1,6,6,3,-1,-1,2148,2,12,MERCEDES C CLASS,-1,-1,0,-1
2020040996033,2020,040996033,3,9,0,4,4,3,7,0,0,0,0,0,0,0,2,1,2,2,1,46,8,2143,2,6,MERCEDES C CLASS,3,E01024943,0,-1
2020040925324,2020,040925324,1,9,0,18,19,7,3,0,0,0,0,0,1,0,1,1,5,6,1,24,5,2143,2,5,MERCEDES C CLASS,8,E01025090,0,-1
2020471002067,2020,471002067,1,9,0,5,5,1,5,0,0,1,0,0,0,0,3,1,3,7,1,50,8,2143,2,7,MERCEDES C CLASS,10,E01031774,0,-1
2020010236632,2020,010236632,1,9,0,99,99,9,9,0,0,0,9,99,9,99,2,9,6,6,2,35,6,1991,1,1,MERCEDES C CLASS,9,E01030428,0,-1
2020137391834,2020,137391834,2,9,0,18,19,3,7,0,0,1,0,0,0,0,1,1,6,6,1,49,8,2143,2,7,MERCEDES C CLASS,1,E01010833,0,-1
2020100976740,2020,100976740,1,9,0,3,3,7,3,0,0,4,0,0,0,0,1,1,5,6,1,33,6,2143,2,2,MERCEDES C CLASS,5,E01008402,0,-1
202031A039820,2020,31A039820,2,9,0,18,19,8,4,0,0,1,0,4,0,0,1,1,1,1,1,47,8,1998,1,18,MERCEDES C CLASS,2,E01019483,0,-1
2020010267063,2020,010267063,1,9,0,18,19,3,7,0,0,6,0,0,0,0,1,1,6,6,2,67,10,2143,2,3,MERCEDES C CLASS,8,E01002477,0,-1
2020010276799,2020,010276799,1,9,0,9,9,1,7,0,0,6,0,0,0,0,1,1,6,6,1,32,6,2143,2,3,MERCEDES C CLASS,6,E01001270,0,-1
2020400938875,2020,400938875,1,9,0,9,9,3,1,0,0,8,0,0,0,0,4,1,5,6,1,22,5,2685,2,15,MERCEDES C CLASS,5,E01015700,0,-1
2020041004467,2020,041004467,1,9,0,18,19,7,3,0,0,0,0,0,1,10,1,1,6,6,1,19,4,1595,1,7,MERCEDES C CLASS,1,-1,0,-1
2020010283107,2020,010283107,1,9,0,99,99,9,9,99,99,9,9,99,9,99,9,9,6,6,3,-1,-1,1497,1,2,MERCEDES C CLASS,-1,-1,0,-1
2020010252001,2020,010252001,2,9,0,99,99,9,9,99,99,9,9,99,9,99,1,9,6,6,3,-1,-1,2143,2,6,MERCEDES C CLASS,-1,-1,0,-1
2020200956214,2020,200956214,3,9,0,2,2,0,0,0,0,0,0,0,0,0,3,1,6,6,1,29,6,2148,2,11,MERCEDES C CLASS,2,E01010268,0,-1
2020010260448,2020,010260448,2,9,0,99,99,9,9,99,99,9,9,99,9,99,2,9,6,6,3,-1,-1,1950,2,1,MERCEDES C CLASS,3,E01023142,0,-1
2020220937268,2020,220937268,2,9,0,9,9,8,6,0,0,5,1,0,7,9,4,1,2,2,1,43,7,2148,2,15,MERCEDES C CLASS,6,E01032188,0,-1
2020040971023,2020,040971023,1,9,0,18,19,2,6,0,0,0,0,0,0,0,1,1,6,6,3,-1,-1,6208,1,8,MERCEDES C CLASS,-1,-1,0,-1
2020430222912,2020,430222912,2,9,0,18,19,2,6,0,0,1,0,0,0,0,1,1,6,6,2,-1,-1,1991,1,2,MERCEDES C CLASS,-1,-1,0,-1
2020010231383,2020,010231383,1,9,0,18,19,4,8,0,0,1,0,0,0,0,1,1,6,6,2,57,9,1796,1,16,MERCEDES C CLASS,10,E01023566,0,-1
2020430356430,2020,430356430,2,9,0,8,8,1,5,0,0,6,0,0,0,0,2,1,2,2,2,50,8,2143,2,5,MERCEDES C CLASS,6,E01028597,0,-1
2020010252196,2020,010252196,1,9,0,4,4,1,5,0,0,0,0,0,0,0,1,1,6,6,1,35,6,1991,8,4,MERCEDES C CLASS,-1,-1,0,-1
2020010276732,2020,010276732,1,19,0,11,11,3,7,0,0,5,0,0,0,0,4,1,6,6,1,40,7,1461,2,1,MERCEDES C CLASS,1,E01003577,0,-1
2020610044520,2020,610044520,1,9,0,13,13,7,3,0,0,0,0,0,0,0,1,1,6,6,1,25,5,2996,1,4,MERCEDES C CLASS,8,W01001913,0,-1
2020440307131,2020,440307131,1,9,0,18,19,5,1,0,0,0,0,0,0,0,2,1,6,6,1,27,6,1497,1,2,MERCEDES C CLASS,6,E01022657,0,-1
2020010239218,2020,010239218,2,9,0,99,99,9,9,99,99,9,9,99,9,99,2,9,6,6,2,25,5,1950,2,0,MERCEDES C CLASS,4,E01023333,0,-1
2020010283114,2020,010283114,2,9,0,7,7,7,8,0,0,2,0,0,0,0,1,1,6,6,1,50,8,1796,1,8,MERCEDES C CLASS,5,E01001271,0,-1
2020547492920,2020,547492920,1,9,0,1,1,1,5,0,0,0,0,0,1,9,0,1,6,6,2,64,9,1799,1,22,MERCEDES C CLASS,10,W01001799,0,-1
2020990926766,2020,990926766,2,9,0,18,19,5,1,0,0,0,0,0,0,0,1,1,5,6,1,82,11,1597,1,10,MERCEDES C CLASS,5,-1,0,-1
2020010267525,2020,010267525,1,9,0,18,19,7,3,0,0,2,0,0,0,0,4,1,6,6,1,24,5,1597,1,11,MERCEDES C CLASS,7,E01002136,0,-1
2020200955531,2020,200955531,1,9,0,18,19,7,3,0,0,0,0,10,1,4,1,1,6,6,1,35,6,2143,2,5,MERCEDES C CLASS,10,E01010150,0,-1
2020991000926,2020,991000926,1,9,0,16,19,3,7,0,0,0,0,0,0,0,1,1,2,2,1,40,7,2143,2,3,MERCEDES C CLASS,7,-1,0,-1
2020420966059,2020,420966059,2,9,0,16,19,7,3,0,0,0,0,0,5,0,2,1,2,2,2,60,9,2143,2,3,MERCEDES C CLASS,6,E01021730,0,-1
2020160976915,2020,160976915,1,9,0,12,12,7,3,0,0,0,0,0,0,0,1,1,2,2,1,31,6,1595,1,7,MERCEDES C CLASS,3,E01012795,0,-1
2020351011590,2020,351011590,3,9,0,2,2,0,0,0,0,0,0,0,0,0,2,1,6,6,2,40,7,2143,2,5,MERCEDES C CLASS,7,E01018082,0,-1
2020230951393,2020,230951393,1,9,0,18,19,8,4,0,0,0,0,0,0,0,1,1,5,6,1,30,6,2143,2,3,MERCEDES C CLASS,-1,-1,0,-1
2020070568369,2020,070568369,2,8,0,18,19,2,6,0,0,0,0,0,0,0,1,1,1,1,1,53,8,1796,1,14,MERCEDES C CLASS,4,E01012504,0,-1
202031C057520,2020,31C057520,1,9,0,18,19,2,6,0,0,2,0,7,1,1,1,1,6,6,1,26,6,2143,2,8,MERCEDES C CLASS,1,E01019650,0,-1
2020421006895,2020,421006895,2,9,0,18,19,3,7,0,0,0,0,0,0,0,1,1,6,6,1,50,8,2143,2,4,MERCEDES C CLASS,6,E01029891,0,-1
2020010260062,2020,010260062,1,9,0,2,2,0,0,0,0,0,0,0,0,0,3,1,6,6,3,-1,-1,2148,2,17,MERCEDES C CLASS,-1,-1,0,-1
2020440098785,2020,440098785,1,19,0,18,19,3,7,0,0,1,0,0,0,0,1,1,1,1,1,64,9,1461,2,4,MERCEDES C CLASS,9,E01016313,0,-1
2020040994101,2020,040994101,1,19,0,18,19,7,3,0,0,0,0,0,0,0,4,1,6,6,1,57,9,1461,2,6,MERCEDES C CLASS,3,E01024884,0,-1
202054B001520,2020,54B001520,1,9,0,18,19,4,8,0,0,8,0,4,0,0,1,2,6,6,1,31,6,2143,2,6,MERCEDES C CLASS,9,E01031953,0,-1
2020440451992,2020,440451992,1,9,0,4,4,6,2,0,0,0,0,4,0,0,0,1,6,6,1,48,8,2143,2,7,MERCEDES C CLASS,8,E01023084,0,-1
2020200964305,2020,200964305,3,9,0,18,19,5,1,0,0,0,0,0,0,0,1,1,6,6,1,30,6,2148,2,13,MERCEDES C CLASS,1,E01032888,0,-1
2020401011104,2020,401011104,2,9,0,18,19,5,1,0,0,0,0,0,0,0,1,1,5,6,1,30,6,2143,2,6,MERCEDES C CLASS,2,E01015749,0,-1
202006XN69954,2020,06XN69954,3,9,0,18,19,1,5,0,0,0,0,0,0,0,1,1,6,6,1,38,7,2996,1,4,MERCEDES C CLASS,1,E01005984,0,-1
2020460931661,2020,460931661,1,9,0,7,7,3,1,0,0,1,0,0,0,0,1,1,6,6,1,36,7,2143,2,7,MERCEDES C CLASS,3,E01024695,0,-1
2020010284731,2020,010284731,1,9,0,18,19,8,4,0,0,1,0,0,0,0,1,1,3,7,1,39,7,1991,1,5,MERCEDES C CLASS,5,E01003955,0,-1
2020420984064,2020,420984064,3,9,0,16,19,3,6,0,0,0,0,0,0,0,3,1,3,7,1,56,9,1796,1,13,MERCEDES C CLASS,8,E01033610,0,-1
2020010249303,2020,010249303,2,9,0,3,3,3,7,0,0,1,0,0,0,0,1,1,2,2,1,62,9,2148,2,15,MERCEDES C CLASS,-1,-1,0,-1
2020010262057,2020,010262057,2,9,0,99,99,9,9,99,99,0,9,99,9,99,9,9,6,6,1,32,6,2143,2,9,MERCEDES C CLASS,2,E01003297,0,-1
2020552000904,2020,552000904,2,9,0,3,3,7,3,0,0,0,0,0,0,0,2,1,1,1,2,48,8,2148,2,14,MERCEDES C CLASS,5,E01020584,0,-1
2020200934512,2020,200934512,1,9,0,18,19,5,1,0,0,8,0,0,0,0,1,1,6,6,1,-1,-1,2143,2,7,MERCEDES C CLASS,-1,-1,0,-1
2020040920673,2020,040920673,1,9,0,9,9,1,1,0,0,2,0,0,0,0,1,1,5,6,1,88,11,2148,2,17,MERCEDES C CLASS,-1,-1,0,-1
2020440180746,2020,440180746,1,9,0,9,9,8,7,0,0,8,0,0,0,0,3,1,6,6,1,31,6,2143,2,5,MERCEDES C CLASS,3,E01004034,0,-1