collision_index,collision_year,collision_ref_no,vehicle_reference,vehicle_type,towing_and_articulation,vehicle_manoeuvre_historic,vehicle_manoeuvre,vehicle_direction_from,vehicle_direction_to,vehicle_location_restricted_lane_historic,vehicle_location_restricted_lane,junction_location,skidding_and_overturning,hit_object_in_carriageway,vehicle_leaving_carriageway,hit_object_off_carriageway,first_point_of_impact,vehicle_left_hand_drive,journey_purpose_of_driver_historic,journey_purpose_of_driver,sex_of_driver,age_of_driver,age_band_of_driver,engine_capacity_cc,propulsion_code,age_of_vehicle,generic_make_model,driver_imd_decile,lsoa_of_driver,escooter_flag,driver_distance_banding
2020010244251,2020,010244251,1,9,0,99,99,9,9,99,99,9,9,99,9,99,9,9,6,6,1,21,5,1595,1,7,MERCEDES C CLASS,4,E01001355,0,-1
2020401009364,2020,401009364,2,9,0,18,19,-1,-1,0,0,1,0,0,0,0,3,1,6,6,2,45,7,1595,1,7,MERCEDES C CLASS,8,E01015696,0,-1
2020522100607,2020,522100607,1,9,0,10,10,3,1,0,0,1,0,0,0,0,2,1,6,6,2,60,9,2143,2,6,MERCEDES C CLASS,7,E01015560,0,-1
2020520002903,2020,520002903,1,9,0,18,19,8,4,0,0,8,0,0,0,0,1,1,6,6,1,32,6,6208,1,11,MERCEDES C CLASS,2,E01029098,0,-1
2020010262299,2020,010262299,1,9,0,9,9,1,7,0,0,6,0,0,0,0,0,1,6,6,1,30,6,1796,1,17,MERCEDES C CLASS,2,E01000867,0,-1
2020010260853,2020,010260853,1,9,0,4,4,3,7,0,0,1,0,0,0,0,1,1,6,6,1,81,11,1796,1,8,MERCEDES C CLASS,8,E01001400,0,-1
2020010280351,2020,010280351,2,9,0,9,9,3,2,0,0,6,0,0,0,0,4,1,6,6,2,28,6,1796,1,8,MERCEDES C CLASS,6,E01021353,0,-1
2020220951136,2020,220951136,2,9,0,17,19,8,4,0,0,0,0,0,2,10,4,1,5,6,1,22,5,2143,2,6,MERCEDES C CLASS,3,E01014194,0,-1
2020010243347,2020,010243347,1,9,0,5,5,7,3,0,0,4,0,0,0,0,1,1,1,1,1,55,8,2143,2,8,MERCEDES C CLASS,-1,-1,0,-1
2020231021631,2020,231021631,1,9,0,5,5,4,8,0,0,0,0,0,0,0,4,1,5,6,1,42,7,2148,2,15,MERCEDES C CLASS,3,E01031074,0,-1
2020460936731,2020,460936731,1,9,0,18,19,6,1,0,0,0,1,10,2,0,1,1,5,6,1,32,6,2143,2,4,MERCEDES C CLASS,5,E01024379,0,-1
2020460964423,2020,460964423,1,9,0,6,6,6,3,8,6,0,1,0,0,0,3,1,6,6,1,30,6,1998,1,18,MERCEDES C CLASS,1,E01001885,0,-1
2020010286959,2020,010286959,1,9,0,18,19,3,7,0,0,8,0,0,0,0,4,1,6,6,1,39,7,2143,2,7,MERCEDES C CLASS,-1,-1,0,-1
2020010231441,2020,010231441,1,9,0,5,5,0,3,9,9,6,0,0,0,0,1,2,6,6,2,33,6,1991,1,5,MERCEDES C CLASS,6,E01004351,0,-1
2020122000726,2020,122000726,1,9,0,7,7,8,6,0,0,1,0,0,0,0,0,1,6,6,2,36,7,2143,2,3,MERCEDES C CLASS,5,E01027789,0,-1
2020440356979,2020,440356979,1,9,0,3,3,2,6,0,0,8,0,0,0,0,2,1,6,6,2,40,7,2143,2,2,MERCEDES C CLASS,8,E01023245,0,-1
2020010252385,2020,010252385,1,9,0,18,19,3,7,0,0,8,0,0,0,0,3,1,6,6,1,55,8,2143,2,11,MERCEDES C CLASS,2,E01001757,0,-1
2020010233293,2020,010233293,1,9,0,3,3,7,3,0,0,1,0,0,0,0,2,1,2,2,2,37,7,2143,2,5,MERCEDES C CLASS,2,E01001414,0,-1
2020549712620,2020,549712620,2,9,0,5,5,4,8,0,0,0,0,0,0,0,1,1,6,6,1,29,6,2143,2,2,MERCEDES C CLASS,3,E01031912,0,-1
2020010268846,2020,010268846,1,9,0,4,4,1,5,0,0,2,0,0,0,0,3,1,6,6,2,74,10,1796,1,12,MERCEDES C CLASS,9,E01001422,0,-1
2020320351819,2020,320351819,3,9,0,18,19,8,4,0,0,1,5,0,0,0,1,1,6,6,1,70,10,2148,2,12,MERCEDES C CLASS,9,E01021124,0,-1
2020470970794,2020,470970794,4,9,0,18,19,3,7,0,0,0,0,0,0,0,1,1,2,2,1,42,7,2143,2,4,MERCEDES C CLASS,9,E01022719,0,-1
2020137171143,2020,137171143,2,9,0,3,3,1,5,0,0,0,0,0,0,0,2,1,6,6,1,57,9,2143,2,6,MERCEDES C CLASS,7,E01007973,0,-1
2020070586943,2020,070586943,2,9,0,18,19,7,3,0,0,0,0,0,0,0,2,1,1,1,2,30,6,1597,1,11,MERCEDES C CLASS,-1,-1,0,-1
2020400925559,2020,400925559,2,9,-1,-1,-1,4,1,-1,-1,1,-1,-1,-1,0,-1,1,6,6,1,69,10,1796,1,15,MERCEDES C CLASS,9,E01017603,0,-1
2020420978257,2020,420978257,2,9,3,4,4,7,3,0,0,0,0,0,0,0,2,1,5,6,1,53,8,2148,2,14,MERCEDES C CLASS,1,E01013299,0,-1
2020545363420,2020,545363420,1,9,0,18,19,1,5,0,0,2,0,0,0,0,1,1,6,6,2,28,6,2143,2,9,MERCEDES C CLASS,10,E01031924,0,-1
2020440319204,2020,440319204,1,9,0,3,3,4,8,0,0,1,0,0,0,0,2,1,1,1,1,57,9,2143,2,2,MERCEDES C CLASS,6,E01022919,0,-1
2020010286308,2020,010286308,1,9,0,1,1,5,1,5,5,1,0,0,0,0,2,2,6,6,2,62,9,1597,7,10,MERCEDES C CLASS,2,E01003303,0,-1
2020010253619,2020,010253619,1,9,0,99,99,9,9,0,0,1,0,0,0,0,1,1,2,2,2,40,7,1796,1,16,MERCEDES C CLASS,2,E01003350,0,-1
2020340N07082,2020,340N07082,2,9,0,2,2,0,0,0,0,0,0,0,0,0,1,1,6,6,2,58,9,2148,2,11,MERCEDES C CLASS,7,E01027186,0,-1
2020010273749,2020,010273749,2,9,0,18,19,4,8,0,0,2,0,0,0,0,3,1,2,2,1,54,8,1991,8,4,MERCEDES C CLASS,8,E01000540,0,-1
2020010267083,2020,010267083,2,9,0,6,6,1,1,0,0,3,0,0,0,0,3,1,1,1,1,30,6,1991,8,4,MERCEDES C CLASS,1,E01002855,0,-1
2020010276721,2020,010276721,3,9,0,3,3,3,7,0,0,2,0,0,0,0,0,1,6,6,1,36,7,1991,1,4,MERCEDES C CLASS,5,E01003751,0,-1
2020140955136,2020,140955136,1,9,0,18,19,8,4,0,0,1,0,0,0,0,1,1,6,6,2,41,7,2148,2,17,MERCEDES C CLASS,1,E01008097,0,-1
2020100949260,2020,100949260,1,9,0,18,19,4,8,5,5,8,0,0,0,0,1,1,6,6,1,37,7,2987,2,11,MERCEDES C CLASS,-1,-1,0,-1
202031D099920,2020,31D099920,1,9,0,18,19,5,1,0,0,0,1,0,1,6,1,1,6,6,2,22,5,1497,1,0,MERCEDES C CLASS,6,E01023786,0,-1
2020420915645,2020,420915645,2,9,0,3,3,5,3,0,0,2,0,0,0,0,4,1,5,6,1,28,6,1595,1,7,MERCEDES C CLASS,9,E01015941,0,-1
2020410994191,2020,410994191,1,9,0,9,9,1,7,9,9,0,0,0,0,0,1,1,5,6,1,61,9,2143,2,10,MERCEDES C CLASS,8,E01023478,0,-1
2020010252112,2020,010252112,4,9,0,18,19,7,3,0,0,0,0,0,0,0,1,1,6,6,1,40,7,2143,2,4,MERCEDES C CLASS,-1,-1,0,-1
2020450990840,2020,450990840,1,9,0,18,19,5,1,0,0,1,0,0,0,0,3,1,5,6,2,25,5,2143,2,6,MERCEDES C CLASS,4,E01030816,0,-1
2020210987081,2020,210987081,1,19,0,18,19,2,6,0,0,0,0,0,0,0,4,1,5,6,1,67,10,1461,2,2,MERCEDES C CLASS,9,E01029773,0,-1
2020470993260,2020,470993260,3,9,0,18,19,7,3,0,0,0,0,0,0,0,2,1,5,6,1,43,7,3982,1,5,MERCEDES C CLASS,7,E01021205,0,-1
2020010285481,2020,010285481,1,9,0,18,19,3,7,0,0,8,0,0,0,0,1,1,6,6,1,48,8,1796,1,9,MERCEDES C CLASS,2,E01002829,0,-1
2020010282718,2020,010282718,2,9,0,99,99,9,9,99,99,9,9,99,9,99,2,9,6,6,3,-1,-1,2143,2,4,MERCEDES C CLASS,6,E01003738,0,-1
2020470976855,2020,470976855,4,9,0,18,19,3,7,0,0,0,0,0,0,0,1,1,5,6,1,58,9,2143,2,5,MERCEDES C CLASS,5,E01004354,0,-1
2020990954489,2020,990954489,1,9,0,5,5,6,2,9,9,0,0,0,0,0,1,2,5,6,1,27,6,2143,2,5,MERCEDES C CLASS,4,-1,0,-1
2020990970839,2020,990970839,1,9,0,13,13,1,5,0,0,0,0,0,0,0,1,1,5,6,1,52,8,1991,8,4,MERCEDES C CLASS,5,E01001350,0,-1
2020010287121,2020,010287121,2,9,0,18,19,1,5,0,0,8,0,0,0,0,3,1,6,6,1,22,5,1497,1,1,MERCEDES C CLASS,10,E01000357,0,-1
2020231000302,2020,231000302,1,9,0,17,19,8,4,0,0,0,5,10,1,4,1,1,5,6,1,22,5,2143,2,4,MERCEDES C CLASS,10,E01014395,0,-1
2020420991656,2020,420991656,2,9,0,18,19,7,5,0,0,0,0,11,0,0,1,1,5,6,1,25,5,1950,2,1,MERCEDES C CLASS,9,E01016677,0,-1
2020010271058,2020,010271058,3,9,0,2,2,0,0,0,0,1,0,0,0,0,2,1,6,6,3,-1,-1,1799,1,22,MERCEDES C CLASS,-1,-1,0,-1
2020010242145,2020,010242145,3,9,0,18,19,7,3,0,0,0,0,0,0,0,1,1,6,6,3,-1,-1,1597,1,10,MERCEDES C CLASS,-1,-1,0,-1
2020990994109,2020,990994109,1,9,0,7,7,1,6,0,0,8,1,0,1,4,1,1,6,6,2,22,5,1796,1,17,MERCEDES C CLASS,3,-1,0,-1
2020450943611,2020,450943611,1,9,0,12,12,1,5,0,0,0,0,0,0,0,1,1,6,6,1,33,6,2143,2,6,MERCEDES C CLASS,7,E01016504,0,-1
2020010286009,2020,010286009,1,9,0,99,99,9,9,99,99,9,9,99,9,99,2,9,2,2,1,38,7,2143,2,3,MERCEDES C CLASS,2,E01004013,0,-1
2020010278158,2020,010278158,1,9,0,99,99,9,9,99,99,9,9,99,9,99,2,9,2,2,1,54,8,2143,2,7,MERCEDES C CLASS,9,E01003011,0,-1
2020220996777,2020,220996777,1,9,0,13,13,7,3,0,0,0,0,0,1,2,1,1,5,6,1,30,6,2996,1,4,MERCEDES C CLASS,6,E01028943,0,-1
2020530971332,2020,530971332,4,9,0,18,19,5,1,0,0,2,0,0,0,0,1,1,6,6,1,33,6,2143,2,5,MERCEDES C CLASS,9,E01030690,0,-1
2020522003478,2020,522003478,2,9,0,18,19,1,5,0,0,8,0,0,0,0,1,1,6,6,3,-1,-1,2148,2,17,MERCEDES C CLASS,-1,-1,0,-1
2020430271580,2020,430271580,1,9,0,17,19,5,2,0,0,0,0,4,0,0,1,1,6,6,1,55,8,2143,2,10,MERCEDES C CLASS,6,E01017934,0,-1
2020302000177,2020,302000177,2,9,0,18,19,2,6,0,0,3,0,0,1,4,3,1,6,6,1,25,5,2143,2,4,MERCEDES C CLASS,6,E01019480,0,-1
2020430113429,2020,430113429,1,9,0,4,4,4,8,0,0,1,0,0,0,0,2,1,6,6,1,55,8,2143,2,10,MERCEDES C CLASS,2,E01016368,0,-1
2020451011211,2020,451011211,2,9,0,18,19,6,2,0,0,0,0,0,0,0,1,1,5,6,1,30,6,6208,1,10,MERCEDES C CLASS,7,E01023135,0,-1
2020430060936,2020,430060936,2,9,0,9,9,6,3,0,0,5,0,0,0,0,1,1,2,2,1,65,9,2148,2,14,MERCEDES C CLASS,5,E01030747,0,-1
2020460957876,2020,460957876,2,9,0,18,19,3,7,0,0,1,0,0,0,0,2,1,6,6,2,43,7,1796,1,10,MERCEDES C CLASS,3,E01024396,0,-1
2020160951767,2020,160951767,1,9,0,13,13,6,2,0,0,8,0,0,0,0,4,1,6,6,1,27,6,1796,1,10,MERCEDES C CLASS,4,E01013239,0,-1
2020137831096,2020,137831096,2,9,0,18,19,4,8,0,0,0,0,0,0,0,1,1,6,6,1,49,8,2497,2,22,MERCEDES C CLASS,-1,-1,0,-1
2020211025359,2020,211025359,1,9,0,17,19,5,1,0,0,0,0,0,1,0,3,1,2,2,1,28,6,1796,1,10,MERCEDES C CLASS,1,E01014366,0,-1
2020010271804,2020,010271804,2,9,0,99,99,9,9,99,99,9,9,99,9,99,4,9,6,6,2,51,8,1598,2,3,MERCEDES C CLASS,2,E01002604,0,-1
2020421003093,2020,421003093,2,9,3,18,19,1,5,0,0,8,0,0,0,0,4,1,5,6,1,69,10,2143,2,5,MERCEDES C CLASS,7,E01021381,0,-1
2020010283852,2020,010283852,2,9,0,12,12,8,4,0,0,0,0,0,0,0,2,1,6,6,2,34,6,2143,2,7,MERCEDES C CLASS,6,E01003434,0,-1
2020302000684,2020,302000684,1,9,0,18,19,6,3,0,0,0,0,0,0,0,1,1,6,6,1,30,6,2143,2,2,MERCEDES C CLASS,2,E01013483,0,-1
2020010266720,2020,010266720,2,9,9,99,99,9,9,99,99,9,9,99,9,99,1,9,6,6,3,-1,-1,1598,2,4,MERCEDES C CLASS,-1,-1,0,-1
2020340N02652,2020,340N02652,2,9,0,18,19,5,1,0,0,8,0,0,0,0,4,1,6,6,1,46,8,2143,2,6,MERCEDES C CLASS,2,E01027241,0,-1
2020010265508,2020,010265508,1,9,0,18,19,3,7,0,0,6,0,10,1,10,3,1,2,2,1,58,9,2143,2,7,MERCEDES C CLASS,5,E01000239,0,-1
2020010232323,2020,010232323,3,9,0,18,19,-1,-1,0,0,8,0,0,0,0,1,1,6,6,1,27,6,1991,1,2,MERCEDES C CLASS,8,E01015965,0,-1
2020010282059,2020,010282059,1,9,0,99,99,9,9,99,99,9,9,99,9,99,2,9,6,6,1,35,6,2143,2,4,MERCEDES C CLASS,3,E01001111,0,-1
2020010277716,2020,010277716,2,9,0,99,99,9,9,99,99,9,9,99,9,99,1,9,6,6,3,-1,-1,2143,2,5,MERCEDES C CLASS,-1,-1,0,-1
2020201021825,2020,201021825,2,9,0,10,10,6,6,0,0,1,0,0,0,0,2,1,6,6,1,24,5,2143,2,6,MERCEDES C CLASS,2,E01010372,0,-1
2020430429083,2020,430429083,1,9,0,18,19,6,2,0,0,8,0,0,0,0,1,1,1,1,1,32,6,2143,2,7,MERCEDES C CLASS,7,E01016770,0,-1
2020522002556,2020,522002556,1,9,0,18,19,1,5,0,0,0,0,0,0,0,1,1,6,6,1,38,7,2148,2,15,MERCEDES C CLASS,5,E01029226,0,-1
2020010265533,2020,010265533,2,9,0,1,1,3,7,0,0,8,0,4,0,0,2,1,6,6,1,23,5,2143,2,5,MERCEDES C CLASS,2,E01004287,0,-1
2020200989444,2020,200989444,1,9,0,18,19,6,2,0,0,0,0,0,0,0,4,1,6,6,2,39,7,1991,8,5,MERCEDES C CLASS,6,E01010326,0,-1
2020010231950,2020,010231950,2,9,0,99,99,9,9,99,99,9,9,99,9,99,1,9,6,6,1,55,8,1796,1,17,MERCEDES C CLASS,5,E01000705,0,-1
2020010246470,2020,010246470,1,9,0,18,19,5,1,0,0,8,0,0,0,0,4,1,6,6,1,25,5,2143,2,3,MERCEDES C CLASS,3,E01003214,0,-1
2020430083778,2020,430083778,1,9,0,7,7,4,6,0,0,2,0,7,4,0,1,1,6,6,1,76,11,2143,2,6,MERCEDES C CLASS,1,E01027200,0,-1
20201372K1676,2020,1372K1676,1,9,0,18,19,2,6,0,0,8,0,0,0,0,1,1,6,6,1,-1,-1,1796,1,17,MERCEDES C CLASS,1,E01011497,0,-1
2020440050630,2020,440050630,1,9,0,18,19,6,2,0,0,0,0,0,0,0,1,1,2,2,1,58,9,1796,1,16,MERCEDES C CLASS,8,E01022532,0,-1
2020500961372,2020,500961372,1,9,0,18,19,1,5,0,0,0,0,0,0,0,1,1,6,6,1,53,8,1991,1,4,MERCEDES C CLASS,5,E01015237,0,-1
2020010264393,2020,010264393,1,9,0,99,99,9,9,99,99,9,9,99,9,99,2,9,6,6,3,23,5,2143,2,5,MERCEDES C CLASS,2,E01004231,0,-1
2020010274411,2020,010274411,1,9,0,99,99,9,9,99,99,9,9,99,9,99,2,9,6,6,1,30,6,2143,2,5,MERCEDES C CLASS,3,E01001513,0,-1
2020450935528,2020,450935528,1,9,0,18,19,3,7,0,0,8,0,0,0,0,1,1,1,1,1,36,7,2148,2,14,MERCEDES C CLASS,7,E01030332,0,-1
2020211022250,2020,211022250,1,9,0,13,13,7,3,0,0,0,0,0,0,0,0,1,6,6,1,61,9,2143,2,3,MERCEDES C CLASS,6,E01029667,0,-1
2020010258139,2020,010258139,1,9,0,99,99,9,9,99,99,9,9,99,9,99,2,9,6,6,1,35,6,3982,1,4,MERCEDES C CLASS,6,E01002678,0,-1
2020220955134,2020,220955134,2,9,0,2,2,0,0,0,0,0,0,0,0,0,3,1,5,6,1,27,6,1950,2,1,MERCEDES C CLASS,5,E01010558,0,-1
2020030996357,2020,030996357,2,9,0,18,19,0,0,0,0,0,0,0,0,0,3,1,6,6,3,-1,-1,1950,2,0,MERCEDES C CLASS,-1,-1,0,-1
2020450938652,2020,450938652,2,9,0,9,9,0,0,0,0,5,0,0,0,0,2,1,3,7,2,44,7,1595,1,7,MERCEDES C CLASS,9,E01030761,0,-1
202006K168407,2020,06K168407,2,9,0,18,19,3,1,0,0,8,0,0,0,0,1,1,6,6,1,43,7,1598,2,4,MERCEDES C CLASS,2,E01004852,0,-1
2020010259750,2020,010259750,2,9,0,9,9,1,7,0,0,1,0,0,0,0,3,1,6,6,2,24,5,2143,2,5,MERCEDES C CLASS,7,E01001455,0,-1
2020500991187,2020,500991187,1,9,0,18,19,7,3,0,0,8,0,0,3,10,1,1,5,6,1,40,7,2143,2,5,MERCEDES C CLASS,5,E01018960,0,-1
2020170S11400,2020,170S11400,2,9,0,18,19,8,4,0,0,8,0,0,0,0,1,1,1,1,1,59,9,2143,2,8,MERCEDES C CLASS,4,E01020886,0,-1
2020522005001,2020,522005001,2,9,0,3,3,3,7,0,0,4,0,0,0,0,1,1,6,6,3,-1,-1,6208,1,10,MERCEDES C CLASS,-1,-1,0,-1
2020010236019,2020,010236019,1,9,0,99,99,9,9,99,99,9,9,99,9,99,9,9,6,6,3,33,6,3982,1,3,MERCEDES C CLASS,3,E01003250,0,-1
2020010238931,2020,010238931,2,9,0,1,1,5,1,0,0,0,0,0,0,0,2,9,6,6,1,-1,-1,1597,1,11,MERCEDES C CLASS,-1,-1,0,-1
2020010247822,2020,010247822,1,9,0,9,9,5,3,0,0,5,0,0,0,0,1,1,6,6,1,28,6,1796,1,16,MERCEDES C CLASS,7,E01001535,0,-1
2020010229513,2020,010229513,1,9,0,18,19,3,7,0,0,0,0,0,0,0,4,1,2,2,1,32,6,2143,2,5,MERCEDES C CLASS,8,E01004194,0,-1
2020552000609,2020,552000609,2,9,0,2,2,0,0,0,0,0,0,0,0,0,3,1,6,6,2,38,7,2143,2,4,MERCEDES C CLASS,4,E01015326,0,-1
2020010273542,2020,010273542,2,9,0,99,99,9,9,99,99,9,9,99,9,99,0,9,6,6,3,25,5,2143,2,4,MERCEDES C CLASS,4,E01004531,0,-1
2020010261632,2020,010261632,1,9,0,3,3,5,1,0,0,4,0,0,0,0,2,1,6,6,2,26,6,2143,2,4,MERCEDES C CLASS,4,E01002592,0,-1
2020220918849,2020,220918849,2,9,0,17,19,7,4,0,0,0,0,0,0,0,1,1,2,2,1,63,9,2148,2,16,MERCEDES C CLASS,10,E01032137,0,-1
2020010278033,2020,010278033,2,9,0,9,9,3,8,0,0,2,1,10,0,0,1,1,6,6,3,-1,-1,2143,2,5,MERCEDES C CLASS,-1,-1,0,-1
2020010255491,2020,010255491,2,9,0,18,19,7,3,0,0,0,0,0,0,0,2,1,6,6,1,70,10,1497,1,2,MERCEDES C CLASS,6,E01002602,0,-1
2020010275272,2020,010275272,1,9,0,9,9,5,3,0,0,6,0,0,0,0,1,1,6,6,2,29,6,1796,1,15,MERCEDES C CLASS,4,E01003301,0,-1
2020100952689,2020,100952689,1,9,0,18,19,5,3,0,0,0,0,0,0,0,1,1,5,6,1,62,9,2143,2,9,MERCEDES C CLASS,1,E01027539,0,-1
2020430156090,2020,430156090,2,9,0,3,3,5,1,0,0,0,0,0,0,0,2,1,6,6,2,29,6,2143,2,5,MERCEDES C CLASS,3,E01017711,0,-1
2020010235506,2020,010235506,1,9,0,18,19,3,7,9,9,5,0,0,0,0,2,1,6,6,2,33,6,1796,1,12,MERCEDES C CLASS,3,E01000046,0,-1
202006P271894,2020,06P271894,2,9,0,18,19,4,8,0,0,0,0,0,0,0,1,1,6,6,1,34,6,1598,2,5,MERCEDES C CLASS,6,E01005560,0,-1
2020170S10480,2020,170S10480,2,9,0,17,19,3,8,0,0,8,0,0,0,0,1,1,6,6,3,-1,-1,2148,2,13,MERCEDES C CLASS,-1,-1,0,-1
2020010264028,2020,010264028,2,9,0,2,2,0,0,0,0,0,0,0,0,0,2,1,6,6,3,-1,-1,2143,2,7,MERCEDES C CLASS,-1,-1,0,-1
2020010298486,2020,010298486,2,9,0,99,99,9,9,99,99,0,9,99,9,99,1,9,6,6,3,-1,-1,1595,1,8,MERCEDES C CLASS,-1,-1,0,-1
2020010261946,2020,010261946,2,9,0,99,99,9,9,99,99,9,9,99,9,99,9,9,6,6,1,56,9,2148,2,14,MERCEDES C CLASS,2,E01000223,0,-1
2020332000227,2020,332000227,1,9,0,4,4,3,7,0,0,4,0,0,0,0,1,1,6,6,1,35,6,2143,2,10,MERCEDES C CLASS,5,E01013699,0,-1
2020010250948,2020,010250948,2,9,0,18,19,-1,-1,0,0,6,0,0,0,0,1,1,6,6,3,-1,-1,1991,8,3,MERCEDES C CLASS,-1,-1,0,-1
2020010261660,2020,010261660,2,9,0,99,99,9,9,99,99,9,9,99,9,99,1,9,6,6,3,-1,-1,2148,2,15,MERCEDES C CLASS,-1,-1,0,-1
2020200936195,2020,200936195,1,9,0,9,9,7,4,0,0,3,0,0,0,0,2,1,6,6,2,29,6,1950,2,1,MERCEDES C CLASS,4,E01009111,0,-1
2020200926201,2020,200926201,1,9,0,6,6,4,4,0,0,2,0,0,0,0,3,1,6,6,1,23,5,1991,1,4,MERCEDES C CLASS,2,E01009753,0,-1
2020010256461,2020,010256461,1,9,0,16,19,6,8,0,0,1,0,0,0,0,0,1,6,6,2,59,9,1796,1,14,MERCEDES C CLASS,-1,-1,0,-1
2020320231812,2020,320231812,1,9,0,13,13,8,4,0,0,0,0,0,0,0,3,1,2,2,1,27,6,1598,2,4,MERCEDES C CLASS,3,E01026323,0,-1
2020010265026,2020,010265026,1,9,0,5,5,4,8,0,0,1,0,0,0,0,4,1,6,6,1,51,8,2148,2,17,MERCEDES C CLASS,5,E01002119,0,-1
2020122000927,2020,122000927,1,9,0,18,19,5,1,0,0,0,0,0,0,0,1,1,6,6,3,-1,-1,1950,2,0,MERCEDES C CLASS,-1,-1,0,-1
202006E177849,2020,06E177849,1,9,0,18,19,1,5,0,0,1,0,0,0,0,1,1,6,6,2,30,6,2143,2,7,MERCEDES C CLASS,-1,-1,0,-1
2020450920836,2020,450920836,2,9,0,18,19,1,5,0,0,8,0,0,0,0,2,1,5,6,1,50,8,2143,2,7,MERCEDES C CLASS,7,E01023345,0,-1
2020501013515,2020,501013515,1,9,0,13,13,5,1,0,0,0,0,0,0,0,1,1,2,2,1,32,6,2148,2,16,MERCEDES C CLASS,3,E01019028,0,-1
2020010267050,2020,010267050,2,9,0,99,99,9,9,99,99,9,9,99,9,99,9,9,6,6,1,39,7,1796,1,17,MERCEDES C CLASS,4,E01003412,0,-1
2020010256169,2020,010256169,1,9,0,99,99,9,9,99,99,0,9,99,9,99,2,9,6,6,1,27,6,1950,2,2,MERCEDES C CLASS,6,E01003163,0,-1
2020100940805,2020,100940805,1,9,0,7,7,7,1,0,0,8,0,0,0,0,3,1,2,2,1,23,5,1950,2,1,MERCEDES C CLASS,7,E01008360,0,-1
202006K175680,2020,06K175680,1,9,0,18,19,6,2,0,0,1,0,0,0,0,1,1,6,6,1,30,6,2148,2,13,MERCEDES C CLASS,-1,-1,0,-1
2020470973205,2020,470973205,2,9,0,18,19,4,8,0,0,0,0,0,0,0,-1,1,6,6,1,44,7,1796,1,13,MERCEDES C CLASS,6,E01031509,0,-1
2020622000823,2020,622000823,1,9,0,18,19,3,7,0,0,0,5,4,0,0,1,1,6,6,1,54,8,2148,2,12,MERCEDES C CLASS,1,W01000832,0,-1
2020522004855,2020,522004855,3,9,0,18,19,5,1,0,0,1,0,0,0,0,2,1,6,6,1,48,8,2143,2,6,MERCEDES C CLASS,6,E01014379,0,-1
2020010254669,2020,010254669,1,9,0,7,7,3,5,0,0,5,0,0,0,0,1,1,6,6,1,24,5,2143,2,5,MERCEDES C CLASS,4,E01001476,0,-1
2020070430467,2020,070430467,2,9,0,18,19,3,7,0,0,0,0,0,0,0,1,1,6,6,1,68,10,2685,2,17,MERCEDES C CLASS,1,E01012367,0,-1
2020040932821,2020,040932821,1,9,0,18,19,6,2,0,0,0,2,0,1,9,1,1,6,6,1,29,6,2143,2,4,MERCEDES C CLASS,4,E01025216,0,-1
2020010236495,2020,010236495,1,9,0,18,19,1,5,0,0,8,0,4,0,0,1,1,6,6,1,78,11,1796,1,15,MERCEDES C CLASS,-1,-1,0,-1
202006K176739,2020,06K176739,1,9,0,18,19,2,6,0,0,8,0,0,0,0,4,1,6,6,1,33,6,1598,2,3,MERCEDES C CLASS,1,E01004851,0,-1
202031D143420,2020,31D143420,2,9,0,10,10,2,8,0,0,1,0,0,0,0,2,1,6,6,1,80,11,1998,1,20,MERCEDES C CLASS,8,E01028168,0,-1
2020201001350,2020,201001350,1,9,0,9,9,7,4,0,0,6,0,0,0,0,3,1,6,6,3,-1,-1,2148,2,12,MERCEDES C CLASS,-1,-1,0,-1
2020010265823,2020,010265823,1,9,0,9,9,5,2,0,0,1,0,0,0,0,1,1,6,6,1,60,9,2987,2,10,MERCEDES C CLASS,-1,-1,0,-1
2020010242119,2020,010242119,3,9,0,16,19,3,7,0,0,0,1,10,7,0,1,1,6,6,1,21,5,1595,1,6,MERCEDES C CLASS,10,E01000666,0,-1
2020010278391,2020,010278391,1,9,0,10,10,5,3,0,0,6,0,0,0,0,3,1,6,6,1,-1,-1,2148,2,14,MERCEDES C CLASS,2,E01001340,0,-1
2020451004502,2020,451004502,1,9,0,18,19,3,1,0,0,0,0,0,0,0,1,1,5,6,1,27,6,2143,2,5,MERCEDES C CLASS,7,E01030594,0,-1
2020030932049,2020,030932049,1,9,0,18,19,1,5,0,0,0,1,0,7,0,4,1,5,6,1,51,8,2143,2,5,MERCEDES C CLASS,5,E01019123,0,-1
2020010246296,2020,010246296,1,9,0,18,19,5,1,0,0,8,1,0,0,0,1,1,6,6,1,22,5,2148,2,11,MERCEDES C CLASS,-1,-1,0,-1
2020137AF0783,2020,137AF0783,1,9,0,9,9,2,8,0,0,6,0,0,0,0,3,1,6,6,2,50,8,2143,2,4,MERCEDES C CLASS,9,E01011844,0,-1