collision_index,collision_year,collision_ref_no,vehicle_reference,vehicle_type,towing_and_articulation,vehicle_manoeuvre_historic,vehicle_manoeuvre,vehicle_direction_from,vehicle_direction_to,vehicle_location_restricted_lane_historic,vehicle_location_restricted_lane,junction_location,skidding_and_overturning,hit_object_in_carriageway,vehicle_leaving_carriageway,hit_object_off_carriageway,first_point_of_impact,vehicle_left_hand_drive,journey_purpose_of_driver_historic,journey_purpose_of_driver,sex_of_driver,age_of_driver,age_band_of_driver,engine_capacity_cc,propulsion_code,age_of_vehicle,generic_make_model,driver_imd_decile,lsoa_of_driver,escooter_flag,driver_distance_banding
2020010234991,2020,010234991,1,9,0,18,19,3,7,0,0,1,0,0,0,0,1,2,2,2,1,34,6,2143,2,7,MERCEDES C CLASS,7,E01002142,0,-1
2020430342787,2020,430342787,3,9,0,18,19,7,3,0,0,0,0,0,0,0,-1,1,6,6,1,29,6,2143,2,7,MERCEDES C CLASS,4,E01016512,0,-1
2020052000961,2020,052000961,2,19,0,18,19,3,7,0,0,0,0,0,0,0,2,1,1,1,1,49,8,1461,2,1,MERCEDES C CLASS,4,E01025509,0,-1
2020302000197,2020,302000197,2,9,0,18,19,5,1,0,0,1,0,0,0,0,0,1,6,6,1,48,8,2143,2,10,MERCEDES C CLASS,6,E01013495,0,-1
2020010264167,2020,010264167,2,9,0,18,19,7,3,0,0,1,0,0,0,0,1,1,6,6,2,38,7,1991,1,5,MERCEDES C CLASS,2,E01002227,0,-1
2020010260990,2020,010260990,1,9,0,4,4,1,5,0,0,1,0,0,0,0,2,1,6,6,1,31,6,2143,2,5,MERCEDES C CLASS,2,E01000101,0,-1
2020140968511,2020,140968511,2,9,0,-1,-1,-1,-1,-1,-1,0,-1,-1,-1,0,-1,1,6,6,3,-1,-1,2148,2,16,MERCEDES C CLASS,-1,-1,0,-1
2020410978346,2020,410978346,2,9,0,4,4,5,1,0,0,0,0,0,0,0,2,1,6,6,2,54,8,1991,1,2,MERCEDES C CLASS,9,E01023653,0,-1
2020010268705,2020,010268705,1,9,0,9,9,3,1,0,0,6,0,0,0,0,3,1,6,6,1,69,10,1998,1,20,MERCEDES C CLASS,3,E01001794,0,-1
2020010262373,2020,010262373,2,9,0,99,99,9,9,99,99,9,9,99,9,99,9,9,6,6,3,-1,-1,2143,2,3,MERCEDES C CLASS,-1,-1,0,-1
2020200995572,2020,200995572,2,9,0,18,19,5,1,0,0,0,0,0,0,0,1,1,2,2,1,56,9,2143,2,2,MERCEDES C CLASS,7,E01009805,0,-1
2020052002715,2020,052002715,2,9,0,18,19,3,7,0,0,0,0,0,0,0,2,1,6,6,1,61,9,2143,2,11,MERCEDES C CLASS,2,E01012433,0,-1
2020160986118,2020,160986118,1,9,0,18,19,7,3,0,0,8,0,0,0,0,4,1,6,6,1,31,6,2143,2,5,MERCEDES C CLASS,7,E01007356,0,-1
2020111003154,2020,111003154,1,9,0,9,9,7,3,0,0,6,0,0,0,0,3,1,6,6,2,40,7,2143,2,3,MERCEDES C CLASS,7,E01012055,0,-1
2020450938572,2020,450938572,1,9,0,16,19,2,6,0,0,1,0,10,6,1,1,1,5,6,1,34,6,1796,1,15,MERCEDES C CLASS,3,E01002504,0,-1
2020010235535,2020,010235535,2,9,0,99,99,9,9,99,99,9,9,99,9,99,1,9,6,6,3,-1,-1,1998,1,18,MERCEDES C CLASS,2,E01001485,0,-1
2020401004757,2020,401004757,2,9,0,4,4,3,7,0,0,4,0,0,0,0,1,1,1,1,2,33,6,2143,2,7,MERCEDES C CLASS,1,E01017523,0,-1
2020010253818,2020,010253818,3,9,0,99,99,9,9,99,99,2,9,99,9,99,0,9,6,6,1,36,7,1796,1,10,MERCEDES C CLASS,3,E01004202,0,-1
2020440360991,2020,440360991,1,9,0,9,9,2,8,9,9,8,0,0,0,0,1,1,6,6,3,-1,-1,2398,1,22,MERCEDES C CLASS,-1,-1,0,-1
2020161007947,2020,161007947,3,9,0,9,9,1,7,0,0,6,0,0,0,0,1,1,3,7,1,38,7,2148,2,13,MERCEDES C CLASS,3,E01013045,0,-1
2020220921783,2020,220921783,2,9,0,9,9,8,6,0,0,5,0,0,0,0,4,1,5,6,1,30,6,2143,12,5,MERCEDES C CLASS,7,E01010394,0,-1
2020200987542,2020,200987542,2,19,0,18,19,5,1,0,0,8,0,0,0,0,4,1,6,6,1,52,8,1461,2,6,MERCEDES C CLASS,2,E01009075,0,-1
202031C006620,2020,31C006620,3,9,0,2,2,0,0,6,6,2,0,0,0,0,3,1,6,6,3,-1,-1,2143,2,3,MERCEDES C CLASS,-1,-1,0,-1
2020140941957,2020,140941957,4,9,0,2,2,0,0,0,0,2,0,0,0,0,2,1,6,6,1,-1,-1,1595,1,8,MERCEDES C CLASS,6,E01007456,0,-1
2020140983817,2020,140983817,2,9,3,9,9,2,8,0,0,1,0,0,0,0,3,1,5,6,1,73,10,2143,2,4,MERCEDES C CLASS,9,E01007889,0,-1
2020140990245,2020,140990245,2,9,0,18,19,7,3,0,0,0,0,0,0,0,1,1,6,6,2,24,5,2149,2,13,MERCEDES C CLASS,2,E01008095,0,-1
2020520005109,2020,520005109,1,9,0,18,19,5,1,0,0,0,0,0,0,0,1,1,6,6,1,62,9,2143,2,7,MERCEDES C CLASS,-1,-1,0,-1
2020200960594,2020,200960594,1,9,0,9,9,6,4,0,0,6,0,0,0,0,2,1,6,6,1,70,10,2143,2,6,MERCEDES C CLASS,1,E01010370,0,-1
202006K268282,2020,06K268282,2,19,0,18,19,8,4,0,0,8,0,0,0,0,1,1,1,1,1,24,5,1461,2,2,MERCEDES C CLASS,9,E01004768,0,-1
2020990986145,2020,990986145,1,9,0,9,9,5,3,0,0,1,0,0,0,0,3,1,5,6,2,67,10,2143,2,3,MERCEDES C CLASS,5,-1,0,-1
202031B119920,2020,31B119920,2,9,0,13,13,4,8,0,0,0,0,0,0,0,4,1,6,6,1,22,5,2143,2,4,MERCEDES C CLASS,5,E01003642,0,-1
2020010265871,2020,010265871,2,9,0,99,99,9,9,99,99,8,9,99,9,99,2,9,6,6,1,58,9,1796,1,14,MERCEDES C CLASS,4,E01002307,0,-1
2020420978433,2020,420978433,1,9,0,18,19,7,3,0,0,0,0,0,0,0,1,1,6,6,1,49,8,1796,1,15,MERCEDES C CLASS,3,E01015935,0,-1
2020547940920,2020,547940920,1,9,0,15,15,7,3,0,0,0,0,0,0,0,4,1,6,6,1,92,11,1796,1,16,MERCEDES C CLASS,9,E01032038,0,-1
2020200984916,2020,200984916,2,9,0,18,19,6,2,0,0,8,1,10,1,11,3,1,6,6,1,25,5,2143,2,8,MERCEDES C CLASS,3,E01009992,0,-1
2020010262125,2020,010262125,1,9,0,9,9,6,3,0,0,6,0,0,0,0,1,1,6,6,2,75,10,3498,1,15,MERCEDES C CLASS,8,E01001919,0,-1
2020200989455,2020,200989455,2,9,0,2,2,0,0,0,0,1,0,0,0,0,2,1,6,6,1,39,7,1497,1,1,MERCEDES C CLASS,10,E01009720,0,-1
2020010245225,2020,010245225,1,9,0,9,9,4,3,0,0,5,0,0,0,0,0,1,2,2,1,20,4,2143,2,5,MERCEDES C CLASS,-1,-1,0,-1
2020010238197,2020,010238197,2,9,9,99,99,9,9,99,99,9,9,99,9,99,9,9,6,6,1,-1,-1,1991,1,5,MERCEDES C CLASS,2,E01002703,0,-1
2020010259280,2020,010259280,1,9,0,6,6,2,2,0,0,2,0,0,0,0,1,1,6,6,1,61,9,2143,2,9,MERCEDES C CLASS,3,E01003531,0,-1
2020220942749,2020,220942749,2,9,0,17,19,7,4,0,0,0,0,0,1,0,1,1,5,6,1,59,9,1950,2,1,MERCEDES C CLASS,5,W01000361,0,-1
2020520003124,2020,520003124,1,9,0,18,19,8,4,0,0,0,0,0,0,0,1,1,6,6,1,40,7,2143,2,5,MERCEDES C CLASS,9,E01030325,0,-1
2020010265524,2020,010265524,2,9,0,99,99,9,9,99,99,9,9,99,9,99,2,9,6,6,3,-1,-1,2149,2,13,MERCEDES C CLASS,-1,-1,0,-1
2020160988135,2020,160988135,1,19,0,18,19,5,1,0,0,0,0,0,0,0,1,1,6,6,1,46,8,1461,2,7,MERCEDES C CLASS,8,E01013013,0,-1
2020010269132,2020,010269132,2,9,0,99,99,9,9,99,99,9,9,99,9,99,9,9,6,6,3,-1,-1,2143,2,3,MERCEDES C CLASS,3,E01001360,0,-1
2020010284019,2020,010284019,1,9,0,9,9,1,6,0,0,8,0,0,0,0,1,1,6,6,1,66,10,1796,1,15,MERCEDES C CLASS,4,E01000485,0,-1
2020460992409,2020,460992409,1,9,0,9,9,5,3,0,0,0,0,0,0,0,3,1,6,6,2,54,8,1991,8,2,MERCEDES C CLASS,7,E01024035,0,-1
2020140951470,2020,140951470,1,19,0,17,19,5,1,9,9,2,0,0,1,2,1,1,1,1,1,23,5,1461,2,6,MERCEDES C CLASS,5,E01032927,0,-1
2020052000581,2020,052000581,1,19,0,18,19,3,7,0,0,1,0,0,0,0,1,1,6,6,1,53,8,1461,2,7,MERCEDES C CLASS,7,E01007066,0,-1
2020010273681,2020,010273681,2,9,0,18,19,3,7,0,0,0,0,0,0,0,9,9,6,6,1,26,6,1950,2,1,MERCEDES C CLASS,4,E01002250,0,-1
2020552000707,2020,552000707,1,9,0,5,5,6,2,0,0,6,0,0,7,0,3,1,6,6,2,73,10,1796,1,10,MERCEDES C CLASS,5,E01020512,0,-1
2020010228380,2020,010228380,1,9,0,99,99,9,9,99,99,9,9,99,9,99,9,9,2,2,2,33,6,1796,1,9,MERCEDES C CLASS,5,E01002613,0,-1
2020302001285,2020,302001285,1,9,0,18,19,8,4,0,0,0,0,0,2,4,1,1,6,6,1,49,8,2143,2,4,MERCEDES C CLASS,8,E01008130,0,-1
2020200962262,2020,200962262,2,9,0,18,19,8,4,0,0,8,1,0,0,0,1,1,6,6,1,24,5,2148,2,12,MERCEDES C CLASS,1,E01009129,0,-1
2020010231220,2020,010231220,1,9,0,18,19,1,5,0,0,1,0,0,0,0,1,1,6,6,2,43,7,1991,1,3,MERCEDES C CLASS,10,E01002978,0,-1
2020010287972,2020,010287972,2,9,0,5,5,0,1,7,6,0,0,0,0,0,1,1,6,6,2,66,10,1991,1,3,MERCEDES C CLASS,9,E01000279,0,-1
2020200988484,2020,200988484,1,9,0,18,19,6,2,0,0,8,1,0,0,0,1,1,2,2,1,54,8,2143,2,10,MERCEDES C CLASS,9,E01009472,0,-1
2020461011121,2020,461011121,2,9,0,9,9,4,2,0,0,1,0,0,0,0,3,1,6,6,1,37,7,2143,2,4,MERCEDES C CLASS,8,E01016148,0,-1
2020440184237,2020,440184237,1,9,0,18,19,2,6,0,0,0,0,7,4,6,1,1,6,6,1,65,9,2143,2,7,MERCEDES C CLASS,9,E01022533,0,-1
2020500957271,2020,500957271,2,9,0,5,5,3,7,0,0,8,0,0,4,0,3,1,5,6,1,52,8,2987,2,8,MERCEDES C CLASS,7,E01029288,0,-1
2020010238677,2020,010238677,1,9,0,99,99,9,9,99,99,0,9,99,9,99,9,1,6,6,1,54,8,2143,2,6,MERCEDES C CLASS,2,E01001014,0,-1
2020070424997,2020,070424997,1,9,0,9,9,6,4,0,0,6,0,0,0,0,3,1,6,6,1,23,5,2143,2,3,MERCEDES C CLASS,6,E01028970,0,-1
2020010237699,2020,010237699,2,9,5,18,19,7,3,0,0,0,0,0,0,0,4,1,6,6,1,50,8,1991,1,5,MERCEDES C CLASS,3,E01003565,0,-1
2020010285840,2020,010285840,2,9,9,99,99,9,9,99,99,9,9,99,9,99,9,9,6,6,3,-1,-1,2143,2,10,MERCEDES C CLASS,-1,-1,0,-1
2020010256541,2020,010256541,2,9,0,18,19,1,5,0,0,1,0,0,0,0,1,1,6,6,1,39,7,2143,2,3,MERCEDES C CLASS,7,E01000218,0,-1
2020010265775,2020,010265775,2,9,0,99,99,9,9,99,99,9,9,99,9,99,9,9,6,6,3,-1,-1,2143,2,4,MERCEDES C CLASS,6,E01004726,0,-1
2020010261316,2020,010261316,2,9,0,2,2,0,0,0,0,0,0,0,0,0,3,9,6,6,3,-1,-1,1497,1,1,MERCEDES C CLASS,-1,-1,0,-1
2020010255216,2020,010255216,2,9,0,18,19,1,5,0,0,8,9,0,9,99,1,9,6,6,3,-1,-1,1991,1,5,MERCEDES C CLASS,-1,-1,0,-1
2020450930580,2020,450930580,1,9,0,9,9,1,5,0,0,8,0,0,0,0,1,1,2,2,2,28,6,2143,2,2,MERCEDES C CLASS,10,E01032623,0,-1
2020430116376,2020,430116376,1,9,0,18,19,5,1,0,0,0,1,0,4,6,3,1,6,6,1,26,6,2143,2,4,MERCEDES C CLASS,3,E01002130,0,-1
2020010283578,2020,010283578,1,9,0,18,19,1,5,0,0,0,0,0,2,7,3,1,6,6,2,41,7,2143,12,3,MERCEDES C CLASS,8,E01003679,0,-1
2020010277792,2020,010277792,2,9,9,99,99,9,9,99,99,8,9,99,9,99,9,9,6,6,1,50,8,1796,1,15,MERCEDES C CLASS,2,E01003483,0,-1
2020450920825,2020,450920825,2,9,0,18,19,7,3,0,0,1,0,0,0,0,1,1,5,6,2,39,7,1796,1,17,MERCEDES C CLASS,10,E01030935,0,-1
2020010232036,2020,010232036,2,9,0,99,99,9,9,99,99,0,9,99,9,99,9,9,6,6,3,-1,-1,1991,1,4,MERCEDES C CLASS,4,E01004694,0,-1
2020430264805,2020,430264805,1,9,0,11,11,4,8,0,0,2,0,0,0,0,4,1,6,6,2,47,8,2143,2,5,MERCEDES C CLASS,7,E01028424,0,-1
2020010251016,2020,010251016,1,9,0,99,99,9,9,99,99,9,9,99,9,99,9,9,2,2,1,54,8,2148,2,18,MERCEDES C CLASS,6,E01001195,0,-1
2020010252763,2020,010252763,2,9,0,99,99,9,9,99,99,0,9,99,9,99,9,9,6,6,3,-1,-1,2143,2,5,MERCEDES C CLASS,-1,-1,0,-1
2020370960017,2020,370960017,1,9,0,18,19,4,1,0,0,0,0,0,0,0,3,1,6,6,1,32,6,2148,2,16,MERCEDES C CLASS,8,E01018050,0,-1
2020140967614,2020,140967614,1,9,0,18,19,1,5,0,0,0,1,7,0,0,1,1,5,6,1,27,6,2143,2,5,MERCEDES C CLASS,5,E01007644,0,-1
2020010259952,2020,010259952,1,9,0,18,19,7,3,0,0,8,0,7,0,0,1,1,6,6,1,19,4,2143,2,7,MERCEDES C CLASS,-1,-1,0,-1
2020440446666,2020,440446666,1,9,0,18,19,6,2,0,0,0,0,0,1,4,1,1,6,6,1,34,6,2143,2,8,MERCEDES C CLASS,9,E01022617,0,-1
2020430215059,2020,430215059,1,9,0,18,19,6,2,0,0,0,0,11,0,0,1,1,2,2,1,51,8,2143,2,5,MERCEDES C CLASS,2,E01009839,0,-1
2020430135284,2020,430135284,1,9,0,18,19,2,6,0,0,0,0,0,0,0,1,1,2,2,1,55,8,2143,2,7,MERCEDES C CLASS,9,E01017641,0,-1
2020500943286,2020,500943286,4,9,0,4,4,1,5,0,0,1,0,0,0,0,3,1,6,6,1,46,8,2143,2,9,MERCEDES C CLASS,5,E01019886,0,-1
2020549647720,2020,549647720,1,9,0,13,13,7,3,0,0,4,0,0,0,0,2,1,6,6,1,52,8,2143,2,8,MERCEDES C CLASS,-1,-1,0,-1
2020010283893,2020,010283893,1,9,0,18,19,7,3,0,0,0,0,0,0,0,2,1,2,2,2,31,6,2143,2,5,MERCEDES C CLASS,2,E01023339,0,-1
2020302001322,2020,302001322,1,9,0,4,4,1,5,0,0,0,0,0,0,0,1,1,6,6,1,21,5,2143,2,5,MERCEDES C CLASS,2,E01019507,0,-1
2020470969087,2020,470969087,2,9,0,4,4,2,6,0,0,1,0,0,0,0,2,1,5,6,1,33,6,1597,1,10,MERCEDES C CLASS,1,E01016885,0,-1
2020340N07232,2020,340N07232,1,9,0,11,11,5,1,0,0,0,0,0,0,0,4,1,2,2,1,55,8,2149,2,13,MERCEDES C CLASS,1,E01032978,0,-1
2020340D08062,2020,340D08062,1,9,0,18,19,1,5,0,0,8,0,0,0,0,1,1,6,6,1,-1,-1,2143,2,6,MERCEDES C CLASS,8,E01026993,0,-1
2020500986835,2020,500986835,1,9,0,18,19,1,7,0,0,0,1,2,8,1,3,1,6,6,1,59,9,2143,2,8,MERCEDES C CLASS,4,E01018778,0,-1
2020010250762,2020,010250762,2,9,0,99,99,9,9,99,99,9,9,99,9,99,1,9,6,6,3,-1,-1,1497,1,1,MERCEDES C CLASS,9,E01015858,0,-1
2020420926001,2020,420926001,1,9,0,18,19,1,5,0,0,0,0,0,1,7,1,1,5,6,1,58,9,1796,1,9,MERCEDES C CLASS,5,E01003751,0,-1
2020460962647,2020,460962647,2,9,0,18,19,6,3,0,0,0,1,0,0,0,0,1,6,6,2,44,7,2143,2,8,MERCEDES C CLASS,10,E01016145,0,-1
2020450950145,2020,450950145,1,19,0,18,19,6,1,0,0,8,0,0,0,0,1,1,5,6,1,26,6,1461,2,3,MERCEDES C CLASS,5,E01030747,0,-1
2020010249998,2020,010249998,1,9,0,18,19,9,9,0,0,8,9,0,0,99,1,9,6,6,2,54,8,2143,2,2,MERCEDES C CLASS,2,E01000072,0,-1
2020500965175,2020,500965175,2,9,0,3,3,7,3,0,0,1,0,0,0,0,2,1,6,6,2,28,6,2148,2,11,MERCEDES C CLASS,5,E01015202,0,-1
2020070523935,2020,070523935,1,9,0,5,5,7,3,0,0,8,0,0,0,0,3,1,6,6,1,42,7,2143,2,11,MERCEDES C CLASS,1,E01012437,0,-1
20201374F0855,2020,1374F0855,1,9,0,18,19,6,2,0,0,1,0,0,0,0,1,1,6,6,1,-1,-1,3982,1,4,MERCEDES C CLASS,1,E01011316,0,-1
202031A166720,2020,31A166720,1,9,0,18,19,1,5,0,0,1,1,0,0,0,1,1,6,6,1,28,6,1998,1,18,MERCEDES C CLASS,1,E01013841,0,-1
2020622000901,2020,622000901,3,9,0,2,2,0,0,0,0,0,0,0,0,0,2,1,6,6,3,-1,-1,2148,2,18,MERCEDES C CLASS,-1,-1,0,-1
2020137990314,2020,137990314,2,9,0,5,5,5,1,0,0,0,0,0,0,0,2,1,1,1,1,40,7,2143,2,8,MERCEDES C CLASS,-1,-1,0,-1
2020140942637,2020,140942637,1,9,0,5,5,0,4,0,0,0,0,0,0,0,1,1,5,6,1,38,7,2996,1,2,MERCEDES C CLASS,3,E01007525,0,-1
2020010239071,2020,010239071,1,9,0,5,5,5,1,0,0,3,0,0,0,0,4,1,2,2,1,68,10,1796,1,8,MERCEDES C CLASS,1,E01033598,0,-1
2020141003914,2020,141003914,2,9,0,18,19,2,6,0,0,1,0,0,0,0,1,1,6,6,3,-1,-1,2148,2,14,MERCEDES C CLASS,-1,-1,0,-1
2020170H10880,2020,170H10880,2,9,0,18,19,5,1,0,0,0,0,0,0,0,1,1,6,6,1,30,6,2148,2,12,MERCEDES C CLASS,-1,-1,0,-1
2020420986473,2020,420986473,1,9,0,18,19,3,7,0,0,0,0,0,0,0,1,1,5,6,1,45,7,2143,2,11,MERCEDES C CLASS,4,E01021844,0,-1
2020010284563,2020,010284563,2,9,0,99,99,9,9,99,99,9,9,99,9,99,1,9,6,6,3,30,6,2143,2,6,MERCEDES C CLASS,5,E01003700,0,-1
2020010256247,2020,010256247,1,9,0,7,7,3,5,0,0,6,0,0,0,0,2,1,6,6,2,23,5,1595,1,5,MERCEDES C CLASS,-1,-1,0,-1
2020052002392,2020,052002392,1,9,0,9,9,7,5,0,0,8,0,0,0,0,1,1,6,6,2,35,6,2143,2,3,MERCEDES C CLASS,4,E01007302,0,-1
2020010283193,2020,010283193,2,9,0,99,99,9,9,99,99,9,9,99,9,99,9,9,6,6,3,-1,-1,1796,1,13,MERCEDES C CLASS,7,E01001929,0,-1
2020010279425,2020,010279425,3,9,0,18,19,7,3,0,0,0,0,0,0,0,1,1,6,6,1,23,5,1991,1,4,MERCEDES C CLASS,6,E01002921,0,-1
2020200973009,2020,200973009,2,9,0,14,14,4,8,0,0,0,0,4,0,0,1,1,6,6,1,53,8,2149,2,13,MERCEDES C CLASS,3,E01009095,0,-1
2020360921429,2020,360921429,1,9,0,18,19,5,1,0,0,0,5,0,1,9,1,1,5,6,1,25,5,2143,2,11,MERCEDES C CLASS,2,E01033436,0,-1
2020430048458,2020,430048458,3,9,0,18,19,3,7,0,0,8,0,0,0,0,3,1,6,6,1,44,7,2143,2,3,MERCEDES C CLASS,9,E01016413,0,-1
2020140947376,2020,140947376,1,9,0,18,19,6,1,0,0,1,0,0,0,0,1,1,5,6,1,62,9,2987,2,11,MERCEDES C CLASS,3,E01021358,0,-1
2020010284709,2020,010284709,1,9,0,14,14,2,6,0,0,0,0,0,0,0,1,1,2,2,2,56,9,2143,2,3,MERCEDES C CLASS,8,E01001470,0,-1
2020040983051,2020,040983051,2,9,0,18,19,5,1,0,0,0,0,0,7,0,1,1,6,6,1,30,6,2143,2,9,MERCEDES C CLASS,1,E01024898,0,-1
2020052000240,2020,052000240,3,8,0,10,10,7,3,0,0,1,0,0,0,0,1,1,6,6,1,50,8,2143,2,5,MERCEDES C CLASS,6,E01012475,0,-1
2020010254349,2020,010254349,1,9,0,18,19,1,5,0,0,8,0,0,0,0,1,1,6,6,2,24,5,2143,2,9,MERCEDES C CLASS,2,E01001114,0,-1
2020522000071,2020,522000071,2,9,0,3,3,7,3,0,0,4,0,0,0,0,1,1,6,6,3,30,6,2143,2,8,MERCEDES C CLASS,-1,-1,0,-1
2020010257970,2020,010257970,1,9,0,9,9,2,7,0,0,5,0,0,0,0,1,1,6,6,1,27,6,1991,1,5,MERCEDES C CLASS,3,E01000522,0,-1
20201375R1082,2020,1375R1082,2,9,0,9,9,4,8,0,0,1,0,0,0,11,2,1,6,6,2,25,5,2143,2,5,MERCEDES C CLASS,3,E01011307,0,-1
2020460969151,2020,460969151,1,9,0,5,5,6,8,0,0,1,0,0,0,0,3,1,5,6,1,76,11,2143,2,2,MERCEDES C CLASS,9,E01024160,0,-1
2020010280259,2020,010280259,2,9,0,3,3,3,7,9,9,0,0,0,0,0,2,1,6,6,1,43,7,1991,1,4,MERCEDES C CLASS,3,E01001434,0,-1
2020201015488,2020,201015488,1,9,0,18,19,2,6,0,0,0,0,0,0,0,3,1,6,6,1,23,5,1991,1,5,MERCEDES C CLASS,5,E01010432,0,-1
2020201001532,2020,201001532,1,9,0,18,19,2,6,0,0,0,0,0,0,0,1,1,6,6,2,33,6,2143,2,5,MERCEDES C CLASS,2,E01010101,0,-1
2020200932757,2020,200932757,4,9,0,18,19,6,2,0,0,1,0,0,0,0,0,1,6,6,1,60,9,1796,1,17,MERCEDES C CLASS,5,E01009716,0,-1
2020010269677,2020,010269677,1,9,0,17,19,5,1,9,9,2,0,0,1,11,1,1,6,6,2,26,6,1950,2,2,MERCEDES C CLASS,9,E01032625,0,-1
2020137742157,2020,137742157,1,9,0,18,19,3,7,0,0,0,2,0,0,0,1,1,6,6,1,78,11,1991,1,4,MERCEDES C CLASS,3,E01011027,0,-1
2020990944224,2020,990944224,1,9,0,7,7,3,8,0,0,1,0,0,0,0,1,1,5,6,1,39,7,1796,1,15,MERCEDES C CLASS,1,-1,0,-1
2020530919422,2020,530919422,1,9,0,9,9,5,1,0,0,8,0,0,7,9,1,1,5,6,1,44,7,1796,1,8,MERCEDES C CLASS,9,E01022100,0,-1
2020420992935,2020,420992935,1,9,0,9,9,2,6,7,6,0,0,0,0,0,2,1,5,6,1,35,6,1598,2,4,MERCEDES C CLASS,3,E01003630,0,-1
2020010233991,2020,010233991,1,9,0,18,19,5,1,0,0,1,0,0,0,0,4,1,1,1,1,45,7,2143,2,8,MERCEDES C CLASS,4,E01000801,0,-1
2020010275257,2020,010275257,1,9,0,99,99,9,9,99,99,9,9,99,9,99,9,1,6,6,2,37,7,2148,2,12,MERCEDES C CLASS,8,E01024261,0,-1
2020100961149,2020,100961149,2,9,0,18,19,1,5,0,0,1,1,0,0,0,3,1,5,6,1,32,6,2148,2,12,MERCEDES C CLASS,3,E01008298,0,-1
2020552001114,2020,552001114,1,9,0,18,19,6,2,0,0,4,0,0,0,0,3,1,2,2,1,43,7,1950,2,1,MERCEDES C CLASS,6,E01015438,0,-1
2020010255733,2020,010255733,2,9,0,3,3,5,1,0,0,8,0,0,0,0,1,1,6,6,1,44,7,1598,2,4,MERCEDES C CLASS,1,E01001510,0,-1
2020410959876,2020,410959876,2,9,0,18,19,1,5,0,0,0,0,0,0,0,3,1,6,6,1,44,7,1598,2,3,MERCEDES C CLASS,6,E01023932,0,-1
2020010273429,2020,010273429,1,9,5,4,4,3,7,7,6,0,0,0,0,0,1,1,1,1,1,38,7,2143,2,11,MERCEDES C CLASS,4,E01000472,0,-1
2020010273759,2020,010273759,1,9,0,9,9,3,8,0,0,8,0,0,0,0,1,1,2,2,2,28,6,2143,2,3,MERCEDES C CLASS,9,E01000773,0,-1
2020211023970,2020,211023970,2,9,-1,-1,-1,5,8,-1,-1,0,-1,-1,-1,0,-1,1,6,6,1,65,9,1796,1,15,MERCEDES C CLASS,8,E01029769,0,-1
2020040999946,2020,040999946,1,9,0,18,19,7,3,0,0,0,0,0,0,0,3,1,6,6,1,31,6,2148,2,13,MERCEDES C CLASS,4,E01025523,0,-1
2020010279572,2020,010279572,2,9,0,99,99,9,9,99,99,9,9,99,9,99,1,9,6,6,3,-1,-1,2148,2,13,MERCEDES C CLASS,-1,-1,0,-1
20201372Q0857,2020,1372Q0857,1,9,0,5,5,0,0,0,0,0,0,0,0,0,0,1,6,6,1,78,11,2143,2,7,MERCEDES C CLASS,8,E01013273,0,-1
2020010243160,2020,010243160,2,9,0,99,99,9,9,99,99,0,9,99,9,99,1,9,6,6,3,-1,-1,2143,2,9,MERCEDES C CLASS,-1,-1,0,-1
2020991011410,2020,991011410,2,19,0,4,4,8,4,0,0,0,0,0,0,0,2,1,1,1,1,55,8,1461,2,2,MERCEDES C CLASS,-1,-1,0,-1
2020411011138,2020,411011138,5,19,0,18,19,8,4,0,0,0,0,0,0,0,2,1,1,1,1,36,7,1461,2,2,MERCEDES C CLASS,1,E01011625,0,-1
2020010266044,2020,010266044,3,9,0,2,2,0,0,0,0,0,0,0,0,0,3,2,6,6,3,-1,-1,2143,2,4,MERCEDES C CLASS,-1,-1,0,-1
2020010283849,2020,010283849,1,9,0,18,19,1,5,0,0,8,0,0,0,0,1,1,6,6,1,53,8,1597,1,10,MERCEDES C CLASS,6,E01000479,0,-1
2020500975596,2020,500975596,2,9,0,18,19,1,5,0,0,0,0,0,0,0,3,1,2,2,2,40,7,1796,1,15,MERCEDES C CLASS,5,E01020101,0,-1
2020010277314,2020,010277314,1,9,0,5,5,1,5,9,9,5,0,0,0,0,4,1,6,6,1,42,7,2597,1,17,MERCEDES C CLASS,4,E01003448,0,-1
2020010249885,2020,010249885,1,9,0,18,19,3,7,0,0,1,0,0,0,0,4,1,6,6,1,49,8,1595,1,8,MERCEDES C CLASS,3,E01000090,0,-1