collision_index,collision_year,collision_ref_no,vehicle_reference,vehicle_type,towing_and_articulation,vehicle_manoeuvre_historic,vehicle_manoeuvre,vehicle_direction_from,vehicle_direction_to,vehicle_location_restricted_lane_historic,vehicle_location_restricted_lane,junction_location,skidding_and_overturning,hit_object_in_carriageway,vehicle_leaving_carriageway,hit_object_off_carriageway,first_point_of_impact,vehicle_left_hand_drive,journey_purpose_of_driver_historic,journey_purpose_of_driver,sex_of_driver,age_of_driver,age_band_of_driver,engine_capacity_cc,propulsion_code,age_of_vehicle,generic_make_model,driver_imd_decile,lsoa_of_driver,escooter_flag,driver_distance_banding
2020990951301,2020,990951301,1,9,0,16,19,1,4,9,9,0,1,0,7,2,3,1,2,2,1,21,5,1497,1,2,MERCEDES C CLASS,9,-1,0,-1
2020010285229,2020,010285229,1,9,0,7,7,2,4,0,0,1,0,0,0,0,1,1,6,6,1,24,5,1497,1,2,MERCEDES C CLASS,2,E01003932,0,-1
2020010269991,2020,010269991,2,9,0,99,99,9,9,99,99,9,9,99,9,99,9,9,6,6,2,-1,-1,1950,2,0,MERCEDES C CLASS,-1,-1,0,-1
202006K277169,2020,06K277169,2,9,0,4,4,2,6,0,0,2,0,0,0,0,1,1,6,6,1,50,8,1796,1,13,MERCEDES C CLASS,10,E01004792,0,-1
2020522004804,2020,522004804,1,9,0,18,19,7,3,0,0,0,0,0,1,0,1,1,6,6,1,63,9,2143,2,7,MERCEDES C CLASS,5,W01001403,0,-1
2020522000791,2020,522000791,1,9,0,18,19,5,1,0,0,0,0,0,0,0,3,1,6,6,1,38,7,2148,2,16,MERCEDES C CLASS,2,E01014660,0,-1
2020010267252,2020,010267252,1,9,0,10,10,7,6,0,0,5,0,0,0,0,0,1,2,2,1,30,6,1991,1,5,MERCEDES C CLASS,2,E01003338,0,-1
2020430263219,2020,430263219,2,9,0,18,19,6,2,0,0,3,0,0,0,0,3,1,6,6,1,31,6,2143,2,4,MERCEDES C CLASS,8,E01016234,0,-1
2020010284406,2020,010284406,3,9,0,3,3,3,7,0,0,1,0,0,3,0,2,1,6,6,1,41,7,2987,2,6,MERCEDES C CLASS,3,E01013763,0,-1
2020220989850,2020,220989850,1,9,0,18,19,3,7,0,0,0,2,0,1,4,1,1,5,6,1,36,7,3982,1,5,MERCEDES C CLASS,7,W01000484,0,-1
202006J377834,2020,06J377834,1,9,0,18,19,3,7,0,0,0,0,0,0,0,1,1,6,6,3,-1,-1,2143,2,3,MERCEDES C CLASS,-1,-1,0,-1
2020110971001,2020,110971001,2,9,0,9,9,4,2,0,0,2,0,0,0,0,3,1,6,6,1,28,6,2143,2,3,MERCEDES C CLASS,3,E01008706,0,-1
2020200960499,2020,200960499,2,9,0,3,3,6,2,0,0,0,0,0,0,0,2,1,6,6,2,62,9,2143,2,5,MERCEDES C CLASS,4,E01009241,0,-1
2020302000230,2020,302000230,3,9,0,18,19,4,8,0,0,1,0,0,0,0,1,2,6,6,1,38,7,1597,2,1,MERCEDES C CLASS,4,E01028017,0,-1
2020200991589,2020,200991589,1,9,0,13,13,3,7,0,0,0,1,0,7,9,1,1,2,2,1,39,7,2143,2,3,MERCEDES C CLASS,5,E01029504,0,-1
2020360959743,2020,360959743,1,9,0,18,19,7,3,0,0,0,0,0,0,0,1,1,6,6,1,71,10,2143,2,3,MERCEDES C CLASS,9,E01000879,0,-1
2020010251419,2020,010251419,2,9,9,99,99,9,9,9,9,9,9,99,9,0,9,9,6,6,3,-1,-1,1796,1,8,MERCEDES C CLASS,-1,-1,0,-1
2020160926261,2020,160926261,1,9,0,18,19,5,1,0,0,0,0,0,0,0,1,1,6,6,2,-1,-1,2143,2,9,MERCEDES C CLASS,3,E01012866,0,-1
2020470915448,2020,470915448,2,9,0,18,19,2,6,0,0,8,0,0,0,0,1,1,5,6,2,26,6,2148,2,15,MERCEDES C CLASS,5,E01031705,0,-1
2020010240485,2020,010240485,2,9,0,99,99,9,9,99,99,9,9,99,9,99,2,9,6,6,3,-1,-1,2148,2,12,MERCEDES C CLASS,-1,-1,0,-1
2020610016420,2020,610016420,1,9,0,18,19,7,3,0,0,0,1,0,0,7,3,1,1,1,1,27,6,2143,2,3,MERCEDES C CLASS,10,W01001636,0,-1
2020010251481,2020,010251481,2,9,0,16,19,3,7,0,0,2,0,0,0,0,1,1,6,6,1,34,6,2143,2,5,MERCEDES C CLASS,2,E01000548,0,-1
2020302001290,2020,302001290,2,9,0,2,2,0,0,9,9,0,0,0,0,0,1,1,6,6,3,-1,-1,1991,8,3,MERCEDES C CLASS,-1,-1,0,-1
2020100972189,2020,100972189,1,9,0,5,5,7,3,0,0,3,0,0,0,0,3,1,6,6,1,25,5,2143,2,4,MERCEDES C CLASS,3,E01033548,0,-1
2020010231170,2020,010231170,1,9,0,4,4,1,5,0,0,0,1,10,3,11,1,1,6,6,1,18,4,1950,2,1,MERCEDES C CLASS,3,E01001489,0,-1
2020420971983,2020,420971983,2,9,0,18,19,4,8,0,0,0,0,0,0,0,4,1,5,6,1,32,6,2143,2,3,MERCEDES C CLASS,3,E01021639,0,-1
2020010256740,2020,010256740,2,9,0,99,99,9,9,99,99,1,9,99,9,99,9,9,6,6,3,-1,-1,2143,2,5,MERCEDES C CLASS,-1,-1,0,-1
2020010258860,2020,010258860,2,9,0,9,9,6,4,0,0,1,0,0,0,0,3,1,6,6,3,20,4,2148,2,16,MERCEDES C CLASS,5,E01004483,0,-1
2020010251295,2020,010251295,1,9,0,5,5,5,1,0,0,1,0,0,0,0,1,1,6,6,1,35,6,2143,2,4,MERCEDES C CLASS,6,E01001184,0,-1
20201371K1779,2020,1371K1779,3,9,0,2,2,3,7,0,0,0,0,0,0,0,1,1,6,6,3,-1,-1,2148,2,13,MERCEDES C CLASS,-1,-1,0,-1
2020220935515,2020,220935515,1,9,0,4,4,7,3,0,0,0,0,0,0,0,2,1,5,6,2,37,7,2143,2,3,MERCEDES C CLASS,3,E01032282,0,-1
2020522100619,2020,522100619,1,9,0,1,1,1,5,0,0,6,0,0,0,0,2,1,6,6,1,33,6,2143,2,5,MERCEDES C CLASS,10,E01014880,0,-1
2020070670302,2020,070670302,1,8,0,5,5,4,2,0,0,6,0,0,0,0,3,1,1,1,1,43,7,1598,2,4,MERCEDES C CLASS,6,E01018674,0,-1
2020010270910,2020,010270910,1,9,0,99,99,9,9,99,99,0,9,99,9,99,2,9,6,6,1,28,6,2143,2,4,MERCEDES C CLASS,1,E01004236,0,-1
202006J273669,2020,06J273669,2,9,0,2,2,0,0,0,0,0,0,0,0,0,2,1,6,6,2,36,7,1950,2,1,MERCEDES C CLASS,4,E01005798,0,-1
2020360981699,2020,360981699,1,9,0,16,19,-1,-1,0,0,1,0,6,0,0,4,1,5,6,1,45,7,2143,2,10,MERCEDES C CLASS,5,E01026433,0,-1
2020522002126,2020,522002126,1,9,0,18,19,1,5,0,0,8,0,0,0,0,1,1,6,6,2,37,7,2148,2,13,MERCEDES C CLASS,1,E01032515,0,-1
2020040967097,2020,040967097,2,9,0,5,5,1,5,0,0,4,0,0,0,0,3,1,6,6,3,-1,-1,1991,8,5,MERCEDES C CLASS,-1,-1,0,-1
2020070453552,2020,070453552,1,9,0,18,19,3,7,0,0,0,1,0,5,6,3,1,1,1,1,62,9,2143,2,3,MERCEDES C CLASS,3,W01000372,0,-1
2020052000509,2020,052000509,1,9,0,7,7,1,3,0,0,3,0,0,1,11,4,1,6,6,1,49,8,2143,2,3,MERCEDES C CLASS,5,E01006557,0,-1
2020010239070,2020,010239070,1,9,0,4,4,8,4,0,0,1,0,0,0,0,1,1,6,6,1,62,9,2143,2,6,MERCEDES C CLASS,2,E01002879,0,-1
2020010240805,2020,010240805,1,9,0,9,9,5,3,0,0,6,0,0,0,0,1,1,6,6,2,32,6,2148,2,12,MERCEDES C CLASS,1,E01001798,0,-1
2020010250072,2020,010250072,1,9,0,18,19,5,1,0,0,2,0,0,0,0,3,1,6,6,1,29,6,1595,1,6,MERCEDES C CLASS,2,E01032765,0,-1
2020040922308,2020,040922308,1,9,0,16,19,1,5,0,0,0,0,0,0,0,1,1,5,6,1,87,11,1497,1,1,MERCEDES C CLASS,10,E01025380,0,-1
2020302000585,2020,302000585,1,9,0,5,5,2,4,0,0,2,0,0,0,0,1,1,6,6,2,30,6,1796,1,13,MERCEDES C CLASS,7,E01025969,0,-1
202006F268725,2020,06F268725,1,9,0,18,19,2,6,0,0,8,0,0,0,0,1,1,6,6,3,-1,-1,2149,2,13,MERCEDES C CLASS,-1,-1,0,-1
2020010279900,2020,010279900,2,9,0,99,99,9,9,99,99,9,9,99,9,99,1,9,6,6,1,26,6,1950,2,2,MERCEDES C CLASS,4,E01004658,0,-1
2020460949514,2020,460949514,2,9,0,18,19,1,5,0,0,8,0,0,0,0,4,1,1,1,1,26,6,1950,2,1,MERCEDES C CLASS,7,E01024521,0,-1
2020010267389,2020,010267389,3,9,0,2,2,0,0,0,0,0,0,0,0,0,0,1,6,6,3,-1,-1,2148,2,15,MERCEDES C CLASS,-1,-1,0,-1
2020070159813,2020,070159813,2,9,0,16,19,7,5,0,0,4,0,0,0,0,1,1,6,6,1,34,6,2148,2,12,MERCEDES C CLASS,2,E01018596,0,-1
2020010231990,2020,010231990,1,9,9,99,99,9,9,99,99,1,9,99,9,99,9,1,6,6,2,31,6,1796,1,16,MERCEDES C CLASS,4,E01004468,0,-1
2020010261574,2020,010261574,1,9,0,18,19,3,7,0,0,5,0,0,0,0,4,1,2,2,1,44,7,2148,2,14,MERCEDES C CLASS,2,E01003624,0,-1
2020320522162,2020,320522162,1,9,0,18,19,1,5,0,0,4,0,0,0,0,1,1,6,6,1,50,8,2143,2,5,MERCEDES C CLASS,2,E01013195,0,-1
2020010258577,2020,010258577,1,9,0,11,11,7,3,0,0,8,0,0,0,0,2,1,6,6,2,25,5,2143,2,6,MERCEDES C CLASS,8,E01007891,0,-1
2020010237159,2020,010237159,2,9,9,99,99,9,9,99,99,9,9,99,9,99,9,1,6,6,1,-1,-1,2143,2,5,MERCEDES C CLASS,-1,-1,0,-1
2020990989673,2020,990989673,1,9,0,3,3,7,3,0,0,4,0,0,0,0,2,1,5,6,2,38,7,2143,2,4,MERCEDES C CLASS,2,-1,0,-1
202031B064320,2020,31B064320,4,9,0,2,2,0,0,0,0,1,0,0,0,0,2,1,6,6,3,-1,-1,6208,1,12,MERCEDES C CLASS,-1,-1,0,-1
2020540233820,2020,540233820,1,9,0,18,19,7,3,0,0,1,0,0,0,0,1,1,2,2,2,26,6,2143,2,10,MERCEDES C CLASS,8,E01015552,0,-1
2020480975006,2020,480975006,1,9,0,1,1,5,1,0,0,0,0,0,0,0,2,1,6,6,1,30,6,2143,2,4,MERCEDES C CLASS,-1,-1,0,-1
2020010259383,2020,010259383,2,9,0,5,5,0,1,0,0,1,0,0,0,0,3,1,6,6,1,40,7,2148,2,11,MERCEDES C CLASS,1,E01003487,0,-1
2020370935859,2020,370935859,1,9,0,18,19,6,2,0,0,0,0,0,2,0,1,1,5,6,1,55,8,2143,2,8,MERCEDES C CLASS,3,E01021303,0,-1
2020430213422,2020,430213422,2,9,0,18,19,5,3,0,0,8,0,0,0,0,1,1,6,6,1,-1,-1,1796,1,10,MERCEDES C CLASS,-1,-1,0,-1
2020200988046,2020,200988046,1,9,0,4,4,6,2,0,0,0,0,0,0,0,0,1,6,6,2,30,6,2143,2,5,MERCEDES C CLASS,5,E01009764,0,-1
2020010251672,2020,010251672,3,9,0,2,2,0,0,0,0,1,0,0,0,0,2,1,6,6,3,-1,-1,1991,1,1,MERCEDES C CLASS,-1,-1,0,-1
2020010240190,2020,010240190,2,9,9,99,99,9,9,0,0,0,0,0,9,0,9,9,6,6,3,-1,-1,2149,2,12,MERCEDES C CLASS,-1,-1,0,-1
202063A072620,2020,63A072620,2,9,0,17,19,6,3,0,0,1,0,0,0,0,1,1,6,6,2,52,8,2143,2,4,MERCEDES C CLASS,5,W01000946,0,-1
2020520002585,2020,520002585,2,9,0,18,19,8,4,0,0,0,0,0,0,0,4,1,6,6,1,61,9,1796,1,10,MERCEDES C CLASS,10,E01029302,0,-1
2020460968943,2020,460968943,1,9,0,18,19,-1,-1,0,0,8,0,0,0,0,1,1,6,6,1,71,10,1796,1,16,MERCEDES C CLASS,4,E01024444,0,-1
2020010248535,2020,010248535,1,9,9,99,99,9,9,99,99,2,9,99,9,99,1,9,6,6,3,-1,-1,2148,2,16,MERCEDES C CLASS,-1,-1,0,-1
2020430161758,2020,430161758,1,9,0,18,19,4,8,0,0,4,0,0,0,0,1,1,6,6,1,50,8,1796,1,14,MERCEDES C CLASS,3,E01016465,0,-1
2020010280682,2020,010280682,1,9,0,18,19,6,2,0,0,8,0,0,0,0,4,1,6,6,2,28,6,2143,2,7,MERCEDES C CLASS,5,E01004178,0,-1
2020010234038,2020,010234038,1,9,0,99,99,9,9,99,99,0,9,99,9,99,3,9,6,6,1,29,6,1991,1,6,MERCEDES C CLASS,2,E01003229,0,-1
2020990970985,2020,990970985,1,8,0,9,9,6,4,0,0,8,0,0,0,0,1,1,1,1,1,53,8,-1,-1,-1,MERCEDES C CLASS,6,-1,0,-1
2020010273077,2020,010273077,1,9,0,99,99,9,9,99,99,9,9,99,9,99,9,1,6,6,1,28,6,2143,2,8,MERCEDES C CLASS,5,E01002529,0,-1
2020200980911,2020,200980911,2,9,0,5,5,6,1,0,0,3,0,0,0,0,3,1,6,6,2,27,6,2143,2,5,MERCEDES C CLASS,3,E01009138,0,-1
2020200989811,2020,200989811,1,9,0,18,19,7,3,0,0,0,0,0,0,0,1,1,6,6,3,-1,-1,2143,2,4,MERCEDES C CLASS,-1,-1,0,-1
2020010260419,2020,010260419,2,9,0,99,99,9,9,99,99,9,9,99,9,99,1,9,6,6,3,-1,-1,1991,1,5,MERCEDES C CLASS,2,E01015934,0,-1
2020010238203,2020,010238203,1,9,0,5,5,5,1,0,0,3,0,0,0,0,2,1,6,6,2,46,8,2148,2,12,MERCEDES C CLASS,2,E01001557,0,-1
2020010260506,2020,010260506,2,9,0,7,7,5,7,0,0,9,0,0,0,0,4,9,6,6,1,37,7,2143,2,10,MERCEDES C CLASS,4,E01000728,0,-1
2020200944734,2020,200944734,1,9,0,18,19,5,1,0,0,0,0,0,0,0,1,1,1,1,1,57,9,2143,2,7,MERCEDES C CLASS,2,E01010088,0,-1
2020460929679,2020,460929679,2,9,0,18,19,4,8,0,0,0,0,0,1,0,1,1,2,2,1,33,6,2143,2,5,MERCEDES C CLASS,3,E01024239,0,-1
2020420968113,2020,420968113,2,9,0,18,19,1,5,0,0,0,0,0,0,0,3,1,6,6,2,32,6,1796,1,14,MERCEDES C CLASS,3,E01021847,0,-1
2020010282283,2020,010282283,1,9,0,17,19,1,5,0,0,8,0,0,0,0,2,1,6,6,1,35,6,1991,8,4,MERCEDES C CLASS,2,E01002809,0,-1
2020010249371,2020,010249371,1,9,0,18,19,5,1,0,0,1,0,0,0,0,1,1,1,1,1,41,7,1991,8,4,MERCEDES C CLASS,2,E01003990,0,-1
2020460981686,2020,460981686,1,9,0,9,9,3,5,0,0,6,0,0,0,0,4,1,5,6,2,73,10,1796,1,10,MERCEDES C CLASS,10,E01002253,0,-1
2020137381072,2020,137381072,2,9,0,18,19,6,2,0,0,0,0,0,0,0,4,1,6,6,2,56,9,2148,2,14,MERCEDES C CLASS,7,E01010568,0,-1
2020440121853,2020,440121853,1,9,0,4,4,4,8,0,0,0,0,0,0,0,2,1,6,6,1,29,6,2143,2,8,MERCEDES C CLASS,4,E01022523,0,-1
2020010256935,2020,010256935,2,9,0,2,2,0,0,0,0,2,0,0,0,0,1,1,6,6,3,-1,-1,1991,8,4,MERCEDES C CLASS,-1,-1,0,-1
2020201018935,2020,201018935,2,9,0,5,5,1,5,0,0,8,0,0,0,0,1,1,6,6,2,35,6,1950,2,0,MERCEDES C CLASS,4,E01031079,0,-1
2020010260784,2020,010260784,1,9,0,9,9,3,1,0,0,1,0,0,0,0,4,1,1,1,2,25,5,2143,2,3,MERCEDES C CLASS,2,E01001911,0,-1
2020010270610,2020,010270610,1,9,0,18,19,3,7,0,0,1,0,0,0,0,3,1,6,6,2,27,6,2143,2,3,MERCEDES C CLASS,4,E01003568,0,-1
2020450915573,2020,450915573,1,9,0,18,19,5,1,0,0,0,0,0,0,0,1,1,5,6,1,91,11,1799,1,24,MERCEDES C CLASS,9,E01030339,0,-1
2020010240952,2020,010240952,1,9,0,9,9,2,8,0,0,2,0,0,0,0,1,1,6,6,1,31,6,2143,2,9,MERCEDES C CLASS,8,E01000569,0,-1
2020522004290,2020,522004290,2,9,0,5,5,6,2,0,0,6,0,0,3,11,1,1,6,6,1,59,9,2143,2,3,MERCEDES C CLASS,9,E01014547,0,-1
2020010253908,2020,010253908,2,9,0,4,4,1,5,0,0,1,0,0,0,0,1,1,6,6,1,29,6,2143,2,9,MERCEDES C CLASS,3,E01003491,0,-1
2020371013910,2020,371013910,1,9,0,6,6,2,2,0,0,0,0,0,0,0,3,1,5,6,1,30,6,2148,2,11,MERCEDES C CLASS,5,E01030283,0,-1
2020010267186,2020,010267186,2,9,0,99,99,9,9,99,99,9,9,99,9,99,2,9,6,6,3,-1,-1,2143,2,6,MERCEDES C CLASS,-1,-1,0,-1
2020200941251,2020,200941251,2,9,0,3,3,-1,-1,0,0,1,0,0,0,0,2,1,6,6,2,23,5,2987,2,13,MERCEDES C CLASS,2,E01010017,0,-1
202031D049120,2020,31D049120,1,9,0,7,7,4,6,0,0,6,0,0,0,0,1,1,6,6,2,59,9,2143,2,3,MERCEDES C CLASS,9,E01028180,0,-1
2020170H10720,2020,170H10720,2,9,0,18,19,0,0,0,0,8,0,0,0,0,3,1,6,6,1,20,4,2143,2,3,MERCEDES C CLASS,5,E01011966,0,-1
2020100976840,2020,100976840,2,8,0,5,5,2,4,0,0,8,0,0,0,0,4,1,1,1,1,50,8,1598,2,6,MERCEDES C CLASS,-1,-1,0,-1
2020400972182,2020,400972182,2,9,0,15,15,6,2,0,0,0,0,0,0,0,3,1,5,6,1,74,10,2143,2,11,MERCEDES C CLASS,8,E01017467,0,-1
2020010251588,2020,010251588,2,9,0,18,19,3,7,0,0,8,0,0,0,0,1,1,6,6,1,22,5,1950,2,1,MERCEDES C CLASS,1,E01002748,0,-1
2020450953780,2020,450953780,2,9,0,10,10,5,5,0,0,8,0,0,0,0,0,1,6,6,2,59,9,1796,1,17,MERCEDES C CLASS,4,E01030608,0,-1
2020622001078,2020,622001078,2,9,0,4,4,5,1,0,0,1,0,0,0,0,2,1,6,6,2,47,8,1796,1,16,MERCEDES C CLASS,9,W01001135,0,-1
2020010233754,2020,010233754,1,9,0,99,99,9,9,99,99,9,9,99,9,99,2,9,6,6,2,50,8,1796,1,9,MERCEDES C CLASS,2,E01001651,0,-1
2020370991655,2020,370991655,1,9,0,9,9,5,3,0,0,8,0,0,0,0,1,1,1,1,1,26,6,2143,2,8,MERCEDES C CLASS,7,E01021971,0,-1
2020990962039,2020,990962039,2,9,0,18,19,5,2,0,0,1,0,0,1,2,1,1,6,6,1,26,6,2143,2,9,MERCEDES C CLASS,8,-1,0,-1
2020420961901,2020,420961901,1,9,0,13,13,7,3,0,0,8,0,0,7,0,1,1,5,6,1,68,10,3199,1,18,MERCEDES C CLASS,7,E01022020,0,-1
2020010281016,2020,010281016,2,9,0,4,4,7,3,0,0,2,0,0,0,0,1,1,6,6,1,19,4,2987,2,8,MERCEDES C CLASS,-1,-1,0,-1
2020052000971,2020,052000971,1,9,0,18,19,1,5,0,0,0,0,4,0,0,1,1,6,6,1,46,8,2987,2,10,MERCEDES C CLASS,3,E01007177,0,-1
2020990917945,2020,990917945,3,9,0,18,19,7,4,0,0,8,0,0,0,0,1,1,1,1,1,43,7,1461,2,2,MERCEDES C CLASS,1,-1,0,-1
2020010250834,2020,010250834,1,9,0,99,99,9,9,99,99,9,9,99,9,99,1,9,6,6,2,28,6,1991,1,4,MERCEDES C CLASS,3,E01002308,0,-1
2020411013351,2020,411013351,1,9,0,5,5,3,7,0,0,4,0,0,0,0,3,1,6,6,1,25,5,1991,1,2,MERCEDES C CLASS,8,E01000880,0,-1
2020010266449,2020,010266449,1,9,0,99,99,9,9,99,99,0,9,99,9,99,2,9,2,2,1,52,8,2143,2,9,MERCEDES C CLASS,6,E01003644,0,-1
2020450971608,2020,450971608,1,9,0,7,7,8,4,0,0,6,0,0,0,0,1,1,5,6,1,21,5,1991,1,2,MERCEDES C CLASS,9,E01030660,0,-1
2020010233039,2020,010233039,1,9,0,99,99,9,9,99,99,1,9,99,9,99,1,9,6,6,2,35,6,2143,2,10,MERCEDES C CLASS,4,E01033576,0,-1
2020010240574,2020,010240574,1,19,0,18,19,7,3,0,0,8,0,0,0,0,3,1,6,6,1,32,6,1461,2,5,MERCEDES C CLASS,3,E01017007,0,-1
202063C065320,2020,63C065320,1,19,0,17,19,3,8,0,0,0,0,0,0,0,4,1,6,6,1,57,9,1461,2,4,MERCEDES C CLASS,3,W01000568,0,-1
2020421002962,2020,421002962,1,9,0,18,19,2,6,0,0,1,0,0,0,0,1,1,6,6,1,62,9,1595,1,5,MERCEDES C CLASS,2,E01015820,0,-1
2020010243238,2020,010243238,1,9,0,9,9,4,2,0,0,6,0,0,0,0,1,1,6,6,1,59,9,1796,1,17,MERCEDES C CLASS,-1,-1,0,-1
2020010255455,2020,010255455,1,9,0,18,19,8,4,0,0,0,0,0,0,0,1,1,6,6,1,37,7,2143,2,6,MERCEDES C CLASS,-1,-1,0,-1
2020010278523,2020,010278523,2,9,0,18,19,1,5,99,99,9,9,99,9,99,9,1,6,6,3,-1,-1,2143,2,4,MERCEDES C CLASS,-1,-1,0,-1
2020520101130,2020,520101130,1,9,0,3,3,5,1,0,0,0,0,0,0,0,2,1,6,6,1,36,7,2143,2,6,MERCEDES C CLASS,5,E01032629,0,-1
2020360952403,2020,360952403,1,9,0,18,19,4,8,0,0,1,0,10,3,1,1,1,5,6,1,37,7,1598,2,5,MERCEDES C CLASS,2,E01026821,0,-1
2020430438015,2020,430438015,1,9,0,4,4,2,6,0,0,0,0,0,0,0,1,1,6,6,2,29,6,2143,2,9,MERCEDES C CLASS,6,E01016564,0,-1
2020230960100,2020,230960100,1,9,0,18,19,6,2,0,0,1,0,0,0,0,1,1,1,1,1,31,6,1796,1,15,MERCEDES C CLASS,3,E01031332,0,-1
2020010234336,2020,010234336,1,9,0,18,19,5,1,0,0,0,0,0,0,0,1,1,6,6,1,34,6,2148,2,15,MERCEDES C CLASS,4,E01001421,0,-1
2020010267838,2020,010267838,4,9,0,2,2,0,0,0,0,0,0,0,0,0,1,1,6,6,3,-1,-1,2143,2,2,MERCEDES C CLASS,-1,-1,0,-1
2020410990149,2020,410990149,1,9,0,18,19,4,8,0,0,8,0,0,-1,0,4,1,6,6,3,-1,-1,1796,1,14,MERCEDES C CLASS,-1,-1,0,-1
2020450970807,2020,450970807,1,9,0,18,19,3,7,0,0,8,0,0,0,0,1,1,5,6,1,71,10,2149,2,13,MERCEDES C CLASS,7,E01002939,0,-1
2020010235617,2020,010235617,1,9,9,99,99,9,9,99,99,9,9,99,9,99,9,9,6,6,3,-1,-1,1991,1,4,MERCEDES C CLASS,-1,-1,0,-1
2020201000836,2020,201000836,1,9,0,9,9,4,2,0,0,6,0,0,0,0,1,1,6,6,1,31,6,2148,2,13,MERCEDES C CLASS,1,E01009480,0,-1
2020041006459,2020,041006459,3,9,0,18,19,1,5,0,0,0,0,0,0,0,2,1,2,2,2,38,7,2143,2,7,MERCEDES C CLASS,4,E01024927,0,-1
2020010237524,2020,010237524,1,9,0,18,19,6,2,0,0,0,0,0,0,0,1,1,6,6,1,20,4,2143,2,9,MERCEDES C CLASS,-1,-1,0,-1
2020100996473,2020,100996473,2,19,0,9,9,1,5,0,0,0,0,0,0,0,3,1,1,1,1,54,8,1461,2,5,MERCEDES C CLASS,7,E01027490,0,-1
2020010249762,2020,010249762,1,9,0,9,9,5,3,0,0,8,0,0,0,0,4,1,6,6,1,28,6,2143,2,9,MERCEDES C CLASS,6,E01002380,0,-1
2020610034220,2020,610034220,1,9,0,4,4,6,2,0,0,1,0,0,0,0,2,1,6,6,2,30,6,1796,2,6,MERCEDES C CLASS,5,W01001370,0,-1
2020010267393,2020,010267393,1,9,0,4,4,5,1,0,0,1,0,0,0,0,2,1,6,6,1,25,5,1497,1,2,MERCEDES C CLASS,4,E01001140,0,-1
2020122000448,2020,122000448,1,9,0,18,19,3,7,0,0,0,1,0,7,4,4,1,2,2,2,22,5,2143,2,8,MERCEDES C CLASS,10,E01027903,0,-1
2020040942261,2020,040942261,1,9,0,9,9,7,3,0,0,5,0,0,0,0,3,1,5,6,2,67,10,1991,1,3,MERCEDES C CLASS,7,E01025005,0,-1
2020460926508,2020,460926508,1,9,0,9,9,2,6,0,0,0,0,0,0,0,3,1,2,2,1,22,5,2143,2,5,MERCEDES C CLASS,5,E01024595,0,-1
202006K273161,2020,06K273161,1,9,0,18,19,6,2,7,6,8,0,0,0,0,4,1,6,6,1,42,7,1796,1,14,MERCEDES C CLASS,3,E01004887,0,-1
2020141000553,2020,141000553,1,9,0,18,19,4,8,0,0,0,0,0,0,0,1,1,5,6,1,29,6,2987,2,9,MERCEDES C CLASS,1,E01007902,0,-1
2020420987940,2020,420987940,2,9,0,4,4,2,6,0,0,0,0,0,0,0,2,1,5,6,2,52,8,2143,2,2,MERCEDES C CLASS,9,E01021828,0,-1
2020501004517,2020,501004517,1,9,0,4,4,5,1,0,0,1,0,0,0,0,1,1,6,6,1,65,9,1950,2,0,MERCEDES C CLASS,6,E01018967,0,-1
202006A371984,2020,06A371984,2,9,0,18,19,7,3,0,0,8,0,0,0,0,2,1,6,6,1,34,6,2143,2,6,MERCEDES C CLASS,4,E01005029,0,-1
2020010239548,2020,010239548,1,9,3,9,9,7,5,0,0,1,0,0,0,0,1,1,6,6,1,75,10,2143,2,8,MERCEDES C CLASS,3,E01000644,0,-1
2020010268659,2020,010268659,1,9,0,99,99,9,9,99,99,9,9,99,9,99,9,9,6,6,1,29,6,2143,2,7,MERCEDES C CLASS,1,E01004198,0,-1
2020201001439,2020,201001439,2,9,0,3,3,6,2,0,0,1,0,0,0,0,2,1,6,6,2,57,9,2143,2,4,MERCEDES C CLASS,6,E01029728,0,-1
2020420960064,2020,420960064,1,9,0,9,9,2,4,0,0,1,0,0,0,0,1,1,6,6,2,39,7,2143,2,5,MERCEDES C CLASS,10,E01021459,0,-1
2020460944939,2020,460944939,1,9,0,6,6,3,5,0,0,0,0,0,0,0,3,1,6,6,2,58,9,2996,1,15,MERCEDES C CLASS,8,E01016122,0,-1
2020302001365,2020,302001365,1,9,0,18,19,6,8,0,0,8,0,0,0,0,1,1,6,6,1,79,11,2987,2,14,MERCEDES C CLASS,5,E01019402,0,-1
2020400929323,2020,400929323,1,9,0,18,19,7,3,0,0,4,0,0,0,0,1,1,5,6,1,62,9,1796,1,10,MERCEDES C CLASS,5,E01015762,0,-1
2020430265063,2020,430265063,1,9,0,9,9,2,8,0,0,5,0,0,0,0,1,1,6,6,1,56,9,1998,1,18,MERCEDES C CLASS,1,E01000105,0,-1