collision_index,collision_year,collision_ref_no,vehicle_reference,vehicle_type,towing_and_articulation,vehicle_manoeuvre_historic,vehicle_manoeuvre,vehicle_direction_from,vehicle_direction_to,vehicle_location_restricted_lane_historic,vehicle_location_restricted_lane,junction_location,skidding_and_overturning,hit_object_in_carriageway,vehicle_leaving_carriageway,hit_object_off_carriageway,first_point_of_impact,vehicle_left_hand_drive,journey_purpose_of_driver_historic,journey_purpose_of_driver,sex_of_driver,age_of_driver,age_band_of_driver,engine_capacity_cc,propulsion_code,age_of_vehicle,generic_make_model,driver_imd_decile,lsoa_of_driver,escooter_flag,driver_distance_banding
2020010260298,2020,010260298,2,9,0,10,10,3,1,0,0,2,0,0,0,0,2,1,6,6,1,32,6,1991,1,6,MERCEDES C CLASS,4,E01001225,0,-1
2020990954122,2020,990954122,2,9,0,18,19,6,2,0,0,1,0,0,0,0,3,1,6,6,2,49,8,2143,2,7,MERCEDES C CLASS,2,-1,0,-1
2020500940314,2020,500940314,5,9,0,18,19,3,7,0,0,0,0,0,0,0,1,1,6,6,2,30,6,2143,2,8,MERCEDES C CLASS,4,E01020032,0,-1
202006K369032,2020,06K369032,1,19,0,18,19,6,2,0,0,4,0,0,0,0,3,1,6,6,1,30,6,1461,2,5,MERCEDES C CLASS,3,E01004902,0,-1
2020552000131,2020,552000131,1,9,0,16,19,8,1,0,0,1,1,4,0,0,1,1,6,6,2,29,6,2148,2,11,MERCEDES C CLASS,4,E01015420,0,-1
2020522005142,2020,522005142,2,9,0,18,19,2,6,0,0,0,0,0,0,0,3,1,6,6,2,39,7,2149,2,13,MERCEDES C CLASS,4,E01014892,0,-1
2020990993702,2020,990993702,1,9,0,18,19,5,1,0,0,0,1,0,5,6,1,1,1,1,2,48,8,2143,2,3,MERCEDES C CLASS,10,-1,0,-1
2020140960588,2020,140960588,1,9,0,17,19,3,7,0,0,1,1,4,7,2,1,1,6,6,1,33,6,2987,2,10,MERCEDES C CLASS,2,E01007340,0,-1
202006K177430,2020,06K177430,2,9,0,18,19,7,3,0,0,0,0,0,0,0,2,1,6,6,1,47,8,2143,2,8,MERCEDES C CLASS,7,E01004900,0,-1
2020010236635,2020,010236635,1,9,0,99,99,9,9,99,99,9,9,99,9,99,2,9,6,6,1,37,7,1598,2,4,MERCEDES C CLASS,2,E01002830,0,-1
2020140950204,2020,140950204,2,9,0,18,19,4,8,0,0,0,0,1,0,0,1,1,5,6,1,30,6,2143,2,8,MERCEDES C CLASS,8,E01015628,0,-1
2020010260822,2020,010260822,2,9,0,99,99,9,9,99,99,0,9,99,9,99,9,9,6,6,3,-1,-1,2148,2,15,MERCEDES C CLASS,-1,-1,0,-1
2020010232032,2020,010232032,2,9,0,1,1,3,7,0,0,0,0,0,0,0,2,1,6,6,1,56,9,1597,1,11,MERCEDES C CLASS,6,E01002496,0,-1
2020522003763,2020,522003763,3,9,0,18,19,5,1,0,0,8,0,0,0,0,1,1,6,6,1,19,4,2148,2,11,MERCEDES C CLASS,-1,-1,0,-1
2020500958324,2020,500958324,3,9,0,3,3,5,8,0,0,0,0,0,0,0,2,1,1,1,1,59,9,2143,2,9,MERCEDES C CLASS,7,E01020205,0,-1
2020200976463,2020,200976463,1,9,0,18,19,2,6,0,0,0,0,10,1,2,1,1,6,6,2,50,8,2143,2,5,MERCEDES C CLASS,5,E01032133,0,-1
2020200934591,2020,200934591,1,9,0,18,19,2,6,0,0,0,0,0,0,0,1,1,6,6,1,22,5,2143,2,9,MERCEDES C CLASS,2,E01010265,0,-1
2020320278493,2020,320278493,2,9,0,18,19,7,3,0,0,8,1,0,1,0,1,1,2,2,1,37,7,2143,2,3,MERCEDES C CLASS,6,E01026411,0,-1
2020450958616,2020,450958616,2,9,0,18,19,7,3,0,0,1,1,0,0,0,1,1,6,6,1,37,7,2143,2,6,MERCEDES C CLASS,6,E01004186,0,-1
2020430287872,2020,430287872,2,9,0,18,19,1,5,0,0,4,0,0,0,0,1,1,6,6,1,38,7,2143,2,9,MERCEDES C CLASS,6,E01000365,0,-1
2020010266961,2020,010266961,2,9,0,18,19,1,5,0,0,2,9,0,0,0,1,9,6,6,3,-1,-1,1796,1,10,MERCEDES C CLASS,-1,-1,0,-1
2020200939643,2020,200939643,3,9,0,3,3,8,4,0,0,8,0,0,0,0,2,1,6,6,1,-1,-1,1991,1,3,MERCEDES C CLASS,-1,-1,0,-1
2020430295857,2020,430295857,1,9,0,18,19,4,8,0,0,0,0,4,1,0,1,1,6,6,2,33,6,2143,2,5,MERCEDES C CLASS,6,E01014708,0,-1
2020010246847,2020,010246847,2,9,0,18,19,5,1,0,0,8,0,0,0,0,4,1,1,1,1,40,7,1991,8,3,MERCEDES C CLASS,4,E01023805,0,-1
2020200940669,2020,200940669,2,9,0,11,11,8,2,0,0,0,0,0,0,0,2,1,6,6,1,-1,-1,2143,2,3,MERCEDES C CLASS,-1,-1,0,-1
2020460956267,2020,460956267,2,9,0,18,19,1,5,0,0,0,0,0,0,0,0,1,6,6,1,30,6,2143,2,4,MERCEDES C CLASS,7,E01024675,0,-1
2020220949780,2020,220949780,2,9,0,18,19,2,6,0,0,0,1,0,0,0,1,1,5,6,2,75,10,1998,1,21,MERCEDES C CLASS,6,E01032128,0,-1
2020010268767,2020,010268767,1,9,0,6,6,7,7,0,0,2,0,0,0,0,0,1,6,6,1,27,6,2143,2,10,MERCEDES C CLASS,7,E01027692,0,-1
2020010258614,2020,010258614,1,9,0,99,99,9,9,99,99,1,9,99,9,99,2,9,6,6,2,-1,-1,1497,1,2,MERCEDES C CLASS,2,E01001464,0,-1
2020471010013,2020,471010013,2,9,0,3,3,7,3,0,0,1,0,0,0,0,1,1,6,6,1,29,6,2143,2,8,MERCEDES C CLASS,4,E01021819,0,-1
2020010274496,2020,010274496,2,9,0,99,99,9,9,99,99,9,9,99,9,99,9,9,6,6,3,-1,-1,3982,1,1,MERCEDES C CLASS,-1,-1,0,-1
2020200955900,2020,200955900,1,9,0,18,19,4,8,0,0,8,2,10,1,11,4,1,6,6,3,-1,-1,3982,1,5,MERCEDES C CLASS,-1,-1,0,-1
2020010257432,2020,010257432,2,9,0,9,9,5,3,0,0,6,0,0,0,0,1,1,6,6,1,27,6,1796,1,16,MERCEDES C CLASS,5,E01000274,0,-1
2020160924411,2020,160924411,3,9,0,3,3,2,6,0,0,0,0,0,0,0,2,1,6,6,1,32,6,1796,1,15,MERCEDES C CLASS,4,E01013207,0,-1
2020471008100,2020,471008100,2,9,0,5,5,7,2,0,0,4,0,0,0,0,2,1,5,6,1,29,6,1598,2,2,MERCEDES C CLASS,-1,-1,0,-1
20201379K1388,2020,1379K1388,2,9,0,18,19,1,5,0,0,1,0,0,0,0,1,1,6,6,1,69,10,2143,2,5,MERCEDES C CLASS,-1,-1,0,-1
2020040954605,2020,040954605,1,9,0,18,19,1,5,0,0,0,0,0,0,0,4,1,6,6,1,58,9,1991,1,2,MERCEDES C CLASS,8,E01025241,0,-1
20201375C1222,2020,1375C1222,2,9,0,17,19,3,7,0,0,0,0,0,0,0,4,1,6,6,2,72,10,1497,1,1,MERCEDES C CLASS,9,E01011935,0,-1
2020122000821,2020,122000821,2,9,0,2,2,0,0,0,0,1,0,0,1,0,1,1,6,6,3,-1,-1,1595,1,6,MERCEDES C CLASS,-1,-1,0,-1
2020201013536,2020,201013536,1,9,0,18,19,8,4,0,0,2,0,0,0,0,1,1,6,6,1,22,5,2143,2,7,MERCEDES C CLASS,5,E01009185,0,-1
2020010257196,2020,010257196,1,9,0,18,19,1,5,0,0,8,0,0,0,0,4,1,6,6,1,30,6,2148,2,15,MERCEDES C CLASS,-1,-1,0,-1
2020010256202,2020,010256202,2,8,0,18,19,5,1,0,0,0,0,0,0,0,4,1,1,1,1,27,6,2143,2,4,MERCEDES C CLASS,5,E01002213,0,-1
2020470974828,2020,470974828,1,9,0,13,13,4,1,0,0,8,0,11,0,0,1,1,5,6,2,44,7,2148,2,12,MERCEDES C CLASS,4,E01020918,0,-1
2020100941479,2020,100941479,1,9,0,5,5,6,2,0,0,2,0,4,0,0,1,1,5,6,2,51,8,2143,2,8,MERCEDES C CLASS,3,E01008780,0,-1
2020440462334,2020,440462334,3,9,0,2,2,0,0,0,0,2,0,4,0,0,1,1,6,6,3,-1,-1,1796,1,8,MERCEDES C CLASS,-1,-1,0,-1
2020010257731,2020,010257731,1,9,0,18,19,3,7,0,0,8,0,0,0,0,4,9,6,6,1,27,6,1991,8,4,MERCEDES C CLASS,3,E01000499,0,-1
202006L173262,2020,06L173262,1,9,0,18,19,8,4,0,0,1,0,0,0,0,1,1,6,6,1,28,6,2143,2,5,MERCEDES C CLASS,5,E01006364,0,-1
2020010245182,2020,010245182,2,9,0,18,19,5,1,0,0,8,0,0,0,0,4,1,6,6,1,29,6,2143,2,5,MERCEDES C CLASS,4,E01000066,0,-1
2020450959363,2020,450959363,2,9,0,11,11,5,8,0,0,1,1,0,0,0,2,1,5,6,1,43,7,2143,2,11,MERCEDES C CLASS,4,E01017193,0,-1
2020370977086,2020,370977086,1,19,0,18,19,6,3,0,0,2,5,0,0,0,3,1,1,1,1,24,5,1461,2,3,MERCEDES C CLASS,6,E01026424,0,-1
2020010245762,2020,010245762,1,9,0,7,7,1,4,0,0,8,0,0,0,0,3,1,6,6,2,34,6,1796,1,12,MERCEDES C CLASS,7,E01000377,0,-1
2020010259460,2020,010259460,2,9,9,99,99,9,9,99,99,9,9,99,9,99,9,1,6,6,3,35,6,2143,2,4,MERCEDES C CLASS,7,E01016569,0,-1
2020010254538,2020,010254538,1,9,9,99,99,9,9,99,99,9,9,99,9,99,9,9,6,6,3,-1,-1,2143,2,5,MERCEDES C CLASS,-1,-1,0,-1
2020010268821,2020,010268821,1,9,0,99,99,9,9,99,99,9,9,99,9,99,2,9,6,6,1,59,9,2148,2,13,MERCEDES C CLASS,2,E01001332,0,-1
2020010248725,2020,010248725,1,9,0,10,10,5,2,0,0,8,0,0,0,0,2,1,6,6,1,41,7,2143,2,7,MERCEDES C CLASS,10,E01002149,0,-1
2020137B42061,2020,137B42061,2,9,0,18,19,7,3,0,0,1,0,0,0,0,4,1,6,6,1,21,5,6208,1,8,MERCEDES C CLASS,5,E01011356,0,-1
2020211023066,2020,211023066,3,9,-1,-1,-1,5,1,-1,-1,0,-1,-1,-1,0,-1,1,6,6,2,-1,-1,2143,2,4,MERCEDES C CLASS,7,E01029768,0,-1
2020010269979,2020,010269979,2,9,0,18,19,7,3,0,0,2,1,0,0,0,2,1,6,6,1,24,5,1991,1,4,MERCEDES C CLASS,1,E01003577,0,-1
2020010230202,2020,010230202,2,9,0,5,5,6,2,0,0,6,0,0,0,0,1,1,6,6,3,-1,-1,2143,2,5,MERCEDES C CLASS,-1,-1,0,-1
2020470969998,2020,470969998,1,9,0,9,9,2,6,0,0,6,0,0,0,0,1,1,5,6,1,52,8,2143,2,5,MERCEDES C CLASS,9,E01031751,0,-1
2020010240886,2020,010240886,2,9,0,18,19,7,3,0,0,0,0,0,0,0,2,1,6,6,1,36,7,1595,1,6,MERCEDES C CLASS,1,E01002082,0,-1
2020471005400,2020,471005400,1,9,0,7,7,8,2,0,0,6,0,0,0,0,3,1,3,7,1,52,8,1597,2,1,MERCEDES C CLASS,8,E01031624,0,-1
2020332000223,2020,332000223,1,9,0,5,5,2,6,0,0,8,0,0,0,0,1,1,1,1,1,22,5,1950,2,2,MERCEDES C CLASS,3,E01013775,0,-1
2020010249445,2020,010249445,2,9,0,5,5,0,7,0,0,0,0,0,0,0,3,1,6,6,1,34,6,1796,1,12,MERCEDES C CLASS,2,E01002807,0,-1
20201371L1421,2020,1371L1421,2,9,0,18,19,5,1,0,0,8,0,0,0,0,1,1,6,6,1,78,11,2148,2,14,MERCEDES C CLASS,1,E01010828,0,-1
202006G278464,2020,06G278464,3,9,0,18,19,7,3,0,0,0,0,0,0,0,1,1,6,6,1,21,5,2143,2,5,MERCEDES C CLASS,2,E01005192,0,-1
2020010229618,2020,010229618,1,9,0,18,19,5,1,0,0,1,0,0,0,0,1,1,6,6,1,50,8,2143,2,8,MERCEDES C CLASS,4,E01004358,0,-1
2020450995291,2020,450995291,1,9,0,17,19,3,7,0,0,0,2,0,7,4,1,1,5,6,2,25,5,3982,1,4,MERCEDES C CLASS,8,E01030575,0,-1
2020010277516,2020,010277516,2,9,0,99,99,9,9,4,4,1,0,0,0,0,1,1,6,6,3,73,10,1595,1,6,MERCEDES C CLASS,4,E01001928,0,-1
2020040948005,2020,040948005,1,9,0,1,1,6,2,6,6,0,0,0,0,0,3,1,6,6,1,18,4,2148,2,18,MERCEDES C CLASS,1,E01025298,0,-1
2020460997772,2020,460997772,1,9,0,13,13,4,1,0,0,0,0,0,7,0,3,1,6,6,1,34,6,2143,2,6,MERCEDES C CLASS,9,E01000712,0,-1
2020010270416,2020,010270416,3,9,0,2,2,0,0,0,0,1,0,0,0,0,3,1,6,6,3,-1,-1,2143,2,3,MERCEDES C CLASS,-1,-1,0,-1
2020470943012,2020,470943012,3,9,0,18,19,3,7,0,0,0,0,1,1,4,1,1,6,6,1,26,6,2143,2,4,MERCEDES C CLASS,7,E01024794,0,-1
2020010236897,2020,010236897,1,9,0,9,9,3,1,0,0,1,0,0,0,0,1,1,2,2,2,27,6,2143,2,9,MERCEDES C CLASS,5,E01001201,0,-1
2020010270024,2020,010270024,2,9,0,18,19,7,3,0,0,8,0,0,0,0,1,1,6,6,1,51,8,1497,1,1,MERCEDES C CLASS,8,E01003867,0,-1
2020440188610,2020,440188610,1,9,0,10,10,5,3,0,0,1,0,0,0,0,1,1,6,6,2,27,6,1796,1,17,MERCEDES C CLASS,7,E01032618,0,-1
2020010276391,2020,010276391,2,9,0,16,19,5,8,0,0,0,5,4,0,0,3,1,6,6,1,-1,-1,2143,2,8,MERCEDES C CLASS,-1,-1,0,-1
2020010276006,2020,010276006,1,9,0,18,19,7,3,0,0,8,0,0,0,0,4,1,3,7,1,49,8,2143,2,4,MERCEDES C CLASS,1,E01004205,0,-1
2020100947852,2020,100947852,1,9,0,18,19,7,3,0,0,1,0,0,0,0,1,1,6,6,1,35,6,2685,2,15,MERCEDES C CLASS,1,E01033075,0,-1
2020430254742,2020,430254742,2,9,0,8,8,2,6,0,0,1,0,0,0,0,2,1,6,6,1,25,5,6208,1,7,MERCEDES C CLASS,8,E01016508,0,-1
2020990978158,2020,990978158,1,8,0,18,19,4,8,0,0,1,0,0,0,0,1,1,1,1,1,32,6,1461,2,3,MERCEDES C CLASS,2,-1,0,-1
2020010251442,2020,010251442,1,9,0,7,7,1,4,0,0,3,0,0,1,11,3,1,6,6,1,36,7,2143,2,2,MERCEDES C CLASS,5,E01000158,0,-1
2020211021806,2020,211021806,1,9,0,9,9,2,8,0,0,8,0,0,0,0,1,1,2,2,2,61,9,1796,1,8,MERCEDES C CLASS,1,E01013479,0,-1
2020030985405,2020,030985405,2,9,0,18,19,5,1,0,0,0,0,0,0,0,4,1,5,6,1,24,5,1998,1,19,MERCEDES C CLASS,3,E01020652,0,-1
2020470934737,2020,470934737,1,9,0,18,19,5,1,0,0,0,0,0,0,0,1,1,6,6,1,52,8,2148,2,14,MERCEDES C CLASS,2,E01017011,0,-1
2020622001016,2020,622001016,1,9,0,18,19,8,4,0,0,8,0,0,0,0,1,1,1,1,1,46,8,2143,2,6,MERCEDES C CLASS,1,W01001699,0,-1
2020010271070,2020,010271070,1,9,0,18,19,5,1,0,0,1,0,0,0,0,0,1,1,1,1,45,7,2148,2,12,MERCEDES C CLASS,7,E01004139,0,-1
2020010228183,2020,010228183,1,9,0,18,19,5,1,0,0,0,0,10,1,5,1,1,2,2,2,59,9,2143,2,2,MERCEDES C CLASS,8,E01001585,0,-1
2020450925819,2020,450925819,2,9,0,17,19,4,8,0,0,0,1,0,1,0,3,1,5,6,2,67,10,2143,2,3,MERCEDES C CLASS,5,E01030531,0,-1
2020010273160,2020,010273160,1,9,0,9,9,1,6,0,0,6,0,0,0,0,4,1,6,6,1,72,10,1796,1,9,MERCEDES C CLASS,9,E01001273,0,-1
2020010264959,2020,010264959,1,9,0,3,3,2,6,0,0,2,0,0,0,0,2,1,6,6,1,40,7,1991,8,2,MERCEDES C CLASS,2,E01000628,0,-1
2020141003148,2020,141003148,2,19,0,18,19,7,3,0,0,0,0,7,4,6,2,1,1,1,1,36,7,1461,2,3,MERCEDES C CLASS,1,E01008011,0,-1
2020332000014,2020,332000014,2,9,0,18,19,4,8,0,0,8,0,0,0,0,4,1,6,6,2,59,9,2143,2,10,MERCEDES C CLASS,4,E01013714,0,-1
2020010258415,2020,010258415,1,9,0,7,7,5,8,0,0,1,0,0,0,0,1,1,1,1,1,42,7,1991,1,4,MERCEDES C CLASS,1,E01004247,0,-1
2020010270394,2020,010270394,2,9,0,18,19,1,5,0,0,1,0,0,0,0,9,1,6,6,1,-1,-1,2143,2,4,MERCEDES C CLASS,1,E01000782,0,-1
2020010234276,2020,010234276,1,9,0,99,99,9,9,99,99,9,9,99,9,99,9,9,6,6,1,30,6,2143,2,4,MERCEDES C CLASS,6,E01000250,0,-1
2020302001388,2020,302001388,1,9,0,4,4,1,6,0,0,4,0,0,0,0,2,1,2,2,1,73,10,2148,2,11,MERCEDES C CLASS,8,E01019811,0,-1
2020010286445,2020,010286445,3,9,0,2,2,0,0,0,0,0,0,0,0,0,0,1,6,6,3,-1,-1,1796,1,17,MERCEDES C CLASS,-1,-1,0,-1
2020230988919,2020,230988919,1,9,0,13,13,5,1,0,0,0,0,0,0,0,1,1,5,6,1,38,7,2143,2,7,MERCEDES C CLASS,3,E01031064,0,-1
2020010244895,2020,010244895,2,9,0,18,19,7,3,0,0,8,0,0,0,0,1,1,6,6,1,74,10,1796,1,16,MERCEDES C CLASS,2,E01003498,0,-1
2020010236728,2020,010236728,2,9,0,18,19,3,7,0,0,5,0,0,0,0,1,1,6,6,1,20,4,1998,1,18,MERCEDES C CLASS,5,E01003760,0,-1
2020411000704,2020,411000704,1,9,0,18,19,3,7,0,0,0,1,0,7,6,1,1,6,6,1,37,7,2143,2,5,MERCEDES C CLASS,2,E01003595,0,-1
2020460959424,2020,460959424,1,9,0,3,3,1,5,0,0,0,0,0,0,0,1,1,6,6,2,35,6,2496,1,14,MERCEDES C CLASS,5,E01024842,0,-1
2020010284174,2020,010284174,1,9,0,18,19,5,1,9,9,0,0,10,1,2,4,1,6,6,1,25,5,2143,2,3,MERCEDES C CLASS,7,E01001474,0,-1
2020400989129,2020,400989129,2,19,0,18,19,5,1,0,0,0,0,0,0,0,4,1,5,6,1,26,6,1461,2,6,MERCEDES C CLASS,4,E01015784,0,-1
2020040970734,2020,040970734,2,9,0,18,19,3,7,0,0,1,0,0,0,0,3,1,2,2,1,38,7,1497,1,1,MERCEDES C CLASS,6,E01025546,0,-1
2020010254237,2020,010254237,1,9,0,99,99,9,9,99,99,9,9,99,9,99,2,9,2,2,1,57,9,2143,2,3,MERCEDES C CLASS,10,E01027520,0,-1
2020622000330,2020,622000330,2,9,0,18,19,2,6,0,0,8,0,0,0,0,3,1,6,6,1,66,10,2148,2,15,MERCEDES C CLASS,7,W01000766,0,-1
2020010277177,2020,010277177,1,9,0,99,99,9,9,99,99,9,9,99,9,99,1,9,6,6,1,24,5,1796,1,13,MERCEDES C CLASS,5,E01000516,0,-1
2020010286364,2020,010286364,1,19,0,10,10,5,2,0,0,2,0,0,0,0,2,1,2,2,1,28,6,1461,2,3,MERCEDES C CLASS,6,E01001496,0,-1
2020010236888,2020,010236888,2,9,0,18,19,3,7,0,0,3,0,0,7,0,1,1,6,6,1,28,6,2143,2,3,MERCEDES C CLASS,3,E01002502,0,-1
2020010251921,2020,010251921,1,9,0,18,19,7,3,0,0,0,0,0,1,2,3,1,2,2,2,46,8,2143,12,5,MERCEDES C CLASS,4,E01033739,0,-1
2020070103549,2020,070103549,1,9,0,18,19,5,1,0,0,0,0,0,0,0,1,1,6,6,1,53,8,1497,1,1,MERCEDES C CLASS,9,E01018634,0,-1
2020231003092,2020,231003092,1,9,0,18,19,4,8,0,0,8,0,0,0,0,4,1,5,6,1,41,7,1950,2,2,MERCEDES C CLASS,6,E01002640,0,-1
2020010249385,2020,010249385,2,9,0,18,19,2,6,0,0,2,0,11,0,0,3,1,6,6,1,64,9,1796,1,17,MERCEDES C CLASS,6,E01000582,0,-1
2020010276485,2020,010276485,1,9,0,18,19,5,1,0,0,0,0,0,0,0,1,1,6,6,1,73,10,2143,2,4,MERCEDES C CLASS,3,E01000138,0,-1
2020010288613,2020,010288613,1,9,0,99,99,9,9,99,99,9,9,99,9,99,2,9,6,6,1,39,7,1595,1,7,MERCEDES C CLASS,5,E01002118,0,-1
2020010284336,2020,010284336,1,9,0,9,9,1,7,0,0,6,0,0,0,0,1,1,6,6,1,57,9,2148,2,11,MERCEDES C CLASS,2,E01001485,0,-1
202006F277478,2020,06F277478,1,9,0,18,19,4,8,0,0,8,0,0,0,0,1,1,6,6,1,21,5,2143,2,6,MERCEDES C CLASS,3,E01011229,0,-1
2020010273836,2020,010273836,2,9,0,18,19,4,8,0,0,0,0,0,0,0,1,1,6,6,3,-1,-1,2143,2,8,MERCEDES C CLASS,2,E01001110,0,-1
2020200994548,2020,200994548,1,9,0,18,19,5,1,0,0,0,0,4,0,0,1,1,6,6,1,84,11,2143,2,9,MERCEDES C CLASS,9,E01009459,0,-1
2020010248887,2020,010248887,1,9,0,18,19,7,3,0,0,1,0,0,0,0,2,1,6,6,1,34,6,1497,1,1,MERCEDES C CLASS,3,E01000032,0,-1
2020010241460,2020,010241460,1,9,0,99,99,9,9,99,99,9,9,99,9,99,9,9,6,6,1,37,7,2143,2,4,MERCEDES C CLASS,5,E01001310,0,-1
2020140968511,2020,140968511,1,9,0,5,5,2,2,0,0,0,0,0,0,0,3,1,6,6,2,28,6,2143,2,8,MERCEDES C CLASS,7,E01007551,0,-1
2020360960650,2020,360960650,1,9,0,9,9,7,4,0,0,8,0,0,0,0,1,1,6,6,1,30,6,2143,2,10,MERCEDES C CLASS,2,E01026277,0,-1
2020140963119,2020,140963119,2,9,0,18,19,1,5,0,0,0,1,0,0,0,2,1,6,6,1,25,5,1950,2,1,MERCEDES C CLASS,6,E01007560,0,-1
2020200968423,2020,200968423,1,9,0,5,5,6,3,0,0,6,0,0,0,0,1,1,1,1,1,46,8,2149,2,13,MERCEDES C CLASS,1,E01010375,0,-1
2020450975542,2020,450975542,2,9,0,18,19,3,7,0,0,1,0,0,0,0,1,1,6,6,3,35,6,2149,2,13,MERCEDES C CLASS,-1,-1,0,-1
2020460957979,2020,460957979,3,9,0,18,19,1,5,0,0,0,0,0,0,0,4,1,5,6,1,43,7,2143,2,5,MERCEDES C CLASS,1,E01024306,0,-1
2020421010393,2020,421010393,2,9,0,4,4,6,2,0,0,0,0,0,0,0,2,1,5,6,1,62,9,2987,2,8,MERCEDES C CLASS,8,E01015960,0,-1
2020451004374,2020,451004374,1,9,0,18,19,3,7,0,0,0,0,0,1,7,1,1,5,6,2,24,5,1950,2,0,MERCEDES C CLASS,3,E01024717,0,-1
2020200940893,2020,200940893,2,19,0,4,4,4,8,0,0,1,0,0,0,0,1,1,6,6,1,-1,-1,1461,2,7,MERCEDES C CLASS,-1,-1,0,-1
202006XP76572,2020,06XP76572,1,9,0,18,19,2,6,0,0,0,0,0,0,0,1,1,1,1,1,43,7,2143,2,2,MERCEDES C CLASS,9,E01026357,0,-1
2020440466389,2020,440466389,1,9,0,9,9,7,1,0,0,5,0,0,0,0,1,1,6,6,1,40,7,2148,2,15,MERCEDES C CLASS,2,E01017116,0,-1
2020170H10430,2020,170H10430,3,9,0,4,4,5,1,0,0,0,0,0,0,0,1,1,6,6,1,52,8,2143,2,5,MERCEDES C CLASS,8,E01012174,0,-1
2020052001232,2020,052001232,2,9,0,10,10,6,3,0,0,1,0,0,0,0,3,1,6,6,1,55,8,2143,2,3,MERCEDES C CLASS,6,E01007108,0,-1
2020010260751,2020,010260751,1,9,0,5,5,3,7,0,0,1,0,0,0,0,4,1,6,6,1,46,8,1796,1,13,MERCEDES C CLASS,1,E01002071,0,-1
2020101004551,2020,101004551,3,9,0,3,3,2,4,0,0,0,0,4,0,0,2,1,6,6,1,34,6,1796,1,16,MERCEDES C CLASS,2,E01008584,0,-1
2020990951291,2020,990951291,1,9,0,18,19,4,8,0,0,2,0,0,0,0,1,1,5,6,1,56,9,2143,2,6,MERCEDES C CLASS,4,-1,0,-1
2020200943257,2020,200943257,2,9,0,18,19,-1,-1,0,0,0,0,0,0,0,2,1,6,6,1,31,6,2143,2,5,MERCEDES C CLASS,4,E01009284,0,-1
2020430199564,2020,430199564,2,9,0,18,19,2,6,0,0,4,0,0,0,0,1,1,6,6,2,50,8,1950,2,1,MERCEDES C CLASS,8,E01016192,0,-1
2020470978251,2020,470978251,1,9,0,9,9,3,1,0,0,1,0,0,0,0,3,1,6,6,1,-1,-1,2143,2,2,MERCEDES C CLASS,4,E01016872,0,-1
2020411007823,2020,411007823,1,9,0,18,19,5,1,0,0,0,0,0,0,0,2,1,6,6,1,50,8,1950,2,0,MERCEDES C CLASS,10,E01023516,0,-1
2020010271679,2020,010271679,1,9,0,18,19,1,5,0,0,1,0,0,0,0,1,1,6,6,2,34,6,2143,2,3,MERCEDES C CLASS,6,E01002381,0,-1
2020340N04582,2020,340N04582,3,9,0,18,19,3,7,0,0,1,0,0,0,0,0,1,6,6,1,41,7,2143,2,2,MERCEDES C CLASS,2,E01027151,0,-1
2020010264996,2020,010264996,1,9,0,5,5,0,5,0,0,0,0,0,0,0,3,1,6,6,1,52,8,2148,2,12,MERCEDES C CLASS,2,E01033085,0,-1
2020010267251,2020,010267251,1,9,0,18,19,7,3,0,0,0,0,0,0,0,1,1,6,6,3,-1,-1,2148,2,12,MERCEDES C CLASS,-1,-1,0,-1
2020440403563,2020,440403563,2,9,0,4,4,3,7,0,0,2,0,0,0,0,1,1,6,6,1,33,6,2148,2,17,MERCEDES C CLASS,8,E01022762,0,-1
2020070299244,2020,070299244,2,9,0,17,19,2,6,0,0,0,0,0,0,0,3,1,6,6,1,41,7,2148,2,14,MERCEDES C CLASS,6,E01018450,0,-1
2020460984202,2020,460984202,1,9,0,14,14,5,1,0,0,1,0,0,0,0,4,1,6,6,1,43,7,2148,2,14,MERCEDES C CLASS,3,E01024291,0,-1
2020010238843,2020,010238843,3,9,0,18,19,7,3,0,0,0,0,0,0,0,1,1,6,6,1,40,7,2143,2,4,MERCEDES C CLASS,10,E01024320,0,-1
2020230927497,2020,230927497,1,9,0,10,10,8,5,0,0,1,0,0,0,0,2,1,6,6,1,39,7,2143,2,9,MERCEDES C CLASS,10,E01028782,0,-1
202006A273212,2020,06A273212,2,9,0,4,4,4,8,0,0,8,0,0,0,0,2,1,6,6,1,28,6,2143,2,6,MERCEDES C CLASS,6,E01005801,0,-1
2020360958353,2020,360958353,1,9,0,5,5,1,5,0,0,2,0,0,0,0,-1,1,6,6,1,26,6,1595,1,7,MERCEDES C CLASS,6,E01029930,0,-1