collision_index,collision_year,collision_ref_no,vehicle_reference,vehicle_type,towing_and_articulation,vehicle_manoeuvre_historic,vehicle_manoeuvre,vehicle_direction_from,vehicle_direction_to,vehicle_location_restricted_lane_historic,vehicle_location_restricted_lane,junction_location,skidding_and_overturning,hit_object_in_carriageway,vehicle_leaving_carriageway,hit_object_off_carriageway,first_point_of_impact,vehicle_left_hand_drive,journey_purpose_of_driver_historic,journey_purpose_of_driver,sex_of_driver,age_of_driver,age_band_of_driver,engine_capacity_cc,propulsion_code,age_of_vehicle,generic_make_model,driver_imd_decile,lsoa_of_driver,escooter_flag,driver_distance_banding
2020010261223,2020,010261223,1,9,0,99,99,9,9,99,99,9,9,99,9,99,9,9,6,6,1,21,5,1998,1,19,MERCEDES C CLASS,5,E01000146,0,-1
2020420985525,2020,420985525,2,9,0,5,5,7,5,0,0,8,0,0,0,0,1,1,3,7,2,28,6,2143,2,8,MERCEDES C CLASS,2,E01021278,0,-1
2020302000527,2020,302000527,1,9,0,16,19,8,4,0,0,4,0,0,3,6,1,1,6,6,1,28,6,2987,2,7,MERCEDES C CLASS,2,E01008077,0,-1
2020430183271,2020,430183271,3,9,0,9,9,6,4,0,0,1,0,0,0,0,2,1,1,1,1,43,7,1950,2,2,MERCEDES C CLASS,6,E01022677,0,-1
20201372Q1294,2020,1372Q1294,2,9,0,10,10,1,7,0,0,1,0,0,0,0,3,1,6,6,2,53,8,1991,1,5,MERCEDES C CLASS,8,E01010896,0,-1
2020010251319,2020,010251319,1,9,0,99,99,9,9,99,99,9,9,99,9,99,1,9,2,2,1,40,7,2143,2,7,MERCEDES C CLASS,2,E01004062,0,-1
2020430294102,2020,430294102,1,9,0,18,19,3,7,0,0,8,0,10,6,1,1,1,6,6,1,48,8,2148,2,14,MERCEDES C CLASS,8,E01016595,0,-1
2020010254222,2020,010254222,2,9,9,99,99,9,9,99,99,9,9,99,9,99,9,9,6,6,3,-1,-1,2143,2,5,MERCEDES C CLASS,-1,-1,0,-1
2020010277558,2020,010277558,1,9,0,18,19,7,3,0,0,0,0,0,0,0,1,1,6,6,3,-1,-1,2143,2,2,MERCEDES C CLASS,-1,-1,0,-1
2020010284101,2020,010284101,1,9,0,4,4,5,1,0,0,0,0,0,0,0,2,1,6,6,2,36,7,1595,1,7,MERCEDES C CLASS,2,E01021953,0,-1
2020302000148,2020,302000148,1,9,0,18,19,3,7,0,0,2,0,0,0,0,3,1,6,6,1,24,5,2143,2,7,MERCEDES C CLASS,7,E01019443,0,-1
2020122100015,2020,122100015,1,9,0,3,3,8,4,0,0,0,0,0,0,0,0,1,6,6,2,57,9,2143,2,6,MERCEDES C CLASS,5,E01027630,0,-1
2020340D01212,2020,340D01212,1,9,0,18,19,3,7,0,0,2,1,10,8,9,1,1,6,6,1,34,6,2987,2,14,MERCEDES C CLASS,1,E01027013,0,-1
2020990983800,2020,990983800,1,19,0,15,15,7,3,0,0,0,0,0,0,0,1,1,2,2,1,22,5,1461,2,5,MERCEDES C CLASS,5,-1,0,-1
2020137A60537,2020,137A60537,4,9,0,3,3,7,3,0,0,1,0,0,0,0,2,1,6,6,1,68,10,2143,2,3,MERCEDES C CLASS,1,E01011045,0,-1
2020201001156,2020,201001156,2,9,0,3,3,8,4,0,0,0,0,0,0,0,2,1,1,1,1,44,7,2143,2,3,MERCEDES C CLASS,6,E01032417,0,-1
2020542629820,2020,542629820,1,9,0,9,9,5,3,0,0,8,0,0,0,0,4,1,6,6,1,48,8,1595,1,8,MERCEDES C CLASS,3,E01031851,0,-1
202006L167342,2020,06L167342,2,9,0,18,19,7,3,0,0,8,0,0,0,0,4,1,6,6,2,50,8,1597,1,11,MERCEDES C CLASS,5,E01006346,0,-1
2020010237882,2020,010237882,2,9,0,99,99,9,9,99,99,9,9,99,9,99,1,9,6,6,3,-1,-1,2597,1,18,MERCEDES C CLASS,-1,-1,0,-1
2020010285066,2020,010285066,1,9,0,99,99,9,9,99,99,9,9,99,9,99,2,9,6,6,1,55,8,1991,8,3,MERCEDES C CLASS,1,E01001358,0,-1
2020546723320,2020,546723320,4,19,0,10,10,6,2,0,0,8,0,0,0,0,2,1,1,1,1,34,6,1461,2,4,MERCEDES C CLASS,7,E01032079,0,-1
2020200933838,2020,200933838,2,9,0,18,19,2,6,0,0,6,0,0,0,0,1,1,6,6,1,51,8,1796,1,12,MERCEDES C CLASS,2,E01009254,0,-1
2020320158203,2020,320158203,2,9,0,17,19,3,1,0,0,1,0,0,1,0,3,1,6,6,1,70,10,1991,1,6,MERCEDES C CLASS,8,E01026363,0,-1
2020010246313,2020,010246313,2,9,0,18,19,5,1,0,0,3,0,7,0,0,1,2,6,6,1,36,7,2148,2,12,MERCEDES C CLASS,4,E01002444,0,-1
2020430212617,2020,430212617,1,9,0,18,19,1,5,0,0,0,0,0,0,0,1,1,6,6,1,33,6,2987,2,9,MERCEDES C CLASS,2,E01016438,0,-1
2020010243995,2020,010243995,2,9,0,99,99,9,9,99,99,9,9,99,9,99,9,9,6,6,1,49,8,1796,1,17,MERCEDES C CLASS,2,E01002637,0,-1
2020010249410,2020,010249410,1,9,0,99,99,9,9,99,99,9,9,99,9,99,2,9,2,2,2,36,7,2149,2,13,MERCEDES C CLASS,3,E01002308,0,-1
2020010264392,2020,010264392,2,9,0,18,19,2,6,0,0,8,0,10,0,0,1,1,6,6,1,19,4,2143,2,5,MERCEDES C CLASS,-1,-1,0,-1
2020010228470,2020,010228470,2,9,0,7,7,1,4,99,99,9,9,99,9,99,4,9,6,6,3,-1,-1,2143,2,5,MERCEDES C CLASS,-1,-1,0,-1
2020010229959,2020,010229959,2,9,0,18,19,2,6,0,0,4,0,0,0,0,1,1,6,6,1,60,9,2143,2,4,MERCEDES C CLASS,3,E01003537,0,-1
2020010279529,2020,010279529,2,9,0,7,7,7,2,0,0,1,0,0,0,0,4,1,6,6,1,66,10,1497,1,2,MERCEDES C CLASS,6,E01001997,0,-1
2020010284470,2020,010284470,2,9,0,99,99,9,9,99,99,0,9,99,9,99,9,9,6,6,3,63,9,2148,2,14,MERCEDES C CLASS,3,E01003522,0,-1
2020010264151,2020,010264151,3,9,0,2,2,0,0,0,0,0,0,0,0,0,0,1,6,6,3,-1,-1,2143,2,8,MERCEDES C CLASS,-1,-1,0,-1
2020140969777,2020,140969777,1,19,0,11,11,7,3,0,0,0,0,0,4,1,1,1,6,6,1,29,6,1461,2,4,MERCEDES C CLASS,1,E01007339,0,-1
2020010242124,2020,010242124,1,9,0,99,99,9,9,99,99,1,9,99,9,99,2,9,6,6,1,30,6,2143,2,3,MERCEDES C CLASS,6,E01002241,0,-1
2020070093270,2020,070093270,1,9,0,5,5,5,2,0,0,4,0,0,0,0,3,1,6,6,1,85,11,2143,2,3,MERCEDES C CLASS,5,E01018418,0,-1
2020522004082,2020,522004082,2,9,5,18,19,2,4,0,0,8,0,0,0,0,3,1,6,6,3,41,7,2143,2,4,MERCEDES C CLASS,1,E01014833,0,-1
2020440162897,2020,440162897,2,9,0,18,19,1,5,0,0,0,1,0,0,0,1,1,6,6,1,52,8,6208,1,7,MERCEDES C CLASS,6,E01022824,0,-1
2020010244978,2020,010244978,3,9,0,2,2,0,0,0,0,0,0,0,0,0,1,1,6,6,3,-1,-1,1950,2,2,MERCEDES C CLASS,-1,-1,0,-1
2020440450131,2020,440450131,1,9,0,9,9,8,6,0,0,8,0,0,0,0,1,1,6,6,1,82,11,1796,1,9,MERCEDES C CLASS,-1,-1,0,-1
2020430280824,2020,430280824,1,9,0,9,9,8,2,0,0,8,0,0,0,0,0,1,6,6,1,33,6,1796,1,13,MERCEDES C CLASS,-1,-1,0,-1
2020010265146,2020,010265146,2,9,0,99,99,9,9,99,99,9,9,99,9,99,1,9,6,6,3,-1,-1,1950,2,1,MERCEDES C CLASS,4,E01004419,0,-1
2020040983008,2020,040983008,3,9,0,18,19,5,1,0,0,0,0,0,0,0,2,1,5,6,1,67,10,2143,2,3,MERCEDES C CLASS,7,E01006995,0,-1
2020420989726,2020,420989726,2,9,0,18,19,6,2,0,0,0,0,0,0,0,2,1,6,6,2,40,7,1796,1,16,MERCEDES C CLASS,8,E01015965,0,-1
2020010260700,2020,010260700,1,9,0,99,99,9,9,99,99,0,9,99,9,99,4,9,6,6,2,52,8,2148,2,13,MERCEDES C CLASS,8,E01002949,0,-1
2020030987730,2020,030987730,1,9,0,18,19,1,5,0,0,0,0,0,0,0,1,1,6,6,2,22,5,2143,2,6,MERCEDES C CLASS,5,E01019226,0,-1
2020410997528,2020,410997528,2,9,0,3,3,1,5,0,0,1,0,0,0,0,2,1,6,6,1,70,10,2143,2,6,MERCEDES C CLASS,10,E01002155,0,-1
2020201017416,2020,201017416,3,9,0,2,2,0,0,0,0,1,0,0,0,0,2,1,6,6,1,32,6,2143,2,10,MERCEDES C CLASS,2,E01009029,0,-1
2020360928548,2020,360928548,1,9,0,18,19,2,6,0,0,0,2,10,1,0,1,1,2,2,2,46,8,2143,2,6,MERCEDES C CLASS,9,E01030067,0,-1
2020200983951,2020,200983951,2,9,0,11,11,4,6,0,0,8,0,0,0,0,4,1,2,2,1,-1,-1,2143,2,6,MERCEDES C CLASS,-1,-1,0,-1
2020010241745,2020,010241745,1,9,0,4,4,5,1,0,0,1,0,0,0,0,1,1,6,6,2,47,8,2996,1,3,MERCEDES C CLASS,8,E01003460,0,-1
2020010281688,2020,010281688,3,9,0,2,2,0,0,9,9,0,0,0,1,7,2,1,6,6,3,-1,-1,1950,2,2,MERCEDES C CLASS,-1,-1,0,-1
2020500954653,2020,500954653,1,9,0,18,19,1,5,0,0,1,0,0,0,0,1,1,5,6,1,26,6,1796,1,13,MERCEDES C CLASS,8,E01016723,0,-1
2020010231323,2020,010231323,1,9,0,18,19,2,6,0,0,8,0,0,0,0,1,1,6,6,1,33,6,2143,2,7,MERCEDES C CLASS,-1,-1,0,-1
2020010265066,2020,010265066,1,9,0,16,19,7,3,0,0,4,0,0,0,0,1,1,1,1,2,56,9,1796,1,14,MERCEDES C CLASS,10,E01024144,0,-1
2020160944810,2020,160944810,2,9,0,3,3,7,3,0,0,0,0,0,0,0,2,1,6,6,1,61,9,2143,2,10,MERCEDES C CLASS,7,E01013242,0,-1
2020110988336,2020,110988336,2,9,0,7,7,5,4,0,0,3,0,0,0,0,2,1,6,6,2,55,8,2148,2,14,MERCEDES C CLASS,8,E01020622,0,-1
2020010281367,2020,010281367,1,9,0,99,99,9,9,99,99,9,9,99,9,99,2,9,2,2,2,62,9,2143,2,5,MERCEDES C CLASS,1,E01001944,0,-1
2020360961940,2020,360961940,1,9,0,5,5,2,1,0,0,6,0,0,0,0,1,1,5,6,1,67,10,2143,2,3,MERCEDES C CLASS,4,E01026667,0,-1
2020140970717,2020,140970717,3,9,0,18,19,1,5,0,0,0,0,0,0,0,4,1,6,6,1,30,6,1598,2,5,MERCEDES C CLASS,3,E01007467,0,-1
2020420974775,2020,420974775,1,9,0,18,19,1,5,0,0,0,0,0,0,0,1,1,6,6,1,25,5,2148,2,13,MERCEDES C CLASS,4,E01021799,0,-1
2020110965681,2020,110965681,1,9,0,18,19,4,8,0,0,0,0,0,0,0,1,1,6,6,1,22,5,2143,2,9,MERCEDES C CLASS,5,E01012363,0,-1
2020052001550,2020,052001550,2,9,0,17,19,2,7,0,0,8,0,0,0,0,3,1,6,6,2,28,6,1796,1,15,MERCEDES C CLASS,1,E01006735,0,-1
2020010252150,2020,010252150,1,9,0,18,19,5,1,0,0,8,0,0,0,0,1,1,6,6,1,44,7,2143,2,8,MERCEDES C CLASS,3,E01003524,0,-1
202006A376550,2020,06A376550,2,9,0,18,19,1,5,0,0,1,0,0,0,0,2,1,6,6,1,40,7,2143,2,7,MERCEDES C CLASS,-1,-1,0,-1
2020360985931,2020,360985931,1,9,0,18,19,3,7,0,0,0,0,0,7,0,1,1,6,6,1,87,11,2148,2,13,MERCEDES C CLASS,5,E01018138,0,-1
2020010293971,2020,010293971,2,9,0,99,99,9,9,99,99,9,9,99,9,99,9,9,6,6,3,-1,-1,2996,1,2,MERCEDES C CLASS,-1,-1,0,-1
2020432003797,2020,432003797,1,9,0,5,5,3,1,8,6,2,0,0,1,0,4,1,6,6,2,34,6,2148,2,14,MERCEDES C CLASS,-1,-1,0,-1
2020610044420,2020,610044420,1,9,0,18,19,7,3,0,0,0,0,0,0,7,1,1,2,2,1,38,7,2143,2,9,MERCEDES C CLASS,4,W01001413,0,-1
202063D028320,2020,63D028320,2,9,0,4,4,6,2,0,0,0,0,0,1,10,2,1,2,2,1,32,6,2143,2,5,MERCEDES C CLASS,8,W01000101,0,-1
2020522003098,2020,522003098,2,9,0,4,4,7,3,0,0,1,0,0,0,0,1,1,6,6,1,40,7,1796,1,10,MERCEDES C CLASS,-1,-1,0,-1
2020010260692,2020,010260692,1,9,0,2,2,0,0,9,9,2,0,0,0,0,3,1,6,6,3,-1,-1,1595,1,6,MERCEDES C CLASS,-1,-1,0,-1
2020450980210,2020,450980210,3,9,0,9,9,3,1,0,0,8,0,0,0,0,3,1,2,2,1,73,10,1796,1,15,MERCEDES C CLASS,6,E01030857,0,-1
2020030991916,2020,030991916,1,9,0,18,19,8,4,0,0,0,1,10,7,0,3,1,5,6,1,29,6,3982,1,1,MERCEDES C CLASS,1,E01019245,0,-1
2020010233340,2020,010233340,1,9,0,99,99,9,9,99,99,9,9,99,9,99,2,9,6,6,1,42,7,1796,1,11,MERCEDES C CLASS,1,E01002041,0,-1
2020010273006,2020,010273006,1,9,0,18,19,5,1,0,0,1,0,0,0,0,1,1,6,6,1,34,6,1796,1,14,MERCEDES C CLASS,10,E01002934,0,-1
2020200962438,2020,200962438,1,9,0,18,19,1,5,0,0,0,0,10,1,5,1,1,5,6,1,26,6,2143,2,6,MERCEDES C CLASS,3,E01009316,0,-1
202031C121120,2020,31C121120,1,9,0,9,9,1,7,0,0,2,0,0,0,0,1,1,6,6,1,28,6,2148,2,11,MERCEDES C CLASS,7,E01028406,0,-1
2020040973706,2020,040973706,3,9,0,18,19,5,1,0,0,0,0,0,0,0,2,1,5,6,2,63,9,2987,2,8,MERCEDES C CLASS,6,E01025586,0,-1
2020010270423,2020,010270423,2,9,0,99,99,9,9,99,99,9,9,99,9,99,9,9,6,6,3,-1,-1,2143,2,7,MERCEDES C CLASS,-1,-1,0,-1
2020010262401,2020,010262401,2,9,5,99,99,9,9,99,99,9,9,99,9,99,9,1,6,6,3,-1,-1,1595,1,7,MERCEDES C CLASS,10,E01003425,0,-1
2020230929108,2020,230929108,2,9,0,18,19,2,6,0,0,6,0,0,0,0,3,1,2,2,1,51,8,2143,2,4,MERCEDES C CLASS,1,E01009203,0,-1
2020450976647,2020,450976647,4,9,0,9,9,7,3,0,0,0,0,0,7,0,0,1,6,6,1,44,7,2143,12,4,MERCEDES C CLASS,-1,-1,0,-1
2020010268829,2020,010268829,1,9,0,4,4,1,5,0,0,0,0,0,0,0,2,1,6,6,1,55,8,2143,2,3,MERCEDES C CLASS,3,E01001831,0,-1
2020440149143,2020,440149143,1,9,0,18,19,7,3,0,0,0,1,0,5,6,3,1,2,2,1,37,7,2143,2,3,MERCEDES C CLASS,6,E01022824,0,-1
2020200928602,2020,200928602,1,9,0,18,19,2,6,0,0,0,0,4,0,0,1,1,2,2,2,38,7,1796,1,12,MERCEDES C CLASS,3,E01010262,0,-1
2020010269920,2020,010269920,2,9,0,18,19,7,3,0,0,1,0,0,0,0,1,9,6,6,3,-1,-1,1991,1,2,MERCEDES C CLASS,-1,-1,0,-1
2020010278170,2020,010278170,1,9,0,4,4,7,3,0,0,1,1,0,0,0,1,1,6,6,1,34,6,1796,1,12,MERCEDES C CLASS,5,E01000564,0,-1
2020010272489,2020,010272489,1,9,0,10,10,7,4,0,0,1,0,0,0,0,0,1,6,6,2,47,8,2143,2,3,MERCEDES C CLASS,2,E01003241,0,-1
2020010284574,2020,010284574,2,9,0,5,5,5,1,0,0,2,0,0,0,0,1,1,2,2,1,33,6,1950,2,1,MERCEDES C CLASS,3,E01024169,0,-1
2020461011505,2020,461011505,2,9,0,3,3,6,2,0,0,1,0,0,0,0,2,1,5,6,1,28,6,2143,2,7,MERCEDES C CLASS,4,E01016129,0,-1
2020010228985,2020,010228985,1,9,0,18,19,7,3,0,0,0,1,0,1,0,1,1,6,6,3,-1,-1,1991,1,4,MERCEDES C CLASS,-1,-1,0,-1
2020052001686,2020,052001686,1,9,0,9,9,1,7,0,0,5,0,0,1,2,4,1,6,6,1,68,10,2143,2,9,MERCEDES C CLASS,2,-1,0,-1
2020470918788,2020,470918788,1,9,0,5,5,5,1,0,0,0,0,4,0,0,3,1,5,6,1,50,8,2597,1,19,MERCEDES C CLASS,1,E01021015,0,-1
202006P270320,2020,06P270320,1,9,0,13,13,8,4,0,0,8,0,0,0,0,3,1,6,6,3,-1,-1,1998,1,19,MERCEDES C CLASS,-1,-1,0,-1
2020010278698,2020,010278698,2,9,0,99,99,9,9,99,99,1,9,99,9,99,1,9,6,6,3,-1,-1,1796,1,16,MERCEDES C CLASS,-1,-1,0,-1
2020010275181,2020,010275181,2,9,0,18,19,1,5,0,0,1,0,0,0,0,1,1,1,1,1,42,7,5439,1,16,MERCEDES C CLASS,3,E01004562,0,-1
2020041023254,2020,041023254,1,9,0,18,19,5,1,0,0,0,1,0,8,0,1,1,1,1,1,35,6,2143,2,3,MERCEDES C CLASS,1,E01005167,0,-1
2020010259135,2020,010259135,1,9,0,4,4,3,7,0,0,5,0,0,0,0,4,1,6,6,2,60,9,1991,1,5,MERCEDES C CLASS,6,E01001527,0,-1
2020450931125,2020,450931125,2,9,0,18,19,5,1,0,0,0,0,0,0,0,1,1,2,2,2,49,8,1796,1,18,MERCEDES C CLASS,10,E01030808,0,-1
2020010236893,2020,010236893,1,9,0,18,19,5,1,0,0,3,0,4,0,0,1,2,6,6,2,28,6,1991,1,3,MERCEDES C CLASS,9,E01000205,0,-1
2020450974300,2020,450974300,1,9,0,13,13,7,3,0,0,0,0,0,7,0,1,1,6,6,1,21,5,1991,1,3,MERCEDES C CLASS,9,E01001103,0,-1
2020340E01252,2020,340E01252,1,9,0,17,19,3,7,0,0,0,0,0,0,0,1,1,6,6,2,25,5,1796,1,14,MERCEDES C CLASS,9,E01033433,0,-1
2020220936866,2020,220936866,2,9,0,18,19,6,2,0,0,0,0,0,0,0,0,1,5,6,1,30,6,2148,2,15,MERCEDES C CLASS,10,E01028942,0,-1
2020421002117,2020,421002117,1,9,0,18,19,3,7,0,0,0,0,0,0,0,1,1,6,6,3,-1,-1,2143,2,7,MERCEDES C CLASS,-1,-1,0,-1
2020440255278,2020,440255278,1,9,0,17,19,2,6,0,0,0,1,0,0,0,1,1,6,6,1,27,6,2143,2,4,MERCEDES C CLASS,4,E01022845,0,-1
2020370998315,2020,370998315,1,9,0,18,19,5,1,0,0,0,0,0,0,0,1,1,6,6,1,20,4,1595,1,7,MERCEDES C CLASS,1,E01029979,0,-1
2020010228565,2020,010228565,2,9,0,99,99,9,9,99,99,9,9,99,9,99,2,9,6,6,3,-1,-1,2143,2,4,MERCEDES C CLASS,-1,-1,0,-1
2020030973015,2020,030973015,2,9,0,9,9,1,5,9,9,1,0,0,7,0,3,1,5,6,1,88,11,2143,2,7,MERCEDES C CLASS,5,E01019226,0,-1
2020440405771,2020,440405771,1,9,0,3,3,5,1,0,0,1,0,0,0,0,1,1,1,1,1,41,7,2496,1,14,MERCEDES C CLASS,9,E01030783,0,-1
2020552000844,2020,552000844,1,9,0,16,19,4,8,0,0,0,0,0,0,0,1,1,6,6,1,33,6,2143,2,7,MERCEDES C CLASS,-1,-1,0,-1
2020010265959,2020,010265959,1,9,0,99,99,9,9,99,99,1,9,99,9,99,1,9,6,6,1,62,9,1597,1,11,MERCEDES C CLASS,5,E01000606,0,-1
2020010236909,2020,010236909,1,9,0,18,19,3,7,0,0,0,0,0,0,0,2,1,6,6,2,29,6,2143,2,5,MERCEDES C CLASS,5,E01000067,0,-1
2020990972853,2020,990972853,2,9,0,3,3,6,2,0,0,0,0,0,0,0,2,1,5,6,2,26,6,1595,1,6,MERCEDES C CLASS,7,-1,0,-1
202006A170351,2020,06A170351,2,9,0,3,3,4,8,0,0,1,0,0,0,0,2,1,2,2,1,41,7,2143,2,3,MERCEDES C CLASS,1,E01005133,0,-1
2020230918540,2020,230918540,1,9,0,4,4,6,2,0,0,1,0,0,0,0,1,1,5,6,1,50,8,2143,2,3,MERCEDES C CLASS,6,E01031178,0,-1
20201376C0913,2020,1376C0913,2,9,0,18,19,8,4,0,0,4,0,0,0,0,1,1,6,6,2,49,8,1796,1,18,MERCEDES C CLASS,1,E01011038,0,-1
202006F173807,2020,06F173807,1,9,0,18,19,2,6,0,0,0,0,0,0,0,4,1,6,6,3,-1,-1,1991,1,6,MERCEDES C CLASS,-1,-1,0,-1
2020122000828,2020,122000828,3,9,0,18,19,1,5,0,0,0,0,0,0,0,2,1,6,6,1,33,6,1991,8,4,MERCEDES C CLASS,1,E01012341,0,-1
2020160990822,2020,160990822,1,9,0,18,19,5,1,0,0,0,0,11,0,0,1,1,5,6,1,82,11,3200,2,5,MITSUBISHI SHOGUN,4,E01012938,0,-1
20201373L0124,2020,1373L0124,2,9,0,18,19,3,7,0,0,8,0,0,0,0,1,1,6,6,3,33,6,3200,2,17,MITSUBISHI SHOGUN,-1,-1,0,-1
2020470988537,2020,470988537,2,9,0,18,19,2,6,0,0,1,0,0,0,0,1,2,5,6,1,73,10,2477,2,15,MITSUBISHI SHOGUN,7,E01021236,0,-1
2020460931887,2020,460931887,1,9,0,18,19,5,1,0,0,2,0,0,0,0,1,1,6,6,1,53,8,3200,2,17,MITSUBISHI SHOGUN,7,E01016124,0,-1
2020101004183,2020,101004183,1,9,0,18,19,7,3,0,0,8,0,0,3,10,1,1,6,6,2,39,7,2477,2,15,MITSUBISHI SHOGUN,1,E01008484,0,-1
2020221017535,2020,221017535,2,9,4,18,19,4,8,0,0,0,3,0,0,0,1,1,1,1,1,50,8,3200,2,14,MITSUBISHI SHOGUN,6,W01000209,0,-1
202031D133020,2020,31D133020,1,9,0,18,19,1,5,0,0,1,0,0,0,0,1,1,6,6,1,72,10,2972,1,16,MITSUBISHI SHOGUN,6,E01028183,0,-1
2020522003765,2020,522003765,1,9,0,18,19,5,1,0,0,0,0,0,0,0,1,1,6,6,1,81,11,2972,1,17,MITSUBISHI SHOGUN,9,E01017796,0,-1
2020520102266,2020,520102266,3,9,0,18,19,4,8,0,0,0,0,0,0,0,3,1,6,6,1,62,9,3200,2,14,MITSUBISHI SHOGUN,1,E01009308,0,-1
2020140977913,2020,140977913,2,9,0,17,19,7,3,0,0,0,0,4,0,0,1,1,6,6,1,-1,-1,3200,2,16,MITSUBISHI SHOGUN,-1,-1,0,-1
2020610011820,2020,610011820,1,9,4,16,19,4,7,0,0,4,0,0,0,0,3,1,1,1,1,69,10,3200,2,9,MITSUBISHI SHOGUN,7,W01000474,0,-1
2020041002284,2020,041002284,2,9,0,1,1,2,1,0,0,0,0,0,0,0,2,1,6,6,3,-1,-1,3200,2,15,MITSUBISHI SHOGUN,-1,-1,0,-1
2020161000866,2020,161000866,1,9,0,18,19,7,3,0,0,0,0,0,0,0,1,1,3,7,2,38,7,3200,2,13,MITSUBISHI SHOGUN,6,E01007404,0,-1
2020530964474,2020,530964474,2,9,0,18,19,4,1,0,0,0,0,0,0,0,1,1,6,6,1,58,9,3200,2,14,MITSUBISHI SHOGUN,8,E01028767,0,-1
202063DF01620,2020,63DF01620,2,9,0,17,19,3,8,0,0,0,1,0,1,10,1,1,6,6,1,51,8,3200,2,12,MITSUBISHI SHOGUN,7,W01000484,0,-1
2020220981378,2020,220981378,1,9,0,18,19,2,6,0,0,8,0,0,1,4,1,1,5,6,2,36,7,3200,2,13,MITSUBISHI SHOGUN,8,W01000453,0,-1
202006M273203,2020,06M273203,1,9,0,7,7,2,4,0,0,8,0,0,0,0,1,1,6,6,1,50,8,2477,2,16,MITSUBISHI SHOGUN,1,E01005266,0,-1
2020549788320,2020,549788320,2,9,0,18,19,8,4,0,0,1,0,0,0,0,3,1,3,7,2,34,6,3500,1,13,MITSUBISHI SHOGUN,7,E01015474,0,-1
2020430411884,2020,430411884,2,9,0,7,7,1,4,0,0,3,0,0,0,0,1,1,6,6,1,40,7,3200,2,16,MITSUBISHI SHOGUN,8,E01028773,0,-1
2020543395020,2020,543395020,1,9,0,18,19,1,5,0,0,0,0,12,8,10,0,1,6,6,1,50,8,1834,1,15,MITSUBISHI SHOGUN,7,E01016305,0,-1
2020450971609,2020,450971609,1,9,0,5,5,7,3,0,0,0,0,0,0,0,1,1,5,6,2,59,9,2477,2,14,MITSUBISHI SHOGUN,5,E01030981,0,-1
2020500997026,2020,500997026,2,9,0,10,10,5,3,0,0,1,0,0,0,0,3,1,5,6,1,64,9,3200,2,18,MITSUBISHI SHOGUN,5,E01018960,0,-1
2020501001616,2020,501001616,1,9,0,16,19,6,3,0,0,0,0,0,0,0,1,1,6,6,2,29,6,3200,2,16,MITSUBISHI SHOGUN,6,E01020274,0,-1
2020522003795,2020,522003795,2,9,4,18,19,5,1,0,0,0,0,0,0,0,2,1,6,6,2,38,7,3200,2,12,MITSUBISHI SHOGUN,-1,-1,0,-1
2020520100057,2020,520100057,1,9,0,18,19,4,8,0,0,1,0,0,0,0,1,1,6,6,2,54,8,3200,2,13,MITSUBISHI SHOGUN,5,E01029322,0,-1
2020552000493,2020,552000493,1,9,0,13,13,6,2,0,0,1,1,0,0,0,1,1,6,6,1,20,4,2835,2,21,MITSUBISHI SHOGUN,5,E01020484,0,-1
2020500930127,2020,500930127,1,9,0,18,19,8,4,0,0,1,0,0,0,0,3,1,6,6,1,44,7,2477,2,14,MITSUBISHI SHOGUN,6,E01020083,0,-1
2020200993826,2020,200993826,1,9,0,9,9,7,5,0,0,8,0,0,0,0,1,1,6,6,1,38,7,3200,2,17,MITSUBISHI SHOGUN,4,E01009241,0,-1
2020450952992,2020,450952992,1,9,0,18,19,1,5,0,0,0,0,0,0,0,1,1,2,2,2,52,8,2835,2,22,MITSUBISHI SHOGUN,5,E01030852,0,-1
2020010282290,2020,010282290,1,9,0,18,19,3,7,0,0,1,0,0,0,0,0,1,6,6,1,61,9,3200,2,16,MITSUBISHI SHOGUN,7,E01000791,0,-1
202006F172854,2020,06F172854,2,9,0,18,19,8,4,0,0,0,0,0,0,0,1,1,6,6,1,63,9,2477,2,15,MITSUBISHI SHOGUN,1,E01005624,0,-1
2020420938820,2020,420938820,1,9,0,18,19,1,5,0,0,0,0,0,0,0,1,1,6,6,2,49,8,3200,2,16,MITSUBISHI SHOGUN,9,E01021724,0,-1
2020440067611,2020,440067611,1,9,0,18,19,5,1,0,0,0,0,0,7,10,1,1,6,6,1,30,6,2477,2,15,MITSUBISHI SHOGUN,8,E01022566,0,-1
2020990988290,2020,990988290,2,9,0,2,2,5,1,0,0,0,0,0,0,0,3,1,1,1,1,51,8,3200,2,8,MITSUBISHI SHOGUN,-1,-1,0,-1
2020440381983,2020,440381983,1,9,0,18,19,6,2,0,0,0,2,0,1,0,0,1,6,6,1,60,9,3200,2,5,MITSUBISHI SHOGUN,8,E01022628,0,-1