collision_index,collision_year,collision_ref_no,vehicle_reference,vehicle_type,towing_and_articulation,vehicle_manoeuvre_historic,vehicle_manoeuvre,vehicle_direction_from,vehicle_direction_to,vehicle_location_restricted_lane_historic,vehicle_location_restricted_lane,junction_location,skidding_and_overturning,hit_object_in_carriageway,vehicle_leaving_carriageway,hit_object_off_carriageway,first_point_of_impact,vehicle_left_hand_drive,journey_purpose_of_driver_historic,journey_purpose_of_driver,sex_of_driver,age_of_driver,age_band_of_driver,engine_capacity_cc,propulsion_code,age_of_vehicle,generic_make_model,driver_imd_decile,lsoa_of_driver,escooter_flag,driver_distance_banding
2020010247066,2020,010247066,2,9,0,18,19,5,1,0,0,2,9,0,0,99,1,9,6,6,1,67,10,898,1,5,SMART FORFOUR,9,E01000712,0,-1
2020010280194,2020,010280194,1,9,0,99,99,9,9,99,99,9,9,99,9,99,2,9,2,2,2,23,5,999,1,5,SMART FORFOUR,3,E01003534,0,-1
2020370980972,2020,370980972,2,9,0,2,2,7,2,0,0,0,0,0,1,0,2,1,5,6,2,76,11,898,1,1,SMART FORFOUR,5,E01017991,0,-1
2020010265910,2020,010265910,1,9,0,99,99,9,9,99,99,9,9,99,9,99,2,9,6,6,2,30,6,999,1,5,SMART FORFOUR,2,E01001333,0,-1
2020010281073,2020,010281073,2,9,0,99,99,9,9,99,99,0,9,99,9,99,9,9,6,6,3,-1,-1,1124,1,15,SMART FORFOUR,-1,-1,0,-1
2020100915329,2020,100915329,2,9,0,2,2,0,0,0,0,0,0,0,0,0,4,1,5,6,2,66,10,898,1,2,SMART FORFOUR,-1,-1,0,-1
2020460980831,2020,460980831,1,9,0,18,19,3,7,0,0,1,0,0,0,0,4,1,6,6,1,51,8,999,1,3,SMART FORFOUR,1,E01016023,0,-1
2020010246423,2020,010246423,2,9,0,9,9,5,3,0,0,1,0,0,0,0,2,1,6,6,1,25,5,898,1,1,SMART FORFOUR,4,E01015933,0,-1
2020010262925,2020,010262925,1,9,0,3,3,7,3,0,0,0,0,0,0,0,2,1,6,6,2,65,9,999,1,2,SMART FORFOUR,7,E01001307,0,-1
2020010270158,2020,010270158,1,9,0,9,9,1,7,0,0,1,0,0,0,0,1,1,6,6,1,25,5,999,1,2,SMART FORFOUR,2,E01003069,0,-1
2020010234929,2020,010234929,1,9,0,18,19,1,5,0,0,2,0,0,0,0,1,1,6,6,1,46,8,999,1,4,SMART FORFOUR,7,E01002007,0,-1
2020420925737,2020,420925737,1,9,0,18,19,1,5,0,0,0,0,0,0,0,1,1,6,6,1,29,6,898,1,5,SMART FORFOUR,5,E01015865,0,-1
2020552100075,2020,552100075,2,9,0,4,4,2,6,0,0,0,0,0,1,0,2,1,6,6,2,32,6,898,1,3,SMART FORFOUR,9,E01020362,0,-1
2020200939695,2020,200939695,3,9,0,16,19,2,4,0,0,0,0,0,0,0,3,1,6,6,1,59,9,999,1,3,SMART FORFOUR,7,E01010228,0,-1
2020370962276,2020,370962276,2,9,0,4,4,0,0,0,0,0,0,0,0,0,4,1,2,2,1,61,9,1124,1,14,SMART FORFOUR,1,E01030035,0,-1
2020460952254,2020,460952254,1,9,0,18,19,3,7,0,0,3,5,0,0,0,1,1,5,6,2,-1,-1,898,1,5,SMART FORFOUR,4,E01016141,0,-1
2020410977874,2020,410977874,1,9,0,18,19,1,6,0,0,1,0,0,1,0,4,1,6,6,1,18,4,999,1,4,SMART FORFOUR,4,E01023951,0,-1
2020552000227,2020,552000227,2,9,0,4,4,2,6,0,0,0,0,0,0,0,2,1,6,6,2,31,6,1499,1,15,SMART FORFOUR,8,E01020388,0,-1
202031D134520,2020,31D134520,1,9,0,18,19,2,6,9,9,1,0,0,0,0,1,1,6,6,1,84,11,898,1,1,SMART FORFOUR,7,E01032520,0,-1
2020010278117,2020,010278117,2,9,0,99,99,9,9,99,99,9,9,99,9,99,2,9,6,6,3,-1,-1,999,1,5,SMART FORFOUR,-1,-1,0,-1
2020410982870,2020,410982870,1,9,0,18,19,7,3,0,0,0,0,0,0,0,1,1,2,2,2,55,8,898,1,4,SMART FORFOUR,8,E01023298,0,-1
2020010277463,2020,010277463,1,9,0,3,3,5,1,0,0,0,0,0,0,0,1,1,6,6,2,19,4,898,1,3,SMART FORFOUR,6,E01000306,0,-1
2020010275777,2020,010275777,1,9,0,18,19,5,1,0,0,1,0,0,0,0,3,1,6,6,1,22,5,999,1,3,SMART FORFOUR,6,E01001598,0,-1
2020420930788,2020,420930788,1,9,0,18,19,7,3,0,0,0,1,0,1,0,0,1,2,2,2,59,9,898,1,4,SMART FORFOUR,10,E01021447,0,-1
2020410968224,2020,410968224,2,9,0,18,19,6,2,0,0,0,0,0,0,0,0,1,6,6,1,25,5,898,1,4,SMART FORFOUR,7,E01021439,0,-1
2020100928318,2020,100928318,2,9,0,18,19,2,6,0,0,0,0,0,0,0,1,1,5,6,2,66,10,999,1,3,SMART FORFOUR,9,E01008526,0,-1
2020010261675,2020,010261675,2,9,0,99,99,9,9,99,99,9,9,99,9,99,9,9,6,6,3,-1,-1,999,1,5,SMART FORFOUR,2,E01001487,0,-1
2020420970262,2020,420970262,1,9,0,18,19,1,5,0,0,3,0,10,1,0,1,1,2,2,1,33,6,898,1,3,SMART FORFOUR,1,E01001840,0,-1
202006E270452,2020,06E270452,1,9,0,18,19,2,6,0,0,0,0,0,0,0,3,1,6,6,2,30,6,999,1,1,SMART FORFOUR,-1,-1,0,-1
2020010251299,2020,010251299,1,9,0,99,99,9,9,99,99,9,9,99,9,99,1,9,6,6,2,47,8,999,1,4,SMART FORFOUR,5,E01003116,0,-1
2020420994857,2020,420994857,1,9,0,15,15,1,5,0,0,1,0,0,0,0,0,1,6,6,2,40,7,898,1,4,SMART FORFOUR,-1,-1,0,-1
2020400926757,2020,400926757,3,9,0,4,4,7,3,0,0,0,0,0,0,0,2,1,6,6,2,68,10,999,1,2,SMART FORFOUR,7,E01023594,0,-1
20201377V2028,2020,1377V2028,1,9,0,13,13,6,2,0,0,1,0,0,0,0,1,1,6,6,1,52,8,1332,1,15,SMART FORFOUR,2,E01011334,0,-1
2020010243379,2020,010243379,1,9,0,9,9,5,2,0,0,2,0,0,0,0,1,1,6,6,1,56,9,1124,1,15,SMART FORFOUR,2,E01002080,0,-1
2020010228856,2020,010228856,1,9,0,99,99,9,9,99,99,0,9,99,9,99,2,9,6,6,2,21,5,1124,1,15,SMART FORFOUR,2,E01004264,0,-1
2020010239895,2020,010239895,1,9,0,14,14,3,7,0,0,1,0,0,1,0,1,1,1,1,2,39,7,999,1,5,SMART FORFOUR,3,E01002599,0,-1
2020500999477,2020,500999477,1,9,0,18,19,8,4,0,0,0,5,0,1,11,1,1,3,7,2,47,8,898,1,2,SMART FORFOUR,6,E01019893,0,-1
2020137320567,2020,137320567,3,9,0,9,9,4,5,0,0,4,0,0,0,0,3,1,6,6,1,48,8,999,1,5,SMART FORFOUR,7,E01010887,0,-1
2020010229250,2020,010229250,2,9,9,99,99,9,9,99,99,0,9,99,9,99,9,9,6,6,3,-1,-1,1499,1,15,SMART FORFOUR,-1,-1,0,-1
2020440465568,2020,440465568,2,9,0,18,19,2,6,0,0,0,0,0,0,0,1,1,6,6,2,75,10,898,1,3,SMART FORFOUR,10,E01022878,0,-1
2020400982150,2020,400982150,2,9,0,9,9,5,1,0,0,0,0,0,0,0,1,1,6,6,2,18,4,999,1,5,SMART FORFOUR,10,E01017402,0,-1
2020430415115,2020,430415115,1,9,0,18,19,6,2,0,0,0,0,0,7,11,1,1,2,2,2,25,5,999,1,2,SMART FORFOUR,7,E01028484,0,-1
2020410964160,2020,410964160,3,9,0,10,10,1,5,0,0,4,0,0,0,0,1,1,5,6,1,51,8,999,1,2,SMART FORFOUR,10,E01023505,0,-1
2020010263222,2020,010263222,2,9,0,9,9,1,6,0,0,0,0,0,0,0,3,1,6,6,1,43,7,898,1,4,SMART FORFOUR,7,E01000183,0,-1
2020552000712,2020,552000712,3,9,0,9,9,7,5,0,0,5,0,0,0,0,2,1,6,6,2,20,4,999,1,5,SMART FORFOUR,5,E01015302,0,-1
2020010247454,2020,010247454,2,9,0,18,19,7,3,0,0,8,0,0,0,0,1,1,6,6,2,40,7,999,1,2,SMART FORFOUR,4,E01003343,0,-1
2020470985852,2020,470985852,1,9,0,18,19,5,1,0,0,1,0,0,0,0,4,1,5,6,1,46,8,999,1,3,SMART FORFOUR,1,E01016942,0,-1
2020160979727,2020,160979727,1,9,0,18,19,6,2,0,0,0,0,0,0,0,1,1,5,6,1,80,11,3165,1,17,-1,7,E01013032,0,-1
2020350966133,2020,350966133,1,9,0,18,19,8,4,0,0,0,0,0,0,0,1,1,5,6,1,42,7,2435,1,18,-1,9,E01024918,0,-1
2020010237747,2020,010237747,2,9,0,99,99,9,9,0,0,0,9,99,9,99,1,1,6,6,3,-1,-1,2435,1,21,-1,-1,-1,0,-1
2020440377010,2020,440377010,2,17,4,18,19,2,6,0,0,0,0,0,0,0,3,1,1,1,1,39,7,-1,2,3,Valtra Model Missing,8,E01022992,0,-1
2020040955225,2020,040955225,1,17,4,9,9,7,3,0,0,0,0,0,0,0,3,1,1,1,1,53,8,7365,2,2,Valtra Model Missing,9,E01025177,0,-1
2020141009439,2020,141009439,2,17,0,7,7,2,5,0,0,8,0,0,0,0,1,1,1,1,1,29,6,4910,2,2,Valtra Model Missing,3,E01008145,0,-1
2020990983070,2020,990983070,2,17,4,18,19,7,3,0,0,0,0,0,0,0,3,1,1,1,1,23,5,-1,2,5,Valtra Model Missing,3,-1,0,-1
2020430236037,2020,430236037,1,17,0,17,19,2,7,0,0,0,0,0,0,0,3,1,6,6,1,27,6,7365,2,2,Valtra Model Missing,8,E01017750,0,-1
20201378J0879,2020,1378J0879,2,17,0,18,19,4,8,0,0,8,0,0,0,0,1,1,6,6,1,-1,-1,-1,2,4,Valtra Model Missing,-1,-1,0,-1
2020030968250,2020,030968250,1,17,4,16,19,8,4,0,0,0,4,0,1,7,4,1,5,6,1,18,4,-1,2,6,Valtra Model Missing,5,-1,0,-1
2020110963487,2020,110963487,1,17,4,13,13,3,7,0,0,0,0,0,0,0,2,1,1,1,1,46,8,7365,2,1,Valtra Model Missing,5,E01020865,0,-1
2020990987132,2020,990987132,2,17,4,18,19,2,6,0,0,1,0,0,0,0,3,1,1,1,1,23,5,-1,2,4,Valtra Model Missing,5,-1,0,-1
2020460968711,2020,460968711,2,17,4,18,19,5,1,0,0,1,0,0,0,0,2,1,6,6,2,21,5,4397,2,1,Valtra Model Missing,6,E01024544,0,-1
2020350990596,2020,350990596,3,17,4,2,2,0,0,0,0,0,0,0,0,0,2,1,6,6,1,56,9,-1,2,12,Valtra Model Missing,7,E01029947,0,-1
2020552000267,2020,552000267,2,17,0,18,19,5,1,0,0,0,0,0,0,0,1,1,1,1,1,23,5,-1,2,4,Valtra Model Missing,6,E01020441,0,-1
2020501005024,2020,501005024,1,17,0,17,19,7,3,0,0,0,0,0,0,0,1,1,1,1,1,27,6,7365,2,2,Valtra Model Missing,5,E01020308,0,-1
2020041005648,2020,041005648,1,17,0,18,19,4,8,0,0,0,0,0,1,11,4,2,1,1,1,41,7,-1,2,9,Valtra Model Missing,7,E01025270,0,-1
2020122000154,2020,122000154,4,90,4,18,19,8,4,0,0,0,0,0,0,0,1,1,1,1,1,26,6,7365,2,2,-1,6,E01027756,0,-1
2020990925859,2020,990925859,3,17,4,2,2,0,0,0,0,0,0,0,0,0,0,1,6,6,1,24,5,-1,2,4,Valtra Model Missing,5,-1,0,-1
2020320420262,2020,320420262,1,17,4,18,19,1,5,0,0,0,4,0,1,0,3,1,1,1,1,26,6,-1,2,0,Valtra Model Missing,6,E01026331,0,-1
202031D107820,2020,31D107820,1,17,4,7,7,1,3,0,0,3,3,0,0,0,3,1,1,1,1,27,6,7365,2,2,Valtra Model Missing,8,E01028353,0,-1
2020421006062,2020,421006062,2,3,0,3,3,1,5,0,0,1,0,0,0,0,2,1,1,1,1,19,4,125,1,0,-1,7,E01015920,0,-1
20201371R0426,2020,1371R0426,1,3,0,14,14,6,2,0,0,8,0,0,0,0,4,1,6,6,1,24,5,125,1,1,-1,1,E01004825,0,-1
2020520004568,2020,520004568,2,4,0,18,19,8,4,0,0,1,0,0,0,0,2,1,6,6,1,32,6,125,1,0,-1,-1,-1,0,-1
2020211030435,2020,211030435,2,3,0,18,19,8,4,0,0,0,0,0,0,0,0,1,6,6,2,25,5,125,1,0,-1,6,E01029756,0,-1
2020470927432,2020,470927432,1,11,0,18,19,7,3,0,0,0,0,0,0,0,0,1,1,1,1,37,7,5132,2,4,WRIGHTBUS STREETDECK,2,E01016873,0,-1
2020470978189,2020,470978189,1,11,0,18,19,5,8,0,0,0,0,0,0,0,0,1,1,1,1,46,8,5132,2,3,WRIGHTBUS STREETDECK,6,E01021066,0,-1
2020100936259,2020,100936259,1,11,0,3,3,7,1,0,0,2,0,0,0,0,0,1,1,1,1,58,9,5132,2,2,WRIGHTBUS STREETDECK,4,E01020643,0,-1
2020471006111,2020,471006111,2,11,0,18,19,7,3,0,0,1,0,0,0,0,3,1,1,1,1,34,6,5132,2,5,WRIGHTBUS STREETDECK,6,E01021066,0,-1
2020137BI0405,2020,137BI0405,1,11,0,18,19,4,8,2,2,0,0,0,0,0,4,1,1,1,1,53,8,5132,2,2,WRIGHTBUS STREETDECK,3,E01033032,0,-1
2020470974240,2020,470974240,2,11,0,18,19,8,4,0,0,1,0,0,0,0,0,1,1,1,1,51,8,5132,2,3,WRIGHTBUS STREETDECK,6,E01016862,0,-1
202006F178955,2020,06F178955,3,11,0,18,19,4,8,0,0,1,0,0,0,0,3,1,6,6,1,66,10,5132,2,1,WRIGHTBUS STREETDECK,-1,-1,0,-1
2020137270830,2020,137270830,1,11,0,5,5,4,8,0,0,0,0,0,0,0,0,1,1,1,1,41,7,5132,2,1,WRIGHTBUS STREETDECK,1,E01011336,0,-1
2020010260503,2020,010260503,1,11,0,3,3,1,5,0,0,1,0,0,0,0,0,1,1,1,1,34,6,5132,2,4,WRIGHTBUS STREETDECK,7,E01017851,0,-1
2020520000293,2020,520000293,1,11,0,18,19,8,4,0,0,0,0,0,0,0,1,1,6,6,1,79,11,5132,2,1,WRIGHTBUS STREETDECK,-1,-1,0,-1
2020470937710,2020,470937710,1,11,0,2,2,0,0,2,2,0,0,0,0,0,0,1,1,1,1,41,7,5132,2,3,WRIGHTBUS STREETDECK,2,E01016914,0,-1
20201372O1401,2020,1372O1401,1,11,0,5,5,0,0,0,0,0,0,0,0,0,0,1,1,1,1,47,8,5132,2,1,WRIGHTBUS STREETDECK,3,E01011762,0,-1
2020470988528,2020,470988528,1,11,0,5,5,2,6,0,0,0,0,0,0,0,0,1,1,1,1,58,9,5132,2,3,WRIGHTBUS STREETDECK,3,E01016907,0,-1
2020010264186,2020,010264186,1,11,0,3,3,5,1,2,2,0,0,0,0,0,0,1,1,1,2,60,9,5132,2,4,WRIGHTBUS STREETDECK,6,E01001570,0,-1
2020010254458,2020,010254458,4,11,0,3,3,1,5,0,0,5,0,0,0,0,0,1,1,1,3,28,6,5132,2,2,WRIGHTBUS STREETDECK,-1,-1,0,-1
2020100973080,2020,100973080,2,11,0,18,19,6,1,2,2,0,0,0,0,0,0,1,1,1,1,26,6,5132,2,3,WRIGHTBUS STREETDECK,9,E01020702,0,-1
2020470922265,2020,470922265,1,11,0,5,5,1,5,0,0,8,0,0,0,0,0,1,1,1,1,38,7,5132,2,5,WRIGHTBUS STREETDECK,9,E01020944,0,-1
2020470984488,2020,470984488,1,11,0,5,5,7,3,0,0,0,0,0,0,0,0,1,1,1,1,30,6,5132,2,4,WRIGHTBUS STREETDECK,7,E01031375,0,-1
202006P376711,2020,06P376711,1,11,0,18,19,3,7,0,0,0,0,0,0,0,1,1,1,1,1,54,8,5132,2,0,WRIGHTBUS STREETDECK,3,E01004955,0,-1
202006A278463,2020,06A278463,3,11,0,17,19,7,4,0,0,8,0,0,0,0,1,1,1,1,1,65,9,5132,2,0,WRIGHTBUS STREETDECK,-1,-1,0,-1
2020470915140,2020,470915140,1,11,0,5,5,7,3,0,0,0,0,0,0,0,0,1,1,1,1,48,8,5132,2,3,WRIGHTBUS STREETDECK,6,E01016912,0,-1
2020470977505,2020,470977505,1,11,0,18,19,3,7,0,0,0,0,0,0,0,0,1,1,1,1,43,7,5132,2,3,WRIGHTBUS STREETDECK,2,E01031361,0,-1
2020430032150,2020,430032150,1,11,0,7,7,7,1,0,0,2,0,0,0,0,4,1,1,1,1,40,7,5132,2,3,WRIGHTBUS STREETDECK,4,E01028529,0,-1
2020520004892,2020,520004892,2,11,0,18,19,2,6,0,0,0,0,0,0,0,1,1,6,6,1,50,8,5132,2,1,WRIGHTBUS STREETDECK,8,E01032630,0,-1
20201372H0991,2020,1372H0991,1,11,0,18,19,7,3,0,0,0,0,0,0,0,1,1,1,1,2,42,7,5132,2,1,WRIGHTBUS STREETDECK,5,E01010604,0,-1
2020470977511,2020,470977511,1,11,0,4,4,3,7,0,0,0,0,0,0,0,0,1,1,1,1,36,7,5132,2,3,WRIGHTBUS STREETDECK,2,E01016993,0,-1
2020010274348,2020,010274348,1,11,0,99,99,9,9,99,99,9,9,99,9,99,9,9,6,6,3,59,9,5132,2,1,WRIGHTBUS STREETDECK,6,E01002724,0,-1
2020522004375,2020,522004375,1,11,0,18,19,1,5,0,0,8,0,0,0,0,1,1,1,1,1,58,9,5132,2,5,WRIGHTBUS STREETDECK,1,E01032515,0,-1
2020100935233,2020,100935233,1,11,-1,9,9,4,2,0,0,8,0,0,0,0,0,1,1,1,1,33,6,5132,2,3,WRIGHTBUS STREETDECK,2,E01020618,0,-1
2020137181090,2020,137181090,2,11,0,18,19,4,8,0,0,1,0,0,0,0,1,1,1,1,1,41,7,5132,2,1,WRIGHTBUS STREETDECK,2,E01032500,0,-1
2020470951274,2020,470951274,1,11,0,4,4,3,7,0,0,0,0,0,0,0,0,1,1,1,1,62,9,5132,2,3,WRIGHTBUS STREETDECK,6,E01016889,0,-1
20201371L0431,2020,1371L0431,1,11,0,18,19,2,6,0,0,1,0,0,0,0,2,1,1,1,1,53,8,5132,2,2,WRIGHTBUS STREETDECK,1,E01011423,0,-1
20201373L0899,2020,1373L0899,1,11,0,18,19,6,2,0,0,0,0,0,0,0,1,1,1,1,1,36,7,5132,2,4,WRIGHTBUS STREETDECK,1,E01011660,0,-1
2020470971504,2020,470971504,1,11,0,9,9,5,3,0,0,3,0,0,0,0,1,1,1,1,1,39,7,5132,2,4,WRIGHTBUS STREETDECK,5,E01016963,0,-1
2020137C50981,2020,137C50981,3,11,0,4,4,1,5,0,0,1,0,0,0,0,1,1,1,1,1,64,9,5132,2,2,WRIGHTBUS STREETDECK,1,E01011468,0,-1
2020470960554,2020,470960554,1,11,0,5,5,7,4,0,0,0,0,0,0,0,0,1,1,1,1,36,7,5132,2,5,WRIGHTBUS STREETDECK,6,E01016912,0,-1
202006P271189,2020,06P271189,1,11,0,18,19,8,4,0,0,1,0,5,0,0,1,1,1,1,1,30,6,5132,2,1,WRIGHTBUS STREETDECK,2,E01004813,0,-1
2020420926212,2020,420926212,1,11,0,5,5,3,7,0,0,0,0,0,0,0,4,1,1,1,1,57,9,5132,2,2,WRIGHTBUS STREETDECK,4,E01021651,0,-1
2020220951910,2020,220951910,2,11,0,18,19,3,7,0,0,8,0,0,0,0,1,1,1,1,1,38,7,5132,2,5,WRIGHTBUS STREETDECK,6,E01032166,0,-1
20201372S0273,2020,1372S0273,1,11,0,4,4,6,2,0,0,1,0,0,0,0,1,1,1,1,1,29,6,5132,2,2,WRIGHTBUS STREETDECK,5,E01032495,0,-1
2020470988586,2020,470988586,1,11,0,5,5,5,2,2,2,0,0,0,0,0,4,1,1,1,1,57,9,5132,2,4,WRIGHTBUS STREETDECK,3,E01017007,0,-1
2020470958989,2020,470958989,2,11,0,18,19,3,7,0,0,0,0,0,0,0,0,1,5,6,1,28,6,5132,2,4,WRIGHTBUS STREETDECK,4,E01021045,0,-1
2020470938986,2020,470938986,1,11,0,7,7,3,6,0,0,1,0,0,0,0,0,1,1,1,1,44,7,5132,2,4,WRIGHTBUS STREETDECK,6,E01016912,0,-1
2020137CK0506,2020,137CK0506,1,11,0,5,5,3,7,0,0,0,0,0,0,0,1,1,1,1,1,21,5,-1,3,0,-1,4,E01011717,0,-1
2020010271241,2020,010271241,1,11,0,17,19,6,2,0,0,0,0,0,0,0,1,1,1,1,1,33,6,6700,2,2,-1,1,E01001655,0,-1
2020110937851,2020,110937851,3,20,0,2,2,0,0,4,4,0,0,0,0,0,0,1,1,1,1,29,6,5880,2,14,-1,3,E01020649,0,-1
2020070016106,2020,070016106,1,20,0,16,19,7,3,0,0,8,5,0,0,0,0,1,1,1,1,26,6,5900,2,16,-1,3,E01005372,0,-1
2020040971659,2020,040971659,1,21,0,1,1,1,5,0,0,0,0,0,0,0,2,1,1,1,1,31,6,-1,-1,-1,-1,7,E01026314,0,-1
2020200947270,2020,200947270,1,9,0,18,19,-1,-1,0,0,0,0,0,0,0,1,1,6,6,1,26,6,6262,1,5,-1,1,E01009350,0,-1
2020010266185,2020,010266185,2,9,0,5,5,0,3,0,0,2,0,4,0,0,1,1,6,6,1,52,8,6262,1,6,-1,3,E01032917,0,-1
2020470970886,2020,470970886,1,9,0,18,19,3,7,0,0,0,0,0,0,0,1,1,2,2,1,74,10,2663,2,21,-1,9,E01021190,0,-1
2020010232709,2020,010232709,1,9,0,18,19,7,3,0,0,0,0,0,0,0,1,1,6,6,1,49,8,2663,2,25,-1,5,E01004050,0,-1
2020420918798,2020,420918798,2,9,0,18,19,5,1,0,0,0,0,0,1,0,1,1,5,6,1,68,10,1989,1,19,-1,6,E01022090,0,-1
2020460974491,2020,460974491,3,9,0,4,4,5,1,0,0,0,1,0,1,0,1,1,4,7,1,37,7,2967,1,18,-1,3,E01033699,0,-1
2020070669772,2020,070669772,2,3,0,14,14,2,6,0,0,1,0,0,0,0,1,1,2,2,1,28,6,124,1,18,-1,1,E01012424,0,-1
2020552000384,2020,552000384,2,3,0,13,13,4,8,0,0,0,0,0,0,0,1,1,2,2,1,48,8,124,1,20,-1,5,E01020584,0,-1
2020420925271,2020,420925271,2,3,0,5,5,1,3,0,0,0,0,0,0,0,1,1,2,2,1,25,5,124,1,20,-1,-1,-1,0,-1
2020552000936,2020,552000936,2,3,0,4,4,4,8,0,0,0,0,0,0,0,2,1,6,6,1,28,6,200,1,8,-1,1,E01015282,0,-1
2020010264052,2020,010264052,2,4,0,99,99,9,9,99,99,0,9,99,9,99,1,9,6,6,3,-1,-1,200,1,4,-1,-1,-1,0,-1
202031C129120,2020,31C129120,2,3,0,18,19,1,5,0,0,8,0,0,0,0,1,1,2,2,1,48,8,124,1,13,-1,2,E01013858,0,-1
2020010274000,2020,010274000,1,2,0,99,99,9,9,99,99,9,9,99,9,99,1,1,6,6,1,16,4,49,1,17,-1,2,E01004231,0,-1
2020549739220,2020,549739220,2,9,0,9,9,7,3,0,0,1,0,0,0,0,2,1,6,6,1,23,5,1332,1,1,MERCEDES CLA CLASS,10,E01032700,0,-1
2020010265923,2020,010265923,5,9,0,18,19,3,7,0,0,8,0,0,0,0,1,1,2,2,1,35,6,1332,1,0,MERCEDES CLA CLASS,3,E01003639,0,-1
202031B179820,2020,31B179820,1,9,0,17,19,5,1,0,0,0,0,0,0,0,3,1,6,6,1,34,6,2143,2,3,MERCEDES CLA CLASS,3,E01028062,0,-1
2020430396430,2020,430396430,1,9,0,18,19,6,2,0,0,4,0,0,0,0,1,1,6,6,1,26,6,1991,1,1,MERCEDES CLA CLASS,8,E01016217,0,-1
2020010231105,2020,010231105,3,9,0,99,99,9,9,99,99,9,9,99,9,99,2,9,6,6,3,-1,-1,1595,1,2,MERCEDES CLA CLASS,-1,-1,0,-1
2020010277184,2020,010277184,1,9,0,9,9,6,4,0,0,6,0,0,0,0,1,1,2,2,1,38,7,1991,1,1,MERCEDES CLA CLASS,3,E01002839,0,-1
2020010281124,2020,010281124,2,9,0,99,99,9,9,0,0,0,0,0,0,0,2,1,6,6,3,-1,-1,1595,1,3,MERCEDES CLA CLASS,-1,-1,0,-1
2020052002064,2020,052002064,1,9,0,9,9,6,3,0,0,1,0,0,0,0,4,1,6,6,2,29,6,2143,2,2,MERCEDES CLA CLASS,1,E01007087,0,-1
2020010259224,2020,010259224,1,9,0,7,7,2,3,0,0,8,0,0,0,0,4,1,6,6,3,-1,-1,1991,1,5,MERCEDES CLA CLASS,-1,-1,0,-1
202006L174557,2020,06L174557,2,9,0,18,19,7,3,0,0,8,0,0,0,0,3,1,6,6,1,28,6,2143,2,3,MERCEDES CLA CLASS,5,E01006258,0,-1
2020010273754,2020,010273754,1,9,0,99,99,9,9,99,99,0,9,99,9,99,9,9,2,2,2,29,6,1332,1,0,MERCEDES CLA CLASS,4,E01022552,0,-1
2020030926674,2020,030926674,2,9,0,17,19,7,5,0,0,8,0,0,0,0,1,1,1,1,1,38,7,1595,1,2,MERCEDES CLA CLASS,3,E01019302,0,-1
2020221007118,2020,221007118,2,9,0,3,3,8,4,0,0,0,0,0,7,0,2,1,5,6,2,51,8,1595,1,2,MERCEDES CLA CLASS,9,E01014102,0,-1
2020010268046,2020,010268046,1,9,0,1,1,7,3,0,0,1,0,0,0,0,2,1,6,6,1,21,5,1595,1,4,MERCEDES CLA CLASS,9,E01001422,0,-1
202031B067720,2020,31B067720,2,9,0,2,2,0,0,0,0,0,0,0,0,0,3,1,6,6,1,53,8,2143,2,4,MERCEDES CLA CLASS,8,E01028058,0,-1
2020010259589,2020,010259589,1,9,0,18,19,5,1,0,0,4,0,0,0,0,1,1,6,6,2,25,5,1595,1,3,MERCEDES CLA CLASS,2,E01033148,0,-1
2020010261977,2020,010261977,1,9,0,7,7,1,3,0,0,1,0,0,0,0,1,1,6,6,1,41,7,1332,1,1,MERCEDES CLA CLASS,6,E01002135,0,-1
2020530936019,2020,530936019,2,9,0,9,9,7,3,0,0,0,0,0,7,0,2,1,2,2,1,27,6,2143,2,3,MERCEDES CLA CLASS,3,E01022121,0,-1
2020440054865,2020,440054865,1,9,0,18,19,7,3,0,0,0,0,0,0,0,1,1,6,6,2,52,8,2143,2,4,MERCEDES CLA CLASS,6,E01023284,0,-1
2020010282991,2020,010282991,2,9,0,18,19,5,1,0,0,0,0,0,0,0,2,1,6,6,2,38,7,1332,1,1,MERCEDES CLA CLASS,6,E01002433,0,-1
2020010273235,2020,010273235,1,9,0,6,6,5,5,0,0,1,0,0,0,0,4,1,6,6,1,29,6,1595,1,3,MERCEDES CLA CLASS,1,E01004722,0,-1
2020450924516,2020,450924516,3,9,0,18,19,5,1,0,0,0,0,0,0,0,2,1,1,1,1,27,6,1332,1,1,MERCEDES CLA CLASS,6,E01031464,0,-1
2020100929883,2020,100929883,2,9,0,4,4,3,7,0,0,0,0,0,0,0,2,1,5,6,1,43,7,2143,2,3,MERCEDES CLA CLASS,1,E01027527,0,-1
2020430071586,2020,430071586,1,9,0,9,9,7,4,0,0,8,0,0,0,0,2,1,6,6,1,33,6,2143,2,1,MERCEDES CLA CLASS,7,E01016719,0,-1