collision_index,collision_year,collision_ref_no,vehicle_reference,vehicle_type,towing_and_articulation,vehicle_manoeuvre_historic,vehicle_manoeuvre,vehicle_direction_from,vehicle_direction_to,vehicle_location_restricted_lane_historic,vehicle_location_restricted_lane,junction_location,skidding_and_overturning,hit_object_in_carriageway,vehicle_leaving_carriageway,hit_object_off_carriageway,first_point_of_impact,vehicle_left_hand_drive,journey_purpose_of_driver_historic,journey_purpose_of_driver,sex_of_driver,age_of_driver,age_band_of_driver,engine_capacity_cc,propulsion_code,age_of_vehicle,generic_make_model,driver_imd_decile,lsoa_of_driver,escooter_flag,driver_distance_banding
2020010281182,2020,010281182,2,9,0,99,99,9,9,99,99,9,9,99,9,99,9,9,6,6,3,24,5,2143,2,2,MERCEDES CLA CLASS,8,E01030591,0,-1
2020440232621,2020,440232621,2,9,0,4,4,5,1,0,0,0,0,0,0,0,1,1,6,6,3,-1,-1,2143,2,4,MERCEDES CLA CLASS,-1,-1,0,-1
2020460998152,2020,460998152,3,9,0,3,3,5,1,0,0,0,0,0,0,0,2,1,5,6,2,33,6,2143,2,4,MERCEDES CLA CLASS,9,E01024143,0,-1
2020010277536,2020,010277536,1,9,0,13,13,7,3,0,0,1,0,0,0,0,1,1,6,6,1,61,9,1332,1,0,MERCEDES CLA CLASS,-1,-1,0,-1
2020010232428,2020,010232428,1,9,0,18,19,7,3,0,0,8,0,0,0,0,2,1,6,6,2,67,10,1332,8,0,MERCEDES CLA CLASS,-1,-1,0,-1
2020010286834,2020,010286834,1,9,0,9,9,8,6,2,2,1,0,0,0,0,1,1,6,6,1,55,8,1332,1,1,MERCEDES CLA CLASS,5,E01003697,0,-1
2020010263325,2020,010263325,2,9,0,99,99,9,9,99,99,9,9,99,9,99,9,9,6,6,3,32,6,1595,1,5,MERCEDES CLA CLASS,10,E01021246,0,-1
2020470967145,2020,470967145,1,9,0,17,19,2,7,0,0,0,1,0,2,2,4,1,5,6,1,37,7,1332,1,0,MERCEDES CLA CLASS,4,E01021017,0,-1
2020010272607,2020,010272607,1,9,0,9,9,7,5,0,0,1,0,0,0,0,1,1,6,6,1,30,6,2143,2,2,MERCEDES CLA CLASS,4,E01015957,0,-1
2020420963710,2020,420963710,2,9,0,3,3,4,8,0,0,0,0,0,0,0,2,1,5,6,1,42,7,1595,1,2,MERCEDES CLA CLASS,6,E01021562,0,-1
2020010251331,2020,010251331,1,9,0,18,19,1,5,0,0,1,0,4,0,0,1,1,6,6,1,27,6,1332,1,1,MERCEDES CLA CLASS,5,E01003495,0,-1
2020100953583,2020,100953583,1,9,0,18,19,7,3,0,0,8,0,0,0,0,1,1,6,6,1,60,9,2143,2,2,MERCEDES CLA CLASS,-1,-1,0,-1
2020200939643,2020,200939643,1,9,0,18,19,8,4,0,0,8,0,0,0,0,1,1,6,6,1,30,6,1595,1,5,MERCEDES CLA CLASS,1,E01009269,0,-1
2020122001184,2020,122001184,1,9,0,18,19,7,3,0,0,0,0,11,0,0,1,1,6,6,1,69,10,1991,1,1,MERCEDES CLA CLASS,10,E01027662,0,-1
2020010239447,2020,010239447,1,9,0,18,19,3,7,0,0,8,0,0,0,0,1,1,2,2,1,32,6,1991,1,2,MERCEDES CLA CLASS,6,E01000726,0,-1
2020010263784,2020,010263784,2,9,0,4,4,5,1,0,0,1,0,0,0,0,0,1,6,6,2,49,8,2143,2,4,MERCEDES CLA CLASS,4,E01002583,0,-1
2020010244520,2020,010244520,2,9,0,99,99,9,9,99,99,9,9,99,9,99,1,9,6,6,3,30,6,1595,1,1,MERCEDES CLA CLASS,-1,-1,0,-1
2020010284857,2020,010284857,2,9,0,99,99,9,9,99,99,1,9,99,9,99,1,9,6,6,3,-1,-1,1332,1,1,MERCEDES CLA CLASS,-1,-1,0,-1
2020137CV0938,2020,137CV0938,1,9,0,18,19,1,5,0,0,0,0,0,0,0,1,1,1,1,1,60,9,1595,1,3,MERCEDES CLA CLASS,6,E01011651,0,-1
2020010229068,2020,010229068,2,9,0,9,9,7,5,0,0,8,0,0,0,0,0,1,6,6,2,23,5,2143,2,4,MERCEDES CLA CLASS,2,E01002637,0,-1
2020010265132,2020,010265132,1,9,0,3,3,3,7,0,0,1,0,0,0,0,2,1,6,6,1,27,6,2143,2,5,MERCEDES CLA CLASS,4,E01002663,0,-1
2020450978226,2020,450978226,2,9,0,4,4,3,7,0,0,0,0,0,0,0,1,1,2,2,1,34,6,2143,2,5,MERCEDES CLA CLASS,3,E01030744,0,-1
2020340W05932,2020,340W05932,1,9,0,9,9,2,6,0,0,8,0,0,0,0,4,1,6,6,1,29,6,2143,2,3,MERCEDES CLA CLASS,9,E01027346,0,-1
2020522005100,2020,522005100,1,9,0,18,19,3,7,0,0,8,0,0,0,0,1,1,6,6,1,30,6,1332,1,1,MERCEDES CLA CLASS,5,E01014836,0,-1
2020010276560,2020,010276560,2,9,0,17,19,3,7,0,0,1,0,0,0,0,4,1,6,6,2,33,6,1595,1,1,MERCEDES CLA CLASS,3,E01004763,0,-1
2020460938258,2020,460938258,1,9,0,17,19,5,1,0,0,0,0,11,0,0,1,1,5,6,2,23,5,2143,2,3,MERCEDES CLA CLASS,10,E01016050,0,-1
2020010236215,2020,010236215,1,9,0,5,5,0,4,0,0,0,0,0,0,0,1,1,1,1,1,41,7,1332,1,1,MERCEDES CLA CLASS,-1,-1,0,-1
2020990998933,2020,990998933,2,9,0,18,19,1,5,0,0,0,0,0,0,0,2,1,6,6,2,25,5,2143,2,4,MERCEDES CLA CLASS,7,-1,0,-1
2020522001887,2020,522001887,1,9,0,18,19,8,4,0,0,0,0,0,0,0,1,1,6,6,1,55,8,1595,1,2,MERCEDES CLA CLASS,7,E01029069,0,-1
2020052100339,2020,052100339,4,9,-1,18,19,1,5,0,0,0,0,0,0,0,1,9,6,6,2,39,7,2143,2,4,MERCEDES CLA CLASS,2,E01024926,0,-1
2020010252314,2020,010252314,2,9,0,2,2,0,0,9,9,0,0,0,0,0,1,1,6,6,3,-1,-1,1332,1,1,MERCEDES CLA CLASS,-1,-1,0,-1
2020200946839,2020,200946839,1,9,0,17,19,4,8,0,0,0,0,0,0,0,4,1,6,6,1,-1,-1,1595,1,1,MERCEDES CLA CLASS,6,E01002714,0,-1
2020010264004,2020,010264004,2,9,0,7,7,7,1,0,0,5,0,0,0,0,4,2,6,6,2,29,6,2143,2,4,MERCEDES CLA CLASS,6,E01003840,0,-1
2020040931975,2020,040931975,2,9,0,18,19,5,1,0,0,1,0,0,0,0,3,1,2,2,1,41,7,2143,2,3,MERCEDES CLA CLASS,9,E01025453,0,-1
2020010279807,2020,010279807,1,9,0,9,9,4,2,0,0,8,0,0,0,0,1,1,2,2,1,28,6,1595,1,2,MERCEDES CLA CLASS,6,E01021535,0,-1
2020010284028,2020,010284028,1,9,0,18,19,3,7,0,0,1,0,0,0,0,0,1,6,6,1,25,5,1332,1,0,MERCEDES CLA CLASS,3,E01004676,0,-1
2020052000959,2020,052000959,2,9,0,18,19,7,3,0,0,8,0,0,0,0,4,1,6,6,2,43,7,1595,1,1,MERCEDES CLA CLASS,5,E01007069,0,-1
2020010258133,2020,010258133,2,9,0,7,7,3,6,0,0,5,0,0,0,0,4,1,6,6,2,26,6,1595,1,3,MERCEDES CLA CLASS,2,E01004296,0,-1
2020990991266,2020,990991266,1,9,0,18,19,4,8,0,0,4,0,0,3,0,1,1,2,2,1,36,7,2143,2,4,MERCEDES CLA CLASS,3,-1,0,-1
2020070095001,2020,070095001,3,9,0,3,3,7,3,0,0,0,0,0,0,0,2,1,2,2,2,-1,-1,2143,2,4,MERCEDES CLA CLASS,5,E01018480,0,-1
2020460962182,2020,460962182,4,9,0,18,19,7,3,0,0,0,1,0,0,0,1,1,5,6,2,47,8,1595,1,2,MERCEDES CLA CLASS,7,E01024003,0,-1
2020471002814,2020,471002814,1,9,0,7,7,7,1,0,0,6,0,0,0,0,1,1,2,2,2,55,8,1332,1,0,MERCEDES CLA CLASS,6,E01031825,0,-1
2020010261394,2020,010261394,2,9,0,4,4,3,7,0,0,1,0,0,0,0,2,1,2,2,1,34,6,2143,2,5,MERCEDES CLA CLASS,2,E01003168,0,-1
2020440394954,2020,440394954,1,9,0,18,19,5,1,0,0,2,0,0,0,0,3,1,6,6,2,34,6,2143,2,3,MERCEDES CLA CLASS,3,E01017267,0,-1
2020010267621,2020,010267621,2,9,0,9,9,3,1,0,0,6,0,0,0,0,1,1,2,2,1,32,6,2143,2,2,MERCEDES CLA CLASS,5,E01015993,0,-1
2020100933491,2020,100933491,2,9,0,4,4,1,5,0,0,0,0,0,0,0,2,1,6,6,1,48,8,1595,1,1,MERCEDES CLA CLASS,9,E01011983,0,-1
2020070014953,2020,070014953,3,9,0,4,4,5,1,0,0,0,0,0,0,0,2,1,2,2,2,30,6,2143,2,3,MERCEDES CLA CLASS,10,E01012563,0,-1
2020010264767,2020,010264767,2,9,0,18,19,1,5,0,0,8,0,0,0,0,1,1,1,1,1,44,7,1595,1,3,MERCEDES CLA CLASS,6,E01003378,0,-1
2020010248814,2020,010248814,2,9,9,99,99,9,9,0,0,1,9,99,9,99,9,1,6,6,3,-1,-1,1595,1,3,MERCEDES CLA CLASS,-1,-1,0,-1
2020010265432,2020,010265432,2,9,0,2,2,0,0,0,0,0,0,0,0,0,1,1,6,6,3,-1,-1,2143,2,5,MERCEDES CLA CLASS,-1,-1,0,-1
2020370991179,2020,370991179,1,9,0,18,19,1,5,0,0,0,1,11,1,4,1,1,5,6,1,21,5,1595,1,3,MERCEDES CLA CLASS,7,E01030171,0,-1
2020010279538,2020,010279538,2,9,0,14,14,5,1,0,0,0,0,4,1,0,1,1,6,6,3,-1,-1,2143,2,3,MERCEDES CLA CLASS,-1,-1,0,-1
2020010284995,2020,010284995,1,9,0,99,99,9,9,99,99,2,9,99,9,99,2,9,6,6,1,62,9,1595,1,2,MERCEDES CLA CLASS,2,E01003049,0,-1
2020200939695,2020,200939695,5,9,0,2,2,0,0,0,0,0,0,0,0,0,3,1,6,6,1,29,6,2143,2,4,MERCEDES CLA CLASS,1,E01010129,0,-1
2020010253241,2020,010253241,1,9,0,18,19,1,5,0,0,1,0,0,0,0,4,1,2,2,1,29,6,1991,1,4,MERCEDES CLA CLASS,3,E01003564,0,-1
2020200948507,2020,200948507,2,9,0,18,19,7,3,0,0,8,0,0,0,0,1,1,2,2,2,40,7,1595,1,2,MERCEDES CLA CLASS,4,E01010424,0,-1
202031C107620,2020,31C107620,2,9,0,11,11,8,4,0,0,0,0,0,0,0,1,1,6,6,1,27,6,1332,1,0,MERCEDES CLA CLASS,1,E01013896,0,-1
2020400956113,2020,400956113,2,9,0,18,19,1,3,0,0,0,0,0,0,0,1,1,1,1,1,35,6,1991,1,1,MERCEDES CLA CLASS,8,E01017670,0,-1
2020010270443,2020,010270443,1,9,0,18,19,6,2,0,0,8,0,0,0,0,1,1,6,6,3,-1,-1,1332,1,1,MERCEDES CLA CLASS,-1,-1,0,-1
2020010253026,2020,010253026,1,9,0,7,7,6,8,0,0,5,0,0,0,0,1,1,6,6,1,46,8,2143,2,2,MERCEDES CLA CLASS,10,E01000772,0,-1
2020010228744,2020,010228744,1,9,0,18,19,1,5,0,0,0,0,0,0,0,2,1,6,6,2,32,6,1332,1,1,MERCEDES CLA CLASS,6,E01000778,0,-1
2020500981849,2020,500981849,1,9,0,18,19,1,5,0,0,0,0,0,0,0,2,1,5,6,1,47,8,1991,1,4,MERCEDES CLA CLASS,2,E01029496,0,-1
2020010264610,2020,010264610,1,9,0,18,19,3,7,0,0,4,0,0,0,0,4,1,1,1,1,24,5,1332,1,1,MERCEDES CLA CLASS,3,E01001244,0,-1
2020010261889,2020,010261889,1,9,0,17,19,3,7,0,0,1,0,0,0,0,1,1,6,6,1,27,6,1595,1,2,MERCEDES CLA CLASS,1,E01004241,0,-1
20201379H0357,2020,1379H0357,1,9,0,18,19,4,8,0,0,8,0,0,0,0,1,1,6,6,2,39,7,1595,1,3,MERCEDES CLA CLASS,3,E01011920,0,-1
2020200993001,2020,200993001,2,9,0,1,1,6,2,0,0,6,0,0,0,0,2,1,1,1,1,62,9,1332,1,0,MERCEDES CLA CLASS,3,E01010249,0,-1
2020010256327,2020,010256327,1,9,0,18,19,1,5,0,0,1,0,0,3,0,1,1,6,6,1,22,5,1595,1,3,MERCEDES CLA CLASS,5,E01002700,0,-1
2020052001785,2020,052001785,1,9,0,18,19,3,7,0,0,2,0,7,1,7,1,1,6,6,2,27,6,2143,2,5,MERCEDES CLA CLASS,2,E01006656,0,-1
2020010234813,2020,010234813,2,9,0,18,19,3,7,0,0,1,0,0,0,0,4,1,3,7,2,34,6,1595,1,2,MERCEDES CLA CLASS,3,E01001467,0,-1
2020070481458,2020,070481458,2,9,0,8,8,3,5,3,2,1,0,0,0,0,4,1,6,6,2,22,5,1595,1,4,MERCEDES CLA CLASS,-1,-1,0,-1
2020041006415,2020,041006415,2,9,0,4,4,7,3,0,0,0,0,0,0,0,2,1,5,6,1,31,6,2143,2,5,MERCEDES CLA CLASS,8,E01025159,0,-1
2020010270044,2020,010270044,1,9,0,99,99,9,9,0,0,0,0,0,0,0,2,1,6,6,1,20,4,2143,2,4,MERCEDES CLA CLASS,2,E01004240,0,-1
2020010282653,2020,010282653,2,9,0,99,99,9,9,99,99,9,9,99,9,99,1,9,6,6,3,-1,-1,2143,2,2,MERCEDES CLA CLASS,-1,-1,0,-1
2020070437519,2020,070437519,2,9,0,18,19,2,6,0,0,0,0,0,0,0,1,1,6,6,2,52,8,1991,1,4,MERCEDES CLA CLASS,9,E01012514,0,-1
2020010269497,2020,010269497,1,9,0,10,10,1,7,0,0,1,0,0,0,0,1,1,6,6,1,32,6,1595,1,2,MERCEDES CLA CLASS,5,E01023342,0,-1
2020100925738,2020,100925738,1,9,0,18,19,7,3,0,0,0,0,0,0,0,1,1,6,6,2,51,8,2143,2,4,MERCEDES CLA CLASS,6,E01027479,0,-1
2020010285054,2020,010285054,1,9,0,7,7,7,1,0,0,1,1,0,0,0,1,1,6,6,1,88,11,1595,1,3,MERCEDES CLA CLASS,10,E01000276,0,-1
202006F272325,2020,06F272325,2,9,0,4,4,7,3,0,0,2,0,0,0,0,2,1,2,2,1,43,7,2143,2,1,MERCEDES CLA CLASS,1,E01005147,0,-1
2020430270171,2020,430270171,2,9,0,18,19,2,6,0,0,0,0,0,0,0,1,1,6,6,2,56,9,2143,2,4,MERCEDES CLA CLASS,7,E01027004,0,-1
2020052001771,2020,052001771,4,9,0,2,2,0,0,0,0,0,0,0,0,0,2,1,6,6,3,-1,-1,1595,1,3,MERCEDES CLA CLASS,-1,-1,0,-1
2020100965932,2020,100965932,1,9,0,18,19,5,1,0,0,4,1,0,0,0,1,1,5,6,1,24,5,2143,2,4,MERCEDES CLA CLASS,4,E01008814,0,-1
2020010250753,2020,010250753,1,9,0,9,9,3,8,0,0,6,0,0,0,0,1,1,6,6,1,32,6,2143,2,4,MERCEDES CLA CLASS,4,E01001476,0,-1
2020010254123,2020,010254123,1,9,0,99,99,9,9,99,99,9,9,99,9,99,1,9,6,6,2,30,6,1595,1,3,MERCEDES CLA CLASS,2,E01001462,0,-1
2020010268167,2020,010268167,2,9,0,5,5,3,7,0,0,1,0,0,0,0,1,1,6,6,2,38,7,2143,2,2,MERCEDES CLA CLASS,-1,-1,0,-1
2020010261858,2020,010261858,2,9,0,17,19,5,1,0,0,1,0,0,0,0,1,1,6,6,1,29,6,2143,2,4,MERCEDES CLA CLASS,7,E01002226,0,-1
2020010258146,2020,010258146,2,9,0,3,3,5,1,0,0,1,0,0,0,0,2,1,6,6,1,55,8,2143,2,3,MERCEDES CLA CLASS,7,E01000237,0,-1
2020201018376,2020,201018376,1,9,0,5,5,6,2,0,0,1,0,0,0,0,2,1,6,6,1,43,7,1332,1,0,MERCEDES CLA CLASS,1,E01009480,0,-1
2020470972161,2020,470972161,1,9,0,9,9,3,1,0,0,8,0,0,0,0,1,1,6,6,1,25,5,1332,1,1,MERCEDES CLA CLASS,7,E01016976,0,-1
2020200975016,2020,200975016,2,9,0,18,19,3,7,0,0,1,0,0,0,0,1,1,6,6,2,27,6,1595,1,1,MERCEDES CLA CLASS,2,E01009998,0,-1
2020160996963,2020,160996963,3,9,0,18,19,5,1,0,0,0,0,0,0,0,1,2,6,6,2,25,5,1595,1,1,MERCEDES CLA CLASS,2,E01013315,0,-1
2020052000819,2020,052000819,1,9,0,4,4,7,3,0,0,8,1,0,1,7,1,1,6,6,1,34,6,1332,1,1,MERCEDES CLA CLASS,2,E01006977,0,-1
2020160923205,2020,160923205,1,9,0,18,19,5,8,0,0,1,0,0,0,0,1,1,6,6,1,35,6,2143,2,3,MERCEDES CLA CLASS,3,E01012943,0,-1
2020010245901,2020,010245901,2,9,0,9,9,1,7,0,0,5,0,0,0,0,1,1,6,6,1,38,7,1332,1,1,MERCEDES CLA CLASS,2,E01001696,0,-1
202054A941220,2020,54A941220,1,9,0,5,5,3,7,0,0,4,0,0,0,0,1,1,6,6,1,23,5,2143,2,4,MERCEDES CLA CLASS,4,E01015578,0,-1
2020010238664,2020,010238664,2,9,0,11,11,7,3,0,0,0,0,0,0,0,0,1,6,6,3,-1,-1,2143,2,2,MERCEDES CLA CLASS,-1,-1,0,-1
2020010278143,2020,010278143,1,9,0,18,19,6,2,0,0,6,0,0,0,0,1,1,6,6,2,24,5,1332,1,0,MERCEDES CLA CLASS,4,E01000485,0,-1
2020010254716,2020,010254716,2,9,0,9,9,1,7,0,0,8,0,0,0,0,1,1,6,6,1,48,8,1332,1,1,MERCEDES CLA CLASS,5,E01004503,0,-1
2020010273990,2020,010273990,1,9,0,9,9,4,2,0,0,1,0,0,0,0,4,1,6,6,1,27,6,2143,2,4,MERCEDES CLA CLASS,3,E01003525,0,-1
2020010241953,2020,010241953,2,9,0,99,99,9,9,99,99,9,9,99,9,99,1,9,6,6,3,-1,-1,1595,1,2,MERCEDES CLA CLASS,2,E01027137,0,-1
2020110986340,2020,110986340,2,9,0,3,3,5,1,0,0,0,0,0,0,0,2,1,3,7,1,41,7,1595,1,1,MERCEDES CLA CLASS,7,E01020879,0,-1
2020200944512,2020,200944512,1,9,0,18,19,7,3,0,0,0,0,0,0,0,1,1,6,6,1,42,7,2143,2,2,MERCEDES CLA CLASS,2,E01019579,0,-1
2020010247177,2020,010247177,1,9,0,18,19,1,5,0,0,0,0,0,0,0,0,1,6,6,1,26,6,1595,1,3,MERCEDES CLA CLASS,2,E01004011,0,-1
2020010245847,2020,010245847,1,9,0,16,19,7,1,1,1,8,0,0,1,0,1,1,6,6,1,31,6,1991,1,1,MERCEDES CLA CLASS,1,E01032512,0,-1
2020160976353,2020,160976353,2,9,0,3,3,5,1,0,0,0,0,0,0,0,2,1,5,6,2,41,7,1595,1,2,MERCEDES CLA CLASS,1,E01026127,0,-1
2020320039864,2020,320039864,1,9,0,16,19,3,7,0,0,0,5,0,7,9,1,1,6,6,1,19,4,2143,2,3,MERCEDES CLA CLASS,5,E01026027,0,-1
2020010263562,2020,010263562,1,9,0,99,99,9,9,99,99,0,9,99,9,99,9,9,6,6,1,18,4,1332,1,1,MERCEDES CLA CLASS,6,E01003149,0,-1
202031A069820,2020,31A069820,2,9,0,9,9,6,4,0,0,8,0,0,0,0,3,1,6,6,1,50,8,1595,1,3,MERCEDES CLA CLASS,6,E01027926,0,-1
2020220933883,2020,220933883,3,9,0,12,12,5,1,0,0,0,1,0,0,0,2,1,5,6,2,29,6,2143,2,5,MERCEDES CLA CLASS,3,E01006815,0,-1
2020201019519,2020,201019519,2,9,0,18,19,8,2,0,0,3,0,0,0,0,4,1,6,6,2,30,6,1332,1,0,MERCEDES CLA CLASS,1,E01009000,0,-1
20201371Q1159,2020,1371Q1159,2,9,0,18,19,5,1,0,0,0,0,0,0,0,1,1,6,6,1,25,5,2143,2,4,MERCEDES CLA CLASS,1,E01005342,0,-1
2020010266111,2020,010266111,1,9,0,9,9,6,4,0,0,6,0,0,0,0,1,1,6,6,1,48,8,1595,1,1,MERCEDES CLA CLASS,3,E01001436,0,-1
2020010243568,2020,010243568,1,9,0,99,99,9,9,99,99,4,9,99,9,99,9,9,6,6,1,24,5,1595,1,2,MERCEDES CLA CLASS,4,E01002326,0,-1
2020010248079,2020,010248079,1,9,0,5,5,0,7,0,0,0,0,8,0,0,1,1,6,6,1,25,5,2143,2,4,MERCEDES CLA CLASS,2,E01003990,0,-1
2020430264709,2020,430264709,2,9,0,7,7,1,3,0,0,1,0,0,0,0,1,1,6,6,1,33,6,1595,1,2,MERCEDES CLA CLASS,-1,-1,0,-1
2020430190308,2020,430190308,3,9,0,18,19,3,7,0,0,0,0,0,0,0,2,1,6,6,1,30,6,1595,1,3,MERCEDES CLA CLASS,-1,-1,0,-1
2020010240515,2020,010240515,1,9,0,99,99,9,9,99,99,9,9,99,9,99,9,9,6,6,2,24,5,2143,2,2,MERCEDES CLA CLASS,8,E01030591,0,-1
2020010259096,2020,010259096,1,9,0,9,9,1,7,0,0,8,0,0,0,0,3,1,6,6,1,41,7,2143,2,3,MERCEDES CLA CLASS,-1,-1,0,-1
2020010245092,2020,010245092,2,9,0,99,99,9,9,99,99,9,9,99,9,99,9,9,6,6,3,54,8,1595,1,3,MERCEDES CLA CLASS,4,E01004128,0,-1
2020220976981,2020,220976981,1,9,0,13,13,2,6,0,0,8,0,0,0,0,1,1,5,6,1,51,8,2143,2,5,MERCEDES CLA CLASS,9,E01032467,0,-1
2020200997234,2020,200997234,2,9,0,5,5,2,6,0,0,8,0,7,7,1,1,1,6,6,1,27,6,1332,1,0,MERCEDES CLA CLASS,3,E01010051,0,-1
2020010278901,2020,010278901,1,9,0,99,99,9,9,0,0,9,9,99,9,99,9,9,6,6,1,29,6,1595,1,3,MERCEDES CLA CLASS,2,E01003346,0,-1
2020010251039,2020,010251039,2,9,0,3,3,5,1,0,0,0,0,0,0,0,4,1,6,6,2,35,6,1595,1,2,MERCEDES CLA CLASS,4,E01001736,0,-1
2020010281099,2020,010281099,2,9,0,99,99,9,9,99,99,9,9,99,9,99,0,9,6,6,3,-1,-1,2143,2,5,MERCEDES CLA CLASS,1,E01000093,0,-1
2020211027027,2020,211027027,2,9,0,18,19,2,6,0,0,0,0,0,0,0,4,1,2,2,2,-1,-1,2143,2,2,MERCEDES CLA CLASS,6,E01009880,0,-1
2020010268852,2020,010268852,1,9,0,4,4,1,5,0,0,1,0,0,0,0,2,1,6,6,1,33,6,1991,1,5,MERCEDES CLA CLASS,7,E01024576,0,-1
2020010236518,2020,010236518,2,9,0,99,99,9,9,0,0,1,0,0,0,0,9,1,6,6,2,-1,-1,2143,2,3,MERCEDES CLA CLASS,3,E01015963,0,-1
2020420937219,2020,420937219,3,9,0,18,19,5,1,0,0,0,0,0,0,0,2,1,2,2,1,26,6,1595,1,2,MERCEDES CLA CLASS,10,E01021896,0,-1
2020010264846,2020,010264846,1,9,0,7,7,5,7,0,0,1,0,0,0,0,0,1,6,6,2,28,6,1595,1,3,MERCEDES CLA CLASS,2,E01004296,0,-1
2020010276154,2020,010276154,2,9,0,16,19,1,5,0,0,1,0,10,0,0,1,1,6,6,1,26,6,1332,1,0,MERCEDES CLA CLASS,-1,-1,0,-1
202006P177023,2020,06P177023,2,9,0,18,19,2,6,0,0,0,0,0,0,0,3,1,6,6,2,35,6,1332,1,0,MERCEDES CLA CLASS,3,E01005479,0,-1
2020420969291,2020,420969291,2,9,0,4,4,1,4,0,0,0,0,0,0,0,2,1,5,6,2,40,7,2143,2,3,MERCEDES CLA CLASS,3,E01000022,0,-1
2020991010185,2020,991010185,1,9,0,18,19,5,1,0,0,1,0,0,0,0,1,1,5,6,2,58,9,1595,1,2,MERCEDES CLA CLASS,4,-1,0,-1
2020100987177,2020,100987177,2,9,0,18,19,3,7,0,0,0,0,0,0,0,4,1,1,1,2,26,6,2143,2,4,MERCEDES CLA CLASS,2,E01008385,0,-1
2020010275944,2020,010275944,2,9,0,99,99,9,9,99,99,0,9,99,9,99,1,9,6,6,3,-1,-1,1332,1,1,MERCEDES CLA CLASS,2,E01003151,0,-1
2020010246869,2020,010246869,2,9,9,99,99,9,9,99,99,9,9,99,9,99,1,9,6,6,3,-1,-1,2143,2,3,MERCEDES CLA CLASS,-1,-1,0,-1
2020137910436,2020,137910436,1,9,0,18,19,5,1,0,0,8,0,7,7,11,1,1,6,6,1,34,6,1498,1,0,MG ZS,4,E01010675,0,-1
2020040968274,2020,040968274,1,9,0,17,19,2,6,0,0,0,0,0,0,0,3,1,6,6,1,28,6,2497,1,17,MG ZS,6,E01027570,0,-1
2020520001110,2020,520001110,1,9,0,3,3,7,3,0,0,4,0,0,0,0,1,1,6,6,1,48,8,2497,1,16,MG ZS,3,E01029117,0,-1
2020320355944,2020,320355944,1,9,0,17,19,1,5,0,0,0,0,0,1,4,4,1,6,6,1,20,4,1994,2,16,MG ZS,4,E01026102,0,-1
2020211027300,2020,211027300,2,9,0,17,19,6,2,0,0,0,0,0,0,0,1,1,6,6,1,69,10,1498,1,1,MG ZS,9,E01029786,0,-1
20201376J0695,2020,1376J0695,2,9,0,18,19,1,5,0,0,0,0,0,0,0,2,1,6,6,1,61,9,1588,1,16,MG ZS,3,E01011125,0,-1
2020470948149,2020,470948149,1,9,0,18,19,1,6,0,0,8,0,0,0,0,4,1,5,6,2,71,10,-1,3,1,MG ZS,10,E01031485,0,-1
2020552000534,2020,552000534,2,9,0,18,19,6,2,0,0,8,0,0,0,0,4,1,6,6,1,35,6,2497,1,18,MG ZS,6,E01015440,0,-1
2020110986636,2020,110986636,1,9,0,18,19,8,4,0,0,1,0,0,1,0,1,1,6,6,1,19,4,2497,1,16,MG ZS,4,E01020872,0,-1
2020552000793,2020,552000793,1,9,0,18,19,6,2,0,0,0,0,0,0,0,1,1,6,6,1,21,5,-1,3,1,MG ZS,10,E01031970,0,-1
2020470981195,2020,470981195,1,9,0,12,12,1,5,0,0,4,0,0,0,0,4,1,1,1,1,66,10,1796,1,18,MG ZS,6,E01031606,0,-1
2020010276700,2020,010276700,1,9,0,99,99,9,9,99,99,9,9,99,9,99,2,9,6,6,1,37,7,-1,3,0,MG ZS,1,E01013568,0,-1
2020201017354,2020,201017354,3,9,0,2,2,0,0,0,0,0,0,0,0,0,3,1,6,6,2,78,11,999,1,0,MG ZS,4,E01009497,0,-1
2020160948010,2020,160948010,1,9,0,7,7,4,8,0,0,4,0,0,0,0,4,1,5,6,1,48,8,1796,1,16,MG ZS,3,E01013231,0,-1
2020360990194,2020,360990194,1,9,0,18,19,8,4,0,0,8,0,0,0,0,1,1,5,6,2,42,7,-1,3,0,MG ZS,8,E01026937,0,-1
2020122000286,2020,122000286,2,9,0,18,19,6,2,0,0,3,0,0,1,1,3,1,6,6,2,18,4,2497,1,16,MG ZS,10,E01013375,0,-1
2020141010639,2020,141010639,2,9,0,5,5,3,7,0,0,1,0,0,1,0,1,1,5,6,2,58,9,999,1,0,MG ZS,1,E01007416,0,-1
2020137BP1198,2020,137BP1198,2,9,0,5,5,3,2,0,0,1,0,0,0,0,3,1,6,6,2,40,7,-1,3,0,MG ZS,6,E01010592,0,-1
2020410994289,2020,410994289,3,9,0,16,19,7,3,0,0,0,0,0,0,0,1,1,2,2,1,25,5,1796,1,15,MG ZS,6,E01023606,0,-1