collision_index,collision_year,collision_ref_no,vehicle_reference,vehicle_type,towing_and_articulation,vehicle_manoeuvre_historic,vehicle_manoeuvre,vehicle_direction_from,vehicle_direction_to,vehicle_location_restricted_lane_historic,vehicle_location_restricted_lane,junction_location,skidding_and_overturning,hit_object_in_carriageway,vehicle_leaving_carriageway,hit_object_off_carriageway,first_point_of_impact,vehicle_left_hand_drive,journey_purpose_of_driver_historic,journey_purpose_of_driver,sex_of_driver,age_of_driver,age_band_of_driver,engine_capacity_cc,propulsion_code,age_of_vehicle,generic_make_model,driver_imd_decile,lsoa_of_driver,escooter_flag,driver_distance_banding
2020230985401,2020,230985401,1,3,0,18,19,7,3,0,0,8,0,0,0,0,1,1,5,6,1,17,4,124,1,0,-1,2,E01010087,0,-1
202031D037920,2020,31D037920,1,3,0,13,13,5,2,0,0,0,1,0,0,0,1,1,6,6,1,21,5,124,1,0,-1,4,E01028343,0,-1
2020010270700,2020,010270700,1,3,0,99,99,9,9,99,99,9,9,99,9,99,1,1,2,2,1,19,4,124,1,0,-1,6,E01023582,0,-1
2020991003397,2020,991003397,3,4,0,17,19,4,8,0,0,0,0,0,0,0,3,1,5,6,1,29,6,249,1,16,-1,3,-1,0,-1
2020440440685,2020,440440685,1,9,0,17,19,2,7,0,0,0,0,0,0,0,3,1,6,6,1,21,5,999,1,3,-1,10,E01017063,0,-1
2020530957476,2020,530957476,2,9,0,14,14,8,4,0,0,0,0,0,0,0,3,1,6,6,2,56,9,999,1,2,-1,10,E01022220,0,-1
2020010253530,2020,010253530,2,9,0,5,5,3,7,0,0,0,0,0,0,0,1,1,6,6,2,90,11,999,1,2,-1,5,E01002693,0,-1
2020140952986,2020,140952986,2,9,0,15,15,4,8,0,0,8,0,0,1,0,3,1,2,2,1,71,10,999,1,3,-1,10,E01008044,0,-1
2020302001673,2020,302001673,1,9,0,18,19,2,6,0,0,3,0,0,0,0,0,1,6,6,2,34,6,999,1,2,-1,2,E01008029,0,-1
2020010274373,2020,010274373,2,5,0,18,19,3,7,0,0,1,0,0,0,0,1,1,6,6,1,16,4,660,1,7,-1,5,E01002481,0,-1
202031B068420,2020,31B068420,2,5,0,13,13,5,1,0,0,1,1,0,0,0,1,1,2,2,1,21,5,660,1,14,-1,7,E01019539,0,-1
2020350923619,2020,350923619,1,3,0,4,4,3,7,0,0,1,1,0,0,0,1,1,2,2,1,26,6,321,1,3,-1,8,E01017966,0,-1
2020160918170,2020,160918170,2,5,0,18,19,7,3,0,0,1,0,0,0,0,1,1,6,6,1,19,4,660,1,14,-1,5,E01012937,0,-1
2020440022577,2020,440022577,1,4,0,13,13,2,6,0,0,2,0,0,0,0,1,1,6,6,2,32,6,321,1,2,-1,4,E01022973,0,-1
2020552000600,2020,552000600,2,5,0,3,3,2,6,0,0,1,0,0,0,0,1,1,6,6,1,58,9,660,1,12,-1,9,E01015463,0,-1
2020100971052,2020,100971052,1,4,0,18,19,5,1,0,0,0,2,10,0,0,4,1,6,6,1,22,5,321,1,3,-1,-1,-1,0,-1
2020010262671,2020,010262671,2,4,0,18,19,6,2,0,0,2,0,0,0,0,1,1,6,6,1,29,6,321,1,1,-1,3,E01001371,0,-1
2020450984757,2020,450984757,1,4,0,18,19,2,6,0,0,0,1,0,0,0,4,1,5,6,2,40,7,321,1,0,-1,9,E01030760,0,-1
2020470980583,2020,470980583,1,5,0,18,19,3,7,0,0,0,1,0,0,0,0,1,1,1,1,40,7,897,1,7,-1,8,E01020963,0,-1
2020522003029,2020,522003029,1,97,0,18,19,4,8,0,0,8,0,0,0,0,1,1,6,6,1,57,9,650,1,21,-1,-1,-1,0,-1
2020991010130,2020,991010130,2,3,0,14,14,7,3,0,0,0,0,0,0,0,1,1,6,6,1,47,8,124,1,17,-1,5,-1,0,-1
2020010284881,2020,010284881,2,5,0,18,19,6,2,2,2,8,2,0,0,0,4,1,2,2,1,39,7,695,1,13,-1,1,E01003515,0,-1
2020030943552,2020,030943552,1,8,0,5,5,2,6,0,0,0,0,0,0,0,1,1,5,6,1,51,8,1499,2,2,-1,1,E01019193,0,-1
2020420945151,2020,420945151,2,9,0,2,2,0,0,6,6,0,0,0,0,0,1,1,6,6,1,37,7,1392,1,30,-1,8,E01021995,0,-1
202054A151520,2020,54A151520,1,5,0,1,1,8,4,0,0,0,1,0,8,11,1,1,6,6,1,66,10,499,1,19,-1,9,E01032052,0,-1
2020450965535,2020,450965535,2,4,0,18,19,7,3,0,0,0,2,0,0,0,1,1,5,6,1,22,5,499,1,22,-1,4,E01030551,0,-1
2020522004755,2020,522004755,2,5,0,3,3,5,1,0,0,8,0,0,0,0,1,1,6,6,2,33,6,499,1,19,-1,4,E01014590,0,-1
2020470932988,2020,470932988,2,4,0,17,19,5,2,0,0,1,0,0,0,0,1,1,2,2,1,35,6,499,1,18,-1,4,E01031547,0,-1
2020010234226,2020,010234226,1,4,0,18,19,3,7,0,0,1,0,0,0,0,1,1,6,6,1,23,5,499,1,17,-1,3,E01001637,0,-1
2020500943237,2020,500943237,2,4,0,18,19,1,5,0,0,1,0,0,0,0,1,1,5,6,1,29,6,499,1,21,-1,9,E01019998,0,-1
2020530964680,2020,530964680,2,4,0,14,14,5,1,0,0,0,2,0,0,0,0,1,1,1,1,48,8,499,1,18,-1,1,E01022329,0,-1
2020990969991,2020,990969991,1,9,0,17,19,3,7,0,0,1,0,0,0,0,3,1,1,1,2,45,7,1998,1,10,HONDA CIVIC,4,-1,0,-1
2020122001291,2020,122001291,1,9,0,14,14,3,7,0,0,0,0,0,0,0,1,1,6,6,1,52,8,1590,1,17,HONDA CIVIC,2,E01033067,0,-1
2020501015737,2020,501015737,1,9,0,1,1,1,7,8,6,0,0,0,0,0,3,1,5,6,2,47,8,2204,2,12,HONDA CIVIC,4,E01020321,0,-1
2020302000933,2020,302000933,2,9,0,5,5,1,5,9,9,0,0,0,0,0,0,1,6,6,2,25,5,1798,1,5,HONDA CIVIC,1,E01013885,0,-1
2020430212617,2020,430212617,2,9,0,4,4,1,5,0,0,0,0,0,0,0,2,1,6,6,2,30,6,1799,1,13,HONDA CIVIC,5,E01016374,0,-1
2020522004384,2020,522004384,1,9,0,18,19,2,6,0,0,8,0,0,0,0,1,1,6,6,2,41,7,1590,1,15,HONDA CIVIC,7,E01014577,0,-1
2020100958105,2020,100958105,3,9,0,5,5,8,4,0,0,4,0,0,0,0,2,1,6,6,1,44,7,1799,1,12,HONDA CIVIC,6,E01008453,0,-1
2020200947161,2020,200947161,2,9,0,18,19,6,2,0,0,0,0,0,0,0,1,1,1,1,1,38,7,2204,2,12,HONDA CIVIC,1,E01009500,0,-1
2020230923981,2020,230923981,1,9,0,9,9,6,4,0,0,5,0,0,0,0,4,1,5,6,2,34,6,988,1,2,HONDA CIVIC,7,E01016341,0,-1
2020360958236,2020,360958236,1,9,-1,18,19,2,6,0,0,0,0,0,0,0,1,1,5,6,1,87,11,1590,1,19,HONDA CIVIC,7,E01026914,0,-1
2020470983438,2020,470983438,1,9,0,9,9,8,5,0,0,8,0,0,0,0,3,1,6,6,1,53,8,1998,1,15,HONDA CIVIC,10,E01030965,0,-1
202063A017620,2020,63A017620,2,9,0,4,4,8,4,0,0,0,0,0,0,0,2,1,6,6,1,61,9,1590,1,23,HONDA CIVIC,7,W01000545,0,-1
2020440230397,2020,440230397,2,9,0,9,9,5,3,0,0,8,0,0,0,0,3,1,6,6,3,-1,-1,2199,2,8,HONDA CIVIC,-1,-1,0,-1
2020010247751,2020,010247751,2,9,0,1,1,2,6,0,0,0,0,0,0,0,3,1,6,6,1,35,6,1339,1,14,HONDA CIVIC,7,E01001890,0,-1
202006E167404,2020,06E167404,1,9,0,9,9,1,6,0,0,8,0,0,0,0,4,1,6,6,1,34,6,2204,2,14,HONDA CIVIC,3,E01006145,0,-1
2020040928801,2020,040928801,3,9,0,18,19,1,5,0,0,0,0,0,0,0,2,1,5,6,2,45,7,1590,1,19,HONDA CIVIC,3,E01004887,0,-1
2020010255686,2020,010255686,2,9,0,99,99,9,9,99,99,9,9,99,9,99,1,9,6,6,3,25,5,1799,1,10,HONDA CIVIC,3,E01001366,0,-1
202054B908720,2020,54B908720,1,9,0,18,19,8,4,0,0,1,0,0,7,0,1,1,2,2,1,53,8,2204,2,14,HONDA CIVIC,7,E01031979,0,-1
2020622000672,2020,622000672,1,9,0,16,19,6,8,0,0,8,0,0,0,0,1,1,6,6,1,39,7,2204,2,13,HONDA CIVIC,6,W01000916,0,-1
2020470936677,2020,470936677,2,9,0,18,19,1,5,0,0,0,1,0,5,0,4,1,6,6,2,31,6,2204,2,10,HONDA CIVIC,7,E01016903,0,-1
2020610044820,2020,610044820,2,9,0,13,13,5,1,0,0,2,0,0,0,0,4,1,6,6,1,26,6,1799,1,14,HONDA CIVIC,1,W01001519,0,-1
2020030980478,2020,030980478,2,9,0,18,19,1,5,0,0,0,1,11,0,0,1,1,5,6,1,54,8,988,1,1,HONDA CIVIC,3,E01027245,0,-1
2020010234743,2020,010234743,1,9,0,1,1,1,5,0,0,1,0,0,0,0,2,1,6,6,1,41,7,2204,2,13,HONDA CIVIC,2,E01023860,0,-1
2020400977481,2020,400977481,1,9,0,18,19,4,8,0,0,1,0,0,0,0,1,1,6,6,1,19,4,1396,1,22,HONDA CIVIC,3,E01017596,0,-1
2020010246168,2020,010246168,2,9,0,9,9,7,6,0,0,1,0,0,0,0,2,1,6,6,1,29,6,1339,1,12,HONDA CIVIC,4,E01033579,0,-1
2020210952441,2020,210952441,3,9,0,3,3,3,-1,0,0,1,0,0,0,0,-1,1,6,6,1,59,9,1686,2,15,HONDA CIVIC,1,E01014287,0,-1
2020010256278,2020,010256278,1,9,0,99,99,9,9,0,0,1,9,0,0,99,2,9,6,6,1,52,8,1799,1,11,HONDA CIVIC,2,E01003622,0,-1
202006A269070,2020,06A269070,2,9,0,9,9,2,8,0,0,8,0,0,0,0,4,1,6,6,1,43,7,1597,2,4,HONDA CIVIC,4,E01005994,0,-1
2020470972812,2020,470972812,1,9,0,9,9,4,1,0,0,4,0,0,0,0,1,1,6,6,1,23,5,1396,1,20,HONDA CIVIC,9,E01031727,0,-1
2020500991834,2020,500991834,2,9,0,3,3,1,5,0,0,1,0,0,0,0,2,1,5,6,1,29,6,1996,1,5,HONDA CIVIC,5,E01019060,0,-1
2020440156803,2020,440156803,2,9,0,5,5,5,1,0,0,1,0,0,0,0,1,1,6,6,1,-1,-1,1396,1,18,HONDA CIVIC,-1,-1,0,-1
2020220967879,2020,220967879,1,9,0,16,19,2,5,0,0,0,0,10,0,0,1,1,5,6,2,25,5,2204,2,13,HONDA CIVIC,8,W01000467,0,-1
2020052001837,2020,052001837,2,9,0,2,2,0,0,0,0,0,0,0,0,0,2,1,6,6,3,-1,-1,1339,1,10,HONDA CIVIC,-1,-1,0,-1
2020201014163,2020,201014163,1,9,0,5,5,8,5,0,0,6,0,0,0,0,1,1,6,6,1,92,11,1590,1,15,HONDA CIVIC,4,E01032537,0,-1
2020070044245,2020,070044245,5,9,0,3,3,6,2,0,0,0,0,0,0,0,2,1,1,1,2,61,9,1339,1,6,HONDA CIVIC,-1,-1,0,-1
2020350926081,2020,350926081,1,9,0,16,19,2,5,0,0,4,0,0,0,0,1,1,2,2,2,54,8,1339,1,4,HONDA CIVIC,7,E01015686,0,-1
2020500981832,2020,500981832,2,9,0,18,19,3,7,0,0,0,0,0,0,0,2,1,6,6,2,35,6,2204,2,14,HONDA CIVIC,5,E01019065,0,-1
2020010269373,2020,010269373,2,9,0,99,99,9,9,99,99,0,9,99,9,99,1,9,6,6,3,-1,-1,988,1,2,HONDA CIVIC,-1,-1,0,-1
2020220984418,2020,220984418,2,9,0,18,19,4,8,0,0,8,1,0,1,0,1,1,5,6,1,20,4,1595,1,21,HONDA CIVIC,8,E01014111,0,-1
2020230966596,2020,230966596,1,9,0,18,19,2,5,0,0,0,0,10,1,4,1,1,2,2,1,56,9,1597,2,4,HONDA CIVIC,6,E01031234,0,-1
2020430218744,2020,430218744,1,9,0,18,19,7,3,0,0,4,0,0,0,0,1,1,6,6,1,39,7,1339,1,9,HONDA CIVIC,7,E01028484,0,-1
2020010249166,2020,010249166,1,9,9,99,99,9,9,99,99,0,9,99,9,99,9,9,6,6,1,37,7,1590,1,15,HONDA CIVIC,5,E01000979,0,-1
2020070404739,2020,070404739,1,9,0,18,19,5,1,0,0,8,0,0,0,0,1,1,6,6,1,50,8,1590,1,16,HONDA CIVIC,2,E01012482,0,-1
2020010228739,2020,010228739,2,9,0,5,5,5,1,0,0,8,0,0,0,0,1,1,6,6,1,52,8,1396,1,16,HONDA CIVIC,4,E01001259,0,-1
202031B056520,2020,31B056520,1,9,0,18,19,1,5,0,0,4,2,7,0,0,1,1,6,6,1,30,6,1493,1,24,HONDA CIVIC,2,E01028334,0,-1
2020210983898,2020,210983898,1,9,0,18,19,7,3,0,0,0,0,0,0,0,1,1,6,6,1,58,9,1998,1,10,HONDA CIVIC,10,E01029709,0,-1
2020460947193,2020,460947193,1,9,0,18,19,1,5,0,0,4,0,0,0,0,3,1,6,6,1,58,9,1590,1,21,HONDA CIVIC,9,E01024849,0,-1
2020010283128,2020,010283128,1,9,0,18,19,3,7,0,0,1,0,0,0,0,3,1,6,6,1,35,6,1590,1,17,HONDA CIVIC,5,E01004616,0,-1
2020440389576,2020,440389576,1,9,0,18,19,8,4,0,0,8,0,0,0,0,1,1,2,2,1,39,7,1396,1,17,HONDA CIVIC,4,E01031453,0,-1
20201379T0939,2020,1379T0939,2,9,0,18,19,6,2,0,0,6,0,0,0,0,4,1,6,6,1,70,10,1597,2,7,HONDA CIVIC,5,E01011500,0,-1
2020990994422,2020,990994422,1,9,0,18,19,7,3,0,0,8,0,0,0,0,1,1,6,6,2,26,6,2204,2,13,HONDA CIVIC,5,-1,0,-1
2020610012620,2020,610012620,1,9,0,18,19,7,3,0,0,1,0,0,0,0,3,1,6,6,1,23,5,1590,1,25,HONDA CIVIC,6,W01001535,0,-1
2020440470218,2020,440470218,1,9,0,17,19,7,5,0,0,0,0,0,1,4,1,1,6,6,1,22,5,1396,1,17,HONDA CIVIC,7,E01030502,0,-1
2020440085663,2020,440085663,2,9,0,2,2,0,0,0,0,0,0,0,0,0,2,1,6,6,2,36,7,1799,1,13,HONDA CIVIC,2,E01017139,0,-1
2020460949493,2020,460949493,4,9,0,2,2,5,1,0,0,0,0,0,0,0,2,1,5,6,2,46,8,1590,1,15,HONDA CIVIC,6,E01024163,0,-1
2020531008599,2020,531008599,2,9,0,3,3,2,6,0,0,1,0,0,0,0,2,1,2,2,1,53,8,2204,2,13,HONDA CIVIC,8,E01032195,0,-1
2020522000459,2020,522000459,1,9,0,5,5,7,3,0,0,0,0,0,0,0,1,1,6,6,1,30,6,1339,1,13,HONDA CIVIC,7,E01014402,0,-1
2020041004279,2020,041004279,2,9,0,18,19,6,2,0,0,1,0,0,0,0,1,1,2,2,2,50,8,1799,1,11,HONDA CIVIC,-1,-1,0,-1
2020010243415,2020,010243415,3,9,0,2,2,0,0,0,0,0,0,0,0,0,1,1,6,6,3,-1,-1,1590,1,15,HONDA CIVIC,-1,-1,0,-1
2020122100037,2020,122100037,1,9,0,10,10,7,3,0,0,1,0,0,0,0,2,1,3,7,2,36,7,2204,2,14,HONDA CIVIC,4,E01027710,0,-1
2020470935342,2020,470935342,1,9,0,17,19,5,7,0,0,0,0,0,1,2,1,1,5,6,2,75,10,1597,2,6,HONDA CIVIC,6,E01032833,0,-1
202006P271881,2020,06P271881,2,9,0,2,2,0,0,0,0,0,0,0,0,0,2,1,6,6,1,36,7,1998,1,15,HONDA CIVIC,-1,-1,0,-1
2020010234346,2020,010234346,2,9,0,7,7,5,7,0,0,1,0,0,0,0,1,1,6,6,3,-1,-1,1339,8,13,HONDA CIVIC,-1,-1,0,-1
2020010248531,2020,010248531,2,9,0,9,9,3,1,0,0,8,9,0,0,99,4,9,6,6,1,-1,-1,1799,1,15,HONDA CIVIC,-1,-1,0,-1
2020520004471,2020,520004471,1,9,0,4,4,6,2,0,0,0,0,0,0,0,2,1,6,6,1,47,8,1998,1,11,HONDA CIVIC,8,E01032630,0,-1
2020522100728,2020,522100728,1,9,0,3,3,2,6,0,0,8,0,0,0,0,3,1,6,6,1,27,6,1590,1,18,HONDA CIVIC,4,E01014485,0,-1
2020501003059,2020,501003059,2,9,0,18,19,2,6,0,0,3,0,0,0,0,1,1,6,6,2,26,6,1799,1,14,HONDA CIVIC,5,E01020101,0,-1
2020610010420,2020,610010420,1,9,0,5,5,5,1,0,0,2,0,0,0,0,3,1,6,6,1,27,6,1597,2,8,HONDA CIVIC,7,W01001943,0,-1
2020040947635,2020,040947635,1,9,0,13,13,5,1,0,0,0,2,0,0,0,1,1,5,6,1,77,11,1396,1,16,HONDA CIVIC,1,E01025297,0,-1
202031A122620,2020,31A122620,1,9,0,18,19,6,2,0,0,8,5,0,1,0,1,1,6,6,1,25,5,1339,1,11,HONDA CIVIC,4,E01027982,0,-1
2020010285151,2020,010285151,1,9,0,18,19,2,6,0,0,0,0,0,0,0,1,1,6,6,1,32,6,1998,1,16,HONDA CIVIC,9,E01030636,0,-1
202031A159620,2020,31A159620,1,9,0,9,9,1,8,0,0,5,0,0,0,0,1,1,6,6,1,59,9,2204,2,13,HONDA CIVIC,1,E01028256,0,-1
2020010252004,2020,010252004,2,9,0,9,9,6,4,0,0,0,0,0,0,0,1,1,6,6,1,33,6,1590,1,16,HONDA CIVIC,4,E01000503,0,-1
2020542972620,2020,542972620,1,9,0,18,19,1,5,0,0,0,0,0,0,0,3,1,6,6,1,35,6,1799,1,11,HONDA CIVIC,3,E01015477,0,-1
2020210973431,2020,210973431,2,9,0,18,19,4,8,0,0,1,0,0,0,0,1,1,6,6,1,38,7,1597,2,5,HONDA CIVIC,8,E01014258,0,-1
2020220981662,2020,220981662,1,9,0,4,4,7,3,0,0,1,0,0,0,0,1,1,5,6,1,44,7,988,1,1,HONDA CIVIC,5,E01032196,0,-1
2020160938395,2020,160938395,1,9,0,18,19,3,7,0,0,0,0,0,0,0,4,1,6,6,3,32,6,1998,1,15,HONDA CIVIC,1,E01012844,0,-1
2020010285693,2020,010285693,2,9,0,3,3,4,8,0,0,1,0,0,1,0,1,1,6,6,1,41,7,1339,1,12,HONDA CIVIC,10,E01002195,0,-1
2020137AM1036,2020,137AM1036,1,9,0,18,19,3,7,0,0,0,0,0,0,0,4,1,6,6,1,25,5,1597,2,2,HONDA CIVIC,-1,-1,0,-1
2020010271137,2020,010271137,2,9,0,99,99,9,9,99,99,9,9,99,9,99,9,9,6,6,3,37,7,1597,2,2,HONDA CIVIC,6,E01001989,0,-1
2020340W03572,2020,340W03572,2,9,0,11,11,1,5,0,0,0,0,0,0,0,2,1,1,1,1,55,8,1597,2,1,HONDA CIVIC,4,E01027061,0,-1
2020100921843,2020,100921843,3,9,0,2,2,1,5,0,0,0,0,4,0,0,2,1,2,2,1,35,6,2204,2,12,HONDA CIVIC,-1,-1,0,-1
2020010241887,2020,010241887,1,9,0,18,19,7,3,0,0,0,0,0,1,5,1,1,6,6,2,79,11,1339,8,13,HONDA CIVIC,5,E01002626,0,-1
2020137CA1029,2020,137CA1029,3,9,0,3,3,0,0,0,0,1,0,0,0,0,1,1,6,6,2,55,8,1597,2,5,HONDA CIVIC,3,E01007363,0,-1
2020990978323,2020,990978323,2,9,0,18,19,3,7,0,0,8,0,0,0,0,1,1,6,6,1,42,7,1996,1,1,HONDA CIVIC,6,-1,0,-1
2020010267516,2020,010267516,1,9,0,18,19,7,3,0,0,0,0,0,0,0,2,1,6,6,2,41,7,1998,1,16,HONDA CIVIC,-1,-1,0,-1
2020041001568,2020,041001568,1,9,0,18,19,5,1,0,0,0,0,0,0,0,3,1,6,6,1,36,7,2204,2,14,HONDA CIVIC,6,E01012616,0,-1
2020990941440,2020,990941440,1,9,0,6,6,2,2,8,6,0,0,0,0,0,3,1,5,6,1,41,7,1396,1,20,HONDA CIVIC,9,-1,0,-1
2020070142238,2020,070142238,2,9,0,8,8,3,7,0,0,7,0,0,0,0,1,1,6,6,1,33,6,2204,2,13,HONDA CIVIC,3,E01018497,0,-1
2020400975349,2020,400975349,2,9,0,3,3,1,5,0,0,0,0,0,0,0,2,1,6,6,2,43,7,988,1,0,HONDA CIVIC,2,E01015737,0,-1
2020010246013,2020,010246013,2,9,0,18,19,5,1,0,0,1,0,0,0,0,1,1,6,6,3,-1,-1,1590,1,18,HONDA CIVIC,-1,-1,0,-1
2020200960821,2020,200960821,3,9,0,2,2,0,0,0,0,1,0,0,0,0,2,1,6,6,3,-1,-1,1590,1,16,HONDA CIVIC,-1,-1,0,-1
20201373G0393,2020,1373G0393,1,9,0,18,19,5,1,0,0,0,0,0,1,0,1,1,6,6,1,61,9,1799,1,11,HONDA CIVIC,6,E01010685,0,-1
2020410997582,2020,410997582,1,9,0,5,5,1,5,0,0,8,0,0,0,0,1,1,6,6,1,-1,-1,2204,2,14,HONDA CIVIC,-1,-1,0,-1
2020549520420,2020,549520420,1,9,0,7,7,8,3,0,0,0,1,0,0,4,1,1,6,6,1,34,6,1590,1,21,HONDA CIVIC,9,E01032043,0,-1
2020450942828,2020,450942828,3,9,0,17,19,3,7,0,0,0,1,0,0,0,1,1,1,1,2,24,5,1339,1,11,HONDA CIVIC,8,E01030592,0,-1
20201378S1516,2020,1378S1516,1,9,0,18,19,5,2,0,0,0,2,0,1,0,1,1,6,6,1,25,5,1590,1,16,HONDA CIVIC,1,E01011725,0,-1
2020360945186,2020,360945186,2,9,0,18,19,8,4,0,0,1,0,0,0,0,4,1,1,1,1,49,8,1597,2,7,HONDA CIVIC,9,E01026933,0,-1
2020542884620,2020,542884620,1,9,0,18,19,3,7,0,0,0,0,0,0,0,1,1,6,6,2,34,6,1590,1,17,HONDA CIVIC,9,E01031953,0,-1
2020040968931,2020,040968931,2,9,0,18,19,2,6,0,0,8,0,0,0,0,1,1,5,6,1,58,9,1590,1,16,HONDA CIVIC,2,E01024881,0,-1
2020471010994,2020,471010994,2,9,0,18,19,1,5,0,0,1,0,0,0,0,0,1,6,6,1,59,9,2199,2,7,HONDA CIVIC,6,E01031499,0,-1
2020410936278,2020,410936278,1,9,0,18,19,3,7,0,0,0,0,0,0,0,1,1,6,6,1,37,7,2204,2,12,HONDA CIVIC,-1,-1,0,-1
2020520002526,2020,520002526,1,9,0,18,19,5,1,0,0,0,0,0,0,0,1,1,6,6,3,-1,-1,2204,2,14,HONDA CIVIC,-1,-1,0,-1
2020010250404,2020,010250404,1,9,0,18,19,3,7,0,0,2,0,0,0,0,4,1,6,6,1,31,6,1590,1,16,HONDA CIVIC,3,E01004317,0,-1
2020450955671,2020,450955671,1,9,0,18,19,6,2,0,0,0,0,0,0,0,4,1,5,6,1,26,6,1498,1,2,HONDA CIVIC,10,E01030365,0,-1
202006A268245,2020,06A268245,1,9,0,5,5,3,7,0,0,1,0,0,0,0,1,1,6,6,2,39,7,988,1,2,HONDA CIVIC,2,E01004994,0,-1
2020351005598,2020,351005598,1,9,0,18,19,6,2,0,0,0,0,0,0,0,4,1,1,1,2,35,6,1799,1,14,HONDA CIVIC,9,E01015681,0,-1
2020470955633,2020,470955633,1,9,0,18,19,1,5,0,0,0,0,0,0,0,2,1,5,6,2,61,9,1799,1,13,HONDA CIVIC,10,E01031487,0,-1
2020200939695,2020,200939695,4,9,0,2,2,0,0,0,0,0,0,0,0,0,4,1,6,6,2,43,7,1339,1,14,HONDA CIVIC,1,E01010129,0,-1
202006L174536,2020,06L174536,1,8,0,18,19,3,7,0,0,0,0,11,0,0,1,1,1,1,1,44,7,1597,2,6,-1,5,E01006355,0,-1
2020200997883,2020,200997883,1,9,0,18,19,2,6,0,0,1,0,0,0,0,1,1,6,6,1,39,7,1590,1,15,HONDA CIVIC,1,E01033633,0,-1
2020440421126,2020,440421126,3,9,0,18,19,1,5,0,0,8,0,0,0,0,1,1,6,6,1,69,10,1396,1,20,HONDA CIVIC,1,E01017118,0,-1
2020421005870,2020,421005870,2,9,0,17,19,4,8,0,0,1,0,0,0,0,1,1,2,2,2,35,6,2204,2,14,HONDA CIVIC,7,E01015955,0,-1
20201375O0721,2020,1375O0721,1,9,0,7,7,3,1,0,0,3,0,0,0,0,3,1,6,6,2,26,6,1339,1,12,HONDA CIVIC,1,E01008102,0,-1
2020522002091,2020,522002091,2,9,0,9,9,1,7,0,0,0,0,0,0,0,4,1,6,6,1,76,11,1799,1,14,HONDA CIVIC,1,E01014516,0,-1
2020400979002,2020,400979002,1,9,0,5,5,5,2,0,0,8,0,0,0,0,1,1,6,6,2,44,7,1590,1,16,HONDA CIVIC,4,E01017579,0,-1
2020041020052,2020,041020052,2,9,0,18,19,7,3,0,0,0,1,0,0,0,1,1,6,6,2,59,9,1590,1,22,HONDA CIVIC,4,E01025300,0,-1
2020522100677,2020,522100677,2,9,0,2,2,0,0,0,0,0,0,0,0,0,3,1,6,6,1,39,7,1798,1,4,HONDA CIVIC,4,E01014576,0,-1
2020350968294,2020,350968294,1,9,0,18,19,5,1,0,0,0,1,0,0,0,1,1,5,6,2,24,5,2204,2,11,HONDA CIVIC,6,E01018106,0,-1
2020440009039,2020,440009039,2,9,0,7,7,7,2,0,0,8,0,0,1,2,3,1,6,6,2,70,10,2199,2,7,HONDA CIVIC,10,E01023172,0,-1
2020350998090,2020,350998090,1,9,0,9,9,1,3,0,0,1,-1,0,0,0,3,1,6,6,1,40,7,1799,1,11,HONDA CIVIC,1,E01015642,0,-1
2020010266596,2020,010266596,2,9,0,99,99,9,9,99,99,9,9,99,9,99,9,9,6,6,3,-1,-1,1396,1,17,HONDA CIVIC,5,E01004515,0,-1
2020520100528,2020,520100528,2,9,0,2,2,0,0,0,0,0,0,0,0,0,3,1,6,6,1,36,7,1998,1,13,HONDA CIVIC,3,E01029202,0,-1
2020370982808,2020,370982808,1,9,0,9,9,3,1,0,0,1,0,0,0,0,1,1,5,6,1,73,10,1597,2,3,HONDA CIVIC,7,E01030096,0,-1
202006P274288,2020,06P274288,1,9,0,18,19,6,2,0,0,8,0,0,0,7,1,1,6,6,1,30,6,1396,1,16,HONDA CIVIC,-1,-1,0,-1
2020100967313,2020,100967313,2,9,0,18,19,7,3,0,0,0,0,0,0,0,2,1,6,6,2,42,7,2204,2,13,HONDA CIVIC,1,E01008333,0,-1
20201376C0774,2020,1376C0774,2,9,0,18,19,4,8,0,0,1,0,0,0,0,3,1,6,6,1,28,6,1998,1,18,HONDA CIVIC,-1,-1,0,-1
2020440033423,2020,440033423,1,9,0,18,19,6,2,0,0,0,0,0,0,0,4,1,6,6,2,74,10,1396,1,17,HONDA CIVIC,10,E01023000,0,-1
2020501007403,2020,501007403,2,9,0,2,2,0,0,0,0,0,0,0,0,0,3,1,3,7,2,36,7,1396,1,17,HONDA CIVIC,1,E01015263,0,-1
2020010276957,2020,010276957,2,9,0,18,19,7,3,0,0,0,0,0,0,0,3,1,6,6,2,58,9,1799,1,14,HONDA CIVIC,2,E01003508,0,-1
2020200963599,2020,200963599,1,9,0,18,19,4,8,0,0,0,1,10,7,4,1,1,6,6,3,30,6,1799,1,14,HONDA CIVIC,-1,-1,0,-1
2020350985144,2020,350985144,2,9,0,18,19,5,1,0,0,0,0,0,0,0,1,1,2,2,1,30,6,2204,2,13,HONDA CIVIC,9,E01018299,0,-1
2020010257781,2020,010257781,1,9,0,9,9,3,8,0,0,6,0,0,0,0,1,2,6,6,1,29,6,1996,1,4,HONDA CIVIC,6,E01002295,0,-1