collision_index,collision_year,collision_ref_no,vehicle_reference,vehicle_type,towing_and_articulation,vehicle_manoeuvre_historic,vehicle_manoeuvre,vehicle_direction_from,vehicle_direction_to,vehicle_location_restricted_lane_historic,vehicle_location_restricted_lane,junction_location,skidding_and_overturning,hit_object_in_carriageway,vehicle_leaving_carriageway,hit_object_off_carriageway,first_point_of_impact,vehicle_left_hand_drive,journey_purpose_of_driver_historic,journey_purpose_of_driver,sex_of_driver,age_of_driver,age_band_of_driver,engine_capacity_cc,propulsion_code,age_of_vehicle,generic_make_model,driver_imd_decile,lsoa_of_driver,escooter_flag,driver_distance_banding
2020010257080,2020,010257080,1,9,0,99,99,9,9,99,99,2,9,99,9,99,2,9,2,2,1,39,7,988,1,3,HONDA CIVIC,2,E01003731,0,-1
2020461001968,2020,461001968,1,9,0,7,7,2,4,0,0,1,0,0,0,0,1,1,6,6,1,-1,-1,2204,2,12,HONDA CIVIC,4,E01024162,0,-1
2020100933978,2020,100933978,2,9,0,4,4,7,3,0,0,0,0,0,0,0,2,1,5,6,2,23,5,1590,1,16,HONDA CIVIC,3,E01000506,0,-1
2020201023268,2020,201023268,2,9,0,10,10,4,1,0,0,8,0,0,0,0,0,1,6,6,1,-1,-1,1597,2,4,HONDA CIVIC,-1,-1,0,-1
2020440099107,2020,440099107,1,9,0,17,19,3,7,0,0,0,0,0,1,4,4,1,6,6,1,81,11,1590,1,17,HONDA CIVIC,2,E01017253,0,-1
2020990996330,2020,990996330,2,9,0,18,19,2,7,0,0,8,2,0,1,11,1,1,2,2,1,25,5,1998,1,15,HONDA CIVIC,9,-1,0,-1
2020010274894,2020,010274894,2,9,9,99,99,9,9,99,99,9,9,99,9,99,9,9,6,6,3,-1,-1,1600,8,14,HONDA CIVIC,-1,-1,0,-1
2020010264529,2020,010264529,1,9,0,3,3,3,7,0,0,1,0,0,0,0,2,1,2,2,1,40,7,1798,1,5,HONDA CIVIC,6,E01003002,0,-1
2020990987150,2020,990987150,2,9,0,16,19,6,2,0,0,0,0,0,0,0,1,1,5,6,2,20,4,1339,1,12,HONDA CIVIC,2,-1,0,-1
2020990946953,2020,990946953,1,9,0,17,19,1,6,0,0,0,0,0,0,0,1,1,6,6,1,22,5,1998,1,16,HONDA CIVIC,9,-1,0,-1
2020470939689,2020,470939689,1,9,0,9,9,2,6,0,0,2,0,0,0,0,1,1,6,6,1,36,7,1339,8,11,HONDA CIVIC,8,E01031603,0,-1
2020220941625,2020,220941625,1,9,0,18,19,2,6,0,0,8,0,0,7,11,1,1,5,6,1,20,4,1590,1,17,HONDA CIVIC,8,E01014111,0,-1
2020501007442,2020,501007442,1,9,0,16,19,4,8,0,0,0,0,0,0,0,1,1,6,6,1,30,6,1339,1,16,HONDA CIVIC,6,E01015252,0,-1
2020170M31380,2020,170M31380,1,9,0,4,4,2,6,0,0,0,0,0,0,0,2,1,6,6,1,41,7,1597,2,6,HONDA CIVIC,1,E01011989,0,-1
202031B164220,2020,31B164220,2,9,0,18,19,1,5,0,0,0,0,0,0,0,1,1,1,1,2,34,6,1799,1,13,HONDA CIVIC,4,E01026132,0,-1
2020010240968,2020,010240968,2,9,0,99,99,9,9,99,99,0,9,99,9,99,1,9,6,6,3,-1,-1,1590,1,17,HONDA CIVIC,-1,-1,0,-1
2020010279625,2020,010279625,2,9,0,99,99,9,9,99,99,9,9,99,9,99,2,9,6,6,3,-1,-1,1396,1,17,HONDA CIVIC,-1,-1,0,-1
2020010237093,2020,010237093,1,9,0,16,19,6,2,0,0,8,0,0,0,0,1,1,6,6,1,39,7,1396,1,18,HONDA CIVIC,5,E01001520,0,-1
2020010260301,2020,010260301,2,9,0,9,9,3,1,0,0,8,0,0,0,0,0,1,6,6,2,76,11,1339,8,13,HONDA CIVIC,-1,-1,0,-1
2020210993484,2020,210993484,2,9,0,3,3,4,8,0,0,1,0,0,0,0,2,1,2,2,2,51,8,1590,1,18,HONDA CIVIC,5,E01010460,0,-1
2020010278625,2020,010278625,2,9,0,18,19,1,5,0,0,4,0,0,0,0,1,1,2,2,1,24,5,1339,1,14,HONDA CIVIC,-1,-1,0,-1
202006A172407,2020,06A172407,1,9,0,18,19,6,2,0,0,8,0,0,0,0,1,1,6,6,2,44,7,1590,1,18,HONDA CIVIC,1,E01033679,0,-1
202063C084020,2020,63C084020,1,9,0,18,19,6,2,0,0,0,0,0,0,0,1,1,1,1,1,32,6,1686,2,15,HONDA CIVIC,2,W01000600,0,-1
2020430079572,2020,430079572,1,9,0,18,19,1,6,0,0,5,0,0,0,0,1,1,6,6,2,44,7,2199,2,7,HONDA CIVIC,3,E01005079,0,-1
2020552000905,2020,552000905,1,9,0,1,1,5,1,0,0,6,0,0,0,0,2,1,6,6,2,36,7,1686,2,16,HONDA CIVIC,2,E01020582,0,-1
2020990922793,2020,990922793,1,9,0,2,2,6,2,0,0,0,5,0,0,0,1,1,2,2,1,59,9,1799,1,13,HONDA CIVIC,-1,-1,0,-1
2020350931311,2020,350931311,2,9,0,5,5,4,8,0,0,1,0,0,0,0,1,1,6,6,1,20,4,1498,1,2,HONDA CIVIC,1,E01015602,0,-1
2020302001433,2020,302001433,1,9,0,9,9,3,2,0,0,1,0,0,0,0,3,1,2,2,1,28,6,1998,1,13,HONDA CIVIC,1,E01013456,0,-1
2020400970036,2020,400970036,2,9,0,18,19,2,6,0,0,0,0,0,0,0,4,1,5,6,1,48,8,2204,2,13,HONDA CIVIC,3,E01017538,0,-1
2020122001357,2020,122001357,1,9,0,18,19,5,1,0,0,0,0,0,0,0,1,1,6,6,2,41,7,2204,2,13,HONDA CIVIC,5,E01011734,0,-1
2020451005628,2020,451005628,1,9,0,18,19,5,1,0,0,8,0,0,0,0,4,1,3,7,2,35,6,988,1,2,HONDA CIVIC,6,E01030973,0,-1
2020200979857,2020,200979857,1,9,0,18,19,2,8,0,0,3,0,0,0,0,4,1,6,6,1,20,4,1998,1,17,HONDA CIVIC,10,E01031143,0,-1
2020350966428,2020,350966428,1,9,0,18,19,3,7,5,5,0,0,7,0,0,1,1,1,1,1,-1,-1,1493,1,20,HONDA CIVIC,-1,-1,0,-1
2020041007699,2020,041007699,2,9,0,18,19,7,3,0,0,8,0,0,0,0,4,2,5,6,1,71,10,1339,1,10,HONDA CIVIC,6,E01025568,0,-1
2020010249644,2020,010249644,1,9,0,99,99,9,9,99,99,9,9,99,9,99,9,9,6,6,2,36,7,1339,8,14,HONDA CIVIC,2,E01001849,0,-1
2020302000582,2020,302000582,1,9,0,18,19,8,4,0,0,0,0,0,0,0,1,1,2,2,2,55,8,1798,1,4,HONDA CIVIC,6,E01019815,0,-1
2020400969056,2020,400969056,2,9,0,9,9,4,1,0,0,8,0,0,0,0,0,1,6,6,1,44,7,2204,2,13,HONDA CIVIC,3,E01014153,0,-1
202031B093520,2020,31B093520,1,9,0,3,3,7,3,0,0,1,0,0,0,0,2,1,2,2,1,50,8,1597,2,5,HONDA CIVIC,4,E01028017,0,-1
2020420960210,2020,420960210,3,9,0,18,19,1,5,0,0,0,0,0,0,0,3,1,5,6,2,29,6,1339,1,9,HONDA CIVIC,9,E01021229,0,-1
2020200993846,2020,200993846,2,9,0,18,19,7,3,0,0,8,0,10,1,0,4,1,6,6,1,35,6,1590,1,16,HONDA CIVIC,1,E01010530,0,-1
2020460997645,2020,460997645,2,9,0,16,19,3,1,6,6,2,0,0,7,0,4,1,2,2,1,30,6,1339,1,11,HONDA CIVIC,4,E01024086,0,-1
2020990975281,2020,990975281,2,9,0,18,19,1,5,0,0,1,0,0,0,0,3,1,6,6,1,30,6,1799,1,14,HONDA CIVIC,1,-1,0,-1
2020010252591,2020,010252591,1,9,0,99,99,9,9,99,99,9,9,99,9,99,2,9,6,6,2,26,6,1590,1,16,HONDA CIVIC,3,E01002052,0,-1
2020230954529,2020,230954529,1,9,0,18,19,1,5,0,0,0,0,6,0,0,1,1,5,6,1,32,6,1396,1,20,HONDA CIVIC,1,E01032890,0,-1
2020110920084,2020,110920084,1,9,0,9,9,1,5,0,0,8,0,0,0,0,1,1,5,6,2,29,6,1590,1,16,HONDA CIVIC,-1,-1,0,-1
2020200995076,2020,200995076,1,9,0,18,19,1,4,0,0,0,0,0,0,0,1,1,6,6,1,37,7,1799,1,12,HONDA CIVIC,1,E01009204,0,-1
2020010245418,2020,010245418,2,9,0,99,99,9,9,99,99,9,9,99,9,99,1,9,6,6,3,-1,-1,1590,1,15,HONDA CIVIC,-1,-1,0,-1
2020100958544,2020,100958544,1,9,0,2,2,7,3,0,0,8,0,0,0,0,3,1,6,6,1,36,7,1339,8,13,HONDA CIVIC,-1,-1,0,-1
202031A033820,2020,31A033820,1,9,0,18,19,8,4,0,0,6,0,0,0,0,1,1,6,6,2,34,6,1798,1,6,HONDA CIVIC,2,E01013829,0,-1
2020552000632,2020,552000632,3,9,0,2,2,0,0,0,0,0,0,0,0,0,2,1,6,6,3,-1,-1,1590,1,22,HONDA CIVIC,-1,-1,0,-1
2020360983525,2020,360983525,3,9,0,4,4,5,1,0,0,0,0,0,0,0,2,1,2,2,1,30,6,1798,1,7,HONDA CIVIC,8,E01026881,0,-1
2020040965952,2020,040965952,1,9,0,17,19,1,5,0,0,0,5,0,0,0,1,1,6,6,1,19,4,1998,1,16,HONDA CIVIC,2,E01025118,0,-1
2020302001544,2020,302001544,2,9,0,5,5,6,4,0,0,0,0,0,0,0,1,1,6,6,2,-1,-1,1498,1,1,HONDA CIVIC,4,E01019538,0,-1
20201379R1257,2020,1379R1257,2,9,0,7,7,7,3,0,0,0,0,0,0,0,1,1,6,6,2,37,7,1396,1,20,HONDA CIVIC,1,E01010800,0,-1
2020140934146,2020,140934146,2,9,0,9,9,2,7,0,0,6,0,0,0,0,4,1,6,6,2,23,5,1339,1,11,HONDA CIVIC,1,E01007729,0,-1
2020470953098,2020,470953098,1,9,0,5,5,2,7,0,0,4,0,0,0,0,1,1,5,6,2,48,8,2204,2,14,HONDA CIVIC,6,E01023855,0,-1
2020010272738,2020,010272738,1,9,0,99,99,9,9,99,99,9,9,99,9,99,9,9,6,6,1,39,7,1339,1,14,HONDA CIVIC,2,E01004252,0,-1
2020010278539,2020,010278539,1,9,0,99,99,9,9,99,99,9,9,99,9,99,2,9,6,6,1,47,8,1396,1,19,HONDA CIVIC,5,E01000593,0,-1
2020201003832,2020,201003832,2,9,0,9,9,8,6,0,0,5,0,0,0,0,3,1,6,6,3,41,7,2204,2,13,HONDA CIVIC,1,E01009061,0,-1
2020530953272,2020,530953272,2,9,0,16,19,5,8,0,0,1,0,0,0,0,-1,1,6,6,1,-1,-1,1339,1,9,HONDA CIVIC,1,E01009396,0,-1
2020040984498,2020,040984498,2,9,0,17,19,3,7,0,0,2,0,11,0,0,2,1,5,6,2,87,11,1343,1,26,HONDA CIVIC,7,E01025417,0,-1
2020137BE0531,2020,137BE0531,1,9,0,17,19,8,4,0,0,0,2,0,2,11,1,1,2,2,1,29,6,1799,1,12,HONDA CIVIC,1,E01007402,0,-1
2020010269894,2020,010269894,1,9,0,18,19,1,5,0,0,2,0,0,0,0,1,1,6,6,2,31,6,2204,2,13,HONDA CIVIC,7,E01000391,0,-1
2020010295227,2020,010295227,2,9,0,99,99,9,9,99,99,9,9,99,9,99,9,9,6,6,3,-1,-1,1799,1,13,HONDA CIVIC,-1,-1,0,-1
2020460959600,2020,460959600,3,9,0,3,3,7,3,0,0,0,0,0,0,0,2,1,6,6,2,34,6,1799,1,14,HONDA CIVIC,4,E01024090,0,-1
2020040954923,2020,040954923,2,9,0,17,19,7,3,0,0,0,0,0,0,0,1,1,6,6,2,51,8,988,1,1,HONDA CIVIC,1,E01025188,0,-1
2020302000935,2020,302000935,2,9,0,18,19,5,1,0,0,8,0,0,0,0,1,1,6,6,1,25,5,1996,1,4,HONDA CIVIC,2,E01019483,0,-1
202006G177358,2020,06G177358,2,9,0,2,2,0,0,0,0,0,0,0,0,0,2,1,6,6,1,30,6,1998,1,13,HONDA CIVIC,2,E01032920,0,-1
2020340K02452,2020,340K02452,1,9,0,18,19,5,1,0,0,1,0,0,0,0,0,1,6,6,2,33,6,1493,1,20,HONDA CIVIC,3,E01027124,0,-1
20201374G0764,2020,1374G0764,1,9,0,18,19,3,7,0,0,0,2,7,1,7,1,1,6,6,1,46,8,1595,1,28,HONDA CIVIC,2,E01011167,0,-1
2020370994055,2020,370994055,1,9,0,9,9,1,7,0,0,8,0,0,0,0,1,1,5,6,2,82,11,1396,1,16,HONDA CIVIC,9,E01030183,0,-1
2020302001644,2020,302001644,2,9,0,2,2,0,0,0,0,0,0,0,0,0,2,1,6,6,3,-1,-1,2204,2,14,HONDA CIVIC,-1,-1,0,-1
2020990955308,2020,990955308,1,9,0,18,19,3,7,0,0,1,0,0,0,0,4,1,6,6,3,30,6,1798,1,4,HONDA CIVIC,-1,-1,0,-1
2020440225685,2020,440225685,2,9,0,2,2,0,0,0,0,0,0,0,0,0,2,1,6,6,3,-1,-1,1590,1,16,HONDA CIVIC,-1,-1,0,-1
2020460938907,2020,460938907,1,9,0,4,4,5,1,0,0,1,0,0,0,0,2,1,6,6,2,78,11,1798,1,6,HONDA CIVIC,10,E01024449,0,-1
2020990915353,2020,990915353,1,9,0,16,19,1,5,0,0,0,2,0,1,0,1,1,2,2,1,38,7,1396,1,17,HONDA CIVIC,5,-1,0,-1
2020070637451,2020,070637451,1,9,0,13,13,1,5,0,0,0,0,0,0,0,1,1,2,2,1,21,5,2204,2,14,HONDA CIVIC,8,E01018616,0,-1
2020200979601,2020,200979601,2,9,0,3,3,6,2,0,0,2,0,0,0,0,2,1,2,2,1,38,7,1799,1,14,HONDA CIVIC,2,E01032538,0,-1
2020010253091,2020,010253091,2,9,0,99,99,9,9,99,99,9,9,99,9,99,9,9,6,6,3,-1,-1,1339,1,16,HONDA CIVIC,2,E01000907,0,-1
2020320079262,2020,320079262,2,9,0,18,19,1,5,0,0,1,0,0,0,0,1,1,6,6,2,44,7,1799,1,13,HONDA CIVIC,4,E01026183,0,-1
2020010263411,2020,010263411,1,9,0,18,19,8,4,0,0,0,0,0,0,0,1,1,6,6,1,20,4,1799,1,14,HONDA CIVIC,4,E01018100,0,-1
2020141005581,2020,141005581,1,9,0,18,19,5,3,0,0,0,0,0,0,0,1,1,6,6,1,60,9,2204,2,10,HONDA CIVIC,7,E01007743,0,-1
2020041004842,2020,041004842,2,9,0,18,19,1,5,0,0,1,0,0,0,0,1,1,3,7,2,28,6,1799,1,14,HONDA CIVIC,4,E01033072,0,-1
2020010241445,2020,010241445,1,9,0,3,3,2,6,0,0,7,0,0,0,0,2,1,6,6,1,27,6,1799,1,14,HONDA CIVIC,4,E01000999,0,-1
202054A011620,2020,54A011620,1,9,0,18,19,7,3,0,0,1,0,0,0,0,0,1,6,6,2,30,6,1799,1,14,HONDA CIVIC,8,E01032095,0,-1
2020460952722,2020,460952722,2,9,0,18,19,5,1,0,0,0,0,0,0,0,3,1,5,6,1,70,10,1597,2,3,HONDA CIVIC,9,E01024431,0,-1
2020040926565,2020,040926565,1,9,0,18,19,2,6,0,0,3,0,0,0,0,1,1,5,6,1,49,8,1998,1,11,HONDA CIVIC,6,E01025607,0,-1
2020340S05522,2020,340S05522,2,9,0,18,19,1,5,0,0,8,0,0,0,0,1,1,2,2,1,32,6,2204,2,14,HONDA CIVIC,8,E01016780,0,-1
2020430364582,2020,430364582,2,9,0,18,19,3,7,0,0,0,0,0,0,0,1,1,6,6,1,20,4,2204,2,11,HONDA CIVIC,7,E01028733,0,-1
2020450937718,2020,450937718,2,9,0,18,19,7,3,0,0,0,0,0,7,0,1,1,5,6,1,18,4,1396,1,22,HONDA CIVIC,10,E01030961,0,-1
2020440065105,2020,440065105,2,9,0,18,19,3,7,0,0,8,0,0,0,0,4,1,6,6,1,78,11,1597,2,4,HONDA CIVIC,5,E01023027,0,-1
2020010273647,2020,010273647,1,9,0,18,19,4,8,0,0,0,0,0,0,0,3,1,2,2,1,28,6,2204,2,13,HONDA CIVIC,-1,-1,0,-1
2020010249697,2020,010249697,2,9,0,99,99,9,9,99,99,0,9,99,9,99,1,9,6,6,3,-1,-1,1590,1,15,HONDA CIVIC,1,E01033153,0,-1
2020052002228,2020,052002228,1,9,0,1,1,1,5,0,0,0,0,0,0,0,2,1,6,6,1,33,6,1597,2,3,HONDA CIVIC,1,E01006761,0,-1
2020220923373,2020,220923373,1,9,0,18,19,1,5,0,0,0,0,0,2,7,1,1,5,6,1,57,9,1396,1,17,HONDA CIVIC,3,E01014005,0,-1
202031C076120,2020,31C076120,1,9,0,18,19,4,8,0,0,8,0,0,1,10,4,1,6,6,1,37,7,1799,1,13,HONDA CIVIC,1,E01033647,0,-1
2020990965551,2020,990965551,1,9,0,18,19,3,7,0,0,0,0,0,0,0,1,1,6,6,1,27,6,1590,1,18,HONDA CIVIC,1,-1,0,-1
2020010248706,2020,010248706,1,9,0,18,19,5,1,0,0,1,0,0,0,0,1,1,6,6,1,24,5,2204,2,13,HONDA CIVIC,5,E01000607,0,-1
2020201009680,2020,201009680,1,9,0,9,9,2,8,0,0,2,0,0,0,0,1,1,6,6,2,24,5,1339,1,14,HONDA CIVIC,10,E01022368,0,-1
2020140977438,2020,140977438,2,9,0,18,19,5,1,0,0,1,0,0,0,0,1,1,2,2,1,52,8,1597,2,7,HONDA CIVIC,5,E01007751,0,-1
2020170H10240,2020,170H10240,2,9,0,9,9,5,2,0,0,8,0,0,0,0,1,1,6,6,1,19,4,1339,1,10,HONDA CIVIC,7,E01011984,0,-1
202006L270559,2020,06L270559,1,9,0,13,13,2,6,0,0,0,5,0,0,6,1,1,6,6,2,28,6,2204,2,12,HONDA CIVIC,2,E01006267,0,-1
2020010242649,2020,010242649,1,9,0,17,19,8,4,0,0,0,0,0,1,0,2,1,2,2,1,53,8,1799,1,12,HONDA CIVIC,7,E01023579,0,-1
2020140966120,2020,140966120,1,9,0,18,19,4,5,0,0,0,0,0,0,0,4,1,5,6,1,-1,-1,1597,2,5,HONDA CIVIC,8,E01007610,0,-1
2020200937894,2020,200937894,1,9,0,3,3,1,5,0,0,0,0,0,0,0,1,1,6,6,2,50,8,1799,1,12,HONDA CIVIC,3,E01010094,0,-1
2020010262850,2020,010262850,2,9,0,6,6,5,5,0,0,0,0,0,0,0,3,1,6,6,1,22,5,1339,8,13,HONDA CIVIC,6,E01004497,0,-1
2020440450669,2020,440450669,2,9,0,18,19,6,2,0,0,8,0,0,0,0,1,1,6,6,1,39,7,1798,1,5,HONDA CIVIC,9,E01032617,0,-1
2020010246618,2020,010246618,1,9,0,2,2,0,0,0,0,1,9,0,0,99,2,9,6,6,2,28,6,1396,1,20,HONDA CIVIC,3,E01002491,0,-1
2020430052973,2020,430052973,2,9,0,18,19,7,3,0,0,0,0,0,0,0,1,1,6,6,1,21,5,988,1,2,HONDA CIVIC,5,E01017907,0,-1
2020100983052,2020,100983052,2,9,0,16,19,4,7,0,0,0,1,0,0,0,0,1,5,6,2,57,9,1339,1,8,HONDA CIVIC,9,E01008775,0,-1
2020440448655,2020,440448655,2,9,0,18,19,8,4,0,0,1,0,0,0,0,1,1,2,2,2,20,4,1396,1,17,HONDA CIVIC,7,E01031849,0,-1
2020470990927,2020,470990927,3,9,0,18,19,1,5,0,0,0,0,0,0,0,2,1,5,6,2,36,7,1590,1,15,HONDA CIVIC,2,E01021119,0,-1
2020010231432,2020,010231432,1,9,0,4,4,5,1,0,0,0,0,0,0,0,2,1,6,6,2,72,10,1590,1,17,HONDA CIVIC,7,E01002161,0,-1
2020340E05922,2020,340E05922,1,9,0,18,19,2,6,0,0,0,0,0,7,1,1,1,6,6,1,74,10,1799,1,9,HONDA CIVIC,8,E01027087,0,-1
2020440347508,2020,440347508,1,9,0,16,19,4,7,0,0,0,0,0,1,4,1,1,6,6,1,18,4,1396,1,17,HONDA CIVIC,7,E01023257,0,-1
2020200970233,2020,200970233,1,9,0,9,9,3,5,0,0,6,0,0,0,0,4,1,6,6,1,-1,-1,1799,1,14,HONDA CIVIC,-1,-1,0,-1
2020610011920,2020,610011920,2,9,0,4,4,3,8,0,0,0,0,0,0,0,2,1,3,7,1,37,7,2204,2,13,HONDA CIVIC,1,W01001473,0,-1
202031C119020,2020,31C119020,3,9,0,18,19,2,6,0,0,8,0,0,0,0,1,1,6,6,2,39,7,988,1,2,HONDA CIVIC,1,E01013958,0,-1
2020610015020,2020,610015020,2,9,0,2,2,0,0,0,0,1,0,0,0,0,2,1,6,6,1,50,8,1799,1,14,HONDA CIVIC,1,W01001326,0,-1
2020500958315,2020,500958315,1,9,0,1,1,8,3,0,0,0,0,0,0,0,2,1,5,6,1,39,7,2204,2,14,HONDA CIVIC,5,E01020191,0,-1
2020552000533,2020,552000533,1,9,0,7,7,4,6,0,0,6,0,0,0,0,1,1,3,7,2,46,8,1998,1,16,HONDA CIVIC,2,E01015384,0,-1
2020990926704,2020,990926704,5,9,0,18,19,6,2,0,0,0,0,0,1,0,1,1,2,2,1,39,7,2204,2,11,HONDA CIVIC,2,-1,0,-1
2020522005086,2020,522005086,1,9,0,18,19,1,5,0,0,0,0,0,0,0,2,1,6,6,1,38,7,2204,2,13,HONDA CIVIC,7,E01014909,0,-1
2020010276966,2020,010276966,2,9,9,99,99,9,9,99,99,9,9,99,9,99,9,9,6,6,1,65,9,1590,1,16,HONDA CIVIC,-1,-1,0,-1
2020460999160,2020,460999160,1,9,0,14,14,4,8,0,0,0,0,0,0,0,1,1,5,6,1,19,4,988,1,1,HONDA CIVIC,6,E01024700,0,-1
2020010278658,2020,010278658,1,9,0,99,99,9,9,99,99,9,9,99,9,99,9,9,6,6,1,44,7,1799,1,10,HONDA CIVIC,4,E01000029,0,-1
2020340N09042,2020,340N09042,3,9,0,2,2,0,0,0,0,0,0,0,0,0,2,1,6,6,3,-1,-1,1799,1,10,HONDA CIVIC,-1,-1,0,-1
2020010240671,2020,010240671,1,9,0,99,99,9,9,99,99,9,9,99,9,99,9,9,6,6,1,22,5,1799,1,13,HONDA CIVIC,2,E01002615,0,-1
2020221003437,2020,221003437,2,9,0,18,19,4,8,0,0,0,0,10,1,2,3,1,5,6,1,25,5,1998,1,16,HONDA CIVIC,1,E01014116,0,-1
2020010253398,2020,010253398,1,9,0,18,19,3,7,0,0,2,0,0,0,0,2,1,6,6,1,42,7,1799,1,10,HONDA CIVIC,1,E01003291,0,-1
2020140923342,2020,140923342,1,9,0,5,5,6,2,0,0,6,0,0,0,0,4,1,6,6,2,40,7,2204,2,10,HONDA CIVIC,1,E01007869,0,-1
2020010241127,2020,010241127,2,9,0,6,6,1,1,0,0,1,0,0,0,0,4,1,6,6,1,24,5,1339,8,12,HONDA CIVIC,2,E01001334,0,-1
2020170M11010,2020,170M11010,1,9,0,18,19,5,1,0,0,1,0,0,0,0,1,1,6,6,1,-1,-1,1396,1,19,HONDA CIVIC,-1,-1,0,-1
202006G173401,2020,06G173401,1,9,0,7,7,4,6,0,0,2,0,0,0,0,4,1,6,6,1,48,8,1799,1,14,HONDA CIVIC,6,E01006070,0,-1
2020010234431,2020,010234431,2,9,0,99,99,9,9,99,99,4,9,99,9,99,1,9,6,6,3,-1,-1,1998,1,13,HONDA CIVIC,-1,-1,0,-1
2020220932556,2020,220932556,1,9,0,16,19,7,2,0,0,4,1,10,3,0,1,1,5,6,1,26,6,1998,1,12,HONDA CIVIC,3,E01014104,0,-1
2020010253584,2020,010253584,1,9,0,7,7,7,8,0,0,1,0,0,0,0,4,1,6,6,2,36,7,1798,1,5,HONDA CIVIC,3,E01001287,0,-1
2020137631821,2020,137631821,1,9,0,4,4,6,2,0,0,6,0,0,0,0,1,1,6,6,1,40,7,1396,1,16,HONDA CIVIC,2,E01011043,0,-1
202006P374451,2020,06P374451,2,9,0,18,19,6,2,0,0,0,0,0,0,0,1,1,6,6,2,28,6,1339,1,12,HONDA CIVIC,2,E01005553,0,-1
2020990998419,2020,990998419,1,9,0,17,19,7,4,0,0,0,0,0,0,0,1,1,6,6,1,34,6,1998,1,16,HONDA CIVIC,3,-1,0,-1
2020010263620,2020,010263620,1,9,0,18,19,7,3,0,0,0,1,0,4,0,2,1,6,6,2,42,7,1590,1,17,HONDA CIVIC,6,E01024292,0,-1
2020201000691,2020,201000691,1,9,0,3,3,8,4,0,0,2,0,0,0,0,2,1,6,6,1,36,7,2204,2,14,HONDA CIVIC,2,E01010270,0,-1
2020110943873,2020,110943873,2,9,0,18,19,5,1,0,0,1,0,0,0,0,2,1,6,6,1,51,8,1339,1,9,HONDA CIVIC,2,E01020806,0,-1
2020200999241,2020,200999241,1,9,0,18,19,2,6,0,0,6,0,0,0,0,1,1,2,2,1,23,5,1998,1,16,HONDA CIVIC,5,E01010008,0,-1
2020200947368,2020,200947368,2,9,0,9,9,7,5,0,0,8,0,0,0,0,3,1,6,6,2,45,7,1590,1,16,HONDA CIVIC,3,E01009138,0,-1
2020201022670,2020,201022670,2,9,0,5,5,8,4,0,0,6,0,0,0,0,3,1,6,6,2,29,6,1799,1,14,HONDA CIVIC,2,E01010522,0,-1
2020010248574,2020,010248574,2,9,0,18,19,3,7,0,0,1,1,0,0,0,2,1,6,6,1,51,8,1339,1,10,HONDA CIVIC,6,E01002628,0,-1
2020451006942,2020,451006942,4,9,0,2,2,0,0,0,0,8,0,0,0,0,3,1,6,6,2,56,9,1799,1,14,HONDA CIVIC,10,E01030756,0,-1
2020010260861,2020,010260861,2,9,9,99,99,9,9,99,99,9,9,99,9,99,9,9,6,6,3,-1,-1,1339,1,10,HONDA CIVIC,-1,-1,0,-1
2020470996053,2020,470996053,1,9,0,9,9,1,7,0,0,8,0,0,0,0,1,1,5,6,1,52,8,2199,2,8,HONDA CIVIC,10,E01031682,0,-1
2020522004347,2020,522004347,1,9,0,11,11,1,4,0,0,8,0,0,0,0,3,1,6,6,1,62,9,2204,2,13,HONDA CIVIC,8,E01029296,0,-1
2020010251465,2020,010251465,1,9,0,18,19,3,7,0,0,1,0,4,0,0,1,1,6,6,3,-1,-1,1339,1,11,HONDA CIVIC,-1,-1,0,-1
2020470963809,2020,470963809,2,9,0,18,19,7,3,0,0,0,0,0,0,0,2,1,6,6,1,47,8,1339,1,10,HONDA CIVIC,8,E01031560,0,-1
2020230986328,2020,230986328,2,9,0,18,19,3,6,0,0,8,0,0,1,11,3,1,5,6,1,49,8,1597,2,4,HONDA CIVIC,4,E01031127,0,-1
2020010281330,2020,010281330,2,9,0,99,99,9,9,99,99,0,9,99,9,99,1,9,6,6,3,-1,-1,2204,2,14,HONDA CIVIC,-1,-1,0,-1
2020221011613,2020,221011613,1,9,0,18,19,2,6,0,0,8,0,0,1,0,4,1,5,6,2,49,8,1597,2,1,HONDA CIVIC,8,E01029001,0,-1
2020430227380,2020,430227380,2,9,0,18,19,3,7,0,0,8,0,0,0,0,3,1,2,2,1,36,7,1799,1,13,HONDA CIVIC,9,E01028627,0,-1
2020160935350,2020,160935350,2,9,0,12,12,5,1,0,0,0,0,0,0,0,1,1,6,6,2,52,8,1799,1,12,HONDA CIVIC,4,E01013280,0,-1
2020140937673,2020,140937673,1,9,0,18,19,3,5,0,0,0,0,0,0,0,3,1,5,6,1,51,8,2204,2,11,HONDA CIVIC,5,E01007366,0,-1
2020460978990,2020,460978990,1,9,0,16,19,7,3,0,0,1,1,0,2,10,4,1,5,6,1,39,7,1799,1,14,HONDA CIVIC,6,E01031676,0,-1
202006P171169,2020,06P171169,1,9,0,18,19,2,4,0,0,8,0,0,0,0,1,1,2,2,2,48,8,1798,1,7,HONDA CIVIC,1,E01005568,0,-1