collision_index,collision_year,collision_ref_no,vehicle_reference,vehicle_type,towing_and_articulation,vehicle_manoeuvre_historic,vehicle_manoeuvre,vehicle_direction_from,vehicle_direction_to,vehicle_location_restricted_lane_historic,vehicle_location_restricted_lane,junction_location,skidding_and_overturning,hit_object_in_carriageway,vehicle_leaving_carriageway,hit_object_off_carriageway,first_point_of_impact,vehicle_left_hand_drive,journey_purpose_of_driver_historic,journey_purpose_of_driver,sex_of_driver,age_of_driver,age_band_of_driver,engine_capacity_cc,propulsion_code,age_of_vehicle,generic_make_model,driver_imd_decile,lsoa_of_driver,escooter_flag,driver_distance_banding
2020500946988,2020,500946988,1,9,0,18,19,7,3,0,0,0,5,0,0,0,1,1,6,6,1,-1,-1,1590,1,16,HONDA CIVIC,-1,-1,0,-1
2020100982747,2020,100982747,2,9,0,5,5,1,1,0,0,1,0,0,0,0,1,1,2,2,1,34,6,2204,2,14,HONDA CIVIC,5,E01008707,0,-1
2020430004345,2020,430004345,1,9,0,18,19,2,6,0,0,4,0,0,0,0,0,1,1,1,2,37,7,1799,1,13,HONDA CIVIC,7,E01033509,0,-1
2020010264788,2020,010264788,2,9,0,99,99,9,9,99,99,9,9,99,9,99,2,9,6,6,3,-1,-1,1798,1,8,HONDA CIVIC,-1,-1,0,-1
2020010260902,2020,010260902,1,9,0,99,99,9,9,99,99,9,9,99,9,99,2,9,6,6,2,41,7,1798,1,6,HONDA CIVIC,6,E01000267,0,-1
2020070791949,2020,070791949,2,9,0,18,19,7,3,6,6,0,0,7,0,0,2,1,1,1,2,23,5,1590,1,17,HONDA CIVIC,5,E01007157,0,-1
202006P171338,2020,06P171338,1,9,0,18,19,6,2,0,0,0,0,0,0,0,1,1,6,6,1,22,5,1590,1,15,HONDA CIVIC,1,E01005585,0,-1
2020470920828,2020,470920828,2,9,0,3,3,1,5,0,0,0,0,0,0,0,2,1,6,6,1,52,8,1590,1,17,HONDA CIVIC,7,E01016929,0,-1
202006E379415,2020,06E379415,1,9,0,9,9,3,5,0,0,6,0,0,0,0,3,1,6,6,1,21,5,1590,1,15,HONDA CIVIC,-1,-1,0,-1
2020470951945,2020,470951945,3,9,0,18,19,2,6,0,0,1,0,0,0,0,0,1,6,6,1,21,5,1998,1,18,HONDA CIVIC,6,E01021145,0,-1
2020470923646,2020,470923646,1,9,0,12,12,6,2,0,0,8,0,0,0,0,3,1,2,2,2,30,6,1339,1,10,HONDA CIVIC,3,E01031787,0,-1
2020410964102,2020,410964102,2,9,0,18,19,8,4,0,0,3,5,0,0,0,4,1,6,6,2,18,4,1998,1,11,HONDA CIVIC,9,E01033191,0,-1
2020220949298,2020,220949298,1,9,0,16,19,2,5,0,0,0,0,0,0,0,1,1,1,1,2,27,6,1597,2,6,HONDA CIVIC,1,E01032318,0,-1
2020010242995,2020,010242995,1,9,0,18,19,7,3,0,0,8,0,0,0,0,1,1,6,6,1,-1,-1,1396,1,18,HONDA CIVIC,-1,-1,0,-1
2020201018445,2020,201018445,2,9,0,18,19,8,4,0,0,0,0,0,0,0,1,1,6,6,2,40,7,1339,1,12,HONDA CIVIC,1,E01009079,0,-1
202054C043320,2020,54C043320,1,9,0,4,4,4,8,0,0,1,0,0,0,0,1,1,6,6,1,39,7,1998,1,15,HONDA CIVIC,8,E01015584,0,-1
2020552100201,2020,552100201,2,9,0,9,9,2,8,0,0,5,0,0,0,0,1,1,6,6,1,37,7,1339,8,12,HONDA CIVIC,5,E01015456,0,-1
2020350969279,2020,350969279,2,9,0,10,10,6,2,0,0,3,0,0,0,0,2,1,5,6,1,39,7,1998,1,15,HONDA CIVIC,3,E01005893,0,-1
2020470939980,2020,470939980,2,9,0,9,9,7,5,0,0,0,0,0,0,0,3,1,5,6,1,45,7,1493,1,23,HONDA CIVIC,5,E01021195,0,-1
2020430098671,2020,430098671,2,9,0,9,9,8,6,0,0,8,0,0,0,0,1,1,6,6,1,56,9,1799,1,10,HONDA CIVIC,7,E01016569,0,-1
2020010248373,2020,010248373,2,9,0,5,5,0,1,0,0,0,0,0,1,0,1,2,6,6,1,34,6,1798,1,6,HONDA CIVIC,-1,-1,0,-1
2020470964870,2020,470964870,1,9,0,9,9,6,3,9,9,6,0,0,0,0,1,1,6,6,1,31,6,1996,1,3,HONDA CIVIC,3,E01020991,0,-1
2020137220147,2020,137220147,2,9,0,4,4,7,3,0,0,1,0,0,0,0,1,1,1,1,1,27,6,1339,1,17,HONDA CIVIC,1,E01010830,0,-1
2020160965284,2020,160965284,1,9,0,11,11,2,6,0,0,0,0,0,0,0,4,1,5,6,1,89,11,1799,1,10,HONDA CIVIC,8,E01013185,0,-1
2020501013812,2020,501013812,1,9,0,16,19,3,7,0,0,0,1,0,2,4,2,1,6,6,1,25,5,1998,1,19,HONDA CIVIC,3,E01015143,0,-1
2020010266796,2020,010266796,1,9,0,3,3,3,7,0,0,0,0,0,0,0,4,1,6,6,1,34,6,1799,1,13,HONDA CIVIC,5,E01002667,0,-1
2020010246780,2020,010246780,2,9,0,18,19,7,3,0,0,8,0,0,0,0,1,1,1,1,1,34,6,1590,1,15,HONDA CIVIC,5,E01000310,0,-1
2020471003709,2020,471003709,1,9,0,18,19,2,7,0,0,8,0,0,0,0,1,1,6,6,1,-1,-1,1590,1,19,HONDA CIVIC,6,E01016972,0,-1
2020410973862,2020,410973862,1,9,0,18,19,6,2,0,0,0,0,0,0,0,1,1,5,6,2,51,8,1396,1,16,HONDA CIVIC,10,E01023710,0,-1
2020340N07372,2020,340N07372,3,9,0,3,3,3,7,0,0,0,0,0,0,0,2,1,6,6,2,34,6,1339,1,8,HONDA CIVIC,2,E01027151,0,-1
2020552000076,2020,552000076,1,9,0,9,9,8,5,0,0,8,0,0,0,0,1,1,6,6,2,64,9,1590,1,15,HONDA CIVIC,10,E01020358,0,-1
2020990921119,2020,990921119,1,9,0,18,19,5,2,0,0,0,0,4,0,0,1,1,5,6,1,20,4,1590,1,16,HONDA CIVIC,1,-1,0,-1
2020500984790,2020,500984790,1,9,0,9,9,8,6,0,0,6,0,0,0,0,3,1,6,6,1,35,6,2204,2,10,HONDA CIVIC,10,E01023180,0,-1
2020010238985,2020,010238985,1,9,0,18,19,1,5,0,0,3,1,0,0,0,4,1,6,6,1,33,6,1799,1,14,HONDA CIVIC,6,E01002332,0,-1
2020010265682,2020,010265682,2,9,0,99,99,9,9,99,99,9,9,99,9,99,2,9,6,6,3,-1,-1,1396,1,19,HONDA CIVIC,2,E01003325,0,-1
2020040979803,2020,040979803,2,9,0,18,19,1,5,0,0,8,0,0,0,0,3,1,5,6,2,30,6,988,1,2,HONDA CIVIC,4,E01025024,0,-1
2020201021111,2020,201021111,1,9,0,18,19,2,6,0,0,8,0,0,0,0,1,1,6,6,1,53,8,2204,2,14,HONDA CIVIC,2,E01009982,0,-1
2020460956730,2020,460956730,2,9,0,10,10,7,3,0,0,2,0,0,0,0,2,1,5,6,1,46,8,1597,2,4,HONDA CIVIC,9,E01024415,0,-1
2020010248853,2020,010248853,1,9,0,9,9,4,1,0,0,1,0,0,0,0,1,1,6,6,2,28,6,2204,2,12,HONDA CIVIC,2,E01017165,0,-1
2020410993462,2020,410993462,1,9,0,18,19,8,4,0,0,0,2,0,1,0,1,1,6,6,1,17,4,1339,1,11,HONDA CIVIC,10,E01008619,0,-1
2020430187246,2020,430187246,1,9,0,18,19,3,7,0,0,2,0,0,0,0,1,1,2,2,1,38,7,1597,2,7,HONDA CIVIC,7,E01017854,0,-1
2020100936737,2020,100936737,1,9,0,18,19,1,1,0,0,1,0,0,0,0,1,1,3,7,2,27,6,1339,1,7,HONDA CIVIC,2,E01008492,0,-1
202031A173520,2020,31A173520,2,9,0,10,10,1,8,0,0,1,0,0,0,0,2,1,1,1,1,49,8,1590,1,18,HONDA CIVIC,1,E01013849,0,-1
2020140920098,2020,140920098,2,9,0,18,19,5,1,0,0,0,0,0,0,0,1,1,6,6,3,-1,-1,2204,2,13,HONDA CIVIC,-1,-1,0,-1
2020200947728,2020,200947728,2,9,0,2,2,0,0,0,0,0,0,0,0,0,1,1,6,6,1,19,4,1998,1,11,HONDA CIVIC,1,E01009122,0,-1
2020410937175,2020,410937175,2,9,0,18,19,1,5,0,0,0,0,0,0,0,2,1,1,1,1,42,7,2204,2,11,HONDA CIVIC,8,E01015707,0,-1
2020430187384,2020,430187384,1,9,0,18,19,2,6,0,0,0,2,0,1,4,1,1,6,6,1,18,4,1396,1,20,HONDA CIVIC,10,E01028634,0,-1
2020010282061,2020,010282061,1,9,0,99,99,9,9,99,99,9,9,99,9,99,1,9,6,6,1,35,6,1799,1,12,HONDA CIVIC,4,E01000570,0,-1
2020430281056,2020,430281056,3,9,0,7,7,6,8,0,0,3,0,0,0,0,0,1,6,6,1,-1,-1,1799,1,10,HONDA CIVIC,-1,-1,0,-1
2020070048273,2020,070048273,2,9,0,7,7,7,1,0,0,2,0,0,0,0,3,1,6,6,2,30,6,2204,2,12,HONDA CIVIC,6,E01018352,0,-1
2020991003394,2020,991003394,1,9,0,4,4,6,2,0,0,0,0,11,0,0,1,1,5,6,2,28,6,1597,2,7,HONDA CIVIC,8,-1,0,-1
2020500948130,2020,500948130,2,9,0,2,2,0,0,6,6,0,0,0,0,0,3,1,5,6,2,75,10,1339,1,10,HONDA CIVIC,9,E01033233,0,-1
2020140931982,2020,140931982,1,9,0,18,19,2,6,0,0,1,0,0,0,0,2,1,5,6,1,29,6,1686,2,15,HONDA CIVIC,1,E01007875,0,-1
2020160940001,2020,160940001,2,9,0,2,2,0,0,0,0,0,0,0,0,0,4,1,6,6,2,35,6,1799,1,12,HONDA CIVIC,2,E01012863,0,-1
2020010264619,2020,010264619,1,9,0,99,99,9,9,99,99,9,9,99,9,99,2,9,6,6,2,29,6,1799,1,12,HONDA CIVIC,3,E01004437,0,-1
2020200936069,2020,200936069,2,9,0,10,10,2,8,0,0,1,0,0,0,0,4,1,6,6,1,35,6,1590,1,15,HONDA CIVIC,1,E01033648,0,-1
202063A063920,2020,63A063920,1,9,0,9,9,2,8,0,0,5,0,0,0,0,4,1,6,6,1,59,9,1799,1,12,HONDA CIVIC,1,E01017102,0,-1
2020140963380,2020,140963380,1,9,0,4,4,2,6,0,0,0,0,0,0,0,1,1,6,6,1,54,8,1799,1,14,HONDA CIVIC,5,E01007644,0,-1
2020622000903,2020,622000903,1,9,0,16,19,1,7,0,0,1,0,0,0,0,4,1,6,6,1,80,11,1597,2,5,HONDA CIVIC,4,W01001158,0,-1
2020010261332,2020,010261332,1,9,0,18,19,5,1,0,0,1,0,0,0,0,1,1,6,6,1,29,6,1339,8,12,HONDA CIVIC,5,E01001029,0,-1
2020010234104,2020,010234104,2,9,0,99,99,9,9,99,99,0,9,99,9,99,1,9,6,6,3,25,5,2204,2,14,HONDA CIVIC,5,E01032771,0,-1
2020610000920,2020,610000920,1,9,0,18,19,6,2,0,0,0,0,0,0,0,1,1,6,6,1,47,8,2204,2,12,HONDA CIVIC,5,W01001446,0,-1
2020450986963,2020,450986963,2,9,0,4,4,1,5,0,0,0,0,0,0,0,2,1,2,2,2,40,7,2199,2,8,HONDA CIVIC,2,E01001066,0,-1
2020010273434,2020,010273434,1,9,0,13,13,7,3,0,0,0,0,0,0,0,1,1,6,6,1,16,4,2204,2,13,HONDA CIVIC,4,E01001459,0,-1
2020500964291,2020,500964291,1,9,0,18,19,7,3,0,0,0,0,0,0,0,1,1,6,6,1,56,9,2204,2,14,HONDA CIVIC,2,E01018854,0,-1
2020460972142,2020,460972142,1,9,0,18,19,6,2,0,0,0,0,0,0,0,1,1,5,6,1,59,9,1597,2,5,HONDA CIVIC,2,E01021091,0,-1
2020320606005,2020,320606005,2,9,0,18,19,2,6,0,0,0,0,0,0,0,1,1,2,2,1,27,6,1597,2,6,HONDA CIVIC,-1,-1,0,-1
2020140976564,2020,140976564,1,9,0,18,19,3,7,0,0,8,0,0,0,0,4,1,2,2,1,32,6,1799,1,13,HONDA CIVIC,2,E01011771,0,-1
202006G276291,2020,06G276291,1,9,0,18,19,4,8,0,0,8,0,0,0,0,1,1,6,6,3,-1,-1,1339,1,11,HONDA CIVIC,-1,-1,0,-1
2020302001708,2020,302001708,1,9,0,18,19,8,4,0,0,0,0,0,7,4,1,1,6,6,1,36,7,1799,1,9,HONDA CIVIC,1,E01013472,0,-1
2020100947984,2020,100947984,2,9,0,18,19,3,6,0,0,2,0,0,0,0,1,1,5,6,2,54,8,1798,1,8,HONDA CIVIC,4,E01008614,0,-1
2020010248780,2020,010248780,1,9,0,18,19,7,3,0,0,2,0,0,0,0,1,1,6,6,2,68,10,1339,1,11,HONDA CIVIC,8,E01004293,0,-1
2020522003888,2020,522003888,2,9,0,18,19,5,1,0,0,0,0,0,0,0,1,1,6,6,1,22,5,1597,2,6,HONDA CIVIC,7,W01000875,0,-1
2020360953181,2020,360953181,2,9,0,18,19,-1,-1,0,0,2,0,0,0,0,3,1,2,2,2,61,9,1799,1,12,HONDA CIVIC,5,E01026766,0,-1
2020420984064,2020,420984064,2,9,0,16,19,6,3,0,0,0,5,10,3,4,1,1,5,6,2,42,7,1590,1,18,HONDA CIVIC,2,E01000065,0,-1
2020010238285,2020,010238285,1,9,0,5,5,0,7,9,9,1,0,0,0,0,1,1,6,6,1,28,6,1799,1,12,HONDA CIVIC,6,E01003752,0,-1
2020350951365,2020,350951365,1,9,0,18,19,-1,-1,0,0,0,0,0,0,0,-1,1,6,6,1,73,10,1799,1,8,HONDA CIVIC,9,E01033173,0,-1
202031C134320,2020,31C134320,1,9,0,7,7,6,8,0,0,5,0,0,0,0,1,1,6,6,1,27,6,1998,1,13,HONDA CIVIC,5,E01027941,0,-1
2020471000657,2020,471000657,2,9,0,10,10,8,5,0,0,1,0,0,0,0,2,1,2,2,1,29,6,1998,1,16,HONDA CIVIC,4,E01031443,0,-1
2020990917497,2020,990917497,1,9,0,7,7,4,6,0,0,6,0,0,0,0,1,1,2,2,1,43,7,1799,1,13,HONDA CIVIC,8,-1,0,-1
2020470973424,2020,470973424,1,9,0,18,19,3,8,0,0,8,0,0,0,0,1,1,5,6,1,41,7,1498,1,2,HONDA CIVIC,3,E01031400,0,-1
2020470963120,2020,470963120,2,9,0,18,19,5,1,0,0,0,0,0,0,0,1,1,6,6,1,24,5,1597,2,7,HONDA CIVIC,6,E01031449,0,-1
2020430050893,2020,430050893,1,9,0,18,19,1,5,0,0,4,0,0,0,0,1,1,2,2,1,59,9,1590,1,15,HONDA CIVIC,8,E01016557,0,-1
2020010261197,2020,010261197,2,9,0,99,99,9,9,99,99,9,9,99,9,99,1,9,6,6,3,-1,-1,1590,1,16,HONDA CIVIC,-1,-1,0,-1
2020230942796,2020,230942796,4,9,0,6,6,6,6,0,0,8,0,0,1,0,2,1,5,6,1,70,10,1597,2,7,HONDA CIVIC,3,E01018073,0,-1
2020302000234,2020,302000234,2,9,0,18,19,2,8,0,0,8,0,0,0,0,1,1,6,6,1,21,5,2204,2,14,HONDA CIVIC,1,E01013485,0,-1
2020522100640,2020,522100640,1,9,0,18,19,5,1,0,0,8,0,0,0,0,1,1,6,6,1,22,5,1799,1,11,HONDA CIVIC,10,E01014711,0,-1
2020520101052,2020,520101052,1,9,0,18,19,6,2,0,0,0,0,0,7,10,1,1,6,6,1,22,5,2204,2,11,HONDA CIVIC,6,E01015220,0,-1
2020450917944,2020,450917944,2,9,0,3,3,8,4,0,0,4,0,0,0,0,2,1,5,6,2,28,6,1799,1,13,HONDA CIVIC,3,E01002559,0,-1
2020110940252,2020,110940252,1,9,0,18,19,3,7,0,0,4,0,0,0,0,1,1,6,6,1,26,6,1590,1,16,HONDA CIVIC,5,E01020848,0,-1
2020302001336,2020,302001336,2,9,0,2,2,0,0,0,0,0,0,0,0,0,2,1,6,6,1,45,7,1998,1,11,HONDA CIVIC,5,E01019439,0,-1
2020552001038,2020,552001038,2,9,0,18,19,3,7,0,0,8,1,0,7,11,4,1,6,6,1,61,9,1590,1,16,HONDA CIVIC,8,E01015378,0,-1
2020040936912,2020,040936912,1,9,0,4,4,7,3,0,0,0,1,0,0,0,1,1,5,6,2,28,6,1590,1,17,HONDA CIVIC,1,E01024953,0,-1
2020137390803,2020,137390803,1,9,0,3,3,4,8,0,0,0,0,0,0,0,2,1,6,6,1,65,9,1799,1,12,HONDA CIVIC,9,E01010681,0,-1
2020440120814,2020,440120814,2,9,0,18,19,0,0,0,0,0,0,0,0,0,3,1,6,6,2,57,9,1590,1,17,HONDA CIVIC,8,E01017057,0,-1
2020622000248,2020,622000248,1,9,0,18,19,2,6,0,0,1,0,0,0,0,4,1,1,1,2,56,9,1799,1,11,HONDA CIVIC,4,W01001061,0,-1
2020230921554,2020,230921554,1,9,0,17,19,8,5,0,0,0,2,0,1,4,1,1,6,6,1,32,6,2204,2,10,HONDA CIVIC,1,E01009486,0,-1
2020430325060,2020,430325060,1,9,0,18,19,7,3,0,0,2,0,0,0,0,3,1,1,1,3,38,7,1396,1,19,HONDA CIVIC,3,E01016442,0,-1
2020990940007,2020,990940007,1,9,0,18,19,7,3,0,0,1,0,0,0,0,3,1,6,6,1,40,7,1998,1,16,HONDA CIVIC,-1,-1,0,-1
2020010251795,2020,010251795,2,9,0,18,19,5,1,0,0,1,0,0,0,0,1,1,6,6,1,21,5,1396,1,21,HONDA CIVIC,10,E01004105,0,-1
2020200963040,2020,200963040,2,9,0,18,19,2,6,0,0,1,0,0,0,0,3,1,6,6,1,26,6,2204,2,14,HONDA CIVIC,1,E01008911,0,-1
2020100943908,2020,100943908,2,9,0,18,19,2,6,0,0,1,0,0,0,0,1,1,6,6,2,34,6,2204,2,12,HONDA CIVIC,-1,-1,0,-1
202006F266596,2020,06F266596,1,9,0,9,9,7,1,0,0,8,0,0,0,0,1,1,6,6,1,27,6,2204,2,13,HONDA CIVIC,1,E01005624,0,-1
202006L173992,2020,06L173992,1,9,0,18,19,7,3,0,0,0,0,0,0,0,4,1,6,6,1,53,8,2204,2,11,HONDA CIVIC,6,E01006271,0,-1
2020010264106,2020,010264106,2,9,0,99,99,9,9,99,99,9,9,99,9,99,1,9,6,6,3,-1,-1,1799,1,14,HONDA CIVIC,-1,-1,0,-1
2020200990153,2020,200990153,1,9,0,18,19,4,8,0,0,8,0,0,0,0,1,1,6,6,1,36,7,1799,1,14,HONDA CIVIC,1,E01009033,0,-1
2020400959092,2020,400959092,1,9,0,10,10,2,4,0,0,1,0,0,0,0,4,1,5,6,1,22,5,2204,2,12,HONDA CIVIC,9,E01017394,0,-1
2020522000726,2020,522000726,1,9,0,11,11,8,4,0,0,0,0,0,0,0,2,1,6,6,2,56,9,1597,2,3,HONDA CIVIC,4,E01014590,0,-1
2020220946071,2020,220946071,2,9,0,2,2,0,0,0,0,1,0,0,0,0,2,1,5,6,1,34,6,1798,1,6,HONDA CIVIC,7,W01000464,0,-1
202063D076820,2020,63D076820,1,9,0,16,19,8,2,0,0,1,0,0,7,1,1,1,6,6,2,23,5,1686,2,17,HONDA CIVIC,8,W01000443,0,-1
2020471008573,2020,471008573,1,9,0,9,9,1,7,0,0,8,0,0,0,0,1,1,5,6,2,42,7,1799,1,13,HONDA CIVIC,2,E01020977,0,-1
2020010275665,2020,010275665,1,9,0,5,5,5,1,0,0,1,1,0,1,0,1,1,6,6,1,23,5,1595,1,21,HONDA CIVIC,4,E01001406,0,-1
2020470915589,2020,470915589,1,9,0,18,19,6,2,0,0,0,0,0,1,1,3,1,5,6,1,33,6,1597,2,6,HONDA CIVIC,9,E01031615,0,-1
2020332000049,2020,332000049,1,9,0,18,19,5,1,0,0,8,0,0,0,0,1,1,6,6,1,18,4,1590,1,16,HONDA CIVIC,-1,-1,0,-1
202006M278581,2020,06M278581,2,9,0,18,19,8,4,0,0,0,0,0,0,0,1,1,2,2,2,32,6,1597,2,4,HONDA CIVIC,4,E01005705,0,-1
2020990939003,2020,990939003,1,9,0,16,19,2,5,0,0,0,0,0,1,1,1,1,6,6,1,31,6,1998,1,16,HONDA CIVIC,10,-1,0,-1
2020200979634,2020,200979634,3,9,0,7,7,1,4,0,0,3,0,0,0,0,2,1,6,6,2,46,8,1368,8,13,HONDA CIVIC,2,E01010146,0,-1
2020070040544,2020,070040544,1,9,0,6,6,7,3,0,0,0,0,0,0,0,3,1,6,6,1,34,6,1996,1,4,HONDA CIVIC,8,E01018348,0,-1
2020470953043,2020,470953043,2,9,0,9,9,8,4,0,0,1,0,0,0,0,3,1,5,6,1,69,10,1339,1,16,HONDA CIVIC,2,E01031432,0,-1
2020320124266,2020,320124266,2,9,0,18,19,5,1,0,0,0,0,0,0,0,1,1,6,6,2,27,6,2204,2,13,HONDA CIVIC,7,E01026392,0,-1
2020332000234,2020,332000234,2,9,0,4,4,5,1,0,0,0,0,0,0,0,2,1,2,2,1,27,6,1799,1,13,HONDA CIVIC,1,E01025699,0,-1
2020140989083,2020,140989083,1,9,0,18,19,2,6,0,0,0,0,0,0,0,2,1,6,6,2,38,7,1339,1,11,HONDA CIVIC,3,E01007793,0,-1
2020990982617,2020,990982617,1,9,0,17,19,4,8,0,0,0,2,0,7,0,1,1,5,6,1,21,5,1590,1,15,HONDA CIVIC,6,-1,0,-1
2020547740120,2020,547740120,1,9,0,1,1,5,1,0,0,1,0,0,0,0,2,1,6,6,2,30,6,988,1,1,HONDA CIVIC,10,E01015564,0,-1
2020200990288,2020,200990288,3,9,0,2,2,0,0,0,0,2,0,0,0,0,1,1,6,6,1,-1,-1,1590,1,16,HONDA CIVIC,-1,-1,0,-1
2020010243415,2020,010243415,1,9,0,18,19,6,2,0,0,0,1,4,0,0,1,1,6,6,1,29,6,1799,1,14,HONDA CIVIC,1,E01004309,0,-1
2020010256587,2020,010256587,1,9,0,4,4,7,3,0,0,8,0,0,0,0,2,1,6,6,1,47,8,1590,1,18,HONDA CIVIC,3,E01001369,0,-1
2020040961986,2020,040961986,2,9,0,9,9,1,5,0,0,0,0,0,0,0,3,1,6,6,2,36,7,1339,1,12,HONDA CIVIC,4,E01025309,0,-1
2020010257500,2020,010257500,1,9,0,7,7,7,2,0,0,1,0,0,0,0,4,1,6,6,1,35,6,1590,1,17,HONDA CIVIC,3,E01033744,0,-1
2020010271081,2020,010271081,2,9,0,99,99,9,9,99,99,8,9,99,9,99,9,9,6,6,3,30,6,1799,1,13,HONDA CIVIC,-1,-1,0,-1
2020500926036,2020,500926036,1,9,0,18,19,5,1,0,0,0,0,0,0,0,1,1,6,6,1,80,11,988,1,1,HONDA CIVIC,3,E01018982,0,-1
20201371N0733,2020,1371N0733,2,9,0,18,19,2,6,0,0,0,1,0,0,0,1,1,1,1,1,40,7,1590,1,16,HONDA CIVIC,2,E01011043,0,-1
2020040979119,2020,040979119,1,9,0,18,19,4,6,0,0,1,0,0,0,0,1,2,2,2,2,39,7,1590,1,18,HONDA CIVIC,4,E01012731,0,-1
2020410964197,2020,410964197,1,9,0,18,19,7,3,0,0,1,0,0,0,0,1,1,6,6,2,30,6,1339,8,13,HONDA CIVIC,9,E01023713,0,-1
2020010240140,2020,010240140,2,9,0,99,99,9,9,99,99,9,9,99,9,99,1,9,6,6,3,-1,-1,1799,1,14,HONDA CIVIC,-1,-1,0,-1
2020010246656,2020,010246656,1,9,0,9,9,5,3,0,0,2,0,0,0,0,1,1,6,6,1,47,8,1498,1,2,HONDA CIVIC,2,E01000015,0,-1
202006N271069,2020,06N271069,2,9,0,18,19,1,5,0,0,0,0,0,1,0,1,1,6,6,1,47,8,1686,2,15,HONDA CIVIC,1,E01005583,0,-1
2020500939225,2020,500939225,1,9,0,7,7,7,6,2,2,5,0,0,0,0,1,1,5,6,1,35,6,988,1,1,HONDA CIVIC,1,E01015078,0,-1
2020430310634,2020,430310634,2,9,0,18,19,4,8,0,0,0,1,0,4,0,4,1,2,2,1,46,8,1590,1,16,HONDA CIVIC,-1,-1,0,-1
202006P170019,2020,06P170019,1,9,0,9,9,7,6,0,0,8,0,0,0,0,1,1,6,6,1,26,6,1339,1,12,HONDA CIVIC,9,E01005573,0,-1
2020122000105,2020,122000105,1,9,0,18,19,2,6,0,0,0,0,0,0,0,1,1,6,6,1,89,11,1799,1,10,HONDA CIVIC,7,E01027724,0,-1
2020420953872,2020,420953872,2,9,0,18,19,5,1,0,0,1,5,0,0,0,3,1,6,6,1,63,9,1590,1,16,HONDA CIVIC,10,E01021447,0,-1
2020320387633,2020,320387633,2,9,0,9,9,3,1,0,0,6,0,0,0,0,1,1,6,6,1,52,8,1597,2,6,HONDA CIVIC,7,E01026319,0,-1
2020010268821,2020,010268821,2,9,0,99,99,9,9,99,99,9,9,99,9,99,1,9,6,6,3,-1,-1,1590,1,18,HONDA CIVIC,-1,-1,0,-1
2020440192704,2020,440192704,2,9,0,18,19,6,2,0,0,4,0,0,0,0,1,1,6,6,1,23,5,1339,1,13,HONDA CIVIC,5,E01017152,0,-1
2020010274027,2020,010274027,2,9,0,99,99,9,9,99,99,9,9,99,9,99,9,9,6,6,3,-1,-1,1339,1,13,HONDA CIVIC,-1,-1,0,-1
2020200947815,2020,200947815,1,9,0,18,19,4,8,0,0,1,0,0,0,0,1,1,6,6,1,28,6,1799,1,10,HONDA CIVIC,1,E01009476,0,-1
2020520100901,2020,520100901,1,9,0,9,9,2,8,0,0,1,0,0,0,0,4,1,6,6,2,57,9,1590,1,19,HONDA CIVIC,3,E01029036,0,-1
2020522002107,2020,522002107,2,9,0,9,9,2,8,0,0,6,0,0,0,0,4,1,6,6,1,88,11,1590,1,16,HONDA CIVIC,7,E01014856,0,-1
2020200983360,2020,200983360,1,9,0,5,5,8,4,0,0,4,0,0,0,0,3,1,6,6,1,32,6,1590,1,18,HONDA CIVIC,1,E01009358,0,-1
202063D040420,2020,63D040420,2,9,0,3,3,6,2,0,0,1,0,0,0,0,2,1,6,6,2,22,5,2204,2,13,HONDA CIVIC,5,W01000461,0,-1
2020140933124,2020,140933124,1,9,0,18,19,5,1,0,0,0,0,0,0,0,4,2,5,6,2,38,7,1597,2,4,HONDA CIVIC,6,E01007554,0,-1
2020052001044,2020,052001044,2,9,0,3,3,7,3,0,0,1,0,0,0,0,3,1,6,6,1,48,8,1799,1,15,HONDA CIVIC,1,E01006696,0,-1
2020610003320,2020,610003320,2,9,0,18,19,4,8,0,0,1,0,0,0,0,4,1,6,6,1,27,6,1996,1,1,HONDA CIVIC,4,W01001384,0,-1
2020552000120,2020,552000120,2,9,0,18,19,8,6,0,0,1,1,0,0,0,1,1,6,6,1,34,6,1799,1,11,HONDA CIVIC,10,E01015459,0,-1
2020010237841,2020,010237841,2,9,0,2,2,0,0,0,0,0,0,4,0,0,1,1,6,6,3,-1,-1,1799,1,10,HONDA CIVIC,-1,-1,0,-1
2020530997727,2020,530997727,1,9,0,9,9,1,3,0,0,2,0,0,0,0,4,1,5,6,1,56,9,2204,2,10,HONDA CIVIC,2,E01022292,0,-1
2020040941369,2020,040941369,1,9,0,9,9,5,3,0,0,4,0,0,0,0,1,1,6,6,2,27,6,1339,1,13,HONDA CIVIC,8,E01024939,0,-1
2020332000205,2020,332000205,1,9,0,18,19,6,2,0,0,0,1,0,1,4,3,1,6,6,1,23,5,1339,1,13,HONDA CIVIC,1,E01009114,0,-1
2020010257682,2020,010257682,1,9,0,5,5,6,2,0,0,4,0,0,0,0,1,1,6,6,2,58,9,2204,2,14,HONDA CIVIC,6,E01030699,0,-1
20201372B1027,2020,1372B1027,1,9,0,18,19,7,1,0,0,2,0,0,0,0,3,1,6,6,1,44,7,1339,1,14,HONDA CIVIC,1,E01011371,0,-1