collision_index,collision_year,collision_ref_no,vehicle_reference,vehicle_type,towing_and_articulation,vehicle_manoeuvre_historic,vehicle_manoeuvre,vehicle_direction_from,vehicle_direction_to,vehicle_location_restricted_lane_historic,vehicle_location_restricted_lane,junction_location,skidding_and_overturning,hit_object_in_carriageway,vehicle_leaving_carriageway,hit_object_off_carriageway,first_point_of_impact,vehicle_left_hand_drive,journey_purpose_of_driver_historic,journey_purpose_of_driver,sex_of_driver,age_of_driver,age_band_of_driver,engine_capacity_cc,propulsion_code,age_of_vehicle,generic_make_model,driver_imd_decile,lsoa_of_driver,escooter_flag,driver_distance_banding
2020201018755,2020,201018755,1,9,0,18,19,1,5,0,0,1,0,0,0,0,1,1,6,6,1,39,7,1339,1,13,HONDA CIVIC,4,E01020013,0,-1
2020450927236,2020,450927236,1,9,0,18,19,5,1,0,0,0,0,0,0,0,2,1,2,2,2,28,6,1590,1,16,HONDA CIVIC,4,E01031610,0,-1
2020201026304,2020,201026304,1,9,0,18,19,6,2,0,0,1,0,4,0,0,1,1,6,6,1,47,8,1799,1,9,HONDA CIVIC,1,E01009123,0,-1
2020411000773,2020,411000773,2,9,0,9,9,2,1,0,0,0,0,0,0,0,0,1,5,6,2,45,7,1590,1,16,HONDA CIVIC,4,E01023555,0,-1
2020010252911,2020,010252911,2,9,0,18,19,5,1,0,0,8,0,0,0,0,1,1,2,2,2,25,5,1799,1,12,HONDA CIVIC,2,E01000599,0,-1
2020410931844,2020,410931844,2,9,0,9,9,7,3,0,0,0,0,0,0,0,2,1,6,6,1,26,6,1686,2,17,HONDA CIVIC,7,E01023886,0,-1
2020400939378,2020,400939378,2,9,0,5,5,4,8,0,0,0,0,0,0,0,2,1,1,1,1,57,9,1799,1,13,HONDA CIVIC,2,E01015704,0,-1
2020440489579,2020,440489579,1,9,0,18,19,4,8,0,0,2,0,0,0,0,3,1,6,6,2,85,11,1799,1,9,HONDA CIVIC,10,E01023240,0,-1
2020010245269,2020,010245269,1,9,0,99,99,9,9,99,99,1,9,99,9,99,2,9,6,6,1,22,5,2204,2,14,HONDA CIVIC,5,E01002394,0,-1
2020010266751,2020,010266751,2,9,0,99,99,9,9,99,99,9,9,99,9,99,1,9,6,6,3,-1,-1,1590,1,16,HONDA CIVIC,-1,-1,0,-1
2020040972796,2020,040972796,2,9,0,18,19,5,1,0,0,0,2,0,1,2,3,1,1,1,2,46,8,1590,1,18,HONDA CIVIC,9,E01027577,0,-1
2020230999739,2020,230999739,1,9,0,9,9,7,5,0,0,6,0,0,0,0,3,1,5,6,1,62,9,2204,2,13,HONDA CIVIC,6,E01031048,0,-1
2020010240886,2020,010240886,1,9,0,18,19,7,3,0,0,0,0,0,0,0,1,1,6,6,2,28,6,1339,1,10,HONDA CIVIC,8,E01002210,0,-1
2020010262008,2020,010262008,1,9,0,99,99,9,9,99,99,9,9,99,9,99,4,9,6,6,1,29,6,1799,1,14,HONDA CIVIC,5,E01031169,0,-1
2020990934423,2020,990934423,1,9,0,7,7,3,5,0,0,0,0,10,0,0,1,1,5,6,1,82,11,1799,1,12,HONDA CIVIC,3,-1,0,-1
2020622000376,2020,622000376,2,9,0,4,4,8,2,0,0,0,0,0,0,0,2,1,6,6,2,65,9,1597,2,1,HONDA CIVIC,1,W01000814,0,-1
2020450923357,2020,450923357,1,9,0,1,1,1,5,0,0,0,0,0,0,0,2,1,5,6,1,25,5,1339,8,13,HONDA CIVIC,-1,-1,0,-1
2020991005265,2020,991005265,2,9,0,4,4,2,6,0,0,0,0,0,0,0,2,1,1,1,1,39,7,1597,2,0,HONDA CIVIC,4,-1,0,-1
2020010235579,2020,010235579,1,9,0,7,7,3,4,0,0,6,0,0,0,0,1,1,6,6,2,27,6,1799,1,12,HONDA CIVIC,5,E01003340,0,-1
2020470928751,2020,470928751,2,9,0,18,19,7,3,0,0,0,0,0,0,0,1,1,5,6,1,32,6,1590,1,15,HONDA CIVIC,7,E01031508,0,-1
2020140974892,2020,140974892,1,9,0,18,19,5,1,0,0,0,0,0,0,0,2,1,6,6,1,-1,-1,1339,1,13,HONDA CIVIC,1,E01007716,0,-1
2020430027538,2020,430027538,1,9,0,17,19,5,2,0,0,1,2,0,1,2,1,1,6,6,1,90,11,1590,1,15,HONDA CIVIC,10,E01032727,0,-1
2020010266835,2020,010266835,1,9,0,9,9,1,7,0,0,1,0,0,0,0,3,1,2,2,2,49,8,1590,1,16,HONDA CIVIC,4,E01000286,0,-1
2020210932616,2020,210932616,3,9,0,18,19,5,1,0,0,1,0,0,0,0,2,1,6,6,1,76,11,1339,1,13,HONDA CIVIC,2,E01014260,0,-1
2020100916844,2020,100916844,1,9,0,18,19,4,1,0,0,1,0,0,0,0,1,1,6,6,2,-1,-1,2204,2,14,HONDA CIVIC,3,E01008598,0,-1
2020160980151,2020,160980151,3,9,0,18,19,8,4,0,0,0,0,0,0,0,1,1,6,6,1,31,6,1799,1,14,HONDA CIVIC,3,E01013133,0,-1
2020230996622,2020,230996622,2,9,0,7,7,6,8,0,0,5,0,0,0,0,4,1,5,6,2,37,7,1339,1,11,HONDA CIVIC,5,E01031168,0,-1
2020200943907,2020,200943907,2,9,0,4,4,5,1,0,0,1,0,0,0,0,1,1,6,6,1,55,8,1339,1,10,HONDA CIVIC,8,E01029633,0,-1
2020360943647,2020,360943647,1,9,0,18,19,6,2,0,0,2,0,0,0,0,1,1,5,6,1,72,10,2204,2,13,HONDA CIVIC,3,E01026455,0,-1
2020160933225,2020,160933225,1,9,0,7,7,7,1,0,0,8,0,0,0,0,2,1,6,6,1,-1,-1,1799,1,12,HONDA CIVIC,1,E01013296,0,-1
2020010254934,2020,010254934,1,9,0,18,19,3,7,0,0,1,0,0,0,0,1,1,6,6,1,40,7,1339,8,12,HONDA CIVIC,3,E01003602,0,-1
2020350996215,2020,350996215,1,9,0,5,5,5,1,0,0,8,0,0,0,0,1,1,5,6,1,24,5,1396,1,28,HONDA CIVIC,6,E01018182,0,-1
2020200997054,2020,200997054,1,9,0,9,9,4,2,0,0,5,0,0,0,0,1,1,6,6,1,26,6,2204,2,13,HONDA CIVIC,4,E01009250,0,-1
2020010232012,2020,010232012,2,9,0,99,99,9,9,99,99,9,9,99,9,99,1,9,6,6,3,-1,-1,1339,8,11,HONDA CIVIC,-1,-1,0,-1
2020430092674,2020,430092674,1,9,0,16,19,7,3,0,0,0,2,0,7,0,1,1,6,6,1,26,6,1493,1,20,HONDA CIVIC,8,E01028773,0,-1
2020010287019,2020,010287019,2,9,0,99,99,9,9,99,99,9,9,99,9,99,1,9,6,6,3,-1,-1,1798,1,8,HONDA CIVIC,2,E01004402,0,-1
2020200940212,2020,200940212,1,9,0,9,9,2,8,0,0,6,0,0,0,0,3,1,6,6,2,52,8,988,1,2,HONDA CIVIC,1,E01033643,0,-1
2020990977051,2020,990977051,2,9,0,3,3,1,5,0,0,3,0,0,0,0,2,1,5,6,1,54,8,988,1,2,HONDA CIVIC,6,-1,0,-1
2020552100213,2020,552100213,1,9,0,17,19,2,6,0,0,0,1,0,1,0,1,1,6,6,2,37,7,1339,1,10,HONDA CIVIC,6,E01029156,0,-1
2020160992880,2020,160992880,2,9,0,18,19,8,4,0,0,8,0,0,0,0,1,1,5,6,1,42,7,1597,2,4,HONDA CIVIC,3,E01013158,0,-1
2020122000940,2020,122000940,1,9,0,18,19,5,1,0,0,2,1,0,0,0,3,1,1,1,1,48,8,2204,2,12,HONDA CIVIC,9,E01033478,0,-1
2020420963770,2020,420963770,1,9,0,18,19,2,5,0,0,8,0,0,0,0,1,1,5,6,1,58,9,1998,1,16,HONDA CIVIC,4,E01021274,0,-1
2020440048518,2020,440048518,1,9,0,18,19,4,8,0,0,0,1,10,0,4,4,1,6,6,1,31,6,1998,1,14,HONDA CIVIC,5,E01023079,0,-1
2020231009187,2020,231009187,1,9,0,17,19,7,5,0,0,0,1,0,0,0,1,1,5,6,1,29,6,1998,1,15,HONDA CIVIC,4,E01031231,0,-1
2020400998280,2020,400998280,1,9,0,18,19,5,1,0,0,4,0,0,0,0,1,1,5,6,2,37,7,1799,1,11,HONDA CIVIC,7,E01017424,0,-1
2020302000563,2020,302000563,1,9,0,17,19,4,2,0,0,3,0,0,0,0,3,1,6,6,1,30,6,1799,1,13,HONDA CIVIC,3,E01028282,0,-1
2020030929096,2020,030929096,2,9,0,3,3,0,0,0,0,1,0,0,0,0,3,1,5,6,1,26,6,988,1,1,HONDA CIVIC,6,E01019235,0,-1
2020200942548,2020,200942548,1,8,0,5,5,5,1,0,0,6,0,0,0,0,4,1,6,6,1,46,8,1798,1,6,-1,-1,-1,0,-1
2020450975935,2020,450975935,1,9,0,16,19,2,6,0,0,0,2,0,1,0,3,1,5,6,1,35,6,1339,1,12,HONDA CIVIC,6,E01002555,0,-1
2020010233857,2020,010233857,2,9,0,99,99,9,9,99,99,9,9,99,9,99,1,9,6,6,3,-1,-1,1396,1,21,HONDA CIVIC,3,E01001397,0,-1
2020610008420,2020,610008420,1,9,0,18,19,7,3,0,0,1,0,0,0,0,1,1,2,2,1,-1,-1,2204,2,12,HONDA CIVIC,10,W01001843,0,-1
2020010278810,2020,010278810,2,9,0,18,19,7,3,99,99,0,9,0,0,0,2,1,6,6,3,46,8,1396,1,21,HONDA CIVIC,3,E01002645,0,-1
2020420982331,2020,420982331,1,9,0,18,19,5,1,0,0,8,0,0,0,0,1,1,5,6,1,43,7,1396,1,18,HONDA CIVIC,9,E01021682,0,-1
2020010273569,2020,010273569,1,9,0,18,19,3,7,0,0,1,0,0,3,0,3,1,1,1,1,38,7,1799,1,9,HONDA CIVIC,2,E01002787,0,-1
202031C090620,2020,31C090620,2,9,0,18,19,5,1,0,0,6,0,0,0,0,3,1,6,6,1,36,7,1799,1,13,HONDA CIVIC,1,E01013960,0,-1
2020200993846,2020,200993846,1,9,0,18,19,8,4,0,0,8,0,0,0,0,1,1,6,6,1,51,8,2204,2,14,HONDA CIVIC,2,E01010439,0,-1
2020522000815,2020,522000815,2,9,0,18,19,4,8,0,0,8,0,0,0,0,1,1,6,6,1,82,11,1396,1,18,HONDA CIVIC,7,E01014907,0,-1
2020200936742,2020,200936742,1,9,0,18,19,4,8,0,0,0,0,0,0,0,1,1,6,6,1,21,5,1590,1,17,HONDA CIVIC,1,E01009274,0,-1
2020160985794,2020,160985794,1,9,0,18,19,6,2,0,0,0,0,0,0,0,1,1,5,6,2,55,8,1339,1,10,HONDA CIVIC,2,E01013187,0,-1
2020552000462,2020,552000462,1,9,0,18,19,3,7,0,0,3,0,0,0,0,3,1,6,6,1,67,10,1498,1,2,HONDA CIVIC,-1,-1,0,-1
2020010274815,2020,010274815,1,9,0,12,12,2,6,0,0,0,0,0,0,0,3,1,6,6,1,21,5,1998,1,16,HONDA CIVIC,4,E01000618,0,-1
2020220936988,2020,220936988,1,9,0,18,19,3,7,0,0,0,1,0,5,6,1,1,5,6,1,19,4,1339,1,11,HONDA CIVIC,10,E01032346,0,-1
2020040981615,2020,040981615,1,9,0,7,7,5,1,0,0,6,0,0,1,0,1,1,5,6,1,45,7,2204,2,14,HONDA CIVIC,1,E01012639,0,-1
2020471010947,2020,471010947,1,9,0,18,19,5,1,0,0,0,0,11,0,0,1,1,5,6,2,79,11,1396,1,29,HONDA CIVIC,5,E01031467,0,-1
2020010281946,2020,010281946,3,9,0,2,2,0,0,9,9,2,0,4,0,0,2,1,6,6,3,-1,-1,1597,2,4,HONDA CIVIC,-1,-1,0,-1
2020010234927,2020,010234927,1,9,0,18,19,3,7,0,0,8,0,0,0,0,1,1,6,6,1,84,11,1590,1,17,HONDA CIVIC,2,E01001750,0,-1
2020010269046,2020,010269046,2,9,0,9,9,7,6,0,0,5,0,0,0,0,1,9,2,2,1,-1,-1,2204,2,11,HONDA CIVIC,3,E01001650,0,-1
2020370939346,2020,370939346,2,9,0,4,4,3,7,0,0,0,0,0,0,0,2,1,5,6,1,25,5,1498,1,1,HONDA CIVIC,9,E01033316,0,-1
2020041002223,2020,041002223,3,9,0,18,19,2,6,0,0,0,0,0,1,0,1,1,5,6,1,63,9,1590,1,17,HONDA CIVIC,7,E01025079,0,-1
2020320450065,2020,320450065,1,9,0,18,19,5,1,0,0,0,0,0,0,0,1,1,6,6,1,21,5,2204,2,10,HONDA CIVIC,3,E01013198,0,-1
2020010274592,2020,010274592,2,9,0,99,99,9,9,99,99,0,9,99,9,99,3,9,6,6,3,-1,-1,2204,2,12,HONDA CIVIC,-1,-1,0,-1
2020320363019,2020,320363019,1,9,0,9,9,2,1,0,0,5,0,0,1,0,1,1,6,6,1,53,8,1597,2,5,HONDA CIVIC,5,E01026018,0,-1
2020010256408,2020,010256408,2,9,0,18,19,3,7,0,0,1,0,0,0,0,1,1,2,2,1,44,7,1686,2,16,HONDA CIVIC,5,E01003327,0,-1
2020110948462,2020,110948462,2,9,0,17,19,2,6,0,0,0,1,0,0,0,3,1,5,6,1,40,7,988,1,1,HONDA CIVIC,5,E01020865,0,-1
2020010241995,2020,010241995,2,9,0,18,19,5,1,0,0,1,0,4,3,0,3,1,6,6,1,24,5,1590,1,17,HONDA CIVIC,1,E01001558,0,-1
2020031008777,2020,031008777,1,9,0,14,14,6,2,0,0,0,0,4,0,0,3,1,5,6,1,44,7,1590,1,19,HONDA CIVIC,9,E01019162,0,-1
2020440434030,2020,440434030,1,9,0,9,9,7,5,0,0,8,0,0,0,0,1,1,2,2,1,41,7,1686,2,16,HONDA CIVIC,4,E01023077,0,-1
2020122100014,2020,122100014,2,9,0,2,2,0,0,0,0,0,0,0,0,0,2,1,6,6,3,-1,-1,1799,1,14,HONDA CIVIC,-1,-1,0,-1
2020010239785,2020,010239785,1,9,0,18,19,7,3,0,0,2,0,0,0,0,1,1,3,7,1,46,8,2204,2,14,HONDA CIVIC,4,E01001974,0,-1
2020440031747,2020,440031747,1,9,0,18,19,7,3,0,0,8,1,0,1,3,1,1,6,6,1,29,6,1339,1,16,HONDA CIVIC,5,E01023061,0,-1
2020471009652,2020,471009652,1,9,0,17,19,7,4,0,0,1,0,0,0,0,1,1,1,1,1,56,9,1799,1,14,HONDA CIVIC,6,E01021034,0,-1
2020420974783,2020,420974783,1,9,0,18,19,1,1,0,0,0,0,0,0,0,4,1,5,6,1,71,10,1798,1,7,HONDA CIVIC,5,E01021414,0,-1
202006Q168482,2020,06Q168482,2,9,0,18,19,3,7,0,0,1,0,0,0,0,1,1,6,6,3,-1,-1,1339,1,13,HONDA CIVIC,-1,-1,0,-1
2020531000591,2020,531000591,1,9,0,18,19,2,7,0,0,2,0,0,1,4,1,1,6,6,1,22,5,1590,1,16,HONDA CIVIC,2,E01022292,0,-1
2020500938639,2020,500938639,1,9,0,16,19,8,3,0,0,0,2,0,7,11,1,1,5,6,1,19,4,1998,1,18,HONDA CIVIC,7,E01020043,0,-1
2020440469291,2020,440469291,2,9,0,9,9,3,1,0,0,8,0,0,0,0,4,1,6,6,1,38,7,1799,1,14,HONDA CIVIC,4,E01017159,0,-1
2020010270156,2020,010270156,1,9,0,99,99,9,9,99,99,1,9,99,9,99,1,9,6,6,1,30,6,988,1,1,HONDA CIVIC,4,E01002866,0,-1
2020522005110,2020,522005110,2,9,0,9,9,3,1,0,0,8,0,0,0,0,1,1,6,6,1,29,6,1590,1,17,HONDA CIVIC,3,E01014622,0,-1
2020440454581,2020,440454581,1,9,0,18,19,1,5,0,0,8,0,0,0,0,1,1,2,2,1,48,8,1339,8,13,HONDA CIVIC,3,E01017129,0,-1
2020010241775,2020,010241775,1,9,0,9,9,1,7,0,0,5,0,0,0,0,4,1,6,6,1,25,5,1590,1,16,HONDA CIVIC,1,E01000552,0,-1
2020350990181,2020,350990181,2,9,0,3,3,3,7,0,0,0,0,0,0,0,2,1,6,6,2,38,7,1339,8,14,HONDA CIVIC,2,E01015612,0,-1
2020990972862,2020,990972862,1,9,0,9,9,5,4,0,0,8,0,0,0,0,3,1,5,6,2,67,10,1597,2,7,HONDA CIVIC,7,-1,0,-1
2020140982296,2020,140982296,2,9,0,18,19,4,8,0,0,0,0,0,0,0,1,1,6,6,1,-1,-1,1597,2,7,HONDA CIVIC,2,E01007651,0,-1
2020160980189,2020,160980189,1,9,0,18,19,1,5,0,0,0,0,0,1,0,1,1,6,6,1,21,5,2204,2,14,HONDA CIVIC,3,E01013254,0,-1
2020500981849,2020,500981849,2,9,0,18,19,1,5,0,0,0,0,0,0,0,2,1,5,6,1,63,9,2204,2,13,HONDA CIVIC,5,E01018900,0,-1
2020210979236,2020,210979236,1,9,0,18,19,3,7,0,0,0,0,0,0,0,1,1,5,6,1,36,7,2204,2,13,HONDA CIVIC,4,E01029820,0,-1
2020470974875,2020,470974875,1,9,0,16,19,4,6,0,0,1,5,0,0,0,1,1,5,6,1,72,10,1339,1,8,HONDA CIVIC,8,E01021163,0,-1
2020400967815,2020,400967815,1,9,0,18,19,8,4,0,0,4,0,0,0,0,1,1,6,6,1,37,7,2204,2,12,HONDA CIVIC,8,E01027064,0,-1
2020200996593,2020,200996593,1,9,0,18,19,4,8,0,0,6,0,0,0,0,3,1,2,2,1,29,6,1597,2,2,HONDA CIVIC,-1,-1,0,-1
2020522000432,2020,522000432,3,9,0,18,19,3,7,0,0,0,0,0,0,0,1,1,6,6,1,41,7,1396,1,19,HONDA CIVIC,5,E01014678,0,-1
2020552000709,2020,552000709,1,9,0,9,9,7,5,0,0,5,0,0,0,0,1,1,6,6,1,65,9,1590,1,16,HONDA CIVIC,4,E01015420,0,-1
2020622001018,2020,622001018,6,9,0,18,19,6,2,0,0,0,0,0,0,0,1,1,6,6,1,30,6,1339,1,13,HONDA CIVIC,6,W01001809,0,-1
2020420994491,2020,420994491,1,9,0,5,5,5,1,0,0,0,0,0,0,0,1,1,6,6,1,40,7,1339,1,13,HONDA CIVIC,5,E01016015,0,-1
2020010251783,2020,010251783,1,9,0,99,99,9,9,99,99,0,9,99,9,99,3,9,6,6,1,44,7,1799,1,14,HONDA CIVIC,5,E01003433,0,-1
2020010246011,2020,010246011,1,9,0,18,19,5,1,0,0,1,0,0,0,0,1,1,6,6,1,32,6,1799,1,14,HONDA CIVIC,3,E01004397,0,-1
2020220979353,2020,220979353,1,9,0,18,19,4,8,0,0,4,0,0,0,0,1,1,5,6,1,23,5,1396,1,20,HONDA CIVIC,5,E01028979,0,-1
202006L275663,2020,06L275663,1,9,0,9,9,6,3,0,0,1,0,0,0,1,1,1,2,2,2,32,6,1799,1,14,HONDA CIVIC,8,E01024939,0,-1
2020200971801,2020,200971801,1,9,0,15,15,8,4,0,0,0,1,0,0,0,1,1,6,6,3,-1,-1,1590,1,15,HONDA CIVIC,-1,-1,0,-1
2020010249285,2020,010249285,1,9,0,4,4,1,5,0,0,1,0,0,0,99,2,9,6,6,1,40,7,988,1,2,HONDA CIVIC,5,E01001271,0,-1
2020420920085,2020,420920085,1,9,0,3,3,3,7,0,0,0,0,0,0,0,1,1,6,6,1,23,5,2204,2,13,HONDA CIVIC,1,E01015867,0,-1
2020141003148,2020,141003148,1,9,0,18,19,7,3,0,0,0,0,0,8,6,1,1,2,2,1,32,6,2204,2,13,HONDA CIVIC,6,E01008002,0,-1
2020500954988,2020,500954988,2,9,0,5,5,5,1,0,0,1,0,0,0,0,0,1,6,6,1,22,5,1799,1,13,HONDA CIVIC,4,E01015071,0,-1
2020370980477,2020,370980477,2,9,0,18,19,7,3,0,0,0,0,0,0,0,1,1,5,6,2,63,9,1597,2,7,HONDA CIVIC,7,E01030095,0,-1
2020010266576,2020,010266576,1,9,0,18,19,3,7,0,0,0,0,0,0,0,3,1,6,6,1,36,7,1799,1,14,HONDA CIVIC,2,E01003037,0,-1
2020500927295,2020,500927295,2,9,0,18,19,2,6,0,0,8,0,0,0,0,1,1,1,1,1,43,7,1799,1,10,HONDA CIVIC,9,E01020266,0,-1
2020040958609,2020,040958609,1,9,0,18,19,7,3,0,0,8,0,0,0,0,1,1,5,6,1,25,5,1396,1,15,HONDA CIVIC,7,E01012614,0,-1
2020420976909,2020,420976909,2,9,0,3,3,1,5,0,0,4,0,0,0,0,2,1,6,6,1,45,7,1339,1,10,HONDA CIVIC,5,E01021522,0,-1
2020100997387,2020,100997387,3,9,0,2,2,3,7,0,0,2,0,0,0,0,3,1,5,6,1,33,6,1799,1,13,HONDA CIVIC,7,E01008434,0,-1
2020411013858,2020,411013858,2,9,0,18,19,3,7,0,0,8,0,0,0,0,1,1,6,6,1,22,5,1590,1,15,HONDA CIVIC,7,E01023736,0,-1
2020010239024,2020,010239024,1,9,0,18,19,5,1,9,9,1,0,7,1,10,1,1,6,6,1,27,6,1590,1,15,HONDA CIVIC,5,E01004450,0,-1
2020010256355,2020,010256355,1,9,0,18,19,1,5,0,0,8,0,0,0,0,1,9,6,6,1,38,7,1339,8,12,HONDA CIVIC,6,E01003434,0,-1
20201377N0909,2020,1377N0909,1,9,0,18,19,5,1,0,0,0,0,0,0,0,4,1,6,6,2,58,9,2204,2,12,HONDA CIVIC,-1,-1,0,-1
2020010237654,2020,010237654,1,9,0,9,9,8,7,0,0,2,0,0,0,0,3,1,2,2,2,54,8,2204,2,11,HONDA CIVIC,1,E01001429,0,-1
2020320450304,2020,320450304,3,9,0,7,7,1,5,0,0,1,1,0,0,0,3,1,6,6,1,67,10,1590,1,20,HONDA CIVIC,3,E01026110,0,-1
2020440065934,2020,440065934,2,9,0,18,19,3,7,0,0,0,0,0,0,0,2,1,2,2,2,48,8,1339,1,12,HONDA CIVIC,4,E01015321,0,-1
2020210983492,2020,210983492,1,9,0,9,9,8,6,0,0,2,0,0,0,0,3,1,6,6,1,19,4,1590,1,15,HONDA CIVIC,2,E01029604,0,-1
2020010263696,2020,010263696,1,9,0,18,19,7,3,0,0,0,0,0,1,10,1,1,6,6,2,46,8,1590,1,23,HONDA CIVIC,2,E01000867,0,-1
2020450994781,2020,450994781,2,9,0,18,19,5,1,0,0,1,0,0,0,0,1,1,5,6,2,41,7,2204,2,13,HONDA CIVIC,7,E01030832,0,-1
2020302000744,2020,302000744,1,9,0,18,19,8,4,0,0,8,0,0,0,0,3,1,6,6,2,22,5,1799,1,11,HONDA CIVIC,2,E01013571,0,-1
2020010278902,2020,010278902,1,9,0,99,99,9,9,99,99,9,9,99,9,99,3,9,6,6,2,46,8,1799,1,12,HONDA CIVIC,6,E01024152,0,-1
20201372H1437,2020,1372H1437,1,9,0,18,19,7,3,0,0,8,0,0,0,0,1,1,6,6,2,37,7,1339,1,11,HONDA CIVIC,2,E01010929,0,-1
202006Q175497,2020,06Q175497,1,9,0,18,19,2,6,0,0,0,0,0,0,0,4,1,6,6,1,41,7,1998,1,16,HONDA CIVIC,2,E01005461,0,-1
2020200929375,2020,200929375,2,9,0,18,19,3,3,0,0,6,0,0,0,0,1,1,6,6,1,54,8,1339,8,12,HONDA CIVIC,2,E01009481,0,-1
2020010232854,2020,010232854,1,9,0,18,19,1,5,0,0,1,0,0,0,0,1,1,6,6,2,57,9,1799,1,13,HONDA CIVIC,-1,-1,0,-1
2020010253596,2020,010253596,1,9,0,5,5,5,1,0,0,3,0,0,0,0,4,1,6,6,2,68,10,1339,1,9,HONDA CIVIC,7,E01002144,0,-1
2020440253667,2020,440253667,1,9,0,18,19,5,1,0,0,0,0,0,0,0,1,1,6,6,1,54,8,1493,1,21,HONDA CIVIC,6,E01023118,0,-1
2020420915478,2020,420915478,2,9,0,17,19,5,1,0,0,0,0,0,0,0,3,1,5,6,2,50,8,1799,1,12,HONDA CIVIC,4,E01015930,0,-1
2020010246060,2020,010246060,2,9,0,2,2,0,0,0,0,0,0,0,0,0,4,1,6,6,3,-1,-1,1597,2,7,HONDA CIVIC,-1,-1,0,-1
2020990971769,2020,990971769,1,9,0,18,19,1,5,0,0,0,0,0,0,0,1,1,5,6,1,25,5,1590,1,17,HONDA CIVIC,2,-1,0,-1
2020370975390,2020,370975390,1,9,0,18,19,6,2,0,0,0,0,0,0,0,1,1,1,1,1,23,5,1590,1,16,HONDA CIVIC,5,E01030187,0,-1
2020030943477,2020,030943477,2,9,0,18,19,3,7,0,0,1,0,0,0,0,3,1,1,1,2,44,7,1597,2,1,HONDA CIVIC,6,E01019346,0,-1
2020340N02502,2020,340N02502,1,9,0,18,19,7,3,0,0,8,0,0,0,0,0,1,1,1,1,23,5,1799,1,12,HONDA CIVIC,5,E01027158,0,-1
2020010261106,2020,010261106,1,9,0,18,19,1,5,0,0,4,0,10,8,11,3,1,6,6,2,63,9,1799,1,11,HONDA CIVIC,7,E01001314,0,-1
2020500978928,2020,500978928,1,9,0,18,19,1,5,0,0,0,0,0,0,0,1,1,6,6,1,49,8,1590,1,18,HONDA CIVIC,2,E01020277,0,-1
2020052002197,2020,052002197,2,9,0,7,7,8,2,0,0,5,0,0,0,0,1,2,6,6,1,37,7,2204,2,11,HONDA CIVIC,2,E01007139,0,-1
2020010262617,2020,010262617,2,9,9,99,99,9,9,0,0,4,0,0,0,0,3,1,6,6,1,24,5,1799,1,10,HONDA CIVIC,2,E01003557,0,-1
2020500925355,2020,500925355,1,9,0,18,19,2,6,0,0,0,5,0,2,7,4,1,1,1,1,27,6,1590,1,22,HONDA CIVIC,5,E01033345,0,-1
2020451010017,2020,451010017,4,9,0,3,3,7,3,0,0,4,0,0,0,0,4,1,5,6,2,26,6,1798,1,3,HONDA CIVIC,9,E01030559,0,-1
2020100918846,2020,100918846,2,9,0,18,19,7,3,0,0,1,1,0,0,0,1,1,2,2,1,25,5,1396,1,17,HONDA CIVIC,3,E01008576,0,-1
2020470950284,2020,470950284,1,9,0,18,19,6,2,0,0,0,5,0,1,10,1,1,6,6,1,24,5,1998,1,15,HONDA CIVIC,6,E01031514,0,-1
2020160948414,2020,160948414,1,9,0,5,5,1,5,0,0,4,0,0,0,0,1,1,6,6,2,63,9,1798,1,5,HONDA CIVIC,1,E01012917,0,-1
2020522002576,2020,522002576,2,9,0,5,5,8,4,0,0,6,0,0,0,0,1,1,6,6,1,19,4,1339,1,11,HONDA CIVIC,6,E01014614,0,-1
2020450921312,2020,450921312,1,9,0,18,19,1,5,0,0,1,0,0,0,0,1,1,6,6,1,67,10,1590,1,15,HONDA CIVIC,10,E01030475,0,-1
2020010264590,2020,010264590,2,9,0,3,3,7,3,0,0,1,0,4,0,0,2,1,6,6,1,33,6,1493,1,24,HONDA CIVIC,3,E01001192,0,-1
2020010262211,2020,010262211,1,9,0,18,19,3,7,0,0,0,0,4,0,0,1,1,6,6,2,62,9,1339,8,14,HONDA CIVIC,2,E01000600,0,-1
2020010283670,2020,010283670,1,9,0,17,19,3,7,0,0,0,0,0,0,0,1,1,2,2,1,39,7,1339,1,7,HONDA CIVIC,4,E01001221,0,-1
2020500944188,2020,500944188,1,9,0,18,19,5,1,0,0,0,0,0,0,0,0,1,6,6,2,58,9,1798,1,4,HONDA CIVIC,5,E01015164,0,-1
2020990915495,2020,990915495,1,9,0,9,9,8,5,0,0,8,0,0,0,0,1,1,2,2,1,25,5,1668,1,19,HONDA CIVIC,5,-1,0,-1
2020210993595,2020,210993595,1,9,-1,-1,-1,-1,-1,-1,-1,-1,-1,-1,-1,0,-1,1,1,1,1,40,7,1799,1,12,HONDA CIVIC,2,E01029426,0,-1
2020137AG0740,2020,137AG0740,2,9,0,18,19,7,3,0,0,0,0,0,0,0,1,1,6,6,1,64,9,1799,1,12,HONDA CIVIC,-1,-1,0,-1