collision_index,collision_year,collision_ref_no,vehicle_reference,vehicle_type,towing_and_articulation,vehicle_manoeuvre_historic,vehicle_manoeuvre,vehicle_direction_from,vehicle_direction_to,vehicle_location_restricted_lane_historic,vehicle_location_restricted_lane,junction_location,skidding_and_overturning,hit_object_in_carriageway,vehicle_leaving_carriageway,hit_object_off_carriageway,first_point_of_impact,vehicle_left_hand_drive,journey_purpose_of_driver_historic,journey_purpose_of_driver,sex_of_driver,age_of_driver,age_band_of_driver,engine_capacity_cc,propulsion_code,age_of_vehicle,generic_make_model,driver_imd_decile,lsoa_of_driver,escooter_flag,driver_distance_banding
2020530926275,2020,530926275,1,9,0,5,5,5,3,0,0,0,0,0,0,0,1,1,2,2,2,40,7,2204,2,12,HONDA CIVIC,4,E01032936,0,-1
2020522004346,2020,522004346,3,9,0,18,19,5,1,0,0,1,0,0,0,0,1,1,6,6,3,-1,-1,1998,1,9,HONDA CIVIC,-1,-1,0,-1
2020100980287,2020,100980287,1,9,0,4,4,1,5,0,0,0,1,0,0,0,1,1,6,6,1,33,6,1597,2,4,HONDA CIVIC,3,E01008857,0,-1
2020010242333,2020,010242333,1,9,0,5,5,0,1,0,0,1,0,4,0,0,1,1,6,6,2,74,10,1590,1,16,HONDA CIVIC,-1,-1,0,-1
2020210952443,2020,210952443,1,9,0,7,7,6,1,0,0,4,0,0,0,0,1,1,2,2,1,-1,-1,1799,1,10,HONDA CIVIC,9,E01029546,0,-1
2020320579661,2020,320579661,2,9,0,2,2,0,0,0,0,0,0,4,0,0,3,1,6,6,3,40,7,1998,1,12,HONDA CIVIC,-1,-1,0,-1
2020440175660,2020,440175660,1,9,0,14,14,6,2,0,0,0,1,4,0,0,1,1,6,6,1,25,5,1396,1,22,HONDA CIVIC,2,E01033237,0,-1
2020500962217,2020,500962217,1,9,0,7,7,3,6,0,0,6,0,10,0,0,1,1,2,2,2,24,5,2204,2,13,HONDA CIVIC,1,E01015075,0,-1
2020440484130,2020,440484130,2,9,0,18,19,5,1,0,0,8,0,0,0,0,1,1,6,6,2,52,8,2204,2,11,HONDA CIVIC,10,E01022744,0,-1
2020470937020,2020,470937020,2,9,0,18,19,6,2,0,0,1,0,0,0,0,1,1,2,2,1,39,7,1590,1,15,HONDA CIVIC,6,E01024833,0,-1
2020450966794,2020,450966794,1,9,0,17,19,7,3,0,0,0,5,0,2,10,4,1,1,1,1,82,11,988,1,3,HONDA CIVIC,6,E01030633,0,-1
2020990961898,2020,990961898,2,9,0,9,9,8,6,0,0,1,1,0,8,11,4,1,2,2,1,23,5,1998,1,16,HONDA CIVIC,3,-1,0,-1
2020470982034,2020,470982034,1,9,0,16,19,2,5,0,0,0,1,10,2,4,1,1,5,6,1,31,6,1998,1,18,HONDA CIVIC,8,E01030575,0,-1
2020552001018,2020,552001018,1,9,0,18,19,4,8,0,0,6,0,0,0,0,1,1,3,7,1,54,8,1799,1,10,HONDA CIVIC,6,E01004493,0,-1
2020010270672,2020,010270672,1,9,0,7,7,1,4,0,0,1,0,0,0,0,3,1,2,2,1,57,9,1799,1,9,HONDA CIVIC,4,E01003098,0,-1
2020010234048,2020,010234048,2,9,0,2,2,0,0,0,0,2,0,0,0,0,3,1,6,6,3,-1,-1,1590,1,16,HONDA CIVIC,-1,-1,0,-1
2020010229484,2020,010229484,2,9,0,99,99,9,9,99,99,9,9,99,9,99,1,9,6,6,3,-1,-1,1799,1,13,HONDA CIVIC,-1,-1,0,-1
2020430320800,2020,430320800,2,9,0,9,9,4,2,0,0,6,0,0,0,0,1,1,6,6,1,-1,-1,1339,1,11,HONDA CIVIC,-1,-1,0,-1
2020010255361,2020,010255361,1,9,0,2,2,0,0,0,0,0,0,0,0,0,3,1,6,6,3,-1,-1,1686,2,15,HONDA CIVIC,-1,-1,0,-1
20201371U0383,2020,1371U0383,1,9,0,18,19,1,5,0,0,4,0,0,0,0,1,1,6,6,1,41,7,1799,1,14,HONDA CIVIC,8,E01011590,0,-1
2020622000833,2020,622000833,2,9,0,18,19,4,8,0,0,0,0,0,0,0,1,1,6,6,1,63,9,2199,2,8,HONDA CIVIC,6,W01000829,0,-1
2020990972314,2020,990972314,1,9,0,10,10,8,6,0,0,6,0,0,0,0,4,1,6,6,1,68,10,1597,2,7,HONDA CIVIC,2,-1,0,-1
2020010232094,2020,010232094,1,9,0,9,9,1,7,0,0,1,0,0,0,0,0,1,6,6,1,19,4,1590,1,16,HONDA CIVIC,2,E01003599,0,-1
2020350978748,2020,350978748,1,9,0,1,1,7,3,4,4,0,0,0,0,0,2,1,5,6,1,86,11,1396,1,22,HONDA CIVIC,6,E01017951,0,-1
2020990970473,2020,990970473,1,9,0,17,19,2,6,0,0,0,2,0,1,7,1,1,6,6,1,23,5,1590,1,15,HONDA CIVIC,4,-1,0,-1
2020122000211,2020,122000211,1,9,0,10,10,5,1,0,0,0,0,0,0,0,2,1,3,7,2,41,7,1396,1,15,HONDA CIVIC,9,E01027556,0,-1
2020200928602,2020,200928602,2,9,0,2,2,0,0,0,0,0,0,0,0,0,2,1,5,6,1,23,5,988,1,1,HONDA CIVIC,2,E01010312,0,-1
2020111018507,2020,111018507,1,9,0,9,9,5,1,0,0,1,0,0,0,0,1,1,6,6,1,37,7,1396,1,18,HONDA CIVIC,2,E01012342,0,-1
2020541646020,2020,541646020,1,9,0,13,13,4,8,0,0,0,1,0,1,2,1,1,6,6,1,19,4,1998,1,16,HONDA CIVIC,2,E01031981,0,-1
2020451001988,2020,451001988,1,9,0,18,19,2,6,0,0,8,0,0,0,0,1,1,5,6,2,55,8,1590,1,17,HONDA CIVIC,8,E01030708,0,-1
2020460938365,2020,460938365,2,9,0,4,4,3,7,0,0,0,0,0,0,0,2,1,6,6,2,53,8,1799,1,10,HONDA CIVIC,9,E01024416,0,-1
2020990998746,2020,990998746,3,9,0,18,19,2,6,0,0,0,1,0,0,0,1,1,2,2,1,33,6,2204,2,12,HONDA CIVIC,8,-1,0,-1
2020230968803,2020,230968803,1,9,0,18,19,2,7,0,0,3,0,0,0,0,1,1,5,6,2,32,6,1597,2,5,HONDA CIVIC,10,E01031100,0,-1
2020450923117,2020,450923117,2,9,0,18,19,1,5,0,0,8,0,0,0,0,1,1,5,6,2,47,8,1798,1,8,HONDA CIVIC,9,E01030772,0,-1
20201377I1724,2020,1377I1724,1,9,0,9,9,1,7,0,0,1,0,0,0,0,1,1,6,6,1,37,7,2204,2,14,HONDA CIVIC,5,E01010746,0,-1
2020010233356,2020,010233356,1,9,0,18,19,2,6,0,0,2,0,0,0,0,1,1,6,6,1,57,9,1799,1,14,HONDA CIVIC,2,E01001486,0,-1
20201371R0409,2020,1371R0409,2,9,0,18,19,4,8,0,0,0,0,0,0,0,3,1,6,6,1,49,8,2204,2,12,HONDA CIVIC,8,E01011590,0,-1
2020200943315,2020,200943315,1,9,0,18,19,3,7,0,0,0,0,0,0,0,1,1,6,6,1,-1,-1,1799,1,13,HONDA CIVIC,-1,-1,0,-1
2020450940230,2020,450940230,1,9,0,9,9,5,3,0,0,6,0,0,0,0,1,1,2,2,2,40,7,1799,1,14,HONDA CIVIC,10,E01030489,0,-1
2020010252854,2020,010252854,1,9,0,99,99,9,9,99,99,9,9,99,9,99,9,9,6,6,1,31,6,1339,8,14,HONDA CIVIC,3,E01003519,0,-1
2020990973764,2020,990973764,1,9,0,2,2,0,0,0,0,1,0,0,0,0,3,2,5,6,1,54,8,1597,2,4,HONDA CIVIC,6,-1,0,-1
2020010258298,2020,010258298,3,9,0,18,19,5,1,0,0,1,0,0,0,0,1,1,6,6,1,27,6,1686,2,16,HONDA CIVIC,3,E01004325,0,-1
2020470937725,2020,470937725,1,9,0,17,19,5,2,0,0,0,2,0,1,4,1,1,5,6,1,21,5,1590,1,18,HONDA CIVIC,9,E01031728,0,-1
2020010271409,2020,010271409,2,9,0,2,2,0,0,0,0,1,0,0,0,0,2,1,6,6,3,-1,-1,1590,1,16,HONDA CIVIC,-1,-1,0,-1
2020461004110,2020,461004110,1,9,0,18,19,5,1,0,0,2,1,10,2,4,4,1,1,1,1,23,5,1396,1,21,HONDA CIVIC,1,E01024498,0,-1
2020990930483,2020,990930483,1,9,0,4,4,3,7,0,0,0,0,4,0,0,1,1,6,6,1,62,9,1799,1,12,HONDA CIVIC,10,-1,0,-1
2020470993301,2020,470993301,1,9,0,9,9,3,1,0,0,1,0,0,0,0,4,1,6,6,3,-1,-1,1799,1,14,HONDA CIVIC,-1,-1,0,-1
2020122100092,2020,122100092,4,9,0,4,4,7,3,0,0,0,0,0,0,0,2,1,6,6,1,74,10,1498,1,1,HONDA CIVIC,1,E01011492,0,-1
2020010233075,2020,010233075,3,9,0,2,2,0,0,0,0,0,0,0,0,0,2,1,6,6,3,-1,-1,1597,2,5,HONDA CIVIC,-1,-1,0,-1
2020200990498,2020,200990498,1,9,0,18,19,6,2,0,0,1,0,4,0,0,1,1,6,6,1,16,4,1396,1,22,HONDA CIVIC,1,E01009016,0,-1
2020420922655,2020,420922655,2,9,0,18,19,1,5,0,0,0,0,0,0,0,2,1,6,6,1,26,6,2204,2,14,HONDA CIVIC,8,E01021400,0,-1
2020360998684,2020,360998684,1,9,0,18,19,7,3,0,0,0,0,0,0,0,0,1,1,1,1,25,5,1597,2,2,HONDA CIVIC,4,E01026660,0,-1
2020031008048,2020,031008048,1,9,0,18,19,1,5,0,0,0,0,8,0,0,4,1,6,6,2,31,6,1798,1,8,HONDA CIVIC,4,E01019260,0,-1
2020470973961,2020,470973961,2,9,0,16,19,8,2,0,0,0,0,0,0,0,3,1,5,6,1,27,6,1339,1,14,HONDA CIVIC,5,E01021079,0,-1
2020030957893,2020,030957893,2,9,0,18,19,5,1,0,0,0,0,0,1,9,1,1,6,6,1,34,6,1799,1,14,HONDA CIVIC,3,E01019272,0,-1
2020990953625,2020,990953625,1,9,0,4,4,3,8,0,0,0,0,0,0,0,4,1,5,6,1,45,7,1396,1,15,HONDA CIVIC,-1,-1,0,-1
2020440408212,2020,440408212,2,9,0,18,19,2,6,0,0,8,0,0,0,0,3,1,6,6,1,33,6,1998,1,13,HONDA CIVIC,9,E01023174,0,-1
2020370967870,2020,370967870,1,9,0,14,14,5,1,0,0,0,0,0,0,0,3,1,5,6,1,35,6,1686,2,15,HONDA CIVIC,6,E01030064,0,-1
2020010238138,2020,010238138,2,9,0,9,9,8,6,0,0,1,0,0,0,0,3,1,6,6,2,26,6,1339,1,13,HONDA CIVIC,6,E01003226,0,-1
2020350936546,2020,350936546,3,9,0,18,19,3,7,0,0,0,0,0,0,0,2,1,2,2,1,44,7,1590,1,16,HONDA CIVIC,10,E01017413,0,-1
2020470956096,2020,470956096,1,9,0,18,19,7,3,0,0,2,0,0,8,3,1,1,5,6,2,50,8,1339,1,7,HONDA CIVIC,9,E01021191,0,-1
20201378M0765,2020,1378M0765,2,9,0,18,19,5,1,0,0,8,0,0,0,0,4,1,6,6,1,66,10,2204,2,11,HONDA CIVIC,-1,-1,0,-1
2020070654883,2020,070654883,1,9,0,17,19,8,4,0,0,0,1,0,2,1,4,1,6,6,1,32,6,2204,2,13,HONDA CIVIC,1,E01005219,0,-1
2020470964391,2020,470964391,1,9,0,18,19,7,3,0,0,0,0,0,0,0,1,1,6,6,1,21,5,1590,1,15,HONDA CIVIC,3,E01021185,0,-1
2020170S11030,2020,170S11030,1,9,0,9,9,2,8,0,0,8,0,0,0,0,1,1,6,6,1,29,6,1799,1,9,HONDA CIVIC,-1,-1,0,-1
2020010267316,2020,010267316,1,9,0,18,19,3,7,0,0,0,0,0,0,0,3,1,6,6,1,50,8,1590,1,18,HONDA CIVIC,8,E01002106,0,-1
2020221020992,2020,221020992,2,9,0,4,4,2,6,0,0,0,0,0,0,0,2,1,6,6,1,71,10,1798,1,7,HONDA CIVIC,5,E01014101,0,-1
2020200997124,2020,200997124,2,9,0,18,19,8,4,0,0,1,0,0,0,0,2,1,6,6,1,-1,-1,1396,1,17,HONDA CIVIC,-1,-1,0,-1
2020450982548,2020,450982548,2,9,0,18,19,8,4,0,0,0,0,0,0,0,1,1,5,6,2,41,7,1799,1,10,HONDA CIVIC,7,E01030741,0,-1
2020430438740,2020,430438740,1,9,0,18,19,1,5,0,0,1,0,0,0,0,4,1,6,6,2,23,5,1799,1,13,HONDA CIVIC,9,E01033194,0,-1
2020522004604,2020,522004604,2,9,0,18,19,6,2,0,0,5,0,0,0,0,2,1,6,6,1,57,9,1590,1,18,HONDA CIVIC,8,E01014755,0,-1
2020501016805,2020,501016805,2,9,0,3,3,1,5,0,0,0,0,0,1,0,1,1,1,1,1,36,7,1590,1,18,HONDA CIVIC,1,E01018930,0,-1
2020320355138,2020,320355138,1,9,0,13,13,8,4,0,0,0,5,0,7,9,4,1,6,6,1,43,7,988,1,1,HONDA CIVIC,7,E01026188,0,-1
2020052000832,2020,052000832,4,9,0,2,2,0,0,0,0,1,0,0,0,0,4,1,6,6,3,-1,-1,988,1,2,HONDA CIVIC,-1,-1,0,-1
2020440365246,2020,440365246,1,9,0,18,19,2,6,0,0,0,0,0,0,0,3,1,6,6,1,28,6,1493,1,20,HONDA CIVIC,7,E01032618,0,-1
2020440419159,2020,440419159,1,9,0,17,19,4,8,0,0,0,0,0,1,4,1,1,6,6,1,18,4,1590,1,22,HONDA CIVIC,5,E01017317,0,-1
202031B046320,2020,31B046320,1,9,0,18,19,5,1,0,0,1,0,0,0,0,1,1,6,6,1,23,5,1396,1,16,HONDA CIVIC,1,E01028065,0,-1
2020200989740,2020,200989740,1,9,0,2,2,0,0,0,0,1,0,0,0,0,3,1,6,6,1,-1,-1,1590,1,19,HONDA CIVIC,3,E01009989,0,-1
2020470978285,2020,470978285,1,9,0,5,5,1,3,0,0,6,0,0,0,0,1,1,6,6,1,23,5,1339,1,14,HONDA CIVIC,8,E01021197,0,-1
2020200996524,2020,200996524,1,9,0,5,5,1,5,0,0,0,0,6,0,0,1,1,1,1,1,80,11,1396,1,18,HONDA CIVIC,1,E01009489,0,-1
2020991005250,2020,991005250,1,9,0,18,19,7,2,0,0,1,0,0,0,0,1,1,6,6,1,39,7,1668,1,18,HONDA CIVIC,6,-1,0,-1
2020500987408,2020,500987408,1,9,0,18,19,2,6,0,0,0,1,0,0,0,1,1,2,2,1,26,6,1998,1,18,HONDA CIVIC,5,E01020278,0,-1
2020440476207,2020,440476207,3,9,0,3,3,8,2,0,0,8,0,0,0,0,2,1,6,6,1,27,6,1799,1,13,HONDA CIVIC,2,E01017165,0,-1
2020320057639,2020,320057639,2,9,0,18,19,1,5,0,0,0,0,0,0,0,1,1,6,6,1,56,9,988,1,2,HONDA CIVIC,7,E01026340,0,-1
2020200988127,2020,200988127,1,9,0,18,19,2,6,0,0,0,0,0,0,0,1,1,6,6,2,26,6,988,1,1,HONDA CIVIC,1,E01010080,0,-1
2020990951035,2020,990951035,1,9,0,9,9,7,5,0,0,6,0,0,0,0,1,1,5,6,1,27,6,1799,1,14,HONDA CIVIC,7,-1,0,-1
2020230934937,2020,230934937,1,9,0,18,19,1,5,0,0,0,0,0,0,0,1,1,5,6,1,26,6,1339,1,4,HONDA CIVIC,2,E01025856,0,-1
2020010239878,2020,010239878,1,9,0,5,5,3,7,0,0,4,0,0,0,0,3,1,2,2,1,23,5,1493,1,24,HONDA CIVIC,6,E01000332,0,-1
2020430111735,2020,430111735,1,9,0,17,19,1,6,0,0,0,0,0,0,0,1,1,2,2,2,31,6,1590,1,19,HONDA CIVIC,2,E01016848,0,-1
2020460983770,2020,460983770,1,9,0,9,9,3,7,0,0,1,0,0,0,0,4,1,6,6,1,-1,-1,2204,2,14,HONDA CIVIC,1,E01016049,0,-1
2020052001127,2020,052001127,3,9,0,18,19,6,2,0,0,1,0,0,0,0,3,1,6,6,2,28,6,1799,1,12,HONDA CIVIC,1,E01006861,0,-1
202006P276118,2020,06P276118,1,9,0,6,6,5,5,0,0,0,0,0,0,0,1,1,6,6,1,51,8,988,1,1,HONDA CIVIC,3,E01005479,0,-1
2020040935199,2020,040935199,2,9,0,3,3,1,5,0,0,0,0,0,0,0,2,1,5,6,1,75,10,1798,1,7,HONDA CIVIC,4,E01025213,0,-1
2020440372066,2020,440372066,2,9,0,18,19,1,5,0,0,8,0,0,0,0,1,1,3,7,2,34,6,1339,1,12,HONDA CIVIC,9,E01032753,0,-1
2020421001021,2020,421001021,1,9,0,18,19,7,3,0,0,1,0,0,0,0,1,1,6,6,2,39,7,1799,1,14,HONDA CIVIC,-1,-1,0,-1
2020440373309,2020,440373309,1,9,0,18,19,5,1,0,0,7,0,0,7,1,1,1,6,6,1,29,6,1597,2,0,HONDA CIVIC,4,E01022723,0,-1
2020010258990,2020,010258990,1,9,0,99,99,9,9,99,99,9,9,99,9,99,3,9,6,6,2,33,6,1590,1,15,HONDA CIVIC,3,E01004125,0,-1
2020522003938,2020,522003938,1,9,0,18,19,1,5,0,0,0,0,0,0,0,1,1,6,6,1,70,10,1798,1,8,HONDA CIVIC,-1,-1,0,-1
202006A370658,2020,06A370658,2,9,0,18,19,5,1,0,0,1,0,0,0,0,1,1,6,6,2,52,8,1590,1,18,HONDA CIVIC,-1,-1,0,-1
20201373C0416,2020,1373C0416,3,9,0,18,19,4,8,0,0,0,0,0,0,0,3,1,6,6,1,53,8,2204,2,13,HONDA CIVIC,1,E01010653,0,-1
2020221017581,2020,221017581,1,9,0,5,5,2,6,0,0,4,0,0,0,0,1,1,1,1,1,25,5,1339,1,9,HONDA CIVIC,4,E01028945,0,-1
2020400950369,2020,400950369,3,9,0,2,2,0,0,6,6,0,0,0,0,0,3,1,5,6,1,-1,-1,1339,8,15,HONDA CIVIC,2,E01017492,0,-1
2020350928600,2020,350928600,1,9,0,18,19,8,4,0,0,0,0,0,0,0,1,1,6,6,1,-1,-1,1597,2,7,HONDA CIVIC,7,E01026338,0,-1
2020420959663,2020,420959663,1,9,0,1,1,2,7,0,0,0,0,0,0,0,2,1,6,6,1,20,4,1590,1,15,HONDA CIVIC,7,E01021627,0,-1
2020100914707,2020,100914707,1,9,0,9,9,5,3,0,0,0,0,0,0,0,3,1,5,6,1,35,6,1799,1,12,HONDA CIVIC,1,E01008305,0,-1
2020010258523,2020,010258523,2,9,0,7,7,7,1,0,0,0,0,0,0,0,4,1,6,6,1,35,6,1339,8,11,HONDA CIVIC,3,E01001116,0,-1
2020200940619,2020,200940619,2,9,0,18,19,3,7,0,0,0,0,0,0,0,1,1,6,6,2,23,5,1339,1,11,HONDA CIVIC,1,E01033637,0,-1
2020010240528,2020,010240528,1,9,0,7,7,6,1,0,0,2,0,0,0,0,0,1,6,6,2,52,8,1799,1,13,HONDA CIVIC,2,E01003265,0,-1
2020340W05202,2020,340W05202,2,9,0,11,11,4,8,0,0,3,0,0,0,0,4,1,2,2,1,26,6,1597,2,4,HONDA CIVIC,7,E01027321,0,-1
2020010236886,2020,010236886,1,9,0,9,9,8,5,0,0,1,0,0,0,0,1,1,6,6,1,48,8,1799,1,9,HONDA CIVIC,2,E01003046,0,-1
2020451005440,2020,451005440,2,9,0,16,19,1,5,0,0,1,0,0,0,0,3,1,1,1,2,32,6,988,1,3,HONDA CIVIC,8,E01030591,0,-1
202031B045720,2020,31B045720,1,9,0,18,19,3,7,0,0,8,0,10,1,2,1,1,6,6,1,31,6,1998,1,15,HONDA CIVIC,6,E01028024,0,-1
202006E277790,2020,06E277790,1,9,0,18,19,5,1,0,0,2,0,0,0,0,1,1,2,2,1,23,5,1339,1,9,HONDA CIVIC,1,E01005232,0,-1
20201371M1939,2020,1371M1939,2,9,0,18,19,2,6,0,0,8,0,0,7,11,1,1,6,6,1,21,5,1998,1,13,HONDA CIVIC,6,E01027562,0,-1
2020140965948,2020,140965948,1,9,0,16,19,1,7,0,0,0,2,0,1,9,3,1,5,6,1,23,5,1595,1,21,HONDA CIVIC,6,E01005846,0,-1
2020302000080,2020,302000080,2,9,0,4,4,8,4,0,0,0,0,0,0,0,0,1,6,6,3,-1,-1,1396,1,17,HONDA CIVIC,5,E01019456,0,-1
2020430231861,2020,430231861,2,9,0,18,19,3,7,0,0,0,5,10,0,0,1,1,6,6,1,-1,-1,1396,1,18,HONDA CIVIC,-1,-1,0,-1
2020040997334,2020,040997334,2,9,0,18,19,5,1,0,0,0,0,0,0,0,2,1,5,6,1,23,5,988,1,3,HONDA CIVIC,9,E01024983,0,-1
2020552000619,2020,552000619,1,9,0,18,19,6,2,0,0,0,5,6,2,10,4,1,6,6,1,46,8,2204,2,13,HONDA CIVIC,4,E01020438,0,-1
2020200933839,2020,200933839,2,9,0,18,19,4,8,0,0,8,0,0,0,0,4,1,6,6,2,31,6,1799,1,12,HONDA CIVIC,5,E01009031,0,-1
2020430298985,2020,430298985,3,9,0,18,19,5,1,0,0,1,0,0,0,0,4,1,6,6,3,-1,-1,1799,1,14,HONDA CIVIC,-1,-1,0,-1
2020010248602,2020,010248602,1,9,0,18,19,7,3,0,0,1,0,0,0,0,1,1,2,2,1,42,7,1339,8,13,HONDA CIVIC,9,E01024819,0,-1
2020990988673,2020,990988673,1,9,0,16,19,1,5,0,0,0,2,0,1,0,4,1,5,6,1,27,6,1996,1,4,HONDA CIVIC,4,-1,0,-1
2020010274027,2020,010274027,1,9,0,99,99,9,9,99,99,9,9,99,9,99,9,9,6,6,1,61,9,1799,1,12,HONDA CIVIC,7,E01004291,0,-1
2020201020171,2020,201020171,3,9,0,2,2,0,0,0,0,1,0,4,0,0,1,1,6,6,2,-1,-1,1339,1,11,HONDA CIVIC,-1,-1,0,-1
2020201004174,2020,201004174,2,9,0,1,1,6,2,0,0,6,0,0,0,0,4,1,6,6,3,-1,-1,1799,1,12,HONDA CIVIC,-1,-1,0,-1
2020522003542,2020,522003542,2,9,0,18,19,1,3,0,0,4,0,0,0,0,1,1,6,6,1,57,9,1798,1,4,HONDA CIVIC,9,E01014794,0,-1
2020010241267,2020,010241267,1,9,0,99,99,9,9,99,99,9,9,99,9,99,2,9,6,6,2,58,9,1498,1,1,HONDA CIVIC,8,E01002575,0,-1
2020010283761,2020,010283761,4,9,0,18,19,3,7,0,0,1,0,0,0,0,1,1,6,6,1,29,6,1998,1,13,HONDA CIVIC,4,E01002180,0,-1
2020040923466,2020,040923466,1,9,0,9,9,3,1,0,0,6,0,0,0,0,3,1,5,6,1,30,6,2204,2,13,HONDA CIVIC,3,E01025069,0,-1
2020990923262,2020,990923262,1,9,0,4,4,8,4,0,0,0,0,0,0,0,1,1,5,6,1,51,8,2199,2,8,HONDA CIVIC,-1,-1,0,-1
2020221014176,2020,221014176,1,9,0,10,10,8,6,0,0,8,0,0,0,0,2,1,5,6,1,46,8,2204,2,14,HONDA CIVIC,2,E01013994,0,-1
2020450937504,2020,450937504,3,9,0,4,4,5,1,0,0,0,1,0,0,0,1,1,6,6,1,45,7,1799,1,14,HONDA CIVIC,-1,-1,0,-1
2020010266910,2020,010266910,1,9,0,3,3,3,7,0,0,2,0,0,0,0,3,1,2,2,1,60,9,1339,1,9,HONDA CIVIC,4,E01001260,0,-1
2020010231690,2020,010231690,1,9,0,99,99,9,9,99,99,2,9,99,9,99,2,9,2,2,2,47,8,1799,1,13,HONDA CIVIC,6,E01024180,0,-1
2020990931548,2020,990931548,1,9,0,9,9,8,5,0,0,8,1,0,0,0,4,1,4,7,1,18,4,988,1,3,HONDA CIVIC,4,-1,0,-1
2020010231277,2020,010231277,1,9,0,3,3,8,4,0,0,4,0,0,0,0,0,1,6,6,1,62,9,1799,1,10,HONDA CIVIC,8,E01002106,0,-1
2020010243605,2020,010243605,2,9,0,9,9,3,1,0,0,1,0,0,0,0,1,1,6,6,2,33,6,1590,1,17,HONDA CIVIC,2,E01002056,0,-1
2020302000573,2020,302000573,1,9,0,9,9,3,1,0,0,2,0,0,0,0,1,1,6,6,1,25,5,1339,1,13,HONDA CIVIC,2,E01013814,0,-1
2020137B41699,2020,137B41699,2,9,0,3,3,3,7,0,0,0,0,0,0,0,2,1,6,6,1,19,4,1339,1,11,HONDA CIVIC,4,E01011908,0,-1
202054A584620,2020,54A584620,2,9,0,18,19,5,1,0,0,0,0,0,0,0,3,1,2,2,2,30,6,2204,2,14,HONDA CIVIC,-1,-1,0,-1
2020010252235,2020,010252235,2,9,0,9,9,5,3,0,0,5,0,0,0,0,1,1,6,6,1,33,6,1799,1,11,HONDA CIVIC,2,E01003633,0,-1
2020010257072,2020,010257072,3,9,0,2,2,0,0,6,6,0,0,4,0,0,0,1,6,6,3,-1,-1,1339,8,12,HONDA CIVIC,-1,-1,0,-1
2020320063774,2020,320063774,2,9,0,2,2,1,5,0,0,0,0,0,0,0,2,1,6,6,2,57,9,1998,1,16,HONDA CIVIC,3,E01026055,0,-1
2020052001546,2020,052001546,2,9,0,4,4,5,1,0,0,0,0,0,0,0,2,1,6,6,1,76,11,1396,1,20,HONDA CIVIC,8,E01007308,0,-1
2020170H10040,2020,170H10040,2,9,0,18,19,6,2,0,0,8,0,0,0,0,1,1,1,1,2,61,9,1799,1,11,HONDA CIVIC,1,E01020736,0,-1
2020552000428,2020,552000428,1,9,0,18,19,5,1,0,0,0,5,0,7,10,1,1,6,6,1,19,4,1590,1,15,HONDA CIVIC,4,E01020574,0,-1
2020201006014,2020,201006014,2,9,0,18,19,7,3,0,0,8,0,0,0,0,1,1,1,1,1,29,6,1799,1,12,HONDA CIVIC,10,E01009780,0,-1
2020371008850,2020,371008850,1,9,0,18,19,1,5,0,0,1,0,0,0,0,1,1,6,6,1,20,4,1590,1,18,HONDA CIVIC,5,E01030138,0,-1
2020370953266,2020,370953266,1,9,0,5,5,1,5,0,0,4,0,0,0,0,3,1,1,1,2,23,5,2204,2,14,HONDA CIVIC,10,E01030172,0,-1
2020010242269,2020,010242269,1,9,0,18,19,7,3,0,0,8,0,7,3,2,1,2,6,6,1,22,5,1799,1,13,HONDA CIVIC,3,E01001166,0,-1
2020360926108,2020,360926108,1,9,0,7,7,6,8,0,0,8,0,0,0,0,4,1,2,2,1,26,6,1493,1,20,HONDA CIVIC,8,E01026855,0,-1
2020052000577,2020,052000577,1,9,0,18,19,3,7,0,0,8,0,0,0,0,3,1,6,6,2,54,8,1597,2,5,HONDA CIVIC,10,E01018561,0,-1
2020010244670,2020,010244670,2,9,0,18,19,1,5,0,0,8,0,0,0,0,1,1,6,6,1,29,6,1597,2,6,HONDA CIVIC,2,E01003729,0,-1
2020010280736,2020,010280736,1,9,0,99,99,9,9,99,99,9,9,99,9,99,2,9,2,2,1,39,7,1339,1,17,HONDA CIVIC,6,E01001253,0,-1
2020200936350,2020,200936350,2,9,0,4,4,2,6,0,0,8,0,0,0,0,1,1,6,6,2,24,5,1339,1,13,HONDA CIVIC,1,E01010029,0,-1
2020010286962,2020,010286962,1,9,0,9,9,1,6,0,0,5,0,0,0,0,1,1,2,2,1,32,6,1339,1,12,HONDA CIVIC,1,E01001356,0,-1
2020440002019,2020,440002019,1,9,0,7,7,2,4,0,0,8,0,0,0,0,1,1,6,6,1,40,7,1396,1,20,HONDA CIVIC,6,E01017214,0,-1
20201371G0305,2020,1371G0305,2,9,0,5,5,1,5,0,0,0,1,0,0,0,1,1,6,6,2,42,7,1799,1,11,HONDA CIVIC,2,E01011724,0,-1
2020451009840,2020,451009840,1,9,0,18,19,3,7,0,0,1,5,7,0,0,1,1,6,6,1,45,7,2204,2,14,HONDA CIVIC,3,E01030952,0,-1
2020010248270,2020,010248270,3,9,0,2,2,0,0,0,0,0,0,0,0,0,1,1,6,6,3,-1,-1,1799,1,11,HONDA CIVIC,-1,-1,0,-1
2020010261659,2020,010261659,2,9,0,18,19,5,1,0,0,1,0,0,0,0,2,1,6,6,1,27,6,1798,1,3,HONDA CIVIC,-1,-1,0,-1