collision_index,collision_year,collision_ref_no,vehicle_reference,vehicle_type,towing_and_articulation,vehicle_manoeuvre_historic,vehicle_manoeuvre,vehicle_direction_from,vehicle_direction_to,vehicle_location_restricted_lane_historic,vehicle_location_restricted_lane,junction_location,skidding_and_overturning,hit_object_in_carriageway,vehicle_leaving_carriageway,hit_object_off_carriageway,first_point_of_impact,vehicle_left_hand_drive,journey_purpose_of_driver_historic,journey_purpose_of_driver,sex_of_driver,age_of_driver,age_band_of_driver,engine_capacity_cc,propulsion_code,age_of_vehicle,generic_make_model,driver_imd_decile,lsoa_of_driver,escooter_flag,driver_distance_banding
2020461007347,2020,461007347,1,9,0,18,19,8,3,0,0,1,0,0,0,0,1,1,6,6,2,57,9,1461,2,4,DACIA DUSTER,4,E01016168,0,-1
2020500932778,2020,500932778,2,9,0,3,3,5,1,0,0,8,0,0,0,0,2,1,6,6,2,42,7,1461,2,5,DACIA DUSTER,1,E01018910,0,-1
2020110962934,2020,110962934,1,9,0,13,13,7,3,0,0,0,5,7,0,0,1,1,5,6,1,86,11,1461,2,2,DACIA DUSTER,7,E01013173,0,-1
202063D003920,2020,63D003920,1,9,0,9,9,8,6,0,0,6,0,0,0,0,4,1,6,6,1,84,11,1598,1,7,DACIA DUSTER,4,W01000438,0,-1
2020200936364,2020,200936364,1,9,0,18,19,6,2,0,0,6,0,0,0,0,1,1,6,6,1,53,8,1198,1,3,DACIA DUSTER,8,E01009506,0,-1
2020100953864,2020,100953864,1,9,0,9,9,3,7,0,0,8,0,0,0,0,1,1,5,6,2,43,7,1461,2,4,DACIA DUSTER,8,E01008363,0,-1
2020211019070,2020,211019070,1,9,0,18,19,8,4,0,0,0,0,0,0,0,1,1,6,6,1,63,9,999,1,0,DACIA DUSTER,7,E01029582,0,-1
2020052002323,2020,052002323,1,9,0,18,19,7,3,0,0,0,0,0,0,0,4,1,6,6,1,52,8,1461,2,2,DACIA DUSTER,2,E01007176,0,-1
2020990990025,2020,990990025,1,9,0,18,19,1,5,0,0,2,0,0,0,0,4,1,5,6,1,58,9,1333,1,0,DACIA DUSTER,2,-1,0,-1
2020140972000,2020,140972000,2,9,0,13,13,3,7,0,0,1,0,0,7,0,1,1,6,6,3,-1,-1,1461,2,6,DACIA DUSTER,-1,-1,0,-1
2020546486920,2020,546486920,1,9,0,18,19,7,3,0,0,0,0,0,0,0,3,1,6,6,1,25,5,1333,1,1,DACIA DUSTER,9,E01031999,0,-1
2020990983726,2020,990983726,1,9,0,18,19,2,6,0,0,1,0,0,0,0,1,1,5,6,2,51,8,999,1,0,DACIA DUSTER,-1,-1,0,-1
2020991008254,2020,991008254,2,9,0,18,19,5,1,0,0,8,0,0,0,0,3,1,1,1,2,34,6,1333,1,1,DACIA DUSTER,10,-1,0,-1
2020501014817,2020,501014817,2,9,0,18,19,2,1,0,0,0,0,0,0,0,1,1,5,6,2,30,6,1461,2,2,DACIA DUSTER,5,E01020213,0,-1
2020140993167,2020,140993167,2,9,0,18,19,5,1,0,0,0,0,0,0,0,3,1,2,2,1,60,9,1461,2,3,DACIA DUSTER,1,E01008124,0,-1
2020522000471,2020,522000471,1,9,0,6,6,4,4,0,0,0,0,0,0,0,1,1,6,6,1,41,7,1598,1,1,DACIA DUSTER,1,E01014638,0,-1
2020430390967,2020,430390967,7,9,0,2,2,0,0,0,0,2,0,0,0,0,1,1,6,6,1,-1,-1,1461,2,7,DACIA DUSTER,-1,-1,0,-1
2020140922693,2020,140922693,1,9,0,4,4,3,7,0,0,8,0,0,0,0,2,1,5,6,2,60,9,1461,2,6,DACIA DUSTER,2,E01007326,0,-1
2020470975189,2020,470975189,2,9,0,18,19,7,3,0,0,0,0,11,0,0,1,1,6,6,1,60,9,1461,2,5,DACIA DUSTER,6,E01021187,0,-1
2020370985569,2020,370985569,2,9,0,18,19,7,3,0,0,4,0,0,0,0,3,1,6,6,1,27,6,1333,1,1,DACIA DUSTER,5,E01029961,0,-1
2020052002201,2020,052002201,2,9,0,3,3,2,6,0,0,1,0,0,0,0,2,1,6,6,1,53,8,1198,1,3,DACIA DUSTER,4,E01006854,0,-1
2020160920990,2020,160920990,2,9,0,3,3,1,5,0,0,0,0,0,0,0,1,1,6,6,1,61,9,1333,1,1,DACIA DUSTER,10,E01013171,0,-1
202006L267329,2020,06L267329,2,9,0,14,14,8,4,0,0,1,0,0,0,0,4,1,1,1,1,42,7,1461,2,2,DACIA DUSTER,2,E01006352,0,-1
2020220949430,2020,220949430,1,9,0,13,13,8,3,0,0,0,0,0,0,0,3,1,5,6,1,67,10,1598,1,7,DACIA DUSTER,5,E01014051,0,-1
2020100975475,2020,100975475,2,9,0,7,7,6,8,0,0,2,0,0,0,0,1,1,5,6,1,31,6,999,1,1,DACIA DUSTER,1,E01008658,0,-1
2020110956703,2020,110956703,2,9,0,2,2,0,0,0,0,0,0,0,0,0,1,1,6,6,1,30,6,1598,1,3,DACIA DUSTER,7,E01020879,0,-1
2020010236276,2020,010236276,1,9,0,99,99,9,9,99,99,9,9,99,9,99,1,9,6,6,3,-1,-1,1461,2,6,DACIA DUSTER,-1,-1,0,-1
2020470978273,2020,470978273,1,9,0,5,5,2,7,0,0,6,0,0,0,0,1,1,5,6,1,60,9,1461,2,6,DACIA DUSTER,8,E01021082,0,-1
2020161009794,2020,161009794,1,9,0,9,9,1,7,0,0,0,0,0,0,0,1,1,6,6,1,68,10,1461,2,5,DACIA DUSTER,6,E01013022,0,-1
2020622000909,2020,622000909,1,9,0,7,7,6,8,0,0,6,0,0,0,0,1,1,6,6,1,43,7,1461,2,4,DACIA DUSTER,4,W01001833,0,-1
2020302001389,2020,302001389,2,9,0,3,3,8,6,0,0,1,0,0,0,0,1,1,6,6,1,64,9,1598,1,2,DACIA DUSTER,9,E01019670,0,-1
2020220924837,2020,220924837,2,9,0,9,9,4,2,0,0,5,0,0,0,0,2,1,5,6,2,39,7,1461,2,2,DACIA DUSTER,2,E01014152,0,-1
2020430138136,2020,430138136,1,9,0,18,19,8,4,0,0,0,0,0,1,0,3,1,6,6,2,26,6,1333,1,1,DACIA DUSTER,9,E01017716,0,-1
2020010265282,2020,010265282,2,9,0,9,9,3,1,0,0,6,0,0,0,0,1,1,1,1,1,48,8,1333,1,0,DACIA DUSTER,10,E01003402,0,-1
202063D055620,2020,63D055620,2,9,0,17,19,3,8,0,0,0,0,0,0,0,3,1,6,6,1,67,10,1333,1,1,DACIA DUSTER,8,W01001905,0,-1
2020400941092,2020,400941092,3,9,0,4,4,8,4,0,0,0,0,0,0,0,2,1,5,6,1,38,7,1461,2,4,DACIA DUSTER,6,E01017554,0,-1
2020990920521,2020,990920521,2,9,0,18,19,7,3,0,0,0,0,0,0,0,3,1,6,6,2,74,10,1461,2,7,DACIA DUSTER,7,-1,0,-1
2020990984171,2020,990984171,2,9,0,18,19,6,1,0,0,0,0,0,1,0,3,1,1,1,1,19,4,1461,2,7,DACIA DUSTER,6,-1,0,-1
2020500947496,2020,500947496,2,9,0,18,19,7,3,0,0,0,0,0,0,0,1,1,5,6,2,61,9,1461,2,4,DACIA DUSTER,10,E01020210,0,-1
2020302001394,2020,302001394,1,9,0,18,19,2,6,0,0,8,0,0,0,0,3,1,6,6,2,61,9,1598,1,2,DACIA DUSTER,10,E01019702,0,-1
2020100988985,2020,100988985,2,9,0,2,2,0,0,0,0,1,0,0,0,0,0,1,5,6,2,52,8,1333,1,1,DACIA DUSTER,5,E01027503,0,-1
2020361009608,2020,361009608,2,9,0,18,19,6,2,0,0,0,0,0,0,0,3,1,5,6,1,32,6,1461,2,5,DACIA DUSTER,2,E01026425,0,-1
2020200978549,2020,200978549,2,8,0,2,2,0,0,0,0,0,0,0,0,0,1,1,1,1,1,62,9,1461,2,6,-1,5,E01010165,0,-1
2020500921404,2020,500921404,3,9,0,2,2,0,0,0,0,8,0,0,0,0,4,1,5,6,1,58,9,1461,2,7,DACIA DUSTER,8,E01019934,0,-1
2020430152785,2020,430152785,1,9,0,18,19,6,2,0,0,0,0,4,1,0,1,1,6,6,2,52,8,1461,2,3,DACIA DUSTER,5,E01028468,0,-1
2020461004342,2020,461004342,3,9,0,18,19,5,1,0,0,1,0,0,0,0,2,1,5,6,1,53,8,1461,2,2,DACIA DUSTER,2,E01024193,0,-1
2020552000386,2020,552000386,2,9,0,18,19,7,3,0,0,0,0,0,0,0,1,1,6,6,1,61,9,1333,1,1,DACIA DUSTER,8,E01015322,0,-1
2020100987535,2020,100987535,2,9,0,3,3,8,3,0,0,1,0,0,0,0,2,1,5,6,2,51,8,1333,1,1,DACIA DUSTER,3,E01008288,0,-1
2020990920250,2020,990920250,1,9,0,18,19,6,2,0,0,1,0,0,0,0,1,1,2,2,2,57,9,1461,2,4,DACIA DUSTER,6,-1,0,-1
2020990955794,2020,990955794,2,9,0,18,19,3,7,0,0,8,0,0,0,0,1,1,6,6,1,19,4,1598,1,7,DACIA DUSTER,2,-1,0,-1
2020990993722,2020,990993722,1,9,0,9,9,4,2,0,0,5,0,0,0,0,1,1,6,6,1,69,10,1598,1,1,DACIA DUSTER,3,-1,0,-1
2020501015157,2020,501015157,1,9,0,5,5,7,5,0,0,8,0,0,0,0,1,1,6,6,2,58,9,1461,2,4,DACIA DUSTER,5,E01018973,0,-1
202063A059620,2020,63A059620,2,9,0,17,19,5,2,0,0,1,0,0,0,0,1,1,6,6,1,75,10,1461,2,2,DACIA DUSTER,6,W01000541,0,-1
2020010286920,2020,010286920,3,9,0,2,2,0,0,0,0,2,0,0,0,0,3,1,6,6,3,-1,-1,1330,1,0,DACIA DUSTER,-1,-1,0,-1
2020500987637,2020,500987637,2,9,0,4,4,8,4,0,0,0,0,0,0,0,2,1,5,6,1,60,9,1330,1,0,DACIA DUSTER,7,E01004473,0,-1
2020460931466,2020,460931466,2,9,0,3,3,8,4,0,0,0,0,0,0,0,1,1,5,6,1,57,9,1461,2,3,DACIA DUSTER,10,E01024483,0,-1
2020522002136,2020,522002136,1,9,0,3,3,7,3,0,0,0,0,0,0,0,2,1,6,6,1,29,6,1461,2,5,DACIA DUSTER,9,E01014421,0,-1
2020200962284,2020,200962284,1,9,0,1,1,7,3,0,0,0,0,4,0,0,2,1,6,6,2,60,9,1461,2,3,DACIA DUSTER,10,E01009784,0,-1
2020040930936,2020,040930936,2,9,0,3,3,1,5,0,0,1,0,0,0,0,1,1,5,6,2,41,7,1461,2,4,DACIA DUSTER,6,E01025598,0,-1
2020052000735,2020,052000735,1,9,0,18,19,7,3,0,0,1,0,0,0,0,1,1,6,6,2,62,9,1461,2,1,DACIA DUSTER,-1,-1,0,-1
2020040926743,2020,040926743,2,9,0,18,19,5,1,0,0,8,0,0,0,0,1,1,5,6,1,62,9,1461,2,4,DACIA DUSTER,9,E01019377,0,-1
2020040980121,2020,040980121,1,9,0,18,19,5,1,0,0,0,0,0,0,0,1,1,5,6,2,64,9,1461,2,4,DACIA DUSTER,1,E01025217,0,-1
2020400944611,2020,400944611,2,9,0,18,19,1,5,0,0,8,1,0,7,4,4,1,5,6,1,31,6,1461,2,2,DACIA DUSTER,1,E01017502,0,-1
2020211008063,2020,211008063,2,9,-1,10,10,2,3,0,0,0,0,0,0,0,-1,1,6,6,1,65,9,1461,2,0,DACIA DUSTER,7,E01029544,0,-1
2020110993697,2020,110993697,1,9,0,15,15,3,7,0,0,0,0,0,0,0,4,1,6,6,1,33,6,1461,2,6,DACIA DUSTER,-1,-1,0,-1
202054A903020,2020,54A903020,1,9,0,7,7,7,3,0,0,6,0,0,0,0,4,1,6,6,2,34,6,1598,1,1,DACIA DUSTER,8,E01031977,0,-1
2020460956649,2020,460956649,1,9,0,18,19,4,7,0,0,0,0,0,0,0,3,1,5,6,1,73,10,1598,1,1,DACIA DUSTER,1,E01024507,0,-1
2020430235397,2020,430235397,1,9,0,7,7,5,7,0,0,4,0,0,0,0,3,1,6,6,1,73,10,1330,1,1,DACIA DUSTER,8,E01028808,0,-1
2020140965309,2020,140965309,1,9,0,16,19,4,8,0,0,0,0,0,7,4,1,1,5,6,2,28,6,1330,1,1,DACIA DUSTER,1,E01007529,0,-1
2020200998264,2020,200998264,4,9,0,2,2,0,0,9,9,2,0,0,0,0,1,1,6,6,3,-1,-1,1461,2,6,DACIA DUSTER,-1,-1,0,-1
2020052001127,2020,052001127,2,9,0,10,10,2,6,0,0,8,0,0,7,11,2,1,6,6,2,56,9,1598,1,1,DACIA DUSTER,5,E01006891,0,-1
2020990934165,2020,990934165,1,9,0,18,19,6,2,0,0,0,1,10,1,10,4,1,2,2,2,26,6,1461,2,7,DACIA DUSTER,5,-1,0,-1
2020230997674,2020,230997674,1,9,0,10,10,3,1,0,0,1,0,0,0,0,3,1,5,6,2,60,9,1333,1,0,DACIA DUSTER,3,E01031064,0,-1
2020451001473,2020,451001473,3,9,0,3,3,3,7,0,0,0,0,0,0,0,3,1,5,6,2,33,6,1333,1,1,DACIA DUSTER,7,E01024430,0,-1
2020450999831,2020,450999831,1,9,0,18,19,2,6,0,0,0,0,0,0,0,1,1,2,2,2,36,7,1333,1,1,DACIA DUSTER,6,E01030336,0,-1
2020122000551,2020,122000551,2,9,0,9,9,4,2,0,0,6,0,0,0,0,2,1,6,6,1,56,9,1461,2,1,DACIA DUSTER,7,E01026179,0,-1
2020140939439,2020,140939439,2,9,0,18,19,1,1,0,0,0,0,0,0,0,1,1,6,6,1,36,7,1461,2,3,DACIA DUSTER,2,E01007517,0,-1
2020400948818,2020,400948818,2,9,0,18,19,1,5,0,0,8,0,0,0,0,1,1,5,6,1,30,6,1461,2,2,DACIA DUSTER,1,E01017502,0,-1
2020520100729,2020,520100729,2,9,0,9,9,4,1,0,0,1,0,0,0,0,4,1,6,6,1,49,8,999,1,1,DACIA DUSTER,8,E01018132,0,-1
2020430252578,2020,430252578,2,9,0,6,6,8,8,0,0,8,0,0,0,0,3,1,6,6,2,70,10,1461,2,6,DACIA DUSTER,8,E01028712,0,-1
2020450936923,2020,450936923,2,9,0,18,19,1,5,0,0,0,0,0,0,0,2,1,5,6,2,48,8,1461,2,7,DACIA DUSTER,10,E01030820,0,-1
2020440381740,2020,440381740,1,9,0,16,19,8,4,0,0,0,2,0,1,10,4,1,6,6,1,61,9,1461,2,7,DACIA DUSTER,2,E01017356,0,-1
2020100967283,2020,100967283,2,9,0,18,19,6,2,0,0,8,5,0,0,0,3,1,5,6,1,50,8,1461,2,1,DACIA DUSTER,5,E01008244,0,-1
2020040969099,2020,040969099,2,9,0,18,19,3,7,0,0,2,0,0,0,0,3,1,6,6,1,55,8,1598,1,1,DACIA DUSTER,2,E01025581,0,-1
2020471003893,2020,471003893,1,9,0,7,7,5,7,0,0,6,0,0,0,0,2,1,2,2,1,37,7,1330,1,1,DACIA DUSTER,7,E01031388,0,-1
2020440461878,2020,440461878,1,9,0,18,19,5,3,0,0,8,0,0,0,0,1,1,6,6,2,55,8,1461,2,3,DACIA DUSTER,10,E01022585,0,-1
2020410933090,2020,410933090,1,9,0,5,5,3,7,9,9,0,0,0,0,0,1,1,3,7,2,43,7,1330,1,1,DACIA DUSTER,10,E01033024,0,-1
2020010240729,2020,010240729,2,3,0,13,13,7,3,0,0,8,0,0,0,0,4,1,6,6,1,43,7,124,1,6,-1,3,E01001774,0,-1
2020470944846,2020,470944846,2,9,0,18,19,2,6,0,0,1,0,0,0,0,1,1,6,6,1,48,8,1598,1,22,-1,5,E01031415,0,-1
2020010250996,2020,010250996,1,9,0,99,99,9,9,99,99,9,9,99,9,99,9,9,6,6,3,-1,-1,1998,1,13,DODGE CALIBER,-1,-1,0,-1
2020010257048,2020,010257048,2,9,0,9,9,5,3,0,0,8,0,0,0,0,1,1,2,2,2,33,6,1998,1,14,DODGE CALIBER,-1,-1,0,-1
2020320605251,2020,320605251,2,9,0,2,2,0,0,9,9,0,0,0,7,0,2,1,6,6,3,40,7,1998,1,13,DODGE CALIBER,-1,-1,0,-1
2020440143555,2020,440143555,1,9,0,17,19,8,4,0,0,0,0,0,8,4,1,1,6,6,1,36,7,1968,2,13,DODGE CALIBER,3,E01023142,0,-1
2020010255854,2020,010255854,1,9,0,18,19,3,7,9,9,8,0,4,7,0,1,1,2,2,2,47,8,1998,1,13,DODGE CALIBER,-1,-1,0,-1
2020010247331,2020,010247331,1,9,0,18,19,1,5,0,0,0,0,0,0,0,1,1,6,6,1,46,8,1798,1,11,DODGE CALIBER,6,E01002555,0,-1
2020420929237,2020,420929237,1,9,0,18,19,1,5,0,0,0,0,0,0,0,3,1,2,2,2,39,7,1798,1,14,DODGE CALIBER,3,E01021307,0,-1
2020230952559,2020,230952559,1,9,0,18,19,6,3,0,0,8,0,0,0,0,1,1,5,6,2,33,6,1998,1,14,DODGE CALIBER,1,E01009539,0,-1
2020340K03262,2020,340K03262,2,9,0,18,19,1,5,0,0,8,0,0,0,0,1,1,6,6,2,57,9,1968,2,13,DODGE CALIBER,1,E01027083,0,-1
2020010268742,2020,010268742,2,9,0,99,99,9,9,99,99,9,9,99,9,99,9,9,6,6,3,-1,-1,1798,1,13,DODGE CALIBER,-1,-1,0,-1
2020040988837,2020,040988837,1,9,0,18,19,5,1,0,0,2,0,0,0,0,4,1,6,6,1,33,6,1798,1,13,DODGE CALIBER,1,E01024900,0,-1
2020010229162,2020,010229162,1,9,0,99,99,9,9,99,99,1,9,99,9,99,2,9,2,2,2,53,8,1998,1,11,DODGE CALIBER,4,E01003758,0,-1
2020340D01002,2020,340D01002,1,9,0,18,19,8,4,0,0,0,0,0,0,0,1,1,2,2,1,53,8,1968,2,14,DODGE CALIBER,3,E01031173,0,-1
2020200977016,2020,200977016,1,9,0,18,19,1,5,0,0,0,5,0,1,0,3,1,6,6,1,29,6,1998,1,13,DODGE CALIBER,3,E01009606,0,-1
2020320126653,2020,320126653,1,9,0,18,19,3,7,0,0,2,0,0,0,0,4,1,3,7,2,38,7,1798,1,13,DODGE CALIBER,8,E01026035,0,-1
2020410948146,2020,410948146,1,9,0,18,19,1,4,9,9,0,1,11,1,9,2,1,6,6,3,-1,-1,1968,2,13,DODGE CALIBER,-1,-1,0,-1
2020010238278,2020,010238278,3,9,0,4,4,8,4,0,0,0,0,0,0,0,2,1,1,1,1,66,10,1998,1,13,DODGE CALIBER,5,E01021211,0,-1
2020220957310,2020,220957310,3,9,0,2,2,0,0,6,6,0,0,0,0,0,2,1,5,6,2,56,9,1798,1,13,DODGE CALIBER,1,E01010440,0,-1
2020010239323,2020,010239323,2,9,0,9,9,5,3,0,0,2,0,0,0,0,1,1,1,1,2,31,6,1998,1,12,DODGE CALIBER,7,E01002199,0,-1
2020990984091,2020,990984091,1,5,0,16,19,8,3,0,0,0,1,11,0,0,3,1,6,6,1,36,7,1202,1,1,HARLEY-DAVIDSON XL 1200,2,W01000707,0,-1
2020460955375,2020,460955375,1,5,0,13,13,7,3,0,0,1,0,0,0,0,4,1,5,6,1,40,7,1202,1,3,HARLEY-DAVIDSON XL 1200,7,E01024573,0,-1
2020302000785,2020,302000785,2,5,0,18,19,5,1,0,0,0,0,0,0,0,1,1,6,6,2,47,8,1202,1,1,HARLEY-DAVIDSON XL 1200,3,E01019552,0,-1
2020351005425,2020,351005425,1,5,0,18,19,2,6,0,0,1,0,0,0,0,1,1,5,6,1,68,10,1202,1,8,HARLEY-DAVIDSON XL 1200,7,E01017994,0,-1
2020990949100,2020,990949100,1,5,0,17,19,6,3,0,0,1,5,0,3,10,3,1,5,6,1,74,10,1202,1,8,HARLEY-DAVIDSON XL 1200,9,-1,0,-1
2020360983909,2020,360983909,2,5,0,18,19,8,4,0,0,0,0,0,0,0,1,1,5,6,1,70,10,1202,1,0,HARLEY-DAVIDSON XL 1200,7,E01026627,0,-1
2020460983174,2020,460983174,2,5,0,18,19,1,6,0,0,3,0,0,0,0,4,1,5,6,1,41,7,1202,1,1,HARLEY-DAVIDSON XL 1200,5,E01032654,0,-1
2020522003543,2020,522003543,1,5,0,18,19,1,5,0,0,8,0,0,0,0,1,1,6,6,1,37,7,1202,1,0,HARLEY-DAVIDSON XL 1200,2,E01029097,0,-1
2020440093166,2020,440093166,1,5,0,5,5,8,4,0,0,1,0,0,0,0,1,1,2,2,1,53,8,1202,1,1,HARLEY-DAVIDSON XL 1200,4,E01017263,0,-1
2020220981028,2020,220981028,2,5,0,18,19,7,3,0,0,8,0,0,0,0,1,1,5,6,1,58,9,1202,1,4,HARLEY-DAVIDSON XL 1200,9,E01032299,0,-1
2020220970025,2020,220970025,1,5,0,18,19,5,1,0,0,0,0,0,6,6,1,1,5,6,1,59,9,1202,1,2,HARLEY-DAVIDSON XL 1200,5,E01032355,0,-1
20201376O2244,2020,1376O2244,2,5,0,18,19,3,8,0,0,0,0,0,0,0,1,1,6,6,1,56,9,1202,1,2,HARLEY-DAVIDSON XL 1200,4,E01011777,0,-1
2020010268724,2020,010268724,1,3,0,14,14,1,5,0,0,0,0,0,0,0,4,1,6,6,1,57,9,1202,1,2,-1,10,E01000666,0,-1
2020420982964,2020,420982964,2,5,0,4,4,1,6,0,0,8,2,0,0,0,2,1,5,6,1,53,8,1202,1,2,HARLEY-DAVIDSON XL 1200,-1,-1,0,-1
2020052002105,2020,052002105,1,97,0,18,19,3,7,0,0,1,0,4,1,0,1,1,6,6,2,44,7,1202,1,5,-1,5,E01006640,0,-1
2020137BN1288,2020,137BN1288,2,5,0,5,5,3,7,0,0,0,0,0,0,0,2,1,6,6,1,55,8,1202,1,2,HARLEY-DAVIDSON XL 1200,-1,-1,0,-1
2020470976120,2020,470976120,2,5,0,13,13,5,1,0,0,1,0,0,7,10,4,1,5,6,1,63,9,1202,1,6,HARLEY-DAVIDSON XL 1200,4,E01024486,0,-1
2020010262067,2020,010262067,1,5,0,99,99,9,9,99,99,9,9,99,9,99,9,1,6,6,1,39,7,1202,1,4,HARLEY-DAVIDSON XL 1200,1,E01002713,0,-1
2020440239999,2020,440239999,1,5,0,4,4,7,3,0,0,0,0,0,0,0,3,1,6,6,1,65,9,1200,1,14,HARLEY-DAVIDSON XL 1200,10,E01022714,0,-1
2020170L50180,2020,170L50180,1,5,0,18,19,6,2,0,0,0,0,0,7,4,1,1,6,6,1,53,8,1202,1,5,HARLEY-DAVIDSON XL 1200,2,E01012134,0,-1
2020070141404,2020,070141404,2,5,0,3,3,2,6,0,0,4,0,9,0,0,2,1,6,6,1,71,10,1202,1,1,HARLEY-DAVIDSON XL 1200,9,E01018697,0,-1
2020350959083,2020,350959083,1,5,0,4,4,5,7,0,0,1,0,0,0,0,1,1,5,6,1,68,10,1202,1,1,HARLEY-DAVIDSON XL 1200,8,E01018197,0,-1
2020010278589,2020,010278589,1,3,0,18,19,1,5,0,0,8,0,0,0,0,1,1,1,1,1,39,7,109,1,5,-1,2,E01004392,0,-1
2020990966852,2020,990966852,1,3,0,5,5,1,5,0,0,7,0,0,1,0,4,1,6,6,1,35,6,109,1,5,-1,4,-1,0,-1
2020500989070,2020,500989070,1,3,0,18,19,3,7,0,0,0,1,0,0,0,3,1,1,1,1,19,4,109,1,5,-1,4,E01018861,0,-1
2020552000911,2020,552000911,1,5,0,13,13,7,3,0,0,8,0,0,0,0,1,1,6,6,1,42,7,649,1,1,HONDA CB650,3,E01015371,0,-1
2020350951460,2020,350951460,1,5,0,18,19,6,4,0,0,0,0,0,0,0,4,1,5,6,1,34,6,649,1,1,HONDA CB650,10,E01018193,0,-1
2020040979119,2020,040979119,2,5,0,18,19,4,6,0,0,1,1,0,0,0,2,1,2,2,2,19,4,649,1,1,HONDA CB650,4,E01025276,0,-1
2020450960388,2020,450960388,1,5,0,5,5,5,1,0,0,4,0,0,0,0,2,1,5,6,1,51,8,649,1,0,HONDA CB650,8,E01003420,0,-1
2020410948335,2020,410948335,2,5,0,17,19,1,2,0,0,3,2,10,7,10,2,1,6,6,1,21,5,649,1,1,HONDA CB650,5,E01017586,0,-1
2020010236581,2020,010236581,2,2,0,14,14,7,3,0,0,1,0,0,0,0,1,1,1,1,1,31,6,649,1,0,-1,6,E01001678,0,-1
2020010279872,2020,010279872,1,5,0,18,19,7,3,0,0,1,0,0,0,0,1,1,6,6,1,26,6,649,1,1,HONDA CB650,3,E01017019,0,-1
2020440274102,2020,440274102,2,5,0,18,19,5,1,0,0,8,0,0,0,0,4,1,6,6,2,52,8,649,1,1,HONDA CB650,10,E01022696,0,-1
2020470996439,2020,470996439,2,5,0,13,13,8,4,0,0,0,0,0,0,0,4,1,2,2,1,58,9,649,1,1,HONDA CB650,7,E01021212,0,-1
2020010241878,2020,010241878,1,5,0,18,19,8,4,0,0,8,0,0,0,0,3,-1,2,2,1,39,7,649,1,1,HONDA CB650,3,E01001076,0,-1
2020010261014,2020,010261014,2,5,0,18,19,3,7,0,0,1,0,0,0,0,1,1,6,6,1,55,8,649,1,0,HONDA CB650,7,E01002902,0,-1
2020622000496,2020,622000496,1,5,0,11,11,2,6,0,0,0,0,0,7,0,1,1,6,6,1,31,6,649,1,0,HONDA CB650,8,W01000771,0,-1
2020440386295,2020,440386295,2,3,0,9,9,4,2,0,0,8,0,0,0,0,4,1,6,6,1,24,5,649,1,1,-1,3,E01022959,0,-1
2020010255646,2020,010255646,1,5,0,99,99,9,9,99,99,9,9,99,9,99,2,1,6,6,1,27,6,649,1,1,HONDA CB650,3,E01002064,0,-1
2020440180746,2020,440180746,2,5,0,14,14,8,5,0,0,8,0,0,0,0,1,1,2,2,1,44,7,649,1,1,HONDA CB650,2,E01017098,0,-1
2020010235700,2020,010235700,2,9,0,2,2,0,0,0,0,2,0,0,0,0,2,1,6,6,3,-1,-1,1997,1,13,HONDA CRV,-1,-1,0,-1
2020200954969,2020,200954969,1,9,0,5,5,2,6,0,0,0,0,4,7,11,1,1,6,6,2,16,4,1998,1,16,HONDA CRV,1,E01033638,0,-1
2020010229032,2020,010229032,1,9,0,18,19,7,3,6,6,1,0,10,7,11,3,1,6,6,2,44,7,1997,1,6,HONDA CRV,4,E01004124,0,-1
2020470965423,2020,470965423,2,9,0,18,19,4,8,0,0,0,0,11,0,0,4,1,5,6,2,80,11,1997,1,7,HONDA CRV,7,E01031540,0,-1
2020461000240,2020,461000240,1,9,0,18,19,2,6,0,0,0,0,0,0,0,1,1,5,6,1,19,4,1973,1,21,HONDA CRV,1,E01024613,0,-1
2020210986290,2020,210986290,3,9,0,10,10,7,3,0,0,1,0,0,0,0,2,1,6,6,1,85,11,2199,2,8,HONDA CRV,10,E01029730,0,-1
2020470998448,2020,470998448,1,9,0,18,19,4,8,0,0,0,1,0,1,4,1,1,5,6,2,24,5,2199,2,9,HONDA CRV,7,E01021022,0,-1
2020552000912,2020,552000912,2,9,0,18,19,4,8,0,0,0,0,0,8,11,1,1,6,6,1,46,8,2204,2,14,HONDA CRV,5,E01020536,0,-1
2020040983075,2020,040983075,2,9,0,5,5,3,7,9,9,0,0,0,0,0,1,1,1,1,2,42,7,2204,2,13,HONDA CRV,9,E01025319,0,-1
2020470996942,2020,470996942,2,9,0,18,19,1,4,0,0,8,0,7,0,0,1,1,5,6,1,67,10,2204,2,14,HONDA CRV,8,E01021106,0,-1
2020140972843,2020,140972843,1,9,0,7,7,7,3,0,0,0,2,10,1,4,1,1,5,6,1,50,8,1998,1,16,HONDA CRV,2,E01013283,0,-1
2020010273256,2020,010273256,1,9,0,9,9,5,2,9,9,5,0,10,7,2,3,1,6,6,1,50,8,1998,1,18,HONDA CRV,2,E01000095,0,-1