collision_index,collision_year,collision_ref_no,vehicle_reference,vehicle_type,towing_and_articulation,vehicle_manoeuvre_historic,vehicle_manoeuvre,vehicle_direction_from,vehicle_direction_to,vehicle_location_restricted_lane_historic,vehicle_location_restricted_lane,junction_location,skidding_and_overturning,hit_object_in_carriageway,vehicle_leaving_carriageway,hit_object_off_carriageway,first_point_of_impact,vehicle_left_hand_drive,journey_purpose_of_driver_historic,journey_purpose_of_driver,sex_of_driver,age_of_driver,age_band_of_driver,engine_capacity_cc,propulsion_code,age_of_vehicle,generic_make_model,driver_imd_decile,lsoa_of_driver,escooter_flag,driver_distance_banding
2020140924395,2020,140924395,1,9,0,4,4,2,6,0,0,0,0,0,0,0,2,1,6,6,1,29,6,2204,2,12,HONDA CRV,5,E01007588,0,-1
20201375V0388,2020,1375V0388,2,9,0,18,19,3,7,0,0,8,0,0,0,0,1,1,6,6,1,37,7,2199,2,7,HONDA CRV,5,E01010795,0,-1
2020440055586,2020,440055586,1,9,0,2,2,0,0,0,0,0,0,0,0,0,4,1,3,7,2,33,6,2199,2,10,HONDA CRV,10,E01023112,0,-1
2020430407125,2020,430407125,1,9,0,17,19,3,8,0,0,0,0,0,0,0,1,1,2,2,1,40,7,1998,1,16,HONDA CRV,10,E01017869,0,-1
2020122000226,2020,122000226,1,9,0,5,5,1,5,0,0,0,0,0,0,0,2,1,6,6,1,68,10,1597,2,2,HONDA CRV,8,E01027568,0,-1
2020010273174,2020,010273174,1,9,0,9,9,7,5,0,0,8,0,0,0,0,1,1,6,6,1,39,7,1597,2,5,HONDA CRV,3,E01001440,0,-1
2020430223520,2020,430223520,1,9,0,18,19,3,7,0,0,0,0,0,1,3,1,1,6,6,2,50,8,2199,2,6,HONDA CRV,8,E01022472,0,-1
2020010267870,2020,010267870,2,9,0,99,99,9,9,99,99,9,9,99,9,99,1,9,6,6,3,-1,-1,1597,2,3,HONDA CRV,7,E01001036,0,-1
2020440416388,2020,440416388,2,9,0,9,9,5,3,0,0,8,0,0,0,0,4,1,6,6,1,74,10,1997,1,7,HONDA CRV,6,E01022907,0,-1
2020432003629,2020,432003629,2,9,0,18,19,3,1,0,0,1,0,10,1,0,1,1,6,6,2,73,10,1997,1,6,HONDA CRV,-1,-1,0,-1
2020990968828,2020,990968828,1,9,0,18,19,2,5,0,0,1,0,0,0,0,4,1,5,6,1,76,11,2199,2,5,HONDA CRV,9,-1,0,-1
2020010274262,2020,010274262,2,9,0,5,5,1,5,0,0,6,0,0,0,0,4,1,6,6,1,38,7,1998,1,14,HONDA CRV,5,E01002114,0,-1
2020201011060,2020,201011060,1,9,0,18,19,4,8,0,0,2,0,0,0,0,1,1,6,6,1,-1,-1,2204,2,11,HONDA CRV,-1,-1,0,-1
2020470949172,2020,470949172,1,9,0,18,19,3,7,0,0,1,0,0,0,0,3,1,5,6,1,54,8,1998,1,17,HONDA CRV,7,E01016929,0,-1
2020360968508,2020,360968508,2,9,0,5,5,7,3,0,0,5,0,0,0,0,2,1,6,6,2,39,7,1998,1,16,HONDA CRV,6,E01026769,0,-1
2020010281180,2020,010281180,1,9,0,18,19,8,4,0,0,0,0,0,0,0,1,1,6,6,1,46,8,1997,1,3,HONDA CRV,7,E01000215,0,-1
2020430165160,2020,430165160,2,9,0,7,7,6,4,0,0,6,0,0,0,0,1,1,6,6,2,58,9,2199,2,10,HONDA CRV,4,E01017903,0,-1
2020370974537,2020,370974537,1,9,0,10,10,1,7,0,0,1,0,0,0,0,1,1,1,1,2,47,8,1998,1,17,HONDA CRV,4,E01030133,0,-1
20201375C1222,2020,1375C1222,1,9,0,12,12,5,3,0,0,0,0,0,0,0,1,1,6,6,2,24,5,1597,2,4,HONDA CRV,7,E01011941,0,-1
2020010247760,2020,010247760,1,9,0,99,99,9,9,99,99,9,9,99,9,99,1,9,6,6,2,38,7,1997,1,13,HONDA CRV,2,E01003238,0,-1
2020010260874,2020,010260874,2,9,0,5,5,5,1,0,0,8,0,0,0,0,1,1,2,2,1,62,9,1998,1,16,HONDA CRV,-1,-1,0,-1
2020500948677,2020,500948677,2,9,0,18,19,7,3,0,0,1,0,0,0,0,1,1,1,1,1,51,8,1973,1,19,HONDA CRV,8,E01015124,0,-1
2020622000926,2020,622000926,2,9,0,17,19,8,4,0,0,0,0,0,0,0,1,1,6,6,1,48,8,2204,2,15,HONDA CRV,1,W01001238,0,-1
202006P175128,2020,06P175128,1,9,0,18,19,6,2,0,0,0,0,0,0,0,1,1,2,2,1,43,7,1997,1,13,HONDA CRV,1,E01005485,0,-1
2020160983792,2020,160983792,2,9,0,10,10,8,3,0,0,0,0,0,3,0,4,1,6,6,1,73,10,1597,2,3,HONDA CRV,1,E01013205,0,-1
2020010274004,2020,010274004,1,9,0,99,99,9,9,99,99,9,9,99,9,99,9,9,2,2,1,38,7,1997,1,4,HONDA CRV,7,E01002176,0,-1
2020430104648,2020,430104648,1,9,0,16,19,2,5,0,0,0,0,0,0,0,0,1,6,6,1,22,5,1998,1,18,HONDA CRV,-1,-1,0,-1
2020371014461,2020,371014461,2,9,0,4,4,5,2,0,0,0,0,0,0,0,2,1,3,7,1,42,7,1597,2,4,HONDA CRV,3,E01029912,0,-1
2020221014228,2020,221014228,2,9,0,16,19,2,5,0,0,0,0,0,0,0,3,1,5,6,1,36,7,2199,2,7,HONDA CRV,5,E01032447,0,-1
2020070327603,2020,070327603,1,9,0,16,19,5,7,0,0,1,0,0,3,11,1,1,6,6,1,35,6,1597,2,5,HONDA CRV,7,E01018372,0,-1
2020320395000,2020,320395000,1,9,0,5,5,4,8,0,0,1,0,0,0,0,1,1,6,6,1,23,5,2204,2,15,HONDA CRV,3,E01026124,0,-1
2020500961124,2020,500961124,1,9,0,3,3,4,8,0,0,0,0,0,2,10,1,1,5,6,1,80,11,1998,1,16,HONDA CRV,5,E01020535,0,-1
2020041010327,2020,041010327,1,9,0,18,19,1,5,0,0,1,0,4,0,0,1,1,5,6,1,72,10,1597,2,5,HONDA CRV,4,E01012703,0,-1
2020040984551,2020,040984551,2,9,0,18,19,3,7,9,9,8,0,0,1,11,3,1,5,6,1,74,10,1997,1,6,HONDA CRV,6,E01024991,0,-1
2020410986171,2020,410986171,3,9,0,4,4,6,2,0,0,0,0,0,0,0,2,1,2,2,1,48,8,1997,1,13,HONDA CRV,9,E01023612,0,-1
2020137611918,2020,137611918,2,9,0,2,2,5,1,0,0,0,0,0,0,0,2,1,6,6,1,35,6,2199,2,10,HONDA CRV,7,E01011614,0,-1
2020070663157,2020,070663157,1,9,0,9,9,6,3,0,0,1,0,0,0,0,4,1,6,6,2,64,9,1998,1,14,HONDA CRV,10,E01007190,0,-1
2020460984927,2020,460984927,2,9,0,2,2,0,0,0,0,0,0,0,0,0,4,1,5,6,1,61,9,1998,1,13,HONDA CRV,5,E01024227,0,-1
2020122000845,2020,122000845,1,9,0,18,19,1,3,0,0,0,5,4,0,0,1,1,6,6,1,74,10,2199,2,8,HONDA CRV,9,E01013429,0,-1
2020320094067,2020,320094067,3,9,0,4,4,1,5,0,0,0,0,0,0,0,2,1,6,6,2,33,6,2204,2,13,HONDA CRV,5,E01026034,0,-1
2020010261373,2020,010261373,1,9,0,18,19,3,7,0,0,0,0,0,0,0,1,1,6,6,2,44,7,1997,1,13,HONDA CRV,8,E01001031,0,-1
2020137A91783,2020,137A91783,2,9,0,18,19,3,7,0,0,0,0,0,0,0,2,1,6,6,2,-1,-1,2204,2,12,HONDA CRV,5,E01010598,0,-1
2020010282775,2020,010282775,1,9,0,99,99,9,9,0,0,1,0,0,0,0,3,9,6,6,1,61,9,1973,1,22,HONDA CRV,5,E01000593,0,-1
2020545239520,2020,545239520,2,9,0,3,3,8,4,0,0,1,0,0,0,0,2,1,6,6,1,32,6,2204,2,13,HONDA CRV,2,E01015476,0,-1
2020010249418,2020,010249418,1,9,0,7,7,1,2,9,9,0,0,0,0,0,1,1,6,6,2,52,8,1997,1,10,HONDA CRV,3,E01001465,0,-1
2020100922869,2020,100922869,1,9,0,7,7,1,3,0,0,0,0,0,0,0,1,1,6,6,2,54,8,2199,2,5,HONDA CRV,-1,-1,0,-1
2020470964265,2020,470964265,1,9,0,9,9,1,7,0,0,8,0,0,0,0,4,1,5,6,1,70,10,2204,2,15,HONDA CRV,1,E01020985,0,-1
2020500996086,2020,500996086,1,9,0,18,19,3,7,0,0,2,0,0,0,0,1,1,1,1,2,53,8,1597,2,5,HONDA CRV,9,E01015140,0,-1
2020400943559,2020,400943559,1,9,0,17,19,8,4,0,0,1,0,10,7,2,1,1,5,6,2,71,10,2199,2,8,HONDA CRV,9,E01033188,0,-1
2020440445611,2020,440445611,2,9,0,18,19,1,5,0,0,8,0,0,0,0,4,1,6,6,2,55,8,1997,1,11,HONDA CRV,5,E01017024,0,-1
2020351025279,2020,351025279,1,9,0,18,19,8,4,0,0,1,0,0,0,0,4,1,6,6,2,65,9,1997,1,2,HONDA CRV,4,E01018096,0,-1
2020010251235,2020,010251235,1,9,0,99,99,9,9,99,99,9,9,99,9,99,2,9,6,6,2,30,6,2204,2,13,HONDA CRV,6,E01003427,0,-1
2020500978928,2020,500978928,2,9,0,3,3,1,5,0,0,0,0,0,0,0,2,1,6,6,1,52,8,1998,1,16,HONDA CRV,4,E01020311,0,-1
2020010258870,2020,010258870,1,9,0,4,4,3,7,0,0,5,0,0,0,0,2,1,2,2,1,57,9,1997,1,5,HONDA CRV,2,E01001703,0,-1
2020010259504,2020,010259504,1,9,0,5,5,0,1,7,6,0,0,0,0,0,1,1,6,6,2,63,9,1973,1,20,HONDA CRV,7,E01000217,0,-1
2020302001142,2020,302001142,1,9,0,18,19,4,8,0,0,0,0,0,0,0,1,1,6,6,2,62,9,2204,2,14,HONDA CRV,4,E01019522,0,-1
2020010240266,2020,010240266,2,9,0,99,99,9,9,99,99,9,9,99,9,99,9,9,6,6,3,-1,-1,1997,1,5,HONDA CRV,-1,-1,0,-1
2020460980740,2020,460980740,1,9,0,9,9,6,4,0,0,8,0,0,0,0,3,1,6,6,2,43,7,1973,1,21,HONDA CRV,1,E01016023,0,-1
2020350950573,2020,350950573,2,9,0,18,19,5,1,0,0,0,0,0,1,0,1,1,5,6,1,63,9,1997,1,9,HONDA CRV,10,E01022855,0,-1
2020220971400,2020,220971400,1,9,5,2,2,0,0,0,0,8,0,0,0,0,0,1,5,6,1,45,7,2204,2,14,HONDA CRV,1,E01013995,0,-1
2020520101182,2020,520101182,2,9,0,18,19,2,6,0,0,0,0,0,0,0,3,1,6,6,1,34,6,1998,1,18,HONDA CRV,3,E01029038,0,-1
2020201018582,2020,201018582,1,9,0,9,9,6,4,0,0,6,0,0,0,0,4,1,4,7,1,48,8,2204,2,13,HONDA CRV,1,E01008932,0,-1
2020450936030,2020,450936030,1,9,0,18,19,1,4,0,0,0,0,0,0,0,1,1,6,6,1,43,7,2199,2,6,HONDA CRV,3,E01030711,0,-1
2020450979133,2020,450979133,2,9,0,16,19,1,5,0,0,0,0,0,0,0,4,1,5,6,1,43,7,2204,2,12,HONDA CRV,10,E01030917,0,-1
2020470969964,2020,470969964,2,9,0,5,5,3,8,0,0,4,0,0,0,0,2,1,5,6,2,72,10,1597,2,5,HONDA CRV,8,E01031420,0,-1
2020450992721,2020,450992721,3,9,0,10,10,7,3,0,0,5,0,0,0,0,2,2,5,6,2,49,8,1997,1,7,HONDA CRV,9,E01031588,0,-1
202006A176490,2020,06A176490,2,9,0,18,19,8,4,0,0,1,0,0,0,0,0,1,1,1,1,30,6,1997,1,3,HONDA CRV,-1,-1,0,-1
2020010260026,2020,010260026,1,9,0,10,10,8,6,0,0,1,0,0,0,0,1,1,6,6,2,48,8,1998,1,16,HONDA CRV,3,E01001238,0,-1
2020420972383,2020,420972383,1,9,0,18,19,6,2,0,0,2,0,0,0,0,1,1,5,6,1,53,8,1998,1,16,HONDA CRV,3,E01021418,0,-1
2020501016752,2020,501016752,1,9,0,18,19,2,6,0,0,0,0,0,0,0,0,1,5,6,1,39,7,1997,1,8,HONDA CRV,4,E01018760,0,-1
2020622000096,2020,622000096,2,9,0,18,19,4,8,0,0,0,0,0,0,0,1,1,6,6,1,62,9,2199,2,7,HONDA CRV,9,W01001082,0,-1
2020010283417,2020,010283417,1,9,0,2,2,0,0,0,0,0,0,0,0,0,3,1,6,6,3,-1,-1,1998,1,14,HONDA CRV,-1,-1,0,-1
2020201023130,2020,201023130,4,9,0,2,2,0,0,0,0,0,0,0,0,0,4,1,6,6,2,41,7,1973,1,20,HONDA CRV,3,E01009239,0,-1
2020990959285,2020,990959285,2,9,0,18,19,3,7,0,0,1,0,0,0,0,1,1,5,6,1,58,9,2204,2,13,HONDA CRV,-1,-1,0,-1
2020530994015,2020,530994015,2,9,0,16,19,1,5,0,0,0,0,0,0,0,1,1,2,2,2,26,6,2204,2,14,HONDA CRV,6,E01022261,0,-1
2020500935797,2020,500935797,2,9,0,18,19,1,5,0,0,0,0,0,0,0,1,1,5,6,2,43,7,1998,1,18,HONDA CRV,4,E01020291,0,-1
2020522005087,2020,522005087,1,9,0,3,3,4,8,0,0,6,0,0,0,0,3,1,6,6,1,30,6,2199,2,7,HONDA CRV,10,E01022417,0,-1
2020231003092,2020,231003092,2,9,0,18,19,6,2,0,0,8,0,0,0,0,3,1,5,6,2,28,6,2204,2,15,HONDA CRV,6,E01031051,0,-1
2020400924002,2020,400924002,1,9,0,18,19,2,6,0,0,0,0,0,0,0,1,1,5,6,1,66,10,1597,2,2,HONDA CRV,10,E01027280,0,-1
2020531005396,2020,531005396,3,9,0,18,19,5,1,0,0,1,0,0,0,0,0,1,6,6,1,59,9,1597,2,4,HONDA CRV,-1,-1,0,-1
2020320543596,2020,320543596,1,9,0,18,19,1,5,0,0,6,1,0,1,0,3,1,6,6,1,77,11,2204,2,14,HONDA CRV,5,E01026315,0,-1
2020460962155,2020,460962155,4,9,0,7,7,7,1,0,0,5,0,0,0,0,0,1,5,6,2,57,9,1997,1,8,HONDA CRV,6,E01024455,0,-1
2020010259479,2020,010259479,2,9,0,9,9,4,2,2,2,6,0,4,0,0,1,1,2,2,1,33,6,1997,1,12,HONDA CRV,8,E01000669,0,-1
202063D010020,2020,63D010020,2,9,0,17,19,5,2,0,0,0,1,0,1,10,1,1,6,6,1,67,10,2204,2,13,HONDA CRV,9,W01000481,0,-1
2020230963233,2020,230963233,4,9,0,2,2,0,0,0,0,0,0,0,0,0,4,1,5,6,2,32,6,2199,2,6,HONDA CRV,6,E01031234,0,-1
2020031006671,2020,031006671,1,9,0,9,9,1,7,0,0,1,0,0,0,0,1,1,5,6,1,39,7,1597,2,4,HONDA CRV,3,E01019222,0,-1
2020460992171,2020,460992171,1,9,0,18,19,5,1,0,0,1,0,0,0,0,1,1,6,6,1,74,10,1997,1,13,HONDA CRV,2,E01021103,0,-1
2020040936619,2020,040936619,1,9,0,18,19,4,8,0,0,0,0,0,0,0,1,1,5,6,2,53,8,1597,2,2,HONDA CRV,9,E01012598,0,-1
2020522100897,2020,522100897,1,9,0,18,19,2,6,0,0,0,0,0,0,0,1,1,6,6,2,37,7,1597,2,6,HONDA CRV,2,E01014685,0,-1
2020990946973,2020,990946973,1,9,0,9,9,3,1,0,0,2,0,0,0,0,4,1,6,6,1,56,9,1597,2,4,HONDA CRV,3,-1,0,-1
2020200962345,2020,200962345,2,9,0,10,10,4,2,0,0,8,0,0,0,0,1,1,6,6,1,41,7,1997,1,13,HONDA CRV,3,E01010083,0,-1
2020010278244,2020,010278244,1,9,0,4,4,1,5,0,0,2,0,0,0,0,3,1,6,6,1,43,7,2199,2,10,HONDA CRV,8,E01000181,0,-1
2020410944099,2020,410944099,1,9,0,11,11,7,8,0,0,0,0,0,0,0,1,1,6,6,1,65,9,1998,1,14,HONDA CRV,7,E01023947,0,-1
2020622000838,2020,622000838,3,9,0,10,10,4,8,0,0,5,0,0,0,0,2,1,6,6,2,53,8,2199,2,9,HONDA CRV,4,W01000947,0,-1
2020430401177,2020,430401177,1,9,0,18,19,3,7,0,0,1,0,0,0,0,1,1,2,2,1,50,8,2204,2,13,HONDA CRV,4,E01016359,0,-1
2020137BH0261,2020,137BH0261,1,9,0,18,19,4,8,0,0,0,0,0,0,0,1,1,6,6,1,60,9,1997,1,7,HONDA CRV,7,E01011600,0,-1
2020010256007,2020,010256007,2,9,0,9,9,6,4,0,0,6,0,0,0,0,3,1,6,6,1,41,7,1997,1,3,HONDA CRV,5,E01002119,0,-1
20201378S1079,2020,1378S1079,1,9,0,18,19,8,5,0,0,0,0,0,0,0,3,1,6,6,1,47,8,1997,1,10,HONDA CRV,3,E01010836,0,-1
2020010252783,2020,010252783,2,9,0,2,2,0,0,0,0,0,0,0,0,0,3,9,6,6,1,-1,-1,2199,2,7,HONDA CRV,-1,-1,0,-1
2020450933480,2020,450933480,1,9,0,17,19,1,5,0,0,0,0,0,1,4,3,1,5,6,1,80,11,1998,1,17,HONDA CRV,10,E01030882,0,-1
2020461010446,2020,461010446,2,9,0,18,19,5,1,0,0,1,1,0,0,0,1,1,6,6,1,62,9,1998,1,15,HONDA CRV,5,E01024319,0,-1
2020522002107,2020,522002107,1,9,0,11,11,8,6,0,0,1,0,0,0,0,3,1,6,6,2,32,6,2199,2,10,HONDA CRV,7,E01014856,0,-1
2020010267752,2020,010267752,1,9,0,18,19,3,7,9,9,1,0,0,1,0,1,1,3,7,2,29,6,1997,1,13,HONDA CRV,3,E01000111,0,-1
2020010283191,2020,010283191,2,9,0,99,99,9,9,0,0,0,0,0,0,0,1,9,6,6,3,46,8,1997,1,13,HONDA CRV,1,E01003051,0,-1
2020440362289,2020,440362289,1,9,0,14,14,8,4,0,0,0,0,0,0,0,2,1,6,6,1,63,9,1997,1,10,HONDA CRV,7,E01018294,0,-1
2020040986512,2020,040986512,1,9,0,18,19,3,7,0,0,0,0,0,0,0,4,1,2,2,2,37,7,2204,2,12,HONDA CRV,1,E01012637,0,-1
2020549679920,2020,549679920,2,9,0,4,4,1,5,0,0,1,0,0,0,0,2,1,6,6,2,73,10,1597,2,2,HONDA CRV,6,E01029125,0,-1
2020471004380,2020,471004380,2,9,0,18,19,2,6,0,0,0,0,0,0,0,1,1,2,2,1,29,6,1973,1,19,HONDA CRV,6,E01021021,0,-1
2020010277998,2020,010277998,1,9,0,99,99,9,9,99,99,0,9,99,9,99,1,9,6,6,1,49,8,1973,1,19,HONDA CRV,2,E01015779,0,-1
2020137CD1403,2020,137CD1403,4,9,0,2,2,0,0,0,0,2,0,0,0,0,2,1,6,6,3,-1,-1,2204,2,13,HONDA CRV,-1,-1,0,-1
2020010264469,2020,010264469,1,9,0,3,3,1,5,0,0,2,0,0,1,0,3,1,6,6,1,53,8,1997,1,12,HONDA CRV,4,E01001179,0,-1
2020500973662,2020,500973662,1,9,0,5,5,1,5,0,0,1,0,0,0,0,1,1,5,6,1,70,10,1998,1,13,HONDA CRV,6,E01018763,0,-1
202063B006020,2020,63B006020,1,9,0,18,19,3,7,0,0,0,5,0,8,10,1,1,6,6,2,68,10,2204,2,12,HONDA CRV,5,W01000551,0,-1
2020990937770,2020,990937770,1,9,0,18,19,4,8,0,0,2,0,0,0,0,1,1,5,6,2,33,6,1597,2,3,HONDA CRV,4,-1,0,-1
2020010230601,2020,010230601,2,9,0,99,99,9,9,99,99,9,9,99,9,99,3,9,6,6,3,-1,-1,1997,1,8,HONDA CRV,-1,-1,0,-1
2020052001442,2020,052001442,1,9,0,18,19,5,1,0,0,0,0,0,0,0,4,1,6,6,2,47,8,1997,1,3,HONDA CRV,1,E01006741,0,-1
2020500999512,2020,500999512,1,9,0,6,6,7,5,0,0,0,0,0,7,0,3,1,6,6,2,77,11,1997,1,12,HONDA CRV,5,E01018864,0,-1
2020010228279,2020,010228279,1,9,0,18,19,1,5,0,0,8,0,0,0,0,1,1,6,6,2,32,6,1997,1,11,HONDA CRV,-1,-1,0,-1
2020040964534,2020,040964534,2,9,0,18,19,5,4,0,0,1,5,0,0,0,4,1,5,6,1,63,9,2199,2,9,HONDA CRV,8,E01025547,0,-1
2020010235557,2020,010235557,2,9,0,18,19,5,1,0,0,8,0,0,0,0,1,1,6,6,2,56,9,1997,1,9,HONDA CRV,-1,-1,0,-1
2020010242260,2020,010242260,2,9,0,18,19,1,5,0,0,1,0,0,0,0,0,1,6,6,1,55,8,1998,1,18,HONDA CRV,-1,-1,0,-1
2020010264580,2020,010264580,2,9,0,2,2,0,0,0,0,2,0,4,0,0,1,1,6,6,3,-1,-1,1998,1,15,HONDA CRV,-1,-1,0,-1
2020500938179,2020,500938179,2,9,0,18,19,5,1,0,0,0,0,0,0,0,1,1,5,6,1,57,9,2204,2,15,HONDA CRV,5,E01020342,0,-1
2020070537772,2020,070537772,1,9,0,3,3,0,0,0,0,0,0,0,0,0,2,1,6,6,1,62,9,2199,2,9,HONDA CRV,-1,-1,0,-1
2020990985125,2020,990985125,2,9,0,17,19,1,6,0,0,0,0,0,0,0,1,1,5,6,1,75,10,1597,2,4,HONDA CRV,6,-1,0,-1
2020420928800,2020,420928800,1,9,0,18,19,3,7,0,0,1,0,0,1,2,4,1,5,6,2,50,8,1998,1,16,HONDA CRV,6,E01015866,0,-1
2020471009065,2020,471009065,1,9,0,18,19,5,1,0,0,4,0,0,0,0,1,1,6,6,2,64,9,1997,1,7,HONDA CRV,4,E01031433,0,-1
2020010282838,2020,010282838,2,9,0,99,99,9,9,99,99,9,9,99,9,99,1,9,6,6,3,56,9,2199,2,8,HONDA CRV,6,E01021097,0,-1
2020990925317,2020,990925317,2,9,0,18,19,8,4,0,0,0,0,0,0,0,4,1,6,6,1,40,7,1597,2,5,HONDA CRV,5,-1,0,-1
2020520101008,2020,520101008,2,9,0,18,19,5,1,0,0,8,0,0,0,0,1,1,6,6,1,60,9,1597,2,3,HONDA CRV,6,E01014451,0,-1
2020470995641,2020,470995641,1,9,0,18,19,5,1,0,0,0,0,0,0,0,3,1,2,2,2,65,9,1997,1,6,HONDA CRV,4,E01031473,0,-1
2020320462032,2020,320462032,1,9,0,18,19,1,5,0,0,0,0,0,0,0,1,1,2,2,1,38,7,2204,2,13,HONDA CRV,5,E01026133,0,-1
2020430042319,2020,430042319,1,9,0,9,9,4,2,0,0,6,0,0,0,0,1,1,6,6,1,18,4,1998,1,17,HONDA CRV,7,E01017694,0,-1
2020552001217,2020,552001217,1,9,0,18,19,6,2,0,0,4,0,0,1,8,1,1,2,2,1,43,7,2204,2,13,HONDA CRV,3,E01015294,0,-1
2020010231794,2020,010231794,1,9,0,18,19,7,3,0,0,0,0,0,0,0,1,1,2,2,1,39,7,2204,2,13,HONDA CRV,9,E01003838,0,-1
2020450958713,2020,450958713,2,9,0,7,7,5,1,0,0,1,0,0,1,0,4,1,5,6,1,75,10,1997,1,2,HONDA CRV,10,E01030436,0,-1
2020450994107,2020,450994107,2,9,0,18,19,3,7,0,0,0,0,0,0,0,0,1,2,2,1,41,7,1997,1,8,HONDA CRV,6,E01024460,0,-1
202031C083620,2020,31C083620,2,9,0,18,19,8,4,0,0,8,0,0,0,0,1,1,6,6,2,23,5,2199,2,5,HONDA CRV,1,E01013942,0,-1
2020231000251,2020,231000251,1,9,0,18,19,6,2,0,0,0,0,0,0,0,3,1,5,6,1,30,6,2199,2,9,HONDA CRV,4,E01031005,0,-1
2020460987907,2020,460987907,1,9,0,18,19,3,7,0,0,0,1,0,2,0,1,1,1,1,1,32,6,2199,2,9,HONDA CRV,4,E01024384,0,-1
2020370944769,2020,370944769,2,9,0,4,4,3,7,0,0,1,0,0,0,0,2,1,5,6,1,74,10,1997,1,2,HONDA CRV,8,E01029878,0,-1
2020010286424,2020,010286424,1,9,0,4,4,5,1,0,0,0,0,0,0,0,1,1,6,6,2,37,7,1997,1,12,HONDA CRV,-1,-1,0,-1
2020010274252,2020,010274252,1,9,0,6,6,1,1,0,0,8,0,0,0,0,1,1,6,6,1,56,9,1998,1,14,HONDA CRV,4,E01004172,0,-1
2020411016264,2020,411016264,1,9,0,18,19,1,5,0,0,0,0,0,0,0,2,1,1,1,1,36,7,1998,1,14,HONDA CRV,10,E01023482,0,-1
20201374G1327,2020,1374G1327,1,9,0,18,19,2,5,0,0,8,0,0,0,0,2,1,6,6,1,55,8,1997,1,3,HONDA CRV,2,E01011424,0,-1
2020220930372,2020,220930372,1,9,0,9,9,6,3,0,0,6,0,0,1,0,3,1,5,6,2,38,7,1998,1,18,HONDA CRV,6,E01028857,0,-1
2020370942803,2020,370942803,2,9,0,18,19,1,5,0,0,0,0,0,0,0,2,1,6,6,2,41,7,1597,2,6,HONDA CRV,10,E01030050,0,-1
2020052000264,2020,052000264,1,9,0,9,9,4,2,0,0,8,0,0,0,0,0,1,6,6,2,31,6,2204,2,13,HONDA CRV,2,E01007139,0,-1
2020110975279,2020,110975279,2,9,0,18,19,5,1,0,0,3,0,0,0,0,2,1,5,6,2,21,5,1597,2,4,HONDA CRV,4,E01020646,0,-1
2020010278858,2020,010278858,2,9,0,4,4,1,5,0,0,1,0,0,0,0,0,1,6,6,2,-1,-1,1997,1,9,HONDA CRV,-1,-1,0,-1
2020400949651,2020,400949651,1,9,0,18,19,1,5,0,0,0,1,11,0,0,1,1,2,2,1,36,7,1997,1,12,HONDA CRV,4,E01017473,0,-1
2020010252304,2020,010252304,1,9,0,18,19,5,1,0,0,0,0,0,0,0,1,1,6,6,1,29,6,2204,2,12,HONDA CRV,8,E01030848,0,-1
2020410985712,2020,410985712,1,9,0,18,19,3,7,0,0,1,0,0,0,0,3,1,3,7,2,32,6,2204,2,13,HONDA CRV,10,E01023464,0,-1
2020470926739,2020,470926739,1,9,0,15,15,8,4,0,0,0,0,4,0,0,1,1,5,6,1,74,10,2204,2,15,HONDA CRV,5,E01031355,0,-1
2020211023086,2020,211023086,1,9,0,3,3,-1,-1,0,0,1,0,0,0,0,1,1,6,6,1,51,8,1997,1,12,HONDA CRV,2,E01014356,0,-1
2020546723320,2020,546723320,1,9,0,18,19,6,2,0,0,1,0,0,0,0,1,1,1,1,1,51,8,2204,2,12,HONDA CRV,6,E01032119,0,-1
2020122000353,2020,122000353,1,9,0,18,19,1,5,0,0,1,0,0,1,9,1,1,6,6,2,63,9,1997,1,12,HONDA CRV,8,E01030478,0,-1
2020552000899,2020,552000899,1,9,0,18,19,6,4,0,0,0,0,0,0,0,1,1,3,7,1,39,7,1597,2,5,HONDA CRV,6,E01020516,0,-1
202031B052220,2020,31B052220,2,9,0,9,9,6,4,0,0,6,0,0,0,0,3,1,6,6,1,51,8,1997,1,12,HONDA CRV,4,E01028028,0,-1
2020040982992,2020,040982992,1,9,0,9,9,7,4,0,0,8,0,0,0,0,1,1,5,6,2,41,7,2199,2,6,HONDA CRV,8,E01025272,0,-1
2020070409291,2020,070409291,2,9,0,17,19,2,7,0,0,0,0,0,1,11,4,1,6,6,2,36,7,1597,2,4,HONDA CRV,4,W01000366,0,-1
2020010269439,2020,010269439,1,9,0,18,19,1,5,0,0,0,0,0,0,0,1,1,2,2,1,37,7,1997,1,13,HONDA CRV,2,E01004524,0,-1
2020302001243,2020,302001243,2,9,0,18,19,8,4,0,0,8,0,0,0,0,1,1,6,6,1,34,6,2199,2,6,HONDA CRV,9,E01019467,0,-1
2020990920629,2020,990920629,1,9,0,18,19,7,3,0,0,1,0,0,0,0,1,1,6,6,1,47,8,1973,1,19,HONDA CRV,5,-1,0,-1