collision_index,collision_year,collision_ref_no,vehicle_reference,vehicle_type,towing_and_articulation,vehicle_manoeuvre_historic,vehicle_manoeuvre,vehicle_direction_from,vehicle_direction_to,vehicle_location_restricted_lane_historic,vehicle_location_restricted_lane,junction_location,skidding_and_overturning,hit_object_in_carriageway,vehicle_leaving_carriageway,hit_object_off_carriageway,first_point_of_impact,vehicle_left_hand_drive,journey_purpose_of_driver_historic,journey_purpose_of_driver,sex_of_driver,age_of_driver,age_band_of_driver,engine_capacity_cc,propulsion_code,age_of_vehicle,generic_make_model,driver_imd_decile,lsoa_of_driver,escooter_flag,driver_distance_banding
2020010273208,2020,010273208,1,9,0,18,19,5,1,0,0,6,0,0,0,0,1,1,6,6,2,38,7,1998,1,13,HONDA CRV,6,E01004588,0,-1
2020552000989,2020,552000989,2,9,0,5,5,5,1,0,0,8,0,0,0,0,1,1,2,2,2,46,8,2199,2,10,HONDA CRV,8,E01020504,0,-1
2020430113077,2020,430113077,1,9,0,18,19,2,6,0,0,0,0,4,0,0,1,1,2,2,1,35,6,1998,1,18,HONDA CRV,6,E01017743,0,-1
2020990917101,2020,990917101,3,9,0,18,19,6,2,0,0,0,0,0,0,0,1,1,5,6,1,39,7,1597,2,3,HONDA CRV,9,-1,0,-1
2020990976180,2020,990976180,2,9,0,18,19,7,3,0,0,0,0,0,0,0,2,1,1,1,1,46,8,1597,2,4,HONDA CRV,3,-1,0,-1
2020991005310,2020,991005310,1,9,0,18,19,7,3,0,0,0,0,0,0,0,1,2,5,6,1,81,11,1997,1,10,HONDA CRV,1,-1,0,-1
2020470968240,2020,470968240,1,9,0,4,4,5,1,0,0,0,0,0,0,0,1,1,2,2,1,39,7,2199,2,9,HONDA CRV,3,E01016021,0,-1
2020522100878,2020,522100878,1,9,0,18,19,5,1,0,0,0,0,10,1,11,1,1,6,6,1,58,9,1998,1,18,HONDA CRV,2,E01014601,0,-1
2020010246304,2020,010246304,1,9,0,3,3,5,1,0,0,1,0,0,0,0,1,1,1,1,1,65,9,1997,1,8,HONDA CRV,6,E01017827,0,-1
2020010279310,2020,010279310,2,9,0,99,99,9,9,99,99,9,9,99,9,99,1,9,6,6,3,30,6,1997,1,13,HONDA CRV,-1,-1,0,-1
2020010234441,2020,010234441,1,9,0,4,4,1,5,0,0,0,0,0,0,0,1,1,3,7,2,43,7,1997,1,13,HONDA CRV,3,E01000464,0,-1
2020010228031,2020,010228031,1,9,0,99,99,9,9,99,99,0,9,99,9,99,2,9,2,2,1,30,6,1597,2,5,HONDA CRV,2,E01003489,0,-1
20201376H0458,2020,1376H0458,2,9,0,18,19,2,6,0,0,8,1,0,0,0,4,1,6,6,2,47,8,2204,2,12,HONDA CRV,4,E01011606,0,-1
2020010263024,2020,010263024,1,9,0,3,3,4,8,0,0,2,0,0,0,99,2,9,6,6,2,54,8,1998,1,18,HONDA CRV,-1,-1,0,-1
2020320098384,2020,320098384,2,9,0,9,9,1,7,0,0,1,0,0,0,0,3,1,6,6,2,54,8,1597,2,5,HONDA CRV,9,E01026401,0,-1
2020200993070,2020,200993070,4,9,0,18,19,1,5,0,0,0,0,0,0,0,2,1,6,6,1,34,6,1597,2,6,HONDA CRV,6,E01009676,0,-1
2020461007614,2020,461007614,1,9,0,7,7,3,5,0,0,0,0,0,0,0,3,1,6,6,1,55,8,2204,2,12,HONDA CRV,8,E01024762,0,-1
2020522003765,2020,522003765,2,9,0,18,19,5,1,0,0,0,0,0,0,0,1,1,6,6,1,56,9,1998,1,16,HONDA CRV,5,E01022421,0,-1
2020450999831,2020,450999831,2,9,0,2,2,0,0,0,0,0,0,0,0,0,0,2,6,6,2,40,7,1998,1,14,HONDA CRV,6,E01030312,0,-1
2020010257355,2020,010257355,1,9,0,99,99,9,9,99,99,9,9,99,9,99,2,9,6,6,1,44,7,1997,1,4,HONDA CRV,4,E01000134,0,-1
2020010269445,2020,010269445,1,9,0,99,99,9,9,99,99,0,9,99,9,99,1,9,6,6,1,40,7,1997,1,11,HONDA CRV,1,E01002857,0,-1
2020410943297,2020,410943297,1,9,0,17,19,8,4,0,0,0,1,0,7,11,3,1,5,6,1,31,6,1998,1,17,HONDA CRV,4,E01023785,0,-1
2020522100945,2020,522100945,1,9,0,9,9,5,3,0,0,8,0,0,0,0,1,1,6,6,1,57,9,1597,2,3,HONDA CRV,9,E01014752,0,-1
2020460988491,2020,460988491,1,9,0,9,9,3,5,0,0,8,0,0,0,0,1,1,6,6,2,38,7,1997,1,4,HONDA CRV,9,E01024369,0,-1
2020470986027,2020,470986027,2,9,0,9,9,2,8,0,0,6,0,0,0,0,3,1,2,2,2,51,8,2204,2,14,HONDA CRV,7,E01031534,0,-1
2020220934829,2020,220934829,2,9,0,9,9,7,5,0,0,6,0,0,0,0,4,1,5,6,1,42,7,2204,2,13,HONDA CRV,6,E01032217,0,-1
2020010281246,2020,010281246,1,9,0,4,4,3,7,0,0,0,0,0,0,0,0,1,6,6,1,47,8,2204,2,15,HONDA CRV,-1,-1,0,-1
2020470949203,2020,470949203,1,9,0,18,19,8,4,0,0,0,0,0,0,0,1,1,5,6,1,43,7,1597,2,5,HONDA CRV,9,E01024823,0,-1
2020140920695,2020,140920695,1,9,0,10,10,5,2,0,0,1,0,0,0,0,2,1,2,2,2,43,7,2199,2,7,HONDA CRV,4,E01007675,0,-1
2020430370831,2020,430370831,3,9,0,16,19,1,5,0,0,0,0,0,1,0,1,1,6,6,1,26,6,2199,2,9,HONDA CRV,-1,-1,0,-1
2020122000473,2020,122000473,1,9,0,17,19,4,8,0,0,0,2,0,7,9,1,1,6,6,1,64,9,2204,2,14,HONDA CRV,6,E01027569,0,-1
2020211018709,2020,211018709,2,9,0,18,19,6,2,0,0,0,0,0,0,0,2,1,6,6,1,47,8,2204,2,13,HONDA CRV,7,E01029498,0,-1
202063D028420,2020,63D028420,1,9,0,13,13,5,1,0,0,1,0,0,7,10,1,1,6,6,2,51,8,2204,2,14,HONDA CRV,5,W01000427,0,-1
2020991002090,2020,991002090,1,9,0,9,9,6,4,0,0,5,0,0,0,0,4,1,5,6,1,83,11,2204,2,15,HONDA CRV,6,-1,0,-1
2020440391699,2020,440391699,2,9,0,18,19,7,3,0,0,8,0,0,0,0,1,1,6,6,1,65,9,2204,2,14,HONDA CRV,8,E01023176,0,-1
2020552000248,2020,552000248,2,9,0,4,4,5,1,0,0,0,0,0,0,0,2,1,2,2,2,52,8,1998,1,16,HONDA CRV,7,E01020538,0,-1
2020470988713,2020,470988713,1,9,0,18,19,8,4,0,0,0,0,0,0,0,1,1,5,6,2,42,7,2199,2,9,HONDA CRV,9,E01023103,0,-1
2020370939891,2020,370939891,1,9,0,18,19,5,1,0,0,0,0,0,0,0,1,1,5,6,1,72,10,1597,2,4,HONDA CRV,2,E01030170,0,-1
202031C016420,2020,31C016420,1,9,0,18,19,6,2,0,0,0,0,0,0,0,1,1,3,7,2,42,7,1998,1,14,HONDA CRV,1,E01013866,0,-1
2020010270314,2020,010270314,1,9,0,18,19,8,4,0,0,0,5,4,0,0,1,1,6,6,1,48,8,1973,1,21,HONDA CRV,4,E01003322,0,-1
2020010275045,2020,010275045,2,9,0,99,99,9,9,0,0,0,0,0,0,0,1,9,6,6,3,-1,-1,1998,1,17,HONDA CRV,-1,-1,0,-1
202031A033220,2020,31A033220,1,9,0,18,19,7,3,0,0,0,0,0,0,0,1,1,2,2,2,52,8,2204,2,12,HONDA CRV,3,E01027954,0,-1
2020010284193,2020,010284193,2,9,0,18,19,5,1,0,0,2,9,0,0,0,1,9,6,6,1,72,10,1997,1,10,HONDA CRV,2,E01000603,0,-1
202006L272278,2020,06L272278,2,9,0,18,19,2,6,0,0,1,0,0,0,0,2,1,6,6,1,60,9,1997,1,8,HONDA CRV,5,E01006304,0,-1
2020040991553,2020,040991553,2,9,0,18,19,3,7,0,0,1,0,0,0,0,1,1,6,6,2,38,7,1998,1,18,HONDA CRV,8,E01012597,0,-1
2020430256904,2020,430256904,2,9,0,18,19,1,5,0,0,1,0,0,0,0,4,1,2,2,1,50,8,1998,1,15,HONDA CRV,6,E01023121,0,-1
2020522101303,2020,522101303,1,9,0,18,19,5,1,0,0,1,0,0,0,0,1,1,6,6,2,40,7,2204,2,11,HONDA CRV,6,E01014459,0,-1
2020430009299,2020,430009299,2,9,0,18,19,5,1,0,0,0,0,0,0,0,2,1,6,6,2,41,7,2199,2,10,HONDA CRV,10,E01030770,0,-1
2020220936234,2020,220936234,1,9,0,2,2,0,0,0,0,0,0,0,0,0,2,1,5,6,2,56,9,1998,1,14,HONDA CRV,5,E01032181,0,-1
2020010233338,2020,010233338,1,9,0,5,5,5,1,0,0,4,0,9,2,10,0,1,1,1,1,43,7,1997,1,8,HONDA CRV,5,E01004086,0,-1
2020350955265,2020,350955265,2,9,0,18,19,1,5,0,0,8,0,0,0,0,4,1,5,6,1,70,10,2204,2,14,HONDA CRV,5,E01030151,0,-1
2020010249566,2020,010249566,2,9,0,99,99,9,9,99,99,9,9,99,9,99,2,9,6,6,1,-1,-1,1998,1,18,HONDA CRV,4,E01003123,0,-1
2020052002567,2020,052002567,2,9,0,18,19,1,5,0,0,0,0,0,0,0,3,1,6,6,2,37,7,1597,2,5,HONDA CRV,2,E01006924,0,-1
202063B067520,2020,63B067520,2,9,0,17,19,8,5,0,0,8,0,0,0,0,3,1,6,6,2,39,7,2204,2,13,HONDA CRV,6,W01000519,0,-1
2020320020749,2020,320020749,1,9,0,18,19,5,1,0,0,1,0,0,0,0,1,1,6,6,1,82,11,1997,1,2,HONDA CRV,7,E01026218,0,-1
2020320023404,2020,320023404,2,9,0,4,4,7,3,0,0,0,0,0,0,0,2,1,2,2,1,31,6,2204,2,13,HONDA CRV,3,E01026124,0,-1
2020410943565,2020,410943565,1,9,0,18,19,8,4,0,0,0,0,4,0,0,1,1,5,6,1,85,11,2199,2,10,HONDA CRV,10,E01023568,0,-1
2020470927464,2020,470927464,1,9,0,18,19,2,7,0,0,3,0,0,0,0,1,1,6,6,1,-1,-1,2204,2,13,HONDA CRV,-1,-1,0,-1
2020501003223,2020,501003223,2,9,0,10,10,1,5,0,0,1,0,0,0,0,4,1,5,6,1,88,11,1997,1,3,HONDA CRV,4,E01018972,0,-1
2020137CF0329,2020,137CF0329,1,9,0,4,4,3,7,0,0,1,0,0,0,0,1,1,6,6,1,71,10,2199,2,6,HONDA CRV,2,E01011809,0,-1
2020170S11190,2020,170S11190,1,9,0,7,7,5,8,0,0,8,0,0,0,0,1,1,6,6,3,-1,-1,1973,1,22,HONDA CRV,-1,-1,0,-1
2020010249003,2020,010249003,1,9,0,18,19,3,7,0,0,0,0,0,0,0,0,1,6,6,1,60,9,1973,1,20,HONDA CRV,4,E01000558,0,-1
2020230943263,2020,230943263,1,9,0,7,7,7,2,0,0,6,0,0,1,0,2,1,1,1,2,37,7,1997,1,12,HONDA CRV,1,E01009588,0,-1
2020470985276,2020,470985276,1,9,0,18,19,8,4,0,0,4,0,0,0,0,1,2,6,6,2,-1,-1,2199,2,7,HONDA CRV,10,E01031680,0,-1
2020610013520,2020,610013520,1,9,0,4,4,4,8,0,0,1,0,0,0,0,2,1,6,6,1,46,8,1998,1,14,HONDA CRV,9,W01001623,0,-1
2020440486175,2020,440486175,1,9,0,9,9,5,3,0,0,6,0,0,0,0,3,1,6,6,1,89,11,1998,1,15,HONDA CRV,9,E01017064,0,-1
2020990922754,2020,990922754,1,9,0,18,19,8,4,0,0,0,0,0,0,0,1,1,6,6,1,50,8,1998,1,18,HONDA CRV,2,-1,0,-1
2020470973170,2020,470973170,1,9,0,17,19,6,3,0,0,0,0,0,1,3,1,1,1,1,2,35,6,1998,1,16,HONDA CRV,7,E01030576,0,-1
2020010252118,2020,010252118,4,9,0,2,2,0,0,9,9,2,0,0,0,0,2,1,6,6,3,-1,-1,1997,1,12,HONDA CRV,-1,-1,0,-1
2020371001048,2020,371001048,1,9,0,18,19,5,1,0,0,0,0,0,0,0,1,1,6,6,1,-1,-1,2204,2,11,HONDA CRV,5,E01030138,0,-1
2020040961966,2020,040961966,2,9,0,5,5,5,1,9,9,6,0,0,0,0,0,1,1,1,1,54,8,2199,2,10,HONDA CRV,4,E01024988,0,-1
2020470981865,2020,470981865,1,9,0,9,9,3,5,0,0,2,0,0,0,0,3,1,5,6,2,32,6,1998,1,13,HONDA CRV,8,E01031617,0,-1
2020010248212,2020,010248212,1,9,0,99,99,9,9,99,99,9,9,99,9,99,2,9,2,2,1,47,8,2204,2,12,HONDA CRV,2,E01032562,0,-1
2020552001160,2020,552001160,2,9,0,4,4,2,6,0,0,0,0,0,0,0,2,1,2,2,1,46,8,1997,1,6,HONDA CRV,9,E01020505,0,-1
2020160973765,2020,160973765,2,9,0,18,19,3,7,0,0,0,0,0,0,0,1,1,6,6,2,23,5,2204,2,13,HONDA CRV,1,E01012894,0,-1
2020460925330,2020,460925330,2,9,0,18,19,1,5,0,0,0,0,0,0,0,3,1,5,6,2,41,7,1997,1,9,HONDA CRV,6,E01016113,0,-1
2020440496825,2020,440496825,1,9,0,18,19,4,8,0,0,0,0,0,0,0,1,1,6,6,1,50,8,1998,1,16,HONDA CRV,6,E01023155,0,-1
2020460998420,2020,460998420,2,9,0,18,19,7,3,0,0,0,1,0,2,0,3,1,5,6,1,47,8,1997,1,7,HONDA CRV,6,E01024345,0,-1
2020010253861,2020,010253861,2,9,0,5,5,5,1,0,0,1,0,0,0,0,1,1,6,6,1,54,8,1998,1,16,HONDA CRV,2,E01003021,0,-1
2020140992340,2020,140992340,1,9,0,18,19,1,5,0,0,6,0,0,0,0,1,1,6,6,3,-1,-1,2204,2,14,HONDA CRV,-1,-1,0,-1
2020010232095,2020,010232095,1,9,0,7,7,6,7,0,0,6,0,0,0,0,3,1,3,7,1,63,9,1998,1,14,HONDA CRV,2,E01003514,0,-1
202063D038320,2020,63D038320,1,9,0,7,7,3,6,0,0,1,1,0,3,3,1,1,6,6,2,17,4,2204,2,12,HONDA CRV,6,W01000471,0,-1
2020991005223,2020,991005223,1,9,0,18,19,7,3,0,0,0,5,0,4,6,3,1,5,6,1,28,6,2204,2,12,HONDA CRV,4,-1,0,-1
2020440440766,2020,440440766,1,9,0,18,19,7,3,0,0,0,0,0,0,0,4,1,6,6,1,77,11,1998,1,17,HONDA CRV,8,E01032841,0,-1
2020010231387,2020,010231387,1,9,0,99,99,9,9,99,99,9,9,99,9,99,1,9,6,6,2,72,10,1973,1,19,HONDA CRV,7,E01002944,0,-1
2020460977371,2020,460977371,1,9,0,5,5,5,7,0,0,0,0,0,7,0,1,1,5,6,1,71,10,1997,1,6,HONDA CRV,7,E01024232,0,-1
2020470993279,2020,470993279,1,9,0,9,9,7,5,0,0,1,0,0,0,0,1,1,5,6,2,42,7,2204,2,15,HONDA CRV,4,E01016872,0,-1
2020010233366,2020,010233366,1,9,0,9,9,7,5,0,0,1,0,0,0,0,3,1,2,2,2,50,8,1997,1,6,HONDA CRV,1,E01003291,0,-1
2020370982697,2020,370982697,2,9,0,18,19,5,1,0,0,2,0,0,0,0,1,1,5,6,1,64,9,1998,1,15,HONDA CRV,3,E01029912,0,-1
2020520101406,2020,520101406,1,9,0,7,7,5,6,0,0,1,0,0,0,0,4,1,6,6,1,74,10,1997,1,8,HONDA CRV,8,E01029019,0,-1
2020040932935,2020,040932935,1,9,0,9,9,5,3,0,0,2,0,0,0,0,1,1,6,6,1,43,7,1997,1,6,HONDA CRV,7,E01012718,0,-1
2020470998940,2020,470998940,1,9,0,4,4,7,3,0,0,2,0,0,0,0,2,1,5,6,2,29,6,1998,1,17,HONDA CRV,6,E01017004,0,-1
2020010273403,2020,010273403,2,9,0,9,9,1,7,0,0,6,0,0,0,0,1,1,6,6,2,61,9,1997,1,12,HONDA CRV,9,E01003885,0,-1
2020370960948,2020,370960948,2,9,0,18,19,6,2,0,0,2,0,0,0,0,1,1,5,6,1,80,11,2199,2,10,HONDA CRV,8,E01030269,0,-1
2020221003753,2020,221003753,1,9,0,18,19,5,1,0,0,0,0,0,0,0,3,1,6,6,3,34,6,1997,1,2,HONDA CRV,-1,-1,0,-1
2020010257977,2020,010257977,2,9,0,9,9,1,6,0,0,1,0,0,0,0,1,1,1,1,1,38,7,1998,1,16,HONDA CRV,4,E01001005,0,-1
2020360974185,2020,360974185,2,9,0,18,19,1,5,0,0,0,0,0,0,0,1,1,5,6,1,62,9,1597,2,4,HONDA CRV,10,E01026527,0,-1
2020430407124,2020,430407124,1,9,0,18,19,5,1,0,0,0,0,0,1,4,1,1,6,6,1,33,6,1973,1,19,HONDA CRV,7,E01016578,0,-1
2020440322529,2020,440322529,4,9,0,18,19,3,7,0,0,2,0,0,0,0,1,1,6,6,1,82,11,1997,1,4,HONDA CRV,8,E01031439,0,-1
2020420969559,2020,420969559,3,9,0,18,19,7,3,0,0,0,0,0,0,0,1,1,5,6,2,68,10,1997,1,4,HONDA CRV,9,E01021256,0,-1
20201372R1074,2020,1372R1074,3,9,0,3,3,0,0,0,0,8,0,0,0,0,2,1,6,6,1,49,8,2199,2,9,HONDA CRV,4,E01011606,0,-1
2020052001261,2020,052001261,3,9,0,2,2,0,0,0,0,0,0,0,0,0,2,1,6,6,3,-1,-1,1597,2,5,HONDA CRV,-1,-1,0,-1
2020110935301,2020,110935301,2,9,0,15,15,7,3,0,0,0,0,0,0,0,3,1,6,6,3,-1,-1,1998,1,17,HONDA CRV,-1,-1,0,-1
2020010255798,2020,010255798,2,9,0,99,99,9,9,99,99,9,9,99,9,99,1,9,6,6,3,41,7,1973,1,19,HONDA CRV,2,E01003168,0,-1
2020122001204,2020,122001204,1,9,0,18,19,5,1,0,0,0,5,0,7,11,1,1,6,6,1,32,6,1998,1,18,HONDA CRV,4,E01027609,0,-1
2020010282636,2020,010282636,1,9,0,99,99,9,9,99,99,9,9,99,9,99,1,9,6,6,2,27,6,1997,1,5,HONDA CRV,4,E01002893,0,-1
20201377A0408,2020,1377A0408,2,9,0,18,19,8,4,0,0,8,0,0,0,0,1,1,2,2,1,51,8,1997,1,13,HONDA CRV,6,E01010640,0,-1
2020220943011,2020,220943011,1,9,0,18,19,3,7,0,0,4,0,0,0,0,4,1,6,6,2,47,8,1998,1,16,HONDA CRV,7,E01028950,0,-1
202063A012620,2020,63A012620,2,9,0,4,4,4,8,0,0,1,0,0,0,0,1,1,3,7,2,28,6,2204,2,13,HONDA CRV,4,W01000703,0,-1
2020430191520,2020,430191520,1,9,0,9,9,4,2,0,0,6,0,0,0,0,1,1,6,6,2,55,8,1997,1,8,HONDA CRV,10,E01016410,0,-1
2020010267385,2020,010267385,2,9,0,18,19,5,1,0,0,2,0,0,0,0,1,1,6,6,2,34,6,1997,1,2,HONDA CRV,-1,-1,0,-1
2020400958726,2020,400958726,1,9,0,5,5,4,8,0,0,0,0,4,0,0,1,1,5,6,1,77,11,1597,2,5,HONDA CRV,10,E01017566,0,-1
2020421000041,2020,421000041,3,9,0,2,2,2,8,6,6,0,0,0,0,0,3,1,5,6,2,22,5,2199,2,8,HONDA CRV,-1,-1,0,-1
2020520002788,2020,520002788,2,9,0,18,19,4,8,0,0,0,0,0,0,0,3,1,1,1,1,78,11,1998,1,18,HONDA CRV,5,E01029215,0,-1
2020010247359,2020,010247359,1,9,0,99,99,9,9,99,99,9,9,99,9,99,9,9,6,6,3,57,9,1997,1,3,HONDA CRV,2,E01001868,0,-1
2020010249583,2020,010249583,1,9,0,99,99,9,9,99,99,9,9,99,9,99,2,9,6,6,1,30,6,1998,1,15,HONDA CRV,7,E01002683,0,-1
2020990975546,2020,990975546,1,9,0,16,19,3,7,0,0,0,0,0,0,0,1,1,6,6,1,34,6,1997,1,10,HONDA CRV,4,-1,0,-1
2020990959358,2020,990959358,1,9,0,17,19,2,6,0,0,0,0,0,0,0,0,1,6,6,2,37,7,1597,2,4,HONDA CRV,7,-1,0,-1
2020622000730,2020,622000730,1,9,0,9,9,2,8,0,0,2,0,0,0,0,3,1,6,6,1,81,11,1998,1,17,HONDA CRV,9,W01001107,0,-1
202031B014120,2020,31B014120,1,9,0,18,19,6,3,0,0,3,0,0,0,0,4,1,6,6,1,75,10,2204,2,12,HONDA CRV,6,E01028308,0,-1
2020610017320,2020,610017320,1,9,0,18,19,1,5,0,0,3,0,0,0,0,1,1,6,6,2,29,6,1998,1,17,HONDA CRV,3,W01001408,0,-1
2020991010119,2020,991010119,1,9,0,18,19,1,5,0,0,0,0,0,0,0,4,1,5,6,2,51,8,2204,2,13,HONDA CRV,1,-1,0,-1
2020010255428,2020,010255428,1,9,0,18,19,5,1,0,0,8,0,0,0,0,1,2,2,2,1,52,8,1997,1,10,HONDA CRV,3,E01009458,0,-1
2020371003328,2020,371003328,2,9,0,18,19,1,1,0,0,8,0,0,0,0,4,1,6,6,1,-1,-1,2199,2,7,HONDA CRV,7,E01030019,0,-1
2020547420120,2020,547420120,1,9,0,18,19,2,6,0,0,0,0,0,0,0,1,1,6,6,1,75,10,1998,1,15,HONDA CRV,8,E01032044,0,-1
2020552100140,2020,552100140,2,9,0,4,4,4,8,0,0,0,0,0,0,0,2,1,6,6,1,39,7,1997,1,12,HONDA CRV,4,E01015276,0,-1
2020421007322,2020,421007322,3,9,0,18,19,3,7,0,0,0,0,0,0,0,1,1,5,6,1,51,8,1597,2,4,HONDA CRV,4,E01022011,0,-1
2020010258869,2020,010258869,1,9,0,13,13,5,1,0,0,8,0,0,0,0,4,1,6,6,1,50,8,2199,2,7,HONDA CRV,6,E01001073,0,-1
2020470954479,2020,470954479,1,9,0,2,2,0,0,0,0,2,0,0,0,0,3,1,6,6,1,-1,-1,1997,1,12,HONDA CRV,5,E01021111,0,-1
2020440230184,2020,440230184,2,9,0,18,19,7,3,0,0,8,0,0,0,0,1,1,6,6,1,57,9,1597,2,6,HONDA CRV,5,E01017283,0,-1
2020010253014,2020,010253014,1,9,0,3,3,3,7,0,0,1,0,0,0,0,2,1,6,6,1,45,7,2199,2,9,HONDA CRV,8,E01002495,0,-1
2020450966542,2020,450966542,2,9,0,9,9,3,1,0,0,6,0,0,0,0,4,1,5,6,2,75,10,1973,1,20,HONDA CRV,10,E01030376,0,-1
2020430088946,2020,430088946,1,9,0,3,3,5,1,0,0,2,0,0,0,0,1,1,2,2,1,22,5,1998,1,16,HONDA CRV,9,E01032396,0,-1
2020990935299,2020,990935299,1,9,0,7,7,5,8,0,0,5,0,0,0,0,1,1,6,6,2,61,9,1997,1,5,HONDA CRV,10,-1,0,-1
20201373O0387,2020,1373O0387,1,9,0,16,19,3,7,0,0,0,0,0,0,0,1,1,6,6,2,86,11,1997,1,6,HONDA CRV,8,E01010695,0,-1
2020137391692,2020,137391692,1,9,0,18,19,2,6,0,0,0,5,0,1,3,1,1,6,6,2,42,7,1597,2,5,HONDA CRV,9,E01011887,0,-1
2020010229675,2020,010229675,1,9,0,99,99,9,9,99,99,9,9,99,9,99,2,9,6,6,2,41,7,1997,1,9,HONDA CRV,7,E01000572,0,-1
20201371F0878,2020,1371F0878,1,9,0,18,19,3,7,0,0,0,0,0,0,0,2,1,6,6,1,83,11,1997,1,10,HONDA CRV,10,E01010694,0,-1
2020010257508,2020,010257508,2,9,0,99,99,9,9,99,99,9,9,99,9,99,9,9,6,6,3,-1,-1,1997,1,12,HONDA CRV,-1,-1,0,-1
2020450995601,2020,450995601,2,9,0,10,10,1,1,0,0,2,0,0,0,0,1,1,6,6,2,30,6,1973,1,20,HONDA CRV,6,E01030557,0,-1
2020450992501,2020,450992501,1,9,0,18,19,3,4,0,0,0,0,0,0,0,1,1,2,2,1,32,6,1998,1,16,HONDA CRV,7,E01002962,0,-1
2020370974917,2020,370974917,2,9,0,18,19,2,6,0,0,8,0,0,0,0,1,1,5,6,1,69,10,1998,1,17,HONDA CRV,5,E01029955,0,-1
2020041006249,2020,041006249,1,9,0,18,19,3,7,6,6,0,1,0,2,7,4,1,3,7,1,40,7,2199,2,5,HONDA CRV,5,E01024873,0,-1
2020450975515,2020,450975515,1,9,0,6,6,1,5,0,0,8,0,0,7,0,1,1,5,6,2,76,11,1997,1,3,HONDA CRV,10,E01022846,0,-1
2020622000843,2020,622000843,1,9,4,18,19,6,2,0,0,0,0,0,0,0,0,1,1,1,1,74,10,1998,1,14,HONDA CRV,7,W01000888,0,-1
2020450963859,2020,450963859,1,9,0,7,7,7,3,0,0,1,0,0,0,0,4,1,5,6,2,37,7,1998,1,14,HONDA CRV,5,E01030946,0,-1
2020530960390,2020,530960390,2,9,0,18,19,4,8,0,0,0,0,0,0,0,1,1,5,6,1,45,7,2204,2,14,HONDA CRV,8,E01022446,0,-1
2020040986657,2020,040986657,2,9,0,9,9,5,1,0,0,1,0,0,0,0,3,1,5,6,1,52,8,1597,2,2,HONDA CRV,3,E01012606,0,-1
2020010244539,2020,010244539,2,9,0,18,19,2,6,0,0,8,0,0,0,0,1,1,6,6,2,39,7,1998,1,16,HONDA CRV,10,E01004190,0,-1
2020370953336,2020,370953336,1,9,0,18,19,3,7,0,0,2,0,7,1,9,1,1,5,6,1,76,11,2199,2,10,HONDA CRV,6,E01030099,0,-1
2020140969707,2020,140969707,1,9,0,16,19,8,5,0,0,0,2,0,0,0,1,1,2,2,2,40,7,1597,2,4,HONDA CRV,-1,-1,0,-1
2020100922601,2020,100922601,2,9,0,18,19,5,3,0,0,1,0,0,0,0,3,1,1,1,1,49,8,2199,2,9,HONDA CRV,6,E01027488,0,-1
2020990917057,2020,990917057,2,9,0,18,19,2,6,0,0,1,0,0,0,0,4,1,6,6,2,52,8,1998,1,16,HONDA CRV,9,-1,0,-1
2020471009432,2020,471009432,2,9,0,18,19,7,3,0,0,0,0,0,0,0,2,1,5,6,1,53,8,1997,1,2,HONDA CRV,6,E01031468,0,-1
2020010270769,2020,010270769,1,9,9,99,99,9,9,99,99,9,9,99,9,99,9,9,6,6,1,77,11,2204,2,14,HONDA CRV,2,E01001693,0,-1
2020461003791,2020,461003791,2,9,0,18,19,1,5,0,0,0,0,0,0,0,1,1,6,6,2,50,8,1997,1,9,HONDA CRV,5,E01024039,0,-1
2020520001752,2020,520001752,1,9,0,18,19,7,3,0,0,0,5,0,7,0,0,1,6,6,2,72,10,1997,1,4,HONDA CRV,6,E01029028,0,-1
2020470969092,2020,470969092,1,9,0,16,19,6,1,0,0,0,0,0,1,4,3,1,5,6,1,45,7,1998,1,15,HONDA CRV,10,E01031644,0,-1
2020990986462,2020,990986462,1,9,0,18,19,5,8,0,0,6,0,0,0,0,3,1,6,6,2,65,9,1597,2,3,HONDA CRV,7,-1,0,-1
2020200953616,2020,200953616,3,9,0,14,14,6,2,0,0,1,0,0,0,0,2,1,6,6,1,-1,-1,2204,2,14,HONDA CRV,-1,-1,0,-1
2020040992566,2020,040992566,1,9,0,18,19,1,5,0,0,0,0,0,0,0,1,1,5,6,1,54,8,2204,2,13,HONDA CRV,10,E01025259,0,-1
2020360997084,2020,360997084,2,9,0,10,10,6,3,0,0,1,0,0,0,0,2,1,5,6,2,57,9,2199,2,9,HONDA CRV,5,E01026491,0,-1
2020430056135,2020,430056135,1,9,0,18,19,1,5,0,0,2,0,0,0,0,1,1,6,6,1,-1,-1,2199,2,8,HONDA CRV,7,E01028733,0,-1
2020350970916,2020,350970916,1,9,0,18,19,3,7,0,0,0,0,0,0,0,1,1,5,6,1,42,7,1997,1,5,HONDA CRV,10,E01023642,0,-1