collision_index,collision_year,collision_ref_no,vehicle_reference,vehicle_type,towing_and_articulation,vehicle_manoeuvre_historic,vehicle_manoeuvre,vehicle_direction_from,vehicle_direction_to,vehicle_location_restricted_lane_historic,vehicle_location_restricted_lane,junction_location,skidding_and_overturning,hit_object_in_carriageway,vehicle_leaving_carriageway,hit_object_off_carriageway,first_point_of_impact,vehicle_left_hand_drive,journey_purpose_of_driver_historic,journey_purpose_of_driver,sex_of_driver,age_of_driver,age_band_of_driver,engine_capacity_cc,propulsion_code,age_of_vehicle,generic_make_model,driver_imd_decile,lsoa_of_driver,escooter_flag,driver_distance_banding
2020160965611,2020,160965611,2,9,0,18,19,7,3,0,0,8,0,0,0,0,1,1,5,6,1,84,11,1339,1,16,HONDA JAZZ,3,E01013133,0,-1
2020010282482,2020,010282482,6,9,0,18,19,1,5,0,0,0,0,0,0,0,2,1,6,6,2,30,6,1339,1,6,HONDA JAZZ,2,E01003299,0,-1
2020211020282,2020,211020282,2,9,0,9,9,1,7,0,0,8,0,0,0,0,3,1,6,6,2,41,7,1318,1,4,HONDA JAZZ,8,E01029430,0,-1
2020460936557,2020,460936557,1,9,0,11,11,4,8,0,0,0,1,0,1,0,4,1,6,6,2,78,11,1318,1,1,HONDA JAZZ,9,E01033214,0,-1
2020040956842,2020,040956842,2,9,0,17,19,5,2,0,0,1,0,0,0,0,1,1,5,6,2,37,7,1339,1,16,HONDA JAZZ,8,E01025163,0,-1
202006J173630,2020,06J173630,2,9,0,18,19,2,6,0,0,8,0,0,0,0,1,1,6,6,2,38,7,1198,1,10,HONDA JAZZ,3,E01005893,0,-1
2020522005067,2020,522005067,2,9,0,12,12,6,2,0,0,0,0,0,0,0,2,1,6,6,2,30,6,1339,1,15,HONDA JAZZ,2,W01001692,0,-1
2020200982351,2020,200982351,1,9,0,18,19,8,4,0,0,8,0,0,0,0,1,1,1,1,1,50,8,1339,1,15,HONDA JAZZ,2,E01010341,0,-1
2020200940459,2020,200940459,1,9,0,18,19,4,8,0,0,0,0,10,1,0,4,1,6,6,1,14,3,1339,1,5,HONDA JAZZ,-1,-1,0,-1
2020430272402,2020,430272402,2,9,0,10,10,8,6,0,0,1,0,0,0,0,2,1,6,6,2,49,8,1339,1,12,HONDA JAZZ,6,E01022875,0,-1
2020137670838,2020,137670838,3,9,0,18,19,5,1,0,0,1,0,0,0,0,1,1,6,6,1,60,9,1198,1,10,HONDA JAZZ,10,E01011196,0,-1
2020440501292,2020,440501292,3,9,0,18,19,7,3,0,0,1,0,0,0,0,1,1,6,6,2,74,10,1339,1,17,HONDA JAZZ,10,E01023194,0,-1
2020410929965,2020,410929965,1,9,0,18,19,5,1,0,0,0,1,0,1,7,1,1,6,6,1,41,7,1339,1,12,HONDA JAZZ,2,E01000876,0,-1
2020622000863,2020,622000863,1,9,0,18,19,8,4,0,0,0,0,0,0,0,3,1,2,2,2,26,6,1339,1,17,HONDA JAZZ,10,W01001843,0,-1
2020170S11920,2020,170S11920,1,9,0,18,19,7,3,0,0,1,0,0,0,0,1,1,6,6,1,39,7,1339,1,10,HONDA JAZZ,1,E01012267,0,-1
2020200927785,2020,200927785,2,9,0,18,19,2,6,0,0,8,0,0,0,0,4,1,6,6,1,75,10,1339,1,13,HONDA JAZZ,1,E01009033,0,-1
2020137CH0841,2020,137CH0841,2,9,0,2,2,0,0,0,0,0,0,0,0,0,2,1,6,6,2,-1,-1,1339,1,10,HONDA JAZZ,-1,-1,0,-1
2020400972228,2020,400972228,2,9,0,7,7,4,6,0,0,2,0,0,0,0,1,1,6,6,2,23,5,1339,1,15,HONDA JAZZ,9,E01018181,0,-1
2020522101217,2020,522101217,1,9,0,16,19,5,1,0,0,8,0,0,7,10,1,1,6,6,2,73,10,1339,1,7,HONDA JAZZ,8,E01014921,0,-1
2020420940030,2020,420940030,1,9,0,5,5,0,7,0,0,0,0,0,0,0,1,1,6,6,2,43,7,1339,1,13,HONDA JAZZ,3,E01015956,0,-1
2020470952676,2020,470952676,1,9,0,12,12,8,4,0,0,1,0,0,0,0,1,1,2,2,2,43,7,1339,1,8,HONDA JAZZ,8,E01021150,0,-1
2020440427870,2020,440427870,1,9,0,18,19,1,5,0,0,8,0,0,0,0,1,1,6,6,1,76,11,1318,1,1,HONDA JAZZ,9,E01023152,0,-1
2020543866220,2020,543866220,2,9,0,3,3,4,8,0,0,1,0,0,0,0,1,1,1,1,2,70,10,1339,1,10,HONDA JAZZ,8,E01032042,0,-1
2020010267614,2020,010267614,1,9,0,99,99,9,9,99,99,9,9,99,9,99,9,9,6,6,1,51,8,1318,1,1,HONDA JAZZ,5,E01004377,0,-1
2020332000221,2020,332000221,3,9,0,7,7,3,5,0,0,6,0,0,0,0,1,1,1,1,1,20,4,1339,1,17,HONDA JAZZ,9,E01013703,0,-1
202006A276063,2020,06A276063,2,9,0,10,10,4,2,0,0,5,0,0,0,0,2,1,6,6,2,37,7,1339,1,13,HONDA JAZZ,1,E01005227,0,-1
2020350951866,2020,350951866,1,9,0,5,5,4,7,0,0,2,0,4,0,0,1,1,6,6,2,17,4,1339,1,16,HONDA JAZZ,3,E01015652,0,-1
2020470947970,2020,470947970,4,9,0,18,19,5,1,0,0,0,0,0,0,0,0,1,5,6,1,65,9,1339,1,16,HONDA JAZZ,8,E01021134,0,-1
2020302000243,2020,302000243,1,9,0,9,9,4,1,0,0,5,0,0,0,0,3,1,6,6,1,41,7,1339,1,10,HONDA JAZZ,4,E01019649,0,-1
2020100950307,2020,100950307,1,9,0,16,19,4,8,0,0,1,2,0,7,0,1,1,5,6,1,26,6,1339,1,10,HONDA JAZZ,-1,-1,0,-1
2020460935815,2020,460935815,2,9,0,5,5,1,5,0,0,2,0,0,0,0,1,1,5,6,2,37,7,1318,1,3,HONDA JAZZ,9,E01024338,0,-1
2020010285107,2020,010285107,1,9,0,6,6,1,1,0,0,1,0,0,0,0,1,1,6,6,1,36,7,1339,1,14,HONDA JAZZ,1,E01004340,0,-1
2020440464089,2020,440464089,1,9,0,18,19,7,3,0,0,0,0,0,0,0,3,1,6,6,1,33,6,1339,1,8,HONDA JAZZ,4,E01017264,0,-1
2020350970571,2020,350970571,1,9,0,4,4,4,8,0,0,1,0,0,1,0,1,1,5,6,1,47,8,1339,1,16,HONDA JAZZ,4,E01015655,0,-1
2020522000964,2020,522000964,2,9,0,7,7,3,5,0,0,6,0,0,0,0,1,1,6,6,1,-1,-1,1339,1,17,HONDA JAZZ,-1,-1,0,-1
2020440308433,2020,440308433,2,9,0,18,19,1,5,0,0,8,0,0,0,0,1,1,6,6,2,71,10,1339,1,6,HONDA JAZZ,3,E01017020,0,-1
2020990980193,2020,990980193,1,9,0,9,9,5,2,0,0,8,0,0,0,0,1,1,5,6,1,37,7,1339,1,11,HONDA JAZZ,3,-1,0,-1
2020010257380,2020,010257380,1,9,0,99,99,9,9,99,99,0,9,99,9,99,2,9,6,6,1,33,6,1339,1,15,HONDA JAZZ,3,E01033557,0,-1
2020461012714,2020,461012714,1,9,0,18,19,5,1,0,0,2,0,0,0,0,1,1,5,6,2,30,6,1339,8,7,HONDA JAZZ,4,E01032823,0,-1
2020470936931,2020,470936931,2,9,0,18,19,7,3,0,0,1,0,0,0,0,1,1,5,6,2,73,10,1339,1,8,HONDA JAZZ,8,E01021209,0,-1
2020410985244,2020,410985244,1,9,0,18,19,5,1,0,0,0,0,10,0,0,1,1,5,6,2,54,8,1339,1,14,HONDA JAZZ,10,E01023520,0,-1
2020421011492,2020,421011492,1,9,0,18,19,2,6,0,0,0,0,0,0,0,1,1,6,6,2,58,9,1339,1,14,HONDA JAZZ,4,E01021839,0,-1
2020010257253,2020,010257253,3,9,0,18,19,7,3,0,0,0,0,0,0,0,1,1,2,2,1,22,5,1339,1,14,HONDA JAZZ,4,E01009688,0,-1
2020470966826,2020,470966826,1,9,0,18,19,5,1,0,0,1,0,0,0,0,1,1,5,6,1,76,11,1339,1,8,HONDA JAZZ,5,E01031631,0,-1
2020040925990,2020,040925990,2,9,0,18,19,1,5,0,0,1,0,0,0,0,3,1,6,6,1,81,11,1339,1,12,HONDA JAZZ,10,E01024963,0,-1
2020010273579,2020,010273579,1,9,0,4,4,4,8,0,0,1,0,0,0,0,2,1,6,6,1,56,9,1339,1,14,HONDA JAZZ,7,E01000886,0,-1
2020340S07462,2020,340S07462,2,9,0,7,7,7,1,0,0,6,0,0,0,0,2,1,6,6,2,53,8,1339,1,11,HONDA JAZZ,7,E01027299,0,-1
2020530927678,2020,530927678,1,9,0,18,19,7,3,0,0,0,0,0,1,0,1,1,2,2,2,52,8,1318,1,1,HONDA JAZZ,4,E01022200,0,-1
2020401018757,2020,401018757,2,9,0,14,14,1,5,0,0,0,0,0,0,0,2,1,6,6,1,38,7,1339,1,10,HONDA JAZZ,4,E01015784,0,-1
2020010253609,2020,010253609,2,9,0,5,5,7,3,0,0,1,0,0,0,0,4,1,6,6,1,43,7,1339,1,13,HONDA JAZZ,5,E01002520,0,-1
2020430228950,2020,430228950,2,9,0,16,19,2,6,0,0,0,0,0,0,10,1,1,6,6,2,76,11,1318,1,2,HONDA JAZZ,9,E01028799,0,-1
2020010281958,2020,010281958,1,9,0,99,99,9,9,99,99,0,9,99,9,99,2,9,2,2,1,35,6,1339,1,15,HONDA JAZZ,3,E01001004,0,-1
2020010276944,2020,010276944,2,9,0,99,99,9,9,99,99,0,9,99,9,99,1,9,6,6,3,-1,-1,1339,1,13,HONDA JAZZ,-1,-1,0,-1
2020010274082,2020,010274082,2,9,0,12,12,7,3,0,0,1,0,0,0,0,2,1,6,6,2,74,10,1339,1,16,HONDA JAZZ,-1,-1,0,-1
2020100918339,2020,100918339,1,9,0,18,19,7,3,0,0,2,0,0,0,0,1,1,5,6,2,39,7,1339,1,15,HONDA JAZZ,4,E01008455,0,-1
2020350977946,2020,350977946,1,9,0,9,9,3,8,0,0,6,0,0,3,4,3,1,5,6,1,75,10,1339,1,10,HONDA JAZZ,10,E01017985,0,-1
2020440106838,2020,440106838,2,9,0,9,9,4,1,0,0,8,0,0,0,0,1,1,6,6,2,60,9,1318,1,2,HONDA JAZZ,6,E01022669,0,-1
2020460984801,2020,460984801,1,9,0,18,19,3,7,0,0,1,0,0,0,0,1,1,5,6,2,59,9,1339,1,6,HONDA JAZZ,2,E01024315,0,-1
2020320544890,2020,320544890,1,9,0,18,19,5,1,0,0,2,0,0,0,0,4,1,6,6,1,72,10,1339,1,11,HONDA JAZZ,10,E01018232,0,-1
202063A018220,2020,63A018220,1,9,0,5,5,8,4,0,0,6,0,0,0,0,1,1,6,6,1,32,6,1339,1,12,HONDA JAZZ,6,W01000666,0,-1
2020450927965,2020,450927965,2,9,0,18,19,1,5,0,0,0,0,0,0,0,3,1,6,6,2,79,11,1339,1,7,HONDA JAZZ,5,E01030459,0,-1
2020010268167,2020,010268167,1,9,0,5,5,5,1,0,0,1,0,0,0,0,4,2,1,1,1,50,8,1339,1,15,HONDA JAZZ,-1,-1,0,-1
2020552000894,2020,552000894,2,9,0,18,19,1,5,0,0,8,0,0,0,0,1,1,6,6,2,80,11,1339,1,7,HONDA JAZZ,9,E01020391,0,-1
2020520002083,2020,520002083,1,9,0,18,19,6,2,0,0,0,0,0,0,0,1,1,6,6,1,40,7,1339,1,11,HONDA JAZZ,3,E01014588,0,-1
2020010264924,2020,010264924,3,9,0,2,2,0,0,0,0,2,0,0,0,0,2,1,6,6,3,-1,-1,1246,1,14,HONDA JAZZ,-1,-1,0,-1
202006M273215,2020,06M273215,2,9,0,18,19,4,8,0,0,1,0,0,0,0,1,1,6,6,2,35,6,1339,1,16,HONDA JAZZ,3,E01032919,0,-1
2020070676527,2020,070676527,3,9,0,18,19,8,4,0,0,0,1,0,4,0,4,1,6,6,2,24,5,1339,1,13,HONDA JAZZ,8,E01018558,0,-1
2020522000900,2020,522000900,2,9,0,18,19,1,5,0,0,0,0,0,0,0,1,1,6,6,2,28,6,1339,1,12,HONDA JAZZ,10,E01014988,0,-1
2020420960310,2020,420960310,1,9,0,17,19,5,1,0,0,0,1,11,1,0,1,1,6,6,1,86,11,1198,1,11,HONDA JAZZ,10,E01021452,0,-1
2020140917782,2020,140917782,2,9,0,2,2,0,0,0,0,0,0,0,0,0,1,1,6,6,1,-1,-1,1246,1,13,HONDA JAZZ,1,E01007628,0,-1
2020010249016,2020,010249016,2,9,0,18,19,1,5,0,0,0,0,0,0,0,1,1,6,6,1,53,8,1339,1,6,HONDA JAZZ,-1,-1,0,-1
2020990925895,2020,990925895,1,9,0,3,3,8,4,0,0,8,0,0,0,0,1,1,5,6,2,44,7,1339,1,12,HONDA JAZZ,-1,-1,0,-1
2020010245601,2020,010245601,2,9,0,5,5,7,3,0,0,8,0,0,0,0,1,1,1,1,2,56,9,1339,1,9,HONDA JAZZ,-1,-1,0,-1
2020010282443,2020,010282443,2,9,0,5,5,3,7,0,0,4,0,0,0,0,0,1,6,6,2,76,11,1339,1,6,HONDA JAZZ,4,E01024742,0,-1
2020201014487,2020,201014487,1,9,0,5,5,8,4,0,0,1,0,0,0,0,0,1,6,6,2,-1,-1,1339,1,16,HONDA JAZZ,-1,-1,0,-1
2020411005448,2020,411005448,2,9,0,18,19,3,7,0,0,1,0,0,0,0,3,1,5,6,1,45,7,1318,1,2,HONDA JAZZ,5,E01000194,0,-1
2020140927215,2020,140927215,1,9,0,18,19,3,7,0,0,1,0,0,0,0,1,1,5,6,2,65,9,1318,1,4,HONDA JAZZ,6,E01007795,0,-1
2020200935658,2020,200935658,2,9,0,10,10,2,8,0,0,1,0,0,0,0,2,1,6,6,1,71,10,1339,1,6,HONDA JAZZ,1,E01009160,0,-1
202031C031820,2020,31C031820,1,9,0,9,9,5,3,0,0,6,0,0,0,0,1,1,6,6,1,22,5,1339,1,11,HONDA JAZZ,9,E01013979,0,-1
2020450978078,2020,450978078,1,9,0,5,5,1,5,0,0,0,0,0,0,0,0,1,5,6,1,89,11,1339,1,13,HONDA JAZZ,10,E01030820,0,-1
2020542182420,2020,542182420,3,9,0,18,19,1,5,0,0,0,0,0,0,0,2,1,6,6,2,25,5,1318,1,1,HONDA JAZZ,9,E01022204,0,-1
2020320664127,2020,320664127,1,9,0,9,9,1,1,0,0,1,0,0,0,1,1,1,6,6,1,72,10,1318,1,4,HONDA JAZZ,10,E01026364,0,-1
2020552001020,2020,552001020,1,9,0,1,1,1,5,0,0,0,0,0,1,11,2,1,6,6,2,83,11,1339,1,11,HONDA JAZZ,6,E01020541,0,-1
2020990954261,2020,990954261,2,9,0,18,19,8,4,0,0,1,0,0,0,0,1,1,6,6,1,85,11,1339,1,8,HONDA JAZZ,5,-1,0,-1
2020010267255,2020,010267255,2,9,0,3,3,5,1,0,0,1,0,0,0,0,1,1,1,1,1,30,6,1339,1,7,HONDA JAZZ,1,E01000521,0,-1
2020010279645,2020,010279645,1,9,0,7,7,2,5,0,0,1,0,0,0,0,2,1,6,6,2,55,8,1339,1,7,HONDA JAZZ,3,E01000385,0,-1
2020552000366,2020,552000366,1,9,0,7,7,1,3,0,0,6,0,0,0,0,1,1,6,6,1,68,10,1339,1,18,HONDA JAZZ,8,E01020376,0,-1
2020200992625,2020,200992625,1,9,0,9,9,4,2,0,0,8,0,0,0,0,1,1,6,6,2,72,10,1339,1,18,HONDA JAZZ,5,E01009905,0,-1
2020010246730,2020,010246730,3,9,0,3,3,2,6,0,0,1,0,0,0,0,2,9,6,6,1,-1,-1,1339,1,17,HONDA JAZZ,-1,-1,0,-1
2020552000364,2020,552000364,1,9,0,18,19,4,8,0,0,2,0,0,0,0,1,1,2,2,2,77,11,1339,1,8,HONDA JAZZ,3,E01015292,0,-1
2020450921312,2020,450921312,2,9,0,4,4,1,5,0,0,1,0,0,0,0,2,1,1,1,1,57,9,1339,1,14,HONDA JAZZ,7,E01031500,0,-1
2020200955570,2020,200955570,3,9,0,2,2,0,0,0,0,0,0,0,0,0,2,1,6,6,1,-1,-1,1339,1,12,HONDA JAZZ,-1,-1,0,-1
2020548669220,2020,548669220,1,9,0,4,4,5,1,0,0,0,0,0,0,0,1,1,1,1,2,29,6,1339,1,14,HONDA JAZZ,6,E01032691,0,-1
2020451007676,2020,451007676,1,9,0,18,19,1,5,0,0,8,0,0,0,0,1,1,5,6,2,65,9,1318,1,2,HONDA JAZZ,10,E01030999,0,-1
2020010254161,2020,010254161,1,9,0,3,3,1,5,0,0,2,0,0,0,0,1,1,2,2,2,52,8,1339,1,15,HONDA JAZZ,2,E01001432,0,-1
2020040967086,2020,040967086,1,9,0,12,12,1,3,0,0,2,0,0,0,0,1,1,2,2,1,50,8,1339,1,10,HONDA JAZZ,8,E01025141,0,-1
2020010254308,2020,010254308,2,9,0,4,4,4,8,0,0,0,0,0,0,0,2,1,6,6,2,65,9,1339,1,10,HONDA JAZZ,8,E01003426,0,-1
2020010278412,2020,010278412,1,9,0,18,19,7,3,0,0,1,0,0,0,0,3,1,3,7,2,48,8,1339,1,14,HONDA JAZZ,2,E01004567,0,-1
2020140928396,2020,140928396,1,9,0,18,19,7,3,0,0,2,0,0,0,0,1,1,6,6,1,44,7,1339,1,18,HONDA JAZZ,5,E01007909,0,-1
2020052001723,2020,052001723,1,9,0,18,19,3,7,0,0,0,0,0,2,11,1,1,6,6,2,39,7,1339,1,18,HONDA JAZZ,1,E01007138,0,-1
2020990999958,2020,990999958,1,9,0,18,19,7,3,0,0,0,1,0,0,0,1,1,2,2,1,52,8,1339,1,6,HONDA JAZZ,2,-1,0,-1
2020137C71323,2020,137C71323,2,9,0,4,4,5,1,0,0,0,0,0,0,0,2,1,6,6,2,32,6,1339,1,15,HONDA JAZZ,6,E01011587,0,-1
2020440397907,2020,440397907,1,9,0,18,19,1,6,0,0,6,0,0,0,0,4,1,6,6,1,68,10,1198,1,9,HONDA JAZZ,3,E01017315,0,-1
2020320121062,2020,320121062,2,9,0,18,19,7,3,0,0,1,0,0,0,0,1,1,3,7,2,39,7,1246,1,12,HONDA JAZZ,6,E01026404,0,-1
2020302001536,2020,302001536,1,9,0,9,9,1,6,0,0,1,0,0,0,0,2,1,3,7,1,75,10,1318,1,0,HONDA JAZZ,9,E01019559,0,-1
2020010230380,2020,010230380,2,9,0,99,99,9,9,99,99,9,9,99,9,99,1,9,6,6,3,-1,-1,1318,1,3,HONDA JAZZ,-1,-1,0,-1
20201376N1092,2020,1376N1092,2,9,0,18,19,6,2,0,0,0,0,0,0,0,1,1,6,6,2,43,7,1339,1,16,HONDA JAZZ,-1,-1,0,-1
2020991002256,2020,991002256,1,9,0,5,5,3,7,4,4,7,0,0,0,0,1,1,5,6,1,66,10,1339,1,13,HONDA JAZZ,3,-1,0,-1
2020010253852,2020,010253852,2,9,0,7,7,9,9,0,0,1,9,0,0,99,4,9,6,6,3,69,10,1339,1,6,HONDA JAZZ,3,E01003596,0,-1
2020010255911,2020,010255911,2,9,0,9,9,3,1,0,0,2,0,0,0,0,3,2,6,6,2,38,7,1318,1,0,HONDA JAZZ,1,E01002760,0,-1
2020361014557,2020,361014557,1,9,0,9,9,3,1,0,0,0,0,0,1,11,1,1,5,6,2,79,11,1339,8,9,HONDA JAZZ,10,E01026926,0,-1
2020010268976,2020,010268976,1,9,0,7,7,1,3,0,0,8,0,0,0,0,3,1,6,6,2,35,6,1339,1,17,HONDA JAZZ,5,E01003284,0,-1
2020010266782,2020,010266782,1,9,0,9,9,7,5,4,4,1,0,0,0,0,3,1,6,6,2,62,9,1339,1,7,HONDA JAZZ,6,E01004491,0,-1
202006L278404,2020,06L278404,2,9,0,3,3,3,7,0,0,8,0,0,0,0,4,1,6,6,1,43,7,1318,1,2,HONDA JAZZ,7,E01006867,0,-1
2020320356744,2020,320356744,1,9,0,18,19,3,7,0,0,8,0,0,1,1,3,1,6,6,2,41,7,1339,1,6,HONDA JAZZ,6,E01026398,0,-1
2020010287830,2020,010287830,1,9,0,99,99,9,9,99,99,9,9,99,9,99,2,9,6,6,1,48,8,1339,1,11,HONDA JAZZ,4,E01004142,0,-1
2020302000093,2020,302000093,2,9,0,18,19,7,1,0,0,8,0,0,0,0,4,1,6,6,2,90,11,1339,1,13,HONDA JAZZ,7,E01019603,0,-1
2020052001764,2020,052001764,1,9,0,18,19,1,5,0,0,0,0,0,0,0,1,1,6,6,2,78,11,1339,1,5,HONDA JAZZ,7,E01006923,0,-1
2020010255733,2020,010255733,3,9,0,3,3,1,5,0,0,8,0,0,0,0,1,1,6,6,2,43,7,1339,1,16,HONDA JAZZ,3,E01001445,0,-1
2020302000613,2020,302000613,1,9,0,4,4,4,7,0,0,0,0,0,0,0,2,1,6,6,2,42,7,1339,1,14,HONDA JAZZ,2,E01007740,0,-1
2020010230665,2020,010230665,1,9,0,99,99,9,9,99,99,9,9,99,9,99,1,9,2,2,2,25,5,1339,1,11,HONDA JAZZ,9,E01001417,0,-1
2020400970009,2020,400970009,2,9,0,2,2,0,0,0,0,1,0,0,0,0,2,1,6,6,1,56,9,1339,1,14,HONDA JAZZ,3,E01015701,0,-1
202006A273212,2020,06A273212,1,9,0,18,19,4,8,0,0,8,0,0,0,0,1,1,6,6,1,38,7,1198,1,9,HONDA JAZZ,2,E01005244,0,-1
2020500930881,2020,500930881,1,9,0,18,19,4,8,0,0,0,0,0,0,0,1,1,5,6,1,35,6,1339,1,17,HONDA JAZZ,2,E01015157,0,-1
2020230988216,2020,230988216,1,9,0,16,19,2,4,0,0,0,2,0,1,4,1,1,5,6,2,55,8,1339,1,5,HONDA JAZZ,8,E01031260,0,-1
2020470915367,2020,470915367,1,9,0,18,19,4,7,0,0,8,0,0,0,0,1,1,5,6,2,85,11,1339,1,14,HONDA JAZZ,7,E01031460,0,-1
2020420975901,2020,420975901,2,9,0,8,8,7,3,0,0,3,0,0,0,0,2,1,5,6,2,53,8,1339,1,11,HONDA JAZZ,4,E01022016,0,-1
2020010267079,2020,010267079,1,9,0,9,9,7,5,0,0,6,0,0,1,0,1,1,6,6,1,53,8,1318,1,2,HONDA JAZZ,5,E01001354,0,-1
2020320010120,2020,320010120,1,9,0,18,19,1,5,0,0,0,0,0,1,9,1,1,6,6,2,51,8,1318,1,3,HONDA JAZZ,3,E01026024,0,-1
2020400925125,2020,400925125,1,9,0,18,19,1,1,0,0,1,0,0,1,0,1,1,5,6,2,72,10,1339,1,8,HONDA JAZZ,7,E01017423,0,-1
2020100980933,2020,100980933,1,9,0,9,9,2,6,0,0,1,0,0,0,0,4,1,6,6,1,48,8,1339,1,14,HONDA JAZZ,5,E01008830,0,-1
2020450988479,2020,450988479,1,9,0,18,19,1,5,0,0,0,0,0,0,0,1,1,5,6,2,83,11,1339,1,7,HONDA JAZZ,10,E01030967,0,-1
2020010238823,2020,010238823,1,9,0,18,19,1,5,2,2,1,5,10,0,0,3,1,6,6,1,21,5,1339,1,13,HONDA JAZZ,3,E01033132,0,-1
2020010239250,2020,010239250,2,9,0,99,99,9,9,99,99,9,9,99,9,99,1,9,6,6,2,-1,-1,1339,1,7,HONDA JAZZ,-1,-1,0,-1
2020200994413,2020,200994413,3,9,0,2,2,0,0,9,9,0,0,0,0,0,1,1,6,6,2,44,7,1246,1,13,HONDA JAZZ,2,E01033629,0,-1
2020010245136,2020,010245136,2,9,0,9,9,7,5,0,0,6,0,0,0,0,3,1,1,1,2,54,8,1246,1,12,HONDA JAZZ,7,E01002962,0,-1
2020141003858,2020,141003858,1,9,0,17,19,2,8,0,0,0,2,0,1,0,1,1,5,6,1,56,9,1339,1,15,HONDA JAZZ,2,E01007535,0,-1
2020140989476,2020,140989476,1,9,0,9,9,2,7,0,0,1,0,0,0,0,3,1,6,6,2,70,10,1318,1,3,HONDA JAZZ,8,E01007610,0,-1
2020302000182,2020,302000182,2,9,0,17,19,4,8,0,0,0,0,0,1,0,1,1,6,6,1,63,9,1339,1,6,HONDA JAZZ,9,E01018408,0,-1
2020200960086,2020,200960086,1,9,0,5,5,8,3,0,0,6,0,0,0,0,1,1,2,2,1,37,7,1339,1,10,HONDA JAZZ,3,E01009045,0,-1
2020990920859,2020,990920859,1,9,0,13,13,2,7,0,0,5,0,0,0,0,4,1,6,6,1,18,4,1339,1,15,HONDA JAZZ,-1,-1,0,-1
2020990936251,2020,990936251,1,9,0,9,9,4,2,0,0,8,0,0,0,0,4,1,6,6,1,78,11,1318,1,3,HONDA JAZZ,4,-1,0,-1
2020140959203,2020,140959203,1,9,0,18,19,5,8,0,0,8,0,0,0,0,0,1,5,6,2,35,6,1339,1,10,HONDA JAZZ,2,E01008089,0,-1
2020622000955,2020,622000955,1,9,0,18,19,4,8,0,0,1,0,0,0,0,1,1,6,6,1,57,9,1339,1,16,HONDA JAZZ,2,W01001768,0,-1
2020440323785,2020,440323785,1,9,0,9,9,3,5,0,0,6,0,0,0,0,1,1,6,6,2,80,11,1318,1,3,HONDA JAZZ,10,E01022746,0,-1
202031B028020,2020,31B028020,3,9,0,2,2,0,0,0,0,0,0,0,0,0,1,1,3,7,2,35,6,1339,1,14,HONDA JAZZ,7,E01028013,0,-1
2020420963289,2020,420963289,1,9,0,15,15,1,5,0,0,1,0,0,0,0,1,1,2,2,1,26,6,1339,1,16,HONDA JAZZ,1,E01015852,0,-1
2020010284265,2020,010284265,1,9,0,5,5,1,5,9,9,3,0,0,7,2,1,1,6,6,2,33,6,1339,1,16,HONDA JAZZ,3,E01001688,0,-1
2020440346096,2020,440346096,1,9,0,18,19,6,2,0,0,0,0,0,0,0,1,1,2,2,2,53,8,1339,1,9,HONDA JAZZ,9,E01020414,0,-1
2020010240211,2020,010240211,1,9,0,5,5,5,1,0,0,6,0,0,0,0,1,1,2,2,1,51,8,1339,1,11,HONDA JAZZ,2,E01000433,0,-1
2020410997171,2020,410997171,1,9,0,18,19,4,8,0,0,1,0,0,0,0,1,1,5,6,1,83,11,1339,1,9,HONDA JAZZ,8,E01023548,0,-1
2020010280862,2020,010280862,2,9,0,2,2,0,0,0,0,0,0,0,0,0,1,1,6,6,3,-1,-1,1339,1,16,HONDA JAZZ,-1,-1,0,-1
2020100989945,2020,100989945,1,9,0,4,4,4,7,0,0,1,0,0,0,0,1,1,6,6,1,-1,-1,1339,1,13,HONDA JAZZ,-1,-1,0,-1
2020990988799,2020,990988799,1,9,0,18,19,7,3,0,0,3,0,0,0,0,1,1,5,6,1,87,11,1318,1,2,HONDA JAZZ,9,-1,0,-1
2020990963772,2020,990963772,1,9,0,9,9,6,4,0,0,6,0,0,0,0,1,1,5,6,2,76,11,1339,1,9,HONDA JAZZ,10,-1,0,-1
2020440075551,2020,440075551,2,9,0,4,4,3,7,0,0,0,0,0,0,0,2,1,6,6,2,38,7,1339,1,6,HONDA JAZZ,5,E01017068,0,-1
2020430250699,2020,430250699,1,9,0,18,19,4,8,0,0,0,0,0,2,11,1,1,6,6,1,50,8,1339,1,15,HONDA JAZZ,6,E01016398,0,-1
2020450995009,2020,450995009,3,9,0,18,19,8,4,0,0,0,0,0,0,0,0,1,6,6,1,68,10,1498,8,0,HONDA JAZZ,8,E01030884,0,-1
2020440489896,2020,440489896,2,9,0,18,19,5,1,0,0,8,0,0,0,0,1,1,6,6,2,28,6,1339,1,14,HONDA JAZZ,8,E01030803,0,-1
2020010244820,2020,010244820,1,9,0,9,9,7,5,0,0,1,9,0,0,99,2,9,6,6,2,33,6,1318,1,2,HONDA JAZZ,7,E01000573,0,-1
2020010246407,2020,010246407,2,9,0,99,99,9,9,99,99,9,9,99,9,99,1,9,6,6,3,-1,-1,1246,1,15,HONDA JAZZ,2,E01004409,0,-1
2020211023409,2020,211023409,1,9,0,18,19,7,3,0,0,4,0,0,0,0,3,1,6,6,1,57,9,1318,1,2,HONDA JAZZ,7,E01029498,0,-1