collision_index,collision_year,collision_ref_no,vehicle_reference,vehicle_type,towing_and_articulation,vehicle_manoeuvre_historic,vehicle_manoeuvre,vehicle_direction_from,vehicle_direction_to,vehicle_location_restricted_lane_historic,vehicle_location_restricted_lane,junction_location,skidding_and_overturning,hit_object_in_carriageway,vehicle_leaving_carriageway,hit_object_off_carriageway,first_point_of_impact,vehicle_left_hand_drive,journey_purpose_of_driver_historic,journey_purpose_of_driver,sex_of_driver,age_of_driver,age_band_of_driver,engine_capacity_cc,propulsion_code,age_of_vehicle,generic_make_model,driver_imd_decile,lsoa_of_driver,escooter_flag,driver_distance_banding
2020552000544,2020,552000544,3,9,0,2,2,0,0,0,0,0,0,0,0,0,1,1,6,6,3,-1,-1,1318,1,3,HONDA JAZZ,-1,-1,0,-1
2020990985867,2020,990985867,1,9,0,16,19,3,6,0,0,0,2,0,7,4,3,1,6,6,2,54,8,1198,1,10,HONDA JAZZ,4,-1,0,-1
2020991006398,2020,991006398,1,9,0,18,19,4,8,0,0,0,0,0,0,0,1,1,1,1,1,40,7,1339,1,14,HONDA JAZZ,6,-1,0,-1
2020400932629,2020,400932629,1,9,0,7,7,7,1,0,0,1,0,0,0,0,3,1,2,2,2,26,6,1339,1,16,HONDA JAZZ,2,E01015794,0,-1
2020430402990,2020,430402990,1,9,0,17,19,7,4,0,0,2,5,10,0,0,4,1,2,2,2,60,9,1339,1,14,HONDA JAZZ,6,E01017852,0,-1
2020010272444,2020,010272444,1,9,0,99,99,9,9,99,99,0,9,99,9,99,2,9,2,2,2,22,5,1339,1,17,HONDA JAZZ,5,E01003787,0,-1
2020460919636,2020,460919636,1,9,0,9,9,7,1,0,0,7,0,0,0,0,1,1,5,6,1,24,5,1246,1,15,HONDA JAZZ,4,E01024377,0,-1
2020010246949,2020,010246949,1,9,0,1,1,7,3,0,0,6,0,4,0,0,3,1,6,6,2,76,11,1339,1,12,HONDA JAZZ,7,E01002197,0,-1
2020990990750,2020,990990750,1,9,0,18,19,2,7,0,0,2,5,4,0,0,4,1,5,6,1,79,11,1318,1,5,HONDA JAZZ,2,-1,0,-1
202031C016920,2020,31C016920,1,9,0,12,12,4,8,0,0,8,0,0,0,0,1,1,6,6,1,70,10,1339,1,14,HONDA JAZZ,6,E01032863,0,-1
2020010285027,2020,010285027,1,9,0,18,19,5,1,0,0,3,0,0,0,0,1,1,2,2,2,46,8,1339,1,10,HONDA JAZZ,9,E01017829,0,-1
2020010253830,2020,010253830,2,9,0,5,5,6,2,0,0,1,0,0,0,0,1,1,6,6,1,33,6,1339,1,7,HONDA JAZZ,3,E01001589,0,-1
2020450997297,2020,450997297,2,9,0,18,19,5,7,0,0,0,0,0,0,0,1,1,5,6,1,40,7,1339,1,16,HONDA JAZZ,3,E01002559,0,-1
2020070684926,2020,070684926,1,9,0,5,5,3,7,0,0,0,1,0,0,0,1,1,6,6,2,87,11,1339,1,12,HONDA JAZZ,7,E01018412,0,-1
2020010283055,2020,010283055,2,9,0,5,5,7,3,0,0,0,0,0,0,0,1,1,6,6,1,43,7,1339,1,13,HONDA JAZZ,3,E01003154,0,-1
2020470934330,2020,470934330,1,9,0,16,19,7,2,0,0,1,0,0,0,0,1,1,5,6,2,63,9,1339,1,15,HONDA JAZZ,5,E01024788,0,-1
2020010257303,2020,010257303,1,9,0,18,19,3,7,0,0,0,0,4,0,0,1,1,6,6,1,40,7,1246,1,15,HONDA JAZZ,2,E01004384,0,-1
2020140924959,2020,140924959,1,9,0,17,19,8,4,0,0,0,0,0,0,0,3,1,2,2,2,35,6,1318,1,2,HONDA JAZZ,3,E01007812,0,-1
2020010260124,2020,010260124,3,9,0,18,19,5,1,0,0,1,0,0,0,0,1,1,6,6,1,43,7,1318,1,4,HONDA JAZZ,10,E01003780,0,-1
2020990965699,2020,990965699,1,9,0,17,19,1,6,0,0,0,0,0,0,0,1,1,1,1,2,32,6,1339,1,13,HONDA JAZZ,6,-1,0,-1
2020200937988,2020,200937988,2,9,0,4,4,8,4,0,0,1,0,0,0,0,1,1,6,6,2,37,7,1339,1,13,HONDA JAZZ,4,E01008982,0,-1
2020010280013,2020,010280013,2,9,0,9,9,1,7,0,0,8,0,0,0,0,1,1,6,6,2,37,7,1339,1,12,HONDA JAZZ,1,E01004286,0,-1
2020010248371,2020,010248371,2,9,0,99,99,9,9,99,99,9,9,99,9,99,1,9,6,6,3,-1,-1,1339,1,13,HONDA JAZZ,-1,-1,0,-1
2020031022466,2020,031022466,1,9,0,18,19,3,7,0,0,2,0,10,1,10,1,1,5,6,2,70,10,1318,1,0,HONDA JAZZ,2,E01019110,0,-1
2020990954849,2020,990954849,2,9,0,16,19,4,8,0,0,0,0,0,0,0,1,1,2,2,2,35,6,1339,1,13,HONDA JAZZ,7,-1,0,-1
2020030987676,2020,030987676,1,9,0,9,9,1,7,0,0,0,0,0,1,2,1,1,6,6,1,91,11,1339,8,5,HONDA JAZZ,5,E01019363,0,-1
2020520004808,2020,520004808,1,9,0,18,19,3,7,0,0,0,0,0,0,0,1,1,6,6,2,88,11,1339,1,10,HONDA JAZZ,8,E01029114,0,-1
2020010247222,2020,010247222,1,9,0,9,9,3,1,0,0,1,0,0,0,0,2,1,6,6,1,63,9,1339,1,17,HONDA JAZZ,10,E01030416,0,-1
2020530972310,2020,530972310,1,9,0,9,9,3,7,0,0,6,0,0,0,0,1,1,5,6,1,43,7,1339,1,17,HONDA JAZZ,3,E01022320,0,-1
2020010266903,2020,010266903,1,9,0,18,19,3,7,0,0,1,0,0,0,0,3,1,3,7,1,35,6,1339,1,16,HONDA JAZZ,-1,-1,0,-1
2020450969398,2020,450969398,1,9,0,18,19,2,6,0,0,0,0,0,0,0,1,1,6,6,1,23,5,1339,1,13,HONDA JAZZ,4,E01030608,0,-1
2020500965192,2020,500965192,1,9,0,16,19,3,7,0,0,0,2,0,7,10,3,1,2,2,1,36,7,1339,1,16,HONDA JAZZ,3,E01015228,0,-1
202006E174540,2020,06E174540,1,9,0,5,5,2,6,0,0,0,0,0,0,0,1,1,6,6,2,77,11,1339,1,13,HONDA JAZZ,3,E01006115,0,-1
2020460947693,2020,460947693,2,9,0,18,19,1,5,0,0,1,5,0,1,0,1,1,5,6,1,36,7,1339,1,15,HONDA JAZZ,6,E01024602,0,-1
2020430119022,2020,430119022,1,9,0,7,7,3,5,0,0,8,0,0,7,1,1,1,6,6,2,28,6,1339,1,14,HONDA JAZZ,10,E01028625,0,-1
2020010270044,2020,010270044,2,9,0,17,19,3,7,0,0,0,0,0,0,0,1,1,6,6,3,-1,-1,1198,1,10,HONDA JAZZ,-1,-1,0,-1
2020122000251,2020,122000251,1,9,0,10,10,4,8,0,0,1,0,0,0,0,1,1,6,6,1,53,8,1246,1,15,HONDA JAZZ,8,E01027688,0,-1
2020552100258,2020,552100258,1,9,0,18,19,7,3,0,0,0,0,0,1,10,2,1,2,2,2,25,5,1339,1,16,HONDA JAZZ,6,E01020493,0,-1
2020010241502,2020,010241502,1,9,0,18,19,5,1,0,0,7,0,0,0,0,1,1,6,6,1,90,11,1318,1,4,HONDA JAZZ,8,E01002201,0,-1
2020400992287,2020,400992287,2,9,0,18,19,1,4,0,0,8,0,0,0,0,3,1,6,6,1,41,7,1339,1,8,HONDA JAZZ,10,E01017399,0,-1
202031D022220,2020,31D022220,2,9,0,3,3,6,2,0,0,1,0,0,0,0,2,1,6,6,1,84,11,1339,1,5,HONDA JAZZ,3,E01028127,0,-1
2020430351500,2020,430351500,2,9,0,18,19,2,6,0,0,8,0,0,0,0,1,1,6,6,1,61,9,1339,1,15,HONDA JAZZ,4,E01016447,0,-1
2020990982965,2020,990982965,1,9,0,18,19,7,3,0,0,0,5,4,0,0,4,1,2,2,2,58,9,1339,1,9,HONDA JAZZ,6,-1,0,-1
2020522004701,2020,522004701,1,9,0,18,19,4,8,0,0,0,0,0,7,10,1,1,6,6,1,79,11,1339,1,16,HONDA JAZZ,8,E01014868,0,-1
2020430415216,2020,430415216,1,9,0,9,9,5,3,0,0,5,0,0,0,0,1,1,1,1,1,35,6,1339,1,16,HONDA JAZZ,4,E01017667,0,-1
2020010250084,2020,010250084,1,9,0,18,19,4,8,9,9,1,0,0,0,0,1,1,6,6,1,93,11,1339,1,15,HONDA JAZZ,9,E01002386,0,-1
2020201014306,2020,201014306,2,9,0,18,19,1,5,0,0,8,0,0,0,0,4,1,6,6,1,-1,-1,1339,1,13,HONDA JAZZ,1,E01010414,0,-1
2020040915723,2020,040915723,2,9,0,12,12,4,8,0,0,1,0,0,0,0,3,1,6,6,1,-1,-1,1339,1,16,HONDA JAZZ,-1,-1,0,-1
2020552000068,2020,552000068,3,9,0,3,3,6,2,0,0,1,0,0,0,0,2,1,6,6,2,61,9,1339,1,12,HONDA JAZZ,10,E01022995,0,-1
2020010245189,2020,010245189,2,9,0,18,19,3,7,0,0,8,0,0,0,0,4,1,6,6,2,30,6,1318,1,0,HONDA JAZZ,3,E01003785,0,-1
2020010254879,2020,010254879,1,9,0,18,19,3,7,0,0,1,0,0,0,0,3,1,6,6,1,32,6,1339,1,11,HONDA JAZZ,6,E01002125,0,-1
2020501018565,2020,501018565,1,9,0,9,9,3,1,0,0,1,0,0,0,0,3,1,2,2,2,55,8,1339,1,15,HONDA JAZZ,2,E01020039,0,-1
2020010286794,2020,010286794,2,9,0,2,2,0,0,0,0,0,0,10,2,2,3,1,6,6,3,-1,-1,1318,1,3,HONDA JAZZ,-1,-1,0,-1
2020010251675,2020,010251675,2,9,0,9,9,1,6,0,0,5,0,0,0,0,3,1,6,6,3,-1,-1,1339,1,17,HONDA JAZZ,-1,-1,0,-1
2020070042832,2020,070042832,1,9,0,18,19,5,1,0,0,3,0,0,0,0,3,1,6,6,2,59,9,1339,1,16,HONDA JAZZ,8,E01012495,0,-1
2020520100432,2020,520100432,2,9,0,18,19,7,3,0,0,1,0,0,0,0,1,1,6,6,1,73,10,1318,1,1,HONDA JAZZ,10,E01029254,0,-1
2020370960159,2020,370960159,1,9,0,7,7,-1,-1,0,0,2,0,0,0,0,4,1,5,6,2,45,7,1246,1,15,HONDA JAZZ,2,E01029984,0,-1
2020010249876,2020,010249876,2,9,0,18,19,1,5,0,0,0,0,0,0,0,3,1,6,6,1,24,5,1339,1,18,HONDA JAZZ,3,E01000922,0,-1
2020220924841,2020,220924841,1,9,0,9,9,6,4,0,0,6,0,0,0,0,1,1,5,6,2,73,10,1318,1,3,HONDA JAZZ,9,E01028855,0,-1
2020440062929,2020,440062929,1,9,0,9,9,4,2,0,0,8,0,0,0,0,3,1,6,6,2,31,6,1198,1,8,HONDA JAZZ,10,E01022624,0,-1
2020010246489,2020,010246489,1,9,0,7,7,5,7,0,0,1,0,0,0,0,4,1,6,6,2,50,8,1318,1,1,HONDA JAZZ,5,E01004624,0,-1
2020450916590,2020,450916590,1,9,0,18,19,5,1,0,0,1,0,0,0,0,1,1,5,6,1,90,11,1339,1,11,HONDA JAZZ,10,E01030380,0,-1
2020990955650,2020,990955650,1,9,0,16,19,5,8,9,9,0,0,0,8,2,1,1,5,6,1,40,7,1339,1,12,HONDA JAZZ,9,-1,0,-1
2020041002025,2020,041002025,1,9,0,16,19,1,5,0,0,0,0,0,0,0,1,1,5,6,1,77,11,1339,1,15,HONDA JAZZ,8,E01024993,0,-1
2020361015432,2020,361015432,1,9,0,4,4,5,2,0,0,0,0,0,0,0,1,1,6,6,2,-1,-1,1318,1,3,HONDA JAZZ,6,E01026919,0,-1
2020010274188,2020,010274188,1,9,0,99,99,9,9,99,99,9,9,99,9,99,2,9,6,6,2,40,7,1339,1,7,HONDA JAZZ,4,E01003447,0,-1
202054B440520,2020,54B440520,1,9,0,18,19,3,7,0,0,0,0,0,0,0,3,1,6,6,1,20,4,1246,1,12,HONDA JAZZ,9,E01014550,0,-1
2020410970376,2020,410970376,2,9,0,18,19,3,7,0,0,8,0,0,0,0,1,1,6,6,1,56,9,1198,1,10,HONDA JAZZ,8,E01033029,0,-1
2020440147892,2020,440147892,1,9,0,5,5,8,4,0,0,8,0,0,0,0,1,1,6,6,1,72,10,1339,1,6,HONDA JAZZ,-1,-1,0,-1
2020470937612,2020,470937612,1,9,0,7,7,7,1,0,0,6,0,0,0,0,1,1,5,6,1,85,11,1339,1,9,HONDA JAZZ,4,E01020974,0,-1
20201375R2176,2020,1375R2176,3,9,0,2,2,0,0,0,0,0,0,0,0,0,1,1,6,6,3,-1,-1,1339,1,15,HONDA JAZZ,-1,-1,0,-1
2020010233047,2020,010233047,1,9,0,99,99,9,9,99,99,9,9,99,9,99,9,9,2,2,1,41,7,1339,1,12,HONDA JAZZ,3,E01003539,0,-1
2020010239410,2020,010239410,1,9,0,99,99,9,9,99,99,9,9,99,9,99,9,9,6,6,1,57,9,1339,1,12,HONDA JAZZ,10,E01030396,0,-1
2020010253599,2020,010253599,2,9,0,3,3,5,1,0,0,2,0,0,0,0,2,1,6,6,1,29,6,1339,1,11,HONDA JAZZ,4,E01002448,0,-1
2020350960793,2020,350960793,1,9,0,7,7,5,7,0,0,1,0,0,0,0,1,1,1,1,2,70,10,1339,1,12,HONDA JAZZ,5,E01018183,0,-1
2020420970833,2020,420970833,2,9,0,18,19,7,3,0,0,8,0,0,0,0,3,1,5,6,2,53,8,1339,1,6,HONDA JAZZ,7,E01021650,0,-1
2020430258388,2020,430258388,1,9,0,9,9,2,7,0,0,8,0,10,1,1,1,1,6,6,2,64,9,1339,1,8,HONDA JAZZ,9,E01017825,0,-1
2020460995445,2020,460995445,1,9,0,18,19,4,8,0,0,0,0,0,0,0,3,1,6,6,1,74,10,1339,1,8,HONDA JAZZ,8,E01024286,0,-1
2020450997641,2020,450997641,6,9,0,3,3,2,6,0,0,1,0,0,0,0,4,1,5,6,1,53,8,1339,1,6,HONDA JAZZ,10,E01003813,0,-1
20201373D1087,2020,1373D1087,2,9,0,9,9,1,7,0,0,6,0,0,0,0,1,1,6,6,3,-1,-1,1339,1,16,HONDA JAZZ,-1,-1,0,-1
2020220930397,2020,220930397,2,9,0,9,9,3,2,0,0,6,0,0,0,0,0,1,5,6,1,59,9,1339,1,5,HONDA JAZZ,9,W01000245,0,-1
2020351013920,2020,351013920,2,9,0,11,11,3,7,0,0,0,0,0,0,0,1,1,1,1,2,46,8,1339,1,9,HONDA JAZZ,6,E01015678,0,-1
2020552000294,2020,552000294,1,9,0,9,9,4,3,0,0,6,0,0,0,0,3,1,6,6,2,89,11,1339,1,12,HONDA JAZZ,10,E01020423,0,-1
2020010238595,2020,010238595,1,9,9,99,99,9,9,0,0,0,9,99,9,99,1,9,6,6,1,33,6,1339,1,16,HONDA JAZZ,1,E01000643,0,-1
2020010246324,2020,010246324,1,9,0,16,19,7,3,0,0,1,0,0,1,11,1,1,6,6,1,32,6,1339,1,15,HONDA JAZZ,3,E01004440,0,-1
202006J370021,2020,06J370021,2,9,0,3,3,7,3,0,0,1,0,0,0,0,2,1,1,1,2,49,8,1339,1,15,HONDA JAZZ,6,E01005307,0,-1
2020010280619,2020,010280619,2,9,0,9,9,7,4,0,0,5,0,0,0,0,1,1,6,6,1,79,11,1339,1,15,HONDA JAZZ,-1,-1,0,-1
2020052002035,2020,052002035,2,9,0,3,3,8,4,0,0,1,0,0,0,0,2,1,6,6,2,68,10,1318,1,3,HONDA JAZZ,10,E01007149,0,-1
2020040979784,2020,040979784,2,9,0,18,19,1,5,0,0,1,0,0,0,0,1,1,2,2,1,56,9,1246,1,14,HONDA JAZZ,8,E01025056,0,-1
2020320569661,2020,320569661,1,9,0,18,19,8,6,0,0,8,0,0,0,0,4,1,3,7,2,33,6,1339,1,18,HONDA JAZZ,2,E01026108,0,-1
2020522003128,2020,522003128,1,9,0,3,3,3,7,0,0,4,0,0,0,0,2,1,6,6,2,40,7,1339,1,12,HONDA JAZZ,7,E01014817,0,-1
2020410926546,2020,410926546,2,9,0,4,4,5,1,0,0,1,0,0,0,0,2,1,2,2,2,55,8,1339,1,16,HONDA JAZZ,2,E01001423,0,-1
2020990962112,2020,990962112,1,9,0,9,9,4,3,0,0,8,0,0,3,1,1,1,5,6,2,82,11,1318,1,2,HONDA JAZZ,2,-1,0,-1
2020010256309,2020,010256309,1,9,0,99,99,9,9,99,99,1,9,99,9,99,2,9,6,6,2,27,6,1339,1,16,HONDA JAZZ,7,E01030569,0,-1
2020430161912,2020,430161912,2,9,0,7,7,3,5,0,0,5,0,0,0,0,2,1,6,6,2,-1,-1,1339,1,14,HONDA JAZZ,-1,-1,0,-1
2020137AO1322,2020,137AO1322,2,9,0,2,2,8,4,0,0,1,0,0,0,7,2,1,6,6,1,21,5,1339,1,10,HONDA JAZZ,8,E01013368,0,-1
2020137AT0935,2020,137AT0935,2,9,0,9,9,3,1,0,0,8,0,0,0,0,0,1,1,1,1,56,9,1318,1,4,HONDA JAZZ,7,E01017878,0,-1
2020010285460,2020,010285460,2,9,0,99,99,9,9,99,99,2,9,99,9,99,1,9,6,6,3,-1,-1,1339,1,18,HONDA JAZZ,-1,-1,0,-1
2020350949555,2020,350949555,1,9,0,5,5,7,3,0,0,0,0,0,0,0,1,1,5,6,2,47,8,1339,1,13,HONDA JAZZ,1,E01016743,0,-1
2020220926804,2020,220926804,1,9,0,18,19,6,2,0,0,8,0,0,0,0,1,1,5,6,2,70,10,1339,1,5,HONDA JAZZ,7,E01014037,0,-1
2020070150098,2020,070150098,2,9,0,3,3,4,8,0,0,1,0,0,0,0,2,1,6,6,1,50,8,1339,1,16,HONDA JAZZ,10,E01018663,0,-1
2020070648422,2020,070648422,1,9,0,18,19,3,7,0,0,4,0,0,0,0,1,1,6,6,1,65,9,1318,1,1,HONDA JAZZ,8,E01012472,0,-1
2020530919776,2020,530919776,5,9,0,3,3,2,6,0,0,1,0,0,0,0,2,1,6,6,2,53,8,1339,1,11,HONDA JAZZ,10,E01017869,0,-1
2020622000984,2020,622000984,1,9,0,9,9,7,6,0,0,6,0,0,0,0,1,1,6,6,1,22,5,1339,1,9,HONDA JAZZ,8,W01001012,0,-1
2020010256668,2020,010256668,2,9,0,5,5,1,5,0,0,2,0,10,1,0,4,1,6,6,1,72,10,1198,1,6,HONDA JAZZ,2,E01002712,0,-1
2020320049231,2020,320049231,2,9,0,16,19,3,7,0,0,0,0,0,7,9,1,1,6,6,1,60,9,1198,1,11,HONDA JAZZ,4,E01001518,0,-1
2020471010262,2020,471010262,1,9,0,9,9,5,3,0,0,8,0,0,0,0,1,1,5,6,2,56,9,1339,1,13,HONDA JAZZ,10,E01016930,0,-1
2020410999671,2020,410999671,2,9,0,10,10,1,5,0,0,1,0,0,0,0,2,1,1,1,1,55,8,1339,1,12,HONDA JAZZ,4,E01023395,0,-1
2020302000756,2020,302000756,1,9,0,5,5,2,6,0,0,1,0,0,0,0,2,1,6,6,2,41,7,1339,1,5,HONDA JAZZ,6,E01019502,0,-1
2020430003081,2020,430003081,2,9,0,9,9,1,7,0,0,8,0,0,0,0,4,1,2,2,2,36,7,1318,1,2,HONDA JAZZ,7,E01016722,0,-1
2020010282608,2020,010282608,2,9,0,18,19,7,3,0,0,0,0,0,0,0,1,1,6,6,2,44,7,1318,1,1,HONDA JAZZ,2,E01003993,0,-1
2020350990159,2020,350990159,3,9,0,3,3,5,1,0,0,0,0,0,0,0,2,1,6,6,2,59,9,1339,1,17,HONDA JAZZ,2,E01017946,0,-1
2020460939647,2020,460939647,1,9,0,9,9,7,5,0,0,2,0,0,0,0,1,1,5,6,2,77,11,1339,1,7,HONDA JAZZ,2,E01024584,0,-1
2020430292916,2020,430292916,1,9,0,9,9,7,5,0,0,5,0,0,0,0,1,1,6,6,2,78,11,1339,1,17,HONDA JAZZ,8,E01028610,0,-1
2020410957382,2020,410957382,3,9,0,2,2,0,0,0,0,0,0,0,0,0,2,1,5,6,3,-1,-1,1339,1,13,HONDA JAZZ,-1,-1,0,-1
2020450940297,2020,450940297,1,9,0,9,9,2,6,0,0,0,0,0,0,0,4,1,5,6,1,84,11,1339,1,13,HONDA JAZZ,10,E01030779,0,-1
2020010286829,2020,010286829,1,9,0,3,3,1,5,0,0,0,0,0,0,0,2,1,6,6,1,51,8,1318,1,5,HONDA JAZZ,10,E01030388,0,-1
2020552000589,2020,552000589,1,9,0,13,13,5,1,0,0,1,0,0,0,0,4,1,2,2,2,55,8,1339,1,18,HONDA JAZZ,2,E01015304,0,-1
2020470927657,2020,470927657,1,9,0,18,19,2,7,0,0,0,0,0,0,0,2,1,5,6,1,85,11,1318,1,1,HONDA JAZZ,7,E01021018,0,-1
2020350969135,2020,350969135,2,9,0,5,5,5,3,0,0,6,0,0,0,0,4,1,5,6,1,69,10,1498,1,2,HONDA JAZZ,5,E01017543,0,-1
2020220946434,2020,220946434,1,9,0,18,19,5,1,0,0,0,5,4,2,11,3,1,5,6,2,76,11,1339,1,11,HONDA JAZZ,8,E01032221,0,-1
2020420969185,2020,420969185,1,9,0,8,8,1,5,0,0,0,0,0,0,0,1,1,6,6,2,57,9,1339,1,5,HONDA JAZZ,7,E01015967,0,-1
2020137940944,2020,137940944,1,9,0,18,19,3,7,0,0,6,0,0,0,0,1,1,2,2,2,89,11,1339,1,12,HONDA JAZZ,10,E01010694,0,-1
2020430091690,2020,430091690,2,9,0,4,4,1,5,0,0,0,0,0,0,0,0,1,6,6,2,27,6,1198,1,7,HONDA JAZZ,-1,-1,0,-1
2020141007278,2020,141007278,1,9,0,18,19,3,7,0,0,0,0,0,0,0,2,1,6,6,2,37,7,1339,1,14,HONDA JAZZ,1,E01007874,0,-1
2020430288162,2020,430288162,2,9,0,18,19,6,2,0,0,0,0,0,0,0,2,1,6,6,2,52,8,1339,1,11,HONDA JAZZ,8,E01028731,0,-1
2020140976234,2020,140976234,2,9,0,-1,-1,-1,-1,-1,-1,-1,-1,-1,-1,0,-1,1,6,6,3,-1,-1,1339,1,15,HONDA JAZZ,-1,-1,0,-1
2020501014395,2020,501014395,1,9,0,18,19,3,6,0,0,1,1,0,0,0,1,1,2,2,2,25,5,1339,1,15,HONDA JAZZ,4,E01020138,0,-1
2020430058656,2020,430058656,2,9,0,18,19,2,6,0,0,8,0,0,0,0,4,1,6,6,2,-1,-1,1339,1,7,HONDA JAZZ,-1,-1,0,-1
2020450956740,2020,450956740,1,9,0,5,5,7,5,0,0,1,0,0,0,0,1,1,1,1,1,60,9,1246,1,15,HONDA JAZZ,3,E01016475,0,-1
2020010273217,2020,010273217,1,9,0,9,9,5,3,0,0,5,0,0,0,0,1,1,6,6,2,41,7,1339,1,14,HONDA JAZZ,1,E01004206,0,-1
2020010235119,2020,010235119,2,9,5,18,19,7,3,0,0,2,0,0,0,0,3,1,6,6,1,73,10,1318,1,5,HONDA JAZZ,9,E01000991,0,-1
2020451010861,2020,451010861,2,9,0,18,19,3,7,0,0,8,0,0,1,0,1,1,5,6,2,61,9,1339,1,8,HONDA JAZZ,10,E01030799,0,-1
2020040939499,2020,040939499,1,9,0,5,5,1,5,0,0,0,0,0,0,0,1,1,2,2,1,18,4,1246,1,15,HONDA JAZZ,9,E01025148,0,-1
2020100986155,2020,100986155,1,9,0,9,9,3,7,0,0,8,0,0,0,0,1,1,6,6,2,68,10,1339,1,5,HONDA JAZZ,-1,-1,0,-1
2020440490661,2020,440490661,1,9,0,4,4,6,2,0,0,1,0,0,0,0,1,1,6,6,1,38,7,1198,1,12,HONDA JAZZ,10,E01023169,0,-1
202006Q168289,2020,06Q168289,1,9,0,9,9,5,3,0,0,8,0,0,0,0,1,1,6,6,1,67,10,1339,1,14,HONDA JAZZ,1,E01032921,0,-1
2020420989586,2020,420989586,1,9,0,9,9,2,6,0,0,2,0,0,0,0,1,1,3,7,2,29,6,1339,1,15,HONDA JAZZ,4,E01015996,0,-1
2020622000526,2020,622000526,1,9,0,6,6,4,4,0,0,0,0,0,0,0,1,1,6,6,2,45,7,1339,1,10,HONDA JAZZ,2,W01001942,0,-1
2020450962507,2020,450962507,1,9,0,9,9,3,1,0,0,0,0,0,0,0,1,1,5,6,2,44,7,1339,1,8,HONDA JAZZ,7,E01030826,0,-1
2020010251410,2020,010251410,2,9,0,99,99,9,9,99,99,0,9,99,9,99,9,1,6,6,3,-1,-1,1339,1,15,HONDA JAZZ,-1,-1,0,-1
2020010253415,2020,010253415,1,9,0,99,99,9,9,99,99,9,9,99,9,99,2,9,6,6,1,40,7,1339,1,13,HONDA JAZZ,2,E01004284,0,-1
2020470972618,2020,470972618,1,9,0,5,5,1,5,0,0,0,0,0,0,0,3,1,5,6,2,62,9,1339,1,15,HONDA JAZZ,10,E01031645,0,-1
2020440033481,2020,440033481,1,9,0,18,19,4,8,0,0,8,0,0,1,4,1,1,6,6,2,83,11,1339,1,7,HONDA JAZZ,8,E01023195,0,-1
2020010259372,2020,010259372,2,9,0,3,3,3,7,0,0,1,0,0,0,0,1,1,1,1,1,49,8,1339,1,18,HONDA JAZZ,4,E01015901,0,-1
2020140952961,2020,140952961,2,9,0,18,19,5,1,0,0,1,0,0,0,0,1,1,6,6,1,83,11,1339,1,14,HONDA JAZZ,5,E01007996,0,-1
202031C049720,2020,31C049720,1,9,0,18,19,1,5,0,0,6,0,0,0,0,1,1,6,6,2,35,6,1339,1,13,HONDA JAZZ,3,E01013926,0,-1
2020450986432,2020,450986432,3,9,0,18,19,5,1,0,0,1,0,0,0,0,2,1,5,6,1,39,7,1339,1,15,HONDA JAZZ,9,E01004118,0,-1
2020010246551,2020,010246551,1,9,9,99,99,9,9,0,0,1,0,99,0,0,9,9,6,6,2,69,10,1339,1,5,HONDA JAZZ,5,E01000224,0,-1
2020990938210,2020,990938210,4,9,0,3,3,1,5,0,0,0,0,0,0,0,2,1,5,6,1,33,6,1339,1,8,HONDA JAZZ,6,-1,0,-1
2020010235371,2020,010235371,2,9,0,9,9,5,4,0,0,8,0,0,0,0,3,1,6,6,1,53,8,1339,1,16,HONDA JAZZ,2,E01003732,0,-1
2020990990804,2020,990990804,2,9,0,18,19,3,7,0,0,0,0,0,0,0,1,1,5,6,1,87,11,1198,1,7,HONDA JAZZ,2,-1,0,-1
20201376G1198,2020,1376G1198,1,9,0,18,19,1,5,0,0,0,0,0,0,0,1,1,6,6,2,26,6,1339,1,8,HONDA JAZZ,1,E01010777,0,-1
2020010254561,2020,010254561,1,9,0,99,99,9,9,99,99,9,9,99,9,99,2,9,6,6,2,36,7,1246,1,13,HONDA JAZZ,2,E01004223,0,-1
2020450988741,2020,450988741,1,9,0,17,19,5,1,0,0,2,0,0,1,2,1,1,5,6,1,54,8,1339,1,15,HONDA JAZZ,8,E01030527,0,-1
2020450976777,2020,450976777,2,9,0,9,9,8,4,0,0,1,0,0,0,0,1,1,5,6,2,72,10,1339,1,13,HONDA JAZZ,9,E01030716,0,-1
2020350990203,2020,350990203,2,9,0,4,4,7,3,0,0,0,0,0,0,0,2,1,5,6,2,74,10,1339,1,5,HONDA JAZZ,5,E01032526,0,-1
2020501015633,2020,501015633,1,9,0,4,4,3,7,0,0,0,0,0,0,0,3,1,5,6,2,81,11,1339,1,11,HONDA JAZZ,1,E01015214,0,-1
2020430209881,2020,430209881,2,9,0,9,9,8,6,0,0,5,0,0,0,0,3,1,6,6,1,50,8,1339,1,17,HONDA JAZZ,7,E01017839,0,-1
2020451000346,2020,451000346,1,9,0,18,19,2,6,9,9,0,0,0,7,0,4,1,5,6,2,88,11,1339,1,10,HONDA JAZZ,10,E01030799,0,-1
2020440217682,2020,440217682,1,9,0,18,19,1,5,0,0,0,0,0,1,0,1,1,6,6,1,75,10,1339,1,13,HONDA JAZZ,6,E01023042,0,-1
2020010233902,2020,010233902,2,9,0,5,5,3,7,0,0,6,0,0,0,0,1,1,6,6,1,82,11,1339,1,16,HONDA JAZZ,3,E01001156,0,-1
2020530990342,2020,530990342,1,9,0,16,19,1,7,9,9,2,0,0,3,10,1,1,6,6,2,92,11,1339,1,13,HONDA JAZZ,8,E01022390,0,-1