collision_index,collision_year,collision_ref_no,vehicle_reference,vehicle_type,towing_and_articulation,vehicle_manoeuvre_historic,vehicle_manoeuvre,vehicle_direction_from,vehicle_direction_to,vehicle_location_restricted_lane_historic,vehicle_location_restricted_lane,junction_location,skidding_and_overturning,hit_object_in_carriageway,vehicle_leaving_carriageway,hit_object_off_carriageway,first_point_of_impact,vehicle_left_hand_drive,journey_purpose_of_driver_historic,journey_purpose_of_driver,sex_of_driver,age_of_driver,age_band_of_driver,engine_capacity_cc,propulsion_code,age_of_vehicle,generic_make_model,driver_imd_decile,lsoa_of_driver,escooter_flag,driver_distance_banding
2020622000307,2020,622000307,2,9,0,18,19,6,2,0,0,0,0,0,0,0,1,1,6,6,2,54,8,1318,1,2,HONDA JAZZ,9,W01000859,0,-1
2020010231431,2020,010231431,3,9,0,2,2,0,0,0,0,0,0,0,1,0,1,1,6,6,3,-1,-1,1246,1,15,HONDA JAZZ,-1,-1,0,-1
2020100923164,2020,100923164,1,9,0,9,9,5,2,0,0,5,0,0,0,0,3,1,6,6,2,71,10,1339,8,8,HONDA JAZZ,4,E01027408,0,-1
2020010268097,2020,010268097,1,3,0,99,99,9,9,99,99,9,9,99,9,99,9,1,6,6,1,34,6,125,1,14,HONDA SES125,3,E01000586,0,-1
2020430040440,2020,430040440,1,4,0,9,9,1,7,0,0,8,0,0,0,0,3,1,6,6,1,64,9,125,1,16,-1,10,E01017863,0,-1
2020010263183,2020,010263183,2,3,0,18,19,3,7,8,6,1,5,0,7,4,1,1,6,6,1,18,4,125,1,17,HONDA SES125,8,E01015974,0,-1
2020010244974,2020,010244974,1,2,0,5,5,7,3,0,0,0,0,0,0,0,1,1,6,6,1,33,6,125,1,14,-1,7,E01002272,0,-1
2020220941616,2020,220941616,1,3,0,14,14,1,5,0,0,0,1,0,0,0,1,1,5,6,1,33,6,125,1,16,HONDA SES125,2,E01033247,0,-1
2020010259730,2020,010259730,2,3,0,18,19,5,1,0,0,2,0,0,0,0,1,1,1,1,1,24,5,125,1,14,HONDA SES125,2,E01004305,0,-1
2020302001602,2020,302001602,1,3,0,9,9,6,4,0,0,8,1,0,0,0,4,1,6,6,1,19,4,125,1,16,HONDA SES125,3,E01019807,0,-1
2020500940481,2020,500940481,2,3,0,14,14,1,5,0,0,8,0,0,0,0,4,1,2,2,2,34,6,125,1,15,HONDA SES125,2,E01020014,0,-1
2020160985527,2020,160985527,2,3,0,9,9,6,5,0,0,1,0,0,0,0,2,1,5,6,1,18,4,125,1,14,HONDA SES125,6,E01012882,0,-1
2020010244224,2020,010244224,2,3,3,18,19,3,7,0,0,8,0,0,0,0,1,-1,6,6,1,37,7,125,1,13,HONDA SES125,3,E01002052,0,-1
2020340D05972,2020,340D05972,1,3,0,18,19,5,1,0,0,0,0,0,1,0,1,1,6,6,1,19,4,125,1,17,HONDA SES125,2,E01027223,0,-1
2020010283469,2020,010283469,1,3,0,13,13,8,4,0,0,1,0,0,0,0,1,1,6,6,1,21,5,125,1,16,HONDA SES125,7,E01003003,0,-1
2020010256778,2020,010256778,1,3,0,18,19,3,7,0,0,3,0,9,7,7,1,1,1,1,1,17,4,125,1,16,HONDA SES125,5,E01023829,0,-1
2020460952493,2020,460952493,1,4,0,18,19,1,5,0,0,0,1,0,0,0,3,1,5,6,1,28,6,125,1,17,-1,4,E01024179,0,-1
2020440333501,2020,440333501,2,4,0,9,9,4,2,0,0,8,0,0,0,0,1,1,6,6,1,19,4,125,1,16,-1,4,E01017258,0,-1
2020010250948,2020,010250948,1,3,0,8,8,2,5,0,0,6,0,0,0,0,2,1,6,6,1,59,9,125,1,18,HONDA SES125,5,E01004343,0,-1
2020010259965,2020,010259965,1,3,9,99,99,9,9,99,99,9,9,99,9,99,9,1,6,6,1,22,5,125,1,14,HONDA SES125,7,E01002182,0,-1
2020010268670,2020,010268670,1,3,0,5,5,1,5,0,0,2,0,0,0,0,3,1,1,1,1,30,6,125,1,2,Honda ANC125,5,E01000615,0,-1
2020430030808,2020,430030808,2,4,0,18,19,6,2,0,0,8,0,0,0,0,4,1,6,6,1,50,8,125,1,3,-1,-1,-1,0,-1
2020450993216,2020,450993216,1,3,0,18,19,1,1,0,0,0,0,0,0,0,1,1,5,6,1,34,6,125,1,3,Honda ANC125,2,E01001215,0,-1
2020010266290,2020,010266290,1,3,0,99,99,9,9,99,99,0,9,99,9,99,1,1,6,6,1,19,4,125,1,2,Honda ANC125,6,E01002570,0,-1
2020010243825,2020,010243825,1,3,0,18,19,2,6,0,0,8,9,0,9,0,1,1,6,6,1,37,7,125,1,2,Honda ANC125,3,E01000586,0,-1
2020010234135,2020,010234135,2,3,0,18,19,1,5,0,0,0,0,0,0,0,1,1,6,6,1,18,4,125,1,5,Honda ANC125,4,E01000618,0,-1
2020010252576,2020,010252576,1,3,0,99,99,9,9,99,99,0,9,99,9,99,1,1,6,6,1,35,6,125,1,1,Honda ANC125,6,E01002358,0,-1
2020010286709,2020,010286709,1,3,0,4,4,3,7,0,0,1,2,0,0,0,0,1,1,1,1,37,7,125,1,3,Honda ANC125,2,E01003966,0,-1
2020430299160,2020,430299160,1,3,0,18,19,8,4,2,2,1,0,0,0,0,1,1,6,6,1,21,5,125,1,1,Honda ANC125,9,E01016616,0,-1
2020010281615,2020,010281615,1,3,0,99,99,9,9,99,99,0,9,99,9,99,1,9,6,6,1,35,6,125,1,0,Honda ANC125,6,E01003226,0,-1
2020010266986,2020,010266986,2,3,0,18,19,3,7,0,0,2,0,0,0,0,3,1,1,1,1,26,6,125,1,3,Honda ANC125,3,E01004540,0,-1
2020010285779,2020,010285779,2,3,0,18,19,5,1,2,2,1,0,0,0,0,3,1,1,1,1,39,7,125,1,0,Honda ANC125,9,E01000715,0,-1
2020010252140,2020,010252140,2,3,0,3,3,3,7,0,0,1,0,0,0,0,2,1,1,1,1,46,8,125,1,3,Honda ANC125,7,E01002683,0,-1
20201377A0824,2020,1377A0824,2,3,0,18,19,7,3,0,0,8,0,0,0,0,1,1,6,6,1,17,4,125,1,3,Honda ANC125,3,E01010789,0,-1
202006F275786,2020,06F275786,1,3,0,13,13,1,5,0,0,0,0,0,0,0,1,1,6,6,1,24,5,125,1,1,Honda ANC125,2,E01005207,0,-1
2020010247824,2020,010247824,1,3,0,3,3,1,5,0,0,1,0,0,0,0,2,1,6,6,1,32,6,125,1,1,Honda ANC125,4,E01004366,0,-1
2020010282699,2020,010282699,1,3,0,18,19,1,5,0,0,8,0,11,0,0,1,1,4,7,1,17,4,125,1,0,Honda ANC125,3,E01000586,0,-1
2020010254896,2020,010254896,1,3,0,18,19,3,7,0,0,0,0,0,0,0,1,1,1,1,1,52,8,125,1,3,Honda ANC125,-1,-1,0,-1
2020010235815,2020,010235815,1,3,0,99,99,9,9,99,99,9,9,99,9,99,1,-1,6,6,1,23,5,125,1,3,Honda ANC125,3,E01001324,0,-1
2020010244220,2020,010244220,1,2,9,99,99,9,9,99,99,0,9,99,9,99,9,1,6,6,1,23,5,125,1,4,-1,4,E01003934,0,-1
2020400946699,2020,400946699,2,4,0,18,19,1,5,0,0,0,0,0,0,0,4,1,6,6,1,68,10,125,1,3,-1,9,E01017454,0,-1
2020010252969,2020,010252969,1,3,0,18,19,7,3,0,0,0,0,0,1,0,4,1,6,6,1,39,7,125,1,2,Honda ANC125,2,E01003604,0,-1
2020010280494,2020,010280494,2,3,0,18,19,3,7,0,0,1,0,0,0,0,4,1,1,1,1,47,8,125,1,3,Honda ANC125,2,E01032565,0,-1
2020010271714,2020,010271714,2,3,0,18,19,1,5,0,0,5,0,0,0,0,3,1,6,6,1,38,7,125,1,1,Honda ANC125,2,E01032722,0,-1
2020010270917,2020,010270917,2,3,0,15,15,7,3,0,0,1,0,0,0,0,1,1,1,1,1,33,6,125,1,1,Honda ANC125,10,E01000423,0,-1
2020010278004,2020,010278004,1,2,0,5,5,6,2,0,0,6,0,0,0,0,3,1,6,6,2,28,6,125,1,3,-1,3,E01001262,0,-1
2020010272199,2020,010272199,2,3,0,18,19,3,7,0,0,1,0,10,0,0,4,1,6,6,1,65,9,125,1,2,Honda ANC125,8,E01003856,0,-1
2020010272416,2020,010272416,1,3,0,3,3,5,1,0,0,6,0,0,1,0,2,1,1,1,1,31,6,125,1,1,Honda ANC125,-1,-1,0,-1
202031C112420,2020,31C112420,1,3,0,18,19,4,8,0,0,8,1,0,0,0,2,1,1,1,1,29,6,125,1,0,Honda ANC125,1,E01013959,0,-1
2020010268682,2020,010268682,1,3,0,99,99,9,9,99,99,9,9,99,9,99,9,1,6,6,1,59,9,125,1,0,Honda ANC125,6,E01000318,0,-1
2020010283851,2020,010283851,1,3,0,99,99,9,9,99,99,0,9,99,9,99,9,1,2,2,1,16,4,125,1,2,Honda ANC125,5,E01003368,0,-1
2020010267640,2020,010267640,1,3,0,99,99,9,9,99,99,9,9,99,9,99,9,1,6,6,1,23,5,125,1,0,Honda ANC125,6,E01002523,0,-1
2020460931658,2020,460931658,2,3,0,3,3,8,3,0,0,0,0,0,0,0,1,1,6,6,2,24,5,125,1,1,Honda ANC125,10,E01024404,0,-1
2020010275672,2020,010275672,2,3,0,18,19,7,3,0,0,8,0,0,0,0,1,1,2,2,1,38,7,125,1,3,Honda ANC125,8,E01000426,0,-1
2020010257609,2020,010257609,1,2,0,14,14,1,5,0,0,1,0,0,0,0,1,1,1,1,1,19,4,125,1,4,-1,3,E01000977,0,-1
2020410972574,2020,410972574,2,3,0,13,13,3,7,0,0,0,0,0,0,0,1,1,1,1,1,26,6,125,1,2,Honda ANC125,2,E01023338,0,-1
2020040941153,2020,040941153,1,3,0,18,19,7,3,0,0,1,0,0,0,0,4,1,5,6,1,37,7,125,1,0,Honda ANC125,1,E01012650,0,-1
2020010236900,2020,010236900,1,3,0,14,14,1,5,0,0,1,0,0,0,0,1,-1,6,6,1,25,5,125,1,4,Honda ANC125,2,E01004460,0,-1
2020010263450,2020,010263450,2,3,0,15,15,6,2,0,0,1,0,0,0,0,1,1,6,6,1,33,6,125,1,1,Honda ANC125,1,E01033153,0,-1
2020010245885,2020,010245885,2,2,0,5,5,3,7,0,0,1,0,0,0,0,3,1,1,1,1,48,8,125,1,2,-1,2,E01033591,0,-1
2020010257459,2020,010257459,1,3,0,13,13,1,5,0,0,8,1,0,0,0,0,1,2,2,1,50,8,125,1,1,Honda ANC125,2,E01002049,0,-1
2020010261568,2020,010261568,1,4,0,18,19,5,1,0,0,0,0,0,0,0,2,1,1,1,1,19,4,125,1,3,-1,4,E01001336,0,-1
2020010276237,2020,010276237,1,3,0,18,19,1,5,0,0,6,0,0,0,0,4,1,1,1,1,26,6,125,1,0,Honda ANC125,2,E01002787,0,-1
2020010267044,2020,010267044,1,3,0,99,99,9,9,99,99,9,9,99,9,99,9,1,6,6,2,33,6,125,1,3,Honda ANC125,4,E01003148,0,-1
2020010233170,2020,010233170,2,3,0,18,19,1,5,0,0,1,2,0,0,0,1,1,1,1,1,20,4,125,1,1,Honda ANC125,5,E01000530,0,-1
2020010271993,2020,010271993,1,3,0,13,13,1,5,0,0,1,2,10,0,0,2,1,6,6,1,40,7,125,1,0,Honda ANC125,4,E01003129,0,-1
2020010286431,2020,010286431,2,3,0,4,4,3,7,0,0,2,0,0,0,0,1,1,1,1,1,57,9,125,1,3,Honda ANC125,2,E01003248,0,-1
2020010260456,2020,010260456,1,3,0,18,19,1,5,0,0,8,0,0,0,0,1,1,6,6,1,26,6,125,1,5,Honda ANC125,5,E01023575,0,-1
2020010252202,2020,010252202,2,3,0,5,5,7,3,0,0,1,0,0,0,0,1,1,6,6,1,45,7,125,1,3,Honda ANC125,2,E01004263,0,-1
2020010255985,2020,010255985,2,3,0,18,19,1,5,0,0,0,0,0,0,0,1,1,6,6,1,20,4,125,1,1,Honda ANC125,-1,-1,0,-1
2020010280220,2020,010280220,1,3,0,13,13,5,1,0,0,1,0,0,0,0,1,1,1,1,2,35,6,125,1,3,Honda ANC125,3,E01001175,0,-1
2020541935820,2020,541935820,1,3,0,18,19,1,5,0,0,1,0,0,0,0,1,1,6,6,1,18,4,125,1,1,Honda ANC125,6,E01015497,0,-1
2020450927212,2020,450927212,1,3,0,4,4,7,3,0,0,0,0,0,0,0,2,1,2,2,2,34,6,125,1,4,Honda ANC125,9,E01031000,0,-1
2020401008329,2020,401008329,1,4,0,18,19,3,7,0,0,0,0,0,0,0,1,1,5,6,1,20,4,125,1,0,-1,3,E01017536,0,-1
2020320273267,2020,320273267,1,3,0,5,5,3,1,0,0,8,2,0,0,0,4,1,6,6,2,21,5,125,1,2,Honda ANC125,2,E01026177,0,-1
2020010257658,2020,010257658,2,3,0,18,19,3,7,0,0,1,0,0,0,0,0,1,2,2,1,34,6,125,1,1,Honda ANC125,2,E01000042,0,-1
2020010252533,2020,010252533,1,3,0,18,19,1,5,0,0,3,2,0,0,0,4,1,6,6,1,26,6,125,1,1,Honda ANC125,2,E01001875,0,-1
2020361016043,2020,361016043,1,3,0,18,19,3,7,0,0,8,0,0,0,0,1,1,5,6,1,17,4,125,1,1,Honda ANC125,6,E01026863,0,-1
2020530987685,2020,530987685,1,3,0,18,19,1,5,0,0,1,0,0,0,0,0,1,5,6,1,45,7,125,1,1,Honda ANC125,4,E01022102,0,-1
2020040936276,2020,040936276,2,3,0,11,11,5,1,0,0,8,5,0,0,0,4,1,5,6,1,36,7,125,1,2,Honda ANC125,3,E01024952,0,-1
2020010285071,2020,010285071,1,4,0,18,19,7,3,0,0,0,0,0,0,0,1,1,2,2,1,54,8,125,1,3,-1,5,E01002061,0,-1
2020010270541,2020,010270541,1,3,0,17,19,1,7,9,9,2,0,0,0,0,1,1,6,6,1,16,4,125,1,2,Honda ANC125,2,E01001056,0,-1
2020010277860,2020,010277860,1,3,0,99,99,9,9,99,99,9,9,99,9,99,9,1,6,6,1,-1,-1,125,1,0,Honda ANC125,1,E01000528,0,-1
2020552000855,2020,552000855,2,3,0,9,9,4,8,0,0,8,1,0,0,0,3,1,1,1,2,39,7,125,1,2,Honda ANC125,1,E01015279,0,-1
2020010270283,2020,010270283,2,3,0,9,9,7,4,0,0,6,0,0,0,0,1,1,1,1,1,20,4,125,1,3,Honda ANC125,3,E01001508,0,-1
2020010284600,2020,010284600,1,3,0,99,99,9,9,99,99,9,9,99,9,99,2,1,2,2,1,26,6,125,1,1,Honda ANC125,6,E01000584,0,-1
2020990973587,2020,990973587,1,3,0,4,4,8,4,0,0,0,0,0,1,11,1,1,2,2,2,50,8,125,1,0,Honda ANC125,2,-1,0,-1
2020010258343,2020,010258343,2,4,0,7,7,7,1,0,0,1,2,0,0,0,1,1,6,6,3,-1,-1,125,1,1,-1,-1,-1,0,-1
2020010265186,2020,010265186,1,4,0,4,4,3,7,0,0,1,0,0,0,0,2,1,1,1,1,34,6,125,1,5,-1,8,E01000212,0,-1
2020990995202,2020,990995202,2,3,0,18,19,7,3,0,0,4,5,0,0,0,4,1,5,6,2,54,8,125,1,2,Honda ANC125,4,-1,0,-1
2020010262552,2020,010262552,3,3,0,9,9,4,3,0,0,1,0,0,0,0,1,1,6,6,1,40,7,125,1,3,Honda ANC125,4,E01000497,0,-1
20201371A0244,2020,1371A0244,2,3,0,9,9,5,1,0,0,1,0,0,0,0,1,1,2,2,1,42,7,125,1,1,Honda ANC125,4,E01010848,0,-1
202054B028520,2020,54B028520,1,97,0,18,19,2,6,0,0,1,0,0,0,0,1,1,6,6,2,42,7,125,1,0,-1,9,E01028747,0,-1
2020010231129,2020,010231129,1,2,0,18,19,7,3,0,0,1,0,0,0,0,4,-1,6,6,1,27,6,125,1,5,-1,-1,-1,0,-1
2020010245698,2020,010245698,1,3,0,99,99,9,9,99,99,9,9,99,9,99,9,1,6,6,1,27,6,125,1,3,Honda ANC125,4,E01001002,0,-1
2020010253594,2020,010253594,2,3,0,12,12,7,3,0,0,8,0,0,0,0,1,1,1,1,1,31,6,125,1,1,Honda ANC125,2,E01003238,0,-1
2020010261101,2020,010261101,2,3,0,18,19,3,7,0,0,0,0,0,0,0,1,1,6,6,1,36,7,125,1,3,Honda ANC125,3,E01001311,0,-1
2020450926009,2020,450926009,1,3,0,18,19,7,3,0,0,0,5,0,1,0,4,1,6,6,1,45,7,125,1,4,Honda ANC125,-1,-1,0,-1
2020010275286,2020,010275286,2,3,0,18,19,5,1,0,0,8,0,0,0,0,4,1,6,6,1,20,4,125,1,1,Honda ANC125,10,E01023516,0,-1
2020100995012,2020,100995012,2,3,0,18,19,1,5,0,0,3,5,0,0,0,1,1,1,1,1,25,5,125,1,4,Honda ANC125,9,E01008248,0,-1
2020460921705,2020,460921705,2,4,0,18,19,2,6,0,0,0,0,0,0,0,1,1,1,1,1,45,7,125,1,1,-1,2,E01024091,0,-1
2020460940681,2020,460940681,2,3,0,18,19,7,3,0,0,1,0,0,0,0,1,1,5,6,1,71,10,125,1,3,Honda ANC125,1,E01024649,0,-1
2020010239756,2020,010239756,1,3,0,18,19,7,3,2,2,8,1,10,1,0,3,1,1,1,1,19,4,125,1,1,Honda ANC125,2,E01002608,0,-1
2020010276091,2020,010276091,1,3,0,18,19,3,7,0,0,8,5,4,0,0,3,1,6,6,2,24,5,125,1,2,Honda ANC125,-1,-1,0,-1
2020010272594,2020,010272594,1,3,0,18,19,1,5,0,0,0,0,0,0,0,1,1,6,6,1,38,7,125,1,2,Honda ANC125,2,E01000484,0,-1
2020440440516,2020,440440516,1,3,0,18,19,8,4,0,0,2,0,0,0,0,3,1,3,7,2,40,7,125,1,1,Honda ANC125,6,E01017261,0,-1
2020010243841,2020,010243841,2,3,0,18,19,5,1,9,9,1,2,0,0,0,3,1,6,6,1,26,6,125,1,3,Honda ANC125,3,E01004533,0,-1
2020440041761,2020,440041761,4,5,0,16,19,3,7,0,0,0,0,0,0,0,1,1,6,6,1,58,9,1203,1,1,-1,10,E01023273,0,-1
2020320583029,2020,320583029,2,3,0,18,19,2,6,0,0,0,2,0,1,9,0,1,6,6,1,20,4,124,1,18,-1,2,E01026154,0,-1
2020052000059,2020,052000059,1,3,0,13,13,6,2,0,0,8,0,0,0,0,1,1,6,6,1,42,7,125,1,4,-1,1,E01007304,0,-1
2020552000952,2020,552000952,2,3,0,18,19,7,3,0,0,8,0,0,0,0,1,1,2,2,1,28,6,125,1,4,-1,2,E01020573,0,-1
2020140947449,2020,140947449,1,5,0,18,19,2,6,0,0,1,1,0,0,0,0,1,6,6,1,46,8,998,1,8,MAKE AND MODEL REDACTED,2,E01007855,0,-1
2020500974934,2020,500974934,1,5,0,17,19,8,3,0,0,0,0,0,0,0,3,1,6,6,1,50,8,998,1,8,MAKE AND MODEL REDACTED,5,E01018920,0,-1
2020302001234,2020,302001234,1,3,0,16,19,8,6,0,0,7,0,7,7,7,1,1,2,2,1,17,4,998,1,9,-1,5,E01019428,0,-1
2020010286030,2020,010286030,2,5,0,15,15,1,5,0,0,0,0,0,0,0,4,1,6,6,1,32,6,1043,1,9,MAKE AND MODEL REDACTED,3,E01003295,0,-1
2020070143182,2020,070143182,1,5,0,14,14,5,1,0,0,1,1,0,0,0,4,1,6,6,1,58,9,744,1,9,-1,10,E01018667,0,-1
2020460942961,2020,460942961,2,9,0,2,2,0,0,6,6,0,0,0,0,0,3,1,6,6,1,30,6,1998,1,28,-1,5,E01024191,0,-1
2020500985787,2020,500985787,3,9,0,18,19,1,5,0,0,0,0,0,0,0,1,1,2,2,1,34,6,2000,1,21,-1,8,E01015108,0,-1
2020430013055,2020,430013055,2,9,0,7,7,6,8,0,0,6,0,0,0,0,3,1,2,2,1,28,6,1990,1,20,-1,10,E01016329,0,-1
2020540957020,2020,540957020,1,9,0,18,19,5,1,0,0,0,1,0,1,11,1,1,6,6,1,22,5,1990,1,21,-1,-1,-1,0,-1
2020450999868,2020,450999868,2,23,0,18,19,7,3,0,0,8,5,0,0,0,4,1,5,6,1,52,8,-1,3,0,-1,10,E01002938,0,-1
2020010279935,2020,010279935,2,23,9,99,99,9,9,99,99,9,9,99,9,99,1,9,6,6,3,-1,-1,-1,3,0,-1,7,E01003451,0,-1
2020010272341,2020,010272341,1,97,0,18,19,1,5,0,0,8,0,0,9,0,9,1,6,6,1,21,5,-1,3,0,-1,2,E01003578,0,-1
2020010229755,2020,010229755,1,98,0,99,99,9,9,99,99,9,9,99,9,99,2,9,6,6,3,-1,-1,2198,2,5,PEUGEOT BOXER,-1,-1,0,-1
2020501003648,2020,501003648,1,19,0,18,19,4,8,0,0,2,0,0,0,0,1,1,1,1,1,39,7,1997,2,3,PEUGEOT BOXER,2,E01019990,0,-1
2020010256556,2020,010256556,2,98,9,99,99,9,9,99,99,0,9,99,9,99,1,9,6,6,3,-1,-1,2198,2,5,PEUGEOT BOXER,-1,-1,0,-1
2020220998083,2020,220998083,1,19,0,7,7,1,3,0,0,6,0,0,0,0,1,1,1,1,1,26,6,1997,2,2,PEUGEOT BOXER,7,E01032344,0,-1
2020141006918,2020,141006918,1,98,0,18,19,5,1,0,0,1,0,0,0,0,2,1,1,1,1,23,5,2198,2,4,PEUGEOT BOXER,1,E01007534,0,-1
2020170M10650,2020,170M10650,2,19,0,9,9,2,7,0,0,8,0,0,0,0,3,1,1,1,1,-1,-1,2200,2,1,PEUGEOT BOXER,7,E01012366,0,-1
2020010237738,2020,010237738,2,19,0,18,19,5,1,0,0,1,9,0,0,99,1,9,6,6,3,31,6,1997,2,4,PEUGEOT BOXER,8,E01002178,0,-1
2020990991668,2020,990991668,1,19,0,18,19,6,2,0,0,0,0,0,0,0,4,1,2,2,1,33,6,1997,2,2,PEUGEOT BOXER,4,-1,0,-1
2020990938833,2020,990938833,1,19,0,4,4,5,1,0,0,0,0,0,0,0,2,1,1,1,2,44,7,2198,2,6,PEUGEOT BOXER,6,-1,0,-1
2020522100050,2020,522100050,2,21,0,18,19,3,7,0,0,8,0,0,0,0,1,1,6,6,2,48,8,-1,-1,-1,-1,3,E01029110,0,-1
2020460966928,2020,460966928,1,19,0,4,4,5,3,0,0,0,0,0,0,0,1,1,5,6,1,39,7,2200,2,1,PEUGEOT BOXER,8,E01016082,0,-1
202063C082020,2020,63C082020,1,19,0,9,9,7,5,0,0,5,0,0,0,0,3,1,1,1,1,36,7,1997,2,2,PEUGEOT BOXER,9,W01000615,0,-1
2020432003629,2020,432003629,1,19,0,9,9,7,3,0,0,6,0,0,0,0,3,1,2,2,1,30,6,2198,2,4,PEUGEOT BOXER,10,E01025744,0,-1
2020201001005,2020,201001005,1,98,0,18,19,4,8,0,0,0,0,0,0,0,1,1,6,6,1,59,9,1997,2,3,PEUGEOT BOXER,5,E01010118,0,-1
2020201004825,2020,201004825,2,19,0,18,19,8,4,0,0,1,0,0,0,0,1,1,1,1,2,42,7,1997,2,1,PEUGEOT BOXER,2,E01009741,0,-1
2020450975932,2020,450975932,1,19,0,18,19,2,6,0,0,0,5,0,2,0,4,1,2,2,1,24,5,2198,2,14,PEUGEOT BOXER,9,E01023115,0,-1
2020500959562,2020,500959562,1,19,0,18,19,1,5,0,0,0,0,0,0,0,2,1,6,6,1,31,6,1997,2,2,PEUGEOT BOXER,3,E01012860,0,-1
2020460923955,2020,460923955,1,19,0,18,19,7,3,0,0,0,0,0,0,0,3,1,6,6,1,-1,-1,2200,2,1,PEUGEOT BOXER,8,E01033088,0,-1
2020501011525,2020,501011525,1,19,0,18,19,5,3,0,0,1,0,0,0,0,1,1,6,6,1,50,8,1997,2,3,PEUGEOT BOXER,1,E01015080,0,-1
2020990986721,2020,990986721,2,98,0,18,19,1,4,0,0,1,0,0,0,0,1,1,1,1,1,21,5,2200,2,1,PEUGEOT BOXER,1,-1,0,-1
2020010262614,2020,010262614,1,9,0,5,5,0,7,0,0,0,0,0,0,0,2,1,1,1,2,53,8,2198,2,4,-1,5,E01033741,0,-1
2020360944738,2020,360944738,2,98,4,9,9,6,4,0,0,0,0,0,0,0,3,1,1,1,1,59,9,1997,2,2,PEUGEOT BOXER,8,E01015685,0,-1
2020040987009,2020,040987009,1,90,0,18,19,5,1,0,0,0,2,7,5,6,1,1,5,6,2,24,5,1997,2,17,PEUGEOT BOXER,6,E01032383,0,-1
2020500956041,2020,500956041,2,19,0,18,19,8,4,0,0,8,0,0,0,0,2,1,5,6,1,31,6,1997,2,3,PEUGEOT BOXER,3,E01009875,0,-1
2020430253230,2020,430253230,3,19,0,2,2,0,0,0,0,0,0,0,0,0,2,1,6,6,1,35,6,2198,2,4,PEUGEOT BOXER,9,E01023969,0,-1
2020010268329,2020,010268329,1,19,0,1,1,7,3,0,0,1,0,0,0,0,2,1,1,1,1,29,6,2198,2,6,PEUGEOT BOXER,5,E01030962,0,-1
2020471004186,2020,471004186,1,10,0,18,19,5,1,0,0,2,0,0,0,0,1,1,3,7,1,68,10,1997,2,4,-1,10,E01031425,0,-1
2020440103313,2020,440103313,2,19,0,18,19,5,1,0,0,1,0,0,0,0,3,1,6,6,1,-1,-1,1997,2,2,PEUGEOT BOXER,-1,-1,0,-1
2020420990870,2020,420990870,1,19,0,18,19,7,3,0,0,1,0,0,0,0,1,1,6,6,1,50,8,1997,2,1,PEUGEOT BOXER,7,E01024630,0,-1
2020010246726,2020,010246726,2,19,0,9,9,5,3,0,0,8,0,0,0,0,4,1,1,1,1,65,9,2200,2,1,PEUGEOT BOXER,7,E01000493,0,-1
2020010231870,2020,010231870,2,19,0,18,19,1,5,0,0,1,0,0,0,0,4,1,6,6,1,40,7,1997,2,3,PEUGEOT BOXER,9,E01004155,0,-1
2020210929588,2020,210929588,1,90,0,18,19,4,8,0,0,2,0,0,0,0,1,1,1,1,2,35,6,2198,2,4,PEUGEOT BOXER,9,E01029455,0,-1
2020070278493,2020,070278493,1,19,0,18,19,7,3,0,0,2,0,0,0,0,4,1,1,1,1,21,5,1997,2,1,PEUGEOT BOXER,2,E01032064,0,-1
2020160958532,2020,160958532,2,98,0,18,19,3,7,0,0,1,0,0,0,0,1,1,2,2,1,45,7,2200,2,1,PEUGEOT BOXER,1,E01012877,0,-1
2020010238385,2020,010238385,1,19,0,99,99,9,9,99,99,9,9,99,9,99,2,9,6,6,1,33,6,2200,2,1,PEUGEOT BOXER,2,E01004327,0,-1
2020160932091,2020,160932091,1,19,0,12,12,4,7,0,0,0,0,0,0,0,0,1,6,6,3,-1,-1,2200,2,1,PEUGEOT BOXER,-1,-1,0,-1
2020350925657,2020,350925657,2,19,0,5,5,4,8,0,0,1,0,0,0,0,1,1,1,1,1,-1,-1,2198,2,4,PEUGEOT BOXER,-1,-1,0,-1
2020141002695,2020,141002695,2,98,0,2,2,1,5,0,0,2,0,4,0,0,2,1,6,6,1,23,5,1997,2,2,PEUGEOT BOXER,1,E01007648,0,-1
2020451003065,2020,451003065,2,98,0,18,19,1,5,0,0,1,0,4,0,0,2,1,2,2,1,55,8,1997,2,2,PEUGEOT BOXER,9,E01004098,0,-1