collision_index,collision_year,collision_ref_no,vehicle_reference,vehicle_type,towing_and_articulation,vehicle_manoeuvre_historic,vehicle_manoeuvre,vehicle_direction_from,vehicle_direction_to,vehicle_location_restricted_lane_historic,vehicle_location_restricted_lane,junction_location,skidding_and_overturning,hit_object_in_carriageway,vehicle_leaving_carriageway,hit_object_off_carriageway,first_point_of_impact,vehicle_left_hand_drive,journey_purpose_of_driver_historic,journey_purpose_of_driver,sex_of_driver,age_of_driver,age_band_of_driver,engine_capacity_cc,propulsion_code,age_of_vehicle,generic_make_model,driver_imd_decile,lsoa_of_driver,escooter_flag,driver_distance_banding
2020460994353,2020,460994353,1,19,0,18,19,4,8,0,0,0,0,4,0,0,1,1,6,6,1,22,5,2198,2,7,PEUGEOT BOXER,2,E01024398,0,-1
2020500924806,2020,500924806,1,19,0,18,19,3,1,0,0,6,0,0,0,0,1,1,1,1,1,32,6,2198,2,5,PEUGEOT BOXER,8,E01020066,0,-1
2020460973708,2020,460973708,2,19,0,5,5,6,2,0,0,1,0,0,0,0,4,1,1,1,1,24,5,1997,2,2,PEUGEOT BOXER,7,E01030647,0,-1
2020990918640,2020,990918640,1,98,0,18,19,5,8,0,0,0,0,0,0,0,1,1,1,1,1,50,8,2198,2,6,PEUGEOT BOXER,7,E01018125,0,-1
2020552100094,2020,552100094,1,19,0,16,19,3,7,0,0,0,0,0,0,0,1,1,6,6,1,41,7,-1,-1,-1,PEUGEOT BOXER,3,E01015415,0,-1
2020990951090,2020,990951090,1,19,0,9,9,4,2,0,0,0,0,0,0,0,1,1,6,6,1,28,6,2198,2,7,PEUGEOT BOXER,6,-1,0,-1
2020070276669,2020,070276669,2,19,0,2,2,0,0,0,0,1,0,0,0,0,3,1,6,6,3,-1,-1,1997,2,1,PEUGEOT BOXER,-1,-1,0,-1
2020211029373,2020,211029373,1,19,0,15,15,3,7,0,0,0,0,0,0,0,4,1,6,6,1,59,9,2200,2,1,PEUGEOT BOXER,2,E01010889,0,-1
2020522100800,2020,522100800,2,19,0,18,19,3,7,0,0,0,0,0,0,0,2,1,6,6,1,47,8,1997,2,2,PEUGEOT BOXER,4,E01019071,0,-1
2020010270004,2020,010270004,1,90,0,18,19,5,1,0,0,6,0,0,0,0,1,1,1,1,1,32,6,1997,2,2,PEUGEOT BOXER,4,E01001956,0,-1
2020030920286,2020,030920286,2,98,0,18,19,3,7,0,0,0,0,0,0,0,0,1,2,2,1,20,4,1997,2,3,PEUGEOT BOXER,6,E01019178,0,-1
2020220967906,2020,220967906,2,19,0,18,19,5,1,0,0,0,0,0,0,0,1,1,1,1,1,34,6,1997,2,2,PEUGEOT BOXER,5,E01018319,0,-1
2020010256669,2020,010256669,2,19,0,18,19,1,5,0,0,9,0,0,0,0,2,9,6,6,2,44,7,2198,2,5,PEUGEOT BOXER,2,E01001193,0,-1
2020360978539,2020,360978539,2,19,0,3,3,3,7,0,0,1,0,0,0,0,0,1,1,1,1,31,6,2200,2,0,PEUGEOT BOXER,10,E01026506,0,-1
2020320067186,2020,320067186,1,19,0,13,13,6,2,0,0,0,0,0,0,0,3,1,1,1,1,45,7,2198,2,4,PEUGEOT BOXER,6,E01026252,0,-1
2020320321920,2020,320321920,2,20,0,9,9,7,5,0,0,5,0,0,0,0,3,1,1,1,1,35,6,-1,-1,-1,-1,8,E01026214,0,-1
2020440396684,2020,440396684,1,19,0,17,19,6,2,0,0,1,2,0,7,11,1,1,1,1,1,28,6,1997,2,2,PEUGEOT BOXER,-1,-1,0,-1
2020010255681,2020,010255681,2,19,0,10,10,1,6,0,0,1,0,0,0,0,2,1,1,1,1,38,7,2198,2,5,PEUGEOT BOXER,3,E01002311,0,-1
2020010254022,2020,010254022,1,19,0,9,9,7,4,0,0,6,0,0,0,0,1,1,1,1,1,32,6,2198,2,5,PEUGEOT BOXER,5,E01003411,0,-1
2020010260605,2020,010260605,2,19,0,18,19,5,1,0,0,2,0,0,0,0,0,1,1,1,1,35,6,1997,2,1,PEUGEOT BOXER,7,E01019472,0,-1
2020990967484,2020,990967484,3,19,0,4,4,3,7,0,0,0,0,0,0,0,2,1,1,1,1,25,5,2198,2,5,PEUGEOT BOXER,9,-1,0,-1
202006E169997,2020,06E169997,1,19,0,18,19,5,8,0,0,8,0,0,0,0,1,1,6,6,3,-1,-1,2198,2,5,PEUGEOT BOXER,-1,-1,0,-1
2020420981616,2020,420981616,1,19,0,9,9,1,5,0,0,0,0,0,0,0,1,1,1,1,1,41,7,1997,2,3,PEUGEOT BOXER,4,E01004417,0,-1
202006L267364,2020,06L267364,1,19,0,18,19,2,6,0,0,1,0,0,0,0,4,1,2,2,1,34,6,2198,2,4,PEUGEOT BOXER,4,E01006332,0,-1
2020370995740,2020,370995740,1,19,0,18,19,2,6,0,0,1,0,0,0,0,1,1,5,6,1,30,6,1997,2,2,PEUGEOT BOXER,5,E01029953,0,-1
2020040938984,2020,040938984,2,98,0,9,9,5,7,0,0,2,0,0,0,0,3,1,2,2,1,33,6,1997,2,2,PEUGEOT BOXER,7,E01012747,0,-1
2020991004751,2020,991004751,2,19,0,18,19,7,3,0,0,0,0,0,1,0,1,1,1,1,1,50,8,1997,2,3,PEUGEOT BOXER,2,-1,0,-1
2020990933481,2020,990933481,1,19,0,7,7,3,5,0,0,2,0,0,0,0,4,1,1,1,1,63,9,1997,2,1,PEUGEOT BOXER,-1,-1,0,-1
2020500942956,2020,500942956,2,19,0,18,19,5,1,0,0,8,0,0,0,0,1,1,5,6,1,65,9,-1,-1,-1,PEUGEOT BOXER,3,E01015219,0,-1
2020052002259,2020,052002259,1,19,0,18,19,8,4,0,0,8,0,0,0,0,1,1,1,1,1,20,4,1997,2,4,PEUGEOT BOXER,1,E01006609,0,-1
2020140934585,2020,140934585,1,10,0,18,19,3,7,0,0,0,0,0,0,0,2,1,1,1,1,32,6,1997,2,1,-1,1,E01008097,0,-1
2020010260399,2020,010260399,2,90,0,9,9,1,7,0,0,6,0,0,0,0,3,1,1,1,1,58,9,2198,2,6,PEUGEOT BOXER,3,E01003627,0,-1
2020410975454,2020,410975454,1,19,0,18,19,5,1,0,0,0,0,0,0,0,3,1,1,1,1,28,6,2198,2,5,PEUGEOT BOXER,9,E01017414,0,-1
2020430132978,2020,430132978,2,19,0,18,19,3,7,0,0,8,0,0,0,0,1,1,1,1,1,55,8,1997,2,4,PEUGEOT BOXER,-1,-1,0,-1
2020360995552,2020,360995552,1,19,0,1,1,3,7,9,9,0,0,0,0,0,2,1,1,1,1,34,6,2200,2,1,PEUGEOT BOXER,2,E01026865,0,-1
20201378G1467,2020,1378G1467,2,90,0,18,19,2,6,0,0,0,2,0,2,4,1,1,6,6,1,86,11,2178,2,16,PEUGEOT BOXER,9,E01011170,0,-1
2020500955879,2020,500955879,1,19,0,1,1,5,1,0,0,0,0,0,0,0,0,1,1,1,1,-1,-1,2198,2,5,PEUGEOT BOXER,-1,-1,0,-1
2020170S11890,2020,170S11890,2,19,0,18,19,3,7,0,0,0,0,0,0,0,1,1,6,6,1,33,6,2200,2,1,PEUGEOT BOXER,7,E01012047,0,-1
2020460968436,2020,460968436,1,19,0,9,9,4,2,0,0,0,0,0,0,0,4,1,1,1,1,32,6,2198,2,4,PEUGEOT BOXER,4,E01024382,0,-1
2020010238895,2020,010238895,3,19,0,18,19,3,7,0,0,1,0,0,0,0,0,1,6,6,3,-1,-1,1997,2,1,PEUGEOT BOXER,-1,-1,0,-1
2020361013953,2020,361013953,2,19,0,18,19,8,6,0,0,0,0,0,0,0,3,1,1,1,1,56,9,2200,2,0,PEUGEOT BOXER,4,E01026628,0,-1
2020370962536,2020,370962536,2,19,0,16,19,1,5,0,0,0,0,0,0,0,1,1,1,1,1,44,7,1997,2,2,PEUGEOT BOXER,10,E01026915,0,-1
2020400979726,2020,400979726,2,98,0,4,4,3,8,0,0,0,0,0,0,0,2,1,2,2,1,26,6,2200,2,1,PEUGEOT BOXER,5,E01028430,0,-1
2020451005649,2020,451005649,1,10,0,18,19,3,7,0,0,0,0,0,0,0,1,1,1,1,1,40,7,-1,-1,-1,-1,3,E01001170,0,-1
2020010279257,2020,010279257,2,19,0,7,7,7,2,0,0,1,0,0,0,0,4,1,2,2,1,50,8,-1,-1,-1,PEUGEOT BOXER,9,E01003478,0,-1
2020010260494,2020,010260494,1,19,0,18,19,7,3,0,0,2,0,0,0,0,2,1,6,6,1,34,6,1997,2,3,PEUGEOT BOXER,2,E01000604,0,-1
2020470945713,2020,470945713,1,19,0,7,7,2,5,0,0,4,0,0,0,0,3,1,1,1,1,64,9,1997,2,3,PEUGEOT BOXER,9,E01031714,0,-1
20201371A0906,2020,1371A0906,1,10,0,18,19,4,8,0,0,0,0,0,0,0,0,1,3,7,1,57,9,-1,-1,-1,-1,8,E01011219,0,-1
2020010257724,2020,010257724,3,19,0,2,2,0,0,0,0,0,0,0,0,0,4,1,6,6,3,-1,-1,2198,2,5,PEUGEOT BOXER,-1,-1,0,-1
2020010244694,2020,010244694,1,19,0,1,1,5,1,0,0,0,0,0,0,0,2,1,6,6,1,25,5,2198,2,8,PEUGEOT BOXER,-1,-1,0,-1
2020460924761,2020,460924761,1,19,0,14,14,4,8,0,0,0,0,0,0,0,4,1,2,2,1,47,8,2198,2,6,PEUGEOT BOXER,5,E01024643,0,-1
2020140969302,2020,140969302,2,19,0,18,19,1,5,0,0,0,0,0,0,0,1,1,6,6,3,-1,-1,2198,2,9,PEUGEOT BOXER,-1,-1,0,-1
2020530993960,2020,530993960,2,19,0,5,5,4,-1,5,5,2,0,0,0,0,1,1,1,1,1,39,7,2198,2,4,PEUGEOT BOXER,6,E01022235,0,-1
2020010240986,2020,010240986,1,19,0,18,19,1,5,9,9,2,0,0,1,2,1,1,1,1,1,52,8,1997,2,3,PEUGEOT BOXER,-1,-1,0,-1
2020160944854,2020,160944854,1,90,0,18,19,5,1,0,0,1,0,0,0,0,1,1,1,1,2,27,6,1997,2,0,PEUGEOT BOXER,7,E01033106,0,-1
2020122000732,2020,122000732,2,90,0,3,3,2,6,0,0,1,0,0,0,0,2,1,1,1,1,64,9,2198,2,4,PEUGEOT BOXER,9,E01013422,0,-1
2020460940178,2020,460940178,1,19,0,5,5,6,2,0,0,2,0,0,0,0,1,1,6,6,1,27,6,2198,2,4,PEUGEOT BOXER,6,E01024363,0,-1
202006K275947,2020,06K275947,1,19,0,9,9,5,3,0,0,8,0,0,0,0,1,1,1,1,1,35,6,1997,2,2,PEUGEOT BOXER,8,E01005043,0,-1
2020010275085,2020,010275085,1,19,0,18,19,3,7,0,0,8,0,0,0,0,3,1,1,1,1,53,8,2198,2,4,PEUGEOT BOXER,3,E01001481,0,-1
2020070276669,2020,070276669,3,19,0,2,2,0,0,0,0,1,0,0,0,0,3,1,6,6,3,-1,-1,1997,2,3,PEUGEOT BOXER,-1,-1,0,-1
2020460916826,2020,460916826,1,19,0,7,7,6,8,0,0,4,0,0,0,0,1,1,2,2,1,21,5,1997,2,3,PEUGEOT BOXER,6,E01024410,0,-1
2020010280494,2020,010280494,1,19,0,4,4,3,7,0,0,1,0,0,0,0,3,1,1,1,1,26,6,1997,2,2,PEUGEOT BOXER,3,E01004573,0,-1
2020332000202,2020,332000202,2,19,0,9,9,5,3,0,0,6,0,0,0,0,4,1,6,6,1,-1,-1,1997,2,2,PEUGEOT BOXER,-1,-1,0,-1
2020360996638,2020,360996638,1,19,0,18,19,5,1,0,0,0,0,0,0,0,4,1,6,6,1,48,8,2198,2,6,PEUGEOT BOXER,9,E01026933,0,-1
2020460961125,2020,460961125,2,90,0,2,2,0,0,0,0,0,0,0,0,0,1,1,5,6,1,65,9,2198,2,7,PEUGEOT BOXER,8,E01024653,0,-1
2020480954964,2020,480954964,1,19,0,18,19,5,3,0,0,1,0,0,0,0,1,1,1,1,1,34,6,1997,2,1,PEUGEOT BOXER,-1,-1,0,-1
2020470925304,2020,470925304,2,19,0,3,3,5,1,0,0,0,0,0,0,0,3,1,1,1,1,49,8,1997,2,4,PEUGEOT BOXER,3,E01004344,0,-1
2020440178452,2020,440178452,2,19,0,2,2,0,0,0,0,0,0,0,0,0,2,1,6,6,1,45,7,2198,2,4,PEUGEOT BOXER,10,E01022869,0,-1
2020320041794,2020,320041794,2,19,0,18,19,3,7,0,0,1,0,0,0,0,1,1,1,1,1,26,6,1997,2,2,PEUGEOT BOXER,-1,-1,0,-1
2020522004835,2020,522004835,2,19,0,18,19,4,8,0,0,0,0,0,0,0,1,1,6,6,1,55,8,2198,2,4,PEUGEOT BOXER,8,E01014805,0,-1
2020010284003,2020,010284003,2,19,0,99,99,9,9,99,99,0,9,99,9,99,9,9,6,6,1,28,6,1997,2,3,PEUGEOT BOXER,6,E01002113,0,-1
2020531003077,2020,531003077,2,98,0,18,19,7,3,0,0,0,0,0,0,0,1,1,2,2,1,25,5,1997,2,2,PEUGEOT BOXER,10,E01022431,0,-1
2020010252142,2020,010252142,2,19,0,18,19,5,1,0,0,0,0,0,1,10,3,1,1,1,1,35,6,2198,2,4,PEUGEOT BOXER,2,E01021278,0,-1
2020040984760,2020,040984760,1,90,0,2,2,5,5,0,0,0,0,0,0,0,2,1,5,6,1,64,9,1997,2,16,PEUGEOT BOXER,1,E01025295,0,-1
2020470925460,2020,470925460,1,19,0,7,7,3,5,0,0,8,0,0,0,0,4,1,1,1,1,40,7,2198,2,6,PEUGEOT BOXER,2,E01016873,0,-1
2020470956274,2020,470956274,1,19,0,18,19,3,7,0,0,1,0,0,0,0,1,1,1,1,1,37,7,1997,2,1,PEUGEOT BOXER,8,E01021077,0,-1
2020010279816,2020,010279816,2,19,0,99,99,9,9,99,99,9,9,99,9,99,1,9,6,6,3,-1,-1,1997,2,3,PEUGEOT BOXER,-1,-1,0,-1
2020010265280,2020,010265280,1,19,0,10,10,5,3,0,0,4,0,0,0,0,3,1,6,6,1,56,9,1997,2,2,PEUGEOT BOXER,7,E01002144,0,-1
202063B010520,2020,63B010520,1,19,0,5,5,6,3,0,0,6,0,0,0,0,3,1,1,1,1,25,5,1997,2,2,PEUGEOT BOXER,3,W01000633,0,-1
202031D163920,2020,31D163920,2,19,0,2,2,0,0,0,0,0,0,0,0,0,2,1,6,6,3,-1,-1,2198,2,14,PEUGEOT BOXER,-1,-1,0,-1
2020991010338,2020,991010338,1,10,0,5,5,3,7,0,0,1,0,0,0,0,1,1,1,1,1,48,8,-1,-1,-1,-1,1,-1,0,-1
2020200936824,2020,200936824,1,90,0,6,6,2,2,0,0,8,0,0,0,0,1,1,1,1,1,39,7,2198,2,4,PEUGEOT BOXER,4,E01010259,0,-1
2020231003768,2020,231003768,2,19,0,18,19,4,8,0,0,8,0,0,0,0,4,1,5,6,1,45,7,2198,2,5,PEUGEOT BOXER,9,E01031219,0,-1
2020160982288,2020,160982288,1,98,0,16,19,2,6,0,0,0,0,0,0,0,1,1,1,1,1,30,6,1997,2,3,PEUGEOT BOXER,1,E01007568,0,-1
202031D169620,2020,31D169620,4,19,0,2,2,0,0,0,0,2,0,0,0,0,4,1,6,6,1,-1,-1,2198,2,6,PEUGEOT BOXER,-1,-1,0,-1
202006G172848,2020,06G172848,2,19,0,2,2,0,0,0,0,0,0,0,0,0,3,1,6,6,3,-1,-1,1997,2,1,PEUGEOT BOXER,-1,-1,0,-1
2020320022654,2020,320022654,1,98,0,18,19,6,3,0,0,0,0,0,0,0,4,1,1,1,1,19,4,1997,2,4,PEUGEOT BOXER,8,E01026269,0,-1
2020360971250,2020,360971250,1,98,0,18,19,1,5,0,0,2,0,0,1,11,1,1,5,6,1,27,6,2200,2,0,PEUGEOT BOXER,1,E01026595,0,-1
2020010281435,2020,010281435,1,19,0,18,19,1,5,0,0,2,0,0,0,0,0,1,1,1,1,20,4,1997,2,2,PEUGEOT BOXER,2,E01001113,0,-1
2020160980877,2020,160980877,1,90,0,18,19,5,1,0,0,8,0,0,0,0,3,1,1,1,1,27,6,2198,2,7,PEUGEOT BOXER,-1,-1,0,-1
2020360940871,2020,360940871,2,98,0,14,14,8,4,0,0,8,0,0,0,0,3,1,1,1,1,33,6,1997,2,2,PEUGEOT BOXER,9,E01026933,0,-1
2020010253351,2020,010253351,1,19,0,18,19,7,3,0,0,8,0,0,0,0,4,1,1,1,1,28,6,1997,2,1,PEUGEOT BOXER,2,E01032580,0,-1
2020622000953,2020,622000953,2,19,0,18,19,1,5,0,0,2,0,0,0,0,1,1,1,1,1,32,6,1997,2,2,PEUGEOT BOXER,8,W01001752,0,-1
2020990962632,2020,990962632,1,19,0,18,19,7,2,0,0,0,1,0,0,0,1,1,1,1,1,43,7,1997,2,2,PEUGEOT BOXER,3,-1,0,-1
2020420949148,2020,420949148,2,19,0,2,2,0,0,0,0,0,0,0,0,0,2,1,1,1,1,21,5,2198,2,6,PEUGEOT BOXER,5,E01002302,0,-1
2020070067533,2020,070067533,1,19,0,18,19,6,2,0,0,8,0,0,0,0,1,1,1,1,1,42,7,2198,2,6,PEUGEOT BOXER,4,E01010499,0,-1
2020010255405,2020,010255405,2,19,0,99,99,9,9,99,99,9,9,99,9,99,9,9,6,6,3,43,7,-1,-1,-1,PEUGEOT BOXER,3,E01001673,0,-1
2020460983507,2020,460983507,2,19,0,12,12,1,5,0,0,1,0,0,0,0,3,1,6,6,1,26,6,2200,2,1,PEUGEOT BOXER,3,E01000109,0,-1
2020141003228,2020,141003228,2,98,0,9,9,8,6,0,0,8,0,0,0,0,1,1,1,1,1,54,8,1997,2,2,PEUGEOT BOXER,2,E01011943,0,-1
2020990926369,2020,990926369,1,19,0,4,4,1,5,0,0,0,0,0,0,0,1,1,1,1,1,37,7,1997,2,1,PEUGEOT BOXER,1,-1,0,-1
2020990939737,2020,990939737,1,19,0,3,3,7,3,0,0,0,0,0,0,0,1,1,1,1,1,30,6,1997,2,1,PEUGEOT BOXER,3,-1,0,-1
2020200999147,2020,200999147,1,98,0,9,9,1,7,0,0,6,0,0,0,0,4,1,6,6,1,55,8,1997,2,2,PEUGEOT BOXER,2,E01010311,0,-1
2020410971827,2020,410971827,1,19,0,5,5,5,2,9,9,7,0,0,0,0,3,1,1,1,1,23,5,2198,2,7,PEUGEOT BOXER,6,E01023787,0,-1
2020137751543,2020,137751543,1,19,0,5,5,1,5,0,0,0,0,0,0,0,4,1,6,6,3,-1,-1,2200,2,0,PEUGEOT BOXER,-1,-1,0,-1
2020351030930,2020,351030930,1,98,0,18,19,8,4,0,0,0,0,0,0,0,3,1,6,6,1,31,6,2198,2,4,PEUGEOT BOXER,5,E01018135,0,-1
2020010238166,2020,010238166,1,19,0,18,19,1,5,0,0,2,0,0,0,0,1,1,2,2,1,65,9,1997,2,2,PEUGEOT BOXER,-1,-1,0,-1
2020501007437,2020,501007437,1,90,0,18,19,7,3,0,0,0,0,0,0,0,0,1,5,6,2,52,8,1997,2,3,PEUGEOT BOXER,5,E01019026,0,-1
2020070758164,2020,070758164,2,19,0,18,19,8,4,0,0,0,0,0,0,0,0,1,6,6,1,-1,-1,1997,2,2,PEUGEOT BOXER,-1,-1,0,-1
2020200992971,2020,200992971,2,90,0,18,19,2,6,0,0,8,0,0,0,0,4,1,1,1,2,27,6,1997,2,3,PEUGEOT BOXER,4,E01009518,0,-1
2020010273398,2020,010273398,2,19,0,9,9,1,7,0,0,0,0,0,0,0,4,1,6,6,1,33,6,2198,2,4,PEUGEOT BOXER,-1,-1,0,-1
2020111009708,2020,111009708,1,10,0,18,19,8,2,9,9,8,0,0,7,10,1,1,1,1,1,60,9,1997,2,0,-1,1,E01020767,0,-1
2020460935631,2020,460935631,2,20,0,4,4,6,2,0,0,0,0,11,0,0,1,1,1,1,1,47,8,-1,-1,-1,-1,5,E01015926,0,-1
2020340W05842,2020,340W05842,1,19,0,18,19,8,4,0,0,8,0,0,0,0,1,1,1,1,1,24,5,2198,2,4,PEUGEOT BOXER,3,E01027317,0,-1
2020220916893,2020,220916893,5,19,0,2,2,0,0,0,0,0,0,0,0,0,1,1,5,6,1,58,9,2198,2,8,PEUGEOT BOXER,1,E01032232,0,-1
2020010238872,2020,010238872,1,19,0,7,7,7,1,0,0,5,0,0,0,0,4,1,1,1,1,46,8,2198,2,4,PEUGEOT BOXER,2,E01001579,0,-1
20201378U0854,2020,1378U0854,1,19,0,7,7,1,3,0,0,0,0,0,0,0,1,1,6,6,1,-1,-1,2200,2,1,PEUGEOT BOXER,-1,-1,0,-1
2020470983071,2020,470983071,1,10,0,9,9,7,5,0,0,6,0,0,0,0,3,1,6,6,2,37,7,-1,-1,-1,-1,8,E01031535,0,-1
2020010270091,2020,010270091,2,90,0,18,19,3,7,0,0,0,0,0,0,0,0,1,1,1,1,43,7,1997,2,4,PEUGEOT BOXER,9,E01023318,0,-1
2020320363352,2020,320363352,1,19,0,12,12,8,6,0,0,8,0,0,0,0,3,1,6,6,1,76,11,-1,-1,-1,PEUGEOT BOXER,6,E01007512,0,-1
2020470927138,2020,470927138,2,19,0,18,19,2,6,0,0,0,0,0,0,0,1,1,1,1,1,60,9,1997,2,3,PEUGEOT BOXER,6,E01024401,0,-1
2020421002517,2020,421002517,1,19,0,4,4,5,1,0,0,0,0,0,0,0,1,1,6,6,1,36,7,1997,2,15,PEUGEOT BOXER,3,E01021726,0,-1
2020500988957,2020,500988957,2,90,0,3,3,8,4,0,0,0,0,0,0,0,2,1,5,6,1,58,9,1997,2,2,PEUGEOT BOXER,3,E01019038,0,-1
2020320191457,2020,320191457,2,19,0,11,11,1,5,0,0,0,5,0,4,6,2,1,1,1,1,48,8,1997,2,2,PEUGEOT BOXER,2,E01011324,0,-1
2020140982981,2020,140982981,3,98,0,18,19,5,1,0,0,0,0,0,1,0,1,1,1,1,1,58,9,1997,2,1,PEUGEOT BOXER,6,E01007696,0,-1
202031D163920,2020,31D163920,3,19,0,2,2,0,0,0,0,0,0,0,0,0,2,1,6,6,3,-1,-1,1997,2,2,PEUGEOT BOXER,-1,-1,0,-1
2020137590684,2020,137590684,1,19,0,9,9,4,2,0,0,5,0,0,0,0,1,1,6,6,1,35,6,1997,2,1,PEUGEOT BOXER,1,E01005509,0,-1
2020320528764,2020,320528764,1,19,0,9,9,5,2,0,0,6,0,0,0,0,1,1,1,1,1,30,6,1997,2,1,PEUGEOT BOXER,2,E01028319,0,-1
2020410997545,2020,410997545,2,19,0,2,2,0,0,0,0,2,0,0,1,0,1,1,1,1,3,-1,-1,2198,2,5,PEUGEOT BOXER,-1,-1,0,-1
2020010249209,2020,010249209,1,19,0,2,2,0,0,0,0,1,0,0,0,0,1,1,6,6,3,-1,-1,1997,2,3,PEUGEOT BOXER,-1,-1,0,-1
2020010246719,2020,010246719,1,90,0,18,19,5,1,0,0,0,0,0,0,0,4,1,1,1,1,30,6,2198,2,5,PEUGEOT BOXER,4,E01000039,0,-1
2020990994422,2020,990994422,2,19,0,18,19,5,1,0,0,8,0,0,0,0,4,1,1,1,1,48,8,-1,-1,-1,PEUGEOT BOXER,2,-1,0,-1
2020450940119,2020,450940119,3,98,0,2,2,0,0,9,9,0,0,0,0,0,1,1,6,6,3,33,6,1997,2,2,PEUGEOT BOXER,4,E01003440,0,-1
2020010271788,2020,010271788,1,20,0,99,99,9,9,99,99,0,9,99,9,99,2,9,6,6,1,25,5,-1,-1,-1,-1,2,E01003558,0,-1
2020010257316,2020,010257316,1,19,0,4,4,1,5,0,0,2,0,0,0,0,0,1,1,1,3,-1,-1,-1,-1,-1,PEUGEOT BOXER,-1,-1,0,-1
2020200979289,2020,200979289,1,19,0,5,5,2,6,0,0,0,0,10,1,0,2,1,1,1,1,52,8,2200,2,0,PEUGEOT BOXER,1,E01009311,0,-1
2020430294228,2020,430294228,1,19,0,18,19,2,6,9,9,2,0,0,0,0,4,1,6,6,1,27,6,1997,2,2,PEUGEOT BOXER,5,E01016404,0,-1
2020471001948,2020,471001948,1,19,0,17,19,8,5,0,0,0,0,0,7,0,1,1,1,1,1,27,6,2200,2,1,PEUGEOT BOXER,2,E01033090,0,-1
2020010277664,2020,010277664,2,98,9,99,99,9,9,99,99,9,9,99,9,99,9,9,6,6,3,35,6,1997,2,2,PEUGEOT BOXER,6,E01001195,0,-1
2020990969282,2020,990969282,1,19,4,16,19,4,8,0,0,0,0,0,0,0,0,1,2,2,1,24,5,1997,2,2,PEUGEOT BOXER,6,-1,0,-1
2020302001126,2020,302001126,1,19,0,9,9,3,1,0,0,6,0,0,0,0,3,1,1,1,1,33,6,1997,2,3,PEUGEOT BOXER,8,E01027944,0,-1
2020440350469,2020,440350469,1,10,0,18,19,4,8,0,0,2,0,0,0,0,1,1,1,1,1,55,8,-1,-1,-1,-1,10,E01022595,0,-1
2020010233677,2020,010233677,2,19,0,99,99,9,9,99,99,9,9,99,9,99,9,9,6,6,3,-1,-1,1997,2,2,PEUGEOT BOXER,-1,-1,0,-1
2020460926927,2020,460926927,1,19,0,18,19,5,1,0,0,1,0,0,0,0,4,1,2,2,1,36,7,1997,2,2,PEUGEOT BOXER,4,E01031546,0,-1
2020500991863,2020,500991863,1,19,0,1,1,7,3,0,0,0,0,0,0,0,2,1,1,1,1,32,6,1997,2,2,PEUGEOT BOXER,5,E01015179,0,-1
2020010262781,2020,010262781,1,19,4,9,9,3,8,0,0,2,0,0,0,0,4,1,2,2,1,36,7,1997,2,2,PEUGEOT BOXER,9,E01003648,0,-1
2020100941198,2020,100941198,1,19,0,18,19,7,3,0,0,1,0,0,0,0,1,1,6,6,1,49,8,2198,2,5,PEUGEOT BOXER,3,E01008350,0,-1
2020040986037,2020,040986037,1,98,0,12,12,7,3,0,0,0,0,0,4,0,3,2,1,1,1,58,9,1997,2,1,PEUGEOT BOXER,2,E01025060,0,-1
202031A131520,2020,31A131520,4,19,0,3,3,2,6,0,0,0,0,0,0,0,2,1,6,6,1,75,10,2198,2,4,PEUGEOT BOXER,3,E01028258,0,-1
2020522000821,2020,522000821,2,19,0,3,3,4,8,0,0,7,0,0,0,0,2,1,6,6,1,36,7,1997,2,1,PEUGEOT BOXER,6,E01014914,0,-1
2020100973022,2020,100973022,1,20,0,18,19,7,3,0,0,0,0,10,7,0,1,1,2,2,1,65,9,-1,-1,-1,-1,6,E01027484,0,-1
2020010246691,2020,010246691,1,19,0,18,19,5,1,0,0,1,0,0,0,0,4,1,6,6,1,40,7,-1,-1,-1,PEUGEOT BOXER,3,E01003728,0,-1
2020350941684,2020,350941684,2,19,0,17,19,7,4,0,0,0,0,4,7,9,1,1,1,1,1,70,10,1997,2,13,PEUGEOT BOXER,8,E01017426,0,-1
2020320547622,2020,320547622,1,19,0,14,14,3,7,0,0,0,1,0,1,9,1,1,2,2,1,46,8,2198,2,13,PEUGEOT BOXER,2,E01026177,0,-1
2020320607086,2020,320607086,1,19,0,18,19,2,6,0,0,0,0,0,0,0,0,1,1,1,1,55,8,-1,-1,-1,PEUGEOT BOXER,6,E01026147,0,-1
2020010261304,2020,010261304,1,19,0,4,4,4,8,0,0,1,0,0,0,0,4,1,1,1,1,33,6,1997,2,3,PEUGEOT BOXER,6,E01001275,0,-1
2020010247769,2020,010247769,1,19,0,99,99,9,9,0,0,8,0,0,0,0,9,9,6,6,1,27,6,1997,2,1,PEUGEOT BOXER,7,E01023736,0,-1
2020400958420,2020,400958420,2,19,0,9,9,8,5,0,0,1,0,0,0,0,1,1,6,6,3,-1,-1,2198,2,13,PEUGEOT BOXER,-1,-1,0,-1
2020440295033,2020,440295033,2,19,0,18,19,3,7,0,0,1,0,0,0,0,1,1,1,1,2,36,7,-1,-1,-1,PEUGEOT BOXER,7,E01022858,0,-1
2020160924335,2020,160924335,2,19,0,18,19,3,7,0,0,0,0,0,0,0,1,1,6,6,1,24,5,2200,2,1,PEUGEOT BOXER,4,E01013239,0,-1
2020010284769,2020,010284769,2,19,0,99,99,9,9,99,99,0,9,99,9,99,2,9,6,6,3,-1,-1,2200,2,0,PEUGEOT BOXER,4,E01003074,0,-1