collision_index,collision_year,collision_ref_no,vehicle_reference,vehicle_type,towing_and_articulation,vehicle_manoeuvre_historic,vehicle_manoeuvre,vehicle_direction_from,vehicle_direction_to,vehicle_location_restricted_lane_historic,vehicle_location_restricted_lane,junction_location,skidding_and_overturning,hit_object_in_carriageway,vehicle_leaving_carriageway,hit_object_off_carriageway,first_point_of_impact,vehicle_left_hand_drive,journey_purpose_of_driver_historic,journey_purpose_of_driver,sex_of_driver,age_of_driver,age_band_of_driver,engine_capacity_cc,propulsion_code,age_of_vehicle,generic_make_model,driver_imd_decile,lsoa_of_driver,escooter_flag,driver_distance_banding
2020430417738,2020,430417738,2,19,0,2,2,0,0,0,0,1,0,4,0,0,1,1,1,1,1,24,5,1997,2,2,PEUGEOT BOXER,9,E01028783,0,-1
2020420975479,2020,420975479,1,19,0,9,9,7,5,0,0,4,0,0,0,0,1,1,1,1,1,32,6,1997,2,4,PEUGEOT BOXER,-1,-1,0,-1
2020122100146,2020,122100146,1,19,0,18,19,5,1,0,0,0,0,12,0,0,4,1,1,1,1,37,7,1997,2,1,PEUGEOT BOXER,5,E01011263,0,-1
2020430059901,2020,430059901,1,19,0,9,9,7,5,0,0,6,0,0,0,0,1,1,2,2,1,46,8,2200,2,1,PEUGEOT BOXER,2,E01002604,0,-1
2020470942840,2020,470942840,1,19,0,9,9,8,5,0,0,1,0,0,0,0,1,1,1,1,1,23,5,1997,2,1,PEUGEOT BOXER,8,E01017145,0,-1
2020010276631,2020,010276631,2,19,0,9,9,3,1,0,0,1,0,0,0,0,1,1,1,1,1,42,7,1997,2,1,PEUGEOT BOXER,3,E01015843,0,-1
2020201000178,2020,201000178,2,19,0,16,19,6,2,0,0,0,0,0,0,0,3,1,2,2,1,59,9,1997,2,1,PEUGEOT BOXER,-1,-1,0,-1
2020200924300,2020,200924300,1,98,0,9,9,2,8,0,0,6,0,0,0,0,3,1,2,2,1,53,8,1997,2,2,PEUGEOT BOXER,2,E01009751,0,-1
2020040950786,2020,040950786,2,98,0,18,19,5,1,0,0,1,0,0,0,0,3,1,2,2,1,38,7,1997,2,2,PEUGEOT BOXER,10,E01019368,0,-1
2020370980084,2020,370980084,1,19,0,18,19,5,1,0,0,1,0,0,0,0,1,1,1,1,1,31,6,2198,2,5,PEUGEOT BOXER,3,E01029968,0,-1
2020010252102,2020,010252102,2,90,0,9,9,4,1,0,0,2,0,0,0,0,3,1,1,1,1,45,7,1997,2,3,PEUGEOT BOXER,8,E01030313,0,-1
2020010254048,2020,010254048,1,19,0,10,10,1,6,0,0,8,0,0,0,0,1,1,6,6,1,47,8,1997,2,15,PEUGEOT BOXER,-1,-1,0,-1
2020201004704,2020,201004704,1,19,0,18,19,5,1,0,0,0,0,0,0,0,3,1,1,1,1,26,6,1997,2,2,PEUGEOT BOXER,1,E01011101,0,-1
2020350977843,2020,350977843,1,98,0,18,19,4,7,0,0,0,0,0,0,0,3,1,6,6,1,37,7,1997,2,2,PEUGEOT BOXER,5,E01021298,0,-1
2020320411992,2020,320411992,2,19,0,18,19,7,3,0,0,8,0,0,0,0,1,1,6,6,1,74,10,-1,-1,-1,PEUGEOT BOXER,4,W01000749,0,-1
202031D009920,2020,31D009920,1,19,0,18,19,4,2,0,0,6,0,0,0,0,3,1,1,1,1,43,7,2198,2,6,PEUGEOT BOXER,3,E01026317,0,-1
2020010244273,2020,010244273,3,19,0,2,2,0,0,0,0,2,0,4,0,0,1,1,6,6,3,-1,-1,1997,2,1,PEUGEOT BOXER,-1,-1,0,-1
2020500996106,2020,500996106,2,19,0,18,19,5,1,0,0,0,0,0,0,0,3,1,1,1,2,35,6,2198,2,5,PEUGEOT BOXER,4,E01018968,0,-1
2020430079608,2020,430079608,1,19,0,18,19,7,3,0,0,0,0,0,0,0,2,1,1,1,1,20,4,2198,2,5,PEUGEOT BOXER,8,E01031954,0,-1
2020500979143,2020,500979143,1,90,0,18,19,2,6,0,0,0,0,0,1,0,1,1,5,6,1,56,9,1997,2,3,PEUGEOT BOXER,10,E01020210,0,-1
2020010235068,2020,010235068,1,19,0,7,7,3,5,0,0,5,0,0,0,0,1,1,6,6,3,-1,-1,1997,2,2,PEUGEOT BOXER,-1,-1,0,-1
2020470989828,2020,470989828,1,19,0,7,7,4,2,0,0,1,0,0,0,0,4,1,1,1,1,54,8,2198,2,4,PEUGEOT BOXER,9,E01021072,0,-1
2020421014133,2020,421014133,1,19,0,18,19,3,7,0,0,4,0,0,0,0,1,1,6,6,1,24,5,2198,2,4,PEUGEOT BOXER,2,E01015839,0,-1
2020430024945,2020,430024945,2,21,0,2,2,0,0,0,0,0,0,0,0,0,2,1,6,6,3,-1,-1,1997,2,3,-1,-1,-1,0,-1
2020360943759,2020,360943759,2,19,0,4,4,5,2,0,0,0,0,0,0,0,2,1,1,1,1,35,6,2200,2,0,PEUGEOT BOXER,8,E01026881,0,-1
2020500938022,2020,500938022,2,19,0,5,5,6,2,0,0,6,0,0,1,0,1,1,1,1,1,28,6,1997,2,2,PEUGEOT BOXER,6,E01020031,0,-1
2020350998601,2020,350998601,1,98,0,2,2,0,0,6,6,0,0,0,0,0,0,1,1,1,1,70,10,2198,2,5,PEUGEOT BOXER,3,E01021669,0,-1
2020500962870,2020,500962870,1,19,0,1,1,3,7,9,9,0,0,0,0,0,2,1,1,1,1,29,6,2198,2,4,PEUGEOT BOXER,2,E01019074,0,-1
2020200943466,2020,200943466,1,90,0,5,5,3,7,0,0,0,0,0,0,0,1,1,1,1,1,24,5,1997,2,2,PEUGEOT BOXER,10,E01009784,0,-1
2020010273434,2020,010273434,4,10,0,5,5,7,3,0,0,0,0,0,0,0,3,1,1,1,1,41,7,2198,2,6,-1,-1,-1,0,-1
2020420987687,2020,420987687,1,19,0,18,19,7,3,0,0,0,0,0,1,0,1,1,1,1,1,26,6,2198,2,5,PEUGEOT BOXER,6,E01027236,0,-1
2020231010764,2020,231010764,2,19,0,2,2,0,0,6,6,0,0,0,0,0,2,1,1,1,1,48,8,2200,2,0,PEUGEOT BOXER,10,E01031110,0,-1
2020110973481,2020,110973481,2,19,0,18,19,5,1,0,0,0,0,0,0,0,1,1,1,1,1,23,5,2198,2,5,PEUGEOT BOXER,8,E01012009,0,-1
2020010261615,2020,010261615,1,90,0,18,19,3,7,0,0,1,0,0,0,0,3,1,1,1,1,27,6,2198,2,6,PEUGEOT BOXER,1,E01004241,0,-1
2020140971998,2020,140971998,1,19,0,18,19,1,5,0,0,1,0,0,0,0,1,1,6,6,1,37,7,1997,2,14,PEUGEOT BOXER,1,E01007549,0,-1
2020010282546,2020,010282546,2,19,0,1,1,5,1,0,0,1,0,0,0,0,2,1,6,6,1,35,6,1997,2,3,PEUGEOT BOXER,2,E01004574,0,-1
2020320643742,2020,320643742,1,19,0,9,9,6,4,0,0,8,0,0,0,0,1,1,1,1,1,33,6,1997,2,2,PEUGEOT BOXER,8,E01025791,0,-1
2020010281135,2020,010281135,2,19,0,99,99,9,9,0,0,1,0,0,0,0,4,9,6,6,3,52,8,2200,2,1,PEUGEOT BOXER,6,E01002218,0,-1
2020531004466,2020,531004466,1,98,0,16,19,5,1,0,0,0,0,0,4,0,1,1,1,1,1,30,6,1997,2,2,PEUGEOT BOXER,5,E01014642,0,-1
2020010269839,2020,010269839,2,98,0,99,99,9,9,0,0,0,0,0,0,0,1,1,6,6,3,-1,-1,1997,2,2,PEUGEOT BOXER,3,E01004034,0,-1
2020320579661,2020,320579661,1,3,0,17,19,7,3,0,0,0,1,0,0,0,1,1,6,6,1,32,6,124,1,3,QINGQI QM 125,-1,-1,0,-1
2020320039726,2020,320039726,1,3,0,18,19,1,5,0,0,8,0,0,1,0,3,1,1,1,1,25,5,124,1,3,QINGQI QM 125,4,E01026250,0,-1
2020220943727,2020,220943727,1,3,0,13,13,1,5,0,0,2,1,10,1,0,4,1,5,6,1,24,5,124,1,5,QINGQI QM 125,8,E01032320,0,-1
2020110948354,2020,110948354,1,3,0,16,19,1,5,0,0,1,5,0,0,0,3,1,6,6,1,25,5,124,1,3,QINGQI QM 125,1,E01012304,0,-1
2020010240068,2020,010240068,2,3,0,18,19,1,5,0,0,1,1,0,0,0,4,1,6,6,1,18,4,124,1,10,QINGQI QM 125,5,E01000398,0,-1
202006M176140,2020,06M176140,1,5,0,13,13,4,8,0,0,8,1,0,0,0,1,1,6,6,1,27,6,124,1,4,-1,9,E01006080,0,-1
2020340N04112,2020,340N04112,1,3,0,18,19,7,3,0,0,8,0,0,0,0,1,1,6,6,1,26,6,124,1,8,QINGQI QM 125,4,E01032980,0,-1
2020070487229,2020,070487229,2,3,0,18,19,4,8,0,0,2,0,0,0,0,4,1,6,6,1,20,4,124,1,4,QINGQI QM 125,4,E01018637,0,-1
2020470943595,2020,470943595,2,3,0,18,19,3,7,0,0,1,0,0,0,0,1,1,6,6,1,21,5,124,1,3,QINGQI QM 125,5,E01031807,0,-1
2020122001040,2020,122001040,1,3,0,13,13,1,5,0,0,0,1,0,0,0,4,1,6,6,1,20,4,124,1,5,QINGQI QM 125,2,E01027827,0,-1
202031D037120,2020,31D037120,1,3,0,9,9,8,6,0,0,6,0,0,0,0,3,1,6,6,1,20,4,124,1,7,QINGQI QM 125,10,E01028403,0,-1
2020010269588,2020,010269588,1,3,0,18,19,8,4,9,9,1,0,0,1,0,2,1,6,6,1,18,4,124,1,2,QINGQI QM 125,6,E01000330,0,-1
2020122000486,2020,122000486,1,3,0,17,19,3,7,0,0,0,0,0,1,4,1,1,6,6,1,25,5,124,1,3,QINGQI QM 125,1,E01012304,0,-1
2020302000513,2020,302000513,1,4,0,17,19,2,8,0,0,1,0,0,0,0,0,1,6,6,1,40,7,249,1,18,-1,4,E01013494,0,-1
2020500950623,2020,500950623,1,4,0,16,19,2,7,0,0,0,1,0,0,0,3,1,5,6,1,35,6,171,1,16,-1,1,E01015030,0,-1
2020500962890,2020,500962890,1,4,0,18,19,1,5,0,0,8,0,0,0,0,1,1,5,6,1,16,4,171,1,16,-1,3,E01015238,0,-1
2020360947863,2020,360947863,3,9,0,9,9,6,4,0,0,1,0,0,0,0,2,1,5,6,1,51,8,2994,1,42,-1,4,E01026609,0,-1
2020370949806,2020,370949806,2,17,4,18,19,8,4,0,0,0,0,0,0,0,3,1,1,1,1,36,7,4400,2,16,-1,4,E01030208,0,-1
2020421000502,2020,421000502,2,19,0,4,4,5,1,0,0,1,0,0,0,0,3,1,5,6,1,76,11,1699,2,27,-1,4,E01000031,0,-1
2020211030918,2020,211030918,1,10,-1,-1,-1,-1,-1,-1,-1,-1,-1,-1,-1,0,-1,1,1,1,1,60,9,-1,-1,-1,-1,9,E01029402,0,-1
2020350995119,2020,350995119,1,19,0,7,7,2,6,0,0,1,0,0,0,0,4,1,5,6,1,23,5,1968,2,8,VOLKSWAGEN TRANSPORTER,6,E01018076,0,-1
202006Q167937,2020,06Q167937,1,19,0,9,9,6,5,0,0,8,0,0,0,0,0,1,6,6,3,-1,-1,1896,2,11,VOLKSWAGEN TRANSPORTER,-1,-1,0,-1
2020040965184,2020,040965184,1,98,0,4,4,2,6,0,0,0,0,0,0,0,4,1,2,2,2,58,9,1896,2,13,-1,3,E01024996,0,-1
2020010264085,2020,010264085,1,19,0,18,19,3,7,0,0,8,0,0,0,0,0,1,1,1,1,27,6,1968,2,2,VOLKSWAGEN TRANSPORTER,2,E01003059,0,-1
2020010279730,2020,010279730,1,19,0,9,9,3,1,0,0,1,0,0,0,0,1,1,6,6,1,25,5,1968,2,0,VOLKSWAGEN TRANSPORTER,4,E01004150,0,-1
2020320420687,2020,320420687,1,19,0,18,19,1,5,0,0,6,0,0,0,0,1,1,1,1,1,32,6,1968,2,4,VOLKSWAGEN TRANSPORTER,6,E01026329,0,-1
2020990934781,2020,990934781,1,19,0,18,19,1,5,0,0,1,5,0,3,6,1,1,6,6,1,27,6,1968,2,6,VOLKSWAGEN TRANSPORTER,1,W01000570,0,-1
2020410939610,2020,410939610,1,19,0,5,5,4,8,8,6,0,0,0,0,0,3,1,5,6,1,47,8,1968,2,3,VOLKSWAGEN TRANSPORTER,10,E01023363,0,-1
2020110949285,2020,110949285,2,19,0,10,10,5,1,0,0,0,0,0,0,0,2,1,1,1,1,33,6,1968,2,4,VOLKSWAGEN TRANSPORTER,2,E01020797,0,-1
2020450975790,2020,450975790,2,19,0,3,3,5,1,0,0,0,0,0,0,0,2,1,2,2,1,46,8,1968,2,9,VOLKSWAGEN TRANSPORTER,8,E01004143,0,-1
2020010246899,2020,010246899,2,19,0,18,19,7,3,0,0,1,0,0,0,0,3,1,2,2,1,57,9,1968,2,2,VOLKSWAGEN TRANSPORTER,-1,-1,0,-1
2020460947393,2020,460947393,2,19,0,18,19,2,6,0,0,0,0,0,0,0,4,1,6,6,1,-1,-1,1968,2,1,VOLKSWAGEN TRANSPORTER,6,E01002380,0,-1
2020500940481,2020,500940481,1,19,0,6,6,1,5,0,0,8,0,0,0,0,3,1,5,6,1,34,6,1896,2,14,VOLKSWAGEN TRANSPORTER,2,E01019990,0,-1
2020041017516,2020,041017516,1,19,0,18,19,1,5,0,0,0,0,0,1,7,1,1,5,6,1,32,6,1968,2,0,VOLKSWAGEN TRANSPORTER,2,E01025173,0,-1
2020552000229,2020,552000229,1,19,0,18,19,8,4,0,0,1,0,0,0,0,1,1,6,6,1,61,9,1968,2,8,VOLKSWAGEN TRANSPORTER,-1,-1,0,-1
2020010237057,2020,010237057,3,19,0,4,4,7,3,0,0,0,0,0,0,0,2,1,6,6,1,61,9,1968,2,7,VOLKSWAGEN TRANSPORTER,-1,-1,0,-1
2020361000193,2020,361000193,1,19,0,9,9,5,3,0,0,1,0,0,0,0,4,1,1,1,1,51,8,1968,2,1,VOLKSWAGEN TRANSPORTER,6,E01030041,0,-1
2020430318814,2020,430318814,2,19,0,4,4,8,4,0,0,2,0,0,0,0,2,1,1,1,1,59,9,1968,2,0,VOLKSWAGEN TRANSPORTER,-1,-1,0,-1
2020010268129,2020,010268129,1,19,0,9,9,5,3,0,0,6,0,0,0,0,1,1,2,2,1,48,8,1968,2,3,VOLKSWAGEN TRANSPORTER,7,E01000493,0,-1
2020470920661,2020,470920661,1,19,0,13,13,3,5,0,0,0,0,0,0,0,0,1,6,6,1,37,7,1968,2,3,VOLKSWAGEN TRANSPORTER,8,E01031642,0,-1
2020622000151,2020,622000151,2,19,0,18,19,8,4,0,0,0,0,0,0,0,2,1,6,6,1,50,8,1968,2,4,VOLKSWAGEN TRANSPORTER,4,W01000605,0,-1
2020010262633,2020,010262633,2,19,0,99,99,9,9,99,99,9,9,99,9,99,1,9,6,6,1,72,10,1968,2,6,VOLKSWAGEN TRANSPORTER,6,E01023804,0,-1
2020440243964,2020,440243964,2,19,0,13,13,3,7,0,0,8,0,0,0,0,4,1,6,6,1,40,7,1968,2,5,VOLKSWAGEN TRANSPORTER,5,E01017101,0,-1
2020010263125,2020,010263125,2,19,0,99,99,9,9,99,99,0,9,99,9,99,1,9,6,6,3,-1,-1,1968,2,6,VOLKSWAGEN TRANSPORTER,-1,-1,0,-1
2020030962748,2020,030962748,1,19,0,18,19,3,7,0,0,0,0,0,0,0,4,1,6,6,1,-1,-1,1968,2,3,VOLKSWAGEN TRANSPORTER,-1,-1,0,-1
2020500962176,2020,500962176,2,19,0,18,19,5,1,0,0,0,0,0,0,0,1,1,2,2,2,20,4,1968,2,10,VOLKSWAGEN TRANSPORTER,5,E01019901,0,-1
2020010247160,2020,010247160,2,19,0,9,9,1,7,0,0,1,0,0,0,0,3,1,6,6,1,28,6,1984,1,1,VOLKSWAGEN TRANSPORTER,7,E01000457,0,-1
2020340W03872,2020,340W03872,1,19,0,18,19,1,5,0,0,0,1,0,1,6,0,1,6,6,1,35,6,1968,2,2,VOLKSWAGEN TRANSPORTER,4,E01029502,0,-1
2020010255468,2020,010255468,1,9,0,18,19,3,7,0,0,1,0,0,0,0,2,1,1,1,1,48,8,1968,2,1,VOLKSWAGEN TRANSPORTER,7,E01033093,0,-1
2020122100032,2020,122100032,1,19,0,16,19,4,8,0,0,0,1,0,4,6,1,1,2,2,1,29,6,1968,2,3,VOLKSWAGEN TRANSPORTER,6,E01027842,0,-1
2020230932498,2020,230932498,2,19,0,3,3,2,6,0,0,0,0,0,0,0,2,1,5,6,1,34,6,1968,2,3,VOLKSWAGEN TRANSPORTER,4,E01015494,0,-1
2020622000478,2020,622000478,2,19,0,18,19,6,2,0,0,0,0,0,0,0,3,1,6,6,1,38,7,1896,2,14,VOLKSWAGEN TRANSPORTER,3,W01001010,0,-1
2020470983376,2020,470983376,2,9,0,3,3,8,4,0,0,0,0,0,0,0,2,1,6,6,2,53,8,1968,2,3,VOLKSWAGEN TRANSPORTER,9,E01031751,0,-1
2020220950888,2020,220950888,1,19,0,18,19,1,6,0,0,0,0,0,0,0,1,1,2,2,1,29,6,1968,2,4,VOLKSWAGEN TRANSPORTER,7,W01000449,0,-1
2020622000761,2020,622000761,2,19,0,4,4,7,3,0,0,0,0,0,0,0,2,1,1,1,1,56,9,2460,2,14,VOLKSWAGEN TRANSPORTER,6,W01000779,0,-1
202063A025920,2020,63A025920,2,19,0,2,2,0,0,0,0,1,0,0,0,0,1,1,1,1,1,41,7,-1,-1,-1,VOLKSWAGEN TRANSPORTER,9,W01000969,0,-1
2020010252380,2020,010252380,1,19,0,18,19,5,1,0,0,2,0,0,0,0,4,1,2,2,1,49,8,1968,2,5,VOLKSWAGEN TRANSPORTER,3,E01001282,0,-1
2020622000948,2020,622000948,1,19,0,7,7,3,7,0,0,1,0,4,0,0,1,1,6,6,1,71,10,1896,2,24,VOLKSWAGEN TRANSPORTER,10,W01001340,0,-1
2020530993286,2020,530993286,1,19,0,9,9,4,1,0,0,1,0,0,0,0,3,1,2,2,1,54,8,1968,2,4,VOLKSWAGEN TRANSPORTER,1,E01022147,0,-1
2020010232764,2020,010232764,1,19,9,99,99,9,9,99,99,9,9,99,9,99,2,9,6,6,3,-1,-1,1968,2,2,VOLKSWAGEN TRANSPORTER,-1,-1,0,-1
2020370999253,2020,370999253,2,19,0,9,9,1,7,0,0,8,0,0,0,0,1,1,1,1,1,47,8,1896,2,13,VOLKSWAGEN TRANSPORTER,5,E01030076,0,-1
2020010282049,2020,010282049,1,19,0,18,19,7,3,0,0,8,0,0,0,0,4,1,2,2,1,46,8,1968,2,3,VOLKSWAGEN TRANSPORTER,8,E01000655,0,-1
2020160982514,2020,160982514,2,19,0,4,4,6,2,0,0,0,0,0,0,0,2,1,6,6,2,38,7,1968,2,3,VOLKSWAGEN TRANSPORTER,5,E01013274,0,-1
2020040949153,2020,040949153,2,9,0,2,2,7,3,0,0,0,0,0,0,0,3,1,5,6,1,38,7,1968,2,1,VOLKSWAGEN TRANSPORTER,1,E01025283,0,-1
2020010268709,2020,010268709,2,19,0,99,99,9,9,99,99,9,9,99,9,99,9,9,6,6,3,30,6,1968,2,9,VOLKSWAGEN TRANSPORTER,2,E01000033,0,-1
202006A375160,2020,06A375160,1,19,0,6,6,5,5,2,2,0,0,0,0,0,1,1,6,6,1,52,8,-1,-1,-1,VOLKSWAGEN TRANSPORTER,10,E01007915,0,-1
2020500940112,2020,500940112,2,19,0,9,9,1,5,0,0,8,0,0,0,0,3,1,1,1,1,48,8,1968,2,3,VOLKSWAGEN TRANSPORTER,4,E01020055,0,-1
2020230974490,2020,230974490,3,9,0,18,19,8,4,0,0,0,0,0,0,0,1,1,5,6,1,57,9,1968,2,5,VOLKSWAGEN TRANSPORTER,1,E01010054,0,-1
2020520004903,2020,520004903,1,9,0,2,2,0,0,0,0,0,0,0,0,0,2,1,6,6,1,57,9,1968,2,9,VOLKSWAGEN TRANSPORTER,5,E01029301,0,-1
2020010232093,2020,010232093,2,19,9,99,99,9,9,99,99,0,9,99,9,99,9,9,6,6,1,-1,-1,1968,2,5,VOLKSWAGEN TRANSPORTER,-1,-1,0,-1
2020622001019,2020,622001019,1,19,0,16,19,6,2,0,0,1,0,0,0,0,4,2,6,6,1,35,6,2370,2,26,VOLKSWAGEN TRANSPORTER,9,W01000983,0,-1
2020411017722,2020,411017722,1,19,0,9,9,8,6,0,0,2,0,0,0,0,1,1,1,1,3,-1,-1,1968,2,1,VOLKSWAGEN TRANSPORTER,4,E01002098,0,-1
2020622000799,2020,622000799,1,8,0,5,5,5,2,0,0,1,0,0,1,1,3,1,6,6,2,48,8,1968,2,3,-1,10,W01001084,0,-1
2020500957858,2020,500957858,2,19,0,3,3,1,1,0,0,0,0,0,0,0,2,1,2,2,1,32,6,1968,2,2,VOLKSWAGEN TRANSPORTER,6,E01018752,0,-1
2020122000690,2020,122000690,1,19,0,4,4,1,5,0,0,0,0,0,0,0,2,1,2,2,1,21,5,1968,2,3,VOLKSWAGEN TRANSPORTER,1,E01005258,0,-1
2020070496452,2020,070496452,2,19,0,18,19,5,1,0,0,0,0,0,0,0,2,1,1,1,1,49,8,1968,2,4,VOLKSWAGEN TRANSPORTER,7,E01019832,0,-1
2020461002568,2020,461002568,2,19,0,18,19,5,1,0,0,0,1,0,1,0,2,1,6,6,1,46,8,1968,2,7,VOLKSWAGEN TRANSPORTER,8,E01024839,0,-1
2020470941955,2020,470941955,2,9,0,17,19,4,1,0,0,8,0,0,1,1,1,1,1,1,2,23,5,1968,2,4,VOLKSWAGEN TRANSPORTER,6,E01031468,0,-1
2020010238257,2020,010238257,2,9,0,99,99,9,9,99,99,9,9,99,9,99,9,9,6,6,3,-1,-1,1968,2,1,VOLKSWAGEN TRANSPORTER,-1,-1,0,-1
2020440427592,2020,440427592,2,19,0,13,13,4,8,0,0,2,0,0,0,0,4,1,6,6,3,-1,-1,1968,2,3,VOLKSWAGEN TRANSPORTER,-1,-1,0,-1
2020010270911,2020,010270911,3,19,0,5,5,1,5,0,0,0,0,0,0,0,2,1,1,1,1,51,8,1968,2,2,VOLKSWAGEN TRANSPORTER,3,E01000094,0,-1
2020450994490,2020,450994490,2,19,0,18,19,1,5,0,0,0,0,0,0,0,2,1,2,2,1,38,7,1968,2,2,VOLKSWAGEN TRANSPORTER,10,E01030796,0,-1
2020450951518,2020,450951518,1,19,0,16,19,2,6,0,0,8,0,0,0,0,4,1,1,1,2,58,9,1968,2,8,VOLKSWAGEN TRANSPORTER,8,E01030977,0,-1
2020552000263,2020,552000263,1,19,0,17,19,6,3,0,0,0,2,10,0,0,1,1,1,1,2,73,10,1896,2,13,VOLKSWAGEN TRANSPORTER,4,E01020578,0,-1
2020501002954,2020,501002954,2,19,0,3,3,1,5,0,0,0,0,0,0,0,3,1,6,6,1,48,8,1968,2,0,VOLKSWAGEN TRANSPORTER,4,E01018892,0,-1
2020010234079,2020,010234079,1,8,0,99,99,9,9,99,99,9,9,99,9,99,2,9,6,6,1,49,8,1968,2,2,-1,2,E01002049,0,-1
2020010246134,2020,010246134,1,19,0,18,19,1,5,0,0,0,0,0,0,0,3,1,1,1,1,38,7,1968,2,5,VOLKSWAGEN TRANSPORTER,-1,-1,0,-1
2020010241560,2020,010241560,2,8,0,18,19,3,7,0,0,1,1,0,0,0,1,1,1,1,1,60,9,1968,2,3,-1,2,E01000098,0,-1
2020332000030,2020,332000030,1,19,0,5,5,6,2,0,0,6,0,0,0,0,3,1,6,6,1,52,8,1896,2,12,VOLKSWAGEN TRANSPORTER,10,E01033103,0,-1
2020010279767,2020,010279767,1,19,0,13,13,1,5,0,0,1,0,0,0,0,2,1,1,1,1,41,7,1968,2,3,VOLKSWAGEN TRANSPORTER,6,E01023409,0,-1
2020010270406,2020,010270406,2,19,0,99,99,9,9,99,99,9,9,99,9,99,9,9,6,6,3,-1,-1,1968,2,6,VOLKSWAGEN TRANSPORTER,-1,-1,0,-1
202031A157920,2020,31A157920,1,19,0,18,19,5,1,0,0,2,0,0,0,0,4,1,6,6,1,66,10,1968,2,7,VOLKSWAGEN TRANSPORTER,7,E01028277,0,-1
2020500947742,2020,500947742,1,19,0,18,19,1,5,0,0,0,0,0,0,0,1,1,6,6,1,47,8,1968,2,8,VOLKSWAGEN TRANSPORTER,7,E01020075,0,-1
202063D047520,2020,63D047520,2,9,0,17,19,2,7,0,0,0,1,0,0,0,3,1,6,6,2,37,7,1968,2,5,VOLKSWAGEN TRANSPORTER,7,W01001907,0,-1
2020137B41018,2020,137B41018,1,19,0,9,9,2,7,0,0,5,0,0,0,0,1,1,1,1,1,46,8,1968,2,9,VOLKSWAGEN TRANSPORTER,1,E01011360,0,-1
2020140943190,2020,140943190,1,19,0,9,9,6,4,0,0,1,0,0,0,0,3,1,6,6,1,-1,-1,1968,2,6,VOLKSWAGEN TRANSPORTER,5,E01007823,0,-1
2020010236565,2020,010236565,1,19,0,18,19,7,3,0,0,0,0,0,0,0,2,1,2,2,1,48,8,1968,2,3,VOLKSWAGEN TRANSPORTER,8,E01002294,0,-1
2020470917468,2020,470917468,1,19,0,18,19,8,4,0,0,1,0,0,0,0,1,1,2,2,1,55,8,1968,2,5,VOLKSWAGEN TRANSPORTER,-1,-1,0,-1
2020010272292,2020,010272292,1,19,0,18,19,7,3,0,0,8,0,0,0,0,1,1,6,6,1,41,7,1896,2,13,VOLKSWAGEN TRANSPORTER,3,E01000305,0,-1
2020030937290,2020,030937290,2,19,0,7,7,-1,-1,-1,-1,1,0,0,0,0,2,1,1,1,1,40,7,1968,2,2,VOLKSWAGEN TRANSPORTER,4,E01019098,0,-1
2020500969143,2020,500969143,1,19,0,18,19,1,5,0,0,0,0,0,0,0,1,1,6,6,3,-1,-1,2500,1,31,VOLKSWAGEN TRANSPORTER,-1,-1,0,-1
2020010251829,2020,010251829,1,19,0,18,19,3,7,0,0,0,0,0,0,0,9,1,6,6,2,39,7,1968,2,1,VOLKSWAGEN TRANSPORTER,8,E01003807,0,-1
2020470971184,2020,470971184,2,19,0,18,19,4,8,0,0,0,0,0,0,0,1,1,2,2,1,37,7,1968,2,6,VOLKSWAGEN TRANSPORTER,6,E01031513,0,-1
2020122000676,2020,122000676,2,19,0,4,4,3,7,0,0,1,0,0,0,0,0,1,6,6,1,37,7,1896,2,11,VOLKSWAGEN TRANSPORTER,8,E01027750,0,-1
2020610023920,2020,610023920,2,19,0,2,2,0,0,0,0,0,0,0,0,0,2,1,6,6,1,55,8,1968,2,6,VOLKSWAGEN TRANSPORTER,3,W01001336,0,-1
2020500952525,2020,500952525,2,9,0,9,9,5,1,0,0,6,0,0,0,0,1,1,5,6,1,35,6,1968,2,1,VOLKSWAGEN TRANSPORTER,5,E01018945,0,-1
2020160955028,2020,160955028,1,19,0,2,2,0,0,0,0,0,0,0,0,0,2,1,5,6,2,47,8,1896,2,17,VOLKSWAGEN TRANSPORTER,-1,-1,0,-1
2020210985648,2020,210985648,1,19,4,18,19,5,1,0,0,0,0,0,0,0,1,1,1,1,1,29,6,1968,2,2,VOLKSWAGEN TRANSPORTER,1,E01012704,0,-1
2020470958989,2020,470958989,1,19,0,4,4,3,7,0,0,0,0,0,0,0,0,1,6,6,1,36,7,1968,2,2,VOLKSWAGEN TRANSPORTER,3,E01016858,0,-1
2020622000761,2020,622000761,1,19,0,18,19,7,3,0,0,0,0,0,0,0,1,1,6,6,1,43,7,1896,2,16,VOLKSWAGEN TRANSPORTER,10,W01000880,0,-1
2020041020055,2020,041020055,1,9,0,17,19,7,3,0,0,4,0,0,0,0,1,1,5,6,1,18,4,2460,2,13,VOLKSWAGEN TRANSPORTER,3,E01024880,0,-1
2020990970111,2020,990970111,1,9,0,18,19,5,1,0,0,0,2,0,1,11,1,1,5,6,1,30,6,2500,2,18,VOLKSWAGEN TRANSPORTER,1,E01010654,0,-1