collision_index,collision_year,collision_ref_no,vehicle_reference,vehicle_type,towing_and_articulation,vehicle_manoeuvre_historic,vehicle_manoeuvre,vehicle_direction_from,vehicle_direction_to,vehicle_location_restricted_lane_historic,vehicle_location_restricted_lane,junction_location,skidding_and_overturning,hit_object_in_carriageway,vehicle_leaving_carriageway,hit_object_off_carriageway,first_point_of_impact,vehicle_left_hand_drive,journey_purpose_of_driver_historic,journey_purpose_of_driver,sex_of_driver,age_of_driver,age_band_of_driver,engine_capacity_cc,propulsion_code,age_of_vehicle,generic_make_model,driver_imd_decile,lsoa_of_driver,escooter_flag,driver_distance_banding
2020200944123,2020,200944123,2,19,0,9,9,1,5,0,0,0,0,0,7,0,3,1,2,2,1,38,7,1968,2,3,VOLKSWAGEN TRANSPORTER,7,E01010024,0,-1
2020471009434,2020,471009434,1,19,0,7,7,3,5,0,0,5,0,0,0,0,4,1,6,6,1,36,7,1968,2,3,VOLKSWAGEN TRANSPORTER,7,E01031462,0,-1
2020430026865,2020,430026865,2,19,0,18,19,3,7,0,0,0,0,0,1,0,3,1,2,2,1,37,7,1896,2,11,VOLKSWAGEN TRANSPORTER,8,E01028531,0,-1
2020070681017,2020,070681017,1,19,0,15,15,4,1,0,0,0,1,0,0,0,0,1,1,1,1,38,7,1968,2,6,VOLKSWAGEN TRANSPORTER,10,E01018632,0,-1
2020010237882,2020,010237882,1,19,0,99,99,9,9,99,99,9,9,99,9,99,2,9,6,6,2,43,7,1896,2,15,VOLKSWAGEN TRANSPORTER,7,E01000665,0,-1
202063D069220,2020,63D069220,1,19,0,17,19,2,7,0,0,1,0,0,3,10,1,1,6,6,1,35,6,1896,2,13,VOLKSWAGEN TRANSPORTER,5,W01000426,0,-1
2020500946882,2020,500946882,1,19,0,4,4,3,7,0,0,0,0,0,0,0,1,1,2,2,1,32,6,2461,2,21,VOLKSWAGEN TRANSPORTER,6,E01015039,0,-1
2020302001487,2020,302001487,2,19,0,4,4,1,5,0,0,0,0,0,0,0,2,1,2,2,2,50,8,1968,2,9,VOLKSWAGEN TRANSPORTER,8,E01019834,0,-1
2020010252343,2020,010252343,2,9,0,13,13,5,1,0,0,8,0,0,0,0,1,1,6,6,3,-1,-1,1968,2,6,VOLKSWAGEN TRANSPORTER,-1,-1,0,-1
202006E478191,2020,06E478191,1,19,0,18,19,3,7,0,0,1,0,0,0,0,1,1,2,2,1,19,4,1968,2,9,VOLKSWAGEN TRANSPORTER,-1,-1,0,-1
2020221000128,2020,221000128,1,19,0,9,9,4,2,0,0,4,0,0,0,0,3,1,5,6,1,28,6,1968,2,0,VOLKSWAGEN TRANSPORTER,10,E01032271,0,-1
2020010228203,2020,010228203,1,19,0,5,5,5,1,0,0,0,0,0,0,0,1,1,1,1,1,41,7,1968,2,1,VOLKSWAGEN TRANSPORTER,6,E01003676,0,-1
2020122001062,2020,122001062,2,19,0,18,19,3,7,0,0,0,0,0,0,0,1,1,6,6,2,46,8,1968,2,10,VOLKSWAGEN TRANSPORTER,2,E01011080,0,-1
2020460941620,2020,460941620,1,19,0,18,19,4,8,9,9,0,0,0,1,0,1,1,6,6,1,57,9,2461,2,19,VOLKSWAGEN TRANSPORTER,7,E01024809,0,-1
2020040955741,2020,040955741,2,19,0,18,19,1,5,0,0,8,0,0,0,0,4,1,5,6,1,65,9,1968,2,7,VOLKSWAGEN TRANSPORTER,7,E01025081,0,-1
2020010255066,2020,010255066,1,19,0,18,19,7,3,0,0,8,0,0,0,0,4,1,1,1,1,36,7,1968,2,3,VOLKSWAGEN TRANSPORTER,10,E01021558,0,-1
2020552000185,2020,552000185,2,19,0,4,4,2,6,0,0,0,0,0,0,0,2,1,6,6,1,27,6,1968,2,4,VOLKSWAGEN TRANSPORTER,9,E01029260,0,-1
2020450992727,2020,450992727,2,19,0,18,19,1,5,0,0,0,0,0,0,0,1,1,2,2,1,21,5,2460,2,13,VOLKSWAGEN TRANSPORTER,10,E01031729,0,-1
2020440365123,2020,440365123,2,19,0,2,2,0,0,0,0,0,0,0,0,0,2,1,1,1,1,31,6,1896,2,16,VOLKSWAGEN TRANSPORTER,5,E01017136,0,-1
2020010242002,2020,010242002,1,19,0,18,19,1,5,0,0,1,0,0,0,0,2,1,1,1,1,57,9,1968,2,10,VOLKSWAGEN TRANSPORTER,9,E01004080,0,-1
2020137950850,2020,137950850,1,9,0,18,19,5,1,0,0,1,0,0,0,0,4,1,6,6,1,67,10,1968,2,2,VOLKSWAGEN TRANSPORTER,9,E01011411,0,-1
2020500967044,2020,500967044,3,9,0,3,3,8,3,0,0,0,0,0,0,0,2,1,5,6,1,46,8,1968,2,1,VOLKSWAGEN TRANSPORTER,8,E01019889,0,-1
2020440397684,2020,440397684,3,19,0,2,2,0,0,6,6,0,0,0,0,0,1,1,3,7,2,42,7,1968,2,8,VOLKSWAGEN TRANSPORTER,8,E01017196,0,-1
2020440293611,2020,440293611,2,19,0,13,13,6,2,0,0,0,0,0,0,0,4,1,6,6,1,-1,-1,1896,2,16,VOLKSWAGEN TRANSPORTER,-1,-1,0,-1
2020460999805,2020,460999805,1,19,0,18,19,3,7,0,0,0,0,0,0,0,1,1,1,1,1,36,7,1968,2,0,VOLKSWAGEN TRANSPORTER,8,E01016122,0,-1
2020471008120,2020,471008120,3,19,0,18,19,6,2,0,0,0,0,0,1,0,3,1,6,6,1,53,8,1968,2,7,VOLKSWAGEN TRANSPORTER,10,E01031720,0,-1
2020430273643,2020,430273643,2,19,0,18,19,5,1,0,0,1,0,0,3,9,3,1,1,1,1,49,8,1896,2,16,VOLKSWAGEN TRANSPORTER,10,E01028476,0,-1
2020990982042,2020,990982042,7,19,0,3,3,7,3,0,0,0,0,0,0,0,2,1,1,1,1,24,5,1968,2,0,VOLKSWAGEN TRANSPORTER,7,-1,0,-1
2020200940551,2020,200940551,1,19,0,18,19,4,8,0,0,0,0,0,0,0,1,1,2,2,1,44,7,1986,2,10,VOLKSWAGEN TRANSPORTER,5,E01009594,0,-1
2020460968304,2020,460968304,2,19,0,18,19,3,7,0,0,0,1,0,0,0,0,1,5,6,1,45,7,1968,2,6,VOLKSWAGEN TRANSPORTER,9,E01016176,0,-1
2020990925839,2020,990925839,2,19,0,6,6,1,7,0,0,1,0,0,0,0,3,1,1,1,1,59,9,1968,2,1,VOLKSWAGEN TRANSPORTER,1,-1,0,-1
2020010232841,2020,010232841,2,9,0,9,9,7,5,0,0,1,0,0,0,0,1,1,1,1,1,49,8,1968,2,3,VOLKSWAGEN TRANSPORTER,5,E01000469,0,-1
2020010234596,2020,010234596,1,19,0,2,2,0,0,0,0,0,0,0,0,0,0,1,6,6,3,-1,-1,1984,1,1,VOLKSWAGEN TRANSPORTER,-1,-1,0,-1
2020541306920,2020,541306920,1,19,0,1,1,2,6,0,0,0,0,0,0,0,2,1,6,6,2,-1,-1,1968,2,7,VOLKSWAGEN TRANSPORTER,9,E01032105,0,-1
2020350997607,2020,350997607,2,19,0,18,19,7,3,0,0,0,0,0,0,0,1,1,2,2,1,22,5,1968,2,1,VOLKSWAGEN TRANSPORTER,3,E01015640,0,-1
2020010278927,2020,010278927,2,19,0,3,3,3,7,0,0,0,0,0,0,0,2,1,1,1,1,43,7,1968,2,5,VOLKSWAGEN TRANSPORTER,9,E01022525,0,-1
2020220964200,2020,220964200,1,19,0,18,19,6,2,0,0,2,0,0,0,0,4,1,5,6,1,42,7,1968,2,5,VOLKSWAGEN TRANSPORTER,8,E01014077,0,-1
2020070512170,2020,070512170,2,19,0,2,2,0,0,9,9,0,0,0,0,0,2,1,6,6,1,50,8,1968,2,8,VOLKSWAGEN TRANSPORTER,6,E01018630,0,-1
2020552000433,2020,552000433,1,19,0,4,4,8,2,0,0,1,0,0,0,0,1,1,1,1,1,48,8,1968,2,3,VOLKSWAGEN TRANSPORTER,2,E01003546,0,-1
2020070518958,2020,070518958,2,19,0,18,19,4,8,0,0,0,0,0,0,0,1,1,6,6,1,45,7,2370,2,26,VOLKSWAGEN TRANSPORTER,10,E01012513,0,-1
202063A016920,2020,63A016920,1,19,0,17,19,4,1,0,0,0,0,0,0,0,3,1,6,6,1,54,8,1968,2,8,VOLKSWAGEN TRANSPORTER,4,W01000672,0,-1
2020200932279,2020,200932279,1,19,0,11,11,2,6,0,0,0,0,0,0,0,4,1,1,1,1,35,6,1968,2,1,VOLKSWAGEN TRANSPORTER,1,E01032331,0,-1
2020451000089,2020,451000089,5,19,0,18,19,1,5,0,0,0,0,0,0,0,1,1,2,2,1,34,6,1968,2,4,VOLKSWAGEN TRANSPORTER,8,E01030949,0,-1
2020200953454,2020,200953454,2,19,0,3,3,6,2,0,0,1,0,0,0,0,0,1,6,6,1,47,8,1968,2,2,VOLKSWAGEN TRANSPORTER,1,E01009125,0,-1
2020010256539,2020,010256539,2,19,0,10,10,3,8,0,0,8,0,0,0,0,4,1,2,2,1,50,8,1896,2,12,VOLKSWAGEN TRANSPORTER,-1,-1,0,-1
2020220975067,2020,220975067,1,19,0,5,5,6,1,0,0,4,0,0,0,0,4,1,1,1,1,46,8,1968,2,3,VOLKSWAGEN TRANSPORTER,9,E01032362,0,-1
2020501016763,2020,501016763,1,19,0,17,19,3,7,0,0,0,0,0,0,0,0,1,5,6,1,31,6,1968,2,2,VOLKSWAGEN TRANSPORTER,10,E01020194,0,-1
2020420964280,2020,420964280,2,19,0,18,19,1,5,0,0,1,0,0,0,0,1,1,1,1,1,54,8,1968,2,5,VOLKSWAGEN TRANSPORTER,5,E01021890,0,-1
20201372R0352,2020,1372R0352,1,19,0,1,1,7,3,0,0,0,0,0,0,0,2,1,6,6,3,-1,-1,1968,2,2,VOLKSWAGEN TRANSPORTER,-1,-1,0,-1
2020010250006,2020,010250006,1,19,0,9,9,4,2,0,0,1,0,0,0,0,3,1,6,6,1,53,8,1896,2,16,VOLKSWAGEN TRANSPORTER,7,E01024844,0,-1
2020350984206,2020,350984206,2,19,0,18,19,6,2,0,0,8,0,0,0,0,1,1,1,1,1,29,6,1968,2,2,VOLKSWAGEN TRANSPORTER,6,E01018207,0,-1
2020552001157,2020,552001157,1,19,0,7,7,1,3,0,0,6,0,0,0,0,1,1,6,6,2,37,7,1968,2,5,VOLKSWAGEN TRANSPORTER,5,E01020396,0,-1
2020010275673,2020,010275673,1,19,0,18,19,7,3,0,0,2,1,0,0,0,4,1,2,2,1,26,6,1968,2,2,VOLKSWAGEN TRANSPORTER,-1,-1,0,-1
2020430033407,2020,430033407,1,19,0,7,7,1,3,5,5,8,0,0,0,0,0,1,2,2,1,48,8,1968,2,3,VOLKSWAGEN TRANSPORTER,7,E01028512,0,-1
2020010283209,2020,010283209,2,19,0,2,2,0,0,0,0,0,0,0,0,0,1,1,6,6,3,-1,-1,1968,2,3,VOLKSWAGEN TRANSPORTER,-1,-1,0,-1
2020140973380,2020,140973380,3,9,0,18,19,1,5,0,0,2,0,0,0,0,2,1,6,6,1,47,8,1968,2,1,VOLKSWAGEN TRANSPORTER,1,E01008086,0,-1
2020470920607,2020,470920607,2,19,0,18,19,7,3,0,0,0,0,0,0,0,1,1,1,1,1,28,6,1968,2,5,VOLKSWAGEN TRANSPORTER,10,E01022578,0,-1
2020320030756,2020,320030756,1,20,0,6,6,1,5,0,0,0,0,0,0,0,3,1,2,2,1,47,8,-1,-1,-1,-1,4,E01003722,0,-1
2020460993741,2020,460993741,1,19,0,18,19,4,8,0,0,0,0,0,0,0,1,1,5,6,1,29,6,1968,2,4,VOLKSWAGEN TRANSPORTER,4,E01002507,0,-1
2020471000070,2020,471000070,1,19,0,18,19,2,6,0,0,1,0,0,0,0,1,1,3,7,2,41,7,1968,2,2,VOLKSWAGEN TRANSPORTER,7,E01032717,0,-1
2020052000999,2020,052000999,2,19,0,18,19,8,4,0,0,1,0,0,0,0,2,1,6,6,1,36,7,1896,2,11,VOLKSWAGEN TRANSPORTER,2,E01006727,0,-1
20201373G0603,2020,1373G0603,2,9,0,17,19,3,7,0,0,0,0,0,0,0,1,1,6,6,1,50,8,1968,2,5,VOLKSWAGEN TRANSPORTER,2,E01011720,0,-1
2020500995338,2020,500995338,2,19,0,18,19,1,5,0,0,0,0,0,0,0,2,1,2,2,1,35,6,1968,2,9,VOLKSWAGEN TRANSPORTER,8,E01020260,0,-1
2020010281292,2020,010281292,3,9,0,3,3,5,1,0,0,1,0,0,0,0,4,1,2,2,1,47,8,1968,2,5,VOLKSWAGEN TRANSPORTER,3,E01002408,0,-1
2020320137374,2020,320137374,2,19,0,18,19,1,5,0,0,1,0,0,0,1,4,1,6,6,1,49,8,1968,2,5,VOLKSWAGEN TRANSPORTER,9,E01015635,0,-1
2020440102838,2020,440102838,1,19,0,9,9,2,8,0,0,8,0,0,0,0,1,1,1,1,2,32,6,1896,2,13,VOLKSWAGEN TRANSPORTER,10,E01022849,0,-1
2020010285596,2020,010285596,2,19,9,99,99,9,9,99,99,0,9,99,9,99,1,9,6,6,3,47,8,1896,2,14,VOLKSWAGEN TRANSPORTER,8,E01021766,0,-1
2020470983619,2020,470983619,2,19,0,16,19,5,8,0,0,1,1,0,0,0,1,1,2,2,1,41,7,1896,2,16,VOLKSWAGEN TRANSPORTER,6,E01031784,0,-1
2020010255838,2020,010255838,1,19,0,7,7,1,3,0,0,8,0,0,0,0,4,1,1,1,1,29,6,1968,2,1,VOLKSWAGEN TRANSPORTER,6,E01017698,0,-1
2020220996484,2020,220996484,1,19,0,16,19,1,3,0,0,0,0,0,0,0,4,1,6,6,1,44,7,1968,2,1,VOLKSWAGEN TRANSPORTER,5,E01032203,0,-1
2020350922905,2020,350922905,1,19,0,3,3,4,8,0,0,1,0,0,0,0,1,1,1,1,1,-1,-1,1968,2,3,VOLKSWAGEN TRANSPORTER,10,E01033428,0,-1
2020360957429,2020,360957429,2,19,0,18,19,1,5,0,0,0,0,0,0,0,3,1,2,2,1,33,6,1896,2,14,VOLKSWAGEN TRANSPORTER,7,E01026723,0,-1
2020460955243,2020,460955243,1,19,0,7,7,1,5,0,0,5,0,0,0,0,2,1,5,6,1,-1,-1,1896,2,16,VOLKSWAGEN TRANSPORTER,7,E01024844,0,-1
2020010282483,2020,010282483,2,19,0,99,99,9,9,99,99,9,9,99,9,99,9,9,6,6,3,-1,-1,1968,2,2,VOLKSWAGEN TRANSPORTER,2,E01001001,0,-1
2020010241891,2020,010241891,2,19,0,18,19,2,6,0,0,1,9,0,0,99,1,9,1,1,1,-1,-1,1968,2,1,VOLKSWAGEN TRANSPORTER,6,E01030643,0,-1
2020010266814,2020,010266814,2,19,0,7,7,7,2,0,0,8,0,0,0,0,4,1,6,6,1,45,7,1968,2,9,VOLKSWAGEN TRANSPORTER,10,E01002435,0,-1
2020122100162,2020,122100162,1,19,0,18,19,4,8,0,0,1,0,0,0,0,1,1,6,6,1,29,6,1968,2,3,VOLKSWAGEN TRANSPORTER,7,E01027904,0,-1
2020101001962,2020,101001962,3,19,0,3,3,5,1,0,0,0,0,0,0,0,2,1,1,1,1,25,5,1968,2,4,VOLKSWAGEN TRANSPORTER,2,E01025115,0,-1
2020320255920,2020,320255920,2,19,0,18,19,3,7,0,0,0,0,0,0,0,3,1,6,6,1,71,10,-1,-1,-1,VOLKSWAGEN TRANSPORTER,5,E01026151,0,-1
2020010253736,2020,010253736,1,19,0,9,9,8,6,0,0,2,0,0,7,0,3,1,2,2,1,27,6,1968,2,1,VOLKSWAGEN TRANSPORTER,4,E01004617,0,-1
2020010272457,2020,010272457,2,19,0,4,4,5,1,0,0,1,0,0,0,0,1,1,1,1,1,43,7,1968,2,2,VOLKSWAGEN TRANSPORTER,9,E01000303,0,-1
2020010239379,2020,010239379,1,19,0,9,9,6,3,0,0,1,0,0,0,0,3,1,1,1,1,30,6,1968,2,1,VOLKSWAGEN TRANSPORTER,4,E01003482,0,-1
2020440468672,2020,440468672,1,19,0,18,19,4,8,0,0,0,0,0,0,6,1,1,6,6,1,35,6,1968,2,7,VOLKSWAGEN TRANSPORTER,4,E01022681,0,-1
2020010276797,2020,010276797,2,19,0,99,99,9,9,99,99,0,9,99,9,99,2,9,6,6,3,-1,-1,1968,2,0,VOLKSWAGEN TRANSPORTER,-1,-1,0,-1
2020622000643,2020,622000643,2,19,0,2,2,0,0,0,0,0,0,0,0,0,2,1,6,6,3,-1,-1,2460,2,15,VOLKSWAGEN TRANSPORTER,-1,-1,0,-1
2020430034727,2020,430034727,2,19,0,18,19,7,3,0,0,8,0,0,0,0,1,1,6,6,1,-1,-1,1984,1,1,VOLKSWAGEN TRANSPORTER,9,E01015525,0,-1
2020160982648,2020,160982648,1,19,0,18,19,4,8,0,0,0,0,0,0,0,4,1,1,1,1,64,9,1968,2,3,VOLKSWAGEN TRANSPORTER,1,E01013278,0,-1
2020500929203,2020,500929203,1,19,0,18,19,8,4,0,0,0,0,0,0,0,1,1,1,1,1,66,10,2460,2,12,VOLKSWAGEN TRANSPORTER,3,E01018982,0,-1
2020500954957,2020,500954957,1,19,0,4,4,3,7,0,0,0,0,0,0,0,1,1,6,6,1,56,9,1896,2,13,VOLKSWAGEN TRANSPORTER,5,E01020050,0,-1
2020220971426,2020,220971426,2,19,0,9,9,6,4,0,0,5,0,0,0,0,3,1,2,2,1,37,7,1968,2,0,VOLKSWAGEN TRANSPORTER,8,E01013997,0,-1
2020430415646,2020,430415646,1,19,0,16,19,4,8,0,0,8,0,0,0,0,1,1,1,1,1,29,6,1968,2,1,VOLKSWAGEN TRANSPORTER,10,E01015515,0,-1
2020470929462,2020,470929462,2,19,0,18,19,3,7,0,0,0,0,0,0,0,1,1,2,2,1,30,6,1896,2,15,VOLKSWAGEN TRANSPORTER,6,E01021034,0,-1
2020610010720,2020,610010720,1,19,0,18,19,1,7,0,0,1,0,0,0,0,1,1,6,6,1,39,7,1968,2,3,VOLKSWAGEN TRANSPORTER,3,W01001362,0,-1
20201374P0477,2020,1374P0477,1,19,0,18,19,2,6,0,0,0,0,0,0,0,4,1,6,6,1,71,10,1968,2,10,VOLKSWAGEN TRANSPORTER,1,E01011130,0,-1
2020010268782,2020,010268782,7,19,0,18,19,3,7,0,0,0,0,0,0,0,3,1,1,1,1,24,5,1968,2,3,VOLKSWAGEN TRANSPORTER,3,E01000373,0,-1
2020200956403,2020,200956403,1,19,0,16,19,6,1,0,0,0,1,10,1,11,1,1,6,6,1,49,8,-1,-1,-1,VOLKSWAGEN TRANSPORTER,4,E01010361,0,-1
2020470973207,2020,470973207,1,20,0,7,7,3,5,0,0,8,0,0,0,0,1,1,2,2,1,29,6,-1,-1,-1,-1,4,E01016974,0,-1
2020160914930,2020,160914930,2,19,0,5,5,5,1,0,0,1,0,0,0,0,1,1,1,1,1,48,8,1968,2,5,VOLKSWAGEN TRANSPORTER,7,E01012794,0,-1
2020340E03472,2020,340E03472,1,19,0,14,14,4,8,0,0,0,0,0,0,0,0,1,6,6,1,23,5,1968,2,2,VOLKSWAGEN TRANSPORTER,3,E01027065,0,-1
2020010279802,2020,010279802,2,19,0,99,99,9,9,99,99,9,9,99,9,99,1,9,6,6,3,-1,-1,1968,2,1,VOLKSWAGEN TRANSPORTER,9,E01000350,0,-1
2020501001356,2020,501001356,1,19,0,18,19,3,7,0,0,0,0,0,0,0,1,1,5,6,1,40,7,2461,2,21,VOLKSWAGEN TRANSPORTER,4,E01018961,0,-1
2020421001827,2020,421001827,2,19,0,16,19,8,3,0,0,0,0,0,0,0,1,1,1,1,1,44,7,1968,2,5,VOLKSWAGEN TRANSPORTER,9,E01021240,0,-1
2020010228391,2020,010228391,3,19,0,2,2,0,0,0,0,1,0,4,0,0,2,1,6,6,3,-1,-1,1896,2,16,VOLKSWAGEN TRANSPORTER,-1,-1,0,-1
2020410998001,2020,410998001,1,98,0,18,19,8,4,0,0,0,0,0,0,0,2,1,6,6,1,51,8,1896,2,15,-1,6,E01023409,0,-1
2020160985492,2020,160985492,1,19,0,7,7,8,4,0,0,5,0,0,0,0,4,1,1,1,1,38,7,1968,2,3,VOLKSWAGEN TRANSPORTER,1,E01012874,0,-1
2020460967708,2020,460967708,1,19,0,5,5,7,3,0,0,1,0,0,0,0,3,1,6,6,1,47,8,1968,2,7,VOLKSWAGEN TRANSPORTER,2,E01024496,0,-1
2020010241577,2020,010241577,1,19,0,9,9,1,7,2,2,5,0,0,0,0,4,1,1,1,1,65,9,1968,2,3,VOLKSWAGEN TRANSPORTER,10,E01017806,0,-1
2020302000219,2020,302000219,1,19,0,18,19,8,4,0,0,1,0,4,0,0,1,1,6,6,2,34,6,1896,2,15,VOLKSWAGEN TRANSPORTER,2,E01027986,0,-1
2020170S30830,2020,170S30830,1,19,0,7,7,4,6,0,0,3,0,0,0,0,1,1,1,1,1,62,9,1968,2,5,VOLKSWAGEN TRANSPORTER,9,E01027618,0,-1
2020552000445,2020,552000445,1,19,0,18,19,7,3,0,0,1,0,0,0,0,1,1,6,6,1,58,9,1968,2,6,VOLKSWAGEN TRANSPORTER,7,E01020480,0,-1
2020110987701,2020,110987701,1,19,0,18,19,1,5,0,0,1,0,0,0,0,1,1,6,6,1,30,6,1968,2,7,VOLKSWAGEN TRANSPORTER,3,E01020831,0,-1
2020351001141,2020,351001141,1,19,0,1,1,7,3,0,0,0,0,0,0,0,2,1,1,1,1,-1,-1,1968,2,0,VOLKSWAGEN TRANSPORTER,-1,-1,0,-1
2020520004004,2020,520004004,1,9,0,18,19,6,2,0,0,8,0,0,0,0,1,1,6,6,1,37,7,1968,2,1,VOLKSWAGEN TRANSPORTER,3,E01013549,0,-1
20201375L2003,2020,1375L2003,2,19,0,17,19,6,2,0,0,0,0,0,0,0,1,1,6,6,1,49,8,1968,2,8,VOLKSWAGEN TRANSPORTER,2,E01010894,0,-1
2020010272165,2020,010272165,2,9,0,99,99,9,9,0,0,9,0,0,0,0,9,1,1,1,1,-1,-1,1968,2,3,VOLKSWAGEN TRANSPORTER,3,E01004443,0,-1
2020160970027,2020,160970027,2,9,0,3,3,2,6,0,0,0,0,0,0,0,2,1,6,6,1,-1,-1,1968,2,2,VOLKSWAGEN TRANSPORTER,-1,-1,0,-1
2020010266713,2020,010266713,3,19,0,18,19,3,7,0,0,0,0,0,0,0,1,1,1,1,1,42,7,1968,2,7,VOLKSWAGEN TRANSPORTER,10,E01023824,0,-1
2020320626789,2020,320626789,2,19,0,18,19,1,5,0,0,0,0,0,0,0,3,1,6,6,1,60,9,-1,-1,-1,VOLKSWAGEN TRANSPORTER,7,E01026096,0,-1
20201371L1161,2020,1371L1161,1,9,0,5,5,5,3,0,0,6,0,0,0,0,1,1,1,1,1,57,9,1968,2,3,VOLKSWAGEN TRANSPORTER,9,E01011812,0,-1
2020010265471,2020,010265471,1,19,0,99,99,9,9,99,99,9,9,99,9,99,1,9,6,6,3,-1,-1,1968,2,5,VOLKSWAGEN TRANSPORTER,-1,-1,0,-1
2020342003330,2020,342003330,1,19,0,18,19,1,5,0,0,0,0,0,0,0,0,1,6,6,1,-1,-1,1968,2,0,VOLKSWAGEN TRANSPORTER,-1,-1,0,-1
2020481011576,2020,481011576,2,19,0,4,4,1,5,0,0,0,0,0,0,0,2,1,1,1,1,31,6,1968,2,3,VOLKSWAGEN TRANSPORTER,6,E01033738,0,-1
2020010245217,2020,010245217,1,19,0,99,99,9,9,99,99,8,9,99,9,99,2,9,6,6,1,57,9,1968,2,2,VOLKSWAGEN TRANSPORTER,4,E01003090,0,-1
2020302001208,2020,302001208,2,19,0,2,2,0,0,0,0,0,0,0,0,0,2,1,6,6,3,-1,-1,1968,2,7,VOLKSWAGEN TRANSPORTER,-1,-1,0,-1
2020100926327,2020,100926327,1,19,0,5,5,1,1,0,0,0,0,4,0,0,1,1,6,6,1,48,8,1968,2,2,VOLKSWAGEN TRANSPORTER,-1,-1,0,-1
2020010278879,2020,010278879,2,19,0,99,99,9,9,99,99,9,9,99,9,99,4,9,6,6,3,30,6,1968,2,1,VOLKSWAGEN TRANSPORTER,3,E01003104,0,-1
2020010239589,2020,010239589,1,9,0,99,99,9,9,99,99,9,9,99,9,99,3,9,6,6,1,45,7,1968,2,3,VOLKSWAGEN TRANSPORTER,6,E01002422,0,-1
2020010279610,2020,010279610,1,19,0,9,9,1,7,0,0,1,0,0,0,0,4,1,1,1,1,29,6,1968,2,3,VOLKSWAGEN TRANSPORTER,9,E01016169,0,-1
2020990999008,2020,990999008,2,19,0,18,19,7,3,0,0,8,0,0,1,11,1,1,1,1,1,26,6,1968,2,2,VOLKSWAGEN TRANSPORTER,-1,-1,0,-1
2020470986199,2020,470986199,4,19,0,18,19,8,4,0,0,0,0,0,0,0,3,1,5,6,1,40,7,1968,2,1,VOLKSWAGEN TRANSPORTER,10,E01030353,0,-1
2020370997469,2020,370997469,1,19,0,12,12,5,7,0,0,8,0,0,0,0,1,1,5,6,1,36,7,1968,2,5,VOLKSWAGEN TRANSPORTER,6,E01030063,0,-1
2020460979596,2020,460979596,1,19,0,18,19,7,1,0,0,1,0,0,0,0,1,1,1,1,1,25,5,1896,2,14,VOLKSWAGEN TRANSPORTER,8,E01024642,0,-1
202063C005620,2020,63C005620,2,19,0,4,4,8,4,0,0,0,0,0,0,0,2,1,6,6,1,35,6,1968,2,4,VOLKSWAGEN TRANSPORTER,6,W01000575,0,-1
2020450925664,2020,450925664,2,19,0,18,19,3,7,0,0,1,0,0,0,0,1,1,1,1,1,37,7,1968,2,3,VOLKSWAGEN TRANSPORTER,-1,-1,0,-1
2020160977586,2020,160977586,1,19,0,9,9,5,3,0,0,8,0,0,0,0,3,1,1,1,1,43,7,1968,2,9,VOLKSWAGEN TRANSPORTER,-1,-1,0,-1
2020501007799,2020,501007799,3,19,0,18,19,1,5,0,0,0,0,0,0,0,2,1,5,6,1,40,7,2461,2,17,VOLKSWAGEN TRANSPORTER,4,E01020309,0,-1
2020552001174,2020,552001174,2,19,0,18,19,6,2,0,0,8,5,0,0,0,2,1,1,1,1,35,6,1968,2,7,VOLKSWAGEN TRANSPORTER,7,E01015446,0,-1
2020440344493,2020,440344493,4,19,0,18,19,6,2,0,0,0,0,0,0,0,1,1,3,7,2,31,6,1968,2,5,VOLKSWAGEN TRANSPORTER,6,E01023063,0,-1
2020500925091,2020,500925091,1,19,0,5,5,5,1,0,0,0,0,0,0,0,1,1,6,6,1,55,8,1968,2,3,VOLKSWAGEN TRANSPORTER,2,E01015194,0,-1
2020410959807,2020,410959807,1,19,0,4,4,2,6,0,0,0,0,0,0,0,1,1,1,1,1,-1,-1,1968,2,4,VOLKSWAGEN TRANSPORTER,-1,-1,0,-1
2020101029178,2020,101029178,2,19,0,7,7,4,7,0,0,1,0,0,0,0,3,1,5,6,1,51,8,1968,2,7,VOLKSWAGEN TRANSPORTER,6,E01027483,0,-1
2020010234443,2020,010234443,1,19,0,7,7,4,7,0,0,5,0,0,0,0,1,2,2,2,1,28,6,1968,2,1,VOLKSWAGEN TRANSPORTER,3,E01004020,0,-1
2020340D01682,2020,340D01682,1,19,0,18,19,7,3,0,0,0,0,0,0,0,4,1,1,1,1,48,8,1968,2,1,VOLKSWAGEN TRANSPORTER,9,E01027021,0,-1
2020010242631,2020,010242631,2,8,0,99,99,9,9,99,99,1,9,99,9,99,9,9,6,6,3,-1,-1,1968,2,2,-1,6,E01002655,0,-1
2020552001043,2020,552001043,2,19,0,4,4,4,8,0,0,0,0,0,0,0,2,1,1,1,1,50,8,1896,2,15,VOLKSWAGEN TRANSPORTER,1,E01015290,0,-1
2020552001091,2020,552001091,2,19,0,18,19,2,6,0,0,8,0,0,0,0,3,1,1,1,1,36,7,1968,2,1,VOLKSWAGEN TRANSPORTER,6,E01020494,0,-1
2020440024990,2020,440024990,2,19,0,18,19,6,2,0,0,8,0,0,0,0,1,1,6,6,1,-1,-1,2460,2,13,VOLKSWAGEN TRANSPORTER,9,E01016255,0,-1