collision_index,collision_year,collision_ref_no,vehicle_reference,vehicle_type,towing_and_articulation,vehicle_manoeuvre_historic,vehicle_manoeuvre,vehicle_direction_from,vehicle_direction_to,vehicle_location_restricted_lane_historic,vehicle_location_restricted_lane,junction_location,skidding_and_overturning,hit_object_in_carriageway,vehicle_leaving_carriageway,hit_object_off_carriageway,first_point_of_impact,vehicle_left_hand_drive,journey_purpose_of_driver_historic,journey_purpose_of_driver,sex_of_driver,age_of_driver,age_band_of_driver,engine_capacity_cc,propulsion_code,age_of_vehicle,generic_make_model,driver_imd_decile,lsoa_of_driver,escooter_flag,driver_distance_banding
2020471010000,2020,471010000,4,19,0,18,19,7,3,0,0,0,0,0,0,0,1,1,5,6,1,47,8,1968,2,8,VOLKSWAGEN TRANSPORTER,9,E01031532,0,-1
2020040978438,2020,040978438,1,9,0,9,9,3,5,0,0,4,0,0,0,0,1,1,5,6,1,46,8,1968,2,9,VOLKSWAGEN TRANSPORTER,3,E01025492,0,-1
2020552000092,2020,552000092,1,19,0,18,19,2,6,0,0,0,1,0,0,0,1,1,1,1,1,35,6,1968,2,2,VOLKSWAGEN TRANSPORTER,9,E01029176,0,-1
2020201022641,2020,201022641,2,19,0,18,19,5,2,0,0,1,0,0,0,0,1,1,1,1,2,-1,-1,1968,2,3,VOLKSWAGEN TRANSPORTER,-1,-1,0,-1
2020440241182,2020,440241182,1,19,0,9,9,3,5,0,0,6,0,0,0,0,1,1,6,6,2,40,7,1896,2,19,VOLKSWAGEN TRANSPORTER,6,E01017298,0,-1
2020430121032,2020,430121032,1,19,0,18,19,8,4,0,0,8,0,0,0,0,3,1,6,6,1,59,9,1896,2,10,VOLKSWAGEN TRANSPORTER,-1,-1,0,-1
2020440099571,2020,440099571,1,19,0,9,9,7,5,0,0,8,0,0,0,0,3,1,2,2,1,56,9,1968,2,1,VOLKSWAGEN TRANSPORTER,5,E01017030,0,-1
2020360939312,2020,360939312,1,98,0,18,19,2,6,0,0,0,0,0,7,11,1,1,5,6,1,44,7,1896,2,15,-1,6,E01033453,0,-1
2020430293238,2020,430293238,2,19,0,2,2,0,0,0,0,0,0,0,0,0,1,1,6,6,3,-1,-1,1968,2,6,VOLKSWAGEN TRANSPORTER,-1,-1,0,-1
2020351023922,2020,351023922,1,19,0,6,6,6,6,0,0,0,0,0,0,0,4,1,1,1,1,21,5,1968,2,3,VOLKSWAGEN TRANSPORTER,6,E01030005,0,-1
2020010233217,2020,010233217,1,19,0,2,2,0,0,0,0,0,0,0,0,0,2,1,6,6,3,-1,-1,1968,2,8,VOLKSWAGEN TRANSPORTER,-1,-1,0,-1
2020361014019,2020,361014019,1,19,0,9,9,-1,-1,0,0,0,0,0,0,0,-1,1,6,6,1,24,5,1968,2,1,VOLKSWAGEN TRANSPORTER,5,E01026768,0,-1
2020052002603,2020,052002603,1,19,0,9,9,1,7,0,0,8,0,0,0,0,3,1,1,1,1,36,7,1968,2,0,VOLKSWAGEN TRANSPORTER,1,E01006690,0,-1
2020220923364,2020,220923364,1,19,0,9,9,1,7,0,0,5,0,0,0,0,1,1,5,6,1,44,7,1968,2,4,VOLKSWAGEN TRANSPORTER,2,E01032389,0,-1
2020350955595,2020,350955595,1,19,0,18,19,1,7,0,0,6,0,0,0,0,4,1,6,6,1,28,6,1968,2,7,VOLKSWAGEN TRANSPORTER,9,E01018013,0,-1
2020360988011,2020,360988011,2,19,0,4,4,3,7,0,0,0,0,0,0,0,2,1,1,1,1,45,7,1968,2,4,VOLKSWAGEN TRANSPORTER,7,E01026588,0,-1
2020010229643,2020,010229643,1,9,0,18,19,5,1,0,0,1,0,12,0,0,4,1,6,6,1,53,8,1968,2,4,VOLKSWAGEN TRANSPORTER,4,E01004737,0,-1
2020010230680,2020,010230680,2,19,0,18,19,7,3,0,0,3,0,0,0,0,1,1,6,6,1,33,6,1968,2,1,VOLKSWAGEN TRANSPORTER,-1,-1,0,-1
2020500994427,2020,500994427,2,19,0,4,4,2,5,0,0,1,0,0,0,0,1,1,2,2,1,28,6,-1,-1,-1,VOLKSWAGEN TRANSPORTER,6,E01020108,0,-1
2020201023257,2020,201023257,1,19,0,18,19,5,1,0,0,1,0,0,0,0,3,1,1,1,1,62,9,1968,2,3,VOLKSWAGEN TRANSPORTER,8,E01009555,0,-1
2020320347524,2020,320347524,1,19,0,18,19,5,1,0,0,0,0,0,0,0,1,1,6,6,1,55,8,2370,2,25,VOLKSWAGEN TRANSPORTER,3,E01026024,0,-1
2020360964456,2020,360964456,1,19,0,5,5,3,7,0,0,2,0,0,0,0,3,1,1,1,1,56,9,1968,2,6,VOLKSWAGEN TRANSPORTER,6,E01026534,0,-1
2020140995159,2020,140995159,1,19,0,18,19,5,1,0,0,0,0,0,0,0,2,1,1,1,1,40,7,1968,2,9,VOLKSWAGEN TRANSPORTER,4,E01027982,0,-1
2020461008712,2020,461008712,2,19,0,7,7,5,1,0,0,5,0,0,0,0,1,1,1,1,2,59,9,1968,2,1,VOLKSWAGEN TRANSPORTER,5,E01016156,0,-1
2020500944386,2020,500944386,1,19,0,18,19,1,5,0,0,1,0,0,0,0,1,1,5,6,1,23,5,1896,2,14,VOLKSWAGEN TRANSPORTER,1,E01015040,0,-1
2020500999975,2020,500999975,1,19,0,6,6,1,5,0,0,6,0,0,0,0,3,1,1,1,1,33,6,1968,2,2,VOLKSWAGEN TRANSPORTER,8,E01019976,0,-1
2020420977917,2020,420977917,1,19,0,18,19,5,3,0,0,1,0,0,0,0,4,1,2,2,1,33,6,2460,2,11,VOLKSWAGEN TRANSPORTER,5,E01021954,0,-1
2020010286575,2020,010286575,1,19,0,18,19,1,5,0,0,2,0,0,0,0,1,1,6,6,1,35,6,1968,2,0,VOLKSWAGEN TRANSPORTER,5,E01001782,0,-1
2020450945164,2020,450945164,1,19,0,18,19,5,1,9,9,2,0,0,1,7,1,1,6,6,2,48,8,1968,2,6,VOLKSWAGEN TRANSPORTER,10,E01030319,0,-1
2020470979774,2020,470979774,1,20,0,17,19,1,6,0,0,0,0,0,0,0,3,1,6,6,1,-1,-1,-1,-1,-1,-1,6,E01020950,0,-1
2020552000833,2020,552000833,2,19,0,18,19,1,5,0,0,8,0,0,0,0,4,1,1,1,1,50,8,2460,2,11,VOLKSWAGEN TRANSPORTER,-1,-1,0,-1
2020221005208,2020,221005208,1,19,0,17,19,6,2,0,0,0,0,0,0,0,3,1,1,1,2,38,7,1968,2,0,VOLKSWAGEN TRANSPORTER,2,E01033216,0,-1
2020990987152,2020,990987152,1,19,0,16,19,4,8,0,0,0,5,0,7,0,1,1,1,1,1,40,7,1968,2,2,VOLKSWAGEN TRANSPORTER,3,-1,0,-1
2020552000700,2020,552000700,1,19,0,5,5,8,2,0,0,6,0,0,0,0,1,1,1,1,1,56,9,1968,2,0,VOLKSWAGEN TRANSPORTER,8,E01015333,0,-1
202054A503920,2020,54A503920,2,19,0,9,9,5,3,0,0,1,0,0,0,0,3,1,1,1,1,43,7,1968,2,3,VOLKSWAGEN TRANSPORTER,7,E01029063,0,-1
2020500960002,2020,500960002,1,19,0,18,19,6,2,0,0,1,0,0,0,0,1,1,5,6,1,42,7,1968,2,2,VOLKSWAGEN TRANSPORTER,5,E01019924,0,-1
2020350979306,2020,350979306,2,19,0,18,19,7,7,0,0,0,0,0,0,0,3,1,6,6,1,45,7,1968,2,4,VOLKSWAGEN TRANSPORTER,9,E01026335,0,-1
2020530984816,2020,530984816,3,19,0,18,19,1,5,0,0,0,0,0,0,0,1,1,6,6,2,44,7,1968,2,3,VOLKSWAGEN TRANSPORTER,6,E01022445,0,-1
2020100994390,2020,100994390,2,19,0,18,19,1,5,0,0,8,0,0,1,0,1,1,2,2,1,32,6,1968,2,7,VOLKSWAGEN TRANSPORTER,9,E01027482,0,-1
2020470968070,2020,470968070,1,19,0,9,9,6,4,0,0,4,0,0,0,0,1,1,1,1,1,51,8,1968,2,5,VOLKSWAGEN TRANSPORTER,3,E01021126,0,-1
2020430023835,2020,430023835,1,9,0,2,2,0,0,0,0,1,0,0,0,0,1,1,1,1,1,61,9,1968,2,2,VOLKSWAGEN TRANSPORTER,4,E01030709,0,-1
2020470945467,2020,470945467,1,9,0,16,19,2,5,0,0,0,1,0,2,3,1,1,5,6,2,40,7,1968,2,10,VOLKSWAGEN TRANSPORTER,7,E01021164,0,-1
2020010275030,2020,010275030,1,19,0,9,9,5,2,0,0,6,0,0,0,0,4,1,1,1,1,53,8,1896,2,12,VOLKSWAGEN TRANSPORTER,10,E01004093,0,-1
2020140966085,2020,140966085,1,19,0,4,4,8,4,0,0,0,0,0,0,0,2,1,1,1,1,43,7,1968,2,2,VOLKSWAGEN TRANSPORTER,2,E01007405,0,-1
2020052001622,2020,052001622,2,90,0,3,3,5,1,0,0,1,0,0,0,0,2,1,6,6,1,54,8,1968,2,6,-1,9,E01007021,0,-1
2020040960892,2020,040960892,1,19,0,18,19,5,1,0,0,1,0,0,0,0,1,1,1,1,1,21,5,1968,2,2,VOLKSWAGEN TRANSPORTER,7,E01025169,0,-1
2020440439778,2020,440439778,2,19,0,9,9,3,2,0,0,6,0,0,0,0,3,1,1,1,2,57,9,1968,2,4,VOLKSWAGEN TRANSPORTER,7,E01023014,0,-1
2020010230574,2020,010230574,1,19,0,3,3,1,5,0,0,0,0,0,1,0,2,1,6,6,1,31,6,1968,2,3,VOLKSWAGEN TRANSPORTER,6,E01024420,0,-1
2020622000452,2020,622000452,1,19,0,13,13,6,2,0,0,1,2,0,7,11,1,1,6,6,1,40,7,2461,2,20,VOLKSWAGEN TRANSPORTER,7,W01000875,0,-1
2020040999844,2020,040999844,2,19,0,13,13,5,1,0,0,1,1,0,4,4,4,1,1,1,1,51,8,1968,2,2,VOLKSWAGEN TRANSPORTER,2,E01025274,0,-1
2020320021901,2020,320021901,2,19,0,9,9,1,5,0,0,0,0,0,0,0,3,1,6,6,1,24,5,1968,2,4,VOLKSWAGEN TRANSPORTER,3,E01026142,0,-1
2020040984337,2020,040984337,2,19,0,18,19,6,1,0,0,1,0,0,0,0,1,1,1,1,1,57,9,1968,2,3,VOLKSWAGEN TRANSPORTER,8,E01025052,0,-1
2020320071739,2020,320071739,2,19,0,18,19,5,1,0,0,0,0,0,0,0,2,1,1,1,1,52,8,1968,2,2,VOLKSWAGEN TRANSPORTER,1,E01013651,0,-1
2020010276525,2020,010276525,1,19,0,18,19,1,5,0,0,0,0,0,0,0,4,1,1,1,1,47,8,1968,2,2,VOLKSWAGEN TRANSPORTER,4,E01033745,0,-1
2020400954746,2020,400954746,1,19,-1,-1,-1,1,1,-1,-1,0,-1,-1,-1,0,-1,1,6,6,1,55,8,1968,2,0,VOLKSWAGEN TRANSPORTER,4,E01016141,0,-1
2020010252361,2020,010252361,1,8,0,99,99,9,9,0,0,9,9,99,9,99,2,9,6,6,1,51,8,1968,2,6,-1,8,E01003652,0,-1
2020100989154,2020,100989154,1,19,0,8,8,1,3,0,0,1,0,0,0,0,4,1,1,1,1,49,8,1968,2,5,VOLKSWAGEN TRANSPORTER,-1,-1,0,-1
2020140963642,2020,140963642,3,19,0,18,19,1,5,0,0,1,0,0,0,0,3,1,5,6,2,43,7,2460,2,11,VOLKSWAGEN TRANSPORTER,-1,-1,0,-1
2020010278674,2020,010278674,1,19,0,18,19,1,5,0,0,8,0,0,0,0,4,1,1,1,1,31,6,1968,2,2,VOLKSWAGEN TRANSPORTER,3,E01004182,0,-1
2020340S05022,2020,340S05022,1,19,0,5,5,5,1,0,0,4,0,0,0,0,1,1,2,2,1,27,6,1968,2,2,VOLKSWAGEN TRANSPORTER,5,E01027192,0,-1
2020010260907,2020,010260907,2,19,0,99,99,9,9,99,99,9,9,99,9,99,1,9,6,6,3,-1,-1,1968,2,10,VOLKSWAGEN TRANSPORTER,6,E01004017,0,-1
2020302000760,2020,302000760,1,19,0,4,4,3,7,0,0,0,1,0,0,0,1,1,6,6,1,22,5,1968,2,2,VOLKSWAGEN TRANSPORTER,7,E01019802,0,-1
2020440078454,2020,440078454,1,19,0,4,4,6,2,0,0,0,0,0,0,0,1,1,6,6,1,35,6,1968,2,1,VOLKSWAGEN TRANSPORTER,8,W01000917,0,-1
2020522101100,2020,522101100,1,19,0,17,19,7,3,0,0,1,0,0,1,10,1,1,6,6,1,39,7,1968,2,2,VOLKSWAGEN TRANSPORTER,7,E01014907,0,-1
2020340N07382,2020,340N07382,2,19,0,18,19,3,7,0,0,8,0,0,0,0,3,1,2,2,1,40,7,1968,2,3,VOLKSWAGEN TRANSPORTER,1,E01027242,0,-1
202054A424920,2020,54A424920,1,19,0,18,19,3,7,0,0,1,0,0,0,0,1,1,1,1,1,31,6,1968,2,2,VOLKSWAGEN TRANSPORTER,8,E01032071,0,-1
2020302000856,2020,302000856,1,19,0,17,19,8,4,0,0,0,1,0,4,4,1,1,6,6,1,37,7,2460,2,13,VOLKSWAGEN TRANSPORTER,2,E01013585,0,-1
2020460922920,2020,460922920,1,19,0,18,19,7,3,0,0,1,0,0,0,0,3,1,6,6,1,60,9,2461,2,17,VOLKSWAGEN TRANSPORTER,7,E01024361,0,-1
2020010246516,2020,010246516,2,19,0,9,9,5,2,0,0,5,0,0,0,0,3,1,6,6,1,34,6,1968,2,9,VOLKSWAGEN TRANSPORTER,4,E01001463,0,-1
2020522001299,2020,522001299,1,9,0,9,9,2,8,0,0,2,0,0,0,0,1,1,6,6,2,41,7,1968,2,3,VOLKSWAGEN TRANSPORTER,-1,-1,0,-1
2020031027478,2020,031027478,2,19,0,18,19,7,3,0,0,0,0,0,1,0,1,1,1,1,1,45,7,2461,2,19,VOLKSWAGEN TRANSPORTER,4,E01019340,0,-1
2020361013876,2020,361013876,1,19,0,7,7,1,3,0,0,6,0,0,0,0,-1,1,6,6,1,-1,-1,2460,2,11,VOLKSWAGEN TRANSPORTER,7,E01026773,0,-1
2020010284184,2020,010284184,2,19,0,99,99,9,9,99,99,9,9,99,9,99,2,9,6,6,3,-1,-1,1968,2,3,VOLKSWAGEN TRANSPORTER,-1,-1,0,-1
2020440100596,2020,440100596,4,19,0,18,19,6,2,0,0,0,0,0,0,0,1,1,6,6,1,47,8,1968,2,4,VOLKSWAGEN TRANSPORTER,-1,-1,0,-1
2020451000516,2020,451000516,1,19,0,18,19,7,3,0,0,0,0,0,0,0,4,1,6,6,1,40,7,1968,2,0,VOLKSWAGEN TRANSPORTER,-1,-1,0,-1
2020040989231,2020,040989231,1,19,0,1,1,5,1,0,0,7,0,0,0,0,0,1,5,6,1,48,8,1968,2,2,VOLKSWAGEN TRANSPORTER,7,E01012718,0,-1
2020010242751,2020,010242751,2,19,0,18,19,2,6,0,0,0,0,0,0,0,2,1,1,1,1,43,7,1968,2,3,VOLKSWAGEN TRANSPORTER,9,E01000419,0,-1
2020460982812,2020,460982812,1,19,0,18,19,3,7,0,0,0,0,0,0,0,1,1,6,6,1,63,9,2460,2,11,VOLKSWAGEN TRANSPORTER,4,E01024493,0,-1
2020141003144,2020,141003144,1,98,0,18,19,3,7,0,0,0,0,0,0,0,3,1,2,2,1,58,9,1896,2,15,-1,9,E01007889,0,-1
2020430055689,2020,430055689,2,19,0,18,19,5,1,0,0,1,0,0,0,0,2,1,1,1,2,49,8,1968,2,5,VOLKSWAGEN TRANSPORTER,4,E01016422,0,-1
2020500988915,2020,500988915,3,19,0,3,3,3,7,0,0,0,0,0,0,0,2,1,2,2,1,29,6,1968,2,0,VOLKSWAGEN TRANSPORTER,3,E01003315,0,-1
2020220982890,2020,220982890,2,19,0,5,5,5,1,0,0,6,0,0,0,0,1,1,6,6,1,34,6,1968,2,7,VOLKSWAGEN TRANSPORTER,4,E01029000,0,-1
2020545326220,2020,545326220,2,19,0,6,6,8,8,0,0,1,0,0,0,0,3,1,1,1,1,50,8,1968,2,2,VOLKSWAGEN TRANSPORTER,10,E01031962,0,-1
2020991002465,2020,991002465,1,19,0,18,19,5,1,0,0,0,5,0,2,0,1,1,1,1,1,42,7,1968,2,5,VOLKSWAGEN TRANSPORTER,1,E01010130,0,-1
2020552000524,2020,552000524,2,19,0,18,19,2,6,0,0,0,0,0,7,0,3,1,2,2,1,45,7,1968,2,8,VOLKSWAGEN TRANSPORTER,7,E01032641,0,-1
2020010232364,2020,010232364,1,19,0,10,10,8,7,0,0,1,0,0,0,0,1,1,1,1,1,27,6,1968,2,3,VOLKSWAGEN TRANSPORTER,6,E01030755,0,-1
2020010237355,2020,010237355,1,19,0,2,2,0,0,0,0,2,0,0,0,0,2,1,-1,-1,3,-1,-1,1968,2,1,VOLKSWAGEN TRANSPORTER,-1,-1,0,-1
2020220926402,2020,220926402,2,19,0,2,2,0,0,0,0,0,0,0,0,0,2,1,5,6,1,40,7,2461,2,19,VOLKSWAGEN TRANSPORTER,4,E01014020,0,-1
2020500972050,2020,500972050,2,19,0,17,19,7,3,0,0,0,0,0,0,0,1,1,6,6,1,67,10,-1,-1,-1,VOLKSWAGEN TRANSPORTER,5,E01018837,0,-1
2020461003953,2020,461003953,1,19,0,1,1,7,3,0,0,1,0,0,0,0,0,1,6,6,1,28,6,1968,2,4,VOLKSWAGEN TRANSPORTER,7,E01024433,0,-1
2020440098785,2020,440098785,2,19,0,4,4,3,7,0,0,1,0,0,0,0,2,1,1,1,1,49,8,1968,2,7,VOLKSWAGEN TRANSPORTER,5,E01017090,0,-1
2020351012464,2020,351012464,1,19,0,18,19,1,5,0,0,0,0,0,0,0,2,1,1,1,2,39,7,1968,2,0,VOLKSWAGEN TRANSPORTER,4,E01018024,0,-1
2020500937096,2020,500937096,3,19,0,18,19,5,1,0,0,1,1,0,0,0,1,1,1,1,1,33,6,1968,2,4,VOLKSWAGEN TRANSPORTER,1,E01019020,0,-1
2020031024629,2020,031024629,2,19,0,18,19,3,7,0,0,1,0,0,0,0,4,1,1,1,1,32,6,2460,2,14,VOLKSWAGEN TRANSPORTER,2,E01019115,0,-1
2020010238992,2020,010238992,1,19,0,9,9,2,8,0,0,1,0,0,0,0,1,1,1,1,1,48,8,1968,2,2,VOLKSWAGEN TRANSPORTER,2,E01004004,0,-1
2020440285406,2020,440285406,1,19,0,3,3,1,5,0,0,1,0,0,0,0,2,1,1,1,1,47,8,1968,2,1,VOLKSWAGEN TRANSPORTER,8,E01022620,0,-1
20201379T1161,2020,1379T1161,1,19,0,18,19,1,5,0,0,0,0,0,0,0,4,1,6,6,1,46,8,1968,2,1,VOLKSWAGEN TRANSPORTER,6,E01027648,0,-1
2020451019989,2020,451019989,2,9,0,2,2,0,0,0,0,0,0,0,0,0,1,1,6,6,3,-1,-1,1968,2,6,VOLKSWAGEN TRANSPORTER,-1,-1,0,-1
2020622001028,2020,622001028,1,19,0,18,19,4,8,0,0,0,0,0,0,0,1,1,1,1,1,42,7,1968,2,0,VOLKSWAGEN TRANSPORTER,6,W01001861,0,-1
2020221017424,2020,221017424,1,19,0,5,5,4,8,0,0,0,0,0,0,0,4,1,5,6,1,42,7,2460,2,12,VOLKSWAGEN TRANSPORTER,5,E01014069,0,-1
2020500955996,2020,500955996,3,19,0,3,3,1,5,0,0,1,0,0,0,0,2,1,6,6,1,69,10,2461,2,18,VOLKSWAGEN TRANSPORTER,9,E01015199,0,-1
2020160969574,2020,160969574,1,19,0,18,19,1,5,0,0,4,0,0,0,0,1,1,6,6,3,-1,-1,1968,2,0,VOLKSWAGEN TRANSPORTER,-1,-1,0,-1
2020450918131,2020,450918131,1,19,0,9,9,2,4,0,0,8,0,0,0,0,1,1,1,1,1,29,6,1968,2,1,VOLKSWAGEN TRANSPORTER,6,E01031591,0,-1
2020451006237,2020,451006237,1,19,0,18,19,1,5,0,0,1,0,0,0,0,1,1,6,6,1,44,7,2460,2,12,VOLKSWAGEN TRANSPORTER,10,E01030903,0,-1
2020460955388,2020,460955388,3,9,0,18,19,3,7,0,0,0,0,0,0,0,0,1,1,1,1,48,8,1969,2,0,VOLVO V90,3,E01024717,0,-1
2020990980094,2020,990980094,2,9,0,18,19,8,5,0,0,1,0,0,0,0,1,1,6,6,1,53,8,1969,2,1,VOLVO V90,2,-1,0,-1
2020052000409,2020,052000409,1,9,0,18,19,1,5,0,0,0,0,0,0,0,1,1,6,6,1,69,10,1969,1,1,VOLVO V90,1,E01006613,0,-1
2020460966860,2020,460966860,1,9,0,1,1,5,1,0,0,0,0,0,0,0,2,1,6,6,1,48,8,1969,1,2,VOLVO V90,9,E01032735,0,-1
2020545584120,2020,545584120,1,9,0,3,3,2,6,0,0,0,0,0,0,0,3,1,6,6,1,41,7,1969,2,2,VOLVO V90,9,E01031863,0,-1
2020460940477,2020,460940477,1,9,0,18,19,8,4,0,0,4,0,9,3,0,1,1,1,1,1,59,9,1969,2,2,VOLVO V90,3,E01024717,0,-1
2020430396395,2020,430396395,1,9,0,18,19,1,5,0,0,5,0,0,1,11,1,1,6,6,1,47,8,1969,1,1,VOLVO V90,7,E01016307,0,-1
2020470989189,2020,470989189,2,9,0,7,7,7,1,0,0,2,0,0,0,0,2,1,6,6,1,70,10,1969,2,0,VOLVO V90,10,E01031531,0,-1
2020140969379,2020,140969379,2,9,0,5,5,6,2,0,0,4,0,0,0,0,3,1,6,6,1,-1,-1,1969,2,3,VOLVO V90,-1,-1,0,-1
2020010231315,2020,010231315,2,9,0,16,19,3,7,0,0,0,0,0,0,0,0,1,1,1,1,41,7,1969,8,2,VOLVO V90,4,E01003666,0,-1
2020010244726,2020,010244726,4,9,0,18,19,6,2,0,0,1,0,4,0,0,1,1,6,6,1,45,7,1969,1,1,VOLVO V90,4,E01004338,0,-1
2020500944970,2020,500944970,2,9,0,9,9,3,1,0,0,6,0,0,0,0,3,1,6,6,1,49,8,1969,1,1,VOLVO V90,3,E01018872,0,-1
2020122000824,2020,122000824,2,9,0,16,19,2,6,0,0,0,0,0,1,0,3,1,6,6,1,65,9,1969,2,1,VOLVO V90,8,E01027568,0,-1
2020990997367,2020,990997367,3,9,0,10,10,5,3,0,0,1,0,0,0,0,1,1,2,2,2,51,8,1969,2,2,VOLVO V90,10,-1,0,-1
2020460992258,2020,460992258,2,9,0,18,19,7,3,0,0,8,0,0,0,0,0,1,1,1,1,38,7,1969,2,2,VOLVO V90,3,E01024717,0,-1
2020030946218,2020,030946218,1,9,0,18,19,3,7,0,0,0,0,0,0,0,1,1,1,1,1,33,6,1969,2,2,VOLVO V90,3,E01019081,0,-1
2020460919617,2020,460919617,3,9,0,18,19,3,7,0,0,0,0,0,0,0,3,1,6,6,1,50,8,1969,2,3,VOLVO V90,7,E01032881,0,-1
2020231001451,2020,231001451,3,9,0,4,4,6,2,0,0,0,0,11,0,0,2,1,1,1,1,48,8,1969,8,0,VOLVO V90,5,E01031312,0,-1
2020052001673,2020,052001673,2,9,0,9,9,2,8,0,0,1,0,0,0,0,3,1,6,6,2,30,6,1969,2,3,VOLVO V90,2,E01032506,0,-1
2020542968220,2020,542968220,1,9,0,9,9,8,3,0,0,6,0,0,0,0,2,1,6,6,2,57,9,1969,2,2,VOLVO V90,-1,-1,0,-1
2020332000189,2020,332000189,3,9,0,18,19,6,2,0,0,0,0,0,0,0,2,1,6,6,2,60,9,1969,2,4,VOLVO V90,-1,-1,0,-1
20201378K0523,2020,1378K0523,2,9,0,18,19,1,5,0,0,0,0,0,0,0,2,1,6,6,2,55,8,1969,1,1,VOLVO V90,4,E01007587,0,-1
202006K276531,2020,06K276531,1,9,0,7,7,5,7,0,0,2,1,0,0,1,1,1,6,6,1,30,6,1969,2,0,VOLVO V90,-1,-1,0,-1
2020350999877,2020,350999877,1,9,-1,-1,-1,-1,-1,-1,-1,0,-1,-1,-1,0,-1,1,1,1,1,38,7,1969,2,2,VOLVO V90,9,E01018159,0,-1
20201377O0391,2020,1377O0391,2,9,0,5,5,1,5,0,0,0,0,0,0,0,1,1,6,6,1,69,10,1969,2,1,VOLVO V90,10,E01010694,0,-1
2020010285066,2020,010285066,2,9,0,99,99,9,9,99,99,9,9,99,9,99,1,9,6,6,3,78,11,1969,2,1,VOLVO V90,10,E01003474,0,-1
2020622001082,2020,622001082,1,9,0,18,19,4,8,0,0,1,0,0,0,0,3,1,6,6,2,67,10,1969,1,1,VOLVO V90,9,W01001294,0,-1
2020990947904,2020,990947904,2,9,0,7,7,4,7,0,0,0,0,0,0,0,4,1,6,6,1,73,10,2639,1,-1,-1,4,-1,0,-1
202031C109720,2020,31C109720,1,3,0,18,19,1,5,0,0,4,1,0,0,0,1,1,2,2,1,32,6,-1,-1,-1,-1,2,E01013845,0,-1
2020010269446,2020,010269446,2,3,0,7,7,7,1,4,4,8,0,0,0,0,0,1,6,6,1,-1,-1,249,1,7,-1,5,E01023806,0,-1
2020010279052,2020,010279052,2,4,0,18,19,1,5,0,0,1,0,0,0,0,1,1,2,2,1,29,6,249,1,10,-1,6,E01001393,0,-1
2020010243124,2020,010243124,1,4,0,18,19,5,1,0,0,0,1,10,0,0,0,1,6,6,1,32,6,249,1,9,-1,9,E01030660,0,-1
2020470981403,2020,470981403,1,4,0,17,19,8,6,0,0,0,0,0,1,0,3,1,5,6,1,62,9,249,1,5,-1,6,E01002601,0,-1
2020991008057,2020,991008057,2,4,0,18,19,7,2,0,0,0,0,0,0,0,1,1,1,1,1,38,7,249,1,9,-1,7,-1,0,-1
2020010264997,2020,010264997,1,3,0,99,99,9,9,99,99,9,9,99,9,99,9,1,6,6,1,35,6,124,1,12,-1,6,E01003157,0,-1
2020010272141,2020,010272141,2,4,0,18,19,1,5,0,0,8,1,0,0,0,1,1,6,6,1,36,7,249,1,6,-1,5,E01000131,0,-1
2020010279674,2020,010279674,2,4,0,4,4,5,1,0,0,1,2,0,0,0,1,1,6,6,1,40,7,249,1,10,-1,2,E01003499,0,-1
2020010234185,2020,010234185,1,4,0,3,3,5,1,0,0,1,0,0,0,0,2,1,2,2,1,43,7,249,1,11,-1,2,E01001118,0,-1
2020522000092,2020,522000092,1,3,0,18,19,8,4,0,0,8,0,0,0,0,1,1,6,6,1,40,7,249,1,9,-1,4,E01014401,0,-1
202006K273036,2020,06K273036,2,3,0,18,19,5,1,0,0,1,0,0,0,0,1,1,6,6,2,24,5,125,1,1,-1,1,E01004863,0,-1
2020010240205,2020,010240205,1,11,0,5,5,3,7,0,0,0,0,0,0,0,1,1,1,1,1,38,7,-1,3,1,BYD ENVIRO,2,E01003183,0,-1
2020010277890,2020,010277890,2,11,0,99,99,9,9,99,99,9,9,99,9,99,4,9,6,6,3,54,8,-1,3,0,BYD ENVIRO,3,E01002550,0,-1
202006E177849,2020,06E177849,2,11,0,10,10,1,7,2,2,1,0,0,0,0,4,1,1,1,2,30,6,-1,3,0,BYD ENVIRO,2,E01004847,0,-1
2020010281348,2020,010281348,1,11,0,5,5,3,7,0,0,1,0,0,0,0,1,1,1,1,1,63,9,-1,3,0,BYD ENVIRO,2,E01003528,0,-1
2020010255341,2020,010255341,1,11,0,4,4,7,3,0,0,1,0,0,0,0,0,1,1,1,1,56,9,-1,3,0,BYD ENVIRO,3,E01011222,0,-1
2020010262466,2020,010262466,1,11,0,9,9,7,4,0,0,1,0,0,0,0,1,1,1,1,1,49,8,-1,3,0,BYD ENVIRO,4,E01000170,0,-1
2020010251350,2020,010251350,1,11,0,5,5,1,5,2,2,0,0,0,0,0,0,1,1,1,1,52,8,-1,3,0,BYD ENVIRO,2,E01002078,0,-1
2020010252741,2020,010252741,1,11,0,5,5,0,5,0,0,8,0,0,0,0,0,1,6,6,3,-1,-1,-1,3,0,BYD ENVIRO,-1,-1,0,-1
2020010271515,2020,010271515,1,11,0,4,4,5,1,0,0,0,0,0,0,0,4,1,1,1,1,46,8,-1,3,1,BYD ENVIRO,3,E01003942,0,-1