collision_index,collision_year,collision_ref_no,vehicle_reference,vehicle_type,towing_and_articulation,vehicle_manoeuvre_historic,vehicle_manoeuvre,vehicle_direction_from,vehicle_direction_to,vehicle_location_restricted_lane_historic,vehicle_location_restricted_lane,junction_location,skidding_and_overturning,hit_object_in_carriageway,vehicle_leaving_carriageway,hit_object_off_carriageway,first_point_of_impact,vehicle_left_hand_drive,journey_purpose_of_driver_historic,journey_purpose_of_driver,sex_of_driver,age_of_driver,age_band_of_driver,engine_capacity_cc,propulsion_code,age_of_vehicle,generic_make_model,driver_imd_decile,lsoa_of_driver,escooter_flag,driver_distance_banding
202031A108720,2020,31A108720,1,9,0,18,19,4,8,0,0,0,1,4,0,0,3,1,6,6,2,47,8,1490,1,17,SUZUKI IGNIS,4,E01028228,0,-1
2020302001468,2020,302001468,1,9,0,18,19,8,4,0,0,0,0,0,0,0,1,1,6,6,2,77,11,1197,8,0,SUZUKI IGNIS,9,E01019610,0,-1
2020400997174,2020,400997174,1,9,0,4,4,5,1,0,0,0,0,0,0,0,2,1,5,6,2,71,10,1328,1,13,SUZUKI IGNIS,3,E01015813,0,-1
2020160918731,2020,160918731,2,9,0,18,19,4,2,0,0,0,0,0,0,0,4,1,6,6,2,71,10,1328,1,17,SUZUKI IGNIS,9,E01026063,0,-1
2020010235502,2020,010235502,2,9,0,99,99,9,9,99,99,9,0,99,9,99,1,9,6,6,3,-1,-1,1242,1,3,SUZUKI IGNIS,-1,-1,0,-1
2020110933002,2020,110933002,1,9,0,9,9,3,1,0,0,1,0,0,0,0,0,1,6,6,2,38,7,1242,1,2,SUZUKI IGNIS,6,E01027476,0,-1
2020122000488,2020,122000488,1,9,0,18,19,7,3,0,0,0,1,0,7,0,3,1,1,1,1,49,8,1490,1,14,SUZUKI IGNIS,1,E01012944,0,-1
2020361013991,2020,361013991,1,9,0,18,19,1,5,0,0,0,0,0,0,0,-1,1,5,6,2,55,8,1328,1,16,SUZUKI IGNIS,4,E01026762,0,-1
2020200935512,2020,200935512,2,9,0,3,3,5,1,0,0,0,0,0,0,0,2,1,6,6,1,33,6,1328,1,15,SUZUKI IGNIS,3,E01032536,0,-1
2020137780447,2020,137780447,1,9,0,18,19,7,3,0,0,0,0,0,0,0,1,1,6,6,1,67,10,1242,1,1,SUZUKI IGNIS,8,E01011406,0,-1
2020622000847,2020,622000847,2,9,0,18,19,2,6,0,0,8,0,0,0,0,3,1,6,6,2,70,10,1197,8,0,SUZUKI IGNIS,9,W01001132,0,-1
2020400995404,2020,400995404,1,9,0,17,19,7,3,0,0,0,2,0,7,4,3,1,5,6,1,18,4,1328,1,16,SUZUKI IGNIS,9,E01016769,0,-1
2020450948403,2020,450948403,2,9,0,18,19,1,5,0,0,0,0,0,0,0,1,1,6,6,2,35,6,1242,1,3,SUZUKI IGNIS,1,E01002713,0,-1
2020010231795,2020,010231795,2,9,0,99,99,9,9,99,99,9,9,99,9,99,1,9,6,6,3,-1,-1,1328,1,18,SUZUKI IGNIS,-1,-1,0,-1
2020100933077,2020,100933077,2,9,0,4,4,5,5,0,0,1,0,0,0,0,2,1,1,1,2,26,6,1242,1,2,SUZUKI IGNIS,7,E01027475,0,-1
20201371I0528,2020,1371I0528,2,9,0,18,19,7,3,0,0,1,0,0,0,0,1,1,6,6,2,52,8,1328,1,17,SUZUKI IGNIS,8,E01011825,0,-1
2020400960540,2020,400960540,2,9,0,18,19,3,7,0,0,4,0,0,0,0,1,1,5,6,2,48,8,1242,1,2,SUZUKI IGNIS,9,E01017414,0,-1
2020070092040,2020,070092040,2,9,0,17,19,6,3,0,0,3,0,0,1,2,4,1,6,6,2,74,10,1242,1,3,SUZUKI IGNIS,10,E01018507,0,-1
2020140964929,2020,140964929,1,9,0,18,19,3,7,0,0,0,1,0,1,0,1,1,2,2,1,62,9,1490,1,16,SUZUKI IGNIS,1,E01007564,0,-1
2020360954595,2020,360954595,1,9,0,4,4,1,5,9,9,0,0,0,0,0,1,1,1,1,2,35,6,1242,1,2,SUZUKI IGNIS,5,E01026594,0,-1
202031B072120,2020,31B072120,1,9,0,17,19,2,6,0,0,0,0,0,1,4,1,1,1,1,1,53,8,1328,1,14,SUZUKI IGNIS,8,E01028000,0,-1
2020990994889,2020,990994889,3,9,0,2,2,0,0,0,0,0,0,0,0,0,1,1,6,6,3,-1,-1,1328,1,16,SUZUKI IGNIS,-1,-1,0,-1
2020420955293,2020,420955293,2,9,0,5,5,5,2,0,0,4,0,0,0,0,1,1,6,6,2,23,5,1328,1,14,SUZUKI IGNIS,-1,-1,0,-1
2020350969978,2020,350969978,1,9,0,4,4,3,7,0,0,0,0,0,0,0,1,1,5,6,2,83,11,1328,1,14,SUZUKI IGNIS,9,E01015684,0,-1
2020140931099,2020,140931099,1,9,0,4,4,7,3,0,0,0,0,0,0,0,1,1,5,6,1,31,6,1490,1,15,SUZUKI IGNIS,1,E01007652,0,-1
2020010256309,2020,010256309,2,9,0,99,99,9,9,99,99,1,9,99,9,99,2,9,6,6,3,-1,-1,1242,8,3,SUZUKI IGNIS,-1,-1,0,-1
2020500944359,2020,500944359,1,9,0,16,19,5,8,0,0,0,0,12,2,10,1,1,2,2,1,19,4,1490,1,16,SUZUKI IGNIS,4,E01020135,0,-1
2020440467843,2020,440467843,1,9,0,18,19,6,2,0,0,0,0,0,0,0,1,1,6,6,1,84,11,1242,1,3,SUZUKI IGNIS,4,E01017246,0,-1
2020070717642,2020,070717642,1,9,0,18,19,7,3,0,0,1,5,4,0,0,1,1,6,6,2,74,10,1242,1,1,SUZUKI IGNIS,3,E01018461,0,-1
2020320542707,2020,320542707,1,9,0,18,19,2,6,9,9,0,0,0,0,0,1,1,6,6,1,23,5,1328,1,17,SUZUKI IGNIS,6,E01026247,0,-1
2020137760847,2020,137760847,2,9,0,18,19,3,7,0,0,8,5,0,0,0,4,1,6,6,1,69,10,1242,1,1,SUZUKI IGNIS,1,E01010800,0,-1
2020440172664,2020,440172664,2,9,0,18,19,5,1,0,0,8,0,0,0,0,1,1,6,6,2,54,8,1328,1,13,SUZUKI IGNIS,9,E01022611,0,-1
2020990976764,2020,990976764,2,9,0,10,10,4,2,0,0,5,0,0,0,0,2,1,2,2,1,60,9,1242,8,3,SUZUKI IGNIS,7,-1,0,-1
2020350998229,2020,350998229,1,9,0,9,9,8,4,0,0,4,0,0,0,0,1,1,6,6,1,83,11,1328,1,18,SUZUKI IGNIS,6,E01018156,0,-1
2020552000535,2020,552000535,1,9,0,5,5,3,7,0,0,6,0,0,0,0,1,1,6,6,1,80,11,1242,8,0,SUZUKI IGNIS,7,E01020538,0,-1
2020440333910,2020,440333910,1,9,0,13,13,3,7,0,0,0,0,0,1,4,4,1,6,6,1,63,9,1242,8,3,SUZUKI IGNIS,9,E01017284,0,-1
2020400929311,2020,400929311,2,9,0,18,19,7,3,0,0,0,0,0,0,0,0,1,1,1,2,64,9,1328,1,18,SUZUKI IGNIS,8,E01017425,0,-1
2020030962678,2020,030962678,1,9,0,18,19,5,1,0,0,1,0,0,0,0,1,1,6,6,1,31,6,1242,1,3,SUZUKI IGNIS,2,E01019285,0,-1
202063A025520,2020,63A025520,2,9,0,4,4,3,6,0,0,8,0,0,7,2,2,1,6,6,2,86,11,1242,1,3,SUZUKI IGNIS,-1,-1,0,-1
2020010284881,2020,010284881,1,9,0,10,10,1,6,0,0,6,0,0,0,0,0,1,2,2,1,65,9,1490,1,16,SUZUKI IGNIS,4,E01002665,0,-1
2020010262531,2020,010262531,1,9,0,99,99,9,9,99,99,9,9,99,9,99,2,9,6,6,2,55,8,1328,1,19,SUZUKI IGNIS,3,E01004446,0,-1
2020542756420,2020,542756420,2,9,0,13,13,5,2,0,0,8,0,0,0,0,4,1,6,6,2,72,10,1242,1,1,SUZUKI IGNIS,5,E01015571,0,-1
2020371008297,2020,371008297,1,9,0,9,9,2,7,0,0,8,0,0,0,0,1,1,2,2,2,54,8,1328,1,20,SUZUKI IGNIS,6,E01029891,0,-1
2020360936965,2020,360936965,1,9,0,17,19,1,5,0,0,0,1,0,1,0,1,1,5,6,1,64,9,1328,1,19,SUZUKI IGNIS,4,E01026638,0,-1
2020990935369,2020,990935369,2,9,0,18,19,4,8,0,0,1,0,0,0,0,1,1,5,6,2,58,9,1242,1,1,SUZUKI IGNIS,10,-1,0,-1
2020302000257,2020,302000257,3,9,0,2,2,0,0,0,0,0,0,0,0,0,3,1,6,6,3,-1,-1,1242,1,3,SUZUKI IGNIS,-1,-1,0,-1
2020210962606,2020,210962606,2,9,0,7,7,5,6,0,0,3,0,0,0,0,4,1,6,6,1,23,5,1490,1,15,SUZUKI IGNIS,-1,-1,0,-1
20201375U2138,2020,1375U2138,2,9,0,18,19,6,2,0,0,0,0,0,0,0,1,1,6,6,1,24,5,1328,1,16,SUZUKI IGNIS,2,E01011235,0,-1
2020350920449,2020,350920449,2,9,-1,9,9,5,1,0,0,7,0,0,0,0,1,1,6,6,1,60,9,1328,1,18,SUZUKI IGNIS,-1,-1,0,-1
20201372I1029,2020,1372I1029,2,9,0,18,19,2,5,0,0,4,0,0,0,0,1,1,6,6,2,62,9,1242,1,3,SUZUKI IGNIS,9,E01010875,0,-1
2020070370441,2020,070370441,1,9,0,7,7,8,2,0,0,1,0,0,0,0,1,1,6,6,2,79,11,1328,1,17,SUZUKI IGNIS,5,E01018547,0,-1
2020552000708,2020,552000708,2,9,0,18,19,8,4,0,0,8,0,0,0,0,1,1,6,6,1,31,6,1328,1,18,SUZUKI IGNIS,1,E01020569,0,-1
2020430366935,2020,430366935,1,9,0,4,4,5,1,0,0,3,0,0,0,0,2,1,6,6,2,44,7,1242,8,3,SUZUKI IGNIS,8,E01017770,0,-1
2020460969820,2020,460969820,2,9,0,5,5,2,6,0,0,0,0,0,0,0,1,1,5,6,2,56,9,1242,1,3,SUZUKI IGNIS,6,E01024346,0,-1
2020360942424,2020,360942424,1,9,0,18,19,-1,-1,0,0,0,0,0,0,0,1,1,6,6,2,-1,-1,1328,1,17,SUZUKI IGNIS,-1,-1,0,-1
2020400955851,2020,400955851,1,9,0,18,19,1,5,0,0,0,1,0,0,0,1,1,5,6,1,19,4,1328,1,15,SUZUKI IGNIS,9,E01017441,0,-1
2020070399732,2020,070399732,2,9,0,4,4,1,5,0,0,0,0,0,0,0,2,1,6,6,2,38,7,1242,1,2,SUZUKI IGNIS,4,E01006916,0,-1
2020430073557,2020,430073557,1,9,0,18,19,1,5,0,0,0,0,0,0,0,1,1,6,6,1,23,5,1328,1,13,SUZUKI IGNIS,5,E01017659,0,-1
2020200953737,2020,200953737,1,9,0,4,4,2,6,0,0,2,0,0,0,0,0,1,6,6,2,44,7,1242,1,1,SUZUKI IGNIS,10,E01009807,0,-1
2020010238134,2020,010238134,1,9,0,18,19,3,7,0,0,1,0,0,0,0,1,1,6,6,1,61,9,1328,1,18,SUZUKI IGNIS,2,E01001055,0,-1
2020470998836,2020,470998836,2,9,0,9,9,3,1,0,0,1,0,0,0,0,2,1,5,6,2,52,8,1242,1,2,SUZUKI IGNIS,7,E01021108,0,-1
2020500946341,2020,500946341,1,9,0,13,13,7,3,0,0,0,1,0,0,0,1,1,1,1,2,19,4,1328,1,17,SUZUKI IGNIS,4,E01018979,0,-1
2020991000460,2020,991000460,1,9,0,18,19,6,2,0,0,0,0,0,0,0,1,1,5,6,2,48,8,1328,1,17,SUZUKI IGNIS,-1,-1,0,-1
2020320541737,2020,320541737,1,9,0,9,9,5,3,0,0,8,0,0,0,0,1,1,6,6,2,58,9,1328,1,14,SUZUKI IGNIS,2,E01026037,0,-1
2020320124540,2020,320124540,1,9,0,9,9,1,7,0,0,6,0,0,0,0,1,1,6,6,2,77,11,1242,1,1,SUZUKI IGNIS,-1,-1,0,-1
2020440409775,2020,440409775,1,9,0,18,19,4,8,0,0,0,0,0,0,0,2,1,6,6,2,57,9,1242,8,3,SUZUKI IGNIS,5,E01017131,0,-1
2020991013072,2020,991013072,1,9,0,18,19,3,7,0,0,0,2,0,2,4,1,1,6,6,1,31,6,1328,1,17,SUZUKI IGNIS,5,-1,0,-1
2020010269478,2020,010269478,3,9,0,99,99,9,9,99,99,9,9,99,9,99,2,9,6,6,3,-1,-1,-1,3,3,TESLA MODEL X,4,E01024339,0,-1
2020010266696,2020,010266696,2,9,9,99,99,9,9,99,99,0,9,99,9,99,9,9,6,6,3,38,7,-1,3,2,TESLA MODEL X,7,E01004635,0,-1
2020220954495,2020,220954495,1,9,0,16,19,2,4,0,0,0,0,0,0,0,1,1,5,6,2,47,8,-1,3,2,TESLA MODEL X,7,E01028998,0,-1
2020990971022,2020,990971022,1,9,0,13,13,1,5,0,0,0,0,0,0,0,4,1,5,6,1,46,8,-1,3,2,TESLA MODEL X,7,-1,0,-1
2020552000216,2020,552000216,1,9,0,18,19,7,3,0,0,0,0,11,0,0,1,1,6,6,1,46,8,-1,3,2,TESLA MODEL X,6,E01021435,0,-1
2020450967138,2020,450967138,2,9,0,18,19,3,7,0,0,1,2,0,1,0,3,1,5,6,2,49,8,-1,3,3,TESLA MODEL X,10,E01003465,0,-1
2020501015268,2020,501015268,2,9,0,17,19,3,4,0,0,0,0,0,0,0,1,1,3,7,2,43,7,-1,3,3,TESLA MODEL X,7,E01020109,0,-1
2020211022660,2020,211022660,2,9,0,18,19,7,3,0,0,4,0,0,0,0,3,1,2,2,1,46,8,-1,3,3,TESLA MODEL X,9,E01033257,0,-1
2020122001080,2020,122001080,2,9,0,18,19,1,5,0,0,5,2,0,1,10,1,1,2,2,1,44,7,-1,3,0,TESLA MODEL X,6,E01027774,0,-1
2020552000216,2020,552000216,2,9,0,18,19,3,7,0,0,0,0,11,0,0,1,1,6,6,1,31,6,-1,3,3,TESLA MODEL X,6,E01020398,0,-1
2020160934420,2020,160934420,4,9,0,18,19,6,2,0,0,0,0,0,0,0,0,1,6,6,3,-1,-1,-1,3,2,TESLA MODEL X,-1,-1,0,-1
2020040971403,2020,040971403,1,5,0,18,19,8,4,0,0,0,0,0,1,0,4,1,5,6,1,56,9,649,1,64,TRIUMPH Model Missing,5,E01025415,0,-1
2020470947197,2020,470947197,1,5,0,17,19,2,7,9,9,2,0,0,1,0,1,1,5,6,1,16,4,955,1,20,TRIUMPH Model Missing,3,E01021062,0,-1
2020070570120,2020,070570120,1,5,0,18,19,8,4,0,0,0,1,0,0,0,0,1,6,6,1,57,9,500,1,61,TRIUMPH Model Missing,8,E01007110,0,-1
202063C065520,2020,63C065520,1,5,0,17,19,2,7,0,0,0,1,0,0,0,0,1,6,6,1,61,9,885,1,24,TRIUMPH Model Missing,1,W01000592,0,-1
2020040992932,2020,040992932,1,5,0,18,19,7,3,0,0,1,5,10,4,0,1,1,6,6,1,75,10,885,1,24,TRIUMPH Model Missing,6,E01007029,0,-1
2020340K00032,2020,340K00032,3,5,0,18,19,5,1,0,0,1,0,0,0,0,1,1,6,6,1,31,6,885,1,28,TRIUMPH Model Missing,8,E01027273,0,-1
2020070481060,2020,070481060,2,4,0,18,19,7,3,0,0,2,0,0,0,0,3,1,6,6,1,75,10,500,1,50,-1,8,E01012495,0,-1
2020430292878,2020,430292878,2,5,0,18,19,5,1,0,0,8,0,0,1,0,1,1,6,6,1,55,8,350,1,-1,TRIUMPH Model Missing,10,E01028476,0,-1
2020340K04032,2020,340K04032,1,5,0,13,13,5,1,0,0,0,1,10,1,0,0,1,6,6,1,32,6,885,1,26,TRIUMPH Model Missing,1,E01027131,0,-1
2020470998099,2020,470998099,2,5,0,18,19,3,7,0,0,8,0,0,0,0,4,1,2,2,1,50,8,885,1,24,TRIUMPH Model Missing,2,E01031808,0,-1
2020140937984,2020,140937984,2,5,0,18,19,5,1,0,0,0,0,0,0,0,1,1,5,6,1,75,10,650,1,48,TRIUMPH Model Missing,7,E01008134,0,-1
2020040975363,2020,040975363,1,5,0,18,19,1,5,0,0,0,5,0,0,0,4,1,5,6,1,74,10,649,1,-1,TRIUMPH Model Missing,3,E01025143,0,-1
2020440256248,2020,440256248,1,5,0,18,19,2,6,0,0,0,1,0,0,0,0,1,6,6,1,50,8,885,1,24,TRIUMPH Model Missing,9,E01022533,0,-1
2020470990781,2020,470990781,2,5,0,18,19,7,3,0,0,8,0,0,0,0,3,1,2,2,1,64,9,498,1,67,TRIUMPH Model Missing,9,E01017001,0,-1
2020420988680,2020,420988680,2,4,0,18,19,4,8,0,0,0,0,0,0,0,1,1,5,6,1,57,9,500,1,-1,-1,9,E01021397,0,-1
2020340W05872,2020,340W05872,2,5,0,18,19,8,4,0,0,1,0,0,0,0,1,1,6,6,1,71,10,650,1,-1,TRIUMPH Model Missing,4,E01027313,0,-1
2020170M21320,2020,170M21320,1,4,0,4,4,8,4,0,0,1,1,0,0,0,4,1,6,6,1,28,6,885,1,24,-1,8,E01012225,0,-1
2020470926463,2020,470926463,2,5,0,18,19,1,5,0,0,0,0,0,0,0,1,1,6,6,1,48,8,885,1,26,TRIUMPH Model Missing,10,E01031703,0,-1
202063A043120,2020,63A043120,2,5,0,18,19,6,2,0,0,8,1,0,0,0,4,1,6,6,1,56,9,744,1,42,TRIUMPH Model Missing,8,E01030884,0,-1
2020100954975,2020,100954975,1,5,0,16,19,4,8,0,0,0,2,0,0,0,4,1,5,6,1,39,7,885,1,24,TRIUMPH Model Missing,8,E01008278,0,-1
2020370980504,2020,370980504,1,5,0,18,19,5,1,0,0,0,0,0,0,0,1,1,5,6,1,59,9,885,1,26,TRIUMPH Model Missing,6,E01026492,0,-1
2020160941965,2020,160941965,1,5,0,17,19,1,5,9,9,0,1,0,7,0,1,1,5,6,1,38,7,1050,1,14,TRIUMPH SPRINT ST 1050,3,E01013086,0,-1
2020470976321,2020,470976321,2,5,0,18,19,3,7,0,0,1,0,0,0,0,1,1,2,2,1,58,9,1050,1,11,TRIUMPH SPRINT ST 1050,3,E01031347,0,-1
2020440346111,2020,440346111,2,5,0,18,19,5,1,0,0,1,1,0,0,0,1,1,6,6,1,73,10,1050,1,10,TRIUMPH SPRINT ST 1050,10,E01022928,0,-1
2020320494632,2020,320494632,2,5,0,18,19,2,6,0,0,0,1,0,0,0,2,1,6,6,1,59,9,1050,1,10,TRIUMPH SPRINT ST 1050,8,E01026013,0,-1
2020522003813,2020,522003813,1,3,0,18,19,5,1,0,0,8,0,0,0,0,1,1,6,6,1,26,6,1050,1,11,-1,6,E01029052,0,-1
2020122000512,2020,122000512,1,5,0,17,19,6,3,0,0,0,0,0,1,0,0,1,6,6,1,52,8,1050,1,15,TRIUMPH SPRINT ST 1050,1,E01006771,0,-1
202031B018120,2020,31B018120,1,5,0,16,19,5,1,0,0,0,1,0,0,0,1,1,6,6,1,56,9,1050,1,14,TRIUMPH SPRINT ST 1050,4,E01019495,0,-1
2020200966723,2020,200966723,2,5,0,18,19,8,4,0,0,2,0,0,0,0,1,1,6,6,1,89,11,1050,1,15,TRIUMPH SPRINT ST 1050,6,E01010132,0,-1
2020140936674,2020,140936674,2,5,0,18,19,1,5,0,0,0,0,0,0,0,3,1,2,2,1,49,8,1050,1,13,TRIUMPH SPRINT ST 1050,4,E01028249,0,-1
2020040958620,2020,040958620,2,5,0,18,19,1,5,0,0,8,5,0,0,0,1,1,5,6,1,27,6,1050,1,15,TRIUMPH SPRINT ST 1050,3,E01004905,0,-1
2020552000913,2020,552000913,2,5,0,16,19,7,3,0,0,0,1,0,7,0,0,1,6,6,1,31,6,1050,1,10,TRIUMPH SPRINT ST 1050,3,E01004744,0,-1
2020010279310,2020,010279310,1,5,0,99,99,9,9,99,99,9,9,99,9,99,9,1,2,2,1,48,8,1050,1,9,TRIUMPH SPRINT ST 1050,7,E01032781,0,-1
2020501006056,2020,501006056,2,5,0,3,3,2,6,0,0,1,5,0,0,0,2,1,6,6,1,62,9,1050,1,14,TRIUMPH SPRINT ST 1050,5,E01020213,0,-1
2020230977023,2020,230977023,2,5,0,18,19,3,8,0,0,8,0,0,0,0,3,1,5,6,1,56,9,1050,1,11,TRIUMPH SPRINT ST 1050,5,E01032256,0,-1
2020500950419,2020,500950419,1,5,0,16,19,3,7,0,0,0,1,0,7,0,1,1,6,6,1,41,7,1050,1,9,TRIUMPH SPRINT ST 1050,4,E01018843,0,-1
202006XP67340,2020,06XP67340,2,5,0,18,19,3,7,0,0,0,1,0,0,0,2,1,6,6,1,73,10,1050,1,15,TRIUMPH SPRINT ST 1050,7,E01005627,0,-1
2020990985042,2020,990985042,2,5,0,18,19,5,1,0,0,1,0,0,0,0,1,1,5,6,1,59,9,1050,1,10,TRIUMPH SPRINT ST 1050,1,-1,0,-1
2020010277180,2020,010277180,1,11,0,99,99,9,9,0,0,0,0,0,0,0,4,9,6,6,1,-1,-1,12902,2,5,-1,8,E01024184,0,-1
2020010283407,2020,010283407,2,5,0,17,19,7,3,0,0,4,0,0,0,0,1,1,6,6,1,25,5,689,1,0,YAMAHA TRACER,2,E01000527,0,-1
2020440227012,2020,440227012,1,5,0,13,13,8,4,0,0,8,0,0,0,0,1,1,6,6,1,32,6,689,1,3,YAMAHA TRACER,5,E01017151,0,-1
2020010250969,2020,010250969,2,2,0,99,99,9,9,99,99,9,9,99,9,99,9,1,6,6,3,-1,-1,689,1,2,-1,-1,-1,0,-1
2020140942770,2020,140942770,1,5,0,18,19,3,7,0,0,1,0,0,0,0,4,1,6,6,1,27,6,689,1,3,YAMAHA TRACER,9,E01007898,0,-1
202063D040020,2020,63D040020,1,5,0,16,19,6,1,0,0,0,1,0,7,10,3,1,6,6,1,63,9,847,1,1,YAMAHA TRACER,9,E01009727,0,-1
2020201014451,2020,201014451,2,3,0,18,19,8,4,0,0,8,2,0,0,0,4,1,2,2,1,27,6,689,1,4,-1,3,E01010434,0,-1
2020451009045,2020,451009045,1,5,0,18,19,7,3,0,0,0,0,0,0,0,1,1,5,6,1,47,8,689,1,0,YAMAHA TRACER,10,E01030868,0,-1
2020010256058,2020,010256058,2,5,0,99,99,9,9,99,99,9,9,99,9,99,1,1,6,6,3,-1,-1,847,1,1,YAMAHA TRACER,-1,-1,0,-1
2020010264649,2020,010264649,2,5,0,18,19,1,5,0,0,1,5,0,0,0,1,1,6,6,1,49,8,689,1,3,YAMAHA TRACER,6,E01000262,0,-1
2020010228335,2020,010228335,1,3,0,18,19,3,7,0,0,8,0,0,0,0,1,1,2,2,1,42,7,689,1,4,-1,9,E01021788,0,-1
2020430310634,2020,430310634,3,5,0,18,19,4,8,0,0,0,1,0,4,6,4,1,2,2,1,41,7,847,1,2,YAMAHA TRACER,6,E01017858,0,-1
2020010261199,2020,010261199,2,5,0,13,13,1,5,0,0,0,5,0,0,0,1,1,6,6,1,32,6,689,1,2,YAMAHA TRACER,-1,-1,0,-1
2020520004103,2020,520004103,1,5,0,18,19,3,7,0,0,3,0,0,0,0,1,1,6,6,1,67,10,689,1,3,YAMAHA TRACER,3,E01029029,0,-1
2020200996620,2020,200996620,1,5,0,13,13,2,6,0,0,8,1,0,0,0,1,1,6,6,1,58,9,689,1,3,YAMAHA TRACER,6,E01029637,0,-1
2020460950954,2020,460950954,1,5,0,13,13,7,3,0,0,0,1,0,0,0,1,1,2,2,1,40,7,847,1,2,YAMAHA TRACER,8,E01024784,0,-1
2020010286282,2020,010286282,1,4,0,18,19,3,7,0,0,0,0,0,0,0,4,1,6,6,1,23,5,689,1,1,-1,1,E01024177,0,-1
202031D078820,2020,31D078820,1,5,0,4,4,4,1,0,0,1,0,0,0,0,1,1,6,6,1,67,10,847,1,2,YAMAHA TRACER,6,E01028108,0,-1
2020010237343,2020,010237343,1,5,0,99,99,9,9,99,99,9,9,99,9,99,9,1,2,2,1,58,9,689,1,3,YAMAHA TRACER,5,E01004451,0,-1
2020010241438,2020,010241438,2,4,0,4,4,3,7,0,0,1,5,0,0,0,1,1,2,2,1,25,5,847,1,1,-1,8,E01004502,0,-1
2020010234970,2020,010234970,2,5,0,5,5,0,3,9,9,1,1,0,0,0,1,-1,6,6,1,40,7,847,1,1,YAMAHA TRACER,5,E01000593,0,-1
2020530969065,2020,530969065,1,5,0,16,19,3,7,0,0,0,0,0,0,0,1,1,5,6,1,72,10,689,1,0,YAMAHA TRACER,7,E01032124,0,-1
2020010229427,2020,010229427,1,5,0,18,19,7,3,0,0,0,0,0,0,0,1,1,2,2,1,41,7,847,1,2,YAMAHA TRACER,9,E01016107,0,-1
2020440049142,2020,440049142,1,5,0,13,13,7,3,0,0,8,0,0,0,0,4,1,6,6,1,63,9,689,1,2,YAMAHA TRACER,9,E01022830,0,-1
2020302000969,2020,302000969,2,5,0,4,4,7,3,0,0,1,0,0,0,0,2,1,6,6,1,53,8,847,1,0,YAMAHA TRACER,10,-1,0,-1
2020010259526,2020,010259526,2,5,0,99,99,9,9,99,99,9,9,99,9,99,1,1,6,6,3,-1,-1,689,1,1,YAMAHA TRACER,-1,-1,0,-1
2020010261170,2020,010261170,2,5,0,18,19,8,4,9,9,1,0,0,0,0,4,1,6,6,1,24,5,689,1,0,YAMAHA TRACER,2,E01001702,0,-1
2020460922364,2020,460922364,2,5,0,11,11,5,1,0,0,0,0,0,0,0,3,1,6,6,1,44,7,847,1,2,YAMAHA TRACER,4,E01024493,0,-1
2020432004025,2020,432004025,2,5,0,18,19,4,8,0,0,8,0,9,7,0,0,1,6,6,1,29,6,847,1,1,YAMAHA TRACER,9,E01016769,0,-1
2020350924315,2020,350924315,2,5,0,-1,-1,-1,-1,-1,-1,-1,0,0,0,0,-1,1,2,2,1,26,6,689,1,2,YAMAHA TRACER,3,E01017977,0,-1
2020010252102,2020,010252102,1,5,0,9,9,4,1,0,0,2,0,0,0,0,4,1,6,6,1,75,10,689,1,3,YAMAHA TRACER,9,E01002935,0,-1
2020010234964,2020,010234964,1,5,0,5,5,0,1,0,0,1,0,0,0,0,1,-1,2,2,1,54,8,847,1,2,YAMAHA TRACER,7,E01024422,0,-1
2020420937527,2020,420937527,1,5,0,14,14,4,8,0,0,0,0,0,0,0,4,1,5,6,2,37,7,689,1,2,-1,8,E01021691,0,-1
2020360937907,2020,360937907,1,5,0,18,19,6,2,0,0,1,0,0,0,0,1,1,5,6,1,24,5,689,1,1,-1,2,E01026818,0,-1
2020010252927,2020,010252927,1,5,0,18,19,3,7,2,2,1,0,0,0,0,1,-1,6,6,1,29,6,689,1,2,-1,7,E01004500,0,-1
2020440115050,2020,440115050,2,5,0,18,19,1,5,0,0,0,0,0,0,0,3,1,6,6,1,31,6,689,1,3,-1,1,E01017205,0,-1
2020010239229,2020,010239229,1,3,0,99,99,9,9,99,99,9,9,99,9,99,1,1,6,6,1,19,4,124,1,20,-1,8,E01002132,0,-1
2020010258795,2020,010258795,1,3,0,8,8,4,6,0,0,1,5,0,0,99,1,1,6,6,1,27,6,124,1,20,-1,7,E01002198,0,-1
2020500943814,2020,500943814,1,3,0,13,13,4,8,0,0,1,0,0,0,0,1,1,6,6,1,29,6,124,1,17,-1,8,E01020035,0,-1
2020052002139,2020,052002139,2,97,0,18,19,4,8,0,0,1,0,0,0,0,1,1,6,6,1,67,10,-1,3,0,-1,4,E01025508,0,-1
2020500930783,2020,500930783,1,23,0,16,19,2,6,0,0,0,0,0,0,0,1,1,5,6,1,45,7,-1,3,1,-1,3,E01018790,0,-1
2020200958476,2020,200958476,1,9,0,18,19,2,6,0,0,8,0,0,0,0,4,1,6,6,1,-1,-1,1871,2,16,AUDI A6,-1,-1,0,-1