collision_index,collision_year,collision_ref_no,vehicle_reference,vehicle_type,towing_and_articulation,vehicle_manoeuvre_historic,vehicle_manoeuvre,vehicle_direction_from,vehicle_direction_to,vehicle_location_restricted_lane_historic,vehicle_location_restricted_lane,junction_location,skidding_and_overturning,hit_object_in_carriageway,vehicle_leaving_carriageway,hit_object_off_carriageway,first_point_of_impact,vehicle_left_hand_drive,journey_purpose_of_driver_historic,journey_purpose_of_driver,sex_of_driver,age_of_driver,age_band_of_driver,engine_capacity_cc,propulsion_code,age_of_vehicle,generic_make_model,driver_imd_decile,lsoa_of_driver,escooter_flag,driver_distance_banding
2020010242854,2020,010242854,1,9,0,18,19,3,7,0,0,8,0,0,0,0,1,2,6,6,1,33,6,1968,2,5,AUDI A6,10,E01001533,0,-1
2020332000098,2020,332000098,2,9,0,18,19,1,5,0,0,1,0,0,0,0,3,1,2,2,1,60,9,1968,2,14,AUDI A6,5,E01013764,0,-1
2020010230933,2020,010230933,1,9,0,18,19,5,1,0,0,0,0,0,0,0,1,1,6,6,3,-1,-1,1968,2,9,AUDI A6,-1,-1,0,-1
2020230985075,2020,230985075,1,9,0,9,9,6,4,0,0,6,0,0,0,0,3,1,5,6,2,43,7,2967,2,8,AUDI A6,9,E01027014,0,-1
2020320457284,2020,320457284,1,9,0,16,19,7,3,0,0,0,1,0,7,9,1,1,2,2,1,25,5,1968,2,10,AUDI A6,-1,-1,0,-1
2020070601755,2020,070601755,1,9,0,10,10,8,4,0,0,8,0,0,0,0,2,1,6,6,2,46,8,1968,2,1,AUDI A6,10,E01012558,0,-1
2020140999942,2020,140999942,1,9,0,18,19,5,1,0,0,1,0,0,0,0,1,1,2,2,1,45,7,1968,2,3,AUDI A6,8,E01008050,0,-1
2020411006796,2020,411006796,2,9,0,18,19,1,1,0,0,0,0,0,1,0,3,1,6,6,1,37,7,2969,2,15,AUDI A6,5,E01015790,0,-1
2020340K03652,2020,340K03652,1,9,0,18,19,5,1,0,0,0,0,0,0,0,2,1,6,6,2,41,7,2967,2,3,AUDI A6,10,E01027068,0,-1
2020360991418,2020,360991418,1,9,0,5,5,3,7,0,0,1,0,0,1,0,1,1,5,6,1,29,6,2969,2,15,AUDI A6,9,E01026273,0,-1
2020160954209,2020,160954209,1,9,0,18,19,7,3,0,0,8,0,0,0,0,1,1,5,6,1,50,8,1968,2,4,AUDI A6,7,E01012989,0,-1
2020430018544,2020,430018544,1,9,0,4,4,3,7,0,0,0,0,0,0,0,1,1,2,2,1,32,6,1871,2,16,AUDI A6,5,E01017659,0,-1
2020010273314,2020,010273314,2,9,0,5,5,1,5,0,0,0,0,0,0,0,1,1,6,6,3,-1,-1,1871,2,17,AUDI A6,-1,-1,0,-1
2020200933788,2020,200933788,2,9,0,18,19,2,6,0,0,8,0,0,0,0,4,1,6,6,1,42,7,1968,2,11,AUDI A6,1,E01009048,0,-1
2020470983763,2020,470983763,1,9,0,18,19,8,4,0,0,0,0,0,0,0,1,1,1,1,1,49,8,1968,2,12,AUDI A6,4,E01020919,0,-1
2020350986684,2020,350986684,2,9,0,7,7,6,2,0,0,4,0,0,0,0,2,1,5,6,2,28,6,1968,2,13,AUDI A6,2,E01017948,0,-1
2020552000561,2020,552000561,2,9,0,4,4,3,7,0,0,1,0,0,0,0,2,1,6,6,1,47,8,1968,2,13,AUDI A6,8,E01015370,0,-1
2020440386528,2020,440386528,2,9,0,18,19,2,6,0,0,8,0,0,0,0,1,1,6,6,1,42,7,2969,2,13,AUDI A6,10,E01032870,0,-1
2020500946757,2020,500946757,1,9,0,11,11,3,3,0,0,0,1,0,1,0,4,1,1,1,1,37,7,1968,2,3,AUDI A6,3,E01015041,0,-1
2020990954666,2020,990954666,5,9,0,17,19,5,5,0,0,1,0,0,1,0,3,1,6,6,1,54,8,1968,2,5,AUDI A6,4,-1,0,-1
2020010262375,2020,010262375,1,9,0,3,3,5,1,0,0,0,0,0,0,0,2,1,6,6,1,70,10,1968,2,6,AUDI A6,-1,-1,0,-1
2020040975595,2020,040975595,3,9,0,18,19,7,3,0,0,5,0,0,0,0,2,1,5,6,1,29,6,1968,2,10,AUDI A6,1,E01025049,0,-1
202006J376664,2020,06J376664,2,8,0,9,9,5,3,0,0,8,0,0,0,0,1,1,2,2,1,32,6,1968,2,10,-1,2,E01005238,0,-1
2020010247105,2020,010247105,2,9,0,99,99,9,9,99,99,9,9,99,9,99,9,9,6,6,3,-1,-1,1968,2,13,AUDI A6,3,E01001752,0,-1
2020010244527,2020,010244527,1,9,0,1,1,3,7,0,0,0,0,0,0,0,2,9,6,6,3,26,6,1968,2,9,AUDI A6,5,E01003713,0,-1
2020990987132,2020,990987132,1,9,0,7,7,1,2,0,0,6,0,0,0,0,1,1,5,6,2,34,6,1968,2,5,AUDI A6,6,-1,0,-1
2020480999134,2020,480999134,1,9,0,6,6,8,8,0,0,1,0,0,0,0,3,1,5,6,1,43,7,2967,2,4,AUDI A6,10,E01017891,0,-1
2020610029520,2020,610029520,2,9,0,5,5,6,4,0,0,1,0,0,0,0,3,1,6,6,1,49,8,1968,2,10,AUDI A6,1,W01001453,0,-1
2020470982486,2020,470982486,3,9,0,4,4,4,7,0,0,1,0,0,0,0,2,1,2,2,2,39,7,2969,2,15,AUDI A6,5,E01031705,0,-1
2020411017617,2020,411017617,2,9,0,18,19,6,4,0,0,0,0,0,0,0,1,1,6,6,1,39,7,1968,2,8,AUDI A6,4,E01023534,0,-1
2020460960105,2020,460960105,1,9,0,18,19,7,5,0,0,8,0,0,0,0,1,1,5,6,1,32,6,2967,2,4,AUDI A6,4,E01024690,0,-1
2020010287026,2020,010287026,2,9,0,18,19,7,3,0,0,4,0,0,0,0,3,1,1,1,2,26,6,1968,2,14,AUDI A6,3,E01002548,0,-1
2020122000431,2020,122000431,1,9,0,9,9,3,8,0,0,8,0,0,0,0,1,1,6,6,1,57,9,1968,2,10,AUDI A6,9,E01027595,0,-1
2020622000973,2020,622000973,1,8,0,18,19,8,4,0,0,1,0,0,0,0,1,1,1,1,1,60,9,1968,2,5,-1,8,W01001950,0,-1
2020522100959,2020,522100959,1,9,0,4,4,1,5,0,0,0,0,0,0,0,2,1,6,6,1,40,7,1968,2,4,AUDI A6,9,E01030438,0,-1
2020040986570,2020,040986570,2,9,0,18,19,1,1,0,0,1,0,0,0,0,2,2,1,1,2,37,7,1968,2,4,AUDI A6,1,E01025183,0,-1
2020350960135,2020,350960135,2,9,0,3,3,7,3,0,0,1,0,0,0,0,1,1,6,6,2,35,6,1968,2,8,AUDI A6,6,E01018076,0,-1
2020200994413,2020,200994413,2,9,0,2,2,0,0,0,0,0,0,0,0,0,1,1,6,6,2,25,5,1968,2,9,AUDI A6,3,E01009938,0,-1
2020990945452,2020,990945452,2,9,0,18,19,4,4,0,0,0,0,0,0,0,3,1,5,6,1,29,6,1968,2,3,AUDI A6,9,-1,0,-1
2020430208732,2020,430208732,2,9,0,18,19,8,4,0,0,1,0,0,0,0,3,1,6,6,2,62,9,2967,2,7,AUDI A6,9,E01028534,0,-1
2020220959153,2020,220959153,2,9,0,17,19,1,7,0,0,0,0,4,0,0,4,1,5,6,1,27,6,2969,2,13,AUDI A6,-1,-1,0,-1
2020320101040,2020,320101040,1,9,0,18,19,3,7,0,0,0,0,0,0,0,1,1,2,2,1,45,7,1968,2,10,AUDI A6,10,E01004885,0,-1
2020010236519,2020,010236519,1,9,0,99,99,9,9,99,99,9,9,99,9,99,2,9,6,6,1,50,8,1968,2,4,AUDI A6,4,E01001582,0,-1
2020010244726,2020,010244726,6,9,0,3,3,6,2,0,0,1,0,0,0,0,2,1,6,6,1,26,6,1968,2,15,AUDI A6,1,E01004340,0,-1
2020137171143,2020,137171143,1,9,0,18,19,1,5,0,0,0,0,0,0,0,1,1,6,6,1,38,7,1968,2,4,AUDI A6,2,E01010852,0,-1
2020549571620,2020,549571620,2,9,0,18,19,6,3,0,0,1,0,0,1,10,4,1,2,2,1,40,7,1968,2,3,AUDI A6,9,E01015547,0,-1
2020137BM0868,2020,137BM0868,1,9,0,18,19,5,1,0,0,0,0,0,0,0,1,1,6,6,1,46,8,2698,2,10,AUDI A6,7,E01011509,0,-1
2020320472635,2020,320472635,1,9,0,18,19,7,3,0,0,0,0,0,1,0,1,1,2,2,2,34,6,1968,2,14,AUDI A6,2,E01018063,0,-1
202006F274585,2020,06F274585,1,9,0,6,6,3,3,0,0,8,0,0,0,0,3,1,6,6,1,36,7,1968,2,2,AUDI A6,4,E01026230,0,-1
20201377V0283,2020,1377V0283,1,9,0,18,19,4,8,0,0,0,0,0,1,2,1,1,6,6,1,46,8,1968,2,4,AUDI A6,5,E01010729,0,-1
2020320130165,2020,320130165,1,9,0,18,19,5,1,0,0,0,0,0,0,0,1,1,6,6,3,-1,-1,1968,2,8,AUDI A6,-1,-1,0,-1
2020430079339,2020,430079339,1,9,0,18,19,8,4,0,0,0,0,0,0,0,1,1,6,6,1,61,9,2967,2,10,AUDI A6,10,E01031675,0,-1
2020010233636,2020,010233636,2,9,0,18,19,1,5,0,0,0,0,0,0,0,0,1,6,6,2,57,9,2496,2,15,AUDI A6,6,E01000857,0,-1
2020220963297,2020,220963297,1,9,0,13,13,8,4,0,0,0,0,0,0,0,3,1,5,6,2,67,10,2698,2,14,AUDI A6,6,E01028885,0,-1
2020430317052,2020,430317052,2,9,0,7,7,7,1,0,0,0,1,0,0,0,1,1,6,6,1,25,5,1968,2,10,AUDI A6,7,E01009318,0,-1
2020211022264,2020,211022264,2,9,0,18,19,1,5,0,0,1,0,0,0,0,1,1,6,6,1,39,7,1968,2,13,AUDI A6,4,E01029692,0,-1
2020522005116,2020,522005116,2,9,0,18,19,1,5,0,0,0,0,0,0,0,1,1,6,6,1,72,10,1968,2,12,AUDI A6,5,E01000982,0,-1
2020010269867,2020,010269867,2,9,0,99,99,9,9,99,99,9,9,99,9,99,9,9,6,6,3,-1,-1,2698,2,12,AUDI A6,10,E01023803,0,-1
2020320084739,2020,320084739,2,9,0,17,19,7,2,0,0,0,0,0,2,0,3,1,6,6,1,74,10,2393,1,20,AUDI A6,5,E01026285,0,-1
202006Q172491,2020,06Q172491,2,9,0,9,9,1,7,0,0,8,0,0,0,0,3,1,1,1,1,36,7,1968,2,2,AUDI A6,4,E01025198,0,-1
2020010274591,2020,010274591,2,9,0,99,99,9,9,99,99,9,9,99,9,99,1,9,6,6,3,-1,-1,1968,2,4,AUDI A6,1,E01004205,0,-1
2020200992138,2020,200992138,1,9,0,18,19,4,8,0,0,0,0,0,0,0,1,1,6,6,3,30,6,2967,2,3,AUDI A6,-1,-1,0,-1
20201371S0387,2020,1371S0387,3,9,0,4,4,2,6,0,0,0,0,0,0,0,2,1,6,6,1,54,8,2967,2,8,AUDI A6,7,E01027703,0,-1
2020410935577,2020,410935577,2,9,0,18,19,3,7,0,0,0,0,4,0,0,1,1,6,6,1,31,6,1968,2,12,AUDI A6,7,E01023850,0,-1
2020070731671,2020,070731671,1,9,0,18,19,4,1,0,0,8,0,2,0,0,3,1,6,6,3,-1,-1,1968,2,14,AUDI A6,-1,-1,0,-1
202006A168594,2020,06A168594,1,9,0,18,19,8,4,0,0,8,0,0,0,0,0,1,2,2,1,33,6,1968,2,3,AUDI A6,1,E01033669,0,-1
20201371M0205,2020,1371M0205,1,9,0,18,19,1,5,0,0,6,0,0,0,0,1,1,1,1,1,55,8,1968,2,1,AUDI A6,7,E01010587,0,-1
2020460990401,2020,460990401,2,9,0,18,19,7,3,0,0,0,0,0,1,0,1,1,5,6,2,39,7,2967,2,6,AUDI A6,9,E01024123,0,-1
2020211018809,2020,211018809,1,9,0,18,19,5,1,0,0,8,0,0,0,0,1,1,6,6,1,32,6,1968,2,7,AUDI A6,2,E01029429,0,-1
2020200929307,2020,200929307,2,9,0,5,5,2,6,0,0,1,0,0,0,0,2,1,6,6,1,19,4,1968,2,8,AUDI A6,3,E01009664,0,-1
2020160930924,2020,160930924,1,9,0,18,19,8,4,0,0,0,0,0,0,0,1,1,5,6,1,22,5,1871,2,19,AUDI A6,1,E01007508,0,-1
2020421008593,2020,421008593,2,9,0,18,19,8,4,0,0,0,0,0,1,0,1,1,6,6,1,39,7,1968,2,5,AUDI A6,7,E01021439,0,-1
2020010285134,2020,010285134,2,9,0,2,2,0,0,9,9,2,0,0,0,0,2,1,6,6,3,-1,-1,1968,2,3,AUDI A6,-1,-1,0,-1
2020160969933,2020,160969933,3,9,0,18,19,6,2,0,0,2,0,0,0,0,1,1,6,6,1,31,6,2967,2,8,AUDI A6,1,E01014110,0,-1
2020990970123,2020,990970123,2,9,0,3,3,4,8,0,0,0,0,0,0,0,1,1,1,1,1,34,6,2967,2,6,AUDI A6,-1,-1,0,-1
2020010265640,2020,010265640,1,9,0,9,9,7,5,0,0,1,0,0,0,0,3,1,6,6,1,44,7,1968,2,10,AUDI A6,2,E01000041,0,-1
2020450996280,2020,450996280,1,9,0,18,19,3,4,0,0,0,0,0,0,0,2,1,5,6,2,50,8,1968,2,5,AUDI A6,8,E01014721,0,-1
2020010269192,2020,010269192,2,9,0,99,99,9,9,0,0,0,0,0,0,0,1,9,6,6,1,56,9,2696,2,14,AUDI A6,6,E01031676,0,-1
202006J269081,2020,06J269081,1,9,0,9,9,5,3,0,0,6,0,0,0,0,3,1,6,6,2,41,7,2967,2,7,AUDI A6,5,E01007785,0,-1
2020210960567,2020,210960567,3,9,-1,-1,-1,4,1,-1,-1,-1,-1,-1,-1,0,-1,1,1,1,1,-1,-1,2967,2,4,AUDI A6,7,E01029732,0,-1
2020350962808,2020,350962808,1,9,0,18,19,3,7,0,0,1,0,0,0,0,1,1,6,6,1,33,6,1968,2,13,AUDI A6,9,E01026263,0,-1
2020040945571,2020,040945571,1,9,0,2,2,1,1,0,0,0,0,0,7,11,1,1,2,2,1,40,7,1968,2,9,AUDI A6,1,E01012680,0,-1
2020991000433,2020,991000433,3,9,0,5,5,8,4,0,0,0,0,0,0,0,1,1,6,6,1,34,6,1968,2,6,AUDI A6,8,-1,0,-1
202006Q276769,2020,06Q276769,2,9,0,18,19,4,8,0,0,0,0,0,0,0,1,1,6,6,1,23,5,1968,2,5,AUDI A6,-1,-1,0,-1
2020530946751,2020,530946751,1,9,0,9,9,2,8,0,0,4,0,0,0,0,1,1,2,2,1,37,7,1968,2,12,AUDI A6,5,E01022421,0,-1
202006G278207,2020,06G278207,1,9,0,5,5,2,8,0,0,4,0,0,0,0,1,1,6,6,1,30,6,1968,2,6,AUDI A6,3,E01005267,0,-1
20201373B0303,2020,1373B0303,1,9,0,7,7,6,8,0,0,2,0,0,0,0,4,1,2,2,1,34,6,1968,2,2,AUDI A6,8,E01010863,0,-1
2020460997653,2020,460997653,2,9,0,10,10,7,3,0,0,5,0,0,0,0,2,1,6,6,1,42,7,1968,2,4,AUDI A6,7,E01032967,0,-1
2020010281520,2020,010281520,2,9,0,99,99,9,9,99,99,9,9,99,9,99,1,1,6,6,3,-1,-1,2967,2,7,AUDI A6,-1,-1,0,-1
2020451003862,2020,451003862,2,9,0,17,19,2,2,0,0,8,0,0,0,0,1,1,6,6,1,64,9,1968,2,10,AUDI A6,4,E01030304,0,-1
2020010264459,2020,010264459,1,9,0,99,99,9,9,99,99,9,9,99,9,99,9,9,6,6,1,39,7,1798,1,2,AUDI A6,5,E01001935,0,-1
2020421001241,2020,421001241,1,9,0,18,19,1,5,0,0,8,0,0,0,0,4,1,6,6,1,49,8,2698,2,12,AUDI A6,10,E01021624,0,-1
2020010228141,2020,010228141,2,9,0,99,99,9,9,99,99,9,9,99,9,99,0,9,6,6,1,50,8,1968,2,2,AUDI A6,2,E01002703,0,-1
2020610020520,2020,610020520,1,9,0,12,12,6,2,0,0,0,0,0,0,6,3,1,6,6,1,46,8,1968,2,13,AUDI A6,3,W01001444,0,-1
2020302001030,2020,302001030,1,9,0,3,3,8,4,0,0,0,0,0,0,0,2,1,6,6,1,-1,-1,1968,2,8,AUDI A6,4,E01005073,0,-1
202031D094120,2020,31D094120,1,9,0,18,19,4,8,0,0,8,0,0,0,0,1,1,1,1,2,51,8,2496,2,15,AUDI A6,2,E01028313,0,-1
2020137630374,2020,137630374,3,10,0,18,19,1,5,0,0,1,0,0,0,0,2,1,1,1,1,49,8,-1,-1,-1,-1,3,E01033542,0,-1
2020430356047,2020,430356047,1,9,0,18,19,1,2,0,0,8,0,0,0,0,1,1,6,6,2,29,6,2967,2,3,AUDI A6,-1,-1,0,-1
2020500945820,2020,500945820,1,9,0,4,4,7,3,0,0,1,0,0,0,0,2,1,2,2,1,32,6,2698,2,12,AUDI A6,4,E01020053,0,-1
2020070581268,2020,070581268,1,9,0,7,7,5,7,0,0,8,0,0,7,0,3,1,6,6,1,40,7,2496,2,21,AUDI A6,5,E01018319,0,-1
2020141009818,2020,141009818,2,9,0,18,19,2,6,0,0,8,0,0,0,0,1,1,5,6,1,32,6,1968,2,8,AUDI A6,2,E01033270,0,-1
202006G270630,2020,06G270630,2,9,0,18,19,5,1,0,0,8,0,0,0,0,1,1,6,6,1,52,8,1968,2,14,AUDI A6,-1,-1,0,-1
2020430173070,2020,430173070,2,9,0,18,19,6,2,0,0,6,0,0,0,0,1,1,1,1,1,49,8,2967,2,2,AUDI A6,6,E01016332,0,-1
2020010230931,2020,010230931,1,9,0,99,99,9,9,99,99,9,9,99,9,99,1,9,6,6,1,27,6,2496,2,16,AUDI A6,3,E01004038,0,-1
202006A172431,2020,06A172431,1,9,0,7,7,5,7,0,0,6,0,0,0,0,3,1,6,6,1,62,9,2393,1,20,AUDI A6,1,E01005191,0,-1
2020461010691,2020,461010691,2,9,0,18,19,5,1,0,0,0,0,0,0,0,1,1,6,6,1,36,7,2969,2,11,AUDI A6,7,E01024572,0,-1
2020350941135,2020,350941135,2,9,0,18,19,7,3,0,0,0,0,0,0,0,3,1,5,6,1,41,7,1896,2,18,AUDI A6,6,E01029956,0,-1
2020201019021,2020,201019021,1,9,0,4,4,6,2,0,0,1,0,0,0,0,1,1,2,2,1,-1,-1,2967,2,11,AUDI A6,-1,-1,0,-1
2020500964910,2020,500964910,1,9,0,18,19,1,5,0,0,1,0,0,0,0,1,1,6,6,1,51,8,1968,2,11,AUDI A6,1,E01015233,0,-1
2020360954844,2020,360954844,2,9,0,9,9,5,1,0,0,0,0,0,0,0,3,1,5,6,1,54,8,1968,2,9,AUDI A6,1,E01026623,0,-1
2020522002062,2020,522002062,2,9,0,7,7,4,6,0,0,6,0,0,0,0,2,1,6,6,1,48,8,1968,2,13,AUDI A6,4,E01014686,0,-1
202054B594520,2020,54B594520,4,9,0,17,19,5,1,0,0,0,0,0,0,0,0,1,6,6,2,30,6,1968,2,14,AUDI A6,-1,-1,0,-1
2020200949377,2020,200949377,5,9,0,2,2,0,0,0,0,2,0,0,0,0,3,1,6,6,1,65,9,1968,2,8,AUDI A6,2,E01010429,0,-1
2020010253381,2020,010253381,1,9,0,17,19,1,8,0,0,0,0,7,0,0,1,1,6,6,1,56,9,1968,2,3,AUDI A6,7,E01030569,0,-1
2020010262436,2020,010262436,1,9,0,99,99,9,9,0,0,0,0,0,0,0,1,1,6,6,1,40,7,2698,2,12,AUDI A6,4,E01017903,0,-1
2020010257045,2020,010257045,1,9,0,9,9,5,2,0,0,2,0,0,0,0,1,1,6,6,1,45,7,1968,2,6,AUDI A6,10,E01000345,0,-1
2020010271882,2020,010271882,2,9,0,7,7,5,8,0,0,2,0,0,0,0,1,1,6,6,1,25,5,2967,2,8,AUDI A6,4,E01000485,0,-1
2020201004704,2020,201004704,3,9,0,18,19,5,1,0,0,0,0,0,0,0,4,1,6,6,1,-1,-1,1968,2,8,AUDI A6,-1,-1,0,-1
2020470954311,2020,470954311,5,9,0,18,19,7,3,0,0,0,0,0,0,0,0,1,1,1,1,36,7,2967,2,4,AUDI A6,7,E01031471,0,-1
2020070302577,2020,070302577,2,9,0,2,2,0,0,4,4,0,0,0,0,0,2,1,6,6,1,46,8,1871,2,15,AUDI A6,10,E01018583,0,-1
2020010247972,2020,010247972,2,9,0,18,19,5,1,0,0,2,0,0,0,0,1,1,6,6,1,37,7,1968,2,3,AUDI A6,7,E01000347,0,-1
20201378O1721,2020,1378O1721,1,9,0,18,19,1,5,0,0,0,0,0,0,0,1,1,6,6,1,24,5,1871,2,17,AUDI A6,-1,-1,0,-1
2020070169322,2020,070169322,1,9,0,14,14,7,3,0,0,2,0,0,0,0,4,1,2,2,1,45,7,1968,2,2,AUDI A6,8,E01025477,0,-1
2020137750071,2020,137750071,1,9,0,6,6,6,2,0,0,0,0,0,0,0,1,1,6,6,3,-1,-1,2496,2,16,AUDI A6,-1,-1,0,-1
2020544081520,2020,544081520,1,9,0,7,7,5,7,0,0,4,0,0,0,0,1,1,6,6,1,30,6,1968,2,4,AUDI A6,10,E01015499,0,-1
2020302000269,2020,302000269,2,9,0,18,19,7,3,0,0,0,0,4,0,0,4,1,6,6,1,61,9,1968,2,5,AUDI A6,8,E01019600,0,-1
2020100985127,2020,100985127,2,9,0,18,19,1,5,0,0,0,0,0,1,1,4,1,5,6,2,38,7,2967,2,6,AUDI A6,3,E01008344,0,-1
202031B172120,2020,31B172120,1,9,0,18,19,5,1,0,0,1,0,7,1,11,4,1,6,6,1,37,7,2967,2,6,AUDI A6,7,E01028004,0,-1
2020100981324,2020,100981324,2,8,0,18,19,8,4,0,0,8,0,0,0,0,1,1,1,1,1,36,7,1968,2,6,-1,3,E01008298,0,-1
2020340N04092,2020,340N04092,2,9,0,18,19,3,7,0,0,1,0,0,0,0,1,1,6,6,2,33,6,2969,2,14,AUDI A6,4,E01027132,0,-1
2020010241858,2020,010241858,2,9,0,9,9,5,2,0,0,1,0,0,0,0,4,1,6,6,1,33,6,1968,2,1,AUDI A6,8,E01030000,0,-1
2020370956023,2020,370956023,2,9,0,4,4,4,7,0,0,0,0,0,0,0,2,1,1,1,1,45,7,1984,1,13,AUDI A6,5,E01030188,0,-1
2020470978348,2020,470978348,3,9,0,3,3,4,1,0,0,0,0,0,0,0,1,1,1,1,2,38,7,2967,2,4,AUDI A6,6,E01021034,0,-1
2020170M10190,2020,170M10190,2,9,0,18,19,8,4,0,0,0,0,0,0,0,1,1,1,1,2,26,6,1968,2,4,AUDI A6,9,E01011983,0,-1
2020552000329,2020,552000329,3,9,0,3,3,8,4,0,0,1,0,0,0,0,2,1,6,6,1,46,8,1968,2,9,AUDI A6,7,E01029199,0,-1
2020430395862,2020,430395862,1,9,0,4,4,2,6,0,0,0,0,0,0,0,2,1,6,6,2,42,7,1968,2,13,AUDI A6,2,E01028450,0,-1
2020460960477,2020,460960477,1,9,0,18,19,7,3,0,0,0,0,0,0,0,0,1,6,6,3,-1,-1,1968,2,12,AUDI A6,-1,-1,0,-1
2020990988129,2020,990988129,1,9,0,18,19,7,3,0,0,1,0,0,0,0,1,1,2,2,2,33,6,1968,2,4,AUDI A6,3,-1,0,-1
2020460990454,2020,460990454,1,9,0,5,5,3,7,0,0,0,0,0,0,0,3,1,6,6,2,-1,-1,1968,2,3,AUDI A6,10,E01024800,0,-1
2020500955332,2020,500955332,1,9,0,17,19,1,5,0,0,0,5,0,0,0,1,1,6,6,2,38,7,1968,2,8,AUDI A6,3,E01018873,0,-1
2020010285040,2020,010285040,2,9,0,11,11,3,7,0,0,0,0,0,0,0,2,1,6,6,1,30,6,1968,2,16,AUDI A6,2,E01000096,0,-1
2020122001365,2020,122001365,2,9,0,18,19,1,5,0,0,0,0,7,0,0,2,1,6,6,1,53,8,1968,2,5,AUDI A6,1,E01011661,0,-1
2020450999424,2020,450999424,1,9,0,18,19,1,5,0,0,4,0,0,0,0,2,1,2,2,1,63,9,1798,1,2,AUDI A6,10,E01030837,0,-1
2020420952494,2020,420952494,1,9,0,18,19,3,7,0,0,0,0,0,0,0,1,1,5,6,1,58,9,1968,2,7,AUDI A6,6,E01030053,0,-1
2020470932883,2020,470932883,1,9,0,18,19,8,4,0,0,0,0,7,0,0,1,1,6,6,1,38,7,2967,2,9,AUDI A6,4,E01021051,0,-1
2020340N06862,2020,340N06862,1,9,0,18,19,3,7,0,0,1,0,0,0,0,1,1,1,1,1,53,8,1968,2,9,AUDI A6,2,E01027155,0,-1
2020440220371,2020,440220371,5,9,0,2,2,0,0,0,0,0,0,0,0,0,2,1,6,6,3,39,7,1968,2,4,AUDI A6,4,E01017081,0,-1
2020010259939,2020,010259939,1,9,0,4,4,8,4,0,0,1,0,0,0,0,2,2,6,6,1,40,7,1968,2,14,AUDI A6,5,E01003080,0,-1
2020100982768,2020,100982768,2,9,0,2,2,0,0,0,0,0,0,0,0,0,1,1,5,6,2,43,7,1968,2,9,AUDI A6,3,E01020729,0,-1
2020100984390,2020,100984390,1,9,0,18,19,3,7,0,0,0,0,0,0,0,1,1,6,6,1,28,6,1968,2,8,AUDI A6,4,E01008640,0,-1
2020137CB0174,2020,137CB0174,1,9,0,18,19,5,1,0,0,1,0,0,0,0,1,1,6,6,3,-1,-1,1968,2,12,AUDI A6,-1,-1,0,-1
2020010237528,2020,010237528,1,9,0,99,99,9,9,99,99,1,9,99,9,99,2,1,6,6,1,38,7,1968,2,7,AUDI A6,2,E01004404,0,-1
2020461003311,2020,461003311,1,9,0,18,19,5,1,0,0,0,1,4,0,0,1,1,6,6,1,33,6,1968,2,5,AUDI A6,4,E01002448,0,-1
2020010284013,2020,010284013,1,9,0,9,9,1,7,0,0,2,0,0,0,0,1,1,6,6,1,72,10,2967,2,13,AUDI A6,6,E01001872,0,-1
2020200982105,2020,200982105,2,9,0,7,7,1,3,0,0,6,0,0,0,0,1,1,2,2,1,18,4,1968,2,15,AUDI A6,9,-1,0,-1
2020522002302,2020,522002302,2,9,0,6,6,5,5,0,0,0,0,0,0,0,0,1,6,6,3,-1,-1,1968,2,8,AUDI A6,-1,-1,0,-1
202006Q167523,2020,06Q167523,2,9,0,18,19,8,4,0,0,8,0,0,0,0,1,1,6,6,2,22,5,1968,2,7,AUDI A6,2,E01005438,0,-1
2020420937219,2020,420937219,1,9,0,18,19,5,1,0,0,0,0,0,0,0,0,1,6,6,1,45,7,2698,2,12,AUDI A6,-1,-1,0,-1
2020010228685,2020,010228685,1,9,0,9,9,7,5,0,0,2,0,0,0,0,1,1,6,6,1,39,7,1968,2,2,AUDI A6,8,E01021347,0,-1
2020122000950,2020,122000950,1,9,0,17,19,1,5,0,0,0,0,0,0,0,1,1,2,2,1,33,6,1968,2,15,AUDI A6,1,E01027804,0,-1
2020200949293,2020,200949293,1,9,0,4,4,2,5,0,0,0,0,0,0,0,2,1,1,1,1,29,6,1968,2,8,AUDI A6,1,E01010095,0,-1
2020160975467,2020,160975467,1,9,0,17,19,1,5,0,0,0,1,0,0,0,1,1,5,6,1,41,7,2967,2,7,AUDI A6,5,E01015301,0,-1
2020141007966,2020,141007966,1,9,0,18,19,5,1,0,0,2,0,0,0,0,2,1,5,6,1,45,7,1968,2,13,AUDI A6,1,E01008007,0,-1
2020320532555,2020,320532555,2,9,0,18,19,3,7,0,0,8,1,0,1,0,1,2,6,6,1,51,8,2967,2,6,AUDI A6,-1,-1,0,-1
2020010253182,2020,010253182,1,9,0,18,19,5,1,0,0,7,0,0,0,0,1,1,6,6,1,59,9,1968,2,11,AUDI A6,3,E01003127,0,-1
2020410933659,2020,410933659,1,9,0,18,19,4,8,0,0,0,0,0,5,6,3,1,6,6,1,31,6,1968,2,7,AUDI A6,5,E01030664,0,-1
2020010247846,2020,010247846,2,9,0,99,99,9,9,99,99,9,9,99,9,99,1,9,6,6,3,-1,-1,1968,2,5,AUDI A6,4,E01032732,0,-1
2020340N02492,2020,340N02492,1,9,0,18,19,1,5,0,0,1,0,0,0,0,4,1,6,6,1,65,9,2496,2,19,AUDI A6,1,E01014244,0,-1