collision_index,collision_year,collision_ref_no,vehicle_reference,vehicle_type,towing_and_articulation,vehicle_manoeuvre_historic,vehicle_manoeuvre,vehicle_direction_from,vehicle_direction_to,vehicle_location_restricted_lane_historic,vehicle_location_restricted_lane,junction_location,skidding_and_overturning,hit_object_in_carriageway,vehicle_leaving_carriageway,hit_object_off_carriageway,first_point_of_impact,vehicle_left_hand_drive,journey_purpose_of_driver_historic,journey_purpose_of_driver,sex_of_driver,age_of_driver,age_band_of_driver,engine_capacity_cc,propulsion_code,age_of_vehicle,generic_make_model,driver_imd_decile,lsoa_of_driver,escooter_flag,driver_distance_banding
2020460959600,2020,460959600,2,9,0,3,3,7,3,0,0,0,0,0,0,0,2,1,6,6,2,31,6,1968,2,7,AUDI A6,8,E01024053,0,-1
2020460971803,2020,460971803,1,9,0,18,19,3,7,0,0,1,0,0,0,0,1,1,6,6,1,54,8,2967,2,3,AUDI A6,10,E01021159,0,-1
2020010251855,2020,010251855,1,9,0,99,99,9,9,99,99,9,9,99,9,99,9,9,6,6,1,46,8,1968,2,1,AUDI A6,4,E01000029,0,-1
2020010244077,2020,010244077,2,9,0,99,99,9,9,99,99,0,9,99,9,99,1,9,6,6,3,-1,-1,1968,2,6,AUDI A6,-1,-1,0,-1
2020552000450,2020,552000450,1,9,0,18,19,2,5,0,0,8,0,0,0,0,3,1,6,6,1,22,5,2969,2,12,AUDI A6,3,E01033242,0,-1
2020137B70430,2020,137B70430,2,9,0,2,2,1,5,0,0,0,0,0,0,0,2,1,1,1,3,-1,-1,1968,2,12,AUDI A6,-1,-1,0,-1
2020010283515,2020,010283515,1,9,0,18,19,7,3,99,99,1,9,99,9,99,2,9,2,2,2,24,5,1968,2,5,AUDI A6,8,E01003765,0,-1
2020530989672,2020,530989672,1,9,0,18,19,6,2,0,0,0,0,0,0,0,4,1,5,6,1,65,9,2967,2,5,AUDI A6,9,E01022278,0,-1
2020450925713,2020,450925713,1,9,0,18,19,1,5,0,0,0,0,0,0,0,1,1,1,1,1,30,6,1968,2,6,AUDI A6,10,E01030500,0,-1
2020230923504,2020,230923504,1,9,0,18,19,3,7,0,0,0,0,0,0,0,1,1,5,6,1,50,8,1968,2,11,AUDI A6,7,E01027259,0,-1
2020552100171,2020,552100171,1,9,0,16,19,2,6,0,0,8,0,0,0,0,1,1,2,2,1,44,7,1968,2,7,AUDI A6,7,E01020513,0,-1
2020010246204,2020,010246204,1,9,0,18,19,1,5,0,0,0,0,0,2,7,1,1,6,6,1,41,7,1968,2,3,AUDI A6,5,E01023827,0,-1
2020470980272,2020,470980272,1,9,0,18,19,1,5,0,0,0,0,0,0,0,3,1,6,6,1,48,8,1968,2,7,AUDI A6,9,E01031816,0,-1
2020420921982,2020,420921982,2,9,0,18,19,3,5,0,0,4,0,0,0,0,2,1,1,1,1,28,6,1968,2,7,AUDI A6,2,E01002281,0,-1
2020410980874,2020,410980874,2,9,0,5,5,5,1,0,0,0,0,0,0,0,2,1,5,6,1,39,7,1968,2,6,AUDI A6,6,E01023671,0,-1
2020460950714,2020,460950714,1,9,0,18,19,1,5,0,0,0,0,0,1,0,1,1,5,6,1,36,7,1968,2,5,AUDI A6,1,E01024498,0,-1
2020430160671,2020,430160671,1,9,0,9,9,7,5,0,0,8,0,0,0,0,1,1,6,6,1,29,6,2969,2,13,AUDI A6,4,E01016710,0,-1
2020220949780,2020,220949780,1,9,0,18,19,6,2,0,0,0,0,0,2,10,1,1,5,6,1,36,7,1968,2,5,AUDI A6,6,E01032129,0,-1
2020501015634,2020,501015634,4,9,0,18,19,4,8,0,0,0,0,0,0,0,2,1,6,6,1,35,6,1968,2,11,AUDI A6,3,E01019991,0,-1
2020230932498,2020,230932498,3,9,0,3,3,2,6,0,0,0,0,0,0,0,2,1,5,6,1,61,9,1968,2,3,AUDI A6,10,E01028489,0,-1
2020201020884,2020,201020884,2,9,0,2,2,0,0,0,0,0,0,0,0,0,4,1,6,6,1,-1,-1,1968,2,3,AUDI A6,-1,-1,0,-1
2020010251627,2020,010251627,1,9,0,18,19,7,3,0,0,1,0,0,0,0,1,1,6,6,1,31,6,2967,2,7,AUDI A6,-1,-1,0,-1
2020137760466,2020,137760466,2,9,0,18,19,7,3,0,0,8,0,0,0,0,1,1,6,6,2,53,8,1968,2,4,AUDI A6,8,E01011530,0,-1
2020340N01512,2020,340N01512,1,9,0,18,19,1,5,0,0,1,0,0,0,0,1,1,6,6,1,-1,-1,1968,2,7,AUDI A6,-1,-1,0,-1
2020010253059,2020,010253059,2,9,0,18,19,1,5,0,0,0,0,0,0,0,1,1,6,6,1,25,5,1968,2,12,AUDI A6,2,E01003288,0,-1
2020010251177,2020,010251177,2,9,0,9,9,1,6,0,0,2,0,0,0,0,1,1,6,6,1,30,6,1968,2,8,AUDI A6,2,E01003912,0,-1
202031C048920,2020,31C048920,2,9,0,9,9,6,5,0,0,5,0,0,0,0,1,1,6,6,1,30,6,1871,2,15,AUDI A6,1,E01013877,0,-1
2020990988871,2020,990988871,2,9,0,18,19,4,8,0,0,0,0,0,0,0,2,1,5,6,1,76,11,1968,2,5,AUDI A6,10,-1,0,-1
2020450928585,2020,450928585,3,9,0,3,3,3,7,0,0,0,0,0,0,0,2,1,5,6,1,56,9,1968,2,3,AUDI A6,7,E01031197,0,-1
2020010264796,2020,010264796,1,8,0,99,99,9,9,99,99,9,9,99,9,99,2,9,6,6,1,35,6,1968,2,4,-1,3,E01032785,0,-1
2020010237213,2020,010237213,2,9,0,99,99,9,9,99,99,9,9,99,9,99,1,9,6,6,3,-1,-1,3123,1,14,AUDI A6,-1,-1,0,-1
2020320106792,2020,320106792,2,8,0,9,9,3,7,0,0,1,0,0,0,0,2,1,1,1,1,35,6,1968,2,12,-1,2,E01026166,0,-1
2020010257276,2020,010257276,2,9,0,11,11,4,8,0,0,6,0,0,0,0,4,1,1,1,1,50,8,1968,2,1,AUDI A6,3,E01003637,0,-1
20201378J1952,2020,1378J1952,2,9,0,18,19,3,7,0,0,1,1,0,0,0,1,1,2,2,1,44,7,2967,2,6,AUDI A6,3,E01010864,0,-1
2020030918822,2020,030918822,1,9,0,5,5,1,5,0,0,0,0,0,0,0,1,1,5,6,1,24,5,1968,2,13,AUDI A6,3,E01019271,0,-1
2020361001075,2020,361001075,4,9,0,2,2,0,0,6,6,0,-1,-1,-1,0,-1,1,6,6,1,-1,-1,1968,2,13,AUDI A6,9,E01026933,0,-1
2020200983018,2020,200983018,2,9,0,18,19,0,0,0,0,8,0,0,0,0,0,1,6,6,1,-1,-1,2967,2,1,AUDI A6,-1,-1,0,-1
2020040919701,2020,040919701,1,9,0,7,7,8,4,0,0,0,1,0,1,9,2,1,5,6,1,49,8,1968,2,8,AUDI A6,5,E01006366,0,-1
2020450937545,2020,450937545,2,9,0,18,19,5,1,0,0,1,0,0,0,0,1,1,5,6,1,29,6,1968,2,13,AUDI A6,9,E01030330,0,-1
2020340K03652,2020,340K03652,2,9,0,18,19,5,1,0,0,0,0,0,0,0,1,1,6,6,2,42,7,2969,2,15,AUDI A6,9,E01027063,0,-1
2020610008020,2020,610008020,1,9,0,18,19,1,0,0,0,1,0,0,0,0,0,1,2,2,1,37,7,1968,2,13,AUDI A6,10,W01001636,0,-1
2020010248520,2020,010248520,1,9,0,9,9,1,7,0,0,4,0,0,0,0,4,1,6,6,1,48,8,1968,2,10,AUDI A6,6,E01002618,0,-1
2020360969854,2020,360969854,1,9,-1,4,4,6,2,0,0,0,0,0,0,0,-1,1,6,6,3,-1,-1,1968,2,8,AUDI A6,-1,-1,0,-1
2020990921351,2020,990921351,1,9,0,15,15,7,3,0,0,1,0,0,0,0,1,1,5,6,1,34,6,2969,2,12,AUDI A6,2,-1,0,-1
2020400934022,2020,400934022,2,9,0,7,7,7,3,0,0,3,0,0,0,0,3,1,5,6,1,43,7,1968,2,5,AUDI A6,2,E01015759,0,-1
2020200974565,2020,200974565,3,9,0,18,19,6,2,0,0,0,0,0,0,0,1,1,6,6,1,20,4,1968,2,8,AUDI A6,-1,-1,0,-1
20201378Q1354,2020,1378Q1354,1,9,0,18,19,5,4,0,0,1,0,0,0,0,2,1,6,6,1,46,8,1968,2,6,AUDI A6,1,E01011423,0,-1
2020010232483,2020,010232483,1,9,0,9,9,1,6,0,0,5,0,0,0,0,4,1,6,6,1,41,7,1968,2,6,AUDI A6,-1,-1,0,-1
2020040978455,2020,040978455,2,9,0,18,19,7,3,0,0,1,0,0,0,0,1,1,5,6,2,27,6,1968,2,2,AUDI A6,1,E01025224,0,-1
2020200950876,2020,200950876,2,9,0,18,19,2,6,0,0,8,0,0,0,0,4,1,1,1,1,-1,-1,2967,2,1,AUDI A6,-1,-1,0,-1
2020430031295,2020,430031295,2,9,0,16,19,2,5,0,0,0,0,0,0,0,1,1,6,6,1,48,8,2496,2,20,AUDI A6,7,E01028795,0,-1
2020350952496,2020,350952496,1,9,0,18,19,-1,-1,0,0,0,0,0,0,0,1,1,5,6,1,29,6,1968,2,7,AUDI A6,3,E01017971,0,-1
202006K178679,2020,06K178679,1,9,0,18,19,5,1,0,0,1,0,0,0,0,2,1,6,6,1,43,7,1968,2,5,AUDI A6,6,E01006221,0,-1
2020010270862,2020,010270862,2,9,9,99,99,9,9,99,99,9,9,99,9,99,9,9,6,6,1,37,7,1984,1,0,AUDI A6,8,E01021763,0,-1
2020010263795,2020,010263795,1,9,0,7,7,5,8,0,0,1,0,0,0,0,1,1,6,6,1,28,6,1968,2,5,AUDI A6,2,E01002072,0,-1
2020137320567,2020,137320567,1,9,0,9,9,5,4,0,0,4,0,0,0,0,2,1,1,1,1,43,7,1968,2,1,AUDI A6,8,E01006150,0,-1
2020340N08382,2020,340N08382,2,9,0,9,9,7,3,0,0,1,0,0,0,0,1,1,6,6,1,-1,-1,2496,2,18,AUDI A6,5,E01027215,0,-1
2020010263264,2020,010263264,3,9,0,18,19,5,1,0,0,0,0,0,0,0,1,1,1,1,1,51,8,1968,2,3,AUDI A6,2,E01003092,0,-1
2020010234294,2020,010234294,2,9,0,99,99,9,9,99,99,9,9,99,9,99,1,9,6,6,3,-1,-1,1968,2,13,AUDI A6,-1,-1,0,-1
2020552000955,2020,552000955,2,9,0,18,19,8,4,0,0,8,0,0,7,11,1,1,6,6,1,39,7,2698,2,11,AUDI A6,5,E01020459,0,-1
2020160945436,2020,160945436,1,9,0,18,19,3,7,0,0,8,0,10,1,0,4,1,6,6,2,57,9,2967,2,7,AUDI A6,5,E01013211,0,-1
2020530981138,2020,530981138,1,9,0,18,19,5,5,0,0,0,0,0,7,0,1,1,6,6,1,28,6,1968,2,4,AUDI A6,9,E01015547,0,-1
2020370939355,2020,370939355,1,9,0,18,19,5,1,0,0,1,0,0,0,0,1,1,1,1,1,29,6,1968,2,4,AUDI A6,4,E01029949,0,-1
2020010282125,2020,010282125,1,9,0,5,5,3,7,0,0,8,0,0,0,0,4,1,6,6,3,-1,-1,1968,2,4,AUDI A6,-1,-1,0,-1
2020010266477,2020,010266477,2,9,0,99,99,9,9,99,99,9,9,99,9,99,1,9,6,6,1,46,8,1968,2,8,AUDI A6,7,E01000517,0,-1
2020500959462,2020,500959462,2,9,0,18,19,7,5,0,0,8,0,0,1,0,1,1,1,1,1,49,8,2995,1,11,AUDI A6,10,E01022793,0,-1
2020010271576,2020,010271576,2,9,0,99,99,9,9,99,99,9,9,99,9,99,9,9,6,6,3,-1,-1,2967,2,4,AUDI A6,-1,-1,0,-1
2020522004411,2020,522004411,2,9,0,2,2,0,0,0,0,0,0,0,0,0,4,1,6,6,1,74,10,2496,2,18,AUDI A6,7,E01014525,0,-1
2020420978224,2020,420978224,1,9,0,18,19,1,5,0,0,0,0,0,0,0,1,1,6,6,1,35,6,1968,2,6,AUDI A6,4,E01002103,0,-1
2020010253455,2020,010253455,1,9,0,99,99,9,9,99,99,1,9,99,9,99,2,1,6,6,1,-1,-1,1968,2,1,AUDI A6,7,E01002349,0,-1
2020010249633,2020,010249633,1,9,0,18,19,5,1,0,0,0,0,0,0,0,1,1,6,6,1,31,6,2698,2,10,AUDI A6,2,E01001257,0,-1
2020200942184,2020,200942184,2,9,0,8,8,2,4,0,0,1,0,0,0,0,2,1,6,6,3,31,6,1968,2,13,AUDI A6,2,E01009022,0,-1
2020302000341,2020,302000341,1,9,0,13,13,6,2,0,0,0,0,0,0,0,2,1,6,6,1,38,7,1968,2,6,AUDI A6,4,E01007810,0,-1
2020470986427,2020,470986427,2,9,0,4,4,5,2,0,0,0,0,0,0,0,1,2,5,6,2,55,8,2967,2,4,AUDI A6,8,E01021163,0,-1
20201375U2138,2020,1375U2138,5,9,0,2,2,0,0,0,0,0,0,0,0,0,1,1,6,6,3,-1,-1,1968,2,8,AUDI A6,-1,-1,0,-1
2020440022925,2020,440022925,1,9,0,3,3,2,6,0,0,0,0,0,0,0,2,1,6,6,2,60,9,2967,2,3,AUDI A6,5,E01015329,0,-1
2020990934368,2020,990934368,1,9,0,18,19,7,3,0,0,0,2,0,4,0,3,1,6,6,1,65,9,1968,2,8,AUDI A6,5,-1,0,-1
2020200943466,2020,200943466,2,9,0,5,5,3,7,0,0,0,0,0,0,0,2,1,6,6,1,30,6,1968,2,12,AUDI A6,1,E01009349,0,-1
202031D082020,2020,31D082020,1,9,0,18,19,7,2,0,0,4,0,0,0,0,3,1,1,1,1,42,7,1968,2,1,AUDI A6,8,E01018403,0,-1
2020230941635,2020,230941635,2,9,4,11,11,5,1,0,0,0,0,0,0,0,2,1,5,6,1,49,8,1968,2,13,AUDI A6,7,E01013669,0,-1
2020990933425,2020,990933425,3,9,0,18,19,8,4,0,0,0,0,0,1,0,3,1,6,6,1,23,5,2969,2,13,AUDI A6,4,-1,0,-1
2020211023838,2020,211023838,2,9,0,10,10,6,3,0,0,8,0,0,0,0,1,1,6,6,2,34,6,2967,2,8,AUDI A6,4,E01029808,0,-1
2020010279404,2020,010279404,1,9,0,18,19,3,7,0,0,1,0,0,0,0,1,2,6,6,1,31,6,1968,2,5,AUDI A6,2,E01003912,0,-1
2020200976515,2020,200976515,2,9,0,18,19,2,6,0,0,0,0,0,0,0,3,1,6,6,1,53,8,1968,2,7,AUDI A6,5,E01009186,0,-1
2020200993829,2020,200993829,2,9,0,4,4,2,6,0,0,0,0,0,0,0,1,1,6,6,3,30,6,2967,2,8,AUDI A6,-1,-1,0,-1
2020100991588,2020,100991588,2,9,0,18,19,4,8,0,0,0,1,0,0,0,1,1,5,6,1,34,6,1968,2,4,AUDI A6,1,E01008299,0,-1
2020320500425,2020,320500425,1,9,0,2,2,0,0,0,0,0,0,0,0,0,2,1,6,6,3,40,7,2698,2,14,AUDI A6,-1,-1,0,-1
2020450982627,2020,450982627,3,9,0,18,19,5,1,0,0,0,0,0,0,0,1,1,5,6,1,58,9,2967,2,10,AUDI A6,10,E01030796,0,-1
2020010229400,2020,010229400,1,9,0,14,14,1,5,0,0,0,0,0,0,0,1,1,2,2,1,34,6,1968,2,8,AUDI A6,4,E01023350,0,-1
2020122000804,2020,122000804,3,9,0,4,4,4,8,0,0,0,0,0,0,0,1,1,6,6,2,43,7,1968,2,8,AUDI A6,10,E01013402,0,-1
2020430220116,2020,430220116,2,9,0,18,19,8,4,0,0,1,1,10,0,0,1,1,1,1,1,51,8,1968,2,13,AUDI A6,10,E01016670,0,-1
2020140930584,2020,140930584,3,9,0,9,9,2,8,0,0,8,0,0,0,0,1,1,6,6,1,28,6,1968,2,6,AUDI A6,5,E01033414,0,-1
2020350979397,2020,350979397,1,9,0,18,19,2,6,0,0,1,0,0,0,0,1,1,1,1,1,31,6,1968,2,7,AUDI A6,1,E01015603,0,-1
2020450943457,2020,450943457,2,9,0,9,9,3,1,0,0,6,0,0,0,0,1,1,6,6,1,51,8,2967,2,5,AUDI A6,6,E01030755,0,-1
2020350988806,2020,350988806,2,9,0,16,19,3,7,0,0,0,0,0,0,0,2,1,5,6,2,39,7,1871,2,15,AUDI A6,1,E01015642,0,-1
2020010255919,2020,010255919,1,9,0,18,19,7,3,0,0,9,0,0,0,0,1,1,6,6,1,29,6,1968,2,6,AUDI A6,2,E01004315,0,-1
2020010267324,2020,010267324,3,9,4,4,4,3,7,0,0,0,0,0,0,0,2,1,6,6,1,48,8,1896,2,17,AUDI A6,9,E01000538,0,-1
2020470958305,2020,470958305,3,9,0,18,19,7,3,0,0,1,0,0,0,0,3,1,2,2,2,23,5,1968,2,6,AUDI A6,4,E01021060,0,-1
202031A044320,2020,31A044320,2,9,0,4,4,6,2,0,0,0,0,0,0,0,2,1,6,6,2,28,6,1968,2,4,AUDI A6,4,E01028260,0,-1
2020010238138,2020,010238138,3,9,0,2,2,0,0,0,0,2,0,0,0,0,3,1,6,6,3,-1,-1,1968,2,10,AUDI A6,-1,-1,0,-1
2020141004659,2020,141004659,1,9,0,17,19,5,2,0,0,0,0,0,1,0,1,1,2,2,1,32,6,1968,2,14,AUDI A6,6,E01008002,0,-1
2020470984647,2020,470984647,2,9,0,6,6,1,1,0,0,6,0,0,0,0,4,1,1,1,1,28,6,2967,2,4,AUDI A6,6,E01021034,0,-1
2020010283823,2020,010283823,1,9,0,18,19,2,6,0,0,0,0,0,0,0,1,1,6,6,1,26,6,1968,2,12,AUDI A6,5,E01023019,0,-1
2020522002568,2020,522002568,1,9,0,18,19,8,4,0,0,0,0,0,0,0,1,1,6,6,1,58,9,1968,2,6,AUDI A6,9,E01014557,0,-1
2020990957789,2020,990957789,2,9,0,16,19,3,7,0,0,0,1,0,0,0,3,1,5,6,1,73,10,2967,2,5,AUDI A6,6,-1,0,-1
2020141013242,2020,141013242,2,9,0,18,19,6,2,0,0,1,0,0,0,0,1,1,5,6,1,40,7,1968,2,5,AUDI A6,2,E01007767,0,-1
2020010249882,2020,010249882,1,5,0,13,13,3,7,0,0,8,0,0,0,0,1,1,6,6,1,44,7,1203,1,13,-1,6,E01024180,0,-1
2020520005167,2020,520005167,1,5,0,4,4,5,1,0,0,0,1,0,0,0,1,1,6,6,1,56,9,984,1,15,-1,3,E01029079,0,-1
2020110964249,2020,110964249,1,5,0,13,13,4,8,0,0,8,0,0,1,0,1,1,5,6,1,54,8,598,1,16,-1,5,E01027477,0,-1
20201377I0514,2020,1377I0514,1,5,0,18,19,5,1,0,0,1,0,0,0,0,1,1,6,6,1,56,9,1198,1,1,-1,6,E01010922,0,-1
2020370942043,2020,370942043,1,9,0,5,5,7,3,0,0,2,0,0,0,0,3,1,2,2,1,64,9,1086,1,14,HYUNDAI AMICA,5,E01029992,0,-1
2020470984983,2020,470984983,1,9,0,18,19,1,5,0,0,1,0,0,0,0,4,1,5,6,1,65,9,1086,1,14,HYUNDAI AMICA,1,E01020995,0,-1
2020010275175,2020,010275175,1,9,0,18,19,7,3,0,0,8,0,0,0,0,2,9,6,6,2,43,7,1086,1,13,HYUNDAI AMICA,4,E01004419,0,-1
2020010283164,2020,010283164,1,9,0,4,4,1,5,0,0,1,0,0,0,0,1,1,2,2,1,20,4,1086,1,14,HYUNDAI AMICA,3,E01003686,0,-1
2020360979190,2020,360979190,1,9,0,18,19,7,3,0,0,0,0,0,0,0,4,1,5,6,2,57,9,1086,1,14,HYUNDAI AMICA,3,E01026779,0,-1
2020200946477,2020,200946477,2,9,0,9,9,5,3,0,0,6,0,0,0,0,3,1,6,6,2,81,11,1086,1,14,HYUNDAI AMICA,2,E01009833,0,-1
2020010274697,2020,010274697,1,9,0,13,13,7,3,0,0,0,0,10,7,10,1,1,6,6,1,57,9,1086,1,13,HYUNDAI AMICA,5,E01002395,0,-1
2020540959420,2020,540959420,1,9,0,18,19,6,2,0,0,0,2,0,0,0,1,1,1,1,2,32,6,1086,1,12,HYUNDAI AMICA,5,E01031947,0,-1
2020010261869,2020,010261869,1,9,0,99,99,9,9,99,99,2,9,99,9,99,9,9,6,6,3,-1,-1,1086,1,14,HYUNDAI AMICA,3,E01003686,0,-1
2020030959009,2020,030959009,1,9,0,18,19,3,7,0,0,1,0,0,0,0,4,1,6,6,2,32,6,1086,1,12,HYUNDAI AMICA,1,E01019280,0,-1
2020400941707,2020,400941707,1,9,0,18,19,1,6,0,0,8,0,0,0,0,1,1,5,6,2,85,11,1086,1,13,HYUNDAI AMICA,3,E01017501,0,-1
2020470982497,2020,470982497,1,9,0,7,7,3,1,0,0,6,0,0,0,0,3,2,6,6,2,60,9,1086,1,14,HYUNDAI AMICA,5,E01016991,0,-1
2020552100098,2020,552100098,1,9,0,7,7,5,7,0,0,6,0,0,0,0,1,1,6,6,1,65,9,1086,1,13,HYUNDAI AMICA,-1,-1,0,-1
2020522002115,2020,522002115,1,9,0,9,9,2,8,0,0,8,0,9,0,0,3,1,6,6,2,43,7,1086,1,13,HYUNDAI AMICA,2,E01014692,0,-1
2020360971694,2020,360971694,1,9,0,9,9,6,2,0,0,0,0,0,0,0,1,1,5,6,2,19,4,1086,1,13,HYUNDAI AMICA,4,E01026891,0,-1
2020500984528,2020,500984528,1,9,0,18,19,3,7,0,0,4,0,0,0,0,3,1,6,6,1,61,9,999,1,18,HYUNDAI AMICA,6,E01020069,0,-1
2020122001003,2020,122001003,2,9,0,9,9,5,2,0,0,2,0,0,1,2,1,1,6,6,1,39,7,999,1,19,HYUNDAI AMICA,5,E01033069,0,-1
202006G278569,2020,06G278569,2,9,0,18,19,7,3,0,0,8,0,0,0,0,1,1,6,6,3,-1,-1,999,1,19,HYUNDAI AMICA,-1,-1,0,-1
2020010284897,2020,010284897,1,9,0,11,11,3,7,0,0,2,0,0,0,0,3,1,6,6,1,49,8,999,1,20,HYUNDAI AMICA,-1,-1,0,-1
2020430169793,2020,430169793,2,9,0,7,7,6,1,0,0,5,0,0,0,0,4,1,2,2,2,45,7,1086,1,14,HYUNDAI AMICA,3,E01016454,0,-1
2020420932980,2020,420932980,1,9,0,18,19,2,6,0,0,8,5,0,3,0,1,1,5,6,1,77,11,1086,1,14,HYUNDAI AMICA,9,E01021579,0,-1
2020200980444,2020,200980444,1,9,0,18,19,1,5,0,0,8,0,10,1,11,1,1,1,1,2,45,7,1086,1,14,HYUNDAI AMICA,2,E01009630,0,-1
2020450976805,2020,450976805,1,9,0,9,9,0,0,0,0,0,0,0,0,0,0,1,2,2,1,46,8,1086,1,14,HYUNDAI AMICA,8,E01030893,0,-1
2020420972381,2020,420972381,1,9,0,18,19,4,8,0,0,0,0,0,0,0,1,1,6,6,2,-1,-1,1086,1,14,HYUNDAI AMICA,7,E01021867,0,-1
202031B071220,2020,31B071220,1,9,0,17,19,1,6,0,0,0,1,0,1,4,1,1,6,6,2,19,4,1086,1,13,HYUNDAI AMICA,7,E01033394,0,-1
2020010261635,2020,010261635,1,9,0,18,19,1,5,0,0,0,0,0,0,0,1,1,6,6,2,54,8,1086,1,13,HYUNDAI AMICA,3,E01002405,0,-1
20201374P0230,2020,1374P0230,1,9,0,16,19,5,8,0,0,0,5,0,7,10,1,1,6,6,1,25,5,1086,1,13,HYUNDAI AMICA,9,E01010576,0,-1
2020010271838,2020,010271838,1,9,0,18,19,3,7,0,0,1,0,7,0,0,1,1,6,6,1,40,7,1086,1,13,HYUNDAI AMICA,3,E01023573,0,-1
2020010261735,2020,010261735,2,9,0,18,19,6,2,0,0,1,0,0,0,0,0,1,6,6,1,23,5,1086,1,14,HYUNDAI AMICA,-1,-1,0,-1
2020302001468,2020,302001468,2,9,0,18,19,4,8,0,0,0,0,0,0,0,1,1,6,6,1,64,9,1086,1,12,HYUNDAI AMICA,5,E01019534,0,-1
202031C170720,2020,31C170720,1,9,0,9,9,5,2,0,0,6,0,0,0,0,4,1,6,6,1,48,8,1086,1,13,HYUNDAI AMICA,1,E01013850,0,-1
202006K376446,2020,06K376446,1,9,0,18,19,4,8,0,0,1,0,0,0,0,1,1,6,6,2,30,6,999,1,18,HYUNDAI AMICA,-1,-1,0,-1
2020220963294,2020,220963294,2,19,0,17,19,1,6,0,0,0,0,0,0,0,3,1,1,1,1,-1,-1,5193,2,12,-1,4,E01029353,0,-1
2020137571076,2020,137571076,1,19,0,2,2,0,0,0,0,0,0,0,0,0,2,1,6,6,1,-1,-1,-1,-1,-1,-1,-1,-1,0,-1
2020990973499,2020,990973499,1,17,0,18,19,8,4,0,0,0,0,0,0,0,0,1,1,1,1,41,7,4800,2,1,-1,9,-1,0,-1
2020340E04662,2020,340E04662,1,5,0,4,4,3,7,0,0,1,5,0,0,0,0,1,6,6,1,58,9,1600,1,14,-1,5,E01027062,0,-1
2020460928505,2020,460928505,2,5,0,3,3,3,7,0,0,0,0,0,0,0,2,1,5,6,1,57,9,1552,1,17,-1,1,E01024597,0,-1
2020440462421,2020,440462421,1,9,0,18,19,4,8,0,0,8,1,0,3,11,1,1,2,2,1,49,8,1490,1,0,-1,10,E01022588,0,-1
2020545123420,2020,545123420,2,9,0,18,19,2,6,0,0,0,0,0,0,0,1,1,6,6,1,30,6,1490,1,0,-1,9,E01031922,0,-1
2020010285465,2020,010285465,1,9,0,9,9,3,1,0,0,8,0,0,0,0,1,1,6,6,1,17,4,1490,1,0,-1,7,E01024437,0,-1
2020140990038,2020,140990038,2,9,0,9,9,5,3,0,0,6,0,0,0,0,3,1,2,2,2,60,9,1490,1,0,-1,8,E01007524,0,-1
2020440113292,2020,440113292,1,9,0,13,13,3,7,0,0,8,0,0,0,0,1,1,6,6,1,58,9,1798,1,-1,-1,10,E01023228,0,-1
2020440461880,2020,440461880,2,9,0,18,19,8,4,0,0,8,0,0,0,0,1,1,6,6,2,70,10,1798,1,47,-1,7,E01022514,0,-1
2020460965256,2020,460965256,1,9,0,5,5,3,7,9,9,0,0,0,0,0,1,1,6,6,1,21,5,1798,1,41,-1,9,E01023999,0,-1
2020010271058,2020,010271058,1,9,0,18,19,5,1,9,9,1,1,4,1,0,3,1,6,6,1,21,5,1798,1,44,-1,4,E01002792,0,-1
2020500954967,2020,500954967,1,9,0,13,13,5,1,0,0,0,2,0,1,9,1,1,5,6,1,69,10,1798,1,42,-1,5,E01015225,0,-1
2020122000858,2020,122000858,1,9,0,18,19,7,3,0,0,0,0,0,0,0,1,1,6,6,1,27,6,1798,1,-1,-1,-1,-1,0,-1
2020200970237,2020,200970237,2,9,0,2,2,0,0,0,0,0,0,0,0,0,0,1,6,6,1,-1,-1,1798,1,42,-1,5,E01010393,0,-1
2020122000676,2020,122000676,1,9,0,13,13,3,7,0,0,1,1,0,7,11,1,1,6,6,1,26,6,3696,1,10,-1,5,E01011883,0,-1
2020470924401,2020,470924401,2,9,0,3,3,1,5,0,0,0,0,0,0,0,2,1,2,2,1,32,6,3696,1,3,-1,6,E01031676,0,-1
20201378T1188,2020,1378T1188,1,9,0,12,12,4,8,0,0,0,1,0,4,6,1,1,6,6,1,32,6,3696,1,10,-1,4,-1,0,-1
2020450942665,2020,450942665,1,9,0,5,5,1,5,0,0,0,0,0,0,0,1,1,6,6,1,21,5,3696,1,7,-1,9,E01030672,0,-1
2020410944429,2020,410944429,2,9,0,12,12,1,2,0,0,0,0,0,0,0,1,1,6,6,1,58,9,3696,1,8,-1,8,E01021795,0,-1
2020221005769,2020,221005769,3,9,0,2,2,0,0,0,0,0,0,0,0,0,2,1,6,6,3,34,6,3696,1,9,-1,-1,-1,0,-1
2020010275231,2020,010275231,1,2,0,99,99,9,9,99,99,0,9,99,9,99,1,1,6,6,1,46,8,49,1,9,-1,2,E01000100,0,-1
2020500947151,2020,500947151,2,2,0,4,4,5,1,0,0,0,0,0,0,0,0,1,5,6,2,16,4,49,1,6,-1,6,E01020244,0,-1
2020010252408,2020,010252408,1,3,0,99,99,9,9,99,99,9,9,99,9,99,9,1,6,6,1,25,5,124,1,9,-1,2,E01003151,0,-1