collision_index,collision_year,collision_ref_no,vehicle_reference,vehicle_type,towing_and_articulation,vehicle_manoeuvre_historic,vehicle_manoeuvre,vehicle_direction_from,vehicle_direction_to,vehicle_location_restricted_lane_historic,vehicle_location_restricted_lane,junction_location,skidding_and_overturning,hit_object_in_carriageway,vehicle_leaving_carriageway,hit_object_off_carriageway,first_point_of_impact,vehicle_left_hand_drive,journey_purpose_of_driver_historic,journey_purpose_of_driver,sex_of_driver,age_of_driver,age_band_of_driver,engine_capacity_cc,propulsion_code,age_of_vehicle,generic_make_model,driver_imd_decile,lsoa_of_driver,escooter_flag,driver_distance_banding
2020420969102,2020,420969102,2,2,0,16,19,3,7,0,0,1,0,0,0,0,4,1,6,6,1,20,4,124,1,9,-1,1,E01022030,0,-1
2020522101110,2020,522101110,1,2,0,18,19,5,1,0,0,0,0,0,0,0,1,1,6,6,2,18,4,49,1,7,-1,3,E01014841,0,-1
2020440463575,2020,440463575,2,3,0,18,19,8,4,0,0,8,0,0,0,0,1,1,6,6,1,19,4,124,1,8,-1,7,E01017247,0,-1
2020010251329,2020,010251329,1,3,0,99,99,9,9,99,99,9,9,99,9,99,9,1,2,2,1,23,5,124,1,5,-1,6,E01001034,0,-1
2020460987537,2020,460987537,1,9,0,16,19,5,1,0,0,0,1,0,0,0,1,1,6,6,1,37,7,3000,1,19,-1,-1,-1,0,-1
2020461004321,2020,461004321,2,9,0,18,19,5,1,0,0,1,0,0,0,0,1,1,5,6,1,21,5,1990,1,19,-1,6,E01024034,0,-1
2020530992678,2020,530992678,1,9,0,17,19,7,3,0,0,0,0,0,2,4,4,1,5,6,1,38,7,1999,1,14,-1,7,E01014884,0,-1
2020990998921,2020,990998921,1,9,0,18,19,5,1,0,0,0,1,0,1,4,1,1,5,6,1,24,5,1990,1,13,-1,6,-1,0,-1
2020302000177,2020,302000177,1,9,0,16,19,2,6,0,0,3,1,0,1,4,1,1,6,6,1,21,5,1994,1,19,-1,7,E01019422,0,-1
20201373D0193,2020,1373D0193,2,5,0,18,19,4,8,0,0,8,0,0,0,0,1,1,2,2,1,73,10,805,1,10,-1,1,E01010745,0,-1
202006K268759,2020,06K268759,2,5,0,4,4,5,1,0,0,8,1,0,0,0,4,1,2,2,1,61,9,805,1,17,-1,1,E01006361,0,-1
2020010283699,2020,010283699,1,9,0,18,19,7,3,0,0,8,0,0,0,0,1,1,6,6,1,22,5,1984,1,1,VOLKSWAGEN ARTEON,10,E01023735,0,-1
202006K178822,2020,06K178822,1,9,0,17,19,2,7,0,0,0,1,10,2,4,4,1,6,6,1,20,4,1984,1,0,VOLKSWAGEN ARTEON,10,E01004885,0,-1
2020010243142,2020,010243142,2,9,0,9,9,1,6,0,0,1,0,0,0,0,4,1,6,6,1,76,11,1984,1,1,VOLKSWAGEN ARTEON,-1,-1,0,-1
2020520100631,2020,520100631,1,9,0,3,3,6,2,0,0,8,0,0,0,0,1,1,6,6,1,64,9,1968,2,2,VOLKSWAGEN ARTEON,4,E01029116,0,-1
2020040990039,2020,040990039,2,9,0,18,19,7,3,0,0,1,0,0,0,0,4,1,5,6,1,41,7,1968,2,0,VOLKSWAGEN ARTEON,5,E01025009,0,-1
2020360968358,2020,360968358,1,9,0,18,19,7,3,0,0,0,0,0,0,0,1,1,5,6,1,51,8,1984,1,3,VOLKSWAGEN ARTEON,9,E01026552,0,-1
2020430278721,2020,430278721,1,9,0,18,19,2,6,0,0,8,0,0,0,0,1,1,6,6,1,38,7,1968,2,3,VOLKSWAGEN ARTEON,3,E01016381,0,-1
2020201003131,2020,201003131,1,9,0,5,5,6,8,9,9,6,0,0,0,0,1,1,6,6,1,-1,-1,1968,2,1,VOLKSWAGEN ARTEON,-1,-1,0,-1
2020010279461,2020,010279461,2,9,0,18,19,2,6,0,0,8,0,0,3,0,3,1,6,6,1,27,6,1984,1,0,VOLKSWAGEN ARTEON,5,E01001310,0,-1
2020451001955,2020,451001955,2,9,0,2,2,7,3,9,9,1,0,0,0,0,1,1,6,6,1,47,8,1968,2,1,VOLKSWAGEN ARTEON,10,E01030368,0,-1
2020070608513,2020,070608513,1,9,0,9,9,7,5,0,0,8,0,0,0,0,3,1,2,2,1,32,6,1968,2,1,VOLKSWAGEN ARTEON,10,E01018413,0,-1
2020460987969,2020,460987969,1,9,0,18,19,7,3,0,0,4,0,0,0,0,1,1,6,6,1,33,6,1390,1,11,VOLKSWAGEN POLO,4,E01003353,0,-1
2020010256067,2020,010256067,1,9,0,99,99,9,9,99,99,0,9,99,9,99,2,9,6,6,1,19,4,1198,1,8,VOLKSWAGEN POLO,7,E01030402,0,-1
2020552100010,2020,552100010,2,9,0,10,10,8,4,0,0,1,0,0,0,0,2,1,2,2,2,29,6,1197,1,5,VOLKSWAGEN POLO,5,E01015334,0,-1
2020010264212,2020,010264212,2,9,0,99,99,9,9,99,99,9,9,99,9,99,1,9,6,6,1,24,5,1198,1,12,VOLKSWAGEN POLO,5,E01001973,0,-1
2020470963125,2020,470963125,2,9,0,16,19,2,5,0,0,8,0,0,0,0,1,1,5,6,1,21,5,999,1,0,VOLKSWAGEN POLO,6,E01031345,0,-1
2020010255514,2020,010255514,1,9,0,4,4,3,7,0,0,2,0,0,0,0,2,1,6,6,2,32,6,1198,1,14,VOLKSWAGEN POLO,3,E01021764,0,-1
2020220969763,2020,220969763,1,9,0,9,9,5,3,0,0,6,0,0,0,0,3,1,5,6,2,20,4,999,1,6,VOLKSWAGEN POLO,10,W01000174,0,-1
2020010262434,2020,010262434,1,9,0,99,99,9,9,99,99,9,9,99,9,99,2,9,6,6,2,70,10,1197,1,4,VOLKSWAGEN POLO,5,E01001277,0,-1
2020451010234,2020,451010234,7,9,0,18,19,1,5,0,0,0,0,0,0,0,0,1,6,6,3,40,7,999,1,2,VOLKSWAGEN POLO,-1,-1,0,-1
2020410965763,2020,410965763,1,9,0,18,19,2,6,0,0,1,0,0,0,0,1,1,6,6,1,72,10,1390,1,15,VOLKSWAGEN POLO,5,E01032022,0,-1
202031C008820,2020,31C008820,1,9,0,18,19,1,5,0,0,0,0,0,0,0,1,1,6,6,2,51,8,1199,2,8,VOLKSWAGEN POLO,8,E01032622,0,-1
2020122000274,2020,122000274,1,9,0,18,19,7,3,0,0,1,1,0,0,0,1,1,6,6,1,19,4,1198,1,14,VOLKSWAGEN POLO,9,E01027664,0,-1
2020122000157,2020,122000157,1,9,0,18,19,5,3,0,0,0,0,0,1,3,4,1,6,6,1,88,11,1198,1,8,VOLKSWAGEN POLO,7,E01027753,0,-1
2020010257079,2020,010257079,1,9,0,4,4,1,5,0,0,1,0,0,0,0,4,1,2,2,2,23,5,999,1,2,VOLKSWAGEN POLO,3,E01003348,0,-1
2020010260441,2020,010260441,2,9,0,99,99,9,9,0,0,0,0,0,0,0,1,9,6,6,3,-1,-1,999,1,2,VOLKSWAGEN POLO,8,E01001987,0,-1
2020430109347,2020,430109347,1,9,0,18,19,4,8,0,0,0,0,0,0,0,4,1,6,6,2,34,6,1198,1,12,VOLKSWAGEN POLO,9,E01017842,0,-1
2020340N06102,2020,340N06102,1,9,0,9,9,3,7,0,0,8,0,0,0,0,1,1,6,6,2,89,11,1400,1,15,VOLKSWAGEN POLO,7,E01027143,0,-1
2020070693332,2020,070693332,1,9,0,9,9,3,1,0,0,6,0,0,0,0,1,1,1,1,1,19,4,999,1,1,VOLKSWAGEN POLO,10,E01018584,0,-1
2020350928498,2020,350928498,1,9,0,17,19,6,2,0,0,0,2,0,1,0,1,1,6,6,2,38,7,999,1,1,VOLKSWAGEN POLO,5,E01018047,0,-1
2020010238629,2020,010238629,2,9,0,99,99,9,9,99,99,0,9,99,9,99,2,1,6,6,3,-1,-1,1197,1,5,VOLKSWAGEN POLO,6,E01003888,0,-1
2020010255223,2020,010255223,2,9,0,9,9,5,3,0,0,4,0,0,3,0,3,1,6,6,1,25,5,1198,1,17,VOLKSWAGEN POLO,7,E01002341,0,-1
2020010245294,2020,010245294,2,9,0,9,9,6,4,0,0,6,0,0,0,0,1,1,6,6,2,25,5,1198,1,13,VOLKSWAGEN POLO,5,E01002490,0,-1
202006Q170400,2020,06Q170400,2,9,0,18,19,3,7,0,0,0,0,0,0,0,4,1,6,6,2,49,8,999,1,4,VOLKSWAGEN POLO,6,E01005387,0,-1
2020320259526,2020,320259526,2,9,0,9,9,1,7,0,0,8,0,0,0,0,4,1,6,6,2,25,5,1198,1,6,VOLKSWAGEN POLO,-1,-1,0,-1
2020360977795,2020,360977795,2,9,0,18,19,5,1,0,0,2,0,0,0,0,1,1,6,6,1,83,11,1198,1,8,VOLKSWAGEN POLO,-1,-1,0,-1
2020010276815,2020,010276815,1,9,0,4,4,8,4,0,0,0,0,0,0,0,2,1,1,1,2,39,7,1896,2,17,VOLKSWAGEN POLO,9,E01000715,0,-1
20201377I1280,2020,1377I1280,2,9,0,17,19,4,1,0,0,0,0,0,0,0,4,1,6,6,2,37,7,1400,2,13,VOLKSWAGEN POLO,3,E01010993,0,-1
2020332000186,2020,332000186,1,9,0,18,19,1,5,0,0,0,0,0,0,0,1,1,6,6,2,80,11,1400,1,13,VOLKSWAGEN POLO,9,E01025975,0,-1
2020410966935,2020,410966935,1,9,0,3,3,7,3,0,0,0,0,0,0,0,2,1,5,6,1,33,6,999,1,0,VOLKSWAGEN POLO,9,E01023819,0,-1
2020522100809,2020,522100809,1,9,0,5,5,5,2,0,0,4,0,0,0,0,1,1,6,6,2,38,7,1198,1,8,VOLKSWAGEN POLO,7,E01014535,0,-1
2020461006958,2020,461006958,2,9,0,16,19,3,7,0,0,1,0,0,0,0,1,1,6,6,1,77,11,1197,1,3,VOLKSWAGEN POLO,9,E01021156,0,-1
2020200940922,2020,200940922,1,9,0,18,19,8,4,0,0,0,0,0,0,0,1,1,6,6,1,-1,-1,1422,2,11,VOLKSWAGEN POLO,-1,-1,0,-1
2020010238156,2020,010238156,2,9,0,18,19,5,1,0,0,0,0,0,0,0,4,1,6,6,1,21,5,1198,1,10,VOLKSWAGEN POLO,5,E01001157,0,-1
2020470950197,2020,470950197,1,9,0,17,19,8,4,0,0,0,2,10,2,10,4,1,6,6,2,25,5,1200,1,16,VOLKSWAGEN POLO,5,E01031731,0,-1
2020410975081,2020,410975081,2,9,0,18,19,7,3,0,0,1,0,0,0,0,1,1,6,6,1,21,5,999,1,1,VOLKSWAGEN POLO,5,E01023864,0,-1
2020400976193,2020,400976193,1,9,0,15,15,6,2,0,0,0,0,0,0,0,1,1,5,6,1,-1,-1,1198,1,7,VOLKSWAGEN POLO,6,E01017623,0,-1
2020471007999,2020,471007999,2,9,0,1,1,3,1,0,0,0,0,0,0,0,4,1,5,6,2,28,6,1422,2,12,VOLKSWAGEN POLO,2,E01031341,0,-1
2020010261189,2020,010261189,2,9,0,18,19,3,7,0,0,1,0,0,0,0,4,1,6,6,2,23,5,1197,1,4,VOLKSWAGEN POLO,4,E01023574,0,-1
2020411003112,2020,411003112,1,9,0,18,19,1,5,0,0,2,0,0,0,0,1,1,5,6,1,17,4,1197,1,7,VOLKSWAGEN POLO,7,E01023506,0,-1
2020010275099,2020,010275099,2,9,0,18,19,5,1,0,0,8,0,0,1,0,4,1,6,6,1,24,5,1198,1,9,VOLKSWAGEN POLO,4,E01000591,0,-1
2020470982486,2020,470982486,1,9,0,18,19,4,7,0,0,1,0,0,0,0,1,1,5,6,2,86,11,1400,1,14,VOLKSWAGEN POLO,10,E01031747,0,-1
2020500966890,2020,500966890,1,9,0,8,8,8,4,0,0,1,0,0,0,0,0,1,5,6,1,22,5,1198,1,15,VOLKSWAGEN POLO,6,E01018915,0,-1
2020420921734,2020,420921734,3,9,0,4,4,7,3,0,0,0,0,0,0,0,2,1,6,6,1,23,5,1395,1,4,VOLKSWAGEN POLO,8,E01021749,0,-1
2020010252094,2020,010252094,1,9,0,99,99,9,9,99,99,8,9,99,9,99,9,1,2,2,2,27,6,1198,1,6,VOLKSWAGEN POLO,5,E01002492,0,-1
2020010259948,2020,010259948,1,9,0,9,9,8,5,0,0,8,0,0,0,0,1,1,6,6,2,22,5,999,1,5,VOLKSWAGEN POLO,2,E01016064,0,-1
2020010272484,2020,010272484,6,9,0,18,19,7,3,0,0,0,1,0,0,0,1,1,6,6,1,26,6,999,1,2,VOLKSWAGEN POLO,7,E01003673,0,-1
2020010276768,2020,010276768,2,9,0,3,3,5,1,0,0,1,0,0,0,0,2,1,6,6,1,36,7,1198,1,15,VOLKSWAGEN POLO,2,E01001110,0,-1
2020522003448,2020,522003448,2,9,0,18,19,1,5,0,0,0,0,0,0,0,1,1,6,6,2,20,4,999,1,1,VOLKSWAGEN POLO,-1,-1,0,-1
2020470972784,2020,470972784,2,9,0,14,14,8,4,0,0,1,0,0,0,0,3,1,5,6,2,24,5,1390,1,10,VOLKSWAGEN POLO,8,E01021163,0,-1
2020470977251,2020,470977251,2,9,0,16,19,1,4,0,0,0,2,0,1,2,4,1,5,6,2,21,5,1198,1,16,VOLKSWAGEN POLO,5,E01021031,0,-1
2020351014871,2020,351014871,2,9,0,18,19,5,1,0,0,0,0,0,4,0,2,1,1,1,1,20,4,1199,2,8,VOLKSWAGEN POLO,7,E01018115,0,-1
2020990968268,2020,990968268,2,9,0,18,19,7,5,0,0,8,0,0,0,0,1,1,5,6,1,19,4,999,1,2,VOLKSWAGEN POLO,6,-1,0,-1
202006Q274664,2020,06Q274664,2,9,0,18,19,7,3,0,0,8,0,0,0,0,4,1,6,6,2,17,4,999,1,2,VOLKSWAGEN POLO,6,E01005420,0,-1
2020030973044,2020,030973044,1,9,0,17,19,5,1,0,0,0,0,0,0,0,4,1,5,6,1,19,4,1198,1,7,VOLKSWAGEN POLO,7,E01010862,0,-1
2020460959113,2020,460959113,1,9,0,9,9,6,4,0,0,1,0,0,0,0,4,1,6,6,2,18,4,999,1,2,VOLKSWAGEN POLO,10,E01024344,0,-1
2020440441312,2020,440441312,2,9,0,18,19,7,3,0,0,8,0,0,0,0,1,1,6,6,1,18,4,1197,1,6,VOLKSWAGEN POLO,7,E01022737,0,-1
2020430291999,2020,430291999,1,9,0,3,3,1,5,0,0,0,0,0,0,0,2,1,2,2,2,26,6,1390,1,10,VOLKSWAGEN POLO,3,E01016511,0,-1
2020211031497,2020,211031497,1,9,0,8,8,6,2,0,0,1,0,0,0,0,1,1,6,6,1,20,4,1197,1,4,VOLKSWAGEN POLO,2,E01029496,0,-1
2020440446301,2020,440446301,1,9,0,18,19,6,2,0,0,0,1,0,0,0,1,1,6,6,2,26,6,1198,1,18,VOLKSWAGEN POLO,8,E01022786,0,-1
2020010229685,2020,010229685,3,9,0,18,19,1,5,0,0,0,0,0,0,0,2,1,6,6,2,26,6,999,1,4,VOLKSWAGEN POLO,5,E01004374,0,-1
2020200932161,2020,200932161,2,9,0,2,2,5,1,0,0,1,0,0,0,0,2,1,6,6,2,23,5,1198,1,7,VOLKSWAGEN POLO,1,E01009103,0,-1
2020122000230,2020,122000230,1,9,0,9,9,8,6,0,0,8,0,0,0,0,1,1,6,6,1,21,5,1422,2,12,VOLKSWAGEN POLO,8,E01027714,0,-1
2020010237371,2020,010237371,1,9,0,99,99,9,9,99,99,1,9,99,9,99,2,1,6,6,2,20,4,1198,1,9,VOLKSWAGEN POLO,1,E01004241,0,-1
2020450980014,2020,450980014,1,9,0,7,7,5,7,0,0,6,0,0,0,0,1,1,2,2,2,58,9,1390,1,17,VOLKSWAGEN POLO,9,E01030441,0,-1
2020460965225,2020,460965225,1,9,0,4,4,3,7,0,0,0,1,0,0,0,1,1,6,6,1,32,6,1896,2,17,VOLKSWAGEN POLO,1,E01024659,0,-1
2020500945265,2020,500945265,1,9,0,18,19,6,3,0,0,1,0,0,0,0,1,1,6,6,1,17,4,1198,1,18,VOLKSWAGEN POLO,6,E01018852,0,-1
2020530915357,2020,530915357,1,9,0,18,19,6,4,0,0,1,5,0,0,0,1,1,2,2,2,58,9,1198,1,14,VOLKSWAGEN POLO,5,E01022334,0,-1
202006K368280,2020,06K368280,2,9,0,18,19,5,1,0,0,8,0,0,0,0,4,1,6,6,1,27,6,1984,1,2,VOLKSWAGEN POLO,9,E01005713,0,-1
2020430024845,2020,430024845,1,9,0,18,19,4,8,0,0,1,0,0,0,0,1,1,6,6,2,31,6,1197,1,3,VOLKSWAGEN POLO,10,E01027300,0,-1
2020010283557,2020,010283557,1,9,0,18,19,7,3,0,0,8,0,0,0,0,1,1,2,2,1,26,6,1198,1,9,VOLKSWAGEN POLO,3,E01003201,0,-1
2020430376347,2020,430376347,1,9,0,16,19,6,8,0,0,0,0,0,7,1,3,1,6,6,1,19,4,1390,1,13,VOLKSWAGEN POLO,7,E01004134,0,-1
2020010235075,2020,010235075,2,9,0,18,19,3,7,0,0,8,0,0,0,0,2,1,6,6,2,77,11,1390,1,18,VOLKSWAGEN POLO,9,E01023731,0,-1
2020361014553,2020,361014553,1,9,0,18,19,7,3,0,0,2,0,0,0,0,1,1,5,6,1,37,7,1390,1,19,VOLKSWAGEN POLO,5,E01026693,0,-1
2020010249245,2020,010249245,2,9,0,99,99,9,9,99,99,9,9,99,9,99,9,9,6,6,3,-1,-1,1198,1,17,VOLKSWAGEN POLO,4,E01000235,0,-1
2020622000176,2020,622000176,2,9,0,2,2,0,0,0,0,1,0,4,0,0,4,1,6,6,3,-1,-1,1598,2,11,VOLKSWAGEN POLO,-1,-1,0,-1
2020990964587,2020,990964587,1,9,0,18,19,5,1,0,0,0,1,0,1,9,1,1,5,6,2,18,4,1197,1,5,VOLKSWAGEN POLO,5,-1,0,-1
2020460973254,2020,460973254,2,9,0,18,19,8,4,0,0,1,0,0,0,0,4,1,5,6,1,47,8,1198,1,7,VOLKSWAGEN POLO,7,E01024689,0,-1
2020470982664,2020,470982664,2,9,0,18,19,2,6,0,0,1,0,0,0,0,1,1,5,6,1,21,5,999,1,5,VOLKSWAGEN POLO,9,E01020954,0,-1
2020010269242,2020,010269242,2,9,0,2,2,0,0,0,0,0,0,0,0,0,0,1,6,6,3,-1,-1,999,1,1,VOLKSWAGEN POLO,-1,-1,0,-1
2020430059928,2020,430059928,2,9,0,18,19,3,7,0,0,8,0,0,0,0,4,1,6,6,1,31,6,1198,1,16,VOLKSWAGEN POLO,3,E01028449,0,-1
2020200982925,2020,200982925,1,9,0,18,19,5,1,0,0,0,0,0,0,0,1,1,6,6,1,23,5,1798,1,4,VOLKSWAGEN POLO,3,E01009316,0,-1
2020010236614,2020,010236614,2,9,0,4,4,1,5,0,0,1,0,0,0,0,2,1,6,6,1,26,6,999,1,2,VOLKSWAGEN POLO,-1,-1,0,-1
2020430001391,2020,430001391,1,9,0,18,19,5,1,0,0,8,0,0,0,0,1,1,6,6,2,21,5,999,1,1,VOLKSWAGEN POLO,5,E01016593,0,-1
2020450956621,2020,450956621,1,9,0,9,9,1,5,0,0,4,0,7,0,0,4,1,5,6,2,24,5,1198,1,11,VOLKSWAGEN POLO,10,E01030368,0,-1
2020200940160,2020,200940160,3,9,0,2,2,0,0,0,0,2,0,0,0,0,2,1,6,6,1,-1,-1,999,1,4,VOLKSWAGEN POLO,3,E01009084,0,-1
2020137791423,2020,137791423,5,9,0,2,2,0,0,0,0,0,0,0,0,0,2,1,6,6,3,-1,-1,1198,1,11,VOLKSWAGEN POLO,-1,-1,0,-1
2020010280299,2020,010280299,1,9,0,7,7,5,7,0,0,1,0,0,0,0,4,1,6,6,2,24,5,1197,1,4,VOLKSWAGEN POLO,2,E01001943,0,-1
20201376L0857,2020,1376L0857,1,9,0,9,9,2,8,0,0,5,0,0,0,0,1,1,6,6,1,25,5,1198,1,9,VOLKSWAGEN POLO,5,E01011924,0,-1
2020522101353,2020,522101353,1,9,0,18,19,1,5,0,0,0,0,0,0,0,1,1,6,6,1,22,5,1600,1,20,VOLKSWAGEN POLO,2,E01014661,0,-1
2020990928299,2020,990928299,1,9,0,7,7,8,2,2,2,3,0,0,0,0,4,1,5,6,1,18,4,999,1,3,VOLKSWAGEN POLO,10,-1,0,-1
20201379O0856,2020,1379O0856,1,9,0,4,4,2,6,0,0,0,0,0,0,0,1,1,6,6,3,-1,-1,1400,1,20,VOLKSWAGEN POLO,-1,-1,0,-1
2020010267377,2020,010267377,1,9,0,9,9,7,6,0,0,1,0,0,0,0,4,1,6,6,1,25,5,999,1,5,VOLKSWAGEN POLO,10,E01022885,0,-1
2020520101059,2020,520101059,1,9,0,18,19,6,2,0,0,1,0,0,0,0,1,1,6,6,2,20,4,1400,2,15,VOLKSWAGEN POLO,2,E01029100,0,-1
2020010244730,2020,010244730,1,9,0,18,19,7,3,0,0,1,0,0,0,0,1,1,2,2,1,19,4,999,1,4,VOLKSWAGEN POLO,1,E01004286,0,-1
2020010239817,2020,010239817,1,9,0,9,9,6,4,0,0,8,0,0,0,0,1,1,2,2,2,36,7,1390,1,19,VOLKSWAGEN POLO,6,E01001867,0,-1
2020110935143,2020,110935143,1,9,0,18,19,7,3,0,0,2,0,0,0,0,1,1,5,6,2,75,10,1197,1,3,VOLKSWAGEN POLO,7,E01020710,0,-1
2020500940437,2020,500940437,1,9,0,18,19,3,7,0,0,0,0,0,0,0,4,1,6,6,2,43,7,1197,1,3,VOLKSWAGEN POLO,4,E01020337,0,-1
2020340W08842,2020,340W08842,1,9,0,9,9,1,8,0,0,6,0,0,0,0,1,1,2,2,1,20,4,1197,1,5,VOLKSWAGEN POLO,7,E01027259,0,-1
2020070711092,2020,070711092,1,9,0,18,19,7,3,0,0,2,0,0,0,0,3,1,2,2,1,22,5,1198,1,15,VOLKSWAGEN POLO,9,E01018531,0,-1
2020010265954,2020,010265954,2,9,0,99,99,9,9,99,99,9,9,99,9,99,9,9,6,6,2,62,9,1198,1,7,VOLKSWAGEN POLO,5,E01002667,0,-1
2020122000288,2020,122000288,1,9,0,16,19,8,4,0,0,0,0,0,0,0,1,1,6,6,1,19,4,1198,1,9,VOLKSWAGEN POLO,9,E01027556,0,-1
2020122000605,2020,122000605,1,9,0,18,19,1,5,0,0,0,0,0,1,4,1,1,6,6,1,20,4,1197,1,3,VOLKSWAGEN POLO,3,E01005249,0,-1
2020440072246,2020,440072246,2,9,0,18,19,3,7,0,0,0,0,0,0,0,2,1,6,6,1,46,8,1197,1,3,VOLKSWAGEN POLO,5,E01017024,0,-1
2020460971105,2020,460971105,2,9,0,2,2,0,0,0,0,0,0,0,0,0,4,1,5,6,2,22,5,1198,1,14,VOLKSWAGEN POLO,3,E01024559,0,-1
2020122001094,2020,122001094,1,9,0,18,19,1,5,0,0,0,0,0,0,0,4,1,6,6,2,21,5,999,1,5,VOLKSWAGEN POLO,9,E01013809,0,-1
2020400981919,2020,400981919,1,9,0,5,5,5,7,0,0,8,0,0,1,0,1,1,5,6,2,17,4,999,1,2,VOLKSWAGEN POLO,5,E01017430,0,-1
2020461016013,2020,461016013,2,9,0,11,11,1,5,0,0,0,0,0,0,0,2,1,6,6,2,27,6,1198,1,6,VOLKSWAGEN POLO,6,E01024848,0,-1
2020430327243,2020,430327243,3,9,0,4,4,5,1,0,0,0,0,0,0,0,2,1,6,6,1,44,7,1199,2,8,VOLKSWAGEN POLO,10,E01028699,0,-1
2020522003603,2020,522003603,1,9,0,18,19,1,5,0,0,0,0,0,0,0,2,1,6,6,2,20,4,1198,1,10,VOLKSWAGEN POLO,-1,-1,0,-1
2020430068318,2020,430068318,1,9,0,18,19,1,5,0,0,1,0,0,0,0,1,1,6,6,1,21,5,1198,1,10,VOLKSWAGEN POLO,4,E01015578,0,-1
2020010283554,2020,010283554,1,9,0,18,19,1,5,0,0,6,0,4,1,0,3,2,6,6,2,26,6,999,1,2,VOLKSWAGEN POLO,5,E01001524,0,-1
2020220922516,2020,220922516,1,9,0,18,19,6,2,0,0,0,0,0,0,0,1,1,5,6,2,21,5,999,1,2,VOLKSWAGEN POLO,6,E01027797,0,-1
2020010246562,2020,010246562,1,9,0,99,99,9,9,99,99,9,9,99,9,99,1,9,6,6,2,32,6,1197,1,5,VOLKSWAGEN POLO,5,E01000299,0,-1
20201373O0587,2020,1373O0587,2,9,0,4,4,1,5,0,0,8,0,0,0,0,1,1,6,6,2,60,9,1197,1,3,VOLKSWAGEN POLO,7,E01011068,0,-1
2020210986090,2020,210986090,1,9,0,18,19,1,5,0,0,6,0,0,0,0,1,1,1,1,1,21,5,1199,2,8,VOLKSWAGEN POLO,8,E01029742,0,-1
202006P373395,2020,06P373395,2,9,0,10,10,5,3,0,0,8,0,0,0,0,1,1,6,6,1,60,9,999,1,5,VOLKSWAGEN POLO,2,E01005580,0,-1
2020522100375,2020,522100375,1,9,0,7,7,7,8,0,0,6,0,0,0,0,1,1,6,6,1,49,8,1896,2,17,VOLKSWAGEN POLO,8,E01014745,0,-1
2020420985120,2020,420985120,2,9,0,18,19,2,6,0,0,0,0,0,0,0,1,1,1,1,2,27,6,999,1,6,VOLKSWAGEN POLO,7,E01002177,0,-1
2020201004160,2020,201004160,1,9,0,18,19,2,5,0,0,0,0,0,0,0,1,1,6,6,2,-1,-1,1390,1,9,VOLKSWAGEN POLO,-1,-1,0,-1
2020991002477,2020,991002477,1,9,0,9,9,7,4,0,0,8,0,0,0,0,3,1,5,6,1,19,4,1198,1,14,VOLKSWAGEN POLO,2,-1,0,-1
2020010239530,2020,010239530,1,9,0,18,19,5,1,0,0,1,0,0,0,0,1,1,1,1,2,27,6,1390,1,6,VOLKSWAGEN POLO,6,E01000566,0,-1
2020460932445,2020,460932445,2,9,0,3,3,5,1,0,0,1,0,0,0,0,2,1,5,6,3,-1,-1,1199,2,10,VOLKSWAGEN POLO,-1,-1,0,-1
2020010284301,2020,010284301,2,9,0,2,2,0,0,0,0,0,0,0,0,0,0,1,6,6,3,-1,-1,1390,1,16,VOLKSWAGEN POLO,-1,-1,0,-1
2020410957198,2020,410957198,2,9,0,18,19,5,1,0,0,0,0,0,0,0,2,1,5,6,2,38,7,1197,1,5,VOLKSWAGEN POLO,6,E01023927,0,-1
2020460975518,2020,460975518,2,9,0,18,19,5,1,0,0,0,0,0,0,0,4,1,5,6,1,19,4,999,1,4,VOLKSWAGEN POLO,6,E01021149,0,-1
2020552000774,2020,552000774,1,9,0,12,12,7,3,0,0,0,0,0,0,0,2,1,6,6,1,19,4,1198,1,14,VOLKSWAGEN POLO,-1,-1,0,-1
2020010253748,2020,010253748,1,9,0,3,3,3,7,0,0,2,0,0,0,0,2,1,6,6,2,20,4,1199,2,7,VOLKSWAGEN POLO,2,E01002493,0,-1
2020440278276,2020,440278276,1,9,0,1,1,7,3,0,0,0,0,0,0,0,2,1,6,6,1,37,7,1198,1,9,VOLKSWAGEN POLO,4,E01023099,0,-1
2020420982787,2020,420982787,1,9,0,9,9,3,1,0,0,8,0,0,0,0,1,1,5,6,2,78,11,999,1,6,VOLKSWAGEN POLO,10,E01033721,0,-1
2020460943274,2020,460943274,1,9,0,18,19,6,2,0,0,1,0,0,0,0,1,1,6,6,1,19,4,1198,1,15,VOLKSWAGEN POLO,5,E01024206,0,-1
2020137AC1120,2020,137AC1120,2,9,0,3,3,1,5,0,0,8,0,0,0,0,4,1,6,6,2,23,5,1198,1,12,VOLKSWAGEN POLO,5,E01011648,0,-1
2020040992344,2020,040992344,2,9,0,18,19,8,4,0,0,1,0,0,0,0,1,1,1,1,1,37,7,1199,2,8,VOLKSWAGEN POLO,2,E01032510,0,-1
2020990975195,2020,990975195,2,9,0,9,9,3,1,0,0,8,0,0,0,0,3,1,2,2,1,23,5,1197,1,4,VOLKSWAGEN POLO,10,-1,0,-1
2020010234916,2020,010234916,1,9,9,17,19,7,3,0,0,8,9,0,0,99,4,9,2,2,2,66,10,1197,1,5,VOLKSWAGEN POLO,5,E01002411,0,-1
2020137280742,2020,137280742,3,9,0,4,4,4,3,0,0,0,0,0,0,0,2,1,6,6,2,40,7,1390,1,10,VOLKSWAGEN POLO,6,E01010689,0,-1