collision_index,collision_year,collision_ref_no,vehicle_reference,vehicle_type,towing_and_articulation,vehicle_manoeuvre_historic,vehicle_manoeuvre,vehicle_direction_from,vehicle_direction_to,vehicle_location_restricted_lane_historic,vehicle_location_restricted_lane,junction_location,skidding_and_overturning,hit_object_in_carriageway,vehicle_leaving_carriageway,hit_object_off_carriageway,first_point_of_impact,vehicle_left_hand_drive,journey_purpose_of_driver_historic,journey_purpose_of_driver,sex_of_driver,age_of_driver,age_band_of_driver,engine_capacity_cc,propulsion_code,age_of_vehicle,generic_make_model,driver_imd_decile,lsoa_of_driver,escooter_flag,driver_distance_banding
2020470946608,2020,470946608,1,9,0,4,4,1,5,0,0,1,0,0,0,0,1,1,5,6,2,44,7,1400,1,14,VOLKSWAGEN POLO,6,E01016927,0,-1
2020440381549,2020,440381549,1,9,0,7,7,7,1,0,0,4,0,0,0,0,1,1,6,6,1,21,5,1798,1,4,VOLKSWAGEN POLO,8,E01022589,0,-1
2020440357693,2020,440357693,1,9,0,9,9,2,8,0,0,8,0,0,1,4,3,1,6,6,2,74,10,1198,1,11,VOLKSWAGEN POLO,4,E01017164,0,-1
2020340N09052,2020,340N09052,1,9,0,16,19,7,3,0,0,0,0,0,0,0,1,1,6,6,2,25,5,1197,1,5,VOLKSWAGEN POLO,8,E01027054,0,-1
2020622000560,2020,622000560,1,9,0,9,9,7,5,0,0,8,0,0,0,0,1,1,6,6,1,27,6,1198,1,14,VOLKSWAGEN POLO,9,W01001126,0,-1
2020010262456,2020,010262456,3,9,0,18,19,1,5,0,0,1,0,0,0,0,1,1,6,6,2,40,7,1198,1,11,VOLKSWAGEN POLO,8,E01003830,0,-1
202006J175552,2020,06J175552,1,9,0,18,19,6,2,0,0,1,0,0,7,10,1,1,6,6,1,30,6,1197,1,3,VOLKSWAGEN POLO,-1,-1,0,-1
2020200931733,2020,200931733,3,9,0,18,19,8,4,0,0,8,0,0,0,0,0,1,6,6,2,24,5,999,1,6,VOLKSWAGEN POLO,4,E01010009,0,-1
2020430305529,2020,430305529,2,9,0,18,19,4,8,0,0,8,0,0,0,0,1,1,6,6,2,63,9,1198,1,10,VOLKSWAGEN POLO,10,E01023425,0,-1
2020370959123,2020,370959123,2,9,0,18,19,5,2,0,0,2,0,0,0,0,4,1,5,6,1,18,4,1198,1,15,VOLKSWAGEN POLO,8,E01033044,0,-1
2020411013939,2020,411013939,1,9,0,12,12,3,1,0,0,1,0,0,0,0,2,1,5,6,1,23,5,1198,1,14,VOLKSWAGEN POLO,3,E01015701,0,-1
2020470925304,2020,470925304,1,9,0,18,19,5,1,0,0,0,0,0,0,0,1,1,2,2,1,19,4,1390,1,18,VOLKSWAGEN POLO,8,E01000673,0,-1
2020320599746,2020,320599746,2,9,0,18,19,6,2,0,0,0,0,0,0,0,2,1,6,6,1,30,6,1198,1,7,VOLKSWAGEN POLO,-1,-1,0,-1
2020200946903,2020,200946903,2,9,0,18,19,5,1,0,0,0,0,0,0,0,1,1,6,6,2,51,8,999,1,3,VOLKSWAGEN POLO,2,E01009744,0,-1
2020010284317,2020,010284317,2,9,0,10,10,7,5,0,0,1,0,0,0,0,0,1,1,1,1,56,9,1390,1,10,VOLKSWAGEN POLO,9,E01003444,0,-1
2020210997173,2020,210997173,3,9,0,18,19,5,1,0,0,0,0,0,0,0,2,1,6,6,2,43,7,999,1,2,VOLKSWAGEN POLO,5,E01029374,0,-1
2020010245716,2020,010245716,1,9,0,18,19,7,3,0,0,0,0,4,0,0,1,1,6,6,2,38,7,1896,2,15,VOLKSWAGEN POLO,4,E01001435,0,-1
2020420949174,2020,420949174,1,9,0,17,19,7,3,0,0,0,1,0,1,0,1,1,5,6,1,22,5,1390,1,21,VOLKSWAGEN POLO,7,E01021407,0,-1
202006N270742,2020,06N270742,2,9,0,18,19,7,3,0,0,1,0,0,0,0,4,1,6,6,2,19,4,1198,1,7,VOLKSWAGEN POLO,2,E01005140,0,-1
2020470929620,2020,470929620,1,9,0,5,5,7,3,0,0,1,0,0,0,0,1,1,6,6,2,52,8,1197,1,3,VOLKSWAGEN POLO,10,E01031654,0,-1
202031D017420,2020,31D017420,1,9,0,9,9,1,7,0,0,6,0,0,0,0,3,1,2,2,2,26,6,1197,1,3,VOLKSWAGEN POLO,8,E01028367,0,-1
2020010259852,2020,010259852,2,9,0,18,19,5,1,0,0,8,0,0,0,0,0,1,6,6,1,25,5,1198,1,7,VOLKSWAGEN POLO,6,E01000623,0,-1
202006Q177177,2020,06Q177177,1,9,0,18,19,4,8,0,0,8,0,0,0,0,1,1,6,6,3,-1,-1,999,1,6,VOLKSWAGEN POLO,-1,-1,0,-1
2020041002242,2020,041002242,1,9,0,4,4,1,5,1,1,0,0,0,0,0,1,1,5,6,2,20,4,1198,1,8,VOLKSWAGEN POLO,-1,-1,0,-1
202031B174620,2020,31B174620,2,9,0,18,19,7,3,0,0,8,0,0,0,0,3,1,6,6,2,53,8,1390,1,13,VOLKSWAGEN POLO,1,E01028068,0,-1
2020010237150,2020,010237150,2,9,0,2,2,0,0,0,0,0,0,0,1,0,1,1,6,6,3,-1,-1,1198,1,9,VOLKSWAGEN POLO,-1,-1,0,-1
2020010251126,2020,010251126,1,9,0,6,6,3,3,0,0,2,0,0,0,0,4,1,2,2,1,22,5,999,1,1,VOLKSWAGEN POLO,-1,-1,0,-1
2020137561071,2020,137561071,2,9,0,2,2,0,0,0,0,0,0,0,0,0,3,1,6,6,3,-1,-1,999,1,2,VOLKSWAGEN POLO,-1,-1,0,-1
2020520005099,2020,520005099,1,9,0,18,19,8,4,0,0,0,5,0,0,0,1,1,6,6,1,93,11,1197,1,5,VOLKSWAGEN POLO,5,E01029279,0,-1
2020460951624,2020,460951624,2,9,0,17,19,3,7,0,0,0,0,0,0,0,1,1,5,6,2,47,8,999,1,1,VOLKSWAGEN POLO,8,E01024803,0,-1
2020320065853,2020,320065853,3,9,0,18,19,1,5,0,0,1,0,0,0,0,2,1,6,6,2,40,7,1390,1,13,VOLKSWAGEN POLO,5,E01026287,0,-1
2020500971686,2020,500971686,1,9,0,16,19,3,7,0,0,0,0,0,0,0,1,1,5,6,2,31,6,1197,1,3,VOLKSWAGEN POLO,8,E01020261,0,-1
2020360969577,2020,360969577,1,9,0,18,19,3,7,0,0,0,0,0,0,0,1,1,5,6,1,18,4,1390,1,16,VOLKSWAGEN POLO,9,E01026906,0,-1
2020500945184,2020,500945184,3,9,0,18,19,3,7,0,0,1,1,0,0,0,1,1,5,6,2,58,9,1198,1,7,VOLKSWAGEN POLO,4,E01020140,0,-1
2020522101354,2020,522101354,1,9,0,9,9,8,6,0,0,8,0,0,0,0,1,1,6,6,1,17,4,1198,1,13,VOLKSWAGEN POLO,7,E01014680,0,-1
2020010277127,2020,010277127,1,9,0,99,99,9,9,99,99,1,9,99,9,99,9,9,6,6,2,32,6,1198,1,10,VOLKSWAGEN POLO,2,E01003334,0,-1
2020230995387,2020,230995387,1,9,0,18,19,1,5,0,0,0,0,0,0,0,4,1,2,2,2,19,4,999,1,6,VOLKSWAGEN POLO,3,E01031321,0,-1
2020552000267,2020,552000267,1,9,0,18,19,1,5,0,0,0,1,0,0,0,1,1,1,1,1,17,4,1390,1,21,VOLKSWAGEN POLO,7,E01020540,0,-1
2020070634954,2020,070634954,1,9,0,9,9,3,1,0,0,1,0,0,0,0,1,1,6,6,2,31,6,1422,2,4,VOLKSWAGEN POLO,9,E01018650,0,-1
2020031012252,2020,031012252,1,9,0,4,4,5,1,0,0,4,0,0,0,0,1,1,6,6,1,21,5,1197,1,4,VOLKSWAGEN POLO,4,E01019098,0,-1
2020350968415,2020,350968415,2,9,0,5,5,7,2,0,0,4,0,0,0,0,2,1,5,6,2,42,7,1400,1,14,VOLKSWAGEN POLO,2,E01015657,0,-1
2020010234769,2020,010234769,1,9,0,99,99,9,9,99,99,0,9,99,9,99,2,9,6,6,2,21,5,1400,1,13,VOLKSWAGEN POLO,2,E01001337,0,-1
2020460929534,2020,460929534,1,9,0,5,5,3,7,0,0,0,0,0,0,0,3,1,6,6,2,18,4,1422,2,5,VOLKSWAGEN POLO,2,E01016136,0,-1
2020220994221,2020,220994221,2,9,0,9,9,3,1,0,0,6,0,0,0,0,1,1,5,6,1,18,4,1390,1,19,VOLKSWAGEN POLO,5,E01028864,0,-1
2020070667496,2020,070667496,1,9,0,9,9,5,3,0,0,2,0,0,1,0,1,1,2,2,1,25,5,1198,1,8,VOLKSWAGEN POLO,10,E01005812,0,-1
2020052000999,2020,052000999,3,9,0,18,19,8,4,0,0,1,0,0,0,0,0,1,6,6,2,23,5,999,1,5,VOLKSWAGEN POLO,2,E01032511,0,-1
202006XK78040,2020,06XK78040,2,9,0,4,4,3,6,0,0,8,1,0,0,0,2,1,6,6,1,43,7,1198,1,14,VOLKSWAGEN POLO,1,E01006168,0,-1
202006A176004,2020,06A176004,1,9,0,7,7,1,3,0,0,8,0,0,0,0,1,1,6,6,1,57,9,1422,2,18,VOLKSWAGEN POLO,5,E01025395,0,-1
2020411004020,2020,411004020,3,9,0,3,3,7,7,0,0,0,1,0,0,0,1,1,6,6,2,-1,-1,1198,1,13,VOLKSWAGEN POLO,-1,-1,0,-1
2020010280580,2020,010280580,1,9,0,3,3,1,5,0,0,0,0,99,0,0,2,9,6,6,2,27,6,999,1,3,VOLKSWAGEN POLO,5,W01001710,0,-1
2020200955474,2020,200955474,1,9,0,9,9,7,4,0,0,5,0,0,0,0,1,1,6,6,1,18,4,1197,1,8,VOLKSWAGEN POLO,9,E01009801,0,-1
2020371009348,2020,371009348,3,9,0,4,4,6,2,0,0,0,0,0,0,0,4,1,3,7,2,19,4,1200,1,16,VOLKSWAGEN POLO,8,E01029909,0,-1
2020990981603,2020,990981603,2,9,0,18,19,8,3,0,0,0,0,0,0,0,1,1,5,6,1,28,6,1198,1,7,VOLKSWAGEN POLO,3,-1,0,-1
2020500989067,2020,500989067,1,9,0,18,19,6,2,0,0,0,5,0,8,9,1,1,1,1,1,34,6,1896,2,16,VOLKSWAGEN POLO,5,E01020303,0,-1
2020010261384,2020,010261384,1,9,0,8,8,1,2,0,0,2,0,0,1,11,2,1,6,6,2,28,6,1390,1,9,VOLKSWAGEN POLO,6,E01003705,0,-1
2020430441685,2020,430441685,4,9,0,2,2,0,0,0,0,0,0,0,0,0,3,1,6,6,3,-1,-1,1197,1,4,VOLKSWAGEN POLO,-1,-1,0,-1
2020549321220,2020,549321220,2,9,0,7,7,5,1,0,0,0,0,0,0,0,1,1,6,6,2,39,7,1198,1,12,VOLKSWAGEN POLO,2,E01031914,0,-1
2020622000494,2020,622000494,1,9,0,18,19,7,4,0,0,4,0,0,0,0,3,1,6,6,1,21,5,1198,1,6,VOLKSWAGEN POLO,9,W01001031,0,-1
2020010285516,2020,010285516,3,9,0,99,99,9,9,99,99,0,9,99,9,99,9,9,6,6,1,32,6,999,1,5,VOLKSWAGEN POLO,3,E01001203,0,-1
2020991009994,2020,991009994,1,9,0,18,19,1,5,0,0,0,0,0,0,0,1,1,5,6,1,19,4,1390,1,9,VOLKSWAGEN POLO,2,-1,0,-1
2020200946310,2020,200946310,4,9,0,2,2,0,0,0,0,2,0,4,0,0,2,1,1,1,2,26,6,1390,1,10,VOLKSWAGEN POLO,2,E01010058,0,-1
2020530936479,2020,530936479,2,9,0,3,3,5,1,0,0,0,1,0,0,0,2,1,6,6,2,22,5,1197,1,3,VOLKSWAGEN POLO,10,E01022367,0,-1
2020360981368,2020,360981368,1,9,0,18,19,1,5,0,0,0,0,0,0,0,3,1,5,6,1,19,4,1198,1,14,VOLKSWAGEN POLO,1,E01026688,0,-1
202006XM74783,2020,06XM74783,2,9,0,18,19,4,8,0,0,0,0,0,0,0,1,1,6,6,1,-1,-1,1400,2,13,VOLKSWAGEN POLO,9,E01005573,0,-1
2020610038820,2020,610038820,4,9,0,18,19,7,3,0,0,0,0,0,0,0,1,1,2,2,1,39,7,1197,1,5,VOLKSWAGEN POLO,-1,-1,0,-1
2020500974473,2020,500974473,1,9,0,9,9,3,1,0,0,1,0,0,0,0,1,1,5,6,2,23,5,999,1,2,VOLKSWAGEN POLO,7,E01019045,0,-1
2020520005154,2020,520005154,1,9,0,18,19,4,8,0,0,1,0,0,0,0,1,1,6,6,1,20,4,1390,1,6,VOLKSWAGEN POLO,3,E01029235,0,-1
2020991008690,2020,991008690,1,9,0,18,19,4,8,0,0,1,0,0,0,0,1,1,6,6,2,57,9,999,1,6,VOLKSWAGEN POLO,5,-1,0,-1
2020221000803,2020,221000803,1,9,0,13,13,6,2,0,0,0,0,0,0,0,1,1,5,6,1,18,4,999,1,5,VOLKSWAGEN POLO,6,E01028840,0,-1
2020990954727,2020,990954727,2,9,0,18,19,1,5,0,0,1,0,0,0,0,4,1,6,6,2,24,5,1198,1,17,VOLKSWAGEN POLO,9,-1,0,-1
2020040951651,2020,040951651,1,9,0,18,19,6,2,0,0,8,0,0,0,0,1,1,6,6,1,36,7,1198,1,11,VOLKSWAGEN POLO,2,E01025055,0,-1
2020010273568,2020,010273568,1,9,0,9,9,5,3,0,0,5,0,0,0,0,1,1,6,6,2,24,5,1400,1,13,VOLKSWAGEN POLO,1,E01001549,0,-1
2020991011671,2020,991011671,2,9,0,18,19,7,3,0,0,0,0,0,0,0,1,1,5,6,2,52,8,1598,2,1,VOLKSWAGEN POLO,8,-1,0,-1
202006M269798,2020,06M269798,1,9,0,18,19,4,8,0,0,6,0,0,0,0,1,1,6,6,2,79,11,1197,1,6,VOLKSWAGEN POLO,8,E01006100,0,-1
2020140972137,2020,140972137,1,9,0,18,19,4,7,0,0,8,0,0,1,1,3,1,5,6,1,22,5,1198,1,10,VOLKSWAGEN POLO,1,E01008124,0,-1
2020137C61387,2020,137C61387,2,9,0,2,2,0,0,0,0,2,0,0,0,0,3,1,6,6,2,20,4,1198,1,14,VOLKSWAGEN POLO,6,E01011551,0,-1
2020522101300,2020,522101300,1,9,0,18,19,3,7,0,0,8,0,0,0,0,1,1,6,6,1,22,5,1198,1,13,VOLKSWAGEN POLO,5,E01015006,0,-1
2020052000233,2020,052000233,1,9,0,7,7,7,1,0,0,8,0,0,0,0,1,1,6,6,2,21,5,1198,1,11,VOLKSWAGEN POLO,2,E01006726,0,-1
2020010234116,2020,010234116,2,9,0,4,4,7,3,0,0,0,0,0,0,0,1,1,6,6,2,25,5,1198,1,12,VOLKSWAGEN POLO,8,E01000859,0,-1
2020010274071,2020,010274071,2,9,0,99,99,9,9,99,99,0,9,99,9,99,1,1,6,6,2,23,5,1198,1,9,VOLKSWAGEN POLO,2,E01003593,0,-1
2020010282986,2020,010282986,3,9,0,18,19,5,1,0,0,1,0,0,0,0,3,1,6,6,1,20,4,1390,1,9,VOLKSWAGEN POLO,3,E01003581,0,-1
2020010229702,2020,010229702,1,9,0,99,99,9,9,99,99,9,9,99,9,99,2,9,6,6,2,68,10,999,1,1,VOLKSWAGEN POLO,9,E01001132,0,-1
2020500966872,2020,500966872,2,9,0,17,19,5,1,0,0,0,0,0,0,0,3,1,5,6,1,35,6,1395,1,5,VOLKSWAGEN POLO,5,E01020122,0,-1
2020542263120,2020,542263120,1,9,0,18,19,1,4,0,0,0,0,0,0,0,1,1,6,6,1,62,9,1390,1,12,VOLKSWAGEN POLO,2,E01032093,0,-1
2020340N01142,2020,340N01142,2,9,0,18,19,3,7,0,0,3,0,10,2,0,3,1,6,6,1,22,5,1199,2,6,VOLKSWAGEN POLO,9,E01027003,0,-1
2020500966880,2020,500966880,1,9,0,9,9,5,3,0,0,8,0,0,0,0,1,1,5,6,1,21,5,1422,2,16,VOLKSWAGEN POLO,1,E01019020,0,-1
2020010241748,2020,010241748,1,9,0,18,19,1,5,0,0,0,0,0,0,0,2,1,6,6,2,42,7,999,1,4,VOLKSWAGEN POLO,9,E01000687,0,-1
2020361002730,2020,361002730,2,9,0,18,19,3,6,0,0,8,0,0,0,0,1,1,3,7,1,17,4,1198,1,9,VOLKSWAGEN POLO,9,E01026503,0,-1
2020010279660,2020,010279660,1,9,0,3,3,7,3,0,0,1,0,0,0,0,2,1,6,6,2,44,7,1400,1,15,VOLKSWAGEN POLO,2,E01004327,0,-1
2020010264292,2020,010264292,2,9,0,99,99,9,9,99,99,0,9,99,9,99,1,9,6,6,3,-1,-1,1390,1,18,VOLKSWAGEN POLO,-1,-1,0,-1
2020500968339,2020,500968339,1,9,0,14,14,3,7,0,0,0,1,0,0,0,1,1,6,6,3,-1,-1,1896,2,16,VOLKSWAGEN POLO,-1,-1,0,-1
2020340N07192,2020,340N07192,2,9,0,18,19,7,3,0,0,8,0,0,0,0,4,1,6,6,1,24,5,1198,1,12,VOLKSWAGEN POLO,5,E01027176,0,-1
2020420972956,2020,420972956,2,9,0,18,19,4,8,0,0,0,0,0,0,0,2,1,6,6,2,25,5,999,1,0,VOLKSWAGEN POLO,8,E01021801,0,-1
2020031005433,2020,031005433,1,9,0,18,19,1,5,0,0,1,0,0,0,0,1,1,6,6,2,23,5,999,1,4,VOLKSWAGEN POLO,5,E01012716,0,-1
2020010234281,2020,010234281,2,9,0,18,19,7,3,0,0,0,0,0,0,0,1,1,6,6,2,59,9,1390,1,10,VOLKSWAGEN POLO,10,E01021751,0,-1
202031B021820,2020,31B021820,1,9,0,18,19,4,8,0,0,7,0,0,0,0,2,1,2,2,1,21,5,1198,1,16,VOLKSWAGEN POLO,6,E01028331,0,-1
2020470939964,2020,470939964,2,9,0,18,19,4,8,0,0,0,0,0,0,0,2,1,6,6,2,33,6,1198,1,10,VOLKSWAGEN POLO,4,E01020914,0,-1
2020010250683,2020,010250683,1,9,0,99,99,9,9,99,99,9,9,99,9,99,2,9,6,6,1,40,7,1198,1,9,VOLKSWAGEN POLO,4,E01027252,0,-1
2020010267341,2020,010267341,2,9,0,99,99,9,9,99,99,9,9,99,9,99,2,9,6,6,3,-1,-1,1199,2,9,VOLKSWAGEN POLO,4,E01003376,0,-1
202006E369077,2020,06E369077,2,9,0,18,19,1,5,0,0,0,0,0,0,0,4,1,6,6,1,56,9,1198,1,10,VOLKSWAGEN POLO,4,E01005185,0,-1
2020410958317,2020,410958317,2,9,0,18,19,7,3,0,0,0,1,0,1,0,4,1,1,1,1,37,7,1198,1,18,VOLKSWAGEN POLO,10,E01017848,0,-1
2020010246831,2020,010246831,2,9,0,99,99,9,9,99,99,9,9,99,9,99,1,9,6,6,1,22,5,1198,1,13,VOLKSWAGEN POLO,5,E01002114,0,-1
2020031008910,2020,031008910,1,9,0,18,19,5,1,0,0,0,0,0,0,0,1,1,5,6,1,85,11,1984,1,1,VOLKSWAGEN POLO,9,E01019287,0,-1
2020430166929,2020,430166929,2,9,0,1,1,3,7,0,0,6,0,0,0,0,2,1,6,6,3,-1,-1,1198,1,9,VOLKSWAGEN POLO,-1,-1,0,-1
2020010240958,2020,010240958,2,9,0,99,99,9,9,99,99,9,9,99,9,99,1,9,6,6,2,22,5,999,1,1,VOLKSWAGEN POLO,2,E01003377,0,-1
2020137620460,2020,137620460,1,9,0,18,19,7,3,0,0,4,0,0,0,0,4,1,6,6,2,58,9,999,1,1,VOLKSWAGEN POLO,-1,-1,0,-1
2020990994901,2020,990994901,1,9,0,4,4,6,2,0,0,0,0,0,0,0,1,1,5,6,1,18,4,999,1,3,VOLKSWAGEN POLO,-1,-1,0,-1
2020990947682,2020,990947682,1,9,0,18,19,7,5,0,0,0,0,0,0,0,1,1,6,6,2,63,9,1198,1,8,VOLKSWAGEN POLO,2,-1,0,-1
2020010263023,2020,010263023,1,9,0,18,19,5,1,0,0,1,0,0,0,0,1,1,6,6,1,83,11,1390,1,11,VOLKSWAGEN POLO,9,E01002537,0,-1
2020010265203,2020,010265203,1,9,0,18,19,3,7,0,0,8,0,0,0,0,4,1,6,6,1,23,5,999,1,2,VOLKSWAGEN POLO,6,E01002140,0,-1
2020430194668,2020,430194668,1,9,0,18,19,4,8,0,0,0,0,0,0,0,1,1,2,2,2,20,4,1198,1,16,VOLKSWAGEN POLO,7,E01017893,0,-1
2020110922500,2020,110922500,1,9,0,18,19,5,1,0,0,3,0,0,0,0,4,1,6,6,3,30,6,999,1,19,VOLKSWAGEN POLO,-1,-1,0,-1
2020451009864,2020,451009864,2,9,0,18,19,4,2,0,0,8,0,0,0,0,1,1,6,6,1,73,10,1198,1,11,VOLKSWAGEN POLO,10,E01030775,0,-1
2020990967104,2020,990967104,2,9,0,4,4,3,7,0,0,0,0,0,0,0,2,1,6,6,2,33,6,1198,1,11,VOLKSWAGEN POLO,5,-1,0,-1
2020210993604,2020,210993604,1,9,0,17,19,1,5,0,0,2,0,0,7,0,1,1,6,6,1,18,4,1198,1,15,VOLKSWAGEN POLO,2,E01029362,0,-1
2020350978097,2020,350978097,1,9,0,18,19,3,7,0,0,0,0,0,0,0,1,1,5,6,2,28,6,1400,2,14,VOLKSWAGEN POLO,2,E01013682,0,-1
2020552000366,2020,552000366,2,9,0,18,19,7,3,0,0,8,0,0,0,0,4,1,6,6,2,22,5,999,1,1,VOLKSWAGEN POLO,10,E01020377,0,-1
2020040998669,2020,040998669,1,9,0,16,19,5,1,0,0,1,0,0,0,0,1,1,5,6,1,21,5,999,1,1,VOLKSWAGEN POLO,4,E01006280,0,-1
2020010278458,2020,010278458,2,9,0,2,2,0,0,0,0,2,0,4,0,0,2,1,6,6,3,-1,-1,1197,1,4,VOLKSWAGEN POLO,-1,-1,0,-1
2020552000264,2020,552000264,1,9,0,18,19,7,3,0,0,8,0,0,0,0,1,1,3,7,2,31,6,999,1,4,VOLKSWAGEN POLO,4,E01015343,0,-1
2020010278621,2020,010278621,2,9,9,16,19,1,5,0,0,1,5,0,0,0,1,1,6,6,3,-1,-1,999,1,1,VOLKSWAGEN POLO,-1,-1,0,-1
2020010255216,2020,010255216,1,9,0,18,19,7,3,0,0,8,9,0,7,10,4,9,6,6,1,28,6,1390,1,17,VOLKSWAGEN POLO,4,E01001404,0,-1
2020010280038,2020,010280038,1,9,0,7,7,1,4,0,0,1,0,0,0,0,4,1,1,1,1,48,8,1390,1,16,VOLKSWAGEN POLO,4,E01002642,0,-1
2020411000747,2020,411000747,1,9,0,7,7,1,5,0,0,1,0,0,0,0,4,1,5,6,1,18,4,1198,1,7,VOLKSWAGEN POLO,5,E01023575,0,-1
2020420955385,2020,420955385,1,9,0,5,5,1,5,6,6,0,5,0,1,4,1,1,2,2,1,23,5,1198,1,12,VOLKSWAGEN POLO,3,E01003481,0,-1
2020200951323,2020,200951323,1,9,0,7,7,6,8,0,0,2,0,0,0,0,1,1,6,6,1,19,4,1390,1,12,VOLKSWAGEN POLO,9,E01009549,0,-1
2020332000074,2020,332000074,2,9,0,1,1,3,7,0,0,0,0,0,0,0,2,1,6,6,2,22,5,1390,1,10,VOLKSWAGEN POLO,-1,-1,0,-1
2020430046685,2020,430046685,2,9,0,3,3,8,4,0,0,0,0,0,1,9,2,1,2,2,2,22,5,1198,1,17,VOLKSWAGEN POLO,7,E01028474,0,-1
2020370942700,2020,370942700,3,9,0,2,2,0,0,0,0,0,0,0,0,0,1,1,5,6,2,50,8,1198,1,12,VOLKSWAGEN POLO,8,E01030042,0,-1
2020100922377,2020,100922377,1,9,0,18,19,3,8,0,0,8,0,0,0,0,1,1,2,2,1,29,6,1198,1,7,VOLKSWAGEN POLO,5,E01008470,0,-1
2020530952918,2020,530952918,2,9,0,9,9,2,6,0,0,5,0,0,0,0,3,1,6,6,2,20,4,999,1,3,VOLKSWAGEN POLO,9,E01022104,0,-1
2020440229338,2020,440229338,1,9,0,18,19,1,5,0,0,0,0,0,0,0,4,1,6,6,1,29,6,1422,2,4,VOLKSWAGEN POLO,10,E01023278,0,-1
2020411005168,2020,411005168,1,9,0,7,7,3,7,0,0,4,0,0,0,0,1,1,6,6,2,26,6,1198,1,7,VOLKSWAGEN POLO,10,E01023770,0,-1
202006A170351,2020,06A170351,1,9,0,3,3,4,8,0,0,1,0,0,0,0,2,1,2,2,1,39,7,1598,2,10,VOLKSWAGEN POLO,5,E01005268,0,-1
2020450932348,2020,450932348,2,9,0,18,19,2,6,0,0,0,0,0,0,0,2,1,5,6,2,36,7,999,1,4,VOLKSWAGEN POLO,3,E01004064,0,-1
2020522101336,2020,522101336,1,9,0,3,3,3,7,0,0,0,0,0,0,0,0,1,6,6,2,19,4,1198,1,14,VOLKSWAGEN POLO,3,E01014926,0,-1
2020522100104,2020,522100104,2,9,0,2,2,0,0,0,0,0,0,0,0,0,4,1,6,6,1,22,5,1390,1,9,VOLKSWAGEN POLO,10,E01014457,0,-1
2020400979908,2020,400979908,1,9,0,7,7,2,8,0,0,3,0,0,0,0,1,1,5,6,2,21,5,1395,1,5,VOLKSWAGEN POLO,3,E01023650,0,-1
202031A096520,2020,31A096520,2,9,0,18,19,7,3,0,0,8,0,0,0,0,1,1,6,6,2,51,8,1395,1,5,VOLKSWAGEN POLO,8,E01028246,0,-1
2020461005892,2020,461005892,1,9,0,18,19,6,2,0,0,0,0,0,0,0,3,1,6,6,2,21,5,1198,1,18,VOLKSWAGEN POLO,5,E01024716,0,-1
2020200971195,2020,200971195,1,9,0,18,19,6,2,0,0,1,1,4,0,0,1,1,6,6,1,18,4,1198,1,11,VOLKSWAGEN POLO,8,E01010161,0,-1
2020460967803,2020,460967803,2,9,0,18,19,4,8,0,0,0,0,0,0,0,4,1,6,6,1,40,7,1390,1,9,VOLKSWAGEN POLO,9,E01024440,0,-1
2020010287810,2020,010287810,1,9,9,9,9,2,7,0,0,5,9,99,0,0,9,1,6,6,1,19,4,1198,1,7,VOLKSWAGEN POLO,8,E01003710,0,-1
2020460949749,2020,460949749,1,9,0,18,19,3,7,0,0,1,0,0,0,0,1,1,6,6,2,31,6,1197,1,4,VOLKSWAGEN POLO,4,E01024217,0,-1
2020470965513,2020,470965513,1,9,0,13,13,5,8,0,0,0,0,0,0,0,1,1,5,6,2,76,11,1390,1,13,VOLKSWAGEN POLO,6,E01031514,0,-1
2020421004728,2020,421004728,1,9,0,18,19,3,7,0,0,8,0,0,3,0,1,1,1,1,1,31,6,999,1,6,VOLKSWAGEN POLO,10,E01021438,0,-1
2020990960215,2020,990960215,1,9,0,5,5,7,5,0,0,2,0,0,0,0,3,1,6,6,2,21,5,999,1,4,VOLKSWAGEN POLO,1,-1,0,-1
2020450975218,2020,450975218,1,9,0,18,19,1,5,0,0,0,0,4,0,0,1,1,6,6,2,19,4,1198,1,8,VOLKSWAGEN POLO,10,E01030498,0,-1
202006K272983,2020,06K272983,2,9,0,10,10,5,3,0,0,1,0,0,0,0,2,1,6,6,2,39,7,1198,1,7,VOLKSWAGEN POLO,9,E01004843,0,-1
2020010253967,2020,010253967,2,9,0,99,99,9,9,99,99,9,9,99,9,99,4,9,6,6,3,-1,-1,1198,1,13,VOLKSWAGEN POLO,-1,-1,0,-1
2020010258180,2020,010258180,5,9,0,2,2,0,0,0,0,2,0,0,0,0,3,1,6,6,3,-1,-1,1390,1,9,VOLKSWAGEN POLO,-1,-1,0,-1
2020470975799,2020,470975799,1,9,0,18,19,4,8,0,0,8,1,0,1,4,1,1,5,6,1,24,5,1198,1,18,VOLKSWAGEN POLO,6,E01031390,0,-1
2020010230530,2020,010230530,1,9,0,99,99,9,9,99,99,9,9,99,9,99,1,9,6,6,2,38,7,1198,1,9,VOLKSWAGEN POLO,4,E01002131,0,-1
202006K171869,2020,06K171869,1,9,0,18,19,8,5,0,0,3,0,0,0,0,1,1,6,6,3,-1,-1,1198,1,12,VOLKSWAGEN POLO,-1,-1,0,-1
2020320226789,2020,320226789,1,9,0,9,9,7,1,0,0,8,0,0,0,0,3,1,6,6,2,77,11,1422,2,12,VOLKSWAGEN POLO,3,E01026174,0,-1
2020450940400,2020,450940400,1,9,0,18,19,2,6,0,0,0,0,0,0,0,1,1,2,2,2,19,4,999,1,6,VOLKSWAGEN POLO,10,E01030606,0,-1