collision_index,collision_year,collision_ref_no,vehicle_reference,vehicle_type,towing_and_articulation,vehicle_manoeuvre_historic,vehicle_manoeuvre,vehicle_direction_from,vehicle_direction_to,vehicle_location_restricted_lane_historic,vehicle_location_restricted_lane,junction_location,skidding_and_overturning,hit_object_in_carriageway,vehicle_leaving_carriageway,hit_object_off_carriageway,first_point_of_impact,vehicle_left_hand_drive,journey_purpose_of_driver_historic,journey_purpose_of_driver,sex_of_driver,age_of_driver,age_band_of_driver,engine_capacity_cc,propulsion_code,age_of_vehicle,generic_make_model,driver_imd_decile,lsoa_of_driver,escooter_flag,driver_distance_banding
2020010236982,2020,010236982,2,9,0,18,19,5,1,0,0,8,1,10,7,11,4,1,6,6,1,21,5,1598,2,9,VOLKSWAGEN POLO,5,E01026133,0,-1
2020160917047,2020,160917047,1,9,0,18,19,6,2,0,0,0,0,0,0,0,4,1,1,1,1,19,4,1198,1,16,VOLKSWAGEN POLO,8,E01013190,0,-1
2020200981457,2020,200981457,2,9,0,18,19,2,6,0,0,4,0,0,0,0,1,1,6,6,2,-1,-1,1198,1,9,VOLKSWAGEN POLO,1,E01008941,0,-1
202063D060620,2020,63D060620,2,9,0,10,10,6,4,0,0,1,0,0,0,0,2,1,6,6,1,80,11,1390,1,8,VOLKSWAGEN POLO,8,W01000457,0,-1
2020411016768,2020,411016768,2,9,0,18,19,4,8,0,0,1,0,0,-1,0,1,1,5,6,2,18,4,1197,1,8,VOLKSWAGEN POLO,8,E01023916,0,-1
2020010268661,2020,010268661,1,9,0,9,9,7,5,0,0,8,0,0,0,0,4,1,6,6,1,33,6,1197,1,5,VOLKSWAGEN POLO,5,E01024138,0,-1
2020990984862,2020,990984862,2,9,0,18,19,7,3,0,0,0,0,0,0,0,2,1,5,6,1,24,5,999,1,4,VOLKSWAGEN POLO,3,-1,0,-1
2020052002504,2020,052002504,2,9,0,18,19,1,5,0,0,8,0,0,0,0,4,1,6,6,2,19,4,999,1,4,VOLKSWAGEN POLO,1,E01006429,0,-1
202006K272799,2020,06K272799,1,9,0,9,9,4,3,0,0,8,0,0,0,0,4,1,6,6,3,30,6,1390,1,18,VOLKSWAGEN POLO,-1,-1,0,-1
2020470984469,2020,470984469,2,9,0,18,19,1,5,0,0,8,0,0,0,0,1,1,5,6,2,32,6,1390,1,9,VOLKSWAGEN POLO,2,E01031790,0,-1
202054C108420,2020,54C108420,1,9,0,5,5,4,8,0,0,1,0,0,0,0,3,1,6,6,2,22,5,1197,1,5,VOLKSWAGEN POLO,9,E01032707,0,-1
2020320290745,2020,320290745,1,9,0,18,19,5,1,0,0,0,5,0,1,9,1,1,2,2,1,19,4,1781,1,12,VOLKSWAGEN POLO,6,E01026058,0,-1
2020522000169,2020,522000169,1,9,0,6,6,2,2,0,0,0,0,0,0,0,0,1,6,6,2,52,8,1422,2,12,VOLKSWAGEN POLO,6,E01014989,0,-1
202006L172109,2020,06L172109,1,9,0,18,19,2,6,0,0,0,1,10,7,0,1,1,2,2,2,22,5,1197,1,6,VOLKSWAGEN POLO,-1,-1,0,-1
2020420925116,2020,420925116,2,9,0,17,19,5,1,0,0,0,0,0,0,0,1,1,2,2,1,65,9,1422,2,15,VOLKSWAGEN POLO,4,E01001480,0,-1
202006G173317,2020,06G173317,3,9,0,3,3,6,2,0,0,0,0,0,0,0,2,1,6,6,2,58,9,1198,1,17,VOLKSWAGEN POLO,3,E01005937,0,-1
2020200934584,2020,200934584,1,9,0,14,14,4,8,0,0,0,0,0,0,0,1,1,6,6,1,20,4,1198,1,11,VOLKSWAGEN POLO,5,E01009939,0,-1
2020530949840,2020,530949840,3,9,0,18,19,5,1,0,0,0,0,0,1,0,2,1,6,6,1,34,6,1798,1,3,VOLKSWAGEN POLO,2,E01022324,0,-1
2020010264792,2020,010264792,1,9,0,9,9,8,6,0,0,1,0,0,0,0,1,1,6,6,2,20,4,1390,1,11,VOLKSWAGEN POLO,2,E01003309,0,-1
2020040926822,2020,040926822,1,9,0,18,19,5,1,0,0,0,1,0,0,0,1,1,2,2,1,26,6,1198,1,7,VOLKSWAGEN POLO,8,E01007103,0,-1
2020622000530,2020,622000530,3,9,0,18,19,4,8,0,0,0,0,0,0,0,4,1,6,6,1,23,5,1390,1,9,VOLKSWAGEN POLO,10,W01001194,0,-1
2020010229482,2020,010229482,2,9,0,10,10,7,5,0,0,2,0,0,0,0,1,1,6,6,2,19,4,1400,1,14,VOLKSWAGEN POLO,3,E01001981,0,-1
2020010260873,2020,010260873,1,9,0,2,2,0,0,0,0,1,0,0,0,0,1,1,6,6,3,-1,-1,999,1,2,VOLKSWAGEN POLO,-1,-1,0,-1
2020200933128,2020,200933128,1,9,0,18,19,6,2,0,0,0,1,7,1,1,1,1,5,6,2,40,7,1400,1,15,VOLKSWAGEN POLO,1,E01009493,0,-1
2020360990728,2020,360990728,1,9,0,7,7,3,7,0,0,6,0,0,0,0,3,1,2,2,2,40,7,1390,1,18,VOLKSWAGEN POLO,1,E01026635,0,-1
2020200937894,2020,200937894,2,9,0,18,19,5,1,0,0,0,0,0,0,0,4,1,6,6,3,-1,-1,999,1,1,VOLKSWAGEN POLO,-1,-1,0,-1
2020420939886,2020,420939886,1,9,0,18,19,8,4,0,0,0,0,0,0,0,4,1,5,6,1,20,4,1390,1,15,VOLKSWAGEN POLO,9,E01019622,0,-1
2020990957675,2020,990957675,2,9,0,18,19,7,2,0,0,8,0,0,0,0,4,1,5,6,2,57,9,1390,1,20,VOLKSWAGEN POLO,2,-1,0,-1
2020010252143,2020,010252143,1,9,0,2,2,0,0,0,0,1,0,0,0,0,2,1,6,6,3,-1,-1,999,1,4,VOLKSWAGEN POLO,-1,-1,0,-1
2020460997889,2020,460997889,1,9,0,17,19,4,8,0,0,0,0,10,0,0,1,1,2,2,1,28,6,1197,1,4,VOLKSWAGEN POLO,1,E01024148,0,-1
2020010267375,2020,010267375,2,9,0,7,7,2,5,0,0,2,0,0,1,0,4,1,6,6,2,24,5,1200,1,17,VOLKSWAGEN POLO,5,E01002167,0,-1
2020100944521,2020,100944521,2,9,0,18,19,7,5,0,0,8,0,0,0,0,4,1,5,6,2,34,6,1400,1,20,VOLKSWAGEN POLO,3,E01027537,0,-1
2020411013633,2020,411013633,2,9,0,4,4,7,3,0,0,1,0,0,0,0,1,1,6,6,1,20,4,999,1,5,VOLKSWAGEN POLO,4,E01023401,0,-1
2020450995661,2020,450995661,2,9,0,9,9,7,4,0,0,1,0,0,0,0,1,1,5,6,1,74,10,999,1,1,VOLKSWAGEN POLO,10,E01022578,0,-1
2020211008063,2020,211008063,1,9,-1,13,13,7,4,0,0,0,0,0,0,0,-1,1,6,6,1,42,7,1390,1,15,VOLKSWAGEN POLO,7,E01029777,0,-1
2020211029897,2020,211029897,1,9,0,9,9,6,2,0,0,8,0,0,0,0,1,1,2,2,1,55,8,1198,1,15,VOLKSWAGEN POLO,9,E01028854,0,-1
2020010266030,2020,010266030,2,9,0,9,9,4,2,0,0,1,0,0,0,0,1,1,6,6,2,19,4,999,1,4,VOLKSWAGEN POLO,6,E01002335,0,-1
2020340N04462,2020,340N04462,2,9,0,18,19,5,1,0,0,8,0,0,0,0,4,1,6,6,1,19,4,1198,1,13,VOLKSWAGEN POLO,-1,-1,0,-1
2020500954939,2020,500954939,1,9,0,18,19,6,4,0,0,0,0,0,0,0,1,1,5,6,1,24,5,1197,1,7,VOLKSWAGEN POLO,5,E01015237,0,-1
2020610018720,2020,610018720,3,9,0,2,2,0,0,0,0,1,0,0,0,0,3,1,6,6,2,-1,-1,1197,1,2,VOLKSWAGEN POLO,5,W01001437,0,-1
2020010251057,2020,010251057,1,9,0,18,19,6,2,0,0,8,9,0,0,99,3,9,6,6,1,24,5,1198,1,9,VOLKSWAGEN POLO,7,E01000480,0,-1
2020522003305,2020,522003305,1,9,0,9,9,6,4,0,0,5,0,0,0,0,4,1,6,6,1,22,5,1390,1,13,VOLKSWAGEN POLO,2,E01014629,0,-1
2020360995015,2020,360995015,1,9,0,9,9,3,1,0,0,8,0,0,0,0,1,1,5,6,1,22,5,1390,1,10,VOLKSWAGEN POLO,8,E01026849,0,-1
2020450969698,2020,450969698,1,9,0,9,9,1,5,0,0,1,0,0,0,0,1,1,2,2,1,20,4,1197,1,6,VOLKSWAGEN POLO,10,E01030881,0,-1
2020440115006,2020,440115006,1,9,0,14,14,5,1,0,0,0,0,4,0,0,1,1,6,6,2,20,4,1390,1,16,VOLKSWAGEN POLO,10,E01022585,0,-1
2020350943301,2020,350943301,1,9,0,18,19,6,2,0,0,0,0,10,1,4,1,1,6,6,1,26,6,1798,1,4,VOLKSWAGEN POLO,7,E01015659,0,-1
2020200972504,2020,200972504,3,9,0,4,4,3,7,0,0,0,0,0,0,0,2,1,6,6,3,-1,-1,999,1,0,VOLKSWAGEN POLO,-1,-1,0,-1
2020070303182,2020,070303182,1,9,0,18,19,7,3,0,0,1,0,0,0,0,1,1,6,6,1,53,8,1400,2,15,VOLKSWAGEN POLO,6,W01000351,0,-1
2020010231775,2020,010231775,1,9,0,9,9,1,7,0,0,8,0,0,0,0,1,1,6,6,2,32,6,1390,1,21,VOLKSWAGEN POLO,4,E01003453,0,-1
2020500933533,2020,500933533,2,9,0,2,2,0,0,0,0,1,0,0,1,0,2,1,5,6,2,-1,-1,1600,1,21,VOLKSWAGEN POLO,6,E01019933,0,-1
2020230965350,2020,230965350,1,9,0,16,19,1,4,0,0,0,1,0,8,11,3,1,5,6,1,28,6,1198,1,18,VOLKSWAGEN POLO,10,E01031157,0,-1
2020470972332,2020,470972332,1,9,0,9,9,6,3,0,0,2,0,0,0,0,1,1,5,6,1,21,5,1198,1,17,VOLKSWAGEN POLO,9,E01021191,0,-1
2020552000765,2020,552000765,1,9,0,16,19,4,8,0,0,0,2,0,1,11,1,1,6,6,2,18,4,1198,1,15,VOLKSWAGEN POLO,6,E01020541,0,-1
2020010271418,2020,010271418,1,9,0,6,6,4,4,0,0,1,0,0,0,0,4,1,6,6,1,18,4,1198,1,10,VOLKSWAGEN POLO,4,E01000980,0,-1
2020450968882,2020,450968882,1,9,0,18,19,1,5,0,0,1,0,0,0,0,1,1,5,6,1,18,4,1390,1,16,VOLKSWAGEN POLO,7,E01030569,0,-1
2020010248193,2020,010248193,3,9,0,2,2,0,0,9,9,1,0,0,0,0,3,1,6,6,3,-1,-1,999,1,2,VOLKSWAGEN POLO,-1,-1,0,-1
2020430433628,2020,430433628,1,9,0,3,3,1,5,0,0,1,0,0,0,0,4,1,6,6,1,33,6,1198,1,16,VOLKSWAGEN POLO,-1,-1,0,-1
2020500977461,2020,500977461,3,9,0,18,19,7,3,0,0,0,0,0,0,0,0,1,6,6,2,51,8,1198,1,14,VOLKSWAGEN POLO,6,E01020243,0,-1
2020430260799,2020,430260799,1,9,0,9,9,8,6,0,0,0,0,0,0,0,1,1,2,2,1,24,5,1800,1,14,VOLKSWAGEN POLO,6,E01016231,0,-1
20201376S0011,2020,1376S0011,1,9,0,18,19,6,2,0,0,1,5,0,2,5,1,1,6,6,2,25,5,1198,1,12,VOLKSWAGEN POLO,8,E01011413,0,-1
2020470949095,2020,470949095,1,9,0,18,19,7,3,0,0,0,0,0,1,11,1,1,5,6,1,50,8,1390,1,7,VOLKSWAGEN POLO,6,E01021099,0,-1
2020010280051,2020,010280051,2,9,9,18,19,3,7,99,99,0,9,99,9,99,9,1,6,6,1,-1,-1,1422,2,6,VOLKSWAGEN POLO,-1,-1,0,-1
2020010229729,2020,010229729,1,9,0,5,5,1,5,9,9,1,0,7,0,0,1,1,6,6,2,80,11,999,1,1,VOLKSWAGEN POLO,3,E01004437,0,-1
2020010236894,2020,010236894,1,9,0,99,99,9,9,0,0,3,0,0,0,0,2,9,6,6,1,34,6,1197,1,5,VOLKSWAGEN POLO,2,E01000482,0,-1
2020010268117,2020,010268117,1,9,0,17,19,4,1,0,0,4,0,0,0,0,4,1,2,2,2,58,9,999,1,2,VOLKSWAGEN POLO,-1,-1,0,-1
2020460953664,2020,460953664,2,9,0,4,4,1,5,0,0,0,0,0,0,0,3,1,5,6,1,17,4,1199,2,9,VOLKSWAGEN POLO,8,E01024730,0,-1
202031D066220,2020,31D066220,3,9,0,4,4,5,1,0,0,1,0,0,0,0,2,1,6,6,1,18,4,999,1,3,VOLKSWAGEN POLO,8,E01028131,0,-1
2020548155820,2020,548155820,1,9,0,5,5,3,6,0,0,1,0,0,0,0,1,1,6,6,2,21,5,1199,2,8,VOLKSWAGEN POLO,6,E01031989,0,-1
2020137BP0812,2020,137BP0812,3,9,0,2,2,0,0,0,0,0,0,0,0,0,2,1,6,6,3,-1,-1,1198,1,9,VOLKSWAGEN POLO,6,E01011425,0,-1
2020500941595,2020,500941595,2,9,0,10,10,2,8,0,0,8,0,0,0,0,1,1,6,6,2,18,4,999,1,0,VOLKSWAGEN POLO,4,E01018968,0,-1
2020220934193,2020,220934193,2,9,0,18,19,7,3,0,0,0,0,0,0,0,1,1,2,2,1,25,5,1197,1,4,VOLKSWAGEN POLO,8,E01028977,0,-1
202063C086120,2020,63C086120,1,9,0,18,19,6,2,0,0,0,0,0,1,10,1,1,6,6,2,19,4,1896,2,15,VOLKSWAGEN POLO,2,W01000594,0,-1
2020302001390,2020,302001390,1,9,0,18,19,6,2,0,0,0,0,0,0,0,3,1,6,6,3,-1,-1,1984,1,1,VOLKSWAGEN POLO,5,E01019456,0,-1
2020552000994,2020,552000994,1,9,0,1,1,6,2,0,0,6,0,0,0,0,2,1,6,6,1,27,6,1390,1,19,VOLKSWAGEN POLO,4,E01015328,0,-1
2020220983415,2020,220983415,3,9,0,18,19,1,5,0,0,8,0,0,0,0,3,1,5,6,1,41,7,1896,2,17,VOLKSWAGEN POLO,8,E01032376,0,-1
2020440067659,2020,440067659,1,9,0,18,19,6,2,0,0,8,0,0,0,0,1,1,6,6,1,20,4,1400,1,13,VOLKSWAGEN POLO,9,E01017284,0,-1
2020040996374,2020,040996374,1,9,0,4,4,3,7,0,0,0,0,0,0,0,1,1,1,1,1,22,5,1198,1,18,VOLKSWAGEN POLO,3,E01025087,0,-1
202006J271891,2020,06J271891,2,9,0,17,19,5,2,0,0,1,0,0,0,0,4,1,6,6,2,59,9,1198,1,15,VOLKSWAGEN POLO,8,E01005837,0,-1
2020140934194,2020,140934194,1,9,0,18,19,1,5,0,0,2,0,0,0,0,1,1,2,2,1,22,5,1198,1,8,VOLKSWAGEN POLO,2,E01007871,0,-1
2020440355618,2020,440355618,1,9,0,5,5,1,5,0,0,8,0,0,0,0,1,1,6,6,2,71,10,1198,1,11,VOLKSWAGEN POLO,10,E01022220,0,-1
2020340K05752,2020,340K05752,1,9,0,18,19,3,7,0,0,0,0,0,0,0,1,1,6,6,2,26,6,1197,1,3,VOLKSWAGEN POLO,6,E01027119,0,-1
2020430333502,2020,430333502,1,9,0,16,19,5,8,0,0,8,1,0,7,0,3,1,1,1,1,32,6,999,1,0,VOLKSWAGEN POLO,4,E01022102,0,-1
2020460929008,2020,460929008,3,9,0,2,2,0,0,0,0,1,0,4,0,0,4,1,5,6,1,-1,-1,1198,1,15,VOLKSWAGEN POLO,-1,-1,0,-1
2020500999336,2020,500999336,1,9,0,4,4,4,7,0,0,0,0,0,0,0,1,1,5,6,2,31,6,1400,2,13,VOLKSWAGEN POLO,1,E01019004,0,-1
2020460996716,2020,460996716,1,9,0,4,4,1,6,0,0,1,0,0,0,0,0,1,5,6,1,43,7,999,1,5,VOLKSWAGEN POLO,6,E01024285,0,-1
2020040965915,2020,040965915,2,9,0,3,3,7,3,0,0,1,0,0,0,0,0,1,5,6,2,27,6,1199,2,9,VOLKSWAGEN POLO,1,E01024858,0,-1
2020430260149,2020,430260149,1,9,0,18,19,3,7,0,0,0,0,0,0,0,1,1,6,6,2,19,4,1198,1,17,VOLKSWAGEN POLO,7,E01016288,0,-1
2020470923259,2020,470923259,1,9,0,18,19,2,6,0,0,0,0,0,0,0,1,1,5,6,2,23,5,1198,1,6,VOLKSWAGEN POLO,9,E01031612,0,-1
2020531001922,2020,531001922,1,9,0,18,19,5,1,0,0,4,0,0,0,0,1,1,2,2,2,20,4,1197,1,4,VOLKSWAGEN POLO,4,E01022296,0,-1
2020010254217,2020,010254217,2,9,0,13,13,5,1,0,0,0,0,0,0,0,3,1,6,6,1,55,8,1422,2,17,VOLKSWAGEN POLO,3,E01001243,0,-1
20201371A0362,2020,1371A0362,1,9,0,18,19,4,8,0,0,0,0,0,0,0,4,1,3,7,2,29,6,1390,1,15,VOLKSWAGEN POLO,6,E01011083,0,-1
20201376S0311,2020,1376S0311,1,9,0,18,19,5,1,0,0,0,0,0,0,0,1,1,6,6,1,33,6,1422,2,4,VOLKSWAGEN POLO,1,E01011084,0,-1
2020552000329,2020,552000329,1,9,0,18,19,8,4,0,0,1,0,0,0,0,1,1,6,6,1,19,4,1200,1,17,VOLKSWAGEN POLO,6,E01029218,0,-1
2020200929984,2020,200929984,1,9,0,18,19,6,8,0,0,0,0,0,0,0,3,1,6,6,2,21,5,1598,2,10,VOLKSWAGEN POLO,7,E01010999,0,-1
2020010243384,2020,010243384,1,9,0,9,9,4,2,0,0,2,0,0,0,0,4,1,6,6,1,52,8,1197,1,5,VOLKSWAGEN POLO,8,E01001072,0,-1
2020470940595,2020,470940595,1,9,0,4,4,1,5,0,0,0,0,0,0,0,1,1,4,7,1,17,4,1198,1,16,VOLKSWAGEN POLO,5,E01031519,0,-1
2020140955172,2020,140955172,1,9,0,3,3,4,8,0,0,1,0,0,0,0,2,1,6,6,2,24,5,999,1,2,VOLKSWAGEN POLO,1,E01007413,0,-1
2020450928810,2020,450928810,1,9,0,18,19,7,3,0,0,1,0,0,0,0,1,1,5,6,2,17,4,999,1,2,VOLKSWAGEN POLO,10,E01016199,0,-1
2020010252504,2020,010252504,1,9,0,1,1,7,3,0,0,0,0,0,0,0,2,1,6,6,2,47,8,1199,2,9,VOLKSWAGEN POLO,7,E01001587,0,-1
2020010229704,2020,010229704,2,9,0,4,4,1,5,0,0,2,0,0,0,0,0,1,1,1,1,19,4,1390,1,11,VOLKSWAGEN POLO,3,E01033583,0,-1
2020230998375,2020,230998375,1,9,0,17,19,1,6,0,0,0,1,0,1,9,1,1,5,6,2,30,6,1390,1,13,VOLKSWAGEN POLO,5,E01031093,0,-1
2020110975547,2020,110975547,1,9,0,9,9,6,6,0,0,2,0,0,0,0,1,1,1,1,2,23,5,999,1,1,VOLKSWAGEN POLO,8,E01020622,0,-1
2020010253688,2020,010253688,1,9,0,18,19,5,1,0,0,0,0,0,0,0,1,1,6,6,1,38,7,1198,1,7,VOLKSWAGEN POLO,8,E01004623,0,-1
2020470942908,2020,470942908,1,9,0,8,8,1,3,0,0,1,0,0,0,0,1,1,2,2,1,23,5,1390,1,9,VOLKSWAGEN POLO,7,E01021018,0,-1
202031C135920,2020,31C135920,3,9,0,3,3,2,6,0,0,0,0,0,0,0,2,1,1,1,1,-1,-1,1199,2,8,VOLKSWAGEN POLO,8,E01028348,0,-1
2020470948233,2020,470948233,1,9,0,9,9,1,7,0,0,1,0,0,0,0,4,1,6,6,1,18,4,1198,1,9,VOLKSWAGEN POLO,1,E01016885,0,-1
2020990953652,2020,990953652,1,9,0,18,19,3,7,0,0,8,0,0,0,0,1,1,5,6,2,43,7,1198,1,7,VOLKSWAGEN POLO,1,-1,0,-1
2020370950231,2020,370950231,1,9,0,17,19,1,5,0,0,0,0,0,2,1,4,1,5,6,1,19,4,1390,1,12,VOLKSWAGEN POLO,7,E01030098,0,-1
2020122000507,2020,122000507,1,9,0,18,19,2,6,0,0,0,5,0,0,0,3,1,6,6,1,17,4,1198,1,18,VOLKSWAGEN POLO,6,E01008256,0,-1
2020200970257,2020,200970257,2,9,0,2,2,0,0,0,0,0,0,0,0,0,1,1,6,6,2,42,7,999,1,1,VOLKSWAGEN POLO,1,E01009413,0,-1
2020410954544,2020,410954544,2,9,0,14,14,4,1,0,0,0,0,0,0,0,3,1,6,6,1,18,4,999,1,1,VOLKSWAGEN POLO,7,E01023531,0,-1
2020500923727,2020,500923727,3,9,0,3,3,1,5,0,0,0,0,0,0,0,2,1,5,6,2,39,7,999,1,3,VOLKSWAGEN POLO,4,E01020279,0,-1
2020040979442,2020,040979442,1,9,0,4,4,1,5,0,0,1,0,0,0,0,2,1,5,6,1,20,4,1900,2,14,VOLKSWAGEN POLO,2,E01025072,0,-1
2020421010039,2020,421010039,1,9,0,18,19,5,1,0,0,3,0,0,1,0,1,1,6,6,2,82,11,1197,1,4,VOLKSWAGEN POLO,7,E01021552,0,-1
2020990963750,2020,990963750,1,9,0,16,19,7,3,0,0,0,5,0,0,0,0,1,5,6,2,17,4,1400,1,15,VOLKSWAGEN POLO,7,-1,0,-1
2020410943333,2020,410943333,2,9,0,3,3,7,3,0,0,0,0,0,0,0,2,1,6,6,2,27,6,1198,1,9,VOLKSWAGEN POLO,-1,-1,0,-1
2020010244427,2020,010244427,1,9,0,9,9,5,3,0,0,1,0,0,0,0,3,1,6,6,1,43,7,999,1,1,VOLKSWAGEN POLO,5,E01001542,0,-1
2020520100246,2020,520100246,3,9,0,18,19,6,2,0,0,0,0,0,0,0,1,1,6,6,1,41,7,1197,1,10,VOLKSWAGEN POLO,-1,-1,0,-1
202006XA70502,2020,06XA70502,3,9,0,11,11,8,4,0,0,1,0,0,0,0,1,1,2,2,1,20,4,1197,1,5,VOLKSWAGEN POLO,3,E01004955,0,-1
2020010255963,2020,010255963,2,9,0,10,10,7,5,0,0,2,0,0,0,0,1,1,6,6,2,21,5,999,1,3,VOLKSWAGEN POLO,1,E01002082,0,-1
2020541659220,2020,541659220,3,9,0,18,19,2,6,0,0,0,1,0,0,0,3,1,1,1,1,31,6,1197,1,6,VOLKSWAGEN POLO,7,E01031882,0,-1
202006XM68225,2020,06XM68225,2,9,0,18,19,5,1,0,0,0,0,0,0,0,2,1,6,6,2,52,8,1197,1,3,VOLKSWAGEN POLO,10,E01012563,0,-1
2020450934327,2020,450934327,3,9,0,18,19,3,7,0,0,0,0,0,7,0,1,1,5,6,2,37,7,1200,1,17,VOLKSWAGEN POLO,10,E01030693,0,-1
2020040927718,2020,040927718,1,9,0,9,9,7,1,0,0,5,0,0,0,0,4,1,2,2,2,31,6,1197,1,5,VOLKSWAGEN POLO,5,E01019363,0,-1
2020430342787,2020,430342787,2,9,0,18,19,7,3,0,0,0,0,0,0,0,-1,1,6,6,1,32,6,1422,2,16,VOLKSWAGEN POLO,5,E01001293,0,-1
2020110942721,2020,110942721,2,9,0,18,19,3,7,0,0,0,0,0,0,0,3,1,5,6,2,52,8,999,1,2,VOLKSWAGEN POLO,8,E01020622,0,-1
2020200939101,2020,200939101,2,9,0,7,7,6,8,0,0,5,0,0,0,0,3,1,6,6,1,18,4,1198,1,9,VOLKSWAGEN POLO,1,E01010130,0,-1
2020990970968,2020,990970968,1,9,0,1,1,1,5,0,0,1,0,0,0,0,2,1,5,6,2,21,5,999,1,5,VOLKSWAGEN POLO,4,-1,0,-1
2020140975172,2020,140975172,3,9,0,18,19,1,5,0,0,0,0,0,0,0,1,1,6,6,1,76,11,1422,2,4,VOLKSWAGEN POLO,1,E01025062,0,-1
2020010240772,2020,010240772,2,9,0,18,19,1,5,0,0,9,0,99,0,0,3,9,6,6,3,-1,-1,1390,1,17,VOLKSWAGEN POLO,-1,-1,0,-1
2020110940910,2020,110940910,1,9,0,18,19,1,3,0,0,1,1,0,0,0,1,1,5,6,2,59,9,1198,1,14,VOLKSWAGEN POLO,3,E01020827,0,-1
2020010253973,2020,010253973,1,9,0,4,4,5,1,0,0,8,0,0,0,0,2,1,6,6,2,30,6,1390,1,8,VOLKSWAGEN POLO,-1,-1,0,-1
2020530938309,2020,530938309,1,9,0,7,7,1,5,0,0,1,0,0,0,0,1,1,5,6,1,55,8,1200,1,17,VOLKSWAGEN POLO,10,E01022368,0,-1
2020460954942,2020,460954942,1,9,0,18,19,8,4,0,0,2,0,0,8,1,1,1,5,6,2,20,4,999,1,2,VOLKSWAGEN POLO,10,E01024325,0,-1
2020210971244,2020,210971244,4,9,0,18,19,1,5,0,0,0,0,0,0,0,1,1,6,6,1,33,6,999,1,1,VOLKSWAGEN POLO,7,E01018725,0,-1
2020052002274,2020,052002274,2,9,0,4,4,3,7,0,0,1,0,0,0,0,2,1,6,6,1,62,9,1390,1,6,VOLKSWAGEN POLO,1,E01007275,0,-1
2020302001299,2020,302001299,2,9,0,9,9,2,7,0,0,5,0,0,0,0,4,1,2,2,1,28,6,1197,1,3,VOLKSWAGEN POLO,4,E01013537,0,-1
2020052001965,2020,052001965,3,9,0,3,3,1,5,0,0,1,0,0,0,0,2,1,6,6,2,40,7,1197,1,3,VOLKSWAGEN POLO,7,E01007077,0,-1
2020200987727,2020,200987727,2,9,0,18,19,1,5,0,0,1,0,0,0,0,1,1,6,6,1,23,5,1198,1,15,VOLKSWAGEN POLO,8,E01010514,0,-1
2020010281246,2020,010281246,3,9,0,4,4,3,7,0,0,0,0,0,0,0,2,1,6,6,1,44,7,1198,1,14,VOLKSWAGEN POLO,-1,-1,0,-1
2020542298720,2020,542298720,2,9,0,10,10,2,8,0,0,0,0,0,0,0,2,1,1,1,1,52,8,1400,2,14,VOLKSWAGEN POLO,8,E01015553,0,-1
2020430310728,2020,430310728,1,9,0,18,19,1,5,0,0,0,2,0,1,0,1,1,6,6,1,27,6,1390,1,12,VOLKSWAGEN POLO,6,E01031229,0,-1
2020990936998,2020,990936998,1,9,0,18,19,6,2,0,0,2,0,0,0,0,1,1,5,6,1,34,6,999,1,1,VOLKSWAGEN POLO,-1,-1,0,-1
2020460999903,2020,460999903,2,9,0,18,19,1,6,0,0,8,0,0,0,0,1,1,5,6,1,32,6,1390,1,18,VOLKSWAGEN POLO,2,E01024248,0,-1
2020200991316,2020,200991316,2,9,0,18,19,3,7,0,0,8,0,0,0,0,1,1,6,6,1,21,5,1400,2,13,VOLKSWAGEN POLO,5,E01031105,0,-1
2020010249628,2020,010249628,1,9,0,3,3,1,5,0,0,0,0,0,0,0,2,1,6,6,1,57,9,999,1,5,VOLKSWAGEN POLO,-1,-1,0,-1
2020221012294,2020,221012294,1,9,0,17,19,2,5,0,0,0,2,0,7,4,1,1,5,6,1,29,6,1390,1,18,VOLKSWAGEN POLO,6,E01028926,0,-1
2020302000877,2020,302000877,2,9,0,2,2,0,0,0,0,0,0,0,0,0,1,1,6,6,3,-1,-1,1422,2,4,VOLKSWAGEN POLO,-1,-1,0,-1
2020010249528,2020,010249528,2,9,0,99,99,9,9,0,0,8,0,0,0,0,4,1,6,6,3,-1,-1,1197,1,3,VOLKSWAGEN POLO,-1,-1,0,-1
2020040976224,2020,040976224,2,9,0,18,19,6,2,0,0,0,0,0,0,0,2,1,5,6,2,20,4,1422,2,12,VOLKSWAGEN POLO,4,E01025225,0,-1
2020010256021,2020,010256021,2,9,0,9,9,5,3,0,0,1,0,0,0,0,1,1,6,6,1,20,4,1390,1,10,VOLKSWAGEN POLO,2,E01001693,0,-1
2020990918300,2020,990918300,1,9,0,17,19,6,2,0,0,0,1,7,0,0,1,1,5,6,1,19,4,1390,1,12,VOLKSWAGEN POLO,4,E01011238,0,-1
2020010244535,2020,010244535,1,9,0,18,19,7,3,0,0,0,0,0,0,0,4,1,6,6,1,28,6,1198,1,6,VOLKSWAGEN POLO,3,E01001004,0,-1
2020470937578,2020,470937578,2,9,0,8,8,3,6,0,0,8,0,0,0,0,1,1,6,6,1,36,7,1197,1,3,VOLKSWAGEN POLO,1,E01016947,0,-1
2020110994379,2020,110994379,3,9,0,3,3,3,7,0,0,0,0,0,0,0,2,1,6,6,2,29,6,1598,2,2,VOLKSWAGEN POLO,1,E01012195,0,-1
2020430137045,2020,430137045,1,9,0,18,19,8,4,0,0,8,0,0,0,0,1,1,6,6,1,27,6,1598,2,10,VOLKSWAGEN POLO,6,E01016704,0,-1
2020010236186,2020,010236186,1,9,0,2,2,0,0,0,0,0,0,0,0,0,2,1,6,6,3,-1,-1,999,1,2,VOLKSWAGEN POLO,-1,-1,0,-1