collision_index,collision_year,collision_ref_no,vehicle_reference,vehicle_type,towing_and_articulation,vehicle_manoeuvre_historic,vehicle_manoeuvre,vehicle_direction_from,vehicle_direction_to,vehicle_location_restricted_lane_historic,vehicle_location_restricted_lane,junction_location,skidding_and_overturning,hit_object_in_carriageway,vehicle_leaving_carriageway,hit_object_off_carriageway,first_point_of_impact,vehicle_left_hand_drive,journey_purpose_of_driver_historic,journey_purpose_of_driver,sex_of_driver,age_of_driver,age_band_of_driver,engine_capacity_cc,propulsion_code,age_of_vehicle,generic_make_model,driver_imd_decile,lsoa_of_driver,escooter_flag,driver_distance_banding
2020137760466,2020,137760466,1,9,0,18,19,1,5,0,0,4,0,0,0,0,3,1,6,6,1,81,11,1198,1,14,VOLKSWAGEN POLO,2,E01011665,0,-1
2020122001107,2020,122001107,1,9,0,13,13,2,6,0,0,0,0,0,7,0,1,1,6,6,1,25,5,1198,1,8,VOLKSWAGEN POLO,6,E01027774,0,-1
2020200973267,2020,200973267,2,9,0,9,9,4,2,0,0,6,1,10,1,0,3,1,1,1,2,22,5,1197,1,4,VOLKSWAGEN POLO,1,E01009273,0,-1
2020220980592,2020,220980592,1,9,0,13,13,3,7,0,0,0,5,0,1,7,1,1,1,1,2,37,7,1390,1,12,VOLKSWAGEN POLO,6,W01001712,0,-1
2020410992598,2020,410992598,2,9,0,8,8,3,3,0,0,2,0,0,0,0,3,1,5,6,1,20,4,999,1,3,VOLKSWAGEN POLO,9,E01023895,0,-1
2020200942136,2020,200942136,2,9,0,18,19,6,2,0,0,0,0,0,0,0,1,1,6,6,1,-1,-1,1197,1,8,VOLKSWAGEN POLO,-1,-1,0,-1
2020010249262,2020,010249262,3,9,0,18,19,3,7,0,0,1,0,0,0,0,0,1,6,6,1,46,8,1197,1,4,VOLKSWAGEN POLO,4,E01001194,0,-1
2020430322431,2020,430322431,2,9,0,13,13,8,4,0,0,0,0,0,0,0,4,1,6,6,1,-1,-1,999,1,2,VOLKSWAGEN POLO,-1,-1,0,-1
2020420931434,2020,420931434,2,9,0,18,19,1,5,0,0,1,0,0,0,0,2,1,5,6,1,20,4,999,1,3,VOLKSWAGEN POLO,6,E01021472,0,-1
2020302000075,2020,302000075,1,9,0,9,9,6,4,0,0,6,0,0,0,0,1,1,2,2,2,34,6,1198,1,9,VOLKSWAGEN POLO,3,E01019569,0,-1
2020470962568,2020,470962568,2,9,0,18,19,7,3,0,0,8,0,0,0,0,1,1,2,2,2,25,5,1198,1,9,VOLKSWAGEN POLO,9,E01031696,0,-1
2020320666223,2020,320666223,1,9,0,17,19,6,2,0,0,0,1,0,8,9,1,1,2,2,2,56,9,1395,1,4,VOLKSWAGEN POLO,5,E01026373,0,-1
2020100982249,2020,100982249,1,9,0,7,7,1,3,0,0,1,0,0,0,0,4,1,6,6,2,28,6,1798,1,5,VOLKSWAGEN POLO,2,E01008512,0,-1
2020340S01462,2020,340S01462,2,9,0,18,19,2,6,0,0,1,0,0,0,0,1,1,6,6,1,18,4,999,1,6,VOLKSWAGEN POLO,9,E01027303,0,-1
2020010264066,2020,010264066,1,9,0,18,19,3,7,0,0,1,0,0,0,0,1,1,6,6,1,87,11,1390,1,16,VOLKSWAGEN POLO,-1,-1,0,-1
2020221005432,2020,221005432,1,9,0,18,19,8,4,0,0,0,5,10,8,4,1,1,2,2,1,24,5,999,1,4,VOLKSWAGEN POLO,5,E01014084,0,-1
2020200953275,2020,200953275,1,9,0,18,19,2,6,0,0,8,0,0,0,0,1,1,6,6,1,42,7,1198,1,12,VOLKSWAGEN POLO,2,E01009210,0,-1
2020010265100,2020,010265100,1,9,0,17,19,8,4,0,0,0,0,4,0,0,1,1,6,6,1,22,5,1200,1,18,VOLKSWAGEN POLO,3,E01002015,0,-1
2020010285475,2020,010285475,1,9,0,99,99,9,9,99,99,0,9,99,9,99,9,9,2,2,1,64,9,1600,1,14,VOLKSWAGEN POLO,9,E01024275,0,-1
2020070663898,2020,070663898,1,9,0,9,9,8,5,0,0,5,0,0,0,0,1,1,1,1,1,23,5,1198,1,15,VOLKSWAGEN POLO,7,E01018708,0,-1
2020010269404,2020,010269404,2,9,0,99,99,9,9,99,99,0,9,99,9,99,1,9,6,6,3,-1,-1,1198,1,9,VOLKSWAGEN POLO,-1,-1,0,-1
202006Q269014,2020,06Q269014,1,9,0,18,19,4,8,0,0,8,0,0,0,0,4,1,6,6,2,76,11,1390,1,7,VOLKSWAGEN POLO,10,E01005931,0,-1
2020545121220,2020,545121220,2,9,0,18,19,5,1,0,0,0,0,0,0,0,1,1,1,1,2,19,4,1197,1,3,VOLKSWAGEN POLO,9,E01031847,0,-1
2020500938612,2020,500938612,1,9,0,13,13,2,6,0,0,0,0,0,1,7,4,1,2,2,1,55,8,1390,1,13,VOLKSWAGEN POLO,4,E01018955,0,-1
2020340K02902,2020,340K02902,2,9,0,18,19,1,5,0,0,0,0,0,0,0,4,1,6,6,2,24,5,999,1,5,VOLKSWAGEN POLO,5,E01033176,0,-1
202031C053520,2020,31C053520,2,9,0,2,2,0,0,0,0,2,0,0,0,0,2,1,6,6,2,-1,-1,999,1,6,VOLKSWAGEN POLO,-1,-1,0,-1
2020430410107,2020,430410107,3,9,0,18,19,8,4,0,0,0,0,0,0,0,2,1,6,6,1,30,6,999,1,5,VOLKSWAGEN POLO,5,E01016404,0,-1
2020451001717,2020,451001717,3,9,0,18,19,2,6,0,0,0,0,0,0,0,2,1,2,2,1,23,5,1198,1,15,VOLKSWAGEN POLO,9,E01030573,0,-1
2020320019108,2020,320019108,1,9,0,18,19,7,3,0,0,8,0,0,0,0,1,1,6,6,1,27,6,1984,1,2,VOLKSWAGEN POLO,7,E01017851,0,-1
2020470982368,2020,470982368,1,9,0,16,19,1,4,0,0,2,0,0,0,0,1,1,5,6,1,33,6,1197,1,4,VOLKSWAGEN POLO,4,E01021017,0,-1
202031D133820,2020,31D133820,1,9,0,18,19,4,8,0,0,1,0,0,0,0,1,1,6,6,1,38,7,1198,1,18,VOLKSWAGEN POLO,4,E01028165,0,-1
2020010259664,2020,010259664,2,9,0,4,4,5,1,0,0,0,0,0,0,0,2,1,6,6,2,44,7,999,1,5,VOLKSWAGEN POLO,10,E01001032,0,-1
2020990963691,2020,990963691,2,9,0,18,19,1,5,0,0,0,0,0,1,0,1,1,6,6,2,38,7,1390,1,16,VOLKSWAGEN POLO,9,-1,0,-1
2020430225629,2020,430225629,1,9,0,18,19,3,7,0,0,8,0,0,0,0,1,1,6,6,2,21,5,999,1,1,VOLKSWAGEN POLO,7,E01028732,0,-1
2020460971401,2020,460971401,2,9,0,8,8,5,3,0,0,1,0,0,0,0,2,1,6,6,2,28,6,1198,1,7,VOLKSWAGEN POLO,6,E01024171,0,-1
2020010273776,2020,010273776,1,9,0,9,9,2,8,0,0,6,0,0,0,0,1,1,6,6,2,23,5,1390,1,7,VOLKSWAGEN POLO,6,E01002024,0,-1
2020010277639,2020,010277639,1,9,0,7,7,7,2,0,0,1,0,0,0,0,0,1,6,6,1,19,4,999,1,6,VOLKSWAGEN POLO,3,E01001779,0,-1
202054B064520,2020,54B064520,3,9,0,18,19,3,7,0,0,0,0,0,0,0,1,1,6,6,2,25,5,1400,1,14,VOLKSWAGEN POLO,8,E01032704,0,-1
2020410919524,2020,410919524,1,9,0,16,19,3,7,0,0,4,0,0,0,0,1,1,6,6,1,42,7,1422,2,12,VOLKSWAGEN POLO,5,E01023332,0,-1
2020440010934,2020,440010934,1,9,0,16,19,7,3,0,0,0,2,0,1,9,3,1,6,6,1,28,6,1198,1,15,VOLKSWAGEN POLO,4,E01021809,0,-1
2020100963835,2020,100963835,2,9,0,18,19,5,1,0,0,2,0,0,0,0,4,1,6,6,1,20,4,1798,1,4,VOLKSWAGEN POLO,-1,-1,0,-1
202031B117720,2020,31B117720,1,9,0,18,19,4,8,0,0,1,5,0,1,0,1,1,6,6,1,18,4,1198,1,9,VOLKSWAGEN POLO,6,E01028034,0,-1
2020010260324,2020,010260324,1,9,0,9,9,2,8,0,0,2,0,0,0,0,1,1,6,6,2,76,11,1390,1,13,VOLKSWAGEN POLO,5,E01004549,0,-1
2020340K02882,2020,340K02882,2,9,0,18,19,5,1,0,0,8,0,0,0,0,2,1,6,6,1,30,6,1400,1,15,VOLKSWAGEN POLO,2,E01015601,0,-1
2020200932510,2020,200932510,1,9,0,18,19,8,4,0,0,8,0,0,0,0,1,1,6,6,3,-1,-1,1199,2,9,VOLKSWAGEN POLO,-1,-1,0,-1
2020622000710,2020,622000710,2,9,0,9,9,8,6,0,0,8,0,0,0,0,3,1,6,6,2,76,11,1197,1,4,VOLKSWAGEN POLO,10,W01000823,0,-1
2020470952970,2020,470952970,1,9,0,18,19,6,2,0,0,0,0,0,3,9,1,1,6,6,2,80,11,999,1,4,VOLKSWAGEN POLO,8,E01031629,0,-1
2020010282478,2020,010282478,1,9,0,18,19,7,3,0,0,8,0,0,0,0,3,1,6,6,2,19,4,1390,1,13,VOLKSWAGEN POLO,4,E01000155,0,-1
2020520100244,2020,520100244,3,9,0,2,2,0,0,0,0,8,0,0,0,0,1,1,6,6,3,-1,-1,1390,1,7,VOLKSWAGEN POLO,-1,-1,0,-1
2020350988854,2020,350988854,2,9,0,18,19,5,1,0,0,8,0,0,0,0,1,1,2,2,1,41,7,1390,1,18,VOLKSWAGEN POLO,1,E01015603,0,-1
2020340K80132,2020,340K80132,1,9,0,4,4,5,1,0,0,0,0,0,0,0,1,1,6,6,2,90,11,1390,1,16,VOLKSWAGEN POLO,7,E01027129,0,-1
2020440448427,2020,440448427,1,9,0,18,19,6,2,0,0,2,0,7,0,0,1,1,6,6,2,65,9,1390,1,22,VOLKSWAGEN POLO,3,E01030901,0,-1
2020400999689,2020,400999689,1,9,0,16,19,7,3,0,0,0,1,0,7,0,3,1,5,6,1,23,5,1197,1,3,VOLKSWAGEN POLO,9,E01018181,0,-1
2020400929922,2020,400929922,1,9,-1,-1,-1,4,8,0,0,1,0,0,0,0,-1,1,6,6,2,50,8,1200,1,18,VOLKSWAGEN POLO,1,E01015736,0,-1
2020201016029,2020,201016029,1,9,0,3,3,2,6,0,0,1,0,0,0,0,2,1,6,6,1,28,6,999,1,5,VOLKSWAGEN POLO,1,E01010060,0,-1
2020070641628,2020,070641628,1,9,0,18,19,2,6,0,0,8,0,0,0,0,1,1,6,6,1,18,4,999,1,5,VOLKSWAGEN POLO,3,E01018435,0,-1
2020470997753,2020,470997753,1,9,0,9,9,6,4,0,0,6,0,0,0,0,3,1,1,1,1,85,11,1390,1,13,VOLKSWAGEN POLO,6,E01031507,0,-1
2020010240427,2020,010240427,1,9,0,9,9,2,8,0,0,5,0,0,0,0,4,1,6,6,1,35,6,1390,1,10,VOLKSWAGEN POLO,2,E01028520,0,-1
2020040948030,2020,040948030,2,9,0,9,9,4,1,0,0,4,0,0,0,0,1,1,5,6,2,17,4,999,1,1,VOLKSWAGEN POLO,8,E01025344,0,-1
2020460961762,2020,460961762,2,9,0,18,19,1,5,0,0,0,0,0,0,0,2,1,6,6,2,23,5,999,1,2,VOLKSWAGEN POLO,4,E01003568,0,-1
2020122000218,2020,122000218,1,9,0,5,5,6,2,0,0,6,0,0,0,0,3,1,2,2,2,27,6,1198,1,8,VOLKSWAGEN POLO,4,E01027835,0,-1
2020040996612,2020,040996612,1,9,0,18,19,7,7,0,0,0,0,0,0,0,1,1,2,2,2,30,6,999,1,3,VOLKSWAGEN POLO,3,E01012677,0,-1
2020010286689,2020,010286689,2,9,0,18,19,4,8,0,0,1,0,0,0,0,1,1,6,6,2,20,4,1390,1,18,VOLKSWAGEN POLO,4,E01004358,0,-1
2020990963688,2020,990963688,2,9,0,17,19,5,2,0,0,8,0,0,0,0,3,1,5,6,2,22,5,999,1,4,VOLKSWAGEN POLO,5,-1,0,-1
2020302001274,2020,302001274,1,9,0,18,19,3,7,0,0,1,0,0,0,0,3,1,1,1,2,-1,-1,1197,1,6,VOLKSWAGEN POLO,3,E01019675,0,-1
2020440454659,2020,440454659,2,9,0,18,19,7,3,0,0,8,0,0,0,0,4,1,6,6,2,32,6,1598,2,6,VOLKSWAGEN POLO,10,E01030886,0,-1
2020552000848,2020,552000848,1,9,0,9,9,7,4,0,0,5,0,0,0,0,3,1,6,6,1,24,5,1390,1,10,VOLKSWAGEN POLO,10,E01031202,0,-1
2020350940916,2020,350940916,1,9,0,17,19,5,2,0,0,0,5,0,1,0,3,1,5,6,1,22,5,1422,2,19,VOLKSWAGEN POLO,3,E01018093,0,-1
2020450980724,2020,450980724,1,9,0,18,19,7,3,0,0,1,1,0,7,10,1,1,4,7,1,17,4,1197,1,3,VOLKSWAGEN POLO,10,E01030944,0,-1
2020010254058,2020,010254058,2,9,0,18,19,7,3,0,0,6,0,0,0,0,1,1,6,6,3,-1,-1,1198,1,14,VOLKSWAGEN POLO,-1,-1,0,-1
2020070355863,2020,070355863,1,9,0,16,19,1,5,0,0,0,1,11,1,0,1,1,6,6,1,25,5,1984,1,0,VOLKSWAGEN POLO,8,E01032904,0,-1
2020137B70977,2020,137B70977,1,9,0,18,19,4,8,0,0,0,5,4,0,0,1,1,6,6,2,20,4,1199,2,9,VOLKSWAGEN POLO,1,E01010843,0,-1
20201373N0890,2020,1373N0890,2,9,0,10,10,7,5,0,0,6,0,0,0,0,0,1,6,6,1,18,4,999,1,4,VOLKSWAGEN POLO,1,E01010960,0,-1
2020010264573,2020,010264573,2,9,0,99,99,9,9,99,99,9,9,99,9,99,1,9,6,6,1,84,11,999,1,2,VOLKSWAGEN POLO,8,E01003795,0,-1
2020990965540,2020,990965540,1,9,0,16,19,5,8,0,0,2,0,0,0,0,4,1,6,6,1,26,6,999,1,1,VOLKSWAGEN POLO,4,-1,0,-1
2020552001126,2020,552001126,3,9,0,4,4,4,8,0,0,8,0,0,0,0,2,1,6,6,2,24,5,1198,1,18,VOLKSWAGEN POLO,5,E01015296,0,-1
2020450920486,2020,450920486,1,9,0,18,19,2,6,0,0,0,0,0,0,0,1,1,5,6,2,65,9,1390,1,13,VOLKSWAGEN POLO,10,E01030535,0,-1
2020010263858,2020,010263858,2,9,0,99,99,9,9,99,99,9,9,99,9,99,1,9,6,6,3,-1,-1,999,1,4,VOLKSWAGEN POLO,-1,-1,0,-1
2020211000993,2020,211000993,1,9,0,4,4,7,3,0,0,1,0,0,0,0,2,1,6,6,1,-1,-1,1400,1,17,VOLKSWAGEN POLO,3,E01014323,0,-1
2020010273838,2020,010273838,2,9,0,13,13,1,5,0,0,1,0,0,0,0,4,1,6,6,2,25,5,1390,1,10,VOLKSWAGEN POLO,3,E01003127,0,-1
2020052000405,2020,052000405,1,9,0,18,19,3,7,0,0,8,0,0,0,0,4,1,6,6,1,18,4,999,1,5,VOLKSWAGEN POLO,4,E01006425,0,-1
2020470997875,2020,470997875,2,9,0,18,19,3,8,0,0,0,0,0,0,0,4,2,6,6,2,19,4,1390,1,16,VOLKSWAGEN POLO,3,E01021048,0,-1
2020450945536,2020,450945536,1,9,0,9,9,3,7,0,0,6,0,0,7,4,1,1,1,1,2,48,8,1198,1,14,VOLKSWAGEN POLO,4,E01030601,0,-1
2020010255374,2020,010255374,2,9,0,99,99,9,9,99,99,9,9,99,9,99,9,9,6,6,3,26,6,1197,1,3,VOLKSWAGEN POLO,2,E01003377,0,-1
2020010271351,2020,010271351,1,9,0,18,19,7,3,0,0,0,0,4,0,0,1,1,2,2,1,22,5,1896,2,17,VOLKSWAGEN POLO,2,E01001692,0,-1
2020500944535,2020,500944535,1,9,0,16,19,1,5,0,0,0,0,0,0,0,1,1,5,6,2,50,8,1400,2,14,VOLKSWAGEN POLO,3,E01019922,0,-1
2020010231104,2020,010231104,1,9,0,99,99,9,9,99,99,9,9,99,9,99,2,9,6,6,2,37,7,1197,1,4,VOLKSWAGEN POLO,5,E01001998,0,-1
2020610013921,2020,610013921,1,9,0,18,19,3,8,0,0,0,1,0,0,0,1,1,6,6,1,76,11,1198,1,17,VOLKSWAGEN POLO,3,W01001353,0,-1
2020320083550,2020,320083550,1,9,0,9,9,1,3,0,0,8,0,0,0,0,1,1,6,6,2,81,11,999,1,5,VOLKSWAGEN POLO,8,E01026022,0,-1
2020320272175,2020,320272175,1,9,0,18,19,5,1,0,0,0,0,0,0,0,1,1,6,6,2,86,11,1198,1,16,VOLKSWAGEN POLO,8,E01026035,0,-1
2020110977920,2020,110977920,1,9,0,18,19,1,5,0,0,1,0,0,0,0,1,2,2,2,2,32,6,1395,1,5,VOLKSWAGEN POLO,1,E01020874,0,-1
2020010266917,2020,010266917,2,9,9,18,19,1,5,0,0,0,9,99,0,0,2,9,6,6,3,22,5,1198,1,12,VOLKSWAGEN POLO,10,E01000458,0,-1
2020990949731,2020,990949731,1,9,0,18,19,1,5,0,0,0,0,4,0,0,1,1,2,2,1,24,5,1390,1,8,VOLKSWAGEN POLO,6,-1,0,-1
2020622000626,2020,622000626,1,9,0,9,9,4,2,0,0,2,0,0,0,0,4,1,2,2,1,30,6,1198,1,9,VOLKSWAGEN POLO,3,W01000961,0,-1
2020340N03752,2020,340N03752,2,9,0,2,2,0,0,9,9,0,0,0,0,11,2,1,6,6,1,21,5,1400,1,14,VOLKSWAGEN POLO,1,E01027239,0,-1
2020552100070,2020,552100070,2,9,0,18,19,8,4,0,0,0,0,0,0,0,1,1,6,6,1,28,6,1781,1,13,VOLKSWAGEN POLO,5,E01020389,0,-1
2020220974085,2020,220974085,2,9,0,5,5,2,6,0,0,8,0,0,0,0,1,1,5,6,2,27,6,1198,1,7,VOLKSWAGEN POLO,7,W01001907,0,-1
2020320576861,2020,320576861,1,9,0,18,19,5,1,0,0,1,0,0,0,0,1,1,6,6,3,40,7,1198,1,10,VOLKSWAGEN POLO,-1,-1,0,-1
20201375T2137,2020,1375T2137,1,9,0,18,19,8,4,0,0,0,0,0,0,0,1,1,6,6,1,18,4,999,1,1,VOLKSWAGEN POLO,7,E01011581,0,-1
2020010276321,2020,010276321,2,9,0,99,99,9,9,99,99,9,9,99,9,99,2,9,6,6,3,-1,-1,999,1,0,VOLKSWAGEN POLO,-1,-1,0,-1
2020610021820,2020,610021820,2,9,0,5,5,8,3,0,0,2,1,0,0,0,1,1,6,6,1,18,4,999,1,2,VOLKSWAGEN POLO,3,W01001311,0,-1
2020200966720,2020,200966720,2,9,0,5,5,4,8,0,0,1,0,0,0,0,3,1,6,6,2,34,6,1422,2,6,VOLKSWAGEN POLO,10,E01010197,0,-1
2020430238237,2020,430238237,1,9,0,18,19,6,4,0,0,8,0,0,0,0,0,1,6,6,1,26,6,1198,1,16,VOLKSWAGEN POLO,-1,-1,0,-1
2020332000368,2020,332000368,4,9,0,2,2,0,0,0,0,0,0,0,0,0,1,1,6,6,3,-1,-1,999,1,4,VOLKSWAGEN POLO,-1,-1,0,-1
2020470969012,2020,470969012,1,9,0,9,9,3,1,0,0,8,0,0,0,0,1,1,5,6,1,38,7,1390,1,9,VOLKSWAGEN POLO,1,E01000798,0,-1
2020351001464,2020,351001464,1,9,0,18,19,3,7,0,0,0,0,0,0,0,1,1,5,6,1,21,5,1198,1,7,VOLKSWAGEN POLO,10,E01018259,0,-1
2020340N02772,2020,340N02772,1,9,0,18,19,1,5,0,0,8,0,0,0,0,1,1,6,6,1,48,8,1422,2,12,VOLKSWAGEN POLO,1,E01015661,0,-1
2020010245035,2020,010245035,1,9,0,18,19,3,7,0,0,0,0,0,0,0,1,1,6,6,1,71,10,1390,1,22,VOLKSWAGEN POLO,3,E01004443,0,-1
2020200969926,2020,200969926,1,9,0,9,9,6,3,0,0,5,0,0,0,0,4,1,6,6,2,25,5,1390,1,22,VOLKSWAGEN POLO,10,E01000766,0,-1
2020010241545,2020,010241545,1,9,0,7,7,5,7,0,0,1,0,0,0,0,1,1,6,6,2,54,8,1198,1,13,VOLKSWAGEN POLO,3,E01002620,0,-1
2020010285464,2020,010285464,1,9,0,18,19,3,7,0,0,8,0,0,1,7,0,1,6,6,1,36,7,1198,1,10,VOLKSWAGEN POLO,1,E01002094,0,-1
2020201018683,2020,201018683,2,9,0,18,19,-1,-1,0,0,8,0,0,0,0,1,1,6,6,1,24,5,1197,1,5,VOLKSWAGEN POLO,6,E01031051,0,-1
2020302001573,2020,302001573,1,9,0,7,7,6,8,0,0,6,0,0,0,0,3,1,6,6,1,28,6,1197,1,4,VOLKSWAGEN POLO,8,E01028104,0,-1
2020230976507,2020,230976507,1,9,0,18,19,6,2,0,0,6,0,0,0,0,1,1,5,6,1,19,4,1198,1,15,VOLKSWAGEN POLO,7,E01031247,0,-1
2020040958700,2020,040958700,2,9,0,18,19,5,1,0,0,0,0,0,0,0,1,1,6,6,3,-1,-1,1198,1,10,VOLKSWAGEN POLO,-1,-1,0,-1
2020440033782,2020,440033782,2,9,0,5,5,8,0,0,0,8,0,0,0,0,4,1,6,6,2,27,6,999,1,2,VOLKSWAGEN POLO,-1,-1,0,-1
2020410932559,2020,410932559,3,9,0,2,2,0,0,9,9,0,0,0,0,0,1,1,5,6,3,-1,-1,1198,1,10,VOLKSWAGEN POLO,-1,-1,0,-1
2020140970706,2020,140970706,1,9,0,18,19,5,3,0,0,0,0,0,0,0,1,1,2,2,2,87,11,1198,1,9,VOLKSWAGEN POLO,-1,-1,0,-1
2020010238101,2020,010238101,2,9,0,9,9,5,2,0,0,6,0,0,0,0,1,1,2,2,1,76,11,1390,1,12,VOLKSWAGEN POLO,5,E01000636,0,-1
2020040958292,2020,040958292,2,9,0,9,9,7,3,0,0,8,1,0,0,0,4,1,1,1,2,32,6,999,1,0,VOLKSWAGEN POLO,7,E01025123,0,-1
2020460970509,2020,460970509,2,9,0,18,19,2,6,0,0,0,0,0,5,0,3,1,6,6,2,19,4,999,1,2,VOLKSWAGEN POLO,9,E01027289,0,-1
2020040948025,2020,040948025,2,9,0,18,19,3,7,0,0,0,0,0,0,0,0,1,2,2,1,21,5,1798,1,5,VOLKSWAGEN POLO,1,E01025182,0,-1
2020440264553,2020,440264553,2,9,0,18,19,1,5,0,0,8,0,0,0,0,1,1,6,6,1,21,5,1390,1,19,VOLKSWAGEN POLO,7,E01022946,0,-1
2020040990705,2020,040990705,1,9,0,9,9,1,5,0,0,6,0,0,0,0,1,1,5,6,2,23,5,1390,1,8,VOLKSWAGEN POLO,1,E01024907,0,-1
2020200990528,2020,200990528,1,9,0,18,19,4,8,0,0,0,0,10,4,7,1,1,1,1,2,26,6,1390,1,9,VOLKSWAGEN POLO,2,E01009043,0,-1
2020140957642,2020,140957642,2,9,0,12,12,8,3,0,0,0,0,0,0,0,3,1,6,6,3,30,6,1198,1,6,VOLKSWAGEN POLO,-1,-1,0,-1
202006P176722,2020,06P176722,1,9,0,18,19,5,1,0,0,3,0,0,0,0,3,1,6,6,1,32,6,1390,1,17,VOLKSWAGEN POLO,7,E01005492,0,-1
2020370983591,2020,370983591,2,9,0,18,19,2,6,0,0,0,0,0,0,0,1,1,5,6,2,74,10,1198,1,15,VOLKSWAGEN POLO,7,E01030184,0,-1
2020440237632,2020,440237632,2,9,0,4,4,3,7,0,0,2,0,0,0,0,2,1,6,6,1,56,9,1390,1,12,VOLKSWAGEN POLO,3,E01017350,0,-1
2020010267188,2020,010267188,1,9,0,7,7,2,3,0,0,1,0,0,0,0,4,1,6,6,2,22,5,1198,1,9,VOLKSWAGEN POLO,5,E01023843,0,-1
2020100997095,2020,100997095,2,9,0,4,4,2,6,0,0,0,0,0,0,0,2,1,5,6,2,79,11,1400,2,15,VOLKSWAGEN POLO,5,E01033718,0,-1
2020991001373,2020,991001373,2,9,0,4,4,4,8,0,0,4,0,0,0,0,2,1,6,6,2,20,4,1197,1,4,VOLKSWAGEN POLO,6,-1,0,-1
2020421006411,2020,421006411,1,9,0,18,19,3,7,0,0,0,1,0,0,0,1,1,6,6,1,18,4,1197,1,5,VOLKSWAGEN POLO,6,E01021796,0,-1
2020010264862,2020,010264862,1,9,0,8,8,6,8,0,0,1,0,0,0,0,2,1,6,6,2,42,7,1390,1,21,VOLKSWAGEN POLO,4,E01000676,0,-1
2020220948141,2020,220948141,2,9,0,16,19,4,7,0,0,0,0,0,0,0,2,1,5,6,1,44,7,999,1,4,VOLKSWAGEN POLO,6,E01014080,0,-1
2020200981048,2020,200981048,1,9,0,18,19,8,4,0,0,8,0,0,0,0,1,1,6,6,1,47,8,999,1,0,VOLKSWAGEN POLO,4,E01011597,0,-1
2020542551220,2020,542551220,2,9,0,2,2,2,6,0,0,0,0,0,1,0,3,1,6,6,2,23,5,1198,1,13,VOLKSWAGEN POLO,7,E01031848,0,-1
2020137CF0565,2020,137CF0565,1,9,0,5,5,1,5,0,0,0,0,0,1,2,1,1,6,6,1,59,9,1198,1,13,VOLKSWAGEN POLO,-1,-1,0,-1
2020500945328,2020,500945328,1,9,0,18,19,1,5,0,0,8,0,0,1,11,1,1,5,6,1,93,11,1197,1,5,VOLKSWAGEN POLO,7,E01018827,0,-1
2020340C07772,2020,340C07772,1,9,0,18,19,1,5,0,0,0,0,0,0,0,3,1,6,6,1,18,4,1198,1,15,VOLKSWAGEN POLO,8,E01027103,0,-1
2020040985101,2020,040985101,1,9,0,10,10,3,5,0,0,6,0,0,0,0,2,1,5,6,2,20,4,1198,1,10,VOLKSWAGEN POLO,1,E01012643,0,-1
2020010254848,2020,010254848,2,9,0,9,9,3,2,0,0,1,0,0,0,0,1,1,2,2,1,41,7,1400,1,13,VOLKSWAGEN POLO,1,E01002081,0,-1
2020140922264,2020,140922264,1,9,0,18,19,1,5,0,0,8,0,4,0,0,1,1,6,6,1,28,6,1197,1,5,VOLKSWAGEN POLO,3,E01007971,0,-1
202031A178120,2020,31A178120,1,9,0,13,13,1,5,0,0,0,1,0,7,0,4,1,2,2,1,27,6,1798,1,3,VOLKSWAGEN POLO,2,E01027987,0,-1
2020552000408,2020,552000408,3,9,0,18,19,3,7,0,0,1,0,0,1,4,1,1,6,6,1,70,10,1390,1,12,VOLKSWAGEN POLO,4,E01018988,0,-1
2020450959658,2020,450959658,1,9,0,18,19,7,3,0,0,0,0,11,0,0,1,1,5,6,1,19,4,1198,1,10,VOLKSWAGEN POLO,10,E01030627,0,-1
2020460955843,2020,460955843,1,9,0,18,19,1,5,0,0,1,0,0,0,0,3,1,5,6,1,35,6,1390,1,13,VOLKSWAGEN POLO,1,E01024306,0,-1
2020540598420,2020,540598420,1,9,0,7,7,6,8,0,0,3,0,0,0,0,0,1,6,6,1,25,5,999,1,5,VOLKSWAGEN POLO,8,E01015557,0,-1
2020010264905,2020,010264905,1,9,0,4,4,7,3,0,0,0,0,0,0,0,1,1,6,6,2,21,5,1197,1,5,VOLKSWAGEN POLO,2,E01000483,0,-1
2020500983481,2020,500983481,1,9,0,16,19,1,5,0,0,0,5,0,0,0,1,1,5,6,1,24,5,1390,1,12,VOLKSWAGEN POLO,6,E01020227,0,-1
2020990917523,2020,990917523,1,9,0,16,19,7,3,0,0,0,0,0,0,0,2,1,2,2,1,44,7,999,1,1,VOLKSWAGEN POLO,4,-1,0,-1
2020543109820,2020,543109820,1,9,0,18,19,3,7,0,0,0,0,0,4,6,3,1,1,1,1,21,5,1199,2,9,VOLKSWAGEN POLO,7,E01023184,0,-1
2020010259817,2020,010259817,3,9,0,2,2,0,0,9,9,0,0,0,0,0,0,1,6,6,3,-1,-1,1390,1,17,VOLKSWAGEN POLO,-1,-1,0,-1
2020010275058,2020,010275058,2,9,0,5,5,7,3,0,0,2,0,0,0,0,1,1,6,6,1,26,6,1198,1,18,VOLKSWAGEN POLO,-1,-1,0,-1
2020010287016,2020,010287016,3,9,0,18,19,3,7,0,0,1,0,0,0,0,4,1,2,2,1,39,7,999,1,20,VOLKSWAGEN POLO,2,E01002669,0,-1
2020460939674,2020,460939674,1,9,0,18,19,1,4,0,0,1,0,0,0,0,1,1,5,6,1,19,4,999,1,4,VOLKSWAGEN POLO,2,E01024093,0,-1