collision_index,collision_year,collision_ref_no,vehicle_reference,vehicle_type,towing_and_articulation,vehicle_manoeuvre_historic,vehicle_manoeuvre,vehicle_direction_from,vehicle_direction_to,vehicle_location_restricted_lane_historic,vehicle_location_restricted_lane,junction_location,skidding_and_overturning,hit_object_in_carriageway,vehicle_leaving_carriageway,hit_object_off_carriageway,first_point_of_impact,vehicle_left_hand_drive,journey_purpose_of_driver_historic,journey_purpose_of_driver,sex_of_driver,age_of_driver,age_band_of_driver,engine_capacity_cc,propulsion_code,age_of_vehicle,generic_make_model,driver_imd_decile,lsoa_of_driver,escooter_flag,driver_distance_banding
2020070063954,2020,070063954,1,9,0,18,19,2,6,0,0,2,0,0,0,0,1,1,2,2,2,25,5,1198,1,11,VOLKSWAGEN POLO,3,E01012507,0,-1
2020010235651,2020,010235651,2,9,0,99,99,9,9,99,99,9,9,99,9,99,4,9,6,6,3,44,7,1390,1,17,VOLKSWAGEN POLO,3,E01003438,0,-1
2020010248738,2020,010248738,1,9,0,4,4,8,4,0,0,0,0,0,0,0,2,1,6,6,1,58,9,1198,1,17,VOLKSWAGEN POLO,5,E01000589,0,-1
2020440135894,2020,440135894,1,9,0,18,19,1,5,0,0,8,0,0,0,0,1,1,1,1,1,26,6,1400,1,15,VOLKSWAGEN POLO,10,E01023287,0,-1
2020440467582,2020,440467582,1,9,0,18,19,7,4,0,0,8,0,0,0,0,1,1,6,6,3,-1,-1,1197,1,6,VOLKSWAGEN POLO,-1,-1,0,-1
2020440122708,2020,440122708,4,9,0,2,2,0,0,6,6,0,0,0,0,0,1,1,6,6,1,19,4,1198,1,7,VOLKSWAGEN POLO,4,E01032858,0,-1
2020010245350,2020,010245350,2,9,0,99,99,9,9,99,99,9,9,99,9,99,1,9,6,6,3,-1,-1,1198,1,6,VOLKSWAGEN POLO,-1,-1,0,-1
2020470927932,2020,470927932,2,9,0,18,19,8,4,0,0,0,0,4,0,0,1,1,6,6,2,81,11,1390,1,8,VOLKSWAGEN POLO,9,E01031769,0,-1
2020420967271,2020,420967271,3,9,0,17,19,2,2,0,0,0,0,0,0,0,0,1,5,6,1,18,4,1198,1,7,VOLKSWAGEN POLO,4,E01022024,0,-1
202031C119420,2020,31C119420,2,9,0,18,19,8,4,0,0,8,0,0,0,0,4,1,6,6,2,29,6,1198,1,8,VOLKSWAGEN POLO,1,E01013880,0,-1
2020110979554,2020,110979554,1,9,0,5,5,7,3,0,0,0,0,0,0,0,1,1,6,6,2,-1,-1,1199,2,8,VOLKSWAGEN POLO,-1,-1,0,-1
2020420955293,2020,420955293,1,9,0,5,5,4,8,0,0,3,0,0,0,0,1,1,6,6,2,18,4,1199,2,9,VOLKSWAGEN POLO,5,E01002361,0,-1
2020400981063,2020,400981063,1,9,0,3,3,6,2,0,0,1,0,0,0,0,1,1,6,6,1,31,6,1198,1,10,VOLKSWAGEN POLO,4,E01015755,0,-1
2020010228289,2020,010228289,1,9,0,1,1,3,7,9,9,0,0,0,0,0,2,1,6,6,1,57,9,1390,1,19,VOLKSWAGEN POLO,3,E01002491,0,-1
2020010278591,2020,010278591,1,9,0,5,5,1,5,0,0,8,0,0,0,0,1,2,1,1,1,23,5,999,1,0,VOLKSWAGEN POLO,4,E01003115,0,-1
2020070688823,2020,070688823,1,9,0,10,10,5,1,0,0,1,0,2,0,0,4,1,1,1,2,32,6,999,1,5,VOLKSWAGEN POLO,8,E01018681,0,-1
2020461011017,2020,461011017,3,9,0,4,4,3,0,0,0,0,0,0,0,0,2,1,3,7,1,18,4,1390,1,10,VOLKSWAGEN POLO,9,E01016147,0,-1
2020522003985,2020,522003985,2,9,0,18,19,5,1,0,0,1,0,0,0,0,1,1,6,6,2,27,6,1422,2,5,VOLKSWAGEN POLO,6,E01014882,0,-1
2020040959613,2020,040959613,1,9,0,17,19,7,3,0,0,0,5,0,0,0,4,1,5,6,1,25,5,1896,2,18,VOLKSWAGEN POLO,6,E01025562,0,-1
2020460996480,2020,460996480,1,9,0,17,19,8,4,0,0,0,1,0,0,0,1,1,5,6,1,23,5,1198,1,9,VOLKSWAGEN POLO,7,E01024439,0,-1
2020450986431,2020,450986431,3,9,0,18,19,4,8,0,0,0,0,0,0,0,1,1,5,6,1,18,4,1400,2,14,VOLKSWAGEN POLO,5,E01030982,0,-1
2020440064763,2020,440064763,1,9,0,7,7,6,1,0,0,8,0,0,0,0,4,1,2,2,1,31,6,999,1,6,VOLKSWAGEN POLO,1,E01017120,0,-1
2020350975500,2020,350975500,2,9,0,18,19,1,5,0,0,0,0,0,0,0,1,1,5,6,1,19,4,1390,1,11,VOLKSWAGEN POLO,4,E01015630,0,-1
202006M173519,2020,06M173519,1,9,0,18,19,2,8,0,0,8,0,0,0,0,1,1,6,6,2,30,6,999,1,0,VOLKSWAGEN POLO,-1,-1,0,-1
2020990981168,2020,990981168,2,9,0,18,19,8,4,0,0,1,0,0,0,0,1,1,6,6,2,26,6,1197,1,4,VOLKSWAGEN POLO,2,-1,0,-1
2020520003593,2020,520003593,1,9,0,7,7,7,1,0,0,1,0,0,0,0,1,1,6,6,2,19,4,1197,1,4,VOLKSWAGEN POLO,6,E01032051,0,-1
2020010242158,2020,010242158,2,9,0,2,2,0,0,0,0,0,0,0,8,11,2,1,6,6,3,-1,-1,1198,1,9,VOLKSWAGEN POLO,-1,-1,0,-1
2020360965294,2020,360965294,1,9,0,5,5,6,4,0,0,0,0,0,0,0,1,1,5,6,2,30,6,1595,2,10,VOLKSWAGEN POLO,2,E01026828,0,-1
2020440019509,2020,440019509,3,9,0,4,4,1,5,0,0,0,0,0,0,0,2,1,6,6,1,22,5,999,1,2,VOLKSWAGEN POLO,6,E01023284,0,-1
2020622000817,2020,622000817,2,9,0,2,2,0,0,0,0,0,0,0,0,0,1,1,6,6,2,68,10,999,1,2,VOLKSWAGEN POLO,9,W01000751,0,-1
2020401005512,2020,401005512,2,9,0,3,3,6,2,0,0,0,0,0,0,0,2,1,2,2,2,46,8,1390,1,6,VOLKSWAGEN POLO,8,E01017480,0,-1
2020010273452,2020,010273452,2,9,0,18,19,5,1,0,0,1,0,0,0,0,1,1,6,6,2,34,6,1197,1,2,VOLKSWAGEN POLO,1,E01001206,0,-1
2020440368995,2020,440368995,2,9,0,9,9,2,8,0,0,8,0,0,0,0,1,1,2,2,1,18,4,1198,1,8,VOLKSWAGEN POLO,10,E01022675,0,-1
2020052001377,2020,052001377,3,9,0,2,2,0,0,0,0,1,1,0,0,0,2,1,6,6,3,-1,-1,1390,1,17,VOLKSWAGEN POLO,-1,-1,0,-1
2020010284918,2020,010284918,1,9,0,9,9,6,3,0,0,6,0,0,0,0,1,1,6,6,2,23,5,1198,1,13,VOLKSWAGEN POLO,2,E01003309,0,-1
2020101000277,2020,101000277,2,9,0,3,3,7,3,0,0,0,0,0,0,0,2,1,6,6,2,35,6,1984,1,2,VOLKSWAGEN POLO,2,E01008512,0,-1
2020010248889,2020,010248889,1,9,0,9,9,1,6,0,0,6,0,0,3,0,1,1,6,6,1,32,6,1390,1,18,VOLKSWAGEN POLO,-1,-1,0,-1
2020052002131,2020,052002131,1,9,0,18,19,5,1,0,0,8,0,0,0,0,4,1,6,6,1,18,4,1198,1,16,VOLKSWAGEN POLO,2,E01032510,0,-1
2020140929353,2020,140929353,2,9,0,4,4,3,7,0,0,1,0,0,0,0,1,1,5,6,2,57,9,999,1,22,VOLKSWAGEN POLO,4,E01006047,0,-1
2020010257255,2020,010257255,1,9,9,99,99,9,9,99,99,0,9,99,9,99,9,9,6,6,3,27,6,1390,1,11,VOLKSWAGEN POLO,10,E01017799,0,-1
202006F173192,2020,06F173192,3,9,0,18,19,5,1,0,0,1,0,0,0,0,2,1,6,6,2,30,6,1197,1,3,VOLKSWAGEN POLO,4,E01005705,0,-1
2020010250284,2020,010250284,2,9,0,99,99,9,9,99,99,9,9,99,9,99,1,9,6,6,3,-1,-1,999,1,0,VOLKSWAGEN POLO,-1,-1,0,-1
20201378S1937,2020,1378S1937,1,9,0,18,19,1,5,0,0,2,0,0,0,0,4,1,6,6,2,19,4,999,1,1,VOLKSWAGEN POLO,1,E01010822,0,-1
202031A078420,2020,31A078420,2,9,0,9,9,7,5,0,0,5,0,0,0,0,4,1,6,6,2,21,5,999,1,1,VOLKSWAGEN POLO,5,E01019501,0,-1
2020030991501,2020,030991501,2,9,0,18,19,8,4,0,0,2,0,0,0,0,3,1,5,6,2,19,4,1422,2,4,VOLKSWAGEN POLO,6,E01019237,0,-1
2020400995473,2020,400995473,1,9,0,5,5,1,5,0,0,0,0,0,0,0,1,1,6,6,1,37,7,1198,1,9,VOLKSWAGEN POLO,2,E01015749,0,-1
2020010282524,2020,010282524,1,9,0,18,19,8,4,0,0,2,0,0,0,0,1,1,6,6,1,21,5,1198,1,9,VOLKSWAGEN POLO,6,E01024180,0,-1
2020010246433,2020,010246433,2,9,0,9,9,3,1,0,0,8,0,0,0,0,3,1,6,6,2,64,9,999,1,2,VOLKSWAGEN POLO,8,E01001949,0,-1
2020010241043,2020,010241043,1,9,0,16,19,5,1,0,0,3,0,0,7,1,2,1,6,6,2,21,5,1198,1,16,VOLKSWAGEN POLO,6,E01003657,0,-1
2020440359337,2020,440359337,2,9,0,10,10,2,7,0,0,8,0,0,0,0,3,1,2,2,1,-1,-1,1197,1,6,VOLKSWAGEN POLO,-1,-1,0,-1
2020231016808,2020,231016808,1,9,0,18,19,2,6,0,0,8,0,0,0,0,1,1,5,6,1,23,5,1198,1,16,VOLKSWAGEN POLO,2,E01031046,0,-1
2020070763780,2020,070763780,1,9,0,18,19,8,4,0,0,0,0,4,0,0,1,1,6,6,1,22,5,1198,1,8,VOLKSWAGEN POLO,1,E01012455,0,-1
2020991006619,2020,991006619,4,9,0,18,19,1,5,0,0,0,1,0,0,0,1,1,5,6,1,21,5,999,1,3,VOLKSWAGEN POLO,9,-1,0,-1
2020302001533,2020,302001533,1,9,0,17,19,6,2,0,0,0,2,0,7,3,1,1,6,6,1,17,4,1198,1,9,VOLKSWAGEN POLO,5,E01019520,0,-1
2020010247316,2020,010247316,1,9,0,13,13,3,7,0,0,0,0,0,0,0,3,1,2,2,2,30,6,999,1,2,VOLKSWAGEN POLO,8,E01004054,0,-1
2020990932908,2020,990932908,1,9,0,13,13,5,1,0,0,0,0,0,0,0,1,1,1,1,1,25,5,1422,2,15,VOLKSWAGEN POLO,5,-1,0,-1
2020470995100,2020,470995100,3,9,0,10,10,5,3,0,0,1,0,0,0,0,2,1,5,6,2,27,6,1198,1,8,VOLKSWAGEN POLO,5,E01031614,0,-1
2020430032199,2020,430032199,1,9,0,18,19,5,1,0,0,0,0,0,0,0,1,1,6,6,2,22,5,1198,1,8,VOLKSWAGEN POLO,4,E01016446,0,-1
202006A176224,2020,06A176224,3,9,0,3,3,5,1,0,0,8,0,0,0,0,1,1,6,6,1,25,5,1390,1,17,VOLKSWAGEN POLO,2,E01005226,0,-1
2020122000411,2020,122000411,2,9,0,7,7,7,5,0,0,6,0,0,0,0,3,1,6,6,1,31,6,1390,1,11,VOLKSWAGEN POLO,3,E01002306,0,-1
2020470947937,2020,470947937,2,9,0,3,3,6,2,0,0,0,0,0,0,0,2,1,5,6,1,29,6,1598,2,10,VOLKSWAGEN POLO,10,E01031682,0,-1
2020040990705,2020,040990705,2,9,0,18,19,6,2,0,0,1,0,0,0,0,4,1,5,6,1,63,9,1390,1,15,VOLKSWAGEN POLO,4,E01025213,0,-1
2020622000843,2020,622000843,4,9,0,18,19,2,6,0,0,0,0,0,0,0,1,1,1,1,2,22,5,1198,1,8,VOLKSWAGEN POLO,4,W01001899,0,-1
202006L175050,2020,06L175050,2,9,0,18,19,5,1,0,0,2,0,0,0,0,3,1,1,1,1,24,5,999,1,4,VOLKSWAGEN POLO,1,E01006871,0,-1
2020010255981,2020,010255981,2,9,0,99,99,9,9,99,99,9,9,99,9,99,2,9,6,6,1,22,5,1390,1,13,VOLKSWAGEN POLO,2,E01004570,0,-1
2020522101121,2020,522101121,1,9,0,-1,-1,-1,-1,0,0,8,0,0,0,0,1,1,6,6,1,26,6,1896,2,18,VOLKSWAGEN POLO,3,E01031911,0,-1
2020501004517,2020,501004517,2,9,0,3,3,5,1,0,0,1,0,0,0,0,2,1,1,1,2,18,4,1400,2,14,VOLKSWAGEN POLO,4,E01020328,0,-1
20201375L2345,2020,1375L2345,1,9,0,18,19,5,1,0,0,1,5,0,1,10,4,1,6,6,1,19,4,999,1,5,VOLKSWAGEN POLO,5,E01011058,0,-1
2020010273600,2020,010273600,1,9,0,9,9,2,7,0,0,8,0,0,0,0,1,1,6,6,1,37,7,1400,1,11,VOLKSWAGEN POLO,3,E01032583,0,-1
2020220949430,2020,220949430,2,9,0,17,19,3,8,0,0,0,0,0,2,10,3,1,5,6,2,25,5,1197,1,5,VOLKSWAGEN POLO,-1,-1,0,-1
2020160953563,2020,160953563,2,9,0,3,3,6,2,0,0,0,0,0,0,0,2,1,6,6,1,49,8,999,1,2,VOLKSWAGEN POLO,10,E01013044,0,-1
2020010259702,2020,010259702,2,9,0,99,99,9,9,99,99,9,9,99,9,99,9,9,6,6,3,40,7,1198,1,16,VOLKSWAGEN POLO,2,E01004246,0,-1
2020041020052,2020,041020052,10,9,0,18,19,7,3,0,0,0,1,0,0,0,1,1,6,6,1,-1,-1,999,1,1,VOLKSWAGEN POLO,-1,-1,0,-1
2020470959975,2020,470959975,1,9,0,17,19,4,1,0,0,1,0,4,0,0,1,1,6,6,1,19,4,1198,1,18,VOLKSWAGEN POLO,6,E01031365,0,-1
2020010254620,2020,010254620,2,9,0,99,99,9,9,99,99,9,9,99,9,99,1,9,6,6,3,18,4,1198,1,8,VOLKSWAGEN POLO,4,E01000976,0,-1
2020522000343,2020,522000343,2,9,0,3,3,8,4,0,0,1,0,0,0,0,2,1,1,1,1,30,6,1198,1,6,VOLKSWAGEN POLO,10,E01014477,0,-1
2020070066012,2020,070066012,1,9,0,18,19,7,3,0,0,0,2,4,0,0,1,1,6,6,1,27,6,1200,1,16,VOLKSWAGEN POLO,4,E01018712,0,-1
2020010283193,2020,010283193,1,9,0,99,99,9,9,99,99,9,9,99,9,99,9,9,6,6,2,29,6,1390,1,13,VOLKSWAGEN POLO,5,E01002591,0,-1
2020451000846,2020,451000846,1,9,0,5,5,1,3,0,0,2,0,0,0,0,1,1,5,6,2,59,9,999,1,2,VOLKSWAGEN POLO,8,E01030505,0,-1
2020990931083,2020,990931083,1,9,0,18,19,7,3,0,0,2,0,0,0,0,1,1,5,6,2,22,5,999,1,2,VOLKSWAGEN POLO,4,-1,0,-1
2020500962732,2020,500962732,2,9,0,18,19,5,1,0,0,1,0,0,0,0,1,1,2,2,1,27,6,999,1,1,VOLKSWAGEN POLO,7,E01020176,0,-1
2020122001057,2020,122001057,1,9,0,4,4,3,7,0,0,4,0,0,0,0,1,2,2,2,1,22,5,1198,1,15,VOLKSWAGEN POLO,4,E01012356,0,-1
2020440391960,2020,440391960,2,9,0,2,2,0,0,0,0,1,0,0,0,0,3,1,6,6,1,54,8,1198,1,13,VOLKSWAGEN POLO,6,E01017177,0,-1
2020302001198,2020,302001198,2,9,0,3,3,6,2,0,0,1,1,0,0,0,0,1,6,6,1,18,4,1390,1,18,VOLKSWAGEN POLO,3,E01013510,0,-1
2020010245551,2020,010245551,3,9,0,18,19,3,7,0,0,1,0,0,0,0,1,1,6,6,1,22,5,999,1,5,VOLKSWAGEN POLO,4,E01000006,0,-1
2020430239574,2020,430239574,1,9,0,9,9,6,4,0,0,5,0,0,0,0,1,1,2,2,2,19,4,999,1,4,VOLKSWAGEN POLO,7,E01028501,0,-1
2020010243057,2020,010243057,2,9,0,6,6,4,4,0,0,0,0,0,0,0,3,1,2,2,1,26,6,1198,1,12,VOLKSWAGEN POLO,5,E01000979,0,-1
2020010237026,2020,010237026,1,9,0,99,99,9,9,99,99,9,9,99,9,99,1,1,6,6,2,29,6,1390,1,12,VOLKSWAGEN POLO,4,E01003106,0,-1
2020137C30731,2020,137C30731,2,9,0,3,3,6,2,0,0,1,0,0,0,0,2,1,6,6,2,35,6,1390,1,8,VOLKSWAGEN POLO,7,E01012835,0,-1
2020421008030,2020,421008030,1,9,0,18,19,3,7,0,0,4,0,0,0,0,1,1,6,6,1,25,5,1197,1,3,VOLKSWAGEN POLO,-1,-1,0,-1
202006K168241,2020,06K168241,1,9,0,18,19,1,5,0,0,2,0,0,0,0,1,1,6,6,2,25,5,999,1,1,VOLKSWAGEN POLO,4,E01004875,0,-1
2020622000908,2020,622000908,2,9,0,18,19,4,8,0,0,1,0,0,0,0,4,1,6,6,1,22,5,1197,1,6,VOLKSWAGEN POLO,5,W01001720,0,-1
2020302000798,2020,302000798,1,9,0,5,5,6,1,0,0,1,0,0,0,0,1,1,6,6,1,20,4,1798,1,3,VOLKSWAGEN POLO,3,E01019536,0,-1
2020010242133,2020,010242133,1,9,0,6,6,7,7,0,0,2,0,0,0,0,3,1,6,6,2,49,8,1198,1,8,VOLKSWAGEN POLO,-1,-1,0,-1
2020500955954,2020,500955954,1,9,0,4,4,6,2,0,0,8,0,0,0,0,2,1,2,2,1,48,8,1390,1,8,VOLKSWAGEN POLO,10,E01019963,0,-1
2020990979812,2020,990979812,1,9,0,18,19,1,5,0,0,8,0,0,0,0,1,1,5,6,2,36,7,1390,1,7,VOLKSWAGEN POLO,2,-1,0,-1
2020010248373,2020,010248373,1,9,0,18,19,3,7,0,0,0,0,0,0,0,4,1,6,6,2,25,5,1197,1,3,VOLKSWAGEN POLO,3,E01003105,0,-1
2020320666411,2020,320666411,2,9,0,10,10,6,3,0,0,1,0,0,0,0,3,1,6,6,1,28,6,1198,1,13,VOLKSWAGEN POLO,3,E01026033,0,-1
2020360944564,2020,360944564,1,9,0,4,4,5,1,0,0,0,0,0,0,0,1,1,5,6,1,25,5,1198,1,16,VOLKSWAGEN POLO,6,E01026452,0,-1
2020430235478,2020,430235478,1,9,0,18,19,8,3,0,0,1,0,0,0,0,1,1,6,6,1,27,6,999,1,0,VOLKSWAGEN POLO,5,E01027134,0,-1
2020031006831,2020,031006831,1,9,0,16,19,5,1,0,0,0,2,0,8,0,1,1,5,6,2,17,4,1197,1,5,VOLKSWAGEN POLO,5,E01019225,0,-1
2020041001998,2020,041001998,1,9,0,9,9,5,1,0,0,8,0,0,0,0,3,1,3,7,1,20,4,1198,1,17,VOLKSWAGEN POLO,1,E01012571,0,-1
2020101007722,2020,101007722,1,9,0,9,9,8,6,0,0,0,0,0,0,0,3,1,6,6,2,24,5,1395,1,4,VOLKSWAGEN POLO,1,E01008415,0,-1
2020211001026,2020,211001026,1,9,0,17,19,6,2,0,0,0,0,0,1,0,1,1,2,2,1,41,7,999,1,20,VOLKSWAGEN POLO,1,E01014244,0,-1
2020500963018,2020,500963018,2,9,0,2,2,7,3,6,6,0,0,0,1,0,2,1,5,6,1,20,4,1390,1,12,VOLKSWAGEN POLO,8,E01015035,0,-1
2020450989262,2020,450989262,3,9,0,11,11,7,3,0,0,1,1,0,0,0,3,1,5,6,2,25,5,1390,1,8,VOLKSWAGEN POLO,10,E01030780,0,-1
2020010286411,2020,010286411,1,9,0,9,9,1,7,0,0,1,0,0,0,0,3,1,6,6,2,25,5,1400,1,15,VOLKSWAGEN POLO,7,E01002349,0,-1
2020220922697,2020,220922697,1,9,0,18,19,4,8,0,0,6,0,0,0,0,0,1,5,6,1,18,4,999,1,5,VOLKSWAGEN POLO,3,E01032378,0,-1
2020544906720,2020,544906720,1,9,0,18,19,2,6,0,0,0,0,0,2,4,1,1,6,6,1,21,5,1598,1,21,VOLKSWAGEN POLO,9,E01031994,0,-1
2020450999510,2020,450999510,1,9,0,4,4,2,1,0,0,1,0,0,0,0,2,1,5,6,2,26,6,1198,1,8,VOLKSWAGEN POLO,9,E01030733,0,-1
2020010244899,2020,010244899,1,9,0,9,9,5,3,0,0,8,0,0,0,0,4,1,6,6,2,20,4,1198,1,7,VOLKSWAGEN POLO,6,E01001948,0,-1
2020010252518,2020,010252518,1,9,0,9,9,3,1,0,0,5,0,0,0,0,4,1,6,6,1,27,6,1197,1,4,VOLKSWAGEN POLO,1,E01003577,0,-1
202063C033720,2020,63C033720,1,9,0,18,19,6,2,0,0,1,0,0,0,0,1,1,6,6,1,17,4,999,1,0,VOLKSWAGEN POLO,1,W01000601,0,-1
2020010280410,2020,010280410,1,9,0,18,19,7,3,0,0,0,0,0,0,0,1,1,6,6,1,20,4,999,1,1,VOLKSWAGEN POLO,10,E01023551,0,-1
2020010285022,2020,010285022,1,9,0,5,5,7,3,0,0,1,0,0,0,0,1,1,3,7,1,40,7,1422,2,5,VOLKSWAGEN POLO,1,E01004316,0,-1
2020010258156,2020,010258156,1,9,0,9,9,6,5,0,0,0,0,0,0,0,4,1,6,6,1,27,6,1197,1,4,VOLKSWAGEN POLO,1,E01003577,0,-1
20201379F0440,2020,1379F0440,2,9,0,18,19,2,6,0,0,0,0,0,0,0,2,1,6,6,3,-1,-1,1390,1,10,VOLKSWAGEN POLO,-1,-1,0,-1
2020052002227,2020,052002227,1,9,0,99,99,3,7,0,0,0,0,0,0,0,1,1,6,6,2,28,6,999,1,0,VOLKSWAGEN POLO,1,E01007119,0,-1
2020500920945,2020,500920945,2,9,0,18,19,6,2,0,0,0,0,0,0,0,1,1,6,6,2,29,6,1896,2,15,VOLKSWAGEN POLO,4,E01020184,0,-1
2020990938237,2020,990938237,2,9,0,3,3,8,3,0,0,1,0,0,0,0,2,1,6,6,1,49,8,1198,1,11,VOLKSWAGEN POLO,9,-1,0,-1
2020200935986,2020,200935986,1,9,0,9,9,1,7,0,0,5,0,0,0,0,1,1,2,2,2,22,5,1198,1,10,VOLKSWAGEN POLO,7,E01009771,0,-1
2020500987645,2020,500987645,2,9,0,4,4,7,3,0,0,0,0,0,0,0,2,1,6,6,2,22,5,1390,1,10,VOLKSWAGEN POLO,3,E01015148,0,-1
2020140927995,2020,140927995,2,9,0,18,19,6,2,0,0,8,0,0,0,0,1,1,6,6,2,21,5,1198,1,18,VOLKSWAGEN POLO,6,E01008151,0,-1
2020010283971,2020,010283971,2,9,0,99,99,9,9,99,99,1,9,99,9,99,1,9,6,6,3,37,7,1198,1,7,VOLKSWAGEN POLO,3,E01002850,0,-1
2020122000836,2020,122000836,1,9,0,5,5,0,0,9,9,1,0,0,1,4,1,1,6,6,1,81,11,1197,1,4,VOLKSWAGEN POLO,9,E01027856,0,-1
2020990981563,2020,990981563,2,9,0,18,19,2,6,0,0,1,0,0,0,0,1,1,5,6,2,26,6,1198,1,6,VOLKSWAGEN POLO,7,E01025909,0,-1
2020460972072,2020,460972072,1,9,0,5,5,4,8,0,0,1,0,0,0,0,1,1,5,6,1,25,5,1422,2,18,VOLKSWAGEN POLO,4,E01024243,0,-1
2020040917533,2020,040917533,1,9,0,7,7,5,4,0,0,2,0,0,0,0,4,1,5,6,1,34,6,999,1,1,VOLKSWAGEN POLO,6,E01025002,0,-1
2020522005156,2020,522005156,2,9,0,3,3,8,4,0,0,0,0,0,0,0,1,1,6,6,1,20,4,1198,1,13,VOLKSWAGEN POLO,2,E01014626,0,-1
202031D038920,2020,31D038920,2,9,0,9,9,2,1,0,0,6,0,10,0,0,3,1,6,6,1,18,4,1198,1,10,VOLKSWAGEN POLO,7,E01028154,0,-1
2020070519112,2020,070519112,1,9,0,18,19,6,2,0,0,1,0,0,0,0,1,1,6,6,1,18,4,1198,1,8,VOLKSWAGEN POLO,6,E01018612,0,-1
2020450932429,2020,450932429,1,9,0,9,9,1,5,0,0,1,0,0,0,0,1,1,6,6,2,28,6,1390,1,6,VOLKSWAGEN POLO,5,E01030971,0,-1
2020230994178,2020,230994178,1,9,0,18,19,4,8,0,0,0,0,0,0,0,2,1,5,6,2,20,4,1400,1,14,VOLKSWAGEN POLO,5,E01031056,0,-1
2020622001046,2020,622001046,3,9,0,18,19,8,4,0,0,1,0,0,0,0,1,1,6,6,2,43,7,1198,1,8,VOLKSWAGEN POLO,2,W01000831,0,-1
20201371G0880,2020,1371G0880,2,9,0,18,19,7,3,0,0,8,0,0,0,0,4,1,6,6,2,19,4,1198,1,7,VOLKSWAGEN POLO,1,E01033477,0,-1
2020010266684,2020,010266684,1,9,9,18,19,1,5,99,99,9,1,99,0,0,3,1,6,6,2,25,5,1198,1,7,VOLKSWAGEN POLO,5,E01000402,0,-1
2020410954543,2020,410954543,1,9,0,18,19,1,5,0,0,0,5,0,1,11,1,1,6,6,2,56,9,1198,1,15,VOLKSWAGEN POLO,-1,-1,0,-1
2020210949131,2020,210949131,1,9,0,18,19,8,4,0,0,1,0,0,0,0,0,1,6,6,1,22,5,1198,1,6,VOLKSWAGEN POLO,-1,-1,0,-1
202031B066720,2020,31B066720,1,9,0,18,19,8,4,0,0,6,2,0,1,9,4,1,6,6,2,26,6,1390,1,13,VOLKSWAGEN POLO,3,E01028297,0,-1
2020470971626,2020,470971626,2,9,0,12,12,5,1,0,0,1,0,0,0,0,2,1,2,2,1,22,5,1390,1,19,VOLKSWAGEN POLO,8,E01030628,0,-1
2020302001001,2020,302001001,1,9,0,18,19,2,6,0,0,0,0,0,0,0,1,1,6,6,2,18,4,1199,2,9,VOLKSWAGEN POLO,1,E01013472,0,-1
2020010250891,2020,010250891,1,9,0,6,6,7,7,0,0,0,0,0,0,0,3,1,6,6,2,19,4,999,1,1,VOLKSWAGEN POLO,2,E01001491,0,-1
2020070269760,2020,070269760,1,9,0,9,9,6,2,0,0,8,0,0,0,0,3,1,2,2,1,19,4,1598,2,9,VOLKSWAGEN POLO,9,E01018575,0,-1
2020411005541,2020,411005541,1,9,0,18,19,3,7,0,0,0,5,0,1,1,1,1,2,2,1,47,8,1390,1,8,VOLKSWAGEN POLO,7,E01017792,0,-1
2020137A50325,2020,137A50325,1,9,0,7,7,1,3,0,0,1,0,0,0,0,1,1,6,6,2,28,6,999,1,0,VOLKSWAGEN POLO,1,E01011616,0,-1
2020522002566,2020,522002566,1,9,0,12,12,5,1,0,0,0,0,0,0,0,3,1,6,6,1,23,5,1198,1,12,VOLKSWAGEN POLO,3,E01014690,0,-1
2020990988532,2020,990988532,2,9,0,6,6,3,3,0,0,4,0,0,0,0,2,1,6,6,2,19,4,999,1,0,VOLKSWAGEN POLO,2,-1,0,-1
2020230981830,2020,230981830,1,9,0,18,19,3,7,0,0,0,5,4,0,0,1,1,5,6,1,21,5,1198,1,7,VOLKSWAGEN POLO,10,E01031122,0,-1
2020010244320,2020,010244320,2,9,0,5,5,7,3,0,0,0,0,0,0,0,1,1,6,6,2,19,4,999,1,4,VOLKSWAGEN POLO,7,E01002420,0,-1
2020552000571,2020,552000571,1,9,0,18,19,5,1,0,0,0,5,0,0,0,0,1,6,6,2,42,7,1390,1,19,VOLKSWAGEN POLO,6,E01020534,0,-1
2020440464028,2020,440464028,5,9,0,4,4,8,4,0,0,0,0,0,0,0,2,1,2,2,2,54,8,1197,1,3,VOLKSWAGEN POLO,9,E01022774,0,-1
2020990961359,2020,990961359,1,9,0,18,19,8,5,0,0,0,5,0,1,11,1,1,6,6,1,18,4,1197,1,7,VOLKSWAGEN POLO,-1,-1,0,-1
2020070038322,2020,070038322,1,9,0,11,11,5,1,0,0,0,0,0,0,7,1,1,6,6,2,45,7,1400,1,14,VOLKSWAGEN POLO,2,E01025284,0,-1
2020200950602,2020,200950602,2,9,0,18,19,7,3,0,0,3,0,10,7,11,4,1,6,6,2,18,4,999,1,0,VOLKSWAGEN POLO,6,E01009126,0,-1
2020040929233,2020,040929233,2,9,0,18,19,1,5,0,0,1,0,0,0,0,1,1,5,6,2,28,6,1198,1,6,VOLKSWAGEN POLO,4,E01012661,0,-1
2020211019997,2020,211019997,2,9,0,18,19,5,1,0,0,0,0,0,0,0,2,1,1,1,1,62,9,1198,1,13,VOLKSWAGEN POLO,5,E01029829,0,-1