collision_index,collision_year,collision_ref_no,vehicle_reference,vehicle_type,towing_and_articulation,vehicle_manoeuvre_historic,vehicle_manoeuvre,vehicle_direction_from,vehicle_direction_to,vehicle_location_restricted_lane_historic,vehicle_location_restricted_lane,junction_location,skidding_and_overturning,hit_object_in_carriageway,vehicle_leaving_carriageway,hit_object_off_carriageway,first_point_of_impact,vehicle_left_hand_drive,journey_purpose_of_driver_historic,journey_purpose_of_driver,sex_of_driver,age_of_driver,age_band_of_driver,engine_capacity_cc,propulsion_code,age_of_vehicle,generic_make_model,driver_imd_decile,lsoa_of_driver,escooter_flag,driver_distance_banding
202006A277818,2020,06A277818,1,9,0,2,2,0,0,0,0,0,0,0,0,0,2,1,6,6,2,20,4,1198,1,7,VOLKSWAGEN POLO,5,E01006008,0,-1
2020122001243,2020,122001243,1,9,0,17,19,7,3,0,0,0,2,0,0,0,1,1,2,2,1,21,5,1198,1,11,VOLKSWAGEN POLO,8,E01027661,0,-1
2020137770464,2020,137770464,2,9,0,18,19,8,4,0,0,0,0,0,0,0,1,1,1,1,2,23,5,1198,1,14,VOLKSWAGEN POLO,-1,-1,0,-1
2020450931841,2020,450931841,2,9,0,18,19,3,7,0,0,1,0,0,1,4,1,1,5,6,1,18,4,1198,1,14,VOLKSWAGEN POLO,10,E01030463,0,-1
2020010283114,2020,010283114,1,9,0,7,7,7,8,0,0,1,0,0,0,0,2,1,6,6,1,21,5,1197,1,5,VOLKSWAGEN POLO,6,E01001245,0,-1
2020470960239,2020,470960239,1,9,0,16,19,6,2,0,0,0,5,0,7,11,1,1,6,6,1,22,5,1198,1,12,VOLKSWAGEN POLO,10,E01021218,0,-1
2020200930797,2020,200930797,1,9,0,17,19,7,4,0,0,0,0,0,0,0,3,1,6,6,1,20,4,1197,1,3,VOLKSWAGEN POLO,10,E01009827,0,-1
2020010278380,2020,010278380,1,9,0,7,7,5,7,0,0,7,0,0,0,0,1,1,6,6,1,-1,-1,1197,1,4,VOLKSWAGEN POLO,-1,-1,0,-1
2020010241203,2020,010241203,1,9,0,5,5,0,1,0,0,0,0,0,0,0,1,1,6,6,2,59,9,1197,1,4,VOLKSWAGEN POLO,2,E01002851,0,-1
2020990941220,2020,990941220,1,9,0,9,9,1,8,0,0,1,0,0,0,0,1,1,5,6,1,57,9,999,1,5,VOLKSWAGEN POLO,8,-1,0,-1
2020122100002,2020,122100002,1,9,0,16,19,1,3,0,0,0,2,0,1,9,4,1,6,6,2,18,4,1198,1,14,VOLKSWAGEN POLO,1,E01012917,0,-1
2020140982535,2020,140982535,3,9,0,18,19,4,8,0,0,1,0,0,0,0,2,1,5,6,1,23,5,1197,1,8,VOLKSWAGEN POLO,9,E01007898,0,-1
2020450937360,2020,450937360,2,9,0,18,19,1,5,0,0,0,0,0,0,0,1,1,6,6,1,23,5,1198,1,15,VOLKSWAGEN POLO,8,E01030611,0,-1
2020010254984,2020,010254984,1,9,9,99,99,9,9,99,99,9,9,99,9,99,9,9,6,6,3,-1,-1,1390,1,10,VOLKSWAGEN POLO,-1,-1,0,-1
2020140928109,2020,140928109,3,9,0,3,3,6,2,0,0,1,0,0,0,0,1,1,5,6,2,30,6,1598,2,10,VOLKSWAGEN POLO,8,E01007712,0,-1
2020137731870,2020,137731870,1,9,0,18,19,3,7,0,0,8,0,0,0,0,4,1,6,6,2,21,5,999,1,1,VOLKSWAGEN POLO,5,E01026862,0,-1
202031D074920,2020,31D074920,2,9,0,18,19,6,2,0,0,8,0,0,0,0,4,1,6,6,1,73,10,1198,1,17,VOLKSWAGEN POLO,5,E01028155,0,-1
2020430198495,2020,430198495,1,9,0,18,19,1,7,0,0,1,0,0,0,0,3,1,6,6,1,75,10,999,1,6,VOLKSWAGEN POLO,6,E01029027,0,-1
2020010229822,2020,010229822,1,9,0,9,9,3,1,0,0,1,0,0,0,0,1,1,6,6,1,46,8,1390,1,16,VOLKSWAGEN POLO,2,E01001911,0,-1
202031B099820,2020,31B099820,1,9,0,18,19,1,5,0,0,0,0,0,0,0,1,1,6,6,1,21,5,999,1,3,VOLKSWAGEN POLO,8,E01028303,0,-1
2020010249057,2020,010249057,2,9,0,9,9,5,3,0,0,2,0,0,0,0,0,1,6,6,1,44,7,1197,1,2,VOLKSWAGEN POLO,4,E01001137,0,-1
2020010247422,2020,010247422,1,9,0,5,5,7,3,0,0,6,0,0,0,0,1,1,6,6,1,17,4,1198,1,10,VOLKSWAGEN POLO,10,E01030392,0,-1
2020522002310,2020,522002310,1,9,0,18,19,6,2,0,0,8,0,0,0,0,1,1,6,6,1,50,8,1198,1,11,VOLKSWAGEN POLO,10,E01014966,0,-1
2020170H10430,2020,170H10430,2,9,0,4,4,5,1,0,0,0,0,0,0,0,2,1,6,6,2,18,4,999,1,2,VOLKSWAGEN POLO,9,E01020756,0,-1
2020430057451,2020,430057451,3,9,0,3,3,8,4,0,0,2,0,0,0,0,2,1,6,6,2,36,7,1197,1,5,VOLKSWAGEN POLO,5,E01016841,0,-1
2020430163811,2020,430163811,1,9,0,9,9,1,7,0,0,5,0,0,0,0,1,1,6,6,1,19,4,999,1,1,VOLKSWAGEN POLO,5,E01017805,0,-1
2020990960940,2020,990960940,3,9,0,18,19,5,1,0,0,1,0,0,0,0,1,1,6,6,1,65,9,1198,1,8,VOLKSWAGEN POLO,6,-1,0,-1
2020501015600,2020,501015600,1,9,0,7,7,3,5,0,0,6,5,10,8,0,1,1,5,6,2,83,11,1198,1,7,VOLKSWAGEN POLO,3,E01018950,0,-1
2020450988670,2020,450988670,4,9,0,18,19,5,1,0,0,0,0,0,0,0,1,1,5,6,1,35,6,1390,1,6,VOLKSWAGEN POLO,9,E01000686,0,-1
2020622000608,2020,622000608,1,9,0,18,19,6,2,0,0,0,0,0,0,0,1,1,6,6,1,76,11,1198,1,13,VOLKSWAGEN POLO,4,W01001071,0,-1
2020010281004,2020,010281004,1,9,0,9,9,5,2,0,0,8,0,0,0,0,1,2,6,6,2,26,6,1390,1,10,VOLKSWAGEN POLO,3,E01000127,0,-1
2020350924722,2020,350924722,2,9,0,8,8,3,5,0,0,1,0,0,0,0,1,1,5,6,2,40,7,1199,2,10,VOLKSWAGEN POLO,5,E01018135,0,-1
2020010251030,2020,010251030,2,9,0,99,99,9,9,99,99,9,9,99,9,99,1,9,6,6,3,-1,-1,1197,1,3,VOLKSWAGEN POLO,-1,-1,0,-1
2020110961478,2020,110961478,1,9,0,16,19,3,7,0,0,0,0,0,0,0,1,1,6,6,3,30,6,999,1,0,VOLKSWAGEN POLO,-1,-1,0,-1
2020522002656,2020,522002656,2,9,0,9,9,1,7,0,0,8,0,0,0,0,4,1,6,6,1,-1,-1,1197,1,6,VOLKSWAGEN POLO,-1,-1,0,-1
2020470984463,2020,470984463,1,9,0,18,19,5,1,0,0,8,0,0,0,0,1,1,5,6,1,83,11,1199,2,8,VOLKSWAGEN POLO,10,E01031820,0,-1
2020010273327,2020,010273327,2,9,0,99,99,9,9,99,99,9,9,99,9,99,9,9,6,6,3,-1,-1,1198,1,10,VOLKSWAGEN POLO,-1,-1,0,-1
2020990976542,2020,990976542,1,9,0,18,19,3,7,0,0,1,0,0,0,0,1,1,3,7,2,64,9,1197,1,5,VOLKSWAGEN POLO,9,-1,0,-1
2020010248840,2020,010248840,2,9,0,99,99,9,9,99,99,1,9,99,9,99,2,9,6,6,3,-1,-1,1390,1,11,VOLKSWAGEN POLO,-1,-1,0,-1
2020220979990,2020,220979990,2,9,0,9,9,4,2,7,6,0,0,0,0,0,3,1,5,6,1,23,5,1422,2,15,VOLKSWAGEN POLO,5,E01032354,0,-1
2020010258322,2020,010258322,1,9,0,17,19,1,5,0,0,2,0,0,0,0,1,1,6,6,1,65,9,1390,1,12,VOLKSWAGEN POLO,3,E01002559,0,-1
2020010277586,2020,010277586,2,9,0,3,3,8,4,0,0,0,0,0,0,0,2,1,1,1,2,20,4,999,1,0,VOLKSWAGEN POLO,7,E01002538,0,-1
2020010266416,2020,010266416,2,9,0,99,99,9,9,99,99,9,9,99,9,99,1,9,6,6,3,25,5,999,1,1,VOLKSWAGEN POLO,10,E01030322,0,-1
202031A076220,2020,31A076220,1,9,0,18,19,8,4,0,0,0,5,0,1,0,1,1,2,2,2,20,4,1400,2,15,VOLKSWAGEN POLO,7,E01028329,0,-1
2020052001551,2020,052001551,1,9,0,18,19,5,1,0,0,1,0,0,0,0,1,1,6,6,2,34,6,999,1,3,VOLKSWAGEN POLO,1,E01006430,0,-1
2020160962045,2020,160962045,1,9,0,12,12,1,5,0,0,0,5,0,1,0,1,1,6,6,1,40,7,1598,1,22,VOLKSWAGEN POLO,1,E01013278,0,-1
2020010274072,2020,010274072,1,9,0,18,19,7,3,0,0,0,0,0,0,0,1,1,6,6,1,31,6,1390,1,19,VOLKSWAGEN POLO,-1,-1,0,-1
2020520101326,2020,520101326,1,9,0,18,19,3,7,0,0,1,0,0,0,0,1,1,6,6,1,29,6,1198,1,7,VOLKSWAGEN POLO,3,E01001831,0,-1
2020350975550,2020,350975550,1,9,0,13,13,1,5,0,0,0,0,0,0,0,4,1,5,6,2,74,10,1197,1,6,VOLKSWAGEN POLO,9,E01026448,0,-1
202054A985420,2020,54A985420,2,9,0,8,8,1,5,0,0,1,0,0,0,0,2,1,1,1,2,34,6,1395,1,5,VOLKSWAGEN POLO,6,E01032011,0,-1
2020302001655,2020,302001655,1,9,0,13,13,5,1,0,0,0,0,0,0,0,1,1,6,6,1,21,5,1395,1,4,VOLKSWAGEN POLO,2,E01011927,0,-1
2020211023066,2020,211023066,1,9,-1,-1,-1,3,5,-1,-1,0,-1,-1,-1,0,-1,1,6,6,2,85,11,1198,1,17,VOLKSWAGEN POLO,7,E01029771,0,-1
2020010271876,2020,010271876,2,9,0,18,19,6,2,0,0,8,0,0,0,0,1,1,6,6,2,41,7,1390,1,11,VOLKSWAGEN POLO,1,E01001562,0,-1
2020470923160,2020,470923160,1,9,0,5,5,3,7,0,0,0,0,0,0,0,3,1,5,6,1,49,8,1197,1,5,VOLKSWAGEN POLO,10,E01031797,0,-1
2020200998267,2020,200998267,1,9,0,9,9,6,4,0,0,5,0,0,0,0,1,1,6,6,1,24,5,1390,1,7,VOLKSWAGEN POLO,3,E01023793,0,-1
2020010233592,2020,010233592,1,9,0,99,99,9,9,99,99,9,9,99,9,99,1,9,6,6,2,20,4,1390,1,9,VOLKSWAGEN POLO,3,E01002508,0,-1
2020500942526,2020,500942526,1,9,0,8,8,1,5,0,0,8,0,0,0,0,3,1,5,6,1,45,7,1598,2,9,VOLKSWAGEN POLO,6,E01015252,0,-1
2020320612018,2020,320612018,1,9,0,13,13,4,8,0,0,0,1,0,7,4,1,1,2,2,1,28,6,1390,1,19,VOLKSWAGEN POLO,2,E01026030,0,-1
2020500965984,2020,500965984,2,9,0,2,2,0,0,0,0,0,0,0,0,0,4,1,5,6,1,20,4,1390,1,20,VOLKSWAGEN POLO,5,E01018960,0,-1
2020010264894,2020,010264894,3,9,0,2,2,0,0,0,0,0,0,0,0,0,1,1,6,6,3,-1,-1,1198,1,9,VOLKSWAGEN POLO,-1,-1,0,-1
202006L272349,2020,06L272349,2,9,0,18,19,1,5,0,0,8,0,0,0,0,3,1,6,6,1,84,11,1197,1,4,VOLKSWAGEN POLO,1,E01006310,0,-1
2020460929310,2020,460929310,2,9,0,13,13,5,1,0,0,0,0,0,0,0,2,1,5,6,2,41,7,1400,1,14,VOLKSWAGEN POLO,7,E01024809,0,-1
2020200990433,2020,200990433,3,9,0,18,19,5,1,0,0,0,1,10,1,0,2,1,6,6,1,24,5,1390,1,10,VOLKSWAGEN POLO,2,E01010533,0,-1
2020500945207,2020,500945207,1,9,0,9,9,7,3,0,0,4,0,0,0,0,3,1,5,6,1,83,11,1198,1,7,VOLKSWAGEN POLO,9,E01019906,0,-1
2020460963446,2020,460963446,2,9,0,2,2,0,0,0,0,0,0,0,0,0,2,1,5,6,2,-1,-1,1198,1,12,VOLKSWAGEN POLO,7,E01024417,0,-1
2020500936198,2020,500936198,2,9,0,4,4,1,5,0,0,0,0,0,0,0,2,1,5,6,2,53,8,1390,1,8,VOLKSWAGEN POLO,6,E01018845,0,-1
2020010249705,2020,010249705,2,9,0,99,99,9,9,99,99,9,9,99,9,99,9,9,6,6,3,-1,-1,1390,1,10,VOLKSWAGEN POLO,-1,-1,0,-1
2020990958017,2020,990958017,2,9,0,18,19,5,1,0,0,0,0,0,0,0,2,1,6,6,2,18,4,1198,1,6,VOLKSWAGEN POLO,7,-1,0,-1
2020010260135,2020,010260135,1,9,0,99,99,9,9,99,99,9,9,99,9,99,2,9,6,6,1,35,6,1400,1,13,VOLKSWAGEN POLO,2,E01001528,0,-1
2020122001140,2020,122001140,2,9,0,9,9,7,3,0,0,8,0,0,0,0,1,1,6,6,1,19,4,999,1,6,VOLKSWAGEN POLO,3,E01027846,0,-1
2020040984871,2020,040984871,2,9,0,18,19,1,1,0,0,0,0,0,0,0,1,1,5,6,1,67,10,1198,1,18,VOLKSWAGEN POLO,5,E01025017,0,-1
2020430233010,2020,430233010,2,9,0,18,19,7,3,0,0,1,0,0,0,0,2,1,1,1,1,28,6,1197,1,5,VOLKSWAGEN POLO,8,E01028716,0,-1
2020100971689,2020,100971689,1,9,0,18,19,5,1,0,0,0,0,0,0,0,1,1,6,6,1,77,11,999,1,1,VOLKSWAGEN POLO,10,E01008579,0,-1
2020471002314,2020,471002314,2,9,0,18,19,1,5,0,0,1,0,0,0,0,3,1,5,6,2,74,10,1422,2,17,VOLKSWAGEN POLO,10,E01031635,0,-1
2020430256589,2020,430256589,1,9,0,18,19,4,8,0,0,0,0,4,0,0,4,1,6,6,1,82,11,1198,1,16,VOLKSWAGEN POLO,6,E01017898,0,-1
2020010266403,2020,010266403,1,9,0,16,19,5,1,0,0,0,2,0,7,4,0,1,2,2,1,19,4,1198,1,12,VOLKSWAGEN POLO,7,E01000309,0,-1
2020010285899,2020,010285899,1,9,0,18,19,7,3,0,0,1,1,0,1,1,3,1,2,2,1,21,5,1197,1,4,VOLKSWAGEN POLO,2,E01003580,0,-1
2020430302521,2020,430302521,1,9,0,9,9,1,7,0,0,8,0,0,0,0,3,1,6,6,1,18,4,1400,1,20,VOLKSWAGEN POLO,10,E01016816,0,-1
2020010253171,2020,010253171,2,9,0,99,99,9,9,99,99,0,9,99,9,99,1,1,6,6,3,-1,-1,1422,2,15,VOLKSWAGEN POLO,3,E01003581,0,-1
2020530920526,2020,530920526,1,9,0,18,19,7,3,0,0,0,5,0,7,4,4,1,6,6,1,22,5,1198,1,17,VOLKSWAGEN POLO,9,E01022369,0,-1
2020990927015,2020,990927015,1,9,0,18,19,8,4,0,0,1,0,0,0,0,1,1,5,6,1,23,5,1390,1,18,VOLKSWAGEN POLO,2,-1,0,-1
2020501006929,2020,501006929,3,9,0,18,19,4,0,0,0,0,0,0,0,0,4,1,2,2,1,37,7,1198,1,15,VOLKSWAGEN POLO,5,E01018834,0,-1
2020010280808,2020,010280808,1,9,0,99,99,9,9,99,99,8,9,99,9,99,9,9,6,6,2,49,8,999,1,1,VOLKSWAGEN POLO,10,E01003780,0,-1
2020990959060,2020,990959060,2,9,0,18,19,4,7,0,0,1,0,0,0,0,1,1,6,6,1,64,9,1198,1,18,VOLKSWAGEN POLO,1,-1,0,-1
2020010247072,2020,010247072,1,9,0,9,9,3,2,0,0,1,0,0,0,0,1,1,2,2,1,37,7,1198,1,10,VOLKSWAGEN POLO,3,E01033735,0,-1
2020201016976,2020,201016976,3,9,0,3,3,4,8,0,0,1,0,0,0,0,1,1,6,6,1,20,4,999,1,0,VOLKSWAGEN POLO,4,E01010489,0,-1
2020460956730,2020,460956730,1,9,0,10,10,7,3,0,0,2,1,0,0,0,1,1,5,6,1,26,6,1198,1,17,VOLKSWAGEN POLO,3,E01024559,0,-1
2020450981610,2020,450981610,2,9,0,18,19,5,1,0,0,0,0,0,7,0,4,1,2,2,1,23,5,1198,1,13,VOLKSWAGEN POLO,10,E01030691,0,-1
2020010242077,2020,010242077,1,9,0,9,9,8,6,0,0,1,0,0,0,0,2,1,6,6,1,29,6,1198,1,13,VOLKSWAGEN POLO,2,E01004460,0,-1
2020010284520,2020,010284520,1,9,9,99,99,9,9,99,99,0,9,99,9,99,2,9,6,6,3,-1,-1,1400,1,15,VOLKSWAGEN POLO,-1,-1,0,-1
2020420919742,2020,420919742,1,9,0,9,9,5,4,0,0,1,0,0,0,0,1,1,5,6,2,18,4,1400,1,14,VOLKSWAGEN POLO,7,E01022098,0,-1
2020440038820,2020,440038820,2,9,0,9,9,6,4,0,0,8,0,0,0,0,1,1,3,7,2,60,9,1598,2,11,VOLKSWAGEN POLO,9,E01023060,0,-1
2020040929554,2020,040929554,1,9,0,18,19,3,7,0,0,8,0,0,0,0,1,1,5,6,2,69,10,999,1,4,VOLKSWAGEN POLO,10,E01025464,0,-1
2020010245843,2020,010245843,1,9,0,99,99,9,9,99,99,0,9,99,9,99,9,9,6,6,1,30,6,1400,1,14,VOLKSWAGEN POLO,1,E01004459,0,-1
2020501005175,2020,501005175,1,9,0,18,19,7,3,0,0,0,1,0,7,0,1,1,5,6,1,18,4,1390,1,17,VOLKSWAGEN POLO,3,E01018888,0,-1
2020040981275,2020,040981275,1,9,0,18,19,5,1,0,0,1,0,0,0,0,1,1,2,2,3,25,5,1198,1,11,VOLKSWAGEN POLO,3,E01025209,0,-1
2020361003781,2020,361003781,2,9,0,4,4,1,5,0,0,1,0,0,0,0,2,1,5,6,2,53,8,999,1,2,VOLKSWAGEN POLO,4,E01026651,0,-1
2020010271442,2020,010271442,1,9,0,3,3,7,3,0,0,8,1,0,0,0,1,1,6,6,1,25,5,1198,1,9,VOLKSWAGEN POLO,4,E01002304,0,-1
2020230948967,2020,230948967,1,9,0,16,19,5,7,0,0,0,1,0,7,0,1,1,1,1,2,50,8,1198,1,12,VOLKSWAGEN POLO,7,E01031014,0,-1
2020340E02922,2020,340E02922,2,9,0,18,19,1,5,0,0,0,0,0,0,0,1,1,6,6,2,31,6,1197,1,4,VOLKSWAGEN POLO,6,E01027057,0,-1
2020200960026,2020,200960026,2,9,0,18,19,2,6,0,0,8,0,0,0,0,1,1,6,6,3,71,10,1390,1,9,VOLKSWAGEN POLO,10,E01009826,0,-1
2020990996573,2020,990996573,1,9,0,9,9,3,1,0,0,8,0,0,0,0,4,1,6,6,1,40,7,1198,1,14,VOLKSWAGEN POLO,2,-1,0,-1
2020622000939,2020,622000939,1,9,0,7,7,8,2,0,0,8,0,0,0,0,1,1,6,6,3,-1,-1,1390,1,9,VOLKSWAGEN POLO,-1,-1,0,-1
202006Q168136,2020,06Q168136,1,9,0,17,19,3,1,0,0,0,0,0,0,0,1,1,3,7,2,41,7,999,1,4,VOLKSWAGEN POLO,2,E01005383,0,-1
2020010270009,2020,010270009,1,9,0,99,99,9,9,99,99,9,9,99,9,99,9,9,6,6,2,32,6,1198,1,9,VOLKSWAGEN POLO,4,E01002717,0,-1
2020200923621,2020,200923621,1,9,0,9,9,1,7,0,0,5,0,0,0,0,4,1,1,1,2,34,6,999,1,5,VOLKSWAGEN POLO,10,E01009903,0,-1
2020010268814,2020,010268814,1,9,0,10,10,6,4,0,0,0,0,0,0,0,1,1,6,6,2,21,5,999,1,0,VOLKSWAGEN POLO,10,E01000460,0,-1
2020220948141,2020,220948141,3,9,0,16,19,4,7,0,0,0,0,0,0,0,1,1,5,6,2,25,5,1197,1,3,VOLKSWAGEN POLO,6,E01014080,0,-1
2020420937460,2020,420937460,1,9,0,6,6,7,5,0,0,8,1,0,0,0,1,1,6,6,1,20,4,1798,1,4,VOLKSWAGEN POLO,7,E01024375,0,-1
2020460935628,2020,460935628,1,9,0,16,19,1,5,0,0,0,1,0,7,9,4,1,6,6,1,18,4,1390,1,19,VOLKSWAGEN POLO,2,E01016068,0,-1
2020530974862,2020,530974862,1,9,0,18,19,4,6,0,0,0,2,10,1,0,4,1,5,6,1,18,4,1198,1,12,VOLKSWAGEN POLO,7,E01022215,0,-1
2020450970059,2020,450970059,2,9,0,18,19,7,3,0,0,8,1,0,0,0,4,1,2,2,2,21,5,999,1,2,VOLKSWAGEN POLO,7,E01030858,0,-1
2020340N05502,2020,340N05502,1,9,0,18,19,5,1,0,0,0,5,4,0,0,1,1,6,6,2,24,5,999,1,4,VOLKSWAGEN POLO,3,E01027184,0,-1
2020470992813,2020,470992813,1,9,0,18,19,7,3,0,0,0,1,0,7,4,1,1,5,6,1,20,4,1400,1,13,VOLKSWAGEN POLO,9,E01031714,0,-1
2020010238477,2020,010238477,1,9,0,99,99,9,9,99,99,0,9,99,9,99,2,9,6,6,2,36,7,1198,1,15,VOLKSWAGEN POLO,3,E01000062,0,-1
2020622000498,2020,622000498,2,9,0,18,19,2,6,0,0,4,0,0,0,0,1,1,6,6,2,28,6,1198,1,8,VOLKSWAGEN POLO,1,W01001239,0,-1
2020010257348,2020,010257348,1,9,0,8,8,3,4,0,0,1,0,0,0,0,3,1,6,6,1,76,11,1198,1,7,VOLKSWAGEN POLO,9,E01002391,0,-1
2020010242875,2020,010242875,2,9,0,18,19,1,5,0,0,1,0,0,0,0,1,1,6,6,1,66,10,1390,1,8,VOLKSWAGEN POLO,3,E01002057,0,-1
2020030968429,2020,030968429,3,9,0,2,2,0,0,0,0,0,0,0,0,0,1,1,5,6,1,26,6,1198,1,15,VOLKSWAGEN POLO,4,E01019147,0,-1
2020522004019,2020,522004019,1,9,0,5,5,5,1,0,0,4,0,0,0,0,1,1,6,6,1,54,8,999,1,0,VOLKSWAGEN POLO,9,E01033333,0,-1
2020430089496,2020,430089496,1,9,0,3,3,8,4,0,0,0,0,0,0,0,2,1,6,6,2,35,6,999,1,2,VOLKSWAGEN POLO,10,E01016630,0,-1
2020010233602,2020,010233602,1,9,0,18,19,2,6,0,0,1,0,4,0,0,1,1,6,6,1,74,10,1390,1,9,VOLKSWAGEN POLO,8,E01000540,0,-1
202031D054820,2020,31D054820,3,9,0,10,10,8,6,0,0,1,0,0,0,0,2,1,6,6,2,28,6,999,1,1,VOLKSWAGEN POLO,4,E01013937,0,-1
2020420971983,2020,420971983,1,9,0,18,19,4,8,0,0,0,0,0,0,0,2,1,5,6,2,30,6,1198,1,13,VOLKSWAGEN POLO,3,E01015819,0,-1
2020201019948,2020,201019948,1,9,0,18,19,1,5,0,0,8,0,0,0,0,1,1,6,6,2,51,8,1422,2,12,VOLKSWAGEN POLO,8,E01009471,0,-1
2020520100541,2020,520100541,2,9,0,2,2,0,0,0,0,8,0,0,0,0,3,1,6,6,2,52,8,1984,1,2,VOLKSWAGEN POLO,8,E01029201,0,-1
2020531007232,2020,531007232,1,9,0,14,14,3,7,0,0,0,0,0,0,0,1,1,6,6,1,89,11,1390,1,16,VOLKSWAGEN POLO,9,E01022107,0,-1
2020460974578,2020,460974578,1,9,0,17,19,2,6,0,0,0,2,0,1,0,4,1,5,6,1,20,4,1395,1,5,VOLKSWAGEN POLO,8,E01024761,0,-1
202063B059320,2020,63B059320,2,9,0,18,19,4,8,0,0,8,0,0,1,10,1,1,6,6,2,40,7,999,1,3,VOLKSWAGEN POLO,8,W01000547,0,-1
2020552001197,2020,552001197,2,9,0,3,3,8,4,0,0,1,0,0,0,0,2,1,6,6,2,34,6,1197,1,4,VOLKSWAGEN POLO,9,E01020446,0,-1
2020421007752,2020,421007752,1,9,0,18,19,5,1,0,0,0,0,0,0,0,1,1,1,1,1,46,8,1390,1,20,VOLKSWAGEN POLO,10,E01021585,0,-1
2020552000612,2020,552000612,1,9,0,18,19,4,8,0,0,6,0,0,0,0,4,1,6,6,2,23,5,1198,1,7,VOLKSWAGEN POLO,7,E01015376,0,-1
2020140927684,2020,140927684,1,9,0,5,5,2,6,0,0,6,0,0,0,0,3,1,2,2,1,27,6,1198,1,8,VOLKSWAGEN POLO,3,E01033272,0,-1
2020052002377,2020,052002377,2,9,0,18,19,5,1,0,0,8,0,0,0,0,1,1,6,6,1,20,4,1390,1,12,VOLKSWAGEN POLO,1,E01006754,0,-1
2020440301426,2020,440301426,1,9,0,7,7,5,8,0,0,1,0,0,0,0,1,1,6,6,2,33,6,1197,1,3,VOLKSWAGEN POLO,-1,-1,0,-1
2020141008127,2020,141008127,1,9,0,18,19,3,7,0,0,0,5,4,0,0,1,1,6,6,1,24,5,999,1,0,VOLKSWAGEN POLO,6,E01032551,0,-1
2020010230855,2020,010230855,2,9,0,99,99,9,9,99,99,1,9,99,9,99,3,9,6,6,1,19,4,1198,1,9,VOLKSWAGEN POLO,5,E01003724,0,-1
202006N176573,2020,06N176573,1,9,0,18,19,7,3,0,0,1,0,0,0,0,1,1,6,6,1,18,4,1198,1,8,VOLKSWAGEN POLO,3,E01005506,0,-1
2020010261928,2020,010261928,1,9,0,5,5,3,7,0,0,6,0,0,0,0,3,1,6,6,2,22,5,1400,1,15,VOLKSWAGEN POLO,3,E01000635,0,-1
2020430166929,2020,430166929,1,9,0,18,19,5,1,0,0,8,0,0,0,0,3,1,6,6,1,23,5,1390,1,13,VOLKSWAGEN POLO,5,E01017706,0,-1
2020500944204,2020,500944204,1,9,0,9,9,3,7,0,0,1,0,0,0,0,2,1,5,6,2,63,9,1422,2,6,VOLKSWAGEN POLO,8,E01020190,0,-1
2020460984888,2020,460984888,1,9,0,18,19,3,7,0,0,0,0,4,0,0,1,1,6,6,3,-1,-1,1390,1,19,VOLKSWAGEN POLO,-1,-1,0,-1
2020360967767,2020,360967767,1,9,0,18,19,5,1,0,0,0,0,0,0,0,1,1,2,2,1,33,6,1600,1,21,VOLKSWAGEN POLO,5,E01030286,0,-1
2020990960507,2020,990960507,2,9,0,10,10,4,2,0,0,1,0,0,0,0,3,1,5,6,2,58,9,1198,1,11,VOLKSWAGEN POLO,7,-1,0,-1
2020400926934,2020,400926934,2,9,0,18,19,5,1,0,0,8,0,0,0,0,2,1,6,6,2,22,5,999,1,5,VOLKSWAGEN POLO,9,E01016814,0,-1
2020450986801,2020,450986801,1,9,0,18,19,3,7,0,0,0,0,0,0,0,1,1,5,6,1,52,8,999,1,1,VOLKSWAGEN POLO,5,E01030980,0,-1
2020010262478,2020,010262478,1,9,0,99,99,9,9,99,99,0,9,99,9,99,3,9,6,6,1,22,5,999,1,2,VOLKSWAGEN POLO,3,E01003536,0,-1
202031A098320,2020,31A098320,2,9,0,17,19,7,4,0,0,0,1,0,0,0,3,1,6,6,1,65,9,1390,1,12,VOLKSWAGEN POLO,2,E01028275,0,-1
20201373G0272,2020,1373G0272,1,9,0,6,6,1,5,0,0,0,0,0,0,0,3,1,2,2,2,23,5,1390,1,9,VOLKSWAGEN POLO,2,E01011268,0,-1
2020522004198,2020,522004198,1,9,0,18,19,7,3,0,0,1,0,0,0,0,1,1,6,6,3,30,6,1390,1,9,VOLKSWAGEN POLO,-1,-1,0,-1
2020010265369,2020,010265369,1,9,0,18,19,1,5,0,0,1,0,0,0,0,1,1,6,6,2,18,4,1198,1,8,VOLKSWAGEN POLO,-1,-1,0,-1
2020010285482,2020,010285482,1,9,0,18,19,6,2,0,0,1,0,0,0,0,1,1,6,6,2,43,7,999,1,4,VOLKSWAGEN POLO,6,E01004077,0,-1
2020430275437,2020,430275437,1,9,0,12,12,1,5,0,0,1,0,0,0,0,3,1,6,6,1,67,10,1198,1,13,VOLKSWAGEN POLO,9,E01027301,0,-1
2020140990782,2020,140990782,1,9,0,18,19,2,5,0,0,0,0,0,0,0,1,1,5,6,2,40,7,1199,2,8,VOLKSWAGEN POLO,1,E01007916,0,-1
2020140959485,2020,140959485,2,9,0,18,19,3,7,0,0,1,0,0,0,0,4,1,5,6,2,21,5,1198,1,8,VOLKSWAGEN POLO,1,E01007719,0,-1