collision_index,collision_year,collision_ref_no,vehicle_reference,vehicle_type,towing_and_articulation,vehicle_manoeuvre_historic,vehicle_manoeuvre,vehicle_direction_from,vehicle_direction_to,vehicle_location_restricted_lane_historic,vehicle_location_restricted_lane,junction_location,skidding_and_overturning,hit_object_in_carriageway,vehicle_leaving_carriageway,hit_object_off_carriageway,first_point_of_impact,vehicle_left_hand_drive,journey_purpose_of_driver_historic,journey_purpose_of_driver,sex_of_driver,age_of_driver,age_band_of_driver,engine_capacity_cc,propulsion_code,age_of_vehicle,generic_make_model,driver_imd_decile,lsoa_of_driver,escooter_flag,driver_distance_banding
2020010251549,2020,010251549,2,9,0,99,99,9,9,0,0,0,0,99,9,99,9,9,6,6,3,-1,-1,1198,1,13,VOLKSWAGEN POLO,-1,-1,0,-1
2020220960509,2020,220960509,1,9,0,7,7,2,4,0,0,3,0,0,0,0,1,1,5,6,1,59,9,1198,1,11,VOLKSWAGEN POLO,10,E01032162,0,-1
2020451000906,2020,451000906,2,9,0,4,4,8,8,0,0,0,0,0,0,0,2,1,5,6,2,41,7,999,1,0,VOLKSWAGEN POLO,10,E01030541,0,-1
2020010257731,2020,010257731,2,9,0,7,7,5,7,0,0,8,9,0,0,99,1,9,6,6,2,37,7,1400,1,14,VOLKSWAGEN POLO,6,E01000244,0,-1
2020440194375,2020,440194375,1,9,0,18,19,4,8,0,0,0,0,0,0,0,1,1,6,6,1,43,7,1400,2,14,VOLKSWAGEN POLO,6,-1,0,-1
2020010265184,2020,010265184,1,9,0,18,19,5,1,0,0,1,0,0,0,0,1,1,6,6,2,20,4,1390,1,9,VOLKSWAGEN POLO,4,E01001939,0,-1
2020471002017,2020,471002017,1,9,0,18,19,2,6,0,0,1,0,0,0,0,1,1,6,6,2,18,4,1200,1,18,VOLKSWAGEN POLO,4,E01020997,0,-1
2020471010133,2020,471010133,2,9,0,17,19,8,5,0,0,8,0,0,0,0,1,1,5,6,2,63,9,1198,1,14,VOLKSWAGEN POLO,4,E01031799,0,-1
2020460938831,2020,460938831,1,9,0,18,19,7,3,0,0,1,0,0,0,0,1,1,5,6,1,22,5,1400,1,19,VOLKSWAGEN POLO,9,E01016104,0,-1
2020010247693,2020,010247693,1,9,0,3,3,5,1,0,0,1,0,0,0,0,2,1,6,6,2,22,5,999,1,2,VOLKSWAGEN POLO,8,E01002334,0,-1
2020010267922,2020,010267922,3,9,0,18,19,3,7,0,0,0,0,0,0,0,1,1,6,6,1,20,4,1198,1,11,VOLKSWAGEN POLO,-1,-1,0,-1
2020990920859,2020,990920859,2,9,0,4,4,3,8,0,0,8,0,0,0,0,1,1,5,6,2,47,8,1198,1,12,VOLKSWAGEN POLO,2,-1,0,-1
202054B724620,2020,54B724620,1,9,0,9,9,2,8,0,0,8,0,0,0,0,1,1,6,6,1,20,4,1197,1,3,VOLKSWAGEN POLO,7,E01015489,0,-1
2020200923576,2020,200923576,2,9,0,18,19,3,7,0,0,8,0,0,0,0,1,1,6,6,1,81,11,1198,1,15,VOLKSWAGEN POLO,5,E01009447,0,-1
2020040925956,2020,040925956,2,9,0,18,19,1,5,0,0,1,0,0,0,0,2,2,5,6,1,27,6,999,1,4,VOLKSWAGEN POLO,2,E01025247,0,-1
2020470990021,2020,470990021,1,9,0,5,5,8,3,0,0,4,0,0,0,0,1,1,1,1,1,56,9,1198,1,11,VOLKSWAGEN POLO,6,E01031554,0,-1
2020200977463,2020,200977463,2,9,0,10,10,1,7,0,0,1,0,0,0,0,1,1,6,6,1,18,4,1198,1,6,VOLKSWAGEN POLO,6,E01008934,0,-1
2020531004311,2020,531004311,1,9,0,18,19,1,1,0,0,0,0,0,0,0,1,2,6,6,3,-1,-1,1390,1,18,VOLKSWAGEN POLO,-1,-1,0,-1
202054C714820,2020,54C714820,1,9,0,18,19,3,7,0,0,2,0,0,0,0,3,1,6,6,2,63,9,999,1,1,VOLKSWAGEN POLO,4,E01015569,0,-1
2020460940501,2020,460940501,2,9,0,18,19,2,6,0,0,0,0,0,1,0,3,1,5,6,2,46,8,999,1,2,VOLKSWAGEN POLO,6,E01004181,0,-1
202063A020120,2020,63A020120,1,9,0,17,19,3,8,0,0,0,1,0,0,0,4,1,6,6,1,42,7,1896,2,18,VOLKSWAGEN POLO,9,W01000527,0,-1
2020200955329,2020,200955329,2,9,0,18,19,2,6,0,0,0,5,4,0,0,1,1,2,2,2,23,5,1390,1,10,VOLKSWAGEN POLO,1,E01010238,0,-1
2020052000656,2020,052000656,1,9,0,18,19,1,5,0,0,1,0,0,0,0,4,1,1,1,1,24,5,1197,1,5,VOLKSWAGEN POLO,1,E01006522,0,-1
2020302001116,2020,302001116,1,9,0,3,3,7,3,0,0,4,0,0,0,0,2,1,6,6,1,21,5,1198,1,15,VOLKSWAGEN POLO,10,E01019848,0,-1
20201374F1974,2020,1374F1974,2,9,0,5,5,3,7,0,0,4,0,0,0,0,3,2,1,1,2,36,7,1390,1,12,VOLKSWAGEN POLO,10,E01010772,0,-1
2020552001084,2020,552001084,1,9,0,5,5,3,7,0,0,8,1,7,8,2,1,1,2,2,1,21,5,1390,1,10,VOLKSWAGEN POLO,9,E01015431,0,-1
2020010285438,2020,010285438,1,9,0,99,99,9,9,99,99,9,9,99,9,99,2,9,6,6,2,19,4,1197,1,5,VOLKSWAGEN POLO,1,E01002800,0,-1
2020400995929,2020,400995929,2,9,0,3,3,3,7,0,0,1,0,0,0,0,3,1,6,6,1,76,11,999,1,2,VOLKSWAGEN POLO,7,E01018247,0,-1
2020520003914,2020,520003914,2,9,0,7,7,5,7,0,0,8,0,0,0,0,1,1,6,6,1,24,5,1600,1,13,VOLKSWAGEN POLO,2,E01015156,0,-1
202006N266777,2020,06N266777,1,9,0,9,9,7,5,0,0,8,0,0,0,0,4,1,6,6,2,25,5,1198,1,17,VOLKSWAGEN POLO,5,E01004975,0,-1
2020340N02512,2020,340N02512,1,9,0,11,11,5,1,0,0,5,0,0,1,5,0,1,6,6,1,24,5,1390,1,6,VOLKSWAGEN POLO,6,E01032977,0,-1
202006Q170733,2020,06Q170733,1,9,0,18,19,2,6,0,0,0,0,0,0,7,4,1,6,6,1,30,6,1197,1,5,VOLKSWAGEN POLO,-1,-1,0,-1
2020410941603,2020,410941603,1,9,0,3,3,8,4,0,0,0,0,0,0,0,1,1,6,6,1,16,4,1197,1,4,VOLKSWAGEN POLO,-1,-1,0,-1
2020420944334,2020,420944334,1,9,0,9,9,7,3,0,0,1,0,0,0,0,1,2,2,2,1,36,7,1422,2,17,VOLKSWAGEN POLO,4,E01015953,0,-1
2020548820620,2020,548820620,1,9,0,4,4,3,7,0,0,4,0,0,0,0,1,1,2,2,2,18,4,1198,1,17,VOLKSWAGEN POLO,10,E01028736,0,-1
2020210956311,2020,210956311,1,9,0,18,19,5,3,0,0,0,0,7,0,0,1,1,6,6,1,19,4,1198,1,11,VOLKSWAGEN POLO,10,E01029443,0,-1
2020990974928,2020,990974928,1,9,0,9,9,7,4,0,0,2,0,0,0,0,3,1,5,6,2,22,5,1198,1,6,VOLKSWAGEN POLO,4,-1,0,-1
2020540062631,2020,540062631,2,9,0,3,3,6,4,0,0,0,0,0,0,0,2,1,6,6,1,20,4,1198,1,10,VOLKSWAGEN POLO,8,E01032071,0,-1
2020201002189,2020,201002189,2,9,0,18,19,5,1,0,0,8,0,0,0,0,1,1,6,6,1,30,6,1198,1,7,VOLKSWAGEN POLO,3,E01009604,0,-1
2020010279874,2020,010279874,1,9,0,99,99,9,9,99,99,1,9,99,9,99,9,9,6,6,2,38,7,1198,1,9,VOLKSWAGEN POLO,1,E01004248,0,-1
2020010275837,2020,010275837,2,9,0,18,19,1,5,0,0,1,0,0,0,0,1,1,6,6,3,-1,-1,1422,2,5,VOLKSWAGEN POLO,-1,-1,0,-1
2020500977287,2020,500977287,1,9,0,18,19,2,6,0,0,6,0,0,7,0,4,1,5,6,1,34,6,1422,2,19,VOLKSWAGEN POLO,6,E01000187,0,-1
2020990917541,2020,990917541,1,9,0,9,9,4,2,0,0,1,0,0,0,0,1,1,5,6,2,33,6,1197,1,5,VOLKSWAGEN POLO,6,-1,0,-1
2020200948287,2020,200948287,2,9,0,18,19,-1,-1,0,0,3,0,0,0,0,1,1,6,6,2,-1,-1,1197,1,10,VOLKSWAGEN POLO,2,E01009573,0,-1
2020110948171,2020,110948171,2,9,0,18,19,5,1,0,0,0,0,0,0,0,2,1,5,6,2,20,4,999,1,1,VOLKSWAGEN POLO,5,E01020803,0,-1
2020122001223,2020,122001223,2,9,0,18,19,7,3,0,0,0,1,0,0,0,3,1,6,6,2,61,9,1390,1,7,VOLKSWAGEN POLO,6,E01027780,0,-1
2020990972548,2020,990972548,1,9,0,18,19,7,3,0,0,0,0,0,0,0,1,1,5,6,2,77,11,1197,1,4,VOLKSWAGEN POLO,10,-1,0,-1
2020430314962,2020,430314962,1,9,0,9,9,4,2,0,0,5,0,0,0,0,1,1,6,6,1,39,7,1390,1,19,VOLKSWAGEN POLO,7,E01016399,0,-1
202031A181220,2020,31A181220,1,9,0,9,9,3,1,0,0,6,0,0,0,0,4,1,2,2,2,48,8,1198,1,13,VOLKSWAGEN POLO,4,E01028260,0,-1
202031A051620,2020,31A051620,1,9,0,16,19,3,5,0,0,3,0,0,0,0,3,2,6,6,2,53,8,1390,1,11,VOLKSWAGEN POLO,3,E01019665,0,-1
2020460965042,2020,460965042,1,9,0,18,19,1,5,0,0,0,2,0,7,0,4,1,6,6,1,19,4,1400,1,15,VOLKSWAGEN POLO,3,E01021016,0,-1
2020200992068,2020,200992068,1,9,0,18,19,-1,-1,0,0,0,0,0,0,0,1,1,6,6,1,-1,-1,1390,1,18,VOLKSWAGEN POLO,-1,-1,0,-1
2020052001115,2020,052001115,1,9,0,18,19,6,2,0,0,8,0,0,0,0,1,1,6,6,3,-1,-1,999,1,5,VOLKSWAGEN POLO,-1,-1,0,-1
2020320509165,2020,320509165,1,9,0,17,19,5,1,0,0,0,1,0,1,9,1,1,2,2,1,24,5,1422,2,5,VOLKSWAGEN POLO,-1,-1,0,-1
2020070136512,2020,070136512,1,9,0,18,19,6,2,0,0,0,0,0,0,0,1,1,6,6,2,-1,-1,1197,1,5,VOLKSWAGEN POLO,4,E01018343,0,-1
2020340N01352,2020,340N01352,1,9,0,18,19,5,1,0,0,6,5,0,1,0,1,1,6,6,3,-1,-1,1390,1,22,VOLKSWAGEN POLO,3,E01027225,0,-1
2020137CG1151,2020,137CG1151,1,9,0,18,19,7,3,0,0,0,0,0,0,0,3,1,6,6,1,59,9,1390,1,17,VOLKSWAGEN POLO,1,E01010608,0,-1
2020990988302,2020,990988302,1,9,0,7,7,3,7,0,0,1,0,0,0,0,3,1,5,6,1,19,4,999,1,2,VOLKSWAGEN POLO,7,-1,0,-1
2020421002340,2020,421002340,1,9,0,18,19,4,8,0,0,0,2,0,7,9,1,1,1,1,1,20,4,1400,2,15,VOLKSWAGEN POLO,9,E01030183,0,-1
2020010234613,2020,010234613,1,9,0,9,9,3,2,0,0,8,0,0,0,0,1,2,6,6,1,47,8,1390,1,16,VOLKSWAGEN POLO,3,E01003264,0,-1
2020010291973,2020,010291973,2,9,0,99,99,9,9,99,99,9,9,99,9,99,1,9,6,6,3,-1,-1,1197,1,5,VOLKSWAGEN POLO,-1,-1,0,-1
2020332000158,2020,332000158,1,9,0,18,19,8,4,0,0,8,0,0,0,0,1,1,6,6,2,70,10,999,1,2,VOLKSWAGEN POLO,3,E01025715,0,-1
2020010268238,2020,010268238,1,9,0,6,6,1,1,0,0,0,0,4,1,0,1,1,6,6,2,22,5,1390,1,16,VOLKSWAGEN POLO,2,E01004271,0,-1
2020991010048,2020,991010048,1,9,0,9,9,8,6,4,4,6,0,0,0,0,1,1,6,6,2,23,5,1197,1,3,VOLKSWAGEN POLO,8,-1,0,-1
2020140933967,2020,140933967,1,9,0,18,19,7,3,0,0,0,0,0,7,0,1,1,6,6,3,-1,-1,1198,1,14,VOLKSWAGEN POLO,-1,-1,0,-1
2020440122013,2020,440122013,1,9,0,18,19,4,7,0,0,0,5,0,1,11,0,1,6,6,2,20,4,999,1,5,VOLKSWAGEN POLO,7,E01016250,0,-1
202031D143020,2020,31D143020,2,9,0,10,10,3,1,0,0,8,0,0,0,0,2,1,6,6,2,30,6,999,1,1,VOLKSWAGEN POLO,10,E01028368,0,-1
2020122000878,2020,122000878,1,9,0,17,19,4,2,0,0,0,0,0,0,0,3,1,6,6,1,22,5,999,1,2,VOLKSWAGEN POLO,6,E01027560,0,-1
2020302001087,2020,302001087,3,9,0,3,3,7,3,0,0,1,0,0,0,0,2,1,2,2,2,22,5,1390,1,8,VOLKSWAGEN POLO,9,E01013540,0,-1
2020010278687,2020,010278687,1,9,0,99,99,9,9,99,99,9,9,99,9,99,1,9,6,6,2,22,5,999,1,5,VOLKSWAGEN POLO,1,E01033456,0,-1
2020010277182,2020,010277182,2,9,0,5,5,0,1,2,2,0,0,0,0,0,2,1,6,6,1,30,6,1390,1,10,VOLKSWAGEN POLO,5,E01004346,0,-1
2020522000727,2020,522000727,1,9,0,18,19,8,4,0,0,8,0,0,0,0,1,1,6,6,1,25,5,1198,1,17,VOLKSWAGEN POLO,9,E01032059,0,-1
2020040931980,2020,040931980,2,9,0,16,19,6,5,0,0,1,0,0,0,0,2,1,6,6,2,22,5,999,1,3,VOLKSWAGEN POLO,2,E01025060,0,-1
2020010270114,2020,010270114,1,9,0,18,19,3,7,0,0,6,0,0,0,0,4,1,6,6,2,29,6,999,1,2,VOLKSWAGEN POLO,4,E01001182,0,-1
2020470996185,2020,470996185,1,9,0,18,19,8,4,0,0,1,0,4,0,0,1,1,3,7,2,47,8,1390,1,23,VOLKSWAGEN POLO,3,E01020975,0,-1
20201371Q1539,2020,1371Q1539,1,9,0,18,19,7,3,0,0,0,0,0,0,0,1,1,6,6,1,21,5,1984,1,1,VOLKSWAGEN POLO,1,E01010808,0,-1
2020451004337,2020,451004337,1,9,0,18,19,1,5,6,6,0,0,0,0,0,1,1,5,6,1,33,6,1197,1,3,VOLKSWAGEN POLO,5,E01002700,0,-1
2020010235744,2020,010235744,2,9,0,99,99,9,9,99,99,9,9,99,9,99,9,9,6,6,3,-1,-1,1198,1,11,VOLKSWAGEN POLO,2,E01001486,0,-1
2020122000590,2020,122000590,1,9,0,10,10,1,5,0,0,3,0,0,0,0,1,1,1,1,1,31,6,1400,1,20,VOLKSWAGEN POLO,6,E01027578,0,-1
2020010228319,2020,010228319,1,9,0,9,9,3,8,0,0,4,0,0,0,0,1,1,2,2,2,34,6,1390,1,15,VOLKSWAGEN POLO,8,E01030722,0,-1
2020010230912,2020,010230912,1,9,0,16,19,7,3,0,0,8,1,0,0,0,4,1,6,6,1,32,6,1198,1,8,VOLKSWAGEN POLO,1,E01001425,0,-1
2020160982108,2020,160982108,1,9,0,5,5,3,7,0,0,0,0,0,0,0,3,1,6,6,2,20,4,999,1,3,VOLKSWAGEN POLO,7,E01013062,0,-1
20201371A0244,2020,1371A0244,1,9,0,18,19,8,4,0,0,1,0,0,0,0,1,1,2,2,2,56,9,1197,1,3,VOLKSWAGEN POLO,7,E01011569,0,-1
2020461011616,2020,461011616,1,9,0,18,19,1,4,0,0,0,2,0,1,4,1,1,6,6,1,19,4,1198,1,14,VOLKSWAGEN POLO,2,E01024604,0,-1
2020010262484,2020,010262484,1,9,0,99,99,9,9,99,99,9,9,99,9,99,2,9,6,6,1,25,5,999,1,2,VOLKSWAGEN POLO,2,E01003346,0,-1
2020440474056,2020,440474056,1,9,0,6,6,2,6,0,0,8,0,0,0,0,4,1,6,6,2,64,9,1390,1,10,VOLKSWAGEN POLO,10,E01023265,0,-1
2020220953722,2020,220953722,1,9,0,18,19,6,2,0,0,0,0,0,0,0,1,1,5,6,1,23,5,1198,1,17,VOLKSWAGEN POLO,1,E01032318,0,-1
2020170L21040,2020,170L21040,1,9,0,18,19,6,2,0,0,8,1,0,1,2,1,1,6,6,1,39,7,999,1,4,VOLKSWAGEN POLO,8,E01012009,0,-1
2020991008409,2020,991008409,1,9,0,18,19,8,5,0,0,0,0,0,0,0,1,1,6,6,1,57,9,999,1,5,VOLKSWAGEN POLO,7,-1,0,-1
2020420982635,2020,420982635,1,9,0,1,1,5,1,0,0,0,0,0,0,0,2,1,6,6,1,24,5,999,1,1,VOLKSWAGEN POLO,6,E01021394,0,-1
2020041002808,2020,041002808,2,9,0,17,19,1,5,0,0,0,0,0,0,0,4,1,5,6,1,33,6,1390,1,10,VOLKSWAGEN POLO,1,E01033231,0,-1
2020340N05582,2020,340N05582,1,9,0,18,19,3,7,0,0,1,0,0,0,0,1,1,6,6,1,19,4,1395,1,3,VOLKSWAGEN POLO,8,E01027344,0,-1
2020450996020,2020,450996020,1,9,0,18,19,1,5,0,0,0,0,0,0,0,1,1,5,6,2,21,5,1198,1,10,VOLKSWAGEN POLO,5,E01002556,0,-1
202006G274326,2020,06G274326,1,9,0,9,9,3,8,0,0,5,0,0,0,0,1,1,6,6,2,28,6,1198,1,7,VOLKSWAGEN POLO,6,E01005968,0,-1
2020010277482,2020,010277482,1,9,0,13,13,5,1,0,0,5,0,0,0,0,1,1,1,1,1,22,5,1198,1,15,VOLKSWAGEN POLO,3,E01004421,0,-1
2020052002075,2020,052002075,1,9,0,18,19,1,5,0,0,2,0,0,0,0,1,1,2,2,2,53,8,1198,1,10,VOLKSWAGEN POLO,1,E01007155,0,-1
2020010231363,2020,010231363,3,9,0,2,2,0,0,0,0,0,0,0,1,0,3,1,6,6,3,-1,-1,1198,1,15,VOLKSWAGEN POLO,-1,-1,0,-1
2020052002131,2020,052002131,2,9,0,18,19,7,3,0,0,1,0,0,0,0,3,1,6,6,2,25,5,999,1,2,VOLKSWAGEN POLO,1,E01006659,0,-1
20201376H2141,2020,1376H2141,1,9,0,18,19,6,2,0,0,4,0,0,0,0,1,1,6,6,2,24,5,1197,1,6,VOLKSWAGEN POLO,2,E01010658,0,-1
2020610040720,2020,610040720,1,9,0,4,4,5,1,0,0,0,0,0,0,0,2,1,6,6,2,38,7,1198,1,11,VOLKSWAGEN POLO,6,W01001683,0,-1
2020200994483,2020,200994483,5,9,0,2,2,0,0,0,0,1,0,0,0,0,3,1,6,6,3,-1,-1,1198,1,6,VOLKSWAGEN POLO,-1,-1,0,-1
2020010281671,2020,010281671,1,9,0,5,5,5,1,0,0,3,0,0,0,0,2,1,6,6,1,46,8,999,1,0,VOLKSWAGEN POLO,6,E01003958,0,-1
2020552001041,2020,552001041,2,9,0,18,19,6,2,0,0,8,5,0,1,9,0,1,6,6,2,84,11,1390,1,13,VOLKSWAGEN POLO,7,E01015418,0,-1
2020070038164,2020,070038164,3,9,0,18,19,3,7,0,0,0,0,0,0,0,1,1,6,6,2,26,6,999,1,6,VOLKSWAGEN POLO,-1,-1,0,-1
2020450951922,2020,450951922,1,9,0,18,19,6,2,0,0,4,0,0,0,0,3,1,6,6,2,25,5,1198,1,17,VOLKSWAGEN POLO,9,E01023094,0,-1
2020430334931,2020,430334931,1,9,0,18,19,5,1,0,0,0,0,0,0,0,1,1,2,2,1,19,4,1198,1,13,VOLKSWAGEN POLO,-1,-1,0,-1
2020470967544,2020,470967544,1,9,0,17,19,7,4,0,0,0,1,0,0,0,1,1,6,6,1,57,9,1390,1,19,VOLKSWAGEN POLO,10,E01031804,0,-1
2020430017167,2020,430017167,2,9,0,18,19,7,3,0,0,0,0,0,0,0,1,1,6,6,1,21,5,1198,1,12,VOLKSWAGEN POLO,9,E01031880,0,-1
2020610022720,2020,610022720,3,9,0,18,19,6,2,0,0,1,2,0,0,0,1,1,6,6,1,20,4,1390,1,8,VOLKSWAGEN POLO,4,W01001438,0,-1
2020340N00292,2020,340N00292,1,9,0,18,19,5,1,0,0,1,0,0,0,0,1,1,6,6,1,20,4,1198,1,10,VOLKSWAGEN POLO,7,E01027143,0,-1
2020170M10480,2020,170M10480,2,9,0,7,7,2,3,0,0,8,0,0,0,0,4,1,6,6,1,20,4,1400,2,15,VOLKSWAGEN POLO,1,E01012094,0,-1
2020137391486,2020,137391486,1,9,0,18,19,4,8,0,0,0,0,0,0,0,4,1,6,6,2,19,4,999,1,2,VOLKSWAGEN POLO,4,E01010595,0,-1
2020210979236,2020,210979236,2,9,0,3,3,3,7,0,0,0,0,0,0,0,2,1,5,6,1,49,8,1198,1,17,VOLKSWAGEN POLO,4,E01029838,0,-1
2020040925871,2020,040925871,2,9,0,18,19,3,1,0,0,8,0,0,0,0,1,1,5,6,1,37,7,1198,1,11,VOLKSWAGEN POLO,2,E01025247,0,-1
2020450968597,2020,450968597,2,9,0,18,19,5,1,0,0,4,0,0,5,0,4,1,5,6,1,32,6,1197,1,3,VOLKSWAGEN POLO,10,E01030584,0,-1
2020010270800,2020,010270800,1,9,0,6,6,1,1,0,0,0,0,0,0,0,1,1,6,6,2,46,8,1198,1,13,VOLKSWAGEN POLO,3,E01003136,0,-1
2020010236534,2020,010236534,1,9,0,99,99,9,9,99,99,8,9,99,9,99,9,9,6,6,1,33,6,1198,1,13,VOLKSWAGEN POLO,2,E01000013,0,-1
2020010231291,2020,010231291,2,9,0,15,15,3,7,0,0,1,0,4,0,0,1,2,6,6,2,52,8,1197,1,5,VOLKSWAGEN POLO,4,E01001595,0,-1
2020040928241,2020,040928241,1,9,0,12,12,3,7,0,0,0,2,0,1,0,3,1,2,2,1,31,6,1198,1,15,VOLKSWAGEN POLO,1,E01012643,0,-1
2020052001696,2020,052001696,2,9,0,18,19,3,7,0,0,8,0,0,0,0,4,1,6,6,1,18,4,999,1,4,VOLKSWAGEN POLO,5,E01007030,0,-1
2020010261774,2020,010261774,2,9,0,18,19,3,7,0,0,1,0,0,0,0,1,1,6,6,2,32,6,1390,1,7,VOLKSWAGEN POLO,8,E01030860,0,-1
2020010276837,2020,010276837,2,9,0,9,9,5,3,0,0,1,0,0,0,0,4,1,6,6,1,24,5,1197,1,4,VOLKSWAGEN POLO,7,E01002436,0,-1
2020010256556,2020,010256556,1,9,0,99,99,9,9,99,99,0,9,99,9,99,2,9,2,2,2,56,9,1400,1,15,VOLKSWAGEN POLO,3,E01001190,0,-1
2020010284311,2020,010284311,1,9,0,5,5,7,3,0,0,0,0,0,0,0,1,1,6,6,1,21,5,1198,1,7,VOLKSWAGEN POLO,7,E01000339,0,-1
2020041009846,2020,041009846,1,9,0,18,19,1,5,0,0,8,0,0,0,0,1,1,5,6,1,18,4,999,1,3,VOLKSWAGEN POLO,6,E01024949,0,-1
2020010258554,2020,010258554,2,9,0,13,13,3,7,0,0,8,0,0,0,0,1,1,6,6,2,32,6,1390,1,17,VOLKSWAGEN POLO,5,E01002183,0,-1
2020430223139,2020,430223139,1,9,0,8,8,5,1,0,0,2,0,0,0,0,2,1,6,6,1,26,6,1422,2,5,VOLKSWAGEN POLO,-1,-1,0,-1
202006E173426,2020,06E173426,1,9,0,2,2,0,0,0,0,0,0,0,0,0,4,1,6,6,1,21,5,1198,1,15,VOLKSWAGEN POLO,2,E01005221,0,-1
2020370960017,2020,370960017,2,9,0,18,19,4,7,0,0,0,0,0,0,0,4,1,5,6,2,22,5,999,1,3,VOLKSWAGEN POLO,6,E01030137,0,-1
202031A072920,2020,31A072920,2,9,0,9,9,8,6,0,0,4,0,7,0,0,1,1,6,6,2,20,4,1198,1,6,VOLKSWAGEN POLO,7,E01028323,0,-1
2020100930724,2020,100930724,2,9,0,3,3,8,4,0,0,0,0,0,0,0,2,1,5,6,1,27,6,1199,2,7,VOLKSWAGEN POLO,1,E01008658,0,-1
2020010265663,2020,010265663,2,9,0,2,2,0,0,0,0,1,0,0,0,0,3,1,6,6,3,-1,-1,1198,1,7,VOLKSWAGEN POLO,-1,-1,0,-1
2020201020578,2020,201020578,1,9,0,5,5,4,8,0,0,2,0,0,0,0,3,1,6,6,2,21,5,1198,1,10,VOLKSWAGEN POLO,1,E01010295,0,-1
2020350983455,2020,350983455,2,9,0,9,9,1,5,0,0,1,0,0,0,0,2,1,5,6,2,61,9,1197,1,6,VOLKSWAGEN POLO,7,E01018255,0,-1
2020010256845,2020,010256845,1,9,0,9,9,5,3,0,0,1,0,0,0,0,0,1,6,6,2,44,7,1390,1,15,VOLKSWAGEN POLO,3,E01000742,0,-1
2020371011823,2020,371011823,1,9,0,9,9,8,6,0,0,8,0,0,0,0,3,1,5,6,2,46,8,1390,1,19,VOLKSWAGEN POLO,2,E01029987,0,-1
202063B023820,2020,63B023820,1,9,0,5,5,1,5,0,0,6,0,0,0,0,1,1,6,6,2,21,5,1198,1,10,VOLKSWAGEN POLO,10,W01001936,0,-1
2020010232541,2020,010232541,1,9,0,99,99,9,9,99,99,9,9,99,9,99,1,9,2,2,2,21,5,1198,1,15,VOLKSWAGEN POLO,2,E01002561,0,-1
2020010275509,2020,010275509,2,9,0,2,2,0,0,9,9,0,0,0,0,0,0,1,6,6,3,-1,-1,1198,1,10,VOLKSWAGEN POLO,-1,-1,0,-1
2020530952819,2020,530952819,2,9,0,18,19,7,3,0,0,1,0,0,0,0,1,1,5,6,2,28,6,1197,1,5,VOLKSWAGEN POLO,9,E01032703,0,-1
202031D129520,2020,31D129520,2,9,0,18,19,7,3,0,0,0,0,0,0,0,2,1,6,6,1,32,6,1422,2,11,VOLKSWAGEN POLO,4,E01028165,0,-1
2020440431047,2020,440431047,1,9,0,3,3,7,3,0,0,0,0,0,0,0,1,1,6,6,1,70,10,1422,2,12,VOLKSWAGEN POLO,5,E01023110,0,-1
2020010242828,2020,010242828,1,9,0,99,99,9,9,99,99,9,9,99,9,99,1,9,6,6,2,30,6,1390,1,7,VOLKSWAGEN POLO,2,E01001770,0,-1
2020122000891,2020,122000891,1,9,0,9,9,5,3,0,0,1,0,0,0,0,4,1,6,6,2,30,6,1390,1,14,VOLKSWAGEN POLO,7,E01027705,0,-1
2020137781705,2020,137781705,2,9,0,2,2,0,0,0,0,0,0,0,1,0,1,1,6,6,3,-1,-1,999,1,6,VOLKSWAGEN POLO,4,E01011023,0,-1
2020010268318,2020,010268318,1,9,0,7,7,7,2,4,4,5,0,0,0,0,1,1,6,6,1,19,4,999,1,5,VOLKSWAGEN POLO,8,E01013792,0,-1
202031C127920,2020,31C127920,1,9,0,18,19,6,2,0,0,4,0,0,0,0,1,1,6,6,2,27,6,1197,1,6,VOLKSWAGEN POLO,2,E01013906,0,-1
2020010240409,2020,010240409,1,9,0,99,99,9,9,99,99,9,9,99,9,99,2,9,6,6,1,38,7,1199,2,10,VOLKSWAGEN POLO,5,E01002213,0,-1
2020470920771,2020,470920771,1,9,0,6,6,1,1,0,0,8,0,0,0,0,3,1,5,6,2,27,6,1200,1,18,VOLKSWAGEN POLO,4,E01031473,0,-1
2020440230282,2020,440230282,2,9,0,4,4,5,0,0,0,1,0,0,0,0,1,1,6,6,3,-1,-1,1198,1,15,VOLKSWAGEN POLO,-1,-1,0,-1
2020530967653,2020,530967653,1,9,0,9,9,5,1,0,0,1,0,0,0,0,4,1,5,6,2,36,7,1390,1,18,VOLKSWAGEN POLO,9,E01032706,0,-1
2020010275487,2020,010275487,1,9,0,99,99,9,9,99,99,9,9,99,9,99,2,9,6,6,2,20,4,1198,1,10,VOLKSWAGEN POLO,8,E01024762,0,-1
2020440458036,2020,440458036,1,9,0,3,3,4,8,0,0,1,0,0,0,0,1,1,6,6,2,75,10,1390,1,16,VOLKSWAGEN POLO,8,E01022864,0,-1
2020440442428,2020,440442428,2,9,0,17,19,2,6,0,0,8,0,0,0,0,1,1,6,6,2,53,8,1390,1,11,VOLKSWAGEN POLO,7,E01022592,0,-1
2020302000187,2020,302000187,1,9,0,4,4,8,4,0,0,0,0,0,0,0,1,1,1,1,1,53,8,1197,1,4,VOLKSWAGEN POLO,5,E01019438,0,-1
2020470963915,2020,470963915,2,9,0,16,19,7,1,0,0,2,0,0,0,0,3,1,5,6,2,70,10,1197,1,4,VOLKSWAGEN POLO,6,E01031687,0,-1