collision_index,collision_year,collision_ref_no,vehicle_reference,vehicle_type,towing_and_articulation,vehicle_manoeuvre_historic,vehicle_manoeuvre,vehicle_direction_from,vehicle_direction_to,vehicle_location_restricted_lane_historic,vehicle_location_restricted_lane,junction_location,skidding_and_overturning,hit_object_in_carriageway,vehicle_leaving_carriageway,hit_object_off_carriageway,first_point_of_impact,vehicle_left_hand_drive,journey_purpose_of_driver_historic,journey_purpose_of_driver,sex_of_driver,age_of_driver,age_band_of_driver,engine_capacity_cc,propulsion_code,age_of_vehicle,generic_make_model,driver_imd_decile,lsoa_of_driver,escooter_flag,driver_distance_banding
2020990930606,2020,990930606,1,9,0,18,19,1,5,0,0,2,0,0,0,0,1,1,5,6,2,54,8,1198,1,11,VOLKSWAGEN POLO,9,-1,0,-1
2020010261083,2020,010261083,1,9,0,5,5,5,1,0,0,1,0,0,0,0,3,1,6,6,1,24,5,1197,1,3,VOLKSWAGEN POLO,4,E01003333,0,-1
2020461010384,2020,461010384,2,9,0,10,10,7,5,0,0,0,0,0,0,0,2,1,5,6,2,73,10,1390,1,7,VOLKSWAGEN POLO,9,E01024115,0,-1
202006A372768,2020,06A372768,1,9,0,18,19,7,3,0,0,8,0,0,0,0,1,1,6,6,3,-1,-1,999,1,1,VOLKSWAGEN POLO,-1,-1,0,-1
2020201020518,2020,201020518,2,9,0,9,9,5,2,0,0,6,0,0,0,0,3,1,2,2,2,40,7,1198,1,9,VOLKSWAGEN POLO,1,E01009114,0,-1
2020470971282,2020,470971282,2,9,0,17,19,4,2,0,0,1,0,0,0,0,4,1,6,6,1,19,4,999,1,5,VOLKSWAGEN POLO,8,E01031659,0,-1
2020010257207,2020,010257207,1,9,0,9,9,5,2,0,0,1,0,0,7,0,4,1,6,6,2,23,5,999,1,1,VOLKSWAGEN POLO,10,E01030367,0,-1
2020210995984,2020,210995984,2,9,0,18,19,4,8,0,0,0,0,0,0,0,3,1,6,6,2,56,9,999,1,2,VOLKSWAGEN POLO,8,E01032127,0,-1
2020010245922,2020,010245922,1,9,0,4,4,3,7,6,6,0,0,0,0,0,3,1,6,6,1,29,6,999,1,0,VOLKSWAGEN POLO,8,E01002581,0,-1
2020500933580,2020,500933580,1,9,0,18,19,6,2,0,0,4,5,0,0,0,3,1,6,6,1,39,7,1198,1,11,VOLKSWAGEN POLO,3,E01019051,0,-1
2020010244566,2020,010244566,1,9,0,9,9,5,2,0,0,8,0,0,0,0,1,1,6,6,2,33,6,1198,1,14,VOLKSWAGEN POLO,3,E01003296,0,-1
2020302001183,2020,302001183,2,9,0,17,19,8,5,0,0,1,0,0,0,0,4,1,6,6,1,61,9,1198,1,15,VOLKSWAGEN POLO,9,E01033391,0,-1
2020140939749,2020,140939749,3,9,0,18,19,8,4,0,0,1,0,0,0,0,1,1,2,2,1,20,4,1198,1,14,VOLKSWAGEN POLO,4,E01007623,0,-1
2020400982150,2020,400982150,1,9,0,18,19,1,7,0,0,0,0,0,0,0,1,1,6,6,1,32,6,1198,1,15,VOLKSWAGEN POLO,2,E01015741,0,-1
202006N176051,2020,06N176051,1,9,0,9,9,5,3,0,0,8,0,0,0,0,3,1,6,6,2,32,6,999,1,2,VOLKSWAGEN POLO,1,E01025396,0,-1
2020070422937,2020,070422937,2,9,0,18,19,2,6,0,0,8,0,0,0,0,4,1,6,6,1,20,4,1198,1,13,VOLKSWAGEN POLO,2,E01018477,0,-1
2020302000187,2020,302000187,2,9,0,3,3,8,4,0,0,0,0,0,0,0,2,1,1,1,1,22,5,1798,1,4,VOLKSWAGEN POLO,2,E01019441,0,-1
2020160953846,2020,160953846,2,9,0,3,3,8,4,0,0,1,0,0,0,0,2,1,6,6,1,38,7,1400,1,20,VOLKSWAGEN POLO,1,E01012944,0,-1
2020552000715,2020,552000715,1,9,0,9,9,8,6,0,0,5,0,0,0,0,4,1,6,6,2,67,10,1400,1,15,VOLKSWAGEN POLO,4,E01020496,0,-1
2020010255415,2020,010255415,2,9,0,18,19,3,7,0,0,1,0,0,0,0,1,1,2,2,1,47,8,1198,1,9,VOLKSWAGEN POLO,10,E01022878,0,-1
2020460930873,2020,460930873,1,9,0,18,19,4,8,0,0,2,0,0,0,0,1,1,5,6,1,30,6,1197,1,5,VOLKSWAGEN POLO,4,E01016097,0,-1
2020451002433,2020,451002433,1,9,0,8,8,3,5,0,0,1,0,0,0,0,1,1,5,6,1,35,6,1390,1,18,VOLKSWAGEN POLO,10,E01030350,0,-1
2020991004999,2020,991004999,1,9,0,9,9,6,3,0,0,1,0,0,0,0,3,1,2,2,1,34,6,1198,1,10,VOLKSWAGEN POLO,3,-1,0,-1
2020410972708,2020,410972708,2,9,0,18,19,7,3,0,0,1,0,0,0,0,2,1,5,6,2,33,6,1390,1,16,VOLKSWAGEN POLO,4,E01023757,0,-1
202006J367223,2020,06J367223,1,9,0,18,19,7,3,0,0,0,0,0,4,6,1,1,6,6,2,27,6,1199,2,8,VOLKSWAGEN POLO,1,E01005067,0,-1
2020170S21720,2020,170S21720,2,9,0,18,19,7,3,0,0,0,0,0,0,0,2,1,6,6,2,25,5,1390,1,20,VOLKSWAGEN POLO,2,E01020802,0,-1
2020552100113,2020,552100113,2,9,0,2,2,0,0,0,0,8,0,0,1,10,3,1,6,6,3,-1,-1,1390,1,11,VOLKSWAGEN POLO,-1,-1,0,-1
2020010283209,2020,010283209,1,9,0,5,5,3,7,0,0,0,0,4,0,0,1,1,6,6,2,67,10,1390,1,7,VOLKSWAGEN POLO,8,E01003426,0,-1
2020160976706,2020,160976706,1,9,0,9,9,6,4,0,0,6,0,0,0,0,4,1,5,6,2,20,4,1198,1,15,VOLKSWAGEN POLO,1,E01012787,0,-1
2020010249822,2020,010249822,2,9,0,99,99,9,9,99,99,9,9,99,9,99,2,9,6,6,3,-1,-1,999,1,5,VOLKSWAGEN POLO,1,E01033456,0,-1
2020052002394,2020,052002394,1,9,0,4,4,7,2,0,0,1,0,0,0,0,1,1,6,6,2,24,5,1198,1,11,VOLKSWAGEN POLO,2,E01006624,0,-1
2020460940552,2020,460940552,2,9,0,18,19,6,2,0,0,0,0,0,0,0,2,1,5,6,1,21,5,1422,2,4,VOLKSWAGEN POLO,3,E01016037,0,-1
2020440345194,2020,440345194,2,9,0,18,19,7,3,0,0,8,0,0,0,0,0,1,6,6,2,25,5,1198,1,10,VOLKSWAGEN POLO,8,E01030927,0,-1
20201371A1187,2020,1371A1187,1,9,0,18,19,4,8,0,0,8,0,0,0,0,3,1,1,1,1,26,6,1197,1,8,VOLKSWAGEN POLO,1,E01011295,0,-1
2020351007144,2020,351007144,2,9,0,18,19,3,7,0,0,8,0,0,0,0,1,1,5,6,1,51,8,1198,1,17,VOLKSWAGEN POLO,6,E01033121,0,-1
2020220985797,2020,220985797,1,9,0,18,19,6,2,0,0,0,0,0,0,0,0,1,6,6,3,34,6,1390,1,19,VOLKSWAGEN POLO,-1,-1,0,-1
2020010271665,2020,010271665,2,9,0,99,99,9,9,99,99,9,9,99,9,99,9,9,6,6,3,51,8,1390,1,6,VOLKSWAGEN POLO,2,E01003168,0,-1
202031C100520,2020,31C100520,1,9,0,8,8,7,3,0,0,1,0,0,0,0,2,1,2,2,1,28,6,1896,2,15,VOLKSWAGEN POLO,4,E01013967,0,-1
2020100924822,2020,100924822,2,9,0,9,9,3,1,0,0,1,0,0,0,0,3,1,6,6,1,21,5,1198,1,10,VOLKSWAGEN POLO,5,E01008384,0,-1
2020500954564,2020,500954564,4,9,0,2,2,0,0,0,0,0,0,4,0,0,1,1,5,6,2,53,8,1198,1,10,VOLKSWAGEN POLO,6,E01020202,0,-1
2020200934710,2020,200934710,1,9,0,18,19,4,8,0,0,1,0,0,0,0,1,1,1,1,1,-1,-1,999,1,5,VOLKSWAGEN POLO,3,E01009178,0,-1
2020010257353,2020,010257353,1,9,0,16,19,4,8,0,0,2,5,4,0,0,1,1,1,1,1,29,6,1390,1,6,VOLKSWAGEN POLO,2,E01002051,0,-1
2020450967134,2020,450967134,1,9,0,18,19,1,3,0,0,0,0,0,0,0,0,1,5,6,1,18,4,1198,1,18,VOLKSWAGEN POLO,10,E01030680,0,-1
2020070525815,2020,070525815,1,9,0,10,10,2,6,0,0,1,0,0,1,0,1,1,6,6,1,55,8,1198,1,10,VOLKSWAGEN POLO,7,E01018742,0,-1
2020010249552,2020,010249552,1,9,0,10,10,5,3,0,0,1,0,0,0,0,2,9,6,6,2,28,6,999,1,2,VOLKSWAGEN POLO,8,E01032571,0,-1
2020010235419,2020,010235419,2,9,9,99,99,9,9,99,99,8,9,99,9,99,9,9,6,6,1,21,5,1198,1,14,VOLKSWAGEN POLO,2,E01003523,0,-1
2020010234166,2020,010234166,1,9,0,18,19,1,5,0,0,1,0,0,0,0,1,1,6,6,3,-1,-1,1198,1,12,VOLKSWAGEN POLO,-1,-1,0,-1
2020010234595,2020,010234595,1,9,0,99,99,9,9,99,99,9,9,99,9,99,1,9,2,2,2,22,5,1198,1,10,VOLKSWAGEN POLO,8,E01000679,0,-1
2020400999855,2020,400999855,1,9,0,18,19,3,7,0,0,8,0,0,0,0,1,1,6,6,2,47,8,999,1,4,VOLKSWAGEN POLO,1,E01017477,0,-1
2020100952278,2020,100952278,1,9,0,18,19,7,3,0,0,0,0,0,7,10,1,1,6,6,1,23,5,1390,1,10,VOLKSWAGEN POLO,10,E01008497,0,-1
2020201020667,2020,201020667,1,9,0,5,5,7,5,0,0,6,0,7,0,0,4,1,6,6,1,17,4,1198,1,15,VOLKSWAGEN POLO,9,-1,0,-1
2020137A71394,2020,137A71394,2,9,0,18,19,5,1,0,0,0,0,0,0,0,1,1,6,6,1,21,5,1198,1,7,VOLKSWAGEN POLO,2,E01011552,0,-1
2020360939615,2020,360939615,1,9,0,18,19,5,1,0,0,1,0,0,0,0,3,1,5,6,2,19,4,1198,1,17,VOLKSWAGEN POLO,7,E01026672,0,-1
2020010232316,2020,010232316,3,9,0,2,2,0,0,0,0,2,0,0,0,0,2,1,6,6,3,-1,-1,1390,1,9,VOLKSWAGEN POLO,-1,-1,0,-1
2020522100442,2020,522100442,1,9,0,18,19,7,3,0,0,8,0,0,0,0,1,1,6,6,1,31,6,1400,2,14,VOLKSWAGEN POLO,3,E01014566,0,-1
2020450932900,2020,450932900,1,9,0,18,19,8,4,0,0,8,0,0,7,0,4,1,5,6,2,20,4,1197,1,4,VOLKSWAGEN POLO,10,E01030958,0,-1
2020010278541,2020,010278541,1,9,0,99,99,9,9,99,99,9,9,99,9,99,2,9,6,6,2,29,6,1198,1,13,VOLKSWAGEN POLO,8,E01000540,0,-1
2020320410603,2020,320410603,2,9,0,4,4,5,1,0,0,0,0,0,0,0,2,1,6,6,2,19,4,1390,1,8,VOLKSWAGEN POLO,3,E01028297,0,-1
2020420939871,2020,420939871,1,9,0,16,19,1,5,0,0,0,0,0,0,0,1,1,6,6,2,18,4,1390,1,8,VOLKSWAGEN POLO,-1,-1,0,-1
2020470966676,2020,470966676,1,9,0,18,19,1,5,0,0,8,0,0,0,0,1,1,6,6,1,40,7,999,1,1,VOLKSWAGEN POLO,5,E01031663,0,-1
2020160988721,2020,160988721,2,9,0,18,19,6,2,0,0,0,0,0,0,0,2,1,2,2,1,19,4,999,1,5,VOLKSWAGEN POLO,1,E01013162,0,-1
2020200989322,2020,200989322,1,9,0,17,19,3,8,0,0,0,0,0,0,0,1,1,6,6,1,36,7,1198,1,16,VOLKSWAGEN POLO,1,E01009051,0,-1
2020552000117,2020,552000117,1,9,0,9,9,6,3,0,0,6,0,0,0,0,4,1,6,6,1,18,4,1198,1,11,VOLKSWAGEN POLO,7,E01020392,0,-1
2020010259068,2020,010259068,2,9,0,3,3,1,5,0,0,0,0,0,0,0,1,1,6,6,2,26,6,1198,1,12,VOLKSWAGEN POLO,6,E01004163,0,-1
2020010263617,2020,010263617,3,9,0,2,2,0,0,0,0,0,0,0,0,0,0,1,6,6,3,-1,-1,1198,1,15,VOLKSWAGEN POLO,-1,-1,0,-1
2020010239000,2020,010239000,2,9,9,1,1,9,9,0,0,0,9,0,8,99,2,9,6,6,3,-1,-1,1197,1,3,VOLKSWAGEN POLO,-1,-1,0,-1
2020450967189,2020,450967189,1,9,0,16,19,8,4,0,0,0,1,0,0,0,1,1,5,6,1,32,6,1400,1,13,VOLKSWAGEN POLO,6,E01030681,0,-1
2020010264133,2020,010264133,1,9,0,99,99,9,9,99,99,9,9,99,9,99,2,9,6,6,2,20,4,999,1,0,VOLKSWAGEN POLO,7,E01002538,0,-1
2020010256172,2020,010256172,1,9,0,99,99,9,9,99,99,9,9,99,9,99,9,9,6,6,1,25,5,1390,1,19,VOLKSWAGEN POLO,2,E01001205,0,-1
2020010244798,2020,010244798,1,9,0,10,10,2,7,0,0,1,0,0,0,0,2,1,6,6,2,46,8,1390,1,23,VOLKSWAGEN POLO,8,E01004193,0,-1
2020520004788,2020,520004788,1,9,0,18,19,2,6,0,0,0,0,0,0,0,1,1,6,6,1,22,5,999,1,4,VOLKSWAGEN POLO,-1,-1,0,-1
2020430434637,2020,430434637,1,9,0,18,19,8,4,0,0,1,0,0,0,0,4,1,6,6,1,54,8,1390,1,13,VOLKSWAGEN POLO,3,E01016455,0,-1
2020470996934,2020,470996934,1,9,0,18,19,7,3,0,0,0,0,0,0,0,1,1,6,6,2,18,4,999,1,5,VOLKSWAGEN POLO,9,E01021085,0,-1
2020430011368,2020,430011368,1,8,0,18,19,2,6,0,0,4,0,0,0,0,1,1,1,1,1,60,9,1198,1,8,-1,3,E01015731,0,-1
2020302001612,2020,302001612,2,9,0,18,19,4,8,0,0,1,0,0,0,0,1,1,6,6,1,20,4,1198,1,12,VOLKSWAGEN POLO,9,E01013599,0,-1
2020450959871,2020,450959871,1,9,0,18,19,1,5,0,0,0,0,0,0,0,1,1,5,6,2,20,4,1198,1,6,VOLKSWAGEN POLO,9,E01030781,0,-1
202031B134220,2020,31B134220,1,9,0,9,9,7,3,0,0,5,0,0,0,0,3,1,2,2,2,20,4,1198,1,18,VOLKSWAGEN POLO,3,E01028064,0,-1
2020137CH0248,2020,137CH0248,1,9,0,18,19,3,7,0,0,0,0,0,0,0,1,1,1,1,1,19,4,999,1,2,VOLKSWAGEN POLO,10,E01011535,0,-1
2020010251902,2020,010251902,1,9,0,3,3,3,7,0,0,1,0,0,0,0,2,1,6,6,2,40,7,1390,1,19,VOLKSWAGEN POLO,3,E01000725,0,-1
2020470994903,2020,470994903,2,9,0,3,3,4,8,0,0,1,0,0,0,0,2,1,6,6,2,25,5,1198,1,7,VOLKSWAGEN POLO,7,E01021205,0,-1
2020230975384,2020,230975384,1,9,0,17,19,5,2,0,0,0,1,0,1,9,1,1,5,6,1,27,6,1390,1,17,VOLKSWAGEN POLO,6,E01031031,0,-1
2020040925952,2020,040925952,1,9,0,18,19,1,3,0,0,3,0,0,0,0,4,1,5,6,2,68,10,1198,1,10,VOLKSWAGEN POLO,1,E01012595,0,-1
2020040927833,2020,040927833,1,9,0,16,19,5,3,0,0,7,0,0,0,0,2,1,6,6,2,63,9,999,1,4,VOLKSWAGEN POLO,7,E01025108,0,-1
20201376A1039,2020,1376A1039,2,9,0,18,19,3,7,0,0,4,0,0,0,0,4,1,6,6,1,21,5,1198,1,14,VOLKSWAGEN POLO,3,E01010993,0,-1
2020040931550,2020,040931550,1,9,0,4,4,6,8,0,0,0,0,0,0,0,2,1,5,6,2,20,4,1198,1,10,VOLKSWAGEN POLO,3,E01025294,0,-1
202006E177635,2020,06E177635,1,9,0,9,9,7,5,0,0,6,0,0,0,0,1,1,6,6,1,23,5,1400,2,13,VOLKSWAGEN POLO,7,E01005856,0,-1
2020137CJ0352,2020,137CJ0352,2,9,0,18,19,6,2,0,0,1,0,0,0,0,1,1,2,2,1,20,4,999,1,5,VOLKSWAGEN POLO,9,E01011773,0,-1
2020460973245,2020,460973245,1,9,0,18,19,1,5,0,0,0,0,0,0,0,1,1,2,2,1,19,4,1400,1,15,VOLKSWAGEN POLO,3,E01024534,0,-1
2020040925675,2020,040925675,2,9,0,4,4,3,7,0,0,0,0,0,0,0,2,1,2,2,2,31,6,999,1,1,VOLKSWAGEN POLO,5,E01024930,0,-1
2020030932192,2020,030932192,1,9,0,18,19,3,7,0,0,0,0,12,0,0,1,1,1,1,1,35,6,1422,2,12,VOLKSWAGEN POLO,9,E01025877,0,-1
2020010282621,2020,010282621,2,9,0,18,19,5,1,0,0,1,0,0,0,0,4,1,6,6,1,46,8,1198,1,14,VOLKSWAGEN POLO,3,E01001076,0,-1
2020170M10480,2020,170M10480,1,9,0,10,10,3,2,0,0,1,0,0,0,0,1,1,6,6,2,18,4,1198,1,6,VOLKSWAGEN POLO,8,E01012008,0,-1
20201377P1007,2020,1377P1007,1,9,0,18,19,4,8,0,0,0,0,0,0,0,2,1,6,6,2,20,4,999,1,5,VOLKSWAGEN POLO,10,E01028594,0,-1
2020070019420,2020,070019420,2,9,0,18,19,3,7,0,0,8,0,0,0,0,1,1,6,6,2,68,10,1197,1,5,VOLKSWAGEN POLO,9,E01018526,0,-1
2020070375773,2020,070375773,1,9,0,18,19,1,5,0,0,0,0,0,0,0,4,1,6,6,2,49,8,999,1,4,VOLKSWAGEN POLO,4,E01018638,0,-1
2020070258530,2020,070258530,3,9,0,2,2,0,0,0,0,0,0,0,0,0,2,1,6,6,2,-1,-1,1198,1,9,VOLKSWAGEN POLO,4,E01018618,0,-1
2020450988628,2020,450988628,2,9,0,18,19,5,1,0,0,0,1,0,1,7,2,1,5,6,2,18,4,1198,1,14,VOLKSWAGEN POLO,4,E01026749,0,-1
202031C101220,2020,31C101220,1,9,0,7,7,1,3,0,0,5,0,0,0,0,4,1,2,2,1,20,4,1198,1,7,VOLKSWAGEN POLO,10,E01007933,0,-1
2020030954985,2020,030954985,1,9,0,9,9,7,5,0,0,5,0,0,0,0,1,1,2,2,2,45,7,999,1,5,VOLKSWAGEN POLO,6,E01019088,0,-1
2020430051628,2020,430051628,1,9,0,18,19,7,3,0,0,8,0,0,0,0,3,1,2,2,1,28,6,1395,1,4,VOLKSWAGEN POLO,5,E01024198,0,-1
2020440410014,2020,440410014,1,9,0,9,9,1,5,0,0,6,0,0,0,0,1,1,6,6,1,20,4,1390,1,12,VOLKSWAGEN POLO,7,E01032881,0,-1
2020100965403,2020,100965403,2,9,0,1,1,7,5,0,0,6,1,0,0,0,4,1,1,1,1,39,7,1422,2,12,VOLKSWAGEN POLO,2,E01008173,0,-1
2020110966023,2020,110966023,1,9,0,18,19,5,1,0,0,0,1,0,0,0,1,1,6,6,1,34,6,999,1,1,VOLKSWAGEN POLO,8,E01020718,0,-1
2020010283983,2020,010283983,1,9,0,1,1,1,5,0,0,2,0,0,0,0,2,1,6,6,1,19,4,1197,1,6,VOLKSWAGEN POLO,5,E01033494,0,-1
2020470928412,2020,470928412,1,9,0,18,19,5,1,0,0,2,0,0,0,0,1,1,2,2,2,26,6,1390,1,8,VOLKSWAGEN POLO,1,E01020984,0,-1
2020200953994,2020,200953994,3,9,0,4,4,6,2,0,0,1,0,0,0,0,2,1,6,6,2,30,6,1197,1,7,VOLKSWAGEN POLO,3,E01010434,0,-1
2020140928721,2020,140928721,1,9,0,18,19,7,3,0,0,2,0,0,0,0,1,1,6,6,3,-1,-1,1198,1,14,VOLKSWAGEN POLO,-1,-1,0,-1
2020210975328,2020,210975328,3,9,0,18,19,5,1,0,0,0,0,0,0,0,1,1,6,6,1,31,6,1390,1,14,VOLKSWAGEN POLO,1,E01010095,0,-1
2020470921558,2020,470921558,1,9,0,9,9,6,4,0,0,8,0,0,0,0,3,1,2,2,2,22,5,1422,2,16,VOLKSWAGEN POLO,3,E01031483,0,-1
2020230953031,2020,230953031,2,9,0,9,9,1,7,0,0,6,0,0,0,0,3,1,5,6,2,17,4,1199,2,8,VOLKSWAGEN POLO,5,E01031163,0,-1
2020137B11776,2020,137B11776,1,9,0,18,19,5,1,0,0,0,1,0,1,7,3,1,6,6,2,26,6,1422,2,17,VOLKSWAGEN POLO,4,E01011319,0,-1
2020010236997,2020,010236997,1,9,0,99,99,9,9,99,99,9,9,99,9,99,1,9,6,6,1,43,7,1198,1,13,VOLKSWAGEN POLO,4,E01004330,0,-1
2020010251291,2020,010251291,1,9,0,18,19,1,5,0,0,8,0,0,0,0,2,1,6,6,2,42,7,1598,1,26,VOLKSWAGEN POLO,2,E01002217,0,-1
2020460947690,2020,460947690,4,9,0,2,2,0,0,0,0,1,0,0,0,0,1,1,6,6,1,23,5,1199,2,7,VOLKSWAGEN POLO,5,E01024194,0,-1
2020040983076,2020,040983076,1,9,0,18,19,3,7,0,0,0,0,4,0,0,1,1,6,6,2,71,10,999,1,4,VOLKSWAGEN POLO,8,E01025539,0,-1
2020200947502,2020,200947502,1,9,0,9,9,1,7,0,0,5,0,0,0,0,1,1,1,1,1,-1,-1,1390,1,18,VOLKSWAGEN POLO,5,E01009244,0,-1
2020010243019,2020,010243019,2,9,0,5,5,3,7,0,0,8,0,0,0,0,3,1,6,6,2,39,7,1400,1,15,VOLKSWAGEN POLO,2,E01003240,0,-1
2020622000245,2020,622000245,1,9,0,15,15,1,5,0,0,8,0,0,0,0,4,1,6,6,2,21,5,1400,1,12,VOLKSWAGEN POLO,4,W01001259,0,-1
2020990935154,2020,990935154,1,9,0,18,19,8,4,0,0,0,2,0,8,11,1,1,5,6,1,19,4,1395,1,5,VOLKSWAGEN POLO,9,-1,0,-1
2020460961208,2020,460961208,1,9,0,18,19,3,7,0,0,0,2,0,1,0,4,1,5,6,1,21,5,999,1,19,VOLKSWAGEN POLO,8,E01004170,0,-1
2020010258147,2020,010258147,1,9,0,10,10,1,6,0,0,4,0,0,0,0,2,1,6,6,2,28,6,999,1,0,VOLKSWAGEN POLO,2,E01001339,0,-1
2020990962743,2020,990962743,2,9,0,9,9,3,1,0,0,6,0,0,0,0,3,1,5,6,1,50,8,1198,1,17,VOLKSWAGEN POLO,3,-1,0,-1
2020440316775,2020,440316775,1,9,0,4,4,4,8,0,0,1,0,0,0,0,1,1,6,6,1,68,10,1390,1,16,VOLKSWAGEN POLO,3,E01017129,0,-1
2020010228676,2020,010228676,2,9,0,99,99,9,9,99,99,9,9,99,9,99,1,9,6,6,3,-1,-1,1198,1,14,VOLKSWAGEN POLO,-1,-1,0,-1
2020010245855,2020,010245855,1,9,0,1,1,5,1,9,9,5,0,0,7,11,2,1,6,6,2,81,11,1390,1,19,VOLKSWAGEN POLO,-1,-1,0,-1
2020010247821,2020,010247821,2,9,9,1,1,5,1,0,0,0,0,0,3,0,4,1,6,6,1,-1,-1,1197,1,4,VOLKSWAGEN POLO,3,E01003571,0,-1
2020211023173,2020,211023173,2,9,0,2,2,7,3,0,0,0,0,0,0,0,4,1,3,7,2,34,6,999,1,0,VOLKSWAGEN POLO,7,E01029532,0,-1
2020010252564,2020,010252564,1,9,0,6,6,1,1,0,0,8,0,0,0,0,0,1,6,6,2,18,4,999,1,6,VOLKSWAGEN POLO,5,E01002682,0,-1
2020430248149,2020,430248149,2,9,0,18,19,8,4,0,0,0,0,0,0,0,3,1,6,6,2,31,6,1197,1,5,VOLKSWAGEN POLO,3,E01003999,0,-1
2020990984224,2020,990984224,1,9,0,18,19,5,1,0,0,0,0,0,0,0,1,1,2,2,2,24,5,999,1,0,VOLKSWAGEN POLO,10,-1,0,-1
2020200996669,2020,200996669,1,8,0,5,5,6,2,0,0,0,0,0,0,0,3,1,6,6,3,-1,-1,1422,2,5,-1,-1,-1,0,-1
2020990990339,2020,990990339,2,9,0,3,3,1,5,0,0,1,0,0,0,0,0,1,6,6,1,28,6,1197,1,4,VOLKSWAGEN POLO,10,-1,0,-1
2020201020340,2020,201020340,1,9,0,3,3,2,6,0,0,1,0,0,0,0,1,1,2,2,1,40,7,1422,2,16,VOLKSWAGEN POLO,1,E01010526,0,-1
2020010255395,2020,010255395,1,9,0,4,4,1,5,0,0,1,0,0,0,0,1,1,6,6,1,22,5,1198,1,12,VOLKSWAGEN POLO,2,E01000599,0,-1
2020622000983,2020,622000983,2,9,0,18,19,4,8,0,0,8,0,0,0,0,4,1,6,6,2,20,4,1198,1,9,VOLKSWAGEN POLO,9,W01001032,0,-1
2020052002622,2020,052002622,2,9,0,18,19,1,5,0,0,3,0,0,0,0,4,1,6,6,3,-1,-1,999,1,2,VOLKSWAGEN POLO,-1,-1,0,-1
202006E168005,2020,06E168005,2,9,0,18,19,4,8,0,0,1,0,0,0,0,2,1,6,6,1,19,4,1422,2,6,VOLKSWAGEN POLO,8,E01005772,0,-1
2020552000460,2020,552000460,1,9,0,9,9,8,6,0,0,6,1,0,0,0,3,1,6,6,1,31,6,1390,1,10,VOLKSWAGEN POLO,10,E01020378,0,-1
2020010234538,2020,010234538,2,9,0,99,99,9,9,99,99,9,9,99,9,99,9,9,6,6,3,-1,-1,1199,2,9,VOLKSWAGEN POLO,9,E01002137,0,-1
2020010268125,2020,010268125,1,9,0,99,99,9,9,99,99,9,9,99,9,99,2,9,2,2,2,23,5,1422,2,12,VOLKSWAGEN POLO,5,E01002667,0,-1
2020430301639,2020,430301639,1,9,0,18,19,3,7,0,0,0,5,0,0,0,1,1,6,6,1,18,4,1198,1,10,VOLKSWAGEN POLO,5,E01016395,0,-1
2020430415652,2020,430415652,1,9,0,9,9,4,2,0,0,8,0,0,0,0,4,1,6,6,2,22,5,999,1,5,VOLKSWAGEN POLO,10,E01016552,0,-1
2020220972164,2020,220972164,1,9,0,18,19,6,2,0,0,8,0,0,0,0,1,1,5,6,1,19,4,1598,2,9,VOLKSWAGEN POLO,2,E01032202,0,-1
2020040939388,2020,040939388,1,9,0,4,4,1,5,0,0,8,0,0,0,0,2,1,5,6,1,47,8,1198,1,8,VOLKSWAGEN POLO,7,E01025088,0,-1
2020010278112,2020,010278112,1,9,0,18,19,1,5,0,0,0,0,4,0,0,2,1,6,6,1,43,7,1198,1,7,VOLKSWAGEN POLO,3,E01003521,0,-1
2020010244867,2020,010244867,3,9,0,2,2,0,0,0,0,0,0,0,0,0,1,1,6,6,3,-1,-1,1390,1,9,VOLKSWAGEN POLO,-1,-1,0,-1
2020410998380,2020,410998380,2,9,0,18,19,1,5,0,0,0,0,0,0,0,3,1,6,6,2,28,6,999,1,1,VOLKSWAGEN POLO,6,E01000166,0,-1
2020040931112,2020,040931112,1,9,0,9,9,5,1,0,0,1,0,0,0,0,3,1,6,6,1,22,5,999,1,5,VOLKSWAGEN POLO,9,E01025425,0,-1
2020010278374,2020,010278374,1,9,0,9,9,8,5,0,0,1,0,0,0,0,0,1,6,6,1,36,7,1198,1,9,VOLKSWAGEN POLO,2,E01033705,0,-1
2020010241877,2020,010241877,2,9,0,9,9,4,1,0,0,6,0,0,0,0,3,1,6,6,2,30,6,1198,1,10,VOLKSWAGEN POLO,5,E01001149,0,-1
2020440252426,2020,440252426,1,9,0,18,19,2,6,0,0,8,0,0,0,0,3,1,2,2,2,28,6,1400,1,12,VOLKSWAGEN POLO,10,E01023047,0,-1
2020010248735,2020,010248735,1,9,0,4,4,7,3,0,0,1,0,0,0,0,3,1,6,6,2,26,6,1390,1,13,VOLKSWAGEN POLO,1,E01002066,0,-1
2020137272047,2020,137272047,1,9,0,17,19,3,4,0,0,0,2,10,0,11,4,1,2,2,2,38,7,1390,1,10,VOLKSWAGEN POLO,1,E01010739,0,-1
2020010258754,2020,010258754,1,9,0,1,1,5,1,0,0,0,0,11,0,0,2,2,6,6,1,28,6,999,1,1,VOLKSWAGEN POLO,2,E01001460,0,-1
2020360922346,2020,360922346,2,9,0,4,4,3,7,0,0,0,0,0,0,0,2,1,5,6,2,58,9,1199,2,9,VOLKSWAGEN POLO,6,E01026449,0,-1
2020010257912,2020,010257912,4,9,0,18,19,3,7,0,0,0,0,0,0,0,1,1,6,6,1,51,8,1198,1,17,VOLKSWAGEN POLO,3,E01001489,0,-1