collision_index,collision_year,collision_ref_no,vehicle_reference,vehicle_type,towing_and_articulation,vehicle_manoeuvre_historic,vehicle_manoeuvre,vehicle_direction_from,vehicle_direction_to,vehicle_location_restricted_lane_historic,vehicle_location_restricted_lane,junction_location,skidding_and_overturning,hit_object_in_carriageway,vehicle_leaving_carriageway,hit_object_off_carriageway,first_point_of_impact,vehicle_left_hand_drive,journey_purpose_of_driver_historic,journey_purpose_of_driver,sex_of_driver,age_of_driver,age_band_of_driver,engine_capacity_cc,propulsion_code,age_of_vehicle,generic_make_model,driver_imd_decile,lsoa_of_driver,escooter_flag,driver_distance_banding
2020430370345,2020,430370345,1,9,0,16,19,4,7,0,0,0,1,0,7,0,4,1,2,2,1,18,4,1198,1,15,VOLKSWAGEN POLO,9,E01028619,0,-1
2020220981398,2020,220981398,1,9,0,18,19,4,8,0,0,0,0,0,1,4,1,1,5,6,1,21,5,1984,1,1,VOLKSWAGEN POLO,8,E01032233,0,-1
2020450948848,2020,450948848,1,9,0,17,19,7,3,0,0,0,1,0,0,0,1,1,5,6,1,22,5,1390,1,19,VOLKSWAGEN POLO,5,E01030482,0,-1
2020040948645,2020,040948645,1,9,0,18,19,5,1,0,0,2,0,0,0,0,1,1,5,6,1,18,4,1198,1,8,VOLKSWAGEN POLO,5,E01025572,0,-1
2020010270899,2020,010270899,1,9,0,9,9,1,8,0,0,8,0,0,0,0,4,1,6,6,2,29,6,1198,1,11,VOLKSWAGEN POLO,4,E01004447,0,-1
2020140973525,2020,140973525,1,9,0,14,14,6,2,0,0,0,0,0,0,0,4,1,5,6,1,23,5,1390,1,7,VOLKSWAGEN POLO,2,E01007595,0,-1
2020552000252,2020,552000252,1,9,0,18,19,8,4,0,0,0,0,0,1,3,1,1,6,6,2,76,11,1197,1,7,VOLKSWAGEN POLO,4,E01020483,0,-1
2020200958914,2020,200958914,2,9,0,18,19,7,3,0,0,2,0,0,0,0,2,1,6,6,3,-1,-1,1198,1,8,VOLKSWAGEN POLO,-1,-1,0,-1
2020010268417,2020,010268417,2,9,0,99,99,9,9,0,0,8,0,0,0,0,1,9,6,6,3,-1,-1,1400,1,14,VOLKSWAGEN POLO,-1,-1,0,-1
2020361010054,2020,361010054,5,9,0,18,19,6,2,0,0,0,1,0,0,0,1,1,5,6,2,19,4,1390,1,10,VOLKSWAGEN POLO,6,E01026549,0,-1
2020500934424,2020,500934424,3,9,0,8,8,3,6,0,0,1,0,0,1,0,3,1,5,6,1,24,5,1390,1,10,VOLKSWAGEN POLO,10,E01015452,0,-1
202031B112120,2020,31B112120,1,9,0,17,19,2,6,0,0,0,1,0,1,9,1,1,1,1,1,21,5,1400,1,14,VOLKSWAGEN POLO,5,E01028031,0,-1
202006Q174149,2020,06Q174149,1,9,0,18,19,2,6,0,0,4,0,0,0,0,1,1,6,6,1,30,6,1390,1,13,VOLKSWAGEN POLO,-1,-1,0,-1
2020520100038,2020,520100038,1,9,0,13,13,8,4,0,0,0,5,10,0,0,3,1,6,6,1,18,4,1390,1,19,VOLKSWAGEN POLO,7,E01029216,0,-1
2020552000088,2020,552000088,1,9,0,18,19,5,1,0,0,1,0,0,0,0,1,1,6,6,1,71,10,1390,1,10,VOLKSWAGEN POLO,4,E01015382,0,-1
2020040968904,2020,040968904,1,9,0,18,19,1,5,0,0,0,0,0,1,0,0,1,6,6,1,17,4,999,1,1,VOLKSWAGEN POLO,4,E01025119,0,-1
2020210943118,2020,210943118,1,9,0,18,19,6,3,0,0,0,0,0,7,0,1,1,6,6,2,43,7,1422,2,11,VOLKSWAGEN POLO,2,E01018467,0,-1
202006G171378,2020,06G171378,1,9,0,9,9,4,1,0,0,8,0,0,0,0,4,1,6,6,3,-1,-1,1198,1,9,VOLKSWAGEN POLO,-1,-1,0,-1
2020350979624,2020,350979624,1,9,0,-1,-1,-1,-1,-1,-1,-1,-1,-1,-1,0,-1,1,6,6,2,30,6,1197,1,3,VOLKSWAGEN POLO,9,E01026194,0,-1
2020420933055,2020,420933055,1,9,0,9,9,1,5,0,0,1,0,0,0,0,4,1,5,6,2,18,4,1198,1,6,VOLKSWAGEN POLO,8,E01022071,0,-1
2020440092951,2020,440092951,1,9,0,16,19,8,3,0,0,5,1,0,7,4,1,1,6,6,1,18,4,1043,1,31,VOLKSWAGEN POLO,10,E01022892,0,-1
2020070518783,2020,070518783,2,9,0,10,10,4,8,0,0,1,0,0,0,0,1,1,6,6,2,76,11,1198,1,12,VOLKSWAGEN POLO,-1,-1,0,-1
202006P274288,2020,06P274288,2,9,0,1,1,2,8,0,0,5,0,0,0,7,4,1,2,2,1,22,5,1198,1,10,VOLKSWAGEN POLO,1,E01005585,0,-1
2020530974855,2020,530974855,2,9,0,4,4,1,5,0,0,1,0,0,0,0,2,1,5,6,1,18,4,999,1,5,VOLKSWAGEN POLO,7,E01031938,0,-1
2020470951532,2020,470951532,2,9,0,4,4,8,4,0,0,1,0,0,0,0,2,1,6,6,2,29,6,1197,1,5,VOLKSWAGEN POLO,9,E01017935,0,-1
2020500970373,2020,500970373,1,9,0,9,9,3,7,0,0,1,0,0,0,0,1,1,5,6,2,90,11,1390,1,16,VOLKSWAGEN POLO,8,E01018848,0,-1
2020430273643,2020,430273643,1,9,0,9,9,1,7,0,0,5,0,0,0,0,4,1,6,6,1,17,4,1043,1,29,VOLKSWAGEN POLO,9,E01028749,0,-1
202031A044320,2020,31A044320,1,9,0,18,19,6,2,0,0,0,0,0,0,0,1,1,6,6,1,22,5,1798,1,4,VOLKSWAGEN POLO,5,E01019512,0,-1
2020500955324,2020,500955324,2,9,0,18,19,2,6,0,0,8,0,0,0,0,1,1,6,6,2,76,11,1198,1,7,VOLKSWAGEN POLO,3,E01018873,0,-1
2020440333265,2020,440333265,3,9,0,3,3,1,5,0,0,1,0,0,0,0,1,1,6,6,2,20,4,999,1,1,VOLKSWAGEN POLO,3,E01032745,0,-1
202031D078820,2020,31D078820,2,9,0,3,3,4,1,0,0,1,0,0,0,0,2,1,6,6,1,23,5,1198,1,17,VOLKSWAGEN POLO,7,E01028549,0,-1
2020100992729,2020,100992729,2,9,0,7,7,5,8,0,0,0,0,0,0,0,2,1,5,6,1,30,6,1198,1,8,VOLKSWAGEN POLO,4,E01008483,0,-1
2020430017648,2020,430017648,2,9,0,18,19,3,7,0,0,0,0,0,0,0,3,1,6,6,2,21,5,1198,1,6,VOLKSWAGEN POLO,3,E01016498,0,-1
2020160946322,2020,160946322,1,9,0,3,3,0,0,0,0,0,0,0,0,0,2,1,6,6,2,20,4,999,1,6,VOLKSWAGEN POLO,7,E01012993,0,-1
2020010273530,2020,010273530,2,9,0,2,2,0,0,0,0,1,0,0,0,0,4,1,6,6,3,-1,-1,999,1,5,VOLKSWAGEN POLO,-1,-1,0,-1
2020010249135,2020,010249135,1,9,0,18,19,2,6,0,0,0,0,0,0,0,1,1,2,2,2,30,6,999,1,1,VOLKSWAGEN POLO,6,E01001662,0,-1
2020010241158,2020,010241158,2,9,0,18,19,3,7,0,0,0,0,0,0,0,2,1,2,2,2,27,6,1197,1,5,VOLKSWAGEN POLO,4,E01001317,0,-1
2020010234273,2020,010234273,2,9,0,99,99,9,9,99,99,9,9,99,9,99,9,9,6,6,3,-1,-1,1598,2,7,VOLKSWAGEN POLO,-1,-1,0,-1
2020137AG1737,2020,137AG1737,1,9,0,18,19,3,7,0,0,7,0,0,0,0,1,1,6,6,1,28,6,1198,1,16,VOLKSWAGEN POLO,1,E01011363,0,-1
2020610051320,2020,610051320,1,9,0,4,4,7,3,0,0,0,0,0,0,0,2,1,6,6,1,19,4,1391,1,24,VOLKSWAGEN POLO,-1,-1,0,-1
2020220945232,2020,220945232,3,9,0,18,19,7,3,0,0,0,0,0,0,0,1,1,5,6,1,27,6,1198,1,12,VOLKSWAGEN POLO,4,E01032322,0,-1
2020010280087,2020,010280087,1,9,0,18,19,7,3,0,0,1,0,0,0,0,2,1,6,6,2,49,8,1390,1,9,VOLKSWAGEN POLO,3,E01004411,0,-1
2020990932689,2020,990932689,1,9,0,17,19,8,5,0,0,0,1,4,0,0,4,1,5,6,1,16,4,1198,1,9,VOLKSWAGEN POLO,10,-1,0,-1
2020100971270,2020,100971270,2,9,0,10,10,8,4,0,0,1,0,0,0,0,2,1,6,6,1,43,7,1400,2,15,VOLKSWAGEN POLO,1,E01008682,0,-1
2020161010169,2020,161010169,1,9,0,18,19,2,6,0,0,0,0,0,0,0,1,1,5,6,2,54,8,999,1,1,VOLKSWAGEN POLO,3,E01007487,0,-1
2020470994902,2020,470994902,1,9,0,18,19,2,7,0,0,1,0,4,0,0,1,1,5,6,1,51,8,999,1,2,VOLKSWAGEN POLO,3,E01021065,0,-1
2020010262786,2020,010262786,2,9,0,18,19,5,1,0,0,1,0,4,0,0,1,1,6,6,1,25,5,1197,1,6,VOLKSWAGEN POLO,-1,-1,0,-1
2020440030776,2020,440030776,1,9,0,16,19,8,4,0,0,0,0,0,0,0,1,1,6,6,1,23,5,1197,1,5,VOLKSWAGEN POLO,2,E01022913,0,-1
2020100915467,2020,100915467,1,9,0,18,19,6,2,0,0,2,0,0,0,0,1,1,5,6,1,22,5,1198,1,16,VOLKSWAGEN POLO,4,E01008198,0,-1
2020030931196,2020,030931196,1,9,0,18,19,7,3,0,0,0,0,0,1,0,1,1,5,6,1,29,6,1390,1,8,VOLKSWAGEN POLO,5,E01005687,0,-1
2020522004532,2020,522004532,1,9,0,7,7,7,8,0,0,6,0,0,0,0,2,1,6,6,1,35,6,1390,1,8,VOLKSWAGEN POLO,6,E01014670,0,-1
2020010277918,2020,010277918,2,9,0,99,99,9,9,99,99,0,9,99,9,99,1,9,6,6,3,-1,-1,1197,1,2,VOLKSWAGEN POLO,3,E01004666,0,-1
2020010273426,2020,010273426,1,9,0,9,9,3,1,0,0,1,0,0,0,0,1,1,2,2,2,21,5,1422,2,5,VOLKSWAGEN POLO,-1,-1,0,-1
2020350974307,2020,350974307,2,9,0,18,19,2,6,0,0,0,5,0,0,0,1,1,6,6,2,33,6,1200,1,18,VOLKSWAGEN POLO,6,E01018208,0,-1
2020200930959,2020,200930959,1,9,0,18,19,-1,-1,0,0,0,0,0,0,0,1,1,6,6,3,-1,-1,1598,2,11,VOLKSWAGEN POLO,-1,-1,0,-1
2020010244907,2020,010244907,1,9,0,1,1,5,1,0,0,1,0,0,0,0,2,1,6,6,2,19,4,1390,1,10,VOLKSWAGEN POLO,1,E01001425,0,-1
2020010267561,2020,010267561,1,9,0,18,19,7,3,0,0,2,0,0,0,0,1,1,6,6,1,24,5,1197,1,2,VOLKSWAGEN POLO,5,E01003016,0,-1
2020200947059,2020,200947059,1,9,0,18,19,4,8,0,0,0,0,0,0,0,0,1,1,1,2,24,5,1422,2,6,VOLKSWAGEN POLO,1,E01010098,0,-1
2020010243163,2020,010243163,4,9,0,2,2,0,0,0,0,0,0,0,0,0,1,1,6,6,3,-1,-1,1197,1,3,VOLKSWAGEN POLO,-1,-1,0,-1
2020041008037,2020,041008037,2,9,0,9,9,5,2,0,0,5,0,0,0,0,3,1,5,6,2,33,6,999,1,2,VOLKSWAGEN POLO,7,E01025361,0,-1
2020010281319,2020,010281319,2,9,0,99,99,9,9,99,99,9,9,99,9,99,1,9,6,6,3,-1,-1,1390,1,23,VOLKSWAGEN POLO,-1,-1,0,-1
2020411003588,2020,411003588,1,9,0,18,19,6,2,0,0,0,2,11,2,6,1,1,5,6,2,19,4,1198,1,12,VOLKSWAGEN POLO,2,E01023339,0,-1
2020010234281,2020,010234281,1,9,0,18,19,3,7,0,0,0,0,0,0,0,1,1,3,7,2,31,6,1198,1,7,VOLKSWAGEN POLO,2,E01004230,0,-1
2020010268596,2020,010268596,1,9,0,18,19,3,7,0,0,2,0,0,0,0,1,2,6,6,1,22,5,1198,1,9,VOLKSWAGEN POLO,4,E01000980,0,-1
2020552001217,2020,552001217,2,9,0,5,5,3,8,0,0,8,0,9,0,0,4,1,6,6,2,50,8,1390,1,7,VOLKSWAGEN POLO,8,E01015448,0,-1
2020350980400,2020,350980400,1,9,0,18,19,2,6,0,0,1,1,0,0,0,1,2,5,6,1,32,6,1200,1,17,VOLKSWAGEN POLO,8,E01018206,0,-1
2020010276531,2020,010276531,1,9,0,6,6,1,1,0,0,1,0,0,0,0,1,1,6,6,1,25,5,1198,1,8,VOLKSWAGEN POLO,10,E01000345,0,-1
2020410936788,2020,410936788,2,9,0,11,11,1,5,0,0,0,0,0,0,0,2,1,6,6,2,61,9,1198,1,11,VOLKSWAGEN POLO,10,E01017375,0,-1
2020040976323,2020,040976323,1,9,0,16,19,2,6,0,0,0,0,0,0,0,1,1,5,6,1,22,5,1199,2,9,VOLKSWAGEN POLO,2,E01025305,0,-1
2020470925881,2020,470925881,2,9,0,10,10,2,8,0,0,2,0,0,0,0,2,1,6,6,1,29,6,1198,1,14,VOLKSWAGEN POLO,4,E01031608,0,-1
2020010278810,2020,010278810,1,9,0,99,99,9,9,0,0,0,9,0,0,0,2,1,6,6,1,20,4,1390,1,9,VOLKSWAGEN POLO,5,E01002636,0,-1
2020610017920,2020,610017920,1,9,0,18,19,5,1,0,0,1,0,0,0,0,1,1,6,6,2,19,4,1198,1,9,VOLKSWAGEN POLO,-1,-1,0,-1
2020122001305,2020,122001305,1,9,0,18,19,5,1,0,0,0,0,0,1,0,1,1,6,6,1,19,4,999,1,5,VOLKSWAGEN POLO,6,E01027756,0,-1
2020040954288,2020,040954288,1,9,0,18,19,7,3,0,0,4,0,0,0,0,3,1,5,6,1,20,4,1598,2,9,VOLKSWAGEN POLO,5,E01025304,0,-1
2020170M10260,2020,170M10260,1,9,0,18,19,3,7,0,0,0,0,0,0,0,1,1,2,2,1,21,5,1199,2,9,VOLKSWAGEN POLO,1,E01012074,0,-1
2020500984210,2020,500984210,1,9,0,9,9,5,1,0,0,1,0,0,0,0,1,1,6,6,2,35,6,1198,1,14,VOLKSWAGEN POLO,3,E01020264,0,-1
2020010267152,2020,010267152,2,9,0,99,99,9,9,99,99,9,9,99,9,99,9,9,6,6,3,-1,-1,1198,1,12,VOLKSWAGEN POLO,-1,-1,0,-1
2020010255939,2020,010255939,1,9,0,5,5,1,5,0,0,4,0,0,0,0,1,1,6,6,2,41,7,1198,1,11,VOLKSWAGEN POLO,-1,-1,0,-1
2020302001243,2020,302001243,1,9,0,5,5,6,4,0,0,6,0,0,0,0,3,1,6,6,1,18,4,1198,1,9,VOLKSWAGEN POLO,10,E01013463,0,-1
2020522004579,2020,522004579,1,9,0,12,12,3,1,0,0,4,0,0,0,0,1,1,6,6,1,71,10,1390,1,11,VOLKSWAGEN POLO,6,E01014952,0,-1
2020010279872,2020,010279872,2,9,0,7,7,3,5,0,0,7,0,0,0,0,1,1,6,6,1,40,7,1197,1,3,VOLKSWAGEN POLO,-1,-1,0,-1
2020320133465,2020,320133465,2,9,0,18,19,4,8,0,0,0,0,0,1,3,1,1,6,6,1,84,11,1198,1,16,VOLKSWAGEN POLO,3,E01026055,0,-1
2020548164920,2020,548164920,1,9,0,16,19,1,4,0,0,0,5,10,7,4,3,1,6,6,1,20,4,1798,1,3,VOLKSWAGEN POLO,10,E01031903,0,-1
2020430059582,2020,430059582,1,9,0,16,19,2,5,0,0,0,0,0,0,0,1,1,2,2,2,26,6,999,1,4,VOLKSWAGEN POLO,6,E01031207,0,-1
2020010247712,2020,010247712,1,9,0,99,99,9,9,99,99,9,9,99,9,99,2,9,6,6,2,22,5,1390,1,8,VOLKSWAGEN POLO,10,E01004599,0,-1
2020530967627,2020,530967627,1,9,0,9,9,2,8,0,0,8,0,0,0,0,4,1,6,6,2,76,11,1197,1,4,VOLKSWAGEN POLO,4,E01022188,0,-1
2020010260582,2020,010260582,2,9,0,99,99,9,9,99,99,9,9,99,9,99,9,9,6,6,3,-1,-1,1400,1,14,VOLKSWAGEN POLO,-1,-1,0,-1
2020500980710,2020,500980710,1,9,0,18,19,1,5,0,0,0,0,0,0,0,1,1,5,6,1,23,5,1390,1,8,VOLKSWAGEN POLO,5,E01018896,0,-1
2020010268707,2020,010268707,1,9,0,99,99,9,9,99,99,9,9,99,9,99,9,9,2,2,2,36,7,1197,1,3,VOLKSWAGEN POLO,2,E01001328,0,-1
2020430293238,2020,430293238,1,9,0,16,19,4,6,0,0,0,0,0,0,0,1,1,6,6,2,72,10,1197,1,5,VOLKSWAGEN POLO,10,E01017894,0,-1
202031C136220,2020,31C136220,1,9,0,1,1,2,6,0,0,2,0,0,0,0,2,1,6,6,3,-1,-1,2401,2,15,VOLVO S80,-1,-1,0,-1
2020010237402,2020,010237402,1,9,0,3,3,1,5,0,0,1,0,0,0,0,2,1,6,6,1,60,9,2400,2,7,VOLVO S80,8,E01000366,0,-1
2020140954112,2020,140954112,1,9,0,16,19,2,6,0,0,0,1,0,1,6,1,1,5,6,1,31,6,2435,1,18,VOLVO S80,1,E01007534,0,-1
2020052002041,2020,052002041,1,9,0,5,5,1,5,0,0,8,0,0,0,0,1,1,6,6,1,59,9,1984,2,10,VOLVO S80,8,E01032329,0,-1
2020990946844,2020,990946844,1,9,0,18,19,2,5,0,0,0,0,0,0,0,1,1,5,6,1,54,8,2401,2,15,VOLVO S80,7,-1,0,-1
2020370980504,2020,370980504,2,9,0,18,19,0,0,0,0,0,0,4,0,0,3,1,5,6,2,64,9,2922,1,18,VOLVO S80,6,E01032525,0,-1
2020010257116,2020,010257116,1,9,0,6,6,6,6,0,0,0,0,0,0,0,3,1,6,6,1,32,6,2401,2,13,VOLVO S80,2,E01003966,0,-1
2020990922594,2020,990922594,1,9,0,16,19,2,6,0,0,0,1,0,0,0,1,1,6,6,1,38,7,1969,2,5,VOLVO S80,8,-1,0,-1
2020450980410,2020,450980410,1,9,3,18,19,3,7,0,0,1,0,0,0,0,1,1,6,6,1,40,7,2401,2,16,VOLVO S80,5,E01029953,0,-1
2020110983592,2020,110983592,2,9,0,18,19,5,1,0,0,1,0,0,0,0,2,1,2,2,1,62,9,2435,1,18,VOLVO S80,1,E01020902,0,-1
2020552000083,2020,552000083,1,9,0,5,5,8,4,0,0,0,0,4,0,0,2,1,6,6,1,82,11,2435,1,20,VOLVO S80,7,E01020434,0,-1
2020440072246,2020,440072246,1,9,0,18,19,3,7,0,0,0,0,0,0,0,1,1,6,6,1,44,7,2401,2,15,VOLVO S80,3,E01017082,0,-1
2020370977171,2020,370977171,1,9,0,4,4,1,5,0,0,1,0,0,0,0,1,1,6,6,2,57,9,2435,1,17,VOLVO S80,7,E01029991,0,-1
2020030983658,2020,030983658,1,9,0,4,4,4,6,0,0,2,0,0,0,0,4,1,5,6,2,59,9,1969,2,4,VOLVO S80,5,E01019168,0,-1
2020360986545,2020,360986545,1,9,0,5,5,6,2,0,0,0,0,0,0,0,1,1,5,6,1,54,8,1560,2,10,VOLVO S80,4,E01026445,0,-1
2020320442003,2020,320442003,1,9,0,9,9,3,7,0,0,6,0,0,0,0,1,1,6,6,1,34,6,2401,2,12,VOLVO S80,8,E01015687,0,-1
2020200998673,2020,200998673,1,9,0,9,9,2,8,0,0,8,0,0,0,0,1,1,6,6,1,31,6,2401,2,14,VOLVO S80,1,E01009212,0,-1
2020320294539,2020,320294539,1,9,0,5,5,1,5,0,0,8,0,0,0,0,4,1,6,6,1,82,11,2401,2,18,VOLVO S80,7,E01026185,0,-1
2020010272042,2020,010272042,1,9,0,18,19,6,2,0,0,1,0,0,0,0,1,1,2,2,2,73,10,2435,1,17,VOLVO S80,5,E01000607,0,-1
202006XE69179,2020,06XE69179,1,9,0,18,19,2,6,0,0,0,0,0,0,0,1,1,2,2,1,39,7,2401,2,13,VOLVO S80,2,E01012536,0,-1
2020010268478,2020,010268478,2,9,9,99,99,9,9,99,99,9,9,99,9,99,1,9,6,6,1,73,10,2400,2,8,VOLVO S80,10,E01001124,0,-1
202031A095520,2020,31A095520,2,9,0,18,19,3,7,0,0,0,0,0,0,0,2,1,6,6,2,28,6,2401,2,13,VOLVO S80,7,E01027990,0,-1
2020101004481,2020,101004481,1,9,0,18,19,1,5,0,0,0,0,0,0,0,3,1,6,6,1,89,11,1984,2,7,VOLVO S80,8,E01008527,0,-1
2020010240345,2020,010240345,2,9,0,18,19,1,5,0,0,8,0,0,0,0,1,1,6,6,1,29,6,2401,2,14,VOLVO S80,4,E01001085,0,-1
2020010264099,2020,010264099,1,3,0,99,99,9,9,99,99,0,9,99,9,99,9,1,6,6,1,29,6,125,1,2,YAMAHA GPD 125,3,E01000641,0,-1
2020010249651,2020,010249651,2,3,0,9,9,6,4,0,0,8,0,0,0,0,1,1,1,1,1,38,7,125,1,1,YAMAHA GPD 125,5,E01000224,0,-1
2020010284097,2020,010284097,1,3,0,99,99,9,9,99,99,8,9,99,9,99,9,1,6,6,1,33,6,125,1,2,YAMAHA GPD 125,10,E01002431,0,-1
2020010264306,2020,010264306,1,3,0,18,19,1,5,0,0,8,0,0,0,0,2,1,6,6,1,23,5,125,1,0,YAMAHA GPD 125,2,E01001603,0,-1
2020010282022,2020,010282022,1,2,0,18,19,7,3,0,0,8,0,0,0,0,1,1,6,6,1,24,5,125,1,2,YAMAHA GPD 125,2,E01001351,0,-1
2020010230362,2020,010230362,1,3,0,99,99,9,9,99,99,9,9,99,9,99,1,1,6,6,1,27,6,125,1,1,YAMAHA GPD 125,2,E01001776,0,-1
2020010229395,2020,010229395,1,3,0,99,99,9,9,99,99,9,9,99,9,99,1,-1,6,6,1,29,6,125,1,3,YAMAHA GPD 125,4,E01033490,0,-1
2020010283545,2020,010283545,1,3,0,99,99,9,9,99,99,9,9,99,9,99,1,1,6,6,1,20,4,125,1,3,YAMAHA GPD 125,4,E01003322,0,-1
2020010248173,2020,010248173,2,3,0,15,15,8,4,0,0,1,2,0,0,0,3,-1,1,1,1,25,5,125,1,1,YAMAHA GPD 125,4,E01001007,0,-1
2020430041814,2020,430041814,2,3,0,18,19,8,4,0,0,8,0,0,0,0,4,1,1,1,1,34,6,125,1,4,YAMAHA GPD 125,4,E01028819,0,-1
202054B344720,2020,54B344720,1,3,0,9,9,2,8,0,0,8,0,0,0,0,1,1,1,1,1,40,7,125,1,2,YAMAHA GPD 125,9,E01015485,0,-1
2020010259311,2020,010259311,2,3,0,13,13,1,5,0,0,5,0,4,0,0,1,1,6,6,2,28,6,125,1,2,YAMAHA GPD 125,2,E01002031,0,-1
2020010265109,2020,010265109,1,3,0,99,99,9,9,99,99,9,9,99,9,99,1,1,6,6,1,31,6,125,1,3,YAMAHA GPD 125,5,E01003142,0,-1
2020460996785,2020,460996785,1,3,0,18,19,3,5,0,0,7,1,0,0,0,0,1,5,6,1,21,5,125,1,0,YAMAHA GPD 125,2,E01001625,0,-1
2020010276669,2020,010276669,2,3,0,99,99,9,9,99,99,9,9,99,9,99,9,1,6,6,3,-1,-1,125,1,1,YAMAHA GPD 125,-1,-1,0,-1
2020010250347,2020,010250347,1,3,0,99,99,9,9,99,99,9,9,99,9,99,1,1,6,6,1,28,6,125,1,3,YAMAHA GPD 125,2,E01002049,0,-1
2020010271987,2020,010271987,1,3,0,99,99,9,9,99,99,9,9,99,9,99,1,1,2,2,2,35,6,125,1,3,YAMAHA GPD 125,6,E01003416,0,-1
2020010257463,2020,010257463,1,3,0,99,99,9,9,99,99,9,9,99,9,99,1,1,6,6,1,30,6,125,1,4,YAMAHA GPD 125,5,E01000519,0,-1
2020010277140,2020,010277140,1,3,0,4,4,7,3,0,0,2,0,0,0,0,2,1,1,1,1,52,8,125,1,1,YAMAHA GPD 125,1,E01002089,0,-1
2020010234427,2020,010234427,2,3,0,18,19,3,7,0,0,8,0,0,0,0,4,1,1,1,1,28,6,125,1,3,YAMAHA GPD 125,2,E01003975,0,-1
2020010268329,2020,010268329,2,3,0,3,3,3,7,0,0,2,0,0,0,0,1,1,1,1,1,28,6,125,1,1,YAMAHA GPD 125,4,E01004487,0,-1
2020010241265,2020,010241265,1,3,0,9,9,6,4,0,0,1,0,0,0,0,0,1,6,6,1,38,7,124,1,4,YAMAHA GPD 125,3,E01000367,0,-1
2020010235256,2020,010235256,1,4,0,18,19,3,7,0,0,1,1,0,0,0,2,1,1,1,1,28,6,125,1,5,YAMAHA GPD 125,6,E01004706,0,-1
2020010236167,2020,010236167,2,3,0,18,19,1,5,0,0,1,5,0,0,0,0,-1,6,6,1,19,4,125,1,1,YAMAHA GPD 125,4,E01001909,0,-1
2020010284244,2020,010284244,1,3,0,99,99,9,9,99,99,8,9,99,9,99,1,1,6,6,1,58,9,125,1,1,YAMAHA GPD 125,2,E01003124,0,-1
2020010254711,2020,010254711,2,3,0,16,19,5,1,0,0,8,0,0,0,0,1,1,1,1,2,22,5,125,1,4,YAMAHA GPD 125,-1,-1,0,-1
2020010266117,2020,010266117,1,3,0,9,9,2,1,0,0,6,0,0,0,0,4,1,6,6,1,25,5,125,1,3,YAMAHA GPD 125,7,E01001125,0,-1
2020010269086,2020,010269086,1,3,0,99,99,9,9,99,99,9,9,99,9,99,2,1,6,6,1,33,6,125,1,0,YAMAHA GPD 125,2,E01003297,0,-1
2020010249492,2020,010249492,2,3,0,11,11,7,3,0,0,0,5,0,0,0,1,1,6,6,1,20,4,125,1,2,YAMAHA GPD 125,-1,-1,0,-1
2020052002228,2020,052002228,2,3,0,3,3,5,1,0,0,0,0,0,0,0,1,1,6,6,1,29,6,125,1,2,YAMAHA GPD 125,1,E01006648,0,-1
2020010281441,2020,010281441,1,3,0,99,99,9,9,99,99,9,9,99,9,99,9,1,6,6,1,29,6,125,1,0,YAMAHA GPD 125,1,E01004702,0,-1
2020010236661,2020,010236661,1,3,0,99,99,9,9,99,99,9,9,99,9,99,2,1,6,6,1,36,7,125,1,1,YAMAHA GPD 125,6,E01000306,0,-1
2020010273438,2020,010273438,1,3,0,99,99,9,9,99,99,9,9,99,9,99,9,1,2,2,2,44,7,125,1,4,YAMAHA GPD 125,8,E01003827,0,-1
2020010268944,2020,010268944,1,3,0,99,99,9,9,99,99,9,9,99,9,99,9,1,6,6,1,27,6,125,1,2,YAMAHA GPD 125,4,E01000625,0,-1
2020010263829,2020,010263829,4,2,0,3,3,7,3,0,0,0,0,0,0,0,1,1,2,2,1,17,4,125,1,1,YAMAHA GPD 125,2,E01000600,0,-1
2020440176262,2020,440176262,1,3,0,13,13,8,4,0,0,1,0,0,0,0,1,1,6,6,1,25,5,125,1,1,YAMAHA GPD 125,8,E01017180,0,-1
2020010242467,2020,010242467,1,3,0,13,13,3,7,0,0,1,5,0,0,99,4,1,6,6,1,23,5,125,1,2,YAMAHA GPD 125,-1,-1,0,-1
2020010253245,2020,010253245,1,3,9,99,99,9,9,99,99,9,9,99,9,99,9,1,6,6,1,-1,-1,125,1,1,YAMAHA GPD 125,2,E01004252,0,-1
2020010280077,2020,010280077,1,3,0,13,13,3,7,0,0,1,0,0,0,0,4,1,1,1,1,40,7,125,1,2,YAMAHA GPD 125,3,E01000973,0,-1
2020010253570,2020,010253570,1,3,0,9,9,4,2,0,0,1,5,0,0,0,2,1,1,1,1,45,7,125,1,1,YAMAHA GPD 125,2,E01003557,0,-1
2020010245020,2020,010245020,1,3,4,99,99,9,9,99,99,9,9,99,9,99,1,-1,2,2,1,29,6,125,1,2,YAMAHA GPD 125,1,E01002026,0,-1
2020010266958,2020,010266958,2,3,0,18,19,7,3,2,2,6,0,0,0,0,4,1,1,1,1,24,5,125,1,0,YAMAHA GPD 125,3,E01004274,0,-1
2020010280251,2020,010280251,2,3,0,18,19,2,6,0,0,2,0,0,0,0,1,1,1,1,1,42,7,125,1,0,YAMAHA GPD 125,1,E01003921,0,-1