collision_index,collision_year,collision_ref_no,vehicle_reference,vehicle_type,towing_and_articulation,vehicle_manoeuvre_historic,vehicle_manoeuvre,vehicle_direction_from,vehicle_direction_to,vehicle_location_restricted_lane_historic,vehicle_location_restricted_lane,junction_location,skidding_and_overturning,hit_object_in_carriageway,vehicle_leaving_carriageway,hit_object_off_carriageway,first_point_of_impact,vehicle_left_hand_drive,journey_purpose_of_driver_historic,journey_purpose_of_driver,sex_of_driver,age_of_driver,age_band_of_driver,engine_capacity_cc,propulsion_code,age_of_vehicle,generic_make_model,driver_imd_decile,lsoa_of_driver,escooter_flag,driver_distance_banding
2020010257016,2020,010257016,2,3,0,18,19,3,7,0,0,1,0,0,0,0,3,1,6,6,1,31,6,125,1,0,YAMAHA GPD 125,6,E01002351,0,-1
2020010255293,2020,010255293,1,3,0,13,13,7,3,0,0,2,2,10,0,0,1,1,6,6,1,21,5,125,1,4,YAMAHA GPD 125,1,E01001429,0,-1
2020010260446,2020,010260446,1,3,0,99,99,9,9,99,99,0,9,99,9,99,1,1,6,6,2,33,6,125,1,1,YAMAHA GPD 125,6,E01001312,0,-1
2020010266563,2020,010266563,1,3,0,99,99,9,9,99,99,9,9,99,9,99,1,1,6,6,1,38,7,125,1,3,YAMAHA GPD 125,4,E01000472,0,-1
2020010253737,2020,010253737,2,3,0,18,19,7,3,0,0,8,0,0,0,0,3,-1,1,1,1,34,6,125,1,1,YAMAHA GPD 125,4,E01000580,0,-1
2020010278880,2020,010278880,1,3,0,9,9,1,6,0,0,5,0,0,0,0,1,1,1,1,1,20,4,125,1,2,YAMAHA GPD 125,3,E01002133,0,-1
2020010268650,2020,010268650,1,3,0,15,15,5,1,0,0,8,0,0,0,0,1,1,6,6,1,31,6,125,1,2,YAMAHA GPD 125,6,E01002062,0,-1
2020010238007,2020,010238007,1,3,0,18,19,5,1,0,0,1,0,0,0,0,1,1,6,6,1,18,4,125,1,4,YAMAHA GPD 125,3,E01001240,0,-1
2020010258509,2020,010258509,2,3,0,9,9,7,5,0,0,8,0,0,0,0,2,1,2,2,1,37,7,125,1,0,YAMAHA GPD 125,3,E01000974,0,-1
2020010229927,2020,010229927,2,3,0,11,11,7,3,0,0,2,0,0,0,0,4,-1,1,1,1,28,6,125,1,1,YAMAHA GPD 125,6,E01003836,0,-1
2020010260458,2020,010260458,1,3,0,17,19,5,1,0,0,0,0,10,0,0,3,1,6,6,1,34,6,125,1,0,YAMAHA GPD 125,5,E01003951,0,-1
2020010269988,2020,010269988,1,2,0,5,5,5,1,0,0,1,0,0,0,0,2,1,1,1,1,28,6,125,1,2,YAMAHA GPD 125,1,E01002099,0,-1
2020010281547,2020,010281547,1,3,0,18,19,2,6,0,0,3,0,0,0,0,4,1,6,6,1,40,7,125,1,4,YAMAHA GPD 125,2,E01004409,0,-1
2020010281932,2020,010281932,2,2,0,13,13,7,3,0,0,1,0,0,0,0,1,1,1,1,1,23,5,125,1,1,YAMAHA GPD 125,7,E01001314,0,-1
2020010275747,2020,010275747,3,3,0,3,3,3,7,0,0,1,0,0,0,0,0,1,6,6,1,28,6,125,1,4,YAMAHA GPD 125,2,E01001862,0,-1
2020010240222,2020,010240222,1,3,0,10,10,1,6,0,0,1,0,0,0,0,1,1,1,1,1,33,6,125,1,2,YAMAHA GPD 125,3,E01001858,0,-1
2020010271938,2020,010271938,2,3,9,99,99,9,9,99,99,9,9,99,9,99,1,9,6,6,3,-1,-1,125,1,3,YAMAHA GPD 125,3,E01002047,0,-1
2020010285142,2020,010285142,1,4,0,18,19,2,6,9,9,0,0,0,0,0,2,1,1,1,1,31,6,125,1,3,YAMAHA GPD 125,2,E01000501,0,-1
2020010248123,2020,010248123,1,3,0,3,3,7,3,99,99,9,9,99,9,99,9,1,6,6,2,29,6,125,1,2,YAMAHA GPD 125,2,E01000603,0,-1
2020010266267,2020,010266267,1,3,0,99,99,9,9,99,99,1,9,99,9,99,2,1,6,6,1,29,6,125,1,2,YAMAHA GPD 125,3,E01004446,0,-1
2020010255813,2020,010255813,1,3,0,4,4,4,8,0,0,1,0,0,7,0,1,1,6,6,1,45,7,125,1,1,YAMAHA GPD 125,2,E01000221,0,-1
2020010265948,2020,010265948,1,3,0,99,99,9,9,99,99,1,9,99,9,99,1,1,6,6,1,23,5,125,1,1,YAMAHA GPD 125,6,E01002129,0,-1
2020010262336,2020,010262336,2,3,0,18,19,3,7,0,0,8,0,0,1,0,1,1,6,6,1,18,4,125,1,1,YAMAHA GPD 125,3,E01001117,0,-1
2020010257010,2020,010257010,1,3,0,18,19,3,7,0,0,1,0,0,0,0,1,1,1,1,1,22,5,125,1,0,YAMAHA GPD 125,2,E01001011,0,-1
2020010247208,2020,010247208,1,4,0,18,19,5,1,0,0,1,0,0,1,2,3,1,6,6,1,30,6,125,1,2,YAMAHA GPD 125,3,E01004189,0,-1
2020010274951,2020,010274951,1,3,0,99,99,9,9,0,0,8,0,0,0,0,1,1,6,6,1,25,5,125,1,1,YAMAHA GPD 125,2,E01003168,0,-1
2020411001791,2020,411001791,2,3,0,13,13,5,1,0,0,0,0,0,0,0,4,1,1,1,1,26,6,125,1,3,YAMAHA GPD 125,7,E01002199,0,-1
2020010252206,2020,010252206,1,3,0,99,99,9,9,99,99,9,9,99,9,99,1,1,6,6,1,38,7,125,1,1,YAMAHA GPD 125,4,E01002088,0,-1
2020470923432,2020,470923432,1,3,0,18,19,1,5,0,0,0,0,0,0,0,1,1,1,1,1,45,7,125,1,0,YAMAHA GPD 125,3,E01016937,0,-1
2020010281661,2020,010281661,2,3,0,14,14,4,8,0,0,1,0,0,0,0,4,1,2,2,1,38,7,125,1,0,YAMAHA GPD 125,4,E01000155,0,-1
2020010262516,2020,010262516,1,2,0,3,3,5,1,0,0,1,2,0,0,0,1,1,6,6,2,18,4,125,1,1,YAMAHA GPD 125,8,E01001302,0,-1
2020010263235,2020,010263235,2,3,0,15,15,1,5,0,0,1,0,0,0,0,3,1,6,6,1,20,4,125,1,0,YAMAHA GPD 125,4,E01001241,0,-1
2020122000829,2020,122000829,2,3,0,9,9,7,3,0,0,8,1,0,0,0,4,1,6,6,2,61,9,125,1,2,YAMAHA GPD 125,9,E01027555,0,-1
2020430216338,2020,430216338,1,3,0,18,19,7,3,0,0,2,0,0,0,0,1,1,1,1,1,34,6,125,1,4,YAMAHA GPD 125,4,E01016514,0,-1
2020010263930,2020,010263930,1,3,0,99,99,9,9,99,99,9,9,99,9,99,2,1,6,6,1,32,6,125,1,1,YAMAHA GPD 125,2,E01000550,0,-1
2020010252495,2020,010252495,1,3,0,18,19,2,6,0,0,1,0,0,0,0,1,1,6,6,2,29,6,125,1,2,YAMAHA GPD 125,4,E01033579,0,-1
2020010251018,2020,010251018,1,3,0,18,19,6,2,0,0,2,0,0,0,0,1,1,1,1,1,25,5,125,1,0,YAMAHA GPD 125,2,E01003324,0,-1
2020010267096,2020,010267096,2,3,0,9,9,5,2,0,0,5,0,0,0,0,1,1,6,6,1,47,8,125,1,4,YAMAHA GPD 125,4,E01004418,0,-1
2020010256419,2020,010256419,2,3,0,18,19,3,7,0,0,0,0,0,0,0,4,1,6,6,1,33,6,125,1,0,YAMAHA GPD 125,3,E01001366,0,-1
2020010273188,2020,010273188,2,3,0,18,19,3,7,0,0,8,2,0,0,0,1,1,6,6,1,17,4,125,1,4,YAMAHA GPD 125,-1,-1,0,-1
2020010268849,2020,010268849,2,3,0,3,3,7,3,0,0,3,0,0,0,0,1,1,6,6,1,18,4,125,1,0,YAMAHA GPD 125,2,E01003128,0,-1
2020010279346,2020,010279346,2,3,0,99,99,9,9,99,99,9,9,99,9,99,9,1,6,6,3,-1,-1,125,1,0,YAMAHA GPD 125,-1,-1,0,-1
2020451000903,2020,451000903,1,3,0,3,3,1,5,0,0,0,5,0,0,0,1,1,5,6,1,45,7,125,1,1,YAMAHA GPD 125,8,E01030800,0,-1
2020010234085,2020,010234085,2,3,0,18,19,7,3,0,0,2,0,0,0,0,3,-1,6,6,1,21,5,125,1,1,YAMAHA GPD 125,7,E01001564,0,-1
2020010252290,2020,010252290,2,3,0,99,99,9,9,99,99,9,9,99,9,99,9,1,6,6,2,30,6,125,1,1,YAMAHA GPD 125,4,E01002050,0,-1
2020010264646,2020,010264646,1,3,0,99,99,9,9,99,99,9,9,99,9,99,1,9,6,6,1,34,6,125,1,1,YAMAHA GPD 125,2,E01032720,0,-1
2020010232538,2020,010232538,2,97,0,99,99,9,9,99,99,0,9,99,9,99,1,9,6,6,3,-1,-1,125,1,4,-1,6,E01001195,0,-1
2020010264059,2020,010264059,1,3,0,99,99,9,9,99,99,9,9,99,9,99,9,1,6,6,1,27,6,125,1,3,YAMAHA GPD 125,3,E01003145,0,-1
2020010272387,2020,010272387,1,3,0,99,99,9,9,99,99,0,9,99,9,99,1,1,6,6,1,35,6,125,1,2,YAMAHA GPD 125,9,E01001375,0,-1
2020010244444,2020,010244444,2,3,0,6,6,7,7,0,0,8,0,0,0,0,0,1,6,6,1,20,4,125,1,0,YAMAHA GPD 125,1,E01001955,0,-1
2020010282698,2020,010282698,1,3,0,99,99,9,9,99,99,9,9,99,9,99,1,1,6,6,1,36,7,125,1,1,YAMAHA GPD 125,6,E01001159,0,-1
2020010252859,2020,010252859,1,3,0,99,99,9,9,99,99,9,9,99,9,99,1,1,6,6,1,39,7,125,1,0,YAMAHA GPD 125,5,E01000589,0,-1
2020010273600,2020,010273600,2,3,0,18,19,1,5,0,0,8,1,0,0,0,1,1,1,1,1,24,5,125,1,0,YAMAHA GPD 125,2,E01004323,0,-1
2020010283896,2020,010283896,1,3,0,99,99,9,9,99,99,9,9,99,9,99,1,1,6,6,1,-1,-1,125,1,2,YAMAHA GPD 125,2,E01003611,0,-1
2020461012125,2020,461012125,1,3,0,18,19,5,1,0,0,1,0,0,0,0,1,1,1,1,1,26,6,125,1,4,YAMAHA GPD 125,7,E01024318,0,-1
2020010272874,2020,010272874,2,3,0,99,99,9,9,99,99,9,9,99,9,99,9,1,6,6,3,-1,-1,125,1,0,YAMAHA GPD 125,6,E01001093,0,-1
2020010247333,2020,010247333,2,3,0,18,19,5,1,0,0,1,0,0,0,0,1,1,6,6,3,-1,-1,125,1,2,YAMAHA GPD 125,-1,-1,0,-1
2020010240537,2020,010240537,2,3,0,15,15,1,5,0,0,0,1,0,0,0,0,1,6,6,1,26,6,125,1,3,YAMAHA GPD 125,4,E01001855,0,-1
2020010267114,2020,010267114,1,3,0,5,5,8,4,0,0,0,5,0,0,0,4,1,1,1,1,22,5,125,1,1,YAMAHA GPD 125,4,E01004765,0,-1
2020010272583,2020,010272583,2,3,0,13,13,1,5,0,0,1,0,0,0,0,4,1,6,6,1,28,6,125,1,5,YAMAHA GPD 125,3,E01004333,0,-1
2020010231650,2020,010231650,1,3,9,99,99,9,9,0,0,0,9,99,9,99,9,1,6,6,3,47,8,125,1,1,YAMAHA GPD 125,3,E01001076,0,-1
2020010256943,2020,010256943,1,3,0,4,4,7,3,0,0,0,0,0,0,0,2,1,6,6,1,29,6,125,1,0,YAMAHA GPD 125,4,E01001153,0,-1
2020010231310,2020,010231310,2,3,0,18,19,1,5,0,0,1,0,0,0,0,1,1,1,1,1,30,6,125,1,1,YAMAHA GPD 125,-1,-1,0,-1
2020010230153,2020,010230153,1,3,0,18,19,1,5,0,0,8,0,0,0,0,4,-1,6,6,1,35,6,125,1,2,YAMAHA GPD 125,-1,-1,0,-1
2020010237236,2020,010237236,1,3,0,99,99,9,9,99,99,0,9,99,9,99,9,1,6,6,2,46,8,125,1,1,YAMAHA GPD 125,2,E01001042,0,-1
2020010268818,2020,010268818,2,3,0,18,19,7,3,0,0,1,0,0,0,0,1,1,1,1,1,35,6,125,1,3,YAMAHA GPD 125,3,E01001807,0,-1
2020010269092,2020,010269092,2,3,0,15,15,7,3,0,0,8,2,4,0,0,1,1,1,1,1,27,6,125,1,4,YAMAHA GPD 125,8,E01000320,0,-1
2020010278115,2020,010278115,1,2,0,18,19,8,4,0,0,5,0,0,0,0,1,1,6,6,1,19,4,125,1,1,YAMAHA GPD 125,4,E01003257,0,-1
2020010236780,2020,010236780,1,3,0,7,7,4,6,0,0,2,0,0,0,0,1,1,6,6,1,29,6,125,1,1,YAMAHA GPD 125,6,E01003153,0,-1
2020010274788,2020,010274788,1,4,0,18,19,5,1,0,0,2,0,0,0,0,1,1,6,6,3,-1,-1,125,1,1,YAMAHA GPD 125,-1,-1,0,-1
2020201013210,2020,201013210,2,23,0,18,19,2,6,0,0,8,0,0,0,0,3,1,1,1,1,28,6,125,1,2,-1,1,E01009203,0,-1
2020010262832,2020,010262832,2,3,0,18,19,7,3,0,0,1,0,0,0,0,1,1,1,1,1,24,5,125,1,0,YAMAHA GPD 125,1,E01002736,0,-1
2020010271980,2020,010271980,1,3,0,99,99,9,9,99,99,9,9,99,9,99,1,1,6,6,1,19,4,125,1,0,YAMAHA GPD 125,1,E01003070,0,-1
2020010260455,2020,010260455,1,3,0,99,99,9,9,99,99,0,9,99,9,99,1,1,6,6,1,33,6,125,1,3,YAMAHA GPD 125,4,E01004531,0,-1
2020010275366,2020,010275366,1,3,0,18,19,7,3,0,0,8,2,4,0,0,4,1,1,1,2,30,6,125,1,4,YAMAHA GPD 125,6,E01004360,0,-1
2020470949229,2020,470949229,1,3,0,16,19,6,2,0,0,8,1,0,0,0,3,1,1,1,1,40,7,125,1,1,YAMAHA GPD 125,1,E01016900,0,-1
2020010242985,2020,010242985,1,3,0,99,99,9,9,99,99,1,9,99,9,99,0,1,6,6,1,41,7,125,1,1,YAMAHA GPD 125,3,E01000553,0,-1
2020010234223,2020,010234223,1,3,0,99,99,9,9,99,99,9,9,99,9,99,1,-1,6,6,2,29,6,125,1,0,YAMAHA GPD 125,5,E01000224,0,-1
2020010251937,2020,010251937,2,3,0,99,99,9,9,99,99,9,9,99,9,99,9,-1,6,6,1,19,4,125,1,1,YAMAHA GPD 125,2,E01004755,0,-1
2020010230806,2020,010230806,1,3,0,99,99,9,9,99,99,0,9,99,9,99,1,1,6,6,2,31,6,125,1,1,YAMAHA GPD 125,1,E01033456,0,-1
2020010233477,2020,010233477,2,3,0,14,14,4,8,0,0,0,2,10,0,0,2,1,2,2,1,29,6,125,1,1,YAMAHA GPD 125,1,E01002904,0,-1
2020010274938,2020,010274938,1,3,0,99,99,9,9,99,99,9,9,99,9,99,1,1,6,6,1,49,8,125,1,0,YAMAHA GPD 125,3,E01001999,0,-1
2020010239491,2020,010239491,1,3,0,99,99,9,9,99,99,9,9,99,9,99,9,-1,6,6,1,33,6,125,1,3,YAMAHA GPD 125,6,E01003367,0,-1
2020010255962,2020,010255962,1,2,0,18,19,3,7,0,0,0,0,0,0,0,4,1,6,6,1,34,6,125,1,1,YAMAHA GPD 125,2,E01001161,0,-1
2020010257472,2020,010257472,2,3,0,99,99,9,9,99,99,0,9,99,9,99,9,9,6,6,3,32,6,125,1,0,YAMAHA GPD 125,6,E01004493,0,-1
2020010285659,2020,010285659,1,3,0,18,19,7,3,0,0,2,0,0,0,0,3,1,6,6,1,25,5,125,1,3,YAMAHA GPD 125,8,E01004623,0,-1
2020010272928,2020,010272928,1,3,0,18,19,8,4,0,0,8,1,10,0,0,1,1,1,1,1,24,5,125,1,1,YAMAHA GPD 125,-1,-1,0,-1
2020010257492,2020,010257492,2,3,0,13,13,1,5,0,0,8,0,0,0,0,3,1,1,1,2,30,6,125,1,0,YAMAHA GPD 125,-1,-1,0,-1
2020010239106,2020,010239106,1,3,0,99,99,9,9,99,99,9,9,99,9,99,1,1,2,2,1,23,5,125,1,1,YAMAHA GPD 125,6,E01000549,0,-1
2020010250554,2020,010250554,1,3,0,18,19,1,5,0,0,8,0,0,0,0,1,-1,1,1,1,33,6,125,1,1,YAMAHA GPD 125,-1,-1,0,-1
2020010249339,2020,010249339,1,3,0,99,99,9,9,99,99,9,9,99,9,99,1,-1,2,2,1,28,6,125,1,2,YAMAHA GPD 125,7,E01003370,0,-1
2020010276635,2020,010276635,1,3,0,99,99,9,9,99,99,9,9,99,9,99,9,1,6,6,1,30,6,125,1,3,YAMAHA GPD 125,-1,-1,0,-1
2020010232746,2020,010232746,1,3,0,18,19,1,5,0,0,1,0,0,0,0,1,1,1,1,1,22,5,125,1,1,YAMAHA GPD 125,7,E01004660,0,-1
2020010260830,2020,010260830,2,3,0,18,19,1,5,0,0,1,0,0,0,0,1,1,6,6,1,-1,-1,125,1,2,YAMAHA GPD 125,-1,-1,0,-1
2020010237321,2020,010237321,1,3,9,99,99,9,9,99,99,9,0,99,9,99,9,1,6,6,1,26,6,125,1,1,YAMAHA GPD 125,3,E01001394,0,-1
2020010279719,2020,010279719,2,2,0,13,13,3,7,0,0,1,0,0,0,0,1,1,1,1,1,42,7,125,1,3,YAMAHA GPD 125,2,E01004230,0,-1
2020450992661,2020,450992661,1,3,0,18,19,5,1,0,0,0,1,0,0,0,1,1,1,1,1,35,6,125,1,2,YAMAHA GPD 125,10,E01030620,0,-1
2020010237075,2020,010237075,1,2,0,7,7,1,3,0,0,3,5,0,0,0,2,1,2,2,1,29,6,125,1,4,YAMAHA GPD 125,3,E01001349,0,-1
2020470944285,2020,470944285,2,3,0,7,7,3,5,0,0,1,0,0,0,0,1,1,2,2,1,19,4,125,1,1,YAMAHA GPD 125,2,E01016941,0,-1
2020010237213,2020,010237213,1,3,0,99,99,9,9,99,99,9,9,99,9,99,2,1,6,6,1,27,6,125,1,4,YAMAHA GPD 125,6,E01000160,0,-1
2020010256552,2020,010256552,1,3,0,99,99,9,9,99,99,9,9,99,9,99,2,1,6,6,2,24,5,125,1,2,YAMAHA GPD 125,2,E01003079,0,-1
2020010247667,2020,010247667,2,3,0,18,19,6,2,0,0,1,0,0,0,0,1,-1,1,1,1,29,6,125,1,1,YAMAHA GPD 125,4,E01004525,0,-1
2020010286878,2020,010286878,2,3,0,5,5,7,3,0,0,7,0,0,0,0,0,1,1,1,1,37,7,125,1,1,YAMAHA GPD 125,3,E01000195,0,-1
2020010276020,2020,010276020,1,3,0,3,3,7,3,0,0,4,0,0,0,0,2,1,1,1,1,27,6,125,1,0,YAMAHA GPD 125,6,E01000203,0,-1
2020010283422,2020,010283422,1,3,0,99,99,9,9,99,99,9,9,99,9,99,1,1,6,6,1,34,6,125,1,4,YAMAHA GPD 125,2,E01002096,0,-1
2020010259030,2020,010259030,1,3,0,18,19,7,3,0,0,0,0,0,7,0,1,1,6,6,1,20,4,125,1,0,YAMAHA GPD 125,2,E01001977,0,-1
2020010232433,2020,010232433,2,3,0,18,19,3,7,0,0,1,0,0,0,0,3,1,1,1,1,33,6,125,1,2,YAMAHA GPD 125,3,E01001243,0,-1
2020010281844,2020,010281844,1,3,0,18,19,1,5,0,0,2,2,0,0,0,3,1,1,1,1,31,6,125,1,4,YAMAHA GPD 125,8,E01003361,0,-1
2020010259858,2020,010259858,1,3,0,5,5,0,1,0,0,1,0,0,0,0,1,1,1,1,1,44,7,125,1,2,YAMAHA GPD 125,2,E01004243,0,-1
2020010271349,2020,010271349,1,3,0,99,99,9,9,99,99,9,9,99,9,99,9,1,6,6,1,30,6,125,1,2,YAMAHA GPD 125,1,E01002074,0,-1
2020010276635,2020,010276635,2,3,0,99,99,9,9,99,99,9,9,99,9,99,0,1,6,6,3,-1,-1,125,1,1,YAMAHA GPD 125,2,E01001977,0,-1
2020010273394,2020,010273394,1,3,0,18,19,7,3,0,0,8,1,0,0,0,1,1,1,1,1,32,6,125,1,2,YAMAHA GPD 125,7,E01003371,0,-1
2020010274838,2020,010274838,1,3,0,99,99,9,9,99,99,9,9,99,9,99,1,1,2,2,1,20,4,125,1,1,YAMAHA GPD 125,4,E01023805,0,-1
202063A020720,2020,63A020720,2,4,0,10,10,4,3,0,0,1,0,0,0,0,2,1,6,6,2,41,7,125,1,4,YAMAHA GPD 125,3,W01000848,0,-1
2020010264395,2020,010264395,1,3,0,18,19,7,3,0,0,8,0,0,0,0,1,1,6,6,1,30,6,125,1,1,YAMAHA GPD 125,3,E01004571,0,-1
2020010282438,2020,010282438,1,3,0,99,99,9,9,99,99,9,9,99,9,99,9,1,6,6,1,33,6,125,1,4,YAMAHA GPD 125,1,E01033598,0,-1
2020010233656,2020,010233656,1,3,0,99,99,9,9,99,99,0,9,99,9,99,9,1,6,6,1,27,6,125,1,1,YAMAHA GPD 125,2,E01002763,0,-1
2020010273243,2020,010273243,2,3,0,18,19,3,7,0,0,1,0,0,0,0,1,1,6,6,1,19,4,125,1,1,YAMAHA GPD 125,8,E01001891,0,-1
2020010280435,2020,010280435,2,3,0,18,19,5,1,0,0,1,0,0,0,0,1,1,6,6,1,26,6,125,1,3,YAMAHA GPD 125,4,E01000554,0,-1
2020302000583,2020,302000583,2,3,0,18,19,8,4,0,0,1,0,0,0,0,1,1,6,6,1,30,6,125,1,4,YAMAHA GPD 125,4,E01019800,0,-1
2020010240448,2020,010240448,2,3,0,9,9,3,1,0,0,8,0,0,0,0,1,1,6,6,1,28,6,125,1,1,YAMAHA GPD 125,2,E01000628,0,-1
2020010262046,2020,010262046,1,3,0,99,99,9,9,99,99,9,9,99,9,99,1,1,6,6,1,29,6,125,1,2,YAMAHA GPD 125,3,E01003631,0,-1
2020010285536,2020,010285536,1,4,0,5,5,7,3,0,0,6,1,0,0,0,1,1,6,6,1,26,6,125,1,1,YAMAHA GPD 125,1,E01001944,0,-1
2020010268807,2020,010268807,1,3,0,18,19,3,7,0,0,8,0,0,0,0,1,1,6,6,2,34,6,125,1,1,YAMAHA GPD 125,5,E01003949,0,-1
2020010238894,2020,010238894,2,3,0,18,19,7,3,0,0,8,0,0,0,0,4,-1,6,6,1,21,5,125,1,2,YAMAHA GPD 125,3,E01032582,0,-1
2020010242927,2020,010242927,2,3,0,9,9,5,3,0,0,8,0,0,0,0,2,1,6,6,1,19,4,125,1,1,YAMAHA GPD 125,-1,-1,0,-1
2020010233152,2020,010233152,1,3,0,99,99,9,9,99,99,0,9,99,9,99,9,1,6,6,1,18,4,125,1,3,YAMAHA GPD 125,2,E01003162,0,-1
2020010258732,2020,010258732,2,3,0,99,99,9,9,99,99,0,9,99,9,99,0,1,2,2,2,33,6,125,1,2,YAMAHA GPD 125,3,E01003141,0,-1
2020010276077,2020,010276077,1,3,0,99,99,9,9,99,99,9,9,99,9,99,9,1,6,6,1,21,5,125,1,2,YAMAHA GPD 125,3,E01002084,0,-1
2020010253757,2020,010253757,2,3,0,13,13,7,3,0,0,8,0,0,0,0,4,1,2,2,1,29,6,125,1,2,YAMAHA GPD 125,5,E01002249,0,-1
2020010262871,2020,010262871,1,3,0,99,99,9,9,99,99,9,9,99,9,99,1,1,6,6,1,38,7,125,1,3,YAMAHA GPD 125,5,E01000337,0,-1
2020010271584,2020,010271584,2,3,0,99,99,9,9,99,99,9,9,99,9,99,9,1,6,6,3,-1,-1,125,1,3,YAMAHA GPD 125,-1,-1,0,-1
2020010247899,2020,010247899,1,3,0,14,14,7,3,0,0,1,9,0,0,99,1,1,6,6,1,32,6,125,1,1,YAMAHA GPD 125,4,E01004526,0,-1
202006A271193,2020,06A271193,1,3,0,18,19,6,2,0,0,2,0,0,0,0,0,1,6,6,1,27,6,125,1,4,YAMAHA GPD 125,2,E01005140,0,-1
2020010268476,2020,010268476,2,3,0,18,19,3,7,0,0,1,0,0,0,0,3,1,1,1,1,29,6,125,1,0,YAMAHA GPD 125,4,E01001153,0,-1
2020052000071,2020,052000071,2,3,0,18,19,2,6,0,0,1,0,0,0,0,2,1,6,6,1,32,6,125,1,3,YAMAHA GPD 125,1,E01006605,0,-1
2020010269168,2020,010269168,1,4,9,99,99,9,9,99,99,9,9,99,9,99,1,1,6,6,1,19,4,125,1,1,YAMAHA GPD 125,4,E01004148,0,-1
2020010239481,2020,010239481,1,3,0,18,19,9,9,0,0,1,9,0,9,99,1,1,6,6,2,27,6,125,1,3,YAMAHA GPD 125,5,E01003411,0,-1
2020010256038,2020,010256038,1,3,0,99,99,9,9,99,99,9,9,99,9,99,9,1,6,6,1,32,6,125,1,2,YAMAHA GPD 125,2,E01004310,0,-1
2020010256590,2020,010256590,2,3,0,99,99,9,9,99,99,0,9,99,9,99,2,9,6,6,3,-1,-1,125,1,0,YAMAHA GPD 125,-1,-1,0,-1
2020010243050,2020,010243050,2,3,0,7,7,1,2,0,0,8,0,0,0,0,1,1,1,1,1,19,4,125,1,4,YAMAHA GPD 125,3,E01003293,0,-1
2020010281925,2020,010281925,1,3,0,99,99,9,9,99,99,1,9,99,9,99,9,1,6,6,1,26,6,125,1,2,YAMAHA GPD 125,2,E01004211,0,-1
2020010271219,2020,010271219,1,2,0,9,9,2,1,0,0,6,0,0,0,0,3,1,6,6,1,18,4,125,1,3,YAMAHA GPD 125,2,E01001947,0,-1
2020010269667,2020,010269667,2,3,0,18,19,3,7,0,0,8,0,0,0,0,1,1,6,6,1,31,6,125,1,3,YAMAHA GPD 125,-1,-1,0,-1
2020010272592,2020,010272592,1,3,0,99,99,9,9,99,99,0,9,99,9,99,2,1,6,6,2,43,7,125,1,0,YAMAHA GPD 125,5,E01004641,0,-1
2020010262260,2020,010262260,1,3,0,18,19,3,7,0,0,1,0,0,0,0,1,1,1,1,1,31,6,125,1,0,YAMAHA GPD 125,2,E01004235,0,-1
2020010236121,2020,010236121,1,3,0,99,99,9,9,99,99,0,9,99,9,99,9,1,6,6,1,26,6,125,1,3,YAMAHA GPD 125,2,E01003181,0,-1
2020010270632,2020,010270632,2,3,9,99,99,9,9,99,99,9,9,99,9,99,9,9,6,6,3,-1,-1,125,1,1,YAMAHA GPD 125,3,E01004325,0,-1
2020010246956,2020,010246956,2,4,0,13,13,1,5,0,0,1,0,0,0,0,0,1,6,6,1,39,7,125,1,1,YAMAHA GPD 125,3,E01004573,0,-1
2020010243544,2020,010243544,2,3,0,18,19,7,3,0,0,0,0,0,0,0,1,1,6,6,1,25,5,125,1,4,YAMAHA GPD 125,1,E01002734,0,-1
2020010238785,2020,010238785,2,3,0,99,99,9,9,99,99,9,9,99,9,99,1,9,6,6,3,30,6,125,1,4,YAMAHA GPD 125,7,E01003396,0,-1
2020010285510,2020,010285510,2,3,0,4,4,1,5,0,0,1,0,0,0,0,1,1,1,1,1,22,5,125,1,0,YAMAHA GPD 125,3,E01001166,0,-1
2020430360694,2020,430360694,2,3,0,13,13,4,8,0,0,1,0,0,0,0,4,1,2,2,1,44,7,125,1,2,YAMAHA GPD 125,6,E01028559,0,-1
2020010278529,2020,010278529,1,3,0,99,99,9,9,99,99,9,9,99,9,99,1,1,6,6,1,31,6,125,1,2,YAMAHA GPD 125,2,E01002075,0,-1
2020470968823,2020,470968823,1,3,0,18,19,1,5,0,0,0,0,0,0,0,1,1,5,6,1,34,6,125,1,0,YAMAHA GPD 125,6,E01016859,0,-1
2020010262735,2020,010262735,2,23,0,5,5,5,1,0,0,8,0,0,0,0,3,1,6,6,1,36,7,125,1,1,-1,1,E01001798,0,-1
2020010249965,2020,010249965,1,3,0,99,99,9,9,99,99,0,9,99,9,99,9,1,6,6,1,28,6,125,1,3,YAMAHA GPD 125,4,E01000498,0,-1