collision_index,collision_year,collision_ref_no,vehicle_reference,vehicle_type,towing_and_articulation,vehicle_manoeuvre_historic,vehicle_manoeuvre,vehicle_direction_from,vehicle_direction_to,vehicle_location_restricted_lane_historic,vehicle_location_restricted_lane,junction_location,skidding_and_overturning,hit_object_in_carriageway,vehicle_leaving_carriageway,hit_object_off_carriageway,first_point_of_impact,vehicle_left_hand_drive,journey_purpose_of_driver_historic,journey_purpose_of_driver,sex_of_driver,age_of_driver,age_band_of_driver,engine_capacity_cc,propulsion_code,age_of_vehicle,generic_make_model,driver_imd_decile,lsoa_of_driver,escooter_flag,driver_distance_banding
2020010240171,2020,010240171,2,3,0,4,4,7,3,0,0,1,1,0,0,0,2,-1,1,1,1,30,6,125,1,1,YAMAHA GPD 125,1,E01002034,0,-1
2020010266483,2020,010266483,1,3,0,18,19,2,6,0,0,0,0,0,0,0,1,1,1,1,1,54,8,125,1,2,YAMAHA GPD 125,7,E01004566,0,-1
2020010246948,2020,010246948,2,4,0,18,19,5,1,0,0,1,0,0,0,0,3,1,6,6,1,35,6,125,1,2,YAMAHA GPD 125,9,E01004632,0,-1
2020010266814,2020,010266814,1,3,0,15,15,7,3,2,2,1,0,0,0,0,1,1,6,6,2,27,6,125,1,1,YAMAHA GPD 125,-1,-1,0,-1
2020440074896,2020,440074896,2,3,0,18,19,5,1,0,0,0,0,0,0,0,1,1,6,6,1,30,6,125,1,2,YAMAHA GPD 125,3,E01017195,0,-1
2020010273305,2020,010273305,1,3,0,99,99,9,9,99,99,0,9,99,9,99,9,1,2,2,1,20,4,125,1,1,YAMAHA GPD 125,6,E01003157,0,-1
2020200947603,2020,200947603,1,3,0,18,19,5,1,5,5,0,0,0,0,0,1,1,6,6,1,-1,-1,125,1,0,YAMAHA GPD 125,-1,-1,0,-1
2020010238527,2020,010238527,1,3,0,18,19,5,1,0,0,1,5,0,0,99,4,1,6,6,1,22,5,125,1,3,YAMAHA GPD 125,3,E01000511,0,-1
2020010244620,2020,010244620,1,3,0,99,99,9,9,99,99,9,9,99,9,99,1,1,6,6,1,18,4,125,1,0,YAMAHA GPD 125,3,E01001638,0,-1
2020010255440,2020,010255440,1,3,0,99,99,9,9,99,99,0,9,99,9,99,1,1,6,6,1,23,5,125,1,0,YAMAHA GPD 125,6,E01003227,0,-1
2020010264378,2020,010264378,1,3,0,99,99,9,9,99,99,9,9,99,9,99,9,1,6,6,1,21,5,125,1,3,YAMAHA GPD 125,7,E01002691,0,-1
2020010237123,2020,010237123,2,3,0,18,19,5,1,0,0,1,0,0,0,0,1,-1,6,6,1,31,6,125,1,3,YAMAHA GPD 125,5,E01003116,0,-1
2020010254123,2020,010254123,2,3,0,99,99,9,9,99,99,9,9,99,9,99,1,-1,6,6,3,-1,-1,125,1,1,YAMAHA GPD 125,2,E01002076,0,-1
2020010265106,2020,010265106,1,3,0,99,99,9,9,99,99,0,9,99,9,99,2,1,2,2,2,31,6,125,1,2,YAMAHA GPD 125,2,E01001557,0,-1
2020010259293,2020,010259293,2,3,0,3,3,1,5,0,0,0,0,0,0,0,2,1,1,1,1,30,6,125,1,2,YAMAHA GPD 125,2,E01004267,0,-1
2020010252645,2020,010252645,1,3,0,18,19,7,3,0,0,6,0,0,0,0,1,1,6,6,1,22,5,125,1,4,YAMAHA GPD 125,2,E01003093,0,-1
2020010272272,2020,010272272,1,3,9,99,99,9,9,99,99,9,9,99,9,99,9,1,6,6,1,34,6,125,1,2,YAMAHA GPD 125,7,E01000493,0,-1
2020010233401,2020,010233401,1,3,0,99,99,9,9,99,99,9,9,99,9,99,1,1,6,6,2,21,5,125,1,3,YAMAHA GPD 125,1,E01002026,0,-1
2020010262681,2020,010262681,1,3,0,99,99,9,9,99,99,9,9,99,9,99,2,1,6,6,1,38,7,125,1,0,YAMAHA GPD 125,-1,-1,0,-1
2020010249470,2020,010249470,1,3,0,18,19,7,3,0,0,1,0,0,0,0,4,1,2,2,1,23,5,125,1,2,YAMAHA GPD 125,4,E01001355,0,-1
2020010254381,2020,010254381,1,3,0,99,99,9,9,99,99,1,9,99,9,99,1,1,6,6,1,19,4,125,1,0,YAMAHA GPD 125,1,E01003070,0,-1
2020010247143,2020,010247143,2,2,0,18,19,1,5,0,0,1,0,0,0,0,1,-1,6,6,1,27,6,125,1,0,YAMAHA GPD 125,2,E01001448,0,-1
2020471000897,2020,471000897,1,3,0,18,19,7,3,0,0,0,0,0,0,0,4,1,5,6,1,26,6,125,1,2,YAMAHA GPD 125,2,E01016906,0,-1
2020010286808,2020,010286808,1,3,0,99,99,9,9,99,99,9,0,99,9,99,1,1,6,6,1,18,4,125,1,0,YAMAHA GPD 125,5,E01000520,0,-1
2020010281440,2020,010281440,1,3,0,14,14,2,6,0,0,8,0,10,0,0,1,1,1,1,1,-1,-1,125,1,0,YAMAHA GPD 125,3,E01000506,0,-1
2020010271500,2020,010271500,2,3,0,15,15,7,3,0,0,1,5,0,0,0,4,1,1,1,1,18,4,125,1,0,YAMAHA GPD 125,2,E01002786,0,-1
2020010272919,2020,010272919,1,4,0,3,3,4,8,0,0,0,0,0,0,0,1,1,2,2,2,37,7,125,1,0,YAMAHA GPD 125,2,E01000509,0,-1
2020430318332,2020,430318332,1,4,0,18,19,1,5,0,0,0,0,0,0,0,1,1,2,2,1,35,6,125,1,1,YAMAHA GPD 125,7,E01028562,0,-1
2020010274260,2020,010274260,1,3,9,99,99,9,9,99,99,9,9,99,9,99,9,1,6,6,2,27,6,125,1,3,YAMAHA GPD 125,4,E01001182,0,-1
2020010262038,2020,010262038,1,3,0,99,99,9,9,99,99,9,9,99,9,99,1,1,6,6,1,41,7,125,1,2,YAMAHA GPD 125,3,E01003209,0,-1
2020010249982,2020,010249982,1,3,0,99,99,9,9,99,99,9,9,99,9,99,1,-1,6,6,1,30,6,125,1,2,YAMAHA GPD 125,7,E01000139,0,-1
2020010264546,2020,010264546,2,3,0,13,13,7,3,0,0,0,0,0,0,0,4,1,6,6,1,24,5,125,1,1,YAMAHA GPD 125,2,E01001943,0,-1
2020010245984,2020,010245984,2,3,0,12,12,3,7,0,0,8,1,0,1,0,2,1,1,1,1,33,6,125,1,1,YAMAHA GPD 125,4,E01004526,0,-1
2020010245262,2020,010245262,1,3,0,99,99,9,9,99,99,9,9,99,9,99,1,-1,6,6,1,32,6,125,1,2,YAMAHA GPD 125,3,E01000511,0,-1
2020010237457,2020,010237457,1,3,0,99,99,9,9,99,99,9,9,99,9,99,1,1,6,6,1,39,7,125,1,2,YAMAHA GPD 125,4,E01000507,0,-1
2020010259222,2020,010259222,2,3,0,18,19,8,4,0,0,1,0,0,0,0,1,1,6,6,1,20,4,125,1,1,YAMAHA GPD 125,6,E01030411,0,-1
2020010246106,2020,010246106,1,3,0,99,99,9,9,99,99,0,9,99,9,99,2,1,6,6,1,31,6,125,1,1,YAMAHA GPD 125,5,E01000996,0,-1
2020010231843,2020,010231843,1,3,4,18,19,3,7,4,4,1,0,0,0,0,1,-1,6,6,1,27,6,125,1,2,YAMAHA GPD 125,9,E01001303,0,-1
2020010253245,2020,010253245,2,3,9,99,99,9,9,99,99,9,9,99,9,99,1,1,6,6,3,-1,-1,125,1,2,YAMAHA GPD 125,-1,-1,0,-1
2020010252209,2020,010252209,1,3,9,99,99,9,9,99,99,9,9,99,9,99,1,-1,6,6,1,37,7,125,1,2,YAMAHA GPD 125,2,E01002080,0,-1
2020010261916,2020,010261916,1,3,0,99,99,9,9,99,99,9,9,99,9,99,9,1,6,6,1,17,4,125,1,0,YAMAHA GPD 125,8,E01000848,0,-1
2020010280204,2020,010280204,1,3,0,99,99,9,9,99,99,9,9,99,9,99,9,1,6,6,1,23,5,125,1,2,YAMAHA GPD 125,1,E01001554,0,-1
2020010234987,2020,010234987,1,3,0,18,19,3,7,0,0,1,0,0,0,0,1,1,1,1,1,26,6,125,1,1,YAMAHA GPD 125,-1,-1,0,-1
2020010279991,2020,010279991,1,3,9,99,99,9,9,99,99,0,9,99,9,99,9,1,6,6,2,28,6,125,1,2,YAMAHA GPD 125,6,E01000196,0,-1
2020010242950,2020,010242950,1,3,0,99,99,9,9,99,99,1,9,99,9,99,9,1,6,6,1,31,6,125,1,4,YAMAHA GPD 125,3,E01003154,0,-1
2020010250902,2020,010250902,1,3,0,13,13,2,6,0,0,0,0,0,0,0,1,1,1,1,1,33,6,125,1,0,YAMAHA GPD 125,1,E01001220,0,-1
2020140971345,2020,140971345,1,3,0,18,19,3,7,0,0,1,0,0,0,0,1,1,2,2,1,37,7,125,1,1,YAMAHA GPD 125,5,E01007486,0,-1
2020010237624,2020,010237624,1,3,0,99,99,9,9,99,99,9,9,99,9,99,9,-1,6,6,1,24,5,125,1,4,YAMAHA GPD 125,4,E01002088,0,-1
2020010272602,2020,010272602,1,3,0,9,9,7,4,0,0,1,0,0,0,0,1,1,6,6,1,34,6,125,1,3,YAMAHA GPD 125,3,E01003146,0,-1
2020010258782,2020,010258782,2,3,0,18,19,8,4,0,0,1,0,0,0,0,1,1,1,1,1,18,4,125,1,0,YAMAHA GPD 125,3,E01000055,0,-1
2020010256064,2020,010256064,1,3,0,18,19,7,3,0,0,2,0,4,0,0,1,1,6,6,1,67,10,125,1,0,YAMAHA GPD 125,5,W01001310,0,-1
2020010268996,2020,010268996,1,3,0,99,99,9,9,99,99,9,9,99,9,99,9,1,6,6,1,24,5,125,1,0,YAMAHA GPD 125,5,E01004050,0,-1
202006E173392,2020,06E173392,2,2,0,9,9,5,3,0,0,8,0,0,0,0,1,1,6,6,1,31,6,125,1,2,YAMAHA GPD 125,1,E01032912,0,-1
2020010258527,2020,010258527,2,3,0,13,13,1,5,0,0,1,0,0,0,0,0,1,6,6,1,17,4,125,1,3,YAMAHA GPD 125,4,E01000155,0,-1
2020010247756,2020,010247756,2,3,0,4,4,3,7,0,0,2,0,4,0,0,2,1,6,6,1,18,4,125,1,3,YAMAHA GPD 125,7,E01004742,0,-1
2020010254406,2020,010254406,2,3,5,18,19,3,7,0,0,2,0,0,0,0,1,1,6,6,1,34,6,125,1,0,YAMAHA GPD 125,3,E01004684,0,-1
2020010261510,2020,010261510,2,3,0,13,13,3,7,0,0,1,1,0,0,0,1,1,1,1,1,19,4,125,1,1,YAMAHA GPD 125,8,E01002132,0,-1
2020010279665,2020,010279665,1,3,0,99,99,9,9,99,99,9,9,99,9,99,9,1,6,6,1,37,7,125,1,1,YAMAHA GPD 125,6,E01000306,0,-1
2020010276267,2020,010276267,1,3,0,99,99,9,9,99,99,0,9,99,9,99,9,1,6,6,1,19,4,125,1,0,YAMAHA GPD 125,2,E01003162,0,-1
2020010243227,2020,010243227,1,3,0,99,99,9,9,99,99,9,9,99,9,99,9,1,6,6,1,50,8,125,1,5,YAMAHA GPD 125,7,E01002060,0,-1
2020010240151,2020,010240151,1,3,0,99,99,9,9,99,99,9,9,99,9,99,1,1,6,6,2,27,6,125,1,4,YAMAHA GPD 125,5,E01002232,0,-1
2020010231644,2020,010231644,1,3,0,99,99,9,9,99,99,9,9,99,9,99,1,1,6,6,1,30,6,125,1,4,YAMAHA GPD 125,3,E01002235,0,-1
2020010253734,2020,010253734,2,4,0,4,4,5,1,0,0,4,0,0,0,0,3,1,1,1,1,30,6,125,1,0,YAMAHA GPD 125,9,E01003804,0,-1
2020010262071,2020,010262071,1,3,0,18,19,1,5,0,0,8,0,0,0,0,1,1,6,6,1,22,5,125,1,4,YAMAHA GPD 125,3,E01004336,0,-1
2020010274030,2020,010274030,1,3,0,18,19,6,2,0,0,1,0,0,0,0,1,1,6,6,1,21,5,125,1,2,YAMAHA GPD 125,3,E01002052,0,-1
2020340N04502,2020,340N04502,1,2,0,3,3,3,7,0,0,4,0,0,0,0,2,1,1,1,2,44,7,125,1,4,YAMAHA GPD 125,1,E01032978,0,-1
2020010275148,2020,010275148,2,3,0,14,14,1,5,0,0,8,0,0,0,0,4,1,1,1,1,38,7,125,1,1,YAMAHA GPD 125,2,E01000544,0,-1
2020010281136,2020,010281136,2,3,0,18,19,7,3,0,0,1,5,0,0,0,3,1,6,6,1,32,6,125,1,4,YAMAHA GPD 125,7,E01000237,0,-1
2020010249465,2020,010249465,1,3,0,5,5,7,3,0,0,2,0,0,0,0,1,-1,1,1,1,43,7,125,1,2,YAMAHA GPD 125,3,E01003609,0,-1
2020010231034,2020,010231034,1,3,9,99,99,9,9,99,99,9,9,99,9,99,1,1,6,6,1,34,6,125,1,3,YAMAHA GPD 125,2,E01003512,0,-1
2020010281204,2020,010281204,1,3,0,14,14,5,1,0,0,0,0,0,0,0,1,1,1,1,1,28,6,125,1,5,YAMAHA GPD 125,6,E01004706,0,-1
2020010280731,2020,010280731,1,3,0,99,99,9,9,99,99,9,9,99,9,99,2,1,6,6,1,-1,-1,125,1,1,YAMAHA GPD 125,7,E01002972,0,-1
2020010255366,2020,010255366,1,3,0,99,99,9,9,99,99,9,9,99,9,99,1,1,6,6,1,24,5,125,1,2,YAMAHA GPD 125,4,E01002050,0,-1
2020010245540,2020,010245540,2,3,0,4,4,4,8,0,0,1,5,0,0,0,1,1,1,1,1,19,4,125,1,3,YAMAHA GPD 125,-1,-1,0,-1
2020010274056,2020,010274056,1,3,0,99,99,9,9,99,99,9,9,99,9,99,9,1,6,6,2,41,7,125,1,0,YAMAHA GPD 125,1,E01000521,0,-1
2020010266710,2020,010266710,1,3,0,15,15,5,1,0,0,0,0,0,0,0,1,1,1,1,1,18,4,125,1,1,YAMAHA GPD 125,7,E01030410,0,-1
2020010266005,2020,010266005,1,3,0,9,9,3,8,0,0,4,0,0,0,0,4,1,6,6,1,25,5,125,1,1,YAMAHA GPD 125,-1,-1,0,-1
2020010280446,2020,010280446,1,3,0,3,3,7,3,0,0,1,0,0,0,0,1,1,6,6,1,17,4,125,1,4,YAMAHA GPD 125,2,E01003335,0,-1
2020470971731,2020,470971731,2,3,0,4,4,1,5,0,0,0,0,0,0,0,1,1,6,6,1,33,6,125,1,3,YAMAHA GPD 125,3,E01016860,0,-1
2020010286109,2020,010286109,2,4,0,7,7,7,2,0,0,5,0,0,0,0,1,1,2,2,1,27,6,125,1,3,YAMAHA GPD 125,1,E01024278,0,-1
2020010235386,2020,010235386,1,3,0,18,19,1,5,0,0,2,0,0,0,0,1,1,1,1,1,33,6,125,1,5,YAMAHA GPD 125,5,E01000636,0,-1
2020010267079,2020,010267079,2,2,0,18,19,5,1,0,0,8,0,0,0,0,4,1,1,1,1,54,8,125,1,1,YAMAHA GPD 125,4,E01001199,0,-1
2020010286698,2020,010286698,2,3,0,18,19,5,1,0,0,1,0,0,0,0,1,1,6,6,2,22,5,125,1,0,YAMAHA GPD 125,8,E01001985,0,-1
2020552000739,2020,552000739,2,3,0,3,3,2,6,0,0,1,0,0,0,0,1,1,6,6,1,22,5,125,1,1,YAMAHA GPD 125,3,E01015285,0,-1
2020010261601,2020,010261601,1,3,4,99,99,9,9,0,0,0,0,0,0,0,1,1,6,6,1,22,5,125,1,1,YAMAHA GPD 125,2,E01003302,0,-1
2020201002140,2020,201002140,1,3,0,5,5,4,8,0,0,8,0,0,0,0,1,1,1,1,1,24,5,125,1,3,YAMAHA GPD 125,4,E01009078,0,-1
2020010263106,2020,010263106,2,3,0,18,19,1,5,0,0,2,2,0,0,0,1,1,6,6,1,23,5,125,1,0,YAMAHA GPD 125,-1,-1,0,-1
2020450966830,2020,450966830,1,3,0,18,19,5,1,0,0,8,0,0,0,0,4,1,1,1,1,22,5,125,1,0,YAMAHA GPD 125,8,E01030359,0,-1
2020010284769,2020,010284769,1,3,0,99,99,9,9,99,99,0,9,99,9,99,1,1,6,6,1,22,5,125,1,0,YAMAHA GPD 125,5,E01000571,0,-1
2020010252298,2020,010252298,2,3,0,18,19,1,5,0,0,7,0,4,0,0,1,1,1,1,1,33,6,125,1,1,YAMAHA GPD 125,7,E01004496,0,-1
2020010245816,2020,010245816,2,3,0,18,19,7,3,0,0,0,0,0,0,0,1,1,1,1,1,39,7,125,1,0,YAMAHA GPD 125,1,E01001899,0,-1
2020010255033,2020,010255033,2,3,0,18,19,7,3,0,0,1,0,0,0,0,1,1,6,6,1,22,5,125,1,4,YAMAHA GPD 125,-1,-1,0,-1
2020010279225,2020,010279225,2,3,0,99,99,9,9,99,99,9,9,99,9,99,9,1,6,6,2,30,6,125,1,1,YAMAHA GPD 125,3,E01004182,0,-1
2020010246298,2020,010246298,2,3,0,18,19,1,5,0,0,1,0,0,0,0,1,1,6,6,1,32,6,125,1,2,YAMAHA GPD 125,3,E01000642,0,-1
2020010249276,2020,010249276,1,3,0,99,99,9,9,99,99,0,9,99,9,99,9,1,6,6,1,25,5,125,1,2,YAMAHA GPD 125,4,E01017850,0,-1
2020010257963,2020,010257963,1,3,0,99,99,9,9,99,99,0,9,99,9,99,9,1,6,6,1,22,5,125,1,4,YAMAHA GPD 125,7,E01002199,0,-1
2020010263090,2020,010263090,1,3,0,18,19,1,5,0,0,1,0,0,0,0,1,1,1,1,2,53,8,125,1,1,YAMAHA GPD 125,2,E01002054,0,-1
2020010282500,2020,010282500,1,3,0,18,19,5,1,0,0,1,0,0,0,0,1,1,6,6,1,34,6,125,1,1,YAMAHA GPD 125,-1,-1,0,-1
2020010253446,2020,010253446,2,3,0,13,13,1,5,0,0,1,0,0,0,0,1,1,1,1,1,37,7,125,1,1,YAMAHA GPD 125,2,E01000154,0,-1
2020010250571,2020,010250571,2,3,0,18,19,7,3,0,0,8,0,0,0,0,3,1,6,6,1,31,6,125,1,2,YAMAHA GPD 125,3,E01001589,0,-1
2020430231712,2020,430231712,1,3,0,5,5,8,4,0,0,1,0,0,0,0,1,1,1,1,1,33,6,125,1,1,YAMAHA GPD 125,5,E01017923,0,-1
2020010258066,2020,010258066,2,3,0,15,15,1,5,4,4,1,0,0,0,0,1,1,6,6,1,22,5,125,1,4,YAMAHA GPD 125,2,E01004083,0,-1
2020010258035,2020,010258035,1,3,0,15,15,8,4,0,0,2,9,8,0,99,1,1,6,6,1,24,5,125,1,0,YAMAHA GPD 125,4,E01000497,0,-1
2020200956988,2020,200956988,2,4,0,18,19,2,6,0,0,8,0,0,0,0,1,1,1,1,1,33,6,125,1,0,YAMAHA GPD 125,1,E01010080,0,-1
2020010259851,2020,010259851,1,3,0,18,19,5,1,0,0,6,0,0,0,0,3,1,6,6,1,38,7,125,1,0,YAMAHA GPD 125,6,E01004636,0,-1
2020010275754,2020,010275754,1,3,0,99,99,9,9,99,99,9,9,99,9,99,2,1,6,6,1,42,7,125,1,1,YAMAHA GPD 125,4,E01002592,0,-1
2020010281844,2020,010281844,2,3,0,9,9,7,5,0,0,6,0,0,0,0,1,1,1,1,1,30,6,125,1,0,YAMAHA GPD 125,8,E01002941,0,-1
2020010259674,2020,010259674,1,3,0,18,19,7,3,0,0,1,0,0,0,0,1,1,1,1,1,50,8,125,1,0,YAMAHA GPD 125,2,E01000533,0,-1
2020010285923,2020,010285923,1,3,0,99,99,9,9,99,99,9,9,99,9,99,9,1,6,6,1,28,6,125,1,0,YAMAHA GPD 125,2,E01000523,0,-1
2020991001287,2020,991001287,2,3,0,18,19,6,3,0,0,8,0,0,0,0,4,1,2,2,1,57,9,125,1,0,YAMAHA GPD 125,6,-1,0,-1
202031C015120,2020,31C015120,2,3,0,18,19,2,6,0,0,8,0,0,0,0,1,1,2,2,2,34,6,125,1,2,YAMAHA GPD 125,1,E01013879,0,-1
2020010285503,2020,010285503,2,3,0,9,9,5,3,0,0,2,0,0,0,0,4,1,1,1,1,24,5,125,1,4,YAMAHA GPD 125,8,E01002238,0,-1
2020010255562,2020,010255562,2,3,0,18,19,5,1,0,0,2,0,0,0,0,4,1,6,6,3,22,5,125,1,3,YAMAHA GPD 125,4,E01001087,0,-1
2020010259750,2020,010259750,1,3,0,13,13,1,5,0,0,1,0,0,0,0,1,1,6,6,1,21,5,125,1,3,YAMAHA GPD 125,1,E01001729,0,-1
2020010281001,2020,010281001,2,4,0,18,19,8,4,0,0,1,0,0,0,0,1,1,6,6,1,22,5,125,1,4,YAMAHA GPD 125,3,E01004336,0,-1
2020010284240,2020,010284240,1,3,0,99,99,9,9,99,99,2,9,99,9,99,1,1,6,6,1,21,5,125,1,2,YAMAHA GPD 125,2,E01004847,0,-1
2020430312763,2020,430312763,1,3,0,18,19,8,4,0,0,0,0,0,0,0,1,1,2,2,1,41,7,125,1,3,YAMAHA GPD 125,3,E01016455,0,-1
2020010280273,2020,010280273,1,3,9,18,19,5,1,99,99,9,9,99,9,99,1,1,6,6,1,30,6,125,1,1,YAMAHA GPD 125,5,E01001960,0,-1
2020010275310,2020,010275310,2,3,0,18,19,7,3,0,0,1,0,0,0,0,1,1,6,6,2,47,8,125,1,3,YAMAHA GPD 125,-1,-1,0,-1
2020010278607,2020,010278607,1,3,0,99,99,9,9,99,99,0,9,99,9,99,2,1,6,6,1,22,5,125,1,0,YAMAHA GPD 125,5,E01003040,0,-1
2020010244584,2020,010244584,1,3,0,99,99,9,9,99,99,9,9,99,9,99,2,1,6,6,1,39,7,125,1,2,YAMAHA GPD 125,4,E01003527,0,-1
2020010230651,2020,010230651,2,3,0,18,19,1,5,0,0,8,0,0,7,0,4,1,4,7,1,32,6,125,1,2,YAMAHA GPD 125,1,E01004722,0,-1
2020052000400,2020,052000400,2,3,0,18,19,7,3,0,0,8,0,0,0,0,1,1,1,1,1,31,6,125,1,5,YAMAHA GPD 125,1,E01006762,0,-1
2020010257469,2020,010257469,1,3,0,13,13,4,8,0,0,8,0,0,0,0,1,1,2,2,1,27,6,125,1,2,YAMAHA GPD 125,2,E01003044,0,-1
2020010271169,2020,010271169,1,3,0,5,5,7,3,0,0,1,0,0,0,0,1,1,1,1,1,30,6,125,1,4,YAMAHA GPD 125,-1,-1,0,-1
2020010248643,2020,010248643,1,3,0,18,19,9,9,0,0,8,9,0,0,99,9,1,6,6,1,24,5,125,1,0,YAMAHA GPD 125,4,E01001146,0,-1
2020010272914,2020,010272914,2,3,0,18,19,6,2,0,0,6,0,0,0,0,1,1,6,6,1,29,6,125,1,0,YAMAHA GPD 125,1,E01002907,0,-1
2020450982548,2020,450982548,4,3,0,18,19,2,6,0,0,0,0,0,0,0,0,1,5,6,1,20,4,125,1,0,YAMAHA GPD 125,3,E01002554,0,-1
2020010287622,2020,010287622,1,3,0,99,99,9,9,99,99,9,9,99,9,99,9,1,6,6,1,27,6,125,1,1,YAMAHA GPD 125,-1,-1,0,-1
2020010274162,2020,010274162,2,2,0,18,19,4,8,2,2,1,0,0,0,0,1,1,6,6,1,25,5,125,1,1,YAMAHA GPD 125,3,E01011478,0,-1
2020010249894,2020,010249894,2,3,0,7,7,6,8,0,0,0,0,0,0,0,1,1,1,1,1,29,6,125,1,3,YAMAHA GPD 125,3,E01002562,0,-1
2020410945521,2020,410945521,1,3,0,18,19,1,2,0,0,8,0,0,0,0,1,1,6,6,1,-1,-1,125,1,1,YAMAHA GPD 125,9,E01023740,0,-1
2020010235088,2020,010235088,1,3,0,99,99,9,9,99,99,0,9,99,9,99,1,1,6,6,1,33,6,125,1,1,YAMAHA GPD 125,5,E01002651,0,-1
2020010258602,2020,010258602,1,4,0,7,7,1,3,0,0,6,5,0,0,0,3,1,6,6,1,42,7,125,1,1,YAMAHA GPD 125,6,E01001352,0,-1
2020010268477,2020,010268477,2,3,0,18,19,3,7,0,0,1,0,0,0,0,3,1,6,6,2,31,6,125,1,1,YAMAHA GPD 125,6,E01003378,0,-1
2020010238663,2020,010238663,1,3,0,18,19,5,1,0,0,1,0,4,0,0,3,1,1,1,1,28,6,125,1,0,YAMAHA GPD 125,2,E01001464,0,-1
2020010242529,2020,010242529,2,3,0,5,5,5,1,0,0,0,0,0,0,0,2,1,1,1,1,33,6,125,1,1,YAMAHA GPD 125,4,E01004715,0,-1
2020010262107,2020,010262107,2,3,0,18,19,4,8,0,0,8,5,0,0,0,3,1,6,6,1,29,6,125,1,1,YAMAHA GPD 125,-1,-1,0,-1
2020010236256,2020,010236256,2,4,0,18,19,7,3,0,0,1,0,0,0,0,4,1,1,1,1,48,8,125,1,2,YAMAHA GPD 125,5,E01000299,0,-1
2020010258573,2020,010258573,2,3,5,18,19,3,7,0,0,2,0,0,0,0,1,1,6,6,3,-1,-1,125,1,2,YAMAHA GPD 125,4,E01028604,0,-1
2020010272254,2020,010272254,1,3,0,13,13,1,5,0,0,1,0,0,7,10,1,1,1,1,1,-1,-1,125,1,2,YAMAHA GPD 125,-1,-1,0,-1
2020010250529,2020,010250529,1,3,0,13,13,5,1,0,0,1,0,0,7,0,1,1,2,2,1,35,6,125,1,0,YAMAHA GPD 125,1,E01003184,0,-1
2020010272370,2020,010272370,1,3,0,99,99,9,9,0,0,0,0,0,0,0,1,1,6,6,1,37,7,125,1,2,YAMAHA GPD 125,7,E01004500,0,-1
2020010269922,2020,010269922,1,3,0,99,99,9,9,99,99,9,9,99,9,99,9,1,6,6,1,35,6,125,1,0,YAMAHA GPD 125,3,E01002105,0,-1
2020010255026,2020,010255026,2,3,0,99,99,9,9,99,99,9,9,99,9,99,9,1,6,6,1,43,7,125,1,2,YAMAHA GPD 125,3,E01003609,0,-1
2020010255280,2020,010255280,1,3,0,99,99,9,9,99,99,9,9,99,9,99,9,-1,6,6,1,24,5,125,1,4,YAMAHA GPD 125,2,E01004723,0,-1
2020010257506,2020,010257506,1,3,0,99,99,9,9,99,99,9,9,99,9,99,9,1,6,6,1,28,6,125,1,3,YAMAHA GPD 125,4,E01000507,0,-1
2020010255963,2020,010255963,1,4,0,18,19,1,5,0,0,1,0,0,0,0,1,1,6,6,1,49,8,125,1,1,YAMAHA GPD 125,3,E01003605,0,-1
2020010245477,2020,010245477,2,3,0,5,5,7,3,0,0,1,0,0,0,0,2,-1,1,1,1,30,6,125,1,2,YAMAHA GPD 125,-1,-1,0,-1
2020010284892,2020,010284892,1,3,4,99,99,9,9,99,99,9,9,99,9,99,1,1,6,6,1,41,7,125,1,2,YAMAHA GPD 125,2,E01003557,0,-1
2020010256548,2020,010256548,1,3,0,18,19,5,1,0,0,1,0,0,0,0,1,1,6,6,1,30,6,125,1,1,YAMAHA GPD 125,5,E01003951,0,-1
2020010271559,2020,010271559,2,3,0,3,3,1,5,0,0,1,0,0,0,0,1,1,2,2,1,36,7,125,1,2,YAMAHA GPD 125,5,E01004370,0,-1
2020010243675,2020,010243675,1,3,0,99,99,9,9,99,99,9,9,99,9,99,2,-1,6,6,1,42,7,125,1,2,YAMAHA GPD 125,2,E01000556,0,-1
2020470987100,2020,470987100,2,3,0,18,19,3,7,0,0,1,0,0,0,0,3,1,6,6,1,19,4,125,1,1,YAMAHA GPD 125,5,E01016849,0,-1
2020010259279,2020,010259279,1,3,0,99,99,9,9,99,99,0,9,99,9,99,9,1,6,6,1,28,6,125,1,0,YAMAHA GPD 125,2,E01000628,0,-1
2020320088768,2020,320088768,2,3,0,8,8,1,5,0,0,6,0,0,0,0,3,1,6,6,1,60,9,125,1,3,YAMAHA GPD 125,2,E01026026,0,-1