collision_index,collision_year,collision_ref_no,vehicle_reference,vehicle_type,towing_and_articulation,vehicle_manoeuvre_historic,vehicle_manoeuvre,vehicle_direction_from,vehicle_direction_to,vehicle_location_restricted_lane_historic,vehicle_location_restricted_lane,junction_location,skidding_and_overturning,hit_object_in_carriageway,vehicle_leaving_carriageway,hit_object_off_carriageway,first_point_of_impact,vehicle_left_hand_drive,journey_purpose_of_driver_historic,journey_purpose_of_driver,sex_of_driver,age_of_driver,age_band_of_driver,engine_capacity_cc,propulsion_code,age_of_vehicle,generic_make_model,driver_imd_decile,lsoa_of_driver,escooter_flag,driver_distance_banding
2020010271618,2020,010271618,1,3,0,99,99,9,9,0,0,0,5,0,0,0,3,1,6,6,3,40,7,125,1,2,YAMAHA GPD 125,6,E01004532,0,-1
2020010260618,2020,010260618,1,3,0,18,19,4,8,0,0,8,0,0,0,0,1,1,6,6,1,24,5,125,1,4,YAMAHA GPD 125,4,E01004658,0,-1
2020010229839,2020,010229839,1,3,0,13,13,5,1,0,0,8,0,0,0,0,1,1,1,1,1,19,4,125,1,1,YAMAHA GPD 125,8,E01033580,0,-1
2020010249480,2020,010249480,2,3,0,18,19,3,7,0,0,8,2,0,0,0,3,1,6,6,1,21,5,125,1,1,YAMAHA GPD 125,1,E01003245,0,-1
2020010243329,2020,010243329,1,3,0,18,19,1,5,0,0,0,0,4,0,0,1,1,6,6,1,32,6,125,1,1,YAMAHA GPD 125,4,E01004148,0,-1
2020470954630,2020,470954630,1,3,0,16,19,1,4,0,0,8,0,0,0,0,1,1,1,1,1,45,7,125,1,3,YAMAHA GPD 125,3,E01016937,0,-1
2020450981945,2020,450981945,2,3,0,18,19,3,7,0,0,8,0,0,0,0,3,1,1,1,1,25,5,125,1,3,YAMAHA GPD 125,5,E01003948,0,-1
2020010260211,2020,010260211,1,3,0,18,19,3,7,0,0,8,0,0,0,0,1,1,6,6,1,22,5,125,1,0,YAMAHA GPD 125,2,E01004083,0,-1
2020010277293,2020,010277293,1,3,0,5,5,7,3,0,0,3,0,0,0,0,2,1,1,1,1,29,6,125,1,0,YAMAHA GPD 125,5,E01002212,0,-1
2020411000256,2020,411000256,2,3,0,18,19,5,1,0,0,8,0,0,0,0,1,1,1,1,1,27,6,125,1,2,YAMAHA GPD 125,6,E01023399,0,-1
2020010258078,2020,010258078,1,3,0,99,99,9,9,99,99,1,9,99,9,99,9,1,6,6,3,-1,-1,125,1,2,YAMAHA GPD 125,-1,-1,0,-1
2020522005164,2020,522005164,1,3,0,3,3,4,8,0,0,4,0,0,0,0,2,1,6,6,1,41,7,125,1,0,YAMAHA GPD 125,3,E01014690,0,-1
2020010285080,2020,010285080,1,3,0,99,99,9,9,99,99,0,9,99,9,99,9,1,6,6,1,25,5,125,1,1,YAMAHA GPD 125,3,E01000089,0,-1
2020010274989,2020,010274989,1,3,0,99,99,9,9,99,99,9,9,99,9,99,1,1,6,6,1,32,6,125,1,0,YAMAHA GPD 125,2,E01004539,0,-1
2020010270344,2020,010270344,1,3,0,18,19,5,1,0,0,1,0,0,0,0,1,1,6,6,1,18,4,125,1,2,YAMAHA GPD 125,4,E01004148,0,-1
2020320239092,2020,320239092,2,3,0,18,19,3,7,0,0,0,0,0,0,0,2,1,6,6,1,47,8,125,1,3,YAMAHA GPD 125,8,E01026313,0,-1
2020010262222,2020,010262222,1,3,0,18,19,1,5,0,0,0,1,0,0,0,1,1,2,2,1,18,4,125,1,0,YAMAHA GPD 125,3,E01003172,0,-1
2020010235109,2020,010235109,1,3,0,99,99,9,9,99,99,9,9,99,9,99,1,-1,2,2,1,25,5,125,1,4,YAMAHA GPD 125,4,E01004142,0,-1
2020010247775,2020,010247775,1,3,0,12,12,7,3,9,9,8,0,0,1,0,3,-1,6,6,1,18,4,125,1,2,YAMAHA GPD 125,3,E01001240,0,-1
2020010257279,2020,010257279,1,3,9,99,99,9,9,99,99,9,9,99,9,99,2,1,6,6,1,29,6,125,1,0,YAMAHA GPD 125,6,E01032767,0,-1
2020470954630,2020,470954630,2,3,0,17,19,4,1,0,0,8,0,0,0,0,3,1,5,6,1,24,5,125,1,3,YAMAHA GPD 125,1,E01016900,0,-1
2020010256450,2020,010256450,2,3,0,18,19,3,7,0,0,8,5,0,0,0,1,1,1,1,1,19,4,125,1,2,YAMAHA GPD 125,4,E01000406,0,-1
2020010251179,2020,010251179,2,4,0,18,19,3,7,0,0,0,0,0,0,0,1,1,6,6,1,20,4,125,1,4,YAMAHA GPD 125,1,E01004456,0,-1
2020010269890,2020,010269890,2,2,0,18,19,5,1,0,0,1,0,0,0,0,1,1,1,1,1,32,6,125,1,2,YAMAHA GPD 125,2,E01003120,0,-1
2020010260024,2020,010260024,1,3,0,99,99,9,9,99,99,9,9,99,9,99,1,1,2,2,1,20,4,125,1,4,YAMAHA GPD 125,2,E01001980,0,-1
2020010264364,2020,010264364,1,3,0,99,99,9,9,99,99,9,9,99,9,99,1,1,6,6,1,45,7,125,1,0,YAMAHA GPD 125,1,E01000524,0,-1
2020010277160,2020,010277160,1,3,0,99,99,9,9,99,99,9,9,99,9,99,1,1,1,1,1,35,6,125,1,2,YAMAHA GPD 125,5,E01000142,0,-1
2020010252100,2020,010252100,1,3,0,99,99,9,9,0,0,9,0,0,0,0,2,1,6,6,3,18,4,125,1,0,YAMAHA GPD 125,3,E01003172,0,-1
2020010283301,2020,010283301,1,3,0,99,99,9,9,99,99,0,9,99,9,99,9,1,6,6,1,32,6,125,1,2,YAMAHA GPD 125,6,E01004680,0,-1
2020010263082,2020,010263082,1,3,0,18,19,5,1,0,0,8,0,0,0,0,3,1,6,6,1,30,6,125,1,1,YAMAHA GPD 125,4,E01001738,0,-1
2020122001130,2020,122001130,2,3,0,18,19,5,1,0,0,8,0,0,0,0,1,1,1,1,1,32,6,125,1,0,YAMAHA GPD 125,3,E01013350,0,-1
2020430412256,2020,430412256,1,3,0,4,4,1,5,2,2,1,0,0,0,0,3,1,6,6,2,17,4,125,1,1,YAMAHA GPD 125,5,E01016479,0,-1
2020010264249,2020,010264249,2,3,0,3,3,6,2,99,99,1,9,0,0,0,9,1,6,6,1,-1,-1,125,1,1,YAMAHA GPD 125,2,E01004755,0,-1
2020470925998,2020,470925998,2,3,0,3,3,6,1,0,0,1,5,0,0,0,2,1,1,1,1,41,7,125,1,1,YAMAHA GPD 125,2,E01016854,0,-1
2020010244905,2020,010244905,2,3,0,18,19,3,7,0,0,1,0,0,0,0,1,1,6,6,1,28,6,125,1,4,YAMAHA GPD 125,2,E01004305,0,-1
2020010234364,2020,010234364,2,4,0,13,13,3,7,0,0,1,0,0,0,0,1,1,1,1,1,36,7,125,1,1,YAMAHA GPD 125,5,E01003664,0,-1
2020010248071,2020,010248071,2,3,0,4,4,5,1,0,0,1,0,0,0,0,1,1,1,1,1,25,5,125,1,1,YAMAHA GPD 125,4,E01021839,0,-1
2020010275664,2020,010275664,2,3,0,13,13,7,3,0,0,1,0,0,0,0,1,1,2,2,1,27,6,125,1,1,YAMAHA GPD 125,4,E01000554,0,-1
2020010274816,2020,010274816,1,3,0,99,99,9,9,99,99,9,9,99,9,99,1,1,6,6,1,37,7,125,1,0,YAMAHA GPD 125,1,E01001885,0,-1
2020010237317,2020,010237317,2,3,0,18,19,1,5,0,0,6,0,0,0,0,1,1,6,6,1,18,4,125,1,1,YAMAHA GPD 125,4,E01004339,0,-1
2020010242260,2020,010242260,1,3,0,15,15,1,5,0,0,1,0,0,0,0,0,-1,6,6,1,19,4,125,1,5,YAMAHA GPD 125,-1,-1,0,-1
2020010285070,2020,010285070,1,2,0,8,8,6,8,0,0,1,0,0,3,0,1,1,2,2,2,35,6,125,1,4,YAMAHA GPD 125,8,E01004192,0,-1
2020010242749,2020,010242749,1,3,0,18,19,5,1,0,0,1,0,0,0,0,1,1,6,6,1,20,4,125,1,3,YAMAHA GPD 125,5,E01001889,0,-1
2020010284427,2020,010284427,1,3,0,18,19,3,7,0,0,1,1,0,0,0,1,1,1,1,1,19,4,125,1,2,YAMAHA GPD 125,2,E01001441,0,-1
2020010244277,2020,010244277,2,3,0,15,15,3,7,0,0,2,0,0,0,0,1,1,1,1,2,26,6,125,1,1,YAMAHA GPD 125,2,E01000482,0,-1
2020010253182,2020,010253182,2,3,0,9,9,7,5,0,0,6,0,0,0,0,1,1,6,6,1,18,4,125,1,0,YAMAHA GPD 125,1,E01003052,0,-1
2020430404834,2020,430404834,2,3,0,18,19,3,7,0,0,1,0,0,0,0,1,1,1,1,1,36,7,125,1,0,YAMAHA GPD 125,9,E01016342,0,-1
2020010286682,2020,010286682,2,3,0,18,19,7,3,0,0,8,0,0,0,0,3,1,1,1,1,48,8,125,1,0,YAMAHA GPD 125,3,E01002795,0,-1
2020010268705,2020,010268705,2,3,0,16,19,1,5,0,0,1,0,0,0,0,1,1,1,1,1,25,5,125,1,2,YAMAHA GPD 125,2,E01002049,0,-1
2020010231091,2020,010231091,3,2,0,3,3,4,8,0,0,0,0,0,0,0,3,1,6,6,1,47,8,125,1,1,YAMAHA GPD 125,7,E01000849,0,-1
2020010284661,2020,010284661,1,3,0,99,99,9,9,99,99,9,9,99,9,99,1,1,2,2,1,30,6,125,1,2,YAMAHA GPD 125,3,E01002084,0,-1
2020010261385,2020,010261385,1,2,0,18,19,1,5,0,0,8,0,11,0,0,1,1,6,6,1,32,6,125,1,2,YAMAHA GPD 125,6,E01003153,0,-1
2020010252276,2020,010252276,1,3,0,18,19,1,5,0,0,8,2,0,0,0,1,1,6,6,1,32,6,125,1,3,YAMAHA GPD 125,3,E01000392,0,-1
2020010258577,2020,010258577,2,3,0,7,7,7,1,0,0,5,0,0,0,0,3,1,1,1,1,39,7,125,1,4,YAMAHA GPD 125,6,E01002670,0,-1
2020010258039,2020,010258039,1,3,0,18,19,1,5,0,0,0,5,0,0,0,4,1,6,6,1,30,6,125,1,3,YAMAHA GPD 125,-1,-1,0,-1
2020010265826,2020,010265826,2,3,0,99,99,9,9,99,99,9,9,99,9,99,9,1,6,6,1,-1,-1,125,1,1,YAMAHA GPD 125,2,E01004000,0,-1
2020010284555,2020,010284555,1,3,0,99,99,9,9,99,99,9,9,99,9,99,1,1,6,6,1,33,6,125,1,0,YAMAHA GPD 125,2,E01003290,0,-1
2020010258294,2020,010258294,1,3,0,99,99,9,9,99,99,9,9,99,9,99,1,1,6,6,1,41,7,125,1,2,YAMAHA GPD 125,3,E01000635,0,-1
2020010248383,2020,010248383,1,3,0,18,19,7,3,0,0,5,0,0,0,0,1,1,6,6,1,24,5,125,1,0,YAMAHA GPD 125,8,E01001390,0,-1
2020010284366,2020,010284366,1,3,0,99,99,9,9,99,99,9,9,99,9,99,1,1,2,2,2,34,6,125,1,3,YAMAHA GPD 125,2,E01002080,0,-1
2020010271168,2020,010271168,1,3,0,99,99,9,9,99,99,9,9,99,9,99,1,1,6,6,1,36,7,125,1,1,YAMAHA GPD 125,7,E01002127,0,-1
2020010252257,2020,010252257,1,3,0,99,99,9,9,99,99,9,9,99,9,99,1,1,6,6,1,18,4,125,1,1,YAMAHA GPD 125,1,E01004710,0,-1
2020010255063,2020,010255063,2,3,0,18,19,7,3,0,0,1,5,0,0,0,1,1,6,6,1,31,6,125,1,4,YAMAHA GPD 125,2,E01001833,0,-1
2020010262616,2020,010262616,1,3,0,99,99,9,9,99,99,9,9,99,9,99,2,1,2,2,1,29,6,125,1,1,YAMAHA GPD 125,4,E01000475,0,-1
2020010246809,2020,010246809,1,3,0,18,19,5,1,0,0,1,5,0,0,0,3,1,1,1,1,40,7,125,1,0,YAMAHA GPD 125,1,E01001840,0,-1
2020010267340,2020,010267340,1,3,0,99,99,9,9,99,99,9,9,99,9,99,1,1,2,2,1,30,6,125,1,3,YAMAHA GPD 125,2,E01003183,0,-1
2020010249719,2020,010249719,2,3,0,18,19,5,1,0,0,1,0,0,0,0,1,-1,1,1,1,31,6,125,1,1,YAMAHA GPD 125,6,E01001195,0,-1
2020010257257,2020,010257257,2,3,0,18,19,3,7,0,0,1,0,0,0,0,3,1,1,1,1,31,6,125,1,1,YAMAHA GPD 125,6,E01001083,0,-1
2020010254708,2020,010254708,1,3,0,3,3,5,1,0,0,0,0,0,0,0,2,1,1,1,2,26,6,125,1,0,YAMAHA GPD 125,4,E01003409,0,-1
2020010287131,2020,010287131,2,2,0,13,13,1,5,0,0,2,2,10,0,0,1,1,6,6,1,19,4,125,1,3,YAMAHA GPD 125,4,E01002779,0,-1
2020010249887,2020,010249887,1,3,0,3,3,4,8,0,0,2,0,0,0,0,2,1,1,1,1,54,8,125,1,2,YAMAHA GPD 125,-1,-1,0,-1
2020450949208,2020,450949208,1,3,0,17,19,6,2,0,0,1,5,0,0,0,3,1,1,1,1,23,5,125,1,1,YAMAHA GPD 125,7,E01033568,0,-1
2020010262093,2020,010262093,1,3,0,99,99,9,9,99,99,2,9,99,9,99,9,1,6,6,1,23,5,125,1,0,YAMAHA GPD 125,6,E01002957,0,-1
2020010256506,2020,010256506,2,3,0,18,19,1,5,0,0,8,0,0,0,0,1,1,6,6,1,34,6,125,1,1,YAMAHA GPD 125,-1,-1,0,-1
2020010271612,2020,010271612,1,2,0,13,13,5,1,0,0,1,5,0,0,0,1,1,6,6,1,22,5,125,1,4,YAMAHA GPD 125,5,E01004494,0,-1
2020010243183,2020,010243183,1,2,0,7,7,7,1,0,0,2,0,0,0,0,4,-1,6,6,1,22,5,125,1,2,YAMAHA GPD 125,2,E01015737,0,-1
2020010257116,2020,010257116,2,3,0,14,14,4,8,0,0,0,0,0,0,0,1,1,2,2,1,33,6,125,1,0,YAMAHA GPD 125,2,E01003338,0,-1
2020010287705,2020,010287705,1,3,0,99,99,9,9,99,99,9,9,99,9,99,1,1,6,6,2,25,5,125,1,0,YAMAHA GPD 125,2,E01003151,0,-1
2020010286021,2020,010286021,1,3,0,9,9,4,2,0,0,6,0,0,0,0,4,1,2,2,1,27,6,125,1,2,YAMAHA GPD 125,3,E01004012,0,-1
2020010249854,2020,010249854,1,3,0,99,99,3,7,0,0,2,9,99,9,99,9,1,6,6,1,22,5,125,1,2,YAMAHA GPD 125,2,E01015737,0,-1
2020010253791,2020,010253791,2,4,0,18,19,3,7,0,0,2,2,0,7,0,1,-1,1,1,1,32,6,125,1,4,YAMAHA GPD 125,4,E01000559,0,-1
2020540454020,2020,540454020,2,3,0,18,19,8,4,0,0,1,0,0,0,0,1,1,6,6,2,54,8,125,1,2,YAMAHA GPD 125,4,E01032104,0,-1
2020010250286,2020,010250286,2,3,0,15,15,4,8,0,0,1,5,0,0,0,1,1,1,1,1,21,5,125,1,1,YAMAHA GPD 125,4,E01004150,0,-1
2020010251551,2020,010251551,1,3,0,14,14,2,6,0,0,1,0,4,8,10,1,1,1,1,1,22,5,125,1,3,YAMAHA GPD 125,7,E01000197,0,-1
2020010246176,2020,010246176,1,3,0,3,3,6,2,0,0,1,9,0,0,99,2,1,6,6,1,25,5,125,1,3,YAMAHA GPD 125,4,E01000504,0,-1
2020010242126,2020,010242126,1,4,0,18,19,5,1,0,0,1,0,0,0,0,1,-1,6,6,1,38,7,125,1,1,YAMAHA GPD 125,3,E01003571,0,-1
2020010251032,2020,010251032,2,2,0,18,19,1,5,0,0,1,0,0,0,0,1,1,6,6,1,27,6,125,1,0,YAMAHA GPD 125,2,E01001351,0,-1
2020010266509,2020,010266509,1,3,0,99,99,9,9,99,99,0,9,99,9,99,9,1,6,6,1,39,7,125,1,2,YAMAHA GPD 125,1,E01004199,0,-1
2020010250580,2020,010250580,1,3,0,4,4,5,1,0,0,8,0,0,0,0,1,1,1,1,1,23,5,125,1,1,YAMAHA GPD 125,2,E01004255,0,-1
2020010273591,2020,010273591,2,3,0,18,19,1,5,0,0,1,0,0,0,0,1,1,2,2,1,23,5,125,1,0,YAMAHA GPD 125,5,E01004523,0,-1
2020010237710,2020,010237710,1,3,0,5,5,0,3,0,0,0,0,0,0,0,1,1,1,1,1,34,6,125,1,2,YAMAHA GPD 125,-1,-1,0,-1
2020010247072,2020,010247072,2,4,0,18,19,3,7,0,0,1,0,0,0,0,1,1,6,6,1,20,4,125,1,1,YAMAHA GPD 125,2,E01001191,0,-1
2020010274898,2020,010274898,2,3,0,18,19,7,3,0,0,1,0,0,0,0,4,1,1,1,1,26,6,125,1,1,YAMAHA GPD 125,4,E01003147,0,-1
2020010278149,2020,010278149,1,3,0,99,99,9,9,99,99,0,9,99,9,99,9,1,6,6,1,23,5,125,1,0,YAMAHA GPD 125,4,E01000617,0,-1
2020010271438,2020,010271438,1,3,0,99,99,9,9,99,99,9,9,99,9,99,9,1,6,6,1,25,5,125,1,0,YAMAHA GPD 125,3,E01000522,0,-1
2020010262031,2020,010262031,1,3,0,99,99,9,9,99,99,9,9,99,9,99,1,1,2,2,1,45,7,125,1,2,YAMAHA GPD 125,1,E01004675,0,-1
2020010282783,2020,010282783,1,2,0,99,99,9,9,99,99,0,9,99,9,99,1,1,6,6,1,28,6,125,1,0,YAMAHA GPD 125,2,E01001250,0,-1
2020010268742,2020,010268742,1,3,0,99,99,9,9,99,99,9,9,99,9,99,1,1,6,6,1,24,5,125,1,4,YAMAHA GPD 125,1,E01026830,0,-1
2020010267542,2020,010267542,1,2,0,9,9,5,2,0,0,1,0,0,0,0,2,1,1,1,1,40,7,125,1,4,YAMAHA GPD 125,3,E01032785,0,-1
2020010261319,2020,010261319,2,3,0,99,99,9,9,99,99,9,9,99,9,99,1,1,6,6,3,-1,-1,125,1,2,YAMAHA GPD 125,-1,-1,0,-1
2020470980042,2020,470980042,1,3,0,3,3,7,3,0,0,1,0,0,0,0,1,1,6,6,1,33,6,125,1,1,YAMAHA GPD 125,1,E01016866,0,-1
2020351000316,2020,351000316,1,3,0,-1,-1,-1,-1,0,0,0,5,0,0,0,-1,1,5,6,1,44,7,125,1,1,YAMAHA GPD 125,6,E01017943,0,-1
2020460962719,2020,460962719,2,3,0,9,9,6,8,0,0,8,2,0,0,0,3,1,5,6,1,21,5,125,1,2,YAMAHA GPD 125,1,E01024278,0,-1
2020010236204,2020,010236204,1,3,0,17,19,3,7,0,0,1,0,0,0,0,3,1,6,6,1,42,7,125,1,2,YAMAHA GPD 125,-1,-1,0,-1
2020010231772,2020,010231772,1,3,0,5,5,3,7,8,6,2,2,0,0,0,1,1,2,2,1,23,5,125,1,4,YAMAHA GPD 125,5,E01003415,0,-1
2020010250839,2020,010250839,2,3,0,99,99,9,9,99,99,9,9,99,9,99,4,1,6,6,1,24,5,125,1,4,YAMAHA GPD 125,6,E01003163,0,-1
2020430230187,2020,430230187,2,3,0,18,19,7,3,0,0,1,0,0,0,0,1,1,1,1,1,27,6,125,1,2,YAMAHA GPD 125,-1,-1,0,-1
2020470941860,2020,470941860,2,3,0,18,19,7,3,0,0,8,5,0,0,0,1,1,1,1,1,21,5,125,1,2,YAMAHA GPD 125,2,E01016969,0,-1
2020010285451,2020,010285451,1,3,0,99,99,9,9,99,99,9,9,99,9,99,2,1,6,6,1,25,5,125,1,0,YAMAHA GPD 125,1,E01001196,0,-1
2020010237117,2020,010237117,1,3,0,99,99,9,9,99,99,9,9,99,9,99,2,1,6,6,1,33,6,125,1,4,YAMAHA GPD 125,2,E01033148,0,-1
2020010277802,2020,010277802,2,2,0,15,15,3,7,0,0,1,1,0,0,0,3,1,6,6,1,34,6,125,1,2,YAMAHA GPD 125,4,E01004569,0,-1
2020010259073,2020,010259073,1,3,0,18,19,1,5,0,0,8,9,0,0,0,3,1,6,6,1,19,4,125,1,2,YAMAHA GPD 125,4,E01001023,0,-1
2020010249559,2020,010249559,1,3,0,99,99,9,9,99,99,9,9,99,9,99,9,-1,2,2,1,24,5,125,1,3,YAMAHA GPD 125,4,E01001087,0,-1
2020010274190,2020,010274190,1,3,0,5,5,0,1,9,9,1,0,0,0,0,1,1,6,6,1,25,5,125,1,1,YAMAHA GPD 125,4,E01015930,0,-1
2020010278558,2020,010278558,1,3,0,15,15,3,7,0,0,2,0,0,0,0,2,1,1,1,1,45,7,125,1,0,YAMAHA GPD 125,3,E01032719,0,-1
2020010264957,2020,010264957,2,3,0,18,19,1,5,0,0,2,0,0,0,0,1,1,6,6,1,50,8,125,1,2,YAMAHA GPD 125,4,E01003919,0,-1
2020010246542,2020,010246542,1,3,0,9,9,1,6,0,0,1,0,0,0,0,2,-1,1,1,1,40,7,125,1,0,YAMAHA GPD 125,6,E01004636,0,-1
2020010256249,2020,010256249,2,3,0,18,19,2,6,0,0,0,0,0,0,0,2,1,2,2,1,18,4,125,1,1,YAMAHA GPD 125,1,E01004710,0,-1
2020010281417,2020,010281417,1,3,0,99,99,9,9,99,99,0,9,99,9,99,9,1,6,6,1,31,6,125,1,2,YAMAHA GPD 125,5,E01003040,0,-1
2020010286782,2020,010286782,2,3,0,18,19,5,1,0,0,1,0,0,1,0,2,1,6,6,1,27,6,125,1,1,YAMAHA GPD 125,8,E01001302,0,-1
2020470921332,2020,470921332,1,3,0,18,19,8,4,0,0,1,0,0,0,0,1,1,6,6,1,21,5,125,1,1,YAMAHA GPD 125,6,E01016878,0,-1
2020302000362,2020,302000362,2,4,0,17,19,4,2,0,0,8,0,0,0,0,1,1,6,6,1,50,8,125,1,4,YAMAHA GPD 125,3,E01013531,0,-1
2020200958413,2020,200958413,2,3,0,18,19,8,4,0,0,8,0,0,0,0,1,1,6,6,1,24,5,125,1,2,YAMAHA GPD 125,2,E01010104,0,-1
2020010269586,2020,010269586,2,3,0,99,99,9,9,99,99,9,9,99,9,99,9,1,6,6,3,-1,-1,125,1,3,YAMAHA GPD 125,-1,-1,0,-1
2020010281603,2020,010281603,1,3,0,99,99,9,9,99,99,9,9,99,9,99,2,1,2,2,2,34,6,125,1,3,YAMAHA GPD 125,1,E01002073,0,-1
2020010253763,2020,010253763,1,3,0,18,19,1,5,0,0,2,0,0,0,0,1,1,6,6,1,23,5,125,1,5,YAMAHA GPD 125,2,E01002697,0,-1
2020010258599,2020,010258599,2,3,0,7,7,1,4,0,0,5,0,0,0,0,1,1,6,6,1,31,6,125,1,3,YAMAHA GPD 125,2,E01004251,0,-1
2020010229431,2020,010229431,1,3,0,99,99,9,9,99,99,9,9,99,9,99,2,1,6,6,3,33,6,125,1,5,YAMAHA GPD 125,5,E01002083,0,-1
2020010235998,2020,010235998,2,3,0,18,19,1,5,0,0,1,0,0,0,0,1,-1,6,6,1,26,6,125,1,2,YAMAHA GPD 125,-1,-1,0,-1
2020010233840,2020,010233840,2,3,0,5,5,7,3,0,0,4,0,0,0,0,1,1,6,6,1,22,5,125,1,0,YAMAHA GPD 125,1,E01004674,0,-1
2020201000146,2020,201000146,2,3,0,18,19,4,8,0,0,8,1,0,0,0,1,1,1,1,2,38,7,125,1,3,YAMAHA GPD 125,1,E01010052,0,-1
2020010261946,2020,010261946,1,3,0,99,99,9,9,99,99,9,9,99,9,99,9,1,6,6,1,41,7,125,1,2,YAMAHA GPD 125,3,E01033464,0,-1
2020010263917,2020,010263917,1,3,0,18,19,4,8,0,0,8,0,0,0,0,1,1,1,1,1,36,7,125,1,1,YAMAHA GPD 125,3,E01004039,0,-1
2020010238139,2020,010238139,1,3,0,18,19,2,6,0,0,0,0,0,0,0,1,1,6,6,2,29,6,125,1,2,YAMAHA GPD 125,2,E01000603,0,-1
2020010238304,2020,010238304,1,3,0,99,99,9,9,99,99,9,9,99,9,99,2,1,6,6,2,23,5,125,1,4,YAMAHA GPD 125,4,E01002101,0,-1
2020010280700,2020,010280700,2,3,0,9,9,5,3,0,0,4,0,0,0,0,2,1,1,1,1,40,7,125,1,1,YAMAHA GPD 125,3,E01001969,0,-1
2020450949113,2020,450949113,1,3,0,18,19,1,5,0,0,0,0,0,0,0,4,1,5,6,1,20,4,125,1,2,YAMAHA GPD 125,-1,-1,0,-1
2020010272288,2020,010272288,1,3,0,99,99,9,9,99,99,9,9,99,9,99,1,1,6,6,1,36,7,125,1,0,YAMAHA GPD 125,4,E01003023,0,-1
2020010256251,2020,010256251,2,4,0,18,19,1,5,0,0,1,2,0,0,0,4,1,1,1,2,24,5,125,1,3,YAMAHA GPD 125,5,E01002671,0,-1
2020010262892,2020,010262892,3,3,0,5,5,1,5,0,0,8,0,0,0,0,1,1,1,1,1,21,5,125,1,1,YAMAHA GPD 125,-1,-1,0,-1
2020010252871,2020,010252871,1,3,0,99,99,9,9,99,99,9,9,99,9,99,2,-1,6,6,1,21,5,125,1,0,YAMAHA GPD 125,4,E01003133,0,-1
2020010237092,2020,010237092,1,3,0,18,19,5,1,0,0,1,0,0,0,0,1,1,6,6,1,23,5,125,1,1,YAMAHA GPD 125,3,E01003096,0,-1
2020010254996,2020,010254996,2,4,0,3,3,5,1,0,0,1,1,0,0,0,4,1,6,6,1,39,7,125,1,3,YAMAHA GPD 125,2,E01003636,0,-1
2020010260709,2020,010260709,2,3,0,18,19,6,2,0,0,0,0,0,0,0,1,1,1,1,1,37,7,125,1,2,YAMAHA GPD 125,4,E01002103,0,-1
2020010238444,2020,010238444,1,3,9,99,99,9,9,99,99,9,9,99,9,99,1,1,6,6,1,-1,-1,125,1,4,YAMAHA GPD 125,3,E01001048,0,-1
2020552001027,2020,552001027,1,2,0,18,19,7,3,0,0,0,0,0,0,0,1,1,1,1,1,30,6,125,1,3,YAMAHA GPD 125,6,E01015392,0,-1
2020010263088,2020,010263088,1,3,0,18,19,3,7,0,0,1,0,0,0,0,1,1,1,1,1,31,6,125,1,0,YAMAHA GPD 125,1,E01002715,0,-1
2020010271469,2020,010271469,1,3,0,99,99,9,9,99,99,9,9,99,9,99,1,1,6,6,3,-1,-1,125,1,2,YAMAHA GPD 125,-1,-1,0,-1
2020010260822,2020,010260822,1,3,0,99,99,9,9,99,99,0,9,99,9,99,9,1,6,6,1,44,7,125,1,0,YAMAHA GPD 125,6,E01003393,0,-1
2020010261611,2020,010261611,1,3,0,99,99,9,9,99,99,9,9,99,9,99,1,1,2,2,1,39,7,125,1,2,YAMAHA GPD 125,2,E01000556,0,-1
2020010267612,2020,010267612,1,3,0,99,99,9,9,0,0,2,0,0,0,0,9,1,6,6,1,29,6,125,1,0,YAMAHA GPD 125,5,E01033325,0,-1
2020010267668,2020,010267668,1,3,0,99,99,9,9,99,99,9,9,99,9,99,9,1,6,6,1,36,7,125,1,2,YAMAHA GPD 125,3,E01000644,0,-1
2020010286484,2020,010286484,1,4,0,99,99,9,9,99,99,9,9,99,9,99,9,1,6,6,1,42,7,125,1,2,YAMAHA GPD 125,5,E01000310,0,-1
2020010271608,2020,010271608,2,3,0,14,14,1,5,0,0,1,0,0,0,0,1,1,1,1,1,44,7,125,1,4,YAMAHA GPD 125,4,E01004172,0,-1
2020010251446,2020,010251446,1,3,0,18,19,4,8,0,0,1,0,0,1,11,0,1,1,1,1,52,8,125,1,2,YAMAHA GPD 125,3,E01003146,0,-1
2020990993721,2020,990993721,2,3,0,18,19,7,3,0,0,8,0,0,0,0,1,1,6,6,2,35,6,125,1,1,YAMAHA GPD 125,7,-1,0,-1
2020010263064,2020,010263064,1,3,0,18,19,1,5,0,0,1,0,0,0,0,3,1,2,2,1,22,5,125,1,1,YAMAHA GPD 125,1,E01002040,0,-1