collision_index,collision_year,collision_ref_no,vehicle_reference,vehicle_type,towing_and_articulation,vehicle_manoeuvre_historic,vehicle_manoeuvre,vehicle_direction_from,vehicle_direction_to,vehicle_location_restricted_lane_historic,vehicle_location_restricted_lane,junction_location,skidding_and_overturning,hit_object_in_carriageway,vehicle_leaving_carriageway,hit_object_off_carriageway,first_point_of_impact,vehicle_left_hand_drive,journey_purpose_of_driver_historic,journey_purpose_of_driver,sex_of_driver,age_of_driver,age_band_of_driver,engine_capacity_cc,propulsion_code,age_of_vehicle,generic_make_model,driver_imd_decile,lsoa_of_driver,escooter_flag,driver_distance_banding
2020530992040,2020,530992040,1,9,0,1,1,8,4,0,0,0,0,0,0,0,2,1,6,6,1,26,6,1598,2,10,AUDI A3,9,E01022370,0,-1
2020370980548,2020,370980548,2,9,0,18,19,5,1,0,0,8,0,0,0,0,3,1,1,1,1,25,5,1968,2,16,AUDI A3,10,E01030129,0,-1
2020100966291,2020,100966291,2,9,0,18,19,3,7,0,0,8,0,0,0,0,1,1,5,6,1,19,4,1896,2,11,AUDI A3,3,E01027530,0,-1
2020470953653,2020,470953653,1,9,0,18,19,2,6,0,0,1,0,0,0,0,1,1,6,6,1,23,5,1968,2,5,AUDI A3,3,E01031556,0,-1
2020010283054,2020,010283054,1,9,0,9,9,3,1,0,0,8,0,0,0,0,1,1,2,2,1,41,7,1595,1,13,AUDI A3,4,E01001512,0,-1
2020010275955,2020,010275955,2,9,0,9,9,5,2,0,0,5,0,0,0,0,3,1,6,6,2,30,6,999,1,1,AUDI A3,2,E01003097,0,-1
2020411010544,2020,411010544,1,9,0,7,7,6,2,0,0,3,1,10,1,10,1,1,6,6,1,22,5,1968,2,8,AUDI A3,10,E01023825,0,-1
2020200980009,2020,200980009,1,9,0,16,19,5,8,0,0,0,0,4,0,0,1,1,6,6,1,25,5,1598,2,8,AUDI A3,9,E01027737,0,-1
2020137910642,2020,137910642,1,9,0,9,9,7,3,0,0,8,0,0,0,0,1,1,6,6,1,30,6,1598,2,7,AUDI A3,1,E01011317,0,-1
2020350936519,2020,350936519,2,9,0,4,4,8,4,0,0,0,0,0,0,0,2,1,5,6,1,47,8,1968,2,8,AUDI A3,2,E01008481,0,-1
2020040949702,2020,040949702,2,9,0,18,19,7,3,0,0,2,0,0,0,0,1,1,1,1,1,37,7,1968,2,14,AUDI A3,4,E01025119,0,-1
2020430015604,2020,430015604,1,9,0,18,19,8,4,0,0,0,0,0,0,0,1,1,1,1,1,44,7,999,1,2,AUDI A3,9,E01016793,0,-1
2020137A91100,2020,137A91100,1,9,0,18,19,6,6,0,0,8,0,0,0,0,2,1,6,6,1,27,6,1395,1,4,AUDI A3,3,E01011944,0,-1
2020990980295,2020,990980295,2,9,0,18,19,6,2,0,0,1,1,0,0,0,1,1,6,6,2,22,5,1395,1,4,AUDI A3,-1,-1,0,-1
2020010272733,2020,010272733,1,9,9,99,99,9,9,99,99,9,9,99,9,99,9,1,6,6,2,51,8,1395,1,4,AUDI A3,6,E01004485,0,-1
202006K371090,2020,06K371090,1,9,0,7,7,4,6,0,0,5,0,7,1,10,1,1,6,6,1,23,5,1896,2,12,AUDI A3,3,E01004860,0,-1
202006A167327,2020,06A167327,1,9,0,9,9,1,7,0,0,8,0,0,0,0,1,1,6,6,3,-1,-1,1896,2,13,AUDI A3,-1,-1,0,-1
2020470977961,2020,470977961,1,9,0,18,19,2,6,0,0,0,0,0,1,11,1,1,6,6,2,50,8,1595,2,10,AUDI A3,9,E01031504,0,-1
2020010257960,2020,010257960,2,9,0,18,19,7,3,0,0,1,0,0,0,0,1,1,6,6,1,23,5,1595,1,14,AUDI A3,4,E01000580,0,-1
2020010258734,2020,010258734,2,9,0,99,99,9,9,99,99,0,9,99,9,99,2,9,6,6,2,26,6,1968,2,4,AUDI A3,5,E01021770,0,-1
2020030924857,2020,030924857,1,9,0,4,4,3,7,0,0,0,0,0,1,0,3,1,2,2,1,47,8,1896,2,15,AUDI A3,9,E01019326,0,-1
2020010268980,2020,010268980,2,9,0,9,9,1,6,0,0,1,0,0,0,0,1,1,6,6,2,24,5,1598,2,9,AUDI A3,3,E01001668,0,-1
2020010283172,2020,010283172,2,9,0,10,10,5,3,0,0,1,0,0,0,0,2,1,6,6,1,22,5,1390,1,10,AUDI A3,2,E01000017,0,-1
2020200971195,2020,200971195,2,9,0,9,9,8,6,0,0,6,1,10,1,0,1,1,6,6,1,76,11,1595,2,11,AUDI A3,2,E01009088,0,-1
2020230940358,2020,230940358,2,9,0,4,4,8,5,0,0,3,0,0,0,0,2,1,6,6,2,33,6,1595,1,10,AUDI A3,6,E01029826,0,-1
2020430438170,2020,430438170,1,9,0,3,3,2,6,0,0,0,0,0,0,0,2,1,6,6,1,31,6,1968,2,10,AUDI A3,3,E01016746,0,-1
2020500979027,2020,500979027,1,9,0,18,19,1,5,0,0,8,5,0,0,0,1,1,5,6,1,51,8,1896,2,18,AUDI A3,2,E01015270,0,-1
2020991005621,2020,991005621,5,9,0,18,19,3,7,0,0,0,0,0,0,0,2,1,2,2,1,32,6,1395,1,3,AUDI A3,2,-1,0,-1
2020010233618,2020,010233618,1,9,0,3,3,6,2,0,0,1,0,0,0,0,2,1,2,2,1,32,6,1968,2,16,AUDI A3,9,E01030660,0,-1
2020010280657,2020,010280657,1,9,0,18,19,1,5,0,0,6,0,0,0,0,1,1,6,6,2,30,6,1498,1,2,AUDI A3,5,E01002652,0,-1
2020410969961,2020,410969961,2,9,0,2,2,0,0,0,0,0,0,0,0,0,2,1,5,6,3,-1,-1,1595,1,14,AUDI A3,-1,-1,0,-1
2020302000305,2020,302000305,1,9,0,18,19,3,8,0,0,0,0,0,0,0,1,1,6,6,2,54,8,1968,2,5,AUDI A3,8,E01019602,0,-1
2020010282631,2020,010282631,2,9,0,16,19,7,3,0,0,8,1,4,0,0,1,1,2,2,1,20,4,1498,1,1,AUDI A3,3,E01033150,0,-1
2020200946005,2020,200946005,1,9,0,7,7,3,5,0,0,6,0,0,0,0,1,1,6,6,1,40,7,1598,2,6,AUDI A3,7,E01009693,0,-1
2020990923943,2020,990923943,2,9,0,7,7,7,4,0,0,1,0,0,0,0,2,1,5,6,1,32,6,1395,1,6,AUDI A3,2,-1,0,-1
2020340S06132,2020,340S06132,2,9,0,18,19,5,1,0,0,0,0,0,0,0,2,1,6,6,1,31,6,1968,2,15,AUDI A3,4,E01025689,0,-1
2020350936939,2020,350936939,1,9,0,4,4,4,8,0,0,4,0,0,0,0,1,1,6,6,1,22,5,1395,1,5,AUDI A3,5,E01026361,0,-1
2020200993000,2020,200993000,1,9,0,18,19,2,6,0,0,0,0,0,0,0,0,1,6,6,1,27,6,1968,2,11,AUDI A3,3,E01009619,0,-1
2020460966010,2020,460966010,2,9,0,17,19,7,3,0,0,1,0,0,0,0,4,1,5,6,1,18,4,1798,1,12,AUDI A3,10,E01024825,0,-1
202006G173317,2020,06G173317,1,9,0,18,19,6,2,0,0,0,0,0,0,0,1,1,6,6,1,30,6,1595,2,10,AUDI A3,-1,-1,0,-1
202063B010920,2020,63B010920,3,9,0,4,4,6,2,0,0,1,0,0,0,0,2,1,6,6,2,34,6,1968,2,9,AUDI A3,7,W01000442,0,-1
2020411010768,2020,411010768,2,9,0,2,2,0,0,0,0,2,0,0,0,0,4,1,6,6,1,35,6,1968,2,8,AUDI A3,7,E01015695,0,-1
2020010245180,2020,010245180,2,9,0,18,19,5,1,0,0,8,0,0,0,0,1,1,6,6,1,75,10,1968,2,15,AUDI A3,5,E01004657,0,-1
2020052002397,2020,052002397,1,9,0,17,19,5,7,0,0,1,0,0,0,0,1,1,6,6,2,35,6,1968,2,15,AUDI A3,1,E01006695,0,-1
2020010230105,2020,010230105,1,9,0,99,99,9,9,99,99,9,9,99,9,99,2,9,6,6,1,45,7,1498,1,3,AUDI A3,7,E01001472,0,-1
2020430372216,2020,430372216,1,9,0,14,14,4,8,0,0,0,0,0,0,0,1,1,2,2,1,34,6,1598,2,7,AUDI A3,7,E01023886,0,-1
2020140961047,2020,140961047,1,9,0,7,7,4,6,0,0,1,0,0,0,0,-1,1,5,6,1,17,4,1968,2,12,AUDI A3,2,E01007942,0,-1
2020200965738,2020,200965738,1,9,0,9,9,2,8,0,0,6,0,0,0,0,4,1,6,6,2,55,8,1968,2,11,AUDI A3,5,E01008974,0,-1
2020200990086,2020,200990086,3,9,0,10,10,8,4,0,0,1,0,0,0,0,2,1,6,6,1,20,4,1595,2,10,AUDI A3,-1,-1,0,-1
2020990998964,2020,990998964,1,9,0,18,19,8,4,0,0,0,0,0,0,0,1,1,6,6,1,27,6,1896,2,12,AUDI A3,1,-1,0,-1
2020010278523,2020,010278523,1,9,0,99,99,9,9,99,99,9,9,99,9,99,9,1,6,6,2,27,6,1595,1,8,AUDI A3,5,E01003642,0,-1
2020070789735,2020,070789735,1,9,0,18,19,3,7,0,0,0,0,0,0,0,1,1,6,6,1,-1,-1,999,1,1,AUDI A3,-1,-1,0,-1
2020500980451,2020,500980451,2,9,0,3,3,1,5,0,0,4,0,0,0,0,2,1,5,6,2,47,8,1598,2,5,AUDI A3,6,E01020221,0,-1
2020470927699,2020,470927699,1,9,0,18,19,2,6,0,0,1,0,0,0,0,1,1,6,6,2,18,4,1395,1,7,AUDI A3,9,E01020933,0,-1
20201378J1094,2020,1378J1094,2,9,0,18,19,7,3,0,0,8,0,0,0,0,3,1,6,6,2,39,7,1595,1,15,AUDI A3,1,E01011422,0,-1
2020470935065,2020,470935065,1,9,0,11,11,4,8,0,0,0,1,0,0,0,4,1,5,6,1,45,7,1896,2,14,AUDI A3,3,E01003185,0,-1
2020070719404,2020,070719404,2,9,0,18,19,1,5,0,0,0,0,0,0,0,2,1,6,6,1,34,6,1896,2,17,AUDI A3,5,E01018483,0,-1
2020200939223,2020,200939223,2,9,0,18,19,6,2,0,0,8,0,0,0,0,4,1,6,6,1,27,6,1968,2,13,AUDI A3,1,E01009331,0,-1
2020010237754,2020,010237754,2,9,0,5,5,3,7,0,0,1,0,0,0,0,1,1,6,6,1,84,11,1984,1,8,AUDI A3,9,E01001926,0,-1
2020040963379,2020,040963379,1,9,0,3,3,3,7,0,0,0,0,0,0,0,2,1,2,2,1,26,6,1598,2,8,AUDI A3,10,E01025424,0,-1
2020400931472,2020,400931472,2,9,0,18,19,1,4,0,0,1,0,0,0,0,1,1,6,6,1,26,6,1968,2,9,AUDI A3,2,E01015794,0,-1
2020010283476,2020,010283476,1,9,9,99,99,9,9,99,99,9,9,99,9,99,9,9,6,6,2,-1,-1,1968,2,4,AUDI A3,9,E01000804,0,-1
202063A042920,2020,63A042920,3,9,0,17,19,2,7,0,0,0,1,0,0,0,3,1,6,6,1,52,8,1968,2,7,AUDI A3,4,W01000852,0,-1
2020461011009,2020,461011009,2,9,0,4,4,4,8,0,0,1,0,0,0,0,2,1,6,6,1,23,5,1798,1,13,AUDI A3,4,E01016100,0,-1
2020522100402,2020,522100402,1,9,0,10,10,4,8,0,0,5,0,0,0,0,2,1,6,6,1,24,5,1598,2,7,AUDI A3,2,W01001057,0,-1
2020450987827,2020,450987827,1,9,0,4,4,5,1,0,0,0,0,0,0,0,2,1,2,2,1,49,8,1395,1,4,AUDI A3,10,E01022873,0,-1
2020160952461,2020,160952461,1,9,0,9,9,1,4,0,0,1,0,0,0,0,1,1,2,2,1,30,6,999,1,3,AUDI A3,10,E01013063,0,-1
2020302001402,2020,302001402,1,9,0,7,7,8,4,0,0,3,0,0,0,0,1,1,6,6,2,29,6,1595,1,12,AUDI A3,2,E01019688,0,-1
2020010266378,2020,010266378,1,9,0,9,9,1,6,0,0,5,0,0,0,0,3,1,6,6,1,28,6,1595,1,11,AUDI A3,4,E01004447,0,-1
2020411018629,2020,411018629,1,9,0,17,19,2,7,0,0,0,0,0,0,0,1,1,6,6,1,28,6,1968,2,16,AUDI A3,1,E01023844,0,-1
202063DF01620,2020,63DF01620,4,9,0,16,19,8,3,0,0,0,0,0,0,0,0,1,6,6,1,19,4,1598,2,8,AUDI A3,6,E01014100,0,-1
2020010232322,2020,010232322,1,9,0,13,13,2,6,0,0,0,1,0,1,4,3,1,6,6,1,38,7,1968,2,8,AUDI A3,8,E01000752,0,-1
2020140972646,2020,140972646,2,9,0,2,2,0,0,0,0,0,0,0,0,0,2,1,5,6,1,21,5,1598,2,6,AUDI A3,1,E01011133,0,-1
2020302001492,2020,302001492,2,9,0,4,4,2,6,0,0,0,0,0,0,0,2,1,6,6,2,40,7,1896,2,11,AUDI A3,6,E01013541,0,-1
2020430034001,2020,430034001,2,9,0,18,19,4,8,0,0,0,1,0,1,4,4,1,6,6,1,64,9,1595,1,14,AUDI A3,7,E01002420,0,-1
2020137AS0561,2020,137AS0561,2,9,0,5,5,2,6,0,0,0,0,0,0,0,2,1,6,6,1,31,6,1395,1,5,AUDI A3,10,E01011461,0,-1
2020201023177,2020,201023177,2,9,0,5,5,6,2,0,0,0,1,10,1,0,4,1,6,6,1,33,6,1968,2,9,AUDI A3,4,E01033634,0,-1
2020230970068,2020,230970068,2,9,0,3,3,6,2,0,0,0,0,0,0,0,2,1,5,6,2,32,6,1598,2,1,AUDI A3,1,E01009700,0,-1
2020460982133,2020,460982133,2,9,0,18,19,7,3,0,0,0,0,0,0,0,4,1,2,2,1,38,7,1896,2,16,AUDI A3,4,E01016168,0,-1
2020137AK0998,2020,137AK0998,1,9,0,18,19,3,7,0,0,0,0,0,0,0,1,1,6,6,1,37,7,1598,2,6,AUDI A3,-1,-1,0,-1
202054A239420,2020,54A239420,1,9,0,18,19,5,1,0,0,1,0,0,0,0,3,1,6,6,2,81,11,1896,2,18,AUDI A3,5,E01032022,0,-1
2020170H10940,2020,170H10940,3,9,0,7,7,6,1,0,0,1,0,0,0,0,2,1,6,6,2,49,8,1798,1,8,AUDI A3,4,E01011986,0,-1
2020137BL1577,2020,137BL1577,1,9,0,18,19,6,2,0,0,1,0,0,0,0,1,1,6,6,2,34,6,1968,2,11,AUDI A3,1,E01011621,0,-1
2020010242567,2020,010242567,1,9,0,99,99,9,9,0,0,0,9,99,9,99,2,1,6,6,1,38,7,1395,1,5,AUDI A3,2,E01016480,0,-1
2020420999601,2020,420999601,1,9,0,9,9,2,4,0,0,8,0,0,0,0,1,1,2,2,1,69,10,1798,1,7,AUDI A3,9,E01021747,0,-1
2020440108807,2020,440108807,2,9,0,18,19,2,6,0,0,8,0,0,0,0,1,1,6,6,2,21,5,1896,2,16,AUDI A3,2,E01017115,0,-1
202031C020220,2020,31C020220,1,9,0,9,9,7,5,0,0,6,0,0,0,0,3,1,6,6,1,37,7,1598,2,6,AUDI A3,-1,-1,0,-1
2020430219124,2020,430219124,3,9,0,18,19,7,3,0,0,0,0,0,0,0,1,1,6,6,1,47,8,1968,2,7,AUDI A3,8,E01022110,0,-1
2020200979691,2020,200979691,1,9,0,4,4,6,2,0,0,1,0,0,0,0,1,1,2,2,2,21,5,1395,1,7,AUDI A3,7,E01009446,0,-1
2020200999881,2020,200999881,2,9,0,18,19,5,1,0,0,0,0,0,0,0,1,1,6,6,2,25,5,1968,2,10,AUDI A3,1,E01010316,0,-1
2020460981924,2020,460981924,1,9,0,9,9,7,5,0,0,6,0,0,0,0,1,1,5,6,1,40,7,1968,2,10,AUDI A3,5,E01024651,0,-1
2020370940882,2020,370940882,1,9,0,18,19,5,3,0,0,8,0,0,0,0,1,1,5,6,2,27,6,999,1,1,AUDI A3,2,E01030024,0,-1
2020350923619,2020,350923619,2,9,0,4,4,3,7,0,0,1,0,0,0,0,2,1,2,2,2,52,8,1395,1,4,AUDI A3,6,E01017962,0,-1
2020211024279,2020,211024279,3,9,-1,-1,-1,8,4,-1,-1,0,-1,-1,-1,0,-1,1,6,6,1,57,9,1968,2,14,AUDI A3,8,E01029767,0,-1
2020010259076,2020,010259076,2,9,0,9,9,5,4,99,99,9,9,99,9,99,1,9,6,6,3,-1,-1,1598,2,10,AUDI A3,8,E01000200,0,-1
2020160951316,2020,160951316,1,9,0,18,19,7,3,0,0,0,0,0,0,0,1,1,5,6,1,23,5,1968,2,13,AUDI A3,1,E01007878,0,-1
202006P169609,2020,06P169609,2,9,0,18,19,4,2,0,0,3,0,0,0,0,3,1,6,6,1,22,5,1395,1,7,AUDI A3,1,E01005350,0,-1
2020400993623,2020,400993623,2,9,0,15,15,6,2,0,0,0,0,0,0,0,3,1,5,6,1,20,4,1395,1,5,AUDI A3,7,E01017545,0,-1
2020410955376,2020,410955376,2,9,0,18,19,5,1,0,0,0,0,0,0,0,1,1,6,6,1,57,9,1395,1,6,AUDI A3,5,E01021814,0,-1
2020010244095,2020,010244095,2,9,0,99,99,9,9,99,99,9,9,99,9,99,9,9,6,6,3,-1,-1,1968,2,6,AUDI A3,-1,-1,0,-1
2020990973483,2020,990973483,2,9,0,3,3,1,6,0,0,0,0,0,0,0,2,1,5,6,1,24,5,1395,1,6,AUDI A3,4,-1,0,-1
2020010280587,2020,010280587,2,9,0,9,9,6,3,0,0,8,0,0,0,0,4,1,6,6,1,-1,-1,1395,8,4,AUDI A3,-1,-1,0,-1
2020200957898,2020,200957898,2,9,0,18,19,6,2,0,0,8,0,0,0,0,1,1,6,6,1,33,6,1968,2,10,AUDI A3,1,E01009081,0,-1
2020200933283,2020,200933283,1,9,0,18,19,-1,-1,0,0,0,0,0,0,0,1,1,6,6,1,-1,-1,1598,2,5,AUDI A3,3,E01009140,0,-1
2020530955387,2020,530955387,1,9,0,13,13,-1,-1,0,0,0,0,0,0,0,2,1,2,2,1,43,7,1968,2,16,AUDI A3,8,E01022356,0,-1
2020450938592,2020,450938592,1,9,0,18,19,7,3,0,0,0,0,0,7,4,1,1,5,6,1,41,7,1896,2,17,AUDI A3,5,E01030946,0,-1
2020500987379,2020,500987379,1,9,0,10,10,8,5,0,0,5,0,0,0,0,2,1,5,6,2,27,6,1968,2,8,AUDI A3,7,E01025969,0,-1
2020010252674,2020,010252674,2,9,0,9,9,1,7,0,0,6,0,0,0,0,1,1,6,6,1,27,6,1598,2,4,AUDI A3,3,E01002102,0,-1
2020461011009,2020,461011009,1,9,0,18,19,4,8,0,0,1,0,0,0,0,1,1,6,6,3,-1,-1,1896,2,20,AUDI A3,-1,-1,0,-1
2020141006269,2020,141006269,2,9,0,9,9,7,5,0,0,2,0,0,0,0,4,1,6,6,2,29,6,1968,2,9,AUDI A3,1,E01007885,0,-1
2020622000589,2020,622000589,1,9,0,18,19,2,6,0,0,0,0,0,1,11,1,1,6,6,3,-1,-1,1968,2,17,AUDI A3,-1,-1,0,-1
2020220964740,2020,220964740,3,9,0,18,19,1,5,0,0,1,0,0,0,0,1,1,5,6,1,45,7,1968,2,13,AUDI A3,9,E01032220,0,-1
2020430222010,2020,430222010,2,9,0,18,19,8,4,0,0,8,0,0,0,0,1,1,6,6,1,24,5,1968,2,8,AUDI A3,6,E01028559,0,-1
2020440021305,2020,440021305,2,9,0,18,19,1,5,0,0,1,0,0,0,0,1,1,6,6,2,24,5,1598,2,6,AUDI A3,7,E01022979,0,-1
2020460989977,2020,460989977,1,9,0,5,5,5,1,0,0,1,1,0,0,0,1,1,6,6,1,19,4,1595,1,10,AUDI A3,9,E01021156,0,-1
2020010275907,2020,010275907,3,9,0,2,2,0,0,0,0,2,0,0,0,0,2,1,6,6,3,-1,-1,1197,1,10,AUDI A3,-1,-1,0,-1
2020010249887,2020,010249887,2,9,0,18,19,-1,-1,0,0,2,0,0,0,0,1,1,6,6,3,-1,-1,1395,1,4,AUDI A3,-1,-1,0,-1
202006L172090,2020,06L172090,2,9,0,18,19,1,5,0,0,8,0,0,0,0,1,1,6,6,1,49,8,1968,2,11,AUDI A3,1,E01006350,0,-1
2020200934402,2020,200934402,1,9,0,9,9,4,2,0,0,6,0,0,0,0,0,1,6,6,1,57,9,1598,2,2,AUDI A3,2,E01009509,0,-1
202006K271598,2020,06K271598,1,9,0,18,19,2,6,0,0,0,0,0,0,0,1,1,6,6,2,31,6,1498,1,2,AUDI A3,10,E01004808,0,-1
2020610017620,2020,610017620,2,9,0,18,19,5,1,0,0,1,0,0,0,0,1,1,6,6,1,30,6,1968,2,14,AUDI A3,3,W01001430,0,-1
2020470933944,2020,470933944,2,9,0,3,3,4,8,0,0,0,0,0,0,0,2,1,2,2,1,35,6,1968,2,15,AUDI A3,5,E01020951,0,-1
2020140938883,2020,140938883,5,9,0,18,19,3,7,0,0,0,0,0,0,0,4,1,2,2,2,27,6,1968,2,4,AUDI A3,1,E01007883,0,-1
2020122001192,2020,122001192,2,9,0,18,19,5,1,0,0,0,0,0,7,0,2,1,6,6,1,22,5,1598,2,5,AUDI A3,7,E01013396,0,-1
2020010242325,2020,010242325,1,9,0,99,99,9,9,99,99,9,9,99,9,99,2,9,6,6,2,42,7,1595,1,14,AUDI A3,4,E01001995,0,-1
2020440191248,2020,440191248,1,9,0,18,19,7,3,0,0,0,0,0,0,0,4,1,6,6,2,79,11,1595,1,15,AUDI A3,4,E01017362,0,-1
2020010249502,2020,010249502,2,9,0,9,9,8,6,0,0,2,9,0,0,99,2,9,6,6,3,-1,-1,1598,2,3,AUDI A3,-1,-1,0,-1
2020450941896,2020,450941896,1,9,0,18,19,1,5,0,0,0,2,0,7,2,1,1,5,6,1,38,7,1781,1,22,AUDI A3,8,E01030490,0,-1
2020450989454,2020,450989454,2,9,0,18,19,2,6,0,0,0,0,0,0,0,1,1,6,6,1,24,5,1595,1,10,AUDI A3,2,E01001066,0,-1
2020622000616,2020,622000616,1,9,0,18,19,8,4,0,0,0,0,0,0,0,1,1,6,6,1,32,6,1968,2,8,AUDI A3,2,W01001210,0,-1
2020471002221,2020,471002221,2,9,0,18,19,5,1,0,0,1,0,0,0,0,1,1,5,6,1,31,6,1968,2,17,AUDI A3,2,E01021091,0,-1
2020201017284,2020,201017284,1,9,0,15,15,1,6,0,0,0,1,7,0,0,1,1,6,6,1,26,6,1968,2,16,AUDI A3,-1,-1,0,-1
2020010243767,2020,010243767,2,9,0,18,19,1,5,0,0,8,0,0,0,0,2,1,6,6,1,22,5,1595,1,15,AUDI A3,5,E01002492,0,-1
2020501016625,2020,501016625,1,9,0,17,19,5,1,0,0,0,0,0,7,9,1,1,5,6,2,34,6,1598,2,7,AUDI A3,8,E01020170,0,-1
202006A368473,2020,06A368473,1,9,0,18,19,6,2,0,0,1,0,0,0,0,1,1,1,1,2,30,6,1390,1,11,AUDI A3,-1,-1,0,-1
2020220937326,2020,220937326,3,9,0,18,19,2,6,0,0,0,0,0,0,0,1,1,5,6,1,34,6,1968,2,15,AUDI A3,7,E01032399,0,-1
2020541673220,2020,541673220,2,9,0,18,19,5,1,0,0,8,0,0,1,9,2,1,6,6,2,27,6,1798,1,12,AUDI A3,4,E01018784,0,-1
2020010254559,2020,010254559,2,9,0,99,99,9,9,99,99,1,9,99,9,99,9,9,6,6,3,26,6,1968,2,4,AUDI A3,7,E01000442,0,-1
2020530992808,2020,530992808,1,9,0,18,19,5,1,0,0,4,0,0,0,0,0,1,5,6,1,23,5,1968,2,8,AUDI A3,8,E01022432,0,-1
2020010278370,2020,010278370,2,9,0,99,99,9,9,99,99,9,9,99,9,99,9,9,6,6,1,36,7,1498,1,2,AUDI A3,3,E01004656,0,-1
2020200968491,2020,200968491,1,9,0,18,19,2,6,0,0,1,0,0,0,0,1,1,6,6,1,25,5,1598,2,4,AUDI A3,5,E01014049,0,-1
2020360923772,2020,360923772,1,9,0,9,9,8,6,0,0,2,0,0,0,0,3,1,5,6,1,58,9,1598,2,4,AUDI A3,8,E01026561,0,-1
2020070669690,2020,070669690,1,9,0,3,3,1,5,0,0,0,0,0,0,0,1,1,6,6,2,68,10,1598,2,7,AUDI A3,9,E01018650,0,-1
2020522001012,2020,522001012,1,9,0,3,3,3,7,0,0,1,0,0,0,0,2,1,6,6,2,31,6,1598,2,4,AUDI A3,10,E01014901,0,-1
2020200945066,2020,200945066,1,9,0,18,19,1,5,0,0,0,0,0,0,0,1,1,1,1,1,27,6,1984,1,15,AUDI A3,4,E01004776,0,-1
2020010244785,2020,010244785,1,9,0,9,9,3,8,0,0,1,0,0,0,0,3,1,6,6,1,37,7,1595,1,10,AUDI A3,-1,-1,0,-1
2020101007298,2020,101007298,2,9,0,18,19,1,5,0,0,0,1,0,1,4,1,1,6,6,1,21,5,1968,2,6,AUDI A3,2,E01008261,0,-1
2020522000733,2020,522000733,2,9,0,18,19,2,6,0,0,0,0,0,0,0,1,1,6,6,2,38,7,1968,2,7,AUDI A3,10,E01014913,0,-1
2020500992066,2020,500992066,2,9,0,16,19,1,5,0,0,8,0,0,7,10,1,1,2,2,1,33,6,1781,1,21,AUDI A3,3,E01018982,0,-1
202031C155620,2020,31C155620,1,9,0,4,4,6,2,0,0,0,0,0,0,0,2,1,6,6,1,18,4,1395,1,6,AUDI A3,5,E01033395,0,-1
2020010264852,2020,010264852,2,9,0,2,2,0,0,0,0,0,0,4,1,10,1,1,6,6,3,-1,-1,1595,1,17,AUDI A3,-1,-1,0,-1
2020460941624,2020,460941624,3,9,0,18,19,1,7,0,0,0,0,0,0,0,1,1,5,6,2,46,8,1595,1,13,AUDI A3,3,E01016022,0,-1
2020010261020,2020,010261020,1,9,0,9,9,7,4,0,0,8,0,0,0,0,4,1,6,6,1,32,6,1595,2,10,AUDI A3,-1,-1,0,-1
2020052000379,2020,052000379,1,9,0,18,19,7,3,0,0,1,0,0,0,0,1,1,6,6,2,49,8,1598,2,7,AUDI A3,8,E01019365,0,-1
2020010262912,2020,010262912,2,9,0,18,19,3,7,0,0,8,0,0,0,0,3,1,6,6,1,39,7,1968,2,5,AUDI A3,3,E01003215,0,-1
2020470928416,2020,470928416,1,9,0,7,7,1,3,0,0,5,0,0,1,0,2,1,5,6,1,18,4,1498,1,3,AUDI A3,7,E01030576,0,-1
2020430358144,2020,430358144,2,9,0,18,19,4,8,0,0,0,0,0,0,11,1,1,6,6,1,41,7,1595,2,10,AUDI A3,10,E01016657,0,-1
2020470983214,2020,470983214,1,9,0,18,19,5,1,0,0,0,0,0,0,0,1,1,6,6,2,-1,-1,1968,2,11,AUDI A3,1,E01016885,0,-1
2020610017520,2020,610017520,1,9,0,18,19,8,5,0,0,0,0,0,1,9,1,1,6,6,1,23,5,1968,2,13,AUDI A3,4,W01001541,0,-1
2020010250959,2020,010250959,2,9,0,99,99,9,9,99,99,1,9,99,9,99,2,9,6,6,1,30,6,1598,2,5,AUDI A3,4,E01013964,0,-1
2020450953423,2020,450953423,2,9,0,18,19,3,7,0,0,4,0,0,0,0,1,1,6,6,1,23,5,999,1,1,AUDI A3,2,E01033624,0,-1
2020461008719,2020,461008719,1,9,0,9,9,4,2,0,0,6,0,0,0,0,4,1,5,6,1,37,7,1390,1,10,AUDI A3,7,E01016124,0,-1
2020010256679,2020,010256679,4,9,0,18,19,5,1,0,0,0,0,0,0,0,3,1,6,6,2,43,7,1498,1,3,AUDI A3,5,E01000174,0,-1
202006P172487,2020,06P172487,2,9,0,18,19,2,6,0,0,8,0,0,0,0,4,1,6,6,1,25,5,1896,2,11,AUDI A3,1,E01005473,0,-1
2020052000457,2020,052000457,1,9,0,9,9,3,1,0,0,8,1,0,0,0,3,1,6,6,2,23,5,1598,2,6,AUDI A3,6,E01007252,0,-1
2020990997792,2020,990997792,2,9,0,1,1,8,4,0,0,0,0,0,0,0,4,1,5,6,1,19,4,1896,2,11,AUDI A3,4,-1,0,-1
2020221032052,2020,221032052,1,9,0,18,19,2,6,0,0,0,0,0,0,0,1,1,5,6,1,56,9,1498,1,2,AUDI A3,8,E01032334,0,-1