collision_index,collision_year,collision_ref_no,vehicle_reference,vehicle_type,towing_and_articulation,vehicle_manoeuvre_historic,vehicle_manoeuvre,vehicle_direction_from,vehicle_direction_to,vehicle_location_restricted_lane_historic,vehicle_location_restricted_lane,junction_location,skidding_and_overturning,hit_object_in_carriageway,vehicle_leaving_carriageway,hit_object_off_carriageway,first_point_of_impact,vehicle_left_hand_drive,journey_purpose_of_driver_historic,journey_purpose_of_driver,sex_of_driver,age_of_driver,age_band_of_driver,engine_capacity_cc,propulsion_code,age_of_vehicle,generic_make_model,driver_imd_decile,lsoa_of_driver,escooter_flag,driver_distance_banding
2020622000268,2020,622000268,4,9,0,3,3,6,2,0,0,0,0,0,0,0,2,1,6,6,2,48,8,1395,1,4,AUDI A3,10,W01001782,0,-1
2020500930751,2020,500930751,2,9,0,18,19,3,7,0,0,0,0,0,0,0,3,1,6,6,1,26,6,1781,1,19,AUDI A3,4,E01020053,0,-1
2020122001135,2020,122001135,1,9,0,11,11,1,5,0,0,0,0,7,0,0,1,1,6,6,1,31,6,1896,2,15,AUDI A3,10,E01030903,0,-1
202006Q169064,2020,06Q169064,1,9,0,18,19,1,5,0,0,1,0,0,0,0,1,1,6,6,2,24,5,1968,2,13,AUDI A3,1,E01005434,0,-1
2020052001512,2020,052001512,1,9,0,18,19,5,1,0,0,0,0,0,0,0,1,1,6,6,1,23,5,1598,2,1,AUDI A3,2,E01007139,0,-1
2020010241668,2020,010241668,2,9,0,2,2,0,0,6,6,0,0,0,0,0,4,1,6,6,3,-1,-1,1968,2,9,AUDI A3,-1,-1,0,-1
2020201009894,2020,201009894,2,9,0,18,19,6,2,0,0,0,0,0,0,0,1,1,6,6,1,-1,-1,1968,2,11,AUDI A3,-1,-1,0,-1
2020052002712,2020,052002712,1,9,0,18,19,4,8,0,0,0,0,0,0,0,1,1,1,1,1,38,7,1598,2,8,AUDI A3,1,E01006761,0,-1
2020140940780,2020,140940780,1,9,0,9,9,7,3,0,0,1,0,0,0,0,0,1,6,6,2,40,7,1896,2,13,AUDI A3,2,E01008109,0,-1
2020010284810,2020,010284810,1,9,0,99,99,9,9,0,0,8,0,0,0,0,3,9,6,6,2,29,6,1598,2,8,AUDI A3,-1,-1,0,-1
2020302000365,2020,302000365,3,9,0,4,4,4,8,0,0,0,0,0,0,0,1,1,6,6,1,36,7,1598,2,1,AUDI A3,8,E01019685,0,-1
2020440068072,2020,440068072,1,9,0,9,9,7,4,0,0,8,0,0,0,0,4,1,6,6,2,22,5,1968,2,6,AUDI A3,9,E01022653,0,-1
2020010245061,2020,010245061,2,9,0,18,19,3,7,0,0,0,0,0,0,0,1,1,6,6,2,29,6,1968,2,4,AUDI A3,5,E01001389,0,-1
2020430099999,2020,430099999,2,9,0,3,3,5,1,0,0,0,0,0,0,0,2,1,6,6,2,55,8,1968,2,7,AUDI A3,8,E01029441,0,-1
2020410999255,2020,410999255,1,9,0,18,19,3,7,0,0,1,1,0,1,0,1,1,6,6,1,22,5,1968,2,13,AUDI A3,4,E01023337,0,-1
2020010283680,2020,010283680,1,9,0,18,19,3,7,0,0,1,0,0,0,0,3,1,6,6,1,67,10,1896,2,12,AUDI A3,-1,-1,0,-1
2020530994393,2020,530994393,1,9,0,18,19,7,3,0,0,0,1,0,0,0,1,1,2,2,1,22,5,1395,1,4,AUDI A3,6,E01022262,0,-1
2020200991380,2020,200991380,2,9,0,18,19,2,6,0,0,0,0,7,4,4,2,1,6,6,2,31,6,1968,2,6,AUDI A3,2,E01010472,0,-1
2020450925147,2020,450925147,2,9,0,18,19,5,1,0,0,0,0,0,0,0,1,1,6,6,1,55,8,1968,2,14,AUDI A3,4,E01026057,0,-1
2020520003302,2020,520003302,2,9,0,18,19,1,5,0,0,8,0,0,0,0,1,1,6,6,1,50,8,1968,2,17,AUDI A3,-1,-1,0,-1
2020450979807,2020,450979807,1,9,0,18,19,2,6,0,0,0,0,0,0,0,1,1,2,2,1,32,6,1896,2,12,AUDI A3,9,E01030560,0,-1
2020461011555,2020,461011555,1,9,0,9,9,1,7,0,0,1,0,0,0,0,1,1,6,6,1,41,7,1595,1,15,AUDI A3,8,E01024055,0,-1
2020400955356,2020,400955356,1,9,0,18,19,1,7,0,0,1,0,0,0,0,1,1,6,6,1,27,6,1968,2,14,AUDI A3,3,E01015765,0,-1
2020340N08712,2020,340N08712,3,9,0,3,3,7,3,0,0,0,0,0,0,0,2,1,6,6,2,21,5,1395,1,6,AUDI A3,8,E01026990,0,-1
2020140965940,2020,140965940,1,9,0,18,19,1,5,0,0,0,0,0,0,0,1,1,5,6,2,75,10,999,1,2,AUDI A3,8,E01007383,0,-1
2020500954659,2020,500954659,2,9,0,18,19,1,5,0,0,0,0,0,0,0,2,1,6,6,2,28,6,1896,2,12,AUDI A3,7,E01029267,0,-1
2020040968587,2020,040968587,1,9,0,18,19,3,7,0,0,0,0,0,0,0,1,1,5,6,2,26,6,1968,2,10,AUDI A3,1,E01012647,0,-1
2020400994217,2020,400994217,2,9,0,4,4,1,5,0,0,2,0,0,0,0,2,1,2,2,2,18,4,999,1,4,AUDI A3,3,E01015751,0,-1
2020010232250,2020,010232250,2,9,0,18,19,1,5,0,0,8,0,0,0,0,3,1,6,6,2,20,4,1968,2,14,AUDI A3,2,E01002784,0,-1
2020500966340,2020,500966340,1,9,0,18,19,1,5,0,0,1,0,0,0,0,1,1,6,6,1,27,6,1781,1,22,AUDI A3,3,E01018769,0,-1
2020548801720,2020,548801720,2,9,0,3,3,6,2,0,0,1,0,0,0,0,2,1,6,6,1,36,7,1595,1,14,AUDI A3,8,E01031960,0,-1
2020200979924,2020,200979924,3,9,0,2,2,0,0,0,0,2,0,0,0,0,1,1,5,6,2,28,6,1598,2,6,AUDI A3,2,E01010268,0,-1
2020201013878,2020,201013878,2,9,0,18,19,5,1,0,0,8,1,10,4,6,1,1,6,6,1,27,6,1968,2,14,AUDI A3,1,E01008998,0,-1
2020340E05512,2020,340E05512,2,9,0,18,19,7,3,0,0,0,0,0,0,0,3,1,6,6,1,23,5,1968,2,5,AUDI A3,-1,-1,0,-1
2020010280198,2020,010280198,1,9,0,99,99,9,9,0,0,4,9,99,9,99,9,1,6,6,1,31,6,1896,2,12,AUDI A3,7,E01023531,0,-1
2020052000496,2020,052000496,3,9,0,13,13,3,7,0,0,0,0,0,0,0,1,1,6,6,1,32,6,1896,2,15,AUDI A3,-1,-1,0,-1
2020430312202,2020,430312202,2,9,0,18,19,8,4,0,0,0,0,0,0,0,2,1,6,6,2,63,9,1395,1,5,AUDI A3,10,E01032554,0,-1
2020500946845,2020,500946845,1,9,0,18,19,1,5,0,0,0,5,0,0,0,4,1,5,6,1,29,6,1968,2,15,AUDI A3,2,E01018984,0,-1
2020501007799,2020,501007799,6,9,0,18,19,1,5,0,0,0,0,0,0,0,1,1,5,6,1,32,6,1896,2,20,AUDI A3,5,E01020084,0,-1
2020160998110,2020,160998110,2,9,0,7,7,4,6,0,0,6,0,0,1,0,1,1,3,7,2,28,6,1595,2,10,AUDI A3,7,E01013270,0,-1
2020230940090,2020,230940090,2,9,0,18,19,5,1,0,0,0,0,0,1,7,3,1,5,6,1,37,7,1598,2,8,AUDI A3,2,E01020763,0,-1
2020460980445,2020,460980445,1,9,0,18,19,1,3,0,0,4,0,0,0,0,1,1,6,6,1,31,6,1968,2,13,AUDI A3,3,E01024182,0,-1
2020320099283,2020,320099283,1,9,0,13,13,1,5,0,0,1,0,0,0,0,1,1,2,2,2,57,9,1598,2,6,AUDI A3,2,E01033182,0,-1
2020010236570,2020,010236570,2,9,0,18,19,5,1,0,0,0,0,0,0,0,1,1,6,6,1,85,11,1395,1,4,AUDI A3,6,E01004703,0,-1
2020990971589,2020,990971589,1,9,0,4,4,3,6,0,0,4,0,0,0,0,2,1,1,1,2,28,6,1968,2,5,AUDI A3,4,-1,0,-1
2020370919142,2020,370919142,1,9,0,9,9,4,1,0,0,1,0,0,0,0,3,1,2,2,1,46,8,1390,1,9,AUDI A3,8,E01021566,0,-1
2020010238480,2020,010238480,2,9,0,16,19,7,3,0,0,0,0,0,1,0,1,1,6,6,2,46,8,1395,1,3,AUDI A3,7,E01000438,0,-1
2020420954071,2020,420954071,1,9,0,9,9,1,7,0,0,6,0,0,0,0,1,1,5,6,2,72,10,1984,1,2,AUDI A3,8,E01021333,0,-1
202054A720020,2020,54A720020,3,9,0,18,19,4,8,0,0,0,0,0,0,0,2,1,6,6,2,27,6,1598,2,5,AUDI A3,9,E01015547,0,-1
2020010236198,2020,010236198,1,9,0,16,19,8,3,0,0,1,0,0,0,0,1,1,6,6,3,19,4,1896,2,12,AUDI A3,2,E01003633,0,-1
202063C000521,2020,63C000521,1,9,0,4,4,3,6,0,0,0,0,0,0,0,3,1,6,6,1,51,8,1968,2,11,AUDI A3,2,W01000594,0,-1
2020401007973,2020,401007973,2,9,0,18,19,2,6,9,9,3,1,10,6,0,1,1,6,6,1,22,5,1598,2,4,AUDI A3,6,E01015718,0,-1
20201379R1257,2020,1379R1257,3,9,0,2,2,0,0,0,0,0,0,0,0,0,2,1,6,6,1,43,7,1395,1,5,AUDI A3,1,E01010800,0,-1
20201372L1467,2020,1372L1467,1,9,0,7,7,5,1,0,0,5,0,0,0,0,4,1,6,6,3,-1,-1,1968,2,9,AUDI A3,-1,-1,0,-1
2020200946310,2020,200946310,1,9,0,18,19,8,4,0,0,2,0,4,0,0,1,1,6,6,1,26,6,1968,2,6,AUDI A3,5,E01009247,0,-1
2020070710048,2020,070710048,1,9,0,18,19,3,7,0,0,0,0,0,1,11,1,1,2,2,1,44,7,1968,2,3,AUDI A3,5,E01006983,0,-1
2020122000719,2020,122000719,1,9,0,9,9,1,2,0,0,2,0,0,0,0,1,1,6,6,3,-1,-1,1896,2,13,AUDI A3,-1,-1,0,-1
2020010257912,2020,010257912,3,9,0,18,19,3,7,0,0,0,0,0,0,0,2,1,6,6,1,39,7,1595,1,11,AUDI A3,2,E01000042,0,-1
2020010247021,2020,010247021,1,9,0,99,99,9,9,99,99,9,9,99,9,99,2,9,6,6,1,30,6,1598,2,5,AUDI A3,6,E01002246,0,-1
2020010260780,2020,010260780,2,9,0,9,9,1,7,0,0,1,0,0,0,0,3,1,1,1,1,38,7,1984,1,13,AUDI A3,-1,-1,0,-1
2020470938982,2020,470938982,1,9,0,9,9,8,5,0,0,1,0,0,0,0,1,1,6,6,1,72,10,1595,1,15,AUDI A3,5,E01016877,0,-1
2020200993070,2020,200993070,1,9,0,18,19,1,5,0,0,0,0,0,0,0,1,1,6,6,1,65,9,1968,2,6,AUDI A3,9,E01006075,0,-1
2020501000557,2020,501000557,1,9,0,7,7,4,6,0,0,1,0,0,0,0,1,1,6,6,1,24,5,1968,2,15,AUDI A3,2,E01015096,0,-1
2020010228287,2020,010228287,1,9,0,18,19,1,5,0,0,1,0,0,0,0,3,1,6,6,1,46,8,1968,2,14,AUDI A3,6,E01033054,0,-1
2020010247932,2020,010247932,1,9,0,15,15,5,1,0,0,2,0,0,0,0,3,1,6,6,1,35,6,1598,2,5,AUDI A3,5,E01001074,0,-1
2020200960082,2020,200960082,1,9,0,18,19,4,8,0,0,2,1,0,0,0,4,1,6,6,1,-1,-1,1896,2,11,AUDI A3,-1,-1,0,-1
202031D080520,2020,31D080520,1,9,0,18,19,3,7,0,0,0,0,0,0,0,1,1,6,6,1,36,7,1896,2,13,AUDI A3,-1,-1,0,-1
2020137540885,2020,137540885,2,9,0,18,19,6,2,0,0,1,0,0,0,0,2,1,6,6,2,23,5,1395,1,4,AUDI A3,2,E01011763,0,-1
2020500992235,2020,500992235,1,9,0,4,4,2,6,0,0,0,0,0,0,0,1,1,6,6,2,27,6,1968,2,12,AUDI A3,5,E01018957,0,-1
2020200947587,2020,200947587,2,9,0,18,19,2,6,0,0,0,0,10,1,4,1,1,2,2,1,34,6,1984,1,13,AUDI A3,3,E01009095,0,-1
2020161003608,2020,161003608,1,9,0,9,9,6,4,0,0,5,0,0,0,0,3,1,5,6,1,74,10,1968,2,13,AUDI A3,7,E01012935,0,-1
2020200988104,2020,200988104,1,9,0,5,5,2,8,0,0,1,0,0,0,0,1,1,6,6,1,23,5,1395,1,5,AUDI A3,6,E01010023,0,-1
2020220924150,2020,220924150,1,9,0,7,7,4,8,9,9,5,0,0,0,0,4,1,6,6,1,34,6,1968,2,13,AUDI A3,-1,-1,0,-1
2020990928872,2020,990928872,1,9,0,18,19,7,3,0,0,0,0,0,0,0,1,1,2,2,1,24,5,1395,1,4,AUDI A3,6,-1,0,-1
2020140928795,2020,140928795,2,9,0,18,19,5,1,0,0,1,0,0,0,0,1,1,6,6,3,-1,-1,1968,2,11,AUDI A3,-1,-1,0,-1
202054C078820,2020,54C078820,1,9,0,11,11,7,3,0,0,0,0,0,1,9,3,1,6,6,2,56,9,1798,1,9,AUDI A3,10,E01026543,0,-1
2020160949906,2020,160949906,2,9,0,6,6,3,7,0,0,6,0,0,0,0,3,1,1,1,1,59,9,1781,1,24,AUDI A3,1,E01012952,0,-1
2020200989811,2020,200989811,2,9,0,3,3,7,3,0,0,0,0,0,0,0,2,1,6,6,2,26,6,1896,2,13,AUDI A3,1,E01009748,0,-1
2020440177536,2020,440177536,1,9,0,9,9,1,6,0,0,8,0,0,0,0,4,1,2,2,2,55,8,1598,2,8,AUDI A3,9,E01023060,0,-1
2020420930443,2020,420930443,2,9,0,5,5,1,3,0,0,8,0,0,0,0,1,1,5,6,1,26,6,1498,1,1,AUDI A3,5,E01021854,0,-1
2020070367997,2020,070367997,1,9,0,18,19,8,4,0,0,8,0,0,0,0,1,1,6,6,2,24,5,1598,2,7,AUDI A3,7,E01018393,0,-1
2020137731091,2020,137731091,2,9,0,18,19,6,2,0,0,8,0,0,0,0,3,1,6,6,2,21,5,1395,1,5,AUDI A3,1,E01011657,0,-1
2020052001086,2020,052001086,1,9,0,18,19,1,5,0,0,1,0,0,0,0,1,1,6,6,1,45,7,1896,2,13,AUDI A3,3,E01006960,0,-1
2020200920998,2020,200920998,1,9,0,18,19,-1,-1,0,0,5,0,0,0,0,1,1,6,6,1,20,4,1968,2,6,AUDI A3,-1,-1,0,-1
2020010239502,2020,010239502,2,9,0,18,19,2,6,0,0,0,0,0,0,0,2,1,6,6,1,31,6,1598,2,6,AUDI A3,3,E01003609,0,-1
2020010271087,2020,010271087,1,9,0,9,9,7,5,0,0,6,0,0,0,0,4,1,6,6,1,49,8,1395,1,8,AUDI A3,4,E01004617,0,-1
2020010259406,2020,010259406,1,9,0,99,99,9,9,99,99,9,9,99,9,99,9,9,6,6,2,47,8,1598,2,6,AUDI A3,2,E01001746,0,-1
2020010245882,2020,010245882,2,9,0,10,10,7,4,0,0,2,0,0,0,0,4,1,6,6,1,21,5,1598,2,5,AUDI A3,4,E01004002,0,-1
2020040958304,2020,040958304,2,9,0,5,5,7,3,0,0,0,0,0,0,0,1,2,6,6,1,23,5,1595,1,16,AUDI A3,1,E01012622,0,-1
2020010264378,2020,010264378,2,9,0,99,99,9,9,99,99,9,9,99,9,99,9,9,6,6,3,-1,-1,1395,1,6,AUDI A3,-1,-1,0,-1
2020450976662,2020,450976662,1,9,0,4,4,1,5,0,0,0,0,0,0,0,2,1,5,6,1,23,5,1498,1,3,AUDI A3,10,E01032759,0,-1
2020200932667,2020,200932667,1,9,0,18,19,-1,-1,0,0,0,0,0,0,0,1,1,6,6,1,-1,-1,1968,2,13,AUDI A3,1,E01009347,0,-1
2020410964384,2020,410964384,1,9,0,1,1,7,1,0,0,0,0,0,0,0,3,1,5,6,2,33,6,1968,2,4,AUDI A3,8,E01023541,0,-1
2020552001000,2020,552001000,1,9,0,5,5,2,6,9,9,0,0,0,0,0,1,1,6,6,1,72,10,1798,1,13,AUDI A3,5,E01015423,0,-1
2020520003422,2020,520003422,2,9,0,18,19,1,5,0,0,1,0,0,0,0,1,1,6,6,2,30,6,1781,1,20,AUDI A3,6,E01020528,0,-1
2020470923149,2020,470923149,1,9,0,18,19,6,2,0,0,8,0,0,0,0,1,1,6,6,3,-1,-1,1896,2,12,AUDI A3,-1,-1,0,-1
202006A267100,2020,06A267100,2,9,0,18,19,1,5,0,0,6,0,0,0,0,4,1,6,6,1,18,4,1968,2,14,AUDI A3,1,E01005103,0,-1
202054B403820,2020,54B403820,1,9,0,18,19,8,4,0,0,1,0,0,0,0,1,1,6,6,1,21,5,1781,1,21,AUDI A3,5,E01031982,0,-1
2020501005465,2020,501005465,3,9,0,4,4,1,5,0,0,1,0,0,0,0,0,1,5,6,2,46,8,1498,1,2,AUDI A3,6,E01020119,0,-1
2020137AR1456,2020,137AR1456,1,9,0,11,11,4,7,0,0,0,0,0,0,0,0,1,1,1,1,35,6,1896,2,12,AUDI A3,5,E01010598,0,-1
2020470968260,2020,470968260,2,9,0,16,19,8,3,0,0,0,0,0,7,0,1,1,5,6,1,53,8,1984,1,14,AUDI A3,8,E01031545,0,-1
2020400963479,2020,400963479,1,9,0,5,5,4,2,0,0,4,0,0,0,0,4,1,6,6,2,55,8,999,1,0,AUDI A3,7,E01015800,0,-1
2020052002213,2020,052002213,1,9,0,18,19,8,4,0,0,1,1,0,0,0,1,1,6,6,1,20,4,1595,1,10,AUDI A3,2,E01006456,0,-1
2020140954281,2020,140954281,2,9,0,18,19,5,1,0,0,1,0,0,0,0,2,1,5,6,1,56,9,999,1,1,AUDI A3,5,E01007609,0,-1
2020410967278,2020,410967278,1,9,0,4,4,3,7,0,0,0,0,0,0,0,1,1,5,6,1,78,11,1395,1,4,AUDI A3,2,E01002906,0,-1
2020010267031,2020,010267031,2,9,0,3,3,7,3,0,0,8,0,0,0,0,3,1,6,6,1,32,6,1968,2,6,AUDI A3,9,E01002359,0,-1
2020010253423,2020,010253423,1,9,0,16,19,3,7,9,9,0,0,0,7,2,1,1,6,6,1,18,4,1781,1,22,AUDI A3,3,E01002552,0,-1
2020200975025,2020,200975025,1,9,0,7,7,1,3,0,0,5,0,0,0,0,4,1,6,6,3,-1,-1,1598,2,10,AUDI A3,-1,-1,0,-1
2020010271250,2020,010271250,1,9,0,9,9,7,5,9,9,6,0,0,0,0,3,1,6,6,2,21,5,1984,1,12,AUDI A3,1,E01004428,0,-1
2020041006400,2020,041006400,2,9,0,9,9,5,3,0,0,0,0,0,0,0,1,1,5,6,2,19,4,1896,2,16,AUDI A3,6,E01025121,0,-1
202006M170563,2020,06M170563,1,9,0,18,19,3,7,0,0,4,0,0,0,0,1,1,2,2,1,19,4,1395,1,7,AUDI A3,3,E01004902,0,-1
2020460933053,2020,460933053,1,9,0,5,5,6,2,0,0,0,0,0,0,0,1,1,6,6,1,19,4,1595,1,13,AUDI A3,7,E01002329,0,-1
2020410998347,2020,410998347,2,9,0,18,19,1,5,0,0,0,0,0,1,0,1,1,6,6,1,22,5,1984,1,15,AUDI A3,7,E01023472,0,-1
2020010257431,2020,010257431,2,9,0,5,5,3,7,0,0,6,0,0,0,0,1,1,6,6,2,40,7,1968,2,8,AUDI A3,-1,-1,0,-1
2020010282779,2020,010282779,1,9,0,18,19,3,7,0,0,2,0,0,0,0,1,1,1,1,1,19,4,1968,2,5,AUDI A3,2,E01032772,0,-1
2020100989022,2020,100989022,1,9,0,18,19,3,7,0,0,3,0,0,0,0,3,1,5,6,2,-1,-1,1896,2,13,AUDI A3,3,E01008476,0,-1
202006A178907,2020,06A178907,2,9,0,3,3,8,4,0,0,1,0,0,0,0,2,1,1,1,2,31,6,1896,2,14,AUDI A3,2,E01005122,0,-1
2020010271501,2020,010271501,2,9,0,3,3,1,5,0,0,0,0,4,0,0,3,1,6,6,2,23,5,1197,1,8,AUDI A3,-1,-1,0,-1
2020010255116,2020,010255116,1,9,0,99,99,9,9,99,99,9,9,99,9,99,2,9,6,6,2,33,6,1395,1,6,AUDI A3,4,E01003628,0,-1
2020070533949,2020,070533949,2,9,0,18,19,5,1,0,0,1,0,0,0,0,1,1,6,6,1,23,5,1968,2,5,AUDI A3,3,E01005760,0,-1
2020010257068,2020,010257068,1,9,0,99,99,9,9,99,99,0,9,99,9,99,9,9,2,2,1,-1,-1,1968,2,11,AUDI A3,4,E01003568,0,-1
2020010239530,2020,010239530,2,9,0,18,19,3,7,0,0,1,0,0,0,0,4,1,6,6,2,24,5,1390,1,9,AUDI A3,4,E01000503,0,-1
2020360959339,2020,360959339,2,9,0,3,3,4,7,0,0,0,0,0,0,0,2,1,5,6,2,23,5,1598,2,6,AUDI A3,5,E01026428,0,-1
2020420990379,2020,420990379,2,9,0,18,19,2,6,0,0,0,0,0,0,0,1,1,5,6,1,23,5,1395,1,6,AUDI A3,5,E01031986,0,-1
2020991000543,2020,991000543,1,9,0,5,5,6,2,0,0,0,0,0,0,0,3,1,5,6,2,55,8,1395,1,5,AUDI A3,10,-1,0,-1
202006P277589,2020,06P277589,1,9,0,16,19,6,8,0,0,0,1,0,0,0,1,1,2,2,1,23,5,1798,1,7,AUDI A3,4,E01004978,0,-1
2020010280703,2020,010280703,2,9,0,99,99,9,9,99,99,0,9,99,9,99,2,9,6,6,3,26,6,1968,2,15,AUDI A3,2,E01004243,0,-1
2020350979404,2020,350979404,2,9,0,9,9,-1,-1,0,0,4,0,0,0,0,1,1,6,6,3,-1,-1,1781,1,20,AUDI A3,-1,-1,0,-1
2020430333087,2020,430333087,1,9,0,7,7,7,1,0,0,8,0,0,0,0,3,1,6,6,1,30,6,1968,2,10,AUDI A3,-1,-1,0,-1
2020470993700,2020,470993700,1,9,0,9,9,7,5,0,0,5,1,0,7,4,4,1,6,6,1,21,5,1395,1,6,AUDI A3,4,E01021006,0,-1
2020430160944,2020,430160944,1,9,0,18,19,5,1,0,0,0,0,0,0,0,1,1,6,6,1,22,5,1968,2,10,AUDI A3,10,E01017873,0,-1
2020302000175,2020,302000175,2,9,0,5,5,4,6,0,0,3,0,0,0,0,4,1,6,6,1,46,8,1968,2,5,AUDI A3,8,E01019449,0,-1
2020010247371,2020,010247371,3,9,0,2,2,0,0,0,0,1,0,0,0,0,3,1,6,6,3,-1,-1,1595,1,14,AUDI A3,-1,-1,0,-1
2020010230922,2020,010230922,1,9,0,99,99,9,9,99,99,9,9,99,9,99,4,9,6,6,2,32,6,1598,2,1,AUDI A3,2,E01015657,0,-1
2020400960024,2020,400960024,1,9,0,16,19,2,6,0,0,0,5,0,8,0,3,1,6,6,1,37,7,1968,2,10,AUDI A3,10,E01017530,0,-1
20201371L1460,2020,1371L1460,1,9,0,18,19,8,3,0,0,8,0,0,0,0,1,1,6,6,1,29,6,1968,2,16,AUDI A3,1,E01007530,0,-1
2020160947115,2020,160947115,1,9,0,18,19,7,3,0,0,1,0,0,0,0,1,1,6,6,1,24,5,1968,2,16,AUDI A3,1,E01012845,0,-1
202031C051020,2020,31C051020,1,9,0,3,3,7,3,0,0,1,0,0,0,0,2,1,6,6,1,32,6,1968,2,6,AUDI A3,1,E01013825,0,-1
2020201016040,2020,201016040,1,9,0,18,19,8,4,0,0,0,0,0,0,0,3,1,6,6,2,62,9,1595,1,13,AUDI A3,1,E01008916,0,-1
2020520100132,2020,520100132,2,9,0,18,19,8,4,0,0,8,0,0,0,0,1,1,6,6,1,36,7,1968,2,8,AUDI A3,8,E01029194,0,-1
2020010258770,2020,010258770,1,9,0,99,99,9,9,99,99,9,9,99,9,99,1,9,6,6,1,28,6,1395,1,4,AUDI A3,5,E01002488,0,-1
20201376N1321,2020,1376N1321,1,9,0,18,19,3,8,0,0,0,0,0,0,0,1,1,6,6,1,20,4,1968,2,14,AUDI A3,4,E01010675,0,-1
2020421009803,2020,421009803,1,9,0,16,19,7,2,0,0,0,0,10,7,0,3,1,6,6,2,36,7,1896,2,11,AUDI A3,3,E01021565,0,-1
2020370923626,2020,370923626,1,9,0,18,19,2,6,0,0,1,0,0,0,0,1,1,1,1,2,22,5,1595,1,14,AUDI A3,8,E01021389,0,-1
202031B128520,2020,31B128520,1,9,0,13,13,5,1,0,0,0,5,10,1,4,1,1,6,6,1,23,5,1896,2,14,AUDI A3,1,E01011433,0,-1
2020460930982,2020,460930982,2,9,0,18,19,5,1,0,0,3,2,10,1,0,4,1,5,6,1,26,6,2480,1,8,AUDI A3,5,E01002262,0,-1
2020220934301,2020,220934301,1,9,0,17,19,6,2,0,0,0,0,0,0,0,3,1,5,6,2,52,8,1395,1,4,AUDI A3,7,E01028950,0,-1
2020010237411,2020,010237411,2,9,0,9,9,6,4,0,0,1,9,0,0,99,1,9,6,6,3,-1,-1,1395,1,5,AUDI A3,-1,-1,0,-1
202006N169933,2020,06N169933,2,9,0,17,19,7,4,0,0,0,0,0,0,0,1,1,2,2,2,36,7,1395,1,6,AUDI A3,7,E01012614,0,-1
2020522100270,2020,522100270,1,9,0,9,9,8,5,0,0,1,0,0,0,0,3,1,6,6,2,28,6,1595,1,13,AUDI A3,1,E01014585,0,-1
2020410963466,2020,410963466,1,9,0,18,19,8,4,0,0,0,0,0,0,0,1,1,5,6,1,95,11,1984,1,9,AUDI A3,6,E01023943,0,-1
2020200970237,2020,200970237,1,9,0,14,14,8,4,0,0,0,0,0,0,0,1,1,6,6,1,23,5,1968,2,11,AUDI A3,2,E01010562,0,-1
2020010261720,2020,010261720,2,9,0,5,5,3,7,0,0,1,0,0,0,0,4,1,6,6,1,24,5,1595,1,9,AUDI A3,7,E01002198,0,-1
2020100950948,2020,100950948,2,9,0,4,4,1,1,0,0,1,0,0,0,0,2,1,6,6,1,25,5,1598,2,4,AUDI A3,8,E01027438,0,-1
2020010263933,2020,010263933,2,9,0,99,99,9,9,99,99,1,9,99,9,99,9,9,6,6,3,26,6,1395,1,5,AUDI A3,2,E01002310,0,-1
202031C138820,2020,31C138820,2,9,0,18,19,1,5,0,0,4,0,0,0,0,1,1,2,2,1,20,4,1598,2,6,AUDI A3,2,E01013886,0,-1
2020010286664,2020,010286664,1,9,0,99,99,9,9,99,99,9,9,99,9,99,2,9,6,6,2,28,6,1598,2,1,AUDI A3,8,E01002209,0,-1
2020552000312,2020,552000312,2,9,0,9,9,3,1,0,0,1,0,0,0,0,3,1,2,2,2,19,4,999,1,4,AUDI A3,8,E01033158,0,-1
2020200955505,2020,200955505,1,9,0,17,19,2,7,0,0,0,0,0,0,0,3,1,6,6,3,-1,-1,1598,2,4,AUDI A3,-1,-1,0,-1
2020990947894,2020,990947894,1,9,0,9,9,3,7,0,0,1,5,10,1,0,1,1,6,6,2,21,5,1197,1,5,AUDI A3,7,-1,0,-1
2020140954156,2020,140954156,1,9,0,4,4,5,1,0,0,4,0,0,0,0,2,1,6,6,3,-1,-1,1968,2,13,AUDI A3,-1,-1,0,-1
2020302001465,2020,302001465,2,9,0,18,19,8,4,0,0,8,0,0,0,0,4,1,6,6,2,29,6,1896,2,14,AUDI A3,10,E01033532,0,-1
2020010257695,2020,010257695,1,9,0,9,9,3,2,0,0,1,0,0,1,11,1,1,6,6,1,21,5,1598,2,5,AUDI A3,3,E01001154,0,-1
2020010269247,2020,010269247,1,9,0,18,19,5,1,0,0,0,5,0,0,0,1,1,6,6,1,36,7,1968,2,15,AUDI A3,4,E01001727,0,-1
2020010257225,2020,010257225,1,9,0,18,19,2,6,0,0,0,0,0,0,0,2,1,6,6,1,26,6,1984,1,16,AUDI A3,5,E01032068,0,-1
2020622000804,2020,622000804,1,9,0,18,19,6,2,0,0,1,0,0,0,0,1,1,6,6,1,23,5,1896,2,12,AUDI A3,4,W01000947,0,-1
2020430043729,2020,430043729,1,9,0,9,9,2,8,0,0,6,0,0,0,0,1,1,6,6,1,19,4,1598,2,6,AUDI A3,10,E01028674,0,-1