collision_index,collision_year,collision_ref_no,vehicle_reference,vehicle_type,towing_and_articulation,vehicle_manoeuvre_historic,vehicle_manoeuvre,vehicle_direction_from,vehicle_direction_to,vehicle_location_restricted_lane_historic,vehicle_location_restricted_lane,junction_location,skidding_and_overturning,hit_object_in_carriageway,vehicle_leaving_carriageway,hit_object_off_carriageway,first_point_of_impact,vehicle_left_hand_drive,journey_purpose_of_driver_historic,journey_purpose_of_driver,sex_of_driver,age_of_driver,age_band_of_driver,engine_capacity_cc,propulsion_code,age_of_vehicle,generic_make_model,driver_imd_decile,lsoa_of_driver,escooter_flag,driver_distance_banding
2020200949633,2020,200949633,1,9,0,18,19,8,4,0,0,0,0,0,0,0,1,1,6,6,1,29,6,1595,1,14,AUDI A3,2,E01009906,0,-1
2020420927673,2020,420927673,1,9,0,18,19,7,3,0,0,0,0,0,0,0,1,1,6,6,1,22,5,1984,1,14,AUDI A3,5,E01021492,0,-1
2020622000956,2020,622000956,1,9,0,17,19,8,4,0,0,0,1,0,7,0,1,1,6,6,1,39,7,1595,1,13,AUDI A3,5,W01001213,0,-1
2020552001024,2020,552001024,3,9,0,4,4,8,4,0,0,0,0,0,0,0,0,1,6,6,2,47,8,1968,2,3,AUDI A3,6,E01015369,0,-1
2020211031870,2020,211031870,2,9,0,18,19,1,5,0,0,1,0,0,0,0,1,1,6,6,2,52,8,3189,1,12,AUDI A3,3,E01029404,0,-1
2020100985033,2020,100985033,1,9,0,18,19,3,3,0,0,6,0,0,0,0,1,1,6,6,1,18,4,1968,2,15,AUDI A3,-1,-1,0,-1
2020160978170,2020,160978170,1,9,0,18,19,2,6,0,0,2,0,0,0,0,1,1,5,6,1,22,5,1595,1,9,AUDI A3,8,E01013190,0,-1
2020040982555,2020,040982555,1,9,0,7,7,3,5,0,0,6,0,0,0,0,1,1,6,6,3,-1,-1,1968,2,11,AUDI A3,-1,-1,0,-1
2020010251902,2020,010251902,2,9,0,3,3,3,7,0,0,1,0,0,0,0,1,1,6,6,2,20,4,1798,1,12,AUDI A3,6,E01024472,0,-1
2020137582009,2020,137582009,1,9,0,18,19,5,1,0,0,1,0,0,0,0,1,1,6,6,1,26,6,1968,2,9,AUDI A3,1,E01011750,0,-1
2020010245772,2020,010245772,1,9,0,5,5,0,5,0,0,6,0,0,0,0,1,1,6,6,3,-1,-1,1598,2,4,AUDI A3,-1,-1,0,-1
2020440488468,2020,440488468,2,9,0,18,19,1,5,0,0,8,0,0,0,0,4,1,6,6,1,72,10,1798,1,6,AUDI A3,9,E01031886,0,-1
2020137611237,2020,137611237,1,9,0,17,19,6,2,0,0,1,5,0,0,11,4,1,6,6,1,19,4,999,1,1,AUDI A3,6,E01010594,0,-1
202031C111320,2020,31C111320,1,9,0,18,19,4,8,0,0,4,1,9,1,1,1,1,6,6,2,30,6,1968,2,16,AUDI A3,-1,-1,0,-1
2020010248257,2020,010248257,1,9,0,15,15,6,2,0,0,2,0,0,0,0,4,1,6,6,1,52,8,1968,1,14,AUDI A3,4,E01002020,0,-1
2020622001079,2020,622001079,1,9,0,5,5,8,4,0,0,4,0,0,0,0,0,1,6,6,2,39,7,1598,2,6,AUDI A3,5,W01001825,0,-1
2020622000535,2020,622000535,2,9,0,2,2,0,0,0,0,2,0,0,0,0,2,1,6,6,3,-1,-1,1598,2,3,AUDI A3,-1,-1,0,-1
2020160915568,2020,160915568,1,9,0,16,19,6,8,0,0,0,0,0,0,0,0,1,5,6,1,21,5,1896,2,11,AUDI A3,4,E01027861,0,-1
2020420983578,2020,420983578,2,9,0,4,4,2,6,0,0,0,0,0,7,0,2,1,6,6,1,30,6,1390,1,10,AUDI A3,5,E01021644,0,-1
2020360942149,2020,360942149,1,9,0,9,9,1,5,0,0,2,0,0,0,0,1,1,6,6,1,50,8,1498,1,1,AUDI A3,6,E01030052,0,-1
2020010242603,2020,010242603,3,9,0,2,2,0,0,0,0,8,0,0,0,0,2,1,6,6,3,-1,-1,1498,1,2,AUDI A3,-1,-1,0,-1
2020070769097,2020,070769097,1,9,0,16,19,3,7,0,0,0,0,0,0,0,3,1,2,2,1,26,6,1968,2,12,AUDI A3,8,E01018395,0,-1
2020200975558,2020,200975558,1,9,0,18,19,3,7,0,0,1,0,0,0,0,1,1,6,6,3,-1,-1,3189,1,16,AUDI A3,-1,-1,0,-1
2020610040620,2020,610040620,1,9,0,15,15,3,7,0,0,0,0,0,0,0,4,1,6,6,2,24,5,1968,2,8,AUDI A3,5,W01001346,0,-1
2020451008689,2020,451008689,2,9,0,1,1,1,5,0,0,1,0,0,0,0,2,1,6,6,1,32,6,1968,2,14,AUDI A3,8,E01030701,0,-1
2020531008584,2020,531008584,1,9,0,7,7,7,3,0,0,0,0,0,0,0,1,1,5,6,1,21,5,1598,2,4,AUDI A3,9,E01022436,0,-1
2020200956475,2020,200956475,1,9,0,18,19,6,2,0,0,0,1,10,7,10,1,1,6,6,1,-1,-1,1968,2,13,AUDI A3,-1,-1,0,-1
202006L271620,2020,06L271620,1,9,0,18,19,8,4,0,0,0,0,0,0,0,1,1,6,6,1,26,6,1984,2,14,AUDI A3,1,E01006288,0,-1
2020990973403,2020,990973403,1,9,0,9,9,8,5,0,0,0,0,0,0,0,1,1,2,2,1,35,6,1968,2,8,AUDI A3,-1,-1,0,-1
2020010256742,2020,010256742,2,9,0,99,99,9,9,99,99,1,9,99,9,99,1,9,6,6,1,-1,-1,1598,2,7,AUDI A3,-1,-1,0,-1
20201371M0994,2020,1371M0994,3,9,0,4,4,7,3,0,0,1,0,0,0,0,2,1,6,6,1,39,7,1968,2,13,AUDI A3,3,E01011016,0,-1
2020160974614,2020,160974614,3,9,0,7,7,3,7,0,0,1,0,0,0,0,4,1,6,6,2,36,7,1598,2,1,AUDI A3,-1,-1,0,-1
2020470916049,2020,470916049,1,9,0,9,9,8,6,0,0,5,0,0,0,0,1,1,1,1,1,23,5,1395,1,4,AUDI A3,4,E01031628,0,-1
2020140940810,2020,140940810,1,9,0,18,19,3,7,0,0,0,0,4,0,0,3,1,6,6,1,28,6,1968,2,6,AUDI A3,7,E01007700,0,-1
2020100922817,2020,100922817,2,9,0,18,19,5,1,0,0,0,0,0,0,0,4,1,5,6,1,21,5,1390,1,10,AUDI A3,-1,-1,0,-1
2020400933874,2020,400933874,2,9,0,4,4,8,4,0,0,0,0,4,0,0,2,1,6,6,2,37,7,1896,2,13,AUDI A3,5,E01015790,0,-1
202006J276609,2020,06J276609,1,9,0,16,19,3,8,0,0,0,5,11,0,10,4,1,6,6,1,29,6,1968,2,5,AUDI A3,4,E01005897,0,-1
202006Q166928,2020,06Q166928,3,9,0,4,4,6,2,0,0,1,0,0,0,0,2,1,2,2,1,31,6,1395,1,5,AUDI A3,-1,-1,0,-1
2020010255188,2020,010255188,2,9,0,7,7,3,5,0,0,8,0,0,0,0,3,1,6,6,2,50,8,1595,1,9,AUDI A3,2,E01003483,0,-1
2020990925128,2020,990925128,1,9,0,7,7,2,3,0,0,1,0,0,0,0,3,1,5,6,2,28,6,1498,1,3,AUDI A3,5,-1,0,-1
2020420978572,2020,420978572,2,9,0,3,3,1,5,0,0,0,0,0,0,0,2,1,5,6,1,20,4,1896,2,12,AUDI A3,2,E01021685,0,-1
2020440286405,2020,440286405,1,9,0,9,9,8,6,0,0,8,0,0,0,0,3,1,6,6,2,57,9,1395,8,0,AUDI A3,7,E01022938,0,-1
2020440265965,2020,440265965,2,9,0,3,3,6,2,0,0,0,0,0,0,0,2,1,6,6,2,25,5,1395,1,4,AUDI A3,10,E01015399,0,-1
2020200948602,2020,200948602,1,9,0,9,9,8,6,0,0,8,0,0,0,0,2,1,6,6,1,31,6,1968,2,10,AUDI A3,4,E01010322,0,-1
2020610046720,2020,610046720,1,9,0,13,13,8,4,0,0,4,2,0,1,0,1,1,6,6,1,26,6,1781,1,18,AUDI A3,-1,-1,0,-1
2020500934812,2020,500934812,1,9,0,16,19,2,6,0,0,0,1,0,0,0,1,1,6,6,2,31,6,1896,2,11,AUDI A3,8,E01019898,0,-1
2020201000619,2020,201000619,1,9,0,18,19,8,4,0,0,0,0,4,0,0,1,1,6,6,1,32,6,1595,1,17,AUDI A3,2,E01010260,0,-1
2020140930392,2020,140930392,1,9,0,18,19,1,5,0,0,2,0,0,0,0,1,1,2,2,2,28,6,1598,2,8,AUDI A3,-1,-1,0,-1
2020200988140,2020,200988140,2,9,0,14,14,8,4,0,0,2,0,0,0,0,1,1,6,6,2,30,6,1968,2,11,AUDI A3,10,E01010108,0,-1
2020622000238,2020,622000238,1,9,0,18,19,4,8,0,0,6,0,0,7,11,3,1,6,6,2,26,6,1968,2,10,AUDI A3,1,W01000896,0,-1
2020470965391,2020,470965391,1,9,0,7,7,1,5,0,0,1,0,0,0,0,4,2,5,6,1,60,9,1395,1,6,AUDI A3,9,E01003478,0,-1
2020401009231,2020,401009231,1,9,0,4,4,7,3,0,0,4,0,0,0,0,1,1,1,1,2,23,5,1968,2,4,AUDI A3,3,E01015724,0,-1
2020010286664,2020,010286664,2,9,0,99,99,9,9,99,99,9,9,99,9,99,1,9,6,6,3,-1,-1,1395,1,4,AUDI A3,4,E01000162,0,-1
2020030972118,2020,030972118,1,9,0,17,19,2,6,0,0,0,0,0,7,9,1,1,5,6,1,25,5,1595,1,12,AUDI A3,3,E01008576,0,-1
2020332000008,2020,332000008,2,9,0,4,4,4,8,0,0,1,0,0,0,0,2,1,2,2,1,54,8,1598,2,4,AUDI A3,9,E01025913,0,-1
202006J370157,2020,06J370157,1,9,0,9,9,1,7,0,0,8,0,0,0,0,1,1,6,6,3,-1,-1,1968,2,14,AUDI A3,-1,-1,0,-1
2020052000032,2020,052000032,1,9,0,17,19,6,2,0,0,0,1,10,1,2,3,1,6,6,1,29,6,3189,1,14,AUDI A3,1,E01006817,0,-1
2020200972421,2020,200972421,2,9,0,9,9,8,6,0,0,8,0,0,0,0,3,1,6,6,1,20,4,1968,2,6,AUDI A3,1,E01009376,0,-1
2020430211130,2020,430211130,1,9,0,13,13,7,3,0,0,3,1,9,7,10,1,1,6,6,1,34,6,1395,1,4,AUDI A3,7,E01028432,0,-1
2020201022522,2020,201022522,1,9,0,3,3,8,4,0,0,1,0,0,0,0,2,1,6,6,2,33,6,1968,2,6,AUDI A3,2,E01009515,0,-1
2020230945812,2020,230945812,1,9,0,9,9,2,8,0,0,6,0,0,0,0,1,1,2,2,2,27,6,1595,1,12,AUDI A3,2,E01010533,0,-1
2020450927248,2020,450927248,3,9,0,18,19,1,5,0,0,0,0,0,0,0,1,1,5,6,2,78,11,1498,1,1,AUDI A3,8,E01016311,0,-1
2020230944003,2020,230944003,1,9,0,18,19,6,2,0,0,0,0,0,0,0,1,1,5,6,1,24,5,1968,2,4,AUDI A3,8,E01020828,0,-1
2020010248522,2020,010248522,2,9,0,99,99,9,9,0,0,1,0,0,0,0,1,9,6,6,3,67,10,1968,2,8,AUDI A3,8,E01002575,0,-1
20201378K0709,2020,1378K0709,1,9,0,9,9,3,1,0,0,8,0,0,0,0,4,1,6,6,1,32,6,1896,2,12,AUDI A3,5,E01011732,0,-1
2020420918595,2020,420918595,1,9,0,18,19,5,1,0,0,1,0,0,0,0,1,1,1,1,1,44,7,1968,2,3,AUDI A3,5,E01021680,0,-1
2020122001196,2020,122001196,1,9,0,18,19,3,7,0,0,1,0,0,0,0,2,1,6,6,1,57,9,1598,2,5,AUDI A3,3,E01029635,0,-1
2020220916521,2020,220916521,1,9,0,18,19,7,3,0,0,6,1,0,7,10,1,1,2,2,1,52,8,1598,2,5,AUDI A3,2,E01010555,0,-1
2020101000065,2020,101000065,2,9,0,18,19,3,7,0,0,3,0,0,0,0,4,1,5,6,1,27,6,1968,2,10,AUDI A3,-1,-1,0,-1
2020010255798,2020,010255798,1,9,0,99,99,9,9,99,99,9,9,99,9,99,2,9,6,6,1,30,6,1395,1,6,AUDI A3,5,E01000779,0,-1
2020430267580,2020,430267580,2,9,0,18,19,8,4,0,0,8,0,0,1,0,4,1,2,2,2,52,8,1896,2,14,AUDI A3,8,E01015553,0,-1
2020460966904,2020,460966904,1,9,0,7,7,2,4,0,0,0,0,0,0,0,1,1,6,6,1,22,5,1498,1,1,AUDI A3,4,E01016071,0,-1
2020320083550,2020,320083550,3,9,0,18,19,1,3,0,0,1,0,0,0,0,0,1,6,6,2,54,8,1395,1,4,AUDI A3,6,E01026020,0,-1
2020500985561,2020,500985561,1,9,0,1,1,3,7,0,0,0,0,0,0,0,0,1,5,6,1,68,10,1984,1,4,AUDI A3,7,E01002819,0,-1
2020010249239,2020,010249239,1,9,0,18,19,3,7,0,0,1,1,0,0,0,1,1,2,2,1,62,9,1595,1,14,AUDI A3,1,E01024658,0,-1
2020500977649,2020,500977649,1,9,0,18,19,3,7,0,0,0,0,0,0,0,1,1,6,6,1,72,10,1896,2,19,AUDI A3,8,E01018884,0,-1
2020010257679,2020,010257679,1,9,0,9,9,3,1,0,0,5,0,0,0,0,4,1,6,6,2,27,6,1197,1,8,AUDI A3,6,E01001253,0,-1
202006A273625,2020,06A273625,2,9,0,18,19,2,6,0,0,0,0,0,0,0,2,1,6,6,1,27,6,1498,1,2,AUDI A3,5,E01012635,0,-1
2020340W09242,2020,340W09242,1,9,0,18,19,7,3,0,0,0,1,7,0,0,1,1,6,6,2,37,7,1968,2,15,AUDI A3,6,E01027039,0,-1
2020010246548,2020,010246548,2,9,0,18,19,2,6,0,0,0,0,4,0,0,1,1,6,6,1,25,5,1984,1,15,AUDI A3,3,E01004325,0,-1
2020200950820,2020,200950820,1,9,0,18,19,6,2,0,0,4,0,0,0,0,1,1,6,6,1,50,8,1595,1,8,AUDI A3,1,E01033647,0,-1
2020010234996,2020,010234996,2,9,0,18,19,3,7,0,0,1,0,0,0,0,4,1,6,6,1,23,5,1498,1,2,AUDI A3,6,E01000238,0,-1
2020230994480,2020,230994480,2,9,0,9,9,6,4,0,0,5,0,0,0,0,4,1,5,6,1,24,5,1968,2,9,AUDI A3,3,E01031065,0,-1
2020010259552,2020,010259552,1,9,0,9,9,1,6,0,0,1,0,0,0,0,1,1,2,2,1,34,6,1598,2,5,AUDI A3,4,E01000472,0,-1
2020230932308,2020,230932308,2,9,0,5,5,5,1,0,0,1,0,0,0,0,1,1,6,6,1,23,5,1598,2,7,AUDI A3,8,E01031230,0,-1
2020360994306,2020,360994306,1,9,0,7,7,1,3,0,0,6,0,0,0,0,1,1,5,6,1,38,7,1896,2,19,AUDI A3,4,E01026850,0,-1
2020010245502,2020,010245502,2,9,0,5,5,7,3,0,0,1,1,0,0,0,1,1,2,2,1,49,8,1968,2,4,AUDI A3,10,E01022870,0,-1
2020200945761,2020,200945761,1,9,0,3,3,5,1,0,0,0,0,0,0,0,2,1,6,6,1,33,6,1968,2,13,AUDI A3,1,E01033633,0,-1
202063B027820,2020,63B027820,1,9,0,17,19,1,6,0,0,1,0,0,1,10,1,1,6,6,1,39,7,1968,2,13,AUDI A3,3,W01001014,0,-1
202006L269323,2020,06L269323,2,9,0,7,7,7,1,0,0,0,0,0,0,0,4,1,6,6,2,53,8,1896,2,20,AUDI A3,2,E01006244,0,-1
2020137961157,2020,137961157,2,9,0,18,19,1,5,0,0,0,0,0,0,0,3,1,6,6,2,23,5,1595,1,8,AUDI A3,2,E01011862,0,-1
2020430304623,2020,430304623,2,9,0,3,3,6,2,0,0,0,0,0,0,0,4,1,2,2,1,25,5,1498,1,0,AUDI A3,3,E01016834,0,-1
2020360949966,2020,360949966,1,9,0,18,19,1,5,0,0,0,0,0,0,0,1,1,6,6,3,-1,-1,1598,2,8,AUDI A3,-1,-1,0,-1
2020200931358,2020,200931358,1,9,0,12,12,-1,-1,0,0,0,1,6,0,0,1,1,6,6,2,35,6,1968,2,15,AUDI A3,-1,-1,0,-1
2020010235542,2020,010235542,3,9,0,11,11,7,3,0,0,0,0,0,0,0,2,1,2,2,1,43,7,1968,2,13,AUDI A3,2,E01001555,0,-1
2020990958640,2020,990958640,1,9,0,4,4,5,6,7,6,0,0,0,0,0,3,1,5,6,2,33,6,1968,2,12,AUDI A3,4,-1,0,-1
2020041010260,2020,041010260,4,9,0,18,19,1,5,0,0,1,0,0,0,0,0,1,5,6,2,31,6,1598,2,1,AUDI A3,5,E01025329,0,-1
2020990929942,2020,990929942,1,9,0,9,9,4,2,0,0,1,0,0,0,0,1,1,6,6,1,29,6,1197,1,6,AUDI A3,3,-1,0,-1
20201378I1437,2020,1378I1437,2,9,0,18,19,1,5,0,0,0,0,0,0,0,2,1,6,6,1,25,5,1598,2,8,AUDI A3,1,E01010809,0,-1
2020460990328,2020,460990328,1,9,0,18,19,3,7,0,0,8,1,0,0,0,1,1,6,6,2,22,5,1395,1,4,AUDI A3,4,E01024090,0,-1
2020010231476,2020,010231476,1,9,0,99,99,9,9,99,99,9,9,99,9,99,9,9,6,6,1,21,5,999,1,1,AUDI A3,5,E01003700,0,-1
2020010267772,2020,010267772,1,9,0,99,99,9,9,99,99,9,9,99,9,99,2,9,2,2,1,45,7,1197,1,6,AUDI A3,3,E01000432,0,-1
2020200993362,2020,200993362,2,9,0,18,19,2,6,0,0,0,0,0,0,0,1,1,3,7,2,42,7,1395,1,6,AUDI A3,1,E01033621,0,-1
2020010270544,2020,010270544,1,9,0,99,99,9,9,99,99,1,9,99,9,99,1,9,6,6,2,29,6,999,1,0,AUDI A3,8,E01033063,0,-1
2020010244104,2020,010244104,2,9,0,5,5,4,8,0,0,1,0,0,0,0,1,1,6,6,1,30,6,1598,2,5,AUDI A3,3,E01004189,0,-1
2020421014921,2020,421014921,1,9,0,18,19,7,3,0,0,1,0,0,0,0,1,1,2,2,2,26,6,1968,2,13,AUDI A3,6,E01029902,0,-1
2020200942140,2020,200942140,1,9,0,5,5,3,7,0,0,8,0,0,0,0,1,1,6,6,1,25,5,1598,2,10,AUDI A3,4,E01009035,0,-1
2020450923327,2020,450923327,2,9,0,18,19,7,3,0,0,0,0,0,0,0,2,1,5,6,1,34,6,1968,2,12,AUDI A3,3,E01004411,0,-1
202063A036420,2020,63A036420,1,9,0,5,5,6,2,0,0,6,0,0,0,0,1,1,6,6,2,31,6,1896,2,11,AUDI A3,3,W01000695,0,-1
2020010274938,2020,010274938,2,9,0,99,99,9,9,99,99,9,9,99,9,99,9,9,6,6,3,-1,-1,1498,1,1,AUDI A3,-1,-1,0,-1
2020520100758,2020,520100758,2,9,0,4,4,8,4,0,0,6,0,0,0,0,2,1,6,6,1,35,6,1896,2,15,AUDI A3,2,E01029107,0,-1
2020421000726,2020,421000726,1,9,0,18,19,7,3,0,0,0,0,0,0,0,1,1,6,6,1,37,7,1595,1,14,AUDI A3,6,E01015937,0,-1
2020500934833,2020,500934833,1,9,0,5,5,7,3,0,0,0,0,0,0,0,1,1,5,6,1,52,8,1968,2,11,AUDI A3,4,E01023757,0,-1
2020530955315,2020,530955315,1,9,0,17,19,7,3,0,0,0,0,0,0,0,4,1,6,6,1,52,8,1968,2,10,AUDI A3,8,E01014890,0,-1
2020470967655,2020,470967655,1,9,0,17,19,4,1,0,0,0,0,0,0,0,1,1,2,2,1,29,6,1968,2,17,AUDI A3,9,E01031648,0,-1
202031C112220,2020,31C112220,2,9,0,9,9,8,6,0,0,6,0,0,0,0,1,1,6,6,1,20,4,1968,2,14,AUDI A3,9,E01025686,0,-1
202006P178498,2020,06P178498,1,9,0,18,19,3,7,0,0,8,0,0,0,2,3,1,6,6,1,25,5,1968,2,14,AUDI A3,2,E01025385,0,-1
2020540685320,2020,540685320,1,9,0,7,7,4,6,0,0,8,0,7,0,0,1,1,2,2,1,33,6,1968,2,1,AUDI A3,8,E01015561,0,-1
2020010252491,2020,010252491,1,9,0,2,2,0,0,0,0,0,0,4,0,0,2,1,6,6,3,-1,-1,999,1,2,AUDI A3,-1,-1,0,-1
202031C071120,2020,31C071120,1,9,0,18,19,8,4,0,0,0,0,0,0,0,3,1,6,6,1,40,7,1968,2,7,AUDI A3,4,E01013967,0,-1
2020010288613,2020,010288613,2,9,0,99,99,9,9,99,99,9,9,99,9,99,1,9,6,6,3,30,6,1498,1,1,AUDI A3,3,E01002070,0,-1
2020410932661,2020,410932661,1,9,0,5,5,8,4,0,0,0,1,0,1,4,1,1,6,6,1,35,6,1984,1,12,AUDI A3,9,E01033022,0,-1
202006K270241,2020,06K270241,3,9,0,18,19,4,8,0,0,0,0,0,0,0,1,1,1,1,2,62,9,1598,2,4,AUDI A3,10,E01004885,0,-1
20201377J0969,2020,1377J0969,2,9,0,18,19,1,5,0,0,0,0,0,0,0,1,1,6,6,1,26,6,1968,2,6,AUDI A3,1,E01010702,0,-1
2020100983621,2020,100983621,2,9,0,18,19,7,3,0,0,1,0,0,1,0,1,1,6,6,2,77,11,1595,1,16,AUDI A3,1,E01008524,0,-1
2020122000324,2020,122000324,1,9,0,4,4,5,1,0,0,0,0,0,0,0,0,1,6,6,1,29,6,1968,2,10,AUDI A3,10,-1,0,-1
2020320372530,2020,320372530,1,9,0,18,19,1,5,0,0,8,1,0,7,0,4,1,1,1,1,34,6,1968,2,13,AUDI A3,2,E01013129,0,-1
2020010276888,2020,010276888,2,9,0,18,19,5,1,0,0,1,0,0,0,0,4,1,6,6,3,-1,-1,1968,2,10,AUDI A3,-1,-1,0,-1
2020451000451,2020,451000451,2,9,0,9,9,5,3,0,0,6,0,0,0,0,3,1,5,6,1,66,10,1598,2,8,AUDI A3,7,E01030466,0,-1
2020010234389,2020,010234389,1,9,0,18,19,5,1,0,0,6,0,0,0,0,1,1,6,6,2,46,8,1968,2,4,AUDI A3,4,E01002594,0,-1
2020010261353,2020,010261353,2,9,0,99,99,9,9,99,99,9,9,99,9,99,9,9,6,6,1,57,9,1598,2,4,AUDI A3,3,E01000644,0,-1
2020010260326,2020,010260326,1,9,0,18,19,1,5,9,9,1,0,0,0,0,1,1,6,6,1,28,6,1984,1,13,AUDI A3,4,E01033320,0,-1
20201375R1082,2020,1375R1082,1,9,0,18,19,4,8,0,0,1,0,0,0,0,1,1,6,6,1,24,5,1968,2,16,AUDI A3,1,E01011366,0,-1
2020460929854,2020,460929854,2,9,0,10,10,1,7,0,0,1,0,0,0,0,1,1,5,6,2,33,6,1598,2,6,AUDI A3,5,E01024400,0,-1
2020500989099,2020,500989099,2,9,0,2,2,0,0,0,0,0,0,0,0,0,0,1,5,6,1,40,7,1968,2,10,AUDI A3,2,E01015156,0,-1
2020140988737,2020,140988737,1,9,0,18,19,6,2,9,9,0,0,0,0,0,1,1,6,6,1,31,6,1968,2,15,AUDI A3,1,E01007655,0,-1
202031C152820,2020,31C152820,1,9,0,18,19,5,1,0,0,0,0,0,0,0,1,1,6,6,2,51,8,1896,2,14,AUDI A3,1,E01013871,0,-1
2020420966250,2020,420966250,1,9,0,4,4,7,3,0,0,0,0,0,0,0,2,1,6,6,1,26,6,1968,2,8,AUDI A3,3,E01021320,0,-1
2020010259045,2020,010259045,1,9,0,10,10,5,2,0,0,1,0,0,0,0,2,1,2,2,2,24,5,1984,1,15,AUDI A3,4,E01000801,0,-1
2020990915383,2020,990915383,1,9,0,16,19,4,7,0,0,0,0,0,0,0,3,1,6,6,1,19,4,1968,2,17,AUDI A3,-1,-1,0,-1
2020201015276,2020,201015276,3,9,0,2,2,0,0,0,0,0,0,4,0,0,2,1,6,6,2,23,5,1968,2,4,AUDI A3,1,E01010466,0,-1
2020990961645,2020,990961645,1,9,0,18,19,3,7,0,0,0,0,0,0,0,1,1,5,6,2,20,4,1968,2,14,AUDI A3,5,-1,0,-1
2020991015668,2020,991015668,1,9,0,18,19,8,4,0,0,1,0,4,0,0,2,1,6,6,1,19,4,1896,2,15,AUDI A3,-1,-1,0,-1
2020451006532,2020,451006532,2,9,0,3,3,6,2,0,0,0,0,0,0,0,2,1,5,6,1,33,6,1968,2,15,AUDI A3,9,E01030947,0,-1
2020471005057,2020,471005057,2,9,0,17,19,3,8,0,0,0,0,0,0,0,3,1,3,7,2,37,7,1968,2,14,AUDI A3,2,E01031558,0,-1
2020161010095,2020,161010095,1,9,0,18,19,3,7,0,0,1,0,0,0,0,1,1,5,6,1,31,6,1598,2,7,AUDI A3,1,E01013296,0,-1
2020010281625,2020,010281625,2,9,0,99,99,9,9,99,99,9,9,99,9,99,1,9,6,6,3,30,6,1595,1,16,AUDI A3,-1,-1,0,-1
2020991010987,2020,991010987,2,9,0,17,19,5,3,0,0,0,0,0,0,0,1,1,5,6,2,55,8,1598,2,4,AUDI A3,9,-1,0,-1
2020200981407,2020,200981407,1,9,0,1,1,6,3,0,0,1,0,0,0,0,2,1,6,6,1,-1,-1,3189,1,16,AUDI A3,-1,-1,0,-1
202006M278050,2020,06M278050,2,9,0,9,9,7,5,0,0,1,0,0,0,0,1,1,6,6,2,30,6,1595,1,11,AUDI A3,-1,-1,0,-1
2020990946655,2020,990946655,2,9,0,18,19,7,3,0,0,8,0,0,0,0,1,1,6,6,1,44,7,1598,2,8,AUDI A3,2,-1,0,-1
2020200955489,2020,200955489,2,9,0,2,2,0,0,9,9,2,0,0,0,0,4,1,6,6,3,40,7,1968,2,9,AUDI A3,9,E01029608,0,-1
2020040967135,2020,040967135,1,9,0,16,19,1,5,9,9,2,0,0,1,0,1,1,5,6,1,23,5,1896,2,17,AUDI A3,1,E01012674,0,-1
2020520001233,2020,520001233,1,9,0,18,19,8,4,0,0,0,0,0,1,10,1,1,6,6,2,24,5,1598,2,8,AUDI A3,5,E01029067,0,-1
2020990928392,2020,990928392,1,9,0,9,9,3,1,0,0,8,0,0,0,0,1,1,5,6,2,21,5,1896,2,13,AUDI A3,2,-1,0,-1
2020440478964,2020,440478964,3,9,0,2,2,0,0,0,0,0,0,0,0,0,1,1,6,6,1,-1,-1,1598,2,5,AUDI A3,-1,-1,0,-1
2020211025861,2020,211025861,2,9,0,2,2,8,6,0,0,1,0,0,1,0,2,1,6,6,1,19,4,1598,2,1,AUDI A3,-1,-1,0,-1
2020420941157,2020,420941157,1,9,0,18,19,5,1,0,0,0,1,0,0,0,1,1,6,6,1,-1,-1,1968,2,15,AUDI A3,-1,-1,0,-1
2020010229959,2020,010229959,1,9,0,7,7,8,1,0,0,3,0,0,0,0,4,1,6,6,2,50,8,1390,1,8,AUDI A3,7,E01002338,0,-1
2020520100942,2020,520100942,2,9,0,18,19,7,3,0,0,8,0,0,0,0,4,1,6,6,2,32,6,1896,2,13,AUDI A3,7,E01029262,0,-1
2020400991924,2020,400991924,2,9,0,17,19,1,2,0,0,3,0,0,0,0,4,1,6,6,2,39,7,1968,2,15,AUDI A3,3,E01015701,0,-1
2020010230420,2020,010230420,2,9,0,99,99,9,9,99,99,9,9,99,9,99,1,9,6,6,3,-1,-1,1197,1,7,AUDI A3,-1,-1,0,-1
202006XN74351,2020,06XN74351,1,9,0,12,12,7,3,0,0,1,1,0,0,6,1,1,6,6,1,24,5,1968,2,16,AUDI A3,1,E01004863,0,-1
202031C050220,2020,31C050220,1,9,0,1,1,6,2,9,9,6,0,0,0,0,2,1,1,1,2,28,6,1968,2,9,AUDI A3,2,E01013835,0,-1
2020201022700,2020,201022700,1,9,0,18,19,5,1,0,0,0,0,0,0,0,1,1,6,6,1,18,4,1968,2,7,AUDI A3,9,E01009816,0,-1
2020140943845,2020,140943845,1,9,0,18,19,2,6,0,0,1,0,0,0,0,1,1,2,2,2,48,8,1598,2,7,AUDI A3,8,E01007527,0,-1
2020010243521,2020,010243521,1,9,0,6,6,1,1,0,0,5,0,0,0,0,1,1,6,6,1,31,6,1968,2,6,AUDI A3,2,E01004349,0,-1
2020010240342,2020,010240342,1,9,0,17,19,7,3,0,0,0,1,0,7,0,1,1,6,6,1,25,5,1968,2,13,AUDI A3,-1,-1,0,-1