collision_index,collision_year,collision_ref_no,vehicle_reference,vehicle_type,towing_and_articulation,vehicle_manoeuvre_historic,vehicle_manoeuvre,vehicle_direction_from,vehicle_direction_to,vehicle_location_restricted_lane_historic,vehicle_location_restricted_lane,junction_location,skidding_and_overturning,hit_object_in_carriageway,vehicle_leaving_carriageway,hit_object_off_carriageway,first_point_of_impact,vehicle_left_hand_drive,journey_purpose_of_driver_historic,journey_purpose_of_driver,sex_of_driver,age_of_driver,age_band_of_driver,engine_capacity_cc,propulsion_code,age_of_vehicle,generic_make_model,driver_imd_decile,lsoa_of_driver,escooter_flag,driver_distance_banding
20201375U2138,2020,1375U2138,1,9,0,18,19,2,6,0,0,0,0,0,0,0,1,1,6,6,3,-1,-1,1968,2,14,AUDI A3,-1,-1,0,-1
20201372J1506,2020,1372J1506,1,9,0,9,9,6,4,0,0,6,0,0,0,0,3,1,6,6,1,29,6,1968,2,11,AUDI A3,9,E01011180,0,-1
202006P179032,2020,06P179032,2,9,0,8,8,6,7,0,0,1,0,0,0,0,2,1,6,6,1,32,6,1968,2,6,AUDI A3,1,E01005497,0,-1
2020530921759,2020,530921759,1,9,0,9,9,5,3,0,0,1,0,0,0,0,1,1,2,2,1,50,8,1968,2,8,AUDI A3,6,E01022335,0,-1
2020122000920,2020,122000920,1,9,0,16,19,6,1,0,0,0,2,0,7,4,1,1,6,6,1,18,4,1395,1,3,AUDI A3,10,E01027654,0,-1
2020010247151,2020,010247151,1,9,0,7,7,4,7,0,0,8,0,0,0,0,1,1,6,6,1,26,6,1498,1,2,AUDI A3,8,E01000563,0,-1
2020140960570,2020,140960570,1,9,0,18,19,3,7,0,0,0,0,0,0,0,1,1,6,6,2,24,5,1598,2,6,AUDI A3,7,E01019770,0,-1
2020990926259,2020,990926259,1,9,0,17,19,7,7,0,0,0,0,0,0,0,1,1,5,6,1,53,8,1781,1,17,AUDI A3,4,-1,0,-1
2020522004936,2020,522004936,2,9,0,18,19,2,6,0,0,8,0,0,0,0,1,1,6,6,1,19,4,1395,1,7,AUDI A3,10,E01015014,0,-1
2020201010423,2020,201010423,1,9,0,5,5,3,2,0,0,6,0,10,1,10,1,1,6,6,1,91,11,1395,1,5,AUDI A3,9,E01010547,0,-1
2020220926954,2020,220926954,1,9,0,18,19,2,6,0,0,1,0,0,0,0,1,1,6,6,1,22,5,1968,2,11,AUDI A3,10,E01033059,0,-1
2020010253882,2020,010253882,1,9,0,16,19,6,2,0,0,2,0,7,0,0,1,1,6,6,1,18,4,1598,2,4,AUDI A3,3,E01032774,0,-1
202063B027820,2020,63B027820,2,9,0,7,7,1,4,0,0,5,0,0,1,10,2,1,6,6,1,27,6,3189,1,14,AUDI A3,6,W01000543,0,-1
2020522101119,2020,522101119,1,9,0,18,19,2,6,0,0,4,0,0,0,0,1,1,6,6,1,26,6,1781,1,21,AUDI A3,4,E01014946,0,-1
2020070547925,2020,070547925,2,9,0,18,19,6,2,0,0,8,0,0,0,0,2,1,6,6,1,31,6,999,1,2,AUDI A3,-1,-1,0,-1
2020450996286,2020,450996286,1,9,0,4,4,1,1,0,0,0,0,0,0,0,2,1,1,1,2,37,7,1598,2,4,AUDI A3,6,E01030819,0,-1
2020460963475,2020,460963475,1,9,0,9,9,5,3,0,0,2,0,0,0,0,3,1,5,6,2,62,9,1968,2,14,AUDI A3,3,E01024713,0,-1
2020140927640,2020,140927640,1,9,0,9,9,2,8,0,0,6,0,0,0,0,1,1,2,2,2,31,6,1598,2,9,AUDI A3,3,E01007673,0,-1
2020140997612,2020,140997612,1,9,0,1,1,5,1,0,0,1,0,0,0,0,2,1,5,6,1,36,7,1968,2,16,AUDI A3,4,E01007699,0,-1
2020010256829,2020,010256829,1,9,0,3,3,1,5,0,0,8,0,0,0,0,2,1,6,6,1,61,9,1896,2,11,AUDI A3,-1,-1,0,-1
202031B004720,2020,31B004720,1,9,0,18,19,8,4,0,0,1,0,0,0,0,1,1,6,6,1,19,4,1896,2,13,AUDI A3,-1,-1,0,-1
202006A278548,2020,06A278548,2,9,0,18,19,6,2,0,0,0,0,0,0,0,1,1,6,6,3,-1,-1,1968,2,8,AUDI A3,-1,-1,0,-1
2020010275747,2020,010275747,1,9,0,4,4,3,7,0,0,1,0,4,0,0,1,1,6,6,1,60,9,1595,1,9,AUDI A3,3,E01000495,0,-1
2020361013876,2020,361013876,2,9,0,10,10,4,1,0,0,1,0,0,0,0,3,1,5,6,2,25,5,1968,2,8,AUDI A3,4,E01026731,0,-1
2020010268443,2020,010268443,3,9,0,18,19,8,4,0,0,0,0,0,0,0,1,1,6,6,1,20,4,1968,2,15,AUDI A3,3,E01024641,0,-1
2020990962468,2020,990962468,6,9,0,18,19,2,7,7,6,7,0,0,0,0,2,1,5,6,2,37,7,1595,1,12,AUDI A3,6,-1,0,-1
20201378F1870,2020,1378F1870,2,9,0,3,3,1,5,0,0,1,0,0,0,0,4,1,6,6,2,30,6,1968,2,9,AUDI A3,8,E01032493,0,-1
2020471004205,2020,471004205,1,9,0,9,9,3,1,0,0,8,0,0,0,0,1,1,6,6,1,57,9,1598,2,7,AUDI A3,6,E01016935,0,-1
2020990922664,2020,990922664,2,9,0,15,15,5,2,0,0,1,0,0,1,11,3,1,1,1,2,64,9,1968,2,12,AUDI A3,9,-1,0,-1
2020430304454,2020,430304454,2,9,0,18,19,7,3,0,0,0,0,0,0,0,1,1,6,6,1,24,5,1595,1,14,AUDI A3,-1,-1,0,-1
2020302000784,2020,302000784,1,9,0,6,6,8,8,0,0,0,0,0,0,0,1,1,6,6,2,42,7,1598,2,10,AUDI A3,5,E01019861,0,-1
2020990969991,2020,990969991,2,9,0,9,9,7,4,0,0,3,0,0,0,0,1,1,1,1,1,20,4,1595,1,13,AUDI A3,7,-1,0,-1
2020522101278,2020,522101278,2,9,0,18,19,6,2,0,0,0,0,0,0,0,4,1,6,6,1,19,4,1395,1,5,AUDI A3,4,E01014603,0,-1
202031C053020,2020,31C053020,3,9,0,18,19,6,2,0,0,1,0,0,0,0,1,1,6,6,1,38,7,1968,2,6,AUDI A3,1,E01013962,0,-1
20201379E0348,2020,1379E0348,1,9,0,13,13,5,1,0,0,1,1,0,0,0,4,1,3,7,2,34,6,1595,1,15,AUDI A3,1,E01010828,0,-1
2020470960464,2020,470960464,1,9,0,17,19,1,5,0,0,0,0,0,2,11,4,1,5,6,2,32,6,3189,1,16,AUDI A3,6,E01031656,0,-1
2020010256052,2020,010256052,1,9,0,99,99,9,9,99,99,0,9,99,9,99,1,1,6,6,2,47,8,1390,1,8,AUDI A3,10,E01002419,0,-1
2020137AA1903,2020,137AA1903,1,9,0,9,9,2,8,0,0,0,0,0,0,0,1,1,6,6,1,26,6,1968,2,15,AUDI A3,2,E01011925,0,-1
2020200993452,2020,200993452,2,9,0,18,19,3,7,0,0,0,0,0,0,0,3,1,6,6,2,29,6,1968,2,9,AUDI A3,1,E01010817,0,-1
2020991009812,2020,991009812,2,9,0,10,10,6,4,0,0,8,0,0,0,0,3,1,5,6,2,32,6,999,1,3,AUDI A3,4,-1,0,-1
2020450923407,2020,450923407,1,9,0,18,19,5,1,0,0,0,0,0,0,0,1,1,5,6,2,24,5,1968,2,7,AUDI A3,8,E01028327,0,-1
2020161000164,2020,161000164,1,9,0,18,19,7,3,0,0,4,0,0,0,0,1,1,2,2,1,39,7,1968,2,7,AUDI A3,5,E01033414,0,-1
2020140921314,2020,140921314,2,9,0,4,4,6,2,0,0,4,0,0,1,0,2,1,6,6,1,27,6,1968,2,14,AUDI A3,2,E01007451,0,-1
2020122001054,2020,122001054,2,9,0,4,4,7,3,0,0,1,0,0,0,0,2,1,2,2,2,56,9,1968,2,8,AUDI A3,9,E01027664,0,-1
2020420946703,2020,420946703,1,9,0,16,19,2,6,0,0,0,5,0,7,9,3,1,5,6,1,19,4,1968,2,8,AUDI A3,7,E01021646,0,-1
2020350950813,2020,350950813,2,9,0,3,3,4,8,0,0,0,0,0,0,0,2,1,6,6,2,57,9,1598,2,8,AUDI A3,8,E01017956,0,-1
2020320617284,2020,320617284,1,9,0,18,19,8,4,0,0,8,0,0,0,0,1,1,6,6,1,37,7,1968,2,12,AUDI A3,5,E01026133,0,-1
2020200960821,2020,200960821,5,9,0,2,2,0,0,0,0,1,0,0,0,0,1,1,6,6,3,-1,-1,1968,2,12,AUDI A3,-1,-1,0,-1
20201379F1068,2020,1379F1068,1,9,0,7,7,4,2,0,0,8,0,0,0,0,1,1,6,6,1,23,5,1968,2,13,AUDI A3,6,E01011480,0,-1
2020500973646,2020,500973646,1,9,0,1,1,5,1,0,0,0,0,0,0,0,0,1,5,6,2,70,10,1598,2,7,AUDI A3,7,E01019969,0,-1
2020430197359,2020,430197359,2,9,0,18,19,3,7,0,0,0,0,0,5,6,2,1,6,6,1,43,7,1390,1,11,AUDI A3,4,E01000618,0,-1
2020010246275,2020,010246275,2,9,0,18,19,1,5,0,0,1,0,0,0,0,1,1,6,6,1,24,5,1595,1,14,AUDI A3,3,E01000368,0,-1
20201376U0307,2020,1376U0307,1,9,0,18,19,3,7,0,0,1,0,0,0,0,1,1,6,6,1,30,6,1968,2,5,AUDI A3,5,E01011096,0,-1
2020470967543,2020,470967543,2,9,0,3,3,7,3,0,0,1,0,0,0,0,2,1,6,6,1,21,5,1498,1,3,AUDI A3,7,E01016961,0,-1
202006A377493,2020,06A377493,1,9,0,9,9,1,7,0,0,1,0,0,0,0,1,1,1,1,1,56,9,1968,2,7,AUDI A3,6,E01005364,0,-1
2020302000636,2020,302000636,3,9,0,18,19,3,7,0,0,1,0,0,0,0,1,2,6,6,1,28,6,1395,1,4,AUDI A3,8,E01013575,0,-1
2020461007342,2020,461007342,1,9,0,18,19,7,3,0,0,1,0,0,0,0,1,1,6,6,2,57,9,1798,1,5,AUDI A3,9,E01024116,0,-1
2020010251588,2020,010251588,3,9,0,18,19,3,7,0,0,4,0,0,0,0,0,1,6,6,1,30,6,1984,1,1,AUDI A3,3,E01004217,0,-1
2020160917936,2020,160917936,2,9,0,13,13,4,8,0,0,1,0,0,0,0,1,1,5,6,2,43,7,1896,2,12,AUDI A3,5,E01013249,0,-1
2020010271956,2020,010271956,1,9,0,4,4,3,7,0,0,1,0,0,0,0,1,1,6,6,1,60,9,1595,1,13,AUDI A3,4,E01000612,0,-1
2020622000338,2020,622000338,3,9,0,2,2,0,0,0,0,0,0,0,0,0,1,1,6,6,3,-1,-1,1395,1,5,AUDI A3,-1,-1,0,-1
2020410982877,2020,410982877,1,9,0,9,9,3,1,0,0,2,0,0,0,0,1,1,6,6,3,-1,-1,1498,1,1,AUDI A3,-1,-1,0,-1
2020140933384,2020,140933384,1,9,0,18,19,7,8,9,9,0,0,4,0,0,1,1,1,1,1,35,6,1598,2,8,AUDI A3,10,E01007936,0,-1
2020010269478,2020,010269478,1,9,0,99,99,9,9,99,99,9,9,99,9,99,2,9,6,6,2,30,6,1498,1,1,AUDI A3,5,E01000430,0,-1
2020010271962,2020,010271962,1,9,0,99,99,9,9,0,0,9,9,99,9,99,2,9,6,6,3,-1,-1,1968,2,14,AUDI A3,-1,-1,0,-1
2020010286884,2020,010286884,2,9,0,99,99,9,9,99,99,2,9,99,9,99,1,9,6,6,1,30,6,1968,2,17,AUDI A3,8,E01032329,0,-1
2020010265892,2020,010265892,2,9,0,99,99,9,9,99,99,9,9,99,9,99,9,9,6,6,3,-1,-1,1395,1,7,AUDI A3,-1,-1,0,-1
2020010251243,2020,010251243,3,9,0,3,3,3,7,0,0,1,0,0,0,0,1,2,6,6,1,25,5,1598,2,7,AUDI A3,4,E01000588,0,-1
2020548713120,2020,548713120,2,9,0,7,7,3,7,0,0,1,0,0,0,0,4,1,6,6,1,30,6,1598,2,8,AUDI A3,10,E01020470,0,-1
2020622000830,2020,622000830,2,9,0,18,19,4,8,0,0,1,0,0,0,0,1,1,6,6,1,52,8,1598,2,8,AUDI A3,2,W01001885,0,-1
2020450970756,2020,450970756,1,9,0,18,19,7,3,0,0,0,1,10,1,0,2,1,5,6,2,47,8,1498,1,2,AUDI A3,7,W01001151,0,-1
2020010249431,2020,010249431,2,9,9,99,99,9,9,99,99,0,9,99,9,0,9,9,6,6,2,-1,-1,1595,1,12,AUDI A3,-1,-1,0,-1
2020420948230,2020,420948230,1,9,0,9,9,7,4,0,0,0,0,0,0,0,3,1,2,2,2,39,7,1598,2,4,AUDI A3,4,E01033123,0,-1
2020010277439,2020,010277439,1,9,9,99,99,9,9,99,99,9,9,99,9,99,9,9,6,6,2,-1,-1,1869,2,11,AUDI A3,6,E01001966,0,-1
2020141008051,2020,141008051,2,9,0,7,7,3,4,0,0,7,1,0,0,0,1,1,6,6,1,45,7,1968,2,12,AUDI A3,2,E01007975,0,-1
2020552000242,2020,552000242,2,9,0,4,4,3,7,0,0,0,0,0,0,0,2,1,6,6,1,46,8,1395,1,4,AUDI A3,10,E01015445,0,-1
2020100988186,2020,100988186,1,9,0,18,19,7,3,9,9,0,0,10,1,2,1,1,5,6,1,18,4,1968,2,12,AUDI A3,7,E01008850,0,-1
2020401005818,2020,401005818,2,9,0,18,19,1,5,0,0,1,0,0,0,0,1,1,1,1,1,23,5,1896,2,14,AUDI A3,7,E01033023,0,-1
2020140955864,2020,140955864,1,9,0,9,9,2,8,0,0,8,0,0,0,0,1,1,6,6,1,18,4,1598,2,8,AUDI A3,9,E01007889,0,-1
2020552000505,2020,552000505,1,9,0,18,19,7,3,0,0,1,0,0,0,0,1,1,2,2,1,35,6,1896,2,13,AUDI A3,9,E01015405,0,-1
2020350956885,2020,350956885,1,9,0,9,9,7,3,0,0,0,0,0,1,1,1,1,5,6,1,28,6,1968,1,15,AUDI A3,7,E01017994,0,-1
20201376T1049,2020,1376T1049,2,8,0,2,2,2,6,0,0,1,0,0,0,0,2,1,6,6,2,38,7,1968,2,8,-1,9,E01011310,0,-1
2020010268529,2020,010268529,1,9,0,10,10,1,6,0,0,5,0,0,0,0,2,1,6,6,1,51,8,1968,2,8,AUDI A3,10,E01000838,0,-1
2020010253034,2020,010253034,1,9,0,18,19,5,1,0,0,1,0,0,0,0,1,2,6,6,1,26,6,1595,1,15,AUDI A3,2,E01000049,0,-1
2020430096263,2020,430096263,2,9,0,3,3,1,5,0,0,1,0,0,0,0,2,1,6,6,1,36,7,1598,2,5,AUDI A3,9,E01028624,0,-1
2020140969316,2020,140969316,1,9,0,9,9,1,3,0,0,1,0,0,0,0,3,1,6,6,3,-1,-1,1968,2,9,AUDI A3,-1,-1,0,-1
2020530972567,2020,530972567,1,9,0,16,19,5,1,0,0,0,1,0,7,0,1,1,6,6,1,33,6,3189,1,15,AUDI A3,6,E01022268,0,-1
2020500956572,2020,500956572,1,9,0,17,19,2,7,0,0,0,1,0,2,11,1,1,5,6,1,19,4,1598,2,8,AUDI A3,9,E01019896,0,-1
2020160938964,2020,160938964,2,9,0,18,19,3,7,0,0,0,0,0,0,0,3,1,5,6,1,33,6,1598,2,8,AUDI A3,1,E01012783,0,-1
2020200998194,2020,200998194,2,9,0,18,19,8,4,0,0,1,0,0,0,0,1,1,6,6,3,-1,-1,1968,2,15,AUDI A3,-1,-1,0,-1
2020010246567,2020,010246567,1,9,0,13,13,7,3,0,0,2,5,0,7,0,1,1,6,6,1,26,6,1968,2,6,AUDI A3,3,E01000081,0,-1
2020622000250,2020,622000250,1,9,0,9,9,7,4,0,0,8,0,0,0,0,1,1,6,6,1,29,6,1968,2,14,AUDI A3,7,W01001377,0,-1
2020501015567,2020,501015567,1,9,0,18,19,2,6,0,0,1,0,0,0,0,1,1,6,6,2,62,9,1984,1,12,AUDI A3,9,E01019952,0,-1
2020140926874,2020,140926874,1,9,0,18,19,1,5,0,0,0,2,0,7,4,1,1,6,6,1,51,8,1968,2,10,AUDI A3,2,E01007522,0,-1
2020420964988,2020,420964988,1,9,0,18,19,2,6,0,0,0,0,0,0,0,1,1,6,6,2,30,6,1598,2,9,AUDI A3,7,E01015829,0,-1
2020220951138,2020,220951138,1,9,0,9,9,3,8,0,0,6,1,0,4,6,2,1,5,6,1,33,6,1595,1,10,AUDI A3,8,E01028844,0,-1
2020320580579,2020,320580579,1,9,0,9,9,4,2,0,0,8,0,0,0,0,1,1,6,6,1,56,9,1395,8,5,AUDI A3,2,E01026154,0,-1
2020350955836,2020,350955836,1,9,0,18,19,7,3,0,0,0,0,0,0,0,1,1,6,6,1,38,7,1968,2,5,AUDI A3,3,E01015692,0,-1
2020522101476,2020,522101476,3,9,0,18,19,6,2,0,0,0,0,0,0,0,1,1,6,6,2,31,6,1896,2,15,AUDI A3,1,E01033367,0,-1
2020122100066,2020,122100066,1,9,0,5,5,5,2,0,0,1,0,0,0,0,1,1,2,2,1,52,8,1968,2,3,AUDI A3,7,E01020857,0,-1
2020230953969,2020,230953969,3,9,0,4,4,3,7,0,0,0,0,0,0,0,2,1,5,6,1,25,5,1395,1,8,AUDI A3,4,E01010009,0,-1
2020990962464,2020,990962464,2,9,0,18,19,7,3,0,0,0,0,0,0,0,3,1,5,6,1,20,4,1197,1,6,AUDI A3,1,-1,0,-1
2020340N05792,2020,340N05792,1,9,0,18,19,5,1,0,0,1,0,0,0,0,1,1,6,6,1,31,6,1968,2,11,AUDI A3,3,E01027225,0,-1
202006K178605,2020,06K178605,2,9,0,6,6,6,6,0,0,2,1,0,0,0,3,1,6,6,1,37,7,1896,2,13,AUDI A3,1,E01004851,0,-1
2020460969795,2020,460969795,1,9,0,4,4,4,1,0,0,1,0,0,0,0,1,1,2,2,1,38,7,1968,2,13,AUDI A3,6,E01024436,0,-1
20201371D0284,2020,1371D0284,1,9,0,18,19,3,7,0,0,0,0,4,0,0,1,1,6,6,2,25,5,1896,2,15,AUDI A3,1,E01010613,0,-1
2020610013720,2020,610013720,3,9,0,4,4,5,1,0,0,0,0,0,0,0,0,1,6,6,1,33,6,1598,2,6,AUDI A3,2,W01001620,0,-1
2020010245845,2020,010245845,1,9,0,99,99,9,9,99,99,9,9,99,9,99,1,9,2,2,1,29,6,1395,1,6,AUDI A3,2,E01002368,0,-1
202006E273090,2020,06E273090,1,9,0,18,19,5,1,0,0,8,2,0,1,0,1,1,6,6,1,26,6,1498,1,1,AUDI A3,3,E01005215,0,-1
2020200999470,2020,200999470,2,9,0,8,8,5,7,0,0,1,0,0,0,0,1,1,6,6,2,41,7,1598,2,6,AUDI A3,1,E01009577,0,-1
2020332000236,2020,332000236,1,9,0,18,19,3,7,0,0,8,0,0,7,11,3,1,6,6,1,30,6,1968,2,10,AUDI A3,4,E01013617,0,-1
2020010271391,2020,010271391,2,9,0,99,99,9,9,99,99,9,9,99,9,99,1,9,6,6,2,-1,-1,1896,2,13,AUDI A3,6,E01003843,0,-1
2020040984772,2020,040984772,1,9,0,18,19,7,3,0,0,0,0,0,0,0,4,1,5,6,2,33,6,1968,2,8,AUDI A3,2,E01012580,0,-1
202006A273111,2020,06A273111,1,9,0,9,9,5,3,0,0,8,0,0,0,0,1,1,6,6,1,30,6,1968,2,10,AUDI A3,-1,-1,0,-1
2020501010664,2020,501010664,1,9,0,18,19,7,3,0,0,0,0,0,0,0,1,1,6,6,1,28,6,1968,2,8,AUDI A3,4,E01020053,0,-1
20201379B1970,2020,1379B1970,4,9,0,2,2,0,0,0,0,1,0,0,0,0,3,1,6,6,3,-1,-1,1968,2,8,AUDI A3,-1,-1,0,-1
202031D119120,2020,31D119120,2,9,0,18,19,5,1,0,0,0,0,0,0,0,4,1,6,6,1,29,6,1968,2,11,AUDI A3,3,E01013944,0,-1
2020040950178,2020,040950178,2,9,0,6,6,7,3,0,0,1,0,0,0,0,3,1,5,6,1,34,6,1598,2,5,AUDI A3,3,E01025294,0,-1
2020010286152,2020,010286152,2,9,0,9,9,7,6,0,0,5,0,0,1,0,4,1,6,6,1,20,4,1395,1,4,AUDI A3,2,E01001971,0,-1
2020030940629,2020,030940629,1,9,0,9,9,1,6,0,0,1,0,0,0,0,3,1,5,6,1,51,8,1968,2,6,AUDI A3,5,E01019170,0,-1
2020400964020,2020,400964020,1,9,0,18,19,4,8,0,0,1,0,0,0,0,1,1,5,6,1,54,8,1395,1,4,AUDI A3,10,E01017413,0,-1
2020140972137,2020,140972137,2,9,0,17,19,2,7,0,0,8,0,0,0,0,1,1,2,2,1,29,6,1197,1,6,AUDI A3,1,E01007943,0,-1
2020140995678,2020,140995678,1,9,0,18,19,5,1,0,0,2,1,11,7,11,3,1,6,6,1,18,4,1598,2,9,AUDI A3,1,E01007948,0,-1
2020070048268,2020,070048268,2,9,0,18,19,8,4,0,0,2,0,0,0,0,0,1,6,6,1,21,5,1498,1,1,AUDI A3,6,E01018728,0,-1
2020200987715,2020,200987715,1,9,0,18,19,2,6,0,0,0,0,0,0,0,1,1,6,6,1,-1,-1,1896,2,12,AUDI A3,-1,-1,0,-1
2020201001548,2020,201001548,1,9,0,18,19,4,8,0,0,0,2,7,7,11,1,1,6,6,1,37,7,1968,2,13,AUDI A3,1,E01010031,0,-1
2020470968120,2020,470968120,1,9,0,7,7,3,5,0,0,5,0,0,0,0,3,1,2,2,1,34,6,1968,2,10,AUDI A3,6,E01031402,0,-1
2020302001240,2020,302001240,1,9,0,16,19,1,3,0,0,8,5,0,1,11,1,1,6,6,1,22,5,1598,2,6,AUDI A3,8,E01013593,0,-1
2020210999140,2020,210999140,1,9,0,18,19,6,2,0,0,0,0,0,0,0,1,1,6,6,1,31,6,1968,2,8,AUDI A3,2,E01014339,0,-1
202006A370488,2020,06A370488,2,9,0,7,7,6,8,0,0,8,0,0,0,0,2,1,6,6,1,33,6,1896,2,15,AUDI A3,1,E01005106,0,-1
2020040976138,2020,040976138,1,9,0,18,19,1,5,0,0,0,0,0,0,0,3,1,1,1,2,39,7,1968,2,17,AUDI A3,1,E01012737,0,-1
2020201021076,2020,201021076,2,9,0,10,10,-1,-1,0,0,8,0,0,0,0,1,1,6,6,2,30,6,1598,2,7,AUDI A3,1,E01009215,0,-1
2020450958604,2020,450958604,1,9,0,5,5,5,7,0,0,6,0,0,0,0,1,1,5,6,1,24,5,1498,1,2,AUDI A3,10,E01030344,0,-1
2020531000762,2020,531000762,1,9,0,10,10,3,7,0,0,1,0,0,0,0,2,1,6,6,1,30,6,1598,2,6,AUDI A3,8,E01022116,0,-1
2020430158443,2020,430158443,1,9,0,9,9,1,7,0,0,5,0,0,1,11,3,1,6,6,1,53,8,1197,1,8,AUDI A3,3,E01016459,0,-1
2020141000743,2020,141000743,5,9,0,4,4,1,5,0,0,0,0,0,0,0,2,1,2,2,2,30,6,1498,1,3,AUDI A3,6,E01011505,0,-1
2020360946758,2020,360946758,2,9,0,4,4,7,5,0,0,1,0,0,0,0,2,1,5,6,2,33,6,1498,1,2,AUDI A3,10,E01026568,0,-1
2020030947509,2020,030947509,2,9,0,9,9,1,5,0,0,0,0,0,0,0,2,1,5,6,1,50,8,1781,1,18,AUDI A3,6,E01019297,0,-1
2020440259244,2020,440259244,1,9,0,13,13,5,1,0,0,0,0,0,0,0,4,1,6,6,1,20,4,1984,1,10,AUDI A3,8,E01022829,0,-1
2020990959094,2020,990959094,1,9,0,9,9,8,7,0,0,1,0,0,0,0,1,1,5,6,1,36,7,1968,2,16,AUDI A3,1,-1,0,-1
2020010229484,2020,010229484,1,9,0,99,99,9,9,99,99,9,9,99,9,99,2,9,6,6,1,32,6,999,1,2,AUDI A3,10,E01023374,0,-1
2020010263011,2020,010263011,2,9,0,10,10,5,4,0,0,1,0,0,0,0,1,1,6,6,2,57,9,999,1,1,AUDI A3,5,E01001659,0,-1
2020040973305,2020,040973305,1,9,0,18,19,1,5,0,0,0,0,0,0,0,4,1,5,6,1,21,5,1968,2,7,AUDI A3,7,E01024955,0,-1
2020070013748,2020,070013748,1,9,0,18,19,6,2,0,0,0,0,0,0,0,1,1,2,2,2,29,6,1968,2,5,AUDI A3,6,E01018743,0,-1
2020070608513,2020,070608513,2,9,0,18,19,5,1,0,0,1,0,0,0,0,1,1,2,2,2,26,6,999,1,0,AUDI A3,5,E01029542,0,-1
2020400958440,2020,400958440,1,9,0,18,19,1,5,0,0,0,0,0,0,0,1,1,5,6,2,21,5,1968,2,7,AUDI A3,9,E01015747,0,-1
20201376G1598,2020,1376G1598,1,9,0,18,19,7,3,0,0,0,0,0,0,0,1,1,2,2,1,37,7,1896,2,14,AUDI A3,1,E01010736,0,-1
202006G270914,2020,06G270914,1,9,0,18,19,2,6,0,0,0,0,0,0,0,1,1,6,6,1,47,8,1781,1,18,AUDI A3,1,E01006050,0,-1
2020320383065,2020,320383065,1,9,0,9,9,4,2,0,0,8,0,0,0,0,3,1,6,6,2,62,9,1896,2,11,AUDI A3,6,E01026330,0,-1
2020990919726,2020,990919726,2,9,0,18,19,3,7,0,0,7,0,0,0,0,1,1,5,6,2,45,7,1968,2,5,AUDI A3,3,-1,0,-1
2020320069795,2020,320069795,1,9,0,18,19,8,4,0,0,2,0,0,0,0,1,1,2,2,1,21,5,1595,1,10,AUDI A3,6,E01026244,0,-1
2020010245966,2020,010245966,1,9,0,5,5,5,1,0,0,6,0,0,0,0,3,1,6,6,2,44,7,1598,2,7,AUDI A3,-1,-1,0,-1
2020201011044,2020,201011044,1,9,0,16,19,2,6,0,0,1,0,10,1,10,1,1,6,6,1,32,6,1968,2,10,AUDI A3,3,E01010178,0,-1
2020370963003,2020,370963003,1,9,0,1,1,5,1,0,0,0,0,4,0,0,2,1,5,6,1,31,6,1968,2,16,AUDI A3,2,E01029988,0,-1
2020101010084,2020,101010084,2,9,0,5,5,5,8,0,0,0,0,0,1,0,2,1,5,6,2,58,9,1595,1,10,AUDI A3,-1,-1,0,-1
2020161009040,2020,161009040,1,9,0,5,5,3,7,0,0,4,0,0,0,0,2,1,1,1,2,43,7,1598,2,4,AUDI A3,6,E01013301,0,-1
2020420969875,2020,420969875,2,9,0,18,19,6,2,0,0,3,0,0,0,0,4,1,6,6,1,20,4,1595,1,16,AUDI A3,4,E01015871,0,-1
202006F168867,2020,06F168867,2,9,0,18,19,7,3,0,0,8,0,0,0,0,3,1,6,6,1,68,10,1598,2,9,AUDI A3,2,E01004907,0,-1
202031B086920,2020,31B086920,2,9,0,2,2,0,0,0,0,0,0,0,0,0,4,1,6,6,1,58,9,1968,2,3,AUDI A3,5,E01028286,0,-1
2020990991214,2020,990991214,1,9,0,16,19,6,2,0,0,0,1,0,1,0,1,1,5,6,1,49,8,1968,2,8,AUDI A3,5,-1,0,-1
2020200934559,2020,200934559,3,9,0,18,19,2,6,0,0,0,0,0,0,0,1,1,6,6,2,26,6,1598,2,7,AUDI A3,1,E01009491,0,-1
2020460988114,2020,460988114,1,9,0,18,19,5,1,0,0,0,0,0,0,0,1,1,6,6,1,30,6,1896,2,14,AUDI A3,2,E01024685,0,-1
2020140964754,2020,140964754,1,9,0,9,9,2,8,0,0,0,0,0,0,0,1,1,6,6,2,23,5,1390,1,11,AUDI A3,1,E01007905,0,-1
2020522004319,2020,522004319,1,9,0,18,19,7,4,0,0,0,5,4,0,0,1,1,6,6,1,27,6,1896,2,12,AUDI A3,3,E01014681,0,-1
2020170H10720,2020,170H10720,3,9,0,2,2,0,0,0,0,2,0,0,0,0,1,1,6,6,1,-1,-1,1968,2,10,AUDI A3,3,E01011964,0,-1
2020622000101,2020,622000101,1,9,0,4,4,2,6,0,0,1,0,7,5,6,1,1,3,7,2,47,8,1598,2,4,AUDI A3,10,W01001769,0,-1
2020302001061,2020,302001061,2,9,0,4,4,5,1,0,0,0,0,0,0,0,1,1,6,6,2,26,6,1968,2,10,AUDI A3,10,E01007936,0,-1
2020010245343,2020,010245343,1,9,0,9,9,1,7,9,9,8,0,0,0,0,1,1,6,6,1,23,5,1595,1,22,AUDI A3,-1,-1,0,-1