collision_index,collision_year,collision_ref_no,vehicle_reference,vehicle_type,towing_and_articulation,vehicle_manoeuvre_historic,vehicle_manoeuvre,vehicle_direction_from,vehicle_direction_to,vehicle_location_restricted_lane_historic,vehicle_location_restricted_lane,junction_location,skidding_and_overturning,hit_object_in_carriageway,vehicle_leaving_carriageway,hit_object_off_carriageway,first_point_of_impact,vehicle_left_hand_drive,journey_purpose_of_driver_historic,journey_purpose_of_driver,sex_of_driver,age_of_driver,age_band_of_driver,engine_capacity_cc,propulsion_code,age_of_vehicle,generic_make_model,driver_imd_decile,lsoa_of_driver,escooter_flag,driver_distance_banding
2020137B31139,2020,137B31139,1,9,0,18,19,7,3,0,0,8,0,0,0,0,1,1,6,6,2,41,7,1598,2,10,AUDI A3,2,E01011915,0,-1
2020400972365,2020,400972365,1,9,0,9,9,3,7,0,0,0,0,0,0,0,1,1,5,6,1,18,4,1968,2,7,AUDI A3,4,E01015755,0,-1
2020160934420,2020,160934420,3,9,0,18,19,6,2,0,0,0,0,0,0,0,2,1,5,6,1,46,8,1598,2,3,AUDI A3,10,E01013089,0,-1
2020070064534,2020,070064534,1,9,0,18,19,7,3,0,0,8,0,0,0,0,1,1,6,6,2,70,10,1968,2,5,AUDI A3,5,E01018626,0,-1
2020430264606,2020,430264606,2,9,0,18,19,6,2,0,0,0,0,0,0,0,3,1,2,2,1,45,7,1598,2,7,AUDI A3,10,E01028755,0,-1
2020010240940,2020,010240940,2,9,0,18,19,5,1,0,0,0,0,0,0,0,0,9,6,6,2,32,6,1968,2,7,AUDI A3,5,E01003700,0,-1
2020460946279,2020,460946279,1,9,0,7,7,4,6,0,0,1,0,0,0,0,1,1,5,6,2,30,6,1968,2,13,AUDI A3,4,E01024195,0,-1
2020361010858,2020,361010858,1,9,0,18,19,2,6,0,0,0,0,0,0,0,1,1,5,6,1,21,5,1968,2,11,AUDI A3,6,E01030053,0,-1
2020552000102,2020,552000102,1,9,0,18,19,8,4,0,0,0,0,4,0,0,1,1,2,2,2,25,5,1498,1,1,AUDI A3,7,E01015408,0,-1
2020060065521,2020,060065521,2,9,0,17,19,4,8,0,0,0,0,0,0,0,1,1,2,2,2,26,6,1598,2,2,AUDI A3,10,E01018667,0,-1
2020460919383,2020,460919383,1,9,0,17,19,7,3,0,0,0,5,0,1,0,3,1,5,6,1,51,8,1968,2,14,AUDI A3,2,E01023973,0,-1
2020200947245,2020,200947245,1,9,0,6,6,-1,-1,0,0,0,0,0,0,0,1,1,6,6,1,28,6,1896,2,13,AUDI A3,-1,-1,0,-1
2020010248636,2020,010248636,2,9,0,5,5,3,7,0,0,1,0,0,0,0,2,1,6,6,1,40,7,999,1,0,AUDI A3,9,E01003158,0,-1
20201376H0690,2020,1376H0690,2,9,0,18,19,3,7,0,0,1,0,0,0,0,1,1,6,6,1,22,5,1896,2,13,AUDI A3,5,E01010746,0,-1
2020040985101,2020,040985101,2,9,0,9,9,5,1,0,0,2,0,0,0,0,3,1,6,6,1,24,5,1798,1,13,AUDI A3,3,E01025366,0,-1
2020010242705,2020,010242705,2,9,0,99,99,9,9,99,99,1,9,99,9,99,2,9,6,6,3,33,6,1781,1,18,AUDI A3,6,E01003026,0,-1
2020010273247,2020,010273247,2,9,0,4,4,3,7,0,0,0,0,0,0,0,1,1,6,6,1,21,5,1598,2,3,AUDI A3,1,E01002041,0,-1
2020450994893,2020,450994893,1,9,0,18,19,1,5,0,0,0,1,0,0,0,1,1,5,6,1,34,6,1595,1,11,AUDI A3,7,E01024433,0,-1
2020522002869,2020,522002869,2,9,0,18,19,1,5,0,0,0,0,0,0,0,1,1,6,6,1,25,5,1395,1,5,AUDI A3,9,E01014862,0,-1
202006L275884,2020,06L275884,1,9,0,9,9,2,7,0,0,8,0,0,0,0,4,1,6,6,2,28,6,1598,2,1,AUDI A3,3,W01000641,0,-1
2020440020667,2020,440020667,1,9,0,4,4,2,6,0,0,8,0,0,0,0,2,1,2,2,2,50,8,1197,1,5,AUDI A3,10,E01022512,0,-1
2020140925705,2020,140925705,1,9,0,18,19,1,5,0,0,0,0,0,0,0,4,1,5,6,1,23,5,1598,2,8,AUDI A3,2,E01007767,0,-1
2020461016025,2020,461016025,1,9,0,5,5,3,1,0,0,0,0,0,0,0,1,1,6,6,2,41,7,999,1,2,AUDI A3,10,E01032655,0,-1
2020010249476,2020,010249476,4,9,0,18,19,5,1,0,0,0,0,0,0,0,2,1,6,6,1,48,8,1395,1,4,AUDI A3,10,E01004114,0,-1
2020010264901,2020,010264901,1,9,0,18,19,6,2,0,0,2,0,0,0,0,1,1,6,6,2,22,5,1968,1,14,AUDI A3,2,E01002702,0,-1
2020552100164,2020,552100164,1,9,0,18,19,1,5,0,0,8,0,0,0,0,1,1,6,6,2,46,8,1968,2,11,AUDI A3,8,E01015335,0,-1
2020041003248,2020,041003248,1,9,0,18,19,1,5,0,0,0,0,0,0,0,1,1,5,6,2,30,6,3189,1,14,AUDI A3,1,E01012647,0,-1
2020137430137,2020,137430137,4,9,0,2,2,0,0,0,0,1,0,0,0,0,1,1,6,6,3,-1,-1,1968,2,8,AUDI A3,-1,-1,0,-1
2020552001075,2020,552001075,2,9,0,18,19,4,8,0,0,0,0,0,0,0,1,1,6,6,1,20,4,1390,1,12,AUDI A3,6,E01020528,0,-1
2020170L11190,2020,170L11190,1,9,0,16,19,4,6,0,0,0,1,0,4,6,1,1,6,6,1,27,6,1968,2,8,AUDI A3,1,E01012262,0,-1
20201376K1047,2020,1376K1047,1,9,0,18,19,5,1,0,0,1,0,4,0,0,1,1,6,6,1,56,9,1968,2,1,AUDI A3,7,E01011309,0,-1
2020410926545,2020,410926545,10,9,0,2,2,0,0,0,0,0,0,0,0,0,0,1,6,6,1,24,5,1395,1,5,AUDI A3,3,E01023573,0,-1
2020990968615,2020,990968615,1,9,0,9,9,5,3,0,0,8,0,0,0,0,3,1,5,6,2,44,7,1197,1,10,AUDI A3,7,-1,0,-1
202031C086120,2020,31C086120,1,9,0,9,9,4,1,0,0,6,0,0,0,0,1,1,6,6,1,20,4,1798,1,7,AUDI A3,3,E01013944,0,-1
2020010238008,2020,010238008,1,9,0,11,11,7,3,0,0,0,0,0,0,0,4,1,6,6,1,28,6,1968,1,15,AUDI A3,8,E01002320,0,-1
2020320438576,2020,320438576,1,9,0,18,19,3,7,0,0,8,0,0,0,0,1,1,6,6,2,42,7,1498,1,0,AUDI A3,5,E01026284,0,-1
2020140928300,2020,140928300,1,9,0,18,19,5,1,0,0,0,0,0,7,0,3,1,6,6,1,32,6,1197,1,9,AUDI A3,1,E01007549,0,-1
2020010282194,2020,010282194,1,9,0,3,3,4,8,0,0,1,0,0,0,0,2,1,1,1,2,29,6,1595,1,10,AUDI A3,2,E01003933,0,-1
2020040967967,2020,040967967,1,9,0,13,13,5,1,0,0,2,0,0,0,0,4,1,5,6,2,46,8,1968,2,5,AUDI A3,8,E01025420,0,-1
2020010239943,2020,010239943,2,9,0,9,9,7,5,0,0,5,0,0,0,0,1,1,6,6,1,40,7,1968,2,16,AUDI A3,3,E01003036,0,-1
2020440277178,2020,440277178,3,9,0,18,19,2,6,0,0,0,0,0,0,0,2,1,6,6,2,33,6,1968,2,7,AUDI A3,1,E01022968,0,-1
2020460966595,2020,460966595,1,9,0,18,19,1,5,0,0,0,0,0,0,0,4,1,5,6,1,19,4,1595,2,10,AUDI A3,6,E01024513,0,-1
2020170L20140,2020,170L20140,1,9,0,18,19,2,6,0,0,1,0,0,0,0,1,1,6,6,2,35,6,1598,2,6,AUDI A3,1,E01012084,0,-1
2020010264721,2020,010264721,2,9,0,2,2,0,0,0,0,0,0,0,0,0,3,1,6,6,3,-1,-1,1968,2,13,AUDI A3,-1,-1,0,-1
202006P273133,2020,06P273133,3,9,0,18,19,4,8,0,0,0,0,0,0,0,2,1,6,6,1,42,7,1968,2,5,AUDI A3,7,E01010955,0,-1
2020010253413,2020,010253413,4,9,0,18,19,3,7,0,0,0,0,0,0,0,1,1,6,6,3,-1,-1,1598,2,3,AUDI A3,-1,-1,0,-1
2020140943602,2020,140943602,3,9,0,17,19,7,3,0,0,1,1,0,3,0,1,1,6,6,1,21,5,1968,2,6,AUDI A3,4,E01007625,0,-1
2020420933930,2020,420933930,1,9,0,13,13,3,4,0,0,0,0,0,0,0,1,1,4,7,2,31,6,1595,1,15,AUDI A3,2,E01021485,0,-1
2020420986137,2020,420986137,1,9,0,18,19,1,5,0,0,0,0,0,0,0,4,1,3,7,2,60,9,1968,2,8,AUDI A3,6,E01021886,0,-1
2020500981670,2020,500981670,1,9,0,5,5,2,6,0,0,1,0,0,0,0,1,1,5,6,1,50,8,1968,2,6,AUDI A3,10,E01016552,0,-1
2020010242255,2020,010242255,2,9,0,18,19,4,8,0,0,0,0,0,0,0,1,1,6,6,1,26,6,1598,2,3,AUDI A3,2,E01003181,0,-1
2020370948812,2020,370948812,3,9,0,3,3,7,3,0,0,1,0,0,0,0,2,1,5,6,2,38,7,1498,1,3,AUDI A3,6,E01030218,0,-1
2020320379323,2020,320379323,1,9,0,17,19,2,5,0,0,0,5,0,1,9,1,1,6,6,1,35,6,1968,2,9,AUDI A3,6,E01026239,0,-1
2020041009820,2020,041009820,2,9,0,18,19,6,1,0,0,8,0,0,0,0,4,1,2,2,1,22,5,1598,2,7,AUDI A3,7,E01025400,0,-1
2020160922085,2020,160922085,2,9,0,9,9,8,7,0,0,2,0,0,0,0,1,1,6,6,2,53,8,1390,1,9,AUDI A3,5,E01012910,0,-1
2020350974076,2020,350974076,1,9,0,18,19,5,5,0,0,0,0,0,0,0,2,1,5,6,2,21,5,1395,1,5,AUDI A3,7,E01018192,0,-1
2020991000055,2020,991000055,1,9,0,6,6,5,4,0,0,1,0,0,0,0,1,1,2,2,1,26,6,1896,2,11,AUDI A3,2,-1,0,-1
2020351015729,2020,351015729,2,9,0,18,19,1,5,0,0,0,0,0,0,0,1,1,6,6,1,52,8,1498,1,2,AUDI A3,8,E01018217,0,-1
2020160997855,2020,160997855,2,9,0,3,3,5,1,0,0,1,0,0,0,0,3,1,6,6,2,31,6,1968,2,13,AUDI A3,-1,-1,0,-1
2020420988861,2020,420988861,2,9,0,18,19,6,2,0,0,0,0,0,0,0,2,1,6,6,1,42,7,1968,2,15,AUDI A3,10,E01023965,0,-1
2020440217050,2020,440217050,2,9,0,5,5,7,3,0,0,8,0,0,0,0,1,1,6,6,3,-1,-1,1968,2,10,AUDI A3,-1,-1,0,-1
2020430193177,2020,430193177,1,9,0,1,1,4,8,0,0,0,0,0,0,0,2,1,6,6,3,-1,-1,1595,1,17,AUDI A3,-1,-1,0,-1
2020110937992,2020,110937992,2,9,0,3,3,5,1,0,0,0,0,0,0,0,2,1,2,2,1,42,7,1968,2,10,AUDI A3,8,E01020828,0,-1
2020522002537,2020,522002537,1,9,0,18,19,5,1,0,0,0,0,0,0,0,1,1,6,6,1,21,5,1968,2,14,AUDI A3,-1,-1,0,-1
2020200944373,2020,200944373,2,9,0,18,19,4,8,0,0,8,0,0,0,0,1,1,6,6,1,41,7,1598,2,9,AUDI A3,5,E01009654,0,-1
2020470978239,2020,470978239,2,9,0,18,19,5,1,0,0,1,0,1,0,0,1,1,2,2,1,59,9,1598,2,9,AUDI A3,4,E01031453,0,-1
2020420995674,2020,420995674,2,9,0,18,19,8,4,0,0,1,0,0,0,0,2,1,2,2,2,27,6,1197,1,9,AUDI A3,9,E01021873,0,-1
2020040974306,2020,040974306,1,9,0,18,19,5,1,0,0,0,0,0,0,0,1,1,5,6,1,25,5,1896,2,15,AUDI A3,-1,-1,0,-1
2020990963753,2020,990963753,2,9,0,18,19,7,3,0,0,4,0,0,0,0,2,1,5,6,1,25,5,1968,2,5,AUDI A3,2,-1,0,-1
2020500949492,2020,500949492,1,9,0,16,19,2,6,0,0,0,0,0,7,6,3,1,5,6,2,27,6,1798,1,12,AUDI A3,6,E01019023,0,-1
2020160979438,2020,160979438,1,9,0,3,3,6,2,0,0,4,0,0,0,0,2,1,6,6,2,45,7,1968,2,4,AUDI A3,9,E01013194,0,-1
2020200990183,2020,200990183,1,9,0,18,19,7,3,0,0,0,0,0,0,0,1,1,6,6,1,-1,-1,1968,2,14,AUDI A3,-1,-1,0,-1
2020990971321,2020,990971321,1,9,0,6,6,7,3,0,0,1,0,0,0,0,1,1,6,6,1,22,5,1595,1,13,AUDI A3,1,-1,0,-1
2020500993778,2020,500993778,1,9,0,18,19,4,8,0,0,0,0,0,0,0,1,1,5,6,1,41,7,1968,2,9,AUDI A3,2,E01018774,0,-1
2020010239452,2020,010239452,2,9,9,99,99,9,9,99,99,9,9,99,9,99,9,9,6,6,1,-1,-1,1798,1,13,AUDI A3,3,E01001858,0,-1
202031A109320,2020,31A109320,1,9,0,18,19,2,6,0,0,1,0,0,0,0,2,1,1,1,1,31,6,1595,1,8,AUDI A3,5,E01028341,0,-1
202031D146020,2020,31D146020,1,9,0,9,9,6,3,0,0,3,0,0,0,0,4,1,6,6,1,36,7,1968,2,15,AUDI A3,1,E01013821,0,-1
2020140945145,2020,140945145,1,9,0,18,19,3,7,0,0,0,0,0,1,10,1,1,6,6,1,47,8,1968,2,6,AUDI A3,4,E01007445,0,-1
2020010270117,2020,010270117,1,9,0,18,19,8,4,0,0,0,0,4,0,0,1,1,6,6,1,22,5,999,1,4,AUDI A3,2,E01033000,0,-1
2020010287586,2020,010287586,1,9,0,99,99,9,9,99,99,9,9,99,9,99,9,9,6,6,1,45,7,1968,2,9,AUDI A3,2,E01004584,0,-1
2020302001381,2020,302001381,1,9,0,18,19,8,4,0,0,4,0,0,0,0,3,1,6,6,1,23,5,1968,2,15,AUDI A3,2,E01013483,0,-1
2020400980585,2020,400980585,1,9,0,9,9,8,7,0,0,8,0,0,0,0,1,1,5,6,1,22,5,1395,1,5,AUDI A3,6,E01015766,0,-1
2020010259924,2020,010259924,1,9,0,18,19,2,6,0,0,0,0,0,0,0,4,1,1,1,2,45,7,1968,2,8,AUDI A3,10,E01022847,0,-1
2020370988125,2020,370988125,3,9,0,10,10,7,5,0,0,1,0,0,0,0,2,1,6,6,2,50,8,1968,2,7,AUDI A3,5,E01030267,0,-1
2020220933350,2020,220933350,3,9,0,18,19,1,5,0,0,1,0,0,0,0,1,1,5,6,1,24,5,1395,1,4,AUDI A3,2,E01032307,0,-1
2020450979124,2020,450979124,2,9,0,18,19,5,1,9,9,8,0,0,1,11,3,1,2,2,2,59,9,1197,1,8,AUDI A3,9,E01002994,0,-1
2020530920700,2020,530920700,1,9,0,18,19,1,5,0,0,8,0,0,0,0,3,1,5,6,1,18,4,1968,2,12,AUDI A3,6,E01022222,0,-1
2020100939420,2020,100939420,2,9,0,18,19,3,7,0,0,0,1,0,0,0,1,1,1,1,1,39,7,1968,2,9,AUDI A3,-1,-1,0,-1
2020200948897,2020,200948897,1,9,0,9,9,4,2,0,0,5,0,0,0,0,1,1,2,2,2,31,6,1598,2,5,AUDI A3,2,E01009991,0,-1
202006J174154,2020,06J174154,1,9,0,18,19,8,4,0,0,1,0,0,1,0,1,1,6,6,1,22,5,1968,2,9,AUDI A3,1,E01005317,0,-1
2020010255878,2020,010255878,1,9,0,9,9,7,5,0,0,1,1,10,1,0,1,1,6,6,1,-1,-1,1598,2,4,AUDI A3,-1,-1,0,-1
2020460967684,2020,460967684,2,9,0,18,19,5,1,0,0,0,0,0,0,0,1,1,6,6,3,-1,-1,1595,1,10,AUDI A3,-1,-1,0,-1
20201374S0071,2020,1374S0071,1,9,0,18,19,1,5,0,0,0,0,0,0,0,1,1,6,6,1,33,6,1968,2,3,AUDI A3,1,E01033035,0,-1
2020122000331,2020,122000331,2,9,0,3,3,7,3,0,0,0,0,0,0,0,2,1,2,2,1,36,7,1595,2,10,AUDI A3,9,E01013397,0,-1
2020420920725,2020,420920725,1,9,0,6,6,8,8,0,0,4,0,0,0,0,1,1,6,6,2,25,5,1498,1,2,AUDI A3,4,E01021707,0,-1
2020460992959,2020,460992959,3,9,0,18,19,5,1,0,0,1,0,0,0,0,0,1,5,6,1,57,9,1968,2,5,AUDI A3,10,E01026527,0,-1
202006F169882,2020,06F169882,1,9,0,18,19,8,4,0,0,1,0,0,0,0,2,1,6,6,1,30,6,1984,1,13,AUDI A3,3,E01005979,0,-1
2020010270797,2020,010270797,1,9,0,99,99,9,9,99,99,9,9,99,9,99,2,9,2,2,2,27,6,1598,2,5,AUDI A3,5,E01000615,0,-1
2020552000997,2020,552000997,1,9,0,9,9,2,8,0,0,8,0,0,0,0,1,1,6,6,2,86,11,1781,1,20,AUDI A3,9,E01015406,0,-1
2020161010177,2020,161010177,2,9,0,5,5,1,7,0,0,6,0,0,0,0,1,1,6,6,2,22,5,1598,2,7,AUDI A3,2,E01013283,0,-1
2020010246084,2020,010246084,1,9,0,18,19,1,5,0,0,0,0,0,0,0,1,1,2,2,1,24,5,1968,2,5,AUDI A3,-1,-1,0,-1
2020010245079,2020,010245079,3,9,0,2,2,0,0,0,0,1,0,0,0,0,4,1,6,6,3,-1,-1,1395,1,5,AUDI A3,-1,-1,0,-1
2020141005922,2020,141005922,1,9,0,18,19,5,1,0,0,1,0,0,0,0,1,1,5,6,1,32,6,1968,2,10,AUDI A3,3,E01007907,0,-1
2020500944204,2020,500944204,2,9,0,4,4,3,7,0,0,1,0,0,0,0,1,1,5,6,1,60,9,1598,2,8,AUDI A3,6,E01020312,0,-1
2020010262581,2020,010262581,1,9,0,4,4,1,5,0,0,1,0,0,0,0,2,1,1,1,2,31,6,1798,1,8,AUDI A3,5,E01033322,0,-1
2020010272680,2020,010272680,2,9,0,99,99,9,9,99,99,9,9,99,9,99,9,9,6,6,1,66,10,1390,1,10,AUDI A3,2,E01001331,0,-1
2020010281633,2020,010281633,2,9,0,18,19,8,4,0,0,0,0,0,0,0,1,1,6,6,3,-1,-1,1968,2,14,AUDI A3,-1,-1,0,-1
2020430215227,2020,430215227,2,9,0,4,4,2,6,0,0,0,0,0,3,3,2,1,6,6,2,41,7,1598,2,4,AUDI A3,10,E01028820,0,-1
2020622000643,2020,622000643,1,9,0,18,19,2,6,0,0,0,0,4,0,0,1,1,6,6,1,19,4,1395,1,7,AUDI A3,2,W01001069,0,-1
2020010250218,2020,010250218,1,9,0,99,99,9,9,99,99,0,9,99,9,99,2,9,6,6,2,27,6,999,1,1,AUDI A3,5,E01004483,0,-1
2020200978549,2020,200978549,1,9,0,2,2,0,0,0,0,0,0,0,0,0,2,1,6,6,1,-1,-1,1598,2,5,AUDI A3,-1,-1,0,-1
2020211009938,2020,211009938,1,9,0,18,19,1,5,0,0,1,0,0,0,0,1,1,6,6,2,31,6,1896,2,11,AUDI A3,3,E01029408,0,-1
2020552000990,2020,552000990,2,9,0,9,9,6,4,0,0,8,0,0,0,0,3,1,6,6,1,47,8,1896,2,14,AUDI A3,6,E01015368,0,-1
2020622001068,2020,622001068,1,9,0,5,5,1,5,0,0,0,0,0,0,0,1,1,6,6,2,49,8,1598,2,1,AUDI A3,4,W01001092,0,-1
2020544031620,2020,544031620,1,9,0,18,19,2,6,0,0,4,0,0,0,0,1,1,6,6,1,27,6,1968,2,15,AUDI A3,5,E01032113,0,-1
2020010240284,2020,010240284,2,9,0,9,9,2,8,0,0,8,9,0,0,99,1,9,6,6,3,70,10,1395,1,6,AUDI A3,7,E01001049,0,-1
2020170S10870,2020,170S10870,1,9,0,9,9,5,2,0,0,3,0,0,0,0,1,1,6,6,1,59,9,1595,1,10,AUDI A3,3,E01012197,0,-1
2020361006003,2020,361006003,2,9,-1,-1,-1,-1,-1,-1,-1,0,-1,-1,-1,0,-1,1,6,6,2,18,4,1968,2,8,AUDI A3,10,E01026537,0,-1
2020100972824,2020,100972824,1,9,0,16,19,1,5,0,0,0,0,0,4,0,3,1,6,6,1,28,6,1968,2,14,AUDI A3,-1,-1,0,-1
2020137261096,2020,137261096,2,9,0,3,3,4,8,0,0,0,0,0,0,0,1,1,2,2,1,22,5,1968,2,13,AUDI A3,6,E01011480,0,-1
2020340K05562,2020,340K05562,2,9,0,18,19,7,3,0,0,0,0,0,0,0,1,1,3,7,2,35,6,999,1,2,AUDI A3,8,E01027101,0,-1
2020010262722,2020,010262722,3,9,0,7,7,7,1,0,0,1,0,0,0,0,1,1,6,6,3,-1,-1,1984,1,10,AUDI A3,-1,-1,0,-1
2020010268779,2020,010268779,1,9,0,18,19,7,3,0,0,6,0,0,0,0,1,1,6,6,1,49,8,1968,2,4,AUDI A3,1,E01000643,0,-1
2020137260781,2020,137260781,2,9,0,18,19,5,1,0,0,0,0,0,0,0,1,1,6,6,1,-1,-1,1968,2,7,AUDI A3,3,E01010657,0,-1
2020030997312,2020,030997312,1,9,0,18,19,7,3,0,0,0,0,0,0,0,4,1,5,6,2,34,6,1896,2,14,AUDI A3,8,E01025165,0,-1
2020622000268,2020,622000268,2,9,0,4,4,6,2,0,0,0,0,0,0,0,2,1,6,6,1,39,7,1968,2,14,AUDI A3,1,W01001813,0,-1
2020040920639,2020,040920639,2,9,0,7,7,7,1,0,0,6,0,0,0,0,1,1,5,6,1,32,6,1968,2,14,AUDI A3,10,E01025316,0,-1
2020200929565,2020,200929565,2,9,0,9,9,5,3,0,0,5,0,0,0,0,4,1,6,6,2,22,5,1896,2,11,AUDI A3,4,-1,0,-1
2020370928615,2020,370928615,3,9,0,4,4,3,7,0,0,0,0,0,0,0,2,1,3,7,2,28,6,1598,2,9,AUDI A3,5,E01030027,0,-1
2020200940635,2020,200940635,2,9,0,18,19,6,2,0,0,8,0,0,0,0,1,1,6,6,1,25,5,1598,2,6,AUDI A3,2,E01010020,0,-1
202006F178475,2020,06F178475,1,9,0,9,9,1,6,0,0,8,0,0,0,0,1,1,6,6,3,-1,-1,1968,2,13,AUDI A3,-1,-1,0,-1
2020140992350,2020,140992350,2,9,0,9,9,8,6,0,0,8,0,0,0,0,4,1,6,6,1,69,10,1498,1,2,AUDI A3,5,E01007996,0,-1
2020200931291,2020,200931291,1,9,0,18,19,-1,-1,0,0,0,0,4,0,0,1,1,6,6,1,-1,-1,1896,2,12,AUDI A3,-1,-1,0,-1
202006N170431,2020,06N170431,2,9,0,9,9,3,1,0,0,5,0,0,0,0,4,1,6,6,1,26,6,1598,2,5,AUDI A3,-1,-1,0,-1
2020010228299,2020,010228299,2,9,0,99,99,9,9,99,99,4,9,99,9,99,0,9,6,6,3,-1,-1,1598,2,6,AUDI A3,-1,-1,0,-1
2020440300014,2020,440300014,2,9,0,9,9,7,5,0,0,8,0,0,0,0,1,1,6,6,2,24,5,1598,2,5,AUDI A3,9,E01022494,0,-1
2020010239645,2020,010239645,1,9,0,2,2,0,0,0,0,2,0,0,0,0,3,1,6,6,3,-1,-1,1390,1,10,AUDI A3,-1,-1,0,-1
2020430200835,2020,430200835,2,9,0,18,19,8,4,0,0,0,0,0,0,0,1,1,6,6,2,49,8,1896,2,13,AUDI A3,9,E01028425,0,-1
2020160975347,2020,160975347,1,9,0,18,19,6,2,0,0,6,0,0,0,0,1,1,6,6,1,-1,-1,1896,2,11,AUDI A3,-1,-1,0,-1
2020522005183,2020,522005183,2,9,0,18,19,4,6,0,0,6,0,0,0,0,1,1,6,6,3,-1,-1,1968,2,11,AUDI A3,-1,-1,0,-1
2020010228609,2020,010228609,1,9,0,18,19,7,3,0,0,1,0,0,0,0,1,1,2,2,1,37,7,1598,2,9,AUDI A3,5,E01003663,0,-1
2020052001518,2020,052001518,2,9,0,12,12,5,1,0,0,0,0,0,0,0,3,1,6,6,1,18,4,1598,2,4,AUDI A3,3,E01007047,0,-1
2020440472582,2020,440472582,1,9,0,18,19,6,8,0,0,8,0,0,0,0,1,1,6,6,2,66,10,1595,2,10,AUDI A3,5,E01017282,0,-1
2020430192834,2020,430192834,1,9,0,18,19,7,3,0,0,0,0,0,0,2,1,1,6,6,2,27,6,1798,1,10,AUDI A3,7,E01017705,0,-1
20201376Q2395,2020,1376Q2395,2,9,0,7,7,8,2,0,0,6,0,0,0,0,3,1,6,6,2,25,5,1968,2,6,AUDI A3,6,E01011586,0,-1
2020220969663,2020,220969663,2,9,0,7,7,6,8,0,0,4,0,0,0,0,1,1,6,6,1,25,5,1968,2,11,AUDI A3,-1,-1,0,-1
2020010242910,2020,010242910,2,9,0,18,19,8,4,0,0,1,0,0,0,0,1,2,6,6,2,47,8,1197,1,8,AUDI A3,-1,-1,0,-1
2020501014873,2020,501014873,2,9,0,4,4,1,5,0,0,0,0,0,0,0,2,1,6,6,2,28,6,1598,2,8,AUDI A3,7,E01020043,0,-1
2020332000209,2020,332000209,2,9,0,9,9,5,3,0,0,5,0,0,0,0,3,1,6,6,1,24,5,1498,1,1,AUDI A3,2,E01013667,0,-1
2020220925258,2020,220925258,2,9,0,4,4,7,3,0,0,0,0,0,0,0,2,1,2,2,1,48,8,1598,2,4,AUDI A3,8,E01032439,0,-1
2020100989732,2020,100989732,2,9,0,18,19,3,7,0,0,4,0,0,0,0,1,1,5,6,2,34,6,1197,1,5,AUDI A3,4,E01001421,0,-1
2020010270137,2020,010270137,2,9,0,7,7,7,8,0,0,1,0,0,0,0,4,1,6,6,1,23,5,1595,1,15,AUDI A3,4,E01000476,0,-1
2020990979789,2020,990979789,1,9,0,16,19,1,4,0,0,1,0,10,0,0,3,1,6,6,1,25,5,1968,2,14,AUDI A3,-1,-1,0,-1
2020440379751,2020,440379751,1,9,0,9,9,5,3,0,0,1,0,0,0,0,3,1,6,6,2,58,9,1896,2,11,AUDI A3,3,E01022902,0,-1
2020370956155,2020,370956155,2,9,0,9,9,3,7,0,0,1,0,0,0,0,1,1,5,6,2,21,5,1968,2,11,AUDI A3,7,E01029885,0,-1
2020200940281,2020,200940281,1,9,0,18,19,6,2,0,0,4,0,0,0,0,1,1,6,6,1,-1,-1,1968,2,6,AUDI A3,-1,-1,0,-1
2020010280763,2020,010280763,1,9,0,99,99,9,9,99,99,9,9,99,9,99,2,9,6,6,1,34,6,1598,2,4,AUDI A3,6,E01002674,0,-1
2020137610903,2020,137610903,3,9,0,18,19,7,3,0,0,2,0,0,0,0,2,1,6,6,1,30,6,1968,2,10,AUDI A3,3,E01010794,0,-1
20201373D1447,2020,1373D1447,1,9,0,18,19,5,1,0,0,0,0,0,0,0,1,1,1,1,1,39,7,1968,2,4,AUDI A3,6,E01011228,0,-1
2020010284880,2020,010284880,1,9,9,2,2,0,0,99,99,9,9,99,9,99,9,9,6,6,3,-1,-1,1798,1,6,AUDI A3,-1,-1,0,-1
2020031006850,2020,031006850,1,9,0,5,5,5,1,0,0,0,0,0,0,0,1,1,5,6,1,32,6,1896,2,11,AUDI A3,4,E01019202,0,-1
2020200946551,2020,200946551,2,9,0,6,6,8,8,0,0,2,0,0,0,0,2,1,6,6,1,22,5,1598,2,6,AUDI A3,2,E01010309,0,-1
2020990994099,2020,990994099,2,9,0,18,19,4,1,0,0,1,0,0,0,0,1,1,6,6,1,30,6,1896,2,14,AUDI A3,1,-1,0,-1
2020010273003,2020,010273003,2,9,0,15,15,1,5,0,0,0,0,0,0,0,0,1,6,6,1,25,5,1598,2,4,AUDI A3,5,E01031611,0,-1
2020140970989,2020,140970989,2,9,0,18,19,6,2,0,0,1,0,0,0,0,1,1,5,6,1,30,6,1968,2,6,AUDI A3,1,E01008103,0,-1
2020520100432,2020,520100432,3,9,0,18,19,7,3,0,0,1,0,0,0,0,1,1,1,1,1,82,11,1395,1,5,AUDI A3,2,E01029248,0,-1
2020140984148,2020,140984148,2,9,0,18,19,1,5,0,0,0,0,0,0,0,1,1,6,6,2,24,5,1896,2,12,AUDI A3,1,E01007715,0,-1
2020010257432,2020,010257432,4,9,0,18,19,7,3,0,0,1,0,0,0,0,1,1,6,6,1,48,8,1984,1,16,AUDI A3,8,E01000962,0,-1