collision_index,collision_year,collision_ref_no,vehicle_reference,vehicle_type,towing_and_articulation,vehicle_manoeuvre_historic,vehicle_manoeuvre,vehicle_direction_from,vehicle_direction_to,vehicle_location_restricted_lane_historic,vehicle_location_restricted_lane,junction_location,skidding_and_overturning,hit_object_in_carriageway,vehicle_leaving_carriageway,hit_object_off_carriageway,first_point_of_impact,vehicle_left_hand_drive,journey_purpose_of_driver_historic,journey_purpose_of_driver,sex_of_driver,age_of_driver,age_band_of_driver,engine_capacity_cc,propulsion_code,age_of_vehicle,generic_make_model,driver_imd_decile,lsoa_of_driver,escooter_flag,driver_distance_banding
2020545294720,2020,545294720,1,9,0,5,5,4,8,0,0,1,0,0,0,0,4,1,1,1,1,23,5,1781,1,17,AUDI A3,10,E01022203,0,-1
2020440227309,2020,440227309,1,9,0,13,13,2,6,0,0,0,0,10,1,2,4,1,6,6,1,21,5,999,1,2,AUDI A3,10,E01022512,0,-1
2020200979560,2020,200979560,1,9,0,13,13,2,5,0,0,0,0,0,0,0,1,1,6,6,1,28,6,1968,2,9,AUDI A3,8,E01032171,0,-1
2020201021064,2020,201021064,1,9,0,18,19,7,3,0,0,0,0,0,0,0,1,1,6,6,1,-1,-1,1984,1,11,AUDI A3,-1,-1,0,-1
2020460962550,2020,460962550,1,9,0,18,19,6,2,0,0,0,0,0,0,0,1,1,6,6,1,40,7,1968,2,14,AUDI A3,6,E01024065,0,-1
2020137A30869,2020,137A30869,1,9,0,3,3,5,7,0,0,1,0,0,0,0,1,1,6,6,1,28,6,1968,2,13,AUDI A3,5,E01010598,0,-1
2020137720380,2020,137720380,1,9,0,18,19,5,1,0,0,8,0,0,0,0,1,1,6,6,1,21,5,1598,2,2,AUDI A3,10,E01010646,0,-1
2020430159925,2020,430159925,1,9,0,18,19,4,8,0,0,0,0,0,0,0,4,1,2,2,1,31,6,1598,2,7,AUDI A3,8,E01017669,0,-1
2020110977021,2020,110977021,2,9,0,18,19,5,1,0,0,0,1,0,0,0,2,1,5,6,2,34,6,1498,1,1,AUDI A3,4,E01008578,0,-1
2020010274745,2020,010274745,2,9,0,11,11,3,7,0,0,0,0,0,0,0,3,1,2,2,1,26,6,1390,1,10,AUDI A3,2,E01000045,0,-1
2020501007677,2020,501007677,1,9,0,5,5,7,3,0,0,1,0,0,0,0,4,1,5,6,1,54,8,1968,2,1,AUDI A3,10,E01019793,0,-1
2020010257368,2020,010257368,2,9,0,18,19,4,8,0,0,8,0,0,0,0,1,1,6,6,2,27,6,1968,1,15,AUDI A3,3,E01004066,0,-1
2020140988823,2020,140988823,1,9,0,18,19,7,3,0,0,0,0,0,0,0,1,1,6,6,3,-1,-1,1968,2,16,AUDI A3,-1,-1,0,-1
2020332000101,2020,332000101,1,9,0,5,5,2,6,0,0,6,0,0,0,0,1,1,1,1,2,50,8,1798,1,12,AUDI A3,2,E01013667,0,-1
2020410961253,2020,410961253,1,9,-1,-1,-1,-1,-1,-1,-1,0,-1,-1,-1,0,-1,1,6,6,1,19,4,1968,2,12,AUDI A3,7,E01023892,0,-1
2020140923122,2020,140923122,1,9,0,9,9,8,6,0,0,6,0,0,0,0,1,1,5,6,1,26,6,1968,2,10,AUDI A3,1,E01008090,0,-1
2020430204595,2020,430204595,1,9,0,18,19,8,4,0,0,0,0,0,0,0,4,1,6,6,1,84,11,1390,1,10,AUDI A3,5,E01017923,0,-1
2020400996590,2020,400996590,1,9,0,7,7,7,3,0,0,8,0,0,0,0,1,1,6,6,1,38,7,1968,2,15,AUDI A3,10,E01016410,0,-1
2020990977266,2020,990977266,1,9,0,17,19,2,7,0,0,1,0,0,0,0,4,1,1,1,1,41,7,1968,2,1,AUDI A3,6,-1,0,-1
2020101004094,2020,101004094,1,9,0,18,19,1,5,0,0,0,0,0,0,0,1,1,6,6,3,-1,-1,1968,2,8,AUDI A3,-1,-1,0,-1
2020040932968,2020,040932968,2,9,0,18,19,3,7,0,0,0,0,0,0,0,4,1,5,6,1,62,9,1598,2,8,AUDI A3,4,E01025071,0,-1
2020210999473,2020,210999473,1,9,0,18,19,-1,-1,0,0,8,1,0,7,0,1,1,6,6,1,18,4,1968,2,14,AUDI A3,6,E01029778,0,-1
2020170M21090,2020,170M21090,2,9,0,5,5,2,6,0,0,1,0,0,0,0,1,1,6,6,1,58,9,999,1,2,AUDI A3,8,E01012030,0,-1
2020200947064,2020,200947064,2,9,0,18,19,7,3,0,0,8,0,4,0,0,1,1,6,6,2,31,6,1395,1,7,AUDI A3,7,E01010123,0,-1
202006J172865,2020,06J172865,2,9,0,18,19,7,3,0,0,8,0,0,0,0,1,1,6,6,1,65,9,1395,1,6,AUDI A3,1,E01005124,0,-1
2020040993620,2020,040993620,2,9,0,18,19,7,3,0,0,0,0,0,4,6,4,1,5,6,2,30,6,1598,2,5,AUDI A3,1,E01025084,0,-1
2020410992482,2020,410992482,1,9,0,5,5,5,2,0,0,1,0,0,0,0,1,1,6,6,3,-1,-1,1968,2,8,AUDI A3,-1,-1,0,-1
2020440244891,2020,440244891,2,9,0,10,10,5,3,0,0,8,0,0,0,0,3,1,1,1,1,42,7,1984,1,10,AUDI A3,7,E01017285,0,-1
2020460954484,2020,460954484,2,9,0,18,19,5,1,0,0,8,0,0,0,0,1,1,5,6,2,32,6,1984,1,17,AUDI A3,4,E01024841,0,-1
2020302001086,2020,302001086,2,9,0,7,7,5,7,0,0,5,0,0,0,0,0,1,6,6,1,33,6,1968,2,12,AUDI A3,1,E01013566,0,-1
2020320117086,2020,320117086,2,9,0,18,19,6,3,0,0,8,0,0,1,0,1,1,2,2,1,43,7,1498,1,2,AUDI A3,9,E01026160,0,-1
2020010228235,2020,010228235,1,9,0,99,99,9,9,99,99,9,9,99,9,99,1,9,2,2,2,27,6,1197,1,8,AUDI A3,3,E01003960,0,-1
2020200931875,2020,200931875,1,9,0,9,9,2,8,0,0,5,0,0,0,0,3,1,6,6,1,27,6,1595,1,14,AUDI A3,2,E01032538,0,-1
2020070340616,2020,070340616,1,9,0,7,7,3,7,0,0,8,0,0,0,0,0,1,6,6,1,-1,-1,1968,2,6,AUDI A3,-1,-1,0,-1
2020140979276,2020,140979276,3,9,0,18,19,6,2,0,0,0,0,0,0,0,1,1,3,7,1,31,6,1968,2,8,AUDI A3,1,E01007597,0,-1
2020010248044,2020,010248044,1,9,0,10,10,1,8,0,0,1,0,0,0,0,1,1,6,6,1,28,6,1968,2,14,AUDI A3,1,E01001549,0,-1
2020610009320,2020,610009320,1,9,0,9,9,8,7,0,0,1,0,0,0,0,1,1,2,2,1,24,5,1595,2,11,AUDI A3,2,W01001529,0,-1
2020200997940,2020,200997940,2,9,0,18,19,4,8,0,0,0,0,0,0,0,1,1,6,6,2,46,8,1968,2,16,AUDI A3,4,E01010009,0,-1
2020201023030,2020,201023030,1,9,0,7,7,2,6,0,0,3,1,7,1,0,1,1,2,2,1,48,8,1395,1,6,AUDI A3,7,E01031213,0,-1
2020100936814,2020,100936814,2,9,0,18,19,2,4,0,0,1,0,0,0,0,1,1,2,2,1,35,6,1968,2,9,AUDI A3,8,E01008452,0,-1
2020410986192,2020,410986192,1,9,0,18,19,7,3,0,0,8,1,0,0,0,1,1,2,2,1,24,5,1781,1,18,AUDI A3,5,E01023429,0,-1
2020040961649,2020,040961649,2,9,0,9,9,7,1,0,0,1,0,0,0,0,3,1,5,6,1,20,4,1968,2,10,AUDI A3,1,E01033231,0,-1
2020200987818,2020,200987818,2,9,0,2,2,0,0,0,0,0,0,0,0,0,1,1,6,6,1,26,6,1598,2,5,AUDI A3,4,E01009175,0,-1
2020010249989,2020,010249989,2,9,0,99,99,9,9,99,99,9,9,99,9,99,1,9,6,6,3,-1,-1,1984,1,10,AUDI A3,2,E01004305,0,-1
2020100960384,2020,100960384,1,9,0,17,19,6,4,0,0,0,1,0,1,0,4,1,6,6,1,38,7,1968,2,11,AUDI A3,2,E01027431,0,-1
2020451007308,2020,451007308,2,9,0,17,19,1,6,0,0,8,0,0,0,0,1,1,2,2,2,57,9,1395,1,6,AUDI A3,8,E01030915,0,-1
2020010236734,2020,010236734,2,9,0,13,13,5,1,0,0,5,1,0,0,0,4,1,6,6,1,19,4,1798,1,7,AUDI A3,-1,-1,0,-1
2020470916466,2020,470916466,1,9,0,9,9,1,7,0,0,6,0,0,0,0,1,1,5,6,1,18,4,1595,2,10,AUDI A3,4,E01016882,0,-1
2020140985422,2020,140985422,2,9,0,18,19,3,7,0,0,1,0,0,0,0,1,1,1,1,1,22,5,1395,1,3,AUDI A3,9,E01007709,0,-1
2020201022701,2020,201022701,1,9,0,18,19,2,6,0,0,8,5,4,0,0,1,1,6,6,2,39,7,1896,2,12,AUDI A3,2,E01010567,0,-1
202006Q276600,2020,06Q276600,1,9,0,13,13,6,2,0,0,1,0,0,0,0,4,1,6,6,1,50,8,1595,2,11,AUDI A3,4,E01005327,0,-1
2020010253413,2020,010253413,5,9,0,18,19,3,7,0,0,0,0,0,0,0,1,1,6,6,3,-1,-1,1595,1,11,AUDI A3,-1,-1,0,-1
2020430329503,2020,430329503,1,9,0,18,19,8,4,0,0,0,1,0,0,0,1,1,6,6,1,31,6,2480,1,9,AUDI A3,3,E01016381,0,-1
2020070539048,2020,070539048,1,9,0,16,19,8,3,0,0,0,1,6,1,11,2,1,2,2,1,19,4,1968,1,14,AUDI A3,-1,-1,0,-1
2020140979461,2020,140979461,1,9,0,14,14,8,4,0,0,1,0,0,0,0,1,1,5,6,1,55,8,1968,2,6,AUDI A3,1,E01007466,0,-1
2020070415838,2020,070415838,2,9,0,4,4,2,6,0,0,1,0,0,0,0,2,1,1,1,2,40,7,1968,2,8,AUDI A3,2,E01018477,0,-1
2020200960821,2020,200960821,4,9,0,2,2,0,0,0,0,1,0,0,0,0,1,1,6,6,3,-1,-1,1598,2,9,AUDI A3,-1,-1,0,-1
2020010267966,2020,010267966,2,9,0,18,19,5,1,0,0,8,0,99,0,0,1,1,6,6,3,-1,-1,1395,8,5,AUDI A3,-1,-1,0,-1
2020470958826,2020,470958826,1,9,0,18,19,2,6,0,0,4,0,0,0,0,1,1,6,6,2,-1,-1,1896,2,13,AUDI A3,2,E01016975,0,-1
2020200918004,2020,200918004,2,9,0,17,19,8,6,0,0,8,0,0,0,0,3,1,6,6,2,28,6,1598,2,7,AUDI A3,2,E01009934,0,-1
2020070488672,2020,070488672,2,9,0,10,10,7,5,0,0,1,0,0,0,0,2,1,6,6,2,66,10,1395,1,5,AUDI A3,10,E01005924,0,-1
2020430298985,2020,430298985,2,9,0,14,14,1,5,0,0,1,5,0,0,1,3,1,6,6,1,63,9,1968,2,15,AUDI A3,2,E01016368,0,-1
2020010240993,2020,010240993,1,9,0,9,9,1,7,0,0,1,0,0,0,0,3,1,2,2,2,46,8,1598,2,5,AUDI A3,5,E01000519,0,-1
2020010260166,2020,010260166,2,9,0,4,4,1,5,0,0,2,0,0,0,0,1,1,6,6,1,30,6,1968,2,5,AUDI A3,3,E01004038,0,-1
2020470987809,2020,470987809,1,9,0,4,4,1,5,0,0,0,0,0,0,0,1,1,2,2,2,43,7,1598,2,9,AUDI A3,4,E01031551,0,-1
2020470978315,2020,470978315,1,9,0,9,9,2,8,0,0,5,1,0,1,0,1,1,5,6,1,30,6,1968,2,4,AUDI A3,8,E01031757,0,-1
2020501015509,2020,501015509,2,9,0,4,4,7,3,0,0,0,0,0,0,0,2,1,2,2,1,43,7,1595,2,10,AUDI A3,4,E01018895,0,-1
2020500980815,2020,500980815,1,9,0,16,19,1,6,0,0,0,0,0,0,0,1,1,6,6,1,22,5,1390,1,9,AUDI A3,-1,-1,0,-1
2020332000216,2020,332000216,1,9,0,18,19,7,3,0,0,0,0,6,1,7,1,1,6,6,3,22,5,1781,1,22,AUDI A3,-1,-1,0,-1
2020450972361,2020,450972361,1,9,0,13,13,7,3,0,0,1,0,0,0,0,3,1,6,6,3,35,6,1968,2,10,AUDI A3,-1,-1,0,-1
2020010257514,2020,010257514,1,9,0,16,19,1,5,0,0,8,0,0,5,1,4,1,6,6,1,22,5,1395,1,4,AUDI A3,3,E01003597,0,-1
2020010278112,2020,010278112,4,9,0,18,19,1,5,0,0,0,0,0,0,0,2,1,2,2,2,37,7,1595,1,12,AUDI A3,3,E01000011,0,-1
2020522004762,2020,522004762,2,9,0,7,7,3,5,0,0,8,0,0,0,0,1,1,6,6,1,18,4,1968,2,9,AUDI A3,-1,-1,0,-1
2020010245098,2020,010245098,1,9,0,99,99,9,9,99,99,0,9,99,9,99,9,9,6,6,1,41,7,1798,1,10,AUDI A3,1,E01004214,0,-1
2020010246898,2020,010246898,1,9,0,3,3,2,6,0,0,1,0,0,0,0,1,1,6,6,2,53,8,1896,2,11,AUDI A3,3,E01001892,0,-1
2020552000411,2020,552000411,3,9,0,18,19,8,4,0,0,0,0,0,0,0,1,1,6,6,1,35,6,1968,2,12,AUDI A3,9,E01020399,0,-1
20201376B1246,2020,1376B1246,1,9,0,18,19,2,6,0,0,0,0,0,0,0,1,1,6,6,2,21,5,1968,2,11,AUDI A3,4,E01011678,0,-1
2020340S05902,2020,340S05902,2,9,0,18,19,7,3,0,0,0,0,0,0,0,1,1,6,6,1,43,7,1968,2,10,AUDI A3,5,E01032981,0,-1
2020430330927,2020,430330927,1,9,0,16,19,3,6,0,0,0,2,0,2,4,1,1,6,6,1,20,4,1968,2,13,AUDI A3,9,E01017920,0,-1
2020500985304,2020,500985304,2,9,0,18,19,4,8,0,0,0,0,0,0,0,1,1,6,6,3,-1,-1,1968,2,14,AUDI A3,-1,-1,0,-1
202006XF74155,2020,06XF74155,1,9,0,18,19,1,5,0,0,7,0,0,0,0,1,1,6,6,2,35,6,1598,2,5,AUDI A3,6,E01006125,0,-1
2020010247297,2020,010247297,1,9,0,18,19,3,7,0,0,2,0,0,0,0,1,1,2,2,1,29,6,1598,2,5,AUDI A3,4,E01003757,0,-1
2020010239964,2020,010239964,1,9,0,4,4,8,4,0,0,1,0,0,0,0,1,1,6,6,1,51,8,1896,2,13,AUDI A3,1,E01001424,0,-1
2020460950406,2020,460950406,1,9,0,17,19,6,2,0,0,1,0,0,1,0,1,1,6,6,1,-1,-1,1984,1,16,AUDI A3,-1,-1,0,-1
2020460932025,2020,460932025,1,9,0,18,19,6,2,0,0,0,1,0,0,0,1,1,5,6,1,43,7,1395,1,7,AUDI A3,4,E01024387,0,-1
2020010254650,2020,010254650,1,9,0,9,9,5,3,0,0,4,0,0,0,0,1,1,1,1,1,43,7,1968,2,15,AUDI A3,4,E01002650,0,-1
202006L269548,2020,06L269548,2,9,0,18,19,1,2,0,0,3,0,0,0,0,4,1,6,6,2,47,8,1598,2,5,AUDI A3,8,E01006285,0,-1
2020010261440,2020,010261440,2,9,0,18,19,3,7,0,0,0,0,0,0,0,1,1,6,6,3,-1,-1,3189,1,15,AUDI A3,-1,-1,0,-1
20201378P1230,2020,1378P1230,1,9,0,9,9,3,1,0,0,1,0,0,0,11,1,1,6,6,1,23,5,1968,2,12,AUDI A3,9,E01011583,0,-1
2020200993108,2020,200993108,1,9,0,5,5,7,3,0,0,6,0,0,0,0,1,1,6,6,1,-1,-1,1896,2,13,AUDI A3,-1,-1,0,-1
2020500940264,2020,500940264,1,9,0,5,5,4,8,0,0,6,0,0,0,0,1,1,3,7,2,37,7,1968,2,15,AUDI A3,2,E01015073,0,-1
2020160988556,2020,160988556,1,9,0,18,19,4,8,0,0,8,0,0,0,0,1,1,5,6,1,67,10,1968,2,4,AUDI A3,7,E01013075,0,-1
2020350949622,2020,350949622,1,9,0,18,19,5,1,0,0,0,0,0,7,0,3,1,1,1,1,78,11,1395,1,6,AUDI A3,5,E01018102,0,-1
2020470983458,2020,470983458,1,9,0,18,19,1,5,0,0,2,0,0,0,0,1,1,5,6,1,41,7,1595,1,12,AUDI A3,4,E01016872,0,-1
20201378H0775,2020,1378H0775,2,9,0,18,19,8,4,0,0,8,0,0,0,0,4,1,2,2,1,21,5,1968,2,8,AUDI A3,1,E01010782,0,-1
2020137AK0498,2020,137AK0498,2,9,0,18,19,2,6,0,0,0,0,0,0,0,1,1,6,6,1,17,4,1395,1,8,AUDI A3,10,E01011196,0,-1
2020470953393,2020,470953393,1,9,0,10,10,7,5,0,0,0,0,0,0,0,2,1,5,6,1,50,8,1896,2,13,AUDI A3,6,E01031480,0,-1
2020137BF1125,2020,137BF1125,2,9,0,4,4,7,3,0,0,0,0,0,0,0,2,1,6,6,1,27,6,1968,2,14,AUDI A3,1,E01011745,0,-1
202031A107120,2020,31A107120,3,9,0,2,2,0,0,0,0,0,0,0,0,0,2,1,6,6,3,-1,-1,1598,2,5,AUDI A3,-1,-1,0,-1
2020040986091,2020,040986091,2,9,0,17,19,-1,-1,0,0,0,0,0,0,0,3,1,6,6,3,-1,-1,1968,2,15,AUDI A3,-1,-1,0,-1
2020470946298,2020,470946298,2,9,0,3,3,4,6,0,0,0,0,0,0,0,1,1,5,6,1,29,6,1598,2,10,AUDI A3,4,E01021045,0,-1
202006P174907,2020,06P174907,1,9,0,18,19,4,8,0,0,1,0,0,0,0,3,1,6,6,3,-1,-1,1968,2,6,AUDI A3,-1,-1,0,-1
2020030953692,2020,030953692,1,9,0,17,19,1,5,0,0,0,0,0,0,0,1,1,5,6,2,91,11,1968,2,13,AUDI A3,8,E01019383,0,-1
2020161005618,2020,161005618,1,9,0,18,19,1,5,0,0,0,0,0,0,0,1,1,3,7,2,38,7,1968,2,8,AUDI A3,4,E01012776,0,-1
2020200930136,2020,200930136,2,9,0,2,2,0,0,0,0,2,0,0,0,0,2,1,6,6,2,24,5,1598,2,4,AUDI A3,1,E01009021,0,-1
2020137BH1257,2020,137BH1257,1,9,0,1,1,3,6,0,0,0,0,0,0,0,4,1,2,2,2,55,8,1498,1,3,AUDI A3,7,E01011145,0,-1
2020420923349,2020,420923349,2,9,0,5,5,5,1,0,0,1,0,0,0,0,4,1,5,6,1,51,8,1968,2,11,AUDI A3,9,E01023910,0,-1
2020420963303,2020,420963303,2,9,0,18,19,1,3,0,0,8,0,0,0,0,1,1,2,2,1,25,5,1968,2,16,AUDI A3,2,E01021667,0,-1
2020471007318,2020,471007318,1,9,0,16,19,4,6,0,0,1,0,0,0,0,2,1,2,2,2,27,6,1598,2,5,AUDI A3,6,E01031669,0,-1
2020530993904,2020,530993904,1,9,0,18,19,5,1,0,0,0,0,0,0,0,4,1,6,6,1,20,4,1595,1,12,AUDI A3,9,E01022100,0,-1
2020410966935,2020,410966935,2,9,0,18,19,7,3,0,0,0,0,0,0,0,1,1,6,6,1,-1,-1,1968,2,14,AUDI A3,10,E01023824,0,-1
2020040932907,2020,040932907,1,9,0,7,7,1,1,0,0,0,0,0,0,0,1,1,6,6,2,28,6,1798,1,7,AUDI A3,-1,-1,0,-1
2020230925115,2020,230925115,2,9,0,4,4,7,3,0,0,0,0,0,0,0,2,1,1,1,1,22,5,1968,2,7,AUDI A3,8,E01032176,0,-1
202031D140020,2020,31D140020,1,9,0,11,11,4,8,0,0,1,1,0,0,0,1,1,6,6,1,21,5,1968,2,15,AUDI A3,2,E01013945,0,-1
2020052002718,2020,052002718,2,9,0,18,19,1,5,0,0,0,0,0,0,0,1,1,6,6,1,51,8,999,1,2,AUDI A3,7,E01006686,0,-1
2020371023987,2020,371023987,1,9,0,4,4,5,1,0,0,0,0,0,0,0,1,1,5,6,3,29,6,1896,2,12,AUDI A3,4,E01030160,0,-1
2020420987617,2020,420987617,2,9,0,18,19,3,8,0,0,0,1,0,0,0,1,1,1,1,2,35,6,1896,2,11,AUDI A3,3,E01022007,0,-1
2020122100042,2020,122100042,2,9,0,18,19,5,1,0,0,0,0,0,0,0,1,1,2,2,1,25,5,1598,2,6,AUDI A3,6,E01011996,0,-1
2020430081845,2020,430081845,1,9,0,18,19,6,2,0,0,1,0,0,0,0,1,1,3,7,2,51,8,1598,2,6,AUDI A3,4,E01016573,0,-1
2020200929107,2020,200929107,1,9,0,18,19,2,6,0,0,3,0,0,0,0,1,1,6,6,1,39,7,1896,2,13,AUDI A3,4,E01009921,0,-1
20201378H0801,2020,1378H0801,1,9,0,7,7,6,2,0,0,1,0,0,0,0,4,1,2,2,1,28,6,1968,2,9,AUDI A3,2,E01011223,0,-1
2020010269308,2020,010269308,2,9,0,18,19,1,5,0,0,2,2,0,0,0,0,1,6,6,1,-1,-1,1598,2,8,AUDI A3,-1,-1,0,-1
2020010244487,2020,010244487,1,9,0,5,5,1,5,0,0,8,0,0,0,0,4,1,6,6,1,19,4,1390,1,11,AUDI A3,3,E01000553,0,-1
2020990969469,2020,990969469,1,9,0,18,19,7,3,0,0,0,0,4,0,0,1,2,6,6,1,23,5,1896,2,11,AUDI A3,6,-1,0,-1
2020052100264,2020,052100264,1,9,0,18,19,8,4,0,0,0,1,0,1,0,4,1,6,6,1,23,5,1968,2,12,AUDI A3,2,E01006772,0,-1
2020160985483,2020,160985483,1,9,0,7,7,2,6,0,0,8,0,0,0,0,3,1,6,6,2,54,8,1984,2,14,AUDI A3,1,E01012946,0,-1
2020440248264,2020,440248264,2,9,0,9,9,4,2,0,0,8,0,0,0,0,1,1,6,6,1,24,5,1896,2,11,AUDI A3,6,E01017142,0,-1
2020210995247,2020,210995247,2,9,-1,-1,-1,-1,-1,-1,-1,0,-1,-1,-1,0,-1,1,5,6,1,27,6,1598,2,1,AUDI A3,8,E01031011,0,-1
2020161002845,2020,161002845,2,9,0,18,19,-1,-1,0,0,0,0,0,0,0,2,1,6,6,2,28,6,1595,1,16,AUDI A3,3,E01013238,0,-1
2020440083646,2020,440083646,1,9,0,18,19,2,6,0,0,0,2,0,1,2,1,1,6,6,1,27,6,3189,1,14,AUDI A3,9,E01022496,0,-1
2020137BJ1843,2020,137BJ1843,1,9,0,18,19,2,6,0,0,0,0,0,0,0,1,1,6,6,2,20,4,1598,2,9,AUDI A3,1,E01010653,0,-1
2020340S00702,2020,340S00702,1,9,0,18,19,5,1,0,0,1,0,0,0,0,1,1,6,6,1,-1,-1,1968,2,3,AUDI A3,8,E01019106,0,-1
202031D033420,2020,31D033420,1,9,0,2,2,0,0,0,0,8,0,0,0,0,3,1,6,6,2,45,7,1968,2,3,AUDI A3,7,E01028086,0,-1
2020010275318,2020,010275318,2,9,0,9,9,3,8,0,0,1,0,0,0,0,4,1,6,6,1,24,5,1798,1,6,AUDI A3,5,E01004492,0,-1
202006A369522,2020,06A369522,1,9,0,18,19,7,3,0,0,0,0,0,0,0,3,1,6,6,2,24,5,1968,2,11,AUDI A3,4,E01004961,0,-1
2020220919937,2020,220919937,2,9,0,9,9,4,2,0,0,4,0,0,0,0,4,1,6,6,2,28,6,1598,2,5,AUDI A3,7,E01032442,0,-1
202006G268268,2020,06G268268,2,9,0,18,19,8,4,0,0,8,0,0,0,0,1,1,6,6,2,30,6,1598,2,8,AUDI A3,-1,-1,0,-1
2020122000457,2020,122000457,1,9,0,16,19,8,4,0,0,0,2,0,7,0,3,1,6,6,1,21,5,1968,2,11,AUDI A3,1,E01012045,0,-1
2020040982531,2020,040982531,2,9,0,2,2,0,0,4,4,0,0,0,0,0,2,1,6,6,3,-1,-1,1968,2,8,AUDI A3,-1,-1,0,-1
2020010253877,2020,010253877,1,9,0,99,99,9,9,99,99,9,9,99,9,99,2,9,6,6,2,64,9,1595,1,16,AUDI A3,10,E01030931,0,-1
2020340N04552,2020,340N04552,2,9,0,2,2,0,0,0,0,2,0,0,0,0,1,1,6,6,1,28,6,1595,1,16,AUDI A3,3,E01027191,0,-1
2020460934041,2020,460934041,2,9,0,18,19,5,1,0,0,1,0,0,0,0,4,1,6,6,2,52,8,1395,1,4,AUDI A3,6,E01016125,0,-1
20201373E0788,2020,1373E0788,3,9,0,18,19,3,7,0,0,8,0,0,0,0,3,1,6,6,2,40,7,1598,2,9,AUDI A3,6,E01011587,0,-1
2020140969777,2020,140969777,2,9,0,3,3,7,2,0,0,0,0,0,0,0,2,1,6,6,2,22,5,1598,2,9,AUDI A3,2,E01007443,0,-1
2020610031920,2020,610031920,1,9,0,17,19,4,2,0,0,0,0,0,0,11,1,1,6,6,2,61,9,1595,2,10,AUDI A3,9,W01001606,0,-1
2020440118442,2020,440118442,2,9,0,9,9,4,2,0,0,8,0,0,0,0,3,1,6,6,1,32,6,2480,1,8,AUDI A3,3,E01022801,0,-1
2020430240372,2020,430240372,2,9,0,18,19,2,6,0,0,0,0,0,0,0,1,1,6,6,1,-1,-1,1498,1,2,AUDI A3,-1,-1,0,-1
2020010253492,2020,010253492,2,9,0,7,7,5,7,0,0,1,0,0,0,0,4,1,6,6,2,44,7,1798,1,12,AUDI A3,4,E01002698,0,-1
2020137620548,2020,137620548,1,9,0,18,19,5,1,0,0,4,0,0,0,0,3,1,1,1,2,35,6,1598,2,7,AUDI A3,2,E01005487,0,-1
2020010270881,2020,010270881,2,9,0,99,99,9,9,99,99,0,0,99,9,0,9,9,6,6,3,-1,-1,1968,2,4,AUDI A3,-1,-1,0,-1
2020351007608,2020,351007608,1,9,0,18,19,3,7,0,0,0,0,0,1,0,1,1,1,1,2,24,5,1968,2,12,AUDI A3,1,E01018107,0,-1
2020440471349,2020,440471349,2,9,0,3,3,4,8,0,0,0,0,0,0,0,2,1,6,6,1,23,5,1598,2,4,AUDI A3,2,E01003086,0,-1
2020360992161,2020,360992161,1,9,0,18,19,1,5,0,0,0,0,0,1,0,1,1,6,6,1,29,6,1984,1,2,AUDI A3,7,E01026939,0,-1
2020010239923,2020,010239923,1,9,0,4,4,3,7,0,0,2,0,0,0,0,1,1,6,6,2,45,7,1598,2,8,AUDI A3,2,E01002566,0,-1
2020990984653,2020,990984653,1,9,0,18,19,6,2,0,0,1,0,0,0,0,1,1,5,6,1,32,6,1598,2,8,AUDI A3,5,-1,0,-1
202006F278047,2020,06F278047,1,9,0,16,19,4,7,0,0,0,0,0,0,0,1,1,6,6,3,-1,-1,1968,2,12,AUDI A3,-1,-1,0,-1
2020160979438,2020,160979438,2,9,0,5,5,6,2,0,0,4,0,0,0,0,1,1,2,2,1,57,9,1968,2,14,AUDI A3,2,E01013143,0,-1
202006A271087,2020,06A271087,2,9,0,18,19,3,7,0,0,8,0,0,0,0,4,1,6,6,2,39,7,1968,2,13,AUDI A3,1,E01005167,0,-1
2020531001920,2020,531001920,2,9,0,18,19,3,7,0,0,0,0,0,0,0,1,1,5,6,2,26,6,1598,2,6,AUDI A3,4,E01022309,0,-1
2020430187480,2020,430187480,2,9,0,3,3,7,5,0,0,1,0,0,0,0,2,1,2,2,2,26,6,1197,1,5,AUDI A3,10,E01028752,0,-1
2020140987389,2020,140987389,2,9,0,18,19,4,7,0,0,1,0,0,0,0,1,1,2,2,1,32,6,1896,2,15,AUDI A3,1,E01007645,0,-1
20201371F1402,2020,1371F1402,1,9,0,9,9,2,4,0,0,8,0,0,0,0,3,1,6,6,1,36,7,1968,2,13,AUDI A3,1,E01011430,0,-1
2020361010509,2020,361010509,1,9,0,18,19,1,5,0,0,0,0,0,0,0,4,1,5,6,2,57,9,1968,2,5,AUDI A3,10,E01026927,0,-1
2020010262333,2020,010262333,2,9,0,5,5,7,3,0,0,3,0,0,0,0,3,1,1,1,1,21,5,1395,1,7,AUDI A3,4,E01001336,0,-1
2020010231485,2020,010231485,1,9,0,4,4,5,1,0,0,0,0,0,0,0,4,1,6,6,2,28,6,1595,1,12,AUDI A3,6,E01001393,0,-1
202006J377682,2020,06J377682,1,9,0,2,2,0,0,0,0,0,0,0,0,0,1,1,6,6,1,19,4,1968,2,6,AUDI A3,10,E01018587,0,-1
2020010264852,2020,010264852,3,9,0,2,2,0,0,0,0,0,0,4,0,0,1,1,6,6,3,-1,-1,999,1,3,AUDI A3,-1,-1,0,-1