collision_index,collision_year,collision_ref_no,vehicle_reference,vehicle_type,towing_and_articulation,vehicle_manoeuvre_historic,vehicle_manoeuvre,vehicle_direction_from,vehicle_direction_to,vehicle_location_restricted_lane_historic,vehicle_location_restricted_lane,junction_location,skidding_and_overturning,hit_object_in_carriageway,vehicle_leaving_carriageway,hit_object_off_carriageway,first_point_of_impact,vehicle_left_hand_drive,journey_purpose_of_driver_historic,journey_purpose_of_driver,sex_of_driver,age_of_driver,age_band_of_driver,engine_capacity_cc,propulsion_code,age_of_vehicle,generic_make_model,driver_imd_decile,lsoa_of_driver,escooter_flag,driver_distance_banding
2020622000368,2020,622000368,1,9,0,4,4,2,6,0,0,6,0,0,0,0,1,1,2,2,2,27,6,1461,2,5,MERCEDES A CLASS,2,W01000834,0,-1
2020101017181,2020,101017181,1,9,0,18,19,8,4,0,0,1,0,0,0,0,1,1,6,6,2,26,6,1595,1,2,MERCEDES A CLASS,6,E01020642,0,-1
2020221006047,2020,221006047,1,9,0,4,4,5,1,0,0,6,0,0,0,0,1,1,5,6,1,23,5,1461,2,6,MERCEDES A CLASS,6,E01032436,0,-1
2020990967602,2020,990967602,1,9,0,9,9,8,6,0,0,6,0,0,0,0,3,1,6,6,2,49,8,1332,1,1,MERCEDES A CLASS,-1,-1,0,-1
2020410944539,2020,410944539,2,9,0,5,5,3,7,0,0,1,0,0,2,1,2,1,2,2,1,44,7,1397,1,16,MERCEDES A CLASS,5,E01015700,0,-1
2020990976128,2020,990976128,1,9,0,18,19,3,7,0,0,0,0,0,0,0,1,1,6,6,2,33,6,1332,1,2,MERCEDES A CLASS,3,-1,0,-1
2020010239848,2020,010239848,1,9,0,18,19,1,5,0,0,8,0,0,0,0,1,1,6,6,1,28,6,2143,2,4,MERCEDES A CLASS,2,E01003174,0,-1
2020460919400,2020,460919400,1,9,0,16,19,4,8,0,0,1,0,4,1,11,1,1,5,6,2,21,5,1461,2,7,MERCEDES A CLASS,4,E01024645,0,-1
2020010287110,2020,010287110,1,9,0,18,19,3,7,0,0,2,0,0,0,0,1,1,6,6,1,57,9,1598,1,16,MERCEDES A CLASS,3,E01001954,0,-1
2020360960316,2020,360960316,1,9,0,18,19,6,2,0,0,8,0,0,0,0,4,1,5,6,2,68,10,1992,2,14,MERCEDES A CLASS,4,E01026651,0,-1
2020221005908,2020,221005908,1,9,0,18,19,8,4,0,0,8,1,0,0,0,1,1,5,6,1,21,5,1595,1,4,MERCEDES A CLASS,5,E01010552,0,-1
2020010234431,2020,010234431,1,9,0,99,99,9,9,99,99,4,9,99,9,99,1,9,6,6,1,20,4,1595,1,4,MERCEDES A CLASS,2,E01032765,0,-1
202006A269679,2020,06A269679,2,9,0,18,19,5,1,0,0,1,0,0,0,0,1,1,6,6,2,34,6,1595,1,3,MERCEDES A CLASS,8,E01011188,0,-1
2020302001020,2020,302001020,1,9,0,9,9,8,4,0,0,1,0,0,0,0,4,1,6,6,1,25,5,2143,2,3,MERCEDES A CLASS,3,E01024897,0,-1
2020460974186,2020,460974186,1,9,0,18,19,5,1,0,0,0,0,0,0,0,1,1,5,6,1,22,5,1461,2,4,MERCEDES A CLASS,7,E01021439,0,-1
2020200984976,2020,200984976,1,9,0,13,13,8,4,0,0,8,0,0,0,0,1,1,6,6,1,48,8,1461,2,3,MERCEDES A CLASS,1,E01009147,0,-1
2020170M11370,2020,170M11370,1,9,0,18,19,6,2,0,0,8,0,0,1,11,1,1,6,6,2,21,5,1461,2,3,MERCEDES A CLASS,8,E01012032,0,-1
2020440282043,2020,440282043,1,9,0,17,19,7,3,0,0,2,0,0,2,10,1,1,6,6,1,34,6,1992,2,13,MERCEDES A CLASS,7,E01017344,0,-1
2020010262507,2020,010262507,2,9,0,18,19,3,7,0,0,4,0,0,0,0,4,1,6,6,1,37,7,1992,2,14,MERCEDES A CLASS,3,E01021764,0,-1
2020450995636,2020,450995636,2,9,0,18,19,5,1,0,0,0,0,0,0,0,1,1,3,7,1,59,9,1898,1,18,MERCEDES A CLASS,7,E01030943,0,-1
2020010268074,2020,010268074,1,9,0,18,19,7,3,0,0,0,1,7,1,0,1,1,6,6,1,24,5,1595,1,2,MERCEDES A CLASS,3,E01001349,0,-1
2020010239124,2020,010239124,1,9,0,4,4,5,1,0,0,1,0,0,0,0,4,1,6,6,2,24,5,1461,2,2,MERCEDES A CLASS,5,E01023575,0,-1
2020990921817,2020,990921817,2,9,0,3,3,7,3,0,0,0,0,0,0,0,2,1,5,6,2,20,4,1461,2,2,MERCEDES A CLASS,9,-1,0,-1
2020010265793,2020,010265793,2,9,0,9,9,7,5,0,0,8,0,0,0,0,4,1,6,6,1,32,6,1598,1,20,MERCEDES A CLASS,8,E01003897,0,-1
2020160980959,2020,160980959,1,9,0,18,19,6,2,0,0,0,0,0,0,0,1,1,6,6,1,-1,-1,1461,2,5,MERCEDES A CLASS,-1,-1,0,-1
2020430152983,2020,430152983,1,9,0,18,19,4,8,0,0,0,0,0,5,6,1,1,6,6,1,25,5,1796,2,6,MERCEDES A CLASS,8,E01023704,0,-1
2020460922515,2020,460922515,1,9,0,12,12,4,8,0,0,0,0,0,0,0,2,1,2,2,1,42,7,1498,1,14,MERCEDES A CLASS,3,E01024280,0,-1
2020470972356,2020,470972356,1,9,0,6,6,2,6,0,0,0,1,0,7,0,1,1,5,6,1,33,6,1397,1,16,MERCEDES A CLASS,4,E01016902,0,-1
2020411001378,2020,411001378,3,9,0,2,2,0,0,0,0,0,0,0,0,0,4,1,5,6,3,-1,-1,1991,2,11,MERCEDES A CLASS,-1,-1,0,-1
2020211008892,2020,211008892,1,9,0,13,13,6,2,0,0,0,0,0,0,0,3,1,6,6,2,46,8,2143,2,4,MERCEDES A CLASS,7,E01029814,0,-1
2020010276541,2020,010276541,1,9,0,18,19,8,4,0,0,0,0,0,0,0,1,1,6,6,2,23,5,1796,2,6,MERCEDES A CLASS,1,E01004042,0,-1
202031B055220,2020,31B055220,1,9,0,7,7,7,1,0,0,6,1,0,1,2,1,1,2,2,2,23,5,2143,2,4,MERCEDES A CLASS,1,E01028320,0,-1
2020010281185,2020,010281185,1,9,0,99,99,9,9,99,99,0,9,99,9,99,2,9,6,6,2,30,6,2143,2,4,MERCEDES A CLASS,8,E01030860,0,-1
2020070322548,2020,070322548,2,9,0,18,19,3,7,0,0,8,0,0,0,0,1,1,6,6,1,35,6,2143,2,5,MERCEDES A CLASS,5,E01012405,0,-1
2020522005112,2020,522005112,1,9,0,4,4,5,1,0,0,1,0,0,0,0,2,1,6,6,1,62,9,2143,2,2,MERCEDES A CLASS,6,E01014846,0,-1
2020010268493,2020,010268493,2,9,0,10,10,1,6,0,0,1,1,0,0,0,3,1,6,6,1,30,6,1332,8,0,MERCEDES A CLASS,1,E01000308,0,-1
2020170M30390,2020,170M30390,1,9,0,4,4,1,5,0,0,0,0,0,0,0,2,1,6,6,2,59,9,1498,1,13,MERCEDES A CLASS,-1,-1,0,-1
2020470969941,2020,470969941,4,9,0,3,3,1,5,0,0,0,0,0,0,0,1,1,5,6,2,63,9,1461,2,5,MERCEDES A CLASS,6,E01031784,0,-1
2020010280958,2020,010280958,2,9,0,99,99,9,9,99,99,9,9,99,9,99,1,9,6,6,3,-1,-1,2084,1,18,MERCEDES A CLASS,-1,-1,0,-1
2020122000354,2020,122000354,2,9,0,2,2,0,0,0,0,0,0,0,0,0,3,1,6,6,2,47,8,1461,2,2,MERCEDES A CLASS,7,E01027645,0,-1
2020421010334,2020,421010334,1,9,0,9,9,3,1,0,0,8,0,0,0,0,3,1,5,6,1,39,7,1461,2,4,MERCEDES A CLASS,3,E01023310,0,-1
2020201009885,2020,201009885,1,9,0,18,19,6,2,0,0,0,0,10,1,11,1,1,6,6,1,26,6,1332,1,1,MERCEDES A CLASS,1,E01033643,0,-1
2020520002335,2020,520002335,2,9,0,18,19,6,2,0,0,0,0,0,0,0,1,1,6,6,1,23,5,1461,2,6,MERCEDES A CLASS,-1,-1,0,-1
2020200947364,2020,200947364,1,9,0,9,9,2,8,0,0,6,0,0,0,0,1,1,1,1,2,36,7,1595,1,3,MERCEDES A CLASS,1,E01010098,0,-1
2020010263282,2020,010263282,1,9,0,9,9,1,7,0,0,5,0,0,0,0,3,1,6,6,2,31,6,1461,2,7,MERCEDES A CLASS,4,E01000112,0,-1
2020052000179,2020,052000179,4,9,0,18,19,5,1,0,0,8,0,0,0,0,1,1,6,6,1,27,6,1332,1,1,MERCEDES A CLASS,1,E01006461,0,-1
2020450928399,2020,450928399,2,9,0,3,3,3,7,0,0,8,0,0,0,0,2,1,5,6,1,33,6,1991,1,1,MERCEDES A CLASS,-1,-1,0,-1
202031D013620,2020,31D013620,1,9,0,16,19,4,8,0,0,0,0,0,0,0,1,1,6,6,1,69,10,1991,2,11,MERCEDES A CLASS,7,E01028402,0,-1
2020030945934,2020,030945934,2,9,0,18,19,3,7,0,0,1,0,0,0,0,1,1,6,6,2,19,4,1461,2,1,MERCEDES A CLASS,4,E01019216,0,-1
2020340W01692,2020,340W01692,2,9,0,3,3,1,5,0,0,0,0,0,0,0,3,1,6,6,2,26,6,1461,2,1,MERCEDES A CLASS,9,E01027325,0,-1
2020430263591,2020,430263591,3,9,0,18,19,4,1,0,0,0,0,0,0,0,2,1,6,6,1,44,7,1461,2,1,MERCEDES A CLASS,8,E01016491,0,-1
2020460925210,2020,460925210,2,9,0,17,19,3,7,0,0,1,0,0,0,0,2,1,1,1,1,22,5,2143,2,6,MERCEDES A CLASS,4,E01024086,0,-1
2020010286080,2020,010286080,1,9,0,99,99,9,9,99,99,0,9,99,9,99,9,9,6,6,2,56,9,1332,1,0,MERCEDES A CLASS,4,E01003354,0,-1
2020140925734,2020,140925734,2,9,0,3,3,6,2,0,0,1,0,0,0,0,2,1,6,6,1,23,5,1461,2,2,MERCEDES A CLASS,3,E01005435,0,-1
2020010278140,2020,010278140,2,9,0,99,99,9,9,99,99,9,9,99,9,99,9,9,6,6,1,-1,-1,1461,2,1,MERCEDES A CLASS,1,E01002081,0,-1
2020100999803,2020,100999803,1,9,0,18,19,1,5,9,9,0,0,0,0,0,1,1,5,6,1,29,6,1461,2,2,MERCEDES A CLASS,1,E01008731,0,-1
2020410949864,2020,410949864,1,9,0,4,4,-1,-1,0,0,3,0,4,0,0,1,1,6,6,1,26,6,1332,1,0,MERCEDES A CLASS,6,E01021807,0,-1
2020010274201,2020,010274201,2,9,0,99,99,9,9,99,99,8,9,99,9,99,1,9,6,6,2,27,6,1498,1,11,MERCEDES A CLASS,6,E01003753,0,-1
2020460961234,2020,460961234,1,9,0,18,19,7,3,0,0,0,0,0,0,0,4,1,6,6,1,29,6,1461,2,3,MERCEDES A CLASS,1,E01024240,0,-1
202031C124120,2020,31C124120,2,9,0,1,1,3,7,0,0,6,0,0,0,0,4,1,6,6,2,19,4,1332,1,2,MERCEDES A CLASS,1,E01033396,0,-1
2020010242041,2020,010242041,2,9,0,3,3,7,3,0,0,4,0,0,0,0,1,1,6,6,2,37,7,1689,2,16,MERCEDES A CLASS,6,E01000590,0,-1
2020010246106,2020,010246106,2,9,0,99,99,9,9,99,99,0,9,99,9,99,1,9,6,6,3,-1,-1,1461,2,4,MERCEDES A CLASS,-1,-1,0,-1
2020050116655,2020,050116655,1,9,0,18,19,5,1,0,0,0,0,0,5,6,2,1,2,2,1,32,6,1461,2,5,MERCEDES A CLASS,-1,-1,0,-1
2020137750071,2020,137750071,2,9,0,18,19,2,6,0,0,0,0,0,0,0,3,1,6,6,2,22,5,1461,2,1,MERCEDES A CLASS,1,E01007715,0,-1
2020350959381,2020,350959381,2,9,0,9,9,3,1,0,0,1,1,0,0,0,1,1,6,6,1,34,6,1689,2,18,MERCEDES A CLASS,4,E01018046,0,-1
2020010275481,2020,010275481,2,9,0,5,5,7,3,0,0,0,0,0,0,0,3,1,2,2,1,34,6,1595,1,5,MERCEDES A CLASS,4,E01016048,0,-1
2020420968990,2020,420968990,2,9,0,17,19,6,3,0,0,0,0,0,7,0,1,1,6,6,1,59,9,2143,2,5,MERCEDES A CLASS,-1,-1,0,-1
2020010265202,2020,010265202,2,9,0,18,19,5,1,0,0,1,0,0,0,0,3,1,6,6,2,34,6,1332,1,1,MERCEDES A CLASS,2,E01003593,0,-1
2020401003011,2020,401003011,1,9,0,18,19,1,5,0,0,1,0,0,0,0,1,1,4,7,2,44,7,1461,2,1,MERCEDES A CLASS,4,E01001444,0,-1
2020440316293,2020,440316293,1,9,0,9,9,1,7,0,0,8,0,0,0,0,4,1,6,6,2,27,6,1332,1,0,MERCEDES A CLASS,9,E01022610,0,-1
2020040971951,2020,040971951,1,9,0,3,3,1,1,0,0,1,0,0,0,0,2,1,5,6,2,22,5,1332,1,0,MERCEDES A CLASS,7,E01024868,0,-1
2020302000280,2020,302000280,1,9,0,16,19,6,2,0,0,0,1,0,0,0,1,1,6,6,1,23,5,1461,2,7,MERCEDES A CLASS,8,E01019659,0,-1
2020460974049,2020,460974049,1,9,0,18,19,3,7,0,0,0,1,11,1,10,4,1,5,6,1,78,11,1461,2,4,MERCEDES A CLASS,7,E01029875,0,-1
2020060746560,2020,060746560,2,9,0,18,19,1,5,0,0,4,0,0,0,0,2,1,6,6,1,23,5,2143,2,3,MERCEDES A CLASS,9,E01018405,0,-1
2020201020497,2020,201020497,2,9,0,9,9,4,2,0,0,5,0,0,0,0,1,1,6,6,2,19,4,1796,2,7,MERCEDES A CLASS,1,E01010440,0,-1
2020440443583,2020,440443583,1,9,0,9,9,4,2,0,0,8,0,0,0,0,4,1,6,6,1,26,6,1461,2,5,MERCEDES A CLASS,7,E01023224,0,-1
2020010239296,2020,010239296,2,9,0,6,6,7,7,0,0,0,1,0,0,0,3,1,6,6,1,19,4,1461,2,5,MERCEDES A CLASS,-1,-1,0,-1
2020040964408,2020,040964408,1,9,0,18,19,3,7,0,0,1,0,0,0,0,1,1,5,6,1,28,6,1991,1,3,MERCEDES A CLASS,6,E01025401,0,-1
202006F271202,2020,06F271202,1,9,0,7,7,8,3,9,9,5,1,0,0,0,1,1,6,6,1,35,6,1991,2,14,MERCEDES A CLASS,6,E01005620,0,-1
2020360982572,2020,360982572,1,9,0,18,19,8,4,0,0,0,0,0,0,0,3,1,5,6,1,53,8,1332,1,0,MERCEDES A CLASS,4,E01026466,0,-1
2020010250011,2020,010250011,1,9,0,9,9,8,5,0,0,0,0,0,0,0,2,1,2,2,2,27,6,2143,2,2,MERCEDES A CLASS,3,E01000373,0,-1
2020010266797,2020,010266797,1,9,0,9,9,3,1,0,0,1,0,0,0,0,1,1,6,6,1,26,6,1461,2,6,MERCEDES A CLASS,4,E01000634,0,-1
2020622000140,2020,622000140,2,9,0,18,19,8,4,0,0,0,0,0,0,0,2,1,6,6,1,42,7,1461,2,2,MERCEDES A CLASS,8,W01001914,0,-1
2020100999791,2020,100999791,1,9,0,7,7,1,2,0,0,8,0,0,0,0,4,1,5,6,2,66,10,1332,1,1,MERCEDES A CLASS,3,E01008780,0,-1
2020010257059,2020,010257059,1,9,0,4,4,1,5,0,0,0,0,0,0,0,2,1,6,6,2,71,10,1332,1,0,MERCEDES A CLASS,5,E01002229,0,-1
2020201021031,2020,201021031,2,9,0,18,19,6,2,0,0,0,0,0,0,0,3,1,6,6,2,-1,-1,1461,2,1,MERCEDES A CLASS,5,E01009135,0,-1
2020421010110,2020,421010110,2,9,0,2,2,0,0,9,9,0,0,0,0,0,1,1,6,6,3,-1,-1,1461,2,7,MERCEDES A CLASS,-1,-1,0,-1
2020140922749,2020,140922749,2,9,0,9,9,6,3,0,0,6,0,0,0,0,3,1,5,6,2,32,6,2143,2,4,MERCEDES A CLASS,2,E01007539,0,-1
2020030934504,2020,030934504,1,9,0,6,6,8,4,0,0,0,0,0,0,0,3,1,6,6,1,28,6,2143,2,6,MERCEDES A CLASS,2,E01019172,0,-1
2020010256498,2020,010256498,2,9,0,4,4,3,7,0,0,0,0,0,0,0,2,1,6,6,1,48,8,1498,1,12,MERCEDES A CLASS,7,E01030707,0,-1
202006A170649,2020,06A170649,2,9,0,9,9,7,5,0,0,8,0,0,0,0,2,1,6,6,1,27,6,2143,2,6,MERCEDES A CLASS,3,E01003533,0,-1
2020549421220,2020,549421220,2,9,0,5,5,3,7,0,0,1,0,0,0,0,2,1,6,6,1,53,8,1397,1,21,MERCEDES A CLASS,6,E01031884,0,-1
2020052001294,2020,052001294,2,9,0,4,4,6,2,0,0,0,0,0,0,0,2,1,2,2,1,29,6,1461,2,2,MERCEDES A CLASS,7,E01007098,0,-1
2020370980677,2020,370980677,5,9,0,17,19,6,2,0,0,0,0,0,0,0,0,1,5,6,2,43,7,1461,2,1,MERCEDES A CLASS,10,E01029908,0,-1
2020010232164,2020,010232164,1,9,0,18,19,7,3,0,0,0,0,0,0,0,1,1,6,6,2,39,7,1461,2,2,MERCEDES A CLASS,7,E01003407,0,-1
2020140959470,2020,140959470,1,9,0,17,19,1,5,0,0,8,0,0,0,0,1,1,5,6,2,27,6,2143,2,4,MERCEDES A CLASS,3,E01007635,0,-1
202006Q173967,2020,06Q173967,2,9,0,2,2,0,0,0,0,0,0,0,0,0,2,1,6,6,2,26,6,1461,2,1,MERCEDES A CLASS,1,E01010739,0,-1
2020110934158,2020,110934158,1,9,0,18,19,2,6,0,0,0,0,4,0,0,1,1,2,2,2,29,6,1332,1,1,MERCEDES A CLASS,6,E01020888,0,-1
2020010262627,2020,010262627,1,9,0,99,99,9,9,99,99,9,9,99,9,99,2,9,6,6,2,39,7,1332,1,0,MERCEDES A CLASS,4,E01000170,0,-1
2020010282719,2020,010282719,1,9,0,99,99,9,9,99,99,9,9,99,9,99,1,9,6,6,3,41,7,1950,2,0,MERCEDES A CLASS,3,E01023294,0,-1
2020010279162,2020,010279162,2,9,0,18,19,5,1,0,0,1,0,0,0,0,1,1,6,6,2,36,7,1461,2,6,MERCEDES A CLASS,1,E01004316,0,-1
2020411006767,2020,411006767,2,9,0,2,2,0,0,0,0,0,0,0,0,0,3,1,6,6,3,-1,-1,1595,1,3,MERCEDES A CLASS,-1,-1,0,-1
2020170L50760,2020,170L50760,1,8,0,18,19,7,3,0,0,8,0,0,0,0,1,1,1,1,1,51,8,2143,2,3,-1,8,E01012163,0,-1
2020552000494,2020,552000494,1,9,0,1,1,2,6,0,0,0,0,0,0,0,2,1,6,6,3,-1,-1,1332,1,2,MERCEDES A CLASS,-1,-1,0,-1
202031A165220,2020,31A165220,1,9,0,9,9,2,1,0,0,6,0,0,0,0,1,1,6,6,1,45,7,1598,1,17,MERCEDES A CLASS,2,E01028284,0,-1
2020140970110,2020,140970110,1,9,0,18,19,2,6,0,0,0,0,0,0,0,1,1,5,6,2,23,5,1461,2,1,MERCEDES A CLASS,7,E01007358,0,-1
2020440176250,2020,440176250,2,9,0,18,19,7,3,0,0,0,0,0,0,0,1,1,6,6,1,40,7,1461,2,4,MERCEDES A CLASS,4,E01022953,0,-1
2020450935305,2020,450935305,1,9,0,2,2,0,0,0,0,0,0,0,0,0,1,1,2,2,1,27,6,1332,1,2,MERCEDES A CLASS,9,E01030733,0,-1
2020010262631,2020,010262631,2,9,0,3,3,1,5,0,0,1,0,0,0,0,2,1,6,6,1,48,8,1332,1,0,MERCEDES A CLASS,2,E01001328,0,-1
2020010243617,2020,010243617,4,9,0,3,3,1,5,0,0,2,0,0,0,0,2,1,2,2,1,62,9,2143,2,2,MERCEDES A CLASS,2,E01001848,0,-1
2020010275136,2020,010275136,2,9,0,2,2,0,0,0,0,1,0,0,0,0,0,1,6,6,3,-1,-1,1699,1,11,MERCEDES A CLASS,-1,-1,0,-1
2020320549245,2020,320549245,2,9,0,3,3,1,5,0,0,4,0,0,0,0,2,1,6,6,2,30,6,1332,1,0,MERCEDES A CLASS,7,E01032989,0,-1
2020230956503,2020,230956503,1,9,0,9,9,6,4,0,0,6,0,0,0,0,3,1,5,6,1,34,6,1397,1,16,MERCEDES A CLASS,5,E01031327,0,-1
2020010260981,2020,010260981,2,9,0,18,19,1,5,0,0,0,0,0,0,0,1,1,6,6,2,29,6,2143,2,6,MERCEDES A CLASS,2,E01033148,0,-1
2020990920671,2020,990920671,2,9,0,18,19,8,4,0,0,8,0,0,0,0,1,1,6,6,2,21,5,1461,2,4,MERCEDES A CLASS,7,-1,0,-1
2020010265839,2020,010265839,1,9,0,99,99,9,9,99,99,0,9,99,9,99,2,9,2,2,2,41,7,1461,2,3,MERCEDES A CLASS,10,E01003746,0,-1
2020140988108,2020,140988108,2,9,0,9,9,3,2,0,0,7,0,0,0,0,1,1,6,6,2,28,6,1332,1,2,MERCEDES A CLASS,4,E01007519,0,-1
2020010262689,2020,010262689,1,9,0,99,99,9,9,99,99,9,9,99,9,99,1,9,6,6,1,27,6,1332,1,1,MERCEDES A CLASS,6,E01004634,0,-1
2020010259286,2020,010259286,1,9,0,2,2,0,0,0,0,0,0,0,0,0,3,1,6,6,3,-1,-1,1332,1,1,MERCEDES A CLASS,-1,-1,0,-1
2020500962179,2020,500962179,1,9,0,18,19,4,7,0,0,7,1,0,1,7,4,1,5,6,1,48,8,1332,1,0,MERCEDES A CLASS,3,E01018856,0,-1
2020010281694,2020,010281694,1,9,0,7,7,1,3,9,9,5,0,10,7,11,1,1,6,6,1,37,7,1332,8,0,MERCEDES A CLASS,3,E01002803,0,-1
2020200957898,2020,200957898,1,9,0,18,19,8,4,0,0,6,0,0,0,0,3,1,6,6,2,28,6,1461,2,5,MERCEDES A CLASS,1,E01009490,0,-1
2020140976713,2020,140976713,3,9,0,2,2,0,0,6,6,0,0,0,0,0,2,1,6,6,2,29,6,2143,2,3,MERCEDES A CLASS,6,E01010223,0,-1
2020070255709,2020,070255709,1,9,0,18,19,5,1,0,0,0,0,0,0,0,1,1,6,6,1,26,6,1992,2,12,MERCEDES A CLASS,10,E01032809,0,-1
2020010263829,2020,010263829,2,9,0,2,2,0,0,0,0,0,0,0,0,0,1,1,6,6,3,-1,-1,1461,2,6,MERCEDES A CLASS,-1,-1,0,-1
2020010250777,2020,010250777,1,9,0,18,19,3,7,0,0,0,0,0,1,2,1,1,6,6,2,21,5,1991,1,7,MERCEDES A CLASS,2,E01001205,0,-1
2020430418743,2020,430418743,2,9,0,18,19,6,2,0,0,0,1,0,1,11,2,1,6,6,2,27,6,1461,2,4,MERCEDES A CLASS,-1,-1,0,-1
2020052001617,2020,052001617,2,9,0,9,9,1,7,0,0,1,0,0,0,0,2,1,6,6,2,19,4,1461,2,3,MERCEDES A CLASS,2,E01007249,0,-1
2020200947548,2020,200947548,1,9,0,14,14,4,8,0,0,1,0,10,1,0,1,1,2,2,2,48,8,1598,1,22,MERCEDES A CLASS,3,E01009458,0,-1
2020991014080,2020,991014080,2,9,0,13,13,6,2,0,0,1,0,0,5,6,4,1,5,6,2,34,6,1498,1,9,MERCEDES A CLASS,10,-1,0,-1
2020070486911,2020,070486911,3,9,0,7,7,3,5,0,0,2,0,0,0,0,0,1,6,6,1,30,6,1595,1,2,MERCEDES A CLASS,10,E01033375,0,-1
2020420959968,2020,420959968,1,9,0,16,19,1,5,0,0,0,0,0,7,3,3,1,5,6,1,17,4,1461,2,1,MERCEDES A CLASS,-1,-1,0,-1
2020991013032,2020,991013032,2,9,0,18,19,2,6,0,0,2,0,0,0,0,4,1,5,6,2,48,8,1461,2,3,MERCEDES A CLASS,7,-1,0,-1
2020010244480,2020,010244480,2,9,0,6,6,5,5,0,0,1,0,0,0,0,4,1,6,6,2,23,5,1461,2,4,MERCEDES A CLASS,3,E01004397,0,-1
2020211025041,2020,211025041,1,9,0,18,19,5,2,0,0,4,0,0,0,0,1,1,6,6,2,29,6,2143,2,4,MERCEDES A CLASS,4,E01029353,0,-1
2020610028820,2020,610028820,2,9,0,11,11,3,7,0,0,3,0,0,1,0,4,1,6,6,2,32,6,1461,2,5,MERCEDES A CLASS,3,E01014493,0,-1
2020010235934,2020,010235934,2,9,0,9,9,1,8,0,0,0,0,0,0,0,3,1,6,6,3,-1,-1,1461,2,6,MERCEDES A CLASS,6,E01003449,0,-1
2020440421899,2020,440421899,1,9,0,18,19,5,1,0,0,0,0,0,0,0,3,1,6,6,2,82,11,1595,1,7,MERCEDES A CLASS,2,E01032023,0,-1
2020420940770,2020,420940770,1,9,0,5,5,1,6,0,0,5,0,0,0,0,1,1,5,6,1,81,11,1991,2,14,MERCEDES A CLASS,6,E01022010,0,-1
2020140959188,2020,140959188,1,9,0,8,8,4,6,0,0,1,0,0,0,0,4,1,2,2,1,51,8,1461,2,5,MERCEDES A CLASS,3,E01007467,0,-1
2020450923833,2020,450923833,2,9,0,18,19,3,7,0,0,1,0,0,0,0,1,1,2,2,1,54,8,1397,1,17,MERCEDES A CLASS,9,E01030679,0,-1
2020200994440,2020,200994440,1,9,0,7,7,5,7,0,0,6,0,0,0,0,1,1,6,6,1,24,5,1461,2,3,MERCEDES A CLASS,1,E01009491,0,-1
2020210979534,2020,210979534,1,9,0,18,19,4,6,0,0,0,0,0,0,0,1,1,5,6,1,22,5,1461,2,4,MERCEDES A CLASS,4,E01029857,0,-1
2020320282266,2020,320282266,1,9,0,17,19,6,3,0,0,1,5,0,1,4,1,1,6,6,1,19,4,2143,2,4,MERCEDES A CLASS,9,E01013155,0,-1
2020010242261,2020,010242261,1,9,0,5,5,0,7,8,6,0,0,0,0,0,3,2,6,6,1,21,5,1461,2,5,MERCEDES A CLASS,4,E01000976,0,-1
2020622000877,2020,622000877,1,9,0,16,19,6,2,0,0,0,2,0,7,10,1,1,6,6,1,21,5,1461,2,4,MERCEDES A CLASS,1,W01000810,0,-1
2020470915461,2020,470915461,1,9,0,9,9,4,2,0,0,8,0,0,0,0,1,1,5,6,1,22,5,1498,1,12,MERCEDES A CLASS,4,E01021045,0,-1
2020052002565,2020,052002565,2,9,0,4,4,5,3,0,0,1,0,0,0,0,2,1,6,6,2,28,6,1461,2,2,MERCEDES A CLASS,6,E01006972,0,-1
2020137BK1470,2020,137BK1470,1,9,0,18,19,6,2,0,0,0,0,0,0,0,3,1,6,6,1,18,4,2143,2,3,MERCEDES A CLASS,2,E01011080,0,-1
2020200997481,2020,200997481,1,9,0,9,9,1,7,0,0,6,0,0,0,0,1,1,6,6,2,50,8,1461,2,6,MERCEDES A CLASS,1,E01009844,0,-1
2020010277083,2020,010277083,2,9,0,99,99,9,9,0,0,8,9,0,0,0,1,9,6,6,3,-1,-1,1498,1,9,MERCEDES A CLASS,-1,-1,0,-1
2020460942739,2020,460942739,2,9,0,2,2,0,0,0,0,0,0,0,0,0,2,1,5,6,1,-1,-1,1461,2,5,MERCEDES A CLASS,3,E01016150,0,-1
2020200992103,2020,200992103,3,9,0,18,19,6,2,0,0,8,1,0,0,0,1,1,6,6,2,19,4,1461,2,1,MERCEDES A CLASS,2,E01010405,0,-1
2020460944924,2020,460944924,1,9,0,18,19,5,1,0,0,0,0,0,0,0,1,1,2,2,2,46,8,1461,2,6,MERCEDES A CLASS,7,E01024318,0,-1
2020411003112,2020,411003112,2,9,0,3,3,1,5,0,0,2,0,0,0,0,2,1,6,6,1,58,9,1461,2,3,MERCEDES A CLASS,10,E01023520,0,-1