collision_index,collision_year,collision_ref_no,vehicle_reference,vehicle_type,towing_and_articulation,vehicle_manoeuvre_historic,vehicle_manoeuvre,vehicle_direction_from,vehicle_direction_to,vehicle_location_restricted_lane_historic,vehicle_location_restricted_lane,junction_location,skidding_and_overturning,hit_object_in_carriageway,vehicle_leaving_carriageway,hit_object_off_carriageway,first_point_of_impact,vehicle_left_hand_drive,journey_purpose_of_driver_historic,journey_purpose_of_driver,sex_of_driver,age_of_driver,age_band_of_driver,engine_capacity_cc,propulsion_code,age_of_vehicle,generic_make_model,driver_imd_decile,lsoa_of_driver,escooter_flag,driver_distance_banding
2020010244372,2020,010244372,2,9,9,9,9,1,6,99,99,9,9,99,9,99,9,9,6,6,3,-1,-1,1461,2,2,MERCEDES A CLASS,-1,-1,0,-1
2020350996243,2020,350996243,1,9,0,8,8,3,7,0,0,6,0,0,0,0,1,1,6,6,2,24,5,1461,2,3,MERCEDES A CLASS,8,E01033117,0,-1
2020460965965,2020,460965965,2,9,0,2,2,5,1,0,0,0,0,0,0,0,3,1,6,6,3,-1,-1,1461,2,5,MERCEDES A CLASS,-1,-1,0,-1
2020200977138,2020,200977138,1,9,0,9,9,4,2,0,0,5,0,0,0,0,1,1,6,6,2,21,5,1796,2,7,MERCEDES A CLASS,4,E01009628,0,-1
2020010280800,2020,010280800,2,9,0,18,19,1,5,0,0,6,0,0,0,0,1,1,6,6,1,-1,-1,1461,2,3,MERCEDES A CLASS,-1,-1,0,-1
2020010262795,2020,010262795,1,9,0,10,10,4,2,0,0,1,0,0,0,0,4,1,6,6,1,-1,-1,2143,2,5,MERCEDES A CLASS,1,E01001798,0,-1
2020470962143,2020,470962143,2,9,0,18,19,5,1,0,0,0,0,0,0,0,1,1,5,6,2,32,6,1397,1,17,MERCEDES A CLASS,2,E01000060,0,-1
2020010268756,2020,010268756,4,9,0,2,2,0,0,0,0,0,0,0,0,0,1,1,6,6,3,-1,-1,1991,2,11,MERCEDES A CLASS,-1,-1,0,-1
2020990920979,2020,990920979,1,9,0,14,14,2,1,0,0,0,0,0,0,0,1,1,5,6,2,39,7,1991,1,2,MERCEDES A CLASS,5,-1,0,-1
2020010281650,2020,010281650,2,9,0,3,3,6,2,0,0,0,0,0,0,0,3,1,6,6,1,23,5,1461,2,4,MERCEDES A CLASS,1,E01004469,0,-1
2020460975574,2020,460975574,1,9,0,7,7,1,5,0,0,4,0,0,7,7,3,1,5,6,1,23,5,2143,2,6,MERCEDES A CLASS,3,E01016146,0,-1
2020460973682,2020,460973682,1,9,0,16,19,5,7,0,0,3,1,10,0,0,4,1,5,6,1,24,5,1991,1,5,MERCEDES A CLASS,6,E01024704,0,-1
2020440422559,2020,440422559,2,9,0,18,19,5,1,0,0,0,0,0,0,0,1,1,6,6,2,23,5,1595,1,5,MERCEDES A CLASS,2,E01022906,0,-1
2020541973020,2020,541973020,1,9,0,18,19,5,1,0,0,0,0,0,0,0,1,1,6,6,2,47,8,1595,1,2,MERCEDES A CLASS,7,E01031865,0,-1
2020400979328,2020,400979328,1,9,0,18,19,2,6,0,0,0,0,0,0,0,1,1,6,6,3,-1,-1,1461,2,6,MERCEDES A CLASS,-1,-1,0,-1
2020010254004,2020,010254004,1,9,0,99,99,9,9,99,99,0,9,99,9,99,2,9,6,6,1,20,4,1595,1,4,MERCEDES A CLASS,6,E01003386,0,-1
2020101007705,2020,101007705,1,9,0,18,19,1,5,0,0,8,0,0,0,0,1,1,6,6,2,50,8,1689,2,16,MERCEDES A CLASS,-1,-1,0,-1
2020010228596,2020,010228596,2,9,0,18,19,1,5,0,0,2,0,0,0,0,1,1,6,6,1,29,6,1461,2,4,MERCEDES A CLASS,3,E01033492,0,-1
202031C176620,2020,31C176620,1,9,0,18,19,1,5,0,0,8,0,0,0,0,3,1,6,6,1,47,8,1397,1,18,MERCEDES A CLASS,1,E01013824,0,-1
2020552000638,2020,552000638,2,9,0,18,19,2,6,0,0,0,0,0,1,10,3,1,6,6,1,36,7,1397,1,17,MERCEDES A CLASS,8,E01020458,0,-1
2020420981153,2020,420981153,1,9,0,18,19,3,7,0,0,1,0,0,0,0,1,1,2,2,2,30,6,1461,2,6,MERCEDES A CLASS,3,E01021974,0,-1
202006E372553,2020,06E372553,1,9,0,9,9,3,1,0,0,8,0,0,0,0,1,1,6,6,1,28,6,1992,2,13,MERCEDES A CLASS,4,E01005185,0,-1
2020451000514,2020,451000514,2,9,0,9,9,3,7,0,0,8,0,0,0,0,1,1,1,1,2,23,5,1332,1,2,MERCEDES A CLASS,10,E01030416,0,-1
2020420988773,2020,420988773,1,9,0,18,19,7,3,0,0,0,0,0,7,0,1,1,6,6,2,25,5,1461,2,4,MERCEDES A CLASS,7,E01021470,0,-1
2020500950818,2020,500950818,3,9,0,2,2,1,5,0,0,0,0,0,0,0,2,1,6,6,2,64,9,1595,1,3,MERCEDES A CLASS,2,E01015157,0,-1
2020010261348,2020,010261348,1,9,0,9,9,1,6,0,0,8,0,0,0,0,1,1,6,6,2,21,5,1332,1,1,MERCEDES A CLASS,3,E01003942,0,-1
2020010250840,2020,010250840,2,9,0,99,99,9,9,99,99,9,9,99,9,99,9,9,6,6,3,-1,-1,1461,2,4,MERCEDES A CLASS,-1,-1,0,-1
2020420957270,2020,420957270,2,9,0,3,3,4,8,0,0,0,1,0,0,0,2,1,5,6,1,22,5,1461,2,4,MERCEDES A CLASS,7,E01024140,0,-1
2020200932079,2020,200932079,2,9,0,5,5,7,3,0,0,0,0,0,0,0,2,1,6,6,1,19,4,2143,2,3,MERCEDES A CLASS,10,E01010187,0,-1
2020990926259,2020,990926259,2,9,0,17,19,3,3,0,0,0,0,0,0,0,3,1,2,2,1,54,8,1461,2,4,MERCEDES A CLASS,4,-1,0,-1
2020010271461,2020,010271461,2,9,0,99,99,9,9,99,99,9,9,99,9,99,1,9,6,6,3,-1,-1,1595,1,3,MERCEDES A CLASS,-1,-1,0,-1
2020010255783,2020,010255783,1,9,0,99,99,9,9,99,99,9,9,99,9,99,2,9,6,6,3,-1,-1,1332,1,0,MERCEDES A CLASS,2,E01000374,0,-1
2020010231606,2020,010231606,2,9,0,99,99,9,9,99,99,9,9,99,9,99,1,9,6,6,3,-1,-1,1332,1,1,MERCEDES A CLASS,2,E01001761,0,-1
2020010262556,2020,010262556,1,9,0,5,5,0,5,0,0,2,0,0,7,0,1,1,6,6,2,20,4,1397,1,16,MERCEDES A CLASS,2,E01003479,0,-1
2020470950138,2020,470950138,1,9,0,5,5,3,7,0,0,1,0,0,0,0,1,1,6,6,1,40,7,1598,1,20,MERCEDES A CLASS,8,E01031491,0,-1
2020200949727,2020,200949727,3,9,0,18,19,3,7,0,0,0,0,0,0,0,1,1,6,6,1,26,6,1461,2,6,MERCEDES A CLASS,10,E01010194,0,-1
2020010243586,2020,010243586,2,9,0,18,19,1,7,0,0,8,0,0,0,0,1,1,6,6,3,-1,-1,1332,1,2,MERCEDES A CLASS,-1,-1,0,-1
2020470988765,2020,470988765,2,9,0,9,9,8,6,0,0,1,0,0,0,0,4,1,6,6,1,40,7,1595,1,2,MERCEDES A CLASS,2,E01020990,0,-1
2020200969332,2020,200969332,2,9,0,18,19,3,7,0,0,8,0,0,0,0,1,1,6,6,2,27,6,2143,2,5,MERCEDES A CLASS,5,E01010431,0,-1
2020990967456,2020,990967456,2,9,0,18,19,1,5,0,0,0,0,1,0,0,1,1,5,6,2,26,6,1461,2,2,MERCEDES A CLASS,5,-1,0,-1
2020470982509,2020,470982509,1,9,0,9,9,3,1,0,0,5,0,0,0,0,4,1,5,6,1,38,7,1461,2,2,MERCEDES A CLASS,7,E01016870,0,-1
2020070758827,2020,070758827,2,9,0,1,1,8,7,0,0,0,0,0,0,0,4,1,3,7,1,22,5,1461,2,4,MERCEDES A CLASS,10,E01018694,0,-1
202006N274035,2020,06N274035,1,9,0,17,19,3,1,0,0,0,1,0,1,4,1,1,6,6,1,27,6,1991,1,6,MERCEDES A CLASS,2,E01005659,0,-1
2020500988892,2020,500988892,3,9,0,4,4,1,5,0,0,0,0,0,0,0,0,1,5,6,1,18,4,1796,2,7,MERCEDES A CLASS,6,E01020246,0,-1
2020010230256,2020,010230256,1,9,0,4,4,1,5,0,0,0,0,0,0,0,1,1,1,1,1,49,8,1595,1,3,MERCEDES A CLASS,5,E01002374,0,-1
2020040953135,2020,040953135,1,9,0,9,9,8,4,0,0,2,0,0,0,0,1,1,5,6,2,23,5,1595,1,3,MERCEDES A CLASS,8,E01024935,0,-1
2020010256951,2020,010256951,2,9,0,13,13,5,1,0,0,1,0,0,0,0,1,1,6,6,1,21,5,1461,2,4,MERCEDES A CLASS,3,E01003127,0,-1
2020010271502,2020,010271502,1,9,0,99,99,9,9,99,99,9,9,99,9,99,2,9,6,6,2,62,9,2143,2,2,MERCEDES A CLASS,4,E01003354,0,-1
2020990926092,2020,990926092,1,9,0,4,4,8,4,0,0,7,0,0,0,0,2,2,1,1,1,29,6,1991,1,1,MERCEDES A CLASS,4,-1,0,-1
2020010288678,2020,010288678,2,9,0,99,99,9,9,99,99,0,9,99,9,99,9,9,6,6,3,-1,-1,1699,1,11,MERCEDES A CLASS,-1,-1,0,-1
2020400957465,2020,400957465,1,9,0,1,1,2,6,5,5,5,0,0,0,0,2,1,6,6,2,24,5,1332,1,1,MERCEDES A CLASS,3,E01017518,0,-1
2020010243819,2020,010243819,2,9,0,99,99,9,9,99,99,9,9,99,9,99,0,9,6,6,3,-1,-1,1992,2,15,MERCEDES A CLASS,-1,-1,0,-1
2020421009634,2020,421009634,1,9,0,9,9,7,3,0,0,8,0,0,0,0,1,1,6,6,1,18,4,1796,2,6,MERCEDES A CLASS,8,E01002287,0,-1
2020070735854,2020,070735854,2,9,0,3,3,7,4,0,0,1,0,0,0,0,2,1,6,6,2,36,7,1498,1,12,MERCEDES A CLASS,4,E01018709,0,-1
2020622100353,2020,622100353,1,9,0,4,4,8,4,0,0,1,0,0,0,0,1,1,6,6,3,-1,-1,1992,2,13,MERCEDES A CLASS,-1,-1,0,-1
2020160957114,2020,160957114,1,9,0,18,19,1,5,0,0,0,0,0,0,0,3,1,5,6,2,57,9,1991,2,11,MERCEDES A CLASS,1,E01026383,0,-1
2020461002046,2020,461002046,2,9,0,10,10,1,7,0,0,1,0,0,0,0,3,1,5,6,2,25,5,1595,1,2,MERCEDES A CLASS,7,E01024435,0,-1
2020211026740,2020,211026740,1,9,0,18,19,8,4,-1,-1,8,0,0,0,0,1,1,6,6,1,32,6,1461,2,4,MERCEDES A CLASS,1,E01014221,0,-1
2020340N09262,2020,340N09262,2,9,0,18,19,7,3,0,0,0,0,0,0,0,1,1,6,6,1,67,10,1498,1,12,MERCEDES A CLASS,2,E01027161,0,-1
2020137C91383,2020,137C91383,1,9,0,4,4,6,2,0,0,1,0,0,0,0,1,1,6,6,2,68,10,1992,2,13,MERCEDES A CLASS,2,E01011665,0,-1
2020010280372,2020,010280372,1,9,0,99,99,9,9,99,99,0,9,99,9,99,1,9,6,6,3,70,10,1498,1,10,MERCEDES A CLASS,9,E01003271,0,-1
2020010276657,2020,010276657,3,9,0,99,99,9,9,99,99,9,9,99,9,99,1,9,6,6,3,-1,-1,1796,2,7,MERCEDES A CLASS,-1,-1,0,-1
2020200943912,2020,200943912,2,9,0,18,19,2,6,0,0,4,0,0,0,0,1,1,6,6,2,59,9,1461,2,3,MERCEDES A CLASS,7,E01033631,0,-1
2020200944192,2020,200944192,3,9,0,18,19,4,8,0,0,0,0,0,0,0,4,1,5,6,2,24,5,1332,1,2,MERCEDES A CLASS,1,E01009567,0,-1
2020010242766,2020,010242766,2,9,0,15,15,7,3,0,0,0,0,0,0,0,1,1,6,6,1,20,4,1595,1,4,MERCEDES A CLASS,-1,-1,0,-1
2020010251382,2020,010251382,1,9,0,5,5,0,7,0,0,0,0,4,0,0,2,1,6,6,1,80,11,1598,1,17,MERCEDES A CLASS,5,E01003415,0,-1
2020010256587,2020,010256587,3,9,0,18,19,7,3,0,0,8,0,0,0,0,1,1,6,6,3,-1,-1,1595,1,3,MERCEDES A CLASS,-1,-1,0,-1
2020370946552,2020,370946552,1,9,0,18,19,8,4,0,0,1,0,0,0,0,1,1,1,1,2,29,6,1595,1,2,MERCEDES A CLASS,8,E01030101,0,-1
2020200989815,2020,200989815,1,9,0,5,5,6,2,0,0,1,0,0,0,0,1,1,5,6,2,29,6,1461,2,3,MERCEDES A CLASS,6,E01010549,0,-1
2020010230893,2020,010230893,1,9,0,99,99,9,9,99,99,9,9,99,9,99,2,9,6,6,1,24,5,1461,2,1,MERCEDES A CLASS,1,E01002800,0,-1
2020990970608,2020,990970608,2,9,0,10,10,8,5,0,0,2,0,0,0,0,2,1,1,1,1,41,7,1498,1,13,MERCEDES A CLASS,3,-1,0,-1
202006L274113,2020,06L274113,1,9,0,18,19,3,7,0,0,8,0,0,1,1,1,1,6,6,1,29,6,1595,1,7,MERCEDES A CLASS,8,E01006090,0,-1
2020040966804,2020,040966804,2,9,0,18,19,8,4,0,0,1,0,0,0,0,3,1,5,6,1,22,5,1461,2,1,MERCEDES A CLASS,3,E01012588,0,-1
2020122000437,2020,122000437,1,9,0,18,19,1,5,0,0,8,0,0,0,0,4,1,6,6,3,52,8,1498,1,13,MERCEDES A CLASS,6,E01013441,0,-1
2020040935880,2020,040935880,2,9,0,18,19,3,7,0,0,1,0,0,0,0,4,1,5,6,2,33,6,1498,1,15,MERCEDES A CLASS,5,E01012706,0,-1
2020070120628,2020,070120628,3,9,0,4,4,3,7,0,0,1,1,0,0,0,1,1,1,1,2,41,7,1332,1,0,MERCEDES A CLASS,10,W01000417,0,-1
2020500965177,2020,500965177,1,9,0,17,19,8,5,0,0,0,0,0,0,0,1,1,5,6,2,45,7,1950,2,0,MERCEDES A CLASS,3,E01033564,0,-1
2020401013719,2020,401013719,2,9,0,18,19,3,7,0,0,0,0,0,1,0,1,1,6,6,1,36,7,1595,1,3,MERCEDES A CLASS,10,E01017402,0,-1
2020461006576,2020,461006576,2,9,0,18,19,1,5,0,0,0,0,0,0,0,3,1,5,6,1,30,6,1595,1,3,MERCEDES A CLASS,8,E01016028,0,-1
2020470930084,2020,470930084,2,9,0,18,19,1,5,0,0,8,0,0,0,0,1,1,6,6,3,-1,-1,1461,2,6,MERCEDES A CLASS,-1,-1,0,-1
2020420915023,2020,420915023,2,9,0,18,19,5,1,0,0,0,0,0,0,0,2,1,5,6,2,27,6,1595,1,2,MERCEDES A CLASS,4,E01003436,0,-1
2020010273549,2020,010273549,2,9,0,99,99,9,9,99,99,9,9,99,9,99,1,9,6,6,3,30,6,1595,1,2,MERCEDES A CLASS,1,E01003761,0,-1
2020351000990,2020,351000990,2,9,0,9,9,6,2,0,0,0,0,0,0,0,4,1,3,7,2,30,6,1461,2,4,MERCEDES A CLASS,6,E01015671,0,-1
2020200937854,2020,200937854,1,9,0,14,14,4,8,0,0,0,0,4,0,0,1,1,6,6,1,52,8,1332,1,1,MERCEDES A CLASS,1,E01010453,0,-1
2020010256184,2020,010256184,2,9,0,13,13,5,1,0,0,3,0,0,0,0,4,1,6,6,2,29,6,1595,1,3,MERCEDES A CLASS,2,E01004010,0,-1
2020010261032,2020,010261032,1,9,0,18,19,5,1,0,0,0,0,7,0,0,4,1,6,6,1,38,7,1461,2,1,MERCEDES A CLASS,10,E01021452,0,-1
2020549465320,2020,549465320,1,9,0,18,19,7,3,0,0,2,0,0,0,0,4,1,6,6,2,27,6,1461,2,7,MERCEDES A CLASS,9,E01031880,0,-1
2020010269839,2020,010269839,1,9,0,99,99,9,9,0,0,0,0,0,0,0,2,1,2,2,2,23,5,1796,2,7,MERCEDES A CLASS,7,E01004159,0,-1
2020450955713,2020,450955713,1,9,0,3,3,1,7,0,0,4,0,0,0,0,4,1,5,6,2,62,9,1498,1,10,MERCEDES A CLASS,10,E01030670,0,-1
2020460941457,2020,460941457,2,9,0,18,19,5,1,0,0,0,0,0,0,0,4,1,6,6,2,30,6,2143,2,6,MERCEDES A CLASS,5,E01016118,0,-1
2020522101110,2020,522101110,2,9,0,18,19,5,1,0,0,0,0,0,0,0,2,1,6,6,2,25,5,1595,1,2,MERCEDES A CLASS,9,E01014816,0,-1
2020450974856,2020,450974856,1,9,0,3,3,5,1,0,0,1,0,0,0,0,2,1,5,6,2,40,7,1332,1,1,MERCEDES A CLASS,10,E01022891,0,-1
2020010228558,2020,010228558,1,9,0,4,4,6,2,0,0,1,0,0,0,0,2,1,6,6,2,55,8,2143,2,4,MERCEDES A CLASS,3,E01004575,0,-1
2020320284548,2020,320284548,1,9,0,18,19,2,6,0,0,1,0,0,1,10,4,1,6,6,1,38,7,1991,2,11,MERCEDES A CLASS,2,E01026108,0,-1
202031C155620,2020,31C155620,2,9,0,18,19,6,2,0,0,0,0,0,0,0,1,1,6,6,1,19,4,1461,2,5,MERCEDES A CLASS,-1,-1,0,-1
2020160946330,2020,160946330,1,9,0,18,19,3,7,0,0,0,0,0,0,0,4,1,6,6,2,27,6,1595,1,2,MERCEDES A CLASS,3,E01013184,0,-1
2020010249805,2020,010249805,1,9,0,99,99,9,9,99,99,9,9,99,9,99,2,9,6,6,1,26,6,1461,2,6,MERCEDES A CLASS,3,E01003099,0,-1
2020010283764,2020,010283764,1,9,0,2,2,0,0,0,0,1,0,0,0,0,3,1,6,6,3,-1,-1,1461,2,3,MERCEDES A CLASS,-1,-1,0,-1
2020010250413,2020,010250413,2,9,0,2,2,0,0,9,9,2,0,0,0,0,2,1,6,6,3,-1,-1,1461,2,1,MERCEDES A CLASS,-1,-1,0,-1
2020010255743,2020,010255743,1,9,0,9,9,1,7,0,0,1,0,0,0,0,4,1,2,2,1,18,4,1461,2,2,MERCEDES A CLASS,-1,-1,0,-1
2020010228502,2020,010228502,2,9,0,9,9,5,3,0,0,5,0,0,0,0,1,2,6,6,3,-1,-1,1332,1,1,MERCEDES A CLASS,-1,-1,0,-1
202031D038920,2020,31D038920,1,9,0,18,19,1,5,0,0,8,0,10,0,0,1,1,6,6,1,18,4,1461,2,6,MERCEDES A CLASS,3,E01028153,0,-1
20201373M0006,2020,1373M0006,1,9,0,17,19,7,3,0,0,0,5,0,0,1,1,1,6,6,1,19,4,1796,2,7,MERCEDES A CLASS,6,E01011704,0,-1
2020010275923,2020,010275923,1,9,9,99,99,9,9,99,99,8,9,99,9,99,9,9,6,6,2,-1,-1,1461,2,3,MERCEDES A CLASS,3,E01003280,0,-1
2020040917827,2020,040917827,1,9,0,18,19,1,5,0,0,0,0,4,1,0,1,1,5,6,2,76,11,1498,1,11,MERCEDES A CLASS,10,E01025530,0,-1
2020052001407,2020,052001407,1,9,0,9,9,5,3,0,0,8,0,0,0,0,1,1,6,6,2,44,7,2143,2,3,MERCEDES A CLASS,2,E01006953,0,-1
2020470972005,2020,470972005,1,9,0,18,19,4,8,0,0,8,1,0,0,0,4,1,5,6,1,21,5,1796,2,7,MERCEDES A CLASS,6,E01021087,0,-1
2020370999681,2020,370999681,2,9,0,18,19,5,1,0,0,0,0,0,1,9,1,1,5,6,1,60,9,1991,1,3,MERCEDES A CLASS,6,E01030081,0,-1
2020450992362,2020,450992362,1,9,0,7,7,1,5,0,0,6,0,0,0,0,2,1,5,6,2,59,9,1595,1,3,MERCEDES A CLASS,10,E01030614,0,-1
2020010265232,2020,010265232,1,9,0,5,5,1,5,0,0,8,0,0,0,0,2,1,6,6,1,39,7,1950,2,1,MERCEDES A CLASS,8,E01024475,0,-1
2020210952441,2020,210952441,2,9,0,3,3,2,-1,0,0,1,0,0,0,0,-1,1,1,1,2,30,6,1461,2,7,MERCEDES A CLASS,5,E01018444,0,-1
2020070084485,2020,070084485,2,9,0,18,19,4,8,0,0,1,0,0,0,0,1,1,6,6,2,52,8,1461,2,4,MERCEDES A CLASS,6,E01012564,0,-1
2020010233628,2020,010233628,1,9,0,9,9,3,2,0,0,8,0,0,0,0,1,1,6,6,1,23,5,1595,1,5,MERCEDES A CLASS,2,E01004268,0,-1
2020010275292,2020,010275292,2,9,0,3,3,7,3,0,0,0,0,0,0,0,3,1,2,2,2,41,7,1461,2,5,MERCEDES A CLASS,7,E01000218,0,-1
2020230923633,2020,230923633,2,9,0,18,19,5,1,0,0,0,1,0,0,0,3,1,6,6,2,30,6,1461,2,4,MERCEDES A CLASS,9,E01031113,0,-1
2020470935065,2020,470935065,2,9,0,18,19,4,8,0,0,0,0,0,0,0,3,1,5,6,1,69,10,1461,2,1,MERCEDES A CLASS,10,E01031710,0,-1
202006G178076,2020,06G178076,1,9,0,18,19,7,3,0,0,1,0,0,0,0,1,1,6,6,1,30,6,1332,1,1,MERCEDES A CLASS,-1,-1,0,-1
2020201009274,2020,201009274,1,9,0,18,19,4,8,0,0,2,0,0,0,0,1,1,6,6,1,34,6,1950,2,0,MERCEDES A CLASS,2,E01009517,0,-1
2020140920697,2020,140920697,2,9,0,18,19,7,3,0,0,0,0,0,0,0,2,1,5,6,1,30,6,1461,2,1,MERCEDES A CLASS,5,E01008099,0,-1
2020010268756,2020,010268756,1,9,0,5,5,1,5,0,0,0,0,4,0,0,1,1,6,6,2,89,11,1498,1,11,MERCEDES A CLASS,-1,-1,0,-1
2020990990688,2020,990990688,1,9,0,9,9,7,5,0,0,8,0,0,0,0,4,1,5,6,2,37,7,1595,1,3,MERCEDES A CLASS,3,-1,0,-1
2020010270720,2020,010270720,1,9,0,9,9,5,3,0,0,5,0,0,0,0,1,1,3,7,2,53,8,1595,1,3,MERCEDES A CLASS,5,E01003878,0,-1
2020410955273,2020,410955273,1,9,0,18,19,3,7,0,0,4,0,0,0,0,1,1,5,6,1,18,4,1461,2,3,MERCEDES A CLASS,3,E01004355,0,-1
2020010285784,2020,010285784,1,9,0,99,99,9,9,99,99,3,9,99,9,99,9,9,6,6,2,44,7,1950,2,0,MERCEDES A CLASS,3,E01004429,0,-1
20201371O0482,2020,1371O0482,1,9,0,13,13,8,4,0,0,8,0,0,0,0,1,1,6,6,1,36,7,1332,1,1,MERCEDES A CLASS,4,E01011039,0,-1
2020010282864,2020,010282864,1,9,0,9,9,3,1,0,0,6,0,0,0,0,1,1,6,6,2,37,7,1332,1,1,MERCEDES A CLASS,2,E01001800,0,-1
2020350980435,2020,350980435,4,9,0,18,19,7,3,0,0,1,0,0,0,0,1,1,6,6,2,49,8,1461,2,5,MERCEDES A CLASS,10,E01033425,0,-1
2020200989849,2020,200989849,1,9,0,18,19,1,5,0,0,2,0,0,0,0,4,1,5,6,2,48,8,1332,1,1,MERCEDES A CLASS,4,E01025827,0,-1
2020990975257,2020,990975257,1,9,0,10,10,5,3,0,0,1,0,0,0,0,2,1,3,7,2,40,7,1332,1,0,MERCEDES A CLASS,8,-1,0,-1
2020010281344,2020,010281344,2,9,0,9,9,5,3,0,0,2,0,0,0,0,3,1,6,6,1,18,4,1461,2,1,MERCEDES A CLASS,1,E01001786,0,-1
2020460985686,2020,460985686,2,9,0,8,8,8,3,0,0,0,0,0,0,0,2,1,5,6,2,55,8,1461,2,3,MERCEDES A CLASS,10,E01000449,0,-1
2020220973876,2020,220973876,2,9,0,18,19,6,2,0,0,8,0,0,0,0,1,1,5,6,1,24,5,1461,2,1,MERCEDES A CLASS,5,E01031242,0,-1
2020430068785,2020,430068785,3,9,0,8,8,3,5,0,0,2,0,0,0,0,3,1,6,6,2,29,6,1461,2,1,MERCEDES A CLASS,8,E01017738,0,-1
2020010267540,2020,010267540,2,9,0,4,4,3,7,0,0,1,0,0,0,0,2,1,6,6,2,49,8,1595,1,7,MERCEDES A CLASS,2,E01001414,0,-1
2020010275672,2020,010275672,1,9,0,9,9,3,1,0,0,8,0,0,0,0,1,1,6,6,2,32,6,1461,2,6,MERCEDES A CLASS,2,E01003783,0,-1
2020010267882,2020,010267882,2,9,0,8,8,7,8,0,0,8,0,0,0,0,1,1,6,6,3,-1,-1,1461,2,4,MERCEDES A CLASS,-1,-1,0,-1
20201375U2138,2020,1375U2138,3,9,0,2,2,0,0,0,0,0,0,0,0,0,3,1,6,6,3,-1,-1,1332,1,2,MERCEDES A CLASS,-1,-1,0,-1
2020420963417,2020,420963417,1,9,0,18,19,1,1,0,0,0,0,0,3,0,1,2,5,6,1,47,8,1498,1,14,MERCEDES A CLASS,3,E01026959,0,-1
2020990952980,2020,990952980,1,9,0,16,19,2,6,0,0,0,0,0,0,0,3,1,5,6,2,25,5,1461,2,6,MERCEDES A CLASS,8,-1,0,-1
2020410926546,2020,410926546,1,9,0,4,4,5,1,0,0,1,0,0,0,0,1,1,5,6,1,28,6,1461,2,8,MERCEDES A CLASS,2,E01003111,0,-1
2020170H10800,2020,170H10800,1,9,0,7,7,7,1,0,0,8,0,0,0,0,4,1,6,6,2,40,7,1332,1,1,MERCEDES A CLASS,1,E01011981,0,-1
2020010266678,2020,010266678,1,9,0,99,99,9,9,99,99,9,9,99,9,99,2,9,6,6,2,26,6,1332,1,0,MERCEDES A CLASS,1,E01004285,0,-1
2020010239298,2020,010239298,2,9,0,18,19,7,3,0,0,0,0,0,0,0,1,1,6,6,1,39,7,1796,2,7,MERCEDES A CLASS,6,E01017795,0,-1
2020101011257,2020,101011257,1,9,0,-1,-1,-1,-1,-1,-1,0,-1,-1,-1,0,-1,1,6,6,2,-1,-1,1461,2,1,MERCEDES A CLASS,-1,-1,0,-1
2020010267331,2020,010267331,1,9,0,18,19,7,3,0,0,6,0,0,0,0,1,2,6,6,1,43,7,1461,2,2,MERCEDES A CLASS,8,E01021763,0,-1
2020010270986,2020,010270986,2,9,0,3,3,5,1,0,0,0,0,0,0,0,2,1,6,6,2,39,7,1332,1,0,MERCEDES A CLASS,6,E01004216,0,-1
2020460923476,2020,460923476,1,9,0,18,19,4,8,0,0,0,0,0,0,0,1,1,6,6,2,31,6,1595,1,3,MERCEDES A CLASS,8,E01024721,0,-1
2020990940422,2020,990940422,1,9,0,18,19,5,1,0,0,0,0,0,0,0,1,1,5,6,1,44,7,1461,2,5,MERCEDES A CLASS,2,-1,0,-1
2020137980373,2020,137980373,1,9,0,18,19,4,8,0,0,8,0,0,0,0,1,1,6,6,1,-1,-1,1461,2,0,MERCEDES A CLASS,-1,-1,0,-1
2020052000671,2020,052000671,2,9,0,18,19,3,7,0,0,1,0,0,0,0,3,1,6,6,1,30,6,1461,2,3,MERCEDES A CLASS,4,E01006537,0,-1
2020340D03822,2020,340D03822,1,9,0,18,19,1,5,0,0,0,0,0,0,0,0,1,6,6,1,30,6,1950,2,1,MERCEDES A CLASS,5,E01014178,0,-1
2020440232474,2020,440232474,2,9,0,18,19,7,3,0,0,0,0,0,0,0,4,1,6,6,2,27,6,1950,2,0,MERCEDES A CLASS,6,E01023288,0,-1
2020010231300,2020,010231300,1,9,0,99,99,9,9,99,99,9,9,99,9,99,2,9,6,6,1,30,6,1461,2,3,MERCEDES A CLASS,10,E01020560,0,-1
2020460970159,2020,460970159,2,9,0,18,19,1,5,0,0,8,0,0,1,0,1,1,2,2,2,52,8,1699,1,15,MERCEDES A CLASS,3,E01016030,0,-1
2020010233400,2020,010233400,2,9,0,99,99,9,9,99,99,9,9,99,9,99,1,9,6,6,3,-1,-1,1992,2,13,MERCEDES A CLASS,5,E01002515,0,-1