collision_index,collision_year,collision_ref_no,vehicle_reference,vehicle_type,towing_and_articulation,vehicle_manoeuvre_historic,vehicle_manoeuvre,vehicle_direction_from,vehicle_direction_to,vehicle_location_restricted_lane_historic,vehicle_location_restricted_lane,junction_location,skidding_and_overturning,hit_object_in_carriageway,vehicle_leaving_carriageway,hit_object_off_carriageway,first_point_of_impact,vehicle_left_hand_drive,journey_purpose_of_driver_historic,journey_purpose_of_driver,sex_of_driver,age_of_driver,age_band_of_driver,engine_capacity_cc,propulsion_code,age_of_vehicle,generic_make_model,driver_imd_decile,lsoa_of_driver,escooter_flag,driver_distance_banding
2020430258046,2020,430258046,2,9,0,2,2,0,0,0,0,1,0,0,0,0,2,1,6,6,2,-1,-1,1498,1,13,MERCEDES A CLASS,-1,-1,0,-1
2020160950261,2020,160950261,3,9,0,18,19,7,3,0,0,0,0,0,0,0,0,1,5,6,1,85,11,1498,1,12,MERCEDES A CLASS,8,E01013102,0,-1
202031B007320,2020,31B007320,2,9,0,4,4,8,4,0,0,1,0,0,0,0,2,1,6,6,2,23,5,1461,2,6,MERCEDES A CLASS,1,E01028066,0,-1
2020137742091,2020,137742091,1,9,0,18,19,2,6,0,0,0,1,0,1,2,4,1,6,6,2,21,5,1796,2,7,MERCEDES A CLASS,2,E01011249,0,-1
2020470957442,2020,470957442,1,9,0,18,19,5,1,0,0,0,0,0,0,0,1,1,5,6,1,22,5,1332,1,2,MERCEDES A CLASS,9,E01031496,0,-1
2020201027701,2020,201027701,2,9,0,18,19,1,5,0,0,8,0,0,0,0,1,1,6,6,2,29,6,1461,2,3,MERCEDES A CLASS,6,E01010549,0,-1
2020010257765,2020,010257765,1,9,0,10,10,5,3,0,0,8,0,0,0,0,4,1,6,6,2,41,7,2143,2,3,MERCEDES A CLASS,3,E01002303,0,-1
2020302001655,2020,302001655,2,9,0,18,19,5,1,0,0,0,0,0,0,0,2,1,6,6,2,25,5,1461,2,7,MERCEDES A CLASS,1,E01007914,0,-1
2020052001383,2020,052001383,1,9,0,18,19,1,5,0,0,0,0,0,0,0,1,1,6,6,2,-1,-1,1461,2,3,MERCEDES A CLASS,-1,-1,0,-1
2020420932731,2020,420932731,3,9,0,3,3,8,4,0,0,0,0,0,0,0,3,1,6,6,2,69,10,1461,2,2,MERCEDES A CLASS,9,E01021873,0,-1
2020010263980,2020,010263980,1,9,0,1,1,7,3,7,6,1,0,0,0,0,2,1,6,6,1,25,5,1461,2,4,MERCEDES A CLASS,4,E01001615,0,-1
2020010247170,2020,010247170,1,9,0,3,3,5,1,0,0,1,0,0,0,0,1,1,6,6,1,28,6,2143,2,2,MERCEDES A CLASS,3,E01000577,0,-1
2020471002765,2020,471002765,1,9,0,1,1,7,3,0,0,0,0,0,0,0,2,1,5,6,1,73,10,1397,1,17,MERCEDES A CLASS,5,E01031530,0,-1
2020010237784,2020,010237784,1,9,0,18,19,5,1,0,0,1,0,0,0,0,1,1,1,1,2,43,7,1598,1,16,MERCEDES A CLASS,1,E01000596,0,-1
2020070648534,2020,070648534,2,9,0,11,11,7,2,0,0,3,0,0,0,0,4,1,6,6,1,59,9,1461,2,7,MERCEDES A CLASS,-1,-1,0,-1
2020460924636,2020,460924636,1,9,0,9,9,8,6,0,0,8,0,0,0,0,4,1,5,6,2,20,4,1332,1,1,MERCEDES A CLASS,2,E01024648,0,-1
2020990938979,2020,990938979,2,9,0,5,5,1,6,0,0,8,1,0,0,0,1,1,6,6,2,28,6,1461,2,3,MERCEDES A CLASS,1,-1,0,-1
2020010267859,2020,010267859,4,9,0,18,19,2,6,0,0,1,0,0,0,0,0,1,6,6,2,28,6,1461,2,2,MERCEDES A CLASS,3,E01004443,0,-1
2020332000121,2020,332000121,1,9,0,18,19,8,4,0,0,1,0,0,0,0,4,1,3,7,2,28,6,1498,1,14,MERCEDES A CLASS,1,E01013620,0,-1
2020010255112,2020,010255112,1,9,0,18,19,8,4,0,0,4,0,0,0,0,1,1,6,6,1,27,6,1595,1,7,MERCEDES A CLASS,1,E01000153,0,-1
2020070650564,2020,070650564,2,9,0,18,19,6,2,0,0,8,0,0,0,0,1,2,6,6,1,59,9,1461,2,7,MERCEDES A CLASS,10,E01018694,0,-1
2020401009254,2020,401009254,2,9,0,18,19,1,5,0,0,0,0,0,0,0,1,1,2,2,2,40,7,1461,2,4,MERCEDES A CLASS,9,E01015806,0,-1
2020201026519,2020,201026519,1,9,0,18,19,-1,-1,0,0,0,1,0,0,0,-1,1,6,6,1,21,5,1333,1,2,MERCEDES A CLASS,9,E01009416,0,-1
2020041007778,2020,041007778,1,9,0,18,19,3,7,0,0,0,1,0,4,2,1,1,2,2,1,19,4,1332,1,0,MERCEDES A CLASS,2,E01012591,0,-1
2020010242719,2020,010242719,3,9,0,18,19,5,1,0,0,1,0,0,0,0,9,9,6,6,1,27,6,1950,2,1,MERCEDES A CLASS,7,E01002372,0,-1
2020410932622,2020,410932622,2,9,0,10,10,6,3,0,0,1,0,0,0,0,2,1,5,6,2,27,6,1796,2,6,MERCEDES A CLASS,10,E01023464,0,-1
2020340S05692,2020,340S05692,2,9,0,3,3,7,3,0,0,0,0,0,0,0,0,1,6,6,2,26,6,1332,1,1,MERCEDES A CLASS,7,E01027143,0,-1
2020450956315,2020,450956315,1,9,0,18,19,5,1,0,0,0,0,0,2,0,2,1,5,6,2,51,8,1461,2,1,MERCEDES A CLASS,9,E01004132,0,-1
2020122001226,2020,122001226,1,9,0,18,19,1,5,0,0,2,1,0,1,4,1,1,6,6,1,20,4,2143,2,4,MERCEDES A CLASS,8,E01010709,0,-1
2020122000276,2020,122000276,1,9,0,9,9,7,5,0,0,2,0,0,0,0,1,1,6,6,1,26,6,1461,2,4,MERCEDES A CLASS,9,E01027577,0,-1
2020210981086,2020,210981086,2,9,0,18,19,5,1,0,0,0,0,0,0,0,1,1,6,6,1,32,6,1461,2,6,MERCEDES A CLASS,7,E01014346,0,-1
2020470972208,2020,470972208,2,9,0,4,4,1,5,0,0,0,0,0,0,0,2,1,5,6,2,57,9,1595,1,2,MERCEDES A CLASS,6,E01031591,0,-1
202006G174325,2020,06G174325,4,9,0,2,2,0,0,0,0,2,0,0,0,0,1,1,6,6,2,24,5,1950,2,1,MERCEDES A CLASS,1,E01005941,0,-1
2020122000471,2020,122000471,1,9,0,16,19,5,7,0,0,0,0,0,0,0,1,1,6,6,1,21,5,1461,2,2,MERCEDES A CLASS,5,E01029961,0,-1
2020070514523,2020,070514523,1,9,0,18,19,7,3,0,0,0,0,0,0,0,1,1,6,6,2,45,7,1332,1,1,MERCEDES A CLASS,-1,-1,0,-1
2020010285973,2020,010285973,1,9,0,18,19,5,1,0,0,1,0,0,0,0,3,1,6,6,2,23,5,1461,2,7,MERCEDES A CLASS,1,E01004005,0,-1
2020070044128,2020,070044128,1,9,0,16,19,4,7,0,0,3,0,0,0,0,1,1,2,2,1,29,6,1461,2,4,MERCEDES A CLASS,7,E01012476,0,-1
2020010251589,2020,010251589,1,9,0,1,1,1,5,0,0,0,0,0,0,0,2,1,6,6,1,25,5,1332,1,0,MERCEDES A CLASS,4,E01001323,0,-1
2020430191685,2020,430191685,1,9,0,16,19,7,3,0,0,0,0,0,0,0,1,1,6,6,2,41,7,1595,1,3,MERCEDES A CLASS,5,E01028441,0,-1
2020420919127,2020,420919127,1,9,0,3,3,7,3,0,0,0,0,0,0,0,1,1,6,6,2,54,8,1461,2,4,MERCEDES A CLASS,3,E01015856,0,-1
2020010242168,2020,010242168,1,9,0,99,99,9,9,99,99,9,9,99,9,99,0,9,6,6,3,47,8,1461,2,2,MERCEDES A CLASS,7,E01004153,0,-1
2020302001532,2020,302001532,1,9,0,16,19,2,6,0,0,0,0,0,0,0,3,1,6,6,1,24,5,1332,1,2,MERCEDES A CLASS,9,E01028241,0,-1
2020010237828,2020,010237828,2,9,0,99,99,9,9,99,99,9,9,99,9,99,1,9,6,6,3,30,6,1796,2,7,MERCEDES A CLASS,-1,-1,0,-1
2020201019506,2020,201019506,2,9,0,18,19,6,2,0,0,8,0,0,0,0,1,1,6,6,1,19,4,1461,2,3,MERCEDES A CLASS,8,E01009252,0,-1
2020140980774,2020,140980774,1,9,0,18,19,4,8,0,0,1,0,4,0,0,3,1,6,6,2,40,7,1689,2,16,MERCEDES A CLASS,1,E01007511,0,-1
2020340C01152,2020,340C01152,2,9,0,3,3,6,2,0,0,1,0,0,0,0,2,1,6,6,2,30,6,1461,2,2,MERCEDES A CLASS,2,E01026957,0,-1
2020052002679,2020,052002679,2,9,0,18,19,3,7,0,0,0,1,0,1,0,3,1,6,6,2,28,6,1332,1,0,MERCEDES A CLASS,6,E01006576,0,-1
2020140938582,2020,140938582,3,9,0,18,19,2,4,0,0,1,0,0,0,0,1,1,5,6,2,29,6,1461,2,6,MERCEDES A CLASS,1,E01007875,0,-1
2020010242985,2020,010242985,2,9,0,99,99,9,9,99,99,1,9,99,9,99,0,1,6,6,3,-1,-1,1991,2,8,MERCEDES A CLASS,-1,-1,0,-1
2020340K07122,2020,340K07122,2,9,0,18,19,4,8,0,0,8,0,0,1,0,1,1,6,6,2,21,5,1595,1,3,MERCEDES A CLASS,10,E01032973,0,-1
2020010277696,2020,010277696,1,9,0,18,19,5,1,0,0,3,0,0,0,0,1,1,6,6,2,45,7,1461,2,2,MERCEDES A CLASS,1,E01004702,0,-1
2020361011210,2020,361011210,1,9,0,18,19,3,7,0,0,0,0,0,0,0,4,1,5,6,2,77,11,1498,1,12,MERCEDES A CLASS,5,E01026538,0,-1
2020040957062,2020,040957062,1,9,0,18,19,1,5,0,0,0,0,0,0,0,1,1,5,6,2,51,8,1332,1,1,MERCEDES A CLASS,4,E01025374,0,-1
2020430265932,2020,430265932,1,9,0,9,9,4,2,0,0,6,0,0,0,0,3,1,6,6,1,20,4,1461,2,4,MERCEDES A CLASS,6,E01016753,0,-1
202031A141020,2020,31A141020,1,9,0,18,19,7,3,0,0,4,0,0,0,0,0,1,6,6,1,20,4,1461,2,7,MERCEDES A CLASS,3,E01028297,0,-1
2020160957126,2020,160957126,2,9,0,18,19,7,3,0,0,0,0,0,0,0,3,1,5,6,1,27,6,1461,2,3,MERCEDES A CLASS,10,E01012926,0,-1
2020010233477,2020,010233477,1,9,0,14,14,4,8,0,0,0,0,0,0,0,1,1,6,6,1,25,5,1461,2,3,MERCEDES A CLASS,1,E01000551,0,-1
2020070717276,2020,070717276,2,9,0,18,19,5,1,0,0,0,5,0,0,0,4,1,1,1,1,63,9,1332,1,1,MERCEDES A CLASS,4,E01006390,0,-1
2020141002327,2020,141002327,1,9,0,2,2,1,1,0,0,0,0,0,0,0,4,1,6,6,3,-1,-1,2143,2,6,MERCEDES A CLASS,-1,-1,0,-1
2020610027420,2020,610027420,3,9,0,18,19,6,2,0,0,0,0,0,0,0,1,1,6,6,2,54,8,1461,2,3,MERCEDES A CLASS,3,W01001363,0,-1
2020622000859,2020,622000859,2,9,0,18,19,2,6,0,0,0,0,0,0,0,1,1,2,2,3,-1,-1,1461,2,5,MERCEDES A CLASS,-1,-1,0,-1
2020220985564,2020,220985564,2,9,0,18,19,5,1,0,0,0,0,0,1,0,2,1,5,6,1,52,8,1595,1,4,MERCEDES A CLASS,8,E01022792,0,-1
2020010281553,2020,010281553,1,9,0,9,9,7,5,0,0,0,0,0,0,0,4,1,6,6,2,22,5,1461,2,2,MERCEDES A CLASS,3,E01001156,0,-1
2020010283751,2020,010283751,1,9,0,7,7,8,2,0,0,1,0,0,1,2,1,1,2,2,2,25,5,1332,1,0,MERCEDES A CLASS,2,E01003950,0,-1
2020430229206,2020,430229206,3,9,0,18,19,8,4,0,0,0,0,0,0,0,1,1,6,6,1,29,6,2143,2,3,MERCEDES A CLASS,8,E01016515,0,-1
2020420978433,2020,420978433,2,9,0,4,4,7,3,0,0,0,0,0,0,0,2,1,5,6,1,21,5,1397,1,16,MERCEDES A CLASS,8,E01015960,0,-1
2020010277794,2020,010277794,2,9,0,99,99,9,9,99,99,9,9,99,9,99,1,9,6,6,3,-1,-1,1461,2,6,MERCEDES A CLASS,-1,-1,0,-1
20201372O0251,2020,1372O0251,1,9,0,18,19,1,5,0,0,1,0,0,0,0,1,1,6,6,2,28,6,1461,2,3,MERCEDES A CLASS,7,E01010573,0,-1
2020440024191,2020,440024191,2,9,0,4,4,8,4,0,0,0,0,0,0,0,2,1,2,2,2,28,6,1595,1,4,MERCEDES A CLASS,2,E01022964,0,-1
2020201020310,2020,201020310,1,9,0,7,7,8,2,0,0,5,0,0,0,0,1,1,6,6,1,29,6,1332,1,2,MERCEDES A CLASS,1,E01009147,0,-1
2020010268902,2020,010268902,2,9,0,5,5,5,1,0,0,0,0,0,0,0,4,1,6,6,2,22,5,1461,2,5,MERCEDES A CLASS,-1,-1,0,-1
2020010250404,2020,010250404,2,9,4,6,6,7,7,0,0,2,0,0,0,0,3,1,6,6,1,20,4,1461,2,2,MERCEDES A CLASS,2,E01004308,0,-1
2020101008393,2020,101008393,1,9,0,9,9,3,1,0,0,8,0,0,0,0,4,1,5,6,1,25,5,1461,2,2,MERCEDES A CLASS,2,E01012274,0,-1
2020501031526,2020,501031526,3,9,0,18,19,0,0,0,0,0,0,0,0,0,0,1,2,2,1,32,6,1796,2,8,MERCEDES A CLASS,2,E01020211,0,-1
202006F171599,2020,06F171599,3,8,0,2,2,0,0,0,0,0,0,0,0,0,4,1,6,6,3,-1,-1,1461,2,3,-1,-1,-1,0,-1
2020230973286,2020,230973286,2,9,0,18,19,5,8,0,0,6,0,0,0,0,4,1,1,1,1,53,8,1461,2,0,MERCEDES A CLASS,7,E01027808,0,-1
2020010260849,2020,010260849,1,9,0,9,9,5,4,0,0,6,0,0,0,0,1,1,6,6,2,45,7,1461,2,5,MERCEDES A CLASS,8,E01002290,0,-1
2020302001609,2020,302001609,2,9,0,18,19,7,3,0,0,0,0,0,0,0,0,1,6,6,1,41,7,1595,1,2,MERCEDES A CLASS,4,E01013537,0,-1
2020010262494,2020,010262494,2,9,0,99,99,9,9,99,99,9,9,99,9,99,1,9,6,6,3,-1,-1,1461,2,4,MERCEDES A CLASS,-1,-1,0,-1
2020990922300,2020,990922300,2,9,0,18,19,8,4,0,0,8,0,0,7,11,1,1,5,6,1,54,8,1461,2,3,MERCEDES A CLASS,-1,-1,0,-1
2020031001460,2020,031001460,2,9,-1,4,4,5,1,0,0,-1,-1,-1,0,0,-1,1,5,6,1,18,4,1461,2,4,MERCEDES A CLASS,4,E01019274,0,-1
202006XJ78567,2020,06XJ78567,1,9,0,4,4,7,3,0,0,0,0,0,0,0,2,1,6,6,1,40,7,1461,2,3,MERCEDES A CLASS,1,E01005758,0,-1
2020200947642,2020,200947642,1,9,0,18,19,2,6,0,0,6,0,0,0,0,4,1,3,7,2,40,7,1498,1,8,MERCEDES A CLASS,3,E01009633,0,-1
2020200951387,2020,200951387,1,9,0,18,19,4,8,0,0,0,0,10,1,10,1,1,6,6,1,23,5,1461,2,6,MERCEDES A CLASS,2,E01009098,0,-1
2020041000923,2020,041000923,2,9,0,18,19,2,6,0,0,0,0,0,0,0,1,1,5,6,2,58,9,1461,2,3,MERCEDES A CLASS,9,E01025340,0,-1
2020460929576,2020,460929576,1,9,0,18,19,3,7,0,0,0,1,0,0,0,1,1,5,6,2,24,5,1461,2,6,MERCEDES A CLASS,3,E01000082,0,-1
2020450956315,2020,450956315,2,9,0,18,19,5,1,0,0,0,0,0,0,0,1,1,5,6,1,45,7,1332,1,1,MERCEDES A CLASS,5,E01004127,0,-1
2020410986960,2020,410986960,1,9,0,5,5,4,6,0,0,3,0,0,7,2,3,1,5,6,1,19,4,1595,1,3,MERCEDES A CLASS,10,E01023841,0,-1
2020160963938,2020,160963938,1,9,0,18,19,1,5,0,0,0,0,4,0,0,1,1,5,6,1,29,6,2143,2,3,MERCEDES A CLASS,3,E01012860,0,-1
2020401004074,2020,401004074,1,9,0,3,3,8,4,0,0,1,0,0,0,0,1,1,5,6,2,25,5,2143,2,3,MERCEDES A CLASS,5,E01015777,0,-1
2020122001289,2020,122001289,2,9,0,18,19,4,8,0,0,0,0,0,1,11,1,1,6,6,2,47,8,1498,1,15,MERCEDES A CLASS,6,E01027573,0,-1
2020010251041,2020,010251041,2,9,0,2,2,0,0,0,0,0,0,99,0,0,9,1,6,6,3,-1,-1,1498,1,11,MERCEDES A CLASS,-1,-1,0,-1
2020010247194,2020,010247194,1,9,0,9,9,7,5,0,0,5,0,0,0,0,4,1,6,6,1,61,9,1598,1,17,MERCEDES A CLASS,5,E01023843,0,-1
2020200958424,2020,200958424,3,9,0,4,4,7,3,0,0,1,0,0,0,0,0,1,6,6,2,-1,-1,1796,2,7,MERCEDES A CLASS,-1,-1,0,-1
2020430280697,2020,430280697,1,9,0,4,4,8,4,0,0,0,1,0,1,7,1,1,2,2,1,-1,-1,1397,1,16,MERCEDES A CLASS,10,E01016700,0,-1
2020450968974,2020,450968974,1,9,0,18,19,3,7,0,0,0,0,0,0,0,2,1,5,6,1,51,8,1689,2,18,MERCEDES A CLASS,1,E01015932,0,-1
2020010257249,2020,010257249,1,9,0,99,99,9,9,99,99,9,9,99,9,99,1,9,6,6,1,36,7,1461,2,5,MERCEDES A CLASS,3,E01000481,0,-1
2020110929786,2020,110929786,1,9,0,18,19,5,1,0,0,1,1,10,1,1,1,1,6,6,1,26,6,1689,2,19,MERCEDES A CLASS,3,E01020769,0,-1
2020370975447,2020,370975447,1,9,0,18,19,5,3,0,0,1,0,0,0,0,1,1,5,6,2,28,6,1595,1,4,MERCEDES A CLASS,3,E01030025,0,-1
2020010230030,2020,010230030,1,9,0,18,19,8,4,0,0,2,0,0,3,0,3,1,6,6,2,24,5,1461,2,2,MERCEDES A CLASS,2,E01000628,0,-1
2020201009502,2020,201009502,2,9,0,2,2,0,0,9,9,0,0,0,0,0,3,1,6,6,2,33,6,1332,1,0,MERCEDES A CLASS,3,E01032534,0,-1
2020440080180,2020,440080180,2,9,0,10,10,4,2,0,0,1,0,0,0,0,3,1,6,6,1,34,6,1332,1,1,MERCEDES A CLASS,6,E01023140,0,-1
2020010251182,2020,010251182,1,9,0,4,4,7,3,0,0,0,0,0,0,0,1,1,6,6,2,18,4,1332,1,2,MERCEDES A CLASS,7,E01030569,0,-1
2020340N06792,2020,340N06792,2,9,0,18,19,4,8,0,0,8,0,0,0,0,1,1,6,6,2,45,7,1332,1,2,MERCEDES A CLASS,1,E01027239,0,-1
2020230964203,2020,230964203,3,9,0,10,10,1,3,0,0,1,0,0,0,0,2,1,6,6,1,48,8,1498,1,14,MERCEDES A CLASS,-1,-1,0,-1
2020420989539,2020,420989539,1,9,0,18,19,4,8,0,0,8,0,0,0,0,1,1,6,6,1,81,11,1699,1,13,MERCEDES A CLASS,-1,-1,0,-1
2020137A40644,2020,137A40644,1,9,0,5,5,1,5,0,0,4,0,0,0,0,3,1,6,6,1,-1,-1,1498,1,14,MERCEDES A CLASS,-1,-1,0,-1
2020100988794,2020,100988794,2,9,0,18,19,5,5,0,0,0,0,0,0,0,2,1,3,7,1,46,8,2143,2,5,MERCEDES A CLASS,2,E01008301,0,-1
2020440448610,2020,440448610,2,9,0,18,19,6,2,0,0,8,1,0,0,0,4,1,6,6,1,20,4,1991,1,5,MERCEDES A CLASS,6,E01023236,0,-1
2020010270127,2020,010270127,1,9,0,7,7,7,2,0,0,1,0,0,0,0,1,1,6,6,1,25,5,2143,2,3,MERCEDES A CLASS,1,E01004675,0,-1
2020010269848,2020,010269848,2,9,0,9,9,3,2,0,0,8,0,0,0,0,1,1,2,2,1,41,7,1991,2,8,MERCEDES A CLASS,7,E01023556,0,-1
2020010247077,2020,010247077,1,9,0,18,19,3,7,0,0,1,0,0,0,0,1,1,1,1,1,50,8,1595,1,5,MERCEDES A CLASS,3,E01002846,0,-1
2020010244525,2020,010244525,2,9,0,99,99,9,9,99,99,1,9,99,9,99,1,9,6,6,3,-1,-1,1461,2,3,MERCEDES A CLASS,-1,-1,0,-1
2020140971972,2020,140971972,1,9,0,5,5,3,7,0,0,1,0,0,0,0,1,1,5,6,2,22,5,1991,1,5,MERCEDES A CLASS,4,E01007444,0,-1
2020052000496,2020,052000496,1,9,0,18,19,3,7,0,0,0,0,0,0,0,2,1,6,6,1,33,6,1461,2,7,MERCEDES A CLASS,5,E01006901,0,-1
2020471007063,2020,471007063,2,9,0,9,9,4,2,0,0,6,0,0,0,0,1,1,6,6,2,53,8,1699,1,12,MERCEDES A CLASS,7,E01016979,0,-1
2020010231239,2020,010231239,2,9,0,5,5,5,1,0,0,1,0,0,0,0,0,1,6,6,1,37,7,1332,1,1,MERCEDES A CLASS,9,E01030391,0,-1
2020110998441,2020,110998441,2,9,0,18,19,3,7,0,0,1,0,0,0,0,1,1,6,6,1,30,6,2143,2,4,MERCEDES A CLASS,1,E01020847,0,-1
2020010231284,2020,010231284,2,9,0,5,5,5,1,0,0,1,0,0,0,0,4,1,6,6,1,38,7,1461,2,3,MERCEDES A CLASS,2,E01000952,0,-1
2020010258867,2020,010258867,1,9,0,8,8,5,8,0,0,0,0,0,0,0,1,1,6,6,1,56,9,1332,1,1,MERCEDES A CLASS,3,E01003328,0,-1
2020010276768,2020,010276768,1,9,0,18,19,5,1,0,0,1,0,0,0,0,1,1,6,6,1,20,4,1332,1,0,MERCEDES A CLASS,9,E01003418,0,-1
2020420989809,2020,420989809,1,9,0,1,1,1,7,0,0,1,0,0,0,0,2,1,6,6,2,30,6,2143,2,4,MERCEDES A CLASS,9,E01021593,0,-1
2020370995498,2020,370995498,1,9,0,18,19,1,5,0,0,8,0,0,0,0,1,1,5,6,1,19,4,2143,2,4,MERCEDES A CLASS,7,E01030224,0,-1
2020320341234,2020,320341234,1,9,0,18,19,1,5,0,0,8,0,0,0,0,3,1,6,6,1,50,8,1461,2,6,MERCEDES A CLASS,8,E01026322,0,-1
2020010255392,2020,010255392,2,9,0,18,19,3,7,0,0,1,0,0,0,0,1,1,6,6,1,37,7,1991,2,12,MERCEDES A CLASS,9,E01003908,0,-1
2020990962655,2020,990962655,1,9,0,7,7,7,1,0,0,1,0,0,0,0,1,1,6,6,2,21,5,1461,2,5,MERCEDES A CLASS,7,-1,0,-1
2020430289232,2020,430289232,1,9,0,18,19,2,6,0,0,0,0,0,0,0,4,1,6,6,1,60,9,1461,2,1,MERCEDES A CLASS,-1,-1,0,-1
2020110924045,2020,110924045,2,9,0,18,19,5,7,0,0,3,0,0,0,0,4,1,2,2,2,30,6,1595,1,3,MERCEDES A CLASS,4,E01020900,0,-1
2020010275534,2020,010275534,2,9,0,99,99,9,9,99,99,9,9,99,9,99,1,9,6,6,3,-1,-1,1332,1,0,MERCEDES A CLASS,9,E01004147,0,-1
2020522005038,2020,522005038,1,9,0,18,19,7,3,0,0,8,0,0,0,0,1,1,6,6,2,21,5,1332,1,1,MERCEDES A CLASS,9,E01014725,0,-1
2020421009093,2020,421009093,2,9,0,18,19,3,7,0,0,0,0,0,0,0,3,1,6,6,2,53,8,1332,1,1,MERCEDES A CLASS,10,E01021941,0,-1
2020361037122,2020,361037122,1,9,0,18,19,6,1,0,0,4,0,0,0,0,1,1,2,2,2,37,7,1461,2,5,MERCEDES A CLASS,6,E01026553,0,-1
2020010236314,2020,010236314,2,9,0,99,99,9,9,99,99,9,9,99,9,99,1,9,6,6,3,61,9,2143,2,5,MERCEDES A CLASS,9,E01022500,0,-1
2020470945428,2020,470945428,1,9,0,9,9,4,2,0,0,0,0,0,0,0,3,1,6,6,1,29,6,1595,1,2,MERCEDES A CLASS,7,E01021010,0,-1
2020470970763,2020,470970763,1,9,0,18,19,7,3,0,0,1,5,0,0,0,1,1,5,6,1,83,11,1598,1,16,MERCEDES A CLASS,9,E01021167,0,-1
202031A111720,2020,31A111720,2,9,0,18,19,8,4,0,0,1,1,0,0,0,1,1,6,6,1,17,4,1461,2,6,MERCEDES A CLASS,2,E01028267,0,-1
2020200993853,2020,200993853,1,9,0,18,19,6,2,0,0,0,5,10,1,0,1,1,5,6,1,20,4,1461,2,6,MERCEDES A CLASS,2,E01010101,0,-1
2020170M31580,2020,170M31580,2,9,0,18,19,2,6,0,0,1,0,0,0,0,1,1,6,6,2,41,7,1461,2,6,MERCEDES A CLASS,8,E01012008,0,-1
2020450956740,2020,450956740,2,9,0,9,9,7,3,9,9,8,0,0,7,0,4,1,6,6,1,68,10,1332,1,1,MERCEDES A CLASS,7,E01030318,0,-1
2020610008620,2020,610008620,2,9,0,4,4,1,5,0,0,0,0,0,0,0,2,1,6,6,1,63,9,1332,1,1,MERCEDES A CLASS,7,W01001484,0,-1
2020451004431,2020,451004431,1,9,0,3,3,4,8,0,0,0,0,0,0,0,2,1,5,6,2,21,5,1332,1,0,MERCEDES A CLASS,7,E01030943,0,-1
2020010254458,2020,010254458,3,9,0,18,19,7,3,0,0,1,0,0,0,0,1,1,6,6,1,23,5,1461,2,2,MERCEDES A CLASS,8,E01004479,0,-1
2020200964219,2020,200964219,1,9,0,17,19,5,1,0,0,0,0,0,0,0,1,1,5,6,1,29,6,1950,2,0,MERCEDES A CLASS,1,E01009026,0,-1
2020010955428,2020,010955428,1,9,0,5,5,1,5,0,0,0,0,0,0,0,1,1,5,6,1,18,4,1595,1,4,MERCEDES A CLASS,9,E01030330,0,-1
2020400997601,2020,400997601,2,9,0,7,7,8,2,0,0,5,0,0,0,0,2,1,5,6,2,33,6,1595,1,4,MERCEDES A CLASS,2,E01015703,0,-1
2020351006721,2020,351006721,2,9,0,17,19,1,5,0,0,0,0,0,0,0,0,1,2,2,1,24,5,1332,8,0,MERCEDES A CLASS,10,E01018267,0,-1
2020350935248,2020,350935248,2,9,0,3,3,5,1,0,0,0,0,0,0,0,2,1,2,2,1,52,8,1397,1,17,MERCEDES A CLASS,4,E01015622,0,-1
2020010242119,2020,010242119,2,9,0,17,19,7,3,9,9,0,1,10,2,11,4,2,6,6,1,26,6,1461,2,2,MERCEDES A CLASS,2,E01001760,0,-1
202006A372526,2020,06A372526,1,9,0,18,19,8,4,0,0,2,0,0,0,0,1,1,2,2,1,36,7,2143,2,4,MERCEDES A CLASS,3,E01005079,0,-1
2020460974170,2020,460974170,2,9,0,2,2,0,0,0,0,0,0,0,0,0,2,1,5,6,1,40,7,1461,2,0,MERCEDES A CLASS,4,E01024698,0,-1
2020010238020,2020,010238020,2,9,0,13,13,9,9,0,0,0,9,0,0,99,4,9,6,6,3,-1,-1,2143,2,6,MERCEDES A CLASS,2,E01000509,0,-1
20201377C0387,2020,1377C0387,1,9,0,18,19,5,1,0,0,0,1,0,1,7,1,1,2,2,1,24,5,1332,1,0,MERCEDES A CLASS,2,E01011957,0,-1
2020010242690,2020,010242690,1,9,0,99,99,9,9,99,99,9,9,99,9,99,1,9,6,6,1,34,6,1461,2,3,MERCEDES A CLASS,2,E01001509,0,-1
2020450950279,2020,450950279,1,9,0,18,19,7,3,0,0,1,1,0,3,10,1,1,5,6,1,22,5,1461,2,6,MERCEDES A CLASS,9,E01030733,0,-1