collision_index,collision_year,collision_ref_no,vehicle_reference,vehicle_type,towing_and_articulation,vehicle_manoeuvre_historic,vehicle_manoeuvre,vehicle_direction_from,vehicle_direction_to,vehicle_location_restricted_lane_historic,vehicle_location_restricted_lane,junction_location,skidding_and_overturning,hit_object_in_carriageway,vehicle_leaving_carriageway,hit_object_off_carriageway,first_point_of_impact,vehicle_left_hand_drive,journey_purpose_of_driver_historic,journey_purpose_of_driver,sex_of_driver,age_of_driver,age_band_of_driver,engine_capacity_cc,propulsion_code,age_of_vehicle,generic_make_model,driver_imd_decile,lsoa_of_driver,escooter_flag,driver_distance_banding
2020010250361,2020,010250361,2,9,0,18,19,1,5,0,0,0,0,0,0,0,4,1,6,6,3,40,7,1595,1,2,MERCEDES A CLASS,1,E01001562,0,-1
2020200982695,2020,200982695,1,9,0,2,2,0,0,0,0,0,0,0,0,0,4,1,6,6,1,64,9,1461,2,5,MERCEDES A CLASS,2,E01009100,0,-1
202006P271333,2020,06P271333,2,9,0,18,19,4,8,0,0,1,0,0,0,0,3,1,6,6,3,-1,-1,1397,1,17,MERCEDES A CLASS,-1,-1,0,-1
2020010228733,2020,010228733,1,9,0,99,99,9,9,99,99,9,9,99,9,99,1,9,6,6,3,-1,-1,1498,1,9,MERCEDES A CLASS,6,E01003427,0,-1
2020200988013,2020,200988013,1,9,0,18,19,8,4,0,0,8,0,0,0,0,1,1,6,6,1,-1,-1,1498,1,13,MERCEDES A CLASS,-1,-1,0,-1
2020040978942,2020,040978942,2,9,0,2,2,3,7,0,0,1,0,0,0,0,2,1,5,6,1,25,5,1796,2,8,MERCEDES A CLASS,1,E01024877,0,-1
2020052001109,2020,052001109,2,9,0,18,19,7,3,0,0,8,0,0,0,0,4,1,6,6,2,26,6,1461,2,3,MERCEDES A CLASS,1,E01006739,0,-1
2020500938512,2020,500938512,1,9,0,18,19,7,3,0,0,0,0,0,0,0,4,1,6,6,2,71,10,1332,1,0,MERCEDES A CLASS,3,E01018809,0,-1
2020160994895,2020,160994895,1,9,0,18,19,6,2,0,0,1,0,0,0,0,1,1,2,2,1,57,9,1461,2,5,MERCEDES A CLASS,8,E01012813,0,-1
2020010249938,2020,010249938,2,9,0,4,4,5,1,0,0,1,0,0,0,0,2,1,6,6,1,42,7,1332,1,0,MERCEDES A CLASS,2,E01004044,0,-1
2020170M30810,2020,170M30810,2,9,0,18,19,2,6,0,0,3,0,0,0,0,3,1,6,6,1,75,10,2143,2,3,MERCEDES A CLASS,1,E01012045,0,-1
2020201012693,2020,201012693,1,9,0,7,7,5,6,0,0,1,0,0,0,0,1,1,3,7,1,-1,-1,1950,2,1,MERCEDES A CLASS,2,E01009955,0,-1
2020010242830,2020,010242830,2,9,0,99,99,9,9,99,99,1,9,99,9,99,1,9,6,6,3,29,6,1461,2,7,MERCEDES A CLASS,-1,-1,0,-1
2020231005520,2020,231005520,2,9,0,18,19,3,7,0,0,8,0,0,0,0,4,1,5,6,2,41,7,1498,1,9,MERCEDES A CLASS,10,E01031278,0,-1
2020430361753,2020,430361753,2,9,0,4,4,2,6,0,0,0,0,0,0,0,2,1,6,6,2,40,7,1595,1,7,MERCEDES A CLASS,10,E01017638,0,-1
2020010281731,2020,010281731,1,9,0,4,4,3,7,0,0,1,0,0,0,0,2,1,6,6,2,22,5,1332,1,0,MERCEDES A CLASS,-1,-1,0,-1
2020010231747,2020,010231747,1,9,0,3,3,1,5,0,0,1,0,0,0,0,1,1,6,6,1,29,6,1498,1,11,MERCEDES A CLASS,1,E01001839,0,-1
2020010256679,2020,010256679,3,9,0,18,19,1,5,0,0,0,0,0,0,0,1,1,6,6,2,34,6,1992,2,15,MERCEDES A CLASS,3,E01023326,0,-1
2020122100071,2020,122100071,1,9,0,17,19,1,6,0,0,2,0,0,0,0,4,1,2,2,2,32,6,1461,2,3,MERCEDES A CLASS,9,E01013052,0,-1
2020010274196,2020,010274196,1,9,0,7,7,1,4,0,0,0,0,0,0,0,4,1,6,6,1,26,6,1991,1,1,MERCEDES A CLASS,7,E01002412,0,-1
2020010247403,2020,010247403,1,9,0,5,5,1,5,0,0,2,0,0,0,0,4,1,6,6,2,34,6,1397,1,18,MERCEDES A CLASS,-1,-1,0,-1
2020010286793,2020,010286793,1,9,0,18,19,1,5,0,0,1,1,4,1,0,1,1,6,6,2,28,6,1595,1,7,MERCEDES A CLASS,2,E01003619,0,-1
2020200953319,2020,200953319,1,9,0,9,9,2,8,0,0,5,0,0,0,0,1,1,6,6,1,20,4,1595,1,2,MERCEDES A CLASS,1,E01009983,0,-1
2020010272934,2020,010272934,1,9,0,6,6,6,6,0,0,8,0,0,0,0,3,1,6,6,1,19,4,1796,2,7,MERCEDES A CLASS,4,E01001009,0,-1
2020211014119,2020,211014119,1,9,0,14,14,4,8,0,0,0,0,0,0,0,4,1,6,6,1,44,7,1898,1,21,MERCEDES A CLASS,2,E01014340,0,-1
2020052001276,2020,052001276,1,9,0,18,19,1,5,0,0,6,0,0,0,0,1,1,6,6,2,25,5,1461,2,6,MERCEDES A CLASS,1,E01007019,0,-1
2020522003478,2020,522003478,1,9,0,18,19,7,3,0,0,1,0,0,0,0,3,1,6,6,1,45,7,1332,1,1,MERCEDES A CLASS,8,E01014387,0,-1
2020010243472,2020,010243472,1,9,9,9,9,5,3,99,99,9,9,0,0,0,1,9,6,6,1,-1,-1,1991,2,12,MERCEDES A CLASS,5,E01001088,0,-1
2020010228128,2020,010228128,2,9,0,18,19,6,2,0,0,2,0,0,0,0,2,1,6,6,1,42,7,1461,2,0,MERCEDES A CLASS,2,E01004319,0,-1
2020540287120,2020,540287120,2,9,0,4,4,1,5,0,0,4,0,0,0,0,2,1,6,6,2,54,8,1332,1,1,MERCEDES A CLASS,7,E01031865,0,-1
202006A273194,2020,06A273194,2,9,0,6,6,8,8,0,0,2,0,0,0,0,4,1,6,6,1,30,6,2143,2,4,MERCEDES A CLASS,4,E01006878,0,-1
2020110989378,2020,110989378,1,9,0,18,19,3,7,0,0,8,0,0,0,0,3,1,5,6,1,17,4,1461,2,5,MERCEDES A CLASS,4,E01008842,0,-1
2020421000292,2020,421000292,2,9,0,18,19,5,1,0,0,0,0,0,0,0,2,1,5,6,2,34,6,1461,2,6,MERCEDES A CLASS,1,E01015895,0,-1
2020360929112,2020,360929112,2,9,0,18,19,3,7,0,0,0,0,0,1,0,4,1,2,2,2,51,8,1332,1,1,MERCEDES A CLASS,10,E01026527,0,-1
2020340N07372,2020,340N07372,2,9,0,3,3,3,7,0,0,0,0,0,0,0,2,1,2,2,2,35,6,1991,2,14,MERCEDES A CLASS,2,E01027226,0,-1
2020471005659,2020,471005659,1,9,0,18,19,7,3,0,0,1,0,7,0,0,1,1,6,6,1,67,10,1796,2,6,MERCEDES A CLASS,5,E01016990,0,-1
2020340N02822,2020,340N02822,2,9,0,18,19,1,5,0,0,1,0,0,0,0,3,1,6,6,2,29,6,1461,2,4,MERCEDES A CLASS,2,E01027155,0,-1
2020040980748,2020,040980748,1,9,0,18,19,3,7,0,0,2,0,0,0,0,4,1,5,6,1,19,4,1332,1,0,MERCEDES A CLASS,8,E01025375,0,-1
2020010275859,2020,010275859,1,9,0,18,19,5,1,0,0,8,0,0,7,1,1,1,6,6,1,21,5,1461,2,2,MERCEDES A CLASS,6,E01000816,0,-1
2020010278153,2020,010278153,1,9,0,18,19,6,2,0,0,0,0,7,0,0,1,1,6,6,1,37,7,1332,1,1,MERCEDES A CLASS,9,E01000648,0,-1
2020460981260,2020,460981260,2,9,0,13,13,6,3,0,0,2,1,0,0,0,4,1,2,2,2,46,8,1461,2,4,MERCEDES A CLASS,5,E01024701,0,-1
202006K176323,2020,06K176323,2,9,0,18,19,5,1,0,0,1,0,0,1,0,3,1,6,6,1,60,9,1332,1,0,MERCEDES A CLASS,7,E01006245,0,-1
2020010229415,2020,010229415,1,9,0,9,9,5,2,0,0,1,0,0,0,0,3,1,6,6,2,20,4,1699,1,14,MERCEDES A CLASS,4,E01000801,0,-1
2020410949832,2020,410949832,1,9,0,17,19,1,4,0,0,0,0,0,0,0,1,1,6,6,1,25,5,1796,2,6,MERCEDES A CLASS,-1,-1,0,-1
2020200987665,2020,200987665,1,9,0,18,19,5,1,0,0,1,0,0,0,0,2,1,6,6,2,33,6,1461,2,6,MERCEDES A CLASS,2,E01029362,0,-1
2020200926404,2020,200926404,2,9,0,3,3,-1,-1,0,0,0,0,0,0,0,1,1,6,6,1,21,5,1461,2,6,MERCEDES A CLASS,6,E01010043,0,-1
2020122000760,2020,122000760,1,9,0,9,9,1,6,0,0,6,0,0,0,0,1,1,6,6,2,25,5,1595,1,3,MERCEDES A CLASS,6,E01027797,0,-1
2020360956684,2020,360956684,2,9,0,10,10,8,6,0,0,1,0,0,0,0,2,1,5,6,1,21,5,1595,1,4,MERCEDES A CLASS,4,E01026651,0,-1
2020340N08712,2020,340N08712,2,9,0,3,3,7,3,0,0,0,0,0,0,0,2,1,6,6,2,36,7,1461,2,6,MERCEDES A CLASS,6,E01032977,0,-1
2020200992301,2020,200992301,2,9,0,2,2,-1,-1,0,0,0,0,0,0,0,2,1,6,6,3,25,5,1796,2,8,MERCEDES A CLASS,6,E01009036,0,-1
2020410944472,2020,410944472,2,9,0,16,19,7,3,0,0,0,2,0,1,0,3,1,5,6,2,23,5,1595,1,7,MERCEDES A CLASS,4,E01017570,0,-1
2020622001110,2020,622001110,2,9,0,18,19,8,4,0,0,0,0,0,0,0,1,1,6,6,2,33,6,1332,1,1,MERCEDES A CLASS,9,W01001135,0,-1
2020101000500,2020,101000500,2,9,0,9,9,4,2,0,0,1,0,0,0,0,3,1,5,6,2,25,5,2143,2,4,MERCEDES A CLASS,10,E01020682,0,-1
2020220919957,2020,220919957,1,9,0,17,19,2,7,0,0,0,0,0,0,0,1,1,2,2,1,21,5,2143,2,4,MERCEDES A CLASS,6,E01022267,0,-1
2020010281238,2020,010281238,2,9,0,99,99,9,9,99,99,9,9,99,9,99,9,9,6,6,1,30,6,1461,2,1,MERCEDES A CLASS,3,E01024149,0,-1
2020122000256,2020,122000256,2,9,0,10,10,7,5,0,0,5,0,0,0,0,4,1,3,7,2,32,6,1461,2,3,MERCEDES A CLASS,7,E01027724,0,-1
2020170S10770,2020,170S10770,1,9,0,18,19,1,5,0,0,2,0,0,3,10,2,1,1,1,1,59,9,1498,1,13,MERCEDES A CLASS,-1,-1,0,-1
2020432316294,2020,432316294,2,9,0,18,19,3,7,0,0,0,0,0,0,0,1,1,6,6,2,17,4,1595,1,7,MERCEDES A CLASS,5,E01016807,0,-1
2020200953682,2020,200953682,2,9,0,17,19,6,3,0,0,0,0,0,0,0,1,1,6,6,2,22,5,1461,2,5,MERCEDES A CLASS,2,E01009933,0,-1
202031C114920,2020,31C114920,2,9,0,2,2,0,0,0,0,0,0,0,0,0,4,1,6,6,2,35,6,1332,1,0,MERCEDES A CLASS,2,E01013904,0,-1
2020210979939,2020,210979939,1,9,0,9,9,6,4,0,0,2,0,0,0,0,3,1,6,6,1,75,10,1333,1,2,MERCEDES A CLASS,1,E01014254,0,-1
2020040937651,2020,040937651,2,9,0,9,9,1,2,0,0,4,0,0,0,0,4,1,5,6,2,23,5,1461,2,5,MERCEDES A CLASS,2,E01012605,0,-1
2020420992633,2020,420992633,2,9,0,4,4,8,5,0,0,0,0,0,0,0,2,1,6,6,2,28,6,1332,1,0,MERCEDES A CLASS,3,E01021320,0,-1
2020160943839,2020,160943839,5,9,0,2,2,0,0,0,0,0,0,0,0,0,4,1,6,6,3,-1,-1,1796,2,7,MERCEDES A CLASS,-1,-1,0,-1
2020100965679,2020,100965679,2,9,0,18,19,5,1,0,0,0,0,0,0,0,2,1,6,6,2,29,6,1461,2,1,MERCEDES A CLASS,-1,-1,0,-1
2020460992139,2020,460992139,2,9,0,4,4,4,8,0,0,0,0,0,0,0,2,1,2,2,1,23,5,1461,2,5,MERCEDES A CLASS,4,E01024312,0,-1
2020040980271,2020,040980271,1,9,0,7,7,3,7,0,0,1,0,0,0,0,4,1,1,1,1,24,5,1461,2,4,MERCEDES A CLASS,2,E01012630,0,-1
2020622000150,2020,622000150,2,9,0,18,19,4,8,0,0,0,1,10,1,4,4,1,1,1,1,31,6,1461,2,3,MERCEDES A CLASS,4,W01001092,0,-1
2020052001810,2020,052001810,2,9,0,18,19,3,5,0,0,1,0,0,0,0,4,1,6,6,1,22,5,1461,2,2,MERCEDES A CLASS,6,E01007252,0,-1
2020010266201,2020,010266201,2,9,0,99,99,9,9,99,99,9,9,99,9,99,1,9,6,6,1,28,6,1991,1,5,MERCEDES A CLASS,5,E01032771,0,-1
2020400998469,2020,400998469,1,9,0,5,5,6,2,0,0,8,0,0,0,0,1,1,2,2,2,-1,-1,1991,2,15,MERCEDES A CLASS,7,E01017511,0,-1
2020070482159,2020,070482159,1,9,0,4,4,1,5,0,0,4,1,9,5,7,1,1,6,6,1,24,5,1461,2,2,MERCEDES A CLASS,1,E01005086,0,-1
2020010231115,2020,010231115,1,9,0,5,5,2,6,0,0,8,0,0,0,0,1,1,6,6,1,31,6,1498,1,13,MERCEDES A CLASS,5,E01002745,0,-1
2020010232103,2020,010232103,1,9,0,99,99,9,9,99,99,9,9,99,9,99,9,9,6,6,2,40,7,1498,1,14,MERCEDES A CLASS,5,E01000505,0,-1
2020461017945,2020,461017945,2,9,0,18,19,4,7,0,0,0,0,0,0,0,1,1,6,6,1,20,4,1461,2,5,MERCEDES A CLASS,5,E01024342,0,-1
2020010234559,2020,010234559,1,9,0,17,19,5,1,0,0,6,0,0,0,0,4,1,6,6,1,28,6,1461,2,4,MERCEDES A CLASS,4,E01001187,0,-1
2020410967023,2020,410967023,2,9,0,3,3,5,1,0,0,0,0,0,0,0,1,1,6,6,2,48,8,1461,2,2,MERCEDES A CLASS,7,E01023462,0,-1
2020420925271,2020,420925271,1,9,0,5,5,3,7,0,0,0,0,0,0,0,1,1,6,6,2,81,11,1992,2,14,MERCEDES A CLASS,-1,-1,0,-1
2020420964968,2020,420964968,1,9,0,13,13,7,3,0,0,0,0,0,0,0,3,1,5,6,1,18,4,1595,1,3,MERCEDES A CLASS,7,E01015817,0,-1
2020460980220,2020,460980220,2,9,0,4,4,1,5,0,0,0,0,0,0,0,2,1,5,6,2,47,8,1991,1,1,MERCEDES A CLASS,9,E01024041,0,-1
202031B026720,2020,31B026720,2,9,0,7,7,7,1,0,0,6,0,0,0,0,1,1,6,6,2,30,6,1461,2,4,MERCEDES A CLASS,2,E01028044,0,-1
2020990940422,2020,990940422,2,9,0,3,3,5,1,0,0,0,0,0,0,0,2,1,6,6,1,58,9,1498,1,11,MERCEDES A CLASS,6,-1,0,-1
2020170M10280,2020,170M10280,1,9,0,18,19,4,8,0,0,1,0,0,0,0,1,1,6,6,1,72,10,1699,1,12,MERCEDES A CLASS,7,E01012149,0,-1
2020040951601,2020,040951601,1,9,0,6,6,5,1,6,6,1,0,0,7,7,3,1,5,6,1,52,8,1595,1,2,MERCEDES A CLASS,1,E01012736,0,-1
2020430068795,2020,430068795,3,9,0,18,19,4,8,0,0,0,0,0,0,0,1,1,6,6,1,66,10,1498,1,11,MERCEDES A CLASS,4,E01016716,0,-1
2020160956513,2020,160956513,1,9,0,4,4,3,7,0,0,1,0,0,0,0,3,1,6,6,1,41,7,1461,2,4,MERCEDES A CLASS,5,E01012764,0,-1
2020200943062,2020,200943062,1,9,0,16,19,2,5,0,0,0,0,0,0,0,1,1,6,6,1,36,7,1461,2,2,MERCEDES A CLASS,2,E01009022,0,-1
2020470928799,2020,470928799,2,9,0,18,19,5,1,0,0,0,0,11,0,0,1,1,5,6,1,37,7,1332,1,2,MERCEDES A CLASS,5,E01031568,0,-1
2020451003878,2020,451003878,2,9,0,9,9,7,3,0,0,8,0,0,0,0,1,1,6,6,2,25,5,1461,2,6,MERCEDES A CLASS,5,E01000996,0,-1
2020320517144,2020,320517144,1,9,0,7,7,2,6,0,0,5,0,0,0,0,4,1,6,6,2,28,6,1595,1,3,MERCEDES A CLASS,-1,-1,0,-1
2020010233850,2020,010233850,1,9,0,18,19,1,5,0,0,5,1,11,7,4,1,1,6,6,1,28,6,1595,1,4,MERCEDES A CLASS,2,E01003190,0,-1
2020010253289,2020,010253289,2,9,0,3,3,3,7,0,0,1,0,0,6,1,2,1,6,6,1,37,7,1498,1,11,MERCEDES A CLASS,1,E01003347,0,-1
2020230926313,2020,230926313,3,9,0,2,2,0,0,0,0,0,0,4,0,0,2,1,5,6,1,41,7,1595,1,7,MERCEDES A CLASS,8,E01009687,0,-1
2020200964305,2020,200964305,4,9,0,18,19,5,1,0,0,0,0,0,0,0,1,1,6,6,1,34,6,1991,1,6,MERCEDES A CLASS,1,E01032888,0,-1
2020140915837,2020,140915837,1,9,0,9,9,5,3,1,1,6,0,0,0,0,1,1,5,6,1,40,7,1461,2,1,MERCEDES A CLASS,1,E01008097,0,-1
2020137191475,2020,137191475,1,9,0,7,7,5,1,0,0,1,0,0,0,0,4,1,6,6,1,25,5,1461,2,1,MERCEDES A CLASS,7,E01011329,0,-1
2020010254550,2020,010254550,3,9,0,3,3,1,5,0,0,0,0,0,0,0,2,1,6,6,1,24,5,1595,1,2,MERCEDES A CLASS,3,E01024279,0,-1
2020010282243,2020,010282243,2,9,0,17,19,1,6,0,0,8,0,0,0,0,3,1,6,6,1,35,6,1950,2,0,MERCEDES A CLASS,7,E01023335,0,-1
2020450939798,2020,450939798,1,9,0,17,19,8,4,0,0,4,1,0,1,10,1,1,5,6,1,20,4,1796,2,6,MERCEDES A CLASS,8,E01030648,0,-1
2020440281807,2020,440281807,2,9,0,17,19,6,1,0,0,8,0,0,0,0,1,1,6,6,1,22,5,1796,2,7,MERCEDES A CLASS,2,E01016397,0,-1
2020990985452,2020,990985452,1,9,0,18,19,1,5,0,0,2,0,0,0,0,3,1,5,6,1,18,4,1461,2,4,MERCEDES A CLASS,9,-1,0,-1
2020470932399,2020,470932399,2,9,0,18,19,3,7,0,0,1,0,0,0,0,2,1,5,6,2,42,7,1461,2,6,MERCEDES A CLASS,2,E01020923,0,-1
2020522100846,2020,522100846,1,9,0,4,4,5,1,0,0,0,0,0,0,0,2,1,6,6,2,44,7,1461,2,5,MERCEDES A CLASS,3,E01014736,0,-1
2020010265034,2020,010265034,2,9,0,18,19,3,7,0,0,1,0,0,0,0,3,1,6,6,1,51,8,1397,1,19,MERCEDES A CLASS,2,E01001219,0,-1
2020500987599,2020,500987599,1,9,0,18,19,5,1,0,0,1,0,0,0,0,1,1,5,6,2,19,4,1461,2,5,MERCEDES A CLASS,3,E01015166,0,-1
2020010234012,2020,010234012,2,9,0,18,19,3,7,0,0,2,0,0,0,0,1,1,6,6,1,26,6,1796,2,6,MERCEDES A CLASS,7,E01001313,0,-1
2020610027720,2020,610027720,1,9,0,6,6,7,7,0,0,1,0,0,0,0,2,1,6,6,3,-1,-1,1461,2,1,MERCEDES A CLASS,-1,-1,0,-1
2020122000830,2020,122000830,2,9,0,18,19,6,2,0,0,0,0,0,0,0,1,1,6,6,2,25,5,1461,2,2,MERCEDES A CLASS,6,E01027734,0,-1
2020010267359,2020,010267359,3,9,0,2,2,0,0,0,0,0,0,0,0,0,1,1,6,6,3,-1,-1,2143,2,3,MERCEDES A CLASS,-1,-1,0,-1
2020122001214,2020,122001214,1,9,0,6,6,6,6,0,0,0,0,0,0,0,3,1,1,1,1,48,8,1992,2,13,MERCEDES A CLASS,6,E01013441,0,-1
2020610001620,2020,610001620,1,9,0,18,19,4,8,0,0,1,0,0,3,11,2,1,6,6,1,51,8,1991,2,14,MERCEDES A CLASS,-1,-1,0,-1
2020010241228,2020,010241228,3,9,9,99,99,9,9,0,0,9,9,0,9,0,0,9,6,6,3,-1,-1,1796,2,6,MERCEDES A CLASS,-1,-1,0,-1
2020990986807,2020,990986807,1,9,0,7,7,8,3,0,0,0,5,0,1,4,1,1,5,6,2,32,6,1332,1,1,MERCEDES A CLASS,6,-1,0,-1
2020420997551,2020,420997551,1,9,0,3,3,7,2,0,0,1,0,0,0,0,1,1,6,6,1,19,4,1991,1,1,MERCEDES A CLASS,9,E01021383,0,-1
2020010258466,2020,010258466,1,9,0,18,19,3,7,0,0,0,0,0,0,0,4,1,6,6,2,50,8,1461,2,4,MERCEDES A CLASS,4,E01015957,0,-1
2020070382378,2020,070382378,1,9,0,11,11,6,1,0,0,8,0,0,7,1,4,1,6,6,2,35,6,1461,2,6,MERCEDES A CLASS,7,E01018360,0,-1
2020010275673,2020,010275673,3,9,0,2,2,0,0,0,0,8,0,0,0,0,3,1,6,6,3,-1,-1,1461,2,5,MERCEDES A CLASS,-1,-1,0,-1
2020010281731,2020,010281731,2,9,0,18,19,3,7,0,0,1,0,0,0,0,1,1,6,6,1,20,4,1991,2,15,MERCEDES A CLASS,2,E01033591,0,-1
2020410993770,2020,410993770,2,9,0,18,19,7,3,0,0,0,0,0,1,0,4,1,5,6,1,26,6,1461,2,5,MERCEDES A CLASS,7,E01000369,0,-1
202031D134920,2020,31D134920,1,9,0,9,9,3,1,0,0,5,0,0,0,0,4,1,6,6,1,24,5,1991,1,7,MERCEDES A CLASS,10,E01025761,0,-1
2020010239823,2020,010239823,1,9,0,99,99,9,9,99,99,9,9,99,9,99,2,9,2,2,1,43,7,1950,2,1,MERCEDES A CLASS,8,E01004073,0,-1
2020070075355,2020,070075355,1,9,0,5,5,6,2,0,0,1,0,0,0,0,4,1,6,6,1,29,6,2143,2,3,MERCEDES A CLASS,9,E01012502,0,-1
2020990975845,2020,990975845,1,9,0,9,9,5,3,0,0,1,0,0,0,0,1,1,5,6,1,26,6,1595,1,3,MERCEDES A CLASS,8,-1,0,-1
2020010237078,2020,010237078,2,9,0,99,99,9,9,99,99,9,9,99,9,99,1,9,6,6,3,-1,-1,1461,2,3,MERCEDES A CLASS,-1,-1,0,-1
2020610001220,2020,610001220,2,9,0,18,19,7,3,0,0,1,0,4,0,0,2,1,6,6,1,30,6,1332,1,1,MERCEDES A CLASS,2,W01001691,0,-1
2020200988105,2020,200988105,1,9,0,18,19,4,8,0,0,1,0,0,0,0,1,1,6,6,1,73,10,1498,1,14,MERCEDES A CLASS,2,E01010293,0,-1
2020010273462,2020,010273462,2,9,0,7,7,5,7,0,0,1,0,0,0,0,4,1,6,6,2,34,6,2143,2,4,MERCEDES A CLASS,2,E01033085,0,-1
2020041003839,2020,041003839,1,9,0,4,4,5,7,0,0,1,0,0,0,0,2,1,5,6,2,30,6,1461,2,6,MERCEDES A CLASS,8,E01025411,0,-1
2020200948614,2020,200948614,2,9,0,2,2,0,0,0,0,0,0,0,0,0,3,1,6,6,1,-1,-1,1595,1,2,MERCEDES A CLASS,8,E01009468,0,-1
2020010245106,2020,010245106,2,9,0,9,9,5,3,0,0,5,0,0,0,0,3,1,6,6,2,26,6,2143,2,4,MERCEDES A CLASS,6,E01003375,0,-1
2020140938883,2020,140938883,1,9,0,18,19,3,7,0,0,0,0,0,0,0,1,1,6,6,1,38,7,1498,1,15,MERCEDES A CLASS,3,E01007546,0,-1
2020460981293,2020,460981293,2,9,0,3,3,1,5,0,0,0,0,0,0,0,2,1,5,6,2,24,5,1461,2,6,MERCEDES A CLASS,3,E01024480,0,-1
2020410982829,2020,410982829,2,9,0,18,19,5,1,0,0,0,0,0,0,0,1,1,5,6,2,32,6,1595,1,3,MERCEDES A CLASS,10,E01023512,0,-1
2020010282948,2020,010282948,1,9,0,18,19,3,7,0,0,1,0,0,0,0,1,1,6,6,1,52,8,1461,2,3,MERCEDES A CLASS,7,E01002269,0,-1
2020470970374,2020,470970374,1,9,0,5,5,8,5,0,0,4,0,0,0,0,3,1,6,6,2,55,8,1699,1,12,MERCEDES A CLASS,6,E01016935,0,-1
2020360980533,2020,360980533,1,9,0,18,19,2,6,0,0,0,1,0,0,0,1,1,5,6,2,28,6,1796,2,6,MERCEDES A CLASS,10,E01017409,0,-1
2020010277157,2020,010277157,1,9,0,99,99,9,9,99,99,8,9,99,9,99,2,9,6,6,1,24,5,1461,2,4,MERCEDES A CLASS,2,E01000789,0,-1
2020040996033,2020,040996033,4,9,0,4,4,3,7,0,0,0,0,0,0,0,2,1,2,2,2,54,8,1461,2,2,MERCEDES A CLASS,9,E01018723,0,-1
2020461002860,2020,461002860,2,9,0,18,19,7,3,0,0,0,0,0,0,0,4,1,6,6,2,27,6,2143,2,4,MERCEDES A CLASS,7,E01024719,0,-1
2020040987690,2020,040987690,1,9,0,18,19,3,7,0,0,4,0,9,0,0,4,1,2,2,1,28,6,1397,1,17,MERCEDES A CLASS,2,E01006308,0,-1
2020990935464,2020,990935464,1,9,0,17,19,8,4,0,0,1,1,0,2,2,1,1,6,6,1,22,5,1461,2,7,MERCEDES A CLASS,6,-1,0,-1
2020010258953,2020,010258953,2,9,0,4,4,5,1,0,0,0,0,0,0,0,4,1,6,6,2,32,6,1461,2,6,MERCEDES A CLASS,9,E01000658,0,-1
2020302000471,2020,302000471,2,9,0,2,2,0,0,0,0,0,0,0,0,0,2,1,6,6,3,-1,-1,1461,2,2,MERCEDES A CLASS,-1,-1,0,-1
2020140957625,2020,140957625,1,9,0,18,19,6,2,0,0,0,0,0,0,0,1,1,5,6,1,28,6,2143,2,6,MERCEDES A CLASS,3,E01007525,0,-1
2020990925044,2020,990925044,1,9,0,18,19,2,7,0,0,0,0,0,0,0,1,1,6,6,2,25,5,1461,2,4,MERCEDES A CLASS,8,-1,0,-1
2020052001445,2020,052001445,1,9,0,18,19,4,8,0,0,8,0,0,0,0,1,1,6,6,2,43,7,1991,1,4,MERCEDES A CLASS,3,E01006719,0,-1
2020460998268,2020,460998268,2,9,0,18,19,8,4,0,0,0,0,0,0,0,2,1,6,6,1,22,5,1461,2,5,MERCEDES A CLASS,5,E01024254,0,-1
2020410919648,2020,410919648,1,9,0,9,9,7,5,0,0,2,0,0,0,0,1,1,6,6,3,-1,-1,1461,2,5,MERCEDES A CLASS,-1,-1,0,-1
2020010240255,2020,010240255,1,9,0,99,99,9,9,99,99,9,9,99,9,99,2,9,6,6,2,22,5,1461,2,5,MERCEDES A CLASS,10,E01002190,0,-1
2020040993620,2020,040993620,1,9,0,12,12,7,3,0,0,0,0,0,0,0,3,1,5,6,1,21,5,1332,1,0,MERCEDES A CLASS,1,E01012574,0,-1
2020451010998,2020,451010998,1,9,0,18,19,7,3,0,0,0,0,0,0,0,4,1,5,6,1,53,8,1461,2,2,MERCEDES A CLASS,10,E01030375,0,-1
2020410952033,2020,410952033,2,9,0,2,2,0,0,0,0,1,0,0,0,0,3,1,5,6,1,34,6,1461,2,2,MERCEDES A CLASS,10,E01023464,0,-1
202006L273385,2020,06L273385,2,9,0,18,19,5,1,0,0,8,0,0,0,0,4,1,6,6,2,29,6,1461,2,4,MERCEDES A CLASS,10,E01004965,0,-1
2020010278945,2020,010278945,2,9,0,9,9,7,5,0,0,8,0,0,0,0,4,1,6,6,1,55,8,1991,1,1,MERCEDES A CLASS,4,E01015952,0,-1
2020200930284,2020,200930284,2,9,0,18,19,3,7,0,0,8,0,0,0,0,1,1,6,6,1,30,6,1461,2,5,MERCEDES A CLASS,3,E01009619,0,-1