collision_index,collision_year,collision_ref_no,vehicle_reference,vehicle_type,towing_and_articulation,vehicle_manoeuvre_historic,vehicle_manoeuvre,vehicle_direction_from,vehicle_direction_to,vehicle_location_restricted_lane_historic,vehicle_location_restricted_lane,junction_location,skidding_and_overturning,hit_object_in_carriageway,vehicle_leaving_carriageway,hit_object_off_carriageway,first_point_of_impact,vehicle_left_hand_drive,journey_purpose_of_driver_historic,journey_purpose_of_driver,sex_of_driver,age_of_driver,age_band_of_driver,engine_capacity_cc,propulsion_code,age_of_vehicle,generic_make_model,driver_imd_decile,lsoa_of_driver,escooter_flag,driver_distance_banding
2020201002708,2020,201002708,2,9,0,18,19,8,4,0,0,8,0,0,0,0,4,1,6,6,1,24,5,1461,2,6,MERCEDES A CLASS,1,E01009353,0,-1
2020010264376,2020,010264376,1,9,0,99,99,9,9,99,99,9,9,99,9,99,2,9,6,6,3,-1,-1,1991,2,10,MERCEDES A CLASS,10,E01017691,0,-1
2020230958950,2020,230958950,1,9,0,18,19,8,4,0,0,8,0,0,0,0,1,1,5,6,1,26,6,1461,2,3,MERCEDES A CLASS,4,E01031052,0,-1
2020622000472,2020,622000472,1,9,0,17,19,6,3,0,0,0,0,0,0,0,1,1,6,6,2,28,6,2143,2,4,MERCEDES A CLASS,1,W01001704,0,-1
2020460985544,2020,460985544,4,9,0,18,19,3,7,0,0,2,0,0,0,0,3,1,5,6,1,67,10,1991,2,9,MERCEDES A CLASS,6,E01024094,0,-1
2020010254630,2020,010254630,2,9,0,99,99,9,9,99,99,9,9,99,9,99,1,9,6,6,3,55,8,1461,2,6,MERCEDES A CLASS,3,E01003113,0,-1
2020160921768,2020,160921768,1,9,0,4,4,7,3,0,0,0,0,0,0,0,2,1,2,2,2,44,7,1595,1,3,MERCEDES A CLASS,7,E01012815,0,-1
2020990931979,2020,990931979,1,9,0,7,7,6,1,0,0,6,0,0,0,0,1,1,2,2,2,26,6,1461,2,5,MERCEDES A CLASS,9,-1,0,-1
2020040930655,2020,040930655,1,9,0,18,19,5,1,0,0,0,2,0,0,0,1,1,5,6,1,22,5,1991,1,5,MERCEDES A CLASS,2,E01004847,0,-1
2020137371208,2020,137371208,1,9,0,18,19,7,3,0,0,8,0,0,0,0,1,1,6,6,1,30,6,1461,2,4,MERCEDES A CLASS,1,E01010800,0,-1
2020010264479,2020,010264479,2,9,0,99,99,9,9,99,99,9,9,99,9,99,9,9,6,6,3,-1,-1,1332,1,1,MERCEDES A CLASS,7,E01021336,0,-1
202006M272141,2020,06M272141,2,9,0,10,10,4,3,0,0,8,0,0,0,0,2,1,2,2,2,27,6,1595,1,2,MERCEDES A CLASS,6,E01005114,0,-1
2020010233855,2020,010233855,2,9,0,18,19,1,5,0,0,0,5,0,0,0,1,1,6,6,1,20,4,1498,1,13,MERCEDES A CLASS,3,E01000553,0,-1
2020460981522,2020,460981522,1,9,0,16,19,6,2,0,0,0,0,0,0,0,4,1,2,2,1,28,6,2143,2,6,MERCEDES A CLASS,6,E01024034,0,-1
2020350963482,2020,350963482,2,9,0,5,5,8,1,0,0,0,0,0,0,0,4,1,6,6,1,22,5,1461,2,2,MERCEDES A CLASS,2,E01015601,0,-1
2020010239162,2020,010239162,1,9,0,9,9,2,7,0,0,8,0,0,0,0,3,1,6,6,2,25,5,1461,2,2,MERCEDES A CLASS,3,E01003534,0,-1
2020622000416,2020,622000416,1,9,0,4,4,2,6,0,0,1,0,10,3,11,1,1,6,6,1,28,6,1397,1,17,MERCEDES A CLASS,4,W01001220,0,-1
2020010285920,2020,010285920,2,9,9,99,99,9,9,99,99,9,9,99,9,99,1,9,6,6,3,-1,-1,1332,1,0,MERCEDES A CLASS,-1,-1,0,-1
2020010274603,2020,010274603,1,9,0,99,99,9,9,99,99,9,9,99,9,99,1,9,6,6,2,43,7,1332,1,1,MERCEDES A CLASS,2,E01023338,0,-1
2020010264093,2020,010264093,1,9,0,18,19,8,4,2,2,0,0,0,0,0,4,1,1,1,1,54,8,1461,2,1,MERCEDES A CLASS,2,E01000154,0,-1
2020010280771,2020,010280771,1,9,0,18,19,3,7,0,0,8,0,0,0,0,2,1,6,6,1,62,9,1595,1,2,MERCEDES A CLASS,9,E01003158,0,-1
2020360958457,2020,360958457,1,9,0,18,19,4,8,0,0,0,0,0,0,0,1,1,5,6,2,32,6,1332,1,2,MERCEDES A CLASS,7,E01005699,0,-1
2020170H10230,2020,170H10230,1,9,0,18,19,4,8,0,0,0,0,0,0,0,3,1,6,6,2,50,8,1498,1,8,MERCEDES A CLASS,1,E01012001,0,-1
2020400989259,2020,400989259,2,9,0,18,19,6,2,0,0,0,0,0,0,0,1,1,5,6,1,29,6,2143,2,6,MERCEDES A CLASS,3,E01017536,0,-1
202031D016620,2020,31D016620,1,9,0,9,9,5,4,0,0,6,0,0,0,0,1,1,6,6,2,70,10,1595,1,3,MERCEDES A CLASS,7,E01028406,0,-1
202006A277941,2020,06A277941,1,9,0,7,7,4,6,0,0,5,0,0,0,0,3,1,6,6,3,-1,-1,1461,2,0,MERCEDES A CLASS,-1,-1,0,-1
2020010283945,2020,010283945,2,9,0,18,19,1,5,0,0,4,0,0,0,0,1,1,6,6,1,27,6,1595,1,3,MERCEDES A CLASS,3,E01002215,0,-1
2020370984884,2020,370984884,2,9,0,4,4,5,1,0,0,0,0,0,0,0,2,1,2,2,2,26,6,2143,2,4,MERCEDES A CLASS,8,E01026551,0,-1
2020545938920,2020,545938920,2,9,0,18,19,2,6,0,0,1,0,0,0,0,2,1,6,6,1,27,6,1461,2,6,MERCEDES A CLASS,2,E01032086,0,-1
2020010240725,2020,010240725,3,9,0,2,2,0,0,0,0,0,0,0,0,0,1,1,6,6,3,-1,-1,2143,2,5,MERCEDES A CLASS,-1,-1,0,-1
2020052000639,2020,052000639,2,9,0,18,19,3,7,0,0,0,0,0,0,0,1,1,6,6,2,41,7,1461,2,6,MERCEDES A CLASS,2,E01006782,0,-1
2020010256450,2020,010256450,1,9,0,4,4,3,7,0,0,8,0,0,0,0,2,1,2,2,2,29,6,1461,2,6,MERCEDES A CLASS,5,E01003155,0,-1
2020010264047,2020,010264047,2,9,0,99,99,9,9,99,99,0,9,99,9,99,9,9,6,6,3,-1,-1,2143,2,2,MERCEDES A CLASS,-1,-1,0,-1
2020010253138,2020,010253138,2,9,0,18,19,6,2,0,0,8,0,0,0,0,1,1,6,6,2,37,7,1461,2,1,MERCEDES A CLASS,2,E01000600,0,-1
2020010263778,2020,010263778,2,9,0,15,15,3,7,0,0,8,0,0,0,0,1,1,6,6,1,54,8,1461,2,0,MERCEDES A CLASS,3,E01003734,0,-1
2020170H10250,2020,170H10250,1,9,0,18,19,1,5,0,0,2,0,0,4,6,3,1,6,6,2,22,5,1461,2,4,MERCEDES A CLASS,7,E01011959,0,-1
2020052001587,2020,052001587,2,9,0,18,19,6,2,0,0,1,0,0,0,0,1,1,1,1,1,27,6,1461,2,3,MERCEDES A CLASS,4,E01006617,0,-1
2020200965892,2020,200965892,1,9,0,18,19,2,6,0,0,0,1,7,7,3,4,1,1,1,1,63,9,1461,2,3,MERCEDES A CLASS,2,E01010240,0,-1
2020040958693,2020,040958693,2,9,0,18,19,3,7,0,0,0,0,0,0,0,1,1,5,6,2,28,6,1461,2,4,MERCEDES A CLASS,8,E01025174,0,-1
2020990921821,2020,990921821,1,9,0,18,19,1,5,0,0,1,0,0,1,0,1,1,6,6,1,22,5,2143,2,4,MERCEDES A CLASS,1,-1,0,-1
2020370923788,2020,370923788,1,9,0,18,19,5,1,0,0,1,0,0,0,0,1,1,2,2,1,26,6,1498,1,14,MERCEDES A CLASS,9,E01030034,0,-1
2020010279437,2020,010279437,2,9,9,99,99,9,9,0,0,4,0,0,0,0,9,9,6,6,3,-1,-1,2143,2,6,MERCEDES A CLASS,-1,-1,0,-1
2020460953668,2020,460953668,1,9,0,18,19,1,5,0,0,0,1,0,8,0,1,1,5,6,2,25,5,1461,2,6,MERCEDES A CLASS,2,E01001653,0,-1
2020200938347,2020,200938347,2,9,0,18,19,2,6,0,0,8,0,0,0,0,0,1,6,6,2,31,6,2143,2,5,MERCEDES A CLASS,1,E01009490,0,-1
2020010264017,2020,010264017,1,9,0,4,4,5,1,0,0,5,0,0,0,0,0,1,6,6,1,32,6,2143,2,3,MERCEDES A CLASS,2,E01001703,0,-1
2020430282969,2020,430282969,1,9,0,13,13,7,3,0,0,1,0,0,0,0,4,1,6,6,2,43,7,1498,1,11,MERCEDES A CLASS,-1,-1,0,-1
2020010271003,2020,010271003,1,9,0,5,5,1,5,0,0,4,0,0,0,0,4,1,6,6,2,34,6,1461,2,4,MERCEDES A CLASS,2,E01001437,0,-1
2020010260354,2020,010260354,3,9,0,7,7,5,7,0,0,6,0,0,0,0,1,1,6,6,2,28,6,1461,2,3,MERCEDES A CLASS,3,E01003571,0,-1
2020052000964,2020,052000964,2,9,0,18,19,3,7,0,0,1,0,0,0,0,1,1,6,6,1,19,4,1461,2,4,MERCEDES A CLASS,3,E01006627,0,-1
2020470935461,2020,470935461,4,9,0,3,3,6,2,0,0,1,0,0,0,0,2,1,6,6,1,77,11,1498,1,12,MERCEDES A CLASS,10,E01031383,0,-1
202006J175878,2020,06J175878,2,9,0,3,3,1,5,0,0,1,0,0,0,0,1,1,6,6,1,19,4,1796,2,7,MERCEDES A CLASS,9,E01005865,0,-1
2020401011960,2020,401011960,1,9,0,9,9,5,2,0,0,1,0,0,0,0,1,1,6,6,1,21,5,1595,1,5,MERCEDES A CLASS,7,E01017516,0,-1
202006E470304,2020,06E470304,1,9,0,17,19,8,5,0,0,8,0,0,0,0,4,1,6,6,3,-1,-1,1461,2,3,MERCEDES A CLASS,-1,-1,0,-1
2020010271181,2020,010271181,2,9,0,99,99,9,9,99,99,9,9,99,9,99,3,9,6,6,3,37,7,1595,1,3,MERCEDES A CLASS,4,E01001050,0,-1
2020010278986,2020,010278986,2,9,0,99,99,9,9,99,99,9,9,99,9,99,1,9,6,6,3,-1,-1,1498,1,15,MERCEDES A CLASS,3,E01001602,0,-1
2020010234748,2020,010234748,2,9,0,99,99,9,9,99,99,9,9,99,9,99,1,9,6,6,3,-1,-1,1595,1,7,MERCEDES A CLASS,-1,-1,0,-1
2020010278737,2020,010278737,2,9,0,10,10,5,3,0,0,6,0,0,0,0,1,1,6,6,2,24,5,1461,2,6,MERCEDES A CLASS,4,E01003632,0,-1
2020201007080,2020,201007080,1,9,0,18,19,-1,-1,0,0,0,0,0,0,0,1,1,6,6,3,-1,-1,1461,2,4,MERCEDES A CLASS,-1,-1,0,-1
2020220966146,2020,220966146,1,9,0,9,9,5,2,0,0,0,0,0,0,0,3,1,6,6,1,46,8,1796,2,8,MERCEDES A CLASS,2,E01032453,0,-1
2020137181658,2020,137181658,2,9,0,9,9,1,7,0,0,8,0,0,0,0,4,1,6,6,2,22,5,2143,2,5,MERCEDES A CLASS,3,E01010571,0,-1
2020221006232,2020,221006232,1,9,0,17,19,2,7,0,0,8,0,0,0,0,1,1,6,6,1,33,6,1332,1,1,MERCEDES A CLASS,9,E01032257,0,-1
2020040953540,2020,040953540,2,9,0,8,8,7,1,0,0,1,0,0,0,0,2,1,5,6,1,19,4,1461,2,2,MERCEDES A CLASS,5,E01025304,0,-1
202006A368541,2020,06A368541,2,8,0,3,3,5,1,0,0,1,0,0,0,0,2,1,6,6,2,30,6,2143,2,4,-1,8,E01019747,0,-1
2020451004146,2020,451004146,1,9,0,18,19,4,2,0,0,0,0,0,0,0,4,1,2,2,2,34,6,1461,2,6,MERCEDES A CLASS,9,E01024299,0,-1
2020010243219,2020,010243219,1,9,0,99,99,9,9,99,99,9,9,99,9,99,9,1,6,6,2,24,5,1950,2,0,MERCEDES A CLASS,4,E01001945,0,-1
2020010256224,2020,010256224,1,9,0,9,9,1,7,0,0,1,0,0,0,0,3,1,6,6,1,28,6,1332,1,1,MERCEDES A CLASS,1,E01001839,0,-1
2020010231132,2020,010231132,1,9,0,9,9,5,2,0,0,5,0,0,0,0,1,1,1,1,1,38,7,1461,2,5,MERCEDES A CLASS,2,E01004004,0,-1
202031C107220,2020,31C107220,1,9,0,18,19,7,3,0,0,2,0,0,0,0,3,1,6,6,1,37,7,1796,2,6,MERCEDES A CLASS,3,E01028187,0,-1
2020010242972,2020,010242972,1,9,0,99,99,9,9,99,99,9,9,99,9,99,2,9,6,6,1,25,5,1461,2,3,MERCEDES A CLASS,5,E01004021,0,-1
202006J170433,2020,06J170433,2,9,0,2,2,0,0,0,0,0,0,0,0,0,2,1,6,6,2,73,10,2143,2,4,MERCEDES A CLASS,10,E01005803,0,-1
2020990953121,2020,990953121,2,9,0,2,2,0,0,0,0,0,0,0,1,0,2,1,6,6,1,72,10,1498,1,14,MERCEDES A CLASS,2,-1,0,-1
2020340W05822,2020,340W05822,2,9,0,18,19,3,7,0,0,8,0,0,0,0,1,1,6,6,2,43,7,1992,2,15,MERCEDES A CLASS,2,E01027314,0,-1
2020320566753,2020,320566753,2,9,0,9,9,3,1,0,0,8,0,0,0,0,2,1,6,6,1,23,5,1461,2,7,MERCEDES A CLASS,5,E01028122,0,-1
2020010280896,2020,010280896,1,9,0,99,99,9,9,99,99,9,9,99,9,99,2,9,2,2,1,39,7,2143,2,3,MERCEDES A CLASS,7,E01003003,0,-1
2020010232423,2020,010232423,2,9,0,99,99,9,9,99,99,0,9,99,9,99,2,9,6,6,3,-1,-1,1498,1,9,MERCEDES A CLASS,-1,-1,0,-1
2020470917058,2020,470917058,1,9,0,16,19,5,8,0,0,0,0,0,1,11,1,1,5,6,1,21,5,1461,2,4,MERCEDES A CLASS,9,E01031728,0,-1
2020040918814,2020,040918814,1,9,0,18,19,5,1,0,0,0,0,0,1,11,1,1,5,6,1,21,5,1461,2,4,MERCEDES A CLASS,3,E01024866,0,-1
2020990959310,2020,990959310,1,9,0,18,19,7,4,0,0,0,0,0,0,0,1,1,5,6,2,40,7,1461,2,4,MERCEDES A CLASS,-1,-1,0,-1
2020350988624,2020,350988624,2,9,0,18,19,4,1,0,0,8,0,0,0,0,1,1,2,2,2,29,6,1461,2,5,MERCEDES A CLASS,8,E01018276,0,-1
2020200999241,2020,200999241,2,9,0,9,9,4,2,0,0,5,0,0,0,0,1,1,2,2,2,33,6,1461,2,5,MERCEDES A CLASS,3,E01010083,0,-1
2020070045729,2020,070045729,1,9,0,18,19,7,3,0,0,1,0,0,0,0,1,1,6,6,2,33,6,1992,2,12,MERCEDES A CLASS,-1,-1,0,-1
202031C150820,2020,31C150820,1,9,0,7,7,2,4,0,0,5,0,0,1,1,1,1,6,6,2,29,6,1461,2,3,MERCEDES A CLASS,5,E01013831,0,-1
2020010274068,2020,010274068,1,9,0,9,9,1,6,0,0,1,0,0,0,0,3,1,2,2,2,28,6,1461,2,0,MERCEDES A CLASS,4,E01023337,0,-1
20201372S0847,2020,1372S0847,1,9,0,2,2,5,1,0,0,1,0,0,0,7,1,1,6,6,2,20,4,1461,2,1,MERCEDES A CLASS,9,E01011398,0,-1
2020010266999,2020,010266999,1,9,0,99,99,9,9,99,99,9,9,99,9,99,2,9,2,2,2,26,6,1461,2,3,MERCEDES A CLASS,6,E01001519,0,-1
202006K272757,2020,06K272757,2,9,0,4,4,7,3,0,0,1,0,0,0,0,2,1,1,1,1,38,7,1461,2,7,MERCEDES A CLASS,2,E01004928,0,-1
2020052002456,2020,052002456,2,9,0,18,19,1,5,0,0,0,0,0,0,0,2,1,6,6,2,26,6,1461,2,4,MERCEDES A CLASS,1,E01006605,0,-1
2020440242534,2020,440242534,1,9,0,9,9,3,1,0,0,8,0,0,0,0,3,1,6,6,2,47,8,1598,1,16,MERCEDES A CLASS,6,E01023199,0,-1
2020500979148,2020,500979148,1,9,0,10,10,1,5,0,0,1,0,0,0,0,3,1,5,6,1,80,11,1461,2,6,MERCEDES A CLASS,9,E01029744,0,-1
2020160984754,2020,160984754,2,9,0,10,10,8,7,0,0,5,0,0,1,0,2,1,6,6,2,30,6,1461,2,2,MERCEDES A CLASS,1,E01011318,0,-1
2020450975186,2020,450975186,3,9,0,18,19,6,2,0,0,0,0,0,0,0,2,1,5,6,1,66,10,2143,2,2,MERCEDES A CLASS,5,E01015519,0,-1
2020440437581,2020,440437581,1,9,0,9,9,4,3,0,0,8,0,0,0,0,3,1,6,6,1,88,11,1498,1,13,MERCEDES A CLASS,10,E01022855,0,-1
2020411005470,2020,411005470,1,9,0,18,19,1,3,0,0,0,5,10,3,9,1,1,5,6,1,47,8,1498,1,14,MERCEDES A CLASS,5,E01023782,0,-1
2020622000398,2020,622000398,1,9,0,18,19,2,6,0,0,0,5,7,0,0,1,1,2,2,1,34,6,1397,1,16,MERCEDES A CLASS,1,W01001699,0,-1
2020547307420,2020,547307420,2,9,0,4,4,2,6,0,0,1,0,0,0,0,2,1,6,6,1,51,8,2143,2,2,MERCEDES A CLASS,9,E01014957,0,-1
2020160946611,2020,160946611,2,9,0,18,19,4,8,0,0,0,0,0,0,0,0,1,6,6,2,46,8,1498,1,12,MERCEDES A CLASS,3,E01013233,0,-1
2020010275586,2020,010275586,2,9,9,99,99,9,9,99,99,9,9,99,9,99,9,9,6,6,1,25,5,1461,2,7,MERCEDES A CLASS,6,E01002169,0,-1
2020100981921,2020,100981921,1,9,0,4,4,5,1,0,0,0,0,0,0,0,1,1,6,6,2,27,6,1461,2,5,MERCEDES A CLASS,9,E01008580,0,-1
2020990996056,2020,990996056,1,9,0,10,10,1,7,0,0,1,0,0,0,0,3,1,1,1,1,24,5,2143,2,3,MERCEDES A CLASS,8,-1,0,-1
2020200963255,2020,200963255,2,9,0,18,19,4,8,0,0,0,0,0,0,0,4,1,6,6,2,52,8,2143,2,3,MERCEDES A CLASS,4,E01010424,0,-1
2020201020819,2020,201020819,1,9,0,18,19,4,8,0,0,0,0,0,0,0,1,1,6,6,2,37,7,2143,2,4,MERCEDES A CLASS,1,E01009384,0,-1
2020470950521,2020,470950521,2,9,0,2,2,0,0,6,6,2,0,0,0,0,2,1,5,6,2,50,8,1992,2,13,MERCEDES A CLASS,7,E01031349,0,-1
202031C107020,2020,31C107020,2,9,0,18,19,5,1,0,0,4,0,0,0,0,3,1,6,6,1,17,4,1595,1,5,MERCEDES A CLASS,-1,-1,0,-1
2020302000786,2020,302000786,1,9,0,9,9,8,4,0,0,1,0,0,0,0,4,1,6,6,1,45,7,1689,2,17,MERCEDES A CLASS,5,E01013551,0,-1
2020010243609,2020,010243609,2,9,0,18,19,3,7,0,0,0,0,0,0,0,0,1,6,6,1,21,5,1796,2,7,MERCEDES A CLASS,8,E01000823,0,-1
2020460945970,2020,460945970,1,9,0,11,11,4,7,0,0,0,1,0,0,0,1,1,2,2,2,22,5,1461,2,2,MERCEDES A CLASS,9,E01016147,0,-1
2020360939089,2020,360939089,1,9,0,1,1,3,5,0,0,0,0,4,0,0,3,1,5,6,1,83,11,1598,1,17,MERCEDES A CLASS,5,E01026789,0,-1
2020200995429,2020,200995429,1,9,0,18,19,6,2,0,0,2,0,0,0,0,3,1,6,6,1,37,7,1461,2,4,MERCEDES A CLASS,6,E01009676,0,-1
2020430255746,2020,430255746,1,9,0,18,19,7,3,0,0,8,0,0,0,0,3,1,6,6,2,19,4,1461,2,4,MERCEDES A CLASS,2,E01016458,0,-1
2020460965965,2020,460965965,3,9,0,2,2,0,0,0,0,0,0,0,0,0,1,1,6,6,3,-1,-1,2143,2,4,MERCEDES A CLASS,-1,-1,0,-1
2020420949917,2020,420949917,1,9,0,5,5,3,7,0,0,0,0,0,0,0,1,1,6,6,1,32,6,1461,2,6,MERCEDES A CLASS,9,E01021681,0,-1
2020430421002,2020,430421002,3,9,0,9,9,1,7,0,0,1,0,0,0,0,2,1,6,6,2,38,7,1461,2,2,MERCEDES A CLASS,-1,-1,0,-1
2020430282297,2020,430282297,1,9,0,18,19,6,2,0,0,1,0,0,0,0,4,1,6,6,1,79,11,1595,1,2,MERCEDES A CLASS,10,E01017764,0,-1
2020010239593,2020,010239593,1,9,0,3,3,1,5,99,99,9,9,0,0,0,2,1,2,2,2,39,7,1397,1,17,MERCEDES A CLASS,6,E01002618,0,-1
2020200934559,2020,200934559,1,9,0,18,19,6,2,0,0,0,0,0,0,0,2,1,1,1,1,41,7,1498,1,9,MERCEDES A CLASS,2,E01009233,0,-1
2020522001960,2020,522001960,2,9,0,18,19,3,7,0,0,8,0,0,0,0,1,1,6,6,1,37,7,1498,1,10,MERCEDES A CLASS,10,E01014618,0,-1
2020302000698,2020,302000698,2,9,0,5,5,2,8,0,0,4,0,0,0,0,2,1,6,6,2,50,8,2143,2,4,MERCEDES A CLASS,2,E01019505,0,-1
2020320648663,2020,320648663,1,9,0,18,19,3,7,0,0,2,0,0,3,0,1,1,6,6,1,19,4,2143,2,3,MERCEDES A CLASS,5,E01026034,0,-1
2020340K04632,2020,340K04632,1,9,0,18,19,2,6,0,0,3,0,0,0,0,1,1,6,6,2,60,9,1950,2,1,MERCEDES A CLASS,3,E01027312,0,-1
2020420973597,2020,420973597,1,9,0,18,19,5,1,0,0,0,1,0,1,4,1,1,6,6,3,-1,-1,1461,2,5,MERCEDES A CLASS,-1,-1,0,-1
2020990928376,2020,990928376,1,9,0,4,4,3,7,0,0,0,0,0,0,0,1,1,5,6,1,25,5,1461,2,1,MERCEDES A CLASS,5,-1,0,-1
2020010269401,2020,010269401,2,9,0,99,99,9,9,99,99,9,9,99,9,99,1,9,6,6,3,-1,-1,1689,2,17,MERCEDES A CLASS,4,E01001503,0,-1
2020010283848,2020,010283848,1,9,0,99,99,9,9,99,99,9,9,99,9,99,2,9,6,6,1,55,8,1461,2,1,MERCEDES A CLASS,2,E01003302,0,-1
2020440038834,2020,440038834,1,9,0,18,19,7,3,0,0,0,0,0,0,0,4,1,6,6,1,49,8,1332,1,1,MERCEDES A CLASS,6,E01017138,0,-1
2020400967142,2020,400967142,1,9,0,18,19,5,1,0,0,0,0,4,0,0,1,1,6,6,1,20,4,1461,2,2,MERCEDES A CLASS,9,E01017421,0,-1
2020110922533,2020,110922533,1,9,0,9,9,5,7,0,0,8,0,0,0,0,1,1,6,6,2,26,6,1461,2,6,MERCEDES A CLASS,4,E01012340,0,-1
2020370942736,2020,370942736,1,9,0,18,19,8,4,0,0,1,0,0,0,0,1,1,5,6,2,21,5,2143,2,4,MERCEDES A CLASS,6,E01029907,0,-1
2020010247206,2020,010247206,1,9,0,7,7,6,7,0,0,1,0,0,0,0,1,1,6,6,2,30,6,1461,2,5,MERCEDES A CLASS,2,E01001745,0,-1
2020140919286,2020,140919286,1,9,0,4,4,2,6,0,0,1,1,0,0,0,1,1,6,6,1,25,5,1332,1,2,MERCEDES A CLASS,2,E01007871,0,-1
2020400981979,2020,400981979,1,9,0,13,13,4,8,0,0,1,0,0,0,0,4,1,5,6,1,22,5,1461,2,3,MERCEDES A CLASS,6,E01017550,0,-1
2020361011186,2020,361011186,1,9,0,18,19,1,1,0,0,0,5,0,0,0,1,1,5,6,1,21,5,1461,2,6,MERCEDES A CLASS,4,E01026589,0,-1
2020201004767,2020,201004767,2,9,0,18,19,2,6,0,0,8,0,0,0,0,1,1,6,6,2,27,6,1461,2,3,MERCEDES A CLASS,6,E01009532,0,-1
2020010273154,2020,010273154,2,9,0,9,9,3,8,0,0,8,0,0,0,0,3,1,6,6,2,58,9,1397,1,17,MERCEDES A CLASS,9,E01003802,0,-1
2020200987470,2020,200987470,1,9,0,18,19,4,8,0,0,0,0,10,1,11,1,1,6,6,2,53,8,1461,2,1,MERCEDES A CLASS,10,E01009560,0,-1
202063A071120,2020,63A071120,1,9,0,18,19,2,5,0,0,4,0,0,0,0,1,1,6,6,2,41,7,2143,2,2,MERCEDES A CLASS,3,W01000714,0,-1
2020210975407,2020,210975407,3,9,0,3,3,6,2,0,0,1,0,0,0,0,2,1,6,6,2,47,8,1461,2,5,MERCEDES A CLASS,5,E01029795,0,-1
2020302000425,2020,302000425,2,9,0,5,5,2,6,0,0,0,0,0,0,0,2,1,6,6,2,55,8,1461,2,2,MERCEDES A CLASS,4,E01019676,0,-1
2020010278288,2020,010278288,1,9,0,18,19,5,1,0,0,1,0,0,1,4,1,1,2,2,1,19,4,2143,2,5,MERCEDES A CLASS,1,E01001549,0,-1
2020052001151,2020,052001151,1,9,0,18,19,5,1,0,0,6,0,0,0,0,3,1,6,6,1,48,8,1950,2,1,MERCEDES A CLASS,2,E01006497,0,-1
2020052000796,2020,052000796,2,9,0,3,3,1,3,0,0,1,0,0,0,0,4,1,6,6,2,45,7,1332,1,1,MERCEDES A CLASS,6,E01006900,0,-1
2020320348803,2020,320348803,3,9,0,18,19,2,7,0,0,0,0,0,0,0,1,1,6,6,1,38,7,1333,1,2,MERCEDES A CLASS,4,E01026081,0,-1
2020040922313,2020,040922313,1,9,0,18,19,5,1,0,0,1,0,0,0,0,1,1,5,6,1,26,6,2143,2,5,MERCEDES A CLASS,8,E01025191,0,-1
2020010230187,2020,010230187,2,9,0,99,99,9,9,99,99,0,9,99,9,99,1,9,6,6,3,-1,-1,2143,2,3,MERCEDES A CLASS,-1,-1,0,-1
2020470951608,2020,470951608,1,9,0,1,1,3,7,9,9,6,0,0,0,0,2,1,6,6,2,42,7,1332,1,0,MERCEDES A CLASS,6,E01031784,0,-1
2020040954217,2020,040954217,2,9,0,2,2,0,0,9,9,2,0,0,0,0,3,1,6,6,3,-1,-1,1992,2,13,MERCEDES A CLASS,-1,-1,0,-1
2020230975817,2020,230975817,2,9,0,18,19,2,6,0,0,8,0,0,0,0,4,1,5,6,1,20,4,1461,2,2,MERCEDES A CLASS,3,E01014126,0,-1
20201378H1255,2020,1378H1255,3,9,0,4,4,0,0,0,0,0,0,0,0,0,2,1,6,6,1,33,6,1796,2,6,MERCEDES A CLASS,1,E01011667,0,-1
2020450926473,2020,450926473,2,9,0,4,4,7,3,0,0,0,0,0,0,0,2,1,5,6,2,39,7,1595,1,5,MERCEDES A CLASS,6,E01002380,0,-1
2020200959776,2020,200959776,1,9,0,17,19,2,7,0,0,0,0,10,1,0,1,1,6,6,2,39,7,1796,2,6,MERCEDES A CLASS,3,E01007903,0,-1
20201378R0253,2020,1378R0253,1,9,0,18,19,7,3,0,0,0,0,0,1,11,1,1,6,6,1,-1,-1,2143,2,7,MERCEDES A CLASS,-1,-1,0,-1
2020010242969,2020,010242969,1,9,0,99,99,9,9,99,99,1,9,99,9,99,2,1,6,6,2,29,6,1461,2,4,MERCEDES A CLASS,7,E01001026,0,-1
2020010285286,2020,010285286,1,9,0,99,99,9,9,99,99,0,9,99,9,99,9,9,6,6,1,46,8,1397,1,17,MERCEDES A CLASS,1,E01002673,0,-1
2020010281490,2020,010281490,3,9,0,10,10,5,2,0,0,8,0,0,0,0,3,1,2,2,2,47,8,1498,1,8,MERCEDES A CLASS,10,E01003887,0,-1
2020160983037,2020,160983037,1,9,0,5,5,1,5,0,0,6,0,0,0,0,1,1,6,6,3,16,4,2143,2,7,MERCEDES A CLASS,-1,-1,0,-1