collision_index,collision_year,collision_ref_no,vehicle_reference,vehicle_type,towing_and_articulation,vehicle_manoeuvre_historic,vehicle_manoeuvre,vehicle_direction_from,vehicle_direction_to,vehicle_location_restricted_lane_historic,vehicle_location_restricted_lane,junction_location,skidding_and_overturning,hit_object_in_carriageway,vehicle_leaving_carriageway,hit_object_off_carriageway,first_point_of_impact,vehicle_left_hand_drive,journey_purpose_of_driver_historic,journey_purpose_of_driver,sex_of_driver,age_of_driver,age_band_of_driver,engine_capacity_cc,propulsion_code,age_of_vehicle,generic_make_model,driver_imd_decile,lsoa_of_driver,escooter_flag,driver_distance_banding
2020100921745,2020,100921745,2,9,0,17,19,3,7,0,0,0,0,0,0,0,4,1,5,6,2,26,6,1796,1,15,VAUXHALL VECTRA,3,E01027530,0,-1
2020552000314,2020,552000314,1,9,0,18,19,1,5,0,0,0,0,0,0,0,1,1,6,6,1,57,9,2198,1,18,VAUXHALL VECTRA,5,E01020427,0,-1
2020200981425,2020,200981425,2,9,0,18,19,4,8,0,0,0,0,0,0,0,0,1,6,6,1,45,7,1910,2,12,VAUXHALL VECTRA,7,E01009189,0,-1
2020420965946,2020,420965946,1,9,0,18,19,7,3,0,0,0,0,0,0,0,1,1,6,6,1,-1,-1,1910,2,12,VAUXHALL VECTRA,-1,-1,0,-1
2020990946690,2020,990946690,2,9,0,18,19,7,3,0,0,0,0,0,0,0,1,1,6,6,1,52,8,1796,1,12,VAUXHALL VECTRA,5,-1,0,-1
2020100949212,2020,100949212,1,9,0,18,19,5,1,0,0,0,0,0,0,0,1,1,6,6,1,32,6,1910,2,13,VAUXHALL VECTRA,6,E01008453,0,-1
2020410933675,2020,410933675,2,9,0,18,19,5,1,0,0,1,0,0,0,0,1,1,5,6,1,88,11,1796,1,18,VAUXHALL VECTRA,8,E01023692,0,-1
2020430236037,2020,430236037,2,9,0,16,19,7,2,0,0,0,0,0,0,0,3,1,1,1,1,56,9,1796,1,13,VAUXHALL VECTRA,8,E01023360,0,-1
2020302000427,2020,302000427,1,9,0,7,7,4,8,0,0,5,0,0,0,0,1,1,6,6,2,31,6,1796,1,15,VAUXHALL VECTRA,3,E01019657,0,-1
2020140926856,2020,140926856,3,9,0,9,9,3,1,0,0,1,0,0,0,0,-1,1,1,1,3,-1,-1,1796,1,15,VAUXHALL VECTRA,-1,-1,0,-1
202063D026120,2020,63D026120,1,9,0,17,19,6,3,0,0,0,0,0,0,0,1,1,6,6,1,60,9,2792,1,11,VAUXHALL VECTRA,8,W01000453,0,-1
2020070564356,2020,070564356,2,9,0,2,2,0,0,0,0,2,0,4,0,0,3,1,6,6,3,-1,-1,1796,1,12,VAUXHALL VECTRA,8,E01018345,0,-1
2020100983534,2020,100983534,1,9,0,18,19,1,5,0,0,0,1,10,1,0,1,1,5,6,1,22,5,1796,1,13,VAUXHALL VECTRA,4,E01008809,0,-1
2020320351872,2020,320351872,1,9,0,18,19,8,4,0,0,2,0,0,0,0,1,1,6,6,1,35,6,1910,2,12,VAUXHALL VECTRA,2,E01026011,0,-1
2020340K08402,2020,340K08402,1,9,0,5,5,5,1,0,0,8,0,0,0,0,1,1,6,6,1,52,8,1910,2,15,VAUXHALL VECTRA,3,E01027111,0,-1
2020990990171,2020,990990171,1,9,0,16,19,6,1,0,0,0,0,0,7,0,1,1,5,6,1,25,5,1910,2,13,VAUXHALL VECTRA,-1,-1,0,-1
2020230999041,2020,230999041,1,9,0,18,19,8,4,0,0,0,2,0,2,7,2,1,5,6,2,52,8,1910,2,12,VAUXHALL VECTRA,1,E01010370,0,-1
2020200976987,2020,200976987,1,9,0,9,9,7,3,9,9,8,0,0,0,0,1,1,6,6,1,58,9,1910,2,13,VAUXHALL VECTRA,1,E01008962,0,-1
2020010258796,2020,010258796,2,9,0,99,99,9,9,99,99,9,9,99,9,99,1,9,6,6,3,-1,-1,1910,2,15,VAUXHALL VECTRA,-1,-1,0,-1
2020350926389,2020,350926389,3,9,0,9,9,7,5,0,0,5,0,0,0,0,0,1,6,6,2,31,6,1796,1,12,VAUXHALL VECTRA,3,E01015624,0,-1
2020320682791,2020,320682791,1,9,0,16,19,5,1,0,0,2,0,0,7,1,1,1,6,6,1,22,5,1796,1,18,VAUXHALL VECTRA,-1,-1,0,-1
2020010276052,2020,010276052,1,9,0,10,10,1,6,0,0,5,0,0,0,0,3,1,1,1,1,35,6,1796,1,12,VAUXHALL VECTRA,-1,-1,0,-1
2020161004168,2020,161004168,2,9,0,18,19,6,2,0,0,1,0,0,0,0,3,1,6,6,1,30,6,1910,2,12,VAUXHALL VECTRA,5,E01013287,0,-1
2020990983088,2020,990983088,1,9,0,16,19,6,3,0,0,0,0,0,1,11,1,1,5,6,1,45,7,1796,1,12,VAUXHALL VECTRA,3,E01006061,0,-1
2020140988735,2020,140988735,1,9,0,18,19,3,7,0,0,0,1,0,0,0,1,1,5,6,1,20,4,1910,2,15,VAUXHALL VECTRA,1,E01007737,0,-1
2020350968294,2020,350968294,2,9,0,18,19,5,1,0,0,0,0,0,0,0,2,1,5,6,1,24,5,1796,1,12,VAUXHALL VECTRA,4,E01026661,0,-1
2020200958424,2020,200958424,1,9,0,18,19,7,3,0,0,8,0,0,0,0,1,1,6,6,1,47,8,1796,1,15,VAUXHALL VECTRA,4,E01009866,0,-1
2020010243021,2020,010243021,1,9,0,3,3,1,5,0,0,1,0,0,0,0,2,1,2,2,2,52,8,2198,1,14,VAUXHALL VECTRA,2,E01000992,0,-1
202006J373789,2020,06J373789,1,9,0,5,5,1,5,0,0,1,0,0,0,0,1,1,6,6,1,30,6,2198,1,13,VAUXHALL VECTRA,1,E01005270,0,-1
2020332000104,2020,332000104,1,9,0,9,9,8,6,0,0,8,0,0,0,0,1,1,6,6,1,85,11,1910,2,15,VAUXHALL VECTRA,-1,-1,0,-1
202031C046620,2020,31C046620,1,9,0,9,9,6,4,0,0,5,0,0,0,0,4,1,6,6,2,51,8,1796,1,12,VAUXHALL VECTRA,2,E01013854,0,-1
2020170L20230,2020,170L20230,2,9,0,18,19,8,4,0,0,1,0,0,0,0,1,1,6,6,1,-1,-1,1910,2,15,VAUXHALL VECTRA,-1,-1,0,-1
2020548137420,2020,548137420,1,9,0,18,19,2,6,0,0,0,0,0,7,4,1,1,6,6,1,35,6,1796,1,13,VAUXHALL VECTRA,9,E01032049,0,-1
2020450952194,2020,450952194,1,9,0,18,19,7,3,0,0,8,0,0,0,0,1,1,1,1,1,42,7,1796,1,12,VAUXHALL VECTRA,9,E01030646,0,-1
2020522003132,2020,522003132,2,9,0,9,9,2,8,0,0,4,0,0,0,0,3,1,6,6,1,44,7,1796,1,13,VAUXHALL VECTRA,10,E01014878,0,-1
2020200949811,2020,200949811,2,9,0,18,19,4,8,0,0,4,0,0,0,0,1,1,1,1,1,38,7,1796,1,15,VAUXHALL VECTRA,2,E01009741,0,-1
2020010237292,2020,010237292,1,9,0,7,7,7,2,0,0,1,0,0,0,0,1,1,6,6,1,88,11,1796,1,13,VAUXHALL VECTRA,7,E01033728,0,-1
20201371B1375,2020,1371B1375,1,9,0,18,19,3,7,0,0,0,0,0,0,0,4,1,6,6,1,29,6,1910,2,11,VAUXHALL VECTRA,1,E01011504,0,-1
2020200946236,2020,200946236,1,8,0,9,9,8,6,0,0,6,0,0,0,0,1,1,6,6,1,36,7,1910,2,11,-1,1,E01010269,0,-1
2020052001178,2020,052001178,1,9,0,13,13,7,3,0,0,8,0,0,0,0,1,1,6,6,3,-1,-1,1796,1,12,VAUXHALL VECTRA,-1,-1,0,-1
2020137450006,2020,137450006,1,9,0,18,19,8,4,0,0,0,5,0,7,0,1,1,6,6,2,29,6,1910,2,16,VAUXHALL VECTRA,3,E01011307,0,-1
2020010253978,2020,010253978,1,9,0,9,9,6,4,0,0,8,0,0,0,0,1,1,6,6,2,66,10,1598,1,23,VAUXHALL VECTRA,6,E01002138,0,-1
2020340C03252,2020,340C03252,2,9,0,2,2,0,0,0,0,0,0,0,0,0,1,1,6,6,3,-1,-1,1796,1,15,VAUXHALL VECTRA,-1,-1,0,-1
2020100949087,2020,100949087,1,9,0,17,19,1,5,0,0,0,5,0,1,10,1,1,5,6,2,26,6,1910,2,13,VAUXHALL VECTRA,3,E01008263,0,-1
2020440132641,2020,440132641,1,9,0,17,19,1,5,0,0,0,0,0,8,4,1,1,6,6,2,37,7,1796,1,13,VAUXHALL VECTRA,7,E01032618,0,-1
2020100925973,2020,100925973,1,9,0,18,19,7,3,0,0,0,1,0,0,0,1,1,5,6,1,47,8,1796,1,14,VAUXHALL VECTRA,2,E01008428,0,-1
2020200989040,2020,200989040,1,9,0,7,7,1,3,0,0,6,0,0,0,0,1,1,6,6,1,37,7,1910,2,13,VAUXHALL VECTRA,1,E01008905,0,-1
2020460928033,2020,460928033,2,9,0,18,19,3,7,0,0,0,0,0,0,0,1,1,5,6,1,21,5,1796,1,12,VAUXHALL VECTRA,5,E01024033,0,-1
2020552000323,2020,552000323,1,9,0,9,9,5,7,9,9,0,1,10,1,11,1,1,6,6,1,56,9,1796,1,17,VAUXHALL VECTRA,9,E01015453,0,-1
2020110998743,2020,110998743,1,9,0,18,19,5,1,0,0,1,0,0,0,0,1,1,6,6,1,26,6,1796,1,13,VAUXHALL VECTRA,1,E01020745,0,-1
2020200951765,2020,200951765,1,9,0,18,19,1,5,0,0,0,1,0,0,0,1,1,6,6,1,19,4,1910,2,14,VAUXHALL VECTRA,3,E01009887,0,-1
202006K177430,2020,06K177430,1,9,0,4,4,7,3,0,0,0,0,0,0,1,1,1,6,6,1,34,6,1910,2,13,VAUXHALL VECTRA,5,E01004864,0,-1
2020552000327,2020,552000327,1,9,0,2,2,0,0,0,0,0,0,0,0,0,3,1,6,6,3,-1,-1,1796,1,12,VAUXHALL VECTRA,-1,-1,0,-1
20201371F1485,2020,1371F1485,4,9,0,18,19,1,5,0,0,0,0,0,0,0,4,1,1,1,2,40,7,1910,2,14,VAUXHALL VECTRA,-1,-1,0,-1
2020990962105,2020,990962105,1,9,0,18,19,8,4,0,0,0,2,0,7,0,1,1,6,6,1,51,8,1796,1,17,VAUXHALL VECTRA,5,-1,0,-1
2020340K06812,2020,340K06812,1,9,0,18,19,4,8,0,0,2,0,0,0,0,1,1,3,7,1,22,5,1910,2,13,VAUXHALL VECTRA,7,E01029991,0,-1
2020160970367,2020,160970367,2,9,0,5,5,7,3,0,0,6,0,0,0,0,1,1,6,6,1,-1,-1,1796,1,13,VAUXHALL VECTRA,3,E01013099,0,-1
2020430040311,2020,430040311,1,9,0,6,6,8,8,0,0,1,0,0,0,0,3,1,6,6,3,-1,-1,1910,2,14,VAUXHALL VECTRA,-1,-1,0,-1
2020302000332,2020,302000332,3,9,0,2,2,0,0,0,0,0,0,0,0,0,3,1,6,6,3,-1,-1,1796,1,15,VAUXHALL VECTRA,-1,-1,0,-1
202031C018320,2020,31C018320,3,9,0,3,3,6,2,0,0,0,0,0,0,0,2,1,6,6,2,46,8,1796,1,16,VAUXHALL VECTRA,3,E01013510,0,-1
2020070214366,2020,070214366,2,8,0,14,14,1,7,0,0,8,0,0,0,0,1,1,1,1,1,52,8,1910,2,13,-1,3,E01012497,0,-1
2020990963102,2020,990963102,1,9,0,13,13,1,5,0,0,1,0,0,0,0,4,1,6,6,3,-1,-1,1796,1,14,VAUXHALL VECTRA,-1,-1,0,-1
2020110985968,2020,110985968,2,9,0,5,5,6,2,0,0,1,0,0,0,0,4,1,6,6,1,33,6,1910,2,12,VAUXHALL VECTRA,4,E01020633,0,-1
2020320153873,2020,320153873,1,9,0,17,19,5,1,0,0,0,0,0,1,4,1,1,3,7,2,32,6,1796,1,12,VAUXHALL VECTRA,5,E01026409,0,-1
2020137340386,2020,137340386,1,9,0,18,19,1,5,0,0,0,0,0,0,0,4,1,2,2,1,31,6,1910,2,14,VAUXHALL VECTRA,5,E01011263,0,-1
2020351001816,2020,351001816,1,9,0,5,5,6,2,0,0,2,0,0,0,0,3,1,3,7,1,41,7,1796,1,16,VAUXHALL VECTRA,1,E01015637,0,-1
2020552000503,2020,552000503,2,9,0,18,19,7,3,0,0,0,0,0,0,0,1,1,2,2,1,38,7,2792,1,13,VAUXHALL VECTRA,7,E01020549,0,-1
2020010242863,2020,010242863,1,9,0,18,19,5,1,0,0,8,0,0,0,0,3,1,6,6,1,33,6,1796,1,13,VAUXHALL VECTRA,2,E01004197,0,-1
2020501001846,2020,501001846,1,9,0,17,19,3,8,0,0,1,0,0,0,0,4,1,6,6,1,65,9,1796,1,13,VAUXHALL VECTRA,7,E01018786,0,-1
2020400984092,2020,400984092,1,9,0,4,4,1,5,0,0,1,0,11,0,0,1,1,6,6,1,35,6,1796,1,14,VAUXHALL VECTRA,4,E01015750,0,-1
2020460980942,2020,460980942,2,9,0,18,19,5,1,0,0,1,0,0,0,0,1,1,6,6,1,25,5,1910,2,12,VAUXHALL VECTRA,5,E01024191,0,-1
2020501007521,2020,501007521,1,9,0,18,19,8,3,0,0,0,0,0,3,1,1,1,5,6,2,33,6,1910,2,13,VAUXHALL VECTRA,5,E01020137,0,-1
2020401004782,2020,401004782,1,9,0,18,19,1,5,0,0,0,0,0,0,0,1,1,5,6,1,56,9,1796,1,13,VAUXHALL VECTRA,7,E01017420,0,-1
2020100922351,2020,100922351,1,8,0,18,19,7,3,0,0,5,0,0,0,0,1,1,1,1,1,31,6,1910,2,12,-1,3,E01008406,0,-1
2020160929646,2020,160929646,1,9,0,18,19,8,4,0,0,8,0,0,0,0,1,1,5,6,1,35,6,1910,2,12,VAUXHALL VECTRA,3,E01012868,0,-1
2020052002572,2020,052002572,2,9,0,18,19,8,4,0,0,1,0,0,0,0,1,1,6,6,1,63,9,1910,2,13,VAUXHALL VECTRA,1,E01007138,0,-1
2020170M11670,2020,170M11670,2,9,0,9,9,2,8,0,0,8,0,0,0,0,1,1,6,6,1,78,11,1796,1,15,VAUXHALL VECTRA,1,E01012082,0,-1
2020100915427,2020,100915427,2,9,0,18,19,5,1,0,0,1,0,0,0,0,3,1,6,6,1,60,9,1910,2,14,VAUXHALL VECTRA,7,E01008552,0,-1
2020100957184,2020,100957184,1,9,0,17,19,2,6,0,0,0,1,0,1,11,1,1,5,6,1,34,6,2597,1,19,VAUXHALL VECTRA,-1,-1,0,-1
2020170S11670,2020,170S11670,1,9,0,13,13,2,6,0,0,1,0,0,1,11,4,1,6,6,3,-1,-1,1796,1,12,VAUXHALL VECTRA,-1,-1,0,-1
2020548740620,2020,548740620,1,9,0,16,19,8,2,0,0,5,2,0,8,4,1,1,6,6,1,23,5,1796,1,15,VAUXHALL VECTRA,4,E01032019,0,-1
2020460971861,2020,460971861,1,9,0,18,19,1,5,0,0,0,0,0,0,0,4,1,6,6,1,-1,-1,2958,2,14,VAUXHALL VECTRA,2,E01024020,0,-1
2020141009171,2020,141009171,1,9,0,5,5,6,4,6,6,0,0,0,0,0,1,1,5,6,2,23,5,1910,2,12,VAUXHALL VECTRA,1,E01007450,0,-1
2020010229369,2020,010229369,2,9,0,99,99,9,9,99,99,9,9,99,9,99,1,9,6,6,3,-1,-1,1910,2,15,VAUXHALL VECTRA,-1,-1,0,-1
2020990932815,2020,990932815,1,9,0,18,19,7,3,0,0,0,0,0,0,0,1,1,5,6,1,52,8,1796,1,13,VAUXHALL VECTRA,2,-1,0,-1
20201379I1153,2020,1379I1153,1,9,0,5,5,1,5,0,0,0,0,0,0,0,4,1,6,6,1,70,10,1796,1,13,VAUXHALL VECTRA,-1,-1,0,-1
2020010273051,2020,010273051,2,9,0,14,14,1,5,0,0,1,0,0,7,11,1,1,6,6,1,25,5,1910,2,14,VAUXHALL VECTRA,-1,-1,0,-1
2020161007743,2020,161007743,2,9,0,18,19,7,3,0,0,1,0,0,0,0,1,1,5,6,1,44,7,1910,2,12,VAUXHALL VECTRA,1,E01013299,0,-1
202031B079720,2020,31B079720,2,9,0,18,19,1,5,0,0,0,0,0,0,0,3,1,6,6,1,37,7,1910,2,15,VAUXHALL VECTRA,4,E01028343,0,-1
2020220938454,2020,220938454,2,9,0,2,2,0,0,0,0,2,0,4,0,0,2,1,5,6,1,53,8,1796,1,12,VAUXHALL VECTRA,6,E01014095,0,-1
2020230920078,2020,230920078,2,9,0,18,19,8,4,0,0,8,0,0,0,0,1,1,5,6,1,27,6,1910,2,15,VAUXHALL VECTRA,7,E01031198,0,-1
2020990974679,2020,990974679,2,9,0,18,19,4,8,0,0,1,0,0,0,0,2,1,5,6,1,36,7,1910,2,12,VAUXHALL VECTRA,5,-1,0,-1
2020040961867,2020,040961867,2,9,0,7,7,3,6,0,0,0,0,0,0,0,2,1,5,6,1,83,11,1796,1,20,VAUXHALL VECTRA,1,E01012675,0,-1
2020160949442,2020,160949442,1,9,0,10,10,6,4,0,0,2,0,0,0,0,2,1,6,6,1,46,8,1910,2,13,VAUXHALL VECTRA,4,E01012901,0,-1
202031C006820,2020,31C006820,1,9,0,18,19,4,8,0,0,1,0,0,0,0,4,1,2,2,1,35,6,1796,1,13,VAUXHALL VECTRA,1,E01013849,0,-1
2020320124567,2020,320124567,2,9,0,18,19,7,3,0,0,8,0,0,7,11,4,1,6,6,1,77,11,1796,1,15,VAUXHALL VECTRA,4,E01026259,0,-1
202006J177227,2020,06J177227,1,9,0,18,19,1,5,0,0,2,0,0,0,0,4,1,6,6,2,30,6,1796,1,12,VAUXHALL VECTRA,-1,-1,0,-1
2020200966028,2020,200966028,4,9,0,2,2,0,0,0,0,0,0,10,1,0,4,1,6,6,3,-1,-1,1910,2,12,VAUXHALL VECTRA,-1,-1,0,-1
2020122001246,2020,122001246,2,9,0,18,19,3,7,0,0,8,0,0,0,0,1,1,6,6,2,72,10,1796,1,12,VAUXHALL VECTRA,8,E01027691,0,-1
2020040949476,2020,040949476,1,9,0,17,19,7,3,0,0,0,0,0,0,0,1,1,5,6,1,20,4,1910,2,15,VAUXHALL VECTRA,5,E01025605,0,-1
2020450927884,2020,450927884,1,9,0,17,19,5,1,0,0,0,1,0,7,3,1,1,2,2,1,45,7,1910,2,12,VAUXHALL VECTRA,10,E01031646,0,-1
2020430116343,2020,430116343,1,9,0,18,19,8,4,0,0,4,0,0,0,0,1,1,6,6,1,63,9,1796,1,17,VAUXHALL VECTRA,3,E01016804,0,-1
2020320459142,2020,320459142,2,9,0,18,19,1,5,0,0,0,0,0,1,0,1,1,2,2,2,44,7,1910,2,12,VAUXHALL VECTRA,3,E01026134,0,-1
2020440458662,2020,440458662,1,9,0,18,19,7,3,0,0,0,1,0,1,4,3,1,2,2,1,43,7,1910,2,11,VAUXHALL VECTRA,-1,-1,0,-1
2020220924258,2020,220924258,1,9,0,9,9,4,2,0,0,6,0,0,0,0,1,1,6,6,1,40,7,1796,1,13,VAUXHALL VECTRA,5,E01028904,0,-1
2020460942739,2020,460942739,3,9,0,2,2,0,0,0,0,0,0,0,0,0,2,1,5,6,1,-1,-1,1910,2,15,VAUXHALL VECTRA,-1,-1,0,-1
2020302001488,2020,302001488,1,9,0,10,10,7,5,0,0,1,0,0,7,9,2,1,6,6,2,34,6,1910,2,13,VAUXHALL VECTRA,6,E01019629,0,-1
2020548589220,2020,548589220,1,9,0,4,4,6,2,0,0,1,0,0,0,0,1,1,6,6,1,52,8,1796,1,12,VAUXHALL VECTRA,3,E01015530,0,-1
2020522002156,2020,522002156,1,9,0,14,14,1,5,0,0,8,0,0,0,0,1,1,6,6,1,20,4,2198,1,17,VAUXHALL VECTRA,-1,-1,0,-1
2020160988868,2020,160988868,1,9,0,5,5,5,7,0,0,8,0,0,0,0,4,1,6,6,1,17,4,2171,2,17,VAUXHALL VECTRA,3,E01012777,0,-1
2020401001809,2020,401001809,2,9,0,18,19,6,2,0,0,0,0,0,0,0,4,1,6,6,1,53,8,1796,1,12,VAUXHALL VECTRA,2,E01017594,0,-1
2020990927307,2020,990927307,2,9,0,5,5,3,4,0,0,7,0,0,0,0,1,1,5,6,1,32,6,1796,1,12,VAUXHALL VECTRA,3,-1,0,-1
2020470990035,2020,470990035,1,9,0,13,13,6,2,0,0,0,0,0,0,0,3,1,5,6,1,30,6,1910,2,14,VAUXHALL VECTRA,5,E01031631,0,-1
2020990933495,2020,990933495,2,9,0,10,10,5,1,0,0,2,0,0,0,0,1,1,2,2,1,43,7,1910,2,13,VAUXHALL VECTRA,7,-1,0,-1
202006M273343,2020,06M273343,1,9,0,9,9,5,3,0,0,8,0,0,0,0,1,1,6,6,1,33,6,1796,1,14,VAUXHALL VECTRA,9,E01006086,0,-1
2020122000851,2020,122000851,2,9,0,2,2,0,0,0,0,0,0,0,0,0,2,1,6,6,1,70,10,1796,1,14,VAUXHALL VECTRA,5,E01027843,0,-1
202006E278490,2020,06E278490,2,9,0,18,19,4,8,0,0,8,0,0,0,0,1,1,6,6,1,50,8,1796,1,11,VAUXHALL VECTRA,10,E01006205,0,-1
2020100998924,2020,100998924,2,9,0,18,19,1,5,0,0,8,0,0,0,0,1,1,5,6,1,47,8,1910,2,12,VAUXHALL VECTRA,3,E01008241,0,-1
2020350920766,2020,350920766,2,9,0,5,5,6,4,0,0,0,0,0,0,0,2,1,5,6,2,38,7,1796,1,14,VAUXHALL VECTRA,8,E01033117,0,-1
202063BF01020,2020,63BF01020,1,9,0,17,19,6,3,0,0,1,0,0,3,10,1,1,6,6,1,75,10,1910,2,12,VAUXHALL VECTRA,8,W01000547,0,-1
2020200970525,2020,200970525,1,9,0,6,6,4,4,0,0,8,5,0,0,0,1,1,6,6,1,-1,-1,1796,1,15,VAUXHALL VECTRA,-1,-1,0,-1
2020220993031,2020,220993031,1,9,0,7,7,8,2,0,0,5,0,0,0,0,4,1,6,6,1,81,11,1796,1,13,VAUXHALL VECTRA,6,E01032431,0,-1
2020220940649,2020,220940649,1,9,0,17,19,2,7,0,0,0,0,0,0,0,1,1,3,7,1,63,9,1796,1,12,VAUXHALL VECTRA,1,E01014164,0,-1
2020140960348,2020,140960348,1,9,0,3,3,6,2,0,0,1,0,0,0,0,2,1,2,2,1,42,7,1796,1,14,VAUXHALL VECTRA,1,E01007378,0,-1
2020010243071,2020,010243071,1,9,9,99,99,9,9,99,99,9,9,99,9,99,9,9,6,6,1,26,6,2198,1,15,VAUXHALL VECTRA,5,E01004165,0,-1
2020350987432,2020,350987432,1,9,0,18,19,3,7,0,0,8,0,0,0,0,1,1,6,6,2,33,6,1796,1,12,VAUXHALL VECTRA,10,E01017964,0,-1
202006G271933,2020,06G271933,2,9,0,18,19,7,3,0,0,8,0,0,0,0,1,1,6,6,1,59,9,1796,1,14,VAUXHALL VECTRA,5,E01005961,0,-1
2020622000156,2020,622000156,1,9,0,5,5,4,7,0,0,4,0,0,0,0,3,1,6,6,1,87,11,1796,1,14,VAUXHALL VECTRA,7,W01001891,0,-1
2020371011796,2020,371011796,2,9,0,5,5,3,8,0,0,0,0,0,0,0,2,1,5,6,1,64,9,1910,2,12,VAUXHALL VECTRA,2,E01030032,0,-1
20201379K1374,2020,1379K1374,1,9,0,18,19,7,2,0,0,0,0,0,0,0,1,1,6,6,1,20,4,1796,1,15,VAUXHALL VECTRA,3,E01010717,0,-1
2020501040833,2020,501040833,2,9,0,18,19,6,2,0,0,0,0,4,0,0,1,1,6,6,3,-1,-1,1910,2,12,VAUXHALL VECTRA,-1,-1,0,-1
2020351006978,2020,351006978,3,9,0,18,19,6,2,2,2,1,1,0,0,0,0,1,6,6,1,-1,-1,1910,2,15,VAUXHALL VECTRA,-1,-1,0,-1
2020170S30810,2020,170S30810,1,9,0,18,19,3,7,9,9,0,0,0,1,0,1,1,6,6,1,65,9,1910,2,12,VAUXHALL VECTRA,2,E01012288,0,-1
2020052001578,2020,052001578,3,9,0,18,19,5,1,0,0,0,0,0,0,0,2,1,6,6,1,29,6,1796,1,13,VAUXHALL VECTRA,1,E01006480,0,-1
2020302001627,2020,302001627,1,9,0,18,19,5,1,0,0,1,0,0,1,0,1,1,6,6,1,56,9,1910,2,15,VAUXHALL VECTRA,2,E01019565,0,-1
2020320176338,2020,320176338,1,9,0,17,19,3,7,0,0,0,0,0,1,4,0,1,6,6,1,47,8,1796,1,13,VAUXHALL VECTRA,6,E01026316,0,-1
2020461007916,2020,461007916,2,9,0,4,4,8,4,0,0,0,1,0,0,0,2,1,5,6,1,40,7,1796,1,13,VAUXHALL VECTRA,2,E01016041,0,-1
2020160988154,2020,160988154,2,9,0,9,9,7,5,0,0,1,0,0,0,0,4,1,6,6,2,-1,-1,1796,1,13,VAUXHALL VECTRA,-1,-1,0,-1
202031B146320,2020,31B146320,2,9,0,2,2,0,0,0,0,0,0,0,0,0,2,1,6,6,3,-1,-1,1796,1,16,VAUXHALL VECTRA,-1,-1,0,-1
2020160939488,2020,160939488,1,9,0,13,13,5,1,0,0,0,0,0,0,0,4,1,6,6,1,27,6,1910,2,12,VAUXHALL VECTRA,5,E01012768,0,-1
2020430080508,2020,430080508,1,9,0,18,19,6,2,0,0,0,0,0,0,0,1,1,1,1,1,65,9,1796,1,12,VAUXHALL VECTRA,6,E01030759,0,-1
2020350934099,2020,350934099,4,9,0,18,19,1,5,0,0,0,0,0,0,0,2,1,2,2,1,57,9,1796,1,13,VAUXHALL VECTRA,7,E01018140,0,-1
2020200995412,2020,200995412,3,9,0,3,3,3,7,0,0,1,0,0,0,0,1,1,6,6,1,31,6,1796,1,14,VAUXHALL VECTRA,2,E01010417,0,-1
2020010229508,2020,010229508,1,9,0,9,9,3,1,0,0,0,0,0,0,0,1,1,6,6,1,28,6,1910,2,12,VAUXHALL VECTRA,3,E01001697,0,-1
2020052000960,2020,052000960,2,9,0,18,19,8,4,0,0,8,0,0,7,2,4,1,2,2,1,28,6,1796,1,13,VAUXHALL VECTRA,3,E01007178,0,-1
202031B164920,2020,31B164920,2,9,0,18,19,5,1,0,0,8,0,0,0,0,4,1,6,6,1,80,11,1796,1,12,VAUXHALL VECTRA,7,E01028289,0,-1
2020110976297,2020,110976297,1,9,0,18,19,8,4,0,0,0,5,0,1,11,1,1,6,6,1,36,7,1910,2,13,VAUXHALL VECTRA,3,E01020621,0,-1
2020137821649,2020,137821649,2,9,0,18,19,2,6,0,0,0,0,0,0,0,4,1,6,6,1,47,8,1796,1,14,VAUXHALL VECTRA,1,E01010655,0,-1
2020210996646,2020,210996646,1,9,0,8,8,1,5,0,0,0,0,0,0,0,1,1,6,6,1,29,6,1910,2,14,VAUXHALL VECTRA,4,E01029834,0,-1
2020360973478,2020,360973478,1,9,0,11,11,5,1,0,0,1,0,0,0,0,1,1,5,6,2,29,6,1796,1,13,VAUXHALL VECTRA,3,E01026592,0,-1
2020140955657,2020,140955657,1,9,0,18,19,3,7,0,0,0,0,0,0,0,1,1,5,6,1,27,6,1910,2,16,VAUXHALL VECTRA,1,E01007718,0,-1
2020137C61387,2020,137C61387,1,9,0,18,19,5,1,0,0,8,0,10,1,7,1,1,2,2,2,44,7,1796,1,14,VAUXHALL VECTRA,4,E01011909,0,-1
2020320435409,2020,320435409,1,9,0,9,9,5,1,0,0,2,0,0,0,0,3,1,6,6,2,36,7,1796,1,12,VAUXHALL VECTRA,2,E01026175,0,-1
202063A066920,2020,63A066920,1,9,0,18,19,2,5,0,0,3,0,0,0,0,4,1,6,6,1,28,6,1910,2,12,VAUXHALL VECTRA,1,W01000601,0,-1
2020201006201,2020,201006201,1,9,0,18,19,2,6,0,0,8,0,0,0,0,1,1,6,6,1,64,9,1796,1,16,VAUXHALL VECTRA,8,E01010241,0,-1
2020040960458,2020,040960458,1,9,0,1,1,-1,-1,9,9,0,0,0,0,0,4,1,6,6,3,-1,-1,1910,2,13,VAUXHALL VECTRA,-1,-1,0,-1