collision_index,collision_year,collision_ref_no,vehicle_reference,vehicle_type,towing_and_articulation,vehicle_manoeuvre_historic,vehicle_manoeuvre,vehicle_direction_from,vehicle_direction_to,vehicle_location_restricted_lane_historic,vehicle_location_restricted_lane,junction_location,skidding_and_overturning,hit_object_in_carriageway,vehicle_leaving_carriageway,hit_object_off_carriageway,first_point_of_impact,vehicle_left_hand_drive,journey_purpose_of_driver_historic,journey_purpose_of_driver,sex_of_driver,age_of_driver,age_band_of_driver,engine_capacity_cc,propulsion_code,age_of_vehicle,generic_make_model,driver_imd_decile,lsoa_of_driver,escooter_flag,driver_distance_banding
2020040939916,2020,040939916,1,9,0,16,19,8,4,0,0,8,0,0,3,4,1,1,5,6,1,21,5,1910,2,12,VAUXHALL VECTRA,1,E01024878,0,-1
2020010274543,2020,010274543,1,9,0,18,19,5,1,0,0,8,0,10,1,1,3,1,6,6,1,30,6,1796,1,19,VAUXHALL VECTRA,6,E01000332,0,-1
20201374T0213,2020,1374T0213,1,9,0,6,6,5,5,0,0,1,0,0,0,0,3,1,6,6,1,71,10,1796,1,12,VAUXHALL VECTRA,6,E01004962,0,-1
2020200972414,2020,200972414,2,9,0,7,7,5,7,0,0,6,0,0,0,0,1,1,6,6,1,76,11,1796,1,11,VAUXHALL VECTRA,1,E01033633,0,-1
2020360935671,2020,360935671,1,9,0,3,3,3,1,0,0,0,0,0,0,0,1,1,5,6,1,37,7,1910,2,13,VAUXHALL VECTRA,5,E01026738,0,-1
2020460928832,2020,460928832,1,9,0,9,9,4,8,0,0,8,0,0,0,0,1,1,6,6,1,33,6,1910,2,14,VAUXHALL VECTRA,1,E01024611,0,-1
2020137AQ0502,2020,137AQ0502,1,9,0,18,19,3,7,0,0,0,0,0,0,0,1,1,6,6,1,57,9,1910,2,14,VAUXHALL VECTRA,1,E01010814,0,-1
2020430060946,2020,430060946,2,9,0,18,19,5,1,0,0,0,0,0,0,0,1,1,6,6,2,38,7,1796,1,14,VAUXHALL VECTRA,9,E01017603,0,-1
20201371N0419,2020,1371N0419,1,9,0,5,5,3,7,0,0,1,0,0,0,0,3,1,1,1,1,39,7,2198,1,16,VAUXHALL VECTRA,1,E01011312,0,-1
2020137240424,2020,137240424,1,9,0,18,19,3,7,0,0,0,0,0,0,0,1,1,6,6,1,24,5,1910,2,13,VAUXHALL VECTRA,1,E01010618,0,-1
2020552000774,2020,552000774,2,9,0,18,19,7,3,0,0,0,2,0,5,10,1,1,2,2,1,49,8,1796,1,11,VAUXHALL VECTRA,5,E01029253,0,-1
2020470951613,2020,470951613,1,9,0,9,9,1,8,0,0,8,0,0,0,0,1,1,2,2,1,48,8,1796,1,16,VAUXHALL VECTRA,3,E01031444,0,-1
2020201022782,2020,201022782,1,9,0,18,19,8,4,0,0,1,0,0,0,0,1,1,6,6,1,-1,-1,1796,1,13,VAUXHALL VECTRA,-1,-1,0,-1
2020520003593,2020,520003593,2,9,0,18,19,3,7,0,0,1,0,0,0,0,3,1,6,6,1,52,8,1796,1,14,VAUXHALL VECTRA,10,E01029030,0,-1
2020302001298,2020,302001298,1,9,0,4,4,5,1,0,0,1,0,0,0,0,1,1,6,6,2,48,8,1910,2,13,VAUXHALL VECTRA,3,E01032550,0,-1
2020302000904,2020,302000904,1,9,0,5,5,8,4,0,0,8,0,0,0,0,1,1,2,2,2,37,7,1796,1,15,VAUXHALL VECTRA,1,E01013591,0,-1
2020010268468,2020,010268468,1,9,0,99,99,9,9,99,99,9,9,99,9,99,4,9,2,2,2,59,9,1796,1,17,VAUXHALL VECTRA,4,E01001139,0,-1
2020320453167,2020,320453167,1,9,0,4,4,7,3,0,0,1,0,0,0,0,2,1,6,6,2,31,6,1796,1,13,VAUXHALL VECTRA,3,E01026059,0,-1
2020140926361,2020,140926361,2,9,0,18,19,2,6,0,0,1,0,0,0,0,1,1,6,6,1,-1,-1,1910,2,13,VAUXHALL VECTRA,-1,-1,0,-1
20201375Q1490,2020,1375Q1490,2,9,0,7,7,4,6,0,0,1,0,0,0,0,2,1,6,6,1,30,6,1910,2,14,VAUXHALL VECTRA,5,E01011124,0,-1
2020340E04792,2020,340E04792,1,9,0,18,19,2,6,0,0,0,0,0,0,0,3,1,6,6,2,31,6,1910,2,13,VAUXHALL VECTRA,3,E01027065,0,-1
2020070719404,2020,070719404,1,9,0,18,19,1,5,0,0,0,0,0,0,0,1,1,6,6,1,46,8,1796,1,13,VAUXHALL VECTRA,1,E01018459,0,-1
202031C135920,2020,31C135920,1,9,0,18,19,2,6,0,0,0,0,0,0,0,1,1,1,1,1,-1,-1,1796,1,12,VAUXHALL VECTRA,8,E01013580,0,-1
2020137211780,2020,137211780,1,9,0,18,19,4,8,0,0,0,0,0,0,0,1,1,6,6,1,57,9,1910,2,13,VAUXHALL VECTRA,1,E01010748,0,-1
2020200936541,2020,200936541,1,9,0,16,19,4,6,0,0,0,0,4,0,0,1,1,6,6,1,-1,-1,1910,2,12,VAUXHALL VECTRA,-1,-1,0,-1
2020470925321,2020,470925321,2,9,0,18,19,1,5,0,0,0,0,0,0,0,1,1,2,2,2,58,9,1910,2,11,VAUXHALL VECTRA,2,E01031371,0,-1
2020420922736,2020,420922736,1,9,0,7,7,3,7,0,0,8,0,0,0,0,4,1,6,6,1,30,6,1796,1,13,VAUXHALL VECTRA,4,E01016003,0,-1
202006K273627,2020,06K273627,1,9,0,9,9,8,6,0,0,6,0,0,0,0,1,1,6,6,1,30,6,1796,1,12,VAUXHALL VECTRA,-1,-1,0,-1
202031C092620,2020,31C092620,3,9,0,2,2,0,0,0,0,0,0,0,0,0,2,1,6,6,3,-1,-1,1910,2,12,VAUXHALL VECTRA,-1,-1,0,-1
2020361015654,2020,361015654,1,9,0,9,9,6,3,0,0,5,0,0,0,0,1,1,5,6,2,37,7,17696,1,15,VAUXHALL VECTRA,10,E01026537,0,-1
2020010254964,2020,010254964,1,9,0,2,2,0,0,0,0,0,0,0,0,0,4,1,6,6,3,-1,-1,1796,1,12,VAUXHALL VECTRA,-1,-1,0,-1
20201379A1818,2020,1379A1818,1,9,0,9,9,3,6,0,0,1,0,0,0,0,3,1,6,6,1,24,5,3175,1,15,VAUXHALL VECTRA,3,E01011225,0,-1
2020302000992,2020,302000992,3,9,0,18,19,1,5,0,0,0,0,0,0,0,3,1,6,6,1,35,6,1910,2,16,VAUXHALL VECTRA,7,E01019746,0,-1
2020052001606,2020,052001606,1,9,0,18,19,3,7,0,0,0,0,0,7,10,1,1,6,6,1,33,6,1796,1,11,VAUXHALL VECTRA,1,E01007007,0,-1
2020411000698,2020,411000698,1,9,0,16,19,1,4,0,0,0,0,0,0,0,1,1,1,1,1,37,7,1796,1,19,VAUXHALL VECTRA,10,E01022084,0,-1
2020220924535,2020,220924535,1,9,0,18,19,8,4,0,0,0,1,10,1,11,1,1,5,6,1,22,5,1910,2,14,VAUXHALL VECTRA,-1,-1,0,-1
2020010243131,2020,010243131,1,9,0,9,9,7,4,0,0,1,0,0,0,0,3,1,6,6,1,29,6,1910,2,12,VAUXHALL VECTRA,3,E01004432,0,-1
2020201009554,2020,201009554,2,9,0,3,3,3,1,0,0,1,0,0,0,0,3,1,6,6,2,46,8,1910,2,13,VAUXHALL VECTRA,3,E01009995,0,-1
2020430406595,2020,430406595,1,9,0,18,19,7,3,0,0,0,0,0,0,0,3,1,6,6,1,23,5,1796,1,13,VAUXHALL VECTRA,2,E01001283,0,-1
2020320582896,2020,320582896,2,9,0,7,7,3,7,0,0,1,0,0,0,0,1,1,6,6,1,52,8,1796,1,14,VAUXHALL VECTRA,1,E01026109,0,-1
2020320516328,2020,320516328,1,9,0,18,19,6,2,0,0,0,1,0,0,0,1,1,6,6,1,37,7,1910,2,15,VAUXHALL VECTRA,-1,-1,0,-1
2020990947989,2020,990947989,2,9,0,18,19,5,1,0,0,8,0,0,0,0,1,1,5,6,1,33,6,1796,1,12,VAUXHALL VECTRA,2,-1,0,-1
2020420980321,2020,420980321,2,9,0,18,19,7,3,0,0,2,0,0,0,0,1,1,5,6,1,72,10,1910,2,13,VAUXHALL VECTRA,-1,-1,0,-1
2020990976563,2020,990976563,1,9,0,13,13,4,1,0,0,0,1,0,0,0,4,1,6,6,1,37,7,1910,2,15,VAUXHALL VECTRA,4,-1,0,-1
2020010252469,2020,010252469,1,9,0,9,9,7,6,0,0,6,0,0,0,0,3,1,2,2,1,53,8,1910,2,12,VAUXHALL VECTRA,5,E01002426,0,-1
2020140947200,2020,140947200,1,9,0,9,9,8,2,0,0,6,0,11,0,0,3,1,6,6,2,54,8,1796,1,12,VAUXHALL VECTRA,2,E01008010,0,-1
202006G170355,2020,06G170355,1,9,0,9,9,1,7,0,0,6,0,0,0,10,1,1,6,6,1,17,4,1796,1,11,VAUXHALL VECTRA,2,E01005340,0,-1
2020140944641,2020,140944641,2,9,0,18,19,4,8,0,0,1,0,0,0,0,1,1,5,6,1,27,6,1910,2,12,VAUXHALL VECTRA,1,E01007902,0,-1
2020990982054,2020,990982054,2,9,0,10,10,3,1,0,0,8,0,0,0,0,2,1,5,6,2,68,10,1910,2,13,VAUXHALL VECTRA,5,-1,0,-1
2020010251400,2020,010251400,1,9,0,18,19,5,1,0,0,0,0,0,0,0,3,1,6,6,1,71,10,1796,1,14,VAUXHALL VECTRA,5,E01002625,0,-1
2020040943105,2020,040943105,1,9,0,13,13,7,3,0,0,0,0,0,0,0,4,1,5,6,1,28,6,1910,2,12,VAUXHALL VECTRA,1,E01024893,0,-1
202006XK68724,2020,06XK68724,1,9,0,18,19,5,1,0,0,0,5,0,1,0,1,1,6,6,1,50,8,2198,1,15,VAUXHALL VECTRA,10,E01004901,0,-1
2020320074202,2020,320074202,1,9,0,7,7,1,5,0,0,1,0,0,0,0,2,1,6,6,1,33,6,1910,2,12,VAUXHALL VECTRA,8,E01032996,0,-1
2020552000390,2020,552000390,2,9,0,18,19,5,1,0,0,0,1,0,7,0,1,1,6,6,1,25,5,1910,2,14,VAUXHALL VECTRA,5,E01015375,0,-1
2020070588384,2020,070588384,1,9,0,16,19,7,3,0,0,0,5,0,0,0,0,2,6,6,1,26,6,1796,1,12,VAUXHALL VECTRA,2,E01018716,0,-1
2020450943085,2020,450943085,1,9,0,18,19,1,4,0,0,0,0,0,1,11,1,1,5,6,1,82,11,1910,2,12,VAUXHALL VECTRA,8,E01030654,0,-1
2020470994822,2020,470994822,1,9,0,17,19,1,5,0,0,0,0,0,0,0,1,1,5,6,1,35,6,1796,1,19,VAUXHALL VECTRA,3,E01031350,0,-1
2020461003580,2020,461003580,2,9,0,18,19,3,7,0,0,1,0,0,0,0,2,1,5,6,2,25,5,1910,2,13,VAUXHALL VECTRA,5,E01024673,0,-1
2020522003428,2020,522003428,2,9,0,6,6,2,2,0,0,0,0,0,0,0,3,1,6,6,1,30,6,1796,1,13,VAUXHALL VECTRA,-1,-1,0,-1
2020040930847,2020,040930847,1,9,0,18,19,1,5,0,0,0,1,0,0,0,1,1,6,6,3,-1,-1,1910,2,13,VAUXHALL VECTRA,-1,-1,0,-1
2020440282950,2020,440282950,1,9,0,18,19,6,2,0,0,8,0,0,0,0,1,1,6,6,1,77,11,1910,2,13,VAUXHALL VECTRA,8,E01023016,0,-1
2020100934602,2020,100934602,3,9,0,3,3,7,3,0,0,0,0,0,0,0,2,1,5,6,1,21,5,1910,2,12,VAUXHALL VECTRA,4,E01027531,0,-1
20201376O2244,2020,1376O2244,1,9,0,6,6,3,4,0,0,0,0,0,0,0,1,1,6,6,1,40,7,1910,2,12,VAUXHALL VECTRA,2,E01011913,0,-1
202006L273290,2020,06L273290,1,9,0,18,19,7,3,0,0,2,0,0,0,0,1,1,6,6,1,30,6,1796,1,15,VAUXHALL VECTRA,-1,-1,0,-1
2020320320633,2020,320320633,2,9,0,9,9,6,4,0,0,5,0,0,0,0,2,1,6,6,2,49,8,1796,1,14,VAUXHALL VECTRA,6,E01026128,0,-1
2020552000233,2020,552000233,1,9,0,18,19,2,6,0,0,0,0,0,0,0,1,1,2,2,1,30,6,1796,1,13,VAUXHALL VECTRA,7,E01015424,0,-1
2020320641358,2020,320641358,1,9,0,18,19,4,8,0,0,1,0,0,0,0,1,1,6,6,1,28,6,1796,1,18,VAUXHALL VECTRA,4,E01026377,0,-1
2020200987542,2020,200987542,1,9,0,9,9,1,7,0,0,6,0,0,0,0,1,1,6,6,1,34,6,1796,1,14,VAUXHALL VECTRA,1,E01009490,0,-1
2020160948427,2020,160948427,1,9,0,18,19,7,7,0,0,1,1,0,0,0,1,1,6,6,2,33,6,1796,1,13,VAUXHALL VECTRA,2,E01013131,0,-1
2020622000839,2020,622000839,2,9,0,18,19,4,8,0,0,8,0,0,0,0,2,1,6,6,1,30,6,1796,1,13,VAUXHALL VECTRA,5,W01001096,0,-1
202006K370671,2020,06K370671,2,9,0,18,19,1,5,0,0,1,0,0,0,0,2,1,6,6,1,50,8,1910,2,12,VAUXHALL VECTRA,6,E01005970,0,-1
202031B012320,2020,31B012320,1,9,0,9,9,1,7,0,0,6,0,0,0,0,2,1,6,6,1,30,6,1910,2,14,VAUXHALL VECTRA,1,E01028055,0,-1
2020411010109,2020,411010109,1,9,0,18,19,8,4,0,0,1,2,0,1,0,4,1,5,6,1,33,6,2198,1,14,VAUXHALL VECTRA,-1,-1,0,-1
2020040941975,2020,040941975,2,9,0,18,19,5,1,0,0,1,1,0,0,0,1,1,5,6,2,30,6,2792,1,12,VAUXHALL VECTRA,10,E01025434,0,-1
2020220925369,2020,220925369,1,9,0,4,4,1,7,0,0,8,0,0,0,0,2,1,3,7,1,28,6,1796,1,13,VAUXHALL VECTRA,2,E01032265,0,-1
2020010269055,2020,010269055,3,9,0,18,19,1,5,0,0,2,0,0,0,0,3,1,6,6,1,55,8,1796,1,19,VAUXHALL VECTRA,-1,-1,0,-1
202031D042620,2020,31D042620,2,9,0,18,19,3,7,0,0,8,0,0,0,0,3,1,2,2,1,30,6,1796,1,14,VAUXHALL VECTRA,4,E01028208,0,-1
2020140936674,2020,140936674,3,9,0,18,19,1,5,0,0,0,0,0,0,0,3,1,6,6,3,-1,-1,1910,2,12,VAUXHALL VECTRA,-1,-1,0,-1
202031C150420,2020,31C150420,1,9,0,18,19,4,8,0,0,8,0,0,0,0,1,1,6,6,1,57,9,1796,1,15,VAUXHALL VECTRA,4,E01004580,0,-1
2020140927701,2020,140927701,2,9,0,18,19,1,5,0,0,1,0,0,0,0,1,1,6,6,3,-1,-1,1910,2,15,VAUXHALL VECTRA,-1,-1,0,-1
2020501003977,2020,501003977,1,9,0,18,19,2,6,0,0,1,0,0,0,0,1,1,6,6,1,77,11,1910,2,14,VAUXHALL VECTRA,3,E01018993,0,-1
2020200957422,2020,200957422,1,9,0,15,15,2,6,0,0,1,0,0,0,0,1,1,6,6,3,-1,-1,1910,2,13,VAUXHALL VECTRA,-1,-1,0,-1
202006A176117,2020,06A176117,1,9,0,17,19,7,4,0,0,2,0,0,0,0,4,1,6,6,1,65,9,1910,2,12,VAUXHALL VECTRA,-1,-1,0,-1
2020070259820,2020,070259820,1,9,0,18,19,6,7,0,0,0,0,0,0,0,1,1,6,6,1,79,11,1796,1,12,VAUXHALL VECTRA,8,E01018703,0,-1
2020161006407,2020,161006407,1,9,0,9,9,4,2,0,0,6,0,0,0,0,1,1,1,1,1,25,5,1995,2,17,VAUXHALL VECTRA,8,E01013262,0,-1
2020360945507,2020,360945507,1,9,0,18,19,8,4,0,0,0,0,0,7,2,1,1,6,6,3,-1,-1,2198,1,14,VAUXHALL VECTRA,-1,-1,0,-1
2020990963674,2020,990963674,1,9,0,18,19,6,2,0,0,0,0,11,0,0,1,1,6,6,1,44,7,1796,1,15,VAUXHALL VECTRA,2,-1,0,-1
20201378R1839,2020,1378R1839,2,9,0,18,19,2,6,0,0,8,0,0,7,11,1,1,6,6,1,22,5,2792,1,13,VAUXHALL VECTRA,6,E01007347,0,-1
2020470925316,2020,470925316,4,9,0,18,19,8,4,0,0,1,0,0,0,0,0,1,6,6,1,24,5,1910,2,13,VAUXHALL VECTRA,8,E01021197,0,-1
2020052002340,2020,052002340,1,9,0,5,5,3,7,0,0,2,0,0,0,0,1,1,6,6,2,24,5,1910,2,13,VAUXHALL VECTRA,4,E01006982,0,-1
2020350983702,2020,350983702,1,9,0,18,19,5,1,0,0,0,1,0,0,0,3,1,6,6,1,26,6,1796,1,13,VAUXHALL VECTRA,3,E01015665,0,-1
2020141013761,2020,141013761,2,9,0,4,4,8,3,0,0,1,0,0,0,0,1,1,6,6,3,-1,-1,1910,2,14,VAUXHALL VECTRA,-1,-1,0,-1
2020548781420,2020,548781420,1,9,0,7,7,7,2,0,0,0,1,0,8,4,1,1,6,6,1,25,5,1796,1,12,VAUXHALL VECTRA,9,E01031880,0,-1
2020500977814,2020,500977814,1,9,0,5,5,1,5,0,0,0,0,0,0,0,1,1,5,6,1,75,10,1796,1,15,VAUXHALL VECTRA,1,E01018870,0,-1
2020010258355,2020,010258355,2,9,0,17,19,5,1,0,0,1,0,0,0,0,1,1,6,6,2,35,6,3189,1,16,VOLKSWAGEN TOUAREG,3,E01000742,0,-1
2020400987479,2020,400987479,1,9,0,4,4,1,5,0,0,8,0,0,0,0,1,1,6,6,2,63,9,2967,2,6,VOLKSWAGEN TOUAREG,9,E01017565,0,-1
2020990989673,2020,990989673,2,9,0,4,4,7,3,0,0,4,0,4,0,0,1,1,5,6,1,23,5,2999,2,14,VOLKSWAGEN TOUAREG,2,-1,0,-1
2020450992721,2020,450992721,1,9,0,18,19,7,3,0,0,1,0,0,0,0,1,1,6,6,2,33,6,2999,2,15,VOLKSWAGEN TOUAREG,6,E01024425,0,-1
20201375K2376,2020,1375K2376,2,9,0,9,9,4,8,0,0,8,0,0,0,0,1,1,6,6,2,28,6,2967,2,11,VOLKSWAGEN TOUAREG,1,E01010674,0,-1
2020230986407,2020,230986407,1,9,0,9,9,4,2,0,0,5,0,0,0,0,1,1,5,6,2,47,8,2967,2,8,VOLKSWAGEN TOUAREG,9,E01032341,0,-1
2020200985227,2020,200985227,2,9,0,18,19,6,2,0,0,8,1,0,0,0,1,1,5,6,1,34,6,2967,2,4,VOLKSWAGEN TOUAREG,5,E01010022,0,-1
2020010243212,2020,010243212,1,9,0,7,7,5,7,0,0,2,0,0,0,0,1,1,6,6,1,40,7,2967,2,8,VOLKSWAGEN TOUAREG,4,E01002326,0,-1
2020522002326,2020,522002326,2,9,0,7,7,7,1,0,0,0,0,0,0,0,4,1,6,6,3,30,6,2967,2,5,VOLKSWAGEN TOUAREG,-1,-1,0,-1
2020500922435,2020,500922435,1,9,0,18,19,7,3,0,0,0,0,0,0,0,1,1,5,6,1,57,9,2967,2,5,VOLKSWAGEN TOUAREG,4,E01003913,0,-1
2020070755121,2020,070755121,2,9,0,2,2,0,0,0,0,0,0,0,0,0,2,1,6,6,1,-1,-1,2967,2,2,VOLKSWAGEN TOUAREG,-1,-1,0,-1
2020450962001,2020,450962001,2,9,0,5,5,1,5,0,0,2,0,0,0,0,1,1,1,1,1,49,8,2460,2,15,VOLKSWAGEN TOUAREG,6,E01030371,0,-1
2020221013150,2020,221013150,3,9,0,4,4,6,2,0,0,8,0,0,0,0,1,1,5,6,1,50,8,2967,2,6,VOLKSWAGEN TOUAREG,6,E01028888,0,-1
2020990985529,2020,990985529,1,9,0,14,14,5,1,0,0,2,0,0,0,0,4,2,5,6,1,50,8,2460,2,14,VOLKSWAGEN TOUAREG,4,-1,0,-1
2020622000259,2020,622000259,1,9,0,7,7,8,2,0,0,3,1,0,0,0,1,1,6,6,1,35,6,2967,2,3,VOLKSWAGEN TOUAREG,10,W01001731,0,-1
2020010239605,2020,010239605,1,9,0,18,19,3,7,0,0,8,0,0,0,0,4,1,6,6,1,40,7,2967,2,8,VOLKSWAGEN TOUAREG,4,E01002326,0,-1
2020530919519,2020,530919519,1,9,0,18,19,1,5,0,0,0,0,0,0,0,1,1,6,6,1,39,7,2461,2,12,VOLKSWAGEN TOUAREG,2,E01022346,0,-1
2020320476927,2020,320476927,1,9,0,9,9,1,3,0,0,8,0,0,0,0,1,1,1,1,1,63,9,2967,2,6,VOLKSWAGEN TOUAREG,7,E01026397,0,-1
2020500969351,2020,500969351,2,9,0,17,19,6,3,0,0,0,0,0,0,0,1,1,1,1,2,38,7,2967,2,12,VOLKSWAGEN TOUAREG,8,E01015165,0,-1
2020990957776,2020,990957776,1,9,0,18,19,8,4,0,0,2,0,0,0,0,1,1,5,6,1,29,6,2967,2,4,VOLKSWAGEN TOUAREG,7,-1,0,-1
2020440344774,2020,440344774,2,9,0,11,11,1,5,0,0,8,0,0,0,0,4,1,6,6,2,-1,-1,3189,1,16,VOLKSWAGEN TOUAREG,-1,-1,0,-1
2020010249049,2020,010249049,2,9,0,99,99,9,9,0,0,1,0,99,0,0,3,1,6,6,3,55,8,2460,2,15,VOLKSWAGEN TOUAREG,6,E01004530,0,-1
2020010237674,2020,010237674,1,9,0,6,6,3,3,0,0,1,0,0,0,0,3,1,6,6,1,40,7,2967,2,6,VOLKSWAGEN TOUAREG,3,E01033706,0,-1
2020501000979,2020,501000979,2,9,0,3,3,1,6,0,0,0,0,0,0,0,1,1,6,6,1,64,9,2967,2,9,VOLKSWAGEN TOUAREG,6,E01019891,0,-1
2020010263931,2020,010263931,1,9,0,9,9,2,8,0,0,0,0,0,0,0,3,1,2,2,2,58,9,2967,2,5,VOLKSWAGEN TOUAREG,-1,-1,0,-1
2020522003734,2020,522003734,2,9,0,9,9,5,3,0,0,8,0,0,0,0,4,1,6,6,1,28,6,2967,2,14,VOLKSWAGEN TOUAREG,-1,-1,0,-1
2020440480849,2020,440480849,3,9,0,2,2,0,0,0,0,0,0,0,0,0,3,1,6,6,3,-1,-1,2967,2,7,VOLKSWAGEN TOUAREG,-1,-1,0,-1
2020401007114,2020,401007114,3,9,0,18,19,4,8,0,0,1,0,0,0,0,1,1,6,6,2,34,6,2967,2,9,VOLKSWAGEN TOUAREG,10,E01017528,0,-1
2020522003425,2020,522003425,1,9,0,3,3,1,5,0,0,0,0,0,0,0,2,1,6,6,2,47,8,2967,2,11,VOLKSWAGEN TOUAREG,7,E01014402,0,-1
2020010245933,2020,010245933,1,9,0,18,19,3,7,0,0,2,0,0,0,0,3,1,6,6,2,48,8,2967,2,9,VOLKSWAGEN TOUAREG,1,E01001787,0,-1
2020040993917,2020,040993917,1,9,0,7,7,1,7,0,0,5,0,0,0,0,3,1,6,6,2,-1,-1,2967,2,5,VOLKSWAGEN TOUAREG,2,E01025092,0,-1
2020470933469,2020,470933469,2,9,0,4,4,8,4,0,0,2,0,0,0,0,2,1,5,6,1,59,9,2460,2,14,VOLKSWAGEN TOUAREG,6,E01021068,0,-1
2020137CF0578,2020,137CF0578,1,9,0,18,19,3,7,0,0,1,0,0,0,0,1,1,6,6,1,79,11,2460,2,16,VOLKSWAGEN TOUAREG,10,E01011120,0,-1
2020990954877,2020,990954877,1,9,0,18,19,1,5,0,0,0,0,0,0,0,1,1,6,6,1,51,8,2967,2,4,VOLKSWAGEN TOUAREG,7,-1,0,-1
2020160953846,2020,160953846,3,9,0,3,3,8,4,0,0,1,0,0,0,0,2,1,5,6,2,56,9,2461,2,12,VOLKSWAGEN TOUAREG,1,E01007534,0,-1
2020470984019,2020,470984019,2,9,0,18,19,2,6,0,0,8,0,0,0,0,1,1,5,6,1,81,11,2967,2,3,VOLKSWAGEN TOUAREG,7,E01030576,0,-1
2020010283554,2020,010283554,3,9,0,3,3,1,5,0,0,2,0,4,0,0,2,1,6,6,1,-1,-1,2460,2,14,VOLKSWAGEN TOUAREG,6,E01001419,0,-1
2020231010469,2020,231010469,2,9,0,1,1,2,6,0,0,6,0,0,0,0,2,1,5,6,2,38,7,2967,2,0,VOLKSWAGEN TOUAREG,9,E01031147,0,-1
2020430269910,2020,430269910,2,9,0,18,19,2,6,0,0,0,0,0,0,0,3,1,6,6,1,47,8,2967,2,6,VOLKSWAGEN TOUAREG,7,E01032960,0,-1
2020010258890,2020,010258890,2,9,0,99,99,9,9,99,99,9,9,99,9,99,1,9,6,6,3,-1,-1,2967,2,5,VOLKSWAGEN TOUAREG,-1,-1,0,-1
2020010279151,2020,010279151,1,9,0,5,5,0,1,0,0,1,0,0,0,0,1,1,2,2,1,62,9,2967,2,13,VOLKSWAGEN TOUAREG,5,E01001157,0,-1
2020501005028,2020,501005028,2,9,0,18,19,1,5,0,0,0,0,0,0,0,0,1,1,1,1,44,7,2967,2,2,VOLKSWAGEN TOUAREG,4,E01015029,0,-1
2020460952722,2020,460952722,1,9,0,18,19,1,5,0,0,0,0,0,0,0,3,1,5,6,1,42,7,2967,2,3,VOLKSWAGEN TOUAREG,3,E01024481,0,-1
2020040968298,2020,040968298,3,9,0,18,19,5,1,0,0,1,0,0,0,0,1,1,5,6,1,64,9,2967,2,1,VOLKSWAGEN TOUAREG,9,E01024967,0,-1
2020990980700,2020,990980700,1,9,0,18,19,7,4,0,0,0,0,0,0,0,4,1,5,6,2,32,6,2967,2,6,VOLKSWAGEN TOUAREG,5,-1,0,-1
2020552000822,2020,552000822,1,9,0,5,5,4,8,0,0,1,0,0,0,0,1,1,6,6,2,47,8,2967,2,13,VOLKSWAGEN TOUAREG,6,E01020471,0,-1
2020010241918,2020,010241918,1,9,0,7,7,1,4,0,0,1,0,0,0,0,1,1,6,6,1,61,9,2995,1,7,VOLKSWAGEN TOUAREG,4,E01002699,0,-1
2020010278301,2020,010278301,1,9,0,7,7,3,5,0,0,8,0,0,0,0,4,1,6,6,1,44,7,2967,2,4,VOLKSWAGEN TOUAREG,-1,-1,0,-1
2020320295893,2020,320295893,2,9,0,18,19,7,3,0,0,0,0,0,0,0,3,1,1,1,2,40,7,2967,2,13,VOLKSWAGEN TOUAREG,2,E01026698,0,-1
2020470988031,2020,470988031,1,9,0,7,7,1,3,0,0,3,0,0,0,0,1,1,2,2,1,46,8,2967,2,6,VOLKSWAGEN TOUAREG,4,E01031806,0,-1
2020440496520,2020,440496520,2,9,0,18,19,5,1,0,0,8,1,0,1,10,3,1,6,6,2,44,7,2967,2,3,VOLKSWAGEN TOUAREG,10,E01022893,0,-1
2020137A91248,2020,137A91248,3,9,0,2,2,0,0,0,0,0,0,0,0,0,2,1,6,6,1,-1,-1,2967,2,3,VOLKSWAGEN TOUAREG,-1,-1,0,-1
2020420973982,2020,420973982,1,9,0,16,19,5,1,0,0,0,1,0,1,4,3,1,3,7,2,51,8,2967,2,2,VOLKSWAGEN TOUAREG,6,E01021796,0,-1
2020010262859,2020,010262859,2,9,0,99,99,9,9,99,99,9,9,99,9,99,1,9,6,6,3,42,7,2967,2,5,VOLKSWAGEN TOUAREG,-1,-1,0,-1
2020220945232,2020,220945232,1,9,0,4,4,7,3,0,0,0,0,0,0,0,2,1,5,6,2,31,6,2460,2,16,VOLKSWAGEN TOUAREG,4,E01032322,0,-1
2020070514523,2020,070514523,5,9,0,2,2,0,0,0,0,0,0,4,0,0,2,1,6,6,1,-1,-1,2967,2,1,VOLKSWAGEN TOUAREG,-1,-1,0,-1
2020471000547,2020,471000547,1,9,0,10,10,1,8,0,0,6,0,0,0,0,1,1,5,6,1,44,7,2461,2,12,VOLKSWAGEN TOUAREG,8,E01021174,0,-1
2020220931031,2020,220931031,1,9,0,5,5,6,8,0,0,6,0,0,0,0,4,1,5,6,1,61,9,2999,2,14,VOLKSWAGEN TOUAREG,6,E01032174,0,-1
2020010260546,2020,010260546,1,9,0,99,99,9,9,99,99,9,9,99,9,99,2,9,6,6,1,39,7,2967,2,2,VOLKSWAGEN TOUAREG,4,E01000112,0,-1
2020520001637,2020,520001637,2,9,0,9,9,8,7,0,0,0,0,0,0,0,3,1,6,6,1,61,9,2967,2,12,VOLKSWAGEN TOUAREG,-1,-1,0,-1
2020461002865,2020,461002865,3,9,0,18,19,5,1,0,0,0,1,0,1,0,1,1,6,6,1,68,10,2967,2,6,VOLKSWAGEN TOUAREG,4,E01024217,0,-1