collision_index,collision_year,collision_ref_no,vehicle_reference,vehicle_type,towing_and_articulation,vehicle_manoeuvre_historic,vehicle_manoeuvre,vehicle_direction_from,vehicle_direction_to,vehicle_location_restricted_lane_historic,vehicle_location_restricted_lane,junction_location,skidding_and_overturning,hit_object_in_carriageway,vehicle_leaving_carriageway,hit_object_off_carriageway,first_point_of_impact,vehicle_left_hand_drive,journey_purpose_of_driver_historic,journey_purpose_of_driver,sex_of_driver,age_of_driver,age_band_of_driver,engine_capacity_cc,propulsion_code,age_of_vehicle,generic_make_model,driver_imd_decile,lsoa_of_driver,escooter_flag,driver_distance_banding
2020440479236,2020,440479236,2,3,0,18,19,7,3,0,0,8,0,0,0,0,4,1,6,6,1,18,4,125,1,7,HONDA CBF125M,4,E01017081,0,-1
2020010264151,2020,010264151,1,3,0,18,19,3,7,0,0,0,0,4,0,0,1,1,1,1,1,40,7,125,1,5,HONDA CBF125M,-1,-1,0,-1
2020451004526,2020,451004526,1,3,0,18,19,5,1,0,0,0,0,10,0,0,1,1,1,1,1,20,4,125,1,11,HONDA CBF125M,4,E01030824,0,-1
2020450953550,2020,450953550,2,5,0,18,19,1,5,0,0,1,5,0,0,0,1,1,6,6,1,41,7,599,1,6,-1,10,E01030328,0,-1
2020440192874,2020,440192874,1,5,0,16,19,5,1,0,0,0,0,0,0,0,1,1,6,6,1,29,6,599,1,6,-1,9,E01023064,0,-1
2020460961454,2020,460961454,1,5,0,18,19,5,8,0,0,4,0,0,0,0,3,1,6,6,1,37,7,1520,1,22,-1,7,E01024540,0,-1
2020501006056,2020,501006056,3,5,0,13,13,2,6,0,0,1,5,0,0,0,4,1,6,6,1,61,9,1520,1,21,-1,1,E01015233,0,-1
2020040941931,2020,040941931,1,97,0,13,13,5,1,0,0,0,0,0,7,0,4,1,5,6,1,57,9,1520,1,22,-1,6,E01025325,0,-1
2020622000630,2020,622000630,1,5,0,18,19,4,8,0,0,3,0,0,0,0,3,1,6,6,1,69,10,745,1,0,HONDA NC 750,6,W01001000,0,-1
2020500973993,2020,500973993,2,5,0,1,1,5,1,0,0,8,0,0,0,0,2,1,5,6,2,34,6,745,1,3,HONDA NC 750,3,E01015245,0,-1
2020010235001,2020,010235001,2,5,0,18,19,1,5,0,0,1,0,0,0,0,1,-1,2,2,1,32,6,745,1,3,HONDA NC 750,1,E01003070,0,-1
2020220955214,2020,220955214,1,5,0,18,19,1,4,0,0,8,0,0,0,0,1,1,1,1,1,69,10,745,1,3,HONDA NC 750,8,E01018455,0,-1
2020010277052,2020,010277052,1,5,0,99,99,9,9,99,99,9,9,99,9,99,1,1,2,2,1,34,6,745,1,3,HONDA NC 750,3,E01002805,0,-1
2020500954769,2020,500954769,1,5,0,13,13,5,1,0,0,0,0,0,7,0,4,1,5,6,2,54,8,745,1,3,HONDA NC 750,3,E01020323,0,-1
2020500964637,2020,500964637,2,5,0,13,13,1,5,0,0,8,0,0,0,0,1,1,5,6,1,51,8,745,1,2,HONDA NC 750,7,E01020176,0,-1
2020010268371,2020,010268371,2,5,0,18,19,1,5,0,0,4,0,0,0,0,1,1,6,6,1,23,5,745,1,3,HONDA NC 750,-1,-1,0,-1
2020450999301,2020,450999301,2,5,0,16,19,5,1,0,0,1,5,0,1,9,1,1,5,6,1,57,9,745,1,1,HONDA NC 750,9,E01022600,0,-1
2020010284536,2020,010284536,1,5,0,99,99,9,9,99,99,9,9,99,9,99,9,1,6,6,1,32,6,745,1,1,HONDA NC 750,7,E01000675,0,-1
2020160983410,2020,160983410,1,5,0,16,19,2,4,0,0,0,0,0,1,9,1,1,6,6,1,48,8,745,1,3,HONDA NC 750,1,E01013080,0,-1
2020990929315,2020,990929315,2,5,0,18,19,3,7,0,0,8,0,0,0,0,1,1,2,2,1,67,10,745,1,3,HONDA NC 750,7,-1,0,-1
2020010271010,2020,010271010,2,5,0,18,19,3,7,0,0,8,0,0,0,0,1,1,6,6,1,43,7,745,1,1,HONDA NC 750,-1,-1,0,-1
2020010229277,2020,010229277,1,5,0,18,19,5,1,0,0,0,2,0,0,0,4,1,6,6,1,54,8,745,1,3,HONDA NC 750,5,E01000516,0,-1
2020010241129,2020,010241129,1,5,0,99,99,9,9,99,99,9,9,99,9,99,9,-1,2,2,1,35,6,745,1,3,HONDA NC 750,9,E01023557,0,-1
2020010240597,2020,010240597,3,5,0,14,14,1,5,0,0,1,0,0,0,0,1,1,6,6,1,43,7,745,1,3,HONDA NC 750,-1,-1,0,-1
2020610003820,2020,610003820,1,5,0,17,19,8,5,0,0,8,0,0,0,0,4,1,2,2,1,54,8,745,1,2,HONDA NC 750,4,W01001650,0,-1
202006G178689,2020,06G178689,2,5,0,18,19,5,1,0,0,8,0,0,0,0,1,1,6,6,1,43,7,745,1,2,HONDA NC 750,1,E01005933,0,-1
2020010260859,2020,010260859,1,5,0,99,99,9,9,99,99,0,9,99,9,99,9,1,6,6,1,26,6,745,1,1,HONDA NC 750,2,E01001761,0,-1
2020010279198,2020,010279198,1,5,0,11,11,2,6,0,0,3,0,0,0,0,1,1,1,1,1,45,7,745,1,3,HONDA NC 750,9,E01031588,0,-1
2020460930161,2020,460930161,2,5,0,9,9,5,2,0,0,4,5,0,0,0,4,1,6,6,1,42,7,745,1,3,HONDA NC 750,8,E01016082,0,-1
2020052001095,2020,052001095,2,5,0,18,19,4,8,0,0,8,0,0,0,0,3,1,6,6,1,67,10,745,1,1,HONDA NC 750,8,E01018567,0,-1
2020010240982,2020,010240982,1,5,0,18,19,1,5,0,0,1,0,0,0,0,1,-1,1,1,1,51,8,745,1,2,HONDA NC 750,2,E01002729,0,-1
2020010281699,2020,010281699,1,5,0,18,19,4,8,0,0,0,0,0,0,0,1,1,6,6,1,45,7,745,1,1,HONDA NC 750,-1,-1,0,-1
2020470916810,2020,470916810,2,5,0,14,14,5,1,0,0,1,0,0,0,0,1,1,2,2,1,51,8,745,1,2,HONDA NC 750,5,E01031826,0,-1
2020010243754,2020,010243754,1,5,0,99,99,9,9,99,99,9,9,99,9,99,9,1,2,2,1,44,7,745,1,3,HONDA NC 750,8,E01003873,0,-1
202063A072220,2020,63A072220,2,5,0,18,19,1,4,0,0,8,0,0,0,0,4,1,1,1,1,63,9,745,1,3,HONDA NC 750,7,W01000618,0,-1
2020010247615,2020,010247615,2,3,0,18,19,8,4,0,0,1,0,0,0,0,1,1,6,6,1,46,8,745,1,2,-1,6,E01003434,0,-1
2020010272893,2020,010272893,2,4,0,18,19,4,8,0,0,1,0,0,0,0,1,1,6,6,1,50,8,670,1,8,-1,5,E01002948,0,-1
2020351003806,2020,351003806,1,5,0,18,19,4,8,0,0,1,0,0,0,0,1,1,5,6,1,23,5,670,1,7,-1,7,E01017980,0,-1
2020010270020,2020,010270020,1,5,0,99,99,9,9,99,99,9,9,99,9,99,9,1,6,6,1,28,6,670,1,8,-1,3,E01009621,0,-1
2020990978447,2020,990978447,1,5,0,18,19,2,6,0,0,0,1,0,0,0,1,1,6,6,1,38,7,670,1,8,-1,3,-1,0,-1
2020990987959,2020,990987959,1,5,0,18,19,3,7,0,0,8,2,0,0,0,1,1,5,6,1,66,10,750,1,23,-1,7,-1,0,-1
2020110954547,2020,110954547,2,2,0,16,19,7,7,0,0,0,0,0,0,0,1,1,6,6,1,56,9,748,1,29,-1,8,E01012008,0,-1
2020100994697,2020,100994697,2,5,0,18,19,7,3,0,0,0,0,0,0,0,1,1,2,2,1,40,7,748,1,23,-1,-1,-1,0,-1
2020450996782,2020,450996782,1,5,0,18,19,7,3,0,0,0,0,0,7,10,1,1,6,6,1,21,5,748,1,27,-1,8,E01030884,0,-1
2020440485902,2020,440485902,1,5,0,18,19,1,5,0,0,1,1,0,0,0,0,1,6,6,1,57,9,748,1,23,-1,4,E01017289,0,-1
2020530964427,2020,530964427,1,5,0,13,13,3,7,0,0,2,0,0,0,0,1,1,5,6,1,60,9,748,1,32,-1,9,E01032413,0,-1
2020480943360,2020,480943360,1,19,0,1,1,7,3,0,0,2,0,0,0,0,2,1,1,1,1,40,7,-1,-1,-1,-1,-1,-1,0,-1
2020211030330,2020,211030330,1,21,0,18,19,7,3,0,0,1,0,0,0,0,4,1,1,1,1,53,8,5193,2,4,-1,1,E01010462,0,-1
2020990973446,2020,990973446,2,20,0,18,19,6,2,0,0,0,0,0,0,0,2,1,1,1,1,58,9,5193,2,3,ISUZU TRUCKS FORWARD,5,-1,0,-1
2020552000798,2020,552000798,1,19,0,18,19,7,3,0,0,0,0,0,0,0,4,1,1,1,1,59,9,5193,2,2,-1,8,E01032110,0,-1
2020991002424,2020,991002424,1,20,0,3,3,8,4,0,0,1,0,0,0,0,1,1,6,6,1,43,7,5193,2,3,ISUZU TRUCKS FORWARD,7,-1,0,-1
2020160976411,2020,160976411,1,21,0,9,9,4,2,0,0,5,0,0,0,0,4,1,1,1,1,30,6,5193,2,5,-1,8,E01012791,0,-1
2020990965630,2020,990965630,2,21,0,18,19,2,6,0,0,0,1,0,0,0,2,1,1,1,1,49,8,5193,2,7,-1,7,E01019240,0,-1
2020010252112,2020,010252112,1,20,0,4,4,7,3,0,0,0,0,0,0,0,2,1,1,1,1,54,8,5193,2,2,ISUZU TRUCKS FORWARD,-1,-1,0,-1
2020122000374,2020,122000374,2,21,0,9,9,3,1,0,0,0,0,0,0,0,3,1,6,6,1,60,9,-1,-1,-1,-1,5,E01027870,0,-1
2020320633704,2020,320633704,2,20,0,18,19,6,2,0,0,0,0,0,0,0,2,1,1,1,2,46,8,-1,-1,-1,ISUZU TRUCKS FORWARD,2,E01026006,0,-1
2020010255688,2020,010255688,1,21,0,6,6,5,5,0,0,1,0,0,0,0,4,1,6,6,1,43,7,5193,2,1,-1,4,E01003561,0,-1
2020010233364,2020,010233364,1,19,0,9,9,3,1,0,0,1,0,0,0,0,3,1,1,1,1,41,7,-1,-1,-1,-1,-1,-1,0,-1
202006M167388,2020,06M167388,1,19,0,18,19,6,1,0,0,4,0,0,0,0,1,1,1,1,1,38,7,5193,2,1,-1,1,E01005660,0,-1
2020450951589,2020,450951589,2,20,0,13,13,3,7,0,0,0,0,0,0,0,3,1,6,6,1,50,8,5193,2,1,ISUZU TRUCKS FORWARD,5,E01030786,0,-1
2020010234321,2020,010234321,1,21,0,5,5,7,3,0,0,4,0,0,0,0,1,1,1,1,1,44,7,2999,2,2,-1,2,E01002368,0,-1
2020221009355,2020,221009355,1,20,0,18,19,6,2,0,0,2,0,0,0,0,4,1,1,1,1,65,9,2999,2,1,ISUZU TRUCKS FORWARD,3,W01000263,0,-1
2020010253340,2020,010253340,1,19,0,99,99,9,9,99,99,0,9,99,9,99,2,9,6,6,1,58,9,-1,-1,-1,-1,3,E01000579,0,-1
2020010259406,2020,010259406,2,20,9,99,99,9,9,99,99,9,9,99,9,99,9,9,6,6,3,-1,-1,5193,2,7,ISUZU TRUCKS FORWARD,-1,-1,0,-1
2020010229711,2020,010229711,1,20,0,9,9,3,1,0,0,1,0,0,0,0,1,1,1,1,1,47,8,5193,2,4,ISUZU TRUCKS FORWARD,3,E01021871,0,-1
2020470980656,2020,470980656,1,20,0,18,19,6,2,0,0,0,0,4,0,0,4,1,1,1,1,52,8,5193,2,5,ISUZU TRUCKS FORWARD,6,E01001678,0,-1
2020200951816,2020,200951816,4,20,0,18,19,1,5,0,0,8,0,0,0,0,2,1,6,6,1,45,7,2999,2,1,ISUZU TRUCKS FORWARD,8,E01032233,0,-1
2020430050283,2020,430050283,2,20,0,4,4,2,6,0,0,0,0,0,0,0,2,1,6,6,1,51,8,5193,2,4,ISUZU TRUCKS FORWARD,5,E01016223,0,-1
2020500975723,2020,500975723,1,20,0,18,19,3,7,0,0,0,0,0,0,0,1,1,6,6,1,-1,-1,-1,-1,-1,ISUZU TRUCKS FORWARD,4,E01018758,0,-1
2020070429627,2020,070429627,1,20,0,16,19,3,7,0,0,0,0,0,1,3,4,1,1,1,1,41,7,5193,2,4,ISUZU TRUCKS FORWARD,1,E01014244,0,-1
2020010283585,2020,010283585,2,19,0,18,19,1,5,0,0,1,9,0,0,0,1,9,6,6,3,62,9,2999,2,0,-1,3,E01001154,0,-1
2020141009439,2020,141009439,1,20,0,18,19,8,5,0,0,8,0,0,0,0,1,1,1,1,1,42,7,5193,2,1,ISUZU TRUCKS FORWARD,10,E01013223,0,-1
2020141006892,2020,141006892,1,20,0,17,19,4,8,0,0,1,1,0,0,0,1,1,1,1,1,62,9,5193,2,4,ISUZU TRUCKS FORWARD,7,E01007700,0,-1
2020991001160,2020,991001160,1,20,0,2,2,0,0,0,0,0,0,0,0,0,3,1,1,1,1,32,6,5193,2,1,ISUZU TRUCKS FORWARD,2,-1,0,-1
2020460929741,2020,460929741,1,21,0,18,19,1,5,0,0,1,0,0,0,0,1,1,6,6,1,47,8,5193,2,3,-1,3,E01024480,0,-1
2020991006274,2020,991006274,1,20,0,17,19,8,4,0,0,0,0,4,0,0,1,1,1,1,1,58,9,5193,2,1,ISUZU TRUCKS FORWARD,10,-1,0,-1
2020460951691,2020,460951691,2,20,0,4,4,6,2,0,0,0,0,0,1,0,2,1,1,1,1,51,8,2999,2,9,ISUZU TRUCKS FORWARD,5,E01024598,0,-1
2020160943600,2020,160943600,1,20,0,18,19,7,3,0,0,1,0,0,0,0,1,1,1,1,1,57,9,5193,2,3,ISUZU TRUCKS FORWARD,6,E01007665,0,-1
2020010279804,2020,010279804,1,19,4,5,5,5,1,0,0,1,0,0,0,0,4,1,1,1,1,42,7,5193,2,2,-1,6,E01021772,0,-1
2020010250797,2020,010250797,1,20,5,18,19,5,1,0,0,8,0,0,0,0,3,1,1,1,1,43,7,5193,2,5,ISUZU TRUCKS FORWARD,2,E01001506,0,-1
2020030958813,2020,030958813,2,17,0,16,19,7,4,0,0,0,0,0,0,0,0,1,1,1,1,29,6,6700,2,5,-1,6,E01019338,0,-1
2020010280296,2020,010280296,1,5,0,18,19,3,7,0,0,0,0,0,0,0,0,1,2,2,1,43,7,625,1,15,-1,7,E01003794,0,-1
2020122000861,2020,122000861,2,4,0,18,19,3,7,0,0,1,1,0,0,0,1,1,6,6,1,32,6,125,1,5,-1,8,E01027839,0,-1
2020430047721,2020,430047721,1,3,0,18,19,4,2,0,0,8,0,0,0,0,1,1,6,6,1,18,4,125,1,4,-1,10,E01016761,0,-1
2020440432629,2020,440432629,2,3,0,18,19,1,5,0,0,8,0,0,0,0,4,1,6,6,2,43,7,125,1,4,-1,3,E01022540,0,-1
2020500987239,2020,500987239,1,3,0,18,19,1,5,0,0,8,0,0,0,0,1,1,5,6,2,19,4,-1,-1,-1,-1,3,E01015168,0,-1
2020460968016,2020,460968016,1,3,0,6,6,8,8,0,0,0,5,0,0,0,0,1,6,6,2,50,8,125,1,7,-1,2,E01016153,0,-1
2020010283128,2020,010283128,2,3,0,13,13,3,7,0,0,1,0,0,0,0,1,1,6,6,1,35,6,125,1,7,-1,-1,-1,0,-1
2020010278279,2020,010278279,1,3,0,18,19,5,1,0,0,1,0,0,0,0,1,1,6,6,1,29,6,125,1,6,-1,-1,-1,0,-1
2020010286279,2020,010286279,1,3,0,18,19,5,1,0,0,1,0,0,0,0,1,1,6,6,1,27,6,125,1,11,-1,4,E01001396,0,-1
2020460927291,2020,460927291,1,2,0,15,15,7,2,0,0,0,0,0,0,0,0,1,2,2,1,16,4,49,1,1,-1,1,E01024580,0,-1
2020010228540,2020,010228540,2,2,0,99,99,9,9,99,99,9,9,99,9,99,9,1,6,6,1,16,4,49,1,2,-1,3,E01004182,0,-1
2020010282399,2020,010282399,1,2,0,99,99,9,9,99,99,9,9,99,9,99,1,1,2,2,2,26,6,50,1,0,-1,4,E01001683,0,-1
2020070496341,2020,070496341,1,2,0,4,4,8,4,0,0,1,0,0,0,0,1,1,6,6,2,-1,-1,49,1,4,-1,-1,-1,0,-1
2020140926568,2020,140926568,1,3,0,17,19,4,2,0,0,0,0,0,1,0,3,1,5,6,1,20,4,125,1,1,-1,1,E01008015,0,-1
2020430273954,2020,430273954,1,2,0,9,9,4,2,0,0,1,0,0,0,0,2,1,6,6,1,16,4,49,1,4,-1,6,E01017809,0,-1
2020010236138,2020,010236138,1,2,0,9,9,4,2,0,0,8,9,0,0,99,3,1,2,2,3,48,8,49,1,4,-1,5,E01000619,0,-1
2020451006167,2020,451006167,1,97,0,9,9,3,7,0,0,6,0,0,0,0,2,1,2,2,2,43,7,49,1,0,-1,9,E01030705,0,-1
2020990922387,2020,990922387,2,2,0,18,19,3,7,0,0,8,1,0,0,0,1,1,5,6,1,16,4,49,1,4,-1,5,-1,0,-1
2020501007551,2020,501007551,1,2,0,7,7,8,4,0,0,3,0,0,0,0,4,1,2,2,2,33,6,50,1,0,-1,4,E01019013,0,-1
2020360961241,2020,360961241,2,9,0,18,19,-1,-1,0,0,0,0,0,0,0,0,1,4,7,1,28,6,999,1,1,MG XS,2,E01026805,0,-1
2020545213420,2020,545213420,1,9,0,5,5,5,1,0,0,8,0,0,0,0,2,1,6,6,2,50,8,999,1,1,MG XS,7,E01032116,0,-1
2020420970679,2020,420970679,2,9,0,18,19,3,7,0,0,0,0,0,0,0,2,1,5,6,1,84,11,999,1,1,MG XS,8,E01021349,0,-1
2020450984439,2020,450984439,2,9,0,7,7,7,3,0,0,6,0,0,0,0,3,1,6,6,2,40,7,999,1,0,MG XS,6,E01030631,0,-1
2020201018305,2020,201018305,1,9,0,9,9,3,8,0,0,6,0,0,0,0,3,1,6,6,1,49,8,999,1,0,MG XS,5,E01010069,0,-1
2020010284853,2020,010284853,1,9,0,9,9,1,8,0,0,8,0,0,0,0,1,1,2,2,2,20,4,1498,1,1,MG XS,9,E01023428,0,-1
2020610049320,2020,610049320,1,9,0,18,19,4,8,0,0,0,0,0,0,11,1,1,2,2,2,57,9,1498,1,2,MG XS,8,W01001553,0,-1
2020501001763,2020,501001763,2,9,0,3,3,5,7,0,0,8,0,0,0,0,2,1,5,6,2,29,6,1498,1,0,MG XS,5,E01020256,0,-1
2020320434964,2020,320434964,1,9,0,9,9,1,5,0,0,2,0,0,0,0,1,1,6,6,1,40,7,999,1,1,MG XS,4,E01026410,0,-1
2020010268443,2020,010268443,2,9,0,4,4,8,4,0,0,0,0,0,0,0,2,1,6,6,1,71,10,999,1,1,MG XS,-1,-1,0,-1
2020622001106,2020,622001106,1,9,0,18,19,6,2,0,0,0,0,0,0,0,1,1,6,6,1,28,6,1498,1,2,MG XS,5,W01001143,0,-1
2020610047120,2020,610047120,1,9,0,18,19,7,3,0,0,0,1,0,0,7,1,1,6,6,1,57,9,999,1,0,MG XS,-1,-1,0,-1
2020440090191,2020,440090191,1,9,0,14,14,6,2,0,0,0,0,0,0,0,1,1,2,2,1,48,8,1498,1,1,MG XS,1,E01022967,0,-1
20201379B0983,2020,1379B0983,3,9,0,4,4,6,2,0,0,0,0,0,0,0,2,1,6,6,2,56,9,999,1,2,MG XS,1,E01006779,0,-1
202063C070920,2020,63C070920,2,9,0,4,4,8,4,0,0,0,0,0,0,0,2,1,3,7,2,43,7,1498,1,1,MG XS,4,W01000602,0,-1
2020440173685,2020,440173685,2,9,0,10,10,4,8,0,0,8,0,0,0,0,2,1,6,6,2,35,6,1498,1,1,MG XS,9,E01022653,0,-1
2020990969441,2020,990969441,1,9,0,18,19,8,4,0,0,0,0,0,1,10,1,1,6,6,2,55,8,999,1,0,MG XS,6,-1,0,-1
2020610028920,2020,610028920,2,9,0,2,2,0,0,0,0,0,0,4,0,0,3,1,6,6,2,36,7,1498,1,1,MG XS,4,W01001050,0,-1
2020010264874,2020,010264874,2,9,0,99,99,9,9,99,99,9,9,99,9,99,9,9,6,6,3,-1,-1,999,1,0,MG XS,-1,-1,0,-1
2020420950186,2020,420950186,1,9,0,6,6,6,2,0,0,6,0,0,0,0,3,1,5,6,1,41,7,1498,1,2,MG XS,9,E01021240,0,-1
2020010253516,2020,010253516,1,9,0,7,7,8,1,0,0,5,0,0,0,0,1,1,6,6,1,34,6,1498,1,1,MG XS,2,E01003120,0,-1
2020040915723,2020,040915723,1,9,0,16,19,4,8,0,0,1,1,0,0,0,4,1,5,6,2,36,7,1498,1,2,MG XS,5,E01025387,0,-1
2020010262093,2020,010262093,2,9,0,99,99,9,9,99,99,5,9,99,9,99,9,9,6,6,3,-1,-1,999,1,0,MG XS,-1,-1,0,-1
2020100935529,2020,100935529,2,9,0,9,9,1,1,0,0,1,0,0,0,0,1,1,5,6,1,22,5,1498,1,0,MG XS,6,E01027517,0,-1
2020100982494,2020,100982494,1,9,0,9,9,7,4,0,0,0,0,0,0,0,3,1,5,6,1,65,9,1498,1,2,MG XS,9,E01025820,0,-1
2020460938327,2020,460938327,1,9,0,4,4,7,3,0,0,0,0,0,0,0,4,1,5,6,2,31,6,1498,1,2,MG XS,9,E01024256,0,-1
2020990981076,2020,990981076,1,9,0,17,19,6,2,0,0,0,1,0,0,0,1,1,5,6,2,54,8,999,1,0,MG XS,6,-1,0,-1
2020460936012,2020,460936012,1,9,0,4,4,7,3,0,0,0,0,0,0,0,1,1,5,6,1,46,8,1498,1,1,MG XS,7,E01032892,0,-1
2020010259330,2020,010259330,2,9,0,5,5,5,1,0,0,4,0,0,0,0,2,1,2,2,2,49,8,999,1,2,MG XS,8,E01033029,0,-1
2020610022720,2020,610022720,2,9,0,18,19,6,1,0,0,1,0,0,0,0,2,1,6,6,1,29,6,999,1,0,MG XS,1,W01001441,0,-1
2020552000543,2020,552000543,2,9,0,9,9,3,1,0,0,6,0,0,0,0,1,1,6,6,1,56,9,999,1,1,MG XS,8,E01015314,0,-1
2020100995162,2020,100995162,2,9,0,3,3,4,7,0,0,6,0,0,0,0,2,1,6,6,2,44,7,999,1,0,MG XS,2,E01027427,0,-1
2020440489579,2020,440489579,3,9,0,2,2,0,0,0,0,2,0,0,0,0,2,1,6,6,2,32,6,999,1,1,MG XS,6,E01023250,0,-1
2020410967102,2020,410967102,1,9,0,18,19,1,3,0,0,4,0,0,0,0,1,1,6,6,1,-1,-1,999,1,2,MG XS,6,E01017943,0,-1
2020070285148,2020,070285148,1,9,0,1,1,1,5,0,0,0,0,0,0,0,2,1,6,6,1,30,6,1498,1,0,MG XS,1,E01012546,0,-1
2020010274807,2020,010274807,1,9,0,99,99,9,9,99,99,1,9,99,9,99,2,9,6,6,2,39,7,1498,1,1,MG XS,5,E01003640,0,-1
2020471008077,2020,471008077,1,9,0,9,9,1,7,0,0,5,0,0,0,0,4,1,5,6,1,50,8,1498,1,1,MG XS,6,E01031509,0,-1
2020440414858,2020,440414858,1,9,0,7,7,6,2,0,0,1,0,0,0,0,2,1,6,6,2,33,6,999,1,2,MG XS,10,E01023035,0,-1
2020420992764,2020,420992764,1,9,0,18,19,6,2,0,0,1,0,0,0,0,1,1,6,6,1,75,10,999,1,0,MG XS,2,E01022054,0,-1
202006L174045,2020,06L174045,2,9,0,18,19,7,3,0,0,8,0,0,0,0,2,1,6,6,1,53,8,1498,1,2,MG XS,5,E01006265,0,-1
2020440371671,2020,440371671,1,9,0,18,19,5,8,0,0,2,0,0,0,0,1,1,6,6,1,19,4,1498,1,1,MG XS,4,E01017085,0,-1
202063D042220,2020,63D042220,1,9,0,17,19,8,4,0,0,0,5,0,0,0,0,1,6,6,2,31,6,197,1,-1,-1,5,W01001096,0,-1
2020010256196,2020,010256196,1,9,0,18,19,5,1,0,0,1,0,0,0,0,4,1,6,6,2,50,8,1149,1,9,-1,5,E01003222,0,-1
2020040945175,2020,040945175,1,9,0,7,7,1,2,0,0,2,0,0,0,0,1,1,5,6,1,59,9,1149,1,9,-1,1,E01025226,0,-1
2020221006808,2020,221006808,2,9,0,9,9,1,7,0,0,5,0,0,0,0,3,1,5,6,2,66,10,1149,1,10,-1,5,E01032198,0,-1
2020430068471,2020,430068471,1,9,0,17,19,8,4,0,0,0,0,0,0,0,1,1,6,6,2,32,6,1149,1,9,-1,9,E01022207,0,-1
2020170L20850,2020,170L20850,2,9,0,13,13,2,6,0,0,1,0,0,0,0,4,1,6,6,1,62,9,1149,1,8,-1,9,E01032593,0,-1
2020410931665,2020,410931665,1,9,0,7,7,2,4,0,0,2,0,0,0,0,1,1,6,6,2,36,7,1598,1,10,-1,7,E01000198,0,-1
2020200952845,2020,200952845,2,9,0,9,9,6,4,0,0,5,0,0,0,0,4,1,6,6,1,53,8,2597,1,36,-1,2,E01008946,0,-1
2020140957785,2020,140957785,2,21,0,18,19,8,3,0,0,3,0,0,0,0,2,1,1,1,1,71,10,12740,2,6,MAKE AND MODEL REDACTED,6,E01027570,0,-1
2020450930629,2020,450930629,4,11,0,9,9,1,5,0,0,0,0,0,0,0,0,1,1,1,1,61,9,11967,2,13,-1,6,E01030371,0,-1
2020370944540,2020,370944540,1,11,0,5,5,8,4,0,0,1,0,0,0,0,1,1,1,1,1,55,8,11967,2,16,-1,6,E01030273,0,-1
2020231003334,2020,231003334,1,3,0,9,9,3,1,0,0,3,1,0,0,0,2,1,5,6,1,29,6,125,1,1,-1,5,E01031169,0,-1
2020552000084,2020,552000084,1,3,0,18,19,2,6,0,0,0,0,0,0,0,1,1,2,2,2,20,4,125,1,2,-1,2,E01020348,0,-1
2020552000754,2020,552000754,2,4,0,10,10,6,2,0,0,8,0,0,0,0,2,1,6,6,1,32,6,125,1,3,-1,5,E01033283,0,-1
2020461001591,2020,461001591,2,3,0,13,13,8,4,0,0,2,0,0,0,0,1,1,5,6,1,24,5,125,1,0,-1,2,E01024775,0,-1
2020351006799,2020,351006799,2,3,0,17,19,2,8,0,0,0,1,0,1,9,1,1,2,2,1,20,4,125,1,2,-1,4,E01018146,0,-1
2020470977264,2020,470977264,1,3,0,18,19,4,8,0,0,0,0,0,0,0,1,1,5,6,1,19,4,125,1,3,-1,7,E01020962,0,-1
20201377D0853,2020,1377D0853,1,3,0,18,19,7,3,0,0,1,0,0,0,0,1,1,6,6,1,18,4,125,1,2,-1,-1,-1,0,-1
2020010248303,2020,010248303,1,3,0,99,99,9,9,99,99,9,9,99,9,99,9,1,6,6,1,30,6,125,1,2,-1,3,E01002749,0,-1
2020137AV1162,2020,137AV1162,1,3,0,18,19,3,7,0,0,8,0,0,0,0,1,1,6,6,1,18,4,125,1,2,-1,7,E01011833,0,-1
2020200989517,2020,200989517,2,3,0,18,19,8,4,0,0,0,0,0,0,0,1,1,1,1,1,17,4,125,1,2,-1,8,E01009722,0,-1
2020302001061,2020,302001061,1,9,0,11,11,5,8,0,0,0,0,0,0,0,4,1,6,6,1,39,7,1998,2,14,-1,2,E01008158,0,-1
2020160935419,2020,160935419,2,9,0,18,19,3,7,0,0,0,0,0,0,0,1,1,6,6,1,64,9,1998,2,11,-1,1,E01013080,0,-1
2020137C71673,2020,137C71673,1,3,0,18,19,8,4,0,0,8,0,0,0,0,1,1,6,6,1,-1,-1,200,1,12,-1,-1,-1,0,-1
2020470977805,2020,470977805,1,4,0,18,19,1,5,0,0,0,0,0,0,0,1,1,6,6,1,66,10,200,1,0,-1,7,E01021173,0,-1
2020010247817,2020,010247817,2,4,0,16,19,3,7,0,0,1,0,0,0,0,2,1,2,2,1,57,9,200,1,2,-1,4,E01002593,0,-1
2020040952883,2020,040952883,2,4,0,18,19,3,7,0,0,1,0,0,0,0,1,1,5,6,1,79,11,200,1,3,-1,6,E01025548,0,-1