collision_index,collision_year,collision_ref_no,vehicle_reference,vehicle_type,towing_and_articulation,vehicle_manoeuvre_historic,vehicle_manoeuvre,vehicle_direction_from,vehicle_direction_to,vehicle_location_restricted_lane_historic,vehicle_location_restricted_lane,junction_location,skidding_and_overturning,hit_object_in_carriageway,vehicle_leaving_carriageway,hit_object_off_carriageway,first_point_of_impact,vehicle_left_hand_drive,journey_purpose_of_driver_historic,journey_purpose_of_driver,sex_of_driver,age_of_driver,age_band_of_driver,engine_capacity_cc,propulsion_code,age_of_vehicle,generic_make_model,driver_imd_decile,lsoa_of_driver,escooter_flag,driver_distance_banding
2020221003851,2020,221003851,1,9,0,16,19,8,2,0,0,0,1,0,7,4,1,1,5,6,1,24,5,1998,1,2,TOYOTA GT86,6,E01031240,0,-1
2020350923891,2020,350923891,1,9,0,13,13,6,2,0,0,0,0,0,1,4,1,1,6,6,1,28,6,1998,1,2,TOYOTA GT86,4,E01026661,0,-1
2020420925850,2020,420925850,1,9,0,18,19,5,1,0,0,0,0,0,0,0,3,1,5,6,1,20,4,1998,1,5,TOYOTA GT86,7,E01015977,0,-1
2020040932067,2020,040932067,1,9,0,18,19,1,5,0,0,0,1,0,0,0,1,1,5,6,1,71,10,1998,1,3,TOYOTA GT86,1,E01012737,0,-1
2020040951257,2020,040951257,2,9,0,5,5,5,1,0,0,0,0,0,0,0,1,1,5,6,2,68,10,1998,1,7,TOYOTA GT86,4,E01004920,0,-1
202006E378875,2020,06E378875,1,9,0,18,19,3,7,0,0,8,0,0,0,0,1,1,6,6,1,23,5,1998,1,3,TOYOTA GT86,-1,-1,0,-1
202063C013320,2020,63C013320,2,9,0,4,4,3,6,0,0,0,0,0,1,10,3,1,1,1,1,20,4,1998,1,7,TOYOTA GT86,5,W01000599,0,-1
2020170L10440,2020,170L10440,1,9,0,18,19,2,8,0,0,0,2,0,1,9,4,1,6,6,1,31,6,1998,1,8,TOYOTA GT86,5,E01027813,0,-1
2020010251183,2020,010251183,1,9,0,9,9,5,3,0,0,0,1,0,0,0,3,1,6,6,1,27,6,1998,1,8,TOYOTA GT86,3,E01001366,0,-1
2020549455720,2020,549455720,1,9,0,18,19,7,3,0,0,0,1,0,1,0,1,1,6,6,1,19,4,1998,1,3,TOYOTA GT86,4,E01022188,0,-1
2020520003848,2020,520003848,1,9,0,16,19,4,8,0,0,8,0,0,0,0,3,1,6,6,1,19,4,1998,1,8,TOYOTA GT86,7,E01014535,0,-1
2020420946717,2020,420946717,3,9,0,18,19,2,6,0,0,0,0,0,0,0,4,1,5,6,1,24,5,1998,1,5,TOYOTA GT86,7,E01021797,0,-1
2020451009049,2020,451009049,1,9,0,10,10,5,3,0,0,0,0,0,7,0,3,1,1,1,2,52,8,1998,1,4,TOYOTA GT86,9,E01031001,0,-1
2020230919074,2020,230919074,1,9,0,17,19,8,4,0,0,0,2,0,7,10,1,1,5,6,1,23,5,1998,1,3,TOYOTA GT86,10,E01010187,0,-1
2020010251452,2020,010251452,1,9,0,1,1,5,1,0,0,8,0,0,0,0,2,1,6,6,3,-1,-1,1998,1,7,TOYOTA GT86,-1,-1,0,-1
2020370935564,2020,370935564,1,9,0,18,19,5,1,0,0,0,0,0,0,0,1,1,5,6,1,26,6,1998,1,8,TOYOTA GT86,3,E01030253,0,-1
2020302000630,2020,302000630,2,5,0,16,19,5,1,0,0,1,0,0,0,0,1,1,6,6,1,45,7,1050,1,5,-1,8,E01031011,0,-1
2020460990391,2020,460990391,2,5,0,18,19,5,1,0,0,1,0,0,0,0,1,1,6,6,1,32,6,1050,1,5,-1,10,E01024324,0,-1
2020210995211,2020,210995211,1,9,0,7,7,8,2,0,0,8,0,0,0,0,1,1,6,6,1,18,4,1229,1,14,VAUXHALL CORSA,4,E01029715,0,-1
2020030939726,2020,030939726,1,9,0,18,19,5,1,0,0,0,0,0,0,0,2,1,6,6,2,25,5,1364,1,12,VAUXHALL CORSA,8,E01025272,0,-1
2020010228723,2020,010228723,1,9,0,99,99,9,9,99,99,9,9,99,9,99,9,9,6,6,1,20,4,1229,1,5,VAUXHALL CORSA,3,E01001311,0,-1
2020460944070,2020,460944070,1,9,0,5,5,2,2,0,0,1,0,0,0,0,1,1,5,6,1,20,4,1398,1,1,VAUXHALL CORSA,1,E01024676,0,-1
2020411003562,2020,411003562,1,9,0,18,19,5,1,0,0,0,2,0,0,0,1,1,6,6,1,-1,-1,1229,1,7,VAUXHALL CORSA,-1,-1,0,-1
2020461000630,2020,461000630,2,9,0,18,19,3,7,0,0,0,0,0,0,0,1,1,5,6,1,24,5,1398,1,4,VAUXHALL CORSA,8,E01032620,0,-1
2020170H10280,2020,170H10280,1,9,0,18,19,2,6,0,0,0,0,12,0,0,1,1,6,6,1,54,8,1398,1,10,VAUXHALL CORSA,4,E01032544,0,-1
2020160921781,2020,160921781,1,9,0,9,9,6,5,0,0,8,0,0,0,0,1,1,2,2,2,30,6,1229,1,5,VAUXHALL CORSA,9,E01013266,0,-1
2020010257096,2020,010257096,1,9,0,10,10,1,6,0,0,2,0,0,0,0,1,1,6,6,1,20,4,1199,1,17,VAUXHALL CORSA,3,E01003172,0,-1
2020552000793,2020,552000793,2,9,0,18,19,2,6,0,0,0,0,0,0,0,1,1,6,6,2,30,6,1229,1,8,VAUXHALL CORSA,7,E01020436,0,-1
2020470970102,2020,470970102,2,9,0,3,3,8,2,0,0,0,0,0,0,0,2,1,5,6,2,31,6,1248,2,12,VAUXHALL CORSA,10,E01031717,0,-1
2020450970823,2020,450970823,2,9,0,18,19,1,4,0,0,0,0,0,0,0,1,1,6,6,1,19,4,1199,1,17,VAUXHALL CORSA,6,E01030548,0,-1
2020010255006,2020,010255006,1,9,0,99,99,9,9,99,99,0,9,99,9,99,1,9,6,6,2,20,4,1229,1,10,VAUXHALL CORSA,6,E01015925,0,-1
2020460953820,2020,460953820,2,9,0,2,2,0,0,0,0,0,0,0,0,0,2,1,5,6,1,22,5,1229,1,7,VAUXHALL CORSA,8,E01032818,0,-1
2020070245966,2020,070245966,2,9,0,1,1,5,1,9,9,0,0,0,0,0,4,1,6,6,2,60,9,1229,1,10,VAUXHALL CORSA,2,E01018485,0,-1
2020622000497,2020,622000497,1,9,0,16,19,2,6,0,0,0,0,0,1,11,1,1,6,6,1,19,4,1686,2,11,VAUXHALL CORSA,10,W01000791,0,-1
20201373L0790,2020,1373L0790,1,9,0,18,19,1,5,0,0,0,0,0,0,0,1,1,6,6,2,19,4,1364,1,3,VAUXHALL CORSA,1,E01010653,0,-1
2020052000039,2020,052000039,2,9,0,18,19,7,3,0,0,0,0,0,0,0,3,1,6,6,2,25,5,1229,1,13,VAUXHALL CORSA,4,E01006554,0,-1
2020500924806,2020,500924806,2,9,0,18,19,5,1,0,0,8,0,0,0,0,3,1,6,6,2,27,6,1229,1,8,VAUXHALL CORSA,6,E01029240,0,-1
20201379D1072,2020,1379D1072,1,9,0,18,19,4,1,0,0,0,0,0,0,0,1,1,6,6,1,24,5,1229,1,6,VAUXHALL CORSA,2,E01010961,0,-1
2020990978777,2020,990978777,1,9,0,5,5,8,3,0,0,8,0,0,0,0,1,1,5,6,1,22,5,1229,1,8,VAUXHALL CORSA,1,-1,0,-1
2020320127764,2020,320127764,2,9,0,3,3,1,5,0,0,0,0,0,0,0,2,1,1,1,2,31,6,1229,1,11,VAUXHALL CORSA,6,E01026380,0,-1
2020351018762,2020,351018762,1,9,0,5,5,1,5,0,0,3,0,0,0,0,1,1,1,1,1,32,6,1598,1,11,VAUXHALL CORSA,3,E01015643,0,-1
2020440181018,2020,440181018,2,9,0,6,6,8,8,0,0,8,0,0,0,0,3,1,6,6,2,59,9,1364,1,13,VAUXHALL CORSA,8,E01017148,0,-1
2020990915030,2020,990915030,1,9,0,9,9,6,3,0,0,1,0,0,0,0,3,1,2,2,2,28,6,1229,1,8,VAUXHALL CORSA,9,-1,0,-1
2020400983953,2020,400983953,2,9,0,13,13,2,3,0,0,0,0,0,0,0,4,1,2,2,1,17,4,1398,1,1,VAUXHALL CORSA,10,E01017374,0,-1
2020450975329,2020,450975329,1,9,0,16,19,4,1,0,0,0,1,0,7,0,1,1,2,2,2,18,4,1229,1,9,VAUXHALL CORSA,7,E01030826,0,-1
2020010285607,2020,010285607,2,9,0,2,2,0,0,0,0,1,0,0,0,0,0,1,6,6,3,-1,-1,1364,1,3,VAUXHALL CORSA,-1,-1,0,-1
2020070630130,2020,070630130,1,9,0,18,19,7,3,0,0,0,0,0,0,0,1,1,6,6,1,22,5,1398,1,4,VAUXHALL CORSA,9,E01018723,0,-1
2020460921705,2020,460921705,1,9,0,18,19,2,6,0,0,0,0,0,0,0,2,1,6,6,2,24,5,1598,1,12,VAUXHALL CORSA,4,E01024099,0,-1
2020231022130,2020,231022130,1,9,0,5,5,7,3,0,0,1,0,0,0,0,1,1,6,6,1,21,5,1398,1,4,VAUXHALL CORSA,6,E01010023,0,-1
2020200932087,2020,200932087,1,9,0,5,5,2,8,0,0,1,0,0,0,0,1,1,6,6,2,19,4,1398,1,6,VAUXHALL CORSA,2,E01009742,0,-1
2020201002270,2020,201002270,1,9,0,18,19,4,8,0,0,2,2,7,7,0,1,1,5,6,1,36,7,1199,1,18,VAUXHALL CORSA,5,E01028846,0,-1
2020010263411,2020,010263411,4,9,0,18,19,8,4,0,0,0,0,0,0,0,0,1,6,6,1,41,7,1199,1,17,VAUXHALL CORSA,6,E01002555,0,-1
2020030983745,2020,030983745,1,9,0,7,7,7,1,0,0,0,1,0,0,0,1,1,6,6,2,62,9,1398,1,7,VAUXHALL CORSA,8,E01019105,0,-1
2020052000398,2020,052000398,1,9,0,18,19,7,3,0,0,1,0,0,0,0,3,1,6,6,1,28,6,1229,1,7,VAUXHALL CORSA,1,E01032903,0,-1
20201377E1847,2020,1377E1847,1,9,0,7,7,6,2,0,0,1,0,0,0,0,4,1,6,6,1,40,7,1229,1,11,VAUXHALL CORSA,1,E01010666,0,-1
20201377S0715,2020,1377S0715,1,9,0,7,7,5,1,0,0,1,0,0,0,0,1,1,6,6,1,31,6,1598,1,13,VAUXHALL CORSA,1,E01011107,0,-1
2020137C21459,2020,137C21459,2,9,0,18,19,5,1,0,0,8,0,0,1,7,1,1,6,6,1,18,4,1229,1,12,VAUXHALL CORSA,1,E01011318,0,-1
2020302000930,2020,302000930,2,9,0,18,19,5,1,0,0,4,0,0,0,0,1,1,6,6,1,22,5,1229,1,11,VAUXHALL CORSA,5,E01025936,0,-1
2020100941120,2020,100941120,2,9,0,3,3,1,5,0,0,0,0,0,0,0,2,1,5,6,1,72,10,1229,1,7,VAUXHALL CORSA,2,E01008847,0,-1
2020990976313,2020,990976313,1,9,0,1,1,3,7,0,0,0,0,4,0,0,2,1,5,6,1,83,11,1398,1,5,VAUXHALL CORSA,10,-1,0,-1
2020320479024,2020,320479024,1,9,0,9,9,7,3,0,0,1,0,0,0,0,4,1,6,6,1,93,11,1398,1,8,VAUXHALL CORSA,6,E01026120,0,-1
2020230950615,2020,230950615,2,9,0,7,7,5,7,0,0,3,0,0,0,0,3,1,5,6,2,48,8,1398,1,6,VAUXHALL CORSA,3,E01031080,0,-1
2020460954936,2020,460954936,2,9,0,2,2,0,0,0,0,0,0,0,0,0,1,1,1,1,2,22,5,1364,1,14,VAUXHALL CORSA,1,E01024682,0,-1
2020991011625,2020,991011625,3,9,0,4,4,3,7,0,0,1,0,0,0,0,3,1,1,1,1,26,6,1398,1,1,VAUXHALL CORSA,2,-1,0,-1
2020461004975,2020,461004975,2,9,0,2,2,0,0,0,0,0,0,0,0,0,2,1,5,6,2,37,7,1229,1,10,VAUXHALL CORSA,4,E01024620,0,-1
2020110931580,2020,110931580,1,9,0,9,9,7,5,0,0,8,0,0,0,0,1,1,6,6,1,17,4,1229,1,10,VAUXHALL CORSA,4,E01020651,0,-1
2020200987060,2020,200987060,1,9,0,18,19,5,1,0,0,0,1,7,4,11,1,1,6,6,1,18,4,1398,1,4,VAUXHALL CORSA,1,E01009057,0,-1
2020122001241,2020,122001241,2,9,0,18,19,4,8,0,0,0,0,0,0,0,1,1,6,6,1,47,8,1398,1,1,VAUXHALL CORSA,9,E01007951,0,-1
2020040935899,2020,040935899,2,9,0,18,19,3,7,6,6,0,1,7,0,0,3,1,5,6,2,26,6,1398,1,1,VAUXHALL CORSA,10,E01025380,0,-1
2020470978243,2020,470978243,2,9,0,4,4,3,5,0,0,1,0,0,0,0,2,1,2,2,1,35,6,1229,1,8,VAUXHALL CORSA,6,E01031468,0,-1
2020010265628,2020,010265628,5,9,0,2,2,0,0,0,0,1,0,0,0,0,4,1,6,6,3,-1,-1,1229,1,12,VAUXHALL CORSA,-1,-1,0,-1
2020500930376,2020,500930376,1,9,0,18,19,1,4,0,0,1,0,0,0,0,1,1,5,6,1,24,5,1398,1,5,VAUXHALL CORSA,1,E01015267,0,-1
2020450936507,2020,450936507,1,9,0,18,19,5,1,0,0,8,0,0,7,0,1,1,2,2,1,40,7,1229,1,16,VAUXHALL CORSA,2,E01017106,0,-1
2020010274382,2020,010274382,1,9,0,99,99,9,9,99,99,9,9,99,9,99,9,9,6,6,2,18,4,1229,1,12,VAUXHALL CORSA,2,E01001485,0,-1
2020990998860,2020,990998860,2,9,0,2,2,0,0,0,0,0,0,0,0,0,4,1,6,6,2,24,5,1229,1,15,VAUXHALL CORSA,1,-1,0,-1
2020622000233,2020,622000233,3,9,0,18,19,4,8,0,0,0,0,0,1,7,1,1,6,6,2,20,4,1398,1,1,VAUXHALL CORSA,2,W01001282,0,-1
2020460974678,2020,460974678,1,9,0,5,5,8,4,0,0,6,0,0,0,0,1,1,5,6,2,58,9,1598,1,4,VAUXHALL CORSA,10,E01016051,0,-1
2020440414137,2020,440414137,2,9,0,18,19,2,6,0,0,8,0,0,0,0,1,1,6,6,1,22,5,1362,1,6,VAUXHALL CORSA,-1,-1,0,-1
2020200931358,2020,200931358,3,9,0,18,19,-1,-1,0,0,0,0,0,0,0,0,1,6,6,1,27,6,1364,1,11,VAUXHALL CORSA,3,E01012777,0,-1
2020360937760,2020,360937760,1,9,0,18,19,-1,-1,5,5,0,0,0,0,0,1,1,6,6,2,56,9,1364,1,12,VAUXHALL CORSA,5,E01026768,0,-1
2020410922916,2020,410922916,1,9,0,3,3,5,8,0,0,0,0,0,0,0,2,1,5,6,2,31,6,1229,1,6,VAUXHALL CORSA,5,E01023537,0,-1
202031A088220,2020,31A088220,2,9,0,18,19,3,7,0,0,0,0,0,0,0,1,1,6,6,1,59,9,1199,1,0,VAUXHALL CORSA,4,E01028249,0,-1
2020610006820,2020,610006820,2,9,0,10,10,4,8,0,0,1,0,0,0,0,3,1,1,1,1,31,6,1229,1,7,VAUXHALL CORSA,6,W01001470,0,-1
2020230971374,2020,230971374,1,9,0,10,10,7,5,0,0,1,0,0,0,0,1,1,5,6,2,73,10,1229,1,8,VAUXHALL CORSA,9,E01031258,0,-1
2020990931973,2020,990931973,2,9,0,18,19,2,6,0,0,1,0,0,0,0,1,1,5,6,1,24,5,1598,1,6,VAUXHALL CORSA,1,-1,0,-1
2020440278606,2020,440278606,2,9,0,7,7,5,7,0,0,8,0,0,0,0,1,1,6,6,2,35,6,1199,1,19,VAUXHALL CORSA,5,E01022543,0,-1
2020430427340,2020,430427340,2,9,0,18,19,8,4,0,0,1,0,0,0,0,1,1,6,6,2,21,5,998,1,17,VAUXHALL CORSA,4,E01017903,0,-1
2020010270878,2020,010270878,1,9,0,99,99,9,9,0,0,0,0,0,0,0,4,9,6,6,2,25,5,1398,1,1,VAUXHALL CORSA,3,E01002079,0,-1
2020302001587,2020,302001587,1,9,0,18,19,5,1,0,0,0,0,0,0,0,1,1,6,6,1,-1,-1,1248,2,12,VAUXHALL CORSA,2,E01032621,0,-1
2020610048020,2020,610048020,1,9,0,5,5,1,0,0,0,8,0,0,0,0,3,1,6,6,1,17,4,1229,1,6,VAUXHALL CORSA,9,W01001502,0,-1
2020110989307,2020,110989307,1,9,0,18,19,1,5,0,0,0,0,0,0,0,1,1,6,6,3,30,6,1229,1,5,VAUXHALL CORSA,2,E01027749,0,-1
2020200942658,2020,200942658,1,9,0,1,1,4,8,0,0,0,0,0,0,0,2,1,6,6,2,-1,-1,1398,1,4,VAUXHALL CORSA,-1,-1,0,-1
2020201018755,2020,201018755,2,9,0,3,3,1,5,0,0,1,0,0,0,0,2,1,6,6,1,37,7,1398,1,1,VAUXHALL CORSA,1,E01009269,0,-1
2020552000218,2020,552000218,1,9,0,13,13,3,7,0,0,8,0,0,7,10,4,1,6,6,1,35,6,1199,1,16,VAUXHALL CORSA,5,E01015375,0,-1
2020450995661,2020,450995661,1,9,0,18,19,4,8,0,0,1,0,0,0,0,1,1,5,6,2,69,10,1199,1,17,VAUXHALL CORSA,10,E01030396,0,-1
2020010246643,2020,010246643,2,9,0,99,99,9,9,0,0,0,0,0,0,0,1,9,6,6,3,-1,-1,1229,1,11,VAUXHALL CORSA,-1,-1,0,-1
2020500925505,2020,500925505,3,9,0,18,19,3,7,0,0,0,0,0,0,0,3,1,6,6,1,17,4,1364,1,13,VAUXHALL CORSA,5,E01020339,0,-1
2020350950522,2020,350950522,1,9,0,18,19,2,6,0,0,8,0,7,0,0,1,1,5,6,2,70,10,1364,1,11,VAUXHALL CORSA,6,E01017973,0,-1
2020420924858,2020,420924858,1,9,0,7,7,1,5,0,0,8,0,0,0,0,3,1,6,6,1,75,10,1364,1,10,VAUXHALL CORSA,9,E01021757,0,-1
2020450932373,2020,450932373,1,9,0,17,19,3,7,0,0,0,1,11,0,0,1,1,1,1,1,23,5,1229,1,10,VAUXHALL CORSA,10,E01023114,0,-1
2020122000496,2020,122000496,1,9,0,18,19,5,1,0,0,1,0,0,0,0,2,1,6,6,1,19,4,1229,1,5,VAUXHALL CORSA,4,E01027835,0,-1
2020201000814,2020,201000814,1,9,0,18,19,6,2,0,0,2,0,0,0,0,1,1,6,6,1,19,4,1398,1,3,VAUXHALL CORSA,8,E01009819,0,-1
2020010228434,2020,010228434,2,9,0,9,9,1,7,0,0,1,0,0,0,0,4,1,6,6,2,59,9,1398,1,8,VAUXHALL CORSA,4,E01000722,0,-1
2020010238855,2020,010238855,1,9,0,9,9,5,3,0,0,2,1,0,0,0,4,1,6,6,1,41,7,1199,1,17,VAUXHALL CORSA,5,E01000975,0,-1
2020990941824,2020,990941824,1,9,0,18,19,2,6,0,0,1,0,0,1,0,1,1,6,6,1,57,9,1398,1,1,VAUXHALL CORSA,1,-1,0,-1
2020201016212,2020,201016212,2,9,0,18,19,5,1,0,0,8,0,0,0,0,1,1,6,6,1,25,5,998,1,7,VAUXHALL CORSA,2,E01033641,0,-1
2020430206520,2020,430206520,2,9,0,18,19,7,3,0,0,0,0,0,0,0,3,1,6,6,2,29,6,1229,1,12,VAUXHALL CORSA,4,E01016529,0,-1
2020200995085,2020,200995085,1,9,0,18,19,1,5,0,0,0,0,0,0,0,1,1,6,6,2,72,10,1229,1,12,VAUXHALL CORSA,7,E01010394,0,-1
2020010253612,2020,010253612,2,9,0,18,19,5,8,0,0,8,0,0,0,0,1,1,6,6,3,-1,-1,1229,1,13,VAUXHALL CORSA,-1,-1,0,-1
2020010251846,2020,010251846,1,9,0,99,99,9,9,0,0,8,0,99,0,0,0,9,6,6,1,19,4,1229,1,12,VAUXHALL CORSA,1,E01003065,0,-1
2020052100011,2020,052100011,1,9,0,9,9,5,3,0,0,5,0,0,0,0,1,1,6,6,1,49,8,1248,2,6,VAUXHALL CORSA,1,E01007289,0,-1
2020430307026,2020,430307026,1,9,0,2,2,0,0,0,0,0,0,0,0,0,3,1,6,6,1,26,6,998,1,16,VAUXHALL CORSA,5,E01028580,0,-1
2020460994287,2020,460994287,3,9,0,2,2,0,0,0,0,0,0,0,0,0,4,1,5,6,2,37,7,1248,2,8,VAUXHALL CORSA,5,E01024485,0,-1
2020450941927,2020,450941927,1,9,0,5,5,3,7,0,0,4,0,0,0,0,4,1,5,6,1,21,5,1398,1,1,VAUXHALL CORSA,10,E01016235,0,-1
2020010286376,2020,010286376,2,9,0,99,99,9,9,99,99,9,9,99,9,99,9,9,6,6,1,20,4,1229,1,7,VAUXHALL CORSA,2,E01002764,0,-1
2020540133019,2020,540133019,1,9,0,18,19,2,6,0,0,2,0,10,1,0,4,1,6,6,1,38,7,1398,1,9,VAUXHALL CORSA,5,E01032103,0,-1
2020211027430,2020,211027430,2,9,0,18,19,3,7,0,0,8,0,0,0,0,4,1,1,1,1,24,5,1398,1,6,VAUXHALL CORSA,5,E01009926,0,-1
2020052002666,2020,052002666,1,9,0,3,3,5,1,0,0,1,0,0,0,0,1,1,6,6,2,32,6,1229,1,12,VAUXHALL CORSA,1,E01006673,0,-1
2020530925805,2020,530925805,1,9,0,18,19,8,4,0,0,0,0,0,0,0,1,1,5,6,1,29,6,1199,1,17,VAUXHALL CORSA,10,E01022106,0,-1
2020522000413,2020,522000413,2,9,0,18,19,6,2,0,0,8,0,0,0,0,1,1,6,6,2,69,10,1199,1,21,VAUXHALL CORSA,9,E01014998,0,-1
2020010231846,2020,010231846,1,9,0,5,5,5,1,0,0,2,0,0,0,0,1,1,6,6,1,23,5,1364,1,11,VAUXHALL CORSA,2,E01000901,0,-1
2020610003320,2020,610003320,1,9,0,18,19,6,2,0,0,6,0,0,0,2,1,1,6,6,1,34,6,1364,1,13,VAUXHALL CORSA,2,W01001348,0,-1
2020400921531,2020,400921531,1,9,0,18,19,5,1,0,0,1,0,0,0,0,1,1,5,6,2,21,5,1229,1,11,VAUXHALL CORSA,9,E01017417,0,-1
2020010250453,2020,010250453,1,9,0,18,19,6,2,0,0,6,0,0,0,0,3,1,6,6,1,64,9,1364,1,11,VAUXHALL CORSA,4,E01003907,0,-1
202006K266910,2020,06K266910,1,9,0,18,19,2,6,0,0,8,0,0,0,0,4,1,6,6,2,27,6,1398,1,3,VAUXHALL CORSA,6,E01006317,0,-1
2020302000870,2020,302000870,1,9,0,18,19,8,4,0,0,0,0,0,0,0,1,1,6,6,2,21,5,1229,1,7,VAUXHALL CORSA,5,E01013587,0,-1
2020010281352,2020,010281352,1,9,0,9,9,3,1,0,0,8,0,0,0,0,4,1,6,6,2,25,5,998,1,12,VAUXHALL CORSA,2,E01001753,0,-1
2020052002509,2020,052002509,1,9,0,18,19,1,5,0,0,0,0,0,1,4,1,1,6,6,1,37,7,1229,1,7,VAUXHALL CORSA,1,E01006756,0,-1
2020440440186,2020,440440186,2,9,0,2,2,0,0,0,0,0,0,0,0,0,1,1,6,6,2,49,8,1229,1,6,VAUXHALL CORSA,4,E01022635,0,-1
2020010256588,2020,010256588,2,9,0,4,4,7,3,0,0,6,0,0,0,0,3,1,6,6,1,23,5,1229,1,12,VAUXHALL CORSA,1,E01003517,0,-1
2020520101275,2020,520101275,2,9,0,18,19,4,8,0,0,0,0,0,0,0,1,1,6,6,1,18,4,1398,1,4,VAUXHALL CORSA,8,E01029251,0,-1
2020400923722,2020,400923722,1,9,0,16,19,4,8,0,0,1,1,10,7,8,1,1,5,6,2,17,4,1229,1,9,VAUXHALL CORSA,8,E01017444,0,-1
2020302001105,2020,302001105,1,9,0,18,19,4,8,0,0,8,0,0,0,0,1,1,6,6,1,29,6,1598,1,6,VAUXHALL CORSA,3,E01013455,0,-1
2020140926834,2020,140926834,1,9,0,18,19,6,2,0,0,8,1,0,0,0,3,1,2,2,1,19,4,1229,1,12,VAUXHALL CORSA,1,E01007873,0,-1
2020530974855,2020,530974855,3,9,0,4,4,1,5,0,0,1,0,0,1,0,1,1,5,6,1,24,5,1229,1,13,VAUXHALL CORSA,9,E01017920,0,-1
2020122000335,2020,122000335,1,9,0,18,19,1,5,0,0,6,0,0,0,0,1,1,6,6,2,38,7,1398,1,3,VAUXHALL CORSA,7,E01027692,0,-1
2020400968517,2020,400968517,2,9,0,5,5,1,5,0,0,1,0,0,0,0,1,1,5,6,1,20,4,1229,1,11,VAUXHALL CORSA,7,E01017584,0,-1
2020400985742,2020,400985742,1,9,0,18,19,1,5,0,0,0,0,0,0,0,1,1,5,6,1,18,4,1229,1,13,VAUXHALL CORSA,4,E01015804,0,-1
2020460955388,2020,460955388,1,9,0,15,15,3,7,0,0,0,0,0,7,10,3,1,6,6,3,-1,-1,973,1,17,VAUXHALL CORSA,-1,-1,0,-1
2020200970602,2020,200970602,1,9,0,9,9,5,2,0,0,2,0,4,0,0,1,1,6,6,1,21,5,1229,1,9,VAUXHALL CORSA,2,E01009944,0,-1
2020332000117,2020,332000117,1,9,0,16,19,5,7,0,0,2,0,0,7,4,1,1,6,6,2,19,4,1229,1,7,VAUXHALL CORSA,8,E01013807,0,-1
2020990935142,2020,990935142,1,9,0,18,19,7,2,0,0,0,0,0,0,0,1,1,5,6,1,19,4,1398,1,1,VAUXHALL CORSA,-1,-1,0,-1
2020430043292,2020,430043292,2,9,0,9,9,5,3,0,0,6,0,0,0,0,3,1,6,6,2,-1,-1,1229,1,8,VAUXHALL CORSA,-1,-1,0,-1
2020010232718,2020,010232718,1,9,0,17,19,7,5,0,0,8,0,10,3,1,1,1,6,6,1,22,5,1229,1,10,VAUXHALL CORSA,3,E01001445,0,-1
2020320509593,2020,320509593,2,9,0,18,19,3,7,0,0,0,0,0,0,0,1,1,6,6,2,37,7,1398,1,10,VAUXHALL CORSA,1,E01026152,0,-1
2020530963802,2020,530963802,1,9,0,18,19,5,1,0,0,0,1,0,1,4,4,1,6,6,2,28,6,1398,1,7,VAUXHALL CORSA,6,E01022267,0,-1
2020320602569,2020,320602569,2,9,0,18,19,3,7,0,0,0,0,0,7,0,1,1,6,6,1,25,5,-1,-1,-1,VAUXHALL CORSA,5,E01026276,0,-1
2020450924560,2020,450924560,1,9,0,18,19,1,5,0,0,0,0,0,0,0,1,1,2,2,1,19,4,1398,1,7,VAUXHALL CORSA,9,E01030718,0,-1
2020530935287,2020,530935287,1,9,0,18,19,8,4,0,0,0,0,0,2,4,3,1,2,2,1,36,7,1229,1,15,VAUXHALL CORSA,4,E01022301,0,-1
2020030966042,2020,030966042,1,9,0,16,19,4,8,0,0,0,2,0,8,0,1,1,5,6,1,29,6,1229,1,14,VAUXHALL CORSA,2,E01006308,0,-1
2020460938657,2020,460938657,2,9,0,11,11,4,7,0,0,5,0,0,1,0,1,1,6,6,2,26,6,1248,2,11,VAUXHALL CORSA,3,E01024352,0,-1
2020340E00182,2020,340E00182,1,9,0,7,7,3,7,0,0,6,0,0,0,0,1,1,2,2,1,18,4,1364,1,16,VAUXHALL CORSA,3,E01027058,0,-1
2020350998587,2020,350998587,2,9,0,14,14,3,7,0,0,0,0,0,0,0,4,1,6,6,2,36,7,1398,1,3,VAUXHALL CORSA,2,E01018143,0,-1
2020410952604,2020,410952604,4,9,0,18,19,2,8,0,0,1,0,0,0,0,2,1,6,6,2,19,4,998,1,11,VAUXHALL CORSA,5,E01023560,0,-1
2020040927244,2020,040927244,2,9,0,18,19,4,8,0,0,8,0,0,0,0,1,1,5,6,2,22,5,1398,1,3,VAUXHALL CORSA,2,E01025263,0,-1
2020460939064,2020,460939064,1,9,0,18,19,1,5,0,0,0,0,0,0,0,0,1,6,6,1,30,6,998,1,6,VAUXHALL CORSA,3,E01024497,0,-1
2020010282058,2020,010282058,2,9,0,99,99,9,9,99,99,9,9,99,9,99,1,9,6,6,3,-1,-1,1398,1,8,VAUXHALL CORSA,1,E01000551,0,-1
2020990998427,2020,990998427,1,9,0,18,19,6,2,0,0,2,0,0,0,0,1,1,2,2,1,21,5,1398,1,4,VAUXHALL CORSA,3,-1,0,-1