collision_index,collision_year,collision_ref_no,vehicle_reference,vehicle_type,towing_and_articulation,vehicle_manoeuvre_historic,vehicle_manoeuvre,vehicle_direction_from,vehicle_direction_to,vehicle_location_restricted_lane_historic,vehicle_location_restricted_lane,junction_location,skidding_and_overturning,hit_object_in_carriageway,vehicle_leaving_carriageway,hit_object_off_carriageway,first_point_of_impact,vehicle_left_hand_drive,journey_purpose_of_driver_historic,journey_purpose_of_driver,sex_of_driver,age_of_driver,age_band_of_driver,engine_capacity_cc,propulsion_code,age_of_vehicle,generic_make_model,driver_imd_decile,lsoa_of_driver,escooter_flag,driver_distance_banding
2020170M11370,2020,170M11370,2,9,0,9,9,8,6,0,0,8,0,0,0,0,3,1,6,6,2,50,8,1364,1,12,VAUXHALL CORSA,3,E01012057,0,-1
2020320365507,2020,320365507,1,9,0,18,19,8,4,0,0,0,0,0,1,0,4,1,6,6,1,42,7,1199,1,17,VAUXHALL CORSA,9,E01026222,0,-1
2020990961346,2020,990961346,1,9,0,10,10,7,5,0,0,2,0,0,1,0,3,1,6,6,2,49,8,1229,1,7,VAUXHALL CORSA,2,-1,0,-1
2020101005869,2020,101005869,1,9,0,18,19,6,1,0,0,1,0,0,0,0,1,1,3,7,2,27,6,1398,1,7,VAUXHALL CORSA,2,E01008385,0,-1
2020010244906,2020,010244906,1,9,0,2,2,0,0,0,0,1,0,0,0,0,0,1,6,6,3,-1,-1,1398,1,7,VAUXHALL CORSA,-1,-1,0,-1
2020420974821,2020,420974821,2,9,0,6,6,2,1,0,0,4,0,0,0,0,0,1,5,6,2,85,11,1248,2,8,VAUXHALL CORSA,6,E01022000,0,-1
2020010254412,2020,010254412,1,9,0,99,99,9,9,99,99,9,9,99,9,99,9,9,6,6,2,17,4,1362,1,6,VAUXHALL CORSA,3,E01002532,0,-1
2020010252859,2020,010252859,2,9,0,99,99,9,9,99,99,9,9,99,9,99,1,9,6,6,3,-1,-1,1199,1,20,VAUXHALL CORSA,-1,-1,0,-1
2020461007882,2020,461007882,1,9,0,5,5,5,1,0,0,0,1,0,0,0,1,1,6,6,2,32,6,1389,1,18,VAUXHALL CORSA,4,E01024167,0,-1
2020350955377,2020,350955377,1,9,0,18,19,6,2,0,0,0,0,10,7,0,1,1,6,6,1,31,6,1199,1,17,VAUXHALL CORSA,6,E01015679,0,-1
2020010274930,2020,010274930,1,9,0,18,19,7,3,0,0,1,0,0,0,0,4,1,6,6,2,22,5,1364,1,13,VAUXHALL CORSA,1,E01004722,0,-1
2020100927271,2020,100927271,1,9,0,18,19,5,1,0,0,0,0,0,0,0,1,1,5,6,1,21,5,1229,1,9,VAUXHALL CORSA,5,E01008687,0,-1
2020010232268,2020,010232268,1,9,0,18,19,6,2,0,0,4,0,0,0,0,1,1,6,6,2,57,9,1398,1,6,VAUXHALL CORSA,6,E01000332,0,-1
2020460931840,2020,460931840,4,9,0,2,2,0,0,0,0,0,0,0,0,0,2,1,6,6,2,-1,-1,1248,2,5,VAUXHALL CORSA,8,E01024761,0,-1
2020010246220,2020,010246220,1,9,0,9,9,5,3,0,0,1,0,0,0,0,1,1,6,6,1,31,6,1398,1,5,VAUXHALL CORSA,2,E01001193,0,-1
2020100977072,2020,100977072,1,9,0,9,9,3,1,0,0,4,0,0,0,0,1,1,6,6,2,42,7,1398,1,5,VAUXHALL CORSA,5,E01008306,0,-1
2020440292352,2020,440292352,1,9,0,5,5,2,6,0,0,8,0,0,0,0,3,1,6,6,2,54,8,1398,1,5,VAUXHALL CORSA,10,E01022865,0,-1
2020990960762,2020,990960762,2,9,0,18,19,2,6,0,0,0,5,0,1,0,1,1,6,6,1,17,4,1229,1,6,VAUXHALL CORSA,3,-1,0,-1
2020070050146,2020,070050146,2,9,0,4,4,3,6,0,0,1,0,0,0,0,2,1,2,2,2,53,8,1229,1,8,VAUXHALL CORSA,10,E01018702,0,-1
2020010233428,2020,010233428,2,19,0,99,99,9,9,99,99,9,9,99,9,99,1,9,6,6,3,-1,-1,1248,2,9,VAUXHALL CORSA,3,E01000630,0,-1
2020400929360,2020,400929360,1,9,0,18,19,2,6,0,0,0,0,0,0,0,1,1,6,6,1,30,6,1229,1,5,VAUXHALL CORSA,5,E01015777,0,-1
2020430086964,2020,430086964,1,9,0,17,19,7,4,0,0,8,0,0,0,0,3,1,6,6,3,19,4,1398,1,1,VAUXHALL CORSA,10,E01016322,0,-1
2020420927243,2020,420927243,2,9,0,18,19,7,3,0,0,0,0,0,0,0,2,1,6,6,1,30,6,998,1,16,VAUXHALL CORSA,1,E01015841,0,-1
2020990916663,2020,990916663,1,9,0,7,7,5,8,0,0,5,0,0,0,0,4,1,2,2,1,19,4,999,1,4,VAUXHALL CORSA,4,-1,0,-1
2020122001301,2020,122001301,1,9,0,4,4,3,7,0,0,0,0,0,0,0,2,1,6,6,1,24,5,1398,1,5,VAUXHALL CORSA,7,E01011193,0,-1
2020010274283,2020,010274283,4,9,0,2,2,0,0,0,0,2,0,0,0,0,4,1,6,6,3,-1,-1,1398,1,4,VAUXHALL CORSA,-1,-1,0,-1
2020400970083,2020,400970083,1,9,0,4,4,1,5,0,0,0,0,7,3,9,1,1,5,6,1,59,9,1199,1,16,VAUXHALL CORSA,2,E01015760,0,-1
2020990919757,2020,990919757,1,9,0,16,19,7,2,0,0,0,1,0,1,0,2,1,6,6,1,17,4,1229,1,12,VAUXHALL CORSA,5,-1,0,-1
2020010246219,2020,010246219,2,9,0,18,19,9,9,0,0,8,9,99,9,99,1,9,6,6,1,-1,-1,1229,1,15,VAUXHALL CORSA,-1,-1,0,-1
20201378T1221,2020,1378T1221,1,9,0,7,7,4,6,0,0,8,0,0,0,0,4,1,6,6,2,20,4,1398,1,7,VAUXHALL CORSA,-1,-1,0,-1
2020137CO0316,2020,137CO0316,2,9,0,18,19,7,1,0,0,3,1,0,1,0,3,1,6,6,1,33,6,1398,1,6,VAUXHALL CORSA,3,E01007639,0,-1
2020410981902,2020,410981902,1,9,-1,-1,-1,-1,-1,-1,-1,-1,-1,-1,-1,0,-1,1,6,6,1,33,6,1229,1,14,VAUXHALL CORSA,4,E01023861,0,-1
2020400989228,2020,400989228,2,9,-1,-1,-1,1,1,-1,-1,0,-1,-1,-1,0,-1,1,2,2,2,63,9,1229,1,15,VAUXHALL CORSA,4,E01015796,0,-1
2020420960843,2020,420960843,2,9,0,18,19,5,1,0,0,4,0,0,0,0,4,1,6,6,2,24,5,1598,1,11,VAUXHALL CORSA,4,E01015953,0,-1
2020010263120,2020,010263120,2,9,0,16,19,7,1,0,0,8,0,0,0,0,3,1,6,6,2,24,5,1199,1,17,VAUXHALL CORSA,3,E01000506,0,-1
2020200940157,2020,200940157,1,9,0,6,6,8,8,0,0,8,0,0,0,0,1,1,6,6,1,-1,-1,1229,1,7,VAUXHALL CORSA,-1,-1,0,-1
2020990967955,2020,990967955,1,9,0,16,19,2,6,0,0,4,0,0,0,0,1,1,6,6,2,34,6,1398,1,5,VAUXHALL CORSA,1,-1,0,-1
2020340D08782,2020,340D08782,2,9,0,18,19,1,5,0,0,8,0,0,0,0,1,1,6,6,1,21,5,1229,1,10,VAUXHALL CORSA,8,E01027141,0,-1
202031B019120,2020,31B019120,2,9,0,16,19,6,1,0,0,1,0,0,0,0,0,1,6,6,2,20,4,1229,1,11,VAUXHALL CORSA,6,E01028034,0,-1
2020990996764,2020,990996764,1,9,0,2,2,0,0,0,0,0,0,0,0,0,3,1,6,6,1,39,7,1248,2,13,VAUXHALL CORSA,2,-1,0,-1
2020460938887,2020,460938887,2,9,0,2,2,0,0,0,0,1,0,0,0,0,2,1,3,7,2,27,6,1229,1,5,VAUXHALL CORSA,7,E01024675,0,-1
2020040998059,2020,040998059,2,9,0,18,19,5,1,0,0,0,0,0,1,0,2,1,2,2,1,21,5,1248,2,9,VAUXHALL CORSA,7,E01025109,0,-1
2020460993850,2020,460993850,2,9,0,18,19,1,5,0,0,0,0,0,0,0,2,1,5,6,2,18,4,1398,1,3,VAUXHALL CORSA,6,E01016076,0,-1
2020440383346,2020,440383346,1,9,0,18,19,1,5,0,0,0,2,0,2,4,4,1,6,6,1,22,5,1398,1,8,VAUXHALL CORSA,10,E01022624,0,-1
2020010234814,2020,010234814,1,9,9,18,19,3,7,99,99,1,9,99,9,99,9,9,6,6,2,55,8,1398,1,4,VAUXHALL CORSA,5,E01025370,0,-1
2020500989041,2020,500989041,1,9,0,18,19,1,5,0,0,0,0,0,0,0,1,1,6,6,1,76,11,1364,1,12,VAUXHALL CORSA,5,E01020101,0,-1
202031C179620,2020,31C179620,1,9,0,18,19,5,1,0,0,2,0,0,0,0,1,1,3,7,1,28,6,1229,1,7,VAUXHALL CORSA,4,E01013967,0,-1
2020010238783,2020,010238783,2,9,0,99,99,9,9,0,0,1,9,0,0,99,1,9,6,6,1,18,4,1364,1,11,VAUXHALL CORSA,1,E01004428,0,-1
2020010285817,2020,010285817,2,9,0,9,9,7,6,0,0,1,0,0,0,0,1,1,6,6,2,19,4,1229,1,9,VAUXHALL CORSA,10,E01017865,0,-1
2020010285678,2020,010285678,2,9,0,99,99,9,9,99,99,0,9,99,9,99,2,9,6,6,3,-1,-1,1199,1,18,VAUXHALL CORSA,-1,-1,0,-1
2020010236090,2020,010236090,1,9,0,9,9,1,7,0,0,1,0,0,0,0,4,1,6,6,2,54,8,1229,1,5,VAUXHALL CORSA,8,E01002109,0,-1
2020320059656,2020,320059656,1,9,0,9,9,5,1,0,0,8,0,0,0,0,4,1,6,6,1,22,5,1229,1,9,VAUXHALL CORSA,6,E01028308,0,-1
2020991006355,2020,991006355,1,9,0,16,19,4,7,0,0,1,2,0,8,11,3,2,5,6,1,19,4,1199,1,21,VAUXHALL CORSA,-1,-1,0,-1
2020400971239,2020,400971239,1,9,0,9,9,3,6,0,0,2,0,0,0,0,1,1,5,6,2,21,5,1229,1,10,VAUXHALL CORSA,2,E01015807,0,-1
2020302001248,2020,302001248,2,9,0,3,3,1,5,0,0,0,0,0,0,0,2,1,6,6,1,35,6,1398,1,2,VAUXHALL CORSA,5,E01013542,0,-1
2020010257205,2020,010257205,3,9,0,3,3,4,8,0,0,1,0,0,0,0,2,1,6,6,2,24,5,1229,1,13,VAUXHALL CORSA,-1,-1,0,-1
202006M273203,2020,06M273203,2,9,0,18,19,4,8,0,0,8,0,0,0,0,3,1,6,6,2,43,7,1229,1,9,VAUXHALL CORSA,7,E01006176,0,-1
2020010280704,2020,010280704,1,9,0,99,99,9,9,99,99,9,9,99,9,99,3,9,6,6,2,43,7,1398,1,10,VAUXHALL CORSA,3,E01001488,0,-1
2020010262690,2020,010262690,1,9,0,99,99,9,9,99,99,9,9,99,9,99,2,9,6,6,1,32,6,1229,1,14,VAUXHALL CORSA,3,E01003719,0,-1
2020220921154,2020,220921154,1,9,0,10,10,3,1,0,0,8,0,0,0,0,2,1,2,2,2,28,6,1229,1,6,VAUXHALL CORSA,7,E01014036,0,-1
2020030946215,2020,030946215,1,9,0,17,19,5,1,0,0,0,5,0,7,0,3,1,6,6,1,42,7,1229,1,12,VAUXHALL CORSA,1,-1,0,-1
2020010286156,2020,010286156,1,9,0,99,99,9,9,99,99,9,9,99,9,99,1,9,6,6,2,21,5,1398,1,2,VAUXHALL CORSA,9,E01001063,0,-1
2020990961090,2020,990961090,1,9,0,7,7,2,5,0,0,1,0,0,1,0,4,1,2,2,2,38,7,1398,1,6,VAUXHALL CORSA,-1,-1,0,-1
2020010264575,2020,010264575,2,9,0,99,99,9,9,99,99,9,9,99,9,99,9,9,6,6,1,52,8,1248,2,15,VAUXHALL CORSA,7,E01032781,0,-1
2020420945558,2020,420945558,1,9,0,16,19,7,2,0,0,0,0,0,7,3,1,1,1,1,1,38,7,1229,1,8,VAUXHALL CORSA,8,E01021395,0,-1
2020200942189,2020,200942189,1,9,0,1,1,6,2,0,0,1,0,4,0,0,1,1,6,6,3,-1,-1,1229,1,15,VAUXHALL CORSA,-1,-1,0,-1
2020160941868,2020,160941868,1,9,0,18,19,7,3,0,0,0,0,0,0,0,1,1,6,6,1,46,8,1248,2,16,VAUXHALL CORSA,-1,-1,0,-1
2020010239786,2020,010239786,1,9,0,18,19,1,5,0,0,5,0,0,0,0,1,1,2,2,2,38,7,1398,1,4,VAUXHALL CORSA,2,E01001437,0,-1
2020320392645,2020,320392645,2,9,0,18,19,3,7,0,0,1,0,0,0,0,1,1,6,6,1,27,6,1229,1,15,VAUXHALL CORSA,4,E01026377,0,-1
2020201003807,2020,201003807,3,9,0,2,2,0,0,0,0,0,0,0,0,0,2,1,6,6,2,26,6,998,1,11,VAUXHALL CORSA,6,E01009531,0,-1
2020200991157,2020,200991157,1,9,0,18,19,6,2,0,0,8,0,0,0,0,4,1,6,6,1,-1,-1,1248,2,10,VAUXHALL CORSA,-1,-1,0,-1
2020450990386,2020,450990386,1,9,0,17,19,1,1,0,0,0,0,0,0,0,1,1,2,2,1,25,5,1364,1,11,VAUXHALL CORSA,-1,-1,0,-1
2020170S30040,2020,170S30040,1,9,0,18,19,7,3,0,0,8,0,0,0,0,1,1,6,6,1,40,7,1398,1,3,VAUXHALL CORSA,3,E01012239,0,-1
2020122000193,2020,122000193,3,9,0,18,19,3,7,0,0,0,0,0,0,0,1,1,6,6,1,31,6,1229,1,10,VAUXHALL CORSA,8,E01008801,0,-1
2020220939631,2020,220939631,2,9,0,18,19,5,1,0,0,8,0,0,0,0,1,1,5,6,2,67,10,1248,2,9,VAUXHALL CORSA,5,E01014065,0,-1
202031B148120,2020,31B148120,2,9,0,18,19,4,1,0,0,0,0,0,0,0,3,1,6,6,1,24,5,1229,1,14,VAUXHALL CORSA,10,E01033390,0,-1
2020140926118,2020,140926118,1,9,0,18,19,5,1,0,0,0,0,0,0,0,1,1,5,6,2,21,5,1229,1,9,VAUXHALL CORSA,9,E01007442,0,-1
2020160955808,2020,160955808,1,9,0,18,19,5,1,0,0,0,0,0,0,0,1,1,1,1,2,21,5,1229,1,12,VAUXHALL CORSA,7,E01013322,0,-1
2020010253627,2020,010253627,2,9,0,18,19,3,7,0,0,9,0,0,0,0,2,9,6,6,1,-1,-1,1364,1,13,VAUXHALL CORSA,1,E01000106,0,-1
2020200964383,2020,200964383,2,9,0,5,5,8,4,0,0,4,0,0,0,0,1,1,6,6,1,47,8,1199,1,16,VAUXHALL CORSA,4,E01010254,0,-1
202063D007820,2020,63D007820,1,9,0,17,19,8,5,0,0,0,0,0,1,10,1,1,6,6,2,23,5,1248,2,8,VAUXHALL CORSA,1,W01000934,0,-1
2020302001017,2020,302001017,1,9,0,18,19,4,8,0,0,0,0,0,0,0,1,1,6,6,2,19,4,1229,1,9,VAUXHALL CORSA,8,E01033389,0,-1
2020471006819,2020,471006819,1,9,0,18,19,7,3,0,0,1,0,0,0,0,0,1,6,6,3,-1,-1,998,1,8,VAUXHALL CORSA,-1,-1,0,-1
2020460997805,2020,460997805,2,9,0,18,19,7,3,0,0,0,0,0,0,0,4,1,6,6,2,32,6,1398,1,7,VAUXHALL CORSA,6,E01024161,0,-1
2020460952250,2020,460952250,1,9,0,18,19,1,5,0,0,1,0,0,1,0,1,1,6,6,1,30,6,1398,1,7,VAUXHALL CORSA,6,E01003386,0,-1
2020461009514,2020,461009514,1,9,0,18,19,5,1,0,0,1,0,0,0,0,1,1,5,6,2,51,8,1229,1,8,VAUXHALL CORSA,8,E01024744,0,-1
2020200949859,2020,200949859,1,9,0,5,5,2,6,0,0,1,0,0,0,0,1,1,6,6,1,45,7,1364,1,12,VAUXHALL CORSA,3,E01009938,0,-1
2020160964492,2020,160964492,2,9,0,18,19,3,7,0,0,1,0,0,0,0,1,1,6,6,1,-1,-1,1364,1,12,VAUXHALL CORSA,-1,-1,0,-1
2020200945103,2020,200945103,2,9,0,15,15,3,7,0,0,2,0,0,0,0,4,1,6,6,1,-1,-1,1248,2,4,VAUXHALL CORSA,2,E01009746,0,-1
2020010246343,2020,010246343,1,9,0,18,19,5,1,0,0,8,0,0,0,0,1,1,6,6,2,29,6,998,1,14,VAUXHALL CORSA,4,E01004234,0,-1
2020990988558,2020,990988558,2,9,0,3,3,3,7,0,0,0,0,0,0,0,2,1,5,6,2,41,7,1398,1,8,VAUXHALL CORSA,2,-1,0,-1
2020990939889,2020,990939889,1,9,0,18,19,1,5,0,0,0,2,0,7,0,3,1,5,6,1,51,8,1364,1,11,VAUXHALL CORSA,4,-1,0,-1
2020460948111,2020,460948111,4,9,0,16,19,3,7,0,0,0,0,0,0,0,0,1,5,6,1,20,4,1199,1,17,VAUXHALL CORSA,9,E01024269,0,-1
2020370977171,2020,370977171,2,9,0,3,3,1,5,0,0,1,0,0,0,0,2,1,6,6,2,30,6,1248,2,12,VAUXHALL CORSA,8,E01030004,0,-1
2020340E04432,2020,340E04432,1,9,0,18,19,8,4,0,0,1,0,0,0,0,1,1,6,6,1,30,6,1398,1,10,VAUXHALL CORSA,3,E01027041,0,-1
2020052000307,2020,052000307,2,9,0,18,19,7,3,0,0,0,0,0,0,0,2,1,2,2,2,30,6,1229,1,7,VAUXHALL CORSA,6,E01012512,0,-1
2020450975451,2020,450975451,2,9,0,18,19,7,3,0,0,1,0,0,0,0,1,1,2,2,1,57,9,1686,2,16,VAUXHALL CORSA,5,E01016560,0,-1
2020500955985,2020,500955985,1,9,0,18,19,8,4,0,0,0,0,0,0,0,1,1,5,6,1,18,4,1398,1,9,VAUXHALL CORSA,8,E01015211,0,-1
202006M272759,2020,06M272759,1,9,0,10,10,8,6,0,0,8,0,0,0,0,2,1,6,6,1,28,6,1229,1,15,VAUXHALL CORSA,9,E01006196,0,-1
2020320580579,2020,320580579,2,9,0,18,19,8,4,0,0,8,0,0,0,0,1,1,4,7,2,34,6,1199,1,18,VAUXHALL CORSA,1,E01026152,0,-1
2020110924732,2020,110924732,1,9,0,18,19,1,5,0,0,1,0,0,0,0,1,1,1,1,2,45,7,1229,1,6,VAUXHALL CORSA,5,E01008172,0,-1
2020420995379,2020,420995379,2,9,0,18,19,5,1,0,0,1,0,0,0,0,4,1,5,6,2,20,4,1229,1,6,VAUXHALL CORSA,1,E01021970,0,-1
2020990917513,2020,990917513,1,9,0,17,19,2,7,0,0,0,2,0,1,0,1,1,5,6,2,48,8,1229,1,7,VAUXHALL CORSA,-1,-1,0,-1
2020430023909,2020,430023909,2,9,0,3,3,6,2,0,0,0,0,0,0,0,2,1,2,2,2,33,6,1229,1,11,VAUXHALL CORSA,7,E01016840,0,-1
2020010277794,2020,010277794,1,9,0,99,99,9,9,99,99,9,9,99,9,99,2,9,6,6,1,19,4,1229,1,8,VAUXHALL CORSA,7,E01023344,0,-1
2020010240763,2020,010240763,1,9,0,18,19,3,7,0,0,1,0,0,1,2,3,1,1,1,1,31,6,1398,1,10,VAUXHALL CORSA,7,E01003078,0,-1
202031C171220,2020,31C171220,1,9,0,18,19,6,2,0,0,1,0,0,0,0,1,1,6,6,3,-1,-1,1229,1,11,VAUXHALL CORSA,-1,-1,0,-1
2020522000288,2020,522000288,1,9,0,3,3,4,8,0,0,1,0,0,0,0,1,1,6,6,2,53,8,1398,1,4,VAUXHALL CORSA,9,E01014738,0,-1
2020440087180,2020,440087180,2,9,0,18,19,1,3,0,0,4,0,0,0,0,1,1,6,6,3,-1,-1,1229,1,6,VAUXHALL CORSA,-1,-1,0,-1
2020010281434,2020,010281434,4,9,0,18,19,6,2,0,0,0,0,0,0,0,1,1,6,6,2,19,4,998,1,8,VAUXHALL CORSA,3,E01030711,0,-1
2020230958625,2020,230958625,2,9,0,18,19,7,3,0,0,8,0,0,0,0,2,1,5,6,2,33,6,1398,1,8,VAUXHALL CORSA,6,E01032263,0,-1
2020430163400,2020,430163400,1,9,0,18,19,3,7,0,0,0,2,0,1,9,1,1,1,1,2,26,6,1398,1,8,VAUXHALL CORSA,7,E01016783,0,-1
2020010244584,2020,010244584,2,9,0,99,99,9,9,99,99,9,9,99,9,99,1,9,6,6,3,-1,-1,1364,1,12,VAUXHALL CORSA,-1,-1,0,-1
2020500936169,2020,500936169,1,9,0,17,19,1,5,0,0,0,5,0,0,0,1,1,1,1,2,19,4,1229,1,12,VAUXHALL CORSA,5,E01020077,0,-1
2020360975587,2020,360975587,1,9,0,18,19,5,1,0,0,2,0,0,0,0,1,1,5,6,1,82,11,1229,1,6,VAUXHALL CORSA,7,E01017548,0,-1
2020010230752,2020,010230752,1,9,0,9,9,5,2,0,0,1,0,0,0,0,3,1,6,6,2,50,8,1389,1,14,VAUXHALL CORSA,1,E01002034,0,-1
2020361014148,2020,361014148,1,9,0,9,9,8,6,0,0,8,0,0,0,0,1,1,5,6,2,82,11,1398,1,2,VAUXHALL CORSA,5,E01030260,0,-1
2020461004707,2020,461004707,2,9,0,10,10,7,3,0,0,5,0,0,7,0,2,1,6,6,2,43,7,1229,1,5,VAUXHALL CORSA,8,E01024564,0,-1
2020500993539,2020,500993539,1,9,0,18,19,3,7,0,0,0,0,0,0,0,1,1,6,6,1,22,5,998,1,16,VAUXHALL CORSA,3,E01015245,0,-1
2020010228805,2020,010228805,2,9,0,3,3,1,5,0,0,1,0,0,0,0,1,1,6,6,1,23,5,1248,2,14,VAUXHALL CORSA,-1,-1,0,-1
2020522003870,2020,522003870,1,9,0,18,19,7,3,0,0,1,0,0,0,0,2,1,6,6,1,18,4,1229,1,11,VAUXHALL CORSA,10,E01014933,0,-1
2020101003918,2020,101003918,1,9,0,18,19,2,6,0,0,0,0,0,0,0,1,1,5,6,1,61,9,998,1,14,VAUXHALL CORSA,-1,-1,0,-1
20201375J0417,2020,1375J0417,2,9,0,18,19,6,2,0,0,8,0,0,0,0,4,1,6,6,1,62,9,-1,-1,-1,VAUXHALL CORSA,7,E01011800,0,-1
2020200961412,2020,200961412,1,9,0,5,5,2,8,0,0,6,0,0,0,0,1,1,6,6,2,47,8,1398,1,4,VAUXHALL CORSA,3,E01008945,0,-1
2020041008721,2020,041008721,1,9,0,18,19,1,5,0,0,8,0,0,0,0,1,1,5,6,1,17,4,998,1,9,VAUXHALL CORSA,1,E01012744,0,-1
2020200951390,2020,200951390,1,9,0,7,7,3,5,0,0,6,0,0,0,0,1,1,6,6,2,31,6,1229,1,13,VAUXHALL CORSA,1,E01009002,0,-1
2020230940056,2020,230940056,1,9,0,17,19,1,4,0,0,0,1,0,1,4,3,1,2,2,1,19,4,1229,1,6,VAUXHALL CORSA,4,E01031005,0,-1
2020052002260,2020,052002260,1,9,0,9,9,3,1,0,0,5,0,0,0,0,1,1,6,6,1,71,10,998,1,8,VAUXHALL CORSA,1,E01006764,0,-1
2020990999955,2020,990999955,1,9,0,9,9,5,7,0,0,5,0,0,0,0,1,1,5,6,2,64,9,1398,1,2,VAUXHALL CORSA,9,-1,0,-1
2020360950456,2020,360950456,1,9,0,9,9,6,2,0,0,8,0,0,0,0,3,1,2,2,1,47,8,1248,2,11,VAUXHALL CORSA,2,E01026858,0,-1
2020420920788,2020,420920788,2,9,0,18,19,2,6,0,0,3,0,0,0,0,2,1,6,6,1,36,7,1199,1,20,VAUXHALL CORSA,5,E01015993,0,-1
2020010277301,2020,010277301,1,9,0,4,4,3,7,0,0,0,0,0,0,0,0,1,2,2,2,23,5,1199,1,17,VAUXHALL CORSA,7,E01023579,0,-1
2020470958167,2020,470958167,1,9,0,17,19,1,6,0,0,0,5,0,2,2,3,1,6,6,1,21,5,1398,1,5,VAUXHALL CORSA,7,E01000459,0,-1
2020101009889,2020,101009889,3,9,0,4,4,5,1,0,0,0,0,0,0,0,2,1,6,6,1,18,4,998,1,6,VAUXHALL CORSA,5,E01020782,0,-1
2020460990391,2020,460990391,1,9,0,1,1,7,3,0,0,6,0,0,0,0,2,1,1,1,1,22,5,1229,1,10,VAUXHALL CORSA,2,E01033090,0,-1
2020010229598,2020,010229598,3,9,0,5,5,3,7,0,0,8,0,0,0,0,1,1,6,6,2,26,6,1364,1,12,VAUXHALL CORSA,8,E01024113,0,-1
2020522002579,2020,522002579,1,9,0,13,13,4,8,0,0,1,0,0,0,0,1,1,6,6,2,48,8,1398,1,6,VAUXHALL CORSA,4,E01014404,0,-1
2020440153091,2020,440153091,2,9,0,18,19,6,2,0,0,0,0,0,0,0,1,1,2,2,2,37,7,1398,1,5,VAUXHALL CORSA,3,E01022807,0,-1
2020552000422,2020,552000422,2,9,0,18,19,4,8,0,0,1,0,0,0,0,1,1,2,2,2,49,8,1398,1,1,VAUXHALL CORSA,4,E01020578,0,-1
2020160935195,2020,160935195,2,9,0,18,19,7,3,0,0,0,0,0,0,0,1,1,1,1,2,19,4,998,1,12,VAUXHALL CORSA,-1,-1,0,-1
2020040971334,2020,040971334,1,9,0,18,19,7,3,0,0,1,0,0,0,0,1,1,5,6,1,45,7,1248,2,13,VAUXHALL CORSA,-1,-1,0,-1
2020140970048,2020,140970048,2,9,0,18,19,3,7,0,0,2,0,0,0,0,1,1,5,6,1,18,4,998,1,10,VAUXHALL CORSA,4,E01007445,0,-1
2020340N02832,2020,340N02832,1,9,0,11,11,1,5,0,0,0,0,0,0,0,1,1,2,2,2,20,4,1398,1,9,VAUXHALL CORSA,2,E01027230,0,-1
2020410978131,2020,410978131,1,9,0,2,2,0,0,0,0,0,0,0,0,0,0,1,6,6,1,34,6,1398,1,5,VAUXHALL CORSA,6,E01001997,0,-1
2020471009757,2020,471009757,1,9,0,9,9,6,3,0,0,5,0,0,0,0,4,1,5,6,1,22,5,1229,1,14,VAUXHALL CORSA,10,E01031619,0,-1
2020410935849,2020,410935849,1,9,0,18,19,7,1,0,0,1,0,0,0,0,1,1,6,6,1,22,5,1229,1,8,VAUXHALL CORSA,5,E01023766,0,-1
2020460988635,2020,460988635,3,9,0,18,19,1,5,0,0,0,0,0,0,0,1,1,6,6,1,21,5,1364,1,5,VAUXHALL CORSA,3,E01016114,0,-1
2020010244913,2020,010244913,1,9,0,18,19,7,3,0,0,5,0,6,1,11,1,1,6,6,1,19,4,1229,1,13,VAUXHALL CORSA,-1,-1,0,-1
2020470959926,2020,470959926,1,9,0,4,4,7,4,0,0,0,0,0,0,0,2,1,1,1,1,30,6,1364,1,13,VAUXHALL CORSA,3,E01021050,0,-1
202054B015820,2020,54B015820,1,9,0,17,19,1,5,0,0,0,0,0,0,0,1,1,6,6,1,20,4,998,1,6,VAUXHALL CORSA,4,E01014576,0,-1
2020500943286,2020,500943286,1,9,0,9,9,1,7,0,0,1,0,0,0,0,2,1,6,6,1,25,5,1398,1,3,VAUXHALL CORSA,5,E01029123,0,-1
2020010276348,2020,010276348,1,9,9,99,99,9,9,0,0,0,9,0,0,0,4,9,6,6,2,38,7,1398,1,8,VAUXHALL CORSA,5,E01002629,0,-1
2020140990037,2020,140990037,1,9,0,18,19,8,4,0,0,0,0,0,0,0,1,1,5,6,1,66,10,1229,1,7,VAUXHALL CORSA,8,E01032585,0,-1
2020010262499,2020,010262499,2,9,0,99,99,9,9,99,99,9,9,99,9,99,2,9,6,6,3,-1,-1,1364,1,13,VAUXHALL CORSA,3,E01004763,0,-1
2020010243841,2020,010243841,1,9,0,18,19,3,7,0,0,8,0,0,0,0,1,1,6,6,1,43,7,1364,1,12,VAUXHALL CORSA,4,E01003123,0,-1
2020070388639,2020,070388639,1,9,0,4,4,1,5,0,0,0,0,0,0,0,1,1,6,6,1,22,5,1398,1,2,VAUXHALL CORSA,9,E01018634,0,-1
2020052002135,2020,052002135,2,9,0,5,5,4,8,0,0,8,0,0,0,0,1,1,2,2,2,35,6,998,1,12,VAUXHALL CORSA,2,E01006970,0,-1
2020010282470,2020,010282470,1,9,0,10,10,7,5,0,0,6,0,0,0,0,1,1,2,2,2,27,6,999,1,4,VAUXHALL CORSA,3,E01001779,0,-1