collision_index,collision_year,collision_ref_no,vehicle_reference,vehicle_type,towing_and_articulation,vehicle_manoeuvre_historic,vehicle_manoeuvre,vehicle_direction_from,vehicle_direction_to,vehicle_location_restricted_lane_historic,vehicle_location_restricted_lane,junction_location,skidding_and_overturning,hit_object_in_carriageway,vehicle_leaving_carriageway,hit_object_off_carriageway,first_point_of_impact,vehicle_left_hand_drive,journey_purpose_of_driver_historic,journey_purpose_of_driver,sex_of_driver,age_of_driver,age_band_of_driver,engine_capacity_cc,propulsion_code,age_of_vehicle,generic_make_model,driver_imd_decile,lsoa_of_driver,escooter_flag,driver_distance_banding
2020230930118,2020,230930118,1,9,0,17,19,6,3,0,0,0,0,0,1,4,4,1,5,6,2,22,5,1229,1,7,VAUXHALL CORSA,5,E01025823,0,-1
2020545002120,2020,545002120,1,9,0,13,13,7,3,0,0,0,2,0,1,1,1,1,6,6,1,23,5,1398,1,4,VAUXHALL CORSA,5,E01031937,0,-1
2020450939931,2020,450939931,1,9,0,18,19,7,3,0,0,0,0,0,7,4,1,1,2,2,1,54,8,1398,1,5,VAUXHALL CORSA,4,E01030496,0,-1
2020470921791,2020,470921791,2,9,0,17,19,5,3,0,0,0,0,0,0,0,3,1,6,6,1,43,7,1229,1,9,VAUXHALL CORSA,3,E01021044,0,-1
2020470921823,2020,470921823,3,9,0,18,19,8,4,0,0,0,0,0,0,0,1,1,5,6,1,17,4,1229,1,15,VAUXHALL CORSA,10,E01021194,0,-1
2020470961046,2020,470961046,1,9,0,17,19,8,5,0,0,0,1,0,1,11,1,1,5,6,2,20,4,998,1,12,VAUXHALL CORSA,7,E01021160,0,-1
2020010243180,2020,010243180,1,9,0,14,14,1,5,0,0,0,0,4,0,0,1,1,6,6,2,20,4,998,1,7,VAUXHALL CORSA,9,E01024446,0,-1
2020460964277,2020,460964277,1,9,0,9,9,1,7,0,0,0,0,0,0,0,4,1,6,6,2,46,8,998,1,6,VAUXHALL CORSA,8,E01024762,0,-1
2020100997387,2020,100997387,1,9,0,10,10,1,7,0,0,8,0,0,0,0,3,1,6,6,1,38,7,973,1,18,VAUXHALL CORSA,5,E01008535,0,-1
2020010249801,2020,010249801,2,9,5,4,4,5,1,0,0,4,0,0,0,0,4,1,2,2,2,48,8,1389,1,16,VAUXHALL CORSA,1,E01002041,0,-1
2020548660720,2020,548660720,1,9,0,18,19,2,6,0,0,0,1,4,7,11,1,1,6,6,1,23,5,1229,1,15,VAUXHALL CORSA,2,E01015539,0,-1
2020010263022,2020,010263022,1,9,0,9,9,8,7,0,0,6,0,0,0,0,1,1,6,6,1,80,11,1364,1,2,VAUXHALL CORSA,2,E01002493,0,-1
2020470960208,2020,470960208,2,9,0,17,19,5,3,0,0,8,0,0,0,0,1,1,5,6,2,34,6,1199,1,20,VAUXHALL CORSA,6,E01021105,0,-1
2020440000722,2020,440000722,1,9,0,18,19,6,2,0,0,0,0,0,1,2,1,1,6,6,2,76,11,1199,1,20,VAUXHALL CORSA,4,E01032858,0,-1
2020430046215,2020,430046215,1,9,0,9,9,7,5,0,0,6,0,0,0,0,1,1,6,6,1,20,4,1229,1,7,VAUXHALL CORSA,-1,-1,0,-1
2020990960917,2020,990960917,1,9,0,2,2,0,0,0,0,2,0,0,0,0,3,1,1,1,2,25,5,1364,1,2,VAUXHALL CORSA,8,-1,0,-1
2020122001049,2020,122001049,1,9,0,18,19,1,5,0,0,0,0,0,0,0,1,1,6,6,2,29,6,1398,1,10,VAUXHALL CORSA,10,E01027855,0,-1
2020170H10290,2020,170H10290,2,19,0,18,19,1,5,0,0,8,0,0,0,0,4,1,1,1,1,36,7,1248,2,10,VAUXHALL CORSA,4,E01012002,0,-1
2020041008721,2020,041008721,2,9,0,3,3,1,5,0,0,8,0,0,0,0,2,1,5,6,2,59,9,998,1,14,VAUXHALL CORSA,8,E01024984,0,-1
2020461008716,2020,461008716,1,9,0,18,19,1,5,0,0,1,0,0,0,0,1,1,6,6,1,-1,-1,1248,2,12,VAUXHALL CORSA,-1,-1,0,-1
2020220995492,2020,220995492,1,9,0,17,19,4,1,0,0,0,0,0,0,0,1,1,5,6,1,25,5,1686,2,12,VAUXHALL CORSA,3,E01008957,0,-1
2020622000522,2020,622000522,1,9,0,9,9,7,6,0,0,1,0,0,0,0,1,1,2,2,1,39,7,1398,1,5,VAUXHALL CORSA,2,W01000920,0,-1
2020200986111,2020,200986111,2,9,0,18,19,4,8,0,0,8,0,10,7,11,1,1,6,6,1,43,7,1229,1,10,VAUXHALL CORSA,1,E01009373,0,-1
2020990925549,2020,990925549,1,9,0,9,9,5,4,0,0,1,0,0,0,0,1,1,6,6,1,48,8,1229,1,7,VAUXHALL CORSA,2,-1,0,-1
2020010237886,2020,010237886,2,9,0,9,9,1,7,0,0,1,0,0,1,0,1,1,6,6,1,18,4,1229,1,9,VAUXHALL CORSA,2,E01003151,0,-1
202063D050320,2020,63D050320,1,9,0,9,9,3,1,0,0,8,0,0,0,0,4,1,6,6,1,19,4,1229,1,6,VAUXHALL CORSA,9,W01000481,0,-1
2020400973035,2020,400973035,4,9,0,2,2,0,0,0,0,1,0,0,0,0,2,1,6,6,3,-1,-1,1229,1,8,VAUXHALL CORSA,-1,-1,0,-1
2020137811825,2020,137811825,1,9,0,5,5,2,6,0,0,1,0,0,0,0,1,1,6,6,2,20,4,1229,1,8,VAUXHALL CORSA,3,E01011341,0,-1
2020010254638,2020,010254638,1,9,0,9,9,5,3,0,0,1,0,0,0,0,1,1,6,6,2,52,8,1398,1,10,VAUXHALL CORSA,10,E01000666,0,-1
2020500973637,2020,500973637,1,9,0,4,4,5,1,0,0,1,0,0,0,0,1,1,1,1,1,52,8,1229,1,5,VAUXHALL CORSA,2,E01018867,0,-1
2020421004607,2020,421004607,2,9,0,5,5,5,3,0,0,1,0,0,0,0,4,1,6,6,1,29,6,1364,1,12,VAUXHALL CORSA,8,E01021528,0,-1
2020432003094,2020,432003094,2,9,0,2,2,0,0,0,0,0,0,0,0,0,2,1,6,6,2,23,5,1364,1,12,VAUXHALL CORSA,2,E01016819,0,-1
2020460924759,2020,460924759,2,9,0,18,19,8,4,0,0,1,0,0,0,0,4,1,6,6,2,37,7,1248,2,11,VAUXHALL CORSA,5,E01024228,0,-1
2020400951682,2020,400951682,2,9,0,18,19,7,3,0,0,0,0,0,0,0,1,1,5,6,1,19,4,1362,1,7,VAUXHALL CORSA,6,E01017386,0,-1
2020430134268,2020,430134268,3,9,0,5,5,3,7,0,0,4,0,0,0,0,2,1,6,6,1,29,6,1229,1,12,VAUXHALL CORSA,4,E01016829,0,-1
2020122000641,2020,122000641,1,9,0,17,19,1,2,0,0,0,5,0,1,0,4,1,6,6,1,88,11,998,1,16,VAUXHALL CORSA,8,E01027627,0,-1
2020010244784,2020,010244784,1,9,0,9,9,8,5,0,0,5,0,0,0,0,3,1,6,6,2,44,7,1398,1,3,VAUXHALL CORSA,3,E01002048,0,-1
2020040940753,2020,040940753,1,9,0,17,19,3,7,0,0,0,0,0,0,0,2,1,1,1,2,20,4,1248,2,7,VAUXHALL CORSA,4,E01025065,0,-1
202063D008720,2020,63D008720,1,9,0,9,9,2,8,0,0,6,0,0,0,0,3,1,1,1,2,44,7,1229,1,7,VAUXHALL CORSA,2,W01000483,0,-1
2020211018709,2020,211018709,3,9,0,18,19,6,2,0,0,0,0,0,0,0,2,1,6,6,2,34,6,1199,1,0,VAUXHALL CORSA,6,E01029621,0,-1
2020010269800,2020,010269800,2,9,0,99,99,9,9,99,99,9,9,99,9,99,1,9,6,6,3,-1,-1,-1,-1,-1,VAUXHALL CORSA,-1,-1,0,-1
202006N178435,2020,06N178435,1,9,0,17,19,6,3,0,0,1,0,0,0,2,1,1,2,2,1,22,5,1398,1,8,VAUXHALL CORSA,-1,-1,0,-1
202031A121320,2020,31A121320,3,9,0,2,2,0,0,0,0,1,0,0,0,0,2,1,6,6,3,-1,-1,1229,1,14,VAUXHALL CORSA,-1,-1,0,-1
2020010238601,2020,010238601,1,9,0,17,19,9,9,0,0,8,9,0,0,99,9,9,6,6,2,35,6,1398,1,6,VAUXHALL CORSA,2,E01001331,0,-1
2020200979501,2020,200979501,1,9,0,5,5,2,5,0,0,4,0,0,0,0,1,1,6,6,1,44,7,1248,2,12,VAUXHALL CORSA,2,E01009014,0,-1
2020400989129,2020,400989129,1,9,0,18,19,7,3,0,0,0,0,0,0,0,1,1,5,6,2,20,4,1229,1,8,VAUXHALL CORSA,5,E01015748,0,-1
2020500930500,2020,500930500,1,9,0,17,19,7,3,0,0,0,2,0,1,9,4,1,5,6,1,18,4,1398,1,2,VAUXHALL CORSA,10,E01017815,0,-1
2020200929865,2020,200929865,2,9,0,18,19,8,4,0,0,1,0,10,1,0,1,1,2,2,2,21,5,1229,1,5,VAUXHALL CORSA,5,E01009882,0,-1
2020500955112,2020,500955112,1,9,0,3,3,4,8,0,0,0,0,0,0,0,1,1,2,2,2,20,4,1364,1,12,VAUXHALL CORSA,7,E01018889,0,-1
202031C001720,2020,31C001720,2,9,0,9,9,6,4,0,0,3,0,0,0,0,4,1,6,6,2,21,5,1229,1,7,VAUXHALL CORSA,-1,-1,0,-1
2020010264307,2020,010264307,2,9,0,8,8,3,4,0,0,1,0,0,0,0,1,1,6,6,2,71,10,1229,1,15,VAUXHALL CORSA,3,E01001242,0,-1
2020010258170,2020,010258170,1,9,0,18,19,3,7,0,0,0,1,12,7,11,1,1,6,6,1,29,6,998,1,10,VAUXHALL CORSA,-1,-1,0,-1
2020320439310,2020,320439310,1,9,0,18,19,1,5,0,0,0,0,4,0,0,1,1,6,6,1,21,5,998,1,10,VAUXHALL CORSA,4,E01026090,0,-1
2020500941187,2020,500941187,1,9,0,18,19,1,5,0,0,8,0,0,0,0,3,1,5,6,1,92,11,1248,2,10,VAUXHALL CORSA,4,E01020070,0,-1
2020010260330,2020,010260330,2,9,0,18,19,5,1,0,0,0,0,0,0,0,3,1,6,6,2,54,8,1364,1,12,VAUXHALL CORSA,-1,-1,0,-1
2020990961053,2020,990961053,1,9,0,9,9,3,1,0,0,4,0,0,0,0,4,1,6,6,2,58,9,1229,1,12,VAUXHALL CORSA,4,-1,0,-1
2020552000405,2020,552000405,1,9,0,18,19,2,6,0,0,0,0,0,0,0,1,1,2,2,1,29,6,1389,1,17,VAUXHALL CORSA,7,E01020467,0,-1
2020140992699,2020,140992699,1,9,0,18,19,1,5,0,0,2,0,10,3,1,1,1,6,6,2,42,7,1364,1,11,VAUXHALL CORSA,1,E01008015,0,-1
2020200933886,2020,200933886,2,9,0,14,14,8,4,0,0,8,0,0,0,0,4,1,6,6,2,28,6,1398,1,5,VAUXHALL CORSA,5,E01010432,0,-1
2020220922447,2020,220922447,1,9,0,4,4,1,5,0,0,0,1,0,1,0,1,1,5,6,1,45,7,1229,1,8,VAUXHALL CORSA,6,E01028852,0,-1
2020010248651,2020,010248651,3,9,0,2,2,0,0,0,0,0,0,0,0,0,2,1,6,6,3,-1,-1,1398,1,7,VAUXHALL CORSA,-1,-1,0,-1
2020010260086,2020,010260086,1,9,0,4,4,7,3,0,0,4,0,0,0,0,2,1,2,2,2,50,8,1229,1,5,VAUXHALL CORSA,8,E01001133,0,-1
2020010277048,2020,010277048,2,9,0,99,99,9,9,99,99,9,9,99,9,99,9,9,6,6,2,53,8,1364,1,12,VAUXHALL CORSA,3,E01001262,0,-1
202006E376526,2020,06E376526,1,9,0,12,12,3,7,0,0,0,0,0,0,4,1,1,3,7,1,20,4,1229,1,12,VAUXHALL CORSA,1,E01005243,0,-1
2020200981672,2020,200981672,2,9,0,18,19,4,8,0,0,0,0,0,0,0,2,1,6,6,2,23,5,1364,1,12,VAUXHALL CORSA,2,E01009512,0,-1
2020320047291,2020,320047291,1,9,0,18,19,1,5,0,0,0,5,0,7,0,1,1,2,2,1,19,4,1229,1,13,VAUXHALL CORSA,6,E01026398,0,-1
202031C153920,2020,31C153920,1,9,0,18,19,4,8,0,0,0,0,0,0,0,1,1,6,6,2,23,5,1229,1,5,VAUXHALL CORSA,9,E01028219,0,-1
2020400976475,2020,400976475,2,9,0,5,5,1,5,0,0,5,0,0,1,2,1,1,6,6,2,23,5,998,1,12,VAUXHALL CORSA,10,E01017399,0,-1
2020010271012,2020,010271012,1,9,0,99,99,9,9,99,99,9,9,99,9,99,2,9,6,6,1,36,7,1199,1,0,VAUXHALL CORSA,6,E01030618,0,-1
2020622000091,2020,622000091,1,9,0,18,19,6,2,0,0,0,0,0,0,0,1,1,6,6,1,85,11,1398,1,10,VAUXHALL CORSA,9,W01000786,0,-1
2020622000551,2020,622000551,1,9,0,18,19,2,6,0,0,0,0,0,0,0,4,1,6,6,2,36,7,1398,1,4,VAUXHALL CORSA,6,W01000959,0,-1
2020200949377,2020,200949377,6,9,0,2,2,0,0,0,0,2,0,0,0,0,1,1,6,6,1,-1,-1,1364,1,14,VAUXHALL CORSA,3,E01009795,0,-1
2020501017141,2020,501017141,1,9,0,17,19,3,1,0,0,0,2,0,8,0,4,1,5,6,1,22,5,998,1,11,VAUXHALL CORSA,4,E01020135,0,-1
2020122000674,2020,122000674,2,9,0,9,9,3,8,0,0,1,0,0,0,0,1,1,6,6,2,19,4,1229,1,12,VAUXHALL CORSA,5,E01013249,0,-1
2020200939156,2020,200939156,1,9,0,18,19,1,5,0,0,0,0,0,0,0,1,1,1,1,2,28,6,1229,1,13,VAUXHALL CORSA,1,E01009214,0,-1
2020370990518,2020,370990518,2,9,0,18,19,3,7,0,0,1,0,0,0,0,1,1,5,6,1,36,7,1229,1,13,VAUXHALL CORSA,5,E01002666,0,-1
2020470996384,2020,470996384,1,9,0,4,4,1,5,0,0,2,0,0,0,0,1,1,3,7,2,46,8,1199,1,17,VAUXHALL CORSA,1,E01016885,0,-1
2020990963083,2020,990963083,1,9,0,7,7,8,2,0,0,0,1,0,0,0,1,1,5,6,2,45,7,1229,1,6,VAUXHALL CORSA,8,-1,0,-1
2020200979535,2020,200979535,1,9,0,9,9,8,5,0,0,5,0,0,0,0,1,1,6,6,1,18,4,1229,1,7,VAUXHALL CORSA,6,E01032129,0,-1
2020460954024,2020,460954024,1,9,0,5,5,1,7,0,0,2,0,0,0,0,1,1,6,6,2,51,8,1398,1,4,VAUXHALL CORSA,4,E01024243,0,-1
2020430368085,2020,430368085,1,9,0,2,2,0,0,0,0,1,0,0,0,0,3,1,6,6,1,-1,-1,1398,1,8,VAUXHALL CORSA,4,E01016453,0,-1
2020211023277,2020,211023277,1,9,0,10,10,8,5,0,0,1,0,0,0,0,0,1,6,6,1,36,7,1229,1,9,VAUXHALL CORSA,1,E01014367,0,-1
2020040988199,2020,040988199,1,9,0,9,9,7,5,0,0,5,0,0,0,0,1,2,2,2,2,17,4,998,1,11,VAUXHALL CORSA,4,E01025113,0,-1
2020010265949,2020,010265949,2,9,0,99,99,9,9,99,99,0,9,99,9,99,1,9,6,6,3,-1,-1,1229,1,15,VAUXHALL CORSA,-1,-1,0,-1
2020410984323,2020,410984323,1,9,0,18,19,1,4,0,0,0,1,0,0,0,1,1,5,6,2,18,4,998,1,7,VAUXHALL CORSA,8,E01023311,0,-1
2020411000256,2020,411000256,1,9,0,9,9,5,3,0,0,8,0,0,0,0,3,1,5,6,2,57,9,1398,1,4,VAUXHALL CORSA,6,E01023918,0,-1
2020140925284,2020,140925284,1,9,0,18,19,3,7,0,0,0,0,10,1,0,3,1,5,6,2,64,9,1398,1,9,VAUXHALL CORSA,5,E01007505,0,-1
2020440377010,2020,440377010,1,9,0,18,19,6,2,0,0,0,0,0,7,0,4,1,6,6,1,85,11,1398,1,5,VAUXHALL CORSA,9,E01023163,0,-1
2020221000803,2020,221000803,3,9,0,4,4,6,2,0,0,0,0,0,0,0,3,1,5,6,2,69,10,1229,1,10,VAUXHALL CORSA,8,E01014123,0,-1
2020140962806,2020,140962806,1,9,0,18,19,2,6,0,0,4,1,0,7,0,1,1,5,6,1,18,4,1598,1,9,VAUXHALL CORSA,8,E01007818,0,-1
2020041023466,2020,041023466,1,9,0,18,19,1,5,0,0,1,0,0,0,0,1,1,2,2,1,18,4,1398,1,2,VAUXHALL CORSA,8,E01025012,0,-1
2020052001526,2020,052001526,2,9,0,7,7,3,5,0,0,8,0,0,0,0,4,1,6,6,2,28,6,1398,1,3,VAUXHALL CORSA,5,E01007143,0,-1
2020010264958,2020,010264958,2,9,0,6,6,5,5,0,0,1,0,0,0,0,1,1,6,6,1,78,11,1229,1,13,VAUXHALL CORSA,2,E01003974,0,-1
2020200929089,2020,200929089,2,9,0,3,3,4,8,0,0,1,0,0,0,0,0,1,6,6,2,22,5,998,1,8,VAUXHALL CORSA,3,E01009760,0,-1
2020010277900,2020,010277900,1,9,0,18,19,3,7,0,0,1,0,0,0,0,2,1,6,6,2,28,6,1229,1,14,VAUXHALL CORSA,6,E01001527,0,-1
2020320353377,2020,320353377,3,9,0,2,2,0,0,0,0,0,0,0,0,0,2,1,6,6,3,-1,-1,1229,1,14,VAUXHALL CORSA,-1,-1,0,-1
2020200956230,2020,200956230,2,9,0,18,19,4,2,0,0,0,0,0,0,0,4,1,1,1,1,-1,-1,999,1,2,VAUXHALL CORSA,-1,-1,0,-1
2020122000268,2020,122000268,1,9,0,11,11,5,1,0,0,0,2,0,1,9,3,1,2,2,1,23,5,998,1,10,VAUXHALL CORSA,2,E01011962,0,-1
2020220957991,2020,220957991,1,9,0,6,6,1,1,0,0,0,0,0,0,0,1,1,5,6,2,86,11,1398,1,4,VAUXHALL CORSA,6,E01032129,0,-1
2020200962422,2020,200962422,1,9,0,18,19,7,3,0,0,2,1,10,1,10,4,1,6,6,2,19,4,1229,1,11,VAUXHALL CORSA,5,E01010402,0,-1
202006M170717,2020,06M170717,1,9,0,7,7,7,2,0,0,6,0,0,0,0,1,1,6,6,1,21,5,1229,1,13,VAUXHALL CORSA,5,E01006181,0,-1
2020990940032,2020,990940032,1,9,0,18,19,2,6,0,0,0,2,0,1,7,1,1,5,6,1,25,5,1229,1,6,VAUXHALL CORSA,1,-1,0,-1
202006K274573,2020,06K274573,2,9,0,18,19,5,1,0,0,8,0,0,7,10,1,1,6,6,1,19,4,1229,1,8,VAUXHALL CORSA,5,E01004908,0,-1
2020450935104,2020,450935104,1,9,0,18,19,3,7,0,0,1,0,0,0,0,1,1,5,6,2,28,6,1248,2,7,VAUXHALL CORSA,10,E01016627,0,-1
2020361007400,2020,361007400,1,9,0,18,19,5,1,0,0,4,0,0,1,0,1,1,5,6,2,82,11,998,1,8,VAUXHALL CORSA,6,E01033541,0,-1
2020030928963,2020,030928963,1,9,0,18,19,7,3,0,0,0,1,7,0,0,1,1,5,6,1,26,6,1398,1,2,VAUXHALL CORSA,2,E01010057,0,-1
2020010256225,2020,010256225,2,9,0,99,99,9,9,99,99,1,9,99,9,99,1,9,6,6,3,-1,-1,1398,1,4,VAUXHALL CORSA,7,E01000413,0,-1
2020201019433,2020,201019433,1,9,0,7,7,1,3,0,0,1,0,0,0,0,1,1,6,6,1,22,5,1229,1,13,VAUXHALL CORSA,1,E01009143,0,-1
2020161006552,2020,161006552,1,9,0,17,19,6,2,0,0,2,5,0,3,4,1,1,2,2,1,22,5,1229,1,12,VAUXHALL CORSA,-1,-1,0,-1
2020010232799,2020,010232799,2,9,0,2,2,0,0,0,0,2,0,0,7,0,4,1,6,6,3,-1,-1,1229,1,12,VAUXHALL CORSA,-1,-1,0,-1
2020370941189,2020,370941189,2,9,0,18,19,6,2,0,0,2,0,0,0,0,4,1,5,6,2,24,5,1364,1,12,VAUXHALL CORSA,7,E01030098,0,-1
20201379L1054,2020,1379L1054,1,9,0,5,5,1,5,0,0,6,0,0,0,0,1,1,6,6,2,37,7,1229,1,7,VAUXHALL CORSA,1,E01011375,0,-1
2020460961125,2020,460961125,1,9,0,5,5,7,1,0,0,0,0,0,0,0,2,1,5,6,2,-1,-1,1364,1,12,VAUXHALL CORSA,1,E01002755,0,-1
2020470998886,2020,470998886,2,9,0,9,9,2,8,0,0,2,0,0,0,0,1,1,5,6,1,23,5,1248,2,12,VAUXHALL CORSA,7,E01020964,0,-1
2020440124541,2020,440124541,1,9,0,18,19,4,8,0,0,0,0,0,0,0,1,1,6,6,1,24,5,1398,1,2,VAUXHALL CORSA,9,E01031973,0,-1
2020450916050,2020,450916050,1,9,0,18,19,5,1,0,0,0,0,0,7,0,3,1,5,6,2,69,10,1398,1,9,VAUXHALL CORSA,10,E01030386,0,-1
2020990921351,2020,990921351,2,9,0,18,19,7,3,0,0,1,0,0,0,0,0,1,5,6,1,23,5,1229,1,7,VAUXHALL CORSA,8,-1,0,-1
2020340S07412,2020,340S07412,2,9,0,18,19,1,5,0,0,8,0,0,0,0,1,1,6,6,2,25,5,1398,1,4,VAUXHALL CORSA,8,E01032975,0,-1
2020460998171,2020,460998171,1,9,0,18,19,6,2,0,0,0,5,0,1,0,1,1,1,1,1,22,5,1196,1,23,VAUXHALL CORSA,6,E01024345,0,-1
2020100974732,2020,100974732,1,9,0,7,7,1,4,0,0,4,0,0,0,0,1,1,6,6,2,-1,-1,1248,2,6,VAUXHALL CORSA,-1,-1,0,-1
2020100964172,2020,100964172,1,9,0,18,19,1,5,0,0,0,0,0,0,0,0,1,6,6,1,49,8,998,1,8,VAUXHALL CORSA,-1,-1,0,-1
2020410944803,2020,410944803,1,9,0,18,19,6,3,0,0,0,0,0,7,2,1,1,2,2,1,31,6,1364,1,5,VAUXHALL CORSA,8,E01023763,0,-1
2020070080176,2020,070080176,2,9,0,3,3,1,5,0,0,1,0,0,0,0,2,1,1,1,1,33,6,1398,1,3,VAUXHALL CORSA,2,E01014337,0,-1
2020010281945,2020,010281945,2,9,0,18,19,7,3,0,0,2,0,10,0,0,2,1,6,6,2,42,7,1229,1,13,VAUXHALL CORSA,3,E01001263,0,-1
2020200990542,2020,200990542,2,9,0,7,7,4,6,0,0,8,0,0,0,0,4,1,6,6,2,19,4,1398,1,6,VAUXHALL CORSA,3,E01010381,0,-1
2020302001426,2020,302001426,2,9,0,8,8,6,2,0,0,6,0,0,0,0,2,1,6,6,2,18,4,1199,1,19,VAUXHALL CORSA,3,E01019468,0,-1
2020010268637,2020,010268637,2,9,0,99,99,9,9,99,99,2,9,99,9,99,1,1,6,6,3,-1,-1,1389,1,16,VAUXHALL CORSA,-1,-1,0,-1
202006L175719,2020,06L175719,1,9,0,9,9,7,6,0,0,8,0,0,0,0,1,1,6,6,2,53,8,1398,1,3,VAUXHALL CORSA,7,E01006884,0,-1
202006Q278336,2020,06Q278336,1,9,0,18,19,2,6,0,0,8,0,0,0,0,1,1,1,1,2,27,6,998,1,12,VAUXHALL CORSA,6,E01005364,0,-1
202031B157520,2020,31B157520,1,9,0,9,9,5,3,0,0,6,0,0,0,0,1,1,6,6,1,54,8,999,1,5,VAUXHALL CORSA,2,E01028300,0,-1
2020420987940,2020,420987940,1,9,0,18,19,2,6,0,0,0,0,0,0,0,1,1,5,6,1,41,7,1398,1,8,VAUXHALL CORSA,8,E01033144,0,-1
2020010285516,2020,010285516,2,9,0,99,99,9,9,99,99,0,9,99,9,99,1,9,6,6,2,25,5,1389,1,14,VAUXHALL CORSA,5,E01001681,0,-1
2020110925888,2020,110925888,1,9,0,9,9,7,1,0,0,1,0,0,0,0,1,1,5,6,1,20,4,1248,2,11,VAUXHALL CORSA,6,E01012317,0,-1
2020220946841,2020,220946841,2,9,0,9,9,4,1,0,0,5,0,0,7,11,3,1,5,6,1,23,5,1229,1,14,VAUXHALL CORSA,5,E01028897,0,-1
2020040935439,2020,040935439,2,9,0,18,19,5,1,0,0,0,0,0,7,0,1,1,5,6,1,37,7,1398,1,3,VAUXHALL CORSA,8,E01012584,0,-1
2020360960233,2020,360960233,1,9,0,9,9,2,8,0,0,5,0,0,0,0,1,1,5,6,1,24,5,1229,1,10,VAUXHALL CORSA,10,E01026562,0,-1
2020010241734,2020,010241734,1,9,0,99,99,9,9,99,99,9,9,99,9,99,2,9,6,6,1,22,5,1248,2,9,VAUXHALL CORSA,3,E01002560,0,-1
2020340K01932,2020,340K01932,2,9,0,18,19,5,1,0,0,8,0,0,0,0,1,1,2,2,2,-1,-1,998,1,13,VAUXHALL CORSA,7,E01027102,0,-1
202031C126920,2020,31C126920,1,9,0,10,10,5,2,0,0,1,0,0,0,0,2,1,6,6,1,30,6,1229,1,14,VAUXHALL CORSA,3,E01019665,0,-1
2020990999289,2020,990999289,1,9,0,9,9,8,6,0,0,8,0,0,0,0,1,1,1,1,2,22,5,1229,1,6,VAUXHALL CORSA,2,-1,0,-1
2020500925579,2020,500925579,2,9,0,18,19,3,7,0,0,0,0,0,0,0,2,1,6,6,2,20,4,1248,2,8,VAUXHALL CORSA,10,E01020166,0,-1
202006P178060,2020,06P178060,1,9,0,3,3,3,7,0,0,1,0,0,0,0,2,1,6,6,2,20,4,1398,1,3,VAUXHALL CORSA,8,E01005570,0,-1
2020401008353,2020,401008353,1,9,0,18,19,7,3,0,0,0,1,0,0,0,3,1,5,6,1,44,7,1398,1,5,VAUXHALL CORSA,2,E01015703,0,-1
2020010246273,2020,010246273,2,9,0,99,99,9,9,99,99,9,9,99,9,99,9,1,6,6,1,-1,-1,1199,1,16,VAUXHALL CORSA,2,E01000063,0,-1
202031D054820,2020,31D054820,1,9,0,18,19,8,4,0,0,1,0,0,0,0,1,1,6,6,2,29,6,1229,1,13,VAUXHALL CORSA,7,E01028203,0,-1
2020010261660,2020,010261660,1,9,0,99,99,9,9,99,99,9,9,99,9,99,2,9,6,6,2,31,6,1398,1,4,VAUXHALL CORSA,2,E01004390,0,-1
2020622000238,2020,622000238,2,9,0,18,19,2,6,0,0,1,0,0,0,0,1,1,1,1,1,25,5,998,1,14,VAUXHALL CORSA,2,W01000895,0,-1
2020220969410,2020,220969410,1,9,0,18,19,2,6,0,0,0,1,0,8,4,1,1,5,6,1,18,4,1229,1,8,VAUXHALL CORSA,6,E01028851,0,-1
2020420988847,2020,420988847,4,9,0,3,3,7,3,0,0,0,0,0,0,0,2,1,5,6,2,25,5,1398,1,5,VAUXHALL CORSA,7,E01021344,0,-1
2020140959477,2020,140959477,1,9,0,3,3,8,4,0,0,0,0,0,0,0,2,1,5,6,1,26,6,1229,1,9,VAUXHALL CORSA,1,E01007948,0,-1
2020010247940,2020,010247940,3,9,0,3,3,5,1,0,0,6,0,0,0,0,2,1,6,6,1,23,5,1248,2,8,VAUXHALL CORSA,6,E01003644,0,-1
2020500989012,2020,500989012,1,9,0,9,9,7,8,0,0,0,0,10,1,0,1,1,5,6,1,86,11,1199,1,18,VAUXHALL CORSA,7,E01033079,0,-1
2020400969581,2020,400969581,1,9,0,1,1,-1,-1,0,0,0,0,0,0,0,2,1,6,6,2,20,4,1389,1,16,VAUXHALL CORSA,2,E01017433,0,-1
2020990961311,2020,990961311,1,9,0,7,7,7,2,0,0,5,0,0,0,0,1,1,6,6,2,19,4,1398,1,4,VAUXHALL CORSA,7,-1,0,-1
2020137CG0955,2020,137CG0955,2,9,0,18,19,4,8,0,0,1,0,0,0,0,4,1,2,2,1,52,8,1229,1,10,VAUXHALL CORSA,5,E01011415,0,-1
2020460995506,2020,460995506,2,9,0,18,19,4,8,0,0,0,0,0,0,0,1,1,2,2,2,23,5,998,1,12,VAUXHALL CORSA,5,E01024191,0,-1
202006Q276561,2020,06Q276561,1,9,0,9,9,5,3,0,0,5,0,0,0,0,1,1,2,2,2,55,8,998,1,11,VAUXHALL CORSA,1,E01005529,0,-1