collision_index,collision_year,collision_ref_no,vehicle_reference,vehicle_type,towing_and_articulation,vehicle_manoeuvre_historic,vehicle_manoeuvre,vehicle_direction_from,vehicle_direction_to,vehicle_location_restricted_lane_historic,vehicle_location_restricted_lane,junction_location,skidding_and_overturning,hit_object_in_carriageway,vehicle_leaving_carriageway,hit_object_off_carriageway,first_point_of_impact,vehicle_left_hand_drive,journey_purpose_of_driver_historic,journey_purpose_of_driver,sex_of_driver,age_of_driver,age_band_of_driver,engine_capacity_cc,propulsion_code,age_of_vehicle,generic_make_model,driver_imd_decile,lsoa_of_driver,escooter_flag,driver_distance_banding
2020122000589,2020,122000589,3,9,0,2,2,0,0,0,0,1,0,0,0,0,1,1,6,6,1,-1,-1,1398,1,1,VAUXHALL CORSA,5,E01027582,0,-1
2020440382688,2020,440382688,1,9,0,16,19,7,3,0,0,0,1,0,0,0,1,1,2,2,1,24,5,973,1,18,VAUXHALL CORSA,9,E01022615,0,-1
2020161006186,2020,161006186,2,9,0,5,5,7,3,0,0,8,0,0,0,0,1,1,5,6,2,-1,-1,1398,1,2,VAUXHALL CORSA,7,E01013323,0,-1
2020100971003,2020,100971003,2,9,0,10,10,5,1,0,0,0,0,0,0,0,3,1,5,6,2,55,8,1398,1,8,VAUXHALL CORSA,2,E01008697,0,-1
2020010242053,2020,010242053,1,9,0,9,9,7,4,0,0,0,0,0,0,0,3,1,6,6,1,26,6,1229,1,15,VAUXHALL CORSA,3,E01033324,0,-1
2020320475530,2020,320475530,1,9,0,18,19,3,7,0,0,1,0,0,0,0,3,1,6,6,1,18,4,1398,1,4,VAUXHALL CORSA,7,E01028023,0,-1
2020421002005,2020,421002005,2,9,0,18,19,8,2,0,0,1,0,0,0,0,1,1,6,6,1,18,4,1398,1,1,VAUXHALL CORSA,7,E01015983,0,-1
2020990958651,2020,990958651,1,9,0,9,9,1,7,0,0,8,0,0,0,0,4,2,5,6,1,18,4,1229,1,8,VAUXHALL CORSA,5,-1,0,-1
2020430075169,2020,430075169,2,9,0,18,19,5,1,0,0,1,0,0,0,0,1,1,6,6,1,-1,-1,1398,1,8,VAUXHALL CORSA,-1,-1,0,-1
2020430083250,2020,430083250,1,9,0,18,19,3,7,0,0,1,0,0,0,0,1,1,6,6,2,52,8,998,1,11,VAUXHALL CORSA,6,E01016310,0,-1
2020552001168,2020,552001168,1,9,0,17,19,1,7,0,0,0,2,0,1,4,4,1,6,6,1,18,4,1364,1,12,VAUXHALL CORSA,6,E01023023,0,-1
2020201004966,2020,201004966,2,9,0,18,19,5,1,0,0,8,0,0,0,0,3,1,6,6,2,39,7,1229,1,14,VAUXHALL CORSA,2,E01010362,0,-1
2020200957613,2020,200957613,3,9,0,18,19,0,0,0,0,0,0,0,0,0,3,1,6,6,3,-1,-1,1398,1,7,VAUXHALL CORSA,-1,-1,0,-1
2020010261507,2020,010261507,1,9,0,7,7,5,8,0,0,1,0,0,0,0,1,1,6,6,1,20,4,1398,1,4,VAUXHALL CORSA,5,E01003955,0,-1
2020122000673,2020,122000673,1,9,0,18,19,5,1,0,0,0,0,0,5,6,1,1,6,6,1,37,7,1199,1,1,VAUXHALL CORSA,3,E01008187,0,-1
2020010260726,2020,010260726,1,9,0,16,19,7,3,0,0,1,0,0,0,0,1,1,6,6,1,27,6,1229,1,13,VAUXHALL CORSA,3,E01003708,0,-1
2020052002090,2020,052002090,2,9,0,18,19,1,5,0,0,0,0,0,0,0,2,1,6,6,2,44,7,1398,1,6,VAUXHALL CORSA,2,E01006624,0,-1
2020552100063,2020,552100063,1,9,0,5,5,1,5,0,0,4,0,0,0,0,1,1,6,6,2,20,4,1248,2,13,VAUXHALL CORSA,2,E01015277,0,-1
2020010272928,2020,010272928,2,9,0,9,9,4,3,0,0,5,0,0,0,0,1,1,6,6,1,21,5,998,1,13,VAUXHALL CORSA,3,E01001190,0,-1
2020052000260,2020,052000260,1,9,0,18,19,4,8,0,0,0,0,0,0,0,4,1,6,6,2,80,11,1229,1,5,VAUXHALL CORSA,8,E01007279,0,-1
202031C031420,2020,31C031420,1,9,0,12,12,4,8,0,0,0,0,0,0,0,3,1,6,6,2,19,4,998,1,6,VAUXHALL CORSA,10,E01013261,0,-1
2020302001199,2020,302001199,2,9,0,18,19,8,4,0,0,0,0,0,0,0,4,1,6,6,2,22,5,1229,1,12,VAUXHALL CORSA,2,E01019579,0,-1
202031D098820,2020,31D098820,1,9,0,7,7,5,8,0,0,5,0,0,0,0,4,1,6,6,1,19,4,1229,1,9,VAUXHALL CORSA,2,E01027958,0,-1
2020170H10660,2020,170H10660,1,9,0,17,19,8,4,0,0,8,0,0,0,0,1,1,6,6,1,53,8,1229,1,11,VAUXHALL CORSA,2,E01011954,0,-1
2020990961761,2020,990961761,1,9,0,15,15,7,4,0,0,0,1,0,0,0,1,1,1,1,1,29,6,1229,1,15,VAUXHALL CORSA,3,-1,0,-1
2020460983560,2020,460983560,1,9,0,10,10,1,7,0,0,1,0,0,0,0,1,1,6,6,2,34,6,1229,1,11,VAUXHALL CORSA,3,E01016046,0,-1
20201372O0624,2020,1372O0624,1,9,0,18,19,8,6,0,0,0,0,0,0,0,1,1,2,2,2,26,6,1229,1,12,VAUXHALL CORSA,3,E01033005,0,-1
2020010279227,2020,010279227,1,9,0,99,99,9,9,99,99,9,9,99,9,99,2,9,2,2,2,20,4,1229,1,12,VAUXHALL CORSA,6,E01000262,0,-1
2020010270258,2020,010270258,2,9,0,99,99,9,9,99,99,0,9,99,9,99,4,9,6,6,3,-1,-1,1364,1,12,VAUXHALL CORSA,-1,-1,0,-1
2020052000188,2020,052000188,1,9,0,9,9,2,8,0,0,8,0,0,7,11,1,1,6,6,2,25,5,1248,2,13,VAUXHALL CORSA,2,E01007136,0,-1
2020470983777,2020,470983777,1,9,0,9,9,1,4,0,0,8,0,0,0,0,1,1,6,6,1,25,5,1398,1,1,VAUXHALL CORSA,2,E01021103,0,-1
202031D001920,2020,31D001920,2,9,0,9,9,4,2,0,0,6,0,0,0,0,1,1,6,6,1,23,5,1229,1,15,VAUXHALL CORSA,5,E01026121,0,-1
2020552001196,2020,552001196,2,9,0,18,19,5,1,0,0,8,0,0,0,0,1,1,6,6,1,26,6,1229,1,5,VAUXHALL CORSA,7,E01015474,0,-1
2020200947513,2020,200947513,2,9,0,7,7,6,8,0,0,5,0,0,0,0,1,1,1,1,1,-1,-1,1248,2,6,VAUXHALL CORSA,3,E01009989,0,-1
2020440135894,2020,440135894,2,9,0,5,5,3,7,0,0,8,0,0,0,0,3,1,1,1,2,70,10,1229,1,8,VAUXHALL CORSA,10,E01022476,0,-1
2020010248215,2020,010248215,1,9,9,11,11,1,5,0,0,2,9,0,0,0,2,9,6,6,2,22,5,1229,1,12,VAUXHALL CORSA,6,E01027039,0,-1
2020200939619,2020,200939619,1,9,0,18,19,-1,-1,0,0,0,0,0,0,0,1,1,6,6,1,-1,-1,1364,1,12,VAUXHALL CORSA,-1,-1,0,-1
2020440127895,2020,440127895,2,9,0,18,19,6,2,0,0,8,0,0,0,0,1,1,6,6,1,65,9,1364,1,11,VAUXHALL CORSA,6,E01022669,0,-1
2020010271898,2020,010271898,2,9,0,18,19,1,5,0,0,0,1,0,0,0,2,1,6,6,1,28,6,1229,1,10,VAUXHALL CORSA,9,E01006917,0,-1
2020052000538,2020,052000538,1,9,0,9,9,3,1,0,0,8,0,0,0,0,4,1,6,6,1,32,6,1248,2,6,VAUXHALL CORSA,4,E01007046,0,-1
2020140934416,2020,140934416,2,9,0,18,19,8,4,0,0,0,0,4,0,0,1,1,6,6,2,50,8,998,1,10,VAUXHALL CORSA,3,E01007487,0,-1
202006L266987,2020,06L266987,1,9,0,12,12,2,6,0,0,0,1,0,4,6,2,1,6,6,2,49,8,1398,1,5,VAUXHALL CORSA,4,E01005622,0,-1
2020210944052,2020,210944052,3,9,0,3,3,3,7,0,0,0,0,0,0,0,2,1,6,6,2,25,5,1229,1,6,VAUXHALL CORSA,8,E01018495,0,-1
2020030968429,2020,030968429,1,9,0,5,5,1,5,0,0,0,0,0,0,0,1,1,5,6,3,-1,-1,1199,1,16,VAUXHALL CORSA,-1,-1,0,-1
2020410964164,2020,410964164,1,9,0,18,19,7,7,0,0,1,0,0,0,0,4,1,5,6,1,40,7,1229,1,15,VAUXHALL CORSA,5,E01023829,0,-1
2020100918815,2020,100918815,2,9,0,18,19,7,2,0,0,1,0,0,0,0,1,1,6,6,1,28,6,-1,-1,-1,VAUXHALL CORSA,2,E01008450,0,-1
202031C162320,2020,31C162320,1,9,0,13,13,1,5,0,0,8,0,0,0,0,1,1,6,6,2,25,5,1229,1,6,VAUXHALL CORSA,1,E01013812,0,-1
2020990989069,2020,990989069,1,9,0,5,5,5,1,0,0,0,0,0,0,0,4,1,2,2,1,30,6,1398,1,1,VAUXHALL CORSA,3,-1,0,-1
2020170M11730,2020,170M11730,1,9,0,9,9,2,8,0,0,8,0,0,0,0,1,1,6,6,1,21,5,1199,1,17,VAUXHALL CORSA,1,E01012036,0,-1
2020400927838,2020,400927838,1,9,0,18,19,2,6,0,0,8,0,0,0,0,3,1,6,6,2,21,5,1248,2,12,VAUXHALL CORSA,3,E01015713,0,-1
2020040988725,2020,040988725,2,9,0,3,3,3,7,0,0,0,0,0,0,0,2,1,5,6,1,52,8,1364,1,12,VAUXHALL CORSA,9,E01006886,0,-1
2020070134396,2020,070134396,2,9,0,18,19,4,8,3,2,1,0,11,1,1,3,1,1,1,1,51,8,1248,2,5,VAUXHALL CORSA,6,E01012423,0,-1
2020470915444,2020,470915444,1,9,0,18,19,5,1,0,0,1,0,0,0,0,1,1,6,6,1,40,7,1229,1,15,VAUXHALL CORSA,9,E01031590,0,-1
2020160988488,2020,160988488,1,9,0,18,19,5,1,0,0,0,0,0,0,0,1,1,6,6,2,47,8,1229,1,5,VAUXHALL CORSA,1,E01012845,0,-1
2020460963243,2020,460963243,1,9,0,18,19,5,1,0,0,8,1,0,7,0,3,1,5,6,2,20,4,998,1,12,VAUXHALL CORSA,9,E01023999,0,-1
2020460944855,2020,460944855,2,9,0,18,19,3,7,0,0,0,0,0,0,0,1,1,2,2,1,44,7,1248,2,14,VAUXHALL CORSA,5,E01024716,0,-1
2020041005611,2020,041005611,1,9,0,12,12,7,3,0,0,6,0,0,0,0,3,2,2,2,1,18,4,1229,1,6,VAUXHALL CORSA,2,E01012666,0,-1
2020440072772,2020,440072772,1,9,0,18,19,7,3,0,0,8,0,0,0,0,1,1,6,6,1,18,4,1229,1,6,VAUXHALL CORSA,9,E01022859,0,-1
2020500961400,2020,500961400,1,9,0,4,4,3,7,0,0,1,0,0,0,0,2,1,1,1,1,44,7,1248,2,8,VAUXHALL CORSA,4,E01015029,0,-1
2020320223408,2020,320223408,2,9,0,7,7,1,3,0,0,8,0,0,0,0,3,1,6,6,2,18,4,1686,2,9,VAUXHALL CORSA,7,E01026228,0,-1
2020420979608,2020,420979608,2,9,0,18,19,5,1,0,0,1,5,0,0,0,4,1,6,6,2,30,6,1398,1,4,VAUXHALL CORSA,-1,-1,0,-1
2020410978823,2020,410978823,1,9,0,18,19,2,6,0,0,0,0,0,0,0,1,1,5,6,1,21,5,1398,1,9,VAUXHALL CORSA,8,E01021824,0,-1
2020100940769,2020,100940769,2,9,0,18,19,1,5,0,0,8,1,0,1,1,1,1,6,6,1,19,4,998,1,11,VAUXHALL CORSA,10,-1,0,-1
2020230957568,2020,230957568,1,9,0,9,9,6,4,0,0,5,0,0,0,0,2,1,5,6,1,18,4,1229,1,14,VAUXHALL CORSA,7,E01031320,0,-1
2020200950588,2020,200950588,2,9,0,18,19,3,7,0,0,8,0,0,0,0,1,1,6,6,1,30,6,1389,1,19,VAUXHALL CORSA,6,E01010132,0,-1
2020990915571,2020,990915571,1,9,0,16,19,8,3,0,0,0,0,0,8,7,3,1,5,6,2,17,4,1364,1,11,VAUXHALL CORSA,1,-1,0,-1
2020220961139,2020,220961139,2,9,0,3,3,5,1,0,0,1,0,0,0,0,2,1,5,6,2,46,8,1229,1,6,VAUXHALL CORSA,6,E01029750,0,-1
202006F279425,2020,06F279425,1,9,0,18,19,1,5,0,0,8,0,0,0,0,1,1,6,6,3,-1,-1,1248,2,12,VAUXHALL CORSA,-1,-1,0,-1
2020500991885,2020,500991885,1,9,0,18,19,3,7,0,0,1,0,0,0,0,1,1,2,2,1,44,7,1248,2,9,VAUXHALL CORSA,5,E01019974,0,-1
2020500946763,2020,500946763,1,9,0,18,19,3,7,0,0,0,2,0,2,11,1,1,5,6,2,25,5,1398,1,7,VAUXHALL CORSA,7,E01032628,0,-1
202006K270383,2020,06K270383,2,9,0,10,10,4,2,0,0,8,0,0,0,0,1,1,2,2,1,40,7,1229,1,11,VAUXHALL CORSA,5,E01024917,0,-1
2020201000770,2020,201000770,1,9,0,18,19,3,7,0,0,0,5,4,0,0,1,1,6,6,1,19,4,1229,1,13,VAUXHALL CORSA,9,E01009430,0,-1
2020200956214,2020,200956214,1,9,0,5,5,8,4,0,0,0,0,0,0,0,0,1,6,6,1,33,6,1199,1,19,VAUXHALL CORSA,2,E01010019,0,-1
2020010267311,2020,010267311,1,9,0,99,99,9,9,99,99,1,9,99,9,99,2,9,2,2,1,23,5,1398,1,3,VAUXHALL CORSA,2,E01000074,0,-1
202006J177730,2020,06J177730,3,9,0,2,2,0,0,0,0,1,0,0,0,0,3,1,6,6,3,-1,-1,1248,2,16,VAUXHALL CORSA,-1,-1,0,-1
202063A034220,2020,63A034220,2,9,0,2,2,0,0,0,0,0,0,0,1,4,2,1,6,6,3,-1,-1,1248,2,10,VAUXHALL CORSA,-1,-1,0,-1
2020230983775,2020,230983775,1,9,0,18,19,5,1,0,0,8,0,0,0,0,1,1,2,2,1,20,4,1229,1,6,VAUXHALL CORSA,8,E01031205,0,-1
2020420926678,2020,420926678,2,9,0,5,5,3,5,0,0,0,0,0,0,0,3,1,6,6,2,19,4,1398,1,4,VAUXHALL CORSA,2,E01015934,0,-1
2020990921355,2020,990921355,1,9,0,17,19,3,8,0,0,0,5,0,2,0,3,1,2,2,1,17,4,1229,1,8,VAUXHALL CORSA,6,-1,0,-1
2020332000040,2020,332000040,2,9,0,18,19,2,6,0,0,8,0,0,0,0,1,1,6,6,1,18,4,1248,2,8,VAUXHALL CORSA,5,E01013770,0,-1
2020990969755,2020,990969755,2,9,0,17,19,5,1,0,0,0,1,10,1,0,1,1,6,6,2,27,6,1229,1,6,VAUXHALL CORSA,10,-1,0,-1
2020430173231,2020,430173231,1,9,0,7,7,5,7,0,0,5,0,0,0,0,1,1,6,6,1,-1,-1,1598,1,12,VAUXHALL CORSA,-1,-1,0,-1
2020350988806,2020,350988806,1,9,0,16,19,3,7,0,0,0,0,0,7,0,1,1,5,6,1,32,6,1229,1,12,VAUXHALL CORSA,4,E01015623,0,-1
2020010280533,2020,010280533,2,9,0,18,19,7,3,0,0,0,0,0,0,0,1,1,2,2,1,36,7,1364,1,12,VAUXHALL CORSA,9,E01004087,0,-1
2020010248463,2020,010248463,2,9,9,99,99,9,9,99,99,9,9,99,9,99,9,9,6,6,3,-1,-1,1229,1,10,VAUXHALL CORSA,-1,-1,0,-1
2020010275344,2020,010275344,2,9,9,99,99,9,9,0,0,3,0,99,0,0,1,9,6,6,1,-1,-1,1229,1,9,VAUXHALL CORSA,10,E01021442,0,-1
20201371A1831,2020,1371A1831,1,9,0,10,10,5,3,0,0,1,0,0,0,0,4,1,6,6,1,68,10,1398,1,6,VAUXHALL CORSA,10,E01011563,0,-1
2020360987723,2020,360987723,1,9,0,9,9,5,2,0,0,8,0,0,0,0,1,1,5,6,1,90,11,1248,2,11,VAUXHALL CORSA,5,E01026703,0,-1
2020450962287,2020,450962287,2,9,0,9,9,2,3,0,0,8,0,0,0,0,1,1,6,6,2,60,9,1398,1,3,VAUXHALL CORSA,8,E01030988,0,-1
2020010275497,2020,010275497,1,9,0,5,5,8,4,0,0,2,0,0,0,0,3,1,2,2,1,20,4,998,1,12,VAUXHALL CORSA,-1,-1,0,-1
2020100983854,2020,100983854,1,9,0,16,19,5,1,0,0,0,2,7,2,0,1,1,2,2,2,39,7,998,1,13,VAUXHALL CORSA,-1,-1,0,-1
2020200980723,2020,200980723,1,9,0,6,6,1,5,0,0,2,0,0,0,0,3,1,6,6,3,-1,-1,1199,1,16,VAUXHALL CORSA,-1,-1,0,-1
2020990931143,2020,990931143,2,9,0,18,19,7,3,0,0,0,0,1,0,0,1,1,5,6,2,30,6,998,1,6,VAUXHALL CORSA,7,-1,0,-1
2020010256148,2020,010256148,2,9,0,18,19,3,7,0,0,1,0,0,0,0,1,1,6,6,1,32,6,1199,1,0,VAUXHALL CORSA,1,E01032575,0,-1
2020500983523,2020,500983523,2,9,0,18,19,3,1,0,0,8,0,0,0,0,4,1,6,6,1,29,6,1199,1,1,VAUXHALL CORSA,8,E01015211,0,-1
2020610035920,2020,610035920,2,9,0,9,9,3,1,0,0,0,0,0,0,0,1,1,6,6,1,41,7,1398,1,3,VAUXHALL CORSA,7,W01001425,0,-1
2020040951629,2020,040951629,1,9,0,16,19,3,7,0,0,0,5,0,7,11,1,1,5,6,1,87,11,1398,1,3,VAUXHALL CORSA,8,E01025349,0,-1
2020622000729,2020,622000729,1,9,0,5,5,4,8,0,0,1,0,0,1,2,4,1,6,6,2,64,9,1364,1,14,VAUXHALL CORSA,10,W01001894,0,-1
2020200938311,2020,200938311,2,9,0,3,3,4,8,0,0,1,0,0,0,0,2,1,1,1,1,29,6,1398,1,1,VAUXHALL CORSA,-1,-1,0,-1
2020430242321,2020,430242321,2,9,0,18,19,2,6,0,0,4,0,0,0,0,1,1,6,6,2,-1,-1,1398,1,3,VAUXHALL CORSA,2,E01016415,0,-1
2020122000271,2020,122000271,1,9,0,18,19,5,1,0,0,0,0,0,1,0,1,1,6,6,1,90,11,1398,1,4,VAUXHALL CORSA,7,E01027891,0,-1
2020420919742,2020,420919742,2,9,0,18,19,1,5,0,0,8,0,0,0,0,1,1,5,6,1,80,11,1398,1,1,VAUXHALL CORSA,9,E01022073,0,-1
2020340N05072,2020,340N05072,2,9,0,18,19,1,5,0,0,0,0,0,0,0,1,1,6,6,2,55,8,1248,2,8,VAUXHALL CORSA,3,E01027225,0,-1
2020230984311,2020,230984311,3,9,0,3,3,4,8,0,0,0,0,0,0,0,2,1,5,6,1,48,8,1229,1,14,VAUXHALL CORSA,9,E01031288,0,-1
2020052001328,2020,052001328,2,9,0,18,19,2,6,0,0,8,0,0,0,0,4,1,2,2,2,24,5,1398,1,5,VAUXHALL CORSA,1,E01007290,0,-1
2020201021954,2020,201021954,1,9,0,18,19,1,6,0,0,4,0,0,0,0,1,1,6,6,1,56,9,1398,1,2,VAUXHALL CORSA,1,E01010486,0,-1
202031C014920,2020,31C014920,3,9,0,3,3,1,5,0,0,1,0,0,0,0,2,1,2,2,2,36,7,1199,1,18,VAUXHALL CORSA,2,E01013966,0,-1
2020110966332,2020,110966332,1,9,0,18,19,3,7,0,0,0,0,0,0,0,4,1,6,6,1,18,4,1229,1,12,VAUXHALL CORSA,7,E01020853,0,-1
2020201022730,2020,201022730,4,9,0,3,3,2,6,0,0,0,0,0,0,0,2,1,1,1,1,35,6,998,1,10,VAUXHALL CORSA,1,E01009146,0,-1
202006J372623,2020,06J372623,1,9,0,16,19,1,4,0,0,0,1,10,1,10,1,1,6,6,1,30,6,1229,1,12,VAUXHALL CORSA,-1,-1,0,-1
2020100954081,2020,100954081,1,9,0,18,19,1,5,0,0,0,0,0,0,0,1,1,6,6,2,54,8,1398,1,2,VAUXHALL CORSA,7,E01008848,0,-1
2020070164171,2020,070164171,2,9,0,18,19,6,2,0,0,1,0,0,0,0,1,1,6,6,2,24,5,1398,1,3,VAUXHALL CORSA,10,E01018560,0,-1
2020522002468,2020,522002468,2,9,0,2,2,0,0,0,0,0,0,0,0,0,0,1,6,6,1,40,7,1229,1,9,VAUXHALL CORSA,-1,-1,0,-1
2020450960490,2020,450960490,2,9,0,18,19,5,1,0,0,0,0,0,0,0,1,1,2,2,1,45,7,1364,1,6,VAUXHALL CORSA,9,E01030742,0,-1
2020360961112,2020,360961112,2,9,0,18,19,-1,-1,0,0,0,0,0,0,0,4,1,2,2,1,36,7,1229,1,9,VAUXHALL CORSA,8,E01033538,0,-1
2020010273004,2020,010273004,1,9,0,8,8,7,8,0,0,1,0,0,0,0,1,1,6,6,1,55,8,1398,1,2,VAUXHALL CORSA,3,E01001371,0,-1
2020122000234,2020,122000234,1,9,0,9,9,6,4,0,0,6,0,0,0,0,1,1,3,7,2,29,6,973,1,17,VAUXHALL CORSA,8,E01013391,0,-1
2020220991543,2020,220991543,2,9,0,9,9,4,2,0,0,5,0,0,0,0,3,1,5,6,1,21,5,1686,2,11,VAUXHALL CORSA,5,E01028946,0,-1
2020140975628,2020,140975628,1,9,0,3,3,4,2,0,0,1,0,0,0,0,2,1,6,6,1,18,4,1229,1,6,VAUXHALL CORSA,7,E01008135,0,-1
2020552000406,2020,552000406,1,9,0,18,19,8,4,0,0,4,0,0,0,0,1,1,6,6,2,28,6,1229,1,8,VAUXHALL CORSA,2,E01032659,0,-1
2020400938841,2020,400938841,1,9,0,4,4,3,7,0,0,0,0,0,0,0,2,1,5,6,1,19,4,1229,1,7,VAUXHALL CORSA,4,E01015750,0,-1
2020137C41306,2020,137C41306,2,9,0,18,19,4,8,0,0,0,0,0,0,0,2,1,6,6,2,38,7,1398,1,5,VAUXHALL CORSA,8,E01011769,0,-1
2020500923961,2020,500923961,1,9,0,18,19,1,5,0,0,1,0,0,0,0,1,1,6,6,3,-1,-1,973,1,18,VAUXHALL CORSA,-1,-1,0,-1
2020520000431,2020,520000431,1,9,0,18,19,8,4,0,0,8,0,0,0,0,1,1,6,6,1,19,4,1199,1,18,VAUXHALL CORSA,3,E01029062,0,-1
2020070382343,2020,070382343,1,9,0,18,19,7,3,0,0,0,0,0,7,11,1,1,6,6,2,61,9,1229,1,9,VAUXHALL CORSA,7,E01018597,0,-1
2020137810993,2020,137810993,2,9,0,7,7,4,6,0,0,8,0,0,0,0,1,1,6,6,1,24,5,1229,1,11,VAUXHALL CORSA,1,E01011342,0,-1
2020340K02522,2020,340K02522,1,9,0,18,19,1,5,0,0,3,0,0,0,0,0,1,2,2,1,57,9,1229,1,15,VAUXHALL CORSA,9,E01027325,0,-1
2020140938937,2020,140938937,1,9,0,18,19,1,1,0,0,0,0,0,0,0,4,1,5,6,2,24,5,1229,1,12,VAUXHALL CORSA,2,E01007651,0,-1
2020522100473,2020,522100473,1,9,0,17,19,6,3,0,0,0,0,0,0,0,4,1,6,6,1,30,6,1199,1,16,VAUXHALL CORSA,9,E01014956,0,-1
2020302000711,2020,302000711,1,9,0,9,9,5,3,0,0,2,0,0,0,0,4,1,6,6,2,21,5,1364,1,11,VAUXHALL CORSA,2,E01019799,0,-1
2020430051632,2020,430051632,1,9,0,9,9,4,2,0,0,6,0,0,0,0,1,1,3,7,2,30,6,1229,1,5,VAUXHALL CORSA,4,E01032732,0,-1
2020010246592,2020,010246592,1,9,0,99,99,9,9,99,99,9,9,99,9,99,2,9,6,6,1,18,4,1248,2,10,VAUXHALL CORSA,2,E01001555,0,-1
2020052002418,2020,052002418,1,9,0,16,19,1,5,0,0,0,2,0,2,11,1,1,6,6,2,18,4,1248,2,8,VAUXHALL CORSA,1,E01007126,0,-1
2020430063857,2020,430063857,1,9,0,18,19,2,6,0,0,1,0,0,0,0,1,1,6,6,1,30,6,1398,1,1,VAUXHALL CORSA,2,E01013523,0,-1
2020430173070,2020,430173070,1,9,0,18,19,4,8,0,0,8,1,0,0,0,4,1,1,1,1,40,7,1248,2,6,VAUXHALL CORSA,6,E01016348,0,-1
2020610016020,2020,610016020,1,9,0,18,19,5,1,0,0,0,0,0,0,0,1,1,6,6,2,19,4,1398,1,6,VAUXHALL CORSA,2,W01001668,0,-1
2020040941944,2020,040941944,1,9,0,7,7,5,1,0,0,1,0,0,0,0,2,1,2,2,1,18,4,1229,1,10,VAUXHALL CORSA,6,E01025412,0,-1
2020520001626,2020,520001626,2,9,0,18,19,2,6,0,0,0,0,0,0,0,1,1,6,6,2,25,5,1248,2,8,VAUXHALL CORSA,10,E01029168,0,-1
2020220934171,2020,220934171,1,9,0,9,9,7,5,0,0,5,0,10,1,2,1,1,5,6,2,18,4,1229,1,10,VAUXHALL CORSA,5,E01014084,0,-1
2020210953322,2020,210953322,2,9,0,18,19,2,6,0,0,8,0,0,0,0,1,1,6,6,2,20,4,1398,1,2,VAUXHALL CORSA,7,E01029735,0,-1
2020332000173,2020,332000173,1,9,0,9,9,6,4,0,0,5,0,0,0,0,1,1,6,6,1,83,11,1229,1,7,VAUXHALL CORSA,8,E01025764,0,-1
2020010285714,2020,010285714,1,9,0,5,5,1,5,0,0,8,0,0,0,0,1,1,2,2,1,20,4,1229,1,11,VAUXHALL CORSA,2,E01003566,0,-1
2020200939695,2020,200939695,6,9,0,2,2,0,0,0,0,0,0,0,0,0,3,1,6,6,1,30,6,1398,1,2,VAUXHALL CORSA,1,E01010129,0,-1
2020140991989,2020,140991989,1,9,0,18,19,3,7,0,0,0,0,0,0,0,2,1,5,6,2,35,6,1398,1,1,VAUXHALL CORSA,2,E01011872,0,-1
2020990922150,2020,990922150,2,9,0,10,10,2,8,0,0,1,0,0,0,0,2,1,6,6,1,37,7,1229,1,8,VAUXHALL CORSA,10,-1,0,-1
2020500939130,2020,500939130,1,9,0,10,10,8,4,0,0,1,0,0,0,0,1,1,6,6,2,19,4,1229,1,15,VAUXHALL CORSA,5,E01018976,0,-1
2020451004146,2020,451004146,2,9,0,18,19,4,8,0,0,0,0,0,0,0,3,1,6,6,1,25,5,1229,1,12,VAUXHALL CORSA,3,E01002215,0,-1
2020010277480,2020,010277480,1,9,0,99,99,9,9,99,99,1,9,99,9,99,2,9,6,6,2,21,5,1364,1,12,VAUXHALL CORSA,2,E01001753,0,-1
2020141002192,2020,141002192,1,9,0,4,4,1,5,0,0,1,0,0,0,0,2,1,6,6,2,45,7,1364,1,13,VAUXHALL CORSA,9,E01011174,0,-1
2020320242895,2020,320242895,1,9,0,18,19,3,7,0,0,0,5,0,1,9,1,1,6,6,2,74,10,1199,1,1,VAUXHALL CORSA,3,E01026415,0,-1
2020420980764,2020,420980764,1,9,0,9,9,5,2,0,0,1,0,0,0,0,4,1,6,6,1,21,5,1229,1,9,VAUXHALL CORSA,9,E01021681,0,-1
2020410996545,2020,410996545,2,9,0,18,19,2,6,0,0,8,0,0,0,0,1,1,2,2,2,51,8,1229,1,8,VAUXHALL CORSA,7,E01023663,0,-1
2020990958008,2020,990958008,2,9,0,9,9,7,5,0,0,1,0,0,0,0,1,1,5,6,2,82,11,1398,1,5,VAUXHALL CORSA,3,-1,0,-1
2020350952198,2020,350952198,1,9,0,18,19,1,5,0,0,0,0,0,0,0,1,1,5,6,2,19,4,1229,1,11,VAUXHALL CORSA,6,E01018150,0,-1
2020450959342,2020,450959342,2,9,0,18,19,1,5,0,0,0,0,0,0,0,3,1,5,6,1,36,7,1229,1,5,VAUXHALL CORSA,4,E01010671,0,-1
2020010248126,2020,010248126,2,9,0,4,4,7,3,0,0,0,0,0,0,0,2,1,6,6,2,19,4,1229,1,13,VAUXHALL CORSA,-1,-1,0,-1
2020420924472,2020,420924472,1,9,0,16,19,7,1,0,0,0,2,0,7,0,1,1,1,1,1,19,4,1229,1,6,VAUXHALL CORSA,7,E01021981,0,-1