collision_index,collision_year,collision_ref_no,vehicle_reference,vehicle_type,towing_and_articulation,vehicle_manoeuvre_historic,vehicle_manoeuvre,vehicle_direction_from,vehicle_direction_to,vehicle_location_restricted_lane_historic,vehicle_location_restricted_lane,junction_location,skidding_and_overturning,hit_object_in_carriageway,vehicle_leaving_carriageway,hit_object_off_carriageway,first_point_of_impact,vehicle_left_hand_drive,journey_purpose_of_driver_historic,journey_purpose_of_driver,sex_of_driver,age_of_driver,age_band_of_driver,engine_capacity_cc,propulsion_code,age_of_vehicle,generic_make_model,driver_imd_decile,lsoa_of_driver,escooter_flag,driver_distance_banding
2020471001830,2020,471001830,1,9,0,16,19,6,8,0,0,0,1,0,1,11,1,1,6,6,1,18,4,1248,2,15,VAUXHALL CORSA,4,E01031806,0,-1
2020450940693,2020,450940693,1,9,0,18,19,7,3,0,0,4,0,0,0,0,3,1,5,6,2,85,11,1398,1,7,VAUXHALL CORSA,10,E01031644,0,-1
2020010249760,2020,010249760,2,9,0,99,99,9,9,99,99,9,9,99,9,99,1,9,6,6,3,-1,-1,1229,1,7,VAUXHALL CORSA,-1,-1,0,-1
2020440463960,2020,440463960,3,9,0,17,19,2,6,0,0,0,0,0,0,0,3,1,2,2,2,39,7,1398,1,1,VAUXHALL CORSA,8,E01022651,0,-1
2020610021120,2020,610021120,2,9,0,18,19,3,8,0,0,1,0,0,0,0,4,1,6,6,1,25,5,1199,1,16,VAUXHALL CORSA,4,W01001605,0,-1
2020622001071,2020,622001071,1,9,0,9,9,6,4,0,0,1,0,0,0,0,1,1,6,6,2,24,5,1398,1,4,VAUXHALL CORSA,5,W01000761,0,-1
202006F272440,2020,06F272440,2,9,0,13,13,8,4,0,0,2,0,0,0,0,3,1,2,2,2,24,5,1229,1,5,VAUXHALL CORSA,9,E01006365,0,-1
2020302001684,2020,302001684,2,9,0,2,2,0,0,0,0,0,0,0,0,0,1,1,6,6,3,-1,-1,1199,1,0,VAUXHALL CORSA,-1,-1,0,-1
2020460949568,2020,460949568,1,9,0,4,4,4,8,0,0,0,1,0,0,0,1,1,1,1,1,48,8,-1,-1,-1,VAUXHALL CORSA,4,E01024111,0,-1
2020990946533,2020,990946533,1,9,0,17,19,8,4,0,0,2,0,0,1,11,1,1,2,2,2,42,7,1398,1,3,VAUXHALL CORSA,1,-1,0,-1
20201376F1624,2020,1376F1624,2,9,0,5,5,3,3,0,0,8,0,0,0,0,1,1,6,6,1,22,5,1248,2,12,VAUXHALL CORSA,8,E01011694,0,-1
202006M176576,2020,06M176576,1,9,0,18,19,3,7,0,0,2,0,0,0,0,1,1,6,6,2,32,6,1364,1,12,VAUXHALL CORSA,-1,-1,0,-1
2020500987272,2020,500987272,1,9,0,16,19,8,4,0,0,8,1,0,0,0,1,1,2,2,1,18,4,973,1,18,VAUXHALL CORSA,4,E01019072,0,-1
2020201013593,2020,201013593,1,9,0,3,3,8,4,0,0,1,1,0,0,0,2,1,6,6,1,25,5,1364,1,13,VAUXHALL CORSA,1,E01010464,0,-1
2020052001965,2020,052001965,4,9,0,3,3,1,5,0,0,1,0,0,0,0,2,1,6,6,3,-1,-1,1229,1,10,VAUXHALL CORSA,-1,-1,0,-1
2020450937610,2020,450937610,1,9,0,18,19,6,2,0,0,1,0,0,0,0,4,1,2,2,1,70,10,1398,1,6,VAUXHALL CORSA,8,E01030915,0,-1
2020010256010,2020,010256010,1,9,0,99,99,9,9,99,99,9,9,99,9,99,2,9,6,6,1,18,4,1229,1,14,VAUXHALL CORSA,7,E01000685,0,-1
2020522001005,2020,522001005,1,9,0,18,19,8,4,0,0,0,0,0,0,0,1,1,6,6,1,26,6,1199,1,17,VAUXHALL CORSA,7,E01014959,0,-1
202006P372292,2020,06P372292,2,9,0,18,19,2,6,0,0,1,0,0,0,0,1,1,6,6,1,34,6,1364,1,13,VAUXHALL CORSA,4,E01005531,0,-1
2020544923020,2020,544923020,1,9,0,18,19,1,5,0,0,1,0,0,0,0,1,1,6,6,2,22,5,1364,1,12,VAUXHALL CORSA,10,E01029030,0,-1
2020370957552,2020,370957552,2,9,0,18,19,4,8,0,0,8,1,0,4,0,1,1,2,2,2,65,9,1364,1,3,VAUXHALL CORSA,2,E01030168,0,-1
2020200962310,2020,200962310,2,9,0,5,5,8,4,0,0,8,0,0,0,0,1,1,6,6,2,25,5,1248,2,9,VAUXHALL CORSA,1,E01009152,0,-1
2020010259875,2020,010259875,1,9,0,99,99,9,9,99,99,9,9,99,9,99,9,9,6,6,1,38,7,1398,1,7,VAUXHALL CORSA,6,E01003647,0,-1
2020010284297,2020,010284297,1,9,0,18,19,1,5,0,0,0,0,0,0,0,0,1,6,6,2,30,6,1229,1,12,VAUXHALL CORSA,6,E01004070,0,-1
2020200963262,2020,200963262,1,9,0,18,19,6,2,0,0,8,0,0,0,0,1,1,6,6,1,20,4,1248,2,13,VAUXHALL CORSA,1,E01009482,0,-1
2020010282343,2020,010282343,2,9,0,18,19,3,7,0,0,1,0,0,7,0,1,1,6,6,2,20,4,998,1,6,VAUXHALL CORSA,5,E01000274,0,-1
2020040993531,2020,040993531,1,9,0,18,19,7,3,0,0,0,0,0,0,0,1,1,6,6,3,-1,-1,1398,1,5,VAUXHALL CORSA,-1,-1,0,-1
2020052001432,2020,052001432,1,9,0,6,6,1,1,0,0,0,0,0,0,0,3,1,2,2,1,31,6,1398,1,3,VAUXHALL CORSA,1,E01007011,0,-1
2020070069490,2020,070069490,1,9,0,13,13,6,2,0,0,0,0,0,0,0,3,1,2,2,2,25,5,1398,1,2,VAUXHALL CORSA,3,E01005618,0,-1
2020231003251,2020,231003251,1,9,0,17,19,8,5,0,0,0,1,0,2,4,1,1,5,6,1,19,4,1398,1,4,VAUXHALL CORSA,8,E01031260,0,-1
20201372S1783,2020,1372S1783,1,9,0,18,19,7,3,0,0,0,5,0,7,0,1,1,6,6,2,19,4,1229,1,9,VAUXHALL CORSA,7,E01011183,0,-1
2020160986524,2020,160986524,1,9,0,9,9,3,7,0,0,8,0,0,0,0,1,1,5,6,1,28,6,998,1,16,VAUXHALL CORSA,9,E01013260,0,-1
2020440490378,2020,440490378,1,9,0,9,9,8,6,0,0,8,0,0,0,0,4,1,2,2,1,38,7,1229,1,15,VAUXHALL CORSA,1,E01022915,0,-1
2020137CF0578,2020,137CF0578,2,9,0,9,9,5,3,0,0,8,0,0,0,0,1,1,6,6,2,38,7,1229,1,10,VAUXHALL CORSA,5,E01010951,0,-1
2020400932531,2020,400932531,1,9,0,5,5,1,6,0,0,0,0,0,1,0,1,1,5,6,1,23,5,1364,1,11,VAUXHALL CORSA,9,E01000840,0,-1
2020010282816,2020,010282816,2,9,0,18,19,7,3,0,0,4,0,0,0,0,1,1,6,6,2,75,10,1229,1,13,VAUXHALL CORSA,4,E01000805,0,-1
2020610026020,2020,610026020,1,9,0,17,19,6,3,0,0,0,1,0,0,0,1,1,6,6,1,31,6,1248,2,4,VAUXHALL CORSA,1,W01001422,0,-1
2020991005963,2020,991005963,2,9,0,18,19,1,5,0,0,0,0,0,0,0,1,1,6,6,1,72,10,1229,1,9,VAUXHALL CORSA,2,-1,0,-1
2020040967978,2020,040967978,1,9,0,18,19,5,1,0,0,0,0,0,2,10,1,1,5,6,1,18,4,1229,1,9,VAUXHALL CORSA,8,E01025090,0,-1
2020200932757,2020,200932757,3,9,0,9,9,8,6,0,0,6,0,0,0,0,0,1,6,6,1,41,7,1229,1,9,VAUXHALL CORSA,1,E01009566,0,-1
2020070148984,2020,070148984,2,9,0,18,19,1,5,0,0,8,0,0,0,0,1,1,6,6,1,57,9,1398,1,3,VAUXHALL CORSA,1,E01012430,0,-1
2020141004394,2020,141004394,1,9,0,18,19,3,7,0,0,0,0,0,0,0,1,1,5,6,1,18,4,1229,1,11,VAUXHALL CORSA,4,E01007396,0,-1
202063C025820,2020,63C025820,1,9,0,7,7,3,5,0,0,5,0,0,0,0,1,1,2,2,1,19,4,1229,1,10,VAUXHALL CORSA,6,W01000571,0,-1
202031C163620,2020,31C163620,1,9,0,7,7,6,1,0,0,6,0,0,0,0,1,1,6,6,2,29,6,1199,1,17,VAUXHALL CORSA,1,E01013851,0,-1
2020211025830,2020,211025830,2,9,0,18,19,3,1,0,0,1,0,0,0,0,1,1,6,6,2,49,8,1199,7,17,VAUXHALL CORSA,7,E01029671,0,-1
2020990989642,2020,990989642,1,9,0,18,19,1,6,0,0,0,0,0,0,0,1,1,5,6,1,19,4,998,1,10,VAUXHALL CORSA,5,-1,0,-1
2020052001063,2020,052001063,1,9,0,18,19,7,3,0,0,8,0,0,1,1,3,1,6,6,1,65,9,1398,1,1,VAUXHALL CORSA,6,E01006487,0,-1
2020010278199,2020,010278199,1,9,0,9,9,4,3,0,0,0,0,0,0,0,1,1,6,6,1,29,6,1229,1,8,VAUXHALL CORSA,4,E01001061,0,-1
2020040959510,2020,040959510,1,9,0,15,15,5,3,0,0,0,5,11,0,0,1,1,5,6,2,87,11,1199,1,20,VAUXHALL CORSA,3,E01012585,0,-1
2020100927233,2020,100927233,1,9,0,18,19,5,1,0,0,4,0,0,1,0,1,1,6,6,2,30,6,1229,1,13,VAUXHALL CORSA,2,E01008867,0,-1
2020460957414,2020,460957414,1,9,0,8,8,5,3,0,0,2,0,0,0,0,3,1,5,6,1,18,4,1248,2,12,VAUXHALL CORSA,7,E01024515,0,-1
2020010273638,2020,010273638,1,9,0,7,7,7,1,0,0,1,0,0,0,0,3,1,2,2,1,53,8,1229,1,11,VAUXHALL CORSA,5,E01003139,0,-1
2020010264752,2020,010264752,2,9,0,3,3,6,2,0,0,0,0,0,0,0,1,1,6,6,1,20,4,1389,1,15,VAUXHALL CORSA,4,E01030619,0,-1
2020460976969,2020,460976969,1,9,0,6,6,6,2,0,0,0,0,0,0,0,3,1,2,2,2,24,5,998,1,7,VAUXHALL CORSA,7,E01016167,0,-1
2020361002467,2020,361002467,2,9,0,16,19,7,2,0,0,0,0,0,0,0,1,1,5,6,2,30,6,999,1,4,VAUXHALL CORSA,4,E01026660,0,-1
2020302001090,2020,302001090,1,9,0,6,6,8,8,0,0,8,0,0,0,0,1,1,6,6,2,27,6,1398,1,4,VAUXHALL CORSA,3,E01013455,0,-1
2020990925044,2020,990925044,2,9,0,18,19,2,7,0,0,0,0,0,0,0,2,1,2,2,2,21,5,1229,1,8,VAUXHALL CORSA,6,-1,0,-1
2020990948851,2020,990948851,1,9,0,18,19,8,4,0,0,4,0,0,0,0,1,1,6,6,2,27,6,1364,1,11,VAUXHALL CORSA,6,-1,0,-1
2020140962459,2020,140962459,1,9,0,9,9,3,7,0,0,8,0,0,0,0,1,1,2,2,2,45,7,1398,1,5,VAUXHALL CORSA,-1,-1,0,-1
2020070026439,2020,070026439,1,9,0,18,19,3,7,0,0,0,0,0,0,0,2,1,1,1,1,29,6,1398,1,1,VAUXHALL CORSA,4,E01006189,0,-1
2020221013264,2020,221013264,1,9,0,5,5,5,1,0,0,4,0,0,0,0,3,1,5,6,2,67,10,1398,1,3,VAUXHALL CORSA,9,E01014320,0,-1
2020170M11870,2020,170M11870,1,9,0,9,9,6,3,0,0,8,0,0,0,0,4,1,6,6,1,36,7,1229,1,14,VAUXHALL CORSA,1,E01012094,0,-1
2020010252180,2020,010252180,2,9,0,4,4,6,2,0,0,1,0,0,0,0,1,1,6,6,2,56,9,1398,1,1,VAUXHALL CORSA,4,E01003776,0,-1
2020470954030,2020,470954030,1,9,0,1,1,7,3,0,0,0,0,0,0,0,2,1,6,6,1,17,4,999,1,5,VAUXHALL CORSA,3,E01016881,0,-1
2020200953493,2020,200953493,1,9,0,18,19,6,2,0,0,0,0,0,0,0,1,1,6,6,1,59,9,998,1,9,VAUXHALL CORSA,2,E01010068,0,-1
2020200980546,2020,200980546,2,9,0,9,9,1,6,0,0,8,0,0,0,0,1,1,6,6,2,40,7,1398,1,10,VAUXHALL CORSA,2,E01009944,0,-1
2020400964409,2020,400964409,2,9,0,10,10,4,2,0,0,1,0,0,0,0,1,1,6,6,1,23,5,1229,1,11,VAUXHALL CORSA,9,E01015797,0,-1
2020440409010,2020,440409010,1,9,0,13,13,3,7,0,0,8,0,0,1,1,1,1,6,6,2,21,5,998,1,12,VAUXHALL CORSA,4,E01019054,0,-1
2020100935686,2020,100935686,1,9,0,18,19,8,4,0,0,1,0,0,0,0,1,1,6,6,1,23,5,-1,-1,-1,VAUXHALL CORSA,6,E01027488,0,-1
2020160917446,2020,160917446,2,9,0,18,19,8,4,0,0,0,0,0,0,0,1,1,5,6,2,19,4,1248,2,8,VAUXHALL CORSA,8,E01012988,0,-1
2020010276494,2020,010276494,2,9,0,2,2,0,0,0,0,0,0,0,0,0,4,1,6,6,3,-1,-1,1229,1,10,VAUXHALL CORSA,-1,-1,0,-1
2020501015309,2020,501015309,1,9,0,18,19,5,3,0,0,0,0,0,0,0,4,1,3,7,1,18,4,1229,1,7,VAUXHALL CORSA,2,E01018774,0,-1
2020460950416,2020,460950416,1,9,0,18,19,4,8,0,0,0,0,0,0,0,0,1,5,6,2,18,4,1229,1,10,VAUXHALL CORSA,7,E01024422,0,-1
2020010240328,2020,010240328,1,9,0,16,19,5,1,0,0,0,1,0,4,9,4,1,2,2,2,25,5,1364,1,13,VAUXHALL CORSA,-1,-1,0,-1
2020552000891,2020,552000891,2,9,0,10,10,7,3,0,0,1,0,0,0,0,2,1,3,7,2,29,6,1248,2,4,VAUXHALL CORSA,5,E01015461,0,-1
2020010248035,2020,010248035,1,9,0,3,3,5,1,0,0,0,0,0,0,0,2,9,6,6,2,22,5,1398,1,1,VAUXHALL CORSA,2,E01000098,0,-1
2020522100817,2020,522100817,1,9,0,18,19,1,5,0,0,8,0,0,0,0,4,1,1,1,1,-1,-1,1248,2,7,VAUXHALL CORSA,4,E01014542,0,-1
2020140966085,2020,140966085,2,9,0,4,4,8,4,0,0,0,0,0,0,0,1,1,6,6,1,21,5,1398,1,4,VAUXHALL CORSA,-1,-1,0,-1
2020052002046,2020,052002046,2,9,0,3,3,3,7,0,0,0,0,0,0,0,2,1,6,6,2,26,6,1398,1,4,VAUXHALL CORSA,1,E01006679,0,-1
2020200959744,2020,200959744,1,9,0,17,19,2,8,0,0,0,0,10,1,2,1,1,6,6,1,19,4,1364,1,11,VAUXHALL CORSA,2,E01010001,0,-1
202063D009220,2020,63D009220,2,9,0,4,4,2,6,0,0,0,0,0,0,0,2,1,6,6,1,58,9,1248,2,8,VAUXHALL CORSA,4,E01028978,0,-1
2020137170524,2020,137170524,1,9,0,18,19,1,5,0,0,8,0,0,0,0,4,1,6,6,2,24,5,1229,1,12,VAUXHALL CORSA,6,E01027676,0,-1
2020430133327,2020,430133327,4,9,0,3,3,2,6,0,0,2,0,0,0,0,3,1,6,6,1,21,5,1248,2,13,VAUXHALL CORSA,7,E01017909,0,-1
2020410941494,2020,410941494,1,9,0,5,5,8,4,0,0,0,0,0,0,0,3,1,6,6,1,27,6,1364,1,11,VAUXHALL CORSA,2,E01004341,0,-1
2020110966161,2020,110966161,2,9,0,18,19,5,3,0,0,1,1,0,0,0,1,1,6,6,2,25,5,1398,1,2,VAUXHALL CORSA,4,E01020643,0,-1
2020500990219,2020,500990219,2,9,0,16,19,1,3,0,0,1,0,0,0,0,1,1,1,1,2,24,5,1398,1,3,VAUXHALL CORSA,5,E01018837,0,-1
2020450946591,2020,450946591,3,9,0,18,19,1,5,0,0,0,0,0,0,0,4,1,5,6,1,25,5,1398,1,4,VAUXHALL CORSA,3,E01004184,0,-1
2020040983051,2020,040983051,1,9,0,3,3,1,5,0,0,0,0,0,0,0,3,1,6,6,1,-1,-1,1248,2,6,VAUXHALL CORSA,8,E01025204,0,-1
2020040968955,2020,040968955,1,9,0,18,19,5,1,0,0,2,0,0,0,0,1,1,2,2,2,18,4,998,1,9,VAUXHALL CORSA,6,E01025608,0,-1
2020461008633,2020,461008633,1,9,0,18,19,2,6,0,0,0,2,6,0,0,1,1,5,6,2,19,4,1248,2,12,VAUXHALL CORSA,5,E01016029,0,-1
2020170S20510,2020,170S20510,1,9,0,18,19,4,8,0,0,0,0,0,0,0,4,1,6,6,1,77,11,998,1,10,VAUXHALL CORSA,3,E01012278,0,-1
2020010263869,2020,010263869,1,9,0,99,99,9,9,99,99,9,9,99,9,99,2,9,6,6,3,-1,-1,1229,1,11,VAUXHALL CORSA,2,E01003566,0,-1
2020010285588,2020,010285588,1,9,0,18,19,1,5,0,0,8,0,0,0,0,1,1,1,1,2,35,6,1389,1,14,VAUXHALL CORSA,3,E01002130,0,-1
2020010274311,2020,010274311,1,9,0,99,99,9,9,99,99,9,9,99,9,99,2,9,6,6,1,32,6,1364,1,14,VAUXHALL CORSA,1,E01004273,0,-1
2020461010869,2020,461010869,1,9,0,16,19,1,5,0,0,7,1,0,0,0,1,1,6,6,1,19,4,1398,1,5,VAUXHALL CORSA,6,E01024460,0,-1
2020040933939,2020,040933939,1,9,0,7,7,5,1,0,0,0,0,0,2,2,1,1,5,6,2,81,11,998,1,16,VAUXHALL CORSA,9,E01025404,0,-1
2020320648964,2020,320648964,1,9,0,18,19,6,2,0,0,8,0,0,1,9,1,1,6,6,2,25,5,1398,1,4,VAUXHALL CORSA,9,E01026371,0,-1
2020370968719,2020,370968719,1,9,0,7,7,2,3,0,0,1,0,0,0,0,1,1,5,6,2,62,9,998,1,10,VAUXHALL CORSA,7,E01029901,0,-1
2020430003312,2020,430003312,1,9,0,18,19,7,3,0,0,1,0,0,0,0,1,1,2,2,1,27,6,1229,1,8,VAUXHALL CORSA,10,E01016294,0,-1
2020160943456,2020,160943456,1,9,0,11,11,1,5,0,0,1,0,0,0,0,1,1,5,6,1,33,6,1398,1,9,VAUXHALL CORSA,6,E01012765,0,-1
2020010271483,2020,010271483,2,9,0,9,9,5,3,0,0,1,0,0,0,0,1,1,6,6,2,23,5,1229,1,9,VAUXHALL CORSA,-1,-1,0,-1
2020450999974,2020,450999974,1,9,0,18,19,5,1,0,0,0,0,11,4,2,1,1,6,6,1,28,6,1199,1,0,VAUXHALL CORSA,3,E01016373,0,-1
2020010255774,2020,010255774,1,9,0,9,9,1,7,0,0,1,0,0,0,0,1,1,6,6,1,18,4,1229,1,6,VAUXHALL CORSA,8,E01004179,0,-1
2020052000479,2020,052000479,1,9,0,9,9,1,7,0,0,5,0,0,0,0,3,1,6,6,2,82,11,1398,1,8,VAUXHALL CORSA,8,E01007113,0,-1
2020010275891,2020,010275891,2,9,0,9,9,2,8,0,0,1,0,0,0,0,1,1,2,2,1,26,6,1398,1,4,VAUXHALL CORSA,4,E01003212,0,-1
2020430002736,2020,430002736,1,9,0,9,9,1,7,0,0,0,0,0,0,0,3,1,1,1,1,-1,-1,1229,1,9,VAUXHALL CORSA,7,E01016205,0,-1
2020440410495,2020,440410495,2,9,0,18,19,2,4,0,0,2,0,0,0,0,2,1,2,2,2,20,4,1364,1,12,VAUXHALL CORSA,6,E01023199,0,-1
2020461008913,2020,461008913,2,9,0,11,11,7,3,0,0,0,1,0,0,0,4,1,5,6,2,36,7,1229,1,8,VAUXHALL CORSA,8,E01024158,0,-1
2020160997500,2020,160997500,2,9,0,8,8,2,4,0,0,1,0,0,0,0,2,1,6,6,2,66,10,1229,1,7,VAUXHALL CORSA,8,E01013102,0,-1
2020370938349,2020,370938349,2,9,0,9,9,5,1,0,0,3,0,0,0,0,1,1,5,6,2,23,5,973,1,19,VAUXHALL CORSA,2,E01030274,0,-1
2020370940103,2020,370940103,1,9,0,5,5,8,5,0,0,1,0,0,0,0,1,1,1,1,2,52,8,1229,1,6,VAUXHALL CORSA,2,E01029938,0,-1
2020461011048,2020,461011048,1,9,0,18,19,4,8,0,0,0,0,11,2,0,1,1,2,2,2,54,8,1398,1,4,VAUXHALL CORSA,2,E01024627,0,-1
2020100925419,2020,100925419,1,9,0,16,19,3,7,0,0,0,0,0,0,0,1,1,5,6,1,21,5,1248,2,10,VAUXHALL CORSA,3,E01027359,0,-1
2020110971763,2020,110971763,1,9,0,18,19,7,3,0,0,0,0,0,0,0,4,1,6,6,2,30,6,1398,1,1,VAUXHALL CORSA,2,E01008752,0,-1
2020400956055,2020,400956055,1,9,0,18,19,1,5,0,0,3,0,0,0,0,3,1,6,6,2,20,4,998,1,13,VAUXHALL CORSA,7,E01017451,0,-1
2020200966112,2020,200966112,1,9,0,18,19,4,8,0,0,0,0,10,1,5,1,1,6,6,1,22,5,1398,1,4,VAUXHALL CORSA,3,E01009411,0,-1
2020010244537,2020,010244537,1,9,0,99,99,9,9,0,0,0,0,99,0,0,1,9,6,6,3,-1,-1,998,1,7,VAUXHALL CORSA,7,E01003167,0,-1
2020010235437,2020,010235437,1,9,0,99,99,9,9,99,99,9,9,99,9,99,2,9,6,6,1,29,6,1398,1,3,VAUXHALL CORSA,2,E01023338,0,-1
2020211008840,2020,211008840,2,9,0,3,3,1,6,0,0,-1,0,0,0,0,2,1,6,6,1,18,4,1398,1,8,VAUXHALL CORSA,9,E01009912,0,-1
2020500954340,2020,500954340,3,9,0,4,4,1,5,0,0,0,0,0,0,0,3,1,5,6,1,18,4,1598,1,6,VAUXHALL CORSA,5,E01015205,0,-1
202031D149420,2020,31D149420,1,9,0,18,19,3,7,0,0,8,1,0,0,0,1,1,6,6,1,24,5,1199,1,19,VAUXHALL CORSA,4,E01013903,0,-1
2020990957384,2020,990957384,1,9,0,18,19,4,8,0,0,4,1,9,3,1,1,1,5,6,1,18,4,1398,1,4,VAUXHALL CORSA,1,-1,0,-1
2020990980275,2020,990980275,1,9,0,15,15,7,3,2,2,1,1,0,1,0,4,1,5,6,2,28,6,1398,1,4,VAUXHALL CORSA,6,-1,0,-1
2020440054309,2020,440054309,1,9,0,18,19,3,7,0,0,8,0,0,0,0,4,1,2,2,2,18,4,1364,1,13,VAUXHALL CORSA,8,E01022628,0,-1
2020440100660,2020,440100660,2,9,0,18,19,2,6,0,0,8,0,0,0,0,1,1,2,2,2,23,5,1229,1,11,VAUXHALL CORSA,10,E01023043,0,-1
2020200930148,2020,200930148,3,9,0,18,19,5,1,0,0,0,0,0,0,0,2,1,1,1,1,54,8,1398,1,1,VAUXHALL CORSA,-1,-1,0,-1
2020010266464,2020,010266464,2,9,0,99,99,9,9,99,99,9,9,99,9,99,1,9,6,6,3,23,5,1389,1,15,VAUXHALL CORSA,6,E01023570,0,-1
2020420995471,2020,420995471,1,9,0,18,19,5,1,0,0,0,0,0,0,0,4,1,6,6,1,75,10,1364,1,14,VAUXHALL CORSA,1,E01015886,0,-1
2020010282449,2020,010282449,1,9,0,99,99,9,9,99,99,9,9,99,9,99,1,9,2,2,1,23,5,1229,1,9,VAUXHALL CORSA,4,E01001484,0,-1
2020360966189,2020,360966189,1,9,0,10,10,7,5,0,0,8,0,0,0,0,3,1,5,6,1,77,11,1398,1,5,VAUXHALL CORSA,10,E01026811,0,-1
2020040996879,2020,040996879,1,9,0,9,9,1,5,0,0,8,0,0,0,0,1,1,5,6,2,29,6,1398,1,8,VAUXHALL CORSA,9,E01025127,0,-1
2020010283964,2020,010283964,1,9,0,18,19,1,5,0,0,3,0,0,0,0,1,1,2,2,2,37,7,1398,1,10,VAUXHALL CORSA,3,E01030744,0,-1
202031D023420,2020,31D023420,1,9,0,18,19,6,2,0,0,8,0,0,0,0,1,1,6,6,1,49,8,1248,2,15,VAUXHALL CORSA,5,E01028161,0,-1
2020552000098,2020,552000098,2,9,0,3,3,7,3,0,0,1,0,0,0,0,2,1,6,6,1,56,9,1229,1,13,VAUXHALL CORSA,2,E01015304,0,-1
2020041011475,2020,041011475,1,9,0,9,9,1,1,0,0,6,0,0,3,0,4,1,6,6,1,20,4,1398,1,5,VAUXHALL CORSA,2,E01012625,0,-1
2020040954109,2020,040954109,1,9,0,16,19,7,2,0,0,4,0,0,0,0,1,1,6,6,1,32,6,1364,1,12,VAUXHALL CORSA,2,E01012608,0,-1
2020302001051,2020,302001051,1,9,0,18,19,1,5,0,0,0,5,7,5,11,1,1,6,6,1,26,6,1199,1,16,VAUXHALL CORSA,1,E01007714,0,-1
2020430434211,2020,430434211,2,9,0,18,19,2,6,0,0,4,0,0,0,0,1,1,6,6,2,18,4,1229,1,9,VAUXHALL CORSA,6,E01016310,0,-1
2020111006873,2020,111006873,1,9,0,18,19,3,7,0,0,2,0,0,0,0,1,1,6,6,1,70,10,1398,1,1,VAUXHALL CORSA,5,E01020889,0,-1
20201377J1670,2020,1377J1670,2,9,0,18,19,1,5,0,0,0,0,0,0,0,2,1,1,1,2,18,4,1248,2,13,VAUXHALL CORSA,5,E01011818,0,-1
2020220931621,2020,220931621,1,9,0,18,19,5,1,0,0,0,1,0,8,10,1,1,5,6,1,17,4,1229,1,7,VAUXHALL CORSA,7,E01009793,0,-1
2020320673601,2020,320673601,2,9,0,17,19,3,7,0,0,0,0,0,0,0,1,1,6,6,1,24,5,1199,1,18,VAUXHALL CORSA,1,E01026083,0,-1
2020430407640,2020,430407640,2,9,0,7,7,1,4,0,0,6,0,0,0,0,3,1,6,6,2,18,4,1229,1,8,VAUXHALL CORSA,10,E01017868,0,-1
2020400940567,2020,400940567,1,9,0,11,11,7,3,0,0,0,0,0,0,0,4,1,6,6,2,-1,-1,1364,1,13,VAUXHALL CORSA,2,E01015791,0,-1
2020470980093,2020,470980093,2,9,0,4,4,2,6,0,0,0,0,0,0,0,2,1,5,6,2,66,10,1686,2,21,VAUXHALL CORSA,5,E01031501,0,-1
2020010278847,2020,010278847,2,9,0,99,99,9,9,99,99,9,9,99,9,99,9,9,6,6,3,-1,-1,1398,1,5,VAUXHALL CORSA,-1,-1,0,-1
2020010261030,2020,010261030,1,9,0,9,9,7,4,0,0,0,0,0,0,0,3,1,6,6,2,34,6,1364,1,12,VAUXHALL CORSA,2,E01000100,0,-1
2020351009621,2020,351009621,2,9,0,4,4,2,6,0,0,0,0,0,0,0,2,1,5,6,2,57,9,1248,2,11,VAUXHALL CORSA,5,E01018158,0,-1
2020370928617,2020,370928617,2,9,0,16,19,4,7,0,0,0,0,0,0,0,0,1,2,2,1,27,6,1398,1,5,VAUXHALL CORSA,7,E01030243,0,-1
2020440288133,2020,440288133,1,9,0,18,19,6,2,0,0,0,2,0,8,10,3,1,6,6,2,20,4,1229,1,12,VAUXHALL CORSA,10,E01023020,0,-1
2020460969724,2020,460969724,1,9,0,18,19,2,6,0,0,0,5,0,0,0,1,1,6,6,2,25,5,1229,1,6,VAUXHALL CORSA,1,E01024618,0,-1
2020010274082,2020,010274082,1,9,0,18,19,7,3,0,0,3,0,0,0,0,1,1,2,2,1,26,6,1199,1,0,VAUXHALL CORSA,5,E01002651,0,-1
2020990933708,2020,990933708,1,9,0,16,19,8,4,0,0,0,1,0,0,0,4,1,2,2,1,19,4,1398,1,5,VAUXHALL CORSA,9,-1,0,-1
2020520005065,2020,520005065,1,9,0,18,19,4,8,0,0,0,0,0,0,0,1,1,6,6,1,19,4,998,1,15,VAUXHALL CORSA,5,E01029229,0,-1
2020010287137,2020,010287137,3,9,0,2,2,0,0,0,0,0,0,0,0,0,3,1,6,6,3,-1,-1,1398,1,10,VAUXHALL CORSA,-1,-1,0,-1
2020990970741,2020,990970741,1,9,0,9,9,8,6,0,0,8,0,0,0,0,1,1,6,6,2,37,7,1398,1,4,VAUXHALL CORSA,3,-1,0,-1
2020140949037,2020,140949037,1,9,0,2,2,6,6,0,0,8,0,0,0,0,4,1,5,6,1,20,4,1229,1,12,VAUXHALL CORSA,5,E01007489,0,-1