collision_index,collision_year,collision_ref_no,vehicle_reference,vehicle_type,towing_and_articulation,vehicle_manoeuvre_historic,vehicle_manoeuvre,vehicle_direction_from,vehicle_direction_to,vehicle_location_restricted_lane_historic,vehicle_location_restricted_lane,junction_location,skidding_and_overturning,hit_object_in_carriageway,vehicle_leaving_carriageway,hit_object_off_carriageway,first_point_of_impact,vehicle_left_hand_drive,journey_purpose_of_driver_historic,journey_purpose_of_driver,sex_of_driver,age_of_driver,age_band_of_driver,engine_capacity_cc,propulsion_code,age_of_vehicle,generic_make_model,driver_imd_decile,lsoa_of_driver,escooter_flag,driver_distance_banding
2020500981948,2020,500981948,1,9,0,16,19,1,5,0,0,0,1,0,0,0,3,1,5,6,2,21,5,1229,1,10,VAUXHALL CORSA,8,E01020066,0,-1
2020361017240,2020,361017240,1,9,0,9,9,3,8,0,0,8,0,0,0,0,1,1,2,2,1,23,5,1229,1,9,VAUXHALL CORSA,10,E01026815,0,-1
2020440046197,2020,440046197,1,9,0,16,19,1,3,0,0,0,0,0,1,4,1,1,2,2,1,19,4,1229,1,9,VAUXHALL CORSA,10,E01022898,0,-1
2020010254285,2020,010254285,2,9,0,99,99,9,9,99,99,9,9,99,9,99,0,9,6,6,3,-1,-1,1398,1,6,VAUXHALL CORSA,-1,-1,0,-1
2020420991982,2020,420991982,3,9,0,18,19,7,2,0,0,0,0,0,0,0,2,1,5,6,1,64,9,1229,1,10,VAUXHALL CORSA,7,E01021476,0,-1
2020040981099,2020,040981099,1,9,0,18,19,5,5,0,0,1,0,0,0,0,3,1,2,2,1,23,5,1248,2,8,VAUXHALL CORSA,2,E01025244,0,-1
2020990924911,2020,990924911,1,9,0,18,19,3,7,0,0,0,0,0,0,0,1,1,6,6,2,53,8,1398,1,4,VAUXHALL CORSA,4,-1,0,-1
2020450971654,2020,450971654,2,9,0,18,19,8,4,0,0,0,0,0,0,0,1,1,5,6,1,24,5,1229,1,14,VAUXHALL CORSA,8,E01030735,0,-1
2020420969069,2020,420969069,2,9,0,8,8,7,1,0,0,1,0,0,0,0,3,1,5,6,2,73,10,1398,1,8,VAUXHALL CORSA,10,E01021754,0,-1
2020302000559,2020,302000559,3,9,0,2,2,0,0,0,0,0,0,0,0,0,3,1,6,6,3,-1,-1,1398,1,4,VAUXHALL CORSA,-1,-1,0,-1
2020500965663,2020,500965663,1,9,0,18,19,7,3,0,0,4,0,0,0,0,2,1,6,6,2,27,6,1398,1,2,VAUXHALL CORSA,1,E01015152,0,-1
2020430338722,2020,430338722,1,9,0,18,19,3,7,0,0,8,5,0,0,0,4,1,6,6,1,18,4,1398,1,4,VAUXHALL CORSA,9,E01016219,0,-1
202063D004220,2020,63D004220,1,9,0,13,13,6,2,0,0,0,0,0,0,0,1,1,6,6,1,48,8,1398,1,8,VAUXHALL CORSA,8,W01000467,0,-1
2020010237303,2020,010237303,2,9,0,18,19,1,5,0,0,8,0,0,0,0,1,1,6,6,1,20,4,1229,1,13,VAUXHALL CORSA,6,E01001184,0,-1
2020220979169,2020,220979169,1,9,0,18,19,7,3,0,0,0,1,0,1,4,1,1,2,2,1,26,6,1229,1,7,VAUXHALL CORSA,7,E01032249,0,-1
2020010279154,2020,010279154,3,9,0,18,19,5,1,0,0,0,0,4,0,0,1,1,6,6,1,21,5,1398,1,6,VAUXHALL CORSA,4,E01001463,0,-1
2020010268588,2020,010268588,1,9,0,18,19,1,5,0,0,1,0,0,0,0,1,1,1,1,1,19,4,1229,1,11,VAUXHALL CORSA,-1,-1,0,-1
2020990983054,2020,990983054,1,9,0,17,19,2,7,0,0,0,0,0,1,0,1,1,2,2,1,23,5,1229,1,9,VAUXHALL CORSA,9,-1,0,-1
2020460948391,2020,460948391,2,9,0,18,19,3,7,0,0,8,0,0,0,0,3,1,6,6,2,26,6,1398,1,4,VAUXHALL CORSA,8,E01024055,0,-1
2020231012858,2020,231012858,2,9,0,18,19,6,2,0,0,0,1,0,0,0,1,1,5,6,1,34,6,1229,1,9,VAUXHALL CORSA,3,E01011478,0,-1
2020010238553,2020,010238553,1,9,0,9,9,3,1,0,0,8,0,0,0,0,0,1,2,2,2,30,6,1398,1,1,VAUXHALL CORSA,3,E01032729,0,-1
2020430023580,2020,430023580,2,9,0,10,10,2,8,0,0,1,0,0,0,0,1,1,6,6,2,40,7,1398,1,4,VAUXHALL CORSA,-1,-1,0,-1
2020161002011,2020,161002011,3,9,0,18,19,3,7,0,0,8,0,0,0,0,4,1,5,6,1,23,5,1229,1,12,VAUXHALL CORSA,7,E01033106,0,-1
2020400933191,2020,400933191,2,9,-1,18,19,5,1,0,0,1,0,0,0,0,1,1,6,6,2,-1,-1,1229,1,13,VAUXHALL CORSA,9,E01017394,0,-1
202031C013120,2020,31C013120,2,9,0,9,9,6,4,0,0,6,0,0,0,0,1,1,2,2,2,23,5,1398,1,2,VAUXHALL CORSA,2,E01019579,0,-1
2020320386428,2020,320386428,1,9,0,4,4,7,5,0,0,1,0,0,0,0,2,1,6,6,1,20,4,1229,1,6,VAUXHALL CORSA,6,E01026404,0,-1
2020052000081,2020,052000081,1,9,0,18,19,8,4,0,0,4,0,0,1,9,4,1,6,6,2,49,8,1229,1,10,VAUXHALL CORSA,3,E01006904,0,-1
2020500937233,2020,500937233,1,9,0,4,4,5,1,0,0,0,0,0,0,0,3,1,5,6,1,18,4,1398,1,1,VAUXHALL CORSA,5,E01020303,0,-1
2020450974971,2020,450974971,1,9,0,9,9,3,2,0,0,8,0,0,0,0,3,1,2,2,2,60,9,1398,1,10,VAUXHALL CORSA,3,E01030578,0,-1
2020440365559,2020,440365559,3,9,0,18,19,8,4,0,0,0,0,0,0,0,1,1,6,6,2,22,5,1229,1,14,VAUXHALL CORSA,6,E01023155,0,-1
2020070204712,2020,070204712,1,9,0,2,2,0,0,0,0,0,0,0,0,0,3,1,6,6,1,29,6,1199,1,16,VAUXHALL CORSA,7,E01018540,0,-1
2020052000267,2020,052000267,1,9,0,7,7,3,5,0,0,2,0,0,0,0,1,1,2,2,1,26,6,1362,1,5,VAUXHALL CORSA,5,E01006489,0,-1
2020350929702,2020,350929702,2,9,0,18,19,3,7,0,0,8,0,0,0,0,1,1,5,6,2,20,4,1229,1,13,VAUXHALL CORSA,1,E01015603,0,-1
2020470998664,2020,470998664,2,9,0,5,5,7,3,0,0,4,0,0,0,0,2,1,2,2,2,30,6,1229,1,7,VAUXHALL CORSA,4,E01022973,0,-1
2020052002321,2020,052002321,1,9,0,18,19,7,3,0,0,6,0,4,0,0,1,1,6,6,1,80,11,1398,1,3,VAUXHALL CORSA,3,E01006960,0,-1
2020070648170,2020,070648170,1,9,0,18,19,7,3,0,0,8,0,0,0,0,0,1,1,1,1,26,6,1248,2,10,VAUXHALL CORSA,10,E01012567,0,-1
2020340K01632,2020,340K01632,1,9,0,9,9,7,3,0,0,6,0,0,0,0,3,1,2,2,2,62,9,1229,1,9,VAUXHALL CORSA,7,E01027321,0,-1
20201378I1270,2020,1378I1270,1,9,0,7,7,3,1,0,0,8,1,0,0,0,3,1,6,6,1,-1,-1,1398,1,8,VAUXHALL CORSA,-1,-1,0,-1
2020420924888,2020,420924888,1,9,0,18,19,4,8,0,0,0,0,0,1,0,4,1,6,6,1,56,9,1389,1,19,VAUXHALL CORSA,4,E01021835,0,-1
202006L273616,2020,06L273616,1,9,0,18,19,4,8,0,0,8,0,0,7,1,4,1,6,6,1,26,6,1229,1,13,VAUXHALL CORSA,-1,-1,0,-1
2020141004506,2020,141004506,1,9,0,12,12,3,1,0,0,1,0,0,0,0,1,1,1,1,1,29,6,1248,2,10,VAUXHALL CORSA,1,E01007738,0,-1
2020522000870,2020,522000870,1,9,0,18,19,4,7,0,0,0,0,0,1,4,1,1,6,6,1,46,8,1248,2,16,VAUXHALL CORSA,3,E01031752,0,-1
2020070371355,2020,070371355,2,9,0,16,19,7,3,0,0,3,0,0,0,0,4,1,6,6,1,55,8,1364,1,10,VAUXHALL CORSA,-1,-1,0,-1
2020552000453,2020,552000453,1,9,0,16,19,6,2,0,0,0,0,0,0,0,1,1,1,1,1,30,6,1398,1,1,VAUXHALL CORSA,5,E01020469,0,-1
2020200967605,2020,200967605,1,9,0,18,19,2,6,0,0,0,0,0,0,0,1,1,6,6,1,39,7,1229,1,6,VAUXHALL CORSA,5,E01010014,0,-1
2020370999447,2020,370999447,1,9,0,18,19,1,6,0,0,8,0,0,0,0,1,1,5,6,1,24,5,1229,1,6,VAUXHALL CORSA,2,E01030036,0,-1
2020530962631,2020,530962631,1,9,0,17,19,1,5,0,0,0,5,0,2,0,4,1,6,6,2,18,4,1229,1,10,VAUXHALL CORSA,9,E01028784,0,-1
2020420934318,2020,420934318,5,9,0,18,19,7,3,0,0,0,0,0,0,0,2,1,2,2,1,51,8,998,1,7,VAUXHALL CORSA,6,E01021659,0,-1
2020010233356,2020,010233356,2,9,0,3,3,2,6,0,0,2,0,0,0,0,0,1,6,6,2,50,8,1398,1,5,VAUXHALL CORSA,1,E01002038,0,-1
2020040988593,2020,040988593,1,9,0,9,9,4,2,0,0,6,0,0,0,0,1,1,5,6,2,56,9,1398,1,5,VAUXHALL CORSA,8,E01025321,0,-1
202006Q169670,2020,06Q169670,4,9,0,18,19,4,8,1,1,1,0,0,2,10,1,1,6,6,2,22,5,1229,1,13,VAUXHALL CORSA,-1,-1,0,-1
2020040969327,2020,040969327,1,9,0,9,9,5,3,0,0,5,0,0,0,0,3,1,6,6,1,18,4,1199,1,16,VAUXHALL CORSA,3,E01012750,0,-1
2020440365425,2020,440365425,1,19,0,18,19,7,3,0,0,8,0,0,0,0,1,1,6,6,1,55,8,1248,2,11,VAUXHALL CORSA,10,E01023220,0,-1
2020211029935,2020,211029935,1,9,0,18,19,4,6,0,0,1,1,0,0,0,1,1,6,6,1,20,4,-1,-1,-1,VAUXHALL CORSA,2,E01010312,0,-1
2020320091199,2020,320091199,2,9,0,16,19,7,3,0,0,0,0,0,4,0,1,1,6,6,2,33,6,1398,1,4,VAUXHALL CORSA,4,E01026389,0,-1
20201371D1392,2020,1371D1392,1,9,0,18,19,6,2,0,0,0,0,0,0,0,1,1,2,2,2,51,8,1229,1,6,VAUXHALL CORSA,8,E01010907,0,-1
2020991012358,2020,991012358,1,9,0,17,19,5,2,0,0,0,2,0,8,0,1,1,5,6,1,20,4,1229,1,6,VAUXHALL CORSA,7,-1,0,-1
2020040960564,2020,040960564,2,9,0,18,19,2,5,0,0,1,0,0,0,0,1,1,5,6,2,21,5,998,1,9,VAUXHALL CORSA,8,E01024914,0,-1
2020400966870,2020,400966870,2,9,0,4,4,6,5,0,0,1,0,0,0,0,2,1,5,6,2,42,7,1398,1,7,VAUXHALL CORSA,3,E01015801,0,-1
202031C053720,2020,31C053720,2,9,0,18,19,6,2,0,0,4,0,0,0,0,1,1,6,6,1,78,11,1199,1,16,VAUXHALL CORSA,2,E01013908,0,-1
2020030964657,2020,030964657,1,9,0,7,7,1,5,0,0,0,0,0,0,0,3,1,6,6,1,48,8,-1,-1,-1,VAUXHALL CORSA,7,E01019382,0,-1
2020411012494,2020,411012494,2,9,0,7,7,3,5,0,0,4,0,0,0,0,4,1,2,2,1,61,9,1248,2,16,VAUXHALL CORSA,3,E01000630,0,-1
2020990976560,2020,990976560,2,9,0,18,19,4,8,0,0,0,0,0,0,0,1,1,6,6,2,28,6,1398,1,4,VAUXHALL CORSA,8,-1,0,-1
2020010260907,2020,010260907,1,9,0,99,99,9,9,99,99,9,9,99,9,99,2,9,2,2,2,32,6,1398,1,5,VAUXHALL CORSA,9,E01017840,0,-1
2020461004810,2020,461004810,1,9,0,18,19,1,5,0,0,0,0,0,0,0,1,1,6,6,2,25,5,1229,1,5,VAUXHALL CORSA,1,E01024390,0,-1
2020302001064,2020,302001064,2,9,0,3,3,2,8,0,0,4,0,0,3,7,2,1,6,6,1,21,5,1398,1,1,VAUXHALL CORSA,8,E01028375,0,-1
2020100989022,2020,100989022,2,9,0,18,19,7,3,0,0,1,0,0,0,0,3,1,5,6,2,42,7,1229,1,14,VAUXHALL CORSA,2,E01008478,0,-1
2020460991730,2020,460991730,1,9,0,18,19,5,1,0,0,0,1,7,0,0,1,1,1,1,2,25,5,1229,1,8,VAUXHALL CORSA,10,E01024353,0,-1
2020010269220,2020,010269220,1,9,0,9,9,4,1,0,0,2,0,0,0,0,1,1,6,6,2,20,4,1248,2,10,VAUXHALL CORSA,-1,-1,0,-1
2020040920850,2020,040920850,2,9,0,2,2,1,5,0,0,1,0,0,0,0,0,1,5,6,2,18,4,1398,1,4,VAUXHALL CORSA,5,E01025543,0,-1
2020200947134,2020,200947134,1,9,0,1,1,1,5,9,9,0,0,0,0,0,2,1,6,6,1,34,6,1199,1,0,VAUXHALL CORSA,2,E01009348,0,-1
2020010233305,2020,010233305,1,9,0,3,3,5,1,0,0,2,0,0,0,0,2,1,1,1,2,61,9,1364,1,12,VAUXHALL CORSA,3,E01001668,0,-1
2020100995710,2020,100995710,1,9,0,18,19,3,7,0,0,8,1,0,7,11,4,1,5,6,1,24,5,1364,1,12,VAUXHALL CORSA,8,E01027407,0,-1
2020320114543,2020,320114543,2,9,0,18,19,7,3,0,0,8,0,0,0,0,1,1,2,2,1,32,6,1248,2,3,VAUXHALL CORSA,1,E01026114,0,-1
2020010238645,2020,010238645,2,9,0,18,19,7,3,0,0,0,5,4,0,0,1,2,2,2,1,46,8,1248,2,7,VAUXHALL CORSA,-1,-1,0,-1
20201379J1143,2020,1379J1143,1,9,0,8,8,2,5,0,0,6,0,0,0,0,4,1,6,6,1,67,10,1398,1,1,VAUXHALL CORSA,5,E01011356,0,-1
2020140967913,2020,140967913,4,9,0,18,19,6,2,0,0,0,0,0,0,0,3,1,2,2,1,31,6,1229,1,12,VAUXHALL CORSA,2,E01007770,0,-1
2020140923589,2020,140923589,1,9,0,10,10,6,4,0,0,8,0,0,0,0,2,1,5,6,1,47,8,1229,1,6,VAUXHALL CORSA,5,E01007786,0,-1
2020990998130,2020,990998130,2,9,0,18,19,4,8,0,0,1,0,0,0,0,1,1,5,6,2,18,4,1398,1,3,VAUXHALL CORSA,9,-1,0,-1
2020010234438,2020,010234438,5,9,0,18,19,1,5,0,0,1,0,0,0,0,1,1,6,6,2,33,6,1398,1,8,VAUXHALL CORSA,7,E01024422,0,-1
202063A015820,2020,63A015820,2,9,0,5,5,3,8,0,0,0,0,0,0,0,3,1,6,6,1,24,5,1398,1,1,VAUXHALL CORSA,1,W01001924,0,-1
2020990952719,2020,990952719,1,9,0,18,19,4,7,0,0,0,0,4,0,0,4,1,6,6,1,35,6,1398,1,8,VAUXHALL CORSA,3,-1,0,-1
2020460949967,2020,460949967,2,9,0,18,19,1,5,0,0,1,0,0,0,0,1,1,1,1,2,41,7,1229,1,12,VAUXHALL CORSA,1,E01024659,0,-1
2020052001486,2020,052001486,2,9,0,3,3,8,4,0,0,1,0,0,0,0,2,1,6,6,2,32,6,1364,1,11,VAUXHALL CORSA,2,E01006428,0,-1
2020420957340,2020,420957340,2,9,0,3,3,5,1,0,0,0,0,0,0,0,2,1,5,6,1,19,4,1598,1,2,VAUXHALL CORSA,10,E01021519,0,-1
2020122000182,2020,122000182,1,9,0,16,19,3,6,0,0,1,0,0,0,0,1,1,2,2,1,17,4,1248,2,12,VAUXHALL CORSA,6,E01027918,0,-1
2020460995945,2020,460995945,1,9,0,18,19,3,8,0,0,0,1,0,8,4,4,1,6,6,1,18,4,1229,1,7,VAUXHALL CORSA,7,E01024439,0,-1
202006Q172836,2020,06Q172836,2,9,0,3,3,2,6,0,0,1,0,0,0,0,2,1,1,1,2,31,6,998,1,8,VAUXHALL CORSA,-1,-1,0,-1
2020010255924,2020,010255924,2,9,0,99,99,9,9,99,99,0,9,99,9,99,1,9,6,6,3,-1,-1,998,1,10,VAUXHALL CORSA,10,E01030404,0,-1
202054A872220,2020,54A872220,1,9,0,9,9,5,3,0,0,1,0,0,0,0,1,1,6,6,2,83,11,1364,1,15,VAUXHALL CORSA,8,E01031939,0,-1
2020010236862,2020,010236862,2,9,0,18,19,9,9,0,0,1,9,0,0,99,1,9,6,6,1,28,6,1398,1,3,VAUXHALL CORSA,4,E01001336,0,-1
2020030975114,2020,030975114,1,9,0,18,19,5,1,0,0,0,0,0,0,0,1,1,5,6,1,27,6,1248,2,11,VAUXHALL CORSA,1,E01019139,0,-1
2020622000714,2020,622000714,1,9,0,14,14,8,4,0,0,1,0,0,0,0,4,1,6,6,1,18,4,1229,1,8,VAUXHALL CORSA,3,W01001804,0,-1
202063B075820,2020,63B075820,1,9,0,9,9,8,6,0,0,6,0,0,0,0,3,1,1,1,2,60,9,1248,2,12,VAUXHALL CORSA,7,W01000532,0,-1
2020990985142,2020,990985142,1,9,0,4,4,1,5,0,0,4,0,0,0,0,3,1,5,6,1,27,6,1398,1,3,VAUXHALL CORSA,6,-1,0,-1
2020230971531,2020,230971531,1,9,0,17,19,2,5,0,0,8,2,10,7,9,4,1,1,1,1,60,9,1248,2,10,VAUXHALL CORSA,5,E01017907,0,-1
2020440009166,2020,440009166,1,9,0,9,9,3,1,0,0,8,0,0,0,0,3,1,6,6,2,17,4,1229,1,6,VAUXHALL CORSA,-1,-1,0,-1
2020100965872,2020,100965872,1,9,0,9,9,1,7,0,0,0,0,0,0,0,0,1,6,6,1,32,6,1229,1,8,VAUXHALL CORSA,-1,-1,0,-1
2020522001960,2020,522001960,1,9,0,9,9,7,5,0,0,5,0,0,0,0,4,1,6,6,1,20,4,1398,1,2,VAUXHALL CORSA,3,E01014976,0,-1
2020140925298,2020,140925298,1,9,0,16,19,3,7,0,0,1,1,0,0,0,1,1,5,6,1,76,11,998,1,8,VAUXHALL CORSA,2,E01007847,0,-1
2020201003025,2020,201003025,1,9,0,4,4,-1,-1,0,0,4,0,0,0,0,1,1,1,1,2,36,7,1229,1,6,VAUXHALL CORSA,1,E01008941,0,-1
2020470942209,2020,470942209,1,9,0,18,19,2,6,0,0,0,0,0,0,0,1,1,6,6,3,-1,-1,1199,1,16,VAUXHALL CORSA,-1,-1,0,-1
2020990955733,2020,990955733,1,9,0,13,13,7,3,0,0,0,5,0,7,0,1,1,5,6,2,20,4,1229,1,12,VAUXHALL CORSA,3,-1,0,-1
2020010233852,2020,010233852,1,9,0,18,19,7,3,0,0,8,0,0,0,0,1,1,6,6,1,30,6,1398,1,5,VAUXHALL CORSA,4,E01004765,0,-1
2020160952387,2020,160952387,1,9,0,12,12,3,7,0,0,3,0,0,0,0,3,1,5,6,1,25,5,1229,1,14,VAUXHALL CORSA,1,E01013229,0,-1
2020200936531,2020,200936531,2,9,0,18,19,6,2,0,0,8,0,0,0,0,3,1,6,6,1,75,10,1229,1,12,VAUXHALL CORSA,3,E01009768,0,-1
2020010270992,2020,010270992,2,9,0,17,19,3,1,0,0,1,0,0,0,0,2,1,2,2,1,62,9,1199,1,16,VAUXHALL CORSA,-1,-1,0,-1
2020010263383,2020,010263383,2,9,0,99,99,9,9,99,99,9,9,99,9,99,1,9,6,6,1,56,9,1389,1,15,VAUXHALL CORSA,5,E01003368,0,-1
2020371004752,2020,371004752,1,9,0,9,9,1,6,0,0,8,0,0,0,0,1,1,5,6,1,20,4,998,1,13,VAUXHALL CORSA,6,E01029876,0,-1
2020360930764,2020,360930764,1,9,0,18,19,2,6,0,0,0,0,10,0,0,1,1,2,2,2,34,6,1229,1,7,VAUXHALL CORSA,-1,-1,0,-1
2020140948240,2020,140948240,1,9,0,18,19,8,4,0,0,2,0,0,0,0,1,1,5,6,1,17,4,1248,2,8,VAUXHALL CORSA,5,E01007501,0,-1
2020161003994,2020,161003994,1,9,0,18,19,2,6,0,0,2,0,10,0,0,1,1,3,7,2,25,5,998,1,10,VAUXHALL CORSA,1,E01012833,0,-1
2020530932487,2020,530932487,2,9,0,18,19,8,4,0,0,8,0,0,1,4,2,1,6,6,1,57,9,998,1,7,VAUXHALL CORSA,5,E01028556,0,-1
2020420964263,2020,420964263,3,9,0,10,10,3,7,0,0,1,0,0,0,0,2,1,6,6,2,35,6,1229,1,6,VAUXHALL CORSA,4,E01023301,0,-1
2020010253398,2020,010253398,2,9,0,18,19,3,7,0,0,2,0,0,0,0,1,1,2,2,1,30,6,1398,1,2,VAUXHALL CORSA,7,E01001587,0,-1
2020010273393,2020,010273393,1,9,0,9,9,5,3,0,0,6,0,0,0,0,1,1,6,6,1,26,6,1362,1,7,VAUXHALL CORSA,4,E01001222,0,-1
2020470981056,2020,470981056,1,9,0,18,19,1,5,0,0,1,5,0,8,4,3,1,5,6,1,49,8,998,1,15,VAUXHALL CORSA,1,E01020992,0,-1
2020350975411,2020,350975411,1,9,0,18,19,3,7,0,0,0,1,0,6,0,3,1,5,6,1,85,11,1229,1,13,VAUXHALL CORSA,6,E01018264,0,-1
2020230979340,2020,230979340,1,9,0,4,4,5,1,0,0,4,0,0,0,0,1,1,5,6,1,21,5,1229,1,12,VAUXHALL CORSA,5,E01011441,0,-1
2020420994061,2020,420994061,2,9,0,5,5,8,1,0,0,0,0,0,0,0,2,1,5,6,1,21,5,1248,2,14,VAUXHALL CORSA,-1,-1,0,-1
2020040937645,2020,040937645,1,9,0,18,19,4,8,0,0,1,0,0,1,0,1,1,5,6,1,19,4,1229,1,10,VAUXHALL CORSA,9,E01025343,0,-1
202006XQ69897,2020,06XQ69897,1,9,0,18,19,4,8,0,0,0,1,0,0,0,1,1,6,6,2,30,6,1248,2,7,VAUXHALL CORSA,2,E01005999,0,-1
2020400958733,2020,400958733,2,9,0,18,19,5,1,0,0,0,0,0,0,0,0,1,5,6,1,20,4,1229,1,5,VAUXHALL CORSA,1,E01016743,0,-1
2020200990247,2020,200990247,2,9,0,13,13,5,1,0,0,0,0,0,0,0,1,1,6,6,1,28,6,1229,1,9,VAUXHALL CORSA,2,E01009955,0,-1
2020450928383,2020,450928383,1,9,0,18,19,5,1,0,0,0,0,11,0,0,1,1,2,2,2,53,8,1229,1,7,VAUXHALL CORSA,5,E01031544,0,-1
2020200991300,2020,200991300,1,9,0,18,19,8,4,0,0,4,0,0,0,0,1,1,6,6,3,-1,-1,1248,2,10,VAUXHALL CORSA,-1,-1,0,-1
2020990995548,2020,990995548,1,9,0,17,19,3,8,0,0,0,5,10,1,0,1,1,2,2,1,24,5,1229,1,10,VAUXHALL CORSA,10,-1,0,-1
2020622000404,2020,622000404,1,9,0,18,19,2,6,0,0,1,0,0,0,0,1,1,6,6,2,21,5,998,1,16,VAUXHALL CORSA,1,W01001881,0,-1
2020450971942,2020,450971942,1,9,0,13,13,5,1,0,0,0,1,0,0,0,1,1,5,6,1,36,7,1364,1,12,VAUXHALL CORSA,7,E01030832,0,-1
2020340N08912,2020,340N08912,1,9,0,1,1,3,7,0,0,8,0,0,0,0,2,1,6,6,1,17,4,1398,1,3,VAUXHALL CORSA,8,E01027194,0,-1
202031B144620,2020,31B144620,2,9,0,18,19,1,5,0,0,8,0,0,0,0,1,1,2,2,2,34,6,1398,1,2,VAUXHALL CORSA,4,E01007519,0,-1
2020010267274,2020,010267274,1,9,0,99,99,9,9,99,99,9,9,99,9,99,1,9,6,6,2,21,5,1199,1,16,VAUXHALL CORSA,10,E01000325,0,-1
2020430291735,2020,430291735,2,9,0,16,19,1,5,0,0,0,0,0,7,4,1,1,6,6,2,34,6,1229,1,15,VAUXHALL CORSA,7,E01028720,0,-1
2020200975766,2020,200975766,1,9,0,18,19,6,2,0,0,8,0,0,0,0,1,1,1,1,2,37,7,1248,2,6,VAUXHALL CORSA,7,E01009424,0,-1
2020990993655,2020,990993655,2,9,0,17,19,1,5,0,0,0,0,0,0,0,1,1,5,6,1,48,8,1199,1,0,VAUXHALL CORSA,-1,-1,0,-1
2020320524578,2020,320524578,1,9,0,18,19,5,1,0,0,0,0,0,0,0,1,1,6,6,1,19,4,1229,1,13,VAUXHALL CORSA,4,E01026207,0,-1
2020010283543,2020,010283543,1,9,0,99,99,9,9,99,99,9,9,99,9,99,9,9,6,6,1,19,4,1229,1,10,VAUXHALL CORSA,2,E01001460,0,-1
2020200931885,2020,200931885,1,9,0,5,5,6,8,0,0,2,0,0,0,0,3,1,6,6,2,-1,-1,1229,1,7,VAUXHALL CORSA,-1,-1,0,-1
2020420995316,2020,420995316,1,9,0,5,5,4,7,0,0,4,0,0,0,0,1,1,6,6,2,33,6,1199,1,0,VAUXHALL CORSA,7,E01015837,0,-1
2020052001991,2020,052001991,1,9,0,18,19,5,1,0,0,1,0,0,0,0,0,1,6,6,2,38,7,1398,1,2,VAUXHALL CORSA,9,E01006796,0,-1
202006M177300,2020,06M177300,1,9,0,5,5,5,8,0,0,4,0,0,0,0,1,1,6,6,1,47,8,1199,1,0,VAUXHALL CORSA,5,E01006366,0,-1
2020040920544,2020,040920544,1,9,0,5,5,7,5,0,0,6,0,0,0,0,1,1,5,6,1,18,4,998,1,12,VAUXHALL CORSA,2,E01025059,0,-1
2020420979776,2020,420979776,1,9,0,15,15,6,2,0,0,0,0,0,4,6,4,1,6,6,3,-1,-1,1364,1,12,VAUXHALL CORSA,-1,-1,0,-1
2020470938560,2020,470938560,4,9,0,18,19,7,3,0,0,0,0,0,0,0,3,1,2,2,2,28,6,1229,1,6,VAUXHALL CORSA,9,E01031793,0,-1
2020430015669,2020,430015669,2,9,0,7,7,6,3,0,0,3,0,0,0,0,1,1,2,2,2,45,7,1398,1,8,VAUXHALL CORSA,-1,-1,0,-1
2020430058407,2020,430058407,1,9,0,18,19,8,4,0,0,0,5,0,2,10,4,1,1,1,2,26,6,1229,1,9,VAUXHALL CORSA,8,E01016557,0,-1
2020210946831,2020,210946831,2,9,0,18,19,3,7,0,0,0,0,0,0,0,4,1,6,6,1,25,5,1229,1,15,VAUXHALL CORSA,2,E01010265,0,-1
2020200926404,2020,200926404,1,9,0,18,19,-1,-1,0,0,0,0,0,0,0,2,1,6,6,1,31,6,1598,1,4,VAUXHALL CORSA,5,E01010000,0,-1
2020522100965,2020,522100965,3,9,0,10,10,2,8,0,0,5,0,0,0,0,2,1,6,6,1,19,4,1229,1,9,VAUXHALL CORSA,3,E01014674,0,-1
2020010246404,2020,010246404,2,9,0,5,5,9,9,0,0,1,9,0,0,99,9,9,6,6,3,-1,-1,1199,1,16,VAUXHALL CORSA,-1,-1,0,-1
2020122100181,2020,122100181,1,9,0,17,19,8,5,0,0,0,0,10,1,11,1,1,6,6,1,34,6,1229,1,11,VAUXHALL CORSA,9,E01027577,0,-1
2020111004938,2020,111004938,1,9,0,18,19,3,7,0,0,0,0,0,0,0,1,1,6,6,1,52,8,1229,1,16,VAUXHALL CORSA,-1,-1,0,-1
2020430301570,2020,430301570,1,9,0,9,9,4,1,0,0,4,5,0,2,7,4,1,6,6,1,18,4,1248,2,9,VAUXHALL CORSA,6,E01016388,0,-1
2020320416579,2020,320416579,1,9,0,18,19,5,1,0,0,0,0,0,1,10,1,1,6,6,2,64,9,1398,1,2,VAUXHALL CORSA,3,E01007368,0,-1
2020440278848,2020,440278848,2,9,0,2,2,0,0,0,0,2,0,0,0,0,2,1,6,6,3,-1,-1,1398,1,1,VAUXHALL CORSA,-1,-1,0,-1
2020460929065,2020,460929065,1,9,0,9,9,5,3,0,0,1,0,0,0,0,1,1,5,6,2,28,6,1398,1,2,VAUXHALL CORSA,10,E01024147,0,-1
2020400956184,2020,400956184,2,9,0,18,19,1,8,0,0,0,0,0,0,0,1,1,5,6,1,51,8,1398,1,10,VAUXHALL CORSA,4,E01017512,0,-1