collision_index,collision_year,collision_ref_no,vehicle_reference,vehicle_type,towing_and_articulation,vehicle_manoeuvre_historic,vehicle_manoeuvre,vehicle_direction_from,vehicle_direction_to,vehicle_location_restricted_lane_historic,vehicle_location_restricted_lane,junction_location,skidding_and_overturning,hit_object_in_carriageway,vehicle_leaving_carriageway,hit_object_off_carriageway,first_point_of_impact,vehicle_left_hand_drive,journey_purpose_of_driver_historic,journey_purpose_of_driver,sex_of_driver,age_of_driver,age_band_of_driver,engine_capacity_cc,propulsion_code,age_of_vehicle,generic_make_model,driver_imd_decile,lsoa_of_driver,escooter_flag,driver_distance_banding
2020460985282,2020,460985282,2,9,0,18,19,7,3,0,0,1,0,0,0,0,2,1,1,1,1,31,6,1248,2,3,VAUXHALL CORSA,2,E01015976,0,-1
2020360978578,2020,360978578,2,9,0,18,19,3,7,0,0,2,0,0,0,0,1,1,5,6,1,67,10,1398,1,3,VAUXHALL CORSA,1,E01026620,0,-1
2020010277331,2020,010277331,2,9,9,99,99,9,9,99,99,9,9,99,9,99,9,9,6,6,3,-1,-1,1398,1,9,VAUXHALL CORSA,-1,-1,0,-1
2020040960415,2020,040960415,1,19,0,17,19,8,4,0,0,0,0,0,1,0,4,1,5,6,1,52,8,1248,2,8,VAUXHALL CORSA,2,E01005470,0,-1
20201376D0506,2020,1376D0506,1,9,0,16,19,5,1,0,0,0,0,0,0,0,1,1,6,6,1,19,4,973,1,17,VAUXHALL CORSA,-1,-1,0,-1
2020070443386,2020,070443386,1,9,0,18,19,4,8,0,0,8,0,0,0,7,4,1,6,6,2,51,8,1248,2,12,VAUXHALL CORSA,1,E01014247,0,-1
2020340W05302,2020,340W05302,1,9,0,18,19,2,6,0,0,1,0,0,0,0,1,1,6,6,1,47,8,999,1,5,VAUXHALL CORSA,8,E01027344,0,-1
2020220965343,2020,220965343,2,9,0,18,19,8,4,0,0,0,1,0,4,6,3,1,5,6,1,19,4,1398,1,6,VAUXHALL CORSA,8,W01001553,0,-1
2020622000660,2020,622000660,2,9,0,9,9,5,4,0,0,8,0,0,0,0,4,1,6,6,2,23,5,1229,1,14,VAUXHALL CORSA,1,W01001879,0,-1
2020010229453,2020,010229453,7,9,0,3,3,1,5,0,0,0,0,0,0,0,3,1,6,6,2,-1,-1,1229,1,12,VAUXHALL CORSA,3,E01002805,0,-1
2020420927235,2020,420927235,1,9,0,7,7,5,8,0,0,6,0,0,0,0,1,1,5,6,2,56,9,1229,1,7,VAUXHALL CORSA,10,E01021618,0,-1
2020160955830,2020,160955830,1,9,0,16,19,5,7,0,0,2,0,0,0,0,1,1,5,6,1,26,6,998,1,10,VAUXHALL CORSA,3,E01012866,0,-1
202006J269784,2020,06J269784,2,9,0,5,5,8,4,0,0,8,0,0,0,0,3,1,6,6,1,20,4,1229,1,9,VAUXHALL CORSA,8,E01019757,0,-1
2020990921817,2020,990921817,3,9,0,3,3,7,3,0,0,0,0,0,0,0,2,1,6,6,1,68,10,1364,1,11,VAUXHALL CORSA,7,-1,0,-1
2020122000808,2020,122000808,2,9,0,9,9,5,3,0,0,1,0,0,1,0,4,1,6,6,3,-1,-1,1248,2,12,VAUXHALL CORSA,-1,-1,0,-1
2020450990814,2020,450990814,1,9,0,18,19,3,7,0,0,0,0,0,0,0,1,1,6,6,1,20,4,1248,2,13,VAUXHALL CORSA,9,E01031723,0,-1
2020100941499,2020,100941499,2,9,0,18,19,1,1,0,0,2,0,0,0,0,4,1,5,6,2,50,8,1229,1,9,VAUXHALL CORSA,-1,-1,0,-1
2020420998789,2020,420998789,1,9,0,9,9,3,1,0,0,5,0,0,0,0,3,1,6,6,1,27,6,999,1,4,VAUXHALL CORSA,4,E01015936,0,-1
2020450967228,2020,450967228,3,9,0,4,4,5,1,0,0,0,0,0,0,0,2,1,5,6,2,26,6,1398,1,3,VAUXHALL CORSA,2,E01015934,0,-1
2020010229956,2020,010229956,1,9,0,99,99,9,9,99,99,9,9,99,9,99,2,9,6,6,2,33,6,1398,1,8,VAUXHALL CORSA,2,E01003974,0,-1
2020100926052,2020,100926052,2,9,0,18,19,3,7,0,0,1,0,0,0,0,1,1,6,6,1,57,9,1398,1,1,VAUXHALL CORSA,3,E01008432,0,-1
2020040948866,2020,040948866,2,9,0,4,4,1,5,0,0,0,0,0,0,0,2,1,5,6,1,56,9,998,1,16,VAUXHALL CORSA,7,E01024962,0,-1
2020400926339,2020,400926339,2,9,0,-1,-1,-1,-1,0,0,-1,0,0,0,0,-1,1,5,6,2,28,6,1229,1,8,VAUXHALL CORSA,2,E01015716,0,-1
2020200940679,2020,200940679,1,9,0,18,19,4,8,0,0,1,0,0,0,0,1,1,6,6,1,37,7,1398,1,5,VAUXHALL CORSA,1,E01010295,0,-1
2020122000308,2020,122000308,1,9,0,16,19,3,6,0,0,0,0,0,1,0,1,1,2,2,2,20,4,998,1,9,VAUXHALL CORSA,5,E01027789,0,-1
2020460961827,2020,460961827,1,9,0,1,1,1,4,0,0,0,0,0,1,0,2,1,6,6,1,90,11,1398,1,5,VAUXHALL CORSA,7,E01024675,0,-1
2020010268547,2020,010268547,2,9,0,4,4,5,1,0,0,1,0,0,0,0,1,1,3,7,2,37,7,1398,1,10,VAUXHALL CORSA,5,E01000360,0,-1
2020200975423,2020,200975423,1,9,0,9,9,4,1,0,0,8,0,0,0,0,1,1,6,6,1,19,4,1364,1,11,VAUXHALL CORSA,6,E01029400,0,-1
2020010246348,2020,010246348,1,9,0,6,6,7,7,0,0,2,0,0,0,0,3,1,6,6,2,21,5,1248,2,9,VAUXHALL CORSA,6,E01000706,0,-1
2020161005011,2020,161005011,1,9,0,18,19,3,7,0,0,0,0,0,0,0,1,1,5,6,2,31,6,998,1,6,VAUXHALL CORSA,1,E01013000,0,-1
2020010252243,2020,010252243,1,9,0,6,6,3,3,2,2,0,0,0,0,0,1,1,6,6,1,20,4,998,1,11,VAUXHALL CORSA,5,E01002449,0,-1
2020400922088,2020,400922088,1,9,0,18,19,8,4,0,0,0,0,7,0,0,1,1,2,2,2,22,5,1248,2,12,VAUXHALL CORSA,5,E01015780,0,-1
2020470982934,2020,470982934,1,9,0,9,9,7,5,0,0,3,0,0,1,0,1,1,5,6,2,19,4,1398,1,5,VAUXHALL CORSA,4,E01031836,0,-1
2020400972365,2020,400972365,2,9,0,9,9,7,3,0,0,0,0,0,0,0,1,1,5,6,2,20,4,1229,1,7,VAUXHALL CORSA,2,E01015754,0,-1
2020100981518,2020,100981518,2,9,0,18,19,3,7,0,0,0,1,0,1,0,3,1,6,6,1,61,9,1248,2,7,VAUXHALL CORSA,3,E01027512,0,-1
2020450923143,2020,450923143,1,9,0,9,9,3,1,0,0,8,0,0,0,0,1,1,5,6,1,30,6,1229,1,14,VAUXHALL CORSA,10,E01030635,0,-1
202031D164120,2020,31D164120,1,9,0,9,9,2,8,0,0,5,0,0,0,0,1,1,6,6,1,31,6,1229,1,15,VAUXHALL CORSA,10,E01028403,0,-1
2020320527390,2020,320527390,1,19,0,18,19,1,5,0,0,0,1,0,1,0,3,1,2,2,1,27,6,1248,2,9,VAUXHALL CORSA,1,E01026048,0,-1
2020450972591,2020,450972591,1,9,0,18,19,5,1,0,0,0,0,0,0,0,1,1,5,6,2,80,11,1389,1,14,VAUXHALL CORSA,10,E01030430,0,-1
2020141011161,2020,141011161,1,9,0,7,7,6,1,0,0,8,0,0,0,0,1,1,2,2,1,62,9,1248,2,11,VAUXHALL CORSA,7,E01008052,0,-1
2020010248842,2020,010248842,1,9,0,99,99,9,9,99,99,9,9,99,9,99,9,9,6,6,2,52,8,1229,1,5,VAUXHALL CORSA,6,E01002479,0,-1
2020470923135,2020,470923135,1,9,0,9,9,3,1,0,0,8,0,0,0,0,1,1,5,6,1,19,4,1199,1,17,VAUXHALL CORSA,5,E01016503,0,-1
2020040958027,2020,040958027,2,9,0,18,19,1,5,0,0,0,1,0,0,0,3,1,5,6,1,73,10,1364,1,13,VAUXHALL CORSA,3,E01025399,0,-1
2020010262159,2020,010262159,1,9,0,1,1,7,1,0,0,1,0,0,0,0,0,1,6,6,1,59,9,1398,1,2,VAUXHALL CORSA,5,E01004377,0,-1
2020160995199,2020,160995199,3,9,0,18,19,6,2,0,0,0,0,0,0,0,1,1,5,6,2,17,4,1199,1,16,VAUXHALL CORSA,7,E01013020,0,-1
2020610005920,2020,610005920,1,9,0,7,7,5,7,0,0,1,0,0,0,0,2,1,6,6,2,25,5,1398,1,3,VAUXHALL CORSA,6,W01001184,0,-1
2020200978030,2020,200978030,1,9,0,18,19,8,4,0,0,4,0,10,7,2,1,1,6,6,1,63,9,1398,1,8,VAUXHALL CORSA,1,E01010369,0,-1
202006A276311,2020,06A276311,1,9,0,9,9,5,3,0,0,6,0,0,0,0,2,1,6,6,2,30,6,1398,1,8,VAUXHALL CORSA,-1,-1,0,-1
2020520001766,2020,520001766,1,9,0,18,19,8,4,0,0,0,2,0,1,9,1,1,6,6,1,58,9,1398,1,1,VAUXHALL CORSA,5,E01020536,0,-1
2020430420748,2020,430420748,1,9,0,18,19,8,4,0,0,0,0,0,0,0,2,1,6,6,1,35,6,1364,1,4,VAUXHALL CORSA,7,E01028424,0,-1
2020522100808,2020,522100808,1,9,0,18,19,8,4,0,0,0,0,10,0,0,1,1,6,6,1,62,9,1229,1,9,VAUXHALL CORSA,9,E01014819,0,-1
2020320473355,2020,320473355,1,9,0,18,19,3,7,0,0,0,5,0,7,9,3,1,6,6,1,39,7,1199,1,17,VAUXHALL CORSA,3,E01026146,0,-1
2020200947618,2020,200947618,1,9,0,5,5,6,2,0,0,4,1,10,1,0,4,1,6,6,1,19,4,1364,1,13,VAUXHALL CORSA,2,E01010010,0,-1
2020460994409,2020,460994409,2,9,0,18,19,7,3,0,0,0,0,0,2,0,1,1,6,6,2,19,4,1229,1,8,VAUXHALL CORSA,7,E01024203,0,-1
2020430179605,2020,430179605,1,9,0,18,19,7,3,0,0,8,1,0,0,0,4,1,6,6,1,29,6,1199,1,21,VAUXHALL CORSA,10,E01016427,0,-1
2020101009889,2020,101009889,4,9,0,4,4,5,1,0,0,0,0,0,0,0,2,1,6,6,1,39,7,1229,1,12,VAUXHALL CORSA,5,E01008787,0,-1
2020200998006,2020,200998006,2,9,0,2,2,0,0,0,0,0,0,10,1,0,2,1,6,6,2,-1,-1,1229,1,6,VAUXHALL CORSA,-1,-1,0,-1
2020010276565,2020,010276565,2,9,0,17,19,5,1,0,0,0,0,4,0,0,1,1,6,6,1,33,6,1248,2,13,VAUXHALL CORSA,2,E01004315,0,-1
2020990951044,2020,990951044,1,9,0,18,19,4,8,9,9,0,1,0,1,2,1,1,5,6,2,27,6,1229,1,6,VAUXHALL CORSA,-1,-1,0,-1
2020470985819,2020,470985819,2,9,0,9,9,7,5,0,0,0,1,0,1,11,1,1,2,2,1,18,4,1229,1,13,VAUXHALL CORSA,9,E01031829,0,-1
2020470967206,2020,470967206,1,9,0,17,19,6,3,0,0,0,2,0,1,9,1,1,2,2,2,19,4,1229,1,12,VAUXHALL CORSA,3,E01024534,0,-1
2020200988477,2020,200988477,2,9,0,3,3,3,7,0,0,1,0,0,0,0,2,1,1,1,2,-1,-1,1248,2,3,VAUXHALL CORSA,1,E01010064,0,-1
2020041002615,2020,041002615,2,9,0,18,19,6,2,0,0,8,0,0,0,0,1,1,5,6,2,24,5,1248,2,5,VAUXHALL CORSA,2,E01025051,0,-1
2020221017861,2020,221017861,1,9,0,17,19,5,2,0,0,0,1,0,1,0,1,1,5,6,2,61,9,998,1,6,VAUXHALL CORSA,1,E01014197,0,-1
2020332000122,2020,332000122,2,9,0,3,3,4,8,0,0,0,0,0,7,9,2,1,6,6,1,22,5,1229,1,9,VAUXHALL CORSA,-1,-1,0,-1
2020220950047,2020,220950047,1,9,0,9,9,2,8,0,0,5,0,0,0,0,1,1,5,6,2,21,5,1598,1,11,VAUXHALL CORSA,6,E01028970,0,-1
2020200943687,2020,200943687,2,9,0,18,19,4,8,0,0,0,0,0,0,0,1,1,1,1,1,20,4,1398,1,5,VAUXHALL CORSA,1,E01010029,0,-1
2020220989858,2020,220989858,2,9,0,9,9,5,3,0,0,5,0,0,0,0,1,1,2,2,1,29,6,1199,1,17,VAUXHALL CORSA,7,E01009870,0,-1
2020501008149,2020,501008149,2,9,0,3,3,3,7,0,0,0,0,0,0,0,1,1,6,6,2,46,8,1199,1,16,VAUXHALL CORSA,6,E01018764,0,-1
2020010252232,2020,010252232,1,9,0,6,6,3,3,0,0,1,0,0,0,0,3,1,6,6,1,68,10,1199,1,16,VAUXHALL CORSA,4,E01001435,0,-1
202063B068920,2020,63B068920,2,9,0,17,19,1,6,0,0,0,0,0,1,10,3,1,6,6,1,19,4,1229,1,9,VAUXHALL CORSA,3,W01001923,0,-1
2020161010976,2020,161010976,1,9,0,4,4,4,8,0,0,0,2,0,7,0,0,1,2,2,2,24,5,1229,1,6,VAUXHALL CORSA,4,E01012760,0,-1
2020141007929,2020,141007929,1,9,0,16,19,3,7,0,0,4,0,0,0,0,2,1,5,6,1,18,4,1248,2,2,VAUXHALL CORSA,5,E01007611,0,-1
2020010244193,2020,010244193,2,9,0,18,19,3,7,0,0,0,0,0,0,0,3,1,6,6,1,31,6,1398,1,10,VAUXHALL CORSA,2,E01000781,0,-1
2020101003105,2020,101003105,1,9,0,18,19,7,3,0,0,4,0,-1,0,0,1,1,5,6,2,49,8,1229,1,8,VAUXHALL CORSA,10,E01027455,0,-1
2020030975507,2020,030975507,1,9,0,17,19,1,5,0,0,0,1,0,2,7,1,1,5,6,2,27,6,1398,1,6,VAUXHALL CORSA,4,E01019290,0,-1
2020370926624,2020,370926624,1,9,0,18,19,7,3,0,0,0,0,0,7,9,1,1,5,6,2,59,9,1398,1,2,VAUXHALL CORSA,3,E01030253,0,-1
2020400948664,2020,400948664,2,9,0,18,19,8,4,6,6,0,1,0,0,0,3,1,2,2,1,35,6,1248,2,11,VAUXHALL CORSA,8,E01017750,0,-1
2020450955759,2020,450955759,1,9,0,18,19,5,1,0,0,0,0,11,1,0,1,1,6,6,3,19,4,1229,1,8,VAUXHALL CORSA,2,E01001079,0,-1
2020030940870,2020,030940870,1,9,0,18,19,5,1,0,0,1,0,0,7,4,1,1,6,6,1,51,8,1229,1,10,VAUXHALL CORSA,1,E01019160,0,-1
2020320434968,2020,320434968,1,9,0,18,19,3,7,0,0,0,1,0,1,3,3,1,2,2,2,22,5,1364,1,13,VAUXHALL CORSA,1,E01013846,0,-1
2020010253746,2020,010253746,2,9,0,99,99,9,9,99,99,0,9,99,9,99,2,9,6,6,3,43,7,1364,1,12,VAUXHALL CORSA,2,E01002829,0,-1
2020010273719,2020,010273719,1,9,0,99,99,9,9,99,99,9,9,99,9,99,2,9,2,2,1,43,7,1229,1,11,VAUXHALL CORSA,7,E01023947,0,-1
2020530958201,2020,530958201,1,9,0,7,7,2,6,0,0,1,0,0,7,1,4,1,6,6,2,27,6,1229,1,14,VAUXHALL CORSA,7,E01022229,0,-1
202006XN69503,2020,06XN69503,2,9,0,18,19,6,2,0,0,1,0,0,0,0,4,1,6,6,2,21,5,1229,1,7,VAUXHALL CORSA,10,E01018693,0,-1
2020470971478,2020,470971478,1,9,0,18,19,2,6,0,0,0,0,0,0,0,1,1,5,6,1,78,11,1398,1,7,VAUXHALL CORSA,8,E01016980,0,-1
2020990971569,2020,990971569,1,9,0,16,19,6,1,0,0,0,0,0,0,0,1,1,6,6,1,37,7,1229,1,9,VAUXHALL CORSA,4,-1,0,-1
2020610028120,2020,610028120,1,9,0,18,19,5,1,0,0,1,2,0,0,0,3,1,6,6,1,20,4,1598,1,12,VAUXHALL CORSA,-1,-1,0,-1
2020052001081,2020,052001081,2,9,0,4,4,7,3,0,0,0,0,0,0,0,2,1,6,6,1,20,4,1229,1,13,VAUXHALL CORSA,5,E01007143,0,-1
2020070099918,2020,070099918,1,9,0,18,19,8,4,0,0,4,0,0,0,0,1,2,1,1,1,49,8,1398,1,1,VAUXHALL CORSA,7,E01018592,0,-1
2020470990281,2020,470990281,1,9,0,13,13,6,2,0,0,1,1,0,0,0,1,1,5,6,1,19,4,1229,1,10,VAUXHALL CORSA,6,E01021193,0,-1
2020220917385,2020,220917385,2,9,0,9,9,6,4,0,0,6,0,0,0,0,3,1,5,6,1,21,5,998,1,10,VAUXHALL CORSA,3,E01014104,0,-1
2020230959546,2020,230959546,1,9,0,5,5,8,4,0,0,1,0,0,0,0,1,1,2,2,1,20,4,1364,1,2,VAUXHALL CORSA,1,E01009110,0,-1
2020160971623,2020,160971623,1,9,0,18,19,4,8,0,0,4,1,0,1,0,3,1,6,6,2,24,5,1229,1,5,VAUXHALL CORSA,7,E01026080,0,-1
2020070725392,2020,070725392,2,9,0,9,9,5,3,0,0,8,0,0,0,0,1,1,2,2,1,18,4,1229,1,8,VAUXHALL CORSA,7,E01018711,0,-1
2020440416653,2020,440416653,3,9,0,4,4,2,6,0,0,0,0,1,0,0,1,1,6,6,2,21,5,1398,1,7,VAUXHALL CORSA,9,E01023147,0,-1
2020360921069,2020,360921069,1,9,0,18,19,8,4,0,0,1,0,0,0,0,1,1,5,6,2,47,8,1398,1,1,VAUXHALL CORSA,5,E01026911,0,-1
2020010230293,2020,010230293,1,9,0,7,7,5,7,0,0,8,1,0,0,0,1,1,4,7,1,17,4,1398,1,9,VAUXHALL CORSA,10,E01000445,0,-1
2020360942688,2020,360942688,1,9,0,18,19,-1,-1,0,0,0,5,0,0,0,1,1,5,6,1,19,4,1686,2,9,VAUXHALL CORSA,2,E01026821,0,-1
2020350930428,2020,350930428,3,9,0,2,2,0,0,6,6,0,0,0,0,0,1,1,6,6,3,-1,-1,1248,2,11,VAUXHALL CORSA,-1,-1,0,-1
2020010239718,2020,010239718,1,9,0,18,19,1,5,9,9,2,0,7,1,10,1,9,-1,-1,3,-1,-1,1364,1,13,VAUXHALL CORSA,-1,-1,0,-1
2020430396430,2020,430396430,2,9,0,18,19,4,8,0,0,8,0,0,0,1,4,1,6,6,1,29,6,1248,2,14,VAUXHALL CORSA,7,E01016209,0,-1
2020010229495,2020,010229495,3,9,0,2,2,0,0,0,0,0,0,0,0,0,4,1,6,6,3,-1,-1,1248,2,8,VAUXHALL CORSA,-1,-1,0,-1
2020302000901,2020,302000901,1,9,0,18,19,8,4,0,0,0,2,7,2,7,1,1,6,6,1,17,4,1229,1,6,VAUXHALL CORSA,8,E01019586,0,-1
2020052000482,2020,052000482,3,9,0,9,9,3,7,0,0,1,0,0,0,0,4,1,6,6,1,30,6,1598,1,11,VAUXHALL CORSA,9,E01007025,0,-1
202006J176842,2020,06J176842,2,9,0,4,4,1,5,0,0,0,0,0,0,0,2,1,6,6,2,31,6,1364,1,4,VAUXHALL CORSA,6,E01005750,0,-1
2020420953645,2020,420953645,1,9,0,9,9,2,6,0,0,0,0,0,0,0,1,1,5,6,1,18,4,1229,1,11,VAUXHALL CORSA,10,E01021780,0,-1
2020201024895,2020,201024895,2,9,0,4,4,6,2,0,0,0,0,0,0,0,2,1,2,2,2,31,6,1229,1,7,VAUXHALL CORSA,4,E01009030,0,-1
2020460952796,2020,460952796,2,9,0,18,19,-1,-1,0,0,0,0,0,1,0,0,1,1,1,2,32,6,1229,1,7,VAUXHALL CORSA,3,E01016114,0,-1
2020440109867,2020,440109867,2,9,0,2,2,0,0,0,0,1,0,0,0,0,2,1,6,6,3,-1,-1,1398,1,6,VAUXHALL CORSA,-1,-1,0,-1
2020450974129,2020,450974129,1,9,0,18,19,1,1,0,0,0,0,0,0,0,2,1,6,6,1,45,7,1199,1,0,VAUXHALL CORSA,10,E01022892,0,-1
2020137731032,2020,137731032,2,9,0,18,19,1,5,0,0,8,0,0,0,0,1,1,6,6,1,38,7,-1,-1,-1,VAUXHALL CORSA,7,E01011693,0,-1
2020140992765,2020,140992765,2,9,0,5,5,3,7,0,0,0,0,0,0,0,1,1,5,6,1,18,4,1248,2,13,VAUXHALL CORSA,2,E01008053,0,-1
2020501007575,2020,501007575,1,9,0,11,11,7,3,0,0,0,0,10,2,4,1,1,5,6,2,35,6,1398,1,8,VAUXHALL CORSA,4,E01018776,0,-1
2020040978167,2020,040978167,1,9,0,18,19,7,3,0,0,8,1,0,7,1,1,1,5,6,1,18,4,1248,2,13,VAUXHALL CORSA,1,E01025250,0,-1
2020460951746,2020,460951746,2,9,0,9,9,6,2,0,0,5,0,0,0,0,3,1,5,6,2,28,6,1229,1,12,VAUXHALL CORSA,4,E01024694,0,-1
2020990963036,2020,990963036,1,9,0,16,19,1,5,0,0,0,2,0,7,0,1,1,5,6,1,17,4,-1,-1,-1,VAUXHALL CORSA,4,-1,0,-1
2020460989972,2020,460989972,1,9,0,9,9,3,1,0,0,1,0,0,0,0,4,1,6,6,2,47,8,1248,2,14,VAUXHALL CORSA,2,E01024374,0,-1
2020552100092,2020,552100092,1,9,0,18,19,1,5,0,0,0,0,0,0,0,1,1,6,6,2,86,11,1229,1,10,VAUXHALL CORSA,4,E01020571,0,-1
2020552000538,2020,552000538,1,9,0,9,9,8,5,0,0,5,0,0,0,0,1,1,6,6,2,24,5,1229,1,5,VAUXHALL CORSA,7,E01015428,0,-1
2020010256680,2020,010256680,1,9,0,18,19,3,7,0,0,1,0,0,0,0,4,2,1,1,1,44,7,1398,1,4,VAUXHALL CORSA,-1,-1,0,-1
2020052001529,2020,052001529,2,9,0,18,19,3,7,0,0,1,0,0,0,0,1,1,6,6,2,20,4,998,1,9,VAUXHALL CORSA,1,E01006678,0,-1
2020210943148,2020,210943148,2,9,0,3,3,1,5,0,0,0,0,0,0,0,2,1,6,6,2,31,6,1398,1,10,VAUXHALL CORSA,2,E01014302,0,-1
2020460923023,2020,460923023,2,9,0,2,2,0,0,6,6,1,0,0,0,0,1,1,5,6,2,56,9,1199,1,17,VAUXHALL CORSA,7,E01024798,0,-1
2020440400498,2020,440400498,1,9,0,14,14,5,2,0,0,0,0,0,0,0,1,1,2,2,1,89,11,1199,1,17,VAUXHALL CORSA,6,E01033239,0,-1
2020010233328,2020,010233328,1,9,0,18,19,5,1,0,0,3,0,0,0,0,4,1,3,7,2,35,6,1229,1,6,VAUXHALL CORSA,7,E01000391,0,-1
2020052001882,2020,052001882,1,9,0,12,12,6,2,0,0,1,0,0,0,0,4,1,6,6,2,90,11,1229,1,16,VAUXHALL CORSA,8,E01007282,0,-1
2020200997883,2020,200997883,2,9,0,18,19,6,2,0,0,2,0,7,0,0,4,1,6,6,1,24,5,1598,1,6,VAUXHALL CORSA,3,E01009216,0,-1
2020052000412,2020,052000412,2,9,0,9,9,5,1,0,0,4,0,0,0,0,2,1,1,1,3,-1,-1,1199,1,20,VAUXHALL CORSA,-1,-1,0,-1
2020160985834,2020,160985834,2,9,0,9,9,2,8,0,0,1,0,0,0,0,1,1,5,6,2,64,9,1229,1,12,VAUXHALL CORSA,1,E01013140,0,-1
2020070665688,2020,070665688,2,9,0,18,19,2,6,0,0,1,0,0,0,0,1,1,6,6,1,47,8,1229,1,12,VAUXHALL CORSA,2,E01006207,0,-1
2020410957382,2020,410957382,2,9,0,2,2,0,0,0,0,0,0,0,0,0,3,1,5,6,1,24,5,999,1,4,VAUXHALL CORSA,9,E01023634,0,-1
2020040953448,2020,040953448,1,9,0,18,19,7,3,0,0,0,0,0,0,0,2,1,2,2,1,50,8,1398,1,3,VAUXHALL CORSA,8,E01025241,0,-1
2020201018681,2020,201018681,1,9,0,16,19,8,2,0,0,0,0,10,1,2,1,1,6,6,1,18,4,1398,1,5,VAUXHALL CORSA,3,E01010422,0,-1
2020351001141,2020,351001141,2,9,0,18,19,1,5,0,0,0,0,0,0,0,4,1,3,7,1,48,8,1248,2,15,VAUXHALL CORSA,6,E01018106,0,-1
2020420924431,2020,420924431,1,9,0,18,19,6,2,9,9,0,0,0,7,11,1,1,2,2,1,22,5,-1,-1,-1,VAUXHALL CORSA,3,E01021358,0,-1
2020370967772,2020,370967772,2,9,0,4,4,3,7,0,0,0,0,0,0,0,2,1,6,6,1,33,6,999,1,5,VAUXHALL CORSA,4,E01030028,0,-1
2020990970101,2020,990970101,1,9,0,18,19,5,1,0,0,0,1,0,7,11,1,1,5,6,2,21,5,1229,1,9,VAUXHALL CORSA,4,-1,0,-1
202063C080820,2020,63C080820,2,9,0,18,19,2,6,0,0,0,0,0,7,10,1,1,6,6,1,18,4,1398,1,5,VAUXHALL CORSA,6,W01000614,0,-1
2020200989697,2020,200989697,3,9,0,18,19,7,3,0,0,8,0,0,0,0,0,1,6,6,3,-1,-1,1229,1,10,VAUXHALL CORSA,-1,-1,0,-1
2020552000479,2020,552000479,1,9,0,9,9,3,8,0,0,1,0,0,0,0,1,1,6,6,2,26,6,1229,1,11,VAUXHALL CORSA,2,E01015367,0,-1
2020990980078,2020,990980078,2,9,0,18,19,3,7,0,0,0,0,0,0,0,4,1,6,6,1,24,5,1398,1,9,VAUXHALL CORSA,2,-1,0,-1
202031D081620,2020,31D081620,3,9,0,10,10,1,7,0,0,8,0,0,0,0,1,1,6,6,1,40,7,1229,1,12,VAUXHALL CORSA,9,E01028386,0,-1
2020370962305,2020,370962305,1,9,0,16,19,5,1,0,0,0,0,0,0,0,1,1,2,2,1,18,4,1364,1,11,VAUXHALL CORSA,5,E01033446,0,-1
2020400955912,2020,400955912,1,9,0,3,3,8,4,0,0,2,0,0,0,0,2,1,5,6,1,-1,-1,1398,1,4,VAUXHALL CORSA,3,E01015788,0,-1
2020401009934,2020,401009934,2,9,0,9,9,5,1,0,0,1,0,0,0,0,2,1,5,6,2,28,6,1398,1,4,VAUXHALL CORSA,8,E01017461,0,-1
2020500955954,2020,500955954,2,9,0,4,4,6,2,0,0,8,0,0,0,0,1,1,2,2,2,25,5,1199,1,16,VAUXHALL CORSA,6,E01019897,0,-1
2020420982686,2020,420982686,1,9,0,5,5,1,5,0,0,0,0,0,0,0,1,1,6,6,2,26,6,1199,1,18,VAUXHALL CORSA,7,E01021967,0,-1
2020990969116,2020,990969116,1,9,0,18,19,8,4,0,0,0,1,7,8,11,1,1,6,6,1,26,6,1364,1,14,VAUXHALL CORSA,8,-1,0,-1
2020351002889,2020,351002889,2,9,0,4,4,8,4,0,0,0,0,0,0,0,2,1,2,2,1,30,6,1229,1,10,VAUXHALL CORSA,5,E01018047,0,-1
2020450934756,2020,450934756,1,9,0,7,7,8,2,0,0,8,0,0,0,0,1,1,6,6,2,50,8,1229,1,13,VAUXHALL CORSA,10,E01030837,0,-1
2020231000042,2020,231000042,1,9,0,18,19,6,2,0,0,8,0,0,7,0,1,1,5,6,2,20,4,1229,1,6,VAUXHALL CORSA,5,E01031262,0,-1
2020010258770,2020,010258770,2,9,0,99,99,9,9,99,99,9,9,99,9,99,9,9,6,6,3,-1,-1,1248,2,6,VAUXHALL CORSA,5,E01002446,0,-1
2020340S04012,2020,340S04012,1,9,0,9,9,7,5,0,0,6,0,0,0,0,1,1,6,6,1,41,7,1398,1,4,VAUXHALL CORSA,10,E01028583,0,-1
2020010287057,2020,010287057,1,9,0,99,99,9,9,99,99,9,9,99,9,99,2,9,6,6,2,28,6,1398,1,5,VAUXHALL CORSA,6,E01000157,0,-1
202006XK73035,2020,06XK73035,1,9,0,11,11,8,4,0,0,0,0,0,0,6,1,1,6,6,2,46,8,1398,1,1,VAUXHALL CORSA,5,E01004767,0,-1
20201371V0912,2020,1371V0912,2,9,0,2,2,0,0,0,0,0,0,0,0,0,2,1,6,6,1,39,7,1248,2,8,VAUXHALL CORSA,-1,-1,0,-1