collision_index,collision_year,collision_ref_no,vehicle_reference,vehicle_type,towing_and_articulation,vehicle_manoeuvre_historic,vehicle_manoeuvre,vehicle_direction_from,vehicle_direction_to,vehicle_location_restricted_lane_historic,vehicle_location_restricted_lane,junction_location,skidding_and_overturning,hit_object_in_carriageway,vehicle_leaving_carriageway,hit_object_off_carriageway,first_point_of_impact,vehicle_left_hand_drive,journey_purpose_of_driver_historic,journey_purpose_of_driver,sex_of_driver,age_of_driver,age_band_of_driver,engine_capacity_cc,propulsion_code,age_of_vehicle,generic_make_model,driver_imd_decile,lsoa_of_driver,escooter_flag,driver_distance_banding
2020137AM2062,2020,137AM2062,2,9,0,18,19,1,5,0,0,8,0,0,0,0,1,1,6,6,1,22,5,1398,1,2,VAUXHALL CORSA,5,E01011178,0,-1
2020052002589,2020,052002589,2,9,0,2,2,0,0,0,0,0,0,0,0,0,4,1,6,6,2,45,7,1398,1,3,VAUXHALL CORSA,3,E01006784,0,-1
2020010262108,2020,010262108,1,9,0,16,19,5,1,0,0,8,0,0,0,0,1,1,6,6,2,24,5,1229,1,7,VAUXHALL CORSA,6,E01016509,0,-1
2020340D04442,2020,340D04442,1,9,0,18,19,2,6,0,0,0,1,0,7,0,4,1,6,6,2,33,6,1229,1,12,VAUXHALL CORSA,3,E01026988,0,-1
2020010264417,2020,010264417,1,9,0,5,5,3,7,0,0,2,0,0,0,0,1,1,6,6,1,31,6,1398,1,1,VAUXHALL CORSA,5,E01002769,0,-1
2020160961209,2020,160961209,2,9,0,18,19,5,1,0,0,1,0,0,0,0,3,1,6,6,2,-1,-1,1398,1,9,VAUXHALL CORSA,4,E01012995,0,-1
2020320520590,2020,320520590,1,9,0,18,19,5,1,0,0,7,5,0,0,0,1,1,6,6,2,27,6,1229,1,9,VAUXHALL CORSA,6,E01026331,0,-1
2020530985004,2020,530985004,2,9,0,18,19,5,1,0,0,1,0,0,0,0,1,1,5,6,2,23,5,1364,1,13,VAUXHALL CORSA,1,E01022122,0,-1
2020450958076,2020,450958076,1,9,0,17,19,3,7,0,0,1,0,0,0,0,1,1,5,6,2,51,8,1398,1,5,VAUXHALL CORSA,10,E01030584,0,-1
2020200943350,2020,200943350,2,9,0,8,8,2,4,0,0,1,0,0,0,0,2,1,6,6,2,20,4,1229,1,15,VAUXHALL CORSA,9,E01029626,0,-1
2020420967757,2020,420967757,1,9,0,16,19,5,1,0,0,0,1,10,7,4,4,1,2,2,1,21,5,1229,1,8,VAUXHALL CORSA,2,E01021292,0,-1
2020440347344,2020,440347344,2,9,0,2,2,0,0,0,0,0,0,0,0,0,2,1,6,6,2,48,8,1398,1,3,VAUXHALL CORSA,7,E01023030,0,-1
2020010245925,2020,010245925,1,9,0,7,7,2,5,0,0,6,0,0,0,0,1,1,2,2,2,61,9,998,1,7,VAUXHALL CORSA,-1,-1,0,-1
2020201003807,2020,201003807,2,9,0,2,2,0,0,0,0,0,0,0,0,0,3,1,6,6,1,26,6,1398,1,5,VAUXHALL CORSA,4,E01009583,0,-1
2020211009289,2020,211009289,2,9,-1,-1,-1,6,2,-1,-1,-1,-1,-1,-1,0,-1,1,6,6,2,42,7,1398,1,5,VAUXHALL CORSA,2,E01014236,0,-1
2020040973471,2020,040973471,2,9,0,5,5,7,3,0,0,4,0,0,0,0,3,1,5,6,1,19,4,1398,1,2,VAUXHALL CORSA,6,E01025568,0,-1
2020201005547,2020,201005547,1,9,0,18,19,4,8,0,0,6,0,10,1,11,4,1,1,1,2,22,5,1398,1,8,VAUXHALL CORSA,1,E01009366,0,-1
2020100994121,2020,100994121,1,9,0,18,19,1,1,0,0,0,0,7,0,0,3,1,6,6,1,43,7,1229,1,10,VAUXHALL CORSA,6,E01008696,0,-1
2020430132906,2020,430132906,1,9,0,18,19,6,2,0,0,1,0,0,0,0,1,1,2,2,1,30,6,1199,1,20,VAUXHALL CORSA,6,E01017826,0,-1
2020460918931,2020,460918931,1,9,0,17,19,5,1,0,0,8,1,0,0,0,4,1,5,6,1,18,4,1229,1,13,VAUXHALL CORSA,7,E01024003,0,-1
202006Q175656,2020,06Q175656,2,9,0,18,19,4,8,0,0,8,0,0,0,0,1,1,6,6,2,26,6,1398,1,2,VAUXHALL CORSA,2,E01005326,0,-1
2020990947650,2020,990947650,1,9,0,5,5,6,2,0,0,6,0,0,0,0,4,1,6,6,2,50,8,1229,1,10,VAUXHALL CORSA,3,-1,0,-1
2020170S10670,2020,170S10670,2,9,0,13,13,6,2,0,0,0,0,0,0,0,4,1,2,2,1,24,5,1364,1,5,VAUXHALL CORSA,5,E01012218,0,-1
2020160998914,2020,160998914,1,9,0,9,9,7,5,0,0,0,0,0,0,0,3,1,5,6,2,18,4,1229,1,10,VAUXHALL CORSA,3,E01013245,0,-1
2020010276163,2020,010276163,2,9,0,99,99,9,9,0,0,8,0,99,0,0,9,9,6,6,1,-1,-1,1229,1,13,VAUXHALL CORSA,-1,-1,0,-1
2020221013150,2020,221013150,1,9,0,10,10,6,4,0,0,8,0,0,0,0,2,1,5,6,2,27,6,1199,1,18,VAUXHALL CORSA,7,E01028940,0,-1
2020990924899,2020,990924899,1,9,0,18,19,2,6,0,0,0,0,0,2,4,1,1,2,2,1,26,6,1229,1,7,VAUXHALL CORSA,1,-1,0,-1
2020010244758,2020,010244758,2,9,0,99,99,9,9,99,99,9,9,99,9,99,9,9,6,6,3,-1,-1,1229,1,7,VAUXHALL CORSA,-1,-1,0,-1
2020070342586,2020,070342586,1,9,0,13,13,2,6,0,0,0,0,0,0,0,4,1,6,6,1,17,4,1398,1,1,VAUXHALL CORSA,10,E01018490,0,-1
2020140965402,2020,140965402,2,9,0,9,9,2,7,0,0,1,0,0,0,0,1,1,6,6,1,21,5,1229,1,11,VAUXHALL CORSA,5,E01007887,0,-1
2020370954813,2020,370954813,1,9,0,2,2,0,0,0,0,0,0,0,0,0,-1,1,5,6,2,88,11,1199,1,16,VAUXHALL CORSA,4,E01029910,0,-1
2020010231006,2020,010231006,2,9,0,99,99,9,9,99,99,9,9,99,9,99,9,1,6,6,3,20,4,1364,1,12,VAUXHALL CORSA,4,E01032778,0,-1
20201378O2115,2020,1378O2115,1,9,0,4,4,3,8,0,0,1,0,0,0,0,2,1,6,6,2,41,7,1398,1,8,VAUXHALL CORSA,6,E01010588,0,-1
2020470993716,2020,470993716,1,9,0,7,7,2,4,0,0,5,1,0,7,10,1,1,5,6,1,63,9,1364,1,10,VAUXHALL CORSA,4,E01031575,0,-1
2020010240118,2020,010240118,2,9,0,99,99,9,9,99,99,9,9,99,9,99,1,9,6,6,3,-1,-1,1248,2,13,VAUXHALL CORSA,-1,-1,0,-1
2020400938780,2020,400938780,2,9,0,18,19,7,3,0,0,0,0,0,0,0,1,1,2,2,1,27,6,1398,1,2,VAUXHALL CORSA,5,E01017378,0,-1
2020990984763,2020,990984763,1,9,0,18,19,7,3,0,0,0,0,0,0,0,3,1,5,6,1,18,4,1229,1,7,VAUXHALL CORSA,4,-1,0,-1
2020470987918,2020,470987918,2,9,0,18,19,1,5,0,0,8,0,0,0,0,1,1,2,2,2,29,6,1199,1,0,VAUXHALL CORSA,7,E01016870,0,-1
2020470979116,2020,470979116,1,9,0,18,19,8,4,0,0,1,0,0,0,0,1,1,6,6,2,28,6,1398,1,2,VAUXHALL CORSA,4,E01020966,0,-1
202063B055120,2020,63B055120,1,9,0,16,19,3,6,0,0,0,2,0,8,10,3,1,2,2,2,20,4,1398,1,8,VAUXHALL CORSA,5,W01000537,0,-1
2020220991779,2020,220991779,1,9,0,18,19,6,2,0,0,0,0,0,0,0,1,1,5,6,2,25,5,1398,1,4,VAUXHALL CORSA,2,E01014129,0,-1
2020137881896,2020,137881896,1,9,0,18,19,7,3,0,0,0,0,0,0,0,1,1,6,6,1,-1,-1,1398,1,10,VAUXHALL CORSA,-1,-1,0,-1
2020201004532,2020,201004532,2,9,0,18,19,4,2,0,0,1,0,0,0,0,1,1,6,6,1,-1,-1,-1,-1,-1,VAUXHALL CORSA,-1,-1,0,-1
2020552000388,2020,552000388,1,19,0,18,19,7,3,0,0,0,0,0,0,0,1,1,1,1,1,49,8,1248,2,9,VAUXHALL CORSA,5,E01015375,0,-1
2020010243080,2020,010243080,1,9,0,7,7,1,3,0,0,8,0,0,0,0,1,1,6,6,1,19,4,1398,1,2,VAUXHALL CORSA,6,E01000590,0,-1
2020040955167,2020,040955167,1,9,0,9,9,1,7,0,0,1,0,0,0,0,1,1,5,6,1,18,4,1398,1,5,VAUXHALL CORSA,5,E01025329,0,-1
2020990955139,2020,990955139,2,9,0,9,9,5,3,0,0,8,2,0,0,0,4,1,6,6,2,41,7,1229,1,6,VAUXHALL CORSA,3,-1,0,-1
2020010285314,2020,010285314,2,9,0,18,19,5,1,0,0,1,0,0,0,0,1,1,6,6,2,22,5,1248,2,4,VAUXHALL CORSA,10,E01026356,0,-1
2020450980765,2020,450980765,1,9,0,9,9,4,2,0,0,6,0,0,0,0,3,1,5,6,1,19,4,1229,1,16,VAUXHALL CORSA,8,E01030347,0,-1
2020137C60062,2020,137C60062,4,9,0,2,2,0,0,0,0,0,0,0,0,0,4,1,6,6,3,-1,-1,1229,1,5,VAUXHALL CORSA,-1,-1,0,-1
202006K368708,2020,06K368708,1,9,0,13,13,3,7,0,0,8,0,0,0,0,1,1,6,6,1,33,6,1398,1,4,VAUXHALL CORSA,2,E01003553,0,-1
2020370948366,2020,370948366,1,9,0,5,5,3,7,0,0,0,0,0,0,0,3,1,1,1,2,30,6,1229,1,6,VAUXHALL CORSA,8,E01026439,0,-1
2020010236072,2020,010236072,1,9,0,18,19,3,7,0,0,0,0,0,0,0,3,9,6,6,2,21,5,1229,1,12,VAUXHALL CORSA,-1,-1,0,-1
2020991005656,2020,991005656,1,9,0,18,19,7,3,0,0,0,2,0,0,0,1,1,2,2,2,23,5,1248,2,8,VAUXHALL CORSA,6,-1,0,-1
2020332000265,2020,332000265,1,9,0,18,19,4,8,0,0,0,0,0,0,0,1,1,6,6,1,28,6,1398,7,1,VAUXHALL CORSA,-1,-1,0,-1
2020137641212,2020,137641212,1,9,0,18,19,5,1,0,0,0,0,0,0,0,1,1,6,6,1,18,4,1364,1,11,VAUXHALL CORSA,8,E01011930,0,-1
2020010263078,2020,010263078,2,9,0,99,99,9,9,99,99,9,9,99,9,99,1,9,6,6,3,26,6,1229,1,11,VAUXHALL CORSA,3,E01000132,0,-1
2020010242746,2020,010242746,1,9,0,3,3,5,1,0,0,5,0,0,0,0,3,1,6,6,1,51,8,1248,2,13,VAUXHALL CORSA,-1,-1,0,-1
2020010267958,2020,010267958,2,9,0,18,19,6,2,0,0,0,0,0,0,0,4,1,6,6,2,53,8,1398,1,1,VAUXHALL CORSA,4,E01000625,0,-1
2020140932002,2020,140932002,1,9,0,18,19,2,7,0,0,8,5,0,0,0,1,1,6,6,2,28,6,1229,1,8,VAUXHALL CORSA,10,E01007619,0,-1
2020430017344,2020,430017344,1,9,0,18,19,6,2,0,0,4,0,10,1,2,1,1,6,6,1,19,4,1398,1,5,VAUXHALL CORSA,5,E01016280,0,-1
2020070580469,2020,070580469,1,9,0,16,19,5,1,0,0,0,1,0,8,4,1,1,6,6,1,24,5,1398,1,4,VAUXHALL CORSA,-1,-1,0,-1
20201371C1313,2020,1371C1313,1,9,0,18,19,1,5,0,0,0,0,0,8,6,1,1,6,6,1,27,6,1364,1,12,VAUXHALL CORSA,7,E01028007,0,-1
2020461003930,2020,461003930,1,9,0,18,19,2,6,0,0,1,0,0,0,0,3,1,6,6,2,18,4,1199,1,16,VAUXHALL CORSA,8,E01024642,0,-1
2020400954840,2020,400954840,1,9,0,18,19,8,4,0,0,4,5,9,4,1,1,1,6,6,1,35,6,-1,-1,-1,VAUXHALL CORSA,4,E01027059,0,-1
2020040974299,2020,040974299,1,9,0,9,9,8,6,0,0,8,0,0,0,0,3,1,5,6,2,53,8,1364,1,11,VAUXHALL CORSA,1,E01025224,0,-1
2020010267022,2020,010267022,1,9,0,7,7,5,7,0,0,7,0,0,0,0,3,1,6,6,1,22,5,1398,1,5,VAUXHALL CORSA,-1,-1,0,-1
2020137B10715,2020,137B10715,1,9,0,16,19,7,3,0,0,0,1,0,8,11,1,1,1,1,1,19,4,1248,2,9,VAUXHALL CORSA,1,E01010702,0,-1
2020040954927,2020,040954927,1,9,0,17,19,3,1,0,0,0,2,0,7,9,1,1,5,6,2,18,4,1229,1,11,VAUXHALL CORSA,2,E01025529,0,-1
2020460984888,2020,460984888,2,9,0,2,2,0,0,0,0,0,0,0,0,0,2,1,2,2,1,32,6,1229,1,15,VAUXHALL CORSA,5,E01016157,0,-1
2020420975040,2020,420975040,1,9,0,18,19,3,7,0,0,0,0,0,0,0,1,1,6,6,1,19,4,1398,1,4,VAUXHALL CORSA,8,E01033610,0,-1
2020010255472,2020,010255472,1,9,0,99,99,9,9,99,99,9,9,99,9,99,3,9,6,6,2,24,5,1398,1,5,VAUXHALL CORSA,2,E01003924,0,-1
2020010270904,2020,010270904,2,9,0,18,19,7,3,0,0,1,0,0,0,0,4,9,6,6,3,-1,-1,1199,1,0,VAUXHALL CORSA,-1,-1,0,-1
2020010282142,2020,010282142,1,9,0,9,9,5,3,4,4,8,0,0,0,0,1,1,6,6,1,21,5,1248,2,10,VAUXHALL CORSA,2,E01003137,0,-1
202063C066520,2020,63C066520,1,9,0,16,19,2,5,0,0,0,0,0,8,10,3,1,6,6,2,19,4,1229,1,14,VAUXHALL CORSA,6,W01000575,0,-1
2020070040266,2020,070040266,1,9,0,18,19,8,4,0,0,2,0,11,7,10,1,1,2,2,1,56,9,1199,1,20,VAUXHALL CORSA,8,E01018558,0,-1
202006G169120,2020,06G169120,1,9,0,18,19,5,1,0,0,2,0,0,0,0,3,1,6,6,2,68,10,1248,2,6,VAUXHALL CORSA,7,E01006063,0,-1
2020140922765,2020,140922765,1,9,0,18,19,1,5,0,0,1,0,10,0,0,1,1,6,6,1,46,8,1199,1,16,VAUXHALL CORSA,2,E01007717,0,-1
2020010286811,2020,010286811,2,9,0,99,99,9,9,99,99,9,9,99,9,99,1,9,6,6,3,-1,-1,1229,1,8,VAUXHALL CORSA,-1,-1,0,-1
2020470986773,2020,470986773,1,9,0,18,19,6,2,0,0,0,1,0,2,7,3,1,5,6,2,26,6,1229,1,8,VAUXHALL CORSA,5,E01031394,0,-1
2020340E02312,2020,340E02312,1,9,0,9,9,3,7,0,0,0,0,0,0,0,3,1,6,6,1,19,4,1398,1,4,VAUXHALL CORSA,2,E01026975,0,-1
2020200940488,2020,200940488,2,9,0,2,2,0,0,0,0,2,0,0,0,0,1,1,6,6,2,66,10,1398,1,4,VAUXHALL CORSA,2,E01009028,0,-1
2020230988211,2020,230988211,1,9,0,7,7,7,2,0,0,6,0,0,0,0,1,1,1,1,1,62,9,1398,1,2,VAUXHALL CORSA,3,E01031332,0,-1
2020010285488,2020,010285488,3,9,0,18,19,3,7,0,0,1,0,1,0,0,1,1,6,6,2,39,7,999,1,4,VAUXHALL CORSA,7,E01000734,0,-1
2020200967590,2020,200967590,2,9,0,18,19,1,5,0,0,0,0,0,0,0,4,1,6,6,1,31,6,1398,1,10,VAUXHALL CORSA,-1,-1,0,-1
2020200979349,2020,200979349,2,9,0,10,10,2,1,0,0,8,0,0,0,0,2,1,6,6,1,29,6,1229,1,15,VAUXHALL CORSA,4,E01009867,0,-1
2020990948860,2020,990948860,1,9,0,18,19,5,1,0,0,0,1,10,1,2,4,1,2,2,1,30,6,1199,1,16,VAUXHALL CORSA,7,-1,0,-1
2020460942001,2020,460942001,1,9,0,18,19,5,1,0,0,0,0,4,0,0,1,1,5,6,1,31,6,1398,1,1,VAUXHALL CORSA,5,E01016029,0,-1
2020351013258,2020,351013258,1,9,0,1,1,2,1,0,0,2,0,0,0,0,4,1,5,6,1,26,6,1229,1,8,VAUXHALL CORSA,7,E01017965,0,-1
2020010280512,2020,010280512,2,9,0,99,99,9,9,99,99,9,9,99,9,99,9,1,6,6,3,-1,-1,1398,1,1,VAUXHALL CORSA,3,E01016012,0,-1
2020420988249,2020,420988249,1,9,0,13,13,7,7,0,0,0,2,0,1,10,1,1,1,1,1,23,5,1229,1,12,VAUXHALL CORSA,3,E01000035,0,-1
2020460978094,2020,460978094,1,9,0,12,12,7,3,0,0,0,1,0,1,4,3,1,1,1,1,27,6,1364,1,12,VAUXHALL CORSA,2,E01024664,0,-1
2020160967697,2020,160967697,2,9,0,4,4,1,5,0,0,4,0,0,0,0,2,1,5,6,2,35,6,1229,1,13,VAUXHALL CORSA,3,E01013310,0,-1
2020122100171,2020,122100171,1,9,0,16,19,2,8,0,0,0,0,0,7,11,1,1,6,6,2,44,7,1229,1,15,VAUXHALL CORSA,7,E01027616,0,-1
2020010237649,2020,010237649,2,9,0,18,19,9,9,0,0,1,9,0,0,99,1,9,6,6,3,-1,-1,1229,1,14,VAUXHALL CORSA,-1,-1,0,-1
2020440245553,2020,440245553,2,9,0,18,19,6,2,0,0,8,0,0,0,0,1,1,6,6,1,21,5,1598,1,12,VAUXHALL CORSA,6,E01023284,0,-1
2020010274533,2020,010274533,1,9,0,18,19,1,5,0,0,8,0,0,0,0,3,1,6,6,2,57,9,1398,1,5,VAUXHALL CORSA,3,E01001884,0,-1
2020010285124,2020,010285124,1,9,0,99,99,9,9,99,99,9,9,99,9,99,1,9,6,6,2,28,6,1229,1,8,VAUXHALL CORSA,2,E01002076,0,-1
2020040917571,2020,040917571,2,9,0,18,19,5,1,0,0,1,0,0,0,0,3,1,5,6,2,21,5,1229,1,12,VAUXHALL CORSA,2,E01025059,0,-1
2020160946666,2020,160946666,1,9,0,18,19,6,6,0,0,0,0,10,1,11,4,1,6,6,1,26,6,1199,1,18,VAUXHALL CORSA,6,E01013334,0,-1
2020010264871,2020,010264871,1,9,0,18,19,1,5,0,0,1,0,0,0,0,1,1,6,6,1,32,6,1229,1,11,VAUXHALL CORSA,4,E01003056,0,-1
2020010232281,2020,010232281,2,9,0,18,19,1,5,0,0,6,0,0,0,0,1,1,6,6,2,18,4,1364,1,11,VAUXHALL CORSA,8,E01003446,0,-1
2020010245940,2020,010245940,1,9,0,10,10,7,4,0,0,4,0,0,0,0,1,1,6,6,1,24,5,1364,1,14,VAUXHALL CORSA,2,E01001246,0,-1
2020122001029,2020,122001029,2,9,0,18,19,2,5,0,0,8,0,0,0,0,2,1,6,6,1,19,4,1229,1,10,VAUXHALL CORSA,6,E01025863,0,-1
2020450939927,2020,450939927,3,9,0,18,19,1,5,0,0,0,0,0,0,0,1,1,6,6,1,28,6,1229,1,5,VAUXHALL CORSA,9,E01030890,0,-1
2020350944841,2020,350944841,3,9,0,18,19,5,1,0,0,0,0,0,0,0,1,1,6,6,2,67,10,1229,1,12,VAUXHALL CORSA,7,E01018294,0,-1
2020160953421,2020,160953421,1,9,0,16,19,6,2,0,0,0,5,0,8,9,1,1,6,6,1,18,4,1248,2,12,VAUXHALL CORSA,1,E01013212,0,-1
2020400987479,2020,400987479,2,9,0,7,7,3,7,0,0,5,0,0,0,0,3,1,6,6,2,43,7,1364,1,2,VAUXHALL CORSA,7,E01017564,0,-1
2020200949811,2020,200949811,1,9,0,18,19,1,6,0,0,8,0,9,0,0,4,1,1,1,2,41,7,1364,1,14,VAUXHALL CORSA,2,E01009758,0,-1
2020552000984,2020,552000984,2,9,0,16,19,7,3,0,0,4,0,0,0,0,2,1,2,2,2,30,6,1248,2,7,VAUXHALL CORSA,3,E01015294,0,-1
2020010246436,2020,010246436,2,9,0,99,99,9,9,99,99,0,9,99,9,99,1,1,6,6,3,-1,-1,1364,1,13,VAUXHALL CORSA,-1,-1,0,-1
2020400987765,2020,400987765,1,9,0,16,19,3,7,0,0,0,2,10,0,0,1,1,5,6,1,27,6,1229,1,14,VAUXHALL CORSA,9,E01023612,0,-1
2020200934971,2020,200934971,2,9,0,18,19,1,5,0,0,8,0,0,0,0,1,1,6,6,3,-1,-1,1229,1,13,VAUXHALL CORSA,-1,-1,0,-1
2020430323553,2020,430323553,2,9,0,1,1,7,3,0,0,6,0,0,0,0,3,1,6,6,3,-1,-1,1364,1,11,VAUXHALL CORSA,-1,-1,0,-1
202006Q175151,2020,06Q175151,2,9,0,18,19,2,6,0,0,4,0,0,0,0,1,1,6,6,1,-1,-1,1248,2,15,VAUXHALL CORSA,1,E01005349,0,-1
2020400983648,2020,400983648,1,9,0,18,19,5,1,0,0,0,0,0,0,0,3,1,6,6,1,20,4,1398,1,4,VAUXHALL CORSA,2,E01015725,0,-1
2020470926894,2020,470926894,2,9,0,18,19,6,1,0,0,1,0,0,0,0,2,1,2,2,1,55,8,1248,2,10,VAUXHALL CORSA,3,E01021122,0,-1
2020440449866,2020,440449866,1,9,0,9,9,6,4,0,0,8,0,0,0,0,3,1,6,6,2,45,7,998,1,12,VAUXHALL CORSA,4,E01022568,0,-1
202006J273254,2020,06J273254,2,9,0,9,9,7,5,0,0,8,0,0,0,0,3,1,6,6,2,19,4,1229,1,9,VAUXHALL CORSA,5,E01005879,0,-1
2020201000229,2020,201000229,1,9,0,18,19,2,5,0,0,0,2,10,8,0,1,1,6,6,1,23,5,1199,1,17,VAUXHALL CORSA,3,E01009441,0,-1
2020010236632,2020,010236632,3,9,0,18,19,1,5,0,0,9,0,0,0,0,2,9,6,6,1,20,4,1199,1,17,VAUXHALL CORSA,2,E01001460,0,-1
2020170H10920,2020,170H10920,1,9,0,8,8,3,5,0,0,1,0,0,0,0,2,1,6,6,2,52,8,1229,1,8,VAUXHALL CORSA,4,E01027706,0,-1
2020230971519,2020,230971519,2,9,0,18,19,2,6,0,0,0,0,0,0,0,1,1,5,6,2,63,9,1229,1,8,VAUXHALL CORSA,5,E01031088,0,-1
2020350988854,2020,350988854,1,9,0,9,9,1,5,0,0,8,0,0,0,0,4,1,5,6,1,26,6,1248,2,12,VAUXHALL CORSA,5,E01015591,0,-1
2020010270300,2020,010270300,3,9,0,2,2,0,0,0,0,0,0,0,0,0,4,1,6,6,3,-1,-1,1229,1,15,VAUXHALL CORSA,-1,-1,0,-1
2020540912720,2020,540912720,1,9,0,9,9,8,4,0,0,1,0,0,0,0,1,1,6,6,2,76,11,998,1,15,VAUXHALL CORSA,6,E01032085,0,-1
2020200952283,2020,200952283,1,9,0,9,9,1,5,0,0,2,0,0,0,0,4,1,1,1,1,21,5,998,1,10,VAUXHALL CORSA,2,E01010258,0,-1
2020450947298,2020,450947298,1,9,0,18,19,1,3,0,0,3,0,0,0,0,1,1,5,6,2,48,8,1229,1,15,VAUXHALL CORSA,5,E01030719,0,-1
2020990970938,2020,990970938,2,9,0,18,19,3,7,0,0,0,0,0,0,0,1,1,6,6,1,19,4,1229,1,11,VAUXHALL CORSA,9,-1,0,-1
2020461010832,2020,461010832,2,9,0,18,19,4,8,0,0,8,0,0,0,0,4,1,6,6,2,19,4,1229,1,12,VAUXHALL CORSA,7,E01024447,0,-1
2020500942544,2020,500942544,1,9,0,18,19,7,3,0,0,0,0,0,7,0,1,1,5,6,2,18,4,1248,2,8,VAUXHALL CORSA,3,E01019028,0,-1
2020460950415,2020,460950415,2,9,0,4,4,1,5,0,0,0,0,0,0,0,2,1,6,6,2,23,5,1364,1,13,VAUXHALL CORSA,2,E01004007,0,-1
2020440469985,2020,440469985,2,9,0,3,3,4,8,0,0,0,0,0,0,0,2,1,6,6,1,65,9,1398,1,2,VAUXHALL CORSA,4,E01022973,0,-1
2020460948180,2020,460948180,1,9,0,14,14,1,5,0,0,2,0,0,0,0,3,1,6,6,3,-1,-1,1364,1,11,VAUXHALL CORSA,-1,-1,0,-1
202031A108720,2020,31A108720,3,9,0,2,2,0,0,0,0,0,0,0,0,0,3,1,6,6,3,-1,-1,1229,1,6,VAUXHALL CORSA,-1,-1,0,-1
2020420936671,2020,420936671,2,9,0,17,19,6,2,0,0,0,0,0,0,0,2,1,5,6,2,58,9,1398,1,1,VAUXHALL CORSA,6,E01021404,0,-1
2020461002064,2020,461002064,2,9,0,18,19,8,4,0,0,8,0,0,0,0,4,1,6,6,1,24,5,1229,1,6,VAUXHALL CORSA,2,E01024247,0,-1
2020137670838,2020,137670838,1,9,0,10,10,3,1,0,0,1,0,0,0,0,1,1,6,6,2,43,7,1229,1,8,VAUXHALL CORSA,8,E01011191,0,-1
2020400936822,2020,400936822,2,9,0,18,19,2,6,0,0,0,0,0,0,0,1,1,6,6,2,25,5,1398,1,10,VAUXHALL CORSA,10,E01017560,0,-1
2020220971479,2020,220971479,3,9,0,4,4,6,2,0,0,1,0,0,0,0,2,1,5,6,1,45,7,1248,2,5,VAUXHALL CORSA,2,E01032453,0,-1
2020010242811,2020,010242811,1,9,0,18,19,3,7,0,0,0,0,0,0,0,9,1,6,6,2,39,7,1229,1,7,VAUXHALL CORSA,2,E01003239,0,-1
2020010245265,2020,010245265,1,9,0,99,99,9,9,99,99,9,9,99,9,99,1,9,6,6,1,30,6,1398,1,9,VAUXHALL CORSA,1,E01004285,0,-1
2020460931834,2020,460931834,3,9,0,3,3,7,3,0,0,1,0,0,0,0,2,1,5,6,2,31,6,1248,2,10,VAUXHALL CORSA,4,E01024742,0,-1
2020350975687,2020,350975687,1,9,0,16,19,6,2,0,0,0,0,0,7,3,3,1,3,7,2,29,6,1248,2,13,VAUXHALL CORSA,5,E01018233,0,-1
2020400962815,2020,400962815,2,9,0,4,4,7,3,0,0,1,0,0,0,0,2,1,6,6,2,23,5,998,1,13,VAUXHALL CORSA,2,E01015759,0,-1
2020450998367,2020,450998367,1,9,0,2,2,7,3,0,0,8,0,0,0,0,2,1,5,6,2,58,9,1229,1,5,VAUXHALL CORSA,10,E01030774,0,-1
2020010255450,2020,010255450,2,9,0,99,99,9,9,99,99,9,9,99,9,99,9,9,6,6,3,-1,-1,1398,1,2,VAUXHALL CORSA,-1,-1,0,-1
2020991001917,2020,991001917,2,9,0,8,8,2,6,0,0,4,0,0,0,0,2,1,2,2,2,31,6,1199,1,0,VAUXHALL CORSA,8,-1,0,-1
20201376O1767,2020,1376O1767,2,9,0,18,19,1,6,0,0,8,0,0,0,0,2,1,6,6,2,38,7,1398,1,5,VAUXHALL CORSA,4,E01010741,0,-1
2020052000374,2020,052000374,2,9,0,3,3,5,1,0,0,0,0,0,0,0,2,1,6,6,1,32,6,1362,1,6,VAUXHALL CORSA,4,E01006584,0,-1
2020010249390,2020,010249390,1,9,0,9,9,1,7,0,0,1,0,0,0,0,1,1,6,6,1,81,11,1389,1,19,VAUXHALL CORSA,8,E01003827,0,-1
2020430368824,2020,430368824,6,9,0,18,19,8,4,0,0,0,0,0,0,0,2,1,6,6,1,-1,-1,1389,1,19,VAUXHALL CORSA,-1,-1,0,-1
20201378G0928,2020,1378G0928,2,9,0,18,19,3,7,0,0,0,1,10,5,10,1,1,6,6,1,20,4,1248,2,10,VAUXHALL CORSA,9,E01027555,0,-1
2020320603793,2020,320603793,1,9,0,18,19,1,5,0,0,2,0,0,0,0,1,1,6,6,2,60,9,1398,1,5,VAUXHALL CORSA,-1,-1,0,-1
2020010240339,2020,010240339,1,9,0,17,19,1,5,0,0,1,0,0,0,0,1,1,2,2,2,21,5,1229,1,7,VAUXHALL CORSA,10,E01000357,0,-1
2020461012709,2020,461012709,2,9,0,18,19,5,1,0,0,8,0,0,0,0,1,1,6,6,2,20,4,1248,2,8,VAUXHALL CORSA,4,E01016115,0,-1
2020320452199,2020,320452199,1,9,0,16,19,1,5,0,0,8,0,0,0,0,1,1,6,6,1,24,5,1364,1,4,VAUXHALL CORSA,1,E01026126,0,-1