collision_index,collision_year,collision_ref_no,vehicle_reference,vehicle_type,towing_and_articulation,vehicle_manoeuvre_historic,vehicle_manoeuvre,vehicle_direction_from,vehicle_direction_to,vehicle_location_restricted_lane_historic,vehicle_location_restricted_lane,junction_location,skidding_and_overturning,hit_object_in_carriageway,vehicle_leaving_carriageway,hit_object_off_carriageway,first_point_of_impact,vehicle_left_hand_drive,journey_purpose_of_driver_historic,journey_purpose_of_driver,sex_of_driver,age_of_driver,age_band_of_driver,engine_capacity_cc,propulsion_code,age_of_vehicle,generic_make_model,driver_imd_decile,lsoa_of_driver,escooter_flag,driver_distance_banding
2020200929959,2020,200929959,1,9,0,9,9,4,2,0,0,5,0,0,0,0,1,1,6,6,1,40,7,1398,1,4,VAUXHALL CORSA,2,E01009944,0,-1
2020070523935,2020,070523935,2,9,0,18,19,5,1,0,0,8,0,0,0,0,1,1,6,6,1,32,6,1229,1,9,VAUXHALL CORSA,-1,-1,0,-1
2020210948138,2020,210948138,1,9,0,17,19,7,3,0,0,0,0,0,0,0,1,1,6,6,1,19,4,1229,1,11,VAUXHALL CORSA,6,E01029371,0,-1
2020340D03842,2020,340D03842,1,9,0,18,19,1,5,0,0,0,0,0,1,0,0,1,6,6,2,36,7,1248,2,8,VAUXHALL CORSA,4,E01003608,0,-1
2020010256091,2020,010256091,1,9,0,7,7,4,7,0,0,5,0,0,0,0,4,1,6,6,1,21,5,1229,1,12,VAUXHALL CORSA,2,E01003024,0,-1
2020122100092,2020,122100092,2,9,0,3,3,7,3,0,0,0,0,0,0,0,2,1,6,6,1,71,10,1229,1,8,VAUXHALL CORSA,6,E01027834,0,-1
2020991004222,2020,991004222,2,9,0,3,3,7,3,0,0,0,0,0,0,0,2,1,5,6,2,27,6,1229,1,7,VAUXHALL CORSA,1,-1,0,-1
2020350984649,2020,350984649,2,9,-1,-1,-1,-1,-1,-1,-1,0,-1,-1,-1,0,-1,1,5,6,2,19,4,1229,1,8,VAUXHALL CORSA,8,E01018003,0,-1
2020200962973,2020,200962973,2,9,0,18,19,1,5,0,0,8,0,0,0,0,1,1,6,6,1,-1,-1,973,1,22,VAUXHALL CORSA,-1,-1,0,-1
2020010246193,2020,010246193,1,9,0,18,19,7,3,0,0,1,0,0,0,0,1,1,6,6,1,34,6,1398,1,3,VAUXHALL CORSA,6,E01002544,0,-1
202006L268385,2020,06L268385,2,9,0,5,5,8,4,0,0,8,0,0,0,0,3,1,6,6,1,30,6,1398,1,4,VAUXHALL CORSA,8,E01006224,0,-1
2020100984412,2020,100984412,1,9,0,3,3,5,1,0,0,0,1,0,0,0,2,1,1,1,1,61,9,1199,1,0,VAUXHALL CORSA,4,E01008536,0,-1
2020410971013,2020,410971013,2,9,0,2,2,0,0,6,6,0,0,0,0,0,2,1,6,6,1,26,6,1229,1,7,VAUXHALL CORSA,8,E01000393,0,-1
2020201024087,2020,201024087,1,9,0,18,19,4,2,0,0,2,0,10,1,2,1,1,6,6,1,43,7,1229,1,11,VAUXHALL CORSA,3,E01009220,0,-1
2020110919126,2020,110919126,1,9,0,17,19,5,2,0,0,0,0,0,0,0,1,1,6,6,2,18,4,1229,1,12,VAUXHALL CORSA,8,E01020659,0,-1
2020100937717,2020,100937717,1,9,0,16,19,7,3,0,0,1,0,0,2,0,1,1,6,6,1,54,8,1364,1,14,VAUXHALL CORSA,4,E01008162,0,-1
2020111002974,2020,111002974,2,9,0,4,4,1,3,0,0,4,0,0,0,0,2,1,6,6,2,44,7,1229,1,5,VAUXHALL CORSA,7,E01020720,0,-1
2020010272014,2020,010272014,1,9,0,9,9,4,2,0,0,2,0,0,0,0,0,2,1,1,2,50,8,-1,-1,-1,VAUXHALL CORSA,-1,-1,0,-1
2020010248123,2020,010248123,2,9,0,7,7,7,1,0,0,8,9,99,9,99,9,9,6,6,1,-1,-1,1398,1,2,VAUXHALL CORSA,-1,-1,0,-1
2020010275690,2020,010275690,1,9,0,3,3,1,5,0,0,2,0,0,0,0,4,1,6,6,2,22,5,1398,1,2,VAUXHALL CORSA,6,E01002570,0,-1
2020430158535,2020,430158535,1,9,0,17,19,3,1,0,0,0,0,0,0,0,1,1,2,2,1,20,4,1398,1,2,VAUXHALL CORSA,7,E01017925,0,-1
2020100920694,2020,100920694,2,9,0,18,19,7,3,0,0,8,0,0,0,0,1,1,5,6,2,24,5,1199,1,16,VAUXHALL CORSA,-1,-1,0,-1
2020140962500,2020,140962500,1,9,0,18,19,6,2,0,0,0,0,0,0,0,1,1,1,1,1,49,8,1229,1,12,VAUXHALL CORSA,6,E01007835,0,-1
2020420966077,2020,420966077,1,9,0,18,19,1,5,0,0,0,0,4,0,0,4,1,5,6,1,23,5,1389,1,14,VAUXHALL CORSA,9,E01021512,0,-1
2020552100085,2020,552100085,1,9,0,9,9,6,4,0,0,5,0,0,0,0,4,1,6,6,2,31,6,1229,1,14,VAUXHALL CORSA,3,E01015294,0,-1
2020040931944,2020,040931944,1,9,0,16,19,3,7,0,0,1,0,0,0,0,1,1,5,6,2,22,5,1398,1,2,VAUXHALL CORSA,3,E01012726,0,-1
2020460959502,2020,460959502,1,9,0,4,4,3,7,0,0,0,0,0,0,0,1,1,6,6,1,23,5,1248,2,13,VAUXHALL CORSA,4,E01024179,0,-1
202063C083520,2020,63C083520,2,9,0,4,4,6,2,0,0,0,0,0,0,0,2,1,6,6,2,29,6,1229,1,10,VAUXHALL CORSA,7,W01000573,0,-1
2020200988345,2020,200988345,2,9,0,18,19,2,6,0,0,8,0,10,1,0,3,1,6,6,1,20,4,1364,1,12,VAUXHALL CORSA,8,E01020054,0,-1
2020200989923,2020,200989923,1,9,0,18,19,7,2,0,0,4,0,0,0,0,1,1,6,6,1,68,10,1248,2,11,VAUXHALL CORSA,2,E01009623,0,-1
2020010241320,2020,010241320,2,9,0,9,9,7,5,0,0,1,9,0,0,99,3,1,6,6,2,-1,-1,1229,1,9,VAUXHALL CORSA,8,E01004502,0,-1
2020200985951,2020,200985951,1,9,0,18,19,4,8,0,0,0,1,0,1,6,3,1,5,6,1,21,5,1248,2,7,VAUXHALL CORSA,6,E01004372,0,-1
2020430303633,2020,430303633,1,9,0,9,9,5,3,0,0,4,0,0,0,0,1,1,2,2,1,24,5,998,1,8,VAUXHALL CORSA,10,E01017870,0,-1
2020420970870,2020,420970870,1,9,0,18,19,3,7,0,0,6,0,0,0,0,1,1,5,6,1,29,6,1229,1,15,VAUXHALL CORSA,3,E01001190,0,-1
2020991011248,2020,991011248,1,9,0,18,19,2,6,0,0,0,0,0,0,0,1,1,5,6,1,42,7,1248,2,10,VAUXHALL CORSA,-1,-1,0,-1
2020122100065,2020,122100065,1,9,0,4,4,5,1,0,0,1,0,0,0,0,4,1,1,1,2,42,7,998,1,6,VAUXHALL CORSA,10,E01027901,0,-1
2020230953969,2020,230953969,1,9,0,18,19,3,7,0,0,0,0,0,0,0,1,1,5,6,2,19,4,1398,1,8,VAUXHALL CORSA,1,E01009363,0,-1
2020460975296,2020,460975296,1,9,0,17,19,7,5,0,0,0,1,0,1,9,1,1,6,6,2,18,4,1229,1,13,VAUXHALL CORSA,6,E01023987,0,-1
2020522004424,2020,522004424,1,9,0,18,19,6,2,0,0,0,0,0,0,0,1,1,6,6,2,19,4,1248,2,5,VAUXHALL CORSA,3,E01014579,0,-1
2020201020947,2020,201020947,1,9,0,18,19,2,6,0,0,4,0,0,0,0,1,1,1,1,1,52,8,1199,1,18,VAUXHALL CORSA,1,E01009134,0,-1
2020522004947,2020,522004947,1,9,0,7,7,1,3,0,0,4,0,0,0,0,1,1,6,6,2,21,5,1229,1,13,VAUXHALL CORSA,8,E01014771,0,-1
2020990948891,2020,990948891,1,9,0,18,19,7,3,0,0,0,0,0,0,0,1,1,5,6,1,78,11,1248,2,7,VAUXHALL CORSA,5,-1,0,-1
2020320630858,2020,320630858,1,9,0,18,19,1,4,0,0,0,1,0,1,4,4,1,6,6,1,28,6,1229,1,15,VAUXHALL CORSA,7,E01026257,0,-1
2020430136259,2020,430136259,1,9,0,17,19,2,7,0,0,0,0,4,0,0,1,1,6,6,1,30,6,1199,1,18,VAUXHALL CORSA,8,E01017838,0,-1
2020010267657,2020,010267657,2,9,0,99,99,9,9,99,99,9,9,99,9,99,9,9,6,6,3,20,4,1364,1,12,VAUXHALL CORSA,3,E01004212,0,-1
2020010240093,2020,010240093,1,9,0,18,19,5,1,0,0,1,0,10,7,11,1,1,2,2,1,21,5,1398,1,4,VAUXHALL CORSA,2,E01003351,0,-1
2020990960314,2020,990960314,1,9,0,17,19,4,8,0,0,0,2,0,7,0,1,2,5,6,1,21,5,998,1,14,VAUXHALL CORSA,7,-1,0,-1
2020351011860,2020,351011860,1,9,0,4,4,7,3,0,0,1,1,0,3,0,1,1,5,6,1,29,6,1398,1,5,VAUXHALL CORSA,10,E01026303,0,-1
2020302001339,2020,302001339,2,9,0,4,4,1,5,0,0,1,0,0,0,0,2,1,6,6,2,31,6,1364,1,14,VAUXHALL CORSA,6,E01019669,0,-1
2020320481173,2020,320481173,1,9,0,18,19,7,3,0,0,0,2,0,7,0,1,1,6,6,1,21,5,1229,1,13,VAUXHALL CORSA,6,E01026329,0,-1
2020400935583,2020,400935583,2,9,0,8,8,2,4,0,0,1,0,0,0,0,2,1,6,6,1,54,8,1229,1,6,VAUXHALL CORSA,10,E01033189,0,-1
2020010235082,2020,010235082,1,9,0,99,99,9,9,99,99,0,9,99,9,99,4,9,6,6,2,30,6,1364,1,11,VAUXHALL CORSA,6,E01000981,0,-1
2020010269588,2020,010269588,2,9,0,10,10,2,8,0,0,8,0,0,0,0,1,1,6,6,1,23,5,1229,1,11,VAUXHALL CORSA,4,E01001182,0,-1
2020460996192,2020,460996192,2,9,0,9,9,1,5,0,0,6,0,0,0,0,1,1,2,2,1,51,8,1248,2,5,VAUXHALL CORSA,1,E01024660,0,-1
2020420925199,2020,420925199,2,9,0,4,4,1,5,0,0,0,0,0,0,0,2,1,6,6,1,79,11,1398,1,3,VAUXHALL CORSA,9,E01021893,0,-1
2020622000962,2020,622000962,2,9,0,17,19,4,8,0,0,8,0,0,0,0,1,1,6,6,1,40,7,1398,1,3,VAUXHALL CORSA,2,W01000788,0,-1
2020990986685,2020,990986685,1,9,0,18,19,7,3,0,0,0,0,0,0,0,1,1,6,6,2,51,8,1229,1,5,VAUXHALL CORSA,9,-1,0,-1
2020302000252,2020,302000252,3,9,0,2,2,0,0,0,0,0,0,0,0,0,2,1,6,6,3,-1,-1,1398,1,1,VAUXHALL CORSA,-1,-1,0,-1
2020460974958,2020,460974958,1,9,0,18,19,4,8,0,0,0,1,0,0,0,4,1,5,6,2,19,4,1199,1,16,VAUXHALL CORSA,8,E01001596,0,-1
2020010229866,2020,010229866,1,9,0,18,19,3,7,0,0,2,0,10,7,1,3,1,6,6,1,32,6,1229,1,8,VAUXHALL CORSA,2,E01001621,0,-1
2020200983740,2020,200983740,1,9,0,18,19,6,2,0,0,0,0,0,0,0,1,1,6,6,2,33,6,1398,1,10,VAUXHALL CORSA,1,E01010031,0,-1
2020052000313,2020,052000313,1,9,0,9,9,7,3,0,0,6,0,0,0,0,3,1,6,6,2,28,6,1229,1,7,VAUXHALL CORSA,8,E01018345,0,-1
2020010282182,2020,010282182,1,9,0,5,5,5,1,0,0,0,0,0,0,0,2,1,6,6,1,54,8,1398,1,8,VAUXHALL CORSA,7,E01002424,0,-1
2020470958553,2020,470958553,1,9,0,16,19,5,2,0,0,0,1,0,2,10,1,1,5,6,2,32,6,1398,1,6,VAUXHALL CORSA,1,E01021005,0,-1
2020010275338,2020,010275338,2,9,0,9,9,1,6,0,0,2,0,0,0,0,1,1,6,6,2,23,5,1229,1,9,VAUXHALL CORSA,3,E01000464,0,-1
2020170M11150,2020,170M11150,2,9,0,18,19,2,6,0,0,0,0,0,1,7,3,1,2,2,1,22,5,1364,1,13,VAUXHALL CORSA,7,E01027617,0,-1
2020530964107,2020,530964107,2,9,0,18,19,4,1,0,0,3,0,0,0,0,4,1,6,6,2,45,7,1229,1,8,VAUXHALL CORSA,7,E01022373,0,-1
2020010245515,2020,010245515,1,9,0,18,19,3,7,0,0,0,0,0,0,0,1,1,6,6,1,20,4,1229,1,10,VAUXHALL CORSA,8,E01000447,0,-1
2020010284711,2020,010284711,2,9,0,18,19,1,5,0,0,1,1,0,0,0,3,1,6,6,1,19,4,1229,1,14,VAUXHALL CORSA,-1,-1,0,-1
2020450950192,2020,450950192,1,9,0,18,19,3,7,0,0,0,2,0,0,0,1,1,5,6,1,20,4,-1,-1,-1,VAUXHALL CORSA,4,E01024111,0,-1
2020030924022,2020,030924022,2,9,0,6,6,5,1,0,0,0,0,0,0,0,1,1,6,6,1,31,6,1364,1,2,VAUXHALL CORSA,10,E01019347,0,-1
2020440477517,2020,440477517,1,9,0,18,19,2,6,0,0,8,1,0,0,0,1,1,6,6,1,28,6,1248,2,10,VAUXHALL CORSA,5,E01022781,0,-1
2020440356283,2020,440356283,1,9,0,9,9,8,5,0,0,8,0,0,0,0,1,1,2,2,1,28,6,1796,1,14,VAUXHALL CORSA,-1,-1,0,-1
202031C011020,2020,31C011020,1,9,0,7,7,3,4,0,0,6,0,0,0,0,3,1,1,1,2,34,6,1364,1,14,VAUXHALL CORSA,1,E01013821,0,-1
2020552000311,2020,552000311,1,9,0,18,19,1,5,0,0,8,0,0,0,0,1,1,2,2,2,22,5,1229,1,9,VAUXHALL CORSA,8,E01015389,0,-1
2020010266561,2020,010266561,1,9,0,11,11,3,7,2,2,0,0,0,0,0,4,1,2,2,2,27,6,1229,1,9,VAUXHALL CORSA,1,E01002082,0,-1
2020471004237,2020,471004237,2,9,0,17,19,7,5,0,0,0,0,0,0,0,1,1,5,6,1,30,6,1398,1,10,VAUXHALL CORSA,10,E01031822,0,-1
2020622000862,2020,622000862,7,9,0,2,2,0,0,0,0,0,0,0,0,0,3,1,6,6,3,-1,-1,1248,2,5,VAUXHALL CORSA,-1,-1,0,-1
2020440031258,2020,440031258,3,9,0,18,19,5,1,0,0,0,0,0,0,0,1,1,6,6,1,17,4,1229,1,10,VAUXHALL CORSA,6,E01023216,0,-1
202063A054820,2020,63A054820,1,9,0,18,19,8,4,9,9,0,0,0,1,10,1,1,6,6,1,22,5,1229,1,5,VAUXHALL CORSA,3,W01000626,0,-1
2020200995871,2020,200995871,2,9,0,10,10,7,5,0,0,1,0,0,0,0,2,1,6,6,1,34,6,1199,1,18,VAUXHALL CORSA,1,E01009173,0,-1
2020200943252,2020,200943252,1,9,0,3,3,2,6,0,0,8,0,0,0,0,4,1,6,6,2,24,5,1199,1,18,VAUXHALL CORSA,1,E01009212,0,-1
2020622000323,2020,622000323,1,9,0,18,19,2,6,0,0,0,1,0,0,0,1,1,6,6,2,22,5,1248,2,11,VAUXHALL CORSA,1,W01000992,0,-1
2020520100040,2020,520100040,1,9,0,4,4,6,2,0,0,0,0,0,0,0,0,1,6,6,1,41,7,-1,-1,-1,VAUXHALL CORSA,8,E01032630,0,-1
2020500948075,2020,500948075,2,9,0,18,19,8,4,0,0,1,0,0,0,0,4,1,1,1,2,61,9,-1,-1,-1,VAUXHALL CORSA,6,E01020160,0,-1
2020531007704,2020,531007704,1,9,0,18,19,5,1,0,0,0,0,11,0,0,3,1,5,6,2,38,7,1229,1,13,VAUXHALL CORSA,5,E01022334,0,-1
2020440294410,2020,440294410,1,9,0,18,19,1,5,0,0,0,0,0,2,1,1,1,6,6,2,26,6,1229,1,13,VAUXHALL CORSA,6,E01022640,0,-1
2020140933126,2020,140933126,1,9,0,9,9,7,5,0,0,2,0,0,0,0,3,1,5,6,1,17,4,1229,1,9,VAUXHALL CORSA,-1,-1,0,-1
2020040933610,2020,040933610,2,9,0,18,19,3,5,0,0,8,0,0,0,0,1,1,2,2,1,35,6,1248,2,9,VAUXHALL CORSA,2,E01025274,0,-1
2020990988263,2020,990988263,1,9,0,4,4,7,3,0,0,0,0,0,0,0,1,1,1,1,2,19,4,998,1,9,VAUXHALL CORSA,8,-1,0,-1
2020052001806,2020,052001806,2,9,0,18,19,6,2,0,0,8,0,0,0,0,1,1,6,6,1,36,7,1398,1,10,VAUXHALL CORSA,1,E01007277,0,-1
202031D096620,2020,31D096620,2,9,0,18,19,5,1,0,0,8,0,0,0,0,1,1,2,2,2,18,4,1229,1,14,VAUXHALL CORSA,3,E01028153,0,-1
2020410922006,2020,410922006,1,9,0,16,19,5,8,0,0,0,5,0,7,9,1,1,5,6,2,20,4,1248,2,7,VAUXHALL CORSA,7,E01017909,0,-1
2020360983972,2020,360983972,1,9,0,18,19,1,5,0,0,0,0,0,0,0,1,1,5,6,1,22,5,1598,1,6,VAUXHALL CORSA,7,E01030239,0,-1
2020522100677,2020,522100677,1,9,0,18,19,1,5,0,0,0,0,0,0,0,1,1,6,6,1,64,9,1199,1,21,VAUXHALL CORSA,4,E01014570,0,-1
2020450922297,2020,450922297,1,9,0,18,19,8,4,0,0,2,0,0,0,0,1,1,5,6,1,19,4,1398,1,2,VAUXHALL CORSA,5,E01030664,0,-1
2020010270286,2020,010270286,1,9,0,5,5,5,1,0,0,2,0,0,0,0,1,1,6,6,1,50,8,1389,1,15,VAUXHALL CORSA,1,E01001562,0,-1
2020500978914,2020,500978914,1,9,0,18,19,1,5,0,0,1,0,0,0,0,3,1,5,6,2,23,5,1229,1,6,VAUXHALL CORSA,9,E01033234,0,-1
2020522101043,2020,522101043,1,9,0,-1,-1,-1,-1,0,0,0,1,0,0,1,1,1,6,6,2,18,4,998,1,15,VAUXHALL CORSA,9,E01014436,0,-1
2020520100971,2020,520100971,1,9,0,18,19,6,2,0,0,0,2,0,1,10,4,1,6,6,2,24,5,1398,1,9,VAUXHALL CORSA,5,E01029047,0,-1
2020010259884,2020,010259884,2,9,0,18,19,3,7,0,0,1,0,0,0,0,4,1,6,6,1,27,6,1229,1,9,VAUXHALL CORSA,5,E01004549,0,-1
2020991006537,2020,991006537,1,9,0,18,19,8,4,0,0,0,1,0,7,1,4,1,5,6,1,19,4,1364,1,5,VAUXHALL CORSA,6,-1,0,-1
2020170H10440,2020,170H10440,2,9,0,18,19,4,8,0,0,8,0,0,0,0,1,1,6,6,1,25,5,-1,-1,-1,VAUXHALL CORSA,-1,-1,0,-1
2020440275376,2020,440275376,2,9,0,18,19,1,5,0,0,8,0,0,0,0,1,1,6,6,2,52,8,1229,1,7,VAUXHALL CORSA,9,E01022613,0,-1
2020440347344,2020,440347344,1,9,0,1,1,1,5,0,0,0,5,4,0,0,1,1,6,6,1,31,6,1229,1,12,VAUXHALL CORSA,-1,-1,0,-1
202031C005320,2020,31C005320,1,9,0,18,19,2,6,0,0,8,0,0,0,0,1,1,1,1,2,28,6,1364,1,13,VAUXHALL CORSA,1,E01013959,0,-1
2020010260746,2020,010260746,1,9,0,5,5,3,7,0,0,4,0,0,0,0,3,1,6,6,1,18,4,1398,1,5,VAUXHALL CORSA,9,E01003466,0,-1
2020990970583,2020,990970583,1,9,0,18,19,3,7,0,0,2,0,0,0,0,1,1,6,6,2,43,7,998,1,10,VAUXHALL CORSA,1,-1,0,-1
2020420957172,2020,420957172,1,9,0,18,19,1,5,0,0,0,0,0,0,0,1,1,5,6,1,18,4,1229,1,14,VAUXHALL CORSA,7,E01021904,0,-1
2020460938699,2020,460938699,2,9,0,3,3,4,2,0,0,4,0,0,0,0,2,1,5,6,2,23,5,1398,1,2,VAUXHALL CORSA,2,E01024664,0,-1
2020122001142,2020,122001142,3,9,0,3,3,3,7,0,0,1,0,0,0,0,2,1,6,6,2,22,5,1364,1,5,VAUXHALL CORSA,5,E01027610,0,-1
2020420971016,2020,420971016,1,9,0,17,19,3,1,0,0,4,0,0,0,0,3,1,5,6,1,47,8,1398,1,6,VAUXHALL CORSA,2,E01004424,0,-1
2020010242505,2020,010242505,1,9,0,3,3,3,7,0,0,1,0,0,0,0,1,1,6,6,2,24,5,1398,1,2,VAUXHALL CORSA,9,E01016575,0,-1
2020110937468,2020,110937468,1,9,0,18,19,1,5,0,0,8,1,0,1,0,3,1,6,6,1,19,4,1248,2,12,VAUXHALL CORSA,1,E01020775,0,-1
2020460942115,2020,460942115,2,9,0,8,8,3,5,0,0,0,0,0,0,0,1,1,5,6,1,24,5,1199,1,20,VAUXHALL CORSA,9,E01000421,0,-1
2020340N00212,2020,340N00212,1,9,0,18,19,8,4,0,0,0,0,0,0,0,1,1,2,2,2,27,6,1364,1,14,VAUXHALL CORSA,1,E01027153,0,-1
2020200991843,2020,200991843,1,9,0,18,19,6,2,0,0,8,0,0,0,0,1,1,6,6,1,24,5,1248,2,16,VAUXHALL CORSA,2,E01009742,0,-1
2020622001069,2020,622001069,2,9,0,18,19,4,8,0,0,1,0,0,0,0,1,1,6,6,2,21,5,1248,2,10,VAUXHALL CORSA,10,W01000368,0,-1
20201371U0927,2020,1371U0927,3,9,0,18,19,3,7,0,0,0,0,0,0,0,2,1,6,6,1,25,5,1398,1,1,VAUXHALL CORSA,4,E01011009,0,-1
2020031027324,2020,031027324,1,9,0,7,7,2,6,0,0,4,0,0,0,0,1,1,6,6,1,50,8,1398,1,9,VAUXHALL CORSA,4,E01019218,0,-1
2020622000094,2020,622000094,1,9,0,18,19,8,4,0,0,0,0,0,0,0,1,1,6,6,1,81,11,1229,1,6,VAUXHALL CORSA,1,W01000817,0,-1
2020440099043,2020,440099043,1,9,0,5,5,6,2,8,6,0,0,0,0,0,2,1,6,6,1,86,11,1398,1,3,VAUXHALL CORSA,1,E01009093,0,-1
2020501009920,2020,501009920,1,9,0,5,5,3,7,0,0,4,0,0,0,0,1,1,6,6,2,58,9,1248,2,7,VAUXHALL CORSA,6,E01019003,0,-1
2020430175528,2020,430175528,2,9,0,18,19,8,3,0,0,8,0,0,0,0,4,1,6,6,2,22,5,1229,1,9,VAUXHALL CORSA,6,E01016509,0,-1
2020430194020,2020,430194020,1,9,0,16,19,4,6,0,0,0,0,0,0,0,1,1,6,6,1,-1,-1,1398,1,5,VAUXHALL CORSA,7,E01017823,0,-1
2020160972728,2020,160972728,1,9,0,16,19,2,5,0,0,0,1,0,1,0,1,1,5,6,1,19,4,1229,1,14,VAUXHALL CORSA,6,E01013021,0,-1
2020200980916,2020,200980916,1,9,0,10,10,5,3,0,0,1,0,0,0,0,3,1,6,6,1,36,7,1229,1,8,VAUXHALL CORSA,1,E01010527,0,-1
2020500978045,2020,500978045,2,9,0,18,19,4,8,0,0,8,0,0,0,0,3,1,5,6,2,24,5,998,1,8,VAUXHALL CORSA,5,E01018833,0,-1
2020622000160,2020,622000160,2,9,0,18,19,2,6,0,0,0,1,0,0,0,1,1,6,6,2,89,11,1398,1,10,VAUXHALL CORSA,8,W01000775,0,-1
2020520100644,2020,520100644,1,9,0,3,3,6,2,0,0,5,0,0,0,0,2,1,6,6,1,53,8,1398,1,1,VAUXHALL CORSA,6,E01029054,0,-1
2020401001584,2020,401001584,1,9,0,15,15,8,4,0,0,0,0,0,0,0,1,1,6,6,1,24,5,1229,1,8,VAUXHALL CORSA,3,E01003296,0,-1
2020320576139,2020,320576139,3,9,0,18,19,1,5,0,0,0,0,0,0,0,1,1,2,2,2,21,5,1398,1,5,VAUXHALL CORSA,10,E01026184,0,-1
2020010249747,2020,010249747,2,9,0,18,19,7,3,0,0,4,0,0,0,0,4,1,6,6,2,23,5,1398,1,4,VAUXHALL CORSA,4,E01017570,0,-1
2020040988625,2020,040988625,2,9,0,18,19,5,1,0,0,4,0,0,0,0,1,1,1,1,2,29,6,1229,1,15,VAUXHALL CORSA,1,E01012754,0,-1
2020450920644,2020,450920644,1,9,0,17,19,4,8,0,0,0,0,0,0,0,1,1,5,6,2,51,8,1364,1,13,VAUXHALL CORSA,-1,-1,0,-1
2020010280700,2020,010280700,1,9,0,9,9,5,3,0,0,4,0,0,0,0,1,1,6,6,1,32,6,1398,1,5,VAUXHALL CORSA,7,E01002060,0,-1
2020500934812,2020,500934812,2,9,0,17,19,6,2,0,0,0,0,0,0,0,1,1,2,2,2,21,5,998,1,13,VAUXHALL CORSA,8,E01020061,0,-1
2020010280620,2020,010280620,2,9,0,99,99,9,9,99,99,1,9,99,9,99,1,9,6,6,3,-1,-1,1229,1,5,VAUXHALL CORSA,-1,-1,0,-1
2020320033013,2020,320033013,2,9,0,18,19,2,4,0,0,1,0,0,0,0,1,1,6,6,1,50,8,1248,2,6,VAUXHALL CORSA,5,-1,0,-1
2020530936886,2020,530936886,1,9,0,7,7,3,5,0,0,0,0,0,0,0,1,1,2,2,1,30,6,998,1,6,VAUXHALL CORSA,4,E01022241,0,-1
2020990970202,2020,990970202,1,9,0,3,3,4,8,0,0,0,0,0,0,0,4,1,6,6,2,35,6,1229,1,9,VAUXHALL CORSA,7,-1,0,-1
2020360974916,2020,360974916,1,9,0,18,19,1,5,0,0,1,0,0,0,0,1,1,6,6,2,69,10,1229,1,8,VAUXHALL CORSA,4,E01026792,0,-1
2020991013032,2020,991013032,1,9,0,6,6,6,6,0,0,8,0,0,1,0,1,1,6,6,1,67,10,1229,1,14,VAUXHALL CORSA,1,-1,0,-1
2020141000939,2020,141000939,1,9,0,17,19,5,2,9,9,0,2,10,7,2,4,1,6,6,1,54,8,1229,1,13,VAUXHALL CORSA,3,E01007903,0,-1
2020520002095,2020,520002095,1,9,0,9,9,4,2,0,0,1,0,0,0,0,1,1,6,6,2,19,4,1229,1,13,VAUXHALL CORSA,5,E01032636,0,-1
2020500985873,2020,500985873,1,9,0,18,19,1,5,0,0,1,0,0,0,0,1,1,6,6,1,28,6,1248,2,12,VAUXHALL CORSA,2,E01015158,0,-1
2020440075466,2020,440075466,1,9,0,18,19,6,2,0,0,0,0,0,1,4,3,1,6,6,2,26,6,1364,1,11,VAUXHALL CORSA,5,E01000519,0,-1
2020400926533,2020,400926533,1,9,0,17,19,1,5,0,0,0,0,0,1,0,4,1,2,2,1,25,5,1229,1,12,VAUXHALL CORSA,4,E01017581,0,-1
2020070785404,2020,070785404,1,9,0,5,5,3,1,0,0,1,0,0,0,0,1,1,6,6,2,26,6,1248,2,9,VAUXHALL CORSA,3,E01018464,0,-1
2020201020946,2020,201020946,1,9,0,18,19,7,3,0,0,1,0,4,0,0,3,1,6,6,1,24,5,998,1,16,VAUXHALL CORSA,10,E01032137,0,-1
2020460987537,2020,460987537,2,9,0,16,19,1,5,0,0,0,2,0,7,0,1,1,6,6,2,31,6,1398,1,3,VAUXHALL CORSA,5,E01024701,0,-1
2020470987103,2020,470987103,1,9,0,9,9,8,5,0,0,1,0,0,0,0,1,1,5,6,1,18,4,1398,1,10,VAUXHALL CORSA,5,E01021195,0,-1
2020010242710,2020,010242710,3,9,0,17,19,1,5,0,0,0,0,0,0,0,2,1,6,6,1,56,9,1398,1,3,VAUXHALL CORSA,6,E01000584,0,-1
2020990922745,2020,990922745,1,9,0,18,19,8,5,0,0,0,0,0,0,0,1,1,2,2,1,24,5,1398,1,3,VAUXHALL CORSA,-1,-1,0,-1
202006G177690,2020,06G177690,3,9,0,2,2,0,0,0,0,8,0,0,0,0,3,1,6,6,3,-1,-1,1364,1,14,VAUXHALL CORSA,-1,-1,0,-1
2020140950467,2020,140950467,1,9,0,18,19,8,3,0,0,0,0,0,0,0,3,1,6,6,1,30,6,1364,1,15,VAUXHALL CORSA,4,E01007436,0,-1
2020991005646,2020,991005646,2,9,0,18,19,1,5,0,0,1,0,0,0,0,3,1,2,2,2,26,6,1398,1,1,VAUXHALL CORSA,6,-1,0,-1
2020070163390,2020,070163390,1,9,0,18,19,3,7,0,0,0,0,0,0,0,1,1,6,6,1,40,7,1398,1,2,VAUXHALL CORSA,-1,-1,0,-1