collision_index,collision_year,collision_ref_no,vehicle_reference,vehicle_type,towing_and_articulation,vehicle_manoeuvre_historic,vehicle_manoeuvre,vehicle_direction_from,vehicle_direction_to,vehicle_location_restricted_lane_historic,vehicle_location_restricted_lane,junction_location,skidding_and_overturning,hit_object_in_carriageway,vehicle_leaving_carriageway,hit_object_off_carriageway,first_point_of_impact,vehicle_left_hand_drive,journey_purpose_of_driver_historic,journey_purpose_of_driver,sex_of_driver,age_of_driver,age_band_of_driver,engine_capacity_cc,propulsion_code,age_of_vehicle,generic_make_model,driver_imd_decile,lsoa_of_driver,escooter_flag,driver_distance_banding
2020420967987,2020,420967987,3,9,0,18,19,1,5,0,0,4,0,0,0,0,0,1,6,6,1,27,6,1398,1,4,VAUXHALL CORSA,3,E01021588,0,-1
2020430258023,2020,430258023,3,9,0,10,10,6,2,0,0,1,0,0,0,0,2,1,2,2,2,35,6,1398,1,3,VAUXHALL CORSA,-1,-1,0,-1
20201379K1388,2020,1379K1388,1,9,0,9,9,3,7,0,0,5,0,0,0,0,1,1,6,6,2,30,6,1229,1,6,VAUXHALL CORSA,-1,-1,0,-1
2020302000613,2020,302000613,2,9,0,18,19,4,6,0,0,0,0,0,0,0,1,1,6,6,2,26,6,1398,1,5,VAUXHALL CORSA,6,E01008005,0,-1
2020990950167,2020,990950167,2,9,0,18,19,5,1,0,0,0,0,0,7,0,1,1,2,2,2,32,6,-1,-1,-1,VAUXHALL CORSA,8,-1,0,-1
2020420998181,2020,420998181,2,9,0,15,15,3,7,0,0,0,2,0,1,0,4,1,5,6,1,42,7,1398,1,7,VAUXHALL CORSA,1,E01011373,0,-1
2020990957516,2020,990957516,2,9,0,2,2,7,3,0,0,0,0,0,0,0,2,1,5,6,2,50,8,1398,1,2,VAUXHALL CORSA,3,-1,0,-1
2020010233836,2020,010233836,1,9,0,7,7,3,5,0,0,1,0,0,0,0,1,2,6,6,2,19,4,1229,1,10,VAUXHALL CORSA,2,E01002090,0,-1
2020400955224,2020,400955224,1,9,0,18,19,8,4,0,0,0,0,10,0,0,1,1,6,6,1,20,4,1229,1,7,VAUXHALL CORSA,4,E01015756,0,-1
2020220980872,2020,220980872,1,9,0,9,9,1,6,0,0,5,0,0,0,0,1,1,6,6,2,19,4,1229,1,13,VAUXHALL CORSA,4,E01032322,0,-1
2020430155998,2020,430155998,1,9,0,9,9,3,1,0,0,8,0,0,0,0,4,1,6,6,2,74,10,1364,1,11,VAUXHALL CORSA,-1,-1,0,-1
2020340N06642,2020,340N06642,1,9,0,18,19,5,1,0,0,5,1,10,7,1,1,1,2,2,2,25,5,1248,2,7,VAUXHALL CORSA,3,E01017500,0,-1
2020100946464,2020,100946464,2,9,0,18,19,5,1,0,0,0,1,0,1,10,3,1,2,2,2,20,4,1398,1,1,VAUXHALL CORSA,10,E01027458,0,-1
2020010228060,2020,010228060,1,9,0,2,2,0,0,0,0,1,0,0,0,0,2,1,6,6,3,-1,-1,998,1,10,VAUXHALL CORSA,-1,-1,0,-1
2020010251038,2020,010251038,1,9,9,99,99,9,9,99,99,9,9,99,9,99,9,9,6,6,3,20,4,1229,1,8,VAUXHALL CORSA,7,E01001608,0,-1
2020201003669,2020,201003669,2,9,0,18,19,6,2,0,0,0,0,0,0,0,1,1,6,6,2,33,6,1229,1,8,VAUXHALL CORSA,1,E01008898,0,-1
202006K274917,2020,06K274917,1,9,0,9,9,2,8,0,0,8,0,0,0,0,4,1,6,6,1,20,4,1398,1,4,VAUXHALL CORSA,10,E01004844,0,-1
2020010254324,2020,010254324,1,9,0,4,4,1,5,0,0,0,9,0,0,99,1,1,6,6,1,18,4,1229,1,9,VAUXHALL CORSA,4,E01000313,0,-1
202006F267550,2020,06F267550,1,9,0,5,5,1,5,0,0,1,0,0,0,0,1,1,6,6,1,20,4,1398,1,8,VAUXHALL CORSA,1,E01005703,0,-1
2020040988074,2020,040988074,1,9,0,4,4,1,5,0,0,4,0,0,0,0,2,1,5,6,2,18,4,1229,1,13,VAUXHALL CORSA,-1,-1,0,-1
2020010231246,2020,010231246,1,9,0,18,19,6,2,9,9,2,0,0,3,0,1,1,6,6,1,86,11,1389,1,17,VAUXHALL CORSA,5,E01002363,0,-1
2020320682931,2020,320682931,1,9,0,16,19,5,1,0,0,0,2,0,1,9,4,1,6,6,1,22,5,1364,1,15,VAUXHALL CORSA,4,E01026230,0,-1
2020460943026,2020,460943026,1,9,0,16,19,8,4,0,0,0,0,0,7,4,1,1,5,6,1,78,11,1229,1,9,VAUXHALL CORSA,5,E01024495,0,-1
2020520100537,2020,520100537,1,9,0,2,2,0,0,0,0,8,0,0,0,0,3,1,6,6,1,40,7,1199,1,16,VAUXHALL CORSA,3,E01029111,0,-1
2020221003238,2020,221003238,1,9,0,16,19,5,1,0,0,0,1,10,7,4,4,1,5,6,1,28,6,1229,1,6,VAUXHALL CORSA,8,E01032334,0,-1
202063A025020,2020,63A025020,2,9,0,18,19,-1,-1,0,0,0,0,0,0,0,1,1,6,6,1,18,4,1398,1,4,VAUXHALL CORSA,10,W01000640,0,-1
2020990973470,2020,990973470,2,9,0,18,19,1,5,0,0,0,0,0,0,0,2,1,2,2,1,20,4,1229,1,10,VAUXHALL CORSA,10,-1,0,-1
2020470925680,2020,470925680,1,9,0,18,19,6,2,0,0,1,0,0,0,0,1,1,2,2,1,33,6,1229,1,8,VAUXHALL CORSA,8,E01021197,0,-1
2020440404848,2020,440404848,1,9,0,12,12,5,1,0,0,1,0,0,0,0,2,1,6,6,1,55,8,1398,1,2,VAUXHALL CORSA,6,E01022824,0,-1
2020200995866,2020,200995866,2,9,0,4,4,5,2,0,0,1,0,9,8,0,2,1,1,1,2,29,6,1398,1,1,VAUXHALL CORSA,4,E01033622,0,-1
2020622000766,2020,622000766,1,9,0,18,19,8,4,0,0,0,0,0,0,0,1,1,6,6,3,-1,-1,1229,1,10,VAUXHALL CORSA,-1,-1,0,-1
2020440499198,2020,440499198,3,9,0,18,19,4,8,0,0,0,0,0,0,0,1,1,6,6,1,40,7,-1,-1,-1,VAUXHALL CORSA,10,E01022698,0,-1
2020400955060,2020,400955060,1,9,0,6,6,1,5,0,0,8,0,0,0,0,1,1,6,6,1,63,9,1248,2,11,VAUXHALL CORSA,1,E01015729,0,-1
2020470935433,2020,470935433,1,9,0,12,12,5,1,0,0,1,0,0,0,0,1,1,5,6,2,27,6,1398,1,4,VAUXHALL CORSA,4,E01016857,0,-1
2020010269923,2020,010269923,1,9,0,99,99,9,9,99,99,9,9,99,9,99,9,9,6,6,1,30,6,999,1,5,VAUXHALL CORSA,2,E01002086,0,-1
2020320145510,2020,320145510,1,9,0,16,19,1,5,0,0,0,0,0,7,4,1,1,6,6,2,17,4,1229,1,8,VAUXHALL CORSA,6,E01026265,0,-1
2020160930596,2020,160930596,1,9,0,7,7,1,5,0,0,1,0,0,0,0,1,1,6,6,1,33,6,-1,-1,-1,VAUXHALL CORSA,-1,-1,0,-1
2020160978697,2020,160978697,2,9,0,16,19,5,1,0,0,0,0,0,0,0,3,1,2,2,2,54,8,1398,1,1,VAUXHALL CORSA,10,E01013043,0,-1
2020361018782,2020,361018782,1,9,0,18,19,1,7,0,0,0,2,0,0,0,1,1,2,2,1,25,5,998,1,6,VAUXHALL CORSA,7,E01026484,0,-1
2020010255542,2020,010255542,2,9,0,99,99,9,9,99,99,9,9,99,9,99,1,9,6,6,3,-1,-1,1398,1,7,VAUXHALL CORSA,3,E01002781,0,-1
2020501016001,2020,501016001,3,9,0,16,19,6,2,0,0,0,1,0,0,0,2,1,5,6,1,68,10,1248,2,11,VAUXHALL CORSA,6,E01020221,0,-1
2020160959318,2020,160959318,1,9,0,18,19,1,5,0,0,1,0,0,0,0,1,1,1,1,2,26,6,1398,1,5,VAUXHALL CORSA,3,E01013319,0,-1
2020990984216,2020,990984216,1,9,0,13,13,5,1,0,0,0,2,0,1,0,4,1,2,2,2,25,5,1229,1,9,VAUXHALL CORSA,5,-1,0,-1
2020440415654,2020,440415654,2,9,0,9,9,3,5,0,0,8,0,0,0,0,1,1,6,6,2,38,7,1229,1,12,VAUXHALL CORSA,1,E01022967,0,-1
2020552001137,2020,552001137,1,9,0,5,5,8,4,0,0,4,0,0,0,0,1,1,6,6,2,21,5,1248,2,13,VAUXHALL CORSA,2,E01015277,0,-1
2020350927431,2020,350927431,1,9,0,2,2,1,5,0,0,0,0,0,0,0,2,1,2,2,1,24,5,1229,1,7,VAUXHALL CORSA,10,E01018266,0,-1
2020470921335,2020,470921335,1,9,0,9,9,8,5,0,0,8,1,0,0,0,4,1,5,6,1,27,6,1229,1,12,VAUXHALL CORSA,7,E01031354,0,-1
2020990928128,2020,990928128,1,9,0,18,19,2,6,0,0,8,0,0,0,0,3,1,5,6,2,45,7,1229,1,8,VAUXHALL CORSA,10,-1,0,-1
2020200970590,2020,200970590,2,9,0,18,19,2,6,0,0,8,0,0,0,0,3,1,1,1,1,-1,-1,999,1,2,VAUXHALL CORSA,-1,-1,0,-1
2020540289720,2020,540289720,2,9,0,16,19,1,5,0,0,1,0,0,0,0,1,1,2,2,2,22,5,1364,1,2,VAUXHALL CORSA,6,E01031989,0,-1
2020010273906,2020,010273906,1,9,0,99,99,9,9,99,99,9,9,99,9,99,2,9,6,6,2,32,6,1398,1,5,VAUXHALL CORSA,7,E01002569,0,-1
2020010272382,2020,010272382,1,9,0,18,19,1,5,0,0,0,0,0,0,0,1,1,1,1,2,39,7,998,1,13,VAUXHALL CORSA,5,E01033592,0,-1
2020041004253,2020,041004253,1,9,0,18,19,7,3,0,0,8,0,0,0,0,1,1,5,6,1,21,5,998,1,13,VAUXHALL CORSA,2,E01012630,0,-1
2020010251184,2020,010251184,2,9,0,1,1,5,1,0,0,1,0,0,0,0,2,1,6,6,1,23,5,1229,1,10,VAUXHALL CORSA,6,E01001387,0,-1
2020350967197,2020,350967197,1,9,0,18,19,2,6,0,0,0,0,0,0,0,1,1,6,6,2,21,5,1398,1,5,VAUXHALL CORSA,7,E01018002,0,-1
2020350992197,2020,350992197,1,9,0,13,13,2,6,0,0,0,1,0,8,10,1,1,1,1,1,27,6,1229,1,12,VAUXHALL CORSA,4,E01018024,0,-1
2020200934885,2020,200934885,2,9,0,3,3,6,2,0,0,8,0,0,0,0,1,1,3,7,2,33,6,1362,1,8,VAUXHALL CORSA,6,E01009206,0,-1
2020451005967,2020,451005967,2,9,0,13,13,5,1,0,0,1,0,0,0,0,4,1,6,6,1,32,6,1229,1,11,VAUXHALL CORSA,6,E01030957,0,-1
2020122000565,2020,122000565,1,9,0,9,9,6,4,0,0,1,0,0,0,0,1,1,6,6,3,-1,-1,1229,1,15,VAUXHALL CORSA,-1,-1,0,-1
2020460981943,2020,460981943,2,9,0,18,19,7,3,0,0,1,1,0,0,0,1,1,5,6,1,30,6,1229,1,15,VAUXHALL CORSA,2,E01024294,0,-1
2020201010520,2020,201010520,4,9,0,18,19,1,5,0,0,2,0,0,0,0,1,1,6,6,1,-1,-1,1199,1,17,VAUXHALL CORSA,-1,-1,0,-1
2020122000710,2020,122000710,3,9,0,18,19,1,5,0,0,2,0,0,0,0,1,1,6,6,2,29,6,1229,1,10,VAUXHALL CORSA,5,E01012937,0,-1
2020520100354,2020,520100354,2,9,0,18,19,4,8,0,0,1,0,0,0,0,2,1,6,6,2,56,9,1598,1,8,VAUXHALL CORSA,5,E01032636,0,-1
2020302100240,2020,302100240,2,9,0,12,12,6,2,0,0,7,1,0,2,7,4,1,6,6,1,-1,-1,1229,1,12,VAUXHALL CORSA,6,E01028374,0,-1
2020010229620,2020,010229620,2,9,0,3,3,1,5,0,0,0,0,0,0,0,2,1,6,6,1,21,5,1364,1,13,VAUXHALL CORSA,3,E01003688,0,-1
2020360957546,2020,360957546,1,9,0,5,5,5,3,0,0,2,0,0,0,0,3,1,5,6,1,27,6,1199,1,16,VAUXHALL CORSA,1,E01026598,0,-1
2020010248553,2020,010248553,1,9,0,18,19,7,3,0,0,6,0,4,0,0,1,1,6,6,2,42,7,1398,1,2,VAUXHALL CORSA,2,E01003346,0,-1
2020052001147,2020,052001147,1,9,0,18,19,5,1,0,0,6,0,0,0,0,3,1,2,2,2,20,4,1398,1,2,VAUXHALL CORSA,1,E01006604,0,-1
2020500941327,2020,500941327,4,9,0,4,4,2,7,0,0,0,0,0,0,0,1,1,5,6,1,26,6,1199,1,16,VAUXHALL CORSA,1,E01015047,0,-1
2020010236289,2020,010236289,4,9,0,4,4,8,4,0,0,1,1,0,0,0,2,1,6,6,2,66,10,1398,1,2,VAUXHALL CORSA,4,E01023543,0,-1
2020420959091,2020,420959091,2,9,0,3,3,3,7,0,0,0,0,0,0,0,2,1,6,6,2,25,5,1229,1,5,VAUXHALL CORSA,2,E01021685,0,-1
2020351011590,2020,351011590,2,9,0,2,2,0,0,0,0,0,0,0,0,0,1,1,6,6,2,-1,-1,1398,1,5,VAUXHALL CORSA,7,E01018082,0,-1
2020370956469,2020,370956469,1,9,0,18,19,1,5,0,0,0,5,10,0,0,1,1,2,2,1,26,6,1229,1,9,VAUXHALL CORSA,2,E01021685,0,-1
2020990979439,2020,990979439,1,9,0,5,5,1,6,0,0,2,0,0,7,0,3,1,5,6,1,85,11,1229,1,11,VAUXHALL CORSA,4,-1,0,-1
2020040989595,2020,040989595,2,9,0,10,10,5,1,0,0,1,0,0,0,0,2,1,6,6,1,21,5,1229,1,7,VAUXHALL CORSA,6,E01025535,0,-1
2020211024711,2020,211024711,1,9,-1,-1,-1,6,2,-1,-1,-1,-1,-1,-1,0,-1,1,6,6,2,20,4,1229,1,9,VAUXHALL CORSA,8,E01029788,0,-1
2020010236225,2020,010236225,1,9,0,9,9,1,6,0,0,8,0,0,0,0,4,1,2,2,1,19,4,999,1,4,VAUXHALL CORSA,8,E01002273,0,-1
2020460983976,2020,460983976,3,9,0,10,10,7,3,0,0,4,0,0,0,0,2,1,6,6,1,61,9,1229,1,5,VAUXHALL CORSA,5,E01000402,0,-1
2020990970915,2020,990970915,1,9,0,17,19,7,3,0,0,0,1,0,7,11,1,1,5,6,1,19,4,1229,1,12,VAUXHALL CORSA,-1,-1,0,-1
2020520002078,2020,520002078,1,9,0,18,19,1,5,0,0,8,2,0,1,7,1,1,6,6,1,18,4,1364,1,15,VAUXHALL CORSA,4,E01029174,0,-1
2020340D03992,2020,340D03992,1,9,0,18,19,5,1,0,0,8,2,0,7,0,0,1,6,6,1,19,4,1364,1,11,VAUXHALL CORSA,6,E01031316,0,-1
2020460929699,2020,460929699,3,9,0,2,2,0,0,0,0,1,0,0,0,0,0,1,5,6,2,52,8,1248,2,13,VAUXHALL CORSA,4,E01024698,0,-1
2020010254509,2020,010254509,3,9,0,4,4,1,5,0,0,1,0,4,0,0,1,1,6,6,2,62,9,1398,1,9,VAUXHALL CORSA,6,E01001070,0,-1
2020501007460,2020,501007460,2,9,0,18,19,3,7,0,0,0,0,0,0,0,0,1,6,6,2,-1,-1,1229,1,12,VAUXHALL CORSA,4,E01020053,0,-1
2020401007220,2020,401007220,1,9,0,18,19,3,7,0,0,3,1,7,1,10,1,1,5,6,2,24,5,1364,1,13,VAUXHALL CORSA,3,E01015751,0,-1
2020522100961,2020,522100961,1,9,0,18,19,1,5,0,0,0,0,0,0,0,1,1,6,6,1,21,5,1398,1,2,VAUXHALL CORSA,1,E01014800,0,-1
2020220923387,2020,220923387,2,9,0,10,10,7,5,0,0,0,0,0,0,0,2,1,5,6,1,21,5,973,1,18,VAUXHALL CORSA,7,E01032392,0,-1
2020622000576,2020,622000576,2,9,0,2,2,0,0,0,0,1,0,0,0,0,2,1,6,6,3,-1,-1,1229,1,6,VAUXHALL CORSA,-1,-1,0,-1
2020340N02692,2020,340N02692,1,9,0,18,19,1,5,0,0,3,1,0,0,0,1,1,6,6,1,18,4,1229,1,14,VAUXHALL CORSA,2,E01027230,0,-1
202031B096020,2020,31B096020,1,9,0,18,19,8,4,0,0,0,0,10,1,9,1,1,6,6,1,23,5,1598,1,8,VAUXHALL CORSA,2,E01007982,0,-1
2020520002679,2020,520002679,1,9,0,18,19,4,8,0,0,8,0,0,0,3,1,1,6,6,1,77,11,1364,1,11,VAUXHALL CORSA,7,E01029147,0,-1
2020990973146,2020,990973146,1,9,0,9,9,1,5,9,9,6,0,0,7,11,1,1,5,6,2,17,4,1398,1,4,VAUXHALL CORSA,-1,-1,0,-1
2020200970253,2020,200970253,3,9,0,18,19,6,2,0,0,2,0,4,0,0,2,1,6,6,2,27,6,1229,1,7,VAUXHALL CORSA,1,E01033650,0,-1
2020010238645,2020,010238645,1,9,0,2,2,0,0,0,0,0,0,0,0,0,1,1,6,6,3,-1,-1,1229,1,9,VAUXHALL CORSA,-1,-1,0,-1
2020450994111,2020,450994111,1,9,0,18,19,5,1,0,0,1,0,0,0,0,1,1,2,2,2,21,5,1229,1,6,VAUXHALL CORSA,6,E01030862,0,-1
2020200932109,2020,200932109,2,9,0,18,19,5,1,0,0,8,0,0,0,0,2,1,6,6,2,23,5,1398,1,4,VAUXHALL CORSA,1,E01009640,0,-1
2020070043333,2020,070043333,2,9,0,3,3,0,0,0,0,1,0,0,0,0,2,1,6,6,2,49,8,1398,1,4,VAUXHALL CORSA,7,E01018742,0,-1
2020122001142,2020,122001142,1,9,0,18,19,3,7,0,0,1,0,0,3,1,1,1,6,6,1,92,11,999,1,5,VAUXHALL CORSA,5,E01027590,0,-1
2020522004754,2020,522004754,1,9,0,18,19,2,6,0,0,0,0,0,0,0,1,1,6,6,1,18,4,1229,1,12,VAUXHALL CORSA,6,E01014447,0,-1
2020220956939,2020,220956939,2,9,0,9,9,6,4,0,0,5,0,10,7,0,2,1,5,6,1,64,9,1199,1,17,VAUXHALL CORSA,1,E01014108,0,-1
2020420987931,2020,420987931,1,9,0,18,19,6,2,0,0,0,0,0,0,0,1,1,5,6,1,22,5,1229,1,14,VAUXHALL CORSA,6,E01016000,0,-1
2020460927862,2020,460927862,1,9,0,9,9,1,7,0,0,6,0,0,0,0,1,1,6,6,1,32,6,-1,-1,-1,VAUXHALL CORSA,2,E01024664,0,-1
2020430017089,2020,430017089,3,9,0,3,3,3,7,0,0,1,0,0,0,0,2,1,6,6,1,55,8,1398,1,3,VAUXHALL CORSA,5,E01019923,0,-1
2020010284305,2020,010284305,3,9,0,18,19,7,3,0,0,2,0,0,0,0,1,1,6,6,2,19,4,1229,1,6,VAUXHALL CORSA,-1,-1,0,-1
2020140990373,2020,140990373,1,9,0,3,3,4,1,0,0,0,0,0,0,0,1,1,2,2,1,23,5,1398,1,4,VAUXHALL CORSA,-1,-1,0,-1
2020160976458,2020,160976458,2,9,0,18,19,1,5,0,0,8,0,0,0,0,1,1,6,6,2,33,6,1398,1,9,VAUXHALL CORSA,1,E01013140,0,-1
2020010276829,2020,010276829,2,9,0,9,9,1,7,0,0,1,0,0,0,0,1,1,6,6,2,-1,-1,1398,1,4,VAUXHALL CORSA,3,E01004633,0,-1
202006L175499,2020,06L175499,1,9,0,9,9,7,5,0,0,8,0,0,0,0,1,1,6,6,2,40,7,1398,1,8,VAUXHALL CORSA,3,W01000405,0,-1
2020137CF0329,2020,137CF0329,3,9,0,3,3,3,7,0,0,1,0,0,0,0,2,1,6,6,2,28,6,1229,1,12,VAUXHALL CORSA,4,E01027892,0,-1
202006F167362,2020,06F167362,1,9,0,4,4,7,3,0,0,1,0,0,0,0,4,1,6,6,1,74,10,1398,1,6,VAUXHALL CORSA,4,E01005621,0,-1
2020221003478,2020,221003478,2,9,0,18,19,4,8,0,0,8,0,0,0,0,1,1,5,6,2,42,7,1364,1,13,VAUXHALL CORSA,7,E01032459,0,-1
2020451001669,2020,451001669,1,9,0,9,9,3,7,7,6,0,0,4,0,0,1,1,3,7,2,67,10,1364,1,12,VAUXHALL CORSA,8,E01030829,0,-1
2020990931548,2020,990931548,3,9,0,3,3,4,8,0,0,1,0,0,0,0,1,1,6,6,2,19,4,1364,1,13,VAUXHALL CORSA,10,-1,0,-1
2020010266736,2020,010266736,1,9,0,7,7,6,8,8,6,1,0,0,0,0,1,1,6,6,1,70,10,1398,1,3,VAUXHALL CORSA,1,E01001740,0,-1
2020540836220,2020,540836220,1,9,0,18,19,7,3,0,0,0,0,0,0,0,1,1,6,6,1,19,4,1398,1,10,VAUXHALL CORSA,9,E01032706,0,-1
2020010259333,2020,010259333,1,9,0,7,7,7,1,0,0,8,0,0,1,2,3,2,6,6,1,21,5,1229,1,15,VAUXHALL CORSA,3,E01002370,0,-1
202031D069220,2020,31D069220,1,9,0,18,19,2,6,0,0,4,0,0,0,0,1,1,2,2,2,24,5,1229,1,5,VAUXHALL CORSA,2,E01027958,0,-1
2020990928364,2020,990928364,1,9,0,18,19,7,3,0,0,1,0,0,0,0,4,1,5,6,2,30,6,1398,1,2,VAUXHALL CORSA,5,-1,0,-1
2020622000430,2020,622000430,2,9,0,2,2,0,0,0,0,0,0,0,0,0,4,1,6,6,3,-1,-1,1229,1,13,VAUXHALL CORSA,-1,-1,0,-1
2020450957149,2020,450957149,1,9,0,16,19,7,3,0,0,0,1,0,1,4,1,1,5,6,2,19,4,1229,1,8,VAUXHALL CORSA,9,E01030978,0,-1
2020200936421,2020,200936421,1,9,0,16,19,6,8,0,0,0,1,0,0,0,1,1,6,6,1,18,4,1229,1,11,VAUXHALL CORSA,1,E01009733,0,-1
2020501007480,2020,501007480,2,9,0,18,19,5,1,0,0,0,0,0,0,0,2,1,5,6,2,50,8,1199,1,19,VAUXHALL CORSA,4,E01020289,0,-1
2020370988102,2020,370988102,2,9,0,3,3,1,5,0,0,0,0,0,0,0,2,1,5,6,1,24,5,1199,1,17,VAUXHALL CORSA,7,E01030155,0,-1
2020460947121,2020,460947121,1,9,0,18,19,3,7,0,0,0,0,0,0,0,1,1,5,6,2,18,4,1398,1,1,VAUXHALL CORSA,6,E01023988,0,-1
2020210983996,2020,210983996,1,9,0,18,19,7,3,0,0,0,0,0,0,0,4,1,6,6,1,46,8,1229,1,13,VAUXHALL CORSA,1,E01032887,0,-1
2020500983867,2020,500983867,1,9,0,18,19,1,5,0,0,0,2,0,1,0,1,1,5,6,2,56,9,1248,2,6,VAUXHALL CORSA,2,E01015081,0,-1
2020160961655,2020,160961655,1,9,0,18,19,5,1,0,0,8,0,0,0,0,3,1,5,6,1,53,8,1398,1,9,VAUXHALL CORSA,4,E01012830,0,-1
2020460996717,2020,460996717,1,9,0,18,19,3,7,0,0,0,0,0,0,0,4,1,5,6,2,62,9,1229,1,10,VAUXHALL CORSA,1,E01024618,0,-1
2020440027385,2020,440027385,1,9,0,18,19,3,7,0,0,8,2,0,1,10,1,1,6,6,2,37,7,1229,1,13,VAUXHALL CORSA,7,E01022945,0,-1
2020430096049,2020,430096049,2,9,0,18,19,3,7,0,0,8,0,0,0,0,4,1,6,6,2,27,6,1199,1,19,VAUXHALL CORSA,4,E01016517,0,-1
2020010273450,2020,010273450,2,9,0,99,99,9,9,99,99,9,9,99,9,99,1,9,6,6,2,31,6,1364,1,11,VAUXHALL CORSA,3,E01001637,0,-1
2020211026353,2020,211026353,1,9,0,18,19,5,2,0,0,1,1,0,1,0,4,1,6,6,2,30,6,1364,1,11,VAUXHALL CORSA,7,E01010518,0,-1
2020122000978,2020,122000978,1,9,0,15,15,6,1,0,0,0,1,0,0,0,1,1,1,1,1,20,4,1229,1,10,VAUXHALL CORSA,9,E01027894,0,-1
2020320325702,2020,320325702,1,9,0,18,19,6,2,0,0,0,5,0,1,0,4,1,6,6,2,20,4,998,1,16,VAUXHALL CORSA,10,E01028315,0,-1
2020440386528,2020,440386528,1,9,0,9,9,6,3,0,0,5,0,0,0,0,1,1,6,6,1,19,4,1229,1,6,VAUXHALL CORSA,8,E01022566,0,-1
2020371005174,2020,371005174,1,9,0,18,19,1,5,0,0,0,0,0,1,0,1,1,1,1,2,22,5,1229,1,15,VAUXHALL CORSA,7,E01030082,0,-1
2020460922502,2020,460922502,3,9,0,18,19,4,8,0,0,0,0,0,0,0,1,1,6,6,2,18,4,1398,1,3,VAUXHALL CORSA,8,E01024652,0,-1
2020010236550,2020,010236550,1,9,0,5,5,3,7,0,0,0,0,0,0,0,1,1,2,2,2,24,5,1398,1,6,VAUXHALL CORSA,5,E01001581,0,-1
2020990935468,2020,990935468,1,9,0,18,19,2,6,0,0,2,0,0,0,0,1,1,5,6,1,23,5,1248,2,16,VAUXHALL CORSA,3,-1,0,-1
2020470958594,2020,470958594,2,9,0,18,19,8,4,0,0,0,0,0,0,0,1,1,5,6,2,21,5,998,1,11,VAUXHALL CORSA,2,E01016909,0,-1
2020420988990,2020,420988990,2,9,0,3,3,3,7,0,0,0,0,0,0,0,2,1,3,7,1,17,4,1229,1,12,VAUXHALL CORSA,3,E01021321,0,-1
2020350941296,2020,350941296,1,9,0,18,19,5,1,0,0,0,0,0,0,0,1,1,5,6,2,21,5,1229,1,13,VAUXHALL CORSA,6,E01018126,0,-1
2020400962563,2020,400962563,1,9,0,18,19,3,5,0,0,0,1,0,0,0,1,1,5,6,1,18,4,999,1,4,VAUXHALL CORSA,9,E01023479,0,-1
2020100991442,2020,100991442,1,9,0,16,19,2,6,9,9,0,0,0,7,0,1,1,5,6,1,24,5,1229,1,5,VAUXHALL CORSA,3,E01027430,0,-1
2020460969242,2020,460969242,2,9,0,4,4,1,7,0,0,0,0,0,0,0,2,1,5,6,1,22,5,1398,1,5,VAUXHALL CORSA,7,E01032822,0,-1
2020040972686,2020,040972686,1,9,0,12,12,5,1,0,0,0,1,0,5,6,3,1,1,1,1,52,8,1398,1,1,VAUXHALL CORSA,6,E01005556,0,-1
2020360963605,2020,360963605,1,9,0,18,19,5,1,0,0,0,1,0,0,0,4,1,2,2,2,22,5,1229,1,10,VAUXHALL CORSA,7,E01026897,0,-1
2020200992423,2020,200992423,1,9,0,16,19,4,7,0,0,0,0,4,0,0,4,1,6,6,1,20,4,1229,1,7,VAUXHALL CORSA,7,E01009974,0,-1
2020990951090,2020,990951090,2,9,0,18,19,8,4,0,0,0,0,0,0,0,1,1,2,2,1,60,9,1229,1,9,VAUXHALL CORSA,7,-1,0,-1
2020010284296,2020,010284296,1,9,0,99,99,9,9,99,99,9,9,99,9,99,9,9,6,6,2,27,6,1389,1,15,VAUXHALL CORSA,7,E01000361,0,-1
2020990932670,2020,990932670,1,9,0,18,19,5,1,0,0,8,0,4,0,0,3,1,6,6,1,33,6,1364,1,12,VAUXHALL CORSA,2,E01025268,0,-1
2020370983357,2020,370983357,1,9,0,18,19,8,4,0,0,0,1,4,0,0,4,1,2,2,1,30,6,1248,2,12,VAUXHALL CORSA,3,E01030010,0,-1
2020040932374,2020,040932374,5,9,0,18,19,1,5,0,0,0,0,0,0,0,2,1,6,6,1,18,4,1229,1,9,VAUXHALL CORSA,4,E01025567,0,-1
202031D031620,2020,31D031620,1,9,0,9,9,2,8,0,0,6,0,0,0,0,3,1,1,1,2,25,5,999,1,3,VAUXHALL CORSA,10,E01028354,0,-1
2020010265099,2020,010265099,1,9,0,7,7,3,5,0,0,1,0,0,0,0,2,2,6,6,1,29,6,1398,1,4,VAUXHALL CORSA,3,E01003135,0,-1
2020030962929,2020,030962929,1,9,0,18,19,3,7,0,0,0,0,0,0,0,1,1,6,6,1,21,5,1398,1,5,VAUXHALL CORSA,7,E01019382,0,-1
2020500981918,2020,500981918,2,9,0,18,19,5,1,0,0,0,0,0,0,0,1,1,1,1,2,50,8,1199,1,0,VAUXHALL CORSA,7,E01019942,0,-1