collision_index,collision_year,collision_ref_no,vehicle_reference,vehicle_type,towing_and_articulation,vehicle_manoeuvre_historic,vehicle_manoeuvre,vehicle_direction_from,vehicle_direction_to,vehicle_location_restricted_lane_historic,vehicle_location_restricted_lane,junction_location,skidding_and_overturning,hit_object_in_carriageway,vehicle_leaving_carriageway,hit_object_off_carriageway,first_point_of_impact,vehicle_left_hand_drive,journey_purpose_of_driver_historic,journey_purpose_of_driver,sex_of_driver,age_of_driver,age_band_of_driver,engine_capacity_cc,propulsion_code,age_of_vehicle,generic_make_model,driver_imd_decile,lsoa_of_driver,escooter_flag,driver_distance_banding
202031B175220,2020,31B175220,1,9,0,16,19,5,7,0,0,0,1,0,7,9,1,1,2,2,2,22,5,1248,2,10,VAUXHALL CORSA,2,E01007854,0,-1
2020010274927,2020,010274927,2,9,0,4,4,1,5,0,0,2,0,0,0,0,2,1,6,6,1,24,5,1229,1,13,VAUXHALL CORSA,3,E01000741,0,-1
2020470952872,2020,470952872,2,9,0,4,4,1,5,0,0,0,0,0,0,0,2,1,2,2,2,26,6,1398,1,5,VAUXHALL CORSA,9,E01031582,0,-1
2020200979349,2020,200979349,1,9,0,18,19,2,6,0,0,8,0,0,0,0,1,1,6,6,2,34,6,1229,1,6,VAUXHALL CORSA,9,E01009816,0,-1
2020400985246,2020,400985246,1,9,0,7,7,5,1,0,0,1,0,0,0,0,1,1,2,2,2,23,5,1398,1,5,VAUXHALL CORSA,3,E01009242,0,-1
2020030943989,2020,030943989,1,9,0,7,7,3,7,0,0,0,0,0,1,0,1,1,2,2,2,18,4,1364,1,10,VAUXHALL CORSA,-1,-1,0,-1
202063D054120,2020,63D054120,1,9,0,18,19,2,6,0,0,0,2,0,2,10,1,1,6,6,2,18,4,1229,1,14,VAUXHALL CORSA,7,W01000448,0,-1
2020552100154,2020,552100154,1,9,0,17,19,6,2,0,0,0,1,0,8,4,1,1,2,2,1,25,5,1229,1,15,VAUXHALL CORSA,10,E01020386,0,-1
2020360940931,2020,360940931,1,9,0,18,19,7,3,0,0,8,0,0,0,0,4,1,5,6,2,17,4,1199,1,16,VAUXHALL CORSA,6,E01026498,0,-1
2020040993305,2020,040993305,1,9,0,18,19,2,6,0,0,0,0,0,0,0,1,1,6,6,1,19,4,998,1,9,VAUXHALL CORSA,4,E01025150,0,-1
2020320421892,2020,320421892,1,9,0,18,19,1,5,0,0,0,0,0,0,0,1,1,6,6,2,22,5,1398,1,5,VAUXHALL CORSA,8,E01027101,0,-1
2020140973411,2020,140973411,2,9,0,18,19,6,1,0,0,4,0,0,0,0,1,1,2,2,1,46,8,1229,1,12,VAUXHALL CORSA,1,E01007645,0,-1
2020420975159,2020,420975159,1,9,0,5,5,5,1,0,0,2,0,0,0,0,3,1,1,1,1,68,10,973,1,18,VAUXHALL CORSA,5,E01021992,0,-1
2020460925364,2020,460925364,1,9,0,3,3,1,5,0,0,1,0,0,0,0,1,1,6,6,1,43,7,998,1,16,VAUXHALL CORSA,2,E01024081,0,-1
2020210947425,2020,210947425,1,9,0,18,19,3,7,0,0,0,1,0,7,0,1,1,6,6,2,21,5,998,1,16,VAUXHALL CORSA,10,E01029741,0,-1
2020990923864,2020,990923864,1,9,0,18,19,4,8,0,0,0,5,0,2,11,1,1,1,1,2,62,9,1229,1,7,VAUXHALL CORSA,6,-1,0,-1
2020450990052,2020,450990052,1,9,0,18,19,3,7,0,0,0,0,0,1,4,1,1,5,6,1,18,4,1398,1,3,VAUXHALL CORSA,10,E01030500,0,-1
202063D011520,2020,63D011520,1,9,0,9,9,4,2,0,0,6,0,0,0,0,3,1,6,6,2,25,5,1398,1,4,VAUXHALL CORSA,4,W01001899,0,-1
2020470942674,2020,470942674,2,9,0,4,4,7,3,0,0,0,0,0,0,0,2,1,5,6,2,20,4,1364,1,14,VAUXHALL CORSA,7,E01031398,0,-1
202031C071620,2020,31C071620,2,9,0,18,19,5,1,0,0,0,0,0,0,0,1,1,6,6,2,36,7,1229,1,13,VAUXHALL CORSA,8,E01028119,0,-1
2020010233721,2020,010233721,2,9,0,18,19,5,1,0,0,1,0,0,0,0,1,1,2,2,1,60,9,1229,1,6,VAUXHALL CORSA,-1,-1,0,-1
2020010240518,2020,010240518,1,9,0,99,99,9,9,99,99,9,9,99,9,99,2,9,6,6,1,50,8,1229,1,6,VAUXHALL CORSA,8,E01003445,0,-1
202031C036420,2020,31C036420,1,9,0,18,19,2,6,0,0,8,0,0,0,0,1,1,6,6,1,21,5,1248,2,12,VAUXHALL CORSA,4,E01019639,0,-1
2020420989241,2020,420989241,1,9,0,18,19,2,5,0,0,0,0,0,0,0,3,1,5,6,1,18,4,1229,1,5,VAUXHALL CORSA,3,E01021339,0,-1
202006P177311,2020,06P177311,1,9,0,18,19,7,3,0,0,8,0,0,0,0,1,1,6,6,1,30,6,1229,1,5,VAUXHALL CORSA,-1,-1,0,-1
202031D171020,2020,31D171020,1,9,0,18,19,3,7,0,0,6,0,0,0,0,1,1,6,6,1,25,5,1229,1,8,VAUXHALL CORSA,2,E01013910,0,-1
2020471007951,2020,471007951,2,9,0,3,3,7,3,0,0,1,0,0,0,0,2,1,6,6,2,51,8,1398,1,6,VAUXHALL CORSA,2,E01016975,0,-1
2020052001467,2020,052001467,1,9,0,7,7,1,5,0,0,6,0,0,0,0,3,1,6,6,1,31,6,1248,2,11,VAUXHALL CORSA,2,E01033757,0,-1
202006G167312,2020,06G167312,1,9,0,18,19,2,6,0,0,1,0,0,0,0,4,1,6,6,1,21,5,1229,1,14,VAUXHALL CORSA,2,E01005946,0,-1
2020470929217,2020,470929217,2,9,0,18,19,7,3,0,0,0,0,0,0,0,3,1,2,2,2,19,4,1364,1,11,VAUXHALL CORSA,8,E01021036,0,-1
2020010228575,2020,010228575,1,9,0,18,19,1,5,0,0,8,0,0,0,0,1,1,2,2,2,22,5,1398,1,2,VAUXHALL CORSA,8,E01003660,0,-1
2020990987150,2020,990987150,1,9,0,16,19,6,2,0,0,0,1,7,0,0,1,1,5,6,2,20,4,1229,1,8,VAUXHALL CORSA,1,-1,0,-1
2020302001112,2020,302001112,2,9,0,9,9,3,8,0,0,3,0,0,0,0,4,1,6,6,1,17,4,1229,1,8,VAUXHALL CORSA,7,E01019705,0,-1
2020200993005,2020,200993005,2,9,0,9,9,7,3,0,0,6,0,0,0,0,1,1,6,6,1,26,6,1398,1,1,VAUXHALL CORSA,2,E01010102,0,-1
2020400961190,2020,400961190,2,9,0,16,19,5,1,0,0,0,0,0,7,9,1,1,6,6,1,22,5,1398,1,10,VAUXHALL CORSA,3,E01015701,0,-1
2020201020617,2020,201020617,1,9,0,7,7,5,7,0,0,6,0,0,0,0,1,1,3,7,1,38,7,1248,2,13,VAUXHALL CORSA,2,E01008946,0,-1
2020320553350,2020,320553350,1,9,0,18,19,3,8,0,0,2,0,0,0,0,4,1,6,6,2,63,9,1229,1,5,VAUXHALL CORSA,3,E01026116,0,-1
2020522101203,2020,522101203,1,9,0,9,9,2,8,0,0,8,0,0,0,0,1,1,6,6,2,25,5,1229,1,14,VAUXHALL CORSA,1,E01014580,0,-1
2020137AR1227,2020,137AR1227,1,9,0,6,6,8,8,8,6,0,0,0,0,0,3,1,6,6,2,38,7,1229,1,6,VAUXHALL CORSA,3,E01011488,0,-1
2020990990031,2020,990990031,1,9,0,18,19,6,2,0,0,1,0,0,0,0,1,1,5,6,2,63,9,1229,1,10,VAUXHALL CORSA,2,-1,0,-1
2020200959304,2020,200959304,1,9,0,18,19,8,4,0,0,8,0,0,0,0,1,1,6,6,1,-1,-1,1398,1,10,VAUXHALL CORSA,-1,-1,0,-1
2020450954057,2020,450954057,1,9,0,15,15,1,1,0,0,0,1,10,2,7,2,1,5,6,2,21,5,1229,1,12,VAUXHALL CORSA,10,E01023715,0,-1
2020990958393,2020,990958393,2,9,0,8,8,2,3,0,0,8,0,0,0,0,1,1,5,6,2,25,5,1398,1,3,VAUXHALL CORSA,2,-1,0,-1
2020010261862,2020,010261862,1,9,0,9,9,3,1,0,0,6,0,0,0,0,3,1,2,2,1,32,6,1229,1,8,VAUXHALL CORSA,3,E01001547,0,-1
20201377K1683,2020,1377K1683,2,9,0,5,5,7,3,0,0,1,0,0,0,0,1,1,6,6,2,47,8,1229,1,7,VAUXHALL CORSA,8,E01011412,0,-1
2020010255416,2020,010255416,1,9,0,18,19,1,5,0,0,1,0,0,0,0,4,1,6,6,2,32,6,1229,1,11,VAUXHALL CORSA,9,E01015982,0,-1
2020552000372,2020,552000372,1,9,0,14,14,6,2,0,0,0,5,7,0,0,1,1,6,6,2,46,8,1229,1,13,VAUXHALL CORSA,6,E01015324,0,-1
2020010287067,2020,010287067,2,9,0,3,3,3,7,0,0,8,0,0,0,0,3,1,6,6,1,19,4,1229,1,13,VAUXHALL CORSA,1,E01004754,0,-1
2020230952068,2020,230952068,3,9,0,18,19,6,2,0,0,1,0,0,0,0,1,1,2,2,1,17,4,1229,1,8,VAUXHALL CORSA,10,E01029864,0,-1
2020990941757,2020,990941757,3,9,0,10,10,3,1,0,0,1,0,0,0,0,2,1,2,2,2,21,5,1398,1,1,VAUXHALL CORSA,3,-1,0,-1
2020522001066,2020,522001066,2,9,0,18,19,7,3,0,0,8,0,0,0,0,1,1,6,6,2,23,5,1229,1,10,VAUXHALL CORSA,2,E01029131,0,-1
2020990990842,2020,990990842,1,9,0,18,19,2,6,0,0,0,0,0,1,0,4,1,5,6,2,35,6,1229,1,6,VAUXHALL CORSA,1,-1,0,-1
2020160985129,2020,160985129,1,9,0,16,19,4,8,0,0,0,0,0,7,4,1,1,5,6,2,24,5,1398,1,9,VAUXHALL CORSA,9,E01019409,0,-1
2020411005193,2020,411005193,1,9,0,7,7,2,8,0,0,8,0,0,0,0,4,1,2,2,1,29,6,1229,1,8,VAUXHALL CORSA,9,E01017389,0,-1
2020010253290,2020,010253290,1,9,0,9,9,1,7,0,0,5,0,0,0,0,4,1,6,6,2,35,6,1364,1,12,VAUXHALL CORSA,1,E01001424,0,-1
2020010248472,2020,010248472,2,9,0,12,12,5,1,0,0,2,0,4,0,0,1,1,2,2,2,55,8,1389,1,15,VAUXHALL CORSA,6,E01003764,0,-1
2020332000145,2020,332000145,1,9,0,18,19,1,5,0,0,0,0,0,4,6,4,1,6,6,1,28,6,1248,2,7,VAUXHALL CORSA,10,E01028359,0,-1
2020420963498,2020,420963498,1,9,0,4,4,1,5,0,0,0,0,0,0,0,1,1,2,2,1,21,5,1229,1,7,VAUXHALL CORSA,3,E01021852,0,-1
2020990981605,2020,990981605,1,9,0,18,19,6,2,0,0,8,0,0,0,0,1,1,5,6,1,23,5,1398,1,5,VAUXHALL CORSA,2,-1,0,-1
2020470959597,2020,470959597,2,9,0,4,4,6,2,0,0,0,0,0,0,0,2,1,6,6,2,23,5,1364,1,13,VAUXHALL CORSA,5,E01021100,0,-1
2020450921644,2020,450921644,1,9,0,17,19,1,5,0,0,0,1,0,0,0,3,1,6,6,1,30,6,1229,1,7,VAUXHALL CORSA,8,E01030449,0,-1
2020040941475,2020,040941475,2,9,0,18,19,5,1,0,0,0,1,0,2,7,1,1,5,6,2,50,8,1398,1,7,VAUXHALL CORSA,4,E01023154,0,-1
2020990936854,2020,990936854,2,9,0,17,19,2,7,0,0,0,0,0,0,0,1,1,2,2,1,31,6,1229,1,8,VAUXHALL CORSA,6,-1,0,-1
2020010244144,2020,010244144,2,9,9,99,99,9,9,99,99,9,9,99,9,99,9,9,6,6,3,-1,-1,1229,1,12,VAUXHALL CORSA,-1,-1,0,-1
2020010261438,2020,010261438,2,9,0,99,99,9,9,99,99,1,9,99,9,99,1,9,6,6,3,-1,-1,1229,1,12,VAUXHALL CORSA,6,E01021794,0,-1
202031C069020,2020,31C069020,1,9,0,18,19,6,2,0,0,8,0,0,0,0,3,1,6,6,2,47,8,1229,1,14,VAUXHALL CORSA,1,E01013860,0,-1
2020052000679,2020,052000679,1,9,0,18,19,5,1,0,0,2,0,0,0,0,4,1,6,6,2,62,9,1398,1,1,VAUXHALL CORSA,3,E01007181,0,-1
2020361005931,2020,361005931,1,9,0,9,9,1,7,0,0,1,0,0,0,0,1,1,5,6,1,30,6,1229,1,10,VAUXHALL CORSA,7,E01026835,0,-1
2020221010425,2020,221010425,1,9,0,18,19,4,8,0,0,6,0,0,0,0,1,1,5,6,1,19,4,1398,1,3,VAUXHALL CORSA,5,E01009169,0,-1
2020010266898,2020,010266898,1,9,0,99,99,9,9,99,99,9,9,99,9,99,2,9,6,6,2,49,8,1248,2,8,VAUXHALL CORSA,5,E01017923,0,-1
2020410962721,2020,410962721,1,9,0,14,14,2,4,0,0,0,0,0,0,0,1,1,1,1,2,29,6,1229,1,6,VAUXHALL CORSA,7,E01023901,0,-1
2020010284302,2020,010284302,3,9,0,4,4,1,5,0,0,0,0,0,0,0,1,1,6,6,1,25,5,1364,1,5,VAUXHALL CORSA,7,E01021792,0,-1
2020400973438,2020,400973438,1,9,0,18,19,3,7,0,0,2,0,0,0,0,1,1,6,6,3,-1,-1,1199,1,0,VAUXHALL CORSA,-1,-1,0,-1
2020201000573,2020,201000573,2,9,0,18,19,1,5,0,0,8,0,0,0,0,1,1,6,6,2,59,9,1398,1,10,VAUXHALL CORSA,5,E01010517,0,-1
2020140950204,2020,140950204,1,9,0,18,19,4,8,0,0,0,1,7,5,6,1,1,5,6,1,22,5,1364,1,11,VAUXHALL CORSA,3,E01028020,0,-1
2020522004104,2020,522004104,2,9,0,18,19,8,3,0,0,8,0,0,0,0,1,1,6,6,2,23,5,1398,1,6,VAUXHALL CORSA,6,E01015002,0,-1
2020470948504,2020,470948504,1,9,0,18,19,6,2,0,0,0,2,0,1,4,1,1,2,2,2,28,6,1229,1,8,VAUXHALL CORSA,5,E01031807,0,-1
2020430339597,2020,430339597,1,9,0,18,19,2,6,0,0,0,0,0,0,0,1,1,6,6,1,58,9,1248,2,12,VAUXHALL CORSA,8,E01017788,0,-1
2020010244644,2020,010244644,1,9,0,17,19,7,3,0,0,7,0,0,0,0,1,1,6,6,2,30,6,1229,1,5,VAUXHALL CORSA,1,E01003192,0,-1
2020302000141,2020,302000141,1,9,0,18,19,6,2,0,0,2,0,4,0,0,1,1,6,6,2,84,11,998,1,7,VAUXHALL CORSA,10,E01019881,0,-1
2020460947773,2020,460947773,2,9,0,18,19,5,1,0,0,0,0,0,0,0,4,1,5,6,1,73,10,1398,1,6,VAUXHALL CORSA,7,E01024234,0,-1
2020137931789,2020,137931789,2,9,0,7,7,5,1,0,0,6,0,0,0,0,2,1,6,6,1,20,4,1229,1,11,VAUXHALL CORSA,2,E01011237,0,-1
202006L271961,2020,06L271961,1,9,0,18,19,3,7,0,0,0,0,4,0,0,4,1,6,6,1,76,11,1229,1,7,VAUXHALL CORSA,2,E01006344,0,-1
2020010286129,2020,010286129,1,9,0,99,99,9,9,99,99,0,9,99,9,99,2,9,6,6,2,26,6,1248,2,12,VAUXHALL CORSA,5,E01016376,0,-1
2020990928195,2020,990928195,1,9,0,10,10,8,5,0,0,1,0,0,0,0,1,1,5,6,2,89,11,1199,1,17,VAUXHALL CORSA,9,-1,0,-1
202031C022720,2020,31C022720,1,9,0,9,9,7,5,0,0,6,0,0,0,0,3,1,6,6,1,52,8,1398,1,7,VAUXHALL CORSA,1,E01013859,0,-1
2020160976898,2020,160976898,1,9,0,4,4,6,2,0,0,0,0,0,0,0,2,1,5,6,1,25,5,1398,1,5,VAUXHALL CORSA,7,E01011329,0,-1
2020220971741,2020,220971741,2,9,0,3,3,2,6,0,0,1,0,0,0,0,2,1,5,6,2,43,7,1199,1,16,VAUXHALL CORSA,4,E01017198,0,-1
2020430404323,2020,430404323,1,9,0,6,6,8,8,0,0,5,0,0,0,0,3,1,6,6,1,20,4,1229,1,7,VAUXHALL CORSA,8,E01028547,0,-1
202031C048220,2020,31C048220,1,9,0,18,19,2,6,0,0,1,0,0,7,1,3,1,6,6,2,22,5,1229,1,4,VAUXHALL CORSA,1,E01013962,0,-1
2020220993819,2020,220993819,1,9,0,18,19,2,6,0,0,0,1,0,1,11,1,1,5,6,2,40,7,1364,1,11,VAUXHALL CORSA,5,E01014023,0,-1
2020010243173,2020,010243173,1,9,0,99,99,9,9,99,99,0,9,99,9,99,1,1,6,6,2,27,6,1364,1,12,VAUXHALL CORSA,4,E01032639,0,-1
2020160938245,2020,160938245,2,9,0,18,19,5,1,0,0,0,0,0,0,0,2,1,6,6,2,30,6,1229,1,13,VAUXHALL CORSA,1,E01012880,0,-1
2020010246512,2020,010246512,1,9,0,3,3,8,4,0,0,4,0,0,0,0,1,1,6,6,2,61,9,1364,1,11,VAUXHALL CORSA,9,E01002256,0,-1
2020302001002,2020,302001002,1,9,0,12,12,8,4,0,0,8,0,0,0,0,1,1,2,2,1,23,5,1364,1,11,VAUXHALL CORSA,3,E01013453,0,-1
2020010274977,2020,010274977,2,9,0,99,99,9,9,99,99,9,9,99,9,99,1,9,6,6,3,-1,-1,998,1,9,VAUXHALL CORSA,4,E01000498,0,-1
2020470986842,2020,470986842,1,9,0,16,19,6,1,0,0,1,0,0,0,0,1,1,1,1,1,24,5,1229,1,9,VAUXHALL CORSA,9,E01031416,0,-1
202031B069120,2020,31B069120,1,9,0,9,9,6,4,0,0,6,0,0,1,0,3,1,6,6,1,18,4,1364,1,13,VAUXHALL CORSA,7,E01028323,0,-1
2020010233261,2020,010233261,1,9,0,99,99,9,9,99,99,9,9,99,9,99,2,9,6,6,2,39,7,1398,1,1,VAUXHALL CORSA,5,E01000489,0,-1
2020010230665,2020,010230665,2,9,0,99,99,9,9,99,99,9,9,99,9,99,1,9,6,6,3,-1,-1,1248,2,6,VAUXHALL CORSA,-1,-1,0,-1
2020052001588,2020,052001588,2,9,0,3,3,4,8,0,0,1,0,0,0,0,2,1,6,6,1,21,5,1229,1,13,VAUXHALL CORSA,7,E01007225,0,-1
2020200990086,2020,200990086,2,9,0,10,10,8,4,0,0,1,0,0,0,0,1,1,6,6,2,22,5,998,1,10,VAUXHALL CORSA,2,E01009233,0,-1
202031C127020,2020,31C127020,1,9,0,7,7,8,5,0,0,6,1,0,0,0,3,1,3,7,1,31,6,1398,1,6,VAUXHALL CORSA,1,E01013861,0,-1
2020040984125,2020,040984125,2,9,0,18,19,1,1,0,0,1,0,0,0,0,1,1,5,6,1,33,6,1199,1,16,VAUXHALL CORSA,1,E01012622,0,-1
2020440255278,2020,440255278,3,9,0,2,2,0,0,0,0,0,0,0,0,0,2,1,6,6,2,20,4,1229,1,12,VAUXHALL CORSA,3,E01022803,0,-1
2020549396920,2020,549396920,1,9,0,18,19,3,7,0,0,1,0,0,1,1,1,1,6,6,1,18,4,1229,1,7,VAUXHALL CORSA,8,E01032705,0,-1
2020990942229,2020,990942229,1,9,0,9,9,7,4,9,9,0,0,0,0,0,3,1,1,1,2,32,6,1398,1,1,VAUXHALL CORSA,2,-1,0,-1
2020200992103,2020,200992103,2,9,0,18,19,6,2,0,0,8,1,0,0,0,4,1,6,6,2,23,5,1248,2,10,VAUXHALL CORSA,2,E01010405,0,-1
2020230944580,2020,230944580,1,9,0,16,19,3,6,0,0,0,0,0,1,11,1,1,6,6,2,20,4,1229,1,8,VAUXHALL CORSA,8,E01031162,0,-1
2020411017279,2020,411017279,2,9,0,5,5,1,5,0,0,4,0,0,0,0,1,1,5,6,2,81,11,1398,1,5,VAUXHALL CORSA,9,E01023378,0,-1
2020991002822,2020,991002822,1,9,0,16,19,6,1,0,0,1,1,0,7,0,1,1,6,6,1,19,4,1398,1,4,VAUXHALL CORSA,8,-1,0,-1
2020010240700,2020,010240700,1,9,0,99,99,9,9,99,99,0,9,99,9,99,9,9,6,6,2,-1,-1,1229,1,10,VAUXHALL CORSA,2,E01004365,0,-1
2020220972489,2020,220972489,2,9,0,17,19,7,4,0,0,2,0,0,0,0,1,1,5,6,1,18,4,1229,1,14,VAUXHALL CORSA,8,E01032287,0,-1
2020460950581,2020,460950581,1,9,0,18,19,4,8,0,0,0,1,0,2,7,1,1,5,6,2,34,6,1364,1,12,VAUXHALL CORSA,10,E01024353,0,-1
2020010238484,2020,010238484,2,9,0,9,9,7,5,0,0,5,0,0,0,0,3,1,6,6,1,25,5,1229,1,11,VAUXHALL CORSA,7,E01021613,0,-1
2020440210074,2020,440210074,1,9,0,7,7,1,3,0,0,8,0,0,0,0,1,1,6,6,2,26,6,1248,2,12,VAUXHALL CORSA,4,E01017172,0,-1
2020461010353,2020,461010353,2,9,0,4,4,7,3,0,0,1,0,0,0,0,2,1,1,1,1,26,6,1229,1,6,VAUXHALL CORSA,2,E01024505,0,-1
2020320374509,2020,320374509,2,9,0,18,19,7,3,0,0,0,0,0,0,0,1,1,6,6,2,32,6,1398,1,2,VAUXHALL CORSA,10,E01026812,0,-1
202006M471451,2020,06M471451,2,9,0,18,19,2,6,0,0,2,1,0,3,0,1,1,6,6,1,18,4,1229,1,9,VAUXHALL CORSA,9,E01012518,0,-1
2020420952467,2020,420952467,1,9,0,18,19,1,5,0,0,0,0,0,0,0,1,1,5,6,1,17,4,1229,1,8,VAUXHALL CORSA,7,E01021902,0,-1
2020350955895,2020,350955895,1,9,0,18,19,7,3,0,0,0,0,0,0,0,1,1,6,6,1,32,6,1229,1,9,VAUXHALL CORSA,1,E01015663,0,-1
2020530980537,2020,530980537,1,9,0,18,19,5,1,0,0,0,0,0,0,0,1,1,3,7,2,46,8,1364,1,11,VAUXHALL CORSA,6,E01032934,0,-1
2020141003310,2020,141003310,1,9,0,18,19,7,3,0,0,1,0,0,0,0,1,1,1,1,1,22,5,1229,1,11,VAUXHALL CORSA,8,E01007818,0,-1
2020140986679,2020,140986679,1,9,0,12,12,6,2,0,0,0,2,4,0,0,1,1,5,6,1,21,5,1398,1,1,VAUXHALL CORSA,6,E01007424,0,-1
2020460986398,2020,460986398,1,9,0,9,9,3,1,0,0,8,0,0,0,0,4,1,6,6,2,23,5,999,1,4,VAUXHALL CORSA,4,E01024579,0,-1
2020010272487,2020,010272487,1,9,0,99,99,9,9,99,99,9,9,99,9,99,2,9,6,6,1,20,4,1398,1,7,VAUXHALL CORSA,4,E01001396,0,-1
2020351003126,2020,351003126,1,9,-1,18,19,3,7,0,0,0,0,0,0,0,3,1,6,6,1,45,7,1229,1,14,VAUXHALL CORSA,2,E01015657,0,-1
2020010250413,2020,010250413,6,9,0,2,2,0,0,0,0,2,0,0,0,0,4,1,6,6,3,-1,-1,1229,1,14,VAUXHALL CORSA,-1,-1,0,-1
2020010260006,2020,010260006,1,9,0,99,99,9,9,99,99,9,9,99,9,99,9,9,6,6,2,53,8,1229,1,11,VAUXHALL CORSA,1,E01000524,0,-1
2020041020055,2020,041020055,2,9,0,3,3,7,3,0,0,4,1,0,0,0,4,1,5,6,2,70,10,1229,1,13,VAUXHALL CORSA,9,E01024901,0,-1
2020200954509,2020,200954509,1,9,0,9,9,5,3,0,0,6,0,0,0,0,1,1,6,6,1,22,5,1229,1,14,VAUXHALL CORSA,3,E01009995,0,-1
2020500963141,2020,500963141,2,9,0,4,4,3,7,0,0,1,0,0,0,0,2,1,6,6,2,21,5,1229,1,10,VAUXHALL CORSA,3,E01020104,0,-1
2020070675723,2020,070675723,1,9,0,16,19,8,4,0,0,0,1,0,7,10,1,1,6,6,1,20,4,1398,1,6,VAUXHALL CORSA,5,E01018426,0,-1
20201376D1791,2020,1376D1791,1,9,0,18,19,6,3,0,0,8,0,0,0,0,0,1,6,6,1,23,5,1229,1,9,VAUXHALL CORSA,1,E01010744,0,-1
2020450998128,2020,450998128,1,9,0,18,19,1,5,0,0,1,0,0,0,0,3,1,5,6,1,18,4,1248,2,14,VAUXHALL CORSA,6,E01030455,0,-1
2020201010470,2020,201010470,1,9,0,17,19,4,2,0,0,2,1,10,1,11,4,1,2,2,1,24,5,973,1,17,VAUXHALL CORSA,2,E01010071,0,-1
2020010286197,2020,010286197,2,9,0,9,9,3,1,0,0,2,0,0,0,0,1,1,6,6,1,28,6,1229,1,13,VAUXHALL CORSA,7,E01001608,0,-1
202031A150720,2020,31A150720,1,9,0,9,9,7,5,0,0,6,0,0,0,0,3,1,1,1,1,23,5,998,1,16,VAUXHALL CORSA,2,E01028271,0,-1
2020160954740,2020,160954740,1,9,0,1,1,4,1,0,0,8,0,0,0,0,2,1,6,6,2,-1,-1,998,1,15,VAUXHALL CORSA,-1,-1,0,-1
2020440148401,2020,440148401,1,9,0,18,19,5,1,0,0,0,0,0,0,0,1,1,6,6,1,18,4,1229,1,8,VAUXHALL CORSA,10,E01032859,0,-1
2020420941951,2020,420941951,1,9,0,17,19,5,1,0,0,2,0,0,0,0,1,1,5,6,1,31,6,1398,1,1,VAUXHALL CORSA,5,E01015992,0,-1
2020010235542,2020,010235542,4,9,0,18,19,7,3,0,0,0,0,0,0,0,3,1,6,6,1,32,6,1229,1,7,VAUXHALL CORSA,3,E01001825,0,-1
2020200993471,2020,200993471,1,9,0,13,13,8,4,0,0,8,0,0,0,0,1,1,6,6,1,64,9,1598,1,12,VAUXHALL CORSA,4,E01009894,0,-1
2020010250491,2020,010250491,1,9,0,18,19,1,5,0,0,1,0,4,0,0,1,1,6,6,1,47,8,1229,1,8,VAUXHALL CORSA,9,E01000421,0,-1
2020010249122,2020,010249122,1,9,0,4,4,7,3,0,0,0,0,0,0,0,2,1,6,6,1,22,5,1229,1,10,VAUXHALL CORSA,2,E01001328,0,-1
2020220962987,2020,220962987,2,9,0,18,19,5,1,0,0,0,0,0,0,0,3,1,6,6,2,56,9,1398,1,3,VAUXHALL CORSA,5,E01014078,0,-1
2020137BC0936,2020,137BC0936,1,9,0,18,19,6,2,0,0,0,0,0,0,0,1,1,6,6,1,80,11,1229,1,11,VAUXHALL CORSA,10,E01011213,0,-1
2020230994301,2020,230994301,3,9,0,4,4,6,2,0,0,0,0,0,0,0,2,1,5,6,1,20,4,1229,1,7,VAUXHALL CORSA,7,E01009645,0,-1
2020460988128,2020,460988128,2,9,0,18,19,6,2,0,0,0,0,0,0,0,4,1,6,6,2,20,4,1229,1,7,VAUXHALL CORSA,8,E01024261,0,-1
2020320069795,2020,320069795,3,9,0,18,19,6,2,0,0,2,0,0,0,0,2,1,6,6,1,22,5,1364,1,15,VAUXHALL CORSA,6,E01026244,0,-1
2020302001722,2020,302001722,1,9,0,17,19,8,5,0,0,0,1,0,1,4,4,1,2,2,1,38,7,1364,1,14,VAUXHALL CORSA,1,E01013479,0,-1
2020450923701,2020,450923701,1,9,0,4,4,6,2,0,0,0,0,0,0,0,2,1,2,2,2,37,7,1398,1,6,VAUXHALL CORSA,10,E01022602,0,-1
2020610015320,2020,610015320,2,9,0,16,19,3,6,0,0,1,0,0,0,0,1,1,1,1,2,28,6,1229,1,5,VAUXHALL CORSA,4,W01001405,0,-1
2020200999121,2020,200999121,2,9,0,18,19,8,4,0,0,6,0,0,0,0,3,1,6,6,2,41,7,1229,1,5,VAUXHALL CORSA,1,E01032889,0,-1
2020420920847,2020,420920847,1,9,0,18,19,1,5,0,0,0,2,0,1,0,3,1,5,6,1,25,5,998,1,13,VAUXHALL CORSA,1,E01016010,0,-1
2020430392843,2020,430392843,2,9,0,10,10,3,1,0,0,1,0,0,0,0,2,1,1,1,1,-1,-1,998,1,16,VAUXHALL CORSA,4,E01028632,0,-1
2020010233640,2020,010233640,1,9,0,99,99,9,9,99,99,9,9,99,9,99,2,9,6,6,1,21,5,1229,1,5,VAUXHALL CORSA,2,E01004413,0,-1