collision_index,collision_year,collision_ref_no,vehicle_reference,vehicle_type,towing_and_articulation,vehicle_manoeuvre_historic,vehicle_manoeuvre,vehicle_direction_from,vehicle_direction_to,vehicle_location_restricted_lane_historic,vehicle_location_restricted_lane,junction_location,skidding_and_overturning,hit_object_in_carriageway,vehicle_leaving_carriageway,hit_object_off_carriageway,first_point_of_impact,vehicle_left_hand_drive,journey_purpose_of_driver_historic,journey_purpose_of_driver,sex_of_driver,age_of_driver,age_band_of_driver,engine_capacity_cc,propulsion_code,age_of_vehicle,generic_make_model,driver_imd_decile,lsoa_of_driver,escooter_flag,driver_distance_banding
2020440478082,2020,440478082,1,9,0,18,19,6,2,0,0,0,0,0,0,0,1,1,2,2,2,19,4,1229,1,6,VAUXHALL CORSA,6,E01023183,0,-1
2020170L20450,2020,170L20450,1,9,0,8,8,3,5,0,0,1,0,0,0,0,3,1,6,6,2,56,9,998,1,7,VAUXHALL CORSA,10,E01032549,0,-1
2020990947875,2020,990947875,2,9,0,1,1,2,6,0,0,0,0,0,0,0,2,1,5,6,2,19,4,1398,1,4,VAUXHALL CORSA,7,-1,0,-1
2020200931317,2020,200931317,2,9,0,1,1,1,7,0,0,6,0,0,0,0,2,1,6,6,2,23,5,1398,1,10,VAUXHALL CORSA,3,E01010094,0,-1
2020500925015,2020,500925015,1,9,0,17,19,1,5,0,0,0,5,0,0,0,1,1,1,1,2,48,8,1248,2,9,VAUXHALL CORSA,2,E01015073,0,-1
2020470994096,2020,470994096,1,9,0,5,5,8,2,0,0,4,0,0,0,0,1,1,2,2,1,63,9,1229,1,8,VAUXHALL CORSA,7,E01021212,0,-1
2020160942923,2020,160942923,1,9,0,9,9,3,7,0,0,1,0,7,3,1,1,1,6,6,1,24,5,-1,-1,-1,VAUXHALL CORSA,6,E01013021,0,-1
2020430212963,2020,430212963,1,9,0,9,9,4,1,0,0,0,0,0,7,5,1,1,6,6,1,22,5,1229,1,12,VAUXHALL CORSA,9,E01028738,0,-1
2020140939761,2020,140939761,2,9,0,5,5,6,8,0,0,2,0,0,0,0,3,1,6,6,1,31,6,1248,2,14,VAUXHALL CORSA,3,E01007969,0,-1
2020161002364,2020,161002364,1,9,0,18,19,3,7,0,0,1,0,7,0,0,1,1,5,6,1,90,11,1398,1,2,VAUXHALL CORSA,5,E01013287,0,-1
2020200987266,2020,200987266,1,9,0,3,3,6,2,0,0,1,0,0,0,0,2,1,6,6,1,20,4,1229,1,8,VAUXHALL CORSA,2,E01010362,0,-1
20201378I1021,2020,1378I1021,1,9,0,12,12,8,4,0,0,8,0,0,0,0,3,1,6,6,2,24,5,1398,1,10,VAUXHALL CORSA,1,E01010803,0,-1
2020552000334,2020,552000334,2,9,0,10,10,2,6,0,0,1,0,0,0,0,2,1,6,6,1,24,5,1362,1,7,VAUXHALL CORSA,10,E01015399,0,-1
2020010252162,2020,010252162,1,9,9,4,4,5,1,99,99,9,9,0,0,0,2,9,6,6,2,59,9,1229,1,12,VAUXHALL CORSA,6,E01001665,0,-1
2020501007197,2020,501007197,1,9,0,15,15,4,8,0,0,0,0,0,0,0,1,1,2,2,1,22,5,1364,1,11,VAUXHALL CORSA,4,E01019049,0,-1
2020552000642,2020,552000642,1,9,0,18,19,1,5,0,0,0,0,0,0,0,1,1,6,6,2,38,7,1398,1,3,VAUXHALL CORSA,2,E01015280,0,-1
2020552000840,2020,552000840,3,9,0,3,3,2,6,0,0,0,0,0,0,0,2,1,6,6,2,63,9,1398,1,7,VAUXHALL CORSA,10,E01020402,0,-1
2020460997472,2020,460997472,4,9,0,3,3,3,7,0,0,1,0,0,0,0,3,1,6,6,2,59,9,1398,1,2,VAUXHALL CORSA,9,E01024773,0,-1
2020137C10409,2020,137C10409,1,9,0,18,19,8,4,0,0,0,0,0,0,0,4,1,6,6,2,48,8,1364,1,3,VAUXHALL CORSA,4,E01011757,0,-1
202006A168973,2020,06A168973,2,9,0,2,2,0,0,0,0,8,0,0,1,0,2,1,6,6,1,30,6,1398,1,1,VAUXHALL CORSA,-1,-1,0,-1
2020140996617,2020,140996617,2,9,0,18,19,5,1,0,0,1,0,0,0,0,1,1,1,1,3,-1,-1,1364,1,12,VAUXHALL CORSA,-1,-1,0,-1
2020010252090,2020,010252090,1,9,0,7,7,1,4,0,0,3,0,0,0,0,4,1,6,6,1,35,6,1229,1,7,VAUXHALL CORSA,6,E01003641,0,-1
2020420934915,2020,420934915,1,9,0,9,9,1,7,0,0,8,0,0,0,0,1,1,6,6,1,20,4,998,1,11,VAUXHALL CORSA,6,E01016000,0,-1
2020990919310,2020,990919310,2,9,0,9,9,8,6,0,0,4,0,0,0,0,1,1,5,6,2,33,6,1229,1,13,VAUXHALL CORSA,2,-1,0,-1
2020450991283,2020,450991283,1,9,0,5,5,1,5,0,0,2,0,0,0,0,1,1,5,6,2,20,4,1229,1,9,VAUXHALL CORSA,6,E01004109,0,-1
20201371M0654,2020,1371M0654,1,9,0,5,5,2,6,0,0,1,0,0,0,0,4,1,6,6,1,18,4,998,1,9,VAUXHALL CORSA,2,E01011726,0,-1
2020010228950,2020,010228950,1,9,0,18,19,7,3,0,0,0,0,0,0,0,1,1,6,6,1,53,8,1229,1,9,VAUXHALL CORSA,3,E01003565,0,-1
2020522003874,2020,522003874,1,9,0,7,7,1,3,0,0,8,0,4,0,0,1,1,6,6,2,81,11,1398,1,2,VAUXHALL CORSA,2,E01014630,0,-1
2020110940003,2020,110940003,1,9,0,13,13,5,1,0,0,1,0,0,7,0,1,1,6,6,1,27,6,1199,1,16,VAUXHALL CORSA,4,E01020715,0,-1
2020100943249,2020,100943249,2,9,0,18,19,1,5,0,0,0,0,0,0,0,1,1,5,6,2,55,8,1229,1,15,VAUXHALL CORSA,8,E01027370,0,-1
2020141008072,2020,141008072,1,9,0,7,7,5,8,0,0,3,0,10,1,0,3,1,6,6,2,30,6,998,1,15,VAUXHALL CORSA,2,E01008125,0,-1
2020460948180,2020,460948180,2,9,0,18,19,5,1,0,0,2,0,0,0,0,3,1,1,1,1,23,5,998,1,12,VAUXHALL CORSA,5,E01024282,0,-1
2020622000622,2020,622000622,1,9,0,18,19,6,2,0,0,0,0,0,0,0,4,1,6,6,1,18,4,1398,1,5,VAUXHALL CORSA,3,W01001285,0,-1
202063D023520,2020,63D023520,2,9,0,18,19,2,6,0,0,1,0,0,0,0,3,1,6,6,2,53,8,1229,1,8,VAUXHALL CORSA,3,W01000479,0,-1
2020200992536,2020,200992536,3,9,0,2,2,0,0,0,0,0,0,0,0,0,2,1,6,6,3,-1,-1,1199,1,0,VAUXHALL CORSA,-1,-1,0,-1
2020400997525,2020,400997525,2,9,0,16,19,5,1,0,0,8,1,0,1,0,1,1,6,6,2,73,10,1229,1,14,VAUXHALL CORSA,9,E01015806,0,-1
2020160953734,2020,160953734,1,9,0,9,9,2,8,0,0,2,0,0,0,0,4,1,5,6,2,27,6,1364,1,11,VAUXHALL CORSA,4,E01013320,0,-1
20201371B1433,2020,1371B1433,1,9,0,18,19,3,7,0,0,8,0,0,0,0,1,1,6,6,1,24,5,1229,1,15,VAUXHALL CORSA,6,E01010922,0,-1
2020340N04192,2020,340N04192,2,9,0,18,19,5,1,0,0,1,0,0,0,0,1,1,6,6,1,21,5,1229,1,12,VAUXHALL CORSA,1,E01027168,0,-1
2020140960036,2020,140960036,1,9,0,18,19,4,8,0,0,1,0,0,0,0,1,1,6,6,1,55,8,1248,2,11,VAUXHALL CORSA,1,E01007794,0,-1
2020010266905,2020,010266905,2,9,9,99,99,9,9,99,99,9,9,99,9,99,9,9,6,6,1,18,4,999,1,4,VAUXHALL CORSA,-1,-1,0,-1
2020460970666,2020,460970666,2,9,0,2,2,0,0,0,0,1,0,0,0,0,3,1,6,6,1,52,8,1686,2,9,VAUXHALL CORSA,2,E01001748,0,-1
2020160958875,2020,160958875,2,9,0,9,9,5,3,0,0,1,0,0,0,0,2,1,5,6,2,40,7,1229,1,10,VAUXHALL CORSA,1,E01013296,0,-1
2020430029132,2020,430029132,1,9,0,9,9,1,7,0,0,6,0,0,0,0,1,1,6,6,1,27,6,1229,1,7,VAUXHALL CORSA,8,E01016403,0,-1
2020211025932,2020,211025932,2,9,0,4,4,2,6,0,0,-1,0,0,0,0,1,1,6,6,1,21,5,1248,2,16,VAUXHALL CORSA,2,E01014337,0,-1
2020302000517,2020,302000517,2,9,0,4,4,2,6,0,0,0,0,0,0,0,2,1,6,6,1,52,8,-1,-1,-1,VAUXHALL CORSA,3,E01013453,0,-1
2020430367428,2020,430367428,2,9,0,9,9,4,2,0,0,5,0,0,0,0,1,1,6,6,2,-1,-1,1199,1,16,VAUXHALL CORSA,-1,-1,0,-1
2020140935792,2020,140935792,2,9,0,10,10,7,3,0,0,1,0,0,0,0,3,1,2,2,1,54,8,1398,1,10,VAUXHALL CORSA,5,E01007459,0,-1
2020100948232,2020,100948232,2,9,0,4,4,7,4,0,0,1,0,0,0,0,4,1,6,6,2,41,7,1398,1,8,VAUXHALL CORSA,4,E01008209,0,-1
2020010270437,2020,010270437,2,9,0,99,99,9,9,99,99,9,9,99,9,99,9,9,6,6,3,18,4,1398,1,3,VAUXHALL CORSA,2,E01003731,0,-1
2020552000259,2020,552000259,1,9,0,5,5,3,7,0,0,0,1,0,0,0,4,1,6,6,1,19,4,1248,2,12,VAUXHALL CORSA,4,E01015321,0,-1
2020201020667,2020,201020667,2,9,0,18,19,4,8,0,0,8,0,7,0,0,1,1,6,6,2,20,4,1229,1,12,VAUXHALL CORSA,1,E01010238,0,-1
2020200937276,2020,200937276,1,9,0,18,19,4,8,9,9,6,0,0,0,0,1,1,6,6,2,19,4,1229,1,5,VAUXHALL CORSA,10,E01009827,0,-1
2020430210808,2020,430210808,1,9,0,18,19,3,5,0,0,0,0,0,0,0,2,1,6,6,1,26,6,1229,1,6,VAUXHALL CORSA,3,E01016720,0,-1
2020010269061,2020,010269061,1,9,0,10,10,1,7,0,0,6,0,0,0,0,1,1,6,6,1,55,8,998,1,6,VAUXHALL CORSA,7,E01004138,0,-1
2020520003058,2020,520003058,1,9,0,5,5,4,6,0,0,1,0,0,0,0,2,1,6,6,2,19,4,1398,1,10,VAUXHALL CORSA,7,E01020074,0,-1
2020552000315,2020,552000315,1,9,0,18,19,8,4,0,0,8,0,0,3,10,1,1,6,6,2,20,4,1248,2,14,VAUXHALL CORSA,5,E01019886,0,-1
2020141000419,2020,141000419,4,9,0,18,19,3,7,0,0,0,0,0,0,0,1,1,5,6,1,41,7,1248,2,8,VAUXHALL CORSA,1,E01007948,0,-1
2020160950261,2020,160950261,1,9,0,9,9,7,5,0,0,0,0,0,0,0,1,1,5,6,2,49,8,1248,2,5,VAUXHALL CORSA,7,E01013100,0,-1
2020990970865,2020,990970865,1,9,0,9,9,7,4,0,0,1,0,0,0,0,1,1,6,6,2,81,11,998,1,13,VAUXHALL CORSA,4,-1,0,-1
2020160990917,2020,160990917,3,9,0,18,19,6,2,0,0,0,0,0,0,0,1,1,5,6,2,67,10,1229,1,11,VAUXHALL CORSA,5,E01012824,0,-1
2020070700449,2020,070700449,1,9,0,5,5,1,4,0,0,1,0,0,0,0,0,1,3,7,1,17,4,998,1,10,VAUXHALL CORSA,2,E01018564,0,-1
2020200988105,2020,200988105,2,9,0,18,19,8,4,0,0,2,0,0,0,0,0,1,6,6,3,22,5,1229,1,6,VAUXHALL CORSA,2,E01010299,0,-1
2020201004630,2020,201004630,2,9,0,18,19,4,8,0,0,8,0,0,0,0,1,1,6,6,1,18,4,1229,1,13,VAUXHALL CORSA,2,E01009833,0,-1
2020200924260,2020,200924260,1,9,0,9,9,1,8,0,0,6,0,0,0,0,3,1,6,6,1,50,8,1195,1,23,VAUXHALL CORSA,3,E01010092,0,-1
2020010273876,2020,010273876,2,9,0,99,99,9,9,99,99,8,9,99,9,99,1,9,6,6,3,-1,-1,1364,1,11,VAUXHALL CORSA,-1,-1,0,-1
2020100925670,2020,100925670,1,9,0,18,19,3,7,0,0,0,0,0,1,0,3,1,6,6,2,68,10,1229,1,14,VAUXHALL CORSA,8,E01027372,0,-1
2020160955138,2020,160955138,1,9,0,18,19,6,2,0,0,1,0,0,0,0,1,1,5,6,2,58,9,973,1,18,VAUXHALL CORSA,10,E01013064,0,-1
2020010231807,2020,010231807,1,9,0,7,7,1,3,0,0,2,0,4,0,0,1,1,6,6,1,28,6,1229,1,13,VAUXHALL CORSA,3,E01001147,0,-1
2020010254121,2020,010254121,2,9,0,99,99,9,9,0,0,8,0,0,0,0,1,1,6,6,2,20,4,1229,1,12,VAUXHALL CORSA,5,E01002352,0,-1
2020420928440,2020,420928440,2,9,0,9,9,7,5,0,0,1,0,0,0,0,4,1,6,6,2,28,6,1229,1,13,VAUXHALL CORSA,1,E01022001,0,-1
2020552000548,2020,552000548,1,9,0,5,5,8,4,0,0,0,0,0,0,0,4,1,2,2,2,61,9,1398,1,3,VAUXHALL CORSA,3,E01015426,0,-1
2020990936092,2020,990936092,2,9,0,4,4,4,8,0,0,0,0,0,0,0,2,1,1,1,2,50,8,1398,1,3,VAUXHALL CORSA,5,-1,0,-1
2020200970043,2020,200970043,1,9,0,1,1,8,4,0,0,0,0,0,0,0,2,1,6,6,1,21,5,1398,1,4,VAUXHALL CORSA,1,E01009329,0,-1
2020440346219,2020,440346219,1,9,0,9,9,5,3,0,0,8,0,0,0,0,1,1,1,1,2,42,7,1248,2,7,VAUXHALL CORSA,2,E01017115,0,-1
2020340N03712,2020,340N03712,2,9,0,18,19,6,2,0,0,8,0,0,0,0,1,1,6,6,1,37,7,1229,1,12,VAUXHALL CORSA,3,E01027196,0,-1
2020460973891,2020,460973891,1,9,0,18,19,7,3,0,0,0,1,0,0,0,1,1,5,6,1,23,5,1229,1,6,VAUXHALL CORSA,9,E01016112,0,-1
2020440204856,2020,440204856,2,9,0,9,9,5,3,0,0,6,0,0,0,0,0,1,6,6,1,36,7,1229,1,7,VAUXHALL CORSA,5,E01022832,0,-1
2020230970190,2020,230970190,1,9,0,16,19,4,7,0,0,0,1,0,7,9,4,1,5,6,2,18,4,1229,1,14,VAUXHALL CORSA,4,E01031008,0,-1
2020010276171,2020,010276171,2,9,0,3,3,5,1,0,0,0,0,0,0,0,0,1,6,6,2,34,6,1229,1,5,VAUXHALL CORSA,3,E01001192,0,-1
2020990970673,2020,990970673,1,9,0,18,19,7,3,0,0,0,0,0,0,0,1,1,1,1,1,73,10,-1,-1,-1,VAUXHALL CORSA,-1,-1,0,-1
2020460979203,2020,460979203,1,9,0,7,7,6,8,0,0,6,0,0,0,0,3,1,5,6,1,31,6,1199,1,19,VAUXHALL CORSA,2,E01000431,0,-1
2020420940117,2020,420940117,3,9,0,4,4,3,7,0,0,0,0,0,0,0,2,1,6,6,1,37,7,1686,2,17,VAUXHALL CORSA,1,E01016010,0,-1
2020200963177,2020,200963177,1,9,0,18,19,1,5,0,0,0,0,0,0,0,4,1,6,6,2,18,4,1229,1,7,VAUXHALL CORSA,8,E01010437,0,-1
2020010268409,2020,010268409,2,9,0,99,99,9,9,0,0,0,0,0,0,0,2,9,6,6,2,-1,-1,1229,1,9,VAUXHALL CORSA,-1,-1,0,-1
2020420931313,2020,420931313,1,9,0,18,19,7,4,0,0,1,0,0,0,0,1,1,6,6,1,44,7,1199,1,17,VAUXHALL CORSA,3,E01015884,0,-1
2020400949606,2020,400949606,2,9,0,18,19,1,5,0,0,1,0,0,7,0,1,2,5,6,1,18,4,1364,1,13,VAUXHALL CORSA,4,E01015782,0,-1
2020400989259,2020,400989259,1,9,0,18,19,6,2,0,0,0,0,0,0,0,2,1,5,6,1,33,6,1199,1,0,VAUXHALL CORSA,1,E01007277,0,-1
2020201013946,2020,201013946,1,9,0,9,9,6,5,0,0,6,0,0,0,0,3,1,6,6,2,27,6,1229,1,7,VAUXHALL CORSA,1,E01010450,0,-1
2020990946844,2020,990946844,2,9,0,18,19,5,2,0,0,0,0,0,0,0,1,1,5,6,2,23,5,1229,1,6,VAUXHALL CORSA,7,-1,0,-1
2020430292486,2020,430292486,1,9,0,18,19,6,2,0,0,8,0,0,0,0,1,1,6,6,1,73,10,1398,1,2,VAUXHALL CORSA,8,E01028510,0,-1
2020340N00292,2020,340N00292,4,9,0,2,2,0,0,0,0,2,0,0,0,0,3,1,6,6,2,24,5,1398,1,5,VAUXHALL CORSA,9,E01027218,0,-1
202063D071220,2020,63D071220,1,9,0,17,19,1,6,0,0,0,0,0,2,10,1,1,6,6,1,83,11,1229,1,9,VAUXHALL CORSA,5,E01028859,0,-1
2020137AM0333,2020,137AM0333,2,9,0,2,2,0,0,0,0,1,0,0,0,0,2,1,6,6,2,38,7,1364,1,13,VAUXHALL CORSA,1,E01011617,0,-1
2020070629342,2020,070629342,1,9,0,18,19,5,1,0,0,0,0,0,0,0,1,1,1,1,1,62,9,1398,1,5,VAUXHALL CORSA,1,E01005497,0,-1
2020440175325,2020,440175325,1,9,0,17,19,2,8,0,0,3,0,10,0,0,1,1,6,6,1,22,5,1248,2,9,VAUXHALL CORSA,8,E01033380,0,-1
2020460928961,2020,460928961,1,9,0,16,19,7,2,0,0,0,0,0,0,0,1,1,5,6,1,35,6,1229,1,10,VAUXHALL CORSA,6,E01024314,0,-1
2020010236351,2020,010236351,1,9,0,10,10,1,6,0,0,1,0,0,0,0,1,1,6,6,2,27,6,1229,1,13,VAUXHALL CORSA,2,E01033581,0,-1
2020991000365,2020,991000365,1,9,0,18,19,8,4,0,0,0,5,0,1,11,3,1,5,6,1,17,4,1229,1,8,VAUXHALL CORSA,3,-1,0,-1
2020010277430,2020,010277430,1,9,0,13,13,3,7,0,0,1,1,0,1,4,4,1,6,6,2,24,5,1248,2,12,VAUXHALL CORSA,5,E01001149,0,-1
2020070789686,2020,070789686,2,9,0,18,19,5,1,0,0,0,0,0,0,0,1,1,2,2,2,26,6,1229,1,11,VAUXHALL CORSA,1,E01018476,0,-1
202031D142420,2020,31D142420,1,9,0,18,19,3,7,0,0,0,1,0,0,0,1,1,6,6,1,18,4,1229,1,14,VAUXHALL CORSA,9,E01028196,0,-1
2020440479159,2020,440479159,1,9,0,17,19,6,2,0,0,0,2,0,7,10,0,1,2,2,1,19,4,1199,1,17,VAUXHALL CORSA,9,E01022564,0,-1
2020460980814,2020,460980814,2,9,0,18,19,7,3,0,0,8,0,0,0,0,3,1,6,6,2,56,9,1199,1,0,VAUXHALL CORSA,8,E01024605,0,-1
20201372L1391,2020,1372L1391,1,9,0,4,4,7,3,0,0,0,1,0,0,0,1,1,6,6,2,23,5,1229,1,10,VAUXHALL CORSA,4,E01006188,0,-1
2020100925450,2020,100925450,1,9,0,4,4,5,1,0,0,0,0,0,0,0,1,1,2,2,1,18,4,1229,1,7,VAUXHALL CORSA,7,E01020684,0,-1
2020540803720,2020,540803720,1,9,0,18,19,4,8,0,0,0,0,0,0,0,1,1,1,1,1,18,4,1229,1,9,VAUXHALL CORSA,8,E01015472,0,-1
2020302000429,2020,302000429,1,9,0,17,19,1,6,0,0,8,0,0,0,0,2,1,6,6,2,39,7,1398,1,4,VAUXHALL CORSA,3,E01019400,0,-1
2020200948379,2020,200948379,1,9,0,14,14,6,2,0,0,0,0,0,0,0,4,1,6,6,1,31,6,1229,1,8,VAUXHALL CORSA,1,E01009404,0,-1
2020201016950,2020,201016950,2,9,0,2,2,0,0,0,0,1,0,0,0,0,0,1,1,1,1,-1,-1,1248,2,8,VAUXHALL CORSA,-1,-1,0,-1
2020137BJ1272,2020,137BJ1272,1,9,0,4,4,4,8,0,0,1,0,0,0,0,1,1,6,6,1,21,5,998,1,10,VAUXHALL CORSA,4,E01010599,0,-1
20201371M0183,2020,1371M0183,1,9,0,9,9,8,4,0,0,8,0,0,0,0,3,1,2,2,2,30,6,1229,1,9,VAUXHALL CORSA,2,E01011758,0,-1
2020100916551,2020,100916551,2,9,0,9,9,1,7,0,0,0,0,0,0,0,4,1,5,6,1,18,4,1398,1,1,VAUXHALL CORSA,9,E01008234,0,-1
2020460930753,2020,460930753,2,9,0,18,19,6,2,0,0,0,0,0,0,0,3,1,6,6,1,18,4,1398,1,3,VAUXHALL CORSA,9,E01016112,0,-1
2020421003927,2020,421003927,2,9,0,2,2,0,0,0,0,0,0,0,0,0,1,1,1,1,1,56,9,-1,-1,-1,VAUXHALL CORSA,4,E01030028,0,-1
202031C024720,2020,31C024720,1,9,0,2,2,0,0,0,0,0,0,0,0,0,4,1,1,1,2,55,8,1248,2,7,VAUXHALL CORSA,1,E01013860,0,-1
2020040941902,2020,040941902,2,9,0,4,4,5,1,0,0,1,0,0,0,0,2,1,5,6,2,69,10,1398,1,1,VAUXHALL CORSA,4,E01012634,0,-1
2020991003734,2020,991003734,1,9,0,4,4,7,2,0,0,1,1,0,0,0,1,1,2,2,1,22,5,1398,1,1,VAUXHALL CORSA,3,-1,0,-1
2020110939465,2020,110939465,1,9,0,16,19,5,1,0,0,0,0,0,7,4,1,1,5,6,2,32,6,998,1,13,VAUXHALL CORSA,2,E01020780,0,-1
2020140952105,2020,140952105,1,9,0,4,4,7,3,0,0,4,0,0,0,0,1,1,5,6,1,59,9,998,1,8,VAUXHALL CORSA,1,E01008092,0,-1
2020410967295,2020,410967295,1,9,0,3,3,5,1,0,0,3,0,0,0,0,3,1,5,6,1,33,6,1398,1,10,VAUXHALL CORSA,10,E01023436,0,-1
2020200937785,2020,200937785,1,9,0,18,19,7,3,0,0,8,0,0,0,0,1,1,6,6,1,29,6,1398,1,5,VAUXHALL CORSA,1,E01009059,0,-1
2020140931982,2020,140931982,3,9,0,18,19,2,6,0,0,1,0,0,0,0,3,1,6,6,2,21,5,1364,1,11,VAUXHALL CORSA,5,E01008045,0,-1
2020400933725,2020,400933725,2,9,-1,-1,-1,-1,-1,-1,-1,-1,-1,-1,-1,0,-1,1,5,6,2,55,8,1229,1,12,VAUXHALL CORSA,4,E01015750,0,-1
2020460955571,2020,460955571,1,9,0,18,19,1,5,0,0,1,0,0,0,0,1,1,6,6,3,-1,-1,1229,1,15,VAUXHALL CORSA,-1,-1,0,-1
2020450961321,2020,450961321,2,9,0,4,4,7,3,0,0,1,0,0,0,0,1,1,6,6,2,26,6,1229,1,13,VAUXHALL CORSA,-1,-1,0,-1
2020420973532,2020,420973532,1,9,0,4,4,4,7,0,0,3,0,0,0,0,1,1,5,6,2,48,8,1229,1,6,VAUXHALL CORSA,10,E01021591,0,-1
2020010267182,2020,010267182,1,9,0,5,5,1,5,0,0,4,0,0,1,0,1,1,6,6,1,20,4,1229,1,7,VAUXHALL CORSA,-1,-1,0,-1
2020460944937,2020,460944937,1,9,0,18,19,1,5,0,0,0,0,0,0,0,1,1,5,6,1,56,9,1229,1,7,VAUXHALL CORSA,8,E01016087,0,-1
2020100925738,2020,100925738,2,9,0,3,3,7,3,0,0,0,0,0,0,0,2,1,6,6,1,17,4,1229,1,6,VAUXHALL CORSA,10,E01027492,0,-1
2020137BP0700,2020,137BP0700,2,9,0,18,19,7,4,0,0,1,0,0,0,0,1,1,2,2,2,20,4,1398,1,4,VAUXHALL CORSA,2,E01011862,0,-1
2020040972004,2020,040972004,3,9,0,11,11,1,5,0,0,0,0,0,0,0,2,1,5,6,1,44,7,1199,1,18,VAUXHALL CORSA,-1,-1,0,-1
2020460929144,2020,460929144,1,9,0,15,15,5,1,0,0,0,0,0,0,0,1,1,6,6,1,-1,-1,1248,2,15,VAUXHALL CORSA,-1,-1,0,-1
2020520100718,2020,520100718,2,9,0,4,4,6,2,0,0,1,0,0,0,0,1,1,6,6,1,18,4,1229,1,8,VAUXHALL CORSA,9,E01029260,0,-1
2020010252499,2020,010252499,1,9,0,10,10,7,6,0,0,4,0,0,0,0,1,1,1,1,1,43,7,998,1,13,VAUXHALL CORSA,8,E01003470,0,-1
2020041008567,2020,041008567,2,9,0,18,19,7,5,0,0,8,0,0,0,0,3,1,2,2,2,43,7,1364,1,14,VAUXHALL CORSA,8,E01012613,0,-1
2020030983936,2020,030983936,1,9,0,18,19,1,5,0,0,0,0,0,0,0,1,1,5,6,1,32,6,998,1,14,VAUXHALL CORSA,-1,-1,0,-1
2020320129090,2020,320129090,2,9,0,12,12,1,1,0,0,3,0,0,0,0,1,1,6,6,1,20,4,1229,1,13,VAUXHALL CORSA,-1,-1,0,-1
2020010279947,2020,010279947,1,9,0,18,19,3,7,0,0,1,0,0,0,0,1,1,3,7,2,26,6,998,1,10,VAUXHALL CORSA,2,E01003057,0,-1
2020010262816,2020,010262816,2,9,0,9,9,3,8,0,0,1,0,0,0,0,3,1,6,6,2,26,6,1229,1,13,VAUXHALL CORSA,9,E01000205,0,-1
2020122100062,2020,122100062,1,9,0,4,4,3,7,0,0,0,0,0,0,0,1,1,6,6,1,18,4,1248,2,7,VAUXHALL CORSA,7,E01027705,0,-1
2020420959257,2020,420959257,2,9,0,8,8,1,3,0,0,0,0,0,0,0,2,1,5,6,2,60,9,1398,1,8,VAUXHALL CORSA,4,E01021815,0,-1
20201372S1869,2020,1372S1869,2,9,0,8,8,3,5,0,0,8,0,0,0,0,1,1,6,6,1,37,7,1229,1,14,VAUXHALL CORSA,2,E01010740,0,-1
2020530992905,2020,530992905,2,9,0,4,4,7,3,0,0,1,1,0,0,0,1,1,5,6,1,22,5,1229,1,12,VAUXHALL CORSA,10,E01028706,0,-1
2020052000946,2020,052000946,1,9,0,2,2,0,0,0,0,0,0,0,0,0,3,1,2,2,1,61,9,998,1,16,VAUXHALL CORSA,1,E01006967,0,-1
2020461011020,2020,461011020,2,9,0,9,9,4,2,0,0,2,0,0,0,0,1,1,6,6,2,47,8,1362,1,6,VAUXHALL CORSA,10,E01032826,0,-1
2020548571420,2020,548571420,2,9,0,18,19,7,3,0,0,8,0,0,1,2,3,1,6,6,1,20,4,1364,1,12,VAUXHALL CORSA,8,E01031977,0,-1
2020522002536,2020,522002536,1,9,0,3,3,3,7,0,0,1,0,0,0,0,2,1,6,6,2,52,8,1248,2,5,VAUXHALL CORSA,2,E01014529,0,-1
2020040919655,2020,040919655,1,9,0,7,7,5,7,0,0,8,0,0,0,0,1,1,5,6,1,21,5,1229,1,5,VAUXHALL CORSA,1,E01025295,0,-1
2020220936059,2020,220936059,1,9,0,13,13,4,8,0,0,0,0,0,0,0,0,1,5,6,2,31,6,1229,1,6,VAUXHALL CORSA,8,E01032233,0,-1
202006A376973,2020,06A376973,2,9,0,18,19,4,8,0,0,1,0,0,0,0,1,1,1,1,2,41,7,1229,1,7,VAUXHALL CORSA,1,E01005255,0,-1
2020160991462,2020,160991462,2,9,0,18,19,6,2,0,0,2,0,0,0,0,1,1,6,6,1,-1,-1,1229,1,6,VAUXHALL CORSA,6,E01012822,0,-1
2020421004047,2020,421004047,1,9,0,18,19,5,1,0,0,0,0,4,0,0,1,1,2,2,1,21,5,1598,1,13,VAUXHALL CORSA,7,E01021887,0,-1
2020420976934,2020,420976934,2,9,0,18,19,2,7,0,0,0,1,0,1,7,1,1,5,6,1,21,5,1598,1,12,VAUXHALL CORSA,8,E01033142,0,-1
2020990979810,2020,990979810,1,9,0,16,19,5,1,0,0,0,1,0,0,0,1,2,5,6,2,21,5,1229,1,12,VAUXHALL CORSA,6,-1,0,-1
2020010280609,2020,010280609,2,9,0,18,19,7,3,0,0,0,0,0,0,0,1,1,6,6,1,41,7,1364,1,11,VAUXHALL CORSA,5,E01001652,0,-1
2020220958822,2020,220958822,1,9,0,1,1,8,4,0,0,6,0,0,0,0,2,1,5,6,1,46,8,1248,2,6,VAUXHALL CORSA,2,E01014105,0,-1