collision_index,collision_year,collision_ref_no,vehicle_reference,vehicle_type,towing_and_articulation,vehicle_manoeuvre_historic,vehicle_manoeuvre,vehicle_direction_from,vehicle_direction_to,vehicle_location_restricted_lane_historic,vehicle_location_restricted_lane,junction_location,skidding_and_overturning,hit_object_in_carriageway,vehicle_leaving_carriageway,hit_object_off_carriageway,first_point_of_impact,vehicle_left_hand_drive,journey_purpose_of_driver_historic,journey_purpose_of_driver,sex_of_driver,age_of_driver,age_band_of_driver,engine_capacity_cc,propulsion_code,age_of_vehicle,generic_make_model,driver_imd_decile,lsoa_of_driver,escooter_flag,driver_distance_banding
2020351003991,2020,351003991,1,9,0,14,14,5,3,0,0,1,1,1,0,0,3,1,2,2,1,24,5,1248,2,12,VAUXHALL CORSA,1,E01015604,0,-1
202031D100920,2020,31D100920,1,9,0,17,19,3,6,0,0,0,1,10,1,9,2,1,6,6,2,27,6,1364,1,15,VAUXHALL CORSA,9,E01028394,0,-1
2020400920224,2020,400920224,1,9,0,17,19,1,3,0,0,0,0,0,1,9,1,1,6,6,1,34,6,1199,1,16,VAUXHALL CORSA,6,E01017391,0,-1
2020522101053,2020,522101053,1,9,0,9,9,3,1,0,0,8,0,0,0,0,4,1,6,6,1,29,6,1398,1,4,VAUXHALL CORSA,3,E01014684,0,-1
2020450986843,2020,450986843,1,9,0,2,2,3,7,0,0,0,0,0,0,0,3,1,5,6,1,22,5,998,1,9,VAUXHALL CORSA,6,E01017142,0,-1
2020200933068,2020,200933068,1,9,0,5,5,5,1,0,0,1,0,0,0,0,1,1,6,6,1,21,5,1398,1,10,VAUXHALL CORSA,9,E01031036,0,-1
2020160932324,2020,160932324,2,9,0,9,9,7,3,0,0,8,0,0,0,0,1,1,6,6,1,20,4,1229,1,9,VAUXHALL CORSA,7,E01013014,0,-1
2020221002651,2020,221002651,1,9,0,17,19,3,8,0,0,0,2,0,7,11,4,1,1,1,2,28,6,1229,1,11,VAUXHALL CORSA,9,E01032351,0,-1
2020332000091,2020,332000091,2,9,0,12,12,1,5,0,0,0,0,0,0,0,1,1,6,6,3,-1,-1,1364,1,13,VAUXHALL CORSA,-1,-1,0,-1
202031C172220,2020,31C172220,1,9,0,18,19,1,5,0,0,8,0,0,0,0,1,1,1,1,1,25,5,1199,1,17,VAUXHALL CORSA,4,E01027933,0,-1
2020450980775,2020,450980775,2,9,0,18,19,1,5,0,0,0,0,0,0,0,2,1,5,6,2,22,5,1398,1,3,VAUXHALL CORSA,2,E01002608,0,-1
2020400970229,2020,400970229,2,9,0,18,19,3,7,0,0,0,0,0,0,0,4,1,5,6,2,29,6,1398,1,9,VAUXHALL CORSA,7,E01017510,0,-1
2020470970204,2020,470970204,1,9,0,17,19,2,8,0,0,0,5,4,0,0,1,1,5,6,2,20,4,1248,2,16,VAUXHALL CORSA,3,E01031552,0,-1
2020541283520,2020,541283520,1,9,0,18,19,3,7,0,0,0,1,0,1,4,4,1,6,6,1,18,4,998,1,16,VAUXHALL CORSA,7,E01015583,0,-1
2020400963489,2020,400963489,1,9,0,18,19,5,1,0,0,0,0,0,0,0,2,1,5,6,2,20,4,1196,1,23,VAUXHALL CORSA,7,E01017379,0,-1
2020350962458,2020,350962458,1,9,0,18,19,1,5,0,0,0,0,0,0,0,1,1,5,6,2,18,4,998,1,8,VAUXHALL CORSA,9,E01018291,0,-1
2020470969998,2020,470969998,2,9,0,17,19,6,4,0,0,1,0,0,0,0,1,1,5,6,2,57,9,1398,1,8,VAUXHALL CORSA,8,E01021170,0,-1
20201374P0944,2020,1374P0944,2,9,0,18,19,4,8,0,0,8,0,0,0,0,1,1,6,6,2,24,5,1229,1,5,VAUXHALL CORSA,8,E01011169,0,-1
20201376H0690,2020,1376H0690,1,9,0,18,19,3,7,0,0,1,0,0,0,0,2,1,6,6,1,35,6,1398,1,4,VAUXHALL CORSA,1,E01010817,0,-1
2020470979760,2020,470979760,1,9,0,18,19,5,1,0,0,8,0,0,0,0,1,1,1,1,1,24,5,1229,1,11,VAUXHALL CORSA,4,E01016871,0,-1
2020500983103,2020,500983103,1,9,0,16,19,1,5,0,0,0,0,0,0,0,1,1,5,6,1,27,6,1598,1,12,VAUXHALL CORSA,3,E01019070,0,-1
2020302001332,2020,302001332,2,9,0,5,5,3,1,0,0,6,0,0,0,0,1,1,6,6,2,18,4,1248,2,10,VAUXHALL CORSA,7,E01013558,0,-1
2020140920430,2020,140920430,1,9,0,18,19,5,1,0,0,8,0,10,1,10,4,1,5,6,2,18,4,998,1,12,VAUXHALL CORSA,4,E01007390,0,-1
2020140980562,2020,140980562,1,9,0,4,4,5,1,0,0,4,0,0,0,0,2,1,2,2,2,48,8,1398,1,1,VAUXHALL CORSA,2,E01007448,0,-1
2020420972974,2020,420972974,1,9,0,1,1,1,5,9,9,5,0,0,0,0,0,1,6,6,1,20,4,1398,1,3,VAUXHALL CORSA,7,E01028678,0,-1
2020440287465,2020,440287465,1,9,0,13,13,1,5,0,0,8,0,0,0,0,4,1,6,6,2,21,5,1248,2,16,VAUXHALL CORSA,2,E01022819,0,-1
2020400995929,2020,400995929,1,9,0,5,5,5,7,0,0,1,0,0,0,0,1,1,5,6,2,24,5,1229,1,14,VAUXHALL CORSA,10,E01017405,0,-1
2020340E03082,2020,340E03082,3,9,0,2,2,0,0,0,0,0,0,0,0,0,2,1,6,6,3,-1,-1,1229,1,6,VAUXHALL CORSA,-1,-1,0,-1
2020052002574,2020,052002574,1,9,0,9,9,3,4,0,0,2,0,0,0,0,3,1,6,6,2,60,9,1229,1,7,VAUXHALL CORSA,4,E01006584,0,-1
2020137752163,2020,137752163,1,9,0,13,13,3,7,0,0,0,1,0,2,6,4,1,6,6,1,25,5,1229,1,8,VAUXHALL CORSA,1,E01010808,0,-1
2020100967632,2020,100967632,2,9,0,3,3,7,3,0,0,0,0,0,0,0,2,1,1,1,1,35,6,1398,1,2,VAUXHALL CORSA,-1,-1,0,-1
2020460970205,2020,460970205,2,9,0,18,19,4,8,0,0,0,0,0,0,0,3,1,6,6,1,63,9,1248,2,8,VAUXHALL CORSA,3,E01032815,0,-1
2020522005184,2020,522005184,1,9,0,13,13,5,1,0,0,0,0,0,0,0,1,1,6,6,1,22,5,1248,2,11,VAUXHALL CORSA,2,E01033347,0,-1
2020220976186,2020,220976186,2,9,0,18,19,2,6,0,0,0,0,0,0,0,3,1,5,6,1,22,5,1229,1,15,VAUXHALL CORSA,3,E01010018,0,-1
2020010252417,2020,010252417,1,9,0,99,99,9,9,99,99,1,9,99,9,99,3,9,2,2,2,25,5,1229,1,14,VAUXHALL CORSA,4,E01033579,0,-1
2020440479538,2020,440479538,1,9,0,17,19,2,6,0,0,0,2,0,2,10,4,1,6,6,2,19,4,998,1,15,VAUXHALL CORSA,5,E01022603,0,-1
2020450954496,2020,450954496,1,9,0,4,4,3,8,0,0,0,0,0,0,0,2,1,1,1,2,59,9,1398,1,5,VAUXHALL CORSA,10,E01022876,0,-1
2020200969350,2020,200969350,1,9,0,9,9,7,5,0,0,5,0,0,0,0,1,1,6,6,1,24,5,1248,2,6,VAUXHALL CORSA,2,E01010096,0,-1
2020410919795,2020,410919795,2,9,0,18,19,3,7,0,0,4,0,0,0,0,3,1,6,6,1,90,11,1398,1,9,VAUXHALL CORSA,10,E01023711,0,-1
2020170L20540,2020,170L20540,2,9,0,18,19,4,8,0,0,1,0,0,0,0,1,1,6,6,1,18,4,1398,1,8,VAUXHALL CORSA,1,E01012077,0,-1
2020500989717,2020,500989717,1,9,0,5,5,3,7,0,0,4,0,0,0,0,1,1,6,6,2,32,6,1229,1,11,VAUXHALL CORSA,2,E01020280,0,-1
2020430441685,2020,430441685,3,9,0,2,2,0,0,0,0,0,0,0,0,0,4,1,6,6,3,-1,-1,1398,1,8,VAUXHALL CORSA,-1,-1,0,-1
2020070126229,2020,070126229,2,9,0,18,19,2,6,0,0,0,0,0,0,0,1,1,6,6,1,20,4,1248,2,14,VAUXHALL CORSA,2,W01000318,0,-1
2020211025412,2020,211025412,1,9,0,18,19,3,7,0,0,0,0,0,0,0,1,1,6,6,2,-1,-1,1199,1,18,VAUXHALL CORSA,7,E01029660,0,-1
2020400950708,2020,400950708,1,9,0,18,19,2,6,0,0,8,0,0,0,0,2,1,1,1,1,26,6,1199,1,17,VAUXHALL CORSA,3,E01015761,0,-1
2020430436630,2020,430436630,2,9,0,18,19,4,8,0,0,1,0,0,0,0,1,1,6,6,2,-1,-1,1398,1,4,VAUXHALL CORSA,-1,-1,0,-1
2020122000258,2020,122000258,1,9,0,5,5,3,7,0,0,0,0,0,0,0,1,1,1,1,1,67,10,-1,-1,-1,VAUXHALL CORSA,6,E01013006,0,-1
2020302000752,2020,302000752,2,9,0,18,19,8,4,0,0,0,0,0,0,0,2,1,6,6,2,41,7,998,1,14,VAUXHALL CORSA,1,E01013535,0,-1
2020470985093,2020,470985093,1,9,0,12,12,6,2,0,0,0,0,0,0,0,1,1,2,2,1,37,7,1364,1,12,VAUXHALL CORSA,7,E01031626,0,-1
2020340E02922,2020,340E02922,1,9,0,18,19,5,1,0,0,0,0,0,0,0,1,1,6,6,1,32,6,1199,1,16,VAUXHALL CORSA,10,E01027077,0,-1
202063C038520,2020,63C038520,2,9,0,18,19,1,5,0,0,8,0,0,0,0,4,1,6,6,1,79,11,1398,1,4,VAUXHALL CORSA,8,W01000555,0,-1
2020200967069,2020,200967069,5,9,0,2,2,0,0,9,9,2,0,0,0,0,1,1,6,6,2,-1,-1,1229,1,8,VAUXHALL CORSA,1,E01009733,0,-1
2020622000200,2020,622000200,1,9,0,17,19,6,2,0,0,0,2,0,0,0,0,1,1,1,1,28,6,1398,1,7,VAUXHALL CORSA,3,W01001362,0,-1
2020400989477,2020,400989477,1,9,0,18,19,3,7,9,9,0,5,0,1,9,1,1,2,2,1,19,4,1398,1,6,VAUXHALL CORSA,10,E01017404,0,-1
2020200969564,2020,200969564,1,9,0,5,5,1,3,0,0,1,0,0,0,0,0,1,6,6,2,49,8,998,1,17,VAUXHALL CORSA,1,E01009173,0,-1
2020500940141,2020,500940141,1,9,0,4,4,1,5,0,0,8,0,0,0,0,1,1,5,6,1,39,7,973,1,18,VAUXHALL CORSA,9,E01019964,0,-1
2020160970633,2020,160970633,1,9,0,3,3,0,0,0,0,1,0,0,0,0,2,1,6,6,2,-1,-1,1248,2,10,VAUXHALL CORSA,1,E01012844,0,-1
2020122000985,2020,122000985,1,9,0,18,19,8,4,0,0,0,2,0,7,4,3,1,6,6,1,23,5,1199,1,20,VAUXHALL CORSA,3,E01006588,0,-1
2020110965934,2020,110965934,2,9,0,18,19,5,1,0,0,8,0,0,1,0,3,1,5,6,2,21,5,1248,2,8,VAUXHALL CORSA,1,E01020844,0,-1
2020370996363,2020,370996363,1,9,0,18,19,2,6,0,0,8,0,0,0,0,1,1,5,6,1,77,11,1398,1,5,VAUXHALL CORSA,5,E01030001,0,-1
2020430120396,2020,430120396,1,9,0,18,19,6,2,0,0,0,0,0,0,0,1,1,6,6,1,23,5,1398,1,4,VAUXHALL CORSA,9,E01016263,0,-1
2020991002410,2020,991002410,2,9,0,3,3,1,4,0,0,1,0,0,0,0,2,1,5,6,2,40,7,1398,1,3,VAUXHALL CORSA,3,-1,0,-1
2020522004631,2020,522004631,1,9,0,18,19,7,3,0,0,2,0,0,0,0,1,1,2,2,1,26,6,1229,1,13,VAUXHALL CORSA,7,E01032666,0,-1
2020200949067,2020,200949067,4,9,0,4,4,4,8,0,0,0,0,0,0,0,1,1,6,6,2,24,5,1229,1,7,VAUXHALL CORSA,7,E01010027,0,-1
2020460964153,2020,460964153,2,9,0,18,19,5,1,0,0,8,0,0,0,0,2,1,5,6,2,28,6,1598,1,10,VAUXHALL CORSA,3,E01001186,0,-1
2020622000977,2020,622000977,1,9,0,18,19,8,4,0,0,0,0,0,0,0,1,1,2,2,1,19,4,1229,1,8,VAUXHALL CORSA,10,W01000791,0,-1
2020500963947,2020,500963947,1,9,0,18,19,1,5,0,0,4,0,10,2,1,1,1,5,6,2,24,5,1248,2,14,VAUXHALL CORSA,2,E01015023,0,-1
2020010249913,2020,010249913,1,9,0,99,99,9,9,99,99,9,9,99,9,99,2,9,6,6,1,25,5,998,1,15,VAUXHALL CORSA,3,E01001649,0,-1
2020137641128,2020,137641128,1,9,0,18,19,4,8,0,0,1,0,0,0,0,1,1,6,6,1,29,6,1229,1,7,VAUXHALL CORSA,3,E01010779,0,-1
2020010252325,2020,010252325,1,9,3,18,19,7,3,0,0,0,0,10,4,6,3,1,2,2,1,20,4,998,1,7,VAUXHALL CORSA,2,E01021485,0,-1
2020460937933,2020,460937933,1,9,0,18,19,7,3,0,0,3,0,0,0,0,1,1,6,6,3,-1,-1,1398,1,6,VAUXHALL CORSA,-1,-1,0,-1
2020220940221,2020,220940221,1,9,0,18,19,7,3,0,0,0,5,0,0,0,3,1,5,6,2,30,6,1229,1,9,VAUXHALL CORSA,6,E01013589,0,-1
2020990923150,2020,990923150,1,9,0,10,10,4,2,0,0,2,0,0,0,0,4,1,6,6,2,47,8,1229,1,7,VAUXHALL CORSA,2,-1,0,-1
2020010946868,2020,010946868,1,9,0,13,13,1,5,0,0,0,0,0,0,0,4,1,5,6,1,31,6,1229,1,15,VAUXHALL CORSA,1,E01004204,0,-1
2020200931026,2020,200931026,1,9,0,18,19,2,6,0,0,1,0,0,0,0,1,1,6,6,1,84,11,1398,1,4,VAUXHALL CORSA,2,E01009758,0,-1
2020070074675,2020,070074675,2,9,0,8,8,8,2,0,0,4,0,0,0,0,1,1,6,6,1,-1,-1,1229,1,6,VAUXHALL CORSA,9,E01018408,0,-1
2020160929646,2020,160929646,2,9,0,17,19,2,8,0,0,8,0,0,0,0,1,1,5,6,1,19,4,1229,1,8,VAUXHALL CORSA,7,E01013010,0,-1
2020010258170,2020,010258170,2,9,0,2,2,0,0,0,0,0,0,0,0,0,1,1,6,6,3,-1,-1,1398,1,2,VAUXHALL CORSA,-1,-1,0,-1
202063A048220,2020,63A048220,1,9,0,18,19,8,4,0,0,0,0,0,7,10,1,1,6,6,1,17,4,1199,1,21,VAUXHALL CORSA,5,W01000662,0,-1
2020430236417,2020,430236417,1,9,0,11,11,8,4,0,0,5,2,0,7,4,1,1,6,6,2,19,4,998,1,9,VAUXHALL CORSA,10,E01017700,0,-1
202006L268937,2020,06L268937,1,9,0,7,7,1,3,0,0,1,1,0,7,9,1,1,6,6,3,30,6,1199,1,16,VAUXHALL CORSA,-1,-1,0,-1
202031D013220,2020,31D013220,1,9,0,18,19,3,7,0,0,1,5,4,0,0,1,1,6,6,1,80,11,1199,1,17,VAUXHALL CORSA,8,E01028131,0,-1
2020990979800,2020,990979800,1,9,0,18,19,8,3,0,0,0,0,0,0,0,1,1,6,6,1,18,4,1229,1,13,VAUXHALL CORSA,-1,-1,0,-1
2020200957821,2020,200957821,1,9,0,9,9,3,1,0,0,6,0,0,0,0,1,1,6,6,1,20,4,1248,2,10,VAUXHALL CORSA,3,E01010070,0,-1
2020500995318,2020,500995318,1,9,0,18,19,3,7,0,0,4,0,0,0,0,3,1,6,6,1,17,4,1229,1,11,VAUXHALL CORSA,8,E01020333,0,-1
2020220946804,2020,220946804,1,9,0,9,9,2,7,0,0,5,0,0,0,0,4,1,5,6,1,46,8,1248,2,12,VAUXHALL CORSA,1,E01010367,0,-1
2020430301119,2020,430301119,1,9,0,9,9,5,3,0,0,8,0,0,0,0,1,1,6,6,1,79,11,1229,1,10,VAUXHALL CORSA,9,E01028485,0,-1
2020030970178,2020,030970178,1,9,0,18,19,1,5,0,0,0,1,0,4,0,1,1,5,6,1,39,7,998,1,9,VAUXHALL CORSA,6,E01019335,0,-1
2020622100023,2020,622100023,1,9,0,4,4,8,6,0,0,1,0,0,0,0,3,1,2,2,1,21,5,1229,1,9,VAUXHALL CORSA,4,W01001152,0,-1
2020010274544,2020,010274544,2,9,9,99,99,9,9,99,99,0,9,99,9,99,9,9,6,6,1,33,6,1199,1,18,VAUXHALL CORSA,9,E01020352,0,-1
2020430106509,2020,430106509,1,9,0,17,19,8,6,0,0,0,5,10,2,4,1,1,6,6,2,18,4,1229,1,7,VAUXHALL CORSA,7,E01016297,0,-1
2020450976634,2020,450976634,2,9,0,18,19,7,3,0,0,0,0,0,0,0,2,1,2,2,2,55,8,1229,1,15,VAUXHALL CORSA,10,E01030444,0,-1
202031D106520,2020,31D106520,2,9,0,9,9,4,2,0,0,5,0,0,1,0,4,1,6,6,1,22,5,1229,1,13,VAUXHALL CORSA,10,E01028216,0,-1
2020010272010,2020,010272010,1,9,0,99,99,9,9,99,99,9,9,99,9,99,9,9,6,6,3,22,5,1364,1,11,VAUXHALL CORSA,2,E01003943,0,-1
2020500995334,2020,500995334,1,9,0,9,9,1,3,0,0,6,0,0,0,0,3,1,2,2,2,69,10,1248,2,9,VAUXHALL CORSA,4,E01019972,0,-1
2020160970930,2020,160970930,4,9,0,18,19,1,5,0,0,0,0,0,0,0,2,1,6,6,2,46,8,998,1,17,VAUXHALL CORSA,1,E01012898,0,-1
2020200927478,2020,200927478,1,9,0,18,19,4,8,0,0,0,0,4,0,0,4,1,6,6,2,30,6,1398,1,1,VAUXHALL CORSA,6,E01010358,0,-1
2020990976860,2020,990976860,1,9,0,9,9,2,8,0,0,1,0,0,0,0,1,1,2,2,2,18,4,1229,1,11,VAUXHALL CORSA,2,-1,0,-1
2020140986631,2020,140986631,1,9,0,4,4,6,1,0,0,1,0,0,0,0,4,1,6,6,1,21,5,1248,2,11,VAUXHALL CORSA,1,E01007461,0,-1
2020200932805,2020,200932805,1,9,0,6,6,8,8,0,0,2,0,0,0,0,1,1,1,1,2,-1,-1,1248,2,3,VAUXHALL CORSA,-1,-1,0,-1
2020990986039,2020,990986039,2,9,0,18,19,7,3,0,0,1,0,0,0,0,1,1,1,1,1,40,7,1229,1,13,VAUXHALL CORSA,6,-1,0,-1
2020201016222,2020,201016222,1,9,0,18,19,2,6,0,0,0,0,0,0,0,2,1,6,6,2,23,5,1229,1,10,VAUXHALL CORSA,-1,-1,0,-1
2020200980876,2020,200980876,2,9,0,9,9,1,8,0,0,8,0,0,0,0,4,1,6,6,1,32,6,1398,1,4,VAUXHALL CORSA,1,E01009270,0,-1
2020320190445,2020,320190445,1,9,0,18,19,5,1,0,0,0,5,0,1,0,0,1,6,6,1,38,7,1398,1,2,VAUXHALL CORSA,5,E01026284,0,-1
2020401010407,2020,401010407,1,9,0,5,5,5,4,0,0,1,0,0,0,0,1,1,5,6,1,45,7,1229,1,14,VAUXHALL CORSA,3,E01017484,0,-1
2020450950492,2020,450950492,2,9,0,18,19,1,5,0,0,0,1,0,0,0,1,1,6,6,1,25,5,1229,1,13,VAUXHALL CORSA,4,E01020578,0,-1
2020522100522,2020,522100522,1,9,0,18,19,5,1,0,0,0,5,0,2,4,4,1,6,6,1,35,6,1398,1,8,VAUXHALL CORSA,-1,-1,0,-1
202006F167596,2020,06F167596,1,9,0,18,19,8,4,0,0,1,0,0,0,0,1,1,6,6,3,30,6,1686,2,17,VAUXHALL CORSA,-1,-1,0,-1
2020200927366,2020,200927366,1,9,0,18,19,3,7,0,0,4,0,0,0,0,1,1,6,6,1,23,5,998,1,12,VAUXHALL CORSA,5,E01009245,0,-1
2020500956682,2020,500956682,1,9,0,9,9,2,8,0,0,5,0,0,0,0,1,1,5,6,2,63,9,1248,2,11,VAUXHALL CORSA,5,E01019901,0,-1
2020350972549,2020,350972549,1,9,0,18,19,7,3,0,0,3,0,0,0,0,4,1,6,6,2,74,10,1364,1,13,VAUXHALL CORSA,7,E01018025,0,-1
2020140949376,2020,140949376,1,9,0,9,9,6,4,0,0,8,0,0,0,0,4,1,5,6,2,20,4,1248,2,12,VAUXHALL CORSA,3,E01007449,0,-1
2020470951677,2020,470951677,1,9,0,9,9,3,5,0,0,0,0,0,0,0,1,1,6,6,1,23,5,1389,1,15,VAUXHALL CORSA,1,E01031454,0,-1
2020450990490,2020,450990490,1,9,0,4,4,6,2,0,0,1,0,0,0,0,2,1,5,6,1,21,5,1229,1,15,VAUXHALL CORSA,6,E01030843,0,-1
2020010237242,2020,010237242,2,9,0,18,19,9,9,0,0,0,9,0,0,99,1,9,6,6,3,-1,-1,1398,1,4,VAUXHALL CORSA,3,E01002599,0,-1
2020430168790,2020,430168790,1,9,0,18,19,6,2,0,0,0,2,0,7,0,1,1,6,6,1,36,7,1389,1,17,VAUXHALL CORSA,7,E01016221,0,-1
2020160918170,2020,160918170,1,9,0,9,9,1,7,0,0,6,0,0,3,11,3,1,5,6,2,49,8,1229,1,11,VAUXHALL CORSA,6,E01012979,0,-1
2020350972075,2020,350972075,1,9,0,5,5,7,3,0,0,2,0,0,0,0,0,1,6,6,1,50,8,1229,1,8,VAUXHALL CORSA,2,E01033111,0,-1
2020501007542,2020,501007542,1,9,0,9,9,5,4,0,0,1,0,0,0,0,3,1,1,1,2,27,6,1362,1,6,VAUXHALL CORSA,5,E01018847,0,-1
202006Q175795,2020,06Q175795,1,9,0,18,19,3,7,0,0,1,0,0,0,0,1,1,6,6,1,22,5,1248,2,4,VAUXHALL CORSA,4,E01005436,0,-1
2020450965393,2020,450965393,2,9,0,7,7,1,5,0,0,8,0,0,0,0,1,1,6,6,2,18,4,1229,1,10,VAUXHALL CORSA,5,E01030481,0,-1
2020010259895,2020,010259895,2,9,0,8,8,7,1,0,0,1,0,0,0,0,1,1,2,2,1,23,5,1398,1,2,VAUXHALL CORSA,-1,-1,0,-1
2020410970270,2020,410970270,2,9,0,18,19,3,7,0,0,0,0,0,0,0,0,1,5,6,1,28,6,1229,1,14,VAUXHALL CORSA,2,E01001437,0,-1
2020440393698,2020,440393698,1,9,0,9,9,2,8,0,0,8,0,0,0,0,1,1,6,6,1,25,5,1248,2,6,VAUXHALL CORSA,4,E01017234,0,-1
2020410968887,2020,410968887,1,9,0,18,19,3,7,0,0,0,0,0,0,0,1,1,5,6,2,47,8,1398,1,10,VAUXHALL CORSA,2,E01003501,0,-1
2020552000977,2020,552000977,2,9,0,3,3,4,8,0,0,1,0,0,0,0,4,1,2,2,2,22,5,998,1,13,VAUXHALL CORSA,6,E01015355,0,-1
202006XF77125,2020,06XF77125,1,9,0,18,19,5,1,0,0,0,0,0,0,0,4,1,6,6,3,-1,-1,998,1,16,VAUXHALL CORSA,-1,-1,0,-1
2020010279071,2020,010279071,1,9,0,18,19,1,5,0,0,0,0,0,0,0,1,1,6,6,2,39,7,1398,1,6,VAUXHALL CORSA,2,E01001877,0,-1
2020052000548,2020,052000548,2,9,0,18,19,1,5,0,0,8,0,0,0,0,1,1,6,6,2,48,8,1229,1,10,VAUXHALL CORSA,3,E01006533,0,-1
2020010264131,2020,010264131,2,9,0,18,19,4,8,0,0,0,0,0,4,2,1,1,6,6,1,61,9,1398,1,8,VAUXHALL CORSA,3,E01024291,0,-1
2020010252562,2020,010252562,1,9,0,18,19,1,5,0,0,0,0,0,0,0,1,1,6,6,2,56,9,1364,1,13,VAUXHALL CORSA,4,E01002346,0,-1
2020010236632,2020,010236632,2,9,0,99,99,9,9,0,0,0,9,99,9,99,9,9,6,6,1,29,6,1398,1,4,VAUXHALL CORSA,10,E01002959,0,-1
2020010242083,2020,010242083,2,9,0,99,99,9,9,99,99,9,9,99,9,99,9,9,6,6,3,-1,-1,1229,1,9,VAUXHALL CORSA,2,E01000785,0,-1
2020500988891,2020,500988891,2,9,0,17,19,7,3,0,0,0,0,0,0,0,2,1,2,2,1,40,7,1199,1,0,VAUXHALL CORSA,5,E01020235,0,-1
2020450989565,2020,450989565,1,9,0,17,19,3,7,0,0,0,5,10,1,10,4,1,2,2,1,22,5,1229,1,11,VAUXHALL CORSA,1,E01003065,0,-1
2020530966140,2020,530966140,1,9,0,9,9,1,5,0,0,1,0,0,1,0,1,1,6,6,2,18,4,1248,2,12,VAUXHALL CORSA,5,E01022379,0,-1
2020010260317,2020,010260317,2,9,0,3,3,1,5,0,0,2,0,0,0,0,2,1,6,6,1,31,6,1199,1,19,VAUXHALL CORSA,8,E01000420,0,-1
2020440239092,2020,440239092,1,9,0,18,19,2,6,0,0,0,0,0,0,0,3,1,2,2,2,38,7,1229,1,12,VAUXHALL CORSA,9,E01023130,0,-1
2020450998936,2020,450998936,3,9,0,15,15,1,5,0,0,0,0,0,0,0,0,1,6,6,2,35,6,1364,1,11,VAUXHALL CORSA,4,E01030710,0,-1
2020010234586,2020,010234586,1,9,9,99,99,9,9,0,0,9,9,99,0,0,9,9,-1,-1,3,-1,-1,1229,1,6,VAUXHALL CORSA,-1,-1,0,-1
2020052002333,2020,052002333,2,9,0,10,10,7,5,0,0,5,0,0,0,0,2,1,2,2,2,36,7,1398,1,4,VAUXHALL CORSA,3,E01006588,0,-1
2020530960819,2020,530960819,1,9,0,7,7,3,5,0,0,2,0,0,0,0,1,1,2,2,1,29,6,1398,1,4,VAUXHALL CORSA,9,E01022137,0,-1
2020010247877,2020,010247877,1,9,0,17,19,5,4,0,0,1,5,4,0,0,1,1,6,6,1,22,5,1398,1,2,VAUXHALL CORSA,7,E01000384,0,-1
2020432003254,2020,432003254,1,9,0,18,19,4,2,0,0,2,1,4,7,0,1,1,6,6,2,31,6,1248,2,10,VAUXHALL CORSA,4,E01016716,0,-1
2020161004479,2020,161004479,1,9,0,9,9,6,4,0,0,1,0,0,0,0,3,1,6,6,2,18,4,1398,1,5,VAUXHALL CORSA,9,E01012974,0,-1
2020200987844,2020,200987844,3,9,0,18,19,4,8,0,0,1,0,0,0,0,0,1,1,1,1,-1,-1,1248,2,6,VAUXHALL CORSA,-1,-1,0,-1
2020430266704,2020,430266704,1,9,0,9,9,6,4,0,0,8,0,0,0,0,2,1,6,6,1,29,6,1199,1,1,VAUXHALL CORSA,5,E01016518,0,-1
2020410987017,2020,410987017,3,9,0,13,13,5,1,0,0,0,2,0,1,6,2,1,5,6,1,20,4,1229,1,8,VAUXHALL CORSA,7,E01023935,0,-1
2020010232341,2020,010232341,1,9,0,16,19,5,1,0,0,0,1,0,0,0,1,1,6,6,1,23,5,1248,2,12,VAUXHALL CORSA,6,E01016506,0,-1
2020460973372,2020,460973372,2,9,0,18,19,4,8,0,0,0,0,0,1,0,3,1,6,6,1,61,9,1364,1,12,VAUXHALL CORSA,3,E01024548,0,-1
2020450935152,2020,450935152,1,9,0,3,3,2,6,0,0,8,0,0,0,0,2,1,2,2,2,26,6,1229,1,5,VAUXHALL CORSA,6,E01030516,0,-1
2020450922733,2020,450922733,1,9,0,18,19,3,7,0,0,1,0,0,0,0,1,1,6,6,2,38,7,1229,1,7,VAUXHALL CORSA,8,E01030580,0,-1
2020460964949,2020,460964949,1,9,0,17,19,5,1,0,0,0,2,0,1,0,3,1,5,6,1,29,6,1398,1,9,VAUXHALL CORSA,7,E01024037,0,-1
202063C068620,2020,63C068620,1,9,0,16,19,6,1,0,0,0,2,0,2,10,4,1,6,6,1,18,4,1398,1,10,VAUXHALL CORSA,7,W01000562,0,-1
2020451010351,2020,451010351,1,9,0,17,19,3,1,0,0,0,5,0,1,0,1,1,5,6,2,18,4,1364,1,12,VAUXHALL CORSA,10,E01022898,0,-1
202031B117020,2020,31B117020,2,9,0,9,9,1,7,0,0,5,0,0,0,0,3,1,1,1,1,27,6,1199,1,18,VAUXHALL CORSA,3,E01028310,0,-1
2020450920980,2020,450920980,1,9,0,18,19,1,5,0,0,1,0,0,0,0,1,1,2,2,1,19,4,1229,1,9,VAUXHALL CORSA,6,E01016482,0,-1