collision_index,collision_year,collision_ref_no,vehicle_reference,vehicle_type,towing_and_articulation,vehicle_manoeuvre_historic,vehicle_manoeuvre,vehicle_direction_from,vehicle_direction_to,vehicle_location_restricted_lane_historic,vehicle_location_restricted_lane,junction_location,skidding_and_overturning,hit_object_in_carriageway,vehicle_leaving_carriageway,hit_object_off_carriageway,first_point_of_impact,vehicle_left_hand_drive,journey_purpose_of_driver_historic,journey_purpose_of_driver,sex_of_driver,age_of_driver,age_band_of_driver,engine_capacity_cc,propulsion_code,age_of_vehicle,generic_make_model,driver_imd_decile,lsoa_of_driver,escooter_flag,driver_distance_banding
2020010286838,2020,010286838,1,9,0,99,99,9,9,99,99,9,9,99,9,99,9,9,6,6,1,25,5,1598,1,7,VAUXHALL CORSA,4,E01003317,0,-1
2020440484760,2020,440484760,1,9,0,18,19,4,8,0,0,8,0,0,0,0,1,1,2,2,1,22,5,1229,1,8,VAUXHALL CORSA,9,E01022494,0,-1
2020320581486,2020,320581486,1,9,0,17,19,1,5,0,0,0,0,0,7,0,1,1,1,1,1,33,6,-1,-1,-1,VAUXHALL CORSA,3,E01026123,0,-1
202063D004220,2020,63D004220,2,9,0,18,19,2,6,0,0,0,1,0,1,10,1,1,6,6,1,23,5,1389,1,18,VAUXHALL CORSA,7,W01000488,0,-1
2020010237150,2020,010237150,3,9,0,2,2,0,0,0,0,0,0,0,0,0,2,1,6,6,3,-1,-1,1229,1,10,VAUXHALL CORSA,-1,-1,0,-1
2020622001021,2020,622001021,1,9,0,17,19,2,6,0,0,0,2,10,2,10,1,1,6,6,1,18,4,998,1,7,VAUXHALL CORSA,3,W01001286,0,-1
2020070707395,2020,070707395,2,9,0,18,19,7,3,0,0,0,0,0,0,0,1,1,2,2,1,24,5,1398,1,1,VAUXHALL CORSA,1,E01006872,0,-1
2020200932064,2020,200932064,2,9,0,5,5,-1,-1,0,0,1,0,0,0,0,1,1,6,6,1,-1,-1,1229,1,13,VAUXHALL CORSA,-1,-1,0,-1
2020302000706,2020,302000706,1,9,0,18,19,4,8,0,0,0,2,0,1,9,4,1,6,6,1,18,4,1248,2,6,VAUXHALL CORSA,8,E01019734,0,-1
2020137520498,2020,137520498,2,9,0,18,19,3,7,0,0,0,0,0,0,0,4,1,6,6,2,44,7,1248,2,9,VAUXHALL CORSA,4,E01011808,0,-1
2020122000894,2020,122000894,1,9,0,17,19,5,1,0,0,0,2,0,0,0,1,1,2,2,2,21,5,1398,1,8,VAUXHALL CORSA,8,E01027666,0,-1
2020411005574,2020,411005574,2,9,0,5,5,2,4,0,0,1,0,0,0,0,4,1,6,6,2,63,9,1199,1,0,VAUXHALL CORSA,9,E01017559,0,-1
2020200943564,2020,200943564,1,9,0,9,9,7,3,0,0,5,0,0,0,0,4,1,6,6,1,63,9,1398,1,6,VAUXHALL CORSA,8,E01009536,0,-1
2020010234165,2020,010234165,1,9,0,12,12,1,5,0,0,1,0,0,0,0,2,1,6,6,1,22,5,1364,1,13,VAUXHALL CORSA,6,E01015950,0,-1
2020052000227,2020,052000227,1,9,0,18,19,4,8,0,0,5,0,0,0,0,4,1,6,6,2,45,7,998,1,11,VAUXHALL CORSA,1,E01006778,0,-1
2020360921031,2020,360921031,2,9,0,2,2,1,5,0,0,0,0,0,0,0,2,1,2,2,2,58,9,1199,1,17,VAUXHALL CORSA,8,E01026849,0,-1
2020370949806,2020,370949806,1,9,0,18,19,4,8,0,0,0,0,0,1,0,3,1,5,6,2,19,4,1229,1,8,VAUXHALL CORSA,4,E01030201,0,-1
2020421004841,2020,421004841,1,9,0,18,19,5,1,0,0,0,0,0,0,0,1,1,2,2,1,62,9,-1,-1,-1,VAUXHALL CORSA,6,E01021723,0,-1
2020461003199,2020,461003199,2,9,0,2,2,0,0,0,0,0,0,0,0,0,3,1,6,6,3,-1,-1,1229,1,13,VAUXHALL CORSA,-1,-1,0,-1
2020010238224,2020,010238224,2,9,0,99,99,9,9,99,99,9,9,99,9,99,9,9,6,6,3,-1,-1,1199,1,16,VAUXHALL CORSA,-1,-1,0,-1
2020170S10650,2020,170S10650,2,9,0,18,19,5,1,0,0,0,5,0,0,0,1,1,2,2,1,53,8,973,1,17,VAUXHALL CORSA,4,E01032544,0,-1
2020420961297,2020,420961297,1,9,0,9,9,7,3,0,0,0,0,0,0,0,1,1,6,6,2,41,7,1229,1,9,VAUXHALL CORSA,4,E01021310,0,-1
2020520001702,2020,520001702,1,9,0,18,19,3,7,0,0,8,0,0,0,0,1,1,6,6,1,17,4,1229,1,5,VAUXHALL CORSA,4,W01000927,0,-1
2020990964875,2020,990964875,2,9,0,4,4,2,6,0,0,0,0,0,0,0,2,1,5,6,2,34,6,998,1,9,VAUXHALL CORSA,2,-1,0,-1
2020010269061,2020,010269061,2,9,0,10,10,3,1,0,0,5,0,0,0,0,3,1,3,7,2,37,7,1398,1,8,VAUXHALL CORSA,5,E01004178,0,-1
2020101008588,2020,101008588,1,9,0,18,19,8,5,0,0,0,0,0,1,1,1,1,6,6,1,47,8,1598,1,10,VAUXHALL CORSA,4,E01008866,0,-1
202006L277987,2020,06L277987,1,9,0,18,19,8,4,0,0,8,0,0,0,0,1,1,6,6,1,32,6,1248,2,12,VAUXHALL CORSA,1,E01006328,0,-1
2020140999149,2020,140999149,2,9,0,14,14,1,5,0,0,0,0,0,0,0,2,1,6,6,2,37,7,1199,1,0,VAUXHALL CORSA,6,E01007570,0,-1
20201376P1219,2020,1376P1219,3,9,0,4,4,7,3,0,0,0,0,0,0,0,1,1,6,6,1,27,6,1398,1,1,VAUXHALL CORSA,2,E01011759,0,-1
2020040958248,2020,040958248,2,9,0,18,19,1,5,0,0,8,0,0,0,0,4,1,5,6,2,64,9,1398,1,4,VAUXHALL CORSA,5,E01025080,0,-1
2020040927682,2020,040927682,1,9,0,18,19,2,6,0,0,1,0,0,0,0,1,1,2,2,1,51,8,998,1,8,VAUXHALL CORSA,1,E01012720,0,-1
2020420960677,2020,420960677,1,9,0,18,19,1,4,0,0,1,0,0,0,0,1,1,6,6,1,89,11,1229,1,9,VAUXHALL CORSA,9,E01021428,0,-1
2020400922814,2020,400922814,1,9,0,7,7,7,5,0,0,0,1,10,0,0,1,1,1,1,2,48,8,1398,1,8,VAUXHALL CORSA,9,E01017620,0,-1
2020040971296,2020,040971296,1,9,0,2,2,1,5,0,0,0,0,0,0,0,3,1,5,6,1,86,11,1364,1,12,VAUXHALL CORSA,7,E01025164,0,-1
2020460999442,2020,460999442,2,9,0,10,10,3,7,0,0,0,0,0,0,0,2,1,6,6,2,34,6,1398,1,9,VAUXHALL CORSA,3,E01024169,0,-1
2020302001166,2020,302001166,1,9,0,7,7,6,8,0,0,5,0,0,0,0,1,1,6,6,2,83,11,1389,1,15,VAUXHALL CORSA,2,E01019463,0,-1
2020480990186,2020,480990186,2,9,0,7,7,3,5,0,0,1,0,0,0,0,2,1,5,6,1,30,6,1199,1,0,VAUXHALL CORSA,6,E01027601,0,-1
2020410974991,2020,410974991,1,9,0,4,4,6,2,0,0,0,0,0,0,0,2,1,6,6,1,31,6,1398,1,3,VAUXHALL CORSA,7,E01033568,0,-1
2020010242428,2020,010242428,2,9,0,99,99,9,9,99,99,9,9,99,9,99,1,9,6,6,3,-1,-1,1398,1,4,VAUXHALL CORSA,7,E01003419,0,-1
2020140978365,2020,140978365,1,9,0,17,19,8,4,0,0,0,0,0,7,2,1,1,5,6,1,25,5,1398,1,10,VAUXHALL CORSA,3,E01032550,0,-1
2020990931136,2020,990931136,1,9,0,16,19,8,4,0,0,0,2,0,7,11,1,1,2,2,1,21,5,1229,1,7,VAUXHALL CORSA,6,-1,0,-1
2020461038295,2020,461038295,2,9,0,9,9,5,3,0,0,6,0,0,0,0,1,1,6,6,1,30,6,998,1,14,VAUXHALL CORSA,6,E01024212,0,-1
2020170M11360,2020,170M11360,1,9,0,18,19,8,4,0,0,2,0,0,0,0,1,1,2,2,2,48,8,1229,1,15,VAUXHALL CORSA,1,E01012150,0,-1
2020320448930,2020,320448930,1,9,0,17,19,5,2,0,0,0,1,0,0,0,4,1,6,6,2,28,6,1248,2,7,VAUXHALL CORSA,7,E01013323,0,-1
2020010253067,2020,010253067,2,9,0,10,10,3,2,0,0,1,0,0,3,10,1,1,6,6,1,41,7,1229,1,9,VAUXHALL CORSA,-1,-1,0,-1
2020200981975,2020,200981975,1,9,0,18,19,2,6,0,0,8,0,0,0,0,1,1,6,6,1,30,6,1364,1,13,VAUXHALL CORSA,1,E01010273,0,-1
2020040933423,2020,040933423,1,9,0,18,19,5,1,0,0,1,0,0,0,0,1,1,5,6,1,47,8,1248,2,12,VAUXHALL CORSA,2,E01025292,0,-1
2020430161339,2020,430161339,1,9,0,18,19,6,2,0,0,0,1,0,1,4,1,1,2,2,1,23,5,1199,1,16,VAUXHALL CORSA,10,E01016628,0,-1
2020471009476,2020,471009476,1,9,0,18,19,1,5,0,0,1,0,0,0,0,1,1,5,6,2,32,6,998,1,15,VAUXHALL CORSA,3,E01031358,0,-1
2020302000870,2020,302000870,2,9,0,18,19,8,4,0,0,0,1,0,0,0,2,1,6,6,1,18,4,1229,1,8,VAUXHALL CORSA,8,E01019875,0,-1
2020370927941,2020,370927941,1,9,0,17,19,5,8,0,0,0,2,0,0,0,1,1,5,6,2,25,5,998,1,7,VAUXHALL CORSA,9,E01021721,0,-1
2020210943266,2020,210943266,1,9,0,18,19,4,8,0,0,1,2,0,3,0,1,1,5,6,1,17,4,1229,1,9,VAUXHALL CORSA,8,E01019755,0,-1
2020070166087,2020,070166087,3,9,0,18,19,8,4,0,0,0,0,0,0,0,1,1,6,6,1,17,4,1398,1,4,VAUXHALL CORSA,6,E01012540,0,-1
2020552000232,2020,552000232,6,9,0,2,2,0,0,0,0,0,0,0,0,0,1,1,6,6,3,-1,-1,1398,1,8,VAUXHALL CORSA,-1,-1,0,-1
2020030959783,2020,030959783,2,9,0,2,2,0,0,0,0,0,0,0,0,0,3,1,6,6,3,-1,-1,1199,1,16,VAUXHALL CORSA,-1,-1,0,-1
2020450917702,2020,450917702,2,9,0,9,9,3,7,0,0,0,0,0,0,0,1,1,5,6,2,83,11,1364,1,12,VAUXHALL CORSA,9,E01030560,0,-1
2020160937728,2020,160937728,1,9,0,18,19,4,8,0,0,0,0,4,0,0,1,1,6,6,1,41,7,1398,1,3,VAUXHALL CORSA,3,E01013156,0,-1
2020450958308,2020,450958308,1,9,0,4,4,5,1,0,0,0,1,11,1,4,1,1,5,6,2,18,4,1248,2,5,VAUXHALL CORSA,10,E01030871,0,-1
2020990920126,2020,990920126,1,9,0,18,19,6,2,0,0,6,0,0,0,0,1,1,5,6,2,46,8,998,1,11,VAUXHALL CORSA,1,-1,0,-1
2020010267675,2020,010267675,2,9,0,99,99,9,9,99,99,0,9,99,9,99,1,9,6,6,3,-1,-1,1229,1,8,VAUXHALL CORSA,3,E01003575,0,-1
2020501003130,2020,501003130,2,9,0,16,19,3,7,0,0,0,0,0,1,0,3,1,5,6,2,83,11,1229,1,11,VAUXHALL CORSA,5,E01020098,0,-1
20201372G0976,2020,1372G0976,1,9,0,18,19,7,3,0,0,8,0,0,0,0,1,1,6,6,1,21,5,1248,2,12,VAUXHALL CORSA,6,E01011586,0,-1
2020070076646,2020,070076646,2,9,0,4,4,5,1,0,0,0,0,0,0,0,2,1,2,2,1,66,10,1389,1,17,VAUXHALL CORSA,10,E01029565,0,-1
2020140950757,2020,140950757,1,9,0,9,9,8,6,0,0,1,0,0,0,0,2,1,2,2,2,20,4,1398,1,4,VAUXHALL CORSA,1,E01007779,0,-1
2020160945247,2020,160945247,1,9,0,3,3,8,4,0,0,0,0,0,0,0,3,1,1,1,2,40,7,1398,1,2,VAUXHALL CORSA,7,E01013145,0,-1
2020460995781,2020,460995781,1,9,0,18,19,5,1,0,0,0,0,0,0,0,3,1,6,6,1,31,6,1229,1,9,VAUXHALL CORSA,-1,-1,0,-1
2020010276041,2020,010276041,1,9,0,9,9,5,3,0,0,6,0,0,0,0,1,1,2,2,1,48,8,1229,1,13,VAUXHALL CORSA,2,E01000386,0,-1
2020010248972,2020,010248972,2,9,0,3,3,7,3,0,0,0,9,0,0,99,4,9,6,6,1,45,7,1398,1,8,VAUXHALL CORSA,2,E01001367,0,-1
202006G172848,2020,06G172848,1,9,0,18,19,6,2,0,0,0,2,7,0,0,3,1,6,6,1,29,6,1398,1,5,VAUXHALL CORSA,4,E01006003,0,-1
2020370959106,2020,370959106,1,9,0,9,9,3,1,0,0,2,0,0,0,0,3,1,2,2,2,43,7,1229,1,10,VAUXHALL CORSA,4,E01030169,0,-1
2020420992338,2020,420992338,1,9,0,18,19,6,2,0,0,0,0,0,0,0,1,1,2,2,1,36,7,1199,1,0,VAUXHALL CORSA,3,E01002279,0,-1
2020530982066,2020,530982066,1,9,0,9,9,3,1,0,0,8,0,0,0,0,3,1,1,1,2,22,5,1229,1,6,VAUXHALL CORSA,5,E01022330,0,-1
2020990934753,2020,990934753,2,9,0,2,2,0,0,0,0,0,0,0,0,0,0,1,5,6,2,22,5,1398,1,1,VAUXHALL CORSA,5,-1,0,-1
2020320567993,2020,320567993,1,9,0,18,19,5,1,0,0,0,0,0,7,9,1,1,2,2,2,34,6,1398,1,8,VAUXHALL CORSA,2,E01026108,0,-1
2020210957655,2020,210957655,2,9,0,3,3,2,6,0,0,0,0,0,0,0,2,1,6,6,2,37,7,1229,1,13,VAUXHALL CORSA,3,E01029558,0,-1
2020010231567,2020,010231567,1,9,0,99,99,9,9,99,99,9,9,99,9,99,9,9,6,6,2,24,5,1248,2,13,VAUXHALL CORSA,5,E01001248,0,-1
2020400947675,2020,400947675,1,9,0,18,19,4,8,0,0,0,1,0,0,0,4,1,5,6,1,37,7,1248,2,17,VAUXHALL CORSA,4,E01011089,0,-1
2020460956704,2020,460956704,1,9,0,5,5,5,1,0,0,0,0,0,0,0,0,1,5,6,1,19,4,1229,1,13,VAUXHALL CORSA,6,E01024700,0,-1
2020440421899,2020,440421899,2,9,0,18,19,1,5,0,0,0,0,0,0,0,3,1,6,6,1,51,8,1389,1,17,VAUXHALL CORSA,6,E01020397,0,-1
2020200944528,2020,200944528,1,9,0,3,3,-1,-1,0,0,2,0,0,0,0,1,1,6,6,1,17,4,1248,2,16,VAUXHALL CORSA,8,E01032146,0,-1
2020040992783,2020,040992783,1,9,0,9,9,5,3,0,0,1,0,10,0,0,4,1,2,2,1,18,4,998,1,12,VAUXHALL CORSA,9,E01019377,0,-1
2020010276895,2020,010276895,1,9,0,3,3,3,7,0,0,1,0,4,0,0,2,1,2,2,1,21,5,1398,1,4,VAUXHALL CORSA,10,E01003780,0,-1
20201371H1464,2020,1371H1464,1,9,0,18,19,7,3,0,0,8,0,0,0,0,4,1,6,6,1,23,5,1398,1,10,VAUXHALL CORSA,5,E01011099,0,-1
2020010286273,2020,010286273,1,9,0,4,4,5,1,0,0,1,0,0,0,0,2,1,6,6,2,29,6,1229,1,13,VAUXHALL CORSA,2,E01024477,0,-1
2020221004684,2020,221004684,3,9,0,18,19,7,3,0,0,0,0,0,5,6,2,1,5,6,1,21,5,1229,1,9,VAUXHALL CORSA,3,E01010097,0,-1
2020990988214,2020,990988214,2,9,0,3,3,3,6,0,0,1,0,0,0,0,2,1,2,2,1,23,5,1248,2,11,VAUXHALL CORSA,7,-1,0,-1
2020451002113,2020,451002113,1,9,0,18,19,5,1,0,0,1,0,0,0,0,1,1,3,7,1,27,6,1364,1,13,VAUXHALL CORSA,10,E01030535,0,-1
2020010243245,2020,010243245,2,9,0,18,19,5,1,0,0,8,0,0,0,0,1,1,6,6,1,47,8,973,1,18,VAUXHALL CORSA,3,E01000125,0,-1
2020460960150,2020,460960150,2,9,0,18,19,5,1,0,0,0,1,0,1,0,2,1,5,6,2,67,10,1199,1,17,VAUXHALL CORSA,5,E01016158,0,-1
2020450937358,2020,450937358,2,9,0,2,2,0,0,0,0,0,0,0,1,0,2,1,6,6,2,35,6,1229,1,10,VAUXHALL CORSA,8,E01030490,0,-1
2020990967190,2020,990967190,3,9,0,16,19,3,6,0,0,0,0,0,0,0,1,1,5,6,1,28,6,998,1,15,VAUXHALL CORSA,1,-1,0,-1
2020200957586,2020,200957586,1,9,0,18,19,1,5,0,0,0,0,0,0,0,1,1,6,6,1,46,8,1248,2,8,VAUXHALL CORSA,3,E01009256,0,-1
2020100929809,2020,100929809,2,9,0,3,3,7,2,0,0,1,0,0,0,0,2,1,6,6,2,49,8,1398,1,5,VAUXHALL CORSA,2,E01027534,0,-1
2020990988214,2020,990988214,1,9,0,3,3,3,6,0,0,1,0,0,0,0,1,1,6,6,2,19,4,1398,1,3,VAUXHALL CORSA,3,-1,0,-1
2020210986086,2020,210986086,2,9,0,9,9,7,3,0,0,1,1,0,0,0,3,1,6,6,1,25,5,1229,1,5,VAUXHALL CORSA,6,E01029837,0,-1
2020522005173,2020,522005173,1,9,0,4,4,5,1,0,0,1,0,0,0,0,1,1,6,6,1,60,9,1199,1,19,VAUXHALL CORSA,10,E01014413,0,-1
2020460922804,2020,460922804,1,9,0,5,5,1,5,0,0,0,0,0,0,0,1,1,5,6,1,34,6,1389,1,14,VAUXHALL CORSA,5,E01024525,0,-1
202006M177626,2020,06M177626,1,9,0,18,19,8,6,0,0,3,0,0,0,0,4,1,2,2,2,56,9,1229,1,7,VAUXHALL CORSA,5,E01005696,0,-1
2020122000497,2020,122000497,2,9,0,5,5,3,1,0,0,4,0,0,0,0,1,1,6,6,1,20,4,1229,1,5,VAUXHALL CORSA,3,E01013410,0,-1
2020410963553,2020,410963553,2,9,0,18,19,4,6,0,0,0,0,0,0,0,1,1,6,6,2,59,9,1364,1,5,VAUXHALL CORSA,10,E01023432,0,-1
2020302001316,2020,302001316,1,9,0,18,19,4,2,0,0,4,0,0,0,0,1,1,6,6,1,85,11,1229,1,14,VAUXHALL CORSA,6,E01013894,0,-1
20201371C0300,2020,1371C0300,2,9,0,16,19,2,6,0,0,8,0,0,0,0,1,1,6,6,1,21,5,1229,1,11,VAUXHALL CORSA,1,E01011293,0,-1
2020552000648,2020,552000648,1,9,0,18,19,3,7,0,0,4,0,0,0,0,1,1,2,2,1,33,6,998,1,12,VAUXHALL CORSA,-1,-1,0,-1
2020340K08272,2020,340K08272,1,9,0,3,3,3,7,0,0,0,0,0,5,6,1,1,6,6,1,18,4,1229,1,13,VAUXHALL CORSA,10,E01032973,0,-1
2020010256211,2020,010256211,1,9,0,18,19,1,5,0,0,1,1,10,1,2,3,1,6,6,1,25,5,1364,1,12,VAUXHALL CORSA,-1,-1,0,-1
2020010279139,2020,010279139,2,9,0,99,99,9,9,99,99,0,9,99,9,99,0,9,6,6,3,-1,-1,1229,1,15,VAUXHALL CORSA,10,E01030380,0,-1
2020622000405,2020,622000405,2,9,0,18,19,6,2,0,0,1,0,0,0,0,1,1,6,6,2,49,8,1229,1,7,VAUXHALL CORSA,2,W01001069,0,-1
2020990962039,2020,990962039,1,9,0,18,19,2,8,0,0,1,0,0,0,0,1,1,6,6,1,35,6,1229,1,12,VAUXHALL CORSA,1,-1,0,-1
2020440192876,2020,440192876,2,9,0,4,4,1,5,0,0,0,0,0,0,0,2,1,6,6,2,66,10,1398,1,6,VAUXHALL CORSA,5,E01023285,0,-1
2020201017414,2020,201017414,3,9,0,18,19,2,6,0,0,0,0,0,0,0,2,1,1,1,1,39,7,1248,2,4,VAUXHALL CORSA,-1,-1,0,-1
2020430320752,2020,430320752,1,9,0,18,19,6,2,2,2,0,0,0,0,0,0,1,1,1,1,45,7,1248,2,3,VAUXHALL CORSA,-1,-1,0,-1
2020010270300,2020,010270300,2,9,0,2,2,0,0,0,0,0,0,0,0,0,0,1,6,6,3,-1,-1,1229,1,15,VAUXHALL CORSA,-1,-1,0,-1
2020991005621,2020,991005621,3,9,0,18,19,3,7,0,0,0,0,0,0,0,1,1,2,2,1,22,5,1398,1,1,VAUXHALL CORSA,5,-1,0,-1
2020420942917,2020,420942917,1,9,0,18,19,5,5,0,0,0,0,0,0,0,1,1,5,6,1,19,4,1229,1,9,VAUXHALL CORSA,8,E01021478,0,-1
2020160987064,2020,160987064,2,9,0,2,2,0,0,0,0,0,0,0,0,0,3,1,6,6,1,34,6,1229,1,7,VAUXHALL CORSA,-1,-1,0,-1
2020440015653,2020,440015653,2,9,0,9,9,6,4,0,0,8,0,0,0,0,3,1,2,2,2,35,6,1248,2,9,VAUXHALL CORSA,5,E01023201,0,-1
202031B058520,2020,31B058520,1,9,0,18,19,5,1,0,0,0,1,0,2,6,1,1,6,6,2,30,6,1398,1,1,VAUXHALL CORSA,1,E01025083,0,-1
2020430310600,2020,430310600,1,9,0,18,19,3,7,0,0,0,0,0,1,0,1,1,6,6,1,27,6,1199,1,16,VAUXHALL CORSA,7,E01033509,0,-1
2020200969506,2020,200969506,2,9,0,9,9,4,2,0,0,6,0,0,0,0,1,1,6,6,1,49,8,-1,-1,-1,VAUXHALL CORSA,2,E01010474,0,-1
2020440446275,2020,440446275,1,9,0,18,19,8,4,0,0,0,0,0,0,0,1,1,2,2,1,19,4,1199,1,17,VAUXHALL CORSA,9,E01023134,0,-1
2020052001263,2020,052001263,1,9,0,9,9,3,1,0,0,8,0,0,0,0,1,1,6,6,1,25,5,1398,1,3,VAUXHALL CORSA,1,E01006642,0,-1
2020161004807,2020,161004807,1,9,0,17,19,2,6,0,0,0,2,0,1,9,3,1,1,1,2,25,5,1248,2,7,VAUXHALL CORSA,-1,-1,0,-1
2020220980745,2020,220980745,1,9,0,18,19,5,1,0,0,6,0,0,0,0,1,1,5,6,2,20,4,1229,1,10,VAUXHALL CORSA,5,E01032198,0,-1
202006L273830,2020,06L273830,2,9,0,18,19,6,2,0,0,8,0,0,0,0,4,1,6,6,2,48,8,1398,1,4,VAUXHALL CORSA,3,E01005704,0,-1
2020460984920,2020,460984920,2,9,0,18,19,7,2,0,0,0,2,0,1,0,1,1,5,6,2,19,4,1229,1,10,VAUXHALL CORSA,7,E01024422,0,-1
2020411014227,2020,411014227,1,9,0,9,9,1,7,0,0,1,0,0,0,0,1,1,5,6,1,79,11,1229,1,13,VAUXHALL CORSA,5,E01023904,0,-1
202006F178221,2020,06F178221,2,9,0,18,19,4,8,0,0,1,0,0,0,0,1,1,6,6,1,30,6,1229,1,5,VAUXHALL CORSA,-1,-1,0,-1
2020160959022,2020,160959022,2,9,0,18,19,8,2,0,0,1,0,0,0,0,1,2,6,6,1,46,8,1199,1,16,VAUXHALL CORSA,1,E01012848,0,-1
2020500945098,2020,500945098,1,9,0,17,19,1,5,0,0,8,5,0,2,10,1,1,5,6,1,82,11,1398,1,1,VAUXHALL CORSA,7,E01019948,0,-1
2020450953229,2020,450953229,3,9,0,2,2,1,5,0,0,2,0,0,0,0,3,1,6,6,1,33,6,1229,1,10,VAUXHALL CORSA,10,E01030476,0,-1
2020990956863,2020,990956863,1,9,0,17,19,3,8,0,0,8,5,0,8,10,3,1,6,6,1,19,4,973,1,22,VAUXHALL CORSA,5,-1,0,-1
2020990998419,2020,990998419,3,9,0,18,19,4,8,0,0,0,0,0,0,0,1,1,6,6,2,66,10,998,1,14,VAUXHALL CORSA,3,-1,0,-1
2020210985990,2020,210985990,1,9,0,18,19,7,3,0,0,0,5,0,7,0,1,1,6,6,1,35,6,-1,-1,-1,VAUXHALL CORSA,1,E01014367,0,-1
2020360921770,2020,360921770,3,19,0,4,4,1,5,0,0,0,0,0,1,0,3,1,1,1,1,64,9,1248,2,7,VAUXHALL CORSA,5,E01033454,0,-1
2020010237796,2020,010237796,2,9,0,99,99,9,9,99,99,9,9,99,9,99,1,9,6,6,2,-1,-1,1398,1,1,VAUXHALL CORSA,-1,-1,0,-1
2020010251487,2020,010251487,2,9,0,99,99,9,9,99,99,9,9,99,9,99,1,9,6,6,3,28,6,1229,1,5,VAUXHALL CORSA,3,E01002133,0,-1
2020100985033,2020,100985033,3,9,0,18,19,7,7,0,0,6,0,0,0,0,3,1,2,2,2,25,5,1229,1,8,VAUXHALL CORSA,3,E01008241,0,-1
2020522101929,2020,522101929,1,9,0,-1,-1,-1,-1,0,0,0,0,0,0,0,1,1,6,6,1,19,4,1364,1,11,VAUXHALL CORSA,10,E01014424,0,-1
2020010235140,2020,010235140,1,9,0,99,99,9,9,99,99,9,9,99,9,99,1,9,6,6,1,35,6,1364,1,11,VAUXHALL CORSA,7,E01002972,0,-1
2020990917837,2020,990917837,1,9,0,18,19,6,2,0,0,0,5,4,1,0,3,1,1,1,2,28,6,1229,1,8,VAUXHALL CORSA,10,-1,0,-1
2020440444334,2020,440444334,1,9,0,18,19,2,6,0,0,0,0,0,1,9,4,1,2,2,2,28,6,1398,1,8,VAUXHALL CORSA,4,E01017258,0,-1
2020137350305,2020,137350305,1,9,0,18,19,3,7,0,0,0,5,10,7,11,1,1,6,6,2,26,6,1229,1,10,VAUXHALL CORSA,-1,-1,0,-1
2020110920124,2020,110920124,1,9,0,18,19,3,7,0,0,0,0,0,7,0,4,1,6,6,1,18,4,1364,1,11,VAUXHALL CORSA,3,E01020760,0,-1
2020010228853,2020,010228853,2,9,0,13,13,1,5,0,0,8,0,0,7,0,4,1,6,6,1,18,4,1229,1,13,VAUXHALL CORSA,3,E01001504,0,-1
2020420929820,2020,420929820,1,9,0,18,19,7,3,0,0,1,0,0,0,0,1,1,6,6,1,30,6,1364,1,13,VAUXHALL CORSA,3,E01001445,0,-1
2020548943620,2020,548943620,2,9,0,2,2,0,0,0,0,0,0,0,0,0,3,1,6,6,1,23,5,999,1,5,VAUXHALL CORSA,8,E01032002,0,-1
2020500946309,2020,500946309,1,9,0,2,2,1,5,2,2,0,0,0,0,0,4,1,5,6,2,33,6,1248,2,8,VAUXHALL CORSA,3,E01015041,0,-1
2020141005526,2020,141005526,1,9,0,18,19,7,3,0,0,8,0,0,0,0,4,1,6,6,2,-1,-1,1229,1,12,VAUXHALL CORSA,1,E01007332,0,-1
2020400924493,2020,400924493,1,9,0,13,13,6,2,0,0,0,0,0,7,9,1,1,6,6,1,23,5,1229,1,16,VAUXHALL CORSA,3,E01017580,0,-1
2020230987315,2020,230987315,2,9,0,10,10,5,3,0,0,0,0,0,0,0,2,1,5,6,2,61,9,1229,1,13,VAUXHALL CORSA,5,E01031078,0,-1
2020200919629,2020,200919629,1,9,0,18,19,2,6,0,0,0,0,4,0,0,1,1,6,6,3,-1,-1,1229,1,12,VAUXHALL CORSA,-1,-1,0,-1
2020010260579,2020,010260579,2,9,0,18,19,9,9,0,0,0,9,0,0,99,1,9,6,6,2,-1,-1,1364,1,11,VAUXHALL CORSA,-1,-1,0,-1
2020460987411,2020,460987411,1,9,0,18,19,1,5,0,0,1,0,0,0,0,1,1,3,7,2,32,6,1248,2,15,VAUXHALL CORSA,1,E01024657,0,-1
2020010253078,2020,010253078,2,9,0,18,19,4,8,0,0,1,0,0,1,0,3,1,6,6,2,20,4,1229,1,14,VAUXHALL CORSA,7,E01017730,0,-1
2020470998966,2020,470998966,1,9,0,5,5,5,3,0,0,4,0,0,0,0,1,1,5,6,1,63,9,1229,1,10,VAUXHALL CORSA,6,E01031472,0,-1
2020200991547,2020,200991547,1,9,0,18,19,5,3,0,0,1,0,0,0,0,1,1,6,6,3,-1,-1,998,1,11,VAUXHALL CORSA,-1,-1,0,-1
2020010261860,2020,010261860,1,9,0,99,99,9,9,99,99,9,9,99,9,99,2,9,6,6,1,24,5,1229,1,7,VAUXHALL CORSA,8,E01004168,0,-1