collision_index,collision_year,collision_ref_no,vehicle_reference,vehicle_type,towing_and_articulation,vehicle_manoeuvre_historic,vehicle_manoeuvre,vehicle_direction_from,vehicle_direction_to,vehicle_location_restricted_lane_historic,vehicle_location_restricted_lane,junction_location,skidding_and_overturning,hit_object_in_carriageway,vehicle_leaving_carriageway,hit_object_off_carriageway,first_point_of_impact,vehicle_left_hand_drive,journey_purpose_of_driver_historic,journey_purpose_of_driver,sex_of_driver,age_of_driver,age_band_of_driver,engine_capacity_cc,propulsion_code,age_of_vehicle,generic_make_model,driver_imd_decile,lsoa_of_driver,escooter_flag,driver_distance_banding
2020010264242,2020,010264242,2,9,0,99,99,9,9,99,99,9,9,99,9,99,1,9,6,6,1,33,6,1364,1,12,VAUXHALL CORSA,3,E01003017,0,-1
2020522100633,2020,522100633,2,9,0,12,12,7,3,0,0,0,0,0,0,0,3,1,6,6,1,21,5,1398,1,1,VAUXHALL CORSA,8,E01014766,0,-1
2020500986893,2020,500986893,1,9,0,16,19,5,1,0,0,1,5,0,8,10,1,1,6,6,2,20,4,1229,1,10,VAUXHALL CORSA,4,E01020307,0,-1
2020990976907,2020,990976907,1,9,0,18,19,5,1,0,0,0,0,0,0,0,1,1,5,6,1,77,11,1398,1,1,VAUXHALL CORSA,6,-1,0,-1
202063D024220,2020,63D024220,2,9,0,18,19,6,2,0,0,1,0,0,0,0,1,1,6,6,1,-1,-1,999,1,5,VAUXHALL CORSA,9,W01000481,0,-1
2020420985199,2020,420985199,1,9,0,4,4,1,5,0,0,1,0,0,0,0,1,1,6,6,2,27,6,1248,2,8,VAUXHALL CORSA,4,E01021642,0,-1
2020052001775,2020,052001775,3,9,0,18,19,5,1,0,0,0,0,0,0,0,3,1,2,2,2,28,6,1229,1,7,VAUXHALL CORSA,6,E01007064,0,-1
2020470984596,2020,470984596,1,9,0,9,9,8,6,0,0,8,5,0,7,11,1,1,2,2,2,20,4,1398,1,10,VAUXHALL CORSA,7,E01031490,0,-1
2020140956821,2020,140956821,3,9,0,18,19,4,2,0,0,1,0,0,0,0,1,1,5,6,1,81,11,1398,1,1,VAUXHALL CORSA,1,E01007779,0,-1
2020470971604,2020,470971604,1,9,0,18,19,5,1,0,0,0,0,0,2,10,1,1,5,6,2,17,4,1229,1,13,VAUXHALL CORSA,6,E01024787,0,-1
2020501005100,2020,501005100,1,9,-1,17,19,5,3,0,0,1,5,0,1,0,1,1,5,6,1,18,4,1199,1,18,VAUXHALL CORSA,4,E01018979,0,-1
2020400955192,2020,400955192,1,9,0,18,19,3,6,0,0,1,0,0,0,0,1,1,5,6,1,36,7,1364,1,11,VAUXHALL CORSA,7,E01017577,0,-1
2020340C00602,2020,340C00602,1,9,0,1,1,0,7,0,0,2,0,0,0,0,2,1,6,6,1,-1,-1,1364,1,16,VAUXHALL CORSA,3,E01026983,0,-1
2020100964257,2020,100964257,2,9,0,4,4,7,3,0,0,1,0,0,0,0,2,1,1,1,2,53,8,1398,1,4,VAUXHALL CORSA,-1,-1,0,-1
2020400932638,2020,400932638,3,9,0,2,2,0,0,0,0,0,0,0,0,0,2,1,5,6,2,58,9,1248,2,7,VAUXHALL CORSA,6,E01017554,0,-1
2020440336703,2020,440336703,1,9,0,9,9,3,2,0,0,8,0,0,0,0,1,1,6,6,3,-1,-1,1229,1,10,VAUXHALL CORSA,-1,-1,0,-1
2020100943603,2020,100943603,1,9,0,9,9,5,1,0,0,8,0,0,0,0,1,1,5,6,1,17,4,1229,1,8,VAUXHALL CORSA,2,E01008253,0,-1
2020450960337,2020,450960337,1,9,0,18,19,4,8,0,0,2,0,0,0,0,1,1,5,6,1,90,11,1398,1,10,VAUXHALL CORSA,10,E01030780,0,-1
2020440477365,2020,440477365,1,9,0,9,9,8,4,0,0,8,0,0,0,0,1,1,6,6,2,25,5,1398,1,3,VAUXHALL CORSA,6,E01023155,0,-1
2020340E01252,2020,340E01252,2,9,0,16,19,7,3,0,0,0,0,0,0,0,1,1,6,6,1,22,5,1229,1,8,VAUXHALL CORSA,10,E01008366,0,-1
2020010251056,2020,010251056,1,9,0,3,3,5,1,0,0,9,0,99,9,99,2,9,6,6,1,21,5,1248,2,11,VAUXHALL CORSA,4,E01030749,0,-1
2020320354261,2020,320354261,1,9,0,18,19,1,5,0,0,0,0,0,1,4,3,1,6,6,2,21,5,1229,1,15,VAUXHALL CORSA,4,E01026076,0,-1
2020500990966,2020,500990966,1,9,0,17,19,7,3,0,0,0,1,0,0,0,1,1,5,6,2,24,5,1248,2,12,VAUXHALL CORSA,4,E01020321,0,-1
2020221008929,2020,221008929,1,9,0,18,19,3,7,0,0,8,0,0,1,1,3,1,5,6,2,26,6,1229,1,12,VAUXHALL CORSA,1,E01009113,0,-1
2020201001711,2020,201001711,2,9,0,4,4,8,4,0,0,6,0,0,0,0,4,1,6,6,2,26,6,1229,1,12,VAUXHALL CORSA,1,E01009321,0,-1
2020210952438,2020,210952438,2,9,0,3,3,2,6,0,0,1,0,0,0,0,2,1,5,6,2,40,7,1229,1,11,VAUXHALL CORSA,2,E01014309,0,-1
2020360995015,2020,360995015,2,9,0,18,19,1,5,0,0,1,0,0,0,0,1,1,2,2,1,26,6,1248,2,14,VAUXHALL CORSA,8,E01026886,0,-1
2020201002584,2020,201002584,1,9,0,3,3,-1,-1,0,0,1,0,0,0,0,2,1,6,6,1,24,5,1398,1,5,VAUXHALL CORSA,1,E01010413,0,-1
2020220983643,2020,220983643,1,9,0,16,19,3,5,0,0,0,5,0,7,10,1,1,5,6,1,50,8,1398,1,10,VAUXHALL CORSA,8,E01013990,0,-1
2020420922906,2020,420922906,1,9,0,16,19,8,3,0,0,0,0,0,0,0,1,1,6,6,1,21,5,998,1,6,VAUXHALL CORSA,8,E01021340,0,-1
2020220922535,2020,220922535,1,9,0,9,9,3,1,0,0,6,0,0,0,0,1,1,5,6,1,57,9,1199,1,18,VAUXHALL CORSA,5,E01028961,0,-1
2020141014186,2020,141014186,1,9,0,18,19,3,7,0,0,0,1,0,0,0,1,1,2,2,2,18,4,1229,1,12,VAUXHALL CORSA,1,E01007365,0,-1
2020010261837,2020,010261837,2,9,0,18,19,1,5,0,0,1,0,0,0,0,2,1,6,6,2,64,9,1364,1,13,VAUXHALL CORSA,6,E01000330,0,-1
2020201000655,2020,201000655,1,9,0,3,3,-1,-1,0,0,1,0,0,0,0,2,1,6,6,1,31,6,1229,1,10,VAUXHALL CORSA,7,E01009292,0,-1
2020010255390,2020,010255390,2,9,0,10,10,1,6,0,0,1,0,0,0,0,1,1,6,6,1,23,5,1229,1,7,VAUXHALL CORSA,5,E01003284,0,-1
2020010269591,2020,010269591,2,9,0,99,99,9,9,99,99,1,9,99,9,99,9,9,6,6,3,-1,-1,1398,1,10,VAUXHALL CORSA,-1,-1,0,-1
2020530994898,2020,530994898,1,9,0,18,19,5,3,0,0,0,0,0,0,0,1,1,5,6,2,18,4,998,1,11,VAUXHALL CORSA,8,E01031260,0,-1
2020101002692,2020,101002692,3,9,0,18,19,3,7,0,0,0,0,0,0,0,2,1,1,1,1,39,7,1229,1,7,VAUXHALL CORSA,4,E01008209,0,-1
2020010241178,2020,010241178,1,9,0,99,99,9,9,99,99,9,9,99,9,99,1,9,6,6,2,39,7,1389,1,14,VAUXHALL CORSA,3,E01002540,0,-1
2020140970084,2020,140970084,2,9,0,4,4,4,8,0,0,0,0,0,0,0,1,1,5,6,1,20,4,1199,1,16,VAUXHALL CORSA,7,E01026392,0,-1
2020548097820,2020,548097820,2,9,0,18,19,8,4,0,0,8,0,0,0,0,4,1,6,6,2,24,5,1398,1,2,VAUXHALL CORSA,7,E01028713,0,-1
2020010264072,2020,010264072,2,9,0,2,2,0,0,0,0,8,0,4,0,0,3,1,6,6,3,-1,-1,1229,1,13,VAUXHALL CORSA,-1,-1,0,-1
2020201003052,2020,201003052,1,9,0,13,13,4,8,0,0,1,0,0,0,0,1,1,6,6,1,-1,-1,1398,1,1,VAUXHALL CORSA,-1,-1,0,-1
2020200980852,2020,200980852,1,9,0,1,1,-1,-1,0,0,0,0,0,0,0,2,1,6,6,1,42,7,1229,1,14,VAUXHALL CORSA,1,E01008882,0,-1
2020052002429,2020,052002429,1,9,0,18,19,5,1,0,0,8,0,0,0,0,1,1,6,6,2,39,7,1229,1,9,VAUXHALL CORSA,3,E01006906,0,-1
20201379P1085,2020,1379P1085,2,9,0,18,19,7,2,0,0,8,0,0,0,0,2,1,6,6,1,19,4,1229,1,11,VAUXHALL CORSA,3,E01010950,0,-1
2020010273615,2020,010273615,1,9,0,18,19,5,1,0,0,0,0,0,0,0,3,1,1,1,2,-1,-1,1229,1,11,VAUXHALL CORSA,5,E01001293,0,-1
2020010236107,2020,010236107,2,9,0,5,5,1,5,0,0,3,0,0,0,0,3,1,6,6,1,19,4,1229,1,7,VAUXHALL CORSA,2,E01001219,0,-1
2020440088268,2020,440088268,2,9,0,18,19,7,4,0,0,0,0,0,0,0,1,1,6,6,1,29,6,1229,1,13,VAUXHALL CORSA,3,E01017350,0,-1
2020010254874,2020,010254874,2,9,0,99,99,9,9,0,0,8,0,0,0,0,3,9,6,6,3,-1,-1,1364,1,11,VAUXHALL CORSA,-1,-1,0,-1
2020110925550,2020,110925550,1,9,0,18,19,3,7,0,0,8,0,0,0,0,1,1,6,6,3,30,6,1248,2,5,VAUXHALL CORSA,9,E01020605,0,-1
2020991011795,2020,991011795,1,9,0,7,7,6,8,0,0,2,1,0,7,0,1,1,6,6,1,18,4,1229,1,8,VAUXHALL CORSA,2,-1,0,-1
2020110949285,2020,110949285,1,9,0,18,19,5,1,0,0,0,0,0,0,0,1,1,6,6,1,17,4,1229,1,5,VAUXHALL CORSA,6,E01020778,0,-1
2020450922576,2020,450922576,1,9,0,18,19,5,1,0,0,8,0,10,7,0,4,1,2,2,1,19,4,1248,2,8,VAUXHALL CORSA,3,E01030711,0,-1
2020320632396,2020,320632396,1,9,0,13,13,8,4,0,0,0,5,0,7,0,4,1,6,6,1,35,6,1398,1,8,VAUXHALL CORSA,9,E01012770,0,-1
2020200930270,2020,200930270,2,9,0,10,10,-1,-1,0,0,1,0,0,0,0,2,1,6,6,2,41,7,1229,1,10,VAUXHALL CORSA,1,E01010453,0,-1
2020451001955,2020,451001955,1,9,0,18,19,6,2,0,0,1,0,4,0,0,1,1,5,6,1,82,11,1229,1,7,VAUXHALL CORSA,10,E01030368,0,-1
2020430248130,2020,430248130,2,9,0,18,19,2,6,0,0,8,0,0,0,0,4,1,2,2,2,18,4,973,1,18,VAUXHALL CORSA,7,E01016216,0,-1
2020302000905,2020,302000905,2,9,0,5,5,4,2,0,0,1,0,0,0,0,1,1,6,6,1,56,9,1199,1,21,VAUXHALL CORSA,3,E01019797,0,-1
2020400960488,2020,400960488,1,9,0,13,13,6,2,0,0,0,0,0,0,0,1,1,5,6,1,49,8,973,1,20,VAUXHALL CORSA,10,E01027298,0,-1
2020010261931,2020,010261931,1,9,0,18,19,7,3,0,0,1,0,0,0,0,3,1,6,6,1,19,4,1248,2,7,VAUXHALL CORSA,5,E01002446,0,-1
2020010271620,2020,010271620,1,9,0,18,19,3,7,9,9,1,0,0,3,11,2,1,6,6,2,23,5,998,1,8,VAUXHALL CORSA,-1,-1,0,-1
2020552000260,2020,552000260,3,9,0,4,4,7,3,0,0,1,0,0,0,0,2,1,6,6,2,81,11,1364,1,11,VAUXHALL CORSA,7,E01020365,0,-1
2020010276624,2020,010276624,1,9,0,99,99,9,9,99,99,9,9,99,9,99,4,9,6,6,2,24,5,1398,1,1,VAUXHALL CORSA,6,E01003378,0,-1
2020052000688,2020,052000688,1,9,0,18,19,3,7,0,0,1,0,0,0,0,1,1,6,6,2,22,5,1229,1,14,VAUXHALL CORSA,1,E01018520,0,-1
2020990963112,2020,990963112,2,9,0,18,19,2,6,0,0,0,0,0,0,0,2,1,5,6,2,45,7,1248,2,9,VAUXHALL CORSA,3,-1,0,-1
2020990970938,2020,990970938,3,9,0,18,19,3,7,0,0,0,0,0,0,0,1,1,5,6,2,24,5,998,1,8,VAUXHALL CORSA,9,-1,0,-1
2020040925864,2020,040925864,1,9,0,18,19,1,5,0,0,1,0,0,0,0,1,1,2,2,1,50,8,1398,1,7,VAUXHALL CORSA,3,E01025578,0,-1
2020122000844,2020,122000844,2,9,0,18,19,1,5,0,0,1,0,0,0,0,1,1,6,6,1,22,5,1229,1,11,VAUXHALL CORSA,8,E01027875,0,-1
2020340W03762,2020,340W03762,1,9,0,13,13,1,5,0,0,0,0,0,0,0,4,1,6,6,1,52,8,1229,1,8,VAUXHALL CORSA,-1,-1,0,-1
2020990946184,2020,990946184,1,9,0,7,7,4,7,0,0,0,1,0,8,0,1,1,6,6,1,41,7,1199,1,17,VAUXHALL CORSA,7,-1,0,-1
2020610041120,2020,610041120,1,9,0,5,5,8,2,0,0,6,0,0,0,0,1,1,2,2,2,25,5,1229,1,13,VAUXHALL CORSA,2,W01001691,0,-1
2020010236544,2020,010236544,2,9,0,99,99,9,9,99,99,9,9,99,9,99,2,9,6,6,3,29,6,1364,1,11,VAUXHALL CORSA,1,E01001790,0,-1
2020200946268,2020,200946268,1,9,0,9,9,8,6,0,0,6,0,0,0,0,3,1,6,6,1,23,5,1398,1,2,VAUXHALL CORSA,1,E01009366,0,-1
2020041004603,2020,041004603,1,9,0,18,19,6,2,0,0,1,0,0,0,0,4,1,5,6,2,50,8,1398,1,4,VAUXHALL CORSA,2,E01025284,0,-1
2020200990609,2020,200990609,2,9,0,18,19,2,6,0,0,8,0,0,0,0,4,1,6,6,1,20,4,1229,1,4,VAUXHALL CORSA,1,E01009404,0,-1
2020010253610,2020,010253610,1,9,0,18,19,5,1,0,0,8,0,0,0,0,1,1,2,2,2,21,5,1229,1,6,VAUXHALL CORSA,3,E01002393,0,-1
2020010244921,2020,010244921,2,9,0,5,5,5,1,0,0,2,0,0,0,0,1,1,6,6,1,78,11,1398,1,8,VAUXHALL CORSA,5,E01001389,0,-1
2020201002653,2020,201002653,1,9,0,18,19,8,2,0,0,4,0,0,0,0,1,1,6,6,2,49,8,1248,2,9,VAUXHALL CORSA,2,E01009014,0,-1
2020370977702,2020,370977702,2,9,0,3,3,-1,-1,0,0,-1,0,0,0,0,1,1,6,6,2,50,8,1598,1,12,VAUXHALL CORSA,7,E01030171,0,-1
2020400943915,2020,400943915,1,9,0,3,3,4,8,0,0,1,0,0,0,0,2,1,6,6,1,58,9,1196,1,23,VAUXHALL CORSA,4,E01015792,0,-1
2020210971935,2020,210971935,2,9,0,2,2,0,0,0,0,0,0,0,0,0,2,1,6,6,3,-1,-1,1229,1,12,VAUXHALL CORSA,-1,-1,0,-1
2020010261050,2020,010261050,1,9,0,99,99,9,9,99,99,9,9,99,9,99,2,9,6,6,1,25,5,1229,1,13,VAUXHALL CORSA,6,E01001393,0,-1
20201372A0943,2020,1372A0943,1,9,0,18,19,1,5,0,0,0,0,0,0,0,4,1,6,6,1,21,5,1248,2,10,VAUXHALL CORSA,-1,-1,0,-1
2020122000591,2020,122000591,4,9,0,2,2,0,0,0,0,0,0,4,0,0,2,1,6,6,3,-1,-1,1229,1,9,VAUXHALL CORSA,-1,-1,0,-1
2020010230945,2020,010230945,1,9,0,3,3,5,1,0,0,1,0,0,0,0,2,1,2,2,1,53,8,1229,1,10,VAUXHALL CORSA,3,E01002542,0,-1
2020411012254,2020,411012254,2,9,0,18,19,3,7,0,0,8,0,0,0,0,1,1,6,6,2,30,6,1229,1,11,VAUXHALL CORSA,7,E01023944,0,-1
202006N275364,2020,06N275364,1,9,0,5,5,7,3,0,0,1,0,0,0,0,1,1,6,6,2,50,8,998,1,15,VAUXHALL CORSA,-1,-1,0,-1
2020137A81147,2020,137A81147,1,9,0,18,19,6,2,0,0,0,0,0,0,0,1,1,6,6,1,22,5,1229,1,8,VAUXHALL CORSA,2,E01011121,0,-1
2020522004617,2020,522004617,1,9,0,18,19,8,4,0,0,1,0,0,0,0,3,1,6,6,2,18,4,1229,1,14,VAUXHALL CORSA,7,E01014947,0,-1
2020400964183,2020,400964183,1,9,0,4,4,5,5,0,0,6,0,0,0,0,3,1,5,6,1,48,8,1199,1,1,VAUXHALL CORSA,10,E01017373,0,-1
2020500939652,2020,500939652,4,9,0,3,3,1,5,0,0,0,0,0,0,0,2,1,6,6,2,38,7,1398,1,5,VAUXHALL CORSA,8,E01029319,0,-1
2020010232740,2020,010232740,1,9,0,18,19,5,1,0,0,1,0,0,0,0,1,1,6,6,1,30,6,1398,1,1,VAUXHALL CORSA,5,E01001933,0,-1
2020221005769,2020,221005769,1,9,0,5,5,4,8,0,0,0,0,4,0,0,1,1,5,6,1,25,5,1248,2,12,VAUXHALL CORSA,2,E01009725,0,-1
2020500932789,2020,500932789,1,9,0,18,19,1,5,0,0,0,0,11,1,11,1,1,6,6,2,23,5,1398,1,5,VAUXHALL CORSA,2,E01018911,0,-1
2020410982826,2020,410982826,1,9,0,18,19,4,1,0,0,0,1,11,2,7,1,1,5,6,1,24,5,1229,1,7,VAUXHALL CORSA,8,E01002273,0,-1
2020360968264,2020,360968264,2,9,0,18,19,3,7,0,0,1,0,0,1,9,1,1,5,6,2,20,4,998,1,8,VAUXHALL CORSA,2,E01026805,0,-1
2020010271489,2020,010271489,1,9,0,18,19,5,1,0,0,6,0,0,0,0,1,1,2,2,1,29,6,1398,1,7,VAUXHALL CORSA,2,E01001706,0,-1
2020010249642,2020,010249642,1,9,0,18,19,2,6,0,0,1,0,0,0,0,1,1,6,6,1,19,4,1229,1,11,VAUXHALL CORSA,3,E01015973,0,-1
2020440149856,2020,440149856,1,9,0,11,11,7,2,0,0,0,1,0,0,0,1,1,6,6,2,29,6,1248,2,9,VAUXHALL CORSA,8,E01031505,0,-1
2020010249894,2020,010249894,1,9,0,18,19,5,1,0,0,0,0,0,0,0,1,1,6,6,2,19,4,998,1,11,VAUXHALL CORSA,2,E01002638,0,-1
20201373D1028,2020,1373D1028,1,9,0,18,19,4,8,0,0,0,0,0,0,0,1,1,2,2,2,30,6,1248,2,8,VAUXHALL CORSA,1,E01011623,0,-1
2020010274032,2020,010274032,3,9,0,3,3,1,5,0,0,8,0,0,0,0,4,1,6,6,1,31,6,1229,1,13,VAUXHALL CORSA,-1,-1,0,-1
2020470935461,2020,470935461,6,9,0,4,4,6,2,0,0,1,0,0,0,0,2,1,6,6,1,31,6,1199,1,17,VAUXHALL CORSA,3,E01031441,0,-1
2020440335162,2020,440335162,2,9,0,18,19,8,4,0,0,8,0,0,0,0,1,1,6,6,1,25,5,1398,1,10,VAUXHALL CORSA,7,E01022710,0,-1
2020040934763,2020,040934763,1,9,0,18,19,1,5,0,0,0,0,0,0,0,1,1,5,6,1,20,4,1229,1,5,VAUXHALL CORSA,1,E01012704,0,-1
2020210976256,2020,210976256,1,9,-1,-1,-1,-1,-1,-1,-1,0,-1,-1,-1,0,-1,1,6,6,2,20,4,1229,1,10,VAUXHALL CORSA,1,E01009375,0,-1
2020440386476,2020,440386476,2,9,0,18,19,5,8,0,0,8,0,0,0,0,4,1,6,6,1,25,5,1229,1,6,VAUXHALL CORSA,6,E01032748,0,-1
2020070117480,2020,070117480,1,9,0,18,19,6,2,0,0,5,0,0,0,0,1,1,6,6,2,19,4,1229,1,13,VAUXHALL CORSA,9,E01012374,0,-1
2020010272055,2020,010272055,1,9,0,9,9,5,2,0,0,1,0,0,0,0,3,1,6,6,2,57,9,1398,1,2,VAUXHALL CORSA,3,E01002079,0,-1
2020371002526,2020,371002526,1,9,0,18,19,7,3,0,0,0,2,0,8,10,4,1,6,6,2,30,6,1229,1,11,VAUXHALL CORSA,9,E01018287,0,-1
2020010282349,2020,010282349,1,9,0,99,99,9,9,99,99,9,9,99,9,99,1,9,6,6,2,23,5,1229,1,13,VAUXHALL CORSA,2,E01003324,0,-1
2020360967489,2020,360967489,1,9,0,4,4,7,4,0,0,1,0,0,0,0,2,1,5,6,2,56,9,1248,2,10,VAUXHALL CORSA,7,E01026910,0,-1
2020440205855,2020,440205855,1,9,0,7,7,7,1,0,0,8,0,0,0,0,4,1,6,6,3,-1,-1,1199,1,1,VAUXHALL CORSA,-1,-1,0,-1
2020211030125,2020,211030125,1,9,0,18,19,7,3,0,0,0,0,0,0,0,4,1,6,6,2,24,5,1229,1,7,VAUXHALL CORSA,3,E01029404,0,-1
202006M269778,2020,06M269778,1,9,0,9,9,7,5,0,0,8,0,0,0,0,1,1,6,6,1,32,6,1364,1,13,VAUXHALL CORSA,2,E01018467,0,-1
2020460929008,2020,460929008,1,9,0,9,9,1,6,0,0,1,0,0,0,0,1,1,5,6,3,-1,-1,1199,1,21,VAUXHALL CORSA,-1,-1,0,-1
2020421002087,2020,421002087,2,9,0,18,19,8,4,0,0,0,0,0,0,0,3,1,5,6,2,31,6,1364,1,11,VAUXHALL CORSA,4,E01023296,0,-1
2020010255392,2020,010255392,1,9,0,9,9,5,3,0,0,8,0,0,0,0,3,1,6,6,2,32,6,1398,1,4,VAUXHALL CORSA,1,E01009360,0,-1
2020052001545,2020,052001545,3,9,0,18,19,4,8,0,0,0,0,0,0,0,3,1,2,2,2,48,8,1199,1,16,VAUXHALL CORSA,2,E01006869,0,-1
2020360964701,2020,360964701,1,9,0,18,19,5,7,0,0,0,1,0,7,1,1,1,2,2,1,21,5,1229,1,7,VAUXHALL CORSA,10,E01026537,0,-1
2020040958693,2020,040958693,1,9,0,18,19,3,7,0,0,0,0,0,0,0,2,1,5,6,1,18,4,1229,1,8,VAUXHALL CORSA,-1,-1,0,-1
2020010284901,2020,010284901,1,9,0,5,5,1,5,9,9,4,0,0,0,0,4,1,6,6,2,46,8,1364,1,11,VAUXHALL CORSA,4,E01004418,0,-1
2020100933987,2020,100933987,1,9,0,5,5,0,7,9,9,2,0,0,0,0,1,1,5,6,2,39,7,1364,1,11,VAUXHALL CORSA,1,E01008821,0,-1
2020460982020,2020,460982020,2,9,0,2,2,0,0,0,0,0,1,0,0,0,2,1,6,6,2,34,6,1248,2,13,VAUXHALL CORSA,2,E01024496,0,-1
2020471000930,2020,471000930,2,9,0,10,10,3,1,0,0,1,0,0,0,0,2,1,6,6,1,26,6,1248,2,11,VAUXHALL CORSA,5,E01032836,0,-1
2020461007497,2020,461007497,2,9,0,18,19,1,5,0,0,0,0,0,7,0,1,1,6,6,2,30,6,1248,2,14,VAUXHALL CORSA,5,E01024254,0,-1
2020101003905,2020,101003905,1,9,0,5,5,7,2,0,0,4,0,0,0,0,1,1,6,6,2,20,4,1229,1,7,VAUXHALL CORSA,9,E01027549,0,-1
202031B016520,2020,31B016520,4,9,0,3,3,8,4,0,0,0,0,0,0,0,2,1,6,6,1,59,9,1398,1,1,VAUXHALL CORSA,6,E01007695,0,-1
202063C004320,2020,63C004320,2,9,0,-1,-1,-1,-1,0,0,0,1,0,0,0,1,1,2,2,1,25,5,1248,2,6,VAUXHALL CORSA,7,W01000564,0,-1
2020211001018,2020,211001018,1,9,-1,-1,-1,-1,-1,-1,-1,0,-1,-1,-1,0,-1,1,1,1,1,25,5,1248,2,6,VAUXHALL CORSA,1,E01029835,0,-1
2020522100978,2020,522100978,2,9,0,18,19,1,5,0,0,8,0,0,0,0,2,1,6,6,1,29,6,-1,-1,-1,VAUXHALL CORSA,3,E01014609,0,-1
2020440048261,2020,440048261,1,9,0,18,19,6,2,0,0,8,0,0,0,0,1,1,2,2,1,18,4,1229,1,11,VAUXHALL CORSA,6,E01022520,0,-1
2020351011158,2020,351011158,1,9,0,18,19,1,5,0,0,0,5,0,1,0,1,1,6,6,1,20,4,1364,1,12,VAUXHALL CORSA,9,E01033188,0,-1
2020990920123,2020,990920123,1,9,0,4,4,8,3,0,0,1,0,0,0,0,1,1,6,6,2,21,5,1229,1,12,VAUXHALL CORSA,6,-1,0,-1
2020040938944,2020,040938944,1,9,0,18,19,7,3,0,0,0,5,4,0,0,1,1,1,1,2,23,5,1229,1,7,VAUXHALL CORSA,5,E01025604,0,-1
2020460959293,2020,460959293,1,9,0,7,7,5,7,0,0,6,0,0,0,0,3,1,6,6,2,19,4,1398,1,3,VAUXHALL CORSA,10,E01024765,0,-1
2020460922395,2020,460922395,1,9,0,6,6,1,1,0,0,1,0,0,0,0,3,1,5,6,1,54,8,1398,1,4,VAUXHALL CORSA,8,E01016179,0,-1
2020200938816,2020,200938816,1,9,0,9,9,4,2,0,0,5,0,0,0,0,1,1,2,2,1,52,8,-1,-1,-1,VAUXHALL CORSA,4,E01009249,0,-1
2020170L30900,2020,170L30900,2,9,0,18,19,7,3,0,0,1,0,0,0,0,1,1,4,7,2,-1,-1,1229,1,13,VAUXHALL CORSA,9,E01020698,0,-1
2020420979805,2020,420979805,1,9,0,4,4,4,8,0,0,0,1,0,0,0,1,1,2,2,1,27,6,1398,1,7,VAUXHALL CORSA,8,E01021395,0,-1
2020200963532,2020,200963532,3,9,0,8,8,2,4,0,0,1,0,0,0,0,3,1,5,6,2,32,6,998,1,9,VAUXHALL CORSA,3,E01010501,0,-1
2020200963546,2020,200963546,1,9,0,9,9,8,6,0,0,5,0,0,0,0,4,1,5,6,2,20,4,1229,1,7,VAUXHALL CORSA,3,E01029355,0,-1
2020420976559,2020,420976559,2,9,0,9,9,5,1,0,0,8,0,0,0,0,4,1,6,6,2,55,8,1398,1,10,VAUXHALL CORSA,8,E01021333,0,-1
2020320619401,2020,320619401,1,9,0,18,19,3,7,0,0,4,0,0,0,0,3,1,1,1,1,44,7,1229,1,12,VAUXHALL CORSA,1,E01026112,0,-1
2020470982497,2020,470982497,2,9,0,18,19,5,1,0,0,8,0,0,0,0,1,1,5,6,2,37,7,1229,1,10,VAUXHALL CORSA,7,E01016923,0,-1
2020450953535,2020,450953535,1,9,0,18,19,1,3,0,0,1,0,0,0,0,3,1,5,6,1,72,10,1398,1,7,VAUXHALL CORSA,7,E01001049,0,-1
2020470987136,2020,470987136,1,9,0,17,19,8,5,0,0,0,5,11,1,11,1,2,5,6,2,25,5,998,1,7,VAUXHALL CORSA,4,E01031434,0,-1
2020370983663,2020,370983663,2,9,0,8,8,2,4,0,0,1,0,0,0,0,1,1,6,6,2,45,7,1398,1,1,VAUXHALL CORSA,9,E01030238,0,-1
2020210983718,2020,210983718,1,9,0,18,19,4,8,0,0,2,0,0,0,0,1,1,1,1,1,18,4,1229,1,9,VAUXHALL CORSA,8,E01029486,0,-1
2020030945968,2020,030945968,1,9,0,18,19,1,5,0,0,0,0,0,0,0,1,1,6,6,1,20,4,1398,1,4,VAUXHALL CORSA,5,E01019144,0,-1
2020990961938,2020,990961938,1,9,0,16,19,1,5,0,0,0,0,0,0,0,1,1,1,1,1,18,4,998,1,10,VAUXHALL CORSA,5,-1,0,-1
2020370944274,2020,370944274,1,9,0,18,19,3,7,0,0,0,0,0,0,0,1,1,5,6,2,78,11,1229,1,10,VAUXHALL CORSA,3,E01021974,0,-1
2020460949926,2020,460949926,2,9,0,2,2,0,0,0,0,0,0,0,0,0,2,1,6,6,2,24,5,1229,1,6,VAUXHALL CORSA,2,E01016110,0,-1
2020010260144,2020,010260144,1,9,9,18,19,7,3,99,99,9,0,0,0,0,4,9,6,6,2,40,7,1398,1,8,VAUXHALL CORSA,3,E01000385,0,-1
20201372I1029,2020,1372I1029,1,9,0,18,19,8,3,0,0,4,0,0,0,0,4,1,6,6,2,20,4,1364,1,2,VAUXHALL CORSA,1,E01010880,0,-1
2020040985520,2020,040985520,1,9,0,12,12,5,1,0,0,1,0,0,0,0,3,1,1,1,1,38,7,1229,1,15,VAUXHALL CORSA,10,E01004924,0,-1