collision_index,collision_year,collision_ref_no,vehicle_reference,vehicle_type,towing_and_articulation,vehicle_manoeuvre_historic,vehicle_manoeuvre,vehicle_direction_from,vehicle_direction_to,vehicle_location_restricted_lane_historic,vehicle_location_restricted_lane,junction_location,skidding_and_overturning,hit_object_in_carriageway,vehicle_leaving_carriageway,hit_object_off_carriageway,first_point_of_impact,vehicle_left_hand_drive,journey_purpose_of_driver_historic,journey_purpose_of_driver,sex_of_driver,age_of_driver,age_band_of_driver,engine_capacity_cc,propulsion_code,age_of_vehicle,generic_make_model,driver_imd_decile,lsoa_of_driver,escooter_flag,driver_distance_banding
2020410980561,2020,410980561,1,9,0,9,9,7,5,0,0,8,0,0,0,0,1,1,5,6,1,21,5,1398,1,1,VAUXHALL CORSA,4,E01001512,0,-1
2020990958728,2020,990958728,1,9,0,18,19,7,3,0,0,1,0,0,0,0,1,1,6,6,2,38,7,1229,1,9,VAUXHALL CORSA,1,-1,0,-1
2020360977738,2020,360977738,2,9,0,18,19,8,4,0,0,1,0,0,0,0,3,1,1,1,1,59,9,1398,1,3,VAUXHALL CORSA,8,E01026561,0,-1
2020070743801,2020,070743801,2,9,0,18,19,6,3,0,0,8,0,0,0,0,2,1,6,6,2,41,7,998,1,6,VAUXHALL CORSA,1,E01012367,0,-1
2020990947968,2020,990947968,1,9,0,16,19,3,7,9,9,0,0,10,7,2,1,1,5,6,2,26,6,1229,1,7,VAUXHALL CORSA,3,-1,0,-1
2020201009313,2020,201009313,2,9,0,18,19,2,6,0,0,8,1,10,1,1,1,1,6,6,2,38,7,1229,1,8,VAUXHALL CORSA,1,E01009325,0,-1
2020200968423,2020,200968423,2,9,0,5,5,3,7,0,0,8,0,0,0,0,4,1,6,6,2,33,6,1364,1,11,VAUXHALL CORSA,2,E01010074,0,-1
20201376T1049,2020,1376T1049,1,8,0,4,4,2,6,0,0,1,0,0,0,0,1,1,6,6,2,23,5,1248,2,13,-1,9,E01011310,0,-1
2020400969179,2020,400969179,1,9,0,4,4,7,3,0,0,0,0,0,0,0,1,1,5,6,2,78,11,1199,1,0,VAUXHALL CORSA,7,E01015803,0,-1
2020552000720,2020,552000720,2,9,0,3,3,4,8,0,0,0,0,0,0,0,2,1,6,6,2,30,6,1248,2,8,VAUXHALL CORSA,6,E01018735,0,-1
2020170L20340,2020,170L20340,1,9,0,9,9,3,1,0,0,8,0,0,0,0,1,1,6,6,2,64,9,1364,1,2,VAUXHALL CORSA,1,E01012175,0,-1
202006A372752,2020,06A372752,1,9,0,1,1,1,5,0,0,0,0,4,0,0,2,1,6,6,1,55,8,1229,1,10,VAUXHALL CORSA,4,E01005360,0,-1
2020040959637,2020,040959637,2,9,0,18,19,1,3,0,0,0,0,0,0,0,2,1,6,6,2,19,4,1248,2,12,VAUXHALL CORSA,7,E01025576,0,-1
2020201015711,2020,201015711,1,9,0,18,19,3,7,0,0,0,0,4,0,0,1,1,6,6,1,29,6,1248,2,13,VAUXHALL CORSA,4,E01009691,0,-1
2020010240664,2020,010240664,1,9,0,99,99,9,9,99,99,9,9,99,9,99,1,9,6,6,1,33,6,1398,1,4,VAUXHALL CORSA,8,E01003455,0,-1
2020990925217,2020,990925217,1,9,0,12,12,3,7,0,0,0,0,0,0,0,3,1,6,6,1,19,4,1229,1,5,VAUXHALL CORSA,5,-1,0,-1
2020200975400,2020,200975400,1,9,0,18,19,4,8,0,0,0,0,0,0,0,1,1,6,6,1,22,5,1398,1,4,VAUXHALL CORSA,8,E01032446,0,-1
2020500989684,2020,500989684,1,9,0,18,19,3,7,0,0,0,1,0,0,0,1,1,6,6,1,40,7,1364,1,13,VAUXHALL CORSA,7,E01018786,0,-1
2020122000190,2020,122000190,3,9,0,18,19,1,5,0,0,0,0,0,0,0,2,1,2,2,2,53,8,1229,1,7,VAUXHALL CORSA,2,E01012362,0,-1
2020140965951,2020,140965951,1,9,0,18,19,7,3,0,0,0,0,0,1,10,1,1,5,6,1,45,7,1199,1,16,VAUXHALL CORSA,9,E01007802,0,-1
2020430268425,2020,430268425,1,9,0,9,9,1,7,0,0,5,0,0,0,0,1,1,6,6,2,52,8,1229,1,10,VAUXHALL CORSA,5,E01016437,0,-1
2020500989339,2020,500989339,2,9,0,18,19,7,1,0,0,1,0,0,0,0,1,1,2,2,1,61,9,1248,2,12,VAUXHALL CORSA,5,E01015174,0,-1
2020460928485,2020,460928485,1,9,0,16,19,8,5,0,0,0,0,0,7,4,3,1,5,6,2,28,6,1398,1,7,VAUXHALL CORSA,3,E01024280,0,-1
2020160931102,2020,160931102,1,9,0,18,19,2,6,0,0,1,0,0,0,0,1,1,2,2,1,39,7,1199,1,17,VAUXHALL CORSA,7,E01013256,0,-1
2020141010221,2020,141010221,2,9,0,18,19,1,7,0,0,1,0,0,0,0,1,1,6,6,1,31,6,1229,1,13,VAUXHALL CORSA,1,E01008096,0,-1
2020010255137,2020,010255137,2,9,0,99,99,9,9,99,99,9,9,99,9,99,9,9,6,6,1,41,7,1229,1,13,VAUXHALL CORSA,2,E01001529,0,-1
2020350986743,2020,350986743,1,9,0,18,19,1,5,0,0,0,0,6,0,0,-1,1,5,6,2,19,4,973,1,17,VAUXHALL CORSA,8,E01026337,0,-1
2020040959861,2020,040959861,1,9,0,18,19,5,1,0,0,0,0,0,0,0,3,1,6,6,2,29,6,1229,1,6,VAUXHALL CORSA,2,E01012600,0,-1
2020010266973,2020,010266973,1,9,0,14,14,5,1,0,0,0,0,11,0,0,1,1,6,6,2,28,6,1398,1,1,VAUXHALL CORSA,-1,-1,0,-1
202031B179920,2020,31B179920,1,9,0,16,19,8,2,0,0,0,1,0,7,11,1,1,6,6,2,19,4,1248,2,11,VAUXHALL CORSA,3,E01028064,0,-1
2020500987446,2020,500987446,1,9,0,7,7,6,1,0,0,5,5,0,7,10,1,1,5,6,1,18,4,1229,1,4,VAUXHALL CORSA,2,E01018774,0,-1
2020450940297,2020,450940297,2,9,0,18,19,1,5,0,0,0,5,0,1,0,1,1,5,6,1,22,5,1398,1,9,VAUXHALL CORSA,9,E01023507,0,-1
2020052001515,2020,052001515,2,9,0,2,2,0,0,0,0,0,0,0,0,0,3,1,6,6,3,-1,-1,1398,1,2,VAUXHALL CORSA,-1,-1,0,-1
2020010258080,2020,010258080,2,9,0,99,99,9,9,99,99,9,9,99,9,99,1,9,6,6,3,-1,-1,1364,1,12,VAUXHALL CORSA,-1,-1,0,-1
2020302001195,2020,302001195,2,9,0,16,19,2,6,0,0,0,0,0,0,0,1,1,6,6,2,-1,-1,1398,1,5,VAUXHALL CORSA,9,E01019850,0,-1
2020200960022,2020,200960022,1,9,0,5,5,3,5,0,0,2,0,0,0,0,1,1,2,2,1,45,7,1398,1,10,VAUXHALL CORSA,1,E01010455,0,-1
2020052002689,2020,052002689,2,9,0,9,9,1,7,0,0,0,0,0,0,0,3,1,6,6,1,23,5,1398,1,1,VAUXHALL CORSA,8,E01006224,0,-1
2020440410119,2020,440410119,1,9,0,18,19,7,3,0,0,0,0,0,7,11,3,1,6,6,1,30,6,1229,1,7,VAUXHALL CORSA,10,E01022751,0,-1
2020161003481,2020,161003481,2,9,0,6,6,3,3,0,0,1,0,0,0,0,3,1,1,1,1,42,7,1248,2,9,VAUXHALL CORSA,8,E01013277,0,-1
2020500977962,2020,500977962,1,9,0,18,19,1,5,0,0,0,0,0,0,0,4,1,5,6,1,26,6,1248,2,8,VAUXHALL CORSA,2,E01018868,0,-1
2020546103320,2020,546103320,1,9,0,9,9,5,3,0,0,1,0,0,0,0,1,1,6,6,2,18,4,1389,1,16,VAUXHALL CORSA,4,E01015492,0,-1
2020220931635,2020,220931635,2,9,0,8,8,7,8,0,0,1,0,0,0,0,2,1,5,6,1,28,6,1398,1,1,VAUXHALL CORSA,1,E01032245,0,-1
2020010233099,2020,010233099,2,9,0,99,99,9,9,99,99,9,9,99,9,99,1,9,6,6,3,-1,-1,1229,1,6,VAUXHALL CORSA,-1,-1,0,-1
202031D159520,2020,31D159520,2,9,0,10,10,7,5,0,0,8,0,0,0,0,2,1,6,6,1,52,8,1248,2,12,VAUXHALL CORSA,2,E01028110,0,-1
2020460947372,2020,460947372,2,9,0,4,4,5,1,0,0,1,0,0,0,0,2,1,6,6,2,58,9,1398,1,4,VAUXHALL CORSA,8,E01024760,0,-1
2020211024912,2020,211024912,2,9,0,18,19,1,5,0,0,1,0,0,0,0,4,1,1,1,2,19,4,1199,1,0,VAUXHALL CORSA,1,E01014218,0,-1
2020440062580,2020,440062580,2,9,0,9,9,3,1,0,0,8,0,0,0,0,3,1,1,1,2,46,8,1398,1,1,VAUXHALL CORSA,4,E01017028,0,-1
2020622001123,2020,622001123,2,9,0,18,19,2,6,0,0,8,0,0,0,0,1,1,6,6,2,28,6,1398,1,5,VAUXHALL CORSA,2,W01000790,0,-1
2020052000717,2020,052000717,1,9,0,9,9,5,3,0,0,8,0,0,0,0,4,1,6,6,2,26,6,1229,1,7,VAUXHALL CORSA,2,E01006667,0,-1
2020200929902,2020,200929902,1,9,0,9,9,-1,-1,0,0,6,0,0,0,0,1,1,6,6,3,-1,-1,1364,1,11,VAUXHALL CORSA,-1,-1,0,-1
2020010279268,2020,010279268,2,9,0,18,19,3,7,0,0,1,0,0,0,0,1,1,6,6,3,-1,-1,1229,1,12,VAUXHALL CORSA,-1,-1,0,-1
2020137261227,2020,137261227,1,9,0,9,9,1,5,0,0,8,0,0,0,0,1,1,6,6,1,57,9,1364,1,13,VAUXHALL CORSA,9,E01011812,0,-1
2020010243581,2020,010243581,2,9,0,9,9,2,8,0,0,6,9,0,0,99,3,9,6,6,1,-1,-1,998,1,12,VAUXHALL CORSA,-1,-1,0,-1
2020990966833,2020,990966833,2,9,0,2,2,0,0,0,0,1,0,0,0,0,0,1,5,6,1,24,5,1398,1,3,VAUXHALL CORSA,-1,-1,0,-1
2020010286159,2020,010286159,1,9,0,7,7,8,2,0,0,6,0,0,0,0,1,1,6,6,2,24,5,998,1,10,VAUXHALL CORSA,2,E01001555,0,-1
2020500999018,2020,500999018,2,9,0,18,19,5,1,0,0,0,0,0,0,0,1,1,1,1,2,27,6,1199,1,0,VAUXHALL CORSA,4,E01018876,0,-1
2020052001732,2020,052001732,1,9,0,3,3,5,1,0,0,1,0,0,0,0,1,1,6,6,1,22,5,1229,1,10,VAUXHALL CORSA,6,W01000291,0,-1
2020990986327,2020,990986327,1,9,0,18,19,6,2,0,0,1,0,0,0,0,1,1,1,1,2,58,9,1229,1,10,VAUXHALL CORSA,1,-1,0,-1
2020302000844,2020,302000844,1,9,0,18,19,6,2,0,0,8,0,0,1,9,1,1,2,2,1,26,6,1398,1,5,VAUXHALL CORSA,2,E01029717,0,-1
2020040936895,2020,040936895,2,9,0,17,19,7,3,0,0,8,0,0,0,0,1,1,3,7,2,38,7,1248,2,12,VAUXHALL CORSA,5,E01025252,0,-1
2020460929121,2020,460929121,2,9,0,18,19,3,7,9,9,0,0,0,1,3,1,1,6,6,2,18,4,1199,1,16,VAUXHALL CORSA,9,E01024431,0,-1
2020010255720,2020,010255720,1,9,0,99,99,9,9,99,99,9,9,99,9,99,2,9,2,2,2,21,5,1364,1,11,VAUXHALL CORSA,6,E01002670,0,-1
2020552001188,2020,552001188,1,9,0,18,19,6,2,0,0,0,0,0,0,0,1,1,6,6,1,46,8,998,1,10,VAUXHALL CORSA,10,E01022985,0,-1
2020200934549,2020,200934549,1,9,0,18,19,8,4,0,0,0,0,0,0,0,1,1,2,2,2,63,9,1229,1,9,VAUXHALL CORSA,1,E01008882,0,-1
2020010235454,2020,010235454,1,9,0,18,19,7,3,0,0,1,0,0,0,0,4,1,6,6,1,19,4,1229,1,9,VAUXHALL CORSA,-1,-1,0,-1
2020137CF1789,2020,137CF1789,2,9,0,18,19,3,7,0,0,0,0,0,0,0,1,1,6,6,2,21,5,1248,2,10,VAUXHALL CORSA,10,E01013091,0,-1
2020100957224,2020,100957224,1,9,0,17,19,7,3,0,0,0,0,0,0,0,4,1,5,6,1,24,5,1398,1,5,VAUXHALL CORSA,2,E01008859,0,-1
2020041003211,2020,041003211,1,9,0,18,19,5,1,0,0,0,0,0,7,2,1,1,5,6,2,42,7,1229,1,15,VAUXHALL CORSA,1,E01012656,0,-1
2020340E09032,2020,340E09032,1,9,0,18,19,5,1,0,0,8,0,0,0,0,1,1,6,6,1,34,6,1229,1,11,VAUXHALL CORSA,10,E01027077,0,-1
2020220948373,2020,220948373,1,9,0,9,9,8,7,0,0,6,0,0,0,0,1,1,5,6,1,84,11,1229,1,15,VAUXHALL CORSA,4,E01032215,0,-1
2020220968790,2020,220968790,1,9,0,7,7,5,7,0,0,4,0,0,0,0,3,1,5,6,2,30,6,1199,1,19,VAUXHALL CORSA,7,E01032191,0,-1
2020010263877,2020,010263877,1,9,9,3,3,7,3,0,0,1,0,0,0,0,9,9,6,6,1,26,6,1398,1,1,VAUXHALL CORSA,3,E01000111,0,-1
2020541402220,2020,541402220,1,9,0,18,19,1,6,0,0,0,2,10,0,0,1,1,6,6,1,20,4,998,1,14,VAUXHALL CORSA,6,E01020442,0,-1
2020010280534,2020,010280534,1,9,0,11,11,3,7,0,0,3,0,0,0,0,4,1,6,6,1,27,6,1229,1,9,VAUXHALL CORSA,4,E01000478,0,-1
202031A037720,2020,31A037720,1,9,0,18,19,4,8,0,0,1,0,0,0,0,1,1,6,6,2,22,5,998,1,8,VAUXHALL CORSA,6,E01019680,0,-1
2020160952461,2020,160952461,2,9,0,18,19,5,1,0,0,1,0,0,0,0,1,1,5,6,1,22,5,1248,2,13,VAUXHALL CORSA,7,E01012792,0,-1
2020400973094,2020,400973094,1,9,0,18,19,4,8,0,0,4,0,0,0,0,3,1,5,6,1,79,11,1398,1,4,VAUXHALL CORSA,2,E01017519,0,-1
2020137BO0521,2020,137BO0521,1,9,0,9,9,3,1,0,0,6,0,0,0,0,3,1,1,1,2,38,7,1398,1,5,VAUXHALL CORSA,1,E01010994,0,-1
2020201002949,2020,201002949,1,9,0,18,19,5,2,0,0,1,0,0,0,0,1,1,1,1,2,29,6,1248,2,7,VAUXHALL CORSA,8,E01009822,0,-1
2020070434314,2020,070434314,1,9,0,18,19,8,4,0,0,0,1,10,7,0,4,1,1,1,2,23,5,998,1,10,VAUXHALL CORSA,10,E01018518,0,-1
2020470936924,2020,470936924,1,9,0,18,19,4,8,0,0,4,0,0,0,0,1,1,6,6,1,53,8,1398,1,3,VAUXHALL CORSA,-1,-1,0,-1
2020070518498,2020,070518498,2,9,0,18,19,1,5,0,0,0,1,0,0,0,4,1,6,6,1,57,9,1398,1,1,VAUXHALL CORSA,1,E01007010,0,-1
2020302001358,2020,302001358,2,9,0,3,3,4,8,0,0,1,0,0,0,0,2,1,3,7,2,46,8,1398,1,9,VAUXHALL CORSA,5,E01013595,0,-1
2020302000635,2020,302000635,2,9,0,9,9,7,3,0,0,3,0,0,3,0,1,1,6,6,1,64,9,1229,1,8,VAUXHALL CORSA,9,E01013599,0,-1
2020010259115,2020,010259115,2,9,0,2,2,0,0,0,0,2,0,0,0,0,3,1,6,6,3,-1,-1,1248,2,11,VAUXHALL CORSA,-1,-1,0,-1
2020010263853,2020,010263853,1,9,0,16,19,5,1,9,9,0,1,0,1,11,1,1,6,6,1,34,6,1598,1,8,VAUXHALL CORSA,3,E01004367,0,-1
2020500978850,2020,500978850,2,9,0,18,19,1,5,0,0,1,0,0,0,0,4,1,5,6,2,73,10,1229,1,14,VAUXHALL CORSA,3,E01020078,0,-1
2020370938313,2020,370938313,2,9,0,18,19,3,7,0,0,0,0,0,0,0,1,1,2,2,1,23,5,1398,1,3,VAUXHALL CORSA,2,E01030168,0,-1
2020400936093,2020,400936093,2,9,0,18,19,1,2,0,0,1,0,0,0,0,4,1,5,6,1,46,8,1229,1,12,VAUXHALL CORSA,3,E01015731,0,-1
2020440363714,2020,440363714,1,9,0,18,19,8,4,0,0,0,0,0,0,0,1,1,6,6,1,33,6,1229,1,6,VAUXHALL CORSA,4,E01017270,0,-1
2020200998521,2020,200998521,1,9,0,18,19,4,8,0,0,6,1,10,0,0,3,1,6,6,2,18,4,1229,1,12,VAUXHALL CORSA,10,E01029709,0,-1
2020400999207,2020,400999207,1,9,0,18,19,5,1,0,0,1,0,0,0,0,1,1,5,6,1,65,9,-1,-1,-1,VAUXHALL CORSA,8,E01017376,0,-1
2020010232284,2020,010232284,2,9,0,18,19,3,7,0,0,1,0,0,0,0,4,1,6,6,3,-1,-1,1364,1,12,VAUXHALL CORSA,-1,-1,0,-1
2020440303864,2020,440303864,1,9,0,17,19,5,2,0,0,0,5,0,1,4,1,1,6,6,1,19,4,1398,1,4,VAUXHALL CORSA,3,E01022901,0,-1
2020990994087,2020,990994087,2,9,0,17,19,6,4,0,0,8,0,0,0,0,4,1,1,1,1,35,6,1248,2,10,VAUXHALL CORSA,7,-1,0,-1
2020041000918,2020,041000918,1,9,0,18,19,7,3,0,0,0,0,10,1,2,1,1,5,6,1,22,5,1398,1,4,VAUXHALL CORSA,1,E01006416,0,-1
202006M271674,2020,06M271674,2,9,0,18,19,7,3,0,0,8,0,0,0,0,2,1,6,6,1,84,11,1398,1,4,VAUXHALL CORSA,-1,-1,0,-1
2020990925676,2020,990925676,3,9,0,18,19,8,4,0,0,0,0,0,0,0,1,1,6,6,1,19,4,1364,1,13,VAUXHALL CORSA,2,-1,0,-1
2020302000328,2020,302000328,2,9,0,18,19,6,2,0,0,0,0,0,0,0,3,1,6,6,2,33,6,1229,1,15,VAUXHALL CORSA,1,E01013484,0,-1
2020040995631,2020,040995631,1,9,0,18,19,5,1,0,0,1,0,0,0,0,1,1,6,6,2,21,5,1248,2,17,VAUXHALL CORSA,4,E01007053,0,-1
2020040928224,2020,040928224,2,9,0,18,19,6,2,0,0,1,0,0,0,0,1,1,5,6,1,19,4,1248,2,13,VAUXHALL CORSA,4,E01025460,0,-1
2020200927479,2020,200927479,1,9,0,18,19,6,2,0,0,8,0,0,0,0,0,1,2,2,1,25,5,1398,1,4,VAUXHALL CORSA,5,E01029627,0,-1
2020010261607,2020,010261607,1,9,0,99,99,9,9,99,99,9,9,99,9,99,1,9,6,6,1,35,6,1398,1,5,VAUXHALL CORSA,3,E01001823,0,-1
2020460978952,2020,460978952,1,9,0,18,19,3,7,0,0,1,0,0,0,0,4,1,6,6,1,34,6,1229,1,13,VAUXHALL CORSA,7,E01024131,0,-1
202006F169523,2020,06F169523,3,9,0,18,19,1,5,0,0,2,0,0,0,0,1,1,6,6,1,34,6,1398,1,9,VAUXHALL CORSA,2,E01005714,0,-1
2020361013603,2020,361013603,1,9,0,7,7,3,6,0,0,1,0,0,1,0,-1,1,2,2,2,22,5,1248,2,16,VAUXHALL CORSA,9,E01026936,0,-1
2020137CJ0352,2020,137CJ0352,1,9,0,9,9,2,8,0,0,1,0,0,0,0,1,1,2,2,1,21,5,1362,1,8,VAUXHALL CORSA,6,E01027923,0,-1
2020461010846,2020,461010846,1,9,0,9,9,7,4,0,0,1,0,0,0,0,1,1,2,2,1,34,6,1199,1,20,VAUXHALL CORSA,2,E01016025,0,-1
2020160955053,2020,160955053,2,9,0,3,3,7,3,0,0,1,0,0,0,0,2,1,2,2,2,-1,-1,1199,1,18,VAUXHALL CORSA,-1,-1,0,-1
2020351003099,2020,351003099,1,9,0,9,9,5,3,0,0,1,0,0,0,0,1,1,5,6,2,20,4,1229,1,12,VAUXHALL CORSA,5,E01015651,0,-1
2020100919782,2020,100919782,1,9,0,18,19,5,1,0,0,0,0,0,0,0,1,1,6,6,2,25,5,1398,1,7,VAUXHALL CORSA,6,-1,0,-1
2020010264623,2020,010264623,2,9,0,99,99,9,9,99,99,0,9,99,9,99,4,9,6,6,3,-1,-1,1398,1,5,VAUXHALL CORSA,8,E01004589,0,-1
2020500941327,2020,500941327,3,9,0,4,4,2,7,0,0,0,0,0,0,0,2,1,5,6,2,22,5,1398,1,1,VAUXHALL CORSA,5,E01015191,0,-1
2020500989692,2020,500989692,1,9,0,16,19,2,5,0,0,1,0,0,1,0,1,1,5,6,1,27,6,1199,1,17,VAUXHALL CORSA,8,E01015223,0,-1
202063A020820,2020,63A020820,2,9,0,18,19,4,8,0,0,0,0,0,0,0,1,1,6,6,1,20,4,1229,1,8,VAUXHALL CORSA,9,W01000710,0,-1
2020990917792,2020,990917792,1,9,0,18,19,3,6,0,0,0,2,0,7,0,1,1,3,7,2,26,6,1229,1,9,VAUXHALL CORSA,6,-1,0,-1
2020137B71862,2020,137B71862,1,9,0,18,19,7,3,0,0,0,0,0,1,1,1,1,2,2,1,21,5,1248,2,9,VAUXHALL CORSA,1,E01010839,0,-1
2020010238548,2020,010238548,1,9,0,99,99,9,9,99,99,9,9,99,9,99,9,9,6,6,1,44,7,1398,1,3,VAUXHALL CORSA,4,E01001463,0,-1
2020137BQ0718,2020,137BQ0718,2,9,0,18,19,4,8,0,0,1,0,0,0,0,1,1,6,6,2,62,9,1398,1,1,VAUXHALL CORSA,10,E01010586,0,-1
2020100923509,2020,100923509,1,9,0,16,19,1,8,0,0,0,1,0,3,0,1,1,6,6,2,19,4,1229,1,13,VAUXHALL CORSA,2,E01008491,0,-1
2020991000476,2020,991000476,1,9,0,18,19,1,5,0,0,0,1,0,1,11,4,1,6,6,1,24,5,1598,1,4,VAUXHALL CORSA,5,-1,0,-1
2020990994103,2020,990994103,2,9,0,17,19,2,6,0,0,0,1,0,0,0,1,1,5,6,1,21,5,1598,1,4,VAUXHALL CORSA,7,-1,0,-1
2020040985099,2020,040985099,2,9,0,18,19,3,7,0,0,0,0,0,0,0,2,1,5,6,2,55,8,998,1,14,VAUXHALL CORSA,1,E01025067,0,-1
2020545363420,2020,545363420,2,9,0,3,3,1,5,0,0,2,0,0,0,0,2,1,6,6,1,33,6,1686,2,17,VAUXHALL CORSA,9,E01031920,0,-1
2020010230873,2020,010230873,1,9,0,7,7,7,1,0,0,1,0,0,0,0,1,1,2,2,1,53,8,1398,1,8,VAUXHALL CORSA,10,E01002387,0,-1
2020010255938,2020,010255938,2,9,0,10,10,8,5,0,0,0,0,0,0,0,2,1,2,2,1,31,6,1229,1,11,VAUXHALL CORSA,-1,-1,0,-1
2020010273950,2020,010273950,2,9,0,4,4,5,1,0,0,1,1,0,0,0,1,1,6,6,2,46,8,1364,1,11,VAUXHALL CORSA,1,E01000521,0,-1
2020010273757,2020,010273757,1,9,0,5,5,0,6,8,6,5,0,0,0,0,1,1,2,2,2,45,7,1199,1,17,VAUXHALL CORSA,5,E01001315,0,-1
2020010282093,2020,010282093,1,9,0,6,6,1,1,0,0,6,0,0,0,0,1,1,6,6,2,44,7,1199,1,0,VAUXHALL CORSA,5,E01000211,0,-1
2020460961225,2020,460961225,2,9,0,18,19,5,1,0,0,0,0,0,1,7,4,1,5,6,2,51,8,1229,1,10,VAUXHALL CORSA,1,E01000721,0,-1
2020201018376,2020,201018376,2,9,0,4,4,6,2,0,0,1,0,0,0,0,1,1,6,6,2,45,7,1398,1,5,VAUXHALL CORSA,1,E01009195,0,-1
2020400988677,2020,400988677,1,9,0,5,5,-1,-1,0,0,8,0,0,0,0,1,1,6,6,2,35,6,1229,1,6,VAUXHALL CORSA,8,E01015696,0,-1
2020010283708,2020,010283708,4,9,0,3,3,5,1,0,0,0,0,0,0,0,0,1,6,6,2,36,7,1199,1,20,VAUXHALL CORSA,3,E01002404,0,-1
2020137330590,2020,137330590,2,9,0,3,3,1,5,0,0,0,0,0,0,0,2,1,6,6,1,71,10,1398,1,4,VAUXHALL CORSA,8,E01011743,0,-1
2020040974795,2020,040974795,2,9,0,18,19,3,7,0,0,1,0,0,0,0,1,1,5,6,1,22,5,1398,1,4,VAUXHALL CORSA,8,E01025463,0,-1
202031D162820,2020,31D162820,1,9,0,18,19,6,2,0,0,2,0,7,0,0,1,1,6,6,1,50,8,1398,1,1,VAUXHALL CORSA,3,E01028062,0,-1
2020470952149,2020,470952149,1,9,0,1,1,2,8,0,0,6,0,0,0,0,2,1,6,6,2,-1,-1,1364,1,13,VAUXHALL CORSA,-1,-1,0,-1
2020052000594,2020,052000594,1,9,0,9,9,6,4,0,0,8,0,0,0,0,2,1,6,6,2,20,4,1229,1,12,VAUXHALL CORSA,8,E01006680,0,-1
2020140938580,2020,140938580,1,9,0,18,19,3,7,0,0,0,0,0,0,0,2,1,5,6,2,19,4,1229,1,15,VAUXHALL CORSA,5,E01027945,0,-1
2020010276146,2020,010276146,1,9,0,3,3,7,3,0,0,1,0,0,0,0,2,1,6,6,1,23,5,1229,1,13,VAUXHALL CORSA,2,E01004385,0,-1
2020010279919,2020,010279919,1,9,0,18,19,7,3,0,0,8,0,0,0,0,1,1,1,1,2,32,6,1364,1,11,VAUXHALL CORSA,2,E01003783,0,-1
2020010249014,2020,010249014,1,9,0,18,19,5,1,0,0,0,0,10,0,0,4,1,6,6,1,33,6,1364,1,11,VAUXHALL CORSA,6,E01000555,0,-1
2020400995097,2020,400995097,1,9,0,18,19,4,2,0,0,4,0,0,0,0,1,1,5,6,1,75,10,1398,1,4,VAUXHALL CORSA,3,E01015765,0,-1
202063C017020,2020,63C017020,1,9,0,18,19,5,1,0,0,1,1,0,2,10,1,1,6,6,2,18,4,1248,2,16,VAUXHALL CORSA,6,W01000598,0,-1
2020410984950,2020,410984950,2,9,0,5,5,5,1,0,0,8,0,0,0,0,1,1,6,6,1,82,11,1398,1,9,VAUXHALL CORSA,9,E01023460,0,-1
2020440217596,2020,440217596,1,9,0,18,19,2,6,0,0,0,0,0,0,0,1,1,6,6,1,24,5,1398,1,3,VAUXHALL CORSA,7,E01022526,0,-1
2020070645201,2020,070645201,2,9,0,18,19,2,6,0,0,0,0,0,0,0,1,1,6,6,2,56,9,998,1,8,VAUXHALL CORSA,3,E01007297,0,-1
2020052000762,2020,052000762,1,9,0,15,15,1,5,0,0,1,5,0,0,0,1,1,6,6,2,19,4,1398,1,3,VAUXHALL CORSA,1,E01006979,0,-1
202031C096820,2020,31C096820,1,9,0,18,19,5,1,0,0,8,5,0,7,0,1,1,6,6,1,21,5,1364,1,13,VAUXHALL CORSA,2,E01013904,0,-1
2020200964072,2020,200964072,4,9,0,2,2,0,0,0,0,0,0,0,0,0,3,1,6,6,2,-1,-1,1229,1,8,VAUXHALL CORSA,-1,-1,0,-1
2020440344118,2020,440344118,1,9,0,18,19,3,7,0,0,8,0,0,7,1,1,1,6,6,1,18,4,1229,1,12,VAUXHALL CORSA,10,E01022625,0,-1
2020010274526,2020,010274526,2,9,0,10,10,3,8,0,0,8,0,0,0,0,1,1,6,6,2,28,6,1229,1,11,VAUXHALL CORSA,3,E01000368,0,-1
2020451000403,2020,451000403,1,9,0,18,19,5,1,0,0,4,0,0,0,0,1,1,5,6,2,77,11,1389,1,15,VAUXHALL CORSA,4,E01001023,0,-1
2020542367220,2020,542367220,3,9,0,18,19,5,1,0,0,2,0,0,0,0,1,1,6,6,1,30,6,1398,1,2,VAUXHALL CORSA,-1,-1,0,-1
2020440061822,2020,440061822,2,9,0,2,2,0,0,0,0,0,0,0,0,0,4,1,6,6,1,-1,-1,998,1,16,VAUXHALL CORSA,-1,-1,0,-1
2020361010916,2020,361010916,1,9,0,18,19,5,1,0,0,0,0,0,0,0,1,1,5,6,2,28,6,1248,2,6,VAUXHALL CORSA,10,E01026527,0,-1
2020010243310,2020,010243310,1,9,0,99,99,9,9,99,99,1,9,99,9,99,1,1,6,6,2,59,9,1229,1,8,VAUXHALL CORSA,4,E01003721,0,-1