collision_index,collision_year,collision_ref_no,vehicle_reference,vehicle_type,towing_and_articulation,vehicle_manoeuvre_historic,vehicle_manoeuvre,vehicle_direction_from,vehicle_direction_to,vehicle_location_restricted_lane_historic,vehicle_location_restricted_lane,junction_location,skidding_and_overturning,hit_object_in_carriageway,vehicle_leaving_carriageway,hit_object_off_carriageway,first_point_of_impact,vehicle_left_hand_drive,journey_purpose_of_driver_historic,journey_purpose_of_driver,sex_of_driver,age_of_driver,age_band_of_driver,engine_capacity_cc,propulsion_code,age_of_vehicle,generic_make_model,driver_imd_decile,lsoa_of_driver,escooter_flag,driver_distance_banding
2020501007364,2020,501007364,1,9,0,18,19,8,4,0,0,0,0,0,0,0,1,1,6,6,2,58,9,1596,1,13,FORD FIESTA,6,E01019903,0,-1
2020010235320,2020,010235320,1,9,0,18,19,5,1,0,0,2,0,0,0,0,1,1,6,6,1,34,6,1242,1,4,FORD FIESTA,2,E01002282,0,-1
202006J177028,2020,06J177028,4,9,0,2,2,0,0,6,6,0,0,0,0,0,2,1,6,6,3,30,6,998,1,6,FORD FIESTA,-1,-1,0,-1
2020170S11530,2020,170S11530,1,9,0,18,19,5,1,0,0,8,0,0,0,0,1,1,6,6,1,57,9,1242,1,7,FORD FIESTA,7,E01027616,0,-1
2020420947667,2020,420947667,1,9,0,5,5,4,7,0,0,3,0,0,0,0,3,1,1,1,2,22,5,1388,1,11,FORD FIESTA,4,E01015990,0,-1
2020530920576,2020,530920576,1,9,0,16,19,7,3,0,0,0,5,0,8,10,1,1,2,2,2,32,6,1399,2,15,FORD FIESTA,6,E01022263,0,-1
2020520100672,2020,520100672,1,9,0,18,19,3,7,0,0,8,5,0,0,0,1,1,6,6,1,27,6,1999,1,13,FORD FIESTA,-1,-1,0,-1
2020430263591,2020,430263591,4,9,0,18,19,5,1,0,0,0,0,0,0,0,2,1,6,6,1,50,8,1496,1,0,FORD FIESTA,6,E01002523,0,-1
2020410997155,2020,410997155,1,9,0,5,5,7,1,0,0,1,0,0,0,0,1,1,2,2,2,22,5,999,1,0,FORD FIESTA,8,E01023763,0,-1
2020220984004,2020,220984004,1,9,0,5,5,2,4,5,5,6,0,0,0,0,4,1,5,6,2,20,4,1242,1,11,FORD FIESTA,9,E01028986,0,-1
202063D061520,2020,63D061520,1,9,0,17,19,-1,-1,0,0,0,0,0,7,9,1,1,6,6,1,43,7,-1,-1,-1,FORD FIESTA,3,W01001460,0,-1
2020010266000,2020,010266000,1,9,0,6,6,3,3,0,0,2,0,0,0,0,4,1,6,6,1,21,5,1242,1,9,FORD FIESTA,9,E01000987,0,-1
2020161006343,2020,161006343,1,9,0,18,19,3,7,0,0,1,0,0,0,0,3,1,5,6,1,65,9,1242,1,20,FORD FIESTA,2,E01012884,0,-1
2020010259902,2020,010259902,1,9,0,10,10,1,7,0,0,8,0,0,0,0,3,1,6,6,1,22,5,998,1,7,FORD FIESTA,2,E01001423,0,-1
2020991006439,2020,991006439,1,9,0,17,19,6,2,0,0,0,1,0,7,11,1,1,6,6,2,45,7,1499,2,4,FORD FIESTA,6,-1,0,-1
2020221017743,2020,221017743,1,9,0,7,7,4,6,0,0,6,2,0,0,0,1,1,5,6,1,22,5,1560,2,9,FORD FIESTA,5,E01024673,0,-1
2020340N06942,2020,340N06942,2,9,0,18,19,0,7,0,0,8,1,0,0,0,4,1,6,6,1,34,6,1242,1,13,FORD FIESTA,2,E01027243,0,-1
2020210929347,2020,210929347,1,9,0,3,3,6,1,0,0,1,0,0,0,0,1,1,6,6,3,-1,-1,1596,1,3,FORD FIESTA,-1,-1,0,-1
2020522000280,2020,522000280,1,9,0,3,3,7,3,0,0,1,0,0,0,0,2,1,6,6,2,34,6,1242,1,11,FORD FIESTA,4,E01014704,0,-1
2020340S03632,2020,340S03632,1,9,0,18,19,1,5,0,0,0,5,0,1,1,0,1,6,6,2,67,10,998,1,3,FORD FIESTA,9,E01027308,0,-1
2020010272835,2020,010272835,1,9,0,99,99,9,9,99,99,9,9,99,9,99,9,9,2,2,1,26,6,1399,2,11,FORD FIESTA,3,E01003915,0,-1
2020140934995,2020,140934995,2,9,0,11,11,3,1,0,0,1,2,0,0,0,1,1,6,6,2,20,4,1388,1,12,FORD FIESTA,-1,-1,0,-1
2020220973779,2020,220973779,1,9,0,1,1,2,8,9,9,6,0,0,0,0,4,1,5,6,1,85,11,1596,1,5,FORD FIESTA,5,E01014084,0,-1
2020201013737,2020,201013737,1,9,0,17,19,4,2,0,0,8,0,0,0,0,1,1,6,6,1,53,8,1399,2,14,FORD FIESTA,2,E01009842,0,-1
2020990920634,2020,990920634,1,9,0,18,19,8,4,0,0,1,0,0,0,0,1,1,5,6,2,20,4,998,1,2,FORD FIESTA,6,-1,0,-1
2020010252600,2020,010252600,2,9,0,99,99,9,9,99,99,9,9,99,9,99,2,9,6,6,3,20,4,1242,1,6,FORD FIESTA,2,E01004269,0,-1
2020350955307,2020,350955307,1,9,0,18,19,2,7,0,0,1,0,0,0,0,1,1,5,6,2,68,10,1242,1,10,FORD FIESTA,5,E01018233,0,-1
2020470929217,2020,470929217,3,9,0,18,19,7,3,0,0,0,5,0,0,0,1,1,2,2,2,22,5,998,1,7,FORD FIESTA,7,E01031708,0,-1
2020420964268,2020,420964268,2,9,0,9,9,3,1,0,0,8,0,0,0,0,4,1,5,6,2,18,4,1242,1,10,FORD FIESTA,5,E01021921,0,-1
2020221013945,2020,221013945,1,9,0,18,19,7,3,0,0,0,0,0,0,0,1,1,5,6,2,26,6,1388,1,14,FORD FIESTA,9,E01022278,0,-1
2020302000866,2020,302000866,1,9,0,16,19,6,2,0,0,0,5,10,1,11,1,1,6,6,1,21,5,1596,1,13,FORD FIESTA,3,E01019569,0,-1
2020451003467,2020,451003467,1,9,0,12,12,3,7,0,0,1,0,0,0,0,4,1,5,6,1,63,9,998,1,5,FORD FIESTA,9,E01023134,0,-1
2020460988640,2020,460988640,2,9,0,3,3,2,6,0,0,0,0,0,0,0,2,1,6,6,2,49,8,-1,-1,-1,FORD FIESTA,10,E01024629,0,-1
2020140921792,2020,140921792,2,9,0,18,19,7,3,0,0,0,0,0,0,0,1,1,5,6,1,29,6,998,1,1,FORD FIESTA,7,E01007748,0,-1
2020461003951,2020,461003951,3,9,0,18,19,1,1,0,0,0,0,0,0,0,3,1,5,6,1,73,10,1596,1,4,FORD FIESTA,10,E01024068,0,-1
2020070134396,2020,070134396,1,9,0,18,19,2,6,0,0,1,0,0,0,0,1,1,6,6,1,51,8,1242,1,12,FORD FIESTA,1,E01012437,0,-1
2020470992807,2020,470992807,1,9,0,18,19,4,8,0,0,2,0,11,0,0,1,1,5,6,2,52,8,1596,1,10,FORD FIESTA,4,E01031473,0,-1
20201375B1083,2020,1375B1083,2,9,0,16,19,4,8,0,0,0,5,0,0,0,3,1,6,6,1,20,4,1399,2,10,FORD FIESTA,3,E01011784,0,-1
2020410922354,2020,410922354,2,9,0,18,19,7,3,0,0,3,0,0,0,0,2,1,5,6,2,29,6,1242,1,8,FORD FIESTA,5,E01001248,0,-1
2020460994686,2020,460994686,1,9,0,9,9,6,3,0,0,1,0,0,6,0,1,1,6,6,1,18,4,1242,1,11,FORD FIESTA,10,E01016050,0,-1
2020010236372,2020,010236372,1,9,0,18,19,2,6,0,0,0,0,0,0,0,1,1,6,6,1,21,5,1388,1,12,FORD FIESTA,-1,-1,0,-1
2020460931689,2020,460931689,1,9,0,18,19,7,7,0,0,0,0,4,7,0,4,1,5,6,1,22,5,1388,1,14,FORD FIESTA,6,E01024040,0,-1
2020170M10460,2020,170M10460,1,9,0,18,19,2,6,0,0,1,0,0,0,0,1,1,6,6,2,74,10,1242,1,9,FORD FIESTA,-1,-1,0,-1
2020500992962,2020,500992962,1,9,0,18,19,5,1,0,0,1,0,0,0,0,1,1,6,6,1,18,4,1242,1,14,FORD FIESTA,3,E01015085,0,-1
2020200919917,2020,200919917,1,9,0,14,14,6,8,0,0,0,0,0,0,0,1,1,6,6,1,40,7,998,1,3,FORD FIESTA,2,E01033629,0,-1
2020200955620,2020,200955620,2,9,0,8,8,7,1,0,0,1,0,0,0,0,2,1,6,6,2,35,6,-1,-1,-1,FORD FIESTA,2,E01009575,0,-1
2020410944190,2020,410944190,2,9,0,18,19,3,7,0,0,1,0,0,0,0,2,1,5,6,2,75,10,998,1,7,FORD FIESTA,4,E01021848,0,-1
2020140954652,2020,140954652,1,9,0,3,3,5,1,0,0,0,0,0,0,0,2,1,5,6,1,46,8,1499,2,3,FORD FIESTA,2,E01007967,0,-1
2020010250373,2020,010250373,1,9,0,9,9,1,6,0,0,8,0,0,0,0,3,1,2,2,1,60,9,998,1,3,FORD FIESTA,9,E01003749,0,-1
202063A045320,2020,63A045320,2,9,0,4,4,8,3,0,0,1,0,0,0,0,2,1,6,6,2,31,6,1242,1,5,FORD FIESTA,10,W01000853,0,-1
2020140969025,2020,140969025,1,9,0,18,19,1,5,0,0,0,0,7,0,0,1,1,6,6,1,39,7,1388,1,17,FORD FIESTA,1,E01008102,0,-1
2020450979352,2020,450979352,2,9,0,18,19,7,3,0,0,1,0,0,0,0,1,1,5,6,1,19,4,1388,1,11,FORD FIESTA,5,E01030814,0,-1
2020990936279,2020,990936279,1,9,0,16,19,5,8,0,0,0,2,10,1,10,3,1,5,6,1,17,4,998,1,6,FORD FIESTA,9,-1,0,-1
202031B162520,2020,31B162520,1,9,0,10,10,1,7,0,0,8,0,0,0,0,2,1,6,6,1,36,7,1560,2,10,FORD FIESTA,6,E01028048,0,-1
2020010258694,2020,010258694,2,9,0,99,99,9,9,99,99,9,9,99,9,99,1,9,6,6,3,29,6,998,1,0,FORD FIESTA,-1,-1,0,-1
2020990988290,2020,990988290,1,9,0,16,19,5,1,0,0,0,5,11,0,0,4,1,6,6,1,23,5,998,1,5,FORD FIESTA,1,-1,0,-1
2020200956017,2020,200956017,3,9,0,9,9,1,7,0,0,3,0,0,0,0,2,1,1,1,2,38,7,1242,1,4,FORD FIESTA,1,E01009016,0,-1
2020500930945,2020,500930945,2,9,0,18,19,2,7,0,0,0,0,0,0,0,2,1,2,2,2,56,9,1388,1,10,FORD FIESTA,8,E01015097,0,-1
2020470947204,2020,470947204,1,9,0,5,5,2,6,0,0,0,0,0,0,0,3,1,5,6,1,32,6,998,1,6,FORD FIESTA,10,E01031578,0,-1
2020400934974,2020,400934974,2,9,0,2,2,0,0,0,0,0,0,0,0,0,2,1,5,6,1,23,5,1388,1,13,FORD FIESTA,6,E01017391,0,-1
202063A079720,2020,63A079720,2,9,0,18,19,4,8,0,0,1,0,0,1,9,3,1,6,6,2,28,6,1560,2,8,FORD FIESTA,7,W01000766,0,-1
2020010274162,2020,010274162,1,9,0,9,9,4,2,2,2,1,0,0,0,0,3,1,6,6,1,52,8,1242,1,10,FORD FIESTA,5,E01003279,0,-1
2020460946746,2020,460946746,1,9,0,18,19,7,3,0,0,0,0,0,0,0,1,1,6,6,1,-1,-1,998,1,1,FORD FIESTA,7,E01024105,0,-1
2020522003738,2020,522003738,1,9,0,18,19,7,4,0,0,0,0,4,0,0,1,1,6,6,1,85,11,1388,1,10,FORD FIESTA,10,E01014380,0,-1
2020430237518,2020,430237518,1,9,0,18,19,6,2,0,0,0,0,0,0,0,1,1,1,1,2,57,9,998,1,4,FORD FIESTA,7,E01016402,0,-1
2020200955973,2020,200955973,2,9,0,18,19,4,8,0,0,0,0,0,0,0,1,1,6,6,2,43,7,1242,1,8,FORD FIESTA,8,E01009812,0,-1
2020230962290,2020,230962290,1,9,0,17,19,7,5,0,0,0,1,0,0,0,1,1,1,1,2,49,8,1242,1,11,FORD FIESTA,5,E01031098,0,-1
2020460965691,2020,460965691,1,9,0,11,11,6,2,0,0,0,0,0,0,0,4,1,5,6,2,21,5,1242,1,11,FORD FIESTA,9,E01024143,0,-1
2020420958284,2020,420958284,1,9,0,11,11,3,8,0,0,0,1,0,0,0,1,1,5,6,2,37,7,1388,1,11,FORD FIESTA,9,E01022063,0,-1
2020440453923,2020,440453923,2,9,0,17,19,2,8,0,0,8,0,0,0,0,4,1,6,6,1,32,6,1388,1,15,FORD FIESTA,3,E01032851,0,-1
2020622000831,2020,622000831,1,9,0,9,9,2,8,0,0,6,0,0,0,0,1,1,6,6,1,22,5,1499,2,6,FORD FIESTA,3,W01001247,0,-1
2020350979392,2020,350979392,1,19,0,7,7,3,5,0,0,0,0,0,0,0,1,1,6,6,2,40,7,1399,2,11,FORD FIESTA,2,E01015610,0,-1
2020501007438,2020,501007438,1,9,0,8,8,3,7,0,0,0,0,0,0,0,3,1,5,6,1,30,6,1299,1,19,FORD FIESTA,6,E01020145,0,-1
2020500975622,2020,500975622,1,9,0,4,4,3,7,0,0,7,1,0,0,0,1,1,5,6,2,19,4,998,1,1,FORD FIESTA,6,E01018755,0,-1
2020230981912,2020,230981912,1,9,0,18,19,6,2,0,0,0,1,0,0,0,1,1,1,1,2,24,5,1242,1,12,FORD FIESTA,1,E01009577,0,-1
2020522001863,2020,522001863,1,9,0,5,5,1,5,0,0,4,0,0,0,0,1,1,6,6,2,78,11,1242,1,13,FORD FIESTA,6,E01015008,0,-1
2020410972558,2020,410972558,1,9,0,4,4,8,4,0,0,4,0,0,0,0,2,1,6,6,1,33,6,1242,1,8,FORD FIESTA,10,E01023483,0,-1
2020340E08572,2020,340E08572,2,9,0,3,3,5,7,0,0,0,0,0,0,0,2,1,2,2,2,41,7,1242,1,10,FORD FIESTA,1,E01027140,0,-1
2020137720677,2020,137720677,2,9,0,2,2,0,0,6,6,0,0,0,0,0,3,1,6,6,1,20,4,1242,1,5,FORD FIESTA,1,E01010653,0,-1
2020200951069,2020,200951069,2,9,0,3,3,5,2,0,0,1,0,0,0,0,1,1,6,6,2,29,6,1084,1,1,FORD FIESTA,5,E01009647,0,-1
2020360980038,2020,360980038,1,9,0,9,9,5,3,0,0,0,0,0,0,0,3,1,5,6,2,28,6,1242,1,12,FORD FIESTA,4,E01021848,0,-1
2020230926789,2020,230926789,1,9,0,18,19,1,5,0,0,0,0,0,0,0,1,1,2,2,1,45,7,1388,1,13,FORD FIESTA,1,E01032890,0,-1
2020360941923,2020,360941923,2,9,0,18,19,1,5,0,0,0,0,0,0,0,1,1,1,1,1,51,8,1399,2,8,FORD FIESTA,5,E01026726,0,-1
2020500975235,2020,500975235,1,9,0,9,9,7,3,0,0,1,0,0,0,0,1,1,6,6,2,54,8,998,1,2,FORD FIESTA,5,E01015091,0,-1
2020520100395,2020,520100395,2,9,0,18,19,4,8,0,0,0,0,0,0,0,3,1,6,6,2,50,8,998,1,5,FORD FIESTA,8,E01029019,0,-1
2020460934039,2020,460934039,1,9,0,18,19,6,2,6,6,0,0,0,0,0,0,1,6,6,1,25,5,1388,1,8,FORD FIESTA,-1,-1,0,-1
2020010247899,2020,010247899,2,9,0,9,9,7,5,0,0,1,9,0,0,99,3,9,6,6,1,-1,-1,1299,1,18,FORD FIESTA,-1,-1,0,-1
2020230946319,2020,230946319,1,9,0,18,19,4,8,0,0,0,1,10,1,10,3,1,5,6,2,20,4,1299,1,19,FORD FIESTA,6,E01031207,0,-1
2020622000382,2020,622000382,2,9,0,3,3,2,6,0,0,0,0,0,0,0,2,1,6,6,1,74,10,1388,1,13,FORD FIESTA,8,W01001122,0,-1
2020522101228,2020,522101228,2,9,0,9,9,7,3,0,0,5,0,0,0,0,4,1,6,6,2,31,6,1242,1,17,FORD FIESTA,2,E01014630,0,-1
2020052001101,2020,052001101,2,9,0,2,2,0,0,0,0,0,0,0,0,0,3,1,6,6,2,34,6,1299,1,18,FORD FIESTA,1,E01006753,0,-1
202006G274788,2020,06G274788,1,9,0,4,4,7,3,0,0,0,0,0,0,0,0,1,6,6,2,53,8,1388,1,16,FORD FIESTA,2,E01005974,0,-1
202063A046420,2020,63A046420,2,9,0,18,19,2,6,0,0,0,0,0,0,0,0,1,6,6,1,25,5,1596,1,6,FORD FIESTA,6,W01000713,0,-1
2020460991033,2020,460991033,2,9,0,3,3,3,7,0,0,0,0,0,0,0,2,1,6,6,1,27,6,1496,1,2,FORD FIESTA,9,E01015939,0,-1
2020610018720,2020,610018720,4,9,0,2,2,0,0,0,0,1,0,0,0,0,3,1,6,6,1,55,8,1499,2,4,FORD FIESTA,5,W01001437,0,-1
2020141002050,2020,141002050,1,9,0,9,9,1,7,0,0,6,0,0,0,0,3,1,6,6,2,27,6,1596,1,8,FORD FIESTA,4,E01007390,0,-1
2020200972580,2020,200972580,2,9,0,10,10,7,5,0,0,1,0,0,0,0,2,1,6,6,2,26,6,1242,1,10,FORD FIESTA,3,E01009701,0,-1
2020340K02982,2020,340K02982,1,9,0,18,19,3,7,0,0,8,0,0,0,0,1,1,6,6,1,17,4,1242,1,8,FORD FIESTA,8,E01027094,0,-1
2020460992036,2020,460992036,2,9,0,7,7,3,8,0,0,6,0,0,0,0,3,1,6,6,2,47,8,1242,1,3,FORD FIESTA,9,E01024186,0,-1
2020520004283,2020,520004283,1,9,0,18,19,4,8,0,0,1,0,0,0,0,4,1,6,6,1,79,11,998,1,1,FORD FIESTA,5,E01032636,0,-1
2020471009019,2020,471009019,2,9,0,18,19,1,5,0,0,8,0,0,0,0,1,1,5,6,1,44,7,1596,1,18,FORD FIESTA,10,E01031635,0,-1
2020100957288,2020,100957288,1,9,0,18,19,2,6,0,0,0,0,0,0,0,1,1,2,2,1,33,6,1999,1,15,FORD FIESTA,2,E01008478,0,-1
2020160920669,2020,160920669,1,9,0,9,9,1,8,0,0,8,0,0,0,0,3,1,5,6,1,18,4,1399,2,13,FORD FIESTA,2,E01013281,0,-1
2020410958172,2020,410958172,1,9,0,17,19,3,8,0,0,1,0,0,0,0,4,1,5,6,1,31,6,1388,1,10,FORD FIESTA,6,E01023934,0,-1
2020010240182,2020,010240182,1,9,0,18,19,1,5,0,0,1,0,0,0,0,4,1,2,2,2,52,8,998,1,3,FORD FIESTA,7,E01002972,0,-1
2020137881420,2020,137881420,1,9,0,18,19,6,2,0,0,0,0,0,0,0,4,1,6,6,2,37,7,1388,1,18,FORD FIESTA,1,E01010654,0,-1
2020137320998,2020,137320998,1,9,0,17,19,4,8,0,0,1,0,0,0,0,1,1,6,6,1,58,9,1396,1,18,FORD FIESTA,2,E01011080,0,-1
2020500997053,2020,500997053,2,9,0,1,1,3,5,0,0,0,0,0,0,0,4,1,5,6,2,27,6,1242,1,5,FORD FIESTA,5,E01020099,0,-1
2020070233657,2020,070233657,2,9,0,18,19,2,6,0,0,1,0,0,0,0,1,1,6,6,1,35,6,1242,1,4,FORD FIESTA,9,E01018473,0,-1
2020552001226,2020,552001226,1,9,0,17,19,6,2,0,0,0,1,0,0,0,4,1,2,2,2,25,5,1242,1,12,FORD FIESTA,4,E01020563,0,-1
2020122001307,2020,122001307,1,9,0,17,19,1,6,0,0,0,2,0,1,9,4,1,6,6,1,19,4,998,1,5,FORD FIESTA,8,E01011191,0,-1
2020430300506,2020,430300506,2,9,0,18,19,5,1,0,0,0,0,0,0,0,1,1,6,6,2,-1,-1,999,1,0,FORD FIESTA,-1,-1,0,-1
2020430006099,2020,430006099,2,9,0,18,19,7,3,0,0,1,0,0,0,0,1,1,6,6,2,41,7,1299,1,17,FORD FIESTA,1,E01000595,0,-1
2020010243706,2020,010243706,2,9,0,5,5,0,1,0,0,0,0,0,0,0,3,1,6,6,1,42,7,1242,1,15,FORD FIESTA,2,E01000077,0,-1
2020411009377,2020,411009377,1,9,0,5,5,8,6,0,0,0,0,0,0,0,1,1,5,6,1,22,5,1242,1,13,FORD FIESTA,7,E01023618,0,-1
2020320442309,2020,320442309,1,9,0,18,19,4,1,0,0,0,0,0,1,0,1,1,6,6,1,68,10,998,1,5,FORD FIESTA,7,E01026089,0,-1
2020460998093,2020,460998093,1,9,0,9,9,5,2,0,0,0,1,10,0,0,4,1,6,6,1,-1,-1,1560,2,11,FORD FIESTA,3,E01032815,0,-1
2020460944786,2020,460944786,2,9,0,18,19,6,2,0,0,1,0,0,0,0,4,1,2,2,2,34,6,1388,1,16,FORD FIESTA,4,E01016071,0,-1
2020340W07852,2020,340W07852,1,9,0,13,13,5,1,0,0,0,0,0,1,0,1,1,6,6,2,30,6,1242,1,5,FORD FIESTA,2,E01027351,0,-1
2020010259783,2020,010259783,2,9,0,1,1,1,5,0,0,1,0,0,0,0,2,1,1,1,1,-1,-1,1388,1,9,FORD FIESTA,-1,-1,0,-1
2020470958059,2020,470958059,1,9,0,18,19,4,8,0,0,0,0,0,0,0,1,1,6,6,1,37,7,1242,1,6,FORD FIESTA,3,E01016921,0,-1
2020470916970,2020,470916970,1,9,0,13,13,2,7,0,0,1,0,0,0,0,4,1,5,6,1,17,4,998,1,5,FORD FIESTA,10,E01031389,0,-1
2020460921720,2020,460921720,1,9,0,18,19,3,7,0,0,1,0,0,0,0,1,1,5,6,1,22,5,998,1,5,FORD FIESTA,4,E01024296,0,-1
2020421000434,2020,421000434,2,9,0,3,3,7,2,0,0,1,0,0,0,0,2,1,6,6,2,51,8,1560,2,10,FORD FIESTA,5,E01021720,0,-1
2020122000752,2020,122000752,2,9,0,16,19,3,7,0,0,0,0,0,0,0,1,1,6,6,1,28,6,-1,-1,-1,FORD FIESTA,10,E01013433,0,-1
2020360982525,2020,360982525,1,9,0,5,5,4,7,0,0,0,0,0,0,0,1,1,6,6,1,47,8,1388,1,16,FORD FIESTA,3,E01033439,0,-1
2020610027520,2020,610027520,1,9,0,18,19,2,6,0,0,1,0,0,0,0,3,1,2,2,1,48,8,999,1,0,FORD FIESTA,4,W01001462,0,-1
2020460925620,2020,460925620,1,9,0,18,19,1,5,0,0,0,0,0,0,0,1,1,6,6,1,20,4,1242,1,15,FORD FIESTA,4,E01016141,0,-1
2020420969439,2020,420969439,2,9,0,9,9,1,7,0,0,0,0,0,0,0,1,1,1,1,1,52,8,1242,1,13,FORD FIESTA,1,E01021306,0,-1
2020552001127,2020,552001127,1,9,0,18,19,3,7,0,0,0,0,0,0,0,1,1,6,6,3,20,4,1499,2,4,FORD FIESTA,-1,-1,0,-1
202006L368991,2020,06L368991,2,9,0,9,9,3,1,0,0,8,0,0,0,0,3,1,6,6,1,70,10,998,1,3,FORD FIESTA,7,E01006279,0,-1
2020548841520,2020,548841520,2,9,0,18,19,6,2,0,0,8,0,0,0,0,3,1,6,6,1,38,7,1242,1,5,FORD FIESTA,5,E01020810,0,-1
2020302001068,2020,302001068,2,9,0,1,1,6,4,0,0,8,0,4,0,0,2,1,6,6,1,-1,-1,1242,1,8,FORD FIESTA,-1,-1,0,-1
2020010240957,2020,010240957,1,9,0,9,9,1,7,0,0,5,0,0,0,0,1,1,6,6,1,38,7,998,1,5,FORD FIESTA,2,E01033327,0,-1
2020200999545,2020,200999545,1,9,0,17,19,8,5,0,0,0,5,4,0,0,1,1,6,6,1,55,8,1499,2,4,FORD FIESTA,2,E01009758,0,-1
2020160947811,2020,160947811,1,9,0,5,5,7,5,0,0,2,0,0,0,0,4,1,5,6,2,47,8,1242,1,9,FORD FIESTA,1,E01012915,0,-1
202006Q174653,2020,06Q174653,1,9,0,9,9,1,7,0,0,5,0,0,0,0,1,1,6,6,1,59,9,1388,1,16,FORD FIESTA,1,E01005386,0,-1
2020461009419,2020,461009419,1,9,0,18,19,7,3,0,0,0,1,11,4,0,1,1,1,1,1,48,8,998,1,2,FORD FIESTA,10,E01032655,0,-1
2020052000197,2020,052000197,2,9,0,2,2,0,0,0,0,0,0,0,0,0,1,1,6,6,2,23,5,998,1,2,FORD FIESTA,1,E01006445,0,-1
2020420998407,2020,420998407,1,9,0,10,10,7,3,9,9,0,0,0,0,0,1,1,5,6,2,18,4,1242,1,13,FORD FIESTA,1,E01022001,0,-1
2020500988959,2020,500988959,1,9,0,5,5,5,8,0,0,1,0,0,0,0,1,1,5,6,2,33,6,1388,1,9,FORD FIESTA,9,E01017933,0,-1
2020549795020,2020,549795020,2,9,0,10,10,4,8,0,0,1,0,0,0,0,2,1,6,6,2,55,8,1596,1,12,FORD FIESTA,6,E01015585,0,-1
2020520003779,2020,520003779,2,9,0,18,19,3,7,0,0,8,0,0,0,0,1,1,6,6,2,21,5,1242,1,10,FORD FIESTA,9,E01031913,0,-1
2020010250461,2020,010250461,1,9,0,99,99,9,9,99,99,4,9,99,9,99,9,9,6,6,1,28,6,1242,1,5,FORD FIESTA,6,E01003711,0,-1
2020500934414,2020,500934414,1,9,0,18,19,3,7,0,0,0,0,0,7,4,1,1,6,6,2,51,8,1399,2,16,FORD FIESTA,4,E01020314,0,-1
2020501004896,2020,501004896,1,9,0,3,3,5,1,0,0,0,0,0,0,0,2,1,5,6,2,52,8,998,1,2,FORD FIESTA,8,E01018822,0,-1
2020040923303,2020,040923303,1,9,0,18,19,1,5,0,0,1,5,4,0,0,1,1,2,2,1,20,4,998,1,3,FORD FIESTA,6,E01025202,0,-1
2020010229620,2020,010229620,3,9,0,18,19,1,5,0,0,0,0,4,0,0,1,1,6,6,1,32,6,1388,1,8,FORD FIESTA,2,E01000007,0,-1
2020070437519,2020,070437519,3,9,0,2,2,0,0,0,0,0,0,0,0,0,3,1,6,6,3,-1,-1,998,1,7,FORD FIESTA,-1,-1,0,-1
202031A171420,2020,31A171420,2,9,0,18,19,8,4,0,0,0,0,0,0,0,1,1,2,2,1,23,5,1242,1,6,FORD FIESTA,5,E01028342,0,-1
2020351002509,2020,351002509,1,9,0,7,7,4,7,0,0,5,0,0,0,0,1,1,5,6,1,18,4,1242,1,7,FORD FIESTA,6,E01018196,0,-1
2020200990243,2020,200990243,1,9,0,10,10,3,7,0,0,1,0,0,0,0,1,1,6,6,2,25,5,1084,1,1,FORD FIESTA,9,E01009543,0,-1
2020450972361,2020,450972361,2,9,0,13,13,7,3,0,0,1,0,0,0,0,3,1,5,6,2,22,5,1388,1,14,FORD FIESTA,7,E01030993,0,-1
2020370942396,2020,370942396,1,9,0,18,19,1,5,0,0,0,0,0,0,0,1,1,6,6,1,35,6,998,1,3,FORD FIESTA,9,E01021681,0,-1
2020100924856,2020,100924856,3,9,0,3,3,7,3,0,0,0,0,0,0,0,2,1,5,6,1,55,8,998,1,1,FORD FIESTA,6,E01008196,0,-1
2020991008092,2020,991008092,1,9,0,17,19,7,4,0,0,4,1,9,7,0,1,1,5,6,1,27,6,1596,1,4,FORD FIESTA,10,-1,0,-1
2020160917993,2020,160917993,3,9,0,18,19,1,5,0,0,1,0,0,0,0,3,1,1,1,2,34,6,1499,2,3,FORD FIESTA,-1,-1,0,-1
2020460987848,2020,460987848,2,9,0,18,19,3,7,0,0,8,0,0,0,0,3,1,2,2,2,63,9,998,1,3,FORD FIESTA,4,E01024586,0,-1
2020010237711,2020,010237711,1,9,0,10,10,5,2,0,0,1,0,0,1,0,2,2,6,6,2,45,7,1388,1,11,FORD FIESTA,-1,-1,0,-1
2020122000837,2020,122000837,1,9,0,1,1,7,3,0,0,0,0,0,0,0,2,1,6,6,1,56,9,1596,1,7,FORD FIESTA,6,E01008154,0,-1
2020101009447,2020,101009447,1,9,0,18,19,7,3,0,0,0,0,0,0,0,1,1,5,6,2,27,6,998,1,5,FORD FIESTA,1,E01008227,0,-1