collision_index,collision_year,collision_ref_no,vehicle_reference,vehicle_type,towing_and_articulation,vehicle_manoeuvre_historic,vehicle_manoeuvre,vehicle_direction_from,vehicle_direction_to,vehicle_location_restricted_lane_historic,vehicle_location_restricted_lane,junction_location,skidding_and_overturning,hit_object_in_carriageway,vehicle_leaving_carriageway,hit_object_off_carriageway,first_point_of_impact,vehicle_left_hand_drive,journey_purpose_of_driver_historic,journey_purpose_of_driver,sex_of_driver,age_of_driver,age_band_of_driver,engine_capacity_cc,propulsion_code,age_of_vehicle,generic_make_model,driver_imd_decile,lsoa_of_driver,escooter_flag,driver_distance_banding
2020160925681,2020,160925681,2,9,0,18,19,3,7,0,0,0,1,0,8,0,1,1,5,6,1,18,4,1399,2,12,FORD FIESTA,7,E01013032,0,-1
2020140961040,2020,140961040,1,9,0,10,10,8,2,0,0,8,0,0,0,0,1,1,5,6,1,19,4,1560,2,8,FORD FIESTA,-1,-1,0,-1
2020230991958,2020,230991958,1,9,0,18,19,7,3,0,0,0,0,0,0,0,1,1,2,2,1,55,8,998,1,1,FORD FIESTA,8,E01031083,0,-1
2020420964548,2020,420964548,1,9,0,18,19,6,2,0,0,0,0,0,0,0,4,1,5,6,2,84,11,1299,1,18,FORD FIESTA,2,E01015899,0,-1
2020010267176,2020,010267176,1,9,0,18,19,7,3,0,0,9,0,0,0,0,0,1,6,6,2,34,6,1399,2,12,FORD FIESTA,5,E01004096,0,-1
2020230919693,2020,230919693,1,9,0,9,9,6,4,0,0,6,0,0,0,0,1,1,5,6,1,17,4,998,1,4,FORD FIESTA,5,E01031163,0,-1
2020070753047,2020,070753047,1,9,0,9,9,7,5,0,0,8,0,0,0,0,1,1,6,6,1,38,7,1242,1,13,FORD FIESTA,2,E01012482,0,-1
2020137AN0737,2020,137AN0737,1,9,0,7,7,4,8,0,0,5,0,0,0,0,1,1,6,6,2,18,4,998,1,3,FORD FIESTA,5,E01011409,0,-1
2020990980368,2020,990980368,1,9,0,5,5,2,7,0,0,1,0,0,0,0,1,1,1,1,2,26,6,1399,2,9,FORD FIESTA,3,-1,0,-1
2020040988694,2020,040988694,2,9,0,18,19,5,1,0,0,1,0,0,0,0,2,1,6,6,2,65,9,1499,2,3,FORD FIESTA,2,E01012705,0,-1
2020470935461,2020,470935461,1,9,0,18,19,6,2,0,0,1,0,0,0,0,1,1,6,6,2,59,9,998,1,2,FORD FIESTA,5,E01031403,0,-1
2020137BO1165,2020,137BO1165,1,9,0,7,7,6,8,0,0,6,0,0,0,0,1,1,6,6,1,31,6,998,1,6,FORD FIESTA,2,E01010778,0,-1
2020552000404,2020,552000404,1,9,0,17,19,8,4,0,0,0,0,0,1,3,1,1,2,2,1,24,5,1242,1,13,FORD FIESTA,10,E01020382,0,-1
2020460996209,2020,460996209,1,9,0,18,19,2,6,0,0,0,1,0,7,0,1,1,6,6,1,19,4,1399,2,12,FORD FIESTA,5,E01024226,0,-1
2020302001279,2020,302001279,2,9,0,18,19,3,7,0,0,0,0,0,0,0,1,1,2,2,1,31,6,1399,2,14,FORD FIESTA,7,E01028250,0,-1
2020070544631,2020,070544631,1,9,0,18,19,1,5,0,0,8,0,0,0,0,3,1,6,6,1,76,11,998,1,2,FORD FIESTA,1,E01012430,0,-1
2020070028786,2020,070028786,1,9,0,18,19,6,2,0,0,0,1,0,1,4,1,1,6,6,2,86,11,998,1,2,FORD FIESTA,10,E01018607,0,-1
2020200934259,2020,200934259,1,9,0,17,19,8,6,0,0,0,0,0,0,0,1,1,6,6,1,-1,-1,1242,1,10,FORD FIESTA,-1,-1,0,-1
2020200945343,2020,200945343,3,9,0,3,3,6,2,0,0,0,0,0,0,0,2,1,6,6,2,27,6,1242,1,13,FORD FIESTA,3,E01009106,0,-1
2020030983368,2020,030983368,2,9,0,3,3,3,7,0,0,0,0,0,0,0,2,1,6,6,2,58,9,1560,2,9,FORD FIESTA,4,E01019283,0,-1
2020420931238,2020,420931238,2,9,0,9,9,3,1,0,0,6,0,0,0,0,1,1,5,6,1,31,6,1388,1,17,FORD FIESTA,3,E01021704,0,-1
2020230984657,2020,230984657,3,9,0,18,19,1,5,0,0,0,0,0,0,0,0,1,6,6,2,23,5,1388,1,11,FORD FIESTA,7,E01028795,0,-1
2020200948144,2020,200948144,1,9,0,18,19,4,8,0,0,8,0,2,0,0,4,1,6,6,2,57,9,1242,1,5,FORD FIESTA,4,E01008955,0,-1
2020520100120,2020,520100120,1,9,0,17,19,4,8,0,0,0,0,0,1,0,1,1,6,6,1,22,5,1388,1,17,FORD FIESTA,6,E01029061,0,-1
2020010243112,2020,010243112,1,9,0,99,99,9,9,99,99,2,9,99,9,99,1,1,6,6,3,-1,-1,1242,1,13,FORD FIESTA,-1,-1,0,-1
2020340N00302,2020,340N00302,1,9,0,18,19,5,1,0,0,2,0,0,0,0,1,1,6,6,2,54,8,1388,1,13,FORD FIESTA,9,E01027346,0,-1
2020360942765,2020,360942765,1,9,0,18,19,1,5,0,0,0,0,0,0,0,1,1,2,2,2,21,5,998,1,5,FORD FIESTA,5,E01026433,0,-1
2020421011398,2020,421011398,1,9,0,9,9,1,7,0,0,6,0,0,0,0,3,1,5,6,1,21,5,1242,1,10,FORD FIESTA,4,E01021658,0,-1
2020440203489,2020,440203489,1,9,0,18,19,5,1,0,0,0,1,0,8,10,1,1,6,6,2,23,5,1242,1,10,FORD FIESTA,10,E01022528,0,-1
2020500969823,2020,500969823,1,9,0,18,19,1,5,0,0,0,0,0,0,0,1,1,5,6,1,19,4,1388,1,20,FORD FIESTA,2,E01004959,0,-1
2020400923533,2020,400923533,1,9,0,18,19,6,2,0,0,2,0,0,0,0,3,1,2,2,2,20,4,998,1,3,FORD FIESTA,3,E01015758,0,-1
2020220953237,2020,220953237,2,9,0,9,9,4,2,0,0,5,0,0,0,0,3,1,5,6,2,51,8,1242,1,8,FORD FIESTA,5,E01032430,0,-1
2020010268665,2020,010268665,1,9,0,5,5,1,5,0,0,1,0,0,0,0,1,1,6,6,1,26,6,1242,1,7,FORD FIESTA,3,E01000099,0,-1
2020470937583,2020,470937583,1,9,0,9,9,3,1,0,0,6,0,0,0,0,1,1,2,2,2,53,8,1388,1,9,FORD FIESTA,3,E01016926,0,-1
2020420994641,2020,420994641,1,9,0,18,19,7,3,0,0,0,0,7,0,0,1,1,5,6,2,31,6,998,1,1,FORD FIESTA,5,E01021680,0,-1
2020200952851,2020,200952851,1,9,0,18,19,2,6,0,0,4,0,0,0,0,4,1,6,6,3,-1,-1,1596,1,6,FORD FIESTA,-1,-1,0,-1
2020200977953,2020,200977953,2,9,0,18,19,8,5,0,0,8,0,0,0,0,3,1,6,6,2,19,4,1242,1,11,FORD FIESTA,1,E01009300,0,-1
2020340D08042,2020,340D08042,1,9,0,18,19,7,3,0,0,0,1,0,1,0,1,2,2,2,1,17,4,1242,1,11,FORD FIESTA,5,E01027017,0,-1
2020500942218,2020,500942218,1,9,0,6,6,0,7,8,6,0,0,0,0,0,3,1,6,6,2,57,9,1560,2,6,FORD FIESTA,7,E01020258,0,-1
2020420995110,2020,420995110,1,9,0,4,4,5,1,0,0,0,0,0,0,0,1,1,6,6,2,35,6,998,1,2,FORD FIESTA,7,E01021827,0,-1
2020420933684,2020,420933684,2,9,0,4,4,2,6,0,0,0,0,0,0,0,2,1,1,1,1,67,10,1084,1,1,FORD FIESTA,4,E01021984,0,-1
2020040959909,2020,040959909,2,9,0,18,19,1,5,0,0,1,0,0,0,0,2,1,5,6,2,18,4,1242,1,3,FORD FIESTA,3,E01024996,0,-1
2020552100062,2020,552100062,2,9,0,18,19,4,8,0,0,8,2,0,0,0,1,1,6,6,2,29,6,1388,1,10,FORD FIESTA,6,E01020142,0,-1
2020990987538,2020,990987538,1,9,0,17,19,1,4,0,0,0,2,0,7,4,4,1,5,6,1,18,4,1596,1,13,FORD FIESTA,6,-1,0,-1
2020010245797,2020,010245797,1,9,0,15,15,3,7,2,2,1,0,0,0,0,1,1,2,2,1,56,9,998,1,5,FORD FIESTA,5,E01003833,0,-1
2020990938134,2020,990938134,1,9,0,17,19,5,1,0,0,0,5,0,0,0,3,1,5,6,1,17,4,1499,2,3,FORD FIESTA,10,-1,0,-1
2020360921380,2020,360921380,1,9,0,18,19,2,6,0,0,0,1,0,0,0,1,1,2,2,2,26,6,1388,1,17,FORD FIESTA,2,E01026805,0,-1
2020440439850,2020,440439850,1,9,0,18,19,3,7,0,0,0,0,0,0,0,1,1,6,6,2,61,9,1242,1,15,FORD FIESTA,10,E01020358,0,-1
2020430206258,2020,430206258,1,9,0,17,19,4,1,0,0,0,0,0,1,2,1,1,6,6,1,61,9,998,1,0,FORD FIESTA,-1,-1,0,-1
20201377H1626,2020,1377H1626,2,9,0,5,5,5,1,0,0,4,0,0,0,0,2,1,6,6,2,52,8,998,1,6,FORD FIESTA,6,E01027701,0,-1
2020211027435,2020,211027435,2,9,0,10,10,3,7,0,0,1,0,0,0,0,3,1,6,6,1,33,6,1388,1,15,FORD FIESTA,1,E01014244,0,-1
2020140960264,2020,140960264,2,9,0,4,4,1,5,0,0,1,0,0,0,0,1,1,2,2,2,35,6,998,1,6,FORD FIESTA,5,E01008139,0,-1
2020010249860,2020,010249860,2,9,0,99,99,9,9,99,99,9,9,99,9,99,1,9,6,6,3,-1,-1,1242,1,7,FORD FIESTA,-1,-1,0,-1
2020010234342,2020,010234342,2,9,0,99,99,9,9,99,99,9,9,99,9,99,1,9,6,6,3,-1,-1,1242,1,20,FORD FIESTA,8,E01000885,0,-1
2020210970613,2020,210970613,1,9,0,9,9,7,1,0,0,0,0,0,0,0,2,1,6,6,1,27,6,1242,1,12,FORD FIESTA,1,E01014336,0,-1
2020010239996,2020,010239996,1,9,0,99,99,9,9,99,99,9,9,99,9,99,4,9,2,2,1,20,4,1388,1,10,FORD FIESTA,3,E01003036,0,-1
2020201007375,2020,201007375,1,9,0,18,19,8,4,0,0,6,0,0,0,0,3,1,6,6,1,21,5,1242,1,12,FORD FIESTA,4,E01009818,0,-1
2020530993825,2020,530993825,1,9,0,4,4,1,5,0,0,0,1,0,0,0,1,1,6,6,2,25,5,1388,1,14,FORD FIESTA,7,E01022373,0,-1
2020450982379,2020,450982379,1,9,0,18,19,5,1,0,0,0,0,0,1,10,1,1,5,6,1,32,6,1242,1,10,FORD FIESTA,5,E01021096,0,-1
2020420984910,2020,420984910,1,9,0,14,14,5,1,0,0,0,0,0,0,0,1,1,5,6,1,58,9,1399,2,17,FORD FIESTA,8,E01021299,0,-1
2020340N03022,2020,340N03022,2,9,0,9,9,7,5,0,0,8,0,0,0,0,4,1,1,1,1,22,5,1388,1,16,FORD FIESTA,1,E01027195,0,-1
2020470988545,2020,470988545,2,9,0,3,3,8,6,0,0,0,0,0,0,0,2,1,5,6,2,25,5,998,1,2,FORD FIESTA,10,E01031619,0,-1
2020220968056,2020,220968056,1,9,0,7,7,2,4,9,9,5,0,0,0,0,4,1,5,6,2,20,4,998,1,2,FORD FIESTA,8,E01031910,0,-1
2020302000635,2020,302000635,1,9,0,9,9,3,6,0,0,8,0,0,0,0,3,1,6,6,1,19,4,1242,1,11,FORD FIESTA,8,E01013593,0,-1
2020140987586,2020,140987586,1,9,0,18,19,5,1,0,0,0,0,0,0,0,1,1,5,6,2,20,4,1242,1,6,FORD FIESTA,4,E01008150,0,-1
2020420942394,2020,420942394,2,9,0,18,19,2,6,0,0,1,0,0,0,0,2,1,6,6,2,22,5,1242,1,4,FORD FIESTA,4,E01015936,0,-1
2020052001990,2020,052001990,1,9,0,18,19,2,6,0,0,0,0,0,0,0,1,1,4,7,1,18,4,1242,1,9,FORD FIESTA,3,E01007216,0,-1
2020230981665,2020,230981665,3,9,0,13,13,6,2,0,0,0,0,0,0,0,1,1,5,6,1,22,5,1596,1,6,FORD FIESTA,4,E01009970,0,-1
2020040998398,2020,040998398,1,9,0,18,19,7,3,0,0,0,0,0,0,0,1,1,2,2,1,23,5,1399,2,11,FORD FIESTA,1,E01012643,0,-1
2020500922818,2020,500922818,2,9,0,18,19,1,5,0,0,1,0,0,0,0,1,1,5,6,2,52,8,998,1,4,FORD FIESTA,8,E01020281,0,-1
2020411002611,2020,411002611,2,9,0,5,5,5,1,0,0,8,0,0,0,0,1,1,6,6,1,75,10,1242,1,12,FORD FIESTA,2,E01023339,0,-1
202006M169580,2020,06M169580,1,9,0,7,7,4,7,0,0,3,0,0,0,0,1,1,2,2,1,27,6,-1,-1,-1,FORD FIESTA,-1,-1,0,-1
202006A372699,2020,06A372699,2,9,0,4,4,7,3,0,0,0,0,0,0,0,2,1,6,6,1,26,6,-1,-1,-1,FORD FIESTA,4,E01005073,0,-1
2020010278268,2020,010278268,2,9,0,2,2,0,0,0,0,0,0,0,0,0,1,1,6,6,3,-1,-1,1242,1,6,FORD FIESTA,-1,-1,0,-1
2020140938943,2020,140938943,2,9,0,18,19,7,3,0,0,0,0,0,0,0,1,1,5,6,2,43,7,1242,1,8,FORD FIESTA,3,E01007457,0,-1
202031D086520,2020,31D086520,1,9,0,18,19,4,8,0,0,6,0,0,0,0,1,1,6,6,1,19,4,1242,1,8,FORD FIESTA,10,E01025885,0,-1
2020622000184,2020,622000184,1,9,0,7,7,8,2,0,0,5,0,0,0,0,1,1,2,2,1,30,6,1242,1,14,FORD FIESTA,2,W01000940,0,-1
20201371R0232,2020,1371R0232,5,9,0,4,4,5,1,0,0,0,0,0,0,0,2,1,6,6,1,26,6,1499,2,7,FORD FIESTA,4,E01007444,0,-1
2020500988984,2020,500988984,1,9,0,18,19,7,3,0,0,8,0,0,0,0,4,1,6,6,2,21,5,1388,1,18,FORD FIESTA,1,E01015146,0,-1
2020320020777,2020,320020777,1,9,0,18,19,1,5,0,0,1,0,0,0,0,1,1,6,6,1,24,5,1400,1,21,FORD FIESTA,-1,-1,0,-1
2020440193196,2020,440193196,2,9,0,4,4,2,6,0,0,1,0,0,0,0,1,1,6,6,1,30,6,1388,1,18,FORD FIESTA,9,E01022685,0,-1
2020460998235,2020,460998235,1,9,0,7,7,4,7,0,0,3,0,9,0,0,1,1,1,1,1,23,5,1596,1,7,FORD FIESTA,7,E01024435,0,-1
2020420920205,2020,420920205,2,9,0,3,3,5,1,0,0,0,0,0,0,0,2,1,6,6,2,35,6,1242,1,5,FORD FIESTA,8,E01021891,0,-1
2020010241842,2020,010241842,1,9,0,14,14,6,2,0,0,0,0,0,0,0,4,1,2,2,2,24,5,998,1,5,FORD FIESTA,2,E01004349,0,-1
2020622000132,2020,622000132,1,9,0,18,19,5,1,0,0,2,0,4,0,0,4,1,6,6,2,23,5,1242,1,7,FORD FIESTA,1,W01001738,0,-1
2020991005991,2020,991005991,2,9,0,1,1,1,5,0,0,0,0,0,0,0,3,1,3,7,2,31,6,998,1,6,FORD FIESTA,2,-1,0,-1
2020622000899,2020,622000899,1,9,0,16,19,4,8,0,0,0,1,10,7,4,1,1,6,6,1,18,4,1242,1,4,FORD FIESTA,6,W01001058,0,-1
2020990996050,2020,990996050,1,9,0,17,19,4,1,0,0,0,1,0,1,11,4,1,5,6,1,19,4,998,1,4,FORD FIESTA,3,-1,0,-1
2020420964664,2020,420964664,1,9,0,16,19,5,1,0,0,0,0,0,0,0,1,1,1,1,1,49,8,-1,-1,-1,FORD FIESTA,3,E01021418,0,-1
2020460990320,2020,460990320,1,9,0,18,19,1,5,0,0,8,0,0,1,0,1,1,5,6,1,50,8,1242,1,10,FORD FIESTA,6,E01024124,0,-1
2020010253042,2020,010253042,3,9,0,2,2,0,0,6,6,0,0,0,0,0,4,9,6,6,3,-1,-1,1242,1,22,FORD FIESTA,-1,-1,0,-1
20201375R1670,2020,1375R1670,1,9,0,18,19,5,1,0,0,1,0,0,0,0,1,1,6,6,1,19,4,998,1,2,FORD FIESTA,1,E01011427,0,-1
2020460942722,2020,460942722,3,9,0,17,19,2,1,0,0,0,2,0,1,0,1,1,5,6,1,19,4,998,1,2,FORD FIESTA,3,E01003431,0,-1
2020211015954,2020,211015954,1,9,0,18,19,7,2,0,0,1,1,0,0,0,1,1,6,6,2,27,6,1242,1,15,FORD FIESTA,7,E01029846,0,-1
2020411002773,2020,411002773,1,9,0,18,19,8,4,0,0,0,2,0,0,0,1,1,2,2,1,21,5,1242,1,15,FORD FIESTA,9,E01023352,0,-1
2020010277331,2020,010277331,1,9,0,99,99,9,9,99,99,9,9,99,9,99,2,9,6,6,2,25,5,1242,1,10,FORD FIESTA,2,E01003984,0,-1
2020471000547,2020,471000547,2,9,0,18,19,7,4,0,0,1,5,0,1,0,1,1,5,6,1,55,8,1242,1,5,FORD FIESTA,5,E01020947,0,-1
2020410936951,2020,410936951,1,9,0,18,19,2,6,0,0,4,5,9,3,0,1,1,5,6,1,31,6,998,1,7,FORD FIESTA,9,E01023439,0,-1
2020140974262,2020,140974262,3,9,0,18,19,5,1,0,0,1,0,0,0,0,1,1,6,6,2,32,6,998,1,6,FORD FIESTA,7,E01007700,0,-1
2020141005609,2020,141005609,1,9,0,18,19,3,7,0,0,0,0,0,0,0,4,1,5,6,2,46,8,1084,1,1,FORD FIESTA,5,E01019529,0,-1
2020500990076,2020,500990076,1,9,0,18,19,1,5,0,0,0,1,0,1,0,1,1,6,6,1,20,4,1242,1,12,FORD FIESTA,5,E01019886,0,-1
2020990972661,2020,990972661,1,9,0,18,19,3,7,0,0,1,0,0,0,0,3,1,5,6,1,19,4,998,1,4,FORD FIESTA,6,-1,0,-1
2020030944005,2020,030944005,1,9,0,18,19,1,3,0,0,0,1,0,1,0,1,1,6,6,1,19,4,1560,2,11,FORD FIESTA,5,E01019325,0,-1
2020460922152,2020,460922152,1,9,0,9,9,3,1,0,0,6,0,0,0,0,3,1,5,6,2,21,5,1242,1,16,FORD FIESTA,7,E01024805,0,-1
2020461011483,2020,461011483,1,9,0,18,19,3,7,0,0,0,1,10,1,0,1,1,2,2,1,24,5,1596,1,18,FORD FIESTA,7,E01024422,0,-1
2020500995706,2020,500995706,1,9,0,18,19,1,5,0,0,0,2,0,7,0,4,1,5,6,1,18,4,1388,1,15,FORD FIESTA,3,E01018769,0,-1
2020420959676,2020,420959676,1,9,0,7,7,1,3,0,0,8,0,0,0,0,1,1,5,6,2,76,11,1242,1,13,FORD FIESTA,1,E01022042,0,-1
2020460974680,2020,460974680,1,9,0,13,13,3,7,0,0,0,0,0,0,0,1,1,5,6,1,19,4,1242,1,12,FORD FIESTA,6,E01016142,0,-1
2020302001628,2020,302001628,1,9,0,9,9,8,4,0,0,5,1,0,3,4,1,1,6,6,1,17,4,1388,1,15,FORD FIESTA,2,E01019563,0,-1
2020220939997,2020,220939997,1,9,0,18,19,6,2,0,0,0,0,0,0,0,1,1,5,6,1,18,4,1242,1,13,FORD FIESTA,9,W01001319,0,-1
2020340W09352,2020,340W09352,2,9,0,18,19,7,3,0,0,8,0,0,0,0,3,1,6,6,2,26,6,1499,2,5,FORD FIESTA,5,E01027350,0,-1
20201378M0765,2020,1378M0765,1,9,0,7,7,7,1,0,0,8,0,0,0,0,1,1,6,6,2,54,8,1084,1,1,FORD FIESTA,2,E01010929,0,-1
2020030921101,2020,030921101,1,9,0,10,10,2,6,0,0,5,0,0,0,0,4,1,6,6,1,19,4,1560,2,10,FORD FIESTA,10,E01019341,0,-1
2020100986542,2020,100986542,2,9,0,4,4,2,6,0,0,0,0,0,0,0,2,1,5,6,2,54,8,1399,2,8,FORD FIESTA,1,E01008603,0,-1
2020460959472,2020,460959472,2,9,0,11,11,7,3,0,0,0,0,0,0,0,0,1,6,6,2,63,9,1388,1,14,FORD FIESTA,5,E01024227,0,-1
2020221015069,2020,221015069,1,9,0,18,19,5,1,0,0,0,1,0,2,4,1,1,2,2,2,58,9,1242,1,14,FORD FIESTA,7,E01014137,0,-1
2020500995738,2020,500995738,1,9,0,18,19,4,8,9,9,8,0,0,1,11,1,1,5,6,1,19,4,1242,1,13,FORD FIESTA,5,E01020213,0,-1
2020137C10742,2020,137C10742,1,9,0,18,19,6,2,0,0,1,0,0,0,0,1,1,6,6,2,20,4,1388,1,10,FORD FIESTA,1,E01011780,0,-1
2020110995441,2020,110995441,2,9,0,5,5,4,8,0,0,1,0,0,0,0,1,1,2,2,2,36,7,1084,1,1,FORD FIESTA,7,E01020720,0,-1
2020040938978,2020,040938978,1,9,0,18,19,7,3,0,0,0,0,0,0,0,3,1,2,2,1,56,9,1388,1,8,FORD FIESTA,4,E01025057,0,-1
2020410989801,2020,410989801,1,9,0,5,5,3,7,9,9,3,0,11,3,10,1,1,5,6,2,92,11,1242,1,22,FORD FIESTA,8,E01023298,0,-1
2020470962429,2020,470962429,2,9,0,16,19,8,3,0,0,0,0,0,0,0,3,1,3,7,2,51,8,998,1,7,FORD FIESTA,9,E01031719,0,-1
2020360953364,2020,360953364,1,9,0,18,19,6,2,0,0,0,0,0,7,10,3,1,5,6,1,21,5,1242,1,6,FORD FIESTA,5,E01026783,0,-1
2020470985845,2020,470985845,1,9,0,18,19,1,5,0,0,8,0,0,0,0,1,1,5,6,2,65,9,1242,1,9,FORD FIESTA,5,E01020969,0,-1
2020072000182,2020,072000182,1,9,0,18,19,1,5,0,0,0,0,0,0,0,1,1,2,2,2,22,5,1084,1,3,FORD FIESTA,4,E01006837,0,-1
2020440472726,2020,440472726,2,9,0,18,19,2,6,0,0,1,0,0,0,0,1,1,6,6,1,18,4,1399,2,10,FORD FIESTA,6,E01022701,0,-1
2020320643145,2020,320643145,1,9,0,18,19,7,3,0,0,0,0,0,0,2,4,1,6,6,2,86,11,1388,1,15,FORD FIESTA,10,E01026359,0,-1
2020522004919,2020,522004919,1,9,0,-1,-1,-1,-1,0,0,1,0,0,7,1,1,1,6,6,1,27,6,1242,1,13,FORD FIESTA,10,E01014393,0,-1
2020450977593,2020,450977593,3,9,0,4,4,8,4,0,0,0,0,0,0,0,1,1,5,6,2,35,6,1560,2,9,FORD FIESTA,5,E01023139,0,-1
2020500990057,2020,500990057,1,9,0,18,19,7,3,0,0,1,0,0,0,0,1,1,2,2,2,22,5,1499,2,6,FORD FIESTA,3,E01019042,0,-1
2020030982770,2020,030982770,1,9,0,9,9,2,2,0,0,5,0,0,0,0,4,1,5,6,2,21,5,998,1,4,FORD FIESTA,7,E01019382,0,-1
20201376P1219,2020,1376P1219,2,9,0,4,4,7,3,0,0,0,0,0,0,0,1,1,6,6,1,27,6,-1,-1,-1,FORD FIESTA,4,E01033655,0,-1
2020421006241,2020,421006241,1,9,0,4,4,3,7,0,0,0,0,0,0,0,1,1,5,6,2,27,6,1388,1,17,FORD FIESTA,1,E01021700,0,-1
2020547785520,2020,547785520,1,9,0,17,19,5,2,0,0,0,0,0,0,0,3,1,6,6,1,21,5,998,1,3,FORD FIESTA,5,E01032048,0,-1
2020052000347,2020,052000347,1,9,0,18,19,3,7,0,0,0,0,0,0,0,1,1,6,6,1,24,5,1242,1,12,FORD FIESTA,2,E01007130,0,-1
2020052001158,2020,052001158,2,9,0,18,19,6,2,0,0,8,0,0,0,0,1,1,6,6,1,54,8,1399,2,8,FORD FIESTA,1,E01007209,0,-1
2020460995200,2020,460995200,1,9,0,18,19,7,3,0,0,0,0,0,0,0,1,1,6,6,2,-1,-1,998,1,2,FORD FIESTA,4,E01024579,0,-1
2020052000967,2020,052000967,1,9,0,18,19,7,3,0,0,8,0,0,7,11,1,1,6,6,3,-1,-1,998,1,4,FORD FIESTA,-1,-1,0,-1
2020040928246,2020,040928246,1,9,0,9,9,1,5,0,0,1,0,0,0,0,1,1,5,6,2,26,6,1242,1,4,FORD FIESTA,7,E01011350,0,-1
2020200971828,2020,200971828,2,9,0,18,19,1,5,0,0,0,0,0,0,0,2,1,6,6,2,30,6,998,1,7,FORD FIESTA,7,E01030694,0,-1
2020501015868,2020,501015868,1,9,0,9,9,1,6,0,0,2,0,0,0,0,1,1,6,6,1,34,6,1242,1,15,FORD FIESTA,9,E01033234,0,-1
2020137C30962,2020,137C30962,1,9,0,18,19,4,8,0,0,1,0,0,0,0,1,1,6,6,1,25,5,1388,1,12,FORD FIESTA,1,E01010777,0,-1
2020230928920,2020,230928920,1,9,0,16,19,6,8,0,0,4,0,0,0,0,1,1,1,1,1,33,6,1388,1,13,FORD FIESTA,8,E01025881,0,-1
2020522101023,2020,522101023,2,9,0,2,2,0,0,0,0,0,0,0,0,0,2,1,6,6,1,43,7,998,1,1,FORD FIESTA,7,E01029063,0,-1
2020440197049,2020,440197049,2,9,0,9,9,4,2,0,0,8,0,0,0,0,4,1,6,6,2,29,6,1242,1,14,FORD FIESTA,2,E01022970,0,-1
2020440083127,2020,440083127,2,9,0,16,19,7,2,0,0,0,0,0,0,0,1,1,6,6,1,30,6,1299,1,19,FORD FIESTA,1,E01017112,0,-1
2020010284888,2020,010284888,1,9,0,18,19,7,3,0,0,1,0,0,0,0,1,1,6,6,1,33,6,1388,1,22,FORD FIESTA,2,E01032722,0,-1
2020201000169,2020,201000169,1,9,0,11,11,8,4,0,0,3,0,0,0,0,3,1,6,6,2,-1,-1,1596,1,15,FORD FIESTA,-1,-1,0,-1
2020161009726,2020,161009726,1,9,0,18,19,3,6,0,0,0,0,0,0,0,1,1,6,6,3,-1,-1,1596,1,4,FORD FIESTA,-1,-1,0,-1
2020990933471,2020,990933471,3,9,0,2,2,0,0,0,0,0,0,0,0,0,2,1,5,6,1,24,5,998,1,4,FORD FIESTA,4,-1,0,-1
2020200963206,2020,200963206,2,9,0,10,10,8,6,0,0,8,0,0,0,0,2,1,6,6,1,33,6,998,1,6,FORD FIESTA,4,E01009879,0,-1
2020200969585,2020,200969585,2,9,0,18,19,3,8,0,0,2,0,0,0,0,1,1,6,6,2,32,6,1388,1,8,FORD FIESTA,2,E01010048,0,-1
2020370940100,2020,370940100,2,9,0,18,19,5,1,0,0,1,0,8,0,0,4,1,5,6,1,88,11,1242,1,6,FORD FIESTA,6,E01029877,0,-1
2020070678779,2020,070678779,2,9,0,17,19,1,5,0,0,0,2,0,7,4,2,1,6,6,1,48,8,1242,1,4,FORD FIESTA,9,E01018408,0,-1
2020622000108,2020,622000108,1,9,0,5,5,4,8,0,0,0,0,0,0,0,1,1,6,6,2,40,7,1242,1,7,FORD FIESTA,1,W01001203,0,-1
2020137270325,2020,137270325,2,9,0,18,19,8,4,0,0,0,0,0,0,0,1,1,6,6,2,32,6,1242,1,3,FORD FIESTA,8,E01011556,0,-1
2020420939665,2020,420939665,1,9,0,18,19,4,8,0,0,1,0,0,0,0,1,1,6,6,1,28,6,1242,1,5,FORD FIESTA,8,E01021528,0,-1
2020411010856,2020,411010856,1,9,0,18,19,2,3,0,0,1,0,0,0,0,1,1,6,6,2,31,6,1084,1,2,FORD FIESTA,5,E01017569,0,-1
2020340N01752,2020,340N01752,1,9,0,18,19,5,1,0,0,0,0,0,0,0,1,1,6,6,1,26,6,1388,1,11,FORD FIESTA,5,E01027133,0,-1
2020010275481,2020,010275481,3,9,0,5,5,7,3,0,0,0,0,0,0,0,4,1,2,2,1,43,7,1388,1,14,FORD FIESTA,1,E01004199,0,-1
2020101003194,2020,101003194,1,9,0,18,19,3,7,0,0,0,0,0,0,0,1,1,1,1,1,49,8,1560,2,9,FORD FIESTA,2,E01008853,0,-1
202063A046220,2020,63A046220,2,9,0,18,19,3,6,0,0,0,0,0,0,0,2,1,6,6,1,51,8,998,1,6,FORD FIESTA,2,W01001210,0,-1