collision_index,collision_year,collision_ref_no,vehicle_reference,vehicle_type,towing_and_articulation,vehicle_manoeuvre_historic,vehicle_manoeuvre,vehicle_direction_from,vehicle_direction_to,vehicle_location_restricted_lane_historic,vehicle_location_restricted_lane,junction_location,skidding_and_overturning,hit_object_in_carriageway,vehicle_leaving_carriageway,hit_object_off_carriageway,first_point_of_impact,vehicle_left_hand_drive,journey_purpose_of_driver_historic,journey_purpose_of_driver,sex_of_driver,age_of_driver,age_band_of_driver,engine_capacity_cc,propulsion_code,age_of_vehicle,generic_make_model,driver_imd_decile,lsoa_of_driver,escooter_flag,driver_distance_banding
2020052001991,2020,052001991,2,9,0,18,19,1,5,0,0,1,0,0,0,0,3,1,6,6,2,52,8,998,1,4,FORD FIESTA,2,E01012377,0,-1
2020040924891,2020,040924891,2,9,0,18,19,1,1,0,0,0,0,0,0,0,2,1,2,2,1,21,5,1242,1,8,FORD FIESTA,9,E01025461,0,-1
2020340C01842,2020,340C01842,2,9,0,18,19,8,4,0,0,0,0,0,0,0,2,1,6,6,2,38,7,1399,2,18,FORD FIESTA,6,E01032964,0,-1
2020052100339,2020,052100339,6,9,-1,18,19,1,5,0,0,0,0,0,0,0,1,9,6,6,1,32,6,998,1,4,FORD FIESTA,8,E01025516,0,-1
2020010267152,2020,010267152,1,9,0,99,99,9,9,99,99,9,9,99,9,99,9,9,2,2,1,24,5,998,1,7,FORD FIESTA,5,E01003217,0,-1
2020522004801,2020,522004801,1,9,0,18,19,1,5,0,0,8,0,0,0,0,1,1,6,6,1,23,5,998,1,2,FORD FIESTA,3,E01032517,0,-1
2020052001205,2020,052001205,2,9,0,18,19,7,3,0,0,1,0,0,0,0,2,1,6,6,1,70,10,998,1,5,FORD FIESTA,5,E01006848,0,-1
2020010270781,2020,010270781,1,9,0,18,19,8,4,0,0,0,0,0,1,0,1,1,6,6,2,47,8,1242,1,9,FORD FIESTA,3,E01002308,0,-1
2020010273535,2020,010273535,2,9,5,2,2,0,0,0,0,0,5,4,0,0,2,1,6,6,3,-1,-1,1242,1,9,FORD FIESTA,-1,-1,0,-1
2020440312522,2020,440312522,1,9,0,18,19,4,8,0,0,1,0,4,1,0,1,1,6,6,3,-1,-1,1388,1,10,FORD FIESTA,-1,-1,0,-1
2020010259340,2020,010259340,1,9,0,18,19,5,1,0,0,8,1,0,0,0,1,1,6,6,1,60,9,1560,2,8,FORD FIESTA,3,E01000125,0,-1
202006M273964,2020,06M273964,2,9,0,9,9,3,1,0,0,8,0,0,0,0,4,1,6,6,2,18,4,1242,1,6,FORD FIESTA,3,E01006159,0,-1
2020200987859,2020,200987859,2,9,0,2,2,0,0,0,0,2,0,0,0,0,1,1,6,6,1,-1,-1,1242,1,12,FORD FIESTA,-1,-1,0,-1
2020420937865,2020,420937865,2,9,0,7,7,1,7,0,0,0,0,0,1,0,2,1,3,7,1,31,6,1388,1,8,FORD FIESTA,1,E01021304,0,-1
20201371D0213,2020,1371D0213,2,9,0,2,2,0,0,0,0,0,0,0,0,0,2,1,6,6,1,26,6,998,1,5,FORD FIESTA,-1,-1,0,-1
2020231003269,2020,231003269,1,9,0,17,19,2,8,0,0,0,0,0,7,11,1,1,3,7,2,32,6,998,1,2,FORD FIESTA,1,E01032890,0,-1
2020622000334,2020,622000334,1,9,0,18,19,4,8,0,0,1,0,0,0,0,4,1,1,1,2,29,6,1242,1,6,FORD FIESTA,4,W01001050,0,-1
2020201002535,2020,201002535,1,9,0,8,8,1,3,0,0,1,0,0,0,0,2,1,1,1,2,22,5,998,1,5,FORD FIESTA,8,E01009919,0,-1
2020040970918,2020,040970918,1,9,0,4,4,1,5,0,0,0,0,0,0,0,3,1,5,6,2,71,10,1399,2,13,FORD FIESTA,-1,-1,0,-1
2020140964202,2020,140964202,1,9,0,18,19,7,2,0,0,0,0,0,1,10,3,1,5,6,1,19,4,1560,2,9,FORD FIESTA,6,E01028050,0,-1
2020010248831,2020,010248831,2,9,0,18,19,7,3,0,0,8,0,0,0,0,3,1,6,6,2,51,8,1499,2,4,FORD FIESTA,8,E01016980,0,-1
2020410999142,2020,410999142,2,9,0,18,19,5,1,0,0,1,0,0,0,0,1,1,5,6,1,91,11,998,1,3,FORD FIESTA,10,E01023733,0,-1
2020460931889,2020,460931889,1,9,0,18,19,8,4,0,0,0,0,4,0,0,1,1,1,1,2,48,8,1242,1,10,FORD FIESTA,9,E01024797,0,-1
2020122000880,2020,122000880,1,9,0,7,7,1,5,0,0,1,0,0,0,0,1,1,6,6,1,29,6,1242,1,17,FORD FIESTA,6,E01027676,0,-1
2020200945402,2020,200945402,5,9,0,2,2,0,0,0,0,0,0,0,0,0,0,1,6,6,3,-1,-1,1242,1,13,FORD FIESTA,-1,-1,0,-1
2020040951563,2020,040951563,1,9,0,18,19,8,4,0,0,0,5,0,0,0,4,1,5,6,1,26,6,1242,1,13,FORD FIESTA,2,E01025220,0,-1
2020122001216,2020,122001216,1,9,0,16,19,8,4,0,0,8,0,0,0,0,3,1,6,6,2,71,10,1242,1,5,FORD FIESTA,8,E01033185,0,-1
2020990930598,2020,990930598,1,9,0,7,7,2,6,0,0,5,0,0,0,0,1,1,5,6,2,23,5,998,1,6,FORD FIESTA,4,-1,0,-1
2020340C05292,2020,340C05292,1,9,0,17,19,5,1,0,0,0,0,0,2,10,1,1,6,6,2,29,6,1242,1,9,FORD FIESTA,4,E01026982,0,-1
2020010261927,2020,010261927,1,9,0,99,99,9,9,99,99,9,9,99,9,99,2,9,6,6,1,34,6,1388,1,12,FORD FIESTA,4,E01021266,0,-1
2020411006098,2020,411006098,1,9,0,18,19,2,6,0,0,0,0,0,0,0,1,1,2,2,1,24,5,998,1,4,FORD FIESTA,8,E01023656,0,-1
2020030995393,2020,030995393,1,9,0,17,19,2,6,0,0,0,2,0,2,0,1,1,6,6,1,17,4,1596,1,13,FORD FIESTA,1,E01019160,0,-1
2020470915575,2020,470915575,1,9,0,17,19,8,5,0,0,0,1,0,1,4,1,1,6,6,3,-1,-1,-1,-1,-1,FORD FIESTA,-1,-1,0,-1
2020220928258,2020,220928258,1,9,0,17,19,7,4,0,0,0,1,0,2,3,1,1,2,2,2,35,6,998,1,2,FORD FIESTA,5,E01032212,0,-1
2020010276177,2020,010276177,1,9,0,99,99,9,9,99,99,0,9,99,9,99,4,9,6,6,1,30,6,1388,1,10,FORD FIESTA,3,E01000128,0,-1
2020360981281,2020,360981281,2,9,0,2,2,0,0,0,0,2,0,0,0,0,2,1,5,6,1,37,7,1388,1,16,FORD FIESTA,7,E01026489,0,-1
2020100962545,2020,100962545,1,9,0,18,19,4,8,0,0,1,0,0,0,0,1,1,5,6,1,41,7,998,1,7,FORD FIESTA,2,E01008859,0,-1
2020990930649,2020,990930649,2,9,0,18,19,6,2,0,0,0,0,0,0,0,3,1,5,6,1,34,6,1596,1,10,FORD FIESTA,7,-1,0,-1
2020140933382,2020,140933382,2,9,0,9,9,5,3,0,0,6,0,0,0,0,3,1,5,6,2,20,4,1560,2,11,FORD FIESTA,3,E01007546,0,-1
202031D161820,2020,31D161820,3,9,0,18,19,7,3,0,0,0,0,0,0,0,1,1,6,6,1,19,4,998,1,5,FORD FIESTA,9,E01028360,0,-1
2020440037998,2020,440037998,2,9,0,18,19,4,8,0,0,0,5,0,0,0,1,1,6,6,1,70,10,1596,1,12,FORD FIESTA,8,E01031543,0,-1
2020010270151,2020,010270151,1,9,0,5,5,5,1,0,0,0,0,0,0,0,3,1,6,6,1,31,6,998,1,2,FORD FIESTA,9,E01004053,0,-1
2020340D07572,2020,340D07572,1,9,0,18,19,1,5,0,0,0,1,0,0,0,3,1,6,6,2,42,7,1560,2,9,FORD FIESTA,3,E01031177,0,-1
2020070083072,2020,070083072,1,9,0,18,19,1,5,0,0,2,0,0,0,0,1,1,6,6,1,77,11,1388,1,15,FORD FIESTA,8,E01012499,0,-1
2020990929266,2020,990929266,1,9,0,8,8,5,8,0,0,1,0,0,0,0,2,1,5,6,2,70,10,1084,1,3,FORD FIESTA,5,-1,0,-1
2020010248731,2020,010248731,1,9,0,99,99,9,9,99,99,9,9,99,9,99,9,9,6,6,1,27,6,1242,1,12,FORD FIESTA,5,E01000251,0,-1
2020211024737,2020,211024737,2,9,0,18,19,4,7,0,0,1,0,0,0,0,3,1,6,6,1,34,6,998,1,7,FORD FIESTA,3,E01029357,0,-1
2020440421800,2020,440421800,1,9,0,17,19,5,1,0,0,0,2,0,1,4,1,1,6,6,1,20,4,998,1,4,FORD FIESTA,-1,-1,0,-1
2020522001994,2020,522001994,1,9,0,18,19,8,4,0,0,6,0,0,0,0,1,1,6,6,2,40,7,998,1,5,FORD FIESTA,7,E01014611,0,-1
2020052002090,2020,052002090,1,9,0,18,19,1,5,0,0,0,0,0,0,0,1,1,6,6,1,18,4,1242,1,9,FORD FIESTA,2,E01006439,0,-1
2020110961670,2020,110961670,2,9,0,4,4,3,7,0,0,0,0,0,0,0,2,1,5,6,2,41,7,998,1,2,FORD FIESTA,8,E01020680,0,-1
2020101010237,2020,101010237,2,9,0,18,19,1,5,0,0,8,0,0,1,0,3,1,5,6,1,48,8,1242,1,13,FORD FIESTA,5,E01027366,0,-1
2020370945341,2020,370945341,1,9,0,18,19,5,2,0,0,4,0,0,0,0,3,1,5,6,1,18,4,1388,1,11,FORD FIESTA,10,E01030206,0,-1
2020552000949,2020,552000949,3,9,0,18,19,6,2,0,0,0,0,0,0,0,1,1,6,6,2,35,6,1242,1,7,FORD FIESTA,2,E01004129,0,-1
2020461002156,2020,461002156,1,9,0,9,9,1,6,0,0,1,0,0,0,0,1,1,6,6,1,19,4,1388,1,13,FORD FIESTA,3,E01024499,0,-1
2020610004520,2020,610004520,1,9,0,18,19,1,5,0,0,8,0,0,0,0,4,1,6,6,1,73,10,-1,-1,-1,FORD FIESTA,5,W01001347,0,-1
2020122001249,2020,122001249,1,9,0,18,19,2,6,0,0,1,0,0,0,0,1,1,6,6,1,20,4,1499,2,3,FORD FIESTA,8,E01013409,0,-1
2020210983915,2020,210983915,2,9,0,18,19,5,1,0,0,0,0,0,0,0,2,1,6,6,1,25,5,1596,1,3,FORD FIESTA,2,E01029564,0,-1
2020160999304,2020,160999304,1,9,0,7,7,4,6,0,0,6,0,0,0,0,1,1,1,1,2,43,7,1242,1,4,FORD FIESTA,1,E01013165,0,-1
2020990982348,2020,990982348,1,9,0,18,19,5,8,0,0,1,0,0,0,0,1,1,5,6,1,86,11,1242,1,6,FORD FIESTA,2,-1,0,-1
2020530968891,2020,530968891,1,9,0,18,19,3,7,0,0,8,0,0,0,0,1,1,6,6,1,41,7,1242,1,8,FORD FIESTA,3,E01022286,0,-1
2020110989881,2020,110989881,2,9,0,18,19,3,7,0,0,0,0,0,0,0,1,1,6,6,1,38,7,1242,1,7,FORD FIESTA,1,E01012093,0,-1
2020052001363,2020,052001363,2,9,0,2,2,0,0,0,0,0,0,0,0,0,3,1,6,6,3,-1,-1,1242,1,4,FORD FIESTA,-1,-1,0,-1
2020990984136,2020,990984136,1,9,0,18,19,1,5,0,0,0,0,0,0,0,1,1,6,6,1,74,10,1242,1,14,FORD FIESTA,9,-1,0,-1
2020052000549,2020,052000549,1,9,0,18,19,7,3,0,0,0,0,0,0,0,4,1,1,1,1,22,5,1388,1,14,FORD FIESTA,9,E01025490,0,-1
2020411004027,2020,411004027,2,9,0,18,19,6,3,0,0,3,0,0,0,0,4,1,6,6,1,34,6,1560,2,6,FORD FIESTA,6,E01023942,0,-1
2020430015527,2020,430015527,1,9,0,18,19,9,9,0,0,4,0,0,0,0,1,1,2,2,3,62,9,1596,1,10,FORD FIESTA,6,E01033525,0,-1
2020420950538,2020,420950538,1,9,0,18,19,7,3,0,0,0,0,0,0,0,2,1,3,7,1,50,8,1560,2,10,FORD FIESTA,3,E01015862,0,-1
2020460973977,2020,460973977,1,9,0,9,9,3,7,0,0,0,0,0,0,0,1,1,2,2,2,48,8,998,1,3,FORD FIESTA,7,E01021160,0,-1
2020990962042,2020,990962042,2,9,0,18,19,3,7,0,0,1,0,0,0,0,1,1,6,6,1,35,6,1242,1,17,FORD FIESTA,6,-1,0,-1
2020622001030,2020,622001030,1,9,0,18,19,4,8,0,0,0,0,0,0,0,3,1,2,2,2,19,4,1299,1,19,FORD FIESTA,3,W01001200,0,-1
2020440035021,2020,440035021,2,9,0,18,19,7,3,0,0,0,0,0,0,0,1,1,6,6,1,20,4,1399,2,14,FORD FIESTA,9,E01016924,0,-1
2020211026719,2020,211026719,2,9,0,18,19,3,7,0,0,8,0,0,0,0,2,1,6,6,1,19,4,1388,1,9,FORD FIESTA,2,E01029362,0,-1
2020010268106,2020,010268106,1,9,9,99,99,9,9,99,99,9,9,99,9,99,9,9,6,6,1,28,6,1388,1,8,FORD FIESTA,2,E01001576,0,-1
2020070712703,2020,070712703,1,9,0,5,5,7,1,0,0,4,0,0,0,0,1,1,6,6,1,53,8,1388,1,17,FORD FIESTA,3,E01018326,0,-1
2020991003152,2020,991003152,1,9,0,16,19,2,6,0,0,0,0,0,0,0,1,1,5,6,2,42,7,1560,2,10,FORD FIESTA,4,-1,0,-1
2020221011162,2020,221011162,1,9,0,9,9,5,3,0,0,6,0,0,0,0,1,1,5,6,1,49,8,1242,1,14,FORD FIESTA,3,E01014194,0,-1
2020161004847,2020,161004847,1,9,0,18,19,2,6,0,0,2,0,0,0,0,1,1,5,6,2,39,7,1499,2,2,FORD FIESTA,7,E01012935,0,-1
2020010285833,2020,010285833,2,9,0,99,99,9,9,99,99,6,9,99,9,99,2,9,6,6,3,-1,-1,-1,-1,-1,FORD FIESTA,9,E01033234,0,-1
2020140962378,2020,140962378,2,9,0,18,19,2,6,0,0,1,0,0,0,0,1,1,5,6,1,18,4,1299,1,18,FORD FIESTA,2,E01007448,0,-1
2020522000425,2020,522000425,3,9,0,18,19,7,2,0,0,8,0,0,0,0,1,1,6,6,1,64,9,1242,1,13,FORD FIESTA,8,E01014383,0,-1
2020610028620,2020,610028620,1,9,0,16,19,8,3,0,0,0,1,10,8,11,1,1,6,6,2,19,4,1399,2,10,FORD FIESTA,8,W01001626,0,-1
2020622000099,2020,622000099,1,9,0,7,7,4,7,0,0,8,0,0,0,0,1,1,6,6,1,19,4,1242,1,6,FORD FIESTA,3,W01001177,0,-1
2020440384969,2020,440384969,1,9,0,9,9,7,5,0,0,2,0,0,0,0,4,1,6,6,2,20,4,1242,1,8,FORD FIESTA,2,E01017108,0,-1
2020137330247,2020,137330247,2,9,0,4,4,7,3,0,0,1,0,0,0,0,2,1,6,6,2,37,7,1399,2,8,FORD FIESTA,5,E01011819,0,-1
2020350956482,2020,350956482,2,9,0,18,19,5,1,0,0,0,0,0,0,0,1,1,5,6,1,20,4,998,1,2,FORD FIESTA,5,E01026249,0,-1
2020530920768,2020,530920768,1,9,0,18,19,3,7,0,0,0,2,0,8,0,1,1,2,2,1,26,6,1399,2,10,FORD FIESTA,8,E01022116,0,-1
2020030997142,2020,030997142,1,9,0,9,9,5,3,0,0,6,1,0,0,0,1,1,6,6,1,35,6,1560,2,14,FORD FIESTA,3,E01019234,0,-1
2020040994682,2020,040994682,2,9,0,18,19,5,1,0,0,0,0,0,0,0,2,1,6,6,1,42,7,1999,1,14,FORD FIESTA,4,E01025554,0,-1
2020420983220,2020,420983220,2,9,0,18,19,1,3,0,0,0,1,10,0,0,1,1,6,6,1,28,6,1596,1,6,FORD FIESTA,1,E01022027,0,-1
2020010258684,2020,010258684,4,9,0,2,2,0,0,0,0,0,0,4,0,0,1,1,6,6,3,-1,-1,1596,1,5,FORD FIESTA,-1,-1,0,-1
2020040959909,2020,040959909,1,9,0,18,19,1,5,0,0,1,0,0,0,0,1,1,5,6,1,64,9,1242,1,13,FORD FIESTA,7,E01024999,0,-1
2020030987874,2020,030987874,2,9,0,16,19,5,1,0,0,0,0,0,1,11,1,1,6,6,2,32,6,1084,1,0,FORD FIESTA,5,E01019363,0,-1
202031A100220,2020,31A100220,2,9,0,16,19,5,1,0,0,0,0,0,0,0,4,1,6,6,2,37,7,1242,1,8,FORD FIESTA,1,E01028263,0,-1
2020052001715,2020,052001715,2,9,0,18,19,2,6,0,0,0,0,0,0,0,4,1,6,6,2,24,5,998,1,7,FORD FIESTA,5,E01006538,0,-1
2020230932257,2020,230932257,1,9,0,17,19,3,8,0,0,0,1,0,0,0,1,1,6,6,1,22,5,1242,1,16,FORD FIESTA,6,E01031282,0,-1
2020450939764,2020,450939764,1,9,0,9,9,4,1,0,0,8,0,0,0,0,4,1,5,6,1,51,8,1299,1,18,FORD FIESTA,6,E01030957,0,-1
202006XJ78041,2020,06XJ78041,2,9,2,18,19,7,3,0,0,0,0,0,0,0,1,1,6,6,1,22,5,1388,1,18,FORD FIESTA,1,E01005077,0,-1
2020990996718,2020,990996718,2,9,0,4,4,3,7,0,0,0,0,0,0,0,2,1,6,6,1,21,5,1596,1,6,FORD FIESTA,8,-1,0,-1
2020200964800,2020,200964800,7,9,0,2,2,0,0,0,0,0,0,0,0,0,2,1,5,6,3,42,7,998,1,3,FORD FIESTA,-1,-1,0,-1
2020420988821,2020,420988821,2,9,0,18,19,7,2,0,0,0,1,0,0,0,1,1,5,6,1,34,6,1796,1,27,FORD FIESTA,7,E01021904,0,-1
2020110989445,2020,110989445,1,9,0,18,19,1,5,0,0,2,0,4,3,11,1,1,5,6,1,27,6,998,1,7,FORD FIESTA,1,E01020902,0,-1
2020990928057,2020,990928057,1,9,0,18,19,7,3,0,0,0,0,0,0,0,1,1,6,6,2,24,5,1242,1,7,FORD FIESTA,8,-1,0,-1
2020140983473,2020,140983473,1,9,0,18,19,2,8,0,0,8,0,0,3,0,1,1,6,6,1,23,5,998,1,7,FORD FIESTA,2,E01008029,0,-1
2020010265885,2020,010265885,1,9,0,4,4,7,3,0,0,1,0,0,0,0,2,1,6,6,1,45,7,1388,1,12,FORD FIESTA,3,E01003565,0,-1
2020552100173,2020,552100173,3,9,0,18,19,5,1,0,0,0,0,0,0,0,0,1,6,6,1,53,8,1388,1,12,FORD FIESTA,10,E01023045,0,-1
2020340982330,2020,340982330,1,9,0,17,19,4,8,0,0,0,5,6,1,11,4,1,5,6,1,32,6,1560,2,14,FORD FIESTA,9,E01031161,0,-1
20201378U0027,2020,1378U0027,1,9,0,18,19,5,1,0,0,0,0,0,0,0,1,1,6,6,1,44,7,1560,2,13,FORD FIESTA,2,E01011249,0,-1
2020200937829,2020,200937829,2,9,0,3,3,2,6,0,0,8,0,0,0,0,1,1,6,6,1,29,6,998,1,2,FORD FIESTA,3,E01010249,0,-1
2020010231722,2020,010231722,3,9,0,4,4,7,3,0,0,0,0,0,0,0,0,1,6,6,1,45,7,1242,1,23,FORD FIESTA,4,-1,0,-1
2020200924166,2020,200924166,1,9,0,4,4,8,4,0,0,1,0,0,0,0,1,1,6,6,2,73,10,1242,1,24,FORD FIESTA,2,E01010310,0,-1
20201377A0840,2020,1377A0840,1,9,0,18,19,8,4,0,0,1,0,0,0,0,3,1,6,6,1,-1,-1,1399,2,17,FORD FIESTA,-1,-1,0,-1
2020010261209,2020,010261209,3,19,0,18,19,5,1,0,0,0,0,0,0,0,0,1,6,6,1,61,9,1499,2,1,FORD FIESTA,4,E01001514,0,-1
2020461002518,2020,461002518,1,9,0,4,4,3,7,6,6,0,2,0,2,0,1,1,2,2,1,31,6,1999,1,11,FORD FIESTA,2,E01024249,0,-1
2020991009440,2020,991009440,2,9,0,2,2,0,0,6,6,0,0,0,0,0,4,1,5,6,1,29,6,1995,1,13,FORD FIESTA,5,-1,0,-1
2020361013280,2020,361013280,1,9,0,18,19,3,7,0,0,1,5,12,0,0,1,1,2,2,1,23,5,1596,1,3,FORD FIESTA,9,E01026692,0,-1
2020471005237,2020,471005237,1,9,0,9,9,3,2,0,0,1,0,0,0,0,2,1,2,2,2,29,6,1596,1,3,FORD FIESTA,4,E01016925,0,-1
2020370998687,2020,370998687,1,9,0,9,9,8,6,0,0,1,0,0,0,0,1,1,5,6,1,28,6,1242,1,14,FORD FIESTA,2,E01022046,0,-1
2020501005066,2020,501005066,1,9,0,17,19,4,8,0,0,0,2,0,0,0,1,1,6,6,2,54,8,1560,2,11,FORD FIESTA,8,E01019890,0,-1
2020010258527,2020,010258527,1,9,0,9,9,1,7,0,0,1,0,0,0,0,3,1,6,6,2,33,6,1388,1,10,FORD FIESTA,5,E01002123,0,-1
202006XK72498,2020,06XK72498,5,9,0,4,4,8,4,0,0,0,0,0,0,0,2,1,6,6,2,55,8,1242,1,5,FORD FIESTA,9,E01033218,0,-1
2020340N07362,2020,340N07362,1,9,0,18,19,5,1,0,0,8,0,0,0,0,1,1,6,6,2,24,5,1299,1,17,FORD FIESTA,8,E01027193,0,-1
2020140961298,2020,140961298,1,9,0,9,9,7,5,0,0,5,0,0,0,0,1,1,5,6,1,69,10,1242,1,16,FORD FIESTA,-1,-1,0,-1
2020200963513,2020,200963513,1,9,0,18,19,5,1,0,0,8,0,10,1,1,3,1,6,6,2,20,4,1596,1,6,FORD FIESTA,1,E01010283,0,-1
2020420998741,2020,420998741,2,9,0,9,9,7,5,0,0,8,0,0,0,0,4,1,6,6,2,18,4,999,1,0,FORD FIESTA,-1,-1,0,-1
2020430179362,2020,430179362,1,9,0,18,19,5,1,0,0,1,0,0,0,0,1,1,6,6,1,32,6,1388,1,14,FORD FIESTA,9,E01028481,0,-1
2020137661330,2020,137661330,3,9,0,18,19,5,1,0,0,0,0,0,0,0,1,1,6,6,1,27,6,998,1,3,FORD FIESTA,2,E01010910,0,-1
2020010267032,2020,010267032,1,9,0,9,9,5,2,0,0,5,0,0,0,0,1,1,6,6,1,58,9,1596,1,17,FORD FIESTA,-1,-1,0,-1
2020030931345,2020,030931345,1,9,0,18,19,5,1,0,0,0,0,0,0,0,1,1,6,6,1,52,8,1999,1,14,FORD FIESTA,5,E01019392,0,-1
2020052002392,2020,052002392,2,9,0,18,19,3,7,0,0,8,0,0,0,0,1,1,6,6,1,22,5,1596,1,6,FORD FIESTA,3,E01007234,0,-1
2020430366823,2020,430366823,2,9,0,9,9,5,2,0,0,5,0,0,0,0,4,1,6,6,2,-1,-1,1388,1,8,FORD FIESTA,-1,-1,0,-1
2020440410014,2020,440410014,2,9,0,18,19,3,7,0,0,8,0,0,0,0,3,1,6,6,2,21,5,1388,1,15,FORD FIESTA,6,E01022907,0,-1
2020230938609,2020,230938609,2,9,0,17,19,6,2,0,0,1,0,0,0,0,3,1,2,2,1,32,6,1242,1,8,FORD FIESTA,2,E01010128,0,-1
2020460973327,2020,460973327,2,9,0,18,19,7,3,0,0,0,0,0,0,0,3,1,5,6,1,23,5,1242,1,8,FORD FIESTA,6,E01024340,0,-1
2020622000355,2020,622000355,3,9,0,2,2,0,0,0,0,2,0,0,0,0,2,1,6,6,3,-1,-1,1388,1,8,FORD FIESTA,-1,-1,0,-1
2020420964300,2020,420964300,2,9,0,9,9,1,5,0,0,1,0,0,0,0,3,1,6,6,2,50,8,998,1,2,FORD FIESTA,9,E01015857,0,-1
2020552100003,2020,552100003,1,9,0,13,13,8,4,0,0,0,5,10,4,6,3,1,6,6,1,20,4,1596,1,6,FORD FIESTA,8,E01022984,0,-1
2020200936356,2020,200936356,2,9,0,17,19,5,1,0,0,1,5,0,1,0,0,1,6,6,1,-1,-1,998,1,2,FORD FIESTA,5,E01011629,0,-1
2020410985690,2020,410985690,2,9,0,4,4,7,3,0,0,1,0,0,0,0,2,1,6,6,2,30,6,1242,1,5,FORD FIESTA,10,E01023516,0,-1
2020990976888,2020,990976888,1,9,0,17,19,3,8,0,0,0,0,0,0,0,1,1,5,6,2,70,10,1242,1,6,FORD FIESTA,5,-1,0,-1
2020440329431,2020,440329431,2,9,0,18,19,2,6,0,0,1,1,0,0,0,1,1,1,1,1,26,6,1242,1,8,FORD FIESTA,-1,-1,0,-1
2020010249382,2020,010249382,2,9,0,99,99,9,9,99,99,9,9,99,9,99,9,9,6,6,3,-1,-1,1388,1,16,FORD FIESTA,-1,-1,0,-1
2020622100009,2020,622100009,2,9,0,18,19,2,6,0,0,0,0,0,0,0,3,1,6,6,2,45,7,1242,1,5,FORD FIESTA,3,W01001278,0,-1
2020500940064,2020,500940064,1,9,0,18,19,1,5,0,0,2,0,0,0,0,1,1,5,6,2,58,9,998,1,6,FORD FIESTA,8,E01020146,0,-1
202006E273257,2020,06E273257,2,9,0,3,3,5,1,0,0,0,0,0,0,0,2,1,6,6,2,48,8,998,1,3,FORD FIESTA,2,E01005774,0,-1
2020471001890,2020,471001890,1,9,0,9,9,6,5,0,0,8,0,0,0,0,1,1,5,6,2,18,4,998,1,4,FORD FIESTA,8,E01031780,0,-1
2020420963283,2020,420963283,2,9,0,5,5,1,3,0,0,4,0,0,0,0,4,1,5,6,2,26,6,1560,2,10,FORD FIESTA,2,E01000078,0,-1
2020220989394,2020,220989394,2,9,0,8,8,1,3,0,0,1,0,0,0,0,2,1,5,6,2,28,6,1596,1,17,FORD FIESTA,1,E01032204,0,-1
2020100968975,2020,100968975,1,9,0,4,4,2,6,0,0,1,0,0,0,0,1,1,6,6,1,30,6,1242,1,7,FORD FIESTA,4,E01008640,0,-1
2020221008166,2020,221008166,2,9,0,10,10,3,1,0,0,8,0,0,0,0,1,1,2,2,1,20,4,1242,1,8,FORD FIESTA,8,E01009896,0,-1
2020200998554,2020,200998554,2,9,0,18,19,8,4,0,0,8,0,0,0,0,1,1,6,6,1,24,5,999,1,0,FORD FIESTA,2,E01010086,0,-1
2020622000594,2020,622000594,1,9,0,18,19,4,8,0,0,1,0,0,0,0,1,1,6,6,1,29,6,1242,1,5,FORD FIESTA,1,W01000930,0,-1
2020052001030,2020,052001030,1,9,0,16,19,5,1,0,0,0,0,0,7,11,1,1,6,6,1,55,8,1242,1,8,FORD FIESTA,2,E01006958,0,-1
2020160994793,2020,160994793,1,9,0,18,19,2,6,0,0,1,5,0,0,0,1,1,5,6,1,20,4,998,1,7,FORD FIESTA,3,E01013233,0,-1
2020201002975,2020,201002975,1,9,0,18,19,1,5,0,0,0,0,0,0,0,1,1,6,6,1,83,11,1242,1,14,FORD FIESTA,3,E01009950,0,-1
2020430066857,2020,430066857,2,9,0,18,19,2,6,0,0,8,0,0,0,0,1,1,6,6,1,20,4,1596,1,9,FORD FIESTA,8,E01032609,0,-1
2020420957038,2020,420957038,1,9,0,18,19,8,4,0,0,1,0,0,0,0,1,1,6,6,1,20,4,1496,1,1,FORD FIESTA,8,E01021766,0,-1
2020040939012,2020,040939012,1,9,0,16,19,5,1,0,0,0,1,0,5,6,3,1,5,6,1,32,6,998,1,1,FORD FIESTA,1,E01012721,0,-1
2020360990452,2020,360990452,2,9,0,18,19,3,6,0,0,0,0,0,0,0,4,1,1,1,2,71,10,1399,2,13,FORD FIESTA,4,E01026656,0,-1
2020201015539,2020,201015539,1,9,0,7,7,4,6,0,0,6,0,0,0,0,3,1,6,6,3,26,6,1388,1,9,FORD FIESTA,5,E01010558,0,-1
2020010234469,2020,010234469,2,9,0,18,19,7,3,0,0,6,0,99,0,0,9,9,6,6,1,64,9,1388,1,9,FORD FIESTA,9,E01000201,0,-1
2020140975920,2020,140975920,1,9,0,5,5,7,3,0,0,4,0,0,0,0,2,1,5,6,2,38,7,1084,1,1,FORD FIESTA,4,E01028028,0,-1