collision_index,collision_year,collision_ref_no,vehicle_reference,vehicle_type,towing_and_articulation,vehicle_manoeuvre_historic,vehicle_manoeuvre,vehicle_direction_from,vehicle_direction_to,vehicle_location_restricted_lane_historic,vehicle_location_restricted_lane,junction_location,skidding_and_overturning,hit_object_in_carriageway,vehicle_leaving_carriageway,hit_object_off_carriageway,first_point_of_impact,vehicle_left_hand_drive,journey_purpose_of_driver_historic,journey_purpose_of_driver,sex_of_driver,age_of_driver,age_band_of_driver,engine_capacity_cc,propulsion_code,age_of_vehicle,generic_make_model,driver_imd_decile,lsoa_of_driver,escooter_flag,driver_distance_banding
2020070552453,2020,070552453,1,9,0,10,10,8,4,0,0,0,0,0,0,0,3,1,6,6,1,40,7,1242,1,5,FORD FIESTA,6,E01012440,0,-1
2020420945381,2020,420945381,1,9,0,18,19,5,1,0,0,0,5,0,1,0,0,1,5,6,2,17,4,1388,1,14,FORD FIESTA,5,E01021575,0,-1
2020410972284,2020,410972284,2,9,0,18,19,4,8,0,0,2,0,0,0,0,1,1,2,2,2,33,6,1242,1,16,FORD FIESTA,5,E01023429,0,-1
2020320565077,2020,320565077,2,9,0,18,19,8,4,0,0,0,0,0,0,0,1,1,2,2,2,26,6,1496,1,0,FORD FIESTA,7,E01032989,0,-1
2020420965543,2020,420965543,2,9,0,18,19,3,8,0,0,1,0,0,0,0,1,1,5,6,2,25,5,1399,2,11,FORD FIESTA,-1,-1,0,-1
2020010240401,2020,010240401,2,9,0,18,19,3,7,0,0,8,0,0,0,0,1,1,1,1,1,34,6,1499,2,7,FORD FIESTA,1,E01001429,0,-1
2020170S11320,2020,170S11320,1,9,0,9,9,7,5,0,0,8,0,0,0,0,1,1,6,6,1,42,7,1242,1,14,FORD FIESTA,1,E01032543,0,-1
2020200941199,2020,200941199,1,9,0,9,9,4,6,0,0,-1,-1,0,0,0,3,1,6,6,3,-1,-1,1242,1,6,FORD FIESTA,-1,-1,0,-1
2020041010587,2020,041010587,1,9,0,17,19,2,6,0,0,0,1,0,7,11,1,1,6,6,1,28,6,1399,2,13,FORD FIESTA,8,E01019343,0,-1
2020460956956,2020,460956956,1,9,0,18,19,3,7,0,0,0,0,0,1,4,1,1,5,6,1,26,6,1242,1,22,FORD FIESTA,5,E01024831,0,-1
202031D042620,2020,31D042620,3,9,0,8,8,5,7,0,0,1,0,0,0,0,1,1,6,6,2,22,5,998,1,1,FORD FIESTA,8,E01028172,0,-1
2020460966056,2020,460966056,1,9,0,18,19,4,8,0,0,0,0,0,4,0,1,1,5,6,2,46,8,1388,1,16,FORD FIESTA,8,E01024527,0,-1
2020320183961,2020,320183961,1,9,0,18,19,1,5,0,0,0,0,0,1,11,4,1,6,6,1,31,6,1388,1,17,FORD FIESTA,4,E01026268,0,-1
202006P178053,2020,06P178053,2,9,0,9,9,3,1,0,0,8,0,0,0,0,1,1,6,6,1,21,5,1242,1,8,FORD FIESTA,3,E01005480,0,-1
2020052000840,2020,052000840,1,9,0,6,6,5,5,0,0,0,0,0,0,0,4,1,6,6,2,45,7,1242,1,7,FORD FIESTA,3,E01007038,0,-1
2020010258361,2020,010258361,2,9,0,7,7,3,6,0,0,1,0,0,1,11,1,1,6,6,2,20,4,1388,1,10,FORD FIESTA,6,E01002656,0,-1
202006XM73078,2020,06XM73078,1,9,0,18,19,8,4,0,0,0,1,7,0,0,3,1,2,2,1,23,5,-1,-1,-1,FORD FIESTA,-1,-1,0,-1
2020500999646,2020,500999646,3,9,0,2,2,0,0,0,0,0,0,0,0,0,2,1,5,6,1,56,9,1560,2,6,FORD FIESTA,5,E01015135,0,-1
2020440446610,2020,440446610,1,9,0,10,10,6,4,0,0,1,0,0,0,0,2,1,1,1,2,24,5,1242,1,12,FORD FIESTA,-1,-1,0,-1
202063A073720,2020,63A073720,2,9,0,4,4,1,4,0,0,1,0,0,0,0,3,1,6,6,2,35,6,1388,1,12,FORD FIESTA,2,W01000638,0,-1
2020350931436,2020,350931436,1,9,0,18,19,3,7,0,0,0,0,0,0,0,1,1,6,6,1,18,4,1596,1,9,FORD FIESTA,9,E01018205,0,-1
2020040956067,2020,040956067,1,9,0,18,19,5,1,0,0,0,0,0,0,0,3,1,2,2,2,25,5,998,1,5,FORD FIESTA,5,E01025483,0,-1
2020320490449,2020,320490449,1,9,0,18,19,1,5,0,0,1,0,0,1,11,1,1,2,2,1,21,5,-1,-1,-1,FORD FIESTA,-1,-1,0,-1
2020440299522,2020,440299522,1,9,0,18,19,1,0,0,0,8,5,9,7,1,0,1,6,6,2,18,4,1242,1,8,FORD FIESTA,10,E01022852,0,-1
2020622100027,2020,622100027,1,9,0,6,6,2,2,0,0,0,0,0,0,0,3,1,6,6,3,-1,-1,1242,1,14,FORD FIESTA,-1,-1,0,-1
202006A278329,2020,06A278329,1,9,0,18,19,6,2,0,0,8,0,0,0,0,1,1,6,6,3,-1,-1,1388,1,13,FORD FIESTA,-1,-1,0,-1
2020200989549,2020,200989549,1,9,0,18,19,8,4,0,0,1,0,0,0,0,4,1,2,2,1,21,5,998,1,3,FORD FIESTA,1,E01009323,0,-1
2020500938732,2020,500938732,1,9,0,18,19,6,2,0,0,2,0,0,0,0,1,1,5,6,1,52,8,998,1,3,FORD FIESTA,4,E01019007,0,-1
2020320385598,2020,320385598,1,9,0,18,19,5,1,0,0,0,0,0,0,0,1,1,2,2,1,34,6,-1,-1,-1,FORD FIESTA,9,E01026301,0,-1
2020320516626,2020,320516626,1,9,0,9,9,7,5,0,0,1,0,0,0,0,1,1,6,6,2,29,6,1499,2,7,FORD FIESTA,3,E01026123,0,-1
2020302001018,2020,302001018,1,9,0,18,19,1,5,0,0,8,0,0,0,0,1,1,6,6,2,-1,-1,998,1,3,FORD FIESTA,3,E01019531,0,-1
2020332000103,2020,332000103,1,9,0,18,19,6,2,0,0,2,0,0,0,0,1,2,3,7,2,32,6,998,1,4,FORD FIESTA,7,E01025620,0,-1
2020122001355,2020,122001355,2,9,0,17,19,5,1,0,0,0,0,0,0,0,1,1,1,1,1,22,5,998,1,3,FORD FIESTA,1,E01011842,0,-1
2020530955108,2020,530955108,1,9,0,18,19,-1,-1,-1,-1,0,0,0,0,0,1,1,5,6,2,19,4,1242,1,8,FORD FIESTA,5,E01022435,0,-1
2020010253262,2020,010253262,2,9,0,99,99,9,9,99,99,9,9,99,9,99,1,9,6,6,3,-1,-1,998,1,5,FORD FIESTA,-1,-1,0,-1
2020010283926,2020,010283926,1,9,0,18,19,1,5,0,0,1,0,0,0,0,1,1,6,6,2,55,8,998,1,2,FORD FIESTA,2,E01001113,0,-1
202031C101720,2020,31C101720,1,9,0,11,11,2,5,2,2,1,0,0,0,0,4,1,6,6,1,69,10,998,1,2,FORD FIESTA,8,E01028182,0,-1
2020220949400,2020,220949400,2,9,0,7,7,8,2,0,0,6,0,0,0,0,3,1,5,6,2,57,9,999,1,0,FORD FIESTA,5,E01014045,0,-1
2020052001210,2020,052001210,2,9,0,2,2,0,0,0,0,0,0,0,0,0,3,1,6,6,3,-1,-1,1242,1,11,FORD FIESTA,-1,-1,0,-1
2020440284452,2020,440284452,2,9,0,18,19,4,8,0,0,8,0,0,0,0,1,1,6,6,1,20,4,1242,1,11,FORD FIESTA,-1,-1,0,-1
2020421006027,2020,421006027,1,9,0,18,19,5,1,0,0,0,0,0,0,0,1,1,6,6,1,48,8,-1,-1,-1,FORD FIESTA,-1,-1,0,-1
2020430129926,2020,430129926,1,9,0,18,19,2,6,0,0,0,0,0,8,11,1,1,6,6,1,23,5,1388,1,9,FORD FIESTA,10,E01016676,0,-1
2020040976731,2020,040976731,1,9,0,5,5,4,8,0,0,0,1,10,0,0,1,1,5,6,1,22,5,1242,1,7,FORD FIESTA,2,E01005340,0,-1
2020010228918,2020,010228918,2,9,0,18,19,8,4,0,0,4,0,0,1,0,1,1,1,1,1,51,8,1242,1,8,FORD FIESTA,6,E01000778,0,-1
2020440306390,2020,440306390,1,9,0,3,3,2,5,0,0,1,0,0,0,0,2,1,6,6,2,21,5,1399,2,14,FORD FIESTA,3,E01017089,0,-1
2020440422622,2020,440422622,3,9,0,4,4,4,8,0,0,1,0,0,0,0,2,1,6,6,1,77,11,998,1,3,FORD FIESTA,2,E01033237,0,-1
2020161010339,2020,161010339,1,9,0,18,19,6,2,0,0,0,0,0,7,9,1,1,1,1,2,19,4,1242,1,10,FORD FIESTA,10,E01013293,0,-1
2020110939031,2020,110939031,1,9,0,18,19,5,1,0,0,0,1,10,2,11,1,1,6,6,1,20,4,1242,1,12,FORD FIESTA,9,E01012361,0,-1
2020470935168,2020,470935168,1,9,0,18,19,6,2,0,0,0,5,0,0,0,1,1,6,6,1,22,5,1242,1,13,FORD FIESTA,8,E01021180,0,-1
2020991000387,2020,991000387,1,9,0,6,6,1,1,8,6,6,0,0,0,0,3,1,5,6,1,18,4,998,1,5,FORD FIESTA,4,-1,0,-1
2020010285355,2020,010285355,2,9,0,18,19,5,1,0,0,1,0,0,0,0,1,1,6,6,2,-1,-1,1242,1,3,FORD FIESTA,1,E01004286,0,-1
2020210999218,2020,210999218,1,9,0,16,19,3,7,0,0,0,0,10,2,0,1,1,1,1,2,23,5,1399,2,15,FORD FIESTA,2,E01033216,0,-1
2020220996678,2020,220996678,1,9,0,4,4,6,1,0,0,2,0,0,0,0,2,1,5,6,1,56,9,1596,1,11,FORD FIESTA,8,E01014160,0,-1
2020052002213,2020,052002213,2,9,0,10,10,8,4,0,0,1,0,0,0,0,2,1,6,6,2,53,8,998,1,4,FORD FIESTA,9,E01007101,0,-1
2020302001687,2020,302001687,1,9,0,5,5,2,6,0,0,0,0,0,0,0,4,1,6,6,1,53,8,-1,-1,-1,FORD FIESTA,2,E01019471,0,-1
2020040954139,2020,040954139,1,9,0,18,19,7,3,0,0,1,0,0,0,0,3,1,6,6,3,-1,-1,1388,1,13,FORD FIESTA,-1,-1,0,-1
2020140933367,2020,140933367,1,9,0,18,19,5,1,0,0,0,0,0,0,0,3,1,5,6,1,19,4,1242,1,11,FORD FIESTA,2,E01008014,0,-1
2020010235799,2020,010235799,1,9,0,5,5,1,5,9,9,2,0,4,1,9,1,1,6,6,1,77,11,1388,1,11,FORD FIESTA,-1,-1,0,-1
2020140954920,2020,140954920,1,9,0,9,9,8,6,0,0,3,0,10,3,1,1,1,5,6,1,19,4,1399,2,13,FORD FIESTA,8,E01007756,0,-1
2020137CK1796,2020,137CK1796,1,9,0,18,19,2,6,0,0,8,0,0,0,1,1,1,6,6,1,20,4,998,1,6,FORD FIESTA,7,E01011650,0,-1
2020520100317,2020,520100317,1,9,0,18,19,7,3,0,0,0,0,0,0,4,1,1,6,6,2,62,9,998,1,7,FORD FIESTA,7,E01029270,0,-1
2020461003951,2020,461003951,1,9,0,18,19,1,1,0,0,0,0,0,0,0,1,1,1,1,2,19,4,998,1,5,FORD FIESTA,5,E01000664,0,-1
2020990963321,2020,990963321,1,9,0,18,19,5,1,0,0,0,0,0,8,11,1,1,5,6,1,18,4,1399,2,14,FORD FIESTA,4,-1,0,-1
2020010275116,2020,010275116,2,9,0,99,99,9,9,99,99,9,9,99,9,99,1,9,6,6,3,30,6,998,1,6,FORD FIESTA,3,E01001887,0,-1
2020990974806,2020,990974806,1,9,0,16,19,1,5,0,0,2,5,4,0,0,1,1,5,6,1,17,4,1242,1,8,FORD FIESTA,8,-1,0,-1
2020160958512,2020,160958512,1,9,0,18,19,3,7,0,0,1,0,0,0,0,4,1,5,6,2,25,5,1242,1,6,FORD FIESTA,1,E01007916,0,-1
202006M269422,2020,06M269422,1,9,0,18,19,6,2,0,0,1,0,0,0,0,0,1,6,6,1,38,7,998,1,4,FORD FIESTA,3,E01006126,0,-1
2020010272217,2020,010272217,2,9,0,9,9,4,2,0,0,8,0,0,0,0,3,1,6,6,2,21,5,1388,1,10,FORD FIESTA,3,E01002599,0,-1
2020220977296,2020,220977296,1,9,0,17,19,5,2,0,0,0,5,0,2,4,4,1,5,6,1,17,4,1596,1,8,FORD FIESTA,5,E01028996,0,-1
2020991004768,2020,991004768,1,9,0,18,19,6,2,0,0,1,0,0,0,0,0,1,5,6,1,24,5,1399,2,9,FORD FIESTA,6,-1,0,-1
2020430090858,2020,430090858,1,9,0,9,9,7,5,0,0,6,0,0,0,0,3,1,6,6,1,84,11,998,1,4,FORD FIESTA,9,E01017644,0,-1
2020340E02372,2020,340E02372,1,9,0,18,19,1,5,0,0,0,0,0,0,0,0,1,6,6,2,75,10,998,1,3,FORD FIESTA,7,E01027031,0,-1
20201374E0610,2020,1374E0610,1,9,0,18,19,5,1,0,0,0,5,0,0,0,1,1,6,6,1,18,4,1560,2,11,FORD FIESTA,5,E01010851,0,-1
2020470997902,2020,470997902,4,9,0,18,19,8,4,0,0,0,1,0,0,0,1,1,2,2,1,21,5,1596,1,6,FORD FIESTA,5,E01031526,0,-1
2020332000231,2020,332000231,1,9,0,18,19,1,5,0,0,6,0,0,0,0,1,1,6,6,1,74,10,1242,1,15,FORD FIESTA,10,E01025780,0,-1
2020990950768,2020,990950768,1,9,0,18,19,4,8,0,0,8,0,0,0,0,3,1,5,6,1,68,10,1388,1,9,FORD FIESTA,6,E01028109,0,-1
2020440409821,2020,440409821,3,9,0,7,7,3,7,0,0,8,0,0,0,0,0,1,6,6,2,51,8,998,1,4,FORD FIESTA,7,E01023177,0,-1
2020610050520,2020,610050520,1,9,0,18,19,5,1,0,0,1,0,0,0,0,1,1,6,6,2,25,5,1242,1,6,FORD FIESTA,1,W01001339,0,-1
2020211023099,2020,211023099,1,9,0,9,9,2,8,0,0,0,0,0,0,0,2,1,6,6,1,77,11,1242,1,7,FORD FIESTA,9,E01014318,0,-1
2020990921313,2020,990921313,2,9,0,9,9,7,5,0,0,3,0,0,0,0,1,1,5,6,2,36,7,1084,1,1,FORD FIESTA,2,-1,0,-1
2020070010144,2020,070010144,1,9,0,5,5,6,2,0,0,4,0,9,0,0,1,1,6,6,2,37,7,1242,1,12,FORD FIESTA,3,E01012522,0,-1
2020420937018,2020,420937018,2,9,0,17,19,7,4,0,0,0,1,0,0,0,1,1,5,6,2,26,6,1388,1,8,FORD FIESTA,2,E01021667,0,-1
2020160937709,2020,160937709,2,9,0,16,19,1,5,0,0,0,0,0,7,9,3,1,5,6,1,74,10,998,1,4,FORD FIESTA,6,E01013027,0,-1
2020010262727,2020,010262727,1,9,0,7,7,1,4,0,0,8,0,0,0,0,1,1,6,6,2,40,7,998,1,7,FORD FIESTA,6,E01002113,0,-1
2020400926757,2020,400926757,2,9,0,4,4,7,3,0,0,0,0,0,0,0,2,1,6,6,2,60,9,998,1,7,FORD FIESTA,9,E01033190,0,-1
2020010269015,2020,010269015,1,9,0,3,3,1,5,0,0,1,0,0,0,0,4,1,6,6,2,25,5,1242,1,6,FORD FIESTA,4,E01001009,0,-1
202006L268108,2020,06L268108,1,9,0,7,7,5,7,0,0,8,0,0,0,0,1,1,6,6,3,-1,-1,1388,1,17,FORD FIESTA,-1,-1,0,-1
2020520100667,2020,520100667,1,9,0,18,19,7,3,0,0,8,0,0,0,0,3,1,6,6,2,19,4,1299,1,18,FORD FIESTA,6,E01029227,0,-1
2020230985681,2020,230985681,1,9,0,9,9,7,4,0,0,6,1,0,0,0,1,1,5,6,1,53,8,998,1,2,FORD FIESTA,9,E01017744,0,-1
2020990996721,2020,990996721,1,9,0,9,9,4,2,0,0,8,0,0,0,0,3,1,3,7,2,33,6,1560,2,9,FORD FIESTA,3,-1,0,-1
2020460965779,2020,460965779,2,9,0,10,10,1,5,0,0,1,0,0,0,0,2,1,6,6,2,46,8,998,1,6,FORD FIESTA,4,E01024179,0,-1
2020010281839,2020,010281839,2,9,0,99,99,9,9,99,99,0,9,99,9,99,1,9,6,6,3,-1,-1,1388,1,11,FORD FIESTA,2,E01004384,0,-1
2020200943067,2020,200943067,1,9,0,9,9,7,5,0,0,8,0,0,0,0,1,1,6,6,1,-1,-1,998,1,7,FORD FIESTA,-1,-1,0,-1
2020420935139,2020,420935139,1,9,0,18,19,3,7,0,0,0,0,0,0,0,1,1,2,2,1,30,6,1242,1,11,FORD FIESTA,3,E01021423,0,-1
2020360946837,2020,360946837,1,9,0,18,19,3,5,0,0,2,0,0,0,0,1,1,1,1,1,21,5,1499,2,7,FORD FIESTA,6,E01026615,0,-1
2020410935789,2020,410935789,1,9,0,13,13,8,4,0,0,0,0,0,0,0,1,1,1,1,1,37,7,-1,-1,-1,FORD FIESTA,5,E01023904,0,-1
2020500990983,2020,500990983,1,9,0,7,7,3,5,0,0,0,0,0,0,0,3,1,5,6,2,18,4,1242,1,9,FORD FIESTA,8,E01015230,0,-1
202031A095420,2020,31A095420,1,9,0,18,19,5,1,0,0,0,1,4,0,0,1,1,6,6,1,19,4,1596,1,9,FORD FIESTA,6,E01028220,0,-1
2020450923865,2020,450923865,1,9,0,18,19,3,7,0,0,1,5,0,7,0,1,1,5,6,2,65,9,998,1,2,FORD FIESTA,9,E01030306,0,-1
2020302001510,2020,302001510,1,9,0,18,19,8,3,0,0,2,1,4,0,0,1,1,6,6,2,29,6,1242,1,17,FORD FIESTA,1,E01013591,0,-1
2020040932954,2020,040932954,1,9,0,-1,-1,-1,-1,-1,-1,0,-1,-1,-1,0,1,1,6,6,3,-1,-1,1499,2,4,FORD FIESTA,-1,-1,0,-1
2020420983472,2020,420983472,2,9,0,18,19,5,1,0,0,8,0,0,2,7,3,1,6,6,1,60,9,1388,1,17,FORD FIESTA,-1,-1,0,-1
2020370980663,2020,370980663,2,9,0,18,19,3,7,0,0,0,0,0,0,0,2,1,5,6,1,47,8,1388,1,9,FORD FIESTA,10,E01030181,0,-1
2020470981621,2020,470981621,1,9,0,18,19,4,2,0,0,0,0,0,0,0,1,1,6,6,1,23,5,1388,1,15,FORD FIESTA,3,E01016919,0,-1
2020041008482,2020,041008482,1,9,0,9,9,3,3,0,0,6,0,0,0,0,3,1,6,6,1,20,4,998,1,1,FORD FIESTA,8,E01024861,0,-1
2020520004765,2020,520004765,1,9,0,18,19,8,4,0,0,0,1,0,1,10,1,1,6,6,2,23,5,1242,1,14,FORD FIESTA,9,E01029258,0,-1
2020070096337,2020,070096337,2,9,0,18,19,8,4,0,0,1,0,0,0,0,1,1,6,6,2,57,9,1242,1,13,FORD FIESTA,10,W01000368,0,-1
2020430239712,2020,430239712,2,9,0,2,2,0,0,0,0,0,0,4,0,0,2,1,6,6,3,-1,-1,998,1,5,FORD FIESTA,-1,-1,0,-1
2020420940733,2020,420940733,2,9,0,18,19,1,5,0,0,1,0,0,0,0,3,1,6,6,2,49,8,1388,1,17,FORD FIESTA,6,E01021541,0,-1
2020622000108,2020,622000108,3,9,0,2,2,0,0,0,0,0,0,0,0,0,3,1,6,6,3,-1,-1,998,1,4,FORD FIESTA,-1,-1,0,-1
2020101006338,2020,101006338,2,9,0,11,11,7,3,0,0,0,0,0,0,0,2,1,6,6,1,23,5,1596,1,6,FORD FIESTA,3,E01008708,0,-1
2020302000791,2020,302000791,1,9,0,2,2,0,0,0,0,0,0,0,0,0,0,1,6,6,1,27,6,998,1,1,FORD FIESTA,2,E01013522,0,-1
2020340S09302,2020,340S09302,2,9,0,17,19,1,5,0,0,8,0,0,7,0,1,1,2,2,1,54,8,1499,2,5,FORD FIESTA,3,E01027319,0,-1
2020170S20400,2020,170S20400,1,9,0,18,19,2,6,0,0,0,0,7,0,0,1,1,6,6,1,33,6,1399,2,14,FORD FIESTA,8,E01012243,0,-1
2020430310782,2020,430310782,1,9,0,9,9,6,2,0,0,5,0,0,0,0,1,1,6,6,2,77,11,1242,1,8,FORD FIESTA,8,E01028510,0,-1
2020140935386,2020,140935386,1,9,0,9,9,4,8,0,0,6,0,0,0,0,1,1,5,6,1,19,4,998,1,4,FORD FIESTA,9,E01000410,0,-1
2020470920705,2020,470920705,1,9,0,18,19,1,5,0,0,8,0,0,0,0,1,1,6,6,3,20,4,998,1,6,FORD FIESTA,-1,-1,0,-1
2020010272664,2020,010272664,2,9,0,9,9,2,7,0,0,5,0,0,0,0,1,1,1,1,1,54,8,1499,2,4,FORD FIESTA,5,E01003414,0,-1
2020160917546,2020,160917546,1,9,0,9,9,8,6,0,0,6,0,0,0,0,1,1,5,6,1,18,4,1560,2,9,FORD FIESTA,5,E01013132,0,-1
2020100945165,2020,100945165,1,9,0,9,9,3,1,0,0,8,0,0,0,0,3,1,5,6,2,53,8,998,1,2,FORD FIESTA,6,E01008176,0,-1
2020040962007,2020,040962007,1,9,0,18,19,7,3,0,0,0,0,0,0,0,4,1,2,2,1,52,8,1399,2,9,FORD FIESTA,2,E01024886,0,-1
2020990953883,2020,990953883,2,9,0,4,4,1,5,0,0,0,0,0,0,0,2,1,5,6,1,20,4,998,1,5,FORD FIESTA,2,-1,0,-1
2020500984569,2020,500984569,2,9,0,18,19,6,2,0,0,8,0,0,0,0,1,1,5,6,2,42,7,998,1,2,FORD FIESTA,4,E01020032,0,-1
2020460952299,2020,460952299,1,9,0,12,12,5,1,0,0,0,1,0,0,0,1,1,6,6,1,86,11,1388,1,8,FORD FIESTA,2,E01001021,0,-1
2020501007784,2020,501007784,1,9,0,17,19,6,2,0,0,1,0,0,0,0,4,1,2,2,2,55,8,998,1,4,FORD FIESTA,7,E01020044,0,-1
2020520101070,2020,520101070,1,9,0,18,19,2,6,0,0,0,0,0,0,0,4,1,6,6,2,61,9,1596,1,18,FORD FIESTA,5,E01029283,0,-1
2020140944903,2020,140944903,2,9,0,4,4,1,5,0,0,0,0,0,0,0,3,1,2,2,2,49,8,1242,1,8,FORD FIESTA,3,E01007546,0,-1
2020500921766,2020,500921766,2,9,0,4,4,6,2,0,0,0,0,0,0,0,2,1,6,6,1,32,6,1596,1,9,FORD FIESTA,7,E01019899,0,-1
2020440416135,2020,440416135,1,9,0,18,19,8,6,0,0,1,0,0,0,0,1,1,2,2,2,19,4,1388,1,8,FORD FIESTA,9,E01022697,0,-1
2020140920840,2020,140920840,3,9,0,2,2,0,0,9,9,2,0,0,0,0,4,1,6,6,1,28,6,1242,1,7,FORD FIESTA,4,E01007879,0,-1
2020052001868,2020,052001868,1,9,0,18,19,3,7,0,0,0,0,0,0,0,1,1,6,6,2,52,8,1242,1,4,FORD FIESTA,2,E01006616,0,-1
2020010232761,2020,010232761,1,9,0,99,99,9,9,99,99,9,9,99,9,99,9,9,2,2,2,29,6,998,1,6,FORD FIESTA,3,E01000819,0,-1
2020010273397,2020,010273397,2,9,0,18,19,1,5,0,0,1,0,0,0,0,3,1,2,2,1,19,4,1084,1,2,FORD FIESTA,4,E01001684,0,-1
2020210982329,2020,210982329,1,9,0,18,19,1,5,0,0,0,0,0,0,0,4,1,6,6,2,50,8,998,1,5,FORD FIESTA,8,E01029577,0,-1
2020632000892,2020,632000892,2,9,0,9,9,2,8,0,0,1,0,0,0,0,0,1,6,6,1,35,6,1560,2,9,FORD FIESTA,4,W01000944,0,-1
2020622000741,2020,622000741,1,9,0,9,9,8,5,0,0,8,0,7,7,1,3,1,6,6,2,86,11,1242,1,10,FORD FIESTA,10,W01001854,0,-1
202031D105820,2020,31D105820,1,9,0,16,19,7,3,0,0,0,5,0,7,9,1,1,6,6,1,21,5,1999,1,13,FORD FIESTA,9,E01028196,0,-1
2020440075563,2020,440075563,1,9,0,9,9,3,1,0,0,8,0,0,0,0,3,1,6,6,1,61,9,998,1,2,FORD FIESTA,9,E01022796,0,-1
2020351016005,2020,351016005,1,9,0,9,9,7,5,0,0,8,0,0,0,0,4,1,6,6,1,33,6,998,1,7,FORD FIESTA,8,E01015685,0,-1
2020010260495,2020,010260495,1,9,0,18,19,1,5,0,0,1,0,0,0,0,1,1,2,2,1,48,8,1388,1,20,FORD FIESTA,7,E01002372,0,-1
2020500981768,2020,500981768,2,9,0,2,2,0,0,0,0,1,0,0,0,0,2,1,5,6,1,24,5,1399,2,12,FORD FIESTA,6,E01015184,0,-1
2020100919349,2020,100919349,1,9,0,5,5,7,1,0,0,1,0,0,0,0,3,1,2,2,1,38,7,998,1,3,FORD FIESTA,10,E01008271,0,-1
2020010273137,2020,010273137,3,9,9,99,99,9,9,99,99,1,9,99,9,99,9,1,6,6,3,-1,-1,1299,1,22,FORD FIESTA,-1,-1,0,-1
2020522000694,2020,522000694,1,9,0,9,9,7,5,0,0,5,0,0,0,0,1,1,6,6,1,18,4,1242,1,16,FORD FIESTA,8,E01015588,0,-1
2020010264604,2020,010264604,1,9,0,18,19,5,1,0,0,8,0,0,0,0,1,9,6,6,2,26,6,1242,1,14,FORD FIESTA,3,E01002279,0,-1
2020302001512,2020,302001512,2,9,0,4,4,2,6,0,0,0,0,0,0,0,4,1,6,6,1,19,4,1242,1,16,FORD FIESTA,2,E01013585,0,-1
2020450966960,2020,450966960,1,9,0,18,19,3,5,0,0,0,1,0,0,0,2,1,5,6,2,36,7,1242,1,12,FORD FIESTA,6,E01020471,0,-1
2020010277649,2020,010277649,1,9,0,18,19,2,6,0,0,0,0,0,0,0,1,1,6,6,2,22,5,1399,2,12,FORD FIESTA,5,E01002213,0,-1
2020201019468,2020,201019468,1,9,0,18,19,1,5,0,0,1,0,0,0,0,1,1,1,1,2,56,9,1399,2,8,FORD FIESTA,2,E01009163,0,-1
2020430101626,2020,430101626,1,9,0,3,3,8,4,0,0,1,0,0,0,0,2,1,2,2,1,31,6,998,1,4,FORD FIESTA,8,E01032725,0,-1
2020460973976,2020,460973976,1,9,0,9,9,3,1,0,0,8,0,0,0,0,4,1,5,6,1,-1,-1,1242,1,14,FORD FIESTA,5,E01016156,0,-1
2020170H10870,2020,170H10870,2,9,0,18,19,1,5,0,0,8,0,0,0,0,1,1,6,6,1,56,9,1388,1,14,FORD FIESTA,3,E01011964,0,-1
2020220918727,2020,220918727,1,9,0,9,9,6,3,0,0,8,0,0,0,0,4,1,2,2,2,33,6,998,1,6,FORD FIESTA,3,E01009838,0,-1
2020052000632,2020,052000632,2,9,0,18,19,7,3,0,0,6,0,0,0,0,1,1,2,2,2,35,6,1242,1,8,FORD FIESTA,1,E01006755,0,-1
2020010241757,2020,010241757,6,9,0,18,19,6,2,0,0,0,0,0,0,0,0,1,6,6,1,77,11,1388,1,12,FORD FIESTA,2,E01000992,0,-1
2020440055880,2020,440055880,3,9,0,2,2,0,0,0,0,0,0,0,0,0,1,1,6,6,3,-1,-1,1242,1,12,FORD FIESTA,-1,-1,0,-1
2020420917948,2020,420917948,1,9,0,7,7,3,1,0,0,5,0,0,0,0,3,1,5,6,1,48,8,1242,1,13,FORD FIESTA,7,E01021546,0,-1
2020320387633,2020,320387633,1,9,0,18,19,1,5,0,0,8,0,0,0,0,1,1,6,6,2,27,6,1399,2,13,FORD FIESTA,3,E01026353,0,-1
202031A079320,2020,31A079320,2,9,0,18,19,1,5,0,0,8,0,0,0,0,1,1,6,6,1,19,4,998,1,4,FORD FIESTA,7,E01027990,0,-1
2020460945041,2020,460945041,1,9,0,12,12,8,4,0,0,0,0,0,0,0,1,1,6,6,1,25,5,998,1,2,FORD FIESTA,4,E01016055,0,-1
2020622000836,2020,622000836,2,9,0,2,2,0,0,0,0,0,0,0,0,0,4,1,6,6,2,85,11,1242,1,12,FORD FIESTA,2,W01000752,0,-1
2020401010808,2020,401010808,3,9,0,18,19,4,8,0,0,0,0,0,0,0,1,1,5,6,2,55,8,1499,2,4,FORD FIESTA,6,E01015718,0,-1