collision_index,collision_year,collision_ref_no,vehicle_reference,vehicle_type,towing_and_articulation,vehicle_manoeuvre_historic,vehicle_manoeuvre,vehicle_direction_from,vehicle_direction_to,vehicle_location_restricted_lane_historic,vehicle_location_restricted_lane,junction_location,skidding_and_overturning,hit_object_in_carriageway,vehicle_leaving_carriageway,hit_object_off_carriageway,first_point_of_impact,vehicle_left_hand_drive,journey_purpose_of_driver_historic,journey_purpose_of_driver,sex_of_driver,age_of_driver,age_band_of_driver,engine_capacity_cc,propulsion_code,age_of_vehicle,generic_make_model,driver_imd_decile,lsoa_of_driver,escooter_flag,driver_distance_banding
2020401000171,2020,401000171,1,9,0,13,13,7,3,0,0,0,0,0,1,4,4,1,6,6,2,24,5,1388,1,11,FORD FIESTA,2,E01017474,0,-1
2020302001665,2020,302001665,1,9,0,18,19,6,2,0,0,0,0,0,0,0,1,1,6,6,2,-1,-1,1242,1,4,FORD FIESTA,-1,-1,0,-1
2020350955298,2020,350955298,1,9,0,5,5,8,4,0,0,4,0,0,0,0,1,1,2,2,1,36,7,1388,1,17,FORD FIESTA,1,E01027310,0,-1
2020010278364,2020,010278364,1,9,0,99,99,9,9,99,99,9,9,99,9,99,9,9,6,6,1,38,7,1388,1,9,FORD FIESTA,4,E01003541,0,-1
2020460993838,2020,460993838,2,9,0,9,9,7,5,0,0,5,0,0,0,0,2,1,6,6,2,57,9,998,1,4,FORD FIESTA,10,E01030873,0,-1
2020520003700,2020,520003700,2,9,0,18,19,4,8,0,0,0,0,0,0,0,1,1,6,6,1,20,4,1299,1,21,FORD FIESTA,3,E01032635,0,-1
2020470916594,2020,470916594,1,9,0,16,19,6,1,0,0,0,1,0,7,1,1,1,5,6,1,23,5,1999,1,14,FORD FIESTA,2,E01021014,0,-1
202063D033520,2020,63D033520,4,9,0,2,2,0,0,0,0,0,0,0,0,0,4,1,6,6,2,31,6,1388,1,13,FORD FIESTA,10,W01000432,0,-1
2020522002388,2020,522002388,2,9,0,17,19,6,5,0,0,1,0,0,0,0,1,1,6,6,1,-1,-1,1388,1,15,FORD FIESTA,-1,-1,0,-1
2020460981530,2020,460981530,2,9,0,9,9,7,3,0,0,2,0,0,7,0,2,1,5,6,2,28,6,1388,1,13,FORD FIESTA,1,E01024658,0,-1
2020990976573,2020,990976573,1,9,0,16,19,4,8,0,0,0,0,0,0,0,1,1,5,6,1,18,4,1560,2,10,FORD FIESTA,6,-1,0,-1
2020470952990,2020,470952990,1,9,0,6,6,5,5,0,0,0,0,0,0,0,4,1,2,2,1,26,6,998,1,1,FORD FIESTA,6,E01016970,0,-1
2020137171206,2020,137171206,1,9,0,9,9,4,1,0,0,8,0,0,0,0,1,1,6,6,1,29,6,1242,1,16,FORD FIESTA,4,E01010890,0,-1
2020470978339,2020,470978339,1,9,0,18,19,4,8,0,0,8,0,0,0,0,3,1,6,6,2,20,4,1299,1,17,FORD FIESTA,2,E01020929,0,-1
202031C090420,2020,31C090420,1,9,0,17,19,2,6,0,0,0,1,10,1,11,1,1,2,2,1,30,6,1242,1,12,FORD FIESTA,1,E01013960,0,-1
2020140929082,2020,140929082,2,9,0,18,19,6,2,0,0,0,0,0,0,0,1,1,6,6,1,-1,-1,1399,2,13,FORD FIESTA,-1,-1,0,-1
2020371002720,2020,371002720,1,9,0,9,9,4,2,0,0,2,0,0,0,0,1,1,2,2,1,58,9,-1,-1,-1,FORD FIESTA,3,E01029916,0,-1
2020101007674,2020,101007674,2,9,0,9,9,1,5,0,0,8,0,0,0,0,4,1,6,6,2,36,7,998,1,2,FORD FIESTA,1,E01033076,0,-1
2020500938368,2020,500938368,2,9,0,18,19,6,2,0,0,7,0,0,0,0,3,1,5,6,1,58,9,1242,1,5,FORD FIESTA,1,E01015048,0,-1
2020350919673,2020,350919673,1,9,0,7,7,3,5,0,0,8,0,0,0,0,1,1,6,6,2,-1,-1,998,1,5,FORD FIESTA,2,E01015680,0,-1
2020010267568,2020,010267568,1,9,0,18,19,1,5,0,0,2,0,0,0,0,1,1,6,6,2,30,6,1388,1,17,FORD FIESTA,2,E01000781,0,-1
2020030945316,2020,030945316,1,9,0,16,19,1,3,0,0,0,2,0,1,0,0,1,5,6,1,27,6,1242,1,14,FORD FIESTA,6,E01019336,0,-1
202063A001420,2020,63A001420,2,9,0,18,19,6,2,0,0,1,0,0,0,0,2,1,6,6,1,37,7,1399,2,12,FORD FIESTA,5,W01000662,0,-1
2020302001307,2020,302001307,2,9,0,9,9,5,3,0,0,0,0,0,0,0,3,1,6,6,1,-1,-1,998,1,6,FORD FIESTA,7,E01019418,0,-1
2020220991120,2020,220991120,1,9,0,1,1,4,8,0,0,6,1,10,7,10,1,1,2,2,2,58,9,998,1,4,FORD FIESTA,2,E01032470,0,-1
2020440333910,2020,440333910,2,9,0,18,19,3,7,0,0,0,0,0,0,0,3,1,6,6,2,72,10,1242,1,8,FORD FIESTA,8,E01017301,0,-1
2020520004741,2020,520004741,2,9,0,9,9,2,8,0,0,1,0,0,0,0,2,1,6,6,1,38,7,1399,2,10,FORD FIESTA,10,E01014424,0,-1
2020220927294,2020,220927294,1,9,0,16,19,8,3,0,0,0,0,0,0,0,3,1,5,6,2,80,11,1299,1,20,FORD FIESTA,7,E01032253,0,-1
2020350972556,2020,350972556,1,9,0,5,5,1,5,0,0,0,0,0,0,0,3,1,5,6,2,33,6,1388,1,15,FORD FIESTA,4,E01015638,0,-1
2020041019528,2020,041019528,1,9,0,18,19,1,5,0,0,1,1,10,1,11,1,1,6,6,1,20,4,998,1,2,FORD FIESTA,8,E01025513,0,-1
2020040925689,2020,040925689,1,9,0,5,5,7,3,0,0,8,0,0,0,0,3,1,2,2,1,20,4,1242,1,12,FORD FIESTA,6,E01025608,0,-1
202031C165020,2020,31C165020,1,9,0,18,19,5,1,0,0,0,5,0,0,0,1,1,1,1,1,20,4,1242,1,11,FORD FIESTA,5,E01013913,0,-1
2020470961005,2020,470961005,2,9,0,9,9,2,8,0,0,2,0,0,1,0,3,1,2,2,1,24,5,1242,1,12,FORD FIESTA,5,E01031526,0,-1
2020040976288,2020,040976288,1,9,0,9,9,7,5,0,0,6,0,0,0,0,3,1,6,6,2,21,5,1560,2,11,FORD FIESTA,8,E01025463,0,-1
2020990923161,2020,990923161,1,9,0,18,19,4,8,0,0,0,0,0,0,0,1,1,6,6,1,20,4,998,1,5,FORD FIESTA,5,-1,0,-1
2020010262255,2020,010262255,2,9,0,9,9,4,1,0,0,1,0,0,0,0,3,1,6,6,1,31,6,998,1,3,FORD FIESTA,6,E01004501,0,-1
2020451000075,2020,451000075,1,9,0,18,19,5,1,0,0,6,0,0,0,0,3,1,2,2,1,60,9,1242,1,12,FORD FIESTA,8,E01030479,0,-1
2020137851105,2020,137851105,1,9,0,18,19,7,3,0,0,0,0,0,0,0,1,1,6,6,2,27,6,1388,1,9,FORD FIESTA,1,E01011663,0,-1
2020420992740,2020,420992740,1,9,0,9,9,8,6,0,0,6,0,0,0,0,3,1,5,6,2,80,11,1596,1,7,FORD FIESTA,8,E01022058,0,-1
2020010230651,2020,010230651,1,9,0,9,9,1,6,0,0,7,0,0,1,0,1,1,2,2,2,46,8,998,1,3,FORD FIESTA,6,E01000585,0,-1
2020140933457,2020,140933457,1,9,0,18,19,4,8,0,0,6,0,0,0,0,1,1,5,6,2,30,6,1242,1,3,FORD FIESTA,9,E01019772,0,-1
2020450985331,2020,450985331,1,9,0,3,3,2,6,0,0,0,0,0,0,0,2,1,5,6,1,20,4,1242,1,5,FORD FIESTA,10,E01023133,0,-1
2020460947317,2020,460947317,1,9,0,4,4,5,1,0,0,3,0,0,0,0,1,1,2,2,2,23,5,1242,1,9,FORD FIESTA,9,E01024112,0,-1
2020052002639,2020,052002639,1,9,0,18,19,5,1,0,0,8,0,0,0,0,1,1,6,6,2,57,9,1388,1,15,FORD FIESTA,1,E01006965,0,-1
2020201001757,2020,201001757,1,9,0,8,8,7,1,0,0,8,0,0,0,0,2,1,6,6,2,39,7,1388,1,17,FORD FIESTA,6,E01009206,0,-1
2020137AM1819,2020,137AM1819,1,9,0,4,4,1,5,0,0,1,0,0,0,0,1,1,6,6,3,-1,-1,1242,1,9,FORD FIESTA,-1,-1,0,-1
2020471008523,2020,471008523,1,9,0,6,6,1,5,0,0,0,0,0,0,0,2,1,6,6,1,21,5,1399,2,11,FORD FIESTA,10,E01022138,0,-1
2020430075169,2020,430075169,1,9,0,8,8,5,7,0,0,1,0,0,0,0,2,1,6,6,1,43,7,998,1,4,FORD FIESTA,5,E01016437,0,-1
202006L276394,2020,06L276394,1,9,0,18,19,4,8,0,0,8,0,0,0,0,1,1,6,6,1,30,6,998,1,1,FORD FIESTA,-1,-1,0,-1
2020137881626,2020,137881626,1,19,0,18,19,1,5,0,0,1,1,0,0,0,1,1,6,6,1,49,8,1499,2,4,FORD FIESTA,7,E01011708,0,-1
2020220950648,2020,220950648,1,9,0,18,19,4,8,0,0,3,0,10,7,0,3,1,5,6,1,50,8,1299,1,23,FORD FIESTA,5,E01032156,0,-1
2020440251399,2020,440251399,2,9,0,4,4,6,2,0,0,1,0,0,0,0,2,1,6,6,1,17,4,1388,1,11,FORD FIESTA,4,E01023083,0,-1
2020160982223,2020,160982223,1,9,0,18,19,7,3,0,0,0,0,0,0,0,4,1,2,2,2,54,8,998,1,5,FORD FIESTA,1,E01012855,0,-1
2020210943039,2020,210943039,1,9,0,18,19,7,3,0,0,0,0,0,0,0,1,1,6,6,2,26,6,1242,1,11,FORD FIESTA,3,E01014322,0,-1
2020500934011,2020,500934011,1,9,0,9,9,3,1,0,0,8,0,0,0,0,4,1,5,6,1,18,4,1560,2,6,FORD FIESTA,3,E01018888,0,-1
2020040950114,2020,040950114,2,9,0,17,19,1,7,0,0,8,0,0,0,0,4,1,5,6,1,20,4,1242,1,9,FORD FIESTA,9,E01025074,0,-1
2020470967937,2020,470967937,2,9,0,10,10,8,6,0,0,8,0,0,0,0,2,1,5,6,2,21,5,1596,1,8,FORD FIESTA,9,E01031711,0,-1
2020360959339,2020,360959339,3,9,0,3,3,4,8,0,0,0,0,0,0,0,2,1,5,6,1,20,4,1596,1,6,FORD FIESTA,5,E01026428,0,-1
2020052002551,2020,052002551,1,9,0,18,19,8,4,0,0,0,5,4,0,0,4,1,2,2,1,25,5,998,1,0,FORD FIESTA,7,E01007198,0,-1
2020421003848,2020,421003848,1,9,0,9,9,3,8,0,0,8,0,0,0,0,1,1,6,6,2,46,8,998,1,3,FORD FIESTA,8,E01021717,0,-1
2020220975667,2020,220975667,1,9,0,18,19,8,4,0,0,0,0,0,0,0,1,1,5,6,1,26,6,998,1,1,FORD FIESTA,2,E01009512,0,-1
2020370937206,2020,370937206,1,9,0,9,9,1,7,0,0,8,0,0,0,0,1,1,1,1,2,19,4,1242,1,6,FORD FIESTA,5,E01029960,0,-1
2020200982788,2020,200982788,1,9,0,7,7,5,7,9,9,6,0,0,0,0,4,1,6,6,1,22,5,1242,1,20,FORD FIESTA,2,E01010284,0,-1
2020010254740,2020,010254740,1,9,0,99,99,9,9,99,99,9,9,99,9,99,2,9,6,6,1,35,6,1388,1,17,FORD FIESTA,5,E01002584,0,-1
2020070567917,2020,070567917,2,9,0,3,3,7,3,0,0,4,0,0,0,0,2,1,6,6,2,33,6,1388,1,11,FORD FIESTA,4,E01012521,0,-1
2020340E08222,2020,340E08222,1,9,0,7,7,3,6,0,0,8,0,0,0,0,1,1,6,6,2,56,9,998,1,6,FORD FIESTA,10,E01017890,0,-1
2020990928233,2020,990928233,1,9,0,18,19,2,7,0,0,1,0,0,0,0,1,1,6,6,2,41,7,1499,2,4,FORD FIESTA,2,-1,0,-1
2020360997360,2020,360997360,1,9,0,18,19,8,7,0,0,0,0,0,2,4,1,1,5,6,1,26,6,1399,2,16,FORD FIESTA,2,E01030246,0,-1
2020500929563,2020,500929563,1,9,0,18,19,3,7,0,0,0,1,7,8,7,1,1,6,6,1,19,4,1242,1,16,FORD FIESTA,4,E01020311,0,-1
2020420952212,2020,420952212,1,9,0,4,4,7,3,0,0,1,0,0,0,0,1,1,6,6,1,-1,-1,1999,1,15,FORD FIESTA,-1,-1,0,-1
2020010237465,2020,010237465,3,9,0,18,19,5,1,0,0,0,0,0,0,0,1,1,6,6,2,22,5,1596,1,12,FORD FIESTA,4,E01021777,0,-1
2020010255006,2020,010255006,2,9,9,99,99,9,9,99,99,0,9,99,9,99,9,9,6,6,3,-1,-1,1242,1,13,FORD FIESTA,-1,-1,0,-1
2020552000888,2020,552000888,1,9,0,18,19,4,8,0,0,0,1,0,7,9,1,1,3,7,2,23,5,1388,1,16,FORD FIESTA,7,E01020434,0,-1
2020010258147,2020,010258147,2,9,0,3,3,1,5,0,0,4,0,0,0,0,1,1,6,6,2,40,7,1596,1,4,FORD FIESTA,7,E01023863,0,-1
2020552000371,2020,552000371,2,9,0,2,2,0,0,0,0,0,0,0,0,0,3,1,6,6,3,-1,-1,1596,1,10,FORD FIESTA,-1,-1,0,-1
2020220980544,2020,220980544,2,9,0,10,10,4,2,0,0,8,0,0,7,0,2,1,5,6,1,66,10,1399,2,9,FORD FIESTA,4,E01014017,0,-1
2020552000979,2020,552000979,1,9,0,18,19,4,8,0,0,0,5,0,2,10,1,1,1,1,2,64,9,998,1,4,FORD FIESTA,7,E01015387,0,-1
2020052002158,2020,052002158,2,9,0,18,19,3,7,0,0,8,0,0,0,0,1,1,6,6,2,62,9,1242,1,13,FORD FIESTA,3,E01006831,0,-1
2020010263709,2020,010263709,2,9,0,99,99,9,9,0,0,8,0,0,0,0,3,9,6,6,3,83,11,1242,1,13,FORD FIESTA,9,E01003466,0,-1
2020360980001,2020,360980001,2,9,0,4,4,8,4,0,0,0,0,0,0,0,2,1,5,6,2,32,6,1399,2,12,FORD FIESTA,1,E01026868,0,-1
2020440286104,2020,440286104,2,9,0,18,19,8,4,0,0,0,0,0,0,0,1,1,6,6,2,29,6,1560,2,6,FORD FIESTA,1,E01017236,0,-1
2020110995645,2020,110995645,2,9,0,18,19,8,4,0,0,0,0,0,0,0,1,1,2,2,2,82,11,998,1,3,FORD FIESTA,7,E01020701,0,-1
2020010258248,2020,010258248,2,9,0,99,99,9,9,99,99,9,9,99,9,99,9,9,6,6,3,-1,-1,1242,1,5,FORD FIESTA,9,E01002935,0,-1
2020370963003,2020,370963003,2,9,0,2,2,0,0,0,0,0,0,0,0,0,1,1,5,6,1,33,6,1399,2,11,FORD FIESTA,2,E01030024,0,-1
2020010278806,2020,010278806,2,9,0,99,99,9,9,99,99,9,9,99,9,99,1,9,6,6,1,47,8,1388,1,10,FORD FIESTA,1,E01001517,0,-1
2020070096748,2020,070096748,2,9,0,18,19,8,4,0,0,8,0,0,0,0,1,1,6,6,1,30,6,1560,2,11,FORD FIESTA,10,W01000249,0,-1
2020991008422,2020,991008422,1,9,0,18,19,6,2,0,0,1,0,0,0,0,1,1,6,6,1,24,5,998,1,5,FORD FIESTA,1,-1,0,-1
2020460958126,2020,460958126,1,9,0,18,19,3,7,0,0,0,1,10,1,10,1,1,6,6,1,22,5,1242,1,15,FORD FIESTA,4,E01016097,0,-1
2020351008142,2020,351008142,2,9,0,4,4,4,8,0,0,0,0,0,0,0,2,1,2,2,1,36,7,1388,1,16,FORD FIESTA,5,E01015688,0,-1
2020440292512,2020,440292512,2,9,0,18,19,3,7,0,0,8,0,0,0,0,1,1,6,6,1,19,4,998,1,2,FORD FIESTA,5,E01017243,0,-1
2020460918601,2020,460918601,1,9,0,7,7,1,3,0,0,5,0,0,1,0,1,1,5,6,2,28,6,1242,1,11,FORD FIESTA,2,E01032562,0,-1
2020522100735,2020,522100735,1,9,0,9,9,5,3,0,0,1,0,0,0,0,1,1,6,6,1,28,6,998,1,6,FORD FIESTA,10,E01014887,0,-1
2020450962465,2020,450962465,1,9,0,18,19,3,7,0,0,0,1,7,0,0,2,1,5,6,1,18,4,1242,1,14,FORD FIESTA,8,E01004192,0,-1
2020430309145,2020,430309145,2,9,0,9,9,2,8,0,0,5,0,0,0,0,3,1,6,6,2,38,7,1242,1,6,FORD FIESTA,-1,-1,0,-1
2020010280828,2020,010280828,1,9,0,99,99,9,9,99,99,0,9,99,9,99,9,9,6,6,2,54,8,1242,1,8,FORD FIESTA,2,E01000018,0,-1
2020410955744,2020,410955744,2,9,0,18,19,7,3,0,0,1,0,0,0,0,3,1,5,6,1,21,5,1596,1,12,FORD FIESTA,7,E01023944,0,-1
202063D079220,2020,63D079220,1,9,0,18,19,6,2,0,0,0,2,0,8,10,3,1,2,2,1,17,4,1596,1,12,FORD FIESTA,5,E01033530,0,-1
2020530941306,2020,530941306,1,9,0,3,3,-1,-1,0,0,0,0,0,0,0,2,1,5,6,2,17,4,998,1,3,FORD FIESTA,10,E01022433,0,-1
2020470975792,2020,470975792,1,9,0,17,19,1,5,0,0,0,5,0,7,11,1,1,2,2,1,20,4,1242,1,16,FORD FIESTA,6,E01030586,0,-1
2020450977253,2020,450977253,2,9,0,1,1,3,7,0,0,0,0,0,0,0,2,1,6,6,2,45,7,1242,1,13,FORD FIESTA,10,E01030518,0,-1
2020461002046,2020,461002046,3,9,0,18,19,7,5,0,0,1,0,0,0,0,0,1,1,1,1,26,6,1499,2,6,FORD FIESTA,5,E01024281,0,-1
2020010230132,2020,010230132,2,9,0,99,99,9,9,99,99,9,9,99,9,99,0,9,6,6,3,39,7,1388,1,8,FORD FIESTA,7,E01000288,0,-1
2020010229395,2020,010229395,2,9,0,99,99,9,9,99,99,9,9,99,9,99,9,9,6,6,3,-1,-1,998,1,4,FORD FIESTA,-1,-1,0,-1
2020552001152,2020,552001152,2,9,0,13,13,4,8,0,0,0,0,0,0,0,0,1,2,2,1,60,9,1388,1,17,FORD FIESTA,9,E01015422,0,-1
2020010275836,2020,010275836,1,9,0,18,19,1,5,0,0,1,1,7,0,0,1,1,6,6,1,18,4,1388,1,8,FORD FIESTA,6,E01003693,0,-1
2020400946308,2020,400946308,1,9,0,18,19,4,4,0,0,1,0,0,0,0,4,1,6,6,1,32,6,1388,1,12,FORD FIESTA,3,-1,0,-1
2020137C61678,2020,137C61678,1,9,0,18,19,7,3,0,0,0,1,0,2,10,1,1,6,6,1,19,4,1560,2,9,FORD FIESTA,7,E01032496,0,-1
2020460956745,2020,460956745,1,9,0,3,3,5,7,0,0,1,0,0,0,0,1,1,5,6,1,35,6,1596,1,13,FORD FIESTA,4,E01033730,0,-1
2020040941902,2020,040941902,1,9,0,18,19,5,1,0,0,1,0,0,0,0,1,1,5,6,1,72,10,1399,2,15,FORD FIESTA,6,E01025338,0,-1
2020991010243,2020,991010243,1,9,0,7,7,2,6,0,0,3,0,0,0,0,4,1,6,6,1,66,10,1388,1,9,FORD FIESTA,-1,-1,0,-1
2020010273392,2020,010273392,1,9,0,18,19,7,3,0,0,1,0,0,0,0,1,1,2,2,1,32,6,1596,1,9,FORD FIESTA,4,E01030745,0,-1
202031B128520,2020,31B128520,2,9,0,18,19,5,1,0,0,0,0,0,1,4,3,1,6,6,2,60,9,998,1,4,FORD FIESTA,8,E01026930,0,-1
2020410932622,2020,410932622,1,9,0,18,19,6,2,0,0,1,0,0,0,0,1,1,5,6,1,21,5,998,1,3,FORD FIESTA,7,E01023506,0,-1
2020010250170,2020,010250170,1,9,0,2,2,0,0,0,0,0,0,0,0,0,2,1,6,6,3,-1,-1,998,1,3,FORD FIESTA,-1,-1,0,-1
2020470962017,2020,470962017,1,9,0,18,19,5,1,0,0,2,0,0,7,2,1,1,5,6,2,60,9,998,1,1,FORD FIESTA,5,E01031671,0,-1
2020460945429,2020,460945429,2,9,0,9,9,7,5,0,0,6,0,0,0,0,4,1,5,6,1,23,5,998,1,7,FORD FIESTA,5,E01016151,0,-1
2020010253163,2020,010253163,3,9,0,99,99,9,9,99,99,9,9,99,9,99,9,9,6,6,3,65,9,1242,1,8,FORD FIESTA,9,E01000991,0,-1
2020010269959,2020,010269959,2,9,0,18,19,1,5,0,0,8,0,0,0,0,2,1,6,6,2,29,6,1388,1,10,FORD FIESTA,6,E01001572,0,-1
2020991010637,2020,991010637,2,9,0,18,19,4,8,0,0,1,0,0,0,0,4,1,5,6,2,21,5,998,1,2,FORD FIESTA,8,-1,0,-1
2020450996365,2020,450996365,1,19,0,18,19,3,7,0,0,0,0,0,0,0,4,1,1,1,1,43,7,1560,2,5,FORD FIESTA,-1,-1,0,-1
2020070599411,2020,070599411,1,9,0,18,19,8,4,0,0,0,1,11,6,11,1,1,6,6,1,23,5,1242,1,15,FORD FIESTA,4,E01012428,0,-1
2020040939656,2020,040939656,2,9,0,2,2,0,0,0,0,1,0,0,0,0,1,1,5,6,2,22,5,1242,1,14,FORD FIESTA,1,E01012707,0,-1
2020461011106,2020,461011106,2,9,0,4,4,3,7,0,0,2,0,0,0,0,2,1,5,6,2,42,7,998,1,0,FORD FIESTA,3,E01024001,0,-1
2020430302620,2020,430302620,1,9,0,18,19,6,3,0,0,1,0,0,0,0,1,1,6,6,1,29,6,1388,1,11,FORD FIESTA,4,E01016727,0,-1
2020010285479,2020,010285479,1,9,0,18,19,5,1,0,0,8,0,0,0,0,4,1,2,2,1,21,5,1242,1,7,FORD FIESTA,7,E01021571,0,-1
20201373E0802,2020,1373E0802,1,9,0,18,19,1,5,0,0,0,0,0,0,0,1,1,6,6,1,30,6,1242,1,13,FORD FIESTA,8,E01011700,0,-1
202031D017820,2020,31D017820,1,9,0,18,19,1,5,0,0,0,0,0,0,0,1,1,6,6,2,49,8,1242,1,15,FORD FIESTA,8,E01028172,0,-1
2020220973669,2020,220973669,1,9,0,7,7,4,7,0,0,6,0,0,0,0,1,1,5,6,1,27,6,1399,2,18,FORD FIESTA,7,E01014150,0,-1
2020231000570,2020,231000570,1,9,0,9,9,6,4,0,0,6,0,0,0,0,3,1,5,6,1,80,11,999,1,0,FORD FIESTA,9,E01031315,0,-1
2020302000211,2020,302000211,1,9,0,18,19,5,1,0,0,0,0,0,0,0,4,1,6,6,2,39,7,1388,1,12,FORD FIESTA,3,E01019826,0,-1
2020010282987,2020,010282987,1,9,0,18,19,3,7,9,9,1,0,0,0,0,3,1,6,6,1,28,6,1242,1,8,FORD FIESTA,4,E01004339,0,-1
2020200933289,2020,200933289,1,9,0,18,19,4,8,0,0,0,0,0,0,0,1,1,6,6,1,-1,-1,998,1,6,FORD FIESTA,-1,-1,0,-1
2020522003666,2020,522003666,2,9,0,18,19,5,1,0,0,0,0,0,0,0,3,1,6,6,1,40,7,1084,1,2,FORD FIESTA,9,E01032674,0,-1
2020010230168,2020,010230168,1,9,0,99,99,9,9,99,99,9,9,99,9,99,4,9,2,2,2,21,5,1596,1,5,FORD FIESTA,6,E01001251,0,-1
2020420941871,2020,420941871,1,19,0,18,19,2,6,0,0,0,2,0,0,0,1,1,2,2,1,52,8,1499,2,7,FORD FIESTA,5,E01015985,0,-1
2020360969330,2020,360969330,2,9,0,18,19,3,8,0,0,0,0,0,0,0,3,1,1,1,2,26,6,1299,1,18,FORD FIESTA,7,E01026755,0,-1
2020200958476,2020,200958476,2,9,0,18,19,8,4,0,0,8,0,0,0,0,3,1,6,6,2,34,6,1596,1,18,FORD FIESTA,3,E01009448,0,-1
2020110966641,2020,110966641,2,9,0,7,7,5,6,0,0,4,0,0,0,0,0,1,6,6,1,40,7,1242,1,16,FORD FIESTA,3,E01020789,0,-1
2020440278806,2020,440278806,1,9,0,18,19,8,4,0,0,1,0,0,0,0,1,1,6,6,2,36,7,1242,1,15,FORD FIESTA,7,E01022938,0,-1
2020522004529,2020,522004529,1,9,0,7,7,1,3,0,0,8,0,0,0,0,3,1,6,6,1,30,6,998,1,6,FORD FIESTA,10,E01014966,0,-1
2020371012165,2020,371012165,2,9,0,18,19,8,4,0,0,1,1,0,0,0,1,1,5,6,1,43,7,1388,1,18,FORD FIESTA,3,E01021704,0,-1
2020070518060,2020,070518060,2,9,0,9,9,5,3,0,0,2,0,0,4,1,3,1,6,6,2,42,7,1242,1,8,FORD FIESTA,10,E01018350,0,-1
2020010246262,2020,010246262,2,9,0,99,99,9,9,99,99,1,9,99,9,99,9,9,6,6,3,-1,-1,1242,1,3,FORD FIESTA,-1,-1,0,-1
2020430431170,2020,430431170,4,9,0,18,19,4,8,0,0,0,0,0,0,0,3,1,2,2,1,44,7,1242,1,11,FORD FIESTA,9,E01017655,0,-1
2020200930959,2020,200930959,2,9,0,18,19,-1,-1,0,0,0,0,0,0,0,3,1,6,6,1,31,6,1399,2,13,FORD FIESTA,1,E01009564,0,-1
2020010250413,2020,010250413,3,9,0,2,2,0,0,9,9,2,0,0,0,0,1,1,6,6,3,-1,-1,998,1,2,FORD FIESTA,-1,-1,0,-1
2020400974974,2020,400974974,1,9,0,1,1,1,5,9,9,0,0,0,0,0,2,1,6,6,1,58,9,1242,1,22,FORD FIESTA,7,E01017524,0,-1
2020622000537,2020,622000537,1,9,0,18,19,4,8,0,0,0,0,0,0,0,1,1,6,6,1,19,4,998,1,2,FORD FIESTA,6,W01001226,0,-1
2020200998030,2020,200998030,2,9,0,18,19,3,7,0,0,0,0,0,0,0,1,1,6,6,2,-1,-1,1242,1,4,FORD FIESTA,4,E01009521,0,-1
2020351006191,2020,351006191,1,9,0,18,19,3,7,0,0,0,1,0,1,4,4,1,6,6,2,20,4,1242,1,8,FORD FIESTA,4,E01018096,0,-1
2020040996842,2020,040996842,1,9,0,18,19,3,7,0,0,0,1,0,1,11,1,1,2,2,2,37,7,1242,1,5,FORD FIESTA,10,E01025502,0,-1
2020460997897,2020,460997897,2,9,0,4,4,6,2,0,0,0,0,0,0,0,2,1,6,6,2,18,4,1242,1,5,FORD FIESTA,8,E01024271,0,-1
2020230955945,2020,230955945,1,9,0,4,4,5,1,0,0,1,0,0,0,0,1,1,2,2,1,25,5,1084,1,2,FORD FIESTA,10,E01031121,0,-1
2020340N04142,2020,340N04142,1,9,0,18,19,7,3,0,0,0,0,0,0,0,1,1,6,6,1,20,4,1560,2,9,FORD FIESTA,1,E01027153,0,-1
2020522101097,2020,522101097,1,9,0,18,19,7,3,0,0,0,0,10,1,9,4,1,6,6,1,21,5,998,1,0,FORD FIESTA,10,E01014881,0,-1
2020070561996,2020,070561996,1,9,0,5,5,5,7,0,0,8,2,0,0,0,3,1,2,2,1,20,4,1242,1,11,FORD FIESTA,1,E01012424,0,-1
2020370923686,2020,370923686,1,19,0,16,19,2,4,0,0,0,0,0,0,0,1,1,5,6,1,26,6,1399,2,15,FORD FIESTA,2,E01029886,0,-1
2020410981947,2020,410981947,1,9,0,9,9,7,3,0,0,8,0,0,0,0,1,1,6,6,1,26,6,998,1,7,FORD FIESTA,7,E01023344,0,-1
2020010262463,2020,010262463,2,9,0,18,19,4,8,0,0,2,0,0,0,0,2,1,6,6,2,17,4,1499,2,3,FORD FIESTA,6,E01003762,0,-1
2020552000083,2020,552000083,2,9,0,2,2,0,0,0,0,0,0,0,0,0,2,1,6,6,3,-1,-1,998,1,5,FORD FIESTA,-1,-1,0,-1
2020010237348,2020,010237348,2,9,0,5,5,3,7,0,0,1,0,0,0,0,1,1,6,6,1,23,5,1388,1,15,FORD FIESTA,3,E01003609,0,-1