collision_index,collision_year,collision_ref_no,vehicle_reference,vehicle_type,towing_and_articulation,vehicle_manoeuvre_historic,vehicle_manoeuvre,vehicle_direction_from,vehicle_direction_to,vehicle_location_restricted_lane_historic,vehicle_location_restricted_lane,junction_location,skidding_and_overturning,hit_object_in_carriageway,vehicle_leaving_carriageway,hit_object_off_carriageway,first_point_of_impact,vehicle_left_hand_drive,journey_purpose_of_driver_historic,journey_purpose_of_driver,sex_of_driver,age_of_driver,age_band_of_driver,engine_capacity_cc,propulsion_code,age_of_vehicle,generic_make_model,driver_imd_decile,lsoa_of_driver,escooter_flag,driver_distance_banding
2020451004261,2020,451004261,2,9,0,4,4,2,6,0,0,0,0,0,0,0,2,1,6,6,1,51,8,-1,-1,-1,FORD FIESTA,8,E01030666,0,-1
2020040970849,2020,040970849,1,9,0,9,9,1,5,0,0,1,0,0,0,0,3,1,5,6,1,20,4,998,1,4,FORD FIESTA,9,E01025430,0,-1
2020010269497,2020,010269497,2,9,0,3,3,1,5,0,0,1,0,0,0,0,2,1,2,2,2,49,8,1242,1,5,FORD FIESTA,7,E01023334,0,-1
2020500943769,2020,500943769,2,9,0,17,19,5,1,0,0,0,0,0,0,0,1,1,5,6,1,61,9,1388,1,18,FORD FIESTA,6,E01018852,0,-1
2020201023246,2020,201023246,2,9,0,18,19,6,2,0,0,1,0,0,0,0,1,1,2,2,2,55,8,998,1,6,FORD FIESTA,4,E01010015,0,-1
2020410978392,2020,410978392,2,9,0,-1,-1,2,6,0,0,1,0,0,0,0,2,1,6,6,2,23,5,1242,1,8,FORD FIESTA,9,E01023316,0,-1
2020201011756,2020,201011756,2,9,0,2,2,0,0,0,0,1,0,0,0,0,3,1,2,2,2,18,4,1242,1,11,FORD FIESTA,-1,-1,0,-1
2020370944927,2020,370944927,1,9,0,18,19,5,1,0,0,0,0,0,7,9,1,1,5,6,2,48,8,1388,1,15,FORD FIESTA,2,E01029886,0,-1
2020010253820,2020,010253820,2,9,0,99,99,9,9,99,99,9,9,99,9,99,1,9,6,6,1,-1,-1,998,1,2,FORD FIESTA,10,E01000345,0,-1
2020990980165,2020,990980165,1,9,0,16,19,4,8,0,0,0,5,0,1,4,1,1,5,6,1,22,5,1388,1,15,FORD FIESTA,10,-1,0,-1
2020210952579,2020,210952579,1,9,0,18,19,3,7,0,0,0,0,0,0,0,1,1,6,6,1,20,4,1242,1,9,FORD FIESTA,3,E01014296,0,-1
2020622000525,2020,622000525,2,9,0,4,4,2,6,0,0,0,0,0,0,0,2,1,2,2,2,19,4,1242,1,9,FORD FIESTA,2,W01001282,0,-1
202031B138720,2020,31B138720,1,9,0,18,19,3,7,0,0,2,0,0,0,0,1,1,6,6,2,70,10,1388,1,8,FORD FIESTA,6,E01028016,0,-1
2020420984782,2020,420984782,2,9,0,18,19,7,3,0,0,0,0,0,0,0,1,1,2,2,1,30,6,998,1,5,FORD FIESTA,1,E01003503,0,-1
2020010286786,2020,010286786,1,9,0,9,9,4,2,0,0,8,0,0,0,0,4,1,6,6,2,23,5,998,1,2,FORD FIESTA,4,E01004465,0,-1
2020230957965,2020,230957965,1,9,0,18,19,5,1,0,0,0,2,0,0,0,1,1,5,6,1,41,7,1560,2,10,FORD FIESTA,6,E01031234,0,-1
2020430242518,2020,430242518,2,9,0,18,19,7,3,0,0,8,0,0,0,0,3,1,6,6,2,88,11,1242,1,8,FORD FIESTA,8,E01028610,0,-1
2020140951367,2020,140951367,1,9,0,18,19,3,7,0,0,1,0,0,0,0,1,1,5,6,1,69,10,-1,-1,-1,FORD FIESTA,6,E01007526,0,-1
2020201006112,2020,201006112,1,9,0,9,9,6,4,0,0,5,0,0,0,0,1,1,6,6,1,22,5,1999,1,12,FORD FIESTA,9,E01009816,0,-1
2020622001008,2020,622001008,2,9,0,5,5,8,4,0,0,0,0,0,0,0,1,1,6,6,2,48,8,1242,1,12,FORD FIESTA,9,W01000778,0,-1
2020990993538,2020,990993538,1,9,0,9,9,3,2,0,0,6,0,0,0,0,3,1,6,6,2,44,7,1242,1,7,FORD FIESTA,1,-1,0,-1
2020610008620,2020,610008620,1,9,0,4,4,1,5,0,0,0,0,0,0,0,2,1,2,2,1,44,7,1242,1,11,FORD FIESTA,4,W01001384,0,-1
2020110961690,2020,110961690,1,9,0,18,19,1,5,0,0,0,1,0,7,4,4,1,6,6,1,18,4,1242,1,15,FORD FIESTA,7,E01020830,0,-1
2020470926126,2020,470926126,3,9,0,4,4,6,2,0,0,0,0,0,0,0,2,1,6,6,2,54,8,1242,1,13,FORD FIESTA,9,E01022654,0,-1
2020500976964,2020,500976964,1,9,0,17,19,7,3,0,0,0,1,0,0,0,4,1,6,6,1,23,5,1560,2,13,FORD FIESTA,3,E01015032,0,-1
2020360991946,2020,360991946,1,9,0,9,9,1,5,0,0,2,0,0,0,0,3,1,6,6,2,17,4,1596,1,10,FORD FIESTA,6,E01026505,0,-1
2020100967296,2020,100967296,2,9,0,5,5,1,3,0,0,1,0,0,0,0,3,1,5,6,1,18,4,998,1,4,FORD FIESTA,3,E01008595,0,-1
2020990932393,2020,990932393,1,9,0,18,19,2,6,0,0,0,0,0,0,0,1,1,5,6,2,56,9,1242,1,10,FORD FIESTA,7,-1,0,-1
2020501009235,2020,501009235,1,9,0,7,7,7,1,0,0,5,0,0,0,0,4,1,1,1,1,61,9,1242,1,11,FORD FIESTA,2,E01015053,0,-1
2020411013544,2020,411013544,1,9,0,18,19,4,8,0,0,4,0,0,0,0,1,1,6,6,1,29,6,998,1,2,FORD FIESTA,2,E01014664,0,-1
2020450935472,2020,450935472,2,9,0,5,5,3,7,0,0,1,0,0,0,0,1,1,2,2,1,52,8,998,1,6,FORD FIESTA,5,E01004178,0,-1
2020461012209,2020,461012209,1,9,0,5,5,2,6,0,0,0,0,0,0,0,3,1,6,6,1,27,6,1560,2,8,FORD FIESTA,2,E01024775,0,-1
2020200948486,2020,200948486,1,9,0,18,19,2,6,0,0,0,0,10,1,11,1,1,6,6,3,-1,-1,998,1,6,FORD FIESTA,-1,-1,0,-1
2020470944320,2020,470944320,2,9,0,9,9,6,5,0,0,1,0,0,0,0,2,1,5,6,2,18,4,1242,1,4,FORD FIESTA,5,E01021101,0,-1
2020170H10560,2020,170H10560,1,9,0,18,19,2,4,0,0,0,0,0,0,0,1,1,6,6,2,22,5,1388,1,9,FORD FIESTA,2,E01012276,0,-1
2020470928079,2020,470928079,1,9,0,17,19,8,4,0,0,0,1,0,1,4,1,1,5,6,2,22,5,1388,1,11,FORD FIESTA,9,E01031756,0,-1
2020070014944,2020,070014944,1,9,0,14,14,3,7,0,0,0,0,0,0,0,1,1,6,6,2,55,8,998,1,1,FORD FIESTA,6,E01012423,0,-1
2020340N01472,2020,340N01472,1,9,0,9,9,7,3,0,0,6,0,0,0,0,1,1,6,6,1,31,6,1299,1,17,FORD FIESTA,3,E01027154,0,-1
2020211025297,2020,211025297,1,9,0,18,19,2,6,0,0,0,5,0,7,0,3,1,5,6,1,18,4,1388,1,16,FORD FIESTA,5,E01010285,0,-1
2020320306018,2020,320306018,1,9,0,9,9,2,6,0,0,0,0,0,0,0,3,1,6,6,1,23,5,1242,1,17,FORD FIESTA,1,E01013136,0,-1
2020544671320,2020,544671320,1,9,0,18,19,6,2,0,0,0,0,0,0,0,1,1,6,6,1,24,5,1999,1,14,FORD FIESTA,9,E01031915,0,-1
2020137821804,2020,137821804,1,9,0,16,19,2,5,0,0,0,1,10,0,0,1,1,6,6,1,19,4,1596,1,5,FORD FIESTA,2,E01011262,0,-1
2020160972337,2020,160972337,1,9,0,9,9,3,5,0,0,2,0,0,0,0,1,1,6,6,1,19,4,1496,1,1,FORD FIESTA,5,E01012930,0,-1
2020052000419,2020,052000419,1,9,0,16,19,5,1,0,0,0,2,0,1,10,1,1,6,6,1,23,5,1596,1,4,FORD FIESTA,8,E01006263,0,-1
2020470955170,2020,470955170,1,9,0,9,9,2,1,0,0,8,0,0,0,0,3,1,2,2,1,21,5,1242,1,15,FORD FIESTA,6,E01031831,0,-1
202006K176988,2020,06K176988,1,9,0,5,5,6,2,0,0,2,0,0,0,0,3,1,6,6,2,29,6,1242,1,5,FORD FIESTA,2,E01004813,0,-1
2020010273269,2020,010273269,1,9,0,17,19,1,5,0,0,1,0,0,0,0,1,1,6,6,2,18,4,1242,1,14,FORD FIESTA,6,E01003836,0,-1
2020500943760,2020,500943760,1,9,0,18,19,6,2,0,0,0,2,0,1,1,1,1,6,6,2,35,6,1499,2,5,FORD FIESTA,4,E01020330,0,-1
2020351004547,2020,351004547,1,9,0,18,19,3,3,0,0,0,1,0,0,0,2,1,5,6,1,37,7,1388,1,17,FORD FIESTA,-1,-1,0,-1
2020420992005,2020,420992005,1,9,0,18,19,3,7,0,0,0,0,0,0,0,1,1,5,6,2,84,11,998,1,4,FORD FIESTA,9,E01015883,0,-1
2020031003089,2020,031003089,1,9,0,18,19,7,3,0,0,0,0,0,0,0,1,1,6,6,2,24,5,1242,1,9,FORD FIESTA,5,E01019286,0,-1
2020440031042,2020,440031042,2,9,0,9,9,4,2,0,0,8,0,0,0,0,1,1,6,6,2,36,7,1242,1,11,FORD FIESTA,9,E01023274,0,-1
2020622000319,2020,622000319,1,9,0,18,19,1,5,0,0,0,0,0,7,4,1,1,6,6,1,28,6,998,1,6,FORD FIESTA,6,W01000803,0,-1
2020470954918,2020,470954918,1,9,0,9,9,3,1,0,0,8,0,0,0,0,1,1,5,6,1,48,8,1242,1,9,FORD FIESTA,5,E01020932,0,-1
2020520004441,2020,520004441,1,9,0,5,5,8,4,0,0,0,0,0,0,0,1,1,6,6,2,26,6,998,1,6,FORD FIESTA,5,E01029134,0,-1
2020070562927,2020,070562927,2,9,0,18,19,7,3,0,0,8,0,0,0,0,1,1,6,6,1,72,10,1242,1,10,FORD FIESTA,5,E01012398,0,-1
2020990952458,2020,990952458,1,9,0,18,19,3,7,0,0,1,0,0,0,0,4,1,6,6,1,28,6,998,1,3,FORD FIESTA,2,-1,0,-1
2020430164252,2020,430164252,1,9,0,18,19,7,3,0,0,0,0,0,0,0,1,1,6,6,2,26,6,998,1,5,FORD FIESTA,10,E01017664,0,-1
2020430082889,2020,430082889,1,9,0,18,19,8,4,0,0,1,0,0,0,0,1,1,6,6,2,46,8,1560,2,9,FORD FIESTA,10,E01016618,0,-1
2020010233522,2020,010233522,2,9,0,18,19,7,3,0,0,1,0,0,1,0,1,1,6,6,2,60,9,1242,1,13,FORD FIESTA,3,E01001327,0,-1
2020040994653,2020,040994653,3,9,0,18,19,1,5,0,0,0,1,0,0,0,1,1,2,2,1,53,8,1560,2,10,FORD FIESTA,8,E01024922,0,-1
202031B008220,2020,31B008220,1,9,0,10,10,1,8,0,0,8,0,0,0,0,2,1,1,1,2,26,6,1388,1,10,FORD FIESTA,4,E01028335,0,-1
2020201006144,2020,201006144,1,9,0,18,19,6,2,0,0,1,0,0,0,0,1,1,6,6,2,22,5,1388,1,11,FORD FIESTA,1,E01009202,0,-1
2020220939982,2020,220939982,3,9,0,18,19,2,6,0,0,0,0,0,0,0,1,1,2,2,1,35,6,998,1,3,FORD FIESTA,4,E01032358,0,-1
202063D064020,2020,63D064020,1,9,0,9,9,8,7,0,0,6,0,0,3,10,3,1,6,6,1,20,4,998,1,6,FORD FIESTA,5,W01000461,0,-1
2020460932042,2020,460932042,2,9,0,5,5,4,6,0,0,0,0,0,0,0,2,1,2,2,2,24,5,1399,2,11,FORD FIESTA,3,E01024668,0,-1
2020522101073,2020,522101073,2,9,0,4,4,3,7,0,0,0,0,0,0,0,1,1,6,6,1,18,4,1388,1,11,FORD FIESTA,8,E01014383,0,-1
2020420989651,2020,420989651,2,9,0,2,2,0,0,0,0,0,0,4,1,0,4,2,6,6,3,-1,-1,1596,1,7,FORD FIESTA,-1,-1,0,-1
202031A062220,2020,31A062220,1,9,0,18,19,6,2,0,0,8,0,4,0,0,1,1,6,6,1,17,4,998,1,7,FORD FIESTA,4,E01028278,0,-1
2020110996060,2020,110996060,1,9,0,18,19,1,5,0,0,0,0,0,0,0,1,1,3,7,1,54,8,1388,1,17,FORD FIESTA,6,E01012317,0,-1
2020140987834,2020,140987834,1,9,0,13,13,1,5,0,0,0,0,10,0,0,1,1,6,6,1,34,6,1399,2,13,FORD FIESTA,4,E01007693,0,-1
2020522001864,2020,522001864,1,9,0,12,12,6,2,0,0,0,0,0,0,0,2,1,6,6,1,23,5,998,1,3,FORD FIESTA,10,E01032828,0,-1
2020622000104,2020,622000104,3,9,0,18,19,8,4,0,0,0,0,0,0,0,1,1,6,6,2,52,8,1242,1,11,FORD FIESTA,6,E01032519,0,-1
2020201008379,2020,201008379,2,9,0,9,9,5,1,0,0,8,0,0,0,0,4,1,6,6,1,21,5,1388,1,9,FORD FIESTA,9,E01008991,0,-1
2020470929824,2020,470929824,1,9,0,18,19,1,6,0,0,0,1,0,1,0,1,1,2,2,1,17,4,1388,1,9,FORD FIESTA,9,E01030822,0,-1
2020230951479,2020,230951479,1,9,0,18,19,6,3,0,0,0,0,0,0,0,3,1,5,6,2,26,6,1399,2,10,FORD FIESTA,3,E01031074,0,-1
2020200936330,2020,200936330,1,9,0,16,19,7,2,0,0,1,0,0,0,0,1,1,3,7,1,29,6,1242,1,4,FORD FIESTA,5,E01031037,0,-1
2020040998871,2020,040998871,1,9,0,18,19,5,1,0,0,8,0,0,0,0,4,1,5,6,2,57,9,998,1,4,FORD FIESTA,4,E01024933,0,-1
2020622000524,2020,622000524,2,9,0,4,4,4,8,0,0,1,0,0,0,0,2,1,6,6,1,46,8,1242,1,15,FORD FIESTA,4,W01001272,0,-1
2020100983380,2020,100983380,2,9,0,18,19,7,3,0,0,0,0,0,0,0,3,1,1,1,1,21,5,1242,1,10,FORD FIESTA,1,E01027533,0,-1
2020350953148,2020,350953148,1,9,0,18,19,6,2,0,0,0,0,0,0,0,4,1,5,6,2,58,9,1560,2,11,FORD FIESTA,10,E01018260,0,-1
2020460946271,2020,460946271,1,9,0,10,10,7,3,0,0,1,0,0,0,0,3,1,5,6,1,21,5,1242,1,11,FORD FIESTA,3,E01017906,0,-1
2020350949236,2020,350949236,1,9,0,7,7,5,8,0,0,0,2,0,7,0,1,1,5,6,1,19,4,1242,1,11,FORD FIESTA,5,E01018102,0,-1
2020990999184,2020,990999184,1,9,0,18,19,1,5,0,0,0,0,7,0,0,1,1,6,6,1,20,4,998,1,1,FORD FIESTA,9,-1,0,-1
2020440460551,2020,440460551,2,9,0,3,3,1,5,0,0,1,0,0,0,0,2,1,6,6,1,20,4,999,1,0,FORD FIESTA,4,E01017042,0,-1
2020460927073,2020,460927073,1,9,0,18,19,5,1,0,0,0,0,4,0,0,1,1,5,6,1,89,11,1388,1,14,FORD FIESTA,10,E01024139,0,-1
2020070576656,2020,070576656,2,9,0,4,4,4,8,0,0,1,0,0,0,0,2,1,6,6,1,23,5,1242,1,12,FORD FIESTA,2,E01006845,0,-1
2020010260921,2020,010260921,2,9,0,3,3,7,3,0,0,0,0,0,0,0,1,1,6,6,1,18,4,998,1,4,FORD FIESTA,3,E01004350,0,-1
2020470974764,2020,470974764,1,9,0,3,3,7,3,0,0,0,0,0,0,0,2,1,6,6,2,-1,-1,999,1,0,FORD FIESTA,4,E01020935,0,-1
202031D077820,2020,31D077820,1,9,0,9,9,6,4,0,0,6,0,0,0,0,3,1,6,6,2,29,6,998,1,6,FORD FIESTA,10,E01028390,0,-1
2020201020900,2020,201020900,2,9,0,18,19,2,6,0,0,8,0,0,0,0,4,1,6,6,2,21,5,1242,1,6,FORD FIESTA,8,E01009555,0,-1
2020170S10620,2020,170S10620,2,9,0,2,2,0,0,0,0,0,0,0,1,11,2,1,6,6,2,23,5,1242,1,8,FORD FIESTA,4,E01012264,0,-1
2020500930938,2020,500930938,1,9,0,18,19,2,6,0,0,1,0,0,0,0,1,1,5,6,1,21,5,1242,1,12,FORD FIESTA,3,E01020096,0,-1
2020432003714,2020,432003714,2,9,0,18,19,1,5,0,0,0,0,0,0,0,3,1,2,2,2,27,6,1499,2,5,FORD FIESTA,4,E01016716,0,-1
2020231007467,2020,231007467,1,9,0,18,19,4,8,0,0,0,0,0,0,0,4,1,5,6,2,57,9,999,1,0,FORD FIESTA,10,E01031122,0,-1
2020440077525,2020,440077525,2,9,0,18,19,5,2,0,0,8,0,0,0,0,4,1,6,6,1,22,5,998,1,3,FORD FIESTA,10,E01022531,0,-1
2020010272598,2020,010272598,2,9,0,7,7,7,1,0,0,5,0,99,0,0,4,9,6,6,2,50,8,998,1,1,FORD FIESTA,5,E01000321,0,-1
202063A027620,2020,63A027620,1,9,0,18,19,8,4,0,0,0,0,0,0,0,1,1,1,1,1,22,5,1242,1,13,FORD FIESTA,4,W01000718,0,-1
2020110940252,2020,110940252,2,9,0,18,19,1,5,0,0,8,0,0,0,0,4,1,6,6,2,71,10,1242,1,13,FORD FIESTA,9,E01020850,0,-1
2020200995934,2020,200995934,1,9,0,18,19,6,2,0,0,0,0,0,0,0,4,1,1,1,2,55,8,1388,1,11,FORD FIESTA,2,E01009935,0,-1
2020110919106,2020,110919106,2,9,0,3,3,8,6,0,0,0,0,0,0,0,2,1,5,6,2,31,6,998,1,7,FORD FIESTA,5,E01020629,0,-1
2020450952454,2020,450952454,1,9,0,5,5,3,7,0,0,6,0,0,0,0,1,1,5,6,2,26,6,1242,1,5,FORD FIESTA,4,E01030364,0,-1
202006K207521,2020,06K207521,1,9,0,10,10,6,4,0,0,1,0,0,0,0,2,1,6,6,1,51,8,1084,1,1,FORD FIESTA,9,E01033219,0,-1
2020030982743,2020,030982743,2,9,0,3,3,5,1,0,0,0,0,0,0,0,2,1,6,6,2,32,6,1242,1,12,FORD FIESTA,2,E01025101,0,-1
2020460947112,2020,460947112,1,9,0,18,19,1,5,0,0,0,0,0,7,0,1,1,6,6,1,35,6,1242,1,13,FORD FIESTA,2,E01024249,0,-1
2020410958014,2020,410958014,2,9,0,2,2,0,0,0,0,2,0,0,0,0,3,1,6,6,3,-1,-1,1388,1,14,FORD FIESTA,-1,-1,0,-1
2020990975819,2020,990975819,1,9,0,18,19,5,1,0,0,0,1,10,0,0,3,1,5,6,1,22,5,998,1,3,FORD FIESTA,-1,-1,0,-1
2020200953548,2020,200953548,1,9,0,18,19,2,6,0,0,4,0,0,0,0,4,1,1,1,2,49,8,1999,1,14,FORD FIESTA,10,E01031034,0,-1
2020010237681,2020,010237681,1,9,0,18,19,3,7,0,0,1,1,0,0,0,1,1,6,6,1,19,4,998,1,4,FORD FIESTA,7,E01000298,0,-1
2020230919900,2020,230919900,2,9,0,18,19,6,2,0,0,0,0,0,0,0,1,1,5,6,2,75,10,1596,1,5,FORD FIESTA,7,E01031166,0,-1
2020450971638,2020,450971638,1,9,0,18,19,5,1,0,0,0,2,0,1,4,1,1,5,6,2,64,9,1560,2,6,FORD FIESTA,5,E01016754,0,-1
2020420991500,2020,420991500,2,9,0,18,19,3,7,0,0,8,0,0,0,0,4,1,6,6,2,41,7,1242,1,5,FORD FIESTA,6,E01021668,0,-1
2020411003562,2020,411003562,2,9,0,2,2,0,0,0,0,0,0,0,0,0,0,1,5,6,1,31,6,1242,1,8,FORD FIESTA,9,E01023917,0,-1
2020991010538,2020,991010538,1,9,0,18,19,8,5,0,0,2,1,0,1,7,1,1,5,6,2,42,7,998,1,2,FORD FIESTA,1,-1,0,-1
2020201018702,2020,201018702,1,9,0,16,19,8,2,0,0,0,0,10,1,4,1,1,6,6,2,25,5,998,1,2,FORD FIESTA,1,E01009021,0,-1
2020500979057,2020,500979057,2,9,0,4,4,6,2,0,0,0,0,0,4,0,2,1,5,6,2,39,7,998,1,1,FORD FIESTA,6,E01010035,0,-1
202006K267448,2020,06K267448,1,9,0,18,19,4,8,0,0,1,0,0,0,0,1,1,6,6,2,44,7,1242,1,14,FORD FIESTA,4,E01004782,0,-1
202006A367986,2020,06A367986,2,9,0,18,19,4,8,0,0,1,0,0,0,0,1,1,6,6,3,-1,-1,1999,1,14,FORD FIESTA,-1,-1,0,-1
2020010237525,2020,010237525,2,9,0,16,19,5,1,0,0,3,0,0,0,0,1,1,6,6,1,20,4,1560,2,7,FORD FIESTA,2,E01001515,0,-1
2020040925871,2020,040925871,1,9,0,18,19,7,3,0,0,8,0,0,0,0,1,1,5,6,1,18,4,1242,1,9,FORD FIESTA,6,E01025421,0,-1
2020140945526,2020,140945526,1,9,0,3,3,4,8,0,0,1,0,0,0,0,2,1,6,6,1,67,10,1242,1,6,FORD FIESTA,3,E01007458,0,-1
2020990939953,2020,990939953,1,9,0,17,19,5,1,0,0,0,2,0,7,0,3,1,1,1,1,28,6,1242,1,15,FORD FIESTA,1,-1,0,-1
2020200947245,2020,200947245,2,9,0,1,1,4,8,0,0,0,0,0,0,0,3,1,3,7,2,36,7,1242,1,5,FORD FIESTA,1,E01009335,0,-1
2020411014517,2020,411014517,2,9,0,18,19,7,3,0,0,1,0,0,0,0,1,1,6,6,2,43,7,1388,1,11,FORD FIESTA,2,E01023339,0,-1
2020122000184,2020,122000184,2,9,0,4,4,5,1,0,0,0,0,0,0,0,2,1,6,6,3,-1,-1,1560,2,15,FORD FIESTA,-1,-1,0,-1
2020161000866,2020,161000866,2,9,0,18,19,3,7,0,0,0,0,0,2,0,1,1,2,2,1,45,7,1299,1,19,FORD FIESTA,-1,-1,0,-1
2020421015666,2020,421015666,2,9,0,18,19,2,6,0,0,2,0,0,0,0,3,1,5,6,2,19,4,1388,1,16,FORD FIESTA,5,E01030215,0,-1
2020420970188,2020,420970188,3,9,0,10,10,7,8,0,0,0,0,0,0,0,2,1,5,6,1,35,6,1242,1,15,FORD FIESTA,9,E01022099,0,-1
2020430425965,2020,430425965,1,9,0,18,19,6,2,0,0,0,0,0,0,0,1,1,1,1,1,19,4,1596,1,14,FORD FIESTA,6,E01028677,0,-1
202031C084220,2020,31C084220,2,9,0,3,3,6,2,0,0,1,0,0,0,0,2,1,2,2,1,32,6,1242,1,12,FORD FIESTA,1,E01013959,0,-1
202031B084120,2020,31B084120,1,9,0,18,19,1,5,0,0,0,0,0,0,0,1,1,1,1,2,23,5,1399,2,11,FORD FIESTA,8,E01028337,0,-1
2020040923792,2020,040923792,2,9,0,18,19,1,5,0,0,8,0,0,0,0,3,1,2,2,1,38,7,998,1,4,FORD FIESTA,3,E01012658,0,-1
2020100950948,2020,100950948,1,9,0,5,5,1,1,0,0,1,1,7,0,0,1,1,6,6,1,22,5,1242,1,3,FORD FIESTA,2,E01027422,0,-1
20201378D1421,2020,1378D1421,1,9,0,18,19,7,3,0,0,1,0,0,0,0,4,1,6,6,1,60,9,1242,1,9,FORD FIESTA,7,E01010999,0,-1
2020200952301,2020,200952301,1,9,0,9,9,1,7,0,0,6,0,0,0,0,1,1,6,6,1,-1,-1,1242,1,12,FORD FIESTA,-1,-1,0,-1
2020320508175,2020,320508175,2,9,0,18,19,1,5,0,0,8,0,0,0,0,3,1,6,6,2,50,8,1399,2,9,FORD FIESTA,9,E01033393,0,-1
2020200944009,2020,200944009,1,9,0,18,19,1,5,0,0,1,0,0,0,0,1,1,6,6,1,-1,-1,998,1,4,FORD FIESTA,-1,-1,0,-1
2020420950538,2020,420950538,2,9,0,18,19,7,3,0,0,0,1,0,0,0,1,1,5,6,2,46,8,1388,1,17,FORD FIESTA,-1,-1,0,-1
2020350924597,2020,350924597,2,9,0,18,19,6,2,0,0,0,0,0,0,0,1,1,2,2,2,73,10,1242,1,17,FORD FIESTA,6,E01017999,0,-1
2020470928071,2020,470928071,2,9,0,18,19,2,6,0,0,1,0,0,0,0,1,1,2,2,1,23,5,1596,1,6,FORD FIESTA,10,E01031754,0,-1
2020500981696,2020,500981696,2,9,0,18,19,3,1,0,0,0,0,0,0,0,1,1,2,2,2,24,5,1388,1,10,FORD FIESTA,6,E01015076,0,-1
2020420968300,2020,420968300,2,9,0,9,9,3,5,0,0,8,0,0,0,0,3,1,5,6,1,18,4,1388,1,11,FORD FIESTA,10,E01021918,0,-1
2020610024520,2020,610024520,1,9,0,18,19,1,5,0,0,0,1,0,1,9,1,1,6,6,1,69,10,998,1,5,FORD FIESTA,10,W01001779,0,-1
2020545367420,2020,545367420,1,9,0,18,19,4,8,0,0,4,0,0,0,0,3,1,6,6,1,56,9,998,1,7,FORD FIESTA,4,E01015580,0,-1
2020201020182,2020,201020182,2,9,0,18,19,2,6,0,0,1,0,0,0,0,4,1,6,6,1,24,5,1242,1,8,FORD FIESTA,1,E01013867,0,-1
2020370945493,2020,370945493,1,9,0,17,19,5,1,0,0,0,2,0,7,10,1,1,5,6,1,23,5,1388,1,10,FORD FIESTA,10,E01029895,0,-1
2020140954070,2020,140954070,1,9,0,8,8,6,8,0,0,1,0,0,0,0,2,1,5,6,1,28,6,1596,1,7,FORD FIESTA,4,E01019555,0,-1
2020340C08102,2020,340C08102,1,9,0,18,19,7,2,0,0,1,0,0,0,0,1,1,6,6,1,18,4,1399,2,14,FORD FIESTA,-1,-1,0,-1
2020137190254,2020,137190254,2,19,0,4,4,6,2,0,0,8,0,0,0,0,2,1,1,1,1,30,6,1499,2,3,FORD FIESTA,8,E01007362,0,-1
2020010279420,2020,010279420,2,9,0,3,3,1,5,0,0,2,0,0,0,0,1,1,6,6,2,55,8,1242,1,16,FORD FIESTA,2,E01002054,0,-1
202006L272529,2020,06L272529,2,9,0,5,5,7,3,0,0,1,0,0,0,0,3,1,6,6,1,23,5,1388,1,15,FORD FIESTA,1,E01006248,0,-1
2020430313300,2020,430313300,1,9,0,12,12,3,7,0,0,0,0,0,0,0,3,1,6,6,1,26,6,1388,1,17,FORD FIESTA,9,E01016324,0,-1
2020461036807,2020,461036807,1,9,0,18,19,5,1,0,0,0,0,0,0,0,1,1,6,6,1,59,9,1242,1,21,FORD FIESTA,1,E01024667,0,-1
2020522101115,2020,522101115,1,9,0,9,9,5,3,0,0,8,0,0,0,0,1,1,6,6,1,27,6,1596,1,6,FORD FIESTA,8,E01014425,0,-1
2020610009220,2020,610009220,1,9,0,18,19,3,7,0,0,0,1,10,1,11,1,1,6,6,2,21,5,1242,1,5,FORD FIESTA,2,W01001466,0,-1
2020100998729,2020,100998729,1,9,0,4,4,6,2,0,0,1,0,0,0,0,1,1,6,6,1,47,8,1242,1,15,FORD FIESTA,7,E01008650,0,-1
2020122000840,2020,122000840,2,9,0,18,19,3,7,0,0,0,0,0,0,0,2,1,6,6,1,47,8,1242,1,5,FORD FIESTA,2,E01011962,0,-1
2020340E01052,2020,340E01052,2,9,0,18,19,5,1,0,0,1,0,0,0,0,1,1,1,1,2,65,9,1242,1,6,FORD FIESTA,9,E01027048,0,-1
2020990963856,2020,990963856,1,9,0,18,19,5,1,0,0,8,0,0,0,0,1,1,5,6,1,23,5,998,1,4,FORD FIESTA,7,-1,0,-1
2020302000620,2020,302000620,1,9,0,5,5,4,8,0,0,2,0,0,0,0,1,1,6,6,1,38,7,1399,2,14,FORD FIESTA,4,E01013555,0,-1
2020100953225,2020,100953225,1,9,0,13,13,5,1,0,0,0,0,0,2,7,1,1,5,6,1,29,6,1399,2,8,FORD FIESTA,1,E01008332,0,-1
2020100980243,2020,100980243,2,9,0,8,8,1,3,0,0,1,0,0,0,0,2,1,5,6,1,27,6,998,1,5,FORD FIESTA,-1,-1,0,-1