collision_index,collision_year,collision_ref_no,vehicle_reference,vehicle_type,towing_and_articulation,vehicle_manoeuvre_historic,vehicle_manoeuvre,vehicle_direction_from,vehicle_direction_to,vehicle_location_restricted_lane_historic,vehicle_location_restricted_lane,junction_location,skidding_and_overturning,hit_object_in_carriageway,vehicle_leaving_carriageway,hit_object_off_carriageway,first_point_of_impact,vehicle_left_hand_drive,journey_purpose_of_driver_historic,journey_purpose_of_driver,sex_of_driver,age_of_driver,age_band_of_driver,engine_capacity_cc,propulsion_code,age_of_vehicle,generic_make_model,driver_imd_decile,lsoa_of_driver,escooter_flag,driver_distance_banding
2020460998152,2020,460998152,2,9,0,3,3,5,1,0,0,0,0,0,0,0,2,1,5,6,2,32,6,1242,1,5,FORD FIESTA,5,E01024181,0,-1
2020010272292,2020,010272292,2,9,0,18,19,3,7,0,0,8,0,0,0,0,1,1,6,6,1,33,6,1242,1,11,FORD FIESTA,6,E01000219,0,-1
2020460990106,2020,460990106,1,9,0,13,13,5,8,0,0,0,1,7,1,0,4,1,5,6,2,22,5,1388,1,11,FORD FIESTA,6,E01024094,0,-1
2020420968604,2020,420968604,1,9,0,18,19,8,4,0,0,0,0,0,0,0,3,1,6,6,1,24,5,1242,1,12,FORD FIESTA,7,E01021902,0,-1
2020010243007,2020,010243007,1,9,0,18,19,1,5,0,0,8,0,0,0,0,1,1,2,2,1,20,4,1596,1,12,FORD FIESTA,5,E01003663,0,-1
2020450982854,2020,450982854,1,9,0,4,4,5,1,0,0,1,0,0,0,0,2,1,5,6,1,50,8,998,1,1,FORD FIESTA,9,E01030510,0,-1
202031D139820,2020,31D139820,1,9,0,9,9,8,6,0,0,5,0,0,0,0,3,1,2,2,2,45,7,1560,2,11,FORD FIESTA,7,E01028175,0,-1
2020990954293,2020,990954293,2,9,0,10,10,0,0,0,0,1,0,0,0,0,2,1,5,6,2,34,6,1560,2,11,FORD FIESTA,5,-1,0,-1
2020170S10230,2020,170S10230,1,9,0,18,19,4,8,0,0,0,0,0,0,0,1,1,6,6,1,26,6,998,1,3,FORD FIESTA,3,E01001154,0,-1
2020432003225,2020,432003225,2,9,0,3,3,2,6,0,0,2,0,0,0,0,2,1,6,6,2,46,8,1242,1,8,FORD FIESTA,7,E01033509,0,-1
2020100975607,2020,100975607,1,9,0,5,5,7,3,0,0,1,1,4,0,0,2,1,5,6,1,19,4,1242,1,7,FORD FIESTA,5,E01008554,0,-1
202006A378044,2020,06A378044,1,9,0,3,3,7,3,0,0,5,0,0,0,0,0,1,2,2,1,28,6,1242,1,12,FORD FIESTA,1,E01005198,0,-1
2020440354457,2020,440354457,1,9,0,9,9,1,7,0,0,5,0,0,0,0,4,1,6,6,1,-1,-1,1299,1,22,FORD FIESTA,-1,-1,0,-1
2020500947351,2020,500947351,1,9,0,18,19,1,5,0,0,8,0,0,0,0,1,1,5,6,1,27,6,1242,1,16,FORD FIESTA,1,E01018997,0,-1
2020302000202,2020,302000202,2,9,0,18,19,8,4,0,0,0,0,0,7,9,4,1,6,6,1,59,9,1399,2,16,FORD FIESTA,6,E01019445,0,-1
202031C146520,2020,31C146520,1,9,0,18,19,6,2,0,0,8,0,0,0,0,1,1,6,6,1,24,5,998,1,4,FORD FIESTA,4,E01019516,0,-1
2020010253424,2020,010253424,3,9,0,18,19,1,5,0,0,8,0,0,0,0,3,1,6,6,1,23,5,1242,1,11,FORD FIESTA,6,E01003378,0,-1
2020221014509,2020,221014509,1,9,0,16,19,8,3,0,0,1,1,10,1,3,1,1,2,2,1,19,4,1596,1,11,FORD FIESTA,5,E01032295,0,-1
2020350938711,2020,350938711,2,9,0,7,7,3,5,0,0,1,1,0,1,0,1,1,3,7,2,37,7,1596,1,3,FORD FIESTA,8,E01018099,0,-1
2020360943566,2020,360943566,1,9,0,5,5,1,3,0,0,0,0,0,0,0,1,1,5,6,2,75,10,998,1,3,FORD FIESTA,4,E01026606,0,-1
2020990973228,2020,990973228,1,9,0,17,19,8,4,0,0,0,1,0,1,11,4,1,5,6,2,19,4,1242,1,14,FORD FIESTA,7,-1,0,-1
20201376S0311,2020,1376S0311,2,9,0,18,19,5,1,0,0,0,0,0,0,0,2,1,6,6,2,25,5,1242,1,9,FORD FIESTA,2,E01011540,0,-1
2020411014462,2020,411014462,1,9,0,16,19,5,1,0,0,4,0,0,0,0,1,1,5,6,2,48,8,1242,1,9,FORD FIESTA,7,E01022087,0,-1
2020010250893,2020,010250893,1,9,0,9,9,6,4,0,0,1,0,0,0,0,1,1,2,2,2,56,9,1084,1,2,FORD FIESTA,3,E01003583,0,-1
2020200929058,2020,200929058,2,9,0,3,3,8,4,0,0,1,0,0,0,0,2,1,6,6,2,47,8,1242,1,11,FORD FIESTA,2,E01010564,0,-1
2020211001100,2020,211001100,1,9,0,9,9,4,2,0,0,8,0,0,0,0,1,1,6,6,2,47,8,998,1,4,FORD FIESTA,1,E01014287,0,-1
2020302000350,2020,302000350,1,9,0,18,19,6,2,0,0,8,0,4,0,0,1,1,6,6,2,25,5,1242,1,16,FORD FIESTA,7,E01019548,0,-1
2020420918561,2020,420918561,1,9,0,18,19,2,6,0,0,1,0,0,0,0,1,1,6,6,1,33,6,1388,1,17,FORD FIESTA,4,E01021802,0,-1
2020440472608,2020,440472608,1,9,0,16,19,4,8,0,0,0,1,0,1,4,3,1,2,2,1,32,6,1999,1,12,FORD FIESTA,3,E01017343,0,-1
2020070267887,2020,070267887,1,9,0,10,10,7,3,0,0,0,0,0,1,0,1,1,6,6,2,59,9,1596,1,7,FORD FIESTA,-1,-1,0,-1
2020500945933,2020,500945933,1,9,0,17,19,7,3,0,0,0,0,2,1,4,1,1,5,6,1,56,9,1399,2,11,FORD FIESTA,4,E01020328,0,-1
2020500975847,2020,500975847,2,9,0,3,3,1,5,0,0,0,0,0,0,0,1,1,5,6,1,24,5,1499,2,7,FORD FIESTA,3,E01015204,0,-1
2020320496791,2020,320496791,1,9,0,18,19,1,5,0,0,1,0,0,0,0,1,1,6,6,1,77,11,998,1,6,FORD FIESTA,5,E01026221,0,-1
2020440197446,2020,440197446,1,9,0,7,7,5,7,0,0,8,0,0,0,0,4,1,6,6,2,42,7,1242,1,8,FORD FIESTA,7,E01022946,0,-1
2020160976157,2020,160976157,1,9,0,18,19,5,1,0,0,4,0,0,0,0,1,1,5,6,1,26,6,1242,1,8,FORD FIESTA,8,E01013098,0,-1
2020410932559,2020,410932559,2,9,0,2,2,0,0,9,9,0,0,0,1,0,1,1,5,6,3,-1,-1,1242,1,7,FORD FIESTA,-1,-1,0,-1
2020010240917,2020,010240917,2,9,0,4,4,1,5,0,0,3,0,0,0,0,1,1,2,2,2,45,7,1560,2,9,FORD FIESTA,-1,-1,0,-1
2020201004072,2020,201004072,1,9,0,10,10,8,3,0,0,5,0,10,7,5,3,1,6,6,1,49,8,1242,1,15,FORD FIESTA,1,E01009952,0,-1
202006P370963,2020,06P370963,1,9,0,18,19,6,2,0,0,0,0,0,7,10,1,1,6,6,1,19,4,1242,1,8,FORD FIESTA,1,E01005527,0,-1
2020470963819,2020,470963819,1,9,0,9,9,7,5,0,0,0,0,0,0,0,2,1,5,6,1,80,11,1242,1,7,FORD FIESTA,7,E01031490,0,-1
2020010248639,2020,010248639,1,9,0,99,99,9,9,99,99,0,9,99,9,99,1,9,6,6,1,20,4,1242,1,6,FORD FIESTA,2,E01003079,0,-1
2020500947391,2020,500947391,1,9,0,18,19,7,3,0,0,8,0,0,0,0,1,1,2,2,2,56,9,1242,1,10,FORD FIESTA,7,E01020327,0,-1
2020052001362,2020,052001362,3,9,0,2,2,0,0,0,0,1,0,0,0,0,1,1,6,6,2,55,8,1399,2,11,FORD FIESTA,8,E01012556,0,-1
2020210996677,2020,210996677,3,9,0,4,4,7,3,0,0,2,0,0,0,0,2,1,6,6,2,49,8,998,1,4,FORD FIESTA,-1,-1,0,-1
2020440035602,2020,440035602,1,9,0,4,4,6,2,0,0,1,0,0,0,0,2,1,2,2,1,60,9,1242,1,8,FORD FIESTA,3,E01023058,0,-1
2020990989114,2020,990989114,3,9,0,18,19,3,7,0,0,0,0,0,1,0,4,1,6,6,1,57,9,-1,-1,-1,FORD FIESTA,7,-1,0,-1
2020421005275,2020,421005275,4,9,0,18,19,8,4,0,0,0,0,0,0,0,2,1,2,2,1,56,9,998,1,2,FORD FIESTA,1,E01021288,0,-1
2020010247619,2020,010247619,2,9,0,99,99,9,9,99,99,9,9,99,9,99,2,9,6,6,3,-1,-1,998,1,2,FORD FIESTA,-1,-1,0,-1
202054A198220,2020,54A198220,1,9,0,5,5,6,4,0,0,0,2,0,1,9,1,1,6,6,1,21,5,1242,1,11,FORD FIESTA,8,E01032704,0,-1
2020302000535,2020,302000535,1,9,0,18,19,5,8,0,0,6,0,0,0,0,1,1,1,1,2,35,6,1388,1,12,FORD FIESTA,3,E01013944,0,-1
2020400967815,2020,400967815,2,9,0,18,19,7,3,0,0,8,0,0,0,0,4,1,5,6,2,21,5,1242,1,13,FORD FIESTA,6,E01017481,0,-1
2020210975348,2020,210975348,1,9,0,7,7,4,5,0,0,3,0,0,0,0,-1,1,5,6,1,24,5,1242,1,6,FORD FIESTA,5,E01014304,0,-1
2020010276825,2020,010276825,3,9,0,3,3,5,1,0,0,0,0,0,6,0,4,1,6,6,2,33,6,1242,1,6,FORD FIESTA,2,E01002604,0,-1
2020110932544,2020,110932544,1,9,0,9,9,7,3,0,0,0,0,0,0,0,4,1,2,2,2,22,5,998,1,5,FORD FIESTA,6,E01020776,0,-1
2020010283168,2020,010283168,1,9,0,18,19,7,3,0,0,2,1,0,7,11,1,1,2,2,1,31,6,998,1,2,FORD FIESTA,4,E01001672,0,-1
2020122001175,2020,122001175,1,9,0,18,19,5,1,0,0,1,0,0,0,0,2,1,1,1,2,33,6,1242,1,7,FORD FIESTA,6,E01013074,0,-1
2020122001176,2020,122001176,1,9,0,9,9,5,3,0,0,1,1,0,0,0,1,1,6,6,1,19,4,1242,1,13,FORD FIESTA,4,E01011876,0,-1
2020010272750,2020,010272750,2,9,0,9,9,4,1,0,0,6,0,0,0,0,4,1,2,2,2,28,6,1499,2,7,FORD FIESTA,7,E01000309,0,-1
2020122100286,2020,122100286,2,9,0,3,3,7,2,0,0,1,0,0,0,0,2,1,6,6,1,73,10,998,1,5,FORD FIESTA,6,E01027842,0,-1
2020160972647,2020,160972647,2,9,0,18,19,3,7,0,0,0,0,0,0,0,1,1,5,6,1,24,5,1242,1,5,FORD FIESTA,7,E01007621,0,-1
2020010239335,2020,010239335,1,9,0,13,13,5,1,0,0,2,0,0,0,0,4,1,2,2,1,20,4,1388,1,15,FORD FIESTA,4,E01004642,0,-1
2020440410819,2020,440410819,3,19,0,4,4,7,3,0,0,1,0,0,0,0,2,1,6,6,2,28,6,1499,2,5,FORD FIESTA,10,E01022686,0,-1
2020430400791,2020,430400791,1,9,0,16,19,7,2,0,0,0,0,0,0,0,1,1,6,6,2,27,6,1299,1,18,FORD FIESTA,10,E01022892,0,-1
2020545947920,2020,545947920,1,9,0,9,9,6,3,0,0,4,0,0,0,0,3,1,6,6,1,29,6,1399,2,10,FORD FIESTA,5,E01031908,0,-1
2020420940944,2020,420940944,1,9,0,18,19,3,7,0,0,2,0,0,0,0,1,1,3,7,2,73,10,1242,1,14,FORD FIESTA,8,E01021333,0,-1
2020622001005,2020,622001005,2,9,0,18,19,4,8,0,0,0,0,0,0,0,1,1,6,6,1,41,7,1388,1,10,FORD FIESTA,1,W01001267,0,-1
20201376K0509,2020,1376K0509,2,9,0,18,19,7,3,0,0,0,0,0,0,0,1,1,6,6,2,30,6,1399,2,9,FORD FIESTA,6,E01011460,0,-1
2020041000505,2020,041000505,1,9,0,18,19,7,3,0,0,0,2,10,1,1,1,1,5,6,1,20,4,998,1,2,FORD FIESTA,-1,-1,0,-1
2020500963965,2020,500963965,2,9,0,18,19,1,5,0,0,8,0,0,1,0,1,1,5,6,2,67,10,998,1,5,FORD FIESTA,3,E01018809,0,-1
2020522001181,2020,522001181,2,9,0,18,19,5,1,0,0,4,0,0,0,0,2,1,6,6,2,20,4,1388,1,15,FORD FIESTA,7,E01014783,0,-1
2020040929052,2020,040929052,2,9,0,18,19,6,2,0,0,2,0,0,0,0,2,1,5,6,1,21,5,998,1,4,FORD FIESTA,2,E01025075,0,-1
2020370944369,2020,370944369,1,9,0,5,5,8,3,0,0,2,0,0,0,0,3,1,5,6,1,59,9,1388,1,14,FORD FIESTA,10,E01029903,0,-1
202006J175778,2020,06J175778,1,9,0,18,19,2,6,0,0,8,0,0,0,0,4,1,6,6,1,25,5,1596,1,4,FORD FIESTA,1,E01005755,0,-1
2020040992360,2020,040992360,1,9,0,9,9,1,5,0,0,3,1,0,0,0,1,1,5,6,1,24,5,998,1,4,FORD FIESTA,9,E01024956,0,-1
2020520101170,2020,520101170,1,9,0,18,19,7,3,0,0,1,0,0,0,0,1,1,6,6,2,31,6,1242,1,5,FORD FIESTA,5,E01029102,0,-1
2020990966849,2020,990966849,2,9,0,17,19,2,7,0,0,0,1,0,2,0,1,1,6,6,1,17,4,1242,1,13,FORD FIESTA,4,-1,0,-1
2020010253918,2020,010253918,2,9,0,99,99,9,9,99,99,9,9,99,9,99,9,9,6,6,3,27,6,1596,1,6,FORD FIESTA,3,E01003073,0,-1
2020450932910,2020,450932910,1,9,0,18,19,3,7,0,0,8,0,0,0,0,3,1,6,6,2,27,6,998,1,1,FORD FIESTA,6,E01016588,0,-1
2020460999221,2020,460999221,1,9,0,17,19,7,3,0,0,0,0,0,0,0,1,1,2,2,1,23,5,998,1,3,FORD FIESTA,10,E01024386,0,-1
202006E473118,2020,06E473118,2,9,0,18,19,5,1,0,0,0,0,0,0,0,2,1,6,6,1,29,6,1242,1,9,FORD FIESTA,1,E01005112,0,-1
2020200940731,2020,200940731,1,9,0,18,19,3,8,0,0,1,0,0,0,0,1,1,6,6,2,-1,-1,1242,1,9,FORD FIESTA,-1,-1,0,-1
2020220971441,2020,220971441,2,9,0,17,19,3,8,0,0,0,1,0,0,0,3,1,5,6,1,41,7,1399,2,12,FORD FIESTA,3,E01032422,0,-1
2020160952440,2020,160952440,1,9,0,18,19,5,1,0,0,1,0,0,0,0,4,1,5,6,1,21,5,1560,2,10,FORD FIESTA,9,E01013157,0,-1
2020440245510,2020,440245510,1,9,0,18,19,3,6,0,0,0,0,0,0,0,1,1,6,6,1,29,6,998,1,3,FORD FIESTA,9,E01016696,0,-1
2020520004473,2020,520004473,1,9,0,9,9,8,6,9,9,6,0,0,0,0,1,1,6,6,2,33,6,1388,1,13,FORD FIESTA,3,E01029093,0,-1
2020500943237,2020,500943237,1,9,0,9,9,3,7,0,0,6,0,0,0,0,0,1,6,6,1,26,6,1596,1,13,FORD FIESTA,3,E01015209,0,-1
2020010261162,2020,010261162,2,9,0,18,19,1,5,0,0,9,0,99,0,0,9,9,6,6,3,-1,-1,1560,2,13,FORD FIESTA,-1,-1,0,-1
2020610047020,2020,610047020,1,9,0,18,19,2,6,0,0,0,0,0,0,0,1,1,2,2,1,22,5,1596,1,5,FORD FIESTA,1,W01001479,0,-1
2020460943782,2020,460943782,1,9,0,17,19,7,5,0,0,0,5,0,0,0,1,1,5,6,1,23,5,1399,2,11,FORD FIESTA,1,E01024697,0,-1
2020140949039,2020,140949039,2,9,0,3,3,3,7,0,0,2,0,0,0,0,2,1,5,6,2,37,7,998,1,1,FORD FIESTA,4,E01007479,0,-1
2020320508352,2020,320508352,1,9,0,4,4,1,5,0,0,1,1,0,0,0,1,1,6,6,2,25,5,1242,1,8,FORD FIESTA,2,E01013206,0,-1
2020010250092,2020,010250092,2,9,0,9,9,3,2,0,0,6,0,0,0,0,1,1,6,6,2,26,6,1560,2,5,FORD FIESTA,-1,-1,0,-1
2020010286622,2020,010286622,2,9,0,99,99,9,9,99,99,9,9,99,9,99,9,9,6,6,3,44,7,1388,1,17,FORD FIESTA,1,E01001206,0,-1
2020450983464,2020,450983464,1,9,0,16,19,3,3,0,0,0,2,0,1,11,1,1,5,6,1,29,6,1242,1,16,FORD FIESTA,9,E01030817,0,-1
2020522004945,2020,522004945,1,9,0,18,19,5,1,0,0,0,0,0,0,0,1,1,6,6,1,26,6,1242,1,14,FORD FIESTA,3,E01014736,0,-1
2020010229450,2020,010229450,2,9,0,3,3,7,3,0,0,2,0,0,0,0,2,1,6,6,1,31,6,1242,1,21,FORD FIESTA,5,E01000070,0,-1
2020340S08132,2020,340S08132,1,9,0,18,19,8,4,0,0,0,1,0,1,0,0,1,6,6,1,20,4,1242,1,14,FORD FIESTA,10,E01027283,0,-1
2020350963454,2020,350963454,1,9,0,18,19,4,1,0,0,0,0,0,0,0,0,1,5,6,1,36,7,1388,1,8,FORD FIESTA,5,E01017991,0,-1
2020010231102,2020,010231102,1,9,0,18,19,5,1,0,0,3,0,0,3,10,1,1,6,6,2,79,11,998,1,1,FORD FIESTA,-1,-1,0,-1
2020220974201,2020,220974201,1,9,0,7,7,3,4,0,0,4,0,0,0,0,1,1,2,2,1,32,6,998,1,7,FORD FIESTA,6,E01028857,0,-1
2020451006348,2020,451006348,2,9,0,12,12,4,6,0,0,0,0,0,0,0,3,1,5,6,2,25,5,1242,1,4,FORD FIESTA,6,E01030721,0,-1
2020552000730,2020,552000730,1,9,0,13,13,8,4,0,0,0,2,0,0,0,4,1,2,2,2,39,7,1388,1,9,FORD FIESTA,5,E01015427,0,-1
2020052000876,2020,052000876,2,9,0,9,9,7,3,0,0,8,0,0,0,0,3,1,1,1,2,47,8,1399,2,10,FORD FIESTA,5,E01006462,0,-1
2020420937272,2020,420937272,2,9,0,18,19,5,1,0,0,8,0,0,0,0,1,1,2,2,2,23,5,998,1,4,FORD FIESTA,2,E01021268,0,-1
2020991005613,2020,991005613,1,9,0,18,19,8,4,0,0,0,1,0,1,0,1,1,5,6,1,33,6,1242,1,17,FORD FIESTA,6,-1,0,-1
2020201023115,2020,201023115,1,9,0,18,19,8,4,0,0,0,0,0,0,0,2,1,6,6,1,-1,-1,998,1,1,FORD FIESTA,-1,-1,0,-1
2020140953068,2020,140953068,2,9,0,18,19,3,6,0,0,8,0,0,0,0,1,1,1,1,2,59,9,1499,2,7,FORD FIESTA,3,E01007776,0,-1
2020420985176,2020,420985176,2,9,0,8,8,5,1,0,0,0,0,0,0,0,2,1,6,6,2,22,5,998,1,7,FORD FIESTA,7,E01021904,0,-1
2020010264060,2020,010264060,2,9,0,18,19,4,8,0,0,8,0,0,0,0,1,1,2,2,2,39,7,1388,1,10,FORD FIESTA,10,E01030627,0,-1
202031C104320,2020,31C104320,1,9,0,18,19,5,1,0,0,8,0,0,0,0,1,1,2,2,2,57,9,1242,1,6,FORD FIESTA,9,E01028179,0,-1
2020500985541,2020,500985541,2,9,0,7,7,5,1,0,0,3,0,0,0,0,2,1,5,6,2,20,4,1242,1,6,FORD FIESTA,1,E01015155,0,-1
2020040974655,2020,040974655,1,9,0,18,19,1,5,0,0,0,1,0,1,9,0,1,5,6,1,22,5,1242,1,3,FORD FIESTA,2,E01006855,0,-1
2020610028520,2020,610028520,2,9,0,7,7,5,7,0,0,1,0,0,0,0,1,1,2,2,1,65,9,1399,2,8,FORD FIESTA,2,W01001352,0,-1
2020040921343,2020,040921343,2,9,0,18,19,3,7,0,0,1,0,0,0,0,1,1,5,6,2,53,8,998,1,4,FORD FIESTA,5,E01025153,0,-1
202006F270094,2020,06F270094,1,9,0,9,9,5,3,0,0,8,0,0,0,0,1,1,6,6,1,64,9,1388,1,9,FORD FIESTA,4,E01005730,0,-1
20201374R1026,2020,1374R1026,2,9,0,18,19,2,6,0,0,4,0,0,0,0,1,1,6,6,1,28,6,1596,1,6,FORD FIESTA,1,E01011317,0,-1
2020010274064,2020,010274064,1,9,0,5,5,0,5,0,0,6,0,0,0,0,1,1,1,1,1,78,11,1596,1,5,FORD FIESTA,6,E01013122,0,-1
2020410951447,2020,410951447,1,9,0,13,13,6,2,0,0,0,0,0,0,0,1,1,5,6,1,24,5,998,1,4,FORD FIESTA,10,E01023562,0,-1
2020110949752,2020,110949752,2,9,0,4,4,3,7,0,0,1,0,0,0,0,1,1,1,1,1,19,4,998,1,2,FORD FIESTA,4,E01033205,0,-1
202006P378473,2020,06P378473,1,9,0,18,19,3,7,0,0,1,0,0,0,0,4,1,6,6,1,20,4,998,1,1,FORD FIESTA,9,E01005573,0,-1
2020410968853,2020,410968853,1,9,0,18,19,3,7,0,0,0,0,0,0,0,3,1,1,1,1,18,4,1242,1,13,FORD FIESTA,8,E01023875,0,-1
2020210999073,2020,210999073,2,9,0,7,7,4,6,0,0,1,0,0,0,0,-1,1,2,2,2,50,8,1242,1,15,FORD FIESTA,3,E01014291,0,-1
2020010281776,2020,010281776,2,9,0,6,6,1,1,0,0,0,0,0,0,0,1,1,6,6,1,49,8,-1,-1,-1,FORD FIESTA,7,E01021540,0,-1
2020210985963,2020,210985963,1,9,-1,-1,-1,-1,-1,-1,-1,-1,-1,-1,-1,0,-1,1,6,6,1,20,4,1242,1,6,FORD FIESTA,9,E01029377,0,-1
2020440448528,2020,440448528,2,9,0,18,19,2,5,0,0,8,0,0,0,0,1,1,6,6,1,72,10,998,1,7,FORD FIESTA,9,E01022695,0,-1
2020530941309,2020,530941309,1,9,0,16,19,7,3,0,0,4,5,9,1,1,1,1,5,6,1,38,7,998,1,6,FORD FIESTA,3,E01022159,0,-1
2020461014126,2020,461014126,1,9,0,18,19,7,3,0,0,0,1,10,0,0,4,1,6,6,2,24,5,1388,1,9,FORD FIESTA,6,E01024557,0,-1
2020420925280,2020,420925280,5,9,0,3,3,1,6,0,0,0,0,0,0,0,2,1,5,6,2,59,9,1242,1,11,FORD FIESTA,5,E01021551,0,-1
2020451004261,2020,451004261,5,9,0,4,4,2,4,0,0,0,0,4,0,0,1,1,2,2,1,35,6,998,1,3,FORD FIESTA,4,E01023387,0,-1
202006F167614,2020,06F167614,1,9,0,18,19,8,4,0,0,1,0,0,0,0,1,1,2,2,2,23,5,1242,1,15,FORD FIESTA,3,E01006171,0,-1
2020440301743,2020,440301743,2,9,0,18,19,5,1,0,0,8,0,0,1,0,1,1,6,6,1,19,4,1242,1,10,FORD FIESTA,2,E01017182,0,-1
2020450924895,2020,450924895,1,9,0,18,19,3,7,0,0,0,0,4,0,0,1,1,2,2,1,47,8,1242,1,8,FORD FIESTA,2,E01000724,0,-1
2020320446083,2020,320446083,1,9,0,9,9,1,5,0,0,1,0,0,0,0,1,1,6,6,1,32,6,998,1,2,FORD FIESTA,2,E01026097,0,-1
2020010279961,2020,010279961,2,9,0,99,99,9,9,0,0,0,9,99,9,99,1,1,6,6,3,-1,-1,998,1,3,FORD FIESTA,-1,-1,0,-1
2020302001245,2020,302001245,1,9,0,18,19,8,4,0,0,1,0,0,0,0,1,1,2,2,2,43,7,998,1,3,FORD FIESTA,4,E01028174,0,-1
2020440484465,2020,440484465,3,9,0,18,19,2,6,0,0,0,2,0,1,4,3,1,2,2,1,24,5,1242,1,6,FORD FIESTA,4,E01023083,0,-1
2020430307210,2020,430307210,2,9,0,18,19,5,1,0,0,8,0,0,0,0,1,1,2,2,2,59,9,1399,2,11,FORD FIESTA,8,E01028744,0,-1
2020622000134,2020,622000134,3,9,0,2,2,0,0,0,0,0,0,0,0,0,3,1,6,6,3,-1,-1,998,1,7,FORD FIESTA,-1,-1,0,-1
2020040954217,2020,040954217,1,9,0,18,19,4,1,0,0,8,0,0,3,10,1,1,5,6,1,18,4,1596,1,12,FORD FIESTA,10,E01024950,0,-1
2020010234089,2020,010234089,2,9,0,99,99,9,9,99,99,0,9,99,9,99,9,9,6,6,1,28,6,1499,2,3,FORD FIESTA,4,E01016512,0,-1
2020052001350,2020,052001350,2,9,0,3,3,6,2,0,0,1,0,0,0,0,1,1,1,1,1,57,9,1388,1,18,FORD FIESTA,1,E01006695,0,-1
2020610019620,2020,610019620,2,9,0,4,4,7,3,0,0,0,0,0,0,0,1,1,2,2,2,28,6,1242,1,4,FORD FIESTA,5,W01001359,0,-1
2020420920785,2020,420920785,1,9,0,14,14,1,1,0,0,0,0,0,0,0,1,1,6,6,1,23,5,1242,1,3,FORD FIESTA,7,E01029873,0,-1
2020460959755,2020,460959755,1,9,0,9,9,1,7,0,0,1,0,0,1,0,1,1,6,6,1,22,5,1388,1,15,FORD FIESTA,-1,-1,0,-1
2020540285820,2020,540285820,2,9,0,9,9,6,4,0,0,8,0,0,0,0,4,1,6,6,2,43,7,1242,1,7,FORD FIESTA,9,E01015525,0,-1
202006L272590,2020,06L272590,2,9,0,18,19,5,1,0,0,8,0,0,0,0,4,1,6,6,2,32,6,1242,1,4,FORD FIESTA,7,E01006330,0,-1
2020010280579,2020,010280579,1,9,0,9,9,7,5,0,0,1,0,0,0,0,1,1,6,6,1,21,5,998,1,7,FORD FIESTA,3,E01004274,0,-1
2020530932880,2020,530932880,2,9,0,18,19,6,2,0,0,8,0,0,0,0,1,1,5,6,2,46,8,1299,1,17,FORD FIESTA,6,E01014750,0,-1
2020010243415,2020,010243415,2,9,0,2,2,0,0,0,0,0,1,0,0,0,2,1,6,6,3,-1,-1,1388,1,14,FORD FIESTA,-1,-1,0,-1
2020460942755,2020,460942755,1,9,0,17,19,1,5,0,0,0,1,10,8,4,1,1,6,6,2,23,5,998,1,2,FORD FIESTA,7,E01024550,0,-1
2020052000623,2020,052000623,1,9,0,18,19,5,1,0,0,1,0,0,0,0,1,1,6,6,1,19,4,1242,1,14,FORD FIESTA,5,E01007173,0,-1
2020440420414,2020,440420414,2,9,0,9,9,4,2,0,0,8,0,0,0,0,1,1,6,6,1,30,6,1242,1,12,FORD FIESTA,9,E01022879,0,-1
2020500949342,2020,500949342,1,9,0,18,19,8,4,0,0,0,0,0,0,0,3,1,5,6,2,52,8,1242,1,11,FORD FIESTA,8,E01020089,0,-1
2020010251179,2020,010251179,1,9,0,9,9,3,2,6,6,0,0,0,0,0,4,1,6,6,1,-1,-1,1560,2,11,FORD FIESTA,-1,-1,0,-1
2020302001196,2020,302001196,1,9,0,9,9,4,2,0,0,1,0,0,0,0,1,1,6,6,1,57,9,1388,1,8,FORD FIESTA,5,E01029345,0,-1
2020622000525,2020,622000525,3,9,0,18,19,2,6,0,0,0,0,0,0,0,1,1,2,2,2,50,8,1242,1,6,FORD FIESTA,4,W01001355,0,-1
2020200947387,2020,200947387,2,9,0,2,2,0,0,0,0,0,0,0,0,0,1,1,6,6,1,51,8,1388,1,11,FORD FIESTA,1,E01008914,0,-1
2020200997465,2020,200997465,1,9,0,18,19,5,1,0,0,2,1,10,2,11,1,1,6,6,2,21,5,1242,1,13,FORD FIESTA,3,E01010538,0,-1
2020200970344,2020,200970344,2,9,0,18,19,2,6,0,0,6,0,0,0,0,1,1,6,6,3,-1,-1,1388,1,16,FORD FIESTA,-1,-1,0,-1
2020230922967,2020,230922967,1,9,0,7,7,8,2,0,0,5,0,0,0,0,4,1,5,6,2,60,9,1596,1,6,FORD FIESTA,7,E01031236,0,-1
2020460919871,2020,460919871,2,9,0,18,19,4,8,0,0,8,0,0,0,0,3,1,5,6,1,62,9,1388,1,11,FORD FIESTA,2,E01016064,0,-1