collision_index,collision_year,collision_ref_no,vehicle_reference,vehicle_type,towing_and_articulation,vehicle_manoeuvre_historic,vehicle_manoeuvre,vehicle_direction_from,vehicle_direction_to,vehicle_location_restricted_lane_historic,vehicle_location_restricted_lane,junction_location,skidding_and_overturning,hit_object_in_carriageway,vehicle_leaving_carriageway,hit_object_off_carriageway,first_point_of_impact,vehicle_left_hand_drive,journey_purpose_of_driver_historic,journey_purpose_of_driver,sex_of_driver,age_of_driver,age_band_of_driver,engine_capacity_cc,propulsion_code,age_of_vehicle,generic_make_model,driver_imd_decile,lsoa_of_driver,escooter_flag,driver_distance_banding
2020137760548,2020,137760548,1,9,0,18,19,5,8,0,0,4,0,0,0,0,1,1,6,6,1,46,8,1399,2,14,FORD FIESTA,1,E01011626,0,-1
20201371C1279,2020,1371C1279,3,9,0,7,7,3,5,0,0,0,0,0,0,0,3,1,6,6,1,73,10,998,1,2,FORD FIESTA,9,E01010773,0,-1
2020522004278,2020,522004278,2,9,5,18,19,8,4,0,0,0,0,0,0,0,2,1,6,6,2,28,6,1242,1,5,FORD FIESTA,8,E01014556,0,-1
2020052000746,2020,052000746,1,9,0,18,19,2,6,0,0,3,0,0,0,0,4,1,6,6,1,42,7,1388,1,12,FORD FIESTA,2,E01008077,0,-1
202063B010920,2020,63B010920,2,9,0,4,4,6,2,0,0,1,0,0,0,0,2,1,6,6,2,21,5,1242,1,13,FORD FIESTA,6,W01000082,0,-1
2020470932696,2020,470932696,1,9,0,18,19,8,4,0,0,0,0,0,0,0,1,1,6,6,1,74,10,1242,1,12,FORD FIESTA,2,E01031432,0,-1
2020320439310,2020,320439310,2,9,0,2,2,0,0,0,0,0,0,0,0,0,2,1,6,6,1,17,4,998,1,5,FORD FIESTA,5,E01032987,0,-1
2020010239367,2020,010239367,2,9,0,18,19,1,5,0,0,5,1,0,0,0,1,1,6,6,2,47,8,998,1,4,FORD FIESTA,4,E01002409,0,-1
2020320392582,2020,320392582,1,9,0,18,19,5,1,0,0,0,0,0,0,0,1,1,6,6,1,22,5,1242,1,15,FORD FIESTA,4,E01026090,0,-1
2020990946710,2020,990946710,1,9,0,6,6,7,1,0,0,0,0,0,0,0,4,1,6,6,1,24,5,998,1,3,FORD FIESTA,1,-1,0,-1
2020990920871,2020,990920871,3,9,0,4,4,8,4,0,0,0,0,0,0,0,1,1,6,6,2,22,5,1242,1,11,FORD FIESTA,10,-1,0,-1
2020470947420,2020,470947420,1,9,0,17,19,8,4,0,0,0,1,0,0,0,1,1,5,6,1,38,7,1560,2,9,FORD FIESTA,3,E01031789,0,-1
2020010233994,2020,010233994,1,9,0,4,4,1,5,0,0,0,0,0,0,0,2,1,6,6,1,25,5,1388,1,10,FORD FIESTA,4,E01015923,0,-1
2020052001839,2020,052001839,2,9,0,4,4,2,6,0,0,0,0,0,0,0,2,1,6,6,2,71,10,1242,1,11,FORD FIESTA,9,E01006987,0,-1
2020140959475,2020,140959475,1,9,0,18,19,3,7,0,0,0,1,0,0,0,2,1,2,2,1,39,7,1388,1,12,FORD FIESTA,2,E01007806,0,-1
202063A032720,2020,63A032720,2,9,0,2,2,0,0,0,0,2,0,0,0,0,2,1,6,6,3,-1,-1,1388,1,8,FORD FIESTA,-1,-1,0,-1
2020230965336,2020,230965336,1,9,0,10,10,3,1,0,0,1,0,0,0,0,1,1,5,6,1,41,7,1242,1,17,FORD FIESTA,6,E01031130,0,-1
2020010258684,2020,010258684,2,9,0,2,2,0,0,0,0,0,0,4,0,0,1,1,6,6,3,-1,-1,1596,1,5,FORD FIESTA,-1,-1,0,-1
202031D057920,2020,31D057920,2,9,0,17,19,4,2,0,0,8,0,0,0,0,4,1,2,2,2,48,8,1242,1,4,FORD FIESTA,5,E01028155,0,-1
2020200970617,2020,200970617,2,9,0,10,10,3,8,0,0,1,0,0,0,0,2,1,1,1,3,18,4,1242,1,8,FORD FIESTA,2,E01010041,0,-1
2020470963388,2020,470963388,2,9,0,3,3,4,8,0,0,0,0,0,0,0,2,1,5,6,1,33,6,1242,1,10,FORD FIESTA,8,E01021086,0,-1
2020610020420,2020,610020420,2,9,0,18,19,5,1,0,0,0,0,0,0,0,1,1,6,6,2,29,6,998,1,6,FORD FIESTA,4,W01001329,0,-1
2020201000644,2020,201000644,3,9,0,3,3,0,0,0,0,1,0,0,0,0,2,1,5,6,2,64,9,1242,1,4,FORD FIESTA,5,E01009923,0,-1
2020500934411,2020,500934411,1,9,0,9,9,1,7,0,0,8,0,0,0,0,1,1,5,6,1,23,5,1388,1,9,FORD FIESTA,9,E01020001,0,-1
2020430059422,2020,430059422,2,9,0,2,2,0,0,0,0,2,0,0,0,0,2,1,6,6,2,55,8,1242,1,15,FORD FIESTA,9,E01016432,0,-1
2020122100174,2020,122100174,1,9,0,12,12,2,6,0,0,4,1,0,0,0,1,1,6,6,1,21,5,1596,1,10,FORD FIESTA,7,E01013406,0,-1
2020470955756,2020,470955756,1,9,0,16,19,1,4,0,0,0,0,0,7,3,1,1,5,6,1,48,8,1560,2,10,FORD FIESTA,6,E01021204,0,-1
2020210952143,2020,210952143,1,9,0,18,19,8,4,0,0,0,0,0,0,0,0,1,6,6,3,-1,-1,998,1,5,FORD FIESTA,-1,-1,0,-1
2020460940552,2020,460940552,1,9,0,18,19,6,2,0,0,0,0,0,0,0,1,1,5,6,1,28,6,-1,-1,-1,FORD FIESTA,7,E01024433,0,-1
2020460971496,2020,460971496,3,9,0,2,2,0,0,0,0,0,0,0,0,0,3,1,6,6,1,40,7,-1,-1,-1,FORD FIESTA,5,E01000375,0,-1
2020991005172,2020,991005172,1,9,0,15,15,5,1,0,0,0,0,0,0,0,3,1,2,2,1,32,6,999,1,0,FORD FIESTA,6,-1,0,-1
2020320657164,2020,320657164,1,9,0,16,19,6,1,0,0,0,1,0,7,9,0,1,6,6,1,20,4,1399,2,13,FORD FIESTA,4,E01026253,0,-1
2020010251631,2020,010251631,1,9,0,18,19,8,4,0,0,8,5,0,0,0,4,1,6,6,1,37,7,1388,1,17,FORD FIESTA,-1,-1,0,-1
2020530939154,2020,530939154,1,9,0,18,19,5,1,0,0,0,0,0,0,0,1,1,1,1,2,42,7,1242,1,7,FORD FIESTA,6,E01032405,0,-1
2020460937208,2020,460937208,1,9,0,18,19,1,5,0,0,0,5,0,0,0,1,1,5,6,1,39,7,998,1,4,FORD FIESTA,-1,-1,0,-1
2020470954312,2020,470954312,1,9,0,18,19,6,2,0,0,0,0,0,1,0,1,1,6,6,1,38,7,1242,1,19,FORD FIESTA,4,E01021177,0,-1
2020460985200,2020,460985200,2,9,0,18,19,1,5,0,0,0,0,0,0,0,2,1,5,6,2,41,7,1242,1,7,FORD FIESTA,1,E01024278,0,-1
2020440173685,2020,440173685,1,9,0,18,19,4,8,0,0,1,0,0,0,0,1,1,6,6,1,-1,-1,1242,1,12,FORD FIESTA,-1,-1,0,-1
2020211026981,2020,211026981,2,9,0,3,3,1,5,0,0,0,0,0,0,0,2,1,2,2,1,22,5,1388,1,10,FORD FIESTA,9,E01012488,0,-1
2020622001032,2020,622001032,1,9,0,18,19,4,8,0,0,1,0,0,0,0,1,1,2,2,2,20,4,999,1,0,FORD FIESTA,2,W01001138,0,-1
2020010239202,2020,010239202,1,9,0,14,14,8,4,0,0,0,0,0,0,0,1,1,6,6,2,27,6,1242,1,3,FORD FIESTA,2,E01001339,0,-1
2020500940314,2020,500940314,2,9,0,18,19,7,3,0,0,0,0,0,0,0,0,1,5,6,2,34,6,1388,1,12,FORD FIESTA,7,E01020164,0,-1
2020420998792,2020,420998792,1,9,0,17,19,4,8,0,0,0,5,0,1,9,1,1,6,6,1,18,4,1388,1,15,FORD FIESTA,4,E01033140,0,-1
2020440414090,2020,440414090,1,9,0,7,7,5,7,0,0,6,0,0,0,0,1,1,1,1,2,-1,-1,998,1,2,FORD FIESTA,5,E01022957,0,-1
2020010282579,2020,010282579,1,9,0,99,99,9,9,99,99,9,9,99,9,99,1,9,6,6,2,22,5,998,1,2,FORD FIESTA,3,E01002235,0,-1
2020100968850,2020,100968850,1,9,0,17,19,5,1,0,0,0,0,0,2,0,3,1,5,6,2,18,4,1242,1,5,FORD FIESTA,6,E01027479,0,-1
2020610008220,2020,610008220,1,9,0,16,19,5,6,0,0,0,2,10,0,10,0,1,2,2,2,19,4,1242,1,17,FORD FIESTA,8,W01001392,0,-1
2020010239884,2020,010239884,1,9,0,18,19,3,7,0,0,6,0,0,0,0,1,1,3,7,2,40,7,1388,1,12,FORD FIESTA,1,E01001845,0,-1
2020990938995,2020,990938995,1,9,0,18,19,6,2,0,0,0,5,0,0,0,4,1,5,6,1,21,5,1596,1,6,FORD FIESTA,2,-1,0,-1
20201371F0989,2020,1371F0989,2,9,0,18,19,5,3,0,0,8,0,0,0,0,2,1,6,6,1,41,7,1242,1,15,FORD FIESTA,1,E01011484,0,-1
2020140951524,2020,140951524,4,9,0,18,19,1,5,0,0,0,0,0,0,0,2,1,6,6,1,19,4,1242,1,11,FORD FIESTA,6,E01007526,0,-1
2020460999513,2020,460999513,1,9,0,18,19,2,6,0,0,0,0,0,0,0,0,1,6,6,1,27,6,1388,1,16,FORD FIESTA,3,E01032830,0,-1
2020010260539,2020,010260539,1,9,0,4,4,5,1,0,0,0,0,0,0,0,1,1,6,6,1,21,5,1388,1,10,FORD FIESTA,-1,-1,0,-1
2020461010780,2020,461010780,2,9,0,2,2,0,0,0,0,1,0,0,0,0,1,1,5,6,2,53,8,1242,1,21,FORD FIESTA,4,E01024541,0,-1
2020471000910,2020,471000910,2,9,0,9,9,7,3,0,0,1,0,0,0,0,3,1,6,6,2,73,10,1388,1,9,FORD FIESTA,9,E01031751,0,-1
2020201018506,2020,201018506,1,9,0,17,19,4,2,0,0,8,0,10,1,2,1,1,6,6,1,19,4,1242,1,11,FORD FIESTA,10,E01009821,0,-1
2020460974400,2020,460974400,2,9,0,18,19,3,7,0,0,0,0,0,2,10,3,1,5,6,2,21,5,1388,1,10,FORD FIESTA,2,E01024294,0,-1
2020410983818,2020,410983818,1,9,0,18,19,1,5,0,0,8,0,0,2,11,3,1,6,6,1,22,5,998,1,1,FORD FIESTA,7,E01023506,0,-1
2020622000078,2020,622000078,1,9,0,18,19,6,2,0,0,1,0,0,0,0,1,1,2,2,1,19,4,1399,2,8,FORD FIESTA,4,W01001168,0,-1
202063A052920,2020,63A052920,1,9,0,16,19,4,7,0,0,0,0,6,7,10,1,1,6,6,2,31,6,998,1,1,FORD FIESTA,2,W01000705,0,-1
2020210981859,2020,210981859,2,9,-1,-1,-1,-1,-1,-1,-1,-1,-1,-1,-1,0,-1,1,6,6,1,25,5,1596,1,3,FORD FIESTA,2,E01029564,0,-1
2020332000071,2020,332000071,1,9,0,18,19,7,3,0,0,0,0,0,0,0,3,1,6,6,2,49,8,998,1,7,FORD FIESTA,10,E01025783,0,-1
202031C108620,2020,31C108620,1,9,0,9,9,4,2,0,0,5,0,0,0,0,1,1,2,2,1,41,7,1560,2,11,FORD FIESTA,4,E01013889,0,-1
2020990939969,2020,990939969,1,9,0,9,9,1,7,0,0,8,0,0,0,0,4,1,6,6,1,33,6,1242,1,3,FORD FIESTA,4,-1,0,-1
2020100922377,2020,100922377,2,9,0,9,9,3,1,0,0,1,0,0,0,0,3,1,2,2,2,45,7,998,1,4,FORD FIESTA,5,E01008535,0,-1
2020200978666,2020,200978666,1,9,0,9,9,7,5,0,0,5,0,10,1,11,1,1,6,6,1,33,6,1242,1,16,FORD FIESTA,5,E01009211,0,-1
2020470983071,2020,470983071,2,9,0,9,9,1,7,0,0,5,0,0,0,0,3,1,5,6,2,37,7,1560,2,9,FORD FIESTA,9,E01031475,0,-1
2020440446275,2020,440446275,3,9,0,18,19,4,8,0,0,0,0,0,0,0,1,1,3,7,1,34,6,1242,1,6,FORD FIESTA,9,E01023134,0,-1
2020141009376,2020,141009376,2,9,0,7,7,1,2,0,0,0,0,0,0,0,1,1,5,6,1,74,10,1242,1,9,FORD FIESTA,7,E01007657,0,-1
2020122000831,2020,122000831,1,9,0,2,2,0,0,0,0,0,0,0,0,0,4,1,6,6,1,64,9,1388,1,11,FORD FIESTA,6,E01027902,0,-1
2020052002544,2020,052002544,1,9,0,18,19,5,1,0,0,8,0,0,0,0,1,1,6,6,1,22,5,1388,1,14,FORD FIESTA,5,E01033095,0,-1
2020052002299,2020,052002299,1,9,0,5,5,3,7,0,0,4,0,0,0,0,1,1,6,6,2,51,8,1388,1,13,FORD FIESTA,10,E01006993,0,-1
2020010240770,2020,010240770,1,9,0,99,99,9,9,99,99,0,9,99,9,99,9,9,6,6,1,31,6,998,1,6,FORD FIESTA,3,E01003588,0,-1
2020031011950,2020,031011950,1,9,0,18,19,1,5,0,0,0,0,0,0,0,1,1,6,6,2,33,6,998,1,2,FORD FIESTA,1,E01019139,0,-1
2020141002392,2020,141002392,2,9,0,9,9,2,8,0,0,5,0,0,0,0,3,1,5,6,2,53,8,1299,1,18,FORD FIESTA,2,E01007656,0,-1
2020030997504,2020,030997504,1,9,0,1,1,1,5,0,0,0,0,0,0,0,2,1,6,6,1,45,7,1242,1,12,FORD FIESTA,1,E01019193,0,-1
2020010258191,2020,010258191,1,9,0,7,7,4,6,0,0,5,1,10,1,1,1,1,6,6,1,22,5,1242,1,11,FORD FIESTA,-1,-1,0,-1
202006G268769,2020,06G268769,1,9,0,18,19,7,3,0,0,0,0,0,0,0,1,1,6,6,3,-1,-1,998,1,4,FORD FIESTA,-1,-1,0,-1
2020552000673,2020,552000673,1,9,0,5,5,3,7,0,0,0,0,0,0,0,2,1,6,6,1,22,5,998,1,4,FORD FIESTA,3,E01002429,0,-1
2020302100261,2020,302100261,2,9,0,18,19,6,2,0,0,0,0,0,1,0,1,1,6,6,1,65,9,998,1,5,FORD FIESTA,7,E01005983,0,-1
202054A600820,2020,54A600820,1,9,0,18,19,5,1,0,0,0,0,0,0,0,1,1,6,6,1,18,4,998,1,7,FORD FIESTA,9,E01015548,0,-1
2020070405155,2020,070405155,1,9,0,18,19,1,3,0,0,1,0,0,0,0,1,1,6,6,1,26,6,1242,1,9,FORD FIESTA,-1,-1,0,-1
2020410937784,2020,410937784,2,9,0,18,19,1,5,0,0,8,0,0,0,0,1,1,6,6,1,49,8,1242,1,12,FORD FIESTA,4,E01023781,0,-1
2020010251825,2020,010251825,3,9,0,18,19,6,2,0,0,0,0,0,0,0,1,1,6,6,1,-1,-1,998,1,2,FORD FIESTA,4,E01002247,0,-1
2020552000459,2020,552000459,2,9,0,18,19,4,8,0,0,0,0,0,0,0,1,1,6,6,2,48,8,1299,1,20,FORD FIESTA,6,E01020456,0,-1
2020410933764,2020,410933764,1,9,0,18,19,1,5,0,0,0,0,0,0,0,3,1,5,6,1,88,11,1299,1,20,FORD FIESTA,-1,-1,0,-1
2020552000985,2020,552000985,1,9,0,18,19,2,6,0,0,1,0,0,0,0,1,1,6,6,1,73,10,1242,1,12,FORD FIESTA,6,E01023065,0,-1
2020010251845,2020,010251845,2,9,0,5,5,3,7,0,0,4,0,0,0,0,1,1,6,6,2,29,6,1388,1,10,FORD FIESTA,7,E01000685,0,-1
2020010247439,2020,010247439,1,9,0,17,19,1,6,0,0,8,0,0,0,0,1,1,2,2,2,25,5,1499,2,7,FORD FIESTA,3,E01001141,0,-1
2020500958963,2020,500958963,1,9,0,17,19,5,1,0,0,4,0,7,1,2,1,1,5,6,1,73,10,998,1,4,FORD FIESTA,2,E01018996,0,-1
2020470996942,2020,470996942,1,9,0,9,9,4,3,0,0,8,0,0,0,0,4,1,5,6,2,19,4,1242,1,4,FORD FIESTA,9,E01021085,0,-1
2020010246785,2020,010246785,1,9,0,1,1,3,7,0,0,8,0,0,0,0,2,1,6,6,2,50,8,1242,1,11,FORD FIESTA,4,E01000401,0,-1
2020010273516,2020,010273516,1,9,0,99,99,9,9,99,99,9,9,99,9,99,2,9,6,6,1,30,6,1399,2,12,FORD FIESTA,2,E01027155,0,-1
2020221000764,2020,221000764,3,9,0,8,8,5,6,0,0,1,0,0,0,0,2,1,5,6,2,26,6,998,1,5,FORD FIESTA,7,E01032206,0,-1
2020552000401,2020,552000401,1,9,0,18,19,5,1,0,0,0,1,4,0,0,1,1,6,6,1,23,5,998,1,4,FORD FIESTA,3,E01015359,0,-1
2020230995145,2020,230995145,2,9,0,7,7,6,8,0,0,6,0,0,0,0,3,1,5,6,2,34,6,1242,1,4,FORD FIESTA,6,E01031085,0,-1
2020320507155,2020,320507155,1,9,0,18,19,7,3,0,0,0,0,4,0,0,1,1,1,1,1,86,11,1388,1,16,FORD FIESTA,6,E01026380,0,-1
2020052001534,2020,052001534,1,9,0,15,15,1,5,0,0,0,0,0,1,11,1,1,6,6,1,21,5,1242,1,13,FORD FIESTA,4,E01007174,0,-1
2020201022349,2020,201022349,1,9,0,18,19,5,1,0,0,1,0,0,0,0,1,1,6,6,1,-1,-1,1388,1,10,FORD FIESTA,-1,-1,0,-1
2020622000902,2020,622000902,1,9,0,18,19,7,3,0,0,8,0,0,0,0,1,1,6,6,2,27,6,998,1,4,FORD FIESTA,9,W01000768,0,-1
2020052000879,2020,052000879,2,9,0,18,19,4,8,0,0,8,0,0,7,1,4,1,6,6,1,26,6,998,1,2,FORD FIESTA,1,E01006764,0,-1
2020530952874,2020,530952874,1,9,0,9,9,3,5,0,0,6,0,0,1,0,3,1,5,6,2,47,8,998,1,4,FORD FIESTA,10,E01022220,0,-1
2020010229582,2020,010229582,1,9,0,5,5,3,7,0,0,1,0,0,0,0,1,1,1,1,1,62,9,-1,-1,-1,FORD FIESTA,4,E01003492,0,-1
2020010230298,2020,010230298,1,9,0,18,19,7,3,0,0,3,0,0,0,0,1,1,2,2,2,31,6,1242,1,16,FORD FIESTA,6,E01002668,0,-1
2020610000120,2020,610000120,2,9,0,18,19,3,7,0,0,0,0,0,0,0,1,1,6,6,2,20,4,1596,1,9,FORD FIESTA,-1,-1,0,-1
2020137520498,2020,137520498,1,9,0,13,13,7,3,0,0,0,0,11,0,2,0,1,6,6,1,25,5,1596,1,4,FORD FIESTA,6,E01027923,0,-1
2020070760516,2020,070760516,1,9,0,7,7,3,7,0,0,1,0,0,0,0,4,1,6,6,1,29,6,999,1,0,FORD FIESTA,9,E01018528,0,-1
2020460997653,2020,460997653,1,9,0,18,19,7,3,0,0,1,0,0,0,0,1,1,6,6,1,18,4,1242,1,13,FORD FIESTA,4,E01024444,0,-1
2020461002037,2020,461002037,3,9,0,4,4,1,5,0,0,0,0,0,0,0,2,1,6,6,1,42,7,-1,-1,-1,FORD FIESTA,6,E01033091,0,-1
2020440366534,2020,440366534,1,9,0,9,9,8,3,0,0,8,0,0,0,0,1,1,6,6,1,20,4,1388,1,8,FORD FIESTA,8,E01017196,0,-1
2020320148360,2020,320148360,1,9,0,18,19,3,7,0,0,0,1,4,0,0,2,1,6,6,1,21,5,1499,2,6,FORD FIESTA,7,E01026106,0,-1
2020440414938,2020,440414938,2,9,0,18,19,4,8,0,0,0,0,0,0,0,2,1,6,6,1,27,6,1388,1,9,FORD FIESTA,6,E01022672,0,-1
2020137C60062,2020,137C60062,2,9,0,2,2,0,0,0,0,0,0,0,0,0,4,1,6,6,3,-1,-1,1242,1,3,FORD FIESTA,-1,-1,0,-1
2020460929699,2020,460929699,1,9,0,18,19,3,7,0,0,8,0,0,0,0,4,1,5,6,1,61,9,1084,1,2,FORD FIESTA,6,E01022253,0,-1
2020161011199,2020,161011199,1,9,0,18,19,2,6,0,0,1,0,0,0,0,1,1,5,6,2,24,5,1399,2,10,FORD FIESTA,1,E01013196,0,-1
2020430216261,2020,430216261,1,9,0,18,19,8,4,0,0,0,0,0,7,4,1,1,6,6,1,20,4,1388,1,15,FORD FIESTA,9,E01016540,0,-1
2020350936759,2020,350936759,1,9,0,5,5,2,4,0,0,1,0,0,0,0,3,1,5,6,2,31,6,1388,1,14,FORD FIESTA,6,E01033179,0,-1
2020451000552,2020,451000552,1,9,0,16,19,1,5,0,0,0,2,0,5,0,3,1,5,6,1,29,6,1399,2,16,FORD FIESTA,4,E01030496,0,-1
2020450930629,2020,450930629,3,9,0,18,19,2,6,0,0,0,1,0,1,9,1,1,5,6,1,43,7,1388,1,17,FORD FIESTA,6,E01002678,0,-1
2020302000938,2020,302000938,1,9,0,18,19,8,2,0,0,1,0,0,0,0,1,1,6,6,1,68,10,998,1,5,FORD FIESTA,-1,-1,0,-1
2020460919331,2020,460919331,2,9,0,4,4,6,2,0,0,4,0,0,0,0,2,1,1,1,1,-1,-1,1242,1,5,FORD FIESTA,1,E01024710,0,-1
2020070478890,2020,070478890,1,9,0,9,9,3,8,0,0,8,0,0,0,0,1,1,6,6,1,17,4,1242,1,7,FORD FIESTA,8,E01012557,0,-1
2020052001050,2020,052001050,1,9,0,18,19,3,7,0,0,0,0,0,0,0,1,1,6,6,2,61,9,1084,1,3,FORD FIESTA,4,E01006543,0,-1
2020440230693,2020,440230693,1,9,0,18,19,2,6,0,0,0,5,0,8,10,1,1,6,6,1,22,5,1242,1,12,FORD FIESTA,1,E01017035,0,-1
2020040965890,2020,040965890,1,9,0,17,19,3,7,9,9,2,0,0,1,11,1,1,6,6,1,18,4,998,1,5,FORD FIESTA,6,E01025222,0,-1
2020170H10840,2020,170H10840,1,9,0,18,19,7,3,0,0,8,0,0,0,0,1,1,6,6,1,45,7,998,1,6,FORD FIESTA,2,E01011962,0,-1
2020420931539,2020,420931539,2,9,0,18,19,4,8,0,0,1,0,0,0,0,1,1,2,2,2,24,5,998,1,4,FORD FIESTA,6,E01021536,0,-1
2020201005154,2020,201005154,1,9,0,18,19,2,6,0,0,1,0,10,3,10,1,1,6,6,1,21,5,1242,1,9,FORD FIESTA,1,E01009311,0,-1
2020010286797,2020,010286797,2,9,0,9,9,7,4,0,0,8,0,0,0,0,4,1,2,2,2,52,8,1388,1,10,FORD FIESTA,9,E01001123,0,-1
2020400926413,2020,400926413,2,9,0,18,19,3,7,0,0,1,0,0,0,0,1,1,6,6,2,72,10,1242,1,14,FORD FIESTA,6,E01023341,0,-1
2020622000762,2020,622000762,1,9,0,17,19,7,3,0,0,0,2,10,8,10,1,1,6,6,1,20,4,1242,1,13,FORD FIESTA,1,W01000921,0,-1
2020500946296,2020,500946296,1,9,0,18,19,3,7,0,0,1,0,0,0,0,4,1,2,2,1,31,6,1242,1,14,FORD FIESTA,5,E01015164,0,-1
2020370946899,2020,370946899,1,9,0,5,5,1,5,0,0,0,0,0,0,0,1,1,2,2,1,36,7,998,1,1,FORD FIESTA,3,E01021649,0,-1
2020500939652,2020,500939652,3,9,0,3,3,1,5,0,0,0,0,0,0,0,2,1,6,6,1,29,6,998,1,1,FORD FIESTA,7,E01019892,0,-1
2020990937733,2020,990937733,1,9,0,18,19,1,5,0,0,0,1,0,0,0,1,1,6,6,1,18,4,1242,1,15,FORD FIESTA,8,-1,0,-1
2020420981977,2020,420981977,1,9,0,18,19,5,1,0,0,0,0,0,1,7,1,1,5,6,1,39,7,1388,1,17,FORD FIESTA,8,E01033461,0,-1
2020360954015,2020,360954015,1,9,0,17,19,6,4,0,0,0,0,0,7,4,1,1,6,6,2,86,11,998,1,7,FORD FIESTA,5,E01026783,0,-1
2020450940742,2020,450940742,1,9,0,18,19,3,7,0,0,1,0,0,0,0,0,1,6,6,2,33,6,1084,1,1,FORD FIESTA,9,E01030488,0,-1
2020471006236,2020,471006236,1,9,0,5,5,7,3,0,0,0,0,0,0,0,1,1,6,6,1,22,5,1388,1,13,FORD FIESTA,4,E01021071,0,-1
2020010265386,2020,010265386,1,9,0,99,99,9,9,99,99,9,9,99,9,99,2,9,6,6,1,20,4,1388,1,17,FORD FIESTA,4,E01002718,0,-1
2020052000858,2020,052000858,1,9,0,9,9,7,5,0,0,5,0,0,0,0,4,1,2,2,1,33,6,1242,1,13,FORD FIESTA,1,E01006460,0,-1
2020370941097,2020,370941097,1,9,0,9,9,6,4,0,0,8,0,0,0,0,4,1,5,6,1,47,8,998,1,5,FORD FIESTA,7,E01033449,0,-1
2020552000117,2020,552000117,2,9,0,18,19,3,7,0,0,8,0,0,1,11,4,1,2,2,2,19,4,1242,1,9,FORD FIESTA,9,E01020371,0,-1
2020460981943,2020,460981943,1,9,0,9,9,5,2,0,0,1,0,0,0,0,4,1,5,6,1,30,6,1242,1,4,FORD FIESTA,6,E01015961,0,-1
2020470978243,2020,470978243,1,9,0,8,8,3,5,0,0,1,0,0,0,0,1,1,5,6,2,53,8,1242,1,3,FORD FIESTA,7,E01031677,0,-1
2020100972847,2020,100972847,1,9,0,5,5,7,3,0,0,4,0,0,0,0,1,1,6,6,1,72,10,1388,1,12,FORD FIESTA,-1,-1,0,-1
2020990958569,2020,990958569,1,9,0,7,7,4,7,0,0,4,1,9,0,0,3,1,5,6,1,18,4,1596,1,8,FORD FIESTA,2,-1,0,-1
2020210941071,2020,210941071,1,9,0,16,19,7,2,0,0,0,0,0,0,0,1,1,6,6,1,17,4,1596,1,8,FORD FIESTA,3,E01029397,0,-1
2020070096337,2020,070096337,1,9,0,7,7,2,4,0,0,6,0,0,0,0,1,1,6,6,2,27,6,1242,1,12,FORD FIESTA,3,E01018543,0,-1
2020430161758,2020,430161758,2,9,0,4,4,4,8,0,0,3,0,0,0,0,2,1,6,6,1,18,4,1242,1,11,FORD FIESTA,7,E01017860,0,-1
2020030948584,2020,030948584,2,9,0,18,19,7,3,0,0,8,0,0,0,0,1,1,2,2,2,56,9,998,1,7,FORD FIESTA,7,E01019214,0,-1
2020430360856,2020,430360856,1,9,0,2,2,0,0,0,0,0,0,0,0,0,2,1,6,6,2,29,6,1560,2,9,FORD FIESTA,10,E01017768,0,-1
2020070779330,2020,070779330,1,9,0,18,19,5,2,0,0,1,0,0,0,0,1,1,2,2,1,51,8,1242,1,5,FORD FIESTA,5,E01018622,0,-1
2020010258225,2020,010258225,2,9,0,9,9,7,5,0,0,2,0,0,0,0,1,1,6,6,2,71,10,1242,1,5,FORD FIESTA,4,E01000029,0,-1
2020430275330,2020,430275330,1,9,0,16,19,1,4,0,0,0,0,0,7,9,3,1,6,6,1,70,10,998,1,4,FORD FIESTA,5,E01028697,0,-1
2020622000179,2020,622000179,1,9,0,18,19,5,1,0,0,0,0,7,1,0,3,1,6,6,1,87,11,1242,1,8,FORD FIESTA,1,W01001422,0,-1
2020440416326,2020,440416326,1,9,0,7,7,3,6,0,0,2,0,0,0,0,1,1,6,6,1,24,5,1596,1,3,FORD FIESTA,3,E01017244,0,-1
2020471009995,2020,471009995,2,9,0,3,3,3,7,0,0,1,0,0,0,0,1,1,6,6,1,48,8,998,1,1,FORD FIESTA,2,E01031341,0,-1
2020010238129,2020,010238129,2,9,0,18,19,7,3,0,0,8,0,0,0,0,1,1,1,1,2,49,8,1242,1,9,FORD FIESTA,5,E01003949,0,-1
2020420918174,2020,420918174,1,9,0,18,19,3,7,0,0,0,0,0,0,0,1,1,5,6,1,18,4,1242,1,10,FORD FIESTA,7,E01022087,0,-1
2020460973984,2020,460973984,1,9,0,4,4,4,8,0,0,0,1,0,0,0,1,1,5,6,2,25,5,1084,1,1,FORD FIESTA,7,E01024333,0,-1
2020430323646,2020,430323646,2,9,0,3,3,6,2,0,0,1,0,0,0,0,2,1,2,2,1,37,7,1242,1,12,FORD FIESTA,4,E01016347,0,-1