collision_index,collision_year,collision_ref_no,vehicle_reference,vehicle_type,towing_and_articulation,vehicle_manoeuvre_historic,vehicle_manoeuvre,vehicle_direction_from,vehicle_direction_to,vehicle_location_restricted_lane_historic,vehicle_location_restricted_lane,junction_location,skidding_and_overturning,hit_object_in_carriageway,vehicle_leaving_carriageway,hit_object_off_carriageway,first_point_of_impact,vehicle_left_hand_drive,journey_purpose_of_driver_historic,journey_purpose_of_driver,sex_of_driver,age_of_driver,age_band_of_driver,engine_capacity_cc,propulsion_code,age_of_vehicle,generic_make_model,driver_imd_decile,lsoa_of_driver,escooter_flag,driver_distance_banding
2020070739604,2020,070739604,1,9,0,18,19,1,5,0,0,1,0,0,0,0,1,1,6,6,1,68,10,998,1,7,FORD FIESTA,8,E01012435,0,-1
2020040924894,2020,040924894,2,9,0,18,19,3,7,0,0,0,0,0,0,0,3,1,5,6,1,38,7,1242,1,10,FORD FIESTA,1,E01025049,0,-1
2020522002870,2020,522002870,2,9,0,9,9,5,3,0,0,6,0,0,0,0,1,1,6,6,1,19,4,1388,1,17,FORD FIESTA,4,E01032516,0,-1
2020302000121,2020,302000121,5,9,0,2,2,0,0,0,0,0,0,0,0,0,0,1,6,6,3,-1,-1,1242,1,23,FORD FIESTA,5,E01019456,0,-1
2020040918185,2020,040918185,2,9,0,18,19,5,1,0,0,0,0,0,0,0,1,1,5,6,1,45,7,1596,1,6,FORD FIESTA,8,E01025549,0,-1
2020010228461,2020,010228461,1,9,0,99,99,9,9,99,99,9,9,99,9,99,2,9,6,6,1,19,4,998,1,1,FORD FIESTA,3,E01002215,0,-1
2020340N04582,2020,340N04582,2,9,0,5,5,1,5,0,0,8,0,0,7,2,1,1,6,6,1,36,7,1399,2,9,FORD FIESTA,6,E01032977,0,-1
2020200977987,2020,200977987,1,9,0,18,19,1,5,0,0,0,5,4,0,0,1,1,6,6,1,89,11,998,1,3,FORD FIESTA,5,E01009312,0,-1
2020500987405,2020,500987405,1,9,0,18,19,3,8,0,0,0,0,0,0,0,1,1,1,1,1,23,5,999,1,0,FORD FIESTA,2,E01015072,0,-1
2020440098688,2020,440098688,1,9,0,9,9,4,2,0,0,8,0,0,0,0,3,1,2,2,2,31,6,1242,1,5,FORD FIESTA,2,E01022833,0,-1
2020010240890,2020,010240890,1,9,0,16,19,3,7,0,0,3,1,0,0,0,3,1,6,6,1,28,6,1242,1,8,FORD FIESTA,3,E01001858,0,-1
2020010256676,2020,010256676,1,9,0,3,3,7,3,0,0,1,0,0,0,0,2,1,6,6,1,33,6,1084,1,2,FORD FIESTA,2,E01004284,0,-1
202031B062120,2020,31B062120,2,9,0,2,2,0,0,0,0,1,0,0,0,0,2,1,6,6,1,55,8,1388,1,13,FORD FIESTA,6,E01028326,0,-1
2020610017220,2020,610017220,1,9,0,16,19,5,8,0,0,0,0,0,0,11,1,1,6,6,1,20,4,998,1,4,FORD FIESTA,7,W01001507,0,-1
2020010268581,2020,010268581,1,9,0,9,9,1,7,0,0,8,0,0,0,0,1,2,6,6,1,84,11,1388,1,16,FORD FIESTA,2,E01002054,0,-1
2020010229000,2020,010229000,1,9,0,9,9,5,3,0,0,8,0,0,0,0,1,1,6,6,2,25,5,1299,1,19,FORD FIESTA,-1,-1,0,-1
2020010271207,2020,010271207,2,9,0,9,9,1,6,0,0,4,0,0,0,0,3,1,6,6,2,31,6,998,1,6,FORD FIESTA,7,E01001580,0,-1
2020552000835,2020,552000835,1,9,0,18,19,4,8,0,0,0,0,0,0,0,1,1,2,2,1,18,4,1200,1,21,FORD FIESTA,5,E01019887,0,-1
2020460921525,2020,460921525,2,9,0,2,2,0,0,0,0,0,0,0,0,0,4,1,5,6,2,26,6,1242,1,4,FORD FIESTA,2,E01016041,0,-1
2020450977895,2020,450977895,1,9,0,18,19,1,3,0,0,8,0,0,0,0,4,1,6,6,1,21,5,1242,1,5,FORD FIESTA,9,E01030687,0,-1
2020500996095,2020,500996095,1,9,0,18,19,6,2,0,0,0,0,0,0,0,1,1,5,6,1,72,10,1242,1,8,FORD FIESTA,6,E01015116,0,-1
2020040990941,2020,040990941,1,9,0,9,9,3,7,0,0,0,0,0,1,10,1,1,5,6,2,17,4,998,1,7,FORD FIESTA,8,E01025547,0,-1
2020302000721,2020,302000721,1,9,0,4,4,4,8,0,0,1,0,0,0,0,2,1,6,6,2,30,6,1084,1,1,FORD FIESTA,9,E01033531,0,-1
2020470948569,2020,470948569,1,9,0,18,19,3,7,0,0,1,0,4,0,0,1,1,5,6,1,22,5,1388,1,13,FORD FIESTA,3,E01020991,0,-1
2020460923011,2020,460923011,2,9,0,18,19,4,8,0,0,0,1,0,1,0,3,1,5,6,2,26,6,998,1,3,FORD FIESTA,1,E01024196,0,-1
2020420965958,2020,420965958,1,9,0,9,9,1,5,0,0,8,0,0,0,0,1,1,6,6,2,18,4,998,1,5,FORD FIESTA,10,E01021643,0,-1
2020052000607,2020,052000607,2,9,0,18,19,7,3,0,0,6,0,0,0,0,3,1,6,6,2,24,5,998,1,1,FORD FIESTA,1,E01007007,0,-1
2020440420728,2020,440420728,1,9,0,18,19,3,7,0,0,0,2,0,0,0,1,1,6,6,1,18,4,1242,1,16,FORD FIESTA,9,E01022727,0,-1
2020430031833,2020,430031833,2,9,0,17,19,4,8,0,0,0,0,0,0,0,3,1,6,6,2,51,8,1596,1,15,FORD FIESTA,10,E01017677,0,-1
2020161011582,2020,161011582,1,9,0,18,19,8,4,0,0,1,0,0,0,0,1,1,6,6,1,30,6,1399,2,10,FORD FIESTA,1,E01012790,0,-1
2020610026020,2020,610026020,2,9,0,16,19,3,6,0,0,0,0,0,0,0,1,1,6,6,2,21,5,1242,1,12,FORD FIESTA,5,W01001939,0,-1
2020041000917,2020,041000917,2,9,0,2,2,0,0,6,6,0,0,0,0,0,0,1,2,2,1,33,6,998,1,7,FORD FIESTA,4,E01025071,0,-1
2020010284076,2020,010284076,1,9,0,99,99,9,9,99,99,8,9,99,9,99,2,1,6,6,1,66,10,998,1,7,FORD FIESTA,4,E01003784,0,-1
2020470985431,2020,470985431,1,9,0,18,19,7,3,0,0,1,0,0,0,0,3,1,5,6,2,50,8,1388,1,17,FORD FIESTA,8,E01017003,0,-1
2020460929993,2020,460929993,1,9,0,5,5,3,7,0,0,8,0,0,0,0,1,1,6,6,2,39,7,1242,1,9,FORD FIESTA,1,E01024295,0,-1
2020470982368,2020,470982368,2,9,0,4,4,1,4,0,0,2,0,0,0,0,2,1,5,6,1,31,6,1596,1,12,FORD FIESTA,1,E01020912,0,-1
2020030927035,2020,030927035,2,9,0,17,19,4,8,0,0,0,0,0,0,0,2,1,5,6,1,20,4,998,1,5,FORD FIESTA,3,E01025097,0,-1
2020200966747,2020,200966747,2,9,0,2,2,0,0,9,9,2,0,4,0,0,2,1,6,6,1,-1,-1,1399,2,9,FORD FIESTA,4,E01009711,0,-1
2020990946272,2020,990946272,1,9,0,1,1,5,1,9,9,0,0,0,0,0,2,1,2,2,2,55,8,1242,1,8,FORD FIESTA,-1,-1,0,-1
2020460919636,2020,460919636,2,9,0,18,19,5,1,0,0,1,0,0,0,0,1,1,5,6,1,23,5,1596,1,3,FORD FIESTA,5,E01016029,0,-1
2020471006133,2020,471006133,2,9,0,9,9,2,7,0,0,8,0,0,0,0,1,1,5,6,2,69,10,998,1,5,FORD FIESTA,10,E01031763,0,-1
2020420954369,2020,420954369,2,9,0,18,19,3,6,0,0,0,0,0,0,0,2,1,1,1,2,21,5,998,1,3,FORD FIESTA,5,E01021976,0,-1
2020420965684,2020,420965684,1,9,0,18,19,3,7,0,0,0,1,0,1,4,1,1,5,6,1,23,5,1242,1,14,FORD FIESTA,1,E01022001,0,-1
2020552100195,2020,552100195,2,9,0,4,4,7,3,0,0,0,0,0,0,0,2,1,2,2,1,20,4,1596,1,9,FORD FIESTA,8,E01020367,0,-1
2020070614578,2020,070614578,1,9,0,18,19,3,7,0,0,6,0,0,0,0,1,1,6,6,1,19,4,1596,1,7,FORD FIESTA,1,E01006574,0,-1
2020170M10510,2020,170M10510,2,9,0,4,4,2,6,0,0,7,0,0,0,0,2,1,2,2,1,22,5,1242,1,15,FORD FIESTA,6,E01012046,0,-1
2020140955962,2020,140955962,1,9,0,18,19,8,4,0,0,1,0,0,0,0,4,1,6,6,2,19,4,1499,2,7,FORD FIESTA,5,E01007853,0,-1
2020500941394,2020,500941394,1,9,0,16,19,6,8,0,0,0,0,12,0,0,1,1,2,2,1,22,5,1596,1,4,FORD FIESTA,6,E01020204,0,-1
2020420957036,2020,420957036,2,9,0,18,19,4,8,0,0,1,0,0,1,0,1,1,1,1,2,63,9,998,1,1,FORD FIESTA,9,E01021937,0,-1
2020622000951,2020,622000951,2,9,0,10,10,4,8,0,0,1,0,0,0,0,2,1,1,1,1,28,6,1242,1,4,FORD FIESTA,4,W01001152,0,-1
2020470953377,2020,470953377,1,9,0,18,19,3,7,0,0,8,0,0,0,0,0,1,6,6,1,30,6,1388,1,14,FORD FIESTA,4,E01031494,0,-1
202031D025320,2020,31D025320,1,9,0,18,19,4,8,0,0,8,0,0,0,0,4,1,6,6,1,20,4,1388,1,18,FORD FIESTA,1,E01013653,0,-1
2020410983326,2020,410983326,1,9,0,18,19,3,7,0,0,0,5,11,0,0,1,1,1,1,1,20,4,998,1,6,FORD FIESTA,7,E01023801,0,-1
202006K174148,2020,06K174148,1,9,0,18,19,5,1,0,0,0,0,0,0,0,1,1,6,6,1,30,6,998,1,2,FORD FIESTA,-1,-1,0,-1
2020361008196,2020,361008196,2,9,0,18,19,6,8,0,0,0,0,0,0,0,2,1,5,6,1,28,6,1999,1,13,FORD FIESTA,10,E01026907,0,-1
2020201003834,2020,201003834,2,9,0,13,13,5,1,0,0,2,0,0,0,0,4,1,6,6,3,-1,-1,998,1,3,FORD FIESTA,-1,-1,0,-1
2020461007641,2020,461007641,2,9,0,18,19,7,3,0,0,0,0,0,0,0,3,1,5,6,2,55,8,998,1,7,FORD FIESTA,8,E01016093,0,-1
2020990925676,2020,990925676,2,9,0,18,19,4,8,0,0,0,0,4,0,0,1,1,5,6,1,31,6,998,1,5,FORD FIESTA,9,-1,0,-1
2020140946578,2020,140946578,1,9,0,18,19,1,5,0,0,1,0,0,0,0,1,1,6,6,2,45,7,1388,1,15,FORD FIESTA,2,E01007950,0,-1
2020230979185,2020,230979185,1,9,0,7,7,8,2,0,0,1,0,0,0,0,3,1,2,2,2,55,8,998,1,5,FORD FIESTA,5,E01009654,0,-1
2020470925667,2020,470925667,1,9,0,7,7,7,1,0,0,4,0,0,0,0,3,1,2,2,2,34,6,1242,1,11,FORD FIESTA,8,E01031560,0,-1
2020010248590,2020,010248590,1,9,0,10,10,3,1,0,0,1,0,0,0,0,2,1,6,6,1,34,6,1388,1,13,FORD FIESTA,4,E01001061,0,-1
2020430033534,2020,430033534,1,9,0,18,19,1,5,0,0,4,0,0,0,0,3,1,6,6,1,-1,-1,998,1,5,FORD FIESTA,-1,-1,0,-1
2020520002152,2020,520002152,1,9,0,18,19,2,6,0,0,5,0,0,0,0,1,1,6,6,2,22,5,1242,1,17,FORD FIESTA,3,E01029339,0,-1
202063D029020,2020,63D029020,2,9,0,4,4,6,3,0,0,0,0,0,0,0,2,1,6,6,1,47,8,1596,1,3,FORD FIESTA,7,W01000475,0,-1
2020622000246,2020,622000246,1,9,0,18,19,2,6,0,0,0,0,0,0,0,1,1,6,6,1,18,4,1388,1,14,FORD FIESTA,1,W01001867,0,-1
2020137260323,2020,137260323,2,9,0,18,19,1,5,0,0,8,0,0,0,0,1,1,2,2,2,33,6,1242,1,5,FORD FIESTA,3,E01010779,0,-1
2020040957745,2020,040957745,1,9,0,4,4,1,5,0,0,1,0,0,0,0,2,1,5,6,2,34,6,1596,1,13,FORD FIESTA,3,E01025209,0,-1
2020302001055,2020,302001055,1,9,0,4,4,1,5,0,0,1,0,0,0,0,1,1,2,2,2,62,9,998,1,7,FORD FIESTA,7,E01019765,0,-1
2020052000241,2020,052000241,1,9,0,18,19,1,5,0,0,0,0,0,0,0,1,2,6,6,2,79,11,1388,1,11,FORD FIESTA,8,E01006888,0,-1
2020201003068,2020,201003068,2,9,0,3,3,1,5,0,0,0,0,0,0,0,2,1,6,6,2,24,5,1242,1,9,FORD FIESTA,3,E01010262,0,-1
2020101003945,2020,101003945,1,9,0,18,19,3,7,0,0,0,0,0,0,0,1,1,2,2,2,21,5,1242,1,9,FORD FIESTA,8,E01027407,0,-1
2020450959667,2020,450959667,3,9,0,18,19,5,1,0,0,1,0,0,0,0,1,1,2,2,1,26,6,1388,1,16,FORD FIESTA,9,E01030539,0,-1
2020610039320,2020,610039320,2,9,0,18,19,2,6,0,0,0,0,0,1,0,1,1,6,6,1,37,7,1242,1,12,FORD FIESTA,3,W01001322,0,-1
2020010268787,2020,010268787,1,9,0,99,99,9,9,99,99,9,9,99,9,99,2,9,6,6,2,22,5,1399,2,11,FORD FIESTA,3,E01004208,0,-1
202031C112820,2020,31C112820,1,9,0,11,11,5,1,0,0,0,0,0,0,0,4,1,6,6,2,-1,-1,998,1,4,FORD FIESTA,9,E01008681,0,-1
2020500937798,2020,500937798,1,9,0,18,19,5,1,0,0,1,0,0,0,0,1,1,2,2,2,55,8,1242,1,21,FORD FIESTA,6,E01029316,0,-1
2020200961412,2020,200961412,2,9,0,18,19,4,8,0,0,8,0,0,0,0,3,1,6,6,2,63,9,1242,1,8,FORD FIESTA,2,E01008939,0,-1
2020990993148,2020,990993148,1,9,0,17,19,8,4,0,0,0,0,0,0,0,1,1,5,6,2,45,7,1242,1,14,FORD FIESTA,5,-1,0,-1
2020040997334,2020,040997334,1,9,0,18,19,5,1,0,0,0,0,0,0,0,1,1,6,6,1,57,9,1399,2,10,FORD FIESTA,7,E01032084,0,-1
2020460918508,2020,460918508,2,9,0,16,19,8,3,0,0,1,0,0,2,4,1,1,5,6,1,23,5,998,1,2,FORD FIESTA,4,E01016141,0,-1
2020040998898,2020,040998898,2,9,0,18,19,3,7,0,0,4,0,0,0,0,2,1,5,6,1,34,6,1242,1,9,FORD FIESTA,3,E01025269,0,-1
2020302001668,2020,302001668,1,9,0,18,19,1,5,0,0,0,0,0,0,0,1,1,6,6,1,27,6,1242,1,8,FORD FIESTA,3,E01019776,0,-1
2020200995385,2020,200995385,1,9,0,18,19,5,1,0,0,0,0,0,0,0,1,1,6,6,2,54,8,1399,2,8,FORD FIESTA,8,E01010162,0,-1
2020450930444,2020,450930444,1,9,0,18,19,1,5,0,0,0,0,0,0,0,4,1,6,6,1,19,4,1388,1,8,FORD FIESTA,8,E01030537,0,-1
2020420928384,2020,420928384,1,9,0,16,19,1,5,0,0,0,0,0,0,0,4,1,6,6,1,27,6,1388,1,17,FORD FIESTA,4,E01016008,0,-1
2020052001734,2020,052001734,1,9,0,18,19,7,3,0,0,0,1,0,0,0,1,1,6,6,1,20,4,1242,1,8,FORD FIESTA,1,E01007293,0,-1
2020470990389,2020,470990389,2,9,0,18,19,3,7,0,0,0,0,0,0,0,1,1,2,2,1,22,5,1242,1,14,FORD FIESTA,6,E01031777,0,-1
2020420925280,2020,420925280,3,9,0,3,3,2,6,0,0,0,0,0,0,0,2,1,5,6,1,42,7,1242,1,14,FORD FIESTA,3,E01021588,0,-1
2020440204010,2020,440204010,2,9,0,18,19,7,3,0,0,8,0,0,0,0,4,1,6,6,1,23,5,998,1,6,FORD FIESTA,3,E01017105,0,-1
2020340W06882,2020,340W06882,2,9,0,18,19,7,3,0,0,2,0,0,0,0,3,1,6,6,1,80,11,1560,2,7,FORD FIESTA,10,E01027324,0,-1
2020622000151,2020,622000151,4,9,0,18,19,8,4,0,0,0,0,0,0,0,2,1,1,1,2,42,7,1242,1,6,FORD FIESTA,1,W01000504,0,-1
2020520001227,2020,520001227,2,9,0,18,19,5,1,0,0,8,0,0,0,0,1,1,6,6,1,19,4,1242,1,14,FORD FIESTA,3,E01029072,0,-1
2020010280157,2020,010280157,1,9,0,9,9,2,7,0,0,8,0,0,0,0,4,1,2,2,1,30,6,1388,1,15,FORD FIESTA,3,E01003127,0,-1
2020122000253,2020,122000253,1,9,0,18,19,8,4,0,0,0,2,11,1,10,1,1,6,6,1,28,6,1242,1,16,FORD FIESTA,8,E01012939,0,-1
2020040952927,2020,040952927,2,9,0,9,9,7,4,0,0,8,0,0,0,0,3,1,5,6,1,49,8,998,1,1,FORD FIESTA,1,E01024865,0,-1
2020052000253,2020,052000253,2,9,0,18,19,3,7,0,0,0,1,0,5,6,3,1,6,6,2,19,4,1242,1,11,FORD FIESTA,2,E01006464,0,-1
2020420920573,2020,420920573,1,9,0,9,9,3,8,0,0,1,0,0,0,0,1,1,6,6,2,75,10,998,1,0,FORD FIESTA,7,E01021635,0,-1
2020420924545,2020,420924545,3,9,0,7,7,4,3,9,9,0,0,0,1,0,1,1,1,1,1,57,9,1499,2,5,FORD FIESTA,8,E01021911,0,-1
2020040956744,2020,040956744,1,9,0,18,19,5,1,0,0,4,0,0,0,0,1,1,5,6,1,86,11,1242,1,10,FORD FIESTA,9,E01025277,0,-1
202063C022820,2020,63C022820,1,9,0,18,19,3,7,0,0,0,2,0,2,10,1,1,6,6,1,19,4,1242,1,13,FORD FIESTA,1,W01000601,0,-1
2020052001548,2020,052001548,1,9,0,9,9,3,1,0,0,8,0,0,0,0,1,1,6,6,2,59,9,998,1,2,FORD FIESTA,1,E01007303,0,-1
2020552001205,2020,552001205,1,9,0,1,1,7,3,0,0,6,0,0,0,0,4,1,1,1,1,34,6,1242,1,15,FORD FIESTA,3,E01015285,0,-1
2020201003560,2020,201003560,1,9,0,3,3,5,1,0,0,1,0,0,0,0,2,1,6,6,1,75,10,1596,1,12,FORD FIESTA,6,E01009598,0,-1
2020400943454,2020,400943454,3,9,0,2,2,0,0,0,0,2,0,0,0,0,2,1,6,6,1,22,5,1596,1,10,FORD FIESTA,4,E01017505,0,-1
2020010275282,2020,010275282,1,8,0,6,6,1,1,0,0,8,0,0,0,0,4,1,1,1,1,42,7,1596,1,6,-1,2,E01003726,0,-1
2020460939287,2020,460939287,2,9,0,18,19,1,5,0,0,0,0,0,0,0,1,1,1,1,2,38,7,1242,1,6,FORD FIESTA,3,E01016152,0,-1
2020990974183,2020,990974183,1,9,0,18,19,3,7,0,0,0,0,0,0,0,1,1,5,6,1,77,11,998,1,7,FORD FIESTA,-1,-1,0,-1
2020622000934,2020,622000934,1,9,0,11,11,3,7,0,0,5,5,0,1,9,1,1,6,6,1,40,7,1388,1,16,FORD FIESTA,7,W01001028,0,-1
2020420930481,2020,420930481,1,9,0,1,1,3,7,0,0,0,0,0,0,0,2,1,5,6,1,17,4,998,1,5,FORD FIESTA,9,E01021933,0,-1
2020220982915,2020,220982915,2,9,0,18,19,1,5,0,0,8,0,0,0,0,1,1,3,7,2,48,8,998,1,5,FORD FIESTA,5,E01032371,0,-1
2020420940117,2020,420940117,1,9,0,18,19,3,7,0,0,0,0,0,0,0,1,1,6,6,1,40,7,1399,2,18,FORD FIESTA,5,E01021338,0,-1
2020610021020,2020,610021020,1,9,0,10,10,1,3,0,0,1,0,0,0,0,2,1,6,6,2,36,7,1242,1,16,FORD FIESTA,5,W01001589,0,-1
2020421012223,2020,421012223,2,9,0,18,19,1,5,0,0,0,0,0,0,0,2,1,6,6,1,52,8,1999,1,13,FORD FIESTA,8,E01021604,0,-1
202054B594520,2020,54B594520,3,9,0,17,19,5,1,0,0,0,0,0,0,0,2,1,6,6,2,22,5,1388,1,10,FORD FIESTA,6,E01032117,0,-1
2020460974224,2020,460974224,1,9,0,18,19,1,2,0,0,0,0,0,0,0,1,1,6,6,2,23,5,1399,2,14,FORD FIESTA,2,E01016068,0,-1
2020622000566,2020,622000566,2,9,0,18,19,2,6,0,0,1,0,0,0,0,1,1,6,6,1,19,4,998,1,5,FORD FIESTA,8,W01001242,0,-1
2020450972384,2020,450972384,1,9,0,17,19,3,5,0,0,0,1,4,0,0,1,1,5,6,1,19,4,998,1,5,FORD FIESTA,10,E01030533,0,-1
2020990970869,2020,990970869,4,9,0,2,2,0,0,0,0,1,0,0,0,0,3,1,6,6,2,28,6,998,1,0,FORD FIESTA,7,-1,0,-1
2020990961421,2020,990961421,1,9,0,9,9,1,7,0,0,8,0,0,0,0,3,1,6,6,1,23,5,1242,1,16,FORD FIESTA,8,-1,0,-1
2020500930139,2020,500930139,2,9,0,18,19,1,5,0,0,0,0,0,0,0,4,1,5,6,2,56,9,1560,2,12,FORD FIESTA,6,E01015109,0,-1
2020201003632,2020,201003632,1,9,0,5,5,1,8,0,0,6,0,0,0,0,1,1,6,6,1,19,4,1596,1,7,FORD FIESTA,-1,-1,0,-1
202006L275663,2020,06L275663,2,9,0,18,19,2,6,0,0,8,1,0,0,0,1,1,2,2,1,22,5,1496,1,1,FORD FIESTA,2,E01006333,0,-1
2020100962799,2020,100962799,2,9,0,18,19,7,3,0,0,0,0,0,0,0,4,1,6,6,2,18,4,1242,1,13,FORD FIESTA,5,E01008346,0,-1
2020052001651,2020,052001651,5,9,0,18,19,6,8,0,0,8,0,0,0,0,3,1,6,6,2,68,10,1399,2,13,FORD FIESTA,5,E01007143,0,-1
2020460983029,2020,460983029,1,19,0,18,19,1,5,0,0,0,0,0,0,0,1,1,6,6,1,30,6,1399,2,16,FORD FIESTA,6,E01023988,0,-1
2020010236055,2020,010236055,3,9,0,99,99,9,9,99,99,9,9,99,9,99,0,9,6,6,3,-1,-1,1242,1,7,FORD FIESTA,-1,-1,0,-1
2020440244992,2020,440244992,2,9,0,9,9,4,2,0,0,8,1,0,3,11,3,1,6,6,1,30,6,1242,1,5,FORD FIESTA,8,E01023141,0,-1
2020230930757,2020,230930757,1,9,0,9,9,1,6,0,0,5,0,0,0,0,1,2,6,6,2,49,8,1388,1,12,FORD FIESTA,7,E01031194,0,-1
2020461009430,2020,461009430,1,9,0,18,19,1,5,0,0,0,0,0,0,0,1,1,6,6,2,-1,-1,1388,1,12,FORD FIESTA,5,E01016158,0,-1
2020430229925,2020,430229925,2,9,0,18,19,7,3,0,0,8,0,0,0,0,1,1,6,6,1,40,7,1399,2,13,FORD FIESTA,-1,-1,0,-1
20201372R0509,2020,1372R0509,1,9,0,18,19,7,3,0,0,8,0,0,0,0,3,1,6,6,1,54,8,1299,1,22,FORD FIESTA,6,E01011599,0,-1
2020501006913,2020,501006913,1,9,0,12,12,3,7,2,2,0,0,0,0,0,3,1,6,6,2,41,7,1388,1,18,FORD FIESTA,7,E01018795,0,-1
2020530964379,2020,530964379,2,9,0,18,19,7,3,0,0,0,0,0,0,0,4,1,6,6,2,49,8,1388,1,13,FORD FIESTA,8,E01022313,0,-1
2020140990361,2020,140990361,1,9,0,18,19,1,5,0,0,1,0,0,0,0,1,1,2,2,1,49,8,-1,-1,-1,FORD FIESTA,8,E01015068,0,-1
2020420985838,2020,420985838,1,9,0,9,9,5,3,0,0,6,0,0,0,0,3,1,5,6,1,23,5,998,1,1,FORD FIESTA,8,E01021690,0,-1
2020010270960,2020,010270960,1,9,0,99,99,9,9,99,99,9,9,99,9,99,9,9,2,2,2,61,9,1388,1,8,FORD FIESTA,3,E01000109,0,-1
2020010268349,2020,010268349,2,9,0,18,19,3,7,0,0,1,0,0,0,0,2,1,6,6,2,26,6,1242,1,13,FORD FIESTA,6,E01001984,0,-1
2020371015518,2020,371015518,1,9,0,18,19,5,1,0,0,1,0,0,1,4,1,1,5,6,1,18,4,1388,1,12,FORD FIESTA,9,E01030033,0,-1
2020451011195,2020,451011195,2,9,0,18,19,1,5,0,0,0,0,0,1,0,3,1,5,6,1,29,6,1242,1,13,FORD FIESTA,5,E01016367,0,-1
2020991014601,2020,991014601,2,9,0,4,4,5,1,0,0,0,1,0,0,0,1,1,6,6,1,57,9,998,1,5,FORD FIESTA,7,-1,0,-1
2020040988716,2020,040988716,1,9,0,8,8,5,1,0,0,3,0,0,1,0,2,1,2,2,2,25,5,998,1,5,FORD FIESTA,6,E01025496,0,-1
2020420964845,2020,420964845,2,9,0,18,19,3,7,0,0,0,2,0,1,0,3,1,6,6,2,34,6,998,1,0,FORD FIESTA,4,E01016008,0,-1
2020470922040,2020,470922040,1,9,0,18,19,5,2,0,0,0,0,0,0,0,1,1,3,7,2,50,8,998,1,7,FORD FIESTA,5,E01021195,0,-1
2020420929586,2020,420929586,1,9,0,18,19,7,3,0,0,8,0,0,0,0,1,1,6,6,1,18,4,1388,1,10,FORD FIESTA,9,E01021471,0,-1
2020460939128,2020,460939128,2,9,0,8,8,3,5,0,0,2,0,0,0,0,1,1,5,6,1,42,7,1499,2,6,FORD FIESTA,4,E01002267,0,-1
2020201020267,2020,201020267,1,9,0,5,5,2,6,0,0,6,0,0,0,0,1,1,6,6,2,25,5,998,1,1,FORD FIESTA,4,E01009522,0,-1
2020010258387,2020,010258387,1,9,0,99,99,9,9,99,99,9,9,99,9,99,1,9,6,6,1,23,5,1399,2,14,FORD FIESTA,6,E01030516,0,-1
202031A101420,2020,31A101420,3,9,0,2,2,0,0,0,0,1,0,0,0,0,3,1,6,6,3,-1,-1,1596,1,10,FORD FIESTA,-1,-1,0,-1
2020010263083,2020,010263083,2,9,0,99,99,9,9,99,99,9,9,99,9,99,1,9,6,6,3,-1,-1,-1,-1,-1,FORD FIESTA,-1,-1,0,-1
2020500997470,2020,500997470,2,9,0,3,3,8,4,0,0,0,0,0,0,0,2,1,6,6,1,59,9,1596,1,7,FORD FIESTA,7,E01019045,0,-1
2020070079114,2020,070079114,1,9,0,4,4,5,1,0,0,1,0,0,0,0,1,1,2,2,1,22,5,1242,1,12,FORD FIESTA,9,E01018684,0,-1
2020520002896,2020,520002896,2,9,0,18,19,1,5,0,0,8,0,0,0,0,1,1,6,6,1,18,4,998,1,2,FORD FIESTA,4,E01012292,0,-1
2020230967736,2020,230967736,2,9,0,18,19,4,8,0,0,8,0,0,0,0,4,1,5,6,2,31,6,998,1,5,FORD FIESTA,4,E01031045,0,-1
2020220960959,2020,220960959,2,9,0,9,9,2,8,0,0,5,0,0,7,0,1,1,5,6,2,31,6,998,1,5,FORD FIESTA,6,E01014082,0,-1
2020200939481,2020,200939481,1,9,0,4,4,2,8,0,0,1,0,0,0,0,4,1,2,2,2,23,5,1388,1,9,FORD FIESTA,1,E01009000,0,-1
2020302000731,2020,302000731,1,9,0,9,9,8,5,0,0,1,0,0,0,0,1,1,6,6,2,84,11,998,1,6,FORD FIESTA,9,E01019643,0,-1
2020160935206,2020,160935206,1,9,0,16,19,1,5,0,0,0,0,0,7,4,1,1,5,6,1,31,6,1399,2,10,FORD FIESTA,9,E01013304,0,-1
2020470995625,2020,470995625,1,9,0,17,19,5,8,0,0,0,0,0,1,1,1,1,1,1,2,33,6,1388,1,11,FORD FIESTA,1,E01021136,0,-1
2020990983448,2020,990983448,2,9,0,4,4,3,7,0,0,0,0,0,7,9,1,1,1,1,2,61,9,1499,2,1,FORD FIESTA,6,-1,0,-1
2020470974599,2020,470974599,1,9,0,18,19,7,3,0,0,8,0,0,0,0,1,1,6,6,2,23,5,1499,2,7,FORD FIESTA,9,E01031662,0,-1