collision_index,collision_year,collision_ref_no,vehicle_reference,vehicle_type,towing_and_articulation,vehicle_manoeuvre_historic,vehicle_manoeuvre,vehicle_direction_from,vehicle_direction_to,vehicle_location_restricted_lane_historic,vehicle_location_restricted_lane,junction_location,skidding_and_overturning,hit_object_in_carriageway,vehicle_leaving_carriageway,hit_object_off_carriageway,first_point_of_impact,vehicle_left_hand_drive,journey_purpose_of_driver_historic,journey_purpose_of_driver,sex_of_driver,age_of_driver,age_band_of_driver,engine_capacity_cc,propulsion_code,age_of_vehicle,generic_make_model,driver_imd_decile,lsoa_of_driver,escooter_flag,driver_distance_banding
2020420958655,2020,420958655,1,9,0,6,6,2,2,0,0,0,0,0,0,0,3,1,2,2,1,31,6,1560,2,9,FORD FIESTA,6,E01015860,0,-1
202006K269981,2020,06K269981,2,9,0,2,2,0,0,0,0,0,0,0,0,0,2,1,6,6,1,20,4,1242,1,9,FORD FIESTA,5,E01004785,0,-1
2020622000994,2020,622000994,2,9,0,9,9,2,8,0,0,5,0,0,0,0,1,1,1,1,1,18,4,1596,1,9,FORD FIESTA,4,W01000852,0,-1
2020122000421,2020,122000421,2,9,0,11,11,5,1,1,1,3,0,0,0,0,4,1,6,6,2,70,10,998,1,7,FORD FIESTA,10,E01013374,0,-1
2020010246114,2020,010246114,1,9,0,5,5,1,5,0,0,1,0,0,0,0,1,1,2,2,1,58,9,1084,1,1,FORD FIESTA,3,E01000719,0,-1
2020110989439,2020,110989439,2,9,0,18,19,4,8,0,0,1,0,0,0,0,1,1,5,6,2,34,6,1242,1,13,FORD FIESTA,3,E01020652,0,-1
2020990999966,2020,990999966,1,9,0,11,11,2,7,0,0,0,0,0,0,0,1,1,5,6,1,23,5,1242,1,13,FORD FIESTA,10,-1,0,-1
2020010271154,2020,010271154,1,9,0,5,5,4,8,0,0,1,0,0,0,0,4,1,6,6,1,35,6,1242,1,12,FORD FIESTA,10,E01030434,0,-1
202031A134120,2020,31A134120,3,9,0,18,19,6,3,0,0,0,0,0,0,0,1,1,6,6,1,47,8,1596,1,12,FORD FIESTA,5,E01028242,0,-1
2020200997665,2020,200997665,1,9,0,4,4,1,5,0,0,1,0,0,0,0,1,1,6,6,2,59,9,1499,2,7,FORD FIESTA,4,E01009394,0,-1
2020622000893,2020,622000893,2,9,0,3,3,8,4,0,0,0,0,0,0,0,2,1,6,6,2,21,5,1499,2,6,FORD FIESTA,5,W01000820,0,-1
2020010244792,2020,010244792,1,9,0,18,19,3,7,0,0,1,0,0,0,0,1,1,1,1,2,53,8,998,1,2,FORD FIESTA,2,E01004083,0,-1
2020100967280,2020,100967280,2,9,0,18,19,3,7,0,0,8,0,0,0,0,4,1,5,6,1,34,6,1388,1,14,FORD FIESTA,-1,-1,0,-1
2020460983759,2020,460983759,1,9,0,11,11,5,1,0,0,1,0,0,0,0,1,1,6,6,1,66,10,1596,1,13,FORD FIESTA,8,E01024403,0,-1
2020450978477,2020,450978477,1,9,0,18,19,2,6,0,0,0,0,0,0,0,3,1,5,6,2,22,5,1499,2,7,FORD FIESTA,9,E01030301,0,-1
2020137BG0311,2020,137BG0311,1,9,0,9,9,5,3,0,0,8,0,0,0,0,1,2,6,6,2,54,8,998,1,6,FORD FIESTA,8,E01011714,0,-1
2020450954199,2020,450954199,1,9,0,16,19,1,5,9,9,0,0,0,8,11,1,1,5,6,2,19,4,1242,1,6,FORD FIESTA,3,E01030385,0,-1
2020220961152,2020,220961152,1,9,0,16,19,7,1,0,0,0,5,0,8,11,1,1,2,2,2,19,4,1242,1,10,FORD FIESTA,5,E01014055,0,-1
2020200959165,2020,200959165,2,9,0,17,19,6,3,0,0,0,1,4,1,0,1,1,6,6,1,19,4,1242,1,13,FORD FIESTA,1,E01009025,0,-1
2020543924820,2020,543924820,1,8,0,18,19,5,1,0,0,1,0,0,0,0,2,1,1,1,1,64,9,998,1,6,-1,7,E01014649,0,-1
202063D013120,2020,63D013120,1,9,0,18,19,8,4,0,0,0,1,0,8,3,1,1,6,6,1,64,9,1499,2,3,FORD FIESTA,3,W01000454,0,-1
2020420957144,2020,420957144,1,9,0,18,19,3,7,0,0,3,0,0,0,0,1,1,5,6,2,60,9,998,1,2,FORD FIESTA,-1,-1,0,-1
202006F169882,2020,06F169882,2,9,0,4,4,8,4,0,0,1,0,0,0,0,2,1,6,6,2,24,5,1242,1,8,FORD FIESTA,7,E01005627,0,-1
2020010257439,2020,010257439,1,9,0,18,19,5,1,0,0,2,1,0,1,11,2,1,1,1,1,33,6,1242,1,9,FORD FIESTA,-1,-1,0,-1
2020137BJ0284,2020,137BJ0284,1,9,0,18,19,3,7,0,0,8,0,0,0,0,3,1,2,2,2,29,6,1388,1,16,FORD FIESTA,7,E01011396,0,-1
2020420996882,2020,420996882,2,9,0,18,19,7,7,0,0,1,0,10,0,0,1,1,5,6,2,21,5,1388,1,14,FORD FIESTA,6,E01021733,0,-1
2020010250790,2020,010250790,1,9,0,18,19,1,5,0,0,1,0,0,0,0,1,1,6,6,1,35,6,1596,1,16,FORD FIESTA,-1,-1,0,-1
2020340E06122,2020,340E06122,1,9,0,18,19,7,3,0,0,0,0,0,0,0,1,1,6,6,2,20,4,998,1,2,FORD FIESTA,5,E01027062,0,-1
2020200963013,2020,200963013,3,9,0,2,2,0,0,0,0,0,0,0,0,0,2,1,6,6,2,28,6,1242,1,14,FORD FIESTA,5,E01010306,0,-1
2020460944762,2020,460944762,1,9,0,9,9,1,7,0,0,0,0,0,3,1,1,1,5,6,1,20,4,1242,1,12,FORD FIESTA,9,E01024799,0,-1
2020052001590,2020,052001590,2,9,0,18,19,7,3,0,0,8,0,0,0,0,1,1,6,6,2,35,6,1242,1,12,FORD FIESTA,2,E01007294,0,-1
2020420925876,2020,420925876,1,9,0,5,5,3,7,0,0,0,0,0,0,0,2,1,5,6,2,18,4,1499,2,4,FORD FIESTA,9,E01021740,0,-1
2020010244516,2020,010244516,1,9,0,9,9,7,5,0,0,8,0,0,0,0,1,1,2,2,2,54,8,1388,1,11,FORD FIESTA,3,E01003295,0,-1
2020302001264,2020,302001264,2,9,0,4,4,5,8,0,0,0,0,0,0,0,2,1,6,6,1,26,6,1242,1,7,FORD FIESTA,3,E01028297,0,-1
2020302000643,2020,302000643,1,9,0,18,19,8,4,0,0,0,2,0,2,2,1,1,6,6,2,39,7,998,1,6,FORD FIESTA,6,E01027971,0,-1
2020052001042,2020,052001042,1,9,0,18,19,3,7,0,0,0,0,0,1,11,1,1,6,6,1,58,9,1242,1,6,FORD FIESTA,5,E01033096,0,-1
202063A068320,2020,63A068320,1,9,0,17,19,8,5,0,0,0,5,0,2,10,4,1,2,2,1,18,4,1242,1,14,FORD FIESTA,6,W01000674,0,-1
202006M274942,2020,06M274942,2,9,0,3,3,6,2,0,0,1,0,0,0,0,2,1,2,2,1,25,5,1242,1,4,FORD FIESTA,9,E01006154,0,-1
2020010244262,2020,010244262,1,9,0,18,19,2,6,0,0,2,0,0,0,0,1,1,6,6,1,19,4,998,1,5,FORD FIESTA,3,E01021823,0,-1
2020500964009,2020,500964009,2,9,0,18,19,7,3,0,0,0,0,0,0,0,2,1,6,6,2,66,10,1399,2,17,FORD FIESTA,3,E01018856,0,-1
2020471002419,2020,471002419,1,9,0,18,19,4,8,0,0,3,0,0,0,0,1,1,6,6,1,28,6,1388,1,16,FORD FIESTA,6,E01016938,0,-1
2020332000168,2020,332000168,1,9,0,18,19,1,5,0,0,0,0,0,0,0,1,1,1,1,1,51,8,1596,1,18,FORD FIESTA,4,E01013614,0,-1
2020010281461,2020,010281461,2,9,0,99,99,9,9,99,99,1,9,99,9,99,9,9,6,6,3,31,6,998,1,0,FORD FIESTA,6,E01003273,0,-1
2020440337615,2020,440337615,1,9,0,18,19,8,6,0,0,8,0,0,0,0,4,1,6,6,1,47,8,998,1,2,FORD FIESTA,4,E01020217,0,-1
2020010231666,2020,010231666,1,9,0,18,19,5,1,0,0,8,0,0,0,0,1,1,6,6,1,18,4,998,1,6,FORD FIESTA,3,E01002528,0,-1
2020052001674,2020,052001674,1,9,0,18,19,3,7,0,0,8,0,0,0,0,1,1,6,6,2,28,6,1242,1,10,FORD FIESTA,2,E01006618,0,-1
2020440287653,2020,440287653,1,9,0,18,19,8,4,0,0,0,0,0,0,0,1,1,6,6,1,30,6,1242,1,9,FORD FIESTA,6,E01028703,0,-1
2020137CC1102,2020,137CC1102,2,9,0,18,19,3,7,0,0,0,0,0,0,0,2,1,6,6,1,61,9,1388,1,15,FORD FIESTA,3,E01011670,0,-1
2020420938847,2020,420938847,2,9,0,9,9,3,5,0,0,4,0,0,0,0,3,1,5,6,2,29,6,1242,1,3,FORD FIESTA,7,E01021336,0,-1
2020450927242,2020,450927242,1,9,0,18,19,3,7,0,0,1,0,0,0,0,1,1,5,6,1,17,4,1388,1,10,FORD FIESTA,10,E01030780,0,-1
2020411011997,2020,411011997,1,9,0,8,8,1,5,0,0,1,0,0,0,0,0,1,5,6,2,40,7,1596,1,5,FORD FIESTA,4,E01023794,0,-1
2020990990807,2020,990990807,1,9,0,16,19,8,4,0,0,0,2,0,7,0,1,2,5,6,1,18,4,1242,1,12,FORD FIESTA,8,-1,0,-1
2020460924048,2020,460924048,1,9,0,16,19,5,7,0,0,0,2,0,2,0,1,1,5,6,1,20,4,998,1,4,FORD FIESTA,7,E01024727,0,-1
2020320059802,2020,320059802,1,9,0,18,19,4,1,0,0,2,0,0,0,0,4,1,6,6,2,24,5,998,1,6,FORD FIESTA,3,E01025894,0,-1
202063C087520,2020,63C087520,1,9,0,18,19,6,2,0,0,0,0,0,2,7,1,1,6,6,1,18,4,1242,1,9,FORD FIESTA,5,W01000567,0,-1
2020520004235,2020,520004235,2,9,0,18,19,1,5,0,0,1,0,0,0,0,1,1,6,6,1,50,8,1399,2,12,FORD FIESTA,-1,-1,0,-1
2020460941990,2020,460941990,1,9,0,7,7,5,2,0,0,6,2,0,1,0,1,1,5,6,1,19,4,1242,1,10,FORD FIESTA,1,E01024580,0,-1
2020400997262,2020,400997262,1,9,0,4,4,7,3,0,0,0,0,0,0,0,2,1,6,6,2,28,6,998,1,7,FORD FIESTA,5,E01017486,0,-1
2020420942129,2020,420942129,2,9,0,16,19,1,1,0,0,0,0,0,0,0,3,1,5,6,1,17,4,998,1,5,FORD FIESTA,2,E01021485,0,-1
2020010279693,2020,010279693,2,9,0,99,99,9,9,99,99,9,9,99,9,99,1,9,6,6,3,20,4,998,1,2,FORD FIESTA,7,E01000334,0,-1
2020201023043,2020,201023043,1,9,0,18,19,6,2,0,0,8,0,0,0,0,1,1,6,6,1,24,5,998,1,7,FORD FIESTA,2,E01010563,0,-1
2020010266543,2020,010266543,1,9,0,99,99,9,9,99,99,9,9,99,9,99,2,9,6,6,2,50,8,1242,1,10,FORD FIESTA,4,E01003934,0,-1
2020052000940,2020,052000940,1,9,0,9,9,5,3,0,0,5,0,0,0,0,1,1,6,6,1,34,6,1242,1,10,FORD FIESTA,3,E01006743,0,-1
2020370937806,2020,370937806,1,9,0,7,7,5,8,0,0,0,0,4,0,0,4,1,5,6,2,23,5,1399,2,13,FORD FIESTA,4,E01030022,0,-1
2020010270515,2020,010270515,1,9,0,99,99,9,9,99,99,9,9,99,9,99,2,9,6,6,2,57,9,998,1,2,FORD FIESTA,10,E01000836,0,-1
2020122000667,2020,122000667,2,9,0,10,10,5,1,0,0,1,0,0,0,0,1,1,6,6,1,33,6,1242,1,7,FORD FIESTA,-1,-1,0,-1
2020010234169,2020,010234169,1,9,9,18,19,1,5,99,99,9,9,99,9,99,9,9,6,6,2,38,7,1388,1,13,FORD FIESTA,2,E01003093,0,-1
2020052000108,2020,052000108,1,9,0,9,9,6,3,0,0,8,0,0,0,0,4,1,6,6,1,20,4,1499,2,4,FORD FIESTA,8,E01031861,0,-1
2020302000879,2020,302000879,1,9,0,18,19,6,2,0,0,0,0,0,1,7,2,1,6,6,1,67,10,1084,1,2,FORD FIESTA,8,E01027959,0,-1
2020350997204,2020,350997204,1,9,0,18,19,3,7,0,0,0,5,0,1,9,1,1,6,6,2,27,6,1242,1,11,FORD FIESTA,8,E01018236,0,-1
2020460951962,2020,460951962,1,9,0,10,10,3,7,0,0,1,0,0,0,0,4,1,5,6,1,34,6,1388,1,11,FORD FIESTA,6,E01024152,0,-1
2020332000184,2020,332000184,1,9,0,18,19,6,2,0,0,6,0,0,1,10,3,1,6,6,2,31,6,1388,1,12,FORD FIESTA,-1,-1,0,-1
2020360943276,2020,360943276,1,9,0,5,5,3,7,0,0,8,0,0,0,0,1,1,1,1,1,39,7,1399,2,12,FORD FIESTA,3,E01026639,0,-1
2020622001084,2020,622001084,2,9,0,3,3,6,2,0,0,0,0,0,0,0,2,1,6,6,1,31,6,1560,2,8,FORD FIESTA,2,W01000790,0,-1
2020332000240,2020,332000240,1,9,0,9,9,5,3,0,0,6,0,0,0,0,3,1,1,1,1,31,6,1242,1,17,FORD FIESTA,1,E01013761,0,-1
2020520001087,2020,520001087,1,9,0,18,19,8,4,0,0,0,0,0,0,0,1,1,6,6,1,27,6,1388,1,14,FORD FIESTA,5,E01029058,0,-1
2020440464826,2020,440464826,1,9,0,9,9,6,1,0,0,8,0,0,0,0,3,1,6,6,1,32,6,1596,1,6,FORD FIESTA,8,E01022754,0,-1
2020460981762,2020,460981762,1,9,0,18,19,7,3,0,0,0,1,0,1,0,4,1,2,2,2,19,4,1242,1,6,FORD FIESTA,1,E01024389,0,-1
2020160990641,2020,160990641,1,9,0,18,19,6,2,0,0,2,1,4,0,0,1,1,6,6,1,48,8,1399,2,13,FORD FIESTA,1,E01012798,0,-1
2020010266189,2020,010266189,2,9,9,99,99,9,9,99,99,9,9,99,9,99,9,1,6,6,1,40,7,1499,2,4,FORD FIESTA,4,E01003561,0,-1
202031D036520,2020,31D036520,1,9,0,18,19,5,1,0,0,2,0,0,0,0,1,1,6,6,2,56,9,1499,2,7,FORD FIESTA,5,E01028092,0,-1
2020420963409,2020,420963409,1,9,0,16,19,1,4,0,0,0,5,0,2,0,1,1,6,6,1,18,4,1399,2,14,FORD FIESTA,3,E01021726,0,-1
2020201005199,2020,201005199,2,9,0,18,19,4,8,0,0,8,0,0,0,0,4,1,6,6,2,28,6,1242,1,9,FORD FIESTA,3,E01009971,0,-1
2020420918086,2020,420918086,2,9,0,3,3,2,6,0,0,0,1,0,0,0,2,1,5,6,2,19,4,1084,1,2,FORD FIESTA,9,E01002364,0,-1
2020302001530,2020,302001530,1,9,0,18,19,3,8,0,0,0,2,0,0,0,2,1,6,6,1,18,4,1242,1,12,FORD FIESTA,1,E01008084,0,-1
2020010242776,2020,010242776,1,9,0,17,19,3,7,2,2,1,0,0,0,0,1,1,6,6,1,29,6,1242,1,15,FORD FIESTA,3,E01004575,0,-1
2020010261648,2020,010261648,3,9,0,99,99,9,9,99,99,9,9,99,9,99,2,9,6,6,3,-1,-1,1399,2,10,FORD FIESTA,-1,-1,0,-1
20201373J1578,2020,1373J1578,1,9,0,9,9,7,5,0,0,8,0,0,0,0,1,1,6,6,1,18,4,998,1,4,FORD FIESTA,4,E01011810,0,-1
2020010254913,2020,010254913,1,9,0,13,13,8,4,0,0,0,5,10,2,10,1,1,6,6,1,19,4,1242,1,10,FORD FIESTA,8,E01030853,0,-1
2020010275789,2020,010275789,1,9,0,99,99,9,9,0,0,1,0,0,0,0,1,9,6,6,3,48,8,1242,1,11,FORD FIESTA,7,E01002372,0,-1
2020040971596,2020,040971596,1,9,0,18,19,1,5,0,0,1,0,0,0,0,1,1,5,6,1,81,11,-1,-1,-1,FORD FIESTA,4,E01018337,0,-1
2020440061937,2020,440061937,1,9,0,18,19,2,6,0,0,8,0,0,0,0,4,1,2,2,2,22,5,998,1,5,FORD FIESTA,3,E01022670,0,-1
2020052001578,2020,052001578,2,9,0,18,19,5,1,0,0,0,0,0,0,0,2,1,6,6,2,49,8,998,1,3,FORD FIESTA,6,E01006988,0,-1
2020520101211,2020,520101211,1,9,0,18,19,6,2,0,0,0,0,0,0,0,1,1,6,6,1,60,9,1388,1,9,FORD FIESTA,7,E01029149,0,-1
2020990968873,2020,990968873,2,9,0,18,19,7,2,0,0,0,0,0,0,0,2,1,5,6,2,22,5,1242,1,4,FORD FIESTA,3,-1,0,-1
2020220927826,2020,220927826,2,9,0,18,19,1,5,0,0,8,0,0,0,0,1,1,5,6,2,42,7,998,1,6,FORD FIESTA,6,E01032222,0,-1
2020460980540,2020,460980540,1,9,0,18,19,4,8,0,0,0,0,0,0,0,1,1,6,6,1,-1,-1,1242,1,5,FORD FIESTA,5,E01016088,0,-1
2020530973509,2020,530973509,1,9,0,1,1,6,4,0,0,0,0,0,0,0,2,1,6,6,1,63,9,1242,1,5,FORD FIESTA,5,E01022231,0,-1
202063A035220,2020,63A035220,1,9,0,8,8,3,6,0,0,0,2,0,1,10,1,1,2,2,1,27,6,1399,2,10,FORD FIESTA,5,W01000725,0,-1
202031A061620,2020,31A061620,2,9,0,18,19,6,2,0,0,0,0,0,0,0,2,1,2,2,2,34,6,1242,1,15,FORD FIESTA,9,E01013557,0,-1
2020100988248,2020,100988248,1,9,0,18,19,5,1,0,0,0,1,0,0,0,1,1,5,6,2,30,6,1242,1,13,FORD FIESTA,5,E01027374,0,-1
2020360942876,2020,360942876,1,9,0,5,5,5,1,0,0,0,0,0,0,0,4,1,5,6,2,18,4,1242,1,13,FORD FIESTA,7,E01026676,0,-1
2020052002119,2020,052002119,2,9,0,18,19,3,7,0,0,8,0,0,0,0,3,1,6,6,1,50,8,1388,1,13,FORD FIESTA,1,E01006603,0,-1
2020320579225,2020,320579225,1,9,0,16,19,1,5,9,9,0,0,0,1,11,1,1,6,6,1,85,11,1399,2,13,FORD FIESTA,2,E01026382,0,-1
2020990941444,2020,990941444,2,9,0,4,4,6,2,0,0,0,0,0,0,0,2,1,6,6,2,46,8,998,1,4,FORD FIESTA,9,-1,0,-1
2020052001726,2020,052001726,1,9,0,18,19,5,1,0,0,0,0,0,0,0,4,1,6,6,1,19,4,1388,1,15,FORD FIESTA,2,E01006655,0,-1
2020432004103,2020,432004103,1,9,0,7,7,3,5,2,2,6,0,0,0,0,1,1,2,2,1,27,6,1999,1,15,FORD FIESTA,9,E01016793,0,-1
2020052000639,2020,052000639,1,9,0,16,19,7,3,0,0,0,0,0,0,0,1,1,6,6,1,56,9,1242,1,15,FORD FIESTA,2,E01006660,0,-1
2020990951948,2020,990951948,1,9,0,9,9,8,6,0,0,1,0,0,0,0,3,1,6,6,1,43,7,1399,2,11,FORD FIESTA,2,-1,0,-1
2020010251652,2020,010251652,2,9,0,18,19,5,1,0,0,2,9,99,0,0,1,1,6,6,1,-1,-1,1242,1,13,FORD FIESTA,7,E01002338,0,-1
2020040944042,2020,040944042,1,9,0,9,9,3,7,0,0,8,0,0,0,0,3,1,5,6,1,19,4,1596,1,12,FORD FIESTA,7,E01025559,0,-1
2020460955127,2020,460955127,1,9,0,9,9,6,2,0,0,1,0,0,0,0,3,1,5,6,1,17,4,1388,1,11,FORD FIESTA,7,E01024267,0,-1
2020230973300,2020,230973300,1,9,0,18,19,1,5,0,0,0,5,0,0,0,1,1,1,1,1,19,4,1242,1,10,FORD FIESTA,7,E01031244,0,-1
2020010265491,2020,010265491,2,9,0,99,99,9,9,99,99,9,9,99,9,99,1,9,6,6,3,-1,-1,998,1,4,FORD FIESTA,-1,-1,0,-1
2020990926464,2020,990926464,1,9,0,16,19,4,8,0,0,0,5,0,7,4,1,1,5,6,1,18,4,1388,1,12,FORD FIESTA,8,-1,0,-1
2020031003111,2020,031003111,2,9,0,18,19,5,1,0,0,2,0,0,0,0,3,1,6,6,1,17,4,998,1,7,FORD FIESTA,5,E01019282,0,-1
2020370958429,2020,370958429,1,9,0,18,19,-1,-1,0,0,1,0,0,0,0,4,1,5,6,1,29,6,1560,2,8,FORD FIESTA,4,E01030236,0,-1
2020140934151,2020,140934151,2,9,0,18,19,6,2,0,0,0,0,0,0,0,1,1,6,6,2,31,6,1499,2,5,FORD FIESTA,9,E01007432,0,-1
2020440424014,2020,440424014,2,9,0,7,7,8,2,0,0,8,0,0,0,0,2,1,6,6,1,36,7,998,1,3,FORD FIESTA,10,E01022725,0,-1
2020420920053,2020,420920053,1,9,0,18,19,7,3,0,0,1,0,0,0,0,4,1,6,6,1,18,4,1242,1,4,FORD FIESTA,6,E01029906,0,-1
2020052002599,2020,052002599,2,9,0,18,19,1,5,0,0,1,0,0,0,0,1,1,6,6,2,49,8,1084,1,2,FORD FIESTA,3,E01007178,0,-1
2020430187480,2020,430187480,1,9,0,4,4,7,3,0,0,1,0,0,0,0,1,1,6,6,1,25,5,998,1,3,FORD FIESTA,2,E01028569,0,-1
2020460991788,2020,460991788,2,9,0,4,4,5,1,0,0,8,0,0,0,0,2,1,6,6,2,18,4,1242,1,10,FORD FIESTA,9,E01023995,0,-1
2020010257749,2020,010257749,1,9,9,99,99,9,9,99,99,9,9,99,9,99,9,9,6,6,1,19,4,998,1,2,FORD FIESTA,2,E01000941,0,-1
2020370943370,2020,370943370,1,9,0,17,19,7,3,0,0,0,0,0,7,4,2,1,3,7,2,29,6,1596,1,13,FORD FIESTA,6,E01030245,0,-1
2020041016351,2020,041016351,1,9,0,18,19,1,2,0,0,0,0,0,0,0,1,1,6,6,2,35,6,1399,2,12,FORD FIESTA,1,E01024885,0,-1
2020220978733,2020,220978733,3,9,0,7,7,2,4,0,0,6,0,0,0,0,1,1,2,2,2,57,9,1560,2,11,FORD FIESTA,5,E01014097,0,-1
2020160937462,2020,160937462,1,9,0,6,6,2,2,0,0,2,0,0,0,0,3,1,5,6,1,31,6,1388,1,11,FORD FIESTA,4,E01012870,0,-1
2020470959564,2020,470959564,2,9,0,18,19,5,1,0,0,8,5,0,7,4,1,1,2,2,1,32,6,1242,1,5,FORD FIESTA,3,E01021065,0,-1
2020460987179,2020,460987179,2,9,0,18,19,8,4,0,0,7,0,0,0,0,2,1,6,6,1,60,9,1596,1,6,FORD FIESTA,7,E01024727,0,-1
2020070519152,2020,070519152,1,9,0,5,5,7,3,0,0,0,0,0,0,0,1,1,6,6,1,19,4,998,1,5,FORD FIESTA,8,E01012538,0,-1
2020450978418,2020,450978418,2,9,0,18,19,1,5,0,0,0,0,0,0,0,1,1,5,6,1,19,4,998,1,6,FORD FIESTA,10,E01030357,0,-1
2020070763880,2020,070763880,1,9,0,18,19,5,1,0,0,8,0,0,0,0,1,1,2,2,2,54,8,1299,1,17,FORD FIESTA,6,E01018394,0,-1
2020470946058,2020,470946058,1,9,0,17,19,5,2,0,0,0,5,0,1,1,1,1,6,6,1,20,4,1242,1,16,FORD FIESTA,9,E01021168,0,-1
2020501007379,2020,501007379,1,9,0,18,19,3,7,0,0,0,2,0,7,4,1,1,5,6,1,34,6,1999,1,14,FORD FIESTA,7,E01032628,0,-1
2020030957941,2020,030957941,1,9,0,18,19,4,1,0,0,0,0,0,0,0,1,1,6,6,2,39,7,1242,1,13,FORD FIESTA,7,E01019212,0,-1
2020170S11280,2020,170S11280,1,9,0,18,19,3,7,0,0,0,0,0,0,0,1,1,6,6,2,70,10,1242,1,11,FORD FIESTA,8,E01012204,0,-1
2020010244919,2020,010244919,1,9,0,99,99,9,9,99,99,9,9,99,9,99,1,9,6,6,1,32,6,1388,1,10,FORD FIESTA,3,E01003548,0,-1
2020122000360,2020,122000360,1,9,0,5,5,6,2,0,0,4,0,0,0,0,4,1,6,6,1,38,7,1560,2,6,FORD FIESTA,6,E01027881,0,-1
2020200971291,2020,200971291,2,9,0,9,9,8,6,0,0,6,0,0,0,0,3,1,6,6,2,19,4,998,1,5,FORD FIESTA,2,E01010439,0,-1
2020531008568,2020,531008568,1,9,0,18,19,6,2,0,0,0,1,0,1,9,0,1,6,6,2,25,5,1560,2,11,FORD FIESTA,6,E01032933,0,-1
2020622000519,2020,622000519,2,9,0,17,19,8,3,0,0,0,1,0,0,0,1,1,2,2,1,36,7,1388,1,12,FORD FIESTA,2,W01000789,0,-1
2020200981932,2020,200981932,2,9,0,9,9,8,6,0,0,1,0,0,0,0,1,1,6,6,1,22,5,1560,2,12,FORD FIESTA,5,E01010475,0,-1
202063A041620,2020,63A041620,1,9,0,13,13,5,8,0,0,0,1,0,1,4,1,1,2,2,2,50,8,1560,2,9,FORD FIESTA,4,W01000646,0,-1
2020201015836,2020,201015836,2,9,0,2,2,0,0,0,0,0,0,4,0,0,1,1,6,6,1,-1,-1,1299,1,18,FORD FIESTA,3,E01010509,0,-1
2020548289920,2020,548289920,2,9,0,18,19,5,1,0,0,1,0,0,0,0,1,1,6,6,1,54,8,1399,2,16,FORD FIESTA,4,E01015569,0,-1
2020370949282,2020,370949282,1,9,0,5,5,-1,-1,0,0,8,0,0,0,0,-1,1,5,6,1,77,11,998,1,1,FORD FIESTA,4,E01030231,0,-1
2020340N08992,2020,340N08992,2,9,0,18,19,3,7,0,0,0,0,0,0,0,1,1,2,2,2,25,5,1596,1,14,FORD FIESTA,4,E01027187,0,-1
2020501016001,2020,501016001,2,19,0,16,19,6,2,0,0,0,1,1,0,0,1,1,5,6,2,33,6,1499,2,0,FORD FIESTA,5,E01015123,0,-1
2020990951052,2020,990951052,1,9,0,17,19,5,1,0,0,0,0,0,0,0,1,1,2,2,1,41,7,1399,2,11,FORD FIESTA,2,-1,0,-1
2020990954849,2020,990954849,1,9,0,17,19,8,4,0,0,0,0,0,0,0,1,1,6,6,2,26,6,1399,2,11,FORD FIESTA,2,-1,0,-1
2020990968268,2020,990968268,1,9,0,9,9,7,5,0,0,8,0,0,0,0,3,1,5,6,2,40,7,1388,1,15,FORD FIESTA,1,-1,0,-1
2020470925080,2020,470925080,3,9,0,10,10,6,4,0,0,1,0,0,0,0,2,1,5,6,1,21,5,998,1,7,FORD FIESTA,10,E01031644,0,-1
2020160945986,2020,160945986,1,9,0,5,5,7,3,0,0,2,0,0,0,0,1,1,6,6,2,46,8,1388,1,17,FORD FIESTA,9,E01012770,0,-1
2020220928009,2020,220928009,3,9,0,2,2,0,0,0,0,0,0,0,0,0,3,1,2,2,2,52,8,1242,1,11,FORD FIESTA,7,E01032210,0,-1
2020220974988,2020,220974988,1,9,0,17,19,4,1,0,0,0,1,0,2,0,4,1,1,1,1,51,8,1388,1,14,FORD FIESTA,4,E01028867,0,-1
2020010234107,2020,010234107,2,9,0,18,19,7,3,0,0,0,1,0,1,11,1,1,6,6,2,22,5,1388,1,8,FORD FIESTA,2,E01003300,0,-1
2020100991250,2020,100991250,2,9,0,4,4,1,5,0,0,0,0,0,0,0,2,1,6,6,2,54,8,1242,1,4,FORD FIESTA,3,E01008186,0,-1
2020350943478,2020,350943478,2,9,0,2,2,0,0,0,0,0,0,0,0,0,2,1,1,1,1,58,9,1388,1,17,FORD FIESTA,4,E01018086,0,-1
2020320509593,2020,320509593,1,9,0,18,19,3,7,0,0,0,0,0,0,0,1,1,6,6,2,23,5,1242,1,7,FORD FIESTA,2,E01026165,0,-1
2020010231037,2020,010231037,2,9,0,99,99,9,9,99,99,9,9,99,9,99,1,9,6,6,3,-1,-1,1388,1,11,FORD FIESTA,-1,-1,0,-1