collision_index,collision_year,collision_ref_no,vehicle_reference,vehicle_type,towing_and_articulation,vehicle_manoeuvre_historic,vehicle_manoeuvre,vehicle_direction_from,vehicle_direction_to,vehicle_location_restricted_lane_historic,vehicle_location_restricted_lane,junction_location,skidding_and_overturning,hit_object_in_carriageway,vehicle_leaving_carriageway,hit_object_off_carriageway,first_point_of_impact,vehicle_left_hand_drive,journey_purpose_of_driver_historic,journey_purpose_of_driver,sex_of_driver,age_of_driver,age_band_of_driver,engine_capacity_cc,propulsion_code,age_of_vehicle,generic_make_model,driver_imd_decile,lsoa_of_driver,escooter_flag,driver_distance_banding
2020552001055,2020,552001055,1,9,0,9,9,6,4,0,0,8,0,0,0,0,1,1,6,6,1,18,4,1596,1,14,FORD FIESTA,8,E01015378,0,-1
2020070559453,2020,070559453,1,9,0,17,19,1,6,0,0,1,1,0,1,4,1,1,6,6,1,22,5,1496,1,1,FORD FIESTA,7,E01018338,0,-1
2020010260786,2020,010260786,1,9,0,4,4,1,5,99,99,0,0,99,0,0,9,9,6,6,1,20,4,998,1,2,FORD FIESTA,4,E01021774,0,-1
2020302000549,2020,302000549,2,9,0,9,9,4,1,0,0,6,0,0,0,0,3,1,6,6,1,23,5,1242,1,14,FORD FIESTA,1,E01013481,0,-1
2020552001108,2020,552001108,2,9,0,7,7,8,2,0,0,6,0,0,0,0,4,1,6,6,2,52,8,1388,1,14,FORD FIESTA,3,E01020393,0,-1
2020450927961,2020,450927961,2,9,0,18,19,5,1,0,0,0,0,0,0,0,1,1,6,6,1,38,7,-1,-1,-1,FORD FIESTA,6,E01030587,0,-1
2020541559920,2020,541559920,1,9,0,18,19,0,0,0,0,0,1,7,0,0,1,1,6,6,1,30,6,1560,2,10,FORD FIESTA,4,E01032070,0,-1
2020010281928,2020,010281928,1,9,0,99,99,9,9,0,0,8,0,0,0,0,2,1,6,6,2,38,7,1499,2,5,FORD FIESTA,3,E01003405,0,-1
2020420927416,2020,420927416,1,9,0,17,19,8,4,0,0,0,2,0,1,11,4,1,6,6,2,24,5,1596,1,12,FORD FIESTA,7,E01021967,0,-1
2020230924341,2020,230924341,1,9,0,9,9,7,5,0,0,5,0,0,0,0,4,1,6,6,1,34,6,1242,1,9,FORD FIESTA,-1,-1,0,-1
2020010266965,2020,010266965,2,9,0,3,3,7,3,0,0,1,0,0,0,0,1,1,6,6,2,24,5,1596,1,14,FORD FIESTA,7,E01000361,0,-1
2020122100033,2020,122100033,1,9,0,3,3,5,1,0,0,8,0,0,0,0,2,1,6,6,1,40,7,1242,1,17,FORD FIESTA,4,E01027861,0,-1
2020460924997,2020,460924997,1,9,0,18,19,2,6,0,0,0,0,0,0,0,1,1,6,6,1,26,6,1560,2,7,FORD FIESTA,4,E01024561,0,-1
2020471003186,2020,471003186,1,9,0,16,19,2,6,0,0,0,0,0,2,4,4,1,5,6,2,24,5,998,1,1,FORD FIESTA,4,E01031453,0,-1
2020990960513,2020,990960513,1,9,0,13,13,3,7,0,0,8,0,0,0,0,4,1,5,6,1,27,6,1084,1,1,FORD FIESTA,1,-1,0,-1
2020160951312,2020,160951312,2,9,0,18,19,7,3,0,0,1,1,0,7,0,1,1,5,6,1,23,5,1597,1,31,FORD FIESTA,6,E01013318,0,-1
2020500983848,2020,500983848,1,9,0,16,19,1,5,0,0,0,1,0,0,0,1,1,5,6,1,19,4,1388,1,17,FORD FIESTA,4,E01020292,0,-1
2020430368824,2020,430368824,2,9,0,18,19,8,4,0,0,0,1,0,0,0,2,1,6,6,1,23,5,998,1,5,FORD FIESTA,7,E01017803,0,-1
2020320098633,2020,320098633,2,9,0,2,2,0,0,0,0,0,0,0,0,0,3,1,6,6,2,42,7,1596,1,14,FORD FIESTA,6,E01019421,0,-1
20201379T1289,2020,1379T1289,1,9,0,9,9,1,7,0,0,6,0,0,0,0,1,1,6,6,1,30,6,1388,1,14,FORD FIESTA,5,E01011022,0,-1
2020010278289,2020,010278289,1,9,0,18,19,5,1,0,0,1,0,0,0,0,1,1,2,2,1,22,5,998,1,1,FORD FIESTA,3,E01001602,0,-1
2020440231918,2020,440231918,1,9,0,18,19,4,8,0,0,0,0,0,0,0,1,1,6,6,1,18,4,1242,1,14,FORD FIESTA,8,E01032841,0,-1
2020421001046,2020,421001046,1,9,0,7,7,7,2,0,0,7,0,0,0,0,3,1,6,6,2,45,7,1596,1,7,FORD FIESTA,3,E01021418,0,-1
2020140922765,2020,140922765,2,9,0,3,3,1,5,0,0,1,0,0,0,0,2,1,5,6,2,29,6,1388,1,11,FORD FIESTA,6,E01007695,0,-1
2020010286566,2020,010286566,1,9,0,99,99,9,9,99,99,9,9,99,9,99,2,9,6,6,2,47,8,1242,1,9,FORD FIESTA,3,E01000127,0,-1
2020610051520,2020,610051520,1,9,0,18,19,6,2,0,0,0,0,0,0,0,1,1,1,1,1,18,4,1242,1,10,FORD FIESTA,3,W01001485,0,-1
2020140951220,2020,140951220,1,9,0,18,19,6,2,0,0,0,0,0,0,0,2,1,6,6,1,40,7,1242,1,13,FORD FIESTA,1,E01007645,0,-1
2020410923995,2020,410923995,1,9,0,9,9,5,3,0,0,0,0,0,0,0,1,1,6,6,1,38,7,1596,1,13,FORD FIESTA,6,E01017795,0,-1
2020122000399,2020,122000399,2,9,0,18,19,1,5,0,0,1,0,0,7,0,1,1,6,6,2,23,5,998,1,2,FORD FIESTA,7,E01013020,0,-1
2020440381112,2020,440381112,1,9,0,18,19,7,4,0,0,0,0,0,0,0,1,1,6,6,1,21,5,998,1,0,FORD FIESTA,5,E01023079,0,-1
2020450924172,2020,450924172,1,9,0,9,9,7,5,0,0,3,0,0,0,0,4,1,5,6,1,38,7,998,1,7,FORD FIESTA,9,E01030875,0,-1
2020010232721,2020,010232721,2,9,0,18,19,1,5,0,0,0,0,0,0,0,2,1,6,6,1,60,9,1388,1,10,FORD FIESTA,3,E01001445,0,-1
2020400921531,2020,400921531,2,9,0,2,2,5,1,0,0,1,0,0,0,0,2,1,5,6,2,70,10,998,1,5,FORD FIESTA,9,E01017445,0,-1
2020200919931,2020,200919931,2,9,0,18,19,6,2,0,0,8,1,0,0,0,1,1,6,6,1,22,5,1242,1,6,FORD FIESTA,1,E01009349,0,-1
2020401008281,2020,401008281,2,9,0,18,19,3,7,0,0,0,0,0,0,0,1,1,2,2,2,19,4,1242,1,4,FORD FIESTA,10,E01017406,0,-1
2020122000983,2020,122000983,2,9,0,13,13,1,5,0,0,1,5,7,4,6,1,1,2,2,1,32,6,1242,1,8,FORD FIESTA,7,E01008518,0,-1
2020440005029,2020,440005029,2,9,0,9,9,2,1,0,0,8,0,0,0,0,1,1,6,6,3,-1,-1,1388,1,9,FORD FIESTA,-1,-1,0,-1
2020340D02152,2020,340D02152,1,9,0,9,9,5,1,0,0,1,1,0,0,0,1,1,2,2,1,22,5,1242,1,13,FORD FIESTA,1,E01027013,0,-1
2020990954323,2020,990954323,1,9,0,18,19,4,8,0,0,0,5,10,1,2,1,1,1,1,1,38,7,1399,2,15,FORD FIESTA,4,-1,0,-1
202063A037420,2020,63A037420,2,9,0,4,4,5,2,0,0,0,0,0,0,0,2,1,6,6,2,58,9,1560,2,6,FORD FIESTA,7,W01000430,0,-1
2020170S40920,2020,170S40920,1,9,0,16,19,2,5,0,0,0,0,0,0,0,1,1,6,6,1,20,4,1560,2,5,FORD FIESTA,10,E01012301,0,-1
2020500923501,2020,500923501,2,9,0,18,19,1,5,0,0,0,0,0,0,0,2,1,6,6,1,36,7,-1,-1,-1,FORD FIESTA,5,E01015237,0,-1
2020010230899,2020,010230899,1,9,0,8,8,5,8,0,0,1,0,0,0,0,2,1,6,6,1,20,4,999,1,1,FORD FIESTA,3,E01002557,0,-1
2020010277676,2020,010277676,1,9,0,10,10,7,5,0,0,6,0,0,0,0,1,1,6,6,2,20,4,1299,1,18,FORD FIESTA,6,E01004107,0,-1
2020040983412,2020,040983412,3,9,0,2,2,0,0,0,0,1,0,0,0,0,1,1,5,6,2,36,7,1242,1,14,FORD FIESTA,5,E01024888,0,-1
2020230937257,2020,230937257,1,9,0,18,19,5,1,0,0,1,0,0,0,0,1,1,5,6,2,87,11,998,1,6,FORD FIESTA,10,E01031202,0,-1
2020230987315,2020,230987315,1,9,0,18,19,5,1,0,0,0,0,0,0,0,1,1,5,6,2,32,6,998,1,7,FORD FIESTA,4,E01031086,0,-1
2020070061568,2020,070061568,2,9,0,4,4,4,8,0,0,1,1,0,0,0,1,1,2,2,1,22,5,998,1,4,FORD FIESTA,6,E01012540,0,-1
2020460942620,2020,460942620,1,9,0,18,19,1,5,0,0,0,0,0,0,0,1,1,5,6,1,24,5,998,1,4,FORD FIESTA,4,E01021277,0,-1
2020350983644,2020,350983644,2,9,0,14,14,4,2,0,0,1,0,0,0,0,3,1,6,6,1,19,4,998,1,1,FORD FIESTA,7,E01018022,0,-1
2020460990615,2020,460990615,3,9,0,2,2,0,0,0,0,1,0,0,0,0,0,1,5,6,1,-1,-1,1242,1,15,FORD FIESTA,1,E01024295,0,-1
202006P273133,2020,06P273133,1,9,0,18,19,8,4,0,0,0,0,0,0,0,1,1,6,6,1,22,5,1242,1,12,FORD FIESTA,1,E01033258,0,-1
2020460928704,2020,460928704,1,9,0,18,19,8,4,0,0,0,0,0,0,0,4,1,5,6,2,25,5,1399,2,14,FORD FIESTA,2,E01016159,0,-1
2020500992435,2020,500992435,3,9,0,2,2,0,0,0,0,1,0,0,0,0,2,1,6,6,2,34,6,-1,-1,-1,FORD FIESTA,3,E01015166,0,-1
2020420962801,2020,420962801,3,9,0,18,19,8,4,0,0,0,0,0,0,0,1,1,5,6,1,19,4,998,1,7,FORD FIESTA,6,E01024314,0,-1
2020040951020,2020,040951020,1,9,0,2,2,7,3,0,0,0,0,0,0,0,3,1,5,6,1,27,6,1388,1,10,FORD FIESTA,1,E01025297,0,-1
2020161004233,2020,161004233,1,9,0,18,19,2,6,0,0,6,0,0,0,0,4,1,5,6,2,22,5,1560,2,10,FORD FIESTA,8,E01013013,0,-1
2020137280784,2020,137280784,1,9,0,5,5,7,3,0,0,0,0,0,0,0,4,1,6,6,2,27,6,998,1,1,FORD FIESTA,1,E01010826,0,-1
2020470952940,2020,470952940,2,9,0,18,19,5,1,0,0,1,0,0,0,0,2,1,5,6,2,50,8,998,1,6,FORD FIESTA,6,E01022162,0,-1
2020360951383,2020,360951383,1,9,0,18,19,5,1,0,0,0,0,0,7,11,4,1,5,6,2,59,9,1388,1,12,FORD FIESTA,3,E01026719,0,-1
2020470956814,2020,470956814,2,9,0,7,7,6,1,0,0,8,0,0,0,0,4,1,5,6,1,27,6,998,1,5,FORD FIESTA,7,E01021018,0,-1
2020501015682,2020,501015682,3,9,0,18,19,2,6,0,0,1,0,0,0,0,1,1,5,6,2,-1,-1,1388,1,14,FORD FIESTA,6,E01015051,0,-1
2020041003555,2020,041003555,2,9,0,18,19,7,3,0,0,0,0,0,0,0,2,2,5,6,2,41,7,998,1,1,FORD FIESTA,8,E01025000,0,-1
2020170L10730,2020,170L10730,1,9,0,9,9,4,2,0,0,4,0,0,0,0,1,1,2,2,1,18,4,1242,1,8,FORD FIESTA,-1,-1,0,-1
2020010253589,2020,010253589,2,9,0,18,19,1,5,0,0,1,0,0,1,11,3,1,6,6,2,51,8,998,1,6,FORD FIESTA,3,E01004430,0,-1
2020200982286,2020,200982286,1,9,0,12,12,4,8,0,0,0,0,0,0,0,2,1,6,6,2,19,4,998,1,3,FORD FIESTA,7,E01009707,0,-1
2020110961520,2020,110961520,2,9,0,4,4,3,7,0,0,1,0,0,0,0,2,1,2,2,1,62,9,1242,1,8,FORD FIESTA,2,E01020689,0,-1
2020200947155,2020,200947155,2,9,0,18,19,4,8,0,0,1,0,0,0,0,1,1,6,6,1,38,7,1242,1,9,FORD FIESTA,1,E01009026,0,-1
2020991010155,2020,991010155,1,9,0,17,19,6,2,0,0,0,2,0,8,4,1,1,2,2,2,17,4,1242,1,8,FORD FIESTA,8,-1,0,-1
2020990996414,2020,990996414,1,9,0,18,19,3,7,0,0,0,2,4,0,0,4,1,6,6,1,63,9,1399,2,10,FORD FIESTA,1,-1,0,-1
2020420971502,2020,420971502,1,9,0,17,19,8,5,0,0,0,1,0,1,3,1,1,5,6,1,22,5,1242,1,16,FORD FIESTA,2,E01021596,0,-1
2020160979605,2020,160979605,1,9,0,18,19,5,1,0,0,5,0,0,1,0,3,1,6,6,1,-1,-1,998,1,2,FORD FIESTA,4,E01027910,0,-1
2020140987572,2020,140987572,1,9,0,5,5,2,6,0,0,0,0,0,0,0,3,1,6,6,2,23,5,1560,2,11,FORD FIESTA,6,E01007795,0,-1
2020010264803,2020,010264803,2,9,0,18,19,1,5,0,0,6,0,0,0,0,1,1,6,6,1,77,11,998,1,0,FORD FIESTA,-1,-1,0,-1
2020430032291,2020,430032291,1,9,0,18,19,1,5,0,0,0,1,0,1,0,1,1,6,6,2,67,10,1242,1,7,FORD FIESTA,5,E01016369,0,-1
2020522001953,2020,522001953,2,9,0,18,19,3,7,0,0,0,0,8,0,0,4,1,6,6,3,-1,-1,1242,1,8,FORD FIESTA,-1,-1,0,-1
2020010276767,2020,010276767,3,9,0,18,19,5,1,9,9,0,0,0,1,10,2,1,6,6,3,30,6,1242,1,9,FORD FIESTA,-1,-1,0,-1
2020400980581,2020,400980581,2,9,0,2,2,0,0,0,0,0,0,0,0,0,2,1,6,6,1,41,7,1399,2,14,FORD FIESTA,9,E01017432,0,-1
2020460983488,2020,460983488,1,9,0,18,19,7,3,0,0,1,0,0,0,0,1,1,5,6,1,17,4,998,1,7,FORD FIESTA,10,E01024725,0,-1
2020430048532,2020,430048532,1,9,0,18,19,8,4,0,0,0,0,4,7,0,1,1,2,2,1,42,7,998,1,5,FORD FIESTA,4,E01028604,0,-1
2020360979771,2020,360979771,1,9,0,9,9,8,3,0,0,8,0,0,0,0,1,1,5,6,2,36,7,1499,2,7,FORD FIESTA,7,E01026528,0,-1
2020302000304,2020,302000304,1,9,0,18,19,7,3,0,0,0,5,10,1,11,3,1,2,2,1,30,6,1560,2,11,FORD FIESTA,5,E01019623,0,-1
2020622000153,2020,622000153,1,9,0,1,1,4,8,0,0,1,0,0,0,0,2,1,6,6,1,36,7,1299,1,17,FORD FIESTA,9,W01001791,0,-1
2020430252877,2020,430252877,1,9,0,18,19,1,5,0,0,0,0,0,0,0,2,1,1,1,1,36,7,1242,1,15,FORD FIESTA,-1,-1,0,-1
2020500985585,2020,500985585,1,9,0,16,19,8,4,0,0,1,0,0,0,0,4,1,5,6,1,46,8,1242,1,14,FORD FIESTA,2,E01015242,0,-1
2020622001125,2020,622001125,1,9,0,18,19,8,4,0,0,0,5,0,7,9,1,1,6,6,1,18,4,1242,1,12,FORD FIESTA,2,W01000951,0,-1
2020170M11920,2020,170M11920,4,9,0,9,9,4,2,0,0,8,0,0,0,0,3,1,6,6,1,56,9,1399,2,13,FORD FIESTA,3,E01012287,0,-1
2020530936479,2020,530936479,1,9,0,3,3,5,1,0,0,0,1,0,0,0,1,1,6,6,2,-1,-1,998,1,4,FORD FIESTA,6,E01032934,0,-1
2020552000385,2020,552000385,1,9,0,9,9,8,6,0,0,5,0,0,0,0,3,1,1,1,1,25,5,1242,1,12,FORD FIESTA,4,E01015465,0,-1
2020160954648,2020,160954648,1,9,0,18,19,5,1,0,0,0,2,0,7,9,4,1,5,6,1,24,5,1399,2,14,FORD FIESTA,5,E01013306,0,-1
202031C106220,2020,31C106220,3,9,0,2,2,0,0,0,0,0,0,0,0,0,1,1,1,1,1,30,6,1596,1,10,FORD FIESTA,1,E01013813,0,-1
2020010242603,2020,010242603,1,9,0,18,19,5,1,0,0,2,2,4,0,0,1,1,6,6,1,19,4,998,1,5,FORD FIESTA,10,E01003811,0,-1
2020052002562,2020,052002562,1,9,0,18,19,5,1,0,0,0,0,0,0,0,1,1,6,6,3,-1,-1,998,1,4,FORD FIESTA,-1,-1,0,-1
2020421003657,2020,421003657,1,9,0,4,4,1,5,0,0,1,0,0,0,0,1,1,6,6,1,64,9,1399,2,17,FORD FIESTA,-1,-1,0,-1
2020461007782,2020,461007782,4,9,0,3,3,8,4,0,0,0,0,0,0,0,2,1,6,6,1,80,11,1242,1,19,FORD FIESTA,1,E01024666,0,-1
2020010231289,2020,010231289,2,9,0,9,9,5,2,0,0,6,0,0,0,0,3,1,2,2,1,19,4,1388,1,17,FORD FIESTA,2,E01004267,0,-1
2020991009823,2020,991009823,1,9,0,17,19,6,2,9,9,0,0,0,1,0,1,1,5,6,1,19,4,1596,1,6,FORD FIESTA,9,-1,0,-1
2020100951718,2020,100951718,1,9,0,18,19,8,6,9,9,8,0,0,7,3,1,1,5,6,1,19,4,998,1,4,FORD FIESTA,6,E01008176,0,-1
2020010262859,2020,010262859,1,9,0,99,99,9,9,99,99,9,9,99,9,99,2,9,6,6,2,23,5,1596,1,5,FORD FIESTA,1,E01001554,0,-1
2020420965700,2020,420965700,1,9,0,18,19,3,7,0,0,0,0,0,0,0,1,1,6,6,1,22,5,1084,1,2,FORD FIESTA,6,E01015978,0,-1
2020400981529,2020,400981529,1,9,0,18,19,1,5,0,0,1,0,0,0,0,1,1,6,6,2,49,8,1596,1,5,FORD FIESTA,8,E01017529,0,-1
2020460950869,2020,460950869,2,9,0,16,19,6,2,0,0,0,0,0,0,0,1,1,5,6,1,21,5,1596,1,14,FORD FIESTA,5,E01024786,0,-1
2020530929575,2020,530929575,1,9,0,7,7,6,7,0,0,1,1,0,0,0,1,1,2,2,1,26,6,998,1,3,FORD FIESTA,5,E01014066,0,-1
2020990930007,2020,990930007,2,9,0,18,19,1,5,0,0,2,0,4,1,0,3,1,6,6,2,21,5,998,1,1,FORD FIESTA,2,-1,0,-1
202031C136420,2020,31C136420,1,9,0,7,7,2,4,0,0,5,0,0,1,11,1,1,6,6,1,18,4,1388,1,13,FORD FIESTA,2,E01013965,0,-1
2020122100165,2020,122100165,1,9,0,17,19,5,1,0,0,0,1,0,7,0,1,1,6,6,1,17,4,1242,1,14,FORD FIESTA,7,E01012983,0,-1
2020370996727,2020,370996727,1,9,0,18,19,1,5,0,0,0,0,0,1,0,3,1,6,6,1,36,7,1388,1,11,FORD FIESTA,1,E01030291,0,-1
2020010234851,2020,010234851,1,9,0,18,19,5,1,0,0,3,0,0,0,0,3,1,3,7,2,48,8,1388,1,10,FORD FIESTA,7,E01001026,0,-1
2020010228806,2020,010228806,1,9,0,5,5,1,5,0,0,8,0,0,0,0,1,1,6,6,2,71,10,998,1,4,FORD FIESTA,-1,-1,0,-1
2020140991992,2020,140991992,1,9,0,4,4,1,5,0,0,1,0,0,0,0,2,1,5,6,2,38,7,1388,1,8,FORD FIESTA,8,E01012067,0,-1
2020460993801,2020,460993801,2,9,0,7,7,5,1,0,0,4,0,0,0,0,3,1,6,6,2,40,7,1388,1,10,FORD FIESTA,8,E01016079,0,-1
2020420952436,2020,420952436,1,9,0,5,5,3,5,0,0,4,0,0,0,0,1,1,5,6,2,57,9,1596,1,9,FORD FIESTA,7,E01021470,0,-1
2020990964079,2020,990964079,1,9,0,16,19,6,2,0,0,0,0,10,0,0,4,1,5,6,1,27,6,1596,1,18,FORD FIESTA,10,-1,0,-1
202031B179320,2020,31B179320,1,9,0,18,19,3,7,0,0,2,0,0,0,0,1,1,2,2,1,52,8,1596,1,15,FORD FIESTA,3,E01028062,0,-1
2020160987380,2020,160987380,1,9,0,17,19,6,3,0,0,2,0,0,1,7,1,1,6,6,1,22,5,998,1,4,FORD FIESTA,1,E01013140,0,-1
2020501015196,2020,501015196,1,9,0,5,5,5,1,0,0,2,0,0,0,0,1,1,5,6,2,36,7,1242,1,16,FORD FIESTA,8,E01020251,0,-1
20201373Q0518,2020,1373Q0518,2,9,0,18,19,4,8,0,0,0,0,0,0,0,1,1,2,2,2,26,6,1242,1,6,FORD FIESTA,-1,-1,0,-1
2020010240936,2020,010240936,2,9,0,6,6,3,3,99,99,9,9,0,0,0,1,9,6,6,2,-1,-1,1388,1,14,FORD FIESTA,-1,-1,0,-1
2020320482709,2020,320482709,2,9,0,2,2,0,0,0,0,0,0,0,0,0,2,1,6,6,1,52,8,1596,1,6,FORD FIESTA,-1,-1,0,-1
2020460995845,2020,460995845,2,9,0,2,2,0,0,0,0,0,0,0,0,0,2,1,5,6,2,49,8,998,1,4,FORD FIESTA,9,E01024008,0,-1
2020540417120,2020,540417120,2,9,0,18,19,8,4,0,0,1,0,0,0,0,1,1,2,2,2,29,6,998,1,3,FORD FIESTA,7,E01015560,0,-1
2020040985098,2020,040985098,1,9,0,18,19,1,5,0,0,0,0,0,0,0,2,1,5,6,1,21,5,998,1,2,FORD FIESTA,2,E01025032,0,-1
2020040970775,2020,040970775,2,9,0,2,2,0,0,0,0,0,0,0,1,0,2,1,5,6,2,41,7,1242,1,6,FORD FIESTA,-1,-1,0,-1
2020040988816,2020,040988816,1,9,0,9,9,1,7,0,0,6,0,0,0,0,4,1,5,6,2,27,6,1399,2,9,FORD FIESTA,5,E01012690,0,-1
2020622000380,2020,622000380,3,9,0,18,19,8,4,0,0,0,0,0,0,0,2,1,6,6,1,18,4,1242,1,3,FORD FIESTA,2,W01001275,0,-1
2020302000624,2020,302000624,1,9,0,18,19,6,8,0,0,4,0,0,1,1,1,1,6,6,1,70,10,1242,1,7,FORD FIESTA,1,E01019578,0,-1
2020450993902,2020,450993902,1,9,0,18,19,1,5,0,0,0,2,11,1,0,2,1,5,6,1,20,4,1388,1,14,FORD FIESTA,7,E01001027,0,-1
202006M173471,2020,06M173471,2,9,0,18,19,6,2,0,0,8,0,0,0,0,1,1,6,6,2,28,6,998,1,6,FORD FIESTA,5,E01012542,0,-1
2020990980807,2020,990980807,3,9,0,3,3,6,2,0,0,0,0,0,1,0,2,1,6,6,1,41,7,998,1,4,FORD FIESTA,9,-1,0,-1
2020450984709,2020,450984709,1,9,0,18,19,7,3,0,0,1,0,0,0,0,3,1,6,6,2,73,10,1299,1,18,FORD FIESTA,9,E01023115,0,-1
2020010252444,2020,010252444,1,9,0,18,19,2,6,0,0,2,0,0,0,0,1,1,6,6,2,50,8,998,1,1,FORD FIESTA,-1,-1,0,-1
202006XA70502,2020,06XA70502,4,9,0,18,19,8,4,0,0,1,0,0,0,0,1,1,2,2,1,19,4,1242,1,7,FORD FIESTA,5,E01005734,0,-1
2020230919928,2020,230919928,2,9,0,18,19,3,7,0,0,1,0,0,0,0,1,1,2,2,1,27,6,998,1,5,FORD FIESTA,5,E01031312,0,-1
2020160992816,2020,160992816,1,9,0,17,19,7,3,0,0,0,1,0,5,6,1,1,5,6,1,28,6,1399,2,12,FORD FIESTA,1,E01012948,0,-1
2020040996972,2020,040996972,1,9,0,17,19,7,3,0,0,0,2,0,1,10,1,1,5,6,1,30,6,1596,1,15,FORD FIESTA,5,E01025013,0,-1
2020360961480,2020,360961480,3,9,0,18,19,5,1,0,0,0,0,0,0,0,2,1,5,6,1,34,6,1399,2,10,FORD FIESTA,1,E01026867,0,-1
2020990963462,2020,990963462,1,9,0,9,9,4,2,0,0,8,0,10,0,0,4,1,5,6,1,19,4,998,1,1,FORD FIESTA,4,-1,0,-1
2020360943179,2020,360943179,3,9,0,4,4,1,5,0,0,0,0,0,0,0,2,1,5,6,2,21,5,1242,1,13,FORD FIESTA,5,E01026715,0,-1
2020470984018,2020,470984018,1,9,0,18,19,7,3,0,0,0,0,0,0,0,4,1,6,6,1,-1,-1,1242,1,14,FORD FIESTA,6,E01031784,0,-1
2020460993402,2020,460993402,2,9,0,3,3,8,4,0,0,0,0,0,7,0,2,1,6,6,2,19,4,1388,1,11,FORD FIESTA,6,E01024460,0,-1
2020010256861,2020,010256861,1,9,0,18,19,3,7,0,0,0,0,0,0,0,3,1,6,6,2,35,6,1242,1,7,FORD FIESTA,5,E01001782,0,-1
2020350986372,2020,350986372,1,9,0,18,19,7,3,0,0,0,0,0,0,0,1,1,6,6,1,36,7,1388,1,17,FORD FIESTA,5,E01018051,0,-1
2020010260771,2020,010260771,2,9,0,99,99,9,9,99,99,0,9,99,9,99,2,9,6,6,1,21,5,1242,1,6,FORD FIESTA,2,E01001735,0,-1
2020230919925,2020,230919925,2,9,0,14,14,7,3,0,0,0,0,0,0,0,3,1,1,1,2,61,9,1242,1,3,FORD FIESTA,3,E01031074,0,-1
2020201019087,2020,201019087,2,9,0,18,19,2,6,0,0,8,0,0,0,0,4,1,6,6,2,18,4,1388,1,14,FORD FIESTA,7,E01010461,0,-1
2020010286763,2020,010286763,2,9,0,18,19,5,1,0,0,8,0,0,0,0,1,1,6,6,2,22,5,998,1,2,FORD FIESTA,6,E01002531,0,-1
2020200935054,2020,200935054,1,9,0,18,19,8,4,0,0,0,0,0,0,0,1,1,6,6,1,36,7,998,1,3,FORD FIESTA,4,E01029666,0,-1
2020522002449,2020,522002449,1,9,0,18,19,5,1,0,0,8,0,0,0,0,3,1,6,6,2,67,10,998,1,2,FORD FIESTA,8,E01032681,0,-1
2020350986388,2020,350986388,2,9,0,9,9,1,5,0,0,1,0,0,0,0,1,1,5,6,1,77,11,1399,2,18,FORD FIESTA,7,E01018023,0,-1
2020990980266,2020,990980266,3,9,0,5,5,7,2,0,0,1,0,0,0,0,1,1,5,6,2,22,5,1242,1,6,FORD FIESTA,4,-1,0,-1
2020460980542,2020,460980542,1,9,0,5,5,7,3,0,0,0,0,0,0,0,1,1,6,6,2,25,5,1399,2,11,FORD FIESTA,1,E01016031,0,-1
2020370918523,2020,370918523,2,9,0,4,4,5,1,0,0,0,0,0,5,0,2,1,5,6,1,34,6,1388,1,14,FORD FIESTA,7,E01021679,0,-1
2020420930458,2020,420930458,2,9,0,10,10,5,2,0,0,0,0,0,0,0,2,1,6,6,2,17,4,1242,1,9,FORD FIESTA,6,E01021404,0,-1
2020360975334,2020,360975334,2,9,0,18,19,7,3,0,0,0,0,0,0,0,1,1,5,6,2,51,8,1596,1,10,FORD FIESTA,4,E01033041,0,-1
2020220984354,2020,220984354,2,9,0,17,19,3,8,0,0,0,0,0,0,0,1,1,5,6,2,56,9,998,1,4,FORD FIESTA,5,E01009825,0,-1
2020010280742,2020,010280742,1,9,9,99,99,9,9,99,99,9,9,99,9,99,9,9,6,6,2,39,7,1299,1,17,FORD FIESTA,2,E01000781,0,-1
2020010277577,2020,010277577,1,19,0,5,5,1,5,0,0,4,0,0,0,0,1,1,6,6,1,43,7,1560,2,5,FORD FIESTA,5,E01003433,0,-1
2020201003780,2020,201003780,2,9,0,5,5,2,6,0,0,1,0,0,0,0,1,1,6,6,1,24,5,1242,1,12,FORD FIESTA,2,E01010146,0,-1
2020040982365,2020,040982365,1,9,0,1,1,5,1,9,9,0,0,0,0,0,2,1,5,6,1,17,4,998,1,6,FORD FIESTA,1,E01025297,0,-1
2020200930401,2020,200930401,1,9,0,3,3,6,2,0,0,1,0,0,0,0,2,1,1,1,1,42,7,1242,1,6,FORD FIESTA,2,E01033624,0,-1
2020201020171,2020,201020171,2,9,0,18,19,8,4,0,0,2,0,0,0,0,1,1,6,6,1,27,6,1242,1,6,FORD FIESTA,7,E01010355,0,-1
2020440430234,2020,440430234,1,9,0,18,19,2,6,0,0,2,5,10,1,0,1,1,6,6,1,20,4,1242,1,6,FORD FIESTA,2,E01022833,0,-1