collision_index,collision_year,collision_ref_no,vehicle_reference,vehicle_type,towing_and_articulation,vehicle_manoeuvre_historic,vehicle_manoeuvre,vehicle_direction_from,vehicle_direction_to,vehicle_location_restricted_lane_historic,vehicle_location_restricted_lane,junction_location,skidding_and_overturning,hit_object_in_carriageway,vehicle_leaving_carriageway,hit_object_off_carriageway,first_point_of_impact,vehicle_left_hand_drive,journey_purpose_of_driver_historic,journey_purpose_of_driver,sex_of_driver,age_of_driver,age_band_of_driver,engine_capacity_cc,propulsion_code,age_of_vehicle,generic_make_model,driver_imd_decile,lsoa_of_driver,escooter_flag,driver_distance_banding
2020410940484,2020,410940484,1,9,0,3,3,2,8,0,0,1,0,0,0,0,2,1,5,6,2,52,8,1399,2,13,FORD FIESTA,6,E01025801,0,-1
2020430211168,2020,430211168,1,9,0,18,19,3,7,0,0,0,0,4,0,0,1,1,6,6,1,18,4,1388,1,11,FORD FIESTA,4,E01028781,0,-1
2020040970775,2020,040970775,1,9,0,18,19,3,7,0,0,0,0,4,0,0,1,1,5,6,2,22,5,1242,1,10,FORD FIESTA,4,E01024988,0,-1
2020040965145,2020,040965145,2,9,0,4,4,5,1,0,0,0,0,0,0,0,2,1,5,6,1,49,8,1242,1,12,FORD FIESTA,1,E01025184,0,-1
2020200933188,2020,200933188,3,9,0,18,19,5,1,0,0,1,0,0,0,0,2,1,6,6,2,58,9,998,1,5,FORD FIESTA,10,E01031307,0,-1
202031B113520,2020,31B113520,2,9,0,18,19,4,8,0,0,8,0,0,0,0,1,1,6,6,2,82,11,1242,1,16,FORD FIESTA,6,E01028051,0,-1
2020010264768,2020,010264768,1,9,0,99,99,9,9,99,99,0,9,99,9,99,1,9,6,6,1,34,6,1242,1,21,FORD FIESTA,2,E01001577,0,-1
2020040927915,2020,040927915,1,9,0,4,4,7,3,0,0,0,0,0,0,0,1,1,5,6,2,28,6,1499,2,4,FORD FIESTA,5,E01024928,0,-1
2020210973014,2020,210973014,1,9,-1,-1,-1,1,7,-1,-1,-1,-1,-1,-1,0,-1,1,6,6,2,60,9,1242,1,8,FORD FIESTA,2,E01029734,0,-1
2020370995152,2020,370995152,1,9,0,18,19,7,1,0,0,0,1,0,1,4,1,1,5,6,2,18,4,1242,1,4,FORD FIESTA,2,E01030170,0,-1
2020340W00492,2020,340W00492,1,9,0,18,19,5,1,0,0,1,0,4,0,1,1,1,6,6,1,44,7,998,1,6,FORD FIESTA,6,E01027092,0,-1
2020320564061,2020,320564061,2,9,0,18,19,3,1,0,0,8,1,0,0,0,1,1,6,6,2,28,6,1084,1,3,FORD FIESTA,3,E01026386,0,-1
2020200926395,2020,200926395,2,9,0,3,3,-1,-1,0,0,8,0,0,0,0,2,1,6,6,2,22,5,1242,1,4,FORD FIESTA,3,E01009865,0,-1
2020201008269,2020,201008269,1,9,0,18,19,2,6,0,0,4,1,0,0,0,3,1,6,6,1,28,6,1242,1,9,FORD FIESTA,1,E01032979,0,-1
2020230992892,2020,230992892,3,9,0,18,19,2,6,0,0,0,0,0,0,0,1,1,5,6,2,42,7,1596,1,14,FORD FIESTA,8,E01031323,0,-1
2020430089698,2020,430089698,1,9,0,18,19,2,6,0,0,1,0,0,0,0,1,1,6,6,1,20,4,1496,1,2,FORD FIESTA,5,E01028505,0,-1
2020420995674,2020,420995674,1,9,0,18,19,8,4,0,0,1,0,0,0,0,1,1,2,2,1,21,5,1596,1,4,FORD FIESTA,-1,-1,0,-1
2020201007884,2020,201007884,1,9,0,18,19,3,7,0,0,1,0,10,7,3,1,1,6,6,2,33,6,999,1,0,FORD FIESTA,4,E01009111,0,-1
2020990974637,2020,990974637,2,9,0,18,19,3,7,0,0,0,0,0,0,0,3,1,5,6,1,17,4,1242,1,8,FORD FIESTA,9,-1,0,-1
2020440024176,2020,440024176,2,9,0,18,19,1,0,0,0,1,0,0,0,0,0,1,1,1,2,51,8,1560,2,10,FORD FIESTA,7,E01023271,0,-1
2020460943639,2020,460943639,1,9,0,18,19,4,8,0,0,0,0,0,3,4,1,1,5,6,2,84,11,1242,1,15,FORD FIESTA,9,E01024792,0,-1
2020450962015,2020,450962015,2,9,0,18,19,7,3,0,0,8,5,0,8,10,4,1,6,6,2,24,5,1388,1,9,FORD FIESTA,10,E01030887,0,-1
2020010275826,2020,010275826,3,9,0,2,2,0,0,9,9,2,0,0,0,0,3,1,6,6,3,-1,-1,1596,1,6,FORD FIESTA,-1,-1,0,-1
2020420990122,2020,420990122,2,9,0,4,4,7,3,0,0,4,0,0,0,0,2,1,2,2,2,43,7,1388,1,13,FORD FIESTA,-1,-1,0,-1
2020360997419,2020,360997419,1,9,0,16,19,2,6,0,0,0,0,0,7,0,4,1,2,2,2,22,5,1242,1,13,FORD FIESTA,7,E01026710,0,-1
2020140919348,2020,140919348,1,9,0,2,2,0,0,0,0,0,0,0,0,0,3,1,6,6,1,33,6,1499,2,6,FORD FIESTA,6,E01007908,0,-1
2020010256255,2020,010256255,1,9,0,18,19,7,3,0,0,1,0,0,0,0,4,1,2,2,1,61,9,998,1,4,FORD FIESTA,3,E01001769,0,-1
202063A072820,2020,63A072820,1,9,0,18,19,4,8,0,0,1,0,0,0,0,4,1,6,6,2,60,9,998,1,0,FORD FIESTA,6,W01000671,0,-1
2020010283353,2020,010283353,1,9,0,18,19,8,4,0,0,8,0,0,0,0,1,1,2,2,1,26,6,1242,1,16,FORD FIESTA,-1,-1,0,-1
2020070266771,2020,070266771,1,9,0,7,7,8,2,0,0,3,2,9,7,11,3,1,6,6,1,34,6,1596,1,7,FORD FIESTA,2,E01018640,0,-1
2020552000688,2020,552000688,2,9,0,3,3,2,6,0,0,1,0,0,0,0,2,1,6,6,1,31,6,1242,1,9,FORD FIESTA,2,E01020582,0,-1
2020141001851,2020,141001851,2,9,0,18,19,1,5,0,0,8,0,0,0,0,3,1,5,6,2,50,8,1388,1,8,FORD FIESTA,2,E01007522,0,-1
2020990957786,2020,990957786,1,9,0,18,19,1,5,0,0,0,0,0,0,0,3,1,5,6,2,18,4,998,1,5,FORD FIESTA,2,-1,0,-1
2020500981948,2020,500981948,2,9,0,17,19,5,1,0,0,0,1,0,0,0,4,1,5,6,2,58,9,998,1,4,FORD FIESTA,5,E01020050,0,-1
2020010269892,2020,010269892,1,9,0,18,19,1,5,0,0,8,0,0,0,0,1,1,6,6,2,20,4,1388,1,11,FORD FIESTA,8,E01000342,0,-1
2020350986041,2020,350986041,2,9,0,4,4,2,6,0,0,3,0,0,0,0,2,1,6,6,1,65,9,998,1,2,FORD FIESTA,7,E01018022,0,-1
2020137BO0877,2020,137BO0877,2,9,0,9,9,4,6,0,0,6,1,0,0,0,2,1,6,6,2,41,7,998,1,7,FORD FIESTA,1,E01032497,0,-1
2020450954258,2020,450954258,2,9,0,6,6,0,4,4,4,0,0,0,0,0,3,1,6,6,2,18,4,1242,1,13,FORD FIESTA,9,E01003400,0,-1
2020371014048,2020,371014048,2,9,0,18,19,1,5,0,0,0,1,0,0,0,1,1,5,6,2,54,8,1560,2,11,FORD FIESTA,5,E01030176,0,-1
2020622000655,2020,622000655,2,9,0,4,4,1,5,0,0,1,0,0,0,0,1,1,6,6,1,22,5,1242,1,6,FORD FIESTA,2,W01000937,0,-1
2020070128394,2020,070128394,1,9,0,18,19,5,1,0,0,1,0,0,0,0,1,1,6,6,2,31,6,1242,1,15,FORD FIESTA,9,E01006889,0,-1
2020201005395,2020,201005395,2,9,0,18,19,2,6,0,0,8,0,0,0,0,4,1,6,6,2,36,7,1388,1,10,FORD FIESTA,6,E01029869,0,-1
2020010268449,2020,010268449,1,9,0,18,19,6,2,0,0,1,0,0,0,0,1,1,6,6,1,78,11,1399,2,12,FORD FIESTA,2,E01004435,0,-1
2020010272363,2020,010272363,1,9,0,7,7,7,2,0,0,5,0,0,0,0,4,1,6,6,2,41,7,1596,1,8,FORD FIESTA,8,E01002945,0,-1
2020230980705,2020,230980705,1,9,0,5,5,7,3,0,0,8,0,0,0,0,1,1,5,6,1,18,4,998,1,5,FORD FIESTA,8,E01027028,0,-1
2020010244621,2020,010244621,2,9,0,18,19,1,5,0,0,0,0,0,0,0,1,1,1,1,1,56,9,998,1,5,FORD FIESTA,3,E01004445,0,-1
2020010254891,2020,010254891,2,9,0,18,19,1,5,0,0,0,0,4,0,0,1,1,6,6,3,-1,-1,998,1,3,FORD FIESTA,-1,-1,0,-1
2020991016435,2020,991016435,1,9,0,9,9,7,6,0,0,0,0,0,0,0,4,1,5,6,1,87,11,998,1,1,FORD FIESTA,9,-1,0,-1
2020010246959,2020,010246959,1,9,0,7,7,1,4,0,0,1,0,0,0,0,4,1,6,6,1,22,5,998,1,2,FORD FIESTA,-1,-1,0,-1
2020522004670,2020,522004670,1,9,0,18,19,8,4,0,0,8,0,0,0,0,1,1,6,6,1,45,7,1242,1,13,FORD FIESTA,1,E01014580,0,-1
2020070437519,2020,070437519,4,9,0,2,2,0,0,0,0,0,0,0,0,0,3,1,6,6,3,-1,-1,1242,1,9,FORD FIESTA,-1,-1,0,-1
2020010262766,2020,010262766,2,9,0,18,19,8,4,0,0,8,0,0,0,0,1,1,6,6,1,54,8,1242,1,3,FORD FIESTA,4,E01004395,0,-1
2020450959006,2020,450959006,1,9,0,18,19,7,3,0,0,0,0,0,0,0,1,1,5,6,2,20,4,1084,1,3,FORD FIESTA,8,E01030528,0,-1
2020410995435,2020,410995435,2,9,0,4,4,2,6,0,0,8,0,0,0,0,1,1,5,6,2,27,6,1596,1,5,FORD FIESTA,10,E01023697,0,-1
2020320022765,2020,320022765,1,9,0,18,19,7,3,0,0,0,0,0,1,0,3,1,1,1,2,19,4,1242,1,16,FORD FIESTA,7,E01026397,0,-1
2020370995188,2020,370995188,2,9,0,3,3,7,3,0,0,1,0,0,0,0,2,1,5,6,2,22,5,1299,1,18,FORD FIESTA,2,E01030031,0,-1
2020420940930,2020,420940930,1,9,0,18,19,2,3,0,0,4,0,0,0,0,1,1,5,6,1,18,4,1399,2,12,FORD FIESTA,9,E01023493,0,-1
2020360986849,2020,360986849,1,9,0,18,19,3,8,0,0,0,5,0,1,0,1,1,2,2,2,26,6,1242,1,13,FORD FIESTA,7,E01026910,0,-1
2020440118332,2020,440118332,2,9,0,18,19,5,1,0,0,0,0,0,2,4,4,1,6,6,2,47,8,1560,2,9,FORD FIESTA,8,E01022997,0,-1
2020100987144,2020,100987144,1,9,0,14,14,5,1,0,0,2,0,0,0,0,4,1,6,6,1,73,10,998,1,4,FORD FIESTA,6,E01027517,0,-1
202006Q170113,2020,06Q170113,2,9,0,18,19,1,5,0,0,8,0,0,0,0,1,1,6,6,1,24,5,998,1,6,FORD FIESTA,1,E01005448,0,-1
2020052001745,2020,052001745,2,9,0,9,9,1,6,0,0,2,0,0,0,0,4,1,6,6,1,23,5,998,1,7,FORD FIESTA,4,E01007229,0,-1
2020140962775,2020,140962775,1,9,0,15,15,1,5,9,9,2,0,0,1,0,1,1,6,6,3,-1,-1,1242,1,11,FORD FIESTA,-1,-1,0,-1
2020160978697,2020,160978697,1,9,0,17,19,1,5,0,0,0,0,0,0,0,3,1,5,6,1,57,9,1242,1,14,FORD FIESTA,8,E01013037,0,-1
2020360943356,2020,360943356,2,9,0,18,19,5,1,0,0,0,0,0,7,4,1,1,2,2,2,25,5,1388,1,15,FORD FIESTA,3,E01026861,0,-1
202006G277638,2020,06G277638,1,9,0,9,9,7,5,0,0,6,0,0,0,0,1,1,2,2,2,37,7,998,1,7,FORD FIESTA,2,E01005967,0,-1
2020450970703,2020,450970703,3,9,0,3,3,1,5,0,0,6,0,0,0,0,1,1,2,2,2,22,5,998,1,2,FORD FIESTA,7,E01031677,0,-1
2020440178743,2020,440178743,1,9,0,18,19,1,5,0,0,8,0,0,0,0,1,1,2,2,1,56,9,1388,1,13,FORD FIESTA,5,E01022576,0,-1
202031A096420,2020,31A096420,1,9,0,17,19,8,5,0,0,2,0,10,0,0,4,1,6,6,1,17,4,1242,1,13,FORD FIESTA,5,E01027972,0,-1
2020410958674,2020,410958674,1,9,0,12,12,3,7,0,0,0,2,0,0,0,3,1,5,6,1,25,5,1388,1,10,FORD FIESTA,5,E01023914,0,-1
2020052001727,2020,052001727,2,9,0,18,19,2,6,0,0,8,0,0,0,0,1,1,2,2,1,39,7,1242,1,5,FORD FIESTA,6,E01006422,0,-1
2020430149283,2020,430149283,1,9,0,18,19,4,7,0,0,4,0,0,0,0,1,1,6,6,2,29,6,1084,1,2,FORD FIESTA,5,E01016419,0,-1
2020160950863,2020,160950863,2,9,0,18,19,8,4,0,0,0,0,0,0,0,2,1,6,6,2,47,8,1084,1,2,FORD FIESTA,3,E01012795,0,-1
2020010261170,2020,010261170,1,9,0,9,9,8,7,0,0,8,0,0,0,0,3,1,6,6,1,52,8,1242,1,13,FORD FIESTA,4,E01001684,0,-1
2020420989651,2020,420989651,1,9,0,18,19,1,5,0,0,0,0,0,0,0,3,2,5,6,1,19,4,1596,1,14,FORD FIESTA,3,E01015902,0,-1
202031D056820,2020,31D056820,1,9,0,18,19,1,5,0,0,6,1,0,3,0,3,1,6,6,2,28,6,998,1,7,FORD FIESTA,3,E01013613,0,-1
2020010237912,2020,010237912,2,9,0,18,19,7,3,0,0,1,0,0,0,0,1,1,6,6,1,24,5,998,1,6,FORD FIESTA,7,E01016510,0,-1
2020990932360,2020,990932360,1,9,0,18,19,1,5,0,0,0,0,0,0,0,1,1,5,6,1,24,5,998,1,3,FORD FIESTA,8,-1,0,-1
202006L174604,2020,06L174604,2,9,0,13,13,8,4,0,0,1,0,0,0,0,1,1,6,6,1,19,4,1242,1,8,FORD FIESTA,-1,-1,0,-1
2020542474720,2020,542474720,2,9,0,18,19,1,5,0,0,8,0,0,0,0,3,1,6,6,2,54,8,1242,1,18,FORD FIESTA,5,E01015571,0,-1
2020041010240,2020,041010240,1,9,0,9,9,6,4,0,0,8,1,0,0,0,4,1,6,6,1,52,8,1496,1,2,FORD FIESTA,8,E01025550,0,-1
2020543164220,2020,543164220,1,9,0,13,13,1,5,0,0,0,0,0,0,0,1,1,6,6,1,24,5,1596,1,4,FORD FIESTA,9,E01031915,0,-1
2020461021170,2020,461021170,2,9,0,9,9,7,3,0,0,0,0,0,0,0,3,1,1,1,2,28,6,1388,1,8,FORD FIESTA,3,E01016098,0,-1
2020990971320,2020,990971320,1,9,0,5,5,8,4,0,0,8,0,0,0,0,3,1,5,6,2,19,4,998,1,7,FORD FIESTA,2,-1,0,-1
2020221014228,2020,221014228,3,9,0,13,13,2,5,0,0,0,0,0,0,0,1,1,5,6,1,20,4,1596,1,12,FORD FIESTA,5,E01032460,0,-1
2020450961230,2020,450961230,1,9,0,9,9,5,1,0,0,0,0,0,0,0,1,1,5,6,1,80,11,1596,1,5,FORD FIESTA,8,E01030845,0,-1
2020622000313,2020,622000313,1,9,0,5,5,4,8,0,0,4,0,9,3,1,1,1,6,6,2,37,7,1499,2,4,FORD FIESTA,1,W01001376,0,-1
2020549739220,2020,549739220,1,9,0,18,19,7,3,0,0,1,0,0,0,0,1,1,6,6,1,44,7,1242,1,9,FORD FIESTA,7,E01015474,0,-1
2020370970189,2020,370970189,2,9,0,2,2,0,0,0,0,0,0,0,0,0,2,1,5,6,2,73,10,1242,1,8,FORD FIESTA,5,E01030176,0,-1
2020201020660,2020,201020660,1,9,0,18,19,2,6,0,0,8,0,0,0,0,1,1,6,6,1,20,4,998,1,3,FORD FIESTA,5,E01010354,0,-1
2020530926652,2020,530926652,1,9,0,18,19,2,6,0,0,8,0,0,1,0,1,1,6,6,1,44,7,1242,1,12,FORD FIESTA,8,E01022255,0,-1
2020501005242,2020,501005242,1,9,0,5,5,7,5,0,0,6,0,0,7,0,1,1,5,6,2,77,11,998,1,6,FORD FIESTA,5,E01020182,0,-1
2020010266263,2020,010266263,1,9,0,18,19,7,3,0,0,8,0,0,0,0,1,1,6,6,2,36,7,998,1,2,FORD FIESTA,4,E01000503,0,-1
2020041004286,2020,041004286,1,9,0,12,12,7,3,0,0,8,0,0,0,0,3,1,5,6,2,66,10,1242,1,4,FORD FIESTA,1,E01005342,0,-1
2020610012020,2020,610012020,1,9,0,18,19,6,4,0,0,7,1,0,0,0,1,1,6,6,1,17,4,1242,1,6,FORD FIESTA,7,W01001230,0,-1
2020122000385,2020,122000385,1,9,0,5,5,5,1,0,0,6,0,0,0,0,1,1,6,6,2,60,9,998,1,5,FORD FIESTA,5,E01027798,0,-1
2020430269910,2020,430269910,1,9,0,18,19,6,2,0,0,0,1,0,0,0,1,1,6,6,2,81,11,998,1,6,FORD FIESTA,9,E01016814,0,-1
2020500963468,2020,500963468,1,9,0,4,4,3,8,0,0,4,0,0,0,0,1,1,2,2,1,18,4,1242,1,15,FORD FIESTA,1,E01015058,0,-1
2020500950018,2020,500950018,1,9,0,18,19,3,7,0,0,0,0,0,0,0,1,1,6,6,1,53,8,1399,2,15,FORD FIESTA,6,E01018832,0,-1
2020160925362,2020,160925362,2,9,0,4,4,6,8,0,0,4,0,0,0,0,2,1,6,6,1,20,4,998,1,4,FORD FIESTA,1,E01013159,0,-1
2020470997669,2020,470997669,1,9,0,18,19,5,1,0,0,2,1,0,7,11,1,1,2,2,1,35,6,1596,1,18,FORD FIESTA,10,E01031684,0,-1
2020010258181,2020,010258181,1,9,0,17,19,5,1,0,0,0,0,4,0,0,1,1,6,6,1,26,6,1242,1,12,FORD FIESTA,1,E01022045,0,-1
2020230988141,2020,230988141,1,9,0,9,9,4,1,0,0,1,0,0,0,0,4,1,3,7,2,43,7,1560,2,10,FORD FIESTA,10,E01031134,0,-1
2020040937518,2020,040937518,1,9,0,6,6,1,5,0,0,8,0,0,0,0,3,1,5,6,1,62,9,998,1,1,FORD FIESTA,8,E01024939,0,-1
2020302001283,2020,302001283,2,9,0,2,2,0,0,0,0,0,0,0,0,0,3,1,6,6,3,-1,-1,1242,1,6,FORD FIESTA,-1,-1,0,-1
2020421001289,2020,421001289,1,9,0,18,19,6,2,0,0,1,0,0,0,0,4,1,6,6,1,83,11,1242,1,6,FORD FIESTA,8,E01015997,0,-1
2020990979777,2020,990979777,2,9,0,10,10,5,3,0,0,0,0,0,0,0,2,1,6,6,1,20,4,1242,1,11,FORD FIESTA,2,-1,0,-1
2020500922590,2020,500922590,1,9,0,17,19,5,2,0,0,8,2,0,1,10,1,1,5,6,1,22,5,998,1,6,FORD FIESTA,4,E01018944,0,-1
2020461009339,2020,461009339,1,9,0,18,19,4,8,0,0,0,0,0,0,0,1,1,5,6,2,63,9,998,1,2,FORD FIESTA,6,E01024367,0,-1
202063D008720,2020,63D008720,2,9,0,18,19,8,4,0,0,1,0,0,0,0,1,1,2,2,1,24,5,1242,1,14,FORD FIESTA,8,W01000447,0,-1
2020990953884,2020,990953884,1,9,0,17,19,7,3,0,0,0,0,0,0,0,4,1,6,6,1,71,10,-1,-1,-1,FORD FIESTA,8,-1,0,-1
2020451008027,2020,451008027,2,9,0,18,19,1,5,0,0,0,0,0,0,0,1,1,6,6,2,18,4,1242,1,4,FORD FIESTA,10,E01030940,0,-1
2020140954826,2020,140954826,1,9,0,18,19,7,3,0,0,8,0,0,0,0,1,1,5,6,1,21,5,998,1,5,FORD FIESTA,-1,-1,0,-1
2020470982587,2020,470982587,1,9,0,9,9,5,2,0,0,8,0,0,0,0,1,1,6,6,3,-1,-1,1596,1,8,FORD FIESTA,-1,-1,0,-1
2020991010403,2020,991010403,1,9,0,18,19,5,1,0,0,1,0,0,0,0,2,1,5,6,1,40,7,1499,2,6,FORD FIESTA,-1,-1,0,-1
2020990966076,2020,990966076,2,9,0,18,19,2,6,0,0,1,0,0,0,0,1,1,6,6,1,67,10,-1,-1,-1,FORD FIESTA,6,-1,0,-1
2020010260621,2020,010260621,1,9,0,3,3,7,3,0,0,1,0,0,0,0,1,1,1,1,2,37,7,1242,1,17,FORD FIESTA,2,E01003160,0,-1
2020520004492,2020,520004492,2,9,0,2,2,0,0,0,0,8,0,0,0,0,4,1,6,6,2,33,6,1496,1,2,FORD FIESTA,6,E01029316,0,-1
2020140995678,2020,140995678,3,9,0,18,19,1,5,0,0,2,0,0,0,0,3,1,2,2,2,22,5,998,1,7,FORD FIESTA,3,E01008063,0,-1
2020420924769,2020,420924769,2,9,0,9,9,7,5,0,0,8,0,0,0,0,3,1,6,6,1,50,8,998,1,6,FORD FIESTA,5,E01021865,0,-1
2020400962966,2020,400962966,2,9,0,18,19,5,1,0,0,0,0,0,0,0,1,1,5,6,2,64,9,1596,1,7,FORD FIESTA,7,E01017587,0,-1
2020460935531,2020,460935531,1,9,0,18,19,5,1,0,0,0,0,0,0,0,1,1,5,6,1,75,10,1596,1,5,FORD FIESTA,3,E01002408,0,-1
2020522003764,2020,522003764,1,9,0,18,19,4,8,0,0,0,5,0,1,10,1,1,6,6,1,19,4,1242,1,13,FORD FIESTA,10,E01032678,0,-1
2020010274791,2020,010274791,1,9,0,10,10,1,7,0,0,1,0,0,1,0,1,1,2,2,1,23,5,1596,1,11,FORD FIESTA,10,E01021239,0,-1
2020200930226,2020,200930226,2,9,0,18,19,2,6,0,0,8,0,0,0,0,1,1,6,6,1,21,5,1596,1,10,FORD FIESTA,8,E01033331,0,-1
2020137260323,2020,137260323,1,9,0,9,9,5,3,0,0,8,0,0,0,0,4,1,2,2,1,22,5,1242,1,10,FORD FIESTA,2,E01011282,0,-1
2020200964802,2020,200964802,2,9,0,18,19,2,6,0,0,8,0,0,0,0,4,1,6,6,1,45,7,1242,1,10,FORD FIESTA,1,E01033643,0,-1
2020500989099,2020,500989099,1,9,0,18,19,3,7,0,0,0,0,0,0,0,0,1,5,6,1,85,11,1242,1,10,FORD FIESTA,5,E01032657,0,-1
2020411009966,2020,411009966,1,9,0,7,7,7,3,0,0,2,0,0,0,0,1,1,6,6,2,24,5,1388,1,13,FORD FIESTA,2,E01015938,0,-1
2020420939976,2020,420939976,2,9,0,18,19,8,4,0,0,8,0,0,0,0,1,1,5,6,1,24,5,998,1,2,FORD FIESTA,1,E01015917,0,-1
2020622000102,2020,622000102,1,9,0,18,19,5,1,0,0,1,1,10,1,11,1,1,6,6,1,28,6,998,1,1,FORD FIESTA,6,W01000691,0,-1
2020110962824,2020,110962824,2,9,0,18,19,8,4,0,0,0,0,0,0,0,1,1,5,6,1,20,4,1242,1,13,FORD FIESTA,1,E01011955,0,-1
2020010238686,2020,010238686,1,9,0,17,19,1,6,0,0,2,0,0,0,0,4,1,6,6,1,22,5,1388,1,9,FORD FIESTA,5,E01001632,0,-1
2020010234538,2020,010234538,1,9,0,99,99,9,9,99,99,9,9,99,9,99,9,9,2,2,1,21,5,1596,1,9,FORD FIESTA,1,E01000605,0,-1
2020201007124,2020,201007124,2,9,0,9,9,6,4,0,0,6,0,0,0,0,4,1,6,6,2,41,7,998,1,2,FORD FIESTA,1,E01010125,0,-1
20201372J0945,2020,1372J0945,1,9,0,18,19,7,3,0,0,0,0,0,0,0,1,1,6,6,3,-1,-1,998,1,4,FORD FIESTA,-1,-1,0,-1
2020200932461,2020,200932461,1,9,0,5,5,2,4,0,0,6,1,0,0,0,3,1,6,6,1,26,6,998,1,7,FORD FIESTA,1,E01010401,0,-1
2020100997357,2020,100997357,2,9,0,2,2,1,5,0,0,1,0,0,1,2,1,1,6,6,2,61,9,1242,1,8,FORD FIESTA,5,E01027445,0,-1
2020470935956,2020,470935956,3,9,0,18,19,3,7,0,0,0,0,0,0,0,1,1,2,2,2,23,5,1388,1,11,FORD FIESTA,6,E01031676,0,-1
2020302001122,2020,302001122,3,9,0,2,2,0,0,0,0,1,0,0,0,0,2,1,6,6,3,-1,-1,1388,1,11,FORD FIESTA,-1,-1,0,-1
2020200936913,2020,200936913,2,9,0,18,19,8,4,0,0,8,0,0,0,0,1,1,6,6,2,27,6,1388,1,17,FORD FIESTA,2,E01009445,0,-1
2020460992049,2020,460992049,1,9,0,18,19,3,7,0,0,1,0,0,0,0,1,1,6,6,1,20,4,1242,1,17,FORD FIESTA,2,E01024685,0,-1
2020200935512,2020,200935512,1,19,0,4,4,5,1,0,0,0,0,0,0,0,1,1,6,6,1,-1,-1,1399,2,16,FORD FIESTA,-1,-1,0,-1
2020500925013,2020,500925013,4,9,0,2,2,0,0,0,0,0,0,0,0,0,3,1,5,6,2,-1,-1,1388,1,8,FORD FIESTA,3,E01015061,0,-1
2020320121466,2020,320121466,2,9,0,2,2,0,0,0,0,1,0,0,0,0,2,1,6,6,3,-1,-1,998,1,5,FORD FIESTA,1,E01026308,0,-1
202031C039020,2020,31C039020,2,9,0,18,19,6,2,0,0,1,0,0,0,0,2,1,6,6,1,69,10,1388,1,18,FORD FIESTA,8,E01028119,0,-1
202031A140120,2020,31A140120,1,9,0,9,9,6,4,0,0,5,0,0,0,0,4,1,6,6,1,21,5,1242,1,5,FORD FIESTA,1,E01028276,0,-1
2020220983610,2020,220983610,1,9,0,17,19,6,4,0,0,0,5,0,1,7,1,1,5,6,1,18,4,1388,1,12,FORD FIESTA,2,E01032265,0,-1
202054A401220,2020,54A401220,1,9,0,18,19,7,3,0,0,1,0,0,0,0,1,1,1,1,1,18,4,1388,1,15,FORD FIESTA,5,E01031901,0,-1
2020440110029,2020,440110029,1,9,0,18,19,6,2,0,0,8,0,0,0,0,3,1,6,6,2,25,5,1388,1,14,FORD FIESTA,4,E01017199,0,-1
2020052001276,2020,052001276,2,9,0,18,19,7,3,0,0,8,0,0,0,0,4,1,1,1,1,45,7,1242,1,9,FORD FIESTA,2,E01007130,0,-1
2020137AL1334,2020,137AL1334,1,9,0,3,3,0,0,0,0,1,0,0,0,0,2,1,6,6,1,74,10,1242,1,18,FORD FIESTA,10,E01011401,0,-1
2020500954696,2020,500954696,2,9,0,2,2,0,0,0,0,0,0,0,0,0,3,1,5,6,1,24,5,1242,1,17,FORD FIESTA,1,E01018878,0,-1
2020200997039,2020,200997039,1,9,0,18,19,6,8,0,0,4,0,0,0,0,1,1,6,6,1,-1,-1,-1,-1,-1,FORD FIESTA,-1,-1,0,-1
2020220976001,2020,220976001,1,9,0,17,19,2,6,0,0,0,5,10,1,11,4,1,5,6,1,22,5,998,1,1,FORD FIESTA,5,E01032181,0,-1
2020461011750,2020,461011750,1,9,0,18,19,2,5,0,0,3,0,0,0,0,1,1,5,6,2,22,5,998,1,1,FORD FIESTA,4,E01024624,0,-1
2020200971792,2020,200971792,1,9,0,9,9,5,3,0,0,6,0,0,0,0,1,1,6,6,1,63,9,1388,1,12,FORD FIESTA,1,E01009572,0,-1
2020010267085,2020,010267085,1,9,0,99,99,9,9,99,99,9,9,99,9,99,1,9,2,2,1,23,5,1596,1,8,FORD FIESTA,8,E01000774,0,-1
2020470937540,2020,470937540,1,9,0,18,19,6,2,0,0,0,0,0,0,0,1,1,5,6,1,40,7,1560,2,10,FORD FIESTA,3,E01021016,0,-1
2020052000150,2020,052000150,1,9,0,18,19,5,1,0,0,8,0,0,0,0,1,1,6,6,1,-1,-1,1560,2,9,FORD FIESTA,4,E01006554,0,-1
2020070094394,2020,070094394,2,9,0,4,4,3,7,0,0,3,0,0,0,0,1,1,6,6,2,19,4,998,1,1,FORD FIESTA,7,E01012434,0,-1
2020010264753,2020,010264753,1,9,0,18,19,7,3,0,0,0,0,0,1,2,1,1,6,6,1,34,6,1388,1,8,FORD FIESTA,6,E01002714,0,-1