collision_index,collision_year,collision_ref_no,vehicle_reference,vehicle_type,towing_and_articulation,vehicle_manoeuvre_historic,vehicle_manoeuvre,vehicle_direction_from,vehicle_direction_to,vehicle_location_restricted_lane_historic,vehicle_location_restricted_lane,junction_location,skidding_and_overturning,hit_object_in_carriageway,vehicle_leaving_carriageway,hit_object_off_carriageway,first_point_of_impact,vehicle_left_hand_drive,journey_purpose_of_driver_historic,journey_purpose_of_driver,sex_of_driver,age_of_driver,age_band_of_driver,engine_capacity_cc,propulsion_code,age_of_vehicle,generic_make_model,driver_imd_decile,lsoa_of_driver,escooter_flag,driver_distance_banding
2020137AE1780,2020,137AE1780,2,9,0,2,2,0,0,0,0,0,0,0,0,0,2,1,6,6,1,18,4,1596,1,10,FORD FIESTA,2,E01011720,0,-1
2020460972104,2020,460972104,2,9,0,4,4,1,5,0,0,1,0,0,0,0,3,1,5,6,1,19,4,998,1,4,FORD FIESTA,5,E01024532,0,-1
2020522004144,2020,522004144,2,9,0,18,19,7,3,0,0,0,0,0,0,0,1,1,6,6,2,47,8,1499,2,5,FORD FIESTA,4,E01014523,0,-1
2020470980139,2020,470980139,1,9,0,17,19,3,8,0,0,8,0,0,0,0,1,1,5,6,2,68,10,998,1,4,FORD FIESTA,4,E01022024,0,-1
2020010266922,2020,010266922,1,9,0,9,9,4,1,0,0,5,0,0,0,0,4,1,6,6,1,29,6,1242,1,9,FORD FIESTA,9,E01004132,0,-1
2020420982889,2020,420982889,1,9,0,18,19,3,7,0,0,2,2,0,0,0,3,1,5,6,1,49,8,1388,1,13,FORD FIESTA,6,E01021401,0,-1
2020040973890,2020,040973890,2,9,0,18,19,2,6,0,0,1,0,0,0,0,1,1,2,2,1,39,7,1242,1,14,FORD FIESTA,1,E01025574,0,-1
2020460970509,2020,460970509,5,9,0,18,19,2,6,0,0,0,0,11,0,0,1,1,6,6,1,20,4,999,1,0,FORD FIESTA,4,E01003704,0,-1
2020010277432,2020,010277432,2,9,0,99,99,9,9,99,99,9,9,99,9,99,9,9,6,6,3,-1,-1,998,1,3,FORD FIESTA,8,E01002979,0,-1
2020201003742,2020,201003742,1,9,0,18,19,4,8,0,0,0,0,0,0,0,1,1,1,1,2,41,7,1242,1,21,FORD FIESTA,1,E01009128,0,-1
2020010241959,2020,010241959,1,9,0,18,19,7,3,0,0,4,0,0,0,0,2,1,6,6,1,21,5,1999,1,14,FORD FIESTA,3,E01003734,0,-1
2020160994586,2020,160994586,1,9,0,18,19,1,5,0,0,4,0,0,0,0,4,1,5,6,1,93,11,1242,1,14,FORD FIESTA,10,E01012926,0,-1
2020070665688,2020,070665688,1,9,0,9,9,3,8,0,0,2,0,0,0,0,3,1,6,6,2,39,7,998,1,3,FORD FIESTA,1,E01006981,0,-1
2020460997477,2020,460997477,2,9,0,18,19,2,6,0,0,1,0,0,0,0,1,1,6,6,1,72,10,999,1,0,FORD FIESTA,9,E01024768,0,-1
2020010279922,2020,010279922,2,9,0,9,9,5,2,0,0,3,0,0,0,0,4,1,2,2,2,28,6,1242,1,4,FORD FIESTA,8,E01016148,0,-1
2020420948648,2020,420948648,1,9,0,18,19,1,5,0,0,0,1,0,1,4,2,1,5,6,1,28,6,1388,1,11,FORD FIESTA,3,E01021269,0,-1
2020450993304,2020,450993304,2,9,0,18,19,5,1,0,0,1,1,0,1,11,1,1,5,6,1,18,4,1242,1,4,FORD FIESTA,3,E01030657,0,-1
2020040938294,2020,040938294,2,9,0,18,19,3,7,0,0,0,0,0,0,0,2,1,2,2,1,41,7,1560,2,7,FORD FIESTA,1,E01012650,0,-1
2020370982913,2020,370982913,2,9,0,4,4,5,1,0,0,4,0,0,3,0,2,1,5,6,2,23,5,1560,2,14,FORD FIESTA,10,E01030233,0,-1
202063A013520,2020,63A013520,1,9,0,7,7,5,6,0,0,5,0,0,0,0,1,1,6,6,1,17,4,1399,2,8,FORD FIESTA,5,W01000576,0,-1
2020410983930,2020,410983930,1,9,0,18,19,2,6,0,0,0,0,0,1,0,1,1,6,6,1,21,5,1596,1,6,FORD FIESTA,5,E01023661,0,-1
2020052002482,2020,052002482,2,9,0,18,19,6,2,0,0,8,0,0,0,0,3,1,6,6,2,21,5,998,1,1,FORD FIESTA,4,E01006893,0,-1
2020401012226,2020,401012226,1,9,0,4,4,1,5,0,0,1,0,0,0,0,1,1,5,6,1,29,6,1399,2,13,FORD FIESTA,6,E01027057,0,-1
2020160966236,2020,160966236,3,9,0,3,3,8,4,0,0,0,0,0,0,0,2,1,5,6,2,25,5,1242,1,9,FORD FIESTA,1,E01012928,0,-1
2020622000298,2020,622000298,1,9,0,9,9,5,3,0,0,2,0,0,0,0,3,1,6,6,2,22,5,1242,1,6,FORD FIESTA,9,W01000800,0,-1
202006P376901,2020,06P376901,1,9,0,9,9,5,3,0,0,8,0,0,0,0,1,1,6,6,2,68,10,1242,1,3,FORD FIESTA,7,E01005550,0,-1
2020140978181,2020,140978181,2,9,0,14,14,2,6,0,0,0,0,0,0,0,1,1,5,6,1,19,4,1560,2,13,FORD FIESTA,1,E01007655,0,-1
202031B106720,2020,31B106720,1,9,0,18,19,3,7,0,0,0,2,0,7,9,1,1,6,6,1,74,10,1560,2,9,FORD FIESTA,2,E01019523,0,-1
2020101005299,2020,101005299,2,9,0,18,19,7,7,0,0,0,0,0,0,0,4,1,5,6,1,19,4,1499,2,5,FORD FIESTA,3,E01008576,0,-1
20201375P1412,2020,1375P1412,2,9,0,5,5,3,7,0,0,0,0,0,0,0,1,1,6,6,2,35,6,998,1,5,FORD FIESTA,-1,-1,0,-1
2020440148592,2020,440148592,1,9,0,18,19,7,3,0,0,2,0,0,0,0,3,1,6,6,1,23,5,1242,1,16,FORD FIESTA,4,E01017124,0,-1
2020440340962,2020,440340962,1,9,0,18,19,2,6,0,0,0,0,0,4,6,1,1,6,6,3,-1,-1,1596,1,16,FORD FIESTA,-1,-1,0,-1
2020010249705,2020,010249705,1,9,0,99,99,9,9,99,99,9,9,99,9,99,9,9,2,2,1,21,5,1242,1,5,FORD FIESTA,9,E01000419,0,-1
2020460939483,2020,460939483,1,9,0,18,19,5,1,0,0,0,0,0,0,0,1,1,6,6,1,19,4,1242,1,7,FORD FIESTA,7,E01032811,0,-1
202006K373972,2020,06K373972,1,9,0,9,9,5,3,0,0,6,0,0,0,0,1,1,6,6,2,18,4,1242,1,6,FORD FIESTA,8,E01004892,0,-1
2020440031258,2020,440031258,2,9,0,18,19,5,1,0,0,0,0,0,0,0,1,1,6,6,2,33,6,1084,1,2,FORD FIESTA,5,E01023201,0,-1
2020410985703,2020,410985703,1,9,0,18,19,4,8,0,0,1,0,10,0,0,1,1,5,6,1,78,11,1596,1,5,FORD FIESTA,7,E01002187,0,-1
2020052002460,2020,052002460,2,9,0,18,19,3,7,0,0,8,0,0,0,0,1,1,6,6,2,27,6,1388,1,12,FORD FIESTA,2,E01012370,0,-1
2020332000238,2020,332000238,2,9,0,18,19,5,1,0,0,0,0,0,1,4,1,1,6,6,1,89,11,998,1,4,FORD FIESTA,10,E01025817,0,-1
2020230958269,2020,230958269,1,9,0,16,19,7,2,0,0,2,2,10,7,10,1,1,5,6,2,25,5,1596,1,8,FORD FIESTA,2,E01009098,0,-1
2020430090744,2020,430090744,2,9,0,18,19,1,5,0,0,0,0,0,0,0,1,1,6,6,1,20,4,998,1,7,FORD FIESTA,-1,-1,0,-1
202031A004320,2020,31A004320,1,9,0,18,19,8,4,0,0,0,0,0,0,0,1,1,6,6,2,51,8,1242,1,3,FORD FIESTA,7,E01028262,0,-1
2020200970305,2020,200970305,5,9,0,2,2,0,0,0,0,0,0,0,0,0,0,1,6,6,3,-1,-1,1242,1,5,FORD FIESTA,-1,-1,0,-1
2020200982316,2020,200982316,2,9,0,18,19,8,4,0,0,8,0,0,0,0,1,1,6,6,1,27,6,1242,1,15,FORD FIESTA,2,E01008915,0,-1
2020420959040,2020,420959040,2,9,0,18,19,7,3,0,0,0,0,0,2,0,2,1,5,6,1,80,11,1388,1,10,FORD FIESTA,4,E01002267,0,-1
2020040945913,2020,040945913,1,9,0,18,19,6,2,0,0,0,0,0,0,0,3,1,5,6,2,19,4,998,1,3,FORD FIESTA,8,E01024939,0,-1
2020522101186,2020,522101186,1,9,0,18,19,3,6,0,0,0,0,0,0,0,1,1,6,6,1,20,4,1242,1,9,FORD FIESTA,4,E01014433,0,-1
2020461010390,2020,461010390,1,9,0,16,19,5,1,0,0,0,2,11,0,0,4,1,6,6,1,30,6,998,1,6,FORD FIESTA,7,E01024437,0,-1
2020351005803,2020,351005803,1,9,0,7,7,1,5,0,0,0,0,0,7,9,1,1,5,6,2,21,5,1388,1,12,FORD FIESTA,2,E01018143,0,-1
2020302001017,2020,302001017,3,9,0,3,3,4,8,0,0,0,0,0,0,0,2,1,6,6,1,63,9,1499,2,7,FORD FIESTA,2,E01028275,0,-1
2020302000339,2020,302000339,2,9,0,18,19,4,8,0,0,4,0,0,0,0,1,1,2,2,1,20,4,1596,1,13,FORD FIESTA,3,E01013532,0,-1
2020350951437,2020,350951437,3,9,0,4,4,5,1,0,0,0,0,0,0,0,2,1,5,6,2,54,8,1560,2,9,FORD FIESTA,6,E01015672,0,-1
2020541168220,2020,541168220,1,9,0,18,19,8,4,0,0,2,0,0,1,4,1,1,6,6,1,26,6,1388,1,13,FORD FIESTA,1,E01005213,0,-1
202006P269063,2020,06P269063,1,9,0,16,19,3,6,0,0,0,1,0,0,0,1,1,6,6,1,47,8,998,1,3,FORD FIESTA,4,E01005355,0,-1
2020990976930,2020,990976930,2,9,0,15,15,6,2,0,0,0,0,0,0,0,2,1,3,7,2,41,7,1560,2,5,FORD FIESTA,5,-1,0,-1
2020140970118,2020,140970118,1,9,0,9,9,8,5,0,0,0,0,0,0,0,4,1,5,6,1,73,10,1242,1,5,FORD FIESTA,5,E01007486,0,-1
2020990968215,2020,990968215,1,9,0,16,19,7,3,0,0,0,2,0,7,11,4,1,5,6,2,18,4,1242,1,4,FORD FIESTA,8,-1,0,-1
2020500946172,2020,500946172,1,9,0,16,19,7,3,0,0,0,1,0,0,0,1,1,5,6,1,18,4,1242,1,12,FORD FIESTA,3,E01020285,0,-1
2020210963391,2020,210963391,1,9,-1,-1,-1,-1,-1,-1,-1,0,-1,-1,-1,0,-1,1,6,6,1,18,4,1388,1,12,FORD FIESTA,5,E01029348,0,-1
2020420983101,2020,420983101,1,9,0,11,11,5,1,0,0,3,0,0,0,0,4,1,6,6,1,30,6,1242,1,12,FORD FIESTA,2,E01000030,0,-1
2020432003225,2020,432003225,1,9,0,5,5,2,6,0,0,2,0,0,0,0,1,1,6,6,2,20,4,1242,1,14,FORD FIESTA,4,E01016724,0,-1
2020210986086,2020,210986086,1,9,0,9,9,5,2,0,0,1,0,0,0,0,1,1,6,6,1,24,5,998,1,5,FORD FIESTA,-1,-1,0,-1
2020990963944,2020,990963944,1,9,0,17,19,1,5,0,0,8,0,10,7,0,2,1,6,6,1,28,6,1299,1,17,FORD FIESTA,-1,-1,0,-1
2020010251672,2020,010251672,1,9,0,18,19,8,4,0,0,1,0,0,0,0,1,1,6,6,1,28,6,1596,1,6,FORD FIESTA,3,E01003406,0,-1
2020552100032,2020,552100032,2,9,0,18,19,3,7,0,0,8,0,0,0,0,1,1,6,6,2,29,6,1242,1,6,FORD FIESTA,4,E01020585,0,-1
2020211023592,2020,211023592,1,9,0,7,7,8,3,0,0,6,0,0,0,0,1,1,6,6,2,19,4,1242,1,8,FORD FIESTA,5,E01014332,0,-1
2020122000882,2020,122000882,2,9,0,9,9,1,7,0,0,1,0,0,0,0,1,1,6,6,2,80,11,1596,1,7,FORD FIESTA,7,E01027592,0,-1
2020030921600,2020,030921600,1,9,0,18,19,5,1,0,0,2,0,0,0,0,1,1,5,6,2,20,4,998,1,3,FORD FIESTA,10,E01019393,0,-1
2020470940421,2020,470940421,1,9,0,18,19,3,8,0,0,0,0,0,0,0,1,1,6,6,1,30,6,998,1,2,FORD FIESTA,4,E01021060,0,-1
2020200929339,2020,200929339,2,9,0,9,9,6,3,0,0,5,0,0,0,0,4,1,6,6,2,51,8,998,1,1,FORD FIESTA,4,E01010459,0,-1
2020430417327,2020,430417327,2,9,0,18,19,5,1,0,0,8,0,0,0,0,4,1,1,1,1,21,5,1242,1,8,FORD FIESTA,6,E01028677,0,-1
2020552001001,2020,552001001,1,9,0,18,19,4,8,0,0,6,0,0,0,0,1,1,6,6,1,84,11,998,1,5,FORD FIESTA,6,E01015317,0,-1
2020010281357,2020,010281357,2,9,0,5,5,5,1,0,0,8,0,0,0,0,1,1,2,2,1,23,5,1242,1,9,FORD FIESTA,6,E01003641,0,-1
2020320518563,2020,320518563,3,9,0,7,7,5,1,0,0,1,0,0,0,0,1,1,6,6,1,79,11,998,1,7,FORD FIESTA,4,E01026416,0,-1
2020010262531,2020,010262531,2,9,0,99,99,9,9,99,99,9,9,99,9,99,1,9,6,6,3,-1,-1,1242,1,11,FORD FIESTA,7,E01023335,0,-1
2020430230205,2020,430230205,1,9,0,18,19,6,2,0,0,0,0,0,0,0,3,1,6,6,2,18,4,1242,1,5,FORD FIESTA,-1,-1,0,-1
2020460943420,2020,460943420,1,9,0,18,19,1,5,0,0,0,0,0,7,0,3,1,5,6,2,20,4,1596,1,8,FORD FIESTA,5,E01024815,0,-1
2020420981618,2020,420981618,1,9,0,9,9,6,4,0,0,8,0,0,0,0,4,1,6,6,1,20,4,998,1,5,FORD FIESTA,8,E01033144,0,-1
2020450936660,2020,450936660,1,9,0,16,19,1,5,0,0,0,0,0,0,0,1,1,1,1,2,28,6,998,1,2,FORD FIESTA,9,E01032848,0,-1
2020070132311,2020,070132311,1,9,0,18,19,8,4,0,0,0,0,0,0,0,1,1,2,2,2,63,9,1242,1,19,FORD FIESTA,2,E01018498,0,-1
2020010253553,2020,010253553,1,9,0,17,19,7,3,0,0,8,0,0,0,0,3,1,6,6,1,76,11,1388,1,18,FORD FIESTA,-1,-1,0,-1
2020340E02442,2020,340E02442,1,9,0,6,6,3,3,0,0,0,0,0,0,0,3,1,2,2,2,32,6,998,1,1,FORD FIESTA,10,E01033175,0,-1
202031C163120,2020,31C163120,2,9,0,9,9,5,3,0,0,6,0,0,0,0,3,1,6,6,1,33,6,1499,2,7,FORD FIESTA,2,E01027952,0,-1
2020440344826,2020,440344826,1,9,0,18,19,1,5,0,0,0,0,2,7,11,1,1,6,6,1,18,4,999,1,0,FORD FIESTA,5,E01017279,0,-1
2020460975021,2020,460975021,1,9,0,18,19,7,3,0,0,1,0,4,1,0,4,1,5,6,2,64,9,998,1,3,FORD FIESTA,5,E01024598,0,-1
2020440438830,2020,440438830,1,9,0,10,10,3,7,0,0,0,0,0,0,0,4,1,6,6,1,18,4,1242,1,9,FORD FIESTA,3,E01017220,0,-1
2020052001479,2020,052001479,1,9,0,18,19,1,5,0,0,8,0,0,0,0,4,1,2,2,2,27,6,1242,1,10,FORD FIESTA,4,E01006537,0,-1
2020010285433,2020,010285433,2,9,0,99,99,9,9,99,99,9,9,99,9,99,3,9,6,6,3,-1,-1,998,1,6,FORD FIESTA,4,E01015923,0,-1
2020010228330,2020,010228330,3,9,0,2,2,0,0,0,0,1,0,0,0,0,1,1,6,6,3,-1,-1,1084,1,2,FORD FIESTA,-1,-1,0,-1
2020460976792,2020,460976792,1,9,0,17,19,5,1,0,0,0,5,0,1,0,4,1,5,6,1,19,4,1388,1,12,FORD FIESTA,6,E01024062,0,-1
2020990971065,2020,990971065,1,9,0,18,19,8,4,0,0,1,0,0,0,0,1,1,5,6,2,48,8,998,1,2,FORD FIESTA,-1,-1,0,-1
2020070433471,2020,070433471,2,9,0,2,2,0,0,0,0,0,0,0,0,0,3,1,6,6,3,-1,-1,998,1,1,FORD FIESTA,-1,-1,0,-1
2020361007988,2020,361007988,2,9,0,18,19,7,3,0,0,0,0,0,1,11,1,1,1,1,1,63,9,998,1,2,FORD FIESTA,4,E01026636,0,-1
2020460967989,2020,460967989,1,9,0,3,3,8,4,0,0,1,0,0,0,0,1,1,6,6,1,42,7,1388,1,16,FORD FIESTA,4,E01016072,0,-1
2020340N00852,2020,340N00852,1,9,0,16,19,3,7,0,0,2,0,0,0,0,3,1,6,6,1,24,5,1242,1,7,FORD FIESTA,4,E01017552,0,-1
2020990935418,2020,990935418,1,9,0,18,19,7,3,0,0,1,0,0,0,0,1,1,5,6,2,38,7,1242,1,6,FORD FIESTA,-1,-1,0,-1
2020302000811,2020,302000811,1,9,0,2,2,0,0,9,9,0,0,0,0,0,1,1,6,6,1,55,8,998,1,7,FORD FIESTA,7,E01013558,0,-1
2020451003550,2020,451003550,1,9,0,18,19,7,3,0,0,0,0,0,0,0,2,1,2,2,1,28,6,1388,1,12,FORD FIESTA,3,E01002550,0,-1
2020440382217,2020,440382217,1,9,0,18,19,2,6,0,0,0,1,0,0,4,1,1,6,6,2,21,5,1242,1,12,FORD FIESTA,7,E01022795,0,-1
2020302000091,2020,302000091,1,9,0,18,19,8,4,0,0,0,0,0,0,0,4,1,6,6,2,87,11,998,1,4,FORD FIESTA,10,E01013564,0,-1
2020500974321,2020,500974321,1,9,0,18,19,1,5,0,0,0,0,0,0,0,1,1,6,6,2,76,11,1242,1,11,FORD FIESTA,4,E01019007,0,-1
2020500954510,2020,500954510,2,9,0,18,19,5,1,0,0,1,0,0,0,0,1,1,5,6,1,22,5,1117,1,29,FORD FIESTA,3,E01020073,0,-1
2020501005184,2020,501005184,1,9,0,16,19,4,8,0,0,0,2,0,7,2,1,1,5,6,1,33,6,1242,1,13,FORD FIESTA,5,E01018785,0,-1
2020549679920,2020,549679920,1,9,0,4,4,1,5,0,0,1,0,0,0,0,1,1,6,6,2,62,9,998,1,2,FORD FIESTA,4,E01014946,0,-1
2020990982628,2020,990982628,1,9,0,18,19,1,6,0,0,0,1,0,1,0,1,1,6,6,2,51,8,1242,1,7,FORD FIESTA,8,-1,0,-1
2020040940417,2020,040940417,1,9,0,18,19,3,7,0,0,8,0,0,0,0,1,1,5,6,1,19,4,998,1,3,FORD FIESTA,4,E01012599,0,-1
2020041001654,2020,041001654,1,9,0,18,19,3,7,0,0,1,0,0,0,0,1,1,5,6,1,22,5,998,1,2,FORD FIESTA,7,E01024955,0,-1
2020370999906,2020,370999906,2,9,0,18,19,6,2,0,0,0,0,0,0,0,1,1,2,2,2,62,9,1399,2,14,FORD FIESTA,6,E01030212,0,-1
2020220973669,2020,220973669,2,9,0,18,19,3,7,0,0,8,0,0,0,0,1,1,5,6,1,17,4,1560,2,9,FORD FIESTA,9,E01028855,0,-1
2020052000240,2020,052000240,1,9,0,7,7,5,7,0,0,1,0,0,0,0,1,1,6,6,2,57,9,1242,1,9,FORD FIESTA,5,E01006901,0,-1
2020530954279,2020,530954279,3,9,0,18,19,1,5,0,0,0,0,0,0,0,2,1,2,2,1,34,6,998,1,6,FORD FIESTA,3,E01029725,0,-1
2020137AG2094,2020,137AG2094,1,9,0,18,19,7,3,0,0,0,2,7,1,2,1,1,2,2,1,19,4,1242,1,10,FORD FIESTA,1,E01010821,0,-1
2020111001140,2020,111001140,1,9,0,18,19,5,1,0,0,0,0,0,1,0,1,1,5,6,1,53,8,1560,2,6,FORD FIESTA,1,E01012312,0,-1
2020030962880,2020,030962880,1,9,0,18,19,4,8,0,0,1,0,0,0,0,1,1,2,2,1,17,4,1560,2,7,FORD FIESTA,6,E01019130,0,-1
2020030948584,2020,030948584,1,9,0,9,9,3,1,0,0,5,0,0,0,0,1,1,6,6,2,65,9,998,1,2,FORD FIESTA,8,E01019253,0,-1
2020370989055,2020,370989055,1,9,0,18,19,3,7,0,0,1,1,0,7,0,4,1,5,6,1,24,5,1399,2,17,FORD FIESTA,1,W01000098,0,-1
2020370933633,2020,370933633,1,9,0,18,19,8,4,0,0,0,0,0,0,0,1,1,1,1,2,38,7,998,1,2,FORD FIESTA,7,E01030038,0,-1
2020140967336,2020,140967336,2,9,0,18,19,1,5,0,0,0,0,0,0,0,1,1,6,6,2,-1,-1,1242,1,13,FORD FIESTA,5,E01008139,0,-1
2020622100003,2020,622100003,1,9,0,5,5,2,6,0,0,4,0,0,0,0,1,1,6,6,2,47,8,1242,1,11,FORD FIESTA,4,W01001283,0,-1
2020370935803,2020,370935803,2,9,0,18,19,1,7,0,0,1,0,0,0,0,1,1,5,6,2,23,5,1399,2,12,FORD FIESTA,2,E01030029,0,-1
2020520101302,2020,520101302,1,9,0,4,4,6,2,0,0,2,0,0,0,0,2,1,6,6,2,21,5,1388,1,9,FORD FIESTA,6,E01032679,0,-1
2020320548443,2020,320548443,1,9,0,18,19,1,5,0,0,1,1,0,0,0,3,1,6,6,1,19,4,1399,2,9,FORD FIESTA,2,E01033111,0,-1
2020320496791,2020,320496791,2,9,0,18,19,1,5,0,0,1,0,0,0,0,2,1,6,6,2,29,6,1242,1,6,FORD FIESTA,6,E01026213,0,-1
2020610023520,2020,610023520,3,9,0,18,19,7,3,0,0,0,0,0,0,0,3,1,2,2,2,37,7,1399,2,8,FORD FIESTA,2,W01001447,0,-1
2020030918056,2020,030918056,3,9,0,18,19,5,1,0,0,0,0,0,0,0,1,1,6,6,2,27,6,1399,2,8,FORD FIESTA,3,E01019208,0,-1
2020410989534,2020,410989534,2,9,0,4,4,6,1,0,0,4,0,0,0,0,2,1,5,6,2,28,6,1388,1,16,FORD FIESTA,8,E01023884,0,-1
2020220975046,2020,220975046,1,9,0,9,9,7,5,0,0,6,0,0,0,0,3,1,5,6,2,83,11,1242,1,18,FORD FIESTA,8,E01032373,0,-1
2020230942845,2020,230942845,1,9,0,18,19,4,8,0,0,1,0,0,0,0,1,1,5,6,1,79,11,1242,1,24,FORD FIESTA,7,E01031023,0,-1
2020420933926,2020,420933926,1,9,0,17,19,4,8,0,0,0,0,0,7,0,1,1,2,2,1,25,5,-1,-1,-1,FORD FIESTA,5,E01021694,0,-1
2020552000620,2020,552000620,1,9,0,9,9,4,3,0,0,8,0,0,0,0,4,1,6,6,1,17,4,998,1,7,FORD FIESTA,10,E01015400,0,-1
2020340K03402,2020,340K03402,1,9,0,18,19,7,3,0,0,0,5,0,1,2,0,1,6,6,1,77,11,998,1,3,FORD FIESTA,8,E01027096,0,-1
2020140993873,2020,140993873,1,9,0,18,19,7,3,0,0,0,0,0,0,0,1,1,5,6,2,32,6,998,1,5,FORD FIESTA,9,E01007432,0,-1
2020010241736,2020,010241736,1,9,0,18,19,7,3,0,0,0,0,0,0,0,1,1,6,6,2,77,11,998,1,3,FORD FIESTA,10,E01002389,0,-1
2020990921824,2020,990921824,1,9,0,18,19,3,7,0,0,0,0,0,0,0,1,1,5,6,1,19,4,1242,1,9,FORD FIESTA,3,-1,0,-1
2020010236083,2020,010236083,1,9,0,18,19,3,7,0,0,2,0,0,0,0,3,1,6,6,2,35,6,1242,1,9,FORD FIESTA,5,E01004353,0,-1
2020350928763,2020,350928763,1,9,0,18,19,1,5,0,0,1,0,11,0,0,3,1,5,6,1,19,4,1242,1,7,FORD FIESTA,9,E01018113,0,-1
202006K270329,2020,06K270329,1,9,0,7,7,6,8,0,0,1,0,0,0,0,4,1,6,6,1,27,6,1242,1,11,FORD FIESTA,3,E01004932,0,-1
2020990937064,2020,990937064,2,9,0,18,19,5,1,0,0,0,1,0,0,0,1,1,5,6,1,31,6,1399,2,12,FORD FIESTA,5,-1,0,-1
2020470925673,2020,470925673,2,9,0,9,9,6,3,0,0,5,0,0,0,0,4,1,5,6,1,47,8,1596,1,9,FORD FIESTA,10,E01031739,0,-1
2020110949771,2020,110949771,2,9,0,3,3,5,1,0,0,1,0,0,0,0,2,1,1,1,1,24,5,998,1,4,FORD FIESTA,2,E01011974,0,-1
2020100924372,2020,100924372,1,9,0,18,19,5,1,0,0,1,0,0,0,0,2,1,5,6,2,49,8,998,1,4,FORD FIESTA,8,E01008521,0,-1
2020430163637,2020,430163637,2,9,0,18,19,8,4,0,0,8,0,0,0,0,1,1,2,2,1,25,5,998,1,2,FORD FIESTA,10,E01017756,0,-1
2020200928661,2020,200928661,1,9,0,13,13,2,6,0,0,0,0,0,0,0,1,1,6,6,1,-1,-1,1242,1,20,FORD FIESTA,-1,-1,0,-1
2020370979238,2020,370979238,1,9,0,17,19,4,8,0,0,0,0,0,0,0,1,1,6,6,1,26,6,-1,-1,-1,FORD FIESTA,6,E01030154,0,-1
202006N175188,2020,06N175188,1,9,0,9,9,3,1,0,0,8,0,0,0,0,4,1,6,6,2,30,6,1496,1,1,FORD FIESTA,-1,-1,0,-1
2020211025839,2020,211025839,1,9,0,18,19,3,7,0,0,0,0,0,0,0,1,1,6,6,1,19,4,998,1,3,FORD FIESTA,4,E01029646,0,-1
2020360999910,2020,360999910,1,9,0,9,9,5,2,0,0,8,0,0,0,0,1,1,5,6,2,77,11,998,1,2,FORD FIESTA,4,E01026732,0,-1
2020420999936,2020,420999936,1,9,0,9,9,6,3,0,0,5,0,0,0,0,4,1,5,6,2,65,9,1388,1,15,FORD FIESTA,3,E01002370,0,-1
2020450994153,2020,450994153,1,9,0,3,3,2,4,0,0,0,0,0,0,0,2,1,1,1,2,34,6,1596,1,9,FORD FIESTA,9,E01030366,0,-1
2020230989546,2020,230989546,2,9,0,12,12,5,1,0,0,0,0,0,0,0,0,1,5,6,1,52,8,1388,1,15,FORD FIESTA,1,E01031043,0,-1
2020302000099,2020,302000099,2,9,0,9,9,2,8,0,0,5,0,0,7,0,4,1,6,6,2,56,9,1242,1,13,FORD FIESTA,2,E01019672,0,-1
2020320087403,2020,320087403,1,9,0,9,9,1,5,0,0,1,0,0,0,0,1,1,6,6,2,61,9,998,1,7,FORD FIESTA,4,E01026143,0,-1
2020440348580,2020,440348580,2,9,0,18,19,6,2,0,0,2,0,0,0,0,1,1,6,6,2,58,9,998,1,5,FORD FIESTA,7,E01022948,0,-1
2020040941656,2020,040941656,1,9,0,16,19,3,7,9,9,0,5,10,0,0,4,1,5,6,1,18,4,1388,1,11,FORD FIESTA,7,E01024868,0,-1
2020991005646,2020,991005646,1,9,0,18,19,7,3,0,0,5,0,0,0,0,1,1,5,6,1,21,5,1399,2,10,FORD FIESTA,1,E01006646,0,-1
2020990995899,2020,990995899,1,9,0,13,13,6,3,0,0,0,0,0,0,0,4,1,6,6,1,57,9,1242,1,6,FORD FIESTA,6,-1,0,-1
2020010272529,2020,010272529,1,9,0,18,19,5,1,0,0,0,1,0,0,0,1,1,6,6,1,40,7,1388,1,11,FORD FIESTA,6,E01001083,0,-1
2020420995563,2020,420995563,2,9,0,3,3,1,5,0,0,0,0,0,0,0,2,1,2,2,2,46,8,1388,1,10,FORD FIESTA,6,E01021434,0,-1
2020010283163,2020,010283163,1,9,0,18,19,3,7,0,0,0,0,0,0,0,1,1,6,6,2,24,5,998,1,7,FORD FIESTA,2,E01004289,0,-1
2020500980449,2020,500980449,1,9,0,18,19,1,5,0,0,0,5,0,0,0,4,1,2,2,1,32,6,1399,2,12,FORD FIESTA,6,E01020083,0,-1
2020430356939,2020,430356939,2,9,0,18,19,8,4,0,0,0,0,0,0,0,2,1,6,6,2,25,5,998,1,5,FORD FIESTA,7,E01028427,0,-1
2020302001311,2020,302001311,1,9,0,18,19,6,2,0,0,0,0,0,0,0,0,1,6,6,1,27,6,1242,1,8,FORD FIESTA,3,E01019776,0,-1