collision_index,collision_year,collision_ref_no,vehicle_reference,vehicle_type,towing_and_articulation,vehicle_manoeuvre_historic,vehicle_manoeuvre,vehicle_direction_from,vehicle_direction_to,vehicle_location_restricted_lane_historic,vehicle_location_restricted_lane,junction_location,skidding_and_overturning,hit_object_in_carriageway,vehicle_leaving_carriageway,hit_object_off_carriageway,first_point_of_impact,vehicle_left_hand_drive,journey_purpose_of_driver_historic,journey_purpose_of_driver,sex_of_driver,age_of_driver,age_band_of_driver,engine_capacity_cc,propulsion_code,age_of_vehicle,generic_make_model,driver_imd_decile,lsoa_of_driver,escooter_flag,driver_distance_banding
2020420936603,2020,420936603,2,9,0,9,9,5,3,0,0,4,0,0,0,0,4,1,2,2,1,73,10,1242,1,19,FORD FIESTA,4,E01021844,0,-1
2020990932912,2020,990932912,2,9,0,9,9,4,2,0,0,4,0,0,0,0,2,1,5,6,2,20,4,998,1,2,FORD FIESTA,4,-1,0,-1
2020420915586,2020,420915586,1,9,0,18,19,5,1,0,0,0,1,0,0,0,1,1,5,6,1,51,8,1242,1,20,FORD FIESTA,6,E01021666,0,-1
2020420957172,2020,420957172,2,9,0,18,19,5,1,0,0,0,0,0,0,0,1,1,2,2,1,33,6,1242,1,5,FORD FIESTA,9,E01021893,0,-1
2020460971581,2020,460971581,1,9,0,18,19,3,7,0,0,0,0,0,0,0,1,1,6,6,2,26,6,1388,1,12,FORD FIESTA,-1,-1,0,-1
2020440041761,2020,440041761,2,9,0,17,19,7,3,0,0,0,0,0,0,0,1,1,6,6,1,17,4,998,1,4,FORD FIESTA,8,E01023282,0,-1
2020122000477,2020,122000477,2,9,0,7,7,4,6,0,0,6,0,0,0,0,3,1,2,2,2,36,7,1560,2,6,FORD FIESTA,-1,-1,0,-1
2020420931972,2020,420931972,2,9,0,5,5,2,2,8,6,0,1,0,0,0,1,1,6,6,2,57,9,1242,1,18,FORD FIESTA,-1,-1,0,-1
202031C129420,2020,31C129420,1,9,0,18,19,4,8,0,0,6,0,0,0,0,3,1,6,6,1,23,5,1242,1,9,FORD FIESTA,4,E01013889,0,-1
2020122001033,2020,122001033,1,9,0,18,19,1,5,0,0,0,0,0,0,0,1,1,6,6,2,18,4,1242,1,9,FORD FIESTA,10,E01013377,0,-1
202006F277992,2020,06F277992,1,9,0,18,19,6,2,0,0,1,0,0,0,0,1,1,6,6,3,-1,-1,1596,1,6,FORD FIESTA,-1,-1,0,-1
2020010229968,2020,010229968,1,9,0,3,3,1,5,0,0,1,0,0,0,0,1,1,6,6,1,35,6,998,1,2,FORD FIESTA,6,E01022222,0,-1
2020140937426,2020,140937426,2,9,0,2,2,0,0,0,0,2,0,0,0,0,2,1,6,6,2,-1,-1,1242,1,14,FORD FIESTA,-1,-1,0,-1
2020122001198,2020,122001198,1,9,0,17,19,7,3,0,0,0,2,0,1,11,1,1,6,6,1,19,4,1242,1,14,FORD FIESTA,9,E01027567,0,-1
2020460953674,2020,460953674,1,9,0,18,19,4,1,0,0,6,0,4,7,10,1,1,5,6,2,80,11,998,1,5,FORD FIESTA,6,E01024314,0,-1
2020010250740,2020,010250740,2,9,0,1,1,5,1,0,0,1,9,0,0,99,2,9,6,6,3,-1,-1,1388,1,11,FORD FIESTA,3,E01003526,0,-1
2020421003173,2020,421003173,1,9,0,11,11,7,3,0,0,0,1,0,0,0,1,1,2,2,1,28,6,1560,2,14,FORD FIESTA,1,E01015886,0,-1
2020230986020,2020,230986020,3,9,0,18,19,8,4,0,0,0,0,0,0,0,0,1,5,6,1,-1,-1,998,1,4,FORD FIESTA,6,E01032431,0,-1
2020451000507,2020,451000507,2,9,0,18,19,5,1,0,0,0,0,0,0,0,1,1,5,6,1,28,6,1388,1,16,FORD FIESTA,8,E01030853,0,-1
202063D040420,2020,63D040420,1,9,0,18,19,6,2,0,0,1,1,0,0,0,1,1,2,2,1,21,5,1299,1,17,FORD FIESTA,7,W01000497,0,-1
2020421008106,2020,421008106,1,9,0,7,7,1,5,0,0,1,1,0,0,0,1,1,5,6,2,41,7,1242,1,6,FORD FIESTA,3,E01021955,0,-1
2020040993996,2020,040993996,1,9,0,18,19,5,1,0,0,1,0,0,0,0,1,1,5,6,1,37,7,998,1,6,FORD FIESTA,4,E01024988,0,-1
2020460944944,2020,460944944,2,9,0,3,3,1,5,0,0,0,0,0,0,0,2,1,6,6,1,85,11,1242,1,3,FORD FIESTA,3,E01016171,0,-1
2020010280071,2020,010280071,2,9,9,18,19,1,5,99,99,0,9,99,9,99,1,1,6,6,1,-1,-1,1242,1,9,FORD FIESTA,-1,-1,0,-1
2020141004169,2020,141004169,2,9,0,18,19,7,3,0,0,1,0,0,0,0,1,1,5,6,2,56,9,998,1,7,FORD FIESTA,2,E01028067,0,-1
2020010234407,2020,010234407,2,9,0,99,99,9,9,0,0,9,0,0,0,0,9,1,6,6,1,24,5,998,1,6,FORD FIESTA,-1,-1,0,-1
2020990990415,2020,990990415,4,9,0,2,2,2,6,0,0,1,0,0,0,0,2,1,6,6,1,52,8,1499,2,6,FORD FIESTA,3,-1,0,-1
2020170S20950,2020,170S20950,1,9,0,9,9,7,5,0,0,0,0,0,0,0,3,1,6,6,1,36,7,1388,1,18,FORD FIESTA,1,E01012252,0,-1
2020420984681,2020,420984681,1,9,0,13,13,3,7,0,0,1,0,0,0,0,1,1,5,6,1,22,5,1596,1,3,FORD FIESTA,3,E01015825,0,-1
2020470971649,2020,470971649,1,9,0,6,6,7,7,0,0,0,0,0,0,0,3,1,5,6,1,19,4,1242,1,3,FORD FIESTA,7,E01031647,0,-1
2020440476007,2020,440476007,2,9,0,18,19,6,2,0,0,0,0,0,0,0,1,1,6,6,2,32,6,1242,1,6,FORD FIESTA,9,E01022947,0,-1
2020350968809,2020,350968809,1,9,0,18,19,7,3,0,0,0,0,0,0,0,1,1,5,6,1,90,11,1084,1,2,FORD FIESTA,-1,-1,0,-1
2020470974722,2020,470974722,1,9,0,9,9,7,5,0,0,8,0,0,0,0,1,1,5,6,2,26,6,1560,2,11,FORD FIESTA,9,E01031761,0,-1
2020040964099,2020,040964099,1,9,0,16,19,7,3,0,0,0,0,0,1,10,1,1,2,2,1,39,7,998,1,5,FORD FIESTA,5,E01025137,0,-1
202006M171384,2020,06M171384,2,9,0,18,19,1,5,0,0,8,0,0,0,0,1,1,6,6,2,26,6,998,1,2,FORD FIESTA,8,E01006090,0,-1
202031B178620,2020,31B178620,1,9,0,17,19,3,1,0,0,8,1,10,7,0,1,1,2,2,2,30,6,1242,1,11,FORD FIESTA,7,E01008087,0,-1
2020450958616,2020,450958616,1,9,0,3,3,7,3,0,0,1,0,0,0,0,2,1,5,6,2,34,6,1242,1,11,FORD FIESTA,10,E01022850,0,-1
2020070145239,2020,070145239,1,9,0,18,19,4,8,0,0,6,0,0,0,0,4,1,6,6,2,72,10,1388,1,9,FORD FIESTA,8,E01018559,0,-1
2020522100960,2020,522100960,1,9,0,18,19,1,5,0,0,0,0,0,0,0,1,1,6,6,1,81,11,1388,1,9,FORD FIESTA,7,E01014847,0,-1
2020220990268,2020,220990268,1,9,0,9,9,8,6,0,0,5,0,0,0,0,1,1,5,6,2,64,9,1242,1,11,FORD FIESTA,4,E01028847,0,-1
2020010246563,2020,010246563,2,9,0,18,19,8,4,0,0,1,1,0,0,0,1,1,6,6,2,43,7,1242,1,10,FORD FIESTA,-1,-1,0,-1
2020140932385,2020,140932385,1,9,0,18,19,2,6,0,0,8,0,0,0,0,3,1,5,6,2,45,7,1242,1,9,FORD FIESTA,2,E01033278,0,-1
2020552000356,2020,552000356,1,9,0,7,7,8,2,0,0,6,0,0,0,0,1,1,6,6,1,18,4,1596,1,15,FORD FIESTA,-1,-1,0,-1
2020010268611,2020,010268611,2,9,0,18,19,3,7,2,2,1,0,0,0,0,0,1,6,6,1,42,7,1388,1,16,FORD FIESTA,-1,-1,0,-1
2020122000900,2020,122000900,3,9,0,18,19,3,7,0,0,0,0,0,0,0,3,1,6,6,1,20,4,1242,1,15,FORD FIESTA,8,E01027611,0,-1
2020220987307,2020,220987307,1,9,0,16,19,4,7,0,0,1,1,0,0,0,1,1,5,6,2,73,10,998,1,7,FORD FIESTA,8,E01014203,0,-1
202006F173952,2020,06F173952,1,9,0,9,9,3,8,0,0,7,0,0,0,0,1,1,2,2,1,46,8,1399,2,9,FORD FIESTA,2,E01005974,0,-1
2020010283106,2020,010283106,2,9,0,99,99,9,9,99,99,9,9,99,9,99,1,9,6,6,3,21,5,998,1,8,FORD FIESTA,3,E01003185,0,-1
2020010266616,2020,010266616,1,9,0,3,3,1,5,0,0,1,0,0,0,0,2,1,6,6,1,18,4,1242,1,9,FORD FIESTA,3,E01000372,0,-1
2020990945759,2020,990945759,1,9,0,5,5,1,5,0,0,4,0,0,0,0,1,1,2,2,2,22,5,1388,1,10,FORD FIESTA,2,-1,0,-1
2020201019506,2020,201019506,1,9,0,9,9,4,2,0,0,6,0,0,0,0,4,1,6,6,1,41,7,998,1,4,FORD FIESTA,3,E01009922,0,-1
2020370985734,2020,370985734,2,9,5,18,19,8,4,0,0,0,0,0,0,0,1,1,5,6,2,46,8,1388,1,16,FORD FIESTA,3,E01030014,0,-1
2020031002557,2020,031002557,2,9,0,18,19,3,7,0,0,1,0,0,0,0,1,1,5,6,2,23,5,1242,1,13,FORD FIESTA,2,E01019207,0,-1
2020450989422,2020,450989422,1,9,0,3,3,3,7,0,0,1,0,0,0,0,2,1,5,6,1,23,5,1242,1,14,FORD FIESTA,10,E01030355,0,-1
2020052001143,2020,052001143,1,9,0,7,7,5,1,0,0,1,0,0,0,0,4,1,6,6,2,18,4,998,1,2,FORD FIESTA,1,E01006494,0,-1
2020070507262,2020,070507262,2,9,0,4,4,5,7,0,0,1,0,0,0,0,2,1,6,6,2,36,7,1242,1,9,FORD FIESTA,3,W01000411,0,-1
2020052001120,2020,052001120,1,9,0,9,9,1,7,0,0,8,0,0,0,0,1,1,2,2,1,23,5,1242,1,4,FORD FIESTA,1,E01033747,0,-1
2020460986049,2020,460986049,1,9,0,11,11,6,2,0,0,0,1,0,2,0,4,1,5,6,2,20,4,1242,1,11,FORD FIESTA,7,E01030060,0,-1
2020420999293,2020,420999293,1,9,0,9,9,2,4,0,0,4,0,0,0,0,3,1,6,6,1,23,5,998,1,7,FORD FIESTA,5,E01021417,0,-1
2020010256955,2020,010256955,1,9,9,99,99,9,9,99,99,1,9,99,9,99,9,9,6,6,1,-1,-1,998,1,4,FORD FIESTA,-1,-1,0,-1
2020990996099,2020,990996099,2,19,0,18,19,5,1,0,0,2,0,0,1,0,1,1,1,1,1,48,8,1499,2,6,FORD FIESTA,9,-1,0,-1
2020052002519,2020,052002519,1,9,0,5,5,1,5,0,0,2,0,0,0,0,1,1,6,6,1,24,5,1388,1,16,FORD FIESTA,1,E01033747,0,-1
2020010256037,2020,010256037,2,9,0,5,5,1,5,0,0,0,0,0,0,0,1,1,6,6,1,24,5,1596,1,4,FORD FIESTA,7,E01021904,0,-1
2020122001045,2020,122001045,1,9,0,18,19,5,1,0,0,8,1,0,0,0,1,1,6,6,1,18,4,1242,1,13,FORD FIESTA,3,E01011333,0,-1
2020460976370,2020,460976370,3,9,0,2,2,0,0,0,0,2,0,0,0,0,2,1,5,6,3,-1,-1,1399,2,13,FORD FIESTA,5,E01024492,0,-1
2020430191685,2020,430191685,2,9,0,17,19,3,7,0,0,0,0,0,0,0,3,1,6,6,2,58,9,1242,1,5,FORD FIESTA,7,E01028509,0,-1
2020070737844,2020,070737844,1,9,0,4,4,3,7,0,0,1,0,0,0,0,1,1,6,6,2,22,5,1242,1,12,FORD FIESTA,4,E01012460,0,-1
2020360944553,2020,360944553,1,9,0,9,9,4,2,0,0,0,0,0,0,0,1,1,5,6,1,21,5,1560,2,8,FORD FIESTA,5,E01026862,0,-1
2020010273092,2020,010273092,2,9,0,99,99,9,9,99,99,0,9,99,9,99,9,9,6,6,3,27,6,1242,1,14,FORD FIESTA,6,E01004070,0,-1
2020110948094,2020,110948094,1,9,0,18,19,1,5,0,0,0,0,0,5,6,3,1,6,6,2,19,4,1242,1,13,FORD FIESTA,2,E01020784,0,-1
2020430381290,2020,430381290,1,9,0,7,7,2,4,0,0,6,0,0,1,0,1,1,2,2,2,53,8,1242,1,3,FORD FIESTA,7,E01016470,0,-1
2020122000762,2020,122000762,2,9,0,3,3,2,5,0,0,4,0,0,0,0,0,1,2,2,1,20,4,1242,1,5,FORD FIESTA,10,E01013413,0,-1
2020230950841,2020,230950841,2,9,0,13,13,8,4,0,0,1,0,0,0,0,1,1,2,2,1,55,8,1242,1,6,FORD FIESTA,1,E01010129,0,-1
2020520003310,2020,520003310,1,9,0,18,19,4,8,0,0,8,0,0,0,0,1,1,6,6,1,19,4,1560,2,14,FORD FIESTA,10,E01014424,0,-1
2020410971203,2020,410971203,1,9,0,4,4,3,7,0,0,0,0,0,0,0,1,1,5,6,2,31,6,998,1,5,FORD FIESTA,4,E01017570,0,-1
2020371013960,2020,371013960,2,9,0,9,9,6,2,0,0,8,0,0,0,0,1,1,2,2,2,22,5,998,1,5,FORD FIESTA,3,E01030026,0,-1
2020040942309,2020,040942309,2,9,0,5,5,1,5,0,0,4,0,0,0,0,1,1,2,2,1,19,4,1560,2,11,FORD FIESTA,8,E01025416,0,-1
2020010279197,2020,010279197,3,9,0,18,19,1,5,0,0,1,0,1,0,0,3,1,6,6,1,28,6,1388,1,10,FORD FIESTA,5,E01002249,0,-1
2020990957449,2020,990957449,1,9,0,7,7,1,4,9,9,0,0,10,7,0,1,1,5,6,1,29,6,1596,1,6,FORD FIESTA,4,-1,0,-1
2020220956056,2020,220956056,1,9,0,18,19,3,7,0,0,0,0,0,0,0,1,1,5,6,1,34,6,1242,1,13,FORD FIESTA,6,E01032480,0,-1
2020430002230,2020,430002230,2,9,0,3,3,2,6,0,0,8,0,0,0,0,2,1,2,2,1,53,8,998,1,6,FORD FIESTA,7,E01002203,0,-1
2020552000283,2020,552000283,2,9,0,10,10,7,3,0,0,1,0,0,0,0,2,1,6,6,2,55,8,1388,1,10,FORD FIESTA,8,E01020450,0,-1
2020991010410,2020,991010410,2,9,0,9,9,6,4,0,0,2,0,0,1,2,0,1,5,6,1,33,6,1242,1,15,FORD FIESTA,4,-1,0,-1
2020040984863,2020,040984863,1,9,0,7,7,5,7,0,0,5,1,0,0,0,1,1,5,6,1,26,6,1399,2,11,FORD FIESTA,7,E01025361,0,-1
2020552000799,2020,552000799,1,9,0,17,19,5,3,0,0,0,1,0,1,10,1,1,2,2,1,25,5,1388,1,11,FORD FIESTA,5,E01020412,0,-1
2020200944711,2020,200944711,2,9,0,18,19,6,2,0,0,8,0,0,0,0,4,1,6,6,1,41,7,1388,1,12,FORD FIESTA,1,E01008995,0,-1
2020430058520,2020,430058520,2,9,0,18,19,8,4,0,0,8,0,0,0,0,1,1,6,6,1,93,11,1242,1,14,FORD FIESTA,5,E01002501,0,-1
2020990922083,2020,990922083,1,9,0,18,19,1,5,0,0,1,0,0,0,0,1,1,6,6,1,22,5,1596,1,4,FORD FIESTA,10,-1,0,-1
2020010274184,2020,010274184,1,9,0,6,6,3,3,0,0,2,0,0,0,0,1,1,2,2,1,27,6,1242,1,13,FORD FIESTA,5,E01003140,0,-1
2020140972643,2020,140972643,2,9,0,18,19,2,6,0,0,3,0,0,3,0,4,1,5,6,1,25,5,998,1,2,FORD FIESTA,9,E01019778,0,-1
2020990968793,2020,990968793,1,9,0,18,19,6,2,0,0,0,0,0,0,0,1,1,5,6,2,27,6,1242,1,9,FORD FIESTA,4,-1,0,-1
2020622000596,2020,622000596,1,9,0,18,19,6,2,0,0,0,5,0,1,9,4,1,6,6,2,21,5,1242,1,7,FORD FIESTA,9,W01000956,0,-1
2020040993370,2020,040993370,2,9,0,18,19,3,7,0,0,1,0,0,0,0,4,1,5,6,2,23,5,1242,1,5,FORD FIESTA,4,E01025001,0,-1
2020010261611,2020,010261611,2,9,0,99,99,9,9,99,99,9,9,99,9,99,1,9,6,6,3,-1,-1,1596,1,8,FORD FIESTA,-1,-1,0,-1
2020420944887,2020,420944887,1,9,0,18,19,3,7,0,0,0,0,0,7,0,1,1,5,6,1,20,4,1596,1,14,FORD FIESTA,2,E01021315,0,-1
2020210981838,2020,210981838,1,9,0,18,19,4,8,0,0,8,0,9,0,0,1,1,6,6,1,20,4,998,1,6,FORD FIESTA,2,E01014262,0,-1
2020420975204,2020,420975204,1,9,0,17,19,1,5,0,0,0,1,0,7,3,4,1,6,6,1,27,6,1242,1,23,FORD FIESTA,3,E01021974,0,-1
202063B055320,2020,63B055320,1,9,0,5,5,7,2,0,0,4,0,0,0,0,1,1,6,6,1,20,4,1388,1,17,FORD FIESTA,5,W01000535,0,-1
2020010241328,2020,010241328,2,9,0,99,99,9,9,99,99,9,9,99,9,99,1,9,6,6,2,-1,-1,998,1,2,FORD FIESTA,6,E01002602,0,-1
2020430180189,2020,430180189,2,9,0,18,19,1,5,0,0,1,1,0,0,0,4,1,1,1,1,25,5,1388,1,17,FORD FIESTA,7,E01016752,0,-1
2020052002000,2020,052002000,1,9,0,4,4,7,3,0,0,0,0,4,0,0,1,1,6,6,2,70,10,1242,1,11,FORD FIESTA,4,E01006837,0,-1
2020470972907,2020,470972907,2,9,0,18,19,4,8,0,0,8,0,0,0,0,1,1,5,6,2,55,8,998,1,4,FORD FIESTA,8,E01031397,0,-1
2020440495072,2020,440495072,1,9,0,9,9,4,2,0,0,8,0,0,0,0,1,1,6,6,2,57,9,1388,1,16,FORD FIESTA,5,E01017279,0,-1
2020411009362,2020,411009362,1,9,0,18,19,8,4,0,0,0,0,0,1,9,1,1,6,6,2,22,5,1388,1,14,FORD FIESTA,3,E01015813,0,-1
2020010277730,2020,010277730,1,9,0,99,99,9,9,99,99,9,9,99,9,99,2,9,2,2,1,43,7,-1,-1,-1,FORD FIESTA,3,E01000622,0,-1
2020040998925,2020,040998925,1,9,0,17,19,6,2,0,0,0,5,0,1,9,1,1,5,6,2,30,6,1388,1,15,FORD FIESTA,4,E01025452,0,-1
2020430141771,2020,430141771,2,9,0,18,19,1,5,0,0,1,0,0,0,0,1,1,6,6,3,-1,-1,1388,1,16,FORD FIESTA,-1,-1,0,-1
2020370982894,2020,370982894,1,9,0,16,19,4,8,0,0,0,1,0,1,4,1,1,2,2,1,19,4,1242,1,15,FORD FIESTA,6,E01030120,0,-1
2020460995032,2020,460995032,1,9,0,16,19,2,4,0,0,0,0,0,0,0,1,1,5,6,1,51,8,1388,1,12,FORD FIESTA,2,E01016042,0,-1
2020010282115,2020,010282115,2,9,0,9,9,5,2,0,0,6,0,0,0,0,4,1,6,6,1,56,9,1388,1,17,FORD FIESTA,6,E01001160,0,-1
2020990947146,2020,990947146,2,9,0,10,10,8,5,0,0,5,0,0,0,0,2,1,2,2,1,35,6,998,1,2,FORD FIESTA,2,-1,0,-1
2020010230473,2020,010230473,1,9,0,18,19,1,5,0,0,0,0,0,0,0,1,1,6,6,1,44,7,998,1,1,FORD FIESTA,6,E01002943,0,-1
2020990961329,2020,990961329,1,9,0,5,5,5,2,0,0,0,0,0,0,0,1,1,5,6,1,17,4,1242,1,5,FORD FIESTA,3,-1,0,-1
2020302001682,2020,302001682,1,9,0,18,19,7,3,0,0,0,0,0,1,4,1,1,1,1,2,55,8,1388,1,11,FORD FIESTA,6,E01019594,0,-1
202031C173420,2020,31C173420,2,9,0,4,4,5,1,0,0,1,0,0,0,0,2,1,6,6,2,28,6,998,1,6,FORD FIESTA,1,E01013813,0,-1
2020990979358,2020,990979358,2,9,0,18,19,8,4,0,0,1,0,0,0,0,1,1,5,6,2,29,6,1242,1,5,FORD FIESTA,1,E01012403,0,-1
2020160956261,2020,160956261,1,9,0,18,19,4,8,0,0,0,0,0,1,4,1,1,5,6,1,23,5,1388,1,10,FORD FIESTA,4,E01032104,0,-1
2020010264639,2020,010264639,2,9,0,4,4,2,6,0,0,0,0,0,0,0,3,1,2,2,1,34,6,1242,1,13,FORD FIESTA,3,E01003035,0,-1
2020010256790,2020,010256790,1,9,0,99,99,9,9,99,99,9,9,99,9,99,2,9,6,6,1,21,5,1399,2,9,FORD FIESTA,2,E01003240,0,-1
2020137CO0986,2020,137CO0986,2,9,0,14,14,2,6,0,0,8,0,0,0,0,1,1,6,6,1,22,5,998,1,4,FORD FIESTA,1,E01010606,0,-1
2020461011110,2020,461011110,1,9,0,18,19,6,2,0,0,1,0,0,0,0,3,1,6,6,1,28,6,1399,2,15,FORD FIESTA,10,E01021157,0,-1
2020990999957,2020,990999957,2,9,0,18,19,1,5,0,0,1,0,0,7,0,1,1,5,6,1,64,9,-1,-1,-1,FORD FIESTA,9,-1,0,-1
2020530999840,2020,530999840,2,9,0,9,9,3,1,0,0,1,0,0,0,0,1,1,1,1,2,26,6,1499,2,4,FORD FIESTA,3,E01022157,0,-1
2020122000242,2020,122000242,1,9,0,7,7,8,3,0,0,2,5,0,1,10,1,1,6,6,2,20,4,1388,1,17,FORD FIESTA,7,E01027653,0,-1
2020140941784,2020,140941784,2,9,0,9,9,5,3,0,0,1,0,0,0,0,1,1,6,6,1,29,6,1388,1,18,FORD FIESTA,3,E01008004,0,-1
2020420943143,2020,420943143,2,9,0,3,3,3,5,0,0,1,0,0,0,0,2,1,6,6,1,-1,-1,1242,1,12,FORD FIESTA,5,E01022004,0,-1
2020010240417,2020,010240417,1,9,0,4,4,4,8,0,0,8,0,0,0,0,2,1,6,6,2,18,4,1499,2,2,FORD FIESTA,-1,-1,0,-1
2020440087170,2020,440087170,3,9,0,2,2,0,0,0,0,2,0,4,0,0,1,1,6,6,3,-1,-1,1399,2,13,FORD FIESTA,-1,-1,0,-1
2020460964279,2020,460964279,1,9,0,9,9,5,1,0,0,8,0,0,0,0,1,1,5,6,1,50,8,998,1,2,FORD FIESTA,7,E01024274,0,-1
2020137CC1315,2020,137CC1315,1,9,0,18,19,5,1,0,0,8,0,0,0,0,1,1,6,6,1,-1,-1,1242,1,14,FORD FIESTA,-1,-1,0,-1
2020100917965,2020,100917965,1,9,0,5,5,2,3,0,0,6,0,0,0,0,1,1,5,6,1,94,11,1242,1,13,FORD FIESTA,-1,-1,0,-1
2020220928859,2020,220928859,1,9,0,18,19,4,8,0,0,0,0,0,0,0,3,1,1,1,1,18,4,1242,1,13,FORD FIESTA,8,E01031208,0,-1
2020161013626,2020,161013626,1,9,0,18,19,2,6,0,0,0,0,0,0,0,1,1,6,6,1,-1,-1,1399,2,14,FORD FIESTA,1,E01012856,0,-1
2020410924040,2020,410924040,1,9,0,5,5,2,6,0,0,0,0,0,0,0,1,1,6,6,1,18,4,1388,1,9,FORD FIESTA,5,E01023537,0,-1
2020040937674,2020,040937674,1,9,0,9,9,2,8,0,0,6,0,0,0,0,1,1,2,2,1,48,8,998,1,3,FORD FIESTA,3,E01025312,0,-1
2020545880120,2020,545880120,1,9,0,4,4,7,3,0,0,1,0,0,0,0,1,1,6,6,1,20,4,998,1,1,FORD FIESTA,9,E01015523,0,-1
202063D012920,2020,63D012920,1,9,0,16,19,4,7,0,0,0,1,0,1,4,4,1,6,6,2,20,4,1242,1,11,FORD FIESTA,9,E01028986,0,-1
2020430357382,2020,430357382,2,9,0,18,19,5,8,0,0,1,0,0,0,0,1,1,6,6,1,19,4,1388,1,15,FORD FIESTA,9,E01016793,0,-1
2020052000795,2020,052000795,1,19,0,18,19,5,1,0,0,8,0,0,3,10,3,1,6,6,1,52,8,1560,2,6,FORD FIESTA,10,W01000321,0,-1
2020460945052,2020,460945052,1,9,0,1,1,1,7,0,0,0,0,0,0,0,2,1,5,6,1,49,8,1388,1,16,FORD FIESTA,3,E01016150,0,-1
2020990922961,2020,990922961,1,9,0,18,19,1,5,0,0,4,0,0,0,0,3,1,5,6,1,25,5,1596,1,6,FORD FIESTA,2,-1,0,-1
2020210928985,2020,210928985,1,9,0,18,19,3,7,0,0,0,0,0,0,0,1,1,1,1,1,17,4,998,1,1,FORD FIESTA,6,E01029398,0,-1
2020450984709,2020,450984709,2,9,0,18,19,5,1,0,0,6,0,0,0,0,1,1,6,6,2,88,11,1242,1,14,FORD FIESTA,3,E01023145,0,-1
2020440092952,2020,440092952,2,9,0,4,4,3,7,0,0,1,0,0,0,0,1,1,6,6,1,18,4,1242,1,14,FORD FIESTA,9,E01023111,0,-1
2020140979324,2020,140979324,1,9,0,16,19,8,2,0,0,0,0,0,0,0,1,1,5,6,2,18,4,1388,1,14,FORD FIESTA,4,E01007587,0,-1
2020460968310,2020,460968310,1,9,0,18,19,5,1,0,0,1,5,0,2,0,1,1,5,6,2,40,7,998,1,3,FORD FIESTA,4,E01016141,0,-1
2020110940003,2020,110940003,4,9,0,9,9,5,3,0,0,1,0,0,0,0,3,1,6,6,1,64,9,-1,-1,-1,FORD FIESTA,2,E01020716,0,-1
2020420951738,2020,420951738,1,9,0,5,5,2,7,0,0,0,0,0,0,0,3,1,6,6,1,74,10,1596,1,16,FORD FIESTA,5,E01015818,0,-1
2020122001041,2020,122001041,1,9,0,18,19,3,7,0,0,0,0,0,0,0,1,1,6,6,1,35,6,1596,1,5,FORD FIESTA,1,E01033469,0,-1
2020470920708,2020,470920708,1,9,0,9,9,5,2,0,0,2,0,0,1,11,1,1,5,6,2,19,4,1242,1,14,FORD FIESTA,8,E01020473,0,-1
2020530915422,2020,530915422,1,9,0,9,9,2,8,0,0,8,1,0,0,0,4,1,5,6,2,76,11,1242,1,13,FORD FIESTA,3,E01022254,0,-1
2020421007975,2020,421007975,2,9,0,18,19,7,3,0,0,1,0,0,0,0,4,1,6,6,2,49,8,1242,1,11,FORD FIESTA,9,E01015815,0,-1
2020350972256,2020,350972256,1,9,0,5,5,1,5,0,0,1,1,0,0,0,1,1,5,6,2,19,4,998,1,6,FORD FIESTA,9,E01018202,0,-1
2020220921230,2020,220921230,2,9,0,2,2,0,0,0,0,0,0,0,0,0,2,1,1,1,2,29,6,1399,2,10,FORD FIESTA,9,E01022246,0,-1
2020052001995,2020,052001995,1,9,0,9,9,2,8,0,0,6,0,0,0,0,1,1,3,7,2,43,7,1242,1,5,FORD FIESTA,8,E01006827,0,-1
20201373I0654,2020,1373I0654,2,9,0,18,19,5,1,0,0,0,1,0,1,4,3,1,6,6,2,53,8,1242,1,9,FORD FIESTA,4,E01011810,0,-1
2020010239151,2020,010239151,1,9,0,18,19,4,8,0,0,1,0,0,0,0,3,1,6,6,1,21,5,1388,1,15,FORD FIESTA,5,E01000632,0,-1
2020990942240,2020,990942240,1,9,0,9,9,5,8,0,0,1,0,0,0,0,2,1,6,6,1,66,10,1242,1,5,FORD FIESTA,3,-1,0,-1
2020460926691,2020,460926691,1,9,0,18,19,5,1,0,0,0,1,4,0,0,1,1,6,6,1,42,7,1242,1,11,FORD FIESTA,6,E01024225,0,-1
20201373U1506,2020,1373U1506,2,9,0,10,10,3,7,0,0,1,0,0,0,0,3,1,6,6,1,24,5,998,1,2,FORD FIESTA,5,E01011648,0,-1
2020500946204,2020,500946204,3,9,0,18,19,3,7,0,0,0,0,0,0,0,1,1,5,6,1,62,9,998,1,4,FORD FIESTA,6,E01025796,0,-1
2020421004267,2020,421004267,1,9,0,18,19,8,6,0,0,8,0,0,1,10,4,1,5,6,1,17,4,1299,1,17,FORD FIESTA,5,E01015865,0,-1