collision_index,collision_year,collision_ref_no,vehicle_reference,vehicle_type,towing_and_articulation,vehicle_manoeuvre_historic,vehicle_manoeuvre,vehicle_direction_from,vehicle_direction_to,vehicle_location_restricted_lane_historic,vehicle_location_restricted_lane,junction_location,skidding_and_overturning,hit_object_in_carriageway,vehicle_leaving_carriageway,hit_object_off_carriageway,first_point_of_impact,vehicle_left_hand_drive,journey_purpose_of_driver_historic,journey_purpose_of_driver,sex_of_driver,age_of_driver,age_band_of_driver,engine_capacity_cc,propulsion_code,age_of_vehicle,generic_make_model,driver_imd_decile,lsoa_of_driver,escooter_flag,driver_distance_banding
2020160975855,2020,160975855,3,9,0,18,19,4,8,0,0,0,0,0,0,0,1,1,5,6,1,67,10,998,1,2,FORD FIESTA,6,E01012818,0,-1
202006K272577,2020,06K272577,1,9,0,18,19,4,8,0,0,8,0,0,0,0,1,1,6,6,2,30,6,1242,1,4,FORD FIESTA,9,E01004810,0,-1
2020522003864,2020,522003864,1,9,0,3,3,6,2,0,0,1,0,0,0,0,2,1,6,6,1,27,6,1242,1,5,FORD FIESTA,10,E01028727,0,-1
2020230932257,2020,230932257,2,9,0,18,19,8,4,0,0,0,0,0,0,0,1,1,6,6,2,59,9,1242,1,12,FORD FIESTA,2,E01008889,0,-1
2020010276021,2020,010276021,1,9,0,99,99,9,9,99,99,9,9,99,9,99,9,9,6,6,1,21,5,1388,1,8,FORD FIESTA,2,E01000904,0,-1
2020501015664,2020,501015664,1,9,0,18,19,5,1,0,0,4,0,0,0,0,1,1,5,6,2,20,4,1388,1,14,FORD FIESTA,4,E01020126,0,-1
2020070381396,2020,070381396,2,9,0,18,19,7,3,0,0,0,0,0,0,0,4,1,1,1,1,20,4,998,1,4,FORD FIESTA,2,E01018467,0,-1
2020010269720,2020,010269720,2,9,0,12,12,2,6,0,0,0,0,0,0,0,2,1,3,7,2,41,7,1499,2,4,FORD FIESTA,3,E01004393,0,-1
2020200997803,2020,200997803,1,9,0,18,19,6,2,0,0,8,0,0,0,0,4,1,2,2,1,23,5,998,1,5,FORD FIESTA,5,E01009916,0,-1
2020440431643,2020,440431643,1,9,0,17,19,3,6,0,0,0,0,0,1,9,4,1,2,2,2,45,7,1242,1,18,FORD FIESTA,10,E01022985,0,-1
2020470970686,2020,470970686,1,9,0,18,19,1,5,0,0,0,1,0,2,0,1,1,5,6,2,26,6,1388,1,15,FORD FIESTA,10,E01024824,0,-1
202063C069420,2020,63C069420,1,9,0,18,19,6,2,0,0,0,2,6,8,10,1,1,6,6,1,38,7,998,1,2,FORD FIESTA,9,W01000611,0,-1
2020302000943,2020,302000943,1,9,0,18,19,6,7,0,0,1,0,0,0,0,1,1,2,2,1,45,7,1388,1,15,FORD FIESTA,8,E01033412,0,-1
2020522101305,2020,522101305,2,9,0,18,19,6,2,0,0,1,0,0,0,0,3,1,6,6,2,21,5,1242,1,15,FORD FIESTA,7,E01014533,0,-1
2020201015243,2020,201015243,3,9,0,2,2,0,0,0,0,0,0,4,0,0,2,1,5,6,2,31,6,998,1,7,FORD FIESTA,6,E01009034,0,-1
2020450951911,2020,450951911,1,9,0,18,19,1,5,0,0,0,1,0,0,0,1,1,5,6,1,85,11,1242,1,10,FORD FIESTA,9,E01030817,0,-1
202006K277407,2020,06K277407,1,9,0,18,19,3,7,0,0,1,0,0,0,0,1,1,6,6,1,68,10,1388,1,12,FORD FIESTA,8,E01012628,0,-1
202031C063320,2020,31C063320,1,9,0,18,19,6,2,0,0,0,1,7,0,0,1,1,6,6,2,22,5,1242,1,8,FORD FIESTA,2,E01013829,0,-1
2020201010551,2020,201010551,1,9,0,4,4,6,4,0,0,1,0,0,0,0,4,1,2,2,1,57,9,1388,1,16,FORD FIESTA,10,E01032140,0,-1
2020010271594,2020,010271594,2,9,0,17,19,8,4,0,0,1,0,0,0,0,4,1,2,2,2,50,8,998,1,1,FORD FIESTA,3,E01000741,0,-1
2020460975779,2020,460975779,2,9,0,18,19,7,3,0,0,8,0,0,0,0,3,1,5,6,2,27,6,1242,1,4,FORD FIESTA,1,W01001813,0,-1
2020010261158,2020,010261158,2,9,0,13,13,5,1,0,0,8,0,0,0,0,4,1,6,6,1,19,4,1242,1,12,FORD FIESTA,9,E01003648,0,-1
2020160951270,2020,160951270,1,9,0,1,1,7,4,0,0,0,0,0,0,0,4,1,6,6,2,25,5,1242,1,10,FORD FIESTA,7,E01033106,0,-1
2020440487099,2020,440487099,2,9,0,4,4,5,1,0,0,2,0,0,0,0,2,1,6,6,2,51,8,1388,1,17,FORD FIESTA,4,E01022936,0,-1
2020421000796,2020,421000796,1,9,0,4,4,6,1,0,0,1,0,0,0,0,1,1,5,6,2,45,7,998,1,1,FORD FIESTA,5,E01021493,0,-1
2020470959685,2020,470959685,1,9,0,10,10,1,2,0,0,6,0,0,0,0,3,1,5,6,1,58,9,998,1,4,FORD FIESTA,6,E01021087,0,-1
2020210984595,2020,210984595,2,9,0,9,9,5,2,0,0,6,0,0,1,4,3,1,6,6,1,43,7,1399,2,15,FORD FIESTA,6,E01029753,0,-1
2020100995936,2020,100995936,3,9,0,3,3,3,7,0,0,0,0,0,0,0,2,1,5,6,1,74,10,1560,2,9,FORD FIESTA,8,E01008726,0,-1
2020140984502,2020,140984502,2,9,0,18,19,4,8,0,0,8,0,0,0,0,1,1,5,6,2,48,8,1388,1,17,FORD FIESTA,1,E01008012,0,-1
2020040991267,2020,040991267,1,9,0,18,19,2,6,0,0,8,0,0,0,0,1,1,6,6,1,17,4,1560,2,10,FORD FIESTA,2,E01025220,0,-1
2020200937881,2020,200937881,1,9,0,5,5,1,5,0,0,1,0,0,0,0,1,1,6,6,1,49,8,1388,1,18,FORD FIESTA,1,E01009401,0,-1
2020350958266,2020,350958266,2,9,0,5,5,4,8,0,0,2,0,0,0,0,1,1,6,6,2,18,4,1242,1,7,FORD FIESTA,5,E01029941,0,-1
2020990944912,2020,990944912,1,9,0,18,19,5,1,0,0,8,5,0,8,0,1,1,5,6,2,59,9,1388,1,10,FORD FIESTA,3,-1,0,-1
2020461007779,2020,461007779,1,9,0,16,19,3,5,0,0,0,0,0,7,11,1,1,6,6,1,21,5,1560,2,12,FORD FIESTA,5,E01024767,0,-1
2020460943740,2020,460943740,4,9,0,18,19,4,8,0,0,0,0,0,0,0,0,1,5,6,2,42,7,1388,1,12,FORD FIESTA,5,E01024788,0,-1
2020370967758,2020,370967758,2,9,0,7,7,4,8,0,0,8,0,0,0,0,3,1,5,6,1,19,4,1388,1,12,FORD FIESTA,9,E01030067,0,-1
2020010242996,2020,010242996,1,9,0,4,4,1,5,0,0,0,0,0,0,0,2,1,6,6,2,40,7,1388,1,12,FORD FIESTA,-1,-1,0,-1
2020530994943,2020,530994943,1,9,0,17,19,5,1,0,0,0,2,0,1,4,1,1,2,2,1,32,6,-1,-1,-1,FORD FIESTA,4,E01014590,0,-1
2020010239319,2020,010239319,1,9,0,18,19,5,1,99,99,1,9,99,9,99,1,1,6,6,3,22,5,1299,1,19,FORD FIESTA,3,E01002589,0,-1
2020220957308,2020,220957308,2,9,0,2,2,0,0,0,0,0,0,0,0,0,2,1,5,6,1,19,4,1242,1,14,FORD FIESTA,2,E01032453,0,-1
2020122000633,2020,122000633,1,9,0,18,19,8,4,0,0,0,0,0,0,0,1,1,2,2,2,28,6,1242,1,7,FORD FIESTA,6,E01013441,0,-1
2020990967190,2020,990967190,1,9,0,17,19,6,2,0,0,0,1,0,0,0,1,1,5,6,1,35,6,-1,-1,-1,FORD FIESTA,6,-1,0,-1
2020420917549,2020,420917549,1,9,0,4,4,6,2,0,0,0,0,0,0,0,1,1,6,6,2,24,5,998,1,1,FORD FIESTA,7,E01021613,0,-1
2020552000102,2020,552000102,2,9,0,2,2,0,0,0,0,0,0,0,0,0,2,1,6,6,3,-1,-1,-1,-1,-1,FORD FIESTA,-1,-1,0,-1
2020549149220,2020,549149220,2,9,0,2,2,0,0,0,0,0,0,0,0,0,3,1,1,1,2,54,8,998,1,1,FORD FIESTA,7,E01015489,0,-1
2020230949831,2020,230949831,1,9,0,9,9,5,3,0,0,6,0,0,0,0,3,1,5,6,1,87,11,1242,1,5,FORD FIESTA,10,E01031298,0,-1
2020430011335,2020,430011335,1,9,0,9,9,1,7,0,0,8,0,0,0,0,1,1,6,6,1,20,4,1242,1,9,FORD FIESTA,-1,-1,0,-1
2020052001823,2020,052001823,1,9,0,9,9,3,1,0,0,8,0,0,0,0,1,1,6,6,2,31,6,1242,1,4,FORD FIESTA,1,E01006664,0,-1
2020460938412,2020,460938412,2,9,0,18,19,3,7,0,0,0,1,0,7,4,1,1,5,6,1,19,4,1388,1,13,FORD FIESTA,10,E01024272,0,-1
2020430233922,2020,430233922,1,9,0,18,19,4,7,0,0,0,0,0,0,0,1,1,6,6,1,19,4,1242,1,14,FORD FIESTA,10,E01028711,0,-1
2020420979134,2020,420979134,2,9,0,4,4,3,7,0,0,0,1,0,0,0,1,1,5,6,1,22,5,998,1,5,FORD FIESTA,4,E01021392,0,-1
2020500995955,2020,500995955,1,9,0,18,19,8,4,0,0,1,0,0,0,0,3,1,5,6,1,61,9,1399,2,8,FORD FIESTA,1,E01015260,0,-1
2020010263458,2020,010263458,1,9,0,99,99,9,9,99,99,9,9,99,9,99,2,9,6,6,1,24,5,998,1,5,FORD FIESTA,3,E01001436,0,-1
2020010278321,2020,010278321,1,9,0,5,5,1,5,0,0,0,0,0,0,0,1,1,6,6,1,85,11,998,1,1,FORD FIESTA,-1,-1,0,-1
2020211018460,2020,211018460,3,9,0,1,1,7,3,0,0,0,0,0,0,0,1,1,6,6,2,22,5,1242,1,21,FORD FIESTA,7,E01029833,0,-1
202006K377409,2020,06K377409,1,9,0,9,9,8,6,0,0,8,0,0,0,0,4,1,1,1,1,21,5,998,1,2,FORD FIESTA,3,E01005954,0,-1
2020460998353,2020,460998353,1,9,0,18,19,2,6,0,0,0,1,0,7,9,1,1,2,2,2,22,5,1242,1,8,FORD FIESTA,7,E01024380,0,-1
2020010277214,2020,010277214,2,9,0,7,7,3,6,0,0,1,0,0,0,0,0,1,6,6,1,32,6,1242,1,13,FORD FIESTA,2,E01001395,0,-1
2020220973102,2020,220973102,1,9,0,7,7,5,7,0,0,6,0,0,0,0,3,1,5,6,2,71,10,998,1,5,FORD FIESTA,7,E01028835,0,-1
2020411000143,2020,411000143,1,9,0,18,19,6,2,0,0,1,1,4,0,0,1,1,6,6,2,20,4,1242,1,10,FORD FIESTA,5,E01023904,0,-1
2020010272377,2020,010272377,1,9,0,18,19,5,1,0,0,8,0,0,0,0,1,1,2,2,2,20,4,1242,1,4,FORD FIESTA,3,E01000092,0,-1
2020420998747,2020,420998747,2,9,0,18,19,4,7,0,0,8,0,0,0,0,1,1,5,6,2,22,5,1388,1,14,FORD FIESTA,8,E01021520,0,-1
2020220946071,2020,220946071,1,9,0,18,19,4,8,0,0,1,0,4,0,0,1,1,5,6,2,74,10,998,1,2,FORD FIESTA,4,E01014085,0,-1
2020990921842,2020,990921842,1,9,0,18,19,4,8,0,0,1,0,0,0,0,1,1,5,6,1,63,9,1242,1,14,FORD FIESTA,3,-1,0,-1
2020470984465,2020,470984465,1,9,0,9,9,8,5,0,0,8,0,0,0,0,3,1,5,6,1,18,4,1117,1,31,FORD FIESTA,6,E01020950,0,-1
2020371016063,2020,371016063,1,9,0,14,14,4,7,0,0,1,0,0,0,0,1,1,2,2,1,20,4,998,1,4,FORD FIESTA,4,E01030244,0,-1
2020990967220,2020,990967220,2,9,0,18,19,7,3,0,0,8,0,0,0,0,4,1,5,6,2,19,4,1242,1,11,FORD FIESTA,9,-1,0,-1
2020610009320,2020,610009320,3,9,0,2,2,0,0,0,0,1,0,0,0,0,1,1,6,6,1,-1,-1,1242,1,12,FORD FIESTA,-1,-1,0,-1
2020010255079,2020,010255079,1,9,0,99,99,9,9,99,99,4,9,99,9,99,2,9,6,6,3,30,6,1399,2,11,FORD FIESTA,5,E01014925,0,-1
2020040929391,2020,040929391,1,9,0,18,19,4,8,0,0,0,0,0,0,0,1,1,2,2,2,36,7,1242,1,10,FORD FIESTA,3,E01025037,0,-1
2020010283389,2020,010283389,1,9,0,9,9,1,7,0,0,6,0,0,0,0,1,1,2,2,1,57,9,998,1,6,FORD FIESTA,4,E01002018,0,-1
2020160984638,2020,160984638,1,9,4,16,19,6,2,0,0,0,3,0,7,4,1,1,5,6,1,51,8,1399,2,17,FORD FIESTA,1,E01013136,0,-1
2020040943608,2020,040943608,1,9,0,18,19,7,3,0,0,0,5,0,1,0,1,1,5,6,1,25,5,1596,1,12,FORD FIESTA,1,E01012721,0,-1
2020010233439,2020,010233439,1,9,0,18,19,7,3,0,0,0,0,0,0,0,3,1,6,6,1,36,7,-1,-1,-1,FORD FIESTA,3,E01003592,0,-1
2020052000113,2020,052000113,2,9,0,18,19,2,6,0,0,8,1,10,3,0,4,1,6,6,2,34,6,1299,1,17,FORD FIESTA,4,E01007167,0,-1
202006K270241,2020,06K270241,2,9,0,4,4,4,8,0,0,0,0,0,0,0,2,1,1,1,2,32,6,1388,1,17,FORD FIESTA,3,E01004889,0,-1
2020420986150,2020,420986150,1,9,0,5,5,1,5,0,0,1,0,0,0,0,1,1,1,1,1,33,6,998,1,3,FORD FIESTA,4,E01021342,0,-1
2020200952224,2020,200952224,1,9,0,18,19,5,1,0,0,8,0,0,0,0,1,1,6,6,1,22,5,1499,2,6,FORD FIESTA,2,E01009568,0,-1
2020500959621,2020,500959621,1,9,0,9,9,4,2,0,0,8,0,0,0,0,1,1,5,6,1,79,11,998,1,2,FORD FIESTA,2,E01018949,0,-1
2020230926771,2020,230926771,1,9,0,18,19,4,8,0,0,8,5,0,7,1,4,1,2,2,1,55,8,1560,2,5,FORD FIESTA,2,E01031010,0,-1
2020200959888,2020,200959888,1,9,0,5,5,8,3,0,0,3,0,10,1,0,4,1,6,6,1,84,11,998,1,6,FORD FIESTA,10,E01010189,0,-1
20201379S1357,2020,1379S1357,1,9,0,4,4,1,5,0,0,1,0,0,0,0,1,1,6,6,1,-1,-1,998,1,5,FORD FIESTA,1,E01011346,0,-1
2020010271233,2020,010271233,2,9,0,99,99,9,9,99,99,9,9,99,9,99,9,9,6,6,3,56,9,998,1,3,FORD FIESTA,2,E01001042,0,-1
2020140982417,2020,140982417,1,9,0,18,19,2,6,0,0,1,0,0,0,0,1,1,5,6,2,29,6,1242,1,8,FORD FIESTA,6,E01007512,0,-1
2020070089467,2020,070089467,1,9,0,5,5,1,5,0,0,8,0,0,0,0,1,1,6,6,1,83,11,1299,1,21,FORD FIESTA,5,E01012552,0,-1
2020122000749,2020,122000749,1,9,0,12,12,1,5,0,0,0,0,0,0,0,1,1,6,6,2,33,6,1399,2,11,FORD FIESTA,8,E01032221,0,-1
2020430005922,2020,430005922,1,9,0,9,9,3,2,0,0,6,2,0,1,4,1,1,6,6,1,18,4,1388,1,17,FORD FIESTA,7,E01016301,0,-1
2020070525679,2020,070525679,1,9,0,18,19,7,3,9,9,0,0,10,1,11,1,1,6,6,1,19,4,1242,1,10,FORD FIESTA,1,E01012526,0,-1
2020400955289,2020,400955289,1,9,0,4,4,1,5,0,0,4,0,0,0,0,1,1,6,6,1,-1,-1,1242,1,4,FORD FIESTA,4,E01017535,0,-1
2020140964143,2020,140964143,2,9,0,18,19,3,7,0,0,1,0,0,0,0,1,1,5,6,2,27,6,1242,1,6,FORD FIESTA,1,E01008009,0,-1
202031D147520,2020,31D147520,1,9,0,9,9,6,4,0,0,5,0,0,0,0,1,1,6,6,1,-1,-1,1596,1,8,FORD FIESTA,2,E01013907,0,-1
2020210949670,2020,210949670,1,9,0,18,19,5,1,0,0,8,0,0,0,0,0,1,1,1,1,69,10,998,1,3,FORD FIESTA,4,E01014277,0,-1
2020070639495,2020,070639495,1,9,0,18,19,5,1,0,0,0,0,6,6,11,1,1,6,6,1,19,4,1399,2,10,FORD FIESTA,3,E01012454,0,-1
2020990962511,2020,990962511,1,9,0,16,19,8,4,0,0,0,5,0,7,0,1,1,5,6,1,64,9,1242,1,16,FORD FIESTA,6,-1,0,-1
2020500992083,2020,500992083,2,9,0,18,19,7,3,0,0,1,0,0,0,0,1,1,6,6,2,20,4,1299,1,18,FORD FIESTA,4,E01015258,0,-1
2020400952782,2020,400952782,1,9,0,7,7,-1,-1,0,0,6,0,0,0,0,1,1,5,6,1,31,6,1242,1,19,FORD FIESTA,2,E01017474,0,-1
2020522003864,2020,522003864,3,9,0,3,3,6,2,0,0,1,0,0,0,0,2,1,6,6,1,40,7,1596,1,6,FORD FIESTA,-1,-1,0,-1
2020430020031,2020,430020031,2,9,0,4,4,7,3,0,0,0,0,0,0,0,2,1,6,6,2,28,6,998,1,2,FORD FIESTA,9,E01028425,0,-1
2020010272828,2020,010272828,2,9,0,99,99,9,9,99,99,0,9,99,9,99,9,9,6,6,1,39,7,1388,1,10,FORD FIESTA,3,E01001578,0,-1
2020420990407,2020,420990407,1,9,0,7,7,4,1,0,0,4,0,0,0,0,1,1,6,6,1,85,11,1388,1,13,FORD FIESTA,8,E01021755,0,-1
2020140926018,2020,140926018,1,9,0,18,19,2,6,0,0,1,0,0,0,0,4,1,6,6,2,55,8,1560,2,8,FORD FIESTA,6,E01007649,0,-1
2020030995554,2020,030995554,1,9,0,4,4,8,6,0,0,0,0,0,0,0,4,1,6,6,1,54,8,998,1,7,FORD FIESTA,2,E01019165,0,-1
2020430203279,2020,430203279,2,9,0,18,19,1,1,0,0,3,0,0,0,0,4,1,6,6,2,19,4,1596,1,10,FORD FIESTA,10,E01016798,0,-1
2020500948305,2020,500948305,1,9,0,18,19,2,6,0,0,1,0,0,0,0,4,1,6,6,1,21,5,998,1,1,FORD FIESTA,1,E01019004,0,-1
2020200945402,2020,200945402,4,9,0,2,2,0,0,0,0,0,0,0,0,0,0,1,6,6,3,-1,-1,1399,2,9,FORD FIESTA,-1,-1,0,-1
2020010255055,2020,010255055,1,9,0,18,19,5,1,0,0,1,0,0,0,0,1,1,6,6,2,21,5,1242,1,16,FORD FIESTA,5,E01032654,0,-1
2020460984689,2020,460984689,2,9,0,10,10,7,5,0,0,8,0,0,7,0,2,1,1,1,1,23,5,1388,1,12,FORD FIESTA,4,E01024624,0,-1
2020340S03832,2020,340S03832,1,9,0,18,19,1,5,0,0,8,0,0,0,0,1,1,6,6,1,28,6,1999,1,14,FORD FIESTA,9,E01027022,0,-1
2020200997699,2020,200997699,2,9,0,16,19,4,7,0,0,0,0,0,0,0,1,1,6,6,1,19,4,998,1,1,FORD FIESTA,2,E01009788,0,-1
2020450932781,2020,450932781,1,9,0,18,19,7,3,0,0,0,0,0,1,4,4,1,5,6,2,55,8,1242,1,13,FORD FIESTA,5,E01030658,0,-1
2020522002851,2020,522002851,1,9,0,9,9,3,1,0,0,8,0,0,0,0,1,1,6,6,1,58,9,1242,1,10,FORD FIESTA,7,E01014856,0,-1
202006P173334,2020,06P173334,1,9,0,18,19,6,2,0,0,4,0,0,0,0,2,1,6,6,2,49,8,1399,2,11,FORD FIESTA,1,E01005581,0,-1
2020460941487,2020,460941487,2,9,0,18,19,1,5,0,0,4,0,0,0,0,1,1,6,6,1,19,4,1242,1,15,FORD FIESTA,4,E01024382,0,-1
2020320469448,2020,320469448,1,9,0,18,19,5,1,0,0,0,0,0,0,0,1,1,3,7,2,34,6,1242,1,12,FORD FIESTA,4,E01026019,0,-1
2020610049420,2020,610049420,1,9,0,18,19,4,8,0,0,0,1,0,0,11,1,1,6,6,2,26,6,1388,1,13,FORD FIESTA,8,W01001672,0,-1
2020990999907,2020,990999907,2,9,0,18,19,2,7,0,0,8,0,0,0,0,4,1,1,1,1,18,4,1596,1,8,FORD FIESTA,3,-1,0,-1
20201373U0958,2020,1373U0958,3,9,0,2,2,0,0,0,0,1,0,0,0,0,3,1,6,6,1,41,7,1596,1,13,FORD FIESTA,2,E01010930,0,-1
2020420959091,2020,420959091,1,9,0,4,4,3,7,0,0,0,0,0,0,0,1,1,6,6,2,-1,-1,1560,2,10,FORD FIESTA,-1,-1,0,-1
2020610027820,2020,610027820,1,9,0,18,19,5,8,0,0,4,0,0,0,0,1,1,6,6,2,56,9,998,1,1,FORD FIESTA,8,W01001913,0,-1
2020010232122,2020,010232122,1,9,0,18,19,7,3,0,0,4,1,0,0,0,1,1,6,6,2,21,5,1399,2,17,FORD FIESTA,9,E01024442,0,-1
2020460981983,2020,460981983,1,9,0,18,19,4,8,0,0,4,0,0,7,0,3,1,5,6,2,34,6,1560,2,14,FORD FIESTA,4,E01024843,0,-1
2020522003661,2020,522003661,1,9,0,18,19,2,6,0,0,0,1,0,1,2,1,1,6,6,1,25,5,-1,-1,-1,FORD FIESTA,10,E01014969,0,-1
202031A169420,2020,31A169420,1,9,0,18,19,8,4,0,0,0,1,0,1,2,1,1,6,6,1,19,4,1242,1,11,FORD FIESTA,3,E01027931,0,-1
202031B144620,2020,31B144620,1,8,0,9,9,5,3,0,0,5,0,0,0,0,1,1,6,6,1,19,4,1388,1,10,-1,8,E01007502,0,-1
2020052000869,2020,052000869,2,9,0,18,19,8,4,0,0,8,0,0,0,0,1,1,1,1,1,35,6,1242,1,14,FORD FIESTA,1,E01006880,0,-1
2020137370968,2020,137370968,4,9,0,18,19,6,2,0,0,0,0,0,0,0,1,1,6,6,1,19,4,1242,1,6,FORD FIESTA,2,E01025290,0,-1
2020370932751,2020,370932751,1,9,0,18,19,8,4,0,0,0,0,0,0,0,1,1,6,6,2,80,11,1388,1,16,FORD FIESTA,6,E01029902,0,-1
20201376H1267,2020,1376H1267,1,9,0,18,19,3,7,0,0,0,0,0,0,0,0,1,6,6,2,42,7,1084,1,3,FORD FIESTA,3,E01011245,0,-1
2020040936829,2020,040936829,1,9,0,18,19,8,4,0,0,2,0,0,0,0,1,1,5,6,1,20,4,998,1,6,FORD FIESTA,1,E01025068,0,-1
202006Q177610,2020,06Q177610,2,9,0,18,19,6,2,0,0,1,0,0,0,0,2,1,6,6,1,41,7,998,1,5,FORD FIESTA,1,E01032558,0,-1
2020990933008,2020,990933008,1,9,0,18,19,4,8,0,0,1,0,0,0,0,1,1,6,6,1,80,11,998,1,4,FORD FIESTA,10,-1,0,-1
2020622000427,2020,622000427,2,9,0,18,19,1,5,0,0,1,0,0,0,0,1,1,2,2,1,35,6,1242,1,12,FORD FIESTA,3,W01001293,0,-1
20201371N0733,2020,1371N0733,1,9,0,18,19,6,2,0,0,0,1,0,0,0,1,1,6,6,1,-1,-1,998,1,2,FORD FIESTA,-1,-1,0,-1
2020052001783,2020,052001783,2,9,0,3,3,6,8,0,0,2,0,0,0,0,2,1,6,6,2,58,9,998,1,3,FORD FIESTA,5,E01032905,0,-1
2020990947913,2020,990947913,1,9,0,16,19,6,1,0,0,0,0,0,0,0,1,1,6,6,1,22,5,998,1,6,FORD FIESTA,1,-1,0,-1
2020470925808,2020,470925808,2,9,0,4,4,5,1,0,0,0,0,0,0,0,2,1,6,6,2,64,9,1388,1,11,FORD FIESTA,9,E01031662,0,-1
2020430066459,2020,430066459,1,9,0,18,19,8,4,0,0,1,0,0,0,0,1,1,6,6,2,27,6,998,1,7,FORD FIESTA,6,E01016817,0,-1
2020200990142,2020,200990142,2,9,0,18,19,3,7,9,9,0,0,10,0,0,2,1,5,6,1,36,7,1242,1,5,FORD FIESTA,1,E01009404,0,-1
2020622001003,2020,622001003,2,9,0,2,2,0,0,0,0,0,0,0,0,0,3,1,6,6,3,-1,-1,1242,1,14,FORD FIESTA,-1,-1,0,-1
2020320048772,2020,320048772,2,9,0,7,7,2,4,0,0,2,5,0,0,0,1,1,6,6,1,18,4,998,1,5,FORD FIESTA,4,E01026019,0,-1
2020552000891,2020,552000891,3,9,0,18,19,3,7,0,0,1,0,0,1,0,1,1,6,6,1,23,5,1560,2,8,FORD FIESTA,4,E01015465,0,-1
2020010234683,2020,010234683,2,9,0,16,19,4,6,0,0,1,0,0,0,0,1,1,6,6,2,37,7,998,1,2,FORD FIESTA,3,E01004437,0,-1
2020137B41678,2020,137B41678,2,9,0,18,19,1,5,0,0,6,0,0,0,0,3,1,6,6,1,29,6,-1,-1,-1,FORD FIESTA,2,E01011061,0,-1
2020370940714,2020,370940714,1,9,0,18,19,2,6,0,0,1,1,4,7,9,1,1,2,2,1,20,4,1388,1,14,FORD FIESTA,4,E01030109,0,-1
2020370981663,2020,370981663,1,9,0,18,19,5,1,0,0,1,0,0,0,0,3,1,5,6,1,33,6,1596,1,6,FORD FIESTA,8,E01029977,0,-1
2020302000965,2020,302000965,2,9,0,9,9,5,3,0,0,2,0,0,0,0,1,1,6,6,2,40,7,999,1,0,FORD FIESTA,9,E01019751,0,-1
2020990981431,2020,990981431,1,9,0,2,2,0,0,6,6,0,0,0,0,0,3,1,5,6,2,57,9,1242,1,6,FORD FIESTA,10,-1,0,-1
2020420982597,2020,420982597,1,9,0,9,9,7,5,0,0,0,0,0,7,0,4,1,1,1,2,45,7,1388,1,11,FORD FIESTA,6,E01002351,0,-1
2020350935100,2020,350935100,2,9,0,18,19,6,2,0,0,8,0,0,1,0,1,1,5,6,2,18,4,1388,1,10,FORD FIESTA,6,E01026947,0,-1
2020450982476,2020,450982476,1,9,0,4,4,7,3,0,0,0,0,0,0,0,1,1,5,6,2,24,5,998,1,2,FORD FIESTA,8,E01030994,0,-1
2020460984038,2020,460984038,2,9,0,18,19,6,2,0,0,1,0,0,0,0,1,1,6,6,1,19,4,1242,1,5,FORD FIESTA,2,E01032799,0,-1
2020070579561,2020,070579561,1,9,0,18,19,5,1,0,0,1,0,0,0,0,1,1,6,6,1,61,9,1242,1,20,FORD FIESTA,9,E01018405,0,-1
2020360981739,2020,360981739,1,9,0,18,19,8,3,0,0,0,0,0,0,0,3,1,5,6,2,18,4,1242,1,12,FORD FIESTA,4,E01023620,0,-1
2020470951924,2020,470951924,1,9,0,9,9,1,7,0,0,6,0,0,0,0,3,1,5,6,2,26,6,1388,1,12,FORD FIESTA,8,E01031757,0,-1
2020410989060,2020,410989060,1,9,0,18,19,4,8,0,0,1,5,0,0,0,1,1,5,6,2,41,7,1399,2,14,FORD FIESTA,10,E01023813,0,-1
2020302001450,2020,302001450,1,9,0,15,15,2,8,0,0,0,0,0,0,0,1,1,6,6,2,54,8,1560,2,6,FORD FIESTA,10,E01013574,0,-1
2020010286445,2020,010286445,4,9,0,2,2,0,0,0,0,0,0,0,0,0,2,1,6,6,3,-1,-1,1560,2,10,FORD FIESTA,-1,-1,0,-1
2020010262164,2020,010262164,2,9,0,18,19,1,5,0,0,8,0,0,0,0,4,1,6,6,2,24,5,1242,1,10,FORD FIESTA,2,E01004007,0,-1
2020200990266,2020,200990266,2,9,0,18,19,3,7,0,0,2,0,0,0,0,1,1,6,6,2,20,4,1242,1,16,FORD FIESTA,5,E01009946,0,-1
2020160967623,2020,160967623,2,9,0,17,19,4,8,0,0,0,1,0,1,0,1,1,5,6,1,46,8,1596,1,3,FORD FIESTA,3,E01013029,0,-1
2020522002020,2020,522002020,1,9,0,9,9,6,5,0,0,6,0,0,0,0,1,1,6,6,2,40,7,998,1,1,FORD FIESTA,5,E01014455,0,-1