collision_index,collision_year,collision_ref_no,vehicle_reference,vehicle_type,towing_and_articulation,vehicle_manoeuvre_historic,vehicle_manoeuvre,vehicle_direction_from,vehicle_direction_to,vehicle_location_restricted_lane_historic,vehicle_location_restricted_lane,junction_location,skidding_and_overturning,hit_object_in_carriageway,vehicle_leaving_carriageway,hit_object_off_carriageway,first_point_of_impact,vehicle_left_hand_drive,journey_purpose_of_driver_historic,journey_purpose_of_driver,sex_of_driver,age_of_driver,age_band_of_driver,engine_capacity_cc,propulsion_code,age_of_vehicle,generic_make_model,driver_imd_decile,lsoa_of_driver,escooter_flag,driver_distance_banding
2020100982924,2020,100982924,1,9,0,12,12,5,1,0,0,0,0,0,0,0,0,1,6,6,3,-1,-1,998,1,4,FORD FIESTA,-1,-1,0,-1
2020360962014,2020,360962014,2,9,0,18,19,1,5,0,0,8,0,0,0,0,3,1,5,6,1,23,5,1399,2,8,FORD FIESTA,8,E01014637,0,-1
2020450955291,2020,450955291,2,9,0,18,19,1,5,0,0,0,0,0,0,0,1,1,6,6,2,53,8,998,1,6,FORD FIESTA,8,E01030505,0,-1
2020220998502,2020,220998502,2,9,0,18,19,3,7,0,0,0,0,0,0,0,1,1,5,6,2,23,5,1242,1,5,FORD FIESTA,4,E01032384,0,-1
2020040957445,2020,040957445,1,9,0,5,5,7,3,0,0,4,0,0,0,0,3,1,6,6,1,21,5,1242,1,11,FORD FIESTA,6,E01025402,0,-1
2020522001104,2020,522001104,2,9,0,13,13,2,6,0,0,0,0,0,0,0,4,1,6,6,3,18,4,1242,1,11,FORD FIESTA,-1,-1,0,-1
2020501017201,2020,501017201,1,9,0,17,19,5,1,0,0,0,0,0,2,11,1,1,5,6,1,19,4,1596,1,11,FORD FIESTA,2,E01020103,0,-1
202031C153720,2020,31C153720,2,9,0,3,3,5,1,0,0,0,0,0,0,0,2,1,1,1,2,45,7,1399,2,8,FORD FIESTA,9,E01019591,0,-1
2020470933638,2020,470933638,2,9,0,7,7,8,2,0,0,6,0,0,0,0,1,1,1,1,2,54,8,998,1,2,FORD FIESTA,6,E01031784,0,-1
2020622000662,2020,622000662,1,9,0,18,19,2,6,0,0,0,0,4,0,0,1,1,6,6,1,77,11,998,1,5,FORD FIESTA,6,W01001240,0,-1
202006J174486,2020,06J174486,1,9,0,2,2,0,0,0,0,0,0,0,0,0,2,1,6,6,1,76,11,998,1,1,FORD FIESTA,-1,-1,0,-1
2020160948909,2020,160948909,1,9,0,18,19,7,3,0,0,4,0,0,0,0,3,1,2,2,1,59,9,999,1,0,FORD FIESTA,6,E01026387,0,-1
2020420945924,2020,420945924,1,9,0,18,19,5,1,0,0,2,0,0,0,0,4,1,2,2,2,71,10,1388,1,16,FORD FIESTA,7,E01015817,0,-1
2020010253595,2020,010253595,1,9,0,99,99,9,9,99,99,9,9,99,9,99,9,9,2,2,2,54,8,1596,1,15,FORD FIESTA,4,E01003148,0,-1
2020230966685,2020,230966685,1,9,0,16,19,8,4,0,0,0,0,0,0,0,4,1,5,6,1,24,5,998,1,1,FORD FIESTA,6,E01031271,0,-1
2020010283632,2020,010283632,2,9,0,18,19,3,7,0,0,8,0,0,0,0,1,1,1,1,1,39,7,1399,2,13,FORD FIESTA,2,E01003729,0,-1
2020451002299,2020,451002299,1,9,0,13,13,6,2,0,0,1,0,0,0,0,4,1,5,6,1,76,11,1399,2,11,FORD FIESTA,8,E01030655,0,-1
2020460964749,2020,460964749,1,9,0,18,19,5,1,0,0,8,0,0,0,0,1,1,6,6,1,76,11,998,1,5,FORD FIESTA,9,E01016176,0,-1
2020450988763,2020,450988763,2,9,0,18,19,7,3,0,0,1,0,0,0,0,1,1,2,2,2,34,6,1242,1,9,FORD FIESTA,9,E01030685,0,-1
2020350972572,2020,350972572,1,9,0,9,9,3,5,0,0,1,-1,0,0,0,1,1,6,6,1,18,4,1242,1,8,FORD FIESTA,10,E01018216,0,-1
2020520004006,2020,520004006,2,9,0,9,9,7,5,0,0,8,0,0,0,0,1,1,6,6,2,19,4,1242,1,12,FORD FIESTA,6,E01029138,0,-1
2020990920635,2020,990920635,1,9,0,16,19,1,5,0,0,0,0,0,7,0,4,1,5,6,1,18,4,1242,1,11,FORD FIESTA,3,-1,0,-1
2020340S04852,2020,340S04852,1,9,0,16,19,4,8,0,0,0,0,0,7,11,1,1,6,6,1,75,10,1399,2,9,FORD FIESTA,8,E01027294,0,-1
2020010241341,2020,010241341,1,9,0,9,9,5,4,0,0,1,0,0,0,0,4,1,6,6,1,18,4,998,1,3,FORD FIESTA,2,E01002003,0,-1
2020410943729,2020,410943729,1,9,0,4,4,5,1,0,0,1,0,0,0,0,1,1,1,1,1,55,8,-1,-1,-1,FORD FIESTA,6,E01023754,0,-1
2020010243502,2020,010243502,2,9,0,99,99,9,9,99,99,1,9,99,9,99,1,1,6,6,3,42,7,998,1,3,FORD FIESTA,3,E01000092,0,-1
2020160930177,2020,160930177,1,9,0,18,19,7,3,0,0,0,0,0,0,0,1,1,2,2,1,19,4,998,1,1,FORD FIESTA,6,E01013178,0,-1
2020320455401,2020,320455401,1,9,0,18,19,4,8,0,0,0,0,0,1,3,4,1,6,6,1,45,7,1242,1,14,FORD FIESTA,4,E01026250,0,-1
2020350955836,2020,350955836,2,9,0,3,3,7,3,0,0,0,1,0,0,0,2,1,6,6,1,43,7,1388,1,18,FORD FIESTA,8,E01015687,0,-1
2020302001531,2020,302001531,2,9,0,17,19,2,4,0,0,0,0,0,0,0,1,1,6,6,2,30,6,998,1,7,FORD FIESTA,8,E01011796,0,-1
2020052001535,2020,052001535,2,9,0,9,9,5,3,0,0,8,0,0,0,0,3,1,6,6,1,19,4,998,1,1,FORD FIESTA,6,E01006621,0,-1
2020990980974,2020,990980974,1,9,0,16,19,8,3,0,0,1,2,0,7,0,4,1,5,6,1,24,5,1242,1,16,FORD FIESTA,7,-1,0,-1
2020010233712,2020,010233712,1,9,0,18,19,7,3,0,0,8,0,0,0,0,2,1,6,6,1,30,6,1388,1,15,FORD FIESTA,2,E01002506,0,-1
2020530942326,2020,530942326,1,9,0,17,19,2,2,0,0,0,2,0,7,10,1,1,6,6,1,23,5,1399,2,11,FORD FIESTA,9,W01001595,0,-1
2020460989758,2020,460989758,2,9,0,18,19,8,4,0,0,0,1,0,1,7,1,1,6,6,1,54,8,1560,2,11,FORD FIESTA,9,E01000350,0,-1
2020302000969,2020,302000969,3,9,0,10,10,7,5,0,0,8,0,0,0,0,2,1,6,6,2,18,4,1388,1,11,FORD FIESTA,4,E01019570,0,-1
2020161010995,2020,161010995,1,9,0,9,9,6,4,0,0,8,0,0,0,0,1,1,6,6,1,32,6,1399,2,8,FORD FIESTA,1,E01012848,0,-1
202031C097520,2020,31C097520,1,9,0,18,19,2,6,0,0,2,0,0,0,0,1,1,6,6,1,56,9,1242,1,10,FORD FIESTA,2,E01013957,0,-1
2020350931060,2020,350931060,1,9,0,18,19,3,7,0,0,0,2,0,4,0,4,1,6,6,1,18,4,1242,1,3,FORD FIESTA,9,E01018133,0,-1
2020360950422,2020,360950422,1,9,0,7,7,1,5,8,6,0,2,0,7,9,1,1,5,6,1,17,4,1242,1,13,FORD FIESTA,6,E01026430,0,-1
2020200996651,2020,200996651,2,9,0,18,19,2,6,0,0,8,0,0,0,0,1,1,6,6,1,49,8,1596,1,11,FORD FIESTA,5,E01009447,0,-1
2020160983804,2020,160983804,2,9,0,9,9,2,8,0,0,5,0,0,0,0,2,1,6,6,2,51,8,998,1,6,FORD FIESTA,9,E01013025,0,-1
2020500990066,2020,500990066,2,9,0,5,5,3,7,0,0,8,0,0,0,0,1,1,5,6,1,36,7,998,1,3,FORD FIESTA,6,E01019893,0,-1
2020040991651,2020,040991651,1,9,0,9,9,7,5,0,0,8,0,0,0,0,3,1,2,2,2,32,6,1242,1,8,FORD FIESTA,2,E01006405,0,-1
2020410944716,2020,410944716,1,9,0,9,9,3,1,0,0,8,0,0,0,0,4,1,5,6,2,73,10,1299,1,17,FORD FIESTA,9,E01023747,0,-1
2020010255992,2020,010255992,1,9,0,18,19,7,3,0,0,8,0,0,0,0,1,1,6,6,1,36,7,1242,1,19,FORD FIESTA,-1,-1,0,-1
2020990967124,2020,990967124,1,9,0,16,19,6,4,0,0,0,0,0,0,0,1,1,5,6,1,33,6,1388,1,17,FORD FIESTA,4,-1,0,-1
2020440484139,2020,440484139,2,9,0,18,19,5,1,0,0,8,0,0,0,0,3,1,6,6,2,27,6,1242,1,13,FORD FIESTA,8,E01022935,0,-1
2020622100047,2020,622100047,1,9,0,9,9,6,4,0,0,8,0,0,0,0,1,1,6,6,1,54,8,998,1,6,FORD FIESTA,10,W01000855,0,-1
2020320068492,2020,320068492,1,9,0,18,19,5,1,0,0,2,0,0,0,0,1,1,6,6,2,18,4,1388,1,15,FORD FIESTA,5,E01026726,0,-1
2020010282749,2020,010282749,2,9,0,18,19,7,3,0,0,2,0,0,0,0,2,1,6,6,1,40,7,1242,1,16,FORD FIESTA,2,E01003832,0,-1
2020360944122,2020,360944122,1,9,0,4,4,6,2,0,0,0,0,0,1,11,1,1,6,6,1,-1,-1,1242,1,22,FORD FIESTA,-1,-1,0,-1
202031D133420,2020,31D133420,1,9,0,13,13,1,5,0,0,0,0,0,0,0,3,1,6,6,1,23,5,1496,1,0,FORD FIESTA,6,E01028160,0,-1
2020440246884,2020,440246884,2,9,0,3,3,1,5,0,0,1,0,0,0,0,2,1,6,6,1,21,5,999,1,0,FORD FIESTA,9,E01022730,0,-1
2020990948333,2020,990948333,1,9,0,9,9,7,4,0,0,8,0,0,0,0,1,1,6,6,1,25,5,1242,1,6,FORD FIESTA,8,-1,0,-1
2020530978722,2020,530978722,1,9,0,3,3,7,2,0,0,1,0,0,0,0,2,1,6,6,1,68,10,998,1,7,FORD FIESTA,6,E01022232,0,-1
2020230995634,2020,230995634,2,9,0,3,3,8,5,0,0,0,0,0,0,0,2,1,5,6,2,57,9,1242,1,10,FORD FIESTA,2,E01010158,0,-1
2020200970354,2020,200970354,1,9,0,18,19,6,2,0,0,0,0,0,0,0,1,1,6,6,1,72,10,1399,2,11,FORD FIESTA,5,E01009948,0,-1
2020460973104,2020,460973104,1,9,0,18,19,2,4,0,0,0,1,0,7,4,4,1,5,6,2,21,5,1242,1,12,FORD FIESTA,7,E01024105,0,-1
2020990928124,2020,990928124,1,9,0,17,19,1,5,0,0,8,1,10,0,0,1,1,6,6,1,22,5,998,1,5,FORD FIESTA,5,-1,0,-1
2020622000959,2020,622000959,1,9,0,18,19,2,6,0,0,3,0,0,4,10,1,1,6,6,1,20,4,1596,1,11,FORD FIESTA,4,W01001899,0,-1
2020010252258,2020,010252258,1,9,0,9,9,8,5,0,0,8,0,0,0,0,1,1,6,6,1,23,5,998,1,5,FORD FIESTA,6,E01002541,0,-1
2020622000779,2020,622000779,2,9,0,4,4,5,1,0,0,0,0,0,0,0,2,1,6,6,2,28,6,1499,2,3,FORD FIESTA,2,W01001332,0,-1
2020470976724,2020,470976724,1,9,0,18,19,8,4,0,0,0,0,11,0,0,1,1,2,2,1,37,7,1399,2,10,FORD FIESTA,3,E01020975,0,-1
2020040937242,2020,040937242,1,9,0,7,7,3,5,0,0,6,0,0,0,0,1,1,5,6,2,51,8,998,1,5,FORD FIESTA,6,E01025334,0,-1
2020421009261,2020,421009261,1,9,0,18,19,1,3,0,0,0,0,0,0,0,1,1,6,6,1,19,4,1388,1,14,FORD FIESTA,4,E01021894,0,-1
2020430098075,2020,430098075,1,9,0,9,9,4,2,0,0,5,0,0,0,0,4,1,6,6,2,20,4,998,1,3,FORD FIESTA,-1,-1,0,-1
2020470974722,2020,470974722,2,9,0,18,19,4,7,0,0,1,0,0,0,0,1,1,5,6,2,40,7,1388,1,10,FORD FIESTA,10,E01031744,0,-1
2020360950765,2020,360950765,1,9,0,18,19,7,3,0,0,0,0,0,7,0,1,1,6,6,2,77,11,998,1,5,FORD FIESTA,3,E01026735,0,-1
2020622100020,2020,622100020,1,9,0,18,19,7,3,0,0,8,0,0,0,0,1,1,6,6,1,29,6,998,1,7,FORD FIESTA,6,W01000635,0,-1
2020302001691,2020,302001691,1,9,0,9,9,3,1,0,0,1,0,0,0,0,3,1,6,6,1,19,4,1084,1,3,FORD FIESTA,10,E01013467,0,-1
2020440131922,2020,440131922,2,9,0,18,19,3,7,0,0,0,0,0,0,0,1,1,6,6,1,21,5,1242,1,12,FORD FIESTA,10,E01023092,0,-1
2020501005054,2020,501005054,2,9,0,18,19,7,3,0,0,2,0,0,0,0,4,1,5,6,1,43,7,1242,1,13,FORD FIESTA,2,E01015096,0,-1
2020990947963,2020,990947963,2,9,0,3,3,7,2,0,0,1,1,0,0,0,2,1,5,6,1,51,8,1499,2,5,FORD FIESTA,2,-1,0,-1
2020137761398,2020,137761398,1,9,0,9,9,7,5,0,0,5,0,0,0,0,1,1,6,6,2,29,6,1399,2,8,FORD FIESTA,2,E01010781,0,-1
202054A058520,2020,54A058520,1,9,0,18,19,2,6,0,0,8,0,0,0,0,1,1,1,1,1,70,10,998,1,2,FORD FIESTA,5,E01032068,0,-1
202031D041420,2020,31D041420,1,9,0,9,9,8,6,0,0,6,0,0,0,0,1,1,6,6,2,74,10,998,1,2,FORD FIESTA,10,E01028373,0,-1
2020201019431,2020,201019431,1,9,0,4,4,6,2,0,0,0,0,0,0,0,1,1,6,6,1,20,4,1242,1,6,FORD FIESTA,5,E01009654,0,-1
2020111011662,2020,111011662,1,9,0,17,19,4,8,0,0,0,2,0,1,10,1,1,6,6,2,27,6,1242,1,12,FORD FIESTA,5,E01012310,0,-1
2020010268900,2020,010268900,1,9,0,2,2,0,0,0,0,2,0,0,0,0,2,1,6,6,3,-1,-1,998,1,3,FORD FIESTA,-1,-1,0,-1
2020220984430,2020,220984430,1,9,0,17,19,6,2,0,0,0,1,0,2,10,1,1,5,6,2,26,6,1242,1,15,FORD FIESTA,7,E01014204,0,-1
2020340N00632,2020,340N00632,2,9,0,18,19,4,8,0,0,1,0,0,0,0,2,1,2,2,2,30,6,1242,1,10,FORD FIESTA,6,E01027236,0,-1
2020040962148,2020,040962148,1,9,0,9,9,8,4,0,0,6,1,10,1,2,4,1,5,6,2,22,5,1242,1,10,FORD FIESTA,1,E01025286,0,-1
2020320540371,2020,320540371,2,9,0,18,19,3,7,0,0,1,0,0,7,0,1,1,4,7,1,61,9,1399,2,14,FORD FIESTA,7,E01026397,0,-1
2020430353885,2020,430353885,1,9,0,17,19,6,3,0,0,0,0,0,1,11,1,1,6,6,1,54,8,998,1,2,FORD FIESTA,10,E01028645,0,-1
2020010260037,2020,010260037,1,9,0,18,19,2,6,0,0,0,0,0,0,0,0,1,6,6,1,74,10,998,1,3,FORD FIESTA,7,E01003475,0,-1
2020140988294,2020,140988294,1,9,0,8,8,6,1,0,0,1,0,0,0,0,1,1,6,6,1,31,6,1388,1,16,FORD FIESTA,6,E01008040,0,-1
2020370956294,2020,370956294,2,9,0,3,3,-1,-1,0,0,0,0,0,0,0,2,1,5,6,1,27,6,-1,-1,-1,FORD FIESTA,2,E01030036,0,-1
2020010277293,2020,010277293,2,9,0,18,19,1,5,0,0,4,0,0,0,0,1,1,6,6,1,22,5,1999,1,13,FORD FIESTA,-1,-1,0,-1
202031D167420,2020,31D167420,3,9,0,18,19,1,5,0,0,0,0,0,1,0,1,1,6,6,2,30,6,1242,1,6,FORD FIESTA,3,E01028297,0,-1
2020210941071,2020,210941071,2,9,0,17,19,2,7,0,0,0,0,0,0,0,3,1,6,6,2,31,6,1388,1,11,FORD FIESTA,-1,-1,0,-1
202031A029620,2020,31A029620,2,9,0,10,10,5,4,0,0,1,0,0,0,0,3,1,6,6,2,47,8,1242,1,8,FORD FIESTA,3,E01027954,0,-1
2020010286678,2020,010286678,1,9,0,4,4,1,5,9,9,0,0,0,0,0,1,1,6,6,1,46,8,998,1,6,FORD FIESTA,2,E01000076,0,-1
2020370939692,2020,370939692,1,9,0,17,19,3,7,0,0,0,0,0,0,0,1,1,2,2,2,28,6,1388,1,15,FORD FIESTA,9,E01033450,0,-1
2020201003406,2020,201003406,1,9,0,18,19,4,8,0,0,1,0,4,0,0,4,1,6,6,2,20,4,1399,2,8,FORD FIESTA,6,E01009802,0,-1
2020990937467,2020,990937467,1,9,0,9,9,6,2,9,9,2,0,6,3,0,1,1,6,6,1,31,6,1399,2,13,FORD FIESTA,1,-1,0,-1
2020200942518,2020,200942518,2,9,0,17,19,8,6,0,0,0,0,0,0,0,3,1,6,6,1,33,6,1242,1,13,FORD FIESTA,1,E01008898,0,-1
2020010230957,2020,010230957,2,9,0,9,9,3,8,0,0,3,0,0,0,0,4,1,6,6,1,21,5,1242,1,5,FORD FIESTA,8,E01004110,0,-1
2020010268945,2020,010268945,1,9,0,13,13,5,1,0,0,4,1,0,7,11,1,1,2,2,1,30,6,1242,1,6,FORD FIESTA,4,E01000476,0,-1
2020122100056,2020,122100056,3,9,0,3,3,3,7,0,0,0,0,0,0,0,1,1,6,6,1,23,5,1399,2,10,FORD FIESTA,6,E01027918,0,-1
2020420963873,2020,420963873,1,9,0,4,4,1,5,0,0,1,0,0,0,0,1,1,5,6,2,19,4,1242,1,12,FORD FIESTA,4,E01022024,0,-1
2020610009920,2020,610009920,2,9,0,9,9,5,2,0,0,8,0,0,0,0,1,1,6,6,1,31,6,1242,1,15,FORD FIESTA,1,W01001659,0,-1
2020201023318,2020,201023318,3,9,0,2,2,0,0,0,0,0,0,4,7,0,2,1,6,6,3,-1,-1,1399,2,12,FORD FIESTA,-1,-1,0,-1
2020320677522,2020,320677522,1,9,0,9,9,7,5,0,0,1,0,0,0,0,1,1,6,6,1,67,10,1399,2,9,FORD FIESTA,-1,-1,0,-1
2020230924354,2020,230924354,2,9,0,10,10,4,2,0,0,8,0,0,0,0,1,1,5,6,1,20,4,1242,1,16,FORD FIESTA,4,E01031176,0,-1
2020360985627,2020,360985627,1,9,0,18,19,5,1,0,0,0,5,0,0,0,1,1,6,6,2,18,4,1399,2,16,FORD FIESTA,4,E01026638,0,-1
2020010253836,2020,010253836,2,9,0,99,99,9,9,99,99,9,9,99,9,99,1,9,6,6,3,25,5,1242,1,15,FORD FIESTA,4,E01003482,0,-1
2020360947540,2020,360947540,1,9,0,17,19,2,6,0,0,0,2,0,1,4,1,1,6,6,1,17,4,1596,1,8,FORD FIESTA,5,E01026724,0,-1
2020100936005,2020,100936005,2,9,0,18,19,5,2,0,0,0,0,0,0,0,4,1,6,6,2,32,6,1999,1,15,FORD FIESTA,1,E01027412,0,-1
2020200996715,2020,200996715,1,9,0,9,9,4,2,0,0,5,0,0,0,0,1,1,1,1,1,18,4,1242,1,12,FORD FIESTA,9,E01010206,0,-1
2020460959293,2020,460959293,2,9,0,18,19,3,7,0,0,1,0,0,0,0,1,1,6,6,1,84,11,1560,2,12,FORD FIESTA,8,E01024261,0,-1
2020010267787,2020,010267787,1,9,0,3,3,1,5,0,0,0,0,0,0,0,2,1,6,6,2,42,7,998,1,6,FORD FIESTA,3,E01000367,0,-1
2020410961384,2020,410961384,3,9,0,18,19,5,1,0,0,0,0,0,0,0,-1,1,5,6,2,29,6,998,1,6,FORD FIESTA,9,E01002116,0,-1
2020430283506,2020,430283506,2,9,0,18,19,4,8,0,0,8,0,0,0,0,1,1,2,2,1,60,9,1242,1,5,FORD FIESTA,2,E01028520,0,-1
2020140945854,2020,140945854,1,9,0,18,19,1,5,0,0,0,0,0,0,0,4,1,5,6,1,50,8,1388,1,13,FORD FIESTA,1,E01007341,0,-1
2020140970832,2020,140970832,1,9,0,18,19,3,7,0,0,0,0,0,0,0,2,1,6,6,2,54,8,1596,1,8,FORD FIESTA,7,E01007846,0,-1
2020010236352,2020,010236352,1,9,0,18,19,1,5,0,0,1,0,0,1,0,1,1,3,7,1,29,6,1388,1,17,FORD FIESTA,-1,-1,0,-1
2020552000734,2020,552000734,2,9,0,2,2,0,0,0,0,0,0,0,0,0,1,1,6,6,3,-1,-1,1999,1,12,FORD FIESTA,-1,-1,0,-1
2020210952823,2020,210952823,2,9,0,10,10,5,1,0,0,1,0,0,0,0,2,1,6,6,2,54,8,1596,1,5,FORD FIESTA,6,E01029497,0,-1
2020622000654,2020,622000654,1,9,0,18,19,4,8,0,0,0,5,0,7,1,3,1,6,6,1,27,6,998,1,1,FORD FIESTA,3,W01001287,0,-1
20201377J0958,2020,1377J0958,1,9,0,18,19,5,1,0,0,0,0,0,0,0,1,1,6,6,2,21,5,998,1,2,FORD FIESTA,4,E01011757,0,-1
2020052001203,2020,052001203,1,9,0,18,19,1,5,0,0,4,1,0,0,0,1,1,6,6,1,45,7,1388,1,12,FORD FIESTA,7,E01006498,0,-1
2020430064695,2020,430064695,1,9,0,18,19,5,1,0,0,0,0,0,0,0,1,1,6,6,1,30,6,1242,1,14,FORD FIESTA,3,E01016442,0,-1
2020010278710,2020,010278710,2,9,0,99,99,9,9,99,99,9,9,99,9,99,9,9,6,6,3,-1,-1,1388,1,13,FORD FIESTA,-1,-1,0,-1
2020010262092,2020,010262092,1,9,0,16,19,5,1,0,0,0,0,0,7,4,1,1,6,6,1,54,8,-1,-1,-1,FORD FIESTA,-1,-1,0,-1
2020010250746,2020,010250746,2,9,0,18,19,1,5,0,0,1,0,0,0,0,3,1,6,6,2,19,4,1560,2,10,FORD FIESTA,9,E01030856,0,-1
2020430033102,2020,430033102,1,9,0,9,9,8,5,0,0,6,0,0,0,0,3,1,6,6,1,19,4,998,1,1,FORD FIESTA,8,E01028584,0,-1
2020200947352,2020,200947352,2,9,0,18,19,4,8,0,0,8,0,0,0,0,1,1,6,6,2,23,5,1242,1,6,FORD FIESTA,3,E01009242,0,-1
2020470965401,2020,470965401,1,9,0,18,19,5,1,0,0,0,0,0,0,0,1,1,5,6,1,18,4,1242,1,13,FORD FIESTA,6,E01022640,0,-1
20201372O0624,2020,1372O0624,2,9,0,18,19,8,6,0,0,0,0,0,0,0,2,1,2,2,1,30,6,1596,1,13,FORD FIESTA,-1,-1,0,-1
2020530995522,2020,530995522,1,9,0,13,13,4,8,0,0,0,2,0,8,4,3,1,6,6,1,64,9,998,1,5,FORD FIESTA,6,E01022271,0,-1
2020070640111,2020,070640111,2,9,0,7,7,1,5,0,0,5,0,0,0,0,1,1,2,2,2,62,9,1242,1,10,FORD FIESTA,8,E01018593,0,-1
2020030925452,2020,030925452,2,9,0,17,19,4,5,0,0,0,0,0,0,0,1,1,5,6,2,20,4,1242,1,16,FORD FIESTA,6,E01019324,0,-1
202006G275498,2020,06G275498,2,9,0,18,19,3,7,0,0,0,0,0,0,0,0,1,6,6,2,26,6,998,1,1,FORD FIESTA,5,E01006008,0,-1
2020460940800,2020,460940800,1,9,0,18,19,1,5,0,0,1,0,0,0,0,1,1,6,6,1,19,4,1242,1,14,FORD FIESTA,8,E01033210,0,-1
2020200970590,2020,200970590,1,9,0,9,9,8,6,0,0,6,0,10,1,0,1,1,6,6,2,-1,-1,998,1,3,FORD FIESTA,1,E01009059,0,-1
20201378O0374,2020,1378O0374,1,9,0,18,19,8,4,0,0,8,1,0,7,11,1,1,6,6,1,61,9,998,1,1,FORD FIESTA,4,E01033033,0,-1
2020400961232,2020,400961232,1,9,0,18,19,1,5,0,0,0,0,0,0,0,1,1,6,6,2,23,5,1388,1,11,FORD FIESTA,5,E01000037,0,-1
2020052000181,2020,052000181,2,9,0,5,5,7,3,0,0,1,0,0,0,0,2,1,6,6,2,62,9,1242,1,8,FORD FIESTA,3,E01006743,0,-1
2020461005917,2020,461005917,2,9,0,2,2,2,6,0,0,0,0,0,0,0,1,1,6,6,2,35,6,1560,2,10,FORD FIESTA,2,E01023973,0,-1
2020421000148,2020,421000148,1,9,0,5,5,8,7,0,0,6,0,0,0,0,3,1,5,6,1,36,7,1399,2,16,FORD FIESTA,3,E01029985,0,-1
2020140947386,2020,140947386,1,9,0,18,19,6,2,0,0,0,0,0,0,0,1,1,6,6,1,-1,-1,1242,1,7,FORD FIESTA,-1,-1,0,-1
2020360961562,2020,360961562,2,9,0,2,2,0,0,0,0,0,0,0,0,0,2,1,5,6,1,46,8,1242,1,5,FORD FIESTA,3,E01026721,0,-1
2020010251706,2020,010251706,1,9,0,16,19,2,5,2,2,8,0,10,0,0,1,1,6,6,2,25,5,1499,2,6,FORD FIESTA,1,E01000308,0,-1
2020100947439,2020,100947439,1,9,0,7,7,1,5,0,0,4,0,0,0,0,3,1,6,6,3,-1,-1,1242,1,8,FORD FIESTA,-1,-1,0,-1
2020070551355,2020,070551355,3,9,0,3,3,5,8,0,0,1,0,0,0,0,2,1,6,6,1,30,6,1596,1,7,FORD FIESTA,7,E01012410,0,-1
2020622000726,2020,622000726,1,9,0,18,19,8,4,0,0,0,5,0,1,3,1,1,6,6,1,19,4,1388,1,14,FORD FIESTA,2,W01000745,0,-1
2020360965015,2020,360965015,1,9,0,18,19,1,5,0,0,8,0,0,0,0,2,1,5,6,2,27,6,1560,2,8,FORD FIESTA,8,E01030994,0,-1
2020520002484,2020,520002484,1,9,0,18,19,5,1,0,0,0,0,0,0,0,1,1,6,6,2,18,4,1388,1,13,FORD FIESTA,6,E01029080,0,-1
2020010283199,2020,010283199,1,9,0,9,9,8,6,0,0,1,0,0,0,0,3,1,1,1,2,31,6,1242,1,6,FORD FIESTA,9,E01003380,0,-1
2020460924067,2020,460924067,2,9,0,18,19,3,7,0,0,0,1,4,0,0,1,1,5,6,1,28,6,1399,2,8,FORD FIESTA,2,E01024627,0,-1
2020460929088,2020,460929088,1,9,0,18,19,1,5,0,0,0,0,0,0,0,1,1,5,6,1,60,9,1242,1,13,FORD FIESTA,6,E01024225,0,-1
2020140978476,2020,140978476,2,9,0,9,9,3,1,0,0,2,0,0,0,0,3,1,5,6,1,18,4,1560,2,11,FORD FIESTA,4,E01007821,0,-1
2020440230282,2020,440230282,1,8,0,3,3,5,1,0,0,1,0,0,0,0,2,1,6,6,1,30,6,998,1,7,-1,-1,-1,0,-1
2020201017895,2020,201017895,1,9,0,18,19,8,4,0,0,0,0,0,0,0,1,1,6,6,2,19,4,1242,1,11,FORD FIESTA,1,E01009983,0,-1
2020320560561,2020,320560561,1,9,0,18,19,6,3,0,0,2,0,0,0,0,1,1,6,6,1,58,9,1560,2,11,FORD FIESTA,3,E01026023,0,-1
2020541118520,2020,541118520,1,9,0,13,13,1,4,0,0,0,0,0,0,0,4,1,6,6,1,45,7,1560,2,9,FORD FIESTA,7,E01032694,0,-1
202031D023420,2020,31D023420,2,9,0,7,7,8,2,0,0,6,0,0,0,0,3,1,6,6,2,46,8,1399,2,16,FORD FIESTA,2,E01013856,0,-1
2020450925710,2020,450925710,2,9,0,18,19,3,7,0,0,1,0,0,0,0,1,1,2,2,1,32,6,1242,1,16,FORD FIESTA,9,E01030309,0,-1
2020470980310,2020,470980310,1,9,0,18,19,7,3,0,0,0,0,0,0,0,1,1,1,1,1,27,6,998,1,2,FORD FIESTA,6,E01031839,0,-1
2020010240592,2020,010240592,2,9,0,5,5,6,2,0,0,0,0,0,0,0,1,1,1,1,2,25,5,1242,1,7,FORD FIESTA,2,E01000021,0,-1
2020470982055,2020,470982055,1,9,0,18,19,2,8,0,0,3,0,0,0,0,1,1,5,6,1,48,8,1388,1,14,FORD FIESTA,5,E01021074,0,-1