collision_index,collision_year,collision_ref_no,vehicle_reference,vehicle_type,towing_and_articulation,vehicle_manoeuvre_historic,vehicle_manoeuvre,vehicle_direction_from,vehicle_direction_to,vehicle_location_restricted_lane_historic,vehicle_location_restricted_lane,junction_location,skidding_and_overturning,hit_object_in_carriageway,vehicle_leaving_carriageway,hit_object_off_carriageway,first_point_of_impact,vehicle_left_hand_drive,journey_purpose_of_driver_historic,journey_purpose_of_driver,sex_of_driver,age_of_driver,age_band_of_driver,engine_capacity_cc,propulsion_code,age_of_vehicle,generic_make_model,driver_imd_decile,lsoa_of_driver,escooter_flag,driver_distance_banding
2020030939558,2020,030939558,1,9,0,18,19,1,5,0,0,0,0,0,0,0,1,1,2,2,2,19,4,1596,1,9,FORD FIESTA,7,E01019093,0,-1
2020552000858,2020,552000858,1,9,0,18,19,8,4,0,0,0,0,0,0,0,1,1,6,6,1,18,4,1596,1,14,FORD FIESTA,9,E01015325,0,-1
2020470950138,2020,470950138,2,9,0,18,19,5,2,0,0,2,0,0,0,0,1,1,6,6,2,64,9,998,1,4,FORD FIESTA,4,E01031522,0,-1
2020320060344,2020,320060344,2,9,0,2,2,5,1,6,6,0,1,0,0,0,2,1,6,6,1,57,9,998,1,5,FORD FIESTA,5,E01026245,0,-1
2020990932729,2020,990932729,1,9,0,9,9,6,3,0,0,2,0,0,0,0,3,1,5,6,1,65,9,1399,2,16,FORD FIESTA,7,E01008558,0,-1
2020100964821,2020,100964821,2,9,0,5,5,3,7,0,0,0,0,0,0,0,2,1,1,1,1,50,8,-1,-1,-1,FORD FIESTA,2,E01008435,0,-1
2020350968802,2020,350968802,1,9,0,18,19,8,4,0,0,0,5,11,7,3,1,1,6,6,1,29,6,1496,1,1,FORD FIESTA,3,E01018081,0,-1
2020461000665,2020,461000665,1,9,0,4,4,6,2,0,0,0,2,0,7,4,3,1,5,6,1,25,5,998,1,1,FORD FIESTA,8,E01024475,0,-1
2020200999251,2020,200999251,3,9,0,2,2,0,0,0,0,0,0,4,0,0,1,1,6,6,3,-1,-1,1242,1,12,FORD FIESTA,-1,-1,0,-1
2020302001337,2020,302001337,2,9,0,5,5,4,1,0,0,0,0,0,0,0,3,1,3,7,2,32,6,1399,2,11,FORD FIESTA,3,E01019759,0,-1
202063A042820,2020,63A042820,2,9,0,18,19,2,6,0,0,0,0,0,0,0,1,1,6,6,1,18,4,1388,1,9,FORD FIESTA,6,W01000689,0,-1
2020210975471,2020,210975471,1,9,0,18,19,-1,-1,0,0,6,0,0,0,0,1,1,6,6,1,19,4,998,1,5,FORD FIESTA,7,E01014346,0,-1
2020420948852,2020,420948852,1,9,0,17,19,5,1,0,0,0,0,0,1,3,1,1,2,2,2,35,6,1242,1,4,FORD FIESTA,3,E01021358,0,-1
2020220941743,2020,220941743,1,9,0,18,19,8,4,0,0,0,0,0,0,0,4,1,5,6,2,17,4,1242,1,8,FORD FIESTA,5,E01010354,0,-1
2020030997693,2020,030997693,1,9,0,18,19,4,1,0,0,0,0,7,1,0,1,1,5,6,1,18,4,1242,1,11,FORD FIESTA,2,E01019108,0,-1
2020400950701,2020,400950701,1,9,0,18,19,6,1,0,0,0,0,0,0,0,1,1,5,6,1,21,5,998,1,5,FORD FIESTA,9,E01017582,0,-1
2020400973307,2020,400973307,1,9,0,4,4,2,6,0,0,0,1,0,3,10,1,1,2,2,1,60,9,998,1,4,FORD FIESTA,6,E01017622,0,-1
2020140999942,2020,140999942,2,9,0,9,9,1,7,0,0,8,0,0,0,0,4,1,6,6,1,40,7,1388,1,16,FORD FIESTA,3,E01009633,0,-1
2020552001136,2020,552001136,1,9,0,9,9,4,2,0,0,6,0,0,0,0,3,1,2,2,1,38,7,1999,1,15,FORD FIESTA,5,E01020562,0,-1
2020360968438,2020,360968438,1,9,0,18,19,2,6,0,0,0,0,0,1,0,1,1,5,6,1,31,6,1399,2,14,FORD FIESTA,10,E01030070,0,-1
202006F175633,2020,06F175633,1,9,0,9,9,8,6,0,0,8,0,0,0,0,1,1,6,6,1,76,11,998,1,2,FORD FIESTA,7,E01005042,0,-1
2020420972417,2020,420972417,2,9,0,18,19,4,8,0,0,0,0,0,0,0,1,1,5,6,1,80,11,998,1,2,FORD FIESTA,2,E01004409,0,-1
2020990941800,2020,990941800,1,9,0,18,19,7,3,0,0,0,0,0,0,0,1,1,5,6,2,17,4,1242,1,8,FORD FIESTA,3,-1,0,-1
2020302100127,2020,302100127,2,9,0,9,9,1,8,0,0,1,0,0,0,0,0,1,6,6,3,-1,-1,998,1,7,FORD FIESTA,5,E01019456,0,-1
2020522003208,2020,522003208,1,9,0,9,9,8,5,0,0,8,0,0,0,0,1,1,6,6,1,24,5,1560,2,11,FORD FIESTA,10,E01015021,0,-1
2020200928499,2020,200928499,1,9,0,9,9,4,6,0,0,6,0,0,0,0,3,1,6,6,3,-1,-1,1242,1,13,FORD FIESTA,-1,-1,0,-1
202006E169912,2020,06E169912,1,9,0,18,19,7,3,0,0,1,0,0,0,0,1,1,6,6,1,16,4,1242,1,12,FORD FIESTA,1,E01005201,0,-1
2020122000628,2020,122000628,1,9,0,7,7,5,1,0,0,1,0,0,0,0,1,1,6,6,2,20,4,1388,1,14,FORD FIESTA,9,E01027794,0,-1
2020040974846,2020,040974846,2,9,0,18,19,1,5,0,0,1,0,0,0,0,1,1,5,6,1,53,8,1399,2,13,FORD FIESTA,-1,-1,0,-1
2020340N01422,2020,340N01422,2,9,0,5,5,6,2,0,0,0,0,0,0,0,3,1,6,6,2,38,7,1499,2,5,FORD FIESTA,1,E01027242,0,-1
2020160956570,2020,160956570,2,9,0,18,19,1,5,0,0,8,0,0,0,0,4,1,6,6,1,19,4,1242,1,14,FORD FIESTA,1,E01012841,0,-1
2020200941287,2020,200941287,2,9,0,4,4,-1,-1,0,0,0,0,0,0,0,2,1,6,6,2,29,6,998,1,1,FORD FIESTA,5,E01009713,0,-1
2020522004795,2020,522004795,2,9,0,12,12,7,3,0,0,8,0,0,0,1,1,1,6,6,1,33,6,1388,1,14,FORD FIESTA,4,E01014904,0,-1
2020320468191,2020,320468191,1,9,0,7,7,2,5,0,0,6,0,0,0,0,1,1,2,2,2,60,9,1560,2,11,FORD FIESTA,5,E01026266,0,-1
2020460965977,2020,460965977,2,9,0,4,4,8,4,0,0,1,0,0,0,0,1,1,5,6,2,46,8,1560,2,7,FORD FIESTA,3,E01024668,0,-1
2020320442105,2020,320442105,3,9,0,18,19,1,5,0,0,0,0,0,0,0,1,1,6,6,1,19,4,998,1,2,FORD FIESTA,9,E01024851,0,-1
2020461007457,2020,461007457,2,9,0,18,19,2,6,0,0,0,0,0,0,0,1,1,5,6,1,18,4,1242,1,6,FORD FIESTA,5,E01024364,0,-1
2020411002939,2020,411002939,2,9,0,10,10,7,3,0,0,0,0,0,0,0,1,1,5,6,2,20,4,1242,1,5,FORD FIESTA,8,E01023541,0,-1
2020211003989,2020,211003989,1,9,0,18,19,1,5,-1,-1,0,0,0,0,0,1,1,6,6,2,28,6,1242,1,13,FORD FIESTA,10,E01029477,0,-1
2020461006708,2020,461006708,1,9,0,7,7,7,1,0,0,1,0,7,0,0,1,1,5,6,2,21,5,998,1,4,FORD FIESTA,3,E01024307,0,-1
2020122000821,2020,122000821,1,9,0,15,15,1,5,0,0,1,0,4,0,0,1,1,6,6,1,83,11,998,1,5,FORD FIESTA,4,E01011049,0,-1
2020070312169,2020,070312169,1,9,0,18,19,2,7,0,0,0,0,0,1,3,1,1,6,6,2,50,8,998,1,5,FORD FIESTA,5,E01018733,0,-1
2020430230507,2020,430230507,1,9,0,18,19,2,6,0,0,0,0,0,0,0,1,1,1,1,2,20,4,1242,1,14,FORD FIESTA,8,E01017679,0,-1
2020530952819,2020,530952819,1,9,0,9,9,3,1,0,0,1,0,0,0,0,1,1,5,6,1,35,6,1242,1,7,FORD FIESTA,8,E01004790,0,-1
2020320053257,2020,320053257,2,9,0,10,10,8,2,0,0,8,0,0,0,0,1,1,6,6,2,22,5,1242,1,13,FORD FIESTA,-1,-1,0,-1
20201372I0242,2020,1372I0242,1,9,0,9,9,2,8,0,0,1,0,0,0,0,3,1,6,6,1,63,9,1242,1,13,FORD FIESTA,4,E01011705,0,-1
20201379F0436,2020,1379F0436,1,9,0,18,19,1,5,0,0,0,0,0,0,0,1,1,2,2,2,22,5,1242,1,4,FORD FIESTA,5,E01011883,0,-1
2020220929891,2020,220929891,2,9,0,18,19,2,6,0,0,0,0,0,1,3,3,1,2,2,1,30,6,1242,1,4,FORD FIESTA,7,E01008967,0,-1
2020010270707,2020,010270707,2,9,0,99,99,9,9,99,99,9,9,99,9,99,1,9,6,6,3,17,4,1084,1,2,FORD FIESTA,2,E01033705,0,-1
2020610013620,2020,610013620,1,9,0,10,10,4,2,0,0,1,0,0,0,0,2,1,6,6,2,19,4,1242,1,12,FORD FIESTA,5,E01022244,0,-1
202031B031320,2020,31B031320,1,9,0,13,13,6,1,0,0,0,0,0,7,0,1,1,6,6,1,25,5,1242,1,13,FORD FIESTA,1,E01028057,0,-1
2020522100278,2020,522100278,2,9,0,-1,-1,-1,-1,0,0,1,0,0,0,0,1,1,6,6,2,62,9,1399,2,8,FORD FIESTA,10,E01014384,0,-1
202006G270630,2020,06G270630,1,9,0,18,19,7,3,0,0,8,0,0,0,0,3,1,6,6,3,-1,-1,998,1,4,FORD FIESTA,-1,-1,0,-1
2020010239827,2020,010239827,2,9,0,99,99,9,9,0,0,8,0,0,0,0,2,1,6,6,3,-1,-1,998,1,5,FORD FIESTA,-1,-1,0,-1
2020200959165,2020,200959165,1,9,0,2,2,0,0,0,0,0,0,0,0,0,2,1,6,6,1,-1,-1,1250,1,15,FORD FIESTA,-1,-1,0,-1
2020990990963,2020,990990963,1,9,0,5,5,7,3,0,0,4,0,0,0,0,1,1,2,2,2,28,6,998,1,0,FORD FIESTA,5,-1,0,-1
2020552000008,2020,552000008,2,9,0,9,9,4,2,0,0,8,0,0,0,0,3,1,6,6,1,56,9,998,1,1,FORD FIESTA,5,E01014915,0,-1
2020010258351,2020,010258351,2,9,0,5,5,5,1,0,0,6,0,0,0,0,3,1,6,6,1,22,5,998,1,3,FORD FIESTA,-1,-1,0,-1
2020546480020,2020,546480020,2,9,0,2,2,0,0,0,0,0,0,0,0,0,2,1,6,6,1,22,5,1242,1,13,FORD FIESTA,6,E01032030,0,-1
2020052002060,2020,052002060,1,9,0,1,1,2,8,0,0,8,0,0,0,0,2,1,6,6,3,-1,-1,1399,2,14,FORD FIESTA,-1,-1,0,-1
2020160998848,2020,160998848,1,9,0,17,19,2,7,0,0,2,1,0,1,7,1,1,5,6,1,38,7,1242,1,8,FORD FIESTA,1,E01011361,0,-1
2020410982220,2020,410982220,2,9,0,5,5,7,3,0,0,2,1,0,0,0,3,1,5,6,1,23,5,998,1,7,FORD FIESTA,6,E01020456,0,-1
2020200990243,2020,200990243,2,9,0,18,19,3,1,0,0,1,0,0,0,0,2,1,6,6,1,32,6,998,1,7,FORD FIESTA,4,E01009167,0,-1
2020420950989,2020,420950989,1,9,0,18,19,7,3,0,0,1,0,0,0,0,1,1,6,6,2,79,11,998,1,1,FORD FIESTA,8,E01021725,0,-1
2020140929082,2020,140929082,1,9,0,3,3,6,2,0,0,0,0,0,0,0,2,1,5,6,2,27,6,-1,-1,-1,FORD FIESTA,2,E01008109,0,-1
2020622000586,2020,622000586,3,9,0,2,2,0,0,0,0,0,0,0,0,0,2,1,6,6,3,-1,-1,1242,1,10,FORD FIESTA,-1,-1,0,-1
2020010282738,2020,010282738,1,9,0,1,1,3,7,9,9,0,0,0,0,0,0,1,6,6,2,31,6,1388,1,15,FORD FIESTA,5,E01000975,0,-1
2020010230847,2020,010230847,2,9,0,99,99,9,9,99,99,9,9,99,9,99,9,9,6,6,1,40,7,1242,1,17,FORD FIESTA,1,E01001821,0,-1
2020450958572,2020,450958572,1,9,0,18,19,1,5,0,0,0,0,10,1,2,1,1,5,6,1,50,8,998,1,0,FORD FIESTA,2,E01001191,0,-1
2020410987077,2020,410987077,1,9,0,18,19,7,8,0,0,0,0,0,0,0,1,1,6,6,1,29,6,1596,1,9,FORD FIESTA,7,E01021416,0,-1
2020200919839,2020,200919839,1,9,0,7,7,1,3,0,0,5,0,0,0,0,4,1,6,6,1,22,5,998,1,7,FORD FIESTA,1,E01009475,0,-1
2020420952914,2020,420952914,1,9,0,18,19,5,1,0,0,0,0,0,0,0,1,1,5,6,2,58,9,1596,1,10,FORD FIESTA,8,E01022058,0,-1
2020010283658,2020,010283658,1,9,0,18,19,1,5,0,0,8,0,0,0,0,1,1,6,6,1,32,6,1388,1,11,FORD FIESTA,1,E01002736,0,-1
2020520004385,2020,520004385,2,9,0,3,3,1,5,0,0,1,0,0,0,0,2,1,6,6,1,90,11,998,1,7,FORD FIESTA,8,E01029194,0,-1
2020360957983,2020,360957983,2,9,0,3,3,2,6,0,0,1,0,0,0,0,2,1,5,6,2,87,11,1242,1,6,FORD FIESTA,3,E01026719,0,-1
2020110941528,2020,110941528,1,9,0,5,5,3,7,0,0,0,0,0,0,0,1,1,6,6,1,26,6,1242,1,9,FORD FIESTA,10,E01012337,0,-1
2020610014120,2020,610014120,2,9,0,18,19,1,7,0,0,4,0,0,0,0,1,1,2,2,1,-1,-1,1388,1,10,FORD FIESTA,4,E01020957,0,-1
2020010245880,2020,010245880,1,9,0,15,15,1,5,0,0,0,0,0,0,0,4,1,2,2,1,23,5,1242,1,12,FORD FIESTA,-1,-1,0,-1
2020200932791,2020,200932791,1,9,0,18,19,-1,-1,0,0,1,0,0,0,0,1,1,6,6,1,63,9,998,1,5,FORD FIESTA,9,E01010334,0,-1
2020070082277,2020,070082277,1,9,0,12,12,2,6,0,0,0,0,0,0,0,3,1,6,6,2,79,11,1388,1,16,FORD FIESTA,7,E01006795,0,-1
2020350943538,2020,350943538,2,9,0,11,11,5,1,0,0,0,0,0,0,0,4,1,2,2,1,58,9,-1,-1,-1,FORD FIESTA,8,E01015682,0,-1
2020990943757,2020,990943757,1,9,0,17,19,7,3,0,0,0,0,4,0,0,1,1,6,6,1,91,11,1242,1,14,FORD FIESTA,1,-1,0,-1
2020552100217,2020,552100217,1,9,0,18,19,7,3,0,0,0,0,4,0,0,1,1,1,1,2,22,5,1242,1,10,FORD FIESTA,10,E01015464,0,-1
2020450932911,2020,450932911,1,9,0,18,19,5,1,0,0,0,0,0,0,0,1,1,5,6,1,17,4,1388,1,15,FORD FIESTA,10,E01030447,0,-1
2020461011103,2020,461011103,2,9,0,18,19,2,6,0,0,0,0,0,0,0,4,1,1,1,2,50,8,1399,2,8,FORD FIESTA,3,E01024352,0,-1
2020211023324,2020,211023324,1,9,-1,-1,-1,4,6,-1,-1,-1,-1,-1,-1,0,-1,1,1,1,1,61,9,-1,-1,-1,FORD FIESTA,8,E01014214,0,-1
2020460981996,2020,460981996,1,9,0,18,19,5,1,0,0,8,0,0,0,0,1,1,6,6,1,24,5,1242,1,7,FORD FIESTA,8,E01024763,0,-1
2020420939888,2020,420939888,1,9,0,7,7,1,3,0,0,8,0,0,1,0,1,1,5,6,1,72,10,1388,1,12,FORD FIESTA,1,E01015880,0,-1
2020101017181,2020,101017181,2,9,0,3,3,8,4,0,0,1,0,0,3,0,2,1,6,6,2,-1,-1,1242,1,13,FORD FIESTA,4,E01020644,0,-1
2020201005684,2020,201005684,2,9,0,18,19,5,6,0,0,3,0,10,4,0,4,1,6,6,2,32,6,1399,2,9,FORD FIESTA,1,E01009104,0,-1
2020410992262,2020,410992262,2,9,0,10,10,2,7,0,0,1,0,0,0,0,2,1,6,6,1,70,10,1388,1,16,FORD FIESTA,6,E01023341,0,-1
2020420973944,2020,420973944,2,9,0,3,3,1,1,0,0,4,0,0,0,0,2,1,6,6,2,22,5,1388,1,10,FORD FIESTA,8,E01021333,0,-1
2020410982274,2020,410982274,1,9,0,18,19,1,5,0,0,0,2,0,0,0,1,1,6,6,2,29,6,998,1,5,FORD FIESTA,3,E01023496,0,-1
2020522101022,2020,522101022,3,9,0,18,19,5,1,0,0,8,0,0,0,0,1,1,6,6,2,44,7,998,1,7,FORD FIESTA,10,E01014777,0,-1
2020010230083,2020,010230083,2,9,0,99,99,9,9,0,0,9,0,0,0,0,1,9,6,6,3,41,7,1596,1,4,FORD FIESTA,6,E01002618,0,-1
2020360935505,2020,360935505,1,9,0,4,4,1,5,0,0,0,0,0,0,0,1,1,6,6,1,78,11,998,1,6,FORD FIESTA,4,E01026444,0,-1
2020010237700,2020,010237700,2,9,0,18,19,3,7,0,0,1,9,0,0,99,1,9,6,6,1,23,5,998,1,6,FORD FIESTA,-1,-1,0,-1
2020070214366,2020,070214366,1,9,0,9,9,7,3,0,0,1,0,0,0,0,1,1,6,6,1,20,4,998,1,5,FORD FIESTA,-1,-1,0,-1
2020470963809,2020,470963809,1,9,0,18,19,7,3,0,0,0,0,0,0,0,1,1,5,6,1,25,5,1242,1,9,FORD FIESTA,3,E01031400,0,-1
2020200992536,2020,200992536,1,9,0,1,1,4,8,0,0,0,0,10,1,11,2,1,6,6,2,84,11,1242,1,18,FORD FIESTA,7,E01010247,0,-1
2020041000000,2020,041000000,1,9,0,9,9,5,7,0,0,5,0,0,0,0,1,1,2,2,1,31,6,1560,2,9,FORD FIESTA,9,E01024956,0,-1
2020990988642,2020,990988642,2,9,0,3,3,1,6,0,0,0,0,0,0,0,2,1,2,2,2,34,6,1242,1,8,FORD FIESTA,9,-1,0,-1
2020460980514,2020,460980514,1,9,0,5,5,5,1,0,0,0,0,0,0,0,4,1,6,6,1,-1,-1,1388,1,17,FORD FIESTA,4,E01024002,0,-1
2020421010175,2020,421010175,1,9,0,9,9,4,2,0,0,1,1,0,3,1,1,1,5,6,1,20,4,1388,1,11,FORD FIESTA,5,E01015993,0,-1
2020461007593,2020,461007593,2,9,0,17,19,5,1,0,0,0,0,0,0,0,1,1,6,6,1,18,4,1388,1,12,FORD FIESTA,5,E01024364,0,-1
2020470954299,2020,470954299,1,9,0,4,4,6,1,0,0,0,0,0,0,0,1,1,6,6,1,33,6,1388,1,15,FORD FIESTA,3,E01020913,0,-1
2020501013643,2020,501013643,2,9,0,18,19,3,7,0,0,1,0,0,0,0,1,1,5,6,2,21,5,1399,2,15,FORD FIESTA,5,E01020283,0,-1
2020140998683,2020,140998683,2,9,0,16,19,6,8,0,0,2,0,0,0,0,3,1,5,6,2,53,8,1596,1,8,FORD FIESTA,1,E01007564,0,-1
2020220956921,2020,220956921,1,9,0,12,12,1,5,0,0,1,0,0,0,0,3,1,6,6,1,54,8,1242,1,21,FORD FIESTA,-1,-1,0,-1
2020520002102,2020,520002102,1,9,0,18,19,6,2,0,0,0,2,0,1,9,1,1,6,6,1,33,6,1999,1,13,FORD FIESTA,7,E01019948,0,-1
2020552000935,2020,552000935,1,9,0,9,9,8,4,0,0,8,0,0,0,0,4,1,2,2,1,58,9,1242,1,13,FORD FIESTA,5,E01020454,0,-1
2020140995343,2020,140995343,1,9,0,16,19,1,5,0,0,0,0,0,7,11,1,1,5,6,1,19,4,1399,2,11,FORD FIESTA,1,E01008075,0,-1
2020137AM0651,2020,137AM0651,2,9,0,18,19,2,6,0,0,0,0,0,1,11,1,1,6,6,2,57,9,998,1,6,FORD FIESTA,2,E01011227,0,-1
2020460943946,2020,460943946,2,9,0,18,19,5,1,0,0,0,0,0,0,0,3,1,6,6,2,21,5,1388,1,9,FORD FIESTA,3,E01000750,0,-1
2020350936803,2020,350936803,2,9,0,9,9,3,1,0,0,1,0,0,0,0,3,1,1,1,1,44,7,1388,1,11,FORD FIESTA,8,E01033119,0,-1
2020360992481,2020,360992481,1,9,4,18,19,7,3,0,0,0,0,0,1,0,1,1,2,2,1,53,8,1242,1,8,FORD FIESTA,6,E01026611,0,-1
2020302001527,2020,302001527,1,9,0,18,19,6,2,0,0,1,0,0,0,0,1,1,6,6,1,54,8,1499,2,5,FORD FIESTA,2,E01019699,0,-1
2020450923434,2020,450923434,1,9,0,18,19,7,3,0,0,1,0,0,0,0,1,1,6,6,1,27,6,-1,-1,-1,FORD FIESTA,5,E01030725,0,-1
2020421003999,2020,421003999,2,9,0,18,19,1,5,0,0,1,0,0,0,0,1,1,5,6,1,61,9,1399,2,10,FORD FIESTA,1,E01021306,0,-1
2020140974716,2020,140974716,1,9,0,10,10,6,4,0,0,6,0,0,0,0,3,1,5,6,1,19,4,1299,1,17,FORD FIESTA,1,E01007341,0,-1
2020552000644,2020,552000644,1,9,0,9,9,3,2,0,0,5,0,0,0,0,1,1,3,7,2,67,10,1388,1,14,FORD FIESTA,8,E01015319,0,-1
2020010270515,2020,010270515,2,9,0,99,99,9,9,99,99,9,9,99,9,99,1,9,6,6,3,-1,-1,1242,1,6,FORD FIESTA,-1,-1,0,-1
2020052000128,2020,052000128,1,9,0,18,19,1,5,0,0,0,0,0,0,0,1,1,6,6,2,47,8,1560,2,10,FORD FIESTA,1,E01006572,0,-1
202006F576277,2020,06F576277,1,9,0,18,19,1,5,0,0,8,0,0,0,0,1,1,6,6,1,29,6,1499,2,4,FORD FIESTA,-1,-1,0,-1
2020030978835,2020,030978835,1,9,0,18,19,7,3,0,0,0,0,0,0,0,4,1,5,6,1,72,10,998,1,2,FORD FIESTA,5,E01019392,0,-1
2020410987851,2020,410987851,1,9,0,18,19,3,7,0,0,0,1,0,1,0,1,1,2,2,1,31,6,1242,1,10,FORD FIESTA,6,E01023499,0,-1
2020201024694,2020,201024694,1,9,0,7,7,2,4,0,0,2,0,0,0,0,1,1,6,6,1,-1,-1,1388,1,18,FORD FIESTA,-1,-1,0,-1
2020220937778,2020,220937778,1,9,0,16,19,3,6,0,0,0,0,0,0,0,1,1,5,6,1,18,4,1242,1,12,FORD FIESTA,8,E01032420,0,-1
2020052002547,2020,052002547,2,9,0,2,2,0,0,0,0,0,0,0,0,0,2,1,6,6,1,21,5,1399,2,13,FORD FIESTA,1,E01007274,0,-1
2020010259353,2020,010259353,2,9,0,4,4,7,3,0,0,0,0,0,0,0,1,1,6,6,1,36,7,998,1,4,FORD FIESTA,7,E01024252,0,-1
2020350986041,2020,350986041,1,9,0,4,4,2,6,0,0,3,0,0,1,1,1,1,6,6,1,21,5,1242,1,9,FORD FIESTA,9,E01018037,0,-1
202006P278696,2020,06P278696,2,9,0,9,9,6,3,0,0,8,0,0,0,0,4,1,2,2,1,62,9,1299,1,19,FORD FIESTA,1,E01005482,0,-1
2020100936941,2020,100936941,2,9,0,18,19,1,5,0,0,1,0,0,0,0,4,1,2,2,2,26,6,998,1,4,FORD FIESTA,7,E01020655,0,-1
2020052001950,2020,052001950,3,9,0,3,3,5,1,0,0,1,0,0,0,0,2,1,6,6,1,58,9,998,1,5,FORD FIESTA,1,E01007238,0,-1
2020440103762,2020,440103762,1,9,0,17,19,3,7,0,0,0,2,0,7,4,1,1,6,6,1,17,4,1388,1,17,FORD FIESTA,10,E01020355,0,-1
2020990920767,2020,990920767,2,9,0,18,19,1,5,0,0,3,0,0,0,0,4,1,5,6,2,41,7,1242,1,3,FORD FIESTA,10,-1,0,-1
2020420927249,2020,420927249,1,9,0,18,19,5,1,0,0,0,0,0,0,0,3,1,2,2,1,24,5,1388,1,17,FORD FIESTA,4,E01021260,0,-1
2020370948812,2020,370948812,1,9,0,4,4,7,3,0,0,1,0,0,0,0,1,1,5,6,2,22,5,1388,1,15,FORD FIESTA,1,E01033129,0,-1
2020160963768,2020,160963768,2,9,0,9,9,2,6,0,0,8,0,0,0,0,3,1,1,1,2,20,4,1399,2,16,FORD FIESTA,4,E01027996,0,-1
2020522100866,2020,522100866,2,9,0,9,9,7,5,0,0,6,0,0,0,0,1,1,6,6,2,24,5,1242,1,9,FORD FIESTA,-1,-1,0,-1
2020040989646,2020,040989646,1,9,0,18,19,2,6,0,0,1,0,0,0,0,1,1,6,6,1,52,8,1242,1,17,FORD FIESTA,8,E01025413,0,-1
2020440078958,2020,440078958,1,9,0,17,19,8,5,0,0,0,1,0,0,0,4,1,6,6,1,18,4,1242,1,13,FORD FIESTA,9,E01023227,0,-1
2020440394655,2020,440394655,2,9,0,9,9,7,1,0,0,8,0,0,0,0,4,1,6,6,2,28,6,998,1,7,FORD FIESTA,3,E01017079,0,-1
2020360996509,2020,360996509,2,9,0,2,2,0,0,0,0,0,0,0,1,2,2,1,5,6,2,60,9,998,1,2,FORD FIESTA,6,E01026529,0,-1
2020110966023,2020,110966023,3,9,0,2,2,0,0,0,0,0,0,0,0,0,1,1,5,6,2,30,6,1388,1,9,FORD FIESTA,-1,-1,0,-1
2020140964510,2020,140964510,1,9,0,18,19,2,6,0,0,0,0,0,0,0,4,2,1,1,2,31,6,998,1,4,FORD FIESTA,5,E01007909,0,-1
20201378F0999,2020,1378F0999,2,9,0,9,9,1,6,0,0,6,0,0,0,0,1,1,6,6,2,24,5,1560,2,9,FORD FIESTA,1,E01011910,0,-1
2020370936010,2020,370936010,2,9,0,18,19,5,1,0,0,0,0,0,0,0,1,1,2,2,2,21,5,1399,2,16,FORD FIESTA,3,E01030025,0,-1
2020200929041,2020,200929041,2,9,0,10,10,6,2,0,0,1,0,0,0,0,2,1,6,6,1,30,6,1242,1,21,FORD FIESTA,5,E01009764,0,-1
2020460993045,2020,460993045,1,9,0,7,7,3,5,0,0,6,0,0,0,0,1,1,2,2,1,23,5,998,1,2,FORD FIESTA,7,E01024317,0,-1
2020122000284,2020,122000284,1,9,0,18,19,7,3,0,0,0,1,0,1,9,1,1,6,6,1,20,4,1399,2,11,FORD FIESTA,7,E01013024,0,-1
2020501000640,2020,501000640,2,9,0,18,19,7,3,0,0,0,0,0,0,0,1,1,6,6,2,48,8,1399,2,8,FORD FIESTA,8,E01033294,0,-1
202006L272121,2020,06L272121,1,9,0,18,19,5,1,0,0,8,0,0,0,0,1,1,6,6,3,-1,-1,1242,1,3,FORD FIESTA,-1,-1,0,-1
2020010286808,2020,010286808,2,9,0,99,99,9,9,99,99,9,9,99,9,99,9,9,6,6,3,-1,-1,1399,2,8,FORD FIESTA,-1,-1,0,-1
2020140926882,2020,140926882,2,9,0,9,9,5,3,0,0,8,0,0,0,0,1,2,2,2,2,26,6,1299,1,19,FORD FIESTA,4,E01007742,0,-1
2020440429058,2020,440429058,2,9,0,1,1,1,7,0,0,0,0,0,0,0,2,1,6,6,2,-1,-1,1242,1,18,FORD FIESTA,-1,-1,0,-1
2020340W04732,2020,340W04732,2,9,0,4,4,5,1,0,0,0,0,0,0,0,2,1,2,2,2,21,5,1299,1,19,FORD FIESTA,2,E01027106,0,-1
2020552000389,2020,552000389,1,9,0,18,19,7,3,0,0,4,0,0,0,0,1,1,6,6,1,52,8,1388,1,17,FORD FIESTA,10,E01015452,0,-1
2020540513120,2020,540513120,1,9,0,18,19,4,8,0,0,8,0,0,0,0,1,1,1,1,1,83,11,998,1,1,FORD FIESTA,6,W01000691,0,-1
2020460981839,2020,460981839,1,9,0,4,4,4,8,0,0,0,0,0,0,0,1,1,5,6,1,27,6,998,1,6,FORD FIESTA,6,E01024513,0,-1
2020990918033,2020,990918033,1,9,0,18,19,3,7,0,0,0,1,10,0,0,1,1,2,2,1,40,7,998,1,7,FORD FIESTA,10,-1,0,-1
2020052000389,2020,052000389,1,9,0,7,7,5,7,0,0,8,0,0,0,0,1,1,6,6,2,24,5,1242,1,9,FORD FIESTA,1,E01006675,0,-1