collision_index,collision_year,collision_ref_no,vehicle_reference,vehicle_type,towing_and_articulation,vehicle_manoeuvre_historic,vehicle_manoeuvre,vehicle_direction_from,vehicle_direction_to,vehicle_location_restricted_lane_historic,vehicle_location_restricted_lane,junction_location,skidding_and_overturning,hit_object_in_carriageway,vehicle_leaving_carriageway,hit_object_off_carriageway,first_point_of_impact,vehicle_left_hand_drive,journey_purpose_of_driver_historic,journey_purpose_of_driver,sex_of_driver,age_of_driver,age_band_of_driver,engine_capacity_cc,propulsion_code,age_of_vehicle,generic_make_model,driver_imd_decile,lsoa_of_driver,escooter_flag,driver_distance_banding
2020421009830,2020,421009830,1,9,0,18,19,7,3,0,0,2,0,10,7,11,3,1,5,6,2,38,7,1388,1,13,FORD FIESTA,7,E01021981,0,-1
2020210983970,2020,210983970,1,9,0,12,12,4,2,0,0,3,0,0,0,0,3,1,2,2,2,25,5,1596,1,11,FORD FIESTA,9,E01029378,0,-1
2020137BF1439,2020,137BF1439,1,9,0,18,19,5,1,0,0,1,0,0,0,0,4,1,6,6,1,19,4,998,1,2,FORD FIESTA,1,E01011340,0,-1
2020440489579,2020,440489579,4,9,0,2,2,0,0,0,0,2,0,0,0,0,2,1,6,6,2,40,7,998,1,1,FORD FIESTA,6,E01023250,0,-1
2020040956093,2020,040956093,1,9,0,18,19,7,3,0,0,0,0,0,1,11,1,1,5,6,2,60,9,998,1,2,FORD FIESTA,-1,-1,0,-1
2020052002669,2020,052002669,2,9,0,18,19,7,3,0,0,1,0,0,0,0,1,1,6,6,2,72,10,998,1,1,FORD FIESTA,7,E01006589,0,-1
202006K174060,2020,06K174060,2,9,0,3,3,3,7,0,0,1,0,0,0,0,1,1,6,6,3,-1,-1,1299,1,19,FORD FIESTA,-1,-1,0,-1
2020010248010,2020,010248010,1,9,0,3,3,1,5,0,0,1,0,0,0,0,2,1,6,6,2,37,7,1242,1,16,FORD FIESTA,6,E01000407,0,-1
20201372S0227,2020,1372S0227,2,9,0,18,19,7,3,0,0,0,0,0,0,0,1,1,6,6,2,27,6,998,1,2,FORD FIESTA,3,E01011369,0,-1
2020622001053,2020,622001053,1,9,0,18,19,8,4,0,0,0,0,0,7,4,1,1,6,6,1,29,6,1242,1,12,FORD FIESTA,7,W01001108,0,-1
2020450992006,2020,450992006,1,9,0,9,9,3,5,0,0,6,0,0,0,0,4,1,2,2,2,29,6,1242,1,11,FORD FIESTA,10,E01031718,0,-1
2020520002533,2020,520002533,2,9,0,18,19,8,4,0,0,0,0,0,0,0,1,1,6,6,2,21,5,1499,2,7,FORD FIESTA,8,E01029122,0,-1
2020220982890,2020,220982890,1,9,0,3,3,5,1,0,0,1,0,0,0,0,2,1,5,6,2,44,7,1560,2,10,FORD FIESTA,10,E01032154,0,-1
2020420976699,2020,420976699,2,9,0,18,19,7,3,0,0,0,1,0,0,0,1,1,5,6,1,23,5,1242,1,5,FORD FIESTA,3,E01015956,0,-1
2020010244056,2020,010244056,2,9,0,99,99,9,9,99,99,4,9,99,9,99,1,9,6,6,3,61,9,1242,1,4,FORD FIESTA,1,E01002093,0,-1
2020320481140,2020,320481140,2,9,0,4,4,2,6,0,0,0,0,0,0,0,2,1,6,6,1,34,6,1242,1,4,FORD FIESTA,4,E01031045,0,-1
2020010258420,2020,010258420,2,9,0,99,99,9,9,99,99,0,9,99,9,99,9,9,6,6,1,20,4,1084,1,3,FORD FIESTA,9,E01000346,0,-1
2020052000318,2020,052000318,4,9,0,2,2,0,0,0,0,0,0,0,0,0,2,1,1,1,3,-1,-1,1242,1,11,FORD FIESTA,-1,-1,0,-1
2020010282802,2020,010282802,1,9,0,5,5,1,5,0,0,1,0,0,0,0,1,1,6,6,1,24,5,1388,1,10,FORD FIESTA,2,E01000221,0,-1
2020440167363,2020,440167363,1,9,0,18,19,1,5,0,0,0,0,0,2,7,2,1,6,6,1,69,10,1242,1,15,FORD FIESTA,10,E01023097,0,-1
2020360979085,2020,360979085,1,9,0,7,7,7,5,0,0,1,1,0,0,0,1,1,6,6,2,29,6,1388,1,9,FORD FIESTA,2,E01026425,0,-1
2020302000324,2020,302000324,1,9,0,18,19,7,3,0,0,0,0,0,0,0,1,1,6,6,1,83,11,1242,1,8,FORD FIESTA,10,E01019653,0,-1
2020070452907,2020,070452907,1,9,0,11,11,1,5,0,0,0,1,0,5,6,1,1,6,6,2,30,6,1388,1,12,FORD FIESTA,1,E01024257,0,-1
2020122100134,2020,122100134,2,9,0,7,7,5,1,0,0,3,0,0,0,0,4,1,6,6,1,18,4,998,1,2,FORD FIESTA,3,E01013410,0,-1
2020137191183,2020,137191183,1,9,0,9,9,7,5,0,0,8,0,0,0,0,3,1,6,6,1,52,8,1242,1,13,FORD FIESTA,1,E01011326,0,-1
2020010267172,2020,010267172,1,9,0,11,11,6,2,0,0,0,0,0,0,0,0,1,2,2,2,23,5,998,1,6,FORD FIESTA,1,E01004241,0,-1
2020460942620,2020,460942620,3,9,0,2,2,0,0,0,0,0,0,0,0,0,3,1,6,6,2,-1,-1,998,1,6,FORD FIESTA,6,E01016142,0,-1
2020420952688,2020,420952688,2,9,0,9,9,5,3,0,0,0,0,0,0,0,1,1,5,6,1,61,9,1242,1,7,FORD FIESTA,10,E01021248,0,-1
2020522101031,2020,522101031,1,9,0,18,19,8,4,0,0,1,0,0,0,0,1,1,6,6,1,19,4,1399,2,10,FORD FIESTA,6,E01014532,0,-1
2020370983902,2020,370983902,2,9,0,13,13,4,8,0,0,0,0,0,0,0,3,1,6,6,2,30,6,1242,1,13,FORD FIESTA,8,E01030047,0,-1
2020340S04302,2020,340S04302,1,9,0,9,9,7,4,0,0,6,0,0,0,0,1,1,6,6,1,21,5,998,1,5,FORD FIESTA,9,E01027275,0,-1
2020010252112,2020,010252112,2,9,0,4,4,7,3,0,0,0,0,0,0,0,2,1,6,6,2,35,6,998,1,4,FORD FIESTA,7,E01021439,0,-1
2020440452139,2020,440452139,2,9,0,9,9,6,4,0,0,8,0,0,0,0,1,1,6,6,2,49,8,1388,1,11,FORD FIESTA,2,E01017186,0,-1
2020470953393,2020,470953393,2,9,0,3,3,7,4,0,0,0,0,0,0,0,2,1,2,2,1,30,6,1388,1,11,FORD FIESTA,3,E01031400,0,-1
2020430230160,2020,430230160,2,9,0,17,19,7,4,0,0,8,0,0,0,0,4,1,6,6,2,28,6,1388,1,14,FORD FIESTA,9,E01017853,0,-1
2020430423703,2020,430423703,1,9,0,16,19,1,5,0,0,0,1,10,7,4,1,1,6,6,1,20,4,1242,1,10,FORD FIESTA,9,E01028775,0,-1
2020010252311,2020,010252311,1,9,0,7,7,1,3,0,0,6,0,0,0,0,3,1,6,6,1,23,5,1242,1,13,FORD FIESTA,-1,-1,0,-1
2020302001103,2020,302001103,2,9,0,18,19,7,3,0,0,0,0,0,0,0,3,1,6,6,1,20,4,1388,1,12,FORD FIESTA,10,E01019785,0,-1
2020420979885,2020,420979885,3,9,0,10,10,3,7,0,0,1,0,0,0,0,2,1,1,1,2,22,5,1388,1,12,FORD FIESTA,1,E01022045,0,-1
2020110937937,2020,110937937,2,9,0,18,19,5,1,0,0,0,1,0,0,0,1,1,2,2,2,55,8,998,1,5,FORD FIESTA,9,E01020756,0,-1
2020070428050,2020,070428050,1,9,0,4,4,7,3,0,0,0,0,0,0,0,1,1,6,6,1,22,5,1242,1,5,FORD FIESTA,3,E01012427,0,-1
2020990982358,2020,990982358,3,9,0,18,19,1,5,0,0,1,0,0,0,0,1,1,6,6,1,53,8,1388,1,21,FORD FIESTA,3,-1,0,-1
2020137220932,2020,137220932,2,9,0,4,4,3,7,0,0,1,0,0,0,0,2,1,6,6,2,74,10,1242,1,7,FORD FIESTA,2,E01011104,0,-1
2020320473715,2020,320473715,1,9,0,5,5,5,1,0,0,8,0,0,0,0,2,1,6,6,2,34,6,1596,1,5,FORD FIESTA,3,E01013517,0,-1
2020361005087,2020,361005087,2,9,0,18,19,7,3,0,0,0,0,0,0,0,1,1,5,6,1,20,4,1242,1,15,FORD FIESTA,-1,-1,0,-1
2020520100354,2020,520100354,1,9,0,10,10,4,2,0,0,1,0,0,0,0,2,1,6,6,1,38,7,1242,1,14,FORD FIESTA,5,E01029324,0,-1
202031C001120,2020,31C001120,2,9,0,18,19,4,8,0,0,0,0,0,0,0,2,1,6,6,2,26,6,1399,2,8,FORD FIESTA,1,E01013822,0,-1
2020010281742,2020,010281742,2,9,0,99,99,9,9,99,99,9,9,99,9,99,3,9,6,6,2,29,6,998,1,4,FORD FIESTA,2,E01000084,0,-1
2020420925700,2020,420925700,1,19,-1,5,5,1,5,0,0,0,0,0,0,0,3,1,6,6,1,21,5,1560,2,9,FORD FIESTA,-1,-1,0,-1
2020500933239,2020,500933239,3,9,0,4,4,1,5,0,0,0,0,0,0,0,1,1,1,1,2,20,4,1242,1,15,FORD FIESTA,3,E01018761,0,-1
2020440028631,2020,440028631,1,9,0,5,5,0,2,0,0,0,0,0,0,0,0,1,6,6,2,25,5,1242,1,13,FORD FIESTA,9,E01022674,0,-1
2020460923059,2020,460923059,1,9,0,13,13,6,2,0,0,0,5,11,5,6,3,1,2,2,1,22,5,1399,2,13,FORD FIESTA,2,E01024627,0,-1
2020161003651,2020,161003651,2,9,0,18,19,7,3,0,0,8,0,0,0,0,1,1,2,2,2,21,5,1242,1,6,FORD FIESTA,-1,-1,0,-1
2020500971668,2020,500971668,1,9,0,9,9,5,3,0,0,8,0,0,0,0,4,1,6,6,1,22,5,1499,2,7,FORD FIESTA,9,E01015067,0,-1
202006F270062,2020,06F270062,2,9,0,4,4,8,4,0,0,0,0,0,0,0,2,1,6,6,2,45,7,1560,2,10,FORD FIESTA,5,E01005025,0,-1
202031A179520,2020,31A179520,1,9,0,10,10,1,7,0,0,0,0,0,0,0,2,1,6,6,2,65,9,998,1,2,FORD FIESTA,7,E01019513,0,-1
2020420930443,2020,420930443,1,9,0,9,9,4,1,0,0,8,0,0,0,0,4,1,5,6,2,18,4,1388,1,17,FORD FIESTA,10,E01023440,0,-1
2020991003174,2020,991003174,1,9,0,4,4,4,1,0,0,4,0,0,0,0,0,1,5,6,1,33,6,1560,2,6,FORD FIESTA,3,-1,0,-1
2020160969597,2020,160969597,1,9,0,18,19,1,5,0,0,0,0,0,0,0,3,1,6,6,2,43,7,1399,2,9,FORD FIESTA,2,E01013002,0,-1
2020010246360,2020,010246360,1,9,0,18,19,5,1,0,0,0,0,0,0,0,1,1,6,6,1,38,7,998,1,1,FORD FIESTA,1,E01003503,0,-1
2020351003806,2020,351003806,2,9,0,18,19,5,1,0,0,1,0,0,0,0,1,1,5,6,2,23,5,1596,1,14,FORD FIESTA,8,E01022091,0,-1
2020990920242,2020,990920242,1,9,0,18,19,7,3,0,0,1,0,0,0,0,1,1,1,1,1,19,4,1242,1,6,FORD FIESTA,-1,-1,0,-1
2020351004623,2020,351004623,1,9,0,18,19,7,3,0,0,1,0,4,0,0,1,1,2,2,2,28,6,1242,1,8,FORD FIESTA,7,E01026978,0,-1
2020010275109,2020,010275109,1,9,0,18,19,1,5,0,0,0,0,0,0,0,1,1,6,6,1,50,8,1388,1,9,FORD FIESTA,2,E01001700,0,-1
2020040994866,2020,040994866,1,9,0,5,5,4,2,1,1,0,0,0,0,0,1,1,5,6,2,59,9,1242,1,6,FORD FIESTA,5,E01012633,0,-1
2020100951503,2020,100951503,2,9,0,18,19,8,4,0,0,1,0,0,1,0,1,1,5,6,1,20,4,998,1,4,FORD FIESTA,2,E01008755,0,-1
2020500987161,2020,500987161,1,9,0,5,5,8,4,0,0,5,0,0,0,0,1,1,5,6,2,20,4,1242,1,9,FORD FIESTA,7,E01015198,0,-1
2020070669772,2020,070669772,1,9,0,9,9,4,3,0,0,8,0,0,0,0,3,1,2,2,2,29,6,1388,1,11,FORD FIESTA,2,E01012370,0,-1
202006L267329,2020,06L267329,1,9,0,6,6,8,8,0,0,1,0,0,0,0,3,1,6,6,1,77,11,998,1,3,FORD FIESTA,-1,-1,0,-1
2020010273033,2020,010273033,1,9,0,99,99,9,9,99,99,4,9,99,9,99,2,9,6,6,2,18,4,1242,1,9,FORD FIESTA,9,E01000456,0,-1
2020040973223,2020,040973223,1,9,0,7,7,7,1,0,0,4,0,0,0,0,1,1,6,6,1,75,10,998,1,7,FORD FIESTA,5,E01024930,0,-1
2020010279429,2020,010279429,1,9,0,99,99,9,9,99,99,9,9,99,9,99,9,9,6,6,1,21,5,1242,1,8,FORD FIESTA,3,E01000506,0,-1
2020100926426,2020,100926426,1,9,0,16,19,1,5,0,0,0,0,0,0,0,1,1,2,2,2,61,9,1242,1,11,FORD FIESTA,-1,-1,0,-1
2020501007534,2020,501007534,1,9,0,18,19,1,5,0,0,0,0,0,0,0,1,1,2,2,1,27,6,1499,2,3,FORD FIESTA,6,E01015102,0,-1
2020160949224,2020,160949224,2,9,0,18,19,3,7,0,0,0,0,0,0,0,0,1,6,6,1,20,4,998,1,4,FORD FIESTA,4,E01012947,0,-1
2020361004714,2020,361004714,2,9,0,18,19,7,3,0,0,1,0,0,0,0,1,1,5,6,1,57,9,1388,1,16,FORD FIESTA,5,E01026788,0,-1
2020340E01882,2020,340E01882,2,9,0,18,19,5,1,0,0,1,0,0,0,0,3,1,2,2,1,31,6,1242,1,14,FORD FIESTA,7,E01027033,0,-1
2020040955146,2020,040955146,2,9,0,7,7,1,5,0,0,0,0,0,1,0,2,1,5,6,1,50,8,1560,2,7,FORD FIESTA,7,E01025487,0,-1
2020460995568,2020,460995568,1,9,0,4,4,3,7,0,0,0,0,0,0,0,1,1,5,6,2,48,8,998,1,2,FORD FIESTA,10,E01024829,0,-1
2020070707801,2020,070707801,1,9,0,18,19,6,2,0,0,0,0,0,0,0,1,1,6,6,2,89,11,1388,1,9,FORD FIESTA,10,E01018576,0,-1
2020320552016,2020,320552016,1,9,0,18,19,7,3,0,0,0,0,0,0,0,1,1,6,6,2,81,11,998,1,4,FORD FIESTA,8,E01026200,0,-1
2020320396527,2020,320396527,1,9,0,18,19,5,1,0,0,0,0,0,0,0,1,1,6,6,1,19,4,1388,1,13,FORD FIESTA,2,E01018078,0,-1
2020470964247,2020,470964247,1,9,0,18,19,3,7,0,0,2,0,0,0,0,1,1,6,6,1,56,9,1499,2,5,FORD FIESTA,8,E01031491,0,-1
2020201014484,2020,201014484,2,9,0,18,19,1,5,0,0,0,0,0,0,0,1,1,6,6,1,20,4,-1,-1,-1,FORD FIESTA,1,E01009104,0,-1
2020461012100,2020,461012100,1,9,0,9,9,3,1,0,0,1,0,0,0,0,4,1,5,6,2,36,7,1242,1,9,FORD FIESTA,7,E01024388,0,-1
202006L268291,2020,06L268291,2,9,0,9,9,6,4,0,0,1,0,0,0,0,2,1,6,6,1,45,7,1388,1,15,FORD FIESTA,4,E01006269,0,-1
2020450958063,2020,450958063,1,9,0,17,19,7,2,0,0,0,1,0,1,3,1,1,5,6,2,17,4,1242,1,13,FORD FIESTA,10,E01030866,0,-1
2020010287011,2020,010287011,1,9,0,99,99,9,9,99,99,9,9,99,9,99,9,9,6,6,1,27,6,1242,1,14,FORD FIESTA,4,E01003685,0,-1
2020230987987,2020,230987987,2,9,0,17,19,8,4,0,0,0,0,0,0,0,1,1,2,2,2,54,8,1242,1,4,FORD FIESTA,7,E01031089,0,-1
202031B154220,2020,31B154220,1,9,0,2,2,0,0,0,0,0,0,0,0,0,3,1,2,2,1,29,6,1399,2,10,FORD FIESTA,1,E01028057,0,-1
2020040947983,2020,040947983,1,9,0,4,4,5,1,0,0,0,0,0,0,0,3,1,2,2,2,20,4,1388,1,11,FORD FIESTA,7,E01025131,0,-1
2020100941928,2020,100941928,2,9,0,2,2,0,0,0,0,2,0,0,0,0,3,1,5,6,1,57,9,1388,1,13,FORD FIESTA,3,E01008282,0,-1
2020451011294,2020,451011294,1,9,0,18,19,1,5,0,0,0,0,0,0,0,1,1,5,6,2,22,5,1242,1,13,FORD FIESTA,9,E01030545,0,-1
2020500951705,2020,500951705,2,9,0,4,4,5,1,0,0,8,0,0,0,0,2,1,6,6,2,18,4,998,1,4,FORD FIESTA,6,E01015184,0,-1
2020460953805,2020,460953805,1,9,0,18,19,3,7,0,0,0,0,0,0,0,1,1,6,6,1,22,5,998,1,7,FORD FIESTA,2,E01016018,0,-1
2020010291488,2020,010291488,2,9,0,99,99,9,9,99,99,9,9,99,9,99,2,9,6,6,3,57,9,998,1,5,FORD FIESTA,3,E01032568,0,-1
2020360944727,2020,360944727,1,9,0,18,19,7,3,0,0,1,0,0,0,0,4,1,5,6,2,23,5,1388,1,18,FORD FIESTA,9,E01026906,0,-1
2020010234748,2020,010234748,1,9,0,99,99,9,9,99,99,9,9,99,9,99,9,9,2,2,1,29,6,1596,1,15,FORD FIESTA,2,E01004413,0,-1
2020040998363,2020,040998363,1,9,0,7,7,5,3,0,0,4,0,0,0,0,0,1,1,1,2,60,9,998,1,4,FORD FIESTA,1,E01012704,0,-1
2020500995762,2020,500995762,1,9,0,17,19,8,4,0,0,0,0,0,0,0,1,1,2,2,2,25,5,1242,1,10,FORD FIESTA,10,E01016612,0,-1
2020100975468,2020,100975468,1,9,0,18,19,1,7,0,0,1,1,0,0,0,1,1,6,6,2,21,5,1560,2,10,FORD FIESTA,3,E01008508,0,-1
2020302000720,2020,302000720,1,9,0,5,5,6,2,9,9,0,0,0,0,0,4,1,6,6,2,53,8,1399,2,8,FORD FIESTA,4,E01013534,0,-1
2020420966104,2020,420966104,1,9,0,4,4,2,4,0,0,1,0,0,0,0,1,1,6,6,2,-1,-1,998,1,4,FORD FIESTA,1,E01021500,0,-1
2020201004733,2020,201004733,1,9,0,18,19,4,8,0,0,8,0,0,0,0,4,1,6,6,1,19,4,1242,1,9,FORD FIESTA,3,E01008936,0,-1
2020040971621,2020,040971621,2,9,0,4,4,7,3,0,0,0,0,0,0,0,1,1,5,6,1,24,5,1388,1,9,FORD FIESTA,10,E01025019,0,-1
2020122001293,2020,122001293,1,9,0,5,5,4,7,0,0,4,0,0,0,0,1,1,6,6,2,63,9,1242,1,8,FORD FIESTA,7,E01027873,0,-1
202063B007320,2020,63B007320,1,9,0,18,19,2,6,0,0,0,0,0,1,10,1,1,6,6,1,28,6,1242,1,14,FORD FIESTA,2,E01014578,0,-1
2020610009320,2020,610009320,2,9,0,3,3,5,2,0,0,1,0,0,0,0,1,1,2,2,2,35,6,1399,2,13,FORD FIESTA,3,W01001388,0,-1
2020360939719,2020,360939719,1,9,0,18,19,3,7,0,0,0,2,0,7,0,3,1,5,6,1,20,4,1399,2,14,FORD FIESTA,4,E01030231,0,-1
2020040961867,2020,040961867,1,9,0,18,19,7,3,0,0,0,5,0,0,0,1,1,5,6,1,85,11,1299,1,18,FORD FIESTA,1,E01012682,0,-1
2020549515920,2020,549515920,3,9,0,18,19,5,1,0,0,1,0,0,0,0,2,1,6,6,1,50,8,998,1,1,FORD FIESTA,9,E01023264,0,-1
2020460991100,2020,460991100,2,9,0,18,19,1,5,0,0,0,5,0,0,0,3,1,5,6,2,28,6,998,1,1,FORD FIESTA,7,E01024355,0,-1
2020137BE1475,2020,137BE1475,3,9,0,2,2,3,7,0,0,0,0,0,0,0,3,1,6,6,3,-1,-1,1560,2,11,FORD FIESTA,-1,-1,0,-1
2020040988400,2020,040988400,1,9,0,18,19,7,7,0,0,1,0,0,0,0,1,2,5,6,1,19,4,1399,2,9,FORD FIESTA,3,E01025306,0,-1
2020010279197,2020,010279197,4,9,0,18,19,1,5,0,0,1,0,1,0,0,1,1,6,6,2,40,7,998,1,3,FORD FIESTA,8,E01033612,0,-1
2020440442731,2020,440442731,2,9,0,18,19,1,5,0,0,0,0,0,0,0,2,1,6,6,1,26,6,1242,1,8,FORD FIESTA,9,E01023158,0,-1
2020610011020,2020,610011020,1,9,0,7,7,8,3,0,0,4,0,0,0,0,4,1,1,1,1,52,8,998,1,5,FORD FIESTA,5,W01001296,0,-1
202031A176320,2020,31A176320,1,9,0,18,19,4,8,0,0,8,0,7,0,0,1,1,6,6,2,77,11,1242,1,17,FORD FIESTA,5,E01027972,0,-1
2020040939730,2020,040939730,2,9,0,9,9,5,1,6,6,1,0,0,0,0,2,1,2,2,2,47,8,1242,1,19,FORD FIESTA,2,E01012685,0,-1
2020010286675,2020,010286675,2,9,0,4,4,1,5,0,0,1,1,0,0,0,1,1,6,6,1,40,7,1388,1,16,FORD FIESTA,6,E01021502,0,-1
20201379F1068,2020,1379F1068,2,9,0,7,7,8,6,0,0,8,0,0,0,0,4,1,6,6,1,73,10,1242,1,12,FORD FIESTA,2,E01011540,0,-1
2020410978551,2020,410978551,2,9,0,18,19,3,7,0,0,0,0,0,0,0,1,1,5,6,1,82,11,1596,1,8,FORD FIESTA,4,E01023547,0,-1
2020430042026,2020,430042026,1,9,0,3,3,4,8,0,0,2,0,0,0,0,2,1,2,2,2,18,4,998,1,5,FORD FIESTA,7,E01017828,0,-1
2020070124042,2020,070124042,2,9,0,18,19,3,7,0,0,1,0,0,1,0,4,1,6,6,1,22,5,1242,1,9,FORD FIESTA,5,E01012405,0,-1
2020420925214,2020,420925214,3,9,0,4,4,7,3,0,0,0,0,0,0,0,1,1,6,6,2,70,10,1388,1,15,FORD FIESTA,-1,-1,0,-1
2020470990910,2020,470990910,2,9,0,18,19,2,6,0,0,0,0,0,0,0,1,1,5,6,1,28,6,1388,1,17,FORD FIESTA,2,E01031436,0,-1
2020221011831,2020,221011831,1,9,0,3,3,1,5,0,0,0,0,0,0,0,2,1,2,2,1,23,5,1496,1,1,FORD FIESTA,5,E01014008,0,-1
2020990990047,2020,990990047,1,9,0,18,19,7,3,0,0,0,2,0,7,0,1,1,6,6,1,54,8,1242,1,14,FORD FIESTA,3,-1,0,-1
2020230961407,2020,230961407,2,9,0,10,10,3,8,0,0,5,0,0,0,0,2,1,5,6,2,23,5,1242,1,7,FORD FIESTA,9,E01031279,0,-1
2020351030930,2020,351030930,2,9,0,18,19,8,4,0,0,0,0,0,0,0,1,1,6,6,2,31,6,1399,2,11,FORD FIESTA,5,E01018135,0,-1
2020361015612,2020,361015612,1,9,0,9,9,5,1,0,0,1,0,0,0,0,3,1,5,6,2,68,10,1388,1,9,FORD FIESTA,7,E01026526,0,-1
2020220923847,2020,220923847,1,9,0,16,19,8,2,0,0,0,5,0,7,5,1,1,2,2,2,23,5,1242,1,11,FORD FIESTA,5,E01022464,0,-1
2020461005231,2020,461005231,3,9,0,18,19,4,8,0,0,0,1,0,0,0,2,1,1,1,2,46,8,1560,2,14,FORD FIESTA,7,E01024232,0,-1
2020200949941,2020,200949941,1,9,0,16,19,2,4,0,0,3,0,7,0,0,0,1,6,6,1,27,6,1999,1,13,FORD FIESTA,-1,-1,0,-1
2020160952387,2020,160952387,2,9,0,18,19,3,7,0,0,8,0,0,0,0,4,1,5,6,1,45,7,1496,1,1,FORD FIESTA,-1,-1,0,-1
2020010261443,2020,010261443,3,9,0,2,2,0,0,0,0,0,0,0,0,0,4,1,6,6,3,-1,-1,998,1,1,FORD FIESTA,-1,-1,0,-1
202031C175420,2020,31C175420,1,9,0,18,19,4,8,0,0,6,0,4,0,0,1,1,6,6,1,19,4,1242,1,14,FORD FIESTA,1,E01013884,0,-1
2020332000054,2020,332000054,2,9,0,18,19,6,2,0,0,8,0,0,0,0,3,1,2,2,1,17,4,1242,1,11,FORD FIESTA,8,E01025873,0,-1
2020160993808,2020,160993808,1,9,0,18,19,3,7,0,0,1,0,0,0,0,4,1,5,6,1,64,9,998,1,3,FORD FIESTA,5,E01013297,0,-1
2020470936274,2020,470936274,1,9,0,9,9,7,5,0,0,1,1,0,1,11,1,1,6,6,1,24,5,998,1,0,FORD FIESTA,-1,-1,0,-1
2020460931183,2020,460931183,1,9,0,18,19,3,7,0,0,2,0,0,0,0,1,1,5,6,1,57,9,998,1,7,FORD FIESTA,6,E01024367,0,-1
2020461002628,2020,461002628,2,9,0,18,19,4,8,0,0,1,0,0,0,0,1,1,5,6,2,34,6,1388,1,8,FORD FIESTA,9,E01024104,0,-1
2020010260661,2020,010260661,1,9,0,99,99,9,9,99,99,9,9,99,9,99,2,9,6,6,2,21,5,1242,1,6,FORD FIESTA,2,E01033488,0,-1
2020460983246,2020,460983246,1,9,0,18,19,6,2,0,0,1,0,4,0,0,3,1,5,6,2,82,11,1242,1,6,FORD FIESTA,4,E01024777,0,-1
2020440477365,2020,440477365,2,9,0,18,19,6,2,0,0,8,0,0,1,0,4,1,2,2,1,57,9,1388,1,14,FORD FIESTA,7,E01023185,0,-1
2020990987128,2020,990987128,1,9,0,18,19,5,1,0,0,0,1,0,0,0,1,1,6,6,1,19,4,1560,2,13,FORD FIESTA,1,-1,0,-1
2020110925306,2020,110925306,2,9,0,16,19,3,7,0,0,0,0,0,1,0,1,1,6,6,1,24,5,1560,2,9,FORD FIESTA,8,E01020659,0,-1
2020552000968,2020,552000968,1,9,0,7,7,5,7,0,0,1,0,0,0,0,3,1,1,1,1,41,7,1299,1,19,FORD FIESTA,5,E01015375,0,-1
2020430051306,2020,430051306,2,9,0,18,19,7,4,0,0,0,0,0,0,0,1,1,6,6,2,20,4,1299,1,19,FORD FIESTA,9,E01028814,0,-1
2020990931966,2020,990931966,2,9,0,18,19,7,3,0,0,1,0,0,0,0,1,1,6,6,2,18,4,1388,1,17,FORD FIESTA,7,-1,0,-1
2020420966810,2020,420966810,1,9,0,18,19,7,3,0,0,0,0,0,0,0,1,1,5,6,1,55,8,1596,1,12,FORD FIESTA,8,E01021931,0,-1
2020070664182,2020,070664182,1,9,0,5,5,3,6,0,0,8,0,0,0,0,1,1,6,6,2,52,8,1242,1,15,FORD FIESTA,9,E01012553,0,-1
2020360942842,2020,360942842,1,9,0,9,9,1,5,0,0,1,0,0,0,0,1,1,2,2,2,27,6,1388,1,9,FORD FIESTA,1,E01026603,0,-1
2020440496759,2020,440496759,1,9,0,18,19,7,3,0,0,8,0,0,0,0,4,1,6,6,2,37,7,998,1,4,FORD FIESTA,8,E01023249,0,-1
2020450986528,2020,450986528,1,9,0,18,19,1,5,0,0,4,0,0,0,0,3,1,6,6,1,21,5,1299,1,19,FORD FIESTA,2,E01030497,0,-1
2020052001546,2020,052001546,1,9,0,4,4,5,1,0,0,0,0,0,0,0,2,1,6,6,2,50,8,1399,2,17,FORD FIESTA,1,E01007304,0,-1
2020450920456,2020,450920456,1,9,0,18,19,1,5,0,0,0,0,4,0,0,3,1,5,6,2,17,4,1242,1,9,FORD FIESTA,8,E01030949,0,-1
2020030995167,2020,030995167,1,9,0,18,19,5,3,0,0,8,0,0,0,0,4,1,5,6,1,20,4,1242,1,20,FORD FIESTA,6,E01019381,0,-1
2020622000785,2020,622000785,1,9,0,18,19,8,4,0,0,1,0,0,0,0,1,1,6,6,2,18,4,1242,1,6,FORD FIESTA,4,W01000754,0,-1
2020040949118,2020,040949118,1,9,0,18,19,6,2,0,0,0,0,0,0,0,1,1,2,2,2,51,8,1242,1,4,FORD FIESTA,3,E01025310,0,-1
2020070545234,2020,070545234,1,9,0,9,9,7,5,0,0,6,0,0,0,0,1,1,6,6,1,89,11,1242,1,13,FORD FIESTA,2,E01012383,0,-1