collision_index,collision_year,collision_ref_no,vehicle_reference,vehicle_type,towing_and_articulation,vehicle_manoeuvre_historic,vehicle_manoeuvre,vehicle_direction_from,vehicle_direction_to,vehicle_location_restricted_lane_historic,vehicle_location_restricted_lane,junction_location,skidding_and_overturning,hit_object_in_carriageway,vehicle_leaving_carriageway,hit_object_off_carriageway,first_point_of_impact,vehicle_left_hand_drive,journey_purpose_of_driver_historic,journey_purpose_of_driver,sex_of_driver,age_of_driver,age_band_of_driver,engine_capacity_cc,propulsion_code,age_of_vehicle,generic_make_model,driver_imd_decile,lsoa_of_driver,escooter_flag,driver_distance_banding
2020140957075,2020,140957075,1,9,0,5,5,8,5,0,0,0,0,0,0,0,1,1,5,6,2,53,8,1242,1,9,FORD FIESTA,10,E01007920,0,-1
2020990997371,2020,990997371,1,9,0,16,19,1,5,0,0,8,0,0,0,0,1,1,5,6,1,17,4,1242,1,11,FORD FIESTA,1,-1,0,-1
2020122000318,2020,122000318,2,9,0,7,7,7,1,0,0,6,0,0,0,0,1,1,6,6,1,39,7,1560,2,11,FORD FIESTA,3,E01013399,0,-1
2020320138858,2020,320138858,2,9,0,4,4,7,3,0,0,0,0,0,0,0,2,1,6,6,1,20,4,1596,1,9,FORD FIESTA,3,E01026227,0,-1
2020010271701,2020,010271701,2,9,0,9,9,7,4,0,0,1,0,0,0,0,3,1,6,6,2,27,6,998,1,1,FORD FIESTA,4,E01033424,0,-1
2020200950710,2020,200950710,1,9,0,9,9,7,5,0,0,6,0,0,0,0,3,1,2,2,1,39,7,1242,1,8,FORD FIESTA,2,E01009980,0,-1
2020450978027,2020,450978027,1,9,0,18,19,7,7,0,0,0,0,0,0,0,1,1,5,6,1,19,4,998,1,3,FORD FIESTA,5,E01030984,0,-1
2020440421768,2020,440421768,2,9,0,18,19,5,1,0,0,8,0,0,7,11,3,1,6,6,1,28,6,1399,2,11,FORD FIESTA,1,E01013824,0,-1
2020160937217,2020,160937217,1,9,0,3,3,3,7,0,0,0,0,0,0,0,2,1,2,2,2,28,6,998,1,6,FORD FIESTA,3,E01013319,0,-1
2020200934141,2020,200934141,1,9,0,18,19,8,4,0,0,0,0,10,7,2,3,1,6,6,1,20,4,1388,1,16,FORD FIESTA,9,E01009917,0,-1
202031B172020,2020,31B172020,2,9,0,18,19,5,1,0,0,6,0,0,0,0,1,1,2,2,2,24,5,1242,1,6,FORD FIESTA,1,E01028057,0,-1
2020432003218,2020,432003218,2,9,0,18,19,4,6,0,0,2,0,0,0,0,1,1,6,6,2,32,6,1242,1,11,FORD FIESTA,7,E01016722,0,-1
2020420984778,2020,420984778,2,9,0,18,19,2,6,0,0,8,0,0,0,0,1,1,5,6,1,28,6,1242,1,6,FORD FIESTA,10,E01021465,0,-1
2020010286751,2020,010286751,3,9,0,18,19,2,6,0,0,1,0,0,0,0,2,1,2,2,1,30,6,1242,1,11,FORD FIESTA,2,E01003049,0,-1
2020100940476,2020,100940476,3,9,0,3,3,8,4,0,0,0,0,0,0,0,2,1,2,2,1,29,6,998,1,7,FORD FIESTA,-1,-1,0,-1
2020220982830,2020,220982830,1,9,0,9,9,3,1,0,0,5,0,0,0,0,1,1,5,6,1,40,7,1399,2,8,FORD FIESTA,3,E01032241,0,-1
2020430140277,2020,430140277,1,9,0,18,19,4,8,0,0,1,0,0,0,0,1,1,1,1,1,57,9,-1,-1,-1,FORD FIESTA,1,E01009024,0,-1
2020361013252,2020,361013252,2,9,0,18,19,5,2,0,0,0,0,0,0,0,2,1,1,1,1,75,10,-1,-1,-1,FORD FIESTA,3,E01026753,0,-1
2020030968147,2020,030968147,2,9,0,4,4,7,3,0,0,0,0,0,0,0,2,1,1,1,1,58,9,-1,-1,-1,FORD FIESTA,5,E01019388,0,-1
2020360944280,2020,360944280,2,9,0,17,19,7,3,0,0,8,0,0,0,0,4,1,5,6,2,54,8,998,1,4,FORD FIESTA,9,E01026938,0,-1
2020010228995,2020,010228995,1,9,0,18,19,5,1,0,0,1,0,0,0,0,4,1,6,6,2,21,5,998,1,1,FORD FIESTA,9,E01004559,0,-1
2020990916546,2020,990916546,2,9,0,3,3,2,3,0,0,3,0,4,0,0,2,1,6,6,1,27,6,1242,1,7,FORD FIESTA,4,-1,0,-1
2020302001293,2020,302001293,2,9,0,2,2,0,0,0,0,0,0,0,0,0,2,1,6,6,2,65,9,1242,1,10,FORD FIESTA,4,E01007842,0,-1
2020460955182,2020,460955182,4,9,0,2,2,0,0,0,0,1,0,0,0,0,3,1,5,6,2,-1,-1,998,1,5,FORD FIESTA,4,E01024029,0,-1
2020420928778,2020,420928778,3,9,0,18,19,7,3,0,0,0,0,0,0,0,4,1,2,2,1,24,5,1242,1,12,FORD FIESTA,9,E01021721,0,-1
2020460965242,2020,460965242,2,9,0,2,2,0,0,0,0,0,0,0,0,0,2,1,5,6,1,-1,-1,1399,2,12,FORD FIESTA,5,E01024075,0,-1
2020552000561,2020,552000561,1,9,0,18,19,3,7,0,0,1,0,0,0,0,1,1,6,6,1,33,6,1242,1,14,FORD FIESTA,-1,-1,0,-1
2020010286844,2020,010286844,2,9,0,99,99,9,9,99,99,0,9,99,9,99,9,9,6,6,3,-1,-1,1388,1,16,FORD FIESTA,-1,-1,0,-1
2020990961346,2020,990961346,2,9,0,16,19,5,1,0,0,1,0,0,1,2,1,1,5,6,1,22,5,1596,1,6,FORD FIESTA,3,-1,0,-1
202006J166823,2020,06J166823,1,9,0,18,19,3,7,0,0,8,0,0,0,0,1,1,6,6,1,29,6,1596,1,5,FORD FIESTA,1,E01005753,0,-1
2020010232542,2020,010232542,1,9,0,4,4,3,7,99,99,0,0,99,9,99,1,1,2,2,1,26,6,998,1,3,FORD FIESTA,2,E01003580,0,-1
2020070313022,2020,070313022,3,9,0,3,3,0,0,0,0,1,0,0,0,0,2,1,6,6,1,18,4,1242,1,7,FORD FIESTA,3,E01018611,0,-1
2020450921327,2020,450921327,1,9,0,5,5,3,5,0,0,0,0,0,0,0,1,1,1,1,2,34,6,1242,1,14,FORD FIESTA,3,E01004183,0,-1
202031A113720,2020,31A113720,3,9,0,4,4,7,3,0,0,1,0,0,0,0,2,1,6,6,1,52,8,998,1,4,FORD FIESTA,8,E01028348,0,-1
2020200947270,2020,200947270,2,9,0,18,19,-1,-1,0,0,0,0,0,0,0,2,1,6,6,1,48,8,998,1,2,FORD FIESTA,1,E01032889,0,-1
2020990925757,2020,990925757,2,9,0,18,19,6,2,0,0,1,0,0,0,0,1,1,2,2,2,33,6,1242,1,11,FORD FIESTA,-1,-1,0,-1
2020160993518,2020,160993518,1,9,0,13,13,2,6,0,0,0,0,0,0,0,1,1,6,6,2,85,11,1399,2,12,FORD FIESTA,9,E01013275,0,-1
2020420982474,2020,420982474,1,9,0,14,14,3,6,0,0,0,0,0,0,0,1,1,6,6,2,50,8,998,1,7,FORD FIESTA,8,E01021395,0,-1
2020010270194,2020,010270194,1,9,0,99,99,9,9,99,99,9,9,99,9,99,3,9,6,6,2,22,5,1084,1,3,FORD FIESTA,8,E01002207,0,-1
2020160953074,2020,160953074,2,9,0,17,19,3,7,0,0,4,0,0,0,0,1,1,6,6,1,-1,-1,998,1,5,FORD FIESTA,5,E01012767,0,-1
2020430208689,2020,430208689,2,9,0,18,19,3,7,0,0,0,0,0,0,0,2,1,2,2,2,38,7,998,1,4,FORD FIESTA,10,E01016816,0,-1
2020070418513,2020,070418513,1,9,0,2,2,2,6,0,0,0,0,0,0,0,2,1,1,1,1,-1,-1,1499,2,6,FORD FIESTA,10,E01020829,0,-1
2020450954072,2020,450954072,1,9,0,5,5,6,2,0,0,1,0,0,0,0,2,1,2,2,2,43,7,1388,1,9,FORD FIESTA,5,E01030787,0,-1
2020430285978,2020,430285978,1,9,0,9,9,6,4,0,0,5,0,0,7,11,1,1,6,6,2,63,9,998,1,3,FORD FIESTA,6,E01017928,0,-1
2020220926164,2020,220926164,1,9,0,9,9,1,8,0,0,6,0,0,0,0,1,1,2,2,2,33,6,998,1,7,FORD FIESTA,3,E01014141,0,-1
2020460992084,2020,460992084,2,9,0,3,3,1,5,0,0,0,0,0,0,0,2,1,6,6,1,22,5,998,1,1,FORD FIESTA,3,E01024309,0,-1
2020070038737,2020,070038737,1,9,0,18,19,4,8,0,0,8,1,0,0,0,1,1,2,2,1,35,6,-1,-1,-1,FORD FIESTA,4,E01012404,0,-1
2020302000864,2020,302000864,2,9,0,3,3,2,6,0,0,1,0,0,0,0,2,1,1,1,1,22,5,1242,1,8,FORD FIESTA,9,E01019416,0,-1
2020430443128,2020,430443128,1,9,0,15,15,2,6,0,0,1,0,0,0,0,1,1,6,6,2,72,10,1388,1,10,FORD FIESTA,10,E01016652,0,-1
2020110915096,2020,110915096,2,9,0,18,19,5,1,0,0,2,0,0,0,0,4,1,5,6,1,30,6,1560,2,10,FORD FIESTA,4,E01032545,0,-1
20201377I0821,2020,1377I0821,2,9,0,9,9,5,3,0,0,8,0,0,0,0,3,1,6,6,1,75,10,1499,2,4,FORD FIESTA,7,E01011181,0,-1
2020460974932,2020,460974932,2,9,0,3,3,5,1,0,0,4,0,0,0,0,2,1,6,6,2,24,5,1242,1,12,FORD FIESTA,3,E01024166,0,-1
2020610012020,2020,610012020,2,9,0,18,19,8,6,0,0,1,1,10,6,7,4,1,6,6,2,31,6,1399,2,17,FORD FIESTA,2,W01001681,0,-1
2020070615482,2020,070615482,2,9,0,14,14,4,8,0,0,0,0,0,0,0,1,1,2,2,1,20,4,1596,1,3,FORD FIESTA,-1,-1,0,-1
2020990923790,2020,990923790,1,9,0,18,19,3,7,0,0,1,0,0,0,0,1,1,5,6,1,19,4,998,1,4,FORD FIESTA,8,-1,0,-1
2020070015414,2020,070015414,2,9,0,4,4,6,2,0,0,0,0,0,0,0,2,1,6,6,2,47,8,998,1,1,FORD FIESTA,1,E01012397,0,-1
2020991002469,2020,991002469,1,9,0,18,19,8,4,0,0,1,0,0,0,0,1,1,6,6,1,42,7,998,1,5,FORD FIESTA,7,-1,0,-1
2020230961870,2020,230961870,2,9,0,18,19,5,1,0,0,8,0,0,0,0,3,1,5,6,2,59,9,999,1,0,FORD FIESTA,2,E01029429,0,-1
2020622000844,2020,622000844,1,9,0,18,19,6,2,0,0,0,0,0,0,0,1,1,6,6,2,24,5,1242,1,3,FORD FIESTA,9,W01001054,0,-1
2020990929681,2020,990929681,2,9,0,17,19,8,4,0,0,0,0,0,0,0,1,1,2,2,2,51,8,1242,1,6,FORD FIESTA,3,-1,0,-1
2020340W03782,2020,340W03782,2,9,0,2,2,0,0,0,0,0,0,0,0,0,0,1,6,6,3,-1,-1,1242,1,19,FORD FIESTA,-1,-1,0,-1
2020450973963,2020,450973963,1,9,0,16,19,1,5,0,0,0,1,0,7,3,4,1,5,6,1,45,7,1399,2,12,FORD FIESTA,8,E01030529,0,-1
2020421006286,2020,421006286,2,9,0,18,19,7,3,0,0,0,0,0,0,0,1,1,5,6,1,18,4,1399,2,12,FORD FIESTA,6,E01015671,0,-1
2020140960589,2020,140960589,1,9,0,4,4,3,7,0,0,0,0,0,0,0,2,1,5,6,1,33,6,1596,1,8,FORD FIESTA,8,E01033389,0,-1
2020302001352,2020,302001352,2,9,0,9,9,7,4,0,0,1,1,0,1,0,3,2,6,6,1,18,4,1560,2,14,FORD FIESTA,2,E01019563,0,-1
2020400984925,2020,400984925,3,9,0,18,19,2,6,0,0,2,0,0,0,0,2,1,6,6,2,24,5,1242,1,8,FORD FIESTA,4,E01017552,0,-1
2020440430124,2020,440430124,1,9,0,18,19,5,1,0,0,0,1,0,7,9,0,1,6,6,1,29,6,1388,1,17,FORD FIESTA,5,E01017282,0,-1
2020302001693,2020,302001693,4,9,0,2,2,0,0,0,0,0,0,0,0,0,2,1,6,6,3,-1,-1,1084,1,3,FORD FIESTA,-1,-1,0,-1
2020030947408,2020,030947408,2,9,0,3,3,5,1,0,0,1,0,0,0,0,2,1,1,1,2,36,7,1242,1,13,FORD FIESTA,3,E01019302,0,-1
2020070455332,2020,070455332,2,9,0,18,19,5,1,0,0,2,0,0,0,0,3,1,6,6,2,36,7,998,1,1,FORD FIESTA,9,E01018727,0,-1
2020440410819,2020,440410819,2,9,0,4,4,7,3,0,0,1,0,0,0,0,2,1,6,6,2,61,9,1242,1,10,FORD FIESTA,4,E01017263,0,-1
202031C062920,2020,31C062920,3,9,0,18,19,3,7,0,0,8,0,0,0,0,0,1,6,6,2,35,6,1388,1,17,FORD FIESTA,7,E01013975,0,-1
2020010248598,2020,010248598,2,9,0,18,19,5,1,0,0,8,0,0,0,0,1,1,6,6,2,21,5,998,1,2,FORD FIESTA,6,E01015925,0,-1
2020500959592,2020,500959592,1,9,0,5,5,3,7,0,0,0,1,0,1,0,1,1,5,6,1,54,8,1242,1,13,FORD FIESTA,2,E01018928,0,-1
2020460963443,2020,460963443,2,9,0,18,19,8,4,0,0,0,1,0,0,0,1,1,6,6,2,18,4,1242,1,11,FORD FIESTA,10,E01000834,0,-1
2020140960190,2020,140960190,1,9,0,18,19,4,8,0,0,0,0,0,0,0,1,1,2,2,2,20,4,1388,1,8,FORD FIESTA,1,E01007737,0,-1
2020460973909,2020,460973909,1,9,0,17,19,8,4,0,0,0,0,0,1,0,1,1,5,6,1,18,4,998,1,6,FORD FIESTA,8,E01024772,0,-1
2020010273142,2020,010273142,1,9,0,18,19,6,2,0,0,8,0,0,0,0,1,1,6,6,2,29,6,999,1,0,FORD FIESTA,8,E01004623,0,-1
2020421008665,2020,421008665,1,9,0,18,19,1,5,0,0,8,0,0,0,0,1,1,6,6,2,18,4,1388,1,15,FORD FIESTA,9,E01021724,0,-1
2020230970386,2020,230970386,1,9,0,9,9,1,7,0,0,0,0,0,0,0,1,1,2,2,2,19,4,1242,1,4,FORD FIESTA,8,E01031241,0,-1
2020040987498,2020,040987498,1,9,0,5,5,3,7,0,0,6,0,0,0,0,1,1,5,6,1,65,9,1084,1,2,FORD FIESTA,9,E01027619,0,-1
202006N267625,2020,06N267625,1,9,0,9,9,4,2,0,0,6,0,0,0,0,1,1,6,6,2,83,11,1388,1,16,FORD FIESTA,8,E01005056,0,-1
2020421000446,2020,421000446,1,9,0,18,19,1,5,0,0,0,0,0,0,0,1,1,5,6,1,22,5,1496,1,1,FORD FIESTA,6,E01022010,0,-1
2020430203798,2020,430203798,1,9,0,18,19,1,5,0,0,2,2,10,8,11,1,1,6,6,1,19,4,1596,1,5,FORD FIESTA,10,E01016606,0,-1
2020420941146,2020,420941146,1,9,0,18,19,8,3,0,0,2,0,0,0,0,1,1,5,6,1,22,5,1242,1,13,FORD FIESTA,8,E01015836,0,-1
20201377L1683,2020,1377L1683,1,9,0,4,4,8,4,0,0,0,0,0,0,0,2,1,6,6,2,73,10,1388,1,11,FORD FIESTA,3,E01010615,0,-1
2020160980613,2020,160980613,1,9,0,18,19,1,5,0,0,1,0,0,0,0,1,1,6,6,3,-1,-1,998,1,5,FORD FIESTA,-1,-1,0,-1
2020460976782,2020,460976782,1,9,0,18,19,3,7,0,0,0,0,0,7,0,1,1,5,6,1,31,6,1242,1,8,FORD FIESTA,5,E01024639,0,-1
2020052001254,2020,052001254,3,9,0,18,19,5,1,0,0,1,0,0,0,0,1,1,6,6,2,19,4,1242,1,4,FORD FIESTA,1,E01006440,0,-1
2020520002110,2020,520002110,1,9,0,7,7,1,3,0,0,8,0,0,0,0,2,1,6,6,2,72,10,1388,1,12,FORD FIESTA,7,E01029120,0,-1
2020400960538,2020,400960538,2,9,0,3,3,1,7,0,0,0,0,0,0,0,1,1,5,6,1,22,5,1388,1,15,FORD FIESTA,10,E01023607,0,-1
2020230941263,2020,230941263,1,9,0,1,1,5,1,0,0,8,0,0,0,0,2,1,5,6,2,54,8,998,1,4,FORD FIESTA,9,E01031315,0,-1
2020360977455,2020,360977455,1,9,0,17,19,3,7,0,0,0,1,0,1,4,1,1,5,6,1,18,4,1596,1,11,FORD FIESTA,9,E01001521,0,-1
2020010284934,2020,010284934,2,9,0,99,99,9,9,99,99,9,9,99,9,99,9,9,6,6,3,-1,-1,1388,1,13,FORD FIESTA,-1,-1,0,-1
2020991008066,2020,991008066,3,9,0,4,4,1,5,0,0,0,0,0,0,0,2,1,6,6,1,28,6,1388,1,13,FORD FIESTA,-1,-1,0,-1
2020140928375,2020,140928375,2,9,0,17,19,3,8,0,0,0,0,0,0,0,1,1,5,6,1,42,7,1496,1,1,FORD FIESTA,9,E01005738,0,-1
2020040970918,2020,040970918,2,9,0,2,2,0,0,0,0,0,0,0,0,0,2,1,6,6,3,-1,-1,1596,1,11,FORD FIESTA,-1,-1,0,-1
2020361019088,2020,361019088,1,9,0,18,19,1,5,0,0,0,0,0,0,0,1,1,5,6,1,18,4,1388,1,9,FORD FIESTA,9,E01026552,0,-1
2020200996715,2020,200996715,2,9,0,18,19,8,4,0,0,8,0,0,0,0,1,1,1,1,2,40,7,1388,1,9,FORD FIESTA,2,E01033641,0,-1
2020430122381,2020,430122381,2,9,0,18,19,1,5,0,0,8,0,0,0,0,1,1,6,6,2,78,11,1242,1,9,FORD FIESTA,10,E01016676,0,-1
2020010262467,2020,010262467,2,9,0,18,19,1,5,0,0,0,0,0,0,0,1,1,6,6,2,71,10,1596,1,3,FORD FIESTA,8,E01002378,0,-1
2020401004133,2020,401004133,1,9,0,18,19,3,7,0,0,0,0,0,0,0,1,1,5,6,1,18,4,998,1,3,FORD FIESTA,10,E01017442,0,-1
2020450957139,2020,450957139,1,9,0,18,19,3,7,0,0,1,1,0,0,0,1,2,5,6,1,19,4,1242,1,13,FORD FIESTA,8,E01030580,0,-1
2020990940050,2020,990940050,1,9,0,18,19,8,3,0,0,0,0,0,0,0,1,1,5,6,1,47,8,1242,1,14,FORD FIESTA,-1,-1,0,-1
2020420950353,2020,420950353,1,9,0,16,19,5,7,0,0,0,0,0,0,0,3,1,6,6,1,53,8,-1,-1,-1,FORD FIESTA,5,E01021550,0,-1
2020522003906,2020,522003906,1,9,0,18,19,6,2,0,0,0,0,0,5,6,1,1,6,6,1,33,6,1596,1,11,FORD FIESTA,7,E01014494,0,-1
2020410938330,2020,410938330,2,9,0,18,19,6,2,0,0,0,0,0,0,0,3,1,5,6,1,45,7,998,1,4,FORD FIESTA,10,E01023881,0,-1
2020470990010,2020,470990010,2,9,0,18,19,6,3,0,0,0,0,0,0,0,1,1,2,2,1,23,5,1388,1,12,FORD FIESTA,3,E01002526,0,-1
2020010241349,2020,010241349,3,9,0,2,2,0,0,0,0,0,0,0,0,0,4,1,6,6,3,-1,-1,1560,2,13,FORD FIESTA,-1,-1,0,-1
2020221005208,2020,221005208,2,9,0,16,19,2,6,0,0,0,0,0,0,0,1,1,5,6,2,51,8,1399,2,8,FORD FIESTA,9,W01000403,0,-1
2020010239744,2020,010239744,1,9,0,10,10,5,2,0,0,1,0,0,0,0,1,1,6,6,1,62,9,998,1,2,FORD FIESTA,8,E01002949,0,-1
2020010230458,2020,010230458,1,9,0,99,99,9,9,99,99,9,9,99,9,99,2,9,6,6,2,37,7,998,1,3,FORD FIESTA,3,E01004355,0,-1
2020460982731,2020,460982731,1,9,0,9,9,5,2,0,0,1,5,0,8,4,1,1,6,6,1,39,7,1388,1,13,FORD FIESTA,7,E01024380,0,-1
2020990929681,2020,990929681,1,9,0,16,19,4,8,0,0,0,1,0,0,0,1,1,5,6,1,22,5,1596,1,4,FORD FIESTA,1,-1,0,-1
2020122001315,2020,122001315,1,9,0,16,19,6,2,0,0,0,0,0,7,4,1,1,6,6,1,19,4,998,1,2,FORD FIESTA,7,E01010644,0,-1
202063C084620,2020,63C084620,4,9,0,18,19,3,7,0,0,1,0,0,0,0,1,1,6,6,2,55,8,1499,2,5,FORD FIESTA,7,W01000564,0,-1
2020010255879,2020,010255879,2,9,0,3,3,3,7,0,0,1,0,0,0,0,2,1,6,6,2,48,8,998,1,7,FORD FIESTA,4,E01002779,0,-1
202006K278817,2020,06K278817,3,9,0,2,2,0,0,9,9,2,0,0,0,0,3,1,6,6,2,53,8,1242,1,6,FORD FIESTA,5,E01004779,0,-1
2020520101153,2020,520101153,2,9,0,18,19,2,6,0,0,0,0,0,0,0,3,1,6,6,1,39,7,1242,1,10,FORD FIESTA,2,E01029098,0,-1
2020010233525,2020,010233525,1,9,9,99,99,9,9,99,99,0,9,99,9,99,9,9,6,6,1,23,5,1399,2,9,FORD FIESTA,1,E01004449,0,-1
2020360954247,2020,360954247,1,9,0,7,7,2,4,0,0,1,0,0,0,0,1,1,5,6,2,24,5,1242,1,10,FORD FIESTA,8,E01026714,0,-1
2020140964237,2020,140964237,1,9,0,18,19,8,3,0,0,0,0,0,0,0,4,1,5,6,1,29,6,1388,1,15,FORD FIESTA,1,E01007466,0,-1
2020470933343,2020,470933343,1,9,0,16,19,4,7,0,0,0,0,0,0,0,1,1,3,7,2,40,7,1242,1,17,FORD FIESTA,7,E01031626,0,-1
2020010246349,2020,010246349,1,9,0,99,99,9,9,99,99,9,9,99,9,99,3,9,6,6,2,51,8,1388,1,8,FORD FIESTA,2,E01001485,0,-1
2020137821390,2020,137821390,2,9,0,3,3,1,5,0,0,0,0,0,0,0,2,1,6,6,2,34,6,1388,1,9,FORD FIESTA,2,E01003619,0,-1
202063D017220,2020,63D017220,1,9,0,18,19,1,5,0,0,0,0,0,0,0,1,1,6,6,2,23,5,1242,1,7,FORD FIESTA,2,E01005978,0,-1
202031A158920,2020,31A158920,2,9,0,18,19,1,5,0,0,8,0,0,0,0,3,1,6,6,2,39,7,1388,1,11,FORD FIESTA,2,E01028279,0,-1
202031D161820,2020,31D161820,2,9,0,18,19,7,3,0,0,0,0,0,0,0,1,1,6,6,1,32,6,-1,-1,-1,FORD FIESTA,6,E01026331,0,-1
2020420921469,2020,420921469,1,9,0,18,19,7,3,0,0,1,0,0,0,0,1,1,6,6,2,40,7,1596,1,6,FORD FIESTA,7,E01021330,0,-1
2020622000312,2020,622000312,2,9,0,18,19,6,2,0,0,8,0,0,0,0,4,1,2,2,2,34,6,1242,1,12,FORD FIESTA,4,W01001218,0,-1
2020052001095,2020,052001095,1,9,0,18,19,2,6,0,0,8,0,0,0,0,1,1,6,6,1,27,6,1242,1,14,FORD FIESTA,1,E01018520,0,-1
2020450985861,2020,450985861,1,9,0,9,9,3,7,0,0,6,0,0,0,0,1,1,5,6,2,32,6,1499,2,5,FORD FIESTA,5,E01030980,0,-1
2020991008254,2020,991008254,3,9,0,18,19,1,5,0,0,8,0,0,1,11,3,1,6,6,2,27,6,1242,1,6,FORD FIESTA,6,-1,0,-1
2020010268873,2020,010268873,1,9,0,5,5,5,1,0,0,0,0,0,0,0,1,1,6,6,2,33,6,1242,1,8,FORD FIESTA,3,E01001190,0,-1
2020440452949,2020,440452949,2,9,0,4,4,5,1,0,0,0,0,0,0,0,2,1,6,6,2,42,7,1242,1,8,FORD FIESTA,8,E01023078,0,-1
2020522003977,2020,522003977,2,9,0,7,7,3,1,0,0,6,0,0,0,0,1,1,6,6,1,67,10,1388,1,8,FORD FIESTA,10,E01014822,0,-1
2020420954050,2020,420954050,2,9,0,16,19,5,8,0,0,8,0,0,0,0,2,1,6,6,1,55,8,1388,1,13,FORD FIESTA,6,E01021448,0,-1
2020440418181,2020,440418181,1,9,0,17,19,5,8,0,0,8,0,0,1,11,1,1,2,2,1,31,6,1560,2,9,FORD FIESTA,5,E01023151,0,-1
2020460955627,2020,460955627,2,9,0,18,19,5,1,0,0,1,1,0,0,0,4,1,5,6,1,18,4,1560,2,9,FORD FIESTA,9,E01024268,0,-1
2020471001133,2020,471001133,1,9,0,18,19,5,1,0,0,0,0,0,0,0,3,1,6,6,1,-1,-1,998,1,1,FORD FIESTA,-1,-1,0,-1
2020201009537,2020,201009537,1,9,0,4,4,6,2,0,0,1,0,0,0,0,1,1,6,6,2,-1,-1,1399,2,11,FORD FIESTA,-1,-1,0,-1
2020010250178,2020,010250178,1,9,0,9,9,5,2,0,0,5,0,0,0,0,4,1,6,6,2,25,5,1388,1,14,FORD FIESTA,5,E01003222,0,-1
2020221009038,2020,221009038,2,9,0,17,19,4,1,0,0,2,0,0,0,0,3,1,5,6,1,25,5,998,1,4,FORD FIESTA,8,E01014179,0,-1
2020500998573,2020,500998573,1,9,0,16,19,1,5,0,0,0,5,0,1,10,1,1,5,6,2,22,5,1388,1,8,FORD FIESTA,1,E01019041,0,-1
2020420951409,2020,420951409,1,9,0,18,19,7,3,0,0,4,0,0,0,0,1,1,1,1,2,19,4,1242,1,12,FORD FIESTA,4,E01021265,0,-1
2020522100844,2020,522100844,1,9,0,18,19,5,1,0,0,0,5,0,1,0,1,1,6,6,1,19,4,1560,2,14,FORD FIESTA,9,E01014421,0,-1
2020140938942,2020,140938942,3,9,0,18,19,5,1,0,0,1,0,0,0,0,1,1,5,6,2,50,8,1399,2,8,FORD FIESTA,6,E01007456,0,-1
2020010244538,2020,010244538,1,9,0,99,99,9,9,99,99,9,9,99,9,99,2,9,6,6,2,26,6,998,1,3,FORD FIESTA,2,E01003288,0,-1
2020320123949,2020,320123949,2,9,0,18,19,5,1,0,0,0,0,0,0,0,1,1,6,6,1,51,8,1388,1,17,FORD FIESTA,5,E01030210,0,-1
2020520004484,2020,520004484,1,9,0,18,19,5,1,0,0,0,0,0,0,0,2,1,6,6,1,37,7,1242,1,16,FORD FIESTA,6,E01029266,0,-1
202006J176842,2020,06J176842,1,9,0,18,19,1,5,0,0,0,0,0,0,0,1,1,6,6,2,30,6,1242,1,15,FORD FIESTA,-1,-1,0,-1
2020041010315,2020,041010315,1,9,0,18,19,1,5,0,0,0,1,0,0,0,1,1,5,6,1,33,6,1388,1,11,FORD FIESTA,3,E01005312,0,-1
2020520004250,2020,520004250,2,9,0,4,4,7,3,0,0,4,0,0,0,0,1,1,6,6,1,30,6,998,1,3,FORD FIESTA,-1,-1,0,-1
202006N173226,2020,06N173226,1,9,0,18,19,5,1,0,0,6,0,0,0,0,1,1,6,6,1,59,9,998,1,2,FORD FIESTA,3,E01005893,0,-1
2020140948067,2020,140948067,2,9,0,8,8,2,5,0,0,1,0,0,0,0,1,1,6,6,2,36,7,1242,1,10,FORD FIESTA,1,E01008012,0,-1
2020137BE1859,2020,137BE1859,1,9,0,18,19,1,5,0,0,8,0,0,0,0,1,1,1,1,1,46,8,998,1,7,FORD FIESTA,8,E01027801,0,-1
2020470971038,2020,470971038,1,9,0,18,19,5,1,0,0,2,0,0,7,11,1,1,5,6,1,80,11,1399,2,11,FORD FIESTA,2,E01031790,0,-1
2020010260144,2020,010260144,2,9,9,99,99,9,9,99,99,9,9,99,9,99,1,9,6,6,1,-1,-1,1242,1,12,FORD FIESTA,5,E01000383,0,-1
2020450941308,2020,450941308,1,9,0,18,19,2,6,0,0,8,0,0,0,0,1,1,5,6,2,72,10,1242,1,14,FORD FIESTA,10,E01030499,0,-1
2020010267704,2020,010267704,1,9,0,18,19,1,5,0,0,0,0,0,0,0,1,1,6,6,1,41,7,1388,1,14,FORD FIESTA,-1,-1,0,-1
2020010260843,2020,010260843,1,9,0,16,19,5,1,0,0,8,0,0,0,0,1,1,6,6,1,28,6,1388,1,13,FORD FIESTA,1,E01003511,0,-1
2020470958073,2020,470958073,1,9,0,5,5,6,2,0,0,0,0,0,0,0,4,1,6,6,2,21,5,998,1,4,FORD FIESTA,6,E01021133,0,-1