collision_index,collision_year,collision_ref_no,vehicle_reference,vehicle_type,towing_and_articulation,vehicle_manoeuvre_historic,vehicle_manoeuvre,vehicle_direction_from,vehicle_direction_to,vehicle_location_restricted_lane_historic,vehicle_location_restricted_lane,junction_location,skidding_and_overturning,hit_object_in_carriageway,vehicle_leaving_carriageway,hit_object_off_carriageway,first_point_of_impact,vehicle_left_hand_drive,journey_purpose_of_driver_historic,journey_purpose_of_driver,sex_of_driver,age_of_driver,age_band_of_driver,engine_capacity_cc,propulsion_code,age_of_vehicle,generic_make_model,driver_imd_decile,lsoa_of_driver,escooter_flag,driver_distance_banding
2020302000636,2020,302000636,2,9,0,5,5,3,7,0,0,1,0,0,0,0,2,2,6,6,2,28,6,1560,2,13,FORD FIESTA,7,E01019435,0,-1
2020010229280,2020,010229280,1,9,0,99,99,9,9,99,99,9,9,99,9,99,3,9,6,6,1,41,7,1560,2,9,FORD FIESTA,8,E01021514,0,-1
2020522102015,2020,522102015,2,9,0,18,19,3,7,0,0,0,0,0,0,0,3,1,6,6,2,20,4,998,1,3,FORD FIESTA,10,E01014873,0,-1
2020350928460,2020,350928460,1,9,0,18,19,1,5,0,0,0,0,0,7,9,1,1,5,6,1,17,4,1242,1,10,FORD FIESTA,8,E01018132,0,-1
2020471000930,2020,471000930,1,9,0,9,9,3,1,0,0,1,0,0,0,0,1,1,6,6,3,-1,-1,1388,1,22,FORD FIESTA,-1,-1,0,-1
2020470982565,2020,470982565,1,9,0,18,19,6,2,0,0,0,0,11,0,0,1,1,5,6,1,21,5,1596,1,6,FORD FIESTA,8,E01021141,0,-1
2020450988672,2020,450988672,2,9,0,18,19,7,3,0,0,0,0,0,0,0,1,1,5,6,2,78,11,998,1,5,FORD FIESTA,9,E01017558,0,-1
2020320281719,2020,320281719,1,9,0,18,19,3,6,0,0,1,0,0,0,0,4,1,6,6,2,20,4,998,1,7,FORD FIESTA,5,E01026100,0,-1
2020340C05242,2020,340C05242,1,9,0,18,19,1,5,0,0,2,0,0,0,0,1,1,6,6,2,32,6,1242,1,9,FORD FIESTA,2,E01026951,0,-1
2020200946530,2020,200946530,2,9,0,18,19,4,8,0,0,0,0,0,0,0,1,1,1,1,2,61,9,998,1,6,FORD FIESTA,1,E01010031,0,-1
2020010278936,2020,010278936,2,9,0,99,99,9,9,99,99,9,9,99,9,99,3,9,6,6,1,54,8,1388,1,9,FORD FIESTA,3,E01000092,0,-1
2020140920430,2020,140920430,2,9,0,9,9,7,5,0,0,6,0,0,0,0,1,1,6,6,1,48,8,1399,2,11,FORD FIESTA,7,E01007399,0,-1
2020552000268,2020,552000268,1,9,0,18,19,7,3,0,0,0,1,0,0,0,1,1,2,2,1,18,4,1242,1,13,FORD FIESTA,5,E01020472,0,-1
2020010234247,2020,010234247,2,9,0,5,5,1,5,0,0,1,0,4,0,0,2,1,6,6,1,23,5,1388,1,13,FORD FIESTA,3,E01000058,0,-1
2020440286567,2020,440286567,3,9,0,18,19,2,6,0,0,0,1,0,0,0,1,1,6,6,1,19,4,1388,1,13,FORD FIESTA,2,E01022913,0,-1
2020470984643,2020,470984643,1,9,0,18,19,3,7,0,0,0,1,0,8,4,1,1,6,6,1,21,5,1560,2,14,FORD FIESTA,9,E01021190,0,-1
2020360975426,2020,360975426,2,9,0,18,19,7,3,0,0,0,0,0,0,0,1,1,6,6,1,65,9,1399,2,17,FORD FIESTA,1,E01033112,0,-1
2020010246685,2020,010246685,2,9,0,3,3,1,5,0,0,1,0,0,0,0,2,1,2,2,1,27,6,998,1,2,FORD FIESTA,2,E01000154,0,-1
2020420989632,2020,420989632,1,9,0,16,19,4,7,0,0,0,2,0,7,3,1,1,6,6,1,21,5,1596,1,15,FORD FIESTA,6,E01021875,0,-1
2020052001944,2020,052001944,2,9,0,3,3,4,8,0,0,4,0,0,0,0,2,1,6,6,1,87,11,998,1,1,FORD FIESTA,7,E01006666,0,-1
2020500930124,2020,500930124,1,9,0,7,7,3,5,0,0,0,0,0,0,0,3,1,5,6,1,18,4,1242,1,19,FORD FIESTA,3,E01018769,0,-1
2020110985566,2020,110985566,1,9,0,18,19,1,5,0,0,1,0,0,0,0,1,1,6,6,1,18,4,1242,1,11,FORD FIESTA,6,E01012317,0,-1
2020610048820,2020,610048820,1,9,0,18,19,1,5,0,0,0,1,7,0,11,1,1,6,6,1,20,4,1242,1,12,FORD FIESTA,4,W01001522,0,-1
2020200987621,2020,200987621,2,9,0,18,19,-1,-1,0,0,4,0,0,0,0,2,1,6,6,1,28,6,998,1,4,FORD FIESTA,2,E01013646,0,-1
2020010274888,2020,010274888,1,9,0,18,19,7,3,0,0,0,0,10,2,1,2,1,6,6,1,30,6,998,1,1,FORD FIESTA,-1,-1,0,-1
2020371027390,2020,371027390,1,9,0,18,19,7,3,0,0,0,2,0,1,0,1,1,5,6,1,24,5,1388,1,17,FORD FIESTA,8,E01030047,0,-1
2020302001374,2020,302001374,1,9,0,18,19,7,3,0,0,0,1,0,7,7,1,1,6,6,1,28,6,1999,1,13,FORD FIESTA,4,E01019724,0,-1
2020070282183,2020,070282183,2,9,0,9,9,6,2,0,0,0,0,0,0,0,2,1,6,6,1,29,6,998,1,1,FORD FIESTA,6,E01014292,0,-1
2020420923323,2020,420923323,1,9,0,18,19,7,3,0,0,0,0,0,0,0,1,1,5,6,1,18,4,1388,1,10,FORD FIESTA,8,E01021254,0,-1
2020430154523,2020,430154523,1,9,0,18,19,5,1,0,0,0,0,0,0,0,2,1,6,6,2,53,8,1499,2,6,FORD FIESTA,7,E01017828,0,-1
2020041006083,2020,041006083,2,9,0,18,19,1,5,0,0,8,0,0,0,0,1,1,5,6,1,31,6,998,1,5,FORD FIESTA,7,E01025487,0,-1
2020302001173,2020,302001173,2,9,0,18,19,3,7,0,0,0,0,0,0,0,2,1,6,6,1,20,4,1242,1,7,FORD FIESTA,8,E01018721,0,-1
2020460968069,2020,460968069,4,9,0,3,3,6,2,0,0,0,0,0,0,0,2,1,6,6,2,41,7,1242,1,14,FORD FIESTA,3,E01024559,0,-1
2020548669220,2020,548669220,2,9,0,3,3,5,1,0,0,0,0,0,0,0,2,1,1,1,2,25,5,1242,1,12,FORD FIESTA,5,E01032066,0,-1
2020460933705,2020,460933705,1,9,0,18,19,1,5,0,0,0,0,0,0,0,1,1,6,6,1,19,4,1242,1,15,FORD FIESTA,4,E01024382,0,-1
2020320094930,2020,320094930,1,9,0,9,9,1,7,0,0,2,0,0,0,0,1,1,6,6,1,76,11,1596,1,10,FORD FIESTA,2,E01026094,0,-1
2020430256121,2020,430256121,2,9,0,18,19,8,4,0,0,0,0,0,0,0,1,1,6,6,2,-1,-1,998,1,3,FORD FIESTA,-1,-1,0,-1
2020552000702,2020,552000702,2,9,0,5,5,7,3,0,0,6,0,0,0,0,1,1,6,6,2,52,8,998,1,3,FORD FIESTA,10,E01020463,0,-1
2020420934223,2020,420934223,2,9,0,18,19,7,3,0,0,8,1,0,0,0,1,1,6,6,2,32,6,1388,1,11,FORD FIESTA,9,E01021925,0,-1
2020460991291,2020,460991291,1,9,0,18,19,7,3,0,0,1,0,0,1,4,1,1,5,6,2,31,6,1388,1,14,FORD FIESTA,8,E01024261,0,-1
2020200968502,2020,200968502,1,9,0,18,19,6,2,0,0,0,0,0,0,0,1,1,6,6,2,41,7,1560,2,11,FORD FIESTA,2,E01009100,0,-1
2020460991761,2020,460991761,1,9,0,18,19,3,7,0,0,0,0,0,0,0,1,1,6,6,1,48,8,1242,1,5,FORD FIESTA,1,E01016049,0,-1
2020430294807,2020,430294807,2,9,0,18,19,4,8,0,0,0,0,0,0,0,1,1,6,6,1,19,4,1388,1,17,FORD FIESTA,8,E01017753,0,-1
2020052001776,2020,052001776,1,9,0,9,9,6,7,0,0,1,0,0,0,0,1,1,6,6,2,22,5,1388,1,16,FORD FIESTA,1,E01006661,0,-1
2020350993342,2020,350993342,1,9,0,18,19,5,1,0,0,0,5,0,1,9,1,1,2,2,1,20,4,1242,1,13,FORD FIESTA,5,E01018135,0,-1
2020110938621,2020,110938621,2,9,0,18,19,2,6,0,0,1,0,0,0,0,4,1,2,2,1,55,8,-1,-1,-1,FORD FIESTA,3,E01033198,0,-1
2020010242372,2020,010242372,2,9,0,18,19,3,7,0,0,1,0,0,0,0,3,1,6,6,2,39,7,998,1,2,FORD FIESTA,1,E01004214,0,-1
2020340N03442,2020,340N03442,1,9,0,12,12,5,1,0,0,0,5,0,0,7,2,1,1,1,1,36,7,998,1,0,FORD FIESTA,5,E01027232,0,-1
2020360988487,2020,360988487,1,9,0,18,19,8,4,0,0,0,0,0,0,0,1,1,5,6,1,19,4,1242,1,13,FORD FIESTA,8,E01026577,0,-1
2020420917549,2020,420917549,2,9,0,4,4,6,2,0,0,0,0,0,0,0,2,1,6,6,2,19,4,1242,1,11,FORD FIESTA,2,E01024616,0,-1
202063C000920,2020,63C000920,1,9,0,9,9,3,1,0,0,6,0,0,0,0,3,1,6,6,2,72,10,1388,1,9,FORD FIESTA,9,W01000611,0,-1
2020052001647,2020,052001647,1,9,0,18,19,1,5,0,0,0,0,0,0,0,1,1,6,6,1,19,4,1242,1,8,FORD FIESTA,5,E01006473,0,-1
2020010254996,2020,010254996,1,9,0,9,9,5,2,0,0,1,0,0,0,0,3,1,6,6,1,44,7,998,1,6,FORD FIESTA,3,E01004336,0,-1
2020040927244,2020,040927244,1,9,0,9,9,6,4,0,0,2,0,0,0,0,1,1,5,6,1,18,4,1242,1,6,FORD FIESTA,8,E01025302,0,-1
2020220993552,2020,220993552,1,9,0,17,19,1,6,0,0,0,5,0,2,11,1,1,5,6,1,18,4,998,1,6,FORD FIESTA,2,E01022238,0,-1
2020110927234,2020,110927234,1,9,0,7,7,5,1,0,0,0,0,0,7,2,1,1,6,6,1,20,4,998,1,2,FORD FIESTA,9,E01020813,0,-1
2020450954072,2020,450954072,2,9,0,18,19,6,2,0,0,1,0,0,0,0,1,1,5,6,2,27,6,998,1,3,FORD FIESTA,5,E01030787,0,-1
2020410927745,2020,410927745,2,9,0,18,19,4,8,0,0,0,1,0,0,0,2,1,1,1,1,46,8,-1,-1,-1,FORD FIESTA,7,E01023328,0,-1
2020101005488,2020,101005488,1,9,0,16,19,1,5,0,0,0,1,0,2,0,1,1,5,6,1,20,4,1242,1,10,FORD FIESTA,3,E01027359,0,-1
2020010274050,2020,010274050,1,9,0,18,19,3,7,0,0,8,0,0,0,0,3,1,3,7,2,37,7,1388,1,11,FORD FIESTA,1,E01002039,0,-1
2020440364768,2020,440364768,2,9,0,18,19,2,6,0,0,0,0,0,0,0,1,1,6,6,1,65,9,-1,-1,-1,FORD FIESTA,8,E01022889,0,-1
2020421005843,2020,421005843,1,9,0,9,9,5,3,0,0,1,0,0,0,0,1,1,6,6,1,84,11,1388,1,8,FORD FIESTA,5,E01022009,0,-1
2020410969058,2020,410969058,3,9,0,4,4,5,1,0,0,0,0,0,0,0,2,1,6,6,1,32,6,1242,1,11,FORD FIESTA,4,E01003530,0,-1
2020010247257,2020,010247257,2,9,0,99,99,9,9,99,99,9,9,99,9,99,1,9,6,6,3,-1,-1,1242,1,13,FORD FIESTA,8,E01018099,0,-1
202006F175024,2020,06F175024,1,9,0,9,9,3,1,0,0,8,0,0,0,0,1,1,6,6,1,22,5,998,1,5,FORD FIESTA,2,E01004906,0,-1
2020140940604,2020,140940604,2,9,0,18,19,6,2,0,0,0,0,0,1,11,1,1,5,6,2,77,11,998,1,5,FORD FIESTA,6,E01007565,0,-1
2020170S10650,2020,170S10650,3,9,0,4,4,5,1,0,0,0,0,0,0,0,2,1,2,2,1,25,5,1242,1,17,FORD FIESTA,7,E01012047,0,-1
2020140973453,2020,140973453,2,9,0,18,19,4,8,0,0,0,0,0,0,0,1,1,1,1,1,21,5,1242,1,13,FORD FIESTA,9,E01007428,0,-1
2020410966251,2020,410966251,1,9,0,5,5,3,7,0,0,4,0,0,0,0,2,1,5,6,2,40,7,1388,1,9,FORD FIESTA,6,E01023317,0,-1
2020430021959,2020,430021959,2,9,0,18,19,8,4,0,0,8,0,0,0,0,1,1,6,6,1,73,10,1560,2,10,FORD FIESTA,10,E01017939,0,-1
2020302000289,2020,302000289,2,9,0,18,19,5,1,0,0,0,0,0,0,0,3,1,6,6,1,70,10,998,1,2,FORD FIESTA,8,E01019366,0,-1
2020420960157,2020,420960157,2,9,0,18,19,1,5,0,0,0,0,0,0,0,1,1,5,6,1,25,5,998,1,5,FORD FIESTA,7,E01021439,0,-1
202031A160920,2020,31A160920,2,9,0,2,2,0,0,0,0,0,0,0,0,0,4,1,6,6,3,-1,-1,1242,1,20,FORD FIESTA,-1,-1,0,-1
2020420959987,2020,420959987,2,9,0,18,19,8,4,0,0,1,0,0,0,0,1,1,6,6,2,20,4,1084,1,2,FORD FIESTA,1,E01015887,0,-1
2020070411102,2020,070411102,1,9,0,1,1,8,4,0,0,0,0,0,0,0,2,1,6,6,2,35,6,1388,1,9,FORD FIESTA,9,E01012386,0,-1
2020200991589,2020,200991589,2,9,0,9,9,1,7,0,0,0,0,0,0,0,3,1,5,6,2,73,10,1388,1,12,FORD FIESTA,2,E01009088,0,-1
2020991008690,2020,991008690,2,9,0,3,3,4,8,0,0,1,0,0,0,0,2,1,5,6,2,31,6,1242,1,12,FORD FIESTA,-1,-1,0,-1
2020370988980,2020,370988980,3,9,0,18,19,7,3,0,0,0,0,0,0,0,1,1,1,1,1,23,5,1560,2,7,FORD FIESTA,10,E01030070,0,-1
2020420928456,2020,420928456,2,9,0,18,19,1,5,0,0,8,0,0,0,0,1,1,6,6,1,30,6,1560,2,12,FORD FIESTA,-1,-1,0,-1
2020440498554,2020,440498554,1,19,0,18,19,6,2,0,0,8,0,0,0,0,1,1,1,1,1,54,8,1560,2,6,FORD FIESTA,8,E01023245,0,-1
2020170L21120,2020,170L21120,1,9,0,18,19,2,7,0,0,3,0,0,0,0,3,1,6,6,2,32,6,998,1,7,FORD FIESTA,8,E01012156,0,-1
2020010249945,2020,010249945,2,9,0,99,99,9,9,99,99,9,9,99,9,99,2,9,6,6,1,33,6,1388,1,14,FORD FIESTA,6,E01003957,0,-1
2020320597543,2020,320597543,1,9,0,4,4,8,4,0,0,1,1,0,3,9,1,1,2,2,2,37,7,1242,1,14,FORD FIESTA,4,E01026207,0,-1
2020990947838,2020,990947838,1,9,0,18,19,3,7,0,0,8,0,0,0,0,1,1,6,6,1,37,7,1596,1,8,FORD FIESTA,2,-1,0,-1
2020140953630,2020,140953630,3,9,0,4,4,3,7,0,0,0,0,0,0,0,2,1,2,2,2,54,8,998,1,2,FORD FIESTA,8,E01007502,0,-1
2020990952358,2020,990952358,1,9,0,5,5,4,7,0,0,4,0,0,0,0,1,1,1,1,2,28,6,998,1,5,FORD FIESTA,3,-1,0,-1
2020990917959,2020,990917959,1,9,0,18,19,5,1,0,0,0,0,0,0,0,1,1,5,6,2,68,10,998,1,2,FORD FIESTA,-1,-1,0,-1
2020470992345,2020,470992345,2,9,0,18,19,5,1,0,0,1,1,0,7,4,1,1,2,2,1,21,5,1242,1,8,FORD FIESTA,3,E01024548,0,-1
2020302000736,2020,302000736,2,9,0,18,19,2,6,0,0,1,0,0,0,0,1,1,6,6,1,26,6,998,1,1,FORD FIESTA,7,E01019746,0,-1
2020230955610,2020,230955610,1,9,0,7,7,3,6,0,0,6,0,0,0,0,4,1,1,1,1,57,9,998,1,1,FORD FIESTA,2,E01009592,0,-1
2020302001625,2020,302001625,1,9,0,18,19,4,8,0,0,4,0,9,1,4,1,1,2,2,1,22,5,998,1,2,FORD FIESTA,2,E01033172,0,-1
2020420941745,2020,420941745,1,9,0,18,19,4,8,0,0,1,0,0,0,0,1,1,6,6,2,24,5,998,1,7,FORD FIESTA,10,E01021941,0,-1
2020220916521,2020,220916521,2,9,0,18,19,8,4,0,0,8,5,0,1,10,3,1,5,6,2,40,7,998,1,6,FORD FIESTA,4,E01028838,0,-1
2020440424440,2020,440424440,1,9,0,16,19,5,8,0,0,0,0,0,8,10,3,1,1,1,2,20,4,998,1,3,FORD FIESTA,6,E01031533,0,-1
2020200947347,2020,200947347,1,9,0,3,3,8,4,0,0,2,0,0,0,0,1,1,6,6,1,27,6,998,1,0,FORD FIESTA,3,E01009255,0,-1
2020140915837,2020,140915837,2,9,0,18,19,3,8,1,1,1,0,0,0,0,1,1,1,1,2,38,7,998,1,6,FORD FIESTA,9,E01019805,0,-1
2020122000294,2020,122000294,1,9,0,18,19,4,8,0,0,2,0,0,0,0,4,1,6,6,2,24,5,1084,1,2,FORD FIESTA,3,E01013366,0,-1
202006K274081,2020,06K274081,1,9,0,11,11,5,1,0,0,1,0,0,0,0,1,1,6,6,3,-1,-1,1242,1,12,FORD FIESTA,-1,-1,0,-1
2020460979203,2020,460979203,2,9,0,18,19,4,8,0,0,8,0,0,0,0,1,1,5,6,2,49,8,998,1,5,FORD FIESTA,7,E01032811,0,-1
2020100932961,2020,100932961,2,9,0,18,19,3,7,0,0,4,0,0,0,0,3,1,5,6,2,56,9,1242,1,17,FORD FIESTA,1,E01008738,0,-1
20201371N2096,2020,1371N2096,2,9,0,18,19,2,6,0,0,0,0,0,0,0,0,1,6,6,1,20,4,998,1,3,FORD FIESTA,8,E01011769,0,-1
2020500957337,2020,500957337,2,9,0,18,19,1,5,0,0,8,0,0,0,0,1,1,5,6,1,18,4,1242,1,15,FORD FIESTA,1,E01015080,0,-1
2020200933172,2020,200933172,2,9,0,8,8,1,3,0,0,1,0,0,0,0,2,1,6,6,2,70,10,1242,1,13,FORD FIESTA,1,E01009996,0,-1
20201371H0326,2020,1371H0326,1,9,0,9,9,1,5,0,0,0,0,0,0,0,1,1,6,6,2,58,9,1596,1,14,FORD FIESTA,1,E01011673,0,-1
2020420986617,2020,420986617,1,9,0,18,19,3,7,0,0,8,0,0,0,0,1,1,3,7,1,52,8,1242,1,8,FORD FIESTA,10,E01015910,0,-1
2020010277258,2020,010277258,3,9,0,3,3,5,1,0,0,0,0,0,0,0,1,1,6,6,1,-1,-1,1388,1,9,FORD FIESTA,3,E01001311,0,-1
2020421002365,2020,421002365,1,9,0,17,19,4,1,0,0,0,1,0,1,4,3,1,6,6,1,21,5,1242,1,12,FORD FIESTA,8,E01021405,0,-1
2020302001470,2020,302001470,1,9,0,9,9,6,2,0,0,1,0,0,0,0,1,1,6,6,1,20,4,998,1,5,FORD FIESTA,3,E01019858,0,-1
2020211027393,2020,211027393,2,9,0,4,4,1,5,0,0,0,0,0,0,0,2,1,6,6,2,73,10,1242,1,15,FORD FIESTA,6,E01029401,0,-1
2020052000381,2020,052000381,1,9,0,5,5,6,2,0,0,8,0,0,0,0,3,1,6,6,1,18,4,1388,1,15,FORD FIESTA,10,E01006914,0,-1
2020990956829,2020,990956829,1,9,0,18,19,4,7,0,0,1,0,0,0,0,1,1,2,2,2,42,7,998,1,0,FORD FIESTA,6,-1,0,-1
2020420938828,2020,420938828,2,9,0,18,19,1,5,0,0,0,0,0,0,0,4,1,3,7,2,51,8,998,1,1,FORD FIESTA,5,E01033139,0,-1
2020420982354,2020,420982354,1,9,0,13,13,3,6,0,0,0,5,0,7,3,1,1,5,6,1,21,5,998,1,1,FORD FIESTA,6,E01022010,0,-1
2020450933452,2020,450933452,1,9,0,9,9,1,5,0,0,0,0,0,0,0,2,1,6,6,2,28,6,1242,1,7,FORD FIESTA,9,E01030795,0,-1
2020471005294,2020,471005294,1,9,0,18,19,4,8,0,0,0,5,0,7,0,0,1,5,6,1,19,4,1242,1,14,FORD FIESTA,8,E01031545,0,-1
2020010259048,2020,010259048,3,9,0,4,4,3,7,0,0,2,0,0,0,0,2,1,2,2,2,55,8,998,1,5,FORD FIESTA,7,E01003709,0,-1
20201374H1752,2020,1374H1752,1,9,0,18,19,1,5,0,0,4,0,0,0,0,1,1,6,6,1,39,7,1560,2,10,FORD FIESTA,8,E01011884,0,-1
2020420990906,2020,420990906,1,9,0,7,7,4,1,9,9,1,0,0,0,0,1,1,6,6,2,33,6,1242,1,7,FORD FIESTA,3,E01021687,0,-1
2020460999515,2020,460999515,2,9,0,2,2,1,7,0,0,7,0,0,0,0,1,1,2,2,2,54,8,1388,1,18,FORD FIESTA,7,E01032656,0,-1
2020010244155,2020,010244155,1,9,0,99,99,9,9,99,99,9,9,99,9,99,0,9,6,6,3,-1,-1,1388,1,9,FORD FIESTA,-1,-1,0,-1
2020010230075,2020,010230075,1,9,0,15,15,7,3,0,0,5,0,0,0,0,4,1,1,1,1,30,6,1596,1,10,FORD FIESTA,4,E01000428,0,-1
2020990951681,2020,990951681,2,9,0,3,3,6,1,0,0,1,0,0,0,0,2,1,5,6,1,57,9,1499,2,5,FORD FIESTA,1,-1,0,-1
2020010234019,2020,010234019,1,9,0,9,9,5,3,0,0,8,0,0,3,0,4,1,6,6,2,24,5,1596,1,14,FORD FIESTA,4,E01003230,0,-1
2020100981309,2020,100981309,2,9,0,2,2,0,0,9,9,0,0,0,0,0,4,1,6,6,3,-1,-1,1499,2,6,FORD FIESTA,-1,-1,0,-1
2020140921329,2020,140921329,3,9,0,18,19,1,5,0,0,0,0,0,0,0,2,1,2,2,2,19,4,1596,1,10,FORD FIESTA,7,E01008033,0,-1
2020161010042,2020,161010042,1,9,0,18,19,2,6,0,0,0,1,0,1,0,1,1,5,6,1,19,4,999,1,0,FORD FIESTA,7,E01013188,0,-1
2020420937398,2020,420937398,3,9,0,3,3,1,3,0,0,1,0,0,0,0,1,1,6,6,2,52,8,998,1,4,FORD FIESTA,8,E01021482,0,-1
2020040987767,2020,040987767,3,9,0,18,19,1,5,0,0,0,0,0,0,0,4,1,2,2,1,43,7,1388,1,8,FORD FIESTA,1,E01024893,0,-1
2020320321104,2020,320321104,2,9,0,7,7,3,7,0,0,2,0,0,1,10,2,1,6,6,1,82,11,1242,1,5,FORD FIESTA,1,E01026157,0,-1
202063B050420,2020,63B050420,3,9,0,17,19,2,7,0,0,0,0,0,0,0,3,1,6,6,1,25,5,1084,1,3,FORD FIESTA,6,W01000519,0,-1
2020040985551,2020,040985551,2,9,0,17,19,1,7,0,0,1,0,0,0,0,1,1,5,6,1,50,8,1499,2,7,FORD FIESTA,-1,-1,0,-1
2020200934856,2020,200934856,1,9,0,18,19,4,8,0,0,0,0,0,0,0,1,1,2,2,1,25,5,-1,-1,-1,FORD FIESTA,1,E01009943,0,-1
2020360953979,2020,360953979,2,9,0,18,19,7,3,0,0,2,0,0,0,0,4,1,5,6,1,77,11,1388,1,15,FORD FIESTA,8,E01026584,0,-1
2020420986176,2020,420986176,1,9,0,18,19,5,1,9,9,0,5,4,1,0,1,1,5,6,1,75,10,1596,1,11,FORD FIESTA,2,E01021486,0,-1
2020160925296,2020,160925296,1,9,0,18,19,5,1,0,0,1,1,0,7,11,1,1,2,2,1,20,4,1399,2,9,FORD FIESTA,8,E01013013,0,-1
2020160960353,2020,160960353,1,9,0,7,7,3,5,0,0,2,0,0,0,0,1,1,6,6,3,-1,-1,1388,1,17,FORD FIESTA,-1,-1,0,-1
2020201000577,2020,201000577,2,9,0,18,19,6,2,0,0,1,0,0,0,0,4,1,6,6,1,-1,-1,1242,1,10,FORD FIESTA,1,E01009016,0,-1
2020010240798,2020,010240798,1,9,0,18,19,7,3,0,0,0,0,0,0,0,4,1,6,6,1,57,9,1242,1,11,FORD FIESTA,5,E01000747,0,-1
2020371012792,2020,371012792,2,9,0,18,19,7,3,0,0,1,0,0,0,0,1,1,5,6,2,76,11,1388,1,13,FORD FIESTA,7,E01030228,0,-1
2020430302108,2020,430302108,1,3,0,18,19,4,8,0,0,8,0,0,0,0,1,1,2,2,1,21,5,125,1,3,-1,10,E01028457,0,-1
2020440106838,2020,440106838,1,3,0,18,19,8,4,0,0,8,0,0,0,0,3,1,6,6,1,39,7,125,1,1,-1,7,E01023168,0,-1
2020122000975,2020,122000975,1,3,0,18,19,4,3,0,0,8,1,0,0,0,0,1,6,6,1,21,5,125,1,3,-1,-1,-1,0,-1
2020552000867,2020,552000867,1,3,0,5,5,2,6,0,0,0,0,0,0,0,3,1,2,2,1,19,4,125,1,1,-1,5,E01015435,0,-1
2020122000525,2020,122000525,1,3,0,18,19,6,2,9,9,0,1,11,0,0,1,1,6,6,1,20,4,125,1,3,-1,1,E01027847,0,-1
2020500944503,2020,500944503,1,2,0,16,19,4,8,0,0,0,1,0,0,0,1,1,5,6,2,17,4,125,1,3,-1,3,E01018982,0,-1
2020990947904,2020,990947904,1,4,0,18,19,4,8,0,0,0,0,0,0,0,1,1,5,6,1,62,9,1585,1,10,-1,7,-1,0,-1
2020010259276,2020,010259276,1,5,0,13,13,1,5,0,0,0,0,0,0,0,1,1,6,6,1,25,5,1584,1,12,-1,3,E01003548,0,-1
2020500988905,2020,500988905,1,97,0,18,19,7,3,0,0,0,2,0,0,0,1,1,5,6,1,64,9,1584,1,13,-1,6,E01019971,0,-1
2020460960489,2020,460960489,2,4,0,18,19,3,7,0,0,1,0,0,0,0,0,1,6,6,1,22,5,286,1,3,-1,9,E01024256,0,-1
2020360950815,2020,360950815,1,4,0,18,19,2,6,0,0,0,0,0,7,9,1,1,5,6,1,17,4,124,1,19,-1,1,E01026800,0,-1
2020010234368,2020,010234368,1,3,0,18,19,3,7,0,0,2,0,0,7,0,1,1,6,6,1,34,6,125,1,1,-1,8,E01002813,0,-1
202063A062820,2020,63A062820,1,3,0,9,9,1,6,0,0,6,0,0,0,0,3,1,2,2,1,18,4,125,1,2,-1,7,W01000675,0,-1
2020122000680,2020,122000680,2,5,0,4,4,5,1,0,0,1,0,0,0,0,2,1,6,6,1,68,10,745,1,7,-1,8,E01012156,0,-1
2020350995496,2020,350995496,2,17,0,9,9,3,7,0,0,1,0,0,0,0,1,1,6,6,1,24,5,-1,2,3,-1,7,E01025941,0,-1
2020010235312,2020,010235312,2,3,0,9,9,3,8,0,0,2,0,0,0,0,3,-1,6,6,1,42,7,125,1,3,-1,2,E01000548,0,-1
2020522100748,2020,522100748,1,4,0,18,19,7,3,0,0,1,0,0,0,0,1,1,6,6,1,27,6,125,1,0,-1,1,E01014689,0,-1
2020530992244,2020,530992244,2,3,0,13,13,5,1,0,0,8,0,0,0,0,1,1,6,6,1,23,5,125,1,0,-1,6,E01032934,0,-1
2020302000865,2020,302000865,1,4,0,18,19,1,5,0,0,1,1,0,0,0,0,1,6,6,1,37,7,125,1,0,-1,2,E01013502,0,-1
2020440374924,2020,440374924,2,3,0,16,19,2,4,0,0,2,0,0,0,0,3,1,6,6,1,54,8,125,1,0,-1,3,E01015283,0,-1
2020211031631,2020,211031631,1,9,0,18,19,4,8,0,0,0,5,0,1,0,1,1,6,6,2,51,8,1591,1,4,KIA VENGA,2,E01029346,0,-1
2020522101373,2020,522101373,1,9,0,18,19,5,1,0,0,2,0,0,0,0,4,1,6,6,1,44,7,1396,2,9,KIA VENGA,2,E01014595,0,-1
2020470921149,2020,470921149,2,9,0,4,4,7,3,0,0,1,0,0,0,0,2,1,5,6,1,75,10,1591,1,9,KIA VENGA,9,E01031463,0,-1
2020320489450,2020,320489450,1,9,0,9,9,3,1,0,0,2,0,0,0,0,1,1,6,6,1,54,8,1591,1,1,KIA VENGA,1,E01026072,0,-1