collision_index,collision_year,collision_ref_no,vehicle_reference,vehicle_type,towing_and_articulation,vehicle_manoeuvre_historic,vehicle_manoeuvre,vehicle_direction_from,vehicle_direction_to,vehicle_location_restricted_lane_historic,vehicle_location_restricted_lane,junction_location,skidding_and_overturning,hit_object_in_carriageway,vehicle_leaving_carriageway,hit_object_off_carriageway,first_point_of_impact,vehicle_left_hand_drive,journey_purpose_of_driver_historic,journey_purpose_of_driver,sex_of_driver,age_of_driver,age_band_of_driver,engine_capacity_cc,propulsion_code,age_of_vehicle,generic_make_model,driver_imd_decile,lsoa_of_driver,escooter_flag,driver_distance_banding
2020200987470,2020,200987470,2,9,0,2,2,0,0,9,9,0,0,0,0,0,3,1,6,6,1,40,7,1386,1,8,NISSAN NOTE,3,E01009552,0,-1
2020522100662,2020,522100662,1,9,0,9,9,6,3,0,0,8,0,0,0,0,1,1,6,6,1,25,5,1461,2,13,NISSAN NOTE,5,E01033345,0,-1
2020622000840,2020,622000840,1,9,0,1,1,7,4,0,0,0,0,0,0,0,2,1,6,6,2,43,7,1198,1,3,NISSAN NOTE,6,W01001039,0,-1
2020140950176,2020,140950176,2,9,0,-1,-1,-1,-1,-1,-1,0,-1,-1,-1,0,-1,1,6,6,3,-1,-1,1198,1,4,NISSAN NOTE,-1,-1,0,-1
2020010264981,2020,010264981,1,9,0,99,99,9,9,99,99,0,9,99,9,99,9,9,6,6,1,30,6,1598,1,12,NISSAN NOTE,2,E01001054,0,-1
2020370935564,2020,370935564,2,9,0,18,19,1,5,0,0,0,0,0,0,0,1,1,2,2,2,59,9,1386,1,8,NISSAN NOTE,6,E01030194,0,-1
2020010243185,2020,010243185,1,9,0,14,14,1,5,0,0,0,0,0,1,0,4,1,1,1,2,52,8,1461,2,7,NISSAN NOTE,-1,-1,0,-1
2020610005720,2020,610005720,1,9,0,18,19,1,5,0,0,8,0,0,0,0,1,1,6,6,1,90,11,1198,1,5,NISSAN NOTE,7,W01001399,0,-1
2020100967692,2020,100967692,2,9,0,18,19,7,3,0,0,8,1,0,0,0,1,1,1,1,1,58,9,1461,2,13,NISSAN NOTE,-1,-1,0,-1
2020010256882,2020,010256882,2,9,0,18,19,1,5,0,0,0,0,0,0,0,1,1,6,6,1,72,10,1386,1,10,NISSAN NOTE,2,E01001830,0,-1
2020010267224,2020,010267224,1,9,0,18,19,5,1,0,0,1,0,10,0,0,1,1,2,2,1,50,8,1598,1,8,NISSAN NOTE,5,E01000593,0,-1
2020010236083,2020,010236083,2,9,0,9,9,3,8,9,9,8,0,7,1,2,1,1,6,6,2,46,8,1598,1,12,NISSAN NOTE,3,E01004429,0,-1
2020100925670,2020,100925670,3,9,0,2,2,5,1,0,0,0,0,0,0,0,2,1,5,6,2,78,11,1386,1,9,NISSAN NOTE,6,E01027358,0,-1
2020010283378,2020,010283378,1,9,0,1,1,1,5,9,9,0,0,0,0,0,2,1,6,6,2,27,6,1598,1,11,NISSAN NOTE,5,E01000265,0,-1
2020420947373,2020,420947373,1,9,0,16,19,6,8,0,0,0,0,0,0,0,1,1,6,6,2,43,7,1598,1,10,NISSAN NOTE,-1,-1,0,-1
2020470979740,2020,470979740,1,9,0,1,1,2,6,0,0,0,0,0,0,0,3,1,6,6,2,77,11,1598,1,8,NISSAN NOTE,3,E01021137,0,-1
2020410986376,2020,410986376,2,9,0,2,2,0,0,0,0,0,0,0,0,0,3,1,5,6,3,-1,-1,1198,1,4,NISSAN NOTE,-1,-1,0,-1
2020351005876,2020,351005876,1,9,0,5,5,1,5,0,0,0,0,0,0,0,4,1,3,7,2,48,8,1598,1,12,NISSAN NOTE,7,E01026240,0,-1
2020370943791,2020,370943791,1,9,0,3,3,2,6,0,0,1,0,0,0,0,1,1,2,2,1,22,5,1198,1,6,NISSAN NOTE,9,E01030142,0,-1
2020010280406,2020,010280406,1,9,0,9,9,3,2,0,0,6,0,0,0,0,3,1,6,6,2,21,5,1461,2,6,NISSAN NOTE,3,E01000114,0,-1
2020010229375,2020,010229375,1,9,0,99,99,9,9,99,99,9,9,99,9,99,2,9,6,6,2,36,7,1198,1,5,NISSAN NOTE,3,E01000435,0,-1
2020010281961,2020,010281961,2,9,0,2,2,0,0,0,0,1,0,0,0,0,1,1,6,6,3,-1,-1,1598,1,14,NISSAN NOTE,-1,-1,0,-1
2020520002713,2020,520002713,1,9,0,18,19,4,8,0,0,8,0,0,0,0,1,1,6,6,2,38,7,1386,1,13,NISSAN NOTE,7,E01029151,0,-1
2020041005989,2020,041005989,1,9,0,18,19,5,1,0,0,6,0,0,0,0,3,1,5,6,1,74,10,1461,2,9,NISSAN NOTE,2,E01025390,0,-1
2020030983633,2020,030983633,3,9,0,4,4,6,2,0,0,0,0,0,0,0,2,1,5,6,1,68,10,1461,2,10,NISSAN NOTE,-1,-1,0,-1
2020100951104,2020,100951104,1,9,0,18,19,7,3,0,0,0,2,0,0,0,4,1,2,2,1,54,8,1386,1,9,NISSAN NOTE,3,E01008561,0,-1
2020010229000,2020,010229000,2,9,0,18,19,1,5,0,0,8,0,0,0,0,1,1,6,6,2,34,6,1598,1,11,NISSAN NOTE,-1,-1,0,-1
2020101011814,2020,101011814,1,9,0,18,19,1,5,0,0,1,0,0,0,0,4,1,6,6,2,38,7,1386,1,8,NISSAN NOTE,8,E01008538,0,-1
2020010265232,2020,010265232,2,9,0,5,5,1,5,0,0,8,0,0,0,0,2,1,6,6,2,34,6,1598,1,14,NISSAN NOTE,2,E01000789,0,-1
2020052002401,2020,052002401,1,9,0,5,5,3,7,0,0,8,0,0,0,0,0,1,6,6,1,78,11,1198,1,6,NISSAN NOTE,9,E01007101,0,-1
2020350988684,2020,350988684,2,9,0,3,3,1,5,0,0,0,0,0,0,0,2,1,5,6,2,46,8,1598,1,12,NISSAN NOTE,3,E01015666,0,-1
2020100977458,2020,100977458,2,9,0,5,5,6,2,0,0,1,0,0,0,0,1,1,6,6,2,35,6,1198,1,6,NISSAN NOTE,2,E01008840,0,-1
2020010269582,2020,010269582,1,9,0,99,99,9,9,99,99,9,9,99,9,99,2,9,6,6,1,23,5,1598,1,8,NISSAN NOTE,4,E01003530,0,-1
2020137A50325,2020,137A50325,2,9,0,18,19,7,3,0,0,1,0,0,0,0,4,1,6,6,2,40,7,1461,2,8,NISSAN NOTE,2,E01011538,0,-1
202006A174622,2020,06A174622,2,9,0,10,10,6,3,0,0,5,0,0,0,0,4,1,6,6,1,60,9,1598,1,14,NISSAN NOTE,4,E01005871,0,-1
2020010275580,2020,010275580,2,9,0,18,19,5,1,0,0,8,0,0,0,0,1,1,6,6,1,23,5,1386,1,7,NISSAN NOTE,3,E01002408,0,-1
2020340N08002,2020,340N08002,2,9,0,9,9,7,5,0,0,6,0,0,0,0,4,1,2,2,2,51,8,1598,1,8,NISSAN NOTE,1,E01027199,0,-1
2020010282284,2020,010282284,1,9,0,5,5,3,7,0,0,6,0,0,0,0,4,1,6,6,3,-1,-1,1461,2,13,NISSAN NOTE,-1,-1,0,-1
2020460956176,2020,460956176,1,9,0,18,19,8,4,0,0,0,0,0,0,0,4,1,1,1,1,51,8,1598,1,13,NISSAN NOTE,3,E01024583,0,-1
2020470937632,2020,470937632,2,9,0,16,19,2,5,0,0,0,0,0,0,0,1,1,5,6,2,64,9,1386,1,13,NISSAN NOTE,5,E01021109,0,-1
2020040941369,2020,040941369,2,9,0,18,19,3,7,0,0,3,0,0,0,0,4,1,5,6,2,45,7,1386,1,12,NISSAN NOTE,8,E01024937,0,-1
2020010283902,2020,010283902,1,9,0,99,99,9,9,99,99,9,9,99,9,99,1,9,6,6,2,54,8,1386,1,14,NISSAN NOTE,2,E01001113,0,-1
2020991000187,2020,991000187,1,9,0,18,19,7,3,0,0,1,0,0,7,11,3,1,6,6,1,68,10,1598,1,9,NISSAN NOTE,1,-1,0,-1
2020010269582,2020,010269582,2,9,0,99,99,9,9,99,99,9,9,99,9,99,9,9,6,6,3,-1,-1,1386,1,13,NISSAN NOTE,-1,-1,0,-1
2020010232179,2020,010232179,1,9,0,4,4,5,1,0,0,4,0,0,0,0,0,1,6,6,2,30,6,1198,1,7,NISSAN NOTE,-1,-1,0,-1
2020010228971,2020,010228971,1,9,0,18,19,3,7,0,0,6,0,0,0,0,1,1,6,6,1,69,10,1598,1,12,NISSAN NOTE,2,E01003636,0,-1
2020340W05932,2020,340W05932,3,9,0,18,19,6,2,0,0,1,0,0,0,0,1,1,6,6,1,69,10,1598,1,8,NISSAN NOTE,3,E01027312,0,-1
2020302000829,2020,302000829,2,9,0,4,4,2,8,0,0,1,0,0,0,0,2,1,6,6,1,62,9,1386,1,8,NISSAN NOTE,1,E01013590,0,-1
2020137961467,2020,137961467,1,9,0,7,7,7,1,0,0,8,0,0,0,0,4,1,6,6,2,66,10,1386,1,8,NISSAN NOTE,1,E01010613,0,-1
2020010235727,2020,010235727,1,9,0,18,19,5,1,0,0,6,0,0,0,0,1,1,6,6,1,49,8,1598,1,13,NISSAN NOTE,6,E01000981,0,-1
2020501001440,2020,501001440,1,9,0,5,5,6,2,0,0,0,0,0,0,0,1,1,5,6,1,85,11,1198,1,4,NISSAN NOTE,4,E01019972,0,-1
2020430315022,2020,430315022,2,9,0,3,3,8,3,0,0,0,0,0,0,0,2,1,6,6,2,55,8,1461,2,3,NISSAN NOTE,8,E01028744,0,-1
2020010247561,2020,010247561,2,9,0,99,99,9,9,99,99,9,9,99,9,99,1,9,6,6,3,-1,-1,1386,1,11,NISSAN NOTE,-1,-1,0,-1
2020010268350,2020,010268350,2,9,0,9,9,1,6,0,0,2,0,0,0,0,4,1,6,6,1,53,8,1198,1,3,NISSAN NOTE,2,E01003553,0,-1
2020460922412,2020,460922412,1,9,0,5,5,7,5,0,0,2,0,0,0,0,1,1,2,2,1,31,6,1386,1,13,NISSAN NOTE,6,E01024292,0,-1
2020010265910,2020,010265910,2,9,0,99,99,9,9,99,99,9,9,99,9,99,9,9,6,6,3,-1,-1,1598,1,14,NISSAN NOTE,-1,-1,0,-1
2020010234313,2020,010234313,1,9,0,5,5,1,5,0,0,4,0,0,0,0,1,1,6,6,2,48,8,1598,1,11,NISSAN NOTE,10,E01003835,0,-1
2020430341350,2020,430341350,2,9,0,3,3,7,3,0,0,0,0,0,0,0,2,1,6,6,2,68,10,1598,1,13,NISSAN NOTE,6,E01017717,0,-1
2020010287215,2020,010287215,2,9,0,99,99,9,9,99,99,0,9,99,9,99,9,9,6,6,3,51,8,1198,1,6,NISSAN NOTE,6,E01000549,0,-1
2020010228790,2020,010228790,2,9,0,99,99,9,9,99,99,9,9,99,9,99,1,9,6,6,3,-1,-1,1386,1,12,NISSAN NOTE,-1,-1,0,-1
2020110984975,2020,110984975,2,9,0,9,9,8,6,0,0,2,0,0,0,0,3,1,2,2,1,36,7,1386,1,13,NISSAN NOTE,3,E01020652,0,-1
2020200973448,2020,200973448,1,9,0,18,19,8,4,0,0,3,0,0,0,0,1,1,6,6,2,54,8,1386,1,10,NISSAN NOTE,1,E01009574,0,-1
2020100997565,2020,100997565,1,9,0,18,19,3,7,0,0,0,5,0,0,0,1,1,6,6,2,35,6,1386,1,12,NISSAN NOTE,1,E01008289,0,-1
2020320142166,2020,320142166,1,9,0,5,5,5,1,0,0,6,0,0,0,0,3,1,1,1,1,36,7,1198,1,5,NISSAN NOTE,6,E01022194,0,-1
2020010262337,2020,010262337,1,9,0,18,19,6,2,0,0,8,0,0,0,0,4,1,6,6,1,55,8,1598,1,11,NISSAN NOTE,3,E01000092,0,-1
2020010278658,2020,010278658,2,9,0,99,99,9,9,99,99,9,9,99,9,99,9,9,6,6,3,44,7,1598,1,13,NISSAN NOTE,1,E01000048,0,-1
2020010230957,2020,010230957,1,9,0,18,19,1,5,0,0,8,0,0,0,0,1,1,6,6,1,50,8,1386,1,10,NISSAN NOTE,6,E01004651,0,-1
2020010286712,2020,010286712,1,9,0,18,19,3,7,0,0,1,0,0,0,0,1,1,6,6,1,27,6,1198,1,4,NISSAN NOTE,3,E01003109,0,-1
2020052001824,2020,052001824,2,9,0,18,19,7,3,0,0,0,0,0,0,0,1,1,6,6,1,52,8,1198,1,5,NISSAN NOTE,5,E01007041,0,-1
2020010250625,2020,010250625,2,9,0,99,99,9,9,99,99,9,9,99,9,99,1,9,6,6,3,41,7,1386,1,12,NISSAN NOTE,1,E01004204,0,-1
2020100932430,2020,100932430,1,9,0,18,19,3,7,0,0,0,0,0,0,0,4,1,5,6,1,75,10,1198,1,5,NISSAN NOTE,5,E01008679,0,-1
2020410925427,2020,410925427,2,9,0,18,19,8,4,0,0,0,0,0,0,0,1,1,6,6,2,22,5,1386,1,12,NISSAN NOTE,9,E01023717,0,-1
2020450982626,2020,450982626,2,9,0,4,4,7,3,0,0,0,0,0,0,0,2,1,5,6,1,41,7,1386,1,11,NISSAN NOTE,8,E01030784,0,-1
2020200962614,2020,200962614,2,9,0,18,19,6,2,0,0,8,0,0,0,0,4,1,5,6,1,77,11,1386,1,9,NISSAN NOTE,10,E01009720,0,-1
2020460980445,2020,460980445,2,9,0,18,19,7,3,0,0,8,0,0,0,0,4,1,6,6,1,33,6,1386,1,14,NISSAN NOTE,7,E01024173,0,-1
2020520004043,2020,520004043,2,9,0,18,19,2,6,0,0,4,0,0,0,0,1,1,6,6,1,52,8,1386,1,12,NISSAN NOTE,2,E01029131,0,-1
2020010257955,2020,010257955,1,9,0,18,19,7,3,0,0,3,0,0,0,0,1,1,2,2,1,42,7,1461,2,14,NISSAN NOTE,6,E01033742,0,-1
2020400926057,2020,400926057,4,9,0,3,3,1,5,0,0,0,0,0,0,0,2,1,5,6,2,58,9,1198,1,4,NISSAN NOTE,7,E01015709,0,-1
2020010240597,2020,010240597,1,9,0,4,4,1,5,0,0,1,0,0,0,0,0,1,6,6,1,44,7,1461,2,7,NISSAN NOTE,-1,-1,0,-1
2020010285549,2020,010285549,1,9,0,3,3,3,7,0,0,1,0,0,1,1,2,1,6,6,1,36,7,1598,1,11,NISSAN NOTE,2,E01001191,0,-1
2020460934101,2020,460934101,3,9,0,4,4,0,0,0,0,3,0,0,0,0,1,1,5,6,2,78,11,1198,1,4,NISSAN NOTE,10,E01024443,0,-1
2020041011711,2020,041011711,1,9,0,18,19,3,7,0,0,0,0,0,0,0,1,1,5,6,1,85,11,1198,1,5,NISSAN NOTE,2,E01025115,0,-1
2020470946579,2020,470946579,2,9,0,18,19,6,2,9,9,0,1,0,1,4,1,1,5,6,2,62,9,1598,1,7,NISSAN NOTE,6,E01031408,0,-1
2020010283056,2020,010283056,2,9,0,18,19,1,5,0,0,0,0,0,0,0,1,1,6,6,2,26,6,1386,1,12,NISSAN NOTE,7,E01027186,0,-1
2020460937880,2020,460937880,2,9,0,18,19,3,7,0,0,3,0,0,0,0,3,1,6,6,2,45,7,1598,1,14,NISSAN NOTE,3,E01024600,0,-1
2020400932203,2020,400932203,1,9,0,17,19,5,2,0,0,1,0,0,0,0,1,1,5,6,1,30,6,1198,1,7,NISSAN NOTE,5,E01017388,0,-1
2020010285385,2020,010285385,1,9,0,18,19,1,5,0,0,0,0,0,0,0,2,1,2,2,2,56,9,1598,1,9,NISSAN NOTE,3,E01001501,0,-1
2020430157968,2020,430157968,1,9,0,5,5,3,7,0,0,8,0,0,0,0,1,1,6,6,2,37,7,1598,1,12,NISSAN NOTE,9,E01028761,0,-1
2020010237557,2020,010237557,1,9,0,1,1,7,3,7,6,1,0,0,0,0,2,1,6,6,2,78,11,1198,1,4,NISSAN NOTE,3,E01004350,0,-1
202063A019020,2020,63A019020,1,9,0,7,7,2,4,0,0,6,0,0,1,1,1,1,6,6,2,75,10,1598,1,10,NISSAN NOTE,5,W01000723,0,-1
2020052002250,2020,052002250,2,9,0,18,19,2,6,0,0,8,0,0,0,0,3,1,6,6,1,63,9,1461,2,11,NISSAN NOTE,1,E01007270,0,-1
2020040946583,2020,040946583,1,9,0,9,9,5,3,0,0,2,0,0,0,0,4,1,5,6,2,64,9,1598,1,8,NISSAN NOTE,8,E01025301,0,-1
2020420992037,2020,420992037,1,9,0,4,4,2,6,0,0,8,0,10,0,0,1,1,6,6,1,67,10,1598,1,14,NISSAN NOTE,8,E01022058,0,-1
2020471004373,2020,471004373,1,9,0,18,19,1,5,0,0,0,0,0,0,0,1,1,5,6,1,69,10,1386,1,13,NISSAN NOTE,9,E01031704,0,-1
2020010285659,2020,010285659,2,9,0,9,9,2,7,0,0,5,0,0,0,0,4,1,1,1,1,18,4,1386,1,9,NISSAN NOTE,5,E01001677,0,-1
2020101007736,2020,101007736,1,9,0,18,19,3,6,0,0,8,0,0,0,0,3,1,6,6,1,41,7,1461,2,5,NISSAN NOTE,1,E01008733,0,-1
2020010230075,2020,010230075,2,9,0,9,9,5,3,0,0,6,0,0,0,0,1,1,6,6,2,82,11,1598,1,11,NISSAN NOTE,10,E01000449,0,-1
20201371V0975,2020,1371V0975,2,9,0,3,3,8,4,0,0,0,0,0,0,0,2,1,6,6,1,58,9,1198,1,6,NISSAN NOTE,2,E01011856,0,-1
2020520003135,2020,520003135,2,9,0,18,19,8,4,0,0,0,0,0,0,0,1,1,6,6,3,-1,-1,1386,1,9,NISSAN NOTE,-1,-1,0,-1
2020010282876,2020,010282876,2,9,0,9,9,1,7,0,0,1,0,0,0,0,1,1,6,6,2,47,8,1598,1,8,NISSAN NOTE,2,E01001218,0,-1
2020010262051,2020,010262051,1,9,0,9,9,1,8,0,0,1,0,0,0,0,1,1,6,6,1,63,9,1598,1,11,NISSAN NOTE,-1,-1,0,-1
2020010245737,2020,010245737,1,9,0,4,4,2,6,0,0,1,0,0,0,0,2,1,6,6,1,47,8,1386,1,13,NISSAN NOTE,3,E01016047,0,-1
202063D083320,2020,63D083320,1,9,0,18,19,4,8,6,6,1,0,0,0,0,1,1,3,7,2,-1,-1,1598,1,12,NISSAN NOTE,4,E01028920,0,-1
2020010242744,2020,010242744,2,9,0,9,9,3,1,0,0,2,0,0,0,0,0,1,6,6,1,67,10,1386,1,11,NISSAN NOTE,3,E01001434,0,-1
2020440382688,2020,440382688,2,9,0,17,19,3,7,0,0,0,0,0,0,0,1,1,6,6,1,61,9,1461,2,4,NISSAN NOTE,10,E01022573,0,-1
2020110954602,2020,110954602,1,9,0,9,9,1,7,0,0,0,0,0,0,0,3,1,5,6,1,74,10,1461,2,11,NISSAN NOTE,3,E01020787,0,-1
2020010244245,2020,010244245,1,9,0,7,7,1,3,0,0,6,0,0,0,0,1,1,6,6,1,55,8,1461,2,9,NISSAN NOTE,1,E01033701,0,-1
2020430062480,2020,430062480,2,9,0,18,19,3,7,0,0,8,0,0,0,0,1,1,6,6,1,83,11,1386,1,13,NISSAN NOTE,9,E01028739,0,-1
2020530927822,2020,530927822,1,9,0,18,19,2,6,0,0,0,0,0,0,0,3,1,6,6,1,52,8,1598,1,14,NISSAN NOTE,8,E01022255,0,-1
2020010282638,2020,010282638,1,9,0,18,19,7,3,0,0,8,0,0,0,0,1,1,6,6,2,67,10,1598,1,14,NISSAN NOTE,8,E01002946,0,-1
2020010265188,2020,010265188,2,9,0,99,99,9,9,99,99,9,9,99,9,99,3,9,6,6,3,-1,-1,1386,1,13,NISSAN NOTE,-1,-1,0,-1
2020430330406,2020,430330406,1,9,0,18,19,4,8,0,0,0,0,4,1,0,1,1,6,6,2,56,9,1598,1,12,NISSAN NOTE,-1,-1,0,-1
2020031012252,2020,031012252,2,9,0,3,3,5,1,0,0,4,0,0,0,0,2,1,6,6,1,34,6,1461,2,6,NISSAN NOTE,4,E01019094,0,-1
2020140939587,2020,140939587,1,9,0,18,19,1,5,0,0,0,0,0,0,0,4,1,5,6,1,85,11,1598,1,11,NISSAN NOTE,2,E01007531,0,-1
2020552000661,2020,552000661,2,9,0,18,19,5,1,0,0,8,0,0,0,0,3,1,6,6,1,81,11,1461,2,8,NISSAN NOTE,9,E01032642,0,-1
202063C005420,2020,63C005420,1,9,0,17,19,6,3,0,0,1,0,0,0,0,1,1,6,6,1,89,11,1598,1,9,NISSAN NOTE,5,W01000599,0,-1
2020010229107,2020,010229107,1,9,0,99,99,9,9,99,99,9,9,99,9,99,2,9,6,6,2,19,4,1386,1,14,NISSAN NOTE,1,E01001790,0,-1
2020430221431,2020,430221431,2,9,0,18,19,3,7,0,0,0,2,0,1,1,1,1,2,2,1,25,5,1598,1,12,NISSAN NOTE,9,E01033194,0,-1
2020470974638,2020,470974638,2,9,0,3,3,1,5,0,0,0,0,0,0,0,1,1,5,6,2,36,7,1598,1,14,NISSAN NOTE,6,E01031839,0,-1
2020420970094,2020,420970094,1,9,0,9,9,4,2,0,0,8,0,0,0,0,1,1,5,6,2,82,11,1598,1,10,NISSAN NOTE,9,E01021458,0,-1
2020010282039,2020,010282039,2,9,0,3,3,3,7,0,0,2,0,0,0,0,2,1,6,6,1,26,6,1386,1,13,NISSAN NOTE,-1,-1,0,-1
2020010276732,2020,010276732,2,9,0,18,19,3,7,0,0,5,0,0,0,0,1,1,6,6,1,44,7,1198,1,4,NISSAN NOTE,5,E01003692,0,-1
2020010252771,2020,010252771,1,9,0,99,99,9,9,99,99,2,9,99,9,99,2,9,6,6,2,60,9,1198,1,3,NISSAN NOTE,2,E01004014,0,-1
2020360969330,2020,360969330,1,9,0,16,19,8,3,0,0,0,0,0,0,0,3,1,6,6,1,53,8,1461,2,10,NISSAN NOTE,5,E01026738,0,-1
2020201002146,2020,201002146,1,9,0,9,9,2,8,0,0,0,1,10,0,0,1,1,2,2,1,-1,-1,1598,1,7,NISSAN NOTE,1,E01010485,0,-1
2020522002646,2020,522002646,2,9,0,18,19,5,1,0,0,8,0,0,0,0,0,1,6,6,2,24,5,1198,1,6,NISSAN NOTE,5,E01002481,0,-1
2020010261252,2020,010261252,1,9,0,18,19,5,1,9,9,8,0,0,0,0,1,1,2,2,2,59,9,1598,1,11,NISSAN NOTE,3,E01003999,0,-1
2020010242644,2020,010242644,2,9,0,99,99,9,9,0,0,0,0,99,0,0,1,1,6,6,2,61,9,1386,1,12,NISSAN NOTE,4,E01003527,0,-1
2020320142428,2020,320142428,2,9,0,18,19,5,1,0,0,8,0,0,0,0,3,1,6,6,2,39,7,1461,2,3,NISSAN NOTE,7,E01013791,0,-1
2020990984272,2020,990984272,1,9,0,16,19,6,3,0,0,0,0,0,0,0,1,1,5,6,2,26,6,1598,1,14,NISSAN NOTE,5,-1,0,-1
2020200946287,2020,200946287,1,9,0,5,5,3,7,9,9,0,0,0,0,0,1,1,6,6,1,-1,-1,1461,2,14,NISSAN NOTE,-1,-1,0,-1
2020460973976,2020,460973976,2,9,0,9,9,3,1,0,0,8,0,0,7,0,3,1,5,6,2,28,6,1598,1,14,NISSAN NOTE,3,E01016154,0,-1
2020010271008,2020,010271008,1,9,0,12,12,1,5,0,0,0,0,7,0,0,1,1,1,1,1,39,7,1386,1,12,NISSAN NOTE,1,E01004272,0,-1
2020410994303,2020,410994303,1,9,0,1,1,5,1,0,0,0,0,0,0,0,2,1,5,6,1,47,8,1598,1,13,NISSAN NOTE,4,E01023774,0,-1
2020070050190,2020,070050190,1,9,0,5,5,6,2,0,0,6,0,0,1,0,1,1,6,6,1,78,11,1198,1,6,NISSAN NOTE,4,E01018329,0,-1
2020450971306,2020,450971306,1,9,0,18,19,3,7,0,0,4,0,0,4,1,1,1,6,6,2,69,10,1198,1,6,NISSAN NOTE,10,E01023073,0,-1
2020140961062,2020,140961062,1,9,0,6,6,1,5,0,0,0,0,0,0,0,3,1,5,6,1,30,6,1598,1,13,NISSAN NOTE,10,E01007928,0,-1
2020010231344,2020,010231344,1,9,0,18,19,5,1,0,0,0,1,4,1,11,1,1,6,6,2,18,4,1598,1,11,NISSAN NOTE,3,E01002311,0,-1
202006A376550,2020,06A376550,1,9,0,18,19,1,5,0,0,1,0,0,0,0,1,1,6,6,2,59,9,1386,1,14,NISSAN NOTE,4,E01005358,0,-1
2020140936744,2020,140936744,1,9,0,18,19,5,1,0,0,0,0,0,0,0,4,1,2,2,2,62,9,1461,2,10,NISSAN NOTE,1,E01007869,0,-1
2020070759671,2020,070759671,2,9,0,9,9,7,5,0,0,2,0,0,0,0,3,1,6,6,2,-1,-1,1386,1,9,NISSAN NOTE,9,E01018723,0,-1
2020360942692,2020,360942692,1,9,0,18,19,1,5,0,0,0,0,0,0,0,1,1,5,6,2,76,11,1598,1,11,NISSAN NOTE,3,E01026721,0,-1
2020430257036,2020,430257036,1,9,0,9,9,2,8,0,0,8,0,0,0,0,4,1,6,6,2,34,6,1598,1,11,NISSAN NOTE,4,E01016457,0,-1
2020400958354,2020,400958354,1,9,0,18,19,6,2,0,0,1,0,0,0,0,1,1,5,6,1,57,9,1598,1,8,NISSAN NOTE,2,E01015703,0,-1
202006K269181,2020,06K269181,1,9,0,17,19,6,3,0,0,8,0,0,0,0,3,1,6,6,1,36,7,1386,1,13,NISSAN NOTE,1,E01004822,0,-1
2020522101137,2020,522101137,1,9,0,18,19,3,7,0,0,2,0,0,0,0,2,1,6,6,1,60,9,1198,1,5,NISSAN NOTE,1,E01014655,0,-1
2020010282367,2020,010282367,3,9,0,18,19,3,7,0,0,1,0,0,0,0,1,1,6,6,1,48,8,1598,1,13,NISSAN NOTE,3,E01001640,0,-1
2020430260967,2020,430260967,2,9,0,18,19,1,7,0,0,3,0,0,0,0,4,1,6,6,2,51,8,1598,1,12,NISSAN NOTE,2,E01016726,0,-1
2020500990960,2020,500990960,2,9,0,4,4,3,7,0,0,1,0,0,0,0,4,1,6,6,1,45,7,1386,1,10,NISSAN NOTE,4,E01018871,0,-1
2020520004973,2020,520004973,2,9,0,18,19,2,6,0,0,1,0,0,0,0,1,1,6,6,1,40,7,1386,1,12,NISSAN NOTE,8,E01029024,0,-1
2020052002662,2020,052002662,1,9,0,9,9,1,7,0,0,8,0,0,0,0,3,1,6,6,2,69,10,1198,1,4,NISSAN NOTE,6,E01006900,0,-1
2020302001277,2020,302001277,2,9,0,18,19,1,5,0,0,0,0,0,0,0,1,1,6,6,1,47,8,1386,1,8,NISSAN NOTE,6,E01013495,0,-1
2020520101050,2020,520101050,1,9,0,18,19,1,5,0,0,2,0,0,0,0,1,1,6,6,1,85,11,1386,1,12,NISSAN NOTE,7,E01029127,0,-1
2020410926635,2020,410926635,2,9,0,18,19,5,1,0,0,4,0,0,0,0,1,1,5,6,2,60,9,1598,1,13,NISSAN NOTE,6,E01023941,0,-1
2020010287578,2020,010287578,2,9,0,99,99,9,9,99,99,9,9,99,9,99,1,9,6,6,3,-1,-1,1386,1,12,NISSAN NOTE,-1,-1,0,-1
2020360955358,2020,360955358,1,9,0,9,9,3,7,0,0,1,0,0,0,0,4,1,5,6,1,47,8,1386,1,11,NISSAN NOTE,1,E01026830,0,-1
2020010244526,2020,010244526,2,9,0,99,99,9,9,99,99,9,9,99,9,99,1,9,6,6,3,-1,-1,1461,2,12,NISSAN NOTE,2,E01002804,0,-1
2020430263783,2020,430263783,1,9,0,18,19,8,4,0,0,0,0,0,0,0,1,1,6,6,3,49,8,1598,1,14,NISSAN NOTE,-1,-1,0,-1
2020430328585,2020,430328585,1,9,0,18,19,1,5,0,0,0,0,0,0,0,1,1,6,6,1,63,9,1461,2,6,NISSAN NOTE,5,E01017805,0,-1
2020220974102,2020,220974102,1,9,0,11,11,6,2,0,0,3,0,0,0,0,4,1,5,6,2,80,11,1598,1,9,NISSAN NOTE,2,E01009163,0,-1
2020010260078,2020,010260078,1,9,0,7,7,5,7,0,0,5,0,0,0,0,4,1,6,6,2,74,10,1198,1,6,NISSAN NOTE,3,E01003035,0,-1