collision_index,collision_year,collision_ref_no,vehicle_reference,vehicle_type,towing_and_articulation,vehicle_manoeuvre_historic,vehicle_manoeuvre,vehicle_direction_from,vehicle_direction_to,vehicle_location_restricted_lane_historic,vehicle_location_restricted_lane,junction_location,skidding_and_overturning,hit_object_in_carriageway,vehicle_leaving_carriageway,hit_object_off_carriageway,first_point_of_impact,vehicle_left_hand_drive,journey_purpose_of_driver_historic,journey_purpose_of_driver,sex_of_driver,age_of_driver,age_band_of_driver,engine_capacity_cc,propulsion_code,age_of_vehicle,generic_make_model,driver_imd_decile,lsoa_of_driver,escooter_flag,driver_distance_banding
202006Q171029,2020,06Q171029,2,9,0,5,5,1,5,0,0,8,0,0,0,0,1,1,6,6,1,19,4,1598,1,12,NISSAN NOTE,1,E01005224,0,-1
20201372S0910,2020,1372S0910,1,9,0,9,9,3,1,0,0,8,0,0,0,0,1,1,6,6,2,61,9,1386,1,14,NISSAN NOTE,9,E01011221,0,-1
2020010267098,2020,010267098,1,9,9,99,99,9,9,99,99,9,9,99,9,99,9,9,6,6,1,64,9,1598,1,13,NISSAN NOTE,2,E01002078,0,-1
20201379C7810,2020,1379C7810,1,9,0,18,19,5,1,0,0,0,0,0,0,0,3,1,6,6,1,43,7,1386,1,13,NISSAN NOTE,2,E01011281,0,-1
2020350956280,2020,350956280,1,9,0,16,19,3,7,0,0,0,2,0,1,0,4,1,5,6,2,45,7,1461,2,11,NISSAN NOTE,4,E01018024,0,-1
2020010232609,2020,010232609,1,9,0,9,9,5,3,0,0,2,0,0,0,0,1,1,6,6,2,47,8,1598,1,13,NISSAN NOTE,5,E01004346,0,-1
2020520002147,2020,520002147,1,9,0,18,19,2,6,0,0,0,1,0,0,10,1,1,6,6,1,82,11,1386,1,11,NISSAN NOTE,9,E01029188,0,-1
2020010282578,2020,010282578,2,9,0,99,99,9,9,99,99,1,9,99,9,99,1,9,6,6,3,-1,-1,1598,1,12,NISSAN NOTE,-1,-1,0,-1
2020140953000,2020,140953000,1,9,0,9,9,8,4,9,9,1,0,0,0,0,1,1,5,6,2,42,7,1598,1,13,NISSAN NOTE,1,E01007906,0,-1
2020070093323,2020,070093323,1,9,0,13,13,1,5,0,0,1,0,0,0,0,3,1,2,2,2,28,6,1198,1,7,NISSAN NOTE,6,E01012378,0,-1
2020140923302,2020,140923302,2,9,0,18,19,5,1,0,0,1,0,0,0,0,1,2,2,2,1,40,7,1598,1,12,NISSAN NOTE,9,E01007897,0,-1
2020010228375,2020,010228375,2,9,0,99,99,9,9,99,99,1,9,99,9,99,2,9,6,6,3,-1,-1,1386,1,13,NISSAN NOTE,-1,-1,0,-1
2020010255680,2020,010255680,1,9,0,99,99,9,9,99,99,9,9,99,9,99,2,9,6,6,2,58,9,1598,1,13,NISSAN NOTE,1,E01002673,0,-1
2020460979496,2020,460979496,1,9,0,9,9,3,7,0,0,6,0,0,0,0,1,1,5,6,2,47,8,1598,1,9,NISSAN NOTE,1,E01024389,0,-1
2020010257252,2020,010257252,2,9,0,11,11,1,5,0,0,1,0,0,0,0,0,1,2,2,2,30,6,1598,1,13,NISSAN NOTE,4,E01000229,0,-1
2020201018817,2020,201018817,3,9,0,18,19,2,6,0,0,1,0,0,0,0,1,1,1,1,2,49,8,1386,1,10,NISSAN NOTE,1,E01010364,0,-1
2020070271574,2020,070271574,1,9,0,18,19,8,4,0,0,0,0,0,0,0,1,1,6,6,1,61,9,1598,1,9,NISSAN NOTE,10,E01018662,0,-1
2020230943277,2020,230943277,2,9,0,18,19,8,4,0,0,8,5,0,7,0,3,1,2,2,1,46,8,1386,1,14,NISSAN NOTE,7,E01031194,0,-1
2020990995974,2020,990995974,1,9,0,9,9,8,6,0,0,8,0,0,0,0,1,1,2,2,1,39,7,1461,2,10,NISSAN NOTE,2,-1,0,-1
2020410986411,2020,410986411,1,9,0,5,5,3,7,0,0,8,0,0,0,0,1,1,6,6,1,54,8,1461,2,13,NISSAN NOTE,9,E01027016,0,-1
2020541351220,2020,541351220,2,9,0,18,19,8,4,0,0,1,0,0,0,0,1,1,6,6,2,42,7,1386,1,12,NISSAN NOTE,8,E01032071,0,-1
2020440427143,2020,440427143,2,9,0,18,19,5,1,0,0,1,0,0,0,0,1,1,6,6,1,74,10,1461,2,8,NISSAN NOTE,5,E01023258,0,-1
2020200992423,2020,200992423,2,9,0,17,19,7,4,0,0,0,0,0,0,0,1,1,6,6,2,45,7,1386,1,10,NISSAN NOTE,4,E01009276,0,-1
2020200989345,2020,200989345,1,9,0,9,9,6,4,0,0,8,0,0,0,0,4,1,6,6,1,38,7,1598,1,10,NISSAN NOTE,4,E01013648,0,-1
2020410977135,2020,410977135,1,9,0,18,19,4,7,0,0,0,0,0,0,0,1,1,6,6,1,52,8,1598,1,14,NISSAN NOTE,10,E01023565,0,-1
2020010232039,2020,010232039,1,9,0,99,99,9,9,99,99,0,9,99,9,99,9,9,6,6,3,41,7,1598,1,11,NISSAN NOTE,1,E01004670,0,-1
2020052000651,2020,052000651,1,9,0,18,19,1,5,0,0,8,0,0,0,0,1,1,6,6,1,80,11,1198,1,7,NISSAN NOTE,7,E01007211,0,-1
2020201002052,2020,201002052,1,9,0,18,19,5,1,0,0,0,0,0,0,0,1,1,6,6,2,42,7,1598,1,8,NISSAN NOTE,1,E01008935,0,-1
2020010269086,2020,010269086,2,9,0,99,99,9,9,99,99,9,9,99,9,99,1,9,6,6,3,-1,-1,1386,1,9,NISSAN NOTE,-1,-1,0,-1
2020010244944,2020,010244944,1,9,0,18,19,3,7,0,0,1,0,0,0,0,1,1,6,6,2,53,8,1386,1,10,NISSAN NOTE,-1,-1,0,-1
2020622001010,2020,622001010,8,9,0,2,2,0,0,0,0,0,0,0,0,0,2,1,6,6,3,-1,-1,1598,1,12,NISSAN NOTE,-1,-1,0,-1
2020370950890,2020,370950890,2,9,0,18,19,1,5,0,0,0,0,0,0,0,1,1,1,1,1,51,8,1461,2,5,NISSAN NOTE,7,E01030038,0,-1
2020320149880,2020,320149880,1,9,0,18,19,5,1,0,0,8,0,0,0,0,1,1,6,6,2,72,10,1598,1,11,NISSAN NOTE,5,E01026221,0,-1
2020010262354,2020,010262354,1,9,0,18,19,3,7,0,0,8,0,0,0,0,1,1,2,2,1,52,8,1598,1,12,NISSAN NOTE,5,E01033741,0,-1
202006L168219,2020,06L168219,2,9,0,9,9,3,1,0,0,8,0,0,0,0,1,1,6,6,2,76,11,1598,1,13,NISSAN NOTE,2,E01006274,0,-1
2020622000642,2020,622000642,1,9,0,18,19,2,6,0,0,0,0,0,0,0,1,1,6,6,2,59,9,1386,1,11,NISSAN NOTE,8,W01001122,0,-1
2020010263723,2020,010263723,1,9,0,18,19,3,7,0,0,1,0,0,0,0,2,9,2,2,2,49,8,1198,1,5,NISSAN NOTE,5,E01002292,0,-1
2020160969418,2020,160969418,2,9,0,4,4,5,1,0,0,0,0,0,0,0,2,2,5,6,2,76,11,1386,1,9,NISSAN NOTE,10,E01013215,0,-1
2020201001444,2020,201001444,1,9,0,18,19,6,2,0,0,1,0,0,0,0,1,1,6,6,1,49,8,1386,1,13,NISSAN NOTE,-1,-1,0,-1
202006K274038,2020,06K274038,2,9,0,7,7,3,5,0,0,5,0,0,0,0,4,1,6,6,1,37,7,1386,1,13,NISSAN NOTE,6,E01004883,0,-1
2020100964626,2020,100964626,2,9,0,2,2,3,7,0,0,0,0,0,0,0,0,1,5,6,1,48,8,1386,1,12,NISSAN NOTE,-1,-1,0,-1
2020010245768,2020,010245768,1,9,0,9,9,3,1,0,0,6,0,0,0,0,1,1,6,6,1,32,6,1386,1,10,NISSAN NOTE,2,E01002831,0,-1
2020010271155,2020,010271155,3,9,0,18,19,3,7,0,0,8,0,0,0,0,1,1,6,6,2,51,8,1461,2,10,NISSAN NOTE,9,E01030766,0,-1
2020411003975,2020,411003975,2,9,0,4,4,7,3,0,0,0,0,0,0,0,2,1,6,6,2,58,9,1598,1,12,NISSAN NOTE,5,E01000285,0,-1
2020470923425,2020,470923425,1,9,0,18,19,2,6,0,0,8,0,0,0,0,1,1,5,6,2,76,11,1598,1,8,NISSAN NOTE,7,E01031381,0,-1
2020010253746,2020,010253746,1,9,0,99,99,9,9,99,99,0,9,99,9,99,2,9,6,6,1,53,8,1598,1,11,NISSAN NOTE,3,E01003431,0,-1
2020460962833,2020,460962833,3,9,0,17,19,5,1,0,0,0,0,0,0,0,0,1,2,2,1,49,8,1598,1,10,NISSAN NOTE,6,E01024452,0,-1
2020010261500,2020,010261500,1,9,0,99,99,9,9,99,99,9,9,99,9,99,2,9,2,2,2,53,8,1461,2,7,NISSAN NOTE,2,E01001051,0,-1
2020170S21560,2020,170S21560,1,9,0,10,10,6,4,0,0,1,0,0,0,0,2,1,6,6,1,30,6,1461,2,10,NISSAN NOTE,1,E01012198,0,-1
2020200955064,2020,200955064,1,9,0,7,7,2,4,0,0,2,0,0,0,0,1,1,6,6,2,20,4,1598,1,12,NISSAN NOTE,4,E01010009,0,-1
2020070372988,2020,070372988,1,9,0,1,1,3,7,9,9,0,0,0,0,0,3,1,6,6,2,-1,-1,1461,2,4,NISSAN NOTE,-1,-1,0,-1
2020010241108,2020,010241108,1,9,0,18,19,5,1,0,0,2,0,0,0,0,0,1,6,6,1,43,7,1598,1,14,NISSAN NOTE,4,E01001199,0,-1
2020010255706,2020,010255706,1,9,0,4,4,5,1,0,0,4,0,0,0,0,1,1,6,6,1,70,10,1198,1,3,NISSAN NOTE,8,E01031613,0,-1
2020141009376,2020,141009376,3,9,0,4,4,1,5,0,0,0,0,0,0,0,1,1,5,6,1,38,7,1198,1,6,NISSAN NOTE,9,E01019805,0,-1
2020210975297,2020,210975297,1,9,0,18,19,4,8,0,0,1,0,0,0,0,-1,1,3,7,1,50,8,1598,1,14,NISSAN NOTE,2,E01014281,0,-1
2020411000259,2020,411000259,2,9,0,4,4,7,3,0,0,0,0,0,0,0,2,1,6,6,2,35,6,1598,1,14,NISSAN NOTE,7,E01023382,0,-1
2020010264475,2020,010264475,1,9,0,18,19,6,2,0,0,0,0,0,0,0,1,1,6,6,1,69,10,1386,1,10,NISSAN NOTE,3,E01004367,0,-1
2020450938878,2020,450938878,2,9,0,16,19,3,7,0,0,0,0,0,0,0,1,1,5,6,1,23,5,1198,1,6,NISSAN NOTE,6,E01030973,0,-1
2020421006280,2020,421006280,1,9,0,9,9,4,1,0,0,1,0,0,0,0,1,1,5,6,2,20,4,1386,1,14,NISSAN NOTE,9,E01021912,0,-1
2020471008376,2020,471008376,3,9,0,18,19,3,7,0,0,1,0,0,0,0,2,2,6,6,1,43,7,1386,1,11,NISSAN NOTE,7,E01020943,0,-1
2020990999608,2020,990999608,2,9,0,18,19,4,8,0,0,3,0,0,0,0,4,1,6,6,2,39,7,1598,1,12,NISSAN NOTE,-1,-1,0,-1
2020430170714,2020,430170714,1,9,0,7,7,3,6,0,0,4,0,0,0,0,1,1,6,6,1,61,9,1598,1,9,NISSAN NOTE,7,E01028640,0,-1
2020410943625,2020,410943625,2,9,0,18,19,-1,-1,0,0,0,1,0,1,4,3,1,6,6,1,39,7,1598,1,13,NISSAN NOTE,4,E01001444,0,-1
2020430409425,2020,430409425,1,9,0,18,19,3,7,0,0,0,0,0,0,0,1,1,6,6,1,42,7,1598,1,12,NISSAN NOTE,-1,-1,0,-1
2020040924427,2020,040924427,2,9,0,18,19,8,4,0,0,8,0,0,0,0,4,1,6,6,2,53,8,1198,1,5,NISSAN NOTE,1,E01025067,0,-1
2020010239008,2020,010239008,1,9,0,99,99,9,9,99,99,9,9,99,9,99,2,9,6,6,2,26,6,1461,2,6,NISSAN NOTE,6,E01001494,0,-1
2020430022281,2020,430022281,1,9,0,5,5,8,4,0,0,2,0,0,0,0,3,1,6,6,2,72,10,1598,1,7,NISSAN NOTE,8,E01028737,0,-1
2020010235906,2020,010235906,1,9,0,99,99,9,9,99,99,1,9,99,9,99,9,1,6,6,1,55,8,1598,1,13,NISSAN NOTE,2,E01001042,0,-1
2020010264544,2020,010264544,1,9,0,99,99,9,9,99,99,9,9,99,9,99,2,9,6,6,2,40,7,1598,1,10,NISSAN NOTE,3,E01000929,0,-1
20201371T1179,2020,1371T1179,2,9,0,18,19,6,2,0,0,0,0,0,0,0,2,1,6,6,2,42,7,1461,2,7,NISSAN NOTE,4,E01011012,0,-1
2020420928915,2020,420928915,2,9,0,9,9,3,1,0,0,0,0,0,1,0,3,1,6,6,1,45,7,1388,1,13,NISSAN NOTE,4,E01003771,0,-1
2020471003464,2020,471003464,2,9,0,3,3,4,8,0,0,0,0,0,0,0,2,1,6,6,2,75,10,1598,1,10,NISSAN NOTE,5,E01031401,0,-1
2020010280750,2020,010280750,1,9,0,99,99,9,9,99,99,8,9,99,9,99,9,9,6,6,1,43,7,1598,1,10,NISSAN NOTE,6,E01002336,0,-1
2020440078860,2020,440078860,3,9,0,2,2,0,0,0,0,0,0,0,1,11,2,1,6,6,3,-1,-1,1461,2,9,NISSAN NOTE,-1,-1,0,-1
2020420986662,2020,420986662,2,9,0,18,19,4,8,0,0,1,0,0,0,0,1,1,1,1,1,48,8,1198,1,5,NISSAN NOTE,7,E01015955,0,-1
2020990939224,2020,990939224,2,9,0,4,4,8,4,0,0,0,0,0,0,0,2,1,2,2,2,50,8,1386,1,11,NISSAN NOTE,9,-1,0,-1
2020010239537,2020,010239537,1,9,0,99,99,9,9,99,99,1,9,99,9,99,2,9,6,6,1,50,8,1598,1,12,NISSAN NOTE,3,E01003520,0,-1
2020460983805,2020,460983805,2,9,0,18,19,3,7,0,0,0,0,0,0,0,1,1,6,6,1,70,10,1598,1,8,NISSAN NOTE,6,E01023978,0,-1
2020460929452,2020,460929452,2,9,0,18,19,3,7,0,0,0,0,0,0,0,1,1,5,6,2,58,9,1386,1,10,NISSAN NOTE,6,E01024303,0,-1
2020200936397,2020,200936397,2,9,0,18,19,4,8,0,0,2,1,10,1,0,1,1,6,6,2,51,8,1461,2,7,NISSAN NOTE,7,E01029618,0,-1
2020371010714,2020,371010714,1,9,0,18,19,8,4,0,0,1,0,0,0,0,1,1,2,2,2,43,7,1598,1,13,NISSAN NOTE,7,E01033126,0,-1
2020010266809,2020,010266809,1,9,0,99,99,9,9,99,99,0,9,99,9,99,2,9,2,2,2,45,7,1598,1,8,NISSAN NOTE,3,E01003328,0,-1
2020470984463,2020,470984463,2,9,0,9,9,1,7,0,0,8,0,0,0,0,4,1,5,6,1,69,10,1198,1,5,NISSAN NOTE,6,E01031777,0,-1
2020411016303,2020,411016303,1,9,0,11,11,2,6,0,0,0,1,0,0,0,4,1,5,6,2,76,11,1386,1,10,NISSAN NOTE,6,E01023874,0,-1
2020420976549,2020,420976549,2,9,0,18,19,5,1,0,0,0,0,0,0,0,2,1,5,6,1,54,8,1386,1,12,NISSAN NOTE,10,E01023825,0,-1
2020200946268,2020,200946268,2,9,0,18,19,6,2,0,0,8,0,0,0,0,4,1,6,6,1,36,7,1386,1,13,NISSAN NOTE,4,E01009284,0,-1
2020010249438,2020,010249438,1,9,0,6,6,3,3,0,0,2,0,0,0,0,3,1,6,6,2,49,8,1598,1,14,NISSAN NOTE,8,E01001211,0,-1
2020010282063,2020,010282063,1,9,0,18,19,7,3,0,0,1,5,7,0,0,3,1,6,6,2,20,4,1198,1,6,NISSAN NOTE,2,E01003338,0,-1
2020351009704,2020,351009704,1,9,0,18,19,1,1,0,0,0,0,0,0,0,1,1,5,6,1,52,8,1386,1,12,NISSAN NOTE,8,E01018270,0,-1
2020990916591,2020,990916591,1,9,0,18,19,3,7,0,0,0,0,0,0,0,1,1,5,6,2,71,10,1386,1,7,NISSAN NOTE,9,-1,0,-1
2020361002467,2020,361002467,3,9,0,18,19,2,6,0,0,0,0,0,0,0,2,1,5,6,2,27,6,1461,2,9,NISSAN NOTE,5,E01018067,0,-1
2020010286298,2020,010286298,2,9,0,9,9,3,8,0,0,6,1,0,1,11,4,1,6,6,1,48,8,1386,1,13,NISSAN NOTE,8,E01000985,0,-1
2020220965807,2020,220965807,2,9,0,18,19,2,6,0,0,0,5,4,0,0,4,1,5,6,2,79,11,1198,1,4,NISSAN NOTE,6,E01032188,0,-1
2020410944132,2020,410944132,1,9,0,18,19,2,6,0,0,0,0,0,0,0,1,1,6,6,2,34,6,1386,1,11,NISSAN NOTE,1,E01023844,0,-1
202031D065520,2020,31D065520,2,9,0,17,19,2,8,0,0,0,0,0,0,0,3,1,6,6,1,59,9,1598,1,12,NISSAN NOTE,5,E01019440,0,-1
202006Q278756,2020,06Q278756,2,9,0,18,19,3,7,0,0,8,0,0,0,0,1,1,6,6,1,32,6,1598,1,12,NISSAN NOTE,8,E01005336,0,-1
2020460990347,2020,460990347,2,9,0,18,19,5,1,0,0,8,0,0,0,0,1,1,5,6,1,50,8,1386,1,11,NISSAN NOTE,2,E01024135,0,-1
2020522002001,2020,522002001,3,9,0,18,19,8,4,0,0,0,1,0,0,0,1,1,6,6,1,60,9,1461,2,11,NISSAN NOTE,7,E01009170,0,-1
2020320114208,2020,320114208,2,9,0,18,19,8,4,0,0,0,1,0,2,3,3,1,3,7,2,40,7,1198,1,3,NISSAN NOTE,7,E01026199,0,-1
2020302000767,2020,302000767,1,9,0,2,2,0,0,0,0,0,0,0,0,0,0,1,6,6,1,45,7,1386,1,10,NISSAN NOTE,2,E01013588,0,-1
2020010271846,2020,010271846,2,9,0,99,99,9,9,99,99,9,9,99,9,99,1,9,6,6,3,-1,-1,1461,2,12,NISSAN NOTE,4,E01023957,0,-1
2020411006599,2020,411006599,2,9,0,4,4,7,3,0,0,0,0,0,0,0,1,1,2,2,2,43,7,1598,1,14,NISSAN NOTE,5,E01023761,0,-1
2020010240815,2020,010240815,1,9,0,4,4,2,6,0,0,8,0,0,0,0,2,1,6,6,2,51,8,1598,1,12,NISSAN NOTE,6,E01001065,0,-1
2020100990240,2020,100990240,2,9,0,18,19,5,1,0,0,0,0,0,0,0,3,1,5,6,2,64,9,1386,1,10,NISSAN NOTE,2,E01008599,0,-1
2020470964852,2020,470964852,1,9,0,1,1,7,3,6,6,0,0,0,0,0,2,1,5,6,1,81,11,1461,2,10,NISSAN NOTE,8,E01031439,0,-1
2020010242145,2020,010242145,2,9,0,2,2,0,0,0,0,0,0,0,0,0,4,1,6,6,3,-1,-1,1598,1,13,NISSAN NOTE,-1,-1,0,-1
2020420977345,2020,420977345,1,9,0,17,19,5,1,0,0,0,0,4,0,0,3,1,2,2,1,57,9,2179,2,14,PEUGEOT 807,4,E01021853,0,-1
2020520001733,2020,520001733,2,9,0,2,2,0,0,0,0,0,0,0,0,0,2,1,6,6,2,35,6,2179,2,16,PEUGEOT 807,2,E01029095,0,-1
2020470970134,2020,470970134,1,9,0,18,19,7,3,0,0,2,5,0,2,2,1,1,2,2,1,21,5,1997,1,16,PEUGEOT 807,3,E01031358,0,-1
2020010273965,2020,010273965,1,9,0,3,3,4,8,0,0,0,0,0,0,0,2,1,6,6,1,41,7,1997,1,13,PEUGEOT 807,1,E01004247,0,-1
2020010260403,2020,010260403,1,9,0,7,7,5,8,0,0,1,0,0,0,0,1,1,6,6,2,51,8,1997,2,15,PEUGEOT 807,4,E01001939,0,-1
2020990994923,2020,990994923,1,9,0,16,19,5,1,0,0,1,5,0,1,0,1,1,6,6,1,27,6,1997,2,12,PEUGEOT 807,-1,-1,0,-1
2020320142461,2020,320142461,2,9,0,18,19,8,4,0,0,8,0,0,7,0,1,1,6,6,1,58,9,2179,2,15,PEUGEOT 807,10,E01026206,0,-1
2020622000114,2020,622000114,1,9,0,7,7,8,2,0,0,1,0,0,7,0,1,1,1,1,1,48,8,1997,1,17,PEUGEOT 807,1,W01000631,0,-1
2020420926723,2020,420926723,5,9,0,18,19,3,7,0,0,0,0,0,0,0,1,1,5,6,2,27,6,1997,2,13,PEUGEOT 807,3,E01030077,0,-1
2020440011478,2020,440011478,2,9,0,18,19,8,4,0,0,0,0,0,0,0,1,1,3,7,2,47,8,1997,2,11,PEUGEOT 807,9,E01023274,0,-1
2020141005608,2020,141005608,2,9,0,18,19,2,6,0,0,0,0,0,0,0,1,1,5,6,2,27,6,1598,2,8,SEAT ALTEA,1,E01007874,0,-1
20201379A1469,2020,1379A1469,1,9,0,7,7,5,7,0,0,8,0,0,0,0,1,1,6,6,2,28,6,1598,2,8,SEAT ALTEA,2,E01011082,0,-1
2020430051306,2020,430051306,1,9,0,17,19,3,8,0,0,0,0,0,0,0,1,1,6,6,1,24,5,1896,2,14,SEAT ALTEA,10,E01028780,0,-1
2020122000387,2020,122000387,1,9,0,14,14,8,4,0,0,0,0,4,0,0,1,1,6,6,1,38,7,1896,2,13,SEAT ALTEA,3,E01013444,0,-1
2020370974416,2020,370974416,1,9,0,-1,-1,-1,-1,-1,-1,0,-1,-1,-1,0,-1,1,6,6,3,-1,-1,1896,2,12,SEAT ALTEA,-1,-1,0,-1
2020140957642,2020,140957642,1,9,0,18,19,7,4,0,0,0,0,0,0,0,4,1,5,6,1,39,7,1896,2,14,SEAT ALTEA,1,E01007532,0,-1
2020010271594,2020,010271594,1,9,0,10,10,2,8,0,0,6,0,0,0,0,3,1,6,6,2,36,7,1896,2,13,SEAT ALTEA,6,E01001159,0,-1
2020010265589,2020,010265589,2,9,0,5,5,3,7,0,0,4,0,0,0,0,1,1,6,6,1,55,8,1595,1,15,SEAT ALTEA,6,E01002351,0,-1
2020070303557,2020,070303557,2,9,0,17,19,6,3,0,0,0,0,0,0,10,3,1,6,6,1,36,7,1896,2,14,SEAT ALTEA,1,E01018486,0,-1
2020160962165,2020,160962165,1,9,0,16,19,5,1,0,0,3,0,0,0,0,1,1,2,2,1,47,8,1968,2,14,SEAT ALTEA,1,E01012785,0,-1
2020990954086,2020,990954086,2,9,0,5,5,1,5,0,0,4,0,0,0,0,3,1,6,6,2,43,7,1598,2,10,SEAT ALTEA,7,-1,0,-1
2020410944494,2020,410944494,1,9,0,9,9,1,3,0,0,5,0,0,0,0,1,1,2,2,2,34,6,1598,2,7,SEAT ALTEA,7,E01017652,0,-1
202006G173331,2020,06G173331,2,9,0,18,19,4,8,0,0,8,0,0,0,0,4,1,6,6,1,26,6,1896,2,10,SEAT ALTEA,9,E01018529,0,-1
2020451001955,2020,451001955,4,9,0,2,2,5,1,0,0,1,0,4,0,0,4,1,5,6,2,35,6,1984,1,13,SEAT ALTEA,10,E01030368,0,-1
2020400983953,2020,400983953,1,9,0,4,4,2,3,0,0,0,0,0,0,0,3,1,5,6,1,40,7,1595,1,14,SEAT ALTEA,10,E01017371,0,-1
2020470941150,2020,470941150,2,9,0,2,2,0,0,6,6,0,0,0,0,0,1,1,5,6,2,46,8,1896,2,13,SEAT ALTEA,8,E01021141,0,-1
2020522002085,2020,522002085,2,9,0,18,19,7,3,0,0,1,0,0,0,0,1,1,6,6,2,52,8,1896,2,15,SEAT ALTEA,9,E01014789,0,-1
2020010233525,2020,010233525,2,9,9,99,99,9,9,99,99,0,9,99,9,99,9,9,6,6,3,-1,-1,1968,2,15,SEAT ALTEA,-1,-1,0,-1
2020010245903,2020,010245903,2,9,0,99,99,9,9,99,99,9,9,99,9,99,9,9,6,6,3,-1,-1,1896,2,12,SEAT ALTEA,3,E01000009,0,-1
2020350959735,2020,350959735,2,9,0,18,19,4,8,0,0,8,0,0,0,0,4,1,5,6,2,41,7,1896,2,13,SEAT ALTEA,2,E01015657,0,-1
2020137B20852,2020,137B20852,1,9,0,4,4,4,8,0,0,0,0,0,0,0,1,1,6,6,3,-1,-1,1598,2,7,SEAT ALTEA,-1,-1,0,-1
2020371015770,2020,371015770,1,9,0,7,7,1,3,0,0,0,0,0,0,0,1,1,5,6,1,80,11,1598,2,9,SEAT ALTEA,6,E01021398,0,-1
2020070166087,2020,070166087,1,9,0,18,19,4,8,0,0,0,5,0,1,10,1,1,6,6,1,24,5,1968,2,16,SEAT ALTEA,6,E01018425,0,-1
2020140972596,2020,140972596,2,9,0,18,19,6,2,0,0,1,0,0,0,0,1,1,2,2,2,31,6,1598,2,7,SEAT ALTEA,5,E01033260,0,-1
202063B016620,2020,63B016620,1,9,0,18,19,4,8,0,0,0,2,0,2,10,4,1,6,6,1,35,6,1896,2,13,SEAT ALTEA,5,W01000544,0,-1
2020500990975,2020,500990975,2,9,0,9,9,5,7,0,0,7,0,0,0,0,3,1,5,6,2,54,8,1598,2,7,SEAT ALTEA,2,E01015023,0,-1
2020410943389,2020,410943389,1,9,0,18,19,5,1,0,0,0,0,0,0,0,1,1,1,1,1,42,7,1595,1,11,SEAT ALTEA,4,E01023783,0,-1
2020350969317,2020,350969317,1,9,0,15,15,3,7,0,0,0,0,0,0,0,1,1,2,2,2,31,6,1896,2,11,SEAT ALTEA,2,E01015612,0,-1
2020200987634,2020,200987634,1,9,0,9,9,3,1,0,0,4,0,0,0,0,3,1,6,6,1,-1,-1,1968,2,12,SEAT ALTEA,-1,-1,0,-1
202063C033920,2020,63C033920,1,9,0,18,19,1,5,0,0,0,0,0,0,0,1,1,6,6,1,86,11,1896,2,10,SEAT ALTEA,1,W01000592,0,-1
2020430441927,2020,430441927,1,9,0,5,5,1,6,0,0,6,0,0,0,0,4,1,6,6,2,46,8,1968,2,11,SEAT ALTEA,7,E01017643,0,-1
2020351020979,2020,351020979,1,9,0,4,4,3,7,0,0,0,0,0,0,0,1,1,6,6,2,44,7,1896,2,10,SEAT ALTEA,2,E01015660,0,-1
2020470999749,2020,470999749,1,9,0,18,19,6,2,0,0,0,1,0,1,4,1,1,5,6,2,36,7,1896,2,14,SEAT ALTEA,5,E01021089,0,-1
2020201022018,2020,201022018,2,9,0,3,3,3,7,0,0,1,0,0,0,0,1,1,6,6,3,-1,-1,1896,2,14,SEAT ALTEA,-1,-1,0,-1
2020201017404,2020,201017404,1,9,0,9,9,7,5,0,0,2,0,0,0,0,1,1,6,6,1,-1,-1,1896,2,12,SEAT ALTEA,-1,-1,0,-1
2020470980311,2020,470980311,1,9,0,18,19,1,5,0,0,0,1,0,1,1,1,1,6,6,3,-1,-1,1896,2,15,SEAT ALTEA,-1,-1,0,-1
2020122001297,2020,122001297,1,9,0,10,10,1,3,0,0,6,0,0,0,0,1,1,2,2,1,46,8,1598,2,10,SEAT ALTEA,6,E01027916,0,-1
2020370993037,2020,370993037,1,9,0,18,19,4,8,0,0,0,0,0,0,0,1,1,5,6,1,42,7,1896,2,11,SEAT ALTEA,8,E01030043,0,-1
2020070593717,2020,070593717,1,9,0,18,19,6,2,0,0,1,0,0,0,0,1,1,6,6,1,34,6,1598,2,8,SEAT ALTEA,1,E01032903,0,-1
2020440130878,2020,440130878,1,9,0,18,19,2,6,0,0,8,0,0,0,0,1,1,6,6,1,56,9,1598,2,9,SEAT ALTEA,5,E01031986,0,-1
2020220927919,2020,220927919,1,9,0,17,19,3,8,0,0,0,0,0,0,0,3,1,5,6,2,86,11,1896,2,10,SEAT ALTEA,6,E01032199,0,-1
2020520002683,2020,520002683,2,9,0,18,19,5,1,0,0,0,0,0,0,0,1,1,6,6,2,62,9,1968,2,12,SEAT ALTEA,8,E01019956,0,-1
2020460935533,2020,460935533,2,9,0,18,19,7,3,0,0,8,0,0,0,0,3,1,5,6,2,36,7,1598,2,7,SEAT ALTEA,7,E01024137,0,-1
20201371G0597,2020,1371G0597,1,9,0,18,19,6,2,0,0,0,0,0,0,0,1,1,6,6,2,42,7,1896,2,13,SEAT ALTEA,-1,-1,0,-1