collision_index,collision_year,collision_ref_no,vehicle_reference,vehicle_type,towing_and_articulation,vehicle_manoeuvre_historic,vehicle_manoeuvre,vehicle_direction_from,vehicle_direction_to,vehicle_location_restricted_lane_historic,vehicle_location_restricted_lane,junction_location,skidding_and_overturning,hit_object_in_carriageway,vehicle_leaving_carriageway,hit_object_off_carriageway,first_point_of_impact,vehicle_left_hand_drive,journey_purpose_of_driver_historic,journey_purpose_of_driver,sex_of_driver,age_of_driver,age_band_of_driver,engine_capacity_cc,propulsion_code,age_of_vehicle,generic_make_model,driver_imd_decile,lsoa_of_driver,escooter_flag,driver_distance_banding
2020140989776,2020,140989776,2,9,0,18,19,5,1,0,0,0,1,0,0,0,3,1,6,6,1,24,5,1896,2,15,SEAT ALTEA,1,E01008119,0,-1
2020010284768,2020,010284768,1,9,0,9,9,3,1,0,0,1,0,0,0,0,4,1,6,6,1,56,9,1598,2,6,SEAT ALTEA,1,E01032575,0,-1
2020430217051,2020,430217051,2,9,0,18,19,8,4,0,0,2,1,0,2,4,1,1,2,2,2,24,5,1595,1,11,SEAT ALTEA,6,E01031209,0,-1
2020610041720,2020,610041720,1,9,0,17,19,1,6,0,0,3,0,10,0,0,1,1,6,6,3,-1,-1,1595,1,13,SEAT ALTEA,-1,-1,0,-1
2020200954737,2020,200954737,1,9,0,18,19,3,7,0,0,0,0,0,0,0,1,1,6,6,1,40,7,1968,2,12,SEAT ALTEA,2,E01010279,0,-1
2020990951892,2020,990951892,2,9,0,18,19,7,3,0,0,1,0,0,0,0,1,1,1,1,2,47,8,1896,2,11,SEAT ALTEA,3,-1,0,-1
2020500985304,2020,500985304,1,8,0,3,3,4,8,0,0,0,0,0,0,0,2,1,1,1,2,33,6,1598,2,9,-1,2,E01019047,0,-1
2020010275053,2020,010275053,1,9,0,9,9,4,1,0,0,1,0,0,0,0,1,1,2,2,1,38,7,1598,2,9,SEAT ALTEA,7,E01002226,0,-1
2020140951181,2020,140951181,2,9,0,11,11,6,2,0,0,0,0,0,0,0,1,1,6,6,1,56,9,1598,2,9,SEAT ALTEA,2,E01007847,0,-1
2020140950481,2020,140950481,1,9,0,18,19,5,1,0,0,1,1,0,0,0,4,1,5,6,1,60,9,1896,2,15,SEAT ALTEA,7,E01007741,0,-1
2020100994636,2020,100994636,2,9,0,18,19,2,6,0,0,8,0,0,0,0,3,1,6,6,2,34,6,1968,2,11,SEAT ALTEA,5,E01008811,0,-1
2020170M20120,2020,170M20120,1,9,0,18,19,3,7,0,0,0,0,0,0,0,1,1,6,6,1,38,7,1896,2,10,SEAT ALTEA,7,E01027772,0,-1
2020160973829,2020,160973829,1,9,0,1,1,7,3,0,0,1,0,0,0,0,3,1,6,6,3,-1,-1,1595,1,14,SEAT ALTEA,-1,-1,0,-1
2020010233803,2020,010233803,2,9,0,9,9,5,3,0,0,8,0,0,0,0,3,1,6,6,2,21,5,1598,2,10,SEAT ALTEA,2,E01003151,0,-1
2020500987249,2020,500987249,1,9,0,18,19,7,3,0,0,4,0,0,0,0,1,1,6,6,2,30,6,1896,2,13,SEAT ALTEA,4,E01018895,0,-1
2020070313022,2020,070313022,2,9,0,18,19,2,6,0,0,1,0,0,1,0,1,1,2,2,1,39,7,1598,2,5,SEAT ALTEA,-1,-1,0,-1
2020470968391,2020,470968391,2,9,0,3,3,3,7,0,0,0,0,0,0,0,2,1,2,2,2,29,6,1598,2,8,SEAT ALTEA,4,E01020973,0,-1
2020140972738,2020,140972738,1,9,0,2,2,0,0,0,0,0,0,0,0,0,3,1,5,6,1,51,8,1896,2,16,SEAT ALTEA,3,E01007679,0,-1
2020201009661,2020,201009661,1,9,0,9,9,3,1,0,0,6,0,0,0,0,3,1,1,1,1,30,6,1984,1,13,SEAT ALTEA,6,E01009281,0,-1
2020122001018,2020,122001018,2,9,0,16,19,1,3,0,0,0,0,0,0,0,1,1,2,2,1,43,7,1968,2,12,SEAT ALTEA,1,E01032497,0,-1
2020522001832,2020,522001832,1,9,0,18,19,3,7,0,0,0,0,0,0,0,4,1,6,6,1,32,6,1896,2,14,SEAT ALTEA,5,E01014836,0,-1
2020200999392,2020,200999392,1,9,0,18,19,8,4,0,0,0,0,0,0,0,1,1,6,6,1,42,7,1595,1,16,SEAT ALTEA,1,E01010374,0,-1
2020070032465,2020,070032465,1,9,0,9,9,2,7,0,0,8,0,0,0,0,1,1,2,2,1,47,8,1968,2,13,SEAT ALTEA,5,E01018483,0,-1
2020450932348,2020,450932348,3,9,0,4,4,0,7,0,0,0,0,0,0,0,2,1,5,6,1,43,7,1968,2,13,SEAT ALTEA,8,E01030602,0,-1
2020990974780,2020,990974780,2,9,0,10,10,1,7,0,0,1,0,0,0,0,4,1,2,2,1,27,6,1968,2,12,SEAT ALTEA,1,-1,0,-1
2020460971178,2020,460971178,1,9,0,17,19,5,1,0,0,0,0,0,0,0,1,1,6,6,1,36,7,1968,2,10,SEAT ALTEA,1,E01008836,0,-1
2020040932924,2020,040932924,2,9,0,18,19,3,7,0,0,0,0,0,0,0,2,1,5,6,1,62,9,1598,2,9,SEAT ALTEA,1,E01024899,0,-1
202006M170454,2020,06M170454,1,9,0,18,19,1,5,0,0,8,1,10,1,1,1,1,6,6,1,35,6,1968,2,13,SEAT ALTEA,1,E01005213,0,-1
2020520004503,2020,520004503,1,9,0,18,19,2,6,0,0,0,0,0,0,0,2,1,6,6,1,37,7,1595,1,15,SEAT ALTEA,8,E01028623,0,-1
202006Q178882,2020,06Q178882,1,9,0,11,11,4,8,0,0,0,0,0,0,0,1,1,6,6,1,22,5,1896,2,12,SEAT ALTEA,2,E01006855,0,-1
2020420986707,2020,420986707,1,9,0,16,19,8,4,0,0,0,0,0,0,0,3,1,6,6,2,41,7,1968,2,12,SEAT ALTEA,3,E01022019,0,-1
2020031009662,2020,031009662,1,9,0,5,5,3,7,0,0,0,0,0,0,0,1,1,6,6,3,-1,-1,1598,2,8,SEAT ALTEA,-1,-1,0,-1
2020320079087,2020,320079087,1,9,0,18,19,1,6,0,0,0,5,0,2,0,1,1,2,2,1,33,6,1896,2,13,SEAT ALTEA,2,E01028311,0,-1
2020010238254,2020,010238254,2,9,0,99,99,9,9,99,99,9,9,99,9,99,9,9,6,6,3,-1,-1,1598,2,9,SEAT ALTEA,-1,-1,0,-1
2020552000211,2020,552000211,1,9,0,17,19,3,8,0,0,0,0,0,1,11,1,1,6,6,2,42,7,1896,2,12,SEAT ALTEA,8,E01020455,0,-1
2020360982845,2020,360982845,1,9,0,18,19,6,2,0,0,0,0,0,0,0,1,1,5,6,1,76,11,1598,2,9,SEAT ALTEA,6,E01026664,0,-1
2020400980634,2020,400980634,1,9,0,17,19,6,2,0,0,0,2,0,2,0,1,1,5,6,2,43,7,1896,2,14,SEAT ALTEA,7,E01017420,0,-1
2020500946117,2020,500946117,1,9,0,18,19,7,5,0,0,0,0,0,0,0,1,1,3,7,2,33,6,1595,1,14,SEAT ALTEA,3,E01018856,0,-1
2020161002092,2020,161002092,1,9,0,18,19,1,4,0,0,0,0,0,0,0,1,1,6,6,1,-1,-1,1595,1,13,SEAT ALTEA,-1,-1,0,-1
2020137B11950,2020,137B11950,1,9,0,18,19,8,4,0,0,4,5,0,3,9,1,1,6,6,2,35,6,1598,2,9,SEAT ALTEA,2,E01027227,0,-1
2020010248895,2020,010248895,1,9,0,13,13,1,5,0,0,0,0,0,0,0,1,1,6,6,2,46,8,1595,1,14,SEAT ALTEA,3,E01002151,0,-1
2020100965632,2020,100965632,1,5,0,18,19,1,5,0,0,4,1,0,0,0,1,1,6,6,1,75,10,1783,1,13,-1,-1,-1,0,-1
2020420959661,2020,420959661,1,5,0,18,19,6,2,0,0,0,2,0,0,0,1,1,5,6,1,42,7,1783,1,12,-1,2,E01021486,0,-1
2020552000444,2020,552000444,1,2,0,17,19,6,4,0,0,0,0,0,0,0,1,1,6,6,1,14,3,50,1,3,-1,3,E01015305,0,-1
2020070358832,2020,070358832,2,2,0,3,3,3,7,0,0,4,0,0,0,0,3,1,6,6,1,16,4,50,1,2,-1,4,E01018343,0,-1
2020450953833,2020,450953833,1,5,0,18,19,1,7,0,0,2,1,0,0,0,1,1,2,2,1,54,8,1198,1,11,-1,6,E01031554,0,-1
2020010238347,2020,010238347,2,5,0,18,19,6,2,0,0,8,0,0,0,0,1,-1,2,2,1,37,7,1198,1,11,-1,9,E01003380,0,-1
2020340E03082,2020,340E03082,2,9,0,2,2,0,0,0,0,0,0,4,0,0,1,1,6,6,3,-1,-1,1596,1,6,FORD C-MAX,-1,-1,0,-1
2020500977758,2020,500977758,1,9,0,18,19,1,5,0,0,1,0,0,0,0,3,1,5,6,1,75,10,1560,2,6,FORD C-MAX,6,E01015200,0,-1
2020530968959,2020,530968959,2,9,0,18,19,5,1,0,0,0,0,0,0,0,2,1,5,6,1,70,10,1596,1,8,FORD C-MAX,1,E01014300,0,-1
2020010253158,2020,010253158,2,9,0,18,19,5,1,0,0,8,0,0,0,0,1,1,6,6,2,56,9,1798,1,12,FORD C-MAX,2,E01000484,0,-1
2020122100053,2020,122100053,5,9,0,4,4,2,6,0,0,0,0,0,0,0,0,1,6,6,2,32,6,1499,2,4,FORD C-MAX,9,E01013405,0,-1
2020211010596,2020,211010596,1,9,0,18,19,7,3,0,0,0,0,0,0,0,1,1,6,6,1,28,6,1560,2,11,FORD C-MAX,-1,-1,0,-1
202054C508420,2020,54C508420,2,8,0,18,19,7,3,0,0,1,0,0,0,0,4,1,1,1,1,40,7,1560,2,5,-1,1,E01015572,0,-1
2020122001330,2020,122001330,1,9,0,18,19,5,1,0,0,1,0,0,0,0,1,1,2,2,1,60,9,1596,1,7,FORD C-MAX,10,E01013379,0,-1
2020420964705,2020,420964705,2,9,0,4,4,5,1,0,0,4,0,0,0,0,2,1,6,6,2,40,7,1499,2,4,FORD C-MAX,7,E01021684,0,-1
2020201004937,2020,201004937,3,9,0,18,19,4,8,0,0,0,0,0,0,0,1,1,6,6,1,45,7,1499,2,4,FORD C-MAX,1,E01010037,0,-1
2020410978736,2020,410978736,1,9,0,10,10,1,5,0,0,5,0,0,0,0,3,1,1,1,1,33,6,1560,2,16,FORD C-MAX,7,E01023944,0,-1
202063C042020,2020,63C042020,1,9,0,18,19,1,5,0,0,1,0,0,0,0,1,1,6,6,2,44,7,1560,2,7,FORD C-MAX,7,W01000597,0,-1
2020220981008,2020,220981008,1,9,0,5,5,8,4,0,0,6,0,0,0,0,1,1,5,6,2,34,6,1560,2,12,FORD C-MAX,7,E01028995,0,-1
2020010240116,2020,010240116,2,9,0,9,9,7,5,0,0,5,0,0,0,0,3,1,6,6,1,55,8,1798,1,11,FORD C-MAX,8,E01003896,0,-1
2020540576120,2020,540576120,2,9,0,18,19,1,5,0,0,1,0,0,0,0,1,1,6,6,1,46,8,1560,2,7,FORD C-MAX,1,E01015544,0,-1
2020461007099,2020,461007099,3,9,0,18,19,4,8,0,0,1,0,0,0,0,2,1,3,7,2,36,7,1560,2,8,FORD C-MAX,5,E01024134,0,-1
2020340E05062,2020,340E05062,1,9,0,12,12,1,5,0,0,4,0,0,0,0,3,1,6,6,2,44,7,1596,1,4,FORD C-MAX,8,E01027054,0,-1
2020140968378,2020,140968378,1,9,0,18,19,2,5,0,0,2,0,0,0,0,3,1,5,6,2,44,7,1560,2,7,FORD C-MAX,1,E01007509,0,-1
2020320488708,2020,320488708,1,9,0,18,19,5,1,0,0,4,0,0,0,0,3,1,6,6,2,66,10,1499,2,5,FORD C-MAX,-1,-1,0,-1
2020420922747,2020,420922747,1,9,0,18,19,1,5,0,0,0,0,0,0,0,1,1,5,6,1,44,7,1596,1,7,FORD C-MAX,7,E01021679,0,-1
2020320114375,2020,320114375,2,9,0,18,19,6,2,0,0,8,0,0,0,0,1,1,6,6,2,40,7,1753,2,12,FORD C-MAX,4,E01026067,0,-1
2020440463960,2020,440463960,2,9,0,17,19,2,6,0,0,0,0,0,0,0,3,1,2,2,2,35,6,1560,2,7,FORD C-MAX,9,E01023275,0,-1
2020161009475,2020,161009475,1,9,0,5,5,1,5,0,0,4,0,0,0,0,1,1,5,6,2,58,9,1596,1,2,FORD C-MAX,7,E01012815,0,-1
2020211023680,2020,211023680,2,9,-1,-1,-1,2,2,-1,-1,0,-1,-1,-1,0,-1,1,5,6,1,76,11,1560,2,6,FORD C-MAX,1,E01014218,0,-1
2020450930307,2020,450930307,2,9,0,18,19,5,1,0,0,8,0,0,0,0,1,1,6,6,2,61,9,1997,2,6,FORD C-MAX,10,E01030871,0,-1
2020101005775,2020,101005775,1,9,0,18,19,1,1,0,0,0,0,0,0,0,1,1,6,6,3,71,10,1999,1,12,FORD C-MAX,-1,-1,0,-1
2020990930878,2020,990930878,2,9,0,18,19,7,3,0,0,0,1,0,1,0,1,1,2,2,2,38,7,1596,1,13,FORD C-MAX,1,-1,0,-1
2020340N01302,2020,340N01302,1,9,0,1,1,0,5,9,9,0,0,0,0,0,2,1,6,6,2,41,7,1560,2,5,FORD C-MAX,9,E01027212,0,-1
2020010252381,2020,010252381,1,9,0,9,9,6,3,0,0,1,0,0,0,0,1,1,2,2,1,53,8,1499,2,5,FORD C-MAX,4,E01003062,0,-1
2020990934850,2020,990934850,1,9,0,18,19,4,8,0,0,8,0,0,0,0,3,1,5,6,2,41,7,1560,2,9,FORD C-MAX,8,-1,0,-1
2020140936103,2020,140936103,1,9,0,11,11,6,2,0,0,1,0,0,0,0,1,1,5,6,2,34,6,1560,2,6,FORD C-MAX,5,E01007501,0,-1
2020320356672,2020,320356672,1,9,0,12,12,3,7,0,0,0,0,0,0,0,1,1,6,6,1,47,8,1560,2,6,FORD C-MAX,2,E01026818,0,-1
2020500963614,2020,500963614,1,9,0,4,4,1,5,0,0,0,0,0,0,0,2,1,5,6,2,43,7,1560,2,7,FORD C-MAX,2,E01015073,0,-1
2020440009984,2020,440009984,2,9,0,18,19,2,6,0,0,8,0,0,0,0,1,1,2,2,2,36,7,1596,1,8,FORD C-MAX,8,E01023197,0,-1
2020522002018,2020,522002018,1,9,0,9,9,1,7,0,0,3,0,0,0,0,1,1,6,6,2,75,10,1560,2,6,FORD C-MAX,7,E01014962,0,-1
2020070765169,2020,070765169,1,9,0,18,19,1,5,0,0,0,0,4,0,0,1,1,6,6,1,61,9,999,1,1,FORD C-MAX,1,E01012444,0,-1
2020332000137,2020,332000137,1,9,0,18,19,5,1,0,0,0,0,0,0,0,1,1,6,6,2,34,6,1798,1,11,FORD C-MAX,9,E01025619,0,-1
2020430030886,2020,430030886,3,9,0,3,3,5,1,0,0,0,0,0,0,0,2,1,6,6,3,60,9,1997,2,8,FORD C-MAX,8,E01028712,0,-1
2020370938894,2020,370938894,1,9,0,18,19,8,4,0,0,1,0,0,0,0,1,1,5,6,1,66,10,1997,2,7,FORD C-MAX,4,E01030295,0,-1
202031B025620,2020,31B025620,1,9,0,9,9,1,7,0,0,6,0,0,0,0,1,1,6,6,1,81,11,1499,2,3,FORD C-MAX,7,E01028023,0,-1
2020451003065,2020,451003065,3,9,0,18,19,1,5,0,0,1,0,4,0,0,1,1,2,2,2,46,8,1596,1,6,FORD C-MAX,10,E01030754,0,-1
2020990932921,2020,990932921,1,9,0,18,19,3,7,0,0,1,0,0,0,0,1,1,5,6,1,37,7,1560,2,7,FORD C-MAX,2,-1,0,-1
2020360968221,2020,360968221,1,9,0,18,19,5,3,0,0,2,0,0,0,0,1,1,3,7,1,26,6,1560,2,8,FORD C-MAX,6,E01026797,0,-1
2020070623559,2020,070623559,1,9,0,9,9,3,7,0,0,3,0,0,0,0,4,1,2,2,1,38,7,1560,2,7,FORD C-MAX,10,E01006096,0,-1
2020041000265,2020,041000265,1,9,0,9,9,1,7,0,0,6,0,0,0,0,1,1,5,6,2,50,8,1997,2,9,FORD C-MAX,5,E01012716,0,-1
2020211020380,2020,211020380,1,9,0,18,19,5,1,0,0,1,0,0,0,0,1,1,3,7,1,41,7,1596,1,9,FORD C-MAX,1,E01029427,0,-1
2020010229369,2020,010229369,1,9,0,99,99,9,9,99,99,9,9,99,9,99,2,9,6,6,2,35,6,1997,2,6,FORD C-MAX,5,E01001407,0,-1
2020010239378,2020,010239378,1,9,9,99,99,9,9,99,99,1,9,99,9,99,9,1,6,6,3,-1,-1,1499,2,4,FORD C-MAX,-1,-1,0,-1
2020470930590,2020,470930590,1,9,0,18,19,1,5,0,0,6,0,0,1,1,3,1,5,6,2,34,6,1560,2,9,FORD C-MAX,7,E01020964,0,-1
2020137171515,2020,137171515,1,9,0,9,9,1,5,0,0,8,0,0,0,0,0,1,6,6,2,-1,-1,1499,2,3,FORD C-MAX,8,E01011690,0,-1
2020420926538,2020,420926538,2,9,0,3,3,1,5,0,0,1,0,0,0,0,2,1,6,6,2,36,7,1560,2,8,FORD C-MAX,7,E01021857,0,-1
2020552100241,2020,552100241,1,9,0,18,19,6,2,0,0,0,0,0,0,0,1,1,6,6,2,40,7,1596,1,9,FORD C-MAX,3,E01020572,0,-1
2020461001977,2020,461001977,1,9,0,9,9,1,5,0,0,0,0,0,0,0,1,1,6,6,1,23,5,1560,2,7,FORD C-MAX,1,E01024278,0,-1
2020470941907,2020,470941907,2,9,0,18,19,7,3,0,0,6,0,0,0,0,1,1,5,6,2,68,10,1560,2,6,FORD C-MAX,9,E01018006,0,-1
2020340C02422,2020,340C02422,2,9,0,9,9,7,5,0,0,1,0,0,0,0,1,1,6,6,2,31,6,1596,1,10,FORD C-MAX,2,E01026975,0,-1
2020040958581,2020,040958581,2,9,0,18,19,5,1,0,0,1,0,0,0,0,2,1,2,2,1,48,8,1560,2,9,FORD C-MAX,1,E01012674,0,-1
2020420976164,2020,420976164,2,9,0,18,19,1,3,0,0,4,0,0,0,0,2,1,5,6,2,51,8,1997,2,9,FORD C-MAX,4,E01015958,0,-1
2020052001954,2020,052001954,3,9,0,18,19,2,6,0,0,8,0,0,0,0,1,1,6,6,1,64,9,1560,2,5,FORD C-MAX,5,E01006625,0,-1
2020410985690,2020,410985690,1,9,0,4,4,7,3,0,0,1,0,0,0,0,2,1,6,6,1,67,10,1596,1,7,FORD C-MAX,6,E01023927,0,-1
2020351013161,2020,351013161,1,9,0,5,5,8,4,0,0,0,0,0,0,0,1,1,6,6,1,84,11,999,1,1,FORD C-MAX,7,E01018022,0,-1
2020052002242,2020,052002242,2,9,0,18,19,1,5,0,0,8,0,0,0,0,1,1,6,6,1,36,7,1596,1,12,FORD C-MAX,2,E01007054,0,-1
2020370963423,2020,370963423,1,9,0,16,19,1,5,0,0,0,2,0,0,0,1,1,5,6,2,40,7,1596,1,13,FORD C-MAX,7,E01029896,0,-1
2020200952089,2020,200952089,1,9,0,18,19,8,4,0,0,0,0,0,0,0,1,1,6,6,1,-1,-1,1798,1,12,FORD C-MAX,-1,-1,0,-1
202006K276065,2020,06K276065,2,9,0,3,3,4,8,0,0,1,0,0,0,0,2,1,6,6,2,38,7,1560,2,6,FORD C-MAX,1,E01004857,0,-1
2020010279805,2020,010279805,2,9,0,18,19,8,4,0,0,8,0,0,0,0,1,1,3,7,2,34,6,1596,1,9,FORD C-MAX,4,E01002131,0,-1
2020460960471,2020,460960471,2,9,0,3,3,7,3,0,0,1,0,0,0,0,2,1,6,6,2,50,8,1798,1,12,FORD C-MAX,9,E01024112,0,-1
2020160977991,2020,160977991,1,9,0,4,4,7,3,0,0,8,0,0,0,0,1,1,6,6,1,65,9,1560,2,5,FORD C-MAX,5,E01033414,0,-1
2020010254718,2020,010254718,1,9,0,18,19,3,7,0,0,8,0,11,0,0,1,1,2,2,1,24,5,1596,1,10,FORD C-MAX,5,E01002330,0,-1
2020040936679,2020,040936679,4,9,0,18,19,3,7,0,0,2,0,0,0,0,1,1,6,6,2,56,9,1499,2,3,FORD C-MAX,5,E01025479,0,-1
2020160946874,2020,160946874,1,9,0,7,7,5,7,0,0,6,0,0,0,0,1,1,6,6,1,35,6,1560,2,7,FORD C-MAX,5,E01012756,0,-1
2020451001239,2020,451001239,1,9,0,3,3,1,5,0,0,0,0,0,0,0,2,1,5,6,2,51,8,1499,2,4,FORD C-MAX,8,E01031564,0,-1
2020030968238,2020,030968238,1,9,0,3,3,7,1,0,0,1,0,0,0,0,4,1,6,6,1,53,8,1560,2,7,FORD C-MAX,2,E01033160,0,-1
2020470964771,2020,470964771,1,9,0,15,15,1,5,0,0,0,0,0,0,0,4,1,6,6,1,55,8,1560,2,5,FORD C-MAX,7,E01021130,0,-1
2020360952497,2020,360952497,2,9,0,4,4,2,6,0,0,1,0,0,0,0,2,1,5,6,2,53,8,1560,2,9,FORD C-MAX,10,E01026540,0,-1
2020122001287,2020,122001287,1,9,0,4,4,3,1,0,0,4,0,0,0,0,1,1,6,6,1,59,9,1560,2,7,FORD C-MAX,10,E01013337,0,-1
2020400939563,2020,400939563,1,9,0,18,19,6,2,0,0,0,0,0,0,0,1,1,5,6,1,35,6,1560,2,5,FORD C-MAX,4,E01017487,0,-1
2020430033313,2020,430033313,1,9,0,18,19,4,2,0,0,5,0,0,0,0,1,1,6,6,2,61,9,1596,1,10,FORD C-MAX,6,E01017812,0,-1
2020010273041,2020,010273041,1,9,0,7,7,7,2,0,0,5,0,0,0,0,1,1,6,6,2,27,6,1999,1,12,FORD C-MAX,10,E01025832,0,-1
2020522000221,2020,522000221,1,9,0,9,9,3,1,0,0,6,0,0,0,0,1,1,6,6,1,43,7,1560,2,9,FORD C-MAX,4,E01014612,0,-1
2020010273417,2020,010273417,2,9,0,7,7,5,7,0,0,1,0,0,0,0,4,1,6,6,3,-1,-1,1798,1,12,FORD C-MAX,-1,-1,0,-1
2020302001133,2020,302001133,2,9,0,4,4,6,2,0,0,0,0,0,0,0,2,1,6,6,1,88,11,999,1,5,FORD C-MAX,5,E01013509,0,-1
2020470999945,2020,470999945,2,9,0,18,19,8,4,0,0,1,0,0,0,0,1,1,2,2,2,41,7,1560,2,8,FORD C-MAX,3,E01031559,0,-1
2020990943216,2020,990943216,1,9,0,4,4,3,7,0,0,5,0,0,0,0,1,1,6,6,1,56,9,1499,2,4,FORD C-MAX,10,-1,0,-1
2020201003406,2020,201003406,2,9,0,2,2,0,0,9,9,1,0,0,0,0,3,1,5,6,1,39,7,1560,2,7,FORD C-MAX,2,E01009266,0,-1
202063C020920,2020,63C020920,1,9,0,1,1,6,2,0,0,0,0,0,0,0,2,1,6,6,1,76,11,1499,2,3,FORD C-MAX,6,W01000700,0,-1
2020552000880,2020,552000880,1,9,0,13,13,8,4,0,0,0,0,0,0,0,3,1,2,2,3,-1,-1,1560,2,9,FORD C-MAX,-1,-1,0,-1
2020460991777,2020,460991777,1,9,0,4,4,7,3,0,0,1,0,0,0,0,1,1,6,6,1,45,7,1997,2,7,FORD C-MAX,5,E01024287,0,-1
2020070022097,2020,070022097,2,9,0,5,5,8,6,0,0,6,0,0,0,0,3,1,6,6,1,28,6,1560,2,13,FORD C-MAX,3,E01012454,0,-1
2020070059493,2020,070059493,1,9,0,18,19,3,7,0,0,2,0,0,0,0,1,1,6,6,1,53,8,1997,2,12,FORD C-MAX,2,E01033302,0,-1
2020460994279,2020,460994279,1,9,0,7,7,1,5,0,0,1,0,0,0,0,1,1,5,6,1,59,9,1997,2,9,FORD C-MAX,4,E01016074,0,-1
2020100956215,2020,100956215,2,9,0,9,9,2,8,0,0,1,0,0,0,0,4,1,2,2,1,-1,-1,1753,2,13,FORD C-MAX,8,E01008642,0,-1
2020990982612,2020,990982612,1,9,0,15,15,2,6,0,0,0,0,4,0,0,1,1,6,6,1,83,11,999,1,3,FORD C-MAX,3,-1,0,-1
2020350976435,2020,350976435,1,9,0,14,14,8,4,0,0,2,0,0,0,0,1,1,6,6,2,37,7,1596,1,7,FORD C-MAX,8,E01033116,0,-1
2020500969653,2020,500969653,3,9,0,18,19,3,7,0,0,0,0,0,7,0,3,1,6,6,1,30,6,1753,2,12,FORD C-MAX,6,E01023409,0,-1
2020100942028,2020,100942028,1,9,0,5,5,7,3,0,0,2,0,0,0,0,1,1,2,2,1,51,8,1560,2,9,FORD C-MAX,4,E01027524,0,-1
2020200947580,2020,200947580,2,9,0,18,19,3,7,0,0,8,0,0,0,0,3,1,6,6,1,47,8,1560,2,9,FORD C-MAX,5,E01009703,0,-1
2020010256938,2020,010256938,1,9,0,3,3,3,7,0,0,2,0,0,0,0,2,1,6,6,1,49,8,1596,1,5,FORD C-MAX,2,E01004060,0,-1
202006P271881,2020,06P271881,1,9,0,18,19,6,2,0,0,0,0,0,0,0,1,1,6,6,3,-1,-1,1560,2,9,FORD C-MAX,-1,-1,0,-1
2020010235733,2020,010235733,2,9,0,99,99,9,9,99,99,9,9,99,9,99,1,9,6,6,1,29,6,1560,2,7,FORD C-MAX,7,E01023335,0,-1
2020990987952,2020,990987952,3,9,0,3,3,4,8,0,0,0,0,0,0,0,3,1,6,6,1,39,7,1560,2,9,FORD C-MAX,7,-1,0,-1
2020430254235,2020,430254235,1,9,0,18,19,2,6,0,0,2,0,0,0,0,1,1,6,6,1,77,11,999,1,2,FORD C-MAX,2,E01016443,0,-1
2020140959844,2020,140959844,2,9,0,18,19,5,2,0,0,1,0,0,0,0,1,1,6,6,1,-1,-1,1560,2,5,FORD C-MAX,7,E01007834,0,-1
2020010263500,2020,010263500,1,9,0,18,19,1,5,0,0,0,1,10,1,2,1,1,6,6,1,39,7,1999,1,13,FORD C-MAX,8,E01004386,0,-1
2020010238224,2020,010238224,1,9,0,99,99,9,9,99,99,9,9,99,9,99,2,9,6,6,1,45,7,1560,2,9,FORD C-MAX,5,E01004515,0,-1
2020302000420,2020,302000420,1,9,0,9,9,6,4,0,0,6,0,0,0,0,1,1,6,6,1,35,6,1560,2,5,FORD C-MAX,7,E01013511,0,-1
2020500980458,2020,500980458,1,9,0,5,5,3,7,0,0,8,0,0,0,0,0,1,5,6,1,33,6,1560,2,9,FORD C-MAX,3,E01010085,0,-1
2020522002246,2020,522002246,1,9,0,5,5,6,2,0,0,0,0,0,0,0,2,1,6,6,1,31,6,1596,1,13,FORD C-MAX,3,E01014731,0,-1
2020360918469,2020,360918469,1,9,0,9,9,2,8,0,0,8,0,0,0,0,3,1,6,6,2,72,10,1997,2,9,FORD C-MAX,7,E01026932,0,-1
2020010259565,2020,010259565,3,9,0,2,2,0,0,0,0,0,0,0,0,0,2,1,6,6,3,-1,-1,1997,2,8,FORD C-MAX,-1,-1,0,-1
2020137B61126,2020,137B61126,1,9,0,6,6,1,5,0,0,1,0,0,0,0,2,1,1,1,1,56,9,1798,1,12,FORD C-MAX,2,E01011255,0,-1
2020460934718,2020,460934718,1,9,0,18,19,1,5,0,0,1,0,0,0,0,4,1,5,6,2,36,7,1999,1,12,FORD C-MAX,3,E01016037,0,-1
202006A275616,2020,06A275616,3,9,0,2,2,0,0,0,0,0,0,0,0,0,1,1,6,6,1,30,6,1997,2,11,FORD C-MAX,-1,-1,0,-1
2020552000019,2020,552000019,1,9,0,9,9,8,5,0,0,5,0,0,0,0,1,1,2,2,1,30,6,1596,1,10,FORD C-MAX,5,E01015417,0,-1
2020122001373,2020,122001373,1,9,0,9,9,5,7,0,0,2,0,0,1,10,1,1,6,6,1,39,7,1596,1,12,FORD C-MAX,9,E01027664,0,-1
202006P278442,2020,06P278442,2,9,0,18,19,7,3,0,0,8,0,0,0,0,1,1,6,6,1,30,6,1560,2,7,FORD C-MAX,3,E01005445,0,-1
2020052001727,2020,052001727,1,9,0,9,9,6,5,0,0,8,0,0,0,0,4,1,6,6,2,25,5,1560,2,5,FORD C-MAX,1,E01006481,0,-1
2020052001724,2020,052001724,1,9,0,9,9,5,4,0,0,8,0,0,0,0,4,1,1,1,1,51,8,1560,2,5,FORD C-MAX,1,E01006478,0,-1