collision_index,collision_year,collision_ref_no,vehicle_reference,vehicle_type,towing_and_articulation,vehicle_manoeuvre_historic,vehicle_manoeuvre,vehicle_direction_from,vehicle_direction_to,vehicle_location_restricted_lane_historic,vehicle_location_restricted_lane,junction_location,skidding_and_overturning,hit_object_in_carriageway,vehicle_leaving_carriageway,hit_object_off_carriageway,first_point_of_impact,vehicle_left_hand_drive,journey_purpose_of_driver_historic,journey_purpose_of_driver,sex_of_driver,age_of_driver,age_band_of_driver,engine_capacity_cc,propulsion_code,age_of_vehicle,generic_make_model,driver_imd_decile,lsoa_of_driver,escooter_flag,driver_distance_banding
2020010255405,2020,010255405,1,9,0,99,99,9,9,99,99,9,9,99,9,99,2,9,2,2,2,47,8,1798,1,10,FORD C-MAX,3,E01000373,0,-1
2020522100989,2020,522100989,1,9,0,12,12,2,6,0,0,0,0,0,0,0,2,1,6,6,2,77,11,1596,1,6,FORD C-MAX,2,E01014806,0,-1
2020010234979,2020,010234979,1,9,0,18,19,7,3,0,0,4,0,0,0,0,1,1,2,2,1,37,7,1560,2,9,FORD C-MAX,7,E01003853,0,-1
2020470978260,2020,470978260,2,9,0,18,19,6,3,0,0,4,0,0,3,4,4,1,1,1,1,33,6,1596,1,8,FORD C-MAX,6,E01031604,0,-1
2020137CK1351,2020,137CK1351,1,9,0,9,9,5,3,0,0,6,0,4,0,0,4,1,6,6,2,34,6,1753,2,12,FORD C-MAX,2,E01011852,0,-1
20201371H0334,2020,1371H0334,3,9,0,18,19,8,4,0,0,8,0,0,0,0,1,1,6,6,1,67,10,1997,2,6,FORD C-MAX,4,E01010784,0,-1
2020522002201,2020,522002201,1,9,0,18,19,1,5,0,0,8,0,10,7,1,1,1,6,6,1,55,8,1997,2,3,FORD C-MAX,-1,-1,0,-1
2020360944541,2020,360944541,3,9,0,4,4,0,0,0,0,0,0,0,0,0,2,1,5,6,1,41,7,1596,1,11,FORD C-MAX,1,E01030256,0,-1
2020440435233,2020,440435233,1,9,0,18,19,1,5,0,0,4,0,0,0,0,1,1,2,2,1,57,9,1596,1,7,FORD C-MAX,4,E01017308,0,-1
2020990999225,2020,990999225,1,9,0,18,19,8,6,0,0,8,0,0,0,0,1,1,5,6,1,79,11,1560,2,5,FORD C-MAX,-1,-1,0,-1
2020430000847,2020,430000847,3,9,0,18,19,3,7,0,0,8,0,0,0,0,1,1,6,6,2,72,10,1999,1,10,FORD C-MAX,9,E01017840,0,-1
2020122001114,2020,122001114,1,9,0,18,19,1,5,0,0,0,0,4,0,0,1,1,6,6,1,80,11,1560,2,6,FORD C-MAX,6,E01027823,0,-1
2020040953885,2020,040953885,1,9,0,18,19,3,7,0,0,0,0,0,7,11,1,1,5,6,2,68,10,1798,1,11,FORD C-MAX,4,E01024871,0,-1
2020470988244,2020,470988244,2,9,0,18,19,1,5,0,0,8,0,0,0,0,1,1,5,6,1,52,8,1999,1,11,FORD C-MAX,3,E01021050,0,-1
2020140921574,2020,140921574,1,9,0,18,19,2,6,9,9,3,1,0,1,0,1,1,5,6,1,80,11,1499,2,3,FORD C-MAX,2,E01007783,0,-1
20201375H1247,2020,1375H1247,1,9,0,18,19,4,8,0,0,0,0,7,0,0,1,1,6,6,1,42,7,1997,2,9,FORD C-MAX,6,E01011070,0,-1
2020101012770,2020,101012770,1,9,0,18,19,1,6,0,0,4,0,0,0,0,3,1,5,6,1,67,10,1499,2,3,FORD C-MAX,3,E01027537,0,-1
202031B180820,2020,31B180820,2,9,0,18,19,8,4,0,0,8,0,0,0,0,1,1,1,1,2,36,7,1560,2,6,FORD C-MAX,2,E01019510,0,-1
2020470941852,2020,470941852,2,9,0,4,4,4,7,0,0,1,0,0,0,0,2,1,5,6,1,34,6,1596,1,8,FORD C-MAX,4,E01021051,0,-1
2020010274283,2020,010274283,3,9,0,7,7,5,8,0,0,8,0,0,3,0,1,1,6,6,2,40,7,1997,2,12,FORD C-MAX,2,E01001551,0,-1
2020010244715,2020,010244715,2,9,0,18,19,7,3,0,0,1,0,0,0,0,1,1,6,6,2,40,7,1798,1,12,FORD C-MAX,3,E01001832,0,-1
2020200991125,2020,200991125,1,9,0,18,19,2,6,0,0,1,0,4,0,0,1,1,5,6,1,-1,-1,1596,1,12,FORD C-MAX,-1,-1,0,-1
2020610035020,2020,610035020,2,9,0,11,11,3,7,0,0,0,1,0,0,7,1,1,1,1,1,32,6,1997,2,8,FORD C-MAX,1,W01001867,0,-1
2020010275517,2020,010275517,2,9,0,18,19,1,5,0,0,0,0,0,0,0,1,1,6,6,1,35,6,1997,2,9,FORD C-MAX,4,E01003357,0,-1
2020450969106,2020,450969106,1,9,0,16,19,1,5,0,0,0,0,0,0,0,4,1,5,6,2,78,11,1499,2,2,FORD C-MAX,6,E01030524,0,-1
2020010249849,2020,010249849,2,9,0,10,10,3,1,0,0,1,0,0,1,0,1,1,6,6,1,60,9,1999,1,10,FORD C-MAX,8,E01000342,0,-1
2020500947076,2020,500947076,2,9,0,4,4,0,0,0,0,0,0,0,0,0,2,1,5,6,2,26,6,1560,2,7,FORD C-MAX,4,E01015185,0,-1
2020010272592,2020,010272592,2,9,0,99,99,9,9,99,99,0,9,99,9,99,1,9,6,6,3,38,7,1499,2,4,FORD C-MAX,4,E01003034,0,-1
2020461011066,2020,461011066,2,9,0,2,2,0,0,0,0,1,0,0,0,0,4,1,6,6,2,51,8,1596,1,5,FORD C-MAX,3,E01016046,0,-1
2020500984534,2020,500984534,2,9,0,18,19,4,8,0,0,0,0,0,0,0,1,1,1,1,1,45,7,1560,2,7,FORD C-MAX,2,E01020141,0,-1
2020622000652,2020,622000652,2,9,0,2,2,0,0,0,0,0,0,0,0,0,1,1,6,6,3,-1,-1,1596,1,4,FORD C-MAX,-1,-1,0,-1
2020420920323,2020,420920323,2,9,0,4,4,3,5,0,0,1,0,0,0,0,2,1,5,6,2,34,6,1499,2,4,FORD C-MAX,4,E01003722,0,-1
20201376Q1059,2020,1376Q1059,1,9,0,5,5,4,8,0,0,1,0,0,0,0,0,1,6,6,1,49,8,1499,2,5,FORD C-MAX,2,E01011502,0,-1
2020041008721,2020,041008721,3,9,0,3,3,1,5,0,0,8,0,0,0,0,2,1,5,6,1,60,9,1499,2,4,FORD C-MAX,7,E01025029,0,-1
2020991002447,2020,991002447,1,9,0,18,19,3,7,0,0,2,0,0,0,0,1,1,5,6,2,34,6,1596,1,7,FORD C-MAX,4,-1,0,-1
2020010284134,2020,010284134,1,9,0,4,4,1,5,0,0,1,0,0,0,0,3,1,6,6,2,74,10,1499,2,4,FORD C-MAX,2,E01003624,0,-1
2020622000784,2020,622000784,2,9,0,4,4,4,8,0,0,1,0,0,0,0,2,1,6,6,1,65,9,1997,2,11,FORD C-MAX,4,W01001189,0,-1
2020461010359,2020,461010359,2,9,0,18,19,1,5,0,0,1,0,0,0,0,4,1,5,6,2,56,9,1596,1,10,FORD C-MAX,10,E01016091,0,-1
2020052002114,2020,052002114,1,9,0,9,9,3,1,0,0,8,0,0,0,0,1,1,6,6,1,35,6,1560,2,9,FORD C-MAX,4,E01007115,0,-1
2020010261228,2020,010261228,2,9,0,99,99,9,9,99,99,0,9,99,9,99,9,9,6,6,3,57,9,1997,2,4,FORD C-MAX,7,E01015013,0,-1
2020460988652,2020,460988652,2,9,0,5,5,6,4,0,0,6,0,0,0,0,0,1,6,6,2,42,7,1997,2,7,FORD C-MAX,7,E01024064,0,-1
2020052002694,2020,052002694,1,9,0,18,19,3,7,0,0,0,0,0,0,0,0,1,6,6,3,-1,-1,1499,2,5,FORD C-MAX,-1,-1,0,-1
2020450923143,2020,450923143,2,9,0,18,19,5,3,0,0,8,0,0,0,0,3,1,5,6,1,56,9,1499,2,2,FORD C-MAX,8,E01024057,0,-1
2020522002919,2020,522002919,2,8,0,18,19,5,1,0,0,8,0,0,0,0,1,1,1,1,1,30,6,1596,1,6,-1,-1,-1,0,-1
2020460949700,2020,460949700,2,9,0,18,19,5,1,0,0,1,0,0,0,0,4,1,5,6,2,39,7,1999,1,12,FORD C-MAX,7,E01024630,0,-1
2020420954050,2020,420954050,1,9,0,16,19,5,7,0,0,8,0,0,0,0,1,1,1,1,2,34,6,1596,1,8,FORD C-MAX,2,E01021279,0,-1
2020430433977,2020,430433977,1,9,0,9,9,5,3,0,0,4,0,0,0,0,1,1,6,6,2,44,7,1560,2,7,FORD C-MAX,10,E01016687,0,-1
2020070533949,2020,070533949,1,9,0,9,9,7,5,0,0,6,0,0,0,0,1,1,6,6,1,80,11,1596,1,10,FORD C-MAX,6,E01018612,0,-1
2020161010361,2020,161010361,1,9,0,16,19,6,8,0,0,0,0,0,8,7,1,1,6,6,1,64,9,1999,1,13,FORD C-MAX,1,E01000890,0,-1
2020470963755,2020,470963755,3,9,0,4,4,1,5,0,0,0,0,0,0,0,2,1,6,6,2,54,8,1753,2,12,FORD C-MAX,3,E01031830,0,-1
2020460992090,2020,460992090,1,9,0,9,9,5,3,0,0,1,0,0,0,0,4,1,2,2,1,64,9,1499,2,4,FORD C-MAX,10,E01024404,0,-1
2020361014299,2020,361014299,2,9,0,18,19,2,5,0,0,8,0,0,0,0,1,1,5,6,1,35,6,1560,2,8,FORD C-MAX,1,E01026793,0,-1
2020100971209,2020,100971209,1,9,0,9,9,5,2,0,0,1,0,0,0,0,1,1,5,6,2,67,10,1560,2,8,FORD C-MAX,9,E01027367,0,-1
2020410997105,2020,410997105,1,9,0,7,7,2,3,0,0,8,0,0,0,0,1,1,2,2,2,47,8,1560,2,8,FORD C-MAX,7,E01023517,0,-1
2020522100169,2020,522100169,2,9,0,18,19,7,3,0,0,1,0,0,0,0,1,1,6,6,1,35,6,999,1,1,FORD C-MAX,6,E01016564,0,-1
2020460971811,2020,460971811,1,9,0,5,5,3,7,0,0,0,0,0,0,0,4,1,5,6,1,60,9,1560,2,5,FORD C-MAX,10,E01024146,0,-1
2020471010934,2020,471010934,1,9,0,3,3,2,6,0,0,0,0,0,0,0,2,1,5,6,2,44,7,1499,2,4,FORD C-MAX,1,E01016864,0,-1
202006L271461,2020,06L271461,2,9,0,18,19,3,7,0,0,8,0,0,0,0,1,1,6,6,1,38,7,1997,2,5,FORD C-MAX,5,E01006337,0,-1
202006F171678,2020,06F171678,1,9,0,18,19,3,7,0,0,1,0,0,0,0,1,1,2,2,1,50,8,1560,2,6,FORD C-MAX,5,E01005687,0,-1
2020450959703,2020,450959703,1,9,0,14,14,1,5,0,0,1,0,0,0,0,3,1,5,6,1,51,8,1999,1,13,FORD C-MAX,8,E01030951,0,-1
2020320625037,2020,320625037,1,9,0,5,5,2,6,0,0,0,0,0,0,0,1,1,6,6,1,41,7,1560,2,6,FORD C-MAX,10,E01030415,0,-1
2020200994588,2020,200994588,1,9,0,3,3,-1,-1,0,0,0,0,0,0,0,2,1,6,6,1,39,7,1798,1,11,FORD C-MAX,4,E01009663,0,-1
2020622000979,2020,622000979,2,9,0,4,4,2,5,0,0,0,0,0,0,0,2,1,6,6,1,80,11,1997,2,5,FORD C-MAX,10,W01001091,0,-1
2020990972886,2020,990972886,2,9,0,17,19,2,7,0,0,0,0,0,0,0,1,1,6,6,1,45,7,1596,1,13,FORD C-MAX,4,-1,0,-1
2020052002105,2020,052002105,2,9,0,7,7,3,7,0,0,1,0,0,0,0,0,1,6,6,3,-1,-1,1997,2,7,FORD C-MAX,-1,-1,0,-1
2020010271744,2020,010271744,2,9,0,18,19,5,1,9,9,2,0,0,7,10,1,1,6,6,2,45,7,1596,1,5,FORD C-MAX,5,E01001350,0,-1
202006XF72738,2020,06XF72738,1,9,0,11,11,5,1,0,0,0,0,0,1,6,4,1,6,6,2,34,6,1499,2,4,FORD C-MAX,2,E01004830,0,-1
2020520004799,2020,520004799,1,9,0,18,19,5,1,0,0,8,0,0,0,0,1,1,6,6,1,74,10,1999,1,12,FORD C-MAX,5,E01029102,0,-1
2020010280770,2020,010280770,1,9,0,99,99,9,9,99,99,9,9,99,9,99,1,9,2,2,1,27,6,1798,1,11,FORD C-MAX,4,E01001476,0,-1
2020200996147,2020,200996147,1,9,0,18,19,8,6,0,0,6,0,0,0,0,3,1,6,6,1,45,7,1596,1,13,FORD C-MAX,4,E01009320,0,-1
2020370922042,2020,370922042,2,9,0,18,19,7,2,0,0,0,0,0,0,0,1,1,1,1,1,53,8,1560,2,8,FORD C-MAX,7,E01029875,0,-1
2020420957444,2020,420957444,2,9,0,3,3,5,1,0,0,0,0,0,0,0,2,1,5,6,2,41,7,1499,2,3,FORD C-MAX,9,E01021828,0,-1
2020420958065,2020,420958065,2,9,0,3,3,1,5,0,0,4,0,0,0,0,2,1,5,6,1,63,9,1560,2,6,FORD C-MAX,4,E01021501,0,-1
2020350960809,2020,350960809,1,9,0,5,5,1,7,0,0,1,0,0,0,0,0,1,5,6,1,85,11,1596,1,13,FORD C-MAX,3,E01018081,0,-1
2020122000277,2020,122000277,2,9,0,18,19,7,3,0,0,0,1,0,0,0,3,1,6,6,1,70,10,1560,2,8,FORD C-MAX,6,E01027604,0,-1
2020010229821,2020,010229821,1,9,0,10,10,1,7,0,0,5,0,0,0,0,1,1,6,6,1,38,7,1560,2,8,FORD C-MAX,2,E01001744,0,-1
2020122000714,2020,122000714,2,9,0,2,2,0,0,0,0,1,0,0,0,0,2,1,6,6,3,-1,-1,1499,2,3,FORD C-MAX,-1,-1,0,-1
2020052002344,2020,052002344,1,9,0,9,9,2,8,0,0,8,0,0,0,0,1,1,6,6,1,55,8,1499,2,3,FORD C-MAX,1,E01033765,0,-1
2020010281048,2020,010281048,1,9,0,18,19,1,5,0,0,3,0,0,0,0,2,9,6,6,1,-1,-1,1999,1,12,FORD C-MAX,-1,-1,0,-1
2020030945214,2020,030945214,2,9,0,4,4,0,0,0,0,1,0,0,0,0,2,1,6,6,2,37,7,1560,2,6,FORD C-MAX,2,E01019230,0,-1
2020420936671,2020,420936671,3,9,0,2,2,0,0,0,0,0,0,0,0,0,0,1,5,6,2,39,7,1596,1,10,FORD C-MAX,7,E01021628,0,-1
2020122000540,2020,122000540,1,9,0,18,19,1,4,0,0,3,0,0,0,0,4,1,6,6,1,63,9,1997,2,6,FORD C-MAX,9,E01013426,0,-1
2020010269354,2020,010269354,1,9,0,18,19,7,3,0,0,0,0,0,0,0,1,1,6,6,2,69,10,1596,1,7,FORD C-MAX,-1,-1,0,-1
2020010236201,2020,010236201,1,9,0,9,9,3,1,0,0,6,0,0,0,0,3,1,6,6,2,46,8,1596,1,10,FORD C-MAX,5,E01000322,0,-1
2020220959131,2020,220959131,1,9,0,18,19,5,1,0,0,0,0,0,0,0,1,1,5,6,2,32,6,1560,2,6,FORD C-MAX,8,E01032319,0,-1
2020110983843,2020,110983843,2,9,0,18,19,1,5,0,0,1,0,0,0,0,1,1,3,7,1,45,7,1753,2,12,FORD C-MAX,3,E01012313,0,-1
2020450976854,2020,450976854,2,9,0,18,19,6,2,0,0,0,1,0,0,0,1,1,5,6,2,33,6,1499,2,5,FORD C-MAX,5,E01018973,0,-1
202006L275144,2020,06L275144,2,9,0,18,19,6,2,0,0,1,0,0,0,0,1,1,6,6,1,80,11,1560,2,7,FORD C-MAX,8,E01004783,0,-1
2020052000633,2020,052000633,1,9,0,6,6,3,3,0,0,1,0,0,0,0,4,1,6,6,1,66,10,1560,2,7,FORD C-MAX,8,E01007309,0,-1
2020610014520,2020,610014520,1,9,0,18,19,6,2,0,0,1,0,4,0,0,1,1,6,6,1,85,11,999,1,2,FORD C-MAX,1,W01001422,0,-1
2020230934557,2020,230934557,1,9,0,9,9,8,6,0,0,6,0,0,0,0,3,1,2,2,1,42,7,1560,2,7,FORD C-MAX,10,E01031259,0,-1
2020010238445,2020,010238445,1,9,0,99,99,9,9,99,99,0,9,99,9,99,2,9,6,6,1,43,7,1560,2,7,FORD C-MAX,3,E01000044,0,-1
2020350994299,2020,350994299,1,9,0,7,7,5,7,0,0,6,0,0,0,0,3,1,1,1,2,40,7,1560,2,5,FORD C-MAX,9,E01018221,0,-1
2020010265637,2020,010265637,1,9,0,99,99,9,9,99,99,0,9,99,9,99,2,9,6,6,1,48,8,1499,2,3,FORD C-MAX,2,E01003540,0,-1
2020440455945,2020,440455945,1,9,0,9,9,2,8,0,0,6,0,0,0,0,4,1,6,6,1,50,8,1798,1,10,FORD C-MAX,10,E01023210,0,-1
2020500958933,2020,500958933,2,9,0,18,19,7,3,0,0,0,0,0,0,0,4,1,5,6,2,43,7,1560,2,9,FORD C-MAX,4,E01018954,0,-1
2020990916052,2020,990916052,2,9,0,17,19,7,3,0,0,4,0,0,0,0,1,1,6,6,2,61,9,1499,2,4,FORD C-MAX,4,-1,0,-1
2020220969932,2020,220969932,1,9,0,18,19,3,7,0,0,4,0,9,3,4,1,1,5,6,1,31,6,1798,1,12,FORD C-MAX,2,E01032265,0,-1
2020530983674,2020,530983674,1,9,0,18,19,2,5,0,0,1,0,0,0,0,3,1,6,6,1,56,9,1997,2,6,FORD C-MAX,10,E01022172,0,-1
202006J174731,2020,06J174731,1,9,0,5,5,4,8,0,0,6,0,0,1,0,1,1,6,6,1,51,8,1560,2,6,FORD C-MAX,1,E01005755,0,-1
2020470983984,2020,470983984,1,9,0,18,19,5,1,0,0,8,0,0,0,0,4,1,6,6,2,50,8,998,1,6,FORD C-MAX,6,E01031359,0,-1
2020530931306,2020,530931306,1,9,-1,18,19,-1,-1,0,0,0,0,0,0,0,3,1,6,6,1,74,10,1596,1,6,FORD C-MAX,10,E01022360,0,-1
2020530915474,2020,530915474,1,9,0,9,9,5,1,0,0,5,0,0,0,0,1,1,1,1,1,50,8,1499,2,5,FORD C-MAX,2,E01022290,0,-1
2020140927995,2020,140927995,3,9,0,2,2,0,0,0,0,2,0,0,0,0,3,1,6,6,3,-1,-1,1997,2,12,FORD C-MAX,-1,-1,0,-1
2020552100184,2020,552100184,1,9,0,18,19,7,3,0,0,1,0,0,0,0,1,1,1,1,1,38,7,1560,2,7,FORD C-MAX,5,E01029154,0,-1
2020160933383,2020,160933383,1,9,0,18,19,2,4,0,0,0,1,0,0,0,1,1,5,6,2,41,7,1560,2,7,FORD C-MAX,4,E01009218,0,-1
2020101010440,2020,101010440,1,9,0,16,19,1,5,0,0,1,0,0,1,0,1,1,6,6,1,74,10,1798,1,13,FORD C-MAX,1,E01008667,0,-1
2020100958162,2020,100958162,2,9,0,18,19,1,5,0,0,0,0,0,1,1,1,1,6,6,2,37,7,1560,2,8,FORD C-MAX,2,E01027551,0,-1
2020500988661,2020,500988661,1,9,0,18,19,3,7,0,0,0,0,0,0,0,1,1,5,6,2,35,6,1798,1,13,FORD C-MAX,1,E01015257,0,-1
2020320464473,2020,320464473,1,9,0,18,19,3,7,0,0,4,0,0,0,0,1,1,6,6,1,76,11,1999,1,13,FORD C-MAX,3,E01026085,0,-1
2020541643320,2020,541643320,2,9,0,18,19,6,2,0,0,8,0,0,0,0,4,1,6,6,2,38,7,1798,1,12,FORD C-MAX,9,E01015501,0,-1
202031B012720,2020,31B012720,2,9,0,9,9,4,2,0,0,8,0,0,0,0,1,1,6,6,1,25,5,1560,2,12,FORD C-MAX,4,E01028294,0,-1
2020420953028,2020,420953028,1,9,0,5,5,5,1,0,0,0,0,0,0,0,0,1,6,6,2,28,6,1596,1,9,FORD C-MAX,3,E01033051,0,-1
2020350941340,2020,350941340,1,9,0,18,19,5,3,0,0,1,0,0,0,0,1,1,2,2,1,52,8,1596,1,8,FORD C-MAX,3,E01018072,0,-1
2020010283111,2020,010283111,2,9,0,2,2,0,0,0,0,1,0,0,0,0,3,1,6,6,3,-1,-1,1499,2,3,FORD C-MAX,-1,-1,0,-1
2020990987021,2020,990987021,1,8,0,9,9,6,3,0,0,0,0,0,0,0,1,1,1,1,1,58,9,1560,2,5,-1,1,-1,0,-1
2020010236986,2020,010236986,1,9,0,99,99,9,9,99,99,0,9,99,9,99,2,9,2,2,2,38,7,1997,2,5,FORD C-MAX,3,E01033583,0,-1
2020420953614,2020,420953614,1,9,0,11,11,7,3,0,0,0,0,0,0,0,0,1,6,6,2,44,7,1596,1,11,FORD C-MAX,8,E01021677,0,-1
2020160985944,2020,160985944,1,9,0,9,9,8,6,0,0,0,0,0,0,0,1,1,6,6,2,29,6,1499,2,4,FORD C-MAX,7,E01027799,0,-1
2020430326047,2020,430326047,3,9,0,10,10,4,2,0,0,1,0,0,0,0,2,1,6,6,2,44,7,1499,2,4,FORD C-MAX,10,E01016651,0,-1
2020302001422,2020,302001422,1,9,0,9,9,7,5,0,0,6,0,0,0,0,1,1,3,7,1,65,9,1997,2,9,FORD C-MAX,5,E01019532,0,-1
2020140991989,2020,140991989,2,9,0,18,19,3,7,0,0,0,0,0,0,0,2,1,5,6,1,62,9,1560,2,8,FORD C-MAX,1,E01007474,0,-1
2020010257518,2020,010257518,2,9,0,99,99,9,9,99,99,0,9,99,9,99,1,9,6,6,3,-1,-1,1997,2,7,FORD C-MAX,-1,-1,0,-1
2020040924894,2020,040924894,1,9,0,18,19,3,5,0,0,0,5,4,0,0,3,1,5,6,1,79,11,1499,2,4,FORD C-MAX,4,E01025071,0,-1
202031C022620,2020,31C022620,2,9,0,18,19,5,1,0,0,4,0,0,0,0,3,1,6,6,1,56,9,1798,1,12,FORD C-MAX,1,E01013826,0,-1
2020500980997,2020,500980997,2,9,0,9,9,1,6,0,0,1,0,0,0,0,1,1,5,6,1,47,8,1997,2,8,FORD C-MAX,4,E01032986,0,-1
2020200919948,2020,200919948,1,9,0,9,9,8,6,0,0,6,0,0,0,0,1,1,1,1,1,59,9,1596,1,6,FORD C-MAX,5,E01008959,0,-1
2020100931094,2020,100931094,1,9,0,18,19,2,6,0,0,0,0,0,0,0,1,1,5,6,2,41,7,1560,2,6,FORD C-MAX,2,E01008633,0,-1
2020622000827,2020,622000827,1,9,0,18,19,3,7,0,0,0,0,0,1,4,1,1,6,6,1,29,6,1560,2,9,FORD C-MAX,2,W01001496,0,-1
202031D169920,2020,31D169920,2,9,0,9,9,5,3,0,0,5,0,0,0,0,1,1,6,6,2,35,6,1596,1,11,FORD C-MAX,8,E01028367,0,-1
2020010285895,2020,010285895,1,9,0,4,4,1,5,6,6,1,0,0,0,0,2,1,6,6,2,70,10,1596,1,12,FORD C-MAX,9,E01003005,0,-1
2020500941492,2020,500941492,2,9,0,2,2,0,0,0,0,8,0,0,0,0,2,1,6,6,2,37,7,1798,1,13,FORD C-MAX,6,E01014734,0,-1
202006A268588,2020,06A268588,1,9,0,4,4,4,8,0,0,1,0,0,0,10,1,1,3,7,2,38,7,1999,1,13,FORD C-MAX,1,E01005224,0,-1
202054B372720,2020,54B372720,2,9,0,18,19,6,2,0,0,1,0,0,0,0,2,1,6,6,1,38,7,1560,2,9,FORD C-MAX,7,E01015474,0,-1
20201377B0363,2020,1377B0363,1,9,0,18,19,1,5,0,0,4,0,0,0,0,1,1,6,6,1,32,6,1596,1,4,FORD C-MAX,6,E01011645,0,-1
202006F267687,2020,06F267687,1,9,0,9,9,2,8,0,0,1,0,0,0,0,3,1,6,6,1,37,7,1560,2,5,FORD C-MAX,3,E01006359,0,-1
20201378C0836,2020,1378C0836,1,9,0,18,19,2,6,0,0,1,0,0,0,0,3,1,6,6,2,33,6,1997,2,8,FORD C-MAX,1,E01011432,0,-1
2020411007863,2020,411007863,2,9,0,3,3,6,2,0,0,0,0,0,0,0,2,1,1,1,1,37,7,1596,1,12,FORD C-MAX,10,E01023664,0,-1
2020500982446,2020,500982446,1,9,0,7,7,5,7,0,0,5,0,0,0,0,4,1,5,6,1,50,8,1753,2,9,FORD C-MAX,6,E01012616,0,-1
2020471008111,2020,471008111,1,9,0,9,9,4,2,0,0,6,0,0,0,0,3,1,5,6,1,56,9,999,1,4,FORD C-MAX,6,E01020949,0,-1
2020440382861,2020,440382861,1,9,0,18,19,8,4,0,0,8,0,0,7,1,4,1,6,6,1,33,6,1560,2,9,FORD C-MAX,5,E01017096,0,-1
2020522002687,2020,522002687,1,9,0,3,3,3,7,0,0,1,0,0,0,0,2,1,6,6,1,43,7,1753,2,12,FORD C-MAX,2,E01032621,0,-1
2020350943483,2020,350943483,2,9,0,18,19,4,2,0,0,0,1,0,0,0,1,1,2,2,2,47,8,1997,2,9,FORD C-MAX,7,E01018165,0,-1
2020220923766,2020,220923766,2,9,0,2,2,0,0,0,0,0,0,0,0,0,3,1,5,6,2,37,7,1560,2,7,FORD C-MAX,3,E01032241,0,-1
2020500997901,2020,500997901,1,9,0,18,19,3,7,0,0,0,0,0,0,0,1,1,5,6,2,23,5,1798,1,12,FORD C-MAX,4,E01020328,0,-1
2020460927167,2020,460927167,1,9,0,4,4,3,7,0,0,0,1,0,1,0,1,1,1,1,1,38,7,1753,2,10,FORD C-MAX,6,E01033091,0,-1
2020100976684,2020,100976684,4,9,0,18,19,1,1,0,0,0,0,0,0,0,2,1,5,6,1,59,9,1560,2,7,FORD C-MAX,3,E01024310,0,-1
2020010238699,2020,010238699,3,9,0,18,19,7,3,0,0,1,0,0,0,0,0,1,1,1,1,47,8,1997,2,6,FORD C-MAX,2,E01001215,0,-1
2020460947690,2020,460947690,1,9,0,18,19,7,3,0,0,1,0,0,0,0,1,1,2,2,1,40,7,1997,2,9,FORD C-MAX,4,E01024197,0,-1
2020211009198,2020,211009198,2,9,0,4,4,5,1,0,0,0,0,0,0,0,2,1,6,6,2,32,6,1596,1,12,FORD C-MAX,4,E01010298,0,-1
2020470959270,2020,470959270,2,9,0,9,9,6,8,0,0,1,0,0,0,0,1,1,6,6,2,37,7,1997,2,7,FORD C-MAX,5,E01031595,0,-1
2020101007268,2020,101007268,1,9,0,9,9,1,3,0,0,6,0,0,0,0,1,1,5,6,2,55,8,1560,2,7,FORD C-MAX,6,E01027484,0,-1
2020320606125,2020,320606125,1,9,0,13,13,1,5,0,0,0,0,4,0,0,1,1,6,6,2,78,11,1997,2,4,FORD C-MAX,8,E01026313,0,-1
2020201016254,2020,201016254,3,9,0,18,19,6,2,0,0,0,0,0,0,0,2,1,6,6,1,-1,-1,999,1,2,FORD C-MAX,2,E01010300,0,-1
2020052000232,2020,052000232,1,9,0,4,4,1,5,0,0,1,0,0,0,0,1,1,6,6,1,84,11,999,1,1,FORD C-MAX,1,E01007289,0,-1
2020549881120,2020,549881120,2,9,0,18,19,4,8,0,0,1,0,0,0,0,3,1,6,6,2,29,6,1560,2,6,FORD C-MAX,-1,-1,0,-1
2020010284101,2020,010284101,2,9,0,4,4,5,1,0,0,0,0,0,0,0,1,1,6,6,1,29,6,1997,2,9,FORD C-MAX,7,E01002173,0,-1
2020137210370,2020,137210370,1,9,0,18,19,7,3,0,0,4,0,0,1,11,1,1,6,6,1,32,6,1798,1,11,FORD C-MAX,5,E01011415,0,-1
202006J172648,2020,06J172648,4,9,0,2,2,0,0,0,0,4,0,0,0,0,4,1,6,6,1,34,6,1596,1,10,FORD C-MAX,2,E01006036,0,-1
2020552000551,2020,552000551,2,9,0,3,3,1,5,0,0,4,0,0,0,0,3,1,6,6,2,48,8,999,1,2,FORD C-MAX,5,E01015468,0,-1
2020140965245,2020,140965245,2,9,0,18,19,5,2,0,0,2,0,0,0,0,4,1,6,6,1,47,8,1596,1,6,FORD C-MAX,2,E01008158,0,-1
2020470955796,2020,470955796,2,9,0,4,4,8,4,0,0,0,0,0,0,0,2,1,6,6,2,40,7,1999,1,12,FORD C-MAX,8,E01021027,0,-1
2020470953034,2020,470953034,2,9,0,7,7,7,1,0,0,4,0,0,0,0,2,1,6,6,1,24,5,1596,1,12,FORD C-MAX,6,E01031513,0,-1