collision_index,collision_year,collision_ref_no,vehicle_reference,vehicle_type,towing_and_articulation,vehicle_manoeuvre_historic,vehicle_manoeuvre,vehicle_direction_from,vehicle_direction_to,vehicle_location_restricted_lane_historic,vehicle_location_restricted_lane,junction_location,skidding_and_overturning,hit_object_in_carriageway,vehicle_leaving_carriageway,hit_object_off_carriageway,first_point_of_impact,vehicle_left_hand_drive,journey_purpose_of_driver_historic,journey_purpose_of_driver,sex_of_driver,age_of_driver,age_band_of_driver,engine_capacity_cc,propulsion_code,age_of_vehicle,generic_make_model,driver_imd_decile,lsoa_of_driver,escooter_flag,driver_distance_banding
2020100946704,2020,100946704,1,9,0,18,19,3,7,0,0,1,0,0,0,0,1,1,5,6,1,51,8,1560,2,5,FORD C-MAX,4,E01027498,0,-1
2020140929988,2020,140929988,3,9,0,18,19,1,5,0,0,1,0,0,0,0,1,1,2,2,1,65,9,1560,2,6,FORD C-MAX,3,E01007368,0,-1
2020010284926,2020,010284926,1,9,0,16,19,3,7,0,0,8,1,0,3,11,1,1,6,6,1,-1,-1,1798,1,13,FORD C-MAX,-1,-1,0,-1
2020500989695,2020,500989695,1,9,0,18,19,5,1,0,0,0,0,0,0,0,4,1,6,6,2,41,7,1997,2,8,FORD C-MAX,2,E01015170,0,-1
2020622000585,2020,622000585,1,9,0,18,19,8,4,0,0,4,0,0,0,0,3,1,6,6,2,30,6,1997,2,8,FORD C-MAX,6,W01001129,0,-1
2020470950073,2020,470950073,1,9,0,18,19,3,7,0,0,0,0,0,0,0,4,1,5,6,2,55,8,999,1,3,FORD C-MAX,6,E01031509,0,-1
2020122001221,2020,122001221,2,9,0,4,4,5,1,0,0,8,1,0,0,0,2,1,3,7,2,33,6,1560,2,9,FORD C-MAX,8,E01013430,0,-1
2020030921600,2020,030921600,2,9,0,4,4,5,1,0,0,2,0,0,0,0,2,1,5,6,1,51,8,998,1,7,FORD C-MAX,8,E01019391,0,-1
2020460992964,2020,460992964,2,9,0,9,9,5,1,0,0,2,0,0,0,0,3,1,2,2,2,56,9,999,1,4,FORD C-MAX,7,E01024141,0,-1
2020361008426,2020,361008426,2,9,0,18,19,7,5,0,0,0,0,0,0,0,1,1,6,6,2,45,7,1753,2,12,FORD C-MAX,5,E01030290,0,-1
2020100978746,2020,100978746,1,9,0,18,19,1,5,0,0,0,0,0,0,0,1,1,5,6,1,60,9,1560,2,7,FORD C-MAX,3,E01008486,0,-1
2020041004366,2020,041004366,1,9,0,18,19,1,5,0,0,0,0,0,0,0,1,1,5,6,2,39,7,1560,2,7,FORD C-MAX,7,E01025609,0,-1
2020140934780,2020,140934780,1,9,0,18,19,4,4,0,0,1,0,0,0,0,4,1,5,6,2,35,6,1560,2,8,FORD C-MAX,2,E01007967,0,-1
2020137780190,2020,137780190,1,9,0,1,1,2,6,0,0,0,0,0,0,0,2,1,6,6,1,76,11,1596,1,9,FORD C-MAX,8,E01011825,0,-1
2020440386582,2020,440386582,1,9,0,9,9,6,4,0,0,5,0,0,0,0,4,1,1,1,2,29,6,1596,1,9,FORD C-MAX,8,E01017148,0,-1
2020340S03342,2020,340S03342,2,9,0,18,19,7,3,0,0,0,0,0,0,0,1,1,6,6,1,30,6,1560,2,8,FORD C-MAX,8,E01027282,0,-1
2020070732992,2020,070732992,3,9,0,3,3,6,2,0,0,0,0,0,0,0,2,1,6,6,2,40,7,1498,1,1,FORD C-MAX,9,E01012568,0,-1
2020622001091,2020,622001091,2,9,0,18,19,3,7,0,0,8,0,0,0,0,1,1,6,6,1,68,10,1596,1,9,FORD C-MAX,10,W01001854,0,-1
2020460977950,2020,460977950,2,9,0,4,4,3,4,0,0,0,0,0,0,0,2,1,6,6,1,31,6,1499,2,4,FORD C-MAX,3,E01016043,0,-1
2020052001425,2020,052001425,2,9,0,3,3,5,1,0,0,0,0,0,0,0,2,1,6,6,1,72,10,1596,1,6,FORD C-MAX,2,E01006782,0,-1
2020400969956,2020,400969956,2,9,0,18,19,4,3,0,0,0,0,0,0,0,1,1,5,6,1,53,8,1560,2,7,FORD C-MAX,9,E01017559,0,-1
2020010265921,2020,010265921,2,9,0,18,19,1,5,0,0,2,0,0,0,0,1,1,6,6,1,26,6,1596,1,7,FORD C-MAX,5,E01000469,0,-1
2020552000248,2020,552000248,1,9,0,18,19,5,1,0,0,0,0,0,0,0,1,1,2,2,2,56,9,1560,2,9,FORD C-MAX,10,E01020525,0,-1
2020201001903,2020,201001903,2,9,0,18,19,8,5,0,0,8,0,0,0,0,3,1,6,6,1,42,7,1596,1,8,FORD C-MAX,6,E01010200,0,-1
2020010234771,2020,010234771,1,9,0,17,19,4,1,0,0,4,0,0,0,0,1,1,6,6,3,-1,-1,1596,1,9,FORD C-MAX,-1,-1,0,-1
2020210943075,2020,210943075,2,9,-1,18,19,7,3,0,0,1,0,0,0,0,2,1,5,6,2,46,8,1596,1,12,FORD C-MAX,1,E01014367,0,-1
2020040939893,2020,040939893,1,9,0,5,5,5,7,0,0,2,0,0,0,0,1,2,5,6,1,74,10,1499,2,5,FORD C-MAX,1,E01012639,0,-1
2020501001469,2020,501001469,3,9,0,18,19,1,5,0,0,0,0,0,0,0,2,1,5,6,1,35,6,1596,1,9,FORD C-MAX,3,E01015084,0,-1
2020010244959,2020,010244959,1,9,0,18,19,3,7,0,0,8,0,0,0,0,1,1,2,2,2,54,8,1999,1,11,FORD C-MAX,8,E01002942,0,-1
202031B147420,2020,31B147420,1,9,0,18,19,8,4,0,0,0,0,0,0,0,1,1,6,6,1,56,9,1560,2,8,FORD C-MAX,6,E01028326,0,-1
2020201009502,2020,201009502,1,9,0,18,19,3,7,0,0,0,0,10,1,0,1,1,6,6,1,18,4,1999,1,12,FORD C-MAX,1,E01009612,0,-1
2020040988874,2020,040988874,3,9,0,4,4,7,3,0,0,0,0,10,0,0,2,1,5,6,1,43,7,999,1,4,FORD C-MAX,3,E01012658,0,-1
2020230986230,2020,230986230,2,9,0,18,19,6,3,0,0,8,0,0,0,0,3,1,5,6,1,65,9,1997,2,12,FORD C-MAX,3,E01031321,0,-1
2020450932738,2020,450932738,1,9,0,18,19,4,8,0,0,0,0,0,0,0,3,1,2,2,1,40,7,1999,1,12,FORD C-MAX,3,E01030744,0,-1
2020220921577,2020,220921577,2,9,0,5,5,5,8,0,0,4,0,0,0,0,3,1,5,6,2,38,7,1560,2,13,FORD C-MAX,2,E01022238,0,-1
2020010254402,2020,010254402,1,9,0,9,9,3,1,0,0,5,0,0,0,0,3,1,6,6,1,38,7,1997,2,8,FORD C-MAX,2,E01001748,0,-1
2020500957532,2020,500957532,1,9,0,9,9,2,8,0,0,6,0,0,0,0,1,1,5,6,2,54,8,1753,2,13,FORD C-MAX,1,E01015048,0,-1
2020010232087,2020,010232087,2,9,0,18,19,5,1,0,0,1,0,0,0,0,1,1,6,6,1,25,5,1997,2,9,FORD C-MAX,-1,-1,0,-1
2020010245712,2020,010245712,1,9,0,9,9,7,4,0,0,6,0,0,0,0,1,1,1,1,2,39,7,1997,2,7,FORD C-MAX,2,E01004067,0,-1
2020430026398,2020,430026398,2,9,0,18,19,3,7,0,0,8,0,0,0,0,1,1,6,6,1,77,11,1753,2,12,FORD C-MAX,9,E01016330,0,-1
2020010235326,2020,010235326,1,9,0,99,99,9,9,99,99,9,9,99,9,99,1,9,6,6,1,55,8,1560,2,9,FORD C-MAX,4,E01002018,0,-1
2020140979038,2020,140979038,1,9,0,5,5,5,1,0,0,4,0,0,0,0,1,2,5,6,1,28,6,1596,1,8,FORD C-MAX,2,E01007323,0,-1
2020010235909,2020,010235909,1,9,0,1,1,3,5,8,6,0,0,0,0,0,1,1,6,6,1,39,7,1560,2,7,FORD C-MAX,5,E01003640,0,-1
2020010241877,2020,010241877,1,9,0,18,19,4,8,0,0,5,0,0,0,0,1,1,6,6,1,34,6,1997,2,6,FORD C-MAX,3,E01004028,0,-1
2020040978363,2020,040978363,1,9,0,18,19,5,1,0,0,1,0,0,0,0,1,1,6,6,1,21,5,1498,1,1,FORD C-MAX,4,E01012714,0,-1
2020500999487,2020,500999487,2,9,0,3,3,1,5,0,0,0,0,0,0,0,2,1,6,6,2,50,8,1560,2,5,FORD C-MAX,8,E01014147,0,-1
2020140920296,2020,140920296,1,9,0,5,5,1,5,0,0,4,0,0,0,0,3,1,2,2,2,54,8,1997,2,8,FORD C-MAX,6,E01007585,0,-1
2020361005376,2020,361005376,2,9,0,18,19,1,5,0,0,8,0,0,0,0,4,1,5,6,1,59,9,1798,1,11,FORD C-MAX,6,E01033042,0,-1
2020460974397,2020,460974397,1,9,0,18,19,7,3,0,0,6,0,0,0,0,4,1,6,6,2,28,6,1999,1,11,FORD C-MAX,2,E01024170,0,-1
2020450963114,2020,450963114,1,9,0,12,12,2,6,0,0,0,0,0,0,0,2,1,5,6,2,45,7,1560,2,8,FORD C-MAX,10,E01016246,0,-1
2020370942736,2020,370942736,2,9,0,9,9,8,5,0,0,8,0,0,0,0,2,1,6,6,1,-1,-1,1560,2,8,FORD C-MAX,7,E01030119,0,-1
2020010259439,2020,010259439,1,9,0,18,19,8,4,0,0,1,0,0,0,0,1,1,6,6,3,-1,-1,1560,2,7,FORD C-MAX,-1,-1,0,-1
2020101036240,2020,101036240,1,9,0,18,19,7,3,0,0,0,0,0,0,0,1,1,5,6,1,59,9,1499,2,3,FORD C-MAX,1,E01027540,0,-1
2020210985428,2020,210985428,1,9,0,1,1,1,5,0,0,8,0,0,0,0,2,1,6,6,1,46,8,1753,2,13,FORD C-MAX,4,E01014268,0,-1
2020544636120,2020,544636120,1,9,0,18,19,5,1,0,0,1,0,0,0,0,1,1,6,6,1,53,8,1753,2,13,FORD C-MAX,3,E01023205,0,-1
2020361015416,2020,361015416,2,9,0,18,19,6,2,0,0,0,0,0,0,0,1,1,5,6,1,39,7,1499,2,5,FORD C-MAX,5,E01026255,0,-1
2020010273068,2020,010273068,1,9,0,9,9,8,6,0,0,1,0,0,0,0,3,1,6,6,2,50,8,1997,2,9,FORD C-MAX,7,E01002007,0,-1
2020010232658,2020,010232658,2,9,0,99,99,9,9,99,99,0,9,99,9,99,1,9,6,6,3,-1,-1,1753,2,13,FORD C-MAX,5,E01004377,0,-1
2020430263535,2020,430263535,1,9,0,16,19,7,3,0,0,0,0,0,0,0,1,1,6,6,2,44,7,999,1,1,FORD C-MAX,1,E01028568,0,-1
2020010244123,2020,010244123,1,9,0,99,99,9,9,99,99,0,9,99,9,99,3,1,6,6,1,61,9,1997,2,6,FORD C-MAX,2,E01002310,0,-1
2020302000498,2020,302000498,2,9,0,9,9,3,8,0,0,2,0,0,0,0,4,1,6,6,1,40,7,1753,2,12,FORD C-MAX,6,E01019782,0,-1
2020201016317,2020,201016317,1,9,0,9,9,6,4,0,0,6,0,0,0,0,3,1,6,6,2,42,7,1560,2,12,FORD C-MAX,7,E01010123,0,-1
2020350921471,2020,350921471,1,9,0,9,9,4,8,0,0,1,0,0,0,0,1,1,5,6,1,77,11,1596,1,13,FORD C-MAX,6,E01017967,0,-1
2020552000939,2020,552000939,1,9,0,11,11,5,1,0,0,0,2,0,1,0,0,1,6,6,1,68,10,1798,1,13,FORD C-MAX,6,E01020424,0,-1
2020522100482,2020,522100482,3,9,0,18,19,7,3,0,0,4,0,0,0,0,1,1,6,6,2,37,7,1997,2,11,FORD C-MAX,7,E01014385,0,-1
2020460965925,2020,460965925,2,9,0,18,19,6,2,0,0,4,0,0,0,0,2,1,6,6,2,35,6,1997,2,8,FORD C-MAX,3,E01024717,0,-1
2020010239786,2020,010239786,6,9,0,2,2,0,0,0,0,1,0,0,0,0,4,1,6,6,3,-1,-1,1999,1,12,FORD C-MAX,-1,-1,0,-1
2020100995795,2020,100995795,1,9,0,1,1,8,4,0,0,0,0,0,0,0,3,1,5,6,1,40,7,1560,2,6,FORD C-MAX,1,E01008439,0,-1
2020500926042,2020,500926042,2,9,0,17,19,1,5,0,0,0,0,0,0,0,2,1,2,2,2,39,7,1560,2,6,FORD C-MAX,4,E01020305,0,-1
2020302000958,2020,302000958,2,19,0,2,2,0,0,0,0,0,0,0,0,0,2,1,6,6,3,-1,-1,3198,2,6,FORD RANGER,-1,-1,0,-1
202006XK67600,2020,06XK67600,1,19,0,12,12,1,5,0,0,0,0,0,0,0,3,1,6,6,1,55,8,2198,2,8,FORD RANGER,5,E01025431,0,-1
2020440428216,2020,440428216,1,19,0,1,1,4,6,0,0,5,0,0,0,0,2,1,6,6,1,-1,-1,2499,2,16,FORD RANGER,-1,-1,0,-1
2020420960644,2020,420960644,2,19,0,4,4,3,7,0,0,0,0,0,0,0,2,1,6,6,1,41,7,3198,2,3,FORD RANGER,8,E01015991,0,-1
2020030946190,2020,030946190,2,19,0,18,19,7,3,0,0,0,0,0,0,0,1,1,5,6,1,34,6,3198,2,2,FORD RANGER,9,E01027660,0,-1
2020010236454,2020,010236454,1,19,0,99,99,9,9,99,99,0,9,99,9,99,2,9,2,2,1,47,8,3198,2,2,FORD RANGER,6,E01001867,0,-1
2020450988554,2020,450988554,2,19,0,7,7,3,7,0,0,1,0,0,0,0,1,1,6,6,1,35,6,2198,2,1,FORD RANGER,8,E01030534,0,-1
2020110933800,2020,110933800,2,19,0,18,19,1,5,0,0,1,0,0,0,0,1,1,2,2,1,37,7,3198,2,2,FORD RANGER,7,E01020853,0,-1
2020302000404,2020,302000404,1,19,0,18,19,4,8,0,0,0,1,0,1,11,1,1,2,2,1,22,5,2499,2,16,FORD RANGER,4,E01019742,0,-1
2020370919345,2020,370919345,2,19,0,18,19,5,1,0,0,8,1,0,0,0,1,1,2,2,1,69,10,2500,2,13,FORD RANGER,5,E01030222,0,-1
2020470961963,2020,470961963,2,19,0,18,19,2,6,0,0,0,0,0,0,0,1,1,6,6,1,62,9,2198,2,5,FORD RANGER,5,E01021216,0,-1
2020470983786,2020,470983786,1,19,0,17,19,3,8,0,0,0,1,0,1,4,3,1,5,6,2,23,5,2499,2,19,FORD RANGER,8,E01030528,0,-1
2020460951320,2020,460951320,2,19,0,2,2,0,0,0,0,0,0,0,0,0,3,1,6,6,1,-1,-1,3198,2,7,FORD RANGER,-1,-1,0,-1
2020990922279,2020,990922279,1,19,0,15,15,7,3,0,0,8,0,0,0,0,4,2,1,1,1,53,8,2198,2,5,FORD RANGER,3,-1,0,-1
2020460997052,2020,460997052,1,19,1,14,14,2,6,0,0,1,0,11,0,0,2,1,5,6,3,-1,-1,3198,2,2,FORD RANGER,-1,-1,0,-1
2020010239700,2020,010239700,1,19,0,99,99,9,9,99,99,9,9,99,9,99,2,9,2,2,1,31,6,3198,2,2,FORD RANGER,5,E01002249,0,-1
2020400939158,2020,400939158,1,19,0,18,19,1,5,0,0,0,0,0,0,0,1,1,6,6,3,-1,-1,2198,2,6,FORD RANGER,-1,-1,0,-1
2020010230132,2020,010230132,1,19,0,18,19,7,3,0,0,9,0,0,0,0,4,1,6,6,1,49,8,3198,2,2,FORD RANGER,9,E01023375,0,-1
2020530927909,2020,530927909,2,19,0,18,19,3,7,0,0,1,0,0,0,0,1,1,1,1,1,51,8,3198,2,4,FORD RANGER,10,E01022366,0,-1
2020440464954,2020,440464954,2,19,0,18,19,3,7,0,0,8,0,7,7,10,4,1,2,2,1,32,6,1996,2,1,FORD RANGER,6,E01022911,0,-1
2020010281367,2020,010281367,2,19,9,99,99,9,9,99,99,9,9,99,9,99,1,9,6,6,3,-1,-1,2500,2,11,FORD RANGER,-1,-1,0,-1
2020140959761,2020,140959761,2,19,0,17,19,5,2,0,0,0,0,0,0,0,3,1,1,1,1,48,8,3198,2,2,FORD RANGER,3,E01007490,0,-1
2020302000044,2020,302000044,1,19,0,18,19,4,8,0,0,0,0,0,0,0,1,1,2,2,1,44,7,3198,2,4,FORD RANGER,2,E01027980,0,-1
2020990928872,2020,990928872,4,19,0,18,19,7,3,0,0,0,0,0,0,0,1,1,2,2,1,30,6,3198,2,5,FORD RANGER,10,-1,0,-1
2020440360924,2020,440360924,2,19,0,18,19,2,6,0,0,0,0,0,0,0,1,1,6,6,1,49,8,1996,2,1,FORD RANGER,6,E01031520,0,-1
2020460959502,2020,460959502,4,19,0,4,4,3,7,0,0,0,0,0,0,0,2,1,6,6,1,42,7,2198,2,2,FORD RANGER,7,E01000376,0,-1
2020200944734,2020,200944734,3,19,0,18,19,5,1,0,0,0,0,0,0,0,2,1,2,2,1,48,8,3198,2,3,FORD RANGER,3,E01010479,0,-1
2020360972938,2020,360972938,1,19,0,5,5,2,6,0,0,8,0,0,0,0,3,1,5,6,1,58,9,3198,2,3,FORD RANGER,3,E01026786,0,-1
2020010231507,2020,010231507,2,19,0,99,99,9,9,99,99,9,9,99,9,99,9,9,6,6,3,-1,-1,3198,2,5,FORD RANGER,-1,-1,0,-1
2020361011751,2020,361011751,1,19,0,18,19,7,3,0,0,0,0,0,0,0,3,1,5,6,1,32,6,2500,2,14,FORD RANGER,6,E01026613,0,-1
2020137730969,2020,137730969,2,19,0,18,19,8,4,9,9,8,0,0,0,0,1,1,1,1,1,63,9,2198,2,8,FORD TRANSIT,4,E01011839,0,-1
2020520100156,2020,520100156,2,19,0,9,9,3,2,0,0,8,0,0,0,0,3,1,6,6,1,27,6,2198,2,8,FORD TRANSIT,5,E01029101,0,-1
2020200953454,2020,200953454,1,98,0,18,19,6,2,0,0,1,0,0,0,0,2,1,6,6,1,-1,-1,2198,2,13,FORD TRANSIT,-1,-1,0,-1
2020622001046,2020,622001046,2,19,0,10,10,4,8,0,0,1,0,0,0,0,2,1,1,1,1,58,9,1998,2,14,FORD TRANSIT,6,W01000779,0,-1
2020040974617,2020,040974617,1,19,0,18,19,2,6,0,0,8,0,0,0,0,4,1,1,1,1,38,7,2402,2,14,FORD TRANSIT,3,E01025578,0,-1
2020201007375,2020,201007375,3,19,0,18,19,2,6,0,0,8,0,10,1,0,1,1,1,1,1,58,9,2198,2,7,FORD TRANSIT,2,E01010073,0,-1
2020470979080,2020,470979080,1,19,0,18,19,7,3,0,0,0,0,0,0,0,4,1,1,1,1,34,6,2402,2,13,FORD TRANSIT,1,E01016900,0,-1
2020137C40924,2020,137C40924,2,19,0,18,19,4,8,0,0,0,0,0,0,0,3,1,6,6,1,50,8,2198,2,13,FORD TRANSIT,5,E01011731,0,-1
2020320484853,2020,320484853,3,19,0,16,19,8,4,0,0,0,0,0,0,0,1,1,6,6,1,67,10,2198,2,7,FORD TRANSIT,4,E01026259,0,-1
2020010269308,2020,010269308,1,19,0,18,19,1,5,0,0,2,0,0,0,0,0,1,1,1,1,31,6,1995,2,3,FORD TRANSIT,4,E01003907,0,-1
2020400975403,2020,400975403,3,19,0,2,2,0,0,0,0,2,0,0,0,0,2,1,6,6,1,37,7,2198,2,7,FORD TRANSIT,4,E01017476,0,-1
2020052001621,2020,052001621,2,19,0,2,2,0,0,0,0,0,0,0,0,0,2,1,6,6,3,-1,-1,2402,2,19,FORD TRANSIT,-1,-1,0,-1
2020122000210,2020,122000210,1,20,0,9,9,1,3,0,0,2,0,0,0,0,3,1,1,1,1,52,8,2198,2,4,FORD TRANSIT,8,E01027568,0,-1
2020302001603,2020,302001603,1,19,0,18,19,6,2,0,0,0,0,0,0,0,1,1,6,6,1,21,5,1995,2,1,FORD TRANSIT,2,E01013504,0,-1
2020450997736,2020,450997736,1,19,0,18,19,1,5,0,0,1,0,0,0,0,1,1,6,6,3,30,6,2198,2,6,FORD TRANSIT,9,E01030712,0,-1
2020450985353,2020,450985353,1,98,4,18,19,1,5,0,0,0,0,0,0,0,1,1,6,6,3,35,6,2402,2,13,FORD TRANSIT,-1,-1,0,-1
2020421008570,2020,421008570,1,19,0,18,19,3,7,0,0,0,0,0,0,0,1,1,2,2,1,32,6,2198,2,9,FORD TRANSIT,3,E01003250,0,-1
2020010260977,2020,010260977,1,19,0,3,3,1,5,0,0,1,0,0,0,0,0,1,2,2,1,46,8,2402,2,13,FORD TRANSIT,1,E01004449,0,-1
2020542840720,2020,542840720,2,19,0,17,19,4,8,0,0,0,0,0,0,0,1,1,1,1,1,37,7,2402,2,10,FORD TRANSIT,1,E01017237,0,-1
2020430216846,2020,430216846,2,19,0,18,19,3,7,0,0,0,0,0,0,0,1,1,1,1,1,64,9,1995,2,3,FORD TRANSIT,9,E01028492,0,-1
2020040963261,2020,040963261,1,19,0,18,19,2,6,0,0,0,0,0,0,0,1,1,6,6,3,-1,-1,2402,2,17,FORD TRANSIT,-1,-1,0,-1
2020460981961,2020,460981961,1,19,0,18,19,1,5,0,0,0,0,0,0,0,4,1,5,6,1,32,6,1995,2,3,FORD TRANSIT,9,E01024349,0,-1
2020500954796,2020,500954796,2,19,0,18,19,2,6,0,0,0,0,0,1,1,2,1,1,1,1,30,6,2198,2,6,FORD TRANSIT,4,E01018919,0,-1
2020160954049,2020,160954049,1,19,0,18,19,7,3,0,0,2,0,0,0,0,0,1,6,6,3,-1,-1,2402,2,14,FORD TRANSIT,-1,-1,0,-1
2020100942038,2020,100942038,1,21,0,18,19,3,7,0,0,0,0,0,0,0,1,1,5,6,1,20,4,2198,2,6,-1,1,E01011811,0,-1
2020010254664,2020,010254664,2,19,0,1,1,8,2,0,0,2,0,0,0,0,2,1,1,1,1,53,8,1995,2,3,FORD TRANSIT,2,E01001432,0,-1
2020010262816,2020,010262816,1,19,0,18,19,3,7,0,0,1,0,0,0,0,1,1,6,6,1,47,8,1995,2,0,FORD TRANSIT,2,E01001842,0,-1
2020010234340,2020,010234340,2,19,9,99,99,9,9,99,99,9,9,99,9,99,9,9,6,6,3,-1,-1,2198,2,6,FORD TRANSIT,-1,-1,0,-1
2020370959000,2020,370959000,1,19,0,9,9,1,7,0,0,0,0,0,0,0,0,1,1,1,3,54,8,2198,2,11,FORD TRANSIT,2,E01033122,0,-1
2020160975207,2020,160975207,1,98,0,18,19,4,2,0,0,8,2,0,0,0,4,1,5,6,1,32,6,2402,2,10,FORD TRANSIT,4,E01027787,0,-1
2020340C06972,2020,340C06972,1,19,0,9,9,5,1,0,0,4,0,0,0,0,1,1,6,6,1,27,6,2496,2,20,FORD TRANSIT,10,E01027046,0,-1
2020010249284,2020,010249284,1,19,0,7,7,8,3,0,0,5,0,0,0,0,1,1,6,6,1,20,4,2198,2,5,FORD TRANSIT,-1,-1,0,-1
2020052000274,2020,052000274,2,19,0,18,19,7,3,0,0,1,0,0,7,9,1,1,6,6,1,32,6,2198,2,6,FORD TRANSIT,4,E01006466,0,-1
2020470940467,2020,470940467,1,19,0,18,19,7,3,0,0,0,0,0,0,0,1,1,1,1,1,32,6,2198,2,9,FORD TRANSIT,7,E01021212,0,-1
2020400958247,2020,400958247,1,19,0,1,1,5,1,0,0,1,0,0,0,0,2,1,6,6,1,30,6,2198,2,7,FORD TRANSIT,-1,-1,0,-1
2020501002510,2020,501002510,2,19,0,16,19,1,5,0,0,0,0,0,0,0,3,1,5,6,1,29,6,2402,2,15,FORD TRANSIT,5,E01020098,0,-1
2020622000764,2020,622000764,1,19,0,7,7,2,4,0,0,1,0,0,0,0,1,1,6,6,3,-1,-1,2198,2,13,FORD TRANSIT,-1,-1,0,-1
202031A023120,2020,31A023120,2,19,0,18,19,6,2,0,0,8,0,0,0,0,1,1,6,6,1,27,6,2198,2,6,FORD TRANSIT,8,E01022092,0,-1
2020010283778,2020,010283778,2,19,0,99,99,9,9,0,0,1,0,0,0,0,4,9,6,6,3,-1,-1,1995,2,3,FORD TRANSIT,-1,-1,0,-1
2020361007918,2020,361007918,2,98,0,18,19,5,1,0,0,8,0,0,0,0,4,1,2,2,1,26,6,2198,2,14,FORD TRANSIT,10,E01026574,0,-1
2020302000606,2020,302000606,2,19,0,4,4,2,6,0,0,0,0,0,0,0,0,1,6,6,1,66,10,2402,2,13,FORD TRANSIT,7,E01019656,0,-1
2020100994697,2020,100994697,1,19,0,7,7,7,1,0,0,0,0,0,0,0,4,1,1,1,1,-1,-1,2198,2,10,FORD TRANSIT,2,E01027429,0,-1
2020010234875,2020,010234875,2,19,9,13,13,1,5,0,0,9,0,0,0,0,9,9,1,1,1,35,6,2198,2,4,FORD TRANSIT,3,E01000502,0,-1
2020430184078,2020,430184078,1,19,0,18,19,4,8,0,0,8,0,0,0,0,1,1,6,6,1,30,6,1995,2,2,FORD TRANSIT,3,E01016396,0,-1
2020410997920,2020,410997920,2,98,0,3,3,4,8,0,0,0,0,0,0,0,2,1,6,6,1,33,6,2198,2,12,FORD TRANSIT,3,E01001546,0,-1
2020010264841,2020,010264841,1,19,0,9,9,3,1,0,0,8,0,0,0,0,1,1,6,6,1,56,9,2198,2,13,FORD TRANSIT,3,E01004741,0,-1
202031D084320,2020,31D084320,1,19,0,18,19,4,8,0,0,0,0,0,0,0,1,1,2,2,1,54,8,2198,2,12,FORD TRANSIT,5,E01027941,0,-1
202006G170941,2020,06G170941,1,19,0,18,19,2,6,0,0,1,0,0,0,0,1,1,6,6,1,24,5,2496,2,20,FORD TRANSIT,1,E01006031,0,-1
2020990928771,2020,990928771,1,19,0,18,19,7,3,0,0,0,1,0,0,0,4,1,1,1,1,24,5,2198,2,8,FORD TRANSIT,4,-1,0,-1
2020010286646,2020,010286646,2,19,0,99,99,9,9,99,99,8,9,99,9,99,3,9,6,6,3,-1,-1,1995,2,2,FORD TRANSIT,-1,-1,0,-1
20201373G0603,2020,1373G0603,3,19,0,2,2,0,0,0,0,0,0,0,0,0,3,1,1,1,2,38,7,2198,2,5,FORD TRANSIT,2,E01011665,0,-1
2020200977972,2020,200977972,1,19,0,5,5,1,5,0,0,8,0,0,0,0,1,1,6,6,1,38,7,2402,2,18,FORD TRANSIT,1,E01009361,0,-1
2020470918732,2020,470918732,1,19,0,18,19,6,2,0,0,1,0,0,0,0,1,1,2,2,1,29,6,2402,2,10,FORD TRANSIT,4,E01001286,0,-1
2020100995201,2020,100995201,2,19,4,7,7,1,3,0,0,1,0,0,0,0,4,1,1,1,1,53,8,2198,2,4,FORD TRANSIT,1,E01008389,0,-1
2020501007799,2020,501007799,2,19,0,18,19,1,5,0,0,0,0,0,0,0,2,1,5,6,1,51,8,2198,2,10,FORD TRANSIT,4,E01020310,0,-1
202063B033020,2020,63B033020,1,19,0,17,19,7,4,0,0,0,0,0,0,0,3,1,6,6,1,45,7,2198,2,8,FORD TRANSIT,5,W01000536,0,-1
2020360938050,2020,360938050,1,19,0,18,19,7,3,0,0,0,2,0,1,1,1,1,5,6,2,35,6,2198,2,7,FORD TRANSIT,6,E01026524,0,-1
2020340E08232,2020,340E08232,2,19,0,18,19,3,7,0,0,0,0,0,0,0,1,1,1,1,1,32,6,1995,2,1,FORD TRANSIT,1,E01026950,0,-1
2020400929423,2020,400929423,1,19,0,5,5,2,6,0,0,4,0,0,0,0,1,1,6,6,1,30,6,1995,2,1,FORD TRANSIT,3,E01015715,0,-1
2020440478045,2020,440478045,1,19,0,9,9,4,2,0,0,8,0,0,0,0,4,1,2,2,1,34,6,2198,2,5,FORD TRANSIT,8,E01022991,0,-1
2020052001320,2020,052001320,1,19,0,1,1,3,7,0,0,8,0,0,0,0,3,1,1,1,1,33,6,2198,2,9,FORD TRANSIT,1,E01006874,0,-1