collision_index,collision_year,collision_ref_no,vehicle_reference,vehicle_type,towing_and_articulation,vehicle_manoeuvre_historic,vehicle_manoeuvre,vehicle_direction_from,vehicle_direction_to,vehicle_location_restricted_lane_historic,vehicle_location_restricted_lane,junction_location,skidding_and_overturning,hit_object_in_carriageway,vehicle_leaving_carriageway,hit_object_off_carriageway,first_point_of_impact,vehicle_left_hand_drive,journey_purpose_of_driver_historic,journey_purpose_of_driver,sex_of_driver,age_of_driver,age_band_of_driver,engine_capacity_cc,propulsion_code,age_of_vehicle,generic_make_model,driver_imd_decile,lsoa_of_driver,escooter_flag,driver_distance_banding
2020010248167,2020,010248167,4,19,0,18,19,1,5,0,0,8,0,0,0,0,4,1,6,6,1,33,6,1995,2,3,FORD TRANSIT,2,E01001011,0,-1
2020040934581,2020,040934581,2,98,0,10,10,5,3,0,0,8,0,0,0,0,2,1,1,1,1,39,7,2198,2,12,FORD TRANSIT,1,E01012624,0,-1
2020100967454,2020,100967454,1,19,0,1,1,5,1,4,4,0,0,0,0,0,2,1,6,6,1,27,6,2198,2,12,FORD TRANSIT,6,E01027780,0,-1
2020052000449,2020,052000449,3,19,0,18,19,3,7,0,0,0,0,0,0,0,3,1,6,6,1,55,8,2198,2,7,FORD TRANSIT,6,E01025514,0,-1
2020552000695,2020,552000695,1,19,0,18,19,6,2,0,0,0,1,0,1,4,4,1,2,2,1,30,6,2496,2,22,FORD TRANSIT,5,E01020460,0,-1
2020622001010,2020,622001010,2,20,0,18,19,4,8,0,0,0,0,0,7,7,1,1,6,6,1,42,7,-1,-1,-1,FORD TRANSIT,3,W01001317,0,-1
2020522003803,2020,522003803,1,19,0,1,1,8,4,0,0,0,0,0,0,0,2,1,6,6,1,54,8,2198,2,9,FORD TRANSIT,9,E01014998,0,-1
2020320255920,2020,320255920,1,19,0,18,19,3,5,0,0,0,0,0,0,0,3,1,2,2,1,28,6,2198,2,12,FORD TRANSIT,-1,-1,0,-1
2020010286829,2020,010286829,2,19,0,3,3,1,5,0,0,0,0,0,0,0,1,1,6,6,3,-1,-1,1995,2,3,FORD TRANSIT,-1,-1,0,-1
2020520001974,2020,520001974,2,19,0,18,19,1,5,0,0,0,0,0,0,0,3,1,6,6,3,-1,-1,2198,2,9,FORD TRANSIT,-1,-1,0,-1
2020122001311,2020,122001311,2,19,0,18,19,7,3,0,0,0,0,0,0,0,1,1,6,6,1,36,7,2402,2,13,FORD TRANSIT,1,E01011493,0,-1
2020411005168,2020,411005168,2,19,0,3,3,3,7,0,0,4,0,0,0,0,2,1,6,6,2,27,6,2198,2,6,FORD TRANSIT,7,E01023801,0,-1
2020460922826,2020,460922826,1,19,0,18,19,7,3,0,0,1,0,0,0,0,1,1,6,6,1,39,7,2402,2,15,FORD TRANSIT,9,E01024100,0,-1
2020220933628,2020,220933628,1,10,0,9,9,6,2,0,0,1,0,0,0,0,0,1,1,1,1,66,10,2198,2,4,FORD TRANSIT,7,E01032192,0,-1
2020410925230,2020,410925230,1,19,0,18,19,7,3,0,0,1,0,0,0,0,1,1,1,1,1,26,6,1995,2,1,FORD TRANSIT,4,E01021817,0,-1
2020010246789,2020,010246789,2,20,0,99,99,9,9,99,99,9,9,99,9,99,1,9,6,6,3,-1,-1,2198,2,4,FORD TRANSIT,3,E01021269,0,-1
2020010286441,2020,010286441,2,19,0,9,9,1,7,0,0,0,0,0,0,0,1,1,1,1,1,46,8,2198,2,12,FORD TRANSIT,4,E01001007,0,-1
2020010260797,2020,010260797,1,19,0,7,7,6,8,0,0,1,0,0,0,0,4,1,6,6,3,-1,-1,2402,2,11,FORD TRANSIT,-1,-1,0,-1
2020470938116,2020,470938116,2,20,0,18,19,4,8,0,0,8,0,0,0,0,1,1,2,2,1,44,7,-1,-1,-1,FORD TRANSIT,10,E01000813,0,-1
2020122000712,2020,122000712,1,19,0,10,10,3,1,9,9,6,0,0,0,0,3,1,6,6,1,24,5,2198,2,9,FORD TRANSIT,6,E01027637,0,-1
2020010256581,2020,010256581,2,19,0,99,99,9,9,99,99,9,9,99,9,99,2,9,6,6,1,-1,-1,2198,2,13,FORD TRANSIT,9,E01002417,0,-1
2020470918678,2020,470918678,1,20,0,17,19,5,2,0,0,2,0,0,1,10,1,1,6,6,3,-1,-1,2402,2,13,FORD TRANSIT,-1,-1,0,-1
2020420954507,2020,420954507,1,19,0,1,1,3,3,0,0,1,0,0,0,0,2,1,6,6,1,22,5,2198,2,11,FORD TRANSIT,3,E01016005,0,-1
2020040992264,2020,040992264,1,98,0,9,9,1,3,0,0,1,0,0,1,11,1,1,5,6,1,21,5,2402,2,13,FORD TRANSIT,3,E01025399,0,-1
2020010259817,2020,010259817,2,19,0,2,2,0,0,0,0,0,0,0,1,11,2,1,6,6,3,-1,-1,2402,2,9,FORD TRANSIT,-1,-1,0,-1
2020430397106,2020,430397106,1,19,0,9,9,4,1,0,0,6,0,0,0,0,1,1,1,1,1,-1,-1,1995,2,1,FORD TRANSIT,-1,-1,0,-1
2020432003671,2020,432003671,2,19,0,18,19,2,6,0,0,1,0,0,0,0,2,1,1,1,1,60,9,1995,2,2,FORD TRANSIT,-1,-1,0,-1
2020010255111,2020,010255111,1,19,4,7,7,1,2,0,0,1,0,0,0,0,4,1,1,1,1,43,7,1995,2,3,FORD TRANSIT,6,E01023632,0,-1
2020370950130,2020,370950130,2,19,0,9,9,8,5,0,0,1,0,0,0,0,1,1,5,6,1,22,5,2402,2,17,FORD TRANSIT,9,E01030088,0,-1
2020350950721,2020,350950721,3,19,0,18,19,7,3,0,0,0,0,0,0,0,1,1,1,1,1,40,7,2198,2,5,FORD TRANSIT,10,E01018252,0,-1
2020990948623,2020,990948623,1,19,4,9,9,7,5,0,0,1,0,0,0,0,1,1,5,6,1,56,9,2198,2,4,FORD TRANSIT,2,-1,0,-1
2020010259840,2020,010259840,2,19,0,9,9,2,7,0,0,6,0,0,0,0,1,1,6,6,1,29,6,2198,2,8,FORD TRANSIT,7,E01002187,0,-1
2020361011560,2020,361011560,1,19,0,7,7,7,3,0,0,1,0,0,1,0,2,1,1,1,1,55,8,2198,2,4,FORD TRANSIT,5,E01026831,0,-1
202031A146420,2020,31A146420,3,19,0,18,19,7,3,0,0,1,0,0,0,0,1,1,2,2,1,31,6,2198,2,10,FORD TRANSIT,4,E01028249,0,-1
2020200969366,2020,200969366,1,19,0,9,9,4,2,0,0,5,0,0,0,0,4,1,6,6,1,69,10,2402,2,11,FORD TRANSIT,1,E01014108,0,-1
202063A021920,2020,63A021920,1,19,0,18,19,2,6,0,0,0,0,6,7,9,1,1,1,1,1,45,7,1995,2,2,FORD TRANSIT,3,W01000711,0,-1
2020420955839,2020,420955839,1,19,0,18,19,7,3,0,0,0,0,0,7,11,4,1,5,6,1,27,6,2198,2,10,FORD TRANSIT,7,E01021932,0,-1
2020137831428,2020,137831428,1,19,0,5,5,7,3,0,0,0,0,0,0,0,2,1,6,6,2,-1,-1,2198,2,9,FORD TRANSIT,5,E01010633,0,-1
2020010284981,2020,010284981,1,19,0,18,19,3,7,0,0,1,0,0,0,0,2,1,1,1,1,45,7,2198,2,11,FORD TRANSIT,2,E01001576,0,-1
2020101007096,2020,101007096,1,21,0,1,1,7,3,0,0,0,0,0,0,0,2,1,5,6,1,40,7,-1,-1,-1,-1,1,E01027424,0,-1
2020401037281,2020,401037281,3,19,0,18,19,1,5,0,0,0,0,1,0,0,1,1,6,6,1,30,6,2198,2,4,FORD TRANSIT,4,E01015776,0,-1
2020010251884,2020,010251884,1,19,0,18,19,5,1,0,0,0,0,0,0,0,4,1,2,2,1,50,8,2198,2,13,FORD TRANSIT,3,E01003431,0,-1
2020070309851,2020,070309851,1,19,0,18,19,6,1,0,0,8,0,0,0,0,3,1,6,6,1,38,7,2198,2,13,FORD TRANSIT,3,E01012443,0,-1
2020552000869,2020,552000869,1,19,0,18,19,3,7,0,0,1,0,0,0,0,1,1,1,1,1,27,6,2198,2,6,FORD TRANSIT,2,E01015367,0,-1
2020990983448,2020,990983448,1,19,0,4,4,7,3,0,0,0,0,0,7,10,1,1,1,1,1,28,6,2198,2,6,FORD TRANSIT,2,-1,0,-1
2020140938883,2020,140938883,2,19,0,18,19,3,7,0,0,0,0,0,0,0,3,1,1,1,1,52,8,1995,2,3,FORD TRANSIT,-1,-1,0,-1
2020420954886,2020,420954886,2,19,0,2,2,0,0,6,6,0,0,0,0,0,2,1,1,1,1,47,8,1995,2,1,FORD TRANSIT,9,E01022060,0,-1
2020010240426,2020,010240426,2,19,0,9,9,7,6,0,0,8,0,0,0,0,4,1,2,2,1,25,5,2198,2,4,FORD TRANSIT,4,E01031834,0,-1
2020040990919,2020,040990919,1,98,0,18,19,1,5,0,0,0,0,0,0,0,0,1,1,1,1,41,7,2198,2,13,FORD TRANSIT,-1,-1,0,-1
2020220920326,2020,220920326,1,19,0,9,9,1,6,0,0,6,0,0,0,0,3,1,1,1,1,63,9,2198,2,9,FORD TRANSIT,5,E01029005,0,-1
2020430370680,2020,430370680,2,19,0,2,2,0,0,0,0,1,0,0,0,0,3,1,6,6,1,21,5,1995,2,1,FORD TRANSIT,-1,-1,0,-1
2020410989157,2020,410989157,1,19,0,18,19,7,3,0,0,4,0,0,0,0,1,1,1,1,1,56,9,1995,2,2,FORD TRANSIT,7,E01023517,0,-1
2020440229254,2020,440229254,1,19,0,9,9,1,5,0,0,5,0,0,0,0,1,1,1,1,1,39,7,1995,2,1,FORD TRANSIT,5,E01016369,0,-1
2020010263777,2020,010263777,1,10,0,10,10,2,7,0,0,1,0,0,0,0,0,1,2,2,1,26,6,2496,2,21,FORD TRANSIT,10,E01030728,0,-1
2020440199541,2020,440199541,1,19,0,18,19,7,3,0,0,0,0,0,0,0,4,1,6,6,1,-1,-1,2198,2,7,FORD TRANSIT,-1,-1,0,-1
2020460989606,2020,460989606,2,19,0,4,4,3,7,0,0,0,0,0,0,0,2,1,5,6,1,28,6,1995,2,3,FORD TRANSIT,3,E01024583,0,-1
2020040945317,2020,040945317,1,19,0,9,9,1,5,0,0,2,0,0,0,0,3,1,1,1,1,25,5,2198,2,5,FORD TRANSIT,2,E01025044,0,-1
2020170S11670,2020,170S11670,2,19,0,18,19,2,6,0,0,1,0,0,0,0,3,1,6,6,1,54,8,2402,2,15,FORD TRANSIT,2,E01012275,0,-1
2020030978594,2020,030978594,1,19,0,18,19,1,4,0,0,0,5,0,8,10,1,1,5,6,2,26,6,2000,2,18,FORD TRANSIT,7,E01031224,0,-1
2020010245635,2020,010245635,2,19,0,13,13,2,6,0,0,0,0,0,0,0,1,1,6,6,3,-1,-1,2198,2,12,FORD TRANSIT,-1,-1,0,-1
2020401007651,2020,401007651,3,19,0,11,11,8,4,0,0,0,0,0,0,0,4,1,1,1,1,36,7,1995,2,2,FORD TRANSIT,4,E01017493,0,-1
2020470965931,2020,470965931,1,19,0,18,19,3,7,0,0,0,0,0,0,0,1,1,6,6,1,24,5,2402,2,16,FORD TRANSIT,6,E01031827,0,-1
2020500933509,2020,500933509,1,19,0,18,19,7,3,0,0,0,2,0,2,0,1,1,1,1,1,55,8,2198,2,9,FORD TRANSIT,4,E01018778,0,-1
2020541147420,2020,541147420,1,19,0,18,19,3,7,0,0,1,0,0,0,0,1,1,6,6,1,40,7,2198,2,6,FORD TRANSIT,6,E01029061,0,-1
202031D067920,2020,31D067920,1,19,0,18,19,5,1,0,0,1,0,0,0,0,1,1,6,6,1,34,6,2496,2,24,FORD TRANSIT,8,E01028172,0,-1
2020430079785,2020,430079785,1,19,0,18,19,2,6,0,0,0,0,0,0,0,4,1,6,6,1,30,6,1995,2,4,FORD TRANSIT,-1,-1,0,-1
2020410944555,2020,410944555,1,19,0,1,1,7,3,0,0,6,0,0,0,0,2,1,1,1,1,55,8,1995,2,2,FORD TRANSIT,10,E01023363,0,-1
2020400961815,2020,400961815,2,19,0,4,4,1,5,0,0,0,0,11,1,11,2,1,5,6,1,39,7,2198,2,9,FORD TRANSIT,1,E01015699,0,-1
2020450999510,2020,450999510,2,19,0,18,19,3,1,0,0,1,0,0,0,0,1,1,6,6,3,32,6,2198,2,7,FORD TRANSIT,8,E01017818,0,-1
2020610003520,2020,610003520,2,10,0,18,19,5,1,0,0,1,0,0,1,2,1,1,6,6,1,49,8,2402,2,14,FORD TRANSIT,4,W01001462,0,-1
2020010285028,2020,010285028,1,19,0,4,4,7,3,0,0,1,0,0,0,0,2,1,1,1,1,33,6,2198,2,9,FORD TRANSIT,3,E01002503,0,-1
2020010285360,2020,010285360,1,19,0,18,19,7,3,0,0,2,0,0,0,0,3,1,1,1,1,65,9,2402,2,9,FORD TRANSIT,3,E01021806,0,-1
202006E371615,2020,06E371615,1,19,0,12,12,3,7,0,0,0,0,0,0,0,4,1,6,6,3,-1,-1,2198,2,7,FORD TRANSIT,-1,-1,0,-1
2020201033231,2020,201033231,1,19,0,10,10,8,5,0,0,1,0,0,0,0,4,1,6,6,1,-1,-1,1995,2,3,FORD TRANSIT,-1,-1,0,-1
2020450975039,2020,450975039,3,19,0,18,19,8,4,0,0,8,0,0,0,0,1,1,1,1,1,32,6,1995,2,2,FORD TRANSIT,1,E01024390,0,-1
2020040924891,2020,040924891,1,19,0,12,12,1,1,0,0,0,0,0,0,0,1,1,1,1,1,37,7,2198,2,6,FORD TRANSIT,3,E01010912,0,-1
2020010236338,2020,010236338,1,19,0,9,9,5,3,0,0,8,0,0,0,0,1,1,2,2,1,46,8,2198,2,9,FORD TRANSIT,7,E01004149,0,-1
2020440265965,2020,440265965,3,19,0,3,3,6,2,0,0,0,0,0,0,0,2,1,1,1,1,57,9,2198,2,12,FORD TRANSIT,6,E01020160,0,-1
2020052002420,2020,052002420,1,19,0,6,6,7,7,0,0,1,0,0,0,0,3,1,1,1,1,65,9,2198,2,7,FORD TRANSIT,5,E01006833,0,-1
2020210942899,2020,210942899,4,19,0,2,2,0,0,0,0,0,0,0,0,0,2,1,6,6,1,-1,-1,2402,2,10,FORD TRANSIT,2,E01014356,0,-1
2020010247743,2020,010247743,3,19,0,18,19,3,7,0,0,2,0,0,0,0,0,1,2,2,1,21,5,1995,2,1,FORD TRANSIT,5,E01023643,0,-1
202006A172864,2020,06A172864,1,19,0,18,19,7,3,0,0,0,0,0,0,0,1,1,1,1,1,73,10,2402,2,16,FORD TRANSIT,1,E01005258,0,-1
2020460943499,2020,460943499,1,20,0,18,19,6,2,0,0,1,0,0,0,0,1,1,1,1,1,49,8,2198,2,5,FORD TRANSIT,1,E01016017,0,-1
2020010267211,2020,010267211,2,19,9,18,19,1,5,0,0,0,9,0,0,0,1,1,6,6,3,-1,-1,2402,2,17,FORD TRANSIT,-1,-1,0,-1
2020010242955,2020,010242955,1,19,0,7,7,8,2,0,0,5,0,0,0,0,4,1,1,1,1,71,10,2198,2,5,FORD TRANSIT,-1,-1,0,-1
202063D083220,2020,63D083220,1,19,0,18,19,4,8,0,0,0,0,0,0,0,1,1,1,1,1,-1,-1,2198,2,4,FORD TRANSIT,7,W01000428,0,-1
2020040996842,2020,040996842,2,19,0,1,1,3,7,0,0,0,0,0,0,0,4,1,1,1,1,28,6,1995,2,0,FORD TRANSIT,-1,-1,0,-1
2020520001778,2020,520001778,1,19,0,7,7,8,2,0,0,6,0,0,0,0,3,1,6,6,1,61,9,2402,2,13,FORD TRANSIT,8,E01029023,0,-1
2020100978590,2020,100978590,1,19,0,17,19,8,4,7,6,0,1,0,1,4,1,1,6,6,1,24,5,2402,2,13,FORD TRANSIT,5,E01027384,0,-1
2020440429038,2020,440429038,1,19,0,9,9,7,5,0,0,8,0,0,0,0,3,1,2,2,1,25,5,2198,2,9,FORD TRANSIT,10,E01023222,0,-1
2020470940420,2020,470940420,1,19,0,4,4,3,7,0,0,1,0,0,0,0,1,1,2,2,1,32,6,2402,2,10,FORD TRANSIT,9,E01031463,0,-1
2020140938989,2020,140938989,1,19,0,1,1,3,7,0,0,0,0,0,0,0,2,1,6,6,3,-1,-1,2198,2,4,FORD TRANSIT,-1,-1,0,-1
2020451007324,2020,451007324,2,19,0,18,19,3,7,0,0,2,0,0,0,0,0,1,1,1,1,45,7,2198,2,5,FORD TRANSIT,10,E01030419,0,-1
2020221009659,2020,221009659,1,19,0,18,19,8,4,0,0,0,0,4,0,0,1,1,1,1,1,26,6,1995,2,2,FORD TRANSIT,4,E01028894,0,-1
2020200989359,2020,200989359,2,19,0,2,2,0,0,0,0,0,0,0,0,0,2,1,6,6,1,35,6,1995,2,2,FORD TRANSIT,7,E01009707,0,-1
2020160926289,2020,160926289,1,19,0,9,9,8,7,0,0,0,0,0,0,0,3,1,6,6,1,-1,-1,2198,2,10,FORD TRANSIT,-1,-1,0,-1
2020371009418,2020,371009418,1,19,5,4,4,-1,-1,0,0,0,0,0,0,0,4,1,1,1,1,25,5,2402,2,19,FORD TRANSIT,9,E01033316,0,-1
2020501005465,2020,501005465,1,19,0,18,19,1,5,0,0,1,0,0,1,0,1,1,2,2,1,63,9,2198,2,11,FORD TRANSIT,3,E01020285,0,-1
2020010274881,2020,010274881,2,19,0,99,99,9,9,99,99,9,9,99,9,99,9,9,6,6,3,-1,-1,2198,2,13,FORD TRANSIT,-1,-1,0,-1
2020450971136,2020,450971136,1,19,4,18,19,6,2,0,0,1,1,0,0,0,1,1,2,2,1,25,5,2402,2,9,FORD TRANSIT,6,E01030548,0,-1
2020461006391,2020,461006391,1,19,0,18,19,1,5,0,0,0,0,0,0,0,1,1,6,6,1,24,5,1998,2,17,FORD TRANSIT,5,E01024198,0,-1
2020440167363,2020,440167363,2,19,0,18,19,1,5,0,0,0,0,0,0,0,1,1,6,6,1,30,6,1995,2,2,FORD TRANSIT,7,E01017909,0,-1
2020302000436,2020,302000436,1,19,0,5,5,7,3,0,0,1,0,0,0,0,1,1,6,6,1,32,6,1995,2,3,FORD TRANSIT,1,E01013583,0,-1
202031B068420,2020,31B068420,1,19,0,18,19,1,5,0,0,2,0,0,0,0,1,1,2,2,1,50,8,2198,2,3,FORD TRANSIT,7,E01028298,0,-1
2020552000466,2020,552000466,2,19,0,2,2,0,0,0,0,0,0,0,0,0,2,1,6,6,3,-1,-1,2198,2,7,FORD TRANSIT,-1,-1,0,-1
2020040988583,2020,040988583,2,19,0,18,19,3,7,0,0,5,0,0,0,0,1,1,5,6,1,55,8,2402,2,14,FORD TRANSIT,1,E01025493,0,-1
2020430113346,2020,430113346,3,19,0,8,8,1,3,0,0,1,0,0,0,0,3,1,2,2,1,44,7,1995,2,2,FORD TRANSIT,7,E01017860,0,-1
2020450939968,2020,450939968,3,10,0,18,19,4,8,0,0,0,1,0,0,0,1,1,1,1,1,38,7,2198,2,2,FORD TRANSIT,2,E01022332,0,-1
2020460981530,2020,460981530,1,19,0,18,19,7,3,0,0,3,0,0,0,0,1,1,5,6,1,47,8,2198,2,12,FORD TRANSIT,7,E01024707,0,-1
2020010234785,2020,010234785,1,19,0,18,19,5,1,9,9,0,0,0,0,0,1,1,6,6,1,68,10,2402,2,12,FORD TRANSIT,2,E01000059,0,-1
2020470925222,2020,470925222,1,19,0,4,4,5,2,0,0,1,0,0,0,0,1,1,2,2,1,37,7,2198,2,4,FORD TRANSIT,6,E01031513,0,-1
2020010276295,2020,010276295,2,19,0,1,1,3,1,0,0,4,0,0,0,0,2,1,6,6,3,-1,-1,2402,2,11,FORD TRANSIT,-1,-1,0,-1
2020040994057,2020,040994057,1,19,4,18,19,1,5,0,0,0,0,0,0,0,0,1,1,1,1,-1,-1,2198,2,5,FORD TRANSIT,5,E01025543,0,-1
2020010257481,2020,010257481,2,19,0,99,99,9,9,99,99,0,9,99,9,99,9,9,6,6,3,-1,-1,2198,2,12,FORD TRANSIT,6,E01003394,0,-1
2020500978482,2020,500978482,2,19,0,18,19,3,7,0,0,0,0,0,0,0,0,1,6,6,1,45,7,2198,2,8,FORD TRANSIT,8,E01015227,0,-1
2020460975579,2020,460975579,1,20,0,6,6,3,5,0,0,0,0,0,0,0,3,1,5,6,1,26,6,1995,2,1,FORD TRANSIT,3,E01016030,0,-1
2020010284995,2020,010284995,2,19,0,99,99,9,9,99,99,2,9,99,9,99,1,9,6,6,1,48,8,2198,2,6,FORD TRANSIT,5,E01021942,0,-1
2020411012794,2020,411012794,2,19,0,18,19,1,5,0,0,0,0,0,0,0,1,1,5,6,1,59,9,2402,2,18,FORD TRANSIT,1,E01002036,0,-1
2020070554094,2020,070554094,1,19,0,18,19,7,3,0,0,1,0,0,0,0,1,1,6,6,1,30,6,2198,2,9,FORD TRANSIT,5,E01018733,0,-1
2020430266565,2020,430266565,1,19,0,17,19,1,2,0,0,0,2,0,8,10,2,1,2,2,1,68,10,2198,2,14,FORD TRANSIT,8,E01027028,0,-1
2020410965476,2020,410965476,1,19,0,18,19,1,5,0,0,0,0,0,0,0,4,1,1,1,1,-1,-1,2198,2,7,FORD TRANSIT,-1,-1,0,-1
2020370942074,2020,370942074,1,19,0,18,19,5,1,0,0,0,0,0,0,0,3,1,2,2,1,40,7,1995,2,4,FORD TRANSIT,8,E01030145,0,-1
2020140998642,2020,140998642,2,19,0,18,19,4,8,0,0,0,0,0,0,0,1,1,6,6,1,39,7,2402,2,14,FORD TRANSIT,1,E01007507,0,-1
2020070085079,2020,070085079,1,19,0,16,19,2,6,0,0,0,0,0,7,0,1,1,6,6,1,21,5,2402,2,14,FORD TRANSIT,8,E01019747,0,-1
2020440320184,2020,440320184,2,10,0,18,19,1,5,0,0,8,0,0,0,0,1,1,1,1,1,61,9,2198,2,3,FORD TRANSIT,7,E01023224,0,-1
2020010243294,2020,010243294,2,19,0,1,1,7,3,0,0,1,0,0,0,0,2,1,6,6,3,-1,-1,2198,2,8,FORD TRANSIT,-1,-1,0,-1
2020010241315,2020,010241315,6,19,0,2,2,0,0,0,0,1,0,4,0,0,2,1,6,6,3,-1,-1,2295,7,17,FORD TRANSIT,-1,-1,0,-1
2020470938329,2020,470938329,1,19,0,18,19,5,1,9,9,0,0,0,7,10,1,1,1,1,1,47,8,2198,2,4,FORD TRANSIT,4,E01021006,0,-1
2020040998398,2020,040998398,2,19,0,18,19,3,7,0,0,0,0,0,0,0,1,1,1,1,1,49,8,1995,2,0,FORD TRANSIT,3,E01010725,0,-1
2020552000812,2020,552000812,1,19,0,18,19,8,4,0,0,8,0,0,0,0,1,1,6,6,1,30,6,2198,2,8,FORD TRANSIT,7,E01020428,0,-1
2020010267304,2020,010267304,2,19,0,99,99,9,9,99,99,0,9,99,9,99,9,9,6,6,3,-1,-1,1995,2,3,FORD TRANSIT,-1,-1,0,-1
2020470993215,2020,470993215,1,19,0,18,19,1,5,0,0,0,0,0,1,2,1,1,1,1,1,44,7,2402,2,12,FORD TRANSIT,3,E01016860,0,-1
2020470980015,2020,470980015,2,19,0,7,7,1,2,0,0,0,0,0,0,0,2,1,1,1,1,52,8,2198,2,8,FORD TRANSIT,2,E01021049,0,-1
2020990948615,2020,990948615,3,19,0,18,19,4,8,0,0,0,0,0,1,0,1,1,2,2,1,40,7,2198,2,8,FORD TRANSIT,7,-1,0,-1
2020140976521,2020,140976521,1,19,0,9,9,5,3,0,0,6,0,0,0,0,1,1,1,1,1,57,9,1995,2,0,FORD TRANSIT,3,E01007473,0,-1
2020040929587,2020,040929587,2,19,0,18,19,5,1,0,0,0,1,0,0,0,1,1,1,1,1,42,7,2198,2,6,FORD TRANSIT,5,E01010585,0,-1
2020137691933,2020,137691933,2,20,0,18,19,5,1,0,0,0,0,0,0,0,0,1,1,1,1,32,6,2402,2,12,FORD TRANSIT,5,E01020629,0,-1
2020010285488,2020,010285488,1,19,0,18,19,1,5,0,0,6,0,11,1,2,1,1,2,2,1,29,6,2402,2,13,FORD TRANSIT,9,E01024442,0,-1
2020052002341,2020,052002341,3,19,0,18,19,7,3,0,0,8,0,0,4,1,1,1,2,2,1,50,8,2402,2,12,FORD TRANSIT,7,E01006810,0,-1
2020200947697,2020,200947697,1,19,0,18,19,7,3,0,0,0,0,4,0,0,1,1,6,6,1,23,5,1998,2,15,FORD TRANSIT,1,E01009964,0,-1
202054A305620,2020,54A305620,2,19,0,9,9,1,7,0,0,8,0,0,0,0,3,1,1,1,1,28,6,1995,2,2,FORD TRANSIT,8,E01032071,0,-1
2020140985771,2020,140985771,3,19,0,18,19,1,5,0,0,8,0,0,1,10,1,1,1,1,1,18,4,1995,2,1,FORD TRANSIT,4,E01008142,0,-1
2020010268069,2020,010268069,2,19,0,99,99,9,9,99,99,0,9,99,9,99,9,9,6,6,3,-1,-1,2198,2,5,FORD TRANSIT,8,E01030478,0,-1
2020010252118,2020,010252118,1,19,0,18,19,7,3,0,0,2,1,4,0,0,3,1,6,6,1,30,6,2402,2,12,FORD TRANSIT,-1,-1,0,-1
2020122001351,2020,122001351,1,19,0,18,19,1,5,0,0,0,2,0,7,10,1,1,2,2,1,30,6,2402,2,12,FORD TRANSIT,6,E01027889,0,-1
2020200933566,2020,200933566,2,19,0,2,2,0,0,0,0,0,0,0,0,0,1,1,6,6,1,28,6,2198,2,3,FORD TRANSIT,5,E01008917,0,-1
2020351013251,2020,351013251,1,19,0,18,19,8,4,0,0,4,0,0,0,0,1,1,1,1,1,22,5,-1,-1,-1,FORD TRANSIT,8,E01033118,0,-1
2020010242623,2020,010242623,1,19,0,6,6,4,4,0,0,0,0,0,0,0,3,1,1,1,1,46,8,2198,2,7,FORD TRANSIT,3,E01001640,0,-1
2020542453520,2020,542453520,1,19,0,6,6,7,3,0,0,0,0,0,0,0,3,1,1,1,1,56,9,2198,2,8,FORD TRANSIT,2,E01015528,0,-1
2020010280765,2020,010280765,1,19,0,1,1,7,3,4,4,2,0,0,0,0,2,1,6,6,1,-1,-1,1995,2,3,FORD TRANSIT,3,E01003570,0,-1
202006P176971,2020,06P176971,2,19,0,18,19,5,1,0,0,8,0,0,0,0,4,1,6,6,1,47,8,2198,2,10,FORD TRANSIT,-1,-1,0,-1
2020420954267,2020,420954267,2,19,0,7,7,5,7,0,0,5,0,0,0,0,1,1,1,1,1,46,8,2198,2,7,FORD TRANSIT,-1,-1,0,-1
2020420960310,2020,420960310,2,19,0,16,19,1,5,0,0,0,0,0,0,0,0,1,1,1,1,33,6,2198,2,7,FORD TRANSIT,6,E01021553,0,-1
2020460933876,2020,460933876,1,19,0,12,12,7,7,0,0,0,0,0,0,0,3,1,1,1,1,54,8,2198,2,4,FORD TRANSIT,10,E01025614,0,-1
2020500959105,2020,500959105,1,19,0,15,15,1,5,9,9,0,0,0,1,0,1,1,5,6,1,55,8,2198,2,5,FORD TRANSIT,4,E01020311,0,-1
2020370975713,2020,370975713,1,19,0,5,5,3,1,0,0,2,0,0,0,0,2,1,6,6,1,63,9,2198,2,12,FORD TRANSIT,9,E01026931,0,-1
2020360927459,2020,360927459,1,98,0,18,19,4,2,0,0,8,0,0,0,0,3,1,1,1,1,75,10,2198,2,10,FORD TRANSIT,9,E01021428,0,-1
2020230985028,2020,230985028,2,19,0,18,19,8,4,0,0,0,0,0,0,0,2,1,1,1,1,35,6,1995,2,1,FORD TRANSIT,8,E01009697,0,-1
2020070488672,2020,070488672,1,19,0,18,19,7,3,0,0,1,0,0,0,0,1,1,1,1,1,59,9,2402,2,14,FORD TRANSIT,10,E01018587,0,-1