collision_index,collision_year,collision_ref_no,vehicle_reference,vehicle_type,towing_and_articulation,vehicle_manoeuvre_historic,vehicle_manoeuvre,vehicle_direction_from,vehicle_direction_to,vehicle_location_restricted_lane_historic,vehicle_location_restricted_lane,junction_location,skidding_and_overturning,hit_object_in_carriageway,vehicle_leaving_carriageway,hit_object_off_carriageway,first_point_of_impact,vehicle_left_hand_drive,journey_purpose_of_driver_historic,journey_purpose_of_driver,sex_of_driver,age_of_driver,age_band_of_driver,engine_capacity_cc,propulsion_code,age_of_vehicle,generic_make_model,driver_imd_decile,lsoa_of_driver,escooter_flag,driver_distance_banding
2020230918892,2020,230918892,1,19,0,1,1,1,5,0,0,0,0,0,0,0,2,1,1,1,1,26,6,2198,2,13,FORD TRANSIT,3,E01027196,0,-1
2020010252186,2020,010252186,1,19,0,1,1,3,7,0,0,2,0,0,0,0,2,1,1,1,1,23,5,2198,2,9,FORD TRANSIT,9,E01023319,0,-1
2020552001056,2020,552001056,2,19,0,2,2,0,0,0,0,0,0,0,0,0,2,1,6,6,1,34,6,2402,2,10,FORD TRANSIT,7,E01015424,0,-1
2020302001166,2020,302001166,2,19,0,3,3,8,6,0,0,1,0,0,0,0,4,1,1,1,1,33,6,2198,2,11,FORD TRANSIT,7,E01025755,0,-1
2020430290019,2020,430290019,1,19,0,17,19,2,8,0,0,0,1,0,2,1,3,1,6,6,1,32,6,2402,2,11,FORD TRANSIT,5,E01016240,0,-1
2020122001291,2020,122001291,2,19,0,2,2,0,0,0,0,0,0,0,0,0,3,1,6,6,3,-1,-1,2402,2,14,FORD TRANSIT,-1,-1,0,-1
2020440342876,2020,440342876,1,19,0,9,9,2,5,0,0,8,0,0,0,0,1,1,6,6,1,35,6,2198,2,10,FORD TRANSIT,-1,-1,0,-1
2020010234267,2020,010234267,1,19,0,18,19,1,5,0,0,1,0,0,0,0,3,1,1,1,1,68,10,2402,2,10,FORD TRANSIT,-1,-1,0,-1
2020440346894,2020,440346894,2,19,0,18,19,1,5,0,0,8,0,0,7,0,1,1,2,2,1,46,8,2198,2,8,FORD TRANSIT,9,E01022594,0,-1
2020200984078,2020,200984078,1,19,0,14,14,2,6,0,0,0,0,4,0,0,2,1,1,1,1,24,5,1995,2,1,FORD TRANSIT,1,E01008935,0,-1
2020470964860,2020,470964860,2,19,0,18,19,2,6,0,0,8,0,0,0,0,1,1,1,1,1,66,10,2402,2,15,FORD TRANSIT,6,E01031687,0,-1
2020010262253,2020,010262253,2,19,0,4,4,7,3,0,0,1,0,0,0,0,1,1,6,6,1,63,9,2198,2,14,FORD TRANSIT,2,E01004679,0,-1
20201377K0477,2020,1377K0477,1,19,0,18,19,3,7,0,0,0,0,0,0,0,4,1,6,6,1,51,8,2402,2,12,FORD TRANSIT,3,E01010615,0,-1
2020220936358,2020,220936358,1,19,0,18,19,2,6,0,0,0,0,0,0,0,1,1,1,1,1,27,6,1995,2,1,FORD TRANSIT,5,E01008948,0,-1
2020500959100,2020,500959100,2,19,0,16,19,6,2,0,0,8,1,0,1,0,3,1,1,1,1,33,6,2198,2,4,FORD TRANSIT,6,E01020029,0,-1
2020370947747,2020,370947747,2,19,0,18,19,5,1,0,0,2,0,0,0,0,1,1,5,6,1,26,6,1998,2,14,FORD TRANSIT,5,E01026943,0,-1
2020010253200,2020,010253200,2,19,0,7,7,3,5,0,0,1,9,0,0,99,4,9,6,6,1,-1,-1,2402,2,16,FORD TRANSIT,3,E01004411,0,-1
2020010251998,2020,010251998,1,19,0,18,19,5,1,0,0,0,1,0,7,4,1,1,6,6,1,36,7,2402,2,13,FORD TRANSIT,4,E01000731,0,-1
2020010283598,2020,010283598,1,19,0,18,19,7,3,0,0,0,0,0,0,0,1,1,1,1,1,36,7,1995,2,3,FORD TRANSIT,5,E01000430,0,-1
2020210952113,2020,210952113,1,19,-1,1,1,2,6,-1,-1,0,-1,-1,-1,0,-1,1,5,6,3,-1,-1,2198,2,12,FORD TRANSIT,-1,-1,0,-1
2020990924887,2020,990924887,1,19,0,18,19,7,3,0,0,0,1,0,0,0,1,1,2,2,1,22,5,2402,2,13,FORD TRANSIT,5,-1,0,-1
2020160931142,2020,160931142,1,19,0,18,19,3,7,0,0,0,0,0,0,0,4,1,5,6,1,59,9,2402,2,10,FORD TRANSIT,1,E01012880,0,-1
2020430046576,2020,430046576,1,19,0,18,19,5,1,0,0,1,0,0,0,0,1,1,6,6,1,29,6,2198,2,6,FORD TRANSIT,-1,-1,0,-1
2020410955310,2020,410955310,1,19,0,5,5,7,5,0,0,1,0,0,0,0,1,1,1,1,2,36,7,2198,2,7,FORD TRANSIT,2,E01015741,0,-1
2020420937865,2020,420937865,1,19,0,5,5,1,1,0,0,0,0,0,0,0,1,1,6,6,3,-1,-1,2402,2,13,FORD TRANSIT,3,E01000092,0,-1
2020201005743,2020,201005743,1,19,0,14,14,8,4,0,0,0,0,4,0,0,1,1,1,1,1,73,10,2402,2,16,FORD TRANSIT,6,E01031282,0,-1
2020522100774,2020,522100774,2,19,5,9,9,7,5,0,0,1,0,0,0,0,3,1,1,1,1,32,6,2198,2,5,FORD TRANSIT,1,E01029292,0,-1
2020340N05882,2020,340N05882,1,19,0,5,5,1,5,0,0,1,0,0,0,0,4,1,6,6,1,55,8,2198,2,10,FORD TRANSIT,8,E01027000,0,-1
2020549622020,2020,549622020,4,19,0,3,3,7,3,0,0,0,0,0,0,0,2,1,1,1,1,22,5,2198,2,12,FORD TRANSIT,7,E01014598,0,-1
2020340W06652,2020,340W06652,1,19,0,18,19,4,8,0,0,2,0,0,0,0,4,1,1,1,1,30,6,2402,2,13,FORD TRANSIT,10,E01027068,0,-1
2020220994450,2020,220994450,1,19,0,18,19,6,2,0,0,8,0,0,0,0,1,1,2,2,1,33,6,2402,2,12,FORD TRANSIT,3,E01032423,0,-1
2020010259193,2020,010259193,2,19,9,9,9,1,7,0,0,1,9,0,0,99,3,9,6,6,1,-1,-1,2402,2,11,FORD TRANSIT,-1,-1,0,-1
2020101007240,2020,101007240,1,19,0,17,19,3,7,0,0,0,0,0,1,3,1,1,1,1,1,20,4,1995,2,2,FORD TRANSIT,2,E01008590,0,-1
2020430334931,2020,430334931,3,19,0,18,19,5,1,0,0,0,0,0,0,0,2,1,2,2,1,65,9,1995,2,1,FORD TRANSIT,-1,-1,0,-1
2020420993315,2020,420993315,2,19,0,18,19,7,3,0,0,0,0,0,0,0,1,1,6,6,1,57,9,1995,2,1,FORD TRANSIT,6,E01021263,0,-1
2020201002857,2020,201002857,1,19,0,18,19,6,2,0,0,0,0,0,0,0,1,1,1,1,1,39,7,2198,2,11,FORD TRANSIT,4,E01009867,0,-1
2020200947612,2020,200947612,1,19,0,7,7,4,6,0,0,6,0,0,0,0,1,1,6,6,1,-1,-1,2198,2,10,FORD TRANSIT,-1,-1,0,-1
202031A081420,2020,31A081420,1,19,0,18,19,6,2,0,0,0,1,11,1,10,1,1,6,6,1,63,9,2198,2,12,FORD TRANSIT,5,E01027972,0,-1
202063A001420,2020,63A001420,1,19,0,18,19,6,2,0,0,1,0,0,0,0,1,1,6,6,1,31,6,2198,2,10,FORD TRANSIT,9,W01000710,0,-1
2020010282544,2020,010282544,1,19,0,4,4,3,7,0,0,8,0,0,0,0,4,1,1,1,1,50,8,2198,2,8,FORD TRANSIT,7,E01001474,0,-1
2020070371501,2020,070371501,2,20,0,3,3,7,7,0,0,0,0,0,0,0,0,1,1,1,1,44,7,2402,2,8,FORD TRANSIT,6,E01018472,0,-1
202006J370021,2020,06J370021,1,19,0,14,14,7,3,0,0,8,0,0,0,0,4,1,1,1,3,-1,-1,1998,2,15,FORD TRANSIT,-1,-1,0,-1
2020501003977,2020,501003977,2,19,0,7,7,6,2,0,0,1,0,4,0,0,1,1,1,1,1,27,6,2402,2,17,FORD TRANSIT,3,E01018989,0,-1
2020170H10880,2020,170H10880,3,19,0,18,19,5,1,0,0,0,0,0,0,0,3,1,1,1,1,48,8,2402,2,19,FORD TRANSIT,1,E01011989,0,-1
2020010254376,2020,010254376,1,19,0,7,7,5,6,0,0,8,0,0,0,0,4,1,2,2,1,34,6,1995,2,0,FORD TRANSIT,4,E01030608,0,-1
2020010237057,2020,010237057,1,20,0,4,4,7,3,0,0,0,0,0,0,0,2,1,1,1,1,35,6,2198,2,5,FORD TRANSIT,2,E01021270,0,-1
2020200996161,2020,200996161,1,20,0,18,19,8,4,0,0,0,0,0,0,0,1,1,6,6,1,-1,-1,-1,-1,-1,FORD TRANSIT,-1,-1,0,-1
2020010247399,2020,010247399,1,19,0,18,19,3,7,0,0,0,0,0,0,0,4,1,1,1,1,60,9,2198,2,10,FORD TRANSIT,2,E01003112,0,-1
2020052000124,2020,052000124,1,19,0,4,4,3,7,0,0,1,0,0,0,0,0,1,1,1,1,34,6,1995,2,1,FORD TRANSIT,1,E01007122,0,-1
2020010261635,2020,010261635,2,19,0,4,4,1,5,0,0,0,0,0,0,0,2,1,1,1,1,44,7,2400,2,11,FORD TRANSIT,4,E01002519,0,-1
2020140958507,2020,140958507,2,19,0,1,1,8,3,0,0,0,0,0,0,0,2,1,6,6,3,-1,-1,2402,2,10,FORD TRANSIT,-1,-1,0,-1
2020030929096,2020,030929096,1,19,0,1,1,8,4,0,0,1,0,0,0,0,2,2,1,1,1,26,6,2402,2,16,FORD TRANSIT,5,E01019226,0,-1
2020460954936,2020,460954936,1,90,3,1,1,5,1,0,0,0,0,0,0,0,2,1,6,6,1,67,10,2496,2,25,-1,2,E01024664,0,-1
2020170S21700,2020,170S21700,1,19,0,2,2,0,0,0,0,0,0,0,0,0,2,1,1,1,1,58,9,2402,2,12,FORD TRANSIT,-1,-1,0,-1
20201372L1334,2020,1372L1334,1,19,0,7,7,1,3,0,0,6,0,0,0,0,1,1,6,6,1,45,7,2402,2,13,FORD TRANSIT,2,E01011656,0,-1
2020990976047,2020,990976047,1,19,0,18,19,1,5,0,0,1,0,4,0,0,1,1,2,2,1,57,9,2402,2,13,FORD TRANSIT,7,-1,0,-1
2020210985777,2020,210985777,1,19,0,18,19,1,5,0,0,0,0,0,2,0,2,1,1,1,1,48,8,2198,2,13,FORD TRANSIT,2,E01004980,0,-1
2020010280759,2020,010280759,2,19,0,99,99,9,9,99,99,9,9,99,9,99,1,9,6,6,3,-1,-1,2402,2,13,FORD TRANSIT,-1,-1,0,-1
2020410987090,2020,410987090,2,19,0,18,19,1,3,0,0,0,0,0,0,0,1,1,1,1,1,60,9,1998,2,16,FORD TRANSIT,8,E01023704,0,-1
2020450971600,2020,450971600,2,19,0,4,4,3,7,0,0,1,1,0,0,0,1,1,6,6,1,45,7,2402,2,18,FORD TRANSIT,10,E01030997,0,-1
2020530922948,2020,530922948,1,19,0,4,4,3,7,0,0,0,1,0,0,0,1,1,1,1,1,29,6,2198,2,11,FORD TRANSIT,7,E01020268,0,-1
2020010233467,2020,010233467,2,19,0,4,4,6,2,0,0,0,0,0,0,0,1,1,1,1,1,49,8,2198,2,5,FORD TRANSIT,2,E01001437,0,-1
2020010267017,2020,010267017,2,19,0,2,2,0,0,0,0,1,0,0,0,0,2,1,6,6,3,-1,-1,2402,2,10,FORD TRANSIT,-1,-1,0,-1
2020530998117,2020,530998117,1,98,0,18,19,5,1,0,0,2,1,0,0,0,4,1,2,2,1,31,6,2402,2,12,FORD TRANSIT,4,E01022161,0,-1
2020200951403,2020,200951403,1,19,0,18,19,2,6,0,0,1,0,10,2,10,1,1,1,1,1,31,6,1995,2,1,FORD TRANSIT,1,E01032245,0,-1
2020200926077,2020,200926077,1,19,0,9,9,7,4,0,0,2,0,0,0,0,1,1,6,6,1,24,5,1995,2,1,FORD TRANSIT,8,E01009794,0,-1
2020070744372,2020,070744372,2,10,0,18,19,5,1,0,0,2,0,0,0,0,3,1,1,1,1,54,8,2198,2,5,FORD TRANSIT,6,E01018612,0,-1
2020200955051,2020,200955051,2,98,0,9,9,2,8,0,0,6,0,0,0,0,2,1,6,6,1,21,5,2198,2,13,FORD TRANSIT,8,E01009949,0,-1
2020522004218,2020,522004218,1,19,0,9,9,6,4,0,0,8,0,0,0,0,1,1,6,6,2,60,9,2198,2,10,FORD TRANSIT,10,E01014822,0,-1
202063D029520,2020,63D029520,1,19,0,18,19,2,6,0,0,8,1,0,0,0,3,1,1,1,1,35,6,2198,2,7,FORD TRANSIT,1,W01000863,0,-1
2020110992852,2020,110992852,2,19,0,18,19,7,3,0,0,5,0,0,0,0,1,1,1,1,1,29,6,2198,2,7,FORD TRANSIT,3,E01020869,0,-1
2020990972830,2020,990972830,1,10,0,18,19,3,7,0,0,8,2,0,0,0,4,1,5,6,1,45,7,2198,2,7,FORD TRANSIT,6,E01002439,0,-1
2020100978778,2020,100978778,1,19,0,1,1,3,7,0,0,1,0,0,0,0,2,1,5,6,1,32,6,1998,2,15,FORD TRANSIT,1,E01008170,0,-1
2020200995934,2020,200995934,2,20,0,5,5,6,2,0,0,0,0,0,0,0,3,1,6,6,1,-1,-1,2402,2,17,FORD TRANSIT,-1,-1,0,-1
2020010281292,2020,010281292,4,19,0,2,2,0,0,0,0,1,0,0,0,0,4,1,6,6,3,-1,-1,2402,2,10,FORD TRANSIT,-1,-1,0,-1
2020010234668,2020,010234668,2,19,0,99,99,9,9,99,99,9,9,99,9,99,9,9,6,6,1,42,7,2402,2,11,FORD TRANSIT,2,E01001205,0,-1
2020370952850,2020,370952850,1,20,0,18,19,3,7,0,0,0,0,0,0,0,-1,1,6,6,3,20,4,-1,-1,-1,FORD TRANSIT,-1,-1,0,-1
2020440017591,2020,440017591,1,19,0,9,9,1,8,0,0,8,0,0,0,0,3,1,2,2,1,29,6,1995,2,1,FORD TRANSIT,6,E01031507,0,-1
2020470954512,2020,470954512,1,10,0,18,19,2,6,0,0,8,0,0,0,0,1,1,5,6,2,61,9,2198,2,4,FORD TRANSIT,5,E01031530,0,-1
2020010263693,2020,010263693,2,20,0,99,99,9,9,99,99,9,9,99,9,99,1,9,6,6,3,-1,-1,-1,-1,-1,FORD TRANSIT,-1,-1,0,-1
2020500978802,2020,500978802,2,19,0,2,2,0,0,0,0,0,0,0,0,0,2,1,1,1,1,52,8,2198,2,4,FORD TRANSIT,9,E01019906,0,-1
2020340N01482,2020,340N01482,2,19,0,2,2,0,0,0,0,0,0,0,1,0,2,1,6,6,3,-1,-1,2402,2,15,FORD TRANSIT,-1,-1,0,-1
2020552000376,2020,552000376,1,19,0,18,19,8,4,0,0,0,0,0,0,0,4,1,1,1,1,26,6,2402,2,17,FORD TRANSIT,6,E01023017,0,-1
2020421012677,2020,421012677,1,19,0,5,5,1,3,0,0,0,0,0,0,0,1,1,1,1,1,65,9,2402,2,16,FORD TRANSIT,-1,-1,0,-1
2020101004850,2020,101004850,1,19,0,5,5,5,1,0,0,4,0,0,0,0,1,1,1,1,1,41,7,2198,2,4,FORD TRANSIT,5,E01008225,0,-1
2020460963465,2020,460963465,1,19,0,9,9,8,5,0,0,1,0,0,0,0,1,1,6,6,1,53,8,1995,2,3,FORD TRANSIT,8,E01016138,0,-1
2020440178417,2020,440178417,2,19,0,3,3,2,6,0,0,1,0,0,0,0,1,1,1,1,1,51,8,1995,2,2,FORD TRANSIT,-1,-1,0,-1
2020140992310,2020,140992310,2,19,0,9,9,3,7,0,0,8,0,0,0,0,1,1,1,1,1,31,6,2198,2,8,FORD TRANSIT,6,E01007554,0,-1
2020010285422,2020,010285422,1,19,0,18,19,3,7,0,0,0,0,0,0,0,4,1,1,1,1,16,4,1995,2,0,FORD TRANSIT,9,E01022073,0,-1
2020010257695,2020,010257695,2,19,0,9,9,3,2,0,0,1,0,0,0,0,3,1,1,1,1,61,9,1995,2,0,FORD TRANSIT,1,E01003318,0,-1
2020350961991,2020,350961991,2,19,0,18,19,5,1,0,0,0,0,0,0,0,2,1,1,1,1,52,8,1995,2,1,FORD TRANSIT,4,E01015623,0,-1
2020360966617,2020,360966617,2,19,0,9,9,3,7,0,0,1,5,0,0,0,1,1,1,1,1,38,7,1998,2,15,FORD TRANSIT,2,E01026698,0,-1
2020137BJ0417,2020,137BJ0417,1,19,0,1,1,6,2,8,6,0,0,0,0,0,2,1,1,1,2,53,8,2198,2,3,FORD TRANSIT,2,E01032492,0,-1
2020137990379,2020,137990379,1,19,0,7,7,2,4,0,0,5,0,0,0,0,0,1,6,6,3,-1,-1,1995,2,2,FORD TRANSIT,-1,-1,0,-1
2020111008437,2020,111008437,1,19,0,18,19,1,5,0,0,1,0,0,0,0,4,1,5,6,1,24,5,2198,2,7,FORD TRANSIT,1,E01020790,0,-1
2020549640620,2020,549640620,1,19,0,1,1,3,7,0,0,0,0,0,0,0,2,1,1,1,1,31,6,2198,2,8,FORD TRANSIT,9,E01014920,0,-1
2020320578910,2020,320578910,3,19,0,10,10,1,5,0,0,0,0,0,0,0,2,1,6,6,3,40,7,2198,2,6,FORD TRANSIT,-1,-1,0,-1
2020610020320,2020,610020320,1,10,0,5,5,6,2,0,0,0,0,0,0,0,4,1,1,1,1,45,7,2400,2,13,FORD TRANSIT,10,W01001552,0,-1
2020070443089,2020,070443089,2,19,0,4,4,8,4,0,0,1,0,0,0,0,1,1,1,1,1,32,6,1995,2,1,FORD TRANSIT,6,E01025535,0,-1
2020040955146,2020,040955146,1,98,0,18,19,1,5,0,0,0,0,0,0,0,1,1,6,6,1,30,6,2198,2,10,FORD TRANSIT,9,E01025512,0,-1
2020470995251,2020,470995251,2,19,0,18,19,2,6,0,0,0,0,0,7,1,3,1,2,2,1,33,6,2402,2,12,FORD TRANSIT,8,E01030595,0,-1
2020010275259,2020,010275259,1,19,0,18,19,1,5,0,0,1,0,0,0,0,1,1,1,1,1,50,8,2402,2,9,FORD TRANSIT,-1,-1,0,-1
2020991009824,2020,991009824,1,19,0,5,5,4,2,0,0,6,0,0,0,0,3,1,1,1,1,38,7,2198,2,8,FORD TRANSIT,9,-1,0,-1
2020010246762,2020,010246762,2,19,0,18,19,3,7,0,0,6,0,0,0,0,1,9,6,6,3,-1,-1,1998,2,17,FORD TRANSIT,-1,-1,0,-1
2020040970268,2020,040970268,1,19,0,18,19,7,3,0,0,0,0,0,0,0,1,1,1,1,1,43,7,2198,2,4,FORD TRANSIT,9,E01025106,0,-1
2020010263388,2020,010263388,2,19,0,7,7,2,4,0,0,1,9,0,0,99,4,9,6,6,1,-1,-1,1995,2,2,FORD TRANSIT,-1,-1,0,-1
2020010259523,2020,010259523,3,19,0,18,19,1,5,0,0,0,0,0,0,0,1,1,1,1,1,38,7,1995,2,2,FORD TRANSIT,3,E01003725,0,-1
2020200961473,2020,200961473,2,19,0,2,2,0,0,0,0,2,0,10,7,0,1,1,6,6,2,-1,-1,2198,2,9,FORD TRANSIT,-1,-1,0,-1
2020010237008,2020,010237008,2,19,0,99,99,9,9,99,99,9,9,99,9,99,1,9,6,6,3,-1,-1,2198,2,12,FORD TRANSIT,-1,-1,0,-1
2020201011958,2020,201011958,1,19,0,18,19,2,6,0,0,0,0,0,0,0,1,1,6,6,1,34,6,2198,2,7,FORD TRANSIT,7,E01029632,0,-1
2020990931796,2020,990931796,1,19,0,18,19,4,8,0,0,0,0,0,0,0,1,1,6,6,1,41,7,-1,-1,-1,FORD TRANSIT,10,-1,0,-1
2020421008083,2020,421008083,1,19,0,18,19,8,4,0,0,3,0,0,0,0,1,1,6,6,3,-1,-1,1998,2,17,FORD TRANSIT,-1,-1,0,-1
2020141010303,2020,141010303,1,98,0,18,19,1,1,0,0,0,0,0,0,0,3,1,1,1,1,37,7,2198,2,14,FORD TRANSIT,8,E01007756,0,-1
2020141008216,2020,141008216,1,19,0,18,19,1,5,0,0,0,0,0,0,0,0,1,1,1,1,49,8,1995,2,2,FORD TRANSIT,1,E01007370,0,-1
2020370980972,2020,370980972,1,19,0,18,19,7,3,0,0,0,0,4,0,0,1,1,2,2,1,52,8,2198,2,4,FORD TRANSIT,4,E01030251,0,-1
2020010253266,2020,010253266,2,19,0,18,19,3,7,0,0,8,0,0,0,0,4,1,1,1,1,34,6,2198,2,5,FORD TRANSIT,8,E01002273,0,-1
2020461000311,2020,461000311,1,19,0,9,9,5,3,0,0,1,0,0,0,0,1,1,5,6,1,39,7,2198,2,5,FORD TRANSIT,4,E01024591,0,-1
2020500992044,2020,500992044,1,19,0,18,19,5,1,6,6,8,1,0,2,11,1,1,1,1,1,67,10,2198,2,4,FORD TRANSIT,5,E01020098,0,-1
2020440322622,2020,440322622,2,19,0,9,9,4,1,0,0,8,0,0,0,0,3,1,1,1,1,40,7,2198,2,14,FORD TRANSIT,7,E01023179,0,-1
2020170H10710,2020,170H10710,1,19,0,18,19,1,5,0,0,1,0,0,0,0,1,1,6,6,1,55,8,2198,2,10,FORD TRANSIT,-1,-1,0,-1
2020010262800,2020,010262800,1,19,0,9,9,1,6,0,0,8,0,0,0,0,1,1,1,1,1,29,6,2198,2,14,FORD TRANSIT,4,E01004694,0,-1
2020201011512,2020,201011512,1,10,0,18,19,-1,-1,0,0,0,0,0,0,0,4,1,1,1,1,63,9,2402,2,10,FORD TRANSIT,1,E01009073,0,-1
2020500995870,2020,500995870,1,19,0,4,4,3,7,0,0,0,0,0,0,0,0,1,1,1,1,24,5,2198,2,5,FORD TRANSIT,6,E01020136,0,-1
2020221000413,2020,221000413,1,19,0,7,7,3,5,0,0,3,0,0,0,0,2,1,5,6,1,56,9,2402,2,14,FORD TRANSIT,2,E01032461,0,-1
202063C014320,2020,63C014320,2,19,0,18,19,8,4,0,0,1,0,0,0,0,3,1,1,1,1,47,8,2198,2,6,FORD TRANSIT,4,W01000586,0,-1
2020052001900,2020,052001900,1,19,0,18,19,4,8,0,0,8,0,0,0,0,4,1,1,1,1,42,7,1995,2,2,FORD TRANSIT,2,E01006449,0,-1
2020010275809,2020,010275809,1,19,0,2,2,0,0,0,0,0,0,0,0,0,4,1,6,6,3,-1,-1,1995,2,3,FORD TRANSIT,-1,-1,0,-1
2020137570298,2020,137570298,2,19,0,6,6,2,1,0,0,1,0,0,0,0,3,1,1,1,1,50,8,2198,2,4,FORD TRANSIT,2,E01011867,0,-1
2020137230942,2020,137230942,1,19,0,9,9,5,3,0,0,1,0,0,0,0,2,1,1,1,1,55,8,2198,2,5,FORD TRANSIT,3,E01032606,0,-1
2020470955692,2020,470955692,1,20,0,18,19,6,3,0,0,0,0,0,0,0,1,1,2,2,1,40,7,-1,-1,-1,FORD TRANSIT,3,E01020937,0,-1
2020041005606,2020,041005606,1,19,0,18,19,1,5,0,0,0,0,0,0,0,1,1,2,2,1,61,9,1995,2,4,FORD TRANSIT,3,E01006217,0,-1
202031D142220,2020,31D142220,1,19,0,18,19,8,4,0,0,8,0,0,0,0,1,1,1,1,1,61,9,2198,2,10,FORD TRANSIT,8,E01019406,0,-1
2020010254697,2020,010254697,1,19,4,18,19,7,3,0,0,0,0,0,0,0,1,1,1,1,1,49,8,2402,2,12,FORD TRANSIT,3,E01001516,0,-1
2020360947712,2020,360947712,2,19,0,18,19,5,1,0,0,0,0,0,0,0,4,1,1,1,1,60,9,2402,2,10,FORD TRANSIT,6,E01026722,0,-1
2020430065774,2020,430065774,2,19,0,18,19,8,4,0,0,0,0,0,0,0,1,1,6,6,1,-1,-1,2198,2,4,FORD TRANSIT,7,E01023184,0,-1
202063D077620,2020,63D077620,1,19,0,16,19,7,2,0,0,0,0,0,7,4,1,1,1,1,1,40,7,1995,2,2,FORD TRANSIT,7,W01000488,0,-1
2020320000105,2020,320000105,2,19,0,2,2,0,0,0,0,0,0,0,0,0,1,1,6,6,1,26,6,1995,2,1,FORD TRANSIT,6,E01026265,0,-1
2020460949568,2020,460949568,2,19,0,2,2,8,4,0,0,0,0,0,0,0,4,1,1,1,1,62,9,2198,2,5,FORD TRANSIT,6,E01024084,0,-1
2020160954648,2020,160954648,2,19,0,18,19,1,5,0,0,0,0,0,0,0,0,1,1,1,1,26,6,1995,2,1,FORD TRANSIT,4,E01026060,0,-1
2020052002109,2020,052002109,1,19,0,9,9,5,3,0,0,1,0,0,0,0,1,1,6,6,1,37,7,1995,2,1,FORD TRANSIT,2,W01001931,0,-1
2020137910617,2020,137910617,2,19,0,2,2,0,0,0,0,0,0,0,2,11,2,1,6,6,1,31,6,2198,2,7,FORD TRANSIT,-1,-1,0,-1
2020010275296,2020,010275296,3,19,0,99,99,9,9,99,99,9,9,99,9,99,0,9,6,6,3,37,7,1995,2,2,FORD TRANSIT,2,E01000103,0,-1
2020010282763,2020,010282763,1,19,0,9,9,5,3,0,0,8,0,0,0,0,2,1,1,1,1,20,4,1995,2,3,FORD TRANSIT,4,E01001635,0,-1
2020440085100,2020,440085100,2,19,0,13,13,3,7,0,0,0,0,0,0,0,4,1,6,6,3,-1,-1,2198,2,11,FORD TRANSIT,-1,-1,0,-1
2020010256584,2020,010256584,1,19,0,99,99,9,9,0,0,1,0,0,0,0,9,9,6,6,3,58,9,2198,2,13,FORD TRANSIT,-1,-1,0,-1
2020122000704,2020,122000704,1,19,0,18,19,1,5,0,0,0,1,0,0,0,1,1,1,1,1,51,8,2198,2,6,FORD TRANSIT,10,E01013440,0,-1
2020420966393,2020,420966393,1,19,0,18,19,6,2,0,0,0,0,0,0,0,1,1,1,1,1,33,6,2198,2,6,FORD TRANSIT,8,E01015991,0,-1
2020010229265,2020,010229265,1,19,0,16,19,8,4,0,0,2,0,0,0,0,3,1,1,1,1,58,9,2402,2,10,FORD TRANSIT,1,E01001822,0,-1
2020010267359,2020,010267359,2,19,0,2,2,0,0,0,0,0,0,0,0,0,1,1,6,6,3,-1,-1,2402,2,13,FORD TRANSIT,-1,-1,0,-1
2020010242969,2020,010242969,2,19,0,99,99,9,9,99,99,1,9,99,9,99,1,1,6,6,3,-1,-1,2402,2,9,FORD TRANSIT,-1,-1,0,-1
2020200931893,2020,200931893,1,19,0,18,19,8,4,0,0,1,0,0,0,0,2,1,1,1,2,-1,-1,2198,2,5,FORD TRANSIT,-1,-1,0,-1
2020140956718,2020,140956718,2,19,0,18,19,4,2,0,0,2,0,0,2,1,3,1,1,1,1,30,6,2198,2,6,FORD TRANSIT,8,E01007485,0,-1
2020440075966,2020,440075966,1,19,0,18,19,8,4,0,0,1,0,0,0,0,1,1,1,1,1,49,8,2402,2,12,FORD TRANSIT,8,E01022703,0,-1
2020420944328,2020,420944328,2,19,0,9,9,7,4,0,0,0,0,0,0,0,2,1,1,1,1,37,7,2402,2,8,FORD TRANSIT,4,E01003767,0,-1
2020552001175,2020,552001175,2,19,0,17,19,6,3,0,0,0,0,0,7,10,0,1,6,6,1,37,7,1995,2,2,FORD TRANSIT,8,E01020416,0,-1
2020990978443,2020,990978443,1,19,0,1,1,4,8,0,0,0,0,0,0,0,2,1,6,6,1,22,5,2198,2,14,FORD TRANSIT,3,-1,0,-1
202006M174242,2020,06M174242,1,19,0,13,13,3,7,0,0,0,0,0,0,0,1,1,6,6,1,30,6,2198,2,12,FORD TRANSIT,-1,-1,0,-1
2020140924914,2020,140924914,1,19,0,16,19,3,7,0,0,0,5,0,8,2,1,1,5,6,1,18,4,2198,2,8,FORD TRANSIT,2,E01007745,0,-1
2020140934416,2020,140934416,1,19,0,2,2,0,0,0,0,0,0,0,0,0,1,1,1,1,1,23,5,2402,2,13,FORD TRANSIT,2,E01007517,0,-1
2020552100022,2020,552100022,1,19,0,9,9,1,7,0,0,5,0,0,0,0,1,1,1,1,1,49,8,2402,2,10,FORD TRANSIT,4,E01015465,0,-1