collision_index,collision_year,collision_ref_no,vehicle_reference,vehicle_type,towing_and_articulation,vehicle_manoeuvre_historic,vehicle_manoeuvre,vehicle_direction_from,vehicle_direction_to,vehicle_location_restricted_lane_historic,vehicle_location_restricted_lane,junction_location,skidding_and_overturning,hit_object_in_carriageway,vehicle_leaving_carriageway,hit_object_off_carriageway,first_point_of_impact,vehicle_left_hand_drive,journey_purpose_of_driver_historic,journey_purpose_of_driver,sex_of_driver,age_of_driver,age_band_of_driver,engine_capacity_cc,propulsion_code,age_of_vehicle,generic_make_model,driver_imd_decile,lsoa_of_driver,escooter_flag,driver_distance_banding
2020545424120,2020,545424120,1,19,0,13,13,7,3,0,0,0,0,0,0,0,4,1,1,1,1,35,6,1995,2,3,FORD TRANSIT,7,E01031852,0,-1
202006F174127,2020,06F174127,1,19,0,9,9,3,1,0,0,8,0,0,0,0,1,1,6,6,3,-1,-1,2198,2,5,FORD TRANSIT,-1,-1,0,-1
2020430122381,2020,430122381,1,19,0,1,1,3,7,0,0,6,0,0,0,0,3,1,1,1,1,60,9,2402,2,18,FORD TRANSIT,8,E01016674,0,-1
2020990938374,2020,990938374,1,19,0,5,5,5,1,0,0,6,0,0,0,0,1,1,6,6,1,63,9,2198,2,9,FORD TRANSIT,6,-1,0,-1
2020500948655,2020,500948655,2,19,0,18,19,6,2,0,0,0,2,0,8,6,3,1,1,1,1,29,6,2198,2,4,FORD TRANSIT,6,E01014613,0,-1
2020010269711,2020,010269711,2,19,0,99,99,9,9,99,99,9,9,99,9,99,9,9,6,6,3,26,6,1995,2,1,FORD TRANSIT,4,E01024387,0,-1
2020460974398,2020,460974398,1,19,0,18,19,5,1,0,0,0,0,0,0,0,0,1,5,6,1,-1,-1,2198,2,10,FORD TRANSIT,5,E01024381,0,-1
2020010243754,2020,010243754,2,19,0,99,99,9,9,99,99,9,9,99,9,99,2,9,6,6,1,29,6,2198,2,11,FORD TRANSIT,6,E01003416,0,-1
202031C114420,2020,31C114420,1,19,0,18,19,6,2,0,0,0,0,0,0,0,1,1,6,6,1,42,7,1998,2,18,FORD TRANSIT,1,E01013960,0,-1
2020010269979,2020,010269979,3,19,0,18,19,7,3,0,0,2,1,0,0,0,2,1,6,6,1,-1,-1,1995,2,1,FORD TRANSIT,-1,-1,0,-1
2020201002677,2020,201002677,2,19,0,9,9,5,3,0,0,6,0,0,0,0,1,1,6,6,1,43,7,1995,2,1,FORD TRANSIT,9,E01010331,0,-1
2020052000130,2020,052000130,2,19,0,9,9,4,3,0,0,1,0,0,0,0,1,1,2,2,1,42,7,2198,2,13,FORD TRANSIT,9,E01012392,0,-1
2020990974372,2020,990974372,1,19,0,1,1,3,7,0,0,0,0,0,0,0,3,1,5,6,1,49,8,2198,2,13,FORD TRANSIT,9,-1,0,-1
2020010257151,2020,010257151,1,19,0,18,19,1,5,0,0,2,0,0,0,0,0,1,2,2,1,50,8,1995,2,2,FORD TRANSIT,-1,-1,0,-1
2020201007053,2020,201007053,2,19,0,18,19,3,4,0,0,0,0,4,-1,0,2,1,1,1,1,27,6,2198,2,6,FORD TRANSIT,2,E01009998,0,-1
2020010261516,2020,010261516,1,19,0,18,19,5,1,0,0,0,0,0,0,0,2,1,6,6,1,48,8,2198,2,9,FORD TRANSIT,-1,-1,0,-1
2020010230315,2020,010230315,2,19,0,18,19,7,3,0,0,8,0,0,1,0,1,1,2,2,1,26,6,2402,2,10,FORD TRANSIT,4,E01001185,0,-1
2020400938780,2020,400938780,1,19,0,18,19,3,7,0,0,0,0,0,0,0,1,1,2,2,1,61,9,2198,2,10,FORD TRANSIT,3,E01015765,0,-1
2020052002556,2020,052002556,1,19,0,10,10,6,8,0,0,8,0,0,0,0,1,1,2,2,1,52,8,2198,2,10,FORD TRANSIT,8,E01007193,0,-1
2020420953280,2020,420953280,2,19,0,18,19,6,2,0,0,0,0,0,0,0,1,1,6,6,1,-1,-1,1998,2,19,FORD TRANSIT,-1,-1,0,-1
2020990970632,2020,990970632,1,19,0,18,19,1,5,0,0,4,1,9,0,0,1,1,1,1,1,41,7,1995,2,1,FORD TRANSIT,2,-1,0,-1
2020440479508,2020,440479508,2,19,0,2,2,0,0,0,0,2,0,0,0,0,4,1,1,1,1,37,7,2198,2,9,FORD TRANSIT,6,E01023008,0,-1
2020110927511,2020,110927511,1,19,0,18,19,1,5,0,0,0,0,0,0,0,1,1,1,1,1,30,6,2198,2,12,FORD TRANSIT,2,E01012318,0,-1
2020010234682,2020,010234682,1,20,0,17,19,1,5,0,0,1,0,0,0,0,1,1,1,1,1,51,8,-1,-1,-1,FORD TRANSIT,4,E01032769,0,-1
2020010281848,2020,010281848,1,19,0,1,1,7,5,0,0,0,0,0,0,0,3,1,1,1,1,55,8,2198,2,7,FORD TRANSIT,5,E01001189,0,-1
202031C139920,2020,31C139920,1,19,0,18,19,4,8,0,0,1,0,0,0,0,1,1,6,6,1,39,7,1998,2,17,FORD TRANSIT,1,E01013824,0,-1
2020137370968,2020,137370968,3,19,0,18,19,6,2,0,0,0,0,0,0,0,1,1,1,1,1,51,8,2198,2,8,FORD TRANSIT,4,E01010675,0,-1
2020160971682,2020,160971682,2,19,0,18,19,3,7,0,0,8,0,0,0,0,1,1,2,2,1,40,7,2402,2,17,FORD TRANSIT,5,E01012937,0,-1
2020302001426,2020,302001426,1,19,0,4,4,6,2,0,0,1,0,0,0,0,1,2,6,6,1,21,5,2198,2,13,FORD TRANSIT,3,E01019404,0,-1
2020140927566,2020,140927566,2,19,0,16,19,5,1,0,0,0,0,0,0,0,3,1,6,6,3,-1,-1,2402,2,18,FORD TRANSIT,-1,-1,0,-1
2020302000520,2020,302000520,1,19,0,18,19,6,2,0,0,0,0,0,1,5,1,1,6,6,1,55,8,1998,1,23,FORD TRANSIT,7,E01019814,0,-1
2020230951648,2020,230951648,1,19,0,17,19,7,4,0,0,2,0,0,0,0,4,1,5,6,1,36,7,2402,2,9,FORD TRANSIT,4,E01031027,0,-1
2020460961195,2020,460961195,4,19,0,2,2,0,0,0,0,0,0,0,0,0,4,1,6,6,3,-1,-1,2198,2,7,FORD TRANSIT,-1,-1,0,-1
2020440438516,2020,440438516,2,10,0,18,19,4,8,0,0,8,0,0,0,0,1,1,3,7,1,62,9,2198,2,7,FORD TRANSIT,6,E01017261,0,-1
2020460990457,2020,460990457,1,19,0,18,19,-1,-1,0,0,0,0,0,0,0,3,1,6,6,1,49,8,2198,2,11,FORD TRANSIT,10,E01024341,0,-1
2020501014288,2020,501014288,1,19,0,18,19,2,6,0,0,0,0,0,0,0,1,1,1,1,1,29,6,1995,2,0,FORD TRANSIT,5,E01014524,0,-1
2020010238374,2020,010238374,1,19,0,4,4,5,1,0,0,1,0,0,0,0,3,1,1,1,1,41,7,1995,2,0,FORD TRANSIT,-1,-1,0,-1
2020160976279,2020,160976279,2,19,0,18,19,2,6,0,0,1,0,0,0,0,4,1,1,1,1,38,7,2402,2,14,FORD TRANSIT,1,E01012897,0,-1
2020552000891,2020,552000891,1,10,0,18,19,7,3,0,0,1,0,0,0,0,1,1,1,1,1,64,9,2402,2,10,FORD TRANSIT,5,E01015417,0,-1
2020200958755,2020,200958755,2,19,0,9,9,8,6,0,0,5,0,0,0,0,1,1,6,6,1,36,7,1998,2,19,FORD TRANSIT,5,E01010468,0,-1
202031D161020,2020,31D161020,2,19,0,2,2,0,0,0,0,0,0,0,1,11,2,1,6,6,3,-1,-1,2402,2,9,FORD TRANSIT,-1,-1,0,-1
2020010232050,2020,010232050,2,98,0,7,7,1,3,0,0,6,0,0,0,0,4,1,6,6,1,50,8,2402,2,11,FORD TRANSIT,-1,-1,0,-1
2020440498627,2020,440498627,2,20,0,18,19,7,4,0,0,0,0,0,0,0,3,1,6,6,3,-1,-1,3199,2,10,FORD TRANSIT,-1,-1,0,-1
2020070390951,2020,070390951,1,19,0,10,10,3,5,0,0,1,0,0,0,0,0,2,1,1,1,28,6,1995,2,2,FORD TRANSIT,3,E01015503,0,-1
2020140948420,2020,140948420,1,19,0,18,19,2,5,0,0,1,0,0,0,0,0,1,6,6,3,-1,-1,2402,2,14,FORD TRANSIT,-1,-1,0,-1
2020010269288,2020,010269288,1,19,0,9,9,4,1,0,0,8,0,0,0,0,3,1,2,2,1,28,6,1995,2,1,FORD TRANSIT,6,E01002380,0,-1
2020420928389,2020,420928389,1,19,0,4,4,7,3,0,0,0,1,0,0,0,1,1,5,6,1,28,6,2198,2,9,FORD TRANSIT,4,E01024204,0,-1
2020430320649,2020,430320649,2,19,0,18,19,3,7,0,0,8,0,0,0,0,4,1,6,6,2,45,7,2402,2,9,FORD TRANSIT,-1,-1,0,-1
2020370918694,2020,370918694,1,19,0,18,19,4,1,0,0,0,0,0,0,0,4,1,2,2,1,20,4,2402,2,9,FORD TRANSIT,6,E01029891,0,-1
2020231007059,2020,231007059,1,19,0,18,19,1,5,0,0,8,0,0,1,0,1,1,5,6,3,32,6,1995,2,0,FORD TRANSIT,-1,-1,0,-1
202031C106220,2020,31C106220,1,19,0,1,1,5,1,0,0,0,0,0,0,0,2,1,1,1,1,48,8,1995,2,1,FORD TRANSIT,9,E01019464,0,-1
202031C154520,2020,31C154520,2,19,0,18,19,5,1,0,0,8,0,0,0,0,1,1,6,6,1,28,6,2402,2,13,FORD TRANSIT,10,E01028391,0,-1
2020010242643,2020,010242643,2,19,0,99,99,9,9,99,99,4,9,99,9,99,1,9,6,6,3,-1,-1,2402,2,10,FORD TRANSIT,-1,-1,0,-1
2020010251145,2020,010251145,2,19,0,99,99,9,9,99,99,9,9,99,9,99,1,9,6,6,3,-1,-1,2402,2,16,FORD TRANSIT,-1,-1,0,-1
2020440087170,2020,440087170,2,19,0,2,2,0,0,0,0,2,0,4,0,0,1,1,6,6,3,-1,-1,2402,2,20,FORD TRANSIT,-1,-1,0,-1
2020221007851,2020,221007851,2,19,0,3,3,1,6,0,0,0,0,0,0,0,2,1,1,1,1,53,8,2198,2,7,FORD TRANSIT,6,E01032431,0,-1
2020140929988,2020,140929988,2,19,0,18,19,1,5,0,0,1,0,0,0,0,1,1,1,1,1,59,9,2198,2,12,FORD TRANSIT,3,E01007744,0,-1
2020010269339,2020,010269339,2,19,0,10,10,1,7,0,0,6,0,0,0,0,3,1,1,1,1,34,6,2198,2,5,FORD TRANSIT,1,E01001425,0,-1
2020501015215,2020,501015215,1,19,0,9,9,1,5,0,0,6,2,0,7,7,3,1,1,1,1,58,9,1995,2,0,FORD TRANSIT,3,E01019059,0,-1
2020230999933,2020,230999933,2,19,0,10,10,7,4,0,0,6,0,0,0,0,3,1,2,2,1,31,6,2402,2,8,FORD TRANSIT,6,E01031322,0,-1
20201379U1044,2020,1379U1044,3,19,0,18,19,1,5,0,0,2,0,0,0,0,1,1,6,6,1,56,9,1995,2,2,FORD TRANSIT,-1,-1,0,-1
2020220998674,2020,220998674,1,19,5,17,19,7,4,0,0,0,1,0,7,10,3,1,1,1,1,37,7,2198,2,6,FORD TRANSIT,3,E01028880,0,-1
2020010248439,2020,010248439,1,19,0,15,15,5,1,0,0,0,0,0,0,0,4,1,1,1,1,47,8,2198,2,9,FORD TRANSIT,10,E01003364,0,-1
2020430342769,2020,430342769,1,19,0,18,19,2,6,0,0,1,0,0,0,0,1,1,1,1,1,46,8,2198,2,11,FORD TRANSIT,2,E01016450,0,-1
2020070032232,2020,070032232,2,19,0,18,19,8,4,0,0,1,0,0,0,0,2,1,1,1,1,53,8,2402,2,9,FORD TRANSIT,2,E01008029,0,-1
2020500964637,2020,500964637,1,19,0,9,9,3,7,0,0,6,0,0,0,0,1,1,5,6,1,62,9,1995,2,2,FORD TRANSIT,6,E01020142,0,-1
2020010263284,2020,010263284,2,19,0,99,99,9,9,99,99,9,9,99,9,99,1,9,6,6,3,-1,-1,2198,2,12,FORD TRANSIT,7,E01023771,0,-1
2020010236064,2020,010236064,2,19,0,1,1,2,5,0,0,2,0,0,0,0,2,1,6,6,3,-1,-1,2198,2,13,FORD TRANSIT,-1,-1,0,-1
2020141005302,2020,141005302,2,98,0,2,2,0,0,0,0,0,0,0,0,0,3,1,6,6,3,-1,-1,2198,2,12,FORD TRANSIT,-1,-1,0,-1
2020990960676,2020,990960676,1,19,0,5,5,4,3,0,0,1,0,4,0,0,1,1,1,1,1,59,9,2198,2,10,FORD TRANSIT,-1,-1,0,-1
2020470988701,2020,470988701,3,19,0,13,13,4,8,0,0,1,0,0,0,0,0,1,6,6,1,59,9,2198,2,5,FORD TRANSIT,7,E01031697,0,-1
2020010274283,2020,010274283,1,19,0,1,1,3,7,9,9,2,0,8,1,0,1,1,6,6,2,54,8,2198,2,14,FORD TRANSIT,3,E01004421,0,-1
2020040958493,2020,040958493,3,19,0,18,19,5,1,0,0,0,0,0,0,0,1,1,1,1,1,49,8,2198,2,7,FORD TRANSIT,7,E01012614,0,-1
2020010231791,2020,010231791,1,19,4,9,9,5,4,0,0,8,0,0,0,0,1,1,1,1,1,32,6,2402,2,13,FORD TRANSIT,8,E01003470,0,-1
2020470990134,2020,470990134,3,19,0,18,19,6,2,0,0,0,0,0,0,0,1,1,1,1,1,35,6,1995,2,3,FORD TRANSIT,5,E01031663,0,-1
2020500967996,2020,500967996,2,19,0,18,19,6,2,0,0,0,0,0,0,0,2,1,5,6,2,54,8,2198,2,9,FORD TRANSIT,2,E01015171,0,-1
2020400984030,2020,400984030,2,20,0,5,5,1,6,0,0,1,0,0,0,0,1,1,5,6,1,25,5,-1,-1,-1,FORD TRANSIT,3,E01017619,0,-1
2020010267829,2020,010267829,2,19,9,18,19,5,1,99,99,9,9,99,9,99,9,9,6,6,1,-1,-1,1995,2,3,FORD TRANSIT,-1,-1,0,-1
2020430050298,2020,430050298,1,19,0,7,7,5,7,0,0,6,0,0,0,0,2,1,6,6,1,37,7,2198,2,6,FORD TRANSIT,4,E01001463,0,-1
2020040938839,2020,040938839,1,19,0,9,9,5,1,0,0,0,0,0,0,0,3,1,1,1,1,52,8,2198,2,7,FORD TRANSIT,3,E01025399,0,-1
2020471009443,2020,471009443,2,19,0,2,2,0,0,0,0,0,0,0,0,0,2,1,1,1,1,28,6,2402,2,13,FORD TRANSIT,1,E01016910,0,-1
2020010256965,2020,010256965,2,19,0,3,3,7,3,0,0,6,0,0,0,0,3,1,1,1,1,60,9,1995,2,3,FORD TRANSIT,6,E01004107,0,-1
2020440141746,2020,440141746,1,19,0,18,19,6,2,0,0,8,0,0,0,0,1,1,1,1,1,-1,-1,2402,2,13,FORD TRANSIT,-1,-1,0,-1
2020010257773,2020,010257773,1,19,0,9,9,7,4,0,0,3,0,0,0,0,3,1,6,6,1,46,8,2402,2,9,FORD TRANSIT,5,E01003663,0,-1
2020010232454,2020,010232454,3,19,0,2,2,0,0,0,0,2,0,0,0,0,0,1,6,6,3,-1,-1,2198,2,4,FORD TRANSIT,-1,-1,0,-1
2020010255804,2020,010255804,1,19,0,18,19,5,1,0,0,1,0,10,4,1,1,1,1,1,1,60,9,2198,2,5,FORD TRANSIT,3,E01003081,0,-1
2020990932643,2020,990932643,2,20,0,5,5,3,7,0,0,8,0,0,0,0,1,1,1,1,1,47,8,2402,2,9,FORD TRANSIT,4,-1,0,-1
2020010280054,2020,010280054,2,20,0,99,99,9,9,99,99,9,9,99,9,99,2,9,6,6,1,-1,-1,1995,2,3,FORD TRANSIT,7,E01001537,0,-1
2020010254448,2020,010254448,3,19,0,18,19,5,1,0,0,1,0,0,0,0,4,1,2,2,1,43,7,2198,2,4,FORD TRANSIT,3,E01001394,0,-1
2020010231890,2020,010231890,2,19,0,99,99,9,9,99,99,9,9,99,9,99,2,9,6,6,3,-1,-1,2198,2,5,FORD TRANSIT,-1,-1,0,-1
202063D005120,2020,63D005120,1,19,0,18,19,1,5,0,0,0,1,0,7,10,4,1,1,1,1,63,9,2402,2,11,FORD TRANSIT,3,W01000925,0,-1
2020010228699,2020,010228699,3,19,0,4,4,5,1,0,0,1,0,0,0,0,1,1,1,1,1,40,7,2198,2,4,FORD TRANSIT,3,E01021503,0,-1
2020010261138,2020,010261138,1,19,9,99,99,9,9,99,99,9,9,99,9,99,9,9,2,2,1,32,6,2198,2,9,FORD TRANSIT,5,E01023542,0,-1
2020210933426,2020,210933426,1,19,0,9,9,6,5,0,0,6,0,0,0,0,2,1,6,6,1,41,7,2402,2,12,FORD TRANSIT,2,E01029453,0,-1
2020622000608,2020,622000608,2,19,0,18,19,2,6,0,0,0,0,0,0,0,1,1,6,6,1,72,10,-1,-1,-1,FORD TRANSIT,10,W01001114,0,-1
2020991007207,2020,991007207,3,19,0,3,3,2,5,0,0,0,0,0,0,0,2,1,1,1,1,30,6,2198,2,4,FORD TRANSIT,3,-1,0,-1
2020200988997,2020,200988997,1,19,0,18,19,8,4,0,0,0,0,0,0,0,1,1,6,6,1,40,7,2402,2,14,FORD TRANSIT,1,E01009743,0,-1
2020010229900,2020,010229900,2,19,0,99,99,9,9,99,99,9,9,99,9,99,9,9,6,6,3,-1,-1,2198,2,10,FORD TRANSIT,-1,-1,0,-1
2020500995900,2020,500995900,1,19,0,1,1,8,4,0,0,0,0,4,0,0,2,1,6,6,1,54,8,2402,2,9,FORD TRANSIT,3,E01018888,0,-1
2020010232606,2020,010232606,1,19,0,99,99,9,9,99,99,9,9,99,9,99,9,9,6,6,3,-1,-1,2198,2,7,FORD TRANSIT,9,E01030334,0,-1
2020070276110,2020,070276110,1,19,0,18,19,1,5,0,0,1,0,0,0,0,1,1,6,6,1,59,9,1998,2,17,FORD TRANSIT,1,E01012441,0,-1
2020010272239,2020,010272239,1,19,0,9,9,5,2,0,0,1,0,0,0,0,4,1,1,1,1,49,8,1995,2,3,FORD TRANSIT,4,E01002684,0,-1
2020470968896,2020,470968896,2,90,0,9,9,8,6,0,0,0,2,7,7,1,2,1,5,6,1,42,7,2200,2,13,-1,7,E01031567,0,-1
20201373E0788,2020,1373E0788,1,19,0,12,12,3,7,0,0,7,0,0,0,0,3,1,1,1,1,20,4,2402,2,11,FORD TRANSIT,1,E01010611,0,-1
2020340W04732,2020,340W04732,1,19,0,4,4,5,1,0,0,0,1,0,0,0,1,1,1,1,1,40,7,2198,2,8,FORD TRANSIT,8,E01027089,0,-1
2020410956753,2020,410956753,2,19,0,18,19,5,7,0,0,2,0,4,0,0,4,1,6,6,1,22,5,1995,2,3,FORD TRANSIT,7,E01023382,0,-1
2020552001043,2020,552001043,1,19,0,18,19,4,8,0,0,0,1,0,0,0,1,1,1,1,1,46,8,2198,2,5,FORD TRANSIT,7,E01020480,0,-1
2020010243042,2020,010243042,1,19,0,16,19,3,7,0,0,6,0,0,0,0,1,1,1,1,1,52,8,2402,2,9,FORD TRANSIT,2,E01002708,0,-1
2020990917560,2020,990917560,1,19,0,1,1,3,7,0,0,1,0,0,0,0,2,1,6,6,1,36,7,1998,2,17,FORD TRANSIT,-1,-1,0,-1
2020010262382,2020,010262382,1,19,0,18,19,3,7,0,0,4,0,0,0,0,1,1,6,6,1,63,9,1995,2,3,FORD TRANSIT,2,E01000422,0,-1
2020201002153,2020,201002153,1,19,0,18,19,2,6,0,0,1,0,0,0,0,1,1,2,2,1,-1,-1,2198,2,13,FORD TRANSIT,4,E01010459,0,-1
2020200993049,2020,200993049,1,19,0,18,19,2,6,0,0,8,0,0,0,0,4,1,2,2,1,48,8,2198,2,7,FORD TRANSIT,6,E01010174,0,-1
2020010257255,2020,010257255,2,19,9,99,99,9,9,99,99,0,9,99,9,99,9,9,6,6,3,-1,-1,2198,2,9,FORD TRANSIT,2,E01001703,0,-1
202063D046820,2020,63D046820,2,19,4,16,19,1,4,0,0,0,1,0,0,0,1,1,6,6,1,45,7,2402,2,9,FORD TRANSIT,4,W01000366,0,-1
2020010242317,2020,010242317,2,19,0,18,19,5,1,0,0,1,0,0,0,0,1,1,6,6,1,60,9,1995,2,1,FORD TRANSIT,4,E01003118,0,-1
2020460941235,2020,460941235,1,19,0,18,19,8,3,0,0,3,0,0,0,0,1,1,6,6,1,-1,-1,1995,2,1,FORD TRANSIT,3,E01024309,0,-1
2020990937396,2020,990937396,1,19,4,18,19,6,2,0,0,0,0,0,0,0,4,1,1,1,1,54,8,2402,2,12,FORD TRANSIT,6,-1,0,-1
2020470976868,2020,470976868,2,98,0,18,19,5,1,0,0,8,0,0,7,4,4,1,2,2,1,52,8,2198,2,10,FORD TRANSIT,5,E01021074,0,-1
2020010233745,2020,010233745,1,19,0,15,15,2,6,0,0,1,0,0,0,0,1,1,1,1,1,48,8,2198,2,7,FORD TRANSIT,4,E01004565,0,-1
2020010275314,2020,010275314,1,19,0,7,7,7,1,0,0,5,0,0,0,0,4,1,1,1,1,49,8,1995,2,2,FORD TRANSIT,9,E01030976,0,-1
2020010286012,2020,010286012,1,19,9,1,1,1,5,99,99,9,9,99,9,99,9,9,6,6,1,-1,-1,2198,2,8,FORD TRANSIT,8,E01004195,0,-1
2020460936775,2020,460936775,1,19,0,18,19,5,1,0,0,0,0,0,0,0,1,1,1,1,1,26,6,2198,2,4,FORD TRANSIT,4,E01000378,0,-1
2020030929306,2020,030929306,2,19,0,4,4,7,3,0,0,1,0,0,0,0,2,1,1,1,1,38,7,2198,2,5,FORD TRANSIT,4,E01019332,0,-1
2020420966537,2020,420966537,1,19,0,4,4,3,7,0,0,0,0,0,0,0,1,1,1,1,1,22,5,2198,2,8,FORD TRANSIT,8,E01021959,0,-1
2020410997682,2020,410997682,1,19,0,6,6,1,1,0,0,0,0,0,0,0,3,1,6,6,1,23,5,1998,2,18,FORD TRANSIT,7,E01023351,0,-1
2020010242688,2020,010242688,2,19,0,5,5,2,6,8,6,1,0,0,0,0,4,1,2,2,1,32,6,2198,2,12,FORD TRANSIT,3,E01000022,0,-1
2020410958331,2020,410958331,2,19,0,18,19,5,1,0,0,0,0,0,1,7,3,1,6,6,1,45,7,2198,2,8,FORD TRANSIT,6,E01007787,0,-1
2020350932584,2020,350932584,2,98,0,10,10,5,1,0,0,0,0,0,0,0,2,1,1,1,1,41,7,2402,2,12,FORD TRANSIT,8,E01018223,0,-1
2020990961059,2020,990961059,1,19,0,18,19,7,3,0,0,0,0,0,0,0,4,1,1,1,1,60,9,2402,2,13,FORD TRANSIT,8,-1,0,-1
2020140953871,2020,140953871,1,19,0,18,19,8,4,0,0,1,0,0,4,1,1,1,2,2,1,31,6,2402,2,13,FORD TRANSIT,1,E01007668,0,-1
2020160982391,2020,160982391,1,19,0,18,19,1,5,0,0,1,0,0,0,0,1,1,6,6,1,30,6,2198,2,7,FORD TRANSIT,-1,-1,0,-1
2020122000795,2020,122000795,1,19,0,9,9,6,2,0,0,0,0,0,0,0,0,1,6,6,1,37,7,2198,2,4,FORD TRANSIT,9,E01027618,0,-1
2020010242135,2020,010242135,2,19,0,5,5,4,8,0,0,1,0,0,0,0,1,1,1,1,1,-1,-1,1995,2,1,FORD TRANSIT,-1,-1,0,-1
2020200994473,2020,200994473,2,19,0,5,5,8,4,0,0,0,0,0,0,0,1,1,1,1,1,64,9,1995,2,2,FORD TRANSIT,7,E01010498,0,-1
2020460996697,2020,460996697,1,20,0,11,11,6,2,0,0,0,0,0,0,0,1,1,6,6,1,59,9,-1,-1,-1,FORD TRANSIT,3,E01004425,0,-1
2020010247928,2020,010247928,2,19,0,18,19,3,7,0,0,2,0,0,0,0,1,1,6,6,1,49,8,2198,2,9,FORD TRANSIT,6,E01023394,0,-1
2020350934916,2020,350934916,1,19,0,10,10,7,5,0,0,5,1,0,0,0,2,1,5,6,1,32,6,2198,2,10,FORD TRANSIT,3,E01018066,0,-1
2020501001763,2020,501001763,3,19,0,3,3,3,7,0,0,8,0,0,0,0,2,1,5,6,1,31,6,1995,2,3,FORD TRANSIT,3,E01020229,0,-1
2020450977806,2020,450977806,2,19,0,18,19,1,5,0,0,0,0,0,0,0,1,1,6,6,3,25,5,2198,2,3,FORD TRANSIT,-1,-1,0,-1
2020470965226,2020,470965226,2,19,0,18,19,3,7,0,0,8,0,0,0,0,1,1,1,1,1,33,6,2198,2,9,FORD TRANSIT,9,E01021231,0,-1
2020010238688,2020,010238688,2,19,0,99,99,9,9,99,99,9,9,99,9,99,9,9,6,6,1,48,8,2198,2,11,FORD TRANSIT,7,E01000197,0,-1
2020450985467,2020,450985467,1,19,0,18,19,7,3,0,0,8,0,0,0,0,1,1,6,6,1,26,6,2402,2,13,FORD TRANSIT,10,E01031695,0,-1
2020010274918,2020,010274918,1,19,0,9,9,1,7,0,0,1,0,0,0,0,1,1,1,1,1,38,7,1995,2,3,FORD TRANSIT,5,E01001200,0,-1
2020440284263,2020,440284263,1,20,0,3,3,5,1,0,0,0,0,0,0,0,2,1,1,1,1,62,9,1995,2,1,FORD TRANSIT,5,E01032133,0,-1
2020552001134,2020,552001134,1,19,4,18,19,6,2,0,0,1,0,0,0,0,1,1,1,1,1,64,9,2198,2,7,FORD TRANSIT,8,E01027064,0,-1
20201377I0514,2020,1377I0514,2,19,0,9,9,7,5,0,0,6,0,0,0,0,3,1,1,1,1,55,8,2198,2,7,FORD TRANSIT,3,E01010914,0,-1
2020460954944,2020,460954944,2,19,0,16,19,4,8,0,0,0,0,0,1,0,1,1,1,1,1,46,8,2198,2,7,FORD TRANSIT,7,E01024332,0,-1
2020052002206,2020,052002206,2,19,0,18,19,5,1,0,0,8,0,0,0,0,4,1,1,1,1,50,8,2402,2,15,FORD TRANSIT,4,E01012394,0,-1
2020200939717,2020,200939717,1,20,0,7,7,-1,-1,0,0,0,0,0,0,0,1,1,6,6,1,-1,-1,2198,2,5,FORD TRANSIT,3,E01009584,0,-1
2020410944450,2020,410944450,1,19,0,18,19,5,1,0,0,1,0,0,0,0,1,1,1,1,1,29,6,1995,2,2,FORD TRANSIT,3,E01015769,0,-1
2020610011720,2020,610011720,1,19,0,18,19,3,7,0,0,0,5,0,0,2,1,1,6,6,1,24,5,2198,2,10,FORD TRANSIT,-1,-1,0,-1
2020320641010,2020,320641010,1,19,0,18,19,8,4,0,0,2,0,0,0,0,1,1,1,1,1,54,8,2198,2,13,FORD TRANSIT,6,E01026040,0,-1
2020440467105,2020,440467105,1,19,0,18,19,1,6,0,0,0,0,0,0,0,1,1,1,1,1,36,7,2402,2,19,FORD TRANSIT,5,E01016395,0,-1
2020991005991,2020,991005991,3,21,0,2,2,0,0,8,6,0,0,0,0,0,2,1,6,6,1,54,8,2402,2,12,-1,3,-1,0,-1
2020010282572,2020,010282572,1,19,0,9,9,3,1,0,0,6,0,0,0,0,4,1,1,1,1,32,6,1995,2,4,FORD TRANSIT,-1,-1,0,-1
2020420949194,2020,420949194,2,20,0,18,19,1,5,0,0,0,0,0,0,0,1,1,1,1,1,27,6,2402,2,12,FORD TRANSIT,-1,-1,0,-1
2020010278346,2020,010278346,1,19,0,18,19,5,1,0,0,4,0,0,0,0,1,2,6,6,1,37,7,2402,2,14,FORD TRANSIT,2,E01003432,0,-1
2020410985429,2020,410985429,1,19,0,13,13,6,2,0,0,0,0,0,1,0,1,1,5,6,1,56,9,2198,2,14,FORD TRANSIT,9,E01023910,0,-1
2020010250212,2020,010250212,2,19,0,9,9,5,3,0,0,8,0,0,0,0,3,1,2,2,1,35,6,2198,2,11,FORD TRANSIT,7,E01004138,0,-1