collision_index,collision_year,collision_ref_no,vehicle_reference,vehicle_type,towing_and_articulation,vehicle_manoeuvre_historic,vehicle_manoeuvre,vehicle_direction_from,vehicle_direction_to,vehicle_location_restricted_lane_historic,vehicle_location_restricted_lane,junction_location,skidding_and_overturning,hit_object_in_carriageway,vehicle_leaving_carriageway,hit_object_off_carriageway,first_point_of_impact,vehicle_left_hand_drive,journey_purpose_of_driver_historic,journey_purpose_of_driver,sex_of_driver,age_of_driver,age_band_of_driver,engine_capacity_cc,propulsion_code,age_of_vehicle,generic_make_model,driver_imd_decile,lsoa_of_driver,escooter_flag,driver_distance_banding
2020420941095,2020,420941095,1,19,0,3,3,4,3,0,0,3,0,0,0,0,2,1,1,1,1,35,6,2402,2,9,FORD TRANSIT,-1,-1,0,-1
2020160930471,2020,160930471,1,19,0,14,14,8,4,0,0,0,0,0,0,0,1,1,6,6,1,-1,-1,1998,2,15,FORD TRANSIT,-1,-1,0,-1
2020430001910,2020,430001910,1,19,0,7,7,3,5,0,0,3,0,0,0,0,0,1,6,6,1,55,8,1998,2,19,FORD TRANSIT,3,E01016377,0,-1
2020010265192,2020,010265192,1,19,0,18,19,2,6,0,0,1,0,0,5,6,1,1,6,6,1,58,9,1998,2,15,FORD TRANSIT,7,E01001346,0,-1
2020140969392,2020,140969392,2,98,0,17,19,1,5,0,0,0,0,0,0,0,1,2,1,1,1,63,9,2402,2,13,FORD TRANSIT,1,E01007367,0,-1
2020010253965,2020,010253965,1,19,0,9,9,1,7,0,0,2,0,0,3,0,1,1,1,1,1,43,7,1995,2,2,FORD TRANSIT,4,E01000565,0,-1
2020470994229,2020,470994229,1,19,0,5,5,4,8,0,0,0,0,0,0,0,1,2,6,6,1,-1,-1,2198,2,9,FORD TRANSIT,4,E01020914,0,-1
2020040972869,2020,040972869,1,98,0,18,19,5,1,0,0,0,0,0,0,0,1,1,5,6,1,32,6,2198,2,12,FORD TRANSIT,1,E01025046,0,-1
202054A503920,2020,54A503920,1,20,0,18,19,1,5,0,0,1,0,0,1,0,1,1,1,1,1,38,7,2198,2,4,FORD TRANSIT,3,E01031856,0,-1
20201372C0834,2020,1372C0834,1,19,0,16,19,4,3,0,0,0,0,6,0,11,1,1,1,1,1,45,7,2198,2,10,FORD TRANSIT,2,E01011686,0,-1
2020010237692,2020,010237692,4,19,0,18,19,1,5,0,0,0,0,0,0,0,2,1,6,6,1,63,9,2198,2,9,FORD TRANSIT,2,E01000014,0,-1
202031A067320,2020,31A067320,2,19,0,18,19,8,4,0,0,1,0,0,0,0,1,1,1,1,1,54,8,1995,2,2,FORD TRANSIT,7,E01028154,0,-1
202063C069320,2020,63C069320,2,19,0,9,9,8,5,0,0,5,0,0,0,0,1,1,6,6,1,40,7,2198,2,9,FORD TRANSIT,5,W01000528,0,-1
2020010274041,2020,010274041,3,19,0,2,2,0,0,0,0,2,0,0,0,0,3,1,6,6,3,-1,-1,2198,2,9,FORD TRANSIT,-1,-1,0,-1
2020522004228,2020,522004228,2,19,0,9,9,8,6,0,0,5,0,0,0,0,1,1,6,6,1,27,6,1995,2,2,FORD TRANSIT,4,E01014576,0,-1
2020470997898,2020,470997898,2,19,0,18,19,1,5,0,0,2,0,0,0,0,1,1,1,1,1,26,6,2402,2,16,FORD TRANSIT,9,E01031753,0,-1
2020430083752,2020,430083752,1,19,0,13,13,7,3,0,0,1,0,0,0,0,4,1,6,6,1,32,6,2198,2,13,FORD TRANSIT,-1,-1,0,-1
2020450923412,2020,450923412,1,19,0,18,19,7,3,0,0,1,0,0,0,0,1,1,1,1,1,41,7,2402,2,13,FORD TRANSIT,7,E01002986,0,-1
2020160995889,2020,160995889,1,19,0,18,19,5,1,0,0,6,0,0,0,0,1,1,6,6,3,30,6,2198,2,8,FORD TRANSIT,-1,-1,0,-1
2020470955629,2020,470955629,1,19,0,18,19,2,6,0,0,1,0,0,0,0,1,1,1,1,1,29,6,2198,2,5,FORD TRANSIT,2,E01016914,0,-1
2020610003720,2020,610003720,2,20,0,4,4,5,6,0,0,0,0,0,0,0,1,1,1,1,1,-1,-1,-1,-1,-1,FORD TRANSIT,-1,-1,0,-1
2020052001318,2020,052001318,2,19,0,18,19,3,7,0,0,8,0,0,0,0,4,1,1,1,1,30,6,2402,2,16,FORD TRANSIT,5,E01006971,0,-1
2020470955696,2020,470955696,2,20,0,18,19,1,5,0,0,8,0,0,0,0,1,1,1,1,1,32,6,-1,-1,-1,FORD TRANSIT,5,E01031807,0,-1
2020451008284,2020,451008284,1,19,0,18,19,5,1,0,0,1,0,0,0,0,1,1,1,1,1,30,6,2198,2,7,FORD TRANSIT,10,E01030509,0,-1
2020100975839,2020,100975839,1,19,4,5,5,4,8,0,0,0,0,0,0,0,2,1,2,2,1,38,7,1995,2,3,FORD TRANSIT,5,E01019327,0,-1
2020140927995,2020,140927995,1,19,0,18,19,6,2,0,0,8,0,4,0,0,1,1,6,6,3,-1,-1,2198,2,8,FORD TRANSIT,-1,-1,0,-1
2020450953938,2020,450953938,1,98,0,18,19,1,6,0,0,8,0,0,0,0,4,1,5,6,1,29,6,2402,2,13,FORD TRANSIT,9,E01030688,0,-1
2020451004118,2020,451004118,1,19,0,9,9,5,6,0,0,2,0,0,0,0,1,1,1,1,1,42,7,1995,2,1,FORD TRANSIT,-1,-1,0,-1
202006E378196,2020,06E378196,1,19,0,18,19,5,1,0,0,8,0,0,0,0,1,1,6,6,3,-1,-1,1998,2,17,FORD TRANSIT,-1,-1,0,-1
202031D019620,2020,31D019620,1,19,0,18,19,1,5,0,0,2,0,0,0,0,1,1,6,6,1,27,6,2198,2,6,FORD TRANSIT,3,E01019404,0,-1
2020430215024,2020,430215024,1,19,0,18,19,4,8,0,0,0,0,0,0,0,4,1,1,1,1,42,7,1995,2,1,FORD TRANSIT,3,E01009604,0,-1
2020350995855,2020,350995855,2,19,0,18,19,7,3,0,0,4,0,0,0,0,1,1,6,6,1,37,7,2198,2,8,FORD TRANSIT,3,E01018083,0,-1
2020400970038,2020,400970038,1,19,4,18,19,6,2,0,0,1,0,10,0,0,0,1,1,1,1,45,7,2198,2,8,FORD TRANSIT,2,E01015760,0,-1
2020010245193,2020,010245193,1,20,0,1,1,3,7,0,0,2,0,0,0,0,2,1,6,6,3,50,8,-1,-1,-1,FORD TRANSIT,3,E01001819,0,-1
2020010228452,2020,010228452,2,19,0,2,2,0,0,0,0,1,0,4,0,0,2,1,6,6,3,-1,-1,2198,2,14,FORD TRANSIT,-1,-1,0,-1
2020440402420,2020,440402420,2,20,0,13,13,8,4,0,0,0,0,0,0,0,4,1,6,6,3,-1,-1,1995,2,3,FORD TRANSIT,-1,-1,0,-1
2020010277968,2020,010277968,1,19,0,1,1,1,5,0,0,2,0,0,0,0,2,1,1,1,1,32,6,1995,2,3,FORD TRANSIT,5,E01004601,0,-1
2020220930015,2020,220930015,1,19,0,16,19,5,8,0,0,0,0,0,7,10,1,1,2,2,1,47,8,2402,2,18,FORD TRANSIT,7,E01014037,0,-1
2020420972739,2020,420972739,1,19,0,18,19,7,2,0,0,0,1,0,0,0,0,1,5,6,1,51,8,2198,2,13,FORD TRANSIT,5,E01021942,0,-1
2020460925345,2020,460925345,2,19,0,2,2,-1,-1,0,0,0,0,0,0,0,3,1,1,1,1,42,7,2198,2,13,FORD TRANSIT,8,E01024209,0,-1
2020320486663,2020,320486663,1,19,0,18,19,3,7,0,0,1,0,0,0,0,2,1,1,1,1,52,8,1995,2,1,FORD TRANSIT,3,E01013319,0,-1
2020451001988,2020,451001988,2,19,0,9,9,3,5,0,0,8,0,0,0,0,2,1,1,1,1,31,6,2198,2,5,FORD TRANSIT,2,E01000626,0,-1
2020231002600,2020,231002600,1,19,0,13,13,4,8,0,0,0,0,0,0,0,4,1,5,6,1,58,9,2198,2,9,FORD TRANSIT,4,E01009238,0,-1
2020030975620,2020,030975620,3,20,0,18,19,5,1,0,0,0,0,0,0,0,1,1,6,6,1,29,6,-1,-1,-1,FORD TRANSIT,-1,-1,0,-1
2020520000454,2020,520000454,2,19,0,18,19,6,2,0,0,1,0,0,0,0,2,1,6,6,1,48,8,1995,2,2,FORD TRANSIT,8,E01032632,0,-1
2020371012012,2020,371012012,1,19,0,17,19,2,6,0,0,1,0,0,0,0,1,1,6,6,1,50,8,2402,2,9,FORD TRANSIT,6,E01030218,0,-1
2020200981568,2020,200981568,1,19,0,18,19,8,4,0,0,1,0,0,0,0,3,1,1,1,1,39,7,2198,2,8,FORD TRANSIT,10,E01009808,0,-1
2020200983134,2020,200983134,1,19,4,1,1,4,8,0,0,2,0,0,0,0,2,1,1,1,1,48,8,1995,2,1,FORD TRANSIT,10,E01014182,0,-1
2020410966401,2020,410966401,1,19,0,9,9,8,6,0,0,0,0,0,0,0,0,1,1,1,1,57,9,2198,2,4,FORD TRANSIT,5,E01017710,0,-1
2020400956025,2020,400956025,5,19,0,2,2,0,0,0,0,0,0,4,0,0,2,1,6,6,1,53,8,2198,2,4,FORD TRANSIT,9,E01017556,0,-1
2020010268586,2020,010268586,1,19,0,7,7,4,6,0,0,1,0,0,0,0,4,1,1,1,1,40,7,2400,2,11,FORD TRANSIT,5,E01003139,0,-1
2020170L31110,2020,170L31110,1,19,0,9,9,7,5,0,0,8,0,0,0,0,3,1,1,1,1,39,7,1998,2,16,FORD TRANSIT,3,E01012155,0,-1
2020010281605,2020,010281605,1,19,0,7,7,7,2,2,2,8,0,0,0,0,4,1,1,1,1,21,5,1995,2,2,FORD TRANSIT,7,E01016089,0,-1
2020622000696,2020,622000696,1,20,0,2,2,0,0,0,0,0,0,0,0,0,0,1,6,6,1,32,6,-1,-1,-1,FORD TRANSIT,6,W01001718,0,-1
2020010268200,2020,010268200,2,19,9,99,99,9,9,99,99,9,9,99,9,99,9,9,6,6,3,-1,-1,1995,2,2,FORD TRANSIT,3,E01003723,0,-1
2020470952954,2020,470952954,2,20,0,16,19,8,3,0,0,0,0,0,0,0,1,1,1,1,1,52,8,1995,2,2,FORD TRANSIT,4,E01031435,0,-1
2020361018646,2020,361018646,3,19,4,18,19,5,1,0,0,8,0,0,0,0,3,1,2,2,1,29,6,1995,2,1,FORD TRANSIT,4,E01026884,0,-1
2020010265619,2020,010265619,1,19,0,7,7,5,7,0,0,0,0,0,0,0,3,1,1,1,1,51,8,2402,2,15,FORD TRANSIT,1,E01012520,0,-1
2020170M20300,2020,170M20300,6,19,0,2,2,0,0,0,0,2,0,0,0,0,2,1,6,6,1,-1,-1,2402,2,15,FORD TRANSIT,-1,-1,0,-1
2020010234234,2020,010234234,2,19,0,99,99,9,9,99,99,9,9,99,9,99,1,9,6,6,3,-1,-1,2402,2,16,FORD TRANSIT,-1,-1,0,-1
2020470955271,2020,470955271,2,19,0,17,19,2,7,0,0,0,0,0,0,0,1,1,2,2,1,54,8,2198,2,13,FORD TRANSIT,7,E01021236,0,-1
2020211028175,2020,211028175,2,20,0,1,1,4,8,0,0,0,0,0,0,0,2,1,6,6,3,-1,-1,2198,2,6,FORD TRANSIT,-1,-1,0,-1
2020052000951,2020,052000951,2,19,0,2,2,0,0,0,0,0,0,0,0,0,2,1,6,6,3,-1,-1,2402,2,8,FORD TRANSIT,-1,-1,0,-1
202063C000920,2020,63C000920,2,19,0,18,19,1,5,0,0,1,0,0,0,0,1,1,1,1,1,45,7,2402,2,9,FORD TRANSIT,3,W01000588,0,-1
2020137CB0451,2020,137CB0451,1,19,0,4,4,6,2,0,0,0,0,0,0,0,2,1,1,1,1,27,6,1995,2,3,FORD TRANSIT,1,E01010612,0,-1
2020410979449,2020,410979449,1,19,0,18,19,5,1,0,0,0,0,0,0,0,1,1,1,1,1,52,8,1995,2,1,FORD TRANSIT,2,E01033499,0,-1
202031B112120,2020,31B112120,2,19,4,16,19,8,4,0,0,0,0,0,0,0,1,1,1,1,1,70,10,2402,2,14,FORD TRANSIT,1,E01028057,0,-1
2020200991213,2020,200991213,1,19,0,7,7,3,5,0,0,1,0,0,0,0,4,1,1,1,1,-1,-1,1995,2,2,FORD TRANSIT,-1,-1,0,-1
2020010269343,2020,010269343,1,19,0,9,9,5,2,0,0,1,0,0,0,0,4,1,2,2,1,34,6,2198,2,5,FORD TRANSIT,9,E01004098,0,-1
2020122100018,2020,122100018,2,19,0,4,4,1,5,0,0,0,1,0,0,0,1,1,6,6,1,26,6,1995,2,3,FORD TRANSIT,9,E01013395,0,-1
2020010254086,2020,010254086,2,19,4,18,19,5,1,0,0,2,0,0,0,0,0,1,1,1,1,48,8,2402,2,17,FORD TRANSIT,3,E01030547,0,-1
2020070418755,2020,070418755,1,19,0,4,4,6,2,0,0,1,0,0,0,0,1,1,6,6,1,-1,-1,2198,2,11,FORD TRANSIT,-1,-1,0,-1
2020991012311,2020,991012311,2,19,0,2,2,0,0,0,0,1,0,0,0,0,2,1,6,6,3,-1,-1,2402,2,12,FORD TRANSIT,-1,-1,0,-1
2020500958768,2020,500958768,1,20,0,2,2,0,0,0,0,0,0,0,0,0,2,1,6,6,1,68,10,2402,2,10,FORD TRANSIT,5,E01015024,0,-1
2020420979122,2020,420979122,1,19,0,17,19,5,5,0,0,0,5,0,1,9,1,1,6,6,1,48,8,2402,2,10,FORD TRANSIT,6,E01021907,0,-1
2020430367043,2020,430367043,3,19,0,3,3,1,5,0,0,0,0,0,0,0,2,1,1,1,1,27,6,2198,2,5,FORD TRANSIT,8,E01027288,0,-1
2020460926927,2020,460926927,2,20,0,9,9,7,5,0,0,1,0,0,0,0,3,1,2,2,1,40,7,-1,-1,-1,FORD TRANSIT,5,E01024776,0,-1
2020200975125,2020,200975125,1,19,0,5,5,7,3,0,0,0,0,0,0,0,1,1,6,6,1,47,8,2198,2,4,FORD TRANSIT,-1,-1,0,-1
2020460924519,2020,460924519,1,10,0,18,19,8,4,0,0,1,0,0,0,0,1,1,6,6,1,57,9,2198,2,2,FORD TRANSIT,6,E01024456,0,-1
2020010255317,2020,010255317,2,19,0,18,19,3,7,0,0,8,0,0,0,0,1,9,6,6,3,-1,-1,2198,2,9,FORD TRANSIT,-1,-1,0,-1
2020110917179,2020,110917179,1,19,4,18,19,6,2,0,0,8,0,0,0,0,1,1,1,1,1,54,8,2402,2,12,FORD TRANSIT,2,E01020686,0,-1
2020622000694,2020,622000694,2,19,0,2,2,0,0,6,6,0,0,0,0,0,1,1,6,6,3,-1,-1,2198,2,12,FORD TRANSIT,-1,-1,0,-1
2020332000107,2020,332000107,1,19,0,18,19,7,3,0,0,1,1,0,0,0,1,1,2,2,1,55,8,1995,2,2,FORD TRANSIT,7,E01028290,0,-1
202006K377064,2020,06K377064,3,19,0,18,19,8,4,0,0,1,0,0,0,0,2,1,6,6,1,51,8,2402,2,18,FORD TRANSIT,4,E01004832,0,-1
2020010272930,2020,010272930,2,19,0,5,5,7,3,4,4,1,0,0,0,0,3,1,6,6,1,-1,-1,2198,2,9,FORD TRANSIT,1,E01001196,0,-1
2020052000447,2020,052000447,2,19,0,1,1,5,1,0,0,1,0,0,0,0,1,1,1,1,1,45,7,2198,2,7,FORD TRANSIT,8,E01006683,0,-1
2020010255213,2020,010255213,2,19,0,7,7,6,8,4,4,5,0,0,1,0,4,1,1,1,1,28,6,1995,2,1,FORD TRANSIT,1,E01004206,0,-1
2020140964813,2020,140964813,1,19,0,1,1,5,1,0,0,0,0,0,0,0,2,1,1,1,1,39,7,2402,2,17,FORD TRANSIT,8,E01027695,0,-1
2020010257205,2020,010257205,4,19,0,3,3,4,8,0,0,1,0,0,0,0,2,1,1,1,1,34,6,2198,2,8,FORD TRANSIT,5,E01003084,0,-1
2020010238334,2020,010238334,2,19,9,99,99,9,9,99,99,9,9,99,9,99,9,9,-1,-1,3,-1,-1,1995,2,3,FORD TRANSIT,-1,-1,0,-1
2020410996135,2020,410996135,1,19,0,18,19,4,8,0,0,0,0,0,0,0,0,1,2,2,1,24,5,2198,2,5,FORD TRANSIT,9,E01023308,0,-1
2020411003390,2020,411003390,1,19,0,18,19,1,5,0,0,8,0,0,0,0,4,1,1,1,1,19,4,1995,2,2,FORD TRANSIT,8,E01023297,0,-1
2020552000232,2020,552000232,1,19,0,18,19,5,1,0,0,0,0,0,1,0,4,1,6,6,1,33,6,2198,2,9,FORD TRANSIT,5,E01015441,0,-1
2020552000279,2020,552000279,1,19,4,18,19,2,6,0,0,0,0,0,0,0,0,1,1,1,1,21,5,2402,2,11,FORD TRANSIT,7,E01015425,0,-1
2020360956809,2020,360956809,2,19,0,4,4,8,5,0,0,0,0,0,0,0,2,1,6,6,1,74,10,2402,2,9,FORD TRANSIT,4,E01026846,0,-1
2020990954084,2020,990954084,2,19,0,18,19,4,1,0,0,4,0,0,0,0,1,1,1,1,1,66,10,1995,2,2,FORD TRANSIT,-1,-1,0,-1
2020010284879,2020,010284879,1,19,0,18,19,5,1,0,0,8,0,0,0,0,1,1,6,6,1,58,9,1995,2,1,FORD TRANSIT,3,E01004123,0,-1
20201372I0776,2020,1372I0776,1,19,0,18,19,3,7,0,0,0,0,0,0,0,1,1,1,1,1,71,10,2198,2,8,FORD TRANSIT,7,E01011849,0,-1
2020420968570,2020,420968570,3,19,4,3,3,5,1,0,0,0,0,0,0,0,2,1,1,1,1,63,9,2402,2,12,FORD TRANSIT,6,E01021659,0,-1
2020610043320,2020,610043320,2,19,0,9,9,6,4,0,0,1,0,0,0,0,1,1,6,6,1,-1,-1,1995,2,0,FORD TRANSIT,-1,-1,0,-1
2020451006818,2020,451006818,1,19,0,18,19,8,4,0,0,0,1,0,0,0,1,1,1,1,1,20,4,1995,2,2,FORD TRANSIT,4,E01002899,0,-1
2020622000918,2020,622000918,2,19,0,17,19,4,2,0,0,0,0,0,0,0,1,1,6,6,1,50,8,2198,2,5,FORD TRANSIT,4,W01000978,0,-1
2020070529397,2020,070529397,3,19,0,16,19,2,6,0,0,0,0,0,1,0,1,1,2,2,1,37,7,1995,2,2,FORD TRANSIT,7,E01018371,0,-1
202063A076420,2020,63A076420,2,19,0,17,19,3,8,0,0,8,0,0,1,1,1,1,6,6,1,62,9,2198,2,6,FORD TRANSIT,7,E01025807,0,-1
2020010242567,2020,010242567,2,19,9,13,13,7,3,0,0,0,0,0,0,0,1,1,6,6,3,-1,-1,2198,2,10,FORD TRANSIT,-1,-1,0,-1
2020440435835,2020,440435835,1,19,0,1,1,5,3,0,0,0,0,0,0,0,2,1,6,6,3,-1,-1,2198,2,14,FORD TRANSIT,-1,-1,0,-1
2020010246414,2020,010246414,2,19,0,99,99,9,9,99,99,0,9,99,9,99,9,9,6,6,3,-1,-1,2198,2,10,FORD TRANSIT,-1,-1,0,-1
2020990930075,2020,990930075,1,19,0,18,19,2,6,0,0,8,0,0,0,0,4,1,1,1,1,39,7,1995,2,3,FORD TRANSIT,6,-1,0,-1
2020420971005,2020,420971005,1,19,0,18,19,3,7,0,0,2,0,0,1,2,1,1,5,6,1,31,6,2198,2,11,FORD TRANSIT,8,E01021717,0,-1
2020160942893,2020,160942893,2,19,0,2,2,0,0,0,0,0,0,0,0,0,2,1,1,1,1,40,7,2402,2,12,FORD TRANSIT,3,E01012777,0,-1
2020010254244,2020,010254244,2,19,0,99,99,9,9,99,99,9,9,99,9,99,1,9,6,6,3,-1,-1,2198,2,6,FORD TRANSIT,-1,-1,0,-1
2020040993305,2020,040993305,2,19,0,18,19,6,2,0,0,0,0,0,0,0,1,1,5,6,2,58,9,1998,2,15,FORD TRANSIT,4,E01033072,0,-1
2020350949622,2020,350949622,4,19,0,18,19,1,5,0,0,0,0,0,0,0,0,1,1,1,1,60,9,1995,2,3,FORD TRANSIT,5,E01018102,0,-1
2020010254780,2020,010254780,1,19,0,9,9,1,7,0,0,8,0,0,0,0,1,1,2,2,1,32,6,2402,2,9,FORD TRANSIT,-1,-1,0,-1
2020220986353,2020,220986353,1,19,0,18,19,2,6,0,0,0,0,0,0,0,1,1,2,2,1,53,8,2198,2,13,FORD TRANSIT,2,E01032161,0,-1
2020200996546,2020,200996546,4,19,0,3,3,8,4,0,0,2,0,0,0,0,2,1,6,6,1,-1,-1,2402,2,9,FORD TRANSIT,10,E01009705,0,-1
2020220986974,2020,220986974,1,19,0,4,4,3,7,0,0,8,1,0,0,0,1,1,2,2,1,26,6,2198,2,8,FORD TRANSIT,-1,-1,0,-1
202006M178275,2020,06M178275,1,19,0,6,6,1,1,0,0,1,0,0,0,0,4,1,1,1,1,26,6,1995,2,1,FORD TRANSIT,-1,-1,0,-1
2020040990033,2020,040990033,1,19,0,9,9,5,1,0,0,5,0,0,0,0,1,1,1,1,1,47,8,2198,2,6,FORD TRANSIT,2,E01025263,0,-1
2020421002666,2020,421002666,1,19,0,1,1,1,5,0,0,0,0,0,0,0,3,1,1,1,1,62,9,2198,2,10,FORD TRANSIT,7,E01023506,0,-1
202006L168690,2020,06L168690,1,10,0,9,9,2,8,0,0,6,0,0,0,0,3,1,1,1,2,30,6,2198,2,9,FORD TRANSIT,2,E01006369,0,-1
2020040959042,2020,040959042,1,19,0,9,9,1,7,0,0,0,0,0,0,0,1,1,1,1,1,52,8,2198,2,7,FORD TRANSIT,10,E01024997,0,-1
2020010263549,2020,010263549,2,19,0,2,2,0,0,0,0,1,0,0,0,0,0,1,6,6,3,-1,-1,2402,2,12,FORD TRANSIT,-1,-1,0,-1
2020410919967,2020,410919967,1,98,0,18,19,5,1,0,0,0,1,4,0,0,1,1,6,6,1,46,8,2402,2,12,FORD TRANSIT,4,E01017581,0,-1
2020340E03322,2020,340E03322,1,90,0,12,12,1,5,0,0,8,0,0,0,0,3,1,6,6,2,60,9,2496,2,20,-1,1,E01010944,0,-1
202006A376973,2020,06A376973,3,19,0,18,19,8,4,0,0,1,0,0,0,0,1,1,1,1,1,34,6,1995,2,0,FORD TRANSIT,1,E01005422,0,-1
2020122001227,2020,122001227,2,19,0,18,19,7,3,0,0,0,0,0,1,10,1,1,6,6,1,62,9,1995,2,2,FORD TRANSIT,9,E01027882,0,-1
2020140959471,2020,140959471,1,19,0,-1,-1,-1,-1,-1,-1,0,-1,-1,-1,0,-1,1,1,1,3,-1,-1,1995,2,0,FORD TRANSIT,-1,-1,0,-1
2020990928808,2020,990928808,1,19,0,16,19,7,3,9,9,1,2,0,7,2,1,1,6,6,1,48,8,2198,2,7,FORD TRANSIT,-1,-1,0,-1
2020351003282,2020,351003282,1,19,0,18,19,2,6,0,0,0,0,0,0,0,1,1,1,1,1,28,6,2198,2,7,FORD TRANSIT,7,E01018043,0,-1
2020501015206,2020,501015206,1,20,0,18,19,3,7,0,0,0,0,0,0,0,4,1,1,1,1,25,5,-1,-1,-1,FORD TRANSIT,4,E01018909,0,-1
2020450934354,2020,450934354,3,19,0,18,19,1,5,0,0,0,0,0,0,0,1,1,6,6,1,30,6,2198,2,8,FORD TRANSIT,6,E01030767,0,-1
2020100972007,2020,100972007,1,19,0,18,19,7,3,0,0,0,0,0,2,0,1,1,1,1,1,61,9,2198,2,10,FORD TRANSIT,6,E01008177,0,-1
202063A020120,2020,63A020120,2,19,0,16,19,8,3,0,0,0,0,0,0,0,1,1,6,6,1,58,9,2402,2,8,FORD TRANSIT,5,W01000522,0,-1
2020040992853,2020,040992853,1,98,0,18,19,8,1,0,0,1,0,0,3,0,3,1,1,1,1,31,6,2496,2,23,FORD TRANSIT,5,E01024998,0,-1
2020500981190,2020,500981190,2,19,0,18,19,8,4,0,0,6,0,0,0,0,3,1,5,6,1,32,6,1995,2,2,FORD TRANSIT,5,E01015129,0,-1
2020401026886,2020,401026886,2,19,0,9,9,7,3,0,0,0,0,0,0,0,3,1,5,6,1,30,6,2198,2,7,FORD TRANSIT,6,E01016803,0,-1
2020420992664,2020,420992664,1,19,0,18,19,6,2,0,0,0,0,0,4,6,1,1,2,2,1,20,4,2402,2,9,FORD TRANSIT,2,E01030031,0,-1
2020622000684,2020,622000684,1,19,0,18,19,3,7,0,0,0,2,0,2,6,4,1,6,6,1,64,9,2402,2,13,FORD TRANSIT,7,W01001028,0,-1
2020010283818,2020,010283818,1,19,0,1,1,5,1,0,0,0,0,0,0,0,2,1,1,1,1,43,7,1995,2,2,FORD TRANSIT,5,E01001664,0,-1
2020460973668,2020,460973668,1,19,0,18,19,2,4,0,0,1,0,0,0,0,1,1,6,6,3,-1,-1,2402,2,16,FORD TRANSIT,-1,-1,0,-1
2020460999861,2020,460999861,2,19,0,18,19,4,8,0,0,8,0,0,0,0,3,1,6,6,1,66,10,2402,2,16,FORD TRANSIT,8,E01024803,0,-1
2020360964735,2020,360964735,1,98,0,18,19,8,5,0,0,0,0,0,0,0,1,1,5,6,1,29,6,2198,2,10,FORD TRANSIT,5,E01026738,0,-1
2020420920943,2020,420920943,1,19,0,18,19,5,1,0,0,0,5,11,0,0,1,1,5,6,1,23,5,2198,2,13,FORD TRANSIT,-1,-1,0,-1
2020010283369,2020,010283369,1,19,0,7,7,7,1,0,0,5,0,0,0,0,4,1,1,1,1,38,7,1995,2,1,FORD TRANSIT,2,E01001943,0,-1
2020522100413,2020,522100413,2,20,0,5,5,7,5,0,0,8,0,0,0,0,1,1,1,1,1,29,6,2198,2,4,FORD TRANSIT,8,E01014868,0,-1
2020220938527,2020,220938527,1,19,0,4,4,4,8,0,0,1,0,0,0,0,2,1,1,1,1,33,6,2198,2,7,FORD TRANSIT,9,E01032299,0,-1
2020110956614,2020,110956614,3,19,0,10,10,5,1,0,0,8,0,0,0,0,2,1,1,1,1,23,5,2402,2,9,FORD TRANSIT,2,E01020795,0,-1
2020010264532,2020,010264532,1,19,0,18,19,5,1,0,0,8,0,0,0,0,1,1,1,1,1,31,6,2402,2,10,FORD TRANSIT,4,E01001618,0,-1
2020122000491,2020,122000491,2,19,0,16,19,6,2,0,0,0,0,0,0,0,3,1,2,2,1,27,6,2198,2,6,FORD TRANSIT,4,E01027787,0,-1
2020370952323,2020,370952323,1,19,0,7,7,3,1,0,0,1,0,0,0,0,4,1,1,1,2,46,8,2198,2,5,FORD TRANSIT,6,E01030002,0,-1
2020141000743,2020,141000743,6,19,0,18,19,1,5,0,0,0,0,7,0,0,1,1,1,1,1,39,7,2198,2,6,FORD TRANSIT,8,E01011115,0,-1
2020010284504,2020,010284504,2,19,0,2,2,0,0,0,0,0,0,0,0,0,2,1,6,6,3,-1,-1,2402,2,14,FORD TRANSIT,-1,-1,0,-1
2020010269198,2020,010269198,2,19,0,99,99,9,9,0,0,8,0,0,0,0,9,1,6,6,3,-1,-1,2198,2,5,FORD TRANSIT,-1,-1,0,-1
2020440082329,2020,440082329,1,19,0,9,9,2,8,0,0,8,0,0,0,0,1,1,1,1,1,-1,-1,2198,2,4,FORD TRANSIT,-1,-1,0,-1
2020320097760,2020,320097760,2,19,0,7,7,3,5,0,0,8,0,0,0,0,1,1,6,6,1,24,5,2198,2,6,FORD TRANSIT,5,E01026284,0,-1
2020010277099,2020,010277099,1,19,0,9,9,8,5,0,0,1,0,0,0,0,1,1,2,2,1,30,6,2198,2,5,FORD TRANSIT,1,E01002081,0,-1
2020140929221,2020,140929221,1,19,0,18,19,1,5,0,0,0,0,0,0,0,1,1,2,2,1,54,8,2198,2,7,FORD TRANSIT,2,E01007394,0,-1
2020430297809,2020,430297809,1,19,0,18,19,5,1,0,0,1,0,0,0,0,1,1,2,2,1,21,5,2496,2,23,FORD TRANSIT,8,E01017912,0,-1