collision_index,collision_year,collision_ref_no,vehicle_reference,vehicle_type,towing_and_articulation,vehicle_manoeuvre_historic,vehicle_manoeuvre,vehicle_direction_from,vehicle_direction_to,vehicle_location_restricted_lane_historic,vehicle_location_restricted_lane,junction_location,skidding_and_overturning,hit_object_in_carriageway,vehicle_leaving_carriageway,hit_object_off_carriageway,first_point_of_impact,vehicle_left_hand_drive,journey_purpose_of_driver_historic,journey_purpose_of_driver,sex_of_driver,age_of_driver,age_band_of_driver,engine_capacity_cc,propulsion_code,age_of_vehicle,generic_make_model,driver_imd_decile,lsoa_of_driver,escooter_flag,driver_distance_banding
202063BF00420,2020,63BF00420,2,19,0,16,19,7,2,0,0,0,2,0,1,10,1,1,1,1,1,33,6,2198,2,8,FORD TRANSIT,7,W01000507,0,-1
2020450975339,2020,450975339,1,19,0,18,19,7,3,0,0,0,0,0,0,0,2,1,5,6,1,52,8,2402,2,9,FORD TRANSIT,5,E01002625,0,-1
2020040971204,2020,040971204,3,19,0,18,19,3,7,0,0,2,0,0,0,0,3,1,2,2,1,48,8,1998,2,17,FORD TRANSIT,5,E01012664,0,-1
2020430347289,2020,430347289,1,19,0,18,19,8,6,0,0,1,0,0,0,0,1,1,1,1,1,29,6,2198,2,5,FORD TRANSIT,-1,-1,0,-1
202006XN75876,2020,06XN75876,2,19,0,3,3,5,1,0,0,0,0,1,0,0,2,1,6,6,1,28,6,1995,2,1,FORD TRANSIT,2,E01012318,0,-1
2020140954103,2020,140954103,1,19,0,9,9,1,7,0,0,5,0,0,0,0,3,1,2,2,1,61,9,2402,2,13,FORD TRANSIT,1,E01007626,0,-1
2020990987021,2020,990987021,2,19,0,9,9,6,3,0,0,0,0,0,0,0,1,1,2,2,1,31,6,2402,2,13,FORD TRANSIT,-1,-1,0,-1
2020160980151,2020,160980151,2,19,0,18,19,8,4,0,0,0,0,0,0,0,2,1,6,6,1,24,5,2198,2,7,FORD TRANSIT,1,E01013204,0,-1
2020410980874,2020,410980874,1,19,0,5,5,5,1,0,0,0,0,0,0,0,1,1,5,6,1,26,6,1995,2,3,FORD TRANSIT,3,E01023873,0,-1
2020552000408,2020,552000408,4,19,0,18,19,3,7,0,0,1,0,0,0,0,1,1,1,1,1,28,6,2198,2,4,FORD TRANSIT,6,E01019893,0,-1
2020410951747,2020,410951747,2,19,0,18,19,5,1,0,0,2,0,0,0,0,1,1,6,6,1,30,6,1995,2,1,FORD TRANSIT,7,E01023886,0,-1
2020010231346,2020,010231346,1,19,0,18,19,4,8,9,9,0,0,0,7,0,1,1,6,6,3,-1,-1,2402,2,17,FORD TRANSIT,-1,-1,0,-1
202006L274088,2020,06L274088,1,19,0,18,19,1,5,0,0,0,0,0,0,0,1,1,6,6,2,21,5,2198,2,11,FORD TRANSIT,5,-1,0,-1
2020010276837,2020,010276837,1,10,0,4,4,1,5,0,0,1,0,0,0,0,1,1,6,6,1,65,9,2402,2,13,FORD TRANSIT,4,E01001325,0,-1
2020010258587,2020,010258587,2,19,0,18,19,3,7,0,0,1,0,0,0,0,2,1,1,1,1,52,8,2198,2,4,FORD TRANSIT,8,E01000247,0,-1
2020040996734,2020,040996734,1,19,0,11,11,5,1,0,0,1,0,0,0,0,1,1,1,1,1,48,8,2198,2,9,FORD TRANSIT,10,E01025007,0,-1
2020990996740,2020,990996740,2,19,0,18,19,3,7,0,0,0,0,0,0,0,2,1,1,1,1,58,9,1995,2,2,FORD TRANSIT,3,-1,0,-1
2020460919331,2020,460919331,1,98,0,18,19,6,2,0,0,4,0,0,0,0,1,1,6,6,1,-1,-1,2402,2,11,FORD TRANSIT,6,E01024062,0,-1
2020010252503,2020,010252503,3,19,0,12,12,7,3,0,0,0,0,0,0,0,2,1,1,1,1,66,10,2402,2,9,FORD TRANSIT,6,E01030755,0,-1
2020460958145,2020,460958145,2,19,0,2,2,0,0,9,9,0,5,0,0,0,3,1,5,6,1,-1,-1,2402,2,12,FORD TRANSIT,9,E01016106,0,-1
2020400976169,2020,400976169,1,19,0,18,19,4,8,0,0,4,0,0,0,0,1,1,1,1,1,27,6,1998,2,19,FORD TRANSIT,5,E01015763,0,-1
2020470996185,2020,470996185,3,20,0,2,2,0,0,0,0,1,0,0,0,0,2,1,6,6,3,-1,-1,-1,-1,-1,FORD TRANSIT,-1,-1,0,-1
2020991006109,2020,991006109,1,19,0,9,9,2,8,0,0,2,0,0,0,0,3,1,1,1,2,23,5,1995,2,0,FORD TRANSIT,6,-1,0,-1
2020460967769,2020,460967769,1,19,0,3,3,3,7,0,0,0,0,0,0,0,1,1,6,6,1,41,7,1995,2,0,FORD TRANSIT,4,E01021006,0,-1
2020200930850,2020,200930850,2,19,0,9,9,4,1,0,0,6,0,0,0,0,3,1,6,6,1,35,6,2198,2,8,FORD TRANSIT,10,E01010216,0,-1
2020010248433,2020,010248433,2,19,0,18,19,7,3,0,0,8,0,0,0,0,2,2,6,6,1,40,7,2402,2,11,FORD TRANSIT,4,E01014590,0,-1
2020522004226,2020,522004226,3,90,0,18,19,5,1,0,0,0,0,0,0,0,1,1,6,6,1,62,9,-1,-1,-1,-1,-1,-1,0,-1
2020010254078,2020,010254078,1,19,0,18,19,1,5,0,0,8,0,0,0,0,1,1,1,1,1,42,7,1995,2,2,FORD TRANSIT,6,E01031591,0,-1
2020010262825,2020,010262825,2,98,0,99,99,9,9,0,0,9,0,99,0,0,9,9,6,6,3,-1,-1,2402,2,12,FORD TRANSIT,-1,-1,0,-1
2020622000382,2020,622000382,3,20,0,2,2,0,0,0,0,0,0,0,0,0,2,1,6,6,3,-1,-1,-1,-1,-1,FORD TRANSIT,-1,-1,0,-1
2020430347000,2020,430347000,1,19,0,9,9,7,4,0,0,8,0,0,0,0,3,1,1,1,1,29,6,2198,2,9,FORD TRANSIT,3,E01028621,0,-1
2020990958272,2020,990958272,1,19,0,18,19,8,4,0,0,1,0,0,0,0,1,1,6,6,3,30,6,2402,2,12,FORD TRANSIT,-1,-1,0,-1
2020221007670,2020,221007670,1,19,0,9,9,7,5,0,0,4,0,0,0,0,1,1,6,6,1,34,6,1998,2,18,FORD TRANSIT,4,E01014044,0,-1
2020520003116,2020,520003116,1,21,0,18,19,2,6,0,0,0,0,0,0,0,1,1,6,6,1,32,6,2198,2,7,-1,3,E01023323,0,-1
2020440105522,2020,440105522,3,19,0,18,19,0,0,0,0,0,0,0,0,0,1,1,6,6,3,-1,-1,2198,2,7,FORD TRANSIT,-1,-1,0,-1
2020990987952,2020,990987952,2,19,0,18,19,8,4,0,0,0,0,0,0,0,3,1,1,1,1,49,8,1995,2,1,FORD TRANSIT,1,-1,0,-1
2020010287095,2020,010287095,2,19,0,4,4,7,3,0,0,1,0,0,0,0,2,1,1,1,1,38,7,1995,2,0,FORD TRANSIT,-1,-1,0,-1
2020991004501,2020,991004501,2,19,0,17,19,3,7,0,0,0,0,0,0,0,3,1,2,2,1,33,6,2198,2,5,FORD TRANSIT,5,-1,0,-1
202054A982520,2020,54A982520,1,19,0,4,4,5,1,0,0,1,0,0,0,0,1,1,1,1,2,47,8,1995,2,0,FORD TRANSIT,1,E01015538,0,-1
2020340N09082,2020,340N09082,1,19,0,18,19,3,7,0,0,0,0,0,0,0,1,1,6,6,2,18,4,2198,2,8,FORD TRANSIT,8,E01027055,0,-1
2020200948744,2020,200948744,2,98,0,1,1,-1,-1,0,0,0,0,4,0,0,3,1,6,6,1,-1,-1,2402,2,12,FORD TRANSIT,-1,-1,0,-1
2020010235021,2020,010235021,2,20,0,2,2,0,0,0,0,0,0,0,0,0,0,1,6,6,3,-1,-1,2198,2,8,FORD TRANSIT,-1,-1,0,-1
2020140930673,2020,140930673,2,19,0,18,19,2,6,0,0,1,0,0,0,0,1,1,1,1,1,42,7,2198,2,5,FORD TRANSIT,3,E01007701,0,-1
2020200971826,2020,200971826,2,19,0,18,19,2,6,0,0,8,0,0,0,0,1,1,1,1,1,-1,-1,2198,2,4,FORD TRANSIT,3,E01008977,0,-1
2020010233591,2020,010233591,1,19,0,10,10,1,6,0,0,1,0,0,0,0,3,1,6,6,1,51,8,2198,2,10,FORD TRANSIT,3,E01002284,0,-1
2020432003148,2020,432003148,2,19,0,18,19,2,6,0,0,1,0,0,0,0,2,1,6,6,1,41,7,2198,2,8,FORD TRANSIT,3,E01033497,0,-1
2020400958391,2020,400958391,3,19,0,18,19,6,6,0,0,8,0,0,0,0,3,1,6,6,1,26,6,2198,2,8,FORD TRANSIT,4,E01017600,0,-1
2020450982999,2020,450982999,1,98,0,18,19,5,1,0,0,0,0,0,0,0,1,1,6,6,3,30,6,2402,2,12,FORD TRANSIT,-1,-1,0,-1
2020010228205,2020,010228205,2,19,0,18,19,2,6,0,0,1,0,0,0,0,1,1,6,6,3,-1,-1,2198,2,9,FORD TRANSIT,-1,-1,0,-1
2020400943683,2020,400943683,3,19,0,18,19,7,3,0,0,0,0,0,0,0,1,1,1,1,1,47,8,2402,2,10,FORD TRANSIT,9,E01017447,0,-1
2020140976066,2020,140976066,1,19,0,13,13,1,5,0,0,0,0,0,0,0,4,1,1,1,1,18,4,2198,2,5,FORD TRANSIT,1,E01007739,0,-1
2020010277351,2020,010277351,2,19,0,4,4,6,2,0,0,0,0,0,0,0,1,1,2,2,1,31,6,2402,2,9,FORD TRANSIT,2,E01015304,0,-1
2020360993780,2020,360993780,2,19,0,18,19,7,3,0,0,0,0,0,0,0,2,1,5,6,1,36,7,2198,2,10,FORD TRANSIT,3,E01001513,0,-1
2020370940375,2020,370940375,2,98,0,18,19,5,1,0,0,0,0,0,0,0,2,1,1,1,1,36,7,2402,2,12,FORD TRANSIT,6,E01029877,0,-1
2020420958631,2020,420958631,2,19,0,4,4,7,3,0,0,0,0,0,0,0,2,1,5,6,1,25,5,2198,2,5,FORD TRANSIT,6,E01021331,0,-1
2020332000081,2020,332000081,2,19,0,4,4,2,4,0,0,1,0,0,0,0,1,1,1,1,1,37,7,2198,2,7,FORD TRANSIT,9,E01027166,0,-1
2020320362496,2020,320362496,1,19,0,18,19,7,3,0,0,0,0,0,0,0,4,1,6,6,3,-1,-1,2198,2,7,FORD TRANSIT,4,E01026060,0,-1
2020500979184,2020,500979184,1,19,0,18,19,6,2,0,0,2,0,0,0,0,1,1,1,1,1,25,5,1995,2,1,FORD TRANSIT,6,E01015106,0,-1
2020010235843,2020,010235843,1,19,0,18,19,3,7,0,0,3,1,0,0,0,1,1,1,1,1,24,5,1995,2,2,FORD TRANSIT,1,E01002092,0,-1
2020140961929,2020,140961929,1,98,0,18,19,5,1,0,0,0,0,0,0,0,4,1,6,6,1,24,5,2402,2,20,FORD TRANSIT,8,E01007594,0,-1
2020302000843,2020,302000843,1,19,0,7,7,2,4,0,0,1,0,0,0,0,2,1,1,1,1,40,7,1998,2,18,FORD TRANSIT,2,E01028112,0,-1
2020320639247,2020,320639247,2,19,0,18,19,6,2,0,0,1,0,0,0,0,1,1,6,6,3,40,7,2402,2,11,FORD TRANSIT,-1,-1,0,-1
2020350927072,2020,350927072,1,19,0,18,19,5,1,0,0,0,1,0,1,7,1,1,1,1,1,33,6,1995,2,2,FORD TRANSIT,4,E01019274,0,-1
2020137BN0490,2020,137BN0490,2,19,0,9,9,4,1,0,0,8,0,0,0,0,4,1,6,6,1,41,7,2198,2,5,FORD TRANSIT,1,E01010782,0,-1
2020010252333,2020,010252333,2,19,0,18,19,5,1,0,0,8,0,0,0,0,4,1,1,1,1,27,6,2198,2,4,FORD TRANSIT,1,E01002734,0,-1
2020350953292,2020,350953292,1,19,0,13,13,4,8,0,0,1,0,0,0,0,4,1,1,1,1,38,7,2496,2,24,FORD TRANSIT,1,E01015611,0,-1
2020140948839,2020,140948839,2,19,0,18,19,4,8,0,0,8,0,0,0,0,1,1,6,6,3,-1,-1,2402,2,11,FORD TRANSIT,-1,-1,0,-1
2020122000787,2020,122000787,1,19,0,18,19,7,3,0,0,8,1,0,1,4,1,1,6,6,1,47,8,2198,2,14,FORD TRANSIT,6,E01026047,0,-1
2020440449274,2020,440449274,1,19,0,9,9,6,4,0,0,5,0,0,0,0,4,1,6,6,1,69,10,2198,2,11,FORD TRANSIT,5,E01022576,0,-1
2020100983380,2020,100983380,1,19,0,18,19,5,1,0,0,0,0,0,0,0,1,1,1,1,2,38,7,2198,2,7,FORD TRANSIT,2,E01033716,0,-1
2020470970877,2020,470970877,1,98,0,5,5,1,5,0,0,2,0,0,0,0,1,1,1,1,1,25,5,2198,2,13,FORD TRANSIT,4,E01032756,0,-1
2020500997053,2020,500997053,1,19,0,1,1,1,5,0,0,0,0,0,0,0,2,1,6,6,3,-1,-1,1998,2,15,FORD TRANSIT,-1,-1,0,-1
2020100977432,2020,100977432,1,19,0,17,19,5,5,9,9,2,1,0,1,10,1,1,6,6,1,45,7,2198,2,13,FORD TRANSIT,3,E01008631,0,-1
2020990936854,2020,990936854,1,19,0,16,19,7,3,0,0,0,0,0,0,0,1,1,2,2,1,31,6,2198,2,8,FORD TRANSIT,6,-1,0,-1
202054B594520,2020,54B594520,1,19,0,13,13,5,1,0,0,0,0,0,0,0,1,1,1,1,1,31,6,2198,2,5,FORD TRANSIT,8,E01031940,0,-1
2020411011889,2020,411011889,1,19,0,10,10,8,4,0,0,1,0,0,0,0,1,1,2,2,1,36,7,1995,2,2,FORD TRANSIT,4,E01001435,0,-1
2020470994903,2020,470994903,1,19,0,18,19,4,8,0,0,1,0,0,0,0,1,1,6,6,1,52,8,2198,2,13,FORD TRANSIT,8,E01021134,0,-1
2020170S11470,2020,170S11470,1,19,0,18,19,8,4,0,0,8,0,0,0,0,4,1,1,1,1,-1,-1,2198,2,12,FORD TRANSIT,-1,-1,0,-1
2020070389851,2020,070389851,1,19,0,5,5,4,8,0,0,6,0,0,0,0,1,1,6,6,1,38,7,2198,2,14,FORD TRANSIT,4,E01018624,0,-1
2020010280769,2020,010280769,1,19,0,2,2,0,0,0,0,0,0,0,0,0,2,1,6,6,3,-1,-1,2198,2,8,FORD TRANSIT,-1,-1,0,-1
2020010273472,2020,010273472,3,20,0,4,4,1,5,0,0,1,0,0,0,0,1,1,1,1,1,30,6,-1,-1,-1,FORD TRANSIT,2,E01003499,0,-1
2020160951242,2020,160951242,1,19,4,18,19,8,3,0,0,4,0,0,0,0,2,1,1,1,1,50,8,2198,2,5,FORD TRANSIT,8,E01011886,0,-1
2020010240923,2020,010240923,1,19,0,1,1,1,5,9,9,1,0,0,0,0,2,1,2,2,1,54,8,2402,2,15,FORD TRANSIT,3,E01032784,0,-1
2020501005197,2020,501005197,2,19,0,3,3,8,4,0,0,4,0,0,0,0,2,1,6,6,1,32,6,2198,2,13,FORD TRANSIT,5,E01020342,0,-1
2020470927677,2020,470927677,2,19,0,18,19,1,4,0,0,0,5,0,0,0,2,1,2,2,1,56,9,1995,2,1,FORD TRANSIT,2,E01001191,0,-1
2020460967769,2020,460967769,3,19,5,3,3,3,7,0,0,0,0,0,0,0,1,1,6,6,1,28,6,1995,2,2,FORD TRANSIT,8,E01000394,0,-1
2020522101338,2020,522101338,1,20,0,1,1,5,1,0,0,2,0,0,0,0,2,1,1,1,1,35,6,-1,-1,-1,FORD TRANSIT,3,E01014499,0,-1
2020010257812,2020,010257812,1,19,0,99,99,9,9,99,99,9,9,99,9,99,2,9,6,6,1,33,6,1995,2,2,FORD TRANSIT,2,E01003044,0,-1
2020052002475,2020,052002475,2,10,0,18,19,5,1,0,0,2,0,0,0,0,4,1,1,1,1,63,9,2198,2,3,FORD TRANSIT,1,E01006768,0,-1
202063A041620,2020,63A041620,2,19,0,17,19,8,5,0,0,0,0,0,0,0,1,1,2,2,1,51,8,2198,2,5,FORD TRANSIT,5,W01000531,0,-1
2020302000746,2020,302000746,2,19,0,5,5,6,2,0,0,2,0,0,0,0,1,1,1,1,1,27,6,2402,2,10,FORD TRANSIT,4,E01019822,0,-1
2020430259481,2020,430259481,1,19,0,17,19,1,6,0,0,0,0,0,1,6,1,1,1,1,1,23,5,2198,2,7,FORD TRANSIT,6,E01001347,0,-1
2020460954649,2020,460954649,1,19,0,7,7,2,5,0,0,5,0,0,4,1,4,1,5,6,1,32,6,1995,2,2,FORD TRANSIT,1,E01024563,0,-1
2020552000615,2020,552000615,1,19,0,6,6,6,6,0,0,8,0,0,0,0,2,1,6,6,1,23,5,2198,2,4,FORD TRANSIT,6,E01015373,0,-1
2020420957881,2020,420957881,3,19,0,4,4,7,3,0,0,0,0,4,0,0,2,1,1,1,1,47,8,2198,2,10,FORD TRANSIT,3,E01003720,0,-1
2020340D08042,2020,340D08042,2,19,0,18,19,3,7,0,0,0,1,0,1,0,3,1,1,1,1,47,8,2198,2,6,FORD TRANSIT,1,E01027198,0,-1
202006K269182,2020,06K269182,1,19,0,9,9,8,6,0,0,2,0,0,0,0,1,1,1,1,1,64,9,1995,2,1,FORD TRANSIT,6,E01004930,0,-1
202006A268883,2020,06A268883,2,19,0,18,19,6,2,0,0,8,0,0,0,0,1,1,1,1,1,42,7,2198,2,8,FORD TRANSIT,5,E01005044,0,-1
2020041010260,2020,041010260,1,98,0,18,19,7,3,0,0,1,0,0,0,0,4,1,6,6,1,33,6,2198,2,12,FORD TRANSIT,2,E01027580,0,-1
202006XF68556,2020,06XF68556,3,19,0,11,11,1,5,0,0,0,0,0,0,0,2,1,1,1,1,32,6,2198,2,13,FORD TRANSIT,1,E01025188,0,-1
2020010258724,2020,010258724,2,19,0,99,99,9,9,99,99,1,9,99,9,99,1,9,6,6,1,32,6,2402,2,13,FORD TRANSIT,4,E01000731,0,-1
2020010264961,2020,010264961,1,19,0,18,19,7,3,0,0,1,0,0,0,0,0,1,1,1,1,31,6,2198,2,7,FORD TRANSIT,5,E01000071,0,-1
2020361013637,2020,361013637,1,19,4,18,19,5,1,0,0,8,0,0,0,0,1,1,1,1,1,27,6,1995,2,4,FORD TRANSIT,6,E01026797,0,-1
2020420943426,2020,420943426,1,19,0,13,13,4,8,0,0,0,0,0,0,0,4,1,6,6,1,59,9,1995,2,2,FORD TRANSIT,-1,-1,0,-1
2020220957310,2020,220957310,2,19,0,4,4,5,1,0,0,0,2,4,0,0,2,1,1,1,1,38,7,2198,2,6,FORD TRANSIT,3,E01009221,0,-1
2020622000457,2020,622000457,1,19,0,5,5,6,2,0,0,8,0,0,0,0,1,1,6,6,1,28,6,2198,2,12,FORD TRANSIT,1,W01001876,0,-1
2020140977794,2020,140977794,1,19,0,18,19,8,4,0,0,1,0,0,0,0,1,1,1,1,1,33,6,2198,2,8,FORD TRANSIT,2,E01007417,0,-1
2020052001775,2020,052001775,1,19,0,18,19,1,5,0,0,0,0,0,0,0,3,1,6,6,1,36,7,1998,2,16,FORD TRANSIT,5,E01005025,0,-1
202006N670366,2020,06N670366,3,19,0,9,9,4,2,0,0,2,0,0,7,0,2,1,6,6,1,55,8,1998,2,14,FORD TRANSIT,5,E01004975,0,-1
2020500984827,2020,500984827,1,19,0,18,19,2,6,0,0,0,0,0,0,0,1,1,5,6,1,31,6,1995,2,2,FORD TRANSIT,3,E01020067,0,-1
2020070027596,2020,070027596,2,10,0,18,19,8,4,0,0,0,0,0,0,0,3,1,3,7,1,42,7,2402,2,13,FORD TRANSIT,9,E01018737,0,-1
2020010249543,2020,010249543,2,19,0,18,19,1,5,0,0,1,0,0,0,0,1,1,6,6,1,74,10,2198,2,11,FORD TRANSIT,7,E01023579,0,-1
20201377R0716,2020,1377R0716,3,19,0,18,19,3,7,0,0,0,0,0,0,0,0,1,1,1,1,41,7,1995,2,2,FORD TRANSIT,1,E01010719,0,-1
2020010262854,2020,010262854,2,19,0,99,99,9,9,99,99,9,9,99,9,99,2,9,6,6,3,-1,-1,2400,2,18,FORD TRANSIT,-1,-1,0,-1
2020990961373,2020,990961373,2,19,0,18,19,2,6,0,0,0,1,0,0,0,1,1,1,1,1,28,6,2198,2,4,FORD TRANSIT,4,-1,0,-1
2020410983807,2020,410983807,1,19,0,4,4,7,3,0,0,0,0,0,0,0,1,1,1,1,1,37,7,1995,2,2,FORD TRANSIT,3,E01021437,0,-1
2020030943902,2020,030943902,1,19,0,18,19,3,7,0,0,0,1,0,1,11,1,1,6,6,1,21,5,2198,2,10,FORD TRANSIT,5,E01019188,0,-1
2020200929134,2020,200929134,1,98,0,7,7,2,4,0,0,6,0,0,0,0,3,1,6,6,1,-1,-1,2402,2,11,FORD TRANSIT,-1,-1,0,-1
2020552000381,2020,552000381,1,19,0,9,9,6,4,0,0,8,0,0,0,0,1,1,6,6,3,-1,-1,2198,2,13,FORD TRANSIT,-1,-1,0,-1
2020110945687,2020,110945687,1,19,0,18,19,3,1,0,0,0,0,0,0,0,3,1,6,6,1,32,6,2198,2,13,FORD TRANSIT,4,E01020818,0,-1
2020450921950,2020,450921950,1,98,0,4,4,3,7,0,0,0,0,0,0,0,1,1,6,6,1,45,7,2402,2,13,FORD TRANSIT,5,E01023139,0,-1
2020470983406,2020,470983406,2,19,0,3,3,3,7,0,0,0,0,0,0,0,2,1,1,1,1,43,7,1995,2,2,FORD TRANSIT,2,E01004083,0,-1
2020302001217,2020,302001217,2,19,5,18,19,7,3,0,0,4,0,0,0,0,3,1,2,2,1,24,5,2198,2,11,FORD TRANSIT,-1,-1,0,-1
2020470925333,2020,470925333,1,19,0,18,19,5,1,0,0,0,0,0,0,0,2,1,2,2,1,52,8,2402,2,13,FORD TRANSIT,4,E01031386,0,-1
202054B700220,2020,54B700220,1,19,0,18,19,5,8,0,0,1,0,0,0,0,4,1,6,6,1,58,9,1995,2,0,FORD TRANSIT,5,E01020489,0,-1
2020141004843,2020,141004843,1,19,0,18,19,6,2,0,0,0,0,0,0,0,4,1,2,2,1,46,8,2402,2,14,FORD TRANSIT,2,E01007579,0,-1
2020040983012,2020,040983012,1,98,0,18,19,5,1,0,0,0,0,0,0,0,1,1,1,1,1,31,6,2198,2,14,FORD TRANSIT,10,E01025454,0,-1
2020461005300,2020,461005300,2,19,0,18,19,7,3,0,0,0,5,0,1,0,2,1,6,6,1,62,9,2402,2,17,FORD TRANSIT,8,E01024026,0,-1
2020010239537,2020,010239537,2,19,0,99,99,9,9,99,99,1,9,99,9,99,2,9,6,6,3,-1,-1,2198,2,4,FORD TRANSIT,-1,-1,0,-1
2020100970063,2020,100970063,1,19,0,9,9,8,4,0,0,8,0,0,0,0,4,1,1,1,1,31,6,2402,2,20,FORD TRANSIT,-1,-1,0,-1
2020450955425,2020,450955425,2,19,0,18,19,3,7,0,0,0,0,0,1,0,4,1,6,6,1,55,8,2198,2,8,FORD TRANSIT,10,E01030959,0,-1
2020220973745,2020,220973745,1,19,0,18,19,8,3,0,0,0,1,0,0,0,1,1,1,1,1,67,10,1995,2,1,FORD TRANSIT,9,E01032257,0,-1
2020470985474,2020,470985474,2,19,0,18,19,3,7,0,0,3,0,0,0,0,1,1,1,1,1,58,9,1995,2,2,FORD TRANSIT,4,E01022910,0,-1
2020302000983,2020,302000983,2,19,0,18,19,8,4,0,0,1,0,0,0,0,1,1,2,2,1,56,9,2198,2,7,FORD TRANSIT,5,E01019501,0,-1
2020470963618,2020,470963618,2,19,0,7,7,5,7,0,0,0,0,0,0,0,2,1,1,1,1,38,7,2198,2,6,FORD TRANSIT,8,E01021196,0,-1
2020010254518,2020,010254518,1,19,0,1,1,1,5,0,0,8,0,0,0,0,2,1,6,6,3,-1,-1,1998,2,18,FORD TRANSIT,-1,-1,0,-1
2020350948086,2020,350948086,2,19,0,9,9,6,2,0,0,0,0,0,7,0,4,1,1,1,1,38,7,2198,2,9,FORD TRANSIT,10,E01023659,0,-1
2020010273856,2020,010273856,2,19,0,18,19,7,3,0,0,0,0,0,0,0,1,1,1,1,1,48,8,1998,2,16,FORD TRANSIT,-1,-1,0,-1
2020230985616,2020,230985616,2,19,0,4,4,5,1,0,0,0,0,0,0,0,2,1,2,2,1,44,7,1995,2,1,FORD TRANSIT,5,E01009710,0,-1
2020450998417,2020,450998417,1,19,0,5,5,2,6,0,0,2,0,0,0,0,3,1,1,1,1,33,6,2402,2,16,FORD TRANSIT,9,E01016303,0,-1
2020140925674,2020,140925674,2,19,0,4,4,1,5,0,0,0,0,0,0,0,1,1,6,6,1,51,8,2402,2,19,FORD TRANSIT,3,E01008028,0,-1
2020010280030,2020,010280030,2,19,0,18,19,1,5,0,0,8,1,4,0,0,1,1,1,1,1,25,5,2198,2,11,FORD TRANSIT,8,E01004144,0,-1
2020170S11480,2020,170S11480,1,19,0,18,19,8,4,0,0,8,0,0,0,0,3,1,1,1,1,-1,-1,2198,2,12,FORD TRANSIT,-1,-1,0,-1
2020430141660,2020,430141660,1,19,0,10,10,4,6,0,0,1,0,0,0,0,2,1,6,6,1,35,6,1998,2,16,FORD TRANSIT,10,E01032759,0,-1
2020332000198,2020,332000198,1,19,0,18,19,6,2,0,0,0,1,10,7,4,1,1,6,6,1,43,7,2402,2,17,FORD TRANSIT,6,E01013737,0,-1
2020420937527,2020,420937527,2,19,0,3,3,4,8,0,0,0,0,0,0,0,1,1,1,1,1,51,8,2198,2,5,FORD TRANSIT,9,E01021973,0,-1
2020220973277,2020,220973277,1,19,0,18,19,8,4,0,0,8,0,2,0,0,1,1,1,1,1,36,7,2496,2,22,FORD TRANSIT,1,E01032302,0,-1
2020450922989,2020,450922989,2,19,0,18,19,5,1,0,0,0,0,0,0,0,1,1,6,6,1,21,5,2198,2,5,FORD TRANSIT,6,E01017795,0,-1
2020450982359,2020,450982359,2,19,0,18,19,1,4,0,0,1,0,0,0,0,1,1,6,6,1,30,6,2198,2,8,FORD TRANSIT,-1,-1,0,-1
2020420999610,2020,420999610,2,19,0,18,19,7,3,0,0,0,0,0,0,0,1,1,2,2,2,54,8,2198,2,14,FORD TRANSIT,7,E01021582,0,-1
202031A113420,2020,31A113420,1,19,0,7,7,5,1,0,0,6,0,0,0,0,1,1,1,1,1,27,6,1995,2,1,FORD TRANSIT,1,E01013811,0,-1
2020220981058,2020,220981058,2,19,0,18,19,4,8,0,0,0,0,10,0,0,3,1,3,7,1,50,8,2402,2,14,FORD TRANSIT,8,E01014188,0,-1
2020450939068,2020,450939068,2,19,0,16,19,7,3,0,0,0,0,0,0,0,1,1,2,2,1,24,5,2198,2,6,FORD TRANSIT,9,E01016576,0,-1
2020470980950,2020,470980950,1,19,0,9,9,7,5,0,0,8,0,0,0,0,1,1,6,6,1,61,9,2198,2,13,FORD TRANSIT,6,E01016972,0,-1
202006K377062,2020,06K377062,1,19,0,9,9,6,4,0,0,1,0,0,0,0,1,1,6,6,3,30,6,2402,2,12,FORD TRANSIT,-1,-1,0,-1
2020010242710,2020,010242710,1,10,0,2,2,0,0,0,0,0,0,0,0,0,3,1,6,6,3,-1,-1,2198,2,6,FORD TRANSIT,-1,-1,0,-1
2020010255683,2020,010255683,1,19,0,1,1,5,1,0,0,1,0,0,0,0,2,1,1,1,1,37,7,1995,2,3,FORD TRANSIT,3,E01002645,0,-1
2020320376904,2020,320376904,1,19,0,18,19,5,1,0,0,1,0,0,1,0,1,1,1,1,1,34,6,2198,2,5,FORD TRANSIT,2,E01026006,0,-1
2020010264625,2020,010264625,1,19,0,16,19,7,3,0,0,0,0,0,0,0,3,1,6,6,1,55,8,2198,2,12,FORD TRANSIT,-1,-1,0,-1
2020100997849,2020,100997849,2,3,0,18,19,1,1,0,0,0,1,0,1,0,2,1,5,6,1,22,5,125,1,10,-1,4,E01008578,0,-1