collision_index,collision_year,collision_ref_no,vehicle_reference,vehicle_type,towing_and_articulation,vehicle_manoeuvre_historic,vehicle_manoeuvre,vehicle_direction_from,vehicle_direction_to,vehicle_location_restricted_lane_historic,vehicle_location_restricted_lane,junction_location,skidding_and_overturning,hit_object_in_carriageway,vehicle_leaving_carriageway,hit_object_off_carriageway,first_point_of_impact,vehicle_left_hand_drive,journey_purpose_of_driver_historic,journey_purpose_of_driver,sex_of_driver,age_of_driver,age_band_of_driver,engine_capacity_cc,propulsion_code,age_of_vehicle,generic_make_model,driver_imd_decile,lsoa_of_driver,escooter_flag,driver_distance_banding
2020460994154,2020,460994154,2,3,0,18,19,3,7,0,0,1,0,0,0,0,1,1,6,6,1,18,4,124,1,9,-1,10,E01016092,0,-1
2020140986424,2020,140986424,1,2,0,18,19,7,3,0,0,1,0,0,0,0,1,1,6,6,1,17,4,49,1,18,GILERA RUNNER,3,E01007433,0,-1
2020400962328,2020,400962328,2,2,0,18,19,6,2,0,0,4,0,0,0,0,1,1,6,6,1,28,6,49,1,17,GILERA RUNNER,2,E01017618,0,-1
2020410966702,2020,410966702,2,2,0,18,19,2,6,0,0,0,0,0,0,0,1,1,5,6,1,16,4,49,1,18,GILERA RUNNER,6,E01023921,0,-1
2020010270695,2020,010270695,2,2,0,18,19,5,1,0,0,8,0,0,0,0,3,1,6,6,1,29,6,124,1,14,GILERA RUNNER,2,E01000041,0,-1
2020010266921,2020,010266921,1,2,0,15,15,3,7,0,0,1,2,4,0,0,1,1,6,6,1,23,5,49,1,16,GILERA RUNNER,6,E01003000,0,-1
2020010233114,2020,010233114,1,3,0,18,19,5,1,0,0,3,0,0,0,0,1,-1,6,6,1,31,6,124,1,18,-1,2,E01000133,0,-1
2020410944835,2020,410944835,2,3,0,14,14,5,1,0,0,1,0,0,0,0,4,1,5,6,1,31,6,124,1,18,-1,3,E01023920,0,-1
2020140955807,2020,140955807,1,2,0,18,19,8,4,0,0,0,0,4,0,0,1,1,5,6,1,16,4,49,1,21,GILERA RUNNER,1,E01007462,0,-1
2020440109867,2020,440109867,1,2,0,18,19,7,3,0,0,1,1,4,0,0,1,1,6,6,1,29,6,49,1,15,GILERA RUNNER,-1,-1,0,-1
2020320395890,2020,320395890,1,2,0,17,19,5,1,0,0,0,0,0,0,0,1,1,6,6,1,39,7,49,1,10,GILERA RUNNER,7,E01026338,0,-1
202031A151320,2020,31A151320,1,2,0,18,19,4,8,0,0,0,1,0,0,0,0,1,6,6,1,18,4,49,1,18,GILERA RUNNER,-1,-1,0,-1
2020010260905,2020,010260905,1,2,0,99,99,9,9,99,99,9,9,99,9,99,1,1,6,6,1,26,6,49,1,6,GILERA RUNNER,10,E01000834,0,-1
2020010267791,2020,010267791,1,2,0,5,5,3,7,0,0,1,0,0,0,0,1,1,6,6,3,-1,-1,49,1,17,GILERA RUNNER,-1,-1,0,-1
202006P176971,2020,06P176971,1,2,0,18,19,7,3,0,0,1,0,0,0,0,1,1,6,6,1,17,4,49,1,5,GILERA RUNNER,2,E01005504,0,-1
2020200928546,2020,200928546,2,3,0,18,19,2,6,0,0,0,0,0,0,0,3,1,6,6,1,20,4,125,1,3,-1,2,E01009937,0,-1
2020430417617,2020,430417617,2,3,0,18,19,3,7,0,0,8,0,0,0,0,4,1,1,1,1,33,6,125,1,0,-1,8,E01027028,0,-1
2020440412500,2020,440412500,1,3,0,18,19,2,6,0,0,0,0,0,0,0,0,1,6,6,1,25,5,125,1,3,-1,9,E01022522,0,-1
2020010254664,2020,010254664,1,9,0,3,3,2,6,0,0,2,0,0,0,0,1,1,6,6,1,22,5,599,1,18,MCC SMART,1,E01004665,0,-1
2020410969130,2020,410969130,2,9,0,9,9,3,1,0,0,0,0,0,0,0,1,1,5,6,1,25,5,599,1,17,MCC SMART,7,E01023517,0,-1
2020070314565,2020,070314565,1,9,0,18,19,2,6,0,0,0,5,0,4,0,3,1,6,6,1,62,9,599,1,18,MCC SMART,3,E01009950,0,-1
2020010265708,2020,010265708,2,9,0,11,11,1,5,0,0,0,0,0,0,0,2,2,6,6,1,33,6,599,1,17,MCC SMART,7,E01023886,0,-1
2020420981177,2020,420981177,1,9,0,16,19,5,1,0,0,0,2,0,0,0,2,1,5,6,2,55,8,698,1,15,MCC SMART,3,E01021631,0,-1
2020552000707,2020,552000707,2,9,0,18,19,8,4,0,0,8,0,0,0,0,1,1,6,6,2,42,7,599,1,17,MCC SMART,8,E01019890,0,-1
2020622000221,2020,622000221,1,9,0,18,19,2,6,0,0,0,0,0,0,0,1,1,6,6,1,33,6,599,1,18,MCC SMART,3,W01001816,0,-1
2020010259931,2020,010259931,1,9,0,18,19,5,1,0,0,1,0,0,0,0,1,1,6,6,2,24,5,599,1,18,MCC SMART,1,E01002037,0,-1
2020200988926,2020,200988926,5,9,0,2,2,0,0,0,0,0,0,0,0,0,1,1,6,6,1,32,6,599,1,17,MCC SMART,4,E01010259,0,-1
2020040976885,2020,040976885,1,9,0,18,19,3,7,0,0,0,0,4,0,0,1,1,5,6,2,65,9,599,1,17,MCC SMART,6,E01025121,0,-1
202031D090520,2020,31D090520,2,9,0,18,19,7,3,0,0,8,0,0,0,0,1,1,6,6,1,56,9,599,1,18,MCC SMART,1,E01027951,0,-1
2020420974293,2020,420974293,2,9,0,10,10,2,8,0,0,4,0,0,0,0,2,1,1,1,2,52,8,599,1,17,MCC SMART,9,E01021940,0,-1
2020400982963,2020,400982963,2,9,0,2,2,1,1,0,0,6,0,0,0,0,2,1,5,6,1,26,6,599,1,18,MCC SMART,2,E01015787,0,-1
2020460965925,2020,460965925,3,9,0,18,19,6,2,0,0,4,0,0,0,0,2,1,2,2,2,21,5,599,1,18,MCC SMART,6,E01024783,0,-1
2020302000119,2020,302000119,1,9,0,7,7,1,2,0,0,8,0,0,0,0,3,1,6,6,2,27,6,599,1,17,MCC SMART,3,E01019484,0,-1
2020010267630,2020,010267630,2,9,0,9,9,6,4,0,0,1,0,0,0,0,1,1,2,2,2,29,6,599,1,18,MCC SMART,10,E01002958,0,-1
2020410936385,2020,410936385,2,9,0,18,19,3,7,0,0,4,0,0,0,0,2,1,6,6,1,31,6,698,1,17,MCC SMART,6,E01001966,0,-1
2020552000313,2020,552000313,2,9,0,17,19,2,7,0,0,8,0,0,0,0,2,1,1,1,1,29,6,1868,2,19,PEUGEOT 306,6,E01020510,0,-1
2020531007598,2020,531007598,2,9,0,18,19,5,1,0,0,1,0,0,0,0,1,1,6,6,1,44,7,1997,2,20,PEUGEOT 306,7,E01022388,0,-1
20201372K0135,2020,1372K0135,2,9,0,2,2,0,0,0,0,0,0,0,0,0,2,1,6,6,1,54,8,1997,2,19,PEUGEOT 306,1,E01011339,0,-1
2020460968830,2020,460968830,1,9,0,17,19,3,7,0,0,0,5,0,1,0,1,1,5,6,1,34,6,1360,1,21,PEUGEOT 306,3,E01024396,0,-1
2020320046596,2020,320046596,1,9,0,18,19,7,3,0,0,3,2,0,1,0,4,1,6,6,1,32,6,1587,1,18,PEUGEOT 306,7,E01026673,0,-1
2020520004847,2020,520004847,1,9,0,18,19,3,7,0,0,0,0,0,0,0,2,1,6,6,2,26,6,1761,1,19,PEUGEOT 306,4,E01029179,0,-1
2020990941051,2020,990941051,1,9,0,18,19,8,4,0,0,0,5,0,1,0,1,1,5,6,1,28,6,1998,1,22,PEUGEOT 306,5,-1,0,-1
2020430022366,2020,430022366,1,9,0,9,9,4,2,0,0,6,0,0,0,0,3,1,6,6,1,22,5,1905,2,22,PEUGEOT 306,9,E01028739,0,-1
2020420969291,2020,420969291,1,9,0,4,4,1,4,0,0,0,0,0,0,0,1,1,5,6,1,29,6,1905,2,24,PEUGEOT 306,5,E01021484,0,-1
2020552000492,2020,552000492,1,9,0,18,19,7,3,0,0,0,1,0,0,0,1,1,6,6,1,77,11,1587,1,22,PEUGEOT 306,10,E01020463,0,-1
2020332000007,2020,332000007,1,9,0,18,19,4,8,0,0,0,0,0,0,0,1,1,6,6,1,75,10,1868,2,19,PEUGEOT 306,7,E01025654,0,-1
2020440428102,2020,440428102,1,9,0,18,19,3,8,0,0,8,0,0,0,0,1,1,6,6,1,74,10,1997,2,19,PEUGEOT 306,7,E01022979,0,-1
2020460939525,2020,460939525,1,9,0,18,19,1,5,0,0,0,0,0,0,0,1,1,6,6,1,21,5,1905,2,26,PEUGEOT 306,7,E01024801,0,-1
2020052001466,2020,052001466,3,9,0,3,3,7,3,0,0,1,0,0,0,0,2,1,6,6,1,51,8,1997,2,20,PEUGEOT 306,1,E01006961,0,-1
2020040967133,2020,040967133,1,9,0,7,7,5,1,0,0,5,0,0,0,0,4,1,5,6,1,48,8,1997,2,19,PEUGEOT 306,2,E01012591,0,-1
20201378D0604,2020,1378D0604,1,9,0,4,4,3,7,0,0,1,0,0,0,0,1,1,6,6,1,78,11,1587,1,20,PEUGEOT 306,8,E01011527,0,-1
2020430065774,2020,430065774,1,9,0,11,11,8,4,0,0,0,0,0,7,0,2,1,6,6,2,54,8,1360,1,19,PEUGEOT 306,8,E01016320,0,-1
2020200998575,2020,200998575,4,9,0,2,2,0,0,0,0,0,0,0,0,0,2,1,6,6,1,-1,-1,1997,2,18,PEUGEOT 306,-1,-1,0,-1
2020450971257,2020,450971257,1,9,0,9,9,7,5,0,0,8,0,0,0,0,1,1,2,2,1,21,5,1587,1,21,PEUGEOT 306,10,E01030445,0,-1
2020500994417,2020,500994417,1,9,0,18,19,8,4,0,0,0,0,0,7,4,1,1,5,6,1,67,10,1905,2,22,PEUGEOT 306,4,E01020017,0,-1
2020500975637,2020,500975637,2,9,0,16,19,6,2,0,0,1,0,0,0,0,1,1,6,6,1,56,9,1997,2,19,PEUGEOT 306,8,E01020054,0,-1
2020370941577,2020,370941577,2,9,0,18,19,3,7,0,0,0,0,0,0,0,1,1,5,6,2,83,11,1997,2,21,PEUGEOT 306,8,E01029878,0,-1
2020100995615,2020,100995615,2,9,0,18,19,8,4,0,0,1,0,0,0,0,3,1,2,2,2,32,6,1360,1,20,PEUGEOT 306,2,E01008859,0,-1
2020010256664,2020,010256664,1,90,0,3,3,3,7,0,0,2,0,0,0,0,2,1,1,1,2,41,7,1997,2,5,-1,3,E01003215,0,-1
2020501004989,2020,501004989,1,90,0,18,19,3,7,0,0,0,0,0,0,0,4,1,1,1,1,28,6,1997,2,4,-1,1,E01015088,0,-1
2020010242808,2020,010242808,2,90,0,11,11,1,5,0,0,1,0,0,0,0,1,1,1,1,1,36,7,1997,2,5,-1,2,E01003111,0,-1
2020040927257,2020,040927257,2,9,0,6,6,0,7,0,0,0,0,0,0,0,1,1,5,6,1,64,9,-1,-1,-1,-1,1,E01006678,0,-1
2020460995785,2020,460995785,1,3,0,18,19,7,3,0,0,0,1,0,1,0,4,1,6,6,2,27,6,125,1,2,-1,4,E01016055,0,-1
2020522005125,2020,522005125,1,3,0,18,19,1,1,0,0,0,0,0,0,0,1,1,6,6,1,33,6,125,1,3,-1,8,E01014444,0,-1
2020410941543,2020,410941543,1,5,0,18,19,5,1,0,0,0,1,0,0,0,4,1,5,6,1,28,6,599,1,9,Suzuki GSXR 600,5,E01001499,0,-1
2020430320243,2020,430320243,1,5,0,16,19,1,4,0,0,0,0,0,0,0,1,1,6,6,1,27,6,599,1,8,Suzuki GSXR 600,8,E01017627,0,-1
2020350967200,2020,350967200,1,5,0,17,19,5,1,0,0,0,1,0,1,0,4,1,6,6,1,40,7,599,1,7,Suzuki GSXR 600,8,E01018174,0,-1
2020520100647,2020,520100647,1,3,0,4,4,1,5,0,0,8,1,0,0,10,1,1,6,6,1,44,7,599,1,8,-1,10,E01014880,0,-1
2020460971914,2020,460971914,1,5,0,13,13,5,1,0,0,1,0,0,0,0,1,1,5,6,1,37,7,599,1,10,Suzuki GSXR 600,9,E01024186,0,-1
2020460951624,2020,460951624,1,5,0,16,19,7,3,0,0,0,0,0,0,0,1,1,5,6,1,26,6,599,1,9,Suzuki GSXR 600,6,E01024171,0,-1
2020320108292,2020,320108292,1,5,0,18,19,7,3,0,0,0,0,0,0,0,4,1,2,2,1,44,7,599,1,8,Suzuki GSXR 600,7,E01026412,0,-1
2020010257843,2020,010257843,1,5,0,99,99,9,9,99,99,4,9,99,9,99,1,1,6,6,1,40,7,599,1,8,Suzuki GSXR 600,5,E01002245,0,-1
2020360995134,2020,360995134,1,5,0,18,19,2,6,0,0,0,0,0,7,0,1,1,5,6,1,42,7,599,1,9,Suzuki GSXR 600,5,E01026487,0,-1
2020520003753,2020,520003753,1,5,0,18,19,8,4,0,0,0,0,0,0,0,2,1,6,6,1,29,6,599,1,9,Suzuki GSXR 600,3,E01029041,0,-1
2020201000626,2020,201000626,2,5,0,13,13,4,8,0,0,0,0,0,0,0,1,1,6,6,1,31,6,599,1,9,Suzuki GSXR 600,1,E01009892,0,-1
2020160978187,2020,160978187,1,5,0,18,19,6,2,0,0,0,5,0,0,0,1,1,6,6,1,44,7,599,1,10,Suzuki GSXR 600,3,E01027833,0,-1
2020122000690,2020,122000690,2,19,0,5,5,1,5,0,0,0,0,0,0,0,1,1,2,2,1,32,6,2461,2,12,-1,-1,-1,0,-1
202054C082220,2020,54C082220,1,9,0,18,19,2,6,0,0,0,0,0,0,0,3,1,6,6,2,31,6,1995,2,15,-1,4,E01032715,0,-1
2020460944937,2020,460944937,2,9,0,18,19,1,5,0,0,0,0,0,0,0,2,1,5,6,2,49,8,1248,2,13,-1,2,E01016062,0,-1
2020451003835,2020,451003835,1,9,0,5,5,1,1,0,0,4,0,0,0,0,3,1,5,6,1,59,9,1598,1,14,-1,10,E01030967,0,-1
2020200947491,2020,200947491,2,19,0,9,9,1,7,0,0,5,0,0,0,0,1,1,5,6,1,34,6,-1,-1,-1,-1,2,E01010277,0,-1
2020010256305,2020,010256305,2,19,0,99,99,9,9,99,99,0,9,99,9,99,9,9,6,6,3,-1,-1,2461,2,14,-1,6,E01003707,0,-1
2020010272314,2020,010272314,2,19,0,99,99,9,9,99,99,9,9,99,9,99,9,9,6,6,3,-1,-1,2461,2,14,-1,-1,-1,0,-1
2020450920836,2020,450920836,3,98,0,4,4,1,5,0,0,5,0,0,0,0,1,1,1,1,1,38,7,2461,2,14,-1,8,E01023136,0,-1
2020010231690,2020,010231690,2,19,0,99,99,9,9,99,99,2,9,99,9,99,2,9,6,6,3,-1,-1,2461,2,16,-1,-1,-1,0,-1
202063B008020,2020,63B008020,1,19,0,18,19,3,7,0,0,6,5,0,0,0,4,1,6,6,2,43,7,-1,-1,-1,-1,1,W01000606,0,-1
2020010260438,2020,010260438,1,19,0,7,7,7,1,0,0,5,0,0,0,0,1,1,1,1,1,59,9,2798,2,14,-1,9,E01024269,0,-1
2020161003043,2020,161003043,2,98,0,13,13,7,3,0,0,1,5,0,7,0,4,1,1,1,1,45,7,2461,2,18,-1,1,E01007500,0,-1
2020137650997,2020,137650997,1,19,0,18,19,6,2,0,0,0,0,0,7,11,1,1,6,6,1,28,6,2461,2,17,-1,5,E01011523,0,-1
2020010228248,2020,010228248,1,19,0,18,19,1,5,0,0,0,0,4,0,0,1,1,6,6,1,59,9,2295,1,19,-1,3,E01002598,0,-1
2020522000631,2020,522000631,1,9,0,3,3,1,5,0,0,0,0,0,0,0,2,1,6,6,2,42,7,1896,2,14,VOLKSWAGEN TOURAN,9,E01014857,0,-1
2020450939927,2020,450939927,2,9,0,17,19,8,5,0,0,0,0,0,0,0,1,1,5,6,1,77,11,1390,1,10,VOLKSWAGEN TOURAN,9,E01023134,0,-1
2020070388943,2020,070388943,1,9,0,2,2,7,3,0,0,0,0,0,0,0,3,1,6,6,1,24,5,1896,2,12,VOLKSWAGEN TOURAN,9,E01018473,0,-1
2020010281661,2020,010281661,1,9,0,18,19,4,8,0,0,1,0,0,0,0,3,1,6,6,1,48,8,1896,2,10,VOLKSWAGEN TOURAN,5,E01000594,0,-1
2020302001178,2020,302001178,2,9,0,9,9,2,4,0,0,1,0,0,0,0,3,1,6,6,1,60,9,1395,1,2,VOLKSWAGEN TOURAN,3,E01013508,0,-1
2020010275406,2020,010275406,1,9,0,5,5,5,1,0,0,0,0,0,0,0,0,1,6,6,2,46,8,1598,2,2,VOLKSWAGEN TOURAN,9,E01000382,0,-1
2020140937681,2020,140937681,1,9,0,10,10,6,4,0,0,1,0,0,0,0,2,1,5,6,1,81,11,1598,2,7,VOLKSWAGEN TOURAN,10,E01007927,0,-1
2020440265034,2020,440265034,2,9,0,2,2,0,0,0,0,0,0,0,0,0,2,1,6,6,3,-1,-1,1498,1,0,VOLKSWAGEN TOURAN,-1,-1,0,-1
2020010269955,2020,010269955,1,9,0,18,19,5,1,0,0,2,0,0,0,0,1,1,6,6,1,48,8,1968,2,8,VOLKSWAGEN TOURAN,8,E01000122,0,-1
2020010272610,2020,010272610,2,9,0,99,99,9,9,99,99,0,9,99,9,99,9,9,6,6,1,59,9,1968,2,3,VOLKSWAGEN TOURAN,2,E01001705,0,-1
2020140941919,2020,140941919,2,9,0,9,9,6,7,0,0,0,0,0,0,0,3,1,5,6,2,41,7,1968,2,14,VOLKSWAGEN TOURAN,2,E01007548,0,-1
2020990989080,2020,990989080,1,9,0,9,9,3,1,0,0,8,0,0,0,0,1,1,5,6,2,40,7,1598,2,9,VOLKSWAGEN TOURAN,9,-1,0,-1
2020470928921,2020,470928921,2,9,0,9,9,3,6,0,0,6,0,0,0,0,3,1,6,6,2,23,5,1896,2,17,VOLKSWAGEN TOURAN,6,E01016933,0,-1
2020370943449,2020,370943449,3,9,0,18,19,8,6,0,0,0,0,0,0,0,2,1,5,6,1,48,8,1896,2,15,VOLKSWAGEN TOURAN,2,E01000289,0,-1
2020350955481,2020,350955481,2,9,0,2,2,0,0,0,0,0,0,0,0,0,2,1,6,6,1,45,7,1598,2,7,VOLKSWAGEN TOURAN,3,E01015652,0,-1
2020470927683,2020,470927683,2,9,0,5,5,2,6,0,0,4,0,0,0,0,2,2,6,6,1,40,7,1968,2,6,VOLKSWAGEN TOURAN,5,E01031574,0,-1
2020010256385,2020,010256385,1,9,0,3,3,6,2,0,0,0,0,0,0,0,2,1,6,6,1,30,6,1896,2,11,VOLKSWAGEN TOURAN,7,E01002171,0,-1
2020440067353,2020,440067353,1,9,0,7,7,5,7,0,0,5,0,0,0,0,4,1,6,6,1,57,9,1598,2,5,VOLKSWAGEN TOURAN,4,E01017071,0,-1
202006G268873,2020,06G268873,2,9,0,18,19,5,1,0,0,8,0,0,0,0,1,1,6,6,2,42,7,1968,2,6,VOLKSWAGEN TOURAN,-1,-1,0,-1
2020010262854,2020,010262854,1,9,0,99,99,9,9,99,99,9,9,99,9,99,1,9,6,6,1,56,9,1598,1,16,VOLKSWAGEN TOURAN,1,E01002760,0,-1
20201372T0883,2020,1372T0883,2,9,0,18,19,6,2,0,0,8,0,4,0,0,4,1,6,6,1,32,6,1598,2,9,VOLKSWAGEN TOURAN,1,E01010850,0,-1
2020201003430,2020,201003430,2,9,0,18,19,8,4,0,0,1,0,0,0,0,0,1,6,6,1,40,7,1896,2,16,VOLKSWAGEN TOURAN,6,E01010502,0,-1
2020140981942,2020,140981942,2,9,0,18,19,1,5,0,0,0,0,0,0,0,1,1,6,6,1,-1,-1,1598,2,5,VOLKSWAGEN TOURAN,-1,-1,0,-1
2020200938172,2020,200938172,2,9,0,9,9,8,6,0,0,3,0,0,0,0,4,1,6,6,1,32,6,1896,2,13,VOLKSWAGEN TOURAN,1,E01009093,0,-1
2020010262797,2020,010262797,1,9,0,7,7,8,2,0,0,8,0,0,0,0,1,1,6,6,1,57,9,1896,2,16,VOLKSWAGEN TOURAN,7,E01003199,0,-1
2020520001529,2020,520001529,2,9,0,18,19,1,5,0,0,8,0,0,0,0,1,1,6,6,1,37,7,1896,2,13,VOLKSWAGEN TOURAN,5,E01029051,0,-1
2020122000844,2020,122000844,1,9,0,9,9,5,2,0,0,1,0,0,0,0,1,1,6,6,1,32,6,1598,2,8,VOLKSWAGEN TOURAN,2,E01005661,0,-1
2020010284803,2020,010284803,1,9,0,10,10,7,5,0,0,1,0,0,0,0,1,1,6,6,1,25,5,1896,2,13,VOLKSWAGEN TOURAN,4,E01017905,0,-1
2020430291999,2020,430291999,2,9,0,18,19,1,5,0,0,0,0,0,0,0,1,1,6,6,2,-1,-1,1968,2,13,VOLKSWAGEN TOURAN,-1,-1,0,-1
2020010256033,2020,010256033,1,9,0,5,5,1,5,0,0,1,0,0,0,0,1,1,6,6,1,49,8,1968,2,1,VOLKSWAGEN TOURAN,-1,-1,0,-1
2020211001081,2020,211001081,1,9,0,5,5,6,4,0,0,8,0,0,0,0,4,1,6,6,1,27,6,1968,2,6,VOLKSWAGEN TOURAN,1,E01014306,0,-1
2020542899220,2020,542899220,2,9,0,18,19,3,6,0,0,0,1,0,1,1,1,1,6,6,1,37,7,1598,2,8,VOLKSWAGEN TOURAN,7,E01032067,0,-1
2020010262696,2020,010262696,3,9,0,99,99,9,9,99,99,0,9,99,9,99,2,9,6,6,3,-1,-1,1598,2,2,VOLKSWAGEN TOURAN,-1,-1,0,-1
2020052001028,2020,052001028,1,9,0,9,9,1,7,0,0,8,0,0,0,0,3,1,6,6,1,82,11,1395,1,3,VOLKSWAGEN TOURAN,-1,-1,0,-1
2020530927556,2020,530927556,1,9,0,1,1,2,6,0,0,1,0,0,0,0,2,1,3,7,2,45,7,1968,2,9,VOLKSWAGEN TOURAN,6,E01022187,0,-1
2020010233715,2020,010233715,2,9,0,7,7,1,3,0,0,2,0,0,0,0,1,9,-1,-1,3,-1,-1,1896,2,14,VOLKSWAGEN TOURAN,-1,-1,0,-1
2020200997093,2020,200997093,2,8,0,18,19,4,8,0,0,8,0,0,0,0,1,1,1,1,1,44,7,1598,2,9,VOLKSWAGEN TOURAN,1,E01009056,0,-1
2020460942167,2020,460942167,3,9,0,4,4,1,5,0,0,0,0,0,0,0,2,1,6,6,1,-1,-1,1968,2,6,VOLKSWAGEN TOURAN,8,E01024044,0,-1
2020990982069,2020,990982069,1,9,0,4,4,6,8,0,0,1,0,0,0,0,1,1,6,6,1,63,9,1968,2,12,VOLKSWAGEN TOURAN,4,-1,0,-1
2020220961260,2020,220961260,2,9,0,2,2,0,0,0,0,2,0,0,0,0,2,1,5,6,3,34,6,1896,2,15,VOLKSWAGEN TOURAN,5,E01014053,0,-1
2020030924317,2020,030924317,2,9,0,18,19,6,2,0,0,0,0,0,0,0,1,1,3,7,2,41,7,1598,2,7,VOLKSWAGEN TOURAN,8,E01019383,0,-1
202031B127420,2020,31B127420,1,9,0,9,9,5,3,0,0,5,0,0,0,0,3,1,6,6,1,40,7,1896,2,15,VOLKSWAGEN TOURAN,2,E01013916,0,-1
2020041003543,2020,041003543,1,9,0,18,19,5,1,0,0,0,0,0,0,0,1,1,5,6,2,44,7,1968,2,7,VOLKSWAGEN TOURAN,8,E01025549,0,-1
2020210986926,2020,210986926,1,8,0,18,19,7,3,0,0,0,0,7,0,0,1,1,1,1,1,51,8,1598,2,7,VOLKSWAGEN TOURAN,2,E01033216,0,-1
2020141003844,2020,141003844,1,9,0,5,5,1,5,0,0,2,0,0,0,0,3,1,5,6,2,36,7,1598,2,9,VOLKSWAGEN TOURAN,2,E01007651,0,-1
2020421006555,2020,421006555,2,9,0,2,2,0,0,9,9,0,0,0,0,0,2,1,6,6,3,-1,-1,1896,2,11,VOLKSWAGEN TOURAN,-1,-1,0,-1
2020010282053,2020,010282053,1,9,0,9,9,3,1,0,0,2,0,0,0,0,2,1,6,6,2,45,7,1390,1,5,VOLKSWAGEN TOURAN,5,E01003155,0,-1
2020200928731,2020,200928731,2,9,0,18,19,7,3,0,0,8,0,0,0,0,3,1,6,6,1,44,7,1968,2,15,VOLKSWAGEN TOURAN,4,E01008676,0,-1
2020101006614,2020,101006614,1,9,0,18,19,5,1,0,0,2,0,0,0,0,1,1,5,6,1,38,7,1598,1,14,VOLKSWAGEN TOURAN,3,E01008375,0,-1
2020451009813,2020,451009813,2,9,0,5,5,1,5,0,0,4,0,0,0,0,1,1,6,6,2,35,6,1968,2,13,VOLKSWAGEN TOURAN,7,E01030569,0,-1
2020332000196,2020,332000196,2,9,0,2,2,0,0,0,0,0,0,0,1,4,2,1,2,2,2,33,6,1968,2,15,VOLKSWAGEN TOURAN,3,E01026311,0,-1
2020170S20070,2020,170S20070,1,9,0,4,4,4,8,0,0,1,0,0,0,0,2,1,2,2,2,32,6,1968,2,15,VOLKSWAGEN TOURAN,2,E01012013,0,-1
2020010262838,2020,010262838,2,9,0,99,99,9,9,99,99,9,9,99,9,99,9,9,6,6,3,-1,-1,1968,2,11,VOLKSWAGEN TOURAN,6,E01001572,0,-1
2020010234001,2020,010234001,2,9,0,99,99,9,9,99,99,0,9,99,9,99,1,9,6,6,3,-1,-1,1896,2,15,VOLKSWAGEN TOURAN,6,E01001160,0,-1
2020210942866,2020,210942866,1,9,0,5,5,2,6,0,0,0,0,0,0,0,1,1,6,6,1,-1,-1,1896,2,11,VOLKSWAGEN TOURAN,1,E01014221,0,-1
2020400951768,2020,400951768,2,9,0,3,3,0,0,0,0,0,0,0,0,0,2,1,1,1,1,39,7,1598,2,8,VOLKSWAGEN TOURAN,3,E01015724,0,-1
2020440044955,2020,440044955,1,9,0,9,9,8,6,0,0,8,0,0,0,0,1,1,6,6,2,40,7,1968,2,4,VOLKSWAGEN TOURAN,9,E01022699,0,-1
2020100940099,2020,100940099,2,9,0,18,19,1,5,0,0,3,0,0,0,0,1,1,5,6,2,38,7,1598,2,3,VOLKSWAGEN TOURAN,2,E01020722,0,-1
202031D105220,2020,31D105220,2,9,0,10,10,4,2,0,0,1,0,0,0,0,2,1,6,6,2,34,6,1896,2,12,VOLKSWAGEN TOURAN,7,E01028115,0,-1
2020522003558,2020,522003558,2,9,0,18,19,1,5,0,0,8,0,0,0,0,1,1,6,6,1,44,7,1598,2,2,VOLKSWAGEN TOURAN,2,E01014629,0,-1
2020010228460,2020,010228460,3,8,0,3,3,1,5,0,0,1,0,0,0,0,1,1,1,1,1,47,8,1598,2,9,VOLKSWAGEN TOURAN,3,E01001752,0,-1
2020360953463,2020,360953463,2,9,0,9,9,1,3,0,0,8,0,0,0,0,2,1,6,6,1,37,7,1968,2,4,VOLKSWAGEN TOURAN,5,E01018080,0,-1
2020520003687,2020,520003687,2,9,0,18,19,2,6,0,0,0,0,0,0,0,1,1,6,6,1,25,5,1968,2,17,VOLKSWAGEN TOURAN,-1,-1,0,-1
2020010271700,2020,010271700,2,9,0,99,99,9,9,99,99,9,9,99,9,99,1,9,6,6,3,-1,-1,1968,2,3,VOLKSWAGEN TOURAN,3,E01003686,0,-1
2020010240143,2020,010240143,2,9,0,16,19,1,3,0,0,0,9,0,0,99,1,9,6,6,1,-1,-1,1968,2,14,VOLKSWAGEN TOURAN,5,E01000607,0,-1
202054A350120,2020,54A350120,1,9,0,18,19,6,2,0,0,0,0,0,0,0,3,1,2,2,2,37,7,1968,2,12,VOLKSWAGEN TOURAN,10,E01031997,0,-1
2020201014874,2020,201014874,2,9,0,17,19,5,2,0,0,0,0,10,1,0,1,1,6,6,1,38,7,1968,2,11,VOLKSWAGEN TOURAN,2,E01010446,0,-1
2020210983301,2020,210983301,2,9,0,17,19,5,1,0,0,0,0,0,0,0,1,1,6,6,1,39,7,1968,2,7,VOLKSWAGEN TOURAN,1,E01014305,0,-1
2020010245054,2020,010245054,1,9,0,9,9,3,8,0,0,8,0,0,0,0,1,1,6,6,1,31,6,1968,2,16,VOLKSWAGEN TOURAN,5,E01004374,0,-1