collision_index,collision_year,collision_ref_no,vehicle_reference,vehicle_type,towing_and_articulation,vehicle_manoeuvre_historic,vehicle_manoeuvre,vehicle_direction_from,vehicle_direction_to,vehicle_location_restricted_lane_historic,vehicle_location_restricted_lane,junction_location,skidding_and_overturning,hit_object_in_carriageway,vehicle_leaving_carriageway,hit_object_off_carriageway,first_point_of_impact,vehicle_left_hand_drive,journey_purpose_of_driver_historic,journey_purpose_of_driver,sex_of_driver,age_of_driver,age_band_of_driver,engine_capacity_cc,propulsion_code,age_of_vehicle,generic_make_model,driver_imd_decile,lsoa_of_driver,escooter_flag,driver_distance_banding
2020137160605,2020,137160605,2,9,0,4,4,1,5,0,0,0,0,0,0,0,2,1,6,6,1,41,7,1896,2,15,VOLKSWAGEN TOURAN,2,E01011284,0,-1
2020552100111,2020,552100111,2,9,0,18,19,8,4,0,0,8,0,0,0,0,4,1,6,6,1,62,9,1598,2,1,VOLKSWAGEN TOURAN,6,E01020488,0,-1
2020990958686,2020,990958686,1,9,0,18,19,3,7,0,0,0,0,11,0,0,1,1,6,6,1,55,8,1968,2,15,VOLKSWAGEN TOURAN,-1,-1,0,-1
2020010238713,2020,010238713,4,9,0,2,2,0,0,0,0,0,0,0,0,0,2,1,6,6,3,-1,-1,1896,2,15,VOLKSWAGEN TOURAN,-1,-1,0,-1
20201373A1241,2020,1373A1241,1,8,0,9,9,4,2,0,0,8,0,0,0,0,1,1,6,6,1,45,7,1598,2,8,VOLKSWAGEN TOURAN,3,E01011261,0,-1
2020470999962,2020,470999962,1,9,0,14,14,4,8,0,0,1,0,0,0,0,4,1,6,6,2,-1,-1,1896,2,14,VOLKSWAGEN TOURAN,-1,-1,0,-1
20201371T1584,2020,1371T1584,1,9,0,5,5,2,6,0,0,4,0,0,3,1,1,1,6,6,1,27,6,1598,2,6,VOLKSWAGEN TOURAN,1,E01010626,0,-1
2020010272998,2020,010272998,1,9,0,9,9,4,2,0,0,8,0,0,0,0,1,1,1,1,1,60,9,1598,2,9,VOLKSWAGEN TOURAN,-1,-1,0,-1
2020010286362,2020,010286362,2,9,0,99,99,9,9,99,99,9,9,99,9,99,1,9,6,6,3,-1,-1,1968,2,11,VOLKSWAGEN TOURAN,-1,-1,0,-1
2020137CC1447,2020,137CC1447,1,9,0,5,5,5,1,0,0,1,0,0,0,0,1,1,6,6,1,26,6,1896,2,12,VOLKSWAGEN TOURAN,2,E01032607,0,-1
2020010266565,2020,010266565,1,9,0,1,1,4,8,0,0,1,0,0,0,0,2,1,3,7,2,37,7,1595,1,12,VOLKSWAGEN TOURAN,4,E01001009,0,-1
2020200952283,2020,200952283,2,9,0,18,19,5,1,0,0,2,0,0,0,0,1,1,6,6,1,60,9,1896,2,14,VOLKSWAGEN TOURAN,8,E01010507,0,-1
2020010287103,2020,010287103,1,9,0,4,4,1,5,0,0,2,0,0,0,0,1,1,6,6,2,38,7,1595,1,12,VOLKSWAGEN TOURAN,4,E01001150,0,-1
2020430207297,2020,430207297,2,9,0,18,19,2,6,0,0,4,0,0,0,0,3,1,6,6,2,27,6,1896,2,15,VOLKSWAGEN TOURAN,5,E01016242,0,-1
2020450928085,2020,450928085,1,9,0,18,19,4,8,0,0,1,0,0,0,0,4,1,5,6,1,68,10,1968,2,6,VOLKSWAGEN TOURAN,9,E01030488,0,-1
2020010287044,2020,010287044,1,9,0,3,3,5,1,0,0,6,0,0,0,0,4,1,6,6,1,40,7,1395,1,3,VOLKSWAGEN TOURAN,7,E01000665,0,-1
2020500956011,2020,500956011,2,9,0,3,3,3,7,0,0,8,0,0,0,0,2,1,6,6,2,44,7,1968,2,12,VOLKSWAGEN TOURAN,4,E01020262,0,-1
2020161010361,2020,161010361,2,8,0,17,19,8,6,0,0,0,0,0,0,0,1,1,1,1,1,41,7,1968,2,11,VOLKSWAGEN TOURAN,4,E01007513,0,-1
2020010259183,2020,010259183,2,9,0,99,99,9,9,99,99,9,9,99,9,99,1,9,6,6,2,61,9,1595,1,13,VOLKSWAGEN TOURAN,6,E01002332,0,-1
2020549547020,2020,549547020,2,9,0,3,3,5,1,0,0,0,0,0,0,0,1,1,6,6,1,37,7,1968,2,9,VOLKSWAGEN TOURAN,7,E01015489,0,-1
202006Q272538,2020,06Q272538,3,9,0,4,4,2,6,0,0,0,0,0,0,0,2,1,6,6,2,32,6,1598,2,9,VOLKSWAGEN TOURAN,-1,-1,0,-1
202006Q171299,2020,06Q171299,1,9,0,1,1,3,7,0,0,8,0,0,0,0,2,1,6,6,1,30,6,1598,1,14,VOLKSWAGEN TOURAN,-1,-1,0,-1
2020010273436,2020,010273436,1,8,0,14,14,7,3,0,0,0,0,0,0,0,0,1,1,1,1,40,7,1968,2,2,VOLKSWAGEN TOURAN,2,E01003611,0,-1
2020990960172,2020,990960172,1,9,0,6,6,1,4,0,0,8,0,0,0,0,1,1,5,6,1,63,9,1968,2,15,VOLKSWAGEN TOURAN,5,-1,0,-1
2020460965016,2020,460965016,1,9,0,18,19,5,7,0,0,0,0,0,0,0,1,1,5,6,1,26,6,1968,2,15,VOLKSWAGEN TOURAN,6,E01024420,0,-1
2020010234590,2020,010234590,2,9,0,12,12,2,6,0,0,0,0,0,0,0,4,1,2,2,1,29,6,1896,2,14,VOLKSWAGEN TOURAN,4,E01000634,0,-1
2020010251838,2020,010251838,1,9,0,99,99,9,9,99,99,9,9,99,9,99,2,9,6,6,2,38,7,1598,2,8,VOLKSWAGEN TOURAN,1,E01004273,0,-1
2020430214184,2020,430214184,1,9,0,3,3,4,8,0,0,8,0,0,0,0,2,1,6,6,2,37,7,1595,1,13,VOLKSWAGEN TOURAN,2,E01016450,0,-1
2020010256908,2020,010256908,2,9,0,99,99,9,9,99,99,9,9,99,9,99,3,9,6,6,2,53,8,1896,2,12,VOLKSWAGEN TOURAN,9,E01000410,0,-1
2020010268756,2020,010268756,3,9,0,2,2,0,0,0,0,0,0,4,0,0,1,1,6,6,3,-1,-1,1896,2,14,VOLKSWAGEN TOURAN,-1,-1,0,-1
2020010254718,2020,010254718,3,9,0,3,3,1,5,0,0,1,0,0,0,0,3,1,6,6,1,44,7,1598,2,7,VOLKSWAGEN TOURAN,2,E01015954,0,-1
2020440434391,2020,440434391,1,9,0,18,19,5,0,0,0,8,0,0,0,0,1,1,6,6,1,48,8,1896,2,10,VOLKSWAGEN TOURAN,1,E01032750,0,-1
2020440332532,2020,440332532,1,9,0,9,9,4,2,0,0,8,0,0,0,0,1,1,6,6,2,38,7,1968,2,6,VOLKSWAGEN TOURAN,7,E01017050,0,-1
2020450997861,2020,450997861,2,9,0,18,19,1,5,0,0,1,0,0,0,0,1,1,3,7,2,39,7,1395,1,4,VOLKSWAGEN TOURAN,9,E01030760,0,-1
2020010252817,2020,010252817,2,9,9,99,99,9,9,99,99,9,9,99,9,99,9,9,6,6,3,-1,-1,1968,2,10,VOLKSWAGEN TOURAN,-1,-1,0,-1
2020350994190,2020,350994190,1,9,0,18,19,5,7,0,0,4,0,0,0,0,1,1,5,6,1,54,8,1968,2,4,VOLKSWAGEN TOURAN,10,E01018288,0,-1
202006K167538,2020,06K167538,1,9,0,18,19,7,3,0,0,1,0,0,0,0,1,1,6,6,1,45,7,1896,2,15,VOLKSWAGEN TOURAN,2,E01004838,0,-1
2020622001103,2020,622001103,1,9,0,2,2,0,0,0,0,1,0,0,0,0,3,1,6,6,1,56,9,1896,2,17,VOLKSWAGEN TOURAN,2,W01001693,0,-1
2020622000624,2020,622000624,1,9,0,18,19,8,4,0,0,2,0,0,0,0,1,1,6,6,1,58,9,1598,2,8,VOLKSWAGEN TOURAN,4,W01001314,0,-1
2020230918542,2020,230918542,4,9,0,3,3,6,2,0,0,0,0,0,0,0,2,1,2,2,2,49,8,1968,2,13,VOLKSWAGEN TOURAN,10,E01025836,0,-1
2020332000190,2020,332000190,2,9,0,18,19,1,5,0,0,0,0,0,1,9,2,1,6,6,2,22,5,1598,2,1,VOLKSWAGEN TOURAN,-1,-1,0,-1
2020522003139,2020,522003139,1,9,0,18,19,5,1,0,0,0,0,0,0,0,1,1,6,6,2,34,6,1390,1,11,VOLKSWAGEN TOURAN,9,E01014557,0,-1
2020470979780,2020,470979780,1,9,0,9,9,2,8,0,0,8,0,0,0,0,3,2,5,6,2,49,8,1598,2,9,VOLKSWAGEN TOURAN,4,E01031836,0,-1
2020161006540,2020,161006540,1,9,0,5,5,3,7,8,6,0,0,0,0,0,3,1,5,6,1,52,8,1896,2,17,VOLKSWAGEN TOURAN,2,E01012763,0,-1
202006E465986,2020,06E465986,1,9,0,6,6,1,1,0,0,1,0,0,0,0,3,1,6,6,1,30,6,1598,2,6,VOLKSWAGEN TOURAN,-1,-1,0,-1
2020400977081,2020,400977081,2,9,0,18,19,8,4,0,0,0,0,0,0,0,2,1,6,6,2,33,6,1968,2,9,VOLKSWAGEN TOURAN,9,E01017702,0,-1
2020010229779,2020,010229779,1,9,0,5,5,1,5,0,0,0,0,0,0,0,1,1,6,6,2,31,6,1498,1,1,VOLKSWAGEN TOURAN,2,E01000930,0,-1
2020010286408,2020,010286408,1,9,0,9,9,3,2,0,0,6,0,0,1,0,1,1,6,6,2,36,7,1598,2,9,VOLKSWAGEN TOURAN,4,E01003332,0,-1
2020990989655,2020,990989655,2,8,0,9,9,5,3,0,0,8,0,0,0,0,3,1,1,1,1,49,8,1598,2,8,VOLKSWAGEN TOURAN,10,-1,0,-1
2020010238569,2020,010238569,2,9,0,12,12,2,6,2,2,2,0,0,0,0,3,1,6,6,1,65,9,1968,2,6,VOLKSWAGEN TOURAN,5,E01001088,0,-1
2020450970743,2020,450970743,1,9,0,17,19,5,4,0,0,0,0,0,0,0,3,1,5,6,1,35,6,1968,2,15,VOLKSWAGEN TOURAN,10,E01030514,0,-1
2020070683137,2020,070683137,1,9,0,9,9,5,3,0,0,8,0,0,0,0,1,1,6,6,1,72,10,1395,1,5,VOLKSWAGEN TOURAN,10,E01018667,0,-1
2020210982298,2020,210982298,1,9,0,18,19,5,1,0,0,0,0,0,0,0,1,1,1,1,1,37,7,1896,2,11,VOLKSWAGEN TOURAN,1,E01033628,0,-1
2020010245118,2020,010245118,1,9,0,6,6,7,7,0,0,0,0,0,0,0,1,1,6,6,1,44,7,1896,2,11,VOLKSWAGEN TOURAN,1,E01004257,0,-1
2020361000137,2020,361000137,2,9,0,18,19,4,8,0,0,4,0,0,0,0,2,1,1,1,2,38,7,1598,2,9,VOLKSWAGEN TOURAN,4,E01026660,0,-1
202031C120120,2020,31C120120,2,9,0,4,4,6,1,0,0,1,0,0,0,0,2,1,6,6,2,55,8,1968,2,1,VOLKSWAGEN TOURAN,10,E01028361,0,-1
2020041000851,2020,041000851,1,9,0,9,9,5,7,0,0,1,1,0,0,0,3,1,5,6,2,45,7,1896,2,10,VOLKSWAGEN TOURAN,2,E01025229,0,-1
2020411020038,2020,411020038,2,9,0,18,19,7,3,0,0,0,0,0,0,0,4,1,5,6,2,44,7,1197,1,5,VOLKSWAGEN TOURAN,10,E01023363,0,-1
2020010229585,2020,010229585,2,9,0,99,99,9,9,99,99,0,9,99,9,99,9,9,6,6,3,65,9,1968,2,14,VOLKSWAGEN TOURAN,-1,-1,0,-1
2020040926459,2020,040926459,2,9,0,18,19,7,3,0,0,1,0,0,0,0,4,1,5,6,1,41,7,1896,2,14,VOLKSWAGEN TOURAN,1,E01012571,0,-1
2020010258069,2020,010258069,2,9,0,18,19,1,5,0,0,1,0,0,0,0,1,1,6,6,1,35,6,1598,1,16,VOLKSWAGEN TOURAN,3,E01002052,0,-1
2020200981941,2020,200981941,1,9,0,18,19,2,6,0,0,1,5,10,0,0,1,1,2,2,1,60,9,1896,2,11,VOLKSWAGEN TOURAN,1,E01010061,0,-1
2020210952406,2020,210952406,1,9,0,18,19,7,3,0,0,0,0,0,0,0,3,1,5,6,1,43,7,1968,2,8,VOLKSWAGEN TOURAN,4,E01014271,0,-1
2020500934424,2020,500934424,1,9,0,18,19,7,4,0,0,1,1,0,0,0,4,1,5,6,1,23,5,1598,2,6,VOLKSWAGEN TOURAN,5,E01023201,0,-1
2020010272224,2020,010272224,2,9,9,99,99,9,9,99,99,0,9,99,9,99,9,9,6,6,3,-1,-1,1595,1,12,VOLKSWAGEN TOURAN,4,E01004569,0,-1
2020010261259,2020,010261259,4,9,0,4,4,7,3,0,0,0,0,0,0,0,1,1,6,6,1,20,4,1968,2,0,VOLKSWAGEN TOURAN,3,E01001263,0,-1
2020470928676,2020,470928676,1,9,0,5,5,7,3,0,0,2,0,0,0,0,1,1,6,6,2,67,10,1896,2,11,VOLKSWAGEN TOURAN,10,E01031820,0,-1
2020010242902,2020,010242902,1,9,0,99,99,9,9,0,0,9,9,99,0,0,9,9,6,6,1,34,6,1598,2,9,VOLKSWAGEN TOURAN,2,E01004233,0,-1
202006K175680,2020,06K175680,2,9,0,2,2,0,0,6,6,1,0,0,0,0,3,1,1,1,1,62,9,1598,2,8,VOLKSWAGEN TOURAN,9,E01004837,0,-1
2020410990261,2020,410990261,1,9,0,3,3,1,5,0,0,0,0,0,0,0,1,1,2,2,1,38,7,1896,2,16,VOLKSWAGEN TOURAN,8,E01023446,0,-1
2020552000486,2020,552000486,1,9,0,9,9,8,7,0,0,1,0,0,0,0,2,1,1,1,1,40,7,1598,2,4,VOLKSWAGEN TOURAN,-1,-1,0,-1
2020471004140,2020,471004140,1,5,0,18,19,1,5,0,0,1,0,0,0,0,1,1,5,6,1,51,8,998,1,16,-1,1,E01016915,0,-1
2020552000301,2020,552000301,2,5,0,4,4,7,3,0,0,0,0,0,0,0,2,1,2,2,1,33,6,998,1,12,-1,5,E01020469,0,-1
2020302000784,2020,302000784,2,4,0,18,19,8,4,0,0,0,0,0,0,0,4,1,2,2,1,58,9,998,1,17,-1,3,E01029448,0,-1
2020500946254,2020,500946254,1,5,0,18,19,7,3,2,2,1,0,0,0,0,3,1,1,1,1,50,8,998,1,17,-1,1,E01015057,0,-1
2020122000826,2020,122000826,2,5,0,14,14,3,7,0,0,3,0,0,0,0,4,1,6,6,1,56,9,998,1,15,-1,5,E01013404,0,-1
2020421011201,2020,421011201,2,5,0,18,19,7,3,0,0,0,0,0,0,0,1,1,6,6,1,53,8,998,1,15,-1,-1,-1,0,-1
2020440105296,2020,440105296,1,5,0,18,19,1,5,0,0,4,1,0,4,6,1,1,6,6,1,29,6,998,1,19,-1,9,E01030918,0,-1
2020340N80122,2020,340N80122,1,5,0,4,4,3,7,0,0,1,0,0,0,0,1,1,6,6,1,72,10,998,1,14,-1,2,E01027331,0,-1
2020470978769,2020,470978769,1,5,0,17,19,5,3,0,0,1,1,0,0,0,1,1,5,6,1,53,8,1000,1,19,-1,9,E01031495,0,-1
2020501015718,2020,501015718,2,3,0,11,11,3,7,0,0,8,2,0,0,0,0,1,5,6,1,60,9,124,1,18,APRILIA Model Missing,6,E01019011,0,-1
2020010271713,2020,010271713,2,3,0,18,19,3,7,0,0,8,0,0,0,0,1,1,6,6,1,35,6,125,1,20,APRILIA Model Missing,3,E01003136,0,-1
2020460966705,2020,460966705,2,3,0,18,19,3,7,0,0,1,1,0,0,0,1,1,6,6,1,22,5,124,1,18,APRILIA Model Missing,7,E01024060,0,-1
2020010276068,2020,010276068,2,3,0,18,19,2,6,0,0,1,0,0,0,0,1,1,6,6,1,26,6,125,1,19,APRILIA Model Missing,-1,-1,0,-1
20201378F1437,2020,1378F1437,1,5,0,16,19,4,6,0,0,8,0,0,0,0,1,1,6,6,1,40,7,999,1,8,-1,5,E01011197,0,-1
2020211001411,2020,211001411,2,2,0,18,19,4,8,0,0,0,0,0,0,0,1,1,6,6,1,16,4,49,1,20,-1,1,E01014261,0,-1
2020137BR1145,2020,137BR1145,2,3,0,9,9,6,4,0,0,1,0,0,0,0,4,1,6,6,1,28,6,125,1,20,APRILIA Model Missing,2,E01011255,0,-1
2020122000694,2020,122000694,1,5,0,13,13,1,5,0,0,0,1,0,8,11,1,1,6,6,1,52,8,998,1,16,-1,8,E01020623,0,-1
2020470960342,2020,470960342,1,5,0,18,19,1,5,0,0,8,1,10,1,0,1,1,5,6,1,42,7,1000,1,21,-1,6,E01024460,0,-1
2020440120029,2020,440120029,1,3,0,9,9,3,1,0,0,8,0,0,0,0,2,1,6,6,1,27,6,124,1,17,APRILIA Model Missing,6,E01023237,0,-1
20201372P0762,2020,1372P0762,2,3,0,18,19,8,4,0,0,1,0,0,0,0,1,1,6,6,1,30,6,125,1,20,APRILIA Model Missing,2,E01011223,0,-1
2020320155116,2020,320155116,2,2,0,18,19,6,2,0,0,2,0,0,0,0,1,1,6,6,1,16,4,49,1,19,-1,-1,-1,0,-1
2020530948161,2020,530948161,2,4,0,18,19,7,3,0,0,0,0,0,0,0,0,1,6,6,1,25,5,125,1,20,-1,4,E01022399,0,-1
2020460916833,2020,460916833,2,2,0,16,19,3,7,0,0,1,0,0,0,0,1,1,5,6,1,16,4,49,1,18,-1,9,E01024268,0,-1
2020230976167,2020,230976167,2,3,0,18,19,6,3,0,0,1,0,0,0,0,1,1,5,6,1,28,6,125,1,19,APRILIA Model Missing,4,E01031276,0,-1
2020500946432,2020,500946432,1,3,0,18,19,3,7,0,0,0,0,0,0,0,1,1,2,2,1,34,6,125,1,20,APRILIA Model Missing,4,E01018931,0,-1
2020010271870,2020,010271870,3,2,0,18,19,7,3,9,9,0,0,0,0,0,3,1,6,6,1,18,4,49,1,21,-1,2,E01003320,0,-1
2020990944308,2020,990944308,1,5,0,18,19,2,6,0,0,0,0,0,1,0,1,1,6,6,1,51,8,998,1,13,-1,7,-1,0,-1
2020140968890,2020,140968890,1,3,0,18,19,6,2,0,0,2,0,0,0,0,3,1,6,6,1,20,4,124,1,17,APRILIA Model Missing,1,E01007721,0,-1
2020052001535,2020,052001535,1,3,0,13,13,5,1,0,0,1,0,0,0,0,1,1,6,6,1,27,6,124,1,21,APRILIA Model Missing,3,E01007253,0,-1
2020161006663,2020,161006663,1,3,0,17,19,5,2,0,0,2,1,4,0,0,1,1,6,6,1,17,4,124,1,21,APRILIA Model Missing,3,E01007637,0,-1
2020040918799,2020,040918799,1,3,0,18,19,3,8,9,9,2,0,0,1,11,1,1,6,6,1,23,5,125,1,18,APRILIA Model Missing,-1,-1,0,-1
2020547914720,2020,547914720,1,5,0,13,13,8,4,0,0,0,2,0,1,10,3,1,6,6,1,49,8,1000,1,21,-1,10,E01016526,0,-1
2020110996910,2020,110996910,1,5,0,7,7,5,1,0,0,3,0,0,7,0,1,1,5,6,1,49,8,1000,1,18,-1,4,E01020871,0,-1
202063A030420,2020,63A030420,1,3,0,16,19,7,2,0,0,0,0,0,2,10,1,1,6,6,1,29,6,125,1,21,APRILIA Model Missing,10,W01000837,0,-1
2020070269384,2020,070269384,1,3,0,16,19,8,2,0,0,1,0,0,0,0,1,1,6,6,1,39,7,124,1,4,APRILIA Model Missing,7,E01018673,0,-1
2020450945531,2020,450945531,2,9,0,4,4,1,6,0,0,0,0,0,0,0,1,1,6,6,1,55,8,4398,1,22,-1,9,E01030521,0,-1
2020137541308,2020,137541308,2,90,0,16,19,2,6,0,0,1,5,0,0,0,0,1,6,6,1,33,6,448,1,12,-1,1,E01011038,0,-1
2020010245977,2020,010245977,1,90,0,18,19,2,6,0,0,0,0,7,0,0,3,1,6,6,1,50,8,448,1,7,-1,5,E01001344,0,-1
2020040939406,2020,040939406,2,4,0,17,19,4,8,0,0,0,2,0,1,0,3,1,5,6,1,43,7,448,1,10,-1,1,E01004846,0,-1
2020460964567,2020,460964567,1,90,0,16,19,4,8,0,0,0,1,10,4,7,1,1,6,6,1,39,7,448,1,6,-1,4,E01024591,0,-1
2020030973015,2020,030973015,1,5,0,18,19,1,5,9,9,1,5,0,7,0,1,1,5,6,1,36,7,1103,1,0,-1,4,E01008555,0,-1
2020320510535,2020,320510535,1,5,0,13,13,2,6,0,0,0,0,0,0,0,1,1,6,6,1,58,9,1103,1,0,-1,4,E01026102,0,-1
202006J176608,2020,06J176608,1,9,0,18,19,1,5,0,0,0,0,0,0,0,1,1,6,6,2,32,6,1499,2,1,FORD TOURNEO,4,E01005916,0,-1
2020010258004,2020,010258004,2,9,9,99,99,9,9,99,99,9,9,99,9,99,9,9,6,6,1,19,4,1499,2,3,FORD TOURNEO,-1,-1,0,-1
2020420971493,2020,420971493,1,9,0,18,19,6,2,0,0,0,0,0,0,0,1,1,5,6,1,39,7,1995,2,1,FORD TOURNEO,5,E01000606,0,-1
2020470971478,2020,470971478,2,9,0,18,19,6,2,0,0,0,0,0,0,0,1,1,5,6,1,51,8,1995,2,3,FORD TOURNEO,6,E01028413,0,-1
2020450960761,2020,450960761,1,10,0,17,19,5,1,0,0,0,0,11,0,0,1,1,2,2,1,52,8,-1,-1,-1,FORD TOURNEO,2,E01024496,0,-1
2020450970765,2020,450970765,2,9,0,2,2,0,0,9,9,0,0,0,0,0,3,1,6,6,1,57,9,2198,2,7,FORD TOURNEO,6,E01030312,0,-1
2020470946298,2020,470946298,1,9,0,1,1,2,2,0,0,0,0,0,0,0,2,1,1,1,1,52,8,1995,2,3,FORD TOURNEO,4,E01021060,0,-1
2020201020672,2020,201020672,1,9,0,18,19,6,2,0,0,0,0,0,0,0,0,1,2,2,1,54,8,1499,2,2,FORD TOURNEO,3,E01029349,0,-1
2020010285055,2020,010285055,1,9,0,12,12,1,5,0,0,0,0,0,0,0,3,1,6,6,1,56,9,2198,2,7,FORD TOURNEO,-1,-1,0,-1
2020010275161,2020,010275161,1,9,0,4,4,5,1,0,0,1,0,0,0,0,2,1,1,1,1,22,5,1995,2,2,FORD TOURNEO,5,E01024031,0,-1
2020542153320,2020,542153320,2,9,0,18,19,1,5,0,0,0,0,0,0,0,1,1,6,6,1,53,8,1499,2,4,FORD TOURNEO,8,E01015517,0,-1
2020360934302,2020,360934302,1,19,0,18,19,6,2,0,0,0,0,0,1,4,1,1,5,6,1,19,4,1560,2,6,-1,6,E01026781,0,-1
2020460972402,2020,460972402,1,8,0,18,19,3,7,0,0,4,0,0,3,0,1,1,1,1,1,53,8,1995,2,3,FORD TOURNEO,2,E01024672,0,-1
2020010239919,2020,010239919,2,9,0,99,99,9,9,0,0,8,0,0,0,0,4,1,-1,-1,3,-1,-1,1560,2,5,FORD TOURNEO,-1,-1,0,-1
2020010242911,2020,010242911,1,8,0,2,2,0,0,0,0,0,0,0,0,0,3,1,1,1,1,30,6,1995,2,3,FORD TOURNEO,8,E01023875,0,-1
202006M271431,2020,06M271431,1,9,0,9,9,6,3,0,0,8,0,0,0,0,1,1,6,6,1,71,10,1499,2,0,FORD TOURNEO,1,E01012480,0,-1
2020100978564,2020,100978564,1,9,0,3,3,7,3,0,0,1,0,0,0,0,1,1,6,6,1,63,9,1995,2,0,FORD TOURNEO,2,E01008571,0,-1
2020622001034,2020,622001034,1,9,0,15,15,6,2,0,0,0,0,4,0,0,4,1,6,6,1,42,7,2198,2,5,FORD TOURNEO,1,W01000863,0,-1
2020052001632,2020,052001632,2,9,0,2,2,0,0,0,0,0,0,4,0,0,2,1,6,6,2,35,6,1499,2,1,FORD TOURNEO,1,E01012437,0,-1
2020360930520,2020,360930520,1,9,0,18,19,1,5,0,0,0,0,0,0,0,4,1,1,1,1,54,8,2198,2,5,FORD TOURNEO,9,E01026582,0,-1
2020010283562,2020,010283562,2,9,0,7,7,7,1,0,0,6,0,0,0,0,1,1,1,1,1,44,7,1995,2,2,FORD TOURNEO,4,E01004576,0,-1
2020500964921,2020,500964921,2,8,0,15,15,4,7,0,0,0,0,0,0,0,1,1,5,6,1,64,9,1995,2,0,FORD TOURNEO,7,E01015112,0,-1
2020350962855,2020,350962855,2,9,0,18,19,8,4,0,0,0,0,0,0,0,2,1,5,6,1,45,7,1995,2,1,FORD TOURNEO,3,E01017978,0,-1
2020201014049,2020,201014049,2,9,0,1,1,1,5,0,0,1,0,0,0,0,2,1,6,6,1,53,8,1995,2,3,FORD TOURNEO,5,E01010069,0,-1
2020010244365,2020,010244365,4,9,0,2,2,0,0,0,0,0,0,0,0,0,1,1,6,6,3,-1,-1,2198,2,7,FORD TOURNEO,-1,-1,0,-1
2020430281976,2020,430281976,1,8,0,18,19,7,3,0,0,1,0,0,0,0,3,1,1,1,1,52,8,1995,2,1,FORD TOURNEO,3,E01016733,0,-1
2020010282473,2020,010282473,1,8,3,99,99,9,9,99,99,8,9,99,9,99,9,9,2,2,1,-1,-1,1995,2,1,FORD TOURNEO,4,E01001222,0,-1
2020211025108,2020,211025108,2,10,0,2,2,0,0,0,0,0,0,0,0,0,2,1,6,6,1,41,7,-1,-1,-1,FORD TOURNEO,2,E01010341,0,-1
2020010236952,2020,010236952,2,10,0,3,3,1,5,0,0,0,0,0,0,0,2,1,1,1,1,48,8,2198,2,5,FORD TOURNEO,9,E01004132,0,-1
2020360937526,2020,360937526,2,10,0,3,3,1,6,0,0,8,0,0,0,0,2,1,4,7,2,59,9,-1,-1,-1,FORD TOURNEO,4,E01030276,0,-1
2020010230226,2020,010230226,1,9,0,4,4,1,5,0,0,2,0,0,0,0,4,1,6,6,1,38,7,2198,2,5,FORD TOURNEO,6,E01002140,0,-1
2020430404834,2020,430404834,1,10,0,3,3,3,7,0,0,1,0,0,0,0,2,1,1,1,2,38,7,-1,-1,-1,FORD TOURNEO,9,E01016342,0,-1
2020221005473,2020,221005473,2,8,0,7,7,7,8,0,0,6,0,0,0,0,1,1,1,1,1,55,8,2198,2,6,FORD TOURNEO,3,E01013992,0,-1
2020610027620,2020,610027620,1,9,0,18,19,6,2,0,0,0,0,0,0,0,3,1,6,6,1,76,11,1499,2,3,FORD TOURNEO,2,W01001646,0,-1
2020140964233,2020,140964233,1,9,0,18,19,3,7,0,0,0,0,0,0,0,2,1,6,6,2,53,8,1499,2,4,FORD TOURNEO,-1,-1,0,-1
2020420952867,2020,420952867,1,9,0,5,5,5,1,0,0,4,0,0,0,0,1,1,6,6,1,30,6,2198,2,5,FORD TOURNEO,-1,-1,0,-1
2020070129794,2020,070129794,2,9,0,18,19,7,3,0,0,0,0,0,0,0,3,1,6,6,1,52,8,1995,2,1,FORD TOURNEO,5,E01007243,0,-1
2020470930057,2020,470930057,2,9,0,18,19,3,7,0,0,0,0,0,0,0,2,1,6,6,1,23,5,1499,2,1,FORD TOURNEO,7,E01016899,0,-1
2020440026632,2020,440026632,1,8,0,4,4,1,5,0,0,2,0,0,0,0,0,1,1,1,1,46,8,1995,2,1,FORD TOURNEO,3,E01022550,0,-1
2020990926767,2020,990926767,2,9,0,18,19,5,1,0,0,0,0,0,2,0,3,1,5,6,1,63,9,1499,2,1,FORD TOURNEO,8,-1,0,-1
2020230942605,2020,230942605,1,9,0,13,13,8,4,0,0,0,0,0,0,0,1,1,5,6,1,37,7,1499,2,3,FORD TOURNEO,3,E01028027,0,-1
2020170M21590,2020,170M21590,1,10,0,7,7,5,7,0,0,6,0,0,0,0,1,1,1,1,1,53,8,-1,-1,-1,FORD TOURNEO,1,E01012198,0,-1
2020170S41500,2020,170S41500,1,9,0,9,9,2,8,0,0,8,0,0,0,0,4,1,6,6,1,45,7,1995,2,2,FORD TOURNEO,7,E01012270,0,-1
2020520002465,2020,520002465,1,9,0,2,2,0,0,0,0,0,0,0,0,0,2,1,6,6,2,36,7,1995,2,2,FORD TOURNEO,5,E01029137,0,-1
2020990942227,2020,990942227,2,10,0,18,19,6,2,0,0,8,0,0,0,0,4,1,1,1,1,46,8,-1,-1,-1,FORD TOURNEO,1,-1,0,-1
2020040940396,2020,040940396,3,9,0,18,19,5,1,0,0,2,0,0,0,0,2,1,2,2,1,43,7,1995,2,1,FORD TOURNEO,1,E01012643,0,-1