collision_index,collision_year,collision_ref_no,vehicle_reference,vehicle_type,towing_and_articulation,vehicle_manoeuvre_historic,vehicle_manoeuvre,vehicle_direction_from,vehicle_direction_to,vehicle_location_restricted_lane_historic,vehicle_location_restricted_lane,junction_location,skidding_and_overturning,hit_object_in_carriageway,vehicle_leaving_carriageway,hit_object_off_carriageway,first_point_of_impact,vehicle_left_hand_drive,journey_purpose_of_driver_historic,journey_purpose_of_driver,sex_of_driver,age_of_driver,age_band_of_driver,engine_capacity_cc,propulsion_code,age_of_vehicle,generic_make_model,driver_imd_decile,lsoa_of_driver,escooter_flag,driver_distance_banding
2020450937504,2020,450937504,1,9,0,4,4,5,1,0,0,0,1,0,0,0,1,1,6,6,2,25,5,1397,1,11,MINI FIRST,6,E01031676,0,-1
2020460994287,2020,460994287,1,9,0,18,19,6,2,0,0,0,1,0,0,0,1,1,6,6,2,34,6,1397,1,11,MINI FIRST,5,E01024485,0,-1
2020451010151,2020,451010151,1,9,0,18,19,1,5,0,0,0,0,4,0,0,1,1,2,2,2,21,5,1397,1,10,MINI FIRST,6,E01003840,0,-1
2020471008575,2020,471008575,1,9,0,9,9,7,6,0,0,8,0,0,0,0,1,1,5,6,1,44,7,1397,1,10,MINI FIRST,9,E01020944,0,-1
202006M266986,2020,06M266986,1,9,0,9,9,6,4,0,0,6,0,0,0,0,0,1,6,6,2,54,8,1600,1,9,MINI FIRST,10,E01006081,0,-1
2020137BC1543,2020,137BC1543,2,9,0,4,4,3,7,0,0,0,0,0,0,0,2,1,6,6,1,30,6,1600,1,9,MINI FIRST,1,E01033691,0,-1
2020137251158,2020,137251158,1,9,0,3,3,4,8,0,0,1,0,0,0,0,1,1,6,6,1,35,6,1598,1,8,MINI FIRST,7,E01011828,0,-1
2020010266581,2020,010266581,2,9,0,99,99,9,9,99,99,9,9,99,9,99,1,9,6,6,2,34,6,1598,1,10,MINI FIRST,7,E01003456,0,-1
2020040951115,2020,040951115,2,9,0,18,19,5,1,0,0,0,0,0,0,0,1,1,6,6,1,58,9,1397,1,10,MINI FIRST,5,E01025572,0,-1
2020400958470,2020,400958470,2,9,0,12,12,7,3,0,0,0,0,0,0,0,1,1,5,6,2,18,4,1397,1,11,MINI FIRST,8,E01015745,0,-1
2020430243538,2020,430243538,1,9,0,18,19,3,7,0,0,0,0,0,1,4,1,1,2,2,1,64,9,1397,1,11,MINI FIRST,10,E01028810,0,-1
2020010230946,2020,010230946,1,9,0,2,2,0,0,0,0,8,0,0,0,0,3,1,6,6,3,-1,-1,1397,1,10,MINI FIRST,-1,-1,0,-1
2020990992895,2020,990992895,1,9,0,18,19,5,1,0,0,0,0,0,0,0,1,1,5,6,2,18,4,1397,1,11,MINI FIRST,8,-1,0,-1
2020461001699,2020,461001699,1,9,0,15,15,5,1,0,0,0,0,10,0,0,1,1,1,1,2,22,5,1397,1,10,MINI FIRST,7,E01016124,0,-1
2020990948646,2020,990948646,1,9,0,9,9,6,3,0,0,6,0,0,0,0,1,1,2,2,2,24,5,1598,1,9,MINI FIRST,-1,-1,0,-1
2020552000298,2020,552000298,1,2,0,18,19,4,8,0,0,0,0,7,0,0,1,1,6,6,1,33,6,50,1,2,-1,-1,-1,0,-1
2020370955159,2020,370955159,1,2,0,16,19,4,7,0,0,0,1,0,0,0,3,1,6,6,1,18,4,50,1,2,-1,3,E01030257,0,-1
2020411014951,2020,411014951,1,4,0,18,19,8,4,0,0,1,2,11,0,0,1,1,6,6,1,24,5,125,1,5,-1,10,E01023664,0,-1
2020010246585,2020,010246585,4,9,0,2,2,0,0,9,9,2,0,0,0,0,3,1,6,6,3,-1,-1,1968,2,4,SEAT ALHAMBRA,-1,-1,0,-1
2020470925172,2020,470925172,1,9,0,18,19,8,3,0,0,1,0,0,4,0,1,1,5,6,1,46,8,1968,2,3,SEAT ALHAMBRA,4,E01017198,0,-1
2020010233692,2020,010233692,1,9,0,18,19,3,7,0,0,5,0,0,0,0,1,1,6,6,1,60,9,1968,2,3,SEAT ALHAMBRA,5,E01004354,0,-1
2020160955156,2020,160955156,2,9,0,3,3,4,8,0,0,0,0,0,0,0,2,1,6,6,1,54,8,1984,2,12,SEAT ALHAMBRA,5,E01013200,0,-1
2020450930643,2020,450930643,2,9,0,18,19,1,5,0,0,8,0,0,0,0,1,1,1,1,1,51,8,1968,2,3,SEAT ALHAMBRA,2,E01000189,0,-1
2020400973941,2020,400973941,5,9,0,2,2,3,7,0,0,1,0,0,0,0,0,1,5,6,1,44,7,1984,2,14,SEAT ALHAMBRA,3,E01015715,0,-1
2020010249689,2020,010249689,1,9,0,99,99,9,9,99,99,9,9,99,9,99,2,9,6,6,1,54,8,1968,2,3,SEAT ALHAMBRA,5,E01001530,0,-1
2020500929601,2020,500929601,2,9,0,5,5,1,5,0,0,8,0,0,0,0,4,1,5,6,1,62,9,1968,2,6,SEAT ALHAMBRA,7,E01015112,0,-1
2020010274081,2020,010274081,2,8,0,99,99,9,9,99,99,9,9,99,9,99,1,9,6,6,3,-1,-1,1968,2,3,SEAT ALHAMBRA,2,E01000867,0,-1
2020220924535,2020,220924535,3,8,0,18,19,4,8,0,0,0,0,0,0,0,1,1,1,1,1,53,8,1968,2,5,SEAT ALHAMBRA,1,E01014110,0,-1
2020010245702,2020,010245702,1,9,0,99,99,9,9,99,99,9,9,99,9,99,4,9,6,6,1,49,8,1968,2,3,SEAT ALHAMBRA,1,E01000605,0,-1
2020010250960,2020,010250960,1,8,0,99,99,9,9,99,99,9,9,99,9,99,2,9,6,6,1,31,6,1968,2,3,SEAT ALHAMBRA,3,E01023300,0,-1
20201371B1639,2020,1371B1639,2,8,0,18,19,4,8,0,0,0,0,0,0,0,2,1,1,1,1,29,6,1968,2,5,SEAT ALHAMBRA,1,E01011657,0,-1
2020420956058,2020,420956058,2,9,0,18,19,1,2,0,0,2,0,0,0,0,4,1,1,1,1,50,8,1968,2,3,SEAT ALHAMBRA,2,E01003506,0,-1
2020052001191,2020,052001191,2,9,0,9,9,5,1,0,0,8,0,0,0,0,1,1,2,2,1,40,7,1968,2,3,SEAT ALHAMBRA,9,E01018697,0,-1
2020410952036,2020,410952036,1,9,0,18,19,3,7,0,0,4,0,0,0,0,1,1,5,6,1,78,11,1984,2,12,SEAT ALHAMBRA,7,E01023598,0,-1
2020010284620,2020,010284620,1,9,0,9,9,7,5,0,0,1,0,0,0,0,1,1,6,6,1,44,7,1968,2,4,SEAT ALHAMBRA,4,E01004258,0,-1
2020460924120,2020,460924120,1,9,0,18,19,5,1,0,0,0,0,0,1,10,4,1,5,6,1,40,7,1968,2,3,SEAT ALHAMBRA,2,E01016062,0,-1
2020010276146,2020,010276146,2,8,0,18,19,7,3,0,0,1,0,0,0,0,1,1,6,6,1,50,8,1968,2,3,SEAT ALHAMBRA,6,E01003646,0,-1
2020460987224,2020,460987224,1,9,0,18,19,7,3,0,0,0,0,0,4,2,3,1,6,6,2,54,8,1968,2,2,SEAT ALHAMBRA,4,E01024694,0,-1
2020137A40362,2020,137A40362,1,9,0,12,12,8,4,0,0,1,0,0,0,0,3,1,6,6,2,26,6,1896,2,16,SEAT ALHAMBRA,3,E01013335,0,-1
2020610016120,2020,610016120,1,9,0,18,19,2,6,0,0,0,0,0,0,0,2,1,2,2,1,67,10,1968,2,4,SEAT ALHAMBRA,10,W01001627,0,-1
2020500938622,2020,500938622,2,9,0,2,2,0,0,0,0,0,0,0,0,0,4,1,5,6,1,38,7,1984,2,14,SEAT ALHAMBRA,1,E01015046,0,-1
2020010230858,2020,010230858,1,9,9,99,99,9,9,99,99,9,9,99,9,99,9,9,6,6,1,45,7,1968,2,0,SEAT ALHAMBRA,3,E01004200,0,-1
2020410978399,2020,410978399,1,9,0,18,19,8,4,0,0,3,0,0,0,0,2,1,6,6,1,42,7,1968,2,6,SEAT ALHAMBRA,9,E01023319,0,-1
2020140971308,2020,140971308,1,9,0,17,19,5,1,0,0,0,0,0,0,0,3,1,5,6,2,52,8,1968,2,8,SEAT ALHAMBRA,4,E01007557,0,-1
2020410996135,2020,410996135,2,9,0,18,19,8,4,0,0,0,0,0,0,0,3,1,3,7,1,76,11,1968,2,2,SEAT ALHAMBRA,5,E01023475,0,-1
2020010252246,2020,010252246,2,8,0,99,99,9,9,99,99,9,9,99,9,99,1,9,6,6,3,-1,-1,1968,2,4,SEAT ALHAMBRA,-1,-1,0,-1
2020501008173,2020,501008173,1,9,0,4,4,7,3,0,0,1,0,0,0,0,2,1,5,6,2,34,6,1896,2,14,SEAT ALHAMBRA,2,E01018999,0,-1
2020010256090,2020,010256090,1,9,0,99,99,9,9,99,99,9,9,99,9,99,9,9,6,6,2,34,6,1984,1,16,SEAT ALHAMBRA,1,E01003246,0,-1
202006Q176092,2020,06Q176092,2,9,0,18,19,8,4,0,0,8,0,0,0,0,1,1,6,6,2,40,7,1968,2,1,SEAT ALHAMBRA,8,E01005329,0,-1
2020200953500,2020,200953500,2,9,0,10,10,6,4,0,0,8,0,0,0,0,0,1,6,6,2,33,6,1896,2,15,SEAT ALHAMBRA,2,E01010091,0,-1
2020010267903,2020,010267903,1,9,0,10,10,6,4,0,0,5,0,0,0,0,2,1,6,6,1,45,7,1968,2,7,SEAT ALHAMBRA,6,E01003026,0,-1
2020991001913,2020,991001913,1,9,0,5,5,2,3,0,0,0,0,0,0,0,1,1,2,2,1,41,7,1968,2,3,SEAT ALHAMBRA,9,-1,0,-1
2020501012434,2020,501012434,1,9,0,13,13,1,5,0,0,0,0,0,0,0,0,1,6,6,1,39,7,1968,2,12,SEAT ALHAMBRA,4,E01015173,0,-1
2020010241072,2020,010241072,2,9,0,18,19,1,5,0,0,8,0,0,0,0,1,1,4,7,2,44,7,1968,2,5,SEAT ALHAMBRA,10,E01000753,0,-1
2020010275826,2020,010275826,2,9,0,9,9,5,3,0,0,1,0,0,1,0,1,1,6,6,2,34,6,1968,2,4,SEAT ALHAMBRA,8,E01000216,0,-1
2020370998334,2020,370998334,2,9,0,4,4,0,0,0,0,0,0,0,0,0,3,1,5,6,1,-1,-1,1896,2,17,SEAT ALHAMBRA,9,E01033447,0,-1
2020302000535,2020,302000535,2,9,0,18,19,7,2,0,0,8,0,0,0,0,1,1,6,6,1,72,10,1968,2,3,SEAT ALHAMBRA,7,E01019701,0,-1
2020010241737,2020,010241737,2,8,0,9,9,5,2,0,0,1,0,0,0,0,1,1,2,2,1,50,8,1968,2,4,SEAT ALHAMBRA,3,E01004443,0,-1
2020460994456,2020,460994456,2,9,0,4,4,3,7,0,0,0,0,0,0,0,1,1,6,6,2,55,8,1896,2,12,SEAT ALHAMBRA,6,E01024021,0,-1
2020420919626,2020,420919626,1,9,0,18,19,4,8,0,0,0,0,0,0,0,4,1,3,7,1,46,8,1896,2,19,SEAT ALHAMBRA,6,E01021597,0,-1
2020010266701,2020,010266701,2,9,0,18,19,3,7,0,0,0,0,0,0,0,1,1,6,6,1,49,8,1968,2,6,SEAT ALHAMBRA,1,E01002034,0,-1
2020160945158,2020,160945158,1,9,0,1,1,7,3,4,4,0,0,0,0,0,2,1,5,6,1,56,9,1968,2,9,SEAT ALHAMBRA,2,E01013284,0,-1
2020010272215,2020,010272215,1,9,0,10,10,4,2,0,0,5,0,0,0,0,4,1,6,6,2,38,7,1968,2,1,SEAT ALHAMBRA,4,E01001329,0,-1
2020010285634,2020,010285634,1,9,0,99,99,9,9,99,99,9,9,99,9,99,9,9,6,6,3,-1,-1,1968,2,4,SEAT ALHAMBRA,-1,-1,0,-1
2020200950359,2020,200950359,2,9,0,18,19,1,5,0,0,1,0,0,0,0,4,1,6,6,2,35,6,1968,2,3,SEAT ALHAMBRA,2,E01009986,0,-1
2020201022136,2020,201022136,1,9,0,7,7,7,1,0,0,6,0,0,0,0,1,1,6,6,1,25,5,1968,2,3,SEAT ALHAMBRA,1,E01033643,0,-1
2020010245282,2020,010245282,1,9,0,5,5,7,3,0,0,4,0,0,0,0,1,1,6,6,1,59,9,1968,2,4,SEAT ALHAMBRA,4,E01004569,0,-1
202006A169083,2020,06A169083,2,9,0,18,19,8,4,0,0,8,0,0,0,1,0,1,6,6,1,38,7,1896,2,17,SEAT ALHAMBRA,8,E01012581,0,-1
2020010258087,2020,010258087,1,8,0,5,5,3,7,0,0,1,0,0,0,0,1,1,1,1,1,42,7,1968,2,4,SEAT ALHAMBRA,4,E01003543,0,-1
20201372D0880,2020,1372D0880,1,9,0,18,19,5,1,0,0,0,0,0,0,0,1,1,6,6,1,44,7,1968,2,5,SEAT ALHAMBRA,8,E01010707,0,-1
2020010228288,2020,010228288,2,9,0,9,9,6,3,0,0,1,0,0,0,0,3,1,6,6,1,37,7,1968,2,4,SEAT ALHAMBRA,2,E01003108,0,-1
2020200928518,2020,200928518,2,8,0,18,19,6,2,0,0,0,0,0,0,0,2,1,6,6,1,-1,-1,1968,2,4,SEAT ALHAMBRA,1,E01009492,0,-1
2020010268454,2020,010268454,1,8,0,9,9,5,3,2,2,8,0,0,0,0,3,1,1,1,1,64,9,1968,2,3,SEAT ALHAMBRA,3,E01001213,0,-1
2020420940872,2020,420940872,1,9,0,18,19,7,3,0,0,2,0,0,0,0,1,1,6,6,2,31,6,1968,2,6,SEAT ALHAMBRA,5,E01022034,0,-1
2020460970162,2020,460970162,1,9,0,17,19,4,8,0,0,0,0,10,1,0,1,1,5,6,2,25,5,1968,2,4,SEAT ALHAMBRA,6,E01024836,0,-1
2020460996373,2020,460996373,2,9,0,18,19,5,1,0,0,1,1,0,0,0,3,1,5,6,1,66,10,1896,2,23,SEAT ALHAMBRA,7,E01024794,0,-1
2020010284141,2020,010284141,2,9,0,18,19,5,1,0,0,0,0,0,0,0,4,1,6,6,1,50,8,1968,2,1,SEAT ALHAMBRA,4,E01000733,0,-1
2020470977134,2020,470977134,1,9,0,9,9,3,1,0,0,5,0,0,0,0,1,1,1,1,1,39,7,1896,2,16,SEAT ALHAMBRA,1,E01020978,0,-1
2020350934099,2020,350934099,2,9,0,18,19,1,5,0,0,0,1,0,0,0,1,1,2,2,1,56,9,1968,2,2,SEAT ALHAMBRA,4,E01018147,0,-1
2020010284382,2020,010284382,1,9,0,99,99,9,9,99,99,2,9,99,9,99,2,9,6,6,1,58,9,1968,2,9,SEAT ALHAMBRA,6,E01001599,0,-1
2020010269678,2020,010269678,1,9,0,18,19,3,7,0,0,1,0,0,0,0,1,1,1,1,1,55,8,1968,2,4,SEAT ALHAMBRA,2,E01000527,0,-1
202006XF75165,2020,06XF75165,2,9,0,4,4,3,7,0,0,0,0,0,0,0,1,1,6,6,1,57,9,1968,2,1,SEAT ALHAMBRA,2,E01012640,0,-1
2020010273292,2020,010273292,2,9,0,99,99,9,9,99,99,9,9,99,9,99,1,9,6,6,2,48,8,1984,1,14,SEAT ALHAMBRA,5,E01001829,0,-1
2020500930159,2020,500930159,1,9,0,4,4,1,5,0,0,1,0,0,0,0,1,1,3,7,1,50,8,1896,2,16,SEAT ALHAMBRA,1,E01015214,0,-1
2020541509720,2020,541509720,1,9,0,18,19,2,6,9,9,3,0,0,3,2,1,1,6,6,1,45,7,1896,2,17,SEAT ALHAMBRA,2,E01015476,0,-1
2020200961797,2020,200961797,2,9,0,18,19,4,8,0,0,0,0,0,0,0,2,1,1,1,1,-1,-1,1968,2,4,SEAT ALHAMBRA,1,E01009567,0,-1
2020010265082,2020,010265082,1,9,0,18,19,1,5,0,0,8,0,0,0,0,0,1,1,1,1,51,8,1968,2,4,SEAT ALHAMBRA,9,E01004161,0,-1
2020010242032,2020,010242032,2,8,0,99,99,9,9,99,99,9,9,99,9,99,1,9,6,6,1,54,8,1968,2,4,SEAT ALHAMBRA,7,E01002177,0,-1
2020052002301,2020,052002301,1,9,0,18,19,3,7,0,0,8,0,0,0,0,1,1,1,1,1,29,6,1968,2,9,SEAT ALHAMBRA,1,E01007048,0,-1
2020520100102,2020,520100102,2,9,0,18,19,5,1,0,0,8,0,0,0,0,3,1,6,6,2,50,8,1968,2,3,SEAT ALHAMBRA,3,E01032635,0,-1
2020430024099,2020,430024099,1,9,0,2,2,0,0,0,0,2,0,0,0,0,3,1,6,6,2,35,6,1968,2,3,SEAT ALHAMBRA,4,E01028574,0,-1
2020460931792,2020,460931792,2,9,0,10,10,2,6,0,0,1,0,0,0,0,2,1,5,6,1,46,8,1968,2,7,SEAT ALHAMBRA,9,E01021191,0,-1
2020010277811,2020,010277811,2,8,0,99,99,9,9,99,99,9,9,99,9,99,9,9,6,6,1,47,8,1968,2,3,SEAT ALHAMBRA,4,E01016485,0,-1
2020220995214,2020,220995214,3,9,0,18,19,1,5,0,0,1,0,0,0,0,1,1,1,1,2,44,7,1968,2,4,SEAT ALHAMBRA,2,E01032250,0,-1
2020010237536,2020,010237536,1,9,0,18,19,2,6,0,0,0,0,0,0,0,1,1,1,1,1,43,7,1968,2,7,SEAT ALHAMBRA,1,E01004420,0,-1
2020010229330,2020,010229330,2,9,0,3,3,7,3,0,0,1,0,0,0,0,2,1,1,1,1,52,8,1968,2,3,SEAT ALHAMBRA,2,E01003055,0,-1
2020360972246,2020,360972246,1,9,0,4,4,8,4,0,0,0,0,0,0,0,2,1,5,6,1,48,8,1984,1,16,SEAT ALHAMBRA,10,E01026521,0,-1
2020470968540,2020,470968540,2,9,0,9,9,1,7,0,0,2,0,0,0,0,3,1,5,6,2,38,7,1968,2,4,SEAT ALHAMBRA,1,E01020994,0,-1
2020137B20358,2020,137B20358,4,9,0,18,19,8,4,0,0,0,0,0,0,0,1,1,6,6,2,46,8,1968,2,3,SEAT ALHAMBRA,5,E01011391,0,-1
2020160923832,2020,160923832,1,9,0,18,19,4,8,0,0,0,0,4,0,0,4,1,2,2,1,38,7,1968,2,14,SEAT ALHAMBRA,7,E01013307,0,-1
2020302000322,2020,302000322,4,9,0,18,19,2,7,0,0,0,0,0,0,0,3,1,6,6,1,57,9,1968,2,3,SEAT ALHAMBRA,1,E01007325,0,-1
2020500958084,2020,500958084,1,9,0,13,13,3,7,0,0,0,0,0,0,0,0,1,6,6,1,48,8,1896,2,14,SEAT ALHAMBRA,2,E01018928,0,-1
2020140979467,2020,140979467,1,9,0,18,19,7,3,0,0,0,0,0,0,0,4,1,5,6,1,70,10,1968,2,3,SEAT ALHAMBRA,8,E01007379,0,-1
2020530917551,2020,530917551,2,9,0,18,19,1,5,0,0,1,0,0,0,0,4,1,2,2,1,59,9,1968,2,10,SEAT ALHAMBRA,6,E01022391,0,-1
2020010249764,2020,010249764,1,9,0,6,6,3,3,0,0,1,0,0,0,0,1,1,1,1,1,50,8,1968,2,4,SEAT ALHAMBRA,2,E01004444,0,-1
2020450931125,2020,450931125,1,9,0,1,1,3,7,0,0,0,0,0,0,0,3,1,5,6,1,49,8,1968,2,3,SEAT ALHAMBRA,2,E01033581,0,-1
20201379C1582,2020,1379C1582,1,9,0,18,19,2,6,0,0,1,0,0,0,0,1,1,6,6,1,35,6,1968,2,12,SEAT ALHAMBRA,1,E01010832,0,-1
2020410982877,2020,410982877,3,9,0,18,19,1,5,0,0,1,0,0,0,0,1,1,1,1,1,49,8,1968,2,4,SEAT ALHAMBRA,5,E01002692,0,-1
2020010262046,2020,010262046,2,9,0,99,99,9,9,0,0,9,0,0,0,0,9,1,6,6,1,51,8,1968,2,4,SEAT ALHAMBRA,3,E01003526,0,-1
2020010272143,2020,010272143,2,9,0,99,99,9,9,99,99,9,9,99,9,99,1,9,6,6,3,-1,-1,1968,2,1,SEAT ALHAMBRA,1,E01003761,0,-1
20201371R1355,2020,1371R1355,1,9,0,5,5,6,2,0,0,8,0,0,1,0,3,1,6,6,1,78,11,1968,2,3,SEAT ALHAMBRA,7,E01027904,0,-1
2020460953675,2020,460953675,1,9,0,18,19,3,7,0,0,3,0,0,0,0,1,1,6,6,1,53,8,1968,2,2,SEAT ALHAMBRA,3,E01024263,0,-1
2020370956294,2020,370956294,1,9,0,3,3,-1,-1,0,0,0,0,0,0,0,-1,1,6,6,2,38,7,1968,2,3,SEAT ALHAMBRA,2,E01030029,0,-1
2020010260266,2020,010260266,3,9,0,99,99,9,9,99,99,9,9,99,9,99,1,9,6,6,3,-1,-1,1896,2,16,SEAT ALHAMBRA,-1,-1,0,-1
2020460973887,2020,460973887,2,9,0,3,3,1,5,0,0,0,0,0,0,0,2,1,5,6,1,36,7,1896,2,11,SEAT ALHAMBRA,1,E01000061,0,-1
2020420974772,2020,420974772,3,9,0,3,3,1,5,0,0,0,0,0,0,0,2,1,5,6,1,49,8,1896,2,15,SEAT ALHAMBRA,10,E01024724,0,-1
2020471009028,2020,471009028,1,9,0,18,19,4,8,0,0,0,0,0,0,0,1,1,6,6,1,73,10,1968,2,3,SEAT ALHAMBRA,9,E01031422,0,-1
2020430436679,2020,430436679,1,9,0,18,19,7,3,0,0,0,0,0,0,0,3,1,6,6,2,48,8,1968,2,3,SEAT ALHAMBRA,8,E01017731,0,-1
2020420941307,2020,420941307,1,9,0,4,4,7,3,0,0,1,0,0,0,0,0,1,5,6,2,43,7,1968,2,2,SEAT ALHAMBRA,3,E01021713,0,-1
2020100922336,2020,100922336,2,8,0,18,19,7,3,0,0,0,0,0,0,0,1,1,1,1,1,43,7,7,2,15,SEAT ALHAMBRA,-1,-1,0,-1
2020201009894,2020,201009894,3,8,0,3,3,6,2,0,0,0,0,0,0,0,2,1,6,6,1,-1,-1,1968,2,3,SEAT ALHAMBRA,-1,-1,0,-1
2020110964249,2020,110964249,2,9,0,9,9,4,2,0,0,8,0,0,0,0,3,1,5,6,1,39,7,1968,2,3,SEAT ALHAMBRA,4,E01020893,0,-1
2020200996581,2020,200996581,2,9,0,18,19,5,1,0,0,0,0,0,0,0,4,1,6,6,1,51,8,1968,2,1,SEAT ALHAMBRA,4,E01009236,0,-1
2020990970872,2020,990970872,1,9,0,18,19,7,3,0,0,2,0,0,0,0,1,1,5,6,2,30,6,1968,2,6,SEAT ALHAMBRA,3,-1,0,-1
2020320079362,2020,320079362,1,9,0,18,19,4,8,0,0,0,1,0,4,0,1,1,6,6,1,73,10,1968,2,2,SEAT ALHAMBRA,5,E01026052,0,-1
2020010231353,2020,010231353,1,8,0,18,19,1,5,0,0,8,0,0,0,0,3,1,1,1,1,47,8,1968,2,4,SEAT ALHAMBRA,2,E01002638,0,-1
2020340S08722,2020,340S08722,2,9,0,18,19,7,5,0,0,8,0,0,0,0,1,1,6,6,2,47,8,1968,2,4,SEAT ALHAMBRA,10,E01027300,0,-1
2020010267897,2020,010267897,3,9,0,4,4,1,5,0,0,0,0,0,0,0,2,1,6,6,1,38,7,1968,2,9,SEAT ALHAMBRA,1,E01033632,0,-1
2020460919182,2020,460919182,3,9,0,18,19,7,3,0,0,0,0,0,0,0,4,1,1,1,1,47,8,1968,2,4,SEAT ALHAMBRA,8,E01024351,0,-1
2020440363423,2020,440363423,1,9,0,18,19,7,3,0,0,1,0,0,0,0,1,1,6,6,1,74,10,1968,2,0,SEAT ALHAMBRA,9,E01032877,0,-1
2020460976270,2020,460976270,1,9,0,18,19,5,1,0,0,0,0,0,0,0,1,1,5,6,1,47,8,1968,2,9,SEAT ALHAMBRA,6,E01030843,0,-1
202063D067620,2020,63D067620,1,9,0,18,19,8,4,0,0,0,0,0,0,0,1,1,6,6,1,84,11,1968,2,9,SEAT ALHAMBRA,8,W01000443,0,-1
2020160967341,2020,160967341,1,9,0,5,5,5,1,0,0,6,0,4,0,0,4,1,5,6,2,69,10,1984,2,12,SEAT ALHAMBRA,8,E01013273,0,-1
2020450976634,2020,450976634,3,9,0,3,3,7,3,0,0,0,0,0,0,0,2,1,5,6,1,41,7,1968,2,8,SEAT ALHAMBRA,10,E01030523,0,-1
202031C021720,2020,31C021720,1,9,0,18,19,4,8,0,0,8,0,0,0,0,1,1,6,6,1,54,8,1968,2,13,SEAT ALHAMBRA,1,E01013813,0,-1
2020410940720,2020,410940720,2,9,0,2,2,0,0,0,0,0,0,0,0,0,2,1,6,6,1,46,8,1968,2,3,SEAT ALHAMBRA,5,E01023791,0,-1
2020470928739,2020,470928739,1,9,0,18,19,6,2,0,0,0,0,0,0,0,1,1,1,1,1,47,8,1968,2,5,SEAT ALHAMBRA,3,E01031548,0,-1
2020500967745,2020,500967745,1,9,0,5,5,1,5,0,0,1,0,0,0,0,1,1,6,6,1,58,9,1968,2,6,SEAT ALHAMBRA,5,E01018851,0,-1
2020350926389,2020,350926389,2,9,0,3,3,3,7,0,0,1,0,0,0,0,2,1,6,6,1,34,6,1896,2,16,SEAT ALHAMBRA,5,E01018212,0,-1
2020040974863,2020,040974863,1,9,0,9,9,7,4,0,0,1,0,0,0,0,1,1,2,2,1,39,7,1968,2,5,SEAT ALHAMBRA,1,E01024856,0,-1
2020010262901,2020,010262901,1,9,0,4,4,5,1,0,0,2,0,0,0,0,1,1,6,6,1,55,8,1896,2,16,SEAT ALHAMBRA,1,E01001781,0,-1
2020990926867,2020,990926867,2,8,0,18,19,3,7,0,0,1,0,0,0,0,1,1,1,1,1,34,6,1968,2,3,SEAT ALHAMBRA,5,-1,0,-1
2020010234009,2020,010234009,1,8,0,18,19,6,2,0,0,1,0,0,0,0,4,1,1,1,1,43,7,1968,2,2,SEAT ALHAMBRA,3,E01004563,0,-1
2020501015268,2020,501015268,1,9,0,16,19,1,8,0,0,0,0,0,0,0,1,1,3,7,2,45,7,1968,2,1,SEAT ALHAMBRA,3,E01020118,0,-1
2020010259833,2020,010259833,2,9,0,2,2,0,0,0,0,8,0,0,0,0,3,1,6,6,3,-1,-1,1968,2,4,SEAT ALHAMBRA,-1,-1,0,-1
2020010260917,2020,010260917,2,9,0,99,99,9,9,99,99,9,9,99,9,99,1,9,6,6,3,-1,-1,1984,2,14,SEAT ALHAMBRA,1,E01033602,0,-1
202006F276360,2020,06F276360,1,9,0,18,19,2,6,0,0,6,0,0,0,0,1,1,1,1,1,44,7,1968,2,7,SEAT ALHAMBRA,1,E01025183,0,-1
2020010244886,2020,010244886,2,9,9,99,99,9,9,99,99,0,9,99,9,99,9,9,6,6,3,-1,-1,1968,2,4,SEAT ALHAMBRA,7,E01000704,0,-1
20201378B2096,2020,1378B2096,2,8,0,18,19,6,2,0,0,0,0,0,0,0,2,1,6,6,1,47,8,1984,2,11,SEAT ALHAMBRA,1,E01010811,0,-1
2020450992856,2020,450992856,2,9,0,12,12,1,1,0,0,4,0,0,0,0,3,1,6,6,1,48,8,1968,2,6,SEAT ALHAMBRA,5,E01030787,0,-1
2020052001967,2020,052001967,2,8,0,6,6,1,1,0,0,8,0,0,0,0,1,1,1,1,1,46,8,1968,2,4,SEAT ALHAMBRA,4,E01006554,0,-1
2020052001759,2020,052001759,2,9,0,18,19,8,4,0,0,8,0,0,0,0,3,1,6,6,1,49,8,1968,2,1,SEAT ALHAMBRA,7,E01006689,0,-1
2020052000749,2020,052000749,1,9,0,18,19,5,1,0,0,0,0,0,0,0,1,1,6,6,1,44,7,1968,2,3,SEAT ALHAMBRA,1,E01007009,0,-1
2020010228468,2020,010228468,2,8,0,18,19,1,5,0,0,8,0,0,0,0,2,1,1,1,1,36,7,1968,2,4,SEAT ALHAMBRA,7,E01003396,0,-1
2020170S10890,2020,170S10890,1,9,0,1,1,1,5,0,0,0,0,0,0,0,2,1,6,6,1,-1,-1,1896,2,16,SEAT ALHAMBRA,-1,-1,0,-1
20201379K2146,2020,1379K2146,2,9,0,18,19,4,8,0,0,8,0,0,0,0,3,1,6,6,1,28,6,1968,2,5,SEAT ALHAMBRA,1,E01011657,0,-1
2020470925333,2020,470925333,2,9,0,18,19,5,1,0,0,0,0,0,0,0,1,1,5,6,2,45,7,1968,2,3,SEAT ALHAMBRA,7,E01031746,0,-1
202054B358320,2020,54B358320,1,9,0,5,5,5,1,0,0,0,0,0,0,0,1,1,6,6,1,52,8,1896,2,19,SEAT ALHAMBRA,6,E01015478,0,-1
2020010272783,2020,010272783,1,9,0,18,19,3,7,0,0,8,0,0,0,0,4,1,3,7,1,22,5,1968,2,4,SEAT ALHAMBRA,-1,-1,0,-1