collision_index,collision_year,collision_ref_no,vehicle_reference,vehicle_type,towing_and_articulation,vehicle_manoeuvre_historic,vehicle_manoeuvre,vehicle_direction_from,vehicle_direction_to,vehicle_location_restricted_lane_historic,vehicle_location_restricted_lane,junction_location,skidding_and_overturning,hit_object_in_carriageway,vehicle_leaving_carriageway,hit_object_off_carriageway,first_point_of_impact,vehicle_left_hand_drive,journey_purpose_of_driver_historic,journey_purpose_of_driver,sex_of_driver,age_of_driver,age_band_of_driver,engine_capacity_cc,propulsion_code,age_of_vehicle,generic_make_model,driver_imd_decile,lsoa_of_driver,escooter_flag,driver_distance_banding
2020500960484,2020,500960484,1,9,0,18,19,3,7,0,0,0,0,0,0,0,3,1,6,6,1,55,8,1984,2,11,SEAT ALHAMBRA,4,E01018760,0,-1
2020440362295,2020,440362295,1,4,0,13,13,4,8,0,0,8,0,0,0,0,4,1,2,2,1,30,6,248,1,2,-1,2,E01022913,0,-1
2020420951419,2020,420951419,1,4,0,16,19,1,3,0,0,0,5,0,0,0,3,1,5,6,1,32,6,487,1,27,SUZUKI Model Missing,3,E01015959,0,-1
2020070425931,2020,070425931,1,5,0,7,7,2,6,0,0,3,1,0,0,0,3,1,6,6,1,76,11,598,1,25,SUZUKI Model Missing,7,E01029545,0,-1
2020230936709,2020,230936709,1,5,0,4,4,2,6,0,0,1,0,0,0,0,1,1,5,6,1,70,10,1100,1,38,SUZUKI Model Missing,1,E01009622,0,-1
2020030960562,2020,030960562,1,5,0,17,19,1,5,0,0,0,0,0,0,0,3,1,6,6,1,38,7,644,1,24,SUZUKI Model Missing,2,E01019110,0,-1
2020160948407,2020,160948407,1,4,0,18,19,6,2,0,0,0,2,12,1,0,1,1,5,6,1,47,8,487,1,26,SUZUKI Model Missing,9,E01013304,0,-1
2020990977378,2020,990977378,1,3,0,5,5,7,3,0,0,0,0,0,0,0,3,1,5,6,1,55,8,1074,1,38,SUZUKI Model Missing,3,-1,0,-1
2020500945298,2020,500945298,1,4,0,18,19,5,1,0,0,1,0,0,0,0,4,1,6,6,1,-1,-1,249,1,25,SUZUKI Model Missing,5,E01018992,0,-1
202006K170995,2020,06K170995,2,4,0,18,19,2,6,0,0,0,0,0,1,10,1,1,6,6,1,36,7,449,1,12,SUZUKI Model Missing,4,E01004819,0,-1
2020461000077,2020,461000077,3,3,0,18,19,1,5,0,0,8,5,0,0,0,3,1,5,6,1,25,5,124,1,19,SUZUKI Model Missing,4,E01003077,0,-1
2020200970003,2020,200970003,1,5,0,4,4,8,4,0,0,8,0,0,0,0,1,1,6,6,1,46,8,1402,1,18,SUZUKI Model Missing,2,E01009982,0,-1
2020370943485,2020,370943485,2,5,0,18,19,7,2,0,0,0,0,0,0,0,1,1,5,6,1,40,7,996,1,21,SUZUKI Model Missing,3,E01029954,0,-1
20201378M0953,2020,1378M0953,1,3,0,7,7,7,2,0,0,3,0,0,0,0,4,1,6,6,2,26,6,124,1,11,SUZUKI Model Missing,8,E01011929,0,-1
2020547186420,2020,547186420,1,4,0,18,19,7,3,0,0,1,1,0,7,0,1,1,2,2,1,48,8,400,1,28,SUZUKI Model Missing,9,E01015525,0,-1
2020230991725,2020,230991725,2,4,0,18,19,8,3,0,0,8,0,0,0,0,1,1,5,6,1,32,6,450,1,-1,SUZUKI Model Missing,9,E01031184,0,-1
2020230957861,2020,230957861,2,5,0,3,3,7,3,0,0,1,0,0,0,0,2,1,5,6,1,63,9,738,1,42,SUZUKI Model Missing,8,E01031337,0,-1
2020170L10880,2020,170L10880,2,4,0,18,19,8,4,0,0,8,0,0,0,0,1,1,6,6,1,70,10,98,1,29,SUZUKI Model Missing,2,E01012134,0,-1
2020010246906,2020,010246906,1,3,0,18,19,6,2,0,0,0,1,0,0,0,0,1,6,6,1,34,6,125,1,7,SUZUKI Model Missing,-1,-1,0,-1
2020040954268,2020,040954268,1,5,0,17,19,3,7,0,0,0,0,0,1,9,1,1,5,6,1,55,8,1200,1,22,SUZUKI Model Missing,4,E01025556,0,-1
2020122000698,2020,122000698,1,5,0,9,9,7,3,0,0,0,1,0,1,9,1,1,6,6,1,56,9,1200,1,23,SUZUKI Model Missing,2,E01027852,0,-1
20201377Q0804,2020,1377Q0804,2,4,0,18,19,1,5,0,0,0,0,0,0,0,1,1,6,6,1,20,4,124,1,16,SUZUKI Model Missing,1,E01010868,0,-1
2020500969653,2020,500969653,1,5,0,18,19,7,3,0,0,0,0,0,7,0,1,1,6,6,1,40,7,600,1,23,SUZUKI Model Missing,5,E01018957,0,-1
2020040978774,2020,040978774,2,5,0,18,19,3,7,0,0,0,0,0,1,0,2,1,5,6,1,31,6,748,1,-1,SUZUKI Model Missing,1,E01012595,0,-1
202063C034120,2020,63C034120,2,4,0,13,13,2,6,0,0,1,1,0,7,10,1,1,6,6,1,51,8,747,1,31,SUZUKI Model Missing,2,W01000600,0,-1
2020460961392,2020,460961392,1,5,0,18,19,5,1,0,0,0,1,11,2,0,1,1,6,6,1,40,7,996,1,23,SUZUKI Model Missing,2,E01024477,0,-1
2020430185156,2020,430185156,2,5,0,10,10,5,3,0,0,5,0,0,0,0,3,1,6,6,1,31,6,1200,1,22,SUZUKI Model Missing,7,E01032677,0,-1
2020500984833,2020,500984833,2,90,0,18,19,3,7,0,0,0,0,0,1,0,2,1,1,1,1,20,4,246,1,0,-1,4,E01018952,0,-1
2020470971468,2020,470971468,1,5,0,13,13,6,2,0,0,0,0,0,0,0,1,1,2,2,1,60,9,750,1,27,SUZUKI Model Missing,3,E01031483,0,-1
2020500948683,2020,500948683,1,5,0,18,19,7,3,0,0,8,5,0,0,0,4,1,5,6,1,25,5,1157,1,23,SUZUKI Model Missing,4,E01020017,0,-1
2020520002598,2020,520002598,1,4,0,18,19,4,8,0,0,8,0,0,0,0,1,1,6,6,1,45,7,124,1,21,SUZUKI Model Missing,4,E01029196,0,-1
2020302000581,2020,302000581,1,4,0,18,19,7,3,0,0,0,0,0,0,0,1,1,6,6,1,40,7,1300,1,18,SUZUKI Model Missing,4,E01019516,0,-1
2020990932697,2020,990932697,1,17,0,16,19,1,4,0,0,0,5,0,7,0,1,1,1,1,1,18,4,-1,1,3,-1,4,-1,0,-1
2020500963189,2020,500963189,1,5,0,17,19,3,7,0,0,0,2,0,1,4,1,1,5,6,1,74,10,805,1,17,SUZUKI Model Missing,3,E01020067,0,-1
2020440063451,2020,440063451,1,5,0,13,13,7,3,0,0,8,0,0,7,11,1,1,6,6,1,22,5,599,1,27,SUZUKI Model Missing,4,E01017022,0,-1
2020220994504,2020,220994504,1,5,0,18,19,6,2,0,0,8,0,0,0,0,1,1,5,6,1,39,7,1157,1,24,SUZUKI Model Missing,-1,-1,0,-1
2020530995590,2020,530995590,1,97,0,17,19,3,7,0,0,8,0,0,0,0,2,1,6,6,1,66,10,1400,1,18,-1,7,E01022397,0,-1
2020010231320,2020,010231320,1,3,0,99,99,9,9,99,99,9,9,99,9,99,9,1,6,6,1,49,8,124,1,12,SUZUKI Model Missing,9,E01000199,0,-1
2020122100045,2020,122100045,1,3,0,18,19,5,6,0,0,1,1,0,0,0,3,1,2,2,1,21,5,673,1,38,SUZUKI Model Missing,5,E01027729,0,-1
2020070607442,2020,070607442,1,5,0,4,4,6,2,0,0,0,1,4,0,0,1,1,6,6,1,55,8,750,1,26,SUZUKI Model Missing,2,E01018551,0,-1
2020101000605,2020,101000605,1,5,0,18,19,1,5,0,0,1,0,0,0,0,1,1,6,6,1,-1,-1,599,1,24,SUZUKI Model Missing,-1,-1,0,-1
2020030958033,2020,030958033,1,5,0,16,19,2,5,0,0,0,2,0,0,0,1,1,5,6,1,26,6,599,1,24,SUZUKI Model Missing,1,E01020874,0,-1
2020010284500,2020,010284500,2,5,0,13,13,5,1,0,0,0,0,0,0,0,1,1,6,6,1,55,8,749,1,22,SUZUKI Model Missing,2,E01004003,0,-1
2020010249790,2020,010249790,2,5,0,18,19,5,1,0,0,8,0,0,0,0,1,1,6,6,1,27,6,599,1,11,SUZUKI Model Missing,4,E01004462,0,-1
2020370944643,2020,370944643,1,5,0,4,4,1,5,0,0,0,1,0,0,0,4,1,5,6,1,28,6,749,1,30,SUZUKI Model Missing,4,E01030251,0,-1
2020370997955,2020,370997955,1,3,0,16,19,7,2,0,0,1,1,0,0,0,1,1,5,6,1,35,6,124,1,27,SUZUKI Model Missing,6,E01030063,0,-1
2020220923678,2020,220923678,1,5,0,18,19,3,7,0,0,0,1,0,1,0,4,1,5,6,1,22,5,599,1,24,SUZUKI Model Missing,4,E01028958,0,-1
2020548125920,2020,548125920,1,3,0,11,11,6,3,0,0,1,0,0,0,0,1,1,6,6,1,19,4,124,1,15,SUZUKI Model Missing,7,E01015490,0,-1
2020302000639,2020,302000639,1,3,0,16,19,6,2,0,0,0,0,0,0,0,0,1,6,6,1,26,6,600,1,16,SUZUKI Model Missing,4,E01019417,0,-1
2020070735780,2020,070735780,1,3,0,17,19,4,8,0,0,0,1,0,0,0,4,1,6,6,1,55,8,124,1,11,SUZUKI Model Missing,3,E01007180,0,-1
2020430094282,2020,430094282,2,3,0,13,13,4,8,0,0,0,0,0,0,0,1,1,6,6,1,38,7,124,1,28,SUZUKI Model Missing,7,E01028474,0,-1
202063D023920,2020,63D023920,1,5,0,13,13,2,7,0,0,0,1,0,1,4,1,1,6,6,1,54,8,750,1,22,SUZUKI Model Missing,4,W01001440,0,-1
2020460971808,2020,460971808,1,5,0,18,19,5,1,0,0,1,0,0,0,0,1,1,6,6,3,-1,-1,599,1,21,SUZUKI Model Missing,-1,-1,0,-1
2020370988953,2020,370988953,2,3,0,18,19,5,1,0,0,8,0,0,0,0,1,1,6,6,1,18,4,124,1,38,SUZUKI Model Missing,4,E01030201,0,-1
2020220957729,2020,220957729,1,5,0,17,19,8,5,0,0,0,0,0,1,0,1,1,5,6,1,56,9,779,1,22,SUZUKI Model Missing,6,E01028885,0,-1
202063C014620,2020,63C014620,2,5,0,9,9,4,1,0,0,1,0,0,0,0,3,1,6,6,1,26,6,599,1,23,SUZUKI Model Missing,6,W01000720,0,-1
2020500985537,2020,500985537,1,4,0,18,19,3,7,0,0,0,1,0,0,0,1,1,6,6,1,32,6,487,1,26,SUZUKI Model Missing,2,E01019055,0,-1
2020460978145,2020,460978145,1,97,0,4,4,2,4,0,0,1,2,0,0,0,4,1,5,6,1,65,9,1398,1,24,-1,5,E01000375,0,-1
2020320271635,2020,320271635,1,4,0,18,19,1,5,9,9,0,0,0,0,4,1,1,6,6,1,79,11,487,1,25,SUZUKI Model Missing,3,E01026110,0,-1
2020470916593,2020,470916593,2,4,0,18,19,1,5,0,0,8,0,0,0,0,1,1,5,6,1,24,5,249,1,31,SUZUKI Model Missing,1,E01016915,0,-1
2020460959950,2020,460959950,1,5,0,18,19,1,5,0,0,8,5,0,0,0,1,1,6,6,1,32,6,600,1,23,SUZUKI Model Missing,5,E01024427,0,-1
2020040980385,2020,040980385,1,5,0,17,19,5,1,0,0,0,0,0,1,0,4,1,6,6,1,32,6,1157,1,21,SUZUKI Model Missing,3,E01012750,0,-1
2020220971779,2020,220971779,1,5,0,18,19,1,5,0,0,0,1,0,0,0,3,1,6,6,1,56,9,1052,1,33,SUZUKI Model Missing,7,E01028915,0,-1
2020622000871,2020,622000871,2,4,0,18,19,7,5,0,0,8,0,0,0,0,4,1,6,6,1,64,9,249,1,39,SUZUKI Model Missing,2,W01001810,0,-1
2020211010604,2020,211010604,1,5,0,18,19,1,6,0,0,0,0,0,0,0,1,1,6,6,1,68,10,750,1,32,SUZUKI Model Missing,6,E01029482,0,-1
2020200956893,2020,200956893,1,5,0,18,19,4,8,0,0,8,2,0,0,0,1,1,6,6,1,20,4,599,1,23,SUZUKI Model Missing,-1,-1,0,-1
2020122000650,2020,122000650,1,4,0,18,19,5,2,0,0,8,0,0,1,2,1,1,6,6,1,60,9,-1,-1,-1,SUZUKI Model Missing,2,E01011805,0,-1
2020350952723,2020,350952723,1,5,0,17,19,7,3,0,0,1,0,7,1,0,1,1,5,6,1,32,6,849,1,41,SUZUKI Model Missing,3,E01027124,0,-1
2020122000639,2020,122000639,1,4,0,18,19,1,5,0,0,1,0,10,0,0,4,1,6,6,1,35,6,600,1,-1,SUZUKI Model Missing,9,E01027632,0,-1
2020161003882,2020,161003882,2,5,0,18,19,1,5,0,0,3,5,0,0,0,4,1,2,2,1,42,7,599,1,25,SUZUKI Model Missing,1,E01013208,0,-1
2020010281664,2020,010281664,1,5,0,17,19,2,6,0,0,1,2,4,0,0,4,1,6,6,1,30,6,600,1,13,SUZUKI Model Missing,2,E01001761,0,-1
2020070286649,2020,070286649,1,5,0,18,19,5,1,0,0,8,0,0,3,11,1,1,6,6,1,27,6,805,1,30,SUZUKI Model Missing,-1,-1,0,-1
2020990954294,2020,990954294,1,2,0,7,7,6,7,0,0,1,2,0,7,0,3,1,5,6,1,53,8,1000,1,23,-1,5,-1,0,-1
202063A050720,2020,63A050720,1,4,0,17,19,4,1,0,0,1,0,0,3,10,1,1,6,6,1,57,9,196,1,39,SUZUKI Model Missing,8,W01000663,0,-1
2020990954926,2020,990954926,1,90,0,9,9,1,8,0,0,8,0,0,0,0,1,1,1,1,1,52,8,376,1,2,-1,5,-1,0,-1
2020440485624,2020,440485624,2,5,0,15,15,5,1,0,0,1,0,0,1,0,1,1,2,2,1,34,6,600,1,18,SUZUKI Model Missing,1,E01022311,0,-1
2020440290232,2020,440290232,1,5,0,18,19,6,2,0,0,0,0,0,0,0,1,1,6,6,1,52,8,600,1,20,SUZUKI Model Missing,9,E01023076,0,-1
2020230970045,2020,230970045,1,90,0,2,2,0,0,0,0,0,5,0,0,0,1,1,5,6,1,25,5,722,1,10,-1,-1,-1,0,-1
2020460966008,2020,460966008,1,5,0,18,19,7,3,0,0,0,0,10,7,1,1,1,6,6,2,38,7,645,1,20,SUZUKI Model Missing,3,E01004562,0,-1
2020052000832,2020,052000832,1,5,0,16,19,3,7,0,0,1,1,0,7,11,3,1,6,6,1,26,6,1127,1,29,SUZUKI Model Missing,9,E01007280,0,-1
2020302000191,2020,302000191,1,5,0,18,19,4,8,0,0,8,1,0,1,0,1,1,6,6,1,20,4,1200,1,20,SUZUKI Model Missing,6,E01028074,0,-1
2020460946594,2020,460946594,1,90,0,18,19,3,7,0,0,1,2,0,7,0,1,1,5,6,1,25,5,400,1,13,-1,4,E01024624,0,-1
2020622000928,2020,622000928,2,9,0,2,2,0,0,0,0,0,0,0,0,0,3,1,6,6,3,-1,-1,1242,1,5,SUZUKI SWIFT,-1,-1,0,-1
2020220940336,2020,220940336,1,9,0,17,19,6,3,0,0,0,0,0,7,3,1,1,5,6,2,24,5,1328,1,11,SUZUKI SWIFT,9,E01014039,0,-1
2020460929130,2020,460929130,1,9,0,9,9,1,5,0,0,1,0,0,7,0,1,1,5,6,2,18,4,1242,1,9,SUZUKI SWIFT,5,E01024601,0,-1
2020140967649,2020,140967649,3,9,0,9,9,4,2,0,0,1,0,0,0,0,2,1,5,6,1,23,5,1328,1,11,SUZUKI SWIFT,5,E01007909,0,-1
2020200940927,2020,200940927,1,9,0,7,7,2,4,0,0,0,0,0,0,0,1,1,6,6,1,58,9,1242,1,9,SUZUKI SWIFT,1,E01010410,0,-1
2020137B40682,2020,137B40682,2,9,0,18,19,8,4,0,0,8,0,0,0,0,3,1,2,2,1,60,9,1242,8,0,SUZUKI SWIFT,3,E01011240,0,-1
2020460988428,2020,460988428,2,9,0,9,9,5,1,0,0,0,0,0,0,0,3,1,6,6,2,44,7,1242,1,1,SUZUKI SWIFT,1,E01024590,0,-1
2020140962106,2020,140962106,1,9,0,16,19,1,5,0,0,1,0,0,7,10,1,1,5,6,1,20,4,1328,1,10,SUZUKI SWIFT,3,E01007807,0,-1
2020470985506,2020,470985506,2,9,0,11,11,4,2,0,0,8,1,0,1,3,1,1,2,2,2,29,6,1490,1,13,SUZUKI SWIFT,3,E01031559,0,-1
2020460976415,2020,460976415,1,9,0,4,4,6,4,0,0,0,0,0,0,0,1,1,5,6,2,39,7,1242,1,1,SUZUKI SWIFT,4,E01001609,0,-1
202006G268268,2020,06G268268,1,9,0,9,9,3,8,0,0,8,0,0,0,0,1,1,6,6,2,32,6,1242,1,7,SUZUKI SWIFT,3,E01005937,0,-1
2020100969730,2020,100969730,3,9,0,2,2,7,3,0,0,0,0,0,0,0,0,1,6,6,1,28,6,1490,1,12,SUZUKI SWIFT,3,E01008636,0,-1
2020522003529,2020,522003529,2,9,0,18,19,1,5,0,0,5,0,0,0,0,3,1,6,6,3,-1,-1,1328,1,11,SUZUKI SWIFT,-1,-1,0,-1
2020010258916,2020,010258916,2,9,0,7,7,7,1,0,0,1,0,0,0,0,3,1,6,6,2,48,8,1242,1,3,SUZUKI SWIFT,2,E01001940,0,-1
2020010262184,2020,010262184,1,9,0,99,99,9,9,99,99,9,9,99,9,99,9,9,6,6,1,50,8,1490,1,12,SUZUKI SWIFT,8,E01028119,0,-1
2020430268068,2020,430268068,2,9,0,7,7,1,3,0,0,2,0,0,0,0,2,1,1,1,2,34,6,1586,1,6,SUZUKI SWIFT,5,E01028605,0,-1
2020320494632,2020,320494632,3,9,0,18,19,2,6,0,0,0,0,0,0,0,2,1,6,6,1,21,5,1373,1,1,SUZUKI SWIFT,8,E01026013,0,-1
2020201017186,2020,201017186,1,9,0,9,9,8,6,0,0,5,1,10,0,0,1,1,6,6,3,-1,-1,1490,1,13,SUZUKI SWIFT,-1,-1,0,-1
2020440012868,2020,440012868,2,9,0,9,9,5,3,0,0,8,0,0,0,0,3,1,6,6,2,28,6,1490,1,11,SUZUKI SWIFT,3,E01017127,0,-1
202006L171720,2020,06L171720,1,9,0,18,19,5,1,0,0,0,0,0,0,0,1,1,6,6,1,17,4,1328,1,11,SUZUKI SWIFT,3,E01006286,0,-1
2020030968106,2020,030968106,1,9,0,17,19,7,3,0,0,0,5,0,2,10,1,1,6,6,1,26,6,1242,1,4,SUZUKI SWIFT,1,E01006360,0,-1
2020622000862,2020,622000862,8,9,0,2,2,0,0,0,0,0,0,0,0,0,3,1,6,6,3,-1,-1,1490,1,13,SUZUKI SWIFT,-1,-1,0,-1
2020440121360,2020,440121360,2,9,0,18,19,2,6,0,0,0,0,0,0,0,1,1,6,6,1,-1,-1,1586,1,4,SUZUKI SWIFT,10,E01023160,0,-1
20201377C1484,2020,1377C1484,2,9,0,18,19,6,2,0,0,8,0,0,0,0,1,1,1,1,1,28,6,1328,1,14,SUZUKI SWIFT,2,E01011359,0,-1
202031D054420,2020,31D054420,1,9,0,18,19,7,3,0,0,0,5,10,1,9,1,1,2,2,2,29,6,1328,1,11,SUZUKI SWIFT,8,E01028375,0,-1
2020610003420,2020,610003420,2,9,0,18,19,7,3,0,0,0,1,0,0,0,1,1,6,6,2,18,4,1328,1,10,SUZUKI SWIFT,8,W01001654,0,-1
2020440191187,2020,440191187,2,9,0,16,19,3,7,0,0,0,0,0,0,0,1,1,2,2,2,45,7,1328,1,10,SUZUKI SWIFT,5,E01017283,0,-1
2020420980370,2020,420980370,3,9,0,18,19,5,1,0,0,0,0,0,0,0,2,1,6,6,1,26,6,1373,1,1,SUZUKI SWIFT,9,E01018029,0,-1
2020440128156,2020,440128156,2,9,0,18,19,1,5,0,0,8,0,0,0,0,4,1,6,6,3,-1,-1,998,1,3,SUZUKI SWIFT,-1,-1,0,-1
202031A072920,2020,31A072920,1,9,0,18,19,6,2,0,0,4,0,7,7,1,1,1,2,2,1,20,4,1242,1,7,SUZUKI SWIFT,9,E01028241,0,-1
2020122000700,2020,122000700,1,9,0,17,19,1,5,0,0,0,1,0,1,11,1,1,6,6,2,86,11,1490,1,13,SUZUKI SWIFT,2,E01011502,0,-1
2020470992414,2020,470992414,1,9,0,12,12,3,7,0,0,0,5,0,1,9,4,1,1,1,1,19,4,1242,1,4,SUZUKI SWIFT,10,E01021132,0,-1
2020010228649,2020,010228649,1,9,0,99,99,9,9,99,99,9,9,99,9,99,2,9,2,2,2,35,6,1242,1,4,SUZUKI SWIFT,4,E01033572,0,-1
2020420985831,2020,420985831,2,9,0,5,5,5,1,0,0,0,0,0,0,0,1,1,2,2,1,19,4,1586,1,4,SUZUKI SWIFT,-1,-1,0,-1
2020122000438,2020,122000438,1,9,0,18,19,8,5,0,0,0,2,0,1,11,4,1,6,6,1,22,5,1242,1,8,SUZUKI SWIFT,5,E01010603,0,-1
2020040996853,2020,040996853,2,9,0,18,19,4,8,0,0,8,0,0,0,0,4,1,6,6,2,27,6,1490,1,13,SUZUKI SWIFT,1,E01025186,0,-1
2020522002827,2020,522002827,2,9,0,18,19,5,1,0,0,1,0,0,4,6,3,1,6,6,1,18,4,998,1,1,SUZUKI SWIFT,10,E01014864,0,-1
2020122001218,2020,122001218,1,9,0,18,19,7,3,0,0,0,0,0,7,4,1,1,2,2,2,18,4,1242,1,6,SUZUKI SWIFT,6,E01027734,0,-1
2020070559425,2020,070559425,1,9,0,9,9,5,3,0,0,8,0,0,0,0,4,1,6,6,2,18,4,1242,1,8,SUZUKI SWIFT,10,E01033375,0,-1
2020470920087,2020,470920087,1,9,0,5,5,4,7,0,0,4,0,0,0,0,3,2,2,2,2,23,5,1586,1,13,SUZUKI SWIFT,6,E01031661,0,-1
202063A081520,2020,63A081520,2,9,0,17,19,7,4,0,0,8,1,0,7,10,1,1,6,6,2,17,4,1328,1,12,SUZUKI SWIFT,8,W01000694,0,-1
2020401008042,2020,401008042,3,9,0,4,4,5,1,0,0,0,0,0,0,0,2,1,6,6,2,25,5,998,1,1,SUZUKI SWIFT,6,E01018169,0,-1
2020520103337,2020,520103337,2,9,0,18,19,7,3,0,0,0,0,0,0,0,1,1,6,6,1,28,6,1328,1,11,SUZUKI SWIFT,5,E01029051,0,-1
2020340E08442,2020,340E08442,2,9,0,18,19,1,5,0,0,8,0,0,0,0,3,1,6,6,2,73,10,1298,1,20,SUZUKI SWIFT,9,E01018201,0,-1
2020522100408,2020,522100408,2,9,0,4,4,5,1,0,0,0,0,0,0,0,2,1,6,6,1,19,4,1242,1,4,SUZUKI SWIFT,1,E01014594,0,-1
2020990992662,2020,990992662,1,9,0,18,19,6,3,0,0,2,0,0,0,0,1,1,5,6,2,49,8,1490,1,13,SUZUKI SWIFT,2,-1,0,-1
2020170L20190,2020,170L20190,2,9,0,9,9,4,2,0,0,2,0,0,0,0,1,1,6,6,2,41,7,1242,1,1,SUZUKI SWIFT,9,E01027618,0,-1
2020030965743,2020,030965743,1,9,0,9,9,7,3,0,0,6,0,0,0,0,3,1,1,1,2,27,6,1328,1,11,SUZUKI SWIFT,4,E01019218,0,-1
2020990973552,2020,990973552,2,9,0,4,4,4,7,0,0,1,0,0,0,0,2,1,5,6,2,55,8,1242,1,5,SUZUKI SWIFT,4,-1,0,-1
2020010267291,2020,010267291,2,9,0,99,99,9,9,99,99,4,9,99,9,99,3,9,6,6,3,53,8,1242,1,9,SUZUKI SWIFT,3,E01003549,0,-1
2020370972276,2020,370972276,4,9,0,4,4,5,3,0,0,0,0,0,0,0,2,1,5,6,1,49,8,1242,1,2,SUZUKI SWIFT,9,E01030149,0,-1
2020420966400,2020,420966400,1,9,0,10,10,7,5,0,0,1,0,0,0,0,1,1,6,6,2,19,4,1242,1,5,SUZUKI SWIFT,3,E01021889,0,-1
202006F171929,2020,06F171929,2,9,0,18,19,4,8,0,0,1,0,0,0,0,1,1,6,6,1,30,6,1490,1,13,SUZUKI SWIFT,-1,-1,0,-1
2020522100956,2020,522100956,2,9,0,9,9,5,3,0,0,5,0,0,0,0,1,1,6,6,1,53,8,1248,2,8,SUZUKI SWIFT,8,E01022387,0,-1
2020520004231,2020,520004231,2,9,0,18,19,1,5,0,0,8,0,0,0,0,3,1,6,6,2,30,6,1242,1,1,SUZUKI SWIFT,8,E01024451,0,-1
2020522100310,2020,522100310,1,9,0,6,6,8,8,0,0,1,0,0,0,0,3,1,6,6,2,26,6,1328,1,14,SUZUKI SWIFT,3,E01014572,0,-1
202031D043320,2020,31D043320,1,9,0,7,7,1,3,0,0,2,0,0,0,0,1,1,2,2,1,52,8,998,1,2,SUZUKI SWIFT,5,E01028126,0,-1
2020440099002,2020,440099002,1,9,0,18,19,8,4,0,0,1,0,0,0,0,1,1,6,6,1,23,5,1242,1,4,SUZUKI SWIFT,9,E01031878,0,-1
2020360983629,2020,360983629,2,9,0,18,19,8,4,0,0,2,0,0,0,0,1,1,5,6,2,46,8,1242,1,8,SUZUKI SWIFT,6,E01026842,0,-1
2020211031679,2020,211031679,1,9,0,18,19,8,4,0,0,0,5,0,7,0,1,1,6,6,2,22,5,1328,1,14,SUZUKI SWIFT,7,E01029746,0,-1
2020440264553,2020,440264553,1,9,0,9,9,5,3,0,0,8,0,0,0,0,1,1,6,6,2,46,8,1490,1,14,SUZUKI SWIFT,6,E01022941,0,-1
2020302000469,2020,302000469,1,9,0,4,4,8,6,0,0,0,0,0,0,0,2,1,1,1,1,20,4,998,1,2,SUZUKI SWIFT,-1,-1,0,-1
2020420923873,2020,420923873,2,9,0,18,19,1,6,0,0,0,0,0,0,0,2,1,5,6,2,17,4,1490,1,15,SUZUKI SWIFT,7,E01021695,0,-1
2020320640256,2020,320640256,1,9,0,17,19,7,3,0,0,0,1,0,0,0,1,1,6,6,1,19,4,1242,1,6,SUZUKI SWIFT,4,E01026183,0,-1
2020410944106,2020,410944106,2,9,0,18,19,5,1,0,0,0,0,0,0,0,1,1,2,2,1,32,6,1242,1,5,SUZUKI SWIFT,4,E01002018,0,-1
2020990989631,2020,990989631,2,9,0,18,19,3,7,0,0,8,0,0,0,0,1,1,1,1,1,20,4,1242,1,7,SUZUKI SWIFT,3,-1,0,-1
2020010276643,2020,010276643,1,9,0,1,1,7,3,0,0,1,0,0,0,0,2,1,6,6,1,51,8,1328,1,11,SUZUKI SWIFT,2,E01003540,0,-1
2020010280739,2020,010280739,2,9,0,13,13,5,1,0,0,1,0,0,0,0,3,1,6,6,2,35,6,1242,1,10,SUZUKI SWIFT,4,E01004565,0,-1
2020010271490,2020,010271490,1,9,0,5,5,0,1,0,0,5,0,0,0,0,0,1,6,6,2,60,9,1242,1,4,SUZUKI SWIFT,7,E01021752,0,-1
2020410945375,2020,410945375,1,9,0,16,19,1,3,0,0,0,0,0,0,0,1,1,5,6,1,17,4,1490,1,15,SUZUKI SWIFT,4,E01023738,0,-1
2020371016219,2020,371016219,1,9,0,18,19,4,8,0,0,0,0,0,0,0,1,1,5,6,1,72,10,1328,1,12,SUZUKI SWIFT,3,E01010794,0,-1
2020070775707,2020,070775707,2,9,0,11,11,3,7,0,0,0,0,7,0,0,3,1,6,6,2,29,6,1490,1,11,SUZUKI SWIFT,6,E01018331,0,-1
2020461011007,2020,461011007,2,9,0,3,3,3,7,0,0,0,0,0,0,0,2,1,6,6,2,40,7,1490,1,14,SUZUKI SWIFT,2,E01016117,0,-1