collision_index,collision_year,collision_ref_no,vehicle_reference,vehicle_type,towing_and_articulation,vehicle_manoeuvre_historic,vehicle_manoeuvre,vehicle_direction_from,vehicle_direction_to,vehicle_location_restricted_lane_historic,vehicle_location_restricted_lane,junction_location,skidding_and_overturning,hit_object_in_carriageway,vehicle_leaving_carriageway,hit_object_off_carriageway,first_point_of_impact,vehicle_left_hand_drive,journey_purpose_of_driver_historic,journey_purpose_of_driver,sex_of_driver,age_of_driver,age_band_of_driver,engine_capacity_cc,propulsion_code,age_of_vehicle,generic_make_model,driver_imd_decile,lsoa_of_driver,escooter_flag,driver_distance_banding
2020010262830,2020,010262830,1,9,0,99,99,9,9,99,99,2,9,99,9,99,2,9,6,6,2,26,6,1490,1,15,SUZUKI SWIFT,2,E01000076,0,-1
2020010273736,2020,010273736,1,9,0,1,1,1,5,0,0,0,0,0,0,0,2,1,3,7,1,36,7,1586,1,5,SUZUKI SWIFT,5,E01033573,0,-1
2020070514337,2020,070514337,1,9,0,18,19,6,2,0,0,0,0,0,1,7,1,1,6,6,1,46,8,1242,1,3,SUZUKI SWIFT,6,E01006818,0,-1
2020544315420,2020,544315420,2,9,0,18,19,6,2,0,0,0,0,0,0,0,2,1,6,6,2,47,8,1242,1,6,SUZUKI SWIFT,-1,-1,0,-1
2020110917872,2020,110917872,1,9,0,18,19,3,7,0,0,0,1,0,1,4,4,1,2,2,2,26,6,1586,1,12,SUZUKI SWIFT,1,E01008714,0,-1
2020040955727,2020,040955727,1,9,0,9,9,1,3,0,0,4,0,0,1,1,2,1,5,6,2,54,8,1373,1,2,SUZUKI SWIFT,9,E01024970,0,-1
2020360995968,2020,360995968,1,9,0,17,19,3,7,0,0,0,2,0,0,0,3,1,2,2,2,22,5,1242,1,4,SUZUKI SWIFT,4,E01026733,0,-1
2020460997891,2020,460997891,1,9,0,4,4,3,7,0,0,1,0,0,0,0,1,1,5,6,2,46,8,1490,1,10,SUZUKI SWIFT,6,E01024303,0,-1
2020122000460,2020,122000460,2,9,0,3,3,6,2,0,0,0,0,0,0,0,2,1,6,6,2,46,8,1490,1,11,SUZUKI SWIFT,7,E01027788,0,-1
2020201021694,2020,201021694,1,9,0,18,19,8,4,0,0,1,0,0,0,0,1,1,2,2,1,43,7,1242,1,5,SUZUKI SWIFT,1,E01009094,0,-1
2020440273403,2020,440273403,1,9,0,10,10,3,1,0,0,1,0,0,0,0,2,1,6,6,2,44,7,1242,1,7,SUZUKI SWIFT,10,E01032870,0,-1
2020140954067,2020,140954067,1,9,0,18,19,3,7,0,0,0,0,0,7,0,2,1,6,6,2,46,8,1242,1,8,SUZUKI SWIFT,9,E01019795,0,-1
202006J167843,2020,06J167843,1,9,0,9,9,3,2,0,0,8,0,0,0,0,1,1,6,6,2,39,7,1242,1,6,SUZUKI SWIFT,1,E01005756,0,-1
2020520004586,2020,520004586,1,9,0,18,19,7,3,0,0,0,1,0,0,0,1,1,6,6,1,22,5,1586,1,12,SUZUKI SWIFT,8,E01029035,0,-1
2020030927403,2020,030927403,1,9,0,18,19,1,5,0,0,0,0,0,4,1,4,1,5,6,2,55,8,1242,1,4,SUZUKI SWIFT,2,E01019109,0,-1
2020041000079,2020,041000079,1,9,0,9,9,5,1,0,0,0,0,0,0,0,1,1,2,2,2,30,6,1328,1,10,SUZUKI SWIFT,5,E01019392,0,-1
2020500944514,2020,500944514,1,9,0,18,19,2,6,0,0,0,2,0,4,6,1,1,4,7,2,18,4,1248,2,12,SUZUKI SWIFT,7,E01020219,0,-1
2020440469291,2020,440469291,1,9,0,18,19,7,3,0,0,8,0,0,0,0,1,1,6,6,2,37,7,1490,1,13,SUZUKI SWIFT,5,E01017222,0,-1
2020471000425,2020,471000425,1,9,0,5,5,1,5,0,0,6,0,0,0,0,1,1,5,6,2,50,8,1328,1,11,SUZUKI SWIFT,10,E01031744,0,-1
2020137C61022,2020,137C61022,1,9,0,18,19,5,1,0,0,0,0,0,8,6,1,1,6,6,2,25,5,1242,1,6,SUZUKI SWIFT,8,E01008864,0,-1
2020460962071,2020,460962071,1,9,0,18,19,4,8,0,0,0,5,6,7,4,1,1,5,6,1,19,4,1490,1,14,SUZUKI SWIFT,-1,-1,0,-1
2020520002558,2020,520002558,1,9,0,18,19,2,6,0,0,0,0,0,0,0,1,1,6,6,1,20,4,1328,1,12,SUZUKI SWIFT,10,E01029168,0,-1
202031B177220,2020,31B177220,1,9,0,9,9,5,4,0,0,6,0,0,0,0,3,1,6,6,1,18,4,1328,1,13,SUZUKI SWIFT,3,E01028019,0,-1
2020200959254,2020,200959254,2,9,0,4,4,4,8,0,0,1,0,0,0,0,1,1,1,1,2,24,5,1242,1,4,SUZUKI SWIFT,1,E01009074,0,-1
20201378F0999,2020,1378F0999,1,9,0,18,19,6,2,0,0,8,0,0,0,0,4,1,6,6,2,21,5,1328,1,12,SUZUKI SWIFT,7,E01011127,0,-1
2020200942404,2020,200942404,2,9,0,9,9,6,4,0,0,5,0,0,0,0,4,1,2,2,2,31,6,1328,1,9,SUZUKI SWIFT,5,E01010554,0,-1
2020440014706,2020,440014706,1,9,0,4,4,3,7,0,0,1,0,0,0,0,1,1,6,6,1,31,6,1490,1,14,SUZUKI SWIFT,2,E01017116,0,-1
2020470923167,2020,470923167,2,9,0,3,3,3,7,0,0,0,0,0,6,0,2,1,5,6,2,31,6,1242,1,1,SUZUKI SWIFT,8,E01032835,0,-1
2020450956958,2020,450956958,1,9,0,18,19,5,1,0,0,0,0,0,0,0,1,1,1,1,1,33,6,1328,1,12,SUZUKI SWIFT,8,E01030452,0,-1
2020010251038,2020,010251038,2,9,9,99,99,9,9,99,99,9,9,99,9,99,9,9,6,6,3,-1,-1,1248,2,11,SUZUKI SWIFT,-1,-1,0,-1
2020430110896,2020,430110896,1,9,0,18,19,3,7,0,0,1,2,10,7,4,4,1,6,6,2,30,6,1242,1,6,SUZUKI SWIFT,7,E01016820,0,-1
2020010279752,2020,010279752,1,9,0,5,5,3,7,0,0,2,0,0,0,0,1,1,1,1,2,26,6,1242,1,4,SUZUKI SWIFT,5,E01004601,0,-1
2020010228349,2020,010228349,1,9,0,7,7,1,3,0,0,3,0,0,0,0,3,1,6,6,2,20,4,1490,1,15,SUZUKI SWIFT,4,E01003452,0,-1
2020549079520,2020,549079520,1,9,0,9,9,7,3,0,0,1,0,0,0,0,1,1,6,6,1,33,6,1586,1,7,SUZUKI SWIFT,10,E01031934,0,-1
202006G271323,2020,06G271323,2,9,0,18,19,6,2,0,0,8,0,0,0,0,1,1,6,6,2,51,8,1328,1,11,SUZUKI SWIFT,2,E01006069,0,-1
2020471011319,2020,471011319,1,9,0,18,19,4,8,0,0,1,0,0,0,0,1,1,6,6,2,-1,-1,1586,1,14,SUZUKI SWIFT,7,E01031782,0,-1
2020230975166,2020,230975166,1,9,0,6,6,2,2,0,0,8,0,0,0,0,3,1,5,6,1,43,7,1586,1,7,SUZUKI SWIFT,5,E01009616,0,-1
2020460963339,2020,460963339,2,9,0,18,19,6,2,0,0,0,0,0,0,0,4,1,5,6,2,22,5,1242,1,4,SUZUKI SWIFT,7,E01024727,0,-1
2020030991961,2020,030991961,2,9,0,4,4,3,7,0,0,0,0,0,0,0,2,1,6,6,1,55,8,1242,1,8,SUZUKI SWIFT,9,E01019124,0,-1
2020520101398,2020,520101398,1,9,0,5,5,4,8,0,0,8,0,0,0,0,1,1,6,6,2,49,8,1248,2,8,SUZUKI SWIFT,4,E01020496,0,-1
2020040990040,2020,040990040,1,9,0,7,7,7,1,0,0,6,0,0,0,0,3,1,5,6,1,79,11,1490,1,13,SUZUKI SWIFT,1,E01025584,0,-1
2020221027374,2020,221027374,1,9,0,4,4,6,2,0,0,2,0,0,0,0,1,1,6,6,2,26,6,1328,1,14,SUZUKI SWIFT,5,E01028989,0,-1
2020010255710,2020,010255710,1,9,0,7,7,8,1,0,0,1,0,0,0,0,4,1,6,6,2,24,5,1242,8,0,SUZUKI SWIFT,8,E01000253,0,-1
2020100940099,2020,100940099,1,9,0,5,5,3,7,0,0,3,0,0,0,0,1,1,5,6,2,21,5,1328,1,13,SUZUKI SWIFT,5,E01008835,0,-1
2020500932768,2020,500932768,1,9,0,9,9,5,3,0,0,4,0,0,0,0,4,1,1,1,2,30,6,1242,1,1,SUZUKI SWIFT,3,E01015204,0,-1
2020052000613,2020,052000613,1,9,0,16,19,7,3,0,0,0,1,0,7,2,1,1,6,6,1,17,4,1242,1,1,SUZUKI SWIFT,1,E01006732,0,-1
2020500981259,2020,500981259,2,9,0,3,3,1,5,0,0,0,0,0,0,0,2,1,5,6,2,21,5,1242,1,7,SUZUKI SWIFT,5,E01020299,0,-1
2020220955009,2020,220955009,1,9,0,17,19,7,6,0,0,0,0,0,0,0,3,1,2,2,2,49,8,1242,1,6,SUZUKI SWIFT,6,E01032213,0,-1
2020410994208,2020,410994208,2,9,0,18,19,1,5,0,0,1,0,0,0,0,1,1,6,6,2,53,8,1197,8,0,SUZUKI SWIFT,9,E01023917,0,-1
2020010254524,2020,010254524,2,9,0,18,19,5,1,0,0,1,0,0,0,0,1,9,1,1,2,48,8,1490,1,14,SUZUKI SWIFT,2,E01003197,0,-1
2020410951485,2020,410951485,3,9,0,18,19,3,1,0,0,1,0,0,0,0,1,1,5,6,1,75,10,998,8,1,SUZUKI SWIFT,10,E01023909,0,-1
2020990961060,2020,990961060,1,9,0,18,19,7,3,0,0,0,0,0,0,0,1,1,1,1,1,20,4,1242,1,3,SUZUKI SWIFT,3,-1,0,-1
2020200965258,2020,200965258,1,9,0,10,10,5,2,0,0,8,0,0,0,0,4,1,6,6,2,49,8,998,8,2,SUZUKI SWIFT,4,E01009522,0,-1
2020160979747,2020,160979747,1,9,0,17,19,2,6,0,0,1,2,0,1,9,1,1,6,6,1,39,7,1328,1,13,SUZUKI SWIFT,9,E01013025,0,-1
2020420916338,2020,420916338,3,9,0,18,19,1,5,0,0,8,1,0,7,0,4,1,2,2,1,25,5,1373,1,2,SUZUKI SWIFT,7,E01015876,0,-1
2020500953485,2020,500953485,1,9,0,9,9,3,7,0,0,1,0,0,0,0,1,1,6,6,2,21,5,1242,1,9,SUZUKI SWIFT,8,E01020158,0,-1
2020450989247,2020,450989247,1,9,0,18,19,3,1,0,0,0,0,0,0,0,1,1,5,6,2,38,7,1242,1,5,SUZUKI SWIFT,2,E01030599,0,-1
2020122000186,2020,122000186,2,9,0,10,10,5,3,0,0,1,0,0,0,0,3,1,2,2,2,51,8,1248,2,12,SUZUKI SWIFT,8,E01027801,0,-1
2020440007444,2020,440007444,2,9,0,18,19,3,7,0,0,8,0,0,0,0,1,1,6,6,2,71,10,998,1,2,SUZUKI SWIFT,4,E01017308,0,-1
2020500987335,2020,500987335,2,9,0,18,19,3,7,0,0,0,0,0,0,0,2,1,5,6,2,45,7,1242,1,3,SUZUKI SWIFT,5,E01019021,0,-1
2020460927161,2020,460927161,1,9,0,18,19,2,6,0,0,0,5,0,1,0,3,1,5,6,1,22,5,1248,2,8,SUZUKI SWIFT,5,E01023992,0,-1
2020549106020,2020,549106020,1,9,0,1,1,7,3,0,0,0,0,0,0,0,4,1,6,6,2,24,5,1328,1,13,SUZUKI SWIFT,-1,-1,0,-1
2020610000420,2020,610000420,2,9,0,18,19,1,5,0,0,0,0,0,0,0,1,1,6,6,2,52,8,1242,1,5,SUZUKI SWIFT,6,W01001556,0,-1
2020522003954,2020,522003954,1,9,0,3,3,5,3,0,0,8,0,0,0,0,2,1,6,6,1,26,6,1328,1,13,SUZUKI SWIFT,4,E01014485,0,-1
2020420998817,2020,420998817,1,9,0,9,9,4,2,0,0,0,0,0,0,0,4,1,5,6,2,24,5,1242,1,4,SUZUKI SWIFT,6,E01030006,0,-1
2020548277620,2020,548277620,1,9,0,17,19,2,6,0,0,0,1,0,0,4,1,1,2,2,2,26,6,1328,1,10,SUZUKI SWIFT,7,E01032699,0,-1
202006Q176105,2020,06Q176105,2,9,0,17,19,7,5,0,0,8,0,0,2,0,1,1,6,6,2,22,5,1328,1,12,SUZUKI SWIFT,4,E01005957,0,-1
202063C037520,2020,63C037520,2,9,0,18,19,2,6,0,0,1,0,0,0,0,1,1,6,6,1,31,6,1328,1,9,SUZUKI SWIFT,2,W01000594,0,-1
2020990989590,2020,990989590,1,9,0,9,9,1,7,0,0,8,0,0,0,0,1,1,6,6,1,20,4,1242,1,7,SUZUKI SWIFT,10,-1,0,-1
2020320509753,2020,320509753,1,9,0,18,19,7,3,0,0,8,0,0,0,0,1,1,6,6,1,61,9,1242,1,8,SUZUKI SWIFT,-1,-1,0,-1
2020100945535,2020,100945535,1,9,0,6,6,2,6,0,0,0,0,0,0,0,3,1,6,6,1,27,6,1586,1,14,SUZUKI SWIFT,2,E01008810,0,-1
2020140974706,2020,140974706,1,9,0,10,10,5,3,0,0,5,0,0,0,0,2,1,5,6,2,49,8,1328,1,11,SUZUKI SWIFT,1,E01007738,0,-1
2020500942004,2020,500942004,1,9,0,18,19,2,6,0,0,0,0,0,0,0,2,1,5,6,1,56,9,1328,1,13,SUZUKI SWIFT,7,E01020047,0,-1
2020460971178,2020,460971178,2,9,0,16,19,2,5,0,0,0,0,0,0,0,3,1,6,6,2,44,7,1586,1,10,SUZUKI SWIFT,5,E01024595,0,-1
2020010246970,2020,010246970,1,9,0,18,19,1,5,0,0,0,1,4,0,0,1,1,6,6,2,18,4,1490,1,12,SUZUKI SWIFT,10,E01003886,0,-1
2020360951159,2020,360951159,1,9,0,14,14,5,1,0,0,0,0,4,0,0,1,1,2,2,2,52,8,1242,1,7,SUZUKI SWIFT,9,E01026708,0,-1
2020470964093,2020,470964093,3,9,0,18,19,3,7,0,0,0,0,0,0,0,3,1,2,2,1,62,9,1242,1,7,SUZUKI SWIFT,6,E01020960,0,-1
2020360944696,2020,360944696,1,9,0,12,12,1,5,0,0,1,0,0,0,0,1,1,5,6,1,86,11,1242,1,3,SUZUKI SWIFT,6,E01026701,0,-1
2020411004129,2020,411004129,1,9,0,18,19,4,8,0,0,0,0,0,0,0,1,1,5,6,1,65,9,1242,1,5,SUZUKI SWIFT,6,E01017791,0,-1
2020161005358,2020,161005358,1,9,0,9,9,1,7,0,0,5,0,0,0,0,1,1,6,6,1,37,7,1328,1,14,SUZUKI SWIFT,3,E01012817,0,-1
2020622000693,2020,622000693,1,9,0,9,9,6,4,0,0,1,0,0,0,0,3,1,6,6,1,48,8,998,1,2,SUZUKI SWIFT,1,E01003051,0,-1
2020230927612,2020,230927612,3,9,0,18,19,4,8,0,0,0,0,0,0,0,3,1,5,6,2,19,4,1328,1,13,SUZUKI SWIFT,3,E01002623,0,-1
2020460985267,2020,460985267,1,9,0,18,19,5,1,0,0,0,0,0,0,0,4,1,6,6,2,52,8,1490,1,13,SUZUKI SWIFT,2,E01024686,0,-1
2020320632396,2020,320632396,2,9,0,18,19,8,4,0,0,0,0,0,0,0,1,1,6,6,1,26,6,1242,1,1,SUZUKI SWIFT,-1,-1,0,-1
2020140976534,2020,140976534,1,9,0,4,4,2,6,0,0,1,0,0,0,0,1,1,6,6,2,55,8,1242,1,6,SUZUKI SWIFT,10,E01019783,0,-1
2020460962830,2020,460962830,2,9,0,18,19,1,5,0,0,0,0,0,1,0,1,1,6,6,1,26,6,1490,1,12,SUZUKI SWIFT,2,E01033090,0,-1
2020170S11090,2020,170S11090,2,9,0,18,19,6,2,0,0,1,0,0,0,0,1,1,6,6,2,73,10,1242,1,8,SUZUKI SWIFT,9,E01012211,0,-1
2020460923795,2020,460923795,1,9,0,6,6,5,1,0,0,0,0,4,0,0,4,1,2,2,2,24,5,1490,1,14,SUZUKI SWIFT,7,E01024592,0,-1
2020470933879,2020,470933879,1,9,0,18,19,6,2,0,0,0,0,0,0,0,2,1,6,6,2,35,6,1242,1,5,SUZUKI SWIFT,4,E01020957,0,-1
2020040954123,2020,040954123,2,9,0,18,19,3,7,0,0,2,0,0,1,4,4,1,5,6,2,55,8,1242,1,1,SUZUKI SWIFT,4,E01005558,0,-1
2020500988307,2020,500988307,1,9,0,18,19,6,2,0,0,1,0,0,0,0,1,1,6,6,1,20,4,1490,1,14,SUZUKI SWIFT,7,E01020300,0,-1
2020070369800,2020,070369800,1,9,0,9,9,4,1,0,0,6,0,0,7,10,3,1,6,6,2,18,4,1328,1,10,SUZUKI SWIFT,-1,-1,0,-1
2020200975243,2020,200975243,2,9,0,9,9,8,6,0,0,6,0,0,0,0,1,1,6,6,1,24,5,1328,1,10,SUZUKI SWIFT,4,E01010100,0,-1
2020531008367,2020,531008367,1,9,0,18,19,5,1,0,0,2,0,0,0,0,1,1,2,2,1,21,5,1586,1,8,SUZUKI SWIFT,7,E01022216,0,-1
2020201023134,2020,201023134,1,9,0,14,14,6,2,0,0,0,1,4,0,0,1,1,6,6,1,30,6,1328,1,12,SUZUKI SWIFT,5,E01008885,0,-1
2020122000306,2020,122000306,1,9,0,18,19,2,6,0,0,4,0,0,0,0,1,1,6,6,1,74,10,1490,1,15,SUZUKI SWIFT,6,E01027881,0,-1
2020040943784,2020,040943784,1,9,0,11,11,1,5,0,0,2,1,0,1,11,1,1,2,2,2,28,6,1328,1,12,SUZUKI SWIFT,1,E01012657,0,-1
2020040959890,2020,040959890,1,9,0,18,19,3,7,0,0,1,0,0,0,0,1,1,5,6,2,33,6,1242,1,6,SUZUKI SWIFT,1,E01012724,0,-1
2020470952455,2020,470952455,2,9,0,18,19,6,2,0,0,1,0,0,0,0,4,1,6,6,2,59,9,998,8,3,SUZUKI SWIFT,8,E01017000,0,-1
2020470996772,2020,470996772,1,9,0,18,19,1,5,0,0,0,0,12,0,0,1,1,2,2,2,46,8,1242,8,0,SUZUKI SWIFT,2,E01021091,0,-1
2020220973800,2020,220973800,1,9,0,18,19,2,6,0,0,0,5,10,2,11,1,1,5,6,1,20,4,1242,1,8,SUZUKI SWIFT,5,W01001580,0,-1
2020010239852,2020,010239852,1,9,0,3,3,3,7,0,0,0,0,0,0,0,2,1,6,6,2,40,7,1490,1,14,SUZUKI SWIFT,3,E01001784,0,-1
202031D058120,2020,31D058120,2,9,0,9,9,4,2,0,0,4,0,0,0,0,1,1,1,1,2,42,7,1242,1,1,SUZUKI SWIFT,1,E01027974,0,-1
2020110943641,2020,110943641,1,9,0,18,19,1,5,0,0,0,0,0,0,0,1,1,6,6,2,52,8,1242,1,9,SUZUKI SWIFT,1,E01020873,0,-1
2020010238902,2020,010238902,1,9,0,11,11,8,4,0,0,0,0,0,0,0,4,1,2,2,2,32,6,1328,1,12,SUZUKI SWIFT,3,E01000638,0,-1
2020052000534,2020,052000534,1,9,0,9,9,6,4,0,0,2,0,0,0,0,1,1,6,6,1,49,8,1242,1,8,SUZUKI SWIFT,3,E01007234,0,-1
2020010286527,2020,010286527,1,9,0,99,99,9,9,99,99,0,9,99,9,99,1,9,6,6,2,42,7,1490,1,11,SUZUKI SWIFT,4,E01004462,0,-1
202006M173421,2020,06M173421,2,9,0,4,4,6,2,0,0,0,0,0,0,0,2,1,6,6,1,42,7,1248,2,12,SUZUKI SWIFT,1,E01033679,0,-1
2020440476380,2020,440476380,1,9,0,10,10,2,8,0,0,1,0,0,0,0,2,1,6,6,1,42,7,1328,1,11,SUZUKI SWIFT,1,E01017205,0,-1
2020460964439,2020,460964439,1,9,0,18,19,2,6,0,0,0,0,0,0,0,1,1,5,6,1,22,5,1248,2,13,SUZUKI SWIFT,3,E01024309,0,-1
2020141007929,2020,141007929,2,9,0,16,19,3,7,0,0,4,0,0,0,0,1,1,6,6,2,-1,-1,1328,1,10,SUZUKI SWIFT,8,E01007527,0,-1
2020990980275,2020,990980275,2,9,0,10,10,1,7,0,0,1,1,0,2,0,3,1,5,6,1,21,5,1586,1,5,SUZUKI SWIFT,10,-1,0,-1
2020990949689,2020,990949689,1,9,0,16,19,6,1,0,0,0,5,0,8,11,1,1,5,6,1,18,4,1328,1,12,SUZUKI SWIFT,8,-1,0,-1
2020440318650,2020,440318650,2,9,0,9,9,3,1,0,0,8,0,0,0,0,1,1,6,6,1,23,5,1242,1,1,SUZUKI SWIFT,6,E01022761,0,-1
2020451008689,2020,451008689,1,9,0,2,2,1,5,6,6,1,0,0,0,0,1,1,5,6,1,25,5,1328,1,10,SUZUKI SWIFT,6,E01030736,0,-1
2020990989919,2020,990989919,2,9,0,18,19,2,6,0,0,0,0,0,1,0,3,1,6,6,1,56,9,1242,1,7,SUZUKI SWIFT,2,-1,0,-1
2020440084715,2020,440084715,1,9,0,10,10,8,5,0,0,1,0,0,0,0,2,1,6,6,1,27,6,1490,1,14,SUZUKI SWIFT,3,E01022914,0,-1
2020010241850,2020,010241850,1,9,0,3,3,3,7,99,99,9,9,99,9,99,2,9,6,6,2,31,6,1490,1,15,SUZUKI SWIFT,2,E01000007,0,-1
2020990922748,2020,990922748,1,9,0,16,19,3,7,0,0,0,1,0,0,0,2,1,2,2,1,51,8,1490,1,14,SUZUKI SWIFT,-1,-1,0,-1
2020070513772,2020,070513772,2,9,0,10,10,6,2,0,0,1,0,0,0,0,2,1,2,2,1,24,5,1242,1,5,SUZUKI SWIFT,2,E01004928,0,-1
2020440036434,2020,440036434,1,9,0,17,19,3,7,0,0,0,1,0,1,4,1,1,6,6,2,18,4,1490,1,12,SUZUKI SWIFT,7,E01022584,0,-1
2020040991254,2020,040991254,1,9,0,18,19,1,1,0,0,0,0,0,0,0,1,1,2,2,2,39,7,1490,1,12,SUZUKI SWIFT,9,E01006374,0,-1
2020420979125,2020,420979125,3,9,0,3,3,3,7,0,0,0,0,0,0,0,2,1,6,6,2,58,9,1242,1,5,SUZUKI SWIFT,3,E01022038,0,-1
202031A033020,2020,31A033020,1,9,0,18,19,4,8,0,0,0,0,0,1,4,1,1,2,2,2,45,7,1586,1,12,SUZUKI SWIFT,9,E01028241,0,-1
2020522100467,2020,522100467,2,9,0,10,10,7,3,0,0,8,0,0,0,0,1,1,6,6,1,52,8,1328,1,11,SUZUKI SWIFT,5,E01032089,0,-1
2020302000271,2020,302000271,2,9,0,18,19,2,6,0,0,0,0,0,0,0,1,1,6,6,2,59,9,1328,1,12,SUZUKI SWIFT,2,E01019523,0,-1
2020411016264,2020,411016264,2,9,0,18,19,1,5,0,0,0,0,0,0,0,1,1,1,1,2,27,6,1242,1,4,SUZUKI SWIFT,4,E01023951,0,-1
2020160964210,2020,160964210,1,9,0,18,19,6,1,0,0,0,0,0,0,0,1,1,2,2,1,24,5,1242,1,6,SUZUKI SWIFT,1,E01013298,0,-1
2020622000546,2020,622000546,1,9,0,18,19,6,2,0,0,0,0,0,0,0,1,1,6,6,2,24,5,1242,1,7,SUZUKI SWIFT,2,W01001952,0,-1
2020351011188,2020,351011188,1,9,0,18,19,7,3,0,0,1,0,0,0,0,1,1,5,6,2,25,5,1328,1,12,SUZUKI SWIFT,3,E01015666,0,-1
2020122001371,2020,122001371,1,9,0,17,19,3,7,0,0,0,1,0,8,10,1,1,6,6,1,21,5,1328,1,14,SUZUKI SWIFT,6,E01027601,0,-1
2020030983633,2020,030983633,1,9,0,18,19,6,2,0,0,0,0,0,0,0,1,1,5,6,1,18,4,1328,1,12,SUZUKI SWIFT,2,E01019165,0,-1
20201376E1445,2020,1376E1445,1,9,0,7,7,1,3,0,0,3,0,0,0,0,3,1,6,6,1,17,4,1490,1,12,SUZUKI SWIFT,9,E01011381,0,-1
2020440016828,2020,440016828,2,9,0,4,4,1,5,0,0,1,0,0,0,0,4,1,6,6,2,31,6,1328,1,13,SUZUKI SWIFT,3,E01017107,0,-1
2020040916648,2020,040916648,1,9,0,18,19,4,8,0,0,0,0,0,0,0,1,1,3,7,1,49,8,998,8,2,SUZUKI SWIFT,-1,-1,0,-1
2020010286431,2020,010286431,1,9,0,9,9,2,7,0,0,8,0,0,0,0,3,1,6,6,1,37,7,1490,1,13,SUZUKI SWIFT,3,E01000718,0,-1
2020200989095,2020,200989095,2,9,0,2,2,0,0,0,0,0,2,0,0,0,1,1,6,6,3,-1,-1,1586,1,4,SUZUKI SWIFT,-1,-1,0,-1
2020220970307,2020,220970307,2,9,0,14,14,8,4,0,0,8,0,0,0,0,4,1,5,6,2,20,4,1328,1,15,SUZUKI SWIFT,6,E01029006,0,-1
2020610048220,2020,610048220,1,9,0,18,19,8,4,0,0,1,0,0,0,0,1,1,1,1,1,20,4,998,1,2,SUZUKI SWIFT,5,W01001649,0,-1
2020610043220,2020,610043220,1,9,0,4,4,5,1,0,0,1,0,0,0,0,2,1,4,7,1,18,4,1490,1,12,SUZUKI SWIFT,4,W01001433,0,-1
2020610047420,2020,610047420,1,9,0,18,19,5,1,0,0,1,0,0,0,0,1,1,2,2,2,55,8,1242,1,2,SUZUKI SWIFT,-1,-1,0,-1
202063D055520,2020,63D055520,1,9,0,16,19,2,5,0,0,0,0,0,0,0,1,1,6,6,1,66,10,1490,1,13,SUZUKI SWIFT,2,E01012431,0,-1
2020122100068,2020,122100068,2,9,0,4,4,5,2,0,0,2,0,0,0,0,2,1,1,1,2,17,4,998,1,3,SUZUKI SWIFT,10,E01027715,0,-1
20201379E1469,2020,1379E1469,1,9,0,18,19,7,3,0,0,8,0,0,0,0,1,1,6,6,1,20,4,1242,1,4,SUZUKI SWIFT,4,E01032489,0,-1
2020010230391,2020,010230391,1,9,0,99,99,9,9,99,99,9,9,99,9,99,2,9,6,6,2,35,6,1242,1,8,SUZUKI SWIFT,4,E01001518,0,-1
2020340W03242,2020,340W03242,1,9,0,18,19,1,5,0,0,6,0,0,0,0,1,1,6,6,1,57,9,1373,1,1,SUZUKI SWIFT,2,E01027349,0,-1
2020350924597,2020,350924597,3,9,0,18,19,6,2,0,0,0,0,0,0,0,0,1,6,6,2,36,7,1242,1,5,SUZUKI SWIFT,5,E01017997,0,-1
2020010261908,2020,010261908,1,9,0,5,5,3,7,0,0,0,5,4,0,0,1,1,6,6,2,48,8,1242,1,5,SUZUKI SWIFT,4,E01002442,0,-1
2020010243011,2020,010243011,1,9,0,18,19,5,1,0,0,2,0,0,0,0,1,1,6,6,2,32,6,998,8,2,SUZUKI SWIFT,7,E01000340,0,-1
2020552000606,2020,552000606,2,9,0,2,2,0,0,0,0,0,0,0,0,0,2,1,6,6,3,-1,-1,1490,1,11,SUZUKI SWIFT,-1,-1,0,-1
2020520101341,2020,520101341,1,9,0,18,19,1,5,0,0,0,1,0,1,4,1,1,6,6,2,19,4,1242,8,0,SUZUKI SWIFT,5,E01029215,0,-1
2020461003291,2020,461003291,2,9,0,2,2,0,0,0,0,0,0,0,0,0,2,1,6,6,1,-1,-1,1328,1,11,SUZUKI SWIFT,3,E01024149,0,-1
2020351005192,2020,351005192,2,9,0,5,5,5,1,0,0,1,0,0,0,0,1,1,5,6,2,22,5,1490,1,13,SUZUKI SWIFT,6,E01026686,0,-1
20201379P0805,2020,1379P0805,2,9,0,18,19,1,5,0,0,0,0,0,0,0,2,1,6,6,2,47,8,1490,1,12,SUZUKI SWIFT,6,E01011751,0,-1
2020010236898,2020,010236898,1,9,0,99,99,9,9,99,99,0,9,99,9,99,2,9,6,6,2,26,6,1242,1,4,SUZUKI SWIFT,8,E01004507,0,-1
2020140929482,2020,140929482,1,9,0,10,10,4,2,0,0,1,0,0,0,0,2,1,5,6,1,35,6,1242,1,8,SUZUKI SWIFT,2,E01007881,0,-1
2020010257886,2020,010257886,1,9,0,18,19,3,7,0,0,8,0,0,0,0,1,1,2,2,2,33,6,1242,1,6,SUZUKI SWIFT,5,E01002221,0,-1
2020220995794,2020,220995794,2,9,0,13,13,1,6,0,0,0,0,0,0,0,1,1,5,6,1,41,7,1242,1,4,SUZUKI SWIFT,8,E01028887,0,-1
2020400986408,2020,400986408,2,9,0,7,7,3,5,0,0,8,0,0,0,0,1,1,6,6,2,18,4,1328,1,14,SUZUKI SWIFT,2,E01016848,0,-1
2020100977108,2020,100977108,1,9,0,18,19,7,3,0,0,0,0,0,1,0,3,1,6,6,2,73,10,998,1,2,SUZUKI SWIFT,5,E01008499,0,-1