collision_index,collision_year,collision_ref_no,vehicle_reference,vehicle_type,towing_and_articulation,vehicle_manoeuvre_historic,vehicle_manoeuvre,vehicle_direction_from,vehicle_direction_to,vehicle_location_restricted_lane_historic,vehicle_location_restricted_lane,junction_location,skidding_and_overturning,hit_object_in_carriageway,vehicle_leaving_carriageway,hit_object_off_carriageway,first_point_of_impact,vehicle_left_hand_drive,journey_purpose_of_driver_historic,journey_purpose_of_driver,sex_of_driver,age_of_driver,age_band_of_driver,engine_capacity_cc,propulsion_code,age_of_vehicle,generic_make_model,driver_imd_decile,lsoa_of_driver,escooter_flag,driver_distance_banding
20201373D1349,2020,1373D1349,1,9,0,18,19,3,7,0,0,0,5,10,0,0,4,1,6,6,1,21,5,1490,1,12,SUZUKI SWIFT,8,E01013028,0,-1
2020010273785,2020,010273785,1,9,0,18,19,5,1,0,0,8,0,0,0,0,1,1,6,6,1,32,6,1586,1,8,SUZUKI SWIFT,5,E01030743,0,-1
2020210966973,2020,210966973,1,9,0,1,1,3,7,0,0,0,0,8,0,0,0,1,2,2,2,57,9,998,8,3,SUZUKI SWIFT,7,E01014216,0,-1
2020010248001,2020,010248001,2,9,0,99,99,9,9,99,99,9,9,99,9,99,1,9,6,6,3,55,8,1242,1,1,SUZUKI SWIFT,3,E01003101,0,-1
2020302000764,2020,302000764,2,9,0,9,9,4,2,0,0,8,0,0,0,0,4,1,6,6,2,23,5,1586,1,5,SUZUKI SWIFT,2,E01019572,0,-1
20201375C0454,2020,1375C0454,1,9,0,18,19,1,5,0,0,0,0,0,0,0,1,1,6,6,1,76,11,1242,1,9,SUZUKI SWIFT,6,E01010975,0,-1
20201378B0630,2020,1378B0630,2,9,0,4,4,1,5,0,0,1,0,0,0,0,2,1,6,6,2,65,9,1490,1,15,SUZUKI SWIFT,3,E01011240,0,-1
2020360992510,2020,360992510,1,9,0,18,19,7,3,0,0,0,0,0,0,0,3,1,2,2,2,22,5,1490,1,13,SUZUKI SWIFT,6,E01026722,0,-1
2020350925608,2020,350925608,1,9,0,18,19,1,5,0,0,1,0,0,0,0,1,1,6,6,1,54,8,1242,1,10,SUZUKI SWIFT,7,E01033427,0,-1
2020530994317,2020,530994317,1,9,0,18,19,3,7,0,0,1,0,0,0,0,1,1,5,6,2,53,8,1490,1,11,SUZUKI SWIFT,8,E01022446,0,-1
2020470922225,2020,470922225,1,9,0,18,19,1,5,0,0,0,0,0,7,4,1,1,2,2,1,19,4,1328,1,10,SUZUKI SWIFT,10,E01031700,0,-1
2020320680951,2020,320680951,1,9,0,13,13,5,1,0,0,0,1,0,0,0,1,1,6,6,2,50,8,1242,1,6,SUZUKI SWIFT,4,E01026019,0,-1
2020211024279,2020,211024279,1,9,-1,-1,-1,8,4,-1,-1,0,-1,-1,-1,0,-1,1,6,6,2,27,6,1242,1,4,SUZUKI SWIFT,1,E01014213,0,-1
2020141009031,2020,141009031,1,9,0,18,19,7,3,6,6,0,0,0,1,0,1,1,6,6,1,19,4,1328,1,10,SUZUKI SWIFT,6,E01007795,0,-1
2020410935577,2020,410935577,1,9,0,2,2,3,7,0,0,0,0,0,0,0,2,1,6,6,2,-1,-1,1242,1,8,SUZUKI SWIFT,5,E01017588,0,-1
2020622000196,2020,622000196,1,9,0,18,19,3,7,0,0,0,0,0,0,0,1,1,6,6,2,36,7,1328,1,13,SUZUKI SWIFT,2,W01001803,0,-1
2020440478996,2020,440478996,1,9,0,9,9,7,5,0,0,6,0,0,0,0,1,1,6,6,1,-1,-1,993,1,18,SUZUKI SWIFT,-1,-1,0,-1
2020052000728,2020,052000728,1,9,0,18,19,7,3,0,0,8,2,0,0,0,1,1,6,6,1,84,11,1242,1,1,SUZUKI SWIFT,10,E01006991,0,-1
2020370970591,2020,370970591,1,9,0,5,5,-1,-1,0,0,2,0,0,0,0,1,1,5,6,2,59,9,998,1,3,SUZUKI SWIFT,4,E01030208,0,-1
2020137A92067,2020,137A92067,1,9,0,17,19,5,1,0,0,7,0,0,1,1,1,1,6,6,2,48,8,1242,1,8,SUZUKI SWIFT,1,E01010821,0,-1
2020010242224,2020,010242224,1,9,0,5,5,3,7,0,0,4,0,0,0,0,1,1,6,6,2,50,8,1490,1,10,SUZUKI SWIFT,5,E01003142,0,-1
2020460938258,2020,460938258,2,9,0,17,19,5,1,0,0,0,0,11,0,0,2,1,5,6,2,21,5,1328,1,10,SUZUKI SWIFT,4,E01016115,0,-1
2020522100987,2020,522100987,1,9,0,18,19,5,1,0,0,0,0,0,0,0,2,1,6,6,2,48,8,1242,1,10,SUZUKI SWIFT,4,E01014488,0,-1
2020220928859,2020,220928859,2,9,0,18,19,8,4,0,0,0,0,0,1,0,3,1,5,6,1,64,9,1490,1,15,SUZUKI SWIFT,5,E01032411,0,-1
2020100928444,2020,100928444,1,9,0,15,15,3,7,9,9,1,0,0,0,0,1,1,2,2,1,23,5,1242,1,5,SUZUKI SWIFT,10,E01008365,0,-1
2020522000357,2020,522000357,1,9,0,3,3,7,3,0,0,1,0,0,0,0,2,1,6,6,2,25,5,1586,1,13,SUZUKI SWIFT,7,E01015010,0,-1
2020070751020,2020,070751020,1,9,0,17,19,4,2,0,0,1,0,0,0,0,1,1,6,6,1,34,6,1242,8,0,SUZUKI SWIFT,10,E01018419,0,-1
2020371010395,2020,371010395,2,9,0,11,11,8,4,0,0,0,5,0,1,0,2,1,5,6,2,41,7,998,8,3,SUZUKI SWIFT,7,E01030184,0,-1
2020160968279,2020,160968279,2,9,0,18,19,8,4,0,0,0,0,0,0,0,3,1,5,6,2,47,8,1328,1,12,SUZUKI SWIFT,3,E01007679,0,-1
2020200996497,2020,200996497,1,9,0,18,19,1,5,0,0,0,0,0,0,0,1,1,6,6,1,23,5,1328,1,12,SUZUKI SWIFT,1,E01010274,0,-1
20201378J1372,2020,1378J1372,1,9,0,18,19,8,4,0,0,8,0,0,0,0,1,1,6,6,2,31,6,1242,1,8,SUZUKI SWIFT,2,E01007855,0,-1
2020360942321,2020,360942321,1,9,0,18,19,-1,-1,0,0,0,0,0,1,4,1,1,5,6,2,19,4,1328,1,13,SUZUKI SWIFT,5,E01026648,0,-1
2020450970004,2020,450970004,1,9,0,7,7,6,2,0,0,1,0,0,0,0,3,1,6,6,2,59,9,1242,1,4,SUZUKI SWIFT,9,E01030718,0,-1
2020471002960,2020,471002960,1,9,0,18,19,4,8,0,0,0,0,0,0,0,2,1,1,1,2,43,7,1328,1,15,SUZUKI SWIFT,8,E01031757,0,-1
2020430326795,2020,430326795,2,9,0,18,19,1,5,0,0,0,0,0,0,0,1,1,6,6,2,-1,-1,998,1,2,SUZUKI SWIFT,10,E01017777,0,-1
2020360942876,2020,360942876,2,9,0,18,19,7,3,0,0,0,0,0,0,0,1,1,5,6,2,51,8,1242,1,7,SUZUKI SWIFT,6,E01029876,0,-1
2020010249758,2020,010249758,1,9,0,99,99,9,9,99,99,9,9,99,9,99,1,9,6,6,2,24,5,998,1,2,SUZUKI SWIFT,3,E01002552,0,-1
2020201022010,2020,201022010,1,9,0,18,19,1,5,0,0,0,0,0,0,0,1,1,6,6,1,19,4,1242,1,10,SUZUKI SWIFT,9,E01009549,0,-1
2020320620541,2020,320620541,1,9,0,18,19,1,5,0,0,0,1,0,7,0,1,1,6,6,2,22,5,1490,1,12,SUZUKI SWIFT,4,E01026060,0,-1
2020221014176,2020,221014176,2,9,0,18,19,8,4,0,0,8,0,0,0,0,1,1,5,6,2,22,5,1242,1,9,SUZUKI SWIFT,8,E01013996,0,-1
2020122001117,2020,122001117,1,9,0,18,19,7,3,0,0,0,1,4,0,0,1,1,6,6,2,24,5,1328,1,12,SUZUKI SWIFT,4,E01027706,0,-1
2020500946202,2020,500946202,2,9,0,3,3,7,3,0,0,4,0,0,0,0,2,1,6,6,2,46,8,1242,1,4,SUZUKI SWIFT,4,E01020002,0,-1
2020991009457,2020,991009457,1,9,0,18,19,6,2,0,0,0,0,0,0,0,1,1,5,6,1,17,4,1490,1,11,SUZUKI SWIFT,9,-1,0,-1
2020210972082,2020,210972082,2,9,0,18,19,4,8,0,0,8,0,0,0,0,4,1,6,6,1,78,11,998,1,3,SUZUKI SWIFT,5,E01014332,0,-1
2020990989911,2020,990989911,1,9,0,10,10,3,1,0,0,1,0,0,0,0,2,1,6,6,2,33,6,1242,1,7,SUZUKI SWIFT,2,-1,0,-1
2020200951816,2020,200951816,1,9,0,18,19,1,5,0,0,8,0,10,1,0,1,1,6,6,1,26,6,1490,1,14,SUZUKI SWIFT,2,E01009314,0,-1
2020990990377,2020,990990377,1,9,0,9,9,5,4,0,0,6,0,0,0,0,3,1,1,1,2,31,6,1242,1,6,SUZUKI SWIFT,5,-1,0,-1
2020070788679,2020,070788679,1,9,0,16,19,6,1,0,0,0,1,0,7,11,3,1,1,1,2,26,6,1242,1,5,SUZUKI SWIFT,9,E01018494,0,-1
2020010277062,2020,010277062,1,9,0,10,10,7,5,0,0,1,0,0,0,0,1,1,6,6,1,23,5,998,1,3,SUZUKI SWIFT,8,E01000311,0,-1
2020110966302,2020,110966302,1,9,0,5,5,5,1,0,0,1,0,0,0,0,1,1,5,6,2,18,4,1328,1,14,SUZUKI SWIFT,9,E01012329,0,-1
2020440033169,2020,440033169,1,9,0,3,3,7,3,0,0,1,0,0,0,0,2,1,3,7,2,35,6,1242,1,6,SUZUKI SWIFT,6,E01023075,0,-1
2020110940574,2020,110940574,1,9,0,18,19,1,5,0,0,0,0,0,0,0,1,1,6,6,2,29,6,1328,1,11,SUZUKI SWIFT,3,E01012353,0,-1
20201375F0563,2020,1375F0563,1,9,0,3,3,3,7,0,0,1,0,0,0,0,1,1,6,6,3,-1,-1,1328,1,14,SUZUKI SWIFT,-1,-1,0,-1
2020141004243,2020,141004243,2,9,0,17,19,2,7,0,0,1,0,0,0,0,1,1,2,2,2,52,8,998,1,2,SUZUKI SWIFT,2,E01007522,0,-1
202063AF00320,2020,63AF00320,1,9,0,18,19,2,6,0,0,1,0,0,0,0,1,1,2,2,1,20,4,1328,1,10,SUZUKI SWIFT,6,W01000653,0,-1
2020370935625,2020,370935625,1,9,0,18,19,8,4,0,0,1,0,0,0,0,3,1,5,6,1,82,11,1490,1,14,SUZUKI SWIFT,5,E01030027,0,-1
2020010260668,2020,010260668,2,9,0,99,99,9,9,0,0,9,0,0,0,0,9,9,6,6,3,24,5,1490,1,13,SUZUKI SWIFT,3,E01003572,0,-1
2020410990830,2020,410990830,2,9,0,18,19,1,5,0,0,0,0,0,0,0,3,1,5,6,1,64,9,998,1,2,SUZUKI SWIFT,10,E01027027,0,-1
2020220948594,2020,220948594,2,9,0,9,9,2,7,0,0,5,0,0,0,0,3,1,5,6,1,20,4,1242,1,5,SUZUKI SWIFT,10,E01014177,0,-1
2020010241643,2020,010241643,2,9,0,99,99,9,9,99,99,0,9,99,9,99,1,9,6,6,1,-1,-1,1490,1,12,SUZUKI SWIFT,4,E01000518,0,-1
2020320482658,2020,320482658,2,9,0,18,19,1,5,0,0,1,1,0,7,10,4,1,2,2,2,52,8,1242,1,4,SUZUKI SWIFT,3,E01026386,0,-1
2020010230455,2020,010230455,2,9,0,99,99,9,9,99,99,9,9,99,9,99,9,9,6,6,3,-1,-1,998,1,1,SUZUKI SWIFT,-1,-1,0,-1
2020420915044,2020,420915044,1,9,0,17,19,4,8,0,0,0,0,4,0,0,1,1,2,2,2,45,7,1490,1,12,SUZUKI SWIFT,-1,-1,0,-1
2020420992796,2020,420992796,1,9,0,9,9,7,3,0,0,8,0,0,0,0,1,1,6,6,2,35,6,1373,1,1,SUZUKI SWIFT,9,E01015846,0,-1
2020010279313,2020,010279313,2,9,0,99,99,9,9,99,99,9,9,99,9,99,1,9,6,6,3,-1,-1,1328,1,12,SUZUKI SWIFT,6,E01001607,0,-1
2020160926774,2020,160926774,2,9,0,18,19,3,7,0,0,3,0,0,0,0,4,1,5,6,1,44,7,1242,1,9,SUZUKI SWIFT,5,E01010678,0,-1
2020450986689,2020,450986689,2,9,0,4,4,6,2,0,0,1,0,0,0,0,1,1,6,6,1,40,7,998,1,1,SUZUKI SWIFT,7,E01029140,0,-1
2020141004738,2020,141004738,2,9,0,6,6,7,7,0,0,0,0,0,0,0,1,1,6,6,3,-1,-1,1328,1,13,SUZUKI SWIFT,-1,-1,0,-1
2020370982895,2020,370982895,1,9,0,18,19,-1,-1,0,0,0,0,0,0,0,-1,1,5,6,2,-1,-1,1490,1,12,SUZUKI SWIFT,-1,-1,0,-1
2020122000431,2020,122000431,2,9,0,18,19,8,4,0,0,8,0,0,1,1,4,1,6,6,2,57,9,1373,1,1,SUZUKI SWIFT,9,E01013429,0,-1
2020070444636,2020,070444636,1,9,0,18,19,1,6,0,0,0,0,0,0,0,1,1,6,6,1,19,4,1242,1,7,SUZUKI SWIFT,8,E01018495,0,-1
2020160997815,2020,160997815,1,9,0,9,9,3,8,0,0,8,0,0,0,0,1,1,5,6,2,18,4,1328,1,10,SUZUKI SWIFT,4,E01013049,0,-1
2020010274296,2020,010274296,1,9,0,10,10,5,3,0,0,8,0,0,7,0,1,1,6,6,2,25,5,1242,1,7,SUZUKI SWIFT,10,E01022625,0,-1
20201376K0607,2020,1376K0607,1,9,0,9,9,6,4,0,0,5,0,0,0,0,4,1,6,6,1,72,10,1242,1,0,SUZUKI SWIFT,1,E01011624,0,-1
202054A906820,2020,54A906820,1,9,0,4,4,3,7,0,0,1,0,0,0,0,2,1,6,6,2,27,6,1328,1,13,SUZUKI SWIFT,6,E01015496,0,-1
2020200922445,2020,200922445,1,9,0,15,15,2,6,0,0,0,0,0,0,0,1,1,6,6,1,80,11,1242,1,8,SUZUKI SWIFT,6,E01009731,0,-1
2020137CI1644,2020,137CI1644,2,9,0,18,19,2,8,0,0,1,0,0,0,0,4,1,6,6,2,23,5,998,1,1,SUZUKI SWIFT,6,E01010582,0,-1
2020100929883,2020,100929883,1,9,0,18,19,3,7,0,0,0,0,0,0,0,1,1,6,6,1,17,4,1328,1,12,SUZUKI SWIFT,8,E01008529,0,-1
2020460984832,2020,460984832,1,9,0,5,5,3,7,0,0,0,0,0,0,0,1,1,5,6,2,25,5,1328,1,11,SUZUKI SWIFT,8,E01024545,0,-1
2020100980648,2020,100980648,2,9,0,18,19,8,4,0,0,8,0,0,0,0,4,1,6,6,2,25,5,1242,1,5,SUZUKI SWIFT,3,E01008631,0,-1
2020340S00912,2020,340S00912,1,9,0,5,5,5,1,0,0,6,0,0,0,0,1,1,6,6,2,20,4,998,1,3,SUZUKI SWIFT,7,E01027011,0,-1
2020302001102,2020,302001102,1,9,0,4,4,5,1,0,0,1,1,4,0,0,1,1,6,6,2,-1,-1,1298,1,12,SUZUKI SWIFT,8,E01027993,0,-1
2020410935594,2020,410935594,1,9,0,18,19,5,1,0,0,0,1,4,0,0,1,1,5,6,2,17,4,1242,1,6,SUZUKI SWIFT,9,E01023493,0,-1
2020530938997,2020,530938997,3,9,0,4,4,7,3,0,0,1,0,0,0,0,1,1,6,6,2,27,6,1490,1,13,SUZUKI SWIFT,7,E01022401,0,-1
20201374T0213,2020,1374T0213,2,9,0,18,19,5,1,0,0,1,0,0,0,0,1,1,6,6,1,31,6,1328,1,13,SUZUKI SWIFT,7,E01011646,0,-1
2020470928870,2020,470928870,3,9,0,2,2,0,0,0,0,1,0,0,0,0,0,1,2,2,2,44,7,1242,1,1,SUZUKI SWIFT,6,E01020999,0,-1
2020450992907,2020,450992907,2,9,0,4,4,5,1,0,0,0,0,0,0,0,2,1,2,2,1,23,5,1242,1,4,SUZUKI SWIFT,8,E01031624,0,-1
2020122000929,2020,122000929,2,9,0,4,4,3,7,0,0,1,0,0,0,0,2,1,6,6,2,33,6,1242,1,4,SUZUKI SWIFT,7,E01027816,0,-1
2020100971514,2020,100971514,2,9,0,3,3,7,3,0,0,4,0,0,0,0,2,1,5,6,2,59,9,1242,1,6,SUZUKI SWIFT,1,-1,0,-1
2020100928296,2020,100928296,1,9,0,7,7,1,7,0,0,0,2,10,0,0,3,1,6,6,1,34,6,1242,1,10,SUZUKI SWIFT,3,E01008742,0,-1
2020100980460,2020,100980460,1,9,0,18,19,2,7,0,0,1,0,0,0,0,1,1,6,6,2,27,6,1328,1,13,SUZUKI SWIFT,3,E01020742,0,-1
2020440202016,2020,440202016,1,9,0,18,19,4,8,0,0,8,0,10,1,0,1,1,6,6,2,25,5,1490,1,10,SUZUKI SWIFT,5,E01017222,0,-1
2020470938851,2020,470938851,1,9,0,6,6,2,2,0,0,1,0,0,0,0,3,1,1,1,1,48,8,1373,1,2,SUZUKI SWIFT,10,E01022629,0,-1
2020010254811,2020,010254811,1,9,0,18,19,7,3,0,0,6,0,0,3,0,3,1,6,6,2,55,8,1490,1,11,SUZUKI SWIFT,3,E01002043,0,-1
2020220965207,2020,220965207,2,9,0,4,4,8,6,0,0,1,0,0,0,0,2,1,5,6,2,38,7,1490,1,14,SUZUKI SWIFT,2,E01032262,0,-1
2020137AB0974,2020,137AB0974,2,9,0,18,19,3,7,0,0,1,0,0,0,0,2,1,6,6,1,73,10,1242,1,1,SUZUKI SWIFT,3,E01010794,0,-1
2020470999220,2020,470999220,1,9,0,7,7,6,8,0,0,1,0,0,0,0,4,1,6,6,1,-1,-1,998,1,2,SUZUKI SWIFT,-1,-1,0,-1
2020410989805,2020,410989805,1,9,0,9,9,8,4,0,0,8,0,0,0,0,1,1,1,1,1,29,6,1242,1,4,SUZUKI SWIFT,8,E01023732,0,-1
20201372L0017,2020,1372L0017,2,9,0,9,9,8,6,0,0,6,0,0,0,0,3,1,6,6,1,39,7,1242,1,7,SUZUKI SWIFT,3,E01010665,0,-1
2020137C90269,2020,137C90269,1,9,0,18,19,1,5,0,0,1,0,0,7,2,1,1,2,2,1,23,5,1242,1,5,SUZUKI SWIFT,3,E01033011,0,-1
2020040946584,2020,040946584,1,9,0,18,19,3,7,0,0,8,0,0,0,0,3,1,5,6,2,20,4,1328,1,11,SUZUKI SWIFT,3,E01025306,0,-1
2020470968555,2020,470968555,1,9,0,18,19,3,7,0,0,0,0,10,1,2,1,1,5,6,1,82,11,1242,1,9,SUZUKI SWIFT,4,E01016925,0,-1
2020100976789,2020,100976789,1,9,0,18,19,7,2,0,0,0,0,0,0,0,3,1,6,6,1,-1,-1,1373,1,1,SUZUKI SWIFT,-1,-1,0,-1
2020340N05532,2020,340N05532,2,9,0,18,19,7,3,0,0,0,1,0,0,0,1,1,6,6,2,39,7,1328,1,12,SUZUKI SWIFT,6,E01027326,0,-1
2020040973594,2020,040973594,1,9,0,18,19,1,5,0,0,1,0,0,0,0,0,1,5,6,1,32,6,1242,1,7,SUZUKI SWIFT,7,E01024961,0,-1
2020041006423,2020,041006423,2,9,0,18,19,7,3,0,0,8,0,0,0,0,1,1,5,6,1,20,4,1490,1,15,SUZUKI SWIFT,-1,-1,0,-1
2020010242033,2020,010242033,1,9,0,18,19,5,1,0,0,2,0,0,0,0,1,1,2,2,2,60,9,1242,1,5,SUZUKI SWIFT,9,E01001382,0,-1
2020450975537,2020,450975537,1,9,0,18,19,1,5,0,0,0,0,0,0,0,1,1,1,1,1,28,6,1328,1,11,SUZUKI SWIFT,8,E01000646,0,-1
2020522003694,2020,522003694,2,9,0,18,19,5,1,0,0,8,0,0,0,0,1,1,6,6,2,44,7,1242,1,4,SUZUKI SWIFT,8,E01032047,0,-1
2020522001574,2020,522001574,1,9,0,12,12,1,5,0,0,8,0,0,0,0,3,1,6,6,2,55,8,1328,1,10,SUZUKI SWIFT,4,E01014587,0,-1
202054A080720,2020,54A080720,2,9,0,2,2,0,0,0,0,0,0,0,0,0,3,1,6,6,1,30,6,1242,1,8,SUZUKI SWIFT,-1,-1,0,-1
2020990945795,2020,990945795,1,9,0,18,19,6,2,0,0,4,1,0,1,11,1,1,6,6,1,34,6,1242,1,8,SUZUKI SWIFT,1,-1,0,-1
2020010239367,2020,010239367,1,9,0,18,19,7,3,0,0,6,1,0,0,0,2,2,6,6,1,21,5,1586,1,7,SUZUKI SWIFT,4,E01002454,0,-1
2020040928286,2020,040928286,2,9,0,18,19,2,6,0,0,0,0,0,0,0,1,1,5,6,1,18,4,1242,1,9,SUZUKI SWIFT,2,E01025173,0,-1
2020110930478,2020,110930478,1,9,0,17,19,5,1,0,0,0,1,0,0,0,4,1,2,2,1,25,5,1490,1,12,SUZUKI SWIFT,3,E01020705,0,-1
2020420967403,2020,420967403,1,9,0,18,19,3,7,0,0,0,0,0,0,0,1,1,6,6,1,47,8,1490,1,13,SUZUKI SWIFT,5,E01015993,0,-1
2020160943341,2020,160943341,2,9,0,18,19,2,6,0,0,0,0,10,1,10,3,1,6,6,2,74,10,1242,1,4,SUZUKI SWIFT,7,E01012835,0,-1
2020451005579,2020,451005579,2,9,0,18,19,6,2,0,0,8,0,0,0,0,1,1,5,6,2,26,6,1242,1,4,SUZUKI SWIFT,8,E01002414,0,-1
2020371012151,2020,371012151,1,9,0,18,19,1,5,0,0,0,1,0,1,0,1,1,5,6,1,36,7,1328,1,10,SUZUKI SWIFT,-1,-1,0,-1
2020137B90397,2020,137B90397,1,9,0,7,7,1,5,0,0,8,0,0,0,0,1,1,6,6,3,-1,-1,1197,8,0,SUZUKI SWIFT,-1,-1,0,-1
2020440340498,2020,440340498,2,9,0,18,19,8,4,0,0,0,0,0,0,0,1,1,6,6,1,-1,-1,1328,1,14,SUZUKI SWIFT,-1,-1,0,-1
2020461026599,2020,461026599,1,9,0,5,5,3,7,0,0,6,0,0,0,0,3,1,6,6,1,31,6,1242,1,6,SUZUKI SWIFT,6,E01024212,0,-1
2020320585172,2020,320585172,2,9,0,15,15,3,7,0,0,0,1,4,0,0,1,1,2,2,2,19,4,1328,1,12,SUZUKI SWIFT,6,E01026038,0,-1
2020160965516,2020,160965516,1,9,0,17,19,2,6,0,0,1,1,0,0,0,1,1,5,6,1,30,6,1586,1,11,SUZUKI SWIFT,3,E01013134,0,-1
2020200990418,2020,200990418,2,9,0,18,19,8,4,0,0,0,0,0,0,0,4,1,6,6,2,31,6,1242,1,5,SUZUKI SWIFT,2,E01008883,0,-1
2020440476213,2020,440476213,2,9,0,9,9,2,8,0,0,8,0,0,0,0,3,1,6,6,1,57,9,1490,1,12,SUZUKI SWIFT,7,E01022823,0,-1
202031D028420,2020,31D028420,2,9,0,3,3,8,4,0,0,1,0,0,0,0,2,1,2,2,2,24,5,1242,1,6,SUZUKI SWIFT,3,E01027931,0,-1
2020052000397,2020,052000397,1,9,0,18,19,5,1,0,0,0,0,0,0,0,1,1,6,6,1,43,7,1242,1,9,SUZUKI SWIFT,6,E01007159,0,-1
2020137C71673,2020,137C71673,2,9,0,9,9,2,8,0,0,6,0,0,0,0,3,1,6,6,2,50,8,1242,1,7,SUZUKI SWIFT,8,E01011243,0,-1
20201375F0694,2020,1375F0694,1,9,0,3,3,7,3,0,0,6,0,0,0,0,1,1,6,6,2,32,6,1490,1,13,SUZUKI SWIFT,8,E01011938,0,-1
2020552100250,2020,552100250,1,9,0,18,19,8,4,0,0,0,1,0,1,4,2,1,6,6,1,18,4,1328,1,10,SUZUKI SWIFT,3,E01015429,0,-1
2020531004353,2020,531004353,1,9,0,18,19,5,1,0,0,0,1,0,5,0,1,1,2,2,1,24,5,1490,1,13,SUZUKI SWIFT,9,E01023731,0,-1
2020010252435,2020,010252435,2,9,0,18,19,3,7,0,0,0,0,0,0,0,1,1,6,6,2,33,6,1490,1,11,SUZUKI SWIFT,3,E01002612,0,-1
2020170L30610,2020,170L30610,1,9,0,18,19,7,3,0,0,8,0,0,0,0,1,1,6,6,2,61,9,1242,1,5,SUZUKI SWIFT,-1,-1,0,-1
2020440316442,2020,440316442,2,9,0,18,19,3,7,0,0,8,0,0,0,0,4,1,6,6,2,69,10,998,8,3,SUZUKI SWIFT,8,E01023049,0,-1
2020420927714,2020,420927714,1,9,0,18,19,7,3,0,0,0,0,0,0,0,1,1,6,6,1,81,11,998,1,1,SUZUKI SWIFT,8,E01021510,0,-1
2020622000743,2020,622000743,2,9,0,18,19,8,4,0,0,3,0,0,0,0,4,1,1,1,2,20,4,1490,1,14,SUZUKI SWIFT,6,W01000974,0,-1
20201372B0642,2020,1372B0642,1,9,0,18,19,3,7,0,0,1,0,0,7,0,2,1,6,6,1,81,11,1248,2,12,SUZUKI SWIFT,-1,-1,0,-1
2020340D04562,2020,340D04562,2,9,0,18,19,1,5,0,0,1,0,0,7,0,1,1,2,2,1,24,5,1490,1,11,SUZUKI SWIFT,10,E01025799,0,-1
2020010272248,2020,010272248,2,9,0,99,99,9,9,99,99,0,9,99,9,99,1,9,6,6,3,-1,-1,1490,1,12,SUZUKI SWIFT,6,E01001160,0,-1
2020070034951,2020,070034951,1,9,0,18,19,6,3,0,0,8,0,0,0,0,1,1,6,6,2,-1,-1,1242,1,5,SUZUKI SWIFT,-1,-1,0,-1
2020320583486,2020,320583486,1,9,0,9,9,2,8,0,0,0,0,0,0,0,4,1,3,7,2,47,8,1248,2,10,SUZUKI SWIFT,8,E01026238,0,-1
2020137780003,2020,137780003,1,9,0,16,19,3,7,0,0,0,5,0,2,4,1,1,6,6,1,20,4,1328,1,10,SUZUKI SWIFT,1,E01011559,0,-1
2020070118340,2020,070118340,1,9,0,4,4,3,7,0,0,0,0,0,1,0,1,1,2,2,2,59,9,998,1,2,SUZUKI SWIFT,6,E01007185,0,-1
2020470945461,2020,470945461,1,9,0,18,19,7,3,0,0,4,0,0,0,0,3,1,6,6,2,76,11,998,1,1,SUZUKI SWIFT,8,E01016958,0,-1
202031C128920,2020,31C128920,2,9,0,18,19,6,2,0,0,8,0,0,0,0,1,1,6,6,2,53,8,1490,1,13,SUZUKI SWIFT,4,E01028164,0,-1
2020010279508,2020,010279508,2,9,0,99,99,9,9,99,99,9,9,99,9,99,2,9,6,6,3,-1,-1,1242,1,7,SUZUKI SWIFT,1,E01002095,0,-1
2020500988341,2020,500988341,1,19,0,18,19,3,7,0,0,1,0,0,0,0,1,1,6,6,1,25,5,-1,-1,-1,-1,2,W01001538,0,-1
2020010287675,2020,010287675,1,90,0,99,99,9,9,99,99,9,9,99,9,99,2,9,6,6,1,50,8,1896,2,25,-1,5,E01002143,0,-1
2020201009269,2020,201009269,2,9,0,18,19,6,2,0,0,8,0,0,0,0,4,1,6,6,1,43,7,1598,2,9,VOLKSWAGEN PASSAT,1,E01008938,0,-1
2020500935831,2020,500935831,1,9,0,18,19,3,7,0,0,0,0,0,1,1,1,1,6,6,1,66,10,1898,2,21,VOLKSWAGEN PASSAT,3,E01018982,0,-1
20201371I0723,2020,1371I0723,1,9,0,1,1,7,3,0,0,1,0,0,0,0,2,1,6,6,1,24,5,1896,2,15,VOLKSWAGEN PASSAT,1,E01011842,0,-1
2020302000678,2020,302000678,2,9,0,18,19,8,4,0,0,0,0,0,0,0,4,1,6,6,1,40,7,1968,2,12,VOLKSWAGEN PASSAT,1,E01013485,0,-1
2020552000936,2020,552000936,1,8,0,6,6,8,8,0,0,0,0,0,0,0,1,1,1,1,1,57,9,1968,2,9,VOLKSWAGEN PASSAT,4,E01015327,0,-1
202063C028620,2020,63C028620,1,9,0,17,19,6,2,0,0,0,0,0,3,2,1,1,6,6,2,61,9,1896,2,15,VOLKSWAGEN PASSAT,6,W01000575,0,-1
2020552000062,2020,552000062,2,9,0,4,4,4,8,0,0,0,0,0,0,0,2,1,2,2,1,52,8,1896,2,18,VOLKSWAGEN PASSAT,6,E01020534,0,-1
2020990956568,2020,990956568,3,9,0,3,3,3,6,0,0,0,0,4,0,0,2,1,2,2,1,59,9,1968,2,9,VOLKSWAGEN PASSAT,-1,-1,0,-1
2020141000286,2020,141000286,1,9,0,1,1,2,6,0,0,0,0,4,0,0,1,1,6,6,1,41,7,1968,2,9,VOLKSWAGEN PASSAT,8,E01007685,0,-1
2020010281438,2020,010281438,2,9,0,4,4,7,3,0,0,1,0,0,0,0,1,1,6,6,1,50,8,1896,2,16,VOLKSWAGEN PASSAT,6,E01004501,0,-1