collision_index,collision_year,collision_ref_no,vehicle_reference,vehicle_type,towing_and_articulation,vehicle_manoeuvre_historic,vehicle_manoeuvre,vehicle_direction_from,vehicle_direction_to,vehicle_location_restricted_lane_historic,vehicle_location_restricted_lane,junction_location,skidding_and_overturning,hit_object_in_carriageway,vehicle_leaving_carriageway,hit_object_off_carriageway,first_point_of_impact,vehicle_left_hand_drive,journey_purpose_of_driver_historic,journey_purpose_of_driver,sex_of_driver,age_of_driver,age_band_of_driver,engine_capacity_cc,propulsion_code,age_of_vehicle,generic_make_model,driver_imd_decile,lsoa_of_driver,escooter_flag,driver_distance_banding
2020010276358,2020,010276358,1,3,0,99,99,9,9,99,99,9,9,99,9,99,1,1,6,6,1,19,4,108,1,1,HONDA NSC110MP,3,E01003339,0,-1
2020010245881,2020,010245881,2,3,0,18,19,5,1,0,0,1,0,0,0,0,2,1,1,1,1,35,6,108,1,3,HONDA NSC110MP,2,E01002708,0,-1
2020010238036,2020,010238036,1,3,0,9,9,2,7,0,0,6,5,0,0,0,1,1,1,1,1,34,6,108,1,3,HONDA NSC110MP,-1,-1,0,-1
2020010271505,2020,010271505,2,3,0,4,4,1,5,0,0,0,0,0,0,0,1,1,6,6,2,23,5,108,1,2,HONDA NSC110MP,3,E01001154,0,-1
2020010255933,2020,010255933,2,3,0,13,13,5,1,0,0,1,0,0,0,0,1,1,2,2,1,23,5,108,1,2,HONDA NSC110MP,6,E01001195,0,-1
2020010232514,2020,010232514,1,3,0,18,19,7,3,0,0,1,0,0,0,0,3,-1,1,1,1,34,6,108,1,3,HONDA NSC110MP,6,E01001163,0,-1
2020420954219,2020,420954219,1,3,0,18,19,4,8,0,0,0,1,0,0,0,1,1,1,1,1,35,6,108,1,2,HONDA NSC110MP,3,E01022007,0,-1
2020010263887,2020,010263887,1,3,0,99,99,9,9,99,99,0,9,99,9,99,4,9,2,2,2,30,6,108,1,2,HONDA NSC110MP,5,E01003368,0,-1
2020010261997,2020,010261997,1,3,0,99,99,9,9,99,99,0,9,99,9,99,1,1,6,6,1,37,7,108,1,3,HONDA NSC110MP,2,E01001868,0,-1
2020010277884,2020,010277884,2,3,0,15,15,3,7,0,0,1,0,0,0,0,1,1,1,1,1,21,5,108,1,2,HONDA NSC110MP,7,E01003200,0,-1
2020010284679,2020,010284679,1,3,0,18,19,3,7,0,0,1,5,0,0,0,2,1,6,6,1,22,5,108,1,3,HONDA NSC110MP,2,E01004001,0,-1
2020010249968,2020,010249968,2,3,0,13,13,1,5,0,0,1,0,0,0,0,1,1,1,1,1,33,6,108,1,3,HONDA NSC110MP,4,E01001883,0,-1
2020010234891,2020,010234891,2,3,0,18,19,7,3,0,0,1,0,0,0,0,1,-1,1,1,2,31,6,108,1,3,HONDA NSC110MP,5,E01003948,0,-1
2020010281881,2020,010281881,1,3,0,99,99,9,9,99,99,0,9,99,9,99,1,1,6,6,1,39,7,108,1,3,HONDA NSC110MP,2,E01001758,0,-1
2020010232298,2020,010232298,2,3,0,13,13,5,1,0,0,1,0,0,0,0,1,1,2,2,1,39,7,108,1,3,HONDA NSC110MP,8,E01000873,0,-1
2020010239379,2020,010239379,2,3,0,13,13,7,3,0,0,1,0,0,0,0,4,-1,6,6,1,34,6,108,1,2,HONDA NSC110MP,3,E01003534,0,-1
2020990930771,2020,990930771,2,2,0,18,19,6,2,0,0,1,0,0,0,0,3,1,1,1,1,21,5,108,1,4,HONDA NSC110MP,3,-1,0,-1
2020210935105,2020,210935105,2,3,0,18,19,8,4,0,0,0,-1,-1,0,0,1,1,1,1,1,30,6,108,1,3,HONDA NSC110MP,7,E01029721,0,-1
2020010244568,2020,010244568,2,3,0,16,19,7,1,0,0,0,0,0,0,0,1,1,1,1,2,32,6,108,1,3,HONDA NSC110MP,1,E01000508,0,-1
2020010263137,2020,010263137,1,3,0,18,19,5,1,9,9,0,0,10,1,11,1,1,6,6,2,31,6,108,1,3,HONDA NSC110MP,4,E01000171,0,-1
2020010229508,2020,010229508,2,3,0,18,19,7,3,0,0,0,0,0,0,0,1,1,1,1,1,25,5,108,1,3,HONDA NSC110MP,4,E01003317,0,-1
2020010264352,2020,010264352,1,3,0,18,19,1,5,0,0,2,0,0,0,0,1,1,1,1,1,18,4,108,1,2,HONDA NSC110MP,6,E01003366,0,-1
2020010229688,2020,010229688,1,3,0,18,19,2,6,0,0,8,0,0,0,0,1,1,1,1,1,34,6,108,1,3,HONDA NSC110MP,1,E01004665,0,-1
2020010279896,2020,010279896,2,3,0,99,99,9,9,99,99,9,9,99,9,99,1,1,6,6,3,-1,-1,108,1,1,HONDA NSC110MP,-1,-1,0,-1
2020010237767,2020,010237767,1,3,0,18,19,7,3,0,0,1,2,11,0,0,1,-1,1,1,1,20,4,108,1,2,HONDA NSC110MP,2,E01003162,0,-1
2020010244945,2020,010244945,2,3,0,13,13,5,1,0,0,1,0,0,0,0,4,1,1,1,1,35,6,108,1,1,HONDA NSC110MP,3,E01003096,0,-1
2020360967494,2020,360967494,1,3,0,17,19,3,7,0,0,0,0,0,0,0,3,1,2,2,1,23,5,108,1,3,HONDA NSC110MP,1,E01026699,0,-1
2020010246353,2020,010246353,2,2,0,18,19,3,7,0,0,1,0,0,0,0,1,1,1,1,1,24,5,108,1,3,HONDA NSC110MP,-1,-1,0,-1
2020010277142,2020,010277142,1,3,0,99,99,9,9,99,99,0,9,99,9,99,1,1,6,6,1,25,5,108,1,2,HONDA NSC110MP,1,E01002041,0,-1
2020010270639,2020,010270639,2,2,0,18,19,1,5,0,0,1,0,0,0,0,1,1,6,6,3,-1,-1,108,1,3,HONDA NSC110MP,-1,-1,0,-1
2020010245053,2020,010245053,2,3,0,13,13,3,7,0,0,0,5,0,0,0,1,1,1,1,1,20,4,108,1,2,HONDA NSC110MP,2,E01000126,0,-1
2020430027341,2020,430027341,1,3,0,4,4,5,1,0,0,0,1,0,0,0,4,1,6,6,1,36,7,108,1,1,HONDA NSC110MP,3,E01033422,0,-1
2020420986929,2020,420986929,1,3,0,18,19,8,4,0,0,1,0,10,0,0,1,1,2,2,2,17,4,108,1,3,HONDA NSC110MP,5,E01021414,0,-1
2020010281487,2020,010281487,2,3,0,18,19,1,5,0,0,1,0,0,0,0,1,1,1,1,1,24,5,108,1,3,HONDA NSC110MP,2,E01001333,0,-1
2020010232144,2020,010232144,2,3,0,99,99,9,9,0,0,0,0,0,0,0,1,1,6,6,1,42,7,108,1,3,HONDA NSC110MP,4,E01032778,0,-1
2020410973488,2020,410973488,1,3,0,18,19,1,5,0,0,1,0,0,0,0,2,1,5,6,1,20,4,108,1,3,HONDA NSC110MP,5,E01023792,0,-1
2020010273147,2020,010273147,1,3,0,99,99,9,9,99,99,9,9,99,9,99,2,9,6,6,1,24,5,108,1,1,HONDA NSC110MP,4,E01003114,0,-1
2020140970761,2020,140970761,1,3,0,18,19,1,5,0,0,1,0,0,0,0,1,1,6,6,1,21,5,108,1,2,HONDA NSC110MP,5,E01019803,0,-1
2020010270137,2020,010270137,1,3,0,7,7,7,8,0,0,1,0,0,0,0,3,1,6,6,1,21,5,108,1,3,HONDA NSC110MP,1,E01000596,0,-1
2020010231137,2020,010231137,2,2,0,18,19,3,7,0,0,0,2,0,0,0,0,1,1,1,1,29,6,108,1,2,HONDA NSC110MP,4,E01033424,0,-1
2020360989693,2020,360989693,1,3,5,18,19,5,1,0,0,0,0,0,0,0,1,1,2,2,1,31,6,108,1,3,HONDA NSC110MP,1,E01026704,0,-1
2020010238506,2020,010238506,1,3,0,99,99,9,9,99,99,9,9,99,9,99,9,-1,6,6,1,31,6,108,1,3,HONDA NSC110MP,5,E01004520,0,-1
2020010267516,2020,010267516,2,3,0,18,19,7,3,0,0,0,0,0,0,0,1,1,1,1,1,19,4,108,1,2,HONDA NSC110MP,-1,-1,0,-1
2020010237994,2020,010237994,1,3,0,13,13,8,4,0,0,2,0,0,0,0,3,1,2,2,1,42,7,108,1,3,HONDA NSC110MP,1,E01000953,0,-1
2020010271233,2020,010271233,1,3,0,99,99,9,9,99,99,9,9,99,9,99,0,1,2,2,2,32,6,108,1,1,HONDA NSC110MP,4,E01001146,0,-1
2020010265272,2020,010265272,2,3,0,13,13,8,4,0,0,0,0,0,0,0,1,1,6,6,2,26,6,108,1,3,HONDA NSC110MP,8,E01003455,0,-1
2020010254160,2020,010254160,1,3,0,99,99,9,9,99,99,9,9,99,9,99,9,1,6,6,1,24,5,108,1,2,HONDA NSC110MP,9,E01002112,0,-1
2020410964384,2020,410964384,2,3,0,18,19,1,7,0,0,0,0,0,0,0,1,1,1,1,1,23,5,108,1,2,HONDA NSC110MP,6,E01000590,0,-1
2020200953564,2020,200953564,1,3,0,9,9,2,7,0,0,6,1,0,0,0,1,1,6,6,1,33,6,108,1,1,HONDA NSC110MP,4,E01010556,0,-1
2020010247322,2020,010247322,2,2,0,15,15,5,1,0,0,1,0,0,1,0,1,1,1,1,1,20,4,108,1,3,HONDA NSC110MP,4,E01003301,0,-1
2020010256058,2020,010256058,1,3,0,99,99,9,9,99,99,9,9,99,9,99,2,1,6,6,1,37,7,108,1,1,HONDA NSC110MP,2,E01001339,0,-1
2020122000890,2020,122000890,1,5,0,18,19,7,3,0,0,0,1,0,0,0,3,1,6,6,2,59,9,108,1,2,-1,6,E01027622,0,-1
2020451008581,2020,451008581,2,3,0,18,19,1,5,0,0,0,0,0,0,0,1,1,6,6,2,36,7,108,1,2,HONDA NSC110MP,8,E01030384,0,-1
2020010265781,2020,010265781,2,3,0,15,15,5,1,0,0,1,5,0,0,0,1,1,1,1,1,41,7,108,1,3,HONDA NSC110MP,2,E01002051,0,-1
2020430206853,2020,430206853,1,2,0,18,19,4,8,0,0,4,0,0,0,0,3,1,1,1,2,44,7,108,1,2,HONDA NSC110MP,3,E01016389,0,-1
2020010229688,2020,010229688,2,3,0,18,19,1,5,0,0,8,0,0,0,0,1,1,1,1,1,36,7,108,1,2,HONDA NSC110MP,5,E01004523,0,-1
2020010230472,2020,010230472,2,3,0,16,19,5,1,0,0,1,0,0,0,0,1,1,1,1,1,34,6,108,1,3,HONDA NSC110MP,-1,-1,0,-1
2020010249890,2020,010249890,2,3,0,99,99,9,9,99,99,9,9,99,9,99,9,-1,6,6,1,19,4,108,1,3,HONDA NSC110MP,3,E01004630,0,-1
2020010273990,2020,010273990,2,3,0,5,5,8,4,0,0,1,0,0,0,0,1,1,6,6,1,31,6,108,1,3,HONDA NSC110MP,2,E01000012,0,-1
2020360998207,2020,360998207,2,3,0,18,19,1,5,0,0,1,0,0,0,0,1,1,2,2,1,20,4,108,1,3,HONDA NSC110MP,7,E01026627,0,-1
2020010286605,2020,010286605,1,3,0,18,19,1,5,0,0,0,0,0,0,0,1,1,1,1,1,21,5,108,1,2,HONDA NSC110MP,4,E01001934,0,-1
2020010259570,2020,010259570,2,3,0,13,13,2,6,0,0,8,0,0,0,0,1,1,1,1,1,19,4,108,1,1,HONDA NSC110MP,3,E01001045,0,-1
2020010280346,2020,010280346,1,3,5,4,4,4,8,0,0,1,0,0,0,0,3,1,1,1,1,26,6,108,1,2,HONDA NSC110MP,6,E01001870,0,-1
2020010271794,2020,010271794,1,3,0,99,99,9,9,99,99,0,9,99,9,99,1,1,6,6,1,36,7,108,1,3,HONDA NSC110MP,2,E01004264,0,-1
2020010249046,2020,010249046,1,3,0,99,99,9,9,99,99,9,9,99,9,99,9,1,6,6,1,37,7,108,1,2,HONDA NSC110MP,3,E01002084,0,-1
2020010267376,2020,010267376,1,2,0,18,19,5,1,0,0,2,0,0,0,0,2,1,1,1,1,22,5,108,1,2,HONDA NSC110MP,2,E01003288,0,-1
2020010260598,2020,010260598,1,3,0,99,99,9,9,99,99,0,9,99,9,99,2,1,2,2,2,22,5,108,1,2,HONDA NSC110MP,2,E01003593,0,-1
2020010262431,2020,010262431,2,3,0,18,19,6,2,0,0,2,0,0,0,0,1,1,1,1,2,45,7,108,1,2,HONDA NSC110MP,4,E01004631,0,-1
2020010264537,2020,010264537,1,3,0,17,19,7,3,0,0,8,0,0,0,0,3,1,1,1,1,20,4,108,1,2,HONDA NSC110MP,2,E01001594,0,-1
2020010273733,2020,010273733,1,2,9,99,99,9,9,99,99,9,9,99,9,99,9,1,6,6,1,32,6,108,1,3,HONDA NSC110MP,5,E01000299,0,-1
2020010261325,2020,010261325,2,3,0,5,5,7,3,0,0,1,0,0,0,0,4,1,1,1,1,39,7,108,1,3,HONDA NSC110MP,4,E01001873,0,-1
2020430428545,2020,430428545,2,3,0,18,19,2,6,0,0,8,0,0,0,0,4,1,6,6,1,24,5,108,1,3,HONDA NSC110MP,7,E01028527,0,-1
2020010261323,2020,010261323,1,3,0,18,19,7,3,0,0,0,5,0,0,0,4,1,6,6,1,35,6,108,1,2,HONDA NSC110MP,1,E01004469,0,-1
2020010279792,2020,010279792,1,2,0,15,15,7,3,0,0,1,2,0,0,0,1,1,1,1,1,24,5,108,1,3,HONDA NSC110MP,2,E01000143,0,-1
2020010256878,2020,010256878,1,3,0,18,19,5,1,0,0,1,0,0,0,0,1,1,1,1,1,22,5,108,1,1,HONDA NSC110MP,5,E01000594,0,-1
2020010253983,2020,010253983,2,3,0,3,3,1,5,0,0,1,0,0,0,0,1,1,6,6,2,30,6,108,1,1,HONDA NSC110MP,8,E01003446,0,-1
2020010275510,2020,010275510,1,3,0,99,99,9,9,99,99,9,9,99,9,99,2,1,6,6,1,24,5,108,1,2,HONDA NSC110MP,1,E01001196,0,-1
2020010270138,2020,010270138,1,3,0,99,99,9,9,99,99,0,9,99,9,99,9,1,6,6,1,42,7,108,1,2,HONDA NSC110MP,5,E01003345,0,-1
2020010277276,2020,010277276,1,3,0,13,13,2,6,0,0,1,0,0,0,0,3,1,6,6,1,17,4,108,1,2,HONDA NSC110MP,-1,-1,0,-1
2020010243760,2020,010243760,1,2,0,4,4,1,5,0,0,8,0,0,0,0,2,-1,1,1,1,24,5,108,1,2,HONDA NSC110MP,2,E01001172,0,-1
2020010247212,2020,010247212,1,3,0,5,5,1,5,0,0,1,0,0,0,0,2,1,6,6,1,22,5,108,1,2,HONDA NSC110MP,1,E01001427,0,-1
2020440421775,2020,440421775,1,2,0,17,19,2,8,0,0,8,1,0,0,0,3,1,1,1,1,24,5,108,1,1,HONDA NSC110MP,3,E01022738,0,-1
2020010252084,2020,010252084,2,3,0,99,99,9,9,99,99,9,9,99,9,99,9,1,6,6,3,-1,-1,108,1,1,HONDA NSC110MP,-1,-1,0,-1
2020010266108,2020,010266108,2,3,0,18,19,3,7,0,0,1,0,0,0,0,4,1,1,1,1,25,5,108,1,2,HONDA NSC110MP,3,E01002814,0,-1
2020010245797,2020,010245797,2,3,0,9,9,7,5,2,2,5,5,0,0,0,1,1,2,2,1,34,6,108,1,3,HONDA NSC110MP,7,E01004516,0,-1
2020010258602,2020,010258602,2,3,0,18,19,3,7,0,0,2,2,0,0,0,4,1,6,6,1,32,6,108,1,3,HONDA NSC110MP,2,E01001249,0,-1
2020010270301,2020,010270301,1,3,0,5,5,3,7,0,0,1,0,0,3,0,3,1,6,6,1,21,5,108,1,2,HONDA NSC110MP,4,E01003573,0,-1
2020010271857,2020,010271857,1,3,0,18,19,7,3,0,0,5,0,0,1,0,0,1,1,1,2,27,6,108,1,3,HONDA NSC110MP,3,E01003969,0,-1
2020010236518,2020,010236518,1,3,0,99,99,9,9,0,0,1,0,0,0,0,9,1,6,6,1,28,6,108,1,1,HONDA NSC110MP,3,E01004452,0,-1
2020010261299,2020,010261299,2,3,0,13,13,3,7,0,0,0,0,0,0,0,3,1,1,1,1,22,5,108,1,2,HONDA NSC110MP,-1,-1,0,-1
2020010231294,2020,010231294,2,3,0,13,13,7,3,0,0,1,0,0,0,0,1,-1,1,1,1,27,6,108,1,2,HONDA NSC110MP,2,W01001765,0,-1
2020622000364,2020,622000364,2,2,0,18,19,4,8,0,0,0,0,0,0,0,1,1,1,1,1,31,6,108,1,1,HONDA NSC110MP,8,W01001747,0,-1
2020010262909,2020,010262909,2,3,0,18,19,7,3,2,2,1,1,0,0,0,3,1,1,1,1,24,5,108,1,1,HONDA NSC110MP,2,E01000482,0,-1
2020010279264,2020,010279264,1,3,0,99,99,9,9,99,99,0,9,99,9,99,1,1,2,2,1,32,6,108,1,2,HONDA NSC110MP,1,E01003075,0,-1
2020010229657,2020,010229657,2,3,0,18,19,5,1,0,0,8,1,0,0,0,0,1,6,6,1,20,4,108,1,3,HONDA NSC110MP,-1,-1,0,-1
2020010286755,2020,010286755,1,3,0,99,99,9,9,99,99,9,9,99,9,99,9,1,6,6,2,28,6,108,1,2,HONDA NSC110MP,2,E01004613,0,-1
2020320583309,2020,320583309,1,5,0,18,19,1,5,0,0,1,2,0,0,0,1,1,2,2,2,18,4,108,1,3,-1,5,E01026145,0,-1
2020450918778,2020,450918778,2,3,0,18,19,5,1,0,0,8,5,0,0,0,1,1,2,2,1,20,4,108,1,2,HONDA NSC110MP,8,E01030703,0,-1
2020320579619,2020,320579619,1,3,0,14,14,1,5,0,0,0,0,0,0,0,1,1,6,6,1,21,5,108,1,3,HONDA NSC110MP,-1,-1,0,-1
2020010231177,2020,010231177,1,3,0,99,99,9,9,99,99,9,9,99,9,99,1,1,6,6,1,38,7,108,1,3,HONDA NSC110MP,2,E01001758,0,-1
2020430304219,2020,430304219,2,3,0,7,7,2,4,0,0,6,0,0,0,0,1,1,6,6,1,19,4,108,1,3,HONDA NSC110MP,2,E01017709,0,-1
2020010260790,2020,010260790,1,3,0,99,99,9,9,99,99,9,9,99,9,99,1,1,6,6,1,35,6,108,1,3,HONDA NSC110MP,4,E01000171,0,-1
2020010262852,2020,010262852,1,3,0,9,9,1,6,0,0,6,5,0,0,0,3,1,6,6,1,24,5,108,1,3,HONDA NSC110MP,3,E01002707,0,-1
2020360977795,2020,360977795,1,3,0,14,14,1,5,0,0,2,0,0,0,0,1,1,5,6,1,24,5,108,1,2,HONDA NSC110MP,5,E01026726,0,-1
2020440028791,2020,440028791,1,3,0,18,19,4,8,0,0,8,1,0,0,0,1,1,1,1,1,18,4,108,1,3,HONDA NSC110MP,9,E01022692,0,-1
2020010277754,2020,010277754,1,3,0,18,19,5,1,0,0,1,0,99,0,0,1,1,6,6,1,24,5,108,1,1,HONDA NSC110MP,8,E01000563,0,-1
2020010283680,2020,010283680,2,3,0,18,19,3,7,0,0,1,5,0,0,0,4,1,1,1,1,26,6,108,1,2,HONDA NSC110MP,5,E01000631,0,-1
2020010251548,2020,010251548,2,3,0,18,19,5,1,0,0,8,0,0,0,0,1,1,6,6,1,19,4,108,1,2,HONDA NSC110MP,3,E01000510,0,-1
2020010251697,2020,010251697,1,3,0,7,7,8,3,0,0,1,0,0,0,0,2,1,1,1,1,40,7,108,1,2,HONDA NSC110MP,4,E01004027,0,-1
2020010278280,2020,010278280,1,3,0,16,19,3,7,0,0,1,1,0,0,0,0,1,1,1,1,24,5,108,1,3,HONDA NSC110MP,5,E01000520,0,-1
2020010278847,2020,010278847,1,3,0,99,99,9,9,99,99,9,9,99,9,99,1,1,6,6,1,28,6,108,1,1,HONDA NSC110MP,5,E01003083,0,-1
2020350921935,2020,350921935,1,3,0,3,3,1,5,0,0,1,0,0,0,0,1,1,6,6,1,41,7,108,1,2,HONDA NSC110MP,10,E01018266,0,-1
2020010247737,2020,010247737,2,3,0,99,99,9,9,99,99,9,9,99,9,99,1,1,6,6,3,-1,-1,108,1,2,HONDA NSC110MP,8,E01000181,0,-1
2020440427981,2020,440427981,2,3,0,18,19,3,7,0,0,8,0,0,0,0,1,1,6,6,1,68,10,108,1,2,HONDA NSC110MP,1,E01017163,0,-1
2020010268793,2020,010268793,1,3,0,9,9,6,3,0,0,1,0,0,0,0,2,1,1,1,1,27,6,108,1,2,HONDA NSC110MP,2,E01000533,0,-1
2020460941250,2020,460941250,1,3,0,18,19,1,5,0,0,1,0,0,0,0,1,1,1,1,1,22,5,108,1,2,HONDA NSC110MP,6,E01032817,0,-1
2020010251937,2020,010251937,1,3,0,99,99,9,9,99,99,9,9,99,9,99,1,-1,6,6,1,30,6,108,1,3,HONDA NSC110MP,3,E01000535,0,-1
2020010256358,2020,010256358,1,3,0,99,99,9,9,99,99,0,9,99,9,99,9,1,6,6,1,32,6,108,1,2,HONDA NSC110MP,2,E01000550,0,-1
2020010251813,2020,010251813,1,3,0,18,19,4,8,0,0,2,0,0,0,0,1,-1,1,1,1,46,8,108,1,1,HONDA NSC110MP,5,E01000489,0,-1
2020320567398,2020,320567398,1,3,0,16,19,1,5,0,0,1,0,0,0,0,4,1,2,2,1,27,6,108,1,3,HONDA NSC110MP,5,E01026286,0,-1
2020010229876,2020,010229876,2,3,0,14,14,5,1,0,0,8,1,0,0,0,1,1,6,6,1,18,4,108,1,2,HONDA NSC110MP,3,E01003391,0,-1
2020010229928,2020,010229928,1,3,0,18,19,7,3,0,0,8,1,0,0,0,1,1,2,2,1,20,4,108,1,2,HONDA NSC110MP,8,E01004143,0,-1
2020010253794,2020,010253794,1,3,0,3,3,1,5,0,0,1,0,0,0,0,1,1,1,1,1,22,5,108,1,1,HONDA NSC110MP,7,E01002182,0,-1
2020500939225,2020,500939225,2,3,0,18,19,7,6,2,2,1,0,0,0,0,1,1,5,6,1,59,9,108,1,2,HONDA NSC110MP,4,E01015177,0,-1
2020010279842,2020,010279842,2,3,0,14,14,1,5,0,0,0,0,0,0,0,1,1,1,1,1,27,6,108,1,2,HONDA NSC110MP,1,E01003961,0,-1
2020010258464,2020,010258464,1,3,0,14,14,1,5,99,99,0,9,99,9,99,1,1,6,6,1,42,7,108,1,1,HONDA NSC110MP,1,E01004674,0,-1
2020440216224,2020,440216224,1,2,0,14,14,2,6,0,0,0,1,10,7,0,1,1,6,6,2,24,5,108,1,1,HONDA NSC110MP,2,E01020347,0,-1
2020010231585,2020,010231585,2,3,0,5,5,1,5,0,0,0,0,0,0,0,3,1,6,6,1,26,6,108,1,2,HONDA NSC110MP,2,E01002054,0,-1
2020010251676,2020,010251676,1,4,0,18,19,3,7,0,0,7,0,0,0,0,4,1,6,6,1,25,5,108,1,3,HONDA NSC110MP,3,E01001190,0,-1
2020460979332,2020,460979332,2,3,0,13,13,3,7,0,0,2,0,0,0,0,4,1,1,1,2,19,4,108,1,3,HONDA NSC110MP,4,E01024293,0,-1
2020010258523,2020,010258523,1,3,0,18,19,7,3,0,0,0,1,0,0,0,1,1,1,1,1,19,4,108,1,1,HONDA NSC110MP,5,E01003948,0,-1
2020010228329,2020,010228329,1,3,0,99,99,9,9,0,0,9,9,0,0,0,2,1,6,6,2,31,6,108,1,1,HONDA NSC110MP,2,E01021816,0,-1
2020010258801,2020,010258801,2,2,0,13,13,3,7,0,0,0,0,0,0,0,1,1,6,6,1,15,3,108,1,3,HONDA NSC110MP,2,E01003968,0,-1
2020010246525,2020,010246525,2,3,9,13,13,9,9,0,0,0,9,0,0,0,1,1,6,6,1,-1,-1,108,1,4,HONDA NSC110MP,-1,-1,0,-1
2020010243085,2020,010243085,2,3,0,4,4,5,1,0,0,4,0,0,0,0,2,1,2,2,1,25,5,108,1,2,HONDA NSC110MP,6,E01002126,0,-1
2020010236591,2020,010236591,2,3,0,18,19,7,3,0,0,0,0,0,0,0,1,1,1,1,1,20,4,108,1,2,HONDA NSC110MP,6,E01002742,0,-1
2020010234470,2020,010234470,1,3,0,99,99,9,9,99,99,9,9,99,9,99,9,1,2,2,1,35,6,108,1,2,HONDA NSC110MP,3,E01003989,0,-1
2020460972983,2020,460972983,2,3,0,18,19,7,2,0,0,8,1,0,0,0,2,1,6,6,1,19,4,108,1,2,HONDA NSC110MP,2,E01023990,0,-1
2020010262361,2020,010262361,1,3,0,5,5,5,1,0,0,1,0,0,0,0,1,1,1,1,1,29,6,108,1,1,HONDA NSC110MP,1,E01000551,0,-1
2020010275274,2020,010275274,2,3,0,11,11,3,7,0,0,1,0,0,0,0,3,1,1,1,1,18,4,108,1,1,HONDA NSC110MP,3,E01003730,0,-1
2020010280361,2020,010280361,2,3,0,18,19,2,6,0,0,8,0,0,0,0,1,1,6,6,1,26,6,108,1,3,HONDA NSC110MP,4,E01002624,0,-1
2020010284205,2020,010284205,1,3,0,99,99,9,9,99,99,9,9,99,9,99,2,1,6,6,1,21,5,108,1,2,HONDA NSC110MP,2,E01003309,0,-1
2020010242113,2020,010242113,2,3,0,3,3,1,5,0,0,1,0,0,7,0,2,1,6,6,1,19,4,108,1,3,HONDA NSC110MP,3,E01000900,0,-1
2020360978539,2020,360978539,1,3,0,18,19,3,7,0,0,1,1,0,1,0,0,1,4,7,1,19,4,108,1,3,HONDA NSC110MP,7,E01026897,0,-1
2020010246015,2020,010246015,1,3,0,18,19,1,5,0,0,8,0,0,0,0,3,1,6,6,1,21,5,108,1,2,HONDA NSC110MP,4,E01000995,0,-1
2020010240696,2020,010240696,1,3,0,18,19,3,7,0,0,1,0,0,0,0,1,1,6,6,1,21,5,108,1,3,HONDA NSC110MP,3,E01000638,0,-1
2020010282876,2020,010282876,1,3,0,18,19,5,1,0,0,2,0,0,0,0,3,1,6,6,1,30,6,108,1,4,HONDA NSC110MP,5,E01001350,0,-1
2020010254069,2020,010254069,2,2,0,5,5,3,7,0,0,4,0,0,0,0,2,1,6,6,1,30,6,108,1,2,HONDA NSC110MP,7,E01000147,0,-1
2020010267348,2020,010267348,1,4,0,18,19,3,7,0,0,1,0,0,0,0,4,1,6,6,2,34,6,108,1,3,HONDA NSC110MP,5,E01004644,0,-1
2020350939111,2020,350939111,1,4,0,18,19,5,3,0,0,0,1,0,0,0,1,1,1,1,1,19,4,108,1,1,HONDA NSC110MP,2,E01018144,0,-1
2020522002768,2020,522002768,1,3,0,3,3,3,7,0,0,0,0,0,0,0,1,1,6,6,2,49,8,108,1,2,HONDA NSC110MP,-1,-1,0,-1
2020010239752,2020,010239752,2,3,0,18,19,1,5,0,0,6,5,0,0,0,1,-1,1,1,1,24,5,108,1,2,HONDA NSC110MP,4,E01001975,0,-1
2020010276501,2020,010276501,1,3,0,99,99,9,9,99,99,1,9,99,9,99,9,1,6,6,1,29,6,108,1,3,HONDA NSC110MP,4,E01001686,0,-1
2020460953671,2020,460953671,2,3,0,18,19,5,1,0,0,0,0,0,1,0,3,1,5,6,2,36,7,108,1,3,HONDA NSC110MP,4,E01024293,0,-1
2020010255505,2020,010255505,1,3,0,99,99,9,9,99,99,9,9,99,9,99,1,1,6,6,2,27,6,108,1,3,HONDA NSC110MP,3,E01003989,0,-1
2020010282956,2020,010282956,1,3,0,99,99,9,9,99,99,9,9,99,9,99,1,1,2,2,2,44,7,108,1,3,HONDA NSC110MP,7,E01001583,0,-1
2020010277064,2020,010277064,1,3,0,14,14,3,7,0,0,1,0,0,0,0,1,1,2,2,1,38,7,108,1,2,HONDA NSC110MP,3,E01001287,0,-1