collision_index,collision_year,collision_ref_no,vehicle_reference,vehicle_type,towing_and_articulation,vehicle_manoeuvre_historic,vehicle_manoeuvre,vehicle_direction_from,vehicle_direction_to,vehicle_location_restricted_lane_historic,vehicle_location_restricted_lane,junction_location,skidding_and_overturning,hit_object_in_carriageway,vehicle_leaving_carriageway,hit_object_off_carriageway,first_point_of_impact,vehicle_left_hand_drive,journey_purpose_of_driver_historic,journey_purpose_of_driver,sex_of_driver,age_of_driver,age_band_of_driver,engine_capacity_cc,propulsion_code,age_of_vehicle,generic_make_model,driver_imd_decile,lsoa_of_driver,escooter_flag,driver_distance_banding
2020010235250,2020,010235250,1,3,0,18,19,3,7,0,0,1,0,0,0,0,4,1,1,1,1,20,4,108,1,3,HONDA NSC110MP,4,E01000612,0,-1
2020010263988,2020,010263988,2,3,0,13,13,3,7,0,0,0,0,0,0,0,1,1,1,1,1,35,6,108,1,3,HONDA NSC110MP,4,E01000162,0,-1
2020161002786,2020,161002786,1,3,0,12,12,3,7,0,0,0,1,0,0,0,1,1,2,2,1,21,5,108,1,2,HONDA NSC110MP,1,E01013083,0,-1
2020010233844,2020,010233844,1,3,0,18,19,3,7,8,6,6,0,0,1,11,1,-1,6,6,1,17,4,108,1,2,HONDA NSC110MP,3,E01003154,0,-1
2020040981326,2020,040981326,2,3,0,18,19,5,1,0,0,2,0,0,0,0,3,1,1,1,1,51,8,108,1,2,HONDA NSC110MP,2,E01024890,0,-1
2020010259878,2020,010259878,1,3,0,99,99,9,9,99,99,9,9,99,9,99,1,1,2,2,1,18,4,108,1,2,HONDA NSC110MP,3,E01004123,0,-1
2020010256531,2020,010256531,2,3,0,18,19,1,5,0,0,8,0,0,0,0,1,1,1,1,1,17,4,108,1,3,HONDA NSC110MP,3,E01001446,0,-1
2020010278514,2020,010278514,1,3,9,99,99,9,9,99,99,9,9,99,9,99,9,1,6,6,1,37,7,108,1,3,HONDA NSC110MP,5,E01002219,0,-1
2020010272405,2020,010272405,2,3,0,99,99,9,9,99,99,9,9,99,9,99,1,1,6,6,3,-1,-1,108,1,3,HONDA NSC110MP,-1,-1,0,-1
2020010231730,2020,010231730,1,3,0,99,99,9,9,99,99,9,9,99,9,99,1,1,6,6,1,37,7,108,1,3,HONDA NSC110MP,2,E01003066,0,-1
2020440258967,2020,440258967,1,3,0,18,19,8,4,0,0,0,0,0,1,0,1,1,6,6,2,24,5,108,1,1,HONDA NSC110MP,2,E01020347,0,-1
2020010237875,2020,010237875,2,3,0,18,19,1,5,0,0,1,0,4,0,0,1,-1,1,1,1,21,5,108,1,2,HONDA NSC110MP,2,E01000904,0,-1
2020010271142,2020,010271142,1,3,0,99,99,9,9,99,99,9,9,99,9,99,1,1,6,6,1,29,6,108,1,2,HONDA NSC110MP,9,E01002983,0,-1
2020010277144,2020,010277144,1,3,0,99,99,9,9,0,0,0,0,0,0,0,9,1,6,6,1,21,5,108,1,3,HONDA NSC110MP,2,E01004023,0,-1
2020460954412,2020,460954412,1,3,0,18,19,5,1,0,0,8,0,0,0,0,3,1,1,1,1,19,4,108,1,2,HONDA NSC110MP,2,E01023990,0,-1
2020010240275,2020,010240275,1,3,0,18,19,5,1,0,0,0,0,0,0,0,1,1,6,6,1,27,6,108,1,3,HONDA NSC110MP,2,E01000955,0,-1
2020010246218,2020,010246218,1,3,0,99,99,9,9,99,99,9,9,99,9,99,9,1,6,6,1,50,8,108,1,3,HONDA NSC110MP,8,E01000311,0,-1
2020010243386,2020,010243386,2,3,0,18,19,7,3,0,0,0,0,0,0,0,1,1,1,1,1,-1,-1,108,1,3,HONDA NSC110MP,5,E01000964,0,-1
2020010274979,2020,010274979,1,4,0,3,3,5,1,0,0,1,0,0,0,0,1,1,1,1,1,32,6,108,1,3,HONDA NSC110MP,6,E01002875,0,-1
2020451000514,2020,451000514,1,3,0,17,19,8,4,0,0,8,5,0,0,0,4,1,1,1,1,24,5,108,1,2,HONDA NSC110MP,2,E01001151,0,-1
2020010250958,2020,010250958,1,2,0,18,19,1,5,0,0,1,5,0,0,0,1,1,2,2,1,22,5,108,1,2,HONDA NSC110MP,4,E01000676,0,-1
2020211023013,2020,211023013,1,2,0,18,19,8,4,0,0,0,1,0,0,0,0,1,1,1,1,46,8,108,1,3,HONDA NSC110MP,1,E01013591,0,-1
2020010278267,2020,010278267,2,3,0,18,19,5,1,0,0,1,0,0,0,0,1,1,1,1,1,20,4,108,1,4,HONDA NSC110MP,1,E01004199,0,-1
2020010249770,2020,010249770,2,3,0,9,9,5,2,0,0,8,5,0,0,0,3,1,6,6,1,37,7,108,1,1,HONDA NSC110MP,3,E01000506,0,-1
2020010245295,2020,010245295,1,3,0,18,19,7,3,0,0,2,1,0,0,0,3,1,1,1,1,63,9,108,1,1,HONDA NSC110MP,6,E01002062,0,-1
2020010264085,2020,010264085,2,3,0,18,19,5,1,0,0,8,0,0,0,0,0,1,2,2,1,32,6,108,1,1,HONDA NSC110MP,3,E01000522,0,-1
2020010279968,2020,010279968,2,3,0,18,19,5,1,0,0,4,1,0,0,0,1,1,1,1,1,31,6,108,1,3,HONDA NSC110MP,3,E01003525,0,-1
2020010244595,2020,010244595,2,2,0,13,13,8,4,0,0,0,0,0,0,0,3,1,2,2,1,27,6,108,1,2,HONDA NSC110MP,3,E01001492,0,-1
2020010260820,2020,010260820,1,3,0,99,99,9,9,99,99,9,9,99,9,99,1,1,6,6,1,38,7,108,1,2,HONDA NSC110MP,9,E01001227,0,-1
2020010257276,2020,010257276,1,3,0,18,19,4,8,0,0,6,0,0,0,0,3,1,1,1,1,27,6,108,1,2,HONDA NSC110MP,2,E01000533,0,-1
2020200943906,2020,200943906,1,2,0,4,4,1,4,0,0,1,2,0,0,0,1,1,1,1,1,43,7,108,1,2,HONDA NSC110MP,3,E01008921,0,-1
2020010267560,2020,010267560,2,3,0,4,4,5,1,0,0,0,0,0,0,0,2,1,1,1,1,31,6,108,1,3,HONDA NSC110MP,2,E01004283,0,-1
2020010264446,2020,010264446,1,3,0,99,99,9,9,99,99,0,9,99,9,99,3,1,6,6,2,22,5,108,1,3,HONDA NSC110MP,4,E01004215,0,-1
2020010284270,2020,010284270,1,3,0,99,99,9,9,99,99,9,9,99,9,99,2,1,6,6,1,26,6,108,1,3,HONDA NSC110MP,4,E01003560,0,-1
2020010282271,2020,010282271,1,3,0,99,99,9,9,99,99,9,9,99,9,99,9,1,6,6,1,26,6,108,1,3,HONDA NSC110MP,5,E01000142,0,-1
2020010270987,2020,010270987,1,3,5,18,19,4,8,0,0,8,5,0,0,0,1,1,1,1,1,29,6,108,1,2,HONDA NSC110MP,4,E01002307,0,-1
2020010289184,2020,010289184,1,3,0,99,99,9,9,99,99,9,9,99,9,99,9,1,6,6,1,24,5,108,1,2,HONDA NSC110MP,2,E01002664,0,-1
2020010235556,2020,010235556,1,4,0,7,7,6,8,0,0,4,5,0,0,0,3,1,6,6,1,37,7,108,1,2,HONDA NSC110MP,3,E01001287,0,-1
2020010229073,2020,010229073,2,3,0,13,13,3,7,0,0,0,0,0,0,0,0,-1,6,6,1,47,8,108,1,3,HONDA NSC110MP,2,E01001754,0,-1
2020361000078,2020,361000078,2,3,0,18,19,1,4,0,0,1,0,0,0,0,1,1,6,6,1,18,4,108,1,3,HONDA NSC110MP,2,E01003189,0,-1
2020010251697,2020,010251697,2,3,0,18,19,7,3,0,0,1,0,0,0,0,1,1,6,6,1,43,7,108,1,3,HONDA NSC110MP,-1,-1,0,-1
2020010249207,2020,010249207,2,3,0,13,13,5,1,0,0,1,0,0,0,0,4,-1,1,1,1,19,4,108,1,2,HONDA NSC110MP,6,E01000576,0,-1
2020010285642,2020,010285642,2,2,0,18,19,5,1,0,0,2,0,0,0,0,1,1,6,6,1,18,4,108,1,2,HONDA NSC110MP,8,E01000540,0,-1
2020010244503,2020,010244503,1,3,0,16,19,7,3,0,0,8,1,0,0,0,3,1,1,1,1,20,4,108,1,2,HONDA NSC110MP,2,E01033591,0,-1
2020450923445,2020,450923445,1,4,0,9,9,2,6,0,0,8,2,0,0,0,3,1,1,1,1,20,4,108,1,2,HONDA NSC110MP,5,E01000996,0,-1
2020010267391,2020,010267391,1,3,0,18,19,3,7,0,0,8,0,0,0,0,0,1,1,1,1,19,4,108,1,2,HONDA NSC110MP,2,E01003912,0,-1
2020010281170,2020,010281170,2,4,0,9,9,5,3,0,0,1,0,0,0,0,1,1,1,1,1,17,4,108,1,2,HONDA NSC110MP,4,E01000286,0,-1
2020010241733,2020,010241733,2,2,0,9,9,3,1,0,0,2,0,0,0,0,1,1,6,6,1,24,5,108,1,2,HONDA NSC110MP,4,E01000616,0,-1
2020460925210,2020,460925210,1,2,0,17,19,3,7,0,0,2,0,0,0,0,1,1,1,1,1,28,6,108,1,2,HONDA NSC110MP,6,E01024130,0,-1
2020010231177,2020,010231177,2,3,0,99,99,9,9,99,99,9,9,99,9,99,9,1,6,6,3,-1,-1,108,1,2,HONDA NSC110MP,-1,-1,0,-1
2020010281633,2020,010281633,1,2,0,18,19,8,4,0,0,0,0,0,0,0,2,1,6,6,1,26,6,108,1,3,HONDA NSC110MP,3,E01001365,0,-1
2020010287152,2020,010287152,2,3,0,9,9,5,3,0,0,6,5,0,0,0,1,1,1,1,1,18,4,108,1,3,HONDA NSC110MP,2,E01003325,0,-1
2020010260794,2020,010260794,1,3,9,99,99,9,9,99,99,9,9,99,9,99,9,1,6,6,1,25,5,108,1,2,HONDA NSC110MP,3,E01003627,0,-1
2020411017343,2020,411017343,1,2,0,9,9,6,8,0,0,1,0,0,0,0,0,1,6,6,2,31,6,108,1,2,HONDA NSC110MP,5,E01000632,0,-1
2020010272231,2020,010272231,1,3,0,99,99,9,9,99,99,9,9,99,9,99,1,1,6,6,1,22,5,108,1,3,HONDA NSC110MP,2,E01003502,0,-1
2020010249764,2020,010249764,2,3,0,18,19,1,5,0,0,1,0,0,0,0,3,1,6,6,1,32,6,108,1,1,HONDA NSC110MP,4,E01000472,0,-1
2020010249212,2020,010249212,1,3,0,18,19,7,3,0,0,1,5,0,0,99,1,1,6,6,1,39,7,108,1,2,HONDA NSC110MP,4,E01003409,0,-1
2020010240908,2020,010240908,1,3,0,18,19,5,1,0,0,8,2,0,0,0,0,1,3,7,1,49,8,108,1,1,HONDA NSC110MP,3,E01002521,0,-1
2020210954797,2020,210954797,2,3,0,18,19,4,8,0,0,0,0,0,0,0,2,1,1,1,1,18,4,108,1,2,HONDA NSC110MP,3,E01029602,0,-1
2020010263984,2020,010263984,1,3,0,5,5,7,3,0,0,8,0,0,0,0,1,1,1,1,1,19,4,108,1,3,HONDA NSC110MP,1,E01004407,0,-1
2020010262966,2020,010262966,1,3,0,99,99,9,9,99,99,9,9,99,9,99,1,1,6,6,1,26,6,108,1,3,HONDA NSC110MP,3,E01002048,0,-1
2020010254741,2020,010254741,1,3,0,17,19,7,3,0,0,1,1,0,0,0,0,1,1,1,1,23,5,108,1,3,HONDA NSC110MP,4,E01003357,0,-1
2020302000078,2020,302000078,1,3,0,18,19,1,5,0,0,0,1,0,0,0,0,1,2,2,1,31,6,108,1,3,HONDA NSC110MP,1,E01019488,0,-1
2020010281352,2020,010281352,2,3,0,18,19,1,5,0,0,8,0,0,0,0,1,1,1,1,1,24,5,108,1,3,HONDA NSC110MP,3,E01002043,0,-1
2020010240119,2020,010240119,1,3,0,18,19,1,5,0,0,8,0,0,0,0,1,-1,6,6,2,29,6,108,1,2,HONDA NSC110MP,6,E01002630,0,-1
2020010243057,2020,010243057,1,2,0,13,13,4,8,0,0,0,0,0,0,0,1,1,6,6,1,25,5,108,1,2,HONDA NSC110MP,2,E01001011,0,-1
2020010273639,2020,010273639,1,3,0,18,19,1,5,9,9,0,0,0,0,0,4,1,1,1,1,26,6,108,1,2,HONDA NSC110MP,2,E01004001,0,-1
2020010256830,2020,010256830,1,3,0,18,19,3,7,0,0,2,0,10,0,0,3,1,1,1,1,22,5,108,1,1,HONDA NSC110MP,3,E01003915,0,-1
2020010259876,2020,010259876,1,3,0,99,99,9,9,0,0,8,0,0,0,0,2,1,6,6,1,27,6,108,1,2,HONDA NSC110MP,5,E01002629,0,-1
2020451007326,2020,451007326,1,3,0,18,19,7,3,0,0,1,5,0,0,0,4,1,5,6,1,24,5,108,1,2,HONDA NSC110MP,9,E01002983,0,-1
2020010286774,2020,010286774,1,3,0,99,99,9,9,99,99,9,9,99,9,99,9,1,6,6,1,18,4,108,1,1,HONDA NSC110MP,3,E01004571,0,-1
2020010239295,2020,010239295,1,3,0,11,11,7,3,0,0,6,0,4,0,0,1,-1,1,1,1,22,5,108,1,3,HONDA NSC110MP,3,E01003102,0,-1
2020010248934,2020,010248934,1,3,0,13,13,3,7,0,0,1,0,0,0,0,1,1,6,6,1,27,6,108,1,3,HONDA NSC110MP,4,E01002672,0,-1
2020010255298,2020,010255298,2,3,0,99,99,9,9,99,99,9,9,99,9,99,1,-1,6,6,3,-1,-1,108,1,3,HONDA NSC110MP,-1,-1,0,-1
2020990990681,2020,990990681,1,3,0,18,19,1,5,0,0,3,1,0,0,0,0,1,1,1,1,32,6,108,1,3,HONDA NSC110MP,2,-1,0,-1
2020010245484,2020,010245484,1,3,0,99,99,9,9,99,99,0,9,99,9,99,1,1,6,6,1,23,5,108,1,2,HONDA NSC110MP,2,E01001861,0,-1
2020010255810,2020,010255810,1,3,0,7,7,5,8,0,0,5,0,0,0,0,0,1,6,6,2,44,7,108,1,3,HONDA NSC110MP,4,E01001174,0,-1
2020010250258,2020,010250258,1,3,0,99,99,9,9,99,99,9,9,99,9,99,9,1,6,6,1,32,6,108,1,2,HONDA NSC110MP,4,E01016448,0,-1
2020010236758,2020,010236758,1,3,0,18,19,1,5,0,0,2,0,0,0,0,4,1,6,6,1,37,7,108,1,2,HONDA NSC110MP,6,E01000157,0,-1
2020010240866,2020,010240866,2,3,0,18,19,1,5,0,0,8,5,0,0,0,1,-1,1,1,1,30,6,108,1,2,HONDA NSC110MP,4,E01003129,0,-1
2020440228271,2020,440228271,1,3,0,17,19,6,2,0,0,0,0,0,0,0,1,1,6,6,2,58,9,108,1,3,HONDA NSC110MP,4,E01017311,0,-1
2020010265760,2020,010265760,1,3,0,99,99,9,9,99,99,0,9,99,9,99,1,1,6,6,1,34,6,108,1,3,HONDA NSC110MP,3,E01004397,0,-1
2020010243554,2020,010243554,1,4,0,18,19,3,7,0,0,8,5,0,0,0,3,1,6,6,1,32,6,108,1,3,HONDA NSC110MP,2,E01000509,0,-1
2020010262744,2020,010262744,1,3,0,18,19,6,2,0,0,8,0,0,0,0,1,1,1,1,1,28,6,108,1,3,HONDA NSC110MP,2,E01003179,0,-1
2020010261069,2020,010261069,1,3,0,18,19,3,7,0,0,1,0,0,0,0,0,1,1,1,1,22,5,108,1,1,HONDA NSC110MP,5,E01004519,0,-1
2020420954507,2020,420954507,2,3,0,4,4,3,3,0,0,1,2,0,0,0,1,1,5,6,1,36,7,108,1,1,HONDA NSC110MP,1,E01015895,0,-1
2020010272056,2020,010272056,1,2,0,10,10,1,6,0,0,1,0,0,0,0,1,1,1,1,1,25,5,108,1,1,HONDA NSC110MP,3,E01004038,0,-1
2020010254985,2020,010254985,2,2,0,13,13,5,1,0,0,1,0,7,1,10,1,1,2,2,1,19,4,108,1,2,HONDA NSC110MP,6,E01001539,0,-1
2020010261980,2020,010261980,1,3,0,9,9,5,3,0,0,5,0,0,0,0,1,1,6,6,2,27,6,108,1,3,HONDA NSC110MP,5,E01004482,0,-1
2020010281478,2020,010281478,1,3,0,13,13,5,1,0,0,1,0,0,0,0,2,1,1,1,1,32,6,108,1,2,HONDA NSC110MP,8,E01000678,0,-1
2020010244995,2020,010244995,2,3,0,6,6,4,4,0,0,1,0,0,0,0,1,1,6,6,1,39,7,108,1,1,HONDA NSC110MP,5,E01016218,0,-1
2020010286405,2020,010286405,2,3,0,13,13,8,4,0,0,1,1,0,0,0,1,1,6,6,1,35,6,102,1,17,-1,2,E01000098,0,-1
2020522005076,2020,522005076,2,3,0,12,12,1,5,0,0,4,0,0,0,0,3,1,6,6,1,31,6,102,1,16,-1,3,E01014690,0,-1
2020200971464,2020,200971464,1,3,0,16,19,8,2,0,0,0,2,7,4,0,1,1,6,6,1,16,4,102,1,16,-1,-1,-1,0,-1
2020010284983,2020,010284983,1,3,0,99,99,9,9,99,99,9,9,99,9,99,1,1,6,6,1,27,6,279,1,0,-1,3,E01033594,0,-1
2020010272191,2020,010272191,1,4,9,99,99,9,9,99,99,0,9,99,9,99,1,1,2,2,1,31,6,279,1,0,-1,2,E01000998,0,-1
2020010283218,2020,010283218,1,3,0,99,99,9,9,99,99,9,9,99,9,99,1,1,6,6,1,56,9,279,1,0,-1,9,E01001375,0,-1
2020010277990,2020,010277990,1,4,0,18,19,3,7,0,0,1,0,0,9,0,0,1,6,6,1,36,7,279,1,1,-1,4,E01001738,0,-1
2020010279779,2020,010279779,2,4,0,18,19,7,3,0,0,8,5,0,0,0,4,1,1,1,1,39,7,279,1,0,-1,3,E01000553,0,-1
2020010280867,2020,010280867,1,4,0,18,19,1,5,0,0,8,0,0,0,0,1,1,2,2,1,56,9,279,1,0,-1,7,E01004130,0,-1
2020010231669,2020,010231669,1,4,0,18,19,1,5,0,0,1,0,0,0,0,1,1,6,6,1,33,6,279,1,1,-1,5,E01002202,0,-1
2020010276531,2020,010276531,2,4,0,18,19,5,1,0,0,1,0,0,0,0,1,1,1,1,1,32,6,279,1,0,-1,4,E01001615,0,-1
2020010253763,2020,010253763,2,4,0,18,19,7,3,0,0,2,0,0,0,0,4,1,6,6,1,40,7,279,1,0,-1,2,E01003126,0,-1
2020010268057,2020,010268057,1,9,0,12,12,3,7,0,0,1,0,0,0,0,2,1,1,1,1,45,7,1685,2,5,HYUNDAI I40,2,E01001911,0,-1
2020040968876,2020,040968876,1,9,0,18,19,1,5,0,0,1,0,0,0,0,3,1,5,6,1,43,7,1685,2,7,HYUNDAI I40,1,E01025250,0,-1
2020010269789,2020,010269789,2,9,0,99,99,9,9,99,99,9,9,99,9,99,0,9,6,6,1,56,9,1685,2,5,HYUNDAI I40,6,E01003449,0,-1
2020522101228,2020,522101228,1,9,0,4,4,3,7,0,0,1,0,0,7,1,1,1,6,6,2,41,7,1685,2,8,HYUNDAI I40,10,E01014395,0,-1
2020320446083,2020,320446083,3,9,0,8,8,1,5,0,0,1,0,0,0,0,1,1,6,6,1,52,8,1598,2,1,HYUNDAI I40,1,-1,0,-1
2020010231917,2020,010231917,2,9,0,3,3,1,5,0,0,2,0,0,0,0,1,1,1,1,1,38,7,1685,2,7,HYUNDAI I40,5,E01033573,0,-1
2020990926866,2020,990926866,1,9,0,18,19,4,8,0,0,2,0,0,0,0,1,1,5,6,1,56,9,1685,2,4,HYUNDAI I40,-1,-1,0,-1
2020160975855,2020,160975855,1,9,0,18,19,4,8,0,0,0,0,0,8,0,3,1,5,6,1,57,9,1685,2,7,HYUNDAI I40,8,E01013101,0,-1
2020210944052,2020,210944052,1,9,0,18,19,3,7,0,0,0,0,0,0,0,1,1,6,6,1,33,6,1685,2,4,HYUNDAI I40,5,E01025228,0,-1
202006F173239,2020,06F173239,1,9,0,18,19,8,4,0,0,8,0,0,0,0,1,1,1,1,1,29,6,1685,2,5,HYUNDAI I40,4,E01004921,0,-1
2020350978097,2020,350978097,3,9,0,3,3,3,7,0,0,0,0,0,0,0,2,1,5,6,2,20,4,1685,2,8,HYUNDAI I40,7,E01019698,0,-1
2020360932823,2020,360932823,1,8,0,7,7,2,5,0,0,8,0,0,0,0,3,1,1,1,1,40,7,1685,2,5,-1,3,E01026853,0,-1
2020450956037,2020,450956037,2,9,0,18,19,3,7,0,0,0,0,0,0,0,2,1,5,6,1,27,6,1685,2,2,HYUNDAI I40,9,E01030766,0,-1
2020302000777,2020,302000777,1,9,0,9,9,6,4,0,0,2,0,0,0,0,1,1,6,6,2,54,8,1685,2,8,HYUNDAI I40,3,E01019838,0,-1
2020990933853,2020,990933853,1,9,0,2,2,1,5,0,0,0,1,0,8,9,1,1,2,2,1,58,9,1685,2,6,HYUNDAI I40,7,-1,0,-1
2020200995777,2020,200995777,1,8,0,18,19,4,8,0,0,7,0,0,0,0,4,1,1,1,1,63,9,1685,2,5,-1,2,E01008946,0,-1
2020040928224,2020,040928224,1,9,0,18,19,4,4,0,0,6,0,0,0,0,3,1,6,6,1,55,8,1685,2,7,HYUNDAI I40,2,E01025247,0,-1
2020211025091,2020,211025091,1,8,0,1,1,5,7,0,0,0,0,0,0,0,2,1,6,6,1,-1,-1,1685,2,5,-1,8,E01029383,0,-1
2020070098977,2020,070098977,2,9,0,18,19,1,5,0,0,1,0,0,0,0,1,1,1,1,1,47,8,1685,2,4,HYUNDAI I40,4,E01012504,0,-1
2020040984381,2020,040984381,1,9,0,3,3,3,7,0,0,1,0,0,0,0,1,1,1,1,1,68,10,1685,2,5,HYUNDAI I40,7,E01025557,0,-1
2020010274871,2020,010274871,1,9,0,5,5,1,5,0,0,0,0,0,0,0,4,1,2,2,1,36,7,1685,2,2,HYUNDAI I40,3,E01004317,0,-1
2020010247330,2020,010247330,1,9,0,99,99,9,9,99,99,9,9,99,9,99,9,9,6,6,1,33,6,1685,2,6,HYUNDAI I40,1,E01001979,0,-1
2020070144040,2020,070144040,1,9,0,18,19,5,1,0,0,1,0,0,0,0,1,1,6,6,1,-1,-1,1685,2,8,HYUNDAI I40,-1,-1,0,-1
2020010237238,2020,010237238,2,9,0,99,99,9,9,99,99,9,9,99,9,99,9,9,6,6,1,36,7,1685,2,4,HYUNDAI I40,-1,-1,0,-1
2020450932739,2020,450932739,2,9,0,18,19,7,3,0,0,0,5,0,0,0,3,1,1,1,1,26,6,1598,2,1,HYUNDAI I40,6,E01030818,0,-1
2020160915590,2020,160915590,2,9,0,3,3,4,8,0,0,1,0,0,0,0,1,1,5,6,2,39,7,1685,2,8,HYUNDAI I40,1,E01013208,0,-1
2020052000837,2020,052000837,1,9,0,6,6,8,8,0,0,8,0,0,0,0,4,1,6,6,1,42,7,1685,2,4,HYUNDAI I40,8,E01006683,0,-1
2020010285943,2020,010285943,1,9,0,18,19,3,7,0,0,0,5,0,0,0,1,1,2,2,1,32,6,1685,2,7,HYUNDAI I40,7,E01002301,0,-1
202006F276246,2020,06F276246,1,9,0,7,7,3,5,0,0,1,0,0,0,0,3,1,6,6,1,50,8,1685,2,6,HYUNDAI I40,-1,-1,0,-1
2020990935085,2020,990935085,2,9,0,3,3,7,3,0,0,0,0,0,0,0,2,1,6,6,1,41,7,1685,2,7,HYUNDAI I40,1,-1,0,-1
2020991010086,2020,991010086,1,8,0,18,19,7,3,0,0,1,0,0,7,0,1,1,1,1,1,34,6,1685,2,4,-1,6,-1,0,-1
2020440396834,2020,440396834,2,8,0,18,19,5,1,0,0,2,0,0,0,0,1,1,1,1,1,48,8,1685,2,4,-1,5,E01015345,0,-1
2020010261051,2020,010261051,2,9,0,18,19,1,5,0,0,9,0,99,0,0,1,9,6,6,1,40,7,1685,2,4,HYUNDAI I40,1,E01001427,0,-1
2020990941774,2020,990941774,1,9,0,18,19,8,4,0,0,0,0,11,0,0,1,1,6,6,1,53,8,1685,2,5,HYUNDAI I40,9,-1,0,-1
2020991000421,2020,991000421,1,8,0,18,19,7,3,0,0,0,0,0,0,0,4,1,5,6,1,47,8,1685,2,5,-1,1,-1,0,-1
2020010276533,2020,010276533,1,9,0,18,19,3,7,0,0,2,0,0,0,0,4,1,6,6,1,39,7,1685,2,7,HYUNDAI I40,3,E01000092,0,-1
2020470940135,2020,470940135,2,9,0,2,2,0,0,0,0,1,0,0,0,0,2,1,6,6,1,31,6,1685,2,6,HYUNDAI I40,3,E01031569,0,-1
2020201001549,2020,201001549,2,9,0,2,2,0,0,0,0,0,0,0,0,0,2,1,6,6,1,73,10,1685,2,8,HYUNDAI I40,5,E01009312,0,-1
2020400983373,2020,400983373,2,9,0,3,3,6,2,0,0,2,0,0,0,0,2,1,6,6,1,37,7,1685,2,6,HYUNDAI I40,2,E01015741,0,-1
20201378A1051,2020,1378A1051,1,9,0,18,19,1,5,0,0,8,0,0,0,0,4,1,6,6,1,36,7,1685,2,6,HYUNDAI I40,1,E01011864,0,-1
2020552100071,2020,552100071,3,9,0,18,19,4,8,0,0,8,0,0,0,0,1,1,6,6,1,26,6,1685,2,8,HYUNDAI I40,3,E01015285,0,-1
2020160970151,2020,160970151,1,8,0,18,19,6,2,0,0,8,0,0,0,0,1,1,1,1,1,48,8,1685,2,4,-1,7,E01013188,0,-1
2020010255859,2020,010255859,1,9,0,14,14,7,3,0,0,1,0,0,0,0,1,1,6,6,1,47,8,1685,2,6,HYUNDAI I40,4,E01021501,0,-1
2020010240803,2020,010240803,1,9,0,18,19,3,7,0,0,1,0,0,0,0,1,1,1,1,1,28,6,1685,2,4,HYUNDAI I40,-1,-1,0,-1
2020990920630,2020,990920630,1,9,0,4,4,3,7,0,0,0,0,0,0,0,3,1,5,6,1,48,8,1685,2,6,HYUNDAI I40,10,-1,0,-1
2020010264552,2020,010264552,1,9,0,6,6,5,5,0,0,0,0,0,0,0,1,1,6,6,2,36,7,1685,2,6,HYUNDAI I40,5,E01015374,0,-1
2020470997902,2020,470997902,2,8,0,12,12,8,4,0,0,0,0,12,0,0,2,1,1,1,1,41,7,1685,2,4,-1,5,E01017025,0,-1
2020520000812,2020,520000812,1,9,0,18,19,8,4,0,0,8,0,0,0,0,1,1,6,6,1,22,5,1685,2,3,HYUNDAI I40,-1,-1,0,-1
2020440047191,2020,440047191,1,9,0,18,19,3,7,0,0,8,0,0,7,0,1,1,6,6,2,55,8,1685,2,5,HYUNDAI I40,10,E01017063,0,-1
2020010285079,2020,010285079,2,9,0,5,5,1,5,0,0,1,0,0,0,0,3,1,1,1,1,57,9,1685,2,5,HYUNDAI I40,5,E01003260,0,-1
2020302000769,2020,302000769,1,9,0,18,19,8,4,0,0,0,0,0,0,0,4,1,6,6,2,54,8,1685,2,3,HYUNDAI I40,6,E01013476,0,-1
2020110954919,2020,110954919,1,97,0,4,4,5,1,7,6,0,0,0,1,0,3,1,5,6,1,60,9,1585,1,9,-1,-1,-1,0,-1
2020460983372,2020,460983372,2,5,0,12,12,6,2,0,0,1,0,0,0,0,3,1,6,6,1,50,8,998,1,3,-1,2,E01024648,0,-1
2020010273631,2020,010273631,1,5,0,18,19,7,3,0,0,4,2,10,3,10,1,1,6,6,1,48,8,999,1,8,-1,-1,-1,0,-1
2020470972957,2020,470972957,1,5,0,18,19,5,1,0,0,0,1,12,0,0,1,1,5,6,1,70,10,998,1,3,-1,9,E01031623,0,-1
2020360971099,2020,360971099,4,5,0,18,19,6,2,0,0,0,0,0,0,0,1,1,5,6,1,49,8,998,1,3,-1,5,E01026442,0,-1
2020160963917,2020,160963917,2,5,0,13,13,7,3,0,0,0,1,0,0,0,1,1,5,6,1,44,7,999,1,10,-1,4,E01012797,0,-1
2020990965599,2020,990965599,1,17,4,13,13,1,5,0,0,0,0,0,0,0,4,1,1,1,1,40,7,6788,2,9,JOHN DEERE Model Missing,4,-1,0,-1