collision_index,collision_year,collision_ref_no,vehicle_reference,vehicle_type,towing_and_articulation,vehicle_manoeuvre_historic,vehicle_manoeuvre,vehicle_direction_from,vehicle_direction_to,vehicle_location_restricted_lane_historic,vehicle_location_restricted_lane,junction_location,skidding_and_overturning,hit_object_in_carriageway,vehicle_leaving_carriageway,hit_object_off_carriageway,first_point_of_impact,vehicle_left_hand_drive,journey_purpose_of_driver_historic,journey_purpose_of_driver,sex_of_driver,age_of_driver,age_band_of_driver,engine_capacity_cc,propulsion_code,age_of_vehicle,generic_make_model,driver_imd_decile,lsoa_of_driver,escooter_flag,driver_distance_banding
2020460956661,2020,460956661,2,17,0,18,19,3,7,0,0,0,0,0,0,0,2,1,1,1,1,47,8,-1,2,11,JOHN DEERE Model Missing,4,E01024702,0,-1
2020522100844,2020,522100844,2,17,0,18,19,5,1,0,0,0,0,0,0,0,1,1,6,6,1,50,8,-1,2,19,JOHN DEERE Model Missing,10,E01014460,0,-1
2020320142695,2020,320142695,1,17,4,18,19,7,3,0,0,0,0,0,0,0,0,1,1,1,1,54,8,-1,2,19,JOHN DEERE Model Missing,6,E01026205,0,-1
2020140996387,2020,140996387,1,17,5,1,1,4,6,0,0,0,0,0,0,0,2,1,5,6,1,30,6,-1,2,16,JOHN DEERE Model Missing,6,E01007585,0,-1
2020230953766,2020,230953766,1,17,4,9,9,8,6,0,0,5,0,0,0,0,1,1,5,6,1,73,10,4525,2,9,JOHN DEERE Model Missing,9,E01031148,0,-1
2020350971527,2020,350971527,1,17,4,9,9,6,4,0,0,0,0,0,0,0,3,1,1,1,2,22,5,-1,2,17,JOHN DEERE Model Missing,6,E01018111,0,-1
2020500993979,2020,500993979,2,17,4,18,19,5,1,0,0,0,0,0,0,0,3,1,1,1,1,67,10,-1,2,27,JOHN DEERE Model Missing,6,E01020136,0,-1
2020990983452,2020,990983452,2,17,4,9,9,4,8,0,0,5,3,0,1,11,3,1,1,1,1,55,8,4525,2,9,JOHN DEERE Model Missing,5,-1,0,-1
2020360992398,2020,360992398,1,17,0,18,19,8,4,0,0,0,0,0,0,0,1,1,1,1,1,27,6,6788,2,6,JOHN DEERE Model Missing,5,E01030094,0,-1
2020500991705,2020,500991705,2,17,0,18,19,7,3,0,0,0,0,0,0,0,2,1,1,1,1,33,6,4525,2,9,JOHN DEERE Model Missing,4,E01018825,0,-1
2020220929812,2020,220929812,2,17,5,9,9,3,1,0,0,5,0,0,0,0,3,1,1,1,1,44,7,-1,2,9,JOHN DEERE Model Missing,7,E01014112,0,-1
2020500969668,2020,500969668,2,17,0,10,10,3,7,0,0,1,0,0,0,0,1,1,1,1,1,18,4,-1,2,7,JOHN DEERE Model Missing,4,E01018925,0,-1
2020040947701,2020,040947701,2,17,4,18,19,3,7,0,0,1,3,11,0,0,4,1,1,1,1,51,8,-1,2,14,JOHN DEERE Model Missing,6,E01025495,0,-1
2020522003573,2020,522003573,2,17,0,18,19,8,4,0,0,0,0,0,0,0,3,1,6,6,1,34,6,4525,2,6,JOHN DEERE Model Missing,7,E01014744,0,-1
2020500950358,2020,500950358,2,17,0,18,19,2,7,0,0,0,0,0,0,0,0,1,1,1,1,19,4,-1,2,18,JOHN DEERE Model Missing,7,E01019948,0,-1
2020350956542,2020,350956542,2,17,0,18,19,4,8,0,0,0,0,0,0,0,1,1,5,6,1,34,6,-1,2,19,JOHN DEERE Model Missing,6,E01018020,0,-1
2020420968604,2020,420968604,2,17,4,18,19,8,4,0,0,0,0,0,0,0,2,1,6,6,1,41,7,-1,2,15,JOHN DEERE Model Missing,6,E01021903,0,-1
2020500990083,2020,500990083,2,17,4,16,19,8,4,0,0,0,0,0,0,0,3,1,1,1,1,38,7,-1,2,7,JOHN DEERE Model Missing,3,E01020294,0,-1
2020460998780,2020,460998780,1,17,0,18,19,8,4,0,0,0,0,0,0,0,0,1,1,1,1,-1,-1,4525,2,6,JOHN DEERE Model Missing,6,E01024452,0,-1
2020552000190,2020,552000190,1,17,0,18,19,6,2,0,0,0,0,0,0,0,1,1,1,1,1,55,8,-1,2,13,JOHN DEERE Model Missing,5,E01015468,0,-1
2020990937416,2020,990937416,2,17,4,18,19,2,6,0,0,0,0,0,0,0,1,1,1,1,1,48,8,-1,2,9,JOHN DEERE Model Missing,7,-1,0,-1
2020320057331,2020,320057331,1,17,0,18,19,5,1,0,0,3,0,0,0,0,0,1,1,1,1,27,6,-1,2,8,JOHN DEERE Model Missing,10,E01032990,0,-1
2020320512994,2020,320512994,1,17,0,7,7,1,5,0,0,0,5,0,0,0,3,1,1,1,1,30,6,-1,2,15,JOHN DEERE Model Missing,2,E01026006,0,-1
2020122001329,2020,122001329,2,17,4,18,19,3,7,0,0,3,0,0,0,0,1,1,1,1,1,39,7,-1,2,9,JOHN DEERE Model Missing,10,E01027607,0,-1
2020470979092,2020,470979092,2,4,0,18,19,1,5,0,0,8,0,0,0,0,1,1,3,7,1,38,7,500,1,15,-1,3,E01020930,0,-1
2020010270122,2020,010270122,1,5,0,17,19,5,1,0,0,1,0,0,1,11,1,1,2,2,1,29,6,649,1,8,MAKE AND MODEL REDACTED,7,E01001027,0,-1
2020552000382,2020,552000382,2,3,0,4,4,1,5,0,0,1,0,0,0,0,3,1,1,1,2,25,5,125,1,1,-1,3,E01015283,0,-1
2020350958316,2020,350958316,1,3,0,4,4,3,7,0,0,1,1,0,0,0,3,1,5,6,2,59,9,125,1,1,-1,9,E01017415,0,-1
2020530938124,2020,530938124,1,3,0,18,19,1,5,0,0,8,0,0,0,0,1,1,6,6,2,33,6,125,1,1,-1,1,E01022147,0,-1
2020401001182,2020,401001182,1,9,0,18,19,5,1,0,0,0,0,0,0,0,4,1,6,6,1,32,6,1796,1,18,-1,6,E01027039,0,-1
2020420917574,2020,420917574,1,9,0,18,19,6,1,0,0,1,0,0,0,0,3,1,6,6,1,72,10,1796,1,19,-1,3,E01021687,0,-1
2020990997186,2020,990997186,1,9,0,18,19,4,8,0,0,0,0,0,0,0,4,1,5,6,1,61,9,1796,1,19,-1,4,-1,0,-1
2020430334110,2020,430334110,1,9,5,18,19,6,2,0,0,0,0,0,0,0,1,1,6,6,1,45,7,1796,1,20,-1,-1,-1,0,-1
202006XM67611,2020,06XM67611,1,9,0,18,19,8,4,0,0,3,0,7,0,7,4,1,6,6,2,45,7,1796,1,19,-1,6,E01005069,0,-1
2020420936654,2020,420936654,2,9,0,3,3,7,3,0,0,0,0,0,0,0,2,1,2,2,1,55,8,1796,1,19,-1,6,E01021343,0,-1
2020420954847,2020,420954847,2,9,0,18,19,3,7,0,0,1,0,0,0,0,4,1,6,6,1,74,10,1796,1,23,-1,4,E01022018,0,-1
2020430056059,2020,430056059,2,9,0,4,4,5,1,0,0,0,0,0,0,0,2,1,2,2,1,25,5,1796,1,19,-1,10,E01016648,0,-1
2020610015020,2020,610015020,1,9,0,18,19,5,1,0,0,1,0,0,0,0,1,1,6,6,1,85,11,1796,1,23,-1,6,W01001416,0,-1
2020040945540,2020,040945540,1,9,0,17,19,5,1,0,0,3,1,0,1,4,1,1,2,2,2,22,5,1994,2,17,MG ZR,4,E01025405,0,-1
2020100984390,2020,100984390,2,9,0,18,19,3,7,0,0,0,0,0,0,0,0,1,6,6,1,23,5,1796,1,16,MG ZR,10,E01027464,0,-1
2020302001111,2020,302001111,1,9,0,13,13,1,5,0,0,0,1,0,1,11,1,1,6,6,1,31,6,1994,2,15,MG ZR,4,E01019742,0,-1
2020140963647,2020,140963647,1,9,0,17,19,7,3,0,0,0,1,0,0,0,1,1,5,6,1,19,4,1396,1,15,MG ZR,8,E01019735,0,-1
2020200976106,2020,200976106,1,9,0,13,13,5,1,0,0,8,1,0,0,0,1,1,6,6,1,35,6,1396,1,16,MG ZR,4,E01032537,0,-1
2020500928154,2020,500928154,2,9,0,18,19,3,7,0,0,1,0,0,0,0,1,1,5,6,2,37,7,1396,1,17,MG ZR,8,E01019962,0,-1
2020302000584,2020,302000584,2,9,0,9,9,1,7,0,0,6,0,0,0,0,2,1,6,6,1,47,8,1396,1,17,MG ZR,2,E01019556,0,-1
2020320425040,2020,320425040,3,9,0,18,19,1,5,0,0,0,0,0,0,0,1,1,2,2,2,49,8,1396,1,16,MG ZR,-1,-1,0,-1
2020200942607,2020,200942607,2,9,0,9,9,6,4,0,0,8,0,0,0,0,1,1,2,2,1,34,6,-1,-1,-1,MG ZR,6,E01009847,0,-1
2020622000241,2020,622000241,2,9,0,9,9,4,2,0,0,1,0,0,0,0,1,1,6,6,1,25,5,1994,2,15,MG ZR,5,W01001143,0,-1
2020471010655,2020,471010655,1,9,0,16,19,8,3,0,0,0,5,0,0,0,1,1,5,6,1,20,4,1396,1,16,MG ZR,8,E01031624,0,-1
2020201000222,2020,201000222,2,9,0,18,19,8,4,0,0,1,0,0,0,0,1,1,6,6,1,-1,-1,1396,1,15,MG ZR,-1,-1,0,-1
2020230985952,2020,230985952,1,9,0,18,19,1,5,0,0,0,0,0,0,0,1,1,5,6,2,26,6,1994,2,16,MG ZR,9,E01031113,0,-1
2020140972820,2020,140972820,2,9,0,18,19,5,2,0,0,0,1,10,0,0,1,1,5,6,1,28,6,1796,1,17,MG ZR,3,E01007667,0,-1
2020500987314,2020,500987314,1,9,0,17,19,2,6,0,0,8,0,0,7,11,1,1,6,6,1,55,8,1396,1,18,MG ZR,3,E01019052,0,-1
2020440332510,2020,440332510,1,9,0,18,19,6,2,0,0,0,0,0,1,4,1,1,6,6,1,19,4,1796,1,18,MG ZR,9,E01023509,0,-1
2020440304725,2020,440304725,2,9,0,18,19,7,3,0,0,1,1,0,0,0,1,1,6,6,1,34,6,1994,2,18,MG ZR,1,E01016866,0,-1
2020440353262,2020,440353262,1,5,0,5,5,1,5,0,0,8,0,0,0,0,0,1,6,6,1,60,9,1151,1,10,-1,5,E01023010,0,-1
2020010272828,2020,010272828,1,3,0,99,99,9,9,99,99,0,9,99,9,99,9,1,6,6,1,26,6,124,1,0,PIAGGIO LIBERTY,3,E01003372,0,-1
2020010259852,2020,010259852,1,3,0,7,7,7,8,0,0,2,0,0,0,0,1,1,1,1,1,38,7,124,1,0,PIAGGIO LIBERTY,3,E01000641,0,-1
2020010245225,2020,010245225,2,3,0,13,13,5,1,0,0,1,2,0,0,0,1,1,1,1,1,21,5,124,1,2,PIAGGIO LIBERTY,-1,-1,0,-1
2020140975553,2020,140975553,1,3,0,18,19,1,5,0,0,0,0,0,0,0,1,1,1,1,1,33,6,124,1,1,PIAGGIO LIBERTY,2,E01007656,0,-1
2020010233037,2020,010233037,1,3,0,18,19,3,7,0,0,1,5,0,0,0,2,1,2,2,1,43,7,124,1,3,PIAGGIO LIBERTY,4,E01000475,0,-1
2020010256246,2020,010256246,1,3,0,18,19,3,7,0,0,0,0,0,0,0,1,1,6,6,1,21,5,124,1,3,PIAGGIO LIBERTY,2,E01003607,0,-1
2020010248715,2020,010248715,2,3,0,18,19,7,3,0,0,8,2,0,0,0,1,1,1,1,1,31,6,124,1,1,PIAGGIO LIBERTY,2,E01001947,0,-1
2020010248245,2020,010248245,1,3,0,9,9,7,5,0,0,1,0,0,0,0,1,1,6,6,1,47,8,124,1,3,PIAGGIO LIBERTY,2,E01002669,0,-1
2020010255306,2020,010255306,1,3,0,18,19,1,5,0,0,1,0,0,0,0,1,-1,2,2,1,29,6,124,1,3,PIAGGIO LIBERTY,3,E01000553,0,-1
2020010229466,2020,010229466,2,3,0,18,19,7,3,0,0,1,0,0,0,0,3,1,2,2,1,41,7,124,1,1,PIAGGIO LIBERTY,7,E01002161,0,-1
2020010245513,2020,010245513,1,3,0,18,19,7,3,0,0,0,5,0,0,99,1,1,6,6,1,46,8,124,1,1,PIAGGIO LIBERTY,2,E01000509,0,-1
2020500973646,2020,500973646,2,3,0,18,19,3,7,0,0,0,2,0,0,0,0,1,5,6,1,22,5,124,1,3,PIAGGIO LIBERTY,6,E01019971,0,-1
2020010232416,2020,010232416,1,3,0,18,19,3,7,0,0,1,0,0,0,0,1,-1,1,1,1,26,6,124,1,1,PIAGGIO LIBERTY,5,E01001381,0,-1
2020010255926,2020,010255926,1,3,0,99,99,9,9,99,99,9,9,99,9,99,9,1,6,6,1,30,6,124,1,3,PIAGGIO LIBERTY,9,E01026557,0,-1
2020010951331,2020,010951331,2,3,0,18,19,3,7,0,0,0,0,0,0,0,1,1,1,1,1,25,5,124,1,1,PIAGGIO LIBERTY,2,E01004289,0,-1
2020010253728,2020,010253728,1,3,0,99,99,9,9,99,99,0,9,99,9,99,9,1,6,6,3,22,5,124,1,8,PIAGGIO LIBERTY,3,E01003571,0,-1
2020010238288,2020,010238288,1,2,0,18,19,3,7,0,0,2,1,0,0,0,1,-1,1,1,1,44,7,124,1,1,PIAGGIO LIBERTY,3,E01000553,0,-1
2020010260220,2020,010260220,2,3,0,18,19,1,5,0,0,0,5,0,1,0,0,1,2,2,1,30,6,124,1,0,PIAGGIO LIBERTY,2,E01001215,0,-1
2020010246240,2020,010246240,1,3,0,18,19,1,5,0,0,8,1,0,0,0,3,1,1,1,1,44,7,124,1,3,PIAGGIO LIBERTY,3,E01000148,0,-1
2020101004094,2020,101004094,2,4,0,3,3,1,5,0,0,0,0,0,0,0,2,1,1,1,1,36,7,124,1,14,-1,1,E01008204,0,-1
2020320549654,2020,320549654,1,2,0,18,19,5,1,0,0,2,0,4,0,0,1,1,6,6,2,16,4,50,1,2,PIAGGIO LIBERTY,6,E01026153,0,-1
2020010270899,2020,010270899,2,3,0,18,19,1,5,0,0,1,0,0,0,0,1,1,6,6,1,20,4,124,1,4,PIAGGIO LIBERTY,2,E01002045,0,-1
2020010269325,2020,010269325,1,3,0,4,4,3,7,0,0,2,0,0,0,0,2,1,6,6,1,30,6,124,1,0,PIAGGIO LIBERTY,2,E01003256,0,-1
2020010266437,2020,010266437,1,3,0,18,19,1,5,0,0,1,0,0,0,0,3,1,1,1,1,38,7,124,1,1,PIAGGIO LIBERTY,3,E01002542,0,-1
2020010255374,2020,010255374,1,3,0,99,99,9,9,99,99,9,9,99,9,99,1,1,6,6,1,33,6,124,1,1,PIAGGIO LIBERTY,2,E01000509,0,-1
2020010274062,2020,010274062,2,2,0,99,99,9,9,99,99,9,9,99,9,99,9,1,6,6,3,-1,-1,124,1,2,PIAGGIO LIBERTY,3,E01004573,0,-1
2020010247619,2020,010247619,1,3,0,99,99,9,9,99,99,9,9,99,9,99,1,1,6,6,1,37,7,124,1,3,PIAGGIO LIBERTY,2,E01001812,0,-1
2020010269047,2020,010269047,1,3,0,4,4,1,5,0,0,2,0,0,0,0,2,1,2,2,1,22,5,124,1,1,PIAGGIO LIBERTY,5,E01000571,0,-1
2020010245018,2020,010245018,2,3,0,18,19,3,7,0,0,8,5,0,0,0,3,-1,6,6,1,41,7,124,1,13,PIAGGIO LIBERTY,2,E01001861,0,-1
2020010282462,2020,010282462,1,3,0,7,7,7,1,0,0,5,0,0,0,0,1,1,2,2,1,26,6,124,1,0,PIAGGIO LIBERTY,5,E01003247,0,-1
2020052002689,2020,052002689,1,2,0,13,13,1,5,0,0,0,0,0,0,0,1,1,1,1,1,31,6,124,1,7,PIAGGIO LIBERTY,1,E01006695,0,-1
2020010272135,2020,010272135,1,3,0,99,99,9,9,99,99,9,9,99,9,99,2,1,6,6,1,38,7,124,1,4,PIAGGIO LIBERTY,2,E01000141,0,-1
202031C127720,2020,31C127720,1,3,0,13,13,8,4,0,0,0,0,0,7,0,1,1,6,6,1,35,6,124,1,1,PIAGGIO LIBERTY,2,E01013852,0,-1
2020010251322,2020,010251322,1,3,0,9,9,1,7,0,0,1,0,4,7,0,1,-1,1,1,1,21,5,124,1,3,PIAGGIO LIBERTY,1,E01033598,0,-1
2020010273462,2020,010273462,1,3,0,18,19,5,1,0,0,1,0,0,0,0,3,1,6,6,1,36,7,124,1,9,PIAGGIO LIBERTY,1,E01002760,0,-1
2020010269135,2020,010269135,1,3,0,99,99,9,9,99,99,0,9,99,9,99,1,1,6,6,1,31,6,124,1,11,PIAGGIO LIBERTY,6,E01001160,0,-1
2020010273788,2020,010273788,1,3,0,18,19,5,1,0,0,1,0,0,0,0,1,1,1,1,1,35,6,124,1,1,PIAGGIO LIBERTY,2,E01004240,0,-1
2020010280280,2020,010280280,1,3,0,99,99,9,9,99,99,8,9,99,9,99,9,1,6,6,2,41,7,124,1,0,PIAGGIO LIBERTY,2,E01000533,0,-1
2020010237786,2020,010237786,1,3,0,18,19,9,9,0,0,0,9,0,0,99,3,1,6,6,1,42,7,124,1,3,PIAGGIO LIBERTY,3,E01033464,0,-1
2020010268918,2020,010268918,2,3,0,5,5,7,3,0,0,1,0,0,0,0,1,1,6,6,1,20,4,-1,-1,-1,PIAGGIO LIBERTY,-1,-1,0,-1
2020010236470,2020,010236470,2,3,0,99,99,9,9,0,0,9,0,0,9,0,9,1,6,6,3,-1,-1,124,1,2,PIAGGIO LIBERTY,-1,-1,0,-1
2020010271183,2020,010271183,1,23,0,99,99,9,9,99,99,9,9,99,9,99,9,1,6,6,2,21,5,124,1,1,-1,3,E01001154,0,-1
2020010253759,2020,010253759,2,4,0,13,13,8,4,0,0,1,0,0,0,0,1,1,6,6,1,38,7,124,1,0,-1,3,E01000641,0,-1
2020410951747,2020,410951747,1,4,0,4,4,5,1,0,0,2,0,0,0,0,2,1,6,6,2,26,6,124,1,10,-1,4,E01023859,0,-1
2020010246071,2020,010246071,1,3,0,18,19,8,4,0,0,1,0,0,0,0,1,1,2,2,1,29,6,124,1,3,PIAGGIO LIBERTY,-1,-1,0,-1
2020990923073,2020,990923073,1,3,0,14,14,8,4,0,0,0,0,4,0,0,1,1,2,2,2,35,6,124,1,1,PIAGGIO LIBERTY,6,-1,0,-1
2020010283798,2020,010283798,1,3,0,18,19,1,5,99,99,9,9,99,0,0,9,1,6,6,1,23,5,124,1,3,PIAGGIO LIBERTY,9,E01001905,0,-1
2020137AR1265,2020,137AR1265,2,3,0,18,19,4,8,0,0,1,0,0,0,0,1,1,6,6,1,49,8,124,1,2,PIAGGIO LIBERTY,1,E01011354,0,-1
2020010276382,2020,010276382,1,3,0,99,99,9,9,99,99,9,9,99,9,99,9,1,6,6,1,23,5,124,1,3,PIAGGIO LIBERTY,1,E01003048,0,-1
2020552100025,2020,552100025,1,3,0,18,19,2,6,0,0,0,0,0,0,0,1,1,1,1,1,42,7,124,1,3,PIAGGIO LIBERTY,1,E01015282,0,-1
20201371J1492,2020,1371J1492,2,3,0,18,19,7,3,0,0,2,0,0,0,0,1,1,6,6,1,36,7,124,1,3,PIAGGIO LIBERTY,1,E01011338,0,-1
2020010286471,2020,010286471,2,2,0,6,6,7,7,0,0,2,2,0,0,0,1,1,6,6,1,25,5,124,1,0,PIAGGIO LIBERTY,3,E01000642,0,-1
2020010261909,2020,010261909,1,3,0,18,19,2,6,0,0,1,0,0,0,0,3,1,6,6,1,22,5,124,1,3,PIAGGIO LIBERTY,3,E01003536,0,-1
2020010271250,2020,010271250,2,3,0,18,19,5,1,0,0,8,0,0,0,0,1,1,2,2,1,28,6,124,1,1,PIAGGIO LIBERTY,3,E01003520,0,-1
2020010282572,2020,010282572,2,3,0,18,19,5,1,0,0,1,0,0,0,0,1,1,2,2,1,58,9,124,1,14,PIAGGIO LIBERTY,6,E01004534,0,-1
2020140948320,2020,140948320,2,2,0,18,19,1,5,0,0,1,5,0,0,0,1,1,2,2,1,18,4,49,1,16,PIAGGIO LIBERTY,5,E01008136,0,-1
2020070093270,2020,070093270,2,3,0,18,19,7,4,0,0,3,0,0,0,0,1,1,1,1,1,44,7,-1,-1,-1,PIAGGIO LIBERTY,4,E01018460,0,-1
2020450971864,2020,450971864,1,3,0,18,19,3,7,0,0,1,0,0,0,0,1,1,5,6,1,33,6,124,1,0,PIAGGIO LIBERTY,7,E01030361,0,-1
2020010262381,2020,010262381,1,3,0,13,13,5,1,0,0,0,0,11,0,0,1,1,2,2,1,36,7,124,1,0,PIAGGIO LIBERTY,4,E01003626,0,-1
2020010271180,2020,010271180,1,3,0,18,19,5,1,0,0,1,0,0,0,0,2,1,6,6,1,53,8,124,1,0,PIAGGIO LIBERTY,2,E01004287,0,-1
2020010263610,2020,010263610,1,3,0,18,19,8,4,0,0,8,0,0,0,0,1,1,6,6,1,20,4,124,1,1,PIAGGIO LIBERTY,5,E01001914,0,-1
2020010242836,2020,010242836,2,3,0,18,19,7,3,2,2,0,0,0,0,0,1,1,1,1,1,42,7,124,1,2,PIAGGIO LIBERTY,4,E01000229,0,-1
2020010237130,2020,010237130,1,3,0,99,99,9,9,99,99,9,9,99,9,99,2,-1,6,6,1,40,7,124,1,3,PIAGGIO LIBERTY,1,E01001714,0,-1
2020010270814,2020,010270814,2,3,0,13,13,1,5,0,0,8,5,0,0,0,1,1,1,1,1,21,5,124,1,2,PIAGGIO LIBERTY,5,E01000593,0,-1
2020010278678,2020,010278678,2,3,0,4,4,7,3,0,0,0,0,0,0,0,2,1,6,6,1,22,5,124,1,7,PIAGGIO LIBERTY,4,E01002642,0,-1
2020010235561,2020,010235561,1,3,0,14,14,5,1,0,0,2,0,0,0,0,1,1,6,6,1,35,6,124,1,2,PIAGGIO LIBERTY,2,E01001246,0,-1
2020010275694,2020,010275694,2,3,0,18,19,4,8,0,0,0,1,0,0,0,1,1,1,1,1,30,6,124,1,0,PIAGGIO LIBERTY,3,E01003548,0,-1
2020010236442,2020,010236442,2,2,0,4,4,3,7,0,0,0,0,0,1,0,3,1,6,6,2,32,6,124,1,3,PIAGGIO LIBERTY,3,E01002803,0,-1
2020010241083,2020,010241083,2,4,0,18,19,5,1,0,0,1,0,0,0,0,1,-1,6,6,1,37,7,124,1,2,-1,5,E01001646,0,-1
2020440231580,2020,440231580,1,2,0,18,19,8,4,0,0,8,0,0,0,0,1,1,6,6,1,21,5,42,1,17,PIAGGIO LIBERTY,3,E01017194,0,-1
2020010254879,2020,010254879,2,2,0,13,13,3,7,0,0,1,0,0,0,0,1,-1,1,1,1,19,4,124,1,3,PIAGGIO LIBERTY,3,E01015963,0,-1
2020010244529,2020,010244529,1,3,0,99,99,9,9,99,99,9,9,99,9,99,9,-1,6,6,1,35,6,124,1,0,PIAGGIO LIBERTY,4,E01000504,0,-1
2020411010523,2020,411010523,2,4,0,18,19,5,7,0,0,0,0,0,0,0,3,1,6,6,1,19,4,124,1,5,-1,8,E01023541,0,-1
2020010232505,2020,010232505,1,3,0,18,19,5,1,0,0,1,0,0,0,0,1,1,1,1,1,41,7,124,1,1,PIAGGIO LIBERTY,3,E01002580,0,-1
2020010264135,2020,010264135,1,3,0,99,99,9,9,99,99,9,9,99,9,99,2,1,6,6,1,38,7,124,1,0,PIAGGIO LIBERTY,6,E01000575,0,-1
2020440478347,2020,440478347,1,3,0,18,19,4,8,0,0,1,0,0,0,0,1,1,1,1,1,24,5,124,1,2,PIAGGIO LIBERTY,4,E01022649,0,-1
2020010276726,2020,010276726,1,3,0,18,19,5,1,0,0,0,0,0,0,0,1,1,6,6,1,32,6,124,1,12,PIAGGIO LIBERTY,2,E01004238,0,-1
2020010285192,2020,010285192,1,2,0,99,99,9,9,99,99,9,9,99,9,99,1,1,6,6,1,51,8,49,1,13,PIAGGIO LIBERTY,7,E01000493,0,-1
2020450994367,2020,450994367,1,3,0,18,19,1,3,0,0,1,0,0,0,0,1,1,1,1,1,45,7,124,1,3,PIAGGIO LIBERTY,9,E01030453,0,-1
2020010247455,2020,010247455,1,3,0,18,19,3,7,0,0,1,0,0,0,0,0,-1,1,1,1,22,5,124,1,0,PIAGGIO LIBERTY,3,E01003708,0,-1
2020010253158,2020,010253158,1,3,0,9,9,3,8,0,0,8,0,0,0,0,4,1,6,6,1,35,6,124,1,0,PIAGGIO LIBERTY,5,E01000512,0,-1
2020010233981,2020,010233981,2,2,0,18,19,1,5,0,0,0,0,0,0,0,1,1,6,6,1,17,4,124,1,11,PIAGGIO LIBERTY,3,E01001116,0,-1
2020010268620,2020,010268620,1,3,0,9,9,7,6,0,0,1,0,0,0,0,1,1,1,1,1,19,4,124,1,3,PIAGGIO LIBERTY,3,E01001365,0,-1
2020010264006,2020,010264006,2,3,0,18,19,1,5,0,0,1,0,0,0,0,1,1,1,1,1,18,4,124,1,2,PIAGGIO LIBERTY,2,E01002076,0,-1
2020052001068,2020,052001068,2,4,0,18,19,7,3,0,0,8,0,0,0,0,1,1,6,6,1,20,4,124,1,3,-1,1,E01006540,0,-1
2020010245834,2020,010245834,2,2,0,18,19,3,7,0,0,1,0,0,0,0,1,-1,1,1,1,20,4,124,1,2,PIAGGIO LIBERTY,2,E01001557,0,-1
2020010263908,2020,010263908,1,3,0,99,99,9,9,99,99,9,9,99,9,99,9,1,6,6,1,35,6,124,1,4,PIAGGIO LIBERTY,2,E01000523,0,-1
2020100966968,2020,100966968,2,3,0,9,9,4,2,0,0,8,5,0,0,0,2,1,1,1,1,37,7,124,1,0,PIAGGIO LIBERTY,1,E01008289,0,-1
2020010278598,2020,010278598,1,3,0,14,14,2,6,0,0,1,0,0,0,0,4,1,1,1,1,31,6,124,1,0,PIAGGIO LIBERTY,5,E01003359,0,-1
2020470961320,2020,470961320,1,3,0,18,19,2,6,0,0,0,0,0,0,0,1,1,1,1,1,21,5,124,1,3,PIAGGIO LIBERTY,4,E01016925,0,-1
2020010250932,2020,010250932,2,3,0,99,99,9,9,99,99,9,9,99,9,99,9,9,6,6,1,-1,-1,124,1,0,PIAGGIO LIBERTY,2,E01000509,0,-1
2020010233852,2020,010233852,2,3,0,18,19,5,1,0,0,8,0,0,0,0,4,1,6,6,1,20,4,124,1,3,PIAGGIO LIBERTY,3,E01000640,0,-1
2020010270120,2020,010270120,2,4,0,13,13,6,2,0,0,1,0,0,0,0,1,1,2,2,1,34,6,124,1,0,-1,2,E01003502,0,-1
2020440492374,2020,440492374,1,2,0,18,19,7,3,0,0,1,0,0,0,0,0,1,6,6,1,16,4,49,1,14,PIAGGIO LIBERTY,5,E01023061,0,-1
2020010264623,2020,010264623,1,3,0,99,99,9,9,99,99,0,9,99,9,99,9,1,6,6,1,32,6,124,1,3,PIAGGIO LIBERTY,8,E01004103,0,-1
2020010245837,2020,010245837,1,2,0,3,3,8,4,0,0,2,0,0,1,0,2,1,6,6,1,41,7,124,1,0,PIAGGIO LIBERTY,3,E01004336,0,-1
2020450926605,2020,450926605,2,3,0,18,19,2,6,0,0,1,1,0,7,10,4,1,1,1,1,17,4,124,1,14,PIAGGIO LIBERTY,7,E01002962,0,-1
2020010241249,2020,010241249,2,3,0,5,5,1,5,0,0,4,0,0,0,0,1,1,1,1,2,25,5,124,1,3,PIAGGIO LIBERTY,-1,-1,0,-1
2020010275136,2020,010275136,1,3,0,18,19,7,3,0,0,1,0,0,0,0,1,1,6,6,1,18,4,124,1,1,PIAGGIO LIBERTY,3,E01003570,0,-1
2020010273263,2020,010273263,1,3,0,99,99,9,9,99,99,9,9,99,9,99,9,1,6,6,1,28,6,124,1,0,PIAGGIO LIBERTY,3,E01000872,0,-1
2020010250893,2020,010250893,2,3,0,13,13,6,2,0,0,1,0,0,0,0,1,1,6,6,1,24,5,124,1,3,PIAGGIO LIBERTY,4,E01003714,0,-1
2020010284030,2020,010284030,1,3,0,99,99,9,9,99,99,0,9,99,9,99,1,1,2,2,1,43,7,124,1,3,PIAGGIO LIBERTY,2,E01004423,0,-1