collision_index,collision_year,collision_ref_no,vehicle_reference,vehicle_type,towing_and_articulation,vehicle_manoeuvre_historic,vehicle_manoeuvre,vehicle_direction_from,vehicle_direction_to,vehicle_location_restricted_lane_historic,vehicle_location_restricted_lane,junction_location,skidding_and_overturning,hit_object_in_carriageway,vehicle_leaving_carriageway,hit_object_off_carriageway,first_point_of_impact,vehicle_left_hand_drive,journey_purpose_of_driver_historic,journey_purpose_of_driver,sex_of_driver,age_of_driver,age_band_of_driver,engine_capacity_cc,propulsion_code,age_of_vehicle,generic_make_model,driver_imd_decile,lsoa_of_driver,escooter_flag,driver_distance_banding
2020122000280,2020,122000280,1,9,0,18,19,6,2,0,0,0,0,0,0,0,1,1,6,6,2,30,6,1560,2,11,VOLVO C 30,6,E01027604,0,-1
2020141006535,2020,141006535,1,9,0,5,5,4,8,0,0,1,0,0,0,0,1,1,6,6,1,22,5,1596,1,11,VOLVO C 30,3,E01033268,0,-1
2020450958732,2020,450958732,1,9,0,18,19,5,1,0,0,0,0,0,0,0,1,1,5,6,1,51,8,1984,2,10,VOLVO C 30,4,E01024027,0,-1
2020070168992,2020,070168992,2,9,0,8,8,3,7,0,0,1,0,0,0,0,2,1,6,6,2,25,5,1596,1,12,VOLVO C 30,2,E01018484,0,-1
2020400938413,2020,400938413,1,9,0,4,4,1,5,0,0,0,0,0,0,0,2,1,6,6,2,32,6,1596,1,9,VOLVO C 30,9,E01015708,0,-1
2020010250652,2020,010250652,1,9,0,9,9,1,6,0,0,5,0,0,0,0,1,1,6,6,1,85,11,2435,1,13,VOLVO C 30,-1,-1,0,-1
2020400956025,2020,400956025,4,9,0,2,2,0,0,0,0,0,0,0,0,0,1,1,6,6,1,36,7,1984,2,10,VOLVO C 30,9,E01017556,0,-1
2020137261097,2020,137261097,1,9,0,18,19,7,3,0,0,0,0,0,0,0,1,1,6,6,1,24,5,1998,2,13,VOLVO C 30,-1,-1,0,-1
202031A044120,2020,31A044120,2,9,0,18,19,2,6,0,0,0,0,0,0,0,0,1,6,6,1,23,5,1596,1,12,VOLVO C 30,7,E01028250,0,-1
2020200989886,2020,200989886,1,9,0,5,5,4,8,0,0,0,0,0,0,0,1,1,6,6,3,30,6,1596,1,10,VOLVO C 30,-1,-1,0,-1
2020302001559,2020,302001559,1,9,0,18,19,1,5,0,0,0,0,2,0,0,3,1,6,6,1,27,6,1997,2,12,VOLVO C 30,9,E01019835,0,-1
2020160972261,2020,160972261,1,9,0,18,19,1,5,0,0,0,0,0,0,0,4,1,6,6,1,29,6,1999,1,9,VOLVO C 30,7,E01013034,0,-1
2020552000062,2020,552000062,3,9,0,4,4,4,8,0,0,0,0,0,0,0,2,1,6,6,2,56,9,1560,2,11,VOLVO C 30,8,E01020501,0,-1
2020100972748,2020,100972748,1,9,0,9,9,8,6,0,0,8,0,0,0,0,4,1,5,6,1,61,9,1560,2,7,VOLVO C 30,2,E01008690,0,-1
2020460916694,2020,460916694,1,9,0,17,19,2,6,0,0,0,5,0,7,0,1,1,5,6,2,75,10,1596,1,10,VOLVO C 30,7,E01024203,0,-1
2020470970994,2020,470970994,2,9,0,4,4,3,7,0,0,0,0,0,0,0,0,1,5,6,2,59,9,1560,2,7,VOLVO C 30,9,E01031727,0,-1
2020101006641,2020,101006641,2,9,0,18,19,6,2,0,0,0,0,0,0,0,1,1,5,6,1,46,8,1560,2,11,VOLVO C 30,3,E01008631,0,-1
2020220986353,2020,220986353,2,9,0,3,3,2,6,0,0,0,0,0,0,0,2,1,2,2,1,22,5,1997,2,11,VOLVO C 30,4,E01032157,0,-1
2020030984009,2020,030984009,1,9,0,7,7,7,3,0,0,0,0,0,0,0,1,1,2,2,1,53,8,1560,2,11,VOLVO C 30,2,E01019172,0,-1
2020460985544,2020,460985544,1,9,0,1,1,3,7,0,0,6,1,4,1,0,3,1,5,6,2,30,6,1997,2,13,VOLVO C 30,3,E01024059,0,-1
2020101007088,2020,101007088,1,9,0,18,19,3,7,0,0,0,0,0,2,0,1,1,5,6,2,19,4,1560,2,11,VOLVO C 30,9,E01027491,0,-1
2020430320601,2020,430320601,3,9,0,18,19,1,5,0,0,0,0,0,0,0,2,1,6,6,1,31,6,1999,1,8,VOLVO C 30,7,E01028490,0,-1
2020230992892,2020,230992892,2,9,0,18,19,2,6,0,0,0,0,0,0,0,1,1,6,6,1,51,8,1560,2,11,VOLVO C 30,10,E01031228,0,-1
2020211025634,2020,211025634,1,9,0,18,19,3,7,0,0,0,0,0,0,0,1,1,6,6,1,25,5,1596,1,11,VOLVO C 30,7,E01010246,0,-1
202063A035920,2020,63A035920,1,9,0,18,19,1,5,0,0,0,0,0,7,10,1,1,6,6,1,26,6,2400,2,12,VOLVO C 30,5,W01000629,0,-1
2020421006593,2020,421006593,1,9,0,18,19,2,6,0,0,0,0,0,0,0,1,1,3,7,2,54,8,1560,2,9,VOLVO C 30,6,E01021678,0,-1
2020370974392,2020,370974392,1,9,0,18,19,2,4,0,0,2,0,0,0,0,3,1,2,2,1,46,8,2400,2,12,VOLVO C 30,5,E01029946,0,-1
2020110957365,2020,110957365,1,9,0,18,19,1,5,0,0,1,0,0,0,0,1,1,5,6,1,36,7,1560,2,12,VOLVO C 30,9,E01008501,0,-1
2020440009183,2020,440009183,2,9,0,18,19,4,8,0,0,8,0,0,0,0,2,1,6,6,2,48,8,1560,2,10,VOLVO C 30,1,E01023029,0,-1
202054A193520,2020,54A193520,1,9,0,4,4,7,3,0,0,8,0,0,0,0,2,1,6,6,1,18,4,1560,2,10,VOLVO C 30,7,E01032079,0,-1
2020460947350,2020,460947350,2,9,0,18,19,2,6,0,0,0,0,0,0,0,3,1,5,6,1,18,4,1560,2,10,VOLVO C 30,3,E01024218,0,-1
2020520004212,2020,520004212,2,9,0,18,19,6,2,0,0,1,0,0,0,0,1,1,6,6,2,29,6,1984,2,10,VOLVO C 30,3,E01029079,0,-1
2020070612471,2020,070612471,3,9,0,10,10,3,5,0,0,8,0,0,0,0,3,1,6,6,1,50,8,1999,1,11,VOLVO C 30,-1,-1,0,-1
2020010281178,2020,010281178,1,4,0,99,99,9,9,99,99,9,9,99,9,99,9,1,2,2,1,38,7,-1,-1,-1,-1,9,E01001039,0,-1
2020010279216,2020,010279216,1,4,0,18,19,7,3,0,0,6,0,0,0,0,3,1,6,6,1,34,6,-1,-1,-1,-1,6,E01000691,0,-1
2020622000403,2020,622000403,1,3,0,17,19,6,4,0,0,0,0,0,0,0,0,1,6,6,1,25,5,124,1,14,-1,3,W01001875,0,-1
2020010246640,2020,010246640,1,3,0,18,19,2,6,0,0,1,2,10,0,0,4,-1,6,6,1,26,6,124,1,14,-1,3,E01000054,0,-1
2020010279874,2020,010279874,2,3,9,99,99,9,9,99,99,1,9,99,9,99,9,1,6,6,3,-1,-1,124,1,12,-1,-1,-1,0,-1
2020410972103,2020,410972103,2,3,0,18,19,3,3,0,0,1,0,0,0,0,3,1,5,6,1,35,6,125,1,17,-1,4,E01023794,0,-1
2020230966911,2020,230966911,1,9,0,18,19,5,1,0,0,4,1,9,8,2,3,1,5,6,1,44,7,4297,1,7,-1,1,E01009115,0,-1
20201376O0892,2020,1376O0892,1,9,0,4,4,1,5,0,0,0,0,0,0,0,2,1,6,6,1,41,7,3855,1,4,-1,5,E01032741,0,-1
2020010242225,2020,010242225,1,9,0,15,15,3,7,0,0,0,0,10,1,2,1,1,6,6,1,38,7,4297,1,8,-1,5,E01002330,0,-1
2020420942377,2020,420942377,1,3,0,18,19,8,4,0,0,7,0,0,0,0,3,1,5,6,1,28,6,124,1,16,-1,4,E01021495,0,-1
2020201022671,2020,201022671,1,5,0,18,19,4,8,0,0,0,1,0,0,0,1,1,1,1,1,25,5,599,1,16,MAKE AND MODEL REDACTED,4,E01009856,0,-1
2020010250426,2020,010250426,2,4,0,18,19,5,1,0,0,1,2,10,0,0,3,1,6,6,1,30,6,599,1,16,-1,6,E01000196,0,-1
2020010234719,2020,010234719,2,2,0,18,19,5,1,0,0,2,0,0,0,0,1,1,6,6,1,60,9,599,1,12,-1,5,E01030609,0,-1
2020010262583,2020,010262583,2,5,0,4,4,3,7,0,0,1,0,0,0,0,1,1,6,6,1,48,8,599,1,12,MAKE AND MODEL REDACTED,10,E01021545,0,-1
2020990984201,2020,990984201,1,5,0,17,19,2,6,0,0,0,0,0,1,0,4,1,6,6,1,23,5,599,1,12,MAKE AND MODEL REDACTED,2,-1,0,-1
2020010234848,2020,010234848,1,5,0,14,14,5,1,0,0,1,5,0,0,0,3,-1,6,6,1,29,6,599,1,11,MAKE AND MODEL REDACTED,3,E01001004,0,-1
2020450919749,2020,450919749,1,5,0,17,19,5,1,0,0,0,0,0,1,0,1,1,2,2,1,33,6,599,1,12,MAKE AND MODEL REDACTED,5,E01001074,0,-1
20201377K1281,2020,1377K1281,1,5,0,18,19,1,5,0,0,0,2,0,1,0,1,1,2,2,1,50,8,599,1,11,MAKE AND MODEL REDACTED,5,E01010934,0,-1
2020010251975,2020,010251975,1,4,0,15,15,1,5,0,0,1,0,0,0,0,4,1,2,2,2,24,5,600,1,13,-1,3,E01001747,0,-1
20201373D1425,2020,1373D1425,2,3,0,18,19,4,8,0,0,1,0,0,0,0,1,1,6,6,1,25,5,399,1,1,-1,1,E01010632,0,-1
2020400977823,2020,400977823,1,4,0,5,5,5,7,0,0,0,1,0,0,0,1,1,6,6,1,29,6,399,1,0,-1,7,E01018115,0,-1
2020010256879,2020,010256879,2,4,0,4,4,1,5,0,0,1,0,0,0,0,1,1,2,2,2,26,6,399,1,1,-1,4,E01016356,0,-1
202006G278209,2020,06G278209,2,3,0,18,19,8,4,0,0,0,0,0,0,0,1,1,6,6,1,20,4,399,1,0,-1,6,E01006042,0,-1
2020210972441,2020,210972441,2,4,0,17,19,3,8,0,0,0,0,0,1,4,1,1,6,6,1,53,8,399,1,1,-1,-1,-1,0,-1
2020010260346,2020,010260346,1,4,0,99,99,9,9,99,99,9,9,99,9,99,0,9,6,6,1,21,5,399,1,1,-1,3,E01000055,0,-1
2020470954611,2020,470954611,1,3,0,18,19,5,1,0,0,0,0,0,0,0,2,1,5,6,1,65,9,125,1,7,-1,4,E01031443,0,-1
202006A376121,2020,06A376121,1,3,0,18,19,8,4,0,0,1,0,0,0,0,1,1,6,6,1,28,6,125,1,6,-1,2,E01005125,0,-1
2020141003462,2020,141003462,2,3,0,18,19,3,6,1,1,2,0,0,0,0,4,1,5,6,2,27,6,125,1,7,-1,4,E01007576,0,-1
2020101003227,2020,101003227,2,3,0,18,19,7,3,0,0,1,5,0,0,0,1,1,5,6,1,56,9,125,1,4,-1,2,E01008460,0,-1
2020500975993,2020,500975993,1,3,0,18,19,4,8,0,0,1,2,0,0,0,4,1,6,6,1,20,4,125,1,5,-1,3,E01015159,0,-1
2020450978041,2020,450978041,1,3,0,18,19,7,3,0,0,0,0,0,0,0,3,1,2,2,1,21,5,125,1,5,-1,6,E01030555,0,-1
2020370995913,2020,370995913,2,3,0,9,9,6,2,0,0,2,0,0,0,0,3,1,5,6,1,17,4,125,1,9,-1,6,E01030057,0,-1
2020010269947,2020,010269947,2,3,0,18,19,1,5,0,0,8,0,0,0,0,1,1,2,2,1,37,7,125,1,8,-1,5,E01016851,0,-1
2020010278940,2020,010278940,2,3,0,18,19,5,1,0,0,0,0,0,0,0,1,1,2,2,1,30,6,125,1,3,-1,1,E01024308,0,-1
2020140960589,2020,140960589,2,5,0,18,19,3,7,0,0,0,0,0,0,0,1,1,5,6,1,61,9,748,1,48,KAWASAKI Model Missing,6,E01008152,0,-1
2020220970023,2020,220970023,1,5,0,17,19,8,5,0,0,0,0,12,0,0,1,1,5,6,1,47,8,1100,1,25,KAWASAKI Model Missing,7,E01031244,0,-1
2020530970757,2020,530970757,1,4,0,18,19,7,3,0,0,1,5,0,0,0,4,1,5,6,1,33,6,498,1,26,KAWASAKI Model Missing,5,E01022231,0,-1
2020070304743,2020,070304743,1,5,0,18,19,5,1,0,0,8,0,0,0,0,1,1,6,6,1,41,7,733,1,31,KAWASAKI Model Missing,2,E01005220,0,-1
2020440485362,2020,440485362,2,5,0,18,19,5,3,0,0,8,0,0,0,0,4,1,2,2,1,27,6,599,1,24,KAWASAKI Model Missing,4,E01017333,0,-1
2020340K05002,2020,340K05002,2,5,0,16,19,6,2,0,0,0,0,0,1,9,1,1,6,6,1,52,8,1015,1,43,KAWASAKI Model Missing,3,E01027082,0,-1
2020470959967,2020,470959967,2,5,0,18,19,6,2,0,0,1,1,0,1,4,1,1,6,6,1,74,10,1052,1,28,KAWASAKI Model Missing,9,E01031723,0,-1
2020360945474,2020,360945474,1,4,0,17,19,4,1,0,0,1,1,0,1,0,4,1,6,6,1,30,6,400,1,30,KAWASAKI Model Missing,1,E01026625,0,-1
2020360950173,2020,360950173,1,5,0,18,19,1,5,0,0,8,2,0,7,0,1,1,6,6,1,40,7,899,1,25,KAWASAKI Model Missing,6,E01026615,0,-1
2020350965269,2020,350965269,2,5,0,18,19,3,7,0,0,0,0,0,0,0,1,1,5,6,1,46,8,600,1,15,KAWASAKI Model Missing,4,E01015606,0,-1
2020471004862,2020,471004862,2,4,0,3,3,8,4,0,0,0,0,0,0,0,1,1,5,6,1,58,9,498,1,24,KAWASAKI Model Missing,2,E01020990,0,-1
2020500930988,2020,500930988,1,5,0,12,12,8,4,0,0,0,1,0,0,0,1,1,2,2,1,60,9,1052,1,28,KAWASAKI Model Missing,2,E01015082,0,-1
2020160942920,2020,160942920,1,5,0,9,9,7,3,0,0,0,1,0,1,9,1,1,2,2,1,62,9,903,1,10,KAWASAKI Model Missing,10,E01012973,0,-1
2020500930281,2020,500930281,1,5,0,18,19,1,5,0,0,1,0,0,0,0,1,1,5,6,1,31,6,1052,1,26,KAWASAKI Model Missing,1,E01015030,0,-1
20201373Q0473,2020,1373Q0473,1,4,0,18,19,3,7,0,0,8,0,0,0,0,1,1,6,6,1,35,6,900,1,22,KAWASAKI Model Missing,1,E01011492,0,-1
2020070227351,2020,070227351,1,4,0,17,19,3,8,0,0,1,0,10,1,11,1,1,6,6,1,28,6,498,1,31,KAWASAKI Model Missing,3,E01012507,0,-1
2020010235213,2020,010235213,1,5,0,99,99,9,9,99,99,0,9,99,9,99,1,1,6,6,3,-1,-1,748,1,12,KAWASAKI Model Missing,4,E01003632,0,-1
2020440079897,2020,440079897,1,3,0,13,13,6,2,0,0,8,0,0,0,0,1,1,6,6,1,24,5,125,1,13,-1,9,E01022971,0,-1
2020400989813,2020,400989813,1,5,5,18,19,6,2,0,0,0,1,0,0,0,0,1,2,2,1,55,8,599,1,25,KAWASAKI Model Missing,10,E01017553,0,-1
2020360983155,2020,360983155,2,5,0,18,19,-1,-1,0,0,0,0,0,0,0,2,1,5,6,1,56,9,652,1,41,KAWASAKI Model Missing,4,E01026891,0,-1
2020040966963,2020,040966963,2,5,0,13,13,7,3,0,0,0,1,0,0,0,1,1,5,6,1,42,7,600,1,22,KAWASAKI Model Missing,1,E01012637,0,-1
2020450964255,2020,450964255,1,5,0,18,19,3,7,0,0,0,0,0,8,0,4,1,5,6,1,61,9,748,1,45,KAWASAKI Model Missing,7,E01003419,0,-1
2020320320633,2020,320320633,1,5,0,13,13,6,2,0,0,1,2,0,0,0,1,1,6,6,1,24,5,600,1,23,KAWASAKI Model Missing,1,E01026129,0,-1
2020622000945,2020,622000945,1,5,0,17,19,6,2,0,0,0,1,0,1,9,1,1,6,6,1,57,9,800,1,17,KAWASAKI Model Missing,2,W01000937,0,-1
2020320311916,2020,320311916,1,5,0,13,13,1,5,0,0,1,0,0,7,9,1,1,6,6,1,39,7,599,1,24,KAWASAKI Model Missing,7,E01026155,0,-1
2020052001310,2020,052001310,2,3,0,18,19,3,7,0,0,8,0,0,0,0,1,1,6,6,1,32,6,125,1,26,-1,1,E01007122,0,-1
2020440426188,2020,440426188,1,3,0,18,19,5,1,0,0,8,0,0,7,11,1,1,6,6,1,21,5,124,1,16,-1,10,E01022772,0,-1
2020430258023,2020,430258023,2,5,0,3,3,6,2,0,0,1,0,0,0,0,2,1,2,2,1,33,6,649,1,14,KAWASAKI Model Missing,5,E01028636,0,-1
2020340S05652,2020,340S05652,3,5,0,18,19,3,7,0,0,0,0,0,0,0,0,1,6,6,1,58,9,1052,1,20,KAWASAKI Model Missing,5,E01019309,0,-1
2020160967132,2020,160967132,1,5,0,16,19,2,6,0,0,0,2,0,0,0,1,1,5,6,1,43,7,553,1,28,KAWASAKI Model Missing,3,E01012795,0,-1
2020552000110,2020,552000110,2,4,0,18,19,4,8,0,0,8,0,0,0,0,3,1,2,2,1,24,5,125,1,4,KAWASAKI Model Missing,4,E01020543,0,-1
2020122100107,2020,122100107,2,4,0,18,19,1,5,0,0,0,1,0,0,0,1,1,6,6,1,58,9,249,1,38,KAWASAKI Model Missing,5,E01010688,0,-1
2020420980733,2020,420980733,1,97,0,16,19,5,8,0,0,0,0,0,0,0,1,1,5,6,1,62,9,1470,1,24,-1,8,E01021349,0,-1
2020622000422,2020,622000422,1,4,0,18,19,2,6,0,0,0,0,0,1,11,1,1,6,6,1,23,5,997,1,34,KAWASAKI Model Missing,2,W01001371,0,-1
2020450964132,2020,450964132,1,5,0,18,19,3,1,0,0,0,0,0,0,0,0,1,5,6,1,64,9,1500,1,23,KAWASAKI Model Missing,6,E01026452,0,-1
2020122000482,2020,122000482,1,4,0,17,19,5,1,0,0,0,1,0,1,1,4,1,6,6,1,32,6,599,1,22,KAWASAKI Model Missing,3,E01005512,0,-1
2020548539820,2020,548539820,1,4,0,18,19,5,1,0,0,1,1,0,7,0,1,1,6,6,1,65,9,1600,1,15,KAWASAKI Model Missing,2,E01031981,0,-1
202063D011120,2020,63D011120,2,90,0,9,9,6,4,0,0,5,0,0,7,10,3,1,6,6,1,17,4,-1,-1,-1,-1,8,W01000453,0,-1
2020460962336,2020,460962336,1,4,0,18,19,7,3,0,0,0,0,0,0,0,1,1,6,6,3,-1,-1,449,1,4,KAWASAKI Model Missing,-1,-1,0,-1
2020200947517,2020,200947517,1,4,0,13,13,6,2,0,0,8,0,10,1,0,1,1,6,6,1,24,5,400,1,33,KAWASAKI Model Missing,1,E01009979,0,-1
2020991004857,2020,991004857,2,5,0,18,19,7,3,0,0,0,5,0,0,0,1,1,2,2,1,50,8,600,1,20,KAWASAKI Model Missing,1,-1,0,-1
2020160975490,2020,160975490,2,5,0,18,19,5,1,0,0,0,0,0,0,0,1,1,6,6,1,34,6,592,1,30,KAWASAKI Model Missing,1,E01013312,0,-1
2020440228739,2020,440228739,2,5,0,13,13,6,2,0,0,1,0,0,0,0,4,1,6,6,1,60,9,1700,1,8,KAWASAKI Model Missing,8,E01022918,0,-1
202006A172431,2020,06A172431,2,4,0,18,19,3,7,0,0,1,5,0,0,0,1,1,6,6,1,41,7,592,1,30,KAWASAKI Model Missing,1,E01005822,0,-1
2020230958550,2020,230958550,1,5,0,18,19,6,2,0,0,0,0,0,1,4,1,1,5,6,1,35,6,649,1,5,KAWASAKI Model Missing,8,E01025881,0,-1
2020420985199,2020,420985199,2,5,0,3,3,1,5,0,0,1,0,0,0,0,2,1,2,2,1,50,8,600,1,22,KAWASAKI Model Missing,2,E01021685,0,-1
2020522004323,2020,522004323,2,4,0,18,19,5,1,0,0,8,0,0,0,0,1,1,6,6,1,30,6,449,1,4,KAWASAKI Model Missing,-1,-1,0,-1
2020990999635,2020,990999635,1,5,0,18,19,7,3,9,9,0,5,0,0,0,1,1,6,6,1,25,5,599,1,21,KAWASAKI Model Missing,-1,-1,0,-1
2020990947440,2020,990947440,2,5,0,18,19,7,3,0,0,1,0,0,0,0,1,1,2,2,1,62,9,1100,1,25,KAWASAKI Model Missing,1,-1,0,-1
2020440359676,2020,440359676,1,5,0,6,6,3,3,0,0,0,0,0,0,0,0,1,6,6,1,66,10,998,1,39,KAWASAKI Model Missing,7,E01031068,0,-1
2020140949376,2020,140949376,2,5,0,18,19,2,6,0,0,8,0,0,0,0,1,1,1,1,1,49,8,592,1,24,KAWASAKI Model Missing,2,E01007324,0,-1
2020350964797,2020,350964797,1,4,0,18,19,2,4,0,0,0,0,10,0,0,1,1,6,6,1,49,8,250,1,31,KAWASAKI Model Missing,-1,-1,0,-1
2020420986977,2020,420986977,1,5,0,5,5,5,1,0,0,4,0,0,1,0,1,1,6,6,1,-1,-1,899,1,22,KAWASAKI Model Missing,-1,-1,0,-1
2020220999889,2020,220999889,1,3,0,16,19,2,4,0,0,0,0,0,7,3,1,1,5,6,1,19,4,123,1,-1,-1,2,E01032202,0,-1
2020160982046,2020,160982046,2,5,0,18,19,2,6,0,0,1,1,0,1,0,1,1,6,6,1,40,7,997,1,14,KAWASAKI Model Missing,7,E01013288,0,-1
2020500921847,2020,500921847,2,5,0,18,19,1,5,0,0,0,2,0,7,0,1,1,6,6,1,49,8,600,1,20,KAWASAKI Model Missing,4,E01019031,0,-1
2020440474762,2020,440474762,1,5,0,13,13,1,5,0,0,8,0,0,0,0,4,1,6,6,1,52,8,1000,1,40,KAWASAKI Model Missing,3,E01022959,0,-1
2020230939722,2020,230939722,1,5,0,13,13,3,7,0,0,8,0,0,0,0,1,1,5,6,1,28,6,599,1,24,KAWASAKI Model Missing,5,E01031132,0,-1
2020420955237,2020,420955237,1,5,0,13,13,5,1,0,0,0,2,0,0,0,1,1,2,2,1,55,8,-1,-1,-1,KAWASAKI Model Missing,1,E01015841,0,-1
2020500987977,2020,500987977,1,5,0,13,13,5,8,0,0,1,1,0,0,0,1,1,6,6,1,40,7,899,1,23,KAWASAKI Model Missing,5,E01019924,0,-1
2020230958169,2020,230958169,1,5,0,18,19,2,6,0,0,1,1,0,7,0,1,1,5,6,1,28,6,599,1,25,KAWASAKI Model Missing,5,E01031141,0,-1
2020100969105,2020,100969105,1,4,0,18,19,2,5,9,9,2,0,0,3,0,3,1,6,6,1,34,6,249,1,29,KAWASAKI Model Missing,-1,-1,0,-1
2020052001261,2020,052001261,1,5,0,17,19,5,1,0,0,0,1,4,0,0,1,1,6,6,1,40,7,600,1,26,KAWASAKI Model Missing,1,E01006658,0,-1
202031D032620,2020,31D032620,2,5,0,18,19,7,2,0,0,8,0,0,0,0,1,1,6,6,1,47,8,592,1,30,KAWASAKI Model Missing,8,E01028371,0,-1
2020552001170,2020,552001170,1,5,0,4,4,1,5,0,0,0,1,0,0,0,1,1,2,2,1,47,8,903,1,10,-1,4,E01020571,0,-1
2020010251540,2020,010251540,2,5,0,18,19,1,5,0,0,6,0,0,0,0,4,1,6,6,1,36,7,903,1,11,-1,6,E01000582,0,-1
2020401009987,2020,401009987,2,5,-1,3,3,1,5,0,0,1,-1,-1,-1,0,2,1,5,6,1,37,7,903,1,11,-1,8,E01015770,0,-1
2020010247467,2020,010247467,2,5,0,18,19,3,7,0,0,0,0,0,0,0,1,1,2,2,1,60,9,903,1,14,-1,2,E01002314,0,-1
2020990966167,2020,990966167,1,5,0,17,19,8,5,0,0,0,0,0,1,0,3,1,6,6,1,54,8,903,1,11,-1,-1,-1,0,-1
2020122000511,2020,122000511,1,5,0,16,19,4,8,0,0,0,0,0,1,0,1,1,6,6,1,65,9,903,1,11,-1,2,E01020797,0,-1
2020210973826,2020,210973826,1,9,0,18,19,3,7,0,0,1,0,0,0,0,-1,1,1,1,1,52,8,1396,2,7,-1,1,E01014224,0,-1
2020470986842,2020,470986842,2,9,0,18,19,6,1,0,0,1,0,0,0,0,2,1,1,1,2,25,5,1991,2,10,-1,2,E01031437,0,-1
2020340N07242,2020,340N07242,2,9,0,10,10,1,7,0,0,8,0,0,0,0,2,1,6,6,2,60,9,1991,2,13,-1,1,E01027140,0,-1
2020221005025,2020,221005025,1,9,0,9,9,8,5,0,0,4,0,0,0,0,1,1,5,6,1,23,5,1582,2,8,-1,10,E01018678,0,-1
2020041000851,2020,041000851,2,9,0,18,19,3,7,0,0,1,0,0,0,0,1,1,1,1,1,43,7,1396,2,7,-1,2,E01025229,0,-1
2020470998718,2020,470998718,2,9,0,18,19,2,6,0,0,1,0,0,0,0,1,1,5,6,1,24,5,1582,2,8,-1,6,E01031712,0,-1
2020370937626,2020,370937626,1,9,0,18,19,1,5,0,0,0,1,0,1,10,4,1,5,6,1,51,8,1396,2,7,-1,3,E01029914,0,-1
2020110959984,2020,110959984,2,9,0,3,3,1,5,0,0,0,0,0,0,0,1,1,6,6,2,30,6,1396,2,7,-1,2,E01020780,0,-1
2020370963389,2020,370963389,1,5,0,18,19,4,8,0,0,0,1,0,0,0,1,1,6,6,1,26,6,510,1,9,-1,10,E01030045,0,-1
2020440007424,2020,440007424,3,9,0,4,4,4,8,0,0,0,0,0,0,0,1,1,6,6,1,22,5,2495,2,31,-1,5,E01020157,0,-1
2020522000413,2020,522000413,1,9,0,9,9,2,8,0,0,5,0,0,0,0,4,1,6,6,1,24,5,2495,2,34,-1,7,E01022229,0,-1
2020320043376,2020,320043376,2,9,0,2,2,0,0,9,9,1,0,0,0,0,3,1,6,6,3,-1,-1,2495,2,31,-1,-1,-1,0,-1
2020500988956,2020,500988956,1,9,0,5,5,8,6,0,0,1,0,0,0,0,3,1,5,6,2,61,9,2495,2,31,-1,6,E01018917,0,-1
2020122001244,2020,122001244,1,9,0,18,19,3,7,0,0,0,1,0,2,11,1,1,6,6,1,25,5,2495,2,31,-1,8,E01011638,0,-1
2020360948063,2020,360948063,1,9,0,18,19,2,8,0,0,0,0,0,0,0,1,1,5,6,1,32,6,2495,2,31,-1,5,E01026745,0,-1
2020040959535,2020,040959535,1,9,4,17,19,4,6,0,0,0,3,0,1,4,2,1,1,1,1,59,9,2495,2,32,-1,4,E01005499,0,-1
2020030989113,2020,030989113,1,9,0,18,19,1,5,0,0,2,0,0,0,0,3,1,5,6,1,57,9,2495,2,27,-1,1,E01019280,0,-1
2020530994339,2020,530994339,2,9,4,18,19,5,1,0,0,1,1,10,8,10,1,1,1,1,1,23,5,2495,2,34,-1,7,E01022444,0,-1
2020231009360,2020,231009360,2,3,0,18,19,2,6,0,0,8,1,10,7,0,1,1,5,6,1,18,4,125,1,0,LEXMOTO LXR,8,E01031260,0,-1
2020610002720,2020,610002720,1,97,0,5,5,4,3,0,0,4,0,0,0,0,4,1,2,2,1,28,6,125,1,1,-1,2,W01001368,0,-1
2020210948988,2020,210948988,2,3,0,18,19,8,4,0,0,0,0,0,0,0,3,1,2,2,1,27,6,125,1,1,LEXMOTO LXR,3,E01029597,0,-1
2020320453952,2020,320453952,2,3,0,18,19,3,7,0,0,0,1,0,0,0,1,1,6,6,1,33,6,125,1,1,LEXMOTO LXR,2,E01026011,0,-1
202006G272830,2020,06G272830,2,3,0,18,19,4,8,0,0,0,0,0,0,0,1,1,2,2,1,29,6,125,1,0,LEXMOTO LXR,4,E01019750,0,-1