collision_index,collision_year,collision_ref_no,vehicle_reference,vehicle_type,towing_and_articulation,vehicle_manoeuvre_historic,vehicle_manoeuvre,vehicle_direction_from,vehicle_direction_to,vehicle_location_restricted_lane_historic,vehicle_location_restricted_lane,junction_location,skidding_and_overturning,hit_object_in_carriageway,vehicle_leaving_carriageway,hit_object_off_carriageway,first_point_of_impact,vehicle_left_hand_drive,journey_purpose_of_driver_historic,journey_purpose_of_driver,sex_of_driver,age_of_driver,age_band_of_driver,engine_capacity_cc,propulsion_code,age_of_vehicle,generic_make_model,driver_imd_decile,lsoa_of_driver,escooter_flag,driver_distance_banding
2020552000293,2020,552000293,2,4,0,18,19,2,6,0,0,1,1,0,7,0,1,1,2,2,1,42,7,125,1,1,LEXMOTO LXR,2,E01015304,0,-1
2020160979809,2020,160979809,2,3,0,18,19,8,4,0,0,1,0,0,7,11,1,1,6,6,1,19,4,125,1,2,LEXMOTO LXR,1,E01012917,0,-1
2020010271506,2020,010271506,1,3,0,13,13,4,8,0,0,0,1,0,0,0,4,1,2,2,1,35,6,125,1,1,LEXMOTO LXR,6,E01002006,0,-1
2020990995831,2020,990995831,1,3,0,18,19,2,6,0,0,0,1,0,0,0,4,1,6,6,1,18,4,125,1,0,LEXMOTO LXR,3,-1,0,-1
2020430322157,2020,430322157,1,3,0,18,19,3,7,0,0,8,0,0,0,0,3,1,2,2,1,30,6,125,1,1,LEXMOTO LXR,2,E01017707,0,-1
2020410920376,2020,410920376,2,3,0,5,5,1,1,0,0,1,0,0,0,0,1,1,5,6,1,28,6,125,1,1,LEXMOTO LXR,4,E01023781,0,-1
2020440025542,2020,440025542,1,3,0,18,19,5,1,0,0,8,1,0,0,0,0,1,6,6,1,20,4,125,1,1,LEXMOTO LXR,7,E01023125,0,-1
2020010232145,2020,010232145,1,3,9,99,99,9,9,99,99,9,9,99,9,99,9,-1,6,6,1,37,7,125,1,1,LEXMOTO LXR,2,E01003337,0,-1
2020450995894,2020,450995894,1,4,0,18,19,1,1,0,0,0,1,0,0,0,3,1,3,7,1,18,4,125,1,1,LEXMOTO LXR,10,E01030770,0,-1
2020010262005,2020,010262005,2,4,0,18,19,8,4,0,0,1,2,0,0,0,1,1,2,2,1,30,6,125,1,1,LEXMOTO LXR,5,E01001498,0,-1
2020201003373,2020,201003373,2,3,0,18,19,8,4,0,0,8,0,0,0,0,4,1,6,6,1,30,6,125,1,0,LEXMOTO LXR,1,E01010131,0,-1
2020622000734,2020,622000734,2,4,0,18,19,2,6,0,0,3,0,0,0,0,3,1,6,6,1,21,5,125,1,1,LEXMOTO LXR,5,W01000909,0,-1
2020137570298,2020,137570298,1,4,0,18,19,2,6,0,0,1,0,0,0,0,1,1,6,6,1,48,8,125,1,1,LEXMOTO LXR,10,E01011526,0,-1
2020010248022,2020,010248022,1,3,0,10,10,8,6,0,0,1,0,0,0,0,2,-1,6,6,1,26,6,125,1,0,LEXMOTO LXR,6,E01000513,0,-1
2020010262413,2020,010262413,1,4,0,13,13,1,5,0,0,0,2,10,0,0,3,1,2,2,1,26,6,125,1,0,LEXMOTO LXR,3,E01004328,0,-1
2020610020220,2020,610020220,1,3,0,18,19,4,8,0,0,0,0,0,0,0,4,1,2,2,1,28,6,125,1,1,LEXMOTO LXR,2,W01001368,0,-1
2020460943279,2020,460943279,2,3,0,18,19,1,5,0,0,8,0,0,0,0,1,1,5,6,1,27,6,125,1,1,LEXMOTO LXR,1,E01024658,0,-1
2020010275832,2020,010275832,1,4,0,4,4,5,1,0,0,0,0,0,0,0,1,1,6,6,1,43,7,125,1,0,LEXMOTO LXR,3,E01003182,0,-1
2020410999821,2020,410999821,2,3,0,16,19,5,1,0,0,0,1,0,0,0,4,1,6,6,1,29,6,125,1,1,LEXMOTO LXR,4,E01023781,0,-1
202006P178053,2020,06P178053,1,3,0,18,19,1,5,0,0,8,0,0,0,0,1,1,6,6,1,25,5,125,1,0,LEXMOTO LXR,2,E01005566,0,-1
2020990987614,2020,990987614,1,3,0,3,3,8,4,0,0,1,0,0,0,0,2,1,6,6,1,37,7,125,1,0,LEXMOTO LXR,9,-1,0,-1
2020211001454,2020,211001454,2,3,0,9,9,2,8,0,0,8,1,0,0,0,1,1,2,2,1,30,6,125,1,0,LEXMOTO LXR,4,E01029535,0,-1
2020010263252,2020,010263252,2,3,0,18,19,6,2,0,0,1,5,0,0,0,1,1,6,6,1,20,4,125,1,1,LEXMOTO LXR,1,E01000551,0,-1
2020010286343,2020,010286343,1,3,0,18,19,3,7,0,0,8,5,0,0,0,1,1,6,6,1,26,6,125,1,0,LEXMOTO LXR,2,E01000386,0,-1
2020501015157,2020,501015157,2,3,0,18,19,8,4,0,0,8,5,0,0,0,1,1,6,6,1,17,4,125,1,0,LEXMOTO LXR,7,E01018934,0,-1
2020440483329,2020,440483329,2,3,0,18,19,2,6,0,0,8,0,0,0,0,1,1,6,6,1,18,4,125,1,1,LEXMOTO LXR,2,E01017165,0,-1
202063B024320,2020,63B024320,2,5,0,13,13,5,1,0,0,0,0,0,0,0,1,1,6,6,1,19,4,125,1,0,-1,5,W01000537,0,-1
2020470996577,2020,470996577,1,3,0,16,19,2,6,0,0,0,1,0,0,0,4,1,5,6,1,23,5,125,1,1,LEXMOTO LXR,6,E01021213,0,-1
2020400982244,2020,400982244,1,3,-1,-1,-1,-1,-1,-1,-1,-1,-1,-1,-1,0,-1,1,6,6,1,-1,-1,125,1,2,LEXMOTO LXR,2,E01015705,0,-1
2020200942131,2020,200942131,2,3,0,18,19,5,1,0,0,8,0,0,0,0,3,1,6,6,1,16,4,125,1,1,LEXMOTO LXR,4,E01009691,0,-1
2020010279850,2020,010279850,2,3,0,18,19,6,2,0,0,1,5,0,0,0,1,1,6,6,1,41,7,125,1,0,LEXMOTO LXR,2,E01001191,0,-1
2020410998628,2020,410998628,2,4,0,18,19,4,8,0,0,1,0,0,0,0,1,1,2,2,2,26,6,125,1,1,LEXMOTO LXR,2,E01015741,0,-1
2020420930065,2020,420930065,2,3,0,9,9,2,7,0,0,2,0,0,0,0,4,1,6,6,1,24,5,125,1,1,LEXMOTO LXR,2,E01021327,0,-1
2020010249355,2020,010249355,1,4,0,18,19,1,5,0,0,0,1,0,0,0,1,1,6,6,1,20,4,125,1,1,LEXMOTO LXR,4,E01003169,0,-1
2020040990225,2020,040990225,2,3,0,18,19,2,8,0,0,8,2,0,0,0,3,1,2,2,1,24,5,125,1,0,LEXMOTO LXR,6,E01004894,0,-1
2020200971588,2020,200971588,1,4,0,5,5,6,2,0,0,0,1,0,0,0,1,1,6,6,1,33,6,125,1,0,LEXMOTO LXR,2,E01010065,0,-1
2020010269499,2020,010269499,1,3,0,99,99,9,9,99,99,9,9,99,9,99,9,1,2,2,1,22,5,125,1,2,LEXMOTO LXR,5,E01016594,0,-1
2020140992627,2020,140992627,2,3,0,13,13,7,3,0,0,0,5,4,7,0,1,1,6,6,1,21,5,125,1,2,LEXMOTO LXR,9,E01008041,0,-1
2020470999935,2020,470999935,1,3,0,18,19,6,2,0,0,0,1,0,0,0,4,1,5,6,1,32,6,125,1,0,LEXMOTO LXR,2,E01031819,0,-1
2020460998875,2020,460998875,1,3,0,18,19,4,8,0,0,1,0,0,0,0,1,1,2,2,1,25,5,125,1,1,LEXMOTO LXR,7,E01016078,0,-1
2020010233773,2020,010233773,2,4,0,18,19,1,5,0,0,1,1,0,0,0,3,1,6,6,1,26,6,125,1,2,LEXMOTO LXR,7,E01000364,0,-1
2020010285855,2020,010285855,1,3,0,18,19,5,1,0,0,6,1,0,0,0,0,1,1,1,1,20,4,125,1,1,LEXMOTO LXR,4,E01003308,0,-1
2020201005741,2020,201005741,2,3,0,18,19,3,7,0,0,8,0,0,0,0,4,1,6,6,1,31,6,125,1,0,LEXMOTO LXR,1,E01008998,0,-1
2020010266205,2020,010266205,1,3,0,18,19,1,5,0,0,1,0,0,0,0,4,1,1,1,1,29,6,125,1,0,LEXMOTO LXR,-1,-1,0,-1
2020371011823,2020,371011823,2,3,0,18,19,6,2,0,0,1,0,0,0,0,4,1,2,2,1,32,6,125,1,0,LEXMOTO LXR,1,E01030012,0,-1
2020302001076,2020,302001076,2,4,0,18,19,8,4,0,0,8,1,0,0,0,0,1,6,6,1,37,7,125,1,0,LEXMOTO LXR,1,E01013475,0,-1
2020010284028,2020,010284028,2,3,0,18,19,3,7,0,0,1,0,0,1,0,0,1,6,6,1,28,6,125,1,0,LEXMOTO LXR,2,E01002787,0,-1
2020420991602,2020,420991602,2,4,0,18,19,1,5,0,0,1,1,0,0,0,1,1,2,2,1,39,7,125,1,1,LEXMOTO LXR,6,E01021541,0,-1
2020200935955,2020,200935955,1,3,0,14,14,7,3,0,0,0,0,4,0,0,1,1,6,6,1,38,7,124,1,18,-1,1,E01009889,0,-1
2020471005619,2020,471005619,1,9,0,9,9,3,2,0,0,6,0,0,0,0,4,1,5,6,2,32,6,1992,2,14,MERCEDES B CLASS,1,E01020993,0,-1
2020351007021,2020,351007021,2,9,0,17,19,1,5,0,0,8,0,0,0,0,4,1,6,6,3,48,8,1991,2,10,MERCEDES B CLASS,8,E01015650,0,-1
2020010231440,2020,010231440,1,9,0,18,19,2,6,0,0,5,0,10,0,0,1,1,6,6,1,85,11,1461,2,6,MERCEDES B CLASS,-1,-1,0,-1
2020340N06102,2020,340N06102,2,9,0,18,19,5,1,0,0,1,0,0,0,0,1,1,6,6,1,67,10,1796,2,8,MERCEDES B CLASS,9,E01026997,0,-1
2020450994086,2020,450994086,2,9,0,2,2,5,1,0,0,1,0,0,0,0,3,1,6,6,2,44,7,1992,2,13,MERCEDES B CLASS,4,E01030645,0,-1
2020010279208,2020,010279208,1,9,0,99,99,9,9,99,99,0,9,99,9,99,1,9,6,6,2,43,7,1461,2,5,MERCEDES B CLASS,1,E01003246,0,-1
2020010272976,2020,010272976,1,9,0,18,19,8,4,0,0,4,0,0,0,0,1,1,6,6,2,52,8,1595,1,5,MERCEDES B CLASS,9,E01003358,0,-1
2020450944039,2020,450944039,1,9,0,14,14,1,5,0,0,1,0,0,0,0,1,1,5,6,2,64,9,1498,1,9,MERCEDES B CLASS,8,E01030703,0,-1
2020010277899,2020,010277899,1,9,0,18,19,5,1,0,0,3,0,0,2,10,1,1,6,6,1,24,5,1950,2,1,MERCEDES B CLASS,1,E01002782,0,-1
2020010271050,2020,010271050,3,9,0,2,2,0,0,0,0,0,0,0,0,0,2,1,6,6,3,-1,-1,1992,2,14,MERCEDES B CLASS,-1,-1,0,-1
2020400982849,2020,400982849,2,9,0,15,15,7,3,0,0,0,0,0,0,0,1,1,6,6,1,56,9,1699,1,14,MERCEDES B CLASS,9,E01015811,0,-1
2020010236849,2020,010236849,2,9,0,99,99,9,9,99,99,0,9,99,9,99,2,9,6,6,3,66,10,1461,2,7,MERCEDES B CLASS,2,E01004230,0,-1
2020010239755,2020,010239755,1,9,0,9,9,5,2,0,0,6,0,0,0,0,1,1,6,6,2,40,7,1699,1,12,MERCEDES B CLASS,9,E01004080,0,-1
2020141005302,2020,141005302,3,9,0,2,2,0,0,0,0,0,1,0,0,0,2,1,6,6,3,-1,-1,1699,1,13,MERCEDES B CLASS,-1,-1,0,-1
202006E472765,2020,06E472765,2,9,0,3,3,1,5,0,0,1,0,0,0,0,2,1,6,6,1,38,7,1992,2,13,MERCEDES B CLASS,2,E01005200,0,-1
2020122001168,2020,122001168,1,9,0,5,5,1,5,0,0,0,0,0,0,0,3,1,6,6,2,71,10,1992,2,12,MERCEDES B CLASS,8,E01027563,0,-1
2020200992983,2020,200992983,1,9,0,9,9,8,6,0,0,6,0,0,0,0,1,1,6,6,1,74,10,1332,1,1,MERCEDES B CLASS,5,E01009710,0,-1
2020360985708,2020,360985708,2,9,0,18,19,1,5,0,0,2,0,0,0,0,3,1,5,6,2,33,6,2143,2,3,MERCEDES B CLASS,3,E01018066,0,-1
2020450988715,2020,450988715,2,9,0,9,9,1,6,9,9,6,0,0,0,0,4,1,2,2,2,42,7,-1,3,5,MERCEDES B CLASS,9,E01030978,0,-1
2020470981602,2020,470981602,1,9,0,18,19,6,2,0,0,0,0,0,0,0,1,1,5,6,2,80,11,1595,1,1,MERCEDES B CLASS,7,E01021081,0,-1
2020552000768,2020,552000768,1,9,0,18,19,7,3,0,0,6,0,0,0,0,1,1,6,6,1,33,6,1992,2,12,MERCEDES B CLASS,-1,-1,0,-1
2020010281089,2020,010281089,2,9,0,99,99,9,9,99,99,0,9,99,9,99,1,9,6,6,3,36,7,1796,2,6,MERCEDES B CLASS,3,E01001774,0,-1
2020432004073,2020,432004073,1,9,0,18,19,5,2,0,0,1,0,0,0,0,3,1,6,6,2,67,10,1332,1,1,MERCEDES B CLASS,4,E01016715,0,-1
2020552000920,2020,552000920,1,9,0,18,19,7,3,0,0,0,0,0,0,0,1,1,6,6,2,56,9,1595,1,7,MERCEDES B CLASS,7,E01020479,0,-1
2020440017743,2020,440017743,1,9,0,18,19,7,3,0,0,8,0,0,0,0,1,1,1,1,1,59,9,2143,2,5,MERCEDES B CLASS,10,E01023040,0,-1
2020010271243,2020,010271243,3,9,0,9,9,7,5,0,0,1,0,0,0,0,3,1,6,6,1,50,8,1461,2,4,MERCEDES B CLASS,5,E01002010,0,-1
2020540994720,2020,540994720,2,9,0,2,2,0,0,0,0,0,0,0,1,0,2,1,6,6,3,-1,-1,1991,2,10,MERCEDES B CLASS,-1,-1,0,-1
2020140946656,2020,140946656,1,9,0,18,19,1,5,0,0,1,0,0,0,0,1,1,5,6,1,39,7,1992,2,14,MERCEDES B CLASS,-1,-1,0,-1
2020052001792,2020,052001792,1,9,0,18,19,5,1,0,0,0,0,0,0,0,1,1,6,6,1,32,6,1461,2,4,MERCEDES B CLASS,1,E01006659,0,-1
2020470982638,2020,470982638,2,9,0,3,3,2,6,0,0,0,0,0,0,0,2,2,5,6,1,32,6,1461,2,4,MERCEDES B CLASS,7,E01031677,0,-1
202054A745320,2020,54A745320,2,9,0,18,19,2,6,0,0,0,1,10,7,9,3,1,6,6,1,68,10,1332,1,1,MERCEDES B CLASS,9,E01022989,0,-1
2020411001586,2020,411001586,2,9,0,5,5,4,8,0,0,1,0,9,6,0,1,1,6,6,2,35,6,1991,2,10,MERCEDES B CLASS,3,E01023958,0,-1
2020531008694,2020,531008694,2,9,0,18,19,5,1,0,0,0,0,0,0,0,2,1,5,6,1,28,6,1950,2,1,MERCEDES B CLASS,4,E01014209,0,-1
20201378C1570,2020,1378C1570,3,9,0,4,4,1,5,0,0,0,0,0,0,0,3,1,6,6,1,-1,-1,1796,2,6,MERCEDES B CLASS,1,E01010719,0,-1
2020052002203,2020,052002203,2,9,0,18,19,7,3,0,0,8,0,0,6,0,3,1,6,6,2,40,7,1796,2,7,MERCEDES B CLASS,7,E01007066,0,-1
2020010265708,2020,010265708,1,9,0,4,4,1,5,0,0,0,0,0,0,0,2,1,2,2,2,40,7,1595,1,7,MERCEDES B CLASS,10,E01002155,0,-1
2020432360827,2020,432360827,2,9,0,18,19,5,1,0,0,1,0,0,0,0,1,1,6,6,2,53,8,1498,1,12,MERCEDES B CLASS,2,E01016726,0,-1
2020010266459,2020,010266459,1,9,0,9,9,5,2,0,0,2,0,0,0,0,2,1,3,7,2,31,6,1461,2,5,MERCEDES B CLASS,3,E01002508,0,-1
2020200987878,2020,200987878,2,9,0,18,19,1,5,0,0,8,0,0,0,0,4,1,6,6,1,-1,-1,1796,2,6,MERCEDES B CLASS,-1,-1,0,-1
2020410975719,2020,410975719,3,9,0,2,2,0,0,0,0,0,0,4,0,0,4,1,6,6,1,37,7,1498,1,13,MERCEDES B CLASS,3,E01023323,0,-1
2020010252392,2020,010252392,1,9,0,18,19,3,7,0,0,1,0,0,0,0,3,1,6,6,1,39,7,1796,2,7,MERCEDES B CLASS,2,E01003601,0,-1
2020430083907,2020,430083907,2,9,0,3,3,3,7,0,0,1,0,0,0,0,2,1,2,2,2,49,8,1796,2,8,MERCEDES B CLASS,2,E01016480,0,-1
2020010233797,2020,010233797,2,9,0,99,99,9,9,99,99,0,9,99,9,99,1,1,6,6,3,-1,-1,1461,2,2,MERCEDES B CLASS,-1,-1,0,-1
2020201020625,2020,201020625,1,9,0,3,3,6,2,0,0,0,0,0,0,0,1,1,6,6,2,36,7,1461,2,4,MERCEDES B CLASS,1,E01009215,0,-1
2020010255670,2020,010255670,1,9,0,17,19,4,2,0,0,1,0,7,0,0,1,1,2,2,1,38,7,1796,2,8,MERCEDES B CLASS,4,E01003436,0,-1
2020010266713,2020,010266713,1,9,0,3,3,7,3,0,0,0,0,0,0,0,1,1,2,2,1,70,10,1796,2,7,MERCEDES B CLASS,9,E01003804,0,-1
2020010248270,2020,010248270,4,9,0,2,2,0,0,0,0,0,0,0,0,0,3,1,6,6,3,-1,-1,1498,1,10,MERCEDES B CLASS,-1,-1,0,-1
2020200981708,2020,200981708,1,9,0,9,9,4,2,0,0,5,0,0,0,0,4,1,6,6,2,46,8,1796,2,7,MERCEDES B CLASS,6,E01009968,0,-1
2020411009585,2020,411009585,1,9,0,1,1,1,1,0,0,0,0,0,0,0,1,1,5,6,2,66,10,1991,2,12,MERCEDES B CLASS,10,E01023608,0,-1
2020990932946,2020,990932946,1,9,0,5,5,2,5,0,0,2,0,0,0,0,4,2,5,6,1,41,7,1991,2,10,MERCEDES B CLASS,2,E01012580,0,-1
2020500946320,2020,500946320,2,9,0,4,4,8,4,0,0,0,0,0,0,0,2,1,6,6,1,58,9,1796,2,7,MERCEDES B CLASS,4,E01018760,0,-1
2020430081008,2020,430081008,2,9,0,18,19,2,6,0,0,0,0,0,0,0,2,1,2,2,1,35,6,1461,2,5,MERCEDES B CLASS,7,E01028467,0,-1
2020010246368,2020,010246368,1,9,0,99,99,9,9,99,99,9,9,99,9,99,2,9,6,6,1,41,7,1992,2,14,MERCEDES B CLASS,4,E01002231,0,-1
2020302000388,2020,302000388,1,9,0,5,5,6,2,0,0,8,0,0,0,0,1,1,6,6,2,33,6,1498,1,13,MERCEDES B CLASS,7,E01019681,0,-1
2020411005205,2020,411005205,1,9,0,11,11,7,3,0,0,8,0,0,0,0,1,1,5,6,1,64,9,1991,2,10,MERCEDES B CLASS,10,E01023919,0,-1
2020420936496,2020,420936496,2,9,0,4,4,5,1,0,0,4,0,0,0,0,2,1,6,6,2,36,7,1796,2,8,MERCEDES B CLASS,2,E01021270,0,-1
2020622100168,2020,622100168,2,9,0,2,2,0,0,0,0,1,0,0,0,0,2,1,6,6,3,-1,-1,1332,1,0,MERCEDES B CLASS,-1,-1,0,-1
2020010276863,2020,010276863,1,9,0,13,13,5,1,0,0,1,0,0,0,0,1,1,6,6,1,54,8,1796,2,6,MERCEDES B CLASS,1,E01004035,0,-1
2020522002802,2020,522002802,1,9,0,3,3,7,3,0,0,1,0,0,0,0,2,1,6,6,2,48,8,1461,2,6,MERCEDES B CLASS,9,E01014978,0,-1
2020010258363,2020,010258363,2,9,0,99,99,9,9,99,99,0,9,8,9,99,9,9,6,6,1,43,7,1332,1,1,MERCEDES B CLASS,6,E01002822,0,-1
2020990974865,2020,990974865,1,9,0,18,19,8,4,0,0,2,0,0,0,0,1,1,5,6,1,36,7,1796,2,8,MERCEDES B CLASS,1,-1,0,-1
2020010271530,2020,010271530,1,9,0,99,99,9,9,99,99,9,9,99,9,99,2,9,6,6,1,41,7,1992,2,14,MERCEDES B CLASS,7,E01000572,0,-1
2020440386295,2020,440386295,1,9,0,18,19,1,4,0,0,4,0,0,0,0,1,1,6,6,2,37,7,1796,2,6,MERCEDES B CLASS,5,E01017084,0,-1
2020010250774,2020,010250774,1,9,0,18,19,3,7,0,0,8,0,0,0,0,1,1,6,6,1,48,8,2143,2,2,MERCEDES B CLASS,7,E01002898,0,-1
2020471010536,2020,471010536,1,9,0,4,4,1,5,0,0,4,0,0,0,0,1,1,6,6,1,-1,-1,1699,1,11,MERCEDES B CLASS,1,E01007645,0,-1
2020010259163,2020,010259163,1,9,0,9,9,3,8,0,0,1,0,0,0,0,3,1,6,6,1,27,6,1796,2,7,MERCEDES B CLASS,5,E01002143,0,-1
2020522004613,2020,522004613,1,9,0,18,19,6,2,0,0,4,0,0,0,0,1,1,6,6,1,79,11,2143,2,4,MERCEDES B CLASS,10,E01014761,0,-1
2020010254222,2020,010254222,1,9,0,99,99,9,9,99,99,9,9,99,9,99,2,9,2,2,2,48,8,2143,2,4,MERCEDES B CLASS,4,E01021839,0,-1
2020440377760,2020,440377760,1,9,0,3,3,7,3,0,0,1,0,0,0,0,2,1,6,6,2,42,7,1461,2,5,MERCEDES B CLASS,8,E01022918,0,-1
2020450962015,2020,450962015,1,9,0,9,9,3,7,0,0,1,0,0,0,0,1,1,5,6,2,45,7,1461,2,5,MERCEDES B CLASS,9,E01003380,0,-1
2020137880729,2020,137880729,1,9,0,5,5,5,1,0,0,6,0,0,0,0,3,1,6,6,1,49,8,1461,2,4,MERCEDES B CLASS,9,E01011296,0,-1
2020160982918,2020,160982918,1,9,0,18,19,3,7,0,0,0,0,0,7,0,1,1,5,6,1,80,11,1461,2,5,MERCEDES B CLASS,4,E01007587,0,-1
2020450975039,2020,450975039,2,9,0,12,12,3,7,0,0,1,0,0,0,0,2,1,5,6,2,52,8,1991,2,9,MERCEDES B CLASS,8,E01003470,0,-1
2020010270682,2020,010270682,1,9,0,18,19,5,1,0,0,2,0,0,0,0,1,1,6,6,1,67,10,2143,2,5,MERCEDES B CLASS,5,E01002636,0,-1
2020010272904,2020,010272904,1,9,0,18,19,5,1,0,0,1,0,0,0,0,1,1,6,6,1,26,6,1699,1,14,MERCEDES B CLASS,-1,-1,0,-1
2020360997303,2020,360997303,2,9,0,18,19,4,8,0,0,0,0,0,0,0,2,1,6,6,1,44,7,1991,2,11,MERCEDES B CLASS,7,E01026917,0,-1
2020530945476,2020,530945476,2,9,0,18,19,1,5,0,0,8,0,0,0,0,1,1,5,6,2,66,10,1991,2,9,MERCEDES B CLASS,6,E01022303,0,-1
2020010250960,2020,010250960,2,9,0,99,99,9,9,99,99,9,9,99,9,99,1,9,6,6,3,30,6,1699,1,10,MERCEDES B CLASS,-1,-1,0,-1
2020010232918,2020,010232918,1,9,0,11,11,5,1,0,0,1,0,0,0,0,4,1,6,6,1,37,7,1461,2,3,MERCEDES B CLASS,3,E01003915,0,-1
2020420920130,2020,420920130,2,9,0,18,19,5,2,0,0,8,0,0,0,0,1,1,5,6,1,83,11,1796,2,7,MERCEDES B CLASS,6,E01021986,0,-1
202006J176362,2020,06J176362,2,9,0,18,19,5,1,0,0,8,0,0,0,0,4,1,6,6,2,77,11,1461,2,4,MERCEDES B CLASS,6,E01005830,0,-1
2020221001226,2020,221001226,1,9,0,18,19,4,8,0,0,8,0,0,7,10,4,1,5,6,1,88,11,1461,2,6,MERCEDES B CLASS,8,E01010513,0,-1
2020220958959,2020,220958959,1,9,0,5,5,6,2,0,0,0,0,0,0,0,2,1,5,6,2,45,7,1461,2,5,MERCEDES B CLASS,7,E01022224,0,-1
2020450961862,2020,450961862,1,9,0,17,19,3,7,0,0,8,0,0,0,0,1,1,5,6,1,41,7,1461,2,6,MERCEDES B CLASS,9,E01030339,0,-1
2020440254987,2020,440254987,2,9,0,18,19,8,4,0,0,1,0,0,0,0,1,1,6,6,1,26,6,1992,2,14,MERCEDES B CLASS,5,E01032840,0,-1
2020010229852,2020,010229852,1,9,0,16,19,5,1,0,0,0,1,0,7,11,1,1,6,6,1,29,6,1991,2,11,MERCEDES B CLASS,-1,-1,0,-1
2020990968793,2020,990968793,2,9,0,4,4,6,2,0,0,0,0,0,0,0,2,1,5,6,1,38,7,1796,2,8,MERCEDES B CLASS,5,-1,0,-1
202006E268020,2020,06E268020,2,9,0,18,19,8,4,0,0,8,0,0,0,0,3,1,1,1,2,36,7,1992,2,12,MERCEDES B CLASS,7,E01005856,0,-1
2020450917582,2020,450917582,2,9,0,18,19,8,4,0,0,0,0,0,0,0,2,1,5,6,1,79,11,1595,1,3,MERCEDES B CLASS,10,E01030689,0,-1
2020430261835,2020,430261835,1,9,0,18,19,5,1,0,0,6,0,0,0,0,1,1,6,6,2,33,6,2035,1,14,MERCEDES B CLASS,5,E01030484,0,-1
2020430203102,2020,430203102,2,9,0,14,14,7,3,0,0,1,0,0,0,0,3,1,6,6,1,40,7,1498,1,11,MERCEDES B CLASS,4,E01016391,0,-1
2020010287352,2020,010287352,2,9,0,99,99,9,9,99,99,0,9,99,9,99,1,9,6,6,3,28,6,1461,2,4,MERCEDES B CLASS,5,E01003085,0,-1
2020040954726,2020,040954726,1,9,0,7,7,2,4,0,0,6,0,0,0,0,1,1,5,6,1,53,8,1992,2,12,MERCEDES B CLASS,2,E01025305,0,-1
2020010276492,2020,010276492,2,9,0,99,99,9,9,99,99,9,9,99,9,99,1,9,6,6,3,-1,-1,1992,2,12,MERCEDES B CLASS,-1,-1,0,-1
2020010268027,2020,010268027,1,9,0,99,99,9,9,99,99,9,9,99,9,99,1,9,6,6,2,63,9,1461,2,5,MERCEDES B CLASS,2,E01004460,0,-1
2020010250210,2020,010250210,2,9,0,2,2,0,0,0,0,1,0,0,0,0,3,1,6,6,3,-1,-1,1461,2,6,MERCEDES B CLASS,-1,-1,0,-1
2020500946405,2020,500946405,1,9,0,18,19,1,5,0,0,0,0,0,0,0,3,1,5,6,2,87,11,1595,1,2,MERCEDES B CLASS,7,E01020044,0,-1
2020500997432,2020,500997432,1,9,0,9,9,8,6,0,0,8,0,0,0,0,1,1,5,6,1,65,9,1991,2,11,MERCEDES B CLASS,5,E01018981,0,-1
2020010264640,2020,010264640,1,9,0,18,19,3,7,0,0,8,0,0,0,0,2,1,6,6,1,38,7,1699,1,12,MERCEDES B CLASS,3,E01003209,0,-1
2020010277485,2020,010277485,1,9,0,99,99,9,9,99,99,9,9,99,9,99,2,9,2,2,2,55,8,1595,1,7,MERCEDES B CLASS,5,E01002449,0,-1
2020350935666,2020,350935666,2,9,0,18,19,7,3,0,0,0,0,0,0,0,1,1,5,6,1,73,10,1699,1,13,MERCEDES B CLASS,4,E01018086,0,-1
2020010247454,2020,010247454,1,9,0,18,19,5,1,0,0,8,0,0,0,0,4,1,6,6,1,52,8,1595,1,8,MERCEDES B CLASS,2,E01003349,0,-1
2020210962924,2020,210962924,1,9,0,4,4,6,4,6,6,0,0,0,0,0,0,1,5,6,1,40,7,1796,2,7,MERCEDES B CLASS,-1,-1,0,-1
2020010260254,2020,010260254,2,9,0,99,99,9,9,99,99,9,9,99,9,99,1,9,6,6,3,-1,-1,1796,2,8,MERCEDES B CLASS,-1,-1,0,-1
2020140964253,2020,140964253,2,9,0,18,19,8,5,0,0,0,0,0,0,0,3,1,5,6,2,40,7,1991,2,11,MERCEDES B CLASS,-1,-1,0,-1
2020010252456,2020,010252456,1,9,0,18,19,7,3,0,0,4,0,0,0,0,1,1,6,6,1,66,10,1595,1,4,MERCEDES B CLASS,5,E01000467,0,-1
2020031011910,2020,031011910,1,9,0,18,19,1,5,0,0,0,1,0,2,4,1,1,5,6,1,20,4,1461,2,7,MERCEDES B CLASS,5,E01019371,0,-1
2020010234771,2020,010234771,2,9,0,17,19,5,4,0,0,4,0,0,0,0,2,1,6,6,2,51,8,2143,2,4,MERCEDES B CLASS,10,E01000810,0,-1