collision_index,collision_year,collision_ref_no,vehicle_reference,vehicle_type,towing_and_articulation,vehicle_manoeuvre_historic,vehicle_manoeuvre,vehicle_direction_from,vehicle_direction_to,vehicle_location_restricted_lane_historic,vehicle_location_restricted_lane,junction_location,skidding_and_overturning,hit_object_in_carriageway,vehicle_leaving_carriageway,hit_object_off_carriageway,first_point_of_impact,vehicle_left_hand_drive,journey_purpose_of_driver_historic,journey_purpose_of_driver,sex_of_driver,age_of_driver,age_band_of_driver,engine_capacity_cc,propulsion_code,age_of_vehicle,generic_make_model,driver_imd_decile,lsoa_of_driver,escooter_flag,driver_distance_banding
202063C078020,2020,63C078020,1,9,0,16,19,5,8,0,0,8,0,0,7,10,3,1,6,6,2,55,8,1461,2,3,MERCEDES B CLASS,6,W01000563,0,-1
2020010279245,2020,010279245,2,9,0,18,19,4,8,0,0,8,0,0,0,0,4,1,6,6,1,82,11,1595,1,7,MERCEDES B CLASS,7,E01000732,0,-1
2020010280800,2020,010280800,3,9,0,18,19,1,5,0,0,6,0,0,0,0,1,1,2,2,2,36,7,1796,2,8,MERCEDES B CLASS,9,E01000456,0,-1
2020010259497,2020,010259497,2,9,0,99,99,9,9,99,99,9,9,99,9,99,9,9,6,6,3,-1,-1,2143,2,3,MERCEDES B CLASS,9,E01000199,0,-1
2020430405673,2020,430405673,2,9,0,17,19,6,3,0,0,0,0,0,1,4,1,1,6,6,1,65,9,1991,2,11,MERCEDES B CLASS,10,E01016637,0,-1
2020010259562,2020,010259562,2,9,0,99,99,9,9,99,99,9,9,99,9,99,3,9,6,6,3,30,6,1992,2,13,MERCEDES B CLASS,-1,-1,0,-1
2020460962182,2020,460962182,1,9,0,18,19,3,7,0,0,0,0,0,2,0,1,1,5,6,1,86,11,1595,1,3,MERCEDES B CLASS,7,E01024536,0,-1
2020010283324,2020,010283324,1,9,0,3,3,7,3,0,0,1,1,0,0,0,2,1,6,6,1,25,5,1992,2,13,MERCEDES B CLASS,3,E01000944,0,-1
2020460922647,2020,460922647,2,9,0,7,7,7,1,0,0,0,0,0,0,0,2,1,2,2,2,45,7,2143,2,3,MERCEDES B CLASS,3,E01024280,0,-1
202006A277926,2020,06A277926,3,9,0,2,2,0,0,0,0,0,0,0,0,0,3,1,6,6,2,30,6,1498,1,10,MERCEDES B CLASS,-1,-1,0,-1
2020010261100,2020,010261100,2,9,0,99,99,9,9,99,99,9,9,99,9,99,9,9,6,6,3,52,8,1332,1,1,MERCEDES B CLASS,10,E01003461,0,-1
2020210949885,2020,210949885,2,9,0,10,10,1,7,0,0,0,0,0,0,0,2,1,6,6,2,43,7,1991,2,10,MERCEDES B CLASS,2,E01029496,0,-1
2020010251671,2020,010251671,1,9,0,99,99,9,9,99,99,9,9,99,9,99,9,9,2,2,1,45,7,2143,2,3,MERCEDES B CLASS,5,E01003480,0,-1
2020410975351,2020,410975351,1,9,0,18,19,3,7,0,0,6,0,0,1,2,2,1,5,6,2,62,9,1950,2,1,MERCEDES B CLASS,9,E01001454,0,-1
2020440459867,2020,440459867,1,9,0,12,12,8,2,0,0,2,0,0,0,0,3,1,2,2,2,64,9,2143,2,4,MERCEDES B CLASS,3,E01023018,0,-1
202006N275665,2020,06N275665,4,9,0,2,2,0,0,9,9,1,0,0,0,0,2,1,6,6,3,-1,-1,1796,2,7,MERCEDES B CLASS,7,E01004974,0,-1
2020990980790,2020,990980790,1,9,0,7,7,4,7,0,0,3,0,0,0,0,4,1,6,6,2,81,11,1595,1,8,MERCEDES B CLASS,10,-1,0,-1
202006A275338,2020,06A275338,1,9,0,4,4,3,7,0,0,1,0,0,0,0,3,1,6,6,1,41,7,1991,2,12,MERCEDES B CLASS,3,E01006159,0,-1
2020440488493,2020,440488493,3,9,0,4,4,1,5,0,0,0,0,0,0,0,2,1,6,6,1,55,8,1595,1,2,MERCEDES B CLASS,4,E01017058,0,-1
2020010254348,2020,010254348,1,9,0,10,10,8,6,0,0,8,0,0,0,0,2,1,6,6,2,26,6,2143,2,4,MERCEDES B CLASS,1,E01002854,0,-1
2020450924516,2020,450924516,4,9,0,18,19,5,1,0,0,0,0,0,0,0,1,1,2,2,1,29,6,1796,2,7,MERCEDES B CLASS,6,E01030546,0,-1
2020350970614,2020,350970614,1,9,0,2,2,0,0,0,0,0,0,0,0,0,0,1,5,6,2,54,8,1991,2,10,MERCEDES B CLASS,7,E01018002,0,-1
2020010272940,2020,010272940,1,9,0,2,2,0,0,0,0,1,0,0,0,0,3,1,6,6,3,-1,-1,1796,2,7,MERCEDES B CLASS,-1,-1,0,-1
2020010259532,2020,010259532,1,9,0,9,9,3,1,0,0,5,0,0,0,0,4,1,6,6,2,50,8,1461,2,6,MERCEDES B CLASS,5,E01000264,0,-1
2020360977698,2020,360977698,1,9,0,15,15,1,5,0,0,0,0,0,0,0,0,1,6,6,2,85,11,1461,2,3,MERCEDES B CLASS,6,E01026547,0,-1
202031B011920,2020,31B011920,1,9,0,16,19,7,1,0,0,2,0,0,0,0,4,1,6,6,1,74,10,1991,2,11,MERCEDES B CLASS,7,E01028004,0,-1
2020200943080,2020,200943080,1,9,0,18,19,6,2,0,0,8,0,0,0,0,1,1,6,6,1,56,9,1332,1,1,MERCEDES B CLASS,4,E01010120,0,-1
2020010248329,2020,010248329,1,9,0,99,99,9,9,99,99,9,9,99,9,99,9,9,6,6,2,39,7,1461,2,7,MERCEDES B CLASS,5,E01001201,0,-1
2020460959734,2020,460959734,1,9,0,18,19,1,5,0,0,0,0,0,0,0,4,1,6,6,3,-1,-1,2143,2,2,MERCEDES B CLASS,-1,-1,0,-1
202006L168994,2020,06L168994,11,9,0,18,19,5,1,0,0,1,0,0,0,0,3,1,6,6,2,49,8,1461,2,6,MERCEDES B CLASS,6,E01006271,0,-1
2020010285897,2020,010285897,1,9,0,18,19,7,3,0,0,8,0,0,0,0,1,1,1,1,2,37,7,1498,1,9,MERCEDES B CLASS,4,E01001975,0,-1
2020440375417,2020,440375417,1,9,0,18,19,3,7,0,0,0,0,0,1,0,1,1,6,6,1,31,6,1796,2,8,MERCEDES B CLASS,2,E01017238,0,-1
2020500932557,2020,500932557,3,9,0,4,4,3,7,0,0,0,2,0,0,0,1,1,5,6,1,56,9,1461,2,6,MERCEDES B CLASS,6,E01020295,0,-1
2020010275465,2020,010275465,1,9,0,99,99,9,9,99,99,9,9,99,9,99,2,9,6,6,2,65,9,1992,2,13,MERCEDES B CLASS,1,E01001857,0,-1
2020010228237,2020,010228237,1,9,0,9,9,1,7,0,0,8,0,0,0,0,2,1,6,6,1,57,9,1950,2,1,MERCEDES B CLASS,1,E01004674,0,-1
202054A435720,2020,54A435720,3,9,0,4,4,4,8,0,0,1,0,0,0,0,1,1,6,6,2,46,8,1461,2,4,MERCEDES B CLASS,10,E01022505,0,-1
2020010262534,2020,010262534,1,9,0,5,5,5,1,0,0,1,0,0,0,0,4,1,1,1,1,45,7,1991,1,6,MERCEDES B CLASS,2,E01000429,0,-1
2020470965493,2020,470965493,2,9,0,18,19,5,1,0,0,8,0,0,0,0,4,1,6,6,2,52,8,2143,2,2,MERCEDES B CLASS,9,E01021124,0,-1
2020010264537,2020,010264537,2,9,0,9,9,7,5,0,0,8,0,0,0,0,1,1,6,6,2,42,7,1595,1,8,MERCEDES B CLASS,7,E01003270,0,-1
2020500936100,2020,500936100,1,9,0,4,4,6,4,0,0,0,0,0,0,0,0,1,6,6,2,38,7,1595,1,2,MERCEDES B CLASS,5,E01018821,0,-1
2020370994442,2020,370994442,2,9,0,18,19,3,7,0,0,1,0,0,0,0,1,1,5,6,1,72,10,1992,2,13,MERCEDES B CLASS,6,E01030209,0,-1
2020052000968,2020,052000968,1,9,0,9,9,3,8,0,0,8,0,0,0,0,0,1,6,6,1,37,7,1498,1,10,MERCEDES B CLASS,9,E01007027,0,-1
2020010281965,2020,010281965,1,9,0,99,99,9,9,99,99,9,9,99,9,99,9,9,2,2,2,55,8,1699,1,13,MERCEDES B CLASS,3,E01002806,0,-1
2020500930355,2020,500930355,1,9,0,18,19,1,5,0,0,0,0,0,0,0,1,1,6,6,1,80,11,1796,2,8,MERCEDES B CLASS,9,E01020316,0,-1
2020010277842,2020,010277842,2,9,0,99,99,9,9,99,99,9,9,99,9,99,1,9,6,6,3,-1,-1,1796,2,8,MERCEDES B CLASS,-1,-1,0,-1
2020351019271,2020,351019271,3,9,0,2,2,0,0,0,0,0,0,0,0,0,4,1,5,6,3,-1,-1,1498,1,14,MERCEDES B CLASS,-1,-1,0,-1
2020201018929,2020,201018929,1,9,0,18,19,8,4,0,0,1,0,0,0,0,1,1,6,6,1,52,8,1498,1,12,MERCEDES B CLASS,5,E01009168,0,-1
2020010232086,2020,010232086,1,9,0,18,19,7,3,9,9,6,0,0,7,11,3,1,6,6,1,68,10,2143,2,3,MERCEDES B CLASS,6,E01001678,0,-1
2020200932454,2020,200932454,1,9,0,18,19,7,3,0,0,0,0,0,0,0,4,1,6,6,2,47,8,1991,2,11,MERCEDES B CLASS,5,E01010165,0,-1
2020450988560,2020,450988560,1,9,0,18,19,1,5,0,0,8,0,0,0,0,4,1,3,7,2,52,8,1461,2,4,MERCEDES B CLASS,10,E01030462,0,-1
20201375K0729,2020,1375K0729,1,9,0,18,19,1,5,0,0,0,0,0,0,0,4,1,6,6,1,77,11,2143,2,4,MERCEDES B CLASS,5,E01010865,0,-1
2020010279085,2020,010279085,1,9,0,99,99,9,9,0,0,8,0,0,1,0,3,1,6,6,1,45,7,1498,1,14,MERCEDES B CLASS,7,E01003476,0,-1
2020351009654,2020,351009654,1,9,0,18,19,5,1,0,0,0,0,0,0,0,2,1,2,2,2,33,6,1461,2,6,MERCEDES B CLASS,9,E01026301,0,-1
2020010233033,2020,010233033,3,9,0,3,3,1,5,0,0,1,0,0,0,0,2,1,6,6,1,33,6,1699,1,15,MERCEDES B CLASS,7,E01002154,0,-1
2020470990505,2020,470990505,1,9,0,9,9,8,7,0,0,5,0,0,0,0,3,2,6,6,2,59,9,2035,1,14,MERCEDES B CLASS,9,E01016999,0,-1
2020010248201,2020,010248201,1,9,0,99,99,9,9,99,99,9,9,99,9,99,9,9,6,6,1,41,7,1992,2,14,MERCEDES B CLASS,4,E01002231,0,-1
2020522101562,2020,522101562,1,9,0,18,19,5,1,0,0,8,0,0,0,0,4,1,6,6,2,40,7,1991,2,12,MERCEDES B CLASS,9,E01014440,0,-1
2020622001024,2020,622001024,1,9,0,18,19,6,2,0,0,1,0,0,0,0,1,1,6,6,2,35,6,1498,1,9,MERCEDES B CLASS,1,W01001813,0,-1
2020350987880,2020,350987880,2,9,0,5,5,8,4,0,0,0,0,0,0,0,2,1,3,7,2,57,9,1796,2,7,MERCEDES B CLASS,8,E01018302,0,-1
2020990973129,2020,990973129,1,9,0,18,19,1,3,9,9,0,0,10,3,11,1,1,6,6,2,27,6,1595,1,6,MERCEDES B CLASS,10,-1,0,-1
2020460991347,2020,460991347,1,9,0,18,19,5,1,0,0,1,0,0,0,0,1,1,6,6,1,49,8,1498,1,11,MERCEDES B CLASS,-1,-1,0,-1
2020991010673,2020,991010673,1,9,0,18,19,4,8,0,0,1,0,0,0,0,1,1,6,6,2,26,6,1796,2,7,MERCEDES B CLASS,4,-1,0,-1
2020010248070,2020,010248070,2,9,0,18,19,3,7,0,0,8,0,0,0,0,1,1,6,6,1,35,6,1461,2,2,MERCEDES B CLASS,10,E01002191,0,-1
2020440104639,2020,440104639,2,9,0,4,4,5,1,0,0,0,0,0,0,0,2,1,6,6,2,64,9,1498,1,9,MERCEDES B CLASS,9,E01022837,0,-1
2020010242836,2020,010242836,1,9,0,6,6,7,7,0,0,0,0,0,0,0,1,1,6,6,2,46,8,1461,2,6,MERCEDES B CLASS,10,E01023851,0,-1
2020052002223,2020,052002223,1,9,0,9,9,6,2,0,0,6,0,0,0,0,1,1,6,6,1,29,6,1991,2,10,MERCEDES B CLASS,2,E01006479,0,-1
2020100967308,2020,100967308,1,9,0,18,19,1,5,0,0,0,0,0,0,0,1,1,6,6,1,-1,-1,1991,2,11,MERCEDES B CLASS,9,E01008611,0,-1
202063C031120,2020,63C031120,1,9,0,16,19,2,5,0,0,0,0,0,0,0,4,1,6,6,1,63,9,1461,2,7,MERCEDES B CLASS,5,W01000617,0,-1
2020450951607,2020,450951607,1,9,0,2,2,2,1,0,0,0,0,11,0,0,1,1,5,6,1,85,11,1595,1,6,MERCEDES B CLASS,10,E01030589,0,-1
2020530968959,2020,530968959,1,9,0,18,19,5,1,0,0,0,0,0,0,0,1,1,5,6,1,26,6,1461,2,3,MERCEDES B CLASS,3,E01002407,0,-1
2020450968983,2020,450968983,2,9,0,5,5,1,5,0,0,4,0,0,0,0,3,1,5,6,1,37,7,1796,2,7,MERCEDES B CLASS,5,E01004188,0,-1
2020211026981,2020,211026981,3,9,0,3,3,1,5,0,0,0,0,0,0,0,2,1,6,6,2,30,6,1991,2,11,MERCEDES B CLASS,8,E01014326,0,-1
2020430238507,2020,430238507,1,9,0,18,19,9,9,0,0,8,0,0,0,0,1,1,6,6,3,-1,-1,1991,2,9,MERCEDES B CLASS,-1,-1,0,-1
2020010238617,2020,010238617,1,9,0,99,99,9,9,0,0,8,0,0,0,0,2,1,6,6,1,62,9,1498,1,13,MERCEDES B CLASS,1,E01002588,0,-1
2020545862020,2020,545862020,2,9,0,18,19,7,3,0,0,0,0,0,0,0,4,1,1,1,1,64,9,1991,2,10,MERCEDES B CLASS,6,E01029240,0,-1
2020070123089,2020,070123089,1,9,0,14,14,1,5,0,0,8,0,0,0,0,1,1,1,1,1,30,6,1360,1,14,PEUGEOT 206,2,E01012482,0,-1
2020220971889,2020,220971889,1,9,0,16,19,4,6,0,0,0,0,0,0,0,1,1,5,6,2,44,7,1997,1,17,PEUGEOT 206,6,E01032386,0,-1
2020350955393,2020,350955393,1,9,0,16,19,7,3,0,0,0,5,0,1,0,4,1,5,6,1,56,9,1398,2,16,PEUGEOT 206,8,E01018050,0,-1
2020371012792,2020,371012792,1,9,0,7,7,1,3,0,0,2,0,0,0,0,1,1,5,6,1,79,11,1360,1,16,PEUGEOT 206,8,E01030293,0,-1
2020040931429,2020,040931429,1,9,0,9,9,5,3,0,0,1,0,0,0,0,3,1,5,6,1,51,8,1360,1,16,PEUGEOT 206,1,E01025527,0,-1
2020221007816,2020,221007816,1,9,0,18,19,3,7,0,0,0,0,7,0,0,1,1,5,6,2,34,6,1124,1,18,PEUGEOT 206,7,E01022182,0,-1
2020430020409,2020,430020409,1,9,0,18,19,7,3,0,0,0,1,0,0,0,1,1,6,6,2,55,8,1360,1,17,PEUGEOT 206,5,E01016836,0,-1
2020137190714,2020,137190714,1,9,0,14,14,3,7,0,0,2,0,0,0,0,1,1,6,6,2,32,6,1587,1,14,PEUGEOT 206,5,E01011077,0,-1
2020471006376,2020,471006376,1,9,0,18,19,7,3,0,0,0,0,0,0,0,1,1,6,6,1,-1,-1,1997,2,17,PEUGEOT 206,-1,-1,0,-1
2020370940226,2020,370940226,2,9,0,18,19,7,3,0,0,0,5,0,7,0,1,1,5,6,1,27,6,1360,1,18,PEUGEOT 206,6,E01029877,0,-1
2020200933336,2020,200933336,1,9,0,18,19,2,6,0,0,4,0,0,0,0,1,1,6,6,2,33,6,1398,2,16,PEUGEOT 206,8,E01029633,0,-1
2020990926744,2020,990926744,1,9,0,5,5,5,1,0,0,1,0,0,0,0,1,1,6,6,1,40,7,1124,1,16,PEUGEOT 206,10,-1,0,-1
2020137350370,2020,137350370,1,9,0,9,9,5,3,0,0,5,0,0,0,0,1,1,3,7,2,48,8,1360,1,13,PEUGEOT 206,3,E01011139,0,-1
2020500928145,2020,500928145,1,9,0,7,7,5,1,0,0,5,0,0,0,0,1,1,5,6,2,20,4,1124,1,14,PEUGEOT 206,6,E01015243,0,-1
20201372Q1443,2020,1372Q1443,1,9,0,7,7,2,6,0,0,1,0,0,0,0,1,1,6,6,1,60,9,1587,1,17,PEUGEOT 206,9,E01011698,0,-1
2020622000970,2020,622000970,1,9,0,18,19,3,7,0,0,4,0,0,0,0,3,1,2,2,1,33,6,1360,1,15,PEUGEOT 206,2,W01000856,0,-1
2020320562938,2020,320562938,1,9,0,18,19,5,1,0,0,0,0,4,0,0,1,1,2,2,1,23,5,1360,1,15,PEUGEOT 206,9,E01026211,0,-1
2020530977996,2020,530977996,1,9,0,18,19,4,8,0,0,0,0,0,1,0,3,1,1,1,1,39,7,1997,1,16,PEUGEOT 206,6,E01022442,0,-1
2020302001189,2020,302001189,2,9,0,7,7,5,8,0,0,6,0,0,0,0,1,1,2,2,2,41,7,1360,1,18,PEUGEOT 206,2,E01013504,0,-1
2020470997373,2020,470997373,1,9,0,18,19,3,7,0,0,7,0,0,0,0,4,1,2,2,1,55,8,1587,1,20,PEUGEOT 206,7,E01031374,0,-1
2020500964905,2020,500964905,1,9,0,18,19,3,7,0,0,0,5,0,0,0,1,1,5,6,2,54,8,1587,1,18,PEUGEOT 206,7,E01020219,0,-1
202031A025220,2020,31A025220,1,9,0,18,19,1,5,0,0,0,1,10,2,2,1,1,1,1,2,37,7,1360,1,14,PEUGEOT 206,1,E01028261,0,-1
2020401009648,2020,401009648,1,98,0,18,19,5,1,0,0,0,0,0,0,0,1,1,6,6,1,57,9,1398,2,17,-1,8,E01027070,0,-1
2020370936235,2020,370936235,1,9,0,18,19,7,3,0,0,0,5,0,1,4,1,1,6,6,3,-1,-1,1124,1,17,PEUGEOT 206,-1,-1,0,-1
2020230999552,2020,230999552,1,9,0,18,19,6,2,0,0,1,0,0,0,0,1,1,5,6,2,47,8,1124,1,17,PEUGEOT 206,4,E01009162,0,-1
2020160972620,2020,160972620,1,9,0,18,19,3,7,0,0,1,1,4,0,0,1,1,6,6,1,34,6,1360,1,19,PEUGEOT 206,1,E01013205,0,-1
2020010258068,2020,010258068,1,9,0,99,99,9,9,0,0,1,0,0,0,0,1,1,6,6,1,49,8,1124,1,16,PEUGEOT 206,6,E01003311,0,-1
2020500981857,2020,500981857,1,9,0,18,19,3,7,0,0,1,0,0,0,0,1,1,5,6,1,71,10,1997,2,15,PEUGEOT 206,4,E01018952,0,-1
202006F271285,2020,06F271285,1,9,0,7,7,4,6,0,0,0,0,0,0,0,1,1,6,6,1,30,6,1997,1,17,PEUGEOT 206,-1,-1,0,-1
2020160946666,2020,160946666,2,9,0,2,2,0,0,9,9,0,0,0,0,0,0,1,6,6,3,-1,-1,1360,1,17,PEUGEOT 206,-1,-1,0,-1
202031D061420,2020,31D061420,1,9,0,18,19,1,5,0,0,0,0,0,0,0,1,1,6,6,1,43,7,1360,1,16,PEUGEOT 206,4,E01013740,0,-1
2020302000497,2020,302000497,1,9,0,18,19,8,4,0,0,0,1,0,0,0,1,1,6,6,1,34,6,1124,1,15,PEUGEOT 206,2,E01019817,0,-1
2020140956354,2020,140956354,2,9,0,-1,-1,-1,-1,-1,-1,1,-1,-1,-1,0,-1,1,6,6,1,39,7,1997,1,18,PEUGEOT 206,2,E01007417,0,-1
2020140963424,2020,140963424,2,9,0,7,7,3,1,0,0,1,0,0,0,0,3,1,5,6,1,21,5,1398,2,17,PEUGEOT 206,6,E01007424,0,-1
2020070496341,2020,070496341,2,9,0,3,3,8,4,0,0,1,0,0,0,0,2,1,6,6,2,52,8,1360,1,15,PEUGEOT 206,2,E01018525,0,-1
2020470965930,2020,470965930,2,9,0,7,7,3,5,0,0,1,0,0,0,0,2,1,6,6,2,79,11,1360,1,17,PEUGEOT 206,10,E01031805,0,-1
2020500944819,2020,500944819,1,9,0,17,19,1,5,0,0,0,1,0,8,0,1,1,2,2,1,22,5,1124,1,15,PEUGEOT 206,6,E01020227,0,-1
2020140969777,2020,140969777,4,9,0,18,19,7,3,0,0,0,0,0,0,0,4,1,6,6,1,50,8,1360,1,18,PEUGEOT 206,3,E01007337,0,-1
202006E274478,2020,06E274478,2,9,0,9,9,8,7,0,0,5,0,0,0,0,1,1,6,6,1,30,6,1360,1,19,PEUGEOT 206,1,E01005239,0,-1
202006K272233,2020,06K272233,1,9,0,6,6,6,6,0,0,0,0,0,1,0,3,1,6,6,1,46,8,1360,1,15,PEUGEOT 206,4,E01004921,0,-1
2020450955834,2020,450955834,1,9,0,18,19,1,5,9,9,2,2,10,1,4,2,1,6,6,1,25,5,1360,1,16,PEUGEOT 206,6,E01030312,0,-1
2020500929299,2020,500929299,1,9,0,18,19,6,2,0,0,0,2,0,0,0,1,1,3,7,2,29,6,1587,1,14,PEUGEOT 206,6,E01020181,0,-1
2020340N03272,2020,340N03272,2,9,0,10,10,4,1,0,0,8,0,0,0,0,2,1,6,6,2,51,8,1398,2,17,PEUGEOT 206,2,E01027241,0,-1
2020010240530,2020,010240530,1,9,0,18,19,7,3,0,0,8,0,0,0,0,1,1,6,6,1,-1,-1,1398,2,18,PEUGEOT 206,7,E01024137,0,-1
2020500973614,2020,500973614,1,9,0,16,19,4,1,0,0,0,5,0,0,0,1,1,5,6,1,41,7,1997,2,15,PEUGEOT 206,6,E01020295,0,-1
202031A044820,2020,31A044820,1,9,0,18,19,8,4,0,0,8,0,0,0,0,3,1,6,6,1,17,4,1360,1,15,PEUGEOT 206,5,E01019402,0,-1
2020040943186,2020,040943186,1,9,0,7,7,1,5,0,0,0,0,0,0,0,1,1,5,6,2,32,6,1398,2,16,PEUGEOT 206,6,E01025325,0,-1
2020220930189,2020,220930189,2,9,0,18,19,1,5,0,0,8,0,0,0,0,1,1,1,1,2,53,8,1997,2,15,PEUGEOT 206,10,E01032393,0,-1
2020122100174,2020,122100174,2,9,0,3,3,2,6,0,0,4,0,0,0,0,2,1,6,6,2,30,6,1360,1,19,PEUGEOT 206,6,E01013383,0,-1
2020220915748,2020,220915748,2,9,0,10,10,1,8,0,0,1,0,0,0,0,2,1,5,6,2,49,8,1360,1,14,PEUGEOT 206,7,E01032259,0,-1
202063B066320,2020,63B066320,1,9,0,16,19,6,1,0,0,0,0,0,8,3,3,1,6,6,1,23,5,1124,1,15,PEUGEOT 206,7,W01000686,0,-1
2020500954783,2020,500954783,1,9,0,18,19,7,3,0,0,8,0,0,0,0,1,1,5,6,2,75,10,1398,2,14,PEUGEOT 206,4,E01018987,0,-1
2020990976813,2020,990976813,2,9,0,5,5,4,2,0,0,1,0,0,0,0,1,1,6,6,2,37,7,1587,1,14,PEUGEOT 206,1,-1,0,-1
2020500956899,2020,500956899,1,9,0,16,19,1,5,0,0,0,0,0,0,0,3,1,5,6,1,17,4,1124,1,16,PEUGEOT 206,6,E01020207,0,-1
2020520001672,2020,520001672,1,9,0,17,19,6,2,0,0,0,0,10,7,0,1,1,6,6,1,25,5,1360,1,15,PEUGEOT 206,4,E01029050,0,-1
2020040959700,2020,040959700,1,9,0,18,19,5,1,0,0,0,0,0,1,10,1,1,5,6,1,20,4,1360,1,14,PEUGEOT 206,2,E01006855,0,-1
2020460970255,2020,460970255,1,9,0,18,19,7,3,0,0,0,1,4,0,0,1,1,6,6,3,-1,-1,1360,1,19,PEUGEOT 206,-1,-1,0,-1
2020040931978,2020,040931978,1,9,0,5,5,7,3,0,0,1,0,0,0,0,1,1,5,6,2,52,8,1124,1,15,PEUGEOT 206,1,E01025186,0,-1
20201371H0368,2020,1371H0368,2,9,0,18,19,2,6,0,0,8,0,0,0,0,0,1,6,6,1,34,6,1360,1,16,PEUGEOT 206,6,E01010582,0,-1
2020440432202,2020,440432202,1,9,0,9,9,6,2,0,0,8,0,0,0,0,1,1,6,6,1,36,7,1587,1,18,PEUGEOT 206,1,E01032750,0,-1
2020220933674,2020,220933674,1,9,0,18,19,1,5,0,0,8,1,10,7,0,1,1,6,6,1,26,6,1587,1,15,PEUGEOT 206,5,E01028946,0,-1
2020522002282,2020,522002282,5,9,0,2,2,0,0,0,0,0,0,0,0,0,1,1,6,6,1,40,7,1360,1,17,PEUGEOT 206,4,E01014645,0,-1
2020140951472,2020,140951472,1,9,0,9,9,1,1,0,0,1,0,0,0,0,4,1,5,6,2,36,7,1360,1,19,PEUGEOT 206,-1,-1,0,-1
2020450933452,2020,450933452,2,9,0,18,19,1,7,0,0,0,0,0,0,0,1,1,6,6,2,44,7,1360,1,20,PEUGEOT 206,5,E01030787,0,-1
2020140929877,2020,140929877,1,9,0,18,19,6,2,0,0,0,1,0,8,11,4,1,5,6,2,25,5,1360,1,16,PEUGEOT 206,2,E01007767,0,-1
2020410992537,2020,410992537,2,9,0,9,9,-1,-1,0,0,2,0,0,0,0,4,1,6,6,1,31,6,1124,1,15,PEUGEOT 206,8,E01023596,0,-1
2020530997675,2020,530997675,1,9,0,4,4,1,5,0,0,1,0,0,0,0,4,1,3,7,2,35,6,1997,1,18,PEUGEOT 206,1,E01022333,0,-1
2020520005024,2020,520005024,1,9,0,10,10,5,3,0,0,4,0,0,0,0,1,1,6,6,1,21,5,1124,1,16,PEUGEOT 206,9,E01029115,0,-1
2020440387574,2020,440387574,1,9,0,18,19,3,1,0,0,8,0,0,0,0,1,1,6,6,2,20,4,1124,1,15,PEUGEOT 206,1,E01015309,0,-1
2020531011451,2020,531011451,1,9,0,18,19,7,3,0,0,0,0,0,1,9,1,1,6,6,2,38,7,1360,1,16,PEUGEOT 206,5,E01022242,0,-1
2020622001111,2020,622001111,1,9,0,18,19,8,4,0,0,0,1,0,7,4,2,1,6,6,1,37,7,1360,1,18,PEUGEOT 206,1,W01000992,0,-1
2020200937132,2020,200937132,1,9,0,18,19,6,2,0,0,1,0,0,0,0,1,1,6,6,2,39,7,1587,1,15,PEUGEOT 206,5,E01032428,0,-1
2020010235446,2020,010235446,2,9,0,18,19,3,7,0,0,7,0,0,0,0,2,1,6,6,1,46,8,1360,1,13,PEUGEOT 206,4,E01017473,0,-1
2020991010130,2020,991010130,1,9,0,5,5,5,3,0,0,0,0,0,0,0,3,1,6,6,1,35,6,1360,1,16,PEUGEOT 206,4,-1,0,-1
2020122000392,2020,122000392,2,9,0,2,2,0,0,0,0,0,0,0,0,0,0,1,6,6,3,-1,-1,1360,1,14,PEUGEOT 206,-1,-1,0,-1
2020460948142,2020,460948142,1,9,0,9,9,4,2,9,9,2,0,0,1,10,1,1,5,6,1,39,7,-1,-1,-1,PEUGEOT 206,4,E01024217,0,-1
2020461007782,2020,461007782,2,9,0,18,19,4,8,0,0,0,0,0,0,0,1,1,6,6,2,27,6,1997,2,15,PEUGEOT 206,1,E01024678,0,-1
2020531016246,2020,531016246,2,9,0,9,9,8,5,0,0,0,0,0,0,0,1,1,6,6,1,-1,-1,1360,1,13,PEUGEOT 206,-1,-1,0,-1
2020040993241,2020,040993241,1,9,0,5,5,6,2,9,9,0,0,0,1,0,1,1,5,6,1,25,5,1398,2,18,PEUGEOT 206,-1,-1,0,-1
2020140992693,2020,140992693,1,9,0,18,19,1,4,0,0,0,0,0,1,0,1,1,6,6,1,-1,-1,1360,1,18,PEUGEOT 206,2,E01007733,0,-1
2020500932760,2020,500932760,1,9,0,3,3,5,1,0,0,0,0,0,0,0,2,1,2,2,2,46,8,1587,1,14,PEUGEOT 206,1,E01015151,0,-1
2020160997719,2020,160997719,1,9,0,9,9,4,2,0,0,8,0,0,0,0,4,1,5,6,1,20,4,1124,1,16,PEUGEOT 206,1,E01013141,0,-1