collision_index,collision_year,collision_ref_no,vehicle_reference,vehicle_type,towing_and_articulation,vehicle_manoeuvre_historic,vehicle_manoeuvre,vehicle_direction_from,vehicle_direction_to,vehicle_location_restricted_lane_historic,vehicle_location_restricted_lane,junction_location,skidding_and_overturning,hit_object_in_carriageway,vehicle_leaving_carriageway,hit_object_off_carriageway,first_point_of_impact,vehicle_left_hand_drive,journey_purpose_of_driver_historic,journey_purpose_of_driver,sex_of_driver,age_of_driver,age_band_of_driver,engine_capacity_cc,propulsion_code,age_of_vehicle,generic_make_model,driver_imd_decile,lsoa_of_driver,escooter_flag,driver_distance_banding
2020160939441,2020,160939441,1,9,0,18,19,7,3,0,0,0,1,0,7,0,1,1,6,6,1,22,5,1124,1,16,PEUGEOT 206,2,E01013331,0,-1
2020450946380,2020,450946380,1,9,0,7,7,5,3,0,0,8,0,0,0,0,3,1,5,6,1,29,6,1587,1,15,PEUGEOT 206,8,E01030885,0,-1
2020040916586,2020,040916586,2,9,0,10,10,2,8,0,0,6,0,0,0,0,3,1,5,6,2,37,7,1560,2,14,PEUGEOT 206,5,E01024873,0,-1
2020470992784,2020,470992784,1,9,0,18,19,1,5,0,0,0,0,0,1,2,3,1,5,6,2,44,7,1587,1,16,PEUGEOT 206,8,E01016985,0,-1
2020522002621,2020,522002621,2,9,0,18,19,7,3,0,0,0,0,0,0,0,2,1,6,6,1,30,6,1360,1,16,PEUGEOT 206,-1,-1,0,-1
2020200949306,2020,200949306,1,9,0,3,3,-1,-1,0,0,0,0,0,0,0,2,1,6,6,2,54,8,1360,1,12,PEUGEOT 206,1,E01009083,0,-1
2020360939527,2020,360939527,1,9,0,4,4,1,4,0,0,2,0,0,0,0,1,1,5,6,2,51,8,1360,1,16,PEUGEOT 206,2,E01026425,0,-1
2020302001103,2020,302001103,1,9,0,9,9,5,2,0,0,0,0,0,0,0,4,1,6,6,2,21,5,1587,1,14,PEUGEOT 206,9,E01019784,0,-1
2020460996498,2020,460996498,1,9,0,9,9,4,8,0,0,5,0,0,0,0,1,1,5,6,1,62,9,1124,1,18,PEUGEOT 206,6,E01024674,0,-1
2020461001813,2020,461001813,2,9,0,2,2,0,0,0,0,1,2,0,0,0,2,1,5,6,3,-1,-1,1360,1,18,PEUGEOT 206,-1,-1,0,-1
2020200933886,2020,200933886,1,9,0,9,9,2,8,0,0,6,0,0,0,0,1,1,6,6,1,55,8,1398,2,17,PEUGEOT 206,2,E01010429,0,-1
2020200979034,2020,200979034,1,9,0,9,9,3,8,0,0,6,0,0,0,0,3,1,1,1,1,37,7,1124,1,16,PEUGEOT 206,9,E01010206,0,-1
2020220960959,2020,220960959,1,9,0,18,19,2,6,0,0,8,1,0,0,0,1,1,5,6,1,25,5,1360,1,16,PEUGEOT 206,8,E01014040,0,-1
2020230995634,2020,230995634,1,9,0,14,14,8,5,0,0,0,0,0,0,0,4,1,5,6,1,74,10,1587,1,17,PEUGEOT 206,10,E01031202,0,-1
2020200989455,2020,200989455,1,9,0,14,14,2,6,0,0,1,0,4,0,0,1,1,6,6,3,-1,-1,1997,2,18,PEUGEOT 206,-1,-1,0,-1
2020030959320,2020,030959320,1,9,0,18,19,6,2,9,9,0,0,0,1,4,1,1,6,6,1,47,8,1587,1,15,PEUGEOT 206,4,E01019150,0,-1
2020070084801,2020,070084801,1,9,0,3,3,4,8,0,0,0,0,0,0,0,4,1,6,6,1,91,11,1360,1,13,PEUGEOT 206,6,E01018355,0,-1
2020010257978,2020,010257978,3,9,0,3,3,2,6,0,0,0,0,0,0,0,2,1,6,6,2,40,7,1587,1,14,PEUGEOT 206,3,E01001436,0,-1
2020340N06852,2020,340N06852,1,9,0,18,19,1,5,0,0,0,0,0,0,0,1,1,6,6,1,28,6,1587,1,16,PEUGEOT 206,2,E01027226,0,-1
2020230971561,2020,230971561,1,9,0,18,19,4,8,0,0,2,0,0,0,0,1,1,5,6,2,38,7,1124,1,15,PEUGEOT 206,5,E01031168,0,-1
2020450963652,2020,450963652,1,9,0,18,19,1,5,0,0,0,0,0,1,11,1,1,5,6,2,67,10,1587,1,15,PEUGEOT 206,4,E01030304,0,-1
2020470964564,2020,470964564,1,9,0,16,19,8,3,0,0,2,2,0,0,0,3,1,5,6,2,25,5,1124,1,17,PEUGEOT 206,7,E01032717,0,-1
2020052001721,2020,052001721,1,9,0,18,19,1,5,0,0,0,0,0,0,0,1,1,6,6,1,35,6,1124,1,18,PEUGEOT 206,1,E01012526,0,-1
2020200991380,2020,200991380,1,9,0,18,19,2,6,0,0,0,2,10,1,10,1,1,6,6,3,-1,-1,1124,1,18,PEUGEOT 206,-1,-1,0,-1
2020070502788,2020,070502788,1,9,0,9,9,4,1,0,0,6,0,0,0,0,1,1,6,6,2,47,8,1587,1,17,PEUGEOT 206,6,E01018481,0,-1
2020552000240,2020,552000240,2,9,0,18,19,6,3,0,0,8,0,0,0,0,4,1,6,6,1,21,5,1360,1,13,PEUGEOT 206,5,E01015427,0,-1
2020010244163,2020,010244163,1,9,0,18,19,5,1,0,0,0,0,0,1,0,1,1,6,6,1,26,6,1587,1,19,PEUGEOT 206,5,E01000705,0,-1
2020360987764,2020,360987764,2,9,0,18,19,2,6,0,0,1,0,0,0,0,3,1,5,6,2,21,5,1124,1,15,PEUGEOT 206,7,E01026427,0,-1
2020460969839,2020,460969839,2,9,0,18,19,3,7,0,0,0,2,0,0,0,3,1,5,6,1,43,7,1360,1,20,PEUGEOT 206,9,E01024349,0,-1
2020401007227,2020,401007227,1,9,0,4,4,7,3,0,0,0,0,0,0,0,2,1,6,6,1,57,9,1997,2,19,PEUGEOT 206,5,E01015762,0,-1
202031B103520,2020,31B103520,1,9,0,9,9,4,1,0,0,5,0,0,0,0,4,1,6,6,1,53,8,1587,1,14,PEUGEOT 206,5,E01028002,0,-1
2020200993892,2020,200993892,1,9,0,18,19,6,2,0,0,6,1,0,0,0,1,1,5,6,2,60,9,1360,1,17,PEUGEOT 206,8,E01009465,0,-1
2020010237426,2020,010237426,2,9,0,99,99,9,9,99,99,0,9,99,9,99,9,9,6,6,1,-1,-1,1124,1,17,PEUGEOT 206,9,E01003875,0,-1
2020530939807,2020,530939807,2,9,0,9,9,5,3,0,0,8,0,0,0,0,0,1,5,6,1,42,7,1124,1,16,PEUGEOT 206,1,E01022147,0,-1
2020552000139,2020,552000139,1,9,0,18,19,8,4,0,0,0,0,0,0,0,1,1,2,2,1,28,6,1360,1,18,PEUGEOT 206,6,E01015366,0,-1
2020360940496,2020,360940496,1,9,0,5,5,3,1,0,0,2,0,0,0,0,1,1,5,6,2,37,7,1587,1,18,PEUGEOT 206,6,E01026612,0,-1
202031B148920,2020,31B148920,1,9,0,18,19,1,5,0,0,1,0,0,0,0,1,1,6,6,1,60,9,1997,2,19,PEUGEOT 206,5,E01028003,0,-1
2020450978223,2020,450978223,2,9,0,18,19,6,2,0,0,0,0,0,0,0,1,1,2,2,2,21,5,1360,1,15,PEUGEOT 206,3,E01002646,0,-1
2020440448621,2020,440448621,1,9,0,18,19,7,3,0,0,8,0,0,0,0,4,1,6,6,2,69,10,1360,1,16,PEUGEOT 206,1,E01017236,0,-1
2020421001021,2020,421001021,2,9,0,3,3,7,3,0,0,1,0,0,0,0,2,1,6,6,1,69,10,1868,2,20,PEUGEOT 206,8,E01021254,0,-1
2020041002223,2020,041002223,1,9,0,12,12,6,2,0,0,0,0,0,0,0,1,1,5,6,1,36,7,1587,1,17,PEUGEOT 206,6,E01024982,0,-1
2020200938400,2020,200938400,2,9,0,3,3,2,6,0,0,0,0,0,0,0,2,1,1,1,2,59,9,1360,1,13,PEUGEOT 206,2,E01009088,0,-1
2020990982358,2020,990982358,1,9,0,9,9,7,5,0,0,1,0,0,0,0,1,1,6,6,1,51,8,1360,1,16,PEUGEOT 206,3,-1,0,-1
2020040990904,2020,040990904,1,9,0,18,19,3,7,0,0,0,0,0,0,0,4,1,5,6,1,41,7,1398,2,15,PEUGEOT 206,2,E01025092,0,-1
2020501007371,2020,501007371,1,9,0,18,19,5,1,0,0,0,0,0,0,0,1,1,5,6,1,51,8,1997,2,16,PEUGEOT 206,5,E01018837,0,-1
2020211001627,2020,211001627,1,9,0,18,19,6,2,0,0,0,5,0,1,0,1,1,6,6,1,28,6,1398,2,14,PEUGEOT 206,9,E01029479,0,-1
2020470944046,2020,470944046,2,9,0,18,19,6,2,0,0,8,0,0,0,0,1,1,5,6,1,83,11,1587,1,14,PEUGEOT 206,2,E01020977,0,-1
2020010236455,2020,010236455,2,9,0,6,6,7,7,0,0,7,0,0,0,0,4,1,6,6,1,38,7,1360,1,16,PEUGEOT 206,5,E01001646,0,-1
2020990952913,2020,990952913,1,9,0,5,5,6,2,0,0,0,0,0,1,0,1,1,6,6,1,20,4,1398,2,15,PEUGEOT 206,-1,-1,0,-1
2020010255300,2020,010255300,2,9,0,99,99,9,9,99,99,9,9,99,9,99,9,9,6,6,2,51,8,1124,1,17,PEUGEOT 206,2,E01003175,0,-1
2020450936030,2020,450936030,2,9,0,18,19,1,4,0,0,0,0,0,0,0,1,1,6,6,2,39,7,1587,1,16,PEUGEOT 206,8,E01030697,0,-1
2020450943457,2020,450943457,1,9,0,18,19,5,1,0,0,1,1,0,0,0,3,1,6,6,2,81,11,1587,1,16,PEUGEOT 206,9,E01030723,0,-1
2020351008162,2020,351008162,1,9,0,18,19,1,5,0,0,0,0,4,0,0,1,1,6,6,2,37,7,1398,2,15,PEUGEOT 206,3,E01018094,0,-1
2020500942672,2020,500942672,1,9,0,18,19,2,6,0,0,0,2,0,2,11,1,1,3,7,2,27,6,1360,1,17,PEUGEOT 206,6,E01019023,0,-1
202063A015620,2020,63A015620,1,9,0,16,19,4,7,0,0,0,2,0,8,10,3,1,6,6,1,20,4,1587,1,16,PEUGEOT 206,7,W01000664,0,-1
2020010244003,2020,010244003,1,9,0,99,99,9,9,99,99,9,9,99,9,99,9,9,6,6,2,46,8,1360,1,18,PEUGEOT 206,7,E01001537,0,-1
2020460968523,2020,460968523,1,9,0,18,19,4,8,0,0,0,1,0,0,0,1,1,6,6,2,20,4,1360,1,16,PEUGEOT 206,7,E01024097,0,-1
2020552000391,2020,552000391,1,9,0,18,19,3,7,0,0,0,0,0,7,11,1,1,6,6,2,82,11,1997,2,18,PEUGEOT 206,1,E01015279,0,-1
2020040982443,2020,040982443,1,9,0,18,19,5,1,0,0,2,0,0,0,0,1,1,2,2,2,41,7,1587,1,14,PEUGEOT 206,1,E01012687,0,-1
202006E476283,2020,06E476283,1,9,0,18,19,1,5,0,0,8,0,0,0,0,1,1,6,6,3,-1,-1,1360,1,16,PEUGEOT 206,-1,-1,0,-1
2020010278229,2020,010278229,1,9,0,5,5,2,6,0,0,1,0,0,0,0,2,1,2,2,1,65,9,1398,2,18,PEUGEOT 206,8,E01003445,0,-1
2020230991958,2020,230991958,3,9,0,18,19,7,3,0,0,0,0,0,0,0,1,1,2,2,2,54,8,1360,1,14,PEUGEOT 206,3,E01031006,0,-1
2020340N09042,2020,340N09042,2,9,0,2,2,0,0,0,0,0,0,0,0,11,2,1,6,6,3,-1,-1,1360,1,18,PEUGEOT 206,-1,-1,0,-1
202031D078620,2020,31D078620,1,9,0,18,19,6,2,0,0,0,0,0,0,0,1,1,6,6,1,-1,-1,1360,1,18,PEUGEOT 206,-1,-1,0,-1
2020460952238,2020,460952238,1,9,0,18,19,7,3,0,0,0,0,0,0,0,4,1,6,6,1,56,9,1587,1,17,PEUGEOT 206,5,E01000379,0,-1
2020010228819,2020,010228819,1,9,0,3,3,5,1,0,0,1,0,0,0,0,4,1,6,6,1,52,8,1997,2,16,PEUGEOT 206,3,E01001552,0,-1
2020520000489,2020,520000489,2,9,0,18,19,1,5,0,0,8,0,4,0,0,1,1,6,6,1,45,7,1360,1,14,PEUGEOT 206,2,E01029131,0,-1
2020520004445,2020,520004445,1,9,0,18,19,4,8,0,0,0,1,0,7,10,1,1,6,6,1,24,5,1360,1,20,PEUGEOT 206,4,E01029174,0,-1
2020210988849,2020,210988849,3,9,0,18,19,6,2,0,0,0,1,0,0,0,3,1,6,6,2,35,6,1398,2,17,PEUGEOT 206,4,E01029797,0,-1
2020010254120,2020,010254120,2,9,0,18,19,4,8,0,0,0,0,4,7,0,1,1,6,6,2,24,5,1360,1,18,PEUGEOT 206,9,E01003466,0,-1
2020201016208,2020,201016208,1,9,0,17,19,4,2,0,0,0,1,0,1,9,1,1,6,6,2,30,6,1360,1,13,PEUGEOT 206,1,E01009376,0,-1
2020070253418,2020,070253418,2,9,0,5,5,5,1,0,0,1,1,0,0,0,1,1,6,6,1,23,5,1398,2,16,PEUGEOT 206,3,E01018451,0,-1
2020460965025,2020,460965025,1,9,0,18,19,8,4,0,0,0,5,0,1,0,4,1,5,6,1,35,6,1360,1,18,PEUGEOT 206,1,E01024590,0,-1
2020371013599,2020,371013599,1,9,0,18,19,8,5,0,0,0,1,0,0,0,4,1,1,1,2,33,6,1360,1,19,PEUGEOT 206,6,E01030037,0,-1
2020470947783,2020,470947783,1,9,0,9,9,2,8,0,0,1,0,0,0,0,1,1,5,6,2,35,6,1360,1,18,PEUGEOT 206,1,E01021136,0,-1
2020220924637,2020,220924637,4,9,0,18,19,2,6,0,0,8,0,0,0,0,1,1,5,6,2,41,7,1587,1,16,PEUGEOT 206,6,E01032159,0,-1
2020040950177,2020,040950177,1,9,0,13,13,1,5,0,0,0,2,0,1,11,4,1,2,2,2,26,6,1124,1,15,PEUGEOT 206,2,E01025101,0,-1
2020070057086,2020,070057086,1,9,0,18,19,1,5,0,0,2,1,0,0,0,1,1,6,6,1,23,5,1997,2,15,PEUGEOT 206,1,E01033300,0,-1
2020351013258,2020,351013258,2,9,0,18,19,2,6,0,0,2,0,0,0,0,1,1,5,6,1,64,9,1997,1,15,PEUGEOT 206,4,E01018060,0,-1
2020460922624,2020,460922624,1,9,0,3,3,3,7,0,0,0,0,0,0,0,1,1,6,6,1,22,5,1124,1,17,PEUGEOT 206,5,E01023992,0,-1
2020470964250,2020,470964250,2,9,0,10,10,4,2,0,0,8,0,0,0,0,3,2,5,6,1,62,9,1360,1,18,PEUGEOT 206,6,E01016970,0,-1
2020360944794,2020,360944794,4,9,0,18,19,1,5,0,0,0,0,0,0,0,0,1,5,6,2,62,9,1360,1,14,PEUGEOT 206,4,E01030295,0,-1
2020520002598,2020,520002598,2,9,0,9,9,6,4,0,0,8,0,0,0,0,1,1,6,6,1,31,6,1997,1,17,PEUGEOT 206,3,E01029284,0,-1
2020400975745,2020,400975745,2,9,0,18,19,4,8,0,0,8,0,0,0,0,4,1,5,6,1,30,6,1360,1,17,PEUGEOT 206,2,E01017602,0,-1
2020137AB1930,2020,137AB1930,1,9,0,18,19,2,8,0,0,8,0,0,0,0,1,1,6,6,3,-1,-1,1124,1,18,PEUGEOT 206,-1,-1,0,-1
2020541070720,2020,541070720,1,9,0,18,19,1,5,0,0,1,2,11,1,9,1,1,2,2,2,61,9,1587,1,15,PEUGEOT 206,9,E01031999,0,-1
2020010279389,2020,010279389,1,9,0,5,5,5,1,0,0,1,0,0,0,0,1,1,6,6,1,54,8,1997,1,15,PEUGEOT 206,-1,-1,0,-1
2020470951613,2020,470951613,2,9,0,18,19,6,1,0,0,8,0,7,0,0,3,1,5,6,2,25,5,1398,2,13,PEUGEOT 206,2,E01031436,0,-1
2020010263372,2020,010263372,2,9,0,99,99,9,9,99,99,9,9,99,9,99,9,9,6,6,3,-1,-1,1587,1,18,PEUGEOT 206,3,E01003525,0,-1
2020420960365,2020,420960365,1,9,0,18,19,8,5,0,0,0,5,0,7,0,3,1,6,6,1,33,6,1124,1,15,PEUGEOT 206,6,E01021536,0,-1
2020122000822,2020,122000822,2,9,0,5,5,7,3,0,0,6,0,0,0,0,3,1,1,1,1,43,7,1360,1,17,PEUGEOT 206,3,E01013445,0,-1
2020010231342,2020,010231342,1,9,0,4,4,8,4,0,0,1,0,0,0,0,4,1,6,6,1,33,6,1360,1,19,PEUGEOT 206,5,E01003083,0,-1
2020460965242,2020,460965242,1,9,0,18,19,5,1,0,0,0,0,0,0,0,1,1,5,6,2,96,11,1360,1,19,PEUGEOT 206,5,E01024075,0,-1
2020340K08672,2020,340K08672,1,9,0,18,19,7,3,0,0,7,0,0,0,0,1,1,1,1,1,27,6,1360,1,15,PEUGEOT 206,5,E01032971,0,-1
2020460975518,2020,460975518,1,9,0,18,19,1,5,8,6,0,0,0,0,0,1,1,6,6,1,19,4,1360,1,14,PEUGEOT 206,10,E01024733,0,-1
2020010280506,2020,010280506,1,9,0,99,99,9,9,0,0,1,0,0,0,0,1,1,6,6,1,-1,-1,1398,2,7,MAKE AND MODEL REDACTED,2,E01000429,0,-1
2020990920635,2020,990920635,2,9,0,18,19,5,1,0,0,0,0,0,0,0,1,1,5,6,2,22,5,1199,1,3,MAKE AND MODEL REDACTED,6,-1,0,-1
2020160987020,2020,160987020,1,98,0,18,19,6,2,0,0,0,1,0,0,0,1,1,1,1,1,66,10,1997,2,2,-1,6,E01013160,0,-1
2020302000438,2020,302000438,2,9,0,18,19,3,6,0,0,0,0,0,0,0,1,1,6,6,2,37,7,1398,2,6,MAKE AND MODEL REDACTED,7,E01005033,0,-1
2020470958644,2020,470958644,1,2,0,18,19,6,2,0,0,2,0,0,0,0,1,1,5,6,1,21,5,49,1,13,-1,5,E01020968,0,-1
2020451001248,2020,451001248,1,9,0,9,9,1,5,0,0,2,0,0,0,0,4,1,1,1,1,71,10,-1,-1,-1,MAKE AND MODEL REDACTED,9,E01030766,0,-1
2020440335172,2020,440335172,1,19,0,1,1,2,1,0,0,8,0,0,0,0,3,1,6,6,1,70,10,-1,-1,-1,-1,6,E01018450,0,-1
2020040991635,2020,040991635,3,9,0,18,19,7,3,0,0,0,0,0,0,0,0,1,1,1,1,56,9,2157,2,3,SSANGYONG RODIUS,7,E01025465,0,-1
2020100997565,2020,100997565,2,9,0,18,19,7,3,0,0,0,0,0,0,0,4,1,5,6,1,71,10,2157,2,2,SSANGYONG RODIUS,1,E01008290,0,-1
2020547587220,2020,547587220,2,9,0,18,19,7,3,0,0,0,0,0,0,0,3,1,6,6,2,64,9,2157,2,2,SSANGYONG RODIUS,7,E01031850,0,-1
2020320554210,2020,320554210,2,9,0,18,19,5,1,0,0,8,0,0,0,0,1,1,6,6,1,30,6,1998,2,5,SSANGYONG RODIUS,1,E01013229,0,-1
2020070437737,2020,070437737,2,9,0,4,4,6,2,0,0,0,0,0,0,0,2,1,6,6,2,37,7,2157,2,3,SSANGYONG RODIUS,2,E01006564,0,-1
2020010236919,2020,010236919,2,9,0,2,2,0,0,0,0,6,0,0,0,0,2,1,6,6,3,-1,-1,2157,2,3,SSANGYONG RODIUS,-1,-1,0,-1
2020010256034,2020,010256034,1,9,0,3,3,1,5,0,0,0,0,0,0,0,2,1,6,6,1,55,8,2157,2,4,SSANGYONG RODIUS,8,E01000679,0,-1
2020400984887,2020,400984887,2,9,0,2,2,0,0,0,0,0,0,0,0,0,2,1,6,6,3,-1,-1,2696,2,11,SSANGYONG RODIUS,-1,-1,0,-1
2020010254462,2020,010254462,2,9,0,99,99,9,9,99,99,9,9,99,9,99,1,9,6,6,3,-1,-1,2157,2,3,SSANGYONG RODIUS,9,E01000831,0,-1
2020410944733,2020,410944733,2,9,0,18,19,1,5,0,0,1,0,0,0,0,1,1,1,1,1,46,8,2157,2,4,SSANGYONG RODIUS,5,E01023737,0,-1
2020200943507,2020,200943507,1,9,0,9,9,2,8,0,0,6,0,0,0,0,1,1,6,6,2,35,6,2157,2,3,SSANGYONG RODIUS,4,E01010072,0,-1
2020420992033,2020,420992033,2,9,0,3,3,5,1,0,0,1,0,0,0,0,2,1,5,6,2,52,8,2696,2,8,SSANGYONG RODIUS,7,E01021978,0,-1
2020340N03012,2020,340N03012,2,9,0,2,2,0,0,0,0,0,0,0,0,0,2,1,6,6,1,46,8,2157,2,3,SSANGYONG RODIUS,2,E01002368,0,-1
2020622001013,2020,622001013,1,9,0,18,19,2,6,0,0,0,0,0,0,0,1,1,6,6,2,45,7,2696,2,11,SSANGYONG RODIUS,10,W01000855,0,-1
2020430072445,2020,430072445,3,9,0,18,19,8,4,0,0,1,0,1,0,0,1,1,6,6,2,48,8,2157,2,4,SSANGYONG RODIUS,9,E01028663,0,-1
2020410984026,2020,410984026,1,5,0,9,9,7,1,0,0,0,1,0,0,0,4,1,6,6,1,36,7,996,1,17,-1,7,E01015800,0,-1
2020420946981,2020,420946981,1,5,0,9,9,8,6,0,0,2,5,0,0,0,3,1,2,2,1,43,7,996,1,17,-1,2,E01021872,0,-1
2020230960689,2020,230960689,1,5,0,18,19,6,2,0,0,1,1,0,0,0,1,1,6,6,1,50,8,996,1,16,-1,10,E01017373,0,-1
2020420961971,2020,420961971,1,5,0,17,19,5,2,0,0,1,2,0,1,4,1,1,6,6,1,39,7,996,1,16,-1,8,E01015965,0,-1
2020100969039,2020,100969039,1,5,0,18,19,5,1,0,0,0,0,0,0,0,1,1,6,6,1,59,9,996,1,16,-1,5,E01008499,0,-1
2020200951484,2020,200951484,1,5,0,17,19,1,7,0,0,0,0,0,0,0,3,1,6,6,1,31,6,996,1,16,-1,3,E01032527,0,-1
2020010270692,2020,010270692,1,5,0,99,99,9,9,99,99,9,9,99,9,99,9,1,6,6,1,43,7,996,1,16,-1,6,E01003958,0,-1
2020552000482,2020,552000482,1,5,0,18,19,4,8,0,0,0,1,0,0,0,4,1,6,6,1,31,6,996,1,16,-1,5,E01020444,0,-1
2020010272750,2020,010272750,1,5,0,17,19,7,3,0,0,1,1,0,0,0,1,1,1,1,1,60,9,996,1,23,-1,-1,-1,0,-1
2020122000823,2020,122000823,1,5,0,18,19,1,4,0,0,0,1,0,1,0,1,1,6,6,1,46,8,996,1,17,-1,7,E01027703,0,-1
2020122001278,2020,122001278,1,3,0,17,19,5,1,0,0,0,1,10,0,0,4,1,6,6,1,17,4,125,1,1,-1,6,E01027622,0,-1
2020430343370,2020,430343370,1,3,0,18,19,2,6,0,0,1,1,0,0,0,1,1,6,6,2,30,6,125,1,0,-1,-1,-1,0,-1
2020170M21390,2020,170M21390,1,3,0,18,19,8,4,0,0,1,1,0,0,0,1,1,6,6,1,23,5,125,1,0,-1,4,E01012105,0,-1
2020070551296,2020,070551296,1,3,0,9,9,5,3,0,0,3,0,0,0,0,2,1,6,6,1,43,7,125,1,1,-1,1,E01012455,0,-1
2020160993635,2020,160993635,1,2,0,18,19,3,7,0,0,0,0,0,0,0,2,1,6,6,1,68,10,49,1,0,-1,3,E01013099,0,-1
2020552001115,2020,552001115,2,2,0,18,19,6,2,0,0,8,0,0,0,0,1,1,2,2,1,18,4,49,1,2,-1,5,E01015421,0,-1
2020122000817,2020,122000817,1,3,0,4,4,5,1,0,0,0,0,0,0,0,1,1,6,6,2,18,4,125,1,1,-1,2,E01027852,0,-1
2020440082172,2020,440082172,1,3,0,18,19,3,7,0,0,0,0,0,0,0,1,1,2,2,2,26,6,125,1,1,-1,2,E01032879,0,-1
2020122000877,2020,122000877,1,2,0,18,19,7,3,0,0,0,0,0,0,0,1,1,6,6,1,20,4,125,1,0,-1,7,E01027891,0,-1
2020211026307,2020,211026307,2,3,0,18,19,2,8,0,0,8,0,0,0,0,4,1,6,6,1,52,8,49,1,1,-1,3,E01029591,0,-1
2020010246449,2020,010246449,2,4,0,99,99,9,9,99,99,0,9,99,9,99,9,1,6,6,3,-1,-1,565,1,6,-1,-1,-1,0,-1
2020030969621,2020,030969621,2,5,0,18,19,5,1,0,0,1,5,0,0,0,4,1,5,6,1,70,10,565,1,2,-1,4,E01006998,0,-1
2020010241607,2020,010241607,1,2,0,18,19,6,2,0,0,1,0,0,0,0,1,-1,2,2,1,25,5,50,1,10,-1,3,E01000622,0,-1
2020140989734,2020,140989734,1,9,0,9,9,5,3,0,0,2,0,0,0,0,1,1,1,1,1,24,5,1896,2,17,VOLKSWAGEN GOLF,4,E01007879,0,-1
2020400934611,2020,400934611,1,9,0,17,19,7,3,0,0,1,0,0,0,0,1,1,3,7,2,46,8,1968,2,9,VOLKSWAGEN GOLF,5,E01017543,0,-1
202006M274942,2020,06M274942,1,9,0,3,3,6,2,0,0,1,0,0,0,0,2,1,2,2,2,25,5,1598,2,1,VOLKSWAGEN GOLF,-1,-1,0,-1
202006Q271992,2020,06Q271992,1,9,0,18,19,6,2,0,0,0,0,0,0,0,1,1,6,6,1,23,5,1984,1,10,VOLKSWAGEN GOLF,3,E01005378,0,-1
2020500975576,2020,500975576,2,9,0,18,19,5,8,0,0,0,0,0,1,9,3,1,6,6,2,26,6,1598,2,8,VOLKSWAGEN GOLF,5,E01018804,0,-1
2020010261908,2020,010261908,3,9,0,2,2,0,0,0,0,0,0,0,0,0,4,1,6,6,3,-1,-1,1598,1,14,VOLKSWAGEN GOLF,-1,-1,0,-1
2020201000770,2020,201000770,3,9,0,2,2,0,0,0,0,0,0,0,0,0,0,1,1,1,3,59,9,1896,2,18,VOLKSWAGEN GOLF,-1,-1,0,-1
2020302000414,2020,302000414,1,9,0,18,19,2,6,0,0,4,5,9,3,0,1,1,6,6,1,49,8,1896,2,18,VOLKSWAGEN GOLF,5,E01019738,0,-1
2020010260599,2020,010260599,2,9,0,7,7,1,3,0,0,8,0,0,0,0,1,1,6,6,3,-1,-1,1968,2,11,VOLKSWAGEN GOLF,-1,-1,0,-1
2020440457920,2020,440457920,2,9,0,3,3,8,4,0,0,1,0,0,0,0,2,1,6,6,1,24,5,1968,2,4,VOLKSWAGEN GOLF,7,E01000493,0,-1
2020360978556,2020,360978556,3,9,0,3,3,-1,-1,0,0,0,0,0,0,0,3,1,5,6,1,23,5,1598,1,12,VOLKSWAGEN GOLF,1,E01026832,0,-1
2020370940077,2020,370940077,2,9,0,18,19,1,5,0,0,0,0,0,0,0,4,1,2,2,1,30,6,1896,2,13,VOLKSWAGEN GOLF,1,E01033130,0,-1
2020010229699,2020,010229699,1,9,0,99,99,9,9,99,99,9,9,99,9,99,2,9,2,2,1,44,7,1390,1,13,VOLKSWAGEN GOLF,1,E01004247,0,-1
2020110920369,2020,110920369,2,9,0,18,19,7,3,0,0,0,0,0,0,0,1,1,6,6,1,18,4,1598,2,5,VOLKSWAGEN GOLF,3,E01012313,0,-1
202006A271703,2020,06A271703,1,9,0,16,19,6,2,0,0,0,1,0,0,0,1,1,6,6,3,-1,-1,1598,2,0,VOLKSWAGEN GOLF,-1,-1,0,-1
202006E170884,2020,06E170884,1,9,0,18,19,3,7,0,0,2,0,0,0,0,1,1,6,6,2,43,7,999,1,2,VOLKSWAGEN GOLF,1,E01005147,0,-1
2020010238138,2020,010238138,1,9,0,18,19,2,6,0,0,1,0,0,0,0,4,1,6,6,1,29,6,1968,2,3,VOLKSWAGEN GOLF,3,E01003431,0,-1
202031D134720,2020,31D134720,1,9,0,16,19,2,6,0,0,8,0,0,1,9,1,1,6,6,2,57,9,1968,2,9,VOLKSWAGEN GOLF,8,E01033535,0,-1
2020201019089,2020,201019089,1,9,0,18,19,3,7,0,0,1,0,0,0,0,1,1,6,6,1,-1,-1,1896,2,13,VOLKSWAGEN GOLF,3,E01008933,0,-1
2020137BG0203,2020,137BG0203,1,9,0,4,4,5,1,0,0,4,0,0,0,0,2,1,2,2,2,24,5,1968,2,9,VOLKSWAGEN GOLF,8,E01011092,0,-1
2020991008589,2020,991008589,1,9,0,18,19,1,1,0,0,0,0,7,0,0,1,1,5,6,1,25,5,1598,2,4,VOLKSWAGEN GOLF,4,E01014478,0,-1