collision_index,collision_year,collision_ref_no,vehicle_reference,vehicle_type,towing_and_articulation,vehicle_manoeuvre_historic,vehicle_manoeuvre,vehicle_direction_from,vehicle_direction_to,vehicle_location_restricted_lane_historic,vehicle_location_restricted_lane,junction_location,skidding_and_overturning,hit_object_in_carriageway,vehicle_leaving_carriageway,hit_object_off_carriageway,first_point_of_impact,vehicle_left_hand_drive,journey_purpose_of_driver_historic,journey_purpose_of_driver,sex_of_driver,age_of_driver,age_band_of_driver,engine_capacity_cc,propulsion_code,age_of_vehicle,generic_make_model,driver_imd_decile,lsoa_of_driver,escooter_flag,driver_distance_banding
2020420954432,2020,420954432,1,9,0,18,19,3,7,0,0,4,0,0,0,0,1,1,6,6,2,24,5,2000,2,16,VOLKSWAGEN GOLF,2,E01021998,0,-1
2020137A60551,2020,137A60551,1,9,0,9,9,5,3,0,0,8,0,0,0,0,1,1,6,6,1,48,8,1968,2,13,VOLKSWAGEN GOLF,-1,-1,0,-1
2020320604395,2020,320604395,1,9,0,2,2,0,0,0,0,2,0,0,0,0,4,1,6,6,3,40,7,1968,2,4,VOLKSWAGEN GOLF,-1,-1,0,-1
2020400994577,2020,400994577,1,9,0,13,13,1,5,0,0,0,0,0,0,0,1,1,2,2,1,54,8,1968,2,1,VOLKSWAGEN GOLF,9,E01033191,0,-1
20201378U0027,2020,1378U0027,2,9,0,18,19,1,5,0,0,0,0,0,0,0,1,1,6,6,1,54,8,1984,1,4,VOLKSWAGEN GOLF,-1,-1,0,-1
2020552000915,2020,552000915,1,9,0,18,19,4,8,0,0,0,5,10,0,0,1,1,6,6,1,22,5,1498,1,0,VOLKSWAGEN GOLF,9,W01001135,0,-1
2020200936330,2020,200936330,2,9,0,16,19,7,2,0,0,4,0,0,0,0,2,1,6,6,2,32,6,1598,2,1,VOLKSWAGEN GOLF,1,E01010130,0,-1
2020010231782,2020,010231782,2,9,0,99,99,9,9,99,99,9,9,99,9,99,9,9,6,6,3,-1,-1,1598,2,8,VOLKSWAGEN GOLF,-1,-1,0,-1
2020401006082,2020,401006082,2,9,-1,-1,-1,-1,-1,-1,-1,-1,-1,-1,-1,0,-1,1,6,6,1,43,7,1598,2,8,VOLKSWAGEN GOLF,2,E01015733,0,-1
2020530967742,2020,530967742,1,9,0,5,5,4,7,0,0,4,0,0,0,0,1,1,2,2,2,23,5,1390,1,15,VOLKSWAGEN GOLF,3,E01022121,0,-1
2020350925547,2020,350925547,1,9,0,18,19,6,2,0,0,2,2,10,1,0,1,1,2,2,2,24,5,1390,1,13,VOLKSWAGEN GOLF,3,E01015619,0,-1
2020010239502,2020,010239502,1,9,0,18,19,2,6,0,0,0,0,0,0,0,1,1,6,6,1,22,5,1390,1,16,VOLKSWAGEN GOLF,6,E01002353,0,-1
2020400957693,2020,400957693,1,9,0,4,4,2,6,0,0,1,0,0,0,0,1,1,5,6,1,47,8,1900,2,14,VOLKSWAGEN GOLF,1,E01015736,0,-1
2020010275805,2020,010275805,1,9,0,99,99,9,9,99,99,9,9,99,9,99,2,9,6,6,2,46,8,1197,1,10,VOLKSWAGEN GOLF,1,E01000105,0,-1
2020421004135,2020,421004135,1,9,0,3,3,5,1,0,0,1,0,0,0,0,1,1,6,6,2,55,8,1595,1,18,VOLKSWAGEN GOLF,5,E01021854,0,-1
2020010252408,2020,010252408,2,9,0,99,99,9,9,99,99,9,9,99,9,99,1,9,6,6,3,45,7,1600,1,15,VOLKSWAGEN GOLF,4,E01003148,0,-1
2020010274157,2020,010274157,1,9,0,99,99,9,9,99,99,9,9,99,9,99,2,9,6,6,2,39,7,1390,1,11,VOLKSWAGEN GOLF,3,E01001446,0,-1
2020200998519,2020,200998519,1,9,0,9,9,2,8,0,0,8,0,0,0,0,3,1,6,6,1,73,10,1598,2,9,VOLKSWAGEN GOLF,5,E01009211,0,-1
2020052000910,2020,052000910,1,9,0,7,7,4,6,0,0,6,0,0,0,0,1,1,6,6,1,29,6,1968,2,7,VOLKSWAGEN GOLF,1,E01006707,0,-1
2020990972638,2020,990972638,1,9,0,2,2,0,0,0,0,0,0,0,0,0,3,1,5,6,1,58,9,1984,1,9,VOLKSWAGEN GOLF,6,-1,0,-1
2020440091215,2020,440091215,4,9,0,18,19,1,5,0,0,0,0,0,0,0,2,1,6,6,2,42,7,1984,1,3,VOLKSWAGEN GOLF,9,E01022943,0,-1
2020450918271,2020,450918271,2,9,0,7,7,5,7,0,0,0,0,0,0,0,3,1,5,6,2,44,7,1395,1,4,VOLKSWAGEN GOLF,6,E01030300,0,-1
2020010272067,2020,010272067,1,9,0,99,99,9,9,99,99,0,9,99,9,99,1,9,6,6,1,21,5,1595,1,11,VOLKSWAGEN GOLF,2,E01004255,0,-1
2020200995892,2020,200995892,1,9,0,18,19,8,4,0,0,4,0,0,0,0,4,1,6,6,1,82,11,1390,1,18,VOLKSWAGEN GOLF,8,E01009068,0,-1
2020530987685,2020,530987685,2,9,0,9,9,4,5,0,0,6,0,0,0,0,0,1,6,6,1,52,8,1968,2,7,VOLKSWAGEN GOLF,6,E01022454,0,-1
2020010250403,2020,010250403,1,9,0,7,7,2,5,0,0,1,0,0,0,0,4,1,6,6,1,33,6,1968,2,3,VOLKSWAGEN GOLF,1,E01001798,0,-1
202063A069020,2020,63A069020,1,9,0,18,19,3,8,0,0,8,0,0,0,0,1,1,6,6,2,29,6,1598,1,13,VOLKSWAGEN GOLF,5,W01000802,0,-1
20201377I1296,2020,1377I1296,2,9,0,9,9,7,5,0,0,8,0,0,0,0,4,1,6,6,1,19,4,1598,2,3,VOLKSWAGEN GOLF,2,E01010619,0,-1
2020460949847,2020,460949847,1,9,0,18,19,7,3,0,0,1,0,0,0,0,4,1,6,6,2,20,4,999,1,3,VOLKSWAGEN GOLF,10,E01032827,0,-1
2020200949533,2020,200949533,1,9,0,18,19,7,3,9,9,1,0,0,1,7,1,1,6,6,1,37,7,1900,2,16,VOLKSWAGEN GOLF,7,E01009643,0,-1
2020010265330,2020,010265330,1,9,0,18,19,2,6,0,0,0,0,0,0,0,1,1,6,6,3,-1,-1,1598,1,14,VOLKSWAGEN GOLF,-1,-1,0,-1
2020010267217,2020,010267217,1,9,0,18,19,7,3,0,0,0,0,4,0,0,1,1,6,6,1,31,6,1598,1,14,VOLKSWAGEN GOLF,3,E01001638,0,-1
2020552001128,2020,552001128,1,9,0,18,19,2,6,0,0,8,0,0,0,0,4,1,2,2,2,30,6,1896,2,18,VOLKSWAGEN GOLF,9,E01002988,0,-1
20201372R1079,2020,1372R1079,2,9,0,18,19,1,5,0,0,8,0,0,0,0,3,1,3,7,2,66,10,1896,2,17,VOLKSWAGEN GOLF,2,E01011854,0,-1
2020460927763,2020,460927763,2,9,0,18,19,7,3,0,0,0,0,0,0,0,3,1,6,6,2,24,5,1598,2,3,VOLKSWAGEN GOLF,5,E01024673,0,-1
2020010255556,2020,010255556,2,9,0,3,3,5,1,0,0,0,0,0,0,0,1,1,6,6,2,28,6,1400,1,14,VOLKSWAGEN GOLF,8,E01003669,0,-1
2020622000444,2020,622000444,2,9,0,18,19,7,3,0,0,1,1,0,0,0,1,1,6,6,1,24,5,1598,1,14,VOLKSWAGEN GOLF,10,W01001194,0,-1
2020302000902,2020,302000902,1,9,0,17,19,4,8,0,0,0,5,0,7,11,1,1,6,6,1,17,4,1598,1,15,VOLKSWAGEN GOLF,4,E01005986,0,-1
2020520002465,2020,520002465,2,9,0,1,1,3,7,0,0,0,0,0,0,0,2,1,6,6,1,30,6,1968,2,11,VOLKSWAGEN GOLF,-1,-1,0,-1
2020201021031,2020,201021031,1,9,0,18,19,2,6,0,0,0,0,0,0,0,1,1,6,6,1,59,9,1968,2,13,VOLKSWAGEN GOLF,7,E01014148,0,-1
2020460925181,2020,460925181,1,9,0,4,4,6,2,0,0,0,0,0,0,0,1,1,6,6,1,61,9,1968,2,10,VOLKSWAGEN GOLF,5,E01024032,0,-1
2020531020987,2020,531020987,1,9,0,18,19,4,8,0,0,0,0,0,0,0,3,1,6,6,1,40,7,1968,2,2,VOLKSWAGEN GOLF,8,E01015536,0,-1
2020410989578,2020,410989578,2,9,0,4,4,1,5,0,0,1,0,0,0,0,1,1,5,6,1,25,5,1984,1,12,VOLKSWAGEN GOLF,3,E01001546,0,-1
202031D035720,2020,31D035720,1,9,0,18,19,1,5,0,0,4,0,0,0,0,1,1,1,1,1,62,9,1598,2,1,VOLKSWAGEN GOLF,3,E01019506,0,-1
2020200976452,2020,200976452,1,9,0,6,6,7,7,0,0,8,0,0,0,0,1,1,2,2,1,20,4,1896,2,12,VOLKSWAGEN GOLF,1,E01009479,0,-1
2020400924498,2020,400924498,3,9,0,4,4,5,1,0,0,0,0,0,0,0,2,1,6,6,1,24,5,1598,2,2,VOLKSWAGEN GOLF,5,E01016754,0,-1
20201373L0894,2020,1373L0894,1,9,0,18,19,1,5,0,0,8,0,0,0,0,1,1,6,6,1,21,5,1598,2,6,VOLKSWAGEN GOLF,1,E01011134,0,-1
2020361012261,2020,361012261,1,9,0,18,19,3,7,0,0,0,0,0,0,0,1,1,5,6,1,21,5,1390,1,10,VOLKSWAGEN GOLF,1,E01026622,0,-1
2020201004795,2020,201004795,1,9,0,18,19,2,6,0,0,8,1,10,0,0,1,1,6,6,1,24,5,1968,2,4,VOLKSWAGEN GOLF,1,E01009025,0,-1
2020400997115,2020,400997115,1,9,0,4,4,4,8,0,0,0,0,0,0,0,0,1,6,6,1,39,7,1968,2,6,VOLKSWAGEN GOLF,6,E01015775,0,-1
202031C005320,2020,31C005320,2,9,0,10,10,2,8,0,0,5,0,0,0,0,2,1,6,6,1,35,6,1896,2,12,VOLKSWAGEN GOLF,1,E01013948,0,-1
2020200981495,2020,200981495,1,9,0,5,5,7,3,0,0,3,0,0,0,0,1,1,6,6,1,20,4,1390,1,11,VOLKSWAGEN GOLF,1,E01009408,0,-1
202063A017720,2020,63A017720,1,9,0,18,19,2,6,0,0,0,0,4,0,0,1,1,6,6,1,34,6,1197,1,7,VOLKSWAGEN GOLF,5,W01000698,0,-1
2020990983061,2020,990983061,1,9,0,5,5,3,7,0,0,8,0,0,0,0,3,1,6,6,2,53,8,1598,2,6,VOLKSWAGEN GOLF,9,-1,0,-1
2020010271437,2020,010271437,1,9,0,99,99,9,9,99,99,9,9,99,9,99,2,9,6,6,3,32,6,1598,1,14,VOLKSWAGEN GOLF,3,E01002235,0,-1
2020622000265,2020,622000265,1,9,0,18,19,6,2,0,0,0,0,0,0,0,1,1,6,6,1,42,7,1598,1,13,VOLKSWAGEN GOLF,3,W01001760,0,-1
2020200941352,2020,200941352,1,9,0,18,19,6,2,0,0,1,0,0,0,0,1,1,6,6,3,-1,-1,2000,2,16,VOLKSWAGEN GOLF,-1,-1,0,-1
2020100972773,2020,100972773,1,9,0,7,7,4,7,0,0,8,1,7,7,1,1,1,5,6,1,30,6,1968,2,4,VOLKSWAGEN GOLF,2,E01008460,0,-1
2020010282478,2020,010282478,2,9,0,7,7,5,7,0,0,6,0,0,0,0,1,1,6,6,3,-1,-1,1984,1,14,VOLKSWAGEN GOLF,-1,-1,0,-1
2020201025685,2020,201025685,1,9,0,18,19,6,2,0,0,0,0,0,0,0,1,1,6,6,1,-1,-1,1984,1,13,VOLKSWAGEN GOLF,-1,-1,0,-1
2020041023198,2020,041023198,1,9,0,3,3,5,1,0,0,0,0,0,0,0,1,1,6,6,3,-1,-1,1598,1,13,VOLKSWAGEN GOLF,-1,-1,0,-1
2020471004269,2020,471004269,1,9,0,16,19,5,8,0,0,8,5,7,0,0,1,1,6,6,3,-1,-1,1598,1,13,VOLKSWAGEN GOLF,-1,-1,0,-1
2020010228799,2020,010228799,1,9,0,99,99,9,9,0,0,0,0,99,9,99,9,9,6,6,1,40,7,1395,1,5,VOLKSWAGEN GOLF,6,E01002940,0,-1
2020140956620,2020,140956620,1,9,0,16,19,8,2,0,0,1,1,7,3,11,1,1,6,6,1,27,6,2000,2,14,VOLKSWAGEN GOLF,3,E01007538,0,-1
2020040933917,2020,040933917,1,9,0,18,19,1,5,0,0,0,0,0,0,0,1,1,5,6,1,21,5,1900,2,16,VOLKSWAGEN GOLF,2,E01012573,0,-1
20201371V1044,2020,1371V1044,2,9,0,4,4,3,7,0,0,0,0,0,0,0,2,1,6,6,1,46,8,1968,2,5,VOLKSWAGEN GOLF,1,W01000198,0,-1
2020010280182,2020,010280182,1,9,0,99,99,9,9,99,99,0,9,99,9,99,9,9,6,6,2,29,6,1968,2,10,VOLKSWAGEN GOLF,5,E01004086,0,-1
2020010235747,2020,010235747,2,9,0,99,99,9,9,99,99,9,9,99,9,99,1,9,6,6,3,-1,-1,1395,1,6,VOLKSWAGEN GOLF,-1,-1,0,-1
2020100988665,2020,100988665,1,9,0,11,11,5,8,0,0,0,0,0,0,0,4,1,6,6,2,60,9,1395,1,2,VOLKSWAGEN GOLF,10,E01008365,0,-1
2020450958585,2020,450958585,1,9,0,1,1,7,3,0,0,0,0,0,0,0,4,1,5,6,2,58,9,1600,1,16,VOLKSWAGEN GOLF,10,E01030442,0,-1
2020440036254,2020,440036254,1,9,0,18,19,5,2,0,0,0,0,0,0,0,1,1,6,6,2,36,7,1900,2,20,VOLKSWAGEN GOLF,2,E01022900,0,-1
2020010229241,2020,010229241,1,9,0,99,99,9,9,99,99,9,9,99,9,99,1,9,6,6,3,-1,-1,1498,1,1,VOLKSWAGEN GOLF,-1,-1,0,-1
2020010281003,2020,010281003,1,9,0,99,99,9,9,99,99,9,9,99,9,99,1,9,2,2,1,47,8,1595,1,11,VOLKSWAGEN GOLF,8,E01002106,0,-1
2020450946952,2020,450946952,2,9,0,18,19,4,4,0,0,1,0,0,0,0,1,1,6,6,1,23,5,1598,2,9,VOLKSWAGEN GOLF,5,E01030981,0,-1
20201376N1843,2020,1376N1843,1,9,0,18,19,4,8,0,0,1,0,0,0,0,1,1,6,6,2,24,5,2000,2,16,VOLKSWAGEN GOLF,4,E01011613,0,-1
2020010239077,2020,010239077,1,9,0,1,1,7,3,0,0,8,0,0,0,0,2,1,2,2,1,20,4,1390,1,11,VOLKSWAGEN GOLF,1,E01001838,0,-1
2020100996066,2020,100996066,1,9,0,18,19,3,7,0,0,0,1,4,0,0,1,1,5,6,1,22,5,1900,2,14,VOLKSWAGEN GOLF,2,E01008491,0,-1
2020100947860,2020,100947860,1,9,0,18,19,3,7,0,0,8,0,0,0,0,1,1,6,6,3,-1,-1,1896,2,17,VOLKSWAGEN GOLF,-1,-1,0,-1
2020041009829,2020,041009829,3,9,0,4,4,1,5,0,0,0,0,0,0,0,2,1,5,6,1,24,5,1896,2,19,VOLKSWAGEN GOLF,3,E01024943,0,-1
2020010232750,2020,010232750,1,9,0,9,9,4,1,0,0,0,0,0,0,0,4,1,6,6,2,38,7,1498,1,1,VOLKSWAGEN GOLF,4,E01004141,0,-1
2020100916539,2020,100916539,1,9,0,9,9,7,3,0,0,1,0,0,0,0,1,1,5,6,1,20,4,1968,2,5,VOLKSWAGEN GOLF,3,E01008441,0,-1
2020010247067,2020,010247067,1,9,0,9,9,6,3,0,0,0,0,0,0,0,1,1,6,6,2,56,9,1984,1,17,VOLKSWAGEN GOLF,2,E01003181,0,-1
2020010239274,2020,010239274,1,9,0,3,3,4,8,0,0,1,0,4,0,0,2,1,6,6,2,39,7,1598,2,4,VOLKSWAGEN GOLF,9,E01002995,0,-1
2020170L11180,2020,170L11180,1,9,0,9,9,1,6,0,0,8,0,0,0,0,1,1,6,6,2,73,10,1395,1,4,VOLKSWAGEN GOLF,9,E01012158,0,-1
2020010265419,2020,010265419,3,9,0,16,19,5,1,0,0,1,0,0,0,0,1,2,6,6,1,-1,-1,1598,2,8,VOLKSWAGEN GOLF,-1,-1,0,-1
2020010252004,2020,010252004,1,9,0,18,19,3,7,0,0,0,0,0,0,0,1,1,6,6,1,22,5,1390,1,18,VOLKSWAGEN GOLF,4,E01000507,0,-1
2020430027952,2020,430027952,1,9,0,9,9,4,2,0,0,8,0,0,0,0,1,1,6,6,1,38,7,1598,2,11,VOLKSWAGEN GOLF,7,E01033509,0,-1
20201371K1122,2020,1371K1122,1,9,0,4,4,7,3,0,0,1,0,0,0,0,3,1,6,6,2,21,5,1598,2,7,VOLKSWAGEN GOLF,7,E01011755,0,-1
2020132100135,2020,132100135,1,9,0,18,19,5,1,0,0,0,0,0,0,0,2,1,6,6,2,58,9,1598,2,7,VOLKSWAGEN GOLF,9,E01027913,0,-1
2020470971927,2020,470971927,1,9,0,9,9,3,1,0,0,8,0,0,0,0,4,1,5,6,1,31,6,1598,2,3,VOLKSWAGEN GOLF,7,E01031488,0,-1
2020470925711,2020,470925711,1,9,0,18,19,7,3,0,0,8,0,0,3,9,1,1,6,6,3,-1,-1,1896,2,18,VOLKSWAGEN GOLF,-1,-1,0,-1
2020010247533,2020,010247533,1,9,0,18,19,5,1,0,0,0,0,0,0,0,2,1,6,6,1,30,6,1900,2,13,VOLKSWAGEN GOLF,8,E01003355,0,-1
2020140927566,2020,140927566,1,9,0,17,19,1,5,0,0,0,0,0,0,0,3,1,5,6,1,18,4,1390,1,9,VOLKSWAGEN GOLF,2,E01007417,0,-1
2020230997323,2020,230997323,1,9,0,9,9,3,1,0,0,5,0,0,0,0,3,1,5,6,1,26,6,2000,1,16,VOLKSWAGEN GOLF,10,E01032948,0,-1
2020137762075,2020,137762075,1,9,0,18,19,4,8,0,0,0,0,0,0,0,1,1,1,1,1,37,7,1968,2,11,VOLKSWAGEN GOLF,2,E01010628,0,-1
2020200964979,2020,200964979,1,9,0,9,9,2,8,0,0,5,0,0,0,0,1,1,6,6,2,23,5,1598,2,4,VOLKSWAGEN GOLF,1,E01009479,0,-1
2020010271147,2020,010271147,1,9,0,18,19,3,7,0,0,2,0,0,0,0,1,1,3,7,1,31,6,1598,2,6,VOLKSWAGEN GOLF,3,E01001162,0,-1
2020350923112,2020,350923112,2,9,0,3,3,2,6,0,0,1,0,0,0,0,2,1,6,6,1,37,7,1390,1,11,VOLKSWAGEN GOLF,7,E01018002,0,-1
2020440104639,2020,440104639,1,9,0,18,19,5,1,0,0,0,0,0,0,0,1,1,6,6,1,22,5,1390,1,14,VOLKSWAGEN GOLF,3,E01022807,0,-1
2020430032239,2020,430032239,1,9,0,4,4,2,6,0,0,1,0,0,0,0,1,1,2,2,1,20,4,1600,1,21,VOLKSWAGEN GOLF,-1,-1,0,-1
2020137B11442,2020,137B11442,1,9,0,18,19,3,7,0,0,0,0,0,0,0,1,1,6,6,1,28,6,1598,2,7,VOLKSWAGEN GOLF,1,E01010676,0,-1
2020200933344,2020,200933344,1,9,0,18,19,8,4,0,0,1,0,0,0,0,1,1,6,6,1,-1,-1,1968,2,11,VOLKSWAGEN GOLF,-1,-1,0,-1
2020500998208,2020,500998208,1,9,0,18,19,5,1,0,0,1,0,0,0,0,0,1,5,6,2,25,5,1968,2,7,VOLKSWAGEN GOLF,5,E01019924,0,-1
2020990923750,2020,990923750,1,9,0,9,9,1,6,0,0,0,0,0,0,0,1,1,5,6,1,29,6,1968,2,8,VOLKSWAGEN GOLF,1,-1,0,-1
2020420939836,2020,420939836,1,9,0,18,19,1,3,0,0,0,0,0,0,0,1,1,5,6,2,35,6,1968,2,5,VOLKSWAGEN GOLF,4,E01021688,0,-1
2020040943408,2020,040943408,1,9,0,5,5,3,7,0,0,6,0,0,0,0,1,1,6,6,1,27,6,1968,2,7,VOLKSWAGEN GOLF,4,E01012634,0,-1
2020220949318,2020,220949318,2,9,0,2,2,0,0,0,0,0,0,0,0,0,1,1,5,6,2,33,6,1781,1,18,VOLKSWAGEN GOLF,1,E01014198,0,-1
2020420954173,2020,420954173,1,9,0,4,4,1,5,0,0,0,0,0,0,0,1,1,5,6,1,71,10,1390,1,17,VOLKSWAGEN GOLF,1,E01021970,0,-1
2020320216509,2020,320216509,1,9,0,18,19,7,3,0,0,1,0,0,0,0,1,1,6,6,1,36,7,1896,2,12,VOLKSWAGEN GOLF,2,E01026170,0,-1
2020040972809,2020,040972809,1,9,0,18,19,1,5,0,0,5,0,0,0,0,1,1,5,6,2,24,5,1598,2,9,VOLKSWAGEN GOLF,1,E01024856,0,-1
2020460930851,2020,460930851,2,9,0,18,19,7,1,0,0,1,0,0,0,0,1,1,5,6,1,19,4,2000,2,14,VOLKSWAGEN GOLF,4,E01016115,0,-1
2020220934884,2020,220934884,3,9,0,3,3,6,2,0,0,1,0,0,0,0,2,1,2,2,2,47,8,1598,2,3,VOLKSWAGEN GOLF,8,E01014160,0,-1
2020010275213,2020,010275213,1,9,0,99,99,9,9,99,99,9,9,99,9,99,9,9,6,6,2,36,7,1395,1,3,VOLKSWAGEN GOLF,1,E01004222,0,-1
2020470948858,2020,470948858,1,9,0,17,19,8,5,0,0,0,5,0,7,9,1,1,5,6,2,23,5,1598,1,17,VOLKSWAGEN GOLF,6,E01015318,0,-1
2020010278975,2020,010278975,1,9,0,18,19,5,1,0,0,0,0,0,0,0,2,1,2,2,1,45,7,1900,2,18,VOLKSWAGEN GOLF,7,E01002494,0,-1
2020160986668,2020,160986668,1,9,0,18,19,6,2,0,0,0,0,0,0,0,1,1,6,6,1,32,6,1968,2,14,VOLKSWAGEN GOLF,5,E01027807,0,-1
202031D067020,2020,31D067020,1,9,0,18,19,5,1,0,0,0,0,0,0,0,1,1,6,6,1,49,8,2000,2,15,VOLKSWAGEN GOLF,3,E01006831,0,-1
20201376H1182,2020,1376H1182,1,9,0,9,9,8,6,0,0,1,0,0,0,0,2,1,6,6,1,32,6,1896,2,18,VOLKSWAGEN GOLF,-1,-1,0,-1
2020200959121,2020,200959121,1,9,0,18,19,7,3,0,0,8,0,0,0,0,1,1,1,1,1,42,7,1968,2,11,VOLKSWAGEN GOLF,7,E01009915,0,-1
2020040949214,2020,040949214,1,9,0,18,19,5,1,0,0,4,0,0,1,0,3,1,5,6,1,40,7,1598,1,17,VOLKSWAGEN GOLF,1,E01025494,0,-1
2020220935090,2020,220935090,1,9,0,9,9,3,1,0,0,6,0,0,0,0,3,1,6,6,1,27,6,1598,2,7,VOLKSWAGEN GOLF,8,E01032171,0,-1
2020010238640,2020,010238640,1,9,0,7,7,7,1,0,0,1,0,0,0,0,1,1,6,6,3,-1,-1,1395,1,2,VOLKSWAGEN GOLF,-1,-1,0,-1
2020302000277,2020,302000277,2,9,0,18,19,6,2,0,0,8,0,0,0,0,1,1,6,6,1,30,6,1968,2,13,VOLKSWAGEN GOLF,1,E01019808,0,-1
2020010233156,2020,010233156,1,9,0,4,4,7,3,0,0,0,0,0,0,0,2,1,6,6,1,23,5,1390,1,11,VOLKSWAGEN GOLF,3,E01003235,0,-1
202031D171820,2020,31D171820,1,9,0,9,9,7,5,0,0,5,0,0,0,0,4,1,2,2,1,51,8,1984,1,7,VOLKSWAGEN GOLF,6,E01028108,0,-1
2020070568508,2020,070568508,1,9,0,9,9,2,8,0,0,5,0,0,0,0,1,1,6,6,1,56,9,1598,2,9,VOLKSWAGEN GOLF,-1,-1,0,-1
2020460938370,2020,460938370,3,9,0,18,19,3,7,1,1,0,1,4,0,0,1,1,5,6,1,25,5,3189,1,17,VOLKSWAGEN GOLF,7,E01024251,0,-1
2020010257076,2020,010257076,1,9,0,6,6,4,4,0,0,2,0,0,0,0,3,1,6,6,1,26,6,1395,1,7,VOLKSWAGEN GOLF,2,E01003176,0,-1
2020140960787,2020,140960787,2,9,0,5,5,8,3,0,0,2,0,0,0,0,2,1,6,6,1,32,6,1598,2,4,VOLKSWAGEN GOLF,7,E01007829,0,-1
2020549724220,2020,549724220,1,9,0,18,19,4,8,0,0,0,1,0,7,9,1,1,6,6,1,19,4,1968,2,14,VOLKSWAGEN GOLF,3,E01018815,0,-1
2020460972983,2020,460972983,1,9,0,9,9,3,5,0,0,5,0,0,7,0,3,1,6,6,2,61,9,1498,1,2,VOLKSWAGEN GOLF,9,E01023995,0,-1
2020450992154,2020,450992154,2,9,0,18,19,7,3,0,0,1,0,0,0,0,1,1,2,2,1,19,4,1390,1,16,VOLKSWAGEN GOLF,9,E01030510,0,-1
20201373Q1706,2020,1373Q1706,1,9,0,9,9,8,5,0,0,8,0,0,7,1,4,1,6,6,2,18,4,1390,1,13,VOLKSWAGEN GOLF,2,E01011002,0,-1
2020140969707,2020,140969707,2,9,0,18,19,5,8,0,0,0,1,0,0,0,1,1,5,6,2,24,5,1498,1,2,VOLKSWAGEN GOLF,1,E01007461,0,-1
2020010247653,2020,010247653,2,9,0,18,19,3,7,0,0,1,0,7,1,10,1,1,6,6,1,28,6,1598,1,13,VOLKSWAGEN GOLF,-1,-1,0,-1
2020522003242,2020,522003242,2,9,0,18,19,8,4,0,0,0,0,0,0,0,1,1,6,6,1,50,8,1390,1,8,VOLKSWAGEN GOLF,5,E01009745,0,-1
2020010253002,2020,010253002,2,9,0,99,99,9,9,99,99,9,9,99,9,99,9,9,6,6,3,-1,-1,2000,2,14,VOLKSWAGEN GOLF,-1,-1,0,-1
2020460971392,2020,460971392,2,9,0,18,19,5,1,0,0,0,0,0,0,0,1,1,6,6,1,54,8,1896,2,13,VOLKSWAGEN GOLF,7,E01000340,0,-1
2020010282158,2020,010282158,1,9,0,18,19,5,1,0,0,0,0,0,0,0,1,1,6,6,1,24,5,2000,2,15,VOLKSWAGEN GOLF,3,E01000473,0,-1
2020040926017,2020,040926017,2,9,0,18,19,5,1,0,0,1,0,0,0,0,1,1,6,6,3,-1,-1,1896,2,17,VOLKSWAGEN GOLF,-1,-1,0,-1
2020230957861,2020,230957861,1,9,0,18,19,7,3,0,0,4,0,0,0,0,1,1,6,6,2,33,6,1900,2,14,VOLKSWAGEN GOLF,5,E01002619,0,-1
2020470974667,2020,470974667,1,9,0,9,9,3,1,0,0,8,0,0,0,0,4,1,5,6,1,25,5,1598,2,5,VOLKSWAGEN GOLF,7,E01016916,0,-1
2020450965609,2020,450965609,1,9,0,18,19,7,3,0,0,1,0,0,0,0,0,1,5,6,1,85,11,1968,2,4,VOLKSWAGEN GOLF,10,E01030945,0,-1
20201374G0567,2020,1374G0567,2,9,0,2,2,8,4,0,0,0,0,0,0,0,2,1,6,6,1,24,5,1598,1,15,VOLKSWAGEN GOLF,9,E01011685,0,-1
2020450973193,2020,450973193,1,9,0,18,19,1,3,0,0,0,0,0,7,3,1,1,6,6,1,58,9,1968,2,7,VOLKSWAGEN GOLF,7,E01030410,0,-1
2020440112089,2020,440112089,1,9,0,7,7,6,8,0,0,8,0,0,0,0,2,1,6,6,2,61,9,1968,2,4,VOLKSWAGEN GOLF,4,E01022936,0,-1
2020350973037,2020,350973037,1,9,0,18,19,8,4,0,0,8,0,0,0,0,1,1,2,2,1,32,6,2000,2,16,VOLKSWAGEN GOLF,4,E01026254,0,-1
2020622000780,2020,622000780,2,9,0,4,4,2,6,0,0,0,0,0,0,0,4,1,6,6,2,66,10,1395,1,7,VOLKSWAGEN GOLF,8,W01001011,0,-1
2020200937785,2020,200937785,2,9,0,9,9,3,1,0,0,8,0,0,0,0,4,1,6,6,2,36,7,1598,2,3,VOLKSWAGEN GOLF,1,E01033644,0,-1
2020010249901,2020,010249901,2,9,0,99,99,9,9,99,99,0,9,99,9,99,4,9,6,6,3,31,6,1968,2,8,VOLKSWAGEN GOLF,1,E01011317,0,-1
2020137CF0263,2020,137CF0263,1,9,0,9,9,7,5,0,0,0,0,0,0,0,4,1,1,1,1,39,7,1598,2,9,VOLKSWAGEN GOLF,10,E01011894,0,-1
2020470995220,2020,470995220,3,9,0,4,4,8,4,0,0,1,0,0,0,0,2,1,6,6,2,72,10,1598,2,8,VOLKSWAGEN GOLF,10,E01021227,0,-1
2020010261724,2020,010261724,2,9,9,18,19,3,7,0,0,3,9,0,0,0,1,9,6,6,3,-1,-1,1390,1,11,VOLKSWAGEN GOLF,-1,-1,0,-1
2020010249370,2020,010249370,1,9,0,12,12,5,1,99,99,9,9,99,9,99,3,9,6,6,1,26,6,1984,1,7,VOLKSWAGEN GOLF,4,E01001167,0,-1
2020010236128,2020,010236128,2,9,0,6,6,7,7,0,0,1,0,0,0,0,2,1,6,6,2,34,6,1598,1,13,VOLKSWAGEN GOLF,4,E01001090,0,-1
2020010233320,2020,010233320,1,9,0,7,7,5,6,0,0,1,0,0,0,0,1,2,6,6,2,29,6,999,1,1,VOLKSWAGEN GOLF,-1,-1,0,-1