collision_index,collision_year,collision_ref_no,vehicle_reference,vehicle_type,towing_and_articulation,vehicle_manoeuvre_historic,vehicle_manoeuvre,vehicle_direction_from,vehicle_direction_to,vehicle_location_restricted_lane_historic,vehicle_location_restricted_lane,junction_location,skidding_and_overturning,hit_object_in_carriageway,vehicle_leaving_carriageway,hit_object_off_carriageway,first_point_of_impact,vehicle_left_hand_drive,journey_purpose_of_driver_historic,journey_purpose_of_driver,sex_of_driver,age_of_driver,age_band_of_driver,engine_capacity_cc,propulsion_code,age_of_vehicle,generic_make_model,driver_imd_decile,lsoa_of_driver,escooter_flag,driver_distance_banding
2020451001949,2020,451001949,1,9,0,18,19,7,3,0,0,1,0,0,0,0,1,1,5,6,1,84,11,1390,1,10,VOLKSWAGEN GOLF,10,E01030395,0,-1
2020420937469,2020,420937469,1,9,0,18,19,3,7,0,0,0,2,0,1,9,1,1,6,6,1,30,6,1984,1,1,VOLKSWAGEN GOLF,-1,-1,0,-1
2020552100072,2020,552100072,1,9,0,18,19,1,5,0,0,0,0,0,1,0,1,1,6,6,1,32,6,1968,2,11,VOLKSWAGEN GOLF,6,E01020471,0,-1
2020010265422,2020,010265422,1,9,0,99,99,9,9,99,99,9,9,99,9,99,2,9,6,6,2,25,5,1896,2,12,VOLKSWAGEN GOLF,3,E01004270,0,-1
20201375Q1328,2020,1375Q1328,2,9,0,4,4,1,5,0,0,1,0,0,0,0,2,1,2,2,2,41,7,1395,1,4,VOLKSWAGEN GOLF,1,E01010814,0,-1
2020470971008,2020,470971008,1,9,0,18,19,6,2,0,0,0,2,0,0,0,4,1,6,6,1,22,5,2000,2,13,VOLKSWAGEN GOLF,8,E01021140,0,-1
2020440256194,2020,440256194,1,9,0,2,2,0,0,0,0,0,0,0,0,0,2,1,6,6,2,43,7,1600,1,16,VOLKSWAGEN GOLF,10,-1,0,-1
202031A021020,2020,31A021020,2,9,0,18,19,2,6,0,0,8,1,0,0,0,1,1,6,6,1,17,4,1598,2,7,VOLKSWAGEN GOLF,2,E01028279,0,-1
202006K370648,2020,06K370648,1,9,0,18,19,1,5,0,0,1,5,0,3,0,1,1,6,6,1,20,4,1395,1,6,VOLKSWAGEN GOLF,2,E01004815,0,-1
2020137C81058,2020,137C81058,5,9,0,18,19,7,3,0,0,0,0,0,0,0,1,1,6,6,1,17,4,1598,2,3,VOLKSWAGEN GOLF,1,E01010838,0,-1
2020302001623,2020,302001623,1,9,0,7,7,5,8,0,0,3,0,0,0,0,1,1,2,2,1,44,7,1900,2,14,VOLKSWAGEN GOLF,8,E01019586,0,-1
2020137261763,2020,137261763,2,9,0,18,19,2,6,0,0,1,0,0,0,0,1,1,6,6,1,37,7,1968,2,12,VOLKSWAGEN GOLF,5,E01011058,0,-1
2020030996187,2020,030996187,1,9,0,4,4,-1,-1,0,0,1,0,0,0,0,1,1,6,6,1,-1,-1,1984,1,11,VOLKSWAGEN GOLF,8,E01019154,0,-1
2020010251592,2020,010251592,1,9,0,18,19,3,7,0,0,8,2,10,3,10,1,1,6,6,1,21,5,1984,1,1,VOLKSWAGEN GOLF,7,E01000123,0,-1
202006L176109,2020,06L176109,1,9,0,18,19,7,3,0,0,8,0,0,0,0,1,1,6,6,2,29,6,1390,1,18,VOLKSWAGEN GOLF,1,E01006392,0,-1
2020010233923,2020,010233923,2,9,0,99,99,9,9,99,99,0,9,99,9,99,1,9,6,6,1,41,7,2000,2,16,VOLKSWAGEN GOLF,-1,-1,0,-1
2020320493241,2020,320493241,1,9,0,17,19,5,1,0,0,0,1,0,0,0,1,1,6,6,1,26,6,1598,1,16,VOLKSWAGEN GOLF,3,E01013259,0,-1
2020052001244,2020,052001244,1,9,0,7,7,9,9,0,0,8,0,0,0,0,1,1,6,6,1,20,4,1896,2,19,VOLKSWAGEN GOLF,8,E01007095,0,-1
202031C035220,2020,31C035220,1,9,0,18,19,8,4,0,0,0,0,0,1,1,1,1,6,6,1,21,5,1968,2,4,VOLKSWAGEN GOLF,3,E01013932,0,-1
2020030993250,2020,030993250,2,9,0,18,19,3,7,0,0,0,0,0,0,0,1,1,5,6,1,48,8,1968,2,2,VOLKSWAGEN GOLF,10,E01027903,0,-1
2020010264410,2020,010264410,2,9,9,99,99,9,9,99,99,9,9,99,9,99,9,9,6,6,3,-1,-1,1896,2,13,VOLKSWAGEN GOLF,-1,-1,0,-1
20201372F1901,2020,1372F1901,2,9,0,18,19,1,5,0,0,1,0,0,0,0,2,1,6,6,1,31,6,1984,1,1,VOLKSWAGEN GOLF,1,E01010609,0,-1
2020160951824,2020,160951824,3,9,0,9,9,4,1,0,0,8,0,0,0,0,2,1,6,6,1,51,8,1598,2,9,VOLKSWAGEN GOLF,9,E01013275,0,-1
2020990965407,2020,990965407,1,9,0,18,19,6,3,0,0,7,0,0,1,0,1,1,6,6,1,36,7,1197,1,7,VOLKSWAGEN GOLF,6,-1,0,-1
2020040932214,2020,040932214,2,9,0,18,19,5,1,0,0,0,0,0,0,0,2,1,1,1,2,49,8,1598,2,8,VOLKSWAGEN GOLF,5,E01019380,0,-1
2020520101270,2020,520101270,2,9,0,18,19,2,6,0,0,8,0,0,0,0,2,1,6,6,2,67,10,1598,2,6,VOLKSWAGEN GOLF,6,E01029261,0,-1
202006K366838,2020,06K366838,1,9,0,17,19,3,7,0,0,0,0,0,1,7,1,1,6,6,1,26,6,1968,2,7,VOLKSWAGEN GOLF,2,E01033554,0,-1
2020990978730,2020,990978730,1,9,0,18,19,6,2,0,0,0,1,0,0,0,3,1,5,6,2,29,6,1968,2,14,VOLKSWAGEN GOLF,1,-1,0,-1
2020990955678,2020,990955678,1,9,0,18,19,5,2,0,0,3,5,9,1,10,0,1,6,6,1,25,5,1984,1,5,VOLKSWAGEN GOLF,8,-1,0,-1
2020220925183,2020,220925183,1,9,0,18,19,5,1,0,0,0,1,0,5,6,1,1,2,2,1,25,5,1800,1,20,VOLKSWAGEN GOLF,8,E01009919,0,-1
2020010265407,2020,010265407,1,9,0,12,12,7,3,2,2,0,0,0,0,0,3,1,6,6,1,20,4,1395,1,4,VOLKSWAGEN GOLF,8,E01020487,0,-1
2020110950312,2020,110950312,1,9,0,18,19,2,6,0,0,8,0,0,3,1,1,1,5,6,1,93,11,1598,2,8,VOLKSWAGEN GOLF,-1,-1,0,-1
2020622000748,2020,622000748,2,9,0,18,19,6,2,0,0,8,2,0,0,0,4,1,6,6,2,26,6,1896,2,17,VOLKSWAGEN GOLF,8,W01000905,0,-1
2020350932494,2020,350932494,3,9,0,18,19,8,3,0,0,1,0,0,0,0,3,1,5,6,1,20,4,1598,2,5,VOLKSWAGEN GOLF,3,E01018073,0,-1
2020350949616,2020,350949616,1,9,0,5,5,-1,-1,0,0,0,0,0,0,0,1,1,6,6,1,14,3,1896,2,17,VOLKSWAGEN GOLF,1,E01015604,0,-1
2020010278678,2020,010278678,1,9,0,3,3,7,3,0,0,0,0,0,0,0,0,1,1,1,1,46,8,1968,2,3,VOLKSWAGEN GOLF,8,E01017591,0,-1
2020552001214,2020,552001214,2,9,0,10,10,2,8,0,0,8,0,0,0,0,2,1,2,2,2,38,7,1595,1,17,VOLKSWAGEN GOLF,8,E01015322,0,-1
2020460933993,2020,460933993,2,9,0,18,19,7,3,0,0,0,0,0,0,0,2,1,6,6,1,47,8,1390,1,11,VOLKSWAGEN GOLF,4,E01024593,0,-1
2020350925657,2020,350925657,1,9,0,3,3,4,8,0,0,1,0,0,0,0,2,1,5,6,2,57,9,1598,2,11,VOLKSWAGEN GOLF,7,E01018220,0,-1
2020470915308,2020,470915308,1,9,0,18,19,4,8,0,0,6,0,0,0,0,1,1,6,6,1,29,6,2000,2,14,VOLKSWAGEN GOLF,1,E01016885,0,-1
2020430291735,2020,430291735,1,9,0,16,19,1,5,0,0,0,0,0,7,10,1,1,6,6,1,20,4,1896,2,18,VOLKSWAGEN GOLF,7,E01028725,0,-1
2020530953383,2020,530953383,1,9,0,16,19,3,4,0,0,1,0,0,0,0,1,1,6,6,1,43,7,1968,2,12,VOLKSWAGEN GOLF,6,E01022377,0,-1
2020010275324,2020,010275324,1,9,0,10,10,5,3,0,0,2,0,0,0,0,3,1,6,6,1,20,4,1498,1,3,VOLKSWAGEN GOLF,2,E01001594,0,-1
202031B010620,2020,31B010620,2,9,0,3,3,6,2,0,0,1,0,0,0,0,2,1,6,6,2,28,6,1968,2,3,VOLKSWAGEN GOLF,6,E01028316,0,-1
202006A268025,2020,06A268025,1,9,0,9,9,5,3,0,0,8,0,0,0,0,4,1,1,1,2,28,6,1968,2,4,VOLKSWAGEN GOLF,10,E01028407,0,-1
2020010278140,2020,010278140,1,9,0,99,99,9,9,99,99,9,9,99,9,99,9,9,6,6,1,26,6,1598,2,3,VOLKSWAGEN GOLF,6,E01001415,0,-1
2020161006893,2020,161006893,1,9,0,18,19,2,6,0,0,0,1,0,1,11,1,1,5,6,1,28,6,1984,1,5,VOLKSWAGEN GOLF,-1,-1,0,-1
2020010252800,2020,010252800,2,9,0,9,9,7,5,0,0,6,0,0,0,0,1,1,6,6,1,69,10,1395,1,4,VOLKSWAGEN GOLF,8,E01031439,0,-1
2020140937435,2020,140937435,1,9,0,8,8,2,4,0,0,1,0,0,0,0,2,1,6,6,1,37,7,1598,2,3,VOLKSWAGEN GOLF,1,E01007627,0,-1
2020100973635,2020,100973635,1,9,0,4,4,5,1,0,0,0,0,0,0,0,1,1,5,6,1,22,5,1900,2,15,VOLKSWAGEN GOLF,1,E01008609,0,-1
2020470967321,2020,470967321,2,9,0,18,19,3,7,0,0,2,0,0,0,0,1,1,5,6,1,58,9,1968,2,13,VOLKSWAGEN GOLF,9,E01021023,0,-1
2020302000700,2020,302000700,2,9,0,16,19,4,8,0,0,0,0,0,0,0,1,1,6,6,1,28,6,1968,2,12,VOLKSWAGEN GOLF,3,E01033392,0,-1
2020040959937,2020,040959937,1,9,0,18,19,1,5,0,0,0,0,0,0,0,1,1,5,6,1,20,4,1896,2,13,VOLKSWAGEN GOLF,2,E01005590,0,-1
2020140930736,2020,140930736,1,9,0,17,19,7,4,0,0,0,0,4,0,0,1,1,5,6,1,36,7,1598,2,9,VOLKSWAGEN GOLF,4,E01007513,0,-1
202006M278581,2020,06M278581,1,9,0,18,19,4,8,0,0,0,0,0,2,10,1,1,6,6,1,81,11,1598,2,3,VOLKSWAGEN GOLF,10,E01006093,0,-1
2020211025032,2020,211025032,1,9,0,18,19,1,5,0,0,0,0,0,0,0,2,1,1,1,1,38,7,-1,3,0,VOLKSWAGEN GOLF,-1,-1,0,-1
2020450966441,2020,450966441,1,9,0,18,19,5,1,0,0,0,1,0,1,0,1,1,2,2,1,31,6,1984,1,23,VOLKSWAGEN GOLF,2,E01001110,0,-1
2020370940174,2020,370940174,2,9,0,18,19,1,5,0,0,0,0,0,0,0,1,1,2,2,1,43,7,1598,1,15,VOLKSWAGEN GOLF,10,E01029903,0,-1
2020501004913,2020,501004913,1,9,0,18,19,1,5,0,0,4,0,0,0,0,1,1,6,6,1,21,5,1896,2,18,VOLKSWAGEN GOLF,1,E01015263,0,-1
2020990960327,2020,990960327,1,9,0,17,19,6,3,0,0,0,0,6,1,0,1,1,5,6,1,24,5,1896,2,18,VOLKSWAGEN GOLF,1,-1,0,-1
2020460932048,2020,460932048,2,9,0,2,2,0,0,0,0,0,0,4,0,0,0,1,5,6,1,46,8,1896,2,17,VOLKSWAGEN GOLF,10,E01024404,0,-1
2020470999151,2020,470999151,1,9,0,7,7,2,5,0,0,3,0,0,1,0,1,1,6,6,1,-1,-1,1390,1,14,VOLKSWAGEN GOLF,3,E01031444,0,-1
202031B029720,2020,31B029720,1,9,0,18,19,2,6,0,0,0,1,0,1,11,1,1,6,6,1,22,5,1390,1,16,VOLKSWAGEN GOLF,8,E01028344,0,-1
2020010258324,2020,010258324,1,9,0,9,9,7,5,0,0,4,0,0,0,0,0,1,6,6,1,28,6,1498,1,1,VOLKSWAGEN GOLF,5,E01000820,0,-1
2020010244727,2020,010244727,1,9,0,99,99,9,9,99,99,9,9,99,9,99,2,9,2,2,1,28,6,1968,2,11,VOLKSWAGEN GOLF,5,E01001542,0,-1
2020370951421,2020,370951421,2,9,0,18,19,7,3,0,0,2,0,0,0,0,4,1,1,1,1,43,7,1968,2,2,VOLKSWAGEN GOLF,6,E01030002,0,-1
2020070140821,2020,070140821,1,9,0,18,19,7,3,0,0,8,0,0,0,0,3,1,6,6,1,-1,-1,1598,2,4,VOLKSWAGEN GOLF,-1,-1,0,-1
2020010258600,2020,010258600,1,9,0,9,9,3,1,0,0,5,0,0,0,0,1,1,6,6,2,27,6,1390,1,11,VOLKSWAGEN GOLF,5,E01001908,0,-1
2020420960020,2020,420960020,1,9,0,18,19,8,4,0,0,0,0,0,0,0,1,1,6,6,1,20,4,1600,2,11,VOLKSWAGEN GOLF,7,E01021895,0,-1
2020622000202,2020,622000202,1,9,0,9,9,2,8,0,0,6,0,0,0,0,4,1,6,6,2,23,5,1598,2,7,VOLKSWAGEN GOLF,2,W01001192,0,-1
2020100956427,2020,100956427,1,9,0,3,3,7,3,0,0,0,0,0,0,0,0,1,6,6,3,-1,-1,1896,2,19,VOLKSWAGEN GOLF,-1,-1,0,-1
2020460947693,2020,460947693,1,9,0,9,9,3,1,0,0,1,0,0,0,0,1,1,5,6,2,21,5,1600,2,11,VOLKSWAGEN GOLF,7,E01024058,0,-1
2020201001444,2020,201001444,2,9,0,3,3,6,2,0,0,1,0,0,0,0,2,1,2,2,1,49,8,1390,1,11,VOLKSWAGEN GOLF,2,E01010343,0,-1
2020200996524,2020,200996524,2,9,0,18,19,1,5,0,0,0,0,0,0,0,1,1,1,1,2,35,6,1900,2,15,VOLKSWAGEN GOLF,-1,-1,0,-1
2020471002944,2020,471002944,1,9,0,18,19,2,6,0,0,4,0,0,0,0,1,1,6,6,1,22,5,1390,1,14,VOLKSWAGEN GOLF,4,E01000976,0,-1
2020010246759,2020,010246759,1,9,0,18,19,5,1,0,0,1,0,0,0,0,1,1,2,2,2,37,7,1968,2,10,VOLKSWAGEN GOLF,3,E01001076,0,-1
2020010275257,2020,010275257,2,9,0,99,99,9,9,99,99,9,9,99,9,99,9,1,6,6,3,-1,-1,1498,1,0,VOLKSWAGEN GOLF,-1,-1,0,-1
2020010237692,2020,010237692,5,9,0,18,19,1,5,0,0,0,0,0,0,0,2,1,6,6,1,31,6,1390,1,9,VOLKSWAGEN GOLF,4,E01002369,0,-1
2020122000158,2020,122000158,3,9,0,18,19,1,5,0,0,2,0,0,0,0,0,1,2,2,2,40,7,1395,1,7,VOLKSWAGEN GOLF,8,E01027682,0,-1
2020460946151,2020,460946151,3,9,0,18,19,3,7,0,0,0,0,11,0,0,1,1,5,6,2,25,5,1598,2,3,VOLKSWAGEN GOLF,7,E01024064,0,-1
2020411011138,2020,411011138,3,9,0,18,19,8,4,0,0,0,0,0,0,0,2,1,6,6,1,32,6,1598,2,8,VOLKSWAGEN GOLF,5,E01001524,0,-1
2020010258051,2020,010258051,2,9,0,99,99,9,9,99,99,9,9,99,9,99,9,9,6,6,3,42,7,1600,1,15,VOLKSWAGEN GOLF,3,E01004063,0,-1
2020320434820,2020,320434820,2,9,0,13,13,7,3,0,0,0,0,0,0,0,4,1,6,6,1,47,8,1896,2,19,VOLKSWAGEN GOLF,5,E01026327,0,-1
2020420920627,2020,420920627,1,9,0,13,13,3,7,0,0,0,0,0,1,11,1,1,6,6,1,19,4,1800,1,22,VOLKSWAGEN GOLF,2,E01021977,0,-1
2020070092647,2020,070092647,2,9,0,2,2,0,0,0,0,0,0,0,0,0,3,1,6,6,3,-1,-1,1390,1,17,VOLKSWAGEN GOLF,9,E01018526,0,-1
2020522003821,2020,522003821,1,9,0,2,2,0,0,0,0,0,0,0,0,0,3,1,6,6,3,-1,-1,1598,1,13,VOLKSWAGEN GOLF,-1,-1,0,-1
2020100963874,2020,100963874,2,9,0,7,7,1,5,0,0,0,0,0,1,0,3,1,5,6,1,25,5,1896,2,13,VOLKSWAGEN GOLF,-1,-1,0,-1
2020010262263,2020,010262263,1,9,0,18,19,8,4,0,0,2,5,10,0,0,1,1,6,6,2,26,6,1896,2,13,VOLKSWAGEN GOLF,3,E01003430,0,-1
2020010268311,2020,010268311,1,9,0,9,9,7,4,0,0,8,0,0,0,0,1,2,2,2,2,50,8,1984,1,4,VOLKSWAGEN GOLF,8,E01002132,0,-1
2020010279250,2020,010279250,1,9,0,7,7,1,3,0,0,1,0,0,0,0,1,1,6,6,1,19,4,1595,1,11,VOLKSWAGEN GOLF,5,E01031585,0,-1
2020501007784,2020,501007784,3,9,0,16,19,2,6,0,0,1,0,0,0,0,1,1,5,6,1,21,5,1598,2,7,VOLKSWAGEN GOLF,7,E01020043,0,-1
2020200965021,2020,200965021,1,9,0,3,3,6,8,0,0,0,0,0,0,0,1,1,6,6,1,30,6,1900,2,15,VOLKSWAGEN GOLF,-1,-1,0,-1
20201377I1604,2020,1377I1604,1,9,0,18,19,7,3,0,0,0,0,0,0,0,1,1,6,6,1,74,10,1600,1,16,VOLKSWAGEN GOLF,1,E01010680,0,-1
202063A040220,2020,63A040220,1,9,0,18,19,1,5,0,0,0,0,0,0,0,4,1,2,2,2,52,8,1600,1,16,VOLKSWAGEN GOLF,8,W01000676,0,-1
2020420941711,2020,420941711,1,9,0,9,9,5,3,0,0,5,0,0,0,0,1,1,2,2,1,21,5,1968,2,14,VOLKSWAGEN GOLF,8,E01033445,0,-1
202031D091920,2020,31D091920,1,9,0,18,19,5,1,0,0,0,0,0,0,0,1,1,6,6,1,26,6,1598,1,12,VOLKSWAGEN GOLF,4,E01028164,0,-1
2020470996039,2020,470996039,1,9,0,7,7,8,3,0,0,6,0,0,7,0,3,1,6,6,1,28,6,1896,2,17,VOLKSWAGEN GOLF,6,E01021099,0,-1
2020470959823,2020,470959823,1,9,0,11,11,3,6,4,4,5,0,0,1,0,4,1,6,6,2,31,6,1598,2,7,VOLKSWAGEN GOLF,5,E01018135,0,-1
2020010287310,2020,010287310,2,9,0,99,99,9,9,99,99,9,9,99,9,99,1,9,6,6,3,-1,-1,1598,1,14,VOLKSWAGEN GOLF,9,E01001521,0,-1
2020100964958,2020,100964958,1,9,0,7,7,1,5,0,0,6,0,0,0,0,1,1,6,6,1,32,6,1598,2,6,VOLKSWAGEN GOLF,7,E01008721,0,-1
2020990979912,2020,990979912,1,9,0,3,3,4,8,0,0,0,0,0,0,0,1,1,6,6,1,49,8,1598,2,4,VOLKSWAGEN GOLF,2,-1,0,-1
2020010272290,2020,010272290,1,9,0,12,12,3,7,0,0,2,0,0,0,0,1,2,6,6,1,22,5,1600,2,10,VOLKSWAGEN GOLF,5,E01002586,0,-1
2020470996042,2020,470996042,3,9,0,3,3,3,7,0,0,0,0,0,0,0,2,1,5,6,1,71,10,1598,2,10,VOLKSWAGEN GOLF,8,E01016995,0,-1
2020340N04162,2020,340N04162,1,9,0,11,11,5,1,0,0,1,0,0,0,0,4,1,6,6,1,62,9,1390,1,11,VOLKSWAGEN GOLF,2,E01027246,0,-1
2020990927676,2020,990927676,1,9,0,18,19,4,8,0,0,0,2,0,8,10,3,1,5,6,2,67,10,1968,2,1,VOLKSWAGEN GOLF,4,-1,0,-1
202006E273257,2020,06E273257,1,9,0,18,19,5,1,0,0,0,0,0,0,0,1,1,6,6,3,-1,-1,2000,1,11,VOLKSWAGEN GOLF,-1,-1,0,-1
2020122000365,2020,122000365,2,9,0,3,3,5,1,0,0,0,0,0,0,0,2,1,6,6,1,35,6,1598,2,1,VOLKSWAGEN GOLF,7,E01010644,0,-1
2020010244361,2020,010244361,1,9,0,18,19,1,5,9,9,2,1,10,7,1,1,1,6,6,1,21,5,1984,1,4,VOLKSWAGEN GOLF,2,E01002669,0,-1
2020140925582,2020,140925582,1,9,0,9,9,2,8,0,0,6,0,0,0,0,1,1,3,7,2,36,7,1390,1,11,VOLKSWAGEN GOLF,9,E01007432,0,-1
2020450967592,2020,450967592,2,9,0,18,19,1,5,0,0,8,0,0,0,0,1,1,5,6,1,41,7,1598,1,17,VOLKSWAGEN GOLF,8,E01030659,0,-1
2020350921927,2020,350921927,1,9,0,18,19,4,8,0,0,4,0,0,0,0,1,1,2,2,2,55,8,1600,2,10,VOLKSWAGEN GOLF,5,E01030105,0,-1
2020010249226,2020,010249226,1,9,0,4,4,1,5,0,0,0,0,0,0,0,0,1,6,6,2,68,10,1390,1,6,VOLKSWAGEN GOLF,6,E01003416,0,-1
2020450953093,2020,450953093,1,9,0,17,19,3,7,6,6,0,5,0,2,0,1,1,6,6,1,20,4,1390,1,14,VOLKSWAGEN GOLF,5,E01030787,0,-1
2020220921463,2020,220921463,2,9,0,18,19,2,6,0,0,1,0,0,0,0,1,1,2,2,1,38,7,1598,2,2,VOLKSWAGEN GOLF,6,E01018450,0,-1
2020370980575,2020,370980575,2,9,0,4,4,-1,-1,0,0,1,0,0,0,0,2,1,5,6,1,33,6,1968,2,6,VOLKSWAGEN GOLF,8,E01029997,0,-1
2020122000330,2020,122000330,2,9,0,18,19,4,8,0,0,8,0,0,0,0,4,1,6,6,2,27,6,1984,1,3,VOLKSWAGEN GOLF,8,E01027634,0,-1
2020320049383,2020,320049383,1,9,0,16,19,5,1,0,0,0,1,0,7,9,4,1,6,6,2,45,7,1598,1,19,VOLKSWAGEN GOLF,9,E01026405,0,-1
2020430160266,2020,430160266,2,9,0,9,9,3,1,0,0,6,0,0,0,4,1,1,6,6,1,19,4,1600,2,11,VOLKSWAGEN GOLF,8,E01016468,0,-1
2020200998471,2020,200998471,2,9,0,18,19,1,5,0,0,8,1,10,7,0,1,1,6,6,3,-1,-1,1598,2,11,VOLKSWAGEN GOLF,-1,-1,0,-1
202054A749120,2020,54A749120,2,9,0,18,19,2,6,0,0,8,0,0,0,0,3,1,6,6,1,23,5,1598,2,7,VOLKSWAGEN GOLF,10,E01031855,0,-1
2020010263142,2020,010263142,1,9,0,6,6,1,1,0,0,1,0,0,0,0,3,1,6,6,1,25,5,-1,3,2,VOLKSWAGEN GOLF,3,E01001808,0,-1
2020010264321,2020,010264321,1,9,0,9,9,3,1,0,0,8,0,0,0,0,4,1,6,6,1,39,7,1984,1,20,VOLKSWAGEN GOLF,9,E01021623,0,-1
2020010270314,2020,010270314,2,9,0,2,2,0,0,0,0,0,0,4,0,0,1,1,6,6,3,-1,-1,1390,1,15,VOLKSWAGEN GOLF,-1,-1,0,-1
2020501008146,2020,501008146,2,9,0,18,19,3,7,0,0,0,1,0,0,0,1,1,5,6,2,28,6,1968,2,12,VOLKSWAGEN GOLF,5,E01018768,0,-1
2020430331723,2020,430331723,1,9,0,7,7,3,4,0,0,6,0,0,0,0,3,1,6,6,1,33,6,1968,2,2,VOLKSWAGEN GOLF,10,E01016700,0,-1
2020140994646,2020,140994646,2,9,0,5,5,5,2,0,0,0,0,0,1,0,3,1,5,6,1,32,6,2000,1,15,VOLKSWAGEN GOLF,1,E01007873,0,-1
2020010279119,2020,010279119,1,9,0,3,3,5,1,0,0,1,0,0,0,0,2,1,6,6,1,18,4,1984,1,3,VOLKSWAGEN GOLF,1,E01001957,0,-1
2020137761753,2020,137761753,2,9,0,9,9,1,7,0,0,8,0,0,0,0,3,1,6,6,1,23,5,1598,2,8,VOLKSWAGEN GOLF,1,E01010832,0,-1
2020440466363,2020,440466363,1,9,0,17,19,6,2,0,0,0,0,0,0,0,1,1,3,7,2,61,9,1598,2,7,VOLKSWAGEN GOLF,9,E01023246,0,-1
2020430352853,2020,430352853,1,9,0,18,19,3,7,0,0,0,0,0,0,0,1,1,6,6,1,34,6,1900,2,16,VOLKSWAGEN GOLF,7,E01016613,0,-1
2020030932577,2020,030932577,1,9,0,9,9,3,1,0,0,8,0,0,0,0,1,1,6,6,1,44,7,1968,2,10,VOLKSWAGEN GOLF,8,E01019223,0,-1
2020622000290,2020,622000290,2,9,0,5,5,8,6,0,0,1,0,0,0,0,1,1,6,6,1,19,4,1400,1,11,VOLKSWAGEN GOLF,10,W01000879,0,-1
2020522000425,2020,522000425,4,9,0,7,7,5,7,0,0,6,0,0,0,0,1,1,6,6,1,32,6,999,1,1,VOLKSWAGEN GOLF,10,-1,0,-1
2020010271633,2020,010271633,1,9,0,18,19,3,7,0,0,1,0,0,7,11,1,1,6,6,1,28,6,1598,1,13,VOLKSWAGEN GOLF,5,E01000037,0,-1
2020221005313,2020,221005313,1,9,0,15,15,3,7,0,0,8,0,0,0,0,1,1,5,6,1,71,10,1598,2,9,VOLKSWAGEN GOLF,5,E01032404,0,-1
202006A275310,2020,06A275310,5,9,0,18,19,5,1,0,0,0,0,0,0,0,0,1,1,1,1,30,6,1984,1,1,VOLKSWAGEN GOLF,-1,-1,0,-1
2020010265997,2020,010265997,1,9,0,2,2,0,0,0,0,1,0,0,0,0,3,1,6,6,3,-1,-1,1595,1,19,VOLKSWAGEN GOLF,-1,-1,0,-1
2020400995931,2020,400995931,1,9,0,7,7,7,1,0,0,6,0,0,0,0,4,1,5,6,2,36,7,1598,2,6,VOLKSWAGEN GOLF,6,E01023340,0,-1
2020210994294,2020,210994294,1,9,0,16,19,6,2,0,0,0,2,0,1,11,1,1,6,6,1,31,6,1896,2,18,VOLKSWAGEN GOLF,8,E01010307,0,-1
2020010271027,2020,010271027,2,9,0,9,9,2,7,0,0,6,0,0,0,0,0,1,6,6,2,35,6,1390,1,16,VOLKSWAGEN GOLF,5,E01001556,0,-1
2020350952496,2020,350952496,2,9,0,18,19,3,7,0,0,0,0,0,0,0,3,1,6,6,1,50,8,1968,2,13,VOLKSWAGEN GOLF,6,E01018142,0,-1
2020010229858,2020,010229858,2,9,0,18,19,1,5,0,0,0,0,0,0,0,1,1,6,6,1,20,4,999,1,1,VOLKSWAGEN GOLF,-1,-1,0,-1
202031B068120,2020,31B068120,1,9,0,18,19,7,3,0,0,0,0,0,0,0,1,1,6,6,3,-1,-1,1900,2,15,VOLKSWAGEN GOLF,-1,-1,0,-1
2020302001572,2020,302001572,1,9,0,18,19,8,4,0,0,0,5,0,0,0,0,1,6,6,1,20,4,2300,1,21,VOLKSWAGEN GOLF,8,E01019714,0,-1
2020552001022,2020,552001022,1,9,0,16,19,2,5,0,0,0,1,0,7,11,3,1,6,6,2,23,5,1595,1,19,VOLKSWAGEN GOLF,10,E01020377,0,-1
2020010252385,2020,010252385,2,9,0,9,9,1,6,0,0,8,0,0,0,0,1,1,6,6,1,25,5,1600,1,16,VOLKSWAGEN GOLF,3,E01001513,0,-1
2020500975827,2020,500975827,1,9,0,17,19,2,5,0,0,0,0,0,0,0,1,1,5,6,1,53,8,1968,2,4,VOLKSWAGEN GOLF,10,E01016387,0,-1
2020471009432,2020,471009432,1,9,0,4,4,7,3,0,0,0,0,0,0,0,1,1,5,6,2,44,7,1395,1,4,VOLKSWAGEN GOLF,10,E01031689,0,-1
2020010272493,2020,010272493,1,9,0,99,99,9,9,99,99,9,9,99,9,99,4,9,6,6,1,22,5,3189,1,13,VOLKSWAGEN GOLF,3,E01001508,0,-1
2020200964130,2020,200964130,2,9,0,9,9,8,6,0,0,6,0,0,0,0,3,1,5,6,2,25,5,1390,1,11,VOLKSWAGEN GOLF,3,E01015783,0,-1
2020470985503,2020,470985503,1,9,0,7,7,3,5,8,6,1,0,0,0,0,1,1,5,6,2,66,10,1598,2,6,VOLKSWAGEN GOLF,5,E01031750,0,-1
2020030978653,2020,030978653,1,9,0,18,19,5,1,0,0,0,0,0,0,0,4,1,5,6,1,79,11,-1,3,0,VOLKSWAGEN GOLF,9,E01019163,0,-1
2020140965944,2020,140965944,1,9,0,9,9,7,5,0,0,8,0,0,0,0,3,1,2,2,1,44,7,1896,2,18,VOLKSWAGEN GOLF,5,E01008045,0,-1
2020220980847,2020,220980847,1,9,0,18,19,5,1,0,0,0,0,0,0,0,4,1,5,6,2,36,7,1968,2,10,VOLKSWAGEN GOLF,10,E01032140,0,-1
2020470939435,2020,470939435,2,9,0,18,19,8,4,0,0,0,0,0,2,6,3,1,6,6,1,26,6,1896,2,12,VOLKSWAGEN GOLF,6,E01031817,0,-1
2020500992025,2020,500992025,1,9,0,18,19,3,3,0,0,0,0,0,0,0,1,1,1,1,1,42,7,1197,1,8,VOLKSWAGEN GOLF,4,E01018895,0,-1