collision_index,collision_year,collision_ref_no,vehicle_reference,vehicle_type,towing_and_articulation,vehicle_manoeuvre_historic,vehicle_manoeuvre,vehicle_direction_from,vehicle_direction_to,vehicle_location_restricted_lane_historic,vehicle_location_restricted_lane,junction_location,skidding_and_overturning,hit_object_in_carriageway,vehicle_leaving_carriageway,hit_object_off_carriageway,first_point_of_impact,vehicle_left_hand_drive,journey_purpose_of_driver_historic,journey_purpose_of_driver,sex_of_driver,age_of_driver,age_band_of_driver,engine_capacity_cc,propulsion_code,age_of_vehicle,generic_make_model,driver_imd_decile,lsoa_of_driver,escooter_flag,driver_distance_banding
2020450974029,2020,450974029,1,9,0,18,19,7,3,0,0,0,0,11,0,0,2,1,2,2,1,42,7,1968,2,6,VOLKSWAGEN GOLF,6,E01030995,0,-1
2020340N09342,2020,340N09342,1,9,0,18,19,1,5,0,0,8,0,0,0,0,1,1,6,6,2,78,11,1598,2,2,VOLKSWAGEN GOLF,1,E01027200,0,-1
2020440462626,2020,440462626,1,9,0,18,19,6,2,0,0,1,0,0,0,0,2,1,6,6,1,41,7,1984,1,4,VOLKSWAGEN GOLF,5,E01022576,0,-1
202031B028620,2020,31B028620,1,9,0,16,19,6,2,0,0,0,0,0,7,9,1,1,6,6,1,24,5,1395,1,3,VOLKSWAGEN GOLF,5,E01009973,0,-1
2020440480656,2020,440480656,2,9,0,9,9,3,1,0,0,8,0,0,0,0,4,1,6,6,3,-1,-1,1598,2,5,VOLKSWAGEN GOLF,-1,-1,0,-1
2020200988976,2020,200988976,2,9,0,18,19,7,3,0,0,8,0,0,0,0,1,1,6,6,2,74,10,1395,1,5,VOLKSWAGEN GOLF,10,E01031267,0,-1
20201375V2251,2020,1375V2251,1,9,0,18,19,8,4,0,0,0,0,0,0,0,1,1,6,6,2,41,7,1600,2,10,VOLKSWAGEN GOLF,1,E01010832,0,-1
2020531021124,2020,531021124,2,9,0,18,19,1,5,0,0,2,0,0,0,0,1,1,6,6,1,32,6,1598,1,14,VOLKSWAGEN GOLF,8,E01022387,0,-1
2020500930124,2020,500930124,2,9,0,18,19,1,5,0,0,0,0,0,0,0,4,1,5,6,2,68,10,1395,1,4,VOLKSWAGEN GOLF,4,E01018784,0,-1
2020010280757,2020,010280757,1,9,0,17,19,7,3,0,0,1,0,0,0,0,1,1,2,2,1,25,5,1390,1,11,VOLKSWAGEN GOLF,2,E01001014,0,-1
202006A174622,2020,06A174622,3,9,0,10,10,6,3,0,0,5,0,0,0,0,4,1,6,6,1,36,7,1598,2,8,VOLKSWAGEN GOLF,1,E01005235,0,-1
2020990951047,2020,990951047,2,9,0,18,19,6,2,0,0,0,0,0,0,0,1,1,5,6,2,26,6,1968,2,12,VOLKSWAGEN GOLF,4,-1,0,-1
2020440099638,2020,440099638,1,9,0,18,19,5,1,0,0,1,0,0,0,0,1,1,6,6,1,29,6,1390,1,13,VOLKSWAGEN GOLF,1,E01005707,0,-1
2020201020785,2020,201020785,1,9,0,18,19,6,2,0,0,0,0,0,0,0,1,1,1,1,2,26,6,1968,2,2,VOLKSWAGEN GOLF,4,E01008982,0,-1
2020010272329,2020,010272329,1,9,0,17,19,5,1,0,0,1,0,0,0,0,4,1,2,2,1,20,4,1598,2,4,VOLKSWAGEN GOLF,10,E01030590,0,-1
2020100927482,2020,100927482,1,9,0,4,4,3,7,0,0,0,0,0,0,0,1,1,6,6,2,35,6,1598,2,1,VOLKSWAGEN GOLF,-1,-1,0,-1
2020052001952,2020,052001952,1,9,0,18,19,1,5,0,0,0,0,0,0,0,1,1,2,2,1,46,8,1598,2,9,VOLKSWAGEN GOLF,1,E01006908,0,-1
2020470998739,2020,470998739,1,9,0,6,6,2,2,0,0,8,0,0,0,0,2,1,2,2,1,18,4,1395,1,3,VOLKSWAGEN GOLF,10,E01021210,0,-1
20201377O1495,2020,1377O1495,2,9,0,18,19,3,7,0,0,8,0,0,0,0,1,1,2,2,1,25,5,1598,2,8,VOLKSWAGEN GOLF,1,E01011427,0,-1
2020010262463,2020,010262463,6,9,0,18,19,4,8,0,0,2,0,0,0,0,1,1,6,6,3,-1,-1,1598,2,6,VOLKSWAGEN GOLF,-1,-1,0,-1
2020010285511,2020,010285511,2,9,0,7,7,4,6,2,2,5,0,0,0,0,1,1,6,6,1,76,11,1968,2,10,VOLKSWAGEN GOLF,-1,-1,0,-1
2020010233819,2020,010233819,2,9,0,18,19,5,1,0,0,1,0,0,0,0,1,1,6,6,1,40,7,1600,2,10,VOLKSWAGEN GOLF,-1,-1,0,-1
2020010258579,2020,010258579,1,9,0,3,3,2,6,0,0,1,0,0,0,0,0,1,6,6,2,35,6,1900,2,15,VOLKSWAGEN GOLF,2,E01002710,0,-1
2020010276063,2020,010276063,2,9,0,4,4,1,5,0,0,0,0,0,0,0,2,1,6,6,2,44,7,1598,1,14,VOLKSWAGEN GOLF,-1,-1,0,-1
202006E377164,2020,06E377164,2,9,0,18,19,7,3,0,0,0,0,0,0,0,1,1,6,6,1,30,6,1968,2,5,VOLKSWAGEN GOLF,-1,-1,0,-1
202006K276574,2020,06K276574,1,9,0,18,19,4,8,0,0,8,5,10,0,10,4,1,1,1,1,50,8,1498,1,1,VOLKSWAGEN GOLF,2,E01005663,0,-1
2020070044245,2020,070044245,2,9,0,3,3,6,2,0,0,0,0,0,0,0,2,1,1,1,1,37,7,1598,2,1,VOLKSWAGEN GOLF,-1,-1,0,-1
2020440467582,2020,440467582,2,9,0,3,3,4,2,0,0,8,0,0,0,0,2,1,2,2,1,22,5,1498,1,2,VOLKSWAGEN GOLF,10,E01022510,0,-1
2020430085150,2020,430085150,2,9,0,8,8,8,2,0,0,1,0,0,0,0,1,1,6,6,2,44,7,1390,1,11,VOLKSWAGEN GOLF,6,E01016753,0,-1
2020552000563,2020,552000563,1,9,0,1,1,2,6,9,9,6,0,0,0,0,2,1,1,1,1,26,6,2000,2,14,VOLKSWAGEN GOLF,7,E01015376,0,-1
2020160921787,2020,160921787,1,9,0,7,7,8,2,0,0,6,0,0,0,0,3,1,5,6,1,28,6,1598,2,9,VOLKSWAGEN GOLF,1,E01012841,0,-1
2020340E09172,2020,340E09172,1,9,0,9,9,5,3,0,0,8,0,0,0,0,1,1,6,6,2,54,8,1896,2,19,VOLKSWAGEN GOLF,3,E01027038,0,-1
2020420959987,2020,420959987,1,9,0,18,19,2,6,0,0,1,1,0,0,0,3,1,6,6,2,24,5,1600,1,15,VOLKSWAGEN GOLF,5,E01002249,0,-1
2020010254759,2020,010254759,2,9,0,1,1,3,7,6,6,5,0,0,0,0,2,1,6,6,3,27,6,1598,2,7,VOLKSWAGEN GOLF,6,E01002618,0,-1
202031C100620,2020,31C100620,1,9,0,3,3,1,5,0,0,0,0,0,0,0,2,1,6,6,2,73,10,1395,1,5,VOLKSWAGEN GOLF,4,E01027929,0,-1
20201378C1457,2020,1378C1457,1,9,0,16,19,2,6,0,0,0,0,0,0,0,1,1,6,6,3,-1,-1,1968,2,13,VOLKSWAGEN GOLF,-1,-1,0,-1
2020100976693,2020,100976693,1,9,0,7,7,5,7,0,0,8,1,4,0,0,3,1,6,6,1,32,6,2000,2,16,VOLKSWAGEN GOLF,1,E01033076,0,-1
2020360998612,2020,360998612,1,9,0,7,7,8,6,0,0,8,0,0,0,0,1,1,5,6,2,32,6,1968,2,3,VOLKSWAGEN GOLF,7,E01026502,0,-1
2020430068354,2020,430068354,1,9,0,18,19,5,1,0,0,0,0,0,4,6,3,1,1,1,1,38,7,1390,1,17,VOLKSWAGEN GOLF,10,E01028752,0,-1
2020010262914,2020,010262914,1,9,0,18,19,1,5,0,0,0,0,0,7,3,1,1,6,6,2,22,5,999,1,1,VOLKSWAGEN GOLF,2,E01002856,0,-1
2020111009854,2020,111009854,1,9,0,18,19,7,3,0,0,0,0,0,0,0,1,1,6,6,2,42,7,1598,1,19,VOLKSWAGEN GOLF,1,E01020807,0,-1
2020010254923,2020,010254923,2,9,0,2,2,0,0,0,0,1,0,0,0,0,0,1,6,6,3,-1,-1,999,1,2,VOLKSWAGEN GOLF,-1,-1,0,-1
2020010277702,2020,010277702,1,9,0,9,9,3,1,0,0,8,0,0,0,0,2,1,2,2,1,40,7,1968,2,9,VOLKSWAGEN GOLF,-1,-1,0,-1
2020220948136,2020,220948136,1,9,0,16,19,6,1,0,0,0,0,0,0,0,3,1,2,2,1,19,4,1390,1,15,VOLKSWAGEN GOLF,3,E01032267,0,-1
2020010267220,2020,010267220,2,9,0,18,19,8,4,0,0,1,0,0,1,0,1,1,6,6,3,-1,-1,1390,1,15,VOLKSWAGEN GOLF,-1,-1,0,-1
2020010235771,2020,010235771,2,9,0,99,99,9,9,99,99,9,9,99,9,99,1,9,6,6,3,-1,-1,2000,2,16,VOLKSWAGEN GOLF,-1,-1,0,-1
2020622000797,2020,622000797,2,9,0,18,19,8,4,0,0,1,0,0,1,1,1,1,6,6,1,18,4,1600,2,10,VOLKSWAGEN GOLF,5,W01001644,0,-1
2020210952107,2020,210952107,2,9,0,4,4,5,1,0,0,1,0,0,0,0,2,1,2,2,1,40,7,1600,1,16,VOLKSWAGEN GOLF,1,E01014330,0,-1
2020200954010,2020,200954010,1,9,0,18,19,6,2,0,0,0,0,0,0,0,3,1,6,6,1,26,6,2000,2,15,VOLKSWAGEN GOLF,3,E01010523,0,-1
2020430287854,2020,430287854,1,9,0,17,19,2,6,9,9,1,5,0,1,11,1,1,6,6,1,40,7,2000,1,14,VOLKSWAGEN GOLF,-1,-1,0,-1
202006A375127,2020,06A375127,1,9,0,18,19,2,6,0,0,1,0,0,7,0,4,1,6,6,3,-1,-1,999,1,4,VOLKSWAGEN GOLF,-1,-1,0,-1
2020522101039,2020,522101039,2,9,0,9,9,2,8,0,0,8,0,0,0,0,1,1,6,6,2,18,4,1390,1,8,VOLKSWAGEN GOLF,-1,-1,0,-1
20201371K1726,2020,1371K1726,2,9,0,18,19,5,1,0,0,1,0,0,0,0,3,1,6,6,1,25,5,1968,2,4,VOLKSWAGEN GOLF,8,E01011694,0,-1
2020010252387,2020,010252387,1,9,0,10,10,5,2,0,0,1,0,0,0,0,4,1,2,2,1,31,6,1197,1,9,VOLKSWAGEN GOLF,6,E01003958,0,-1
2020420965168,2020,420965168,2,9,0,18,19,3,6,0,0,0,1,0,0,0,2,1,5,6,1,47,8,2324,1,19,VOLKSWAGEN GOLF,6,E01003792,0,-1
2020440149856,2020,440149856,2,9,0,18,19,7,2,0,0,0,1,0,0,0,3,1,6,6,2,51,8,1968,2,7,VOLKSWAGEN GOLF,4,E01022953,0,-1
2020052000777,2020,052000777,2,9,0,18,19,4,8,0,0,0,0,11,0,0,1,1,6,6,2,54,8,1968,2,9,VOLKSWAGEN GOLF,10,E01009415,0,-1
2020140963773,2020,140963773,2,9,0,18,19,6,2,0,0,0,0,0,0,0,1,1,5,6,1,38,7,1598,2,5,VOLKSWAGEN GOLF,-1,-1,0,-1
2020210975328,2020,210975328,2,9,0,18,19,8,4,0,0,0,0,0,0,0,0,1,1,1,1,50,8,1984,1,5,VOLKSWAGEN GOLF,-1,-1,0,-1
2020210954427,2020,210954427,3,9,0,18,19,8,4,0,0,1,0,0,0,0,1,1,3,7,2,25,5,1968,2,3,VOLKSWAGEN GOLF,2,E01014329,0,-1
2020010231902,2020,010231902,1,9,0,18,19,5,1,0,0,1,0,4,0,0,1,1,6,6,1,17,4,1968,2,8,VOLKSWAGEN GOLF,3,E01003406,0,-1
2020410955395,2020,410955395,1,9,0,16,19,2,6,0,0,0,0,0,0,0,1,1,6,6,2,20,4,1595,1,18,VOLKSWAGEN GOLF,9,E01004277,0,-1
2020010245890,2020,010245890,2,9,0,18,19,7,3,0,0,0,0,0,0,0,3,1,6,6,1,60,9,1598,2,3,VOLKSWAGEN GOLF,6,E01000160,0,-1
2020470966244,2020,470966244,2,9,0,9,9,5,2,0,0,8,0,0,0,0,4,1,5,6,1,31,6,1896,2,13,VOLKSWAGEN GOLF,8,E01031457,0,-1
202006J177017,2020,06J177017,2,9,0,9,9,7,5,0,0,2,0,0,0,0,3,1,6,6,1,31,6,1900,2,14,VOLKSWAGEN GOLF,1,E01005459,0,-1
2020221013658,2020,221013658,1,9,0,18,19,3,7,0,0,0,5,4,0,0,1,1,5,6,1,57,9,1896,2,15,VOLKSWAGEN GOLF,7,E01028976,0,-1
2020010236869,2020,010236869,1,9,0,99,99,9,9,99,99,9,9,99,9,99,1,9,2,2,1,28,6,1900,2,14,VOLKSWAGEN GOLF,3,E01001369,0,-1
202063C027520,2020,63C027520,3,9,0,16,19,6,1,0,0,0,0,0,0,0,3,1,6,6,2,38,7,1896,2,18,VOLKSWAGEN GOLF,1,W01000511,0,-1
2020010249078,2020,010249078,1,9,0,12,12,7,3,0,0,0,0,0,0,0,2,1,6,6,2,33,6,1390,1,10,VOLKSWAGEN GOLF,5,E01002249,0,-1
20201374E2538,2020,1374E2538,1,9,0,9,9,1,7,0,0,6,0,0,0,0,1,1,6,6,1,-1,-1,1395,1,4,VOLKSWAGEN GOLF,7,E01011509,0,-1
2020010273788,2020,010273788,2,9,0,18,19,5,1,0,0,1,0,0,0,0,2,1,2,2,1,40,7,1598,1,12,VOLKSWAGEN GOLF,8,E01021763,0,-1
2020470956353,2020,470956353,1,9,0,18,19,4,8,0,0,2,0,0,0,0,1,1,6,6,1,57,9,1390,1,13,VOLKSWAGEN GOLF,3,E01016869,0,-1
2020010236747,2020,010236747,1,9,0,6,6,2,2,0,0,8,1,10,1,0,2,1,6,6,1,19,4,1390,1,13,VOLKSWAGEN GOLF,7,E01002494,0,-1
20201379O1548,2020,1379O1548,1,9,0,9,9,3,1,0,0,2,0,0,0,0,1,1,6,6,1,38,7,1968,2,12,VOLKSWAGEN GOLF,3,E01010805,0,-1
2020010262732,2020,010262732,1,9,0,3,3,3,7,0,0,1,0,0,0,0,1,1,1,1,1,31,6,1968,2,8,VOLKSWAGEN GOLF,8,E01017838,0,-1
2020340C06612,2020,340C06612,1,9,0,18,19,4,8,0,0,4,0,0,0,0,3,1,6,6,1,-1,-1,1800,1,20,VOLKSWAGEN GOLF,6,E01029488,0,-1
2020622000535,2020,622000535,1,9,0,17,19,8,4,0,0,1,0,0,0,0,1,1,6,6,2,23,5,999,1,1,VOLKSWAGEN GOLF,4,W01001071,0,-1
2020360940902,2020,360940902,1,9,0,7,7,2,4,0,0,8,0,0,0,0,3,1,1,1,1,17,4,1598,2,9,VOLKSWAGEN GOLF,6,E01026919,0,-1
2020010273117,2020,010273117,1,9,0,6,6,5,5,0,0,6,0,0,0,0,1,1,6,6,1,24,5,1197,1,8,VOLKSWAGEN GOLF,-1,-1,0,-1
2020010251560,2020,010251560,2,9,0,4,4,6,2,0,0,1,0,0,0,0,1,1,1,1,1,31,6,1598,2,8,VOLKSWAGEN GOLF,3,E01001858,0,-1
2020470994627,2020,470994627,1,9,0,9,9,8,4,0,0,1,0,0,0,0,1,1,6,6,1,54,8,1498,1,2,VOLKSWAGEN GOLF,3,E01016911,0,-1
2020010266079,2020,010266079,1,9,0,18,19,5,1,0,0,8,0,10,7,0,1,1,6,6,1,30,6,2000,1,16,VOLKSWAGEN GOLF,-1,-1,0,-1
2020010257693,2020,010257693,2,9,0,99,99,9,9,99,99,9,9,99,9,99,9,9,6,6,3,-1,-1,2000,2,16,VOLKSWAGEN GOLF,4,E01003090,0,-1
2020460981484,2020,460981484,1,9,0,18,19,1,5,0,0,0,0,0,0,0,1,1,5,6,1,-1,-1,2000,2,15,VOLKSWAGEN GOLF,-1,-1,0,-1
2020302001591,2020,302001591,1,9,0,9,9,6,4,0,0,1,0,0,0,0,3,1,6,6,2,23,5,1395,1,4,VOLKSWAGEN GOLF,4,E01029797,0,-1
2020010270339,2020,010270339,2,9,0,99,99,9,9,99,99,9,9,99,9,99,4,9,6,6,3,-1,-1,1900,2,14,VOLKSWAGEN GOLF,-1,-1,0,-1
2020100916026,2020,100916026,1,9,0,18,19,3,7,0,0,0,0,0,0,0,1,1,2,2,1,45,7,1984,1,5,VOLKSWAGEN GOLF,6,E01008872,0,-1
202031D081520,2020,31D081520,2,9,0,18,19,2,6,0,0,1,0,0,0,0,1,1,6,6,1,20,4,1197,1,9,VOLKSWAGEN GOLF,1,E01013867,0,-1
2020430057802,2020,430057802,1,9,0,18,19,8,4,0,0,0,0,0,0,0,4,1,6,6,1,58,9,1395,1,7,VOLKSWAGEN GOLF,9,E01023217,0,-1
20201373A1339,2020,1373A1339,1,9,0,18,19,1,5,0,0,3,0,0,0,0,1,1,6,6,2,49,8,1896,2,15,VOLKSWAGEN GOLF,6,E01010765,0,-1
2020010280481,2020,010280481,2,9,0,99,99,9,9,99,99,0,9,99,9,99,9,9,6,6,3,-1,-1,1263,1,33,VOLKSWAGEN GOLF,9,E01001584,0,-1
2020340N08082,2020,340N08082,2,9,0,18,19,7,3,0,0,1,0,0,0,0,2,1,6,6,1,41,7,2000,1,14,VOLKSWAGEN GOLF,8,E01027160,0,-1
2020161001658,2020,161001658,1,9,0,12,12,4,8,0,0,0,0,0,0,0,4,1,3,7,2,35,6,1598,1,13,VOLKSWAGEN GOLF,3,E01012860,0,-1
2020200997157,2020,200997157,1,9,0,9,9,8,6,0,0,5,0,0,0,0,1,1,6,6,1,-1,-1,1598,2,6,VOLKSWAGEN GOLF,-1,-1,0,-1
2020200947491,2020,200947491,1,9,0,18,19,5,1,0,0,8,0,0,0,0,1,1,6,6,2,89,11,1390,1,15,VOLKSWAGEN GOLF,4,E01010349,0,-1
2020160949704,2020,160949704,4,9,0,2,2,0,0,0,0,0,0,0,0,0,1,1,5,6,3,-1,-1,1896,2,19,VOLKSWAGEN GOLF,-1,-1,0,-1
2020200985430,2020,200985430,1,9,0,18,19,6,2,0,0,8,0,0,0,0,0,1,6,6,1,35,6,1390,1,15,VOLKSWAGEN GOLF,2,E01009487,0,-1
2020430089242,2020,430089242,1,9,0,3,3,2,6,0,0,8,0,0,0,0,2,1,6,6,2,27,6,1395,1,3,VOLKSWAGEN GOLF,10,E01017897,0,-1
2020040930532,2020,040930532,1,9,0,18,19,8,4,0,0,0,0,0,0,0,1,1,2,2,2,25,5,1600,2,10,VOLKSWAGEN GOLF,4,E01033281,0,-1
2020200942603,2020,200942603,1,9,0,18,19,5,2,-1,-1,6,0,0,3,0,1,1,6,6,3,-1,-1,1598,1,15,VOLKSWAGEN GOLF,-1,-1,0,-1
2020430196003,2020,430196003,1,9,0,18,19,7,3,0,0,1,0,0,0,0,1,1,1,1,1,21,5,1390,1,8,VOLKSWAGEN GOLF,7,E01016401,0,-1
2020350999730,2020,350999730,2,9,0,18,19,5,7,0,0,1,1,0,0,0,1,1,6,6,1,36,7,1390,1,16,VOLKSWAGEN GOLF,9,E01017993,0,-1
2020460978484,2020,460978484,1,9,0,18,19,4,8,0,0,0,0,0,0,0,1,1,5,6,1,27,6,1390,1,8,VOLKSWAGEN GOLF,7,E01024479,0,-1
2020110938280,2020,110938280,1,9,0,9,9,3,5,0,0,1,0,0,0,0,1,1,1,1,2,33,6,1598,2,6,VOLKSWAGEN GOLF,4,E01020881,0,-1
2020500990111,2020,500990111,2,9,0,2,2,0,0,0,0,1,0,0,0,0,3,1,6,6,2,27,6,1598,2,7,VOLKSWAGEN GOLF,6,E01015039,0,-1
2020361008237,2020,361008237,1,9,0,9,9,7,5,0,0,0,0,0,0,0,1,1,1,1,2,19,4,-1,3,0,VOLKSWAGEN GOLF,8,E01026578,0,-1
20201372C1002,2020,1372C1002,2,9,0,18,19,5,1,0,0,0,0,0,0,0,1,1,6,6,1,35,6,2000,2,16,VOLKSWAGEN GOLF,-1,-1,0,-1
2020460999401,2020,460999401,1,9,0,13,13,7,3,0,0,0,0,7,7,0,1,1,6,6,3,-1,-1,1896,2,17,VOLKSWAGEN GOLF,-1,-1,0,-1
2020460997007,2020,460997007,1,9,0,18,19,7,3,0,0,0,0,0,0,0,1,1,2,2,1,36,7,1968,2,6,VOLKSWAGEN GOLF,8,E01011203,0,-1
2020410999125,2020,410999125,2,9,0,18,19,5,1,0,0,1,0,0,0,0,4,1,6,6,2,47,8,1390,1,7,VOLKSWAGEN GOLF,10,E01023919,0,-1
2020010254027,2020,010254027,2,9,0,99,99,9,9,99,99,0,9,99,9,99,2,9,6,6,3,-1,-1,1390,1,11,VOLKSWAGEN GOLF,-1,-1,0,-1
202006G277939,2020,06G277939,1,9,0,18,19,3,7,0,0,1,0,0,0,0,4,1,6,6,1,68,10,1395,1,7,VOLKSWAGEN GOLF,2,E01006030,0,-1
2020140974838,2020,140974838,2,9,0,-1,-1,-1,-1,0,0,8,-1,-1,-1,0,-1,1,6,6,3,-1,-1,1968,2,13,VOLKSWAGEN GOLF,-1,-1,0,-1
2020200958965,2020,200958965,2,9,0,9,9,8,5,0,0,6,0,0,0,0,0,1,6,6,2,33,6,1900,2,16,VOLKSWAGEN GOLF,7,E01032124,0,-1
2020520001612,2020,520001612,2,9,0,4,4,6,2,0,0,0,0,0,0,0,1,1,1,1,1,20,4,1598,1,15,VOLKSWAGEN GOLF,-1,-1,0,-1
2020990935432,2020,990935432,1,9,0,9,9,1,6,0,0,5,1,0,1,0,4,1,5,6,1,67,10,1498,1,2,VOLKSWAGEN GOLF,2,-1,0,-1
2020140992364,2020,140992364,1,9,0,18,19,2,1,0,0,3,0,0,0,0,1,1,5,6,1,47,8,1598,2,10,VOLKSWAGEN GOLF,4,E01007580,0,-1
2020432004063,2020,432004063,2,9,0,18,19,6,2,0,0,3,0,0,0,0,2,1,6,6,2,56,9,1984,1,4,VOLKSWAGEN GOLF,9,E01016735,0,-1
2020460961728,2020,460961728,1,9,0,18,19,1,5,0,0,0,0,0,0,0,1,1,5,6,2,38,7,1390,1,11,VOLKSWAGEN GOLF,3,E01000742,0,-1
2020110960568,2020,110960568,2,9,0,18,19,3,7,0,0,1,0,0,0,0,1,1,5,6,1,22,5,1197,1,9,VOLKSWAGEN GOLF,3,E01020729,0,-1
2020170M11050,2020,170M11050,1,9,0,18,19,4,8,0,0,0,0,0,0,0,1,1,6,6,1,29,6,1600,1,16,VOLKSWAGEN GOLF,1,E01012039,0,-1
2020010242053,2020,010242053,2,9,0,13,13,7,3,0,0,0,0,0,0,0,1,1,6,6,1,22,5,1395,1,3,VOLKSWAGEN GOLF,3,E01001589,0,-1
2020070500838,2020,070500838,1,9,0,18,19,5,1,0,0,1,0,0,0,0,1,1,6,6,2,81,11,1395,1,3,VOLKSWAGEN GOLF,9,E01018684,0,-1
202006E471357,2020,06E471357,1,9,0,9,9,7,5,0,0,1,0,0,0,0,1,1,6,6,2,37,7,1390,1,9,VOLKSWAGEN GOLF,1,E01005292,0,-1
2020461004046,2020,461004046,2,9,0,18,19,1,5,0,0,0,0,0,0,0,1,1,1,1,2,39,7,1968,2,12,VOLKSWAGEN GOLF,6,E01024096,0,-1
2020622000152,2020,622000152,1,9,0,18,19,8,4,0,0,0,0,0,0,0,1,1,6,6,1,71,10,1498,1,1,VOLKSWAGEN GOLF,9,W01001826,0,-1
2020410949889,2020,410949889,1,9,0,18,19,1,5,0,0,4,1,0,0,0,1,1,2,2,1,28,6,1781,1,30,VOLKSWAGEN GOLF,2,E01023860,0,-1
2020470982570,2020,470982570,1,9,0,18,19,1,5,0,0,8,0,0,0,0,1,1,6,6,2,29,6,1968,2,8,VOLKSWAGEN GOLF,7,E01016979,0,-1
2020420980153,2020,420980153,2,9,0,18,19,7,3,0,0,0,0,0,0,0,1,1,6,6,2,27,6,1395,1,5,VOLKSWAGEN GOLF,10,E01021252,0,-1
2020052001650,2020,052001650,2,9,0,18,19,5,1,0,0,1,1,11,1,7,1,1,6,6,1,27,6,999,1,1,VOLKSWAGEN GOLF,2,E01006742,0,-1
2020990932953,2020,990932953,1,9,0,18,19,6,2,0,0,0,5,0,0,0,4,1,2,2,2,24,5,1896,2,19,VOLKSWAGEN GOLF,5,-1,0,-1
2020010281140,2020,010281140,2,9,0,99,99,9,9,99,99,9,9,99,9,99,9,9,6,6,3,-1,-1,1984,1,2,VOLKSWAGEN GOLF,-1,-1,0,-1
2020122000256,2020,122000256,3,9,0,18,19,3,7,0,0,1,0,0,0,0,3,1,3,7,2,40,7,1598,2,4,VOLKSWAGEN GOLF,7,E01027726,0,-1
2020201006205,2020,201006205,1,9,0,18,19,6,2,0,0,0,0,0,0,0,3,1,6,6,1,30,6,1598,2,1,VOLKSWAGEN GOLF,8,E01032458,0,-1
2020610001420,2020,610001420,1,9,0,9,9,7,5,0,0,5,0,0,0,0,1,1,6,6,1,23,5,1395,1,5,VOLKSWAGEN GOLF,5,W01001612,0,-1
2020990935365,2020,990935365,1,9,0,17,19,7,3,0,0,4,1,9,1,11,1,1,5,6,1,29,6,1896,2,14,VOLKSWAGEN GOLF,1,E01025186,0,-1
2020010282359,2020,010282359,2,9,0,18,19,5,1,0,0,8,0,0,0,0,1,1,6,6,1,46,8,1595,1,18,VOLKSWAGEN GOLF,4,E01023805,0,-1
202031D124320,2020,31D124320,1,9,0,16,19,5,1,0,0,0,2,10,7,11,4,1,6,6,2,27,6,1968,2,6,VOLKSWAGEN GOLF,7,E01026202,0,-1
2020041003917,2020,041003917,1,9,0,4,4,7,3,0,0,0,1,0,0,0,1,1,2,2,1,21,5,1900,2,15,VOLKSWAGEN GOLF,1,E01024858,0,-1
2020070727539,2020,070727539,2,9,0,4,4,2,6,0,0,0,0,0,0,0,2,1,1,1,1,67,10,1968,2,12,VOLKSWAGEN GOLF,8,E01000246,0,-1
2020461000880,2020,461000880,3,9,0,18,19,6,2,0,0,1,0,0,0,0,0,1,5,6,1,34,6,1968,2,9,VOLKSWAGEN GOLF,6,E01024357,0,-1
202063D058120,2020,63D058120,1,9,0,13,13,5,1,0,0,0,0,0,0,0,2,1,6,6,1,45,7,1968,2,6,VOLKSWAGEN GOLF,3,E01025717,0,-1
2020010247750,2020,010247750,2,9,0,99,99,9,9,99,99,9,9,99,9,99,2,9,6,6,3,-1,-1,1598,1,12,VOLKSWAGEN GOLF,2,E01003238,0,-1
2020010273939,2020,010273939,2,9,9,18,19,5,1,0,0,0,0,0,0,0,1,1,6,6,2,45,7,1598,2,6,VOLKSWAGEN GOLF,5,E01002361,0,-1
2020010272792,2020,010272792,1,9,0,8,8,6,1,0,0,1,0,0,0,0,4,1,3,7,2,65,9,1896,2,12,VOLKSWAGEN GOLF,6,E01020154,0,-1
2020440433300,2020,440433300,1,9,0,18,19,8,4,0,0,0,2,0,1,9,1,1,6,6,1,17,4,1984,1,1,VOLKSWAGEN GOLF,9,E01022547,0,-1
2020201023134,2020,201023134,3,9,0,2,2,0,0,0,0,0,0,0,0,0,2,1,6,6,1,-1,-1,1390,1,16,VOLKSWAGEN GOLF,-1,-1,0,-1
2020010231487,2020,010231487,2,9,0,9,9,5,3,0,0,1,0,7,0,0,1,1,6,6,1,28,6,1390,1,18,VOLKSWAGEN GOLF,2,E01003265,0,-1
2020010280396,2020,010280396,2,9,0,99,99,9,9,99,99,0,9,99,9,99,1,9,6,6,3,-1,-1,1390,1,11,VOLKSWAGEN GOLF,-1,-1,0,-1
2020522004566,2020,522004566,2,9,0,7,7,4,2,0,0,6,0,0,0,0,1,1,6,6,2,30,6,1896,2,18,VOLKSWAGEN GOLF,10,E01014883,0,-1
2020440184719,2020,440184719,2,9,0,9,9,3,1,0,0,8,0,0,0,0,3,1,6,6,1,29,6,1968,2,5,VOLKSWAGEN GOLF,3,E01016084,0,-1
2020990993715,2020,990993715,2,9,0,3,3,3,7,0,0,8,0,0,0,0,2,1,3,7,1,36,7,1968,2,9,VOLKSWAGEN GOLF,2,-1,0,-1
2020302001596,2020,302001596,2,9,0,18,19,8,4,0,0,1,0,0,0,0,1,1,6,6,2,40,7,1395,8,4,VOLKSWAGEN GOLF,4,E01013555,0,-1
2020010276987,2020,010276987,1,9,0,18,19,3,7,0,0,8,1,0,0,0,1,1,6,6,1,21,5,1598,1,17,VOLKSWAGEN GOLF,5,E01024786,0,-1
2020430419451,2020,430419451,1,9,0,18,19,7,3,0,0,0,0,0,0,0,0,1,6,6,1,45,7,1900,2,14,VOLKSWAGEN GOLF,5,E01028505,0,-1
2020010287811,2020,010287811,1,9,0,18,19,1,5,99,99,9,9,99,0,0,9,1,6,6,2,21,5,1390,1,11,VOLKSWAGEN GOLF,4,E01003684,0,-1