collision_index,collision_year,collision_ref_no,vehicle_reference,vehicle_type,towing_and_articulation,vehicle_manoeuvre_historic,vehicle_manoeuvre,vehicle_direction_from,vehicle_direction_to,vehicle_location_restricted_lane_historic,vehicle_location_restricted_lane,junction_location,skidding_and_overturning,hit_object_in_carriageway,vehicle_leaving_carriageway,hit_object_off_carriageway,first_point_of_impact,vehicle_left_hand_drive,journey_purpose_of_driver_historic,journey_purpose_of_driver,sex_of_driver,age_of_driver,age_band_of_driver,engine_capacity_cc,propulsion_code,age_of_vehicle,generic_make_model,driver_imd_decile,lsoa_of_driver,escooter_flag,driver_distance_banding
2020010242076,2020,010242076,2,9,0,99,99,9,9,99,99,9,9,99,9,99,9,9,6,6,3,-1,-1,1598,2,7,VOLKSWAGEN GOLF,-1,-1,0,-1
2020990949875,2020,990949875,1,9,0,18,19,3,7,0,0,2,0,0,0,0,1,1,5,6,1,32,6,1900,2,14,VOLKSWAGEN GOLF,1,-1,0,-1
202031D103220,2020,31D103220,2,9,0,17,19,6,2,0,0,0,0,0,0,0,1,1,6,6,1,19,4,1598,1,14,VOLKSWAGEN GOLF,1,E01013865,0,-1
2020440405760,2020,440405760,1,9,0,5,5,7,3,0,0,1,0,0,0,0,4,1,2,2,2,35,6,1968,1,11,VOLKSWAGEN GOLF,4,E01017110,0,-1
202063C041320,2020,63C041320,1,9,0,5,5,3,7,0,0,6,0,0,0,0,3,1,6,6,1,38,7,1968,2,5,VOLKSWAGEN GOLF,3,W01000568,0,-1
2020530923041,2020,530923041,1,9,0,1,1,8,4,9,9,6,0,0,0,0,4,1,6,6,2,25,5,1498,1,1,VOLKSWAGEN GOLF,4,E01022251,0,-1
2020522004144,2020,522004144,1,9,0,18,19,3,7,0,0,0,0,0,0,0,1,1,6,6,2,71,10,1984,1,3,VOLKSWAGEN GOLF,9,E01014747,0,-1
2020040979126,2020,040979126,1,9,0,18,19,3,7,0,0,1,0,0,0,0,1,1,6,6,2,31,6,1390,1,10,VOLKSWAGEN GOLF,1,E01025396,0,-1
2020520101349,2020,520101349,2,9,0,2,2,0,0,0,0,0,0,0,0,0,2,1,6,6,2,53,8,1968,2,11,VOLKSWAGEN GOLF,6,E01029219,0,-1
2020010245388,2020,010245388,1,9,0,9,9,5,3,0,0,8,0,0,0,0,4,1,6,6,2,48,8,1984,1,6,VOLKSWAGEN GOLF,3,E01000973,0,-1
202054A589220,2020,54A589220,1,9,0,18,19,7,3,0,0,1,0,0,0,0,1,1,6,6,1,58,9,1395,1,3,VOLKSWAGEN GOLF,4,E01020935,0,-1
2020440223074,2020,440223074,2,9,0,9,9,2,8,0,0,8,0,0,0,0,3,1,6,6,1,52,8,1395,1,5,VOLKSWAGEN GOLF,-1,-1,0,-1
2020100931508,2020,100931508,1,9,0,9,9,3,1,0,0,6,0,0,0,0,1,1,5,6,1,76,11,1498,1,1,VOLKSWAGEN GOLF,3,E01008379,0,-1
2020320287103,2020,320287103,1,9,0,18,19,5,1,0,0,2,0,0,0,0,1,1,6,6,1,22,5,1600,2,10,VOLKSWAGEN GOLF,-1,-1,0,-1
20201375O0721,2020,1375O0721,2,9,0,18,19,5,1,0,0,4,0,0,0,0,1,1,6,6,1,21,5,1598,2,10,VOLKSWAGEN GOLF,1,E01010737,0,-1
2020010261075,2020,010261075,1,9,0,5,5,3,7,0,0,1,0,0,0,0,3,1,6,6,1,31,6,1598,2,6,VOLKSWAGEN GOLF,2,E01003298,0,-1
2020040951325,2020,040951325,2,9,0,18,19,5,7,0,0,1,0,0,0,0,4,1,6,6,2,58,9,1390,1,11,VOLKSWAGEN GOLF,3,E01025291,0,-1
2020302001705,2020,302001705,2,9,0,18,19,4,8,0,0,2,0,0,0,0,1,1,6,6,1,23,5,1395,1,4,VOLKSWAGEN GOLF,3,E01013513,0,-1
2020411001876,2020,411001876,1,9,0,18,19,1,5,0,0,8,0,0,0,0,1,1,2,2,1,40,7,1598,1,14,VOLKSWAGEN GOLF,7,E01003709,0,-1
2020470966697,2020,470966697,1,9,0,18,19,4,8,0,0,0,0,0,0,0,1,1,5,6,2,49,8,1390,1,12,VOLKSWAGEN GOLF,10,E01003866,0,-1
2020302000436,2020,302000436,2,9,0,3,3,7,3,0,0,1,0,0,0,0,2,1,6,6,2,29,6,1896,2,17,VOLKSWAGEN GOLF,3,E01028259,0,-1
2020990987595,2020,990987595,2,9,0,3,3,2,6,0,0,0,0,0,0,0,2,1,2,2,2,38,7,1968,2,6,VOLKSWAGEN GOLF,2,-1,0,-1
2020052000392,2020,052000392,2,9,0,9,9,7,5,0,0,5,0,0,0,0,1,1,6,6,3,-1,-1,1984,1,1,VOLKSWAGEN GOLF,-1,-1,0,-1
2020010286739,2020,010286739,1,9,0,18,19,3,7,0,0,4,0,0,0,0,1,1,6,6,3,-1,-1,1984,1,3,VOLKSWAGEN GOLF,-1,-1,0,-1
2020302000089,2020,302000089,1,9,0,5,5,7,2,0,0,4,0,0,0,0,3,1,1,1,1,31,6,1598,2,8,VOLKSWAGEN GOLF,9,E01018492,0,-1
2020010279493,2020,010279493,1,9,0,3,3,5,1,0,0,8,0,0,0,0,1,1,6,6,1,33,6,1498,1,0,VOLKSWAGEN GOLF,3,E01003154,0,-1
2020010236921,2020,010236921,2,9,0,18,19,5,1,0,0,1,0,0,0,0,1,1,6,6,1,34,6,1598,2,9,VOLKSWAGEN GOLF,5,E01002671,0,-1
2020450967137,2020,450967137,2,9,0,18,19,1,3,0,0,1,0,0,0,0,4,1,6,6,2,19,4,1390,1,8,VOLKSWAGEN GOLF,8,E01030701,0,-1
2020010237692,2020,010237692,1,9,0,18,19,1,5,6,6,0,0,0,7,0,1,1,6,6,1,37,7,1984,1,1,VOLKSWAGEN GOLF,-1,-1,0,-1
2020990990116,2020,990990116,1,9,0,18,19,8,4,0,0,0,0,0,0,0,1,1,2,2,1,44,7,1598,1,19,VOLKSWAGEN GOLF,1,E01008545,0,-1
2020610001920,2020,610001920,2,9,0,9,9,2,7,0,0,6,0,0,0,0,1,1,1,1,1,-1,-1,1598,2,9,VOLKSWAGEN GOLF,4,W01001917,0,-1
2020231012746,2020,231012746,1,9,0,18,19,6,1,0,0,0,5,0,1,4,1,1,5,6,1,20,4,1968,2,6,VOLKSWAGEN GOLF,5,E01029504,0,-1
2020210968142,2020,210968142,1,9,0,13,13,8,4,0,0,0,0,0,0,0,1,1,6,6,1,18,4,1390,1,9,VOLKSWAGEN GOLF,8,E01029383,0,-1
2020100921127,2020,100921127,2,9,0,18,19,1,5,0,0,0,0,0,0,0,1,1,5,6,2,42,7,1498,1,1,VOLKSWAGEN GOLF,10,E01027458,0,-1
2020360924628,2020,360924628,1,9,0,18,19,1,5,0,0,1,0,0,0,0,1,1,6,6,1,-1,-1,1896,2,21,VOLKSWAGEN GOLF,8,E01026584,0,-1
2020200990552,2020,200990552,2,9,0,18,19,1,5,0,0,1,0,0,0,0,4,1,5,6,1,18,4,1390,1,16,VOLKSWAGEN GOLF,4,E01009921,0,-1
2020010250829,2020,010250829,1,9,0,99,99,9,9,99,99,9,9,99,9,99,2,9,6,6,1,22,5,1598,2,1,VOLKSWAGEN GOLF,-1,-1,0,-1
2020430272741,2020,430272741,1,9,0,18,19,8,4,0,0,1,0,0,0,0,1,1,6,6,1,32,6,1390,1,12,VOLKSWAGEN GOLF,5,E01015780,0,-1
2020140970965,2020,140970965,1,9,0,18,19,5,1,0,0,0,0,0,0,0,-1,1,6,6,3,-1,-1,1598,2,6,VOLKSWAGEN GOLF,-1,-1,0,-1
2020411021153,2020,411021153,1,9,0,18,19,1,5,0,0,0,0,4,0,0,1,1,5,6,2,82,11,1968,2,11,VOLKSWAGEN GOLF,10,E01023851,0,-1
2020430052983,2020,430052983,2,9,0,18,19,5,1,0,0,8,5,10,1,1,1,1,2,2,1,23,5,1598,1,14,VOLKSWAGEN GOLF,7,E01028560,0,-1
2020231007540,2020,231007540,2,9,0,2,2,0,0,0,0,0,0,0,0,0,4,1,5,6,1,35,6,2000,1,15,VOLKSWAGEN GOLF,4,E01031276,0,-1
2020420923218,2020,420923218,1,9,0,3,3,1,5,0,0,1,0,0,0,0,1,1,6,6,1,-1,-1,1781,1,18,VOLKSWAGEN GOLF,-1,-1,0,-1
2020991008521,2020,991008521,1,9,0,9,9,4,2,0,0,6,0,0,0,0,3,1,5,6,1,73,10,1598,1,13,VOLKSWAGEN GOLF,4,-1,0,-1
2020170H10610,2020,170H10610,1,9,0,17,19,1,6,0,0,0,0,0,1,2,1,1,6,6,2,24,5,1598,2,1,VOLKSWAGEN GOLF,1,E01012262,0,-1
2020160968279,2020,160968279,1,9,0,18,19,4,8,0,0,0,0,0,7,10,3,1,6,6,3,-1,-1,1598,2,6,VOLKSWAGEN GOLF,-1,-1,0,-1
2020200992989,2020,200992989,2,9,0,18,19,2,6,0,0,2,0,0,0,0,1,1,2,2,1,25,5,1968,2,11,VOLKSWAGEN GOLF,5,E01009235,0,-1
2020470999960,2020,470999960,2,9,0,18,19,2,6,0,0,1,0,0,0,0,1,1,6,6,1,53,8,1896,2,11,VOLKSWAGEN GOLF,7,E01031500,0,-1
2020401010526,2020,401010526,2,9,0,3,3,3,7,0,0,0,0,0,0,0,2,1,5,6,1,27,6,1390,1,8,VOLKSWAGEN GOLF,3,E01015731,0,-1
2020010282555,2020,010282555,1,9,0,11,11,1,5,0,0,1,0,0,0,0,1,1,6,6,1,18,4,1197,1,8,VOLKSWAGEN GOLF,7,E01024037,0,-1
2020010249271,2020,010249271,1,9,0,99,99,9,9,99,99,9,9,99,9,99,4,9,6,6,2,26,6,1395,1,2,VOLKSWAGEN GOLF,-1,-1,0,-1
2020010248367,2020,010248367,1,9,0,18,19,2,6,0,0,0,0,0,0,0,1,1,1,1,1,61,9,1395,1,2,VOLKSWAGEN GOLF,4,E01002055,0,-1
202006M177933,2020,06M177933,1,9,0,18,19,2,6,0,0,0,5,4,0,0,1,1,6,6,1,40,7,1390,1,10,VOLKSWAGEN GOLF,6,E01006143,0,-1
2020160943154,2020,160943154,1,9,0,7,7,5,1,0,0,5,0,0,0,0,4,1,5,6,1,29,6,2000,2,14,VOLKSWAGEN GOLF,7,E01013014,0,-1
2020411009913,2020,411009913,1,9,0,18,19,5,1,0,0,0,0,0,0,0,1,1,5,6,1,50,8,1390,1,15,VOLKSWAGEN GOLF,3,E01015738,0,-1
2020200929129,2020,200929129,1,9,0,18,19,5,1,0,0,0,0,0,0,0,1,1,6,6,1,-1,-1,1968,2,12,VOLKSWAGEN GOLF,-1,-1,0,-1
2020420957209,2020,420957209,2,9,0,18,19,7,3,0,0,3,0,0,0,0,4,1,5,6,1,47,8,2000,1,14,VOLKSWAGEN GOLF,5,E01021410,0,-1
202063B047720,2020,63B047720,1,9,0,16,19,6,1,0,0,0,5,0,8,10,3,1,6,6,1,47,8,1498,1,0,VOLKSWAGEN GOLF,6,W01000540,0,-1
2020320574985,2020,320574985,1,9,0,18,19,2,6,0,0,0,0,0,0,0,1,1,6,6,3,40,7,1896,2,12,VOLKSWAGEN GOLF,-1,-1,0,-1
2020541054320,2020,541054320,3,9,0,10,10,6,4,0,0,1,0,0,0,0,2,1,6,6,2,28,6,1598,2,1,VOLKSWAGEN GOLF,6,E01032083,0,-1
202006F271041,2020,06F271041,1,9,0,18,19,7,3,0,0,0,1,0,0,0,4,1,6,6,1,37,7,2000,2,14,VOLKSWAGEN GOLF,1,E01005667,0,-1
2020170M20740,2020,170M20740,1,9,0,18,19,7,3,0,0,1,0,0,0,0,1,1,6,6,1,25,5,1390,1,16,VOLKSWAGEN GOLF,1,E01012112,0,-1
2020360958139,2020,360958139,1,9,0,18,19,3,7,0,0,0,0,0,0,0,1,1,1,1,1,42,7,1598,2,3,VOLKSWAGEN GOLF,5,E01014049,0,-1
2020137920344,2020,137920344,1,9,0,18,19,5,1,0,0,0,0,0,7,11,1,1,1,1,2,29,6,1390,1,11,VOLKSWAGEN GOLF,1,E01010809,0,-1
2020470923149,2020,470923149,2,9,0,18,19,8,4,0,0,8,0,0,1,1,3,1,5,6,1,27,6,1968,2,13,VOLKSWAGEN GOLF,8,E01021215,0,-1
2020140957785,2020,140957785,1,9,0,18,19,5,4,0,0,4,0,0,0,0,1,1,5,6,2,21,5,1598,2,8,VOLKSWAGEN GOLF,4,E01007415,0,-1
2020070103925,2020,070103925,2,9,0,18,19,8,4,0,0,0,0,0,0,0,1,1,2,2,1,39,7,1498,1,1,VOLKSWAGEN GOLF,10,E01029747,0,-1
2020140927701,2020,140927701,1,9,0,4,4,1,5,0,0,1,0,0,0,0,2,1,5,6,1,19,4,1900,2,14,VOLKSWAGEN GOLF,1,E01007857,0,-1
2020010256654,2020,010256654,1,9,0,99,99,9,9,99,99,9,9,99,9,99,9,9,6,6,2,21,5,1968,2,11,VOLKSWAGEN GOLF,3,E01002151,0,-1
2020010244800,2020,010244800,2,9,0,99,99,9,9,99,99,0,9,99,9,99,9,9,6,6,3,-1,-1,1390,1,12,VOLKSWAGEN GOLF,-1,-1,0,-1
2020010247245,2020,010247245,1,9,0,18,19,3,7,0,0,1,0,0,0,0,1,1,6,6,1,28,6,1390,1,15,VOLKSWAGEN GOLF,2,E01004455,0,-1
202006A276082,2020,06A276082,1,9,0,12,12,3,7,0,0,0,0,0,0,0,1,1,6,6,2,59,9,1598,2,7,VOLKSWAGEN GOLF,3,E01005282,0,-1
2020040960754,2020,040960754,2,9,0,3,3,1,5,0,0,0,0,0,0,0,2,1,1,1,2,29,6,1968,2,11,VOLKSWAGEN GOLF,5,E01025541,0,-1
202006G277614,2020,06G277614,4,9,0,18,19,7,3,0,0,2,0,0,0,0,3,1,6,6,2,43,7,-1,3,0,VOLKSWAGEN GOLF,1,E01006031,0,-1
2020340W01522,2020,340W01522,2,9,0,10,10,7,3,0,0,1,0,0,7,0,2,1,6,6,1,23,5,1968,2,9,VOLKSWAGEN GOLF,4,E01027056,0,-1
2020010286697,2020,010286697,2,9,9,99,99,9,9,99,99,0,9,99,9,99,9,9,6,6,2,18,4,1197,1,10,VOLKSWAGEN GOLF,9,E01000804,0,-1
2020200952622,2020,200952622,2,9,0,9,9,6,4,0,0,6,0,0,0,0,3,1,6,6,2,36,7,1598,2,10,VOLKSWAGEN GOLF,3,E01014104,0,-1
2020990974047,2020,990974047,2,9,0,18,19,7,3,0,0,0,1,0,0,0,2,1,6,6,1,32,6,1598,2,2,VOLKSWAGEN GOLF,7,E01004500,0,-1
2020501007541,2020,501007541,2,9,0,18,19,7,3,0,0,0,0,0,0,0,1,1,6,6,2,37,7,1390,1,11,VOLKSWAGEN GOLF,6,E01002204,0,-1
2020101008393,2020,101008393,2,9,0,18,19,7,3,0,0,1,0,0,0,0,1,1,6,6,1,40,7,1900,2,14,VOLKSWAGEN GOLF,1,E01008332,0,-1
2020420931929,2020,420931929,1,9,0,9,9,2,7,0,0,8,0,0,0,0,1,1,6,6,3,20,4,1968,2,9,VOLKSWAGEN GOLF,2,E01021278,0,-1
2020200950658,2020,200950658,3,9,0,2,2,0,0,0,0,0,0,0,0,0,1,1,6,6,2,38,7,1968,2,11,VOLKSWAGEN GOLF,6,E01009802,0,-1
2020200969534,2020,200969534,1,9,0,5,5,1,5,0,0,6,0,0,0,0,1,1,6,6,1,41,7,1968,2,13,VOLKSWAGEN GOLF,1,E01009299,0,-1
2020990950107,2020,990950107,1,9,0,16,19,8,4,0,0,0,0,0,1,7,1,1,6,6,2,25,5,1498,1,2,VOLKSWAGEN GOLF,1,-1,0,-1
2020230997323,2020,230997323,2,9,0,18,19,7,3,0,0,8,0,0,0,0,3,1,5,6,1,49,8,1968,2,1,VOLKSWAGEN GOLF,7,E01031233,0,-1
2020430417730,2020,430417730,2,9,0,17,19,8,5,0,0,2,0,0,0,0,1,1,2,2,1,27,6,1984,1,0,VOLKSWAGEN GOLF,7,E01016728,0,-1
2020160944233,2020,160944233,2,9,0,18,19,5,1,0,0,8,0,0,0,0,3,2,2,2,1,36,7,1390,1,12,VOLKSWAGEN GOLF,5,E01012902,0,-1
2020010283293,2020,010283293,1,9,0,18,19,2,6,0,0,1,0,0,0,0,1,1,6,6,1,-1,-1,2000,2,14,VOLKSWAGEN GOLF,1,E01004222,0,-1
2020010270423,2020,010270423,1,9,0,99,99,9,9,99,99,9,9,99,9,99,9,9,2,2,1,45,7,1395,1,3,VOLKSWAGEN GOLF,4,E01003757,0,-1
2020500946808,2020,500946808,2,9,0,18,19,3,7,0,0,0,0,0,0,0,1,1,6,6,2,54,8,1600,2,11,VOLKSWAGEN GOLF,8,E01018811,0,-1
2020030954596,2020,030954596,1,9,0,10,10,7,5,0,0,0,0,0,0,0,4,1,5,6,1,26,6,1968,2,11,VOLKSWAGEN GOLF,4,E01019147,0,-1
2020200941647,2020,200941647,2,9,0,18,19,-1,-1,0,0,8,0,0,0,0,3,1,6,6,1,23,5,1390,1,10,VOLKSWAGEN GOLF,1,E01008914,0,-1
2020200918032,2020,200918032,1,9,0,5,5,5,1,0,0,0,0,0,0,0,1,1,6,6,1,25,5,1395,1,1,VOLKSWAGEN GOLF,1,E01033628,0,-1
2020140927169,2020,140927169,2,9,0,18,19,7,3,0,0,1,0,0,0,0,1,1,1,1,1,30,6,1896,2,15,VOLKSWAGEN GOLF,5,E01007609,0,-1
2020200991157,2020,200991157,2,9,0,18,19,4,8,0,0,8,0,10,1,10,1,1,6,6,1,47,8,2000,1,16,VOLKSWAGEN GOLF,3,E01009989,0,-1
2020040958564,2020,040958564,1,9,0,5,5,1,5,0,0,6,0,0,0,0,3,1,5,6,1,43,7,1896,2,17,VOLKSWAGEN GOLF,2,E01025055,0,-1
2020140950291,2020,140950291,1,9,0,18,19,3,7,0,0,0,2,10,1,11,1,1,6,6,1,21,5,1968,2,11,VOLKSWAGEN GOLF,1,E01007851,0,-1
2020400983373,2020,400983373,1,9,0,3,3,6,2,0,0,2,0,0,0,0,1,1,6,6,1,27,6,1968,2,11,VOLKSWAGEN GOLF,4,E01015784,0,-1
2020430198934,2020,430198934,1,9,0,9,9,4,1,0,0,8,0,0,0,0,1,1,2,2,2,48,8,1984,1,6,VOLKSWAGEN GOLF,6,E01028570,0,-1
2020420973209,2020,420973209,1,9,0,12,12,7,3,0,0,0,0,4,0,0,1,1,2,2,1,28,6,1968,2,3,VOLKSWAGEN GOLF,2,E01022039,0,-1
2020070058838,2020,070058838,1,9,0,18,19,7,3,0,0,0,0,0,1,11,1,1,2,2,1,22,5,1498,1,1,VOLKSWAGEN GOLF,2,E01018640,0,-1
2020010248048,2020,010248048,1,9,0,18,19,3,7,4,4,1,0,0,0,0,1,1,2,2,1,20,4,1390,1,12,VOLKSWAGEN GOLF,7,E01001472,0,-1
202031C124420,2020,31C124420,2,9,0,18,19,5,1,0,0,6,0,0,0,0,1,1,6,6,3,-1,-1,1197,1,9,VOLKSWAGEN GOLF,-1,-1,0,-1
2020160958850,2020,160958850,3,9,0,18,19,3,7,0,0,1,0,0,0,0,3,1,5,6,2,52,8,1968,2,6,VOLKSWAGEN GOLF,10,E01012925,0,-1
2020350936711,2020,350936711,1,9,0,18,19,7,3,0,0,0,1,0,0,0,1,1,5,6,1,30,6,1968,2,12,VOLKSWAGEN GOLF,6,E01015672,0,-1
2020010277446,2020,010277446,1,9,0,10,10,3,1,0,0,1,0,0,0,0,2,1,6,6,2,19,4,1395,8,3,VOLKSWAGEN GOLF,6,E01000231,0,-1
2020040996792,2020,040996792,2,9,0,18,19,7,3,0,0,0,0,0,0,0,1,1,5,6,1,97,11,1968,2,0,VOLKSWAGEN GOLF,8,E01025166,0,-1
2020010275774,2020,010275774,1,9,0,18,19,1,5,0,0,0,0,0,0,0,2,1,6,6,1,36,7,1598,2,1,VOLKSWAGEN GOLF,7,E01003820,0,-1
2020137281656,2020,137281656,1,9,0,2,2,0,0,6,6,1,0,0,0,0,2,1,6,6,1,-1,-1,1598,2,10,VOLKSWAGEN GOLF,-1,-1,0,-1
2020410995440,2020,410995440,1,9,0,18,19,6,2,0,0,8,0,0,0,0,1,1,2,2,1,46,8,1598,2,7,VOLKSWAGEN GOLF,4,E01023447,0,-1
2020200946377,2020,200946377,2,9,0,18,19,6,2,0,0,8,0,0,0,0,3,1,6,6,1,21,5,1968,2,13,VOLKSWAGEN GOLF,-1,-1,0,-1
2020542085420,2020,542085420,2,9,0,18,19,6,2,0,0,8,0,0,0,0,1,1,6,6,1,43,7,1896,2,17,VOLKSWAGEN GOLF,1,E01015572,0,-1
2020302000972,2020,302000972,1,9,0,15,15,7,2,0,0,0,0,0,0,0,4,1,6,6,1,41,7,1968,2,9,VOLKSWAGEN GOLF,1,E01013479,0,-1
202006P271109,2020,06P271109,2,9,0,9,9,1,6,0,0,1,0,0,0,0,1,1,6,6,1,30,6,2000,1,21,VOLKSWAGEN GOLF,-1,-1,0,-1
2020430203071,2020,430203071,2,9,0,5,5,7,5,0,0,8,0,0,0,0,2,1,6,6,1,53,8,1498,1,1,VOLKSWAGEN GOLF,4,E01003133,0,-1
2020010269299,2020,010269299,1,9,0,9,9,1,6,0,0,1,2,10,7,10,1,1,6,6,1,40,7,1600,2,10,VOLKSWAGEN GOLF,7,E01002161,0,-1
2020500930378,2020,500930378,1,9,0,15,15,1,5,0,0,1,0,0,0,0,1,1,5,6,2,19,4,1390,1,17,VOLKSWAGEN GOLF,5,E01020220,0,-1
2020451000372,2020,451000372,1,9,0,18,19,5,1,0,0,0,1,4,1,0,1,1,6,6,1,28,6,1598,1,13,VOLKSWAGEN GOLF,9,E01030298,0,-1
2020010249589,2020,010249589,2,9,0,99,99,9,9,99,99,9,9,99,9,99,1,9,6,6,3,-1,-1,999,1,1,VOLKSWAGEN GOLF,-1,-1,0,-1
2020622000473,2020,622000473,1,9,0,18,19,7,3,0,0,0,0,0,0,0,1,1,6,6,1,26,6,1598,2,0,VOLKSWAGEN GOLF,6,W01000986,0,-1
2020010270416,2020,010270416,1,9,0,18,19,7,3,0,0,2,0,8,0,0,1,1,6,6,1,23,5,1197,1,10,VOLKSWAGEN GOLF,2,E01001529,0,-1
2020041006248,2020,041006248,4,9,0,18,19,1,5,0,0,0,0,0,0,0,2,1,6,6,2,41,7,1598,2,6,VOLKSWAGEN GOLF,6,E01025473,0,-1
2020990969444,2020,990969444,1,9,0,7,7,7,2,0,0,1,0,0,0,0,1,1,5,6,2,19,4,1968,2,7,VOLKSWAGEN GOLF,3,-1,0,-1
2020340S04012,2020,340S04012,2,9,0,18,19,1,5,0,0,8,0,0,0,0,0,1,6,6,1,25,5,1896,2,18,VOLKSWAGEN GOLF,6,E01027306,0,-1
2020530945586,2020,530945586,2,9,0,10,10,3,1,0,0,8,0,0,0,0,1,1,5,6,2,29,6,1598,1,14,VOLKSWAGEN GOLF,1,E01022147,0,-1
2020140976718,2020,140976718,2,9,0,5,5,1,5,0,0,1,0,0,0,0,1,1,6,6,3,-1,-1,1896,2,17,VOLKSWAGEN GOLF,-1,-1,0,-1
2020010262298,2020,010262298,2,9,0,99,99,9,9,99,99,9,9,99,9,99,9,9,6,6,3,-1,-1,1968,2,3,VOLKSWAGEN GOLF,2,E01003925,0,-1
2020320573568,2020,320573568,2,9,0,18,19,7,3,0,0,1,0,0,0,0,4,1,6,6,2,51,8,1968,2,5,VOLKSWAGEN GOLF,-1,-1,0,-1
202006A377287,2020,06A377287,4,9,0,2,2,0,0,6,6,8,0,0,0,0,1,1,6,6,1,30,6,1984,1,0,VOLKSWAGEN GOLF,-1,-1,0,-1
202031C097420,2020,31C097420,1,9,0,6,6,4,4,0,0,8,0,0,0,0,1,1,6,6,1,27,6,1598,1,12,VOLKSWAGEN GOLF,1,E01013959,0,-1
2020010229075,2020,010229075,2,9,0,4,4,1,5,0,0,0,0,0,0,0,2,1,6,6,2,37,7,1896,2,13,VOLKSWAGEN GOLF,8,E01030335,0,-1
2020040928303,2020,040928303,1,9,0,18,19,3,7,0,0,8,0,0,0,0,1,1,5,6,1,23,5,1598,2,8,VOLKSWAGEN GOLF,1,E01009762,0,-1
2020430014356,2020,430014356,2,9,0,4,4,6,2,0,0,0,0,0,0,0,2,1,6,6,2,24,5,1598,2,5,VOLKSWAGEN GOLF,9,E01028759,0,-1
2020137CD0337,2020,137CD0337,1,9,0,18,19,2,6,0,0,0,1,0,1,2,1,1,6,6,1,32,6,1598,2,3,VOLKSWAGEN GOLF,1,E01005578,0,-1
2020440100067,2020,440100067,3,9,0,4,4,3,7,0,0,0,0,0,0,0,2,1,2,2,1,25,5,1598,1,15,VOLKSWAGEN GOLF,6,E01031484,0,-1
2020991008578,2020,991008578,2,9,0,4,4,3,7,0,0,2,1,0,0,0,3,1,5,6,1,23,5,1598,2,7,VOLKSWAGEN GOLF,2,-1,0,-1
2020991010969,2020,991010969,2,9,0,16,19,7,2,0,0,0,0,0,0,0,1,1,2,2,1,45,7,1968,2,10,VOLKSWAGEN GOLF,6,-1,0,-1
2020200930136,2020,200930136,3,9,0,2,2,0,0,0,0,2,0,0,0,0,1,1,6,6,1,-1,-1,1896,2,16,VOLKSWAGEN GOLF,-1,-1,0,-1
2020100962584,2020,100962584,1,9,0,18,19,1,5,0,0,2,0,0,0,0,1,1,6,6,1,20,4,1896,2,17,VOLKSWAGEN GOLF,-1,-1,0,-1
2020137AK1919,2020,137AK1919,1,9,0,18,19,7,3,0,0,0,0,0,0,0,1,1,6,6,1,29,6,1968,2,11,VOLKSWAGEN GOLF,1,E01011316,0,-1
202006N168851,2020,06N168851,1,9,0,9,9,1,7,0,0,5,1,11,7,10,1,1,3,7,1,46,8,1968,2,4,VOLKSWAGEN GOLF,9,E01025358,0,-1
2020110921358,2020,110921358,1,9,0,18,19,1,5,0,0,0,5,4,0,0,1,1,5,6,1,16,4,1984,1,19,VOLKSWAGEN GOLF,3,E01020831,0,-1
202031A027120,2020,31A027120,2,9,0,9,9,2,8,0,0,5,0,0,0,0,1,1,6,6,1,48,8,1598,2,8,VOLKSWAGEN GOLF,3,E01019562,0,-1
2020411003344,2020,411003344,1,9,0,18,19,7,3,0,0,2,0,11,0,0,1,1,3,7,2,48,8,1598,2,8,VOLKSWAGEN GOLF,8,E01033026,0,-1
2020200981255,2020,200981255,2,9,0,18,19,8,4,0,0,1,0,0,0,0,1,1,6,6,1,-1,-1,1390,1,12,VOLKSWAGEN GOLF,-1,-1,0,-1
2020320648710,2020,320648710,1,9,0,18,19,1,5,0,0,0,5,0,0,0,1,1,6,6,1,30,6,1984,1,6,VOLKSWAGEN GOLF,6,E01026404,0,-1
2020302000871,2020,302000871,1,9,0,9,9,4,2,0,0,1,0,0,0,0,3,1,6,6,2,18,4,1598,2,10,VOLKSWAGEN GOLF,4,E01019742,0,-1
2020010253595,2020,010253595,2,9,0,99,99,9,9,99,99,9,9,99,9,99,1,9,6,6,3,-1,-1,1390,1,9,VOLKSWAGEN GOLF,-1,-1,0,-1
2020460932646,2020,460932646,1,9,0,18,19,-1,-1,0,0,0,0,0,0,0,1,1,3,7,1,52,8,1395,1,6,VOLKSWAGEN GOLF,1,E01003347,0,-1
202031D011820,2020,31D011820,1,9,0,17,19,6,2,0,0,0,1,0,0,0,1,1,6,6,1,19,4,1598,2,6,VOLKSWAGEN GOLF,6,E01028160,0,-1
2020010270278,2020,010270278,1,9,0,99,99,9,9,99,99,3,9,99,9,99,2,9,6,6,2,-1,-1,999,1,3,VOLKSWAGEN GOLF,5,E01003697,0,-1
2020010235823,2020,010235823,2,9,0,9,9,1,7,0,0,1,0,0,0,0,3,1,6,6,2,37,7,1598,1,15,VOLKSWAGEN GOLF,2,E01003194,0,-1
2020440093795,2020,440093795,1,9,0,18,19,8,4,0,0,0,0,0,0,0,2,1,6,6,1,49,8,1896,2,18,VOLKSWAGEN GOLF,3,E01022739,0,-1
2020052002658,2020,052002658,2,9,0,13,13,1,5,0,0,0,5,0,0,0,4,1,6,6,1,38,7,1968,2,4,VOLKSWAGEN GOLF,5,E01018532,0,-1
2020360978492,2020,360978492,2,9,0,18,19,5,1,0,0,8,0,0,0,0,4,1,5,6,2,30,6,1598,1,13,VOLKSWAGEN GOLF,6,E01026580,0,-1
2020200981975,2020,200981975,2,9,0,9,9,6,4,0,0,5,0,0,0,0,3,1,6,6,2,35,6,1598,2,9,VOLKSWAGEN GOLF,1,E01032889,0,-1