collision_index,collision_year,collision_ref_no,vehicle_reference,vehicle_type,towing_and_articulation,vehicle_manoeuvre_historic,vehicle_manoeuvre,vehicle_direction_from,vehicle_direction_to,vehicle_location_restricted_lane_historic,vehicle_location_restricted_lane,junction_location,skidding_and_overturning,hit_object_in_carriageway,vehicle_leaving_carriageway,hit_object_off_carriageway,first_point_of_impact,vehicle_left_hand_drive,journey_purpose_of_driver_historic,journey_purpose_of_driver,sex_of_driver,age_of_driver,age_band_of_driver,engine_capacity_cc,propulsion_code,age_of_vehicle,generic_make_model,driver_imd_decile,lsoa_of_driver,escooter_flag,driver_distance_banding
2020201025959,2020,201025959,1,9,0,17,19,6,3,0,0,1,1,10,1,0,1,1,6,6,1,36,7,1598,2,5,VOLKSWAGEN GOLF,2,E01010239,0,-1
2020040982037,2020,040982037,2,9,0,12,12,1,5,0,0,4,0,0,0,0,1,1,5,6,1,20,4,1395,1,6,VOLKSWAGEN GOLF,1,E01012578,0,-1
20201376H2141,2020,1376H2141,2,9,0,18,19,4,8,0,0,4,1,0,7,0,1,1,6,6,2,27,6,1600,2,11,VOLKSWAGEN GOLF,3,E01010629,0,-1
2020430259699,2020,430259699,1,9,0,18,19,3,7,0,0,1,0,0,0,0,1,1,6,6,1,59,9,1598,2,7,VOLKSWAGEN GOLF,10,E01016318,0,-1
2020010251962,2020,010251962,2,9,0,18,19,7,3,0,0,1,0,0,0,0,1,1,6,6,1,24,5,1598,1,13,VOLKSWAGEN GOLF,2,E01003576,0,-1
2020990980391,2020,990980391,2,9,0,18,19,8,4,0,0,1,0,0,1,0,1,1,2,2,2,27,6,1968,2,5,VOLKSWAGEN GOLF,4,-1,0,-1
2020137231346,2020,137231346,2,9,0,4,4,2,6,0,0,1,0,0,0,0,1,1,6,6,1,48,8,1968,2,9,VOLKSWAGEN GOLF,3,E01011222,0,-1
2020137391477,2020,137391477,1,9,0,7,7,4,6,0,0,1,0,0,0,0,1,1,6,6,1,-1,-1,1498,1,1,VOLKSWAGEN GOLF,-1,-1,0,-1
2020010252690,2020,010252690,3,9,0,18,19,7,3,0,0,1,0,0,0,0,1,1,6,6,1,40,7,1390,1,11,VOLKSWAGEN GOLF,8,E01002575,0,-1
2020450957975,2020,450957975,1,9,0,18,19,5,1,0,0,0,1,0,0,0,1,1,5,6,1,90,11,1498,1,2,VOLKSWAGEN GOLF,10,E01030966,0,-1
2020450982476,2020,450982476,2,9,0,4,4,7,3,0,0,0,0,0,0,0,2,1,5,6,2,23,5,1498,1,2,VOLKSWAGEN GOLF,10,E01030764,0,-1
2020990945452,2020,990945452,1,9,0,1,1,4,8,0,0,0,0,0,0,0,2,1,2,2,2,63,9,1395,1,3,VOLKSWAGEN GOLF,9,-1,0,-1
2020420984778,2020,420984778,1,9,0,9,9,2,4,0,0,8,0,0,0,0,4,1,2,2,1,57,9,1984,1,18,VOLKSWAGEN GOLF,4,E01021451,0,-1
2020220993274,2020,220993274,1,9,0,17,19,6,3,0,0,0,2,0,2,4,1,1,5,6,1,23,5,1968,2,6,VOLKSWAGEN GOLF,2,E01010412,0,-1
20201371G1416,2020,1371G1416,1,9,0,7,7,5,2,0,0,1,0,11,0,0,4,1,6,6,1,21,5,1896,2,12,VOLKSWAGEN GOLF,5,E01010678,0,-1
2020010248053,2020,010248053,1,9,0,7,7,2,5,0,0,1,0,0,0,0,1,1,6,6,1,27,6,1395,1,5,VOLKSWAGEN GOLF,5,E01004624,0,-1
2020137281884,2020,137281884,1,9,0,18,19,8,3,0,0,0,0,0,0,0,2,1,6,6,1,33,6,1984,1,2,VOLKSWAGEN GOLF,3,E01011257,0,-1
2020210972441,2020,210972441,1,9,0,13,13,3,7,0,0,0,0,0,0,0,4,1,5,6,1,27,6,1390,1,13,VOLKSWAGEN GOLF,2,E01014241,0,-1
2020100963149,2020,100963149,1,9,0,18,19,7,3,0,0,4,0,0,0,0,1,1,5,6,1,28,6,1598,2,6,VOLKSWAGEN GOLF,1,E01008218,0,-1
2020360966600,2020,360966600,1,9,0,18,19,3,1,0,0,0,0,0,0,0,0,1,5,6,2,39,7,1968,2,9,VOLKSWAGEN GOLF,8,E01026561,0,-1
2020520003283,2020,520003283,1,9,0,18,19,6,2,0,0,0,0,0,0,0,1,1,6,6,1,31,6,1968,2,8,VOLKSWAGEN GOLF,6,E01029195,0,-1
2020200988345,2020,200988345,1,9,0,9,9,8,6,0,0,6,0,0,0,0,1,1,6,6,1,72,10,1968,2,1,VOLKSWAGEN GOLF,10,E01010153,0,-1
2020010247695,2020,010247695,2,9,9,99,99,9,9,99,99,0,9,99,9,99,9,9,6,6,1,27,6,1395,8,4,VOLKSWAGEN GOLF,7,E01000139,0,-1
2020122000604,2020,122000604,1,9,0,14,14,5,1,0,0,0,0,0,0,0,1,1,6,6,2,30,6,1598,2,8,VOLKSWAGEN GOLF,6,E01027628,0,-1
202031B032420,2020,31B032420,1,9,0,1,1,8,4,0,0,0,0,4,2,4,2,1,6,6,2,72,10,1395,1,5,VOLKSWAGEN GOLF,6,E01028307,0,-1
2020990944404,2020,990944404,1,9,0,18,19,7,2,0,0,4,5,9,0,0,1,1,6,6,1,27,6,1984,1,5,VOLKSWAGEN GOLF,2,-1,0,-1
2020010231403,2020,010231403,2,9,0,99,99,9,9,99,99,9,9,99,9,99,1,9,6,6,3,-1,-1,1968,2,11,VOLKSWAGEN GOLF,3,E01001327,0,-1
2020450972014,2020,450972014,2,9,0,18,19,3,7,0,0,0,0,1,0,0,3,1,5,6,1,42,7,1390,1,11,VOLKSWAGEN GOLF,1,E01002782,0,-1
2020200949880,2020,200949880,2,9,0,3,3,8,2,0,0,1,0,0,0,0,2,1,1,1,3,43,7,1968,2,1,VOLKSWAGEN GOLF,7,E01009771,0,-1
2020122000653,2020,122000653,1,9,0,9,9,1,7,0,0,8,0,0,0,0,4,1,6,6,1,87,11,1390,1,10,VOLKSWAGEN GOLF,8,E01012235,0,-1
2020010241776,2020,010241776,1,9,0,18,19,1,5,0,0,0,5,7,0,0,1,1,2,2,1,32,6,1390,1,11,VOLKSWAGEN GOLF,9,E01003799,0,-1
2020450996467,2020,450996467,1,9,0,17,19,6,8,0,0,0,0,0,0,0,1,1,2,2,1,42,7,1390,1,11,VOLKSWAGEN GOLF,3,E01001715,0,-1
2020010247094,2020,010247094,3,9,0,99,99,9,9,99,99,9,9,99,9,99,1,9,6,6,3,-1,-1,2300,1,21,VOLKSWAGEN GOLF,-1,-1,0,-1
2020100997325,2020,100997325,1,9,0,5,5,1,5,0,0,0,0,0,0,0,3,1,5,6,1,34,6,1968,2,14,VOLKSWAGEN GOLF,1,E01008800,0,-1
2020010279830,2020,010279830,2,9,0,99,99,9,9,99,99,1,9,99,9,99,1,9,6,6,3,-1,-1,1390,1,14,VOLKSWAGEN GOLF,-1,-1,0,-1
2020010243502,2020,010243502,1,9,0,99,99,9,9,99,99,1,9,99,9,99,2,1,6,6,1,35,6,1598,1,17,VOLKSWAGEN GOLF,3,E01003736,0,-1
2020137CM0271,2020,137CM0271,1,9,0,18,19,4,8,0,0,0,0,0,0,0,0,1,6,6,1,24,5,1598,1,13,VOLKSWAGEN GOLF,-1,-1,0,-1
2020031008341,2020,031008341,1,9,0,-1,-1,7,3,0,0,0,0,0,0,0,-1,1,1,1,2,25,5,1896,2,12,VOLKSWAGEN GOLF,2,E01019165,0,-1
2020137220943,2020,137220943,1,9,0,18,19,4,8,0,0,0,0,0,0,0,1,1,6,6,1,23,5,1598,2,8,VOLKSWAGEN GOLF,1,E01011429,0,-1
2020140983628,2020,140983628,1,9,0,18,19,1,5,0,0,0,0,0,0,0,4,1,5,6,2,21,5,1598,2,9,VOLKSWAGEN GOLF,1,E01007718,0,-1
2020200975975,2020,200975975,2,9,0,9,9,7,5,0,0,6,0,0,0,0,1,1,6,6,2,37,7,1598,2,5,VOLKSWAGEN GOLF,2,E01008881,0,-1
2020200946417,2020,200946417,2,9,0,18,19,3,7,0,0,8,0,0,0,0,3,1,6,6,2,60,9,1390,1,9,VOLKSWAGEN GOLF,2,E01009163,0,-1
2020470917689,2020,470917689,1,9,0,6,6,8,8,0,0,2,0,0,0,0,1,1,6,6,1,53,8,1968,2,7,VOLKSWAGEN GOLF,7,E01002860,0,-1
2020350992519,2020,350992519,1,9,0,18,19,1,5,0,0,0,0,0,0,0,1,1,6,6,1,20,4,1598,2,5,VOLKSWAGEN GOLF,1,E01015616,0,-1
2020010260788,2020,010260788,2,9,0,99,99,9,9,99,99,9,9,99,9,99,0,9,6,6,3,-1,-1,1197,1,9,VOLKSWAGEN GOLF,-1,-1,0,-1
2020522101353,2020,522101353,2,9,0,5,5,7,3,0,0,0,0,0,0,0,1,1,6,6,2,38,7,1395,1,8,VOLKSWAGEN GOLF,2,E01014661,0,-1
2020500968339,2020,500968339,2,9,0,18,19,7,3,0,0,0,0,0,0,0,1,1,6,6,1,51,8,1896,2,11,VOLKSWAGEN GOLF,7,E01020298,0,-1
2020990982480,2020,990982480,1,9,0,5,5,8,5,0,0,1,0,0,0,0,1,1,5,6,1,39,7,1390,1,11,VOLKSWAGEN GOLF,1,-1,0,-1
2020010271602,2020,010271602,1,9,0,4,4,1,5,0,0,1,0,0,3,0,1,1,2,2,1,33,6,1395,1,4,VOLKSWAGEN GOLF,5,E01000142,0,-1
2020470941493,2020,470941493,1,9,0,9,9,4,2,0,0,8,0,0,0,0,1,1,4,7,1,17,4,1395,1,6,VOLKSWAGEN GOLF,10,E01030874,0,-1
2020360983106,2020,360983106,3,9,0,18,19,3,5,0,0,0,0,0,0,0,4,1,5,6,2,64,9,1598,2,10,VOLKSWAGEN GOLF,7,E01026903,0,-1
2020450980288,2020,450980288,1,9,0,5,5,7,4,0,0,4,0,0,1,0,1,1,5,6,1,35,6,1395,1,2,VOLKSWAGEN GOLF,3,E01004182,0,-1
2020470977238,2020,470977238,1,9,0,9,9,1,6,0,0,3,0,0,0,0,1,1,5,6,1,28,6,1900,2,20,VOLKSWAGEN GOLF,6,E01031452,0,-1
2020350923692,2020,350923692,2,9,0,18,19,8,4,0,0,0,1,0,1,9,4,1,1,1,2,27,6,999,1,2,VOLKSWAGEN GOLF,10,E01025893,0,-1
2020420962116,2020,420962116,1,9,0,9,9,7,5,0,0,5,0,0,0,0,3,1,5,6,1,21,5,1984,1,12,VOLKSWAGEN GOLF,8,E01021731,0,-1
2020302000962,2020,302000962,1,9,0,18,19,1,8,7,6,0,0,0,1,0,1,1,6,6,1,33,6,1984,1,12,VOLKSWAGEN GOLF,7,E01011719,0,-1
20201377E1700,2020,1377E1700,1,9,0,4,4,5,1,0,0,1,0,0,0,0,3,2,6,6,1,21,5,1984,1,3,VOLKSWAGEN GOLF,5,E01011158,0,-1
2020010234477,2020,010234477,2,9,0,99,99,9,9,99,99,9,9,99,9,99,1,9,6,6,3,59,9,1598,2,10,VOLKSWAGEN GOLF,5,E01002815,0,-1
2020360999333,2020,360999333,1,9,0,18,19,7,3,0,0,0,0,0,0,0,3,1,2,2,1,44,7,1598,1,19,VOLKSWAGEN GOLF,6,E01026441,0,-1
2020010248861,2020,010248861,2,9,0,18,19,3,7,0,0,1,0,0,0,0,1,1,6,6,2,22,5,1395,1,2,VOLKSWAGEN GOLF,6,E01002933,0,-1
2020320543418,2020,320543418,1,9,0,9,9,3,5,0,0,1,0,0,0,0,1,1,3,7,2,40,7,1968,2,10,VOLKSWAGEN GOLF,7,E01032989,0,-1
2020122100076,2020,122100076,1,9,0,9,9,1,7,0,0,1,0,0,0,0,1,1,6,6,1,23,5,1598,2,5,VOLKSWAGEN GOLF,6,E01027881,0,-1
2020010248903,2020,010248903,2,9,0,9,9,5,3,0,0,8,9,0,0,99,4,9,6,6,1,20,4,1598,2,7,VOLKSWAGEN GOLF,5,E01003495,0,-1
2020370989897,2020,370989897,2,9,0,18,19,7,3,0,0,1,0,0,0,0,3,1,5,6,2,19,4,1900,2,16,VOLKSWAGEN GOLF,4,E01030295,0,-1
2020990963688,2020,990963688,1,9,0,5,5,7,4,0,0,4,0,0,0,0,1,1,6,6,2,22,5,1390,1,9,VOLKSWAGEN GOLF,7,-1,0,-1
2020201001054,2020,201001054,1,9,0,18,19,4,8,0,0,0,0,0,0,0,1,1,6,6,1,-1,-1,1900,2,13,VOLKSWAGEN GOLF,-1,-1,0,-1
2020411000698,2020,411000698,2,9,0,17,19,4,1,0,0,0,0,0,0,0,1,1,1,1,2,21,5,1498,1,1,VOLKSWAGEN GOLF,10,E01023501,0,-1
202006K274756,2020,06K274756,1,9,0,9,9,1,7,0,0,8,0,0,0,0,1,1,6,6,2,33,6,1498,1,0,VOLKSWAGEN GOLF,3,E01004932,0,-1
2020010240334,2020,010240334,1,9,0,14,14,3,7,0,0,0,0,0,7,0,1,1,6,6,1,23,5,1984,1,2,VOLKSWAGEN GOLF,9,E01000452,0,-1
2020340N04762,2020,340N04762,1,9,0,5,5,3,7,0,0,8,0,0,0,0,1,1,6,6,1,29,6,1968,2,7,VOLKSWAGEN GOLF,-1,-1,0,-1
2020470931784,2020,470931784,2,9,0,18,19,2,6,0,0,1,0,0,0,0,1,1,6,6,2,51,8,1968,2,8,VOLKSWAGEN GOLF,6,E01021186,0,-1
2020137321310,2020,137321310,1,9,0,18,19,4,8,0,0,0,0,0,0,0,1,1,2,2,1,31,6,1598,2,3,VOLKSWAGEN GOLF,1,E01011346,0,-1
2020552001145,2020,552001145,1,9,0,9,9,2,8,0,0,5,0,0,0,0,1,1,6,6,1,57,9,1390,1,8,VOLKSWAGEN GOLF,3,E01015292,0,-1
2020340N01582,2020,340N01582,1,9,0,15,15,7,3,0,0,8,0,0,0,0,3,1,6,6,2,-1,-1,1197,1,8,VOLKSWAGEN GOLF,-1,-1,0,-1
2020450915424,2020,450915424,2,9,0,5,5,1,5,0,0,1,0,0,0,0,0,1,6,6,1,33,6,1600,2,10,VOLKSWAGEN GOLF,4,E01030702,0,-1
2020200935063,2020,200935063,1,9,0,5,5,4,8,0,0,6,0,10,7,11,4,1,6,6,1,25,5,1900,2,14,VOLKSWAGEN GOLF,2,E01009412,0,-1
2020010277177,2020,010277177,2,9,0,99,99,9,9,99,99,9,9,99,9,99,9,9,6,6,3,-1,-1,1390,1,16,VOLKSWAGEN GOLF,4,E01033572,0,-1
2020400992166,2020,400992166,2,9,0,18,19,6,1,0,0,0,0,10,2,0,-1,1,6,6,1,41,7,1968,2,4,VOLKSWAGEN GOLF,8,E01015707,0,-1
2020140941986,2020,140941986,1,9,0,18,19,1,5,9,9,0,0,10,1,2,1,1,6,6,1,39,7,1984,1,13,VOLKSWAGEN GOLF,-1,-1,0,-1
2020137560523,2020,137560523,2,9,0,4,4,1,5,0,0,0,0,0,0,0,2,1,6,6,1,61,9,1498,1,3,VOLKSWAGEN GOLF,8,E01010937,0,-1
2020450956507,2020,450956507,3,9,0,3,3,3,7,0,0,8,0,0,0,0,2,1,6,6,2,25,5,1395,1,3,VOLKSWAGEN GOLF,3,E01016389,0,-1
2020350950573,2020,350950573,1,9,0,18,19,1,5,0,0,0,0,0,0,0,1,1,2,2,1,21,5,1390,1,19,VOLKSWAGEN GOLF,6,E01018106,0,-1
2020522100278,2020,522100278,1,9,0,-1,-1,-1,-1,0,0,2,0,0,0,0,1,1,6,6,1,52,8,1968,2,7,VOLKSWAGEN GOLF,9,E01014382,0,-1
2020200949727,2020,200949727,2,9,0,2,2,0,0,0,0,0,0,10,1,0,2,1,6,6,1,35,6,1968,2,13,VOLKSWAGEN GOLF,5,E01031078,0,-1
2020200983645,2020,200983645,2,9,0,18,19,8,4,0,0,8,0,0,0,0,3,1,6,6,1,25,5,1968,2,6,VOLKSWAGEN GOLF,4,E01032343,0,-1
2020010263829,2020,010263829,1,9,0,1,1,3,7,0,0,0,0,0,0,0,2,1,6,6,3,-1,-1,1498,1,0,VOLKSWAGEN GOLF,-1,-1,0,-1
2020122000613,2020,122000613,1,9,0,17,19,8,3,0,0,0,1,0,1,11,1,1,6,6,1,23,5,1984,1,6,VOLKSWAGEN GOLF,5,-1,0,-1
202031C064220,2020,31C064220,1,9,0,7,7,3,6,0,0,1,1,0,0,0,1,1,6,6,1,32,6,1984,1,4,VOLKSWAGEN GOLF,1,E01013954,0,-1
2020990915361,2020,990915361,1,9,0,18,19,3,7,0,0,1,0,0,0,0,1,1,5,6,1,19,4,1968,2,11,VOLKSWAGEN GOLF,6,-1,0,-1
202006P174311,2020,06P174311,1,9,0,7,7,1,3,0,0,8,0,0,0,0,4,1,6,6,1,30,6,1598,2,7,VOLKSWAGEN GOLF,3,E01005495,0,-1
2020010237248,2020,010237248,2,9,0,3,3,3,7,0,0,1,0,0,0,0,1,1,6,6,2,73,10,1598,2,6,VOLKSWAGEN GOLF,10,E01003474,0,-1
2020460973654,2020,460973654,1,9,0,15,15,3,7,0,0,1,0,0,0,0,1,1,6,6,1,34,6,1896,2,17,VOLKSWAGEN GOLF,4,E01024382,0,-1
2020990986632,2020,990986632,1,9,0,17,19,6,3,0,0,0,2,0,7,9,1,1,5,6,1,20,4,1896,2,17,VOLKSWAGEN GOLF,6,-1,0,-1
2020140925986,2020,140925986,2,9,0,9,9,4,2,0,0,8,0,0,0,0,1,1,5,6,1,39,7,2000,2,15,VOLKSWAGEN GOLF,10,E01007928,0,-1
2020122000348,2020,122000348,1,9,0,16,19,5,8,0,0,0,0,0,1,4,0,1,1,1,1,57,9,1598,2,3,VOLKSWAGEN GOLF,6,E01032499,0,-1
2020110948162,2020,110948162,1,9,0,18,19,4,7,0,0,1,5,7,0,0,1,1,5,6,2,56,9,1598,1,12,VOLKSWAGEN GOLF,2,E01020771,0,-1
2020010233994,2020,010233994,2,9,0,18,19,1,5,0,0,0,0,0,0,0,1,1,6,6,1,22,5,1390,1,12,VOLKSWAGEN GOLF,4,E01001187,0,-1
2020351020371,2020,351020371,1,9,0,5,5,1,5,0,0,0,0,0,0,0,1,1,6,6,2,43,7,1900,2,14,VOLKSWAGEN GOLF,3,E01015615,0,-1
2020070137226,2020,070137226,1,9,0,5,5,7,1,0,0,6,0,0,0,0,3,1,1,1,1,30,6,1598,2,9,VOLKSWAGEN GOLF,2,E01012457,0,-1
2020122001172,2020,122001172,1,9,0,16,19,1,5,0,0,0,0,0,0,0,1,1,6,6,1,64,9,1197,1,9,VOLKSWAGEN GOLF,3,E01013416,0,-1
2020010260926,2020,010260926,1,9,0,18,19,5,1,0,0,1,0,0,0,0,1,1,6,6,1,-1,-1,1598,2,4,VOLKSWAGEN GOLF,3,E01001547,0,-1
2020010271402,2020,010271402,2,9,0,99,99,9,9,99,99,9,9,99,9,99,1,9,6,6,3,-1,-1,1598,1,15,VOLKSWAGEN GOLF,-1,-1,0,-1
2020010282001,2020,010282001,1,9,9,6,6,1,1,0,0,1,9,99,9,99,9,9,6,6,1,-1,-1,1968,2,7,VOLKSWAGEN GOLF,-1,-1,0,-1
2020010235686,2020,010235686,2,9,0,18,19,5,1,0,0,4,0,0,0,0,4,1,1,1,2,62,9,1498,1,2,VOLKSWAGEN GOLF,8,E01003909,0,-1
2020200962359,2020,200962359,2,9,0,18,19,2,6,0,0,0,0,0,0,0,4,1,2,2,1,46,8,1390,1,17,VOLKSWAGEN GOLF,1,E01009611,0,-1
2020010276652,2020,010276652,2,9,0,18,19,5,1,0,0,0,0,0,0,0,1,1,6,6,3,-1,-1,1598,2,4,VOLKSWAGEN GOLF,-1,-1,0,-1
2020010253012,2020,010253012,1,9,0,9,9,3,1,4,4,6,0,0,0,0,3,1,6,6,3,-1,-1,1984,1,1,VOLKSWAGEN GOLF,-1,-1,0,-1
2020010233305,2020,010233305,3,9,0,3,3,5,1,0,0,2,0,0,0,0,0,1,6,6,1,42,7,1598,2,7,VOLKSWAGEN GOLF,-1,-1,0,-1
2020110920735,2020,110920735,1,9,0,18,19,3,7,0,0,0,0,0,0,0,1,1,5,6,1,32,6,1896,2,19,VOLKSWAGEN GOLF,2,E01020763,0,-1
2020530922948,2020,530922948,2,9,0,4,4,7,3,0,0,0,0,0,1,0,1,1,6,6,2,44,7,-1,3,1,VOLKSWAGEN GOLF,8,E01022437,0,-1
2020070717685,2020,070717685,1,9,0,5,5,1,5,0,0,2,0,0,0,0,3,1,6,6,1,49,8,1395,8,3,VOLKSWAGEN GOLF,8,E01018707,0,-1
2020210983950,2020,210983950,2,9,0,4,4,2,6,0,0,1,0,0,0,0,2,1,6,6,1,25,5,1598,2,6,VOLKSWAGEN GOLF,2,E01029350,0,-1
2020990938972,2020,990938972,1,9,0,5,5,7,2,0,0,1,0,0,0,0,4,1,5,6,1,48,8,1968,2,4,VOLKSWAGEN GOLF,8,-1,0,-1
20201376Q1807,2020,1376Q1807,3,9,0,3,3,2,6,0,0,8,0,0,0,0,2,1,6,6,2,23,5,1600,2,10,VOLKSWAGEN GOLF,8,E01011687,0,-1
2020522000158,2020,522000158,1,9,0,5,5,8,6,0,0,5,0,0,0,0,1,1,6,6,2,41,7,1968,2,7,VOLKSWAGEN GOLF,4,E01014699,0,-1
2020552000201,2020,552000201,3,9,0,17,19,1,5,0,0,0,0,0,0,0,1,1,6,6,2,34,6,1968,2,13,VOLKSWAGEN GOLF,5,E01020536,0,-1
2020530969516,2020,530969516,1,9,0,18,19,7,4,0,0,8,0,0,0,0,1,1,6,6,1,45,7,1968,2,9,VOLKSWAGEN GOLF,9,E01032183,0,-1
2020010237846,2020,010237846,1,9,0,5,5,1,5,0,0,8,0,0,0,0,1,1,2,2,1,28,6,1968,2,2,VOLKSWAGEN GOLF,9,E01016691,0,-1
2020040983839,2020,040983839,1,9,0,18,19,2,6,0,0,0,0,0,0,0,1,1,5,6,1,78,11,1390,1,8,VOLKSWAGEN GOLF,9,E01025106,0,-1
202006A368252,2020,06A368252,1,9,0,9,9,5,3,0,0,8,0,0,0,0,1,1,6,6,1,41,7,1390,1,12,VOLKSWAGEN GOLF,1,E01005213,0,-1
2020010244952,2020,010244952,1,9,0,6,6,5,5,0,0,0,0,0,0,0,2,1,6,6,1,30,6,1968,2,7,VOLKSWAGEN GOLF,4,E01001260,0,-1
2020430070245,2020,430070245,2,9,0,18,19,1,6,0,0,2,0,0,0,0,1,1,6,6,2,41,7,1598,2,9,VOLKSWAGEN GOLF,8,E01028431,0,-1
2020221010518,2020,221010518,1,9,0,18,19,6,2,0,0,0,0,0,0,0,1,1,6,6,1,21,5,1968,2,13,VOLKSWAGEN GOLF,5,E01014001,0,-1
2020100958500,2020,100958500,1,9,0,18,19,1,5,0,0,4,0,0,0,0,1,1,5,6,1,41,7,1395,1,4,VOLKSWAGEN GOLF,4,E01008255,0,-1
2020522003616,2020,522003616,1,9,0,18,19,4,8,0,0,1,0,0,0,0,4,1,6,6,1,57,9,1984,1,4,VOLKSWAGEN GOLF,9,W01001588,0,-1
2020430256089,2020,430256089,2,9,0,4,4,3,7,0,0,1,0,0,0,0,1,1,6,6,1,71,10,1598,2,11,VOLKSWAGEN GOLF,10,E01022138,0,-1
2020010278979,2020,010278979,2,9,0,99,99,9,9,99,99,9,9,99,9,99,1,9,6,6,3,-1,-1,1197,1,10,VOLKSWAGEN GOLF,-1,-1,0,-1
2020010257301,2020,010257301,1,9,0,7,7,5,8,0,0,8,0,0,0,0,1,1,6,6,1,23,5,1395,1,3,VOLKSWAGEN GOLF,2,E01001827,0,-1
2020010279005,2020,010279005,2,9,0,18,19,3,7,0,0,1,0,0,0,0,1,1,6,6,1,20,4,1390,1,11,VOLKSWAGEN GOLF,4,E01000134,0,-1
2020501002618,2020,501002618,2,9,0,4,4,6,2,0,0,0,0,0,1,0,2,1,5,6,1,43,7,1900,2,14,VOLKSWAGEN GOLF,1,E01015048,0,-1
2020552000505,2020,552000505,2,9,0,4,4,7,3,0,0,1,0,0,0,0,2,1,6,6,1,31,6,2000,1,16,VOLKSWAGEN GOLF,-1,-1,0,-1
2020140925287,2020,140925287,2,9,0,18,19,5,1,0,0,8,0,0,0,0,1,1,6,6,1,27,6,1968,2,6,VOLKSWAGEN GOLF,5,E01019780,0,-1
2020230944082,2020,230944082,3,9,0,4,4,6,2,0,0,0,0,0,0,0,2,1,5,6,1,53,8,1984,1,13,VOLKSWAGEN GOLF,10,E01031275,0,-1
2020170H10140,2020,170H10140,1,9,0,9,9,3,1,0,0,8,0,0,0,0,4,1,6,6,1,50,8,1598,2,9,VOLKSWAGEN GOLF,4,E01012002,0,-1
2020220926043,2020,220926043,3,9,0,4,4,5,1,0,0,1,0,0,0,0,0,1,6,6,1,37,7,1598,2,5,VOLKSWAGEN GOLF,8,E01014040,0,-1
2020360966500,2020,360966500,2,9,0,2,2,0,0,0,0,0,0,0,0,0,2,1,5,6,1,58,9,1598,2,7,VOLKSWAGEN GOLF,7,E01011183,0,-1
2020010241881,2020,010241881,2,9,0,4,4,7,3,0,0,1,0,0,0,0,1,1,6,6,1,39,7,1390,1,14,VOLKSWAGEN GOLF,4,E01004418,0,-1
2020440018423,2020,440018423,3,9,0,18,19,0,0,0,0,0,0,0,0,0,1,1,6,6,3,-1,-1,1197,1,7,VOLKSWAGEN GOLF,-1,-1,0,-1
2020052002461,2020,052002461,1,9,0,18,19,3,7,0,0,0,0,0,0,0,1,1,6,6,1,39,7,2000,2,15,VOLKSWAGEN GOLF,2,E01006910,0,-1
2020360995865,2020,360995865,2,9,0,7,7,4,6,0,0,1,5,0,0,0,2,1,5,6,2,26,6,1395,1,6,VOLKSWAGEN GOLF,9,E01027792,0,-1
2020990928785,2020,990928785,2,9,0,18,19,7,2,0,0,1,0,0,1,0,1,1,6,6,1,68,10,999,1,2,VOLKSWAGEN GOLF,7,-1,0,-1
2020010265813,2020,010265813,2,9,0,9,9,7,4,0,0,5,0,0,0,0,4,1,6,6,1,28,6,1600,1,16,VOLKSWAGEN GOLF,5,E01001407,0,-1
2020010265735,2020,010265735,1,9,0,5,5,3,7,0,0,8,0,0,0,0,1,1,6,6,3,-1,-1,1390,1,11,VOLKSWAGEN GOLF,-1,-1,0,-1
2020461017652,2020,461017652,3,9,0,4,4,3,7,0,0,0,0,0,0,0,2,1,5,6,2,19,4,1598,2,5,VOLKSWAGEN GOLF,6,E01032814,0,-1
2020361008856,2020,361008856,1,9,0,2,2,0,0,0,0,0,0,0,0,0,3,1,5,6,2,53,8,999,1,3,VOLKSWAGEN GOLF,2,E01026803,0,-1
2020411009407,2020,411009407,2,9,0,13,13,7,3,0,0,0,0,11,0,0,4,1,1,1,2,40,7,1390,1,11,VOLKSWAGEN GOLF,9,E01023950,0,-1
2020410976099,2020,410976099,1,9,0,18,19,3,7,0,0,0,0,0,0,0,3,1,6,6,2,46,8,1598,1,20,VOLKSWAGEN GOLF,5,E01027775,0,-1
2020410982253,2020,410982253,1,9,0,18,19,7,3,0,0,0,0,4,0,0,1,1,6,6,2,57,9,1395,1,6,VOLKSWAGEN GOLF,8,E01023312,0,-1
2020010265664,2020,010265664,1,9,0,18,19,1,5,0,0,2,5,10,0,0,1,1,6,6,1,24,5,1395,1,3,VOLKSWAGEN GOLF,-1,-1,0,-1
2020451009609,2020,451009609,1,9,0,18,19,1,5,0,0,0,0,0,0,0,2,1,6,6,2,36,7,1390,1,19,VOLKSWAGEN GOLF,10,E01030670,0,-1
2020140985422,2020,140985422,1,9,0,9,9,1,1,0,0,1,0,0,0,0,1,1,1,1,1,24,5,2000,2,14,VOLKSWAGEN GOLF,4,E01007728,0,-1
2020430234117,2020,430234117,3,9,0,2,2,0,0,0,0,0,0,0,0,0,3,1,6,6,2,39,7,1598,1,12,VOLKSWAGEN GOLF,10,E01016665,0,-1
2020010241220,2020,010241220,1,9,0,5,5,7,3,0,0,1,0,0,0,0,1,1,6,6,2,27,6,1598,2,8,VOLKSWAGEN GOLF,4,E01002511,0,-1
2020010231485,2020,010231485,2,9,0,18,19,5,1,0,0,0,0,0,0,0,3,1,6,6,1,18,4,1896,2,13,VOLKSWAGEN GOLF,1,E01002782,0,-1
2020010268600,2020,010268600,1,9,0,18,19,1,5,0,0,0,0,0,0,0,1,1,6,6,1,28,6,1395,1,3,VOLKSWAGEN GOLF,4,E01002549,0,-1
20201377G0583,2020,1377G0583,1,9,0,7,7,5,1,0,0,1,0,0,0,0,3,1,6,6,1,42,7,1984,1,3,VOLKSWAGEN GOLF,9,E01010971,0,-1