collision_index,collision_year,collision_ref_no,vehicle_reference,vehicle_type,towing_and_articulation,vehicle_manoeuvre_historic,vehicle_manoeuvre,vehicle_direction_from,vehicle_direction_to,vehicle_location_restricted_lane_historic,vehicle_location_restricted_lane,junction_location,skidding_and_overturning,hit_object_in_carriageway,vehicle_leaving_carriageway,hit_object_off_carriageway,first_point_of_impact,vehicle_left_hand_drive,journey_purpose_of_driver_historic,journey_purpose_of_driver,sex_of_driver,age_of_driver,age_band_of_driver,engine_capacity_cc,propulsion_code,age_of_vehicle,generic_make_model,driver_imd_decile,lsoa_of_driver,escooter_flag,driver_distance_banding
202006K273627,2020,06K273627,2,9,0,18,19,2,6,0,0,8,0,0,0,0,3,1,6,6,1,20,4,1598,2,9,VOLKSWAGEN GOLF,1,E01004877,0,-1
2020410944555,2020,410944555,2,9,0,18,19,4,8,0,0,1,0,0,0,0,1,1,5,6,2,18,4,1598,2,7,VOLKSWAGEN GOLF,10,E01023368,0,-1
2020500977656,2020,500977656,1,9,0,17,19,4,8,0,0,0,0,0,0,0,1,1,5,6,2,48,8,1968,2,0,VOLKSWAGEN GOLF,5,E01018947,0,-1
2020522003703,2020,522003703,1,9,0,18,19,7,4,0,0,0,0,0,0,0,1,1,6,6,1,33,6,1900,2,16,VOLKSWAGEN GOLF,-1,-1,0,-1
2020450933937,2020,450933937,2,9,0,18,19,5,1,0,0,8,0,0,0,0,1,1,5,6,2,30,6,2000,1,13,VOLKSWAGEN GOLF,10,E01030820,0,-1
2020040993226,2020,040993226,1,9,0,9,9,1,7,0,0,0,0,0,0,0,1,1,5,6,1,36,7,1598,2,9,VOLKSWAGEN GOLF,6,E01025145,0,-1
2020440024137,2020,440024137,1,9,0,9,9,5,3,0,0,8,0,0,0,0,1,1,6,6,2,55,8,1598,2,9,VOLKSWAGEN GOLF,4,E01023261,0,-1
2020451004261,2020,451004261,6,9,0,18,19,1,5,0,0,0,5,0,0,0,2,1,2,2,1,66,10,1197,1,7,VOLKSWAGEN GOLF,8,E01004158,0,-1
2020010232491,2020,010232491,1,9,0,9,9,5,4,0,0,5,0,0,0,0,1,1,6,6,1,62,9,1395,1,7,VOLKSWAGEN GOLF,8,E01004593,0,-1
2020201000617,2020,201000617,2,9,0,18,19,1,5,0,0,1,0,0,0,0,1,1,6,6,1,28,6,1896,2,18,VOLKSWAGEN GOLF,1,E01009581,0,-1
2020370950971,2020,370950971,2,9,0,2,2,-1,-1,0,0,0,0,0,0,0,1,1,5,6,1,-1,-1,1598,2,6,VOLKSWAGEN GOLF,6,E01029925,0,-1
2020040928848,2020,040928848,2,9,0,18,19,1,5,0,0,0,0,0,0,0,3,1,2,2,1,35,6,1598,2,6,VOLKSWAGEN GOLF,1,E01025297,0,-1
2020200948688,2020,200948688,2,9,0,18,19,7,3,0,0,8,0,7,0,0,1,1,6,6,1,52,8,1900,2,15,VOLKSWAGEN GOLF,10,E01010181,0,-1
2020220997443,2020,220997443,1,9,0,18,19,8,4,0,0,8,0,0,0,0,1,1,5,6,1,23,5,1390,1,19,VOLKSWAGEN GOLF,6,E01032288,0,-1
2020010229404,2020,010229404,1,9,0,99,99,9,9,0,0,9,9,99,9,99,2,9,6,6,2,33,6,1598,2,9,VOLKSWAGEN GOLF,3,E01000644,0,-1
2020520005095,2020,520005095,2,9,0,16,19,2,6,0,0,1,0,0,0,0,1,1,6,6,1,65,9,1598,2,7,VOLKSWAGEN GOLF,5,E01029327,0,-1
2020010242765,2020,010242765,1,9,0,9,9,5,3,0,0,8,0,0,0,0,4,1,6,6,1,39,7,1968,2,14,VOLKSWAGEN GOLF,4,E01002650,0,-1
2020201025959,2020,201025959,3,9,0,2,2,0,0,0,0,1,0,0,0,0,4,1,6,6,1,38,7,1390,1,13,VOLKSWAGEN GOLF,1,E01009056,0,-1
2020030948565,2020,030948565,2,9,0,2,2,0,0,0,0,0,0,0,0,0,1,1,6,6,1,51,8,1968,2,3,VOLKSWAGEN GOLF,5,E01019233,0,-1
2020140988811,2020,140988811,2,9,0,18,19,2,7,0,0,4,0,9,7,10,1,1,6,6,1,45,7,2000,1,14,VOLKSWAGEN GOLF,2,E01007448,0,-1
2020302000692,2020,302000692,1,9,0,5,5,0,0,9,9,0,0,0,0,0,4,1,2,2,1,31,6,1968,2,4,VOLKSWAGEN GOLF,2,E01008341,0,-1
2020140965103,2020,140965103,1,9,0,18,19,4,8,0,0,4,0,0,0,0,2,1,2,2,1,52,8,1395,1,5,VOLKSWAGEN GOLF,7,E01007400,0,-1
2020010277700,2020,010277700,2,9,0,18,19,3,7,0,0,0,0,0,0,0,1,1,6,6,3,-1,-1,1984,1,6,VOLKSWAGEN GOLF,-1,-1,0,-1
2020052002344,2020,052002344,2,9,0,18,19,6,2,0,0,8,0,0,0,0,1,1,6,6,1,69,10,1498,1,2,VOLKSWAGEN GOLF,2,E01032511,0,-1
2020010276149,2020,010276149,2,9,0,18,19,7,3,0,0,0,0,0,0,0,1,1,6,6,1,30,6,2000,2,16,VOLKSWAGEN GOLF,-1,-1,0,-1
2020332000157,2020,332000157,1,9,0,18,19,2,6,0,0,0,0,0,0,0,1,1,1,1,2,40,7,1968,2,13,VOLKSWAGEN GOLF,-1,-1,0,-1
2020100955800,2020,100955800,2,9,0,10,10,3,1,0,0,1,0,0,0,0,4,1,5,6,2,28,6,1968,2,8,VOLKSWAGEN GOLF,3,E01008163,0,-1
2020990976276,2020,990976276,2,9,0,9,9,8,7,0,0,6,0,0,1,9,3,1,6,6,1,24,5,1984,1,13,VOLKSWAGEN GOLF,9,-1,0,-1
2020411000827,2020,411000827,3,9,0,17,19,8,4,0,0,0,1,12,1,11,1,1,5,6,1,28,6,1984,1,3,VOLKSWAGEN GOLF,4,E01015750,0,-1
2020137720358,2020,137720358,3,9,0,18,19,8,4,0,0,1,0,0,0,0,1,1,6,6,1,73,10,1395,1,4,VOLKSWAGEN GOLF,5,E01011202,0,-1
2020420932834,2020,420932834,2,9,0,18,19,1,5,0,0,0,0,0,0,0,1,1,5,6,1,79,11,1498,1,0,VOLKSWAGEN GOLF,9,E01021963,0,-1
2020401011171,2020,401011171,1,9,0,7,7,1,5,0,0,1,1,0,1,0,4,1,6,6,1,29,6,1896,2,12,VOLKSWAGEN GOLF,2,E01015726,0,-1
2020200970253,2020,200970253,1,9,0,14,14,8,4,0,0,1,0,0,0,0,4,1,6,6,1,18,4,1395,1,3,VOLKSWAGEN GOLF,1,E01008910,0,-1
2020440057862,2020,440057862,2,9,0,18,19,8,4,0,0,0,0,0,0,0,4,1,6,6,1,29,6,1968,2,7,VOLKSWAGEN GOLF,6,E01019058,0,-1
20201372P0106,2020,1372P0106,1,9,0,18,19,4,8,0,0,1,0,0,3,2,1,1,6,6,1,43,7,1968,2,6,VOLKSWAGEN GOLF,8,E01011102,0,-1
2020420952255,2020,420952255,2,9,0,18,19,5,1,0,0,8,0,0,0,0,3,1,6,6,1,29,6,1984,1,6,VOLKSWAGEN GOLF,2,E01021319,0,-1
2020400988137,2020,400988137,1,9,0,9,9,5,3,0,0,3,0,0,0,0,1,1,6,6,1,37,7,1984,1,2,VOLKSWAGEN GOLF,6,E01017622,0,-1
2020221004125,2020,221004125,1,9,0,18,19,1,5,0,0,0,1,0,0,0,1,1,5,6,2,41,7,2000,2,12,VOLKSWAGEN GOLF,7,E01028956,0,-1
2020460948798,2020,460948798,3,9,0,2,2,0,0,0,0,0,0,0,0,0,2,1,5,6,1,32,6,1390,1,18,VOLKSWAGEN GOLF,8,E01024328,0,-1
2020500950340,2020,500950340,1,9,0,18,19,2,6,0,0,8,0,0,0,0,1,1,6,6,2,23,5,1600,1,16,VOLKSWAGEN GOLF,3,E01018769,0,-1
2020460949044,2020,460949044,2,9,0,18,19,1,5,0,0,1,0,0,1,0,3,1,2,2,2,61,9,1600,1,16,VOLKSWAGEN GOLF,7,E01024433,0,-1
2020430280944,2020,430280944,2,9,0,9,9,6,4,0,0,6,0,0,0,0,1,1,6,6,1,-1,-1,1968,2,5,VOLKSWAGEN GOLF,-1,-1,0,-1
2020137630939,2020,137630939,1,9,0,18,19,5,1,0,0,0,0,0,0,0,1,1,6,6,1,38,7,1968,2,6,VOLKSWAGEN GOLF,1,E01011427,0,-1
2020522100997,2020,522100997,2,9,0,3,3,1,5,0,0,8,0,0,0,0,2,1,6,6,1,47,8,1968,2,2,VOLKSWAGEN GOLF,10,E01014912,0,-1
2020990932627,2020,990932627,1,9,0,18,19,7,3,0,0,0,0,0,0,0,1,1,5,6,1,33,6,1598,2,5,VOLKSWAGEN GOLF,1,E01011103,0,-1
2020990995216,2020,990995216,1,9,0,18,19,7,3,0,0,0,0,0,0,0,1,1,5,6,1,21,5,1395,1,3,VOLKSWAGEN GOLF,7,-1,0,-1
2020160924544,2020,160924544,2,9,0,4,4,2,6,0,0,8,0,0,0,0,1,1,6,6,2,-1,-1,1896,2,15,VOLKSWAGEN GOLF,2,E01013202,0,-1
2020470916006,2020,470916006,2,9,0,18,19,2,6,0,0,8,0,0,0,0,3,1,6,6,1,30,6,1968,2,13,VOLKSWAGEN GOLF,5,E01031605,0,-1
2020500930009,2020,500930009,1,9,0,7,7,3,6,0,0,5,0,0,7,1,1,1,5,6,1,73,10,1598,2,5,VOLKSWAGEN GOLF,7,E01020268,0,-1
2020440367050,2020,440367050,1,9,0,18,19,5,1,0,0,0,0,0,1,9,1,1,6,6,2,22,5,1390,1,11,VOLKSWAGEN GOLF,8,E01003470,0,-1
202031B064320,2020,31B064320,3,9,0,2,2,0,0,0,0,1,0,0,0,0,2,1,6,6,3,-1,-1,1390,1,13,VOLKSWAGEN GOLF,-1,-1,0,-1
2020410998311,2020,410998311,1,9,0,4,4,1,5,0,0,0,0,0,0,0,1,1,6,6,1,19,4,1598,2,7,VOLKSWAGEN GOLF,10,E01023451,0,-1
2020201022767,2020,201022767,1,9,0,18,19,5,8,0,0,0,0,0,0,0,1,1,6,6,1,52,8,1598,1,18,VOLKSWAGEN GOLF,1,E01010485,0,-1
2020332000118,2020,332000118,2,9,0,18,19,8,4,0,0,0,0,0,0,0,1,1,6,6,1,72,10,1896,2,18,VOLKSWAGEN GOLF,10,E01013793,0,-1
2020320667525,2020,320667525,1,9,0,9,9,4,2,0,0,2,0,0,0,0,4,1,6,6,1,47,8,1968,2,10,VOLKSWAGEN GOLF,-1,-1,0,-1
2020421007015,2020,421007015,1,9,0,18,19,6,2,0,0,0,0,0,0,0,4,1,6,6,1,55,8,1968,2,10,VOLKSWAGEN GOLF,5,E01021800,0,-1
2020430325061,2020,430325061,2,9,0,13,13,5,1,0,0,0,0,0,0,0,1,1,6,6,2,-1,-1,2000,1,13,VOLKSWAGEN GOLF,7,E01016288,0,-1
2020320263723,2020,320263723,1,9,0,18,19,5,1,0,0,0,0,0,3,8,1,1,6,6,1,60,9,1600,1,18,VOLKSWAGEN GOLF,2,E01026011,0,-1
2020137130783,2020,137130783,1,9,0,18,19,3,7,0,0,0,0,4,0,0,1,1,6,6,1,36,7,1968,2,14,VOLKSWAGEN GOLF,2,E01011061,0,-1
2020122100067,2020,122100067,1,9,0,18,19,6,2,0,0,1,0,0,0,0,1,1,6,6,1,27,6,2000,1,15,VOLKSWAGEN GOLF,10,E01013355,0,-1
2020430010097,2020,430010097,1,9,0,18,19,4,8,0,0,0,1,0,0,8,1,1,6,6,1,28,6,1984,1,19,VOLKSWAGEN GOLF,10,E01028615,0,-1
2020420935183,2020,420935183,2,9,0,18,19,1,5,0,0,1,0,0,0,0,1,1,6,6,2,72,10,1800,1,21,VOLKSWAGEN GOLF,10,E01023454,0,-1
2020410928916,2020,410928916,2,9,0,18,19,2,1,0,0,1,1,0,1,0,2,1,1,1,2,37,7,1395,1,4,VOLKSWAGEN GOLF,5,E01023761,0,-1
2020141000743,2020,141000743,4,9,0,4,4,1,5,0,0,0,0,0,0,0,2,1,6,6,2,55,8,1984,1,5,VOLKSWAGEN GOLF,10,E01011535,0,-1
2020622000692,2020,622000692,2,9,0,18,19,3,7,0,0,0,0,0,0,0,4,1,6,6,2,31,6,1498,1,2,VOLKSWAGEN GOLF,1,W01001260,0,-1
202006L278139,2020,06L278139,1,9,0,11,11,3,7,0,0,0,0,0,0,0,3,1,6,6,1,48,8,1968,2,0,VOLKSWAGEN GOLF,2,E01006249,0,-1
2020430084848,2020,430084848,1,9,0,4,4,5,1,0,0,0,0,0,0,0,2,1,2,2,1,23,5,1968,2,8,VOLKSWAGEN GOLF,-1,-1,0,-1
2020170L30590,2020,170L30590,1,9,0,14,14,5,1,0,0,0,0,0,0,0,1,1,6,6,3,33,6,1498,1,0,VOLKSWAGEN GOLF,6,E01033472,0,-1
2020302001720,2020,302001720,1,9,0,18,19,2,6,0,0,0,0,4,0,0,1,1,6,6,1,22,5,1600,2,11,VOLKSWAGEN GOLF,3,E01013457,0,-1
2020141010282,2020,141010282,2,9,0,18,19,5,7,0,0,4,0,0,0,0,3,1,2,2,1,20,4,1900,2,13,VOLKSWAGEN GOLF,6,E01007665,0,-1
2020200942425,2020,200942425,1,9,0,18,19,3,7,0,0,1,0,0,0,0,1,1,6,6,3,-1,-1,1968,2,14,VOLKSWAGEN GOLF,-1,-1,0,-1
2020200960577,2020,200960577,1,9,0,14,14,2,6,0,0,0,0,0,0,0,1,1,6,6,3,-1,-1,1896,2,13,VOLKSWAGEN GOLF,-1,-1,0,-1
2020440425105,2020,440425105,1,9,0,18,19,3,7,0,0,2,0,0,0,0,1,1,6,6,1,33,6,1896,2,14,VOLKSWAGEN GOLF,2,E01032878,0,-1
2020440043669,2020,440043669,1,9,0,9,9,5,3,0,0,8,0,0,2,11,1,1,6,6,1,68,10,1896,2,12,VOLKSWAGEN GOLF,4,E01023153,0,-1
2020010280035,2020,010280035,2,9,0,3,3,6,2,0,0,1,0,0,0,0,2,1,6,6,1,29,6,1598,2,8,VOLKSWAGEN GOLF,6,E01021743,0,-1
2020137CT0076,2020,137CT0076,1,9,0,18,19,1,1,0,0,1,0,0,0,0,4,1,6,6,1,25,5,1598,2,5,VOLKSWAGEN GOLF,4,E01010599,0,-1
2020040932374,2020,040932374,3,9,0,18,19,1,5,0,0,0,0,0,0,0,2,1,6,6,2,42,7,1598,2,10,VOLKSWAGEN GOLF,4,E01024919,0,-1
2020201004583,2020,201004583,1,9,0,18,19,2,6,0,0,0,0,4,0,0,1,1,6,6,1,30,6,1598,2,6,VOLKSWAGEN GOLF,1,E01009259,0,-1
2020010242263,2020,010242263,1,9,0,9,9,7,5,0,0,6,0,0,0,0,2,1,6,6,1,19,4,2324,1,17,VOLKSWAGEN GOLF,5,E01004466,0,-1
2020210993427,2020,210993427,2,9,0,4,4,7,4,0,0,1,0,0,0,0,0,1,6,6,1,62,9,1896,2,12,VOLKSWAGEN GOLF,7,E01029695,0,-1
2020200969959,2020,200969959,1,9,0,18,19,3,7,0,0,8,1,10,1,11,4,1,6,6,1,28,6,1968,2,5,VOLKSWAGEN GOLF,2,E01008958,0,-1
2020010278364,2020,010278364,3,9,0,18,19,5,1,0,0,1,9,0,0,0,1,9,6,6,1,30,6,1984,1,4,VOLKSWAGEN GOLF,3,E01000111,0,-1
2020302000600,2020,302000600,2,9,0,18,19,3,1,0,0,7,0,0,0,0,2,1,6,6,1,50,8,1896,2,17,VOLKSWAGEN GOLF,7,E01013558,0,-1
2020470935752,2020,470935752,2,9,0,4,4,8,4,0,0,1,0,0,0,0,2,1,5,6,2,33,6,1984,1,5,VOLKSWAGEN GOLF,2,E01031456,0,-1
2020520004388,2020,520004388,2,9,0,18,19,7,3,0,0,0,0,0,1,0,1,1,6,6,1,23,5,3200,1,13,VOLKSWAGEN GOLF,4,E01020543,0,-1
2020040939759,2020,040939759,1,9,0,7,7,7,1,0,0,2,0,0,0,0,1,1,6,6,1,67,10,1598,2,9,VOLKSWAGEN GOLF,5,E01020810,0,-1
2020100934063,2020,100934063,1,9,0,18,19,1,5,0,0,0,2,0,7,1,3,1,6,6,1,25,5,2000,2,15,VOLKSWAGEN GOLF,3,E01008406,0,-1
2020220998075,2020,220998075,1,9,0,17,19,6,3,0,0,0,1,0,1,11,1,1,5,6,2,21,5,1498,1,2,VOLKSWAGEN GOLF,3,E01014005,0,-1
2020137520377,2020,137520377,1,9,0,6,6,1,5,0,0,0,0,0,1,5,1,1,6,6,1,37,7,1900,2,14,VOLKSWAGEN GOLF,3,E01032606,0,-1
202063B024020,2020,63B024020,1,9,0,18,19,2,6,0,0,0,5,0,8,10,1,1,6,6,2,23,5,1595,1,21,VOLKSWAGEN GOLF,5,W01000531,0,-1
2020137321519,2020,137321519,1,9,0,18,19,8,6,0,0,3,0,0,0,0,1,1,6,6,1,60,9,1896,2,13,VOLKSWAGEN GOLF,1,E01010627,0,-1
2020160970568,2020,160970568,2,9,0,18,19,2,6,0,0,1,0,0,0,0,1,1,6,6,1,28,6,1400,1,15,VOLKSWAGEN GOLF,1,E01012887,0,-1
2020470961344,2020,470961344,1,9,0,5,5,7,3,0,0,0,0,0,0,0,1,1,5,6,2,51,8,1598,1,20,VOLKSWAGEN GOLF,7,E01031677,0,-1
2020010252112,2020,010252112,3,9,0,4,4,7,3,0,0,0,0,0,0,0,2,1,6,6,1,65,9,1395,1,2,VOLKSWAGEN GOLF,3,E01002085,0,-1
2020420959232,2020,420959232,2,9,0,18,19,1,5,0,0,1,0,0,0,0,4,1,6,6,1,52,8,1968,2,11,VOLKSWAGEN GOLF,6,E01022090,0,-1
2020200953516,2020,200953516,2,9,0,18,19,-1,-1,0,0,8,0,0,0,0,1,1,6,6,3,-1,-1,1968,2,14,VOLKSWAGEN GOLF,-1,-1,0,-1
20201378U1162,2020,1378U1162,1,9,0,18,19,5,1,0,0,0,0,0,0,0,3,1,6,6,3,-1,-1,1984,1,3,VOLKSWAGEN GOLF,-1,-1,0,-1
2020501014112,2020,501014112,2,9,0,18,19,1,5,0,0,0,0,0,0,0,2,1,6,6,2,54,8,1598,2,6,VOLKSWAGEN GOLF,4,E01015173,0,-1
2020010278705,2020,010278705,1,9,0,99,99,9,9,99,99,9,9,99,9,99,9,9,6,6,1,20,4,1598,2,1,VOLKSWAGEN GOLF,2,E01002080,0,-1
2020100988276,2020,100988276,1,9,0,18,19,1,5,0,0,0,0,12,0,0,1,1,6,6,1,40,7,1900,2,15,VOLKSWAGEN GOLF,2,E01012357,0,-1
2020320541737,2020,320541737,2,9,0,18,19,1,5,0,0,8,0,0,0,0,3,1,6,6,2,57,9,1984,1,4,VOLKSWAGEN GOLF,1,E01026010,0,-1
2020010261223,2020,010261223,2,9,0,99,99,9,9,99,99,9,9,99,9,99,1,9,6,6,3,-1,-1,1595,1,11,VOLKSWAGEN GOLF,3,E01017712,0,-1
2020522003738,2020,522003738,2,9,0,2,2,0,0,0,0,0,0,0,0,0,3,1,6,6,1,17,4,999,1,3,VOLKSWAGEN GOLF,10,E01003464,0,-1
2020201002061,2020,201002061,1,9,0,18,19,2,6,0,0,0,0,0,0,0,1,1,2,2,1,46,8,1896,2,18,VOLKSWAGEN GOLF,3,E01010320,0,-1
2020990936663,2020,990936663,1,9,0,18,19,2,7,0,0,0,0,0,0,0,1,1,5,6,1,23,5,1900,2,14,VOLKSWAGEN GOLF,3,-1,0,-1
202006N178513,2020,06N178513,1,9,0,10,10,5,3,0,0,1,0,0,0,0,1,1,6,6,1,29,6,1600,1,16,VOLKSWAGEN GOLF,3,E01005505,0,-1
2020440486301,2020,440486301,1,9,0,4,4,4,8,0,0,0,0,0,0,0,2,1,6,6,1,24,5,1900,2,22,VOLKSWAGEN GOLF,8,E01016286,0,-1
2020440135134,2020,440135134,1,9,0,18,19,3,7,0,0,0,1,0,0,0,1,1,1,1,1,30,6,2000,2,16,VOLKSWAGEN GOLF,10,E01022921,0,-1
2020122000629,2020,122000629,1,9,0,18,19,3,7,0,0,0,0,0,2,4,1,1,6,6,1,21,5,1896,2,18,VOLKSWAGEN GOLF,5,E01027776,0,-1
2020622100168,2020,622100168,1,9,0,17,19,4,8,0,0,2,1,10,1,11,1,1,6,6,1,29,6,2000,1,14,VOLKSWAGEN GOLF,1,W01001694,0,-1
2020200991872,2020,200991872,2,9,0,1,1,-1,-1,9,9,0,0,0,0,0,1,1,6,6,1,-1,-1,1984,1,5,VOLKSWAGEN GOLF,-1,-1,0,-1
202006E273498,2020,06E273498,3,9,0,2,2,0,0,0,0,0,0,0,0,0,1,1,6,6,2,35,6,1598,2,4,VOLKSWAGEN GOLF,4,E01006186,0,-1
20201377H2112,2020,1377H2112,1,9,0,18,19,2,6,0,0,8,0,0,0,0,1,1,6,6,1,25,5,1984,1,5,VOLKSWAGEN GOLF,3,E01011612,0,-1
2020460984130,2020,460984130,1,9,0,18,19,2,6,0,0,0,0,0,1,0,1,1,5,6,3,-1,-1,1984,1,1,VOLKSWAGEN GOLF,-1,-1,0,-1
2020400968517,2020,400968517,1,9,0,18,19,7,1,0,0,1,0,0,0,0,4,1,5,6,1,40,7,2000,2,12,VOLKSWAGEN GOLF,4,E01015711,0,-1
2020200930356,2020,200930356,1,9,0,18,19,-1,-1,0,0,5,0,0,0,0,1,1,6,6,1,-1,-1,1390,1,11,VOLKSWAGEN GOLF,-1,-1,0,-1
2020430323251,2020,430323251,2,9,0,18,19,4,8,0,0,0,0,0,1,0,1,1,6,6,1,30,6,1896,2,12,VOLKSWAGEN GOLF,6,E01031249,0,-1
2020010278374,2020,010278374,2,9,0,9,9,8,5,0,0,1,0,0,0,0,0,1,6,6,1,19,4,2000,2,15,VOLKSWAGEN GOLF,-1,-1,0,-1
2020140951472,2020,140951472,2,9,0,17,19,1,1,0,0,1,0,0,0,0,4,1,5,6,1,62,9,1968,2,10,VOLKSWAGEN GOLF,5,E01007361,0,-1
2020070673769,2020,070673769,2,9,0,18,19,3,7,0,0,0,1,0,1,9,3,1,6,6,1,43,7,1498,1,1,VOLKSWAGEN GOLF,10,E01018607,0,-1
2020461010724,2020,461010724,1,9,0,18,19,5,1,0,0,8,0,0,0,0,1,1,5,6,2,28,6,1598,2,4,VOLKSWAGEN GOLF,4,E01024373,0,-1
2020400932203,2020,400932203,2,9,0,16,19,2,5,0,0,1,0,0,0,0,1,1,5,6,2,62,9,1395,1,2,VOLKSWAGEN GOLF,8,E01017426,0,-1
2020010274703,2020,010274703,1,9,0,18,19,8,4,0,0,0,1,4,0,0,1,1,6,6,1,52,8,1595,1,19,VOLKSWAGEN GOLF,-1,-1,0,-1
2020010232172,2020,010232172,2,9,9,11,11,1,5,0,0,3,9,99,0,0,9,9,6,6,1,-1,-1,1598,2,2,VOLKSWAGEN GOLF,2,E01017115,0,-1
2020460992189,2020,460992189,2,9,0,4,4,7,3,0,0,0,0,0,0,0,1,1,5,6,2,28,6,1390,1,18,VOLKSWAGEN GOLF,7,E01024105,0,-1
2020450964888,2020,450964888,1,9,0,7,7,3,6,0,0,0,0,0,0,0,1,1,5,6,2,20,4,1598,1,17,VOLKSWAGEN GOLF,10,E01030967,0,-1
202006E476582,2020,06E476582,1,9,0,9,9,3,1,0,0,5,0,0,0,1,1,1,6,6,2,32,6,1984,1,10,VOLKSWAGEN GOLF,1,E01005087,0,-1
2020010244111,2020,010244111,1,9,0,18,19,3,7,0,0,2,0,0,0,0,1,1,2,2,2,27,6,1900,2,14,VOLKSWAGEN GOLF,4,E01003758,0,-1
2020400973757,2020,400973757,1,9,0,9,9,2,7,0,0,2,0,0,0,0,1,1,6,6,2,-1,-1,1598,1,14,VOLKSWAGEN GOLF,3,E01015701,0,-1
2020990969459,2020,990969459,2,9,0,18,19,1,5,0,0,0,1,0,0,0,1,1,5,6,1,38,7,1896,2,20,VOLKSWAGEN GOLF,-1,-1,0,-1
2020200985430,2020,200985430,2,9,0,18,19,8,4,0,0,6,0,10,1,10,1,1,6,6,3,-1,-1,2000,2,16,VOLKSWAGEN GOLF,-1,-1,0,-1
2020302000816,2020,302000816,1,9,0,17,19,7,4,0,0,0,0,0,2,4,0,1,6,6,1,25,5,2000,2,15,VOLKSWAGEN GOLF,3,E01025949,0,-1
2020450934327,2020,450934327,1,9,0,13,13,7,3,0,0,0,0,0,0,0,1,1,6,6,1,38,7,1896,2,17,VOLKSWAGEN GOLF,10,E01030948,0,-1
2020040930425,2020,040930425,2,9,0,18,19,1,5,0,0,0,0,0,0,0,2,1,5,6,1,68,10,1968,2,8,VOLKSWAGEN GOLF,6,E01025367,0,-1
2020201007485,2020,201007485,1,9,0,18,19,4,8,0,0,1,0,0,0,0,4,1,6,6,3,-1,-1,1968,2,7,VOLKSWAGEN GOLF,-1,-1,0,-1
2020010246814,2020,010246814,3,9,0,2,2,0,0,0,0,0,0,0,0,0,3,1,6,6,3,-1,-1,1598,1,13,VOLKSWAGEN GOLF,-1,-1,0,-1
2020500993947,2020,500993947,2,9,0,3,3,3,7,0,0,0,0,0,0,0,2,1,1,1,1,58,9,1598,2,1,VOLKSWAGEN GOLF,4,E01020321,0,-1
2020010276392,2020,010276392,2,9,0,2,2,0,0,0,0,0,0,10,0,0,2,1,6,6,3,-1,-1,1390,1,12,VOLKSWAGEN GOLF,-1,-1,0,-1
2020100974970,2020,100974970,1,9,0,1,1,2,6,0,0,0,0,0,0,0,2,1,6,6,1,16,4,1395,1,2,VOLKSWAGEN GOLF,-1,-1,0,-1
2020110933494,2020,110933494,1,9,0,18,19,3,7,0,0,0,0,0,0,0,1,1,5,6,2,45,7,1598,2,10,VOLKSWAGEN GOLF,3,E01020836,0,-1
2020370925175,2020,370925175,1,9,0,13,13,8,5,0,0,0,0,0,0,0,1,1,2,2,2,18,4,1600,2,11,VOLKSWAGEN GOLF,7,E01030228,0,-1
2020010243049,2020,010243049,2,9,0,7,7,3,7,0,0,1,9,0,0,99,4,9,6,6,3,-1,-1,1900,2,14,VOLKSWAGEN GOLF,9,E01033135,0,-1
2020400969866,2020,400969866,1,9,0,18,19,5,5,0,0,1,0,0,0,0,1,1,5,6,1,28,6,1968,2,7,VOLKSWAGEN GOLF,7,E01015800,0,-1
2020302001065,2020,302001065,1,9,0,17,19,8,4,0,0,0,0,0,0,0,1,1,6,6,1,25,5,1968,2,10,VOLKSWAGEN GOLF,3,E01013532,0,-1
2020010246891,2020,010246891,1,9,0,18,19,3,7,0,0,0,0,0,0,0,1,1,6,6,1,-1,-1,1968,2,5,VOLKSWAGEN GOLF,8,E01002193,0,-1
2020547421320,2020,547421320,2,9,0,17,19,2,4,0,0,3,0,0,0,0,1,1,6,6,1,26,6,1968,2,10,VOLKSWAGEN GOLF,8,E01015472,0,-1
2020470952450,2020,470952450,1,9,0,9,9,8,5,0,0,8,0,0,3,0,3,1,5,6,1,35,6,1984,1,17,VOLKSWAGEN GOLF,6,E01021145,0,-1
2020500988666,2020,500988666,1,9,0,1,1,7,5,0,0,0,0,4,1,10,2,1,5,6,1,85,11,1498,1,0,VOLKSWAGEN GOLF,5,E01020093,0,-1
2020420920130,2020,420920130,1,9,0,9,9,2,7,0,0,4,0,0,0,0,1,1,2,2,2,29,6,1598,1,12,VOLKSWAGEN GOLF,2,E01022039,0,-1
202031A133920,2020,31A133920,1,9,0,5,5,5,1,0,0,6,0,0,0,0,1,1,1,1,1,52,8,1598,2,5,VOLKSWAGEN GOLF,9,E01028241,0,-1
2020140952573,2020,140952573,2,9,0,18,19,1,5,0,0,8,0,0,0,0,1,1,6,6,2,40,7,2000,2,14,VOLKSWAGEN GOLF,7,E01007660,0,-1
2020201009582,2020,201009582,1,9,0,5,5,8,4,0,0,6,0,0,0,0,4,1,1,1,1,21,5,1395,1,7,VOLKSWAGEN GOLF,1,E01008906,0,-1
2020010280016,2020,010280016,2,9,0,18,19,5,1,0,0,3,0,0,0,0,1,1,2,2,1,50,8,1598,2,10,VOLKSWAGEN GOLF,4,E01002603,0,-1
2020010261361,2020,010261361,2,9,0,99,99,9,9,99,99,0,9,99,9,99,9,9,6,6,3,-1,-1,1395,1,7,VOLKSWAGEN GOLF,2,E01003175,0,-1
2020411011605,2020,411011605,2,9,0,2,2,0,0,6,6,0,0,4,0,0,4,1,6,6,3,-1,-1,1896,2,12,VOLKSWAGEN GOLF,-1,-1,0,-1
2020500948699,2020,500948699,1,9,0,5,5,4,8,0,0,6,0,0,0,0,1,1,2,2,2,57,9,1968,2,7,VOLKSWAGEN GOLF,2,E01020216,0,-1