collision_index,collision_year,collision_ref_no,vehicle_reference,vehicle_type,towing_and_articulation,vehicle_manoeuvre_historic,vehicle_manoeuvre,vehicle_direction_from,vehicle_direction_to,vehicle_location_restricted_lane_historic,vehicle_location_restricted_lane,junction_location,skidding_and_overturning,hit_object_in_carriageway,vehicle_leaving_carriageway,hit_object_off_carriageway,first_point_of_impact,vehicle_left_hand_drive,journey_purpose_of_driver_historic,journey_purpose_of_driver,sex_of_driver,age_of_driver,age_band_of_driver,engine_capacity_cc,propulsion_code,age_of_vehicle,generic_make_model,driver_imd_decile,lsoa_of_driver,escooter_flag,driver_distance_banding
20201376U1060,2020,1376U1060,1,9,0,18,19,3,8,0,0,0,5,4,0,0,1,1,6,6,1,27,6,1968,2,15,VOLKSWAGEN GOLF,1,E01011371,0,-1
2020140931265,2020,140931265,1,9,0,18,19,3,7,0,0,0,0,0,0,0,1,1,6,6,1,-1,-1,2000,1,14,VOLKSWAGEN GOLF,5,E01008104,0,-1
2020990982042,2020,990982042,6,9,0,4,4,7,3,0,0,0,0,0,0,0,2,1,5,6,2,31,6,1598,2,1,VOLKSWAGEN GOLF,9,-1,0,-1
2020340W01492,2020,340W01492,2,9,0,18,19,2,6,0,0,1,1,0,0,0,3,1,2,2,2,25,5,1598,2,9,VOLKSWAGEN GOLF,6,E01027311,0,-1
2020470938504,2020,470938504,1,9,0,18,19,5,1,0,0,6,0,0,0,0,1,1,6,6,1,31,6,2000,2,14,VOLKSWAGEN GOLF,9,E01031769,0,-1
2020170M30800,2020,170M30800,1,9,0,9,9,6,5,0,0,8,0,0,0,0,1,1,6,6,2,35,6,1896,2,16,VOLKSWAGEN GOLF,1,E01012044,0,-1
2020440189107,2020,440189107,1,9,0,18,19,3,7,0,0,8,0,0,0,0,1,1,6,6,1,45,7,2324,1,17,VOLKSWAGEN GOLF,10,E01028722,0,-1
2020140980562,2020,140980562,2,9,0,4,4,5,1,0,0,1,0,0,0,0,1,1,2,2,1,40,7,1598,2,0,VOLKSWAGEN GOLF,2,E01019799,0,-1
2020141000050,2020,141000050,1,9,0,1,1,5,1,0,0,1,0,4,0,0,1,1,6,6,1,34,6,1896,2,12,VOLKSWAGEN GOLF,1,E01007873,0,-1
2020552000959,2020,552000959,1,9,0,17,19,8,4,0,0,0,0,0,7,0,1,1,1,1,1,30,6,1595,1,19,VOLKSWAGEN GOLF,5,E01020459,0,-1
2020140938981,2020,140938981,2,9,0,9,9,1,7,0,0,8,0,0,0,0,2,1,2,2,1,27,6,1896,2,12,VOLKSWAGEN GOLF,2,E01007733,0,-1
2020470927698,2020,470927698,1,9,0,9,9,1,7,0,0,8,1,0,0,0,1,1,5,6,1,36,7,2792,1,18,VOLKSWAGEN GOLF,6,E01031472,0,-1
2020230956410,2020,230956410,1,9,0,17,19,2,7,0,0,0,0,10,8,0,1,1,5,6,2,35,6,1968,2,6,VOLKSWAGEN GOLF,10,E01033254,0,-1
2020010284701,2020,010284701,1,9,0,3,3,2,6,0,0,0,0,0,1,0,2,1,6,6,1,30,6,1900,2,19,VOLKSWAGEN GOLF,8,E01002163,0,-1
2020501015023,2020,501015023,1,9,0,3,3,1,5,0,0,1,0,0,0,0,2,1,5,6,1,39,7,1968,2,6,VOLKSWAGEN GOLF,7,E01032628,0,-1
2020440392206,2020,440392206,2,9,0,18,19,1,5,0,0,0,0,0,0,0,3,1,6,6,3,-1,-1,1984,1,10,VOLKSWAGEN GOLF,-1,-1,0,-1
2020122000196,2020,122000196,1,9,0,18,19,8,4,0,0,0,0,0,0,0,1,1,6,6,1,51,8,1984,1,2,VOLKSWAGEN GOLF,10,E01027725,0,-1
2020231003215,2020,231003215,1,9,0,9,9,3,1,0,0,6,0,0,0,0,1,1,5,6,1,28,6,1896,2,12,VOLKSWAGEN GOLF,1,E01009637,0,-1
2020220941746,2020,220941746,1,9,0,4,4,8,3,0,0,1,0,0,0,0,2,1,2,2,2,34,6,1598,2,8,VOLKSWAGEN GOLF,4,E01014072,0,-1
2020552100141,2020,552100141,2,9,0,18,19,6,2,0,0,8,0,0,0,0,4,1,6,6,2,73,10,1598,2,6,VOLKSWAGEN GOLF,4,E01015327,0,-1
2020470986445,2020,470986445,2,9,0,18,19,4,8,0,0,1,0,0,0,0,1,1,5,6,2,39,7,1968,2,14,VOLKSWAGEN GOLF,3,E01021137,0,-1
2020552001042,2020,552001042,2,9,0,3,3,4,8,0,0,0,0,0,0,0,2,1,6,6,2,47,8,1968,2,5,VOLKSWAGEN GOLF,6,E01015440,0,-1
2020230931038,2020,230931038,1,9,0,5,5,7,3,0,0,0,0,0,1,10,1,1,5,6,2,91,11,1968,2,6,VOLKSWAGEN GOLF,6,E01031193,0,-1
20201375J0119,2020,1375J0119,3,9,0,2,2,0,0,0,0,0,0,0,0,0,2,1,6,6,3,-1,-1,1968,2,12,VOLKSWAGEN GOLF,-1,-1,0,-1
2020110959182,2020,110959182,1,9,0,18,19,1,5,0,0,0,0,0,0,0,1,1,2,2,2,34,6,1968,2,4,VOLKSWAGEN GOLF,2,E01020606,0,-1
2020010285044,2020,010285044,1,9,0,99,99,9,9,99,99,0,9,99,9,99,2,9,6,6,2,28,6,1598,2,4,VOLKSWAGEN GOLF,2,E01003338,0,-1
2020332000099,2020,332000099,1,9,0,4,4,6,2,0,0,1,0,0,0,0,2,1,6,6,1,22,5,1598,2,1,VOLKSWAGEN GOLF,2,E01013716,0,-1
2020010228648,2020,010228648,1,9,0,5,5,5,1,0,0,3,0,0,0,0,1,1,2,2,2,36,7,1395,1,5,VOLKSWAGEN GOLF,2,E01004723,0,-1
2020010235158,2020,010235158,1,9,0,99,99,9,9,99,99,1,9,99,9,99,2,9,2,2,1,22,5,1984,1,2,VOLKSWAGEN GOLF,3,E01032785,0,-1
202063A080320,2020,63A080320,2,9,0,9,9,6,5,0,0,8,0,0,0,0,1,1,6,6,1,-1,-1,1598,2,10,VOLKSWAGEN GOLF,5,W01000725,0,-1
2020622100008,2020,622100008,1,9,0,18,19,4,8,0,0,4,0,0,0,0,1,1,6,6,1,44,7,1968,2,8,VOLKSWAGEN GOLF,7,W01001005,0,-1
2020450941880,2020,450941880,2,9,0,18,19,2,6,0,0,1,0,0,0,0,2,1,5,6,1,39,7,1968,2,7,VOLKSWAGEN GOLF,4,E01003118,0,-1
2020430380455,2020,430380455,1,9,0,18,19,6,2,0,0,0,0,0,0,0,4,1,6,6,2,38,7,1395,1,3,VOLKSWAGEN GOLF,2,E01002566,0,-1
202054A349420,2020,54A349420,2,9,0,5,5,6,4,7,6,6,0,0,0,0,1,1,6,6,1,33,6,1598,1,14,VOLKSWAGEN GOLF,10,E01015533,0,-1
2020340S06922,2020,340S06922,1,9,0,7,7,6,2,0,0,8,0,0,0,0,3,1,6,6,1,44,7,1968,2,9,VOLKSWAGEN GOLF,4,E01016837,0,-1
2020350959185,2020,350959185,1,9,0,18,19,7,3,0,0,0,0,0,0,0,1,1,5,6,1,51,8,1968,2,3,VOLKSWAGEN GOLF,1,E01015604,0,-1
202031D112620,2020,31D112620,2,9,0,18,19,1,5,0,0,8,0,0,0,0,3,1,6,6,1,31,6,1984,1,9,VOLKSWAGEN GOLF,9,E01028408,0,-1
2020010272195,2020,010272195,1,9,0,16,19,7,3,0,0,2,0,0,0,0,4,1,1,1,2,37,7,1598,2,10,VOLKSWAGEN GOLF,9,E01001018,0,-1
2020991004408,2020,991004408,1,9,0,16,19,5,1,0,0,0,2,6,7,0,1,1,5,6,1,24,5,1968,2,4,VOLKSWAGEN GOLF,5,-1,0,-1
2020450975339,2020,450975339,2,9,0,18,19,3,7,0,0,0,0,4,0,0,1,1,2,2,1,20,4,1984,1,1,VOLKSWAGEN GOLF,4,E01021260,0,-1
2020500965660,2020,500965660,2,9,0,11,11,3,7,0,0,0,0,0,0,0,1,1,2,2,2,41,7,1197,1,7,VOLKSWAGEN GOLF,7,E01015112,0,-1
2020010287002,2020,010287002,2,9,0,7,7,5,8,0,0,6,0,0,0,0,1,1,6,6,1,22,5,1197,1,6,VOLKSWAGEN GOLF,5,E01002426,0,-1
2020140979434,2020,140979434,1,9,0,9,9,2,8,0,0,8,0,0,0,0,1,1,5,6,1,20,4,1600,2,11,VOLKSWAGEN GOLF,5,E01008051,0,-1
2020200919952,2020,200919952,1,9,0,18,19,8,4,0,0,8,0,0,0,0,1,1,5,6,3,-1,-1,1968,2,11,VOLKSWAGEN GOLF,-1,-1,0,-1
2020010279730,2020,010279730,2,9,0,4,4,7,3,0,0,1,0,0,0,0,1,1,2,2,2,46,8,1390,1,15,VOLKSWAGEN GOLF,9,E01003857,0,-1
2020010234012,2020,010234012,1,9,0,7,7,5,7,0,0,8,0,7,0,0,3,1,6,6,1,25,5,1968,2,2,VOLKSWAGEN GOLF,4,E01002211,0,-1
2020440016159,2020,440016159,2,9,0,18,19,5,1,0,0,0,0,0,0,0,2,1,6,6,1,32,6,1598,2,1,VOLKSWAGEN GOLF,5,E01017213,0,-1
202031D108120,2020,31D108120,3,9,0,2,2,0,0,0,0,0,0,0,0,0,4,1,6,6,3,-1,-1,1395,1,4,VOLKSWAGEN GOLF,-1,-1,0,-1
2020302000201,2020,302000201,1,9,0,1,1,4,8,0,0,0,0,0,0,0,2,1,6,6,2,28,6,1896,2,14,VOLKSWAGEN GOLF,4,E01013515,0,-1
2020040992218,2020,040992218,2,9,0,18,19,2,6,0,0,0,0,0,0,0,1,1,4,7,1,18,4,1197,1,6,VOLKSWAGEN GOLF,1,E01025042,0,-1
2020990993242,2020,990993242,1,9,0,5,5,5,2,0,0,1,0,0,0,0,1,1,6,6,1,28,6,2000,2,12,VOLKSWAGEN GOLF,3,-1,0,-1
2020351003143,2020,351003143,2,9,0,18,19,6,2,0,0,0,0,0,0,0,1,1,6,6,1,37,7,1900,2,22,VOLKSWAGEN GOLF,2,E01018071,0,-1
2020010287390,2020,010287390,2,9,0,99,99,9,9,99,99,9,9,99,9,99,9,9,6,6,3,-1,-1,1900,2,13,VOLKSWAGEN GOLF,-1,-1,0,-1
2020010280902,2020,010280902,2,9,0,99,99,9,9,99,99,0,9,99,9,99,1,9,6,6,3,31,6,1600,1,16,VOLKSWAGEN GOLF,3,E01000579,0,-1
202006M267873,2020,06M267873,1,9,0,18,19,1,5,0,0,0,0,0,0,0,1,1,6,6,1,26,6,1984,1,1,VOLKSWAGEN GOLF,-1,-1,0,-1
2020070291255,2020,070291255,1,9,0,9,9,1,7,0,0,8,0,0,0,0,3,1,6,6,2,20,4,999,1,1,VOLKSWAGEN GOLF,5,E01006420,0,-1
2020220938805,2020,220938805,1,9,0,4,4,2,6,0,0,1,0,0,0,0,2,1,5,6,1,25,5,1395,1,5,VOLKSWAGEN GOLF,-1,-1,0,-1
202006K171020,2020,06K171020,2,8,0,9,9,3,1,0,0,8,0,0,0,0,4,1,6,6,1,51,8,1598,2,8,VOLKSWAGEN GOLF,2,E01004824,0,-1
2020501008314,2020,501008314,1,9,0,2,2,1,5,0,0,0,0,0,0,0,2,1,6,6,3,-1,-1,1600,2,15,VOLKSWAGEN GOLF,-1,-1,0,-1
2020990962468,2020,990962468,3,9,0,11,11,2,7,0,0,1,0,0,1,0,1,1,2,2,1,35,6,1984,1,4,VOLKSWAGEN GOLF,2,-1,0,-1
2020370941913,2020,370941913,1,9,0,15,15,7,3,0,0,0,0,0,0,0,1,1,5,6,1,35,6,1600,1,21,VOLKSWAGEN GOLF,2,E01030079,0,-1
2020040969108,2020,040969108,2,9,0,7,7,3,5,0,0,1,1,0,0,0,1,1,1,1,1,33,6,1968,2,4,VOLKSWAGEN GOLF,1,E01012641,0,-1
2020420980238,2020,420980238,1,9,0,7,7,1,3,0,0,2,0,0,0,0,3,1,5,6,1,30,6,1781,1,17,VOLKSWAGEN GOLF,5,E01021575,0,-1
2020420972885,2020,420972885,1,9,0,18,19,1,5,0,0,0,1,0,1,4,4,1,5,6,1,37,7,1984,1,5,VOLKSWAGEN GOLF,8,E01029957,0,-1
2020201000274,2020,201000274,1,9,0,7,7,8,2,0,0,1,0,0,0,0,3,1,6,6,1,24,5,1984,1,3,VOLKSWAGEN GOLF,1,E01010511,0,-1
2020052000235,2020,052000235,1,9,0,18,19,5,1,0,0,0,0,0,0,0,1,1,6,6,3,-1,-1,1984,1,4,VOLKSWAGEN GOLF,-1,-1,0,-1
2020460998039,2020,460998039,1,9,0,7,7,5,3,0,0,0,1,0,7,0,1,1,5,6,1,20,4,1390,1,18,VOLKSWAGEN GOLF,2,E01032565,0,-1
2020450954799,2020,450954799,1,9,0,9,9,3,7,0,0,6,0,0,0,0,1,1,5,6,2,38,7,1598,2,6,VOLKSWAGEN GOLF,8,E01030333,0,-1
2020040992993,2020,040992993,2,9,0,18,19,1,5,0,0,0,0,0,0,0,4,1,5,6,1,25,5,1968,2,6,VOLKSWAGEN GOLF,2,E01005026,0,-1
2020230942845,2020,230942845,4,9,0,3,3,4,8,0,0,1,0,0,0,0,2,1,2,2,2,49,8,1598,2,1,VOLKSWAGEN GOLF,8,E01009434,0,-1
2020200950943,2020,200950943,2,9,0,18,19,8,4,0,0,6,1,0,0,0,1,1,6,6,3,-1,-1,1896,2,13,VOLKSWAGEN GOLF,-1,-1,0,-1
2020500948547,2020,500948547,2,9,0,18,19,7,7,0,0,1,5,0,2,0,1,1,6,6,1,52,8,1896,2,13,VOLKSWAGEN GOLF,4,E01020290,0,-1
2020400989529,2020,400989529,2,9,0,18,19,2,6,0,0,0,0,0,0,0,4,1,6,6,1,46,8,1984,1,5,VOLKSWAGEN GOLF,2,E01017602,0,-1
2020470916572,2020,470916572,1,9,0,9,9,3,1,0,0,6,0,0,0,0,3,1,5,6,1,40,7,1598,2,6,VOLKSWAGEN GOLF,9,E01031590,0,-1
2020340N08382,2020,340N08382,1,9,0,18,19,4,8,0,0,8,0,0,0,0,1,1,6,6,1,25,5,1598,2,8,VOLKSWAGEN GOLF,1,E01027242,0,-1
2020010242604,2020,010242604,2,9,0,18,19,7,3,0,0,1,0,0,0,0,0,1,6,6,1,61,9,1598,1,12,VOLKSWAGEN GOLF,4,E01000307,0,-1
2020460922647,2020,460922647,1,9,0,13,13,5,1,0,0,0,0,0,0,0,1,1,6,6,1,55,8,1598,2,1,VOLKSWAGEN GOLF,1,E01024257,0,-1
20201375S1176,2020,1375S1176,2,9,0,18,19,4,8,0,0,0,0,0,0,0,2,1,6,6,2,19,4,1598,2,8,VOLKSWAGEN GOLF,1,E01010829,0,-1
202006G176303,2020,06G176303,1,9,0,18,19,5,1,0,0,8,0,0,0,0,1,1,6,6,1,30,6,1600,1,15,VOLKSWAGEN GOLF,6,E01005963,0,-1
2020990986779,2020,990986779,1,9,0,18,19,7,3,0,0,1,0,0,0,0,4,2,6,6,1,19,4,1984,1,5,VOLKSWAGEN GOLF,3,-1,0,-1
2020010252964,2020,010252964,1,9,9,18,19,6,2,99,99,0,9,99,9,99,4,9,6,6,2,49,8,1390,1,14,VOLKSWAGEN GOLF,5,E01004188,0,-1
2020100983541,2020,100983541,1,9,0,9,9,1,7,0,0,6,0,0,0,0,4,1,6,6,1,60,9,1598,2,7,VOLKSWAGEN GOLF,-1,-1,0,-1
2020010236079,2020,010236079,1,9,0,18,19,3,7,0,0,0,0,0,0,0,1,1,6,6,1,34,6,999,1,2,VOLKSWAGEN GOLF,7,E01017915,0,-1
2020420989799,2020,420989799,1,9,0,9,9,8,5,0,0,1,0,0,0,0,4,1,6,6,2,41,7,1896,2,12,VOLKSWAGEN GOLF,1,E01021576,0,-1
2020440447478,2020,440447478,1,9,0,5,5,7,3,0,0,8,0,0,0,0,1,1,6,6,1,25,5,1390,1,11,VOLKSWAGEN GOLF,2,E01023108,0,-1
2020460919381,2020,460919381,1,9,0,7,7,3,7,0,0,1,0,0,0,0,2,1,6,6,1,37,7,2324,1,18,VOLKSWAGEN GOLF,3,E01024241,0,-1
2020470978351,2020,470978351,1,9,0,18,19,4,8,0,0,0,5,7,0,0,3,1,5,6,1,38,7,1896,2,12,VOLKSWAGEN GOLF,7,E01021189,0,-1
2020360971694,2020,360971694,2,9,0,9,9,6,3,0,0,0,0,0,0,0,2,1,5,6,1,34,6,1598,2,6,VOLKSWAGEN GOLF,7,E01026885,0,-1
2020137CG1229,2020,137CG1229,2,9,0,3,3,4,8,0,0,0,0,0,0,0,2,1,2,2,1,33,6,1598,2,6,VOLKSWAGEN GOLF,2,E01011681,0,-1
2020010280084,2020,010280084,2,9,0,99,99,9,9,99,99,9,9,99,9,99,1,9,6,6,3,-1,-1,1800,1,21,VOLKSWAGEN GOLF,-1,-1,0,-1
2020052002587,2020,052002587,2,9,0,2,2,0,0,0,0,0,0,0,0,0,2,1,6,6,3,-1,-1,1598,2,1,VOLKSWAGEN GOLF,-1,-1,0,-1
2020201009979,2020,201009979,1,9,0,18,19,3,7,0,0,6,2,0,3,0,3,1,6,6,1,18,4,1598,2,8,VOLKSWAGEN GOLF,5,E01010431,0,-1
2020440359634,2020,440359634,2,9,0,18,19,4,8,0,0,1,0,0,0,0,1,1,6,6,2,66,10,1395,1,5,VOLKSWAGEN GOLF,5,E01017283,0,-1
2020010250384,2020,010250384,1,9,0,3,3,5,1,0,0,1,0,0,0,0,2,1,6,6,2,40,7,1390,1,8,VOLKSWAGEN GOLF,8,E01002979,0,-1
202031B060220,2020,31B060220,2,9,0,2,2,0,0,0,0,2,0,0,0,0,2,1,6,6,3,-1,-1,1598,2,6,VOLKSWAGEN GOLF,-1,-1,0,-1
2020470986624,2020,470986624,1,9,0,16,19,1,5,0,0,0,1,0,2,4,4,1,5,6,1,24,5,1896,2,19,VOLKSWAGEN GOLF,9,E01021226,0,-1
2020471004762,2020,471004762,1,9,0,7,7,1,3,0,0,6,0,0,0,0,1,1,6,6,1,-1,-1,1781,1,20,VOLKSWAGEN GOLF,-1,-1,0,-1
2020220938856,2020,220938856,1,9,0,16,19,3,6,0,0,0,0,0,7,4,1,1,5,6,1,35,6,1598,1,16,VOLKSWAGEN GOLF,5,E01014023,0,-1
202006A372679,2020,06A372679,2,9,0,18,19,3,7,0,0,1,0,0,0,0,1,1,6,6,1,41,7,1598,1,13,VOLKSWAGEN GOLF,2,E01006036,0,-1
2020010249938,2020,010249938,3,9,0,3,3,5,1,0,0,1,0,0,0,0,2,1,6,6,2,59,9,1390,1,18,VOLKSWAGEN GOLF,2,E01003994,0,-1
2020548349120,2020,548349120,2,9,0,18,19,6,2,0,0,0,0,0,0,0,0,1,6,6,3,50,8,1595,1,19,VOLKSWAGEN GOLF,-1,-1,0,-1
2020220977369,2020,220977369,1,9,0,18,19,6,2,0,0,4,0,0,0,0,1,1,5,6,2,19,4,1598,2,10,VOLKSWAGEN GOLF,3,E01014139,0,-1
2020010284183,2020,010284183,1,9,0,18,19,1,5,0,0,1,0,8,0,0,3,1,1,1,2,41,7,1598,2,10,VOLKSWAGEN GOLF,2,E01001848,0,-1
2020010268067,2020,010268067,2,9,0,18,19,3,7,0,0,0,0,0,1,10,2,1,6,6,1,28,6,1600,2,10,VOLKSWAGEN GOLF,2,E01015573,0,-1
2020501007384,2020,501007384,2,9,0,10,10,4,8,0,0,0,0,0,0,0,2,1,1,1,1,44,7,1896,2,19,VOLKSWAGEN GOLF,2,E01018984,0,-1
2020200942440,2020,200942440,1,9,0,16,19,6,2,0,0,0,0,0,0,0,1,1,6,6,3,-1,-1,1896,2,12,VOLKSWAGEN GOLF,-1,-1,0,-1
202006F176772,2020,06F176772,2,9,0,18,19,6,2,0,0,1,0,0,0,0,1,1,6,6,2,33,6,1896,2,18,VOLKSWAGEN GOLF,2,E01005678,0,-1
2020010284931,2020,010284931,1,9,0,13,13,1,5,9,9,8,2,11,1,4,4,1,6,6,3,-1,-1,1498,1,0,VOLKSWAGEN GOLF,-1,-1,0,-1
2020010234348,2020,010234348,2,9,0,11,11,3,7,0,0,1,0,0,0,0,2,1,6,6,2,32,6,1598,2,1,VOLKSWAGEN GOLF,1,W01001741,0,-1
2020370981899,2020,370981899,2,9,0,18,19,5,8,0,0,0,0,0,0,0,3,1,5,6,2,24,5,1598,2,8,VOLKSWAGEN GOLF,9,E01029897,0,-1
2020411017588,2020,411017588,1,9,0,5,5,4,8,0,0,0,0,0,0,0,4,1,1,1,2,34,6,1598,2,5,VOLKSWAGEN GOLF,2,E01015741,0,-1
202006M273468,2020,06M273468,1,9,0,7,7,4,6,0,0,6,0,10,0,0,1,1,6,6,1,92,11,1598,2,9,VOLKSWAGEN GOLF,10,E01006081,0,-1
2020137811022,2020,137811022,1,9,0,18,19,5,1,0,0,0,0,0,0,0,3,1,6,6,2,30,6,1395,1,3,VOLKSWAGEN GOLF,3,E01010847,0,-1
2020010263368,2020,010263368,2,9,0,5,5,7,3,0,0,0,0,0,0,0,1,1,6,6,1,23,5,1395,1,2,VOLKSWAGEN GOLF,9,E01002147,0,-1
2020540307620,2020,540307620,1,9,0,17,19,5,1,0,0,0,0,0,7,0,4,1,2,2,1,25,5,1984,1,18,VOLKSWAGEN GOLF,2,E01032064,0,-1
2020470953162,2020,470953162,1,9,0,9,9,5,2,0,0,2,0,0,0,0,3,1,6,6,3,-1,-1,1598,1,15,VOLKSWAGEN GOLF,-1,-1,0,-1
2020401003802,2020,401003802,1,9,0,18,19,4,8,0,0,0,0,0,0,0,1,1,6,6,1,22,5,1984,1,12,VOLKSWAGEN GOLF,2,E01015704,0,-1
2020420998357,2020,420998357,1,9,0,7,7,1,3,0,0,6,0,0,0,0,1,1,6,6,2,49,8,1896,2,13,VOLKSWAGEN GOLF,1,E01021288,0,-1
2020010233923,2020,010233923,1,9,0,99,99,9,9,99,99,0,9,99,9,99,2,9,6,6,1,26,6,1498,1,1,VOLKSWAGEN GOLF,5,E01004056,0,-1
2020530992244,2020,530992244,1,9,0,9,9,7,3,0,0,8,0,0,0,0,1,1,5,6,2,37,7,2000,2,13,VOLKSWAGEN GOLF,6,E01022400,0,-1
2020500994957,2020,500994957,2,9,0,4,4,1,5,0,0,0,0,0,0,0,2,1,1,1,2,42,7,1598,2,11,VOLKSWAGEN GOLF,6,E01020160,0,-1
2020530920700,2020,530920700,3,9,0,18,19,3,7,0,0,8,0,0,0,0,3,1,6,6,2,33,6,1598,2,7,VOLKSWAGEN GOLF,6,E01032934,0,-1
2020461001195,2020,461001195,12,9,0,2,2,3,1,0,0,0,0,0,0,0,1,1,6,6,2,28,6,1968,2,14,VOLKSWAGEN GOLF,4,E01024841,0,-1
2020552000856,2020,552000856,1,9,0,18,19,8,1,0,0,8,0,0,1,2,1,1,6,6,2,35,6,1968,2,9,VOLKSWAGEN GOLF,10,E01015455,0,-1
2020450976603,2020,450976603,1,9,0,10,10,1,5,0,0,6,0,0,0,0,2,1,6,6,2,41,7,1598,2,4,VOLKSWAGEN GOLF,-1,-1,0,-1
2020140958525,2020,140958525,1,9,0,18,19,3,7,0,0,1,0,0,0,0,1,1,2,2,1,60,9,1598,2,1,VOLKSWAGEN GOLF,9,E01007618,0,-1
2020350987105,2020,350987105,3,9,0,10,10,2,8,0,0,2,0,0,0,0,1,1,2,2,1,62,9,1598,2,8,VOLKSWAGEN GOLF,6,E01018156,0,-1
2020990928233,2020,990928233,2,9,0,3,3,2,7,0,0,1,0,0,0,0,2,1,6,6,1,28,6,1598,2,7,VOLKSWAGEN GOLF,4,-1,0,-1
2020200980876,2020,200980876,1,9,0,18,19,8,4,0,0,8,0,0,0,0,1,1,6,6,1,23,5,1390,1,10,VOLKSWAGEN GOLF,2,E01009395,0,-1
2020421005602,2020,421005602,1,9,0,18,19,5,1,0,0,0,0,0,2,11,1,1,6,6,1,86,11,1197,1,9,VOLKSWAGEN GOLF,8,E01021444,0,-1
2020200947578,2020,200947578,1,9,0,18,19,-1,-1,0,0,0,0,0,0,0,1,1,6,6,1,-1,-1,1600,2,11,VOLKSWAGEN GOLF,-1,-1,0,-1
2020440064678,2020,440064678,1,9,0,16,19,1,4,0,0,0,0,0,0,0,1,1,6,6,1,42,7,1395,1,6,VOLKSWAGEN GOLF,10,E01022578,0,-1
2020010253426,2020,010253426,2,9,0,18,19,1,5,0,0,8,0,0,0,0,1,1,6,6,1,30,6,1598,1,13,VOLKSWAGEN GOLF,-1,-1,0,-1
2020030951798,2020,030951798,1,9,0,16,19,5,1,0,0,0,0,0,0,0,1,1,6,6,1,50,8,1968,2,4,VOLKSWAGEN GOLF,7,E01019379,0,-1
2020470927644,2020,470927644,1,9,0,7,7,6,8,0,0,6,0,0,0,0,3,1,2,2,1,33,6,1598,2,2,VOLKSWAGEN GOLF,10,E01031666,0,-1
2020460929993,2020,460929993,2,9,0,5,5,7,3,0,0,8,0,0,0,0,1,1,6,6,1,29,6,1600,2,10,VOLKSWAGEN GOLF,7,E01024318,0,-1
2020549963320,2020,549963320,1,9,0,5,5,6,8,0,0,2,1,0,7,10,1,1,2,2,1,20,4,1900,2,13,VOLKSWAGEN GOLF,8,E01031957,0,-1
2020420996780,2020,420996780,1,9,0,18,19,7,3,0,0,0,1,0,0,0,1,1,2,2,1,24,5,1595,1,29,VOLKSWAGEN GOLF,6,E01021903,0,-1
2020552000804,2020,552000804,1,9,0,9,9,8,6,0,0,6,0,0,0,0,3,1,2,2,1,33,6,1968,2,11,VOLKSWAGEN GOLF,3,E01015362,0,-1
2020200943912,2020,200943912,1,9,0,18,19,8,4,0,0,8,0,10,1,0,4,1,6,6,1,25,5,1968,2,6,VOLKSWAGEN GOLF,6,E01008965,0,-1
2020420971028,2020,420971028,1,9,0,16,19,7,3,0,0,0,0,0,0,0,1,1,6,6,1,39,7,1984,1,0,VOLKSWAGEN GOLF,2,E01030013,0,-1
2020520003144,2020,520003144,1,9,0,18,19,8,4,0,0,0,0,0,7,9,1,1,6,6,1,34,6,1598,2,8,VOLKSWAGEN GOLF,6,E01029195,0,-1
2020400994304,2020,400994304,3,9,0,2,2,1,5,0,0,0,0,0,0,0,1,1,1,1,1,43,7,1598,2,1,VOLKSWAGEN GOLF,9,E01017556,0,-1
2020010270778,2020,010270778,1,9,0,4,4,7,3,0,0,0,0,0,0,0,0,1,6,6,2,23,5,1600,1,14,VOLKSWAGEN GOLF,2,E01000079,0,-1
2020200956214,2020,200956214,2,9,0,14,14,8,4,0,0,0,0,4,0,0,1,1,6,6,1,29,6,1968,2,12,VOLKSWAGEN GOLF,2,E01010567,0,-1
2020421000536,2020,421000536,1,9,0,10,10,7,3,0,0,1,0,0,0,0,2,1,6,6,1,39,7,1800,1,20,VOLKSWAGEN GOLF,6,E01021380,0,-1
2020010258841,2020,010258841,2,9,0,9,9,3,2,0,0,8,0,0,0,0,3,1,6,6,2,50,8,1595,1,13,VOLKSWAGEN GOLF,6,E01003754,0,-1
2020010281492,2020,010281492,1,9,0,4,4,1,5,0,0,0,0,0,0,0,0,1,2,2,1,34,6,1197,1,6,VOLKSWAGEN GOLF,3,E01024149,0,-1
202063B036320,2020,63B036320,2,9,0,18,19,5,1,0,0,8,0,0,0,0,1,1,1,1,1,24,5,1598,1,19,VOLKSWAGEN GOLF,8,W01000517,0,-1
2020010252037,2020,010252037,2,9,0,99,99,9,9,99,99,9,9,99,9,99,1,9,6,6,3,-1,-1,1390,1,11,VOLKSWAGEN GOLF,-1,-1,0,-1
2020201007276,2020,201007276,3,9,-1,18,19,2,6,0,0,1,-1,-1,-1,0,1,1,6,6,3,-1,-1,1900,2,14,VOLKSWAGEN GOLF,-1,-1,0,-1
2020420955418,2020,420955418,2,9,0,4,4,5,1,0,0,2,0,0,0,0,1,1,5,6,1,33,6,1600,1,15,VOLKSWAGEN GOLF,-1,-1,0,-1
2020010283100,2020,010283100,2,9,9,99,99,9,9,99,99,9,9,99,9,99,9,9,6,6,1,28,6,1896,2,12,VOLKSWAGEN GOLF,-1,-1,0,-1
2020370977418,2020,370977418,1,9,0,16,19,2,5,0,0,2,0,0,7,0,1,1,5,6,1,18,4,1598,2,5,VOLKSWAGEN GOLF,4,E01030236,0,-1
2020340E03172,2020,340E03172,2,9,0,18,19,3,7,0,0,0,1,0,0,0,1,1,6,6,1,37,7,1968,2,14,VOLKSWAGEN GOLF,6,E01027051,0,-1
2020200931854,2020,200931854,2,9,0,18,19,-1,-1,0,0,0,0,4,0,0,1,1,6,6,1,23,5,2000,2,14,VOLKSWAGEN GOLF,2,E01010567,0,-1