collision_index,collision_year,collision_ref_no,vehicle_reference,vehicle_type,towing_and_articulation,vehicle_manoeuvre_historic,vehicle_manoeuvre,vehicle_direction_from,vehicle_direction_to,vehicle_location_restricted_lane_historic,vehicle_location_restricted_lane,junction_location,skidding_and_overturning,hit_object_in_carriageway,vehicle_leaving_carriageway,hit_object_off_carriageway,first_point_of_impact,vehicle_left_hand_drive,journey_purpose_of_driver_historic,journey_purpose_of_driver,sex_of_driver,age_of_driver,age_band_of_driver,engine_capacity_cc,propulsion_code,age_of_vehicle,generic_make_model,driver_imd_decile,lsoa_of_driver,escooter_flag,driver_distance_banding
2020320263375,2020,320263375,2,9,0,4,4,6,2,0,0,0,0,0,0,0,2,1,6,6,1,52,8,1968,2,10,VOLKSWAGEN GOLF,7,E01026319,0,-1
2020141002788,2020,141002788,2,9,0,18,19,5,1,0,0,8,0,0,0,0,3,1,2,2,2,27,6,1395,8,3,VOLKSWAGEN GOLF,1,E01008061,0,-1
2020361013614,2020,361013614,2,9,0,15,15,7,3,0,0,0,0,0,0,0,2,1,5,6,1,50,8,1968,2,4,VOLKSWAGEN GOLF,5,E01026668,0,-1
2020430269910,2020,430269910,3,9,0,18,19,2,6,0,0,0,0,0,1,0,1,1,6,6,2,63,9,1498,1,1,VOLKSWAGEN GOLF,7,E01017646,0,-1
2020041010632,2020,041010632,1,9,0,18,19,3,7,0,0,1,0,0,1,4,4,1,5,6,2,72,10,1390,1,8,VOLKSWAGEN GOLF,7,E01025003,0,-1
2020010262242,2020,010262242,2,9,0,13,13,8,4,0,0,1,0,0,0,0,4,1,6,6,3,-1,-1,1197,1,7,VOLKSWAGEN GOLF,-1,-1,0,-1
2020320021901,2020,320021901,3,9,0,2,2,0,0,9,9,0,0,0,0,0,1,1,6,6,3,-1,-1,1600,1,20,VOLKSWAGEN GOLF,-1,-1,0,-1
2020522101160,2020,522101160,1,9,0,7,7,6,8,0,0,3,0,0,0,0,1,1,6,6,1,24,5,2000,2,14,VOLKSWAGEN GOLF,10,E01014944,0,-1
2020410944494,2020,410944494,2,9,0,18,19,7,3,0,0,8,0,0,0,0,1,1,5,6,1,21,5,1896,2,12,VOLKSWAGEN GOLF,10,E01017638,0,-1
2020520001001,2020,520001001,3,9,0,3,3,1,5,0,0,0,0,0,0,0,2,1,6,6,1,24,5,1896,2,18,VOLKSWAGEN GOLF,5,E01029108,0,-1
2020161007334,2020,161007334,2,9,0,17,19,2,7,0,0,0,0,0,0,0,1,1,6,6,1,50,8,1984,1,6,VOLKSWAGEN GOLF,5,E01013274,0,-1
2020220928263,2020,220928263,1,9,0,9,9,5,3,0,0,6,0,0,0,0,1,1,6,6,1,59,9,1395,1,3,VOLKSWAGEN GOLF,8,E01032373,0,-1
2020610000120,2020,610000120,1,9,0,18,19,7,3,0,0,0,0,0,0,0,1,1,6,6,2,20,4,1896,2,13,VOLKSWAGEN GOLF,-1,-1,0,-1
2020200925783,2020,200925783,2,9,0,13,13,7,3,0,0,0,1,0,0,0,0,1,6,6,1,35,6,1984,1,2,VOLKSWAGEN GOLF,2,E01009158,0,-1
2020200928625,2020,200928625,2,9,0,5,5,8,4,0,0,8,0,0,0,0,4,1,6,6,2,47,8,1900,2,13,VOLKSWAGEN GOLF,1,E01009359,0,-1
2020010280802,2020,010280802,2,9,0,99,99,9,9,99,99,1,9,99,9,99,1,9,6,6,3,-1,-1,1968,2,6,VOLKSWAGEN GOLF,-1,-1,0,-1
2020200967807,2020,200967807,1,9,0,16,19,4,6,0,0,1,1,0,0,0,1,1,6,6,3,-1,-1,1600,2,11,VOLKSWAGEN GOLF,-1,-1,0,-1
2020990958068,2020,990958068,2,9,0,16,19,2,6,0,0,0,0,0,0,0,1,1,2,2,1,56,9,1968,2,3,VOLKSWAGEN GOLF,8,-1,0,-1
2020010256040,2020,010256040,1,9,0,16,19,8,4,0,0,1,0,0,0,0,1,1,6,6,2,34,6,1390,1,11,VOLKSWAGEN GOLF,3,E01004012,0,-1
202006A175787,2020,06A175787,1,9,0,4,4,5,1,0,0,8,0,0,0,0,1,1,6,6,1,30,6,1968,2,9,VOLKSWAGEN GOLF,4,E01033281,0,-1
2020471001674,2020,471001674,1,9,0,18,19,7,3,0,0,1,0,0,7,0,1,1,5,6,1,41,7,1984,1,12,VOLKSWAGEN GOLF,5,E01031467,0,-1
202006A176522,2020,06A176522,1,9,0,1,1,4,8,0,0,8,0,0,0,0,2,1,6,6,3,-1,-1,1984,1,4,VOLKSWAGEN GOLF,-1,-1,0,-1
2020122000376,2020,122000376,1,9,0,18,19,5,1,0,0,0,0,0,0,0,1,1,2,2,1,27,6,1896,2,13,VOLKSWAGEN GOLF,1,E01012084,0,-1
2020040965413,2020,040965413,1,9,0,18,19,4,8,0,0,0,0,0,7,11,1,1,2,2,2,61,9,1968,2,8,VOLKSWAGEN GOLF,4,E01006454,0,-1
2020010251515,2020,010251515,2,9,0,18,19,3,7,0,0,1,0,0,0,0,1,1,6,6,1,26,6,1598,2,6,VOLKSWAGEN GOLF,4,E01000112,0,-1
2020332000141,2020,332000141,2,9,0,14,14,8,4,0,0,1,0,0,0,0,1,1,6,6,1,19,4,1390,1,8,VOLKSWAGEN GOLF,7,E01025765,0,-1
2020460941519,2020,460941519,1,9,0,18,19,4,8,0,0,0,0,0,0,0,1,1,6,6,2,22,5,1390,1,11,VOLKSWAGEN GOLF,1,E01016049,0,-1
2020200937931,2020,200937931,1,9,0,18,19,7,3,0,0,0,0,0,0,0,1,1,6,6,2,39,7,1598,2,11,VOLKSWAGEN GOLF,1,E01010368,0,-1
2020220989462,2020,220989462,1,9,0,9,9,7,5,0,0,6,0,0,0,0,1,1,2,2,2,26,6,1598,2,3,VOLKSWAGEN GOLF,9,E01009416,0,-1
2020010242485,2020,010242485,1,9,0,99,99,9,9,99,99,9,9,99,9,99,2,9,6,6,1,42,7,1896,2,19,VOLKSWAGEN GOLF,3,E01000132,0,-1
2020522000872,2020,522000872,2,9,0,9,9,2,8,0,0,8,0,0,0,0,1,1,6,6,1,35,6,1968,2,6,VOLKSWAGEN GOLF,1,E01014581,0,-1
2020010282430,2020,010282430,1,9,0,13,13,1,5,0,0,1,0,0,0,0,1,1,2,2,1,26,6,2000,1,10,VOLKSWAGEN GOLF,2,E01003243,0,-1
2020420992664,2020,420992664,2,9,0,4,4,6,2,0,0,0,0,0,0,0,2,1,2,2,1,27,6,2000,1,11,VOLKSWAGEN GOLF,3,E01021892,0,-1
2020990952216,2020,990952216,1,9,0,17,19,8,5,0,0,0,5,0,1,9,1,1,5,6,1,51,8,1896,2,12,VOLKSWAGEN GOLF,6,-1,0,-1
2020140929739,2020,140929739,1,9,0,11,11,5,1,0,0,0,0,0,0,0,1,1,6,6,1,28,6,1968,2,5,VOLKSWAGEN GOLF,-1,-1,0,-1
2020040950114,2020,040950114,1,9,0,17,19,3,5,0,0,4,1,0,0,0,1,1,5,6,1,19,4,1498,1,1,VOLKSWAGEN GOLF,2,E01005143,0,-1
2020460944914,2020,460944914,1,9,0,18,19,2,7,0,0,1,0,0,0,0,3,1,5,6,1,20,4,1598,2,6,VOLKSWAGEN GOLF,4,E01016141,0,-1
2020052002309,2020,052002309,2,9,0,2,2,0,0,0,0,0,0,0,0,0,4,1,6,6,3,-1,-1,1395,1,3,VOLKSWAGEN GOLF,-1,-1,0,-1
2020010256031,2020,010256031,2,9,0,99,99,9,9,99,99,9,9,99,9,99,1,9,6,6,3,34,6,1598,1,15,VOLKSWAGEN GOLF,5,E01000662,0,-1
2020070775281,2020,070775281,1,9,0,9,9,1,7,0,0,8,0,0,0,0,1,1,6,6,1,30,6,1968,2,14,VOLKSWAGEN GOLF,10,E01006135,0,-1
2020052002720,2020,052002720,2,9,0,9,9,3,7,0,0,5,0,0,0,0,3,1,6,6,2,59,9,1984,1,3,VOLKSWAGEN GOLF,7,E01007104,0,-1
2020140947864,2020,140947864,1,9,0,12,12,6,2,0,0,8,0,0,0,0,1,1,6,6,1,43,7,1968,2,8,VOLKSWAGEN GOLF,6,E01007908,0,-1
2020370979338,2020,370979338,2,9,-1,-1,-1,-1,-1,-1,-1,-1,-1,-1,-1,0,-1,1,6,6,2,59,9,1395,1,5,VOLKSWAGEN GOLF,9,E01022099,0,-1
2020622100016,2020,622100016,1,9,0,18,19,6,2,0,0,1,0,0,0,0,1,1,6,6,1,62,9,1900,2,15,VOLKSWAGEN GOLF,2,W01001761,0,-1
2020010268846,2020,010268846,2,9,0,18,19,5,1,0,0,2,2,0,0,0,1,1,6,6,3,-1,-1,1390,1,10,VOLKSWAGEN GOLF,-1,-1,0,-1
2020010241937,2020,010241937,1,9,0,9,9,5,3,0,0,1,0,0,0,0,2,1,2,2,2,49,8,1390,1,12,VOLKSWAGEN GOLF,4,E01001176,0,-1
2020200930143,2020,200930143,2,9,0,18,19,7,3,0,0,8,0,0,0,0,3,1,6,6,1,23,5,1390,1,13,VOLKSWAGEN GOLF,1,E01009335,0,-1
2020010228039,2020,010228039,1,9,0,18,19,1,5,0,0,1,0,0,0,0,1,1,6,6,2,20,4,1390,1,12,VOLKSWAGEN GOLF,2,E01004226,0,-1
2020200963988,2020,200963988,2,9,0,18,19,8,4,0,0,8,0,0,0,0,1,1,1,1,2,31,6,1395,1,2,VOLKSWAGEN GOLF,2,E01010531,0,-1
2020010228738,2020,010228738,4,9,0,18,19,7,3,0,0,0,0,0,0,0,4,1,6,6,3,-1,-1,1896,2,17,VOLKSWAGEN GOLF,-1,-1,0,-1
2020230918360,2020,230918360,3,9,0,18,19,8,4,0,0,0,1,0,1,10,3,1,6,6,1,48,8,1968,2,3,VOLKSWAGEN GOLF,9,E01031328,0,-1
2020450992818,2020,450992818,1,9,0,16,19,7,1,0,0,0,1,0,7,10,1,1,6,6,1,24,5,1598,2,5,VOLKSWAGEN GOLF,6,E01031601,0,-1
2020010251206,2020,010251206,2,9,0,18,19,2,6,0,0,1,0,0,0,0,1,1,6,6,2,22,5,1498,1,1,VOLKSWAGEN GOLF,7,E01002465,0,-1
2020010284284,2020,010284284,1,9,0,10,10,2,1,0,0,6,0,0,0,0,3,1,6,6,1,20,4,1600,1,14,VOLKSWAGEN GOLF,1,E01004301,0,-1
2020470972750,2020,470972750,1,9,0,18,19,5,1,0,0,1,0,0,0,0,1,1,6,6,3,-1,-1,1598,2,2,VOLKSWAGEN GOLF,-1,-1,0,-1
202006K367626,2020,06K367626,1,9,0,18,19,4,8,0,0,2,0,0,0,0,1,1,6,6,2,57,9,1968,2,3,VOLKSWAGEN GOLF,-1,-1,0,-1
202031A103020,2020,31A103020,3,9,0,18,19,7,3,0,0,0,0,0,0,0,0,1,6,6,1,30,6,1598,1,17,VOLKSWAGEN GOLF,9,E01028264,0,-1
2020070161163,2020,070161163,1,9,0,7,7,8,3,0,0,1,1,0,0,0,1,1,6,6,3,36,7,1984,1,2,VOLKSWAGEN GOLF,-1,-1,0,-1
2020450920853,2020,450920853,2,9,0,18,19,6,2,0,0,0,0,0,0,0,1,1,5,6,1,38,7,1598,2,6,VOLKSWAGEN GOLF,6,E01023606,0,-1
2020010278713,2020,010278713,1,9,0,99,99,9,9,99,99,9,9,99,9,99,1,9,6,6,1,21,5,1600,1,14,VOLKSWAGEN GOLF,9,E01003799,0,-1
2020500977634,2020,500977634,1,9,0,9,9,7,3,0,0,1,0,0,0,0,3,1,5,6,1,52,8,1600,1,14,VOLKSWAGEN GOLF,2,E01028234,0,-1
2020141000286,2020,141000286,2,9,0,2,2,0,0,0,0,0,0,0,0,0,2,1,6,6,3,-1,-1,1968,2,4,VOLKSWAGEN GOLF,-1,-1,0,-1
2020990941837,2020,990941837,1,9,0,18,19,3,7,0,0,8,0,0,0,0,4,1,2,2,1,32,6,1598,2,5,VOLKSWAGEN GOLF,7,-1,0,-1
2020500959990,2020,500959990,1,9,0,16,19,5,8,0,0,0,5,0,0,0,4,1,2,2,1,58,9,1781,1,28,VOLKSWAGEN GOLF,5,E01019886,0,-1
2020161004149,2020,161004149,1,9,0,18,19,7,3,0,0,4,0,0,0,0,1,1,2,2,1,48,8,2000,1,16,VOLKSWAGEN GOLF,6,E01013276,0,-1
2020010268458,2020,010268458,1,9,0,9,9,6,3,0,0,6,0,0,0,0,1,1,2,2,1,54,8,1984,1,17,VOLKSWAGEN GOLF,3,E01002047,0,-1
2020350966574,2020,350966574,2,9,0,18,19,1,5,0,0,0,0,0,0,0,1,1,5,6,2,22,5,1984,1,3,VOLKSWAGEN GOLF,7,E01026240,0,-1
2020450941454,2020,450941454,1,9,0,9,9,6,8,0,0,8,1,0,0,0,3,1,6,6,1,32,6,1600,1,16,VOLKSWAGEN GOLF,4,E01030383,0,-1
20201377B1682,2020,1377B1682,1,9,0,2,2,0,0,0,0,0,0,0,0,0,3,1,6,6,2,22,5,1896,2,13,VOLKSWAGEN GOLF,5,E01010603,0,-1
2020340N06052,2020,340N06052,1,9,0,10,10,3,7,0,0,2,0,0,0,0,1,1,6,6,1,76,11,1968,2,8,VOLKSWAGEN GOLF,5,E01027158,0,-1
2020201006629,2020,201006629,1,9,0,18,19,6,2,0,0,0,0,0,0,0,1,1,2,2,2,52,8,1968,2,1,VOLKSWAGEN GOLF,6,E01028832,0,-1
20201371B1739,2020,1371B1739,2,9,0,18,19,3,7,0,0,0,0,0,0,0,1,1,6,6,1,44,7,1598,1,15,VOLKSWAGEN GOLF,5,E01010598,0,-1
2020430278812,2020,430278812,1,9,0,9,9,1,8,0,0,6,0,0,0,0,1,1,6,6,2,65,9,1598,2,11,VOLKSWAGEN GOLF,8,E01017766,0,-1
2020460970523,2020,460970523,1,9,0,18,19,1,5,0,0,4,0,0,0,0,1,1,6,6,1,92,11,1968,2,5,VOLKSWAGEN GOLF,7,E01016166,0,-1
2020332000222,2020,332000222,1,9,0,18,19,1,5,0,0,0,0,0,0,0,1,1,6,6,1,18,4,1896,2,12,VOLKSWAGEN GOLF,3,E01013765,0,-1
2020302001383,2020,302001383,1,9,0,13,13,2,8,0,0,0,0,7,1,4,3,1,6,6,1,42,7,1900,2,22,VOLKSWAGEN GOLF,5,E01033537,0,-1
2020220932157,2020,220932157,2,9,0,18,19,1,5,0,0,8,0,0,0,0,1,1,5,6,2,20,4,1968,2,6,VOLKSWAGEN GOLF,6,E01012564,0,-1
2020052000764,2020,052000764,1,9,0,5,5,6,2,0,0,1,0,0,0,0,1,1,6,6,2,-1,-1,1598,2,9,VOLKSWAGEN GOLF,-1,-1,0,-1
202006A276723,2020,06A276723,2,9,0,1,1,8,4,0,0,0,0,0,7,0,2,1,1,1,1,30,6,1984,1,1,VOLKSWAGEN GOLF,1,E01005108,0,-1
202054B010620,2020,54B010620,2,9,0,10,10,2,6,0,0,8,0,0,0,0,2,1,6,6,2,33,6,1598,2,2,VOLKSWAGEN GOLF,-1,-1,0,-1
2020622000371,2020,622000371,2,9,0,18,19,2,6,0,0,0,0,0,0,0,1,1,6,6,1,40,7,999,1,2,VOLKSWAGEN GOLF,1,W01001308,0,-1
202006E479797,2020,06E479797,1,9,0,1,1,3,7,0,0,1,0,0,7,10,2,1,6,6,1,39,7,1968,2,9,VOLKSWAGEN GOLF,1,E01005074,0,-1
2020430165791,2020,430165791,2,9,0,18,19,5,1,0,0,0,0,0,0,0,4,1,2,2,2,41,7,1968,2,13,VOLKSWAGEN GOLF,5,E01016483,0,-1
2020500998032,2020,500998032,1,9,0,18,19,1,5,0,0,0,0,0,0,0,4,1,5,6,3,-1,-1,1896,2,13,VOLKSWAGEN GOLF,-1,-1,0,-1
2020010259886,2020,010259886,1,9,0,18,19,3,7,0,0,0,0,0,0,0,1,1,1,1,1,36,7,1390,1,14,VOLKSWAGEN GOLF,2,E01003248,0,-1
2020500997783,2020,500997783,1,9,0,17,19,2,7,0,0,0,2,0,1,2,3,1,6,6,1,25,5,1896,2,19,VOLKSWAGEN GOLF,6,E01019893,0,-1
2020137B11219,2020,137B11219,1,9,0,16,19,5,8,0,0,0,1,0,0,0,1,1,6,6,3,-1,-1,1968,2,11,VOLKSWAGEN GOLF,-1,-1,0,-1
2020522100745,2020,522100745,1,9,0,12,12,5,1,0,0,0,0,0,0,0,1,1,6,6,1,19,4,1598,1,18,VOLKSWAGEN GOLF,8,E01014509,0,-1
2020500950967,2020,500950967,1,9,0,13,13,8,4,0,0,0,1,0,0,0,1,1,6,6,1,54,8,1498,1,2,VOLKSWAGEN GOLF,3,E01018993,0,-1
2020010258362,2020,010258362,2,9,0,18,19,1,5,0,0,2,0,4,0,0,1,1,6,6,1,40,7,1968,2,4,VOLKSWAGEN GOLF,7,E01004153,0,-1
2020460976752,2020,460976752,1,9,0,16,19,1,5,0,0,1,0,0,0,0,4,1,5,6,1,73,10,1968,2,1,VOLKSWAGEN GOLF,10,E01023696,0,-1
2020040946641,2020,040946641,1,9,0,18,19,1,5,0,0,4,0,0,0,0,1,1,2,2,1,20,4,1395,1,4,VOLKSWAGEN GOLF,7,E01007067,0,-1
202006A372752,2020,06A372752,3,9,0,2,2,0,0,9,9,0,0,4,0,0,2,1,6,6,2,33,6,1197,1,7,VOLKSWAGEN GOLF,1,E01005092,0,-1
2020230987720,2020,230987720,1,9,0,4,4,2,8,0,0,8,0,0,0,0,2,1,5,6,1,30,6,1598,1,17,VOLKSWAGEN GOLF,4,E01031115,0,-1
2020460931684,2020,460931684,2,9,0,18,19,7,3,0,0,3,0,0,0,0,4,1,6,6,1,24,5,1598,2,3,VOLKSWAGEN GOLF,6,E01024340,0,-1
2020410985305,2020,410985305,1,9,0,5,5,-1,-1,0,0,6,0,0,0,0,1,1,6,6,1,57,9,1498,1,2,VOLKSWAGEN GOLF,7,E01023679,0,-1
2020200946439,2020,200946439,3,9,0,18,19,5,1,0,0,8,1,0,0,0,1,1,6,6,1,42,7,1896,2,16,VOLKSWAGEN GOLF,2,E01010420,0,-1
2020990920405,2020,990920405,1,9,0,9,9,5,3,0,0,8,0,0,0,0,1,1,1,1,1,29,6,1598,1,15,VOLKSWAGEN GOLF,10,-1,0,-1
2020200929727,2020,200929727,1,9,0,18,19,-1,-1,0,0,0,0,0,0,0,1,1,6,6,1,-1,-1,1968,2,13,VOLKSWAGEN GOLF,-1,-1,0,-1
2020170M11310,2020,170M11310,1,9,0,18,19,5,1,0,0,0,0,0,0,0,1,1,6,6,2,71,10,1984,1,5,VOLKSWAGEN GOLF,7,E01012055,0,-1
2020351006716,2020,351006716,2,9,0,18,19,3,7,0,0,0,0,0,0,0,1,1,5,6,1,21,5,1896,2,13,VOLKSWAGEN GOLF,6,E01015691,0,-1
2020430050305,2020,430050305,2,9,0,4,4,8,4,0,0,1,0,0,0,0,2,1,6,6,1,58,9,1896,2,13,VOLKSWAGEN GOLF,4,E01016521,0,-1
2020137B60901,2020,137B60901,1,9,0,18,19,1,5,0,0,1,0,0,0,0,1,1,6,6,1,40,7,1598,2,9,VOLKSWAGEN GOLF,2,E01032500,0,-1
2020040976960,2020,040976960,2,9,0,9,9,5,3,0,0,8,0,0,0,0,2,1,5,6,2,28,6,1598,2,3,VOLKSWAGEN GOLF,1,E01024877,0,-1
2020230955619,2020,230955619,2,9,0,18,19,2,6,0,0,0,0,0,0,0,1,1,5,6,1,26,6,1498,1,0,VOLKSWAGEN GOLF,1,E01009607,0,-1
2020010285134,2020,010285134,1,9,0,18,19,1,5,0,0,5,1,0,0,0,1,1,6,6,2,22,5,999,1,1,VOLKSWAGEN GOLF,3,E01003091,0,-1
2020350949621,2020,350949621,1,9,0,18,19,1,1,0,0,0,0,0,0,0,1,1,5,6,1,73,10,1598,2,10,VOLKSWAGEN GOLF,-1,-1,0,-1
2020460979571,2020,460979571,1,9,0,16,19,3,7,0,0,0,5,10,0,0,3,1,5,6,1,36,7,1984,1,4,VOLKSWAGEN GOLF,3,E01016037,0,-1
2020470932784,2020,470932784,1,9,0,9,9,5,3,0,0,8,0,0,0,0,0,1,6,6,1,20,4,1390,1,14,VOLKSWAGEN GOLF,7,E01021108,0,-1
2020450947920,2020,450947920,1,9,0,4,4,7,3,0,0,0,0,0,0,0,2,1,5,6,1,44,7,1968,2,6,VOLKSWAGEN GOLF,9,E01030646,0,-1
2020100919782,2020,100919782,3,9,0,4,4,5,1,0,0,0,0,0,0,0,2,1,5,6,1,88,11,1968,2,6,VOLKSWAGEN GOLF,4,E01027382,0,-1
2020470925723,2020,470925723,1,9,0,18,19,1,5,1,1,1,0,0,0,0,1,1,5,6,1,34,6,1900,2,14,VOLKSWAGEN GOLF,5,E01031442,0,-1
2020530939154,2020,530939154,2,9,0,18,19,5,1,0,0,0,0,0,0,0,2,1,1,1,2,34,6,1598,1,13,VOLKSWAGEN GOLF,6,E01032407,0,-1
2020010258930,2020,010258930,2,9,0,2,2,0,0,0,0,0,0,0,0,0,2,1,6,6,3,-1,-1,1896,2,17,VOLKSWAGEN GOLF,-1,-1,0,-1
2020500989729,2020,500989729,1,9,0,11,11,1,7,0,0,0,0,0,0,0,3,1,5,6,2,50,8,1968,2,14,VOLKSWAGEN GOLF,9,E01020092,0,-1
202006F276554,2020,06F276554,1,9,0,18,19,8,4,0,0,0,0,0,0,0,1,1,6,6,3,-1,-1,2000,2,15,VOLKSWAGEN GOLF,-1,-1,0,-1
2020010281897,2020,010281897,1,9,0,99,99,9,9,99,99,9,9,99,9,99,9,9,2,2,1,28,6,1390,1,8,VOLKSWAGEN GOLF,2,E01002506,0,-1
2020010239447,2020,010239447,2,9,0,9,9,7,5,0,0,8,0,0,0,0,1,1,2,2,1,32,6,1390,1,9,VOLKSWAGEN GOLF,10,E01000815,0,-1
2020010270180,2020,010270180,1,9,0,18,19,3,7,0,0,1,0,0,0,0,2,1,6,6,2,26,6,1968,2,2,VOLKSWAGEN GOLF,9,E01021458,0,-1
202006XE77104,2020,06XE77104,4,9,0,18,19,5,1,0,0,8,0,0,0,0,1,1,6,6,1,28,6,1900,2,14,VOLKSWAGEN GOLF,1,E01005272,0,-1
2020140955809,2020,140955809,2,9,0,18,19,1,5,0,0,3,0,0,0,0,1,2,5,6,1,44,7,1896,2,13,VOLKSWAGEN GOLF,4,E01007653,0,-1
2020991010117,2020,991010117,2,9,0,13,13,5,1,0,0,1,0,0,0,0,1,1,2,2,1,22,5,1984,1,4,VOLKSWAGEN GOLF,3,-1,0,-1
2020052002366,2020,052002366,1,9,0,9,9,3,1,0,0,8,0,0,0,0,4,1,6,6,2,33,6,1984,1,3,VOLKSWAGEN GOLF,4,E01006528,0,-1
2020460951057,2020,460951057,2,9,0,18,19,8,4,0,0,2,0,11,0,0,4,1,6,6,2,39,7,1390,1,16,VOLKSWAGEN GOLF,3,E01024309,0,-1
2020010285923,2020,010285923,2,9,0,99,99,9,9,99,99,9,9,99,9,99,9,9,6,6,2,-1,-1,1390,1,14,VOLKSWAGEN GOLF,-1,-1,0,-1
2020200946461,2020,200946461,1,9,0,18,19,8,4,0,0,8,1,10,3,2,1,1,6,6,1,26,6,1390,1,11,VOLKSWAGEN GOLF,1,E01009013,0,-1
2020460918372,2020,460918372,1,9,0,18,19,7,3,0,0,0,0,0,-1,0,1,1,6,6,1,-1,-1,1600,1,14,VOLKSWAGEN GOLF,-1,-1,0,-1
2020030973754,2020,030973754,2,9,0,18,19,3,7,0,0,1,0,0,0,0,1,1,2,2,1,61,9,1598,2,3,VOLKSWAGEN GOLF,3,E01019221,0,-1
20201379E0262,2020,1379E0262,1,9,0,17,19,6,2,0,0,4,0,0,0,0,3,1,1,1,1,33,6,1896,2,16,VOLKSWAGEN GOLF,5,E01007909,0,-1
2020430303783,2020,430303783,2,9,0,4,4,5,1,0,0,1,0,0,0,0,1,1,6,6,2,57,9,1968,2,10,VOLKSWAGEN GOLF,10,E01028459,0,-1
2020160995642,2020,160995642,1,9,0,9,9,1,7,0,0,0,0,0,0,0,3,1,5,6,1,39,7,1968,2,5,VOLKSWAGEN GOLF,-1,-1,0,-1
2020360939617,2020,360939617,1,9,0,18,19,1,5,0,0,0,0,0,0,0,1,1,5,6,1,26,6,1395,1,6,VOLKSWAGEN GOLF,4,E01026909,0,-1
2020010236862,2020,010236862,1,9,0,99,99,9,9,0,0,1,9,0,0,99,2,9,6,6,1,32,6,1896,2,16,VOLKSWAGEN GOLF,8,E01002452,0,-1
2020302000663,2020,302000663,1,9,0,6,6,1,1,0,0,8,1,10,7,11,1,1,6,6,1,40,7,1598,1,15,VOLKSWAGEN GOLF,5,E01019623,0,-1
2020137791423,2020,137791423,2,9,0,18,19,7,3,0,0,0,0,0,0,0,3,1,6,6,1,18,4,1900,2,14,VOLKSWAGEN GOLF,1,E01010620,0,-1
2020137BA1100,2020,137BA1100,1,9,0,18,19,7,3,0,0,0,0,0,0,0,1,1,6,6,1,88,11,1968,2,10,VOLKSWAGEN GOLF,9,E01010648,0,-1
2020990961064,2020,990961064,2,9,0,3,3,7,3,0,0,1,0,0,0,0,2,1,6,6,2,23,5,1984,1,4,VOLKSWAGEN GOLF,1,-1,0,-1
2020430140949,2020,430140949,1,9,0,9,9,5,3,0,0,6,0,0,0,0,1,1,6,6,1,24,5,1390,1,14,VOLKSWAGEN GOLF,8,E01016815,0,-1
2020320594878,2020,320594878,1,9,0,17,19,3,7,0,0,1,0,0,3,1,1,1,1,1,1,26,6,1598,2,3,VOLKSWAGEN GOLF,3,E01008895,0,-1
2020552100073,2020,552100073,1,9,0,6,6,5,5,0,0,0,0,0,7,0,3,1,2,2,1,45,7,1900,2,16,VOLKSWAGEN GOLF,9,E01015316,0,-1
2020231018806,2020,231018806,1,9,0,18,19,1,5,0,0,0,0,0,0,0,1,1,5,6,2,72,10,1600,1,15,VOLKSWAGEN GOLF,3,E01009441,0,-1
2020160935170,2020,160935170,1,9,0,18,19,7,3,0,0,0,0,0,0,0,1,1,5,6,1,55,8,1984,1,6,VOLKSWAGEN GOLF,8,E01013185,0,-1
2020140998437,2020,140998437,1,9,0,18,19,8,4,0,0,0,0,0,0,0,1,1,6,6,3,-1,-1,1598,2,8,VOLKSWAGEN GOLF,-1,-1,0,-1
2020522005056,2020,522005056,1,9,0,18,19,7,3,0,0,8,0,0,0,0,1,1,6,6,2,37,7,1390,1,11,VOLKSWAGEN GOLF,10,E01014879,0,-1
2020010286151,2020,010286151,1,9,0,18,19,1,5,0,0,1,0,0,0,0,1,1,2,2,1,34,6,1896,2,13,VOLKSWAGEN GOLF,-1,-1,0,-1
2020040951929,2020,040951929,2,9,0,18,19,5,1,0,0,1,0,0,0,0,4,1,2,2,2,27,6,1598,2,5,VOLKSWAGEN GOLF,8,E01025056,0,-1
2020522100087,2020,522100087,1,9,0,1,1,8,4,0,0,6,0,0,0,0,2,1,6,6,2,46,8,1896,2,17,VOLKSWAGEN GOLF,4,E01014542,0,-1
2020137990018,2020,137990018,2,9,0,18,19,6,2,0,0,0,2,0,0,0,1,1,6,6,1,48,8,2000,2,14,VOLKSWAGEN GOLF,-1,-1,0,-1
2020350968650,2020,350968650,1,9,0,18,19,2,2,0,0,0,0,0,0,0,0,1,5,6,1,51,8,1968,2,11,VOLKSWAGEN GOLF,5,E01015688,0,-1
2020141002346,2020,141002346,1,9,0,9,9,3,1,9,9,6,0,0,0,0,3,1,6,6,2,33,6,1984,1,1,VOLKSWAGEN GOLF,7,E01007604,0,-1
2020220932549,2020,220932549,1,9,0,18,19,4,8,0,0,0,0,0,0,0,4,1,5,6,1,18,4,1390,1,10,VOLKSWAGEN GOLF,4,E01032409,0,-1
2020010257378,2020,010257378,2,9,0,99,99,9,9,99,99,9,9,99,9,99,1,9,6,6,3,30,6,1390,1,12,VOLKSWAGEN GOLF,3,E01004528,0,-1
2020010287027,2020,010287027,1,9,9,18,19,1,5,99,99,9,9,0,0,0,1,9,6,6,1,38,7,1900,2,15,VOLKSWAGEN GOLF,2,E01002703,0,-1
2020460985791,2020,460985791,2,9,0,4,4,1,5,0,0,1,0,0,0,0,4,1,5,6,1,29,6,1896,2,16,VOLKSWAGEN GOLF,1,E01024659,0,-1
2020200934559,2020,200934559,2,9,0,18,19,6,2,0,0,0,1,10,1,0,2,1,6,6,1,26,6,2000,2,16,VOLKSWAGEN GOLF,1,E01008898,0,-1
2020010261564,2020,010261564,1,9,0,18,19,4,8,0,0,0,1,10,0,0,2,1,6,6,1,22,5,1896,2,18,VOLKSWAGEN GOLF,-1,-1,0,-1