collision_index,collision_year,collision_ref_no,vehicle_reference,vehicle_type,towing_and_articulation,vehicle_manoeuvre_historic,vehicle_manoeuvre,vehicle_direction_from,vehicle_direction_to,vehicle_location_restricted_lane_historic,vehicle_location_restricted_lane,junction_location,skidding_and_overturning,hit_object_in_carriageway,vehicle_leaving_carriageway,hit_object_off_carriageway,first_point_of_impact,vehicle_left_hand_drive,journey_purpose_of_driver_historic,journey_purpose_of_driver,sex_of_driver,age_of_driver,age_band_of_driver,engine_capacity_cc,propulsion_code,age_of_vehicle,generic_make_model,driver_imd_decile,lsoa_of_driver,escooter_flag,driver_distance_banding
2020201004760,2020,201004760,2,9,0,18,19,-1,-1,0,0,0,0,0,0,0,3,1,1,1,1,26,6,1968,2,12,VOLKSWAGEN GOLF,3,E01017971,0,-1
2020030940853,2020,030940853,2,9,0,18,19,3,7,0,0,0,0,0,0,0,1,1,1,1,1,23,5,1984,1,5,VOLKSWAGEN GOLF,3,E01019171,0,-1
2020360946316,2020,360946316,1,9,0,1,1,8,7,9,9,0,0,0,0,0,2,1,5,6,1,42,7,1598,2,9,VOLKSWAGEN GOLF,1,E01026868,0,-1
2020231009240,2020,231009240,3,9,0,18,19,1,5,0,0,0,0,0,0,0,1,1,5,6,1,22,5,1896,2,17,VOLKSWAGEN GOLF,8,E01022177,0,-1
2020040928294,2020,040928294,1,9,0,16,19,5,1,0,0,0,0,0,7,0,1,1,6,6,1,17,4,1984,1,3,VOLKSWAGEN GOLF,1,E01024856,0,-1
2020200956951,2020,200956951,1,9,0,1,1,7,3,0,0,6,0,10,3,11,2,1,6,6,1,31,6,1390,1,9,VOLKSWAGEN GOLF,7,E01010219,0,-1
2020010279736,2020,010279736,2,9,0,18,19,7,3,0,0,1,0,0,0,0,3,1,6,6,3,-1,-1,1598,2,7,VOLKSWAGEN GOLF,-1,-1,0,-1
2020430208875,2020,430208875,1,9,0,18,19,4,8,0,0,1,0,0,0,0,4,1,6,6,1,27,6,1968,2,8,VOLKSWAGEN GOLF,4,E01016516,0,-1
2020010242412,2020,010242412,2,9,0,99,99,9,9,99,99,9,9,99,9,99,1,9,6,6,3,-1,-1,1984,1,6,VOLKSWAGEN GOLF,-1,-1,0,-1
2020470989797,2020,470989797,2,9,0,16,19,1,4,0,0,0,0,0,1,0,1,2,5,6,1,58,9,3200,1,14,VOLKSWAGEN GOLF,9,E01021115,0,-1
2020110938763,2020,110938763,2,9,0,9,9,5,3,0,0,3,0,0,0,0,1,1,2,2,1,34,6,1896,2,17,VOLKSWAGEN GOLF,3,E01020868,0,-1
2020010249671,2020,010249671,1,9,0,9,9,5,3,0,0,6,0,0,0,0,1,1,6,6,2,75,10,1598,1,13,VOLKSWAGEN GOLF,9,E01003202,0,-1
2020010239538,2020,010239538,1,9,0,5,5,1,5,0,0,0,0,0,0,0,4,1,3,7,1,42,7,1968,2,14,VOLKSWAGEN GOLF,4,E01024258,0,-1
2020990959534,2020,990959534,1,9,0,4,4,4,8,0,0,0,0,0,0,0,3,1,5,6,2,29,6,1968,2,3,VOLKSWAGEN GOLF,6,-1,0,-1
2020052001806,2020,052001806,1,9,0,9,9,2,8,0,0,8,0,0,0,0,1,1,6,6,1,42,7,1984,1,5,VOLKSWAGEN GOLF,1,E01007127,0,-1
2020200944646,2020,200944646,1,9,0,18,19,2,6,0,0,0,1,10,7,7,1,1,6,6,1,20,4,1600,2,11,VOLKSWAGEN GOLF,1,E01010342,0,-1
2020552000712,2020,552000712,2,9,0,3,3,7,3,0,0,8,0,0,0,0,2,1,6,6,2,53,8,1598,2,11,VOLKSWAGEN GOLF,7,E01020349,0,-1
2020470941917,2020,470941917,2,9,0,18,19,4,8,0,0,8,0,0,0,0,4,1,6,6,2,-1,-1,1598,2,2,VOLKSWAGEN GOLF,4,E01004617,0,-1
2020140974605,2020,140974605,2,9,0,2,2,5,1,0,0,0,0,0,0,0,2,1,2,2,1,29,6,1896,2,11,VOLKSWAGEN GOLF,7,E01011849,0,-1
202031D134820,2020,31D134820,2,9,0,9,9,5,3,0,0,5,0,0,0,0,2,1,6,6,1,26,6,1600,1,16,VOLKSWAGEN GOLF,10,E01028088,0,-1
2020500956371,2020,500956371,2,9,0,17,19,8,2,0,0,0,0,0,0,0,1,1,5,6,1,53,8,1968,2,8,VOLKSWAGEN GOLF,7,E01020214,0,-1
2020360970328,2020,360970328,2,9,0,4,4,5,1,0,0,0,0,0,0,0,2,1,5,6,1,23,5,1968,2,6,VOLKSWAGEN GOLF,5,E01026712,0,-1
2020010286751,2020,010286751,2,9,0,9,9,5,4,0,0,1,0,0,0,0,3,1,6,6,1,42,7,1395,8,4,VOLKSWAGEN GOLF,4,E01000965,0,-1
2020070025853,2020,070025853,2,9,0,18,19,7,2,0,0,3,0,0,0,0,4,1,6,6,1,22,5,1598,2,5,VOLKSWAGEN GOLF,2,E01006297,0,-1
2020010277260,2020,010277260,2,9,0,99,99,9,9,99,99,9,9,99,9,99,1,9,6,6,3,-1,-1,1598,2,9,VOLKSWAGEN GOLF,-1,-1,0,-1
2020370961496,2020,370961496,2,9,0,-1,-1,-1,-1,-1,-1,0,-1,-1,-1,0,-1,1,6,6,1,71,10,1395,1,5,VOLKSWAGEN GOLF,4,E01029949,0,-1
2020010278282,2020,010278282,1,9,0,18,19,8,4,0,0,2,0,0,0,0,1,1,6,6,1,20,4,1390,1,15,VOLKSWAGEN GOLF,2,E01004326,0,-1
2020140938988,2020,140938988,1,9,0,10,10,4,2,0,0,8,0,0,0,0,3,1,6,6,2,63,9,1598,2,6,VOLKSWAGEN GOLF,2,E01007464,0,-1
202063B082720,2020,63B082720,1,9,0,16,19,5,8,0,0,0,0,0,0,0,1,1,6,6,2,33,6,1968,2,5,VOLKSWAGEN GOLF,5,W01000535,0,-1
2020990983796,2020,990983796,1,9,0,18,19,5,3,0,0,0,5,10,7,0,3,1,5,6,1,28,6,1781,1,28,VOLKSWAGEN GOLF,6,-1,0,-1
2020350941565,2020,350941565,2,9,0,5,5,2,6,0,0,8,0,0,0,0,3,1,1,1,2,48,8,1600,1,16,VOLKSWAGEN GOLF,5,E01017945,0,-1
2020552001226,2020,552001226,2,9,0,16,19,2,6,0,0,0,1,0,1,0,1,1,2,2,2,33,6,1968,2,1,VOLKSWAGEN GOLF,8,E01020514,0,-1
2020040990406,2020,040990406,1,9,0,9,9,5,1,0,0,6,0,0,0,0,1,1,6,6,1,49,8,1968,2,1,VOLKSWAGEN GOLF,2,E01006405,0,-1
2020010286666,2020,010286666,2,9,0,99,99,9,9,99,99,9,9,99,9,99,1,9,6,6,3,-1,-1,1390,1,17,VOLKSWAGEN GOLF,7,E01001657,0,-1
2020141007966,2020,141007966,2,9,0,18,19,5,8,0,0,2,0,0,0,0,1,1,6,6,1,28,6,1896,2,12,VOLKSWAGEN GOLF,2,E01008107,0,-1
2020010269492,2020,010269492,2,9,0,10,10,1,7,0,0,6,0,0,0,0,1,1,3,7,2,35,6,1598,2,6,VOLKSWAGEN GOLF,1,E01004005,0,-1
2020010249603,2020,010249603,2,9,0,99,99,9,9,99,99,9,9,99,9,99,1,9,6,6,3,-1,-1,1395,1,7,VOLKSWAGEN GOLF,-1,-1,0,-1
2020410998347,2020,410998347,1,9,0,18,19,5,1,0,0,0,0,10,0,0,1,1,6,6,3,-1,-1,1900,2,14,VOLKSWAGEN GOLF,-1,-1,0,-1
2020010274088,2020,010274088,1,9,0,18,19,1,5,0,0,0,0,7,0,0,3,1,6,6,1,28,6,1390,1,9,VOLKSWAGEN GOLF,-1,-1,0,-1
2020010248774,2020,010248774,2,9,0,99,99,9,9,99,99,9,9,99,9,99,1,9,6,6,3,42,7,1968,2,3,VOLKSWAGEN GOLF,5,E01002897,0,-1
2020340K07342,2020,340K07342,3,9,0,18,19,1,5,0,0,0,0,0,0,0,1,1,2,2,1,23,5,2000,1,15,VOLKSWAGEN GOLF,3,E01013719,0,-1
2020137760548,2020,137760548,2,9,0,18,19,5,8,0,0,4,0,0,0,0,2,1,6,6,1,22,5,1896,2,12,VOLKSWAGEN GOLF,1,E01007715,0,-1
2020010234163,2020,010234163,2,9,0,9,9,6,4,0,0,8,9,0,0,99,4,9,6,6,1,29,6,1896,2,13,VOLKSWAGEN GOLF,10,E01001032,0,-1
2020549613320,2020,549613320,3,9,0,7,7,0,0,0,0,1,0,0,0,0,1,1,6,6,2,8,2,1598,2,9,VOLKSWAGEN GOLF,7,E01032073,0,-1
2020430077595,2020,430077595,1,9,0,3,3,4,8,0,0,1,0,0,0,0,1,1,2,2,1,75,10,1968,2,8,VOLKSWAGEN GOLF,10,E01016627,0,-1
202063D034620,2020,63D034620,1,9,0,9,9,4,2,0,0,5,0,0,0,0,1,1,2,2,1,39,7,1900,2,14,VOLKSWAGEN GOLF,5,W01000452,0,-1
2020400924489,2020,400924489,1,9,0,9,9,1,7,0,0,1,0,0,0,0,3,1,1,1,1,43,7,1968,2,0,VOLKSWAGEN GOLF,6,E01017481,0,-1
2020010277234,2020,010277234,1,9,0,8,8,6,8,0,0,6,0,0,0,0,1,1,6,6,1,50,8,3200,1,14,VOLKSWAGEN GOLF,2,E01003918,0,-1
2020030981392,2020,030981392,3,9,0,18,19,1,5,0,0,1,0,0,7,0,4,1,6,6,1,58,9,1395,1,3,VOLKSWAGEN GOLF,9,E01019287,0,-1
2020460998157,2020,460998157,1,9,0,13,13,5,2,0,0,0,0,0,0,0,1,1,6,6,2,34,6,1498,1,2,VOLKSWAGEN GOLF,4,E01016129,0,-1
2020460974687,2020,460974687,2,9,0,4,4,6,2,0,0,0,0,0,0,0,2,1,5,6,2,37,7,1600,2,11,VOLKSWAGEN GOLF,4,E01024539,0,-1
2020420982143,2020,420982143,2,9,0,18,19,7,3,0,0,0,0,0,0,0,2,1,5,6,2,33,6,1600,1,16,VOLKSWAGEN GOLF,5,E01033446,0,-1
2020522003880,2020,522003880,1,9,0,16,19,5,1,0,0,0,1,0,7,10,1,1,6,6,2,17,4,2000,2,15,VOLKSWAGEN GOLF,7,E01015017,0,-1
2020522000806,2020,522000806,3,9,0,3,3,8,4,0,0,1,0,0,0,0,0,1,6,6,3,40,7,2000,2,15,VOLKSWAGEN GOLF,-1,-1,0,-1
2020010275685,2020,010275685,2,9,0,17,19,2,6,0,0,1,0,0,0,0,1,1,6,6,1,24,5,1968,2,11,VOLKSWAGEN GOLF,7,E01019418,0,-1
2020522100065,2020,522100065,2,9,0,18,19,5,3,0,0,8,0,0,0,0,1,1,6,6,1,63,9,1498,1,1,VOLKSWAGEN GOLF,9,E01014862,0,-1
2020470958644,2020,470958644,2,9,0,5,5,6,2,0,0,2,0,0,0,0,2,2,5,6,2,27,6,1390,1,10,VOLKSWAGEN GOLF,2,E01020955,0,-1
20201375B1080,2020,1375B1080,1,9,0,16,19,8,3,0,0,0,0,0,0,0,1,1,6,6,1,21,5,1984,1,7,VOLKSWAGEN GOLF,1,E01010880,0,-1
2020990937602,2020,990937602,3,9,0,2,2,0,0,0,0,0,0,0,0,0,3,1,5,6,1,28,6,1984,1,12,VOLKSWAGEN GOLF,2,-1,0,-1
2020450984635,2020,450984635,2,9,0,3,3,3,7,0,0,1,0,0,0,0,3,1,5,6,1,24,5,1498,1,0,VOLKSWAGEN GOLF,10,E01030797,0,-1
2020470978417,2020,470978417,3,9,0,3,3,3,7,0,0,1,0,0,0,0,2,1,5,6,1,23,5,1598,2,9,VOLKSWAGEN GOLF,9,E01031353,0,-1
2020610007920,2020,610007920,2,9,0,9,9,3,1,0,0,6,0,0,0,0,4,1,2,2,1,40,7,1968,2,9,VOLKSWAGEN GOLF,6,W01001369,0,-1
2020430251040,2020,430251040,1,9,0,18,19,3,7,0,0,0,0,0,0,0,1,1,6,6,2,35,6,1598,2,6,VOLKSWAGEN GOLF,7,E01017910,0,-1
2020411008990,2020,411008990,1,9,0,18,19,5,1,0,0,0,1,0,0,0,1,1,6,6,1,22,5,1598,1,15,VOLKSWAGEN GOLF,3,E01023866,0,-1
2020200992301,2020,200992301,1,9,0,1,1,-1,-1,0,0,0,0,0,0,0,2,1,6,6,1,50,8,2000,2,14,VOLKSWAGEN GOLF,1,E01009367,0,-1
2020052001453,2020,052001453,2,9,0,18,19,6,2,0,0,1,0,0,0,0,1,1,6,6,1,39,7,1968,2,10,VOLKSWAGEN GOLF,10,E01007200,0,-1
202063C026320,2020,63C026320,1,9,0,18,19,1,5,0,0,0,0,0,7,10,1,1,6,6,1,25,5,1598,1,16,VOLKSWAGEN GOLF,3,W01000568,0,-1
2020410944024,2020,410944024,1,9,0,18,19,3,7,0,0,0,0,0,6,0,3,1,6,6,2,59,9,1598,2,9,VOLKSWAGEN GOLF,7,E01023513,0,-1
2020101002692,2020,101002692,2,9,0,18,19,3,7,0,0,0,0,0,0,0,2,1,1,1,1,19,4,1390,1,11,VOLKSWAGEN GOLF,8,E01008188,0,-1
202054C654820,2020,54C654820,2,9,0,9,9,1,5,0,0,4,0,0,0,0,1,1,6,6,2,39,7,1390,1,13,VOLKSWAGEN GOLF,4,E01032714,0,-1
2020052002326,2020,052002326,2,9,0,2,2,0,0,0,0,0,0,0,0,0,3,1,6,6,3,-1,-1,1197,1,6,VOLKSWAGEN GOLF,-1,-1,0,-1
2020332000058,2020,332000058,1,9,0,18,19,3,7,0,0,8,0,0,0,0,1,1,6,6,2,21,5,1395,1,3,VOLKSWAGEN GOLF,10,E01025780,0,-1
2020460959269,2020,460959269,1,9,0,4,4,1,6,0,0,4,0,9,1,1,1,1,6,6,1,81,11,1968,2,0,VOLKSWAGEN GOLF,6,E01024783,0,-1
2020360997303,2020,360997303,1,9,0,18,19,4,8,0,0,0,0,0,0,0,1,1,6,6,1,27,6,1390,1,16,VOLKSWAGEN GOLF,8,E01026840,0,-1
2020137561631,2020,137561631,1,9,0,9,9,3,1,0,0,0,0,0,0,0,1,1,6,6,1,30,6,1896,2,18,VOLKSWAGEN GOLF,1,E01010813,0,-1
2020470961800,2020,470961800,1,9,0,18,19,5,1,0,0,0,0,0,0,0,3,1,6,6,1,73,10,1984,1,6,VOLKSWAGEN GOLF,6,E01031445,0,-1
2020010245737,2020,010245737,2,9,0,5,5,2,6,0,0,1,0,0,0,0,2,1,6,6,1,26,6,1197,1,7,VOLKSWAGEN GOLF,2,E01001551,0,-1
2020480932288,2020,480932288,1,8,0,16,19,3,7,0,0,0,0,0,0,0,1,1,1,1,1,62,9,999,1,2,VOLKSWAGEN GOLF,4,E01000801,0,-1
2020370981384,2020,370981384,2,9,0,18,19,2,6,0,0,8,0,0,0,0,2,1,5,6,2,38,7,1968,2,9,VOLKSWAGEN GOLF,7,E01030200,0,-1
2020440048056,2020,440048056,1,9,0,5,5,3,1,0,0,8,0,0,0,0,1,1,6,6,2,28,6,1390,1,17,VOLKSWAGEN GOLF,7,E01017047,0,-1
2020340N08312,2020,340N08312,1,9,0,18,19,1,5,0,0,3,0,10,1,1,0,1,6,6,1,85,11,1498,1,1,VOLKSWAGEN GOLF,5,E01027215,0,-1
2020010279402,2020,010279402,1,9,0,18,19,3,7,0,0,3,0,4,0,0,1,1,6,6,1,26,6,1400,1,20,VOLKSWAGEN GOLF,4,E01002603,0,-1
2020460950693,2020,460950693,1,9,0,18,19,5,1,0,0,1,0,4,0,0,1,1,5,6,2,39,7,1598,2,2,VOLKSWAGEN GOLF,4,E01024384,0,-1
2020010237944,2020,010237944,1,9,0,4,4,5,1,0,0,8,0,0,0,0,1,1,2,2,1,50,8,1900,2,15,VOLKSWAGEN GOLF,3,E01002589,0,-1
2020450942481,2020,450942481,1,9,0,18,19,3,7,0,0,1,0,0,0,0,1,1,5,6,2,28,6,1600,1,16,VOLKSWAGEN GOLF,3,E01001166,0,-1
2020010248559,2020,010248559,1,9,0,7,7,5,8,0,0,1,0,0,0,0,2,1,6,6,3,-1,-1,1390,1,17,VOLKSWAGEN GOLF,-1,-1,0,-1
2020340S00462,2020,340S00462,1,9,0,13,13,5,1,0,0,0,0,0,0,0,4,1,6,6,1,-1,-1,1598,2,9,VOLKSWAGEN GOLF,-1,-1,0,-1
2020351009347,2020,351009347,1,9,0,17,19,7,3,0,0,0,5,0,1,9,1,1,5,6,2,17,4,1390,1,14,VOLKSWAGEN GOLF,7,E01018125,0,-1
2020010278696,2020,010278696,3,9,0,18,19,5,1,0,0,0,1,4,0,0,1,1,6,6,1,20,4,1598,2,6,VOLKSWAGEN GOLF,4,E01015712,0,-1
2020101009889,2020,101009889,1,9,0,18,19,5,1,0,0,0,0,0,0,0,1,1,6,6,1,38,7,2000,2,15,VOLKSWAGEN GOLF,1,E01008703,0,-1
2020100935529,2020,100935529,1,9,0,4,4,3,3,0,0,4,0,0,0,0,1,1,5,6,1,53,8,1968,2,14,VOLKSWAGEN GOLF,2,E01027519,0,-1
2020010259939,2020,010259939,2,9,0,18,19,8,4,0,0,1,0,0,0,0,1,1,6,6,1,45,7,2000,2,16,VOLKSWAGEN GOLF,7,E01004629,0,-1
2020200970587,2020,200970587,2,9,0,5,5,2,6,0,0,8,0,0,0,0,2,1,2,2,1,48,8,1598,7,17,VOLKSWAGEN GOLF,3,E01009045,0,-1
2020111003620,2020,111003620,2,9,0,4,4,5,1,0,0,0,0,0,0,0,2,1,6,6,2,65,9,1598,2,3,VOLKSWAGEN GOLF,10,E01020719,0,-1
2020302001384,2020,302001384,1,9,0,18,19,2,6,0,0,1,0,0,0,0,1,1,6,6,1,26,6,1896,2,17,VOLKSWAGEN GOLF,2,E01013569,0,-1
2020501001360,2020,501001360,1,9,0,7,7,7,1,0,0,0,0,0,0,0,4,1,6,6,1,23,5,1395,1,7,VOLKSWAGEN GOLF,2,E01018860,0,-1
2020070474746,2020,070474746,1,9,0,18,19,6,2,0,0,0,0,0,0,0,1,1,6,6,1,45,7,1395,1,3,VOLKSWAGEN GOLF,4,E01018747,0,-1
2020010237457,2020,010237457,2,9,0,99,99,9,9,99,99,9,9,99,9,99,1,9,6,6,2,64,9,-1,3,1,VOLKSWAGEN GOLF,-1,-1,0,-1
2020990984193,2020,990984193,2,9,0,3,3,4,8,0,0,1,0,0,0,0,1,1,5,6,1,21,5,1598,1,13,VOLKSWAGEN GOLF,9,-1,0,-1
2020990978293,2020,990978293,2,9,0,18,19,8,4,0,0,1,0,0,0,0,1,1,6,6,1,54,8,1968,2,3,VOLKSWAGEN GOLF,9,-1,0,-1
2020420961708,2020,420961708,1,9,0,5,5,2,4,0,0,4,0,0,0,0,1,1,5,6,1,35,6,1800,1,20,VOLKSWAGEN GOLF,5,E01033459,0,-1
2020400986054,2020,400986054,1,9,0,18,19,3,7,0,0,0,5,0,0,0,4,1,2,2,1,21,5,1395,1,5,VOLKSWAGEN GOLF,4,E01015782,0,-1
2020622001026,2020,622001026,1,9,0,18,19,7,3,0,0,0,0,0,0,0,1,1,6,6,1,30,6,1598,2,6,VOLKSWAGEN GOLF,1,W01001166,0,-1
2020030972209,2020,030972209,2,9,0,4,4,3,7,0,0,0,0,0,0,0,0,1,6,6,1,28,6,1968,2,11,VOLKSWAGEN GOLF,10,E01019362,0,-1
2020320589714,2020,320589714,2,9,0,18,19,3,7,0,0,1,0,0,0,0,1,1,6,6,2,21,5,1900,2,15,VOLKSWAGEN GOLF,-1,-1,0,-1
2020360946836,2020,360946836,1,9,0,9,9,5,1,0,0,0,0,0,0,0,1,1,5,6,1,22,5,1896,2,18,VOLKSWAGEN GOLF,1,E01026793,0,-1
2020210981141,2020,210981141,2,9,0,16,19,8,4,0,0,0,0,0,0,0,1,1,6,6,1,39,7,1968,2,12,VOLKSWAGEN GOLF,2,E01029429,0,-1
2020520100246,2020,520100246,4,9,0,18,19,6,2,0,0,0,0,0,0,0,1,1,6,6,2,39,7,1968,2,5,VOLKSWAGEN GOLF,7,E01029275,0,-1
2020100940476,2020,100940476,2,9,0,3,3,8,4,0,0,0,0,0,0,0,2,1,2,2,1,25,5,1984,1,2,VOLKSWAGEN GOLF,1,E01008731,0,-1
2020411013323,2020,411013323,1,9,0,18,19,8,4,0,0,0,1,0,0,0,1,1,2,2,1,39,7,1598,2,9,VOLKSWAGEN GOLF,6,E01023582,0,-1
2020432004012,2020,432004012,2,9,0,18,19,8,6,0,0,8,0,0,0,0,4,1,6,6,1,22,5,1395,1,6,VOLKSWAGEN GOLF,8,E01016795,0,-1
2020010254211,2020,010254211,1,9,0,18,19,7,3,0,0,1,1,0,2,11,4,1,6,6,1,21,5,1498,1,1,VOLKSWAGEN GOLF,1,E01000524,0,-1
2020201017630,2020,201017630,3,9,0,2,2,0,0,0,0,0,0,10,0,0,3,1,6,6,1,-1,-1,1395,1,2,VOLKSWAGEN GOLF,-1,-1,0,-1
2020010228460,2020,010228460,1,9,0,13,13,5,1,0,0,1,0,11,0,0,1,1,6,6,1,19,4,1968,2,1,VOLKSWAGEN GOLF,3,E01033710,0,-1
2020160948011,2020,160948011,1,9,0,16,19,5,1,0,0,0,0,0,7,10,1,1,5,6,2,47,8,1395,1,6,VOLKSWAGEN GOLF,5,E01013970,0,-1
2020990942499,2020,990942499,1,9,0,5,5,5,3,0,0,2,0,0,0,0,1,1,6,6,1,24,5,1984,1,4,VOLKSWAGEN GOLF,9,-1,0,-1
2020010277068,2020,010277068,1,9,0,18,19,1,5,0,0,1,0,0,0,0,3,2,2,2,2,47,8,1395,1,7,VOLKSWAGEN GOLF,2,E01003490,0,-1
2020010249042,2020,010249042,2,9,0,18,19,1,5,0,0,8,0,0,0,0,0,1,6,6,1,33,6,1395,1,6,VOLKSWAGEN GOLF,4,E01000617,0,-1
2020200991122,2020,200991122,2,9,0,13,13,8,4,0,0,0,0,0,0,0,1,1,6,6,3,-1,-1,2000,2,16,VOLKSWAGEN GOLF,-1,-1,0,-1
2020440478964,2020,440478964,1,9,0,18,19,5,1,0,0,0,1,4,0,0,1,1,6,6,1,27,6,1968,2,4,VOLKSWAGEN GOLF,6,E01022941,0,-1
2020010268276,2020,010268276,1,9,0,2,2,0,0,0,0,0,0,0,0,0,0,1,6,6,3,-1,-1,1598,1,17,VOLKSWAGEN GOLF,-1,-1,0,-1
2020420931598,2020,420931598,1,9,0,3,3,3,6,0,0,0,0,0,0,0,1,1,6,6,1,30,6,1598,2,4,VOLKSWAGEN GOLF,-1,-1,0,-1
2020041014405,2020,041014405,2,9,0,18,19,3,1,0,0,0,0,0,1,1,2,1,5,6,2,21,5,1598,2,5,VOLKSWAGEN GOLF,2,E01025313,0,-1
2020140975553,2020,140975553,2,9,0,18,19,1,5,0,0,0,0,0,0,0,2,1,1,1,1,30,6,1598,2,9,VOLKSWAGEN GOLF,1,E01007499,0,-1
2020010263956,2020,010263956,2,9,0,99,99,9,9,99,99,9,9,99,9,99,1,9,6,6,3,-1,-1,1390,1,11,VOLKSWAGEN GOLF,-1,-1,0,-1
2020302001621,2020,302001621,2,9,0,18,19,1,5,0,0,0,0,0,0,0,2,1,6,6,1,39,7,1598,2,10,VOLKSWAGEN GOLF,7,E01019448,0,-1
2020500997208,2020,500997208,1,9,0,18,19,4,8,0,0,0,0,10,7,11,1,1,6,6,1,19,4,2000,2,15,VOLKSWAGEN GOLF,7,E01020317,0,-1
2020302001574,2020,302001574,2,9,0,18,19,8,4,0,0,4,0,0,0,0,3,1,6,6,1,25,5,1598,2,10,VOLKSWAGEN GOLF,1,E01014256,0,-1
2020200978581,2020,200978581,2,9,0,4,4,8,4,0,0,3,2,10,2,0,3,1,6,6,1,63,9,1498,8,0,VOLKSWAGEN GOLF,4,E01009087,0,-1
2020460989915,2020,460989915,1,9,0,18,19,5,1,0,0,1,0,0,0,0,4,1,1,1,1,49,8,1896,2,12,VOLKSWAGEN GOLF,1,E01024240,0,-1
2020010264959,2020,010264959,2,9,0,5,5,2,6,0,0,1,0,0,0,0,1,1,6,6,1,50,8,1390,1,14,VOLKSWAGEN GOLF,1,E01002852,0,-1
2020010283144,2020,010283144,1,9,0,18,19,8,4,0,0,0,0,0,0,0,1,1,6,6,3,-1,-1,1598,2,8,VOLKSWAGEN GOLF,-1,-1,0,-1
20201378L1306,2020,1378L1306,1,9,0,18,19,2,6,0,0,0,0,0,0,0,1,1,6,6,2,23,5,1598,2,7,VOLKSWAGEN GOLF,4,E01011597,0,-1
2020500992471,2020,500992471,2,9,0,5,5,1,5,0,0,1,0,0,0,0,1,1,6,6,2,43,7,1598,1,15,VOLKSWAGEN GOLF,1,E01019033,0,-1
2020010286686,2020,010286686,2,9,0,4,4,4,8,2,2,0,0,0,0,0,2,1,6,6,1,26,6,1598,1,14,VOLKSWAGEN GOLF,-1,-1,0,-1
2020991000096,2020,991000096,2,9,0,18,19,4,7,0,0,0,0,11,0,0,1,1,6,6,1,38,7,2000,1,13,VOLKSWAGEN GOLF,2,-1,0,-1
2020200988926,2020,200988926,1,9,0,18,19,8,4,0,0,0,0,4,0,0,1,1,6,6,1,35,6,1781,1,19,VOLKSWAGEN GOLF,1,E01010272,0,-1
2020137A32040,2020,137A32040,1,9,0,13,13,7,3,0,0,8,0,0,0,0,1,1,6,6,1,19,4,1598,2,10,VOLKSWAGEN GOLF,4,E01010671,0,-1
2020420953131,2020,420953131,1,9,0,13,13,7,3,0,0,0,1,10,0,0,1,1,5,6,1,31,6,1984,1,6,VOLKSWAGEN GOLF,4,E01002624,0,-1
2020200966028,2020,200966028,1,9,0,18,19,1,5,0,0,0,0,4,0,0,1,1,6,6,1,25,5,1984,1,3,VOLKSWAGEN GOLF,2,E01009515,0,-1
2020351001758,2020,351001758,2,9,0,18,19,1,5,0,0,1,0,0,0,0,1,1,5,6,1,76,11,1395,1,5,VOLKSWAGEN GOLF,6,E01015617,0,-1
2020522004965,2020,522004965,2,9,0,1,1,6,2,0,0,0,0,0,0,0,2,1,6,6,1,42,7,1395,1,3,VOLKSWAGEN GOLF,7,E01014562,0,-1
2020471000664,2020,471000664,1,9,0,4,4,6,2,0,0,1,0,0,0,0,1,1,6,6,2,-1,-1,1896,2,15,VOLKSWAGEN GOLF,4,E01031575,0,-1
2020990953900,2020,990953900,1,9,0,18,19,1,4,0,0,4,0,0,0,0,4,1,2,2,1,25,5,1984,1,12,VOLKSWAGEN GOLF,-1,-1,0,-1
2020546778320,2020,546778320,1,9,0,9,9,3,8,0,0,8,0,0,0,0,1,1,6,6,1,19,4,1598,1,13,VOLKSWAGEN GOLF,9,E01031999,0,-1
202031C001020,2020,31C001020,1,9,0,18,19,6,2,0,0,0,0,0,1,11,1,1,6,6,1,41,7,1984,1,8,VOLKSWAGEN GOLF,5,E01028161,0,-1
202031A121320,2020,31A121320,1,9,0,18,19,3,7,0,0,2,0,0,0,0,1,1,6,6,1,30,6,1984,1,2,VOLKSWAGEN GOLF,2,E01027983,0,-1
2020010256944,2020,010256944,1,9,0,7,7,7,8,0,0,7,0,0,1,1,1,1,6,6,1,19,4,1390,1,14,VOLKSWAGEN GOLF,3,E01000043,0,-1
202031D123620,2020,31D123620,2,9,0,3,3,7,3,0,0,0,0,0,0,0,2,1,6,6,2,28,6,1395,1,7,VOLKSWAGEN GOLF,3,E01028192,0,-1
2020200968068,2020,200968068,1,9,0,9,9,2,8,0,0,6,0,0,0,0,3,1,6,6,3,-1,-1,1598,2,7,VOLKSWAGEN GOLF,-1,-1,0,-1
2020440417035,2020,440417035,2,9,0,9,9,8,4,0,0,8,0,0,0,0,2,1,6,6,1,21,5,1600,2,10,VOLKSWAGEN GOLF,8,E01022786,0,-1
2020332000228,2020,332000228,1,9,0,9,9,3,1,0,0,5,0,0,0,0,1,1,6,6,2,25,5,1600,1,16,VOLKSWAGEN GOLF,3,E01013762,0,-1
2020040966069,2020,040966069,1,9,0,9,9,5,3,0,0,6,0,0,0,0,1,1,6,6,1,29,6,2000,2,15,VOLKSWAGEN GOLF,1,E01025226,0,-1
2020350920179,2020,350920179,2,9,0,18,19,1,5,0,0,0,0,0,0,0,1,1,5,6,1,48,8,1896,2,16,VOLKSWAGEN GOLF,5,E01013317,0,-1
2020200989559,2020,200989559,1,9,0,18,19,8,4,0,0,8,0,10,7,10,1,1,6,6,1,-1,-1,1900,2,14,VOLKSWAGEN GOLF,-1,-1,0,-1
2020010229759,2020,010229759,1,9,0,3,3,3,7,0,0,0,0,4,0,0,1,1,6,6,1,23,5,1600,1,15,VOLKSWAGEN GOLF,2,E01001320,0,-1