collision_index,collision_year,collision_ref_no,vehicle_reference,vehicle_type,towing_and_articulation,vehicle_manoeuvre_historic,vehicle_manoeuvre,vehicle_direction_from,vehicle_direction_to,vehicle_location_restricted_lane_historic,vehicle_location_restricted_lane,junction_location,skidding_and_overturning,hit_object_in_carriageway,vehicle_leaving_carriageway,hit_object_off_carriageway,first_point_of_impact,vehicle_left_hand_drive,journey_purpose_of_driver_historic,journey_purpose_of_driver,sex_of_driver,age_of_driver,age_band_of_driver,engine_capacity_cc,propulsion_code,age_of_vehicle,generic_make_model,driver_imd_decile,lsoa_of_driver,escooter_flag,driver_distance_banding
202031A113720,2020,31A113720,1,9,0,18,19,7,3,0,0,1,1,0,0,0,4,1,6,6,1,28,6,1984,1,10,VOLKSWAGEN GOLF,3,E01028297,0,-1
2020010230620,2020,010230620,1,9,0,18,19,3,7,0,0,8,0,0,0,0,1,1,6,6,2,48,8,1598,1,18,VOLKSWAGEN GOLF,10,E01002431,0,-1
2020122000674,2020,122000674,1,9,0,18,19,7,3,0,0,1,0,0,0,0,1,1,6,6,2,73,10,1598,2,7,VOLKSWAGEN GOLF,10,E01012223,0,-1
2020160987301,2020,160987301,2,9,0,4,4,4,8,0,0,1,0,0,0,0,1,1,2,2,2,44,7,1900,2,14,VOLKSWAGEN GOLF,7,E01033105,0,-1
2020210982207,2020,210982207,2,9,0,3,3,5,1,0,0,1,0,0,0,0,2,1,1,1,2,37,7,1896,2,12,VOLKSWAGEN GOLF,8,E01029736,0,-1
2020010231425,2020,010231425,2,9,0,99,99,9,9,99,99,9,9,99,9,99,1,9,6,6,3,40,7,1600,1,16,VOLKSWAGEN GOLF,3,E01004630,0,-1
2020040961008,2020,040961008,1,9,0,18,19,1,5,0,0,1,0,0,1,0,1,1,6,6,3,-1,-1,1896,2,19,VOLKSWAGEN GOLF,-1,-1,0,-1
2020460948798,2020,460948798,5,9,0,2,2,0,0,0,0,0,0,0,0,0,2,1,5,6,1,-1,-1,1900,2,14,VOLKSWAGEN GOLF,5,E01016127,0,-1
2020360939181,2020,360939181,1,9,0,16,19,5,1,0,0,0,0,0,7,2,1,1,2,2,1,26,6,1984,1,6,VOLKSWAGEN GOLF,6,E01026629,0,-1
2020470987180,2020,470987180,2,9,0,18,19,7,3,0,0,0,0,0,0,0,2,1,1,1,1,39,7,1598,2,2,VOLKSWAGEN GOLF,5,E01016876,0,-1
2020010245263,2020,010245263,2,9,9,99,99,9,9,99,99,9,9,99,9,99,9,9,6,6,3,-1,-1,2000,2,15,VOLKSWAGEN GOLF,-1,-1,0,-1
202006K170995,2020,06K170995,4,9,0,18,19,6,2,0,0,0,0,0,0,0,0,1,6,6,1,30,6,1968,2,3,VOLKSWAGEN GOLF,-1,-1,0,-1
2020410943635,2020,410943635,1,9,0,5,5,6,4,0,0,0,0,0,0,0,1,1,5,6,1,52,8,1390,1,10,VOLKSWAGEN GOLF,7,E01023517,0,-1
2020200973312,2020,200973312,2,9,0,18,19,8,4,0,0,8,0,0,0,0,3,1,6,6,1,60,9,1598,2,4,VOLKSWAGEN GOLF,1,E01009493,0,-1
2020501013856,2020,501013856,2,9,0,16,19,5,8,0,0,0,0,0,0,0,1,1,2,2,1,31,6,1896,2,14,VOLKSWAGEN GOLF,8,E01020281,0,-1
2020140939691,2020,140939691,2,9,0,1,1,8,7,0,0,0,0,0,0,0,2,1,6,6,1,40,7,1900,2,15,VOLKSWAGEN GOLF,-1,-1,0,-1
2020110926262,2020,110926262,2,9,0,18,19,6,2,0,0,0,0,0,0,0,2,1,5,6,2,35,6,1197,1,9,VOLKSWAGEN GOLF,10,E01020713,0,-1
2020421005629,2020,421005629,1,9,0,18,19,7,3,0,0,8,0,0,0,0,1,1,2,2,1,32,6,1896,2,12,VOLKSWAGEN GOLF,7,E01033720,0,-1
2020030993113,2020,030993113,1,9,0,18,19,3,7,0,0,1,0,0,0,0,4,1,1,1,1,34,6,1968,2,8,VOLKSWAGEN GOLF,6,E01019235,0,-1
2020410943353,2020,410943353,1,9,0,18,19,5,1,0,0,0,0,0,0,0,1,1,2,2,1,38,7,1896,2,12,VOLKSWAGEN GOLF,6,E01023929,0,-1
2020221007336,2020,221007336,1,9,0,9,9,7,5,0,0,5,0,0,0,0,4,1,2,2,2,41,7,1968,2,9,VOLKSWAGEN GOLF,8,E01032286,0,-1
20201378G1949,2020,1378G1949,1,9,0,18,19,1,5,0,0,2,1,0,1,11,1,1,6,6,2,22,5,1984,1,6,VOLKSWAGEN GOLF,1,E01010612,0,-1
2020010267213,2020,010267213,1,9,0,18,19,5,1,0,0,8,0,0,0,0,4,1,6,6,2,24,5,1598,2,2,VOLKSWAGEN GOLF,2,E01004341,0,-1
202006K369452,2020,06K369452,1,9,0,18,19,6,2,9,9,0,0,0,7,10,1,1,6,6,1,22,5,1968,2,12,VOLKSWAGEN GOLF,-1,-1,0,-1
2020400922947,2020,400922947,2,9,0,9,9,3,5,0,0,5,0,0,1,0,1,1,5,6,2,43,7,1968,2,4,VOLKSWAGEN GOLF,3,E01017562,0,-1
2020010239297,2020,010239297,2,9,0,18,19,4,8,0,0,8,0,0,0,0,1,1,6,6,1,22,5,1395,8,4,VOLKSWAGEN GOLF,2,E01000223,0,-1
2020010252621,2020,010252621,2,9,0,4,4,1,5,0,0,1,0,0,0,0,2,1,6,6,2,63,9,1395,1,4,VOLKSWAGEN GOLF,5,E01004466,0,-1
202006F272220,2020,06F272220,1,9,0,18,19,6,2,0,0,8,0,0,0,0,1,1,6,6,1,22,5,1598,2,8,VOLKSWAGEN GOLF,1,E01004857,0,-1
2020010275124,2020,010275124,2,9,0,18,19,3,7,0,0,1,0,0,0,0,1,1,6,6,1,40,7,1984,1,0,VOLKSWAGEN GOLF,10,E01003805,0,-1
2020460959380,2020,460959380,2,9,0,17,19,1,6,0,0,8,0,0,0,0,3,1,2,2,1,25,5,1390,1,11,VOLKSWAGEN GOLF,3,E01033744,0,-1
2020010266160,2020,010266160,2,9,0,4,4,4,8,0,0,0,0,0,0,0,1,1,2,2,1,46,8,1968,2,10,VOLKSWAGEN GOLF,4,E01001645,0,-1
2020302001684,2020,302001684,1,9,0,14,14,2,6,0,0,0,0,0,0,0,1,1,6,6,2,40,7,1900,2,14,VOLKSWAGEN GOLF,4,E01013515,0,-1
2020040998871,2020,040998871,2,9,0,18,19,7,3,0,0,8,0,0,0,0,1,1,5,6,2,48,8,1598,1,15,VOLKSWAGEN GOLF,1,E01025287,0,-1
2020010271266,2020,010271266,1,9,0,9,9,3,1,0,0,5,0,0,0,0,3,1,6,6,1,32,6,1598,2,2,VOLKSWAGEN GOLF,3,E01004666,0,-1
2020010228039,2020,010228039,2,9,0,18,19,5,1,0,0,1,0,0,0,0,1,1,6,6,1,24,5,1984,1,4,VOLKSWAGEN GOLF,3,E01003606,0,-1
2020122000980,2020,122000980,1,9,0,6,6,3,3,0,0,1,0,0,0,0,4,1,6,6,1,34,6,1600,2,10,VOLKSWAGEN GOLF,9,E01013435,0,-1
2020010280087,2020,010280087,2,9,0,18,19,7,3,0,0,1,0,0,0,0,2,1,6,6,1,39,7,1896,2,17,VOLKSWAGEN GOLF,2,E01000042,0,-1
2020360990603,2020,360990603,1,9,0,16,19,5,1,0,0,0,5,0,0,0,4,1,5,6,1,18,4,1896,2,19,VOLKSWAGEN GOLF,4,E01026739,0,-1
20201378S1937,2020,1378S1937,2,9,0,18,19,5,1,0,0,1,0,0,0,0,3,1,6,6,3,-1,-1,1968,2,6,VOLKSWAGEN GOLF,-1,-1,0,-1
2020451012579,2020,451012579,1,9,0,5,5,7,3,8,6,0,0,0,0,0,1,1,3,7,1,59,9,1395,1,5,VOLKSWAGEN GOLF,10,E01030870,0,-1
2020010257560,2020,010257560,2,9,0,99,99,9,9,99,99,0,9,99,9,99,9,9,6,6,3,-1,-1,1900,2,14,VOLKSWAGEN GOLF,3,E01000578,0,-1
2020302001476,2020,302001476,1,9,0,17,19,2,6,0,0,0,1,0,7,11,1,1,6,6,1,23,5,1968,2,12,VOLKSWAGEN GOLF,1,E01019566,0,-1
2020040939960,2020,040939960,2,9,0,4,4,5,1,0,0,0,0,0,0,0,2,1,5,6,2,70,10,1968,2,3,VOLKSWAGEN GOLF,7,E01025565,0,-1
2020470976904,2020,470976904,1,9,0,1,1,0,2,0,0,0,0,0,0,0,2,1,5,6,2,39,7,1781,1,19,VOLKSWAGEN GOLF,5,E01031595,0,-1
2020430224970,2020,430224970,1,9,0,13,13,7,3,0,0,8,0,0,0,0,1,1,6,6,1,43,7,1598,2,10,VOLKSWAGEN GOLF,3,E01016377,0,-1
2020450921728,2020,450921728,2,9,0,18,19,1,3,0,0,0,0,0,0,0,1,1,6,6,2,28,6,1984,1,6,VOLKSWAGEN GOLF,-1,-1,0,-1
2020622100001,2020,622100001,5,9,0,2,2,0,0,0,0,0,0,0,0,0,2,1,6,6,3,-1,-1,1197,1,8,VOLKSWAGEN GOLF,-1,-1,0,-1
2020440072618,2020,440072618,1,9,0,9,9,5,4,0,0,8,0,0,0,0,3,1,2,2,1,32,6,1598,2,6,VOLKSWAGEN GOLF,10,E01023194,0,-1
2020010258516,2020,010258516,2,9,0,18,19,1,5,0,0,0,0,0,0,0,1,1,6,6,1,30,6,1968,2,7,VOLKSWAGEN GOLF,8,E01030592,0,-1
2020990918786,2020,990918786,1,9,0,18,19,6,1,0,0,0,0,0,7,0,1,1,5,6,1,39,7,1395,1,3,VOLKSWAGEN GOLF,-1,-1,0,-1
2020552000712,2020,552000712,1,9,0,18,19,7,3,0,0,8,0,0,0,0,1,1,6,6,2,54,8,1968,2,11,VOLKSWAGEN GOLF,9,E01015316,0,-1
2020340W09292,2020,340W09292,1,9,0,17,19,1,7,0,0,0,0,0,0,0,1,1,6,6,2,37,7,1598,2,10,VOLKSWAGEN GOLF,2,E01027314,0,-1
2020320524915,2020,320524915,1,9,0,18,19,3,7,0,0,8,0,0,0,0,4,1,6,6,1,78,11,1968,2,12,VOLKSWAGEN GOLF,6,E01026205,0,-1
2020040998842,2020,040998842,1,9,0,18,19,3,3,0,0,0,0,0,0,0,1,1,5,6,2,21,5,1968,2,9,VOLKSWAGEN GOLF,1,E01024865,0,-1
202031B093520,2020,31B093520,2,9,0,18,19,7,3,0,0,1,0,0,0,0,1,1,2,2,2,49,8,1968,2,6,VOLKSWAGEN GOLF,8,E01028047,0,-1
2020010263149,2020,010263149,2,9,0,99,99,9,9,99,99,9,9,99,9,99,1,9,6,6,3,-1,-1,1395,8,4,VOLKSWAGEN GOLF,5,E01000779,0,-1
2020200927369,2020,200927369,2,9,0,17,19,8,6,0,0,0,0,0,0,0,1,1,6,6,2,26,6,2000,1,13,VOLKSWAGEN GOLF,1,E01033645,0,-1
2020302000993,2020,302000993,3,9,0,18,19,8,4,0,0,8,0,0,0,0,2,1,6,6,1,33,6,1896,2,13,VOLKSWAGEN GOLF,7,E01019415,0,-1
2020990994106,2020,990994106,2,9,0,18,19,7,3,0,0,8,0,0,0,0,4,1,5,6,2,51,8,1598,2,6,VOLKSWAGEN GOLF,-1,-1,0,-1
2020137391543,2020,137391543,1,9,0,18,19,6,2,0,0,0,0,0,0,0,3,1,6,6,1,23,5,1968,2,11,VOLKSWAGEN GOLF,1,E01011321,0,-1
2020360966662,2020,360966662,1,9,0,18,19,7,3,9,9,0,0,0,0,0,0,1,4,7,2,30,6,1900,2,13,VOLKSWAGEN GOLF,1,E01026625,0,-1
2020990949921,2020,990949921,1,9,0,9,9,6,3,0,0,1,0,0,1,0,1,1,6,6,1,23,5,1968,2,6,VOLKSWAGEN GOLF,9,-1,0,-1
2020200952738,2020,200952738,1,9,0,18,19,4,8,0,0,0,0,0,0,0,1,1,6,6,1,23,5,1968,2,13,VOLKSWAGEN GOLF,2,E01009674,0,-1
2020400925375,2020,400925375,2,9,0,4,4,3,7,0,0,0,0,0,0,0,1,1,2,2,1,40,7,2000,2,16,VOLKSWAGEN GOLF,8,E01017583,0,-1
2020210985407,2020,210985407,2,9,-1,-1,-1,-1,-1,-1,-1,-1,-1,-1,-1,0,-1,1,5,6,2,17,4,1395,1,2,VOLKSWAGEN GOLF,9,E01033257,0,-1
2020100987708,2020,100987708,1,9,0,18,19,5,1,0,0,1,0,0,0,0,1,1,5,6,2,44,7,999,1,2,VOLKSWAGEN GOLF,5,E01008648,0,-1
2020200988388,2020,200988388,2,9,0,18,19,6,2,0,0,2,0,0,0,0,3,1,6,6,1,45,7,-1,3,0,VOLKSWAGEN GOLF,6,E01009066,0,-1
2020070739502,2020,070739502,1,9,0,16,19,6,2,0,0,2,0,2,0,0,1,1,6,6,3,-1,-1,2000,2,15,VOLKSWAGEN GOLF,-1,-1,0,-1
2020500961420,2020,500961420,2,9,0,6,6,1,1,0,0,3,0,0,0,0,1,1,5,6,2,20,4,1968,2,6,VOLKSWAGEN GOLF,4,E01020131,0,-1
2020010232834,2020,010232834,1,9,0,99,99,9,9,0,0,0,9,0,0,0,9,9,6,6,2,30,6,1598,2,4,VOLKSWAGEN GOLF,2,E01000291,0,-1
2020010264892,2020,010264892,2,9,0,99,99,9,9,99,99,9,9,99,9,99,1,9,6,6,3,-1,-1,1598,1,13,VOLKSWAGEN GOLF,-1,-1,0,-1
2020500953235,2020,500953235,1,9,0,9,9,7,6,0,0,8,0,0,0,0,3,1,6,6,2,24,5,1598,2,5,VOLKSWAGEN GOLF,5,E01015163,0,-1
2020470957495,2020,470957495,1,9,0,5,5,3,6,0,0,4,0,0,0,0,1,1,6,6,2,64,9,1598,2,6,VOLKSWAGEN GOLF,9,E01031495,0,-1
2020200996290,2020,200996290,1,9,0,18,19,4,8,0,0,6,1,0,0,0,4,1,6,6,1,25,5,1197,1,9,VOLKSWAGEN GOLF,4,E01010009,0,-1
2020430267580,2020,430267580,1,9,0,5,5,1,5,0,0,8,0,0,0,0,3,1,3,7,2,35,6,1498,1,1,VOLKSWAGEN GOLF,-1,-1,0,-1
2020361012511,2020,361012511,1,9,0,17,19,4,8,0,0,5,0,0,1,0,1,1,6,6,1,25,5,1598,2,4,VOLKSWAGEN GOLF,5,E01026730,0,-1
20201371T0228,2020,1371T0228,1,9,0,18,19,7,3,0,0,0,5,4,0,0,1,1,6,6,2,28,6,1896,2,19,VOLKSWAGEN GOLF,6,E01011182,0,-1
2020500922329,2020,500922329,1,9,0,18,19,4,6,0,0,0,1,0,0,0,1,1,2,2,2,28,6,1896,2,18,VOLKSWAGEN GOLF,3,E01015089,0,-1
2020450923665,2020,450923665,2,9,0,2,2,5,1,0,0,0,0,0,0,0,1,1,6,6,2,30,6,1598,2,2,VOLKSWAGEN GOLF,-1,-1,0,-1
2020460968676,2020,460968676,1,9,0,5,5,1,5,0,0,0,0,0,0,0,3,1,6,6,1,27,6,1390,1,9,VOLKSWAGEN GOLF,8,E01021171,0,-1
2020200970248,2020,200970248,2,9,0,3,3,3,7,0,0,1,0,0,0,0,2,1,6,6,2,46,8,1598,2,5,VOLKSWAGEN GOLF,1,E01009074,0,-1
2020450963628,2020,450963628,2,9,0,10,10,5,1,0,0,0,0,0,0,0,3,1,1,1,2,24,5,1390,1,12,VOLKSWAGEN GOLF,8,E01030954,0,-1
2020010278182,2020,010278182,1,9,0,99,99,9,9,0,0,9,9,99,9,99,9,1,6,6,1,25,5,1968,2,5,VOLKSWAGEN GOLF,2,E01032787,0,-1
2020440495535,2020,440495535,2,9,0,4,4,8,4,0,0,0,0,0,0,0,2,1,6,6,2,70,10,1598,2,8,VOLKSWAGEN GOLF,9,E01031504,0,-1
2020122001114,2020,122001114,3,9,0,2,2,0,0,0,0,0,0,0,0,0,3,1,6,6,2,20,4,1968,2,7,VOLKSWAGEN GOLF,3,E01027837,0,-1
2020010253115,2020,010253115,1,9,0,17,19,1,5,2,2,1,0,0,1,10,3,1,6,6,1,41,7,-1,3,2,VOLKSWAGEN GOLF,4,E01002719,0,-1
2020110973351,2020,110973351,1,9,0,5,5,5,2,0,0,8,0,0,0,0,2,1,5,6,1,24,5,1598,1,14,VOLKSWAGEN GOLF,4,E01020903,0,-1
2020990926704,2020,990926704,6,9,0,18,19,6,3,0,0,0,0,7,4,6,3,1,2,2,1,54,8,1968,2,3,VOLKSWAGEN GOLF,8,-1,0,-1
2020450961773,2020,450961773,1,9,0,18,19,1,5,0,0,0,0,0,0,0,1,1,6,6,1,56,9,1984,1,14,VOLKSWAGEN GOLF,8,E01030845,0,-1
2020430059903,2020,430059903,1,9,0,18,19,8,4,0,0,0,0,0,0,0,3,1,2,2,1,20,4,1598,2,7,VOLKSWAGEN GOLF,6,E01016492,0,-1
2020010229147,2020,010229147,2,9,0,99,99,9,9,99,99,9,9,99,9,99,1,9,6,6,3,-1,-1,999,1,3,VOLKSWAGEN GOLF,-1,-1,0,-1
2020052002588,2020,052002588,1,9,0,18,19,1,5,0,0,0,0,0,1,3,1,1,6,6,1,85,11,1498,1,2,VOLKSWAGEN GOLF,7,E01006883,0,-1
2020010284323,2020,010284323,3,9,0,18,19,1,5,0,0,8,0,0,0,0,1,1,6,6,1,41,7,1998,1,6,VOLKSWAGEN GOLF,2,E01003732,0,-1
2020450919722,2020,450919722,1,9,0,18,19,1,5,0,0,0,0,0,0,0,1,1,5,6,1,88,11,1896,2,18,VOLKSWAGEN GOLF,9,E01030306,0,-1
2020450937358,2020,450937358,1,9,0,18,19,3,3,0,0,0,0,4,2,0,1,1,6,6,1,68,10,1395,1,5,VOLKSWAGEN GOLF,10,E01030866,0,-1
2020010255208,2020,010255208,3,9,0,3,3,5,1,0,0,6,0,0,0,0,1,1,6,6,1,30,6,1390,1,11,VOLKSWAGEN GOLF,-1,-1,0,-1
2020350956830,2020,350956830,1,9,0,16,19,8,4,0,0,0,1,0,7,0,1,1,6,6,1,34,6,2324,1,19,VOLKSWAGEN GOLF,3,E01018160,0,-1
2020137641954,2020,137641954,1,9,0,7,7,8,2,0,0,7,0,0,0,0,4,1,6,6,1,22,5,1984,1,4,VOLKSWAGEN GOLF,2,E01011235,0,-1
2020450936666,2020,450936666,2,9,0,18,19,1,5,0,0,0,0,0,0,0,2,1,5,6,2,33,6,1390,1,10,VOLKSWAGEN GOLF,6,E01029321,0,-1
2020010256993,2020,010256993,2,9,0,99,99,9,9,99,99,9,9,99,9,99,2,9,6,6,3,-1,-1,1598,1,13,VOLKSWAGEN GOLF,8,E01004069,0,-1
2020622000631,2020,622000631,1,8,0,18,19,8,4,0,0,0,0,0,0,0,4,1,6,6,3,-1,-1,1598,2,8,VOLKSWAGEN GOLF,-1,-1,0,-1
2020990959668,2020,990959668,2,9,0,18,19,5,1,0,0,0,0,0,0,0,3,1,5,6,2,23,5,999,1,1,VOLKSWAGEN GOLF,4,-1,0,-1
2020410929387,2020,410929387,1,9,0,10,10,1,5,0,0,1,0,0,0,0,0,1,6,6,1,24,5,1498,1,2,VOLKSWAGEN GOLF,7,E01021830,0,-1
2020520005035,2020,520005035,2,9,0,18,19,8,4,0,0,1,0,0,0,0,1,1,6,6,1,20,4,1598,1,14,VOLKSWAGEN GOLF,7,E01029085,0,-1
2020211032254,2020,211032254,2,9,0,10,10,8,5,0,0,1,0,0,0,0,4,1,6,6,1,53,8,1896,2,18,VOLKSWAGEN GOLF,9,E01018644,0,-1
2020200973985,2020,200973985,3,9,0,9,9,5,3,0,0,6,0,0,0,0,3,1,6,6,1,29,6,1968,2,11,VOLKSWAGEN GOLF,1,E01009486,0,-1
202006M275972,2020,06M275972,1,9,0,18,19,7,3,0,0,1,0,0,0,0,1,1,6,6,1,28,6,1968,2,5,VOLKSWAGEN GOLF,1,E01005074,0,-1
2020010264655,2020,010264655,1,9,0,18,19,3,7,0,0,0,0,0,0,0,2,1,6,6,1,61,9,1984,1,9,VOLKSWAGEN GOLF,2,E01000087,0,-1
2020010236506,2020,010236506,1,9,0,9,9,5,3,0,0,8,0,0,0,0,1,1,6,6,1,21,5,1598,2,1,VOLKSWAGEN GOLF,5,E01001086,0,-1
2020370944986,2020,370944986,1,9,0,18,19,7,3,0,0,0,0,0,0,0,4,1,6,6,1,24,5,1395,1,5,VOLKSWAGEN GOLF,2,E01030023,0,-1
2020010255095,2020,010255095,1,9,0,15,15,5,1,0,0,1,0,4,0,0,4,1,1,1,1,46,8,1390,1,15,VOLKSWAGEN GOLF,3,E01000800,0,-1
2020010277258,2020,010277258,1,9,0,18,19,1,5,0,0,0,0,0,0,0,1,1,6,6,1,17,4,1395,1,2,VOLKSWAGEN GOLF,3,E01033464,0,-1
2020010277576,2020,010277576,1,9,0,10,10,5,2,0,0,6,0,0,0,0,1,1,6,6,2,33,6,1395,1,3,VOLKSWAGEN GOLF,9,E01025127,0,-1
2020010241263,2020,010241263,2,9,0,99,99,9,9,99,99,0,9,99,9,99,1,9,6,6,1,29,6,1900,2,13,VOLKSWAGEN GOLF,10,E01030418,0,-1
202063B047620,2020,63B047620,3,9,0,2,2,0,0,9,9,1,0,0,0,0,0,1,6,6,3,-1,-1,1900,2,15,VOLKSWAGEN GOLF,-1,-1,0,-1
2020371014114,2020,371014114,2,9,0,18,19,1,5,0,0,0,0,0,0,0,1,1,1,1,1,26,6,2000,2,15,VOLKSWAGEN GOLF,6,E01030091,0,-1
2020420935874,2020,420935874,1,9,0,18,19,8,4,0,0,0,0,0,0,0,1,1,5,6,2,26,6,1395,1,5,VOLKSWAGEN GOLF,8,E01021340,0,-1
2020440421244,2020,440421244,1,9,0,18,19,4,8,0,0,8,0,0,0,0,2,1,6,6,1,51,8,1968,2,10,VOLKSWAGEN GOLF,3,E01017242,0,-1
2020320641759,2020,320641759,2,9,0,18,19,6,2,0,0,1,0,0,0,0,1,1,3,7,1,43,7,1598,1,12,VOLKSWAGEN GOLF,6,E01026153,0,-1
20201371I1576,2020,1371I1576,2,9,0,14,14,7,3,0,0,0,0,0,0,0,1,1,6,6,1,37,7,1984,1,3,VOLKSWAGEN GOLF,2,E01010979,0,-1
2020010235116,2020,010235116,2,9,0,9,9,7,6,0,0,0,0,0,0,0,1,1,6,6,2,32,6,1600,1,20,VOLKSWAGEN GOLF,6,E01001016,0,-1
2020070357846,2020,070357846,1,9,0,18,19,6,2,0,0,0,0,0,0,0,1,2,6,6,2,20,4,1598,2,8,VOLKSWAGEN GOLF,8,E01029562,0,-1
2020400994988,2020,400994988,1,9,0,16,19,5,8,0,0,0,0,0,0,0,1,1,5,6,1,39,7,1968,2,12,VOLKSWAGEN GOLF,3,E01015713,0,-1
2020546566820,2020,546566820,1,9,0,9,9,5,3,0,0,8,0,0,0,0,1,1,2,2,1,56,9,1984,1,19,VOLKSWAGEN GOLF,9,E01031930,0,-1
2020040967970,2020,040967970,1,9,0,17,19,5,1,0,0,1,1,10,1,0,1,1,5,6,1,22,5,1984,1,1,VOLKSWAGEN GOLF,1,E01024876,0,-1
2020430385639,2020,430385639,2,9,0,7,7,8,2,0,0,6,0,0,0,0,1,1,6,6,2,35,6,1598,1,15,VOLKSWAGEN GOLF,9,E01017641,0,-1
2020010259936,2020,010259936,2,9,0,18,19,1,5,0,0,1,0,0,0,0,2,1,6,6,3,-1,-1,1968,2,7,VOLKSWAGEN GOLF,-1,-1,0,-1
2020010285643,2020,010285643,2,9,0,18,19,5,1,0,0,8,0,0,0,0,1,1,2,2,1,24,5,1968,2,4,VOLKSWAGEN GOLF,-1,-1,0,-1
2020460965212,2020,460965212,1,9,0,17,19,7,3,0,0,0,0,0,1,9,1,1,6,6,2,30,6,1968,2,6,VOLKSWAGEN GOLF,4,E01024777,0,-1
2020010242643,2020,010242643,1,9,0,99,99,9,9,99,99,4,9,99,9,99,2,9,6,6,1,29,6,1598,2,4,VOLKSWAGEN GOLF,4,E01015871,0,-1
2020420950298,2020,420950298,1,9,0,18,19,1,5,0,0,1,0,0,0,0,1,1,5,6,1,29,6,1598,1,13,VOLKSWAGEN GOLF,2,E01004269,0,-1
2020140960730,2020,140960730,1,9,0,9,9,5,3,0,0,0,0,0,0,0,1,1,5,6,1,51,8,1984,1,10,VOLKSWAGEN GOLF,9,E01007380,0,-1
2020010276653,2020,010276653,2,9,0,7,7,7,1,0,0,8,0,0,1,0,4,1,6,6,3,-1,-1,999,1,2,VOLKSWAGEN GOLF,-1,-1,0,-1
2020500975662,2020,500975662,2,9,0,18,19,8,4,0,0,7,0,0,0,0,1,1,5,6,2,30,6,1968,2,13,VOLKSWAGEN GOLF,3,E01020294,0,-1
2020010248250,2020,010248250,2,9,0,99,99,9,9,99,99,0,9,99,9,99,9,9,6,6,1,63,9,1900,2,15,VOLKSWAGEN GOLF,2,E01002056,0,-1
2020350962192,2020,350962192,1,9,0,5,5,8,4,0,0,6,0,0,0,0,1,1,5,6,2,41,7,1900,2,16,VOLKSWAGEN GOLF,9,E01018250,0,-1
2020110926262,2020,110926262,1,9,0,18,19,4,2,0,0,0,0,0,0,0,1,1,6,6,1,30,6,1900,2,14,VOLKSWAGEN GOLF,-1,-1,0,-1
2020200999427,2020,200999427,1,9,0,1,1,6,2,0,0,1,0,0,0,0,3,1,6,6,1,-1,-1,1968,2,6,VOLKSWAGEN GOLF,-1,-1,0,-1
2020460956515,2020,460956515,1,9,0,7,7,2,6,0,0,3,0,0,0,0,1,1,5,6,1,48,8,1984,1,25,VOLKSWAGEN GOLF,4,E01024698,0,-1
2020100985409,2020,100985409,1,9,0,18,19,5,1,0,0,8,0,0,0,0,4,1,6,6,1,37,7,1984,1,9,VOLKSWAGEN GOLF,10,E01008423,0,-1
2020010248715,2020,010248715,1,9,0,9,9,3,1,0,0,8,0,0,0,0,3,1,6,6,2,38,7,1390,1,16,VOLKSWAGEN GOLF,-1,-1,0,-1
2020610029520,2020,610029520,1,9,0,18,19,8,4,0,0,1,0,0,7,0,1,1,6,6,1,41,7,1390,1,17,VOLKSWAGEN GOLF,2,W01001466,0,-1
2020040998842,2020,040998842,2,9,0,18,19,3,3,0,0,0,0,1,0,0,3,1,5,6,2,32,6,1598,2,8,VOLKSWAGEN GOLF,9,E01024867,0,-1
2020010233972,2020,010233972,2,9,0,9,9,5,2,0,0,1,0,0,0,0,3,1,6,6,1,38,7,1598,2,9,VOLKSWAGEN GOLF,1,E01002099,0,-1
2020622000501,2020,622000501,2,9,0,18,19,7,3,0,0,8,0,0,0,0,1,1,6,6,2,28,6,1598,1,19,VOLKSWAGEN GOLF,3,W01001869,0,-1
2020201026396,2020,201026396,2,9,0,18,19,4,8,0,0,2,0,10,1,10,2,1,6,6,1,38,7,1598,2,7,VOLKSWAGEN GOLF,1,E01009480,0,-1
2020450987139,2020,450987139,1,9,0,18,19,3,7,0,0,8,5,0,0,0,1,1,5,6,1,35,6,1600,1,16,VOLKSWAGEN GOLF,3,E01030711,0,-1
2020470924684,2020,470924684,1,9,0,5,5,2,6,0,0,6,0,0,0,0,1,1,6,6,1,59,9,1598,1,15,VOLKSWAGEN GOLF,6,E01031636,0,-1
2020610042620,2020,610042620,2,9,0,2,2,0,0,0,0,0,0,0,0,0,1,1,6,6,1,31,6,1968,2,11,VOLKSWAGEN GOLF,3,W01001353,0,-1
2020052001018,2020,052001018,2,9,0,9,9,8,6,0,0,8,0,0,0,0,3,1,6,6,2,62,9,1498,1,1,VOLKSWAGEN GOLF,6,E01006773,0,-1
2020231008920,2020,231008920,3,9,0,18,19,3,7,0,0,0,0,0,0,0,3,1,2,2,1,45,7,1498,1,1,VOLKSWAGEN GOLF,4,E01009139,0,-1
2020010230806,2020,010230806,2,9,0,99,99,9,9,99,99,0,9,99,9,99,2,9,6,6,3,-1,-1,1595,1,14,VOLKSWAGEN GOLF,2,E01002856,0,-1
2020010245829,2020,010245829,1,9,0,18,19,5,1,0,0,1,0,11,0,0,3,1,6,6,1,31,6,1968,2,2,VOLKSWAGEN GOLF,4,E01021296,0,-1
2020010232829,2020,010232829,2,9,0,99,99,9,9,99,99,9,9,99,9,99,1,9,6,6,1,-1,-1,1197,1,9,VOLKSWAGEN GOLF,7,E01023679,0,-1
2020220996212,2020,220996212,2,9,0,13,13,4,1,0,0,8,0,0,0,0,1,1,6,6,1,24,5,2000,2,14,VOLKSWAGEN GOLF,8,E01031239,0,-1