collision_index,collision_year,collision_ref_no,vehicle_reference,vehicle_type,towing_and_articulation,vehicle_manoeuvre_historic,vehicle_manoeuvre,vehicle_direction_from,vehicle_direction_to,vehicle_location_restricted_lane_historic,vehicle_location_restricted_lane,junction_location,skidding_and_overturning,hit_object_in_carriageway,vehicle_leaving_carriageway,hit_object_off_carriageway,first_point_of_impact,vehicle_left_hand_drive,journey_purpose_of_driver_historic,journey_purpose_of_driver,sex_of_driver,age_of_driver,age_band_of_driver,engine_capacity_cc,propulsion_code,age_of_vehicle,generic_make_model,driver_imd_decile,lsoa_of_driver,escooter_flag,driver_distance_banding
2020470987377,2020,470987377,1,9,0,18,19,8,4,0,0,1,0,0,0,0,1,1,1,1,1,21,5,1896,2,16,VOLKSWAGEN GOLF,3,E01020996,0,-1
2020010287310,2020,010287310,1,9,0,99,99,9,9,99,99,9,9,99,9,99,2,9,6,6,1,47,8,2000,2,15,VOLKSWAGEN GOLF,3,E01002585,0,-1
2020460984446,2020,460984446,1,9,0,18,19,3,7,0,0,1,0,0,0,0,1,1,5,6,2,-1,-1,1598,2,4,VOLKSWAGEN GOLF,9,E01024056,0,-1
2020440042021,2020,440042021,1,9,0,18,19,2,6,0,0,0,0,0,1,1,1,1,2,2,1,26,6,1598,2,9,VOLKSWAGEN GOLF,5,E01022616,0,-1
2020302000205,2020,302000205,1,9,0,5,5,8,4,0,0,4,0,0,0,0,2,1,6,6,1,23,5,1498,1,2,VOLKSWAGEN GOLF,10,E01031143,0,-1
2020137652003,2020,137652003,1,9,0,18,19,5,1,0,0,0,0,0,0,0,1,1,6,6,1,31,6,1390,1,15,VOLKSWAGEN GOLF,5,E01011648,0,-1
2020010239274,2020,010239274,3,9,0,3,3,4,8,0,0,1,0,4,0,0,1,1,6,6,1,21,5,1390,1,13,VOLKSWAGEN GOLF,8,E01004192,0,-1
2020010275860,2020,010275860,2,9,0,99,99,9,9,99,99,9,9,99,9,99,9,9,6,6,3,44,7,1968,2,7,VOLKSWAGEN GOLF,10,E01000359,0,-1
2020101005269,2020,101005269,2,9,-1,-1,-1,7,4,-1,-1,0,-1,-1,-1,0,2,1,5,6,2,37,7,1498,1,0,VOLKSWAGEN GOLF,10,E01032647,0,-1
2020220916367,2020,220916367,1,9,0,18,19,5,1,0,0,8,0,0,0,0,1,1,6,6,3,34,6,1900,2,14,VOLKSWAGEN GOLF,-1,-1,0,-1
202006P367240,2020,06P367240,1,9,0,18,19,5,1,0,0,0,0,4,0,0,1,1,6,6,1,29,6,1968,2,4,VOLKSWAGEN GOLF,1,E01005746,0,-1
202031B037820,2020,31B037820,1,9,0,18,19,3,7,0,0,0,5,0,8,10,1,1,6,6,1,49,8,2000,2,14,VOLKSWAGEN GOLF,2,E01028044,0,-1
2020137140039,2020,137140039,1,9,0,7,7,3,5,0,0,8,0,0,0,0,1,1,6,6,2,20,4,1968,2,6,VOLKSWAGEN GOLF,2,E01011236,0,-1
2020010255076,2020,010255076,2,9,0,99,99,9,9,99,99,9,9,99,9,99,9,9,6,6,1,24,5,1498,1,0,VOLKSWAGEN GOLF,7,E01000909,0,-1
2020360966528,2020,360966528,1,8,0,18,19,4,8,0,0,0,0,0,0,0,2,1,1,1,1,-1,-1,1598,2,1,VOLKSWAGEN GOLF,7,E01026556,0,-1
2020410940757,2020,410940757,1,9,0,3,3,1,6,0,0,8,0,0,0,0,3,1,6,6,2,57,9,1390,1,13,VOLKSWAGEN GOLF,5,E01023537,0,-1
2020552000691,2020,552000691,1,9,0,18,19,4,8,0,0,0,0,0,0,0,4,1,6,6,3,-1,-1,1598,2,8,VOLKSWAGEN GOLF,-1,-1,0,-1
2020622100019,2020,622100019,1,9,0,18,19,1,5,0,0,0,0,0,0,0,1,1,6,6,2,76,11,1598,2,7,VOLKSWAGEN GOLF,10,W01001086,0,-1
2020450962941,2020,450962941,3,9,0,11,11,1,5,7,6,0,0,4,0,0,1,1,6,6,1,27,6,1968,2,12,VOLKSWAGEN GOLF,10,E01030876,0,-1
2020201022658,2020,201022658,2,9,0,9,9,2,8,0,0,5,0,0,0,0,4,1,6,6,1,35,6,1598,2,4,VOLKSWAGEN GOLF,3,E01010018,0,-1
20201379H1407,2020,1379H1407,1,9,0,18,19,7,3,0,0,0,0,0,0,0,1,1,6,6,3,-1,-1,1598,1,12,VOLKSWAGEN GOLF,-1,-1,0,-1
2020340N03722,2020,340N03722,1,9,0,5,5,3,5,0,0,4,0,0,0,0,0,1,1,1,2,70,10,1598,2,8,VOLKSWAGEN GOLF,7,E01016713,0,-1
2020622000249,2020,622000249,1,9,0,9,9,8,6,0,0,5,0,0,0,0,4,1,1,1,1,26,6,1600,2,10,VOLKSWAGEN GOLF,1,W01001169,0,-1
2020211020355,2020,211020355,2,9,0,18,19,2,6,0,0,0,0,0,0,0,4,1,6,6,1,26,6,1968,2,14,VOLKSWAGEN GOLF,3,E01029499,0,-1
20201373D0193,2020,1373D0193,1,9,0,9,9,6,2,0,0,6,0,0,0,0,2,1,2,2,1,23,5,1498,1,1,VOLKSWAGEN GOLF,4,E01010791,0,-1
2020122000883,2020,122000883,1,9,0,16,19,7,2,0,0,0,0,0,1,11,3,1,6,6,1,14,3,1598,2,9,VOLKSWAGEN GOLF,5,E01013297,0,-1
2020070576131,2020,070576131,1,9,0,9,9,1,7,0,0,6,0,0,0,0,4,1,2,2,2,25,5,1390,1,8,VOLKSWAGEN GOLF,7,E01018335,0,-1
2020010229275,2020,010229275,2,9,0,18,19,2,6,0,0,1,0,0,0,0,1,1,6,6,2,25,5,1395,1,2,VOLKSWAGEN GOLF,1,E01001426,0,-1
2020450919577,2020,450919577,1,9,0,2,2,0,0,0,0,0,0,0,0,0,3,1,5,6,2,28,6,1968,2,6,VOLKSWAGEN GOLF,8,E01030384,0,-1
2020200958965,2020,200958965,1,9,0,18,19,1,5,0,0,8,0,0,0,0,0,1,6,6,1,-1,-1,1900,2,16,VOLKSWAGEN GOLF,-1,-1,0,-1
2020200929873,2020,200929873,2,9,0,18,19,6,2,0,0,1,0,0,0,0,1,1,6,6,1,-1,-1,1896,2,12,VOLKSWAGEN GOLF,-1,-1,0,-1
2020040919236,2020,040919236,1,9,0,18,19,5,1,0,0,8,0,0,0,0,3,1,1,1,2,28,6,1968,2,12,VOLKSWAGEN GOLF,1,E01012575,0,-1
2020200990433,2020,200990433,1,9,0,18,19,1,5,0,0,0,2,0,0,0,1,1,5,6,1,21,5,1984,1,15,VOLKSWAGEN GOLF,1,E01010430,0,-1
2020040922721,2020,040922721,1,9,0,9,9,1,3,0,0,1,0,0,0,0,1,1,5,6,2,25,5,1896,2,12,VOLKSWAGEN GOLF,3,E01025143,0,-1
2020302000799,2020,302000799,2,9,0,18,19,4,8,0,0,0,0,0,0,0,1,1,6,6,2,22,5,1896,2,13,VOLKSWAGEN GOLF,9,E01019595,0,-1
2020122000245,2020,122000245,1,9,0,4,4,3,7,0,0,0,0,0,0,0,3,1,2,2,1,22,5,1598,2,6,VOLKSWAGEN GOLF,8,E01012235,0,-1
2020350974896,2020,350974896,1,9,0,18,19,2,6,0,0,1,0,0,0,0,1,1,5,6,2,78,11,1968,2,11,VOLKSWAGEN GOLF,9,E01018015,0,-1
202006XM71885,2020,06XM71885,1,9,0,18,19,4,8,0,0,7,0,0,2,0,1,1,6,6,2,26,6,3200,1,14,VOLKSWAGEN GOLF,-1,-1,0,-1
2020100928075,2020,100928075,1,9,0,18,19,7,3,0,0,0,0,0,0,0,3,1,6,6,1,21,5,1598,1,18,VOLKSWAGEN GOLF,9,E01027502,0,-1
2020450938372,2020,450938372,2,9,0,18,19,3,7,0,0,0,0,0,0,0,1,1,5,6,2,57,9,1395,1,6,VOLKSWAGEN GOLF,10,E01030307,0,-1
2020451005981,2020,451005981,1,9,0,18,19,5,1,0,0,0,5,0,0,0,1,1,5,6,1,19,4,1896,2,15,VOLKSWAGEN GOLF,8,E01031732,0,-1
2020041004880,2020,041004880,1,9,0,1,1,7,3,0,0,0,0,0,0,0,2,1,5,6,1,36,7,1968,2,10,VOLKSWAGEN GOLF,-1,-1,0,-1
2020010249854,2020,010249854,2,9,0,99,99,3,7,0,0,2,9,99,9,99,9,9,6,6,1,-1,-1,999,1,1,VOLKSWAGEN GOLF,-1,-1,0,-1
2020460992081,2020,460992081,1,9,0,9,9,3,1,0,0,2,0,0,0,0,4,1,1,1,2,37,7,1498,1,1,VOLKSWAGEN GOLF,1,E01016111,0,-1
2020010247159,2020,010247159,1,9,0,18,19,1,5,9,9,2,0,10,1,3,1,1,6,6,1,19,4,1600,2,10,VOLKSWAGEN GOLF,4,E01003654,0,-1
2020552100166,2020,552100166,1,9,0,18,19,4,8,0,0,8,0,0,0,0,1,1,6,6,1,23,5,1968,2,6,VOLKSWAGEN GOLF,6,E01023063,0,-1
2020010271254,2020,010271254,1,9,0,9,9,3,1,0,0,8,0,0,0,0,4,1,6,6,1,26,6,1968,2,5,VOLKSWAGEN GOLF,4,E01002304,0,-1
2020140932062,2020,140932062,1,9,0,12,12,1,5,0,0,0,0,0,0,0,1,1,6,6,1,22,5,1968,2,2,VOLKSWAGEN GOLF,9,E01013985,0,-1
2020530970680,2020,530970680,4,9,0,18,19,1,5,0,0,1,0,0,0,0,1,1,5,6,1,29,6,1781,1,18,VOLKSWAGEN GOLF,3,E01022256,0,-1
2020010269108,2020,010269108,2,9,0,99,99,9,9,99,99,0,9,99,9,99,1,9,6,6,3,-1,-1,1598,1,17,VOLKSWAGEN GOLF,3,E01003251,0,-1
2020400984599,2020,400984599,1,9,0,18,19,6,2,0,0,1,0,0,0,0,1,1,6,6,1,51,8,1598,2,4,VOLKSWAGEN GOLF,3,E01010427,0,-1
2020460978608,2020,460978608,2,9,0,3,3,5,7,0,0,1,0,0,0,0,2,1,5,6,2,56,9,1498,1,0,VOLKSWAGEN GOLF,8,E01024451,0,-1
2020540843520,2020,540843520,3,9,0,18,19,8,4,0,0,1,0,0,0,0,3,1,1,1,2,32,6,1598,2,8,VOLKSWAGEN GOLF,6,E01032114,0,-1
2020010271183,2020,010271183,2,9,0,99,99,9,9,99,99,9,9,99,9,99,9,9,6,6,3,-1,-1,999,1,4,VOLKSWAGEN GOLF,-1,-1,0,-1
2020520004892,2020,520004892,1,9,0,18,19,6,2,0,0,0,0,0,0,0,1,1,6,6,1,39,7,1984,1,6,VOLKSWAGEN GOLF,1,E01029105,0,-1
2020122001247,2020,122001247,1,9,0,16,19,1,5,0,0,0,0,0,0,0,1,1,6,6,1,72,10,1900,2,15,VOLKSWAGEN GOLF,8,E01027746,0,-1
2020200951997,2020,200951997,1,9,0,7,7,2,5,0,0,6,0,0,0,0,1,1,6,6,1,23,5,1900,2,14,VOLKSWAGEN GOLF,-1,-1,0,-1
2020451002366,2020,451002366,2,9,0,9,9,2,3,0,0,1,0,0,0,0,4,1,6,6,1,32,6,1900,2,21,VOLKSWAGEN GOLF,9,E01030970,0,-1
2020230922637,2020,230922637,2,9,0,2,2,0,0,0,0,0,0,0,0,0,3,1,5,6,1,24,5,2000,2,15,VOLKSWAGEN GOLF,8,E01031112,0,-1
2020220959775,2020,220959775,2,9,0,18,19,7,3,0,0,4,0,0,0,0,1,1,1,1,2,50,8,1968,2,3,VOLKSWAGEN GOLF,7,E01014137,0,-1
2020010280547,2020,010280547,1,9,0,7,7,5,8,0,0,1,0,0,0,0,1,1,6,6,1,28,6,1598,2,8,VOLKSWAGEN GOLF,7,E01016221,0,-1
2020160990800,2020,160990800,1,9,0,9,9,8,5,0,0,8,0,0,0,0,4,1,5,6,1,32,6,1896,2,12,VOLKSWAGEN GOLF,6,E01013072,0,-1
2020522003746,2020,522003746,1,9,0,18,19,5,1,0,0,8,0,0,0,0,1,1,6,6,1,34,6,1395,1,5,VOLKSWAGEN GOLF,5,E01014549,0,-1
2020350988740,2020,350988740,1,9,0,18,19,1,5,0,0,3,1,0,2,2,1,1,6,6,1,30,6,1968,2,6,VOLKSWAGEN GOLF,3,E01015652,0,-1
2020500959518,2020,500959518,1,9,0,18,19,5,1,0,0,0,0,0,7,0,1,1,6,6,1,76,11,1600,2,10,VOLKSWAGEN GOLF,4,E01019063,0,-1
2020501007644,2020,501007644,1,9,0,18,19,6,2,0,0,1,0,0,0,0,1,1,6,6,1,18,4,1390,1,11,VOLKSWAGEN GOLF,6,E01018753,0,-1
2020030993100,2020,030993100,2,9,0,18,19,3,7,0,0,1,0,0,0,0,1,1,5,6,1,71,10,1395,1,5,VOLKSWAGEN GOLF,4,E01030133,0,-1
2020302001291,2020,302001291,1,9,0,18,19,8,4,0,0,1,0,0,0,0,1,1,6,6,1,31,6,1598,1,13,VOLKSWAGEN GOLF,2,E01033097,0,-1
2020100946799,2020,100946799,1,9,0,18,19,7,3,0,0,0,1,0,4,6,1,1,2,2,1,31,6,1498,1,3,VOLKSWAGEN GOLF,3,E01008395,0,-1
2020010263041,2020,010263041,2,9,0,9,9,2,7,0,0,4,0,0,0,0,3,1,6,6,1,29,6,1984,1,6,VOLKSWAGEN GOLF,3,E01004200,0,-1
2020160941246,2020,160941246,1,9,0,7,7,5,7,0,0,5,1,0,1,9,1,1,2,2,2,25,5,1598,2,9,VOLKSWAGEN GOLF,7,E01010775,0,-1
202006F268660,2020,06F268660,1,9,0,18,19,2,6,0,0,8,0,0,0,0,1,1,2,2,1,53,8,1598,2,7,VOLKSWAGEN GOLF,2,E01005652,0,-1
2020990967990,2020,990967990,1,9,0,18,19,3,7,0,0,0,0,0,0,0,1,1,2,2,1,24,5,1598,2,11,VOLKSWAGEN GOLF,4,-1,0,-1
2020420977345,2020,420977345,2,9,0,2,2,7,3,0,0,0,0,0,0,0,3,1,5,6,1,20,4,1390,1,11,VOLKSWAGEN GOLF,10,E01023505,0,-1
2020140920485,2020,140920485,2,9,0,6,6,7,7,0,0,0,0,0,0,0,3,1,6,6,1,-1,-1,1968,2,12,VOLKSWAGEN GOLF,1,E01007715,0,-1
202031B047620,2020,31B047620,2,9,0,1,1,2,6,0,0,6,0,0,0,0,2,1,6,6,2,34,6,1395,8,2,VOLKSWAGEN GOLF,6,E01028322,0,-1
2020460971069,2020,460971069,2,9,0,18,19,3,1,0,0,4,0,0,0,0,4,1,6,6,2,24,5,1598,2,5,VOLKSWAGEN GOLF,7,E01032829,0,-1
2020440047259,2020,440047259,1,9,0,18,19,1,5,0,0,8,0,0,3,4,1,1,6,6,1,24,5,2000,2,13,VOLKSWAGEN GOLF,8,E01022620,0,-1
2020500961683,2020,500961683,2,9,0,18,19,5,1,0,0,1,0,0,0,0,1,1,5,6,2,41,7,1600,2,11,VOLKSWAGEN GOLF,9,E01019993,0,-1
2020137751554,2020,137751554,4,9,0,2,2,0,0,0,0,0,0,0,0,0,2,1,6,6,3,-1,-1,1598,2,10,VOLKSWAGEN GOLF,-1,-1,0,-1
2020140931982,2020,140931982,2,9,0,13,13,2,6,0,0,1,0,0,0,0,1,1,5,6,1,52,8,2000,2,16,VOLKSWAGEN GOLF,8,E01007925,0,-1
2020200936800,2020,200936800,1,9,0,16,19,5,8,0,0,2,5,4,0,0,1,1,6,6,1,21,5,1896,2,18,VOLKSWAGEN GOLF,1,E01033650,0,-1
20201379K2146,2020,1379K2146,1,9,0,18,19,6,3,0,0,8,0,0,0,0,1,1,6,6,1,20,4,1968,2,7,VOLKSWAGEN GOLF,5,E01011648,0,-1
2020010232514,2020,010232514,2,9,0,10,10,3,1,0,0,1,0,0,0,0,1,1,1,1,1,24,5,999,1,3,VOLKSWAGEN GOLF,3,E01003141,0,-1
2020500988381,2020,500988381,2,9,0,3,3,5,1,0,0,0,0,0,0,0,1,1,1,1,1,33,6,1600,1,15,VOLKSWAGEN GOLF,9,E01028739,0,-1
2020990962485,2020,990962485,2,9,0,18,19,7,3,0,0,8,0,0,0,0,1,1,2,2,1,54,8,1395,1,5,VOLKSWAGEN GOLF,7,-1,0,-1
2020451005949,2020,451005949,2,9,0,4,4,7,3,0,0,0,0,0,0,0,2,1,5,6,1,30,6,1968,2,4,VOLKSWAGEN GOLF,8,E01016186,0,-1
2020200929689,2020,200929689,1,9,0,16,19,3,6,0,0,0,0,0,0,0,1,1,6,6,1,23,5,1984,1,4,VOLKSWAGEN GOLF,9,E01009416,0,-1
2020010286937,2020,010286937,1,9,0,4,4,1,5,0,0,0,0,0,0,0,1,1,6,6,1,46,8,1391,1,25,VOLKSWAGEN GOLF,4,E01004368,0,-1
2020010269473,2020,010269473,2,9,0,99,99,9,9,99,99,0,9,99,9,99,1,9,6,6,1,22,5,1498,1,0,VOLKSWAGEN GOLF,2,E01003089,0,-1
2020010261381,2020,010261381,1,9,0,18,19,3,7,0,0,3,0,10,7,0,1,1,6,6,1,17,4,999,1,1,VOLKSWAGEN GOLF,5,E01000560,0,-1
2020010264863,2020,010264863,1,9,0,7,7,6,8,0,0,1,0,0,0,0,4,1,6,6,1,30,6,1896,2,31,VOLKSWAGEN GOLF,4,E01026345,0,-1
2020461014264,2020,461014264,1,9,0,9,9,1,3,0,0,1,0,0,0,0,1,1,6,6,1,28,6,1900,2,15,VOLKSWAGEN GOLF,3,E01016022,0,-1
2020451000633,2020,451000633,1,9,0,17,19,5,1,0,0,0,1,0,1,4,4,1,1,1,1,36,7,1968,2,5,VOLKSWAGEN GOLF,7,E01023057,0,-1
2020040955726,2020,040955726,1,9,0,13,13,7,3,0,0,0,0,0,0,0,1,1,6,6,3,-1,-1,1781,1,18,VOLKSWAGEN GOLF,-1,-1,0,-1
202006M174242,2020,06M174242,2,9,0,4,4,3,7,0,0,0,0,0,0,0,1,1,6,6,1,35,6,1598,2,8,VOLKSWAGEN GOLF,4,E01005637,0,-1
2020200981427,2020,200981427,2,9,0,18,19,6,2,0,0,1,0,0,0,0,4,1,6,6,2,25,5,1598,2,5,VOLKSWAGEN GOLF,4,E01025789,0,-1
202063D058120,2020,63D058120,2,9,0,18,19,5,1,0,0,0,0,0,0,0,1,1,6,6,1,66,10,1968,2,7,VOLKSWAGEN GOLF,6,E01022925,0,-1
2020220965254,2020,220965254,1,9,0,16,19,3,6,0,0,0,0,0,0,0,1,1,6,6,1,28,6,1896,2,18,VOLKSWAGEN GOLF,1,E01032368,0,-1
2020340D04572,2020,340D04572,2,9,0,18,19,5,1,0,0,1,1,0,0,0,1,1,6,6,1,24,5,1984,1,8,VOLKSWAGEN GOLF,7,E01027146,0,-1
2020552000747,2020,552000747,1,9,0,9,9,6,4,0,0,6,0,0,0,0,3,1,1,1,2,58,9,1984,1,6,VOLKSWAGEN GOLF,9,E01020406,0,-1
2020200989697,2020,200989697,1,9,0,9,9,3,1,0,0,8,0,0,0,0,4,1,6,6,1,27,6,1598,2,8,VOLKSWAGEN GOLF,2,E01010521,0,-1
2020400961542,2020,400961542,1,9,0,13,13,3,7,0,0,0,0,0,0,0,1,1,6,6,2,25,5,1598,2,5,VOLKSWAGEN GOLF,6,E01017589,0,-1
2020010248392,2020,010248392,1,9,0,2,2,0,0,0,0,0,0,0,0,0,4,1,6,6,3,-1,-1,3200,1,11,VOLKSWAGEN GOLF,-1,-1,0,-1
2020460946156,2020,460946156,3,9,0,7,7,8,2,0,0,1,0,0,0,0,3,1,5,6,1,24,5,1900,2,15,VOLKSWAGEN GOLF,2,E01016042,0,-1
2020140987901,2020,140987901,2,9,0,4,4,8,4,0,0,1,0,0,0,0,1,1,5,6,1,24,5,1968,2,9,VOLKSWAGEN GOLF,1,E01026384,0,-1
2020052001614,2020,052001614,1,9,0,18,19,1,5,0,0,0,0,0,0,0,1,1,6,6,1,25,5,2000,1,21,VOLKSWAGEN GOLF,4,E01007040,0,-1
2020340N09122,2020,340N09122,1,9,0,18,19,1,5,0,0,8,0,0,0,0,1,1,6,6,1,19,4,1598,2,5,VOLKSWAGEN GOLF,1,E01027200,0,-1
2020400921203,2020,400921203,1,9,0,18,19,4,8,0,0,8,0,0,0,0,1,1,5,6,1,20,4,1598,2,9,VOLKSWAGEN GOLF,4,E01015786,0,-1
2020430047564,2020,430047564,2,9,0,18,19,1,5,0,0,8,0,0,0,0,3,1,6,6,2,30,6,1395,1,3,VOLKSWAGEN GOLF,-1,-1,0,-1
2020220981553,2020,220981553,1,9,0,3,3,7,3,0,0,0,0,0,0,0,2,1,2,2,1,31,6,1968,2,6,VOLKSWAGEN GOLF,8,E01032338,0,-1
2020501015388,2020,501015388,1,9,0,5,5,6,2,0,0,8,0,0,0,0,1,1,5,6,2,40,7,1598,2,10,VOLKSWAGEN GOLF,2,E01015216,0,-1
2020010241346,2020,010241346,2,9,0,18,19,5,1,0,0,1,0,0,0,0,1,1,6,6,3,-1,-1,1600,1,15,VOLKSWAGEN GOLF,-1,-1,0,-1
2020010285783,2020,010285783,1,9,0,9,9,7,5,0,0,5,0,0,0,0,1,1,6,6,1,80,11,1600,2,11,VOLKSWAGEN GOLF,2,E01004444,0,-1
2020552000113,2020,552000113,1,9,0,16,19,4,8,0,0,0,1,0,7,4,1,1,6,6,1,20,4,1395,1,2,VOLKSWAGEN GOLF,6,E01020398,0,-1
2020052100034,2020,052100034,1,9,0,18,19,7,6,0,0,8,0,0,0,0,1,1,6,6,2,42,7,1395,1,6,VOLKSWAGEN GOLF,1,E01006679,0,-1
2020500963996,2020,500963996,1,9,0,3,3,3,7,0,0,0,0,0,0,0,1,1,5,6,1,33,6,1600,2,10,VOLKSWAGEN GOLF,5,E01019026,0,-1
2020010272305,2020,010272305,2,9,0,9,9,3,1,0,0,5,0,0,0,0,1,1,6,6,1,22,5,1598,1,15,VOLKSWAGEN GOLF,5,E01003650,0,-1
2020200998267,2020,200998267,2,9,0,18,19,2,6,0,0,8,0,0,0,0,3,1,1,1,1,59,9,1598,1,12,VOLKSWAGEN GOLF,1,E01009579,0,-1
2020010234079,2020,010234079,2,9,0,99,99,9,9,99,99,9,9,99,9,99,1,9,6,6,3,-1,-1,1595,1,19,VOLKSWAGEN GOLF,-1,-1,0,-1
2020201021911,2020,201021911,1,9,0,18,19,7,2,0,0,0,1,0,0,0,4,1,6,6,1,-1,-1,1390,1,10,VOLKSWAGEN GOLF,-1,-1,0,-1
2020450963049,2020,450963049,3,9,0,2,2,0,0,0,0,0,0,4,0,0,2,1,6,6,1,48,8,1896,2,12,VOLKSWAGEN GOLF,10,E01030903,0,-1
2020350966786,2020,350966786,1,9,0,17,19,7,3,0,0,0,0,0,0,0,0,1,5,6,2,63,9,-1,3,1,VOLKSWAGEN GOLF,10,E01018256,0,-1
2020440417626,2020,440417626,1,9,0,17,19,6,2,0,0,0,1,0,0,0,1,1,6,6,1,34,6,1896,2,19,VOLKSWAGEN GOLF,5,E01017283,0,-1
202031C129220,2020,31C129220,2,9,0,18,19,4,8,0,0,8,0,0,0,0,1,1,6,6,2,33,6,1968,2,11,VOLKSWAGEN GOLF,1,E01013825,0,-1
2020010254096,2020,010254096,2,9,0,99,99,9,9,99,99,0,9,99,9,99,9,9,6,6,3,-1,-1,1598,1,17,VOLKSWAGEN GOLF,5,E01002489,0,-1
202006Q269118,2020,06Q269118,5,9,0,2,2,0,0,0,0,0,0,0,0,0,2,1,6,6,1,30,6,1498,1,0,VOLKSWAGEN GOLF,-1,-1,0,-1
2020500942278,2020,500942278,2,9,0,18,19,3,7,0,0,0,0,0,0,0,2,1,1,1,2,55,8,1598,2,9,VOLKSWAGEN GOLF,8,E01014396,0,-1
2020430026398,2020,430026398,1,9,0,18,19,1,5,0,0,8,0,0,0,0,1,1,6,6,1,18,4,1390,1,14,VOLKSWAGEN GOLF,10,E01016289,0,-1
2020991007300,2020,991007300,1,9,0,18,19,4,8,0,0,5,0,0,1,0,1,1,5,6,2,23,5,1197,1,7,VOLKSWAGEN GOLF,1,-1,0,-1
2020460955993,2020,460955993,4,9,0,18,19,3,7,0,0,0,0,0,4,6,1,1,2,2,1,50,8,1598,2,9,VOLKSWAGEN GOLF,9,E01032821,0,-1
2020430065843,2020,430065843,1,9,0,3,3,7,3,0,0,1,0,0,0,0,2,1,6,6,2,45,7,1598,2,10,VOLKSWAGEN GOLF,9,E01016180,0,-1
2020010274494,2020,010274494,1,9,0,9,9,7,5,0,0,1,0,0,0,0,1,1,1,1,1,24,5,1598,2,6,VOLKSWAGEN GOLF,4,E01003119,0,-1
20201372I1461,2020,1372I1461,1,9,0,9,9,5,3,0,0,5,0,0,0,0,4,1,6,6,2,21,5,999,1,2,VOLKSWAGEN GOLF,3,E01011139,0,-1
2020220971194,2020,220971194,2,9,0,7,7,8,2,0,0,5,0,10,1,0,1,1,6,6,1,19,4,1390,1,17,VOLKSWAGEN GOLF,-1,-1,0,-1
2020010283706,2020,010283706,2,9,0,6,6,1,1,0,0,0,0,0,1,4,3,1,6,6,1,38,7,1968,2,7,VOLKSWAGEN GOLF,1,E01001545,0,-1
2020201016253,2020,201016253,1,9,0,18,19,6,2,0,0,0,0,10,2,4,1,1,6,6,1,19,4,1968,2,13,VOLKSWAGEN GOLF,1,E01008940,0,-1
2020200964800,2020,200964800,1,9,0,18,19,6,2,0,0,0,0,4,0,0,1,1,5,6,1,15,3,1968,2,3,VOLKSWAGEN GOLF,3,E01032536,0,-1
2020460926296,2020,460926296,3,9,0,2,2,0,0,0,0,1,0,0,0,0,3,1,5,6,2,81,11,1600,1,20,VOLKSWAGEN GOLF,9,E01024799,0,-1
2020332000089,2020,332000089,1,9,0,18,19,6,2,0,0,0,0,0,0,0,1,2,6,6,1,-1,-1,1600,1,20,VOLKSWAGEN GOLF,-1,-1,0,-1
2020430022281,2020,430022281,2,9,0,18,19,6,2,0,0,6,0,0,0,0,1,1,6,6,1,54,8,1598,2,7,VOLKSWAGEN GOLF,9,E01028739,0,-1
2020990939391,2020,990939391,2,9,0,18,19,7,3,0,0,0,0,0,0,0,3,1,5,6,1,84,11,1900,2,14,VOLKSWAGEN GOLF,2,-1,0,-1
202006L273673,2020,06L273673,1,9,0,18,19,3,7,0,0,8,0,0,0,0,1,1,2,2,1,27,6,1896,2,18,VOLKSWAGEN GOLF,9,E01012448,0,-1
2020230952559,2020,230952559,2,9,0,6,6,3,7,0,0,8,0,0,0,0,2,1,5,6,1,45,7,1968,2,8,VOLKSWAGEN GOLF,9,E01031329,0,-1
2020470984637,2020,470984637,3,9,0,9,9,2,8,0,0,6,0,0,0,0,0,1,6,6,2,36,7,1598,2,4,VOLKSWAGEN GOLF,6,E01016912,0,-1
202063C083520,2020,63C083520,3,9,0,4,4,6,2,0,0,0,0,0,0,0,2,1,2,2,1,60,9,1896,2,12,VOLKSWAGEN GOLF,4,W01000587,0,-1
2020460946156,2020,460946156,1,9,0,9,9,8,6,0,0,6,0,0,0,0,1,1,5,6,2,48,8,1598,2,9,VOLKSWAGEN GOLF,5,E01024786,0,-1
2020010235307,2020,010235307,1,9,0,18,19,1,5,0,0,1,0,4,1,7,1,1,6,6,1,23,5,1984,1,4,VOLKSWAGEN GOLF,5,E01000036,0,-1
2020010259243,2020,010259243,2,9,0,99,99,9,9,99,99,0,9,99,9,99,1,9,6,6,3,-1,-1,1598,2,9,VOLKSWAGEN GOLF,-1,-1,0,-1
2020010259565,2020,010259565,2,9,0,1,1,7,3,0,0,0,0,0,0,0,2,1,6,6,1,32,6,1598,2,2,VOLKSWAGEN GOLF,3,E01000099,0,-1
2020460967696,2020,460967696,1,9,0,16,19,2,8,0,0,0,0,0,0,0,3,1,6,6,3,-1,-1,1781,1,27,VOLKSWAGEN GOLF,-1,-1,0,-1
2020990981836,2020,990981836,1,9,0,9,9,2,6,0,0,1,0,0,1,0,3,1,1,1,2,28,6,1968,2,8,VOLKSWAGEN GOLF,6,-1,0,-1
2020110956873,2020,110956873,2,9,0,13,13,5,1,0,0,1,0,0,0,0,4,1,2,2,1,18,4,2000,1,14,VOLKSWAGEN GOLF,3,E01020869,0,-1
2020470919599,2020,470919599,2,9,0,17,19,5,2,0,0,0,0,0,0,0,3,1,2,2,1,21,5,1984,1,3,VOLKSWAGEN GOLF,8,E01021030,0,-1
2020230957719,2020,230957719,1,9,0,18,19,4,8,0,0,1,0,0,0,0,1,1,5,6,1,39,7,1395,1,4,VOLKSWAGEN GOLF,6,E01031085,0,-1
2020040917012,2020,040917012,1,9,0,18,19,1,5,0,0,8,0,0,1,1,1,1,6,6,2,30,6,1968,2,10,VOLKSWAGEN GOLF,2,E01012605,0,-1