collision_index,collision_year,collision_ref_no,vehicle_reference,vehicle_type,towing_and_articulation,vehicle_manoeuvre_historic,vehicle_manoeuvre,vehicle_direction_from,vehicle_direction_to,vehicle_location_restricted_lane_historic,vehicle_location_restricted_lane,junction_location,skidding_and_overturning,hit_object_in_carriageway,vehicle_leaving_carriageway,hit_object_off_carriageway,first_point_of_impact,vehicle_left_hand_drive,journey_purpose_of_driver_historic,journey_purpose_of_driver,sex_of_driver,age_of_driver,age_band_of_driver,engine_capacity_cc,propulsion_code,age_of_vehicle,generic_make_model,driver_imd_decile,lsoa_of_driver,escooter_flag,driver_distance_banding
202006A373248,2020,06A373248,1,9,0,18,19,1,5,0,0,8,0,0,0,0,1,1,6,6,3,-1,-1,1896,2,15,VOLKSWAGEN GOLF,-1,-1,0,-1
2020160965935,2020,160965935,2,9,0,18,19,7,3,0,0,0,0,0,0,0,1,1,2,2,1,63,9,1896,2,17,VOLKSWAGEN GOLF,10,E01012924,0,-1
2020030957893,2020,030957893,1,9,0,16,19,1,5,0,0,0,0,0,0,0,1,1,6,6,1,21,5,1968,2,5,VOLKSWAGEN GOLF,1,E01019112,0,-1
2020320525832,2020,320525832,1,9,0,18,19,7,3,0,0,1,0,0,0,0,1,1,6,6,1,31,6,1498,1,0,VOLKSWAGEN GOLF,3,E01026386,0,-1
20201374M1254,2020,1374M1254,2,9,0,18,19,7,4,0,0,0,0,0,0,0,2,1,2,2,1,59,9,1896,2,13,VOLKSWAGEN GOLF,3,E01011257,0,-1
2020122000328,2020,122000328,1,9,0,18,19,8,4,0,0,0,0,11,2,10,4,2,6,6,1,23,5,1984,1,3,VOLKSWAGEN GOLF,1,E01010813,0,-1
2020010265627,2020,010265627,1,9,0,5,5,5,1,0,0,1,0,0,0,0,1,1,6,6,1,31,6,1968,2,1,VOLKSWAGEN GOLF,3,E01002185,0,-1
2020450927231,2020,450927231,2,9,0,18,19,1,5,0,0,1,0,0,0,0,1,1,6,6,1,30,6,1896,2,17,VOLKSWAGEN GOLF,8,E01030485,0,-1
2020101004094,2020,101004094,3,9,0,3,3,1,5,0,0,0,0,0,0,0,2,1,2,2,1,29,6,1968,2,15,VOLKSWAGEN GOLF,1,E01008227,0,-1
2020520003493,2020,520003493,1,9,0,18,19,1,5,0,0,8,0,0,0,0,1,1,6,6,3,25,5,2000,2,14,VOLKSWAGEN GOLF,-1,-1,0,-1
2020500987313,2020,500987313,3,9,0,18,19,6,2,0,0,1,0,0,1,0,1,1,6,6,2,68,10,1968,2,9,VOLKSWAGEN GOLF,4,E01018951,0,-1
2020350926917,2020,350926917,1,9,0,3,3,5,1,0,0,0,0,0,0,0,2,1,1,1,1,25,5,1598,2,1,VOLKSWAGEN GOLF,9,E01018029,0,-1
2020460927107,2020,460927107,1,9,0,18,19,8,4,0,0,0,0,0,0,0,1,1,3,7,2,51,8,1498,1,1,VOLKSWAGEN GOLF,8,E01024744,0,-1
2020230970552,2020,230970552,1,9,0,7,7,6,1,0,0,1,0,0,0,0,3,1,5,6,1,21,5,2000,2,14,VOLKSWAGEN GOLF,10,E01023578,0,-1
202063D065420,2020,63D065420,3,9,0,3,3,6,2,0,0,0,0,0,0,0,2,1,6,6,1,73,10,1598,2,5,VOLKSWAGEN GOLF,3,W01000499,0,-1
202006M274603,2020,06M274603,1,9,0,18,19,2,6,0,0,0,0,0,0,0,1,1,6,6,2,42,7,-1,3,1,VOLKSWAGEN GOLF,8,E01006164,0,-1
2020010261089,2020,010261089,2,9,0,18,19,5,1,0,0,8,0,0,0,0,1,1,6,6,1,33,6,1395,1,6,VOLKSWAGEN GOLF,3,E01001190,0,-1
2020420923554,2020,420923554,2,9,0,18,19,7,3,0,0,0,0,0,1,0,1,1,2,2,1,46,8,1598,2,5,VOLKSWAGEN GOLF,10,E01021351,0,-1
2020010277872,2020,010277872,1,9,0,18,19,1,5,0,0,0,0,0,0,0,1,1,6,6,3,-1,-1,999,1,1,VOLKSWAGEN GOLF,-1,-1,0,-1
2020010252887,2020,010252887,1,9,0,99,99,9,9,99,99,9,9,99,9,99,2,9,6,6,2,37,7,1968,2,7,VOLKSWAGEN GOLF,4,E01004531,0,-1
2020030959810,2020,030959810,2,9,0,4,4,8,4,0,0,0,0,0,0,0,3,1,5,6,2,41,7,2000,2,15,VOLKSWAGEN GOLF,3,E01012662,0,-1
2020500923588,2020,500923588,2,9,0,10,10,4,8,0,0,1,0,0,0,0,2,1,6,6,2,43,7,1984,1,1,VOLKSWAGEN GOLF,5,E01018906,0,-1
2020400938427,2020,400938427,2,9,0,18,19,7,3,0,0,1,0,0,0,0,4,1,5,6,2,31,6,1598,2,6,VOLKSWAGEN GOLF,7,E01015808,0,-1
2020122000445,2020,122000445,2,9,0,18,19,5,1,0,0,0,0,0,7,10,1,1,1,1,2,24,5,1598,2,9,VOLKSWAGEN GOLF,3,E01027824,0,-1
2020010248300,2020,010248300,2,9,0,5,5,1,5,0,0,1,0,0,0,0,4,1,6,6,1,73,10,1395,1,7,VOLKSWAGEN GOLF,8,E01002132,0,-1
2020137641905,2020,137641905,1,9,0,18,19,1,5,0,0,0,1,0,0,0,1,1,6,6,1,32,6,1900,2,14,VOLKSWAGEN GOLF,1,E01008220,0,-1
2020230987636,2020,230987636,1,9,0,18,19,2,6,0,0,4,0,0,0,0,3,1,5,6,1,28,6,1598,1,15,VOLKSWAGEN GOLF,6,E01009467,0,-1
2020990932280,2020,990932280,2,9,0,7,7,7,1,0,0,1,0,0,0,0,1,1,2,2,2,32,6,1968,2,13,VOLKSWAGEN GOLF,4,-1,0,-1
2020440006717,2020,440006717,2,9,0,9,9,6,4,0,0,8,0,0,0,0,3,1,6,6,1,29,6,1968,2,5,VOLKSWAGEN GOLF,10,E01022606,0,-1
202031C135220,2020,31C135220,1,9,0,18,19,2,6,0,0,8,1,0,2,2,1,1,6,6,1,33,6,2000,1,14,VOLKSWAGEN GOLF,4,E01033404,0,-1
2020420951221,2020,420951221,2,9,0,17,19,6,2,0,0,0,0,0,1,0,1,1,5,6,2,36,7,1984,1,5,VOLKSWAGEN GOLF,6,E01021355,0,-1
2020010246287,2020,010246287,2,9,0,2,2,0,0,9,9,1,0,0,0,0,4,1,6,6,3,-1,-1,1390,1,9,VOLKSWAGEN GOLF,-1,-1,0,-1
2020430333552,2020,430333552,1,9,0,5,5,8,4,0,0,0,0,0,0,0,3,1,6,6,1,32,6,1968,2,3,VOLKSWAGEN GOLF,-1,-1,0,-1
2020622000185,2020,622000185,1,9,0,6,6,6,6,0,0,6,0,0,0,0,1,1,6,6,1,37,7,1781,1,17,VOLKSWAGEN GOLF,3,W01001748,0,-1
2020200947059,2020,200947059,2,9,0,18,19,5,1,0,0,0,0,0,0,0,1,1,1,1,1,29,6,1598,2,9,VOLKSWAGEN GOLF,3,E01009947,0,-1
2020040994639,2020,040994639,1,9,0,9,9,7,5,0,0,6,0,0,0,0,3,1,2,2,1,26,6,1390,1,12,VOLKSWAGEN GOLF,8,E01025086,0,-1
2020041011061,2020,041011061,1,9,0,18,19,7,3,0,0,1,0,0,0,0,1,1,5,6,1,19,4,1390,1,10,VOLKSWAGEN GOLF,8,E01025040,0,-1
202006E278019,2020,06E278019,1,9,0,18,19,5,1,0,0,8,0,0,0,0,1,1,6,6,1,22,5,1598,2,6,VOLKSWAGEN GOLF,3,E01005115,0,-1
2020470925682,2020,470925682,1,9,0,18,19,5,8,0,0,0,0,0,0,0,3,1,6,6,1,-1,-1,1598,2,7,VOLKSWAGEN GOLF,-1,-1,0,-1
2020522004278,2020,522004278,3,9,0,7,7,8,3,0,0,0,0,0,0,0,2,1,6,6,2,59,9,1598,2,4,VOLKSWAGEN GOLF,9,E01014862,0,-1
2020461007777,2020,461007777,1,9,0,18,19,2,6,0,0,0,0,0,0,0,3,1,6,6,1,22,5,2000,2,14,VOLKSWAGEN GOLF,9,E01016096,0,-1
2020450954787,2020,450954787,2,9,0,18,19,1,5,0,0,0,0,0,0,0,3,1,6,6,1,23,5,1598,1,17,VOLKSWAGEN GOLF,6,E01030555,0,-1
2020302001349,2020,302001349,2,9,0,3,3,6,2,0,0,0,0,0,0,0,2,1,6,6,1,32,6,1598,2,8,VOLKSWAGEN GOLF,1,E01014212,0,-1
2020010252575,2020,010252575,1,9,0,9,9,3,8,0,0,1,0,0,0,0,2,1,6,6,1,69,10,1197,1,10,VOLKSWAGEN GOLF,1,E01004335,0,-1
2020450996022,2020,450996022,1,9,0,18,19,3,7,0,0,0,0,0,0,0,4,1,6,6,2,78,11,1395,1,3,VOLKSWAGEN GOLF,5,E01016240,0,-1
2020370972495,2020,370972495,1,9,0,18,19,3,7,0,0,0,5,0,0,0,1,1,6,6,3,-1,-1,1900,2,21,VOLKSWAGEN GOLF,-1,-1,0,-1
2020070358386,2020,070358386,1,9,0,18,19,3,7,0,0,0,0,0,0,11,3,1,6,6,1,20,4,999,1,2,VOLKSWAGEN GOLF,2,E01018645,0,-1
2020440103923,2020,440103923,1,9,0,7,7,2,6,0,0,1,0,0,3,7,1,1,6,6,1,35,6,1968,2,6,VOLKSWAGEN GOLF,8,E01017196,0,-1
20201371D1346,2020,1371D1346,1,9,0,18,19,4,2,0,0,4,0,0,0,0,0,1,6,6,2,49,8,1984,1,3,VOLKSWAGEN GOLF,10,E01010696,0,-1
2020371001631,2020,371001631,1,9,0,7,7,6,8,0,0,0,0,0,1,2,1,1,2,2,1,28,6,1781,1,20,VOLKSWAGEN GOLF,6,E01033317,0,-1
2020220938805,2020,220938805,2,9,0,5,5,2,6,0,0,1,0,0,0,0,1,1,5,6,2,18,4,1390,1,17,VOLKSWAGEN GOLF,6,E01028943,0,-1
2020200957562,2020,200957562,1,9,0,18,19,2,6,0,0,8,5,10,7,0,4,1,6,6,1,23,5,1896,2,12,VOLKSWAGEN GOLF,1,E01009892,0,-1
2020010238824,2020,010238824,1,9,0,18,19,1,5,0,0,8,0,0,0,0,3,9,2,2,1,53,8,1598,2,9,VOLKSWAGEN GOLF,7,E01002424,0,-1
2020200951163,2020,200951163,1,9,0,2,2,0,0,0,0,0,0,0,0,0,3,1,6,6,1,40,7,1598,2,6,VOLKSWAGEN GOLF,1,E01009129,0,-1
2020450978471,2020,450978471,1,9,0,18,19,7,3,0,0,0,0,0,0,0,1,1,5,6,2,54,8,1390,1,9,VOLKSWAGEN GOLF,3,E01003979,0,-1
2020137A30682,2020,137A30682,1,9,0,13,13,5,1,0,0,0,0,0,0,0,0,1,6,6,1,28,6,1598,2,8,VOLKSWAGEN GOLF,8,E01011653,0,-1
2020040979448,2020,040979448,2,9,0,18,19,1,1,0,0,0,0,0,0,0,1,1,6,6,1,29,6,1600,2,10,VOLKSWAGEN GOLF,1,E01025224,0,-1
2020010283431,2020,010283431,1,9,0,9,9,5,3,0,0,2,0,0,0,0,0,1,6,6,1,58,9,1395,1,7,VOLKSWAGEN GOLF,7,E01002578,0,-1
2020201023193,2020,201023193,1,9,0,18,19,-1,-1,0,0,0,0,0,0,0,1,1,6,6,1,-1,-1,1900,2,15,VOLKSWAGEN GOLF,-1,-1,0,-1
2020140937426,2020,140937426,3,9,0,2,2,0,0,0,0,2,0,0,0,0,1,1,6,6,3,-1,-1,1968,2,5,VOLKSWAGEN GOLF,-1,-1,0,-1
2020470924401,2020,470924401,1,9,0,18,19,1,5,0,0,0,0,0,0,0,1,1,5,6,1,32,6,1896,2,18,VOLKSWAGEN GOLF,6,E01031554,0,-1
20201376Q1785,2020,1376Q1785,1,9,0,9,9,7,5,0,0,5,0,0,0,0,1,1,6,6,1,-1,-1,1968,2,11,VOLKSWAGEN GOLF,-1,-1,0,-1
2020350975361,2020,350975361,1,9,0,9,9,7,1,0,0,4,0,0,0,0,1,1,5,6,2,28,6,1498,1,0,VOLKSWAGEN GOLF,2,E01004302,0,-1
2020440294423,2020,440294423,2,9,0,17,19,2,4,0,0,4,0,0,0,0,1,1,6,6,2,63,9,1598,2,9,VOLKSWAGEN GOLF,6,E01030555,0,-1
2020302000440,2020,302000440,1,9,0,18,19,4,8,0,0,1,1,0,7,9,1,1,6,6,1,21,5,1896,2,17,VOLKSWAGEN GOLF,10,E01013466,0,-1
2020451000098,2020,451000098,2,9,0,17,19,1,5,0,0,0,0,0,0,0,2,1,2,2,1,34,6,1600,1,16,VOLKSWAGEN GOLF,9,E01030947,0,-1
2020010263026,2020,010263026,2,9,0,99,99,9,9,99,99,9,9,99,9,99,1,9,6,6,3,57,9,1984,1,18,VOLKSWAGEN GOLF,10,E01003835,0,-1
2020137AG1459,2020,137AG1459,2,9,0,18,19,7,3,0,0,0,0,0,0,0,1,1,6,6,1,59,9,1395,1,4,VOLKSWAGEN GOLF,-1,-1,0,-1
2020137650925,2020,137650925,1,9,0,9,9,1,5,0,0,6,0,0,0,0,4,1,6,6,2,29,6,1896,2,14,VOLKSWAGEN GOLF,1,E01011673,0,-1
202006A374532,2020,06A374532,1,9,0,11,11,2,6,0,0,1,0,0,0,0,1,1,6,6,2,30,6,1598,2,5,VOLKSWAGEN GOLF,-1,-1,0,-1
2020410969579,2020,410969579,1,9,0,18,19,3,7,0,0,0,0,0,0,0,1,1,6,6,1,89,11,1984,1,1,VOLKSWAGEN GOLF,10,E01023851,0,-1
2020460961195,2020,460961195,2,9,0,18,19,3,7,0,0,0,0,0,0,0,1,1,6,6,1,66,10,1395,1,7,VOLKSWAGEN GOLF,7,E01024388,0,-1
2020030931333,2020,030931333,1,9,0,18,19,4,1,0,0,0,0,10,0,0,1,1,6,6,1,42,7,1968,2,12,VOLKSWAGEN GOLF,3,E01019114,0,-1
2020070607442,2020,070607442,2,9,0,2,2,0,0,0,0,0,0,0,0,0,2,1,6,6,1,36,7,1390,1,16,VOLKSWAGEN GOLF,1,E01018550,0,-1
2020100922319,2020,100922319,2,9,0,18,19,7,3,0,0,0,0,0,0,0,1,1,2,2,1,28,6,1968,2,8,VOLKSWAGEN GOLF,4,E01008536,0,-1
2020010249634,2020,010249634,2,9,0,99,99,9,9,99,99,9,9,99,9,99,1,9,6,6,1,32,6,1598,2,8,VOLKSWAGEN GOLF,3,E01009660,0,-1
2020201023282,2020,201023282,1,9,0,9,9,1,8,0,0,6,0,0,0,0,4,1,6,6,2,35,6,3200,1,13,VOLKSWAGEN GOLF,4,E01014121,0,-1
2020501008718,2020,501008718,1,9,0,18,19,5,1,0,0,0,0,4,0,0,1,1,5,6,1,23,5,1598,1,15,VOLKSWAGEN GOLF,2,E01018770,0,-1
2020990948203,2020,990948203,2,9,0,9,9,7,6,0,0,1,0,0,0,0,0,1,6,6,2,44,7,1900,2,20,VOLKSWAGEN GOLF,10,-1,0,-1
2020040966963,2020,040966963,1,9,0,13,13,7,3,0,0,0,0,0,0,0,2,1,5,6,1,52,8,1968,2,3,VOLKSWAGEN GOLF,5,E01025311,0,-1
2020010268057,2020,010268057,2,9,0,18,19,7,3,0,0,1,0,0,0,0,1,1,2,2,2,37,7,1598,2,1,VOLKSWAGEN GOLF,6,E01033738,0,-1
2020410922836,2020,410922836,1,9,0,18,19,8,4,0,0,0,0,7,0,0,1,1,5,6,1,20,4,1598,1,12,VOLKSWAGEN GOLF,4,E01002551,0,-1
2020622100007,2020,622100007,1,9,0,9,9,4,2,0,0,5,0,0,0,0,1,1,1,1,1,25,5,1598,2,9,VOLKSWAGEN GOLF,8,W01001864,0,-1
2020552000582,2020,552000582,2,9,0,3,3,8,4,0,0,0,0,0,0,0,2,1,6,6,1,24,5,1390,1,15,VOLKSWAGEN GOLF,6,E01020527,0,-1
2020010269084,2020,010269084,1,9,0,99,99,9,9,99,99,9,9,99,9,99,2,9,6,6,1,26,6,1390,1,13,VOLKSWAGEN GOLF,4,E01003436,0,-1
2020501013979,2020,501013979,2,9,0,3,3,7,3,0,0,1,1,0,0,0,3,1,5,6,2,48,8,1598,2,7,VOLKSWAGEN GOLF,5,E01018842,0,-1
2020210942995,2020,210942995,1,9,-1,9,9,7,3,0,0,1,-1,0,0,0,1,1,6,6,1,-1,-1,1968,2,11,VOLKSWAGEN GOLF,1,E01014269,0,-1
2020302001206,2020,302001206,1,9,0,18,19,7,1,0,0,0,0,0,0,0,1,1,6,6,3,-1,-1,1598,1,18,VOLKSWAGEN GOLF,5,E01019456,0,-1
2020470986649,2020,470986649,1,9,0,18,19,1,5,0,0,1,0,0,0,0,1,1,5,6,1,33,6,1595,1,18,VOLKSWAGEN GOLF,10,E01022848,0,-1
2020220956179,2020,220956179,1,9,0,7,7,5,7,0,0,6,0,0,0,0,1,1,5,6,2,55,8,1598,2,10,VOLKSWAGEN GOLF,8,E01028887,0,-1
2020101002565,2020,101002565,1,9,0,18,19,7,3,0,0,4,0,0,0,0,2,1,5,6,2,39,7,1498,1,3,VOLKSWAGEN GOLF,3,E01008636,0,-1
2020070619268,2020,070619268,1,9,0,5,5,4,8,0,0,4,0,9,1,0,3,1,1,1,2,46,8,1968,2,5,VOLKSWAGEN GOLF,8,E01018344,0,-1
2020010272536,2020,010272536,1,9,0,10,10,5,2,0,0,1,0,0,0,0,2,1,6,6,1,23,5,1984,1,4,VOLKSWAGEN GOLF,3,E01001552,0,-1
2020410943423,2020,410943423,1,9,0,17,19,1,5,0,0,0,1,0,1,4,2,1,6,6,1,28,6,1984,1,1,VOLKSWAGEN GOLF,6,E01023784,0,-1
2020200999144,2020,200999144,1,9,0,9,9,6,4,0,0,5,0,0,0,0,1,1,6,6,1,30,6,1896,2,12,VOLKSWAGEN GOLF,1,E01010410,0,-1
2020460945100,2020,460945100,2,9,0,18,19,6,2,0,0,0,1,0,1,0,3,1,5,6,2,65,9,1400,1,21,VOLKSWAGEN GOLF,8,E01024652,0,-1
2020200998256,2020,200998256,1,9,0,18,19,6,2,0,0,0,0,0,0,0,3,1,1,1,1,46,8,2000,2,14,VOLKSWAGEN GOLF,1,E01010486,0,-1
2020231012315,2020,231012315,4,9,0,4,4,2,6,0,0,0,0,0,0,0,2,1,5,6,1,57,9,1498,1,2,VOLKSWAGEN GOLF,9,E01033250,0,-1
2020220961439,2020,220961439,1,9,0,18,19,3,7,0,0,1,0,0,0,0,3,1,5,6,2,27,6,1896,2,17,VOLKSWAGEN GOLF,9,E01032341,0,-1
2020010267907,2020,010267907,2,9,0,99,99,9,9,99,99,9,9,99,9,99,1,9,6,6,3,-1,-1,1390,1,11,VOLKSWAGEN GOLF,-1,-1,0,-1
2020041010170,2020,041010170,1,9,0,18,19,7,3,0,0,4,0,0,0,0,1,1,5,6,1,24,5,1395,1,4,VOLKSWAGEN GOLF,6,E01025563,0,-1
2020548021020,2020,548021020,1,9,0,5,5,6,2,0,0,4,0,0,0,0,1,1,6,6,1,75,10,1395,1,3,VOLKSWAGEN GOLF,9,E01032052,0,-1
2020990998888,2020,990998888,2,9,0,4,4,4,8,0,0,0,0,0,0,0,2,1,5,6,1,24,5,1598,2,8,VOLKSWAGEN GOLF,1,-1,0,-1
2020340N05502,2020,340N05502,2,9,0,2,2,0,0,0,0,0,0,0,1,0,2,1,6,6,1,42,7,1896,2,14,VOLKSWAGEN GOLF,8,E01027193,0,-1
2020990947963,2020,990947963,1,9,0,16,19,7,2,0,0,1,0,0,0,0,1,1,5,6,1,33,6,1984,1,3,VOLKSWAGEN GOLF,3,-1,0,-1
2020361017570,2020,361017570,2,9,0,3,3,7,3,0,0,0,0,0,0,0,2,1,5,6,2,38,7,1968,2,6,VOLKSWAGEN GOLF,4,E01026695,0,-1
2020010251217,2020,010251217,1,9,0,9,9,8,6,0,0,0,0,0,0,0,1,1,2,2,2,30,6,-1,3,2,VOLKSWAGEN GOLF,7,E01003475,0,-1
2020460938199,2020,460938199,3,9,0,18,19,1,5,0,0,1,0,11,0,0,1,1,1,1,1,42,7,1896,2,18,VOLKSWAGEN GOLF,8,E01000752,0,-1
2020010254406,2020,010254406,1,9,0,10,10,7,5,0,0,8,0,0,0,0,0,1,6,6,1,24,5,1598,2,4,VOLKSWAGEN GOLF,3,E01033464,0,-1
2020010266264,2020,010266264,1,9,0,18,19,1,5,0,0,0,0,0,0,0,1,1,6,6,1,29,6,1395,1,3,VOLKSWAGEN GOLF,8,E01003812,0,-1
2020010262484,2020,010262484,2,9,0,99,99,9,9,99,99,9,9,99,9,99,1,9,6,6,3,-1,-1,1598,2,10,VOLKSWAGEN GOLF,-1,-1,0,-1
2020470975944,2020,470975944,1,9,0,18,19,5,1,0,0,6,0,0,0,0,3,1,5,6,1,63,9,1896,2,12,VOLKSWAGEN GOLF,10,E01021132,0,-1
2020360921374,2020,360921374,2,9,0,18,19,5,1,0,0,0,0,0,0,0,1,1,5,6,2,53,8,1498,1,1,VOLKSWAGEN GOLF,7,E01026754,0,-1
2020351003331,2020,351003331,1,9,0,12,12,4,8,0,0,0,0,0,0,0,3,1,5,6,1,20,4,1390,1,11,VOLKSWAGEN GOLF,4,E01003543,0,-1
2020010269242,2020,010269242,1,9,0,18,19,7,3,0,0,0,2,10,2,10,1,1,6,6,1,19,4,1598,1,16,VOLKSWAGEN GOLF,1,E01004236,0,-1
2020340S05402,2020,340S05402,1,9,0,18,19,5,1,0,0,0,2,0,1,4,1,1,6,6,1,37,7,1896,2,19,VOLKSWAGEN GOLF,9,E01032396,0,-1
2020040996879,2020,040996879,2,9,0,18,19,3,7,0,0,1,0,0,0,0,3,1,2,2,1,34,6,1968,2,13,VOLKSWAGEN GOLF,1,E01025151,0,-1
2020221005150,2020,221005150,1,9,0,9,9,3,2,0,0,6,0,0,0,0,1,1,5,6,2,52,8,1390,1,9,VOLKSWAGEN GOLF,10,E01028935,0,-1
2020420974775,2020,420974775,3,9,0,18,19,1,5,0,0,0,0,0,0,0,3,1,5,6,1,44,7,1598,2,8,VOLKSWAGEN GOLF,7,E01021857,0,-1
2020200984932,2020,200984932,2,9,4,18,19,6,2,0,0,1,0,0,-1,0,1,1,6,6,2,29,6,1598,2,8,VOLKSWAGEN GOLF,1,E01009844,0,-1
2020552000627,2020,552000627,2,9,0,18,19,4,8,0,0,0,0,0,0,0,1,1,6,6,1,17,4,1400,1,21,VOLKSWAGEN GOLF,6,E01015353,0,-1
2020100932221,2020,100932221,2,9,0,18,19,3,7,0,0,0,0,0,0,0,1,1,6,6,1,64,9,1197,1,7,VOLKSWAGEN GOLF,10,E01008523,0,-1
2020460934535,2020,460934535,2,9,0,16,19,1,4,0,0,0,0,0,0,0,3,1,5,6,2,43,7,1896,2,12,VOLKSWAGEN GOLF,7,E01024743,0,-1
2020320477785,2020,320477785,1,9,0,18,19,3,7,0,0,0,2,0,1,4,1,1,6,6,1,25,5,1984,1,6,VOLKSWAGEN GOLF,5,E01026052,0,-1
2020160944854,2020,160944854,2,9,0,18,19,5,1,0,0,1,0,0,0,0,2,1,5,6,2,42,7,1598,2,8,VOLKSWAGEN GOLF,9,E01013103,0,-1
2020052000414,2020,052000414,1,9,0,18,19,3,7,0,0,1,0,0,0,0,1,1,2,2,1,36,7,1600,2,10,VOLKSWAGEN GOLF,1,E01006612,0,-1
20201374S0862,2020,1374S0862,1,9,0,18,19,4,8,0,0,6,0,0,0,0,1,1,6,6,1,-1,-1,1598,2,7,VOLKSWAGEN GOLF,-1,-1,0,-1
20201371G0305,2020,1371G0305,1,9,0,18,19,5,1,0,0,0,1,0,0,0,1,1,6,6,1,28,6,1600,2,10,VOLKSWAGEN GOLF,-1,-1,0,-1
2020040936672,2020,040936672,2,9,0,4,4,5,1,0,0,0,0,0,0,0,2,1,6,6,1,29,6,1968,2,4,VOLKSWAGEN GOLF,3,E01010986,0,-1
2020201015993,2020,201015993,1,9,0,18,19,8,4,0,0,8,0,0,0,0,1,1,6,6,1,58,9,1984,1,24,VOLKSWAGEN GOLF,8,-1,0,-1
2020220994610,2020,220994610,2,9,0,4,4,5,7,0,0,4,0,0,0,0,2,1,5,6,1,65,9,1598,1,13,VOLKSWAGEN GOLF,7,E01028835,0,-1
2020440470996,2020,440470996,3,9,0,3,3,2,6,0,0,1,0,0,0,0,2,1,6,6,1,21,5,1598,2,5,VOLKSWAGEN GOLF,3,E01017107,0,-1
2020420964407,2020,420964407,2,9,0,18,19,3,7,0,0,0,0,0,0,0,3,1,6,6,1,34,6,1498,1,1,VOLKSWAGEN GOLF,3,E01029914,0,-1
2020500930355,2020,500930355,3,9,0,2,2,0,0,0,0,0,0,0,0,0,1,1,6,6,1,51,8,1598,2,7,VOLKSWAGEN GOLF,9,E01020316,0,-1
2020430382403,2020,430382403,1,9,0,9,9,6,4,0,0,0,0,0,0,0,2,1,6,6,1,36,7,1395,1,3,VOLKSWAGEN GOLF,9,E01033236,0,-1
2020420988678,2020,420988678,2,9,0,16,19,4,8,0,0,1,0,0,0,0,3,1,1,1,1,38,7,1600,2,10,VOLKSWAGEN GOLF,2,E01001553,0,-1
2020010286661,2020,010286661,1,9,0,99,99,9,9,99,99,0,9,99,9,99,9,9,6,6,2,21,5,1395,1,3,VOLKSWAGEN GOLF,3,E01004562,0,-1
2020010266831,2020,010266831,2,9,0,7,7,1,4,0,0,8,0,0,1,0,4,1,6,6,1,59,9,1900,2,14,VOLKSWAGEN GOLF,2,E01004364,0,-1
2020440027423,2020,440027423,1,9,0,18,19,4,8,0,0,0,0,0,0,0,1,1,6,6,1,19,4,2324,1,17,VOLKSWAGEN GOLF,6,E01017177,0,-1
2020010248480,2020,010248480,2,9,0,99,99,9,9,99,99,0,9,99,9,99,9,9,6,6,3,-1,-1,1968,2,7,VOLKSWAGEN GOLF,-1,-1,0,-1
2020411011138,2020,411011138,4,9,0,18,19,8,4,0,0,0,0,0,0,0,1,1,6,6,1,-1,-1,1984,1,13,VOLKSWAGEN GOLF,9,E01023834,0,-1
2020220998029,2020,220998029,2,9,0,3,3,8,4,0,0,8,0,0,0,0,2,1,5,6,2,70,10,1598,2,4,VOLKSWAGEN GOLF,4,E01014017,0,-1
2020200996522,2020,200996522,2,9,0,18,19,-1,-1,0,0,0,0,0,0,0,1,1,6,6,2,39,7,1390,1,11,VOLKSWAGEN GOLF,5,E01033619,0,-1
2020470967543,2020,470967543,1,9,0,4,4,7,3,0,0,1,0,0,0,0,1,1,6,6,1,31,6,1390,1,13,VOLKSWAGEN GOLF,7,E01021029,0,-1
2020010274243,2020,010274243,2,9,0,9,9,5,3,0,0,8,0,0,0,0,4,1,6,6,2,23,5,1600,1,16,VOLKSWAGEN GOLF,4,E01000066,0,-1
2020410964193,2020,410964193,1,9,0,7,7,1,5,9,9,6,2,0,3,4,1,1,5,6,2,50,8,1395,1,7,VOLKSWAGEN GOLF,4,E01023555,0,-1
2020070604964,2020,070604964,4,9,0,4,4,6,2,0,0,1,0,0,0,0,2,1,6,6,1,46,8,1968,2,11,VOLKSWAGEN GOLF,10,E01018694,0,-1
202031D010420,2020,31D010420,1,9,0,18,19,8,4,0,0,0,0,0,0,0,1,1,6,6,2,48,8,1598,2,5,VOLKSWAGEN GOLF,9,E01028421,0,-1
2020990971882,2020,990971882,1,9,0,5,5,1,6,0,0,1,0,0,0,0,3,1,6,6,1,34,6,1598,2,8,VOLKSWAGEN GOLF,5,-1,0,-1
2020990996761,2020,990996761,1,9,0,17,19,7,3,0,0,0,0,0,2,0,1,1,5,6,1,75,10,1598,2,2,VOLKSWAGEN GOLF,5,-1,0,-1
2020160959193,2020,160959193,2,9,0,18,19,6,3,0,0,1,0,0,0,0,1,1,6,6,1,23,5,2000,2,14,VOLKSWAGEN GOLF,2,E01012903,0,-1
2020302001638,2020,302001638,1,9,0,18,19,8,4,0,0,0,0,0,2,3,1,1,6,6,1,40,7,1968,2,12,VOLKSWAGEN GOLF,5,E01013509,0,-1
2020450989433,2020,450989433,2,9,0,2,2,0,0,0,0,0,0,0,1,0,4,1,5,6,1,32,6,1800,1,21,VOLKSWAGEN GOLF,6,E01030677,0,-1
2020010249423,2020,010249423,1,9,0,10,10,6,5,0,0,1,0,0,0,0,1,1,6,6,1,36,7,1598,2,4,VOLKSWAGEN GOLF,6,E01000273,0,-1
2020140968233,2020,140968233,1,9,0,9,9,2,8,0,0,1,0,0,0,0,4,1,1,1,1,55,8,1498,1,1,VOLKSWAGEN GOLF,1,E01007764,0,-1
2020500958344,2020,500958344,1,9,0,7,7,1,7,0,0,1,0,0,0,0,3,1,1,1,1,35,6,1984,1,5,VOLKSWAGEN GOLF,10,E01020242,0,-1