collision_index,collision_year,collision_ref_no,vehicle_reference,vehicle_type,towing_and_articulation,vehicle_manoeuvre_historic,vehicle_manoeuvre,vehicle_direction_from,vehicle_direction_to,vehicle_location_restricted_lane_historic,vehicle_location_restricted_lane,junction_location,skidding_and_overturning,hit_object_in_carriageway,vehicle_leaving_carriageway,hit_object_off_carriageway,first_point_of_impact,vehicle_left_hand_drive,journey_purpose_of_driver_historic,journey_purpose_of_driver,sex_of_driver,age_of_driver,age_band_of_driver,engine_capacity_cc,propulsion_code,age_of_vehicle,generic_make_model,driver_imd_decile,lsoa_of_driver,escooter_flag,driver_distance_banding
2020460929310,2020,460929310,1,9,0,18,19,5,1,0,0,0,0,0,1,0,1,1,1,1,1,20,4,1781,1,17,VOLKSWAGEN GOLF,6,E01023979,0,-1
2020450932884,2020,450932884,1,9,0,9,9,1,5,0,0,8,0,0,0,0,1,1,5,6,1,35,6,1598,2,5,VOLKSWAGEN GOLF,10,E01030500,0,-1
2020522003937,2020,522003937,1,9,0,9,9,8,6,0,0,8,0,0,0,0,1,1,6,6,2,83,11,2000,2,14,VOLKSWAGEN GOLF,9,E01014849,0,-1
2020010262903,2020,010262903,2,9,0,99,99,9,9,99,99,9,9,99,9,99,9,9,6,6,3,-1,-1,1600,1,14,VOLKSWAGEN GOLF,4,E01032766,0,-1
2020544636120,2020,544636120,2,9,0,10,10,5,1,0,0,8,0,0,0,0,2,1,6,6,1,22,5,1896,2,17,VOLKSWAGEN GOLF,-1,-1,0,-1
2020200941298,2020,200941298,1,9,0,5,5,7,3,0,0,1,0,0,0,0,1,1,6,6,1,28,6,1598,1,14,VOLKSWAGEN GOLF,2,E01010448,0,-1
2020990971666,2020,990971666,1,9,0,18,19,4,8,0,0,8,0,0,0,0,1,1,6,6,1,30,6,1896,2,12,VOLKSWAGEN GOLF,-1,-1,0,-1
202006A371984,2020,06A371984,3,9,0,18,19,7,3,0,0,8,0,0,0,0,1,1,6,6,2,30,6,1968,2,9,VOLKSWAGEN GOLF,4,E01005853,0,-1
2020110984048,2020,110984048,1,9,0,16,19,7,3,0,0,0,0,0,0,0,1,1,5,6,2,25,5,1598,2,6,VOLKSWAGEN GOLF,5,E01020663,0,-1
2020010236329,2020,010236329,2,9,0,18,19,5,1,0,0,4,0,0,0,0,4,1,6,6,2,36,7,1598,2,9,VOLKSWAGEN GOLF,7,E01001134,0,-1
2020470922306,2020,470922306,1,9,0,9,9,5,3,0,0,8,0,0,0,0,1,1,5,6,2,85,11,1395,1,7,VOLKSWAGEN GOLF,9,E01031753,0,-1
2020040928301,2020,040928301,2,9,0,18,19,1,3,0,0,1,0,0,0,0,1,2,2,2,1,31,6,1900,2,14,VOLKSWAGEN GOLF,1,E01025592,0,-1
2020440407315,2020,440407315,2,9,0,2,2,0,0,0,0,0,0,0,0,0,2,1,3,7,2,34,6,2324,1,20,VOLKSWAGEN GOLF,1,E01032882,0,-1
2020070079893,2020,070079893,2,9,0,18,19,1,5,0,0,1,0,0,0,0,1,1,6,6,2,21,5,1968,2,10,VOLKSWAGEN GOLF,10,E01018502,0,-1
2020010229710,2020,010229710,1,9,0,5,5,7,3,0,0,1,0,0,0,0,1,1,6,6,1,37,7,1984,1,2,VOLKSWAGEN GOLF,9,E01001300,0,-1
202006Q271489,2020,06Q271489,1,9,0,18,19,7,3,0,0,1,0,0,7,10,1,1,6,6,2,41,7,1598,2,8,VOLKSWAGEN GOLF,9,E01005544,0,-1
2020140935177,2020,140935177,1,9,0,5,5,7,3,9,9,0,0,0,1,0,3,1,5,6,1,25,5,1395,1,5,VOLKSWAGEN GOLF,3,E01007494,0,-1
2020010244767,2020,010244767,2,9,0,99,99,9,9,99,99,9,9,99,9,99,9,9,6,6,3,27,6,1600,1,15,VOLKSWAGEN GOLF,2,E01003501,0,-1
2020041007270,2020,041007270,1,9,0,7,7,7,3,9,9,6,0,10,1,11,4,1,6,6,2,15,3,1390,1,18,VOLKSWAGEN GOLF,1,E01012675,0,-1
2020137B41163,2020,137B41163,1,9,0,18,19,2,6,0,0,1,0,0,0,0,1,1,6,6,2,32,6,1598,2,9,VOLKSWAGEN GOLF,1,E01010839,0,-1
2020137730555,2020,137730555,2,9,0,4,4,8,4,0,0,0,0,0,0,0,2,1,1,1,1,40,7,1896,2,12,VOLKSWAGEN GOLF,3,E01033032,0,-1
2020370998492,2020,370998492,2,9,0,18,19,7,3,0,0,1,0,0,0,0,1,1,5,6,2,60,9,1896,2,13,VOLKSWAGEN GOLF,7,E01029875,0,-1
2020010264886,2020,010264886,2,9,0,99,99,9,9,99,99,9,9,99,9,99,3,9,6,6,3,-1,-1,1390,1,18,VOLKSWAGEN GOLF,-1,-1,0,-1
2020010243531,2020,010243531,2,9,0,18,19,2,6,0,0,8,0,0,0,0,1,1,2,2,1,36,7,1598,2,7,VOLKSWAGEN GOLF,4,E01015907,0,-1
2020100957860,2020,100957860,1,9,0,18,19,1,5,0,0,1,0,0,0,0,1,1,6,6,1,28,6,1896,2,17,VOLKSWAGEN GOLF,4,E01008209,0,-1
2020450992502,2020,450992502,3,9,0,18,19,7,3,0,0,0,0,0,0,0,1,1,2,2,1,38,7,1968,2,12,VOLKSWAGEN GOLF,10,E01022605,0,-1
2020430223054,2020,430223054,1,9,0,13,13,2,6,0,0,0,0,0,0,0,0,1,6,6,3,-1,-1,1984,1,12,VOLKSWAGEN GOLF,-1,-1,0,-1
2020410949589,2020,410949589,4,9,0,4,4,4,8,0,0,1,0,0,0,0,2,1,2,2,1,19,4,1968,2,4,VOLKSWAGEN GOLF,10,E01023371,0,-1
202063D020520,2020,63D020520,3,9,0,10,10,6,4,0,0,1,0,0,0,0,2,1,6,6,1,76,11,1896,2,19,VOLKSWAGEN GOLF,9,W01000346,0,-1
2020450989668,2020,450989668,1,9,0,9,9,5,1,0,0,1,5,0,1,11,4,1,5,6,2,28,6,1600,2,10,VOLKSWAGEN GOLF,8,E01030877,0,-1
2020140974262,2020,140974262,2,9,0,18,19,1,5,0,0,1,0,0,0,0,3,1,6,6,1,34,6,1968,2,6,VOLKSWAGEN GOLF,1,E01007906,0,-1
2020010279469,2020,010279469,1,9,0,15,15,1,5,0,0,0,0,0,0,0,1,1,6,6,1,31,6,2000,1,10,VOLKSWAGEN GOLF,3,E01000718,0,-1
2020430150894,2020,430150894,1,9,0,18,19,2,6,0,0,0,0,0,0,0,1,1,6,6,1,20,4,1896,2,12,VOLKSWAGEN GOLF,-1,-1,0,-1
2020137B41946,2020,137B41946,1,9,0,18,19,3,7,0,0,8,1,0,0,0,1,1,6,6,1,32,6,1598,2,8,VOLKSWAGEN GOLF,10,E01011272,0,-1
2020010236042,2020,010236042,2,9,0,11,11,3,7,0,0,1,0,0,0,0,0,1,6,6,2,48,8,1598,2,1,VOLKSWAGEN GOLF,3,E01003526,0,-1
2020010240965,2020,010240965,1,9,0,18,19,2,6,0,0,0,0,0,0,0,4,1,1,1,1,25,5,1390,1,10,VOLKSWAGEN GOLF,6,E01004621,0,-1
2020520100779,2020,520100779,1,9,0,3,3,5,1,0,0,8,0,0,0,0,1,1,6,6,2,21,5,1595,1,18,VOLKSWAGEN GOLF,6,E01029192,0,-1
2020137CQ1156,2020,137CQ1156,1,9,0,18,19,5,1,0,0,0,0,0,0,0,1,1,6,6,1,53,8,1598,2,9,VOLKSWAGEN GOLF,7,E01010639,0,-1
2020137211404,2020,137211404,1,9,0,18,19,5,1,0,0,2,0,0,0,0,1,1,6,6,3,-1,-1,1968,2,6,VOLKSWAGEN GOLF,-1,-1,0,-1
2020010273224,2020,010273224,1,9,0,18,19,5,1,0,0,1,9,0,0,0,2,1,2,2,1,28,6,1395,8,3,VOLKSWAGEN GOLF,6,E01002358,0,-1
202006K168592,2020,06K168592,1,9,0,4,4,1,7,9,9,2,0,0,0,0,1,1,3,7,2,45,7,1598,1,17,VOLKSWAGEN GOLF,2,E01004824,0,-1
2020010259422,2020,010259422,1,9,0,18,19,1,5,0,0,7,1,0,0,0,1,1,6,6,1,25,5,1968,2,4,VOLKSWAGEN GOLF,1,E01004209,0,-1
2020440301743,2020,440301743,1,9,0,9,9,1,6,0,0,1,0,0,7,0,1,1,6,6,2,25,5,1598,2,5,VOLKSWAGEN GOLF,9,E01023191,0,-1
2020430272494,2020,430272494,1,9,0,18,19,5,1,0,0,0,0,0,0,0,1,1,6,6,2,25,5,1390,1,11,VOLKSWAGEN GOLF,10,E01017820,0,-1
2020201000891,2020,201000891,1,9,0,9,9,1,7,0,0,6,0,0,0,0,1,1,6,6,1,31,6,1390,1,10,VOLKSWAGEN GOLF,4,E01029010,0,-1
2020470933773,2020,470933773,1,9,0,17,19,7,3,0,0,0,0,0,0,0,3,1,2,2,2,39,7,2324,1,19,VOLKSWAGEN GOLF,4,E01016948,0,-1
2020500945215,2020,500945215,1,9,0,3,3,2,6,0,0,1,0,0,0,0,2,1,6,6,1,74,10,1395,8,4,VOLKSWAGEN GOLF,8,E01024490,0,-1
2020052000280,2020,052000280,1,9,0,7,7,6,1,0,0,8,0,0,0,0,1,1,6,6,2,43,7,1395,1,4,VOLKSWAGEN GOLF,9,E01007165,0,-1
2020370933730,2020,370933730,2,9,0,18,19,5,1,0,0,0,0,0,0,0,1,1,5,6,1,33,6,1984,1,1,VOLKSWAGEN GOLF,5,E01030259,0,-1
2020160941970,2020,160941970,1,9,0,15,15,3,7,0,0,0,0,0,0,0,1,1,5,6,1,21,5,1598,2,7,VOLKSWAGEN GOLF,9,E01011199,0,-1
2020010267010,2020,010267010,3,9,0,1,1,3,7,0,0,1,0,0,0,0,1,1,3,7,2,40,7,1498,1,1,VOLKSWAGEN GOLF,3,E01004421,0,-1
2020501007381,2020,501007381,2,9,0,2,2,0,0,0,0,1,0,0,0,0,4,1,5,6,1,-1,-1,1896,2,17,VOLKSWAGEN GOLF,9,E01033236,0,-1
2020440476007,2020,440476007,1,9,0,11,11,6,2,0,0,0,0,0,0,0,1,1,1,1,1,32,6,1498,1,0,VOLKSWAGEN GOLF,8,E01022951,0,-1
2020137AK1694,2020,137AK1694,1,9,0,18,19,3,7,0,0,1,0,0,0,0,1,1,6,6,1,25,5,1968,2,11,VOLKSWAGEN GOLF,2,E01010804,0,-1
2020552100011,2020,552100011,2,9,0,5,5,5,1,0,0,4,0,0,0,0,3,1,6,6,1,22,5,1390,1,20,VOLKSWAGEN GOLF,5,E01020472,0,-1
20201376I0848,2020,1376I0848,1,9,0,13,13,8,4,0,0,1,0,0,8,4,4,1,6,6,1,28,6,1197,1,5,VOLKSWAGEN GOLF,2,E01011020,0,-1
2020010276916,2020,010276916,2,9,0,5,5,1,5,0,0,1,0,4,0,0,1,1,6,6,1,65,9,1968,2,7,VOLKSWAGEN GOLF,8,E01003798,0,-1
2020500964314,2020,500964314,1,9,0,16,19,2,7,0,0,8,0,0,7,11,1,1,5,6,1,34,6,1896,2,18,VOLKSWAGEN GOLF,6,E01019959,0,-1
2020451007308,2020,451007308,1,9,0,9,9,5,1,0,0,8,0,0,0,0,3,1,5,6,2,30,6,1598,1,15,VOLKSWAGEN GOLF,10,E01030404,0,-1
2020010248651,2020,010248651,1,9,0,9,9,8,6,0,0,0,0,0,0,0,1,1,6,6,1,79,11,1498,1,2,VOLKSWAGEN GOLF,8,E01002581,0,-1
2020220924637,2020,220924637,1,9,0,18,19,4,8,0,0,4,0,0,0,0,1,1,5,6,1,23,5,1968,2,6,VOLKSWAGEN GOLF,-1,-1,0,-1
2020470972208,2020,470972208,1,9,0,18,19,1,5,0,0,0,0,0,0,0,1,1,6,6,1,-1,-1,2000,1,14,VOLKSWAGEN GOLF,-1,-1,0,-1
2020200993857,2020,200993857,2,9,0,18,19,8,4,0,0,8,0,0,0,0,1,1,6,6,1,-1,-1,1968,2,5,VOLKSWAGEN GOLF,5,E01009179,0,-1
2020140969478,2020,140969478,2,9,0,18,19,6,2,0,0,1,0,0,0,0,1,1,6,6,2,36,7,1395,8,3,VOLKSWAGEN GOLF,4,E01007810,0,-1
2020040984330,2020,040984330,1,9,0,17,19,7,3,0,0,0,1,0,8,11,3,1,5,6,1,19,4,2000,1,13,VOLKSWAGEN GOLF,3,E01006359,0,-1
2020548407020,2020,548407020,1,9,0,18,19,7,3,0,0,1,0,0,0,0,1,1,6,6,1,30,6,1781,1,17,VOLKSWAGEN GOLF,4,E01023077,0,-1
2020411011127,2020,411011127,2,9,0,2,2,3,7,0,0,0,0,0,0,0,1,1,6,6,2,19,4,1600,1,20,VOLKSWAGEN GOLF,4,E01023350,0,-1
2020010279052,2020,010279052,3,9,0,2,2,0,0,0,0,5,0,0,0,0,0,1,6,6,3,-1,-1,1498,1,2,VOLKSWAGEN GOLF,-1,-1,0,-1
2020010251152,2020,010251152,1,9,0,18,19,3,7,0,0,0,0,0,0,0,3,9,6,6,1,38,7,1900,2,15,VOLKSWAGEN GOLF,4,E01015923,0,-1
2020010282221,2020,010282221,3,9,0,1,1,3,7,0,0,0,0,0,0,0,2,1,6,6,1,89,11,1395,1,5,VOLKSWAGEN GOLF,-1,-1,0,-1
2020041006475,2020,041006475,1,9,0,18,19,1,5,0,0,0,1,0,5,6,3,1,6,6,2,21,5,1984,1,4,VOLKSWAGEN GOLF,9,E01025240,0,-1
2020400988198,2020,400988198,1,9,0,18,19,1,5,0,0,0,0,0,0,0,1,1,3,7,2,33,6,1390,1,16,VOLKSWAGEN GOLF,5,E01015780,0,-1
2020370939644,2020,370939644,1,9,0,9,9,1,7,0,0,8,0,0,0,0,1,1,1,1,2,49,8,1498,1,2,VOLKSWAGEN GOLF,6,E01033453,0,-1
2020450974794,2020,450974794,2,9,0,2,2,7,3,0,0,0,0,0,0,0,3,1,5,6,1,37,7,1598,2,2,VOLKSWAGEN GOLF,4,E01003210,0,-1
2020010247423,2020,010247423,1,9,0,18,19,5,1,0,0,0,5,4,0,0,1,1,6,6,2,29,6,1498,1,2,VOLKSWAGEN GOLF,3,E01001349,0,-1
2020470922298,2020,470922298,2,9,0,18,19,6,2,0,0,1,0,0,0,0,1,1,5,6,2,28,6,1900,2,13,VOLKSWAGEN GOLF,10,E01021052,0,-1
2020100936291,2020,100936291,1,9,0,18,19,7,3,0,0,0,0,0,0,0,3,1,6,6,2,28,6,1900,2,16,VOLKSWAGEN GOLF,1,E01020749,0,-1
2020010239420,2020,010239420,2,9,0,99,99,9,9,99,99,0,9,99,9,99,1,9,6,6,3,-1,-1,1598,1,13,VOLKSWAGEN GOLF,-1,-1,0,-1
2020010266952,2020,010266952,2,9,0,99,99,9,9,99,99,9,9,99,9,99,1,9,6,6,3,-1,-1,1598,1,13,VOLKSWAGEN GOLF,7,E01002223,0,-1
2020010277070,2020,010277070,1,9,0,13,13,7,3,0,0,1,1,0,0,0,3,1,6,6,1,21,5,1896,2,13,VOLKSWAGEN GOLF,2,E01001848,0,-1
2020440239666,2020,440239666,1,9,0,18,19,6,2,0,0,8,0,0,0,0,1,1,4,7,1,82,11,1600,1,15,VOLKSWAGEN GOLF,10,E01030307,0,-1
2020302000320,2020,302000320,1,9,0,18,19,4,8,0,0,0,0,0,0,0,1,1,6,6,2,26,6,1984,1,6,VOLKSWAGEN GOLF,2,E01019463,0,-1
2020552000093,2020,552000093,1,9,0,18,19,4,8,0,0,0,2,0,7,0,1,1,6,6,1,24,5,1498,1,3,VOLKSWAGEN GOLF,6,E01020441,0,-1
2020211018711,2020,211018711,2,9,0,3,3,1,4,0,0,7,0,0,0,0,2,1,6,6,2,27,6,1598,2,7,VOLKSWAGEN GOLF,2,E01014236,0,-1
2020010278767,2020,010278767,3,9,0,4,4,5,1,0,0,0,0,0,1,0,1,1,6,6,1,21,5,1598,2,7,VOLKSWAGEN GOLF,-1,-1,0,-1
2020010252823,2020,010252823,1,9,0,18,19,6,2,9,9,1,5,0,1,0,1,1,6,6,1,-1,-1,1390,1,15,VOLKSWAGEN GOLF,2,E01004535,0,-1
2020010229518,2020,010229518,1,9,0,17,19,1,5,0,0,0,5,0,1,11,4,1,6,6,1,21,5,1968,2,2,VOLKSWAGEN GOLF,2,E01004435,0,-1
2020137BS0112,2020,137BS0112,1,9,0,16,19,1,5,0,0,8,5,9,7,4,1,1,6,6,1,22,5,1984,1,13,VOLKSWAGEN GOLF,7,E01011521,0,-1
2020140968992,2020,140968992,1,9,0,4,4,7,3,0,0,2,0,0,0,0,2,1,6,6,2,26,6,1781,1,17,VOLKSWAGEN GOLF,1,E01007365,0,-1
2020230989731,2020,230989731,2,9,0,18,19,3,7,0,0,0,0,0,0,0,1,1,5,6,1,24,5,1896,2,12,VOLKSWAGEN GOLF,1,E01009574,0,-1
2020990975899,2020,990975899,1,9,0,5,5,5,1,0,0,2,0,0,0,0,1,1,5,6,1,24,5,1598,2,5,VOLKSWAGEN GOLF,1,-1,0,-1
2020137AI0345,2020,137AI0345,1,9,0,18,19,3,7,0,0,8,1,0,2,7,4,1,6,6,1,23,5,1598,2,9,VOLKSWAGEN GOLF,2,E01011262,0,-1
2020101007736,2020,101007736,2,9,0,18,19,3,1,0,0,8,0,0,0,0,4,1,5,6,2,68,10,1896,2,18,VOLKSWAGEN GOLF,4,E01008759,0,-1
2020360927908,2020,360927908,3,9,0,18,19,8,4,0,0,0,0,0,0,0,1,1,1,1,2,33,6,1390,1,16,VOLKSWAGEN GOLF,4,E01026728,0,-1
2020040996918,2020,040996918,1,9,0,16,19,2,6,0,0,3,0,0,0,0,1,1,6,6,3,-1,-1,1600,1,16,VOLKSWAGEN GOLF,-1,-1,0,-1
2020140923302,2020,140923302,1,9,0,9,9,7,5,0,0,6,0,0,0,0,3,2,2,2,2,25,5,2000,2,16,VOLKSWAGEN GOLF,2,E01008057,0,-1
202031C068320,2020,31C068320,1,9,0,18,19,2,6,0,0,0,0,0,1,11,1,1,6,6,2,30,6,1968,2,14,VOLKSWAGEN GOLF,-1,-1,0,-1
2020460948954,2020,460948954,1,9,0,18,19,4,8,0,0,0,1,6,5,7,1,1,6,6,1,23,5,1390,1,13,VOLKSWAGEN GOLF,5,E01021109,0,-1
2020137A81147,2020,137A81147,3,9,0,2,2,0,0,0,0,0,0,0,0,0,2,1,6,6,2,30,6,1968,2,6,VOLKSWAGEN GOLF,4,E01007393,0,-1
2020010268516,2020,010268516,2,9,0,99,99,9,9,99,99,9,9,99,9,99,1,9,6,6,3,-1,-1,1395,8,2,VOLKSWAGEN GOLF,-1,-1,0,-1
2020010278092,2020,010278092,2,9,0,9,9,2,8,0,0,6,0,0,7,0,4,1,6,6,1,37,7,1598,1,17,VOLKSWAGEN GOLF,6,E01001393,0,-1
202006E177694,2020,06E177694,1,9,0,13,13,4,8,0,0,8,0,0,0,0,1,1,6,6,1,24,5,1984,1,5,VOLKSWAGEN GOLF,1,E01005239,0,-1
2020450980176,2020,450980176,1,9,0,11,11,2,6,0,0,0,0,0,0,0,2,1,5,6,1,28,6,1498,1,0,VOLKSWAGEN GOLF,10,E01016660,0,-1
2020010257223,2020,010257223,1,9,9,99,99,9,9,99,99,0,9,99,9,99,9,9,6,6,1,50,8,1197,1,8,VOLKSWAGEN GOLF,3,E01001900,0,-1
2020552000758,2020,552000758,1,9,0,9,9,7,5,0,0,0,0,0,0,0,1,1,6,6,1,18,4,1197,1,9,VOLKSWAGEN GOLF,7,E01020550,0,-1
2020500920897,2020,500920897,1,9,0,18,19,7,3,0,0,0,0,0,0,0,2,1,5,6,1,25,5,1896,2,16,VOLKSWAGEN GOLF,2,E01018857,0,-1
2020010278927,2020,010278927,1,9,0,12,12,3,7,0,0,0,1,10,0,0,1,1,6,6,1,19,4,1390,1,14,VOLKSWAGEN GOLF,6,E01002676,0,-1
2020010238789,2020,010238789,2,9,0,99,99,9,9,99,99,9,9,99,9,99,9,9,6,6,3,-1,-1,1598,1,15,VOLKSWAGEN GOLF,5,E01004346,0,-1
2020200944140,2020,200944140,1,9,0,18,19,6,2,0,0,0,0,0,0,0,1,1,6,6,1,-1,-1,1968,2,13,VOLKSWAGEN GOLF,1,E01008938,0,-1
2020101007065,2020,101007065,1,9,0,5,5,1,3,0,0,0,0,0,0,0,4,1,6,6,1,32,6,2000,2,15,VOLKSWAGEN GOLF,1,E01027533,0,-1
2020450961318,2020,450961318,1,9,0,18,19,7,3,0,0,8,0,0,0,0,1,1,5,6,2,21,5,1984,1,18,VOLKSWAGEN GOLF,9,E01030492,0,-1
2020450968739,2020,450968739,1,9,0,9,9,3,5,0,0,1,0,0,1,4,1,1,2,2,1,18,4,1598,1,13,VOLKSWAGEN GOLF,10,E01030447,0,-1
2020200970264,2020,200970264,1,9,0,18,19,2,6,0,0,0,0,10,1,0,1,1,6,6,1,19,4,1598,2,6,VOLKSWAGEN GOLF,1,E01009539,0,-1
2020420974646,2020,420974646,2,9,0,18,19,5,8,0,0,3,0,0,0,0,2,1,5,6,2,37,7,1896,2,13,VOLKSWAGEN GOLF,8,E01023491,0,-1
2020010270634,2020,010270634,2,9,0,3,3,5,1,0,0,1,0,0,0,0,1,1,6,6,1,35,6,1600,2,11,VOLKSWAGEN GOLF,-1,-1,0,-1
2020230918621,2020,230918621,1,9,0,6,6,6,6,0,0,0,0,0,0,0,1,1,5,6,1,32,6,1968,2,2,VOLKSWAGEN GOLF,5,E01010213,0,-1
2020430043160,2020,430043160,1,9,0,3,3,8,4,0,0,0,0,0,0,0,2,1,6,6,2,25,5,1598,1,20,VOLKSWAGEN GOLF,7,E01016293,0,-1
2020200927369,2020,200927369,1,9,0,16,19,6,8,0,0,0,0,0,0,0,1,1,6,6,3,-1,-1,2000,2,15,VOLKSWAGEN GOLF,-1,-1,0,-1
2020990921288,2020,990921288,1,9,0,9,9,5,4,0,0,0,0,0,0,0,4,1,1,1,1,33,6,1900,2,15,VOLKSWAGEN GOLF,2,E01014311,0,-1
2020010285976,2020,010285976,1,9,0,18,19,3,7,9,9,1,0,10,1,11,1,1,6,6,1,70,10,1395,1,7,VOLKSWAGEN GOLF,5,E01002897,0,-1
2020500939268,2020,500939268,2,9,0,18,19,3,7,0,0,0,1,0,0,0,4,1,6,6,2,33,6,1968,2,6,VOLKSWAGEN GOLF,6,E01004936,0,-1
2020522003943,2020,522003943,1,9,0,18,19,3,7,0,0,8,5,0,7,10,1,1,6,6,1,27,6,1896,2,18,VOLKSWAGEN GOLF,7,E01029060,0,-1
2020622000869,2020,622000869,2,9,0,18,19,8,4,0,0,1,0,0,0,0,3,1,6,6,2,31,6,1968,2,15,VOLKSWAGEN GOLF,10,W01001796,0,-1
2020010264464,2020,010264464,1,9,0,9,9,3,1,0,0,2,5,4,7,1,1,1,2,2,1,18,4,2000,2,16,VOLKSWAGEN GOLF,3,E01001488,0,-1
2020360960387,2020,360960387,4,9,0,18,19,5,1,0,0,1,0,0,0,0,3,1,6,6,1,32,6,1968,2,4,VOLKSWAGEN GOLF,9,E01026582,0,-1
2020010280402,2020,010280402,1,9,0,99,99,9,9,99,99,9,9,99,9,99,9,9,6,6,1,51,8,1984,1,24,VOLKSWAGEN GOLF,4,E01003077,0,-1
2020411006793,2020,411006793,1,9,0,4,4,1,7,0,0,0,1,0,7,0,2,1,5,6,1,56,9,1395,1,4,VOLKSWAGEN GOLF,10,E01023878,0,-1
2020410978135,2020,410978135,1,9,0,9,9,1,5,0,0,5,0,0,0,0,1,1,5,6,1,71,10,1598,2,9,VOLKSWAGEN GOLF,6,E01000479,0,-1
2020201008171,2020,201008171,1,9,0,1,1,8,4,9,9,8,0,0,0,0,2,1,6,6,1,-1,-1,1900,2,15,VOLKSWAGEN GOLF,-1,-1,0,-1
2020420967843,2020,420967843,1,9,0,17,19,7,3,0,0,0,0,0,0,0,1,1,6,6,1,53,8,1900,2,16,VOLKSWAGEN GOLF,3,E01002311,0,-1
2020990920436,2020,990920436,2,9,0,2,2,0,0,0,0,0,0,0,0,0,3,1,3,7,1,30,6,1968,2,6,VOLKSWAGEN GOLF,1,-1,0,-1
2020200999358,2020,200999358,2,9,0,13,13,-1,-1,0,0,0,0,0,0,0,4,1,6,6,1,25,5,1598,2,4,VOLKSWAGEN GOLF,2,E01010270,0,-1
2020520100829,2020,520100829,1,9,0,9,9,1,7,0,0,8,0,10,0,0,3,1,6,6,1,57,9,1968,2,6,VOLKSWAGEN GOLF,6,E01029078,0,-1
2020411005098,2020,411005098,2,9,0,12,12,7,3,0,0,0,1,0,0,0,2,1,6,6,1,27,6,1600,2,11,VOLKSWAGEN GOLF,9,E01017447,0,-1
2020530940896,2020,530940896,1,9,0,18,19,7,3,0,0,1,0,0,0,0,3,1,3,7,2,52,8,2000,2,15,VOLKSWAGEN GOLF,6,E01022227,0,-1
2020622000939,2020,622000939,2,9,0,4,4,2,6,0,0,8,0,0,0,0,3,1,6,6,1,35,6,1800,1,20,VOLKSWAGEN GOLF,9,W01000845,0,-1
2020210939837,2020,210939837,2,9,0,18,19,8,4,0,0,1,0,0,0,0,4,1,6,6,1,-1,-1,1390,1,8,VOLKSWAGEN GOLF,4,E01014284,0,-1
2020522101024,2020,522101024,1,9,0,18,19,5,1,0,0,8,0,0,0,0,3,1,6,6,2,37,7,1600,1,14,VOLKSWAGEN GOLF,9,E01033333,0,-1
2020340C00312,2020,340C00312,1,9,0,17,19,6,2,0,0,1,0,0,0,0,1,1,6,6,1,66,10,1595,1,13,VOLKSWAGEN GOLF,3,E01026984,0,-1
2020340D04982,2020,340D04982,1,9,0,9,9,7,3,0,0,6,0,0,0,0,1,1,6,6,1,69,10,1598,2,9,VOLKSWAGEN GOLF,3,E01027009,0,-1
2020450916050,2020,450916050,2,9,0,18,19,1,5,0,0,0,0,0,1,0,3,1,5,6,1,49,8,2000,2,16,VOLKSWAGEN GOLF,8,E01031397,0,-1
2020420976577,2020,420976577,1,9,0,9,9,3,1,0,0,0,0,0,0,0,1,1,5,6,1,24,5,1968,2,3,VOLKSWAGEN GOLF,9,E01022063,0,-1
2020070559425,2020,070559425,2,9,0,18,19,1,5,0,0,8,0,0,0,0,1,1,6,6,1,78,11,1968,2,2,VOLKSWAGEN GOLF,9,E01031955,0,-1
2020420962041,2020,420962041,1,9,0,18,19,7,3,0,0,1,0,0,0,0,1,1,6,6,3,16,4,1984,1,14,VOLKSWAGEN GOLF,-1,-1,0,-1
2020451002811,2020,451002811,3,9,0,18,19,1,5,0,0,0,0,0,0,0,1,1,6,6,2,58,9,1984,1,19,VOLKSWAGEN GOLF,8,E01030630,0,-1
2020200955501,2020,200955501,1,9,0,18,19,6,2,0,0,0,0,0,0,0,1,1,1,1,1,37,7,1598,1,12,VOLKSWAGEN GOLF,5,E01009108,0,-1
2020100977588,2020,100977588,1,9,0,10,10,6,3,0,0,1,0,0,0,0,3,1,5,6,2,33,6,1598,2,9,VOLKSWAGEN GOLF,-1,-1,0,-1
2020010231181,2020,010231181,2,9,0,18,19,5,1,0,0,4,0,0,0,0,3,1,6,6,1,60,9,1896,2,12,VOLKSWAGEN GOLF,-1,-1,0,-1
2020522100330,2020,522100330,1,9,0,9,9,5,3,0,0,2,0,0,0,0,1,1,6,6,1,43,7,1598,2,8,VOLKSWAGEN GOLF,6,E01014960,0,-1
2020010255449,2020,010255449,1,9,0,4,4,7,3,0,0,1,0,0,0,0,2,1,1,1,2,36,7,1968,2,5,VOLKSWAGEN GOLF,-1,-1,0,-1
2020500940812,2020,500940812,2,9,0,13,13,1,5,0,0,0,0,0,0,0,1,1,2,2,1,35,6,1984,1,4,VOLKSWAGEN GOLF,7,E01018971,0,-1
2020200953921,2020,200953921,2,9,0,18,19,2,6,0,0,8,0,10,7,11,1,1,6,6,1,37,7,1896,2,18,VOLKSWAGEN GOLF,-1,-1,0,-1
2020350977771,2020,350977771,1,9,0,18,19,5,2,0,0,0,0,4,0,0,1,1,6,6,1,21,5,1968,2,13,VOLKSWAGEN GOLF,6,E01018042,0,-1
2020160933388,2020,160933388,1,9,0,18,19,7,3,0,0,4,0,0,0,0,2,1,5,6,2,25,5,1968,2,5,VOLKSWAGEN GOLF,8,E01013026,0,-1
2020010278713,2020,010278713,2,9,0,99,99,9,9,99,99,9,9,99,9,99,9,9,6,6,3,-1,-1,1390,1,8,VOLKSWAGEN GOLF,-1,-1,0,-1