collision_index,collision_year,collision_ref_no,vehicle_reference,vehicle_type,towing_and_articulation,vehicle_manoeuvre_historic,vehicle_manoeuvre,vehicle_direction_from,vehicle_direction_to,vehicle_location_restricted_lane_historic,vehicle_location_restricted_lane,junction_location,skidding_and_overturning,hit_object_in_carriageway,vehicle_leaving_carriageway,hit_object_off_carriageway,first_point_of_impact,vehicle_left_hand_drive,journey_purpose_of_driver_historic,journey_purpose_of_driver,sex_of_driver,age_of_driver,age_band_of_driver,engine_capacity_cc,propulsion_code,age_of_vehicle,generic_make_model,driver_imd_decile,lsoa_of_driver,escooter_flag,driver_distance_banding
2020010266619,2020,010266619,1,9,9,99,99,9,9,99,99,0,9,99,9,99,9,9,6,6,1,37,7,1390,1,10,VOLKSWAGEN GOLF,2,E01003499,0,-1
2020400945956,2020,400945956,2,9,0,9,9,7,5,8,6,0,0,0,0,0,3,1,2,2,1,33,6,1598,1,15,VOLKSWAGEN GOLF,7,E01002329,0,-1
2020440029206,2020,440029206,2,9,0,18,19,3,7,0,0,8,0,0,0,0,1,1,1,1,1,29,6,1984,1,8,VOLKSWAGEN GOLF,7,E01023225,0,-1
2020451000538,2020,451000538,1,9,0,18,19,7,3,0,0,8,0,0,7,0,1,1,5,6,1,25,5,1598,1,12,VOLKSWAGEN GOLF,7,E01003039,0,-1
2020450990840,2020,450990840,2,9,0,14,14,1,5,0,0,1,0,0,0,0,3,1,6,6,2,20,4,1598,1,18,VOLKSWAGEN GOLF,6,E01030842,0,-1
2020302000124,2020,302000124,2,9,0,18,19,1,5,0,0,1,0,0,0,0,1,1,3,7,1,40,7,1900,2,15,VOLKSWAGEN GOLF,3,E01019768,0,-1
2020500940942,2020,500940942,2,9,0,2,2,0,0,0,0,1,0,0,0,0,4,1,5,6,1,32,6,1896,2,16,VOLKSWAGEN GOLF,4,E01020041,0,-1
2020200935582,2020,200935582,1,9,0,12,12,8,4,0,0,0,0,0,0,0,3,1,6,6,3,-1,-1,1598,2,1,VOLKSWAGEN GOLF,-1,-1,0,-1
2020070099868,2020,070099868,1,9,0,7,7,2,5,0,0,1,0,0,0,0,1,1,6,6,1,44,7,1598,2,5,VOLKSWAGEN GOLF,7,E01018742,0,-1
2020010287944,2020,010287944,2,9,0,99,99,9,9,99,99,9,9,99,9,99,9,9,6,6,3,-1,-1,1598,1,16,VOLKSWAGEN GOLF,4,E01002631,0,-1
2020160967667,2020,160967667,2,9,0,9,9,2,1,0,0,1,0,0,0,0,4,1,6,6,1,52,8,1598,2,5,VOLKSWAGEN GOLF,10,E01013112,0,-1
2020040991471,2020,040991471,1,9,0,18,19,5,1,0,0,8,0,0,7,0,1,1,5,6,1,23,5,1598,1,14,VOLKSWAGEN GOLF,3,E01012658,0,-1
2020440024744,2020,440024744,1,9,0,9,9,4,2,0,0,8,0,0,0,0,1,1,2,2,1,53,8,1896,2,17,VOLKSWAGEN GOLF,8,E01022765,0,-1
2020400986054,2020,400986054,2,9,0,2,2,0,0,0,0,0,0,0,0,0,2,1,5,6,3,-1,-1,1598,2,1,VOLKSWAGEN GOLF,-1,-1,0,-1
2020430182299,2020,430182299,2,9,0,2,2,0,0,0,0,0,0,0,0,0,3,1,6,6,1,-1,-1,1968,2,9,VOLKSWAGEN GOLF,-1,-1,0,-1
2020052000024,2020,052000024,3,9,0,3,3,5,1,0,0,0,0,0,0,0,2,1,6,6,2,50,8,1395,1,4,VOLKSWAGEN GOLF,8,E01007241,0,-1
2020552000325,2020,552000325,1,9,0,7,7,8,1,0,0,6,0,0,0,0,1,1,6,6,1,64,9,1395,1,4,VOLKSWAGEN GOLF,9,E01020557,0,-1
2020350988624,2020,350988624,1,9,0,18,19,6,4,0,0,4,0,0,0,0,1,1,6,6,1,81,11,1395,1,4,VOLKSWAGEN GOLF,9,E01018202,0,-1
2020460990615,2020,460990615,1,9,0,9,9,5,3,0,0,6,0,4,0,0,4,1,1,1,1,18,4,1896,2,12,VOLKSWAGEN GOLF,3,E01024309,0,-1
2020100934336,2020,100934336,1,9,0,9,9,4,3,0,0,8,0,0,0,0,4,1,6,6,2,54,8,1390,1,9,VOLKSWAGEN GOLF,-1,-1,0,-1
202063A067120,2020,63A067120,2,9,0,9,9,8,6,0,0,5,0,0,0,0,3,1,6,6,1,38,7,1390,1,11,VOLKSWAGEN GOLF,7,E01016317,0,-1
2020010280975,2020,010280975,1,9,0,18,19,1,5,0,0,2,0,0,0,0,1,1,6,6,1,50,8,1984,1,1,VOLKSWAGEN GOLF,6,E01004621,0,-1
20201371L1829,2020,1371L1829,1,9,0,18,19,7,3,0,0,8,0,0,0,0,3,1,6,6,2,24,5,1900,2,15,VOLKSWAGEN GOLF,2,E01010658,0,-1
2020400964475,2020,400964475,2,9,-1,18,19,8,4,0,0,1,0,0,0,0,-1,1,6,6,1,18,4,2000,2,16,VOLKSWAGEN GOLF,5,E01015767,0,-1
2020200940284,2020,200940284,1,9,0,16,19,3,8,0,0,0,1,10,1,0,1,1,6,6,1,22,5,1984,1,13,VOLKSWAGEN GOLF,3,E01009138,0,-1
2020010270495,2020,010270495,1,9,0,99,99,9,9,99,99,9,9,99,9,99,1,9,2,2,2,48,8,1984,1,2,VOLKSWAGEN GOLF,4,E01001615,0,-1
2020460958680,2020,460958680,2,9,0,18,19,3,7,0,0,0,0,0,0,0,4,1,5,6,1,71,10,1390,1,6,VOLKSWAGEN GOLF,8,E01016131,0,-1
2020010250612,2020,010250612,2,9,0,99,99,9,9,99,99,9,9,99,9,99,9,9,6,6,3,28,6,1395,1,6,VOLKSWAGEN GOLF,3,E01003938,0,-1
2020010277986,2020,010277986,2,9,0,99,99,9,9,99,99,9,9,99,9,99,9,9,6,6,3,19,4,1395,1,2,VOLKSWAGEN GOLF,8,E01002450,0,-1
2020010243274,2020,010243274,1,9,0,18,19,7,3,0,0,2,0,10,7,10,1,1,6,6,2,40,7,1598,1,13,VOLKSWAGEN GOLF,4,E01002103,0,-1
2020010265930,2020,010265930,1,9,0,18,19,3,7,0,0,0,0,0,0,0,1,1,6,6,1,35,6,1598,1,15,VOLKSWAGEN GOLF,2,E01003132,0,-1
2020052000950,2020,052000950,2,9,0,18,19,6,2,0,0,3,0,0,0,0,2,1,6,6,1,24,5,1598,2,1,VOLKSWAGEN GOLF,1,E01006470,0,-1
2020201033484,2020,201033484,2,9,0,3,3,8,4,0,0,1,0,0,0,0,2,1,6,6,2,22,5,2000,2,16,VOLKSWAGEN GOLF,4,E01009750,0,-1
202006E169912,2020,06E169912,3,9,0,2,2,0,0,0,0,1,0,0,0,0,3,1,6,6,1,30,6,1598,2,9,VOLKSWAGEN GOLF,2,E01005593,0,-1
2020010264092,2020,010264092,2,9,0,7,7,6,7,0,0,1,0,0,0,0,3,1,6,6,1,26,6,1598,1,16,VOLKSWAGEN GOLF,2,E01000087,0,-1
2020450965483,2020,450965483,2,9,0,5,5,3,7,0,0,2,0,0,0,0,1,1,6,6,1,21,5,1395,1,3,VOLKSWAGEN GOLF,8,E01030800,0,-1
2020520001764,2020,520001764,1,9,0,4,4,5,1,0,0,0,0,0,0,0,2,1,6,6,1,25,5,1968,2,5,VOLKSWAGEN GOLF,7,E01020176,0,-1
2020010253225,2020,010253225,1,9,0,14,14,4,8,0,0,1,0,0,0,0,3,1,6,6,1,25,5,1390,1,12,VOLKSWAGEN GOLF,4,E01001484,0,-1
2020140926447,2020,140926447,1,9,0,5,5,3,7,0,0,2,0,0,0,0,1,1,5,6,1,69,10,1984,1,5,VOLKSWAGEN GOLF,10,E01007957,0,-1
2020471000020,2020,471000020,2,9,0,16,19,5,8,0,0,4,0,0,0,0,1,1,6,6,2,32,6,1598,2,10,VOLKSWAGEN GOLF,3,E01021126,0,-1
2020470996053,2020,470996053,2,9,0,18,19,5,1,0,0,8,0,0,0,0,1,1,5,6,1,18,4,1598,1,20,VOLKSWAGEN GOLF,10,E01031689,0,-1
2020470933933,2020,470933933,1,9,0,18,19,1,5,0,0,0,2,0,1,11,1,1,2,2,1,19,4,1600,1,15,VOLKSWAGEN GOLF,9,E01031504,0,-1
2020500981713,2020,500981713,2,9,0,2,2,0,0,0,0,1,0,0,0,0,3,1,6,6,2,35,6,1598,1,14,VOLKSWAGEN GOLF,4,E01003914,0,-1
2020220986291,2020,220986291,1,9,0,7,7,4,7,0,0,5,1,0,0,0,1,1,5,6,2,26,6,1968,2,12,VOLKSWAGEN GOLF,6,E01014080,0,-1
2020211026365,2020,211026365,1,9,0,3,3,1,5,0,0,0,0,0,0,0,2,1,6,6,2,37,7,1968,2,8,VOLKSWAGEN GOLF,3,E01014291,0,-1
2020401011985,2020,401011985,1,9,-1,-1,-1,-1,-1,-1,-1,0,-1,-1,-1,0,-1,1,6,6,3,-1,-1,1968,2,2,VOLKSWAGEN GOLF,-1,-1,0,-1
2020410969367,2020,410969367,1,9,0,14,14,6,2,0,0,1,1,0,1,0,1,1,6,6,1,44,7,1896,2,15,VOLKSWAGEN GOLF,7,E01002176,0,-1
2020410976099,2020,410976099,2,9,0,18,19,7,3,0,0,0,0,0,0,0,3,1,6,6,3,-1,-1,1900,2,16,VOLKSWAGEN GOLF,-1,-1,0,-1
2020440446912,2020,440446912,1,9,0,5,5,3,7,0,0,8,0,0,0,0,3,1,6,6,2,40,7,1900,2,16,VOLKSWAGEN GOLF,8,E01022765,0,-1
2020010244867,2020,010244867,4,9,0,18,19,2,6,0,0,0,0,0,0,0,1,1,6,6,1,31,6,2000,2,16,VOLKSWAGEN GOLF,4,E01002236,0,-1
2020340K03972,2020,340K03972,1,9,0,18,19,3,7,0,0,0,0,0,0,0,3,1,6,6,2,-1,-1,1968,2,4,VOLKSWAGEN GOLF,-1,-1,0,-1
2020530935287,2020,530935287,2,9,0,18,19,4,8,0,0,0,0,0,0,0,3,1,5,6,1,53,8,1598,2,1,VOLKSWAGEN GOLF,9,E01022129,0,-1
2020340D05092,2020,340D05092,1,9,0,12,12,3,7,0,0,0,1,0,0,0,1,1,6,6,1,41,7,3200,1,12,VOLKSWAGEN GOLF,9,E01031129,0,-1
202031A042720,2020,31A042720,2,9,0,18,19,3,7,0,0,8,0,0,0,0,3,1,6,6,1,26,6,1900,2,14,VOLKSWAGEN GOLF,2,E01028271,0,-1
2020010230128,2020,010230128,1,9,0,7,7,2,5,0,0,6,0,0,0,0,1,1,6,6,3,-1,-1,1900,2,13,VOLKSWAGEN GOLF,-1,-1,0,-1
2020470994638,2020,470994638,1,9,0,18,19,7,3,1,1,0,5,11,1,4,4,1,5,6,2,56,9,1390,1,19,VOLKSWAGEN GOLF,6,E01017004,0,-1
2020461028439,2020,461028439,1,9,0,18,19,1,5,0,0,0,0,0,0,0,1,1,6,6,1,22,5,1968,2,4,VOLKSWAGEN GOLF,10,E01028822,0,-1
2020010271528,2020,010271528,3,9,0,18,19,4,8,0,0,0,0,4,0,0,1,1,2,2,1,19,4,1984,1,2,VOLKSWAGEN GOLF,9,E01000415,0,-1
2020100954351,2020,100954351,1,9,0,17,19,3,8,0,0,0,0,0,0,0,1,1,6,6,2,37,7,1197,1,8,VOLKSWAGEN GOLF,6,E01008177,0,-1
2020400926116,2020,400926116,2,9,0,18,19,5,1,0,0,0,0,0,0,0,2,1,6,6,1,30,6,1598,2,7,VOLKSWAGEN GOLF,6,E01018196,0,-1
2020200983935,2020,200983935,2,9,0,18,19,3,7,0,0,1,0,0,0,0,4,1,6,6,2,45,7,1598,2,9,VOLKSWAGEN GOLF,3,E01009956,0,-1
2020010249998,2020,010249998,2,9,0,18,19,8,4,0,0,8,9,0,0,99,1,9,6,6,1,-1,-1,1498,1,2,VOLKSWAGEN GOLF,7,E01023334,0,-1
202006F173896,2020,06F173896,2,9,0,18,19,2,6,0,0,1,0,0,0,0,3,1,6,6,1,33,6,2000,2,15,VOLKSWAGEN GOLF,1,E01006023,0,-1
2020200953173,2020,200953173,2,9,0,12,12,8,4,0,0,0,0,0,0,0,1,1,6,6,1,-1,-1,1984,1,8,VOLKSWAGEN GOLF,-1,-1,0,-1
2020370950890,2020,370950890,1,9,0,18,19,5,1,0,0,0,0,0,0,0,1,1,5,6,1,19,4,1598,2,8,VOLKSWAGEN GOLF,6,E01030059,0,-1
2020991023523,2020,991023523,2,9,0,18,19,4,8,0,0,2,0,0,0,0,3,1,2,2,2,36,7,1197,1,6,VOLKSWAGEN GOLF,8,-1,0,-1
2020200987657,2020,200987657,2,9,0,18,19,2,6,0,0,4,0,0,0,0,4,1,5,6,1,32,6,1600,1,15,VOLKSWAGEN GOLF,6,E01001064,0,-1
2020010232896,2020,010232896,1,9,0,4,4,3,7,0,0,1,0,0,0,0,2,1,6,6,1,35,6,1395,1,7,VOLKSWAGEN GOLF,3,E01003563,0,-1
2020010229696,2020,010229696,1,9,0,6,6,3,3,0,0,0,0,0,0,0,1,1,6,6,3,-1,-1,1598,2,6,VOLKSWAGEN GOLF,-1,-1,0,-1
2020340W05612,2020,340W05612,1,9,0,2,2,0,0,9,9,0,0,4,1,11,2,1,6,6,1,76,11,1395,1,6,VOLKSWAGEN GOLF,9,E01023680,0,-1
2020430037741,2020,430037741,1,9,0,18,19,1,5,0,0,2,0,0,0,0,1,1,2,2,1,56,9,1600,2,11,VOLKSWAGEN GOLF,2,E01016397,0,-1
2020160925311,2020,160925311,1,9,0,9,9,3,5,0,0,0,0,0,0,0,2,1,6,6,1,28,6,2000,2,14,VOLKSWAGEN GOLF,-1,-1,0,-1
2020500923471,2020,500923471,1,9,0,18,19,1,5,0,0,1,0,0,0,0,1,1,6,6,1,37,7,1968,2,12,VOLKSWAGEN GOLF,4,E01020279,0,-1
2020122001159,2020,122001159,1,9,0,1,1,1,5,0,0,0,0,0,0,0,2,1,6,6,1,70,10,1896,2,13,VOLKSWAGEN GOLF,1,E01033469,0,-1
2020030980882,2020,030980882,1,9,0,18,19,3,7,0,0,0,1,0,2,0,4,1,1,1,1,53,8,1984,1,10,VOLKSWAGEN GOLF,8,E01019391,0,-1
2020140960979,2020,140960979,3,9,0,15,15,8,8,0,0,0,0,0,0,0,1,1,5,6,1,29,6,1984,1,4,VOLKSWAGEN GOLF,1,E01007410,0,-1
20201373K1415,2020,1373K1415,2,9,0,9,9,5,3,0,0,8,0,0,0,0,3,1,6,6,1,22,5,1395,1,4,VOLKSWAGEN GOLF,4,E01011033,0,-1
2020470981876,2020,470981876,1,9,0,17,19,7,5,0,0,0,0,0,0,0,4,1,5,6,2,49,8,1598,2,6,VOLKSWAGEN GOLF,5,E01016877,0,-1
2020500995870,2020,500995870,4,9,0,4,4,7,3,0,0,0,0,0,0,0,1,1,5,6,2,26,6,1968,2,11,VOLKSWAGEN GOLF,9,E01016324,0,-1
2020200993657,2020,200993657,1,9,0,11,11,-1,-1,0,0,0,0,0,0,0,1,1,6,6,1,20,4,1390,1,11,VOLKSWAGEN GOLF,1,E01009334,0,-1
2020501024127,2020,501024127,1,9,0,18,19,1,5,0,0,0,0,0,0,0,1,1,5,6,1,62,9,1968,2,5,VOLKSWAGEN GOLF,4,E01020013,0,-1
2020410933064,2020,410933064,3,9,0,18,19,5,4,0,0,0,0,0,0,0,1,1,6,6,1,31,6,1968,2,13,VOLKSWAGEN GOLF,8,E01025679,0,-1
2020302001514,2020,302001514,1,9,0,18,19,4,8,0,0,1,0,0,0,0,0,1,6,6,1,74,10,1498,1,1,VOLKSWAGEN GOLF,7,E01019546,0,-1
2020320465681,2020,320465681,1,9,0,18,19,1,5,0,0,0,0,4,1,11,1,1,6,6,3,40,7,1968,2,10,VOLKSWAGEN GOLF,-1,-1,0,-1
2020530959212,2020,530959212,2,9,0,8,8,3,7,0,0,0,0,0,0,0,2,1,6,6,1,-1,-1,2000,1,13,VOLKSWAGEN GOLF,-1,-1,0,-1
202006J468440,2020,06J468440,1,9,0,1,1,5,1,0,0,0,0,0,0,0,2,1,6,6,3,-1,-1,1598,2,1,VOLKSWAGEN GOLF,-1,-1,0,-1
2020410945569,2020,410945569,2,9,0,9,9,4,2,0,0,1,0,0,0,0,3,1,5,6,1,23,5,1598,2,8,VOLKSWAGEN GOLF,-1,-1,0,-1
2020470955799,2020,470955799,1,9,0,18,19,3,8,0,0,1,0,0,0,0,1,1,5,6,2,51,8,1595,1,17,VOLKSWAGEN GOLF,2,E01031456,0,-1
2020052002199,2020,052002199,1,9,0,7,7,7,3,0,0,1,0,0,0,0,1,1,6,6,3,23,5,1498,1,2,VOLKSWAGEN GOLF,1,E01006504,0,-1
2020010237365,2020,010237365,2,9,0,99,99,9,9,0,0,4,9,99,9,99,2,9,6,6,1,23,5,1390,1,13,VOLKSWAGEN GOLF,7,E01021650,0,-1
2020500951848,2020,500951848,2,9,0,18,19,5,1,0,0,1,0,0,0,0,1,1,5,6,1,55,8,1896,2,19,VOLKSWAGEN GOLF,4,E01020284,0,-1
2020122100107,2020,122100107,1,9,0,6,6,1,1,0,0,0,0,0,0,0,2,1,6,6,3,-1,-1,1968,2,6,VOLKSWAGEN GOLF,-1,-1,0,-1
2020430434833,2020,430434833,1,9,0,18,19,7,3,0,0,0,1,0,1,5,1,1,6,6,1,18,4,2000,1,14,VOLKSWAGEN GOLF,7,E01017668,0,-1
2020211032937,2020,211032937,1,9,0,18,19,7,3,0,0,0,0,0,0,0,1,1,6,6,1,21,5,1598,2,1,VOLKSWAGEN GOLF,10,E01029759,0,-1
2020340W08732,2020,340W08732,1,9,0,9,9,5,3,0,0,5,0,0,0,0,1,1,6,6,1,61,9,1598,2,6,VOLKSWAGEN GOLF,9,E01023612,0,-1
2020460989571,2020,460989571,2,9,0,4,4,5,1,0,0,1,0,0,0,0,2,1,5,6,2,62,9,1197,1,8,VOLKSWAGEN GOLF,10,E01024272,0,-1
2020522000786,2020,522000786,2,9,0,18,19,5,1,0,0,0,0,0,0,0,1,1,6,6,1,20,4,2000,2,15,VOLKSWAGEN GOLF,-1,-1,0,-1
2020302000714,2020,302000714,1,9,0,9,9,8,4,0,0,1,0,0,0,0,1,1,6,6,2,21,5,1984,1,0,VOLKSWAGEN GOLF,1,E01009143,0,-1
2020140958834,2020,140958834,2,9,0,18,19,6,2,0,0,0,1,7,0,0,1,1,6,6,1,32,6,1984,1,5,VOLKSWAGEN GOLF,3,E01010407,0,-1
2020200958131,2020,200958131,1,9,0,18,19,2,6,0,0,8,0,0,0,0,4,1,1,1,1,26,6,1984,1,2,VOLKSWAGEN GOLF,1,E01008972,0,-1
2020010232551,2020,010232551,1,9,0,16,19,1,5,0,0,0,1,10,1,4,1,1,6,6,1,49,8,1600,1,20,VOLKSWAGEN GOLF,2,E01001130,0,-1
2020500939596,2020,500939596,1,9,0,18,19,5,1,0,0,1,0,0,0,0,2,1,6,6,2,38,7,1600,2,11,VOLKSWAGEN GOLF,7,E01019892,0,-1
2020360983525,2020,360983525,2,9,0,4,4,5,1,0,0,0,0,0,0,0,3,1,2,2,1,55,8,1197,1,4,VOLKSWAGEN GOLF,3,E01026447,0,-1
202054A147820,2020,54A147820,1,9,0,18,19,1,7,0,0,3,0,0,0,1,1,1,2,2,1,42,7,1900,2,15,VOLKSWAGEN GOLF,2,E01032093,0,-1
2020070712723,2020,070712723,1,9,0,13,13,8,4,0,0,0,0,0,7,9,1,1,2,2,1,22,5,1390,1,12,VOLKSWAGEN GOLF,6,E01018331,0,-1
2020160946099,2020,160946099,2,9,0,18,19,6,2,0,0,1,0,0,0,0,2,1,1,1,2,26,6,1900,2,20,VOLKSWAGEN GOLF,2,E01012821,0,-1
2020040996423,2020,040996423,1,9,0,18,19,7,3,0,0,1,0,0,1,11,1,1,6,6,3,-1,-1,1968,2,14,VOLKSWAGEN GOLF,-1,-1,0,-1
2020010244197,2020,010244197,2,9,0,99,99,9,9,99,99,9,9,99,9,99,1,9,6,6,3,-1,-1,1984,1,18,VOLKSWAGEN GOLF,-1,-1,0,-1
2020430013079,2020,430013079,2,9,0,18,19,6,2,0,0,1,0,0,0,0,1,1,6,6,1,22,5,1598,2,8,VOLKSWAGEN GOLF,7,E01016812,0,-1
2020360969192,2020,360969192,1,9,0,18,19,3,7,0,0,0,0,0,1,4,1,1,5,6,1,85,11,1598,2,9,VOLKSWAGEN GOLF,4,E01026765,0,-1
2020400917791,2020,400917791,1,9,0,18,19,7,3,0,0,1,0,0,0,0,0,1,6,6,1,21,5,1390,1,16,VOLKSWAGEN GOLF,4,E01015792,0,-1
2020420971094,2020,420971094,1,9,0,17,19,3,7,0,0,0,1,0,1,0,1,1,6,6,1,29,6,1896,2,17,VOLKSWAGEN GOLF,8,E01023446,0,-1
202006Q170113,2020,06Q170113,1,9,0,9,9,7,5,0,0,8,0,0,0,0,2,1,6,6,1,32,6,1968,2,9,VOLKSWAGEN GOLF,1,E01032921,0,-1
202063C014920,2020,63C014920,2,9,0,4,4,8,4,0,0,1,0,0,0,0,2,1,6,6,1,46,8,1968,2,1,VOLKSWAGEN GOLF,5,W01000593,0,-1
2020991009466,2020,991009466,1,9,0,5,5,8,4,0,0,0,0,0,1,10,3,1,5,6,1,30,6,1984,1,5,VOLKSWAGEN GOLF,9,-1,0,-1
20201377U0099,2020,1377U0099,2,9,0,18,19,3,7,0,0,8,1,0,7,0,1,1,6,6,1,23,5,1598,2,5,VOLKSWAGEN GOLF,4,E01010675,0,-1
2020520101168,2020,520101168,2,9,0,18,19,1,5,0,0,0,0,0,0,0,1,1,6,6,2,73,10,1598,2,5,VOLKSWAGEN GOLF,7,E01029166,0,-1
2020990998106,2020,990998106,1,9,0,13,13,4,8,9,9,0,5,0,7,0,1,1,5,6,1,44,7,1984,1,3,VOLKSWAGEN GOLF,7,-1,0,-1
2020010263938,2020,010263938,3,9,0,18,19,7,3,0,0,1,0,0,0,0,1,1,2,2,1,46,8,1781,1,29,VOLKSWAGEN GOLF,5,E01004527,0,-1
2020122000466,2020,122000466,1,9,0,18,19,3,7,0,0,0,0,0,1,10,1,1,6,6,1,22,5,1598,2,10,VOLKSWAGEN GOLF,6,E01020697,0,-1
2020410985763,2020,410985763,2,9,0,18,19,7,3,0,0,3,0,0,0,0,2,1,6,6,1,31,6,1598,1,14,VOLKSWAGEN GOLF,7,E01023880,0,-1
2020010271861,2020,010271861,2,9,0,12,12,8,4,0,0,8,0,0,0,0,2,1,6,6,1,30,6,1968,2,13,VOLKSWAGEN GOLF,-1,-1,0,-1
2020010265563,2020,010265563,1,9,0,99,99,9,9,99,99,9,9,99,9,99,9,9,6,6,1,22,5,1598,1,13,VOLKSWAGEN GOLF,1,E01004428,0,-1
2020200991579,2020,200991579,1,9,0,7,7,8,2,0,0,6,0,0,0,0,1,1,6,6,2,30,6,1390,1,15,VOLKSWAGEN GOLF,3,E01008930,0,-1
2020052002381,2020,052002381,1,9,0,7,7,1,3,0,0,2,0,0,0,0,4,1,6,6,2,22,5,1395,1,3,VOLKSWAGEN GOLF,3,E01006786,0,-1
2020430255484,2020,430255484,1,9,0,1,1,1,3,0,0,0,0,0,0,0,1,1,6,6,2,78,11,1968,2,9,VOLKSWAGEN GOLF,7,E01028776,0,-1
2020500946446,2020,500946446,1,9,0,18,19,8,4,0,0,0,2,0,0,0,1,1,6,6,1,46,8,3200,1,13,VOLKSWAGEN GOLF,6,E01018752,0,-1
2020430423348,2020,430423348,2,9,0,18,19,1,5,0,0,8,0,0,0,0,4,1,6,6,2,43,7,1598,2,8,VOLKSWAGEN GOLF,7,E01022513,0,-1
202006XJ78567,2020,06XJ78567,3,9,0,4,4,7,3,0,0,0,0,0,0,0,2,1,6,6,2,23,5,1598,2,3,VOLKSWAGEN GOLF,3,E01005938,0,-1
2020220977718,2020,220977718,2,9,0,4,4,8,4,0,0,1,0,0,0,0,1,1,1,1,1,34,6,1900,2,15,VOLKSWAGEN GOLF,1,E01032302,0,-1
202006Q270575,2020,06Q270575,1,9,0,18,19,3,7,0,0,8,1,0,0,0,1,1,6,6,1,30,6,1968,2,10,VOLKSWAGEN GOLF,-1,-1,0,-1
2020052001636,2020,052001636,1,9,0,18,19,1,5,0,0,0,0,0,0,0,1,1,6,6,1,35,6,1968,2,6,VOLKSWAGEN GOLF,2,E01006869,0,-1
2020010255274,2020,010255274,2,9,0,18,19,1,5,0,0,0,0,0,0,0,1,1,6,6,1,40,7,2000,1,15,VOLKSWAGEN GOLF,6,E01002138,0,-1
2020461003973,2020,461003973,1,9,0,17,19,1,5,0,0,0,5,0,2,4,3,1,5,6,2,40,7,1598,2,8,VOLKSWAGEN GOLF,6,E01024094,0,-1
2020400985581,2020,400985581,1,9,0,18,19,3,7,0,0,0,0,0,0,0,2,1,6,6,1,-1,-1,1595,1,13,VOLKSWAGEN GOLF,-1,-1,0,-1
2020010244833,2020,010244833,1,9,0,7,7,8,3,0,0,6,0,0,0,0,4,1,6,6,2,31,6,1197,1,10,VOLKSWAGEN GOLF,8,E01000649,0,-1
2020010254555,2020,010254555,1,9,0,9,9,7,5,0,0,6,0,0,0,0,3,2,1,1,1,44,7,1598,1,18,VOLKSWAGEN GOLF,6,E01001159,0,-1
2020010255711,2020,010255711,2,9,0,18,19,7,3,0,0,8,0,0,0,0,2,1,6,6,2,59,9,1395,1,6,VOLKSWAGEN GOLF,3,E01001502,0,-1
2020302001564,2020,302001564,2,9,0,2,2,0,0,0,0,0,0,0,0,0,3,1,6,6,1,30,6,1968,2,13,VOLKSWAGEN GOLF,6,E01013505,0,-1
2020010263448,2020,010263448,3,9,0,2,2,0,0,0,0,1,0,0,0,0,4,1,6,6,3,-1,-1,1197,1,6,VOLKSWAGEN GOLF,-1,-1,0,-1
2020010228032,2020,010228032,2,9,0,2,2,0,0,0,0,0,0,0,0,0,1,1,6,6,3,-1,-1,1984,1,9,VOLKSWAGEN GOLF,-1,-1,0,-1
2020440178966,2020,440178966,4,9,0,3,3,6,2,0,0,8,0,0,0,0,2,1,6,6,1,44,7,1390,1,8,VOLKSWAGEN GOLF,10,E01022862,0,-1
2020450990052,2020,450990052,2,9,0,18,19,7,3,0,0,0,0,0,0,0,0,1,6,6,3,18,4,999,1,1,VOLKSWAGEN GOLF,-1,-1,0,-1
2020010247389,2020,010247389,1,9,0,99,99,9,9,99,99,9,9,99,9,99,1,9,6,6,1,36,7,1900,2,22,VOLKSWAGEN GOLF,9,E01002994,0,-1
2020350972183,2020,350972183,1,9,0,16,19,2,6,0,0,2,0,0,1,6,3,1,1,1,2,52,8,1395,1,3,VOLKSWAGEN GOLF,9,E01018015,0,-1
2020440347134,2020,440347134,2,9,0,18,19,3,7,0,0,8,0,0,0,0,1,1,2,2,2,59,9,1395,1,7,VOLKSWAGEN GOLF,5,E01032013,0,-1
2020400928017,2020,400928017,4,9,0,2,2,0,0,9,9,0,0,0,0,0,2,1,5,6,3,-1,-1,2000,2,15,VOLKSWAGEN GOLF,-1,-1,0,-1
202031B110020,2020,31B110020,1,9,0,7,7,2,4,0,0,6,0,0,0,0,3,1,6,6,1,29,6,1968,2,3,VOLKSWAGEN GOLF,4,E01026192,0,-1
2020100931445,2020,100931445,1,9,0,18,19,1,5,0,0,8,0,0,0,0,1,1,6,6,1,74,10,1395,1,5,VOLKSWAGEN GOLF,5,E01008356,0,-1
2020010261198,2020,010261198,1,9,0,3,3,7,3,0,0,8,0,0,0,0,1,1,6,6,2,30,6,1900,2,14,VOLKSWAGEN GOLF,6,E01001288,0,-1
2020010229964,2020,010229964,2,9,0,99,99,9,9,99,99,9,9,99,9,99,9,9,6,6,3,-1,-1,1395,1,3,VOLKSWAGEN GOLF,-1,-1,0,-1
2020430023828,2020,430023828,2,9,0,18,19,1,5,0,0,0,0,0,1,0,1,1,6,6,2,37,7,1598,2,5,VOLKSWAGEN GOLF,9,E01028433,0,-1
2020070405155,2020,070405155,2,9,0,3,3,1,3,0,0,1,0,0,0,0,2,1,6,6,1,30,6,1984,1,0,VOLKSWAGEN GOLF,9,W01000370,0,-1
2020010231796,2020,010231796,2,9,0,18,19,3,7,0,0,8,0,0,0,0,1,1,6,6,2,29,6,1896,2,13,VOLKSWAGEN GOLF,10,E01003463,0,-1
2020420984174,2020,420984174,2,9,0,5,5,1,5,0,0,0,0,0,0,0,2,1,6,6,1,38,7,1598,2,11,VOLKSWAGEN GOLF,7,E01021867,0,-1
2020137CU1641,2020,137CU1641,1,9,0,18,19,6,2,0,0,0,0,0,1,2,1,1,6,6,1,35,6,1598,1,17,VOLKSWAGEN GOLF,5,E01011392,0,-1