collision_index,collision_year,collision_ref_no,vehicle_reference,vehicle_type,towing_and_articulation,vehicle_manoeuvre_historic,vehicle_manoeuvre,vehicle_direction_from,vehicle_direction_to,vehicle_location_restricted_lane_historic,vehicle_location_restricted_lane,junction_location,skidding_and_overturning,hit_object_in_carriageway,vehicle_leaving_carriageway,hit_object_off_carriageway,first_point_of_impact,vehicle_left_hand_drive,journey_purpose_of_driver_historic,journey_purpose_of_driver,sex_of_driver,age_of_driver,age_band_of_driver,engine_capacity_cc,propulsion_code,age_of_vehicle,generic_make_model,driver_imd_decile,lsoa_of_driver,escooter_flag,driver_distance_banding
2020010258254,2020,010258254,1,9,0,2,2,0,0,0,0,0,0,0,0,0,2,1,6,6,3,-1,-1,1896,2,17,VOLKSWAGEN GOLF,-1,-1,0,-1
2020991008097,2020,991008097,1,9,0,5,5,1,5,0,0,0,0,0,0,0,1,1,6,6,2,76,11,1968,2,3,VOLKSWAGEN GOLF,7,-1,0,-1
2020200923568,2020,200923568,1,9,0,7,7,7,3,0,0,1,0,0,0,0,4,1,6,6,1,23,5,1900,2,16,VOLKSWAGEN GOLF,5,E01022155,0,-1
2020052000935,2020,052000935,4,9,0,2,2,0,0,0,0,0,0,0,0,0,3,1,6,6,3,-1,-1,1896,2,18,VOLKSWAGEN GOLF,-1,-1,0,-1
202006E372275,2020,06E372275,2,9,0,18,19,8,4,0,0,1,0,0,0,0,1,1,6,6,1,25,5,1598,1,13,VOLKSWAGEN GOLF,1,E01005077,0,-1
202006M275760,2020,06M275760,2,9,0,18,19,7,2,0,0,8,0,0,0,0,1,1,6,6,2,34,6,1968,2,6,VOLKSWAGEN GOLF,8,E01006170,0,-1
2020400983532,2020,400983532,1,9,0,6,6,3,5,0,0,0,0,0,0,0,3,1,6,6,1,33,6,1395,8,5,VOLKSWAGEN GOLF,3,E01015788,0,-1
202031B137320,2020,31B137320,1,9,0,18,19,3,7,0,0,0,0,0,0,0,1,1,1,1,1,31,6,1896,2,18,VOLKSWAGEN GOLF,5,E01028042,0,-1
2020991010047,2020,991010047,1,9,0,5,5,3,7,0,0,0,0,0,0,0,1,1,6,6,3,23,5,1390,1,11,VOLKSWAGEN GOLF,5,-1,0,-1
2020622000483,2020,622000483,2,9,0,18,19,4,8,0,0,1,1,0,0,0,1,1,6,6,1,50,8,2000,2,14,VOLKSWAGEN GOLF,2,W01001035,0,-1
2020622001119,2020,622001119,1,9,0,17,19,8,4,0,0,1,0,0,0,0,1,1,6,6,1,25,5,1968,2,6,VOLKSWAGEN GOLF,2,W01001282,0,-1
2020070717702,2020,070717702,2,9,0,3,3,4,8,0,0,0,0,0,0,0,2,1,2,2,2,25,5,1598,2,1,VOLKSWAGEN GOLF,1,E01006881,0,-1
2020010275718,2020,010275718,1,9,0,99,99,9,9,99,99,9,9,99,9,99,2,9,6,6,2,25,5,1395,1,3,VOLKSWAGEN GOLF,3,E01000499,0,-1
2020010250008,2020,010250008,1,9,0,18,19,7,3,0,0,0,0,0,0,0,1,1,6,6,3,20,4,1598,2,9,VOLKSWAGEN GOLF,-1,-1,0,-1
2020340D01062,2020,340D01062,2,9,0,10,10,5,1,0,0,8,0,0,0,0,2,1,2,2,1,28,6,1984,1,5,VOLKSWAGEN GOLF,2,E01015229,0,-1
2020990953867,2020,990953867,1,9,0,9,9,7,4,0,0,0,0,0,3,0,1,1,5,6,2,58,9,1390,1,10,VOLKSWAGEN GOLF,3,-1,0,-1
2020140980378,2020,140980378,1,9,0,18,19,6,2,0,0,1,0,7,0,0,1,1,5,6,2,35,6,1598,1,15,VOLKSWAGEN GOLF,8,E01008050,0,-1
2020340K04862,2020,340K04862,1,9,0,18,19,4,8,0,0,0,0,0,2,0,1,1,2,2,1,45,7,1968,2,6,VOLKSWAGEN GOLF,9,E01025809,0,-1
2020340S02752,2020,340S02752,2,9,0,18,19,1,5,0,0,8,0,0,0,0,1,1,6,6,2,33,6,1968,2,12,VOLKSWAGEN GOLF,9,E01028485,0,-1
2020010277581,2020,010277581,2,9,0,9,9,7,4,0,0,0,0,0,0,0,3,1,6,6,2,37,7,1984,1,17,VOLKSWAGEN GOLF,3,E01000385,0,-1
2020040965145,2020,040965145,3,9,0,4,4,5,1,0,0,0,0,0,0,0,1,1,1,1,2,27,6,1598,2,7,VOLKSWAGEN GOLF,8,E01025174,0,-1
20201371B1639,2020,1371B1639,1,9,0,18,19,4,8,0,0,0,0,0,0,0,1,1,6,6,3,-1,-1,1395,1,2,VOLKSWAGEN GOLF,-1,-1,0,-1
2020010235116,2020,010235116,1,9,0,7,7,3,6,0,0,0,0,0,0,0,0,1,6,6,1,19,4,1900,2,15,VOLKSWAGEN GOLF,7,E01001120,0,-1
2020460961097,2020,460961097,1,9,0,18,19,1,7,0,0,1,0,0,0,0,4,1,6,6,3,-1,-1,1598,1,14,VOLKSWAGEN GOLF,-1,-1,0,-1
2020122000208,2020,122000208,2,9,0,9,9,5,3,0,0,8,0,0,0,0,1,1,2,2,1,20,4,1968,2,4,VOLKSWAGEN GOLF,7,E01027707,0,-1
2020400991578,2020,400991578,2,9,0,5,5,1,5,0,0,1,0,0,0,0,2,1,5,6,1,40,7,1968,2,7,VOLKSWAGEN GOLF,4,E01015717,0,-1
2020400995912,2020,400995912,1,9,0,18,19,7,3,0,0,4,0,0,0,0,2,1,5,6,1,56,9,1900,2,14,VOLKSWAGEN GOLF,1,E01015771,0,-1
2020548427820,2020,548427820,1,9,0,16,19,5,1,0,0,0,0,0,7,11,1,1,6,6,1,25,5,2000,2,15,VOLKSWAGEN GOLF,2,E01031981,0,-1
2020010228649,2020,010228649,2,9,0,99,99,9,9,99,99,9,9,99,9,99,9,9,6,6,3,-1,-1,1600,1,16,VOLKSWAGEN GOLF,-1,-1,0,-1
2020400929615,2020,400929615,1,9,0,-1,-1,-1,-1,-1,-1,0,-1,-1,-1,0,-1,1,6,6,1,31,6,1598,2,3,VOLKSWAGEN GOLF,4,E01015804,0,-1
2020548958220,2020,548958220,1,9,0,18,19,6,2,0,0,0,0,0,0,0,1,1,6,6,1,41,7,1498,1,1,VOLKSWAGEN GOLF,9,E01032034,0,-1
2020201019232,2020,201019232,2,9,0,13,13,2,8,0,0,3,1,0,0,0,1,1,6,6,1,-1,-1,1968,2,8,VOLKSWAGEN GOLF,-1,-1,0,-1
2020420999275,2020,420999275,2,9,0,18,19,3,7,0,0,1,0,0,0,0,2,1,5,6,2,23,5,1498,1,1,VOLKSWAGEN GOLF,9,E01029905,0,-1
2020470978315,2020,470978315,2,9,0,18,19,6,2,0,0,8,0,0,0,0,1,1,5,6,1,67,10,1598,2,7,VOLKSWAGEN GOLF,9,E01031756,0,-1
2020010268803,2020,010268803,1,9,0,99,99,9,9,99,99,0,9,99,9,99,2,9,6,6,2,30,6,1390,1,10,VOLKSWAGEN GOLF,5,E01001525,0,-1
2020471007310,2020,471007310,1,9,0,18,19,7,3,0,0,1,0,0,0,0,1,1,5,6,1,70,10,1598,1,13,VOLKSWAGEN GOLF,10,E01031803,0,-1
2020040997859,2020,040997859,2,9,0,18,19,5,1,0,0,0,0,0,0,0,2,1,5,6,1,49,8,1197,1,3,VOLKSWAGEN GOLF,2,E01012621,0,-1
2020340N01392,2020,340N01392,1,9,0,3,3,1,5,0,0,1,0,0,0,0,1,1,6,6,1,23,5,1598,2,10,VOLKSWAGEN GOLF,7,E01027279,0,-1
2020230982811,2020,230982811,2,9,0,7,7,4,6,0,0,3,0,0,0,0,1,1,5,6,1,58,9,1598,2,1,VOLKSWAGEN GOLF,2,E01031010,0,-1
202006K267331,2020,06K267331,2,9,0,4,4,6,2,0,0,0,0,0,0,0,2,1,1,1,2,57,9,1984,1,5,VOLKSWAGEN GOLF,10,E01004804,0,-1
2020200966887,2020,200966887,1,9,0,18,19,4,8,0,0,8,0,4,0,0,1,1,6,6,1,23,5,1598,2,7,VOLKSWAGEN GOLF,2,E01010270,0,-1
2020122000754,2020,122000754,1,9,0,18,19,2,6,0,0,0,1,0,0,0,1,1,6,6,1,56,9,1968,2,6,VOLKSWAGEN GOLF,2,E01013349,0,-1
2020440171337,2020,440171337,1,9,0,18,19,3,7,0,0,0,0,0,0,0,1,1,6,6,1,24,5,1395,1,7,VOLKSWAGEN GOLF,8,E01022623,0,-1
2020201020604,2020,201020604,1,9,0,13,13,7,3,0,0,8,0,0,0,0,1,1,6,6,1,24,5,2000,2,14,VOLKSWAGEN GOLF,1,E01010401,0,-1
2020302001496,2020,302001496,1,9,0,18,19,1,2,0,0,1,1,0,0,0,1,1,6,6,1,19,4,1598,1,14,VOLKSWAGEN GOLF,1,E01013590,0,-1
2020500996193,2020,500996193,1,9,0,7,7,5,7,0,0,0,0,0,0,0,1,1,6,6,2,27,6,1968,2,10,VOLKSWAGEN GOLF,8,E01015128,0,-1
2020040954111,2020,040954111,1,9,0,18,19,1,5,0,0,1,0,0,0,0,1,1,5,6,1,66,10,1498,1,2,VOLKSWAGEN GOLF,2,E01012605,0,-1
2020010274014,2020,010274014,1,9,0,99,99,9,9,99,99,9,9,99,9,99,9,9,2,2,1,53,8,1598,1,13,VOLKSWAGEN GOLF,1,E01004272,0,-1
20201371F0133,2020,1371F0133,1,9,0,9,9,1,7,0,0,1,1,0,1,10,3,1,6,6,1,32,6,1598,2,8,VOLKSWAGEN GOLF,1,E01010814,0,-1
2020450962043,2020,450962043,1,9,0,18,19,6,2,0,0,8,0,0,0,0,3,1,2,2,1,54,8,2000,2,15,VOLKSWAGEN GOLF,8,E01002925,0,-1
2020041010180,2020,041010180,2,9,0,18,19,7,3,0,0,1,0,0,0,0,1,1,1,1,1,39,7,1598,2,6,VOLKSWAGEN GOLF,1,E01025184,0,-1
2020137941650,2020,137941650,2,9,0,18,19,6,2,0,0,8,0,0,0,0,3,1,6,6,1,23,5,1968,2,5,VOLKSWAGEN GOLF,3,E01011449,0,-1
2020440298305,2020,440298305,1,9,0,18,19,3,5,0,0,3,0,0,0,0,4,1,6,6,1,-1,-1,1984,1,1,VOLKSWAGEN GOLF,-1,-1,0,-1
2020440215566,2020,440215566,2,9,0,18,19,3,7,0,0,1,0,0,7,0,1,1,2,2,1,46,8,1896,2,12,VOLKSWAGEN GOLF,4,E01022524,0,-1
2020137BU0657,2020,137BU0657,1,9,0,18,19,6,2,0,0,0,0,0,0,0,4,1,1,1,1,43,7,1896,2,12,VOLKSWAGEN GOLF,1,E01010719,0,-1
2020160982504,2020,160982504,1,9,0,18,19,3,7,0,0,0,2,0,1,11,1,1,6,6,1,18,4,1395,1,4,VOLKSWAGEN GOLF,2,E01011163,0,-1
2020010249241,2020,010249241,1,9,0,18,19,3,7,0,0,0,0,6,0,0,3,1,6,6,1,24,5,1390,1,11,VOLKSWAGEN GOLF,2,E01001515,0,-1
2020010236269,2020,010236269,1,9,0,18,19,1,5,0,0,1,0,0,0,0,4,1,6,6,1,32,6,1598,2,3,VOLKSWAGEN GOLF,2,E01004402,0,-1
2020501015641,2020,501015641,2,9,0,9,9,4,8,0,0,0,0,0,0,0,2,1,5,6,1,19,4,1600,2,11,VOLKSWAGEN GOLF,3,E01018927,0,-1
202006K274761,2020,06K274761,2,9,0,18,19,2,6,0,0,8,0,0,0,0,1,1,6,6,1,22,5,1598,2,4,VOLKSWAGEN GOLF,3,E01004867,0,-1
2020990994897,2020,990994897,1,9,0,7,7,7,1,0,0,2,1,0,0,0,1,1,5,6,1,33,6,2000,2,16,VOLKSWAGEN GOLF,-1,-1,0,-1
2020320284945,2020,320284945,1,9,0,17,19,2,7,0,0,0,5,0,1,9,1,1,6,6,1,23,5,1968,2,9,VOLKSWAGEN GOLF,1,E01026109,0,-1
2020010268262,2020,010268262,1,9,0,18,19,3,7,0,0,8,0,0,0,0,3,1,6,6,1,22,5,1984,1,27,VOLKSWAGEN GOLF,5,E01001829,0,-1
2020541515820,2020,541515820,1,9,0,5,5,3,5,0,0,6,0,0,0,0,3,1,6,6,2,47,8,1896,2,13,VOLKSWAGEN GOLF,8,E01032033,0,-1
20201379B0813,2020,1379B0813,2,9,0,18,19,3,7,0,0,8,0,0,0,0,1,1,6,6,2,26,6,1896,2,13,VOLKSWAGEN GOLF,1,E01010843,0,-1
2020010228617,2020,010228617,2,9,0,18,19,8,4,0,0,8,0,0,0,0,4,1,6,6,2,34,6,1390,1,13,VOLKSWAGEN GOLF,9,E01000716,0,-1
2020460959799,2020,460959799,2,9,0,18,19,7,3,0,0,8,0,0,0,0,1,1,2,2,1,41,7,1968,2,3,VOLKSWAGEN GOLF,-1,-1,0,-1
2020548125820,2020,548125820,1,9,0,18,19,3,7,0,0,0,0,0,0,0,1,1,6,6,1,20,4,1595,1,16,VOLKSWAGEN GOLF,9,E01015566,0,-1
2020430066838,2020,430066838,1,9,0,9,9,5,3,0,0,1,0,0,0,0,3,1,6,6,1,73,10,1598,1,15,VOLKSWAGEN GOLF,10,E01023368,0,-1
2020010236495,2020,010236495,3,9,0,3,3,1,5,0,0,8,0,0,0,0,2,1,6,6,1,54,8,1968,2,6,VOLKSWAGEN GOLF,2,E01003351,0,-1
2020351007567,2020,351007567,2,9,0,13,13,8,4,0,0,0,0,0,0,0,1,1,5,6,2,38,7,1896,2,18,VOLKSWAGEN GOLF,5,E01018105,0,-1
2020040926818,2020,040926818,1,9,0,7,7,1,3,0,0,8,0,0,0,0,1,1,5,6,1,22,5,1968,2,8,VOLKSWAGEN GOLF,1,E01024875,0,-1
2020370953495,2020,370953495,1,9,0,18,19,1,5,0,0,0,5,4,1,11,1,1,5,6,2,19,4,1390,1,17,VOLKSWAGEN GOLF,8,E01029997,0,-1
2020110992985,2020,110992985,2,9,0,9,9,5,1,0,0,1,0,0,0,0,4,1,5,6,2,69,10,1896,2,12,VOLKSWAGEN GOLF,8,E01033221,0,-1
2020420990122,2020,420990122,1,9,0,18,19,7,3,0,0,4,0,0,0,0,1,1,6,6,1,26,6,1598,1,18,VOLKSWAGEN GOLF,2,E01021327,0,-1
2020010232859,2020,010232859,1,9,0,2,2,0,0,0,0,0,0,0,0,0,0,1,6,6,3,-1,-1,1395,1,7,VOLKSWAGEN GOLF,-1,-1,0,-1
202054A416620,2020,54A416620,1,9,0,18,19,7,3,0,0,0,2,0,5,6,3,1,6,6,2,28,6,1598,2,2,VOLKSWAGEN GOLF,8,E01020080,0,-1
2020200950907,2020,200950907,2,9,0,2,2,0,0,0,0,0,0,0,0,0,3,1,6,6,2,65,9,1896,2,19,VOLKSWAGEN GOLF,-1,-1,0,-1
2020010256300,2020,010256300,1,9,0,9,9,6,4,0,0,2,0,0,0,0,0,1,1,1,1,37,7,1598,2,5,VOLKSWAGEN GOLF,9,E01003384,0,-1
2020340E08682,2020,340E08682,1,9,0,18,19,5,1,0,0,0,0,4,0,0,1,1,6,6,3,-1,-1,1900,2,16,VOLKSWAGEN GOLF,-1,-1,0,-1
202031D182320,2020,31D182320,1,9,0,16,19,5,1,0,0,0,2,0,7,9,1,1,6,6,1,31,6,1896,2,18,VOLKSWAGEN GOLF,9,E01028197,0,-1
2020370975625,2020,370975625,2,9,0,10,10,7,5,0,0,8,0,0,0,0,2,1,5,6,1,33,6,1968,2,1,VOLKSWAGEN GOLF,3,E01029998,0,-1
2020101011180,2020,101011180,2,9,0,3,3,7,3,0,0,1,0,0,0,0,2,1,5,6,2,46,8,1896,2,13,VOLKSWAGEN GOLF,5,E01027409,0,-1
2020010277110,2020,010277110,1,9,0,9,9,5,2,0,0,1,0,0,7,0,4,1,6,6,1,43,7,1498,1,1,VOLKSWAGEN GOLF,9,E01003403,0,-1
2020220998084,2020,220998084,2,9,0,18,19,8,4,0,0,8,0,0,0,0,1,1,5,6,2,51,8,1390,1,18,VOLKSWAGEN GOLF,2,E01032461,0,-1
2020010284661,2020,010284661,2,9,0,99,99,9,9,99,99,9,9,99,9,99,9,9,6,6,3,30,6,1390,1,11,VOLKSWAGEN GOLF,-1,-1,0,-1
2020140995241,2020,140995241,2,9,0,18,19,3,7,0,0,0,1,7,0,0,1,1,5,6,1,36,7,1896,2,12,VOLKSWAGEN GOLF,1,E01007851,0,-1
2020010260929,2020,010260929,2,9,0,99,99,9,9,99,99,9,9,99,9,99,9,9,6,6,2,24,5,1197,1,6,VOLKSWAGEN GOLF,3,E01003406,0,-1
2020010255189,2020,010255189,2,9,0,18,19,1,5,0,0,0,0,0,0,0,3,1,6,6,1,24,5,1968,2,6,VOLKSWAGEN GOLF,9,E01000356,0,-1
2020200948530,2020,200948530,2,9,0,2,2,0,0,0,0,2,0,0,0,0,4,1,6,6,2,35,6,1900,2,13,VOLKSWAGEN GOLF,6,E01009217,0,-1
2020610003220,2020,610003220,1,9,0,4,4,7,3,0,0,1,1,0,0,0,1,1,6,6,1,31,6,1595,1,20,VOLKSWAGEN GOLF,-1,-1,0,-1
2020547499720,2020,547499720,3,9,0,18,19,7,3,0,0,0,0,0,0,0,2,1,6,6,1,28,6,1395,1,4,VOLKSWAGEN GOLF,6,E01030555,0,-1
20201374B1815,2020,1374B1815,3,9,0,18,19,3,7,0,0,1,0,0,0,0,1,1,6,6,1,17,4,1968,2,10,VOLKSWAGEN GOLF,1,E01011036,0,-1
2020991006222,2020,991006222,3,9,0,16,19,1,5,0,0,0,0,0,0,0,1,1,2,2,1,33,6,1968,2,4,VOLKSWAGEN GOLF,8,-1,0,-1
2020350935674,2020,350935674,1,9,0,5,5,1,4,0,0,1,0,0,0,0,1,1,5,6,1,34,6,1968,2,9,VOLKSWAGEN GOLF,9,E01030147,0,-1
2020990999907,2020,990999907,1,9,0,9,9,4,7,0,0,6,0,0,0,0,1,1,2,2,1,21,5,1984,1,13,VOLKSWAGEN GOLF,6,-1,0,-1
2020420976164,2020,420976164,1,9,0,18,19,1,3,0,0,4,0,0,0,0,1,1,5,6,1,40,7,1896,2,12,VOLKSWAGEN GOLF,3,E01015959,0,-1
2020552000764,2020,552000764,2,9,0,2,2,0,0,0,0,0,0,0,0,0,1,1,6,6,1,36,7,1390,1,12,VOLKSWAGEN GOLF,10,E01015452,0,-1
2020040971456,2020,040971456,2,9,0,18,19,1,5,0,0,1,0,0,0,0,3,1,5,6,2,27,6,1896,2,19,VOLKSWAGEN GOLF,5,E01025543,0,-1
2020010261038,2020,010261038,2,9,0,99,99,9,9,99,99,9,9,99,9,99,1,9,6,6,3,45,7,1598,1,17,VOLKSWAGEN GOLF,10,E01003454,0,-1
2020460921488,2020,460921488,2,9,0,18,19,5,1,0,0,1,0,0,0,0,1,1,3,7,2,38,7,1598,2,6,VOLKSWAGEN GOLF,4,E01024669,0,-1
2020230976039,2020,230976039,2,9,0,18,19,7,1,0,0,4,0,0,0,0,2,1,5,6,1,38,7,1968,2,7,VOLKSWAGEN GOLF,1,E01009152,0,-1
2020137951085,2020,137951085,1,9,0,12,12,3,7,0,0,4,0,0,1,0,1,1,6,6,1,18,4,1390,1,15,VOLKSWAGEN GOLF,1,E01011371,0,-1
202006Q169898,2020,06Q169898,1,9,0,13,13,3,7,0,0,8,5,10,7,10,1,1,6,6,1,25,5,1968,2,4,VOLKSWAGEN GOLF,2,E01005450,0,-1
2020522004476,2020,522004476,1,9,0,18,19,3,7,0,0,0,0,0,0,0,4,1,6,6,1,31,6,1390,1,12,VOLKSWAGEN GOLF,6,E01014563,0,-1
2020052001515,2020,052001515,1,9,0,14,14,7,3,0,0,0,5,10,0,0,4,1,6,6,2,47,8,1600,2,11,VOLKSWAGEN GOLF,4,E01006537,0,-1
2020220971859,2020,220971859,1,9,0,18,19,8,4,0,0,2,0,0,0,0,3,1,6,6,1,31,6,1498,1,2,VOLKSWAGEN GOLF,1,E01014124,0,-1
2020137561631,2020,137561631,2,9,0,18,19,7,3,0,0,0,0,0,0,0,1,1,6,6,1,27,6,1968,2,10,VOLKSWAGEN GOLF,1,E01010611,0,-1
2020200979547,2020,200979547,2,9,0,18,19,5,1,0,0,1,0,0,0,0,1,1,6,6,1,-1,-1,2000,1,13,VOLKSWAGEN GOLF,4,E01009111,0,-1
202006Q270486,2020,06Q270486,1,9,0,17,19,8,5,0,0,0,0,10,8,0,1,1,6,6,1,46,8,1598,2,1,VOLKSWAGEN GOLF,1,E01005252,0,-1
2020450948593,2020,450948593,1,9,0,9,9,5,1,0,0,8,0,0,0,0,2,1,5,6,2,57,9,1390,1,8,VOLKSWAGEN GOLF,5,E01023095,0,-1
2020030982842,2020,030982842,2,9,0,18,19,3,7,0,0,0,0,0,0,0,2,1,1,1,1,22,5,999,1,3,VOLKSWAGEN GOLF,4,E01019247,0,-1
2020041001238,2020,041001238,2,9,0,18,19,5,1,0,0,0,0,0,0,0,3,1,5,6,1,21,5,1896,2,17,VOLKSWAGEN GOLF,3,E01012587,0,-1
2020622000315,2020,622000315,2,9,0,4,4,1,3,0,0,1,0,0,0,0,2,1,6,6,2,30,6,1896,2,17,VOLKSWAGEN GOLF,3,W01001042,0,-1
2020541313920,2020,541313920,1,9,0,18,19,1,5,0,0,0,5,0,1,3,4,1,6,6,1,19,4,2000,1,20,VOLKSWAGEN GOLF,8,E01016674,0,-1
202006P278696,2020,06P278696,1,9,0,18,19,2,6,0,0,8,0,0,0,0,1,1,6,6,1,29,6,1598,2,9,VOLKSWAGEN GOLF,2,E01005477,0,-1
2020137140039,2020,137140039,2,9,0,10,10,5,1,0,0,8,0,0,0,0,1,1,6,6,1,23,5,1598,2,8,VOLKSWAGEN GOLF,1,E01010679,0,-1
2020010245229,2020,010245229,1,9,0,13,13,1,5,0,0,1,0,0,0,0,1,1,2,2,1,46,8,1390,1,9,VOLKSWAGEN GOLF,5,E01004071,0,-1
2020451010684,2020,451010684,2,9,0,18,19,5,5,0,0,0,0,0,0,0,4,1,6,6,1,17,4,1598,1,19,VOLKSWAGEN GOLF,5,E01031515,0,-1
2020350983361,2020,350983361,1,9,0,18,19,2,6,0,0,0,0,-1,0,0,3,1,4,7,2,78,11,1395,1,6,VOLKSWAGEN GOLF,6,E01018207,0,-1
2020137881133,2020,137881133,2,9,0,9,9,8,6,0,0,1,0,0,0,0,3,1,6,6,1,54,8,1598,2,3,VOLKSWAGEN GOLF,1,E01011624,0,-1
2020552000529,2020,552000529,1,9,0,9,9,7,5,0,0,1,0,0,0,0,1,1,6,6,1,75,10,1598,2,8,VOLKSWAGEN GOLF,6,E01020508,0,-1
20201375N2093,2020,1375N2093,1,9,0,18,19,1,5,0,0,1,0,0,0,0,1,1,6,6,2,23,5,1598,2,9,VOLKSWAGEN GOLF,2,E01010806,0,-1
2020460996335,2020,460996335,1,9,0,18,19,5,1,0,0,1,0,10,2,0,1,1,5,6,1,32,6,1390,1,12,VOLKSWAGEN GOLF,9,E01024750,0,-1
2020460997355,2020,460997355,2,9,0,3,3,3,7,0,0,0,0,0,0,0,2,1,6,6,2,22,5,1600,1,13,VOLKSWAGEN GOLF,9,E01024343,0,-1
2020010263011,2020,010263011,3,9,0,18,19,1,5,0,0,1,0,0,0,0,1,1,6,6,1,51,8,1900,2,15,VOLKSWAGEN GOLF,1,E01017130,0,-1
2020010256005,2020,010256005,1,9,0,18,19,3,7,0,0,0,0,4,0,0,1,1,2,2,1,25,5,1390,1,11,VOLKSWAGEN GOLF,2,E01001172,0,-1
2020211012663,2020,211012663,1,9,0,18,19,2,6,0,0,0,0,0,0,0,3,1,6,6,2,20,4,1598,2,8,VOLKSWAGEN GOLF,8,E01029562,0,-1
2020137CR0034,2020,137CR0034,3,9,0,2,2,0,0,0,0,1,0,0,0,0,2,1,6,6,1,30,6,1600,2,11,VOLKSWAGEN GOLF,-1,-1,0,-1
2020010265662,2020,010265662,2,9,0,15,15,8,4,0,0,0,0,0,0,0,4,1,6,6,1,29,6,1390,1,9,VOLKSWAGEN GOLF,5,E01003144,0,-1
2020137660716,2020,137660716,1,9,0,6,6,4,8,0,0,8,0,0,0,0,1,1,1,1,2,26,6,1598,1,14,VOLKSWAGEN GOLF,1,E01033697,0,-1
2020140963739,2020,140963739,1,9,0,18,19,6,2,0,0,8,0,0,0,0,1,1,5,6,1,33,6,1390,1,13,VOLKSWAGEN GOLF,1,E01008102,0,-1
20201372T1331,2020,1372T1331,2,9,0,18,19,4,8,0,0,8,0,0,0,0,1,1,6,6,1,25,5,1968,2,5,VOLKSWAGEN GOLF,8,E01019875,0,-1
2020010265608,2020,010265608,2,9,0,17,19,7,3,0,0,1,0,4,0,0,1,1,2,2,1,24,5,2000,1,15,VOLKSWAGEN GOLF,3,E01004317,0,-1
2020010252545,2020,010252545,2,9,0,99,99,9,9,99,99,0,9,99,9,99,1,9,6,6,3,35,6,1598,2,8,VOLKSWAGEN GOLF,3,E01001109,0,-1
2020450967238,2020,450967238,1,9,0,16,19,7,3,0,0,0,0,11,0,0,3,1,5,6,1,81,11,1390,1,8,VOLKSWAGEN GOLF,7,E01001231,0,-1
2020010286485,2020,010286485,2,9,0,9,9,7,4,0,0,1,0,0,0,0,4,1,6,6,2,29,6,1498,1,0,VOLKSWAGEN GOLF,4,E01004002,0,-1
2020440082464,2020,440082464,1,9,0,2,2,0,0,0,0,0,0,0,0,0,4,1,6,6,3,-1,-1,1896,2,17,VOLKSWAGEN GOLF,-1,-1,0,-1
202006M176382,2020,06M176382,1,9,0,18,19,7,3,0,0,0,0,0,0,0,1,1,4,7,1,45,7,1395,1,3,VOLKSWAGEN GOLF,3,E01006159,0,-1
2020140933269,2020,140933269,2,9,0,12,12,1,6,0,0,0,0,0,0,0,-1,1,6,6,3,-1,-1,1968,2,12,VOLKSWAGEN GOLF,-1,-1,0,-1
2020610046520,2020,610046520,1,9,0,18,19,2,5,0,0,3,0,0,0,0,1,1,3,7,1,65,9,1896,2,18,VOLKSWAGEN GOLF,3,W01001388,0,-1
2020010284406,2020,010284406,4,9,0,3,3,3,7,0,0,1,0,0,0,0,2,1,6,6,1,46,8,1968,2,2,VOLKSWAGEN GOLF,8,E01017145,0,-1
2020200948360,2020,200948360,1,9,0,18,19,6,2,0,0,8,0,0,0,0,3,1,6,6,2,48,8,1197,1,9,VOLKSWAGEN GOLF,4,E01009030,0,-1
2020500984817,2020,500984817,4,9,0,2,2,0,0,0,0,1,0,0,0,0,2,1,6,6,2,-1,-1,1598,2,8,VOLKSWAGEN GOLF,-1,-1,0,-1
2020010284406,2020,010284406,1,9,0,4,4,3,7,0,0,1,0,0,0,0,1,1,6,6,1,23,5,2792,1,24,VOLKSWAGEN GOLF,1,E01002034,0,-1
2020440007231,2020,440007231,1,9,0,18,19,6,2,0,0,0,0,0,0,0,4,1,1,1,1,61,9,1598,1,14,VOLKSWAGEN GOLF,6,E01017361,0,-1
2020522101112,2020,522101112,1,9,0,9,9,6,4,0,0,2,0,10,7,10,1,1,6,6,1,22,5,1968,2,13,VOLKSWAGEN GOLF,1,E01014486,0,-1
2020010275628,2020,010275628,1,9,0,18,19,3,7,0,0,0,0,10,7,10,1,1,6,6,1,21,5,3200,1,13,VOLKSWAGEN GOLF,5,E01001099,0,-1
2020200984396,2020,200984396,1,9,0,18,19,5,2,0,0,4,0,0,0,0,1,1,6,6,2,34,6,1598,2,5,VOLKSWAGEN GOLF,1,E01010440,0,-1
202063A041820,2020,63A041820,2,9,0,10,10,5,2,0,0,1,0,0,0,0,2,1,2,2,2,46,8,1598,2,6,VOLKSWAGEN GOLF,8,W01000624,0,-1
2020460926898,2020,460926898,1,9,0,18,19,1,5,0,0,0,5,0,1,9,4,1,6,6,1,33,6,1896,2,15,VOLKSWAGEN GOLF,7,E01024538,0,-1
2020400991178,2020,400991178,1,9,0,5,5,1,7,0,0,2,0,0,3,0,1,1,6,6,1,17,4,2000,1,15,VOLKSWAGEN GOLF,-1,-1,0,-1
2020400971907,2020,400971907,1,9,0,9,9,1,7,0,0,8,0,0,0,0,4,1,5,6,1,-1,-1,1598,2,5,VOLKSWAGEN GOLF,4,E01015782,0,-1
2020522004645,2020,522004645,2,9,0,12,12,1,5,0,0,8,0,0,0,0,4,1,6,6,1,-1,-1,1984,1,5,VOLKSWAGEN GOLF,-1,-1,0,-1
2020400989547,2020,400989547,1,9,0,9,9,1,5,0,0,8,0,0,0,0,4,1,6,6,1,19,4,1390,1,16,VOLKSWAGEN GOLF,1,E01017471,0,-1