collision_index,collision_year,collision_ref_no,vehicle_reference,vehicle_type,towing_and_articulation,vehicle_manoeuvre_historic,vehicle_manoeuvre,vehicle_direction_from,vehicle_direction_to,vehicle_location_restricted_lane_historic,vehicle_location_restricted_lane,junction_location,skidding_and_overturning,hit_object_in_carriageway,vehicle_leaving_carriageway,hit_object_off_carriageway,first_point_of_impact,vehicle_left_hand_drive,journey_purpose_of_driver_historic,journey_purpose_of_driver,sex_of_driver,age_of_driver,age_band_of_driver,engine_capacity_cc,propulsion_code,age_of_vehicle,generic_make_model,driver_imd_decile,lsoa_of_driver,escooter_flag,driver_distance_banding
2020010279857,2020,010279857,2,9,0,3,3,7,3,0,0,1,0,0,0,0,1,1,6,6,1,19,4,1197,1,5,VOLKSWAGEN GOLF,4,E01002583,0,-1
2020450936121,2020,450936121,3,9,0,4,4,1,3,0,0,0,0,0,0,0,1,1,6,6,2,25,5,1598,2,7,VOLKSWAGEN GOLF,-1,-1,0,-1
2020070622857,2020,070622857,1,9,0,18,19,3,7,0,0,6,0,0,0,0,4,1,6,6,1,67,10,1900,2,21,VOLKSWAGEN GOLF,-1,-1,0,-1
20201375K1564,2020,1375K1564,1,9,0,18,19,4,8,0,0,1,0,0,0,0,1,1,6,6,1,-1,-1,1968,2,13,VOLKSWAGEN GOLF,-1,-1,0,-1
2020302001698,2020,302001698,1,9,0,2,2,0,0,0,0,0,0,0,0,0,2,1,6,6,1,35,6,1968,2,11,VOLKSWAGEN GOLF,1,E01013573,0,-1
2020990915011,2020,990915011,1,9,0,16,19,8,4,0,0,1,0,0,0,0,1,1,6,6,1,20,4,1968,2,12,VOLKSWAGEN GOLF,1,-1,0,-1
2020010232242,2020,010232242,1,9,0,99,99,9,9,99,99,0,9,99,9,99,1,9,6,6,1,33,6,1968,2,9,VOLKSWAGEN GOLF,2,E01015601,0,-1
2020040977166,2020,040977166,1,9,0,11,11,3,7,0,0,0,1,0,0,0,4,1,2,2,1,21,5,1968,2,9,VOLKSWAGEN GOLF,1,E01012574,0,-1
2020010244058,2020,010244058,1,9,0,99,99,9,9,99,99,1,9,99,9,99,2,9,6,6,1,27,6,2000,1,11,VOLKSWAGEN GOLF,1,E01003590,0,-1
2020320074202,2020,320074202,2,9,0,18,19,1,5,0,0,1,0,0,0,0,1,1,6,6,3,-1,-1,1896,2,13,VOLKSWAGEN GOLF,-1,-1,0,-1
20201372M1275,2020,1372M1275,1,9,0,9,9,5,3,0,0,8,0,0,0,0,1,1,6,6,1,25,5,1984,1,6,VOLKSWAGEN GOLF,-1,-1,0,-1
2020990975896,2020,990975896,1,9,0,4,4,6,2,0,0,0,0,0,0,0,2,1,5,6,2,40,7,1598,2,6,VOLKSWAGEN GOLF,-1,-1,0,-1
2020137AM0651,2020,137AM0651,1,9,0,9,9,4,2,0,0,0,0,0,0,0,1,1,6,6,3,-1,-1,2000,2,14,VOLKSWAGEN GOLF,-1,-1,0,-1
2020440462334,2020,440462334,1,9,0,18,19,6,2,0,0,2,0,4,0,3,1,1,6,6,1,24,5,1968,2,6,VOLKSWAGEN GOLF,3,E01023145,0,-1
2020430076969,2020,430076969,2,9,0,16,19,2,7,0,0,0,0,0,0,0,1,1,6,6,2,36,7,1598,2,10,VOLKSWAGEN GOLF,7,E01028713,0,-1
2020370953230,2020,370953230,1,9,0,9,9,7,5,0,0,0,0,0,0,0,1,1,5,6,2,68,10,1896,2,13,VOLKSWAGEN GOLF,4,E01030208,0,-1
2020200988397,2020,200988397,1,9,0,18,19,4,8,0,0,1,0,0,0,0,1,1,6,6,1,-1,-1,1598,2,9,VOLKSWAGEN GOLF,-1,-1,0,-1
2020552000801,2020,552000801,2,9,0,10,10,2,5,0,0,1,0,0,0,0,2,1,6,6,2,24,5,1598,2,4,VOLKSWAGEN GOLF,6,E01020462,0,-1
2020010249969,2020,010249969,1,9,0,4,4,1,5,7,6,2,0,0,0,0,4,1,6,6,1,36,7,1598,2,1,VOLKSWAGEN GOLF,8,E01017688,0,-1
2020200994575,2020,200994575,2,9,0,18,19,2,6,0,0,0,2,7,0,0,1,1,6,6,1,31,6,1984,1,1,VOLKSWAGEN GOLF,1,E01009377,0,-1
2020350951414,2020,350951414,1,9,0,4,4,8,5,0,0,1,0,0,0,0,1,1,5,6,1,28,6,1896,2,18,VOLKSWAGEN GOLF,9,E01018254,0,-1
2020430342787,2020,430342787,10,9,0,18,19,7,3,0,0,0,0,0,0,0,-1,1,6,6,1,36,7,1498,1,3,VOLKSWAGEN GOLF,3,E01003180,0,-1
2020371011176,2020,371011176,1,9,0,18,19,7,2,0,0,1,0,0,0,0,3,1,5,6,1,89,11,1498,1,2,VOLKSWAGEN GOLF,7,E01030153,0,-1
2020030973778,2020,030973778,1,9,0,9,9,1,7,0,0,5,0,0,0,0,1,1,5,6,2,19,4,1598,2,10,VOLKSWAGEN GOLF,3,E01019221,0,-1
2020010256233,2020,010256233,1,9,0,99,99,9,9,0,0,4,9,99,9,99,2,9,6,6,2,35,6,1896,2,12,VOLKSWAGEN GOLF,10,E01021242,0,-1
2020400987912,2020,400987912,1,9,0,11,11,7,3,0,0,0,0,0,0,0,1,1,6,6,1,22,5,1197,1,7,VOLKSWAGEN GOLF,-1,-1,0,-1
2020430296720,2020,430296720,1,9,0,1,1,3,7,0,0,0,0,0,0,0,2,1,6,6,1,83,11,1390,1,11,VOLKSWAGEN GOLF,-1,-1,0,-1
2020500967407,2020,500967407,1,9,0,18,19,8,4,0,0,0,0,0,0,0,1,1,5,6,1,43,7,1900,2,14,VOLKSWAGEN GOLF,1,E01018878,0,-1
20201379L1054,2020,1379L1054,2,9,0,18,19,3,7,0,0,1,0,0,0,0,3,1,6,6,1,26,6,1900,2,15,VOLKSWAGEN GOLF,4,E01011319,0,-1
2020340S01282,2020,340S01282,1,9,0,18,19,5,1,0,0,0,0,0,0,0,3,1,2,2,1,55,8,1900,2,15,VOLKSWAGEN GOLF,7,E01027279,0,-1
2020401001386,2020,401001386,2,9,0,9,9,5,1,0,0,2,0,0,0,0,3,1,6,6,1,27,6,1598,1,19,VOLKSWAGEN GOLF,3,E01023920,0,-1
2020360986339,2020,360986339,1,9,0,7,7,3,7,0,0,0,2,0,2,0,0,1,5,6,1,20,4,1598,1,15,VOLKSWAGEN GOLF,1,E01026827,0,-1
2020471004022,2020,471004022,2,9,0,9,9,4,1,0,0,8,0,0,0,0,1,1,5,6,1,70,10,1968,2,5,VOLKSWAGEN GOLF,10,E01022625,0,-1
2020460957393,2020,460957393,1,9,0,16,19,4,6,0,0,0,2,0,1,10,1,1,5,6,2,25,5,1598,2,5,VOLKSWAGEN GOLF,2,E01024249,0,-1
2020460980025,2020,460980025,1,9,0,18,19,3,7,0,0,0,0,4,0,0,1,1,5,6,1,23,5,1984,1,13,VOLKSWAGEN GOLF,7,E01024636,0,-1
2020137AU1745,2020,137AU1745,2,9,0,18,19,7,3,0,0,0,0,0,0,0,2,1,6,6,1,54,8,1390,1,12,VOLKSWAGEN GOLF,2,E01011020,0,-1
2020010256847,2020,010256847,1,9,0,99,99,9,9,99,99,0,9,99,9,99,2,9,6,6,1,40,7,1390,1,10,VOLKSWAGEN GOLF,2,E01003196,0,-1
2020470999279,2020,470999279,1,9,0,4,4,7,3,0,0,0,0,0,0,0,1,1,5,6,1,21,5,1984,1,2,VOLKSWAGEN GOLF,4,E01016359,0,-1
2020010248578,2020,010248578,1,9,0,18,19,7,3,0,0,2,0,0,0,0,1,1,6,6,1,20,4,1390,1,14,VOLKSWAGEN GOLF,4,E01021844,0,-1
2020141000050,2020,141000050,4,9,0,2,2,0,0,0,0,1,0,4,0,0,4,1,6,6,1,29,6,1395,1,5,VOLKSWAGEN GOLF,2,E01019796,0,-1
2020440367389,2020,440367389,2,9,0,13,13,1,5,0,0,0,0,0,0,0,4,1,6,6,1,41,7,1600,2,11,VOLKSWAGEN GOLF,1,E01017036,0,-1
2020010232823,2020,010232823,1,9,0,99,99,9,9,99,99,9,9,99,9,99,2,9,6,6,1,39,7,1781,1,18,VOLKSWAGEN GOLF,7,E01002182,0,-1
2020552000352,2020,552000352,1,9,0,5,5,5,1,0,0,1,0,0,0,0,3,1,2,2,1,28,6,1498,1,1,VOLKSWAGEN GOLF,2,E01000729,0,-1
2020010287825,2020,010287825,1,9,0,99,99,9,9,99,99,9,9,99,9,99,9,9,6,6,2,38,7,1896,2,12,VOLKSWAGEN GOLF,2,E01003297,0,-1
2020010252539,2020,010252539,1,9,0,18,19,1,5,0,0,2,0,0,0,0,4,1,6,6,1,19,4,1498,1,0,VOLKSWAGEN GOLF,2,E01000291,0,-1
2020140961040,2020,140961040,2,9,0,18,19,2,6,0,0,1,0,4,0,0,1,1,5,6,1,22,5,1968,2,6,VOLKSWAGEN GOLF,2,E01007697,0,-1
2020500973348,2020,500973348,2,9,0,18,19,4,8,0,0,0,0,0,0,0,3,1,5,6,1,59,9,1395,1,3,VOLKSWAGEN GOLF,5,E01019060,0,-1
2020461001613,2020,461001613,1,9,0,5,5,3,5,0,0,6,0,0,0,0,3,1,2,2,2,21,5,1598,1,14,VOLKSWAGEN GOLF,7,E01024793,0,-1
2020010252395,2020,010252395,1,9,0,8,8,5,8,0,0,6,0,0,0,0,4,1,1,1,1,37,7,1598,1,14,VOLKSWAGEN GOLF,2,E01002763,0,-1
202006N277906,2020,06N277906,1,9,0,13,13,6,2,0,0,1,0,0,0,0,1,1,6,6,1,21,5,1968,2,6,VOLKSWAGEN GOLF,1,E01004958,0,-1
20201373B1258,2020,1373B1258,1,9,0,18,19,3,7,0,0,0,0,0,0,0,1,1,6,6,1,-1,-1,1968,2,3,VOLKSWAGEN GOLF,-1,-1,0,-1
2020010259070,2020,010259070,1,9,0,2,2,0,0,0,0,1,0,0,0,0,1,1,6,6,3,-1,-1,1598,1,17,VOLKSWAGEN GOLF,-1,-1,0,-1
2020010285135,2020,010285135,1,9,0,18,19,5,1,0,0,0,0,0,0,0,1,1,6,6,1,41,7,2000,2,13,VOLKSWAGEN GOLF,4,E01001329,0,-1
2020040984684,2020,040984684,2,9,0,18,19,5,1,0,0,1,0,0,0,0,1,1,5,6,1,76,11,999,1,2,VOLKSWAGEN GOLF,4,E01025588,0,-1
2020211026700,2020,211026700,1,9,0,4,4,5,1,0,0,0,0,0,0,0,2,1,6,6,2,50,8,1498,1,2,VOLKSWAGEN GOLF,9,E01006597,0,-1
2020350936805,2020,350936805,2,9,0,18,19,8,4,0,0,0,0,0,0,0,1,1,2,2,2,32,6,1498,1,1,VOLKSWAGEN GOLF,6,E01033121,0,-1
2020137711354,2020,137711354,2,9,0,7,7,5,1,0,0,1,0,0,0,0,1,1,2,2,1,30,6,2000,2,14,VOLKSWAGEN GOLF,1,E01010748,0,-1
2020350977946,2020,350977946,2,9,0,18,19,8,4,0,0,8,0,0,7,9,1,1,6,6,1,54,8,1896,2,19,VOLKSWAGEN GOLF,6,E01017962,0,-1
20201379O1385,2020,1379O1385,3,9,0,2,2,0,0,0,0,0,0,0,0,0,3,1,6,6,3,-1,-1,1968,2,13,VOLKSWAGEN GOLF,-1,-1,0,-1
2020470987970,2020,470987970,3,9,0,18,19,3,7,0,0,1,0,0,2,0,4,1,1,1,1,47,8,1498,1,0,VOLKSWAGEN GOLF,9,E01021153,0,-1
2020420934546,2020,420934546,1,9,0,18,19,7,3,0,0,0,0,0,0,0,1,1,2,2,1,35,6,1498,1,1,VOLKSWAGEN GOLF,-1,-1,0,-1
2020622000591,2020,622000591,1,9,0,9,9,1,8,0,0,6,0,0,0,0,4,1,2,2,1,23,5,1600,2,11,VOLKSWAGEN GOLF,5,W01001101,0,-1
2020040964085,2020,040964085,2,9,0,18,19,3,4,0,0,4,0,0,0,0,1,1,5,6,1,71,10,1598,1,15,VOLKSWAGEN GOLF,2,E01012600,0,-1
2020040921813,2020,040921813,1,9,0,18,19,3,7,0,0,0,0,0,0,0,4,1,6,6,1,38,7,1968,2,7,VOLKSWAGEN GOLF,1,E01033231,0,-1
2020040961906,2020,040961906,2,9,0,1,1,0,5,0,0,0,0,4,0,0,2,2,6,6,1,24,5,1984,1,3,VOLKSWAGEN GOLF,5,E01025431,0,-1
2020622001010,2020,622001010,7,9,0,2,2,0,0,0,0,0,0,0,0,0,2,1,6,6,3,-1,-1,1598,2,7,VOLKSWAGEN GOLF,-1,-1,0,-1
2020010278033,2020,010278033,5,9,0,18,19,5,1,0,0,8,0,10,0,0,3,1,6,6,1,50,8,1598,2,8,VOLKSWAGEN GOLF,8,E01021801,0,-1
2020230942796,2020,230942796,2,9,0,4,4,6,2,0,0,1,0,0,0,0,2,1,2,2,1,43,7,1968,2,5,VOLKSWAGEN GOLF,4,E01029502,0,-1
2020421008435,2020,421008435,2,9,0,16,19,6,2,0,0,0,0,0,0,0,3,1,5,6,1,26,6,1896,2,16,VOLKSWAGEN GOLF,9,E01021951,0,-1
2020552000251,2020,552000251,1,9,0,17,19,6,4,0,0,0,1,0,0,0,1,1,6,6,1,36,7,1968,2,13,VOLKSWAGEN GOLF,6,E01029180,0,-1
2020041008553,2020,041008553,1,9,0,17,19,4,8,0,0,0,0,10,2,9,1,1,5,6,1,33,6,1498,1,1,VOLKSWAGEN GOLF,-1,-1,0,-1
2020140986172,2020,140986172,1,9,0,18,19,2,6,0,0,1,0,0,0,0,4,1,6,6,1,26,6,1498,1,0,VOLKSWAGEN GOLF,2,E01007651,0,-1
202031C059320,2020,31C059320,2,9,0,9,9,6,4,0,0,6,0,0,0,0,4,1,6,6,1,27,6,1390,1,12,VOLKSWAGEN GOLF,3,E01026323,0,-1
2020201014511,2020,201014511,1,9,0,18,19,1,5,0,0,1,0,0,0,0,1,1,6,6,1,32,6,1968,2,10,VOLKSWAGEN GOLF,6,E01009467,0,-1
2020201021116,2020,201021116,2,9,0,8,8,6,8,0,0,1,0,0,0,0,2,1,6,6,1,47,8,2000,1,10,VOLKSWAGEN GOLF,3,E01009138,0,-1
2020200990529,2020,200990529,1,9,0,9,9,4,1,0,0,8,1,0,0,0,4,1,6,6,1,27,6,2000,1,15,VOLKSWAGEN GOLF,2,E01009342,0,-1
2020500946882,2020,500946882,2,9,0,4,4,3,7,0,0,0,0,0,0,0,2,1,2,2,2,39,7,1598,2,4,VOLKSWAGEN GOLF,7,E01018789,0,-1
2020010231061,2020,010231061,1,9,0,5,5,4,8,0,0,1,0,0,0,0,3,1,3,7,2,37,7,1598,2,10,VOLKSWAGEN GOLF,3,E01004344,0,-1
202006A272845,2020,06A272845,1,9,0,3,3,8,4,0,0,1,0,0,0,0,1,1,6,6,1,30,6,1595,1,14,VOLKSWAGEN GOLF,-1,-1,0,-1
2020137C10214,2020,137C10214,1,8,0,18,19,5,1,0,0,8,1,0,0,0,1,1,1,1,1,61,9,1598,2,10,VOLKSWAGEN GOLF,1,E01011143,0,-1
2020010254563,2020,010254563,1,9,5,3,3,5,1,0,0,5,0,4,0,0,0,1,1,1,1,34,6,1900,2,14,VOLKSWAGEN GOLF,9,E01018008,0,-1
2020552000138,2020,552000138,1,9,0,18,19,4,8,0,0,0,5,4,2,11,1,1,6,6,1,26,6,1598,1,14,VOLKSWAGEN GOLF,5,E01015375,0,-1
2020140944299,2020,140944299,2,9,0,7,7,1,4,0,0,8,0,0,0,0,3,1,5,6,2,18,4,1498,1,1,VOLKSWAGEN GOLF,3,E01007546,0,-1
2020031028783,2020,031028783,1,9,0,1,1,7,3,0,0,0,0,0,0,0,2,1,6,6,1,32,6,1968,2,2,VOLKSWAGEN GOLF,2,E01006862,0,-1
2020010298471,2020,010298471,2,9,0,5,5,1,5,0,0,1,0,4,0,0,1,1,6,6,1,41,7,1900,2,13,VOLKSWAGEN GOLF,-1,-1,0,-1
2020170M10950,2020,170M10950,1,9,0,18,19,4,8,0,0,8,0,0,0,0,3,1,6,6,3,-1,-1,1598,1,13,VOLKSWAGEN GOLF,-1,-1,0,-1
2020010261736,2020,010261736,1,9,0,99,99,9,9,99,99,9,9,99,9,99,1,9,6,6,1,39,7,1395,1,4,VOLKSWAGEN GOLF,5,E01000589,0,-1
202006G277600,2020,06G277600,1,9,0,18,19,2,6,0,0,0,0,0,0,0,1,1,6,6,1,33,6,1968,2,5,VOLKSWAGEN GOLF,1,E01005257,0,-1
2020220956056,2020,220956056,2,9,0,4,4,3,7,0,0,0,0,0,0,0,2,1,5,6,2,23,5,1598,2,7,VOLKSWAGEN GOLF,6,E01032466,0,-1
2020430311369,2020,430311369,1,9,0,9,9,5,3,0,0,6,0,0,0,0,3,1,6,6,1,-1,-1,1595,1,16,VOLKSWAGEN GOLF,-1,-1,0,-1
2020040972716,2020,040972716,2,9,0,9,9,7,3,0,0,0,0,0,0,0,3,1,2,2,1,20,4,1390,1,14,VOLKSWAGEN GOLF,7,E01025014,0,-1
2020622000586,2020,622000586,4,9,0,2,2,0,0,0,0,0,0,0,0,0,2,1,6,6,3,-1,-1,1896,2,17,VOLKSWAGEN GOLF,-1,-1,0,-1
2020440027064,2020,440027064,1,9,0,9,9,3,1,0,0,2,0,0,0,0,3,1,2,2,1,40,7,2000,2,15,VOLKSWAGEN GOLF,2,E01017155,0,-1
2020200940864,2020,200940864,1,9,0,18,19,4,8,0,0,0,0,10,1,2,1,1,6,6,1,22,5,1395,1,5,VOLKSWAGEN GOLF,7,E01010498,0,-1
2020100970512,2020,100970512,2,9,0,18,19,7,3,0,0,0,0,0,0,0,1,1,6,6,1,49,8,1968,2,5,VOLKSWAGEN GOLF,10,E01027494,0,-1
2020010252623,2020,010252623,2,9,0,99,99,9,9,99,99,9,9,99,9,99,9,9,6,6,3,-1,-1,1598,2,4,VOLKSWAGEN GOLF,-1,-1,0,-1
2020450996012,2020,450996012,1,9,0,3,3,1,3,0,0,2,0,0,0,0,3,1,6,6,2,34,6,1598,1,13,VOLKSWAGEN GOLF,10,E01030439,0,-1
2020010237342,2020,010237342,2,9,0,9,9,7,5,0,0,1,0,0,0,0,3,1,6,6,1,23,5,1498,1,1,VOLKSWAGEN GOLF,6,E01003707,0,-1
2020010242097,2020,010242097,1,9,0,7,7,4,7,0,0,8,0,0,0,0,4,1,6,6,1,52,8,1390,1,19,VOLKSWAGEN GOLF,4,E01004551,0,-1
2020430172600,2020,430172600,1,8,0,18,19,7,3,0,0,7,0,0,7,0,1,1,6,6,2,66,10,1498,1,2,VOLKSWAGEN GOLF,3,E01028552,0,-1
2020010231631,2020,010231631,2,9,0,99,99,9,9,99,99,9,9,99,9,99,1,9,6,6,3,-1,-1,1600,1,16,VOLKSWAGEN GOLF,-1,-1,0,-1
2020010273719,2020,010273719,3,9,0,99,99,9,9,99,99,9,9,99,9,99,9,9,6,6,3,-1,-1,1598,1,15,VOLKSWAGEN GOLF,-1,-1,0,-1
2020990933969,2020,990933969,2,9,0,18,19,3,7,0,0,8,0,0,1,0,3,1,5,6,2,39,7,1968,2,12,VOLKSWAGEN GOLF,6,-1,0,-1
2020470948195,2020,470948195,2,9,0,18,19,7,3,0,0,1,0,0,0,0,1,1,6,6,1,25,5,1968,2,9,VOLKSWAGEN GOLF,3,E01016869,0,-1
2020470917098,2020,470917098,1,9,0,18,19,1,5,0,0,1,1,4,0,0,1,1,5,6,2,25,5,1984,1,16,VOLKSWAGEN GOLF,9,E01031793,0,-1
2020010251261,2020,010251261,2,9,0,99,99,9,9,0,0,1,9,0,0,99,9,9,6,6,2,-1,-1,1598,1,14,VOLKSWAGEN GOLF,3,E01004432,0,-1
2020140967621,2020,140967621,2,9,0,5,5,2,8,0,0,8,0,0,0,0,3,1,6,6,2,33,6,1598,2,6,VOLKSWAGEN GOLF,1,E01007317,0,-1
2020030924031,2020,030924031,4,9,0,18,19,3,7,0,0,0,0,0,0,0,2,1,6,6,2,48,8,1598,2,5,VOLKSWAGEN GOLF,7,E01025130,0,-1
2020440092952,2020,440092952,1,9,0,7,7,1,3,0,0,2,0,0,0,0,1,1,6,6,1,17,4,1390,1,13,VOLKSWAGEN GOLF,9,E01030904,0,-1
2020430081148,2020,430081148,1,9,0,9,9,5,3,0,0,5,0,0,0,0,3,1,3,7,2,47,8,1598,2,7,VOLKSWAGEN GOLF,-1,-1,0,-1
2020010304753,2020,010304753,2,9,0,99,99,9,9,0,0,9,9,99,9,99,1,9,6,6,3,-1,-1,1598,2,8,VOLKSWAGEN GOLF,-1,-1,0,-1
2020101009750,2020,101009750,1,9,0,7,7,4,8,0,0,1,0,0,0,0,1,1,6,6,2,29,6,999,1,2,VOLKSWAGEN GOLF,2,E01008847,0,-1
2020140993171,2020,140993171,2,9,0,18,19,7,3,0,0,8,0,0,0,0,1,1,6,6,1,49,8,-1,3,1,VOLKSWAGEN GOLF,8,E01007918,0,-1
2020540502220,2020,540502220,1,9,0,18,19,2,5,0,0,4,0,0,0,0,1,1,6,6,1,34,6,1968,2,15,VOLKSWAGEN GOLF,4,E01031652,0,-1
2020041015092,2020,041015092,1,9,0,10,10,4,6,0,0,8,0,0,0,0,1,1,5,6,1,21,5,1984,1,15,VOLKSWAGEN GOLF,2,E01025274,0,-1
2020122001146,2020,122001146,1,9,0,2,2,0,0,0,0,1,0,0,0,0,2,1,6,6,2,26,6,1598,2,8,VOLKSWAGEN GOLF,6,E01013383,0,-1
202006A275566,2020,06A275566,1,9,0,18,19,3,7,0,0,1,0,0,0,0,4,1,6,6,1,30,6,1968,2,9,VOLKSWAGEN GOLF,-1,-1,0,-1
2020040978225,2020,040978225,1,9,0,9,9,4,8,0,0,0,0,0,0,0,1,1,6,6,2,27,6,1390,1,11,VOLKSWAGEN GOLF,6,E01025114,0,-1
2020010234769,2020,010234769,2,9,0,99,99,9,9,99,99,0,9,99,9,99,1,9,6,6,3,-1,-1,2000,2,13,VOLKSWAGEN GOLF,-1,-1,0,-1
2020040951651,2020,040951651,2,9,0,9,9,2,8,0,0,8,0,0,0,0,1,1,6,6,1,20,4,1598,2,7,VOLKSWAGEN GOLF,1,E01025067,0,-1
2020302001222,2020,302001222,1,9,0,18,19,2,6,0,0,0,0,0,7,4,1,1,6,6,1,35,6,1968,2,5,VOLKSWAGEN GOLF,9,E01013544,0,-1
2020302000413,2020,302000413,1,9,0,5,5,4,8,0,0,1,0,0,0,0,3,1,6,6,1,-1,-1,1598,2,10,VOLKSWAGEN GOLF,1,E01013568,0,-1
2020360942741,2020,360942741,2,9,0,18,19,1,5,0,0,0,0,0,0,0,1,1,6,6,1,69,10,1390,1,9,VOLKSWAGEN GOLF,3,E01026596,0,-1
2020137CT0659,2020,137CT0659,2,9,0,18,19,1,5,0,0,1,0,0,0,0,4,1,6,6,2,23,5,1390,1,13,VOLKSWAGEN GOLF,1,E01010845,0,-1
2020010284686,2020,010284686,1,9,0,18,19,1,5,2,2,1,0,0,1,0,1,1,6,6,1,29,6,1968,2,11,VOLKSWAGEN GOLF,3,E01001326,0,-1
2020610034420,2020,610034420,1,9,0,18,19,7,3,0,0,0,0,11,0,0,1,1,6,6,1,48,8,1968,2,13,VOLKSWAGEN GOLF,2,W01001447,0,-1
2020052000369,2020,052000369,1,8,0,3,3,3,7,0,0,0,0,0,0,0,2,1,1,1,1,48,8,1896,2,11,VOLKSWAGEN GOLF,1,E01006690,0,-1
2020552000944,2020,552000944,1,9,0,13,13,5,1,0,0,0,0,0,0,0,4,1,6,6,2,76,11,1968,2,13,VOLKSWAGEN GOLF,10,E01015400,0,-1
2020110950363,2020,110950363,1,9,0,18,19,5,1,0,0,1,0,0,0,0,1,1,6,6,3,30,6,1968,2,12,VOLKSWAGEN GOLF,-1,-1,0,-1
2020500938898,2020,500938898,3,9,0,13,13,6,3,0,0,0,0,0,0,0,4,1,2,2,1,36,7,1896,2,18,VOLKSWAGEN GOLF,3,E01019052,0,-1
2020010246952,2020,010246952,2,9,9,99,99,9,9,99,99,9,9,99,0,0,9,9,6,6,1,-1,-1,1984,1,13,VOLKSWAGEN GOLF,-1,-1,0,-1
2020010284108,2020,010284108,1,9,0,18,19,1,5,0,0,2,0,10,0,0,1,1,6,6,1,20,4,1984,1,0,VOLKSWAGEN GOLF,-1,-1,0,-1
2020010257743,2020,010257743,2,9,0,99,99,9,9,99,99,0,9,99,9,99,9,9,6,6,3,35,6,1598,2,8,VOLKSWAGEN GOLF,3,E01001109,0,-1
2020200990485,2020,200990485,1,9,0,9,9,8,6,0,0,5,0,0,0,0,1,1,5,6,2,29,6,1598,2,9,VOLKSWAGEN GOLF,3,E01009928,0,-1
2020200933189,2020,200933189,1,9,0,11,11,8,4,0,0,1,0,0,0,0,1,1,2,2,1,41,7,1390,1,15,VOLKSWAGEN GOLF,8,E01009794,0,-1
2020140921314,2020,140921314,1,9,0,5,5,6,2,0,0,4,0,0,1,0,1,1,5,6,2,19,4,1600,2,11,VOLKSWAGEN GOLF,6,E01007319,0,-1
2020201014381,2020,201014381,2,9,0,10,10,2,8,0,0,8,0,0,0,0,2,1,6,6,3,21,5,1598,2,7,VOLKSWAGEN GOLF,2,E01008964,0,-1
2020302001376,2020,302001376,1,9,0,16,19,2,6,0,0,0,0,0,0,0,1,1,6,6,2,32,6,1598,2,7,VOLKSWAGEN GOLF,6,E01019748,0,-1
2020010231970,2020,010231970,1,9,0,18,19,5,1,0,0,1,0,0,0,0,3,1,1,1,2,19,4,1968,2,7,VOLKSWAGEN GOLF,-1,-1,0,-1
2020122000220,2020,122000220,1,9,0,6,6,5,5,0,0,0,0,0,0,0,3,1,2,2,1,49,8,-1,3,1,VOLKSWAGEN GOLF,-1,-1,0,-1
2020070171771,2020,070171771,2,9,0,9,9,0,0,0,0,8,0,0,0,0,2,1,6,6,1,45,7,1598,1,15,VOLKSWAGEN GOLF,-1,-1,0,-1
202063B008920,2020,63B008920,1,9,0,14,14,8,4,0,0,0,0,0,0,0,4,1,3,7,2,38,7,1968,2,12,VOLKSWAGEN GOLF,9,W01000549,0,-1
2020010284593,2020,010284593,1,9,0,99,99,9,9,99,99,9,9,99,9,99,9,9,6,6,1,58,9,1498,1,0,VOLKSWAGEN GOLF,4,E01002718,0,-1
2020122000324,2020,122000324,4,9,0,4,4,5,1,0,0,0,0,0,0,0,1,1,2,2,2,60,9,1598,2,2,VOLKSWAGEN GOLF,9,E01012226,0,-1
2020990976220,2020,990976220,1,9,0,18,19,4,8,0,0,0,0,0,7,4,1,1,5,6,1,38,7,1900,2,16,VOLKSWAGEN GOLF,4,-1,0,-1
2020500925342,2020,500925342,1,9,0,18,19,1,3,0,0,1,0,0,0,0,3,1,2,2,1,31,6,1896,2,18,VOLKSWAGEN GOLF,4,E01020334,0,-1
2020990962149,2020,990962149,2,9,0,18,19,3,7,0,0,1,0,0,0,0,1,1,5,6,2,24,5,2000,2,16,VOLKSWAGEN GOLF,3,-1,0,-1
2020420939955,2020,420939955,1,9,0,3,3,3,7,0,0,0,0,0,0,0,2,1,5,6,2,64,9,1968,2,11,VOLKSWAGEN GOLF,-1,-1,0,-1
2020010280968,2020,010280968,1,9,0,9,9,3,1,9,9,6,0,0,0,0,1,1,1,1,2,26,6,999,1,1,VOLKSWAGEN GOLF,7,E01026053,0,-1
2020201010468,2020,201010468,1,9,0,18,19,2,6,0,0,8,0,0,0,0,1,1,6,6,1,22,5,1395,1,3,VOLKSWAGEN GOLF,1,E01008910,0,-1
2020991002964,2020,991002964,1,9,0,16,19,3,7,0,0,0,1,0,4,6,1,1,2,2,1,34,6,1390,1,15,VOLKSWAGEN GOLF,7,-1,0,-1
2020210940328,2020,210940328,1,9,0,18,19,2,6,0,0,0,0,0,0,0,1,1,2,2,1,22,5,1598,2,6,VOLKSWAGEN GOLF,3,E01029408,0,-1
2020420988861,2020,420988861,1,9,0,18,19,6,2,0,0,0,0,0,0,0,1,1,5,6,1,45,7,1498,1,0,VOLKSWAGEN GOLF,7,E01002268,0,-1
2020500980896,2020,500980896,2,9,0,17,19,8,1,0,0,0,0,0,0,0,1,1,5,6,2,66,10,1395,1,3,VOLKSWAGEN GOLF,4,E01020337,0,-1
2020440071576,2020,440071576,1,9,0,18,19,2,6,0,0,8,0,0,0,0,4,1,6,6,1,54,8,1896,2,18,VOLKSWAGEN GOLF,9,E01022922,0,-1
2020320255333,2020,320255333,1,9,0,18,19,5,1,0,0,3,0,0,0,0,1,1,2,2,2,42,7,1600,1,16,VOLKSWAGEN GOLF,6,E01026348,0,-1