collision_index,collision_year,collision_ref_no,vehicle_reference,vehicle_type,towing_and_articulation,vehicle_manoeuvre_historic,vehicle_manoeuvre,vehicle_direction_from,vehicle_direction_to,vehicle_location_restricted_lane_historic,vehicle_location_restricted_lane,junction_location,skidding_and_overturning,hit_object_in_carriageway,vehicle_leaving_carriageway,hit_object_off_carriageway,first_point_of_impact,vehicle_left_hand_drive,journey_purpose_of_driver_historic,journey_purpose_of_driver,sex_of_driver,age_of_driver,age_band_of_driver,engine_capacity_cc,propulsion_code,age_of_vehicle,generic_make_model,driver_imd_decile,lsoa_of_driver,escooter_flag,driver_distance_banding
2020010268016,2020,010268016,1,9,0,99,99,9,9,0,0,9,0,99,0,0,9,9,6,6,3,50,8,1598,2,4,VOLKSWAGEN GOLF,8,E01000342,0,-1
2020470930705,2020,470930705,1,9,0,18,19,3,7,0,0,1,0,0,0,0,1,1,5,6,2,48,8,2000,2,15,VOLKSWAGEN GOLF,10,E01030693,0,-1
2020340K02162,2020,340K02162,1,9,0,18,19,7,3,0,0,3,0,0,0,0,1,1,6,6,1,24,5,1598,2,4,VOLKSWAGEN GOLF,10,E01027121,0,-1
2020100922336,2020,100922336,1,9,0,18,19,3,7,0,0,0,0,0,0,0,1,1,5,6,1,21,5,1598,2,10,VOLKSWAGEN GOLF,2,E01008665,0,-1
2020302000581,2020,302000581,2,9,0,1,1,5,1,0,0,0,0,0,0,0,2,1,6,6,1,26,6,1896,2,11,VOLKSWAGEN GOLF,5,E01013738,0,-1
2020440024286,2020,440024286,1,9,0,16,19,6,2,0,0,0,1,0,6,1,1,1,6,6,1,26,6,1968,2,6,VOLKSWAGEN GOLF,8,E01022532,0,-1
2020220990447,2020,220990447,1,9,0,9,9,6,4,0,0,5,0,0,0,0,1,1,2,2,1,35,6,1984,1,3,VOLKSWAGEN GOLF,6,E01014080,0,-1
2020990976944,2020,990976944,2,9,0,18,19,4,8,0,0,1,0,0,0,0,1,1,5,6,1,46,8,1598,2,9,VOLKSWAGEN GOLF,2,-1,0,-1
2020010231736,2020,010231736,2,9,0,99,99,9,9,99,99,9,9,99,9,99,1,9,6,6,3,-1,-1,1395,1,2,VOLKSWAGEN GOLF,-1,-1,0,-1
2020522004595,2020,522004595,1,9,0,10,10,7,3,0,0,5,0,0,0,0,2,1,6,6,1,56,9,1395,1,3,VOLKSWAGEN GOLF,10,E01014869,0,-1
2020010230094,2020,010230094,2,9,0,2,2,0,0,0,0,0,0,0,0,0,2,1,6,6,3,-1,-1,1498,1,1,VOLKSWAGEN GOLF,-1,-1,0,-1
2020111005790,2020,111005790,1,9,0,4,4,5,1,0,0,4,0,0,0,0,1,1,6,6,1,37,7,1598,2,6,VOLKSWAGEN GOLF,4,E01020715,0,-1
2020501004531,2020,501004531,1,9,0,7,7,3,7,0,0,0,0,0,0,0,1,1,5,6,1,60,9,1896,2,18,VOLKSWAGEN GOLF,4,E01018916,0,-1
2020010242396,2020,010242396,2,9,0,18,19,7,3,0,0,0,0,0,0,0,1,1,6,6,1,60,9,1781,1,19,VOLKSWAGEN GOLF,3,E01004337,0,-1
2020500931152,2020,500931152,1,9,0,6,6,1,5,0,0,0,0,0,0,0,3,1,1,1,1,27,6,1598,2,8,VOLKSWAGEN GOLF,5,E01020224,0,-1
2020530969583,2020,530969583,2,9,0,18,19,5,1,0,0,1,0,0,0,0,4,1,2,2,1,38,7,1598,2,10,VOLKSWAGEN GOLF,10,E01022145,0,-1
2020010270952,2020,010270952,2,9,0,9,9,3,2,0,0,8,0,0,0,0,4,1,6,6,2,23,5,1390,1,10,VOLKSWAGEN GOLF,2,E01004239,0,-1
2020552001191,2020,552001191,1,9,0,18,19,7,3,0,0,8,0,0,0,0,4,1,6,6,1,43,7,-1,3,0,VOLKSWAGEN GOLF,10,E01015404,0,-1
2020010251967,2020,010251967,1,9,0,5,5,1,5,0,0,0,0,0,0,0,3,1,6,6,2,58,9,1390,1,12,VOLKSWAGEN GOLF,5,E01000264,0,-1
2020100998729,2020,100998729,2,9,0,3,3,6,2,0,0,1,0,0,0,0,0,1,6,6,1,25,5,1896,2,18,VOLKSWAGEN GOLF,2,E01008285,0,-1
2020221009196,2020,221009196,1,9,0,17,19,6,3,0,0,0,0,0,1,4,1,1,5,6,2,27,6,1498,1,0,VOLKSWAGEN GOLF,3,E01010422,0,-1
202006A276611,2020,06A276611,1,9,0,18,19,7,3,0,0,1,0,0,0,0,2,1,6,6,1,25,5,1598,2,3,VOLKSWAGEN GOLF,1,E01005328,0,-1
2020111007750,2020,111007750,2,9,0,9,9,3,2,0,0,8,0,0,0,0,4,1,2,2,1,41,7,1900,2,15,VOLKSWAGEN GOLF,-1,-1,0,-1
2020110991261,2020,110991261,1,9,0,11,11,5,1,0,0,1,0,0,0,0,4,1,6,6,1,22,5,2000,1,13,VOLKSWAGEN GOLF,5,E01020740,0,-1
2020541730820,2020,541730820,1,9,0,1,1,7,3,-1,-1,0,0,0,0,0,2,1,6,6,2,54,8,1598,2,9,VOLKSWAGEN GOLF,7,E01015474,0,-1
2020140972879,2020,140972879,2,9,0,18,19,2,5,0,0,2,0,0,0,0,4,1,5,6,2,46,8,1598,2,7,VOLKSWAGEN GOLF,5,W01001717,0,-1
2020360962847,2020,360962847,2,9,0,9,9,4,2,0,0,1,0,0,0,0,4,1,5,6,1,27,6,1896,2,11,VOLKSWAGEN GOLF,7,E01026564,0,-1
2020010250645,2020,010250645,2,9,9,9,9,1,8,0,0,0,9,99,9,99,9,9,6,6,3,-1,-1,1984,1,2,VOLKSWAGEN GOLF,-1,-1,0,-1
2020010250024,2020,010250024,4,9,0,18,19,3,7,0,0,1,0,0,0,0,4,1,6,6,1,35,6,2000,2,13,VOLKSWAGEN GOLF,4,E01003573,0,-1
2020010256038,2020,010256038,2,9,0,99,99,9,9,99,99,9,9,99,9,99,1,9,6,6,3,-1,-1,1598,1,13,VOLKSWAGEN GOLF,-1,-1,0,-1
2020201015381,2020,201015381,1,9,0,4,4,5,1,0,0,0,0,0,-1,0,1,1,6,6,1,54,8,1896,2,18,VOLKSWAGEN GOLF,5,E01009246,0,-1
2020201003129,2020,201003129,1,9,0,18,19,2,6,0,0,4,0,0,0,0,1,1,6,6,1,25,5,1900,2,14,VOLKSWAGEN GOLF,1,E01009364,0,-1
2020500992522,2020,500992522,2,9,0,18,19,6,3,0,0,2,0,0,0,0,3,1,6,6,1,24,5,1598,2,10,VOLKSWAGEN GOLF,5,E01018921,0,-1
2020460979155,2020,460979155,2,9,0,18,19,7,3,0,0,0,0,11,0,0,1,1,5,6,1,81,11,1400,1,11,VOLKSWAGEN GOLF,7,E01024812,0,-1
2020410926111,2020,410926111,1,9,0,18,19,7,3,0,0,0,0,4,0,0,1,1,1,1,1,26,6,1968,2,2,VOLKSWAGEN GOLF,6,E01032462,0,-1
2020450947518,2020,450947518,1,9,0,7,7,1,5,0,0,2,1,0,0,0,1,1,5,6,1,19,4,1390,1,15,VOLKSWAGEN GOLF,9,E01030301,0,-1
2020010262443,2020,010262443,2,9,0,99,99,9,9,99,99,9,9,99,9,99,9,9,6,6,3,-1,-1,1390,1,13,VOLKSWAGEN GOLF,3,E01004022,0,-1
2020010274124,2020,010274124,1,9,0,99,99,9,9,99,99,9,9,99,9,99,9,9,6,6,1,33,6,1197,1,7,VOLKSWAGEN GOLF,4,E01001512,0,-1
2020622000695,2020,622000695,3,9,0,18,19,2,6,0,0,1,0,0,0,0,1,1,6,6,1,30,6,999,1,2,VOLKSWAGEN GOLF,3,W01001045,0,-1
2020010268978,2020,010268978,1,9,0,18,19,3,7,0,0,2,0,0,0,0,1,1,6,6,1,43,7,1968,2,5,VOLKSWAGEN GOLF,8,E01000690,0,-1
202063C003320,2020,63C003320,1,9,0,16,19,6,1,0,0,8,0,0,0,0,1,1,6,6,2,70,10,1390,1,9,VOLKSWAGEN GOLF,3,W01000568,0,-1
2020010237113,2020,010237113,2,9,0,7,7,1,3,0,0,6,0,0,1,0,3,1,6,6,1,22,5,1600,1,16,VOLKSWAGEN GOLF,2,E01004264,0,-1
2020040990713,2020,040990713,1,9,0,18,19,1,5,0,0,1,0,0,1,10,1,1,5,6,1,26,6,1968,2,6,VOLKSWAGEN GOLF,2,E01012579,0,-1
2020010259748,2020,010259748,1,9,0,6,6,3,3,0,0,1,0,0,0,0,1,1,2,2,1,43,7,1598,1,12,VOLKSWAGEN GOLF,2,E01001011,0,-1
2020420940930,2020,420940930,2,9,0,11,11,2,3,0,0,4,0,0,0,0,2,1,6,6,1,25,5,1896,2,13,VOLKSWAGEN GOLF,-1,-1,0,-1
2020010270446,2020,010270446,2,9,0,7,7,5,7,0,0,1,0,0,0,0,4,1,6,6,1,36,7,2000,2,14,VOLKSWAGEN GOLF,4,E01004612,0,-1
2020500987256,2020,500987256,2,9,0,10,10,1,5,0,0,0,0,0,0,0,2,1,5,6,1,59,9,1390,1,8,VOLKSWAGEN GOLF,10,E01014934,0,-1
2020470928614,2020,470928614,1,9,0,9,9,2,8,0,0,6,0,0,1,0,3,1,3,7,2,46,8,1600,1,14,VOLKSWAGEN GOLF,8,E01031613,0,-1
2020461007690,2020,461007690,1,9,0,18,19,5,1,0,0,8,0,0,0,0,3,1,6,6,1,40,7,1498,1,2,VOLKSWAGEN GOLF,2,E01024646,0,-1
2020302000162,2020,302000162,2,9,0,18,19,6,2,0,0,8,0,0,0,0,1,1,6,6,1,26,6,2000,2,16,VOLKSWAGEN GOLF,2,E01027937,0,-1
2020990939766,2020,990939766,2,9,0,18,19,2,6,0,0,0,0,0,0,0,1,1,5,6,1,56,9,1984,1,4,VOLKSWAGEN GOLF,8,-1,0,-1
2020160924635,2020,160924635,1,9,0,13,13,3,6,0,0,0,0,0,0,0,4,1,6,6,1,44,7,1968,2,4,VOLKSWAGEN GOLF,-1,-1,0,-1
2020010268439,2020,010268439,1,9,0,18,19,1,5,0,0,1,0,0,0,0,1,1,6,6,2,28,6,1395,1,3,VOLKSWAGEN GOLF,3,E01004019,0,-1
2020522100068,2020,522100068,1,9,0,18,19,5,1,0,0,8,0,0,0,0,1,1,6,6,1,33,6,1968,2,12,VOLKSWAGEN GOLF,4,E01014448,0,-1
2020200989515,2020,200989515,1,9,0,16,19,2,5,0,0,0,0,0,0,0,1,1,5,6,2,29,6,1968,2,3,VOLKSWAGEN GOLF,1,E01009271,0,-1
2020010242400,2020,010242400,2,9,0,18,19,7,3,0,0,0,1,0,1,0,2,1,6,6,1,33,6,1984,1,3,VOLKSWAGEN GOLF,2,E01003489,0,-1
2020010274238,2020,010274238,4,9,0,18,19,5,1,0,0,0,0,0,0,0,1,1,6,6,1,22,5,1984,1,3,VOLKSWAGEN GOLF,10,E01016182,0,-1
2020010271679,2020,010271679,2,9,0,16,19,7,3,0,0,7,0,0,0,0,1,1,6,6,1,18,4,1390,1,13,VOLKSWAGEN GOLF,4,E01002309,0,-1
2020137161017,2020,137161017,1,9,0,18,19,7,3,0,0,0,0,0,0,0,4,1,6,6,1,-1,-1,2000,2,14,VOLKSWAGEN GOLF,-1,-1,0,-1
2020110957365,2020,110957365,2,9,0,3,3,1,5,0,0,1,0,0,0,0,2,1,6,6,1,38,7,1900,2,15,VOLKSWAGEN GOLF,3,E01020694,0,-1
2020410989578,2020,410989578,1,9,-1,7,7,5,1,-1,-1,1,0,0,-1,0,1,1,6,6,3,-1,-1,1896,2,17,VOLKSWAGEN GOLF,-1,-1,0,-1
2020410986960,2020,410986960,2,9,0,5,5,7,6,0,0,8,0,0,0,0,4,1,2,2,1,23,5,1984,1,3,VOLKSWAGEN GOLF,9,E01023882,0,-1
2020470965555,2020,470965555,1,9,0,7,7,7,5,0,0,0,0,0,0,0,0,1,6,6,2,27,6,1598,1,13,VOLKSWAGEN GOLF,-1,-1,0,-1
2020122000340,2020,122000340,1,9,0,7,7,2,4,0,0,8,0,0,0,0,1,1,6,6,1,73,10,1395,1,5,VOLKSWAGEN GOLF,6,E01027902,0,-1
202031D162420,2020,31D162420,1,9,0,9,9,5,3,0,0,5,0,0,0,0,1,1,6,6,1,69,10,1390,1,11,VOLKSWAGEN GOLF,10,E01028390,0,-1
2020010245958,2020,010245958,1,9,0,99,99,9,9,99,99,0,9,99,9,99,2,1,6,6,1,22,5,1595,1,11,VOLKSWAGEN GOLF,1,E01033585,0,-1
202006A271137,2020,06A271137,1,9,0,18,19,8,4,0,0,1,1,0,7,7,1,1,6,6,1,17,4,1968,2,11,VOLKSWAGEN GOLF,2,E01005233,0,-1
2020220977009,2020,220977009,3,9,0,2,2,0,0,0,0,0,0,0,0,0,3,1,6,6,3,34,6,1900,2,20,VOLKSWAGEN GOLF,-1,-1,0,-1
2020140951658,2020,140951658,1,9,0,18,19,1,5,0,0,8,1,0,1,11,3,1,6,6,1,24,5,2000,2,15,VOLKSWAGEN GOLF,1,E01008008,0,-1
202031C114520,2020,31C114520,1,9,0,9,9,1,7,0,0,5,0,0,0,0,1,1,2,2,1,28,6,1968,2,8,VOLKSWAGEN GOLF,5,E01013840,0,-1
2020010259092,2020,010259092,1,9,0,99,99,9,9,99,99,0,9,99,9,99,2,9,2,2,2,37,7,1598,1,16,VOLKSWAGEN GOLF,6,E01003429,0,-1
2020010235949,2020,010235949,1,9,0,99,99,9,9,99,99,9,9,99,9,99,9,9,6,6,2,56,9,1395,1,4,VOLKSWAGEN GOLF,6,E01003026,0,-1
2020470968326,2020,470968326,1,9,0,9,9,5,3,0,0,1,0,0,0,0,1,1,5,6,2,33,6,1896,2,12,VOLKSWAGEN GOLF,7,E01031597,0,-1
2020010285351,2020,010285351,2,9,0,18,19,5,1,99,99,1,9,99,9,99,1,1,6,6,3,-1,-1,1600,2,10,VOLKSWAGEN GOLF,-1,-1,0,-1
2020220998298,2020,220998298,1,9,0,18,19,2,6,0,0,4,0,0,0,0,1,1,5,6,1,40,7,1968,2,6,VOLKSWAGEN GOLF,1,E01032245,0,-1
2020010286544,2020,010286544,1,9,0,99,99,9,9,99,99,9,9,99,9,99,9,9,6,6,1,18,4,1395,1,7,VOLKSWAGEN GOLF,4,E01004468,0,-1
2020460947271,2020,460947271,1,9,0,18,19,7,3,0,0,6,0,0,0,0,1,1,6,6,1,45,7,1896,2,16,VOLKSWAGEN GOLF,4,E01024377,0,-1
2020440279613,2020,440279613,1,9,0,18,19,1,4,0,0,0,1,4,7,0,1,1,6,6,1,29,6,1498,1,0,VOLKSWAGEN GOLF,1,E01032755,0,-1
2020430082295,2020,430082295,1,9,0,16,19,5,8,0,0,0,1,0,7,4,1,1,2,2,1,27,6,1984,1,4,VOLKSWAGEN GOLF,7,E01027135,0,-1
2020500928708,2020,500928708,1,9,0,5,5,2,6,0,0,1,0,0,0,0,1,1,6,6,2,29,6,1390,1,15,VOLKSWAGEN GOLF,3,E01015240,0,-1
2020010264337,2020,010264337,1,9,0,9,9,7,4,9,9,1,9,0,0,0,1,9,6,6,3,-1,-1,1598,2,3,VOLKSWAGEN GOLF,-1,-1,0,-1
2020010252307,2020,010252307,1,9,0,3,3,1,5,0,0,0,0,0,0,0,2,9,6,6,2,53,8,1390,1,10,VOLKSWAGEN GOLF,3,E01000024,0,-1
2020421000912,2020,421000912,1,9,0,18,19,6,2,0,0,1,0,0,0,0,1,1,5,6,1,37,7,1896,2,15,VOLKSWAGEN GOLF,6,E01021656,0,-1
2020420934203,2020,420934203,1,9,0,7,7,7,3,0,0,0,0,4,0,0,1,1,6,6,1,26,6,2000,1,15,VOLKSWAGEN GOLF,9,E01033614,0,-1
2020350932562,2020,350932562,1,9,0,18,19,8,4,0,0,0,0,0,0,0,4,1,5,6,1,26,6,2000,1,14,VOLKSWAGEN GOLF,4,E01015614,0,-1
2020340N09372,2020,340N09372,2,9,0,3,3,5,1,0,0,0,0,0,0,0,2,1,6,6,1,25,5,1984,1,13,VOLKSWAGEN GOLF,9,E01027018,0,-1
2020411005042,2020,411005042,1,9,0,9,9,3,1,0,0,1,0,0,0,0,1,1,6,6,1,50,8,1598,2,9,VOLKSWAGEN GOLF,5,E01029658,0,-1
2020010250094,2020,010250094,1,9,0,13,13,1,5,9,9,3,5,10,2,10,1,1,6,6,2,32,6,1395,1,4,VOLKSWAGEN GOLF,2,E01002737,0,-1
2020040961049,2020,040961049,2,9,0,18,19,3,7,0,0,6,0,0,0,0,3,1,5,6,1,22,5,1984,1,2,VOLKSWAGEN GOLF,5,E01025604,0,-1
2020200926293,2020,200926293,1,9,0,18,19,4,8,0,0,1,0,0,0,0,1,1,6,6,1,-1,-1,2000,2,16,VOLKSWAGEN GOLF,-1,-1,0,-1
2020230933416,2020,230933416,1,9,0,18,19,1,5,0,0,0,0,0,0,0,1,1,6,6,1,33,6,1598,2,7,VOLKSWAGEN GOLF,5,E01031262,0,-1
2020990978456,2020,990978456,1,9,0,18,19,3,8,0,0,0,0,4,0,0,1,1,6,6,1,21,5,999,1,2,VOLKSWAGEN GOLF,1,-1,0,-1
2020302001062,2020,302001062,1,5,0,18,19,3,7,0,0,0,0,0,0,0,0,1,6,6,1,44,7,652,1,16,-1,1,E01027951,0,-1
2020010240260,2020,010240260,1,5,0,99,99,9,9,99,99,9,9,99,9,99,1,-1,2,2,1,36,7,652,1,18,-1,3,E01001638,0,-1
2020430040788,2020,430040788,2,5,0,18,19,4,8,0,0,3,0,0,0,0,4,1,2,2,1,44,7,652,1,17,-1,7,E01027281,0,-1
2020410981625,2020,410981625,1,5,0,17,19,7,3,0,0,0,0,0,1,0,1,1,2,2,1,45,7,849,1,10,-1,7,E01023506,0,-1
2020010274922,2020,010274922,2,5,0,15,15,3,7,0,0,2,5,0,0,0,1,1,6,6,1,32,6,849,1,12,-1,2,E01003735,0,-1
2020040973204,2020,040973204,1,9,0,16,19,3,7,0,0,0,0,0,0,0,0,1,6,6,1,52,8,3855,1,0,-1,-1,-1,0,-1
2020471001673,2020,471001673,1,9,0,16,19,5,8,0,0,0,5,0,8,10,4,1,5,6,1,19,4,1242,1,16,FIAT PUNTO,4,E01020919,0,-1
2020137B11407,2020,137B11407,1,9,0,18,19,7,3,0,0,8,0,10,1,0,0,1,6,6,2,43,7,1242,1,13,FIAT PUNTO,5,E01033695,0,-1
202031C138120,2020,31C138120,2,9,0,5,5,1,5,0,0,8,0,0,0,0,4,1,6,6,2,34,6,1242,1,16,FIAT PUNTO,2,E01013945,0,-1
202031D169620,2020,31D169620,3,9,0,2,2,0,0,0,0,1,0,0,0,0,2,1,6,6,3,-1,-1,1368,1,10,FIAT PUNTO,-1,-1,0,-1
2020070140821,2020,070140821,2,9,0,18,19,5,1,0,0,8,0,0,0,0,4,1,6,6,1,20,4,1242,1,8,FIAT PUNTO,4,E01007302,0,-1
2020010244309,2020,010244309,2,9,0,99,99,9,9,99,99,9,9,99,9,99,4,9,-1,-1,3,-1,-1,1242,1,18,FIAT PUNTO,-1,-1,0,-1
2020302001118,2020,302001118,3,9,0,18,19,2,6,0,0,0,0,0,0,0,1,1,6,6,1,39,7,1368,1,8,FIAT PUNTO,3,E01013554,0,-1
202006P370204,2020,06P370204,2,9,0,18,19,2,6,0,0,8,0,0,0,0,1,1,6,6,2,59,9,1242,1,16,FIAT PUNTO,2,E01005136,0,-1
2020430413354,2020,430413354,1,9,0,17,19,3,7,0,0,0,0,0,0,0,1,1,6,6,2,78,11,1242,1,5,FIAT PUNTO,8,E01028647,0,-1
202031P129320,2020,31P129320,2,9,0,18,19,5,1,0,0,0,2,0,4,6,1,1,6,6,2,29,6,1368,1,11,FIAT PUNTO,4,E01003118,0,-1
2020170S20010,2020,170S20010,2,9,0,2,2,0,0,0,0,8,0,0,0,0,1,1,6,6,1,58,9,1242,1,13,FIAT PUNTO,7,E01012244,0,-1
2020360998614,2020,360998614,1,9,0,18,19,1,5,0,0,0,1,0,7,11,1,1,5,6,2,18,4,1242,1,12,FIAT PUNTO,4,E01026646,0,-1
202006Q167248,2020,06Q167248,1,9,0,18,19,5,1,0,0,2,0,0,0,0,1,1,2,2,2,36,7,1242,1,9,FIAT PUNTO,2,E01005447,0,-1
2020302000928,2020,302000928,1,9,0,18,19,1,5,0,0,2,0,0,0,0,4,1,6,6,2,33,6,1368,1,10,FIAT PUNTO,-1,-1,0,-1
2020100993219,2020,100993219,1,9,0,18,19,1,5,0,0,4,0,0,0,0,1,1,5,6,1,19,4,1242,1,12,FIAT PUNTO,8,E01008531,0,-1
2020360971979,2020,360971979,1,9,0,16,19,7,3,0,0,0,1,0,2,7,3,1,5,6,1,48,8,1242,1,13,FIAT PUNTO,9,E01026500,0,-1
2020070229472,2020,070229472,2,9,0,18,19,7,3,0,0,8,0,0,0,0,4,1,6,6,1,42,7,1368,1,9,FIAT PUNTO,1,E01012419,0,-1
2020010248294,2020,010248294,1,9,0,5,5,0,3,0,0,2,0,0,0,0,0,1,6,6,1,31,6,1242,1,6,FIAT PUNTO,3,E01004208,0,-1
2020430072445,2020,430072445,1,9,0,9,9,6,4,0,0,6,0,0,1,0,2,1,6,6,1,29,6,1242,1,12,FIAT PUNTO,10,E01016411,0,-1
2020302000092,2020,302000092,1,9,0,18,19,4,8,0,0,6,0,0,0,0,1,1,6,6,3,-1,-1,1242,1,13,FIAT PUNTO,5,E01019456,0,-1
2020530978317,2020,530978317,1,9,0,9,9,2,8,0,0,1,0,0,0,0,3,1,5,6,2,26,6,1368,1,10,FIAT PUNTO,8,E01022446,0,-1
2020010243393,2020,010243393,2,9,0,18,19,7,3,0,0,2,0,0,0,0,4,1,6,6,1,23,5,1368,1,11,FIAT PUNTO,-1,-1,0,-1
202006N176119,2020,06N176119,2,9,0,18,19,1,5,0,0,8,0,0,0,0,3,1,6,6,1,21,5,1242,1,12,FIAT PUNTO,-1,-1,0,-1
2020610046920,2020,610046920,1,9,0,15,15,8,4,0,0,0,0,4,0,0,1,1,6,6,2,20,4,1242,1,13,FIAT PUNTO,4,W01001330,0,-1
202006A269054,2020,06A269054,1,9,0,17,19,7,4,0,0,1,0,0,1,2,1,1,6,6,1,53,8,1242,1,12,FIAT PUNTO,1,E01005257,0,-1
2020420969389,2020,420969389,2,9,0,17,19,7,3,0,0,0,1,0,0,0,3,1,6,6,1,19,4,1368,1,10,FIAT PUNTO,10,E01023443,0,-1
2020040932922,2020,040932922,1,9,0,9,9,7,5,0,0,8,0,0,0,0,1,1,5,6,1,70,10,1242,1,15,FIAT PUNTO,5,E01025431,0,-1
2020160925832,2020,160925832,1,9,0,7,7,6,8,0,0,1,0,0,0,0,1,1,5,6,1,18,4,1242,1,13,FIAT PUNTO,1,E01013000,0,-1
2020470918275,2020,470918275,1,9,0,18,19,3,7,0,0,1,0,0,0,0,3,1,5,6,2,43,7,1242,1,13,FIAT PUNTO,7,E01021032,0,-1
2020450965396,2020,450965396,1,9,0,18,19,5,1,0,0,1,0,0,7,11,1,1,6,6,2,22,5,1242,1,17,FIAT PUNTO,4,E01030496,0,-1
2020530980537,2020,530980537,3,9,0,3,3,5,1,0,0,0,0,0,0,0,2,1,5,6,2,29,6,1242,1,12,FIAT PUNTO,4,E01032936,0,-1
2020320149880,2020,320149880,2,9,0,9,9,5,7,0,0,8,0,0,0,0,4,1,6,6,2,19,4,1368,1,10,FIAT PUNTO,7,E01026188,0,-1
2020041012361,2020,041012361,1,9,0,14,14,3,7,0,0,0,0,0,0,0,1,1,5,6,2,72,10,1368,1,10,FIAT PUNTO,4,E01025554,0,-1
2020041013424,2020,041013424,3,9,0,18,19,3,7,0,0,0,0,0,0,0,2,1,6,6,3,-1,-1,1242,1,13,FIAT PUNTO,-1,-1,0,-1
2020200942838,2020,200942838,1,9,0,3,3,2,5,0,0,0,0,0,0,0,1,1,6,6,3,-1,-1,1242,1,15,FIAT PUNTO,-1,-1,0,-1
2020450924525,2020,450924525,1,9,0,8,8,1,8,0,0,4,0,0,0,0,2,1,5,6,2,23,5,1242,1,12,FIAT PUNTO,10,E01030415,0,-1
2020420952908,2020,420952908,2,9,0,18,19,2,6,0,0,1,0,0,0,0,4,1,5,6,1,28,6,1368,1,10,FIAT PUNTO,6,E01021348,0,-1
2020460961142,2020,460961142,2,9,0,10,10,5,3,0,0,1,0,0,0,0,2,1,5,6,2,26,6,1242,1,16,FIAT PUNTO,4,E01024179,0,-1
2020450955425,2020,450955425,1,9,0,18,19,3,7,0,0,0,0,0,0,0,3,1,2,2,1,22,5,1368,1,13,FIAT PUNTO,6,E01030973,0,-1
2020010270492,2020,010270492,2,9,0,99,99,9,9,99,99,9,9,99,9,99,1,9,6,6,3,30,6,1242,1,17,FIAT PUNTO,4,E01001090,0,-1
2020010268743,2020,010268743,2,9,9,99,99,9,9,99,99,1,9,99,9,99,9,1,6,6,3,-1,-1,1242,1,17,FIAT PUNTO,5,E01003262,0,-1
2020470998950,2020,470998950,1,9,0,17,19,7,4,0,0,2,1,0,1,11,1,1,5,6,2,18,4,1368,1,13,FIAT PUNTO,8,E01031618,0,-1
2020010255634,2020,010255634,2,9,0,99,99,9,9,99,99,9,9,99,9,99,1,9,6,6,3,-1,-1,1242,1,21,FIAT PUNTO,-1,-1,0,-1
2020010283280,2020,010283280,1,9,9,99,99,9,9,99,99,9,9,99,9,99,9,9,6,6,2,41,7,1242,1,14,FIAT PUNTO,4,E01001956,0,-1
2020010271764,2020,010271764,1,9,0,5,5,3,7,0,0,6,0,0,0,0,3,1,6,6,1,25,5,1242,1,14,FIAT PUNTO,9,E01001454,0,-1
2020520002533,2020,520002533,1,9,0,18,19,4,8,0,0,0,0,0,0,0,1,1,6,6,1,38,7,1248,2,13,FIAT PUNTO,-1,-1,0,-1
2020470926865,2020,470926865,1,9,0,1,1,5,1,0,0,0,0,0,0,0,2,1,5,6,1,63,9,1368,1,10,FIAT PUNTO,2,E01031779,0,-1
2020460925182,2020,460925182,2,9,-1,3,3,2,6,0,0,0,0,0,0,0,2,1,6,6,1,22,5,1368,1,11,FIAT PUNTO,8,E01024693,0,-1
2020010278465,2020,010278465,2,9,0,18,19,5,1,0,0,1,0,0,0,0,1,9,6,6,1,19,4,1368,1,14,FIAT PUNTO,2,E01003179,0,-1
2020010233944,2020,010233944,2,9,0,99,99,9,9,99,99,9,9,99,9,99,1,9,6,6,2,30,6,1242,1,17,FIAT PUNTO,6,E01000160,0,-1
2020622000943,2020,622000943,1,9,0,18,19,8,4,0,0,0,0,0,0,0,1,1,6,6,1,21,5,1368,1,10,FIAT PUNTO,3,W01001042,0,-1
202031D094420,2020,31D094420,1,9,0,13,13,8,4,0,0,0,0,0,1,5,1,1,6,6,1,22,5,1242,1,14,FIAT PUNTO,3,E01013830,0,-1
2020460997799,2020,460997799,1,9,0,14,14,3,8,0,0,0,0,0,0,0,1,1,6,6,1,18,4,1368,1,13,FIAT PUNTO,1,E01024498,0,-1
2020370975625,2020,370975625,1,9,0,18,19,7,3,0,0,8,0,0,0,0,1,1,5,6,2,40,7,1368,1,8,FIAT PUNTO,9,E01030175,0,-1
2020010238950,2020,010238950,1,9,9,99,99,9,9,99,99,9,9,99,9,99,9,9,6,6,1,32,6,1368,1,12,FIAT PUNTO,7,E01002013,0,-1
2020100985868,2020,100985868,1,9,0,18,19,1,5,0,0,0,0,0,0,0,1,1,6,6,2,60,9,1242,1,9,FIAT PUNTO,6,E01027476,0,-1
2020200933234,2020,200933234,1,9,0,12,12,6,2,0,0,0,0,0,0,0,1,1,1,1,2,23,5,1368,1,10,FIAT PUNTO,4,E01010259,0,-1
2020230935567,2020,230935567,2,9,0,5,5,3,7,0,0,4,0,0,0,0,3,1,5,6,1,19,4,1368,1,12,FIAT PUNTO,2,E01029827,0,-1
2020500981696,2020,500981696,1,9,0,18,19,1,3,0,0,0,0,0,0,0,1,1,2,2,1,33,6,1242,1,17,FIAT PUNTO,4,E01015031,0,-1
2020210973338,2020,210973338,1,9,-1,1,1,7,3,0,0,1,0,0,0,0,2,1,6,6,2,35,6,1242,1,14,FIAT PUNTO,4,E01014271,0,-1
2020040973706,2020,040973706,2,9,0,18,19,5,1,0,0,0,0,0,0,0,2,1,6,6,3,19,4,1242,1,12,FIAT PUNTO,6,E01027029,0,-1