collision_index,collision_year,collision_ref_no,vehicle_reference,vehicle_type,towing_and_articulation,vehicle_manoeuvre_historic,vehicle_manoeuvre,vehicle_direction_from,vehicle_direction_to,vehicle_location_restricted_lane_historic,vehicle_location_restricted_lane,junction_location,skidding_and_overturning,hit_object_in_carriageway,vehicle_leaving_carriageway,hit_object_off_carriageway,first_point_of_impact,vehicle_left_hand_drive,journey_purpose_of_driver_historic,journey_purpose_of_driver,sex_of_driver,age_of_driver,age_band_of_driver,engine_capacity_cc,propulsion_code,age_of_vehicle,generic_make_model,driver_imd_decile,lsoa_of_driver,escooter_flag,driver_distance_banding
2020320522104,2020,320522104,1,9,0,7,7,8,2,0,0,6,0,0,0,0,1,1,6,6,1,23,5,1242,1,12,FIAT PUNTO,5,E01026224,0,-1
2020140964097,2020,140964097,1,9,0,18,19,8,3,0,0,8,0,0,0,0,3,1,2,2,1,24,5,1368,1,13,FIAT PUNTO,1,E01007645,0,-1
2020200972498,2020,200972498,4,9,0,2,2,0,0,0,0,0,0,0,0,0,3,1,6,6,3,-1,-1,1242,1,12,FIAT PUNTO,-1,-1,0,-1
2020522002282,2020,522002282,3,9,0,2,2,0,0,0,0,0,0,4,0,0,1,1,6,6,3,-1,-1,1242,1,15,FIAT PUNTO,-1,-1,0,-1
2020030959632,2020,030959632,1,9,0,16,19,1,5,0,0,0,5,0,1,11,1,1,2,2,1,30,6,1368,1,10,FIAT PUNTO,2,E01019299,0,-1
2020010233040,2020,010233040,1,9,0,4,4,2,6,0,0,2,0,0,0,0,1,1,6,6,1,27,6,1242,1,13,FIAT PUNTO,2,E01003037,0,-1
2020420973773,2020,420973773,1,9,0,18,19,1,5,0,0,0,0,0,0,0,1,1,5,6,1,25,5,1368,1,8,FIAT PUNTO,2,E01021488,0,-1
202006P167190,2020,06P167190,1,9,0,16,19,1,3,0,0,7,0,0,0,0,1,1,6,6,2,32,6,1242,1,3,FIAT PUNTO,3,E01025368,0,-1
2020430105296,2020,430105296,1,9,0,18,19,5,1,0,0,0,0,0,0,0,1,1,6,6,1,35,6,1368,1,13,FIAT PUNTO,8,E01017770,0,-1
2020122001083,2020,122001083,1,9,0,4,4,2,6,0,0,5,0,0,0,0,1,1,6,6,2,18,4,1242,1,14,FIAT PUNTO,5,E01027729,0,-1
2020500942279,2020,500942279,2,9,0,18,19,3,7,0,0,0,0,0,0,0,1,1,2,2,2,23,5,1242,1,15,FIAT PUNTO,4,E01020305,0,-1
2020052002609,2020,052002609,2,9,0,18,19,5,1,0,0,8,0,0,0,0,3,1,6,6,1,51,8,1368,1,14,FIAT PUNTO,3,E01006786,0,-1
2020421002378,2020,421002378,3,9,0,2,2,0,0,0,0,0,0,0,0,0,2,1,6,6,3,-1,-1,1368,1,14,FIAT PUNTO,-1,-1,0,-1
2020122000526,2020,122000526,1,9,0,5,5,5,7,0,0,6,0,0,0,0,1,1,6,6,1,25,5,1248,2,13,FIAT PUNTO,4,E01027609,0,-1
2020410944149,2020,410944149,2,9,0,9,9,3,7,0,0,0,0,0,0,0,4,1,6,6,1,42,7,1242,1,16,FIAT PUNTO,5,E01023766,0,-1
2020360978578,2020,360978578,1,9,0,18,19,7,5,0,0,2,0,0,0,0,1,1,5,6,1,29,6,1368,1,12,FIAT PUNTO,8,E01026881,0,-1
2020552000755,2020,552000755,1,9,0,18,19,6,2,0,0,0,0,0,0,0,1,1,6,6,2,49,8,1248,2,14,FIAT PUNTO,7,E01032661,0,-1
2020522004532,2020,522004532,2,9,0,7,7,7,8,0,0,1,0,0,0,0,1,1,6,6,1,28,6,1368,1,7,FIAT PUNTO,9,E01014919,0,-1
2020500945378,2020,500945378,1,9,0,18,19,1,5,0,0,0,0,0,0,0,0,1,5,6,1,19,4,1910,2,13,FIAT PUNTO,6,E01020187,0,-1
2020220955207,2020,220955207,2,9,0,3,3,7,3,0,0,0,0,0,0,0,1,1,5,6,1,48,8,1242,1,19,FIAT PUNTO,2,E01022458,0,-1
2020430115070,2020,430115070,2,9,0,7,7,8,2,0,0,5,0,0,0,0,2,1,1,1,1,22,5,1368,1,11,FIAT PUNTO,7,E01015581,0,-1
2020211024957,2020,211024957,4,9,-1,-1,-1,5,1,-1,-1,0,-1,-1,-1,0,-1,1,6,6,1,72,10,1368,1,8,FIAT PUNTO,1,E01014361,0,-1
2020141003485,2020,141003485,1,9,0,17,19,3,7,0,0,0,0,11,0,0,3,2,5,6,1,17,4,1368,1,11,FIAT PUNTO,2,E01007491,0,-1
2020460971667,2020,460971667,2,9,0,4,4,5,1,0,0,1,0,0,0,0,2,1,6,6,1,32,6,1368,1,11,FIAT PUNTO,6,E01023986,0,-1
2020500990960,2020,500990960,1,9,0,7,7,2,4,0,0,1,0,0,0,0,3,1,2,2,2,18,4,1242,1,7,FIAT PUNTO,2,E01018897,0,-1
202006N278493,2020,06N278493,1,9,0,18,19,6,2,0,0,6,0,0,0,0,3,1,6,6,3,-1,-1,1242,1,12,FIAT PUNTO,-1,-1,0,-1
2020070779330,2020,070779330,2,9,0,18,19,5,2,0,0,1,0,0,0,0,3,1,6,6,1,24,5,1368,1,8,FIAT PUNTO,2,E01029359,0,-1
2020991006544,2020,991006544,1,9,0,9,9,3,1,0,0,0,0,0,7,4,1,1,5,6,1,29,6,1368,1,13,FIAT PUNTO,-1,-1,0,-1
2020170L20810,2020,170L20810,1,9,0,18,19,7,3,0,0,8,0,0,0,0,1,1,6,6,1,25,5,1242,1,7,FIAT PUNTO,5,E01012144,0,-1
2020460961383,2020,460961383,3,9,0,4,4,5,1,0,0,0,0,0,0,0,2,1,5,6,1,20,4,1242,1,17,FIAT PUNTO,1,E01024660,0,-1
2020040956860,2020,040956860,1,9,0,17,19,4,8,0,0,0,0,0,1,2,1,1,5,6,2,23,5,1242,1,7,FIAT PUNTO,1,E01019277,0,-1
2020140927933,2020,140927933,1,9,0,5,5,1,5,9,9,6,0,0,0,0,1,1,6,6,1,37,7,1368,1,10,FIAT PUNTO,7,E01007439,0,-1
2020500969161,2020,500969161,1,9,0,18,19,4,8,0,0,8,5,0,1,0,1,1,5,6,1,22,5,1910,2,16,FIAT PUNTO,5,E01019924,0,-1
2020200946999,2020,200946999,1,9,0,7,7,4,6,0,0,1,0,0,0,0,1,1,6,6,1,43,7,1368,1,10,FIAT PUNTO,1,E01010366,0,-1
2020010229694,2020,010229694,3,9,0,18,19,1,5,0,0,1,0,0,0,0,0,1,6,6,1,72,10,1368,1,13,FIAT PUNTO,7,E01023556,0,-1
2020549419920,2020,549419920,1,9,0,18,19,3,7,0,0,1,0,0,0,0,3,1,6,6,2,34,6,1368,1,12,FIAT PUNTO,6,E01032697,0,-1
2020320680794,2020,320680794,1,9,0,18,19,8,4,0,0,2,0,0,0,0,1,1,6,6,3,40,7,1368,1,13,FIAT PUNTO,-1,-1,0,-1
202006A378546,2020,06A378546,2,9,0,12,12,3,7,0,0,0,0,0,0,0,3,1,6,6,1,30,6,1242,1,16,FIAT PUNTO,-1,-1,0,-1
2020052000575,2020,052000575,1,9,0,4,4,4,8,0,0,0,0,0,0,0,1,1,6,6,1,-1,-1,1248,2,9,FIAT PUNTO,3,E01011482,0,-1
2020010282667,2020,010282667,1,9,0,99,99,9,9,99,99,2,9,99,9,99,9,9,6,6,1,42,7,1368,1,14,FIAT PUNTO,5,E01001880,0,-1
2020302001192,2020,302001192,1,9,0,16,19,7,3,0,0,0,5,0,1,11,3,1,2,2,2,26,6,1242,1,13,FIAT PUNTO,5,E01019501,0,-1
2020370928617,2020,370928617,1,9,0,17,19,7,4,0,0,0,2,0,1,4,3,1,6,6,1,17,4,1242,1,13,FIAT PUNTO,5,E01030266,0,-1
2020200947476,2020,200947476,1,9,0,18,19,-1,-1,0,0,0,0,0,0,0,1,1,6,6,1,-1,-1,1242,1,12,FIAT PUNTO,-1,-1,0,-1
2020221003113,2020,221003113,1,9,0,16,19,6,8,0,0,1,1,10,1,2,1,1,2,2,2,36,7,1242,1,16,FIAT PUNTO,2,E01028967,0,-1
2020420970957,2020,420970957,2,9,0,18,19,1,5,0,0,0,0,0,0,0,4,1,5,6,1,21,5,1242,1,13,FIAT PUNTO,6,E01021761,0,-1
2020522002227,2020,522002227,1,9,0,3,3,7,3,0,0,2,0,0,0,0,2,1,6,6,1,-1,-1,1242,1,15,FIAT PUNTO,2,E01014683,0,-1
2020320477074,2020,320477074,1,9,0,18,19,3,7,0,0,1,0,0,0,0,1,1,6,6,1,20,4,1242,1,13,FIAT PUNTO,9,E01026406,0,-1
2020990974323,2020,990974323,2,9,0,16,19,1,5,0,0,1,0,0,1,0,3,1,5,6,2,31,6,1368,1,12,FIAT PUNTO,1,-1,0,-1
2020320177831,2020,320177831,1,9,0,18,19,1,5,0,0,0,2,0,1,1,1,1,6,6,1,24,5,1242,1,13,FIAT PUNTO,8,E01026365,0,-1
2020220991464,2020,220991464,1,9,0,18,19,8,4,0,0,0,0,0,0,0,4,1,6,6,1,26,6,1242,1,16,FIAT PUNTO,8,E01032427,0,-1
2020460973990,2020,460973990,1,9,0,9,9,3,1,0,0,6,0,0,0,0,3,1,5,6,1,32,6,1242,1,14,FIAT PUNTO,8,E01024803,0,-1
2020990967484,2020,990967484,2,9,0,4,4,3,7,0,0,0,0,0,0,0,2,1,5,6,2,25,5,1368,1,12,FIAT PUNTO,7,-1,0,-1
2020040935309,2020,040935309,1,9,0,18,19,1,5,0,0,1,0,0,0,0,1,1,6,6,1,21,5,1368,1,10,FIAT PUNTO,10,E01025016,0,-1
2020990969044,2020,990969044,1,9,0,7,7,7,2,0,0,1,0,0,0,0,4,1,5,6,1,31,6,1368,1,10,FIAT PUNTO,8,-1,0,-1
2020460991782,2020,460991782,3,9,0,18,19,6,2,0,0,0,0,0,0,0,2,1,6,6,1,60,9,1368,1,9,FIAT PUNTO,8,E01016028,0,-1
2020010256542,2020,010256542,1,9,0,18,19,3,7,0,0,3,0,0,0,0,1,1,2,2,2,24,5,1368,1,10,FIAT PUNTO,-1,-1,0,-1
2020030945214,2020,030945214,1,9,0,4,4,1,5,0,0,1,0,7,0,0,1,1,6,6,1,73,10,1242,1,12,FIAT PUNTO,7,E01019134,0,-1
2020070026507,2020,070026507,1,9,0,18,19,2,6,0,0,0,0,0,0,0,4,1,1,1,2,19,4,1242,1,16,FIAT PUNTO,6,E01018689,0,-1
2020350967777,2020,350967777,1,9,0,17,19,5,3,0,0,1,2,0,1,0,3,1,6,6,1,18,4,1242,1,14,FIAT PUNTO,7,E01015627,0,-1
2020200975243,2020,200975243,1,9,0,18,19,6,2,0,0,8,0,0,0,0,4,1,6,6,1,-1,-1,1242,1,18,FIAT PUNTO,4,E01010377,0,-1
2020160949704,2020,160949704,1,9,0,13,13,1,5,0,0,0,0,4,0,0,1,1,6,6,1,41,7,1242,1,13,FIAT PUNTO,1,E01013139,0,-1
2020622000529,2020,622000529,1,9,0,18,19,8,4,0,0,1,1,4,0,0,1,1,6,6,2,38,7,1242,1,17,FIAT PUNTO,2,W01001255,0,-1
2020460982998,2020,460982998,2,9,0,16,19,3,5,0,0,1,0,0,0,0,1,1,5,6,2,26,6,1242,1,14,FIAT PUNTO,7,E01032619,0,-1
2020010247171,2020,010247171,1,9,0,5,5,5,1,0,0,4,0,0,0,0,1,1,6,6,2,26,6,1242,1,14,FIAT PUNTO,-1,-1,0,-1
2020460993789,2020,460993789,1,9,0,16,19,1,3,0,0,0,0,0,3,10,1,1,6,6,1,23,5,1368,1,10,FIAT PUNTO,4,E01024535,0,-1
2020450967902,2020,450967902,1,9,0,17,19,5,1,0,0,0,0,0,7,10,4,1,5,6,1,19,4,1242,1,12,FIAT PUNTO,8,E01030565,0,-1
2020052002572,2020,052002572,1,9,0,9,9,4,8,0,0,5,0,0,0,0,1,1,6,6,2,31,6,1242,1,12,FIAT PUNTO,4,E01007140,0,-1
202031C001120,2020,31C001120,3,9,0,18,19,4,8,0,0,0,0,0,0,0,2,1,6,6,2,29,6,1368,1,10,FIAT PUNTO,4,E01007393,0,-1
202006G278464,2020,06G278464,1,9,0,18,19,7,3,0,0,0,0,0,0,0,2,1,6,6,2,30,6,1242,1,13,FIAT PUNTO,4,E01005914,0,-1
2020140963833,2020,140963833,2,9,0,9,9,7,6,0,0,8,0,0,0,0,1,1,6,6,1,25,5,1242,1,17,FIAT PUNTO,5,E01019780,0,-1
2020420998747,2020,420998747,1,9,0,9,9,7,5,0,0,8,0,0,0,0,1,1,1,1,1,19,4,1242,1,15,FIAT PUNTO,3,E01021289,0,-1
2020137CT0659,2020,137CT0659,1,9,0,18,19,7,3,0,0,1,0,0,0,0,1,1,6,6,2,31,6,1368,1,14,FIAT PUNTO,1,E01010874,0,-1
202006F178520,2020,06F178520,2,9,0,18,19,2,6,0,0,8,0,0,0,0,1,1,6,6,2,54,8,1242,1,13,FIAT PUNTO,2,E01005661,0,-1
2020460962503,2020,460962503,1,9,0,9,9,3,1,0,0,2,5,0,1,0,1,1,5,6,2,19,4,1242,1,13,FIAT PUNTO,5,E01033089,0,-1
2020470920607,2020,470920607,1,9,0,16,19,5,7,0,0,0,0,0,0,0,1,1,5,6,1,65,9,1368,1,2,FIAT PUNTO,10,E01031619,0,-1
2020070143516,2020,070143516,1,9,0,7,7,7,1,0,0,5,1,0,1,11,4,1,3,7,1,18,4,1242,1,14,FIAT PUNTO,5,E01012541,0,-1
2020070493592,2020,070493592,2,9,0,3,3,3,7,0,0,0,0,0,0,0,1,1,6,6,1,19,4,1242,1,13,FIAT PUNTO,9,E01012473,0,-1
202006G267598,2020,06G267598,1,9,0,1,1,3,7,0,0,1,0,0,0,0,2,1,6,6,2,30,6,1242,1,16,FIAT PUNTO,-1,-1,0,-1
2020990992832,2020,990992832,1,9,0,9,9,8,6,0,0,4,0,0,0,0,3,1,2,2,1,23,5,1242,1,12,FIAT PUNTO,1,-1,0,-1
2020070526825,2020,070526825,1,9,0,18,19,6,2,0,0,0,0,0,0,0,4,1,1,1,2,-1,-1,1368,1,8,FIAT PUNTO,8,E01018649,0,-1
2020010272074,2020,010272074,2,9,0,99,99,9,9,99,99,0,9,99,9,99,1,9,6,6,1,19,4,1242,1,5,FIAT PUNTO,5,E01000994,0,-1
2020220973122,2020,220973122,1,9,0,18,19,3,7,0,0,0,2,10,7,0,3,1,5,6,2,23,5,1242,1,6,FIAT PUNTO,6,E01032436,0,-1
2020200994522,2020,200994522,1,9,0,18,19,8,4,0,0,4,0,0,0,0,1,1,5,6,1,34,6,1242,1,14,FIAT PUNTO,2,E01010146,0,-1
2020430034589,2020,430034589,1,9,0,18,19,2,6,0,0,8,0,0,0,0,3,1,6,6,1,21,5,1368,1,14,FIAT PUNTO,2,E01016363,0,-1
2020010253655,2020,010253655,2,9,0,99,99,9,9,99,99,2,9,99,9,99,9,9,6,6,3,-1,-1,1242,1,17,FIAT PUNTO,3,E01000163,0,-1
2020340N01512,2020,340N01512,2,9,0,4,4,1,5,0,0,1,0,0,0,0,2,1,6,6,2,48,8,1368,1,3,FIAT PUNTO,9,E01027212,0,-1
2020360922346,2020,360922346,3,9,0,4,4,3,7,0,0,0,0,0,0,0,2,1,5,6,1,20,4,1368,1,13,FIAT PUNTO,7,E01026910,0,-1
2020200947347,2020,200947347,2,9,0,3,3,8,4,0,0,2,0,0,0,0,2,1,6,6,2,37,7,1368,1,11,FIAT PUNTO,3,E01009077,0,-1
2020340N80162,2020,340N80162,2,9,0,18,19,3,7,0,0,2,0,0,1,0,2,1,6,6,1,20,4,1242,1,14,FIAT PUNTO,10,E01032984,0,-1
2020552001080,2020,552001080,1,9,0,9,9,5,3,0,0,6,0,0,0,0,1,1,3,7,1,46,8,1242,1,8,FIAT PUNTO,6,E01015369,0,-1
2020410970270,2020,410970270,1,9,0,18,19,3,7,0,0,0,0,0,0,0,1,1,5,6,1,28,6,1242,1,14,FIAT PUNTO,5,E01000240,0,-1
20201374M0275,2020,1374M0275,1,9,0,18,19,1,5,0,0,0,0,0,0,0,1,1,6,6,1,58,9,1368,1,8,FIAT PUNTO,3,E01018447,0,-1
2020010276814,2020,010276814,1,9,0,18,19,6,2,0,0,8,0,0,0,0,1,1,6,6,2,24,5,1242,1,12,FIAT PUNTO,5,E01002501,0,-1
2020622000857,2020,622000857,3,9,0,2,2,0,0,0,0,0,0,0,0,0,4,1,6,6,3,-1,-1,1242,1,6,FIAT PUNTO,-1,-1,0,-1
2020040931965,2020,040931965,1,9,0,9,9,3,7,0,0,2,0,0,0,0,1,1,5,6,1,18,4,1368,1,14,FIAT PUNTO,4,E01012593,0,-1
2020200932125,2020,200932125,2,9,0,18,19,4,8,0,0,0,0,0,0,0,4,1,6,6,1,49,8,1368,1,10,FIAT PUNTO,3,E01009256,0,-1
2020332000134,2020,332000134,1,9,0,18,19,6,2,0,0,6,0,0,3,0,3,1,6,6,1,24,5,1242,1,9,FIAT PUNTO,5,E01032971,0,-1
2020460998197,2020,460998197,1,9,0,18,19,7,3,0,0,0,0,0,0,0,1,1,6,6,1,40,7,1242,1,14,FIAT PUNTO,3,E01024310,0,-1
2020990928428,2020,990928428,1,9,0,13,13,4,1,0,0,0,1,0,1,7,1,1,6,6,1,47,8,875,1,8,FIAT PUNTO,6,-1,0,-1
2020070372360,2020,070372360,1,9,0,16,19,8,4,0,0,0,0,0,1,11,1,1,6,6,1,19,4,1242,1,18,FIAT PUNTO,2,E01018645,0,-1
2020201032029,2020,201032029,1,9,0,9,9,7,5,0,0,8,0,0,0,0,1,1,6,6,2,25,5,1242,1,15,FIAT PUNTO,6,E01029524,0,-1
2020360955539,2020,360955539,2,9,0,8,8,6,2,0,0,3,0,0,0,0,4,1,5,6,2,19,4,1242,1,12,FIAT PUNTO,6,E01026919,0,-1
2020440415026,2020,440415026,1,9,0,18,19,5,1,0,0,4,0,0,0,0,1,1,6,6,1,72,10,1242,1,22,FIAT PUNTO,1,E01017040,0,-1
2020450934327,2020,450934327,2,9,0,18,19,3,7,0,0,0,0,0,0,0,1,1,5,6,2,59,9,1242,1,16,FIAT PUNTO,9,E01030964,0,-1
20201371L0187,2020,1371L0187,3,9,0,18,19,5,1,0,0,0,0,0,0,0,2,1,1,1,1,26,6,1368,1,10,FIAT PUNTO,2,E01011866,0,-1
2020010272703,2020,010272703,1,9,0,18,19,3,7,0,0,1,0,0,0,0,1,1,3,7,1,35,6,1242,1,13,FIAT PUNTO,2,E01033000,0,-1
2020210999473,2020,210999473,2,9,0,9,9,-1,-1,0,0,5,1,0,0,0,3,1,2,2,2,19,4,1242,1,8,FIAT PUNTO,5,E01029702,0,-1
2020010246156,2020,010246156,2,9,9,99,99,9,9,99,99,9,9,99,9,99,9,9,6,6,3,-1,-1,1242,1,14,FIAT PUNTO,-1,-1,0,-1
2020010262307,2020,010262307,1,9,0,9,9,5,2,0,0,1,0,0,0,0,1,1,6,6,2,32,6,1242,1,16,FIAT PUNTO,6,E01023499,0,-1
2020440033540,2020,440033540,1,9,0,9,9,7,5,0,0,8,0,0,5,1,1,1,1,1,1,56,9,1242,1,6,FIAT PUNTO,7,E01022733,0,-1
202006A275310,2020,06A275310,4,9,0,3,3,5,1,0,0,0,0,0,0,0,4,1,6,6,2,39,7,1368,1,11,FIAT PUNTO,5,E01005254,0,-1
2020010234745,2020,010234745,1,9,0,99,99,9,9,99,99,9,9,99,9,99,2,9,2,2,2,27,6,1368,1,8,FIAT PUNTO,1,E01002071,0,-1
2020470963910,2020,470963910,1,9,0,18,19,3,7,0,0,0,0,0,0,0,3,1,5,6,2,19,4,1242,1,16,FIAT PUNTO,6,E01031792,0,-1
2020201008026,2020,201008026,1,9,0,18,19,8,4,0,0,4,0,0,0,0,3,1,6,6,2,25,5,1242,1,13,FIAT PUNTO,3,E01009629,0,-1
2020460974699,2020,460974699,1,9,0,18,19,4,8,0,0,0,0,0,1,0,4,1,1,1,1,35,6,1910,2,13,FIAT PUNTO,4,E01032823,0,-1
2020990995915,2020,990995915,1,9,0,7,7,5,7,0,0,1,0,0,0,0,1,1,6,6,1,60,9,1242,1,16,FIAT PUNTO,8,-1,0,-1
2020010237422,2020,010237422,2,9,0,18,19,1,5,0,0,1,0,0,0,0,1,1,6,6,2,-1,-1,1242,1,6,FIAT PUNTO,2,E01003726,0,-1
2020052001088,2020,052001088,1,9,0,9,9,3,1,0,0,8,0,0,0,0,1,1,2,2,1,48,8,1368,1,12,FIAT PUNTO,1,E01025494,0,-1
2020010255286,2020,010255286,2,9,0,99,99,9,9,99,99,9,9,99,9,99,9,9,6,6,3,30,6,1242,1,3,FIAT PUNTO,3,E01001489,0,-1
2020430263733,2020,430263733,1,9,0,18,19,4,8,0,0,0,5,0,1,7,1,1,6,6,2,20,4,1242,1,13,FIAT PUNTO,10,E01017532,0,-1
2020040955691,2020,040955691,1,9,0,5,5,3,7,0,0,2,0,0,0,0,1,1,6,6,1,24,5,1242,1,14,FIAT PUNTO,1,E01012682,0,-1
2020302000120,2020,302000120,1,9,0,16,19,6,2,0,0,0,5,0,0,0,3,1,6,6,1,18,4,1242,1,13,FIAT PUNTO,9,E01019683,0,-1
2020990976929,2020,990976929,1,9,0,18,19,2,5,0,0,1,5,0,7,0,3,1,6,6,1,21,5,1368,1,11,FIAT PUNTO,5,-1,0,-1
2020137951788,2020,137951788,1,9,0,16,19,6,2,0,0,0,0,0,7,0,1,1,6,6,1,44,7,1242,1,16,FIAT PUNTO,1,E01011816,0,-1
2020010258575,2020,010258575,1,9,0,18,19,7,3,0,0,8,0,11,0,0,3,1,6,6,2,58,9,1368,1,13,FIAT PUNTO,2,E01002368,0,-1
2020010237934,2020,010237934,1,9,0,18,19,3,7,0,0,7,0,0,1,0,3,1,6,6,1,25,5,1242,1,14,FIAT PUNTO,-1,-1,0,-1
202006F268276,2020,06F268276,1,9,0,9,9,6,4,0,0,8,0,0,0,0,1,1,6,6,1,25,5,1242,1,14,FIAT PUNTO,1,E01033231,0,-1
2020160969313,2020,160969313,2,9,0,3,3,4,8,0,0,0,0,0,0,0,2,1,6,6,1,20,4,1242,1,13,FIAT PUNTO,3,E01012839,0,-1
2020350934462,2020,350934462,1,9,0,18,19,7,3,0,0,0,0,0,0,0,1,1,6,6,1,56,9,1248,2,8,FIAT PUNTO,1,E01027083,0,-1
2020030979410,2020,030979410,1,9,0,18,19,3,7,0,0,0,1,0,1,0,1,1,6,6,1,52,8,1242,1,16,FIAT PUNTO,6,E01019100,0,-1
2020201020487,2020,201020487,1,9,0,9,9,6,4,0,0,5,1,10,1,2,1,1,6,6,1,17,4,1242,1,12,FIAT PUNTO,1,E01008929,0,-1
2020440239666,2020,440239666,2,9,0,2,2,0,0,0,0,1,0,0,0,0,2,1,6,6,3,-1,-1,1242,1,16,FIAT PUNTO,-1,-1,0,-1
20201371H0948,2020,1371H0948,2,9,0,16,19,1,3,0,0,0,0,0,1,0,1,1,3,7,2,20,4,1242,1,14,FIAT PUNTO,2,E01011852,0,-1
2020040976282,2020,040976282,2,9,0,7,7,5,1,0,0,8,0,0,0,0,4,1,1,1,1,29,6,1242,1,13,FIAT PUNTO,4,E01025149,0,-1
2020010270506,2020,010270506,1,9,0,12,12,3,7,0,0,2,0,0,0,0,4,1,1,1,2,28,6,1242,1,9,FIAT PUNTO,5,E01001681,0,-1
2020552000962,2020,552000962,1,9,0,9,9,8,5,0,0,6,1,0,0,0,3,1,6,6,1,18,4,1242,1,9,FIAT PUNTO,1,E01006023,0,-1
2020040988519,2020,040988519,1,9,0,18,19,5,5,0,0,0,0,4,6,0,1,1,5,6,1,73,10,1242,1,15,FIAT PUNTO,3,E01005495,0,-1
2020070042502,2020,070042502,2,9,0,9,9,5,7,0,0,1,0,0,0,0,3,1,2,2,1,19,4,1368,1,9,FIAT PUNTO,10,E01018530,0,-1
2020211027034,2020,211027034,1,9,0,18,19,3,7,0,0,0,0,0,0,0,1,1,6,6,1,41,7,1368,1,10,FIAT PUNTO,10,E01029573,0,-1
2020470925316,2020,470925316,1,9,0,9,9,7,5,0,0,6,0,0,0,0,1,1,5,6,2,49,8,1242,1,13,FIAT PUNTO,6,E01021182,0,-1
2020400943509,2020,400943509,1,9,0,4,4,7,3,0,0,0,1,7,0,0,2,1,1,1,1,36,7,1242,1,17,FIAT PUNTO,3,E01017619,0,-1
202031D115420,2020,31D115420,1,9,0,18,19,1,5,0,0,2,0,8,0,0,4,1,6,6,3,-1,-1,1242,1,14,FIAT PUNTO,-1,-1,0,-1
2020170M30680,2020,170M30680,1,9,0,18,19,8,4,0,0,8,0,0,1,2,1,1,6,6,1,20,4,1242,1,14,FIAT PUNTO,2,E01012080,0,-1
2020010268437,2020,010268437,2,9,0,99,99,9,9,99,99,9,9,99,9,99,2,9,6,6,3,51,8,1242,1,13,FIAT PUNTO,6,E01003657,0,-1
2020010249955,2020,010249955,1,9,0,9,9,5,2,0,0,1,1,0,0,0,1,1,6,6,1,23,5,1242,1,16,FIAT PUNTO,7,E01003643,0,-1
2020160957372,2020,160957372,1,9,0,18,19,5,1,0,0,6,0,0,0,0,1,1,6,6,2,19,4,1242,1,13,FIAT PUNTO,8,E01013190,0,-1
2020010248035,2020,010248035,2,9,0,18,19,5,1,0,0,0,9,0,0,99,1,9,6,6,1,-1,-1,1242,1,13,FIAT PUNTO,2,E01000059,0,-1
2020410968148,2020,410968148,2,9,0,18,19,8,4,0,0,4,0,0,0,0,1,1,2,2,2,30,6,1242,1,15,FIAT PUNTO,10,E01023841,0,-1
2020030924198,2020,030924198,1,9,0,18,19,5,1,0,0,0,0,0,0,0,1,1,6,6,2,19,4,1368,1,8,FIAT PUNTO,5,E01019128,0,-1
2020010237767,2020,010237767,3,9,0,2,2,0,0,0,0,1,0,0,0,0,1,1,6,6,3,-1,-1,1108,1,25,FIAT PUNTO,-1,-1,0,-1
202063B080120,2020,63B080120,2,9,0,17,19,4,1,0,0,8,0,0,0,0,4,1,6,6,1,24,5,1242,1,16,FIAT PUNTO,4,W01000085,0,-1
2020522100997,2020,522100997,3,9,0,18,19,1,5,0,0,8,0,0,0,0,1,1,6,6,1,24,5,1368,1,12,FIAT PUNTO,6,W01000701,0,-1
2020040959659,2020,040959659,1,9,0,18,19,5,1,0,0,0,0,0,2,7,1,1,5,6,1,21,5,1242,1,13,FIAT PUNTO,2,E01025118,0,-1
2020137451499,2020,137451499,1,9,0,17,19,5,1,0,0,0,5,0,2,7,4,1,6,6,2,39,7,1242,1,14,FIAT PUNTO,3,E01010895,0,-1
202031A143820,2020,31A143820,2,9,0,18,19,1,5,0,0,1,0,0,0,0,1,1,6,6,2,25,5,1242,1,14,FIAT PUNTO,1,E01028276,0,-1
2020470985137,2020,470985137,1,9,0,18,19,8,4,0,0,0,0,7,0,0,1,1,6,6,1,70,10,1242,1,17,FIAT PUNTO,1,E01016867,0,-1
2020052002307,2020,052002307,1,9,0,9,9,4,8,0,0,8,0,0,0,0,1,1,6,6,2,19,4,1368,1,10,FIAT PUNTO,9,E01007171,0,-1
2020100943603,2020,100943603,2,9,0,18,19,1,5,0,0,8,0,0,0,0,1,1,5,6,1,32,6,1242,1,14,FIAT PUNTO,1,E01008218,0,-1
2020430048721,2020,430048721,2,9,0,18,19,3,7,0,0,6,0,0,0,0,1,1,6,6,1,-1,-1,1368,1,10,FIAT PUNTO,-1,-1,0,-1
2020122000478,2020,122000478,2,9,0,2,2,0,0,0,0,0,0,0,0,0,2,1,6,6,1,57,9,1368,1,11,FIAT PUNTO,6,E01027884,0,-1
2020460996153,2020,460996153,1,9,0,18,19,6,2,0,0,1,0,0,0,0,1,1,6,6,1,-1,-1,1368,1,11,FIAT PUNTO,10,E01024632,0,-1
2020040974719,2020,040974719,1,9,0,18,19,6,2,0,0,1,0,0,0,0,1,1,5,6,2,37,7,1368,1,13,FIAT PUNTO,3,E01025076,0,-1