collision_index,collision_year,collision_ref_no,vehicle_reference,vehicle_type,towing_and_articulation,vehicle_manoeuvre_historic,vehicle_manoeuvre,vehicle_direction_from,vehicle_direction_to,vehicle_location_restricted_lane_historic,vehicle_location_restricted_lane,junction_location,skidding_and_overturning,hit_object_in_carriageway,vehicle_leaving_carriageway,hit_object_off_carriageway,first_point_of_impact,vehicle_left_hand_drive,journey_purpose_of_driver_historic,journey_purpose_of_driver,sex_of_driver,age_of_driver,age_band_of_driver,engine_capacity_cc,propulsion_code,age_of_vehicle,generic_make_model,driver_imd_decile,lsoa_of_driver,escooter_flag,driver_distance_banding
2020070598118,2020,070598118,2,9,0,18,19,6,2,0,0,0,1,0,0,0,3,1,2,2,1,64,9,1242,1,17,FIAT PUNTO,2,E01005233,0,-1
2020442000662,2020,442000662,1,9,0,18,19,3,4,0,0,3,0,0,7,2,1,1,1,1,2,19,4,1242,1,16,FIAT PUNTO,10,E01023097,0,-1
2020460992227,2020,460992227,2,9,0,2,2,0,0,0,0,0,0,0,0,0,3,1,6,6,1,20,4,1368,1,11,FIAT PUNTO,2,E01024616,0,-1
2020430284524,2020,430284524,1,9,0,12,12,7,3,0,0,0,0,0,0,0,1,1,6,6,1,25,5,1242,1,17,FIAT PUNTO,-1,-1,0,-1
2020350980188,2020,350980188,1,9,0,4,4,1,7,0,0,0,0,0,0,0,1,1,6,6,2,27,6,1368,1,9,FIAT PUNTO,6,E01033179,0,-1
2020200979877,2020,200979877,2,9,0,18,19,6,2,0,0,2,0,0,0,0,2,1,6,6,2,22,5,1368,1,11,FIAT PUNTO,1,E01009640,0,-1
2020430295175,2020,430295175,1,9,0,16,19,8,3,0,0,0,0,0,0,0,1,1,6,6,1,23,5,1368,1,14,FIAT PUNTO,3,E01017723,0,-1
2020170M11690,2020,170M11690,1,9,0,18,19,4,1,0,0,2,0,0,0,0,4,1,6,6,1,54,8,1368,1,11,FIAT PUNTO,7,E01012064,0,-1
2020070772538,2020,070772538,2,9,0,18,19,8,4,0,0,8,0,0,0,0,1,1,2,2,1,29,6,1242,1,14,FIAT PUNTO,3,E01018534,0,-1
202063A013720,2020,63A013720,2,9,0,18,19,6,2,0,0,0,0,0,2,7,3,1,1,1,1,46,8,1242,1,14,FIAT PUNTO,5,W01000576,0,-1
2020140992358,2020,140992358,1,9,0,17,19,1,5,0,0,1,2,0,7,9,1,1,5,6,1,26,6,1242,1,14,FIAT PUNTO,1,E01007341,0,-1
2020220964540,2020,220964540,1,9,0,18,19,2,6,0,0,8,0,0,0,0,4,1,5,6,2,21,5,1368,1,14,FIAT PUNTO,4,E01032342,0,-1
2020160959143,2020,160959143,2,9,0,5,5,7,3,0,0,0,0,0,0,0,1,1,6,6,1,51,8,1248,2,12,FIAT PUNTO,1,E01012917,0,-1
2020137CI0746,2020,137CI0746,1,9,0,18,19,7,3,0,0,0,0,0,0,0,1,1,6,6,1,66,10,1242,1,9,FIAT PUNTO,3,E01033032,0,-1
2020100934415,2020,100934415,2,9,0,18,19,5,1,0,0,0,0,0,0,0,1,1,6,6,2,23,5,1242,1,14,FIAT PUNTO,-1,-1,0,-1
2020010274007,2020,010274007,2,9,0,5,5,0,7,0,0,1,0,0,0,0,0,1,3,7,2,43,7,1242,1,16,FIAT PUNTO,2,E01003041,0,-1
2020110919595,2020,110919595,1,9,0,9,9,7,5,0,0,8,0,0,0,0,1,1,6,6,1,30,6,1242,1,15,FIAT PUNTO,-1,-1,0,-1
2020410987017,2020,410987017,1,9,0,13,13,5,1,0,0,0,2,0,0,0,1,1,5,6,1,46,8,1248,2,12,FIAT PUNTO,5,E01023331,0,-1
202063B048520,2020,63B048520,2,9,0,16,19,7,2,0,0,1,0,0,0,0,1,1,6,6,1,26,6,1368,1,9,FIAT PUNTO,3,E01005727,0,-1
2020460935776,2020,460935776,1,9,0,9,9,3,1,0,0,0,0,0,0,0,1,1,2,2,2,28,6,1242,1,12,FIAT PUNTO,5,E01024381,0,-1
2020552100184,2020,552100184,3,9,0,3,3,7,3,0,0,1,0,0,0,0,2,1,2,2,2,49,8,1242,1,16,FIAT PUNTO,7,E01020491,0,-1
202031C067120,2020,31C067120,1,9,0,7,7,1,3,0,0,5,0,0,0,0,4,1,2,2,1,20,4,1242,1,7,FIAT PUNTO,10,E01026324,0,-1
2020500962657,2020,500962657,2,9,0,18,19,5,1,0,0,0,0,0,0,0,3,1,2,2,2,20,4,1242,1,13,FIAT PUNTO,8,E01020133,0,-1
2020110973481,2020,110973481,1,9,0,12,12,5,1,0,0,0,0,0,0,0,2,1,6,6,1,50,8,1242,1,12,FIAT PUNTO,2,E01020773,0,-1
2020010278831,2020,010278831,1,9,0,99,99,9,9,99,99,9,9,99,9,99,9,9,6,6,3,-1,-1,1368,1,11,FIAT PUNTO,-1,-1,0,-1
2020990947684,2020,990947684,1,9,0,7,7,5,8,0,0,0,0,7,0,0,1,1,5,6,1,34,6,1242,1,8,FIAT PUNTO,-1,-1,0,-1
2020440435357,2020,440435357,1,9,0,3,3,7,5,0,0,1,0,0,0,0,2,1,6,6,2,33,6,1242,1,14,FIAT PUNTO,1,E01017035,0,-1
2020430225139,2020,430225139,2,9,0,18,19,1,5,0,0,0,0,0,0,0,1,1,6,6,1,48,8,1242,1,4,FIAT PUNTO,4,E01013047,0,-1
2020460941020,2020,460941020,2,9,0,18,19,6,2,0,0,0,0,0,0,0,2,1,2,2,2,30,6,1368,1,10,FIAT PUNTO,8,E01024255,0,-1
2020200993108,2020,200993108,2,9,0,18,19,2,6,0,0,8,0,0,0,0,3,1,6,6,1,44,7,1368,1,10,FIAT PUNTO,1,E01010366,0,-1
2020200969691,2020,200969691,1,9,0,3,3,2,6,0,0,1,0,0,0,0,2,1,1,1,1,44,7,1242,1,13,FIAT PUNTO,1,E01009889,0,-1
202031C156620,2020,31C156620,1,9,0,13,13,6,2,0,0,8,0,0,0,0,2,1,6,6,1,25,5,1248,2,14,FIAT PUNTO,1,E01013859,0,-1
2020547326020,2020,547326020,1,9,0,16,19,2,6,0,0,0,1,6,2,10,3,1,6,6,2,17,4,1242,1,9,FIAT PUNTO,9,E01032702,0,-1
2020200954422,2020,200954422,1,9,0,9,9,6,3,0,0,5,0,0,0,0,4,1,6,6,1,24,5,1242,1,13,FIAT PUNTO,4,E01009241,0,-1
2020231012790,2020,231012790,2,9,0,18,19,8,4,0,0,0,0,0,0,0,4,1,1,1,2,24,5,1242,1,12,FIAT PUNTO,3,E01010127,0,-1
2020010228472,2020,010228472,1,9,0,18,19,6,2,0,0,1,2,4,2,10,1,1,2,2,1,23,5,1368,1,11,FIAT PUNTO,3,E01000082,0,-1
2020421004644,2020,421004644,1,9,0,5,5,3,7,0,0,5,0,0,0,0,1,1,6,6,2,53,8,1368,1,9,FIAT PUNTO,5,E01021800,0,-1
202031A020020,2020,31A020020,2,9,0,9,9,2,1,0,0,5,0,0,0,0,1,1,2,2,1,27,6,1242,1,15,FIAT PUNTO,2,E01028226,0,-1
2020460981895,2020,460981895,1,9,0,13,13,7,3,0,0,0,0,0,0,0,1,1,5,6,1,21,5,1242,1,14,FIAT PUNTO,8,E01024209,0,-1
2020350987070,2020,350987070,1,9,0,18,19,7,3,0,0,8,0,0,0,0,1,1,6,6,2,50,8,1368,1,10,FIAT PUNTO,7,E01018058,0,-1
2020552000698,2020,552000698,1,9,0,17,19,8,3,0,0,0,0,0,0,0,1,1,6,6,1,18,4,1242,1,17,FIAT PUNTO,6,E01020490,0,-1
2020500964603,2020,500964603,1,9,0,17,19,1,5,0,0,0,1,0,1,11,1,1,5,6,1,19,4,1242,1,16,FIAT PUNTO,6,E01020056,0,-1
2020010263086,2020,010263086,1,9,0,99,99,9,9,99,99,9,9,99,9,99,2,9,6,6,2,34,6,1242,1,14,FIAT PUNTO,5,E01003948,0,-1
2020200969506,2020,200969506,1,9,0,18,19,8,4,0,0,8,0,0,0,0,3,1,6,6,2,29,6,1242,1,7,FIAT PUNTO,2,E01010265,0,-1
2020990925217,2020,990925217,2,9,0,18,19,3,7,0,0,0,1,0,5,6,4,1,6,6,1,23,5,1368,1,11,FIAT PUNTO,2,-1,0,-1
2020010278304,2020,010278304,2,9,0,99,99,9,9,99,99,9,9,99,9,99,0,9,6,6,3,-1,-1,1368,1,14,FIAT PUNTO,-1,-1,0,-1
2020010243227,2020,010243227,2,9,0,99,99,9,9,99,99,9,9,99,9,99,9,9,6,6,1,42,7,1242,1,14,FIAT PUNTO,1,E01026809,0,-1
2020370940914,2020,370940914,1,9,0,18,19,1,5,0,0,2,0,0,0,0,1,1,5,6,2,75,10,1242,1,13,FIAT PUNTO,5,E01029941,0,-1
2020622000583,2020,622000583,2,9,0,9,9,4,3,0,0,5,0,0,0,0,2,1,6,6,2,35,6,1248,2,8,FIAT PUNTO,5,W01000765,0,-1
2020010235538,2020,010235538,2,9,0,17,19,6,3,0,0,0,0,0,0,0,4,1,6,6,1,35,6,1242,1,13,FIAT PUNTO,2,E01003323,0,-1
2020010270055,2020,010270055,2,9,0,99,99,9,9,99,99,9,9,99,9,99,9,9,6,6,2,-1,-1,1242,1,17,FIAT PUNTO,5,E01003262,0,-1
2020340C00952,2020,340C00952,1,9,0,18,19,3,1,0,0,3,0,0,0,0,4,1,6,6,2,23,5,875,1,8,FIAT PUNTO,1,E01026965,0,-1
2020500993578,2020,500993578,1,9,0,1,1,3,8,0,0,0,0,0,0,0,2,1,5,6,1,64,9,1368,1,11,FIAT PUNTO,4,E01018778,0,-1
2020140996754,2020,140996754,2,9,0,7,7,2,3,0,0,1,0,0,0,0,1,1,2,2,1,21,5,1242,1,14,FIAT PUNTO,2,E01007854,0,-1
2020440407213,2020,440407213,2,19,0,18,19,2,6,0,0,0,0,0,0,0,1,1,6,6,3,-1,-1,1248,2,12,-1,-1,-1,0,-1
2020160991837,2020,160991837,2,9,0,2,2,0,0,0,0,1,0,0,0,0,1,1,6,6,2,31,6,1242,1,13,FIAT PUNTO,8,E01013013,0,-1
2020440105671,2020,440105671,1,9,0,18,19,1,5,0,0,0,0,0,0,0,1,1,6,6,2,49,8,1242,1,7,FIAT PUNTO,6,E01022761,0,-1
202006Q272544,2020,06Q272544,1,9,0,17,19,6,3,0,0,0,1,0,0,0,0,1,6,6,1,17,4,1242,1,7,FIAT PUNTO,1,E01005422,0,-1
2020010263508,2020,010263508,1,9,0,15,15,1,5,0,0,1,0,0,0,0,1,1,6,6,1,77,11,1368,1,9,FIAT PUNTO,10,E01003385,0,-1
2020370940145,2020,370940145,1,9,0,12,12,-1,-1,0,0,0,0,0,0,0,3,1,5,6,2,71,10,1368,1,10,FIAT PUNTO,7,E01029991,0,-1
2020231011406,2020,231011406,1,9,0,5,5,5,1,0,0,0,0,0,0,0,1,1,5,6,1,48,8,1368,1,12,FIAT PUNTO,-1,-1,0,-1
2020470931937,2020,470931937,1,9,0,9,9,7,5,0,0,4,0,0,0,0,3,1,5,6,1,81,11,1368,1,14,FIAT PUNTO,9,E01031714,0,-1
2020221007014,2020,221007014,1,9,0,4,4,1,5,0,0,1,0,0,0,0,2,1,5,6,1,25,5,1242,1,6,FIAT PUNTO,5,E01032156,0,-1
202006G267186,2020,06G267186,1,9,0,18,19,1,5,0,0,2,0,0,0,0,3,1,6,6,2,52,8,1242,1,14,FIAT PUNTO,8,E01005995,0,-1
2020160993225,2020,160993225,1,9,0,9,9,4,2,0,0,6,0,0,0,0,3,1,3,7,2,34,6,1368,1,12,FIAT PUNTO,1,E01012892,0,-1
2020010232761,2020,010232761,2,9,0,99,99,9,9,99,99,9,9,99,9,99,1,9,6,6,3,-1,-1,1242,1,17,FIAT PUNTO,10,E01000833,0,-1
20201374K1525,2020,1374K1525,1,9,0,18,19,8,4,0,0,0,5,10,7,4,3,1,6,6,2,33,6,1242,1,5,FIAT PUNTO,1,E01007320,0,-1
2020010259175,2020,010259175,1,9,0,99,99,9,9,99,99,9,9,99,9,99,2,9,6,6,1,33,6,1368,1,11,FIAT PUNTO,3,E01001481,0,-1
2020040945460,2020,040945460,1,9,0,18,19,1,5,0,0,1,0,0,0,0,1,1,5,6,2,24,5,1242,1,16,FIAT PUNTO,1,E01012744,0,-1
2020201022718,2020,201022718,2,9,0,9,9,2,8,0,0,6,0,4,0,0,3,1,6,6,1,-1,-1,1242,1,12,FIAT PUNTO,-1,-1,0,-1
202063D078920,2020,63D078920,1,9,0,17,19,6,3,0,0,0,1,0,2,10,1,1,6,6,1,50,8,1242,1,12,FIAT PUNTO,2,E01006586,0,-1
2020552000562,2020,552000562,4,9,0,2,2,0,0,0,0,0,0,4,0,0,2,1,6,6,3,-1,-1,1242,1,7,FIAT PUNTO,-1,-1,0,-1
2020990917572,2020,990917572,1,9,0,18,19,1,6,0,0,2,0,0,0,0,1,1,6,6,2,38,7,1242,1,8,FIAT PUNTO,1,-1,0,-1
2020010262289,2020,010262289,1,9,0,1,1,1,5,0,0,0,0,0,0,0,2,1,6,6,1,29,6,1368,1,14,FIAT PUNTO,9,E01003271,0,-1
2020110918928,2020,110918928,2,9,0,18,19,7,4,0,0,8,0,0,0,0,4,1,5,6,2,31,6,1248,2,7,FIAT PUNTO,4,E01020633,0,-1
2020210958204,2020,210958204,1,9,-1,-1,-1,5,1,-1,-1,-1,-1,-1,-1,0,-1,1,6,6,1,25,5,1368,1,11,FIAT PUNTO,4,E01029431,0,-1
2020522004338,2020,522004338,2,9,0,18,19,4,8,0,0,0,0,0,0,0,3,1,6,6,1,32,6,1242,1,5,FIAT PUNTO,2,E01014595,0,-1
2020450951031,2020,450951031,2,9,0,4,4,1,5,0,0,1,0,0,0,0,2,1,5,6,1,22,5,1368,1,11,FIAT PUNTO,10,E01030365,0,-1
2020460981748,2020,460981748,1,9,0,16,19,4,7,0,0,0,0,0,7,0,1,1,2,2,1,18,4,1242,1,5,FIAT PUNTO,8,E01024362,0,-1
2020440078707,2020,440078707,2,19,0,18,19,3,7,0,0,8,0,0,0,0,2,1,1,1,1,64,9,1248,2,11,-1,5,E01023079,0,-1
2020041007742,2020,041007742,1,9,0,5,5,3,7,0,0,0,0,0,0,0,3,1,2,2,1,37,7,1248,2,11,FIAT PUNTO,-1,-1,0,-1
2020010232520,2020,010232520,1,9,0,9,9,7,5,0,0,5,0,0,0,0,2,1,6,6,2,19,4,1368,1,9,FIAT PUNTO,6,E01002240,0,-1
2020200947119,2020,200947119,2,9,0,3,3,2,6,0,0,1,0,0,0,0,2,1,6,6,2,36,7,1242,1,14,FIAT PUNTO,1,E01009073,0,-1
2020302001265,2020,302001265,1,9,0,4,4,7,3,0,0,8,0,0,0,0,2,1,6,6,1,23,5,1242,1,12,FIAT PUNTO,4,E01033171,0,-1
2020450984563,2020,450984563,2,9,0,5,5,1,5,0,0,0,0,0,0,0,1,1,5,6,2,29,6,1368,1,6,FIAT PUNTO,6,E01030842,0,-1
2020420950807,2020,420950807,2,9,0,18,19,1,5,0,0,8,0,0,0,0,4,1,5,6,2,23,5,1368,1,11,FIAT PUNTO,3,E01015963,0,-1
2020450978264,2020,450978264,1,9,0,16,19,5,1,9,9,3,0,0,1,1,1,1,2,2,1,27,6,1242,1,13,FIAT PUNTO,4,E01030805,0,-1
202063A057120,2020,63A057120,1,9,0,16,19,8,3,0,0,2,0,0,7,10,1,1,6,6,1,29,6,1910,2,16,FIAT PUNTO,5,W01000528,0,-1
202063B028920,2020,63B028920,1,9,0,18,19,8,4,0,0,0,2,0,8,10,1,1,6,6,1,21,5,1242,1,13,FIAT PUNTO,5,W01000522,0,-1
2020170M30450,2020,170M30450,2,9,0,3,3,4,7,0,0,0,0,0,0,0,2,1,6,6,1,61,9,1242,1,3,FIAT PUNTO,4,E01032553,0,-1
2020500938622,2020,500938622,4,9,0,2,2,0,0,0,0,0,0,0,0,0,1,1,5,6,1,29,6,1368,1,11,FIAT PUNTO,1,E01015046,0,-1
2020350955123,2020,350955123,1,9,0,13,13,3,7,0,0,0,2,0,7,4,1,1,2,2,1,59,9,1242,1,16,FIAT PUNTO,3,E01029954,0,-1
2020501002952,2020,501002952,1,9,0,17,19,5,1,0,0,0,2,4,1,11,4,1,1,1,2,18,4,1242,1,13,FIAT PUNTO,6,E01018824,0,-1
2020302001323,2020,302001323,1,9,0,3,3,3,7,0,0,0,0,0,0,0,1,1,6,6,1,18,4,1242,1,8,FIAT PUNTO,2,E01029426,0,-1
2020010235649,2020,010235649,2,9,0,99,99,9,9,99,99,9,9,99,9,99,1,9,6,6,3,30,6,1368,1,11,FIAT PUNTO,3,E01003025,0,-1
2020410916515,2020,410916515,1,9,0,3,3,7,3,0,0,2,0,0,0,0,1,1,6,6,1,25,5,1368,1,12,FIAT PUNTO,-1,-1,0,-1
2020440496520,2020,440496520,1,9,0,18,19,3,7,0,0,8,1,0,7,11,1,1,6,6,2,19,4,1242,1,13,FIAT PUNTO,10,E01016639,0,-1
2020351003812,2020,351003812,2,9,0,18,19,1,5,0,0,8,0,0,0,0,4,1,1,1,1,20,4,1242,1,2,FIAT PUNTO,7,E01018243,0,-1
2020520001070,2020,520001070,3,9,0,18,19,4,8,0,0,0,0,0,0,0,1,1,6,6,2,20,4,1242,1,17,FIAT PUNTO,6,E01029078,0,-1
2020500957837,2020,500957837,1,9,0,18,19,1,5,0,0,0,1,0,0,0,2,1,1,1,1,48,8,1242,1,16,FIAT PUNTO,3,E01018974,0,-1
2020370960098,2020,370960098,1,9,0,18,19,5,1,0,0,0,5,0,1,1,4,1,2,2,1,31,6,1242,1,18,FIAT PUNTO,3,E01008639,0,-1
2020410946875,2020,410946875,2,9,0,9,9,5,1,0,0,6,0,0,0,0,3,1,2,2,2,34,6,1242,1,14,FIAT PUNTO,5,E01023791,0,-1
202006A277726,2020,06A277726,1,9,0,18,19,4,8,0,0,4,0,0,0,0,1,1,6,6,1,30,6,1368,1,11,FIAT PUNTO,10,E01012517,0,-1
2020990961032,2020,990961032,2,9,0,18,19,7,3,0,0,1,0,0,0,0,1,1,2,2,1,54,8,1242,1,12,FIAT PUNTO,5,-1,0,-1
2020210946626,2020,210946626,1,9,0,18,19,4,8,0,0,0,0,0,0,0,4,1,5,6,1,18,4,1242,1,8,FIAT PUNTO,5,E01031037,0,-1
202006F177466,2020,06F177466,2,9,0,18,19,1,5,0,0,1,0,0,0,0,2,1,6,6,1,37,7,1242,1,13,FIAT PUNTO,8,E01005676,0,-1
2020100966577,2020,100966577,3,9,0,3,3,8,4,0,0,1,0,0,0,0,2,1,6,6,2,39,7,1248,2,8,FIAT PUNTO,-1,-1,0,-1
2020010253032,2020,010253032,1,9,0,9,9,7,5,0,0,3,0,0,0,0,1,1,2,2,2,76,11,1242,1,8,FIAT PUNTO,6,E01002655,0,-1
202006F167570,2020,06F167570,2,9,0,8,8,2,4,0,0,6,0,0,0,0,2,1,1,1,1,49,8,1242,1,12,FIAT PUNTO,1,E01005664,0,-1
2020320930604,2020,320930604,1,9,0,18,19,3,7,0,0,0,0,0,0,0,1,1,6,6,2,37,7,1368,1,10,FIAT PUNTO,3,E01027180,0,-1
202063D003120,2020,63D003120,1,9,0,9,9,8,6,9,9,6,0,0,0,0,3,1,1,1,2,54,8,1242,1,14,FIAT PUNTO,6,W01001906,0,-1
2020010233404,2020,010233404,1,9,0,18,19,8,4,0,0,1,0,0,0,0,1,1,6,6,1,46,8,1242,1,16,FIAT PUNTO,3,E01001111,0,-1
2020010247525,2020,010247525,1,9,0,9,9,3,1,0,0,6,0,0,0,0,1,1,6,6,2,26,6,1368,1,10,FIAT PUNTO,-1,-1,0,-1
2020430039385,2020,430039385,1,9,0,18,19,3,7,0,0,2,0,0,0,0,1,1,2,2,2,52,8,1242,1,18,FIAT PUNTO,8,E01032947,0,-1
2020470984761,2020,470984761,1,9,0,18,19,3,7,0,0,1,0,0,0,0,1,1,5,6,1,18,4,1242,1,14,FIAT PUNTO,4,E01031596,0,-1
2020460992227,2020,460992227,1,9,0,5,5,1,3,0,0,0,0,0,3,0,4,1,6,6,1,18,4,1242,1,13,FIAT PUNTO,5,E01024594,0,-1
202063B039320,2020,63B039320,1,9,0,18,19,8,4,0,0,0,1,0,0,0,1,1,1,1,1,22,5,1242,1,17,FIAT PUNTO,9,W01000534,0,-1
2020420961297,2020,420961297,2,9,0,18,19,3,7,0,0,0,0,0,0,0,1,1,5,6,1,28,6,1368,1,10,FIAT PUNTO,4,E01021283,0,-1
2020200983281,2020,200983281,1,9,0,18,19,2,6,0,0,4,0,0,0,0,0,1,6,6,1,25,5,1242,1,13,FIAT PUNTO,1,E01010481,0,-1
2020040974264,2020,040974264,1,9,0,18,19,7,3,0,0,1,0,0,0,0,1,1,5,6,2,39,7,1368,1,10,FIAT PUNTO,1,E01012603,0,-1
2020420963198,2020,420963198,2,9,0,9,9,3,1,0,0,2,0,0,0,0,3,1,5,6,2,29,6,1242,1,15,FIAT PUNTO,1,E01022025,0,-1
202006Q174765,2020,06Q174765,3,9,0,18,19,4,8,0,0,0,0,0,0,0,3,1,6,6,2,36,7,1242,1,15,FIAT PUNTO,-1,-1,0,-1
2020200962951,2020,200962951,2,9,0,18,19,6,2,0,0,8,1,0,0,0,4,1,2,2,1,22,5,1368,1,11,FIAT PUNTO,1,E01010053,0,-1
2020460967508,2020,460967508,1,9,0,9,9,1,5,0,0,2,1,10,0,0,3,1,6,6,1,19,4,1242,1,13,FIAT PUNTO,8,E01024545,0,-1
2020230956663,2020,230956663,1,9,0,18,19,8,4,0,0,0,0,0,7,4,1,1,5,6,1,74,10,1368,1,14,FIAT PUNTO,8,E01031245,0,-1
2020200993195,2020,200993195,3,9,0,18,19,7,3,0,0,8,0,0,0,0,3,1,6,6,2,61,9,1242,1,12,FIAT PUNTO,4,E01010361,0,-1
2020460962884,2020,460962884,1,9,0,3,3,3,7,0,0,4,0,0,0,0,1,1,5,6,3,-1,-1,1242,1,18,FIAT PUNTO,-1,-1,0,-1
202006N278474,2020,06N278474,1,9,0,18,19,3,7,0,0,8,0,0,0,0,1,1,6,6,1,46,8,1368,1,11,FIAT PUNTO,2,E01005008,0,-1
2020340D07502,2020,340D07502,1,9,0,18,19,3,1,0,0,6,0,0,0,0,1,1,2,2,1,40,7,1242,1,14,FIAT PUNTO,7,E01013783,0,-1
2020460984552,2020,460984552,2,9,0,8,8,1,5,0,0,1,0,0,0,0,2,1,5,6,1,26,6,1242,1,16,FIAT PUNTO,1,E01016111,0,-1
2020220976407,2020,220976407,1,9,0,18,19,6,2,0,0,0,0,0,7,11,1,1,5,6,2,20,4,1242,1,16,FIAT PUNTO,5,E01014053,0,-1
2020052000163,2020,052000163,1,9,0,4,4,3,7,0,0,8,0,0,0,0,1,1,6,6,1,17,4,1242,1,12,FIAT PUNTO,7,E01007192,0,-1
2020140960979,2020,140960979,1,9,0,2,2,8,8,0,0,0,0,0,0,0,2,1,1,1,1,38,7,1242,1,16,FIAT PUNTO,1,E01007453,0,-1
2020200956996,2020,200956996,1,9,0,18,19,5,1,0,0,8,0,0,0,0,3,1,6,6,1,29,6,1368,1,8,FIAT PUNTO,6,E01010114,0,-1
2020160948427,2020,160948427,2,9,0,2,2,0,0,0,0,2,0,0,0,0,2,1,5,6,3,-1,-1,1242,1,14,FIAT PUNTO,-1,-1,0,-1
2020052002544,2020,052002544,2,9,0,18,19,7,3,0,0,8,0,0,3,1,4,1,6,6,1,68,10,1242,1,6,FIAT PUNTO,6,E01007072,0,-1
2020471006833,2020,471006833,1,9,0,2,2,0,0,0,0,2,0,0,0,0,3,1,6,6,1,68,10,1242,1,14,FIAT PUNTO,2,E01016905,0,-1
2020522004978,2020,522004978,2,9,0,9,9,7,5,0,0,5,0,0,0,0,3,1,6,6,2,55,8,1242,1,15,FIAT PUNTO,7,E01014808,0,-1
2020230961870,2020,230961870,1,9,0,18,19,3,7,0,0,3,2,0,1,0,4,1,1,1,1,32,6,1242,1,18,FIAT PUNTO,1,E01009566,0,-1
2020010261084,2020,010261084,2,9,0,2,2,0,0,0,0,0,0,0,0,0,2,1,6,6,3,-1,-1,1248,2,16,FIAT PUNTO,-1,-1,0,-1
2020160988730,2020,160988730,1,9,0,17,19,3,7,0,0,0,2,0,1,0,4,1,5,6,2,25,5,1242,1,12,FIAT PUNTO,7,E01013069,0,-1
2020450986744,2020,450986744,1,9,0,16,19,8,4,0,0,0,1,0,7,11,1,1,5,6,1,20,4,1242,1,17,FIAT PUNTO,8,E01030549,0,-1
2020460972444,2020,460972444,1,9,0,1,1,1,5,0,0,1,0,0,0,0,2,1,5,6,1,60,9,1368,1,12,FIAT PUNTO,5,E01024082,0,-1
2020160938117,2020,160938117,2,9,0,4,4,5,1,2,2,2,0,0,0,0,2,1,2,2,1,32,6,1242,1,16,FIAT PUNTO,10,E01013067,0,-1
2020302001266,2020,302001266,2,9,0,2,2,0,0,0,0,0,0,0,0,0,2,1,6,6,1,77,11,1242,1,16,FIAT PUNTO,8,E01019704,0,-1
2020160924162,2020,160924162,1,9,0,7,7,8,1,0,0,8,0,0,0,0,2,1,6,6,1,18,4,1242,1,14,FIAT PUNTO,-1,-1,0,-1
2020010228918,2020,010228918,1,9,0,5,5,6,2,0,0,4,1,7,7,11,4,1,2,2,1,30,6,1368,1,7,FIAT PUNTO,5,E01030609,0,-1
2020137261005,2020,137261005,2,9,0,4,4,6,2,0,0,0,0,0,0,0,2,1,6,6,2,60,9,1242,1,14,FIAT PUNTO,4,E01011777,0,-1
2020470975201,2020,470975201,2,9,0,17,19,5,1,0,0,0,1,4,2,0,1,1,5,6,1,23,5,1248,2,14,FIAT PUNTO,4,E01031628,0,-1
2020220964609,2020,220964609,1,9,0,18,19,1,5,0,0,1,0,0,0,0,1,1,6,6,1,20,4,1242,1,7,FIAT PUNTO,-1,-1,0,-1
2020500985173,2020,500985173,1,9,0,18,19,3,7,0,0,0,0,0,0,0,1,1,5,6,2,19,4,1242,1,14,FIAT PUNTO,4,E01020291,0,-1
2020440150438,2020,440150438,1,9,0,5,5,4,2,0,0,8,0,0,0,0,1,1,6,6,2,42,7,1368,1,12,FIAT PUNTO,10,E01023210,0,-1
2020211025412,2020,211025412,2,9,0,4,4,3,7,0,0,0,0,0,0,0,2,1,6,6,1,28,6,1242,1,14,FIAT PUNTO,1,E01010511,0,-1
2020991009084,2020,991009084,1,9,0,4,4,8,4,0,0,0,0,0,0,0,1,1,2,2,1,21,5,1368,1,10,FIAT PUNTO,7,-1,0,-1
2020230961754,2020,230961754,1,9,0,18,19,1,5,0,0,6,0,0,0,0,4,1,5,6,1,18,4,1368,1,12,FIAT PUNTO,10,E01031228,0,-1
2020370929136,2020,370929136,2,9,0,2,2,0,0,8,6,0,0,0,0,0,2,1,5,6,2,20,4,1242,1,14,FIAT PUNTO,2,E01029984,0,-1
2020420961061,2020,420961061,1,9,0,18,19,5,1,0,0,0,0,0,0,0,1,1,6,6,1,29,6,1242,1,5,FIAT PUNTO,7,E01002329,0,-1
2020210966064,2020,210966064,1,9,0,7,7,6,7,0,0,0,-1,0,0,0,1,1,5,6,2,35,6,1368,1,11,FIAT PUNTO,2,E01029716,0,-1
202063A055220,2020,63A055220,2,9,0,18,19,7,3,0,0,0,0,0,2,10,1,1,6,6,1,69,10,1368,1,12,FIAT PUNTO,8,W01000663,0,-1
2020010238894,2020,010238894,1,9,0,18,19,1,5,0,0,8,0,0,0,0,1,1,6,6,1,30,6,1242,1,19,FIAT PUNTO,7,E01003167,0,-1
2020010281523,2020,010281523,2,9,0,7,7,3,5,0,0,8,0,0,0,0,3,1,6,6,1,54,8,1242,1,13,FIAT PUNTO,2,E01001439,0,-1
2020500934401,2020,500934401,1,9,0,18,19,7,3,0,0,0,0,0,0,0,1,1,5,6,1,18,4,1242,1,12,FIAT PUNTO,10,E01022856,0,-1