collision_index,collision_year,collision_ref_no,vehicle_reference,vehicle_type,towing_and_articulation,vehicle_manoeuvre_historic,vehicle_manoeuvre,vehicle_direction_from,vehicle_direction_to,vehicle_location_restricted_lane_historic,vehicle_location_restricted_lane,junction_location,skidding_and_overturning,hit_object_in_carriageway,vehicle_leaving_carriageway,hit_object_off_carriageway,first_point_of_impact,vehicle_left_hand_drive,journey_purpose_of_driver_historic,journey_purpose_of_driver,sex_of_driver,age_of_driver,age_band_of_driver,engine_capacity_cc,propulsion_code,age_of_vehicle,generic_make_model,driver_imd_decile,lsoa_of_driver,escooter_flag,driver_distance_banding
2020450930303,2020,450930303,2,21,0,10,10,7,3,0,0,1,0,0,0,0,2,1,5,6,1,45,7,12419,2,2,MAN Model Missing,4,E01031608,0,-1
2020070082277,2020,070082277,2,21,0,18,19,2,6,0,0,0,0,0,0,0,4,1,2,2,1,58,9,6871,2,4,MAN Model Missing,2,E01007024,0,-1
2020100994406,2020,100994406,1,21,0,4,4,5,1,0,0,0,1,0,0,0,1,1,1,1,1,45,7,4580,2,10,MAN Model Missing,-1,-1,0,-1
2020070342586,2020,070342586,3,21,1,2,2,0,0,6,6,0,0,0,0,0,2,1,6,6,1,53,8,12419,2,4,MAN Model Missing,2,E01017253,0,-1
2020501005689,2020,501005689,2,21,1,3,3,2,6,0,0,0,0,0,0,0,2,1,1,1,1,54,8,12419,2,2,MAN Model Missing,5,E01019050,0,-1
2020160980857,2020,160980857,2,21,1,2,2,0,0,0,0,0,0,0,0,0,3,1,1,1,1,52,8,6871,2,13,MAN Model Missing,4,W01000111,0,-1
2020470926739,2020,470926739,2,19,0,2,2,0,0,0,0,0,0,0,0,0,3,1,1,1,1,50,8,6871,2,2,MAN Model Missing,4,E01023738,0,-1
2020460943878,2020,460943878,2,21,1,18,19,1,5,0,0,0,0,0,0,0,3,1,1,1,1,30,6,12419,2,5,MAN Model Missing,3,E01010018,0,-1
2020360938214,2020,360938214,2,21,1,18,19,6,2,0,0,2,0,0,0,0,1,1,1,1,1,47,8,10518,2,7,MAN Model Missing,8,E01026434,0,-1
2020460932534,2020,460932534,2,21,1,2,2,3,7,0,0,0,0,0,0,0,2,1,1,1,1,62,9,12419,2,4,MAN Model Missing,4,E01024665,0,-1
2020220999150,2020,220999150,1,20,0,13,13,2,6,0,0,3,0,0,0,0,4,1,6,6,1,-1,-1,-1,-1,-1,MAN Model Missing,3,E01014153,0,-1
2020070593496,2020,070593496,1,21,1,4,4,2,6,0,0,0,1,0,0,0,1,1,1,1,1,40,7,15256,2,3,MAN Model Missing,4,E01012478,0,-1
2020460998867,2020,460998867,2,98,1,18,19,5,1,0,0,0,0,0,0,0,3,1,1,1,1,58,9,-1,-1,-1,-1,7,E01010899,0,-1
2020010256797,2020,010256797,2,19,0,5,5,7,3,0,0,0,0,0,0,0,2,1,1,1,1,41,7,4580,2,1,MAN Model Missing,4,E01004396,0,-1
2020040947415,2020,040947415,2,21,0,18,19,7,3,0,0,2,0,0,0,0,1,1,1,1,1,62,9,12419,2,10,MAN Model Missing,7,E01029781,0,-1
2020420997255,2020,420997255,1,21,1,18,19,7,3,0,0,0,0,0,0,0,4,1,1,1,1,60,9,12419,2,4,MAN Model Missing,3,E01000089,0,-1
2020230984311,2020,230984311,4,21,1,3,3,4,8,0,0,0,0,0,0,0,2,1,1,1,1,59,9,12419,2,3,MAN Model Missing,4,E01022050,0,-1
2020140992605,2020,140992605,3,21,0,2,2,1,1,1,1,0,0,0,0,0,3,1,1,1,1,35,6,4580,2,4,MAN Model Missing,8,E01028367,0,-1
2020332000181,2020,332000181,1,19,0,18,19,3,7,0,0,0,0,5,1,10,1,1,6,6,1,43,7,5480,2,1,MAN Model Missing,4,W01001063,0,-1
2020543164220,2020,543164220,3,21,1,18,19,1,5,0,0,0,0,0,0,0,0,1,6,6,1,38,7,12419,2,4,MAN Model Missing,10,E01031966,0,-1
2020170H10270,2020,170H10270,2,11,0,18,19,5,1,0,0,8,0,0,0,0,3,1,1,1,1,56,9,6871,2,12,MAN Model Missing,7,E01011959,0,-1
2020520100829,2020,520100829,2,20,0,18,19,5,1,0,0,8,0,0,0,0,0,1,1,1,1,38,7,-1,-1,-1,MAN Model Missing,3,E01029079,0,-1
2020430420555,2020,430420555,1,21,1,18,19,6,2,0,0,0,3,0,0,0,1,1,1,1,1,27,6,10518,2,8,MAN Model Missing,1,E01029979,0,-1
2020440355213,2020,440355213,1,21,0,11,11,3,7,0,0,0,0,0,0,0,4,1,1,1,1,38,7,6871,2,6,MAN Model Missing,3,E01031483,0,-1
2020140964862,2020,140964862,2,20,0,18,19,1,5,0,0,0,0,0,0,0,1,1,1,1,1,47,8,4600,2,1,MAN Model Missing,-1,-1,0,-1
2020110920084,2020,110920084,2,20,0,18,19,5,1,0,0,8,0,0,0,0,1,1,1,1,1,31,6,6870,2,8,MAN Model Missing,6,E01012242,0,-1
2020140934760,2020,140934760,2,21,0,2,2,0,0,6,6,0,0,0,0,0,3,1,1,1,1,43,7,12419,2,5,MAN Model Missing,6,E01000220,0,-1
2020990928650,2020,990928650,1,20,1,18,19,5,8,0,0,0,3,0,0,0,1,1,1,1,1,54,8,-1,-1,-1,MAN Model Missing,6,E01033525,0,-1
2020302001487,2020,302001487,3,20,0,18,19,1,5,0,0,0,1,0,0,0,1,1,1,1,1,61,9,4580,2,16,MAN Model Missing,6,E01013476,0,-1
2020460968093,2020,460968093,1,21,1,18,19,2,3,0,0,0,2,10,0,0,4,1,1,1,1,42,7,12419,2,5,MAN Model Missing,5,E01015417,0,-1
2020470979570,2020,470979570,1,21,0,18,19,7,3,0,0,0,0,0,0,0,1,1,1,1,1,42,7,4580,2,8,MAN Model Missing,4,E01031836,0,-1
2020420933438,2020,420933438,2,20,0,18,19,7,3,0,0,0,0,0,0,0,2,1,1,1,1,59,9,10518,2,4,MAN Model Missing,7,E01021967,0,-1
202031C070920,2020,31C070920,2,21,0,18,19,1,5,0,0,1,1,0,0,0,1,1,1,1,1,53,8,4580,2,1,MAN Model Missing,2,E01019523,0,-1
2020141003858,2020,141003858,2,21,0,18,19,7,3,0,0,0,0,0,0,0,1,1,1,1,1,62,9,6870,2,8,MAN Model Missing,5,E01013244,0,-1
2020430003312,2020,430003312,2,20,0,18,19,7,3,0,0,1,0,0,0,0,2,1,1,1,1,55,8,4580,2,3,MAN Model Missing,-1,-1,0,-1
2020040943198,2020,040943198,1,21,0,5,5,7,3,0,0,0,0,0,0,0,3,1,6,6,3,-1,-1,15018,2,5,MAN Model Missing,-1,-1,0,-1
2020990973814,2020,990973814,1,21,1,18,19,6,2,0,0,0,0,0,0,0,3,1,1,1,1,39,7,12419,2,5,MAN Model Missing,9,-1,0,-1
2020230935744,2020,230935744,1,21,1,18,19,2,6,0,0,0,1,0,0,0,1,1,1,1,1,22,5,12419,2,5,MAN Model Missing,1,E01010478,0,-1
2020440318293,2020,440318293,1,21,1,11,11,6,2,0,0,0,0,0,0,0,4,1,1,1,1,36,7,10518,2,9,MAN Model Missing,1,E01017210,0,-1
2020211023624,2020,211023624,1,21,-1,18,19,1,6,0,0,2,0,0,0,0,1,1,1,1,1,52,8,12419,2,2,MAN Model Missing,4,E01004796,0,-1
2020990917979,2020,990917979,1,21,4,18,19,6,2,0,0,0,1,0,7,7,1,1,1,1,1,50,8,12419,2,1,MAN Model Missing,8,-1,0,-1
2020440002936,2020,440002936,1,21,0,18,19,3,7,0,0,8,0,0,0,0,1,1,1,1,1,65,9,6871,2,17,MAN Model Missing,9,E01023275,0,-1
2020030955032,2020,030955032,2,19,0,18,19,3,7,0,0,1,0,0,0,0,1,1,1,1,1,46,8,6870,2,8,MAN Model Missing,9,E01019326,0,-1
2020010279125,2020,010279125,2,20,0,18,19,3,7,0,0,0,0,0,0,0,1,1,1,1,1,50,8,-1,-1,-1,MAN Model Missing,-1,-1,0,-1
2020052002298,2020,052002298,2,11,0,18,19,2,6,0,0,8,0,0,0,0,1,1,1,1,1,30,6,6871,2,12,MAN Model Missing,7,E01006423,0,-1
2020552000475,2020,552000475,1,21,0,18,19,8,4,0,0,0,0,0,0,0,4,1,1,1,1,58,9,10518,2,7,MAN Model Missing,5,E01029255,0,-1
2020170M11150,2020,170M11150,1,21,0,11,11,2,6,0,0,0,0,0,0,0,4,1,1,1,1,53,8,12419,2,5,MAN Model Missing,-1,-1,0,-1
2020552000419,2020,552000419,1,21,0,18,19,8,4,0,0,0,0,0,0,0,1,1,1,1,1,23,5,12419,2,4,MAN Model Missing,2,E01031896,0,-1
2020460983618,2020,460983618,3,21,2,2,2,0,0,0,0,1,0,0,0,0,2,1,6,6,3,-1,-1,12419,2,1,MAN Model Missing,-1,-1,0,-1
2020030947538,2020,030947538,2,21,0,13,13,1,5,0,0,1,0,0,0,0,2,1,1,1,1,46,8,4580,2,10,MAN Model Missing,6,E01019090,0,-1
2020440387214,2020,440387214,2,21,0,18,19,1,5,0,0,0,0,0,0,0,1,1,1,1,1,64,9,12419,2,1,MAN Model Missing,7,E01023030,0,-1
2020210956750,2020,210956750,1,19,1,18,19,8,4,0,0,0,0,0,0,0,1,1,1,1,1,60,9,-1,-1,-1,MAN Model Missing,9,E01009816,0,-1
2020070518557,2020,070518557,2,21,0,18,19,4,8,0,0,1,0,0,0,0,1,1,1,1,1,62,9,6871,2,4,MAN Model Missing,3,E01029558,0,-1
2020070750405,2020,070750405,2,21,1,18,19,8,4,0,0,0,0,0,0,0,4,1,1,1,1,62,9,12419,2,0,MAN Model Missing,1,E01014124,0,-1
2020420924018,2020,420924018,1,21,0,18,19,3,7,0,0,0,0,0,0,0,0,1,1,1,1,55,8,6870,2,19,MAN Model Missing,9,E01021893,0,-1
2020370938207,2020,370938207,2,21,4,18,19,7,3,0,0,0,0,0,0,0,3,1,1,1,1,57,9,12419,2,7,MAN Model Missing,1,E01026704,0,-1
2020040996407,2020,040996407,2,21,0,18,19,3,7,0,0,0,0,0,0,0,1,1,1,1,1,56,9,6870,2,8,MAN Model Missing,5,E01025515,0,-1
2020430282049,2020,430282049,2,21,0,18,19,6,2,0,0,0,1,0,0,0,1,1,1,1,1,63,9,12419,2,5,MAN Model Missing,4,E01028809,0,-1
2020040920234,2020,040920234,2,21,0,18,19,5,1,0,0,8,0,0,0,0,1,1,1,1,1,34,6,6870,2,8,MAN Model Missing,2,E01027749,0,-1
2020231001377,2020,231001377,1,21,1,18,19,8,4,0,0,0,1,11,1,7,4,1,1,1,1,57,9,12419,2,5,MAN Model Missing,9,E01027792,0,-1
2020010283578,2020,010283578,2,21,0,11,11,1,5,0,0,0,0,0,0,0,4,1,1,1,1,53,8,6871,2,1,MAN Model Missing,1,E01019488,0,-1
2020040991062,2020,040991062,1,21,0,7,7,1,5,0,0,8,0,10,0,0,4,1,6,6,1,67,10,12419,2,3,MAN Model Missing,8,E01006251,0,-1
2020160998727,2020,160998727,2,21,0,9,9,1,7,0,0,8,0,0,0,0,4,1,1,1,1,40,7,12419,2,1,MAN Model Missing,4,E01019492,0,-1
202031A086220,2020,31A086220,1,20,0,18,19,4,8,0,0,1,0,0,0,0,1,1,1,1,1,36,7,4580,2,4,MAN Model Missing,4,E01028343,0,-1
2020420939709,2020,420939709,2,21,1,18,19,3,7,0,0,8,0,0,1,0,3,1,1,1,1,45,7,6870,2,9,MAN Model Missing,8,E01021533,0,-1
2020430392022,2020,430392022,2,21,0,16,19,1,3,0,0,0,0,0,0,0,3,1,1,1,1,60,9,4600,2,1,MAN Model Missing,-1,-1,0,-1
2020440263740,2020,440263740,2,21,0,4,4,8,4,0,0,0,0,0,0,0,2,1,1,1,1,44,7,12419,2,2,MAN Model Missing,-1,-1,0,-1
2020470968251,2020,470968251,1,21,0,17,19,2,6,0,0,1,0,0,0,0,1,1,5,6,1,61,9,12419,2,2,MAN Model Missing,5,E01021211,0,-1
2020430242770,2020,430242770,2,11,0,5,5,1,5,0,0,2,0,0,0,0,3,1,1,1,1,65,9,6871,2,10,MAN Model Missing,6,E01017858,0,-1
2020231017555,2020,231017555,2,21,1,18,19,4,8,0,0,0,0,0,0,0,3,1,1,1,1,61,9,12419,2,2,MAN Model Missing,10,E01025832,0,-1
2020430057996,2020,430057996,1,20,0,18,19,4,8,0,0,0,0,0,7,4,1,1,1,1,1,53,8,6871,2,1,MAN Model Missing,-1,-1,0,-1
2020320484853,2020,320484853,1,21,0,17,19,4,8,0,0,0,0,0,0,0,3,1,1,1,1,56,9,12419,2,8,MAN Model Missing,9,E01025935,0,-1
2020070472296,2020,070472296,1,21,1,17,19,3,1,0,0,0,5,0,1,7,4,1,1,1,1,49,8,12419,2,4,MAN Model Missing,1,E01006961,0,-1
2020137BK1199,2020,137BK1199,1,21,1,11,11,3,7,0,0,0,0,0,0,0,4,1,1,1,1,58,9,12419,2,6,MAN Model Missing,8,E01017788,0,-1
2020340K08252,2020,340K08252,1,11,0,7,7,2,4,0,0,6,0,0,0,0,0,1,1,1,1,54,8,6871,2,12,MAN Model Missing,10,E01027086,0,-1
2020141008011,2020,141008011,1,11,0,4,4,4,8,0,0,0,0,0,0,0,0,1,1,1,1,33,6,6871,2,12,MAN Model Missing,8,E01007379,0,-1
2020010252060,2020,010252060,2,21,1,7,7,4,6,0,0,1,0,0,0,0,1,1,1,1,1,51,8,10518,2,8,MAN Model Missing,6,E01031893,0,-1
2020420937389,2020,420937389,1,21,1,18,19,1,5,0,0,0,0,0,0,0,4,1,1,1,1,51,8,12419,2,6,MAN Model Missing,3,E01026032,0,-1
2020990946373,2020,990946373,1,21,1,18,19,3,7,0,0,0,0,0,0,0,4,1,1,1,1,41,7,12419,2,5,MAN Model Missing,6,-1,0,-1
2020520004892,2020,520004892,3,21,0,18,19,2,6,0,0,0,0,0,0,0,1,1,6,6,1,62,9,12419,2,1,MAN Model Missing,1,W01001073,0,-1
2020210988849,2020,210988849,4,20,0,18,19,2,6,0,0,0,0,0,0,0,0,1,5,6,1,63,9,4580,2,23,MAN Model Missing,7,E01018580,0,-1
2020320447381,2020,320447381,2,21,1,18,19,1,5,0,0,8,0,0,0,0,1,1,1,1,1,47,8,12419,2,3,MAN Model Missing,6,E01026332,0,-1
2020430324842,2020,430324842,1,21,1,9,9,2,8,0,0,8,4,0,1,0,4,1,1,1,1,49,8,12419,2,4,MAN Model Missing,4,E01016481,0,-1
2020530977996,2020,530977996,3,21,1,9,9,4,2,0,0,0,0,0,0,0,0,1,6,6,1,-1,-1,12419,2,2,MAN Model Missing,1,E01009841,0,-1
2020101010476,2020,101010476,2,21,0,18,19,6,2,0,0,1,0,0,0,0,4,1,1,1,1,44,7,-1,-1,-1,MAN Model Missing,1,E01008729,0,-1
2020070595850,2020,070595850,1,21,4,18,19,1,5,0,0,0,1,0,0,0,1,1,1,1,1,66,10,10518,2,4,MAN Model Missing,9,E01018650,0,-1
20201378D1549,2020,1378D1549,1,21,1,11,11,7,3,0,0,0,0,0,0,0,1,1,1,1,1,42,7,12419,2,2,MAN Model Missing,1,E01011467,0,-1
2020160952563,2020,160952563,1,21,0,9,9,4,2,0,0,7,0,0,0,0,1,1,1,1,1,45,7,12419,2,1,MAN Model Missing,6,E01013180,0,-1
2020991003771,2020,991003771,2,11,0,17,19,2,8,0,0,0,0,0,1,0,3,1,1,1,1,60,9,6871,2,10,MAN Model Missing,2,-1,0,-1
2020052002598,2020,052002598,1,20,0,7,7,1,7,0,0,1,0,0,0,0,4,1,2,2,1,72,10,10518,2,6,MAN Model Missing,8,W01000272,0,-1
202063D065820,2020,63D065820,3,21,1,18,19,2,6,0,0,0,0,0,0,0,0,1,1,1,1,61,9,12419,2,2,MAN Model Missing,8,W01000447,0,-1
2020010250086,2020,010250086,2,21,0,5,5,5,1,0,0,4,0,0,0,0,1,1,1,1,1,52,8,12419,2,1,MAN Model Missing,7,E01000400,0,-1
2020470962741,2020,470962741,1,20,1,16,19,4,7,0,0,0,1,0,0,0,3,2,1,1,1,30,6,-1,-1,-1,MAN Model Missing,8,E01002291,0,-1
202063A028220,2020,63A028220,1,21,0,18,19,1,4,0,0,1,0,0,0,0,1,1,1,1,1,54,8,12419,2,3,MAN Model Missing,7,E01019746,0,-1
2020622000851,2020,622000851,2,21,0,18,19,8,4,0,0,0,1,0,0,0,1,1,1,1,1,63,9,4580,2,13,MAN Model Missing,1,W01001381,0,-1
2020522100692,2020,522100692,2,21,0,2,2,0,0,0,0,0,0,0,0,0,2,1,6,6,1,68,10,4580,2,25,MAN Model Missing,3,E01014942,0,-1
2020200947580,2020,200947580,1,19,0,9,9,1,7,0,0,6,0,0,0,0,1,1,1,1,1,28,6,4600,2,1,MAN Model Missing,1,E01008898,0,-1
2020500924266,2020,500924266,1,11,0,18,19,2,6,0,0,1,0,0,0,0,4,1,1,1,1,44,7,12816,5,7,MAN Model Missing,3,E01015085,0,-1
2020547276020,2020,547276020,3,21,1,18,19,5,1,0,0,8,0,0,0,0,1,1,1,1,1,56,9,15256,2,2,MAN Model Missing,8,E01024762,0,-1
2020430207556,2020,430207556,2,21,0,9,9,1,7,0,0,6,0,0,0,0,1,1,6,6,1,-1,-1,6871,2,6,MAN Model Missing,7,E01016579,0,-1
2020991017247,2020,991017247,2,21,0,18,19,6,1,0,0,8,0,0,0,0,3,1,1,1,1,46,8,10518,2,5,MAN Model Missing,7,-1,0,-1
2020100921427,2020,100921427,2,21,0,2,2,1,5,0,0,0,0,0,0,0,0,1,1,1,1,51,8,10518,2,8,MAN Model Missing,3,E01008567,0,-1
2020160976470,2020,160976470,2,11,0,18,19,2,6,0,0,0,0,0,0,0,0,1,1,1,1,-1,-1,6871,2,10,MAN Model Missing,-1,-1,0,-1
2020320640620,2020,320640620,2,21,0,18,19,8,4,0,0,1,0,0,0,0,1,1,1,1,1,37,7,12419,2,2,MAN Model Missing,6,E01026272,0,-1
2020530980781,2020,530980781,1,11,0,18,19,3,7,0,0,8,0,0,0,0,1,1,1,1,2,41,7,6871,2,11,MAN Model Missing,1,E01022333,0,-1
2020460927466,2020,460927466,2,20,1,4,4,1,5,0,0,0,0,0,0,0,1,1,6,6,1,51,8,10518,2,8,MAN Model Missing,3,E01000545,0,-1
2020220916517,2020,220916517,1,21,0,9,9,7,6,0,0,6,0,0,0,0,1,1,1,1,1,52,8,10518,2,7,MAN Model Missing,6,E01014080,0,-1
2020990974777,2020,990974777,1,21,1,16,19,2,4,0,0,0,0,0,0,0,3,1,1,1,1,35,6,12419,2,5,MAN Model Missing,3,-1,0,-1
2020100963158,2020,100963158,1,11,0,4,4,7,3,0,0,0,0,0,0,0,0,1,1,1,1,59,9,-1,2,11,MAN Model Missing,1,E01008800,0,-1
2020170H10980,2020,170H10980,1,11,0,18,19,1,5,0,0,1,0,0,0,0,1,1,1,1,1,65,9,6871,2,12,MAN Model Missing,5,E01011968,0,-1
2020400928571,2020,400928571,1,21,1,9,9,4,2,0,0,3,0,0,0,0,4,1,1,1,1,30,6,12419,2,9,MAN Model Missing,8,E01025791,0,-1
202031A011520,2020,31A011520,2,11,0,18,19,5,1,0,0,8,0,0,0,0,0,1,1,1,1,61,9,6871,2,11,MAN Model Missing,1,E01028247,0,-1
2020010273754,2020,010273754,2,20,0,99,99,9,9,99,99,0,9,99,9,99,1,1,6,6,3,51,8,4580,2,4,MAN Model Missing,1,E01026374,0,-1
2020500987408,2020,500987408,2,21,1,18,19,6,2,0,0,0,0,0,0,0,1,1,1,1,1,29,6,12419,2,7,MAN Model Missing,5,E01020256,0,-1
2020220995787,2020,220995787,3,21,1,4,4,1,5,0,0,0,0,0,0,0,2,1,1,1,1,49,8,10518,2,2,MAN Model Missing,10,E01031179,0,-1
2020137550899,2020,137550899,1,21,0,9,9,1,7,0,0,8,0,0,0,0,3,1,1,1,1,34,6,6871,2,1,MAN Model Missing,1,E01013177,0,-1
2020460942578,2020,460942578,2,21,1,3,3,8,4,0,0,0,0,0,0,0,2,1,1,1,1,41,7,12419,2,3,MAN Model Missing,9,E01016073,0,-1
2020421005070,2020,421005070,1,21,0,4,4,6,2,0,0,0,0,0,0,0,1,1,1,1,1,45,7,12419,2,8,MAN Model Missing,-1,-1,0,-1
2020030991776,2020,030991776,2,20,0,18,19,6,2,0,0,1,0,0,0,0,1,1,1,1,1,62,9,-1,-1,-1,MAN Model Missing,6,-1,0,-1
2020140939418,2020,140939418,1,11,0,3,3,1,5,0,0,8,0,0,0,0,0,1,1,1,1,21,5,6871,2,12,MAN Model Missing,7,E01007423,0,-1
2020137CB0544,2020,137CB0544,1,21,0,4,4,3,7,0,0,0,0,0,0,0,1,1,1,1,1,53,8,6871,2,10,MAN Model Missing,2,E01011913,0,-1
2020161008576,2020,161008576,1,21,0,18,19,6,2,0,0,0,0,0,0,0,1,1,1,1,1,66,10,-1,-1,-1,MAN Model Missing,4,E01008247,0,-1
2020100972175,2020,100972175,1,11,0,2,2,2,6,0,0,0,0,0,0,0,0,1,1,1,1,44,7,6800,2,11,MAN Model Missing,1,E01008756,0,-1
2020302000708,2020,302000708,1,21,1,17,19,5,2,0,0,8,0,0,0,0,3,1,1,1,1,66,10,12419,2,7,MAN Model Missing,9,E01027071,0,-1
2020302001124,2020,302001124,2,19,0,18,19,6,8,0,0,4,0,0,0,0,1,1,6,6,3,-1,-1,-1,-1,-1,MAN Model Missing,5,E01019456,0,-1
2020350929851,2020,350929851,2,21,0,11,11,2,6,0,0,0,0,0,0,0,1,1,1,1,1,54,8,12419,2,4,MAN Model Missing,6,E01030212,0,-1
2020420949174,2020,420949174,2,21,1,1,1,7,3,0,0,0,0,0,0,0,2,1,1,1,1,45,7,6870,2,12,MAN Model Missing,7,E01029885,0,-1
2020221010949,2020,221010949,1,21,0,18,19,4,8,0,0,0,1,0,0,0,0,1,1,1,1,40,7,-1,-1,-1,MAN Model Missing,-1,-1,0,-1
2020430163822,2020,430163822,2,21,1,2,2,4,8,6,6,0,0,0,5,0,2,1,1,1,1,40,7,12419,2,7,MAN Model Missing,1,E01016743,0,-1
2020210976256,2020,210976256,2,20,-1,-1,-1,-1,-1,-1,-1,0,-1,-1,-1,0,-1,1,6,6,1,62,9,4600,2,2,MAN Model Missing,4,E01004438,0,-1
2020990974869,2020,990974869,1,20,1,18,19,6,2,0,0,1,0,0,0,0,1,1,1,1,2,53,8,10518,2,4,MAN Model Missing,7,-1,0,-1
20201376N1235,2020,1376N1235,1,21,1,7,7,4,8,0,0,0,0,0,0,0,0,1,1,1,1,-1,-1,12419,2,1,MAN Model Missing,-1,-1,0,-1
2020122000703,2020,122000703,1,20,1,5,5,1,5,0,0,1,0,0,0,0,3,1,1,1,1,55,8,9037,2,0,MAN Model Missing,6,E01029221,0,-1
2020160977773,2020,160977773,2,21,0,13,13,5,1,0,0,1,0,0,0,0,4,1,1,1,3,47,8,12419,2,6,MAN Model Missing,-1,-1,0,-1
2020052000969,2020,052000969,1,11,0,5,5,0,4,0,0,0,0,0,0,0,4,1,1,1,1,44,7,6871,2,11,MAN Model Missing,-1,-1,0,-1
2020211025825,2020,211025825,1,21,1,18,19,8,5,0,0,0,0,0,0,0,3,1,6,6,1,50,8,12419,2,4,MAN Model Missing,-1,-1,0,-1
2020220996343,2020,220996343,2,20,0,9,9,1,6,0,0,6,0,0,0,0,1,1,1,1,1,58,9,6871,2,12,MAN Model Missing,-1,-1,0,-1
2020552000603,2020,552000603,2,21,0,18,19,1,5,0,0,0,0,0,0,0,3,1,1,1,1,32,6,6871,2,1,MAN Model Missing,4,E01015382,0,-1
2020041020052,2020,041020052,7,21,0,18,19,7,3,0,0,0,1,0,0,0,1,1,6,6,1,32,6,12419,2,3,MAN Model Missing,7,E01029583,0,-1
2020991006274,2020,991006274,3,20,0,2,2,0,0,0,0,0,0,0,0,0,0,1,1,1,1,46,8,6781,2,5,MAN Model Missing,3,-1,0,-1
2020400924493,2020,400924493,3,21,4,18,19,2,6,0,0,0,0,0,0,0,3,1,1,1,1,49,8,12419,2,3,MAN Model Missing,9,E01017421,0,-1
2020320661252,2020,320661252,2,21,0,2,2,0,0,0,0,0,0,0,0,0,0,1,1,1,1,22,5,6871,2,3,MAN Model Missing,2,E01007633,0,-1
2020530967479,2020,530967479,1,21,1,18,19,5,1,0,0,0,0,0,1,4,1,1,1,1,1,51,8,12419,2,1,MAN Model Missing,4,E01017262,0,-1
2020100966802,2020,100966802,1,20,0,18,19,3,7,0,0,1,0,0,0,0,3,1,1,1,1,59,9,4580,2,8,MAN Model Missing,2,E01027543,0,-1
2020400991353,2020,400991353,2,21,1,18,19,2,6,0,0,0,0,0,0,0,1,1,1,1,1,41,7,12419,2,5,MAN Model Missing,2,E01015735,0,-1
2020520101349,2020,520101349,1,20,0,1,1,1,5,0,0,0,0,0,0,0,2,1,1,1,1,43,7,6871,2,0,MAN Model Missing,6,E01019928,0,-1
2020421005070,2020,421005070,3,21,1,4,4,6,2,0,0,0,0,0,0,0,2,1,1,1,1,46,8,12419,2,3,MAN Model Missing,1,E01007643,0,-1
2020320291093,2020,320291093,2,21,1,18,19,8,4,0,0,0,0,0,0,0,0,1,1,1,1,41,7,12419,2,1,MAN Model Missing,4,E01032995,0,-1
2020100945163,2020,100945163,1,21,0,18,19,3,7,0,0,0,0,7,0,0,4,1,1,1,1,57,9,6870,2,12,MAN Model Missing,2,E01008377,0,-1
2020410937351,2020,410937351,1,21,1,18,19,5,1,0,0,0,0,0,1,0,1,1,1,1,1,45,7,12419,2,3,MAN Model Missing,7,E01025854,0,-1
2020200970175,2020,200970175,1,98,0,12,12,4,8,0,0,0,0,0,0,0,3,1,1,1,1,34,6,-1,-1,-1,-1,2,E01009980,0,-1
2020520002152,2020,520002152,2,19,0,18,19,6,2,0,0,1,0,0,0,0,3,1,1,1,1,49,8,-1,-1,-1,MAN Model Missing,5,E01029322,0,-1