collision_index,collision_year,collision_ref_no,vehicle_reference,vehicle_type,towing_and_articulation,vehicle_manoeuvre_historic,vehicle_manoeuvre,vehicle_direction_from,vehicle_direction_to,vehicle_location_restricted_lane_historic,vehicle_location_restricted_lane,junction_location,skidding_and_overturning,hit_object_in_carriageway,vehicle_leaving_carriageway,hit_object_off_carriageway,first_point_of_impact,vehicle_left_hand_drive,journey_purpose_of_driver_historic,journey_purpose_of_driver,sex_of_driver,age_of_driver,age_band_of_driver,engine_capacity_cc,propulsion_code,age_of_vehicle,generic_make_model,driver_imd_decile,lsoa_of_driver,escooter_flag,driver_distance_banding
2020351003991,2020,351003991,3,21,1,4,4,0,0,0,0,1,0,1,0,0,4,1,1,1,1,55,8,10518,2,7,MAN Model Missing,1,E01025934,0,-1
2020101002035,2020,101002035,1,21,0,18,19,7,3,0,0,0,0,4,0,0,1,1,1,1,1,39,7,6870,2,12,MAN Model Missing,-1,-1,0,-1
2020210952172,2020,210952172,3,21,0,17,19,6,4,0,0,0,0,0,0,0,1,1,1,1,1,55,8,4600,2,1,MAN Model Missing,2,E01018463,0,-1
2020070028503,2020,070028503,1,21,1,18,19,2,6,0,0,0,0,0,0,0,1,1,1,1,1,62,9,12419,2,1,MAN Model Missing,10,E01033375,0,-1
2020010273502,2020,010273502,2,21,9,99,99,9,9,99,99,0,9,99,9,99,9,9,6,6,1,30,6,12419,2,7,MAN Model Missing,8,E01021352,0,-1
2020610036520,2020,610036520,1,20,1,18,19,7,3,0,0,0,0,0,0,0,4,1,1,1,1,54,8,-1,-1,-1,MAN Model Missing,3,W01001630,0,-1
2020500942260,2020,500942260,2,21,1,18,19,3,7,0,0,0,0,0,0,0,2,1,1,1,1,58,9,12419,2,1,MAN Model Missing,7,E01015122,0,-1
2020351013354,2020,351013354,2,21,1,5,5,4,8,0,0,3,0,0,0,0,4,1,1,1,1,37,7,12419,2,4,MAN Model Missing,3,E01015757,0,-1
2020320668991,2020,320668991,1,21,0,7,7,4,6,0,0,8,0,0,0,0,1,1,1,1,1,40,7,6871,2,2,MAN Model Missing,5,E01017923,0,-1
2020100982596,2020,100982596,1,20,1,18,19,7,3,0,0,0,0,0,0,0,1,1,1,1,1,-1,-1,6871,2,4,MAN Model Missing,-1,-1,0,-1
2020100986196,2020,100986196,1,21,1,11,11,5,1,0,0,0,0,0,0,0,1,1,1,1,1,64,9,12419,2,4,MAN Model Missing,6,-1,0,-1
2020170S21250,2020,170S21250,1,20,0,9,9,3,1,0,0,8,0,0,0,0,1,1,1,1,1,34,6,10518,2,6,MAN Model Missing,1,E01011999,0,-1
2020530926471,2020,530926471,1,21,0,16,19,7,3,0,0,0,0,0,0,0,1,1,1,1,1,37,7,12419,2,7,MAN Model Missing,8,E01026269,0,-1
2020210935722,2020,210935722,1,21,0,18,19,1,5,0,0,0,0,0,0,0,1,1,1,1,1,46,8,12419,2,1,MAN Model Missing,8,E01025924,0,-1
2020371002667,2020,371002667,1,21,0,18,19,1,5,0,0,8,0,0,0,0,1,1,1,1,1,25,5,10518,2,12,MAN Model Missing,4,E01029183,0,-1
202063D060820,2020,63D060820,1,21,1,16,19,4,7,0,0,0,0,0,0,0,3,1,1,1,1,60,9,10518,2,9,MAN Model Missing,3,E01014141,0,-1
2020010273939,2020,010273939,1,21,0,18,19,1,5,0,0,0,0,0,0,0,1,1,1,1,1,38,7,12419,2,1,MAN Model Missing,6,E01021435,0,-1
2020010263703,2020,010263703,2,19,0,11,11,7,3,0,0,0,0,0,0,0,1,1,1,1,1,55,8,10518,2,8,MAN Model Missing,5,E01002221,0,-1
2020410933659,2020,410933659,3,21,1,18,19,4,8,0,0,0,0,0,0,0,3,1,1,1,1,41,7,12419,2,4,MAN Model Missing,6,E01017698,0,-1
202063D057920,2020,63D057920,2,21,0,1,1,6,8,0,0,1,0,0,0,0,3,1,1,1,1,43,7,4580,2,3,MAN Model Missing,4,E01032397,0,-1
2020100937098,2020,100937098,2,11,0,18,19,6,2,0,0,0,0,0,0,0,0,1,1,1,2,44,7,-1,2,11,MAN Model Missing,1,E01008689,0,-1
2020010269840,2020,010269840,1,21,4,5,5,2,6,0,0,1,0,0,0,0,1,1,1,1,1,55,8,10518,2,3,MAN Model Missing,1,E01003590,0,-1
2020500942260,2020,500942260,1,21,1,18,19,3,7,0,0,0,0,0,0,0,1,1,1,1,1,49,8,12419,2,1,MAN Model Missing,6,E01029290,0,-1
2020370975455,2020,370975455,1,21,1,18,19,7,3,0,0,0,1,0,0,0,1,1,1,1,1,48,8,12419,2,5,MAN Model Missing,8,E01021717,0,-1
2020440099043,2020,440099043,2,21,0,18,19,6,2,0,0,0,0,0,0,0,1,1,1,1,1,48,8,6871,2,1,MAN Model Missing,8,E01017293,0,-1
2020420939869,2020,420939869,1,21,1,4,4,3,7,0,0,0,0,0,0,0,1,1,1,1,1,53,8,12419,2,1,MAN Model Missing,5,E01024492,0,-1
2020070652461,2020,070652461,1,21,1,18,19,1,5,0,0,0,0,0,0,10,1,1,1,1,1,51,8,12419,2,1,MAN Model Missing,-1,-1,0,-1
2020070428710,2020,070428710,1,21,1,18,19,5,1,0,0,0,0,0,0,0,1,1,1,1,1,51,8,12419,2,5,MAN Model Missing,2,E01005230,0,-1
2020990991552,2020,990991552,1,21,0,18,19,4,8,0,0,0,0,0,0,0,3,1,1,1,1,58,9,12419,2,5,MAN Model Missing,3,-1,0,-1
2020010230130,2020,010230130,2,21,9,99,99,9,9,99,99,9,9,99,9,99,0,9,6,6,3,-1,-1,6871,2,4,MAN Model Missing,5,E01033139,0,-1
2020420943021,2020,420943021,2,21,1,18,19,7,3,0,0,0,0,0,0,0,3,1,1,1,1,45,7,10518,2,7,MAN Model Missing,2,E01001977,0,-1
2020122001289,2020,122001289,3,20,0,18,19,8,4,0,0,0,0,0,0,0,0,1,6,6,2,46,8,6871,2,24,MAN Model Missing,6,E01027562,0,-1
2020470964523,2020,470964523,1,19,0,17,19,7,4,0,0,0,0,0,7,0,1,1,1,1,1,51,8,4580,2,19,MAN Model Missing,10,E01022588,0,-1
2020420986724,2020,420986724,1,21,1,18,19,3,7,0,0,0,2,4,0,0,1,1,1,1,1,42,7,12419,2,4,MAN Model Missing,2,E01015774,0,-1
2020010259353,2020,010259353,1,19,0,4,4,7,3,0,0,0,0,0,0,0,2,1,6,6,1,56,9,6870,2,9,MAN Model Missing,1,E01020847,0,-1
2020430322850,2020,430322850,1,21,0,18,19,8,4,0,0,8,0,0,0,0,1,1,1,1,1,30,6,6871,2,4,MAN Model Missing,5,E01017659,0,-1
2020400922464,2020,400922464,2,21,0,18,19,5,1,0,0,0,0,0,0,0,1,1,1,1,1,64,9,12419,2,1,MAN Model Missing,7,E01022087,0,-1
2020990966135,2020,990966135,2,19,0,18,19,5,1,0,0,0,0,0,0,0,1,1,1,1,1,52,8,-1,-1,-1,MAN Model Missing,1,-1,0,-1
2020350998229,2020,350998229,2,21,0,9,9,6,2,0,0,8,0,0,0,0,4,1,1,1,1,62,9,6871,2,2,MAN Model Missing,9,E01018200,0,-1
2020070357036,2020,070357036,3,21,1,4,4,6,2,0,0,0,0,0,0,0,2,1,1,1,1,34,6,-1,-1,-1,MAN Model Missing,1,E01006411,0,-1
2020010258492,2020,010258492,2,21,1,11,11,2,6,0,0,2,0,0,0,0,1,1,1,1,1,58,9,12419,2,8,MAN Model Missing,2,E01001693,0,-1
2020430060169,2020,430060169,1,21,0,18,19,2,6,0,0,0,0,11,0,0,1,1,1,1,1,52,8,12419,2,1,MAN Model Missing,6,E01009618,0,-1
2020010285520,2020,010285520,2,19,0,99,99,9,9,0,0,4,0,0,0,0,9,1,6,6,3,-1,-1,12419,2,1,MAN Model Missing,3,E01002589,0,-1
2020101008735,2020,101008735,1,19,0,13,13,1,5,0,0,1,0,0,0,0,0,1,1,1,1,46,8,4580,2,2,MAN Model Missing,3,E01033203,0,-1
20201379B1502,2020,1379B1502,2,21,0,11,11,5,7,0,0,0,0,0,0,0,4,1,1,1,1,36,7,12419,2,5,MAN Model Missing,3,E01027651,0,-1
2020302000590,2020,302000590,2,21,1,5,5,3,5,0,0,2,0,0,0,0,3,1,6,6,1,-1,-1,12419,2,1,MAN Model Missing,3,E01013572,0,-1
2020220971831,2020,220971831,2,20,0,18,19,6,2,0,0,0,0,0,0,0,3,1,1,1,1,61,9,6871,2,4,MAN Model Missing,1,E01032469,0,-1
2020610041320,2020,610041320,2,98,0,18,19,0,0,0,0,1,0,0,0,0,3,1,1,1,1,-1,-1,6870,2,8,-1,-1,-1,0,-1
2020500985620,2020,500985620,1,21,1,17,19,7,4,0,0,0,0,0,0,0,2,1,1,1,1,53,8,12419,2,3,MAN Model Missing,5,E01018946,0,-1
2020010254164,2020,010254164,2,21,1,18,19,5,1,0,0,0,0,0,0,0,1,1,1,1,1,48,8,12419,2,2,MAN Model Missing,3,E01000094,0,-1
2020320527390,2020,320527390,2,21,0,18,19,5,1,0,0,0,0,0,0,0,1,1,1,1,1,55,8,-1,-1,-1,MAN Model Missing,3,E01026110,0,-1
2020070634369,2020,070634369,3,20,0,2,2,0,0,0,0,0,0,0,0,0,2,1,1,1,1,29,6,-1,-1,-1,MAN Model Missing,8,E01022313,0,-1
202063D081220,2020,63D081220,1,21,0,17,19,5,2,0,0,0,0,0,0,0,1,1,1,1,1,38,7,10518,2,8,MAN Model Missing,6,W01000666,0,-1
2020010275434,2020,010275434,1,21,0,7,7,5,8,0,0,1,0,0,0,0,4,1,1,1,1,42,7,10518,2,5,MAN Model Missing,5,E01033708,0,-1
2020010259330,2020,010259330,1,21,0,17,19,5,3,0,0,4,0,0,0,0,1,1,1,1,1,33,6,6871,2,5,MAN Model Missing,2,E01015791,0,-1
2020100915451,2020,100915451,1,11,0,18,19,4,8,0,0,0,0,0,0,0,0,1,1,1,1,40,7,6800,2,11,MAN Model Missing,1,E01008625,0,-1
2020041001972,2020,041001972,2,21,0,5,5,5,1,0,0,1,0,0,0,0,1,1,6,6,1,40,7,12419,2,4,MAN Model Missing,-1,-1,0,-1
2020010247993,2020,010247993,1,21,1,16,19,7,1,0,0,1,0,0,0,0,1,1,1,1,1,63,9,12419,2,4,MAN Model Missing,2,E01017219,0,-1
2020220967906,2020,220967906,1,21,1,18,19,5,1,0,0,0,0,0,0,0,1,1,1,1,1,59,9,12419,2,6,MAN Model Missing,3,W01000355,0,-1
2020161002071,2020,161002071,1,21,0,6,6,5,5,0,0,2,0,0,0,0,3,1,6,6,3,-1,-1,12419,2,2,MAN Model Missing,-1,-1,0,-1
2020420919969,2020,420919969,1,21,0,4,4,2,6,0,0,0,1,0,0,0,1,1,1,1,1,30,6,4580,2,8,MAN Model Missing,7,E01002377,0,-1
2020230986020,2020,230986020,1,21,1,18,19,8,4,0,0,0,3,4,0,0,1,1,1,1,1,43,7,12419,2,1,MAN Model Missing,3,E01016464,0,-1
2020100977652,2020,100977652,1,21,0,18,19,5,1,0,0,0,0,0,0,0,3,1,1,1,1,45,7,10518,2,12,MAN Model Missing,7,E01008197,0,-1
2020440007486,2020,440007486,1,21,0,18,19,1,5,0,0,0,0,0,0,0,1,1,1,1,1,22,5,10518,2,4,MAN Model Missing,8,E01022667,0,-1
2020010267787,2020,010267787,2,20,0,5,5,1,5,0,0,0,0,0,0,0,1,1,1,1,1,61,9,6871,2,4,MAN Model Missing,5,E01000450,0,-1
20201371D1483,2020,1371D1483,2,20,0,4,4,2,6,0,0,1,1,0,0,0,1,1,1,1,1,-1,-1,4580,2,4,MAN Model Missing,-1,-1,0,-1
2020010261632,2020,010261632,2,21,0,10,10,5,2,0,0,4,0,0,0,0,1,1,1,1,1,47,8,12419,2,5,MAN Model Missing,4,E01032858,0,-1
2020990987804,2020,990987804,2,21,1,18,19,2,6,0,0,0,0,0,0,0,0,1,1,1,1,41,7,12419,2,0,MAN Model Missing,2,-1,0,-1
2020010263676,2020,010263676,1,21,1,18,19,7,3,0,0,8,0,0,0,0,4,1,1,1,1,35,6,10518,2,9,MAN Model Missing,7,E01013686,0,-1
2020052002461,2020,052002461,2,21,1,18,19,3,7,0,0,0,0,0,0,0,2,1,1,1,1,34,6,12419,2,1,MAN Model Missing,5,E01027136,0,-1
2020370922365,2020,370922365,1,9,0,18,19,2,6,0,0,0,0,0,0,0,4,1,2,2,1,64,9,1496,1,3,MAZDA 2,6,E01029881,0,-1
2020500988954,2020,500988954,1,9,0,5,5,7,3,0,0,0,0,0,0,0,1,1,5,6,2,33,6,1349,1,12,MAZDA 2,6,E01020338,0,-1
2020010228856,2020,010228856,2,9,0,99,99,9,9,99,99,0,9,99,9,99,1,9,-1,-1,-1,-1,-1,1349,1,12,MAZDA 2,2,E01004252,0,-1
2020010281589,2020,010281589,1,9,0,9,9,2,8,0,0,1,0,0,0,0,1,1,6,6,2,40,7,1496,1,5,MAZDA 2,3,E01001141,0,-1
2020100963666,2020,100963666,2,9,0,10,10,5,1,0,0,1,0,0,0,0,2,1,5,6,2,33,6,1496,1,5,MAZDA 2,4,E01008592,0,-1
2020010286401,2020,010286401,1,9,0,9,9,7,5,0,0,1,0,0,0,0,0,2,6,6,1,58,9,1400,1,13,MAZDA 2,4,E01001995,0,-1
2020200947517,2020,200947517,2,9,0,10,10,2,8,0,0,8,0,0,0,0,1,1,6,6,1,48,8,1388,1,16,MAZDA 2,2,E01010417,0,-1
2020501007665,2020,501007665,1,9,0,17,19,3,7,0,0,0,0,0,0,0,1,1,5,6,1,20,4,1400,1,15,MAZDA 2,8,E01018811,0,-1
2020410975442,2020,410975442,1,9,0,18,19,3,7,0,0,8,5,0,7,0,4,1,5,6,1,30,6,1349,1,12,MAZDA 2,9,E01021825,0,-1
2020302001239,2020,302001239,2,9,0,10,10,5,4,0,0,1,0,0,0,0,2,1,6,6,1,20,4,1349,1,10,MAZDA 2,3,E01033388,0,-1
2020340N01672,2020,340N01672,1,9,0,5,5,7,3,0,0,0,0,0,0,0,1,1,2,2,2,40,7,1349,1,8,MAZDA 2,3,E01027175,0,-1
2020411008283,2020,411008283,2,9,0,18,19,5,5,0,0,0,0,0,0,0,4,1,6,6,2,21,5,1349,1,11,MAZDA 2,3,E01023640,0,-1
2020160973690,2020,160973690,1,9,0,18,19,3,7,0,0,0,0,0,0,0,1,1,6,6,2,-1,-1,1498,1,2,MAZDA 2,5,E01012916,0,-1
2020010282786,2020,010282786,2,9,0,99,99,9,9,99,99,9,9,99,9,99,9,9,6,6,3,-1,-1,1349,1,10,MAZDA 2,-1,-1,0,-1
2020360979245,2020,360979245,1,9,0,7,7,3,5,0,0,2,0,0,0,0,1,1,6,6,1,70,10,1498,1,6,MAZDA 2,8,E01026772,0,-1
2020302001561,2020,302001561,1,9,0,4,4,4,2,0,0,8,0,0,0,0,4,1,2,2,2,24,5,1349,1,11,MAZDA 2,-1,-1,0,-1
2020990972645,2020,990972645,2,9,0,9,9,6,4,0,0,8,0,0,0,0,1,1,2,2,1,37,7,1349,1,7,MAZDA 2,-1,-1,0,-1
2020522101333,2020,522101333,1,9,0,18,19,1,5,0,0,4,0,0,0,0,3,1,1,1,2,23,5,1349,1,10,MAZDA 2,7,E01014893,0,-1
2020500986841,2020,500986841,3,9,0,10,10,3,7,0,0,8,0,0,0,0,2,1,5,6,1,44,7,1349,1,8,MAZDA 2,6,E01015200,0,-1
2020522003752,2020,522003752,2,9,0,3,3,7,4,0,0,1,0,0,0,0,2,1,6,6,1,31,6,1498,1,9,MAZDA 2,5,W01001589,0,-1
2020320563895,2020,320563895,2,9,0,18,19,6,1,0,0,1,0,0,0,0,1,1,6,6,2,57,9,1399,2,11,MAZDA 2,3,E01026056,0,-1
202006E179428,2020,06E179428,1,9,0,18,19,2,6,0,0,1,0,0,0,10,4,1,6,6,2,24,5,1349,1,6,MAZDA 2,1,E01005138,0,-1
2020542182420,2020,542182420,4,9,0,18,19,1,5,0,0,0,0,0,0,0,2,1,6,6,2,44,7,1349,1,6,MAZDA 2,10,E01015521,0,-1
2020110925747,2020,110925747,1,9,0,5,5,5,1,0,0,4,0,0,0,0,1,1,5,6,2,79,11,1349,1,11,MAZDA 2,10,E01020683,0,-1
2020610023620,2020,610023620,1,9,0,17,19,4,1,0,0,0,5,0,0,0,1,1,2,2,1,23,5,1498,1,12,MAZDA 2,2,W01001488,0,-1
2020400987418,2020,400987418,1,9,0,4,4,3,7,0,0,0,0,0,0,0,1,1,5,6,1,60,9,1349,1,11,MAZDA 2,4,E01015723,0,-1
2020552000606,2020,552000606,1,9,0,18,19,4,8,0,0,0,0,0,0,0,1,1,6,6,2,62,9,1349,1,10,MAZDA 2,2,E01015304,0,-1
2020552000584,2020,552000584,3,9,0,2,2,0,0,0,0,8,0,0,0,0,1,1,6,6,3,-1,-1,1496,1,5,MAZDA 2,-1,-1,0,-1
2020201011974,2020,201011974,1,9,0,18,19,2,6,0,0,8,0,0,0,0,4,1,6,6,1,85,11,1349,1,8,MAZDA 2,5,E01010554,0,-1
2020160969219,2020,160969219,2,9,0,4,4,5,1,0,0,0,0,0,0,0,2,1,6,6,2,72,10,1496,1,4,MAZDA 2,9,E01026063,0,-1
2020350932494,2020,350932494,1,9,0,9,9,7,6,0,0,6,1,10,1,2,1,1,5,6,2,85,11,1349,1,10,MAZDA 2,5,E01018069,0,-1
2020302000903,2020,302000903,2,9,0,18,19,1,5,0,0,1,0,0,0,0,3,1,6,6,2,63,9,1349,1,8,MAZDA 2,7,E01019539,0,-1
2020460959600,2020,460959600,1,9,0,18,19,7,3,0,0,0,0,0,0,0,1,1,6,6,2,18,4,1349,1,11,MAZDA 2,9,E01032816,0,-1
2020471006376,2020,471006376,2,9,0,4,4,7,3,0,0,0,0,0,0,0,2,1,5,6,1,29,6,1498,1,11,MAZDA 2,1,E01020920,0,-1
2020320123001,2020,320123001,1,9,0,18,19,7,3,0,0,0,0,0,7,0,1,1,6,6,1,22,5,1400,1,13,MAZDA 2,1,E01026312,0,-1
2020010267207,2020,010267207,2,9,0,5,5,0,7,0,0,1,0,0,1,0,1,1,6,6,1,45,7,1498,1,12,MAZDA 2,5,E01000779,0,-1
2020140922286,2020,140922286,1,9,0,18,19,5,1,0,0,0,0,0,0,0,4,1,6,6,2,46,8,1349,1,11,MAZDA 2,10,E01008132,0,-1
2020070562927,2020,070562927,1,9,0,5,5,7,5,0,0,8,0,0,0,0,3,1,6,6,2,78,11,1496,1,4,MAZDA 2,7,E01018372,0,-1
2020440046837,2020,440046837,1,9,0,18,19,7,3,0,0,8,0,0,1,0,3,1,6,6,2,39,7,1496,1,5,MAZDA 2,10,E01022476,0,-1
2020010251805,2020,010251805,1,9,0,9,9,5,3,4,4,5,0,0,0,0,3,2,6,6,2,21,5,1400,1,14,MAZDA 2,8,E01001094,0,-1
2020501015535,2020,501015535,3,9,0,18,19,3,7,0,0,1,0,0,0,0,1,1,2,2,2,19,4,1496,1,1,MAZDA 2,3,E01018769,0,-1
2020990960673,2020,990960673,1,9,0,18,19,6,2,0,0,8,0,0,7,10,1,1,5,6,2,62,9,1560,2,8,MAZDA 2,10,-1,0,-1
2020200938896,2020,200938896,2,9,0,3,3,7,3,0,0,0,0,0,0,0,0,1,6,6,2,26,6,1348,1,12,MAZDA 2,1,E01010445,0,-1
202006Q279476,2020,06Q279476,2,9,0,18,19,3,7,0,0,1,0,0,0,0,2,1,6,6,1,29,6,1399,2,11,MAZDA 2,4,E01005494,0,-1
2020200942694,2020,200942694,1,9,0,9,9,-1,-1,0,0,1,0,0,0,0,1,1,6,6,3,-1,-1,1349,1,11,MAZDA 2,-1,-1,0,-1
2020010267007,2020,010267007,2,9,0,4,4,7,3,0,0,1,1,0,0,0,1,1,6,6,3,-1,-1,1400,1,13,MAZDA 2,-1,-1,0,-1
2020040929687,2020,040929687,1,9,0,9,9,7,5,0,0,2,0,0,0,0,1,1,5,6,2,41,7,1399,2,11,MAZDA 2,1,E01025084,0,-1
2020410940757,2020,410940757,2,9,0,3,3,6,6,0,0,8,0,0,0,0,3,1,6,6,2,18,4,1349,1,12,MAZDA 2,5,E01023677,0,-1
2020520003751,2020,520003751,2,9,0,18,19,5,1,0,0,0,0,0,0,0,1,1,6,6,1,27,6,1349,1,6,MAZDA 2,6,E01029305,0,-1
2020200982265,2020,200982265,1,9,0,18,19,7,3,0,0,1,0,10,1,0,2,1,6,6,2,30,6,1498,1,12,MAZDA 2,4,E01009238,0,-1
2020100977301,2020,100977301,1,9,0,17,19,4,2,0,0,0,5,10,0,0,4,1,5,6,2,31,6,1349,1,10,MAZDA 2,2,E01008324,0,-1
2020160917993,2020,160917993,1,9,0,18,19,5,1,0,0,8,0,0,0,0,1,1,5,6,1,78,11,1349,1,6,MAZDA 2,7,E01012815,0,-1
2020470960294,2020,470960294,3,9,0,18,19,2,6,0,0,0,0,0,0,0,1,1,5,6,2,46,8,1496,1,5,MAZDA 2,9,E01031563,0,-1
2020610044120,2020,610044120,1,9,0,18,19,4,8,0,0,0,1,0,0,6,2,1,6,6,2,50,8,1496,1,2,MAZDA 2,7,W01001515,0,-1
202006P271109,2020,06P271109,1,9,0,7,7,6,1,0,0,1,0,0,0,0,1,1,1,1,1,52,8,1349,1,8,MAZDA 2,1,E01005579,0,-1
2020460976401,2020,460976401,2,9,0,16,19,8,4,0,0,0,0,0,1,0,3,1,5,6,1,31,6,1496,1,5,MAZDA 2,5,E01024623,0,-1
202006K169453,2020,06K169453,1,9,0,18,19,4,8,0,0,1,0,0,0,0,1,1,6,6,3,-1,-1,1349,1,12,MAZDA 2,-1,-1,0,-1
2020100935197,2020,100935197,2,9,0,18,19,7,3,0,0,0,0,0,0,0,2,1,2,2,2,42,7,1349,1,13,MAZDA 2,3,E01012239,0,-1
2020052000536,2020,052000536,2,9,0,7,7,5,7,0,0,8,0,0,0,0,2,1,2,2,2,24,5,1498,1,2,MAZDA 2,5,E01007157,0,-1
20201376K0454,2020,1376K0454,4,9,0,18,19,8,4,0,0,0,0,0,0,0,1,1,6,6,1,25,5,1349,1,10,MAZDA 2,10,E01011563,0,-1
2020410958582,2020,410958582,1,9,0,18,19,4,8,0,0,0,0,0,0,0,1,1,5,6,2,58,9,1349,1,11,MAZDA 2,5,E01023766,0,-1
2020470979888,2020,470979888,1,9,0,17,19,6,4,0,0,8,0,0,0,0,4,1,6,6,1,40,7,1496,1,2,MAZDA 2,1,E01020972,0,-1
2020450935870,2020,450935870,3,9,0,10,10,3,5,0,0,7,0,0,0,0,1,1,5,6,2,55,8,1349,1,9,MAZDA 2,5,E01023129,0,-1
2020010231014,2020,010231014,2,9,0,99,99,9,9,99,99,9,9,99,9,99,1,9,6,6,3,-1,-1,1349,1,11,MAZDA 2,-1,-1,0,-1
2020122001061,2020,122001061,1,9,0,18,19,1,5,0,0,0,0,0,0,0,1,1,1,1,2,25,5,1498,1,2,MAZDA 2,7,E01027724,0,-1
2020450951665,2020,450951665,1,9,0,4,4,3,8,0,0,0,0,0,0,0,2,1,5,6,2,58,9,1349,1,8,MAZDA 2,10,E01030522,0,-1
2020040994653,2020,040994653,2,9,0,18,19,1,5,0,0,0,0,0,0,0,4,1,5,6,1,28,6,1496,1,1,MAZDA 2,1,E01010941,0,-1
2020411036096,2020,411036096,1,9,0,9,9,4,2,0,0,5,0,0,0,0,3,1,2,2,1,21,5,1496,1,4,MAZDA 2,5,E01023537,0,-1
2020040981166,2020,040981166,1,9,0,9,9,5,1,0,0,5,0,0,0,0,3,1,5,6,2,35,6,1349,1,9,MAZDA 2,9,E01025281,0,-1
2020010254543,2020,010254543,2,9,0,9,9,7,5,0,0,8,0,0,0,0,3,1,6,6,2,33,6,1349,1,6,MAZDA 2,3,E01001816,0,-1
2020991002484,2020,991002484,1,9,0,18,19,1,6,0,0,0,1,0,7,4,1,1,5,6,1,19,4,1349,1,6,MAZDA 2,9,-1,0,-1
2020991009812,2020,991009812,1,9,0,18,19,4,8,0,0,1,0,0,0,0,1,1,5,6,2,61,9,1399,2,11,MAZDA 2,6,-1,0,-1
202006F175895,2020,06F175895,1,9,0,9,9,7,5,0,0,1,0,0,0,0,1,1,1,1,2,72,10,1498,1,1,MAZDA 2,2,E01005661,0,-1
2020990973039,2020,990973039,1,9,0,18,19,7,3,0,0,0,0,0,0,0,1,1,2,2,2,48,8,1399,2,11,MAZDA 2,7,-1,0,-1
2020990936079,2020,990936079,1,9,0,18,19,4,8,0,0,0,0,0,0,0,1,1,5,6,2,39,7,1349,1,7,MAZDA 2,6,-1,0,-1
2020530972222,2020,530972222,2,9,0,18,19,6,2,0,0,1,5,10,7,0,4,1,5,6,2,30,6,1496,1,5,MAZDA 2,10,E01022203,0,-1
2020460957414,2020,460957414,2,9,0,18,19,3,7,0,0,1,0,0,0,0,1,1,5,6,2,46,8,1349,1,10,MAZDA 2,5,E01024495,0,-1
2020010238775,2020,010238775,1,9,0,99,99,9,9,99,99,9,9,99,9,99,9,1,6,6,2,23,5,1349,1,9,MAZDA 2,5,E01002590,0,-1
2020552000372,2020,552000372,2,9,0,2,2,0,0,0,0,0,0,0,0,0,2,1,6,6,3,-1,-1,1388,1,16,MAZDA 2,-1,-1,0,-1
2020010247582,2020,010247582,1,9,9,99,99,9,9,99,99,9,9,99,9,99,9,9,6,6,1,-1,-1,1498,1,7,MAZDA 2,-1,-1,0,-1
2020440362242,2020,440362242,1,9,0,7,7,1,3,0,0,8,0,0,0,0,1,1,2,2,2,29,6,1349,1,9,MAZDA 2,2,E01032879,0,-1
2020411012442,2020,411012442,1,9,0,18,19,5,1,0,0,0,0,0,0,0,1,1,5,6,1,28,6,1349,1,10,MAZDA 2,9,E01023953,0,-1
2020302001297,2020,302001297,2,9,0,18,19,8,4,0,0,8,0,0,0,0,4,1,3,7,2,61,9,1349,1,8,MAZDA 2,5,E01032586,0,-1
202006Q276597,2020,06Q276597,1,9,0,18,19,2,6,0,0,0,0,0,0,0,1,1,6,6,1,30,6,1349,1,13,MAZDA 2,-1,-1,0,-1
2020040979748,2020,040979748,2,9,0,3,3,7,3,0,0,1,0,0,0,0,1,1,2,2,2,26,6,1498,1,1,MAZDA 2,3,E01025312,0,-1
2020010253764,2020,010253764,1,9,0,99,99,9,9,99,99,1,9,99,9,99,2,9,6,6,2,65,9,1496,1,4,MAZDA 2,6,E01003676,0,-1
2020010286757,2020,010286757,1,9,0,99,99,9,9,99,99,0,9,99,9,99,2,9,6,6,2,54,8,1349,1,11,MAZDA 2,5,E01000354,0,-1
2020140957756,2020,140957756,2,9,0,18,19,2,6,0,0,2,0,0,0,0,3,1,5,6,2,56,9,1349,1,8,MAZDA 2,2,E01007498,0,-1
2020100959932,2020,100959932,2,9,0,3,3,7,3,0,0,0,0,0,0,0,2,1,6,6,2,37,7,1498,1,11,MAZDA 2,4,E01027498,0,-1
2020070684527,2020,070684527,1,9,0,18,19,7,3,0,0,0,5,4,0,0,1,1,6,6,2,52,8,1348,1,12,MAZDA 2,2,E01012431,0,-1