collision_index,collision_year,collision_ref_no,vehicle_reference,vehicle_type,towing_and_articulation,vehicle_manoeuvre_historic,vehicle_manoeuvre,vehicle_direction_from,vehicle_direction_to,vehicle_location_restricted_lane_historic,vehicle_location_restricted_lane,junction_location,skidding_and_overturning,hit_object_in_carriageway,vehicle_leaving_carriageway,hit_object_off_carriageway,first_point_of_impact,vehicle_left_hand_drive,journey_purpose_of_driver_historic,journey_purpose_of_driver,sex_of_driver,age_of_driver,age_band_of_driver,engine_capacity_cc,propulsion_code,age_of_vehicle,generic_make_model,driver_imd_decile,lsoa_of_driver,escooter_flag,driver_distance_banding
2020201022752,2020,201022752,1,9,0,7,7,6,8,0,0,1,0,0,0,0,1,1,2,2,2,59,9,1498,1,2,MAZDA 2,5,E01010552,0,-1
2020200980539,2020,200980539,2,9,0,16,19,5,8,0,0,2,0,0,0,0,1,1,2,2,1,38,7,1496,1,1,MAZDA 2,5,E01010069,0,-1
2020070099236,2020,070099236,1,9,0,9,9,7,5,0,0,8,1,10,7,10,1,1,2,2,2,23,5,1498,1,6,MAZDA 2,8,E01018375,0,-1
2020990999604,2020,990999604,2,9,0,18,19,2,6,0,0,8,0,0,0,0,4,1,6,6,2,54,8,1498,1,2,MAZDA 2,9,-1,0,-1
202006E375306,2020,06E375306,1,9,0,18,19,2,6,0,0,2,0,0,0,0,1,1,6,6,2,30,6,1349,1,13,MAZDA 2,-1,-1,0,-1
2020040926459,2020,040926459,1,9,0,9,9,5,7,0,0,8,0,0,0,0,1,1,3,7,2,39,7,1349,1,12,MAZDA 2,2,E01012573,0,-1
2020010230193,2020,010230193,1,9,0,18,19,5,1,0,0,0,0,0,0,0,2,1,6,6,1,51,8,1498,1,13,MAZDA 2,5,E01003842,0,-1
2020500946820,2020,500946820,1,9,0,18,19,3,7,0,0,1,0,0,1,0,1,1,6,6,2,68,10,1349,1,12,MAZDA 2,4,E01020309,0,-1
2020340C08822,2020,340C08822,2,9,0,18,19,5,1,0,0,1,0,0,0,0,2,1,6,6,2,42,7,1349,1,6,MAZDA 2,2,E01026966,0,-1
202063B064320,2020,63B064320,2,9,0,5,5,2,6,0,0,6,0,0,0,0,1,1,6,6,1,18,4,1349,1,11,MAZDA 2,6,W01000543,0,-1
2020400960493,2020,400960493,2,9,0,5,5,5,1,0,0,4,0,0,0,0,1,1,5,6,2,41,7,1349,1,11,MAZDA 2,5,E01017378,0,-1
2020461016013,2020,461016013,1,9,0,15,15,1,5,0,0,0,0,0,0,0,1,1,6,6,2,29,6,1349,1,9,MAZDA 2,9,E01021428,0,-1
2020450960307,2020,450960307,1,9,0,18,19,6,2,0,0,0,2,0,0,0,1,1,5,6,1,59,9,1349,1,10,MAZDA 2,9,E01030554,0,-1
202006Q167937,2020,06Q167937,2,9,0,10,10,1,6,0,0,8,0,0,0,0,0,1,2,2,2,45,7,1496,1,1,MAZDA 2,6,E01005956,0,-1
2020460976304,2020,460976304,2,9,0,18,19,7,3,0,0,0,0,0,0,0,2,1,1,1,2,35,6,1349,1,6,MAZDA 2,10,E01024426,0,-1
2020410988493,2020,410988493,2,9,0,11,11,6,2,0,0,0,1,0,1,6,4,1,5,6,2,20,4,1349,1,10,MAZDA 2,7,E01032892,0,-1
2020440198394,2020,440198394,2,9,0,2,2,0,0,0,0,1,0,0,0,0,2,1,6,6,2,19,4,1496,1,1,MAZDA 2,5,E01033229,0,-1
2020500926022,2020,500926022,1,9,0,9,9,1,5,0,0,8,0,0,0,0,4,1,6,6,2,27,6,1349,1,8,MAZDA 2,3,E01020048,0,-1
2020501003223,2020,501003223,1,9,0,18,19,3,7,0,0,1,0,0,0,0,1,1,1,1,2,42,7,1400,1,16,MAZDA 2,1,E01018930,0,-1
2020040994319,2020,040994319,1,9,0,18,19,6,4,0,0,8,1,11,0,0,4,1,5,6,1,69,10,1496,1,2,MAZDA 2,-1,-1,0,-1
2020461001784,2020,461001784,2,9,0,18,19,7,3,0,0,0,0,0,0,0,2,1,2,2,1,30,6,1496,1,0,MAZDA 2,8,E01024043,0,-1
2020370992578,2020,370992578,1,9,0,18,19,1,5,0,0,1,0,0,0,0,1,1,6,6,3,-1,-1,1349,1,12,MAZDA 2,-1,-1,0,-1
2020010268357,2020,010268357,1,9,0,7,7,3,6,4,4,5,0,0,0,0,3,1,6,6,1,35,6,1349,1,7,MAZDA 2,2,E01004332,0,-1
2020430280855,2020,430280855,2,9,0,3,3,2,6,0,0,4,0,0,0,0,2,1,6,6,2,22,5,1496,1,5,MAZDA 2,9,E01033515,0,-1
2020440199781,2020,440199781,3,9,0,18,19,6,2,0,0,1,1,0,0,0,1,1,6,6,2,27,6,1399,2,11,MAZDA 2,10,E01022891,0,-1
2020010275040,2020,010275040,3,9,0,18,19,1,5,0,0,8,0,0,0,0,2,1,6,6,1,41,7,1242,1,16,MAZDA 2,5,E01002449,0,-1
2020010249950,2020,010249950,3,9,0,2,2,0,0,6,6,0,0,0,0,0,1,1,6,6,3,-1,-1,1349,1,7,MAZDA 2,-1,-1,0,-1
2020052000325,2020,052000325,2,9,0,18,19,1,5,0,0,8,0,0,0,0,0,1,6,6,2,25,5,1498,1,2,MAZDA 2,3,E01006534,0,-1
2020460950338,2020,460950338,1,9,0,18,19,3,7,0,0,0,1,0,0,0,1,1,6,6,2,25,5,1349,1,9,MAZDA 2,6,E01016076,0,-1
2020622000424,2020,622000424,1,9,0,18,19,6,2,0,0,0,0,0,0,0,0,1,6,6,1,81,11,1498,1,2,MAZDA 2,8,W01000877,0,-1
2020010231038,2020,010231038,1,9,0,99,99,9,9,99,99,1,9,99,9,99,2,9,6,6,1,35,6,1400,2,15,MAZDA 2,9,E01000421,0,-1
2020990936911,2020,990936911,1,9,0,9,9,6,2,0,0,0,0,0,0,0,1,1,2,2,2,35,6,1349,1,12,MAZDA 2,5,-1,0,-1
2020500988012,2020,500988012,1,9,0,18,19,6,2,0,0,0,0,0,0,0,1,1,5,6,1,21,5,1399,2,11,MAZDA 2,7,E01018814,0,-1
2020440021454,2020,440021454,2,9,0,18,19,8,3,0,0,2,0,0,0,0,0,1,6,6,1,32,6,1349,1,7,MAZDA 2,5,E01017024,0,-1
2020101008870,2020,101008870,1,9,0,9,9,7,5,0,0,5,0,0,0,0,1,1,5,6,2,82,11,1498,1,2,MAZDA 2,9,E01008617,0,-1
2020220932001,2020,220932001,1,9,0,18,19,3,7,0,0,6,0,0,0,0,1,1,2,2,2,29,6,1250,1,14,MAZDA 2,2,E01032450,0,-1
2020010236424,2020,010236424,1,9,0,99,99,9,9,99,99,9,9,99,9,99,9,9,6,6,1,23,5,1349,1,9,MAZDA 2,9,E01023318,0,-1
2020340N07212,2020,340N07212,1,9,0,18,19,3,7,0,0,8,0,0,0,0,1,1,6,6,2,28,6,1400,1,13,MAZDA 2,5,E01027179,0,-1
2020010236507,2020,010236507,1,9,0,18,19,7,3,0,0,1,0,0,0,0,1,1,6,6,2,30,6,1349,1,10,MAZDA 2,3,E01024149,0,-1
2020201005833,2020,201005833,2,9,0,4,4,-1,-1,0,0,0,0,0,0,0,1,1,6,6,2,45,7,1349,1,11,MAZDA 2,6,E01010135,0,-1
2020370939891,2020,370939891,3,9,0,3,3,5,1,0,0,0,0,0,0,0,2,1,5,6,2,36,7,1496,1,5,MAZDA 2,10,E01030070,0,-1
2020140982503,2020,140982503,1,9,0,16,19,5,1,0,0,0,0,0,0,0,1,1,5,6,2,24,5,1399,2,11,MAZDA 2,3,E01007591,0,-1
2020220926954,2020,220926954,2,9,0,4,4,2,6,0,0,1,0,0,0,0,2,1,2,2,1,36,7,1499,2,4,MAZDA 2,5,E01014046,0,-1
2020990940608,2020,990940608,2,9,0,3,3,3,7,0,0,0,0,0,0,0,2,1,5,6,2,36,7,1349,1,6,MAZDA 2,4,-1,0,-1
202031B150220,2020,31B150220,1,9,0,17,19,7,3,0,0,0,2,0,7,0,1,1,2,2,1,27,6,1498,1,10,MAZDA 2,3,E01028011,0,-1
2020010268566,2020,010268566,1,9,0,10,10,5,3,9,9,8,0,0,0,0,1,1,2,2,1,63,9,1349,1,10,MAZDA 2,-1,-1,0,-1
2020052001635,2020,052001635,2,9,0,9,9,2,7,0,0,1,0,0,0,0,2,1,6,6,2,44,7,1349,1,6,MAZDA 2,1,E01006850,0,-1
2020122000704,2020,122000704,4,9,0,4,4,1,5,0,0,0,0,0,0,0,2,1,6,6,2,20,4,1349,1,9,MAZDA 2,7,E01013419,0,-1
2020470923167,2020,470923167,3,9,0,18,19,7,3,0,0,0,0,0,0,0,1,1,5,6,2,28,6,1349,1,7,MAZDA 2,10,E01031639,0,-1
2020010277081,2020,010277081,2,9,0,18,19,1,5,0,0,0,0,4,0,0,1,1,6,6,1,55,8,1349,1,8,MAZDA 2,-1,-1,0,-1
2020410943643,2020,410943643,1,9,0,7,7,3,7,0,0,1,0,0,0,0,4,1,5,6,1,50,8,1498,1,8,MAZDA 2,10,E01023735,0,-1
2020460944915,2020,460944915,1,9,0,18,19,5,1,0,0,0,0,0,0,0,1,1,2,2,1,39,7,1400,1,16,MAZDA 2,1,E01016063,0,-1
2020371001687,2020,371001687,1,9,0,9,9,3,8,0,0,2,0,0,0,0,3,1,6,6,2,31,6,1498,1,13,MAZDA 2,4,E01033123,0,-1
2020460988100,2020,460988100,2,9,0,18,19,7,3,0,0,8,0,0,0,0,3,1,2,2,2,62,9,1498,1,11,MAZDA 2,4,E01024582,0,-1
202006M178275,2020,06M178275,2,9,0,15,15,5,1,0,0,2,0,0,0,0,1,1,6,6,2,37,7,1349,1,11,MAZDA 2,8,E01006116,0,-1
20201373B1343,2020,1373B1343,2,9,0,18,19,3,7,0,0,0,0,0,0,0,1,1,6,6,1,43,7,1498,1,7,MAZDA 2,10,E01011461,0,-1
2020220998384,2020,220998384,2,9,0,5,5,1,5,0,0,1,0,0,0,0,1,1,5,6,1,29,6,1496,1,4,MAZDA 2,9,E01013431,0,-1
2020030931451,2020,030931451,1,9,0,18,19,5,2,0,0,3,0,0,0,0,2,1,5,6,1,64,9,1498,1,9,MAZDA 2,7,E01019169,0,-1
2020411000878,2020,411000878,1,9,0,18,19,1,5,0,0,0,1,0,1,7,2,1,5,6,1,31,6,1498,1,1,MAZDA 2,8,E01023732,0,-1
2020122000833,2020,122000833,1,9,0,9,9,5,2,0,0,6,0,0,0,0,1,1,6,6,2,19,4,1349,1,9,MAZDA 2,9,E01011712,0,-1
2020990920629,2020,990920629,2,9,0,10,10,7,5,0,0,1,0,0,0,0,2,1,2,2,2,31,6,1498,1,11,MAZDA 2,1,-1,0,-1
2020470937066,2020,470937066,1,9,0,18,19,5,1,0,0,2,0,0,1,1,4,1,2,2,2,37,7,1498,1,1,MAZDA 2,6,E01031777,0,-1
2020040973352,2020,040973352,1,9,0,18,19,1,5,0,0,0,0,0,0,0,1,1,2,2,1,24,5,1498,1,10,MAZDA 2,2,E01012642,0,-1
2020460967555,2020,460967555,1,9,0,11,11,7,3,0,0,0,2,0,1,4,4,1,2,2,2,23,5,1349,1,11,MAZDA 2,2,E01016035,0,-1
2020340C03682,2020,340C03682,1,9,0,5,5,5,3,0,0,6,0,0,0,0,1,1,6,6,1,83,11,1349,1,6,MAZDA 2,3,E01026984,0,-1
2020410971232,2020,410971232,1,9,0,5,5,2,6,0,0,1,0,0,0,0,3,1,2,2,1,46,8,1399,2,11,MAZDA 2,3,E01021850,0,-1
2020430280475,2020,430280475,1,9,0,9,9,0,0,0,0,5,0,0,0,0,0,1,6,6,1,91,11,1349,1,8,MAZDA 2,8,E01016690,0,-1
2020210940383,2020,210940383,1,9,0,9,9,2,6,0,0,5,0,0,0,0,1,1,1,1,2,25,5,1349,1,7,MAZDA 2,8,E01029489,0,-1
2020070085151,2020,070085151,2,9,0,18,19,8,4,0,0,8,0,0,0,0,1,1,6,6,2,23,5,1349,1,11,MAZDA 2,9,E01018494,0,-1
2020440100596,2020,440100596,3,9,0,18,19,6,2,0,0,0,0,0,0,0,4,1,6,6,2,53,8,2987,2,9,MERCEDES ML CLASS,8,E01023195,0,-1
2020010229139,2020,010229139,2,9,0,99,99,9,9,99,99,9,9,99,9,99,1,9,6,6,3,-1,-1,2987,2,14,MERCEDES ML CLASS,-1,-1,0,-1
2020010268756,2020,010268756,2,9,0,2,2,0,0,0,0,0,0,4,0,0,1,1,6,6,3,-1,-1,2987,2,13,MERCEDES ML CLASS,-1,-1,0,-1
2020040943998,2020,040943998,1,9,0,1,1,3,3,9,9,0,0,0,0,0,2,2,6,6,1,-1,-1,2987,2,7,MERCEDES ML CLASS,8,E01024984,0,-1
2020622000197,2020,622000197,2,9,0,18,19,3,5,0,0,1,0,0,0,0,1,1,2,2,2,54,8,2143,2,8,MERCEDES ML CLASS,10,W01001778,0,-1
2020010236717,2020,010236717,2,9,0,99,99,9,9,99,99,9,9,99,9,99,9,9,6,6,3,-1,-1,2688,2,15,MERCEDES ML CLASS,-1,-1,0,-1
2020420919969,2020,420919969,3,9,0,4,4,2,6,0,0,0,0,0,0,0,2,1,2,2,2,42,7,2987,2,10,MERCEDES ML CLASS,10,E01033055,0,-1
2020010247170,2020,010247170,2,9,0,1,1,1,5,0,0,1,0,0,0,0,2,1,6,6,1,57,9,2987,2,10,MERCEDES ML CLASS,5,E01000636,0,-1
2020371002183,2020,371002183,1,9,0,18,19,3,7,0,0,0,0,0,0,0,4,1,5,6,2,60,9,2987,2,12,MERCEDES ML CLASS,4,E01030270,0,-1
2020170M20360,2020,170M20360,1,9,0,18,19,6,2,0,0,8,2,0,2,0,1,1,6,6,1,42,7,2685,2,18,MERCEDES ML CLASS,2,E01012168,0,-1
202031C176720,2020,31C176720,1,9,0,9,9,5,2,0,0,6,0,0,0,0,1,1,6,6,1,62,9,2638,2,15,MERCEDES ML CLASS,1,E01013825,0,-1
2020010235466,2020,010235466,1,9,0,16,19,1,5,0,0,2,5,10,4,1,1,1,6,6,1,62,9,4966,1,17,MERCEDES ML CLASS,4,E01004465,0,-1
2020010241853,2020,010241853,2,9,9,99,99,9,9,99,99,1,9,99,9,99,9,9,6,6,3,-1,-1,2987,2,8,MERCEDES ML CLASS,-1,-1,0,-1
2020140942154,2020,140942154,2,9,0,9,9,3,1,0,0,8,0,0,0,0,4,1,5,6,1,62,9,2143,2,7,MERCEDES ML CLASS,5,E01008091,0,-1
2020340S07312,2020,340S07312,2,9,0,18,19,5,1,0,0,0,0,0,0,0,4,1,6,6,1,26,6,2987,2,9,MERCEDES ML CLASS,1,E01008075,0,-1
2020010282436,2020,010282436,1,9,0,18,19,3,7,0,0,7,0,0,0,0,2,1,6,6,1,42,7,2987,2,12,MERCEDES ML CLASS,3,E01004344,0,-1
2020010279797,2020,010279797,2,9,0,99,99,9,9,99,99,9,9,99,9,99,9,9,6,6,3,-1,-1,3724,1,17,MERCEDES ML CLASS,-1,-1,0,-1
20201377U1563,2020,1377U1563,1,9,0,18,19,7,3,0,0,1,0,0,0,0,1,1,6,6,1,36,7,2987,2,14,MERCEDES ML CLASS,1,E01011729,0,-1
2020010260250,2020,010260250,2,9,0,18,19,5,1,9,9,0,0,0,7,11,1,1,2,2,1,76,11,3199,1,22,MERCEDES ML CLASS,10,E01002460,0,-1
2020451000299,2020,451000299,2,9,0,17,19,5,1,0,0,1,0,0,0,0,1,1,5,6,2,65,9,2987,2,5,MERCEDES ML CLASS,10,E01030839,0,-1
2020450939374,2020,450939374,2,9,0,4,4,5,1,6,6,0,0,0,0,0,2,1,5,6,2,55,8,2143,2,6,MERCEDES ML CLASS,3,E01031555,0,-1
2020470919614,2020,470919614,3,9,0,4,4,6,2,0,0,0,0,0,0,0,2,1,6,6,1,32,6,2987,2,12,MERCEDES ML CLASS,7,E01030318,0,-1
2020320120252,2020,320120252,1,9,0,18,19,3,7,0,0,0,0,4,2,0,1,1,6,6,1,68,10,5439,1,18,MERCEDES ML CLASS,4,E01026079,0,-1
202006Q167609,2020,06Q167609,1,9,0,16,19,4,7,0,0,0,0,0,0,0,1,1,6,6,1,45,7,2987,2,9,MERCEDES ML CLASS,3,E01005378,0,-1
202006L272011,2020,06L272011,1,9,0,9,9,4,2,0,0,5,0,0,0,0,4,1,6,6,2,49,8,2688,2,17,MERCEDES ML CLASS,1,E01006240,0,-1
2020200989953,2020,200989953,1,9,0,18,19,8,4,0,0,0,0,0,0,0,3,1,6,6,2,48,8,2987,2,7,MERCEDES ML CLASS,8,E01002657,0,-1
2020420928915,2020,420928915,1,9,0,18,19,1,5,0,0,0,0,0,0,0,1,1,6,6,1,56,9,2688,2,15,MERCEDES ML CLASS,5,E01021770,0,-1
2020010283362,2020,010283362,1,9,0,9,9,1,7,0,0,1,0,0,0,0,1,1,2,2,2,38,7,2143,2,6,MERCEDES ML CLASS,3,E01002701,0,-1
2020010261821,2020,010261821,2,9,0,99,99,9,9,0,0,1,9,0,0,0,9,1,6,6,3,-1,-1,3199,1,21,MERCEDES ML CLASS,4,E01003518,0,-1
2020460931834,2020,460931834,1,9,0,18,19,7,3,0,0,1,0,0,0,0,1,1,5,6,2,33,6,2987,2,10,MERCEDES ML CLASS,5,E01016029,0,-1
2020140957069,2020,140957069,2,9,0,1,1,8,4,0,0,1,0,0,0,0,2,1,5,6,1,52,8,2987,2,14,MERCEDES ML CLASS,1,E01007906,0,-1
2020010265021,2020,010265021,2,9,0,18,19,5,1,0,0,1,0,0,0,0,1,1,6,6,2,43,7,2143,2,5,MERCEDES ML CLASS,10,E01000283,0,-1
2020010238569,2020,010238569,4,9,0,10,10,4,2,0,0,1,0,0,1,0,1,1,6,6,1,65,9,2987,2,9,MERCEDES ML CLASS,4,E01001139,0,-1
2020531004466,2020,531004466,2,9,0,18,19,5,1,0,0,0,0,0,0,0,3,1,2,2,1,47,8,6209,1,13,MERCEDES ML CLASS,7,E01014817,0,-1
2020010233078,2020,010233078,2,9,0,18,19,3,7,0,0,0,0,0,0,0,3,1,6,6,1,30,6,3724,1,17,MERCEDES ML CLASS,4,E01002641,0,-1
2020122001100,2020,122001100,1,9,0,7,7,5,7,0,0,8,0,0,0,0,3,1,6,6,1,54,8,2987,2,11,MERCEDES ML CLASS,7,E01013364,0,-1
2020420996841,2020,420996841,2,9,0,18,19,1,4,0,0,8,0,0,2,11,2,1,6,6,2,44,7,2987,2,9,MERCEDES ML CLASS,10,E01021447,0,-1
2020010243167,2020,010243167,1,9,0,99,99,9,9,99,99,9,9,99,9,99,2,9,6,6,1,74,10,3724,1,16,MERCEDES ML CLASS,4,E01001097,0,-1
2020010245724,2020,010245724,2,9,9,99,99,9,9,99,99,9,9,99,9,99,9,9,6,6,3,-1,-1,2688,2,17,MERCEDES ML CLASS,3,E01003143,0,-1
2020450959362,2020,450959362,2,9,0,7,7,3,6,0,0,5,0,0,1,0,2,1,2,2,1,52,8,2685,2,16,MERCEDES ML CLASS,6,E01030862,0,-1
2020421002621,2020,421002621,1,9,0,4,4,6,6,0,0,0,0,0,0,0,3,1,3,7,2,47,8,2688,2,18,MERCEDES ML CLASS,-1,-1,0,-1
2020420927243,2020,420927243,1,9,0,18,19,7,3,0,0,0,0,0,0,0,1,1,2,2,1,41,7,2987,2,11,MERCEDES ML CLASS,3,E01015819,0,-1
2020622000983,2020,622000983,1,9,0,18,19,6,1,0,0,4,0,0,0,0,1,1,6,6,1,50,8,2987,2,11,MERCEDES ML CLASS,1,W01001299,0,-1
202031A098320,2020,31A098320,1,9,0,16,19,4,7,0,0,0,0,0,0,0,1,1,6,6,1,51,8,2987,2,14,MERCEDES ML CLASS,5,E01028314,0,-1
2020010264875,2020,010264875,1,8,0,17,19,1,7,0,0,8,0,0,0,0,1,1,1,1,1,45,7,2143,2,7,-1,5,E01003224,0,-1
2020460994329,2020,460994329,2,9,0,9,9,4,8,0,0,1,0,0,0,0,1,1,6,6,1,46,8,2143,2,8,MERCEDES ML CLASS,10,E01016085,0,-1
2020010256375,2020,010256375,1,9,0,99,99,9,9,99,99,0,0,0,0,0,3,9,6,6,1,48,8,4966,1,13,MERCEDES ML CLASS,4,E01003782,0,-1
2020320453167,2020,320453167,2,9,0,18,19,7,3,0,0,1,0,0,0,0,1,1,6,6,1,69,10,2143,2,8,MERCEDES ML CLASS,6,E01028152,0,-1
2020450963114,2020,450963114,2,9,0,18,19,7,3,0,0,0,0,0,0,0,1,1,5,6,2,34,6,2688,2,18,MERCEDES ML CLASS,4,E01030364,0,-1
2020500983126,2020,500983126,1,9,0,2,2,0,0,0,0,0,0,0,0,0,3,1,6,6,2,59,9,2143,2,7,MERCEDES ML CLASS,5,E01019026,0,-1
2020522003063,2020,522003063,1,9,0,9,9,8,6,0,0,6,0,0,0,0,3,1,6,6,1,73,10,2143,2,6,MERCEDES ML CLASS,10,E01014964,0,-1
2020101002973,2020,101002973,1,9,0,2,2,1,5,9,9,0,0,0,0,0,4,1,6,6,3,-1,-1,2987,2,13,MERCEDES ML CLASS,-1,-1,0,-1
2020430301499,2020,430301499,1,9,0,18,19,7,3,0,0,0,0,0,0,0,1,1,6,6,1,54,8,3724,1,17,MERCEDES ML CLASS,4,E01017506,0,-1
2020200989548,2020,200989548,2,9,0,18,19,4,8,0,0,8,0,0,0,0,4,1,6,6,1,53,8,2688,2,16,MERCEDES ML CLASS,5,E01008888,0,-1
2020200961584,2020,200961584,2,9,0,9,9,7,5,0,0,6,0,0,0,0,3,1,6,6,1,60,9,3199,1,19,MERCEDES ML CLASS,6,E01009462,0,-1
2020470960284,2020,470960284,1,9,0,18,19,7,3,0,0,8,0,0,0,0,1,1,2,2,1,43,7,2143,2,6,MERCEDES ML CLASS,8,E01016920,0,-1
2020010278814,2020,010278814,2,9,4,99,99,9,9,99,99,9,9,99,9,99,0,9,6,6,3,-1,-1,2688,2,18,MERCEDES ML CLASS,3,E01001661,0,-1
202031C007420,2020,31C007420,1,9,0,1,1,7,3,0,0,6,0,0,0,0,2,1,6,6,2,40,7,2987,2,9,MERCEDES ML CLASS,1,E01013844,0,-1
2020010252379,2020,010252379,2,9,0,18,19,7,3,0,0,1,0,0,0,0,1,1,6,6,3,-1,-1,2987,2,12,MERCEDES ML CLASS,-1,-1,0,-1
2020440376244,2020,440376244,1,9,0,18,19,6,2,0,0,0,0,0,0,0,2,1,6,6,2,70,10,2143,2,8,MERCEDES ML CLASS,10,E01023067,0,-1
2020460965658,2020,460965658,2,9,0,7,7,7,3,0,0,1,0,0,0,0,2,1,5,6,1,34,6,2987,2,10,MERCEDES ML CLASS,6,E01024163,0,-1
2020200942892,2020,200942892,3,9,0,4,4,4,8,0,0,1,0,0,0,0,1,1,6,6,2,30,6,2987,2,8,MERCEDES ML CLASS,6,E01009776,0,-1
2020010242992,2020,010242992,2,9,0,99,99,9,9,99,99,9,9,99,9,99,9,9,6,6,3,-1,-1,2987,2,13,MERCEDES ML CLASS,-1,-1,0,-1
2020010269050,2020,010269050,1,9,0,18,19,7,3,99,99,0,9,99,9,99,2,9,6,6,2,-1,-1,2987,2,11,MERCEDES ML CLASS,7,E01000339,0,-1
2020230930002,2020,230930002,1,9,0,9,9,8,7,0,0,6,0,0,0,0,1,1,6,6,1,27,6,3724,1,16,MERCEDES ML CLASS,4,E01024387,0,-1
2020010261863,2020,010261863,1,9,0,1,1,7,3,0,0,0,0,0,0,0,2,1,6,6,1,60,9,2143,2,6,MERCEDES ML CLASS,5,E01001881,0,-1
2020320611208,2020,320611208,1,9,0,13,13,6,2,0,0,1,0,0,1,0,1,1,6,6,2,40,7,4966,1,18,MERCEDES ML CLASS,-1,-1,0,-1
2020302000917,2020,302000917,1,9,0,9,9,1,5,0,0,5,0,0,0,0,1,1,6,6,1,67,10,2987,2,11,MERCEDES ML CLASS,1,E01013591,0,-1
2020371024197,2020,371024197,1,9,0,18,19,4,8,0,0,1,0,0,0,0,1,1,5,6,2,57,9,2143,2,8,MERCEDES ML CLASS,7,E01021662,0,-1
2020010272477,2020,010272477,2,9,0,16,19,7,2,0,0,0,0,0,0,0,1,1,6,6,1,-1,-1,2987,2,14,MERCEDES ML CLASS,-1,-1,0,-1
2020450934179,2020,450934179,2,9,0,3,3,5,1,0,0,1,0,0,1,0,1,1,5,6,2,40,7,2143,2,7,MERCEDES ML CLASS,6,E01001160,0,-1
2020010253429,2020,010253429,2,9,0,4,4,1,5,0,0,1,0,0,0,0,1,1,6,6,3,-1,-1,2688,2,16,MERCEDES ML CLASS,-1,-1,0,-1
2020220934701,2020,220934701,1,9,0,17,19,4,1,0,0,0,0,0,0,0,1,1,5,6,1,36,7,2685,2,16,MERCEDES ML CLASS,7,E01028954,0,-1
2020010233114,2020,010233114,2,9,0,4,4,5,1,0,0,1,0,0,0,0,2,1,6,6,1,43,7,2987,2,8,MERCEDES ML CLASS,2,E01000126,0,-1
2020440195797,2020,440195797,1,9,0,18,19,1,5,0,0,0,0,0,0,0,1,1,6,6,1,42,7,3997,2,13,MERCEDES ML CLASS,8,E01022532,0,-1
2020470993030,2020,470993030,1,9,0,1,1,8,4,0,0,0,0,0,0,0,2,1,6,6,1,74,10,2143,2,6,MERCEDES ML CLASS,10,E01016709,0,-1
2020010241053,2020,010241053,3,9,0,18,19,7,3,0,0,4,0,0,0,0,1,9,6,6,3,-1,-1,2143,2,7,MERCEDES ML CLASS,-1,-1,0,-1
2020010278769,2020,010278769,1,9,0,18,19,3,7,0,0,0,0,0,1,11,1,1,6,6,1,51,8,2987,2,11,MERCEDES ML CLASS,-1,-1,0,-1
2020010278866,2020,010278866,1,9,0,5,5,0,3,0,0,6,0,0,0,0,3,1,6,6,1,50,8,2143,2,7,MERCEDES ML CLASS,4,E01002342,0,-1
2020460934101,2020,460934101,1,9,0,4,4,3,7,0,0,3,0,0,0,0,1,1,6,6,1,21,5,3724,1,17,MERCEDES ML CLASS,-1,-1,0,-1
2020470939734,2020,470939734,1,9,0,2,2,0,0,0,0,0,0,0,0,0,3,1,6,6,2,54,8,2143,2,8,MERCEDES ML CLASS,10,E01016984,0,-1
2020010272554,2020,010272554,2,9,0,9,9,3,1,0,0,2,0,0,0,0,3,1,6,6,1,38,7,3498,1,12,MERCEDES ML CLASS,3,E01001481,0,-1
2020100942912,2020,100942912,2,9,0,18,19,8,4,0,0,0,0,0,0,0,2,1,5,6,1,69,10,2987,2,14,MERCEDES ML CLASS,3,E01008240,0,-1
2020501021800,2020,501021800,3,9,0,2,2,0,0,0,0,0,0,0,0,0,1,1,5,6,1,45,7,2688,2,16,MERCEDES ML CLASS,4,E01020247,0,-1
202006K275098,2020,06K275098,1,9,0,5,5,7,3,0,0,8,0,0,0,0,1,1,6,6,3,-1,-1,2987,2,13,MERCEDES ML CLASS,-1,-1,0,-1
202006Q178882,2020,06Q178882,3,9,0,3,3,4,8,0,0,0,0,0,0,0,2,1,2,2,2,61,9,2987,2,6,MERCEDES ML CLASS,3,E01005567,0,-1
2020440275774,2020,440275774,1,9,0,18,19,5,1,0,0,0,0,0,0,0,1,1,6,6,1,61,9,2987,2,13,MERCEDES ML CLASS,6,E01022941,0,-1
2020622000436,2020,622000436,1,9,0,14,14,6,2,0,0,0,0,0,0,0,1,1,6,6,1,41,7,2987,2,12,MERCEDES ML CLASS,5,W01001068,0,-1
2020010269091,2020,010269091,1,9,0,4,4,8,4,0,0,0,0,0,0,0,2,1,3,7,2,40,7,2987,2,14,MERCEDES ML CLASS,3,E01016014,0,-1
2020430269313,2020,430269313,2,9,0,18,19,2,6,0,0,4,0,0,0,0,1,1,6,6,1,-1,-1,2987,2,11,MERCEDES ML CLASS,6,E01016506,0,-1