collision_index,collision_year,collision_ref_no,vehicle_reference,vehicle_type,towing_and_articulation,vehicle_manoeuvre_historic,vehicle_manoeuvre,vehicle_direction_from,vehicle_direction_to,vehicle_location_restricted_lane_historic,vehicle_location_restricted_lane,junction_location,skidding_and_overturning,hit_object_in_carriageway,vehicle_leaving_carriageway,hit_object_off_carriageway,first_point_of_impact,vehicle_left_hand_drive,journey_purpose_of_driver_historic,journey_purpose_of_driver,sex_of_driver,age_of_driver,age_band_of_driver,engine_capacity_cc,propulsion_code,age_of_vehicle,generic_make_model,driver_imd_decile,lsoa_of_driver,escooter_flag,driver_distance_banding
2020460991621,2020,460991621,3,9,0,18,19,5,1,0,0,3,0,0,0,0,1,1,6,6,1,48,8,2987,2,9,MERCEDES ML CLASS,9,E01024343,0,-1
2020010248440,2020,010248440,1,9,0,4,4,5,1,0,0,0,0,0,0,0,1,1,6,6,1,29,6,2987,2,12,MERCEDES ML CLASS,3,E01004443,0,-1
20201372O0657,2020,1372O0657,1,9,0,18,19,5,1,0,0,0,0,0,0,0,1,1,6,6,1,33,6,2987,2,14,MERCEDES ML CLASS,4,E01010599,0,-1
2020010258578,2020,010258578,2,9,0,9,9,4,2,0,0,1,0,0,0,0,4,1,6,6,2,55,8,3199,1,20,MERCEDES ML CLASS,2,E01000627,0,-1
2020010228605,2020,010228605,2,9,0,2,2,0,0,0,0,0,0,0,0,0,1,1,6,6,3,-1,-1,2143,2,6,MERCEDES ML CLASS,-1,-1,0,-1
2020010262052,2020,010262052,1,9,0,18,19,1,5,0,0,1,0,0,0,0,1,1,6,6,3,-1,-1,2143,2,5,MERCEDES ML CLASS,-1,-1,0,-1
2020420953748,2020,420953748,1,9,0,5,5,7,3,0,0,2,0,0,0,0,3,1,5,6,2,41,7,2987,2,10,MERCEDES ML CLASS,5,E01021741,0,-1
2020220993634,2020,220993634,1,9,0,16,19,4,8,0,0,0,0,0,0,0,1,1,5,6,1,21,5,1098,1,-1,-1,6,E01028888,0,-1
2020500981918,2020,500981918,1,9,0,4,4,5,1,0,0,0,0,0,0,0,2,1,5,6,2,52,8,1000,1,61,-1,7,E01019942,0,-1
2020470981594,2020,470981594,1,9,0,9,9,8,6,0,0,1,0,0,0,0,3,1,5,6,1,83,11,1098,1,50,-1,9,E01031719,0,-1
2020320627358,2020,320627358,2,9,0,18,19,1,5,0,0,0,5,0,1,0,4,1,6,6,1,24,5,1098,1,-1,-1,3,E01026023,0,-1
20201371J0547,2020,1371J0547,1,9,0,18,19,2,6,0,0,0,0,0,0,0,1,1,6,6,1,81,11,1098,1,50,-1,5,E01011902,0,-1
2020410945260,2020,410945260,2,9,0,2,2,8,4,0,0,2,0,0,1,0,2,1,5,6,1,77,11,1098,1,50,-1,10,E01023595,0,-1
2020070509645,2020,070509645,2,9,0,10,10,5,2,0,0,1,0,0,0,0,3,1,6,6,1,46,8,2488,2,8,NISSAN PATHFINDER,5,E01018648,0,-1
2020460994526,2020,460994526,1,9,0,18,19,3,7,0,0,0,5,0,0,0,1,1,5,6,1,44,7,2488,2,9,NISSAN PATHFINDER,6,E01024238,0,-1
2020140929877,2020,140929877,2,9,0,18,19,-1,-1,0,0,0,1,0,0,0,1,1,6,6,3,-1,-1,2488,2,12,NISSAN PATHFINDER,-1,-1,0,-1
2020470995100,2020,470995100,2,9,0,4,4,5,1,0,0,1,0,0,0,0,1,1,5,6,1,46,8,2488,2,8,NISSAN PATHFINDER,10,E01030532,0,-1
2020371012537,2020,371012537,1,9,0,18,19,3,7,0,0,0,0,0,0,0,1,1,3,7,1,35,6,2488,2,11,NISSAN PATHFINDER,6,E01030039,0,-1
2020460962155,2020,460962155,1,9,0,18,19,7,3,0,0,1,1,0,0,0,1,1,5,6,2,50,8,2488,2,9,NISSAN PATHFINDER,6,E01024420,0,-1
202006E470586,2020,06E470586,1,9,0,18,19,7,3,0,0,8,0,0,0,0,0,1,6,6,1,25,5,2488,2,15,NISSAN PATHFINDER,4,E01005214,0,-1
2020552000882,2020,552000882,2,9,0,9,9,3,2,0,0,5,0,0,0,0,4,1,6,6,2,51,8,2488,2,11,NISSAN PATHFINDER,6,E01015355,0,-1
2020420997622,2020,420997622,3,9,0,3,3,4,8,0,0,0,0,0,0,0,2,1,6,6,2,46,8,2488,2,14,NISSAN PATHFINDER,7,E01023462,0,-1
2020530932487,2020,530932487,1,9,0,18,19,2,3,0,0,4,0,0,0,0,1,1,6,6,2,29,6,2488,2,13,NISSAN PATHFINDER,8,E01030556,0,-1
2020450956612,2020,450956612,1,9,0,17,19,5,1,0,0,0,1,0,1,4,1,1,5,6,1,48,8,2488,2,15,NISSAN PATHFINDER,7,E01030466,0,-1
2020010255063,2020,010255063,1,9,0,10,10,7,4,0,0,1,0,0,0,0,2,1,6,6,1,32,6,2488,2,14,NISSAN PATHFINDER,6,E01027948,0,-1
2020552000991,2020,552000991,1,9,0,16,19,7,3,0,0,0,1,0,7,0,1,1,6,6,1,57,9,2488,2,14,NISSAN PATHFINDER,8,E01020455,0,-1
2020500963561,2020,500963561,1,9,0,18,19,1,5,0,0,0,0,0,0,0,3,1,5,6,2,43,7,2488,2,14,NISSAN PATHFINDER,6,E01020063,0,-1
2020400962860,2020,400962860,2,9,0,18,19,5,1,0,0,1,0,0,0,0,1,1,6,6,1,30,6,2488,2,10,NISSAN PATHFINDER,10,E01017399,0,-1
2020302000764,2020,302000764,1,9,0,9,9,2,8,0,0,2,0,0,0,0,1,1,2,2,1,-1,-1,2488,2,13,NISSAN PATHFINDER,4,E01008019,0,-1
2020522100629,2020,522100629,3,9,0,4,4,1,5,0,0,0,0,0,0,0,1,1,6,6,1,37,7,2488,2,14,NISSAN PATHFINDER,7,E01009208,0,-1
2020990980295,2020,990980295,1,9,0,3,3,5,2,0,0,1,1,0,0,0,2,1,5,6,1,36,7,2488,2,9,NISSAN PATHFINDER,5,-1,0,-1
2020501002952,2020,501002952,2,9,0,2,2,0,0,0,0,0,0,0,0,0,3,1,6,6,1,42,7,2488,2,13,NISSAN PATHFINDER,3,E01018815,0,-1
2020420928792,2020,420928792,1,9,0,18,19,5,1,0,0,0,0,0,0,0,1,1,6,6,1,46,8,2488,2,9,NISSAN PATHFINDER,4,E01015888,0,-1
2020350965549,2020,350965549,3,9,0,4,4,4,2,0,0,1,0,0,0,0,1,1,5,6,1,41,7,2488,2,10,NISSAN PATHFINDER,6,E01017999,0,-1
2020411006639,2020,411006639,3,9,0,3,3,1,5,0,0,1,0,0,0,0,2,1,6,6,2,46,8,2488,2,14,NISSAN PATHFINDER,7,E01023462,0,-1
202031D061020,2020,31D061020,1,3,0,18,19,6,2,0,0,0,1,0,0,0,0,1,6,6,1,46,8,124,1,14,-1,7,E01028387,0,-1
2020440236076,2020,440236076,1,4,0,18,19,8,3,0,0,8,1,0,0,0,0,1,6,6,1,54,8,198,1,12,-1,10,E01022505,0,-1
2020530982066,2020,530982066,2,3,0,18,19,1,5,0,0,8,5,0,0,0,1,1,6,6,1,64,9,124,1,20,-1,2,E01022120,0,-1
2020990984694,2020,990984694,1,3,0,18,19,6,3,0,0,0,0,0,1,0,4,1,5,6,2,49,8,124,1,15,-1,4,-1,0,-1
2020052000859,2020,052000859,1,3,0,16,19,2,6,0,0,0,0,0,0,0,3,1,2,2,1,42,7,124,1,18,-1,9,E01007150,0,-1
2020470981112,2020,470981112,2,3,0,18,19,7,3,0,0,2,0,0,0,0,3,1,5,6,1,64,9,124,1,19,-1,6,E01021054,0,-1
2020200943984,2020,200943984,1,9,0,18,19,2,6,0,0,2,0,0,0,0,1,1,1,1,2,47,8,996,1,6,SUZUKI ALTO,3,E01009120,0,-1
2020440032841,2020,440032841,2,9,0,18,19,5,1,0,0,1,0,0,0,0,1,1,6,6,2,80,11,996,1,7,SUZUKI ALTO,6,E01023155,0,-1
2020070010505,2020,070010505,1,9,0,18,19,5,1,0,0,1,0,0,0,0,1,1,6,6,2,25,5,996,1,11,SUZUKI ALTO,5,E01012451,0,-1
2020052001434,2020,052001434,1,9,0,18,19,1,5,0,0,1,0,0,0,0,1,1,1,1,1,51,8,996,1,11,SUZUKI ALTO,1,E01006679,0,-1
2020052002233,2020,052002233,1,9,0,17,19,8,5,0,0,8,0,0,0,0,1,1,6,6,1,55,8,996,1,6,SUZUKI ALTO,2,E01006910,0,-1
2020460981485,2020,460981485,1,9,0,7,7,3,5,0,0,4,0,0,0,0,3,1,5,6,1,42,7,996,1,9,SUZUKI ALTO,6,E01024847,0,-1
2020622000751,2020,622000751,1,9,0,9,9,3,2,0,0,1,0,0,0,0,0,1,6,6,2,72,10,996,1,11,SUZUKI ALTO,4,W01000846,0,-1
2020010266563,2020,010266563,2,9,0,99,99,9,9,99,99,9,9,99,9,99,1,9,6,6,3,-1,-1,996,1,6,SUZUKI ALTO,3,E01001267,0,-1
2020320401889,2020,320401889,2,9,0,18,19,1,5,0,0,1,0,0,0,0,4,1,1,1,2,65,9,996,1,11,SUZUKI ALTO,1,E01026109,0,-1
2020101000443,2020,101000443,2,9,0,18,19,1,5,0,0,0,0,0,0,0,4,1,5,6,2,20,4,996,1,7,SUZUKI ALTO,7,E01008465,0,-1
2020460922394,2020,460922394,2,9,0,3,3,3,7,0,0,0,0,0,0,0,2,1,6,6,1,40,7,996,1,6,SUZUKI ALTO,2,E01024517,0,-1
2020350964880,2020,350964880,1,9,0,17,19,7,3,0,0,0,0,0,1,4,1,1,5,6,1,78,11,996,1,7,SUZUKI ALTO,9,E01018136,0,-1
2020420930694,2020,420930694,2,9,0,18,19,4,7,0,0,0,0,0,1,0,1,1,5,6,2,47,8,996,1,6,SUZUKI ALTO,1,E01021968,0,-1
2020350939349,2020,350939349,1,9,0,14,14,4,8,0,0,0,1,0,1,11,1,1,6,6,1,43,7,1061,1,16,SUZUKI ALTO,4,E01026483,0,-1
2020201019924,2020,201019924,2,9,0,7,7,2,4,0,0,3,0,0,0,0,3,1,6,6,2,37,7,996,1,9,SUZUKI ALTO,2,E01009487,0,-1
2020622000340,2020,622000340,1,9,0,18,19,6,2,0,0,0,2,0,0,0,1,1,6,6,1,19,4,996,1,11,SUZUKI ALTO,8,W01000923,0,-1
2020070760323,2020,070760323,5,9,0,2,2,0,0,0,0,2,0,0,0,0,1,1,6,6,2,18,4,996,1,10,SUZUKI ALTO,-1,-1,0,-1
202006N275066,2020,06N275066,1,9,0,18,19,3,7,0,0,2,0,0,0,0,1,1,6,6,1,35,6,996,1,10,SUZUKI ALTO,3,E01005013,0,-1
2020461010379,2020,461010379,4,9,0,2,2,0,0,0,0,0,0,0,0,0,2,1,6,6,2,67,10,996,1,6,SUZUKI ALTO,6,E01032653,0,-1
2020360974396,2020,360974396,1,9,0,18,19,5,1,0,0,0,0,0,0,0,1,1,5,6,2,84,11,996,1,6,SUZUKI ALTO,8,E01026653,0,-1
202031B131320,2020,31B131320,2,9,0,2,2,0,0,0,0,8,0,0,0,0,1,1,6,6,3,-1,-1,996,1,6,SUZUKI ALTO,-1,-1,0,-1
2020461002455,2020,461002455,1,9,0,18,19,7,3,0,0,1,0,0,1,0,1,1,5,6,2,19,4,996,1,10,SUZUKI ALTO,5,E01024598,0,-1
2020440215397,2020,440215397,2,9,0,18,19,7,3,0,0,0,0,0,0,0,3,1,6,6,2,-1,-1,996,1,10,SUZUKI ALTO,5,E01002426,0,-1
2020010281485,2020,010281485,1,9,0,18,19,5,1,0,0,1,0,0,0,0,1,1,6,6,1,37,7,996,1,10,SUZUKI ALTO,-1,-1,0,-1
2020400991519,2020,400991519,1,9,0,18,19,2,6,0,0,8,0,0,0,0,1,1,1,1,1,37,7,996,1,6,SUZUKI ALTO,6,E01017517,0,-1
2020500947139,2020,500947139,1,9,0,18,19,4,8,0,0,0,0,0,7,0,3,1,5,6,1,63,9,1061,1,14,SUZUKI ALTO,1,E01018875,0,-1
2020010265290,2020,010265290,1,9,0,5,5,3,7,0,0,1,0,0,0,0,3,1,6,6,1,28,6,996,1,7,SUZUKI ALTO,2,E01001011,0,-1
2020070091845,2020,070091845,1,9,0,18,19,8,4,0,0,0,0,0,0,0,1,1,6,6,2,19,4,996,1,8,SUZUKI ALTO,-1,-1,0,-1
2020470918736,2020,470918736,1,9,0,18,19,4,8,0,0,1,1,0,1,0,4,1,5,6,2,54,8,996,1,6,SUZUKI ALTO,7,E01020926,0,-1
2020547610820,2020,547610820,1,9,0,9,9,2,6,0,0,2,0,0,8,10,1,1,6,6,2,27,6,996,1,7,SUZUKI ALTO,10,E01028786,0,-1
2020122100056,2020,122100056,2,9,0,3,3,3,7,0,0,0,0,0,1,0,3,1,6,6,2,75,10,996,1,6,SUZUKI ALTO,10,E01027893,0,-1
2020170M10180,2020,170M10180,2,9,0,18,19,6,2,0,0,8,0,0,0,0,1,1,6,6,1,31,6,996,1,6,SUZUKI ALTO,-1,-1,0,-1
2020070257283,2020,070257283,1,9,0,15,15,3,7,0,0,0,0,0,0,0,1,1,6,6,1,66,10,996,1,5,SUZUKI ALTO,2,E01012431,0,-1
2020540416720,2020,540416720,1,9,0,18,19,7,3,0,0,1,1,0,0,0,1,1,6,6,2,41,7,996,1,6,SUZUKI ALTO,8,E01015536,0,-1
202031D013920,2020,31D013920,2,9,0,4,4,6,2,0,0,7,0,0,0,0,1,1,6,6,2,23,5,996,1,10,SUZUKI ALTO,7,E01031166,0,-1
2020220929086,2020,220929086,1,9,0,1,1,4,8,9,9,6,0,0,0,0,2,1,5,6,2,78,11,996,1,11,SUZUKI ALTO,6,E01032159,0,-1
2020552001131,2020,552001131,1,9,0,18,19,3,7,0,0,0,0,0,1,4,1,1,6,6,1,21,5,1061,1,16,SUZUKI ALTO,10,E01020470,0,-1
2020440475225,2020,440475225,2,9,0,18,19,1,5,0,0,8,0,0,0,0,4,1,6,6,2,69,10,996,1,7,SUZUKI ALTO,7,E01017344,0,-1
2020160937382,2020,160937382,2,9,0,4,4,8,4,0,0,1,0,0,0,0,1,1,6,6,2,-1,-1,996,1,6,SUZUKI ALTO,9,E01013191,0,-1
2020141006860,2020,141006860,2,9,0,18,19,8,4,0,0,0,0,0,0,0,1,1,1,1,2,63,9,996,1,7,SUZUKI ALTO,1,E01007453,0,-1
2020070240246,2020,070240246,2,9,0,18,19,1,5,0,0,1,0,0,0,0,3,1,6,6,2,19,4,996,1,10,SUZUKI ALTO,2,E01012457,0,-1
2020141000994,2020,141000994,1,9,0,18,19,7,2,0,0,0,1,6,2,1,4,1,2,2,1,23,5,996,1,6,SUZUKI ALTO,2,E01007975,0,-1
2020170S10800,2020,170S10800,2,9,0,9,9,2,8,0,0,8,0,0,0,0,1,1,6,6,1,82,11,996,1,5,SUZUKI ALTO,6,E01012242,0,-1
2020350941135,2020,350941135,4,9,0,18,19,7,3,0,0,0,0,0,0,0,1,1,5,6,2,24,5,996,1,6,SUZUKI ALTO,10,E01018019,0,-1
2020220937269,2020,220937269,1,9,0,7,7,8,3,0,0,6,0,0,0,0,3,1,5,6,2,23,5,996,1,11,SUZUKI ALTO,2,E01032234,0,-1
2020610009820,2020,610009820,2,9,0,9,9,3,1,0,0,5,0,0,0,0,1,1,6,6,2,22,5,996,1,6,SUZUKI ALTO,4,W01001445,0,-1
2020430269056,2020,430269056,2,9,0,18,19,2,6,0,0,0,0,0,0,0,1,1,6,6,2,59,9,996,1,8,SUZUKI ALTO,8,E01011418,0,-1
202031D023920,2020,31D023920,1,9,0,18,19,8,4,0,0,1,0,0,0,0,1,1,6,6,2,49,8,996,1,6,SUZUKI ALTO,4,E01019431,0,-1
2020320565464,2020,320565464,1,9,0,18,19,7,3,0,0,0,1,0,7,9,1,1,1,1,1,27,6,996,1,8,SUZUKI ALTO,7,E01028402,0,-1
2020470926859,2020,470926859,2,9,0,18,19,2,6,0,0,0,1,0,0,0,3,1,5,6,1,50,8,1061,1,14,SUZUKI ALTO,6,E01020960,0,-1
2020470984184,2020,470984184,2,9,0,18,19,3,7,0,0,0,1,10,0,0,1,1,6,6,1,37,7,996,1,9,SUZUKI ALTO,8,E01030928,0,-1
2020547186520,2020,547186520,2,9,0,16,19,3,7,0,0,1,0,0,0,0,2,1,6,6,2,43,7,996,1,10,SUZUKI ALTO,4,E01032070,0,-1
2020430080548,2020,430080548,1,9,0,17,19,7,4,0,0,1,2,0,7,3,4,1,2,2,1,23,5,996,1,7,SUZUKI ALTO,8,E01028712,0,-1
2020200952067,2020,200952067,2,9,0,2,2,0,0,0,0,2,0,0,0,0,3,1,5,6,2,31,6,996,1,8,SUZUKI ALTO,-1,-1,0,-1
202063C073020,2020,63C073020,1,9,0,18,19,5,1,0,0,0,0,0,0,0,1,1,6,6,2,19,4,1061,1,17,SUZUKI ALTO,8,W01000622,0,-1
2020052000456,2020,052000456,1,9,0,9,9,1,7,0,0,4,0,0,0,0,3,1,6,6,2,20,4,996,1,11,SUZUKI ALTO,5,E01006901,0,-1
2020990992650,2020,990992650,1,9,0,18,19,3,7,0,0,1,0,0,0,0,4,1,2,2,2,19,4,996,1,9,SUZUKI ALTO,-1,-1,0,-1
2020010262617,2020,010262617,1,9,0,99,99,9,9,99,99,9,9,99,9,99,1,9,6,6,1,71,10,1061,1,15,SUZUKI ALTO,3,E01003583,0,-1
202031C094320,2020,31C094320,1,9,0,18,19,2,6,0,0,8,0,0,0,0,4,1,6,6,1,74,10,996,1,7,SUZUKI ALTO,4,E01013936,0,-1
2020360937833,2020,360937833,1,9,0,18,19,1,5,0,0,8,0,0,0,0,1,1,2,2,2,25,5,996,1,6,SUZUKI ALTO,6,E01026431,0,-1
2020137B81388,2020,137B81388,2,9,0,16,19,8,4,0,0,1,0,0,1,4,1,1,6,6,2,44,7,996,1,6,SUZUKI ALTO,1,E01011467,0,-1
2020161008140,2020,161008140,1,9,0,18,19,3,7,0,0,4,0,0,0,0,1,1,1,1,1,65,9,996,1,7,SUZUKI ALTO,1,E01012850,0,-1
2020161000313,2020,161000313,1,9,0,9,9,4,2,0,0,6,1,0,1,2,3,1,6,6,2,85,11,996,1,6,SUZUKI ALTO,8,E01013226,0,-1
2020040963132,2020,040963132,1,9,0,18,19,5,1,0,0,0,0,0,0,0,1,1,6,6,1,58,9,996,1,7,SUZUKI ALTO,1,E01012754,0,-1
2020410982285,2020,410982285,2,9,0,18,19,3,7,9,9,1,0,0,0,0,1,1,5,6,1,44,7,1061,1,16,SUZUKI ALTO,7,E01023602,0,-1
2020030984113,2020,030984113,1,9,0,6,6,5,5,0,0,0,0,0,0,0,3,1,6,6,1,74,10,996,1,11,SUZUKI ALTO,5,E01019268,0,-1
2020137231346,2020,137231346,1,9,0,9,9,6,4,0,0,5,0,0,1,0,4,1,6,6,2,69,10,996,1,7,SUZUKI ALTO,9,E01011170,0,-1
2020210997867,2020,210997867,2,9,0,2,2,0,0,0,0,0,0,0,0,0,2,1,6,6,2,-1,-1,996,1,6,SUZUKI ALTO,9,E01029641,0,-1
2020010276912,2020,010276912,1,9,0,18,19,5,1,0,0,0,0,0,0,0,1,1,6,6,1,30,6,996,1,11,SUZUKI ALTO,3,E01003606,0,-1
2020340K01982,2020,340K01982,1,9,0,1,1,3,5,0,0,1,0,0,0,0,3,1,1,1,1,32,6,996,1,10,SUZUKI ALTO,1,E01027127,0,-1
2020440439850,2020,440439850,2,8,0,18,19,7,3,0,0,0,0,0,1,0,1,1,6,6,2,26,6,996,1,6,-1,6,E01023081,0,-1
2020040951257,2020,040951257,1,9,0,5,5,5,1,0,0,0,0,0,0,0,2,1,5,6,2,61,9,996,1,6,SUZUKI ALTO,3,E01006358,0,-1
2020351015941,2020,351015941,1,9,0,7,7,5,3,0,0,1,0,0,0,0,1,1,5,6,2,19,4,996,1,8,SUZUKI ALTO,2,E01015654,0,-1
2020201002997,2020,201002997,1,9,5,16,19,8,2,0,0,8,0,7,7,10,1,1,6,6,2,20,4,996,1,10,SUZUKI ALTO,8,E01009463,0,-1
2020122000214,2020,122000214,2,9,0,17,19,8,6,0,0,0,0,0,0,0,1,1,6,6,2,61,9,996,1,8,SUZUKI ALTO,6,E01027823,0,-1
2020430090105,2020,430090105,1,9,0,7,7,7,1,0,0,5,0,0,0,0,4,1,6,6,2,-1,-1,1061,1,14,SUZUKI ALTO,-1,-1,0,-1
2020052000431,2020,052000431,2,9,0,8,8,4,6,0,0,1,0,0,0,0,2,1,6,6,2,40,7,996,1,5,SUZUKI ALTO,1,E01006730,0,-1
2020100983621,2020,100983621,1,9,0,9,9,3,7,0,0,1,0,0,0,0,2,1,6,6,2,36,7,996,1,6,SUZUKI ALTO,6,E01008433,0,-1
2020030942682,2020,030942682,1,9,0,18,19,3,7,0,0,1,0,0,0,0,1,1,2,2,2,29,6,996,1,7,SUZUKI ALTO,6,E01027488,0,-1
2020420943167,2020,420943167,2,9,0,18,19,1,5,0,0,8,0,0,0,0,1,1,2,2,2,37,7,996,1,6,SUZUKI ALTO,1,E01022042,0,-1
2020137390961,2020,137390961,1,9,0,18,19,7,3,0,0,1,0,0,0,0,4,1,6,6,2,62,9,996,1,6,SUZUKI ALTO,2,E01010716,0,-1
2020470994703,2020,470994703,2,9,0,18,19,5,1,0,0,1,0,0,0,0,4,1,5,6,1,83,11,1061,1,15,SUZUKI ALTO,2,E01031450,0,-1
20201379L0540,2020,1379L0540,2,9,0,3,3,5,1,0,0,1,0,0,0,0,2,1,6,6,2,63,9,996,1,9,SUZUKI ALTO,6,E01010750,0,-1
2020500962732,2020,500962732,1,9,0,9,9,7,3,0,0,1,0,0,0,0,1,1,2,2,2,20,4,996,1,6,SUZUKI ALTO,6,E01020221,0,-1
2020052002596,2020,052002596,1,9,0,5,5,1,5,0,0,4,0,0,0,0,1,1,6,6,2,79,11,996,1,7,SUZUKI ALTO,8,E01006921,0,-1
2020360964735,2020,360964735,2,9,0,4,4,8,5,0,0,0,0,0,0,0,2,1,5,6,2,18,4,1061,1,16,SUZUKI ALTO,8,E01026518,0,-1
2020201002572,2020,201002572,1,9,0,5,5,3,7,0,0,6,0,0,0,0,1,1,1,1,2,47,8,996,1,6,SUZUKI ALTO,1,E01009021,0,-1
2020990925348,2020,990925348,1,9,0,16,19,7,3,0,0,0,0,0,1,0,1,1,6,6,1,49,8,996,1,9,SUZUKI ALTO,9,E01027379,0,-1
2020137AC0791,2020,137AC0791,1,9,0,18,19,1,5,0,0,8,0,0,1,1,1,1,6,6,2,82,11,996,1,6,SUZUKI ALTO,7,E01011509,0,-1
2020070556398,2020,070556398,2,9,0,3,3,8,4,0,0,0,0,2,0,0,2,1,2,2,1,33,6,996,1,10,SUZUKI ALTO,8,E01018341,0,-1
2020221027374,2020,221027374,2,9,0,4,4,6,2,0,0,2,0,0,0,0,2,1,6,6,2,70,10,996,1,7,SUZUKI ALTO,9,E01028929,0,-1
2020622000889,2020,622000889,2,9,0,4,4,2,6,0,0,1,0,0,0,0,2,1,6,6,2,24,5,996,1,6,SUZUKI ALTO,10,W01000879,0,-1
2020460966006,2020,460966006,1,9,0,9,9,5,1,0,0,1,0,0,0,0,3,1,6,6,1,21,5,996,1,6,SUZUKI ALTO,2,E01024019,0,-1
2020440453246,2020,440453246,2,9,0,2,2,0,0,0,0,8,0,0,0,0,3,1,2,2,2,31,6,996,1,6,SUZUKI ALTO,7,E01017259,0,-1
2020200930973,2020,200930973,2,9,0,18,19,8,4,0,0,8,0,0,0,0,1,1,6,6,2,43,7,996,1,6,SUZUKI ALTO,2,E01010239,0,-1
2020990960277,2020,990960277,2,9,0,18,19,5,1,0,0,8,1,0,7,4,1,1,2,2,1,54,8,996,1,9,SUZUKI ALTO,4,-1,0,-1
2020470952189,2020,470952189,1,9,0,16,19,4,7,0,0,2,0,0,0,0,1,1,5,6,2,49,8,996,1,11,SUZUKI ALTO,3,E01031548,0,-1
2020220928989,2020,220928989,1,9,0,17,19,6,2,0,0,0,0,0,2,9,1,1,5,6,1,53,8,996,1,10,SUZUKI ALTO,6,E01028975,0,-1
2020302001078,2020,302001078,2,9,0,18,19,5,1,0,0,0,0,0,0,0,3,1,2,2,2,26,6,996,1,11,SUZUKI ALTO,5,E01025653,0,-1
2020010258484,2020,010258484,1,9,0,99,99,9,9,99,99,9,9,99,9,99,4,9,6,6,2,30,6,996,1,7,SUZUKI ALTO,4,E01004141,0,-1
2020052002277,2020,052002277,2,9,0,4,4,7,3,0,0,0,0,0,0,0,2,1,6,6,2,21,5,996,1,8,SUZUKI ALTO,5,E01006640,0,-1
2020220942408,2020,220942408,2,9,0,16,19,3,6,0,0,8,0,0,0,0,1,1,5,6,2,60,9,996,1,7,SUZUKI ALTO,7,E01014150,0,-1
2020371039318,2020,371039318,1,9,0,14,14,1,5,0,0,0,1,11,0,0,1,1,5,6,1,48,8,993,1,19,SUZUKI ALTO,6,E01033448,0,-1
2020040941884,2020,040941884,1,9,0,18,19,2,3,0,0,1,0,0,0,0,3,1,5,6,1,33,6,996,1,7,SUZUKI ALTO,8,E01012582,0,-1
2020100999025,2020,100999025,1,9,0,9,9,2,6,0,0,2,0,0,0,0,1,1,2,2,2,22,5,996,1,11,SUZUKI ALTO,8,E01033717,0,-1
202063A035120,2020,63A035120,1,9,0,18,19,6,2,0,0,8,0,0,0,0,4,1,6,6,1,69,10,996,1,7,SUZUKI ALTO,5,W01000696,0,-1
2020040948866,2020,040948866,1,9,0,4,4,1,5,0,0,0,0,0,0,0,1,1,6,6,2,45,7,996,1,8,SUZUKI ALTO,-1,-1,0,-1
2020160972633,2020,160972633,2,9,0,16,19,7,3,0,0,0,0,0,0,0,1,1,5,6,2,55,8,996,1,10,SUZUKI ALTO,2,E01013291,0,-1
2020500934930,2020,500934930,2,9,0,5,5,1,5,0,0,0,0,0,0,0,1,1,6,6,2,52,8,996,1,11,SUZUKI ALTO,6,E01018826,0,-1
2020320681346,2020,320681346,2,9,0,2,2,8,4,0,0,0,0,0,1,0,2,1,6,6,2,61,9,996,1,10,SUZUKI ALTO,4,E01026019,0,-1
2020400972511,2020,400972511,3,9,0,2,2,0,0,0,0,2,0,0,0,0,2,1,6,6,3,-1,-1,996,1,11,SUZUKI ALTO,-1,-1,0,-1
2020500941500,2020,500941500,1,9,0,18,19,2,6,0,0,0,2,0,2,0,1,1,2,2,2,56,9,996,1,10,SUZUKI ALTO,5,E01020301,0,-1
202031C026820,2020,31C026820,1,9,0,6,6,8,8,0,0,8,0,0,0,0,1,1,2,2,1,46,8,1061,1,16,SUZUKI ALTO,1,E01013948,0,-1
2020622000569,2020,622000569,1,9,0,17,19,2,4,0,0,1,1,0,0,0,1,1,6,6,2,53,8,996,1,10,SUZUKI ALTO,3,W01001052,0,-1
2020230982322,2020,230982322,1,9,0,18,19,4,8,0,0,0,5,10,0,0,4,1,5,6,1,30,6,1061,1,16,SUZUKI ALTO,8,E01031029,0,-1
2020990973459,2020,990973459,2,9,0,9,9,3,7,0,0,2,0,0,0,0,1,1,6,6,1,74,10,996,1,6,SUZUKI ALTO,-1,-1,0,-1
2020070416493,2020,070416493,1,9,0,9,9,8,6,0,0,1,0,0,0,0,3,1,6,6,2,77,11,996,1,11,SUZUKI ALTO,6,E01018514,0,-1
2020522100762,2020,522100762,3,9,0,18,19,5,1,0,0,0,0,0,0,0,1,1,6,6,1,24,5,996,1,6,SUZUKI ALTO,2,E01014636,0,-1
2020440018423,2020,440018423,4,9,0,18,19,0,0,0,0,0,0,0,0,0,2,1,6,6,3,-1,-1,1061,1,15,SUZUKI ALTO,-1,-1,0,-1
2020140967936,2020,140967936,2,9,0,7,7,4,6,0,0,0,0,0,0,0,1,1,6,6,1,49,8,996,1,7,SUZUKI ALTO,4,E01008142,0,-1
2020460979333,2020,460979333,2,9,0,18,19,3,7,0,0,0,0,0,1,0,1,1,6,6,2,53,8,996,1,8,SUZUKI ALTO,9,E01021156,0,-1