collision_index,collision_year,collision_ref_no,vehicle_reference,vehicle_type,towing_and_articulation,vehicle_manoeuvre_historic,vehicle_manoeuvre,vehicle_direction_from,vehicle_direction_to,vehicle_location_restricted_lane_historic,vehicle_location_restricted_lane,junction_location,skidding_and_overturning,hit_object_in_carriageway,vehicle_leaving_carriageway,hit_object_off_carriageway,first_point_of_impact,vehicle_left_hand_drive,journey_purpose_of_driver_historic,journey_purpose_of_driver,sex_of_driver,age_of_driver,age_band_of_driver,engine_capacity_cc,propulsion_code,age_of_vehicle,generic_make_model,driver_imd_decile,lsoa_of_driver,escooter_flag,driver_distance_banding
2020320331484,2020,320331484,1,9,0,9,9,2,8,0,0,8,0,0,0,0,4,1,6,6,2,48,8,996,1,6,SUZUKI ALTO,7,E01026388,0,-1
2020610013020,2020,610013020,1,9,0,17,19,5,2,0,0,1,5,0,0,0,1,1,1,1,2,59,9,996,1,7,SUZUKI ALTO,2,W01001385,0,-1
2020522002481,2020,522002481,1,9,0,18,19,1,5,0,0,0,0,0,0,0,1,1,6,6,2,21,5,996,1,5,SUZUKI ALTO,5,E01033289,0,-1
2020552000394,2020,552000394,1,9,0,18,19,8,4,0,0,0,0,0,0,0,1,1,6,6,2,88,11,996,1,6,SUZUKI ALTO,6,E01020516,0,-1
2020440044753,2020,440044753,1,9,0,9,9,5,3,0,0,8,0,0,0,0,1,1,2,2,1,29,6,996,1,6,SUZUKI ALTO,4,E01022817,0,-1
2020320408057,2020,320408057,1,9,0,9,9,8,6,0,0,1,0,0,1,0,1,1,6,6,1,84,11,996,1,11,SUZUKI ALTO,9,E01013191,0,-1
2020450951649,2020,450951649,1,9,0,9,9,7,5,0,0,8,0,0,0,0,1,1,5,6,1,75,10,1061,1,14,SUZUKI ALTO,9,E01030970,0,-1
202006F171823,2020,06F171823,3,9,0,2,2,0,0,0,0,1,0,0,0,0,2,1,6,6,2,30,6,996,1,6,SUZUKI ALTO,1,E01005692,0,-1
2020070289976,2020,070289976,1,9,0,7,7,6,8,0,0,6,0,0,0,0,3,1,6,6,2,19,4,996,1,8,SUZUKI ALTO,9,E01018544,0,-1
2020340N03912,2020,340N03912,1,9,0,18,19,5,1,0,0,0,0,0,0,0,3,1,6,6,2,20,4,1061,1,16,SUZUKI ALTO,6,E01027323,0,-1
2020460998230,2020,460998230,1,9,0,8,8,7,5,0,0,1,0,0,0,0,1,1,6,6,2,18,4,996,1,10,SUZUKI ALTO,10,E01024323,0,-1
2020440196928,2020,440196928,1,9,0,16,19,6,2,0,0,3,0,0,0,0,1,1,6,6,1,18,4,996,1,7,SUZUKI ALTO,10,E01022838,0,-1
2020320074043,2020,320074043,1,9,0,17,19,1,5,0,0,0,0,0,1,9,1,1,6,6,2,24,5,996,1,7,SUZUKI ALTO,2,E01015601,0,-1
2020440388291,2020,440388291,1,9,0,18,19,1,4,0,0,1,0,0,0,0,1,1,2,2,2,26,6,996,1,7,SUZUKI ALTO,9,E01022601,0,-1
2020140925734,2020,140925734,3,9,0,18,19,6,2,0,0,1,0,0,0,0,1,1,6,6,2,26,6,996,1,7,SUZUKI ALTO,1,E01007320,0,-1
2020990946388,2020,990946388,1,9,0,17,19,1,5,0,0,0,2,0,7,11,1,1,5,6,1,47,8,996,1,9,SUZUKI ALTO,4,-1,0,-1
2020400989821,2020,400989821,1,9,0,5,5,8,4,0,0,6,0,0,7,0,1,1,6,6,2,43,7,1061,1,16,SUZUKI ALTO,1,E01015773,0,-1
2020030981392,2020,030981392,1,9,0,18,19,4,1,0,0,1,0,0,7,0,1,1,6,6,2,73,10,996,1,10,SUZUKI ALTO,9,E01019300,0,-1
20201372P0762,2020,1372P0762,1,9,0,18,19,2,6,0,0,6,0,0,0,0,3,1,6,6,2,52,8,996,1,10,SUZUKI ALTO,7,E01011145,0,-1
2020040955789,2020,040955789,1,9,0,9,9,5,3,0,0,6,0,0,0,0,4,1,2,2,2,45,7,1061,1,17,SUZUKI ALTO,1,E01025136,0,-1
2020200938172,2020,200938172,1,9,0,18,19,2,6,0,0,4,0,0,0,0,1,1,6,6,2,-1,-1,996,1,6,SUZUKI ALTO,-1,-1,0,-1
2020552000476,2020,552000476,1,9,0,7,7,5,8,0,0,6,0,0,0,0,1,1,6,6,1,50,8,996,1,9,SUZUKI ALTO,1,E01020555,0,-1
2020052002186,2020,052002186,2,9,0,2,2,0,0,0,0,0,0,0,0,0,1,1,6,6,3,-1,-1,996,1,7,SUZUKI ALTO,-1,-1,0,-1
2020010248981,2020,010248981,2,9,0,18,19,7,3,0,0,4,0,0,0,0,1,1,6,6,1,63,9,996,1,6,SUZUKI ALTO,5,E01030739,0,-1
2020110986191,2020,110986191,2,9,0,18,19,5,1,0,0,0,0,0,0,0,1,1,6,6,1,53,8,996,1,6,SUZUKI ALTO,9,E01012329,0,-1
2020010246947,2020,010246947,1,9,0,5,5,0,7,9,9,0,0,4,1,0,1,1,6,6,1,84,11,1061,1,17,SUZUKI ALTO,3,E01001819,0,-1
2020041006248,2020,041006248,2,9,0,18,19,1,5,0,0,0,0,0,0,0,2,1,6,6,2,20,4,996,1,7,SUZUKI ALTO,-1,-1,0,-1
2020400958421,2020,400958421,1,9,0,18,19,2,5,0,0,0,0,0,0,0,1,1,5,6,2,36,7,996,1,8,SUZUKI ALTO,7,E01017608,0,-1
2020420928591,2020,420928591,4,9,0,4,4,3,7,0,0,0,0,0,0,0,2,1,5,6,2,21,5,996,1,11,SUZUKI ALTO,9,E01029882,0,-1
2020420959531,2020,420959531,1,9,0,4,4,3,7,0,0,1,0,0,0,0,1,1,6,6,2,18,4,996,1,7,SUZUKI ALTO,-1,-1,0,-1
202006Q170079,2020,06Q170079,2,9,0,18,19,6,2,0,0,1,0,0,0,0,1,1,6,6,3,-1,-1,-1,-1,-1,VAUXHALL ASTRAVAN,-1,-1,0,-1
2020220943323,2020,220943323,1,19,0,1,1,2,3,0,0,8,0,0,0,0,2,1,5,6,1,20,4,1686,2,15,VAUXHALL ASTRAVAN,4,E01014068,0,-1
2020420950059,2020,420950059,1,19,0,9,9,5,3,0,0,6,0,0,0,0,1,1,5,6,1,33,6,1686,2,14,VAUXHALL ASTRAVAN,10,E01021455,0,-1
2020010243614,2020,010243614,2,9,0,99,99,9,9,99,99,1,9,99,9,99,1,9,6,6,3,42,7,-1,-1,-1,VAUXHALL ASTRAVAN,4,E01002244,0,-1
2020010230498,2020,010230498,2,9,0,99,99,9,9,99,99,9,9,99,9,99,1,9,6,6,3,-1,-1,-1,-1,-1,VAUXHALL ASTRAVAN,-1,-1,0,-1
2020501012429,2020,501012429,1,19,0,18,19,1,5,0,0,1,0,0,0,0,1,1,6,6,1,31,6,1686,2,14,VAUXHALL ASTRAVAN,3,E01018873,0,-1
2020340W07992,2020,340W07992,1,9,0,1,1,3,7,0,0,0,0,0,0,0,2,1,1,1,1,47,8,-1,-1,-1,VAUXHALL ASTRAVAN,2,E01027331,0,-1
2020990931988,2020,990931988,2,9,0,4,4,6,2,0,0,0,1,0,7,0,1,1,6,6,1,28,6,-1,-1,-1,VAUXHALL ASTRAVAN,5,-1,0,-1
2020070547620,2020,070547620,1,9,0,18,19,7,3,0,0,0,0,2,0,0,1,1,2,2,1,26,6,-1,-1,-1,VAUXHALL ASTRAVAN,10,E01018349,0,-1
2020990977254,2020,990977254,1,19,0,9,9,3,1,0,0,8,0,0,7,11,3,1,5,6,2,58,9,1686,2,14,VAUXHALL ASTRAVAN,5,-1,0,-1
2020111002974,2020,111002974,1,9,0,18,19,1,5,0,0,4,0,0,0,0,1,1,6,6,1,30,6,-1,-1,-1,VAUXHALL ASTRAVAN,6,E01012187,0,-1
2020440018047,2020,440018047,1,19,0,17,19,4,8,0,0,0,0,0,0,0,1,1,6,6,1,21,5,1686,2,14,VAUXHALL ASTRAVAN,6,E01017300,0,-1
2020052000928,2020,052000928,1,19,0,17,19,5,1,0,0,1,1,0,0,0,1,1,6,6,1,27,6,1686,2,14,VAUXHALL ASTRAVAN,1,E01006880,0,-1
2020220944574,2020,220944574,1,19,0,1,1,2,1,0,0,6,0,0,0,0,2,1,6,6,1,-1,-1,1686,2,15,VAUXHALL ASTRAVAN,6,E01032217,0,-1
202031D066520,2020,31D066520,2,19,0,18,19,4,8,0,0,8,0,4,0,0,3,1,1,1,1,36,7,1686,2,15,VAUXHALL ASTRAVAN,5,E01028129,0,-1
2020470953311,2020,470953311,2,9,0,3,3,6,2,0,0,0,0,0,0,0,2,1,6,6,1,57,9,-1,-1,-1,VAUXHALL ASTRAVAN,3,E01020917,0,-1
2020430380395,2020,430380395,2,19,0,18,19,3,7,0,0,4,0,0,0,0,1,1,6,6,1,-1,-1,1686,2,14,VAUXHALL ASTRAVAN,-1,-1,0,-1
2020400982281,2020,400982281,1,9,0,12,12,8,4,0,0,0,0,0,1,9,1,1,2,2,1,48,8,-1,-1,-1,VAUXHALL ASTRAVAN,4,E01017520,0,-1
2020552000667,2020,552000667,2,19,0,2,2,0,0,0,0,0,0,0,0,0,2,1,6,6,3,-1,-1,1686,2,15,VAUXHALL ASTRAVAN,-1,-1,0,-1
2020460937178,2020,460937178,2,9,0,18,19,7,3,0,0,1,1,0,0,0,1,1,6,6,1,53,8,-1,-1,-1,VAUXHALL ASTRAVAN,6,E01024230,0,-1
2020360970044,2020,360970044,1,9,0,4,4,1,8,0,0,0,0,0,0,0,1,1,6,6,1,29,6,-1,-1,-1,VAUXHALL ASTRAVAN,6,E01026771,0,-1
202063D081220,2020,63D081220,2,19,0,16,19,2,5,0,0,0,0,0,0,0,1,1,1,1,1,42,7,1686,2,16,VAUXHALL ASTRAVAN,8,W01001905,0,-1
2020420963225,2020,420963225,1,9,0,5,5,1,8,0,0,8,0,0,0,0,1,1,2,2,1,58,9,-1,-1,-1,VAUXHALL ASTRAVAN,8,E01021382,0,-1
2020320641358,2020,320641358,2,9,0,10,10,8,1,0,0,1,0,0,0,0,2,1,6,6,1,68,10,-1,-1,-1,VAUXHALL ASTRAVAN,4,E01026410,0,-1
2020549268720,2020,549268720,1,9,0,18,19,4,8,0,0,1,0,0,0,0,1,1,6,6,1,29,6,-1,-1,-1,VAUXHALL ASTRAVAN,1,E01032096,0,-1
2020460922404,2020,460922404,1,9,0,18,19,-1,-1,0,0,1,0,0,7,0,1,1,6,6,1,34,6,-1,-1,-1,VAUXHALL ASTRAVAN,4,E01016115,0,-1
2020010240518,2020,010240518,2,9,0,99,99,9,9,99,99,9,9,99,9,99,1,9,6,6,3,29,6,-1,-1,-1,VAUXHALL ASTRAVAN,5,E01004548,0,-1
2020010234165,2020,010234165,2,19,0,18,19,1,5,0,0,1,0,0,0,0,1,1,2,2,1,48,8,1686,2,14,VAUXHALL ASTRAVAN,4,E01023547,0,-1
2020010278986,2020,010278986,1,19,0,99,99,9,9,99,99,9,9,99,9,99,2,9,2,2,1,47,8,1686,2,14,VAUXHALL ASTRAVAN,7,E01000340,0,-1
2020122000604,2020,122000604,2,9,0,2,2,0,0,0,0,0,0,0,1,11,1,1,6,6,3,-1,-1,-1,-1,-1,VAUXHALL ASTRAVAN,-1,-1,0,-1
2020010240291,2020,010240291,1,9,0,7,7,7,1,0,0,5,0,0,0,0,1,1,6,6,1,65,9,-1,-1,-1,VAUXHALL ASTRAVAN,3,E01000164,0,-1
2020041022052,2020,041022052,1,9,0,7,7,1,1,0,0,3,0,0,0,0,4,1,5,6,2,56,9,1560,2,13,VOLVO S40,5,E01012690,0,-1
2020547206720,2020,547206720,1,9,0,4,4,8,4,0,0,1,0,0,0,0,4,1,1,1,1,43,7,1560,2,10,VOLVO S40,2,E01017238,0,-1
202063A086320,2020,63A086320,1,9,0,18,19,7,3,0,0,0,0,0,0,0,1,1,6,6,1,33,6,1998,2,14,VOLVO S40,8,W01000624,0,-1
2020010272060,2020,010272060,2,9,0,5,5,3,7,0,0,0,0,0,0,0,1,1,6,6,1,-1,-1,1998,2,12,VOLVO S40,5,E01000131,0,-1
2020552100197,2020,552100197,2,9,0,8,8,3,5,0,0,4,0,0,0,0,2,1,6,6,2,62,9,1997,2,10,VOLVO S40,8,E01015403,0,-1
2020522003978,2020,522003978,2,9,0,4,4,3,7,0,0,0,0,0,0,0,2,1,6,6,3,30,6,2401,2,12,VOLVO S40,-1,-1,0,-1
202006XF74111,2020,06XF74111,1,9,0,18,19,3,7,0,0,0,0,0,0,0,1,1,6,6,1,52,8,1783,1,17,VOLVO S40,3,E01005604,0,-1
2020010246613,2020,010246613,1,9,0,10,10,3,8,0,0,1,0,0,0,0,3,1,6,6,1,28,6,1560,2,10,VOLVO S40,3,E01027060,0,-1
2020340W09232,2020,340W09232,1,9,0,18,19,5,1,0,0,8,0,0,0,0,1,1,6,6,1,46,8,2401,2,13,VOLVO S40,4,E01027352,0,-1
2020622000662,2020,622000662,2,9,0,2,2,0,0,0,0,0,0,0,0,0,2,1,6,6,3,-1,-1,1998,2,15,VOLVO S40,-1,-1,0,-1
202006P372292,2020,06P372292,1,9,0,9,9,4,2,0,0,6,1,0,0,0,3,1,6,6,1,30,6,2435,1,13,VOLVO S40,-1,-1,0,-1
2020200927960,2020,200927960,2,9,0,18,19,4,8,0,0,1,0,0,0,0,3,1,6,6,2,77,11,1999,1,9,VOLVO S40,7,E01009116,0,-1
2020040915333,2020,040915333,2,9,0,16,19,2,5,0,0,0,0,0,0,0,1,1,5,6,1,27,6,1998,2,13,VOLVO S40,4,E01025119,0,-1
202006A275310,2020,06A275310,1,9,0,5,5,5,1,0,0,0,0,0,0,0,1,1,6,6,1,34,6,1560,2,12,VOLVO S40,1,E01005101,0,-1
2020500989735,2020,500989735,2,9,0,4,4,1,5,0,0,0,0,0,0,0,1,1,1,1,2,29,6,1798,1,15,VOLVO S40,4,E01020131,0,-1
2020200993016,2020,200993016,1,9,0,18,19,6,2,0,0,0,0,0,0,0,1,1,6,6,3,30,6,1998,2,15,VOLVO S40,-1,-1,0,-1
2020052002293,2020,052002293,1,9,0,18,19,8,4,0,0,0,0,0,0,0,1,1,2,2,1,47,8,1596,1,11,VOLVO S40,1,E01006861,0,-1
2020990983783,2020,990983783,1,9,0,4,4,2,6,0,0,1,1,0,0,0,1,1,5,6,2,38,7,1596,1,12,VOLVO S40,2,-1,0,-1
2020400932638,2020,400932638,2,9,0,2,2,0,0,0,0,0,0,0,0,0,2,1,5,6,1,34,6,1998,2,12,VOLVO S40,7,E01017593,0,-1
2020100981518,2020,100981518,4,9,0,18,19,3,7,0,0,0,1,0,1,0,3,1,6,6,1,23,5,1997,2,12,VOLVO S40,5,E01027511,0,-1
2020137330686,2020,137330686,2,9,0,18,19,8,4,0,0,6,0,0,0,0,1,1,6,6,1,23,5,1798,1,12,VOLVO S40,5,E01011218,0,-1
2020622001098,2020,622001098,1,9,0,18,19,4,8,0,0,0,0,0,0,0,1,1,6,6,1,66,10,1998,2,11,VOLVO S40,9,W01001921,0,-1
2020100975415,2020,100975415,1,9,0,13,13,5,1,0,0,8,0,0,0,0,4,1,6,6,1,70,10,1560,2,15,VOLVO S40,5,E01027376,0,-1
2020990989955,2020,990989955,2,9,0,18,19,7,3,0,0,0,0,0,0,0,3,1,6,6,1,16,4,1783,1,19,VOLVO S40,1,-1,0,-1
202031C092620,2020,31C092620,2,9,0,2,2,0,0,0,0,0,0,0,0,0,4,1,6,6,1,24,5,1998,2,13,VOLVO S40,2,E01013814,0,-1
2020052000788,2020,052000788,1,9,0,13,13,8,4,0,0,0,0,0,0,0,1,1,6,6,1,65,9,1560,2,8,VOLVO S40,1,E01006413,0,-1
2020302000827,2020,302000827,1,9,0,5,5,1,7,0,0,0,0,0,0,0,0,1,6,6,1,51,8,1783,1,17,VOLVO S40,5,E01019439,0,-1
2020200940131,2020,200940131,1,9,0,7,7,8,1,0,0,5,0,0,0,0,1,1,6,6,1,-1,-1,1560,2,15,VOLVO S40,-1,-1,0,-1
2020140986803,2020,140986803,2,9,0,9,9,1,6,0,0,1,0,0,0,0,3,1,6,6,1,60,9,1998,2,13,VOLVO S40,10,E01007952,0,-1
2020070626340,2020,070626340,1,9,0,18,19,8,2,0,0,5,0,0,0,0,1,1,6,6,1,25,5,1560,2,8,VOLVO S40,2,E01012388,0,-1
2020530922242,2020,530922242,1,9,0,3,3,-1,-1,0,0,0,1,0,0,0,1,1,1,1,1,64,9,1798,1,12,VOLVO S40,6,E01022236,0,-1
2020137BJ1537,2020,137BJ1537,1,9,0,16,19,5,1,0,0,1,0,0,0,0,1,1,6,6,3,-1,-1,1560,2,10,VOLVO S40,-1,-1,0,-1
2020552000200,2020,552000200,1,8,0,5,5,5,1,0,0,4,0,0,0,0,1,1,1,1,2,43,7,1560,2,9,-1,1,E01020552,0,-1
202063A029320,2020,63A029320,1,9,0,5,5,7,2,0,0,6,0,0,0,0,3,1,6,6,1,61,9,1798,1,12,VOLVO S40,6,W01000709,0,-1
2020610031720,2020,610031720,2,9,0,18,19,1,5,0,0,0,0,0,0,0,1,1,6,6,1,23,5,1870,2,16,VOLVO S40,2,W01001443,0,-1
2020140963780,2020,140963780,1,9,0,16,19,6,8,0,0,1,1,0,7,1,1,1,6,6,1,31,6,1998,2,15,VOLVO S40,1,E01007626,0,-1
2020010253378,2020,010253378,1,9,0,4,4,1,5,0,0,2,0,0,0,0,1,1,2,2,2,30,6,1798,1,12,VOLVO S40,3,E01024280,0,-1
2020990953411,2020,990953411,1,9,0,18,19,3,7,0,0,0,0,4,0,0,1,1,6,6,1,56,9,1587,1,17,VOLVO S40,2,-1,0,-1
2020040931975,2020,040931975,1,9,0,11,11,5,1,0,0,1,0,0,0,0,4,1,2,2,1,59,9,1798,1,16,VOLVO S40,10,E01025424,0,-1
2020430217051,2020,430217051,1,9,0,5,5,2,8,0,0,1,0,0,0,0,1,1,2,2,3,48,8,2435,1,13,VOLVO S40,7,E01032944,0,-1
2020622000444,2020,622000444,1,9,0,9,9,1,7,0,0,6,0,0,0,0,3,1,1,1,2,41,7,1560,2,8,VOLVO S40,1,W01001280,0,-1
2020552000360,2020,552000360,1,9,0,18,19,2,6,0,0,0,0,0,0,0,1,1,6,6,2,37,7,1870,2,16,VOLVO S40,1,E01015290,0,-1
2020302000057,2020,302000057,1,9,0,18,19,6,2,0,0,0,0,0,0,0,2,1,6,6,1,40,7,1998,2,15,VOLVO S40,2,E01009121,0,-1
2020400980886,2020,400980886,1,9,0,18,19,3,4,0,0,0,0,0,1,4,1,1,5,6,1,36,7,1998,2,15,VOLVO S40,6,E01032959,0,-1
2020432004379,2020,432004379,1,9,0,18,19,9,9,0,0,1,0,0,0,0,1,1,6,6,1,-1,-1,1798,1,13,VOLVO S40,2,E01027341,0,-1
2020100920964,2020,100920964,1,9,0,8,8,3,3,0,0,4,0,0,0,0,1,1,2,2,1,37,7,1596,1,13,VOLVO S40,9,E01008501,0,-1
2020440021135,2020,440021135,1,9,0,18,19,6,2,0,0,0,0,0,0,0,4,1,2,2,1,43,7,1596,1,12,VOLVO S40,3,E01022540,0,-1
2020161001030,2020,161001030,2,9,0,18,19,5,1,0,0,8,0,0,0,0,1,1,6,6,1,29,6,1596,1,14,VOLVO S40,3,E01012759,0,-1
2020461002016,2020,461002016,1,9,0,4,4,7,3,0,0,1,0,0,0,0,3,1,6,6,1,62,9,1997,2,10,VOLVO S40,5,E01002245,0,-1
2020302001580,2020,302001580,1,9,0,3,3,6,2,0,0,0,0,0,0,0,2,1,6,6,1,24,5,1588,1,19,VOLVO S40,4,E01008031,0,-1
2020201014484,2020,201014484,1,9,0,18,19,5,1,0,0,0,0,0,0,0,1,1,6,6,1,-1,-1,1560,2,15,VOLVO S40,-1,-1,0,-1
2020010267882,2020,010267882,1,9,0,3,3,5,1,0,0,2,0,0,0,0,4,1,2,2,1,40,7,1798,1,14,VOLVO S40,5,E01004451,0,-1
2020460975464,2020,460975464,1,9,0,9,9,4,3,0,0,2,1,0,0,0,3,1,5,6,1,40,7,1997,2,10,VOLVO S40,2,E01016035,0,-1
2020010271953,2020,010271953,2,9,0,99,99,9,9,99,99,9,9,99,9,99,9,9,6,6,3,-1,-1,1587,1,17,VOLVO S40,6,E01003852,0,-1
2020990931966,2020,990931966,1,9,0,9,9,3,8,0,0,7,0,0,1,0,4,1,6,6,1,71,10,1587,1,18,VOLVO S40,5,-1,0,-1
2020010233217,2020,010233217,2,9,0,18,19,1,5,0,0,0,0,4,0,0,1,1,6,6,1,23,5,1783,1,19,VOLVO S40,7,E01029140,0,-1
2020140947669,2020,140947669,2,9,0,18,19,1,5,0,0,8,0,0,5,1,1,1,5,6,1,82,11,1783,1,16,VOLVO S40,6,E01007981,0,-1
202031D074920,2020,31D074920,1,9,0,7,7,8,2,0,0,6,0,0,1,0,1,1,6,6,1,24,5,1998,2,13,VOLVO S40,2,E01027976,0,-1
2020070565589,2020,070565589,1,9,0,18,19,6,2,0,0,0,0,0,0,0,1,1,6,6,1,-1,-1,2401,2,13,VOLVO S40,-1,-1,0,-1
2020220976372,2020,220976372,1,9,0,5,5,5,1,0,0,6,0,0,0,0,3,1,6,6,1,65,9,1870,2,17,VOLVO S40,8,E01032276,0,-1
2020210973072,2020,210973072,2,9,-1,-1,-1,-1,-1,-1,-1,0,-1,-1,-1,0,-1,1,6,6,2,54,8,1560,2,11,VOLVO S40,9,E01029690,0,-1
2020500930105,2020,500930105,3,9,0,3,3,0,0,0,0,0,0,0,0,0,3,1,1,1,1,40,7,1596,1,11,VOLVO S40,9,E01017061,0,-1
2020010269964,2020,010269964,1,9,0,18,19,5,1,0,0,1,1,0,0,0,1,1,2,2,1,23,5,1560,2,9,VOLVO S40,7,E01000389,0,-1
2020070631024,2020,070631024,1,9,0,9,9,1,5,0,0,1,0,0,0,0,1,1,6,6,1,76,11,1587,1,19,VOLVO S40,9,E01007284,0,-1
2020052100045,2020,052100045,1,9,0,4,4,1,5,0,0,1,1,0,0,0,1,1,6,6,1,43,7,1798,1,16,VOLVO S40,2,E01012429,0,-1
2020140991642,2020,140991642,1,9,0,18,19,4,8,0,0,0,0,0,0,0,3,1,2,2,1,23,5,1998,2,13,VOLVO S40,2,E01007697,0,-1
2020210988465,2020,210988465,1,9,0,18,19,3,7,0,0,0,0,0,0,0,3,1,6,6,1,19,4,1998,2,14,VOLVO S40,9,E01029415,0,-1
2020140953435,2020,140953435,2,9,0,5,5,4,8,0,0,1,0,0,0,0,3,1,6,6,1,37,7,1596,1,15,VOLVO S40,6,E01007446,0,-1
2020010259947,2020,010259947,1,9,0,18,19,7,3,0,0,8,1,0,0,0,1,1,6,6,1,24,5,1560,2,14,VOLVO S40,7,E01002175,0,-1
2020340K05272,2020,340K05272,1,9,0,4,4,7,3,0,0,8,0,0,0,0,2,1,6,6,1,40,7,1560,2,11,VOLVO S40,2,E01026958,0,-1
202006Q271201,2020,06Q271201,2,9,0,7,7,4,6,0,0,1,0,0,0,0,3,1,6,6,1,30,6,1999,1,13,VOLVO S40,-1,-1,0,-1
2020220971799,2020,220971799,2,9,0,5,5,3,7,0,0,6,0,0,0,0,3,1,6,6,1,31,6,1783,1,19,VOLVO S40,2,E01009265,0,-1
2020360961931,2020,360961931,2,9,0,18,19,7,3,0,0,0,0,0,0,0,0,1,5,6,1,17,4,1560,2,14,VOLVO S40,1,E01026625,0,-1
2020140957041,2020,140957041,2,9,0,18,19,3,7,0,0,0,0,0,0,0,4,1,6,6,3,-1,-1,1997,2,10,VOLVO S40,-1,-1,0,-1
2020320097760,2020,320097760,1,9,0,7,7,7,3,0,0,8,0,0,0,0,0,1,6,6,1,19,4,1998,2,12,VOLVO S40,4,E01026077,0,-1
2020302000365,2020,302000365,1,9,0,4,4,4,8,0,0,0,0,0,0,0,2,1,6,6,1,39,7,1560,2,8,VOLVO S40,7,E01019832,0,-1
2020410972794,2020,410972794,1,9,0,18,19,5,1,0,0,0,1,7,0,0,2,1,5,6,1,19,4,1783,1,16,VOLVO S40,4,E01015784,0,-1
2020420930625,2020,420930625,1,9,0,5,5,7,1,0,0,0,0,0,0,0,1,1,6,6,1,75,10,1731,1,23,VOLVO S40,7,E01021439,0,-1
2020302000836,2020,302000836,1,9,0,16,19,7,3,0,0,0,0,0,7,2,1,1,6,6,1,25,5,1596,1,11,VOLVO S40,3,E01019667,0,-1
2020140923670,2020,140923670,1,9,0,18,19,3,7,0,0,1,0,0,0,0,3,1,1,1,1,37,7,1998,2,12,VOLVO S40,9,E01008041,0,-1
2020010252985,2020,010252985,1,9,0,18,19,3,7,0,0,8,0,0,1,11,1,1,6,6,1,73,10,1798,1,15,VOLVO S40,1,E01001356,0,-1
2020140982535,2020,140982535,2,9,0,18,19,4,8,0,0,1,0,0,0,0,2,1,5,6,1,54,8,1998,2,14,VOLVO S40,3,E01033268,0,-1
202006G271059,2020,06G271059,1,9,0,18,19,3,7,0,0,0,0,0,0,0,1,1,6,6,1,30,6,1998,2,15,VOLVO S40,-1,-1,0,-1
2020231012290,2020,231012290,2,9,0,17,19,2,8,0,0,8,1,0,0,0,4,1,5,6,2,66,10,1783,1,16,VOLVO S40,10,E01025790,0,-1
2020122000806,2020,122000806,1,9,0,17,19,2,6,0,0,0,0,0,1,11,1,1,6,6,1,49,8,1998,2,15,VOLVO S40,5,E01027789,0,-1
2020460929088,2020,460929088,2,9,0,18,19,1,5,0,0,0,0,0,0,0,2,1,5,6,2,37,7,1998,2,14,VOLVO S40,5,E01024229,0,-1
202006J276455,2020,06J276455,1,9,0,18,19,3,7,0,0,8,1,0,0,0,1,1,6,6,1,25,5,1560,2,14,VOLVO S40,5,E01006044,0,-1
2020470936063,2020,470936063,1,9,0,17,19,7,4,0,0,2,0,0,0,0,1,2,2,2,2,53,8,1596,1,12,VOLVO S40,9,E01031719,0,-1
2020230935648,2020,230935648,2,9,0,17,19,4,2,0,0,8,0,0,0,0,4,1,5,6,2,51,8,1998,2,14,VOLVO S40,-1,-1,0,-1
2020530938273,2020,530938273,2,9,0,18,19,8,4,0,0,1,0,0,0,0,1,1,6,6,2,27,6,1998,2,11,VOLVO S40,6,E01022261,0,-1
2020430204595,2020,430204595,2,9,0,2,2,0,0,0,0,0,0,0,0,0,3,1,6,6,3,-1,-1,1596,1,12,VOLVO S40,-1,-1,0,-1
2020010278234,2020,010278234,2,9,0,18,19,3,7,0,0,4,0,0,0,0,3,1,6,6,3,-1,-1,1596,1,12,VOLVO S40,-1,-1,0,-1
2020010231640,2020,010231640,1,9,0,9,9,7,5,0,0,0,0,11,0,0,1,1,6,6,3,-1,-1,2435,1,15,VOLVO S40,-1,-1,0,-1
202006G269859,2020,06G269859,1,9,0,9,9,8,6,0,0,8,0,0,0,0,1,1,2,2,1,58,9,1596,1,15,VOLVO S40,4,E01006012,0,-1
2020052001949,2020,052001949,2,9,0,3,3,1,5,0,0,0,0,0,0,0,2,1,6,6,2,49,8,1870,2,18,VOLVO S40,5,E01007069,0,-1
2020141008601,2020,141008601,1,9,0,15,15,5,1,0,0,0,1,0,0,0,1,1,1,1,1,38,7,1596,1,10,VOLVO S40,4,E01027892,0,-1
2020350986589,2020,350986589,2,9,0,-1,-1,-1,-1,-1,-1,-1,-1,-1,-1,0,-1,1,5,6,1,43,7,1798,1,12,VOLVO S40,2,E01015608,0,-1
2020520100088,2020,520100088,1,4,0,9,9,3,1,0,0,8,0,0,0,0,1,1,6,6,1,56,9,124,1,8,-1,1,E01029292,0,-1
2020030982842,2020,030982842,1,3,0,18,19,3,7,0,0,0,0,0,0,0,1,1,5,6,1,28,6,125,1,0,-1,3,E01019135,0,-1
202031B001420,2020,31B001420,2,3,0,18,19,2,6,0,0,1,1,10,1,0,1,1,2,2,1,20,4,124,1,12,-1,3,E01028019,0,-1
202006E372580,2020,06E372580,2,3,0,15,15,4,8,0,0,8,0,0,0,0,1,1,6,6,1,30,6,125,1,3,-1,3,E01032917,0,-1