collision_index,collision_year,collision_ref_no,vehicle_reference,vehicle_type,towing_and_articulation,vehicle_manoeuvre_historic,vehicle_manoeuvre,vehicle_direction_from,vehicle_direction_to,vehicle_location_restricted_lane_historic,vehicle_location_restricted_lane,junction_location,skidding_and_overturning,hit_object_in_carriageway,vehicle_leaving_carriageway,hit_object_off_carriageway,first_point_of_impact,vehicle_left_hand_drive,journey_purpose_of_driver_historic,journey_purpose_of_driver,sex_of_driver,age_of_driver,age_band_of_driver,engine_capacity_cc,propulsion_code,age_of_vehicle,generic_make_model,driver_imd_decile,lsoa_of_driver,escooter_flag,driver_distance_banding
2020220920326,2020,220920326,2,3,0,18,19,6,2,0,0,8,0,0,0,0,1,1,2,2,1,18,4,125,1,1,-1,1,E01032888,0,-1
2020200932021,2020,200932021,2,3,0,17,19,2,8,0,0,8,1,0,0,0,1,1,6,6,1,21,5,125,1,0,-1,4,E01010323,0,-1
2020201010507,2020,201010507,2,3,0,18,19,2,6,0,0,8,0,0,0,0,3,1,1,1,1,64,9,125,1,0,-1,4,E01009231,0,-1
2020522101317,2020,522101317,2,3,0,18,19,5,1,0,0,8,0,0,0,0,1,1,6,6,1,40,7,125,1,0,-1,1,E01032514,0,-1
2020010265282,2020,010265282,1,3,0,18,19,5,1,0,0,6,0,0,0,0,1,1,2,2,1,26,6,125,1,2,-1,5,E01003359,0,-1
2020010268787,2020,010268787,2,9,0,99,99,9,9,0,0,1,0,0,0,0,9,1,6,6,3,-1,-1,1796,1,11,CHEVROLET LACETTI,-1,-1,0,-1
2020010249233,2020,010249233,1,9,0,4,4,7,3,0,0,1,1,0,0,0,1,1,6,6,1,40,7,1598,1,14,CHEVROLET LACETTI,1,E01033153,0,-1
2020460971083,2020,460971083,2,9,0,18,19,2,6,0,0,1,0,0,0,0,1,1,5,6,2,53,8,1598,1,13,CHEVROLET LACETTI,5,E01024774,0,-1
2020010238713,2020,010238713,1,9,0,18,19,7,3,9,9,0,5,7,1,11,1,1,6,6,1,34,6,1598,1,10,CHEVROLET LACETTI,3,E01002276,0,-1
2020302001521,2020,302001521,1,9,0,18,19,4,8,0,0,0,0,0,1,11,0,1,6,6,3,-1,-1,1598,1,15,CHEVROLET LACETTI,5,E01019456,0,-1
2020500980661,2020,500980661,1,9,0,18,19,2,5,0,0,2,0,0,0,0,1,1,6,6,2,69,10,1796,1,11,CHEVROLET LACETTI,7,E01018772,0,-1
202031C118620,2020,31C118620,1,9,0,11,11,2,6,0,0,0,0,0,0,0,1,1,6,6,3,-1,-1,1399,1,13,CHEVROLET LACETTI,-1,-1,0,-1
2020522000436,2020,522000436,1,9,0,5,5,7,5,0,0,8,0,0,0,0,3,1,6,6,1,25,5,1598,1,10,CHEVROLET LACETTI,10,E01014761,0,-1
2020410961900,2020,410961900,1,9,0,18,19,7,3,0,0,0,0,0,0,0,1,1,2,2,1,53,8,1598,1,13,CHEVROLET LACETTI,5,E01023533,0,-1
2020302001499,2020,302001499,1,9,0,18,19,2,6,0,0,0,0,0,0,0,4,1,6,6,1,73,10,1796,1,12,CHEVROLET LACETTI,5,E01019428,0,-1
2020230980893,2020,230980893,1,9,0,18,19,2,6,0,0,0,2,0,1,0,1,1,5,6,2,51,8,1598,1,14,CHEVROLET LACETTI,-1,-1,0,-1
2020500965668,2020,500965668,1,9,0,18,19,1,5,0,0,1,0,0,0,0,1,1,6,6,1,82,11,1796,1,11,CHEVROLET LACETTI,3,E01015245,0,-1
2020010259541,2020,010259541,1,9,0,18,19,4,8,0,0,6,0,0,0,0,3,1,6,6,1,87,11,1399,1,13,CHEVROLET LACETTI,8,E01002472,0,-1
2020200936548,2020,200936548,1,9,0,9,9,8,6,0,0,5,0,0,0,0,4,1,6,6,1,-1,-1,1399,1,13,CHEVROLET LACETTI,-1,-1,0,-1
2020420953659,2020,420953659,1,9,0,18,19,1,5,0,0,0,0,4,0,0,1,1,2,2,1,63,9,1598,1,10,CHEVROLET LACETTI,5,E01015859,0,-1
202031D014620,2020,31D014620,1,9,0,18,19,2,6,0,0,1,0,0,0,0,1,1,6,6,1,47,8,1598,1,14,CHEVROLET LACETTI,8,E01028367,0,-1
2020610010220,2020,610010220,1,9,0,5,5,8,4,0,0,1,0,0,0,0,2,1,6,6,2,40,7,1399,1,13,CHEVROLET LACETTI,2,W01001646,0,-1
2020010259713,2020,010259713,2,9,0,99,99,9,9,99,99,9,9,99,9,99,1,9,6,6,3,-1,-1,1598,1,13,CHEVROLET LACETTI,-1,-1,0,-1
2020460960535,2020,460960535,2,9,0,4,4,1,3,0,0,2,0,0,0,0,2,1,5,6,2,54,8,1796,1,12,CHEVROLET LACETTI,3,E01024149,0,-1
2020210986945,2020,210986945,1,9,0,18,19,4,8,0,0,0,5,10,0,0,4,1,6,6,1,85,11,1598,1,15,CHEVROLET LACETTI,2,E01029809,0,-1
2020140927252,2020,140927252,2,9,0,18,19,2,6,0,0,6,0,0,0,0,1,1,5,6,1,80,11,1598,1,15,CHEVROLET LACETTI,1,E01008157,0,-1
2020200942136,2020,200942136,1,9,0,4,4,6,2,0,0,0,0,0,0,0,2,1,6,6,2,49,8,1598,1,14,CHEVROLET LACETTI,7,E01009810,0,-1
2020160976710,2020,160976710,1,9,0,13,13,1,5,0,0,2,1,0,1,4,1,1,2,2,1,20,4,1598,1,11,CHEVROLET LACETTI,1,E01012944,0,-1
2020320101107,2020,320101107,1,9,0,17,19,3,7,0,0,0,5,0,1,9,1,1,6,6,1,66,10,1598,1,15,CHEVROLET LACETTI,4,E01021829,0,-1
2020010282276,2020,010282276,1,9,0,10,10,1,6,0,0,2,0,0,0,0,3,1,6,6,1,35,6,1598,1,14,CHEVROLET LACETTI,3,E01004342,0,-1
20201373K1169,2020,1373K1169,1,9,0,18,19,2,8,0,0,1,0,0,0,0,4,1,6,6,1,56,9,1598,1,12,CHEVROLET LACETTI,1,E01010735,0,-1
2020340N00022,2020,340N00022,2,3,0,18,19,6,2,0,0,0,0,0,0,0,0,1,6,6,1,22,5,124,1,10,-1,3,E01027154,0,-1
2020990951105,2020,990951105,2,3,0,18,19,3,7,0,0,1,0,0,0,0,1,1,5,6,1,27,6,124,1,12,-1,2,-1,0,-1
2020340N07912,2020,340N07912,1,3,0,17,19,7,3,0,0,8,0,0,0,0,3,1,2,2,2,24,5,124,1,10,-1,3,E01027154,0,-1
2020360994387,2020,360994387,1,5,0,17,19,6,6,0,0,0,1,0,0,0,4,1,5,6,2,43,7,649,1,0,-1,10,E01026507,0,-1
2020420990914,2020,420990914,2,5,0,18,19,5,1,0,0,0,0,0,0,0,4,1,6,6,1,45,7,649,1,0,-1,4,E01021799,0,-1
2020440473741,2020,440473741,1,5,0,5,5,3,1,0,0,8,1,0,0,0,3,1,2,2,1,22,5,649,1,0,-1,1,E01017102,0,-1
2020500995035,2020,500995035,1,5,0,18,19,1,5,0,0,0,2,0,1,9,1,1,5,6,1,25,5,649,1,0,-1,10,E01020185,0,-1
2020340D03502,2020,340D03502,1,5,0,18,19,7,3,0,0,0,0,0,0,0,1,1,6,6,1,27,6,745,1,22,-1,7,E01032944,0,-1
2020430165690,2020,430165690,1,4,0,16,19,5,8,0,0,0,1,0,0,0,4,1,6,6,1,40,7,745,1,16,-1,9,E01016576,0,-1
2020320394870,2020,320394870,2,5,0,18,19,2,6,0,0,0,0,0,1,9,3,1,6,6,1,68,10,745,1,13,-1,4,E01026254,0,-1
2020552100098,2020,552100098,2,9,0,18,19,3,7,0,0,8,0,0,0,0,4,1,6,6,1,23,5,1591,1,9,HYUNDAI IX35,5,E01020500,0,-1
2020440046120,2020,440046120,1,9,0,7,7,7,2,0,0,8,0,0,0,0,3,1,2,2,1,70,10,1591,1,8,HYUNDAI IX35,9,E01032605,0,-1
2020460981922,2020,460981922,1,9,0,18,19,7,3,0,0,0,0,0,0,0,1,1,5,6,2,45,7,1685,2,8,HYUNDAI IX35,4,E01024747,0,-1
2020010266320,2020,010266320,2,9,0,99,99,9,9,99,99,0,9,99,9,99,1,9,6,6,3,-1,-1,1685,2,6,HYUNDAI IX35,8,E01002534,0,-1
2020410995965,2020,410995965,1,9,0,9,9,4,6,0,0,0,0,0,0,0,1,1,2,2,2,41,7,1685,2,9,HYUNDAI IX35,5,E01023956,0,-1
2020430087217,2020,430087217,2,9,0,18,19,6,2,0,0,1,5,0,0,0,2,1,6,6,1,30,6,1685,2,7,HYUNDAI IX35,-1,-1,0,-1
2020340S07012,2020,340S07012,1,9,0,18,19,8,4,0,0,4,0,0,0,0,3,1,2,2,2,29,6,1685,2,6,HYUNDAI IX35,10,E01027266,0,-1
2020200970403,2020,200970403,1,9,0,18,19,8,4,0,0,8,1,10,1,1,1,1,2,2,1,56,9,1995,2,10,HYUNDAI IX35,1,E01009274,0,-1
2020461000520,2020,461000520,2,9,0,18,19,3,7,0,0,1,0,0,0,0,1,1,5,6,1,74,10,1995,2,10,HYUNDAI IX35,4,E01024533,0,-1
2020200995178,2020,200995178,2,9,0,18,19,8,4,0,0,1,0,0,0,0,3,1,6,6,1,56,9,1685,2,5,HYUNDAI IX35,7,E01009251,0,-1
2020220936464,2020,220936464,1,9,0,9,9,7,6,0,0,6,0,0,1,0,4,1,5,6,1,59,9,1995,2,5,HYUNDAI IX35,5,E01028991,0,-1
2020990938226,2020,990938226,1,9,0,17,19,6,1,0,0,4,0,0,0,0,4,1,1,1,2,46,8,1591,1,6,HYUNDAI IX35,-1,-1,0,-1
2020010275941,2020,010275941,1,9,0,9,9,5,4,0,0,0,0,0,0,0,1,1,6,6,1,50,8,1995,2,5,HYUNDAI IX35,3,E01003387,0,-1
2020470963517,2020,470963517,1,9,0,5,5,3,7,0,0,4,0,0,0,0,1,1,5,6,1,79,11,1685,2,5,HYUNDAI IX35,8,E01031491,0,-1
2020460926492,2020,460926492,1,9,0,3,3,5,1,0,0,1,0,0,0,0,1,1,2,2,1,57,9,1685,2,9,HYUNDAI IX35,6,E01024250,0,-1
2020990938811,2020,990938811,1,9,0,7,7,7,5,0,0,8,0,0,0,0,1,1,3,7,2,44,7,1685,2,5,HYUNDAI IX35,7,-1,0,-1
2020990999405,2020,990999405,1,9,0,17,19,6,2,0,0,0,0,0,1,4,1,1,6,6,2,31,6,1685,2,6,HYUNDAI IX35,4,-1,0,-1
2020530965511,2020,530965511,1,9,0,18,19,2,6,0,0,0,0,0,0,0,1,1,5,6,1,41,7,1995,2,9,HYUNDAI IX35,6,E01022253,0,-1
202006A271918,2020,06A271918,2,9,0,18,19,4,8,0,0,0,0,0,0,0,2,1,1,1,2,41,7,1995,2,10,HYUNDAI IX35,1,E01006028,0,-1
2020420956386,2020,420956386,2,9,0,17,19,7,3,0,0,0,0,10,0,0,4,1,5,6,2,52,8,1685,2,7,HYUNDAI IX35,2,E01015976,0,-1
2020990958072,2020,990958072,2,9,0,4,4,7,3,0,0,0,0,0,0,0,1,1,5,6,1,38,7,1685,2,5,HYUNDAI IX35,4,-1,0,-1
2020220945836,2020,220945836,1,9,0,7,7,3,6,0,0,4,0,0,0,0,1,1,2,2,1,55,8,1995,2,5,HYUNDAI IX35,5,E01032214,0,-1
2020170H10720,2020,170H10720,4,9,0,2,2,0,0,0,0,2,0,0,0,0,1,1,6,6,1,-1,-1,1995,2,10,HYUNDAI IX35,3,E01011964,0,-1
2020470958302,2020,470958302,2,9,0,18,19,6,2,0,0,0,0,0,4,6,2,1,2,2,1,47,8,1995,2,9,HYUNDAI IX35,7,E01017006,0,-1
2020430298463,2020,430298463,1,9,0,18,19,3,8,0,0,1,0,0,0,0,1,1,6,6,1,45,7,1685,2,8,HYUNDAI IX35,1,E01016810,0,-1
2020500979538,2020,500979538,1,9,0,9,9,1,5,0,0,4,0,0,0,0,3,1,2,2,1,60,9,1685,2,9,HYUNDAI IX35,2,E01020280,0,-1
2020421000725,2020,421000725,1,9,0,9,9,7,5,0,0,6,0,0,0,0,3,1,5,6,1,58,9,1685,2,9,HYUNDAI IX35,6,E01021373,0,-1
2020122000301,2020,122000301,2,9,0,16,19,1,5,0,0,0,1,0,0,0,1,1,1,1,2,46,8,1685,2,9,HYUNDAI IX35,8,E01027635,0,-1
2020440099711,2020,440099711,2,9,0,4,4,8,4,0,0,1,0,0,0,0,1,1,6,6,2,44,7,1685,2,5,HYUNDAI IX35,3,E01017170,0,-1
202063D085620,2020,63D085620,1,9,0,12,12,2,6,0,0,0,0,0,1,10,1,1,6,6,2,38,7,1685,2,5,HYUNDAI IX35,5,E01015762,0,-1
202031B090820,2020,31B090820,1,9,0,18,19,6,2,0,0,0,0,0,0,0,1,1,6,6,1,30,6,1591,1,8,HYUNDAI IX35,2,E01028304,0,-1
2020420987803,2020,420987803,2,9,0,18,19,5,1,0,0,0,0,0,1,0,3,1,6,6,2,38,7,1685,2,6,HYUNDAI IX35,9,E01021943,0,-1
2020430080990,2020,430080990,1,9,0,18,19,6,2,0,0,1,0,0,0,0,1,1,6,6,1,20,4,1591,1,5,HYUNDAI IX35,-1,-1,0,-1
2020010278539,2020,010278539,2,9,9,99,99,9,9,99,99,9,9,99,9,99,9,9,6,6,1,-1,-1,1591,1,5,HYUNDAI IX35,-1,-1,0,-1
2020100936890,2020,100936890,1,9,0,18,19,-1,-1,0,0,2,0,0,0,0,-1,1,6,6,2,36,7,1685,2,9,HYUNDAI IX35,1,E01008829,0,-1
2020170S31120,2020,170S31120,1,9,0,9,9,7,5,0,0,6,0,0,0,0,1,1,6,6,2,36,7,1995,2,6,HYUNDAI IX35,-1,-1,0,-1
2020440100399,2020,440100399,1,9,0,1,1,0,8,9,9,8,0,0,0,0,2,1,6,6,1,20,4,1591,1,8,HYUNDAI IX35,2,E01022903,0,-1
2020990981181,2020,990981181,2,9,0,3,3,5,1,0,0,0,0,0,0,0,3,1,6,6,2,35,6,1995,2,9,HYUNDAI IX35,7,-1,0,-1
2020201018305,2020,201018305,2,9,0,18,19,8,4,0,0,8,1,0,0,0,1,1,6,6,1,50,8,1995,2,8,HYUNDAI IX35,2,E01009257,0,-1
2020140967093,2020,140967093,1,9,0,11,11,5,3,0,0,1,0,0,7,0,2,1,5,6,1,53,8,1685,2,7,HYUNDAI IX35,1,E01028066,0,-1
2020160918953,2020,160918953,1,9,0,5,5,1,5,0,0,0,0,0,0,0,1,1,3,7,2,43,7,1685,2,9,HYUNDAI IX35,5,E01012773,0,-1
2020421008360,2020,421008360,1,9,0,9,9,3,7,0,0,2,0,0,0,0,1,1,5,6,2,47,8,1685,2,6,HYUNDAI IX35,9,E01021721,0,-1
2020302000578,2020,302000578,1,9,0,9,9,3,1,0,0,1,0,0,0,0,4,1,1,1,2,25,5,1685,2,6,HYUNDAI IX35,10,E01013563,0,-1
2020990973265,2020,990973265,2,9,0,1,1,1,5,6,6,0,0,4,0,0,2,1,5,6,2,45,7,1685,2,6,HYUNDAI IX35,6,-1,0,-1
2020622000119,2020,622000119,3,9,0,4,4,8,4,0,0,0,0,0,0,0,2,1,2,2,2,36,7,1685,2,7,HYUNDAI IX35,4,W01001071,0,-1
2020100938143,2020,100938143,2,9,0,18,19,6,3,0,0,8,0,0,0,0,1,1,5,6,2,54,8,1685,2,5,HYUNDAI IX35,10,E01027464,0,-1
2020500974442,2020,500974442,1,9,0,18,19,1,5,0,0,8,0,0,0,0,1,1,5,6,2,28,6,1685,2,9,HYUNDAI IX35,2,E01015026,0,-1
2020460992032,2020,460992032,2,9,0,9,9,7,3,0,0,0,0,0,0,0,4,1,6,6,2,53,8,1685,2,7,HYUNDAI IX35,4,E01024587,0,-1
2020137CF0263,2020,137CF0263,2,9,0,18,19,3,7,0,0,0,0,0,0,0,1,1,2,2,1,53,8,1995,2,10,HYUNDAI IX35,1,E01011134,0,-1
2020440499098,2020,440499098,1,9,0,5,5,6,2,0,0,8,0,0,0,0,3,1,6,6,2,29,6,1995,2,9,HYUNDAI IX35,7,E01023034,0,-1
2020470926564,2020,470926564,1,9,0,18,19,5,1,0,0,0,0,0,0,0,1,1,2,2,1,57,9,1591,1,8,HYUNDAI IX35,10,E01031747,0,-1
2020430180189,2020,430180189,1,9,0,9,9,3,1,0,0,6,0,0,0,0,1,1,1,1,1,50,8,1685,2,7,HYUNDAI IX35,9,E01017620,0,-1
2020221008214,2020,221008214,2,9,0,18,19,1,5,0,0,1,0,0,0,0,1,1,5,6,1,30,6,1685,2,6,HYUNDAI IX35,3,E01014156,0,-1
2020340D00532,2020,340D00532,2,9,0,18,19,5,1,0,0,8,0,0,0,0,4,1,2,2,1,62,9,1685,2,6,HYUNDAI IX35,10,E01031155,0,-1
2020990961071,2020,990961071,1,9,0,9,9,6,3,0,0,8,5,0,0,0,1,1,5,6,1,28,6,1591,1,7,HYUNDAI IX35,2,-1,0,-1
2020360959339,2020,360959339,5,9,0,3,3,4,8,0,0,0,0,0,0,0,2,1,5,6,1,39,7,1995,2,9,HYUNDAI IX35,2,E01002080,0,-1
2020010258603,2020,010258603,1,9,0,18,19,1,5,0,0,1,0,0,0,0,1,1,6,6,2,37,7,1685,2,5,HYUNDAI IX35,-1,-1,0,-1
2020411001593,2020,411001593,3,9,0,2,2,0,0,0,0,1,0,0,0,0,1,1,6,6,3,-1,-1,1995,2,7,HYUNDAI IX35,-1,-1,0,-1
2020460919007,2020,460919007,2,9,0,18,19,8,4,0,0,0,0,0,0,0,4,1,6,6,2,49,8,1995,2,5,HYUNDAI IX35,8,E01023989,0,-1
2020170M11280,2020,170M11280,1,9,0,18,19,3,7,0,0,2,0,0,0,0,1,1,6,6,1,45,7,1995,2,5,HYUNDAI IX35,1,E01012076,0,-1
2020400919580,2020,400919580,3,9,0,5,5,8,4,0,0,0,0,0,0,0,2,1,6,6,2,38,7,1995,2,7,HYUNDAI IX35,8,E01017583,0,-1
20201371K0265,2020,1371K0265,1,9,0,4,4,3,7,0,0,0,0,0,0,0,1,1,6,6,2,50,8,1995,2,9,HYUNDAI IX35,9,E01011180,0,-1
2020610025820,2020,610025820,1,9,0,18,19,5,1,0,0,1,0,10,1,10,1,1,6,6,1,52,8,1995,2,7,HYUNDAI IX35,8,W01001499,0,-1
20201379A1404,2020,1379A1404,1,9,0,18,19,5,1,0,0,0,0,0,0,0,4,1,6,6,1,77,11,1685,2,7,HYUNDAI IX35,1,E01011729,0,-1
2020010241077,2020,010241077,1,9,0,99,99,9,9,99,99,9,9,99,9,99,1,9,6,6,2,42,7,1685,2,8,HYUNDAI IX35,8,E01023875,0,-1
202006XA70502,2020,06XA70502,1,9,0,18,19,8,4,0,0,1,0,0,0,0,1,1,6,6,2,66,10,1995,2,5,HYUNDAI IX35,5,E01005520,0,-1
2020201002665,2020,201002665,1,9,0,18,19,8,4,0,0,1,0,0,0,0,1,1,1,1,2,30,6,1685,2,7,HYUNDAI IX35,3,E01010262,0,-1
2020990967190,2020,990967190,4,9,0,16,19,3,6,0,0,0,0,0,0,0,1,1,5,6,1,41,7,1995,2,7,HYUNDAI IX35,2,-1,0,-1
2020430415785,2020,430415785,2,9,0,12,12,2,6,0,0,1,0,0,0,0,0,1,6,6,1,-1,-1,1685,2,7,HYUNDAI IX35,-1,-1,0,-1
2020137A11004,2020,137A11004,1,9,0,18,19,6,2,0,0,0,0,0,0,0,1,1,3,7,2,42,7,1591,1,8,HYUNDAI IX35,9,E01010971,0,-1
2020160957591,2020,160957591,2,9,0,18,19,4,8,0,0,1,0,0,0,0,1,1,6,6,1,25,5,1995,2,9,HYUNDAI IX35,10,E01013057,0,-1
2020030991840,2020,030991840,2,9,0,18,19,6,3,0,0,0,0,0,0,0,4,1,5,6,1,60,9,1995,2,6,HYUNDAI IX35,6,E01019339,0,-1
2020500989289,2020,500989289,1,9,0,5,5,5,1,0,0,0,0,0,0,0,1,1,6,6,2,40,7,1685,2,9,HYUNDAI IX35,6,E01015243,0,-1
2020520000309,2020,520000309,2,9,0,1,1,6,2,0,0,0,0,0,0,0,1,1,1,1,1,74,10,1685,2,8,HYUNDAI IX35,-1,-1,0,-1
2020410946467,2020,410946467,1,9,0,18,19,5,1,0,0,0,5,4,0,0,1,1,6,6,1,84,11,1685,2,6,HYUNDAI IX35,7,E01023739,0,-1
2020340C08822,2020,340C08822,1,9,0,18,19,5,1,0,0,1,0,0,0,0,1,1,6,6,1,37,7,1995,2,9,HYUNDAI IX35,4,E01026962,0,-1
2020010259868,2020,010259868,3,9,0,2,2,0,0,0,0,0,0,0,0,0,4,1,6,6,3,-1,-1,1591,1,8,HYUNDAI IX35,-1,-1,0,-1
2020400925485,2020,400925485,1,9,0,18,19,1,5,0,0,1,0,0,0,0,1,1,6,6,2,51,8,1685,2,6,HYUNDAI IX35,3,E01017619,0,-1
2020460983507,2020,460983507,1,9,0,15,15,1,5,0,0,1,5,0,8,0,1,1,6,6,1,29,6,1995,2,10,HYUNDAI IX35,6,E01024425,0,-1
2020340N03792,2020,340N03792,3,9,0,8,8,1,3,0,0,6,0,0,0,0,0,1,6,6,1,29,6,1685,2,6,HYUNDAI IX35,5,E01027158,0,-1
2020500999383,2020,500999383,1,9,0,18,19,4,8,0,0,0,0,0,0,0,1,1,6,6,1,59,9,1591,1,8,HYUNDAI IX35,5,E01019992,0,-1
2020201001840,2020,201001840,6,9,0,2,2,0,0,0,0,0,0,0,0,0,1,1,6,6,2,-1,-1,1995,2,5,HYUNDAI IX35,1,E01009343,0,-1
2020370939586,2020,370939586,1,9,0,6,6,1,7,0,0,0,0,0,0,0,4,1,6,6,2,57,9,1685,2,5,HYUNDAI IX35,4,E01030110,0,-1
2020430028353,2020,430028353,1,9,0,18,19,2,6,0,0,1,0,0,0,0,4,1,6,6,1,-1,-1,1995,2,5,HYUNDAI IX35,-1,-1,0,-1
2020450975451,2020,450975451,1,9,0,9,9,3,1,0,0,5,0,0,0,0,4,1,1,1,2,26,6,1685,2,6,HYUNDAI IX35,4,E01022635,0,-1
2020010254473,2020,010254473,1,9,0,9,9,5,3,0,0,1,0,0,0,0,1,1,6,6,2,39,7,1995,2,10,HYUNDAI IX35,3,E01003972,0,-1
2020420927706,2020,420927706,1,9,0,18,19,4,8,0,0,0,0,0,0,0,3,1,5,6,1,60,9,1685,2,8,HYUNDAI IX35,9,E01002362,0,-1
2020470948201,2020,470948201,1,9,0,7,7,5,6,0,0,8,0,0,1,11,1,1,1,1,2,54,8,1685,2,5,HYUNDAI IX35,2,E01016918,0,-1
2020052001749,2020,052001749,1,9,0,9,9,3,1,0,0,8,0,0,0,0,1,1,6,6,2,43,7,1685,2,6,HYUNDAI IX35,1,E01006703,0,-1
202006G275382,2020,06G275382,1,9,0,18,19,6,2,0,0,1,0,0,0,0,4,1,6,6,3,-1,-1,1685,2,6,HYUNDAI IX35,-1,-1,0,-1
2020010243670,2020,010243670,1,9,0,2,2,0,0,0,0,1,0,0,0,0,3,1,6,6,3,-1,-1,1995,2,5,HYUNDAI IX35,-1,-1,0,-1
2020211023916,2020,211023916,3,9,0,3,3,6,2,0,0,1,0,0,0,0,0,1,6,6,1,-1,-1,1685,2,5,HYUNDAI IX35,8,E01018465,0,-1
2020370997133,2020,370997133,1,9,0,1,1,4,8,0,0,0,0,0,0,0,2,1,5,6,2,40,7,1995,2,6,HYUNDAI IX35,7,E01029937,0,-1
2020070655904,2020,070655904,2,9,0,8,8,5,1,0,0,1,0,0,0,0,2,1,6,6,1,39,7,1591,1,6,HYUNDAI IX35,9,E01012568,0,-1
2020470945880,2020,470945880,2,9,0,18,19,2,6,0,0,8,0,0,0,0,1,1,5,6,1,35,6,1685,2,5,HYUNDAI IX35,5,E01031401,0,-1
2020160921952,2020,160921952,1,9,0,9,9,1,7,0,0,1,0,0,1,0,1,1,2,2,2,37,7,1685,2,5,HYUNDAI IX35,4,E01012797,0,-1
2020052001582,2020,052001582,1,9,0,18,19,2,6,0,0,8,0,0,0,0,1,1,6,6,1,49,8,1685,2,9,HYUNDAI IX35,7,E01006995,0,-1
2020991004865,2020,991004865,1,9,0,16,19,2,5,0,0,4,0,0,0,0,1,1,6,6,1,79,11,1591,1,7,HYUNDAI IX35,4,-1,0,-1
2020230985650,2020,230985650,1,9,0,18,19,2,6,0,0,4,0,0,0,0,1,1,2,2,2,48,8,1685,2,5,HYUNDAI IX35,5,E01031309,0,-1
2020531005580,2020,531005580,1,9,0,18,19,4,8,0,0,0,0,0,1,9,1,1,5,6,1,32,6,1995,2,7,HYUNDAI IX35,7,E01022182,0,-1
2020221019019,2020,221019019,1,9,0,9,9,3,1,0,0,3,0,0,0,0,1,1,6,6,2,32,6,1995,2,8,HYUNDAI IX35,9,E01028936,0,-1
2020340C06972,2020,340C06972,2,9,0,18,19,3,7,0,0,3,0,0,1,11,4,1,6,6,2,53,8,1591,1,8,HYUNDAI IX35,3,E01026969,0,-1
2020030985262,2020,030985262,1,9,0,17,19,-1,-1,0,0,0,2,0,7,11,1,1,6,6,2,-1,-1,1685,2,7,HYUNDAI IX35,8,E01019307,0,-1
2020110932544,2020,110932544,2,9,0,9,9,7,5,0,0,0,0,0,0,0,1,1,2,2,1,33,6,1685,2,9,HYUNDAI IX35,1,E01033075,0,-1
2020010270084,2020,010270084,3,9,0,5,5,1,5,0,0,1,0,0,0,0,1,1,6,6,1,56,9,1995,2,6,HYUNDAI IX35,8,E01000399,0,-1
2020361023886,2020,361023886,2,9,0,4,4,4,7,0,0,1,0,0,0,0,1,1,5,6,1,39,7,1995,2,10,HYUNDAI IX35,4,E01026659,0,-1
2020137811032,2020,137811032,1,9,0,9,9,4,2,0,0,6,0,0,0,0,1,1,6,6,2,38,7,1995,2,9,HYUNDAI IX35,5,E01011114,0,-1
20201378C0759,2020,1378C0759,1,9,0,16,19,8,4,0,0,5,0,0,0,0,4,1,1,1,2,44,7,1685,2,10,HYUNDAI IX35,2,E01011691,0,-1
2020010285898,2020,010285898,1,9,0,18,19,3,7,0,0,8,0,0,0,0,1,1,6,6,2,33,6,1685,2,5,HYUNDAI IX35,-1,-1,0,-1
2020470982800,2020,470982800,2,9,0,3,3,5,1,0,0,0,0,0,0,0,2,1,5,6,1,72,10,1685,2,6,HYUNDAI IX35,9,E01021085,0,-1
2020030996357,2020,030996357,1,9,0,18,19,7,3,0,0,0,0,4,0,0,1,1,5,6,1,62,9,1685,2,8,HYUNDAI IX35,1,E01025570,0,-1
2020010242376,2020,010242376,1,9,0,5,5,5,1,99,99,0,9,0,0,0,2,1,6,6,2,31,6,1591,1,8,HYUNDAI IX35,3,E01003552,0,-1
2020991008035,2020,991008035,1,9,0,1,1,2,6,0,0,0,0,0,0,0,2,1,2,2,2,39,7,1685,2,7,HYUNDAI IX35,4,-1,0,-1
2020990964212,2020,990964212,2,9,0,9,9,6,4,0,0,8,0,0,0,0,2,1,5,6,2,63,9,1591,1,6,HYUNDAI IX35,6,-1,0,-1
202006F169001,2020,06F169001,1,9,0,18,19,6,2,0,0,0,0,0,0,0,1,1,6,6,2,32,6,1591,1,8,HYUNDAI IX35,3,E01005605,0,-1
2020070038341,2020,070038341,3,9,0,18,19,1,5,0,0,0,0,0,0,0,3,1,6,6,2,34,6,1685,2,6,HYUNDAI IX35,7,E01018429,0,-1
202031B072020,2020,31B072020,2,9,0,17,19,3,7,0,0,0,0,0,0,0,1,1,6,6,1,60,9,1685,2,5,HYUNDAI IX35,2,E01019510,0,-1
2020302001411,2020,302001411,1,9,0,4,4,8,4,0,0,0,0,0,0,0,1,1,6,6,2,22,5,1685,2,7,HYUNDAI IX35,5,E01033537,0,-1
2020302000414,2020,302000414,5,9,0,2,2,0,0,0,0,1,0,0,0,0,1,1,6,6,3,-1,-1,1685,2,9,HYUNDAI IX35,-1,-1,0,-1