collision_index,collision_year,collision_ref_no,vehicle_reference,vehicle_type,towing_and_articulation,vehicle_manoeuvre_historic,vehicle_manoeuvre,vehicle_direction_from,vehicle_direction_to,vehicle_location_restricted_lane_historic,vehicle_location_restricted_lane,junction_location,skidding_and_overturning,hit_object_in_carriageway,vehicle_leaving_carriageway,hit_object_off_carriageway,first_point_of_impact,vehicle_left_hand_drive,journey_purpose_of_driver_historic,journey_purpose_of_driver,sex_of_driver,age_of_driver,age_band_of_driver,engine_capacity_cc,propulsion_code,age_of_vehicle,generic_make_model,driver_imd_decile,lsoa_of_driver,escooter_flag,driver_distance_banding
2020030998484,2020,030998484,1,5,0,16,19,3,7,0,0,0,5,0,7,1,1,1,6,6,1,74,10,745,1,15,-1,8,E01019154,0,-1
2020350952577,2020,350952577,1,4,0,18,19,4,8,0,0,0,0,0,0,0,0,1,5,6,1,28,6,449,1,15,-1,9,E01018202,0,-1
2020010255494,2020,010255494,1,4,0,18,19,1,5,0,0,1,0,0,0,0,1,1,6,6,1,30,6,249,1,5,-1,-1,-1,0,-1
2020010241115,2020,010241115,1,4,0,18,19,5,1,0,0,0,0,0,0,0,1,1,2,2,1,49,8,249,1,4,-1,2,E01004723,0,-1
202048T257811,2020,48T257811,1,5,0,18,19,3,7,0,0,1,0,0,0,0,4,1,2,2,1,39,7,-1,-1,-1,-1,10,E01024139,0,-1
2020010275425,2020,010275425,1,3,0,18,19,3,7,0,0,8,2,0,1,2,3,1,2,2,1,55,8,249,1,4,-1,2,E01002633,0,-1
2020122000220,2020,122000220,2,4,0,14,14,5,1,0,0,0,0,0,0,0,1,1,2,2,1,28,6,249,1,4,-1,9,E01027894,0,-1
2020480256949,2020,480256949,5,5,0,18,19,3,7,0,0,1,0,0,0,0,4,1,1,1,1,39,7,-1,-1,-1,-1,10,E01024139,0,-1
2020010272158,2020,010272158,2,4,0,18,19,2,6,0,0,1,0,0,0,0,1,1,6,6,1,22,5,249,1,4,-1,1,E01024148,0,-1
2020010268755,2020,010268755,1,4,0,99,99,9,9,99,99,0,9,99,9,99,9,1,6,6,1,32,6,249,1,4,-1,5,E01032803,0,-1
2020160957601,2020,160957601,2,3,0,18,19,2,6,0,0,0,2,0,1,0,3,1,6,6,1,37,7,124,1,2,-1,1,E01012891,0,-1
2020160937437,2020,160937437,2,3,0,18,19,7,3,0,0,0,2,0,0,0,2,1,5,6,1,17,4,124,1,2,-1,1,E01013311,0,-1
2020420982473,2020,420982473,2,3,0,3,3,8,4,0,0,1,0,0,0,0,2,1,6,6,2,32,6,124,1,0,-1,3,E01015902,0,-1
2020522101023,2020,522101023,1,3,0,18,19,6,2,0,0,0,0,0,0,0,1,1,6,6,1,36,7,124,1,1,-1,8,E01014420,0,-1
2020990920219,2020,990920219,2,3,0,18,19,4,8,0,0,8,5,0,0,0,0,1,2,2,1,36,7,124,1,2,-1,10,-1,0,-1
2020200999204,2020,200999204,1,9,0,9,9,1,6,0,0,5,0,0,0,0,1,1,2,2,2,52,8,1368,1,9,-1,3,E01009552,0,-1
2020302000952,2020,302000952,1,3,0,18,19,2,6,0,0,0,0,0,1,2,1,1,6,6,1,17,4,124,1,12,-1,5,E01019456,0,-1
2020622000935,2020,622000935,1,20,0,18,19,6,2,0,0,1,0,0,0,0,1,1,1,1,1,43,7,3920,2,14,-1,3,W01001313,0,-1
2020110973238,2020,110973238,1,3,0,18,19,5,1,0,0,0,0,0,0,0,1,1,6,6,1,35,6,124,1,4,-1,-1,-1,0,-1
2020440227498,2020,440227498,1,3,0,16,19,8,4,0,0,0,0,0,0,0,0,1,6,6,1,19,4,124,1,4,-1,5,E01017273,0,-1
2020990989069,2020,990989069,2,2,0,18,19,5,1,0,0,0,1,0,0,0,3,1,6,6,2,43,7,49,1,28,-1,2,-1,0,-1
2020010238257,2020,010238257,1,3,0,99,99,9,9,99,99,9,9,99,9,99,1,-1,6,6,1,30,6,125,1,4,HONDA SH 125 AD,4,E01002088,0,-1
2020010283534,2020,010283534,1,3,0,18,19,5,1,0,0,1,0,0,0,0,4,1,1,1,1,26,6,125,1,4,HONDA SH 125 AD,3,E01001186,0,-1
2020010269658,2020,010269658,1,3,0,7,7,1,4,0,0,4,1,7,0,0,1,1,6,6,1,42,7,125,1,4,HONDA SH 125 AD,2,E01003183,0,-1
2020010244963,2020,010244963,2,3,0,18,19,5,1,0,0,1,0,0,0,0,1,1,1,1,1,34,6,125,1,4,HONDA SH 125 AD,3,E01004571,0,-1
2020010244101,2020,010244101,1,3,9,99,99,9,9,0,0,9,9,99,0,0,9,1,6,6,1,28,6,125,1,4,HONDA SH 125 AD,3,E01000499,0,-1
2020320098735,2020,320098735,1,3,0,18,19,7,3,0,0,8,0,0,0,0,1,1,6,6,1,38,7,125,1,4,HONDA SH 125 AD,4,E01026144,0,-1
2020010281690,2020,010281690,2,3,0,18,19,3,7,0,0,4,0,0,0,0,3,1,2,2,1,28,6,125,1,4,HONDA SH 125 AD,2,E01002767,0,-1
2020010278401,2020,010278401,1,3,0,99,99,9,9,99,99,9,9,99,9,99,9,1,6,6,1,28,6,125,1,4,HONDA SH 125 AD,2,E01033485,0,-1
2020010235371,2020,010235371,1,2,0,14,14,5,1,0,0,8,0,0,7,0,1,1,1,1,1,40,7,125,1,4,-1,3,E01003785,0,-1
2020010229575,2020,010229575,2,3,0,18,19,2,6,0,0,2,0,0,0,0,1,1,6,6,1,43,7,125,1,4,HONDA SH 125 AD,3,E01003562,0,-1
2020010281250,2020,010281250,1,3,0,99,99,9,9,99,99,0,9,99,9,99,9,1,2,2,1,27,6,125,1,4,HONDA SH 125 AD,2,E01003111,0,-1
2020010241109,2020,010241109,1,4,0,18,19,7,3,0,0,2,0,0,0,0,3,1,1,1,1,32,6,125,1,4,-1,6,E01000549,0,-1
2020010279508,2020,010279508,1,3,0,99,99,9,9,99,99,9,9,99,9,99,1,1,6,6,1,30,6,125,1,4,HONDA SH 125 AD,1,E01002026,0,-1
2020010264487,2020,010264487,2,3,0,99,99,9,9,99,99,0,9,99,9,99,3,1,6,6,3,38,7,125,1,4,HONDA SH 125 AD,-1,-1,0,-1
2020010232482,2020,010232482,1,3,0,99,99,9,9,99,99,9,9,99,9,99,9,1,6,6,1,30,6,125,1,4,HONDA SH 125 AD,1,E01002067,0,-1
2020010267767,2020,010267767,1,3,0,99,99,9,9,99,99,9,9,99,9,99,9,1,6,6,1,34,6,125,1,4,HONDA SH 125 AD,9,E01000201,0,-1
2020010277171,2020,010277171,1,3,0,99,99,9,9,99,99,9,9,99,9,99,1,1,6,6,1,34,6,125,1,4,HONDA SH 125 AD,1,E01004042,0,-1
2020010252350,2020,010252350,1,3,4,3,3,1,5,0,0,1,5,0,0,99,2,1,6,6,1,22,5,125,1,3,HONDA SH 125 AD,2,E01000042,0,-1
2020010280370,2020,010280370,1,3,0,8,8,7,8,0,0,1,0,0,0,0,2,1,1,1,1,31,6,125,1,4,HONDA SH 125 AD,-1,-1,0,-1
2020010269360,2020,010269360,2,3,0,13,13,1,5,0,0,1,0,0,0,0,1,1,1,1,1,28,6,125,1,4,HONDA SH 125 AD,-1,-1,0,-1
2020010283757,2020,010283757,1,3,0,13,13,3,7,0,0,2,0,0,0,0,1,1,6,6,1,29,6,125,1,3,HONDA SH 125 AD,3,E01003609,0,-1
2020010273890,2020,010273890,1,3,0,99,99,9,9,99,99,0,9,99,9,99,2,1,6,6,1,22,5,125,1,4,HONDA SH 125 AD,4,E01003412,0,-1
2020010240356,2020,010240356,1,3,0,99,99,9,9,99,99,9,9,99,9,99,9,-1,6,6,1,41,7,125,1,4,HONDA SH 125 AD,7,E01004505,0,-1
2020010268412,2020,010268412,2,9,0,9,9,7,5,0,0,6,0,0,0,0,1,1,6,6,1,58,9,1580,8,3,HYUNDAI IONIQ,2,E01002530,0,-1
2020010253385,2020,010253385,1,9,0,18,19,5,1,0,0,1,0,0,0,0,3,1,1,1,1,54,8,1580,8,3,HYUNDAI IONIQ,1,E01004428,0,-1
2020010278264,2020,010278264,1,9,0,5,5,1,5,0,0,2,0,0,0,0,1,1,1,1,1,40,7,1580,8,3,HYUNDAI IONIQ,3,E01002559,0,-1
2020010247774,2020,010247774,1,8,0,99,99,9,9,99,99,9,9,99,9,99,9,9,6,6,1,25,5,1580,8,1,HYUNDAI IONIQ,2,E01004319,0,-1
2020460980714,2020,460980714,1,9,0,5,5,7,3,0,0,1,0,4,0,0,1,1,5,6,2,53,8,1580,8,0,HYUNDAI IONIQ,2,E01016040,0,-1
2020540281020,2020,540281020,1,9,0,18,19,8,4,0,0,1,0,0,0,0,1,1,6,6,1,79,11,1580,8,2,HYUNDAI IONIQ,8,E01031946,0,-1
2020500995723,2020,500995723,2,9,0,18,19,5,1,0,0,0,0,0,0,0,2,1,6,6,1,23,5,1580,8,1,HYUNDAI IONIQ,8,E01018859,0,-1
2020230999576,2020,230999576,1,9,0,18,19,8,4,0,0,0,0,0,0,0,1,1,5,6,1,38,7,1580,8,2,HYUNDAI IONIQ,8,E01031323,0,-1
2020501003688,2020,501003688,2,9,0,3,3,6,2,0,0,1,0,0,0,0,2,1,6,6,2,66,10,1580,8,0,HYUNDAI IONIQ,4,E01018760,0,-1
2020230990608,2020,230990608,2,9,0,17,19,8,5,0,0,0,0,0,0,0,2,1,2,2,2,31,6,-1,3,2,HYUNDAI IONIQ,1,E01031090,0,-1
2020010282312,2020,010282312,1,9,0,99,99,9,9,99,99,9,9,99,9,99,2,9,2,2,2,24,5,1580,8,3,HYUNDAI IONIQ,3,E01002770,0,-1
2020010281087,2020,010281087,2,9,9,99,99,9,9,99,99,9,9,99,9,99,9,9,6,6,3,-1,-1,-1,3,0,HYUNDAI IONIQ,-1,-1,0,-1
202031B131320,2020,31B131320,1,9,0,18,19,5,1,0,0,8,0,4,7,11,1,1,2,2,1,52,8,1580,8,0,HYUNDAI IONIQ,5,E01028022,0,-1
2020137CQ1397,2020,137CQ1397,1,9,0,18,19,1,6,0,0,4,0,0,0,0,4,1,1,1,1,32,6,1580,8,2,HYUNDAI IONIQ,1,E01010743,0,-1
2020137AG0390,2020,137AG0390,2,9,0,17,19,6,2,0,0,7,0,0,0,0,1,1,6,6,1,40,7,1580,8,1,HYUNDAI IONIQ,2,E01010804,0,-1
2020360943566,2020,360943566,2,9,0,3,3,7,3,0,0,0,0,0,0,0,1,1,5,6,1,77,11,1580,8,1,HYUNDAI IONIQ,4,E01026606,0,-1
2020220968692,2020,220968692,1,9,0,17,19,2,6,0,0,0,0,0,1,1,3,1,5,6,1,60,9,-1,3,0,HYUNDAI IONIQ,5,E01032205,0,-1
2020201002126,2020,201002126,2,9,0,18,19,2,6,0,0,8,0,0,0,0,4,1,6,6,1,36,7,1580,8,1,HYUNDAI IONIQ,2,E01009942,0,-1
2020010249745,2020,010249745,1,9,0,18,19,1,5,0,0,0,0,11,0,0,4,1,6,6,1,24,5,1580,8,1,HYUNDAI IONIQ,1,E01004318,0,-1
2020302000496,2020,302000496,1,9,0,9,9,7,5,0,0,2,0,0,0,0,1,1,6,6,1,49,8,1580,8,0,HYUNDAI IONIQ,10,E01028091,0,-1
2020461009481,2020,461009481,1,8,0,3,3,4,8,0,0,0,0,0,0,0,4,1,6,6,1,48,8,1580,8,2,HYUNDAI IONIQ,3,E01024684,0,-1
2020010278224,2020,010278224,2,9,9,99,99,9,9,99,99,6,0,99,0,0,9,9,6,6,3,-1,-1,1580,8,2,HYUNDAI IONIQ,-1,-1,0,-1
2020522101476,2020,522101476,4,9,0,18,19,6,2,0,0,0,2,0,0,0,2,1,6,6,1,43,7,1580,8,2,HYUNDAI IONIQ,1,E01014653,0,-1
2020040993717,2020,040993717,2,9,0,18,19,3,7,0,0,0,0,0,0,0,2,1,2,2,1,48,8,1580,8,4,HYUNDAI IONIQ,8,E01025547,0,-1
2020052002436,2020,052002436,1,9,0,18,19,7,3,0,0,0,0,0,0,0,1,1,6,6,1,38,7,1580,8,1,HYUNDAI IONIQ,4,E01006846,0,-1
2020450922989,2020,450922989,1,9,0,18,19,5,1,0,0,0,1,0,0,0,2,1,2,2,2,34,6,1580,8,2,HYUNDAI IONIQ,4,E01002621,0,-1
20201371D0548,2020,1371D0548,1,9,0,18,19,8,4,0,0,1,0,0,0,0,1,1,6,6,1,19,4,1580,8,2,HYUNDAI IONIQ,3,E01011085,0,-1
2020010235870,2020,010235870,2,9,0,9,9,7,5,0,0,6,0,0,0,0,1,1,6,6,1,57,9,1580,8,2,HYUNDAI IONIQ,3,E01000094,0,-1
2020302000668,2020,302000668,2,9,0,2,2,0,0,0,0,0,0,0,0,0,2,1,6,6,1,27,6,1580,8,1,HYUNDAI IONIQ,1,E01013480,0,-1
2020010251519,2020,010251519,2,8,0,99,99,9,9,99,99,1,9,99,9,99,2,9,6,6,3,-1,-1,1580,8,1,HYUNDAI IONIQ,4,E01032858,0,-1
2020010232113,2020,010232113,1,9,0,99,99,9,9,99,99,9,9,99,9,99,2,1,6,6,3,-1,-1,1580,8,4,HYUNDAI IONIQ,-1,-1,0,-1
2020040953894,2020,040953894,1,9,0,18,19,5,1,0,0,0,0,0,1,10,1,1,5,6,1,68,10,1580,8,1,HYUNDAI IONIQ,3,E01016881,0,-1
2020010274362,2020,010274362,1,9,0,5,5,1,5,0,0,6,0,0,0,0,1,1,1,1,1,32,6,1580,8,1,HYUNDAI IONIQ,-1,-1,0,-1
2020010286620,2020,010286620,2,9,0,18,19,3,7,0,0,0,0,0,0,0,1,1,2,2,1,25,5,-1,3,0,HYUNDAI IONIQ,2,E01004435,0,-1
2020010282798,2020,010282798,1,9,0,18,19,4,8,0,0,1,0,0,0,0,3,1,6,6,1,23,5,1580,8,0,HYUNDAI IONIQ,3,E01002589,0,-1
2020010238760,2020,010238760,1,9,0,99,99,9,9,99,99,9,9,99,9,99,9,9,6,6,1,32,6,1580,8,2,HYUNDAI IONIQ,4,E01000498,0,-1
2020010230784,2020,010230784,1,8,0,99,99,9,9,99,99,0,9,99,9,99,9,1,6,6,1,36,7,1580,8,3,HYUNDAI IONIQ,8,E01003678,0,-1
2020140952565,2020,140952565,1,9,0,3,3,8,4,0,0,1,0,0,0,0,1,1,6,6,1,48,8,1580,8,2,HYUNDAI IONIQ,1,E01007530,0,-1
2020010236913,2020,010236913,1,9,0,7,7,2,5,0,0,1,0,0,0,0,1,1,1,1,1,29,6,1580,8,2,HYUNDAI IONIQ,7,E01033093,0,-1
2020470986647,2020,470986647,1,9,0,9,9,6,4,0,0,8,0,0,0,0,3,1,5,6,1,29,6,1580,8,3,HYUNDAI IONIQ,7,E01002013,0,-1
2020010251712,2020,010251712,1,9,0,6,6,5,5,0,0,0,0,0,0,0,1,1,2,2,1,37,7,1580,8,1,HYUNDAI IONIQ,3,E01032574,0,-1
2020010273505,2020,010273505,2,8,0,99,99,9,9,99,99,9,9,99,9,99,1,9,6,6,3,-1,-1,1580,8,1,HYUNDAI IONIQ,-1,-1,0,-1
2020010261181,2020,010261181,1,9,0,99,99,9,9,99,99,9,9,99,9,99,1,9,6,6,1,44,7,1580,8,4,HYUNDAI IONIQ,4,E01003231,0,-1
20201373H0927,2020,1373H0927,1,9,0,18,19,3,7,0,0,0,0,0,0,0,1,1,6,6,1,39,7,1580,8,2,HYUNDAI IONIQ,3,E01011257,0,-1
2020010264717,2020,010264717,1,9,0,10,10,7,6,0,0,0,0,0,0,0,2,1,6,6,1,51,8,1580,8,0,HYUNDAI IONIQ,6,E01002531,0,-1
2020122001393,2020,122001393,2,9,0,3,3,4,8,0,0,0,0,0,0,0,2,1,1,1,1,56,9,1580,8,0,HYUNDAI IONIQ,10,E01027719,0,-1
2020010234380,2020,010234380,2,9,0,18,19,3,7,0,0,8,0,0,0,0,1,1,2,2,1,64,9,1580,8,3,HYUNDAI IONIQ,2,E01002505,0,-1
2020530951943,2020,530951943,2,9,0,18,19,4,6,0,0,8,0,0,0,0,1,1,5,6,2,41,7,1580,8,1,HYUNDAI IONIQ,6,E01032934,0,-1
2020360965720,2020,360965720,1,9,0,18,19,1,1,0,0,1,0,0,0,0,1,1,5,6,1,33,6,1580,8,2,HYUNDAI IONIQ,5,E01000468,0,-1
2020010242185,2020,010242185,1,9,0,18,19,3,7,0,0,1,0,0,0,0,1,1,6,6,2,50,8,1580,8,2,HYUNDAI IONIQ,7,E01002197,0,-1
2020040934771,2020,040934771,2,9,0,17,19,7,1,0,0,1,0,0,0,0,3,1,5,6,1,52,8,-1,3,3,HYUNDAI IONIQ,8,E01025411,0,-1
2020460974689,2020,460974689,2,9,0,4,4,3,7,0,0,0,0,0,0,0,2,1,5,6,2,44,7,1580,8,1,HYUNDAI IONIQ,5,E01024774,0,-1
2020010234341,2020,010234341,1,9,9,99,99,9,9,99,99,9,9,99,9,99,2,9,2,2,1,31,6,1580,8,1,HYUNDAI IONIQ,3,E01003485,0,-1
2020040980595,2020,040980595,1,9,0,5,5,1,3,0,0,2,0,0,0,0,3,1,2,2,2,54,8,1580,8,2,HYUNDAI IONIQ,1,E01024953,0,-1
2020010233033,2020,010233033,2,8,0,3,3,1,5,0,0,1,0,0,0,0,2,1,1,1,1,36,7,1580,8,2,HYUNDAI IONIQ,7,E01002223,0,-1
2020010236770,2020,010236770,2,9,0,9,9,5,2,0,0,8,0,0,0,0,4,1,1,1,1,44,7,1580,8,3,HYUNDAI IONIQ,4,E01000323,0,-1
2020140920129,2020,140920129,2,9,0,5,5,1,5,0,0,4,0,0,0,0,1,1,6,6,1,61,9,1580,8,2,HYUNDAI IONIQ,6,E01019551,0,-1
202031C107420,2020,31C107420,1,9,0,9,9,3,8,0,0,6,0,0,0,0,1,1,6,6,1,71,10,1580,8,1,HYUNDAI IONIQ,4,E01013889,0,-1
2020052002110,2020,052002110,1,8,0,5,5,1,6,0,0,0,0,0,0,0,4,1,1,1,1,35,6,1580,8,2,HYUNDAI IONIQ,4,E01006681,0,-1
2020451004012,2020,451004012,1,9,0,18,19,1,7,0,0,0,1,0,0,0,4,1,2,2,1,42,7,1580,8,3,HYUNDAI IONIQ,10,E01030542,0,-1
2020010275460,2020,010275460,2,9,0,18,19,7,3,9,9,4,0,0,0,0,1,1,6,6,1,52,8,1580,8,2,HYUNDAI IONIQ,7,E01000361,0,-1
2020220919059,2020,220919059,1,9,0,18,19,2,6,0,0,4,0,0,0,0,1,1,6,6,2,56,9,1580,8,1,HYUNDAI IONIQ,2,E01028962,0,-1
2020010236543,2020,010236543,2,8,0,2,2,0,0,0,0,0,0,0,1,0,3,1,6,6,3,-1,-1,1580,8,2,HYUNDAI IONIQ,-1,-1,0,-1
2020010232310,2020,010232310,1,9,0,9,9,5,3,0,0,5,0,0,0,0,1,1,6,6,1,41,7,1580,8,1,HYUNDAI IONIQ,3,E01000495,0,-1
2020010259922,2020,010259922,3,8,0,2,2,0,0,0,0,1,0,0,0,0,1,1,6,6,3,-1,-1,1580,8,2,HYUNDAI IONIQ,-1,-1,0,-1
2020990988568,2020,990988568,1,9,0,18,19,5,2,0,0,1,0,0,0,0,1,1,5,6,2,54,8,1580,8,0,HYUNDAI IONIQ,9,-1,0,-1
2020052000671,2020,052000671,1,8,0,18,19,1,5,0,0,1,0,0,0,0,1,1,1,1,1,41,7,1580,8,2,HYUNDAI IONIQ,5,E01006687,0,-1
2020470920608,2020,470920608,1,9,0,9,9,1,7,0,0,8,0,0,0,0,1,1,6,6,1,48,8,1580,8,2,HYUNDAI IONIQ,8,E01021172,0,-1
2020522003506,2020,522003506,2,9,0,3,3,4,8,0,0,1,0,0,0,0,1,1,6,6,3,-1,-1,1580,8,1,HYUNDAI IONIQ,-1,-1,0,-1
2020052001597,2020,052001597,2,9,0,3,3,8,2,0,0,1,0,0,0,0,3,1,6,6,1,25,5,1580,8,2,HYUNDAI IONIQ,3,E01006719,0,-1
2020010237530,2020,010237530,1,9,0,9,9,2,8,0,0,8,0,0,0,0,1,1,6,6,1,55,8,1580,8,2,HYUNDAI IONIQ,2,E01021851,0,-1
2020010267010,2020,010267010,2,9,0,7,7,1,3,0,0,2,0,0,0,0,0,1,1,1,1,33,6,1580,8,2,HYUNDAI IONIQ,4,E01003666,0,-1
2020010252018,2020,010252018,1,9,0,99,99,9,9,99,99,9,9,99,9,99,2,9,6,6,1,32,6,1580,8,2,HYUNDAI IONIQ,1,E01004199,0,-1
2020990931529,2020,990931529,2,9,0,15,15,1,5,8,6,1,1,0,1,9,1,1,2,2,1,48,8,1580,8,2,HYUNDAI IONIQ,-1,-1,0,-1
2020010245878,2020,010245878,1,9,0,7,7,1,3,0,0,1,0,0,0,0,1,1,6,6,1,43,7,1580,8,2,HYUNDAI IONIQ,3,E01001501,0,-1
2020010264755,2020,010264755,2,9,0,99,99,9,9,99,99,9,9,99,9,99,9,9,6,6,3,-1,-1,1580,8,2,HYUNDAI IONIQ,-1,-1,0,-1
2020440333501,2020,440333501,1,8,0,18,19,2,6,0,0,8,0,0,0,0,1,1,1,1,1,32,6,1580,8,2,HYUNDAI IONIQ,1,E01032755,0,-1
2020990988785,2020,990988785,1,9,0,18,19,1,5,0,0,0,0,0,0,0,1,1,6,6,1,69,10,1580,8,2,HYUNDAI IONIQ,8,-1,0,-1
2020140969051,2020,140969051,1,9,0,18,19,5,5,0,0,0,0,2,0,0,3,1,1,1,2,59,9,1580,8,3,HYUNDAI IONIQ,4,E01007545,0,-1
2020010284167,2020,010284167,2,8,0,13,13,1,5,0,0,0,0,0,0,0,0,1,1,1,3,40,7,1580,8,1,HYUNDAI IONIQ,-1,-1,0,-1
2020500987319,2020,500987319,1,9,0,17,19,1,2,0,0,0,0,0,0,0,2,1,1,1,2,27,6,1580,8,1,HYUNDAI IONIQ,3,E01019075,0,-1
2020010268818,2020,010268818,1,9,0,4,4,7,3,0,0,1,0,0,0,0,2,1,6,6,1,51,8,1580,8,1,HYUNDAI IONIQ,9,E01001567,0,-1
2020010240885,2020,010240885,3,9,9,99,99,9,9,99,99,9,9,99,9,99,9,9,6,6,3,-1,-1,1580,8,1,HYUNDAI IONIQ,-1,-1,0,-1
2020010275780,2020,010275780,1,9,0,18,19,3,7,0,0,1,0,0,0,0,4,1,6,6,1,31,6,1580,8,2,HYUNDAI IONIQ,-1,-1,0,-1
2020122001296,2020,122001296,2,9,0,16,19,5,1,0,0,0,0,0,0,0,1,1,6,6,1,64,9,1580,8,4,HYUNDAI IONIQ,8,E01027887,0,-1
2020480968662,2020,480968662,1,9,0,18,19,1,5,0,0,1,0,0,0,0,1,1,5,6,2,38,7,1580,8,2,HYUNDAI IONIQ,2,E01000600,0,-1
2020552000853,2020,552000853,1,9,0,7,7,6,8,0,0,6,0,0,0,0,1,1,1,1,2,78,11,-1,3,1,HYUNDAI IONIQ,10,E01015315,0,-1
2020137B71221,2020,137B71221,1,9,0,1,1,7,3,0,0,0,0,0,0,0,2,1,6,6,3,-1,-1,1580,8,2,HYUNDAI IONIQ,-1,-1,0,-1
2020010285129,2020,010285129,3,8,0,3,3,3,7,0,0,0,0,0,0,0,2,1,6,6,1,-1,-1,1580,8,2,HYUNDAI IONIQ,1,E01003577,0,-1
2020450996729,2020,450996729,1,9,0,4,4,7,3,0,0,3,0,0,0,0,2,1,2,2,1,36,7,1580,8,4,HYUNDAI IONIQ,8,E01002993,0,-1
2020200946859,2020,200946859,1,9,0,9,9,4,2,0,0,6,0,0,0,0,4,1,6,6,2,38,7,1580,8,1,HYUNDAI IONIQ,1,E01009123,0,-1
2020460916613,2020,460916613,1,9,0,9,9,3,5,0,0,3,0,0,0,0,3,1,5,6,2,68,10,1580,8,2,HYUNDAI IONIQ,6,E01024163,0,-1
2020010263044,2020,010263044,2,9,0,6,6,5,5,0,0,1,0,0,0,0,1,1,1,1,1,38,7,1580,8,0,HYUNDAI IONIQ,3,E01004217,0,-1
202031A080320,2020,31A080320,1,9,0,3,3,6,2,0,0,1,0,0,0,0,2,1,6,6,1,30,6,1580,8,1,HYUNDAI IONIQ,4,E01028272,0,-1
2020010279842,2020,010279842,1,8,0,3,3,1,5,0,0,0,0,0,0,0,3,1,1,1,1,37,7,1580,8,2,HYUNDAI IONIQ,3,E01016449,0,-1
2020430366769,2020,430366769,1,9,0,18,19,6,2,0,0,6,0,0,0,0,1,1,2,2,1,48,8,1580,8,3,HYUNDAI IONIQ,7,E01017910,0,-1
2020052000014,2020,052000014,2,9,0,17,19,1,5,0,0,8,0,0,0,0,1,1,1,1,1,51,8,1580,8,0,HYUNDAI IONIQ,5,E01007235,0,-1
2020320413937,2020,320413937,2,9,0,18,19,5,1,0,0,1,0,0,1,0,3,1,6,6,2,66,10,1580,8,1,HYUNDAI IONIQ,3,E01026023,0,-1
2020200929536,2020,200929536,1,9,0,12,12,-1,-1,0,0,0,0,0,0,0,1,1,6,6,2,-1,-1,1580,8,2,HYUNDAI IONIQ,-1,-1,0,-1
2020410988300,2020,410988300,1,9,0,18,19,2,6,0,0,0,1,0,2,7,2,1,1,1,2,43,7,1580,8,2,HYUNDAI IONIQ,2,E01003619,0,-1
2020010267859,2020,010267859,2,9,0,18,19,6,2,0,0,1,0,0,0,0,3,1,3,7,2,41,7,1580,8,1,HYUNDAI IONIQ,3,E01004448,0,-1
2020440401153,2020,440401153,2,8,0,9,9,3,1,0,0,8,0,0,0,0,3,1,1,1,1,65,9,1580,8,3,HYUNDAI IONIQ,9,E01022783,0,-1
2020340N05382,2020,340N05382,1,9,0,18,19,7,3,0,0,0,0,0,0,0,4,1,6,6,1,74,10,1580,8,3,HYUNDAI IONIQ,10,E01027165,0,-1
2020040945615,2020,040945615,1,9,0,18,19,7,3,0,0,0,0,0,0,0,3,1,1,1,1,48,8,1580,8,2,HYUNDAI IONIQ,1,E01025084,0,-1
2020400944670,2020,400944670,1,9,0,16,19,7,1,0,0,2,1,0,1,3,1,1,5,6,1,23,5,1580,8,2,HYUNDAI IONIQ,4,E01015810,0,-1
2020520002641,2020,520002641,2,9,0,9,9,4,2,0,0,8,0,0,0,0,4,1,6,6,1,53,8,1580,8,1,HYUNDAI IONIQ,1,W01001301,0,-1
2020010233511,2020,010233511,1,9,0,9,9,1,7,0,0,6,0,0,0,0,0,1,1,1,1,51,8,1580,8,2,HYUNDAI IONIQ,2,E01004231,0,-1
2020010275771,2020,010275771,1,9,0,18,19,5,1,0,0,8,0,0,0,0,1,1,1,1,1,25,5,1580,8,3,HYUNDAI IONIQ,3,E01003597,0,-1
2020361004039,2020,361004039,1,9,0,2,2,0,0,0,0,0,0,0,0,0,3,1,1,1,1,35,6,1580,8,2,HYUNDAI IONIQ,8,E01026929,0,-1
2020010242720,2020,010242720,1,9,0,18,19,5,1,0,0,1,0,0,0,0,1,1,1,1,2,20,4,1580,8,2,HYUNDAI IONIQ,1,E01004042,0,-1
2020010286139,2020,010286139,1,8,0,1,1,1,3,0,0,1,0,0,0,0,3,1,1,1,1,47,8,1580,8,1,HYUNDAI IONIQ,3,E01015987,0,-1
2020010281651,2020,010281651,1,8,0,18,19,3,7,0,0,0,0,0,0,0,1,1,6,6,1,40,7,1580,8,3,HYUNDAI IONIQ,3,E01000368,0,-1
2020010250307,2020,010250307,1,9,0,9,9,3,8,0,0,1,0,0,0,0,1,1,6,6,1,36,7,1580,8,2,HYUNDAI IONIQ,3,E01003539,0,-1
2020430278634,2020,430278634,2,9,0,9,9,4,3,0,0,1,0,0,0,0,2,1,6,6,1,36,7,1580,8,3,HYUNDAI IONIQ,6,E01016753,0,-1
2020201011788,2020,201011788,1,9,0,18,19,2,6,0,0,8,0,0,0,0,1,1,6,6,2,28,6,1580,8,2,HYUNDAI IONIQ,4,E01009111,0,-1
2020010282529,2020,010282529,1,9,0,6,6,1,1,0,0,1,0,0,0,0,3,1,1,1,1,38,7,1580,8,3,HYUNDAI IONIQ,3,E01003068,0,-1
2020361004626,2020,361004626,1,9,0,18,19,4,7,0,0,0,0,0,0,0,1,1,1,1,1,45,7,1580,8,2,HYUNDAI IONIQ,1,E01026666,0,-1