collision_index,collision_year,collision_ref_no,vehicle_reference,vehicle_type,towing_and_articulation,vehicle_manoeuvre_historic,vehicle_manoeuvre,vehicle_direction_from,vehicle_direction_to,vehicle_location_restricted_lane_historic,vehicle_location_restricted_lane,junction_location,skidding_and_overturning,hit_object_in_carriageway,vehicle_leaving_carriageway,hit_object_off_carriageway,first_point_of_impact,vehicle_left_hand_drive,journey_purpose_of_driver_historic,journey_purpose_of_driver,sex_of_driver,age_of_driver,age_band_of_driver,engine_capacity_cc,propulsion_code,age_of_vehicle,generic_make_model,driver_imd_decile,lsoa_of_driver,escooter_flag,driver_distance_banding
2020010239363,2020,010239363,2,9,0,99,99,9,9,99,99,1,9,99,9,99,2,9,6,6,3,-1,-1,1368,1,3,KIA RIO,-1,-1,0,-1
2020010268413,2020,010268413,1,9,0,4,4,5,1,0,0,2,0,0,0,0,2,1,6,6,2,56,9,1493,2,9,KIA RIO,8,E01002294,0,-1
2020552000445,2020,552000445,3,9,0,4,4,7,3,0,0,1,0,0,0,0,0,1,6,6,1,61,9,1120,2,8,KIA RIO,8,E01015411,0,-1
2020010249013,2020,010249013,1,9,0,9,9,8,6,0,0,5,0,0,0,0,4,1,6,6,2,45,7,1396,1,4,KIA RIO,5,E01000592,0,-1
2020030984846,2020,030984846,1,9,0,9,9,1,5,0,0,6,0,0,0,0,1,1,2,2,2,69,10,1248,1,5,KIA RIO,6,E01019130,0,-1
2020302000987,2020,302000987,2,9,0,7,7,2,8,0,0,3,2,0,0,0,0,1,6,6,1,24,5,1399,1,11,KIA RIO,1,E01013570,0,-1
2020010261537,2020,010261537,1,9,0,5,5,3,7,0,0,4,0,4,1,0,2,1,1,1,2,48,8,1399,1,14,KIA RIO,2,E01000315,0,-1
2020137821380,2020,137821380,1,9,0,18,19,5,1,0,0,0,0,0,0,0,1,1,6,6,2,29,6,1120,2,4,KIA RIO,2,E01010894,0,-1
2020010251158,2020,010251158,1,9,0,18,19,1,5,0,0,4,0,0,0,0,3,1,2,2,1,49,8,1248,1,8,KIA RIO,5,E01004353,0,-1
2020450993724,2020,450993724,2,9,0,18,19,1,5,0,0,0,0,0,0,0,3,1,5,6,1,53,8,1248,1,9,KIA RIO,9,E01030412,0,-1
2020340S03552,2020,340S03552,2,9,0,18,19,7,3,0,0,8,0,0,1,4,2,1,6,6,2,22,5,1248,1,3,KIA RIO,10,E01027293,0,-1
2020211021826,2020,211021826,1,9,0,18,19,5,1,0,0,3,0,0,0,0,0,1,6,6,1,52,8,1368,1,1,KIA RIO,4,E01029423,0,-1
2020210973398,2020,210973398,2,9,0,5,5,7,3,9,9,0,0,0,0,0,3,1,2,2,2,27,6,1120,2,8,KIA RIO,9,E01029546,0,-1
2020052001311,2020,052001311,2,9,0,18,19,8,4,0,0,0,1,0,0,0,4,1,6,6,1,64,9,1493,2,12,KIA RIO,3,E01007177,0,-1
2020141003912,2020,141003912,1,9,0,18,19,5,1,0,0,0,0,0,0,0,1,1,5,6,1,33,6,1248,1,5,KIA RIO,4,E01008150,0,-1
2020450967902,2020,450967902,2,9,0,16,19,1,5,0,0,0,0,0,0,0,1,1,5,6,2,65,9,1396,1,5,KIA RIO,10,E01030566,0,-1
2020552000780,2020,552000780,2,9,0,18,19,6,2,0,0,8,0,0,0,0,1,1,6,6,1,69,10,1248,1,7,KIA RIO,5,E01015334,0,-1
2020460969836,2020,460969836,2,9,0,18,19,6,2,0,0,0,0,0,0,0,2,1,5,6,1,49,8,1343,1,15,KIA RIO,4,E01024579,0,-1
2020440286104,2020,440286104,1,9,0,14,14,4,8,0,0,0,0,0,0,0,1,1,6,6,1,21,5,1248,1,5,KIA RIO,10,E01000841,0,-1
2020470915316,2020,470915316,1,9,0,4,4,1,5,0,0,0,0,0,0,0,1,1,5,6,2,35,6,1399,1,10,KIA RIO,3,E01016937,0,-1
202006A269648,2020,06A269648,1,9,0,7,7,1,4,0,0,1,0,0,1,0,1,1,1,1,1,30,6,1399,1,11,KIA RIO,2,E01004969,0,-1
2020522001890,2020,522001890,1,9,0,18,19,2,6,0,0,0,0,0,0,0,3,1,6,6,2,25,5,1248,1,7,KIA RIO,8,E01014771,0,-1
2020370939152,2020,370939152,1,9,0,18,19,3,7,0,0,1,0,7,0,0,1,1,5,6,1,86,11,1396,1,5,KIA RIO,8,E01030242,0,-1
2020520001733,2020,520001733,1,9,0,18,19,2,6,0,0,0,0,0,0,0,1,1,6,6,1,28,6,1493,2,11,KIA RIO,3,E01029096,0,-1
2020990926419,2020,990926419,1,9,0,6,6,1,1,0,0,0,0,4,0,0,3,1,1,1,1,29,6,1399,1,11,KIA RIO,1,-1,0,-1
202006A374532,2020,06A374532,2,9,0,18,19,2,6,0,0,1,0,0,0,0,3,1,6,6,2,49,8,1399,1,10,KIA RIO,1,E01005164,0,-1
2020440428011,2020,440428011,1,9,0,4,4,1,5,0,0,0,0,0,0,0,4,1,6,6,1,81,11,1493,2,10,KIA RIO,7,E01023225,0,-1
2020200978681,2020,200978681,2,9,0,3,3,2,6,0,0,0,0,0,0,0,2,1,6,6,2,52,8,1248,1,8,KIA RIO,3,E01008950,0,-1
2020411008029,2020,411008029,1,9,0,9,9,1,6,0,0,1,0,0,0,0,1,1,1,1,1,26,6,1396,2,6,KIA RIO,10,E01023464,0,-1
202006E167376,2020,06E167376,3,9,0,18,19,5,1,0,0,0,0,0,0,0,1,1,6,6,2,30,6,1248,1,8,KIA RIO,4,E01005311,0,-1
2020140918140,2020,140918140,1,9,0,18,19,2,6,0,0,8,0,0,4,1,4,1,2,2,1,37,7,1120,2,7,KIA RIO,2,E01007745,0,-1
202031D157820,2020,31D157820,2,9,0,18,19,1,5,0,0,8,1,0,0,0,1,1,6,6,1,79,11,1493,2,12,KIA RIO,8,E01028371,0,-1
2020360951083,2020,360951083,1,9,0,18,19,3,7,0,0,1,0,0,0,0,3,1,6,6,3,-1,-1,1493,2,15,KIA RIO,-1,-1,0,-1
2020520002145,2020,520002145,3,9,0,18,19,2,6,0,0,0,0,0,0,0,1,1,6,6,2,20,4,1396,2,6,KIA RIO,4,E01014573,0,-1
2020411007002,2020,411007002,1,9,0,3,3,1,5,0,0,3,0,0,0,0,2,1,2,2,2,39,7,1396,1,5,KIA RIO,9,E01023389,0,-1
2020040993418,2020,040993418,1,9,0,18,19,3,7,0,0,8,0,0,0,0,1,1,2,2,1,68,10,1120,2,6,KIA RIO,9,E01025566,0,-1
2020440372034,2020,440372034,2,9,0,9,9,4,2,0,0,8,0,0,0,0,1,1,6,6,3,-1,-1,1248,1,6,KIA RIO,-1,-1,0,-1
2020160985281,2020,160985281,2,9,0,18,19,7,3,0,0,2,0,0,-1,0,1,1,6,6,3,-1,-1,1396,1,8,KIA RIO,-1,-1,0,-1
2020470986112,2020,470986112,2,9,0,18,19,7,3,0,0,0,0,0,0,0,1,1,5,6,2,62,9,1396,1,5,KIA RIO,3,E01031366,0,-1
2020470933920,2020,470933920,1,9,0,7,7,1,3,0,0,8,0,0,0,0,1,1,4,7,1,18,4,1399,1,13,KIA RIO,8,E01031356,0,-1
2020411000143,2020,411000143,2,9,0,2,2,0,0,0,0,1,0,0,0,0,2,1,6,6,3,-1,-1,1396,2,8,KIA RIO,-1,-1,0,-1
2020052000080,2020,052000080,2,9,0,7,7,3,6,0,0,1,0,0,0,0,2,1,2,2,2,52,8,1493,2,12,KIA RIO,1,E01006461,0,-1
2020137851089,2020,137851089,1,9,0,18,19,7,3,0,0,0,0,0,0,0,1,1,6,6,1,49,8,1248,1,7,KIA RIO,1,E01011084,0,-1
2020430423747,2020,430423747,1,9,0,18,19,7,3,0,0,1,0,0,0,0,1,1,6,6,2,30,6,1248,1,4,KIA RIO,2,E01016363,0,-1
2020440427093,2020,440427093,3,9,0,3,3,5,1,0,0,1,0,0,0,0,2,1,6,6,1,29,6,1396,2,5,KIA RIO,2,E01017109,0,-1
2020360947485,2020,360947485,1,9,0,14,14,7,3,0,0,1,0,0,7,9,1,1,1,1,1,47,8,1368,1,1,KIA RIO,3,E01026719,0,-1
2020360993918,2020,360993918,1,9,0,18,19,6,2,0,0,2,0,0,0,0,3,1,2,2,1,59,9,1399,1,9,KIA RIO,3,E01026753,0,-1
2020302100255,2020,302100255,2,9,0,18,19,1,5,0,0,0,0,4,0,0,1,1,2,2,1,51,8,1248,1,3,KIA RIO,2,E01027967,0,-1
2020030926811,2020,030926811,1,9,0,18,19,7,3,0,0,0,2,0,7,0,0,1,5,6,2,26,6,1248,1,4,KIA RIO,-1,-1,0,-1
2020231008920,2020,231008920,2,9,0,18,19,3,7,0,0,0,0,0,0,0,1,1,2,2,2,20,4,1248,1,7,KIA RIO,5,E01009037,0,-1
2020990916302,2020,990916302,2,9,0,18,19,1,7,0,0,8,0,0,0,0,4,1,5,6,2,59,9,1248,1,5,KIA RIO,-1,-1,0,-1
2020622000392,2020,622000392,1,9,0,18,19,3,7,0,0,0,0,0,0,0,1,1,6,6,2,37,7,1399,1,9,KIA RIO,1,W01001292,0,-1
2020622000510,2020,622000510,2,9,0,18,19,7,3,0,0,8,0,0,0,0,3,1,6,6,2,55,8,1248,1,8,KIA RIO,2,W01000811,0,-1
2020370979944,2020,370979944,2,9,0,18,19,5,1,0,0,8,0,0,0,0,1,1,5,6,2,67,10,1396,1,5,KIA RIO,3,E01029916,0,-1
2020440067659,2020,440067659,2,9,0,18,19,8,4,0,0,8,0,0,0,0,3,1,6,6,1,52,8,1343,1,16,KIA RIO,3,E01017348,0,-1
2020160994777,2020,160994777,1,9,0,18,19,6,2,0,0,0,0,0,0,0,1,2,5,6,2,22,5,1396,2,5,KIA RIO,1,E01013161,0,-1
2020990991276,2020,990991276,2,9,4,18,19,8,4,0,0,1,0,0,0,0,3,1,5,6,1,71,10,1399,1,10,KIA RIO,3,-1,0,-1
2020990941458,2020,990941458,1,9,0,16,19,1,4,0,0,0,0,0,0,0,1,1,6,6,2,25,5,1399,1,12,KIA RIO,1,-1,0,-1
2020010280274,2020,010280274,1,9,0,18,19,1,5,0,0,0,0,0,0,0,4,1,2,2,1,32,6,998,1,1,KIA RIO,6,E01000166,0,-1
2020302000679,2020,302000679,1,9,0,5,5,3,8,9,9,0,0,0,7,0,3,1,2,2,2,59,9,1248,1,6,KIA RIO,9,E01019850,0,-1
20201373Q0437,2020,1373Q0437,1,9,0,18,19,3,7,0,0,0,5,4,0,0,1,1,1,1,2,63,9,1248,1,6,KIA RIO,3,E01011853,0,-1
2020320144473,2020,320144473,2,9,0,18,19,7,3,0,0,1,0,0,0,0,3,1,6,6,2,21,5,1248,1,3,KIA RIO,7,E01026155,0,-1
202031B073920,2020,31B073920,2,9,0,18,19,4,8,0,0,8,0,0,0,0,1,1,2,2,1,49,8,1343,1,19,KIA RIO,3,E01028310,0,-1
2020160985997,2020,160985997,1,9,0,5,5,8,4,0,0,6,0,0,0,0,3,1,6,6,1,87,11,1396,1,7,KIA RIO,8,E01013033,0,-1
2020440185891,2020,440185891,2,9,0,18,19,5,2,0,0,0,0,0,0,0,2,1,6,6,2,32,6,1248,1,1,KIA RIO,10,E01022647,0,-1
2020520003871,2020,520003871,2,9,0,18,19,1,5,0,0,8,0,0,1,9,4,1,6,6,2,54,8,1396,2,4,KIA RIO,5,E01014372,0,-1
2020530915287,2020,530915287,2,9,0,18,19,5,1,0,0,1,0,0,0,0,2,1,1,1,1,32,6,998,1,2,KIA RIO,10,E01022433,0,-1
2020460932555,2020,460932555,1,9,0,15,15,8,4,0,0,1,0,0,0,0,1,1,6,6,2,28,6,1248,1,7,KIA RIO,6,E01023977,0,-1
2020010245181,2020,010245181,2,9,0,18,19,3,7,0,0,1,0,0,0,0,1,1,6,6,1,56,9,1396,2,8,KIA RIO,6,E01001270,0,-1
2020990964561,2020,990964561,1,9,0,5,5,6,4,0,0,8,0,0,3,1,4,1,6,6,1,26,6,1493,2,12,KIA RIO,1,-1,0,-1
2020340E08472,2020,340E08472,1,9,0,12,12,8,4,0,0,0,0,0,0,0,3,1,6,6,1,34,6,1396,2,7,KIA RIO,3,E01027065,0,-1
2020220934658,2020,220934658,1,9,0,9,9,1,7,0,0,6,0,0,0,0,3,1,5,6,1,52,8,1399,1,10,KIA RIO,1,E01013995,0,-1
2020110937603,2020,110937603,1,9,0,18,19,3,7,0,0,8,0,0,0,0,1,1,5,6,1,74,10,1399,1,13,KIA RIO,4,E01012356,0,-1
2020470958086,2020,470958086,1,9,0,16,19,4,7,5,5,0,0,0,1,0,1,1,5,6,1,21,5,1343,1,17,KIA RIO,6,E01031464,0,-1
2020470991264,2020,470991264,2,9,0,4,4,2,6,0,0,0,0,0,0,0,2,2,6,6,1,42,7,1396,2,8,KIA RIO,4,E01031547,0,-1
2020030919663,2020,030919663,1,9,0,18,19,1,5,0,0,1,0,0,0,0,1,1,6,6,1,46,8,1248,1,6,KIA RIO,6,E01019346,0,-1
2020430035557,2020,430035557,2,9,0,18,19,6,2,0,0,1,0,0,1,1,1,1,6,6,2,41,7,1399,1,11,KIA RIO,6,E01016753,0,-1
2020451010234,2020,451010234,6,9,0,18,19,5,1,0,0,0,0,0,0,0,0,1,5,6,2,29,6,1396,1,6,KIA RIO,6,E01030653,0,-1
2020010252884,2020,010252884,1,9,0,4,4,1,5,0,0,0,0,0,0,0,2,1,2,2,2,57,9,1396,1,4,KIA RIO,10,E01021751,0,-1
2020010286724,2020,010286724,1,9,0,2,2,0,0,0,0,1,0,0,0,0,0,1,6,6,3,-1,-1,1248,1,6,KIA RIO,-1,-1,0,-1
2020552001007,2020,552001007,1,9,0,4,4,3,7,0,0,0,0,0,0,0,1,1,6,6,1,52,8,1399,1,13,KIA RIO,7,E01032661,0,-1
2020010279361,2020,010279361,2,9,0,4,4,1,5,0,0,1,0,0,0,0,2,1,6,6,2,40,7,1396,1,7,KIA RIO,2,E01002811,0,-1
202006L271222,2020,06L271222,1,9,0,18,19,5,1,0,0,0,0,0,0,0,4,1,6,6,2,27,6,1396,1,7,KIA RIO,1,E01006248,0,-1
2020990963684,2020,990963684,1,9,0,4,4,5,1,0,0,1,0,0,0,0,4,1,6,6,2,40,7,1248,1,5,KIA RIO,-1,-1,0,-1
202006XF75305,2020,06XF75305,2,9,0,18,19,3,7,0,0,0,0,0,1,0,3,1,2,2,2,32,6,1248,1,7,KIA RIO,8,E01004783,0,-1
2020990923770,2020,990923770,2,9,0,7,7,2,4,0,0,6,0,0,7,0,3,1,6,6,1,76,11,1248,1,5,KIA RIO,5,-1,0,-1
2020010244652,2020,010244652,1,9,0,3,3,1,5,0,0,0,0,0,0,0,2,1,6,6,1,60,9,1248,1,2,KIA RIO,3,E01002772,0,-1
202006F167570,2020,06F167570,1,9,0,18,19,2,6,0,0,1,0,0,0,0,1,1,6,6,3,-1,-1,1396,2,6,KIA RIO,-1,-1,0,-1
2020990923447,2020,990923447,2,9,0,5,5,5,1,0,0,1,0,0,0,0,2,1,5,6,1,33,6,1120,2,7,KIA RIO,8,-1,0,-1
20201373A1311,2020,1373A1311,1,9,0,18,19,6,2,0,0,4,0,0,0,0,0,1,6,6,2,67,10,1248,1,3,KIA RIO,5,E01011819,0,-1
202063A020820,2020,63A020820,1,9,0,4,4,4,8,0,0,0,0,0,0,0,2,1,6,6,2,34,6,1396,1,5,KIA RIO,3,W01000654,0,-1
2020545912020,2020,545912020,1,9,0,5,5,7,5,0,0,1,0,0,0,0,3,1,6,6,2,25,5,1120,2,8,KIA RIO,7,E01015583,0,-1
2020302001466,2020,302001466,1,9,0,15,15,8,2,0,0,0,0,0,0,0,1,1,6,6,1,78,11,1396,1,7,KIA RIO,7,E01019718,0,-1
2020552000574,2020,552000574,2,9,0,18,19,2,6,0,0,8,0,0,1,11,3,1,6,6,2,71,10,1396,2,4,KIA RIO,6,E01020456,0,-1
202063B059320,2020,63B059320,1,9,0,9,9,8,6,0,0,5,0,0,7,10,1,1,2,2,1,30,6,1248,1,7,KIA RIO,4,W01000646,0,-1
2020122000908,2020,122000908,1,9,0,18,19,1,5,0,0,0,1,0,0,0,1,1,1,1,2,23,5,1120,2,8,KIA RIO,5,E01020641,0,-1
202031B051420,2020,31B051420,1,9,0,18,19,8,4,0,0,0,0,0,0,0,4,1,6,6,2,41,7,1248,1,8,KIA RIO,7,E01028287,0,-1
2020040928756,2020,040928756,1,9,0,18,19,7,3,0,0,0,0,0,4,0,1,1,5,6,1,34,6,1399,1,12,KIA RIO,2,E01012608,0,-1
2020520101404,2020,520101404,1,9,0,18,19,1,5,0,0,0,0,0,0,0,1,1,6,6,1,68,10,1396,2,5,KIA RIO,2,E01015239,0,-1
202006L175221,2020,06L175221,1,9,0,7,7,2,4,0,0,1,0,0,0,0,1,1,2,2,1,40,7,1248,1,0,KIA RIO,8,E01006230,0,-1
2020302000256,2020,302000256,2,9,0,18,19,2,8,0,0,8,0,0,0,0,4,1,6,6,2,51,8,1248,1,7,KIA RIO,2,E01019699,0,-1
2020400922845,2020,400922845,1,9,0,5,5,1,7,0,0,0,0,0,1,4,2,1,5,6,2,63,9,1396,2,2,KIA RIO,9,E01017559,0,-1
2020101000652,2020,101000652,2,9,0,7,7,7,3,0,0,3,0,0,3,0,1,1,6,6,1,24,5,1493,2,13,KIA RIO,1,E01008573,0,-1
202006F175043,2020,06F175043,2,9,0,18,19,6,2,0,0,1,0,0,0,0,1,1,6,6,2,57,9,1493,2,13,KIA RIO,6,E01005711,0,-1
2020210967907,2020,210967907,1,9,0,9,9,1,5,0,0,1,0,0,0,0,4,1,6,6,1,47,8,1396,1,8,KIA RIO,2,E01029450,0,-1
2020420925381,2020,420925381,1,9,0,4,4,5,1,0,0,1,0,0,0,0,1,1,2,2,1,25,5,1493,2,15,KIA RIO,4,E01021651,0,-1
2020430298935,2020,430298935,2,9,0,2,2,0,0,0,0,0,0,0,0,0,2,1,6,6,3,-1,-1,1399,1,9,KIA RIO,-1,-1,0,-1
2020137461266,2020,137461266,2,9,0,2,2,0,0,0,0,0,0,0,0,0,2,1,6,6,3,-1,-1,1396,1,7,KIA RIO,3,E01010762,0,-1
2020010256606,2020,010256606,1,9,0,99,99,9,9,99,99,9,9,99,9,99,2,9,6,6,1,37,7,1396,1,8,KIA RIO,2,E01028518,0,-1
2020040921584,2020,040921584,2,9,0,18,19,1,5,0,0,8,0,0,0,0,1,1,5,6,1,25,5,1493,2,14,KIA RIO,8,E01025301,0,-1
2020140982589,2020,140982589,1,9,0,18,19,8,4,0,0,1,0,0,0,0,1,1,6,6,2,31,6,1396,1,7,KIA RIO,1,E01008157,0,-1
2020460990068,2020,460990068,1,9,0,18,19,5,1,0,0,1,1,0,0,0,4,1,6,6,2,40,7,1248,1,7,KIA RIO,6,E01024040,0,-1
202006F169148,2020,06F169148,1,9,0,5,5,7,3,0,0,1,0,0,0,0,1,1,6,6,1,19,4,1120,2,5,KIA RIO,8,E01006287,0,-1
2020052000449,2020,052000449,2,9,0,18,19,7,3,0,0,0,0,0,1,0,1,1,6,6,2,25,5,1248,1,7,KIA RIO,2,E01006924,0,-1
2020501015861,2020,501015861,1,9,0,18,19,1,5,0,0,0,0,0,1,11,4,1,5,6,1,30,6,1399,1,9,KIA RIO,6,E01019917,0,-1
2020010256441,2020,010256441,2,9,0,99,99,9,9,99,99,9,9,99,9,99,9,9,6,6,3,-1,-1,1396,2,7,KIA RIO,6,E01000220,0,-1
2020460951053,2020,460951053,1,9,0,5,5,4,4,0,0,1,0,0,0,0,1,1,1,1,1,63,9,1248,1,5,KIA RIO,8,E01024650,0,-1
2020460998018,2020,460998018,2,9,0,4,4,4,8,0,0,0,0,0,0,0,2,1,2,2,2,27,6,1248,1,4,KIA RIO,7,E01016089,0,-1
2020400945956,2020,400945956,1,9,0,16,19,5,1,0,0,0,0,0,0,0,1,1,2,2,1,58,9,1396,1,7,KIA RIO,3,E01015757,0,-1
2020030947509,2020,030947509,1,9,0,18,19,1,5,0,0,0,0,0,0,0,1,1,5,6,1,70,10,1399,1,9,KIA RIO,2,E01019284,0,-1
202031A134120,2020,31A134120,1,9,0,2,2,0,0,0,0,0,0,0,1,1,1,1,6,6,2,66,10,1120,2,6,KIA RIO,9,E01028241,0,-1
2020010287589,2020,010287589,1,9,0,18,19,3,7,0,0,1,1,0,0,0,2,9,6,6,2,46,8,1399,1,12,KIA RIO,3,E01000441,0,-1
2020010259884,2020,010259884,1,9,0,18,19,3,7,0,0,1,0,0,0,0,4,1,6,6,1,31,6,1343,1,15,KIA RIO,1,E01033628,0,-1
2020211005454,2020,211005454,2,9,0,9,9,5,3,0,0,6,0,0,0,0,3,1,6,6,1,72,10,1248,1,4,KIA RIO,6,E01029841,0,-1
2020370982895,2020,370982895,2,9,0,18,19,-1,-1,0,0,0,0,0,0,0,3,1,5,6,1,63,9,1248,1,2,KIA RIO,4,E01030263,0,-1
20201372T1637,2020,1372T1637,1,9,0,18,19,1,7,0,0,8,0,0,0,0,1,1,6,6,3,-1,-1,1396,2,7,KIA RIO,-1,-1,0,-1
2020610014220,2020,610014220,1,9,0,18,19,1,5,0,0,0,0,0,0,0,1,1,6,6,1,83,11,1248,1,7,KIA RIO,6,W01001344,0,-1
2020140918565,2020,140918565,1,9,0,18,19,4,8,9,9,0,0,0,1,11,1,1,5,6,2,69,10,1493,2,10,KIA RIO,3,E01007437,0,-1
2020400943337,2020,400943337,2,9,0,18,19,1,5,0,0,0,0,0,0,0,1,1,5,6,2,19,4,1248,1,7,KIA RIO,10,E01017399,0,-1
2020460944930,2020,460944930,2,9,0,18,19,7,3,0,0,0,0,0,0,0,2,1,2,2,2,64,9,1399,1,9,KIA RIO,5,E01016165,0,-1
2020010239389,2020,010239389,1,9,0,5,5,0,2,0,0,0,0,0,0,0,0,1,6,6,1,35,6,1396,1,9,KIA RIO,2,E01033486,0,-1
2020122000748,2020,122000748,1,9,0,4,4,1,5,0,0,0,0,0,0,0,2,1,6,6,2,22,5,1248,1,6,KIA RIO,6,E01013398,0,-1
202006L169588,2020,06L169588,1,9,0,18,19,1,5,0,0,1,0,0,0,0,1,1,6,6,2,30,6,1248,1,5,KIA RIO,8,E01006229,0,-1
2020200997836,2020,200997836,1,9,0,18,19,8,4,0,0,6,0,10,3,10,1,1,6,6,2,42,7,1396,2,5,KIA RIO,8,E01010357,0,-1
2020040921216,2020,040921216,1,9,0,18,19,1,5,0,0,0,0,0,0,0,1,1,6,6,1,76,11,1399,1,12,KIA RIO,4,E01024927,0,-1
2020302000743,2020,302000743,1,9,0,18,19,8,6,0,0,0,0,0,0,0,1,1,6,6,1,67,10,1248,1,6,KIA RIO,2,E01019510,0,-1
2020351007128,2020,351007128,1,9,0,7,7,6,8,0,0,6,0,11,0,0,3,1,2,2,1,33,6,1248,1,2,KIA RIO,2,E01015634,0,-1
2020622000115,2020,622000115,1,9,0,18,19,4,8,0,0,0,0,0,0,0,1,1,2,2,1,33,6,1493,2,9,KIA RIO,3,W01001154,0,-1
2020030961511,2020,030961511,1,9,0,18,19,5,1,0,0,0,0,0,7,1,1,1,5,6,1,84,11,1399,1,10,KIA RIO,6,E01019346,0,-1
2020990919310,2020,990919310,1,9,0,18,19,4,8,0,0,4,0,0,0,0,1,1,5,6,2,36,7,1248,1,7,KIA RIO,2,-1,0,-1
2020460959387,2020,460959387,2,9,0,2,2,0,0,0,0,0,0,4,8,4,2,1,6,6,2,48,8,1248,1,4,KIA RIO,6,E01016125,0,-1
2020430046218,2020,430046218,2,9,0,18,19,3,7,0,0,4,0,0,0,0,4,1,6,6,2,-1,-1,1343,1,15,KIA RIO,5,E01016419,0,-1
2020220937365,2020,220937365,3,9,0,2,2,0,0,0,0,0,0,4,1,0,1,1,5,6,1,29,6,1248,1,6,KIA RIO,3,E01032321,0,-1
2020500938466,2020,500938466,1,9,0,4,4,8,4,0,0,0,0,0,0,0,1,1,6,6,2,46,8,1396,2,3,KIA RIO,7,E01019045,0,-1
2020040970911,2020,040970911,2,9,0,18,19,7,3,0,0,1,0,0,0,0,1,1,5,6,2,19,4,1248,1,6,KIA RIO,7,E01007265,0,-1
2020552000613,2020,552000613,4,9,0,7,7,6,8,0,0,6,0,0,0,0,1,1,6,6,2,55,8,1493,2,14,KIA RIO,6,E01020433,0,-1
2020470952184,2020,470952184,1,9,0,5,5,4,8,0,0,1,0,0,0,0,1,1,1,1,1,25,5,1248,1,6,KIA RIO,5,E01031515,0,-1
2020990965138,2020,990965138,2,9,0,3,3,8,4,0,0,0,0,0,0,0,2,1,6,6,2,40,7,1396,2,8,KIA RIO,4,-1,0,-1
2020500929716,2020,500929716,2,4,0,9,9,1,3,0,0,1,0,0,7,0,3,1,5,6,1,22,5,249,1,1,-1,6,E01018764,0,-1
2020460964359,2020,460964359,1,4,0,18,19,8,4,0,0,0,1,0,0,0,1,1,6,6,1,37,7,249,1,14,-1,10,E01024441,0,-1
2020302000659,2020,302000659,1,3,0,18,19,2,6,0,0,0,0,0,0,0,0,1,6,6,1,26,6,125,1,13,-1,1,E01019488,0,-1
2020100945535,2020,100945535,2,3,0,18,19,2,6,0,0,0,0,0,0,0,1,1,6,6,1,26,6,125,1,0,-1,2,E01008813,0,-1
2020200998203,2020,200998203,1,4,0,18,19,8,4,0,0,0,0,0,0,0,1,1,6,6,1,21,5,249,1,12,-1,1,E01010076,0,-1
2020221005505,2020,221005505,3,9,0,18,19,7,3,0,0,1,0,0,0,0,1,1,5,6,1,23,5,2402,2,11,LAND ROVER DEFENDER,3,E01014010,0,-1
2020500992416,2020,500992416,2,9,0,18,19,3,7,0,0,8,0,0,0,0,1,1,6,6,2,21,5,2495,2,29,LAND ROVER DEFENDER,4,E01019073,0,-1
2020470998627,2020,470998627,4,9,0,4,4,3,6,0,0,0,0,0,0,0,1,1,2,2,1,29,6,2495,2,26,LAND ROVER DEFENDER,9,E01023246,0,-1
2020501001504,2020,501001504,1,9,0,9,9,1,5,0,0,8,0,0,0,0,1,1,1,1,1,68,10,2495,2,14,LAND ROVER DEFENDER,5,E01019060,0,-1
202054A891120,2020,54A891120,2,9,0,18,19,4,8,0,0,0,0,0,0,0,1,1,6,6,1,63,9,2495,2,22,LAND ROVER DEFENDER,7,E01031866,0,-1
2020540500520,2020,540500520,2,9,0,9,9,5,3,0,0,8,0,0,0,0,4,2,2,2,1,21,5,2495,2,24,LAND ROVER DEFENDER,10,E01032018,0,-1
2020470980392,2020,470980392,2,9,0,6,6,5,5,0,0,8,2,0,0,0,3,1,5,6,1,26,6,2198,2,5,LAND ROVER DEFENDER,6,E01031658,0,-1
2020140947200,2020,140947200,2,9,0,18,19,6,2,0,0,1,0,11,0,0,1,1,5,6,1,58,9,1999,2,0,LAND ROVER DEFENDER,9,E01007926,0,-1
2020122000287,2020,122000287,1,9,0,18,19,1,5,0,0,0,0,0,1,11,1,1,6,6,1,51,8,2402,2,11,LAND ROVER DEFENDER,6,E01027764,0,-1
2020500977325,2020,500977325,1,9,0,18,19,1,5,0,0,0,0,0,0,0,3,1,5,6,1,29,6,2495,2,14,LAND ROVER DEFENDER,3,E01018953,0,-1
2020350919673,2020,350919673,2,9,0,18,19,1,5,0,0,2,0,0,0,0,4,1,5,6,2,36,7,2198,2,7,LAND ROVER DEFENDER,3,E01015677,0,-1
2020122000475,2020,122000475,1,9,0,18,19,5,1,0,0,6,0,0,0,0,1,1,6,6,1,69,10,2198,2,5,LAND ROVER DEFENDER,8,E01013055,0,-1
2020470988686,2020,470988686,4,9,0,4,4,1,5,0,0,0,0,0,0,0,1,1,5,6,1,71,10,2495,2,14,LAND ROVER DEFENDER,6,E01021099,0,-1