collision_index,collision_year,collision_ref_no,vehicle_reference,vehicle_type,towing_and_articulation,vehicle_manoeuvre_historic,vehicle_manoeuvre,vehicle_direction_from,vehicle_direction_to,vehicle_location_restricted_lane_historic,vehicle_location_restricted_lane,junction_location,skidding_and_overturning,hit_object_in_carriageway,vehicle_leaving_carriageway,hit_object_off_carriageway,first_point_of_impact,vehicle_left_hand_drive,journey_purpose_of_driver_historic,journey_purpose_of_driver,sex_of_driver,age_of_driver,age_band_of_driver,engine_capacity_cc,propulsion_code,age_of_vehicle,generic_make_model,driver_imd_decile,lsoa_of_driver,escooter_flag,driver_distance_banding
2020460980846,2020,460980846,1,9,0,18,19,6,2,0,0,1,0,0,0,0,1,1,6,6,2,49,8,2198,2,7,LAND ROVER DEFENDER,8,E01024113,0,-1
2020220951405,2020,220951405,1,9,4,9,9,2,8,0,0,5,0,0,0,0,3,1,1,1,1,61,9,2495,2,25,LAND ROVER DEFENDER,3,E01028880,0,-1
2020552000083,2020,552000083,3,9,0,2,2,0,0,0,0,0,0,0,0,0,2,1,6,6,3,-1,-1,2495,2,26,LAND ROVER DEFENDER,-1,-1,0,-1
2020460977686,2020,460977686,1,9,0,5,5,5,1,0,0,0,0,0,0,0,1,1,6,6,2,-1,-1,2198,2,6,LAND ROVER DEFENDER,-1,-1,0,-1
2020450944172,2020,450944172,2,9,0,4,4,3,5,0,0,1,0,0,0,0,4,1,1,1,1,37,7,2198,2,6,LAND ROVER DEFENDER,8,E01016711,0,-1
2020302000899,2020,302000899,3,9,0,18,19,4,8,0,0,8,0,0,0,0,1,1,6,6,1,19,4,2495,2,18,LAND ROVER DEFENDER,7,E01025851,0,-1
2020990983200,2020,990983200,1,9,0,7,7,3,5,0,0,8,0,0,0,0,4,1,1,1,1,45,7,2495,2,15,LAND ROVER DEFENDER,5,-1,0,-1
2020990915347,2020,990915347,2,9,0,2,2,0,0,7,6,0,0,0,0,0,2,1,6,6,1,41,7,2495,2,26,LAND ROVER DEFENDER,6,-1,0,-1
2020421007267,2020,421007267,2,9,0,18,19,1,5,0,0,8,0,0,4,0,3,1,5,6,1,62,9,2500,2,26,LAND ROVER DEFENDER,6,E01026877,0,-1
2020500992966,2020,500992966,1,9,0,18,19,2,6,0,0,0,0,0,0,0,1,1,2,2,1,30,6,2495,2,19,LAND ROVER DEFENDER,6,E01018845,0,-1
20201376U0307,2020,1376U0307,2,9,4,18,19,3,7,0,0,1,0,0,0,0,2,1,1,1,1,29,6,2402,2,11,LAND ROVER DEFENDER,-1,-1,0,-1
2020460939287,2020,460939287,1,9,0,18,19,1,5,0,0,0,1,0,0,0,2,1,1,1,1,51,8,2402,2,11,LAND ROVER DEFENDER,3,E01016173,0,-1
20201379N1111,2020,1379N1111,1,9,0,18,19,6,2,0,0,1,0,0,0,0,1,1,2,2,1,59,9,2402,2,10,LAND ROVER DEFENDER,7,E01011719,0,-1
2020990994647,2020,990994647,2,9,0,18,19,6,2,0,0,0,0,0,0,0,1,1,5,6,1,53,8,2500,2,21,LAND ROVER DEFENDER,7,-1,0,-1
2020101001962,2020,101001962,1,9,0,18,19,5,1,0,0,0,1,0,0,0,1,1,5,6,1,59,9,2495,2,19,LAND ROVER DEFENDER,4,E01027380,0,-1
2020522002504,2020,522002504,1,9,0,18,19,6,2,0,0,0,0,0,0,0,1,1,6,6,1,49,8,2402,2,12,LAND ROVER DEFENDER,9,E01014943,0,-1
2020220969847,2020,220969847,1,9,4,16,19,6,1,0,0,0,4,0,1,0,1,1,1,1,1,55,8,2495,2,18,LAND ROVER DEFENDER,3,E01029782,0,-1
2020991015016,2020,991015016,1,9,0,18,19,1,5,0,0,0,5,0,1,10,4,1,6,6,1,19,4,2500,2,21,LAND ROVER DEFENDER,7,-1,0,-1
2020522100785,2020,522100785,2,9,0,18,19,2,6,0,0,8,5,0,0,0,3,1,6,6,1,51,8,2495,2,17,LAND ROVER DEFENDER,-1,-1,0,-1
2020137310538,2020,137310538,2,9,4,9,9,8,6,0,0,0,0,0,0,0,2,1,6,6,1,69,10,2402,2,9,LAND ROVER DEFENDER,7,E01011767,0,-1
2020471003646,2020,471003646,1,9,0,4,4,3,7,0,0,1,0,0,0,0,1,1,5,6,1,55,8,2402,2,13,LAND ROVER DEFENDER,8,E01021077,0,-1
2020370979065,2020,370979065,2,9,0,4,4,1,5,0,0,1,0,0,0,0,2,1,1,1,1,24,5,2495,2,25,LAND ROVER DEFENDER,8,E01022052,0,-1
2020450978223,2020,450978223,1,9,0,18,19,6,2,0,0,0,0,0,0,0,2,1,2,2,1,56,9,2495,2,15,LAND ROVER DEFENDER,10,E01024850,0,-1
2020470986475,2020,470986475,1,9,4,16,19,5,8,0,0,0,5,0,0,0,1,1,2,2,1,68,10,2402,2,12,LAND ROVER DEFENDER,10,E01031627,0,-1
202063C004820,2020,63C004820,1,9,4,17,19,8,5,0,0,0,0,0,0,0,1,1,6,6,2,54,8,2495,2,25,LAND ROVER DEFENDER,6,W01000582,0,-1
2020302000371,2020,302000371,2,9,0,18,19,4,8,0,0,1,0,0,0,0,1,1,6,6,1,54,8,2198,2,7,LAND ROVER DEFENDER,8,E01019616,0,-1
2020140947827,2020,140947827,1,9,0,9,9,1,3,0,0,2,0,0,0,0,3,1,5,6,1,60,9,2402,2,9,LAND ROVER DEFENDER,10,E01007939,0,-1
2020470988567,2020,470988567,1,9,0,9,9,6,3,0,0,6,0,0,0,0,1,1,2,2,1,64,9,2495,2,23,LAND ROVER DEFENDER,6,E01031529,0,-1
2020040921320,2020,040921320,1,9,0,9,9,7,5,0,0,2,0,0,1,4,2,1,5,6,1,22,5,2495,2,13,LAND ROVER DEFENDER,-1,-1,0,-1
2020622001113,2020,622001113,2,9,0,18,19,6,2,0,0,1,0,0,0,0,4,1,6,6,1,35,6,2495,2,26,LAND ROVER DEFENDER,3,W01000965,0,-1
2020430260149,2020,430260149,2,9,0,18,19,6,3,0,0,0,0,0,0,0,1,1,1,1,1,37,7,2198,2,5,LAND ROVER DEFENDER,7,E01028756,0,-1
2020440170969,2020,440170969,1,9,0,9,9,1,5,0,0,8,0,0,0,0,3,1,6,6,1,71,10,2495,2,19,LAND ROVER DEFENDER,8,E01022591,0,-1
2020040983478,2020,040983478,2,9,0,17,19,7,3,0,0,1,0,0,0,0,1,1,5,6,1,49,8,2495,2,19,LAND ROVER DEFENDER,6,E01025026,0,-1
2020501008149,2020,501008149,1,9,0,18,19,7,3,0,0,0,1,0,0,0,1,1,2,2,1,58,9,2495,2,18,LAND ROVER DEFENDER,6,E01018764,0,-1
2020460931722,2020,460931722,1,9,0,18,19,4,8,0,0,0,0,0,0,0,1,1,6,6,1,-1,-1,2402,2,11,LAND ROVER DEFENDER,8,E01024744,0,-1
2020040988217,2020,040988217,3,9,0,18,19,1,5,0,0,0,0,0,0,0,2,1,6,6,1,49,8,2402,2,9,LAND ROVER DEFENDER,6,E01001917,0,-1
2020010235953,2020,010235953,1,9,0,9,9,3,1,0,0,5,0,0,0,0,1,1,6,6,1,28,6,2495,2,21,LAND ROVER DEFENDER,5,E01004178,0,-1
2020990959142,2020,990959142,1,9,0,16,19,3,6,0,0,0,1,0,0,0,1,1,5,6,1,45,7,2402,2,10,LAND ROVER DEFENDER,7,-1,0,-1
2020501015312,2020,501015312,2,9,0,18,19,4,8,0,0,1,0,0,0,0,1,1,5,6,1,64,9,2495,2,20,LAND ROVER DEFENDER,6,E01020083,0,-1
2020040923879,2020,040923879,2,9,0,17,19,3,7,0,0,0,0,0,7,10,1,1,5,6,2,20,4,2495,2,17,LAND ROVER DEFENDER,7,E01025279,0,-1
2020470924458,2020,470924458,1,9,0,17,19,4,1,0,0,0,5,0,0,0,4,1,1,1,1,41,7,2495,2,17,LAND ROVER DEFENDER,9,E01031393,0,-1
2020420957551,2020,420957551,2,9,0,18,19,2,6,0,0,0,0,0,0,0,2,1,1,1,1,46,8,2495,2,25,LAND ROVER DEFENDER,7,E01022020,0,-1
2020040946659,2020,040946659,2,9,0,17,19,2,6,0,0,1,0,0,0,0,1,1,5,6,1,62,9,2198,2,8,LAND ROVER DEFENDER,5,E01025320,0,-1
2020500963951,2020,500963951,1,9,0,8,8,5,1,0,0,1,0,0,0,0,4,1,6,6,1,27,6,2402,2,9,LAND ROVER DEFENDER,5,E01015191,0,-1
2020122001201,2020,122001201,1,9,0,18,19,3,7,0,0,0,0,0,0,0,2,1,6,6,1,52,8,2198,2,5,LAND ROVER DEFENDER,9,E01013351,0,-1
2020470930060,2020,470930060,1,9,0,5,5,1,7,0,0,0,0,0,0,0,1,1,5,6,1,38,7,2500,2,21,LAND ROVER DEFENDER,6,E01031440,0,-1
2020351007244,2020,351007244,1,9,0,17,19,8,5,0,0,0,5,0,0,0,3,1,2,2,1,28,6,2495,2,16,LAND ROVER DEFENDER,6,E01018111,0,-1
2020220984429,2020,220984429,1,9,0,16,19,4,8,0,0,0,2,0,2,11,4,1,5,6,1,19,4,2495,2,17,LAND ROVER DEFENDER,10,E01032356,0,-1
2020070668091,2020,070668091,2,9,0,18,19,4,8,0,0,1,0,0,0,0,1,1,6,6,1,53,8,2402,2,13,LAND ROVER DEFENDER,9,E01012516,0,-1
2020070244976,2020,070244976,2,9,0,18,19,1,5,0,0,1,0,0,0,0,3,1,6,6,1,17,4,2402,2,10,LAND ROVER DEFENDER,7,E01018336,0,-1
2020340E04452,2020,340E04452,2,9,0,17,19,1,5,0,0,4,0,0,0,0,4,1,2,2,2,41,7,2495,2,30,LAND ROVER DEFENDER,8,E01027070,0,-1
2020470941493,2020,470941493,3,9,0,3,3,2,6,0,0,1,0,0,0,0,1,1,1,1,1,18,4,2495,2,22,LAND ROVER DEFENDER,10,E01031517,0,-1
2020211001598,2020,211001598,2,9,0,18,19,8,4,0,0,1,0,0,0,0,2,1,1,1,1,30,6,2198,2,7,LAND ROVER DEFENDER,4,E01029367,0,-1
2020470988686,2020,470988686,3,9,0,18,19,1,5,0,0,0,0,0,0,0,2,1,5,6,1,62,9,2495,2,30,LAND ROVER DEFENDER,3,E01021003,0,-1
2020010238050,2020,010238050,1,9,0,99,99,9,9,99,99,9,9,99,9,99,9,9,6,6,2,49,8,2402,2,10,LAND ROVER DEFENDER,9,E01003857,0,-1
2020460921435,2020,460921435,1,9,0,9,9,7,5,0,0,0,0,0,0,0,4,1,6,6,1,71,10,2495,2,25,LAND ROVER DEFENDER,6,E01023985,0,-1
2020320256611,2020,320256611,2,9,0,3,3,4,8,0,0,1,0,0,0,0,2,1,2,2,2,50,8,2495,2,23,LAND ROVER DEFENDER,5,E01026232,0,-1
2020420973087,2020,420973087,2,9,0,18,19,5,1,0,0,1,0,0,0,0,4,1,5,6,1,67,10,2495,2,24,LAND ROVER DEFENDER,7,E01021413,0,-1
2020360971635,2020,360971635,1,9,0,18,19,6,2,0,0,0,0,0,0,0,3,1,5,6,1,49,8,2495,2,16,LAND ROVER DEFENDER,4,E01026728,0,-1
2020052000363,2020,052000363,1,9,4,18,19,3,7,0,0,8,0,0,0,0,0,1,1,1,1,61,9,2198,2,8,LAND ROVER DEFENDER,5,E01020530,0,-1
2020421001953,2020,421001953,3,9,0,2,2,0,0,9,9,0,0,0,0,0,2,1,6,6,3,-1,-1,2495,2,-1,LAND ROVER DEFENDER,-1,-1,0,-1
2020450950206,2020,450950206,1,9,0,18,19,5,1,0,0,0,0,0,0,0,4,1,6,6,1,25,5,2495,2,28,LAND ROVER DEFENDER,9,E01030909,0,-1
2020440001472,2020,440001472,3,9,0,18,19,5,1,0,0,0,1,0,0,0,1,1,6,6,1,55,8,2495,2,17,LAND ROVER DEFENDER,8,E01023282,0,-1
2020010250993,2020,010250993,3,9,0,18,19,3,7,0,0,0,0,0,0,0,1,1,6,6,1,45,7,2198,2,9,LAND ROVER DEFENDER,8,E01030534,0,-1
2020470934620,2020,470934620,2,9,0,18,19,7,3,0,0,0,0,0,7,4,4,1,2,2,1,29,6,2402,2,9,LAND ROVER DEFENDER,6,E01021113,0,-1
2020500987991,2020,500987991,1,9,0,18,19,1,5,0,0,1,0,0,0,0,1,1,6,6,1,35,6,2495,2,18,LAND ROVER DEFENDER,3,E01020155,0,-1
2020302001453,2020,302001453,2,9,4,18,19,2,6,0,0,1,0,0,0,0,1,1,6,6,1,44,7,2402,2,12,LAND ROVER DEFENDER,9,E01025913,0,-1
2020030927064,2020,030927064,1,9,0,18,19,1,5,0,0,1,2,0,1,11,1,1,5,6,1,26,6,2495,2,23,LAND ROVER DEFENDER,3,E01005605,0,-1
2020450967325,2020,450967325,1,9,0,18,19,5,1,0,0,0,0,0,7,4,3,1,6,6,1,54,8,2495,2,18,LAND ROVER DEFENDER,8,E01030622,0,-1
2020100991297,2020,100991297,1,9,0,18,19,4,8,0,0,0,0,0,0,0,1,1,6,6,1,-1,-1,2402,2,10,LAND ROVER DEFENDER,-1,-1,0,-1
2020010229685,2020,010229685,1,9,0,18,19,1,5,0,0,0,0,0,0,0,1,1,6,6,2,47,8,2402,2,11,LAND ROVER DEFENDER,3,E01001844,0,-1
2020610023720,2020,610023720,1,9,0,4,4,4,7,0,0,4,5,10,0,0,1,1,6,6,1,46,8,2198,2,8,LAND ROVER DEFENDER,6,E01029221,0,-1
2020544344020,2020,544344020,1,9,0,18,19,4,8,0,0,8,1,0,0,0,1,1,1,1,1,54,8,2495,2,26,LAND ROVER DEFENDER,-1,-1,0,-1
2020370993194,2020,370993194,2,9,0,18,19,3,7,0,0,1,0,0,0,0,3,1,6,6,1,48,8,2500,2,29,LAND ROVER DEFENDER,6,E01032523,0,-1
2020070752092,2020,070752092,1,9,0,18,19,5,1,0,0,0,1,0,0,0,1,1,6,6,2,50,8,2198,2,7,LAND ROVER DEFENDER,8,E01006087,0,-1
2020137AV0748,2020,137AV0748,2,9,0,17,19,5,3,0,0,6,0,0,0,0,3,1,6,6,1,31,6,2402,2,11,LAND ROVER DEFENDER,1,E01011371,0,-1
2020040976847,2020,040976847,2,9,0,18,19,5,1,0,0,1,0,0,0,0,2,1,5,6,2,27,6,2402,2,11,LAND ROVER DEFENDER,5,E01025331,0,-1
2020500983089,2020,500983089,2,9,0,18,19,7,3,0,0,0,0,0,0,0,1,1,5,6,1,43,7,2495,2,17,LAND ROVER DEFENDER,9,E01020090,0,-1
2020137CH1221,2020,137CH1221,2,9,0,2,2,3,7,0,0,0,0,0,0,0,2,1,6,6,1,45,7,2996,1,0,LAND ROVER DEFENDER,7,E01011942,0,-1
2020440351138,2020,440351138,1,9,0,18,19,2,6,0,0,8,0,0,0,0,4,1,6,6,1,-1,-1,2495,2,21,LAND ROVER DEFENDER,-1,-1,0,-1
2020552000890,2020,552000890,1,9,4,16,19,2,6,0,0,0,4,0,7,0,4,1,6,6,1,45,7,2402,2,9,LAND ROVER DEFENDER,5,E01020448,0,-1
2020990952186,2020,990952186,1,9,0,18,19,2,6,0,0,0,2,0,0,0,1,1,1,1,2,22,5,2402,2,9,LAND ROVER DEFENDER,9,-1,0,-1
2020522001441,2020,522001441,4,9,0,18,19,6,2,0,0,0,0,0,0,0,1,1,6,6,1,51,8,2402,2,10,LAND ROVER DEFENDER,6,E01014891,0,-1
2020220939607,2020,220939607,1,9,0,17,19,1,6,0,0,0,0,0,0,0,1,1,2,2,1,42,7,2495,2,19,LAND ROVER DEFENDER,9,E01028855,0,-1
202063A026020,2020,63A026020,1,9,0,7,7,6,8,0,0,5,0,0,0,0,4,1,6,6,1,48,8,2495,2,18,LAND ROVER DEFENDER,6,W01000709,0,-1
2020540679820,2020,540679820,1,9,0,17,19,6,4,0,0,0,0,0,1,11,4,1,6,6,2,45,7,2500,2,21,LAND ROVER DEFENDER,6,E01031990,0,-1
2020460923565,2020,460923565,2,9,0,18,19,6,2,0,0,0,2,0,0,0,4,1,2,2,2,31,6,2495,2,24,LAND ROVER DEFENDER,8,E01032812,0,-1
2020010246442,2020,010246442,2,9,0,3,3,6,2,0,0,1,0,0,0,0,1,1,6,6,1,52,8,2495,2,23,LAND ROVER DEFENDER,3,E01004756,0,-1
2020340N00272,2020,340N00272,1,9,0,4,4,1,5,0,0,1,0,0,0,0,1,1,6,6,1,22,5,2402,2,9,LAND ROVER DEFENDER,6,E01027030,0,-1
2020430300614,2020,430300614,1,9,0,18,19,2,6,0,0,0,1,0,0,0,1,1,6,6,1,54,8,2495,2,17,LAND ROVER DEFENDER,9,E01028730,0,-1
2020991004522,2020,991004522,2,9,0,18,19,7,3,0,0,1,0,0,0,0,1,1,5,6,1,55,8,2198,2,6,LAND ROVER DEFENDER,10,-1,0,-1
202031A077120,2020,31A077120,1,9,0,18,19,6,2,0,0,1,0,0,0,0,1,1,6,6,1,34,6,2495,2,15,LAND ROVER DEFENDER,4,E01019499,0,-1
2020052001461,2020,052001461,2,9,0,10,10,1,7,0,0,1,0,0,0,0,2,1,6,6,1,56,9,2495,2,20,LAND ROVER DEFENDER,10,E01007147,0,-1
2020010272929,2020,010272929,1,9,0,18,19,1,5,0,0,2,0,0,0,0,1,1,6,6,1,49,8,2198,2,7,LAND ROVER DEFENDER,4,E01000307,0,-1
2020440010738,2020,440010738,2,9,0,3,3,7,3,0,0,0,0,0,0,0,4,1,2,2,1,38,7,2495,2,26,LAND ROVER DEFENDER,4,E01017257,0,-1
2020030992421,2020,030992421,2,9,0,18,19,4,8,0,0,0,1,0,0,0,1,1,5,6,2,39,7,2402,2,13,LAND ROVER DEFENDER,5,E01019259,0,-1
2020440158424,2020,440158424,2,9,0,17,19,1,6,0,0,8,5,0,0,0,4,1,1,1,1,48,8,2495,2,17,LAND ROVER DEFENDER,9,E01022492,0,-1
2020231000842,2020,231000842,2,9,0,3,3,6,2,0,0,0,0,0,0,0,2,1,5,6,2,60,9,2198,2,5,LAND ROVER DEFENDER,6,E01031199,0,-1
2020470991892,2020,470991892,2,9,0,18,19,4,8,0,0,8,0,0,0,0,1,1,1,1,1,30,6,2495,2,18,LAND ROVER DEFENDER,4,E01021177,0,-1
2020548814120,2020,548814120,3,9,0,18,19,1,5,0,0,0,0,0,0,0,2,1,2,2,1,65,9,2198,2,6,LAND ROVER DEFENDER,7,E01031887,0,-1
2020450934142,2020,450934142,2,9,0,18,19,7,7,0,0,1,0,0,0,0,1,1,5,6,1,68,10,2402,2,13,LAND ROVER DEFENDER,10,E01022856,0,-1
2020030953715,2020,030953715,2,9,5,17,19,2,6,0,0,0,0,0,0,0,3,1,2,2,1,45,7,2198,2,5,LAND ROVER DEFENDER,6,E01019350,0,-1
2020400924498,2020,400924498,1,9,4,4,4,5,1,0,0,0,0,0,0,0,1,1,2,2,1,17,4,2495,2,14,LAND ROVER DEFENDER,3,E01017609,0,-1
2020460979177,2020,460979177,2,9,0,18,19,3,7,0,0,0,0,0,0,0,1,1,1,1,1,46,8,2198,2,6,LAND ROVER DEFENDER,3,E01024083,0,-1
2020220954697,2020,220954697,1,9,0,9,9,2,7,0,0,5,0,0,0,0,4,1,6,6,1,56,9,2996,1,0,LAND ROVER DEFENDER,6,E01032480,0,-1
20201376B0746,2020,1376B0746,1,9,0,18,19,1,5,0,0,0,2,0,0,0,4,1,1,1,2,31,6,2402,2,12,LAND ROVER DEFENDER,7,E01027762,0,-1
2020360977233,2020,360977233,2,9,0,17,19,7,4,0,0,0,0,0,0,0,1,1,6,6,1,53,8,2495,2,23,LAND ROVER DEFENDER,4,E01026733,0,-1
2020430270584,2020,430270584,2,9,0,10,10,6,4,0,0,8,0,0,7,0,2,1,6,6,1,38,7,2198,2,7,LAND ROVER DEFENDER,7,E01028795,0,-1
2020460997349,2020,460997349,1,9,0,18,19,7,3,0,0,0,0,0,0,0,3,1,6,6,1,49,8,2198,2,7,LAND ROVER DEFENDER,10,E01023741,0,-1
2020544159220,2020,544159220,1,9,0,18,19,8,4,0,0,0,0,0,8,10,1,1,6,6,1,53,8,2495,2,24,LAND ROVER DEFENDER,9,E01031995,0,-1
2020460971613,2020,460971613,4,9,0,18,19,1,5,0,0,0,0,0,0,0,1,1,1,1,1,64,9,2198,2,6,LAND ROVER DEFENDER,9,E01024175,0,-1
2020030982971,2020,030982971,1,9,0,16,19,8,4,0,0,0,2,0,7,11,1,1,2,2,1,22,5,2495,2,14,LAND ROVER DEFENDER,6,E01019376,0,-1
2020170L10080,2020,170L10080,2,9,0,18,19,8,4,0,0,8,0,0,0,0,1,1,6,6,2,57,9,2495,2,27,LAND ROVER DEFENDER,-1,-1,0,-1
2020101002692,2020,101002692,1,9,0,18,19,3,7,0,0,0,0,0,0,0,1,1,1,1,1,30,6,2402,2,13,LAND ROVER DEFENDER,6,E01008386,0,-1
2020500994926,2020,500994926,3,9,0,18,19,3,7,0,0,0,0,0,0,0,4,1,5,6,1,38,7,2495,2,20,LAND ROVER DEFENDER,7,E01020156,0,-1
2020040994754,2020,040994754,2,9,0,18,19,5,1,0,0,0,0,0,0,0,1,1,6,6,2,21,5,2495,2,15,LAND ROVER DEFENDER,-1,-1,0,-1
2020140963928,2020,140963928,3,9,0,18,19,3,6,0,0,0,0,0,0,0,2,1,6,6,3,-1,-1,2198,2,6,LAND ROVER DEFENDER,-1,-1,0,-1
2020420959257,2020,420959257,1,9,0,3,3,1,5,0,0,0,0,0,0,0,1,1,6,6,1,51,8,2495,2,22,LAND ROVER DEFENDER,8,E01023297,0,-1
2020470952450,2020,470952450,2,9,0,17,19,5,2,0,0,1,0,0,0,0,1,1,5,6,1,50,8,2495,2,26,LAND ROVER DEFENDER,6,E01021149,0,-1
2020500945053,2020,500945053,2,9,4,5,5,1,7,0,0,2,0,0,0,0,0,1,6,6,1,63,9,2495,2,16,LAND ROVER DEFENDER,5,E01020340,0,-1
2020460965193,2020,460965193,2,9,0,7,7,7,1,0,0,6,0,0,0,0,3,1,5,6,1,48,8,2402,2,11,LAND ROVER DEFENDER,4,E01023997,0,-1
2020552000949,2020,552000949,2,9,3,18,19,6,2,0,0,0,0,0,0,0,3,1,6,6,1,63,9,2402,2,9,LAND ROVER DEFENDER,6,E01015402,0,-1
2020010281055,2020,010281055,1,9,0,18,19,7,3,0,0,0,0,0,0,0,1,2,3,7,2,41,7,1997,1,0,LAND ROVER DEFENDER,10,E01003797,0,-1
2020200987457,2020,200987457,1,9,0,5,5,4,8,0,0,6,1,0,0,0,1,1,6,6,1,-1,-1,2495,2,15,LAND ROVER DEFENDER,-1,-1,0,-1
2020200958348,2020,200958348,2,9,0,3,3,2,6,0,0,1,0,0,0,0,2,1,6,6,2,35,6,1999,2,0,LAND ROVER DEFENDER,5,E01031088,0,-1
2020220999695,2020,220999695,2,9,0,18,19,4,8,0,0,0,1,0,0,0,3,1,5,6,1,35,6,2495,2,18,LAND ROVER DEFENDER,5,E01028996,0,-1
2020430166720,2020,430166720,1,9,0,18,19,4,8,0,0,8,5,0,7,11,1,1,6,6,1,54,8,2198,2,5,LAND ROVER DEFENDER,10,E01028662,0,-1
2020500968222,2020,500968222,2,9,0,18,19,7,2,0,0,8,0,0,0,0,1,1,5,6,1,82,11,2495,2,19,LAND ROVER DEFENDER,6,E01018753,0,-1
2020552100088,2020,552100088,1,9,0,9,9,3,2,0,0,5,0,0,0,0,2,1,6,6,1,21,5,2198,2,8,LAND ROVER DEFENDER,6,E01020466,0,-1
2020440218020,2020,440218020,1,9,4,18,19,8,4,0,0,0,4,0,0,0,4,1,1,1,1,49,8,2402,2,10,LAND ROVER DEFENDER,6,E01021046,0,-1
2020010282398,2020,010282398,1,3,0,18,19,3,7,0,0,8,0,0,0,0,2,1,2,2,1,39,7,125,1,0,LEXMOTO DIABLO 125,3,E01002306,0,-1
2020160921572,2020,160921572,2,3,0,13,13,1,5,0,0,0,0,0,0,0,4,1,6,6,1,36,7,125,1,4,LEXMOTO DIABLO 125,5,E01012916,0,-1
2020010262509,2020,010262509,2,3,0,14,14,3,7,0,0,8,0,0,0,0,1,1,6,6,2,22,5,125,1,0,LEXMOTO DIABLO 125,9,E01002451,0,-1
202031C031020,2020,31C031020,1,3,0,14,14,1,5,0,0,0,0,0,0,0,0,1,6,6,1,22,5,125,1,2,LEXMOTO DIABLO 125,-1,-1,0,-1
2020010271129,2020,010271129,1,3,0,99,99,9,9,99,99,9,9,99,9,99,9,1,6,6,1,20,4,125,1,3,LEXMOTO DIABLO 125,2,E01003966,0,-1
2020052002657,2020,052002657,2,4,0,18,19,6,2,0,0,1,1,10,1,0,0,1,2,2,1,35,6,125,1,1,-1,5,E01007312,0,-1
2020140927260,2020,140927260,2,2,0,11,11,5,1,0,0,0,0,0,0,0,2,1,5,6,1,20,4,125,1,4,-1,1,E01008065,0,-1
2020010241348,2020,010241348,2,3,0,18,19,7,3,0,0,8,0,0,0,0,1,1,6,6,1,40,7,125,1,5,LEXMOTO DIABLO 125,5,E01001524,0,-1
2020010273296,2020,010273296,2,3,0,14,14,1,5,0,0,0,0,0,0,0,4,1,2,2,2,33,6,125,1,4,LEXMOTO DIABLO 125,6,E01001590,0,-1
2020430248693,2020,430248693,1,3,0,18,19,5,1,0,0,0,0,0,0,0,1,1,6,6,1,30,6,125,1,5,LEXMOTO DIABLO 125,-1,-1,0,-1
2020010232275,2020,010232275,1,3,0,99,99,9,9,99,99,9,9,99,9,99,9,1,6,6,1,18,4,125,1,1,LEXMOTO DIABLO 125,4,E01004339,0,-1
2020010277437,2020,010277437,1,3,0,13,13,1,5,0,0,8,0,0,0,0,3,1,6,6,1,44,7,125,1,3,LEXMOTO DIABLO 125,5,E01004188,0,-1
2020410951995,2020,410951995,1,2,0,18,19,7,5,0,0,1,1,0,0,0,1,1,6,6,1,22,5,125,1,1,-1,5,E01023867,0,-1
2020501005082,2020,501005082,2,4,0,18,19,6,2,0,0,1,1,0,0,0,3,1,6,6,1,37,7,125,1,1,-1,5,E01020325,0,-1
2020302001096,2020,302001096,1,3,0,16,19,5,1,0,0,0,0,10,0,0,3,1,2,2,1,29,6,125,1,0,LEXMOTO DIABLO 125,2,E01019563,0,-1
2020052001480,2020,052001480,2,3,0,18,19,8,4,0,0,8,0,0,0,0,3,1,6,6,1,28,6,125,1,0,LEXMOTO DIABLO 125,1,E01007016,0,-1
2020010281635,2020,010281635,2,3,0,5,5,1,5,0,0,0,0,0,0,0,1,1,2,2,1,34,6,125,1,0,LEXMOTO DIABLO 125,9,E01000456,0,-1
2020440425533,2020,440425533,1,2,0,4,4,8,4,0,0,0,1,0,0,0,0,1,2,2,1,18,4,125,1,1,-1,5,E01022999,0,-1
2020010260520,2020,010260520,2,3,0,99,99,9,9,99,99,9,9,99,9,99,9,1,6,6,3,38,7,125,1,0,LEXMOTO DIABLO 125,3,E01002306,0,-1
2020500930360,2020,500930360,2,21,0,17,19,2,6,0,0,0,0,0,0,0,1,1,1,1,1,37,7,-1,2,21,-1,4,E01018895,0,-1
2020340N01892,2020,340N01892,1,19,0,5,5,7,5,0,0,8,0,0,0,0,1,1,1,1,1,49,8,-1,-1,-1,-1,9,E01027144,0,-1
2020421009093,2020,421009093,1,20,0,18,19,7,3,0,0,0,0,0,0,0,3,1,6,6,2,28,6,5888,2,22,-1,6,E01021464,0,-1