collision_index,collision_year,collision_ref_no,vehicle_reference,vehicle_type,towing_and_articulation,vehicle_manoeuvre_historic,vehicle_manoeuvre,vehicle_direction_from,vehicle_direction_to,vehicle_location_restricted_lane_historic,vehicle_location_restricted_lane,junction_location,skidding_and_overturning,hit_object_in_carriageway,vehicle_leaving_carriageway,hit_object_off_carriageway,first_point_of_impact,vehicle_left_hand_drive,journey_purpose_of_driver_historic,journey_purpose_of_driver,sex_of_driver,age_of_driver,age_band_of_driver,engine_capacity_cc,propulsion_code,age_of_vehicle,generic_make_model,driver_imd_decile,lsoa_of_driver,escooter_flag,driver_distance_banding
2020040987127,2020,040987127,1,9,0,18,19,5,1,0,0,1,0,0,0,0,1,1,5,6,1,57,9,-1,-1,-1,-1,2,E01012709,0,-1
2020400977820,2020,400977820,2,8,0,4,4,-1,-1,0,0,0,0,0,0,0,2,1,1,1,1,59,9,2664,2,21,-1,2,E01015702,0,-1
2020052001034,2020,052001034,1,8,0,18,19,7,3,0,0,0,0,0,0,0,1,1,1,1,1,73,10,2664,2,21,-1,8,E01007100,0,-1
2020991010134,2020,991010134,1,8,0,18,19,3,8,0,0,0,5,7,1,0,1,1,1,1,1,62,9,2402,2,14,-1,6,-1,0,-1
2020040999262,2020,040999262,1,9,0,18,19,5,1,0,0,0,0,0,0,0,1,1,1,1,1,61,9,-1,-1,-1,-1,1,E01025250,0,-1
2020200942362,2020,200942362,2,8,0,18,19,6,2,0,0,0,0,0,0,0,1,1,1,1,1,64,9,2664,2,18,-1,5,E01009246,0,-1
2020990917488,2020,990917488,1,8,0,9,9,3,1,0,0,0,0,0,0,0,1,1,1,1,1,62,9,2664,2,21,-1,9,-1,0,-1
2020010261373,2020,010261373,2,3,0,18,19,7,3,0,0,0,0,0,0,0,1,1,2,2,1,54,8,125,1,6,-1,4,E01003023,0,-1
2020040962214,2020,040962214,2,3,0,18,19,7,3,0,0,1,1,0,0,0,0,1,1,1,1,24,5,125,1,5,-1,8,E01025038,0,-1
2020440078707,2020,440078707,1,3,0,18,19,5,1,0,0,8,0,0,0,0,1,1,6,6,1,18,4,125,1,7,-1,1,E01017166,0,-1
2020010266631,2020,010266631,1,2,9,18,19,1,5,99,99,9,9,99,9,99,9,1,6,6,1,61,9,125,1,9,-1,2,E01000548,0,-1
2020302000683,2020,302000683,1,3,0,9,9,2,4,0,0,0,1,0,0,0,0,1,6,6,2,30,6,125,1,9,-1,4,E01013555,0,-1
2020041002352,2020,041002352,1,3,0,16,19,5,1,0,0,0,1,0,0,0,0,1,5,6,1,24,5,125,1,7,-1,1,E01012595,0,-1
2020302000468,2020,302000468,2,2,0,18,19,2,6,0,0,8,1,0,0,0,0,1,2,2,1,56,9,125,1,6,-1,3,E01013474,0,-1
202006A372012,2020,06A372012,1,3,0,18,19,3,7,0,0,8,0,0,0,0,1,1,6,6,1,20,4,125,1,9,-1,1,E01005117,0,-1
2020522001587,2020,522001587,1,9,0,18,19,2,6,0,0,8,0,0,0,0,4,1,6,6,1,77,11,1598,1,18,MAZDA 323,8,E01014507,0,-1
2020470953034,2020,470953034,1,9,0,7,7,3,1,0,0,1,0,0,0,0,1,1,5,6,2,30,6,1598,1,18,MAZDA 323,8,E01031418,0,-1
202006L275250,2020,06L275250,1,9,0,18,19,8,4,0,0,1,0,0,0,0,1,1,6,6,1,42,7,1995,1,22,MAZDA 323,5,E01006258,0,-1
2020470986435,2020,470986435,1,9,0,16,19,4,7,0,0,1,0,0,0,0,1,1,5,6,2,27,6,1840,1,23,MAZDA 323,8,E01031776,0,-1
2020010247992,2020,010247992,2,9,0,2,2,0,0,0,0,0,0,0,0,0,1,1,6,6,3,-1,-1,1489,1,23,MAZDA 323,-1,-1,0,-1
2020370957450,2020,370957450,1,9,0,5,5,4,8,0,0,0,0,0,0,0,1,1,2,2,1,52,8,1840,1,22,MAZDA 323,2,E01030024,0,-1
2020370967574,2020,370967574,1,9,0,9,9,1,6,0,0,8,0,0,0,0,1,1,5,6,2,69,10,1995,1,22,MAZDA 323,9,E01030033,0,-1
2020010228038,2020,010228038,1,9,0,11,11,3,7,0,0,0,1,0,1,4,1,1,6,6,1,29,6,1840,1,20,MAZDA 323,-1,-1,0,-1
2020010271482,2020,010271482,2,9,0,9,9,7,5,0,0,1,0,0,0,0,2,1,6,6,1,25,5,1324,1,21,MAZDA 323,6,E01002968,0,-1
2020010239499,2020,010239499,2,9,0,99,99,9,9,99,99,9,9,99,9,99,3,9,6,6,3,33,6,1598,1,18,MAZDA 323,5,E01031498,0,-1
2020320435294,2020,320435294,1,2,0,4,4,1,5,0,0,1,5,0,0,0,1,1,6,6,1,52,8,125,1,3,-1,8,E01026200,0,-1
2020010259162,2020,010259162,1,9,0,18,19,1,5,0,0,2,0,0,0,0,1,1,6,6,1,65,9,1905,2,22,-1,2,E01002561,0,-1
2020420971074,2020,420971074,1,5,0,18,19,1,5,0,0,1,0,0,0,0,1,1,5,6,1,53,8,499,1,2,-1,8,E01021995,0,-1
2020500987624,2020,500987624,1,4,0,12,12,1,5,0,0,0,1,0,0,0,3,1,5,6,1,63,9,499,1,2,-1,-1,-1,0,-1
2020302001020,2020,302001020,2,4,0,18,19,2,8,0,0,1,0,0,0,0,1,1,6,6,1,73,10,499,1,1,-1,8,E01029799,0,-1
2020460936526,2020,460936526,1,5,0,18,19,5,1,0,0,0,0,0,0,0,1,1,6,6,1,29,6,499,1,1,-1,3,E01016098,0,-1
2020451004359,2020,451004359,1,4,0,16,19,3,7,0,0,0,5,11,0,0,1,1,5,6,1,51,8,499,1,5,-1,4,E01030746,0,-1
202031B126420,2020,31B126420,1,3,0,7,7,5,8,0,0,5,0,0,0,0,4,1,6,6,1,23,5,124,1,6,-1,5,E01028002,0,-1
2020470998100,2020,470998100,1,3,0,18,19,7,3,0,0,0,0,11,0,0,1,1,6,6,1,18,4,124,1,6,-1,9,E01031756,0,-1
2020010268334,2020,010268334,1,9,0,9,9,7,5,0,0,6,0,0,0,0,1,1,6,6,1,32,6,1197,1,4,SKODA RAPID,9,E01023553,0,-1
2020460957239,2020,460957239,2,9,0,18,19,4,8,0,0,8,0,0,0,0,3,1,6,6,2,36,7,999,1,2,SKODA RAPID,6,E01033091,0,-1
2020220976117,2020,220976117,1,9,0,3,3,6,2,0,0,0,0,0,0,0,1,1,1,1,1,32,6,1422,2,4,SKODA RAPID,-1,-1,0,-1
2020010236724,2020,010236724,2,9,0,18,19,5,1,0,0,8,0,0,0,0,2,1,6,6,1,22,5,1197,1,6,SKODA RAPID,3,E01001481,0,-1
2020460963064,2020,460963064,2,9,0,4,4,3,7,0,0,2,0,0,0,0,2,1,6,6,1,23,5,1197,1,5,SKODA RAPID,8,E01016119,0,-1
2020040954256,2020,040954256,1,9,0,13,13,2,2,0,0,0,0,0,0,0,3,1,5,6,1,35,6,999,1,3,SKODA RAPID,9,E01025253,0,-1
202006J173828,2020,06J173828,1,9,0,5,5,2,6,0,0,4,0,0,0,0,1,1,1,1,1,67,10,1598,2,6,SKODA RAPID,9,E01005747,0,-1
2020170M11120,2020,170M11120,1,8,0,5,5,4,8,0,0,0,0,0,0,0,4,1,1,1,1,47,8,1598,2,6,SKODA RAPID,-1,-1,0,-1
2020040935845,2020,040935845,1,9,0,4,4,3,7,0,0,1,0,0,0,0,4,1,1,1,1,40,7,1598,2,7,SKODA RAPID,1,E01024895,0,-1
202006P169343,2020,06P169343,1,9,0,9,9,5,3,0,0,8,0,0,0,0,3,1,6,6,2,48,8,1390,1,7,SKODA RAPID,3,E01005589,0,-1
2020990955107,2020,990955107,2,8,0,2,2,0,0,0,0,2,0,0,0,0,1,1,1,1,1,35,6,1598,2,7,SKODA RAPID,1,-1,0,-1
2020990966544,2020,990966544,1,9,0,8,8,5,8,0,0,1,0,0,0,0,1,1,1,1,1,39,7,1598,2,4,SKODA RAPID,4,-1,0,-1
2020041015743,2020,041015743,1,9,0,11,11,3,7,0,0,0,0,0,0,0,1,1,5,6,1,45,7,1598,2,6,SKODA RAPID,-1,-1,0,-1
2020030985231,2020,030985231,3,9,0,18,19,2,8,0,0,1,0,0,0,0,2,1,5,6,1,61,9,1197,1,3,SKODA RAPID,3,E01019302,0,-1
2020140930437,2020,140930437,1,8,0,7,7,4,6,0,0,2,0,0,0,0,1,1,1,1,1,71,10,1598,2,7,SKODA RAPID,8,E01007678,0,-1
2020100962545,2020,100962545,2,9,0,9,9,5,3,0,0,6,0,0,0,0,3,1,5,6,1,35,6,1598,2,7,SKODA RAPID,7,E01008789,0,-1
2020461012378,2020,461012378,2,9,0,13,13,1,5,0,0,0,0,0,0,0,4,1,5,6,1,49,8,999,1,2,SKODA RAPID,3,E01016114,0,-1
2020990929521,2020,990929521,2,8,0,18,19,7,2,0,0,0,0,0,0,0,1,1,1,1,1,38,7,1598,2,6,SKODA RAPID,3,-1,0,-1
2020990926369,2020,990926369,2,8,0,4,4,1,5,0,0,0,0,0,0,0,1,1,1,1,1,66,10,1422,2,4,SKODA RAPID,1,-1,0,-1
2020990925861,2020,990925861,1,9,0,3,3,6,2,0,0,0,0,0,0,0,1,1,1,1,1,35,6,1598,2,5,SKODA RAPID,-1,-1,0,-1
2020430438522,2020,430438522,1,9,0,18,19,5,1,0,0,8,0,0,0,0,3,1,6,6,2,51,8,1390,1,7,SKODA RAPID,9,E01016750,0,-1
2020201006183,2020,201006183,1,9,0,7,7,2,4,0,0,3,1,0,0,0,4,1,1,1,1,66,10,1598,2,4,SKODA RAPID,1,E01009400,0,-1
2020137CJ0528,2020,137CJ0528,1,9,0,5,5,3,1,0,0,6,0,0,0,0,3,1,6,6,1,36,7,1197,1,7,SKODA RAPID,9,E01027556,0,-1
2020350984649,2020,350984649,3,9,-1,-1,-1,-1,-1,-1,-1,0,-1,-1,-1,0,-1,1,5,6,1,28,6,1197,1,4,SKODA RAPID,8,E01018003,0,-1
2020990928097,2020,990928097,1,8,0,9,9,8,5,0,0,8,0,11,0,0,1,1,1,1,1,25,5,1422,2,4,SKODA RAPID,2,-1,0,-1
2020140921785,2020,140921785,1,8,0,18,19,3,7,0,0,0,0,0,0,0,1,1,1,1,1,35,6,1598,2,4,SKODA RAPID,1,E01008065,0,-1
2020070790781,2020,070790781,2,9,0,18,19,6,2,0,0,1,1,0,0,0,1,1,1,1,1,58,9,1197,1,7,SKODA RAPID,3,E01018347,0,-1
2020991005735,2020,991005735,1,8,0,18,19,1,5,0,0,8,0,0,0,0,4,1,1,1,1,56,9,1598,2,6,SKODA RAPID,3,-1,0,-1
2020302001510,2020,302001510,2,9,0,2,2,0,0,0,0,8,0,0,0,0,1,1,6,6,3,-1,-1,1197,1,7,SKODA RAPID,-1,-1,0,-1
2020100977243,2020,100977243,2,8,0,3,3,7,3,0,0,1,0,0,0,0,2,1,1,1,1,53,8,1422,2,4,SKODA RAPID,-1,-1,0,-1
2020430402642,2020,430402642,1,9,0,9,9,8,5,0,0,5,0,0,0,0,1,1,1,1,1,25,5,1598,2,8,SKODA RAPID,4,E01028453,0,-1
2020622000458,2020,622000458,2,9,0,18,19,2,6,0,0,0,0,0,0,0,4,1,6,6,1,43,7,1197,1,5,SKODA RAPID,3,W01001080,0,-1
2020470927893,2020,470927893,2,9,0,17,19,5,2,0,0,0,0,0,0,0,1,1,5,6,1,60,9,1598,2,6,SKODA RAPID,4,E01021177,0,-1
2020360958416,2020,360958416,2,9,0,18,19,8,4,0,0,0,0,0,0,0,3,1,6,6,1,24,5,999,1,1,SKODA RAPID,10,E01026521,0,-1
2020031005230,2020,031005230,1,9,0,9,9,5,3,0,0,5,0,0,0,0,0,1,6,6,1,37,7,1422,2,3,SKODA RAPID,1,E01019295,0,-1
2020450925727,2020,450925727,2,9,0,16,19,5,1,0,0,0,0,0,0,0,4,1,6,6,1,55,8,1197,1,4,SKODA RAPID,8,E01030479,0,-1
2020500928137,2020,500928137,1,9,0,9,9,2,7,0,0,8,0,0,0,0,3,1,6,6,2,23,5,1598,2,6,SKODA RAPID,7,E01018899,0,-1
2020990991536,2020,990991536,2,8,0,5,5,5,8,0,0,7,0,0,0,0,2,1,1,1,1,39,7,1422,2,4,SKODA RAPID,1,-1,0,-1
20201379H0357,2020,1379H0357,2,9,0,9,9,8,6,0,0,8,0,0,0,0,1,1,6,6,1,18,4,1197,1,5,SKODA RAPID,10,E01011888,0,-1
2020990970056,2020,990970056,1,9,0,18,19,6,2,0,0,8,0,0,0,0,1,1,2,2,1,34,6,1197,1,6,SKODA RAPID,-1,-1,0,-1
2020440100067,2020,440100067,1,9,0,4,4,3,7,0,0,0,0,0,0,0,2,1,2,2,1,53,8,1390,1,7,SKODA RAPID,2,E01017132,0,-1
2020440040476,2020,440040476,1,8,0,9,9,7,5,0,0,8,0,0,0,0,4,1,1,1,1,52,8,1598,2,4,SKODA RAPID,4,E01017122,0,-1
2020100939941,2020,100939941,1,8,0,18,19,2,6,0,0,0,0,0,0,0,1,1,1,1,1,37,7,1422,2,3,SKODA RAPID,-1,-1,0,-1
20201379O0321,2020,1379O0321,3,9,0,7,7,7,3,0,0,1,0,0,0,0,3,1,1,1,1,56,9,1598,2,5,SKODA RAPID,2,E01011370,0,-1
2020990925815,2020,990925815,1,8,0,5,5,8,3,0,0,4,0,0,0,0,1,1,1,1,1,63,9,1598,2,2,SKODA RAPID,2,-1,0,-1
2020041016351,2020,041016351,2,9,0,2,2,1,3,0,0,0,0,0,0,0,1,1,1,1,1,46,8,1598,2,6,SKODA RAPID,1,E01025215,0,-1
2020137931739,2020,137931739,1,9,0,5,5,7,2,0,0,2,0,0,0,0,2,1,6,6,1,51,8,1598,2,6,SKODA RAPID,1,E01010712,0,-1
2020010262766,2020,010262766,1,9,0,18,19,8,4,0,0,8,5,0,0,0,1,1,6,6,1,22,5,1197,1,6,SKODA RAPID,3,E01001481,0,-1
2020522003905,2020,522003905,2,9,0,18,19,4,8,0,0,4,0,0,0,0,3,1,6,6,1,45,7,1197,1,5,SKODA RAPID,10,E01014715,0,-1
2020440058673,2020,440058673,1,8,0,9,9,2,8,0,0,8,0,0,0,0,3,1,1,1,1,51,8,1598,2,4,SKODA RAPID,3,E01017105,0,-1
2020350984481,2020,350984481,1,9,0,18,19,5,1,0,0,0,0,0,0,0,1,1,6,6,1,51,8,999,1,2,SKODA RAPID,10,E01018216,0,-1
2020040931978,2020,040931978,2,9,0,5,5,7,3,0,0,1,0,0,0,0,2,1,2,2,1,56,9,1598,2,7,SKODA RAPID,2,E01025185,0,-1
202006M275194,2020,06M275194,1,9,0,18,19,7,3,0,0,1,0,0,0,0,1,1,6,6,1,50,8,1598,2,7,SKODA RAPID,-1,-1,0,-1
2020440499032,2020,440499032,1,8,0,18,19,6,2,0,0,2,0,0,0,0,3,1,1,1,1,76,11,1198,1,5,SKODA RAPID,3,E01017346,0,-1
202006L174604,2020,06L174604,1,9,0,12,12,7,3,0,0,1,0,0,0,0,1,1,6,6,2,41,7,1197,1,4,SKODA RAPID,3,E01024887,0,-1
2020420915044,2020,420915044,2,9,0,2,2,0,0,0,0,0,0,0,0,0,2,1,6,6,3,-1,-1,1197,1,7,SKODA RAPID,-1,-1,0,-1
2020440290177,2020,440290177,1,8,0,9,9,4,1,0,0,8,0,0,0,0,4,1,1,1,1,43,7,1598,2,4,SKODA RAPID,4,E01017074,0,-1
2020010263580,2020,010263580,2,9,0,99,99,9,9,99,99,9,9,99,9,99,1,9,6,6,3,-1,-1,1390,1,6,SKODA RAPID,-1,-1,0,-1
2020530980053,2020,530980053,1,9,0,5,5,6,2,0,0,1,0,0,0,0,1,1,6,6,2,36,7,1598,2,7,SKODA RAPID,10,E01022316,0,-1
2020052001295,2020,052001295,2,8,0,18,19,8,4,0,0,0,0,0,0,0,1,1,6,6,1,50,8,1422,2,3,SKODA RAPID,1,E01033228,0,-1
2020100997251,2020,100997251,1,8,0,5,5,0,7,0,0,0,0,0,0,0,1,1,1,1,1,59,9,1598,2,6,SKODA RAPID,1,E01008332,0,-1
2020052001463,2020,052001463,1,8,0,13,13,5,3,0,0,8,0,11,1,2,3,1,6,6,1,71,10,1598,2,7,SKODA RAPID,3,E01006457,0,-1
2020420953472,2020,420953472,2,9,0,18,19,7,2,0,0,0,0,0,0,0,3,1,6,6,2,57,9,999,1,3,SKODA RAPID,4,E01022011,0,-1
2020221006047,2020,221006047,3,9,0,18,19,7,3,0,0,8,0,0,0,0,1,1,5,6,2,56,9,1197,1,6,SKODA RAPID,5,E01032214,0,-1
2020220933779,2020,220933779,3,9,0,18,19,1,5,0,0,0,0,0,0,0,2,1,5,6,2,18,4,1197,1,5,SKODA RAPID,3,E01032456,0,-1
2020010240958,2020,010240958,1,9,0,99,99,9,9,99,99,9,9,99,9,99,3,9,6,6,1,33,6,1390,1,7,SKODA RAPID,2,E01004140,0,-1
2020522000560,2020,522000560,2,9,0,7,7,4,7,0,0,2,0,0,0,0,3,1,6,6,3,45,7,1422,2,3,SKODA RAPID,-1,-1,0,-1
202063C070920,2020,63C070920,1,9,0,18,19,8,4,0,0,0,0,0,0,0,1,1,2,2,1,54,8,1598,2,7,SKODA RAPID,4,W01000591,0,-1
2020990965475,2020,990965475,1,9,0,5,5,7,3,0,0,1,0,0,0,0,1,1,6,6,1,38,7,1598,2,3,SKODA RAPID,2,-1,0,-1
2020010273875,2020,010273875,1,9,0,16,19,1,5,0,0,2,0,0,0,0,1,1,3,7,2,36,7,1197,1,5,SKODA RAPID,-1,-1,0,-1
2020052000943,2020,052000943,1,9,0,18,19,7,3,0,0,0,0,0,0,0,1,1,1,1,1,40,7,1422,2,3,SKODA RAPID,1,E01006442,0,-1
2020991006396,2020,991006396,1,8,0,5,5,7,1,0,0,6,0,0,0,0,1,1,1,1,1,38,7,1598,2,6,SKODA RAPID,1,-1,0,-1
2020522000453,2020,522000453,2,9,0,18,19,4,8,0,0,8,0,0,0,0,1,1,6,6,1,39,7,1598,2,5,SKODA RAPID,1,E01032518,0,-1
2020552001106,2020,552001106,2,3,0,18,19,7,3,0,0,8,0,0,0,0,1,1,6,6,1,44,7,125,1,16,-1,2,E01020347,0,-1
2020010286658,2020,010286658,1,9,0,99,99,9,9,99,99,9,9,99,9,99,1,9,6,6,3,-1,-1,1797,8,6,TOYOTA Model Missing,-1,-1,0,-1
2020200993895,2020,200993895,1,9,0,18,19,5,1,0,0,8,0,0,0,0,3,1,3,7,3,-1,-1,2180,2,23,TOYOTA Model Missing,-1,-1,0,-1
2020010253767,2020,010253767,1,9,0,3,3,5,1,0,0,1,0,0,0,0,4,1,1,1,1,53,8,1790,8,8,TOYOTA Model Missing,2,E01000955,0,-1
2020010257332,2020,010257332,2,8,0,3,3,1,5,0,0,1,0,0,0,0,2,1,1,1,1,57,9,1797,8,9,TOYOTA Model Missing,6,E01004491,0,-1
2020010238038,2020,010238038,1,9,0,18,19,3,7,0,0,8,0,0,1,11,1,2,6,6,1,57,9,1800,8,6,TOYOTA Model Missing,-1,-1,0,-1
2020010248552,2020,010248552,2,9,0,7,7,1,3,0,0,1,0,0,0,0,1,1,6,6,1,46,8,2220,2,23,TOYOTA Model Missing,3,E01004328,0,-1
202006P277223,2020,06P277223,1,9,0,9,9,5,3,0,0,6,0,0,0,0,1,1,6,6,1,41,7,2400,8,13,TOYOTA Model Missing,9,E01005576,0,-1
2020010254596,2020,010254596,1,8,0,99,99,9,9,0,0,0,0,0,0,0,2,9,6,6,1,47,8,2360,8,6,TOYOTA Model Missing,3,E01001436,0,-1
2020220952400,2020,220952400,1,9,0,9,9,1,8,0,0,5,0,0,0,0,4,1,5,6,1,41,7,2360,7,20,TOYOTA Model Missing,1,E01009341,0,-1
2020302000892,2020,302000892,1,9,0,18,19,4,8,0,0,0,0,0,0,0,2,1,6,6,1,55,8,2360,8,12,TOYOTA Model Missing,4,E01003683,0,-1
2020450956966,2020,450956966,1,9,0,17,19,1,5,0,0,0,1,0,1,0,1,1,6,6,1,61,9,1587,1,23,TOYOTA Model Missing,8,E01030529,0,-1
2020411021042,2020,411021042,1,9,0,7,7,3,5,0,0,8,0,0,0,0,1,1,6,6,1,45,7,2400,8,9,TOYOTA Model Missing,3,E01023866,0,-1
2020170S10610,2020,170S10610,1,9,0,7,7,5,8,0,0,8,0,0,0,0,1,1,2,2,1,53,8,3000,2,26,TOYOTA Model Missing,9,E01012147,0,-1
2020010238103,2020,010238103,1,9,0,99,99,9,9,99,99,9,9,99,9,99,9,9,6,6,1,45,7,1797,8,7,TOYOTA Model Missing,4,E01001047,0,-1
2020460968722,2020,460968722,1,9,0,16,19,2,7,0,0,0,5,0,7,0,3,1,6,6,1,35,6,2990,1,27,TOYOTA Model Missing,2,E01021049,0,-1
202006G170763,2020,06G170763,2,9,0,5,5,5,3,9,9,8,0,0,0,0,3,1,6,6,1,58,9,1332,1,22,TOYOTA Model Missing,1,E01005945,0,-1
2020201002737,2020,201002737,2,9,0,3,3,6,2,0,0,0,0,0,0,0,2,1,1,1,1,51,8,2360,7,6,TOYOTA Model Missing,3,E01009084,0,-1
2020010255566,2020,010255566,2,9,0,6,6,1,1,0,0,2,0,0,0,0,3,1,1,1,1,31,6,1797,8,10,TOYOTA Model Missing,3,E01003609,0,-1
2020470977613,2020,470977613,2,9,0,18,19,7,3,0,0,0,0,0,0,0,1,1,5,6,1,43,7,2400,1,15,TOYOTA Model Missing,3,E01021126,0,-1
2020137BH0332,2020,137BH0332,2,9,0,4,4,7,2,0,0,0,0,0,0,0,2,1,6,6,2,39,7,2400,8,16,TOYOTA Model Missing,9,E01024994,0,-1
202031C023520,2020,31C023520,1,9,0,18,19,7,3,0,0,1,0,0,0,0,1,1,6,6,2,60,9,2180,2,22,TOYOTA Model Missing,3,E01013863,0,-1
202006F274546,2020,06F274546,1,9,0,18,19,3,7,0,0,0,0,0,0,0,3,1,6,6,1,31,6,2360,1,17,TOYOTA Model Missing,3,E01005614,0,-1
2020010261802,2020,010261802,1,9,0,2,2,0,0,0,0,0,0,0,0,0,0,1,6,6,3,-1,-1,1000,1,19,TOYOTA Model Missing,-1,-1,0,-1
2020010270418,2020,010270418,1,8,0,18,19,1,5,0,0,1,0,0,0,0,1,1,1,1,1,51,8,2495,8,8,TOYOTA Model Missing,3,E01000099,0,-1
2020010245859,2020,010245859,1,9,0,7,7,7,2,0,0,0,0,0,0,0,2,1,6,6,1,50,8,1797,8,7,TOYOTA Model Missing,2,E01004231,0,-1
2020140992358,2020,140992358,3,9,0,16,19,5,1,0,0,1,0,0,0,0,1,1,5,6,1,53,8,1587,1,23,TOYOTA Model Missing,-1,-1,0,-1
2020010251510,2020,010251510,1,9,0,18,19,8,4,0,0,0,0,0,0,0,1,1,1,1,1,33,6,1800,8,6,TOYOTA Model Missing,2,E01003553,0,-1
2020010271748,2020,010271748,1,9,0,18,19,1,5,0,0,1,0,0,1,0,1,1,6,6,1,32,6,2360,8,12,TOYOTA Model Missing,-1,-1,0,-1
2020010278752,2020,010278752,2,8,0,99,99,9,9,99,99,9,9,99,9,99,1,9,6,6,3,-1,-1,2360,8,8,TOYOTA Model Missing,8,E01004593,0,-1
2020990929635,2020,990929635,1,9,0,5,5,2,8,0,0,0,0,0,0,0,1,1,2,2,1,61,9,2360,1,15,TOYOTA Model Missing,9,-1,0,-1
2020010247324,2020,010247324,2,9,0,7,7,2,5,7,6,7,0,0,1,0,1,1,2,2,1,46,8,2360,8,6,TOYOTA Model Missing,6,E01000069,0,-1
2020010286503,2020,010286503,1,9,0,4,4,3,7,0,0,0,0,0,0,0,2,1,6,6,1,54,8,2200,2,23,TOYOTA Model Missing,-1,-1,0,-1
2020622000555,2020,622000555,1,9,0,5,5,4,2,6,6,0,0,0,0,0,1,1,6,6,1,26,6,2360,1,18,TOYOTA Model Missing,4,W01001713,0,-1
2020302001341,2020,302001341,1,9,0,13,13,4,8,0,0,0,0,0,0,0,1,1,6,6,1,42,7,1298,1,16,TOYOTA Model Missing,2,E01013483,0,-1
2020070486282,2020,070486282,3,9,0,4,4,3,7,0,0,0,0,0,0,0,2,1,6,6,2,39,7,2980,2,24,TOYOTA Model Missing,2,E01019116,0,-1
202031C139120,2020,31C139120,2,8,0,18,19,8,4,0,0,8,0,0,0,0,1,1,1,1,1,46,8,1797,8,4,TOYOTA Model Missing,2,E01013945,0,-1
2020201005715,2020,201005715,1,9,0,16,19,8,3,0,0,1,0,0,0,0,1,1,1,1,1,49,8,1797,8,6,TOYOTA Model Missing,6,E01010233,0,-1
2020010239329,2020,010239329,1,8,0,99,99,9,9,99,99,9,9,99,9,99,2,9,6,6,3,-1,-1,1800,8,8,TOYOTA Model Missing,-1,-1,0,-1
2020010241210,2020,010241210,2,9,0,18,19,4,8,0,0,1,0,0,0,0,2,1,1,1,1,42,7,1797,8,7,TOYOTA Model Missing,1,E01001510,0,-1
2020552000427,2020,552000427,1,9,0,7,7,1,3,0,0,6,0,0,0,0,1,1,6,6,1,31,6,2980,2,25,TOYOTA Model Missing,7,E01020365,0,-1
2020010240135,2020,010240135,2,9,9,18,19,1,5,0,0,0,9,0,0,0,1,9,6,6,1,39,7,2362,1,12,TOYOTA Model Missing,4,E01002050,0,-1
2020200995385,2020,200995385,2,8,0,4,4,5,1,0,0,0,0,0,0,0,2,1,1,1,1,45,7,2400,8,11,TOYOTA Model Missing,3,E01009049,0,-1
2020010245020,2020,010245020,2,9,0,99,99,9,9,99,99,9,9,99,9,99,1,9,6,6,3,-1,-1,2360,1,14,TOYOTA Model Missing,3,E01001808,0,-1
2020010277001,2020,010277001,2,9,0,9,9,1,7,0,0,2,0,0,0,0,0,1,6,6,2,73,10,1998,1,20,TOYOTA Model Missing,9,E01000207,0,-1
2020010257136,2020,010257136,1,9,0,1,1,5,1,0,0,6,0,0,0,0,1,2,1,1,1,19,4,1797,8,7,TOYOTA Model Missing,2,E01033578,0,-1
2020010262701,2020,010262701,1,9,0,7,7,7,1,0,0,8,0,0,0,0,3,1,6,6,1,48,8,2360,8,12,TOYOTA Model Missing,2,E01001118,0,-1
2020200956881,2020,200956881,2,9,0,2,2,0,0,0,0,0,0,0,0,0,3,1,6,6,1,-1,-1,1300,1,17,TOYOTA Model Missing,-1,-1,0,-1
2020010273550,2020,010273550,1,9,0,18,19,7,3,0,0,8,0,0,0,0,2,1,6,6,1,28,6,1797,8,9,TOYOTA Model Missing,7,E01002203,0,-1
2020010233255,2020,010233255,2,9,0,18,19,1,5,0,0,2,0,0,0,0,1,1,6,6,2,46,8,1299,1,19,TOYOTA Model Missing,9,E01030720,0,-1
2020332000025,2020,332000025,1,9,0,18,19,8,4,0,0,2,0,0,0,0,4,1,2,2,1,50,8,2360,1,17,TOYOTA Model Missing,3,E01013773,0,-1
2020302000445,2020,302000445,1,9,0,18,19,6,2,0,0,0,1,0,0,0,1,1,6,6,1,42,7,1332,1,23,TOYOTA Model Missing,9,E01013579,0,-1
2020430437471,2020,430437471,2,9,0,18,19,8,4,0,0,8,0,0,0,0,1,1,6,6,1,40,7,1500,8,6,TOYOTA Model Missing,2,E01016819,0,-1