collision_index,collision_year,collision_ref_no,vehicle_reference,vehicle_type,towing_and_articulation,vehicle_manoeuvre_historic,vehicle_manoeuvre,vehicle_direction_from,vehicle_direction_to,vehicle_location_restricted_lane_historic,vehicle_location_restricted_lane,junction_location,skidding_and_overturning,hit_object_in_carriageway,vehicle_leaving_carriageway,hit_object_off_carriageway,first_point_of_impact,vehicle_left_hand_drive,journey_purpose_of_driver_historic,journey_purpose_of_driver,sex_of_driver,age_of_driver,age_band_of_driver,engine_capacity_cc,propulsion_code,age_of_vehicle,generic_make_model,driver_imd_decile,lsoa_of_driver,escooter_flag,driver_distance_banding
2020010263933,2020,010263933,1,9,0,99,99,9,9,99,99,1,9,99,9,99,2,9,6,6,2,51,8,2400,1,19,TOYOTA Model Missing,3,E01002303,0,-1
2020010240800,2020,010240800,1,8,0,99,99,9,9,99,99,9,9,99,9,99,1,9,6,6,1,41,7,1797,8,7,TOYOTA Model Missing,1,E01004304,0,-1
2020010271989,2020,010271989,1,9,0,7,7,3,5,0,0,1,0,0,0,0,4,1,6,6,1,42,7,2360,8,10,TOYOTA Model Missing,5,E01001473,0,-1
2020460975504,2020,460975504,1,9,0,6,6,1,5,0,0,0,0,0,0,0,1,1,5,6,1,77,11,3000,2,25,TOYOTA Model Missing,6,E01024544,0,-1
2020010248038,2020,010248038,2,9,0,2,2,0,0,0,0,0,0,0,0,0,0,1,6,6,3,-1,-1,2362,1,11,TOYOTA Model Missing,-1,-1,0,-1
2020420920862,2020,420920862,1,9,0,18,19,7,3,0,0,0,0,0,5,9,3,1,5,6,1,80,11,1794,1,19,TOYOTA Model Missing,8,E01015894,0,-1
2020460981633,2020,460981633,2,9,0,14,14,3,7,0,0,1,0,0,0,0,1,1,6,6,2,39,7,2400,1,15,TOYOTA Model Missing,5,E01024577,0,-1
2020622000134,2020,622000134,1,9,0,1,1,4,8,0,0,0,0,4,1,11,2,1,6,6,1,75,10,3000,2,24,TOYOTA Model Missing,1,W01001166,0,-1
2020410975557,2020,410975557,2,9,0,18,19,3,7,0,0,0,0,0,0,0,1,1,6,6,1,45,7,3500,1,13,TOYOTA Model Missing,6,E01023390,0,-1
2020450957068,2020,450957068,1,9,0,18,19,2,6,0,0,0,5,4,0,0,3,1,2,2,1,41,7,2180,2,24,TOYOTA Model Missing,3,E01002560,0,-1
2020010229199,2020,010229199,2,9,0,99,99,9,9,99,99,9,9,99,9,99,1,9,6,6,3,-1,-1,1300,1,19,TOYOTA Model Missing,-1,-1,0,-1
2020200938835,2020,200938835,2,9,0,5,5,-1,-1,0,0,0,0,0,0,0,0,1,6,6,1,43,7,2360,7,12,TOYOTA Model Missing,3,E01009938,0,-1
2020010239319,2020,010239319,2,9,0,7,7,7,1,0,0,6,0,0,0,0,9,1,6,6,3,41,7,2497,1,15,TOYOTA Model Missing,2,E01002561,0,-1
2020201003296,2020,201003296,1,8,0,4,4,6,2,0,0,0,0,0,0,0,2,1,6,6,1,46,8,2360,7,6,TOYOTA Model Missing,1,E01009104,0,-1
202006N268792,2020,06N268792,1,9,0,18,19,8,4,0,0,0,0,0,0,0,1,1,6,6,1,44,7,2400,8,18,TOYOTA Model Missing,-1,-1,0,-1
2020450967228,2020,450967228,1,9,0,18,19,5,1,0,0,0,0,0,0,0,1,1,5,6,2,21,5,1998,1,18,TOYOTA Model Missing,6,E01031520,0,-1
2020137A32040,2020,137A32040,4,9,0,9,9,1,7,0,0,6,0,0,0,0,1,1,6,6,1,39,7,2360,1,13,TOYOTA Model Missing,1,E01010626,0,-1
2020010239545,2020,010239545,1,9,0,18,19,8,4,0,0,1,9,0,0,99,4,9,6,6,1,53,8,1797,8,7,TOYOTA Model Missing,6,E01002670,0,-1
2020010263400,2020,010263400,1,9,0,99,99,9,9,99,99,9,9,99,9,99,2,9,6,6,1,40,7,2400,1,14,TOYOTA Model Missing,9,E01002108,0,-1
2020010237623,2020,010237623,1,9,0,18,19,5,1,0,0,0,0,4,0,0,1,1,1,1,1,45,7,1797,8,8,TOYOTA Model Missing,8,E01002216,0,-1
2020010235188,2020,010235188,1,9,0,18,19,3,7,0,0,1,9,0,0,99,4,1,6,6,2,34,6,2180,2,25,TOYOTA Model Missing,10,E01030322,0,-1
2020141006894,2020,141006894,2,9,0,18,19,3,7,0,0,0,0,0,0,0,0,1,1,1,1,38,7,3456,1,1,TOYOTA Model Missing,1,E01007902,0,-1
2020201025675,2020,201025675,2,8,0,18,19,4,8,0,0,1,0,0,0,0,1,1,6,6,1,48,8,2360,1,12,TOYOTA Model Missing,3,E01010050,0,-1
2020201019443,2020,201019443,1,9,0,18,19,4,8,0,0,0,0,4,0,0,1,1,3,7,2,39,7,1787,8,7,TOYOTA Model Missing,9,E01010154,0,-1
2020430126220,2020,430126220,2,9,0,9,9,1,7,0,0,6,0,0,0,0,4,1,6,6,1,-1,-1,2360,1,12,TOYOTA Model Missing,-1,-1,0,-1
2020010257325,2020,010257325,2,8,0,99,99,9,9,0,0,0,0,0,0,0,2,9,6,6,3,48,8,2360,8,8,TOYOTA Model Missing,2,E01003566,0,-1
2020010275705,2020,010275705,2,8,0,18,19,5,1,0,0,2,0,0,0,0,1,1,6,6,1,41,7,2360,8,8,TOYOTA Model Missing,6,E01002117,0,-1
2020010248871,2020,010248871,1,9,0,18,19,1,5,0,0,8,0,0,0,0,3,1,6,6,1,45,7,3000,2,22,TOYOTA Model Missing,3,E01004453,0,-1
202006XK68104,2020,06XK68104,2,9,0,4,4,8,4,0,0,0,0,0,0,0,2,1,6,6,2,71,10,2200,2,16,TOYOTA Model Missing,2,E01005659,0,-1
2020200942729,2020,200942729,1,9,0,1,1,-1,-1,0,0,0,0,0,0,0,2,1,1,1,1,-1,-1,2389,7,8,TOYOTA Model Missing,-1,-1,0,-1
2020010237541,2020,010237541,2,9,0,1,1,1,5,9,9,0,0,99,0,0,2,1,6,6,1,-1,-1,1790,8,6,TOYOTA Model Missing,-1,-1,0,-1
2020010240347,2020,010240347,1,8,0,4,4,2,6,0,0,1,0,0,0,0,1,1,1,1,1,50,8,1797,8,7,TOYOTA Model Missing,3,E01000128,0,-1
2020010228123,2020,010228123,1,8,0,3,3,3,7,0,0,1,0,0,0,0,2,1,1,1,1,51,8,2360,8,8,TOYOTA Model Missing,7,E01001922,0,-1
2020010249982,2020,010249982,2,9,0,99,99,9,9,99,99,9,9,99,9,99,1,9,6,6,3,-1,-1,2362,1,14,TOYOTA Model Missing,-1,-1,0,-1
2020010267928,2020,010267928,1,9,0,15,15,5,1,0,0,1,0,0,0,0,3,1,2,2,1,41,7,2360,8,11,TOYOTA Model Missing,4,E01001738,0,-1
2020010273646,2020,010273646,1,9,0,6,6,3,3,0,0,1,0,0,0,0,2,1,6,6,1,26,6,1790,8,10,TOYOTA Model Missing,1,E01003488,0,-1
2020552100147,2020,552100147,1,10,0,18,19,6,2,0,0,0,0,0,0,0,1,1,6,6,1,64,9,-1,-1,-1,-1,5,E01017213,0,-1
2020030992141,2020,030992141,2,98,0,17,19,1,5,0,0,0,0,0,0,0,1,1,5,6,1,34,6,2500,2,18,-1,2,E01019172,0,-1
2020500939486,2020,500939486,1,9,0,18,19,5,1,0,0,1,0,0,0,0,1,1,6,6,1,31,6,2980,2,24,TOYOTA Model Missing,4,E01020279,0,-1
202006A178055,2020,06A178055,1,9,0,18,19,8,4,0,0,0,0,0,0,0,1,1,2,2,1,29,6,998,1,17,TOYOTA Model Missing,5,E01005229,0,-1
2020010250142,2020,010250142,2,9,0,4,4,6,2,0,0,2,0,0,0,0,1,1,6,6,1,71,10,1329,1,6,TOYOTA YARIS,3,E01001369,0,-1
2020052001988,2020,052001988,1,9,0,5,5,3,7,0,0,6,0,0,0,0,3,1,2,2,1,59,9,1496,1,1,TOYOTA YARIS,4,E01006543,0,-1
2020460919539,2020,460919539,1,9,0,18,19,1,5,0,0,0,1,4,0,0,1,1,6,6,1,22,5,1329,1,7,TOYOTA YARIS,7,E01024540,0,-1
2020552000903,2020,552000903,1,9,0,18,19,3,7,0,0,1,0,0,0,0,1,1,6,6,1,77,11,1497,8,8,TOYOTA YARIS,8,E01015298,0,-1
2020220971260,2020,220971260,1,9,0,9,9,6,4,0,0,3,0,0,0,0,4,1,5,6,2,45,7,1296,1,13,TOYOTA YARIS,8,E01032160,0,-1
2020040940432,2020,040940432,1,9,0,18,19,1,5,0,0,0,0,0,7,4,1,1,5,6,1,21,5,1299,1,15,TOYOTA YARIS,1,E01006306,0,-1
2020430251646,2020,430251646,2,9,0,18,19,6,2,0,0,0,0,0,0,0,1,1,6,6,2,58,9,998,1,21,TOYOTA YARIS,8,E01028712,0,-1
2020450914698,2020,450914698,1,9,0,12,12,3,7,0,0,1,2,0,0,0,3,1,5,6,1,50,8,1496,1,0,TOYOTA YARIS,3,E01016044,0,-1
2020410961822,2020,410961822,3,9,0,4,4,6,8,0,0,1,0,0,0,0,2,1,6,6,2,50,8,1329,1,6,TOYOTA YARIS,10,E01033189,0,-1
2020122001068,2020,122001068,3,9,0,18,19,4,8,0,0,0,1,0,0,0,3,1,6,6,1,51,8,1296,1,14,TOYOTA YARIS,9,E01013395,0,-1
202006K169590,2020,06K169590,1,9,0,4,4,1,5,0,0,1,0,0,0,0,1,1,3,7,2,39,7,1296,1,14,TOYOTA YARIS,5,E01004923,0,-1
2020340N06052,2020,340N06052,2,9,0,18,19,2,6,0,0,1,0,0,0,0,4,1,2,2,1,28,6,1299,1,15,TOYOTA YARIS,5,E01027158,0,-1
2020137AB1318,2020,137AB1318,2,9,0,18,19,6,3,0,0,1,0,0,0,0,1,1,6,6,2,31,6,1296,1,12,TOYOTA YARIS,3,E01011315,0,-1
2020010231762,2020,010231762,1,9,0,99,99,9,9,99,99,9,9,99,9,99,9,9,6,6,1,48,8,1497,8,8,TOYOTA YARIS,1,E01002732,0,-1
2020450988621,2020,450988621,1,9,0,18,19,1,5,0,0,2,0,0,0,0,4,1,5,6,1,66,10,1363,2,18,TOYOTA YARIS,7,E01030621,0,-1
2020530973520,2020,530973520,2,9,0,4,4,8,3,0,0,8,0,0,0,0,2,1,6,6,2,48,8,1329,1,5,TOYOTA YARIS,-1,-1,0,-1
2020340S00912,2020,340S00912,2,9,0,18,19,7,3,0,0,1,0,0,0,0,0,1,6,6,2,72,10,1497,8,4,TOYOTA YARIS,6,E01026986,0,-1
2020030977873,2020,030977873,1,9,0,5,5,7,3,0,0,1,0,0,0,0,1,1,5,6,1,42,7,1364,2,8,TOYOTA YARIS,9,E01019238,0,-1
2020010228852,2020,010228852,3,9,0,18,19,1,5,0,0,2,5,10,0,0,0,1,6,6,1,30,6,1299,1,16,TOYOTA YARIS,1,E01004288,0,-1
2020010257950,2020,010257950,1,9,0,99,99,9,9,99,99,9,9,99,9,99,2,9,6,6,1,31,6,1364,2,11,TOYOTA YARIS,6,E01001997,0,-1
2020010272103,2020,010272103,3,9,0,99,99,9,9,99,99,9,9,99,9,99,1,9,6,6,3,-1,-1,1329,1,11,TOYOTA YARIS,-1,-1,0,-1
2020170L10080,2020,170L10080,1,9,0,9,9,4,8,0,0,8,0,0,0,0,3,1,1,1,2,49,8,998,1,16,TOYOTA YARIS,3,E01012181,0,-1
2020010266108,2020,010266108,1,9,0,9,9,6,3,0,0,6,0,0,0,0,1,1,6,6,1,64,9,998,1,20,TOYOTA YARIS,7,E01002954,0,-1
2020522004069,2020,522004069,1,9,0,18,19,7,3,0,0,4,0,0,0,0,1,1,6,6,2,35,6,1329,1,5,TOYOTA YARIS,-1,-1,0,-1
202006E273152,2020,06E273152,2,9,0,18,19,7,3,0,0,4,0,0,0,0,2,1,6,6,1,32,6,1329,1,8,TOYOTA YARIS,10,E01005787,0,-1
2020450970450,2020,450970450,2,9,0,18,19,5,1,0,0,1,0,0,0,0,1,1,5,6,1,55,8,998,1,15,TOYOTA YARIS,5,E01030852,0,-1
202031A062220,2020,31A062220,2,9,0,2,2,0,0,0,0,8,0,0,0,0,2,1,6,6,3,-1,-1,1364,2,14,TOYOTA YARIS,-1,-1,0,-1
2020010283699,2020,010283699,2,9,0,18,19,7,3,0,0,8,0,0,0,0,2,1,6,6,2,19,4,998,1,17,TOYOTA YARIS,7,E01000225,0,-1
2020470924875,2020,470924875,1,9,0,9,9,4,2,0,0,6,0,0,0,0,1,1,5,6,1,17,4,1299,1,15,TOYOTA YARIS,8,E01016920,0,-1
2020450995668,2020,450995668,1,9,0,7,7,3,7,0,0,5,0,0,0,0,4,1,6,6,2,44,7,1296,1,14,TOYOTA YARIS,8,E01030452,0,-1
2020470965521,2020,470965521,2,9,0,4,4,6,2,0,0,0,0,0,0,0,2,1,6,6,2,79,11,1296,1,12,TOYOTA YARIS,8,E01031466,0,-1
2020470952925,2020,470952925,2,9,0,16,19,4,7,0,0,8,0,0,0,0,3,1,5,6,1,72,10,1329,1,11,TOYOTA YARIS,7,E01020943,0,-1
2020411009921,2020,411009921,2,9,0,3,3,8,4,0,0,1,0,0,0,0,2,1,6,6,1,38,7,1329,1,8,TOYOTA YARIS,5,E01017687,0,-1
2020302000859,2020,302000859,1,9,0,18,19,1,5,0,0,0,0,0,0,0,1,1,6,6,1,37,7,1296,1,13,TOYOTA YARIS,2,E01013565,0,-1
2020010234080,2020,010234080,1,9,0,16,19,6,2,0,0,0,0,0,0,0,1,1,6,6,1,19,4,1798,1,11,TOYOTA YARIS,3,E01001263,0,-1
2020400997579,2020,400997579,1,9,0,18,19,6,2,0,0,0,0,0,0,0,1,1,2,2,2,23,5,998,1,16,TOYOTA YARIS,2,E01015794,0,-1
2020010249835,2020,010249835,1,9,0,99,99,9,9,99,99,9,9,99,9,99,9,9,6,6,1,44,7,1296,1,13,TOYOTA YARIS,4,E01004462,0,-1
2020610045620,2020,610045620,2,9,0,18,19,5,1,0,0,8,0,0,0,0,1,1,6,6,1,60,9,1329,1,8,TOYOTA YARIS,2,W01001660,0,-1
2020100928823,2020,100928823,2,9,0,3,3,1,5,0,0,0,0,0,0,0,2,1,5,6,2,71,10,1329,1,4,TOYOTA YARIS,9,E01008368,0,-1
2020010250195,2020,010250195,1,9,0,9,9,5,3,0,0,8,0,0,0,0,3,1,2,2,1,60,9,1329,1,5,TOYOTA YARIS,3,E01002771,0,-1
2020040941142,2020,040941142,1,9,0,18,19,7,3,0,0,1,0,0,0,0,4,1,2,2,2,55,8,1497,8,6,TOYOTA YARIS,1,E01025117,0,-1
2020430357382,2020,430357382,1,9,0,9,9,7,4,0,0,8,0,0,0,0,1,1,6,6,1,80,11,1329,1,6,TOYOTA YARIS,7,E01016719,0,-1
2020200954354,2020,200954354,1,9,0,3,3,8,4,0,0,1,0,0,0,0,2,1,6,6,1,46,8,1496,1,3,TOYOTA YARIS,5,E01009946,0,-1
2020201002653,2020,201002653,2,9,0,18,19,5,2,0,0,8,0,10,1,0,4,1,6,6,1,37,7,1329,1,3,TOYOTA YARIS,8,E01031260,0,-1
2020470960197,2020,470960197,2,9,0,4,4,7,3,0,0,0,0,0,0,0,2,1,5,6,2,38,7,1329,1,7,TOYOTA YARIS,4,E01021004,0,-1
2020470916066,2020,470916066,2,9,0,18,19,2,6,0,0,0,0,0,7,9,1,1,5,6,1,38,7,1299,1,20,TOYOTA YARIS,5,E01031614,0,-1
2020010257080,2020,010257080,2,9,0,99,99,9,9,99,99,2,9,99,9,99,2,9,6,6,3,-1,-1,1296,1,12,TOYOTA YARIS,3,E01000092,0,-1
202006M275284,2020,06M275284,1,9,0,18,19,2,6,0,0,1,5,7,0,0,1,1,1,1,1,25,5,1497,1,17,TOYOTA YARIS,2,E01005221,0,-1
2020470938064,2020,470938064,2,9,0,18,19,6,1,0,0,1,0,0,0,0,1,1,2,2,2,47,8,1296,1,14,TOYOTA YARIS,8,E01021140,0,-1
2020010235230,2020,010235230,1,9,0,9,9,3,8,0,0,6,0,0,0,0,3,1,6,6,2,22,5,998,1,10,TOYOTA YARIS,2,E01032224,0,-1
2020360986784,2020,360986784,1,9,0,18,19,3,7,0,0,8,0,0,0,0,1,1,5,6,1,20,4,1329,1,6,TOYOTA YARIS,3,E01017127,0,-1
2020010278823,2020,010278823,1,9,0,3,3,5,1,4,4,1,0,8,1,0,4,1,3,7,1,24,5,1296,1,13,TOYOTA YARIS,2,E01002606,0,-1
2020160972968,2020,160972968,1,9,0,18,19,2,6,0,0,0,0,0,0,0,1,1,2,2,1,20,4,998,1,20,TOYOTA YARIS,7,E01013008,0,-1
2020010270849,2020,010270849,1,9,0,10,10,3,1,0,0,6,0,0,0,0,1,1,2,2,1,24,5,1296,1,14,TOYOTA YARIS,8,E01003404,0,-1
2020302000458,2020,302000458,2,9,0,18,19,2,6,0,0,0,0,0,0,0,4,1,6,6,1,56,9,1296,1,12,TOYOTA YARIS,1,E01019561,0,-1
202006K273161,2020,06K273161,3,9,0,2,2,0,0,0,0,2,0,4,0,0,2,1,6,6,1,51,8,1296,1,12,TOYOTA YARIS,2,E01004911,0,-1
2020302001587,2020,302001587,2,9,0,18,19,5,1,0,0,0,0,0,0,0,1,1,6,6,1,40,7,998,1,18,TOYOTA YARIS,1,E01013921,0,-1
2020010266044,2020,010266044,2,9,0,5,5,2,6,0,0,0,0,0,0,0,2,1,6,6,1,45,7,1497,8,3,TOYOTA YARIS,2,E01003037,0,-1
2020471000427,2020,471000427,2,9,0,18,19,6,2,0,0,0,0,0,0,0,2,1,6,6,1,26,6,1497,8,1,TOYOTA YARIS,1,E01020972,0,-1
2020460965019,2020,460965019,1,9,0,5,5,1,5,0,0,2,0,0,0,0,1,1,5,6,2,69,10,1497,8,1,TOYOTA YARIS,7,E01024547,0,-1
2020010276847,2020,010276847,2,9,0,9,9,1,6,0,0,1,0,0,0,0,3,1,6,6,2,32,6,1329,1,8,TOYOTA YARIS,6,E01001570,0,-1
2020200937869,2020,200937869,2,9,0,14,14,2,6,0,0,8,0,0,0,0,1,1,6,6,1,-1,-1,1296,1,13,TOYOTA YARIS,-1,-1,0,-1
2020052001889,2020,052001889,2,9,0,16,19,3,7,0,0,0,0,0,0,0,2,1,6,6,1,38,7,1364,2,13,TOYOTA YARIS,1,E01006675,0,-1
2020210954797,2020,210954797,1,9,0,18,19,4,8,0,0,0,0,0,0,0,1,1,6,6,1,28,6,1329,1,7,TOYOTA YARIS,-1,-1,0,-1
2020200986241,2020,200986241,2,9,0,9,9,1,7,0,0,8,0,0,0,0,1,1,6,6,1,27,6,1329,1,3,TOYOTA YARIS,1,E01009510,0,-1
2020010268588,2020,010268588,2,9,0,18,19,1,5,0,0,1,0,0,0,0,1,1,6,6,1,60,9,1496,1,2,TOYOTA YARIS,5,E01000632,0,-1
2020450982499,2020,450982499,1,9,0,6,6,1,7,0,0,0,0,0,0,0,1,1,6,6,2,73,10,1497,8,2,TOYOTA YARIS,10,E01002938,0,-1
2020501037089,2020,501037089,2,9,0,18,19,5,1,0,0,4,0,0,0,0,2,1,6,6,2,22,5,998,1,19,TOYOTA YARIS,1,E01015152,0,-1
2020400959851,2020,400959851,2,9,0,18,19,6,2,0,0,0,0,0,0,0,0,1,6,6,1,38,7,998,1,16,TOYOTA YARIS,1,E01015699,0,-1
202006Q169989,2020,06Q169989,2,9,0,3,3,4,8,0,0,1,0,0,0,0,2,1,6,6,1,31,6,998,1,13,TOYOTA YARIS,-1,-1,0,-1
2020141006534,2020,141006534,1,9,0,18,19,2,6,0,0,0,0,0,0,0,1,1,5,6,1,33,6,1364,2,14,TOYOTA YARIS,1,E01007736,0,-1
2020430184547,2020,430184547,1,9,0,9,9,7,5,0,0,8,0,0,0,0,0,1,6,6,2,76,11,1299,1,15,TOYOTA YARIS,9,E01016575,0,-1
2020460931304,2020,460931304,1,9,0,18,19,7,3,0,0,7,0,0,0,0,1,1,5,6,1,46,8,1497,8,2,TOYOTA YARIS,8,E01016122,0,-1
2020010252519,2020,010252519,1,9,0,99,99,9,9,99,99,9,9,99,9,99,1,9,6,6,1,26,6,1497,8,1,TOYOTA YARIS,3,E01003618,0,-1
2020137B71221,2020,137B71221,2,9,0,2,2,0,0,0,0,0,0,0,0,0,2,1,6,6,3,-1,-1,998,1,14,TOYOTA YARIS,-1,-1,0,-1
2020070761436,2020,070761436,2,9,0,18,19,2,6,0,0,2,0,0,0,0,1,1,6,6,2,43,7,998,1,8,TOYOTA YARIS,9,E01018374,0,-1
2020140922264,2020,140922264,2,9,0,6,6,1,1,0,0,8,0,0,0,0,1,1,6,6,1,31,6,998,1,17,TOYOTA YARIS,9,E01019778,0,-1
2020201014533,2020,201014533,2,9,0,17,19,4,1,0,0,0,0,0,0,0,4,1,6,6,2,66,10,1497,8,7,TOYOTA YARIS,8,E01010553,0,-1
2020010233531,2020,010233531,1,9,0,16,19,1,5,0,0,1,0,0,0,0,1,2,6,6,2,70,10,1497,8,3,TOYOTA YARIS,2,E01001812,0,-1
20201374B2570,2020,1374B2570,1,9,0,17,19,8,4,0,0,0,5,7,4,6,1,1,6,6,1,20,4,998,1,20,TOYOTA YARIS,1,E01010701,0,-1
2020201008026,2020,201008026,2,9,0,18,19,6,2,0,0,8,0,0,0,0,1,1,6,6,2,32,6,1296,1,13,TOYOTA YARIS,4,E01009522,0,-1
2020440018052,2020,440018052,1,9,0,1,1,0,4,0,0,0,0,0,0,0,2,1,6,6,2,42,7,1296,1,12,TOYOTA YARIS,6,E01017138,0,-1
2020302000823,2020,302000823,2,9,0,7,7,8,4,0,0,3,0,0,0,0,4,1,6,6,1,34,6,998,1,18,TOYOTA YARIS,8,E01013546,0,-1
2020070497913,2020,070497913,1,9,0,18,19,1,5,0,0,0,0,0,0,0,1,1,2,2,2,74,10,1296,1,12,TOYOTA YARIS,7,E01012524,0,-1
2020350997148,2020,350997148,2,9,0,18,19,3,5,0,0,1,2,0,7,0,3,1,6,6,1,60,9,1329,1,10,TOYOTA YARIS,4,E01010457,0,-1
2020450952835,2020,450952835,2,9,0,3,3,2,6,0,0,0,0,4,0,0,2,1,5,6,1,33,6,1497,8,0,TOYOTA YARIS,10,E01016644,0,-1
2020070084801,2020,070084801,2,9,0,2,2,0,0,0,0,0,0,0,0,0,3,1,6,6,2,79,11,1497,8,6,TOYOTA YARIS,7,E01018357,0,-1
2020140967360,2020,140967360,1,9,0,18,19,8,4,0,0,0,0,0,0,0,2,1,6,6,1,39,7,1364,2,6,TOYOTA YARIS,-1,-1,0,-1
2020440406520,2020,440406520,1,9,0,11,11,5,2,0,0,8,0,0,0,0,4,1,6,6,2,79,11,1497,8,7,TOYOTA YARIS,3,E01022904,0,-1
202006E270398,2020,06E270398,1,9,0,18,19,6,2,0,0,8,0,0,0,0,1,1,6,6,3,-1,-1,998,1,19,TOYOTA YARIS,-1,-1,0,-1
202006M170736,2020,06M170736,2,9,0,18,19,3,7,0,0,1,0,0,0,0,1,1,1,1,2,54,8,1497,8,2,TOYOTA YARIS,2,E01005978,0,-1
2020010254358,2020,010254358,2,9,0,3,3,1,5,0,0,1,0,0,0,0,3,1,6,6,2,19,4,1296,1,14,TOYOTA YARIS,-1,-1,0,-1
2020360976089,2020,360976089,2,9,0,18,19,8,4,0,0,0,0,0,0,0,3,1,5,6,1,59,9,1329,1,4,TOYOTA YARIS,7,E01026489,0,-1
2020140920146,2020,140920146,2,9,0,5,5,5,2,0,0,1,0,0,0,0,1,1,6,6,2,41,7,1329,1,5,TOYOTA YARIS,7,E01011767,0,-1
2020430348097,2020,430348097,2,9,0,3,3,1,5,0,0,2,0,0,0,0,0,1,1,1,1,26,6,1364,2,13,TOYOTA YARIS,-1,-1,0,-1
2020460931160,2020,460931160,1,9,0,18,19,5,1,0,0,1,0,0,0,0,1,1,6,6,1,58,9,998,1,17,TOYOTA YARIS,7,E01024719,0,-1
2020360968342,2020,360968342,1,9,0,16,19,8,4,0,0,1,0,0,0,0,3,1,6,6,2,93,11,998,1,15,TOYOTA YARIS,6,E01030053,0,-1
202006F278351,2020,06F278351,2,9,0,9,9,3,1,0,0,8,0,0,0,0,3,1,6,6,1,31,6,998,1,15,TOYOTA YARIS,4,E01033659,0,-1
2020460923023,2020,460923023,1,9,0,1,1,7,3,6,6,1,0,0,0,0,2,1,5,6,2,56,9,1497,8,5,TOYOTA YARIS,7,E01024798,0,-1
2020122000274,2020,122000274,2,9,0,4,4,7,3,0,0,1,0,0,0,0,2,1,1,1,1,63,9,1329,1,3,TOYOTA YARIS,10,E01027700,0,-1
20201378T1380,2020,1378T1380,1,9,0,4,4,5,1,0,0,1,0,0,0,0,1,1,6,6,3,-1,-1,1364,2,13,TOYOTA YARIS,-1,-1,0,-1
2020010239881,2020,010239881,1,9,0,9,9,1,6,0,0,5,1,0,0,0,1,1,6,6,1,60,9,1299,1,16,TOYOTA YARIS,10,E01023551,0,-1
2020010277041,2020,010277041,1,9,0,3,3,7,3,0,0,1,0,0,0,0,2,2,6,6,2,39,7,1497,8,5,TOYOTA YARIS,7,E01001069,0,-1
2020470982044,2020,470982044,2,9,0,10,10,4,1,0,0,1,0,0,0,0,3,1,5,6,1,76,11,1497,8,5,TOYOTA YARIS,10,E01031380,0,-1
2020302001657,2020,302001657,1,9,0,18,19,1,4,0,0,7,0,10,0,0,1,1,6,6,2,21,5,1329,1,8,TOYOTA YARIS,9,E01013540,0,-1
2020340K07122,2020,340K07122,1,9,0,5,5,6,2,0,0,8,0,0,0,0,3,1,6,6,1,81,11,1296,1,12,TOYOTA YARIS,9,E01027117,0,-1
2020010276834,2020,010276834,1,9,0,18,19,7,3,0,0,8,0,0,0,0,4,1,6,6,1,21,5,1329,1,10,TOYOTA YARIS,4,E01000609,0,-1
2020302001515,2020,302001515,1,9,0,18,19,1,2,0,0,0,0,0,0,0,1,1,1,1,1,35,6,998,1,18,TOYOTA YARIS,8,E01013546,0,-1
2020302001153,2020,302001153,1,9,0,18,19,4,8,0,0,1,0,0,1,0,1,1,6,6,1,53,8,1364,2,12,TOYOTA YARIS,4,E01013459,0,-1
2020010234069,2020,010234069,2,9,0,99,99,9,9,99,99,9,9,99,9,99,1,9,6,6,3,-1,-1,1496,1,1,TOYOTA YARIS,10,E01015518,0,-1
202031A138320,2020,31A138320,2,9,0,9,9,2,1,0,0,6,0,0,0,0,4,1,6,6,1,27,6,1329,1,8,TOYOTA YARIS,2,E01028269,0,-1
2020137181281,2020,137181281,2,9,0,18,19,8,4,0,0,8,0,0,0,0,4,1,6,6,2,54,8,1299,1,16,TOYOTA YARIS,2,E01011250,0,-1
202006L172756,2020,06L172756,1,9,0,17,19,7,2,0,0,1,0,0,0,0,3,1,6,6,2,48,8,1296,1,13,TOYOTA YARIS,7,E01004933,0,-1
2020500971201,2020,500971201,4,9,0,18,19,5,1,0,0,0,0,0,0,0,1,1,5,6,2,47,8,1364,2,3,TOYOTA YARIS,5,E01020060,0,-1
2020010236428,2020,010236428,3,9,0,2,2,0,0,0,0,0,0,0,0,0,1,1,6,6,3,-1,-1,1329,1,8,TOYOTA YARIS,-1,-1,0,-1
2020470984054,2020,470984054,1,9,0,18,19,3,7,0,0,0,0,0,0,0,3,1,5,6,1,72,10,1299,1,17,TOYOTA YARIS,7,E01031462,0,-1
2020010246042,2020,010246042,1,9,0,9,9,7,4,0,0,8,0,0,1,11,1,1,6,6,2,58,9,1299,1,15,TOYOTA YARIS,8,E01000420,0,-1