collision_index,collision_year,collision_ref_no,vehicle_reference,vehicle_type,towing_and_articulation,vehicle_manoeuvre_historic,vehicle_manoeuvre,vehicle_direction_from,vehicle_direction_to,vehicle_location_restricted_lane_historic,vehicle_location_restricted_lane,junction_location,skidding_and_overturning,hit_object_in_carriageway,vehicle_leaving_carriageway,hit_object_off_carriageway,first_point_of_impact,vehicle_left_hand_drive,journey_purpose_of_driver_historic,journey_purpose_of_driver,sex_of_driver,age_of_driver,age_band_of_driver,engine_capacity_cc,propulsion_code,age_of_vehicle,generic_make_model,driver_imd_decile,lsoa_of_driver,escooter_flag,driver_distance_banding
2020140944903,2020,140944903,3,9,0,2,2,0,0,0,0,0,0,0,0,0,3,1,6,6,2,30,6,1363,2,18,TOYOTA YARIS,3,E01007546,0,-1
2020430173697,2020,430173697,1,8,0,9,9,8,6,0,0,8,0,0,0,0,1,1,1,1,1,62,9,1329,1,4,-1,10,E01028625,0,-1
2020010281043,2020,010281043,2,9,0,5,5,7,3,0,0,1,0,0,0,0,1,1,1,1,2,27,6,1329,1,4,TOYOTA YARIS,6,E01002240,0,-1
2020137BQ1480,2020,137BQ1480,2,9,0,18,19,4,8,0,0,0,0,0,0,0,2,1,6,6,1,21,5,998,1,15,TOYOTA YARIS,1,E01010744,0,-1
2020010260100,2020,010260100,1,9,0,7,7,6,8,0,0,1,0,0,0,0,0,1,6,6,1,21,5,1329,1,6,TOYOTA YARIS,3,E01002504,0,-1
2020400938079,2020,400938079,2,9,0,18,19,1,5,0,0,1,0,0,0,0,3,1,2,2,2,38,7,1497,8,1,TOYOTA YARIS,8,E01017583,0,-1
2020420973187,2020,420973187,1,9,0,18,19,5,1,0,0,1,0,0,0,0,1,1,6,6,2,22,5,1299,1,20,TOYOTA YARIS,2,E01029971,0,-1
2020040939893,2020,040939893,3,9,0,18,19,7,3,0,0,1,0,0,0,0,1,1,5,6,1,35,6,1363,2,17,TOYOTA YARIS,1,E01025082,0,-1
2020010259036,2020,010259036,1,9,0,18,19,3,7,0,0,0,0,0,0,0,3,1,2,2,1,39,7,998,1,5,TOYOTA YARIS,3,E01002647,0,-1
202031D070120,2020,31D070120,1,9,0,9,9,4,2,0,0,5,0,0,0,0,3,1,6,6,1,79,11,1299,1,17,TOYOTA YARIS,4,E01028208,0,-1
2020230919573,2020,230919573,1,9,0,7,7,6,8,0,0,5,1,0,1,4,1,1,5,6,1,23,5,1329,1,4,TOYOTA YARIS,3,E01001673,0,-1
2020430208161,2020,430208161,2,9,0,18,19,8,4,0,0,1,0,0,0,0,1,1,6,6,1,70,10,1329,1,7,TOYOTA YARIS,7,E01016613,0,-1
2020010266368,2020,010266368,2,9,0,9,9,5,3,0,0,6,0,0,0,0,3,1,6,6,1,48,8,1299,1,16,TOYOTA YARIS,2,E01000126,0,-1
2020990959313,2020,990959313,1,9,0,13,13,7,3,0,0,8,2,0,1,10,4,1,5,6,1,28,6,1496,1,3,TOYOTA YARIS,6,-1,0,-1
2020010278505,2020,010278505,1,9,9,99,99,9,9,99,99,0,9,99,9,99,9,1,6,6,1,94,11,1497,8,5,TOYOTA YARIS,9,E01030567,0,-1
2020200954503,2020,200954503,2,9,0,18,19,2,4,0,0,0,1,0,0,0,1,1,6,6,1,53,8,1329,1,6,TOYOTA YARIS,1,E01008918,0,-1
2020010283350,2020,010283350,1,9,0,99,99,9,9,99,99,9,9,99,9,99,2,9,6,6,1,25,5,998,1,17,TOYOTA YARIS,10,E01024469,0,-1
2020440236419,2020,440236419,1,9,0,17,19,4,8,0,0,0,2,0,7,0,4,1,6,6,2,18,4,1296,1,13,TOYOTA YARIS,4,E01017125,0,-1
2020010262870,2020,010262870,1,9,0,7,7,3,5,0,0,1,0,0,0,0,4,1,2,2,1,35,6,1299,1,17,TOYOTA YARIS,8,E01015696,0,-1
2020201014381,2020,201014381,1,9,0,18,19,2,6,0,0,8,0,0,0,0,1,1,6,6,3,-1,-1,1299,1,16,TOYOTA YARIS,-1,-1,0,-1
2020010273114,2020,010273114,2,9,0,18,19,5,3,0,0,8,0,0,0,0,1,1,2,2,1,36,7,1296,1,14,TOYOTA YARIS,1,E01004209,0,-1
20201373I0774,2020,1373I0774,1,9,0,18,19,7,3,0,0,8,0,0,0,0,1,1,6,6,2,20,4,1329,1,11,TOYOTA YARIS,1,E01033697,0,-1
2020211008251,2020,211008251,1,9,-1,-1,-1,3,4,-1,-1,0,-1,-1,-1,0,-1,1,6,6,1,37,7,1329,1,8,TOYOTA YARIS,2,E01014355,0,-1
2020470922290,2020,470922290,1,9,0,17,19,2,7,0,0,1,0,0,0,0,4,1,5,6,2,59,9,1329,1,7,TOYOTA YARIS,3,E01031409,0,-1
2020010258736,2020,010258736,3,9,0,13,13,1,5,0,0,5,0,1,1,2,1,1,6,6,2,32,6,1497,8,2,TOYOTA YARIS,3,E01033709,0,-1
20201378H0801,2020,1378H0801,2,9,0,18,19,6,2,0,0,1,0,0,0,0,3,1,2,2,1,31,6,998,1,19,TOYOTA YARIS,2,E01011105,0,-1
202006L276183,2020,06L276183,2,9,0,18,19,7,3,0,0,8,0,0,0,0,3,1,6,6,1,36,7,998,1,19,TOYOTA YARIS,3,E01006341,0,-1
2020010269321,2020,010269321,1,9,0,99,99,9,9,99,99,9,9,99,9,99,9,9,2,2,1,19,4,1299,1,16,TOYOTA YARIS,7,E01015955,0,-1
2020460955182,2020,460955182,3,9,0,2,2,0,0,0,0,1,0,0,0,0,3,1,5,6,1,-1,-1,1329,1,7,TOYOTA YARIS,4,E01024029,0,-1
2020052001844,2020,052001844,2,9,0,4,4,3,7,0,0,8,0,0,0,0,2,1,6,6,2,50,8,998,1,18,TOYOTA YARIS,2,E01006624,0,-1
2020470973415,2020,470973415,1,9,0,18,19,3,8,0,0,1,0,0,0,0,3,1,5,6,1,27,6,1329,1,6,TOYOTA YARIS,9,E01021124,0,-1
2020430050698,2020,430050698,1,9,0,3,3,6,2,0,0,1,0,0,0,0,2,1,6,6,2,45,7,1497,8,7,TOYOTA YARIS,3,E01016444,0,-1
2020052001107,2020,052001107,1,9,0,18,19,3,7,0,0,0,0,0,0,0,4,1,6,6,1,70,10,1329,1,7,TOYOTA YARIS,5,E01007173,0,-1
202031D085820,2020,31D085820,2,9,0,18,19,1,5,0,0,0,0,0,0,0,2,1,6,6,2,25,5,1497,8,4,TOYOTA YARIS,8,E01028246,0,-1
2020137A32040,2020,137A32040,2,9,0,18,19,7,3,0,0,1,0,0,0,0,3,1,6,6,1,27,6,1329,1,8,TOYOTA YARIS,-1,-1,0,-1
2020420954717,2020,420954717,2,9,0,9,9,1,8,0,0,3,0,0,0,0,3,1,5,6,1,20,4,1329,1,10,TOYOTA YARIS,8,E01021341,0,-1
2020010255347,2020,010255347,2,9,0,99,99,9,9,99,99,0,9,99,9,99,1,9,6,6,3,-1,-1,1299,1,15,TOYOTA YARIS,-1,-1,0,-1
2020070673627,2020,070673627,1,9,0,18,19,7,3,0,0,0,5,0,8,11,3,1,6,6,1,31,6,998,1,16,TOYOTA YARIS,9,E01033372,0,-1
2020010249212,2020,010249212,2,9,0,99,99,9,9,0,0,8,9,0,0,99,1,9,6,6,3,-1,-1,1363,2,17,TOYOTA YARIS,-1,-1,0,-1
2020200947300,2020,200947300,1,9,0,18,19,8,4,0,0,0,0,0,0,0,1,1,6,6,2,49,8,1497,8,2,TOYOTA YARIS,8,E01010373,0,-1
20201372R0285,2020,1372R0285,1,9,0,5,5,2,6,0,0,6,0,0,0,0,1,1,6,6,1,32,6,1296,1,12,TOYOTA YARIS,-1,-1,0,-1
2020522000458,2020,522000458,2,9,0,18,19,1,1,0,0,0,0,0,0,0,2,1,6,6,3,-1,-1,1363,2,16,TOYOTA YARIS,-1,-1,0,-1
2020370933255,2020,370933255,2,9,0,18,19,1,5,0,0,0,0,0,0,0,1,1,6,6,2,30,6,1363,2,16,TOYOTA YARIS,2,E01030264,0,-1
2020010270101,2020,010270101,1,9,0,99,99,9,9,99,99,0,9,99,9,99,9,9,6,6,2,22,5,1296,1,13,TOYOTA YARIS,4,E01003513,0,-1
2020531006718,2020,531006718,1,9,0,18,19,6,2,0,0,0,1,0,0,0,1,1,2,2,1,18,4,998,1,15,TOYOTA YARIS,4,E01022243,0,-1
2020010253401,2020,010253401,1,9,0,99,99,9,9,99,99,9,9,99,9,99,2,9,6,6,2,55,8,1299,1,19,TOYOTA YARIS,7,E01000909,0,-1
2020010270376,2020,010270376,1,9,0,99,99,9,9,99,99,9,9,99,9,99,2,9,6,6,1,31,6,1363,2,16,TOYOTA YARIS,5,E01002234,0,-1
2020370959964,2020,370959964,1,9,0,18,19,7,5,0,0,0,0,0,1,10,1,1,5,6,1,46,8,1299,1,17,TOYOTA YARIS,4,E01030223,0,-1
202031D149620,2020,31D149620,2,9,0,4,4,2,6,0,0,1,0,0,0,0,2,1,6,6,1,32,6,1363,2,16,TOYOTA YARIS,3,E01013471,0,-1
2020302001175,2020,302001175,1,9,0,18,19,2,6,0,0,8,0,0,0,0,4,1,6,6,1,31,6,1364,2,14,TOYOTA YARIS,1,E01013487,0,-1
2020010286654,2020,010286654,1,9,9,99,99,9,9,99,99,9,9,99,9,99,9,9,6,6,2,-1,-1,1497,8,1,TOYOTA YARIS,5,E01002118,0,-1
2020200955505,2020,200955505,2,9,0,4,4,7,2,0,0,0,0,0,0,0,3,1,6,6,1,34,6,1329,1,4,TOYOTA YARIS,5,E01010000,0,-1
2020500930115,2020,500930115,2,9,0,3,3,2,6,0,0,0,0,0,0,0,2,1,5,6,2,24,5,998,1,18,TOYOTA YARIS,4,E01015268,0,-1
2020350927300,2020,350927300,2,9,0,18,19,1,5,0,0,0,0,0,0,0,1,1,6,6,1,50,8,998,1,19,TOYOTA YARIS,3,E01015665,0,-1
2020010239647,2020,010239647,2,9,0,4,4,8,4,0,0,1,0,0,0,0,3,1,6,6,1,41,7,1329,1,11,TOYOTA YARIS,4,E01003929,0,-1
2020450989612,2020,450989612,1,9,0,16,19,7,3,0,0,1,2,0,0,0,2,1,2,2,2,40,7,998,1,20,TOYOTA YARIS,5,E01024485,0,-1
2020070731881,2020,070731881,2,9,0,7,7,3,7,0,0,1,0,0,0,0,0,1,6,6,2,77,11,1496,1,3,TOYOTA YARIS,10,W01000324,0,-1
2020460984895,2020,460984895,1,9,0,7,7,7,1,9,9,2,1,0,7,0,1,1,5,6,2,79,11,1496,1,0,TOYOTA YARIS,8,E01024625,0,-1
2020100979341,2020,100979341,1,9,0,18,19,2,7,0,0,0,0,0,0,0,1,1,5,6,1,23,5,1299,1,15,TOYOTA YARIS,10,E01008422,0,-1
2020010259593,2020,010259593,1,9,0,10,10,3,1,0,0,1,0,0,0,0,1,1,6,6,2,41,7,1497,8,7,TOYOTA YARIS,2,E01003636,0,-1
2020610004720,2020,610004720,1,9,0,18,19,4,8,0,0,0,1,0,0,6,4,2,6,6,2,-1,-1,1296,1,11,TOYOTA YARIS,7,W01001354,0,-1
2020100918889,2020,100918889,2,9,0,13,13,4,4,0,0,0,0,0,0,0,3,1,1,1,1,57,9,1329,1,7,TOYOTA YARIS,-1,-1,0,-1
2020010279602,2020,010279602,2,9,0,99,99,9,9,99,99,9,9,99,9,99,1,9,6,6,3,-1,-1,1329,1,7,TOYOTA YARIS,-1,-1,0,-1
2020052000025,2020,052000025,1,9,0,9,9,6,4,0,0,6,0,0,0,0,3,1,6,6,2,18,4,998,1,8,TOYOTA YARIS,2,E01006439,0,-1
2020010270971,2020,010270971,1,9,0,7,7,6,7,8,6,6,0,0,0,0,1,1,6,6,1,93,11,1497,8,0,TOYOTA YARIS,3,E01004458,0,-1
2020010244567,2020,010244567,2,9,0,99,99,9,9,99,99,9,9,99,9,99,1,9,6,6,3,29,6,1299,1,18,TOYOTA YARIS,-1,-1,0,-1
2020010235238,2020,010235238,1,9,0,99,99,9,9,99,99,9,9,99,9,99,2,9,6,6,1,28,6,1296,1,14,TOYOTA YARIS,3,E01001203,0,-1
2020522005138,2020,522005138,1,9,0,10,10,5,3,0,0,8,0,0,0,0,2,1,6,6,2,24,5,1329,1,7,TOYOTA YARIS,6,E01032083,0,-1
2020610044020,2020,610044020,1,9,0,18,19,4,8,0,0,0,0,0,0,0,1,1,2,2,1,20,4,1329,1,4,TOYOTA YARIS,9,W01001390,0,-1
2020201021825,2020,201021825,1,9,0,18,19,6,2,0,0,1,0,0,0,0,1,1,6,6,3,-1,-1,1296,1,12,TOYOTA YARIS,-1,-1,0,-1
2020460975943,2020,460975943,2,9,0,18,19,4,8,0,0,7,0,0,0,0,2,1,5,6,1,35,6,1329,1,7,TOYOTA YARIS,4,E01003409,0,-1
2020552001181,2020,552001181,2,9,0,9,9,1,7,0,0,6,0,0,0,0,1,1,6,6,1,72,10,1329,1,9,TOYOTA YARIS,5,E01015329,0,-1
2020460986248,2020,460986248,1,9,0,18,19,5,1,0,0,1,0,0,0,0,1,1,6,6,1,34,6,1296,1,13,TOYOTA YARIS,3,E01016037,0,-1
2020010271884,2020,010271884,1,9,0,18,19,3,7,0,0,8,0,0,0,0,4,1,6,6,1,22,5,998,1,12,TOYOTA YARIS,-1,-1,0,-1
2020010286793,2020,010286793,2,9,0,2,2,0,0,0,0,2,0,0,0,0,1,1,6,6,3,-1,-1,1329,1,11,TOYOTA YARIS,-1,-1,0,-1
2020010239670,2020,010239670,2,9,9,99,99,9,9,99,99,9,9,99,9,99,9,9,6,6,1,-1,-1,1329,1,11,TOYOTA YARIS,-1,-1,0,-1
2020010274774,2020,010274774,2,9,0,99,99,9,9,99,99,9,9,99,9,99,1,9,6,6,1,34,6,1329,1,8,TOYOTA YARIS,2,E01000056,0,-1
2020470921067,2020,470921067,1,9,0,18,19,1,5,0,0,8,0,0,0,0,1,1,6,6,1,81,11,1497,8,4,TOYOTA YARIS,10,E01031380,0,-1
2020010284402,2020,010284402,1,9,0,18,19,3,7,0,0,0,0,0,0,0,1,1,6,6,1,53,8,1497,8,4,TOYOTA YARIS,5,E01000383,0,-1
2020010263877,2020,010263877,2,9,0,18,19,7,3,0,0,1,0,0,0,0,9,9,6,6,2,-1,-1,998,1,13,TOYOTA YARIS,2,E01003576,0,-1
2020010268923,2020,010268923,1,9,0,9,9,5,3,0,0,6,0,0,0,0,1,1,6,6,2,42,7,1296,1,14,TOYOTA YARIS,4,E01001450,0,-1
2020460996441,2020,460996441,1,9,0,18,19,3,5,0,0,1,0,0,0,0,3,1,3,7,2,19,4,1329,1,8,TOYOTA YARIS,4,E01024539,0,-1
2020440464030,2020,440464030,2,9,0,3,3,8,4,0,0,1,0,0,0,0,4,1,6,6,1,31,6,998,1,17,TOYOTA YARIS,2,E01017140,0,-1
2020010238860,2020,010238860,1,9,0,9,9,4,2,0,0,6,0,0,0,0,0,1,1,1,1,23,5,1497,8,2,TOYOTA YARIS,2,E01033591,0,-1
202063C034420,2020,63C034420,2,9,0,2,2,0,0,0,0,0,0,0,0,0,4,1,6,6,2,72,10,1364,2,12,TOYOTA YARIS,8,W01000580,0,-1
2020200953548,2020,200953548,2,9,0,18,19,8,4,0,0,8,0,0,0,0,1,1,6,6,1,25,5,998,1,14,TOYOTA YARIS,5,E01009046,0,-1
2020040991471,2020,040991471,2,9,0,18,19,5,2,0,0,8,0,0,0,0,3,1,5,6,1,42,7,998,1,17,TOYOTA YARIS,1,E01012574,0,-1
2020470918768,2020,470918768,1,9,0,18,19,7,3,0,0,2,0,0,0,0,1,1,1,1,2,24,5,1296,1,12,TOYOTA YARIS,8,E01031840,0,-1
2020137CA0621,2020,137CA0621,2,9,0,18,19,4,4,0,0,0,0,0,0,0,2,1,2,2,1,67,10,1329,1,11,TOYOTA YARIS,-1,-1,0,-1
2020470993608,2020,470993608,1,9,0,9,9,4,2,0,0,8,0,0,0,0,1,1,5,6,1,75,10,1497,8,4,TOYOTA YARIS,8,E01031346,0,-1
2020220980736,2020,220980736,2,9,0,1,1,4,8,0,0,0,0,4,0,0,2,1,6,6,2,35,6,1329,1,4,TOYOTA YARIS,-1,-1,0,-1
2020450928688,2020,450928688,1,9,0,18,19,5,1,0,0,8,0,0,0,0,3,1,5,6,2,76,11,1299,1,16,TOYOTA YARIS,10,E01030891,0,-1
2020410955744,2020,410955744,1,9,0,9,9,3,7,0,0,1,0,0,0,0,1,1,5,6,1,36,7,998,1,16,TOYOTA YARIS,7,E01023739,0,-1
2020420952674,2020,420952674,1,9,0,18,19,8,4,0,0,0,0,4,0,0,1,1,5,6,2,84,11,1329,1,7,TOYOTA YARIS,5,E01021415,0,-1
2020030989125,2020,030989125,1,9,0,18,19,3,7,0,0,0,0,0,0,0,1,1,5,6,1,72,10,1329,1,9,TOYOTA YARIS,9,E01019195,0,-1
2020302001398,2020,302001398,1,9,0,18,19,8,4,9,9,0,0,0,0,0,1,1,3,7,2,34,6,998,1,14,TOYOTA YARIS,1,E01013570,0,-1
2020010239017,2020,010239017,1,9,0,12,12,7,3,0,0,1,0,0,1,0,3,1,3,7,2,39,7,1497,8,7,TOYOTA YARIS,3,E01004562,0,-1
2020500983883,2020,500983883,2,9,0,18,19,1,5,0,0,1,0,0,0,0,4,1,5,6,1,19,4,998,1,16,TOYOTA YARIS,3,E01015032,0,-1
2020200987362,2020,200987362,2,9,0,2,2,0,0,9,9,0,0,0,0,0,2,1,5,6,2,-1,-1,1329,1,5,TOYOTA YARIS,4,E01009231,0,-1
2020200932161,2020,200932161,1,9,0,18,19,5,1,0,0,1,0,0,0,0,1,1,6,6,1,33,6,1329,1,10,TOYOTA YARIS,1,E01009192,0,-1
2020010276957,2020,010276957,3,9,0,18,19,7,3,0,0,0,0,0,0,0,4,1,6,6,2,29,6,1497,8,2,TOYOTA YARIS,3,E01003193,0,-1
2020010230541,2020,010230541,1,9,0,4,4,5,1,0,0,0,0,0,0,0,2,1,6,6,1,50,8,998,1,5,TOYOTA YARIS,7,E01002927,0,-1
2020461009515,2020,461009515,2,9,0,4,4,1,5,0,0,1,0,0,0,0,2,1,6,6,1,61,9,1329,1,5,TOYOTA YARIS,2,E01016159,0,-1
2020010283515,2020,010283515,2,9,9,7,7,7,1,0,0,8,9,0,0,0,1,9,6,6,3,-1,-1,1329,1,11,TOYOTA YARIS,-1,-1,0,-1
2020500944865,2020,500944865,2,9,0,4,4,8,4,0,0,0,0,0,0,0,2,1,6,6,2,80,11,1296,1,13,TOYOTA YARIS,7,E01020124,0,-1
2020010240256,2020,010240256,2,9,0,99,99,9,9,0,0,0,0,99,9,99,9,9,6,6,3,-1,-1,1497,8,5,TOYOTA YARIS,-1,-1,0,-1
2020470971991,2020,470971991,1,9,0,18,19,3,7,0,0,0,0,0,0,0,1,1,5,6,1,54,8,1364,2,12,TOYOTA YARIS,6,E01016887,0,-1
2020010253257,2020,010253257,1,9,9,99,99,9,9,99,99,9,9,99,9,99,9,9,6,6,3,36,7,1329,1,10,TOYOTA YARIS,-1,-1,0,-1
2020360941274,2020,360941274,2,9,0,4,4,1,7,0,0,1,0,0,1,0,2,1,5,6,2,55,8,1299,1,20,TOYOTA YARIS,5,E01026493,0,-1
2020990927551,2020,990927551,2,9,0,16,19,3,7,0,0,0,0,0,1,11,3,1,6,6,2,39,7,1329,1,3,TOYOTA YARIS,8,-1,0,-1
2020522101166,2020,522101166,1,9,0,-1,-1,-1,-1,0,0,0,5,10,1,10,1,1,6,6,1,78,11,1296,1,12,TOYOTA YARIS,-1,-1,0,-1
2020530927209,2020,530927209,2,9,0,4,4,3,1,0,0,1,0,0,0,0,2,1,5,6,2,72,10,1296,1,12,TOYOTA YARIS,3,E01022364,0,-1
2020200955529,2020,200955529,2,9,0,2,2,0,0,0,0,0,0,0,0,0,0,1,6,6,3,55,8,1496,1,2,TOYOTA YARIS,6,E01009737,0,-1
2020410990295,2020,410990295,2,9,0,18,19,6,2,0,0,8,0,0,0,0,1,1,6,6,2,72,10,1299,1,16,TOYOTA YARIS,2,E01001509,0,-1
2020460927815,2020,460927815,1,9,0,18,19,7,3,0,0,6,0,0,0,0,3,1,2,2,1,34,6,1497,1,16,TOYOTA YARIS,9,E01016103,0,-1
2020010271204,2020,010271204,2,9,0,18,19,3,7,0,0,8,0,0,0,0,1,1,6,6,1,31,6,1299,1,15,TOYOTA YARIS,4,E01004215,0,-1
202031C123120,2020,31C123120,2,9,0,3,3,8,4,0,0,8,0,0,0,0,2,1,6,6,1,42,7,998,1,15,TOYOTA YARIS,2,E01013918,0,-1
2020010233986,2020,010233986,2,9,0,9,9,8,7,0,0,1,0,0,0,0,3,1,6,6,2,56,9,998,1,21,TOYOTA YARIS,2,E01003032,0,-1
2020010271608,2020,010271608,1,9,0,10,10,3,8,0,0,2,0,0,0,0,1,1,6,6,2,28,6,998,1,20,TOYOTA YARIS,8,E01002993,0,-1
2020320662679,2020,320662679,1,9,0,18,19,6,2,0,0,1,0,0,1,0,1,1,6,6,2,66,10,1497,8,6,TOYOTA YARIS,-1,-1,0,-1
2020010256901,2020,010256901,1,9,0,18,19,5,1,0,0,0,0,0,0,0,3,1,6,6,1,29,6,1496,1,1,TOYOTA YARIS,4,E01003740,0,-1
2020220987291,2020,220987291,1,9,0,18,19,6,2,0,0,0,0,0,0,0,2,1,5,6,2,27,6,998,1,18,TOYOTA YARIS,8,E01028997,0,-1
2020040953904,2020,040953904,2,9,0,9,9,1,6,0,0,5,0,0,0,0,3,1,5,6,1,87,11,1296,1,12,TOYOTA YARIS,4,E01025276,0,-1
2020302001169,2020,302001169,1,9,0,5,5,8,5,0,0,0,0,0,0,0,3,1,6,6,1,76,11,1329,1,8,TOYOTA YARIS,10,E01019756,0,-1
2020522003158,2020,522003158,2,9,0,18,19,7,3,0,0,1,0,0,0,0,1,1,6,6,1,30,6,1329,1,4,TOYOTA YARIS,6,E01014591,0,-1
2020201020648,2020,201020648,1,9,0,5,5,6,2,0,0,0,0,0,0,0,3,1,6,6,2,47,8,1296,1,11,TOYOTA YARIS,3,E01009145,0,-1
2020500978536,2020,500978536,1,9,0,18,19,6,2,0,0,0,0,4,0,0,3,1,5,6,2,47,8,1497,8,8,TOYOTA YARIS,5,E01020332,0,-1
2020010260482,2020,010260482,1,9,0,5,5,3,7,0,0,1,0,0,0,0,1,1,6,6,2,46,8,1497,8,7,TOYOTA YARIS,2,E01002784,0,-1
2020040999568,2020,040999568,1,9,0,18,19,1,5,0,0,0,0,4,0,0,1,1,1,1,2,24,5,1296,1,13,TOYOTA YARIS,4,E01025187,0,-1
2020430240575,2020,430240575,2,9,0,18,19,3,7,0,0,0,0,0,0,0,3,1,6,6,1,35,6,1329,1,6,TOYOTA YARIS,7,E01016220,0,-1
2020552000861,2020,552000861,2,9,0,15,15,7,3,0,0,0,0,0,0,0,4,1,3,7,2,40,7,1299,1,20,TOYOTA YARIS,7,E01015348,0,-1
2020040990028,2020,040990028,2,9,0,18,19,2,6,0,0,0,0,0,0,0,4,1,5,6,1,52,8,998,1,19,TOYOTA YARIS,1,E01025224,0,-1
2020010253776,2020,010253776,1,9,0,18,19,7,3,0,0,0,1,4,0,0,2,1,6,6,1,23,5,1497,8,2,TOYOTA YARIS,1,E01001013,0,-1
2020010234989,2020,010234989,1,9,0,1,1,5,1,0,0,1,0,0,0,0,3,1,6,6,1,20,4,1329,1,5,TOYOTA YARIS,2,E01000604,0,-1
2020137791349,2020,137791349,2,9,0,3,3,6,2,0,0,1,0,0,0,0,2,1,2,2,1,36,7,998,1,17,TOYOTA YARIS,8,E01011884,0,-1
2020140964253,2020,140964253,1,9,0,16,19,5,8,0,0,0,2,0,0,0,3,1,6,6,1,43,7,1363,2,18,TOYOTA YARIS,-1,-1,0,-1
2020470995546,2020,470995546,1,9,0,12,12,8,5,0,0,0,0,0,1,0,2,1,2,2,2,62,9,1496,1,2,TOYOTA YARIS,10,E01016085,0,-1
2020370938290,2020,370938290,2,9,0,18,19,8,4,0,0,1,0,0,0,0,1,1,5,6,2,58,9,1329,1,4,TOYOTA YARIS,5,E01033446,0,-1
2020010259905,2020,010259905,1,9,0,18,19,3,7,0,0,0,0,0,0,0,4,2,6,6,1,53,8,1296,1,12,TOYOTA YARIS,2,E01000143,0,-1
2020010246020,2020,010246020,1,9,0,18,19,5,1,9,9,1,2,7,7,10,1,2,6,6,2,37,7,1496,1,2,TOYOTA YARIS,-1,-1,0,-1
2020470970144,2020,470970144,1,9,0,18,19,3,7,0,0,8,0,0,0,0,1,1,2,2,2,42,7,1299,1,16,TOYOTA YARIS,8,E01031814,0,-1
2020010277717,2020,010277717,1,9,0,99,99,9,9,99,99,9,9,99,9,99,2,9,6,6,1,58,9,1363,2,15,TOYOTA YARIS,9,E01030309,0,-1
2020430146502,2020,430146502,1,9,0,18,19,7,3,0,0,8,0,0,7,11,1,1,6,6,1,85,11,1363,2,16,TOYOTA YARIS,9,E01017935,0,-1
2020040932479,2020,040932479,1,9,0,12,12,7,3,0,0,0,0,0,1,1,1,1,5,6,2,25,5,1497,8,3,TOYOTA YARIS,4,E01005474,0,-1
2020010240190,2020,010240190,1,9,0,99,99,9,9,0,0,6,0,0,0,0,9,1,6,6,1,54,8,1296,1,14,TOYOTA YARIS,5,E01002234,0,-1
2020320102408,2020,320102408,2,9,0,18,19,7,3,0,0,0,0,0,0,0,1,1,6,6,2,55,8,1329,1,9,TOYOTA YARIS,-1,-1,0,-1
202006M175968,2020,06M175968,2,9,0,18,19,4,8,0,0,8,0,0,0,0,1,1,2,2,1,37,7,1296,1,12,TOYOTA YARIS,2,E01006144,0,-1
2020200952645,2020,200952645,1,9,0,9,9,4,2,0,0,5,0,0,0,0,1,1,6,6,2,38,7,1299,1,15,TOYOTA YARIS,3,E01009232,0,-1
2020052001897,2020,052001897,2,9,0,18,19,3,7,0,0,8,0,0,0,0,3,1,6,6,2,46,8,1329,1,6,TOYOTA YARIS,3,E01007233,0,-1
202031D002020,2020,31D002020,1,9,0,6,6,6,6,0,0,0,0,0,1,3,1,1,6,6,1,76,11,1497,8,7,TOYOTA YARIS,10,E01028135,0,-1
2020990936415,2020,990936415,1,9,0,9,9,3,1,0,0,8,0,0,0,0,1,1,6,6,1,40,7,1497,8,6,TOYOTA YARIS,6,-1,0,-1
202006K368866,2020,06K368866,2,9,0,18,19,7,3,0,0,0,0,0,0,0,2,1,2,2,2,23,5,1497,8,5,TOYOTA YARIS,3,E01004868,0,-1
2020010244597,2020,010244597,1,9,0,9,9,7,5,0,0,8,0,0,0,0,4,1,6,6,2,24,5,1296,1,14,TOYOTA YARIS,2,E01003497,0,-1
2020990951698,2020,990951698,1,9,0,10,10,1,6,0,0,6,0,0,0,0,1,1,5,6,1,39,7,998,1,15,TOYOTA YARIS,5,-1,0,-1
2020100951503,2020,100951503,1,9,0,9,9,2,6,0,0,1,0,0,0,0,0,1,6,6,1,60,9,1364,2,8,TOYOTA YARIS,-1,-1,0,-1
2020200976452,2020,200976452,2,9,0,18,19,7,3,0,0,8,0,0,0,0,1,1,2,2,1,31,6,998,1,11,TOYOTA YARIS,1,E01009489,0,-1
20201378S1937,2020,1378S1937,3,9,0,2,2,0,0,0,0,1,0,0,0,0,3,1,6,6,3,-1,-1,1329,1,7,TOYOTA YARIS,-1,-1,0,-1
2020041001592,2020,041001592,1,9,0,18,19,1,5,0,0,4,0,0,0,0,1,2,5,6,1,75,10,1497,8,2,TOYOTA YARIS,7,E01025339,0,-1
2020010260473,2020,010260473,1,9,0,17,19,1,5,9,9,2,0,10,1,11,1,1,6,6,1,27,6,998,1,10,TOYOTA YARIS,2,E01001001,0,-1
2020470987809,2020,470987809,2,9,0,3,3,1,5,0,0,0,0,0,0,0,2,1,5,6,2,55,8,1299,1,20,TOYOTA YARIS,4,E01031575,0,-1