collision_index,collision_year,collision_ref_no,vehicle_reference,vehicle_type,towing_and_articulation,vehicle_manoeuvre_historic,vehicle_manoeuvre,vehicle_direction_from,vehicle_direction_to,vehicle_location_restricted_lane_historic,vehicle_location_restricted_lane,junction_location,skidding_and_overturning,hit_object_in_carriageway,vehicle_leaving_carriageway,hit_object_off_carriageway,first_point_of_impact,vehicle_left_hand_drive,journey_purpose_of_driver_historic,journey_purpose_of_driver,sex_of_driver,age_of_driver,age_band_of_driver,engine_capacity_cc,propulsion_code,age_of_vehicle,generic_make_model,driver_imd_decile,lsoa_of_driver,escooter_flag,driver_distance_banding
2020430165520,2020,430165520,2,9,0,12,12,2,6,0,0,1,0,0,0,0,3,1,6,6,1,22,5,1296,1,14,TOYOTA YARIS,6,E01002834,0,-1
202031B150520,2020,31B150520,1,9,0,18,19,3,7,0,0,0,0,7,0,0,1,1,6,6,2,72,10,1329,1,9,TOYOTA YARIS,4,E01028260,0,-1
2020040993289,2020,040993289,1,9,0,18,19,3,7,0,0,0,0,4,0,0,3,1,5,6,1,75,10,1497,8,6,TOYOTA YARIS,8,E01024916,0,-1
2020010229196,2020,010229196,2,9,0,99,99,9,9,99,99,9,9,99,9,99,1,9,6,6,3,-1,-1,1299,1,16,TOYOTA YARIS,-1,-1,0,-1
2020200991872,2020,200991872,1,9,0,18,19,-1,-1,0,0,0,0,0,0,0,0,1,6,6,2,32,6,1329,1,11,TOYOTA YARIS,3,E01009411,0,-1
2020470965548,2020,470965548,1,9,0,7,7,5,7,0,0,4,0,0,0,0,4,1,5,6,2,64,9,1296,1,12,TOYOTA YARIS,4,E01031786,0,-1
202006P368015,2020,06P368015,1,9,0,18,19,4,8,0,0,8,0,0,0,0,1,1,6,6,1,85,11,1329,1,10,TOYOTA YARIS,3,E01005554,0,-1
2020137370854,2020,137370854,1,9,0,18,19,6,2,6,6,0,1,0,0,7,1,1,6,6,1,30,6,998,1,18,TOYOTA YARIS,1,E01011316,0,-1
2020010305537,2020,010305537,1,9,0,99,99,9,9,99,99,9,9,99,9,99,9,9,6,6,1,28,6,998,1,19,TOYOTA YARIS,2,E01000049,0,-1
2020990964269,2020,990964269,2,9,0,17,19,7,4,0,0,0,0,0,0,0,1,1,5,6,2,41,7,998,1,11,TOYOTA YARIS,-1,-1,0,-1
2020990978349,2020,990978349,1,9,0,18,19,8,3,0,0,8,0,0,0,0,1,1,5,6,2,83,11,1299,1,19,TOYOTA YARIS,4,-1,0,-1
2020548588620,2020,548588620,1,9,0,8,8,8,4,0,0,1,0,0,0,0,1,1,6,6,1,34,6,998,1,15,TOYOTA YARIS,8,E01015553,0,-1
2020430124109,2020,430124109,2,9,0,18,19,1,5,0,0,2,0,0,0,0,0,1,1,1,1,35,6,1497,8,1,TOYOTA YARIS,-1,-1,0,-1
2020230966063,2020,230966063,3,9,0,18,19,2,6,0,0,0,0,0,0,0,1,1,5,6,1,28,6,1296,1,13,TOYOTA YARIS,5,E01010026,0,-1
2020500944576,2020,500944576,1,9,0,18,19,5,1,0,0,0,0,0,0,0,1,1,5,6,1,82,11,1299,1,17,TOYOTA YARIS,7,E01015203,0,-1
2020010256906,2020,010256906,3,9,0,18,19,2,6,0,0,1,0,0,0,0,1,1,6,6,2,24,5,1296,1,13,TOYOTA YARIS,5,E01001998,0,-1
2020010238730,2020,010238730,1,9,0,9,9,8,6,0,0,2,0,0,7,0,3,1,2,2,1,44,7,1497,8,6,TOYOTA YARIS,-1,-1,0,-1
2020010248166,2020,010248166,1,9,0,99,99,9,9,99,99,9,9,99,9,99,2,9,2,2,1,30,6,1497,8,6,TOYOTA YARIS,2,E01003619,0,-1
2020411003726,2020,411003726,1,9,0,5,5,5,5,0,0,3,0,0,0,0,4,1,5,6,1,25,5,1296,1,12,TOYOTA YARIS,10,E01002191,0,-1
2020052002699,2020,052002699,1,9,0,18,19,5,1,0,0,3,1,0,0,0,4,1,2,2,2,31,6,998,1,19,TOYOTA YARIS,2,E01006708,0,-1
2020460997777,2020,460997777,2,9,0,18,19,8,3,0,0,8,0,0,0,0,1,1,6,6,2,33,6,1496,1,2,TOYOTA YARIS,6,E01024038,0,-1
202006P173624,2020,06P173624,1,9,0,17,19,8,5,0,0,8,0,0,0,0,1,1,6,6,3,-1,-1,998,1,14,TOYOTA YARIS,-1,-1,0,-1
202006F175043,2020,06F175043,3,9,0,7,7,6,8,0,0,1,0,0,0,0,1,1,6,6,2,67,10,1329,1,11,TOYOTA YARIS,4,E01005712,0,-1
2020220960942,2020,220960942,2,9,0,10,10,1,8,0,0,8,0,0,0,0,2,1,5,6,1,21,5,998,1,3,TOYOTA YARIS,6,E01012953,0,-1
2020052001670,2020,052001670,1,9,0,18,19,6,2,0,0,0,0,0,0,0,1,1,6,6,2,50,8,1329,1,11,TOYOTA YARIS,7,E01007144,0,-1
2020010265709,2020,010265709,2,9,0,99,99,9,9,99,99,9,9,99,9,99,1,9,6,6,3,66,10,1329,1,9,TOYOTA YARIS,9,E01003809,0,-1
2020140919300,2020,140919300,1,9,0,9,9,6,4,0,0,6,0,0,0,0,1,1,1,1,2,-1,-1,1296,1,11,TOYOTA YARIS,4,E01007742,0,-1
2020160972519,2020,160972519,1,9,0,2,2,0,0,0,0,0,0,0,0,0,3,1,1,1,1,44,7,1296,1,12,TOYOTA YARIS,1,E01012846,0,-1
202006Q176972,2020,06Q176972,2,9,0,9,9,5,3,0,0,8,0,0,0,0,3,1,6,6,2,33,6,1364,2,9,TOYOTA YARIS,2,E01005461,0,-1
202006F267550,2020,06F267550,2,9,0,9,9,3,1,0,0,8,0,0,0,0,3,1,3,7,2,38,7,1296,1,13,TOYOTA YARIS,6,E01005625,0,-1
2020010253766,2020,010253766,2,9,0,99,99,9,9,99,99,9,9,99,9,99,1,9,6,6,3,-1,-1,998,1,18,TOYOTA YARIS,4,E01004462,0,-1
2020010267855,2020,010267855,1,9,0,18,19,7,3,0,0,0,0,0,0,0,1,1,3,7,2,45,7,1329,1,6,TOYOTA YARIS,6,E01000624,0,-1
2020010251057,2020,010251057,2,9,0,18,19,3,7,0,0,8,9,0,0,99,1,9,6,6,1,-1,-1,1329,1,7,TOYOTA YARIS,3,E01000613,0,-1
2020010232754,2020,010232754,1,9,0,99,99,9,9,99,99,0,9,99,9,99,2,9,6,6,1,37,7,998,1,17,TOYOTA YARIS,5,E01002394,0,-1
2020010233968,2020,010233968,2,9,0,99,99,9,9,99,99,9,9,99,9,99,2,9,6,6,2,35,6,1329,1,7,TOYOTA YARIS,3,E01004443,0,-1
2020460956872,2020,460956872,2,9,0,4,4,8,4,0,0,0,0,0,0,0,2,1,5,6,2,25,5,1497,8,5,TOYOTA YARIS,3,E01001508,0,-1
2020200981048,2020,200981048,2,9,0,9,9,4,1,0,0,5,0,0,0,0,4,1,6,6,2,22,5,1329,1,9,TOYOTA YARIS,1,E01009327,0,-1
2020122001222,2020,122001222,3,9,0,3,3,3,7,0,0,0,0,0,0,0,1,1,3,7,2,49,8,1496,1,0,TOYOTA YARIS,6,E01027684,0,-1
2020351005836,2020,351005836,1,9,0,16,19,1,5,0,0,0,1,10,0,0,1,1,5,6,1,61,9,1497,8,4,TOYOTA YARIS,8,E01017468,0,-1
2020440188073,2020,440188073,2,9,0,5,5,0,4,0,0,1,0,0,0,0,3,1,6,6,3,-1,-1,1497,8,5,TOYOTA YARIS,-1,-1,0,-1
2020470947259,2020,470947259,1,9,0,18,19,5,1,0,0,0,0,0,0,0,3,1,1,1,2,26,6,1329,1,5,TOYOTA YARIS,1,E01021019,0,-1
2020140979342,2020,140979342,2,9,0,18,19,5,1,0,0,2,0,0,0,0,2,1,1,1,2,26,6,1296,1,12,TOYOTA YARIS,1,E01007496,0,-1
2020450967354,2020,450967354,1,9,0,18,19,6,2,0,0,1,0,0,0,0,1,1,1,1,1,30,6,998,1,14,TOYOTA YARIS,8,E01030698,0,-1
20201372G0418,2020,1372G0418,1,9,0,18,19,7,3,0,0,0,0,0,0,0,4,1,2,2,2,40,7,1497,8,4,TOYOTA YARIS,1,E01010635,0,-1
2020010231575,2020,010231575,2,9,0,18,19,8,4,0,0,1,0,0,0,0,1,1,6,6,2,36,7,1497,8,1,TOYOTA YARIS,3,E01004735,0,-1
2020410952040,2020,410952040,2,9,0,18,19,1,5,0,0,0,0,0,0,0,1,1,1,1,1,52,8,1497,8,6,TOYOTA YARIS,5,E01001407,0,-1
2020350936711,2020,350936711,2,9,0,2,2,7,3,0,0,0,0,0,0,0,2,1,5,6,2,46,8,1497,8,1,TOYOTA YARIS,9,E01018209,0,-1
2020200935672,2020,200935672,1,9,0,7,7,4,7,0,0,6,0,0,0,0,1,1,6,6,1,40,7,998,1,17,TOYOTA YARIS,1,E01009374,0,-1
2020470928516,2020,470928516,2,9,0,18,19,4,8,0,0,1,0,0,0,0,1,1,5,6,1,87,11,1299,1,17,TOYOTA YARIS,6,E01021021,0,-1
2020122001142,2020,122001142,2,9,0,4,4,3,7,0,0,1,0,0,0,0,2,1,6,6,2,22,5,1296,1,13,TOYOTA YARIS,10,E01027615,0,-1
202006J176362,2020,06J176362,1,9,0,18,19,6,2,0,0,8,0,0,0,0,1,1,6,6,1,33,6,1299,1,16,TOYOTA YARIS,2,E01005222,0,-1
2020200944192,2020,200944192,2,9,0,18,19,4,8,0,0,0,2,0,4,6,4,1,5,6,2,33,6,998,1,17,TOYOTA YARIS,3,E01013626,0,-1
2020100941198,2020,100941198,2,9,0,3,3,3,7,0,0,1,0,0,0,0,0,1,6,6,1,49,8,1299,1,16,TOYOTA YARIS,1,E01008426,0,-1
2020010278241,2020,010278241,2,9,0,99,99,9,9,99,99,9,9,99,9,99,9,9,6,6,3,-1,-1,1329,1,8,TOYOTA YARIS,6,E01003888,0,-1
2020200950943,2020,200950943,1,9,0,18,19,6,2,0,0,8,0,0,0,0,4,1,6,6,1,56,9,1296,1,12,TOYOTA YARIS,1,E01009341,0,-1
2020052002597,2020,052002597,2,9,0,18,19,7,3,0,0,8,0,0,7,0,4,1,1,1,2,39,7,1296,1,12,TOYOTA YARIS,7,E01007246,0,-1
2020430092269,2020,430092269,2,9,0,18,19,2,6,0,0,4,0,0,3,4,2,1,6,6,2,30,6,1329,1,8,TOYOTA YARIS,9,E01016616,0,-1
2020010273610,2020,010273610,2,9,9,3,3,3,7,99,99,9,9,99,9,99,2,1,1,1,1,30,6,1497,8,6,TOYOTA YARIS,4,E01001975,0,-1
2020140938981,2020,140938981,1,9,0,18,19,1,5,0,0,1,0,0,0,0,1,1,5,6,2,33,6,1296,1,13,TOYOTA YARIS,2,E01007726,0,-1
2020220984068,2020,220984068,1,9,0,16,19,2,6,0,0,0,2,0,1,10,1,1,2,2,1,20,4,1497,1,17,TOYOTA YARIS,2,W01001468,0,-1
2020200945239,2020,200945239,1,9,0,7,7,8,2,0,0,5,1,10,1,10,1,1,6,6,1,25,5,1364,2,13,TOYOTA YARIS,1,E01008901,0,-1
2020990991841,2020,990991841,2,9,0,8,8,3,5,0,0,1,0,0,0,0,0,1,6,6,1,63,9,998,1,17,TOYOTA YARIS,6,-1,0,-1
2020430289061,2020,430289061,2,9,0,1,1,2,6,0,0,6,0,0,0,0,2,1,6,6,1,20,4,1364,2,14,TOYOTA YARIS,10,E01028816,0,-1
2020350991168,2020,350991168,1,9,0,18,19,1,5,0,0,0,0,7,0,0,3,1,2,2,2,37,7,1329,1,10,TOYOTA YARIS,8,E01015685,0,-1
2020010257667,2020,010257667,2,9,0,99,99,9,9,99,99,9,9,99,9,99,9,9,6,6,1,50,8,1497,8,8,TOYOTA YARIS,7,E01003395,0,-1
2020161002819,2020,161002819,1,9,0,9,9,1,3,0,0,6,0,0,6,0,3,1,5,6,2,84,11,1329,1,10,TOYOTA YARIS,9,E01012962,0,-1
2020302000992,2020,302000992,2,9,0,2,2,0,0,0,0,0,0,0,0,0,3,1,6,6,1,46,8,998,1,17,TOYOTA YARIS,8,E01019747,0,-1
2020201005829,2020,201005829,2,9,0,10,10,8,6,0,0,1,0,0,0,0,1,1,6,6,1,39,7,998,1,18,TOYOTA YARIS,1,E01009490,0,-1
2020450918756,2020,450918756,1,9,0,18,19,1,5,0,0,0,0,0,0,0,1,1,5,6,1,57,9,1329,1,5,TOYOTA YARIS,6,E01003843,0,-1
202006E175571,2020,06E175571,1,9,0,18,19,3,7,0,0,2,0,0,1,2,1,1,6,6,1,22,5,1329,1,11,TOYOTA YARIS,5,E01001525,0,-1
202006E168614,2020,06E168614,2,9,0,18,19,4,8,0,0,2,0,0,0,0,1,1,6,6,3,-1,-1,1299,1,15,TOYOTA YARIS,-1,-1,0,-1
2020461002072,2020,461002072,1,9,0,9,9,7,3,0,0,0,0,0,0,0,3,1,6,6,2,35,6,1329,1,11,TOYOTA YARIS,8,E01016179,0,-1
2020100966968,2020,100966968,1,9,0,18,19,6,2,0,0,8,0,0,0,0,1,1,5,6,2,37,7,1496,1,2,TOYOTA YARIS,4,E01008209,0,-1
2020430173697,2020,430173697,2,9,0,9,9,2,8,0,0,8,0,0,0,0,3,1,3,7,2,40,7,1497,8,2,TOYOTA YARIS,6,E01028717,0,-1
2020052002041,2020,052002041,2,9,0,5,5,3,7,0,0,2,0,0,0,0,1,1,2,2,2,55,8,998,1,7,TOYOTA YARIS,6,E01007029,0,-1
2020542920820,2020,542920820,2,9,0,7,7,5,7,0,0,0,0,0,0,0,2,1,1,1,2,40,7,998,1,20,TOYOTA YARIS,9,E01032092,0,-1
2020010258819,2020,010258819,1,9,0,9,9,5,3,0,0,6,0,7,0,0,1,1,6,6,2,30,6,1299,1,15,TOYOTA YARIS,1,E01004288,0,-1
2020040955682,2020,040955682,2,9,0,18,19,3,7,0,0,0,0,0,0,0,2,1,1,1,2,35,6,1364,2,10,TOYOTA YARIS,1,E01033231,0,-1
2020010279651,2020,010279651,2,9,0,14,14,4,8,0,0,1,0,0,0,0,1,1,6,6,2,47,8,1329,1,9,TOYOTA YARIS,2,E01004253,0,-1
2020010280096,2020,010280096,2,9,0,18,19,7,3,0,0,0,0,0,1,4,1,1,1,1,2,45,7,1329,1,7,TOYOTA YARIS,7,E01000685,0,-1
2020010280386,2020,010280386,1,9,0,18,19,1,5,0,0,4,0,0,0,0,3,1,6,6,1,66,10,1299,1,18,TOYOTA YARIS,2,E01000315,0,-1
20201372B0028,2020,1372B0028,1,9,0,18,19,1,5,0,0,8,1,0,0,11,1,1,6,6,1,20,4,1329,1,10,TOYOTA YARIS,1,E01010723,0,-1
2020400980017,2020,400980017,1,9,0,3,3,0,0,0,0,1,0,0,0,0,4,1,6,6,2,55,8,1497,8,1,TOYOTA YARIS,3,E01015744,0,-1
2020470972902,2020,470972902,2,9,0,8,8,2,4,0,0,8,0,0,0,0,2,1,5,6,2,29,6,1296,1,13,TOYOTA YARIS,9,E01031496,0,-1
2020302000573,2020,302000573,2,9,0,18,19,1,4,0,0,1,0,0,0,0,4,1,6,6,1,28,6,998,1,14,TOYOTA YARIS,6,E01028374,0,-1
2020200933681,2020,200933681,1,9,0,9,9,2,8,0,0,5,0,0,0,0,4,1,6,6,1,38,7,998,1,17,TOYOTA YARIS,1,E01008910,0,-1
2020137461266,2020,137461266,1,9,0,18,19,3,7,0,0,0,0,0,0,0,1,1,6,6,1,16,4,998,1,17,TOYOTA YARIS,4,E01010664,0,-1
2020137BB1700,2020,137BB1700,1,9,0,2,2,0,0,0,0,2,0,0,0,0,3,1,6,6,1,19,4,1296,1,13,TOYOTA YARIS,7,E01011642,0,-1
2020160987929,2020,160987929,1,9,0,9,9,8,5,0,0,8,0,0,0,0,4,1,5,6,1,53,8,1497,8,5,TOYOTA YARIS,3,E01012795,0,-1
2020160922661,2020,160922661,1,9,0,2,2,0,0,0,0,2,0,0,0,0,3,1,6,6,2,-1,-1,1496,1,1,TOYOTA YARIS,10,E01013063,0,-1
2020320542731,2020,320542731,2,9,0,18,19,5,1,0,0,3,0,0,0,0,1,1,6,6,2,19,4,1299,1,20,TOYOTA YARIS,3,E01023157,0,-1
2020450926863,2020,450926863,1,9,0,18,19,5,1,0,0,0,0,0,0,0,1,1,2,2,2,25,5,1329,1,8,TOYOTA YARIS,3,E01001170,0,-1
2020547002220,2020,547002220,1,9,0,18,19,5,1,0,0,8,0,0,0,0,4,1,6,6,1,19,4,1299,1,15,TOYOTA YARIS,9,E01022381,0,-1
2020010243884,2020,010243884,1,9,0,99,99,9,9,99,99,9,9,99,9,99,3,9,6,6,1,42,7,1497,8,6,TOYOTA YARIS,5,E01002395,0,-1
2020010273570,2020,010273570,1,9,0,18,19,7,3,0,0,8,0,0,0,0,1,1,1,1,1,44,7,1497,8,2,TOYOTA YARIS,4,E01003278,0,-1
2020450923094,2020,450923094,2,9,0,17,19,7,3,0,0,0,0,0,7,0,1,1,5,6,1,30,6,998,1,19,TOYOTA YARIS,6,E01030600,0,-1
2020440067989,2020,440067989,1,9,0,17,19,6,2,0,0,2,0,0,2,10,4,1,6,6,2,30,6,998,1,20,TOYOTA YARIS,5,E01017307,0,-1
2020481013296,2020,481013296,2,9,0,18,19,3,7,0,0,1,0,0,0,0,1,1,5,6,2,36,7,998,1,16,TOYOTA YARIS,1,E01033131,0,-1
202006A278627,2020,06A278627,2,9,0,3,3,8,4,0,0,1,0,0,0,0,2,1,6,6,1,30,6,1296,1,11,TOYOTA YARIS,-1,-1,0,-1
2020040979482,2020,040979482,2,9,0,18,19,8,5,0,0,1,0,0,0,0,4,1,5,6,1,29,6,998,1,15,TOYOTA YARIS,4,E01025308,0,-1
2020010247554,2020,010247554,1,9,0,9,9,3,1,0,0,6,0,0,0,0,1,1,1,1,2,37,7,1497,8,3,TOYOTA YARIS,3,E01032574,0,-1
2020010231363,2020,010231363,2,9,0,2,2,0,0,0,0,0,0,0,0,0,3,1,6,6,3,-1,-1,1329,1,9,TOYOTA YARIS,-1,-1,0,-1
2020500962515,2020,500962515,2,9,0,2,2,0,0,0,0,0,0,0,0,0,2,1,6,6,2,81,11,998,1,20,TOYOTA YARIS,7,E01020106,0,-1
2020041001600,2020,041001600,1,9,0,16,19,8,3,0,0,0,2,0,0,0,1,1,2,2,1,31,6,1299,1,18,TOYOTA YARIS,1,E01025528,0,-1
202006K176569,2020,06K176569,2,9,0,18,19,4,8,0,0,8,1,0,7,10,3,1,6,6,1,25,5,998,1,11,TOYOTA YARIS,2,E01004871,0,-1
202006E174271,2020,06E174271,2,9,0,18,19,1,5,0,0,2,0,0,0,0,1,1,6,6,2,35,6,998,1,17,TOYOTA YARIS,1,E01005209,0,-1
2020010253767,2020,010253767,2,9,0,5,5,5,1,0,0,4,0,0,1,0,1,1,6,6,2,21,5,1329,1,10,TOYOTA YARIS,8,E01000320,0,-1
2020430231106,2020,430231106,1,9,0,18,19,6,2,0,0,1,0,0,0,0,1,1,6,6,2,31,6,1497,8,3,TOYOTA YARIS,3,E01016721,0,-1
2020420939923,2020,420939923,2,9,0,18,19,4,8,0,0,8,0,0,0,0,3,1,1,1,1,51,8,1299,1,18,TOYOTA YARIS,6,E01029906,0,-1
2020470954308,2020,470954308,1,9,0,5,5,7,3,0,0,4,0,0,0,0,3,1,6,6,1,27,6,998,1,20,TOYOTA YARIS,8,E01028531,0,-1
2020122000743,2020,122000743,1,9,0,18,19,3,7,0,0,2,0,0,0,0,4,1,6,6,1,78,11,1497,8,1,TOYOTA YARIS,3,E01027612,0,-1
2020140982752,2020,140982752,2,9,0,18,19,3,7,0,0,4,0,0,0,0,1,1,6,6,1,28,6,998,1,16,TOYOTA YARIS,2,E01008107,0,-1
2020010281679,2020,010281679,1,9,0,18,19,5,1,0,0,4,0,0,0,0,1,1,6,6,1,34,6,998,1,16,TOYOTA YARIS,2,E01004283,0,-1
2020010266539,2020,010266539,2,9,0,5,5,5,1,0,0,4,0,0,0,0,3,2,6,6,1,41,7,1296,1,13,TOYOTA YARIS,1,E01000605,0,-1
2020040975528,2020,040975528,2,9,0,18,19,7,3,0,0,0,1,0,1,0,2,1,2,2,1,48,8,1364,2,7,TOYOTA YARIS,3,E01012585,0,-1
2020010246686,2020,010246686,2,9,0,9,9,1,7,0,0,5,0,0,0,0,3,1,6,6,2,29,6,1329,1,10,TOYOTA YARIS,9,E01021789,0,-1
2020110966153,2020,110966153,3,9,0,18,19,7,3,0,0,0,0,0,0,0,0,1,6,6,1,24,5,1299,1,15,TOYOTA YARIS,2,E01011974,0,-1
2020052001486,2020,052001486,1,9,0,18,19,8,4,0,0,1,0,0,0,0,1,1,6,6,3,-1,-1,1299,1,19,TOYOTA YARIS,-1,-1,0,-1
2020522003289,2020,522003289,1,9,0,18,19,8,4,0,0,8,0,0,0,0,1,1,6,6,1,49,8,1296,1,13,TOYOTA YARIS,-1,-1,0,-1
2020010258299,2020,010258299,1,9,0,3,3,3,7,0,0,1,0,0,0,0,4,1,6,6,1,18,4,998,1,17,TOYOTA YARIS,-1,-1,0,-1
20201378R1569,2020,1378R1569,2,9,0,2,2,0,0,0,0,0,0,0,0,0,1,1,6,6,2,44,7,1329,1,7,TOYOTA YARIS,4,E01011033,0,-1
2020010248374,2020,010248374,2,9,0,18,19,1,5,0,0,1,0,4,0,0,1,1,6,6,2,48,8,1497,8,1,TOYOTA YARIS,4,E01002596,0,-1
2020041009063,2020,041009063,1,9,0,16,19,8,3,0,0,0,5,0,7,11,1,1,5,6,2,37,7,1496,1,1,TOYOTA YARIS,3,E01010789,0,-1
2020200982925,2020,200982925,2,9,0,3,3,5,1,0,0,0,0,0,0,0,2,1,2,2,1,50,8,998,1,14,TOYOTA YARIS,1,E01008995,0,-1
2020200991390,2020,200991390,1,9,0,5,5,2,6,0,0,0,0,0,0,0,1,1,6,6,1,46,8,1296,1,12,TOYOTA YARIS,1,E01009404,0,-1
2020470976010,2020,470976010,5,9,0,18,19,7,3,0,0,0,0,0,0,0,3,1,5,6,2,19,4,998,1,13,TOYOTA YARIS,7,E01021022,0,-1
2020211027149,2020,211027149,2,9,0,10,10,4,2,0,0,1,0,0,0,0,2,1,6,6,1,33,6,1296,1,14,TOYOTA YARIS,-1,-1,0,-1
2020052001725,2020,052001725,1,9,0,9,9,5,3,0,0,8,0,0,0,0,4,1,6,6,1,-1,-1,1329,1,8,TOYOTA YARIS,9,E01006828,0,-1
2020360994312,2020,360994312,1,9,0,18,19,1,5,0,0,0,0,0,1,0,1,1,5,6,2,92,11,998,1,16,TOYOTA YARIS,6,E01026419,0,-1
202006XJ69067,2020,06XJ69067,1,9,0,18,19,3,7,0,0,0,1,0,0,0,1,1,2,2,2,41,7,1329,1,10,TOYOTA YARIS,5,E01005873,0,-1
2020622000082,2020,622000082,4,9,0,2,2,0,0,0,0,1,0,0,0,0,2,1,6,6,3,-1,-1,1329,1,7,TOYOTA YARIS,-1,-1,0,-1
2020548925220,2020,548925220,1,9,0,4,4,4,1,0,0,1,0,0,0,0,4,1,6,6,2,28,6,1496,1,1,TOYOTA YARIS,6,E01032708,0,-1
2020400973438,2020,400973438,2,9,0,4,4,3,7,0,0,2,0,0,0,0,2,1,6,6,1,51,8,1329,1,8,TOYOTA YARIS,9,E01023406,0,-1
2020010252165,2020,010252165,2,9,0,99,99,9,9,99,99,0,9,99,9,99,1,9,6,6,3,30,6,1299,1,16,TOYOTA YARIS,6,E01000192,0,-1
2020010263851,2020,010263851,1,9,0,6,6,1,1,0,0,1,0,0,0,0,3,1,1,1,1,27,6,1329,1,8,TOYOTA YARIS,4,E01002794,0,-1
2020432003248,2020,432003248,2,9,0,18,19,6,2,0,0,1,0,0,0,0,2,1,1,1,2,45,7,1329,1,7,TOYOTA YARIS,7,E01016722,0,-1
2020010247057,2020,010247057,1,9,0,7,7,5,7,0,0,8,0,0,0,0,4,1,6,6,2,40,7,1299,1,17,TOYOTA YARIS,10,E01024443,0,-1
2020010250413,2020,010250413,7,9,0,2,2,0,0,0,0,2,0,0,0,0,3,1,6,6,3,-1,-1,1329,1,4,TOYOTA YARIS,-1,-1,0,-1
2020440497587,2020,440497587,1,9,0,18,19,2,6,0,0,0,0,0,1,4,1,1,2,2,2,33,6,998,1,16,TOYOTA YARIS,10,E01032005,0,-1
2020010276307,2020,010276307,1,9,0,99,99,9,9,99,99,9,9,99,9,99,1,9,6,6,2,31,6,1497,8,5,TOYOTA YARIS,4,E01001325,0,-1
202031C119620,2020,31C119620,1,9,0,9,9,6,3,0,0,6,0,0,0,0,1,1,6,6,2,26,6,1299,1,19,TOYOTA YARIS,9,E01013981,0,-1
2020161004495,2020,161004495,2,9,0,5,5,8,3,0,0,8,0,0,0,0,1,1,6,6,1,28,6,1329,1,3,TOYOTA YARIS,1,E01012806,0,-1
2020350952924,2020,350952924,1,9,0,16,19,7,1,0,0,0,1,0,0,0,1,1,1,1,1,19,4,1496,1,0,TOYOTA YARIS,5,E01026715,0,-1
2020010242734,2020,010242734,1,9,0,99,99,9,9,99,99,1,9,99,9,99,2,9,6,6,2,48,8,1329,1,5,TOYOTA YARIS,7,E01002343,0,-1
2020140977260,2020,140977260,1,9,0,17,19,6,2,0,0,0,0,0,0,0,1,1,5,6,2,23,5,1329,1,9,TOYOTA YARIS,2,E01013347,0,-1
2020990920436,2020,990920436,1,9,0,14,14,5,1,0,0,0,0,0,0,0,4,1,3,7,2,32,6,998,1,10,TOYOTA YARIS,3,-1,0,-1
2020100992729,2020,100992729,1,9,0,3,3,5,1,0,0,0,0,0,0,0,1,1,6,6,1,25,5,998,1,19,TOYOTA YARIS,1,E01008332,0,-1
2020200955847,2020,200955847,1,9,0,16,19,8,2,0,0,0,5,10,1,0,3,1,6,6,1,70,10,1299,1,15,TOYOTA YARIS,1,E01009147,0,-1
202006K372924,2020,06K372924,3,9,0,9,9,1,7,0,0,5,0,0,0,0,3,1,6,6,1,22,5,1364,2,12,TOYOTA YARIS,1,E01004856,0,-1
2020101002540,2020,101002540,1,9,0,15,15,5,1,0,0,8,0,7,0,0,1,1,5,6,1,78,11,1497,8,0,TOYOTA YARIS,2,E01020751,0,-1
2020200957942,2020,200957942,3,9,0,4,4,2,6,0,0,2,0,0,0,0,2,1,6,6,1,43,7,1329,1,9,TOYOTA YARIS,7,E01009645,0,-1
2020010277059,2020,010277059,1,9,0,99,99,9,9,99,99,8,9,99,9,99,1,9,2,2,2,-1,-1,1299,1,16,TOYOTA YARIS,3,E01003719,0,-1
2020302000685,2020,302000685,2,9,0,9,9,4,8,0,0,1,0,0,0,0,3,1,6,6,2,29,6,1497,8,8,TOYOTA YARIS,1,E01009511,0,-1
2020302001230,2020,302001230,2,9,0,18,19,8,6,0,0,8,5,0,0,0,4,1,1,1,1,45,7,1363,2,17,TOYOTA YARIS,2,E01033172,0,-1
2020140953021,2020,140953021,1,9,0,17,19,5,2,0,0,0,0,0,0,0,1,1,5,6,2,60,9,998,1,12,TOYOTA YARIS,5,E01007588,0,-1
2020451001239,2020,451001239,3,9,0,3,3,1,5,0,0,0,0,0,0,0,2,1,5,6,1,81,11,1364,2,12,TOYOTA YARIS,6,E01030610,0,-1
2020010256945,2020,010256945,1,9,0,13,13,5,1,0,0,0,0,0,0,0,2,1,6,6,2,25,5,1329,1,9,TOYOTA YARIS,4,E01000570,0,-1
2020071025753,2020,071025753,2,9,0,2,2,8,4,0,0,1,0,0,1,0,2,1,6,6,1,30,6,998,1,17,TOYOTA YARIS,8,E01006100,0,-1
2020410996594,2020,410996594,2,9,0,12,12,3,7,0,0,0,0,0,0,0,4,1,5,6,1,43,7,1364,2,13,TOYOTA YARIS,5,E01003139,0,-1