collision_index,collision_year,collision_ref_no,vehicle_reference,vehicle_type,towing_and_articulation,vehicle_manoeuvre_historic,vehicle_manoeuvre,vehicle_direction_from,vehicle_direction_to,vehicle_location_restricted_lane_historic,vehicle_location_restricted_lane,junction_location,skidding_and_overturning,hit_object_in_carriageway,vehicle_leaving_carriageway,hit_object_off_carriageway,first_point_of_impact,vehicle_left_hand_drive,journey_purpose_of_driver_historic,journey_purpose_of_driver,sex_of_driver,age_of_driver,age_band_of_driver,engine_capacity_cc,propulsion_code,age_of_vehicle,generic_make_model,driver_imd_decile,lsoa_of_driver,escooter_flag,driver_distance_banding
2020320581020,2020,320581020,2,9,0,18,19,8,4,0,0,1,0,0,0,0,1,1,3,7,2,39,7,1296,1,12,TOYOTA YARIS,8,E01026365,0,-1
2020010237443,2020,010237443,2,9,9,99,99,9,9,0,0,9,0,0,0,0,4,9,6,6,2,34,6,1329,1,10,TOYOTA YARIS,4,E01033490,0,-1
202054C654820,2020,54C654820,1,9,0,18,19,5,3,0,0,4,0,0,0,0,1,1,6,6,1,39,7,1490,8,0,TOYOTA YARIS,4,E01015580,0,-1
202031B027220,2020,31B027220,1,9,0,18,19,7,3,0,0,8,0,0,0,0,1,1,6,6,2,42,7,1329,1,5,TOYOTA YARIS,3,E01025950,0,-1
2020430269021,2020,430269021,3,9,0,18,19,2,6,0,0,0,0,0,0,0,1,1,6,6,3,36,7,1497,8,4,TOYOTA YARIS,3,E01031956,0,-1
2020361006802,2020,361006802,3,9,0,3,3,5,1,0,0,1,0,0,0,0,3,1,5,6,2,74,10,1296,1,14,TOYOTA YARIS,5,E01026816,0,-1
2020440164144,2020,440164144,2,9,0,13,13,4,8,0,0,0,0,0,0,0,4,1,6,6,1,56,9,998,1,21,TOYOTA YARIS,4,E01017289,0,-1
2020450919213,2020,450919213,2,9,0,7,7,5,1,0,0,2,0,0,0,0,1,1,2,2,1,60,9,1329,1,3,TOYOTA YARIS,9,E01031393,0,-1
2020010280951,2020,010280951,1,9,0,18,19,1,5,0,0,1,0,0,0,0,1,1,6,6,1,47,8,1296,1,14,TOYOTA YARIS,2,E01001181,0,-1
2020040972737,2020,040972737,1,9,0,18,19,7,3,0,0,1,0,0,0,0,1,1,2,2,1,32,6,1329,1,8,TOYOTA YARIS,2,E01012745,0,-1
2020052000366,2020,052000366,1,8,0,9,9,2,8,0,0,8,0,0,0,0,2,1,1,1,1,47,8,1497,8,6,-1,1,E01006768,0,-1
2020430283101,2020,430283101,1,9,0,18,19,1,5,0,0,0,0,0,0,0,1,1,2,2,2,73,10,1497,8,1,TOYOTA YARIS,9,E01016219,0,-1
20201375Q1018,2020,1375Q1018,1,9,0,18,19,8,5,0,0,8,0,0,0,0,3,2,6,6,1,83,11,1329,1,11,TOYOTA YARIS,8,E01011825,0,-1
2020430253771,2020,430253771,2,9,0,18,19,2,6,0,0,0,0,0,0,0,1,1,6,6,1,-1,-1,1364,2,13,TOYOTA YARIS,-1,-1,0,-1
2020200943315,2020,200943315,2,9,0,4,4,3,7,0,0,0,0,0,0,0,2,1,1,1,2,29,6,1497,8,1,TOYOTA YARIS,1,E01009378,0,-1
2020420976549,2020,420976549,1,9,0,18,19,5,1,0,0,0,0,0,0,0,1,1,5,6,1,41,7,1329,1,9,TOYOTA YARIS,8,E01002181,0,-1
2020450989644,2020,450989644,1,9,0,5,5,7,3,0,0,1,0,0,7,2,1,1,5,6,2,72,10,1299,1,19,TOYOTA YARIS,10,E01030558,0,-1
2020052002636,2020,052002636,2,9,0,18,19,5,1,0,0,8,0,0,0,0,1,1,6,6,2,35,6,998,1,14,TOYOTA YARIS,2,E01032506,0,-1
2020010237015,2020,010237015,2,8,0,99,99,9,9,99,99,0,9,99,9,99,1,9,6,6,3,33,6,1497,8,4,-1,2,E01004207,0,-1
2020440462942,2020,440462942,1,9,0,18,19,6,2,0,0,2,0,0,0,0,1,1,6,6,1,20,4,998,1,18,TOYOTA YARIS,-1,-1,0,-1
2020010230620,2020,010230620,2,9,0,4,4,7,3,0,0,8,0,0,0,0,1,1,6,6,2,65,9,1497,8,7,TOYOTA YARIS,6,E01002484,0,-1
2020137A40453,2020,137A40453,1,9,0,9,9,8,2,0,0,5,0,0,0,0,1,1,6,6,3,-1,-1,1296,1,13,TOYOTA YARIS,-1,-1,0,-1
2020010286260,2020,010286260,2,9,0,5,5,7,3,0,0,3,0,0,0,0,1,1,6,6,3,-1,-1,1364,2,13,TOYOTA YARIS,-1,-1,0,-1
2020010271941,2020,010271941,1,9,0,18,19,3,7,0,0,0,0,0,0,0,4,1,2,2,2,28,6,1329,1,7,TOYOTA YARIS,4,E01024142,0,-1
2020160973563,2020,160973563,1,9,0,4,4,2,6,0,0,1,1,0,0,0,1,1,6,6,1,20,4,998,1,18,TOYOTA YARIS,1,E01012928,0,-1
2020140960348,2020,140960348,2,9,0,18,19,6,2,0,0,1,0,0,0,0,1,1,6,6,3,36,7,998,1,19,TOYOTA YARIS,1,E01007376,0,-1
2020340N05282,2020,340N05282,3,9,0,3,3,1,5,0,0,1,0,0,0,0,2,1,6,6,2,-1,-1,1497,8,6,TOYOTA YARIS,5,E01027158,0,-1
2020070621619,2020,070621619,1,9,0,7,7,8,4,0,0,6,0,0,0,0,1,1,6,6,2,75,10,1329,1,4,TOYOTA YARIS,10,E01018346,0,-1
202063A069620,2020,63A069620,1,9,0,16,19,8,3,0,0,0,1,0,2,10,1,1,2,2,2,54,8,1363,2,16,TOYOTA YARIS,6,W01000541,0,-1
202006F278382,2020,06F278382,1,9,0,5,5,4,8,0,0,0,0,0,0,0,3,1,6,6,1,30,6,1296,1,14,TOYOTA YARIS,1,E01005167,0,-1
2020450925179,2020,450925179,1,9,0,14,14,2,6,0,0,2,0,4,0,0,1,1,5,6,2,24,5,998,1,17,TOYOTA YARIS,9,E01030960,0,-1
2020030995355,2020,030995355,3,9,0,4,4,5,1,0,0,0,0,0,0,0,2,1,5,6,2,60,9,1497,8,3,TOYOTA YARIS,9,E01019124,0,-1
2020302000378,2020,302000378,2,9,0,18,19,4,8,0,0,0,0,0,0,0,1,1,6,6,1,44,7,1497,8,7,TOYOTA YARIS,6,E01019669,0,-1
2020010253695,2020,010253695,2,9,0,99,99,9,9,99,99,9,9,99,9,99,1,9,6,6,3,32,6,998,1,12,TOYOTA YARIS,2,E01001579,0,-1
2020420976651,2020,420976651,2,9,0,3,3,2,6,0,0,1,0,0,0,0,2,1,5,6,2,46,8,1329,1,11,TOYOTA YARIS,2,E01021686,0,-1
2020040953390,2020,040953390,2,9,0,18,19,3,7,0,0,0,0,0,0,0,4,1,5,6,2,36,7,1496,1,2,TOYOTA YARIS,1,E01012720,0,-1
2020200995456,2020,200995456,1,9,0,17,19,1,6,0,0,0,0,10,7,11,1,1,6,6,1,-1,-1,998,1,18,TOYOTA YARIS,-1,-1,0,-1
2020010281559,2020,010281559,2,9,0,9,9,5,3,0,0,5,0,0,0,0,1,1,6,6,1,35,6,1299,1,17,TOYOTA YARIS,2,E01003055,0,-1
2020010238923,2020,010238923,1,9,0,4,4,3,7,0,0,1,0,0,0,0,1,1,6,6,2,37,7,1329,1,11,TOYOTA YARIS,3,E01001177,0,-1
2020320417124,2020,320417124,1,9,0,9,9,5,1,0,0,0,0,0,0,0,1,1,6,6,2,78,11,1329,1,4,TOYOTA YARIS,3,E01026174,0,-1
2020461006922,2020,461006922,2,9,0,5,5,5,1,0,0,0,0,0,0,0,4,1,6,6,2,47,8,998,1,18,TOYOTA YARIS,8,E01024362,0,-1
2020010287576,2020,010287576,2,9,0,99,99,9,9,99,99,9,9,99,9,99,1,9,6,6,3,-1,-1,1329,1,4,TOYOTA YARIS,-1,-1,0,-1
2020350990550,2020,350990550,4,9,0,3,3,8,4,0,0,1,0,0,0,0,2,1,6,6,2,27,6,1497,8,1,TOYOTA YARIS,9,E01018250,0,-1
2020421006330,2020,421006330,1,9,0,9,9,1,8,0,0,1,0,0,0,0,4,1,2,2,2,22,5,998,1,13,TOYOTA YARIS,2,E01004349,0,-1
2020137841922,2020,137841922,1,9,0,18,19,4,8,0,0,6,0,0,0,0,1,1,6,6,1,-1,-1,1296,1,12,TOYOTA YARIS,-1,-1,0,-1
2020010250170,2020,010250170,2,9,0,14,14,1,5,0,0,0,0,4,0,0,1,2,6,6,2,53,8,1496,1,2,TOYOTA YARIS,2,E01015921,0,-1
2020430317889,2020,430317889,1,9,0,18,19,1,5,0,0,4,0,0,0,0,3,1,6,6,1,86,11,1329,1,7,TOYOTA YARIS,2,E01016438,0,-1
2020100985495,2020,100985495,1,9,0,18,19,3,7,0,0,0,0,0,0,0,1,1,5,6,2,52,8,1329,1,3,TOYOTA YARIS,6,E01008685,0,-1
2020010277763,2020,010277763,2,9,0,99,99,9,9,99,99,9,9,99,9,99,9,9,6,6,3,83,11,1299,1,16,TOYOTA YARIS,9,E01000341,0,-1
2020200975766,2020,200975766,2,9,0,18,19,1,5,0,0,8,0,10,1,0,4,1,2,2,1,31,6,1296,1,14,TOYOTA YARIS,1,E01009486,0,-1
2020201023134,2020,201023134,2,9,0,5,5,6,2,0,0,0,0,0,0,0,2,1,1,1,1,31,6,998,1,17,TOYOTA YARIS,2,E01009487,0,-1
2020430053016,2020,430053016,1,9,0,18,19,1,5,0,0,0,0,0,0,0,4,1,6,6,1,91,11,1329,1,7,TOYOTA YARIS,9,E01016315,0,-1
2020522002876,2020,522002876,1,9,0,9,9,7,5,0,0,5,0,0,0,0,3,1,6,6,2,28,6,1497,8,2,TOYOTA YARIS,4,E01014686,0,-1
2020137A30658,2020,137A30658,1,9,0,9,9,6,3,0,0,1,0,0,0,0,3,1,6,6,1,43,7,1364,2,12,TOYOTA YARIS,1,E01011510,0,-1
2020470965784,2020,470965784,1,9,0,18,19,6,8,0,0,0,0,0,0,0,1,1,6,6,2,36,7,1329,1,8,TOYOTA YARIS,4,E01020973,0,-1
2020430276797,2020,430276797,1,9,0,7,7,1,3,0,0,2,0,0,2,11,3,1,6,6,2,53,8,1299,1,19,TOYOTA YARIS,5,E01016771,0,-1
2020450992266,2020,450992266,1,9,0,16,19,1,5,0,0,0,1,0,1,4,1,1,1,1,2,23,5,998,1,16,TOYOTA YARIS,8,E01003470,0,-1
2020010276014,2020,010276014,2,9,0,9,9,5,3,0,0,5,1,0,0,0,4,1,6,6,1,65,9,1496,1,2,TOYOTA YARIS,8,E01003470,0,-1
2020201020005,2020,201020005,1,9,0,4,4,2,6,9,9,0,0,0,0,0,1,1,1,1,1,39,7,1798,1,12,TOYOTA YARIS,1,E01009373,0,-1
2020990995653,2020,990995653,1,9,0,1,1,7,3,9,9,1,0,0,0,0,2,2,1,1,1,24,5,998,1,10,TOYOTA YARIS,2,-1,0,-1
2020200956879,2020,200956879,2,9,0,10,10,3,1,0,0,8,0,0,0,0,2,1,1,1,1,30,6,998,1,13,TOYOTA YARIS,4,E01009035,0,-1
2020450958078,2020,450958078,1,9,0,16,19,4,8,0,0,8,0,0,7,4,1,1,5,6,1,46,8,1329,1,8,TOYOTA YARIS,10,E01030495,0,-1
2020010280030,2020,010280030,1,9,0,3,3,1,5,0,0,1,0,4,0,0,2,1,3,7,1,36,7,1299,1,19,TOYOTA YARIS,4,E01004142,0,-1
2020400970038,2020,400970038,2,9,0,18,19,2,6,0,0,1,0,0,0,0,1,1,4,7,2,21,5,1497,8,2,TOYOTA YARIS,5,E01015762,0,-1
2020010266458,2020,010266458,2,9,0,18,19,1,5,0,0,8,0,0,0,0,1,1,6,6,2,48,8,1496,1,2,TOYOTA YARIS,3,E01033464,0,-1
2020170S20120,2020,170S20120,1,9,0,9,9,5,4,0,0,8,0,0,0,0,4,1,6,6,2,71,10,1496,1,3,TOYOTA YARIS,-1,-1,0,-1
2020531004995,2020,531004995,2,9,0,3,3,4,8,0,0,1,0,0,0,0,2,1,6,6,2,54,8,1329,1,10,TOYOTA YARIS,7,E01022336,0,-1
2020220953301,2020,220953301,4,9,0,2,2,0,0,0,0,0,0,0,0,0,4,1,5,6,2,57,9,1329,1,6,TOYOTA YARIS,8,E01032153,0,-1
2020052001874,2020,052001874,1,9,0,9,9,2,8,0,0,1,0,0,0,0,1,1,6,6,1,56,9,1497,8,4,TOYOTA YARIS,7,E01007148,0,-1
2020350948634,2020,350948634,1,9,0,18,19,4,8,0,0,0,0,0,0,0,1,1,6,6,1,29,6,1299,1,16,TOYOTA YARIS,-1,-1,0,-1
2020230970405,2020,230970405,2,9,0,18,19,5,1,0,0,8,0,0,0,0,1,1,5,6,1,88,11,1299,1,18,TOYOTA YARIS,6,E01031130,0,-1
2020440065972,2020,440065972,1,9,0,16,19,5,1,0,0,0,5,10,2,4,1,1,6,6,1,18,4,998,1,17,TOYOTA YARIS,10,E01023092,0,-1
2020010266490,2020,010266490,1,9,0,18,19,1,5,0,0,0,0,0,0,0,1,1,6,6,2,76,11,1329,1,6,TOYOTA YARIS,9,E01000461,0,-1
2020010255025,2020,010255025,1,9,0,18,19,1,5,0,0,1,0,0,0,0,2,1,6,6,1,50,8,1497,8,7,TOYOTA YARIS,4,E01001623,0,-1
2020471003495,2020,471003495,3,9,0,3,3,1,5,0,0,8,0,0,0,0,2,1,5,6,1,73,10,1329,1,8,TOYOTA YARIS,10,E01031511,0,-1
2020040920738,2020,040920738,1,9,0,17,19,7,3,0,0,0,0,0,0,0,1,1,2,2,2,22,5,998,1,17,TOYOTA YARIS,9,E01012609,0,-1
2020320562938,2020,320562938,2,9,0,2,2,0,0,0,0,0,0,0,0,11,2,1,6,6,3,40,7,1329,1,6,TOYOTA YARIS,9,E01026203,0,-1
20201377I1280,2020,1377I1280,1,9,0,16,19,1,4,0,0,0,1,0,0,0,1,1,6,6,1,26,6,1296,1,14,TOYOTA YARIS,5,E01010992,0,-1
2020010230304,2020,010230304,1,9,0,18,19,7,3,0,0,0,0,0,0,0,1,1,2,2,1,61,9,998,1,17,TOYOTA YARIS,-1,-1,0,-1
2020040992218,2020,040992218,1,9,0,5,5,6,2,0,0,0,0,4,0,0,1,1,1,1,2,27,6,1329,1,11,TOYOTA YARIS,1,E01012577,0,-1
202006XE77798,2020,06XE77798,3,9,0,4,4,2,6,0,0,0,0,0,0,0,2,1,6,6,1,22,5,1296,1,12,TOYOTA YARIS,2,E01005237,0,-1
2020040986179,2020,040986179,2,9,0,18,19,1,5,0,0,1,0,0,0,0,1,1,5,6,1,21,5,998,1,10,TOYOTA YARIS,1,E01025083,0,-1
2020302000819,2020,302000819,2,9,0,17,19,2,1,0,0,0,0,0,0,0,1,1,6,6,1,25,5,1299,1,15,TOYOTA YARIS,10,E01019708,0,-1
2020137321147,2020,137321147,1,9,0,6,6,3,3,0,0,0,0,0,0,0,4,1,6,6,2,38,7,1296,1,14,TOYOTA YARIS,1,E01010626,0,-1
2020411011961,2020,411011961,1,9,0,9,9,1,7,0,0,5,0,0,0,0,1,1,5,6,2,20,4,1296,1,14,TOYOTA YARIS,10,E01017883,0,-1
2020160936934,2020,160936934,1,9,0,5,5,6,2,0,0,0,0,0,0,0,4,1,5,6,1,74,10,1296,1,12,TOYOTA YARIS,1,E01012946,0,-1
2020460934105,2020,460934105,2,9,0,4,4,2,6,0,0,0,0,0,0,0,2,1,5,6,2,35,6,998,1,12,TOYOTA YARIS,6,E01024516,0,-1
2020010244550,2020,010244550,4,9,0,2,2,0,0,0,0,0,0,0,0,0,2,1,6,6,3,-1,-1,1299,1,19,TOYOTA YARIS,-1,-1,0,-1
2020210985982,2020,210985982,2,9,-1,-1,-1,-1,-1,-1,-1,0,-1,-1,-1,0,-1,1,6,6,2,31,6,1497,8,3,TOYOTA YARIS,9,E01029375,0,-1
2020010278651,2020,010278651,2,9,0,4,4,6,2,0,0,0,0,0,0,0,1,1,2,2,2,41,7,1497,8,2,TOYOTA YARIS,4,E01001694,0,-1
202063D035320,2020,63D035320,2,9,0,9,9,6,5,0,0,5,0,0,0,0,3,1,6,6,2,51,8,998,1,17,TOYOTA YARIS,5,W01000505,0,-1
2020010249382,2020,010249382,1,9,0,99,99,9,9,99,99,9,9,99,9,99,1,9,6,6,2,20,4,1497,8,5,TOYOTA YARIS,4,E01001329,0,-1
2020122000439,2020,122000439,2,9,0,18,19,7,3,0,0,1,0,0,0,0,1,1,6,6,2,44,7,1363,2,17,TOYOTA YARIS,4,E01025216,0,-1
2020470983763,2020,470983763,3,9,0,18,19,8,4,0,0,0,0,0,0,0,2,1,1,1,2,20,4,1299,1,15,TOYOTA YARIS,8,E01021214,0,-1
202031C021320,2020,31C021320,2,9,0,3,3,6,2,0,0,0,0,0,0,0,2,1,6,6,2,19,4,1329,1,9,TOYOTA YARIS,8,E01019659,0,-1
2020137861996,2020,137861996,1,9,0,18,19,6,2,0,0,0,0,0,1,0,1,1,2,2,1,27,6,998,1,18,TOYOTA YARIS,2,E01033031,0,-1
202006P369945,2020,06P369945,1,9,0,5,5,7,3,0,0,8,0,0,0,0,3,1,6,6,1,37,7,1329,1,5,TOYOTA YARIS,1,E01005142,0,-1
2020010243273,2020,010243273,2,9,0,4,4,5,1,0,0,0,0,0,0,0,2,1,6,6,1,22,5,998,1,14,TOYOTA YARIS,9,E01000409,0,-1
2020122000161,2020,122000161,1,9,0,18,19,1,5,0,0,0,5,0,7,9,3,1,1,1,2,44,7,998,1,17,TOYOTA YARIS,8,E01027621,0,-1
2020137B80773,2020,137B80773,2,9,0,18,19,6,6,0,0,0,0,0,0,0,0,1,6,6,2,29,6,1329,1,11,TOYOTA YARIS,-1,-1,0,-1
202006Q174627,2020,06Q174627,2,9,0,18,19,1,5,0,0,0,0,0,1,10,4,1,6,6,1,36,7,998,1,18,TOYOTA YARIS,8,E01005453,0,-1
2020070754954,2020,070754954,1,9,0,16,19,1,4,0,0,0,0,0,7,9,3,1,1,1,2,40,7,998,1,12,TOYOTA YARIS,4,E01018454,0,-1
2020522100199,2020,522100199,1,9,0,18,19,1,5,0,0,4,0,0,0,0,3,1,6,6,1,34,6,998,1,10,TOYOTA YARIS,10,E01014944,0,-1
2020010253183,2020,010253183,2,9,0,18,19,3,7,0,0,0,0,0,0,0,1,1,2,2,2,37,7,998,1,5,TOYOTA YARIS,2,E01003120,0,-1
202063C011820,2020,63C011820,1,9,0,18,19,2,6,0,0,4,0,9,3,1,1,1,6,6,1,25,5,1329,1,6,TOYOTA YARIS,4,W01000605,0,-1
2020137B11896,2020,137B11896,2,9,0,18,19,3,7,0,0,1,0,0,0,0,1,1,1,1,1,32,6,998,1,15,TOYOTA YARIS,1,E01011430,0,-1
2020440322622,2020,440322622,1,9,0,18,19,1,5,0,0,8,0,0,0,0,1,1,6,6,2,91,11,1329,1,8,TOYOTA YARIS,7,E01023179,0,-1
2020451002007,2020,451002007,2,9,0,18,19,3,7,0,0,0,0,0,0,0,1,1,6,6,1,60,9,1497,8,4,TOYOTA YARIS,4,E01024429,0,-1
2020302001018,2020,302001018,2,9,0,4,4,1,5,0,0,8,0,0,0,0,2,1,6,6,2,52,8,1299,1,17,TOYOTA YARIS,9,E01019825,0,-1
2020552001034,2020,552001034,2,9,0,18,19,2,6,0,0,8,0,0,0,0,1,1,2,2,1,23,5,1497,1,15,TOYOTA YARIS,10,E01020381,0,-1
202006J175552,2020,06J175552,2,9,0,3,3,6,2,0,0,1,0,0,7,0,0,1,6,6,1,20,4,1296,1,12,TOYOTA YARIS,4,E01005171,0,-1
2020030980478,2020,030980478,1,9,0,18,19,1,5,0,0,0,1,11,0,0,1,1,5,6,1,36,7,998,1,14,TOYOTA YARIS,3,E01005218,0,-1
2020990984938,2020,990984938,2,9,0,18,19,4,8,0,0,0,0,0,0,0,4,1,6,6,1,52,8,1329,1,8,TOYOTA YARIS,2,-1,0,-1
2020220975667,2020,220975667,2,9,0,10,10,8,5,0,0,0,0,0,0,0,2,1,5,6,2,81,11,1329,1,9,TOYOTA YARIS,6,E01032352,0,-1
20201377J1067,2020,1377J1067,1,9,0,4,4,5,1,0,0,0,0,0,0,0,1,1,6,6,1,27,6,1299,1,15,TOYOTA YARIS,3,E01010986,0,-1
2020460939560,2020,460939560,1,9,0,18,19,5,1,0,0,0,0,0,0,0,1,1,2,2,1,19,4,1299,1,19,TOYOTA YARIS,4,E01024698,0,-1
2020522000464,2020,522000464,2,9,0,7,7,7,1,0,0,2,0,0,0,0,1,1,6,6,2,30,6,998,1,18,TOYOTA YARIS,3,E01014519,0,-1
2020010280365,2020,010280365,1,9,0,3,3,6,2,0,0,8,0,0,0,0,3,1,6,6,2,44,7,1497,8,6,TOYOTA YARIS,5,E01003787,0,-1
2020220935670,2020,220935670,1,9,0,9,9,8,5,0,0,6,0,0,0,0,1,1,2,2,2,55,8,1497,8,1,TOYOTA YARIS,-1,-1,0,-1
2020010265172,2020,010265172,1,9,0,99,99,9,9,99,99,9,9,99,9,99,9,9,6,6,2,25,5,1329,1,8,TOYOTA YARIS,1,E01001013,0,-1
202006E271734,2020,06E271734,1,9,0,6,6,1,1,0,0,8,0,0,0,0,1,1,6,6,1,30,6,998,1,14,TOYOTA YARIS,-1,-1,0,-1
202006P366555,2020,06P366555,1,9,0,17,19,6,1,0,0,0,1,0,7,10,4,1,6,6,1,26,6,1296,1,13,TOYOTA YARIS,1,E01005583,0,-1
2020052001154,2020,052001154,1,9,0,16,19,7,3,0,0,0,5,0,0,0,1,1,6,6,2,73,10,1299,1,16,TOYOTA YARIS,8,E01007113,0,-1
2020440471756,2020,440471756,5,9,0,18,19,0,0,0,0,2,0,0,0,0,1,1,6,6,3,-1,-1,1299,1,16,TOYOTA YARIS,-1,-1,0,-1
2020010251030,2020,010251030,1,9,0,99,99,9,9,99,99,9,9,99,9,99,2,9,6,6,2,48,8,1329,1,6,TOYOTA YARIS,2,E01002097,0,-1
2020200966168,2020,200966168,2,9,0,18,19,8,4,0,0,8,0,0,0,0,4,1,6,6,1,-1,-1,1496,1,0,TOYOTA YARIS,1,E01010441,0,-1
202006J275219,2020,06J275219,2,9,0,17,19,8,6,0,0,0,0,0,0,0,1,1,6,6,2,43,7,1299,1,19,TOYOTA YARIS,9,E01005908,0,-1
2020430228950,2020,430228950,1,9,0,17,19,6,2,0,0,0,1,0,0,10,1,1,6,6,1,23,5,1299,1,17,TOYOTA YARIS,9,E01028814,0,-1
202006K173207,2020,06K173207,2,9,0,18,19,6,2,0,0,8,0,0,0,0,4,1,6,6,2,22,5,1329,1,9,TOYOTA YARIS,3,E01004854,0,-1
2020140938582,2020,140938582,1,9,0,18,19,4,8,0,0,2,0,0,0,0,1,1,5,6,1,24,5,998,1,16,TOYOTA YARIS,3,E01033266,0,-1
2020450961592,2020,450961592,2,9,0,18,19,1,5,0,0,0,0,0,0,0,0,1,6,6,1,33,6,1329,1,5,TOYOTA YARIS,4,E01003907,0,-1
2020530933061,2020,530933061,1,9,0,18,19,5,1,0,0,0,0,0,0,0,1,1,2,2,1,26,6,1497,8,7,TOYOTA YARIS,8,E01022437,0,-1
2020070347855,2020,070347855,1,9,0,10,10,4,2,0,0,5,0,0,0,0,1,2,6,6,1,74,10,1329,1,9,TOYOTA YARIS,1,E01018486,0,-1
2020210991960,2020,210991960,2,9,0,3,3,2,6,0,0,1,0,0,0,0,2,1,5,6,1,39,7,998,1,16,TOYOTA YARIS,1,E01014307,0,-1
2020010268495,2020,010268495,2,9,0,99,99,9,9,99,99,9,9,99,9,99,3,9,6,6,3,54,8,1497,8,2,TOYOTA YARIS,7,E01001455,0,-1
202006N173366,2020,06N173366,2,9,0,2,2,0,0,0,0,2,0,0,0,0,3,1,6,6,1,22,5,998,1,7,TOYOTA YARIS,1,E01004979,0,-1
2020530940896,2020,530940896,2,9,0,7,7,4,7,0,0,8,0,0,0,0,1,1,6,6,1,20,4,1329,1,8,TOYOTA YARIS,-1,-1,0,-1
2020549663620,2020,549663620,2,9,0,5,5,7,3,0,0,8,0,0,0,0,3,1,6,6,1,40,7,1496,1,0,TOYOTA YARIS,8,E01031960,0,-1
2020140935354,2020,140935354,1,9,0,18,19,1,5,0,0,0,0,0,0,0,1,2,5,6,1,61,9,1364,2,4,TOYOTA YARIS,3,E01007514,0,-1
2020010261226,2020,010261226,1,9,0,9,9,1,7,0,0,5,0,0,0,0,3,1,6,6,1,20,4,1497,8,1,TOYOTA YARIS,-1,-1,0,-1
2020010280609,2020,010280609,1,9,0,5,5,1,5,0,0,0,0,0,0,0,1,1,6,6,2,73,10,1329,1,11,TOYOTA YARIS,6,E01032567,0,-1
2020010258400,2020,010258400,2,9,0,18,19,7,3,0,0,1,0,0,0,0,1,1,6,6,2,47,8,1329,1,10,TOYOTA YARIS,6,E01015579,0,-1
2020052001803,2020,052001803,1,9,0,9,9,5,7,0,0,3,1,0,0,0,2,1,6,6,2,49,8,1497,8,5,TOYOTA YARIS,7,E01007084,0,-1
2020010267220,2020,010267220,1,9,0,18,19,4,8,0,0,1,0,0,0,0,1,1,2,2,1,38,7,1329,1,6,TOYOTA YARIS,-1,-1,0,-1
2020100930750,2020,100930750,2,9,0,18,19,2,6,0,0,1,0,0,0,0,1,1,6,6,2,27,6,998,1,15,TOYOTA YARIS,5,E01008830,0,-1
202006A371441,2020,06A371441,2,9,0,4,4,4,8,0,0,1,0,0,0,0,2,1,6,6,1,38,7,998,1,18,TOYOTA YARIS,2,E01005238,0,-1
2020010263324,2020,010263324,1,9,0,9,9,5,3,9,9,8,0,0,7,10,1,1,1,1,1,57,9,1497,8,0,TOYOTA YARIS,2,E01001161,0,-1
2020420972910,2020,420972910,1,9,0,9,9,3,1,0,0,8,0,0,0,0,1,1,5,6,1,30,6,1299,1,16,TOYOTA YARIS,5,E01015904,0,-1
202006F170562,2020,06F170562,1,9,0,4,4,2,6,0,0,0,0,0,0,0,1,1,6,6,1,73,10,1497,8,1,TOYOTA YARIS,7,E01005701,0,-1
2020010229824,2020,010229824,1,9,0,9,9,5,3,0,0,5,0,0,0,0,3,1,6,6,2,62,9,998,1,20,TOYOTA YARIS,9,E01000209,0,-1
2020010243180,2020,010243180,2,9,0,2,2,0,0,0,0,0,0,0,0,0,2,1,6,6,3,-1,-1,1497,8,3,TOYOTA YARIS,-1,-1,0,-1
2020220981342,2020,220981342,1,9,0,9,9,4,2,0,0,6,0,0,0,0,3,1,5,6,1,83,11,1329,1,9,TOYOTA YARIS,2,E01033249,0,-1
2020470992455,2020,470992455,1,9,0,9,9,4,2,0,0,5,0,0,0,0,1,1,6,6,2,21,5,998,1,18,TOYOTA YARIS,4,E01021057,0,-1
2020010273259,2020,010273259,1,9,0,99,99,9,9,99,99,9,9,99,9,99,2,9,6,6,2,40,7,1497,8,3,TOYOTA YARIS,10,E01000811,0,-1
2020990915383,2020,990915383,2,9,0,17,19,7,4,0,0,0,0,0,0,0,1,1,5,6,2,75,10,1329,1,6,TOYOTA YARIS,3,-1,0,-1
2020010233926,2020,010233926,2,9,0,99,99,9,9,99,99,9,9,99,9,99,1,9,6,6,3,73,10,998,1,10,TOYOTA YARIS,7,E01003371,0,-1
2020010284006,2020,010284006,2,9,0,18,19,1,5,0,0,1,0,0,0,0,4,1,6,6,3,-1,-1,998,1,21,TOYOTA YARIS,-1,-1,0,-1
2020010286254,2020,010286254,1,9,0,18,19,2,6,0,0,1,0,0,0,0,1,1,6,6,1,32,6,1299,1,16,TOYOTA YARIS,-1,-1,0,-1
2020340W08032,2020,340W08032,1,9,0,5,5,0,4,0,0,0,0,0,0,0,0,1,6,6,1,90,11,1296,1,13,TOYOTA YARIS,5,E01027350,0,-1
2020010279009,2020,010279009,1,9,0,18,19,3,7,0,0,0,0,0,0,0,4,1,6,6,1,23,5,1329,1,7,TOYOTA YARIS,4,E01001476,0,-1