collision_index,collision_year,collision_ref_no,vehicle_reference,vehicle_type,towing_and_articulation,vehicle_manoeuvre_historic,vehicle_manoeuvre,vehicle_direction_from,vehicle_direction_to,vehicle_location_restricted_lane_historic,vehicle_location_restricted_lane,junction_location,skidding_and_overturning,hit_object_in_carriageway,vehicle_leaving_carriageway,hit_object_off_carriageway,first_point_of_impact,vehicle_left_hand_drive,journey_purpose_of_driver_historic,journey_purpose_of_driver,sex_of_driver,age_of_driver,age_band_of_driver,engine_capacity_cc,propulsion_code,age_of_vehicle,generic_make_model,driver_imd_decile,lsoa_of_driver,escooter_flag,driver_distance_banding
2020470994887,2020,470994887,1,9,0,18,19,7,3,0,0,8,0,0,0,0,1,1,5,6,1,36,7,998,1,19,TOYOTA YARIS,8,E01031560,0,-1
202006P373372,2020,06P373372,2,9,0,3,3,7,3,0,0,1,0,0,0,0,1,1,6,6,1,33,6,1497,8,5,TOYOTA YARIS,2,E01005542,0,-1
2020450974129,2020,450974129,3,9,0,1,1,1,1,0,0,0,0,0,0,0,2,1,6,6,2,60,9,1497,8,3,TOYOTA YARIS,4,E01001092,0,-1
2020010244813,2020,010244813,4,9,0,2,2,0,0,0,0,1,0,0,0,0,3,1,6,6,3,-1,-1,1496,1,3,TOYOTA YARIS,-1,-1,0,-1
202006K278497,2020,06K278497,2,9,0,10,10,6,4,0,0,1,0,0,0,0,2,1,6,6,1,32,6,1329,1,11,TOYOTA YARIS,2,E01004828,0,-1
202006J176161,2020,06J176161,1,9,0,9,9,1,7,0,0,6,0,0,0,0,3,1,6,6,1,19,4,1329,1,7,TOYOTA YARIS,6,E01005846,0,-1
2020010250740,2020,010250740,1,9,0,18,19,1,5,0,0,2,9,0,0,99,1,9,6,6,2,28,6,1329,1,7,TOYOTA YARIS,3,E01003585,0,-1
2020010249616,2020,010249616,1,9,0,18,19,1,5,0,0,8,0,0,0,0,1,1,6,6,2,57,9,1329,1,6,TOYOTA YARIS,10,E01000325,0,-1
2020400949532,2020,400949532,2,9,0,18,19,5,3,0,0,2,0,0,0,0,1,1,5,6,2,79,11,1299,1,18,TOYOTA YARIS,4,E01015755,0,-1
2020360983525,2020,360983525,1,9,0,18,19,5,1,0,0,0,0,0,0,0,1,1,2,2,2,56,9,1364,2,12,TOYOTA YARIS,2,E01033440,0,-1
2020137BJ1843,2020,137BJ1843,2,9,0,2,2,0,0,0,0,0,0,0,1,0,2,1,6,6,3,-1,-1,998,1,15,TOYOTA YARIS,-1,-1,0,-1
2020302000352,2020,302000352,1,9,0,18,19,4,8,0,0,8,0,0,0,0,4,1,6,6,1,33,6,1496,1,3,TOYOTA YARIS,6,E01008030,0,-1
202006F269830,2020,06F269830,1,9,0,7,7,3,5,0,0,8,0,0,0,0,2,1,6,6,1,36,7,1299,1,16,TOYOTA YARIS,1,E01005429,0,-1
2020137CL1350,2020,137CL1350,1,9,0,5,5,4,8,0,0,0,0,0,0,0,2,1,1,1,1,64,9,1299,1,18,TOYOTA YARIS,5,E01011924,0,-1
2020470993586,2020,470993586,1,9,0,18,19,6,2,0,0,0,0,0,0,0,1,1,5,6,1,75,10,1497,8,1,TOYOTA YARIS,3,E01031430,0,-1
2020161010621,2020,161010621,1,9,0,9,9,5,3,0,0,1,0,0,1,0,4,1,5,6,1,28,6,1296,1,13,TOYOTA YARIS,2,E01013315,0,-1
2020340N80142,2020,340N80142,1,9,0,9,9,2,4,0,0,6,0,0,0,0,1,1,6,6,1,24,5,1496,1,1,TOYOTA YARIS,8,E01027162,0,-1
2020010255952,2020,010255952,1,9,0,99,99,9,9,99,99,3,9,99,9,99,3,9,2,2,2,19,4,1497,8,7,TOYOTA YARIS,5,E01003790,0,-1
2020200920935,2020,200920935,1,9,0,18,19,2,6,0,0,6,0,0,0,0,1,1,3,7,2,27,6,1299,1,17,TOYOTA YARIS,5,E01009283,0,-1
2020010266886,2020,010266886,1,9,0,99,99,9,9,0,0,5,0,0,0,0,2,1,6,6,1,70,10,1329,1,9,TOYOTA YARIS,2,E01003591,0,-1
2020010276274,2020,010276274,2,9,0,10,10,3,1,0,0,1,0,0,0,0,0,1,6,6,2,49,8,998,1,11,TOYOTA YARIS,3,E01003589,0,-1
2020470992820,2020,470992820,1,9,0,18,19,7,3,0,0,0,0,0,0,0,4,1,3,7,2,37,7,1299,1,15,TOYOTA YARIS,5,E01031574,0,-1
2020500977427,2020,500977427,2,9,0,18,19,7,3,0,0,0,0,0,0,0,1,1,6,6,2,87,11,1299,1,15,TOYOTA YARIS,5,E01018780,0,-1
2020010245719,2020,010245719,1,9,0,18,19,3,7,0,0,1,0,0,0,0,4,1,6,6,1,28,6,1299,1,17,TOYOTA YARIS,5,E01002791,0,-1
2020522100745,2020,522100745,2,9,0,18,19,5,1,0,0,0,0,0,0,0,2,1,6,6,1,50,8,1329,1,7,TOYOTA YARIS,-1,-1,0,-1
2020110968129,2020,110968129,2,9,0,9,9,1,7,0,0,3,0,0,0,0,1,1,6,6,2,29,6,998,1,16,TOYOTA YARIS,3,E01020827,0,-1
2020440083558,2020,440083558,2,9,0,4,4,3,7,0,0,8,1,0,0,0,1,1,2,2,1,73,10,1329,1,10,TOYOTA YARIS,10,E01023278,0,-1
2020010256500,2020,010256500,3,9,0,2,2,0,0,0,0,0,0,4,0,0,2,1,6,6,3,-1,-1,1496,1,1,TOYOTA YARIS,-1,-1,0,-1
2020070085151,2020,070085151,1,9,0,9,9,4,8,0,0,8,0,0,0,0,1,1,2,2,2,59,9,998,1,19,TOYOTA YARIS,1,E01018466,0,-1
2020010262547,2020,010262547,1,9,0,99,99,9,9,99,99,9,9,99,9,99,2,9,2,2,2,30,6,1296,1,12,TOYOTA YARIS,3,E01000090,0,-1
2020010232231,2020,010232231,1,9,0,99,99,9,9,99,99,9,9,99,9,99,2,9,6,6,2,44,7,1497,8,2,TOYOTA YARIS,7,E01002154,0,-1
2020470996951,2020,470996951,1,9,0,17,19,2,6,0,0,0,5,0,7,11,1,1,5,6,2,57,9,1296,1,12,TOYOTA YARIS,8,E01031659,0,-1
2020552000436,2020,552000436,1,9,0,18,19,8,4,0,0,0,5,4,0,0,1,1,1,1,1,30,6,1299,1,16,TOYOTA YARIS,3,E01033285,0,-1
202006E176970,2020,06E176970,2,9,0,4,4,4,8,0,0,0,0,0,0,0,1,1,6,6,1,27,6,998,1,12,TOYOTA YARIS,1,E01005235,0,-1
2020552000727,2020,552000727,1,9,0,17,19,2,6,0,0,0,1,0,0,0,1,1,6,6,2,83,11,1329,1,7,TOYOTA YARIS,6,E01031985,0,-1
2020460922181,2020,460922181,2,9,0,2,2,0,0,0,0,1,0,0,0,0,2,1,6,6,1,18,4,998,1,15,TOYOTA YARIS,7,E01024553,0,-1
20201371T2229,2020,1371T2229,2,9,0,18,19,3,7,0,0,4,0,0,0,0,4,1,6,6,1,32,6,1299,1,17,TOYOTA YARIS,1,E01010812,0,-1
2020161004257,2020,161004257,1,9,0,18,19,2,6,0,0,0,0,7,1,10,1,1,2,2,1,50,8,1364,2,12,TOYOTA YARIS,5,E01012773,0,-1
2020430239584,2020,430239584,1,9,0,18,19,4,8,0,0,4,0,0,0,0,1,1,6,6,2,29,6,1329,1,8,TOYOTA YARIS,5,E01028538,0,-1
2020010251689,2020,010251689,1,9,0,4,4,5,1,0,0,8,0,0,0,0,2,1,6,6,2,20,4,998,1,8,TOYOTA YARIS,5,E01002666,0,-1
2020160940783,2020,160940783,2,9,0,13,13,8,4,0,0,0,0,0,0,0,1,1,5,6,1,80,11,1329,1,8,TOYOTA YARIS,4,E01026079,0,-1
2020460973298,2020,460973298,1,9,0,9,9,5,3,0,0,0,0,0,0,0,1,1,5,6,2,18,4,1497,8,3,TOYOTA YARIS,6,E01024127,0,-1
2020010276595,2020,010276595,1,9,0,18,19,3,7,0,0,8,0,0,0,0,4,1,2,2,2,47,8,1497,8,2,TOYOTA YARIS,4,E01000405,0,-1
2020010274637,2020,010274637,1,9,0,9,9,1,6,0,0,6,0,0,3,11,3,1,6,6,2,37,7,1329,1,8,TOYOTA YARIS,9,E01003759,0,-1
2020052001841,2020,052001841,2,9,0,18,19,4,8,0,0,1,0,0,7,11,1,1,6,6,2,46,8,998,1,13,TOYOTA YARIS,9,E01007182,0,-1
2020461009630,2020,461009630,2,9,0,18,19,1,5,0,0,8,0,0,0,0,4,1,6,6,1,36,7,1497,8,7,TOYOTA YARIS,8,E01016101,0,-1
2020430370654,2020,430370654,1,9,0,3,3,2,6,0,0,1,0,0,0,0,4,1,2,2,2,60,9,1497,8,3,TOYOTA YARIS,10,E01022846,0,-1
2020420953647,2020,420953647,1,9,0,16,19,1,5,0,0,0,1,7,0,0,1,1,2,2,1,51,8,998,1,14,TOYOTA YARIS,9,E01021825,0,-1
2020010257805,2020,010257805,1,9,0,16,19,3,7,0,0,1,0,0,0,0,2,1,2,2,2,54,8,1329,1,8,TOYOTA YARIS,5,E01003742,0,-1
2020010257945,2020,010257945,2,9,0,9,9,3,1,0,0,8,0,0,0,0,1,1,6,6,1,52,8,1299,1,17,TOYOTA YARIS,6,E01002747,0,-1
2020500978482,2020,500978482,3,9,0,18,19,3,7,0,0,0,0,0,0,0,0,1,6,6,2,41,7,1296,1,12,TOYOTA YARIS,4,E01020199,0,-1
202006L271769,2020,06L271769,2,9,0,9,9,2,8,0,0,0,0,0,0,0,1,1,6,6,1,68,10,1329,1,10,TOYOTA YARIS,3,E01006286,0,-1
2020440287176,2020,440287176,1,9,0,18,19,3,7,0,0,1,0,0,0,0,3,1,6,6,2,64,9,1329,1,7,TOYOTA YARIS,4,E01022711,0,-1
2020460977725,2020,460977725,2,9,0,3,3,1,5,0,0,2,0,0,0,0,2,1,6,6,2,45,7,998,1,17,TOYOTA YARIS,9,E01024823,0,-1
2020140942978,2020,140942978,2,9,0,18,19,2,8,0,0,1,0,0,0,0,1,1,2,2,2,53,8,1329,1,5,TOYOTA YARIS,10,E01007600,0,-1
2020420923409,2020,420923409,2,9,0,18,19,6,6,0,0,1,0,0,0,0,1,1,5,6,2,18,4,1299,1,17,TOYOTA YARIS,1,E01021968,0,-1
202006N169365,2020,06N169365,2,9,0,2,2,0,0,0,0,0,0,0,0,0,2,1,6,6,3,-1,-1,1329,1,8,TOYOTA YARIS,-1,-1,0,-1
20201371B1620,2020,1371B1620,1,9,0,18,19,3,7,0,0,2,5,0,1,0,3,1,6,6,1,36,7,1299,1,19,TOYOTA YARIS,1,E01011360,0,-1
2020991003246,2020,991003246,1,9,0,17,19,5,1,0,0,0,0,0,0,0,3,1,2,2,2,52,8,1329,1,5,TOYOTA YARIS,4,-1,0,-1
2020460928926,2020,460928926,1,9,0,3,3,1,2,0,0,0,0,0,0,0,1,1,6,6,2,50,8,1329,1,9,TOYOTA YARIS,6,E01032798,0,-1
2020440402822,2020,440402822,1,9,0,4,4,7,3,0,0,1,0,0,0,0,3,1,1,1,1,55,8,998,1,14,TOYOTA YARIS,4,E01017081,0,-1
2020522100303,2020,522100303,1,9,0,18,19,3,7,0,0,8,0,0,0,0,1,1,6,6,1,46,8,1299,1,16,TOYOTA YARIS,4,E01033342,0,-1
2020990959675,2020,990959675,1,9,0,10,10,3,1,0,0,8,0,0,0,0,3,1,6,6,1,23,5,1329,1,8,TOYOTA YARIS,5,-1,0,-1
2020990976456,2020,990976456,1,9,0,18,19,7,3,0,0,0,1,0,1,0,4,1,6,6,2,24,5,1329,1,7,TOYOTA YARIS,6,-1,0,-1
2020010286375,2020,010286375,1,9,0,99,99,9,9,0,0,4,0,0,0,0,1,9,6,6,1,65,9,1329,1,7,TOYOTA YARIS,3,E01003491,0,-1
2020361000789,2020,361000789,1,9,0,9,9,3,5,0,0,8,0,0,0,0,3,1,5,6,2,82,11,1497,8,6,TOYOTA YARIS,7,E01026489,0,-1
2020430144433,2020,430144433,1,9,0,18,19,4,7,0,0,8,0,0,1,11,3,1,6,6,2,54,8,1497,8,2,TOYOTA YARIS,8,E01016468,0,-1
2020201004005,2020,201004005,1,9,0,18,19,2,6,0,0,8,5,0,0,0,4,1,6,6,1,19,4,1329,1,8,TOYOTA YARIS,9,E01022443,0,-1
2020371009607,2020,371009607,1,9,0,6,6,6,4,0,0,0,0,11,7,0,1,1,2,2,2,45,7,1329,1,7,TOYOTA YARIS,2,E01029984,0,-1
2020470932932,2020,470932932,1,9,0,18,19,7,3,0,0,4,0,0,0,0,1,1,5,6,2,68,10,1329,1,7,TOYOTA YARIS,9,E01031458,0,-1
2020351023017,2020,351023017,1,9,0,18,19,8,4,0,0,1,0,0,0,0,1,1,1,1,1,30,6,998,1,19,TOYOTA YARIS,1,E01015603,0,-1
2020451005291,2020,451005291,2,9,0,18,19,2,6,0,0,1,5,0,1,9,3,1,2,2,1,52,8,1363,2,15,TOYOTA YARIS,9,E01022615,0,-1
2020010264249,2020,010264249,1,9,9,3,3,6,2,0,0,9,9,99,0,0,9,9,6,6,2,36,7,1497,8,2,TOYOTA YARIS,-1,-1,0,-1
2020040938597,2020,040938597,1,9,0,18,19,5,1,0,0,8,0,0,0,0,1,1,1,1,1,34,6,1364,2,13,TOYOTA YARIS,3,E01025069,0,-1
2020400967953,2020,400967953,2,9,0,9,9,3,7,0,0,0,0,0,7,0,3,1,5,6,1,53,8,1329,1,9,TOYOTA YARIS,2,E01017539,0,-1
2020010263751,2020,010263751,1,9,0,99,99,9,9,99,99,9,9,99,9,99,2,9,6,6,1,47,8,1299,1,17,TOYOTA YARIS,2,E01002505,0,-1
20201371T2008,2020,1371T2008,1,9,0,18,19,1,5,0,0,3,0,0,0,0,1,2,6,6,1,43,7,1364,2,12,TOYOTA YARIS,-1,-1,0,-1
2020430361546,2020,430361546,1,9,0,9,9,3,1,0,0,8,0,0,0,0,1,1,6,6,2,46,8,1329,1,10,TOYOTA YARIS,10,E01028740,0,-1
2020500972032,2020,500972032,1,9,0,2,2,1,5,0,0,0,0,0,0,0,1,1,5,6,1,81,11,1497,8,2,TOYOTA YARIS,9,E01015197,0,-1
2020410926545,2020,410926545,3,9,0,18,19,5,1,0,0,0,0,0,0,0,1,1,6,6,1,51,8,998,1,19,TOYOTA YARIS,10,E01023577,0,-1
2020122001065,2020,122001065,1,9,0,18,19,1,5,0,0,0,0,0,0,0,0,1,6,6,1,30,6,1497,8,8,TOYOTA YARIS,6,E01013022,0,-1
2020470979028,2020,470979028,1,9,0,3,3,7,3,0,0,0,0,0,0,0,1,1,6,6,1,-1,-1,998,1,16,TOYOTA YARIS,-1,-1,0,-1
202006E177603,2020,06E177603,1,9,0,18,19,1,5,0,0,0,5,10,4,10,3,1,6,6,1,26,6,998,1,16,TOYOTA YARIS,1,E01032921,0,-1
2020010280071,2020,010280071,1,9,9,3,3,1,5,99,99,0,9,99,9,99,2,1,6,6,1,32,6,998,1,15,TOYOTA YARIS,2,E01003689,0,-1
2020200959988,2020,200959988,2,9,0,18,19,6,2,0,0,0,0,10,1,0,1,1,6,6,2,36,7,998,1,14,TOYOTA YARIS,2,E01010311,0,-1
2020160998711,2020,160998711,1,9,0,4,4,2,6,0,0,1,0,0,0,0,1,1,2,2,1,60,9,1329,1,4,TOYOTA YARIS,2,E01032595,0,-1
2020450927503,2020,450927503,2,9,0,2,2,0,0,0,0,0,0,0,0,0,1,1,6,6,1,63,9,1299,1,16,TOYOTA YARIS,6,E01030896,0,-1
2020200999481,2020,200999481,2,9,0,5,5,1,8,0,0,6,0,0,0,0,4,1,1,1,1,29,6,1296,1,13,TOYOTA YARIS,2,E01010104,0,-1
2020160916644,2020,160916644,1,9,0,18,19,2,6,0,0,0,0,0,0,0,1,1,2,2,2,24,5,1296,1,12,TOYOTA YARIS,2,E01013284,0,-1
2020137BO1052,2020,137BO1052,2,9,0,18,19,1,5,0,0,1,0,0,4,0,0,1,6,6,3,-1,-1,1364,2,11,TOYOTA YARIS,-1,-1,0,-1
2020470976795,2020,470976795,1,9,0,9,9,5,2,0,0,6,0,0,0,0,3,1,5,6,1,74,10,1329,1,9,TOYOTA YARIS,7,E01020943,0,-1
2020201000626,2020,201000626,1,9,0,6,6,4,4,0,0,0,0,0,0,0,3,1,6,6,1,20,4,998,1,19,TOYOTA YARIS,1,E01009061,0,-1
2020302001183,2020,302001183,1,9,0,7,7,2,5,0,0,2,0,0,3,0,1,1,6,6,2,18,4,998,1,17,TOYOTA YARIS,1,E01013883,0,-1
2020520002412,2020,520002412,2,9,0,18,19,1,5,0,0,8,0,0,0,0,1,1,6,6,2,44,7,1296,1,14,TOYOTA YARIS,10,E01029083,0,-1
2020030980992,2020,030980992,2,9,0,18,19,1,5,0,0,0,0,0,0,0,0,1,6,6,2,73,10,1497,8,8,TOYOTA YARIS,2,E01019116,0,-1
2020461009243,2020,461009243,1,9,0,18,19,7,3,0,0,0,0,0,0,0,1,1,5,6,2,36,7,1364,2,12,TOYOTA YARIS,6,E01024301,0,-1
2020340K09252,2020,340K09252,2,9,0,4,4,5,1,0,0,0,0,0,0,0,2,1,2,2,2,53,8,998,1,18,TOYOTA YARIS,1,E01027200,0,-1
2020470932327,2020,470932327,1,9,0,18,19,5,1,0,0,1,0,0,0,0,1,1,5,6,1,64,9,1497,8,2,TOYOTA YARIS,4,E01031809,0,-1
2020010284111,2020,010284111,1,9,0,5,5,1,5,0,0,8,0,0,0,0,1,1,6,6,1,20,4,998,1,15,TOYOTA YARIS,3,E01003250,0,-1
2020522003613,2020,522003613,1,9,0,18,19,3,5,0,0,1,0,0,0,0,1,1,6,6,2,39,7,1296,1,12,TOYOTA YARIS,6,E01014474,0,-1
2020470958576,2020,470958576,1,9,0,18,19,1,5,0,0,0,5,0,1,11,1,1,6,6,1,18,4,998,1,10,TOYOTA YARIS,3,E01031451,0,-1
2020200960920,2020,200960920,2,9,0,10,10,8,6,0,0,8,0,0,0,0,1,1,6,6,2,20,4,1364,2,13,TOYOTA YARIS,1,E01009033,0,-1
2020332000285,2020,332000285,1,9,0,18,19,2,6,0,0,1,0,0,0,0,1,1,2,2,2,25,5,1329,1,7,TOYOTA YARIS,5,E01013736,0,-1
2020010272305,2020,010272305,1,9,0,18,19,7,3,0,0,2,0,0,1,10,1,1,6,6,2,24,5,1329,1,11,TOYOTA YARIS,5,E01003547,0,-1
2020420983886,2020,420983886,1,9,0,18,19,8,4,0,0,0,0,0,0,0,4,1,6,6,2,41,7,998,1,18,TOYOTA YARIS,3,E01021312,0,-1
2020041007730,2020,041007730,2,9,0,18,19,1,5,0,0,1,0,0,0,0,2,1,5,6,2,68,10,1496,1,1,TOYOTA YARIS,8,E01025348,0,-1
20201378M0823,2020,1378M0823,1,9,0,18,19,8,4,0,0,0,0,0,0,0,1,1,6,6,2,65,9,1496,1,1,TOYOTA YARIS,8,E01011825,0,-1
2020211020397,2020,211020397,1,9,0,9,9,2,6,0,0,3,1,0,0,0,1,1,6,6,2,30,6,1329,1,5,TOYOTA YARIS,2,E01029426,0,-1
2020041003509,2020,041003509,2,9,0,18,19,6,2,0,0,0,0,0,0,0,1,1,5,6,2,71,10,1329,1,9,TOYOTA YARIS,1,E01012702,0,-1
2020040933006,2020,040933006,1,9,0,18,19,6,4,0,0,1,0,0,0,0,1,1,2,2,1,23,5,998,1,14,TOYOTA YARIS,1,E01025298,0,-1
2020522001151,2020,522001151,1,9,0,7,7,1,3,0,0,4,0,0,0,0,1,1,6,6,2,61,9,1296,1,13,TOYOTA YARIS,10,E01014879,0,-1
202006E476775,2020,06E476775,2,9,0,18,19,8,4,0,0,8,0,0,0,0,1,1,6,6,2,66,10,1496,1,2,TOYOTA YARIS,7,E01005847,0,-1
2020201018285,2020,201018285,2,9,0,18,19,5,1,0,0,8,0,0,0,0,1,1,6,6,1,67,10,1329,1,5,TOYOTA YARIS,7,E01029490,0,-1
2020451008590,2020,451008590,3,9,0,4,4,3,7,0,0,1,0,0,0,0,1,1,5,6,2,34,6,1329,1,9,TOYOTA YARIS,4,E01003211,0,-1
202006E168620,2020,06E168620,1,9,0,5,5,7,3,0,0,8,0,0,0,0,1,1,6,6,1,30,6,1299,1,15,TOYOTA YARIS,2,E01005236,0,-1
2020231012689,2020,231012689,2,9,0,18,19,1,5,0,0,8,0,0,0,0,1,1,5,6,1,48,8,998,1,18,TOYOTA YARIS,6,E01028106,0,-1
2020160956463,2020,160956463,2,9,0,18,19,5,1,0,0,2,0,0,0,0,3,1,5,6,2,69,10,998,1,2,TOYOTA YARIS,3,E01013184,0,-1
2020200983645,2020,200983645,1,9,0,5,5,6,2,0,0,6,0,7,7,2,4,1,6,6,1,27,6,1329,1,9,TOYOTA YARIS,2,E01032461,0,-1
2020440009201,2020,440009201,1,9,0,18,19,5,1,0,0,1,0,0,0,0,1,1,6,6,2,47,8,1329,1,5,TOYOTA YARIS,10,E01017062,0,-1
20201371N0733,2020,1371N0733,3,9,0,18,19,2,6,0,0,0,1,0,0,0,1,1,2,2,1,46,8,998,1,20,TOYOTA YARIS,4,E01011089,0,-1
202031A066920,2020,31A066920,2,9,0,9,9,1,7,0,0,8,0,0,0,0,2,1,6,6,2,23,5,1329,1,6,TOYOTA YARIS,7,E01027988,0,-1
2020052001641,2020,052001641,2,9,0,7,7,2,6,0,0,6,0,0,0,0,1,1,6,6,2,44,7,1497,8,2,TOYOTA YARIS,2,E01007271,0,-1
2020030962880,2020,030962880,2,9,0,9,9,4,2,0,0,8,0,0,7,0,2,1,6,6,1,36,7,1329,1,4,TOYOTA YARIS,6,E01019315,0,-1
2020010265407,2020,010265407,2,9,0,18,19,7,3,0,0,0,0,0,0,0,4,1,6,6,2,42,7,1497,8,7,TOYOTA YARIS,4,E01000406,0,-1
2020450994361,2020,450994361,2,9,0,18,19,2,6,0,0,1,0,0,1,0,4,1,5,6,2,78,11,1329,1,9,TOYOTA YARIS,10,E01030331,0,-1
2020010246955,2020,010246955,1,9,0,5,5,5,1,0,0,0,0,0,0,0,1,1,6,6,1,46,8,998,1,16,TOYOTA YARIS,2,E01003925,0,-1
2020440388790,2020,440388790,2,9,0,18,19,1,4,0,0,8,0,0,0,0,3,1,6,6,1,74,10,1497,8,5,TOYOTA YARIS,10,E01022749,0,-1
2020460997685,2020,460997685,1,9,0,18,19,3,7,8,6,1,0,0,0,0,1,1,6,6,1,78,11,1497,8,2,TOYOTA YARIS,5,E01024342,0,-1
2020010251319,2020,010251319,2,9,0,99,99,9,9,99,99,9,9,99,9,99,9,9,6,6,3,25,5,998,1,13,TOYOTA YARIS,5,E01002394,0,-1
202006L272707,2020,06L272707,1,9,0,18,19,5,1,0,0,0,0,0,0,0,3,1,2,2,1,39,7,998,1,17,TOYOTA YARIS,2,E01004980,0,-1
2020140969731,2020,140969731,1,9,0,18,19,4,1,0,0,8,0,0,0,0,4,1,2,2,1,62,9,1497,8,2,TOYOTA YARIS,4,E01007441,0,-1
2020010256607,2020,010256607,1,9,0,17,19,4,8,0,0,0,1,10,0,0,1,1,6,6,2,44,7,1299,1,19,TOYOTA YARIS,7,E01003003,0,-1
2020010251451,2020,010251451,1,9,0,99,99,9,9,99,99,9,9,99,9,99,2,9,6,6,1,24,5,1299,1,15,TOYOTA YARIS,6,E01003427,0,-1
202054A739520,2020,54A739520,2,9,0,18,19,1,5,0,0,8,0,0,0,0,1,1,6,6,1,30,6,1329,1,4,TOYOTA YARIS,-1,-1,0,-1
2020010284825,2020,010284825,2,9,0,99,99,9,9,99,99,9,9,99,9,99,1,9,6,6,1,52,8,1299,1,18,TOYOTA YARIS,5,E01003279,0,-1
2020451003582,2020,451003582,1,9,0,17,19,5,1,0,0,8,0,0,2,11,4,1,2,2,2,30,6,1299,1,19,TOYOTA YARIS,7,E01030993,0,-1
2020530979031,2020,530979031,2,9,0,9,9,6,2,0,0,0,0,0,0,0,1,1,6,6,1,54,8,1497,8,1,TOYOTA YARIS,8,E01022209,0,-1
2020990961938,2020,990961938,2,9,0,17,19,5,1,0,0,0,0,0,0,0,1,1,1,1,2,46,8,1497,8,6,TOYOTA YARIS,2,-1,0,-1
2020010275114,2020,010275114,1,9,0,17,19,1,5,0,0,8,0,11,0,0,1,1,6,6,2,54,8,1496,1,1,TOYOTA YARIS,6,E01003281,0,-1
20201375U0647,2020,1375U0647,1,9,0,18,19,3,7,0,0,4,0,0,0,0,4,1,6,6,1,69,10,1329,1,7,TOYOTA YARIS,7,E01011642,0,-1
2020010251243,2020,010251243,1,9,0,3,3,3,7,0,0,1,0,0,0,0,2,2,6,6,1,48,8,1329,1,8,TOYOTA YARIS,4,E01000618,0,-1
2020440462225,2020,440462225,1,9,0,17,19,4,8,0,0,0,0,0,1,4,1,1,1,1,1,27,6,998,1,17,TOYOTA YARIS,2,E01017108,0,-1
2020552000789,2020,552000789,2,9,0,13,13,1,5,0,0,0,0,0,0,0,1,1,6,6,2,36,7,1329,1,11,TOYOTA YARIS,5,E01032660,0,-1
2020010286873,2020,010286873,1,9,0,18,19,1,5,0,0,1,0,0,0,0,1,1,2,2,1,41,7,1497,8,5,TOYOTA YARIS,8,E01002949,0,-1
2020010230785,2020,010230785,1,9,0,5,5,7,3,0,0,1,0,0,0,0,2,1,3,7,1,75,10,1497,8,2,TOYOTA YARIS,6,E01002676,0,-1
2020501015567,2020,501015567,2,9,0,4,4,2,6,0,0,1,0,0,0,0,2,1,6,6,2,65,9,1497,8,3,TOYOTA YARIS,7,E01019953,0,-1
2020221013658,2020,221013658,2,9,0,2,2,0,0,0,0,0,0,10,1,11,2,1,5,6,1,57,9,1299,1,15,TOYOTA YARIS,8,E01028977,0,-1
2020460947319,2020,460947319,1,9,0,18,19,7,1,0,0,1,0,0,0,0,4,1,6,6,2,69,10,1299,1,15,TOYOTA YARIS,3,E01024154,0,-1
2020200978509,2020,200978509,1,9,0,18,19,8,4,0,0,0,5,7,7,1,1,1,6,6,1,22,5,1296,1,14,TOYOTA YARIS,2,E01032239,0,-1
2020010286481,2020,010286481,2,9,0,99,99,9,9,99,99,9,9,99,9,99,1,9,6,6,3,-1,-1,1299,1,16,TOYOTA YARIS,-1,-1,0,-1
2020500946341,2020,500946341,2,9,0,18,19,3,7,0,0,0,0,0,0,0,1,1,6,6,2,57,9,1299,1,15,TOYOTA YARIS,4,E01018876,0,-1
2020040922378,2020,040922378,1,9,0,18,19,2,4,0,0,3,0,0,0,0,1,1,2,2,2,24,5,1329,1,9,TOYOTA YARIS,1,E01025084,0,-1
2020010261812,2020,010261812,1,9,0,9,9,7,5,0,0,5,0,0,0,0,4,1,2,2,1,23,5,1364,2,10,TOYOTA YARIS,-1,-1,0,-1
2020460963218,2020,460963218,1,9,0,9,9,2,7,0,0,8,0,0,0,0,4,1,5,6,1,84,11,1299,1,19,TOYOTA YARIS,4,E01024841,0,-1
2020070040380,2020,070040380,1,9,0,18,19,8,4,0,0,0,0,0,0,0,1,1,6,6,2,26,6,998,1,16,TOYOTA YARIS,3,E01018534,0,-1
2020991006902,2020,991006902,1,9,0,18,19,1,6,0,0,0,0,0,1,0,1,1,5,6,2,20,4,998,1,18,TOYOTA YARIS,4,-1,0,-1
2020010243163,2020,010243163,2,9,0,18,19,5,1,0,0,0,0,0,0,0,3,1,6,6,2,23,5,1299,1,19,TOYOTA YARIS,3,E01001147,0,-1
2020351009653,2020,351009653,2,9,0,9,9,6,4,0,0,1,0,0,0,0,2,1,2,2,2,62,9,1364,2,9,TOYOTA YARIS,9,E01015646,0,-1
2020420931598,2020,420931598,2,9,0,3,3,3,6,0,0,0,0,0,0,0,1,1,6,6,2,25,5,1329,1,8,TOYOTA YARIS,6,E01021343,0,-1