collision_index,collision_year,collision_ref_no,vehicle_reference,vehicle_type,towing_and_articulation,vehicle_manoeuvre_historic,vehicle_manoeuvre,vehicle_direction_from,vehicle_direction_to,vehicle_location_restricted_lane_historic,vehicle_location_restricted_lane,junction_location,skidding_and_overturning,hit_object_in_carriageway,vehicle_leaving_carriageway,hit_object_off_carriageway,first_point_of_impact,vehicle_left_hand_drive,journey_purpose_of_driver_historic,journey_purpose_of_driver,sex_of_driver,age_of_driver,age_band_of_driver,engine_capacity_cc,propulsion_code,age_of_vehicle,generic_make_model,driver_imd_decile,lsoa_of_driver,escooter_flag,driver_distance_banding
2020010283691,2020,010283691,1,9,0,3,3,3,7,99,99,4,9,99,9,99,2,1,6,6,2,24,5,998,1,14,TOYOTA YARIS,2,E01003507,0,-1
2020440478168,2020,440478168,2,9,0,9,9,2,1,0,0,8,0,0,0,0,4,1,6,6,2,43,7,1296,1,14,TOYOTA YARIS,3,E01022904,0,-1
2020010237201,2020,010237201,1,9,0,2,2,0,0,0,0,0,0,0,0,0,2,1,6,6,3,-1,-1,1299,1,15,TOYOTA YARIS,-1,-1,0,-1
202006P371520,2020,06P371520,1,9,0,18,19,4,8,0,0,0,0,0,0,0,1,1,6,6,1,30,6,1299,1,17,TOYOTA YARIS,2,E01005526,0,-1
2020410971452,2020,410971452,2,9,0,18,19,1,5,0,0,1,0,0,0,0,1,1,5,6,2,55,8,1296,1,11,TOYOTA YARIS,10,E01023436,0,-1
2020010242772,2020,010242772,1,9,0,18,19,3,7,0,0,8,0,0,0,0,3,1,6,6,1,22,5,1296,1,12,TOYOTA YARIS,2,E01004319,0,-1
2020200934886,2020,200934886,1,9,0,7,7,4,6,0,0,6,0,0,0,0,1,1,6,6,2,56,9,1497,8,1,TOYOTA YARIS,5,E01009916,0,-1
2020040944234,2020,040944234,2,9,0,13,13,8,4,0,0,8,0,0,0,0,4,1,5,6,2,68,10,1329,1,6,TOYOTA YARIS,2,E01025285,0,-1
2020450985353,2020,450985353,2,9,0,18,19,1,5,0,0,0,0,11,0,0,1,1,2,2,1,31,6,1329,1,6,TOYOTA YARIS,4,E01002596,0,-1
2020010266079,2020,010266079,2,9,0,9,9,7,5,0,0,6,0,0,7,0,1,1,6,6,2,20,4,1496,1,3,TOYOTA YARIS,7,E01002223,0,-1
2020302001706,2020,302001706,1,9,0,17,19,6,2,0,0,0,2,10,7,4,1,2,6,6,1,47,8,998,1,17,TOYOTA YARIS,1,E01013573,0,-1
2020450972644,2020,450972644,1,9,0,18,19,3,7,0,0,2,0,0,0,0,3,1,5,6,2,71,10,1296,1,12,TOYOTA YARIS,5,E01030337,0,-1
2020040939730,2020,040939730,1,9,0,18,19,5,1,0,0,1,1,0,0,0,1,1,5,6,1,19,4,998,1,20,TOYOTA YARIS,6,E01027915,0,-1
2020010273595,2020,010273595,2,9,0,9,9,3,1,0,0,7,0,0,3,0,3,1,6,6,2,30,6,1497,8,3,TOYOTA YARIS,7,E01003371,0,-1
20201371A1282,2020,1371A1282,1,9,0,18,19,3,7,0,0,0,0,0,0,0,1,1,6,6,1,78,11,1496,1,2,TOYOTA YARIS,9,E01027555,0,-1
2020010252380,2020,010252380,2,9,0,7,7,7,2,0,0,8,0,0,0,0,1,1,6,6,1,48,8,1296,1,14,TOYOTA YARIS,3,E01001326,0,-1
2020010275505,2020,010275505,1,9,0,9,9,5,4,0,0,5,0,0,0,0,4,1,2,2,1,55,8,1329,1,8,TOYOTA YARIS,-1,-1,0,-1
2020500977670,2020,500977670,1,9,0,17,19,7,3,0,0,0,0,0,0,0,1,1,2,2,2,19,4,998,1,19,TOYOTA YARIS,7,E01019935,0,-1
2020520004380,2020,520004380,1,9,0,17,19,8,4,0,0,0,1,0,7,10,1,1,6,6,1,49,8,998,1,18,TOYOTA YARIS,6,E01029227,0,-1
202031C114620,2020,31C114620,1,9,0,4,4,7,3,0,0,2,0,0,0,0,1,1,6,6,1,34,6,1497,1,16,TOYOTA YARIS,1,E01013954,0,-1
202006G173497,2020,06G173497,1,9,0,9,9,3,8,0,0,8,0,0,0,0,3,1,6,6,1,49,8,1364,2,14,TOYOTA YARIS,-1,-1,0,-1
2020320473715,2020,320473715,2,9,0,5,5,5,1,0,0,8,0,0,0,0,1,1,6,6,2,40,7,1329,1,7,TOYOTA YARIS,-1,-1,0,-1
2020470920579,2020,470920579,1,9,0,18,19,2,6,0,0,0,1,0,0,0,1,1,1,1,2,36,7,1497,8,4,TOYOTA YARIS,10,E01021218,0,-1
2020137831634,2020,137831634,2,9,0,18,19,1,5,0,0,0,0,0,0,0,1,1,6,6,3,-1,-1,1363,2,16,TOYOTA YARIS,-1,-1,0,-1
2020201019966,2020,201019966,2,9,0,18,19,8,4,0,0,8,0,0,0,0,4,1,6,6,2,26,6,1296,1,12,TOYOTA YARIS,1,E01033650,0,-1
2020100958694,2020,100958694,1,9,0,9,9,5,3,0,0,1,0,0,0,0,4,1,5,6,1,70,10,1497,8,0,TOYOTA YARIS,4,E01020900,0,-1
2020010270961,2020,010270961,1,9,0,9,9,4,3,0,0,2,0,0,0,0,1,1,6,6,2,45,7,1497,8,0,TOYOTA YARIS,5,E01001086,0,-1
2020010255242,2020,010255242,1,9,0,18,19,5,1,0,0,0,0,0,0,0,3,1,1,1,1,28,6,1497,8,3,TOYOTA YARIS,3,E01021871,0,-1
2020137582401,2020,137582401,1,9,0,9,9,3,1,0,0,1,0,0,0,0,4,2,1,1,1,45,7,1299,1,17,TOYOTA YARIS,4,E01010791,0,-1
2020220921270,2020,220921270,1,9,0,17,19,6,2,0,0,0,0,0,1,4,1,1,5,6,1,39,7,998,1,16,TOYOTA YARIS,4,E01032306,0,-1
2020041013424,2020,041013424,1,9,0,18,19,3,7,0,0,0,5,0,1,0,4,1,5,6,1,30,6,998,1,14,TOYOTA YARIS,1,E01024893,0,-1
2020430005106,2020,430005106,2,9,0,18,19,1,6,0,0,0,0,0,0,0,2,1,2,2,2,31,6,998,1,13,TOYOTA YARIS,10,E01028476,0,-1
2020371004658,2020,371004658,3,9,0,10,10,2,7,0,0,1,0,0,0,0,3,1,5,6,1,59,9,1329,1,9,TOYOTA YARIS,6,E01030245,0,-1
2020041006248,2020,041006248,1,9,0,4,4,1,5,0,0,0,0,0,0,0,1,1,6,6,1,89,11,1296,1,13,TOYOTA YARIS,9,E01025501,0,-1
2020010262899,2020,010262899,1,9,0,18,19,1,5,0,0,0,0,0,0,0,1,2,6,6,1,33,6,998,1,15,TOYOTA YARIS,5,E01000494,0,-1
2020010233888,2020,010233888,1,9,0,18,19,1,5,0,0,1,0,0,0,0,3,1,6,6,2,26,6,1497,8,2,TOYOTA YARIS,3,E01001999,0,-1
2020420916160,2020,420916160,2,9,0,4,4,3,7,0,0,4,0,0,0,0,2,1,6,6,2,22,5,1497,8,1,TOYOTA YARIS,4,E01021287,0,-1
2020440422560,2020,440422560,2,9,0,18,19,5,1,0,0,8,0,0,0,0,4,1,6,6,2,35,6,998,1,16,TOYOTA YARIS,2,E01022970,0,-1
2020122000677,2020,122000677,1,9,0,3,3,2,6,0,0,1,0,0,0,0,0,1,6,6,2,19,4,1299,1,15,TOYOTA YARIS,10,E01013420,0,-1
2020100996406,2020,100996406,1,9,0,9,9,3,1,0,0,3,0,0,0,0,4,1,5,6,1,83,11,1490,8,0,TOYOTA YARIS,8,E01008862,0,-1
202006E167376,2020,06E167376,1,9,0,18,19,1,5,0,0,0,0,4,0,0,1,1,6,6,1,30,6,1329,1,11,TOYOTA YARIS,1,E01005106,0,-1
2020302000545,2020,302000545,1,9,0,18,19,4,2,0,0,5,0,0,0,0,2,1,6,6,1,66,10,1497,8,6,TOYOTA YARIS,5,E01019744,0,-1
202006L173262,2020,06L173262,2,9,0,3,3,8,4,0,0,1,0,0,0,0,2,1,6,6,1,69,10,1497,8,1,TOYOTA YARIS,9,E01006362,0,-1
2020200927461,2020,200927461,1,9,0,18,19,1,5,0,0,1,0,0,0,0,1,1,3,7,2,42,7,1363,2,17,TOYOTA YARIS,2,E01010056,0,-1
2020302000751,2020,302000751,1,9,0,18,19,5,1,0,0,0,0,0,0,0,1,1,6,6,1,20,4,998,1,15,TOYOTA YARIS,8,E01019406,0,-1
2020460971675,2020,460971675,1,9,0,1,1,2,6,0,0,0,0,0,0,0,2,1,5,6,2,27,6,1497,8,5,TOYOTA YARIS,10,E01016092,0,-1
2020010234069,2020,010234069,3,9,0,99,99,9,9,99,99,9,9,99,9,99,9,9,6,6,3,-1,-1,1496,1,2,TOYOTA YARIS,7,E01000139,0,-1
2020110962888,2020,110962888,2,9,0,18,19,1,7,0,0,0,0,0,0,0,2,1,5,6,2,68,10,1496,1,1,TOYOTA YARIS,6,E01020697,0,-1
2020200987989,2020,200987989,1,9,0,18,19,4,8,0,0,0,0,4,0,0,1,1,6,6,1,21,5,1329,1,8,TOYOTA YARIS,1,E01009124,0,-1
202006K278145,2020,06K278145,1,9,0,9,9,4,2,0,0,5,0,0,0,0,1,1,6,6,1,55,8,1496,1,3,TOYOTA YARIS,2,E01004871,0,-1
2020160971750,2020,160971750,1,9,0,18,19,7,3,0,0,0,0,0,7,4,1,1,2,2,1,18,4,1329,1,10,TOYOTA YARIS,2,E01013331,0,-1
2020010249047,2020,010249047,1,9,0,4,4,5,1,0,0,1,0,0,0,0,1,1,2,2,1,48,8,1299,1,16,TOYOTA YARIS,2,E01001487,0,-1
2020010233650,2020,010233650,1,9,0,14,14,2,6,0,0,1,0,0,0,0,1,1,6,6,1,89,11,1497,8,3,TOYOTA YARIS,7,E01002902,0,-1
2020420940205,2020,420940205,1,9,0,5,5,-1,-1,0,0,1,0,0,0,0,1,1,1,1,1,50,8,1329,1,11,TOYOTA YARIS,8,E01030122,0,-1
2020052001044,2020,052001044,1,9,0,10,10,7,5,0,0,1,0,0,0,0,2,1,6,6,1,44,7,998,1,21,TOYOTA YARIS,1,E01006721,0,-1
2020440425430,2020,440425430,1,9,0,5,5,8,4,0,0,1,0,4,0,0,1,1,6,6,2,94,11,1299,1,16,TOYOTA YARIS,10,E01023114,0,-1
2020520004929,2020,520004929,1,9,0,18,19,1,5,0,0,0,1,0,0,0,1,1,6,6,1,26,6,998,1,17,TOYOTA YARIS,4,E01032627,0,-1
2020010276913,2020,010276913,1,9,0,18,19,3,7,0,0,0,5,4,0,0,4,1,6,6,2,26,6,1299,1,18,TOYOTA YARIS,3,E01002306,0,-1
2020460978520,2020,460978520,1,9,0,18,19,2,6,0,0,1,1,0,2,10,2,1,6,6,1,27,6,1363,2,18,TOYOTA YARIS,-1,-1,0,-1
20201379I0568,2020,1379I0568,1,9,0,18,19,6,2,0,0,0,5,0,0,0,4,1,1,1,1,79,11,1329,1,7,TOYOTA YARIS,5,E01011736,0,-1
2020500945962,2020,500945962,1,9,0,18,19,5,1,0,0,0,0,0,0,0,1,1,5,6,2,25,5,1364,2,10,TOYOTA YARIS,2,E01019055,0,-1
2020137361024,2020,137361024,1,9,0,9,9,6,2,0,0,2,0,0,0,0,1,1,6,6,1,19,4,1329,1,8,TOYOTA YARIS,5,E01011648,0,-1
2020420925116,2020,420925116,1,9,0,16,19,1,5,0,0,0,1,0,7,4,1,1,2,2,1,27,6,1299,1,19,TOYOTA YARIS,6,E01021464,0,-1
2020201004026,2020,201004026,1,9,0,9,9,3,1,0,0,6,0,0,0,0,4,1,1,1,1,56,9,1329,1,5,TOYOTA YARIS,6,E01008956,0,-1
2020552000740,2020,552000740,2,9,0,2,2,0,0,0,0,0,0,0,0,0,4,1,6,6,3,-1,-1,1497,8,3,TOYOTA YARIS,-1,-1,0,-1
2020522100676,2020,522100676,1,9,0,18,19,4,8,0,0,8,0,0,0,0,1,1,6,6,2,27,6,1329,1,5,TOYOTA YARIS,3,E01014827,0,-1
2020522004864,2020,522004864,1,9,0,18,19,5,1,0,0,0,0,0,0,0,0,1,6,6,2,28,6,1329,1,8,TOYOTA YARIS,10,E01014429,0,-1
2020200970592,2020,200970592,1,9,0,18,19,-1,-1,0,0,8,0,0,0,0,2,1,6,6,3,-1,-1,1497,1,18,TOYOTA YARIS,-1,-1,0,-1
2020140952464,2020,140952464,2,9,0,18,19,3,6,0,0,8,0,0,0,0,1,2,1,1,1,48,8,998,1,17,TOYOTA YARIS,1,E01007940,0,-1
2020460974678,2020,460974678,3,9,0,3,3,3,8,0,0,1,0,0,0,0,1,1,5,6,2,43,7,1496,1,2,TOYOTA YARIS,4,E01024358,0,-1
2020010256763,2020,010256763,2,9,9,99,99,9,9,99,99,9,9,99,9,99,9,9,6,6,3,-1,-1,1299,1,18,TOYOTA YARIS,2,E01004062,0,-1
2020140966631,2020,140966631,1,9,0,18,19,8,5,0,0,2,0,0,0,0,1,1,5,6,1,23,5,1299,1,15,TOYOTA YARIS,2,E01008109,0,-1
2020990928298,2020,990928298,2,9,0,18,19,5,1,0,0,1,0,0,0,0,1,1,5,6,1,23,5,1329,1,6,TOYOTA YARIS,1,-1,0,-1
2020360967141,2020,360967141,1,9,0,18,19,3,1,0,0,0,0,0,0,0,3,1,6,6,1,45,7,1329,1,8,TOYOTA YARIS,6,E01011636,0,-1
2020440087170,2020,440087170,4,9,0,2,2,0,0,0,0,2,0,4,0,0,1,1,6,6,3,-1,-1,1329,1,9,TOYOTA YARIS,-1,-1,0,-1
2020010258004,2020,010258004,1,9,0,99,99,9,9,99,99,9,9,99,9,99,9,9,6,6,1,32,6,998,1,13,TOYOTA YARIS,6,E01001527,0,-1
2020200984388,2020,200984388,2,9,0,18,19,2,6,0,0,8,5,0,0,0,0,1,6,6,1,33,6,1329,1,10,TOYOTA YARIS,1,E01008966,0,-1
2020470958059,2020,470958059,2,9,0,3,3,4,8,0,0,0,0,0,0,0,0,1,6,6,1,65,9,998,1,20,TOYOTA YARIS,7,E01016923,0,-1
2020440198363,2020,440198363,1,9,0,18,19,3,7,0,0,4,0,0,0,0,1,1,6,6,2,80,11,1497,8,2,TOYOTA YARIS,8,E01022829,0,-1
2020450922277,2020,450922277,2,9,0,18,19,6,2,0,0,0,0,0,0,0,1,1,6,6,2,32,6,1329,1,5,TOYOTA YARIS,-1,-1,0,-1
2020110965199,2020,110965199,2,9,0,18,19,3,7,0,0,6,0,0,0,0,1,1,5,6,1,72,10,1329,1,11,TOYOTA YARIS,8,E01020598,0,-1
2020010232516,2020,010232516,2,9,0,9,9,4,1,0,0,1,0,0,0,0,1,1,6,6,1,61,9,1299,1,19,TOYOTA YARIS,-1,-1,0,-1
20201378C0676,2020,1378C0676,1,9,0,7,7,5,7,0,0,8,0,0,0,0,1,1,6,6,2,39,7,1299,1,15,TOYOTA YARIS,1,E01010811,0,-1
2020450955778,2020,450955778,1,9,0,18,19,2,6,0,0,0,0,0,0,0,4,1,5,6,2,66,10,998,1,18,TOYOTA YARIS,9,E01030330,0,-1
2020200994605,2020,200994605,2,9,0,18,19,8,4,0,0,8,0,0,0,0,4,1,6,6,2,50,8,998,1,19,TOYOTA YARIS,1,E01009152,0,-1
2020470944036,2020,470944036,2,9,0,17,19,7,4,0,0,1,0,0,0,0,3,1,2,2,2,63,9,1329,1,11,TOYOTA YARIS,10,E01031635,0,-1
2020030931994,2020,030931994,1,9,0,18,19,3,7,0,0,0,0,0,0,0,1,1,2,2,1,27,6,1296,1,13,TOYOTA YARIS,8,E01019397,0,-1
2020010272507,2020,010272507,2,9,0,99,99,9,9,99,99,9,9,99,9,99,3,9,6,6,3,-1,-1,998,1,15,TOYOTA YARIS,-1,-1,0,-1
2020140949323,2020,140949323,2,9,0,9,9,2,7,0,0,8,0,0,0,0,1,1,5,6,1,33,6,998,1,21,TOYOTA YARIS,1,E01007873,0,-1
2020460927136,2020,460927136,1,9,0,10,10,5,3,0,0,1,0,0,0,0,1,1,1,1,1,58,9,998,1,17,TOYOTA YARIS,2,E01016025,0,-1
2020010263715,2020,010263715,1,9,0,9,9,1,7,0,0,1,0,0,0,0,0,1,6,6,1,73,10,1497,8,2,TOYOTA YARIS,9,E01001382,0,-1
202063C005620,2020,63C005620,1,9,0,18,19,8,4,0,0,0,1,0,0,0,1,1,2,2,1,17,4,998,1,19,TOYOTA YARIS,4,W01000587,0,-1
2020552000691,2020,552000691,2,9,0,18,19,4,8,0,0,0,0,0,0,0,3,1,6,6,1,36,7,1363,2,18,TOYOTA YARIS,8,E01015298,0,-1
2020421000796,2020,421000796,2,3,0,10,10,7,3,0,0,1,0,0,1,0,2,1,1,1,1,22,5,125,1,4,-1,2,E01021485,0,-1
2020010249084,2020,010249084,2,3,0,13,13,4,8,0,0,8,0,0,0,0,4,1,6,6,1,21,5,124,1,8,-1,4,E01000932,0,-1
2020010264444,2020,010264444,1,3,0,99,99,9,9,99,99,9,9,99,9,99,9,1,6,6,1,31,6,124,1,8,-1,3,E01004378,0,-1
2020010265483,2020,010265483,1,3,0,99,99,9,9,99,99,0,9,99,9,99,9,1,6,6,1,22,5,124,1,7,-1,4,E01004699,0,-1
2020010250531,2020,010250531,1,3,0,99,99,9,9,99,99,9,9,99,9,99,9,1,6,6,1,30,6,124,1,6,-1,2,E01004755,0,-1
2020010249188,2020,010249188,1,4,0,14,14,1,5,0,0,3,0,0,0,0,1,1,6,6,3,-1,-1,124,1,6,-1,-1,-1,0,-1
2020010233177,2020,010233177,1,3,0,99,99,9,9,99,99,9,9,99,9,99,2,-1,6,6,1,30,6,124,1,6,-1,2,E01000527,0,-1
2020010276115,2020,010276115,1,3,0,18,19,3,7,0,0,0,0,0,0,0,2,1,6,6,1,32,6,124,1,8,-1,-1,-1,0,-1
2020010267187,2020,010267187,1,2,0,18,19,7,3,0,0,2,0,0,0,0,3,1,1,1,1,38,7,124,1,8,-1,3,E01000522,0,-1
2020010253540,2020,010253540,1,3,0,9,9,3,1,0,0,5,0,0,0,0,4,-1,1,1,1,26,6,124,1,6,-1,2,E01004392,0,-1
2020010270493,2020,010270493,1,3,0,99,99,9,9,99,99,8,9,99,9,99,1,1,6,6,1,31,6,124,1,6,-1,2,E01000527,0,-1
2020010259401,2020,010259401,1,5,0,99,99,9,9,99,99,9,9,99,9,99,1,9,6,6,1,30,6,600,1,8,Yamaha XJ6,2,E01003063,0,-1
2020010248283,2020,010248283,2,4,0,18,19,7,3,0,0,8,5,0,0,0,1,1,6,6,1,46,8,599,1,11,-1,9,E01002935,0,-1
2020010267144,2020,010267144,1,5,0,18,19,8,4,0,0,0,0,0,0,0,1,1,6,6,2,36,7,600,1,7,Yamaha XJ6,2,E01001760,0,-1
2020100960018,2020,100960018,1,5,0,17,19,3,7,0,0,0,0,0,0,0,0,1,6,6,1,33,6,599,1,11,Yamaha XJ6,7,E01027489,0,-1
2020140984510,2020,140984510,1,5,0,4,4,6,2,0,0,0,0,0,0,0,2,1,2,2,1,44,7,600,1,6,Yamaha XJ6,2,E01007497,0,-1
2020450960124,2020,450960124,1,4,0,18,19,5,1,0,0,0,0,0,1,0,4,1,5,6,1,57,9,600,1,9,-1,5,E01004486,0,-1
2020440017328,2020,440017328,1,3,0,10,10,5,1,0,0,4,0,0,0,0,3,1,2,2,1,32,6,600,1,8,-1,5,E01022781,0,-1
2020990984623,2020,990984623,2,5,0,18,19,5,1,0,0,1,0,0,7,1,4,1,5,6,1,52,8,599,1,11,Yamaha XJ6,6,-1,0,-1
2020010228283,2020,010228283,2,5,0,18,19,1,5,0,0,8,0,0,0,0,1,1,6,6,1,35,6,600,1,8,Yamaha XJ6,2,E01001862,0,-1
2020500971462,2020,500971462,2,5,0,18,19,2,6,0,0,1,0,0,0,0,1,1,5,6,1,23,5,600,1,8,Yamaha XJ6,4,E01029174,0,-1
2020010277287,2020,010277287,2,4,0,18,19,7,3,0,0,1,0,0,0,0,3,1,1,1,1,31,6,599,1,11,-1,9,E01033101,0,-1
2020010288563,2020,010288563,1,5,0,5,5,6,2,4,4,2,0,99,9,0,1,1,6,6,3,-1,-1,600,1,8,Yamaha XJ6,-1,-1,0,-1
2020010287067,2020,010287067,1,5,0,18,19,1,5,0,0,8,0,0,0,0,1,1,6,6,1,25,5,600,1,8,Yamaha XJ6,3,E01004038,0,-1
2020010272199,2020,010272199,3,5,0,18,19,3,7,0,0,1,0,0,0,0,2,1,6,6,1,65,9,600,1,6,Yamaha XJ6,3,E01004575,0,-1
2020010263376,2020,010263376,1,5,0,18,19,1,5,0,0,1,0,0,0,0,1,1,6,6,1,36,7,599,1,11,Yamaha XJ6,10,E01030343,0,-1
2020470953143,2020,470953143,1,5,0,7,7,2,4,0,0,3,1,0,0,0,4,1,2,2,1,24,5,600,1,7,Yamaha XJ6,3,E01031559,0,-1
2020010265485,2020,010265485,1,5,0,99,99,9,9,99,99,9,9,99,9,99,1,1,6,6,1,35,6,600,1,6,Yamaha XJ6,4,E01003220,0,-1
2020420967747,2020,420967747,2,5,0,17,19,7,5,0,0,0,0,0,0,0,4,1,6,6,1,22,5,599,1,10,Yamaha XJ6,7,E01021867,0,-1
2020302000881,2020,302000881,1,5,0,16,19,2,6,0,0,0,1,0,7,11,1,1,6,6,2,56,9,600,1,8,Yamaha XJ6,5,E01013125,0,-1
20201371C1109,2020,1371C1109,3,9,0,18,19,2,6,0,0,0,0,0,0,0,2,1,6,6,1,41,7,1368,1,2,ABARTH 595,3,E01011027,0,-1
2020100928153,2020,100928153,1,9,0,12,12,3,7,0,0,0,0,0,0,0,2,1,6,6,2,59,9,1368,1,4,ABARTH 595,7,E01008691,0,-1
2020170S11040,2020,170S11040,3,9,0,4,4,4,8,0,0,0,0,0,0,0,2,1,2,2,2,22,5,1368,1,0,ABARTH 595,5,E01012161,0,-1
2020010281608,2020,010281608,1,9,0,3,3,7,3,0,0,1,0,0,0,0,2,1,6,6,1,49,8,1368,1,3,ABARTH 595,4,E01001197,0,-1
2020320565037,2020,320565037,1,9,0,5,5,3,7,0,0,6,0,0,0,0,3,1,6,6,2,27,6,1368,1,2,ABARTH 595,6,E01026147,0,-1
2020160965961,2020,160965961,1,9,0,14,14,1,5,0,0,0,1,0,0,0,3,1,6,6,1,71,10,1368,1,5,ABARTH 595,1,E01012875,0,-1
2020991014661,2020,991014661,2,9,0,18,19,2,6,0,0,0,0,0,0,0,1,1,6,6,1,26,6,1368,1,0,ABARTH 595,2,-1,0,-1
2020302000887,2020,302000887,1,9,0,1,1,5,1,0,0,0,0,0,0,0,2,1,6,6,1,58,9,1368,1,4,ABARTH 595,5,E01019470,0,-1
2020552001161,2020,552001161,2,9,0,18,19,8,4,0,0,8,0,0,0,0,1,1,6,6,2,36,7,1368,1,3,ABARTH 595,8,E01015319,0,-1
2020470948850,2020,470948850,1,9,0,16,19,2,5,0,0,0,5,0,1,10,4,1,5,6,1,21,5,1368,1,6,ABARTH 595,7,E01031539,0,-1
2020200965806,2020,200965806,1,9,0,9,9,2,4,0,0,3,0,4,1,0,3,1,6,6,2,19,4,1368,1,3,ABARTH 595,10,E01032145,0,-1
2020430256089,2020,430256089,3,9,0,4,4,3,7,0,0,1,0,0,0,0,1,1,6,6,2,25,5,1368,1,6,ABARTH 595,3,W01001695,0,-1
2020230918669,2020,230918669,2,9,0,18,19,5,1,0,0,0,0,0,0,0,1,1,5,6,1,21,5,1368,1,4,ABARTH 595,4,E01025930,0,-1
2020552000595,2020,552000595,1,9,0,18,19,6,2,0,0,0,0,0,0,0,1,1,6,6,1,79,11,1368,1,0,ABARTH 595,-1,-1,0,-1
2020010249064,2020,010249064,2,9,0,18,19,3,7,0,0,9,0,99,0,0,1,9,6,6,1,33,6,1368,1,3,ABARTH 595,5,E01003016,0,-1
2020320684730,2020,320684730,1,9,0,18,19,6,2,0,0,0,5,0,7,4,1,1,6,6,1,19,4,1368,1,5,ABARTH 595,7,E01026199,0,-1
2020530953399,2020,530953399,1,9,0,18,19,-1,-1,0,0,0,0,0,0,0,1,1,5,6,1,18,4,1368,1,4,ABARTH 595,10,E01014864,0,-1
2020100929951,2020,100929951,2,9,0,4,4,3,7,0,0,1,0,0,0,0,2,1,5,6,2,34,6,1368,1,6,ABARTH 595,4,E01008286,0,-1
2020546315620,2020,546315620,1,9,0,18,19,8,4,0,0,1,0,0,0,0,4,1,6,6,2,17,4,1368,1,1,ABARTH 595,3,E01015527,0,-1
2020990954617,2020,990954617,1,9,0,5,5,3,8,0,0,1,0,0,0,0,4,1,5,6,2,49,8,1368,1,3,ABARTH 595,4,-1,0,-1
2020470930721,2020,470930721,1,9,0,18,19,4,8,0,0,0,5,0,1,10,3,1,2,2,1,22,5,1368,1,0,ABARTH 595,9,E01021085,0,-1
2020370980663,2020,370980663,1,9,0,18,19,7,3,0,0,0,0,0,0,0,1,1,5,6,2,25,5,1368,1,1,ABARTH 595,4,E01021802,0,-1
202006G274547,2020,06G274547,2,9,0,18,19,3,7,0,0,1,0,0,0,0,3,1,6,6,1,33,6,1368,1,1,ABARTH 595,2,E01005974,0,-1
2020220981116,2020,220981116,1,9,0,18,19,4,8,0,0,0,2,10,7,10,1,1,5,6,1,20,4,1368,1,4,ABARTH 595,7,E01031248,0,-1
2020010230860,2020,010230860,2,9,0,99,99,9,9,99,99,0,9,99,9,99,1,9,6,6,3,-1,-1,1368,1,2,ABARTH 595,-1,-1,0,-1
2020122001178,2020,122001178,1,9,0,7,7,7,1,0,0,4,0,0,0,0,1,1,2,2,1,26,6,1368,1,2,ABARTH 595,4,E01010595,0,-1
2020500989355,2020,500989355,1,9,0,17,19,1,5,0,0,0,0,0,2,7,4,1,1,1,2,53,8,1368,1,4,ABARTH 595,6,E01015184,0,-1
2020122000720,2020,122000720,2,9,0,8,8,5,7,0,0,1,0,0,0,0,2,1,6,6,2,56,9,1368,1,2,ABARTH 595,10,E01010646,0,-1
2020100990673,2020,100990673,1,9,0,18,19,2,6,0,0,8,0,0,0,0,1,1,6,6,1,22,5,1368,1,4,ABARTH 595,1,E01008218,0,-1
2020522004561,2020,522004561,2,9,0,18,19,4,8,0,0,0,0,0,0,0,1,1,6,6,1,20,4,1368,1,2,ABARTH 595,-1,-1,0,-1
2020122000623,2020,122000623,1,9,0,18,19,5,7,0,0,0,0,0,0,0,4,1,6,6,1,20,4,1368,1,1,ABARTH 595,5,E01027822,0,-1
2020010246287,2020,010246287,5,9,0,2,2,0,0,9,9,1,0,0,0,0,2,1,6,6,3,-1,-1,1368,1,3,ABARTH 595,-1,-1,0,-1
2020010234832,2020,010234832,2,9,0,5,5,8,4,0,0,1,0,4,0,0,1,1,6,6,2,23,5,1368,1,2,ABARTH 595,1,E01004702,0,-1
2020430084969,2020,430084969,1,9,0,17,19,5,2,0,0,0,2,10,1,2,1,1,6,6,2,24,5,1368,1,2,ABARTH 595,10,E01016644,0,-1
2020440076212,2020,440076212,2,9,0,10,10,7,5,0,0,8,0,0,0,0,2,1,1,1,2,23,5,1368,1,1,ABARTH 595,4,E01017297,0,-1
2020010272097,2020,010272097,1,9,0,18,19,8,4,0,0,0,0,10,8,2,3,1,6,6,1,28,6,1368,1,4,ABARTH 595,5,E01002590,0,-1
2020111000129,2020,111000129,1,9,0,9,9,7,1,0,0,2,0,0,0,0,1,1,6,6,2,32,6,1368,1,1,ABARTH 595,9,E01020702,0,-1
2020451008441,2020,451008441,1,9,0,4,4,7,3,0,0,1,0,0,0,0,1,1,5,6,2,43,7,1368,1,6,ABARTH 595,10,E01030998,0,-1
2020410972487,2020,410972487,1,9,0,6,6,1,5,0,0,0,0,0,0,0,4,1,5,6,2,52,8,1368,1,1,ABARTH 595,8,E01000246,0,-1