collision_index,collision_year,collision_ref_no,vehicle_reference,vehicle_type,towing_and_articulation,vehicle_manoeuvre_historic,vehicle_manoeuvre,vehicle_direction_from,vehicle_direction_to,vehicle_location_restricted_lane_historic,vehicle_location_restricted_lane,junction_location,skidding_and_overturning,hit_object_in_carriageway,vehicle_leaving_carriageway,hit_object_off_carriageway,first_point_of_impact,vehicle_left_hand_drive,journey_purpose_of_driver_historic,journey_purpose_of_driver,sex_of_driver,age_of_driver,age_band_of_driver,engine_capacity_cc,propulsion_code,age_of_vehicle,generic_make_model,driver_imd_decile,lsoa_of_driver,escooter_flag,driver_distance_banding
2020990982338,2020,990982338,3,21,1,18,19,2,5,0,0,8,0,0,0,0,3,1,1,1,1,39,7,12902,2,0,DAF TRUCKS Model Missing,3,-1,0,-1
2020010260165,2020,010260165,1,19,0,9,9,8,5,0,0,8,0,0,0,0,1,1,6,6,3,-1,-1,-1,-1,-1,DAF TRUCKS Model Missing,-1,-1,0,-1
202063D038020,2020,63D038020,2,21,0,18,19,2,6,0,0,0,0,0,0,0,3,1,1,1,1,48,8,12902,2,1,DAF TRUCKS Model Missing,1,E01007273,0,-1
2020420932834,2020,420932834,1,21,1,5,5,1,5,0,0,0,0,0,0,0,3,1,1,1,1,30,6,10837,2,4,DAF TRUCKS Model Missing,5,E01021865,0,-1
2020370983889,2020,370983889,3,21,0,2,2,0,0,0,0,0,0,0,0,0,0,1,1,1,1,-1,-1,10800,2,4,DAF TRUCKS Model Missing,-1,-1,0,-1
2020010240591,2020,010240591,1,21,0,9,9,5,3,0,0,0,0,11,9,10,-1,9,6,6,1,55,8,10837,2,4,DAF TRUCKS Model Missing,6,E01023751,0,-1
2020041004138,2020,041004138,2,21,0,18,19,3,3,0,0,0,0,0,0,0,2,1,1,1,1,37,7,4500,2,3,DAF TRUCKS Model Missing,-1,-1,0,-1
2020230994041,2020,230994041,1,21,0,18,19,8,4,0,0,1,0,0,0,0,1,1,1,1,1,42,7,12902,2,6,DAF TRUCKS Model Missing,7,E01032268,0,-1
2020220968064,2020,220968064,2,21,1,18,19,6,2,0,0,5,0,0,0,0,2,1,1,1,1,33,6,10837,2,3,DAF TRUCKS Model Missing,1,E01010107,0,-1
2020552000943,2020,552000943,2,21,0,18,19,1,6,0,0,1,0,0,0,0,2,1,1,1,1,42,7,6700,2,0,DAF TRUCKS Model Missing,4,E01032645,0,-1
2020460989602,2020,460989602,1,21,0,18,19,5,1,0,0,0,0,0,0,0,4,1,5,6,1,64,9,12902,2,1,DAF TRUCKS Model Missing,2,E01011726,0,-1
2020350948086,2020,350948086,1,98,0,13,13,6,2,0,0,0,1,0,7,0,3,1,1,1,2,53,8,-1,-1,-1,DAF TRUCKS Model Missing,7,E01018243,0,-1
2020440381572,2020,440381572,1,21,1,18,19,2,6,0,0,0,0,0,0,0,1,1,1,1,1,53,8,10837,2,5,DAF TRUCKS Model Missing,5,E01016218,0,-1
2020070775707,2020,070775707,3,21,0,18,19,7,3,0,0,0,0,7,0,0,1,1,1,1,1,52,8,6700,2,4,DAF TRUCKS Model Missing,-1,-1,0,-1
2020210943156,2020,210943156,1,21,0,18,19,4,8,0,0,1,0,0,0,0,1,1,6,6,1,45,7,10837,2,2,DAF TRUCKS Model Missing,-1,-1,0,-1
2020320426945,2020,320426945,2,21,1,18,19,1,5,0,0,0,0,0,0,0,1,1,1,1,1,50,8,12902,2,4,DAF TRUCKS Model Missing,8,E01032996,0,-1
2020420966570,2020,420966570,1,20,0,6,6,3,3,0,0,0,0,0,0,0,2,1,6,6,1,38,7,6700,2,2,DAF TRUCKS Model Missing,3,E01015986,0,-1
202031C071120,2020,31C071120,2,21,0,11,11,8,4,0,0,0,0,0,0,0,4,1,1,1,1,-1,-1,10837,2,4,DAF TRUCKS Model Missing,-1,-1,0,-1
2020440285285,2020,440285285,2,21,0,13,13,8,4,0,0,1,0,0,0,0,4,1,1,1,1,42,7,12900,2,8,DAF TRUCKS Model Missing,8,E01023090,0,-1
202063A002820,2020,63A002820,4,21,1,4,4,3,6,0,0,1,0,0,0,0,2,1,1,1,1,59,9,12902,2,1,DAF TRUCKS Model Missing,6,E01031018,0,-1
2020302001676,2020,302001676,1,21,0,7,7,5,8,0,0,6,0,0,0,0,1,2,1,1,1,58,9,-1,-1,-1,DAF TRUCKS Model Missing,1,E01013849,0,-1
2020137A11054,2020,137A11054,1,21,0,18,19,5,1,0,0,0,0,0,0,0,1,1,1,1,1,32,6,6700,2,6,DAF TRUCKS Model Missing,2,E01010815,0,-1
202006A169036,2020,06A169036,1,21,1,18,19,3,7,0,0,0,0,0,0,0,1,1,1,1,1,29,6,10837,2,3,DAF TRUCKS Model Missing,6,E01025401,0,-1
2020010262996,2020,010262996,2,20,0,18,19,7,3,0,0,0,0,0,0,0,4,1,1,1,1,32,6,6700,2,2,DAF TRUCKS Model Missing,8,E01019535,0,-1
2020440211336,2020,440211336,1,21,0,7,7,1,3,0,0,8,0,0,0,0,4,1,1,1,1,57,9,4500,2,3,DAF TRUCKS Model Missing,3,E01017078,0,-1
2020990921352,2020,990921352,3,21,4,3,3,5,1,0,0,1,0,0,0,0,1,1,1,1,1,63,9,10837,2,2,DAF TRUCKS Model Missing,1,-1,0,-1
2020210943153,2020,210943153,3,21,1,18,19,8,4,0,0,0,0,0,0,0,1,1,1,1,1,47,8,12900,2,10,DAF TRUCKS Model Missing,1,E01012546,0,-1
2020460945178,2020,460945178,1,21,0,18,19,5,1,0,0,2,0,0,0,0,3,1,5,6,1,52,8,10837,2,3,DAF TRUCKS Model Missing,4,E01016163,0,-1
2020460966693,2020,460966693,2,21,1,7,7,5,7,0,0,6,0,0,0,0,3,1,6,6,1,75,10,12900,2,14,DAF TRUCKS Model Missing,5,E01024532,0,-1
2020461006377,2020,461006377,1,21,1,18,19,1,5,0,0,0,0,0,0,0,4,1,6,6,1,50,8,12902,2,3,DAF TRUCKS Model Missing,3,E01018109,0,-1
202006K178214,2020,06K178214,2,19,0,17,19,1,6,0,0,2,0,0,0,0,1,1,1,1,1,61,9,4500,2,1,DAF TRUCKS Model Missing,4,E01006228,0,-1
2020320565531,2020,320565531,3,21,0,11,11,5,1,7,6,0,0,0,0,0,0,1,1,1,1,58,9,6692,2,8,DAF TRUCKS Model Missing,2,E01026050,0,-1
2020052001959,2020,052001959,3,90,0,2,2,0,0,0,0,0,0,0,0,0,2,1,1,1,3,-1,-1,6700,2,3,-1,-1,-1,0,-1
2020010271788,2020,010271788,2,20,0,99,99,9,9,99,99,0,9,99,9,99,9,9,6,6,3,-1,-1,3800,2,0,DAF TRUCKS Model Missing,-1,-1,0,-1
2020500930988,2020,500930988,2,21,0,18,19,8,4,0,0,0,0,0,0,0,2,1,2,2,1,57,9,12902,2,7,DAF TRUCKS Model Missing,3,E01015084,0,-1
2020160964699,2020,160964699,3,21,0,18,19,2,6,0,0,0,0,0,0,0,2,1,5,6,1,46,8,10837,2,4,DAF TRUCKS Model Missing,8,E01013190,0,-1
2020500938058,2020,500938058,1,20,0,18,19,2,6,0,0,0,0,0,0,0,1,1,1,1,1,39,7,4500,2,5,DAF TRUCKS Model Missing,5,E01015139,0,-1
2020350946495,2020,350946495,1,21,1,18,19,-1,-1,0,0,3,0,0,0,0,2,1,1,1,1,-1,-1,12902,2,6,DAF TRUCKS Model Missing,3,E01002404,0,-1
2020320514987,2020,320514987,1,21,0,18,19,7,3,0,0,0,0,0,0,0,1,1,1,1,1,47,8,10837,2,1,DAF TRUCKS Model Missing,5,E01026100,0,-1
2020140919543,2020,140919543,1,21,0,18,19,1,5,0,0,0,0,0,0,0,4,1,1,1,1,38,7,10837,2,1,DAF TRUCKS Model Missing,1,E01007764,0,-1
2020010241431,2020,010241431,1,21,1,18,19,1,5,0,0,8,0,0,0,0,1,1,1,1,1,49,8,12902,2,0,DAF TRUCKS Model Missing,9,E01032894,0,-1
2020010231857,2020,010231857,2,21,1,18,19,3,7,0,0,0,0,0,0,0,2,1,1,1,1,57,9,12900,2,8,DAF TRUCKS Model Missing,6,E01015337,0,-1
2020200982724,2020,200982724,2,90,0,18,19,6,2,0,0,8,0,0,0,0,4,1,1,1,1,33,6,2999,2,5,-1,7,E01009858,0,-1
2020360982853,2020,360982853,1,3,0,4,4,7,3,0,0,0,0,0,0,0,1,1,5,6,1,54,8,85,1,20,-1,6,E01026899,0,-1
2020440376400,2020,440376400,1,3,0,18,19,3,7,0,0,8,0,0,0,0,3,1,6,6,1,85,11,85,1,32,-1,3,E01022840,0,-1
2020010273398,2020,010273398,1,3,0,18,19,7,3,0,0,0,0,0,0,0,1,1,2,2,1,26,6,125,1,0,HONDA CBF125N,-1,-1,0,-1
2020522004978,2020,522004978,1,4,0,13,13,7,3,0,0,2,1,0,0,0,1,1,6,6,1,34,6,125,1,1,-1,10,E01014818,0,-1
2020220940346,2020,220940346,2,3,0,3,3,5,1,0,0,1,0,0,0,0,3,1,5,6,1,17,4,125,1,1,HONDA CBF125N,6,E01028969,0,-1
2020010282621,2020,010282621,1,3,0,18,19,5,1,0,0,1,0,0,0,0,3,1,1,1,1,23,5,125,1,1,HONDA CBF125N,4,E01001015,0,-1
2020440022025,2020,440022025,1,3,0,17,19,4,4,0,0,8,1,0,0,0,4,1,6,6,1,19,4,125,1,2,HONDA CBF125N,4,E01017342,0,-1
202006K373972,2020,06K373972,2,3,0,7,7,3,5,0,0,8,0,0,0,0,1,1,6,6,1,31,6,125,1,1,HONDA CBF125N,4,E01006294,0,-1
2020010273926,2020,010273926,1,3,0,18,19,5,1,6,6,3,0,0,1,0,1,1,1,1,1,23,5,125,1,1,HONDA CBF125N,5,E01016577,0,-1
202063C047420,2020,63C047420,1,3,0,18,19,2,6,0,0,1,1,0,0,0,0,1,2,2,1,21,5,125,1,1,HONDA CBF125N,-1,-1,0,-1
2020010284625,2020,010284625,2,3,0,18,19,5,1,2,2,1,0,0,0,0,1,1,6,6,1,38,7,125,1,0,HONDA CBF125N,5,E01002202,0,-1
2020040983327,2020,040983327,1,3,0,4,4,7,3,0,0,0,0,0,0,0,2,1,5,6,1,29,6,125,1,1,HONDA CBF125N,3,E01012734,0,-1
2020010236220,2020,010236220,2,3,0,18,19,3,7,0,0,1,0,0,0,0,1,1,2,2,1,20,4,125,1,2,HONDA CBF125N,6,E01030643,0,-1
2020040928815,2020,040928815,1,3,0,18,19,5,1,0,0,2,0,0,7,0,3,1,2,2,1,64,9,125,1,2,HONDA CBF125N,5,E01025541,0,-1
2020040983327,2020,040983327,2,3,0,4,4,7,3,0,0,0,0,0,0,0,1,1,5,6,1,34,6,125,1,0,HONDA CBF125N,1,E01012735,0,-1
2020200932279,2020,200932279,2,3,0,18,19,2,6,0,0,0,0,0,0,0,3,1,1,1,1,36,7,125,1,2,HONDA CBF125N,1,E01008932,0,-1
2020460963446,2020,460963446,1,3,0,18,19,3,7,0,0,0,1,4,0,0,1,1,5,6,2,21,5,125,1,0,HONDA CBF125N,7,E01004175,0,-1
202006N267742,2020,06N267742,2,3,0,13,13,8,4,0,0,8,0,0,0,0,1,1,6,6,1,25,5,125,1,1,HONDA CBF125N,4,E01004986,0,-1
2020400981529,2020,400981529,2,3,0,18,19,8,8,0,0,1,1,0,0,0,1,1,2,2,1,30,6,125,1,1,HONDA CBF125N,5,E01017497,0,-1
2020010271266,2020,010271266,2,4,0,13,13,3,7,0,0,6,0,0,0,0,1,1,6,6,2,27,6,125,1,2,-1,6,E01001984,0,-1
2020552000757,2020,552000757,1,4,0,13,13,2,7,0,0,8,1,0,7,11,4,1,2,2,1,21,5,125,1,2,-1,3,E01015287,0,-1
2020010282103,2020,010282103,1,3,0,18,19,1,5,0,0,1,0,0,0,0,1,1,6,6,1,32,6,125,1,0,HONDA CBF125N,1,E01001786,0,-1
2020360932471,2020,360932471,1,3,0,18,19,3,7,0,0,0,0,0,0,0,4,1,2,2,1,38,7,125,1,2,HONDA CBF125N,6,E01026797,0,-1
2020160972663,2020,160972663,2,3,0,18,19,5,1,2,2,2,0,0,0,0,4,1,5,6,1,24,5,125,1,2,HONDA CBF125N,1,E01012918,0,-1
2020470982664,2020,470982664,1,3,0,9,9,6,4,0,0,8,0,0,0,0,4,1,5,6,1,34,6,125,1,1,HONDA CBF125N,2,E01020911,0,-1
2020010256202,2020,010256202,1,3,0,12,12,5,1,0,0,0,0,0,0,0,3,1,6,6,1,17,4,125,1,2,HONDA CBF125N,2,E01003984,0,-1
2020010284129,2020,010284129,1,3,0,4,4,7,3,0,0,1,5,0,0,0,1,1,6,6,1,26,6,125,1,2,HONDA CBF125N,1,E01033455,0,-1
2020500971721,2020,500971721,2,3,0,13,13,8,4,0,0,2,0,0,0,0,1,1,5,6,1,29,6,125,1,0,HONDA CBF125N,1,E01019020,0,-1
202063B029220,2020,63B029220,1,3,0,18,19,4,8,0,0,0,0,0,0,0,0,1,6,6,1,20,4,125,1,2,HONDA CBF125N,2,E01014074,0,-1
2020411013351,2020,411013351,2,3,0,18,19,1,5,0,0,8,5,0,0,0,1,1,6,6,1,35,6,125,1,1,HONDA CBF125N,9,E01023557,0,-1
2020530925137,2020,530925137,1,3,0,18,19,6,2,0,0,8,5,0,0,0,4,1,5,6,1,27,6,125,1,2,HONDA CBF125N,5,E01014057,0,-1
2020450970325,2020,450970325,1,3,0,18,19,5,8,0,0,8,1,0,0,0,1,1,6,6,1,18,4,125,1,1,HONDA CBF125N,10,E01030343,0,-1
2020471007063,2020,471007063,1,3,0,18,19,2,6,0,0,8,0,0,0,0,1,1,2,2,1,23,5,125,1,0,HONDA CBF125N,3,E01016937,0,-1
2020010266361,2020,010266361,1,3,0,18,19,7,3,0,0,8,0,0,0,0,3,1,1,1,1,44,7,125,1,2,HONDA CBF125N,2,E01001246,0,-1
2020030965767,2020,030965767,1,3,0,18,19,5,1,0,0,2,0,1,0,0,1,1,6,6,3,-1,-1,125,1,2,HONDA CBF125N,-1,-1,0,-1
202031A093620,2020,31A093620,2,3,0,18,19,7,3,0,0,8,0,0,0,0,1,1,6,6,1,30,6,125,1,2,HONDA CBF125N,1,E01020094,0,-1
2020500984838,2020,500984838,1,4,0,18,19,1,3,0,0,1,5,0,0,0,1,1,6,6,1,17,4,125,1,2,-1,3,E01015159,0,-1
2020010268566,2020,010268566,2,3,0,18,19,5,1,0,0,1,0,0,0,0,1,1,6,6,2,40,7,125,1,1,HONDA CBF125N,-1,-1,0,-1
2020010273460,2020,010273460,1,3,0,18,19,3,7,0,0,8,5,0,0,0,1,1,6,6,1,42,7,125,1,2,HONDA CBF125N,8,E01000649,0,-1
2020010233447,2020,010233447,1,3,0,99,99,9,9,99,99,9,9,99,9,99,9,1,6,6,1,18,4,125,1,2,HONDA CBF125N,3,E01003631,0,-1
2020010270800,2020,010270800,2,3,0,13,13,1,5,0,0,0,0,0,0,0,1,1,6,6,1,30,6,125,1,2,HONDA CBF125N,3,E01001733,0,-1
2020010252280,2020,010252280,1,3,0,18,19,1,5,0,0,1,5,0,0,0,4,1,6,6,1,23,5,125,1,2,HONDA CBF125N,3,E01001242,0,-1
2020221005371,2020,221005371,1,3,0,9,9,2,8,0,0,6,1,0,0,0,3,1,1,1,1,26,6,125,1,0,HONDA CBF125N,5,E01014078,0,-1
2020010246680,2020,010246680,1,3,0,18,19,5,1,0,0,1,0,0,0,0,1,1,6,6,1,34,6,125,1,1,HONDA CBF125N,2,E01002068,0,-1
2020010230616,2020,010230616,1,3,0,5,5,7,3,0,0,8,0,0,0,0,1,-1,6,6,1,26,6,125,1,2,HONDA CBF125N,6,E01016000,0,-1
2020010272167,2020,010272167,2,3,0,14,14,1,5,0,0,1,0,0,0,0,1,1,2,2,1,27,6,125,1,2,HONDA CBF125N,6,E01002296,0,-1
2020040948868,2020,040948868,2,3,0,18,19,5,1,0,0,3,0,0,0,0,4,1,2,2,1,37,7,125,1,1,HONDA CBF125N,9,E01025461,0,-1
2020420971040,2020,420971040,2,3,0,13,13,6,2,0,0,0,5,7,0,0,1,1,5,6,1,18,4,125,1,0,HONDA CBF125N,2,E01015855,0,-1
2020010279924,2020,010279924,1,3,9,18,19,1,5,99,99,0,9,99,0,0,9,1,6,6,2,21,5,125,1,0,HONDA CBF125N,7,E01004175,0,-1
2020450973912,2020,450973912,1,3,0,17,19,5,7,0,0,0,0,0,0,0,3,1,6,6,1,21,5,125,1,0,HONDA CBF125N,5,E01030815,0,-1
2020010263848,2020,010263848,1,3,0,18,19,7,3,0,0,4,0,0,0,0,9,1,6,6,1,30,6,125,1,1,HONDA CBF125N,-1,-1,0,-1
2020450984186,2020,450984186,2,3,0,17,19,5,1,0,0,0,0,0,0,0,1,1,5,6,1,24,5,125,1,0,HONDA CBF125N,9,E01031000,0,-1
2020010256794,2020,010256794,2,3,0,14,14,1,5,0,0,1,0,0,0,0,1,1,6,6,1,39,7,125,1,0,HONDA CBF125N,4,E01003826,0,-1
2020010263282,2020,010263282,2,3,0,14,14,1,5,0,0,8,0,0,0,0,1,1,6,6,1,28,6,125,1,1,HONDA CBF125N,4,E01003695,0,-1
2020010279231,2020,010279231,1,3,0,99,99,9,9,99,99,9,9,99,9,99,1,1,6,6,1,40,7,125,1,0,HONDA CBF125N,9,E01000715,0,-1
2020010266286,2020,010266286,1,3,0,18,19,3,7,0,0,8,0,0,0,0,1,1,6,6,1,36,7,125,1,1,HONDA CBF125N,2,E01000523,0,-1
2020610036320,2020,610036320,1,4,0,17,19,5,2,0,0,0,0,11,0,7,4,1,6,6,1,68,10,1137,1,19,-1,6,W01001908,0,-1
2020450951000,2020,450951000,1,5,0,18,19,1,5,0,0,0,0,0,0,0,0,1,6,6,1,63,9,1137,1,22,HONDA CBR1100XX,10,E01030377,0,-1
2020160972590,2020,160972590,2,5,0,18,19,1,5,0,0,1,0,0,0,0,1,1,5,6,1,50,8,1137,1,22,HONDA CBR1100XX,4,E01013246,0,-1
2020030991971,2020,030991971,1,5,0,17,19,1,5,0,0,0,0,0,0,0,1,1,5,6,1,55,8,1137,1,23,HONDA CBR1100XX,1,E01033469,0,-1
2020990980315,2020,990980315,2,5,0,5,5,4,8,0,0,8,0,0,0,0,1,1,5,6,1,42,7,1137,1,22,HONDA CBR1100XX,4,-1,0,-1
2020522001126,2020,522001126,1,5,0,18,19,2,6,0,0,0,0,0,0,0,3,1,6,6,1,40,7,1137,1,22,HONDA CBR1100XX,6,E01032519,0,-1
2020230980705,2020,230980705,2,5,0,5,5,3,1,0,0,8,0,0,0,0,1,1,5,6,1,28,6,1137,1,20,HONDA CBR1100XX,9,E01031301,0,-1
2020040963115,2020,040963115,1,5,0,4,4,3,7,0,0,0,0,0,0,0,1,1,5,6,1,71,10,1137,1,22,HONDA CBR1100XX,1,E01025171,0,-1
2020100938605,2020,100938605,2,5,0,17,19,7,3,0,0,1,0,0,0,0,1,1,6,6,1,77,11,1137,1,18,HONDA CBR1100XX,2,E01008828,0,-1
2020470984773,2020,470984773,1,5,0,18,19,6,2,0,0,0,2,0,0,0,1,1,6,6,1,39,7,1100,1,18,HONDA CBR1100XX,7,E01031381,0,-1
2020530939713,2020,530939713,1,5,0,17,19,5,1,0,0,0,1,10,7,0,1,1,6,6,1,56,9,1137,1,21,HONDA CBR1100XX,6,E01022232,0,-1
2020200979010,2020,200979010,1,5,0,18,19,2,6,0,0,0,2,0,0,0,0,1,2,2,1,51,8,1137,1,23,HONDA CBR1100XX,5,E01010267,0,-1
2020010250129,2020,010250129,2,5,0,13,13,7,3,0,0,0,0,0,0,0,1,1,2,2,1,60,9,1137,1,21,HONDA CBR1100XX,2,E01000073,0,-1
2020160957126,2020,160957126,1,5,0,18,19,3,7,0,0,0,2,0,8,0,3,1,5,6,1,64,9,1832,1,14,-1,5,E01012769,0,-1
2020160948012,2020,160948012,2,5,0,18,19,1,5,0,0,1,0,0,0,0,3,1,5,6,1,57,9,1800,1,17,-1,-1,-1,0,-1
2020522101161,2020,522101161,1,5,0,18,19,2,6,0,0,0,0,0,0,0,1,1,6,6,1,61,9,1832,1,19,-1,1,E01025932,0,-1
2020070568369,2020,070568369,1,5,0,16,19,8,2,0,0,0,2,0,7,0,1,1,6,6,1,48,8,7817,1,17,-1,3,E01012454,0,-1
2020122000830,2020,122000830,1,5,0,13,13,2,6,0,0,0,0,0,0,0,1,1,6,6,1,49,8,782,1,15,-1,5,E01027729,0,-1
2020440243966,2020,440243966,1,5,0,18,19,7,3,0,0,0,1,0,0,0,3,1,6,6,1,44,7,782,1,17,-1,9,E01032605,0,-1
2020520004360,2020,520004360,1,3,0,18,19,6,2,0,0,0,0,0,0,0,4,1,6,6,1,35,6,782,1,11,-1,9,E01029260,0,-1
2020010277927,2020,010277927,2,5,0,17,19,7,3,0,0,2,0,0,0,0,4,1,6,6,1,33,6,781,1,16,-1,6,E01002541,0,-1
2020070718461,2020,070718461,1,3,0,4,4,7,3,0,0,1,1,0,0,0,1,1,1,1,1,63,9,781,1,17,-1,6,E01012414,0,-1
2020522100405,2020,522100405,2,5,0,18,19,7,3,0,0,8,0,0,0,0,1,1,6,6,1,39,7,782,1,14,-1,2,E01033352,0,-1
2020440039030,2020,440039030,1,3,0,18,19,7,3,0,0,0,0,0,0,0,0,1,6,6,1,28,6,123,1,5,-1,4,E01017308,0,-1
2020990954284,2020,990954284,1,2,0,16,19,5,8,0,0,0,0,0,7,11,1,1,6,6,1,21,5,123,1,4,-1,2,-1,0,-1
2020400955912,2020,400955912,3,9,0,3,3,8,4,0,0,2,0,0,0,0,2,1,6,6,3,-1,-1,1975,1,16,HYUNDAI COUPE,-1,-1,0,-1
2020010285331,2020,010285331,1,9,0,99,99,9,9,99,99,0,9,99,9,99,2,9,6,6,1,54,8,1975,1,20,HYUNDAI COUPE,5,E01001895,0,-1
2020010255176,2020,010255176,1,9,0,99,99,9,9,0,0,0,9,99,9,99,2,9,6,6,1,31,6,1975,1,13,HYUNDAI COUPE,2,E01021327,0,-1
2020430433165,2020,430433165,1,9,0,16,19,2,3,0,0,0,1,0,7,4,4,1,2,2,1,20,4,1975,1,12,HYUNDAI COUPE,3,E01016455,0,-1
2020200937190,2020,200937190,1,9,0,18,19,6,2,0,0,0,0,0,0,0,1,1,6,6,1,59,9,1975,1,15,HYUNDAI COUPE,6,E01029522,0,-1
2020070343300,2020,070343300,2,9,0,3,3,3,7,0,0,0,1,0,0,0,2,1,6,6,1,68,10,1975,1,19,HYUNDAI COUPE,1,E01012407,0,-1
2020470968886,2020,470968886,1,9,0,9,9,8,6,0,0,6,0,0,0,0,3,1,2,2,1,62,9,1975,1,11,HYUNDAI COUPE,5,E01031376,0,-1
2020010265696,2020,010265696,1,9,0,18,19,4,8,0,0,1,1,0,0,0,1,1,3,7,1,36,7,1975,1,15,HYUNDAI COUPE,2,E01000143,0,-1
2020400923969,2020,400923969,1,9,0,18,19,7,3,0,0,0,1,0,0,0,1,1,5,6,1,28,6,1599,1,12,HYUNDAI COUPE,2,E01015741,0,-1
2020052001521,2020,052001521,2,9,0,18,19,7,3,0,0,0,0,0,0,0,2,1,1,1,2,24,5,1599,1,11,HYUNDAI COUPE,1,E01012752,0,-1
2020350943483,2020,350943483,1,9,0,18,19,2,4,0,0,0,1,0,0,0,3,1,6,6,1,44,7,1975,1,13,HYUNDAI COUPE,10,E01018198,0,-1
2020460995769,2020,460995769,1,9,0,18,19,2,6,0,0,0,1,10,1,1,1,1,6,6,1,36,7,2656,1,17,HYUNDAI COUPE,3,E01024280,0,-1
2020110941528,2020,110941528,2,9,0,18,19,7,3,0,0,0,0,4,0,0,1,1,1,1,2,55,8,1599,1,15,HYUNDAI COUPE,10,E01012348,0,-1
2020990957207,2020,990957207,1,9,0,18,19,3,7,0,0,1,0,0,0,0,1,1,6,6,1,27,6,1599,1,14,HYUNDAI COUPE,2,-1,0,-1
2020320103980,2020,320103980,1,9,0,18,19,1,5,0,0,0,0,0,1,11,1,1,6,6,1,44,7,1975,1,14,HYUNDAI COUPE,7,E01026267,0,-1
2020010256247,2020,010256247,3,9,0,18,19,1,5,0,0,1,0,0,0,0,1,1,6,6,3,-1,-1,1975,1,15,HYUNDAI COUPE,-1,-1,0,-1
2020451006875,2020,451006875,1,9,0,9,9,3,1,0,0,0,0,0,0,0,3,1,6,6,2,69,10,1599,1,14,HYUNDAI COUPE,9,E01030372,0,-1
2020440387574,2020,440387574,3,9,0,2,2,0,0,0,0,2,0,0,0,0,3,1,6,6,1,-1,-1,1599,1,20,HYUNDAI COUPE,-1,-1,0,-1
2020140943602,2020,140943602,1,9,0,18,19,7,3,0,0,1,0,0,0,0,3,1,6,6,1,50,8,1975,1,11,HYUNDAI COUPE,5,E01007644,0,-1
2020201015423,2020,201015423,1,9,0,5,5,5,2,0,0,6,0,0,0,0,4,1,6,6,2,43,7,1975,1,13,HYUNDAI COUPE,6,E01010557,0,-1
2020450926461,2020,450926461,2,9,0,18,19,7,1,0,0,0,0,0,0,0,0,1,5,6,1,19,4,1975,1,14,HYUNDAI COUPE,9,E01030854,0,-1
2020420972243,2020,420972243,1,9,0,17,19,2,6,0,0,0,1,0,1,4,3,1,6,6,1,21,5,1975,1,15,HYUNDAI COUPE,-1,-1,0,-1
2020530956712,2020,530956712,1,9,0,17,19,1,5,0,0,0,1,0,1,11,3,1,6,6,1,26,6,1975,1,16,HYUNDAI COUPE,10,E01014877,0,-1
2020991004960,2020,991004960,2,9,0,18,19,8,4,0,0,0,0,0,0,0,1,1,6,6,1,40,7,1975,1,13,HYUNDAI COUPE,7,-1,0,-1
2020990983717,2020,990983717,2,9,0,10,10,7,6,0,0,8,0,0,0,0,2,1,6,6,1,20,4,1599,1,13,HYUNDAI COUPE,1,-1,0,-1
2020470922074,2020,470922074,1,9,0,5,5,6,4,0,0,6,0,0,0,0,1,1,6,6,2,59,9,1599,1,17,HYUNDAI COUPE,1,E01020995,0,-1
2020440065670,2020,440065670,2,9,0,16,19,8,3,0,0,0,1,0,0,0,1,1,6,6,1,-1,-1,1975,1,15,HYUNDAI COUPE,-1,-1,0,-1
2020470978239,2020,470978239,1,9,0,18,19,5,1,0,0,1,1,0,2,4,1,1,6,6,1,33,6,2656,1,16,HYUNDAI COUPE,4,E01031435,0,-1
2020010274730,2020,010274730,2,9,0,99,99,9,9,99,99,8,9,99,9,99,1,9,6,6,3,-1,-1,1975,1,14,HYUNDAI COUPE,-1,-1,0,-1
2020450998971,2020,450998971,1,9,0,17,19,1,5,0,0,0,0,0,1,0,1,1,5,6,1,21,5,1975,1,11,HYUNDAI COUPE,5,E01001681,0,-1
2020010281967,2020,010281967,1,9,0,5,5,1,5,0,0,3,0,0,0,0,4,1,6,6,2,26,6,1975,1,12,HYUNDAI COUPE,3,E01003960,0,-1
2020350950088,2020,350950088,1,9,0,7,7,2,6,0,0,4,1,9,0,0,1,1,2,2,1,33,6,2656,1,16,HYUNDAI COUPE,7,E01018168,0,-1