collision_index,collision_year,collision_ref_no,vehicle_reference,vehicle_type,towing_and_articulation,vehicle_manoeuvre_historic,vehicle_manoeuvre,vehicle_direction_from,vehicle_direction_to,vehicle_location_restricted_lane_historic,vehicle_location_restricted_lane,junction_location,skidding_and_overturning,hit_object_in_carriageway,vehicle_leaving_carriageway,hit_object_off_carriageway,first_point_of_impact,vehicle_left_hand_drive,journey_purpose_of_driver_historic,journey_purpose_of_driver,sex_of_driver,age_of_driver,age_band_of_driver,engine_capacity_cc,propulsion_code,age_of_vehicle,generic_make_model,driver_imd_decile,lsoa_of_driver,escooter_flag,driver_distance_banding
2020530989643,2020,530989643,1,9,0,18,19,5,1,0,0,0,2,10,1,2,1,1,5,6,1,31,6,1840,1,21,MAZDA MX-5,-1,-1,0,-1
202031C035420,2020,31C035420,2,9,0,3,3,2,5,0,0,0,0,0,0,0,2,1,2,2,2,39,7,1999,1,6,MAZDA MX-5,9,E01028398,0,-1
202063A051820,2020,63A051820,2,9,0,4,4,4,8,0,0,0,1,0,0,0,2,1,6,6,1,27,6,1800,1,19,MAZDA MX-5,6,W01000842,0,-1
2020010274304,2020,010274304,2,9,0,18,19,1,5,0,0,8,0,0,0,0,1,1,6,6,1,58,9,1999,1,14,MAZDA MX-5,8,E01004073,0,-1
2020160981144,2020,160981144,1,9,0,18,19,2,6,0,0,1,0,0,0,0,1,1,5,6,2,55,8,1798,1,14,MAZDA MX-5,10,E01013068,0,-1
2020450935266,2020,450935266,2,9,0,5,5,1,1,0,0,0,0,0,0,0,2,1,5,6,2,71,10,1999,1,10,MAZDA MX-5,8,E01030869,0,-1
2020430057285,2020,430057285,1,9,0,4,4,6,2,0,0,0,0,0,0,0,2,1,2,2,1,52,8,1798,1,14,MAZDA MX-5,9,E01017445,0,-1
2020520100448,2020,520100448,1,9,0,18,19,8,4,0,0,0,0,4,0,0,1,1,6,6,1,22,5,1597,1,27,MAZDA MX-5,6,E01029077,0,-1
2020530983100,2020,530983100,1,9,0,18,19,1,5,0,0,0,2,0,5,0,1,1,5,6,1,29,6,1597,1,27,MAZDA MX-5,7,E01015583,0,-1
2020410922932,2020,410922932,1,9,0,10,10,5,1,0,0,6,0,0,0,0,1,1,6,6,1,73,10,1999,1,14,MAZDA MX-5,10,E01023697,0,-1
2020030999729,2020,030999729,2,9,0,18,19,3,7,0,0,0,0,0,0,0,1,1,5,6,2,24,5,1598,1,22,MAZDA MX-5,2,E01019108,0,-1
2020220961122,2020,220961122,2,9,0,13,13,1,5,0,0,0,0,0,8,9,1,1,5,6,1,27,6,1999,1,7,MAZDA MX-5,6,E01031188,0,-1
2020040928099,2020,040928099,1,9,0,18,19,5,1,0,0,0,0,7,0,0,1,1,5,6,1,30,6,1839,1,17,MAZDA MX-5,5,E01004888,0,-1
2020010237334,2020,010237334,2,9,0,13,13,9,9,0,0,9,9,0,0,99,4,1,6,6,1,59,9,5462,1,13,MERCEDES S CLASS,-1,-1,0,-1
2020010229828,2020,010229828,1,9,0,9,9,5,4,0,0,5,0,0,0,0,1,1,6,6,1,54,8,5461,1,9,MERCEDES S CLASS,4,E01000485,0,-1
2020010236152,2020,010236152,1,9,0,16,19,7,1,0,0,1,0,0,0,0,1,1,2,2,1,28,6,2143,12,5,MERCEDES S CLASS,1,E01001517,0,-1
2020460919354,2020,460919354,2,9,0,18,19,4,8,0,0,0,0,2,0,0,3,1,6,6,1,-1,-1,2996,8,1,MERCEDES S CLASS,10,E01032826,0,-1
2020500932798,2020,500932798,2,9,0,3,3,5,1,0,0,0,0,0,0,0,2,1,5,6,1,71,10,2987,2,10,MERCEDES S CLASS,5,E01020122,0,-1
2020010255990,2020,010255990,3,9,0,18,19,5,1,0,0,1,0,0,0,0,4,1,6,6,1,24,5,5461,1,14,MERCEDES S CLASS,1,E01004675,0,-1
2020010246388,2020,010246388,1,9,0,7,7,7,1,0,0,8,0,0,0,0,1,1,6,6,1,65,9,3227,2,20,MERCEDES S CLASS,3,E01002445,0,-1
2020010245002,2020,010245002,2,9,0,4,4,1,5,0,0,1,0,0,0,0,2,1,6,6,3,-1,-1,2987,2,4,MERCEDES S CLASS,-1,-1,0,-1
2020990998148,2020,990998148,1,9,0,9,9,7,4,0,0,8,0,0,7,0,1,1,5,6,2,31,6,4663,1,9,MERCEDES S CLASS,6,E01001289,0,-1
2020990955825,2020,990955825,1,9,0,9,9,1,7,0,0,8,0,0,0,0,3,1,5,6,1,66,10,2987,2,14,MERCEDES S CLASS,9,-1,0,-1
2020460966298,2020,460966298,1,9,0,18,19,8,4,0,0,0,0,0,0,0,1,1,6,6,1,36,7,2925,2,2,MERCEDES S CLASS,7,E01024375,0,-1
2020010282783,2020,010282783,2,9,0,99,99,9,9,99,99,0,9,99,9,99,0,9,6,6,3,56,9,2925,2,1,MERCEDES S CLASS,4,E01001233,0,-1
2020100959125,2020,100959125,1,9,0,9,9,3,1,0,0,2,0,0,1,0,3,1,5,6,1,23,5,2999,8,1,MERCEDES S CLASS,7,E01027473,0,-1
2020440369676,2020,440369676,2,9,0,18,19,5,1,9,9,6,0,0,0,0,1,1,6,6,1,79,11,3222,2,16,MERCEDES S CLASS,2,E01022942,0,-1
2020010263344,2020,010263344,1,9,0,1,1,6,2,0,0,0,0,4,0,0,2,1,6,6,1,51,8,2987,2,12,MERCEDES S CLASS,4,E01003826,0,-1
2020440035021,2020,440035021,1,9,0,4,4,7,3,0,0,0,0,0,0,0,2,1,6,6,1,52,8,2925,2,2,MERCEDES S CLASS,8,E01031821,0,-1
2020200976108,2020,200976108,2,9,0,18,19,2,6,0,0,6,0,0,0,0,4,1,6,6,1,27,6,2987,2,13,MERCEDES S CLASS,1,E01033633,0,-1
2020200946551,2020,200946551,1,9,0,18,19,8,4,0,0,2,0,0,0,0,1,1,6,6,1,-1,-1,2987,2,11,MERCEDES S CLASS,1,E01010369,0,-1
2020351007201,2020,351007201,1,9,0,18,19,4,8,0,0,1,0,0,0,0,1,1,5,6,2,62,9,2987,2,4,MERCEDES S CLASS,7,E01029937,0,-1
2020302000408,2020,302000408,2,9,0,13,13,2,6,0,0,0,0,0,0,0,1,1,1,1,1,60,9,2925,2,1,MERCEDES S CLASS,9,E01019853,0,-1
2020010245679,2020,010245679,2,9,0,18,19,3,7,0,0,0,0,0,0,0,3,1,6,6,1,27,6,2925,2,2,MERCEDES S CLASS,7,E01002494,0,-1
2020010276794,2020,010276794,2,9,0,99,99,9,9,99,99,0,9,99,9,99,1,9,6,6,3,-1,-1,2987,2,10,MERCEDES S CLASS,-1,-1,0,-1
2020211024683,2020,211024683,1,9,-1,-1,-1,5,1,-1,-1,-1,-1,-1,-1,0,-1,1,6,6,1,50,8,2987,2,3,MERCEDES S CLASS,9,E01002137,0,-1
2020470998762,2020,470998762,1,9,0,7,7,2,3,0,0,5,0,0,0,0,1,1,5,6,1,56,9,3222,2,16,MERCEDES S CLASS,3,E01021062,0,-1
2020010266185,2020,010266185,1,9,0,4,4,7,3,0,0,2,0,0,0,0,2,1,1,1,1,43,7,2925,2,2,MERCEDES S CLASS,6,E01004493,0,-1
2020010234413,2020,010234413,2,9,0,7,7,3,5,0,0,1,0,0,0,0,4,1,6,6,1,59,9,3222,2,16,MERCEDES S CLASS,5,E01003547,0,-1
2020137AN1001,2020,137AN1001,2,9,0,4,4,1,5,0,0,1,0,0,0,0,4,1,6,6,2,34,6,2987,2,10,MERCEDES S CLASS,4,E01011908,0,-1
2020140975350,2020,140975350,2,9,0,17,19,6,3,0,0,1,0,0,0,0,1,1,6,6,1,-1,-1,3227,2,18,MERCEDES S CLASS,7,E01007658,0,-1
2020010267203,2020,010267203,1,9,0,18,19,7,3,0,0,1,0,0,0,0,3,1,6,6,1,50,8,3222,2,14,MERCEDES S CLASS,3,E01003574,0,-1
2020010234918,2020,010234918,1,8,0,4,4,5,1,0,0,0,0,0,0,0,3,1,1,1,1,52,8,2925,2,1,-1,6,E01002186,0,-1
2020430427534,2020,430427534,2,9,0,4,4,7,3,0,0,0,0,0,0,0,2,1,6,6,1,30,6,2987,2,10,MERCEDES S CLASS,-1,-1,0,-1
2020430125506,2020,430125506,2,9,0,18,19,8,4,0,0,4,0,0,0,0,0,1,6,6,1,-1,-1,2987,2,7,MERCEDES S CLASS,-1,-1,0,-1
2020010245249,2020,010245249,1,9,0,13,13,5,1,0,0,0,0,10,0,0,4,1,2,2,1,38,7,5981,1,13,MERCEDES S CLASS,2,E01001748,0,-1
2020010234642,2020,010234642,2,8,0,99,99,9,9,99,99,0,9,99,9,99,1,9,6,6,3,-1,-1,2925,2,2,-1,-1,-1,0,-1
2020990981186,2020,990981186,1,9,0,7,7,8,3,0,0,6,0,0,1,0,1,2,6,6,1,69,10,2987,2,5,MERCEDES S CLASS,10,-1,0,-1
2020010229340,2020,010229340,2,9,0,2,2,0,0,0,0,0,0,0,0,0,1,1,6,6,3,-1,-1,2987,2,5,MERCEDES S CLASS,-1,-1,0,-1
2020420986724,2020,420986724,2,9,0,2,2,0,0,0,0,0,0,0,0,0,2,1,2,2,1,62,9,2987,2,4,MERCEDES S CLASS,7,E01015955,0,-1
2020990987942,2020,990987942,1,9,0,18,19,8,4,0,0,0,0,0,0,0,1,1,5,6,1,55,8,2925,2,2,MERCEDES S CLASS,9,-1,0,-1
2020010258027,2020,010258027,2,9,0,2,2,0,0,9,9,1,0,0,0,0,2,1,6,6,3,-1,-1,2987,2,5,MERCEDES S CLASS,-1,-1,0,-1
2020450995001,2020,450995001,2,9,0,18,19,1,5,0,0,0,0,0,0,0,1,1,6,6,1,57,9,2987,2,7,MERCEDES S CLASS,5,E01017699,0,-1
2020052001839,2020,052001839,3,9,0,4,4,2,6,0,0,0,0,0,0,0,2,1,6,6,1,55,8,3982,1,2,MERCEDES S CLASS,10,E01006993,0,-1
2020010252361,2020,010252361,2,9,0,99,99,9,9,0,0,9,9,99,9,99,1,9,6,6,3,-1,-1,2987,2,5,MERCEDES S CLASS,-1,-1,0,-1
2020010238875,2020,010238875,2,9,0,99,99,9,9,99,99,9,9,99,9,99,2,9,6,6,3,28,6,2987,2,3,MERCEDES S CLASS,4,E01004682,0,-1
2020520003761,2020,520003761,1,9,0,18,19,6,2,0,0,0,0,0,0,0,1,1,6,6,1,30,6,2987,2,4,MERCEDES S CLASS,-1,-1,0,-1
2020430380212,2020,430380212,2,9,0,18,19,8,4,0,0,4,0,0,0,0,1,1,6,6,1,30,6,2987,2,4,MERCEDES S CLASS,-1,-1,0,-1
2020530997732,2020,530997732,1,9,0,9,9,7,5,0,0,6,0,0,0,0,1,1,5,6,1,74,10,2987,2,9,MERCEDES S CLASS,9,E01022427,0,-1
2020210985587,2020,210985587,2,9,0,16,19,7,2,0,0,8,5,0,0,0,3,1,1,1,1,54,8,3227,2,18,MERCEDES S CLASS,1,E01014313,0,-1
2020010268808,2020,010268808,1,9,0,9,9,4,2,0,0,5,0,0,0,0,3,1,6,6,1,58,9,3724,1,17,MERCEDES S CLASS,-1,-1,0,-1
2020450918688,2020,450918688,1,9,0,7,7,7,1,0,0,3,0,0,0,0,1,1,1,1,1,71,10,2925,2,2,MERCEDES S CLASS,9,E01020265,0,-1
2020200978683,2020,200978683,1,9,0,18,19,8,4,0,0,6,0,0,0,0,1,1,6,6,1,22,5,2987,2,3,MERCEDES S CLASS,9,E01010334,0,-1
2020450960705,2020,450960705,2,9,0,9,9,1,5,0,0,2,0,0,0,0,3,1,6,6,2,38,7,4663,1,6,MERCEDES S CLASS,2,E01030599,0,-1
2020010240018,2020,010240018,2,9,0,9,9,7,6,0,0,1,0,0,0,0,1,1,6,6,1,58,9,2987,2,12,MERCEDES S CLASS,-1,-1,0,-1
2020010248165,2020,010248165,1,9,0,15,15,1,5,0,0,8,0,0,0,0,1,1,6,6,3,-1,-1,4663,1,5,MERCEDES S CLASS,-1,-1,0,-1
2020010267409,2020,010267409,1,9,0,1,1,7,3,0,0,1,0,0,0,0,2,1,6,6,1,24,5,2925,2,1,MERCEDES S CLASS,2,E01002708,0,-1
2020010262594,2020,010262594,1,9,0,99,99,9,9,99,99,8,9,0,0,0,1,9,6,6,1,55,8,2987,2,12,MERCEDES S CLASS,4,E01003718,0,-1
2020340D05832,2020,340D05832,2,9,0,18,19,2,6,0,0,0,0,0,0,0,3,1,6,6,1,52,8,2987,2,7,MERCEDES S CLASS,6,E01032964,0,-1
2020010238527,2020,010238527,2,9,0,99,99,9,9,0,0,1,0,0,0,0,1,9,6,6,1,-1,-1,2999,1,2,MERCEDES S CLASS,-1,-1,0,-1
2020990922740,2020,990922740,2,9,0,3,3,2,8,0,0,1,0,0,0,0,1,1,1,1,1,55,8,2987,2,5,MERCEDES S CLASS,7,-1,0,-1
2020010269623,2020,010269623,2,9,0,5,5,5,1,0,0,6,0,0,0,0,0,1,6,6,1,66,10,2987,2,5,MERCEDES S CLASS,10,E01003008,0,-1
2020010255667,2020,010255667,2,9,0,12,12,5,1,0,0,2,0,0,0,0,3,1,1,1,1,62,9,2925,2,3,MERCEDES S CLASS,4,E01003654,0,-1
2020010268828,2020,010268828,1,9,0,5,5,7,3,0,0,6,0,0,0,0,0,1,6,6,1,54,8,4966,1,17,MERCEDES S CLASS,5,E01001677,0,-1
2020010266356,2020,010266356,1,9,0,4,4,6,2,0,0,0,0,0,0,0,3,1,6,6,1,63,9,3199,1,22,MERCEDES S CLASS,-1,-1,0,-1
2020010252728,2020,010252728,2,9,0,18,19,5,1,0,0,1,0,0,0,0,1,1,6,6,1,-1,-1,2987,2,3,MERCEDES S CLASS,5,E01002449,0,-1
2020010274358,2020,010274358,1,8,0,18,19,5,1,0,0,0,0,0,0,0,4,1,1,1,1,37,7,2925,2,2,-1,7,E01000886,0,-1
2020010256996,2020,010256996,1,9,0,9,9,1,6,0,0,6,0,0,0,0,1,1,6,6,1,28,6,2925,2,1,MERCEDES S CLASS,8,E01000230,0,-1
2020010280353,2020,010280353,2,9,0,99,99,9,9,99,99,9,9,99,9,99,2,9,6,6,3,56,9,2799,1,22,MERCEDES S CLASS,-1,-1,0,-1
202006F270048,2020,06F270048,2,9,0,9,9,2,8,0,0,6,0,0,0,0,3,1,6,6,1,39,7,2925,2,2,MERCEDES S CLASS,4,E01005036,0,-1
2020010273906,2020,010273906,2,9,0,99,99,9,9,99,99,9,9,99,9,99,1,9,6,6,3,-1,-1,3222,2,16,MERCEDES S CLASS,-1,-1,0,-1
2020010245594,2020,010245594,1,9,0,18,19,7,3,0,0,1,0,0,0,0,1,1,6,6,1,60,9,2987,2,7,MERCEDES S CLASS,2,E01003619,0,-1
2020010235624,2020,010235624,2,9,9,4,4,7,3,0,0,1,9,0,0,0,1,9,-1,-1,3,-1,-1,3498,1,9,MERCEDES S CLASS,-1,-1,0,-1
2020400934492,2020,400934492,2,9,0,10,10,5,3,0,0,1,0,0,0,0,3,1,6,6,1,55,8,3222,2,16,MERCEDES S CLASS,5,E01017412,0,-1
2020010257257,2020,010257257,1,8,0,6,6,3,3,0,0,1,1,0,0,0,1,1,1,1,1,61,9,2925,2,2,-1,4,E01004547,0,-1
2020010276349,2020,010276349,3,9,0,2,2,0,0,0,0,0,0,0,0,0,3,1,6,6,3,-1,-1,3222,2,17,MERCEDES S CLASS,-1,-1,0,-1
2020010248046,2020,010248046,2,9,0,99,99,9,9,99,99,9,9,99,9,99,9,9,6,6,1,22,5,2925,2,3,MERCEDES S CLASS,5,E01003341,0,-1
2020410991700,2020,410991700,1,9,0,5,5,1,5,0,0,4,0,0,0,0,1,1,5,6,1,68,10,2987,2,12,MERCEDES S CLASS,10,E01017392,0,-1
2020010275281,2020,010275281,1,9,0,5,5,5,1,0,0,1,0,0,0,0,4,1,6,6,1,39,7,2925,2,1,MERCEDES S CLASS,10,E01023839,0,-1
2020010282507,2020,010282507,1,9,0,18,19,5,1,0,0,2,0,0,7,0,1,1,6,6,1,42,7,2987,2,4,MERCEDES S CLASS,6,E01001347,0,-1
2020440240827,2020,440240827,1,9,0,2,2,0,0,0,0,1,0,0,0,0,2,1,6,6,1,48,8,4999,1,16,MERCEDES S CLASS,-1,-1,0,-1
2020200960486,2020,200960486,1,9,0,18,19,8,4,0,0,7,1,0,0,0,3,1,6,6,1,33,6,2987,2,6,MERCEDES S CLASS,9,E01009671,0,-1
2020201013311,2020,201013311,1,9,0,5,5,8,1,0,0,6,0,0,0,0,1,1,6,6,1,-1,-1,2987,2,3,MERCEDES S CLASS,-1,-1,0,-1
2020200954438,2020,200954438,1,9,0,18,19,8,4,0,0,1,0,0,0,0,1,1,6,6,1,31,6,2987,2,6,MERCEDES S CLASS,1,E01009204,0,-1
2020010249016,2020,010249016,1,9,0,17,19,1,5,0,0,0,0,0,0,0,1,1,6,6,3,-1,-1,2987,2,4,MERCEDES S CLASS,-1,-1,0,-1
2020200951442,2020,200951442,1,9,0,9,9,5,3,0,0,5,0,0,0,0,3,1,6,6,1,32,6,2987,2,12,MERCEDES S CLASS,5,E01009185,0,-1
2020010277583,2020,010277583,1,9,0,8,8,3,5,0,0,1,0,0,0,0,1,1,1,1,1,49,8,2987,2,3,MERCEDES S CLASS,3,E01016474,0,-1
2020010242728,2020,010242728,2,9,0,99,99,9,9,99,99,1,9,99,9,99,2,9,6,6,3,30,6,2987,2,7,MERCEDES S CLASS,-1,-1,0,-1
2020991003777,2020,991003777,2,9,0,3,3,6,2,0,0,0,0,0,0,0,2,1,5,6,1,55,8,2987,2,8,MERCEDES S CLASS,4,-1,0,-1
2020041010100,2020,041010100,2,9,0,4,4,3,7,0,0,1,0,0,0,0,3,1,2,2,1,40,7,3222,2,16,MERCEDES S CLASS,3,E01012691,0,-1
2020010232163,2020,010232163,2,9,0,99,99,9,9,99,99,9,9,99,9,99,2,9,6,6,1,64,9,2987,2,7,MERCEDES S CLASS,9,E01004116,0,-1
2020070777429,2020,070777429,1,9,0,18,19,3,7,0,0,0,1,0,5,7,3,1,2,2,1,44,7,5461,1,5,MERCEDES S CLASS,8,E01018536,0,-1
202031C141720,2020,31C141720,1,9,0,18,19,8,4,0,0,0,0,0,0,0,3,1,2,2,1,24,5,2987,2,13,MERCEDES S CLASS,2,E01013814,0,-1
2020430191499,2020,430191499,1,9,0,18,19,5,1,0,0,0,0,0,0,0,0,1,6,6,1,47,8,2987,2,14,MERCEDES S CLASS,-1,-1,0,-1
2020010242334,2020,010242334,1,9,0,18,19,7,3,0,0,1,0,0,0,0,1,1,6,6,1,81,11,2987,2,5,MERCEDES S CLASS,6,E01003754,0,-1
2020010239581,2020,010239581,1,9,0,99,99,9,9,99,99,9,9,99,9,99,9,9,6,6,1,35,6,2925,2,1,MERCEDES S CLASS,2,E01001553,0,-1
2020010257801,2020,010257801,2,9,0,2,2,0,0,0,0,0,0,0,0,0,4,1,6,6,3,-1,-1,2996,8,5,MERCEDES S CLASS,-1,-1,0,-1
2020200947590,2020,200947590,1,9,0,18,19,3,7,0,0,0,0,0,0,0,4,1,6,6,1,25,5,3222,2,17,MERCEDES S CLASS,6,E01031229,0,-1
2020010242896,2020,010242896,2,9,0,18,19,3,7,0,0,1,0,0,0,0,2,1,1,1,1,42,7,2987,2,3,MERCEDES S CLASS,-1,-1,0,-1
2020010271595,2020,010271595,1,9,0,99,99,9,9,99,99,9,9,99,9,99,1,9,6,6,1,30,6,3222,2,15,MERCEDES S CLASS,4,E01004338,0,-1
2020010242271,2020,010242271,2,9,0,13,13,6,2,0,0,1,0,0,0,0,1,1,6,6,1,20,4,2987,2,4,MERCEDES S CLASS,-1,-1,0,-1
2020010282468,2020,010282468,2,9,0,99,99,9,9,99,99,9,9,99,9,99,1,9,6,6,3,-1,-1,4966,1,17,MERCEDES S CLASS,-1,-1,0,-1
202031D085920,2020,31D085920,1,9,0,13,13,1,5,0,0,1,0,0,0,0,0,1,6,6,1,42,7,5461,1,6,MERCEDES S CLASS,7,E01028175,0,-1
2020200950021,2020,200950021,1,9,0,17,19,6,4,0,0,2,5,10,1,10,4,1,6,6,1,32,6,2925,2,1,MERCEDES S CLASS,3,E01010105,0,-1
2020010236369,2020,010236369,2,9,0,99,99,9,9,99,99,9,9,99,9,99,1,9,6,6,3,-1,-1,3227,2,18,MERCEDES S CLASS,-1,-1,0,-1
2020010281982,2020,010281982,1,9,0,9,9,5,2,0,0,8,0,0,0,0,0,1,3,7,1,42,7,2987,2,3,MERCEDES S CLASS,7,E01004660,0,-1
2020360980934,2020,360980934,1,9,0,18,19,7,3,0,0,0,0,7,1,4,4,1,5,6,1,75,10,2925,2,2,MERCEDES S CLASS,5,E01026870,0,-1
2020360977631,2020,360977631,1,9,0,18,19,8,4,0,0,8,1,0,7,3,1,1,5,6,1,40,7,4266,1,20,MERCEDES S CLASS,4,E01026651,0,-1
2020030931174,2020,030931174,1,9,0,11,11,5,1,0,0,0,2,0,1,0,1,1,6,6,1,67,10,4663,1,3,MERCEDES S CLASS,8,-1,0,-1
2020111001218,2020,111001218,1,17,0,18,19,3,7,0,0,0,0,0,0,0,1,1,1,1,1,18,4,3600,2,3,-1,8,E01012294,0,-1
2020522002875,2020,522002875,2,17,4,18,19,3,7,0,0,8,0,0,0,0,2,1,6,6,1,18,4,3600,2,4,-1,7,E01014838,0,-1
2020500931819,2020,500931819,1,17,0,18,19,5,1,0,0,0,0,0,1,0,2,1,1,1,2,45,7,4400,2,10,-1,4,E01018969,0,-1
2020370937676,2020,370937676,2,9,0,18,19,1,5,0,0,0,0,0,0,0,1,1,2,2,2,54,8,1951,2,17,-1,6,E01030059,0,-1
2020041001972,2020,041001972,1,9,0,3,3,1,5,0,0,1,0,0,1,0,2,1,4,7,1,33,6,2497,1,18,-1,3,E01025264,0,-1
2020990929234,2020,990929234,1,9,0,18,19,1,5,0,0,1,2,0,1,11,1,1,5,6,1,57,9,1951,2,17,-1,4,-1,0,-1
2020440075859,2020,440075859,1,9,0,5,5,3,7,0,0,0,0,0,0,0,1,1,6,6,1,68,10,2497,1,16,-1,10,E01032859,0,-1
2020201010507,2020,201010507,1,9,0,9,9,6,4,0,0,8,0,0,0,0,1,1,1,1,1,65,9,1951,2,15,-1,1,E01009300,0,-1
2020460975021,2020,460975021,2,9,0,2,2,0,0,0,0,1,0,0,0,0,3,1,5,6,1,-1,-1,2497,1,18,-1,5,E01024619,0,-1
2020160951001,2020,160951001,2,9,0,5,5,1,4,0,0,4,0,0,0,0,3,1,6,6,1,67,10,1951,2,16,-1,1,E01012788,0,-1
2020460975021,2020,460975021,3,9,0,2,2,0,0,0,0,1,0,0,0,0,3,1,5,6,1,-1,-1,2497,1,18,-1,5,E01024619,0,-1
2020320056705,2020,320056705,3,9,0,18,19,5,1,0,0,0,0,0,0,0,1,1,6,6,1,66,10,1796,1,16,-1,-1,-1,0,-1
2020030982874,2020,030982874,1,5,0,16,19,7,3,0,0,0,1,0,0,0,1,1,5,6,1,57,9,1151,1,11,-1,5,E01019167,0,-1
2020100924965,2020,100924965,2,21,0,2,2,0,0,0,0,0,0,0,0,0,3,1,1,1,1,27,6,-1,-1,-1,-1,2,E01033716,0,-1
2020010254109,2020,010254109,1,19,0,1,1,7,3,6,6,0,0,0,0,0,2,1,1,1,1,61,9,2298,2,5,NISSAN NV400,1,E01015842,0,-1
2020010241615,2020,010241615,1,19,0,18,19,1,5,0,0,8,0,0,0,0,3,1,1,1,1,46,8,2298,2,3,NISSAN NV400,7,E01017548,0,-1
2020040929550,2020,040929550,1,19,0,7,7,7,3,0,0,1,0,0,0,0,1,1,6,6,1,-1,-1,2298,2,5,NISSAN NV400,-1,-1,0,-1
2020010263679,2020,010263679,2,19,0,18,19,5,1,0,0,0,0,0,0,0,1,1,1,1,1,42,7,2298,2,5,NISSAN NV400,8,E01017628,0,-1
2020010234804,2020,010234804,2,19,9,99,99,9,9,99,99,9,9,99,9,99,9,9,6,6,1,-1,-1,2298,2,2,NISSAN NV400,-1,-1,0,-1
2020010284033,2020,010284033,1,19,0,9,9,7,4,0,0,2,0,0,0,0,1,1,1,1,1,38,7,2298,2,0,NISSAN NV400,1,E01000643,0,-1
2020430242683,2020,430242683,2,19,0,18,19,8,4,0,0,8,0,0,0,0,1,1,6,6,1,35,6,2298,2,1,NISSAN NV400,8,E01016609,0,-1
2020420925312,2020,420925312,1,20,0,18,19,2,6,0,0,0,0,0,0,0,1,1,6,6,1,30,6,2298,2,1,-1,4,E01021640,0,-1
2020340D04512,2020,340D04512,1,19,0,18,19,7,3,0,0,0,0,0,0,0,1,1,1,1,1,37,7,2298,2,1,NISSAN NV400,7,E01017575,0,-1
2020350985337,2020,350985337,1,19,0,18,19,7,3,0,0,0,0,0,0,0,1,1,1,1,1,29,6,2298,2,3,NISSAN NV400,3,E01018066,0,-1
2020100924372,2020,100924372,3,19,0,18,19,5,1,0,0,1,1,0,0,0,1,1,1,1,1,29,6,2298,2,2,NISSAN NV400,1,E01032434,0,-1
2020220980980,2020,220980980,1,19,0,18,19,6,2,0,0,8,0,0,0,0,1,1,6,6,1,48,8,2298,2,3,NISSAN NV400,4,E01033060,0,-1
2020010249615,2020,010249615,2,20,0,4,4,1,5,0,0,0,0,0,0,0,1,1,1,1,1,63,9,-1,-1,-1,-1,10,E01023189,0,-1
2020430127150,2020,430127150,1,19,0,16,19,5,1,0,0,0,0,0,0,0,1,1,1,1,1,50,8,2298,2,0,NISSAN NV400,2,E01002080,0,-1
2020040959344,2020,040959344,1,19,0,4,4,3,7,0,0,0,0,0,0,0,1,1,1,1,1,34,6,2298,2,3,NISSAN NV400,1,E01004987,0,-1
2020010258230,2020,010258230,1,19,0,9,9,5,2,0,0,8,0,0,0,0,1,1,1,1,1,33,6,2298,2,4,NISSAN NV400,5,E01002661,0,-1
2020302001118,2020,302001118,2,19,0,18,19,2,6,0,0,0,0,0,0,0,1,1,1,1,1,28,6,2298,2,4,NISSAN NV400,2,E01006144,0,-1
2020371014508,2020,371014508,1,19,0,18,19,4,8,0,0,2,0,0,0,0,1,1,1,1,3,50,8,2298,2,1,NISSAN NV400,5,E01030266,0,-1
2020010253264,2020,010253264,3,19,0,18,19,3,7,0,0,0,0,0,0,0,2,1,1,1,1,41,7,2298,2,1,NISSAN NV400,2,E01001487,0,-1
2020302001058,2020,302001058,1,19,0,9,9,8,5,0,0,1,0,0,0,0,4,1,1,1,1,60,9,2298,2,3,NISSAN NV400,9,E01019631,0,-1
2020010272945,2020,010272945,1,19,0,9,9,5,3,0,0,6,0,0,0,0,4,1,2,2,1,64,9,2298,2,8,NISSAN NV400,7,E01026039,0,-1
2020552001061,2020,552001061,2,19,0,7,7,4,6,0,0,6,0,10,0,0,3,1,1,1,1,40,7,2298,2,2,NISSAN NV400,3,E01015292,0,-1
2020200956214,2020,200956214,4,19,0,2,2,0,0,0,0,0,0,0,0,0,3,1,6,6,1,51,8,2298,2,5,NISSAN NV400,2,E01010341,0,-1
2020100959130,2020,100959130,2,20,0,9,9,7,5,0,0,6,0,0,0,0,2,1,2,2,1,45,7,-1,-1,-1,-1,4,E01027408,0,-1
2020160956948,2020,160956948,1,19,0,18,19,5,1,0,0,0,0,0,0,0,0,1,1,1,3,49,8,2298,2,8,NISSAN NV400,9,E01013152,0,-1
2020010248975,2020,010248975,1,19,0,16,19,5,1,0,0,0,0,0,0,0,3,1,2,2,2,44,7,2298,2,3,NISSAN NV400,5,E01000158,0,-1