collision_index,collision_year,collision_ref_no,vehicle_reference,vehicle_type,towing_and_articulation,vehicle_manoeuvre_historic,vehicle_manoeuvre,vehicle_direction_from,vehicle_direction_to,vehicle_location_restricted_lane_historic,vehicle_location_restricted_lane,junction_location,skidding_and_overturning,hit_object_in_carriageway,vehicle_leaving_carriageway,hit_object_off_carriageway,first_point_of_impact,vehicle_left_hand_drive,journey_purpose_of_driver_historic,journey_purpose_of_driver,sex_of_driver,age_of_driver,age_band_of_driver,engine_capacity_cc,propulsion_code,age_of_vehicle,generic_make_model,driver_imd_decile,lsoa_of_driver,escooter_flag,driver_distance_banding
202006A470887,2020,06A470887,1,9,0,9,9,1,7,0,0,8,0,0,0,0,1,1,6,6,1,48,8,1124,1,12,MITSUBISHI COLT,2,E01005072,0,-1
2020500958933,2020,500958933,1,9,0,16,19,3,7,0,0,0,5,0,1,10,1,1,6,6,2,86,11,1332,1,11,MITSUBISHI COLT,7,E01018934,0,-1
2020500994957,2020,500994957,1,9,0,18,19,1,5,0,0,0,0,0,0,0,1,1,1,1,2,26,6,1332,1,11,MITSUBISHI COLT,2,E01020016,0,-1
2020220958800,2020,220958800,1,9,0,5,5,2,6,0,0,4,0,0,0,0,1,1,5,6,2,62,9,1332,1,13,MITSUBISHI COLT,8,E01032441,0,-1
2020010281205,2020,010281205,1,9,0,18,19,1,5,0,0,4,0,0,0,0,1,1,6,6,2,-1,-1,1332,1,11,MITSUBISHI COLT,-1,-1,0,-1
2020160954209,2020,160954209,2,9,0,18,19,2,6,0,0,8,0,0,1,0,1,1,6,6,1,51,8,1332,1,9,MITSUBISHI COLT,8,E01013055,0,-1
2020520100995,2020,520100995,1,9,0,18,19,8,4,0,0,0,5,0,1,0,4,1,6,6,1,18,4,1332,1,9,MITSUBISHI COLT,6,E01029227,0,-1
2020460996784,2020,460996784,2,9,0,18,19,8,4,0,0,0,0,0,0,0,3,1,5,6,2,50,8,1499,1,14,MITSUBISHI COLT,7,E01024790,0,-1
2020170L50760,2020,170L50760,2,9,0,9,9,1,7,0,0,8,0,0,0,0,1,1,6,6,2,54,8,1499,1,12,MITSUBISHI COLT,3,E01012137,0,-1
2020530915890,2020,530915890,1,9,0,18,19,2,6,0,0,2,0,0,0,0,1,1,6,6,2,24,5,1124,1,13,MITSUBISHI COLT,4,E01022301,0,-1
2020460952854,2020,460952854,1,9,0,5,5,3,7,0,0,0,0,4,0,0,1,1,5,6,2,53,8,1332,1,7,MITSUBISHI COLT,2,E01024374,0,-1
2020470996856,2020,470996856,1,9,0,16,19,8,3,0,0,0,0,0,0,0,1,1,5,6,1,61,9,1298,1,20,MITSUBISHI COLT,2,E01031436,0,-1
2020471001186,2020,471001186,1,9,0,16,19,7,3,0,0,0,0,0,0,0,1,1,6,6,2,22,5,1124,1,10,MITSUBISHI COLT,7,E01021063,0,-1
2020622000708,2020,622000708,2,9,0,9,9,2,8,0,0,8,0,0,0,0,2,1,6,6,2,26,6,1124,1,14,MITSUBISHI COLT,1,W01001874,0,-1
2020990983968,2020,990983968,2,9,0,18,19,3,7,0,0,0,0,0,2,7,3,1,5,6,1,50,8,1124,1,12,MITSUBISHI COLT,2,-1,0,-1
2020990976261,2020,990976261,3,9,0,18,19,8,4,0,0,0,0,0,0,0,1,1,5,6,2,19,4,1124,1,10,MITSUBISHI COLT,5,-1,0,-1
2020010274879,2020,010274879,2,9,0,2,2,0,0,0,0,0,0,10,1,11,3,1,6,6,3,-1,-1,1124,1,7,MITSUBISHI COLT,-1,-1,0,-1
2020622000635,2020,622000635,1,9,0,18,19,6,2,0,0,0,0,0,1,4,1,1,6,6,1,28,6,1124,1,14,MITSUBISHI COLT,1,W01001209,0,-1
2020520004398,2020,520004398,2,9,0,18,19,5,1,0,0,1,0,0,0,0,4,1,6,6,2,46,8,1124,1,8,MITSUBISHI COLT,3,E01029175,0,-1
2020010263372,2020,010263372,1,9,0,99,99,9,9,99,99,9,9,99,9,99,1,9,6,6,1,27,6,1332,1,11,MITSUBISHI COLT,1,E01004248,0,-1
202031C091520,2020,31C091520,1,9,0,18,19,4,8,0,0,4,0,0,0,0,1,1,6,6,2,49,8,1332,1,12,MITSUBISHI COLT,1,E01013883,0,-1
2020140991963,2020,140991963,1,9,0,17,19,1,2,9,9,0,2,0,1,11,1,1,2,2,2,41,7,1124,1,13,MITSUBISHI COLT,2,E01007656,0,-1
2020010245502,2020,010245502,1,9,0,18,19,5,1,0,0,1,0,0,0,0,1,1,2,2,1,46,8,1332,1,10,MITSUBISHI COLT,5,E01004475,0,-1
2020622000712,2020,622000712,1,9,0,5,5,6,2,0,0,1,0,0,1,1,1,1,6,6,2,65,9,1332,1,10,MITSUBISHI COLT,9,W01000795,0,-1
2020460982081,2020,460982081,2,9,0,18,19,2,6,0,0,0,0,0,1,6,4,1,5,6,2,30,6,1499,1,12,MITSUBISHI COLT,5,E01024110,0,-1
2020990935120,2020,990935120,2,9,0,5,5,3,7,0,0,1,0,0,0,0,4,1,5,6,2,71,10,1332,1,10,MITSUBISHI COLT,9,-1,0,-1
2020010239520,2020,010239520,1,9,0,9,9,4,1,0,0,8,0,0,0,0,1,1,6,6,2,31,6,1332,1,14,MITSUBISHI COLT,4,E01001623,0,-1
2020010253592,2020,010253592,1,9,0,99,99,9,9,99,99,9,9,99,9,99,9,9,6,6,1,25,5,1332,1,9,MITSUBISHI COLT,5,E01000467,0,-1
2020200933424,2020,200933424,1,9,0,18,19,5,1,0,0,8,0,0,0,0,1,1,6,6,2,24,5,1124,1,13,MITSUBISHI COLT,8,E01010307,0,-1
2020052000109,2020,052000109,1,9,0,18,19,2,6,0,0,0,5,0,0,0,1,1,6,6,1,55,8,1499,1,14,MITSUBISHI COLT,2,E01007210,0,-1
2020460998052,2020,460998052,1,9,0,5,5,8,4,0,0,4,0,0,0,0,1,1,6,6,1,30,6,1332,1,10,MITSUBISHI COLT,2,E01024214,0,-1
2020470966800,2020,470966800,1,9,0,9,9,5,2,0,0,8,0,0,0,0,1,1,5,6,1,25,5,1332,1,10,MITSUBISHI COLT,5,E01031570,0,-1
2020161002970,2020,161002970,1,9,0,18,19,6,2,0,0,0,0,0,0,0,3,2,2,2,1,37,7,1493,2,14,MITSUBISHI COLT,5,E01033414,0,-1
2020460996035,2020,460996035,1,9,0,18,19,5,1,0,0,0,2,0,6,10,1,1,5,6,1,26,6,1332,1,14,MITSUBISHI COLT,1,E01024504,0,-1
2020350928784,2020,350928784,3,9,0,4,4,3,1,0,0,8,1,0,7,0,1,1,2,2,1,18,4,1124,1,10,MITSUBISHI COLT,8,E01015626,0,-1
2020160950118,2020,160950118,1,9,0,7,7,5,1,0,0,4,0,0,0,0,1,1,5,6,2,32,6,1124,1,13,MITSUBISHI COLT,4,E01012802,0,-1
2020200993533,2020,200993533,2,9,0,3,3,4,8,0,0,0,0,0,0,0,1,1,6,6,1,42,7,1332,1,11,MITSUBISHI COLT,3,E01009003,0,-1
202006P268987,2020,06P268987,2,9,0,4,4,6,2,0,0,1,0,0,0,0,2,1,6,6,1,51,8,1493,2,13,MITSUBISHI COLT,4,E01005465,0,-1
2020211027075,2020,211027075,2,9,0,18,19,1,5,0,0,1,0,0,0,0,1,1,2,2,1,59,9,1124,1,12,MITSUBISHI COLT,9,E01029818,0,-1
2020440185574,2020,440185574,2,9,0,17,19,2,8,0,0,8,0,0,0,0,3,1,6,6,2,53,8,1493,2,15,MITSUBISHI COLT,1,E01022968,0,-1
2020400989920,2020,400989920,1,9,0,17,19,8,4,0,0,0,1,0,8,4,1,1,6,6,1,21,5,1124,1,9,MITSUBISHI COLT,9,E01017432,0,-1
2020531006172,2020,531006172,1,9,0,17,19,7,3,0,0,0,0,0,7,11,1,1,5,6,1,19,4,1124,1,7,MITSUBISHI COLT,7,E01022205,0,-1
2020991004503,2020,991004503,1,9,0,16,19,7,3,0,0,0,1,0,1,9,4,1,5,6,1,23,5,1468,1,15,MITSUBISHI COLT,-1,-1,0,-1
2020010243740,2020,010243740,2,9,0,99,99,9,9,99,99,9,9,99,9,99,9,9,6,6,3,-1,-1,1124,1,13,MITSUBISHI COLT,7,E01001569,0,-1
2020400934274,2020,400934274,1,9,0,16,19,3,7,0,0,0,1,10,7,11,1,1,6,6,1,25,5,1124,1,9,MITSUBISHI COLT,4,E01016716,0,-1
2020010250611,2020,010250611,1,9,0,9,9,6,3,0,0,4,0,0,0,0,1,1,6,6,1,47,8,1493,2,13,MITSUBISHI COLT,4,E01000733,0,-1
2020140957056,2020,140957056,1,9,0,8,8,4,7,0,0,0,0,0,0,0,2,1,1,1,2,34,6,1124,1,15,MITSUBISHI COLT,1,E01007848,0,-1
2020530986694,2020,530986694,1,9,0,16,19,2,6,0,0,0,0,10,1,9,1,1,6,6,2,49,8,1332,1,13,MITSUBISHI COLT,9,E01022422,0,-1
2020122000304,2020,122000304,2,9,0,5,5,1,3,0,0,4,0,0,0,0,1,1,6,6,1,-1,-1,1124,1,14,MITSUBISHI COLT,9,E01027898,0,-1
2020531014353,2020,531014353,1,9,0,18,19,6,2,0,0,0,2,0,1,11,1,1,1,1,2,42,7,1332,1,8,MITSUBISHI COLT,9,E01022136,0,-1
2020160980189,2020,160980189,3,9,0,18,19,5,1,0,0,0,0,0,0,0,1,1,6,6,2,49,8,1493,2,14,MITSUBISHI COLT,3,E01013319,0,-1
2020010257353,2020,010257353,2,9,0,2,2,0,0,0,0,2,0,4,0,0,2,1,6,6,3,-1,-1,1124,1,14,MITSUBISHI COLT,-1,-1,0,-1
2020500934624,2020,500934624,1,9,0,17,19,3,7,0,0,0,1,0,7,10,1,1,2,2,2,73,10,1499,1,13,MITSUBISHI COLT,4,E01018829,0,-1
2020010283077,2020,010283077,1,9,0,99,99,9,9,99,99,9,9,99,9,99,2,9,6,6,1,31,6,1332,1,12,MITSUBISHI COLT,4,E01000792,0,-1
2020622100045,2020,622100045,1,9,0,18,19,8,4,0,0,8,5,10,0,0,1,1,6,6,1,73,10,1124,1,10,MITSUBISHI COLT,3,W01001265,0,-1
2020460970156,2020,460970156,1,9,0,12,12,7,3,0,0,0,0,0,0,0,3,1,6,6,2,19,4,1332,1,10,MITSUBISHI COLT,10,E01024325,0,-1
2020052001306,2020,052001306,2,3,0,18,19,3,7,0,0,8,0,0,0,0,4,1,6,6,1,22,5,125,1,3,-1,8,E01007311,0,-1
202031C029020,2020,31C029020,1,2,0,9,9,5,3,0,0,6,0,0,0,0,1,1,1,1,1,22,5,-1,3,0,-1,4,E01033404,0,-1
2020370979743,2020,370979743,1,97,0,18,19,6,1,0,0,1,0,0,0,0,4,1,2,2,1,62,9,-1,3,2,-1,6,E01030194,0,-1
2020010255730,2020,010255730,1,11,0,18,19,5,1,0,0,0,0,0,0,0,1,1,1,1,1,37,7,-1,3,1,-1,1,E01001427,0,-1
2020010258994,2020,010258994,1,11,0,4,4,5,1,0,0,0,0,0,0,0,4,1,1,1,1,31,6,-1,3,1,-1,9,E01023580,0,-1
2020460930158,2020,460930158,2,9,0,18,19,1,5,0,0,8,0,0,0,0,3,1,2,2,2,47,8,1461,2,4,RENAULT KADJAR,7,E01024224,0,-1
2020010272371,2020,010272371,1,9,0,18,19,3,7,0,0,8,0,0,0,0,1,1,6,6,1,59,9,1461,2,3,RENAULT KADJAR,-1,-1,0,-1
2020010261085,2020,010261085,2,9,0,18,19,3,7,0,0,2,0,0,0,0,3,1,6,6,1,53,8,1197,1,2,RENAULT KADJAR,5,E01001310,0,-1
2020990985324,2020,990985324,3,9,0,4,4,1,4,0,0,3,0,0,0,0,1,1,3,7,2,40,7,1461,2,4,RENAULT KADJAR,4,-1,0,-1
2020200977065,2020,200977065,1,9,0,18,19,2,6,0,0,1,0,7,0,0,1,1,6,6,2,69,10,1461,2,4,RENAULT KADJAR,5,E01009580,0,-1
2020010248732,2020,010248732,2,9,9,99,99,9,9,99,99,9,9,99,9,99,9,9,6,6,3,-1,-1,1461,2,4,RENAULT KADJAR,-1,-1,0,-1
2020137BU1182,2020,137BU1182,1,9,0,1,1,1,5,0,0,0,0,0,0,0,0,1,6,6,2,45,7,1461,2,3,RENAULT KADJAR,7,E01011744,0,-1
2020200961594,2020,200961594,2,9,0,4,4,7,3,0,0,2,0,0,0,0,2,1,6,6,2,46,8,1461,2,3,RENAULT KADJAR,2,E01010448,0,-1
2020010269492,2020,010269492,3,9,0,3,3,1,5,0,0,1,0,0,0,0,1,1,3,7,1,52,8,1332,1,0,RENAULT KADJAR,3,E01000432,0,-1
2020432003773,2020,432003773,1,9,0,5,5,5,3,0,0,6,0,0,0,0,1,1,6,6,2,38,7,1461,2,4,RENAULT KADJAR,6,E01016753,0,-1
2020052001576,2020,052001576,1,9,0,18,19,7,3,0,0,4,0,0,0,0,1,1,6,6,2,18,4,1461,2,3,RENAULT KADJAR,5,E01007039,0,-1
2020031008323,2020,031008323,2,9,0,3,3,4,1,0,0,0,0,0,0,0,2,1,6,6,2,49,8,1198,1,2,RENAULT KADJAR,4,E01019389,0,-1
2020990959816,2020,990959816,2,9,0,3,3,4,8,0,0,0,0,0,0,0,2,1,5,6,1,61,9,1330,1,1,RENAULT KADJAR,2,-1,0,-1
2020010267179,2020,010267179,1,9,0,3,3,5,1,0,0,0,0,0,0,0,2,1,6,6,2,39,7,1197,1,3,RENAULT KADJAR,2,E01003922,0,-1
2020440003806,2020,440003806,1,9,0,17,19,4,8,0,0,0,0,0,0,0,1,1,2,2,2,25,5,1461,2,5,RENAULT KADJAR,2,E01022900,0,-1
2020122000994,2020,122000994,2,9,0,17,19,8,5,0,0,0,0,0,0,0,1,1,6,6,2,54,8,1461,2,3,RENAULT KADJAR,3,E01011582,0,-1
2020030924031,2020,030924031,2,9,0,18,19,3,7,0,0,0,0,0,0,0,2,1,6,6,1,41,7,1461,2,4,RENAULT KADJAR,3,E01008258,0,-1
2020549529020,2020,549529020,2,9,0,2,2,0,0,0,0,2,0,0,0,0,4,1,6,6,1,64,9,1461,2,4,RENAULT KADJAR,6,E01032078,0,-1
2020010258233,2020,010258233,2,9,0,99,99,9,9,99,99,9,9,99,9,99,2,9,6,6,1,-1,-1,1461,2,3,RENAULT KADJAR,1,E01009309,0,-1
2020530953272,2020,530953272,1,9,0,16,19,5,8,0,0,8,0,0,0,0,1,1,5,6,2,34,6,1461,2,4,RENAULT KADJAR,6,E01022405,0,-1
202063BF01020,2020,63BF01020,2,9,0,4,4,1,5,0,0,1,0,0,1,3,3,1,6,6,2,27,6,1461,2,4,RENAULT KADJAR,6,W01000558,0,-1
202031B177520,2020,31B177520,1,9,0,18,19,5,1,0,0,0,0,0,0,0,1,1,6,6,1,56,9,1197,1,4,RENAULT KADJAR,8,E01028182,0,-1
2020010230241,2020,010230241,2,9,0,2,2,0,0,9,9,4,0,0,0,0,2,1,6,6,3,-1,-1,1198,1,5,RENAULT KADJAR,-1,-1,0,-1
2020470970977,2020,470970977,1,9,0,5,5,1,7,0,0,1,0,0,0,0,1,1,5,6,2,76,11,1332,1,1,RENAULT KADJAR,7,E01031708,0,-1
2020221011915,2020,221011915,1,9,0,9,9,2,7,0,0,6,0,0,0,0,3,1,5,6,1,59,9,1461,2,4,RENAULT KADJAR,3,E01014145,0,-1
2020201000015,2020,201000015,1,9,0,18,19,-1,-1,0,0,0,0,0,0,0,1,1,6,6,2,60,9,1461,2,2,RENAULT KADJAR,4,E01010120,0,-1
2020200982335,2020,200982335,1,9,0,17,19,-1,-1,0,0,8,0,0,0,0,4,1,6,6,1,-1,-1,1461,2,4,RENAULT KADJAR,1,E01010524,0,-1
2020137BG1106,2020,137BG1106,1,9,0,18,19,7,3,0,0,1,0,0,0,0,1,1,6,6,1,36,7,1461,2,4,RENAULT KADJAR,1,E01005213,0,-1
2020122001250,2020,122001250,1,9,0,17,19,7,3,0,0,0,5,0,2,11,1,1,6,6,2,46,8,1598,2,3,RENAULT KADJAR,2,E01010961,0,-1
202006F279425,2020,06F279425,2,9,0,18,19,3,7,0,0,8,0,0,0,0,1,1,6,6,2,33,6,1461,2,4,RENAULT KADJAR,7,E01005042,0,-1
2020440088737,2020,440088737,2,9,0,3,3,3,7,0,0,1,0,0,0,0,1,1,6,6,1,26,6,1461,2,5,RENAULT KADJAR,5,E01017013,0,-1
2020140942637,2020,140942637,2,9,0,18,19,4,8,0,0,0,0,0,0,0,3,1,5,6,2,50,8,1330,1,0,RENAULT KADJAR,8,E01007485,0,-1
2020622000765,2020,622000765,3,9,0,2,2,0,0,0,0,2,0,0,0,0,4,1,6,6,3,-1,-1,1598,2,3,RENAULT KADJAR,-1,-1,0,-1
2020610032220,2020,610032220,2,9,0,4,4,8,1,0,0,1,0,0,0,0,1,1,6,6,1,55,8,1461,2,0,RENAULT KADJAR,1,W01001617,0,-1
2020501014288,2020,501014288,2,9,0,18,19,2,6,0,0,0,0,0,5,6,2,1,5,6,1,24,5,1332,1,0,RENAULT KADJAR,6,E01015252,0,-1
2020041002246,2020,041002246,2,9,0,18,19,2,6,0,0,0,0,0,0,0,1,1,5,6,2,33,6,1198,1,2,RENAULT KADJAR,3,E01025376,0,-1
2020500962394,2020,500962394,1,9,0,5,5,7,2,0,0,4,0,0,0,0,2,1,5,6,2,37,7,1330,1,1,RENAULT KADJAR,1,E01015087,0,-1
2020440295033,2020,440295033,1,9,0,18,19,5,1,0,0,1,0,0,0,0,3,1,6,6,2,34,6,1332,1,1,RENAULT KADJAR,10,E01022546,0,-1
2020990924787,2020,990924787,3,9,0,4,4,7,2,0,0,0,0,0,0,0,1,1,6,6,1,54,8,1461,2,4,RENAULT KADJAR,4,-1,0,-1
2020010259324,2020,010259324,1,9,0,99,99,9,9,99,99,9,9,99,9,99,2,9,6,6,2,51,8,1461,2,4,RENAULT KADJAR,5,E01000571,0,-1
2020420968062,2020,420968062,1,9,0,6,6,6,4,0,0,1,0,0,0,0,3,1,6,6,1,-1,-1,1332,1,1,RENAULT KADJAR,7,E01021344,0,-1
2020052000956,2020,052000956,1,9,0,18,19,5,1,0,0,0,0,0,1,4,1,1,6,6,1,34,6,1197,1,2,RENAULT KADJAR,3,E01007022,0,-1
2020421000366,2020,421000366,2,9,0,18,19,1,5,0,0,2,0,0,0,0,1,1,5,6,2,42,7,1332,1,1,RENAULT KADJAR,-1,-1,0,-1
2020140941139,2020,140941139,1,9,0,2,2,0,0,0,0,2,0,0,0,0,1,1,6,6,1,77,11,1197,1,2,RENAULT KADJAR,4,E01007623,0,-1
2020360927827,2020,360927827,1,9,0,18,19,6,3,0,0,4,0,9,3,10,1,1,4,7,2,34,6,1461,2,4,RENAULT KADJAR,6,E01026863,0,-1
2020100970982,2020,100970982,1,9,0,18,19,2,6,0,0,0,0,0,0,0,0,1,6,6,1,40,7,1332,1,1,RENAULT KADJAR,-1,-1,0,-1
2020500930281,2020,500930281,2,9,0,18,19,1,5,0,0,1,0,0,0,0,0,1,5,6,2,53,8,1461,2,3,RENAULT KADJAR,5,E01015024,0,-1
2020430022732,2020,430022732,1,9,0,18,19,8,4,0,0,8,0,0,0,0,1,1,6,6,3,54,8,1461,2,3,RENAULT KADJAR,-1,-1,0,-1
2020070596894,2020,070596894,1,9,0,18,19,1,5,0,0,1,0,0,0,0,1,1,6,6,1,77,11,1330,1,2,RENAULT KADJAR,6,E01007164,0,-1
2020522004543,2020,522004543,1,9,0,2,2,0,0,0,0,0,0,0,0,0,4,1,6,6,2,29,6,1598,2,4,RENAULT KADJAR,7,E01014845,0,-1
2020160933472,2020,160933472,1,9,0,18,19,2,6,0,0,1,0,0,0,0,2,1,6,6,2,29,6,1461,2,4,RENAULT KADJAR,1,E01012846,0,-1
2020440335999,2020,440335999,1,9,0,3,3,6,2,0,0,1,0,0,0,0,2,1,1,1,1,51,8,1461,2,3,RENAULT KADJAR,1,E01017240,0,-1
2020010268544,2020,010268544,1,9,0,6,6,5,5,0,0,6,0,0,0,0,4,1,2,2,1,40,7,1332,1,1,RENAULT KADJAR,-1,-1,0,-1
2020622001012,2020,622001012,1,9,0,18,19,2,6,0,0,0,0,0,0,0,4,1,2,2,2,35,6,1198,1,2,RENAULT KADJAR,3,W01001247,0,-1
2020320582896,2020,320582896,1,9,0,9,9,1,5,0,0,8,0,0,0,0,1,1,6,6,2,79,11,1332,1,0,RENAULT KADJAR,1,E01026109,0,-1
2020010258409,2020,010258409,1,9,0,99,99,9,9,99,99,0,9,99,9,99,1,9,6,6,1,34,6,1461,2,4,RENAULT KADJAR,2,E01003726,0,-1
2020201007505,2020,201007505,2,9,0,18,19,3,7,0,0,1,0,0,0,0,3,1,1,1,2,40,7,1332,1,0,RENAULT KADJAR,2,E01009994,0,-1
2020052002249,2020,052002249,2,9,0,18,19,1,5,0,0,1,0,0,0,0,1,1,6,6,1,65,9,1198,1,3,RENAULT KADJAR,6,E01007213,0,-1
2020040954277,2020,040954277,1,9,0,5,5,5,1,0,0,4,0,0,0,0,1,1,5,6,2,52,8,1198,1,3,RENAULT KADJAR,1,E01012637,0,-1
2020360978820,2020,360978820,1,9,0,18,19,7,3,0,0,1,0,0,0,0,1,1,5,6,1,35,6,1461,2,3,RENAULT KADJAR,5,E01026724,0,-1
2020160935867,2020,160935867,1,9,0,18,19,5,5,0,0,0,0,0,0,0,1,1,5,6,2,45,7,1198,1,3,RENAULT KADJAR,3,E01012907,0,-1
2020122000410,2020,122000410,2,9,0,5,5,4,8,0,0,6,0,0,0,0,1,1,6,6,1,58,9,1598,2,4,RENAULT KADJAR,6,E01027760,0,-1
2020991000724,2020,991000724,2,9,0,18,19,4,8,0,0,0,0,0,0,0,1,1,2,2,1,60,9,1461,2,1,RENAULT KADJAR,8,-1,0,-1
2020610032320,2020,610032320,2,9,0,8,8,8,1,0,0,1,0,0,0,0,1,1,6,6,1,55,8,1461,2,0,RENAULT KADJAR,1,W01001617,0,-1
2020990916965,2020,990916965,1,9,0,18,19,5,8,0,0,8,0,0,0,0,1,1,5,6,1,33,6,1330,1,1,RENAULT KADJAR,2,-1,0,-1
2020010273723,2020,010273723,1,9,0,9,9,1,6,0,0,4,0,0,0,0,3,1,2,2,1,59,9,1461,2,4,RENAULT KADJAR,8,E01003798,0,-1
2020137BJ1272,2020,137BJ1272,2,9,0,4,4,4,8,0,0,1,0,0,0,0,2,1,6,6,2,31,6,1461,2,4,RENAULT KADJAR,5,E01010851,0,-1
202031B063720,2020,31B063720,2,9,0,2,2,0,0,0,0,0,0,0,0,0,1,1,6,6,3,-1,-1,1330,1,1,RENAULT KADJAR,-1,-1,0,-1
2020200998006,2020,200998006,1,9,0,18,19,6,2,0,0,0,0,4,0,0,1,1,6,6,1,76,11,1461,2,4,RENAULT KADJAR,3,E01032422,0,-1
2020350994328,2020,350994328,2,9,0,18,19,2,6,0,0,0,0,0,0,0,1,1,3,7,2,42,7,1461,2,4,RENAULT KADJAR,8,E01033117,0,-1
2020520100695,2020,520100695,1,9,0,9,9,4,2,0,0,2,0,0,0,1,1,1,6,6,2,58,9,1332,1,1,RENAULT KADJAR,9,E01029800,0,-1
2020990932896,2020,990932896,1,9,0,9,9,8,5,0,0,1,0,0,0,0,1,1,6,6,2,64,9,1332,1,1,RENAULT KADJAR,-1,-1,0,-1
2020430089443,2020,430089443,2,9,0,18,19,6,2,0,0,8,0,0,0,0,1,1,6,6,2,39,7,1197,1,2,RENAULT KADJAR,9,E01016683,0,-1
2020070537305,2020,070537305,2,9,0,17,19,2,6,0,0,1,0,0,0,0,1,1,2,2,2,60,9,1332,1,2,RENAULT KADJAR,1,E01012381,0,-1
2020040969922,2020,040969922,1,9,0,18,19,7,3,0,0,8,0,0,0,0,1,1,5,6,1,61,9,1461,2,1,RENAULT KADJAR,9,E01025254,0,-1
2020320020126,2020,320020126,1,9,0,11,11,4,8,0,0,0,0,0,0,0,4,1,6,6,2,44,7,1461,2,3,RENAULT KADJAR,7,E01033106,0,-1
2020410921662,2020,410921662,1,9,0,18,19,4,8,0,0,0,0,0,0,0,1,1,6,6,1,23,5,1330,1,2,RENAULT KADJAR,10,E01023436,0,-1
20201372N0662,2020,1372N0662,2,9,0,9,9,4,1,0,0,5,0,0,0,0,1,1,6,6,1,53,8,1461,2,3,RENAULT KADJAR,1,E01010782,0,-1
2020500942375,2020,500942375,2,9,0,4,4,7,3,0,0,0,0,0,0,0,2,1,2,2,1,43,7,1461,2,4,RENAULT KADJAR,4,E01020284,0,-1
2020211008337,2020,211008337,2,9,-1,-1,-1,-1,-1,-1,-1,-1,-1,-1,-1,0,-1,1,6,6,2,24,5,1330,1,2,RENAULT KADJAR,7,E01029384,0,-1
202031C106920,2020,31C106920,2,9,0,1,1,2,6,0,0,0,0,0,0,0,2,1,3,7,2,37,7,1461,2,4,RENAULT KADJAR,5,E01019451,0,-1
2020010261498,2020,010261498,1,9,0,18,19,7,3,0,0,1,0,0,0,0,1,1,6,6,1,28,6,1461,2,3,RENAULT KADJAR,7,E01003659,0,-1
2020160995457,2020,160995457,2,9,0,18,19,5,1,0,0,0,0,0,0,0,2,1,5,6,2,36,7,1197,1,4,RENAULT KADJAR,10,E01013110,0,-1
2020070596894,2020,070596894,2,9,0,3,3,1,5,0,0,2,0,0,0,0,2,1,6,6,1,48,8,1461,2,4,RENAULT KADJAR,7,W01000311,0,-1
2020010271374,2020,010271374,1,9,0,99,99,9,9,99,99,9,9,99,9,99,2,9,2,2,2,38,7,1461,2,3,RENAULT KADJAR,2,E01000015,0,-1
2020990965238,2020,990965238,1,9,0,17,19,4,8,0,0,1,0,0,0,0,1,1,5,6,2,73,10,1461,2,4,RENAULT KADJAR,7,-1,0,-1
2020622001044,2020,622001044,1,9,0,9,9,6,4,0,0,8,0,0,0,0,1,1,6,6,1,51,8,1461,2,3,RENAULT KADJAR,9,W01001031,0,-1
2020460974886,2020,460974886,3,9,0,10,10,1,7,0,0,1,0,0,0,0,0,1,5,6,1,76,11,1598,2,4,RENAULT KADJAR,7,E01024251,0,-1
2020040951538,2020,040951538,1,9,0,5,5,7,3,0,0,4,0,0,0,0,1,1,6,6,2,56,9,1461,2,4,RENAULT KADJAR,5,E01012723,0,-1
202006P269982,2020,06P269982,1,9,0,13,13,2,6,0,0,8,0,0,0,0,1,1,6,6,1,33,6,1461,2,1,RENAULT KADJAR,6,E01018627,0,-1
2020221012737,2020,221012737,1,9,0,9,9,2,8,0,0,5,1,10,2,0,3,1,5,6,2,64,9,1332,1,0,RENAULT KADJAR,7,E01028941,0,-1
2020622000078,2020,622000078,3,9,0,2,2,0,0,0,0,2,0,0,0,0,3,1,6,6,3,-1,-1,1198,1,4,RENAULT KADJAR,-1,-1,0,-1
2020100976684,2020,100976684,5,9,0,18,19,1,1,0,0,0,0,0,0,0,2,1,5,6,2,67,10,1461,2,3,RENAULT KADJAR,10,E01004885,0,-1
2020990975191,2020,990975191,2,9,0,18,19,7,4,0,0,0,0,0,1,0,1,1,5,6,2,57,9,1598,2,3,RENAULT KADJAR,10,-1,0,-1
2020010265466,2020,010265466,1,9,0,99,99,9,9,99,99,0,9,99,9,99,4,9,6,6,3,-1,-1,1198,1,2,RENAULT KADJAR,-1,-1,0,-1
2020460954743,2020,460954743,1,9,0,9,9,3,7,0,0,1,0,0,0,0,1,1,6,6,1,32,6,1332,1,0,RENAULT KADJAR,5,E01024342,0,-1
2020990995993,2020,990995993,1,9,0,18,19,7,3,0,0,0,0,0,0,0,1,1,5,6,1,75,10,1332,1,0,RENAULT KADJAR,9,-1,0,-1