collision_index,collision_year,collision_ref_no,vehicle_reference,vehicle_type,towing_and_articulation,vehicle_manoeuvre_historic,vehicle_manoeuvre,vehicle_direction_from,vehicle_direction_to,vehicle_location_restricted_lane_historic,vehicle_location_restricted_lane,junction_location,skidding_and_overturning,hit_object_in_carriageway,vehicle_leaving_carriageway,hit_object_off_carriageway,first_point_of_impact,vehicle_left_hand_drive,journey_purpose_of_driver_historic,journey_purpose_of_driver,sex_of_driver,age_of_driver,age_band_of_driver,engine_capacity_cc,propulsion_code,age_of_vehicle,generic_make_model,driver_imd_decile,lsoa_of_driver,escooter_flag,driver_distance_banding
2020420958280,2020,420958280,1,9,0,9,9,7,4,0,0,0,0,0,0,0,4,1,1,1,2,34,6,1332,1,1,RENAULT KADJAR,3,E01033583,0,-1
2020010237169,2020,010237169,1,9,0,9,9,5,3,0,0,2,0,0,0,0,1,1,6,6,1,22,5,1332,1,1,RENAULT KADJAR,2,E01003021,0,-1
2020360957467,2020,360957467,2,9,0,3,3,1,5,0,0,0,0,0,0,0,2,1,5,6,1,65,9,1461,2,4,RENAULT KADJAR,1,E01026830,0,-1
2020141004165,2020,141004165,1,9,0,18,19,5,1,0,0,0,0,0,0,0,1,1,2,2,2,43,7,1197,1,2,RENAULT KADJAR,3,E01007701,0,-1
2020010254896,2020,010254896,2,9,0,6,6,7,7,0,0,0,0,0,0,0,3,1,6,6,3,-1,-1,1332,1,1,RENAULT KADJAR,-1,-1,0,-1
2020010240825,2020,010240825,2,9,0,5,5,1,5,0,0,4,0,0,0,0,2,1,6,6,2,42,7,1330,1,2,RENAULT KADJAR,6,E01001401,0,-1
2020140975172,2020,140975172,1,9,0,18,19,1,5,0,0,0,0,0,0,0,2,1,5,6,2,28,6,1618,1,3,RENAULT KADJAR,5,E01033260,0,-1
2020420945639,2020,420945639,1,9,0,16,19,6,5,0,0,0,0,0,7,0,1,1,5,6,2,20,4,1461,2,4,RENAULT KADJAR,4,E01033127,0,-1
2020460971695,2020,460971695,2,9,0,2,2,0,0,0,0,0,0,0,0,0,1,1,5,6,1,61,9,1461,2,4,RENAULT KADJAR,8,E01024113,0,-1
2020552000405,2020,552000405,2,9,0,4,4,2,6,0,0,0,0,0,0,0,2,1,1,1,1,36,7,1197,1,3,RENAULT KADJAR,3,E01015449,0,-1
202063D081020,2020,63D081020,1,9,0,17,19,5,2,0,0,0,0,0,1,10,1,1,6,6,1,81,11,1461,2,4,RENAULT KADJAR,5,W01000461,0,-1
2020160969624,2020,160969624,2,9,0,10,10,3,1,0,0,8,0,0,0,0,2,1,6,6,2,32,6,1598,2,4,RENAULT KADJAR,8,E01012813,0,-1
2020160923438,2020,160923438,2,9,0,18,19,5,1,0,0,1,0,0,1,11,1,1,5,6,1,46,8,1461,2,4,RENAULT KADJAR,2,E01026375,0,-1
2020010284915,2020,010284915,1,9,0,12,12,8,4,0,0,0,0,0,4,0,2,1,6,6,1,61,9,1330,1,1,RENAULT KADJAR,2,E01003037,0,-1
2020137CM0575,2020,137CM0575,2,9,0,18,19,1,5,0,0,3,0,0,4,1,4,1,6,6,2,48,8,1330,1,1,RENAULT KADJAR,1,E01011906,0,-1
2020990931932,2020,990931932,1,9,0,18,19,1,5,0,0,0,0,0,0,0,3,1,5,6,1,35,6,1598,2,4,RENAULT KADJAR,5,-1,0,-1
2020010262463,2020,010262463,4,9,0,18,19,4,8,0,0,2,0,0,0,0,4,1,2,2,2,31,6,1461,2,4,RENAULT KADJAR,4,E01002267,0,-1
2020552000365,2020,552000365,1,9,0,18,19,4,8,0,0,0,0,0,0,0,1,1,6,6,1,64,9,1332,1,1,RENAULT KADJAR,-1,-1,0,-1
2020420917760,2020,420917760,1,9,0,5,5,7,3,0,0,4,0,0,0,0,1,1,5,6,2,37,7,1330,1,1,RENAULT KADJAR,4,E01021461,0,-1
2020010265493,2020,010265493,1,9,0,99,99,9,9,99,99,0,9,99,9,99,9,1,6,6,2,40,7,1198,1,2,RENAULT KADJAR,3,E01000381,0,-1
2020052002023,2020,052002023,2,9,0,3,3,3,7,0,0,1,0,0,0,0,2,1,6,6,3,-1,-1,1461,2,2,RENAULT KADJAR,-1,-1,0,-1
2020010285207,2020,010285207,1,9,0,99,99,9,9,0,0,8,0,0,0,0,2,9,6,6,1,58,9,1332,1,0,RENAULT KADJAR,8,E01002931,0,-1
2020460983025,2020,460983025,2,9,0,3,3,5,1,0,0,4,0,0,0,0,2,1,6,6,1,43,7,1197,1,4,RENAULT KADJAR,10,E01024781,0,-1
2020030958028,2020,030958028,1,9,0,18,19,3,7,0,0,0,5,0,1,11,4,1,6,6,1,63,9,1461,2,3,RENAULT KADJAR,6,E01019321,0,-1
2020430017727,2020,430017727,1,9,0,18,19,5,1,0,0,0,0,0,0,0,1,1,6,6,2,28,6,1461,2,4,RENAULT KADJAR,10,E01028711,0,-1
2020990985510,2020,990985510,1,9,0,5,5,2,8,0,0,6,0,0,0,0,1,1,5,6,1,74,10,1461,2,0,RENAULT KADJAR,4,-1,0,-1
2020440030186,2020,440030186,2,9,0,2,2,0,0,0,0,0,0,0,0,0,2,1,6,6,3,-1,-1,1461,2,4,RENAULT KADJAR,-1,-1,0,-1
2020420931972,2020,420931972,3,9,0,2,2,6,6,6,6,0,0,0,0,0,2,1,6,6,2,50,8,1198,1,3,RENAULT KADJAR,-1,-1,0,-1
2020400966656,2020,400966656,2,9,0,5,5,-1,-1,0,0,2,0,0,0,0,4,1,2,2,2,48,8,1332,1,1,RENAULT KADJAR,3,E01015715,0,-1
202063A050520,2020,63A050520,2,9,0,16,19,6,1,0,0,0,0,0,0,0,1,1,6,6,1,49,8,1461,2,4,RENAULT KADJAR,5,W01000662,0,-1
2020421000499,2020,421000499,1,9,0,15,15,8,4,0,0,0,0,0,0,0,3,1,6,6,2,54,8,1461,2,4,RENAULT KADJAR,8,E01022089,0,-1
2020010254018,2020,010254018,2,9,0,99,99,9,9,99,99,9,9,99,9,99,9,9,6,6,3,-1,-1,1461,2,3,RENAULT KADJAR,4,E01001435,0,-1
202063D002120,2020,63D002120,1,9,0,13,13,4,8,0,0,0,0,0,0,0,1,1,6,6,2,38,7,1461,2,1,RENAULT KADJAR,8,W01000797,0,-1
2020110938656,2020,110938656,3,9,0,2,2,0,0,0,0,1,0,0,0,0,3,1,5,6,1,30,6,1330,1,2,RENAULT KADJAR,-1,-1,0,-1
2020200977842,2020,200977842,2,9,0,4,4,6,2,0,0,0,0,0,0,0,2,1,6,6,1,64,9,1461,2,4,RENAULT KADJAR,1,E01010481,0,-1
2020480980046,2020,480980046,2,3,0,3,3,5,1,0,0,0,0,0,0,0,1,1,2,2,1,48,8,124,1,0,-1,3,E01000132,0,-1
2020530976828,2020,530976828,2,3,0,18,19,1,5,0,0,0,0,0,1,0,4,1,5,6,1,23,5,98,1,18,-1,10,E01022466,0,-1
2020070722022,2020,070722022,1,3,0,18,19,2,6,0,0,1,0,0,0,0,1,1,6,6,1,39,7,98,1,16,-1,3,E01018720,0,-1
20201375S1453,2020,1375S1453,2,9,0,18,19,6,2,0,0,0,0,0,0,0,1,1,6,6,1,52,8,1997,2,7,CITROEN DS5,5,E01011233,0,-1
2020040998761,2020,040998761,1,9,0,9,9,5,3,0,0,2,0,0,0,0,1,2,2,2,1,36,7,1997,2,8,CITROEN DS5,3,E01024911,0,-1
2020470940034,2020,470940034,2,9,0,4,4,1,5,0,0,0,0,0,0,0,2,1,5,6,1,51,8,1997,2,7,CITROEN DS5,4,E01031834,0,-1
2020010229869,2020,010229869,1,9,0,9,9,1,6,0,0,2,0,7,0,0,1,1,6,6,2,29,6,1560,2,7,CITROEN DS5,1,E01001483,0,-1
2020230931745,2020,230931745,2,9,0,18,19,5,1,0,0,8,0,0,0,0,3,1,6,6,1,65,9,1997,2,6,CITROEN DS5,5,E01027017,0,-1
2020200938422,2020,200938422,2,9,0,3,3,4,8,0,0,0,0,0,0,0,2,1,6,6,2,24,5,1997,2,6,CITROEN DS5,2,E01009991,0,-1
2020010247185,2020,010247185,1,9,0,9,9,5,3,0,0,5,0,11,0,0,1,2,6,6,1,-1,-1,1997,2,7,CITROEN DS5,1,E01002036,0,-1
202006Q272173,2020,06Q272173,2,9,0,17,19,8,6,0,0,8,0,0,0,0,1,1,1,1,2,30,6,1997,2,6,CITROEN DS5,3,E01005478,0,-1
2020122000814,2020,122000814,3,9,0,4,4,3,7,0,0,0,0,0,0,0,2,1,6,6,1,48,8,1560,2,5,CITROEN DS5,8,E01027668,0,-1
2020122001283,2020,122001283,1,9,0,18,19,1,5,0,0,1,0,0,3,10,0,1,6,6,2,45,7,1997,2,6,CITROEN DS5,-1,-1,0,-1
2020990994171,2020,990994171,2,9,0,17,19,1,5,0,0,8,0,0,0,0,3,1,2,2,1,35,6,1997,2,5,CITROEN DS5,-1,-1,0,-1
2020500932256,2020,500932256,2,9,0,17,19,8,6,0,0,0,0,0,0,0,1,1,5,6,1,55,8,1997,2,5,CITROEN DS5,2,E01020111,0,-1
2020500988962,2020,500988962,1,9,0,7,7,7,5,0,0,8,1,0,1,2,3,1,1,1,1,68,10,1997,2,8,CITROEN DS5,5,E01020050,0,-1
2020440501376,2020,440501376,1,3,0,18,19,3,7,0,0,0,1,6,0,0,4,1,6,6,1,29,6,124,1,18,-1,1,E01017207,0,-1
2020460964583,2020,460964583,2,9,0,3,3,6,2,0,0,1,0,0,0,0,2,1,5,6,2,27,6,1298,1,18,-1,7,E01024361,0,-1
2020420978257,2020,420978257,1,9,0,18,19,7,3,0,0,0,0,0,0,0,1,1,1,1,1,28,6,1298,1,17,-1,-1,-1,0,-1
2020501008356,2020,501008356,2,3,0,18,19,1,5,0,0,8,0,0,7,11,1,1,6,6,1,17,4,125,1,18,-1,3,E01018932,0,-1
2020010251014,2020,010251014,1,5,0,99,99,9,9,99,99,1,9,99,9,99,1,1,6,6,1,35,6,806,1,6,KAWASAKI ZR800,5,E01003415,0,-1
2020010268967,2020,010268967,1,5,0,99,99,9,9,99,99,9,9,99,9,99,9,1,2,2,1,34,6,806,1,5,KAWASAKI ZR800,4,E01021529,0,-1
2020471003186,2020,471003186,2,5,0,18,19,2,6,0,0,0,0,0,0,0,1,1,5,6,1,21,5,806,1,5,KAWASAKI ZR800,4,E01031453,0,-1
202006Q172819,2020,06Q172819,2,5,0,18,19,3,8,0,0,1,0,0,0,0,2,1,6,6,1,34,6,806,1,6,KAWASAKI ZR800,5,E01005346,0,-1
2020461003930,2020,461003930,2,5,0,10,10,8,4,0,0,1,0,0,0,0,1,1,6,6,1,53,8,806,1,6,KAWASAKI ZR800,7,E01024689,0,-1
2020450996891,2020,450996891,1,5,0,18,19,5,1,0,0,0,1,0,0,0,1,1,5,6,1,32,6,806,1,5,KAWASAKI ZR800,6,E01001347,0,-1
2020010263330,2020,010263330,1,5,0,99,99,9,9,99,99,0,9,99,9,99,9,1,6,6,1,39,7,806,1,5,KAWASAKI ZR800,7,E01001455,0,-1
2020500925579,2020,500925579,3,5,0,18,19,3,7,0,0,0,0,0,7,6,1,1,6,6,1,23,5,806,1,5,KAWASAKI ZR800,6,E01015107,0,-1
2020210998063,2020,210998063,1,5,0,18,19,2,6,0,0,0,0,0,0,0,1,1,6,6,1,28,6,806,1,7,KAWASAKI ZR800,2,E01010447,0,-1
2020010237697,2020,010237697,2,5,0,18,19,3,7,2,2,1,0,10,1,0,1,1,2,2,1,57,9,806,1,6,KAWASAKI ZR800,-1,-1,0,-1
2020200947242,2020,200947242,2,5,0,18,19,1,5,0,0,8,0,0,0,0,4,1,6,6,1,39,7,806,1,6,KAWASAKI ZR800,8,E01009697,0,-1
2020552000549,2020,552000549,2,3,0,3,3,4,8,0,0,4,0,0,0,0,3,1,6,6,1,25,5,806,1,3,-1,9,E01020372,0,-1
2020401013649,2020,401013649,1,5,0,9,9,1,7,0,0,0,1,0,0,0,4,1,5,6,1,55,8,806,1,5,KAWASAKI ZR800,6,E01017517,0,-1
2020430120256,2020,430120256,1,5,0,16,19,4,7,0,0,0,0,0,1,4,4,1,6,6,1,23,5,806,1,4,KAWASAKI ZR800,6,E01030721,0,-1
2020010240374,2020,010240374,1,5,0,7,7,1,4,0,0,2,0,0,0,0,0,1,2,2,1,29,6,806,1,4,KAWASAKI ZR800,2,E01000954,0,-1
2020501001342,2020,501001342,1,5,0,18,19,7,3,6,6,0,1,0,1,0,4,1,1,1,1,23,5,806,1,5,KAWASAKI ZR800,6,E01015107,0,-1
2020622000778,2020,622000778,2,5,0,18,19,2,6,0,0,1,1,0,0,0,1,1,6,6,1,42,7,806,1,6,KAWASAKI ZR800,1,W01001300,0,-1
2020211013461,2020,211013461,2,9,0,18,19,6,2,0,0,8,0,0,0,0,3,1,6,6,1,27,6,2962,1,30,-1,6,E01014289,0,-1
2020340N05962,2020,340N05962,1,9,0,4,4,3,7,0,0,0,0,0,0,0,1,1,6,6,1,38,7,2962,1,31,-1,1,E01006109,0,-1
2020010266074,2020,010266074,2,9,0,99,99,9,9,99,99,0,9,99,9,99,1,9,6,6,1,-1,-1,2962,1,28,-1,8,E01003710,0,-1
2020010229391,2020,010229391,2,9,0,18,19,7,3,0,0,1,0,0,0,0,1,1,6,6,1,64,9,2962,1,28,-1,3,E01004708,0,-1
2020500961553,2020,500961553,1,9,0,18,19,6,2,0,0,0,5,0,8,0,3,1,5,6,1,61,9,999,1,3,SEAT MII,6,E01019893,0,-1
2020450994490,2020,450994490,3,9,0,12,12,1,5,0,0,0,0,0,0,0,0,1,2,2,1,22,5,999,1,8,SEAT MII,7,E01000225,0,-1
2020501004913,2020,501004913,2,9,0,11,11,3,7,0,0,3,0,0,0,0,4,1,6,6,2,22,5,999,1,4,SEAT MII,2,E01015242,0,-1
2020160975347,2020,160975347,2,9,0,18,19,5,1,0,0,8,0,0,0,0,4,1,6,6,1,71,10,999,1,2,SEAT MII,1,E01012761,0,-1
2020552000749,2020,552000749,2,9,0,9,9,2,8,0,0,5,0,0,0,0,3,1,6,6,1,39,7,999,1,3,SEAT MII,-1,-1,0,-1
2020522001929,2020,522001929,2,9,0,18,19,2,6,0,0,8,0,0,1,0,1,1,6,6,2,54,8,999,1,8,SEAT MII,10,E01014855,0,-1
2020470965492,2020,470965492,2,9,0,16,19,8,3,0,0,0,0,0,0,0,1,1,5,6,1,19,4,999,1,6,SEAT MII,7,E01021205,0,-1
2020440422498,2020,440422498,2,9,0,18,19,5,1,0,0,8,0,0,0,0,1,1,6,6,1,83,11,999,1,8,SEAT MII,7,E01017323,0,-1
2020010256074,2020,010256074,3,9,0,2,2,0,0,0,0,1,0,0,1,1,1,1,6,6,3,-1,-1,999,1,7,SEAT MII,-1,-1,0,-1
2020351004006,2020,351004006,2,9,0,3,3,2,6,0,0,0,0,0,0,0,2,1,5,6,1,67,10,999,1,2,SEAT MII,5,E01018226,0,-1
2020470971521,2020,470971521,1,9,0,18,19,1,5,0,0,0,0,0,0,0,1,1,5,6,2,82,11,999,1,6,SEAT MII,5,E01021089,0,-1
2020110997386,2020,110997386,1,9,0,7,7,8,2,0,0,0,1,0,0,0,1,1,5,6,1,17,4,999,1,8,SEAT MII,10,E01020829,0,-1
2020430379582,2020,430379582,1,9,0,7,7,4,7,0,0,2,0,0,0,0,1,1,6,6,1,70,10,999,1,5,SEAT MII,9,E01017935,0,-1
2020500989684,2020,500989684,3,9,0,3,3,0,0,0,0,0,0,0,0,0,2,1,6,6,2,31,6,999,1,3,SEAT MII,7,E01019025,0,-1
2020122000271,2020,122000271,2,9,0,18,19,1,5,0,0,0,5,0,0,0,1,1,6,6,2,47,8,999,1,6,SEAT MII,9,E01027899,0,-1
2020137BF1439,2020,137BF1439,2,9,0,9,9,7,5,0,0,2,0,0,0,0,1,1,1,1,2,21,5,999,1,7,SEAT MII,5,E01033016,0,-1
2020622000517,2020,622000517,2,9,0,18,19,7,3,0,0,1,0,0,0,0,1,1,6,6,1,22,5,999,1,5,SEAT MII,2,W01001697,0,-1
2020990958740,2020,990958740,1,9,0,18,19,5,1,0,0,0,2,0,1,11,4,1,2,2,2,53,8,999,1,6,SEAT MII,2,-1,0,-1
2020470986918,2020,470986918,2,9,0,3,3,4,7,0,0,1,0,0,0,0,2,1,2,2,2,43,7,999,1,3,SEAT MII,5,E01021121,0,-1
2020160976689,2020,160976689,1,9,0,4,4,7,3,6,6,0,0,0,0,0,1,1,5,6,1,19,4,999,1,6,SEAT MII,1,E01013205,0,-1
2020432003920,2020,432003920,2,9,0,18,19,1,5,0,0,1,0,0,0,0,1,1,6,6,2,21,5,999,1,4,SEAT MII,5,E01016841,0,-1
2020552000759,2020,552000759,2,9,0,18,19,6,2,0,0,8,0,0,0,0,1,1,6,6,1,46,8,999,1,6,SEAT MII,3,E01015371,0,-1
2020360978602,2020,360978602,1,9,0,9,9,-1,-1,0,0,2,0,0,0,0,1,1,5,6,2,54,8,999,1,6,SEAT MII,7,E01026421,0,-1
2020990998442,2020,990998442,1,9,0,9,9,4,1,0,0,1,0,0,0,0,1,1,2,2,2,57,9,999,1,4,SEAT MII,1,-1,0,-1
2020501006929,2020,501006929,2,9,0,2,2,0,0,0,0,0,0,0,0,0,1,1,6,6,1,74,10,999,1,6,SEAT MII,4,E01018913,0,-1
2020220959248,2020,220959248,2,9,0,18,19,2,6,0,0,8,0,0,0,0,1,1,5,6,2,55,8,999,1,1,SEAT MII,2,E01009999,0,-1
2020030959810,2020,030959810,1,9,0,18,19,8,4,0,0,0,0,0,0,0,1,1,5,6,1,84,11,999,1,8,SEAT MII,9,E01019373,0,-1
2020450971617,2020,450971617,1,9,0,18,19,1,5,0,0,1,5,7,0,0,1,1,5,6,2,87,11,999,1,8,SEAT MII,10,E01030841,0,-1
2020122001323,2020,122001323,1,9,0,5,5,1,5,0,0,1,0,0,0,0,4,1,1,1,3,-1,-1,999,1,2,SEAT MII,-1,-1,0,-1
2020410983173,2020,410983173,1,9,0,7,7,1,5,0,0,0,0,0,0,0,2,1,6,6,2,21,5,999,1,2,SEAT MII,7,E01023561,0,-1
2020040992922,2020,040992922,2,9,0,17,19,5,1,0,0,5,0,0,0,0,4,1,5,6,2,59,9,999,1,7,SEAT MII,9,E01025404,0,-1
2020201018792,2020,201018792,1,9,0,3,3,6,1,0,0,1,0,0,0,0,2,1,6,6,3,56,9,999,1,4,SEAT MII,3,E01010097,0,-1
2020100950882,2020,100950882,1,9,0,18,19,1,5,0,0,4,5,0,0,0,3,2,1,1,2,26,6,999,1,6,SEAT MII,5,E01007682,0,-1
2020052002537,2020,052002537,1,9,0,18,19,1,5,0,0,1,0,0,0,0,1,1,1,1,1,22,5,999,1,1,SEAT MII,7,E01006666,0,-1
2020440471756,2020,440471756,3,9,0,18,19,0,0,0,0,2,0,0,0,0,1,1,6,6,3,-1,-1,999,1,6,SEAT MII,-1,-1,0,-1
2020140934575,2020,140934575,1,9,0,5,5,6,6,0,0,0,0,0,0,0,1,1,6,6,3,-1,-1,999,1,7,SEAT MII,-1,-1,0,-1
2020440476207,2020,440476207,2,9,0,3,3,8,2,0,0,8,0,0,0,0,2,1,6,6,1,46,8,999,1,7,SEAT MII,9,E01022689,0,-1
2020522004399,2020,522004399,1,9,0,18,19,3,7,0,0,2,0,0,0,0,4,1,6,6,2,81,11,999,1,6,SEAT MII,8,E01014745,0,-1
2020450935587,2020,450935587,2,9,0,3,3,5,1,0,0,1,0,0,0,0,2,1,2,2,1,25,5,999,1,7,SEAT MII,10,E01030436,0,-1
20201373M0830,2020,1373M0830,1,9,0,18,19,3,8,0,0,0,0,0,1,2,1,1,6,6,1,17,4,999,1,7,SEAT MII,10,E01011113,0,-1
2020440381435,2020,440381435,1,9,0,16,19,1,4,0,0,8,1,0,0,0,3,1,6,6,1,18,4,999,1,6,SEAT MII,7,E01017329,0,-1
2020350987260,2020,350987260,4,9,0,4,4,6,2,0,0,0,0,0,0,0,2,1,2,2,2,20,4,999,1,6,SEAT MII,10,E01023659,0,-1
2020100926960,2020,100926960,1,9,0,18,19,3,7,0,0,0,0,0,0,0,4,1,5,6,2,80,11,999,1,7,SEAT MII,6,E01027483,0,-1
2020302000234,2020,302000234,1,9,0,9,9,8,4,0,0,5,0,0,0,0,1,1,6,6,2,22,5,999,1,3,SEAT MII,4,E01013459,0,-1
202031B041720,2020,31B041720,1,5,0,18,19,6,2,0,0,0,0,0,0,0,0,1,6,6,1,52,8,805,1,14,-1,5,E01028341,0,-1
2020040993418,2020,040993418,2,5,0,17,19,3,7,0,0,8,0,0,0,0,4,1,5,6,1,57,9,805,1,13,-1,9,E01025596,0,-1
2020440295253,2020,440295253,1,5,0,18,19,6,2,0,0,0,0,0,0,0,0,1,6,6,1,58,9,805,1,15,-1,1,E01022917,0,-1
2020010268239,2020,010268239,1,5,0,5,5,1,5,0,0,1,5,0,0,0,1,1,6,6,1,41,7,805,1,5,-1,6,E01003416,0,-1
2020500930513,2020,500930513,2,5,0,18,19,3,7,0,0,1,1,0,0,0,1,1,5,6,1,36,7,805,1,4,-1,6,E01015132,0,-1
2020110958605,2020,110958605,1,2,0,18,19,3,7,0,0,0,5,7,0,0,1,1,6,6,1,29,6,124,1,4,-1,4,E01020667,0,-1
2020040994073,2020,040994073,1,3,0,18,19,5,1,0,0,1,1,0,0,0,0,1,6,6,1,52,8,124,1,4,-1,7,E01025130,0,-1
2020010231463,2020,010231463,1,3,0,7,7,8,2,0,0,2,0,0,7,11,1,1,6,6,1,50,8,124,1,4,-1,3,E01004038,0,-1
2020471002238,2020,471002238,2,3,0,18,19,2,6,0,0,1,1,0,0,0,2,1,1,1,1,21,5,124,1,5,-1,7,E01016903,0,-1
2020400975670,2020,400975670,1,3,0,3,3,6,2,0,0,4,0,0,0,0,2,1,1,1,1,27,6,124,1,6,-1,5,E01015777,0,-1
2020231018675,2020,231018675,2,4,0,3,3,5,1,0,0,6,0,0,0,0,1,1,5,6,1,28,6,124,1,15,-1,1,E01009475,0,-1
2020522005173,2020,522005173,2,9,0,3,3,5,1,0,0,1,0,0,0,0,2,1,6,6,1,28,6,2490,1,23,-1,9,E01015018,0,-1
2020302000281,2020,302000281,1,9,0,5,5,2,3,0,0,6,0,0,0,0,3,1,6,6,2,-1,-1,1242,1,6,VAUXHALL AGILA,8,E01019535,0,-1
2020460971105,2020,460971105,3,9,0,2,2,0,0,0,0,0,0,0,0,0,2,1,5,6,2,73,10,1229,1,14,VAUXHALL AGILA,3,E01024559,0,-1
2020522100658,2020,522100658,2,9,0,18,19,7,3,0,0,0,0,0,0,0,1,1,6,6,2,80,11,1242,1,11,VAUXHALL AGILA,6,E01014379,0,-1
202006M177845,2020,06M177845,2,9,0,8,8,2,4,0,0,1,0,0,0,0,2,1,6,6,1,29,6,996,1,8,VAUXHALL AGILA,1,E01005683,0,-1
2020420944297,2020,420944297,1,9,0,18,19,7,2,0,0,0,0,4,0,0,1,1,5,6,2,59,9,998,1,13,VAUXHALL AGILA,5,E01033141,0,-1
2020200934008,2020,200934008,1,9,0,11,11,4,8,0,0,0,0,0,0,0,4,1,3,7,2,-1,-1,1242,1,12,VAUXHALL AGILA,-1,-1,0,-1
2020420973845,2020,420973845,1,9,0,4,4,5,1,0,0,1,0,0,0,0,1,1,5,6,1,62,9,1248,2,11,VAUXHALL AGILA,4,E01021266,0,-1
2020010252851,2020,010252851,3,9,0,18,19,7,3,0,0,1,0,0,0,0,2,1,6,6,1,63,9,1242,1,11,VAUXHALL AGILA,7,E01000438,0,-1
2020360938366,2020,360938366,2,9,0,4,4,4,8,0,0,0,0,0,0,0,1,1,5,6,1,89,11,1242,1,10,VAUXHALL AGILA,8,E01030242,0,-1
2020200961692,2020,200961692,2,9,0,2,2,0,0,0,0,2,0,0,0,0,4,1,6,6,3,-1,-1,1199,1,17,VAUXHALL AGILA,7,E01029519,0,-1
2020010253438,2020,010253438,2,9,0,2,2,0,0,9,9,0,0,0,0,0,3,1,6,6,3,-1,-1,1242,1,8,VAUXHALL AGILA,-1,-1,0,-1
2020010267316,2020,010267316,2,9,0,18,19,3,7,0,0,0,0,0,0,0,1,1,6,6,3,-1,-1,1199,1,16,VAUXHALL AGILA,-1,-1,0,-1
2020010268443,2020,010268443,1,9,0,4,4,8,4,0,0,0,0,0,0,0,2,1,6,6,1,49,8,1199,1,19,VAUXHALL AGILA,-1,-1,0,-1
2020430231497,2020,430231497,1,9,0,16,19,8,2,0,0,2,0,0,1,11,4,1,6,6,1,26,6,996,1,10,VAUXHALL AGILA,7,E01016752,0,-1
2020220978508,2020,220978508,1,9,0,9,9,1,7,0,0,5,5,0,0,0,4,1,5,6,1,55,8,973,1,17,VAUXHALL AGILA,2,E01032450,0,-1
2020302001603,2020,302001603,2,9,0,18,19,2,6,0,0,0,0,0,0,0,1,1,6,6,2,57,9,1199,1,16,VAUXHALL AGILA,4,E01013555,0,-1
2020010258840,2020,010258840,1,9,0,18,19,1,5,0,0,3,1,10,1,4,0,1,6,6,1,18,4,1242,1,9,VAUXHALL AGILA,-1,-1,0,-1
2020430367897,2020,430367897,1,9,0,9,9,6,4,0,0,6,0,0,0,0,4,1,1,1,2,64,9,1242,1,6,VAUXHALL AGILA,4,E01017724,0,-1
2020430037822,2020,430037822,2,9,0,18,19,1,5,0,0,4,0,0,1,0,1,1,6,6,2,29,6,1242,1,12,VAUXHALL AGILA,10,E01016262,0,-1
2020350991090,2020,350991090,2,9,-1,-1,-1,8,4,-1,-1,-1,-1,-1,-1,0,-1,1,2,2,1,23,5,996,1,9,VAUXHALL AGILA,2,E01015601,0,-1
2020500981258,2020,500981258,1,9,0,18,19,6,2,0,0,1,0,0,0,0,1,1,2,2,1,25,5,1199,1,16,VAUXHALL AGILA,7,E01018800,0,-1
2020160997484,2020,160997484,1,9,0,18,19,6,1,0,0,1,0,0,0,0,1,1,6,6,2,19,4,1248,2,11,VAUXHALL AGILA,9,E01013168,0,-1
2020010250683,2020,010250683,2,9,0,99,99,9,9,99,99,9,9,99,9,99,2,9,6,6,3,-1,-1,1242,1,10,VAUXHALL AGILA,3,E01011444,0,-1
2020400984972,2020,400984972,1,9,0,18,19,3,7,0,0,0,5,4,0,0,3,1,6,6,1,86,11,996,1,12,VAUXHALL AGILA,3,E01016834,0,-1
2020140985517,2020,140985517,2,9,0,11,11,6,2,0,0,0,0,0,0,0,0,1,2,2,2,38,7,1242,1,7,VAUXHALL AGILA,2,E01007654,0,-1
2020421005260,2020,421005260,2,9,0,2,2,0,0,0,0,0,1,0,0,0,2,1,6,6,3,-1,-1,1199,1,17,VAUXHALL AGILA,-1,-1,0,-1
2020370940600,2020,370940600,1,9,0,2,2,0,0,0,0,0,0,0,0,0,3,1,5,6,2,81,11,1242,1,9,VAUXHALL AGILA,7,E01029913,0,-1
2020460927468,2020,460927468,1,9,0,9,9,7,5,0,0,4,0,0,0,0,1,1,5,6,2,42,7,996,1,11,VAUXHALL AGILA,4,E01024645,0,-1
2020170L30040,2020,170L30040,2,9,0,9,9,6,2,0,0,4,0,0,0,0,3,1,1,1,2,54,8,998,1,15,VAUXHALL AGILA,2,E01012136,0,-1
2020122000115,2020,122000115,1,9,0,9,9,3,1,0,0,8,0,0,0,0,1,1,6,6,2,83,11,996,1,6,VAUXHALL AGILA,7,E01027911,0,-1
2020531007291,2020,531007291,2,9,0,18,19,4,8,0,0,0,0,0,0,0,1,1,5,6,2,80,11,1242,1,10,VAUXHALL AGILA,8,E01022362,0,-1