collision_index,collision_year,collision_ref_no,vehicle_reference,vehicle_type,towing_and_articulation,vehicle_manoeuvre_historic,vehicle_manoeuvre,vehicle_direction_from,vehicle_direction_to,vehicle_location_restricted_lane_historic,vehicle_location_restricted_lane,junction_location,skidding_and_overturning,hit_object_in_carriageway,vehicle_leaving_carriageway,hit_object_off_carriageway,first_point_of_impact,vehicle_left_hand_drive,journey_purpose_of_driver_historic,journey_purpose_of_driver,sex_of_driver,age_of_driver,age_band_of_driver,engine_capacity_cc,propulsion_code,age_of_vehicle,generic_make_model,driver_imd_decile,lsoa_of_driver,escooter_flag,driver_distance_banding
2020137CE0965,2020,137CE0965,1,9,0,18,19,1,5,0,0,0,0,0,0,0,1,1,6,6,2,82,11,973,1,18,VAUXHALL AGILA,9,E01011189,0,-1
2020460943342,2020,460943342,1,9,0,9,9,8,4,0,0,2,0,0,0,0,3,1,5,6,1,86,11,1199,1,19,VAUXHALL AGILA,7,E01024067,0,-1
2020470983458,2020,470983458,2,9,0,18,19,3,7,0,0,8,5,0,0,0,3,1,5,6,2,53,8,1229,1,15,VAUXHALL AGILA,9,E01016940,0,-1
2020100962584,2020,100962584,2,9,0,18,19,5,1,0,0,1,0,0,0,0,1,1,5,6,1,90,11,1242,1,6,VAUXHALL AGILA,7,E01008797,0,-1
2020500953789,2020,500953789,1,9,0,18,19,3,7,0,0,0,0,4,0,0,4,1,6,6,1,79,11,1242,1,6,VAUXHALL AGILA,8,E01019962,0,-1
2020991003897,2020,991003897,2,9,0,17,19,2,6,0,0,8,0,0,0,0,1,1,6,6,2,29,6,996,1,7,VAUXHALL AGILA,3,-1,0,-1
2020070132263,2020,070132263,2,9,0,17,19,6,2,0,0,0,0,0,0,0,1,1,2,2,2,71,10,1242,1,10,VAUXHALL AGILA,3,E01018534,0,-1
2020471003843,2020,471003843,1,9,0,5,5,7,2,0,0,4,0,0,0,0,3,1,6,6,2,58,9,1242,1,8,VAUXHALL AGILA,9,E01027463,0,-1
2020070204462,2020,070204462,1,9,0,9,9,8,6,0,0,6,0,0,0,0,1,1,6,6,2,51,8,1199,1,17,VAUXHALL AGILA,3,E01018631,0,-1
2020500961396,2020,500961396,1,9,0,18,19,1,5,0,0,0,0,0,0,0,4,1,5,6,1,65,9,1242,1,11,VAUXHALL AGILA,5,E01020123,0,-1
2020450989589,2020,450989589,1,9,0,3,3,3,7,0,0,1,0,0,0,0,2,1,6,6,2,37,7,998,1,15,VAUXHALL AGILA,6,E01030699,0,-1
2020552001026,2020,552001026,1,9,0,18,19,4,6,0,0,4,0,0,0,0,1,1,6,6,1,65,9,973,1,18,VAUXHALL AGILA,5,E01020364,0,-1
2020990968591,2020,990968591,1,9,0,18,19,2,6,0,0,0,5,0,1,0,1,1,5,6,2,73,10,996,1,6,VAUXHALL AGILA,5,-1,0,-1
2020522005075,2020,522005075,1,9,0,18,19,7,3,0,0,0,2,10,0,0,1,1,6,6,2,20,4,998,1,13,VAUXHALL AGILA,6,E01032669,0,-1
2020470955696,2020,470955696,1,9,0,5,5,7,3,0,0,8,0,0,7,1,3,1,2,2,1,39,7,1199,1,20,VAUXHALL AGILA,7,E01031781,0,-1
2020421010098,2020,421010098,1,9,0,16,19,8,3,0,0,0,2,7,8,0,3,1,5,6,2,30,6,1242,1,9,VAUXHALL AGILA,3,E01021649,0,-1
2020302000851,2020,302000851,1,9,0,3,3,1,2,0,0,4,0,0,0,0,2,1,6,6,2,46,8,1242,1,10,VAUXHALL AGILA,7,E01019472,0,-1
2020460921376,2020,460921376,1,9,0,13,13,7,3,0,0,0,5,0,0,0,1,1,5,6,2,70,10,1199,1,18,VAUXHALL AGILA,6,E01023985,0,-1
2020470994724,2020,470994724,1,9,0,16,19,6,1,0,0,0,5,0,0,0,4,1,5,6,1,86,11,1242,1,11,VAUXHALL AGILA,5,E01031378,0,-1
2020320652979,2020,320652979,2,9,0,18,19,5,1,0,0,1,0,0,0,0,1,1,6,6,2,44,7,1199,1,16,VAUXHALL AGILA,8,E01026368,0,-1
202031C096320,2020,31C096320,1,9,0,9,9,6,5,0,0,5,0,0,0,0,4,1,6,6,1,28,6,1199,1,19,VAUXHALL AGILA,1,E01013862,0,-1
2020520101359,2020,520101359,1,9,0,17,19,4,8,0,0,0,0,0,0,0,3,1,6,6,1,39,7,1242,1,6,VAUXHALL AGILA,1,E01029292,0,-1
2020460997552,2020,460997552,1,9,0,18,19,5,1,0,0,0,2,0,0,0,1,1,6,6,2,51,8,1242,1,11,VAUXHALL AGILA,8,E01024185,0,-1
2020302000290,2020,302000290,1,9,0,2,2,0,0,0,0,0,0,0,0,0,2,1,6,6,2,74,10,1242,1,9,VAUXHALL AGILA,6,E01028108,0,-1
2020100930856,2020,100930856,1,9,0,9,9,7,1,0,0,8,0,0,0,0,1,1,5,6,2,22,5,1248,2,11,VAUXHALL AGILA,1,E01008737,0,-1
2020010285523,2020,010285523,2,9,0,18,19,3,7,0,0,8,0,0,0,0,1,1,6,6,2,71,10,1242,1,10,VAUXHALL AGILA,9,E01003901,0,-1
2020990948333,2020,990948333,2,9,0,18,19,3,7,0,0,8,0,0,0,0,1,1,2,2,1,57,9,1242,1,8,VAUXHALL AGILA,3,-1,0,-1
2020220955269,2020,220955269,1,9,0,16,19,3,6,0,0,0,0,0,0,0,3,1,1,1,1,46,8,973,1,19,VAUXHALL AGILA,5,E01014051,0,-1
2020010230824,2020,010230824,1,9,0,99,99,9,9,99,99,0,9,99,9,99,9,9,2,2,2,49,8,1199,1,20,VAUXHALL AGILA,9,E01001303,0,-1
2020500992058,2020,500992058,1,9,0,10,10,2,7,0,0,1,0,0,0,0,3,1,5,6,2,21,5,1242,1,12,VAUXHALL AGILA,1,E01015047,0,-1
2020332000107,2020,332000107,2,9,0,10,10,7,4,0,0,1,0,0,0,0,2,1,6,6,1,59,9,996,1,9,VAUXHALL AGILA,10,E01025676,0,-1
2020010245468,2020,010245468,2,9,0,18,19,7,3,0,0,1,0,0,0,0,3,1,6,6,2,35,6,1242,1,11,VAUXHALL AGILA,6,E01001570,0,-1
2020201016976,2020,201016976,4,9,0,3,3,4,8,0,0,1,0,0,0,0,1,1,6,6,1,56,9,1229,1,15,VAUXHALL AGILA,1,E01009132,0,-1
2020137AG1175,2020,137AG1175,3,9,0,3,3,4,8,0,0,1,0,0,0,0,3,1,6,6,2,53,8,996,1,12,VAUXHALL AGILA,-1,-1,0,-1
2020100986008,2020,100986008,1,9,0,12,12,1,5,0,0,8,0,0,0,0,3,1,6,6,2,30,6,1242,1,8,VAUXHALL AGILA,4,E01033077,0,-1
2020440486243,2020,440486243,1,9,0,18,19,6,2,0,0,8,0,0,0,0,1,1,6,6,1,59,9,1229,1,14,VAUXHALL AGILA,9,E01022830,0,-1
2020010249889,2020,010249889,2,9,0,4,4,7,3,0,0,2,0,0,0,0,1,1,6,6,1,28,6,1242,1,10,VAUXHALL AGILA,7,E01033733,0,-1
2020211009965,2020,211009965,1,9,-1,-1,-1,7,4,-1,-1,-1,-1,-1,-1,0,-1,1,6,6,2,82,11,996,1,6,VAUXHALL AGILA,9,E01029654,0,-1
2020990975915,2020,990975915,2,9,0,10,10,5,3,0,0,1,0,0,0,0,3,1,5,6,1,69,10,1242,1,11,VAUXHALL AGILA,5,-1,0,-1
2020991012623,2020,991012623,1,9,0,18,19,6,2,0,0,0,2,0,1,0,1,1,5,6,2,21,5,1242,1,12,VAUXHALL AGILA,5,-1,0,-1
2020370984998,2020,370984998,2,9,0,3,3,8,4,0,0,0,0,0,0,0,2,1,5,6,2,30,6,1242,1,11,VAUXHALL AGILA,4,E01029920,0,-1
2020010254095,2020,010254095,2,9,0,3,3,4,8,0,0,0,0,4,0,0,4,1,6,6,1,60,9,998,1,13,VAUXHALL AGILA,-1,-1,0,-1
2020070547620,2020,070547620,3,9,0,3,3,7,3,0,0,0,0,2,0,0,2,1,6,6,1,21,5,996,1,7,VAUXHALL AGILA,8,E01006829,0,-1
202031B008920,2020,31B008920,2,9,0,2,2,0,0,0,0,2,0,0,0,0,3,1,6,6,3,-1,-1,996,1,10,VAUXHALL AGILA,-1,-1,0,-1
2020041003509,2020,041003509,1,9,0,18,19,2,6,0,0,0,0,0,0,0,3,1,5,6,1,19,4,1199,1,16,VAUXHALL AGILA,2,E01012705,0,-1
2020010246425,2020,010246425,2,9,9,99,99,9,9,99,99,9,9,99,9,99,9,9,6,6,2,-1,-1,1242,1,8,VAUXHALL AGILA,2,E01003190,0,-1
2020451000090,2020,451000090,1,9,0,18,19,7,3,9,9,0,1,10,1,10,2,1,5,6,2,57,9,996,1,12,VAUXHALL AGILA,7,E01030647,0,-1
2020520100680,2020,520100680,1,9,0,16,19,4,8,0,0,0,0,0,0,0,1,1,6,6,2,26,6,996,1,10,VAUXHALL AGILA,3,E01029062,0,-1
2020010237067,2020,010237067,2,9,0,99,99,9,9,99,99,9,9,99,9,99,0,9,6,6,1,-1,-1,998,1,15,VAUXHALL AGILA,6,E01003429,0,-1
2020440167771,2020,440167771,2,9,0,7,7,5,6,0,0,8,0,0,0,0,2,1,6,6,1,61,9,1242,1,7,VAUXHALL AGILA,3,E01022976,0,-1
202031D032620,2020,31D032620,1,9,0,9,9,8,7,0,0,6,0,0,0,0,1,1,6,6,1,83,11,1242,1,11,VAUXHALL AGILA,10,E01028393,0,-1
2020200936364,2020,200936364,2,9,0,18,19,8,4,0,0,8,0,0,0,0,3,1,6,6,1,53,8,998,1,15,VAUXHALL AGILA,5,E01009504,0,-1
2020010273661,2020,010273661,2,9,0,99,99,9,9,99,99,9,9,99,9,99,9,9,6,6,2,55,8,1242,1,10,VAUXHALL AGILA,2,E01001014,0,-1
2020610032720,2020,610032720,3,9,0,4,4,7,3,0,0,1,0,0,0,0,1,1,2,2,1,22,5,1229,1,13,VAUXHALL AGILA,4,W01001413,0,-1
202006L275144,2020,06L275144,3,9,0,3,3,2,6,0,0,1,0,0,0,0,1,1,6,6,2,50,8,1242,1,10,VAUXHALL AGILA,8,E01004918,0,-1
2020420920627,2020,420920627,4,9,0,18,19,3,7,0,0,0,0,0,0,0,3,1,5,6,1,40,7,1242,1,10,VAUXHALL AGILA,4,E01022024,0,-1
2020160993726,2020,160993726,2,9,0,7,7,7,3,0,0,1,0,0,0,0,3,1,1,1,1,47,8,996,1,11,VAUXHALL AGILA,2,E01028267,0,-1
2020010249151,2020,010249151,1,9,0,99,99,9,9,99,99,9,9,99,9,99,1,9,6,6,2,35,6,1242,1,10,VAUXHALL AGILA,2,E01003256,0,-1
2020460919400,2020,460919400,2,9,0,2,2,4,8,0,0,1,0,0,0,0,2,1,5,6,2,48,8,996,1,8,VAUXHALL AGILA,6,E01024700,0,-1
2020200994440,2020,200994440,2,9,0,18,19,7,3,0,0,1,0,0,0,0,3,1,6,6,1,52,8,1229,1,15,VAUXHALL AGILA,1,E01009485,0,-1
2020040945884,2020,040945884,1,9,0,18,19,3,7,0,0,2,0,0,7,4,3,1,5,6,1,59,9,1199,1,17,VAUXHALL AGILA,8,W01000155,0,-1
2020470984650,2020,470984650,1,9,0,18,19,4,8,0,0,0,0,0,1,4,1,1,6,6,1,35,6,1242,1,10,VAUXHALL AGILA,2,E01009075,0,-1
202031B159420,2020,31B159420,1,9,0,18,19,1,5,0,0,8,0,0,0,0,1,1,6,6,1,64,9,973,1,19,VAUXHALL AGILA,1,E01007791,0,-1
2020230974490,2020,230974490,2,9,0,18,19,8,4,0,0,0,2,0,1,11,3,1,5,6,1,39,7,1242,1,10,VAUXHALL AGILA,10,E01016532,0,-1
2020440285820,2020,440285820,1,9,0,9,9,1,7,0,0,8,0,0,0,0,3,1,2,2,2,54,8,1199,1,17,VAUXHALL AGILA,7,E01022724,0,-1
2020040984560,2020,040984560,1,9,0,18,19,6,2,0,0,1,1,0,0,0,1,1,5,6,2,70,10,996,1,10,VAUXHALL AGILA,9,E01024901,0,-1
2020040937179,2020,040937179,1,9,0,18,19,5,1,0,0,1,0,0,0,0,4,1,2,2,1,60,9,1242,1,11,VAUXHALL AGILA,3,E01024931,0,-1
2020200952611,2020,200952611,2,9,0,18,19,4,8,0,0,8,0,0,0,0,1,1,6,6,2,40,7,1242,1,12,VAUXHALL AGILA,4,E01009276,0,-1
2020420940283,2020,420940283,2,9,0,10,10,4,6,0,0,2,0,0,0,0,2,1,5,6,2,44,7,1242,1,12,VAUXHALL AGILA,6,E01024266,0,-1
20201372I0872,2020,1372I0872,1,9,0,18,19,1,3,9,9,0,0,10,7,2,1,1,6,6,1,55,8,1242,1,5,VAUXHALL AGILA,2,E01032487,0,-1
2020470922758,2020,470922758,1,9,0,16,19,4,3,0,0,0,1,10,0,0,4,1,5,6,1,39,7,1229,1,13,VAUXHALL AGILA,7,E01016979,0,-1
2020552000358,2020,552000358,2,9,0,18,19,3,1,0,0,6,0,0,0,0,2,1,6,6,1,52,8,998,1,17,VAUXHALL AGILA,4,E01020551,0,-1
2020460978505,2020,460978505,1,9,0,18,19,7,3,0,0,0,0,0,0,0,1,1,6,6,1,34,6,1199,1,18,VAUXHALL AGILA,4,E01024284,0,-1
2020520003868,2020,520003868,2,9,0,7,7,1,3,0,0,6,0,0,0,0,1,1,6,6,1,80,11,1242,1,6,VAUXHALL AGILA,4,E01029309,0,-1
2020200966022,2020,200966022,1,9,0,18,19,1,2,0,0,0,0,0,0,0,1,1,6,6,1,65,9,1242,1,10,VAUXHALL AGILA,9,E01028865,0,-1
2020302000052,2020,302000052,1,9,0,18,19,4,8,0,0,8,0,0,0,0,3,1,6,6,2,63,9,996,1,6,VAUXHALL AGILA,7,E01013529,0,-1
2020010260805,2020,010260805,1,9,0,9,9,1,7,0,0,8,0,0,0,0,1,1,6,6,2,59,9,1242,1,9,VAUXHALL AGILA,6,E01001496,0,-1
2020461002585,2020,461002585,1,9,0,14,14,4,8,0,0,1,0,0,0,0,4,1,5,6,2,72,10,1242,1,7,VAUXHALL AGILA,2,E01024505,0,-1
202006F169868,2020,06F169868,2,9,0,4,4,5,1,0,0,4,0,0,0,0,2,1,6,6,2,60,9,1242,1,12,VAUXHALL AGILA,-1,-1,0,-1
2020010244862,2020,010244862,1,9,0,7,7,5,7,0,0,1,0,0,0,0,4,1,6,6,3,-1,-1,-1,-1,-1,-1,-1,-1,0,-1
2020610014220,2020,610014220,2,1,0,18,19,7,3,0,0,0,0,0,0,0,1,1,6,6,1,12,3,-1,-1,-1,-1,6,W01001372,0,-1
202031A130920,2020,31A130920,2,9,0,7,7,5,7,0,0,5,0,0,0,0,0,1,6,6,3,-1,-1,-1,-1,-1,-1,-1,-1,0,-1
2020200960939,2020,200960939,2,1,0,17,19,7,3,0,0,8,0,0,0,0,1,1,6,6,1,25,5,-1,-1,-1,-1,10,E01010190,0,-1
2020461008717,2020,461008717,2,1,0,18,19,7,3,0,0,0,0,0,0,0,2,1,6,6,1,32,6,-1,-1,-1,-1,3,E01024241,0,-1
2020360984572,2020,360984572,3,9,0,2,2,0,0,0,0,0,0,0,0,0,2,1,6,6,3,-1,-1,-1,-1,-1,-1,-1,-1,0,-1
2020200933535,2020,200933535,2,1,0,18,19,6,2,0,0,8,5,0,0,0,3,1,6,6,1,36,7,-1,-1,-1,-1,1,E01009153,0,-1
2020010251732,2020,010251732,2,23,0,18,19,1,5,0,0,8,0,0,0,0,4,1,2,2,1,22,5,-1,-1,-1,-1,2,E01003984,0,-1
2020332001177,2020,332001177,1,9,0,18,19,6,2,0,0,0,0,0,0,0,0,1,6,6,2,29,6,-1,-1,-1,-1,-1,-1,0,-1
2020010238867,2020,010238867,1,1,0,18,19,1,5,0,0,2,0,0,0,0,1,1,2,2,1,23,5,-1,-1,-1,-1,2,E01000905,0,-1
2020451002785,2020,451002785,1,1,0,5,5,1,5,0,0,8,0,0,0,0,4,1,4,7,1,17,4,-1,-1,-1,-1,7,E01030647,0,-1
2020200989373,2020,200989373,2,9,0,18,19,6,2,0,0,1,1,10,7,0,1,1,6,6,3,-1,-1,-1,-1,-1,-1,-1,-1,0,-1
2020410967295,2020,410967295,2,9,0,3,3,5,1,0,0,3,2,0,0,0,3,1,5,6,1,36,7,-1,-1,-1,-1,8,E01023708,0,-1
2020450966290,2020,450966290,4,9,0,2,2,0,0,0,0,0,0,0,0,0,3,1,6,6,3,-1,-1,-1,-1,-1,-1,-1,-1,0,-1
2020010286871,2020,010286871,2,9,0,99,99,9,9,99,99,9,9,99,9,99,9,9,6,6,3,-1,-1,-1,-1,-1,-1,-1,-1,0,-1
202063A076720,2020,63A076720,2,20,0,18,19,2,6,0,0,0,0,4,0,0,3,1,6,6,3,-1,-1,-1,-1,-1,-1,-1,-1,0,-1
2020990991552,2020,990991552,2,1,0,18,19,4,8,0,0,0,0,0,7,0,4,1,2,2,1,38,7,-1,-1,-1,-1,4,-1,0,-1
2020137710443,2020,137710443,2,1,0,18,19,7,3,0,0,8,5,0,0,0,1,1,6,6,1,71,10,-1,-1,-1,-1,5,E01011801,0,-1
2020522003949,2020,522003949,1,9,0,18,19,5,1,0,0,8,5,0,1,0,1,1,6,6,1,72,10,-1,-1,-1,-1,8,E01032349,0,-1
2020010260772,2020,010260772,1,1,9,99,99,9,9,99,99,9,9,99,9,99,2,1,2,2,2,26,6,-1,-1,-1,-1,2,E01003159,0,-1
2020160929439,2020,160929439,2,1,0,7,7,3,6,0,0,8,0,0,0,0,3,1,6,6,1,39,7,-1,-1,-1,-1,6,E01013234,0,-1
2020010258711,2020,010258711,2,1,0,18,19,5,1,0,0,1,0,0,0,0,3,1,6,6,1,29,6,-1,-1,-1,-1,6,E01003843,0,-1
202060Y015639,2020,60Y015639,1,9,0,18,19,1,5,0,0,1,1,0,0,0,1,1,2,2,1,36,7,-1,-1,-1,-1,-1,-1,0,-1
2020450957037,2020,450957037,1,1,0,12,12,6,2,9,9,0,0,0,0,0,1,1,6,6,2,26,6,-1,-1,-1,-1,10,E01030770,0,-1
2020410926111,2020,410926111,3,9,0,3,3,7,3,0,0,0,0,0,0,0,2,1,1,1,1,51,8,-1,-1,-1,-1,8,E01023704,0,-1
2020501009004,2020,501009004,2,1,0,18,19,6,2,0,0,0,0,0,0,0,1,1,5,6,1,69,10,-1,-1,-1,-1,4,E01020275,0,-1
2020052002110,2020,052002110,2,1,0,18,19,1,5,0,0,0,0,0,0,0,1,1,2,2,2,42,7,-1,-1,-1,-1,1,E01006679,0,-1
2020160983956,2020,160983956,2,9,0,5,5,7,3,0,0,6,0,0,0,0,1,1,6,6,3,-1,-1,-1,-1,-1,-1,-1,-1,0,-1
2020552000430,2020,552000430,2,1,0,18,19,2,6,0,0,1,0,0,0,0,3,1,1,1,1,52,8,-1,-1,-1,-1,9,E01015388,0,-1
2020540204819,2020,540204819,2,19,0,3,3,7,3,0,0,0,0,0,0,0,2,1,6,6,1,57,9,-1,-1,-1,-1,2,E01032118,0,-1
2020420939248,2020,420939248,2,9,0,3,3,4,8,0,0,1,0,0,0,0,2,1,5,6,1,55,8,-1,-1,-1,-1,7,E01021571,0,-1
2020010266181,2020,010266181,2,1,0,18,19,1,5,0,0,0,0,0,0,0,1,1,6,6,1,48,8,-1,-1,-1,-1,1,E01001425,0,-1
2020990979818,2020,990979818,1,9,0,7,7,7,4,0,0,8,0,0,0,0,1,1,6,6,1,30,6,-1,-1,-1,-1,-1,-1,0,-1
2020410988132,2020,410988132,2,1,0,7,7,3,7,0,0,1,0,0,0,0,1,1,5,6,1,40,7,-1,-1,-1,-1,10,E01023655,0,-1
2020100985768,2020,100985768,1,9,0,18,19,1,5,0,0,0,0,0,0,0,4,1,6,6,3,-1,-1,-1,-1,-1,-1,-1,-1,0,-1
2020110972026,2020,110972026,2,1,0,18,19,5,1,0,0,0,0,0,0,0,1,1,6,6,1,31,6,-1,-1,-1,-1,1,E01012349,0,-1
2020010263793,2020,010263793,2,3,0,99,99,9,9,99,99,9,9,99,9,99,1,1,6,6,3,-1,-1,-1,-1,-1,-1,-1,-1,0,-1
2020990938909,2020,990938909,1,9,0,18,19,5,1,0,0,0,0,0,0,0,1,1,1,1,1,34,6,-1,-1,-1,-1,3,-1,0,-1
2020430419511,2020,430419511,1,9,0,18,19,1,5,0,0,0,0,0,0,0,1,1,6,6,1,18,4,-1,-1,-1,-1,10,E01028763,0,-1
2020010244780,2020,010244780,2,1,0,18,19,7,3,0,0,0,0,0,0,0,3,1,1,1,1,29,6,-1,-1,-1,-1,1,E01004309,0,-1
2020010269940,2020,010269940,1,1,9,99,99,9,9,99,99,9,9,99,9,99,9,1,2,2,1,46,8,-1,-1,-1,-1,6,E01001590,0,-1
2020332001006,2020,332001006,1,9,0,3,3,5,1,0,0,0,0,0,0,0,0,1,6,6,1,50,8,-1,-1,-1,-1,6,E01025704,0,-1
2020440002936,2020,440002936,2,19,0,9,9,3,1,0,0,8,0,0,0,0,2,1,6,6,1,65,9,-1,-1,-1,-1,10,E01022590,0,-1
2020460974992,2020,460974992,2,1,0,16,19,4,8,0,0,3,0,0,0,0,2,1,1,1,1,22,5,-1,-1,-1,-1,3,E01024047,0,-1
2020460997599,2020,460997599,2,9,0,18,19,1,5,0,0,8,0,0,0,0,1,1,6,6,1,22,5,-1,-1,-1,-1,7,E01024538,0,-1
2020040921207,2020,040921207,1,9,0,18,19,5,2,0,0,1,0,0,0,0,1,1,6,6,3,-1,-1,-1,-1,-1,-1,-1,-1,0,-1
2020122000927,2020,122000927,2,1,0,18,19,5,1,0,0,0,0,0,0,0,2,1,2,2,1,61,9,-1,-1,-1,-1,6,E01027883,0,-1
2020040954371,2020,040954371,2,9,0,18,19,3,7,0,0,0,0,0,0,0,3,1,6,6,3,-1,-1,-1,-1,-1,-1,-1,-1,0,-1
2020100979147,2020,100979147,2,1,0,-1,-1,1,5,0,0,5,0,0,0,0,1,1,6,6,1,12,3,-1,-1,-1,-1,-1,-1,0,-1
2020500934516,2020,500934516,1,9,0,18,19,3,7,0,0,2,1,0,1,10,1,1,1,1,2,55,8,-1,-1,-1,-1,5,E01019924,0,-1
2020100926899,2020,100926899,1,9,0,18,19,3,7,0,0,1,0,0,0,0,1,1,6,6,3,-1,-1,-1,-1,-1,-1,-1,-1,0,-1
2020622000895,2020,622000895,1,4,0,18,19,4,8,0,0,0,1,0,0,0,1,1,6,6,1,39,7,-1,-1,-1,-1,3,W01001177,0,-1
2020460985533,2020,460985533,1,9,0,14,14,5,1,0,0,0,0,0,0,0,4,1,1,1,1,35,6,-1,-1,-1,-1,5,E01024134,0,-1
2020460953670,2020,460953670,2,9,0,17,19,8,4,0,0,0,0,0,0,0,3,1,1,1,1,41,7,-1,-1,-1,-1,1,E01016069,0,-1
2020070759817,2020,070759817,1,9,0,9,9,6,3,0,0,6,0,0,0,0,3,1,6,6,2,-1,-1,-1,-1,-1,-1,-1,-1,0,-1
2020350926107,2020,350926107,3,9,0,7,7,2,4,0,0,6,0,0,0,0,0,1,6,6,3,-1,-1,-1,-1,-1,-1,-1,-1,0,-1
202031C073020,2020,31C073020,1,1,0,13,13,2,6,0,0,1,0,0,0,0,4,1,6,6,1,31,6,-1,-1,-1,-1,2,E01013933,0,-1
2020460926750,2020,460926750,1,9,0,4,4,7,3,0,0,0,0,0,7,0,3,1,1,1,1,-1,-1,-1,-1,-1,-1,5,E01024138,0,-1
2020052001379,2020,052001379,1,9,0,1,1,2,6,0,0,0,0,0,0,0,2,1,6,6,3,-1,-1,-1,-1,-1,-1,-1,-1,0,-1
2020010245642,2020,010245642,1,9,0,18,19,7,3,0,0,1,0,0,7,0,1,1,6,6,3,-1,-1,-1,-1,-1,-1,-1,-1,0,-1
2020332001184,2020,332001184,1,9,0,18,19,5,1,0,0,0,0,0,0,0,0,1,6,6,1,52,8,-1,-1,-1,-1,-1,-1,0,-1
202006M272595,2020,06M272595,2,17,0,18,19,8,4,0,0,0,0,0,0,0,1,1,6,6,1,30,6,-1,-1,-1,-1,-1,-1,0,-1
2020010275005,2020,010275005,1,9,9,99,99,9,9,0,0,0,9,99,9,99,2,9,6,6,2,-1,-1,-1,-1,-1,-1,-1,-1,0,-1
202006K372046,2020,06K372046,1,19,0,13,13,3,7,0,0,8,0,0,0,0,4,1,6,6,3,-1,-1,-1,-1,-1,-1,-1,-1,0,-1
202006A271379,2020,06A271379,2,9,0,18,19,7,3,0,0,0,0,0,0,0,1,1,6,6,3,-1,-1,-1,-1,-1,-1,-1,-1,0,-1
2020010275472,2020,010275472,2,1,0,5,5,1,5,2,2,8,0,0,0,0,2,1,1,1,1,17,4,-1,-1,-1,-1,2,E01002784,0,-1
2020140989776,2020,140989776,3,9,0,2,2,0,0,0,0,0,0,0,0,0,4,1,6,6,3,-1,-1,-1,-1,-1,-1,-1,-1,0,-1
2020040947427,2020,040947427,2,1,0,18,19,7,1,0,0,1,0,0,0,0,4,1,5,6,1,48,8,-1,-1,-1,-1,1,E01012743,0,-1
2020010255220,2020,010255220,1,1,9,99,99,9,9,99,99,9,9,99,9,99,1,-1,6,6,2,50,8,-1,-1,-1,-1,2,E01001833,0,-1
2020350967723,2020,350967723,1,9,0,4,4,5,1,0,0,0,0,0,0,0,1,1,6,6,1,-1,-1,-1,-1,-1,-1,-1,-1,0,-1
2020010246126,2020,010246126,1,1,9,99,99,9,9,99,99,9,9,99,9,99,9,1,6,6,1,29,6,-1,-1,-1,-1,3,E01003185,0,-1
2020501007952,2020,501007952,1,1,0,18,19,8,4,0,0,0,5,0,0,0,1,1,6,6,1,15,3,-1,-1,-1,-1,4,E01020328,0,-1
2020052000808,2020,052000808,2,1,0,18,19,4,8,0,0,1,0,0,0,0,3,1,6,6,1,49,8,-1,-1,-1,-1,6,E01006499,0,-1
2020520005143,2020,520005143,1,9,0,4,4,6,2,0,0,1,0,0,0,0,2,1,6,6,1,37,7,-1,-1,-1,-1,5,E01032629,0,-1
2020010258005,2020,010258005,2,1,0,18,19,3,7,0,0,1,0,0,0,0,1,1,6,6,1,22,5,-1,-1,-1,-1,2,E01003302,0,-1
202031C153820,2020,31C153820,1,19,4,6,6,3,3,0,0,8,0,0,0,0,2,1,2,2,1,64,9,-1,-1,-1,-1,3,E01033397,0,-1
2020010271448,2020,010271448,2,11,9,99,99,9,9,99,99,9,9,99,9,99,9,9,6,6,3,-1,-1,-1,-1,-1,-1,-1,-1,0,-1
202006J270855,2020,06J270855,1,9,0,7,7,4,6,0,0,5,0,0,1,0,2,1,1,1,1,59,9,-1,-1,-1,-1,6,E01029801,0,-1
2020460969547,2020,460969547,1,8,0,18,19,1,5,0,0,0,0,0,0,0,1,1,6,6,1,-1,-1,-1,-1,-1,-1,-1,-1,0,-1
2020230951839,2020,230951839,2,1,0,18,19,8,4,0,0,0,0,0,0,0,3,1,5,6,2,35,6,-1,-1,-1,-1,-1,-1,0,-1
2020010286091,2020,010286091,1,9,0,99,99,9,9,0,0,1,0,0,0,0,1,1,6,6,3,-1,-1,-1,-1,-1,-1,-1,-1,0,-1
2020546192420,2020,546192420,1,1,0,16,19,7,3,0,0,0,0,0,0,0,1,1,6,6,1,17,4,-1,-1,-1,-1,3,E01031911,0,-1
2020010270771,2020,010270771,2,9,9,99,99,9,9,99,99,9,9,99,9,99,1,9,6,6,3,-1,-1,-1,-1,-1,-1,-1,-1,0,-1
2020040974795,2020,040974795,3,98,0,2,2,0,0,9,9,8,0,0,0,0,2,1,6,6,3,-1,-1,-1,-1,-1,-1,-1,-1,0,-1
2020430282151,2020,430282151,1,9,0,18,19,6,2,0,0,6,0,0,0,0,3,1,6,6,1,-1,-1,-1,-1,-1,-1,-1,-1,0,-1
2020332000995,2020,332000995,1,9,0,18,19,2,6,0,0,8,0,0,0,0,1,1,6,6,1,22,5,-1,-1,-1,-1,9,E01025816,0,-1
2020500929929,2020,500929929,1,19,0,11,11,7,3,0,0,0,0,0,0,0,4,1,6,6,3,-1,-1,-1,-1,-1,-1,-1,-1,0,-1
2020010238285,2020,010238285,2,1,0,18,19,7,3,9,9,2,0,0,0,0,3,1,2,2,2,36,7,-1,-1,-1,-1,6,E01002353,0,-1