collision_index,collision_year,collision_ref_no,vehicle_reference,vehicle_type,towing_and_articulation,vehicle_manoeuvre_historic,vehicle_manoeuvre,vehicle_direction_from,vehicle_direction_to,vehicle_location_restricted_lane_historic,vehicle_location_restricted_lane,junction_location,skidding_and_overturning,hit_object_in_carriageway,vehicle_leaving_carriageway,hit_object_off_carriageway,first_point_of_impact,vehicle_left_hand_drive,journey_purpose_of_driver_historic,journey_purpose_of_driver,sex_of_driver,age_of_driver,age_band_of_driver,engine_capacity_cc,propulsion_code,age_of_vehicle,generic_make_model,driver_imd_decile,lsoa_of_driver,escooter_flag,driver_distance_banding
202031C089420,2020,31C089420,2,1,0,18,19,6,2,0,0,1,0,0,0,0,3,1,6,6,1,24,5,-1,-1,-1,-1,2,E01013814,0,-1
2020052001652,2020,052001652,2,1,0,18,19,2,6,0,0,0,0,0,0,0,3,1,6,6,1,80,11,-1,-1,-1,-1,1,E01006779,0,-1
2020460998136,2020,460998136,2,21,1,18,19,3,7,0,0,0,0,0,0,0,3,1,1,1,1,53,8,-1,-1,-1,-1,-1,-1,0,-1
2020340S03452,2020,340S03452,1,9,0,18,19,3,7,0,0,0,0,0,0,0,1,1,6,6,2,49,8,-1,-1,-1,-1,1,E01027231,0,-1
2020360944727,2020,360944727,2,1,0,18,19,3,7,0,0,1,0,0,0,0,1,1,5,6,1,12,3,-1,-1,-1,-1,10,E01026907,0,-1
2020361015714,2020,361015714,2,98,0,18,19,3,7,-1,-1,0,0,0,0,0,1,1,6,6,1,-1,-1,-1,-1,-1,-1,-1,-1,0,-1
2020010262169,2020,010262169,2,1,0,18,19,3,7,2,2,0,5,10,0,0,2,1,6,6,1,38,7,-1,-1,-1,-1,2,E01003604,0,-1
2020430134268,2020,430134268,1,9,0,12,12,3,7,0,0,1,0,0,0,0,0,1,1,1,1,44,7,-1,-1,-1,-1,5,E01016841,0,-1
2020010266766,2020,010266766,1,9,9,99,99,9,9,99,99,1,9,99,9,99,9,1,6,6,3,-1,-1,-1,-1,-1,-1,-1,-1,0,-1
2020400981803,2020,400981803,2,9,0,2,2,0,0,0,0,8,0,0,0,0,2,1,6,6,3,-1,-1,-1,-1,-1,-1,-1,-1,0,-1
2020520004521,2020,520004521,2,9,0,7,7,4,6,0,0,2,0,0,0,0,1,1,6,6,3,30,6,-1,-1,-1,-1,-1,-1,0,-1
2020010267723,2020,010267723,1,9,0,99,99,9,9,0,0,8,0,0,0,0,4,9,6,6,3,-1,-1,-1,-1,-1,-1,-1,-1,0,-1
2020052002197,2020,052002197,1,1,0,18,19,1,5,0,0,1,0,0,0,0,1,1,2,2,1,29,6,-1,-1,-1,-1,1,E01007274,0,-1
2020052002085,2020,052002085,2,9,0,12,12,9,9,0,0,8,0,0,0,0,0,1,6,6,3,-1,-1,-1,-1,-1,-1,-1,-1,0,-1
2020200946368,2020,200946368,2,9,0,3,3,4,8,0,0,0,0,0,0,0,4,1,6,6,2,62,9,-1,-1,-1,-1,2,E01009091,0,-1
2020010245594,2020,010245594,2,1,0,18,19,7,3,0,0,2,0,0,0,0,2,-1,6,6,2,51,8,-1,-1,-1,-1,3,E01004709,0,-1
2020340N07492,2020,340N07492,1,-1,0,18,19,5,1,0,0,4,0,0,0,0,1,1,6,6,1,19,4,-1,-1,-1,-1,9,E01027218,1,-1
2020100969202,2020,100969202,2,1,0,18,19,7,3,0,0,0,0,0,0,0,3,1,5,6,1,58,9,-1,-1,-1,-1,9,E01027449,0,-1
2020350919671,2020,350919671,2,1,0,18,19,5,1,9,9,0,0,0,0,0,1,1,6,6,2,49,8,-1,-1,-1,-1,7,E01023636,0,-1
2020030961448,2020,030961448,2,98,0,18,19,5,5,0,0,0,0,0,0,0,2,1,1,1,1,55,8,-1,-1,-1,-1,-1,-1,0,-1
2020010262095,2020,010262095,2,1,0,14,14,5,1,0,0,0,0,0,0,0,3,1,6,6,1,26,6,-1,-1,-1,-1,5,E01001998,0,-1
2020200989444,2020,200989444,2,1,0,18,19,6,2,0,0,0,0,0,0,0,3,1,4,7,1,15,3,-1,-1,-1,-1,5,E01009973,0,-1
2020450978303,2020,450978303,2,1,0,18,19,1,5,0,0,0,0,0,0,0,1,1,6,6,1,61,9,-1,-1,-1,-1,8,E01030479,0,-1
2020622001114,2020,622001114,2,1,0,18,19,8,4,0,0,0,0,0,0,0,2,1,6,6,1,51,8,-1,-1,-1,-1,9,W01000998,0,-1
2020010287111,2020,010287111,1,1,9,99,99,9,9,99,99,9,9,99,9,99,9,1,6,6,2,36,7,-1,-1,-1,-1,2,E01003159,0,-1
2020010265602,2020,010265602,2,1,0,18,19,7,3,0,0,0,0,0,0,0,1,1,6,6,2,30,6,-1,-1,-1,-1,3,E01004676,0,-1
2020460973252,2020,460973252,1,9,0,18,19,4,8,0,0,2,0,7,0,0,1,1,5,6,3,-1,-1,-1,-1,-1,-1,-1,-1,0,-1
2020410952111,2020,410952111,1,9,0,9,9,2,6,0,0,2,0,0,0,0,1,1,5,6,2,63,9,-1,-1,-1,-1,10,E01023673,0,-1
2020201000001,2020,201000001,2,9,0,2,2,6,2,0,0,0,0,0,0,0,1,1,6,6,1,-1,-1,-1,-1,-1,-1,-1,-1,0,-1
2020320561035,2020,320561035,1,9,0,18,19,3,5,0,0,3,0,0,0,0,1,1,6,6,3,40,7,-1,-1,-1,-1,-1,-1,0,-1
2020340W00972,2020,340W00972,1,9,0,9,9,1,5,0,0,8,0,0,0,0,1,1,6,6,2,29,6,-1,-1,-1,-1,4,E01027315,0,-1
2020430047693,2020,430047693,2,3,0,14,14,3,7,0,0,8,0,0,0,0,3,1,6,6,1,35,6,-1,-1,-1,-1,4,E01016484,0,-1
2020450938325,2020,450938325,2,1,0,18,19,1,5,0,0,0,0,0,0,0,1,1,6,6,1,40,7,-1,-1,-1,-1,8,E01030313,0,-1
2020450977888,2020,450977888,1,9,0,18,19,1,6,0,0,0,0,0,0,0,4,1,6,6,2,57,9,-1,-1,-1,-1,5,E01030579,0,-1
2020500947543,2020,500947543,1,1,0,18,19,5,1,0,0,0,5,0,2,10,4,1,5,6,1,71,10,-1,-1,-1,-1,4,E01020309,0,-1
2020470997748,2020,470997748,2,1,0,13,13,4,8,0,0,2,0,0,0,0,1,1,5,6,1,54,8,-1,-1,-1,-1,5,E01031481,0,-1
2020010254207,2020,010254207,2,9,9,99,99,9,9,99,99,9,9,99,9,99,9,9,6,6,3,-1,-1,-1,-1,-1,-1,-1,-1,0,-1
2020460976022,2020,460976022,4,9,0,2,2,0,0,0,0,0,0,0,0,0,2,1,6,6,3,-1,-1,-1,-1,-1,-1,-1,-1,0,-1
2020430313300,2020,430313300,3,9,0,18,19,3,7,0,0,0,0,0,0,0,3,1,1,1,1,66,10,-1,-1,-1,-1,2,E01016438,0,-1
2020450930670,2020,450930670,1,9,0,18,19,1,1,9,9,0,0,0,0,0,1,1,6,6,3,30,6,-1,-1,-1,-1,-1,-1,0,-1
2020430273921,2020,430273921,4,9,0,18,19,7,3,0,0,0,0,0,0,0,1,1,6,6,3,-1,-1,-1,-1,-1,-1,-1,-1,0,-1
2020332000845,2020,332000845,2,1,0,18,19,2,6,0,0,8,0,0,0,0,2,1,6,6,1,59,9,-1,-1,-1,-1,10,E01025845,0,-1
2020470967616,2020,470967616,2,9,0,2,2,0,0,0,0,0,0,0,0,0,3,1,6,6,3,-1,-1,-1,-1,-1,-1,-1,-1,0,-1
2020461002175,2020,461002175,2,21,0,18,19,7,3,0,0,0,0,0,0,0,1,1,2,2,1,30,6,-1,-1,-1,-1,-1,-1,0,-1
2020450967704,2020,450967704,2,90,0,18,19,3,7,0,0,1,5,0,0,0,0,1,6,6,1,19,4,-1,-1,-1,-1,5,E01030981,0,-1
2020201020612,2020,201020612,2,9,0,3,3,8,4,0,0,1,0,0,0,0,2,1,2,2,2,21,5,-1,-1,-1,-1,1,E01009640,0,-1
2020010267116,2020,010267116,1,1,9,99,99,9,9,99,99,9,9,99,9,99,9,1,6,6,1,47,8,-1,-1,-1,-1,6,E01001451,0,-1
2020460935631,2020,460935631,1,17,0,4,4,6,2,0,0,0,0,0,0,0,1,1,1,1,1,50,8,-1,-1,-1,-1,1,W01000198,0,-1
2020010289180,2020,010289180,2,-1,9,99,99,9,9,99,99,9,9,99,9,99,9,1,6,6,3,-1,-1,-1,-1,-1,-1,-1,-1,1,-1
2020160990641,2020,160990641,2,9,0,2,2,0,0,0,0,2,0,0,0,0,2,1,6,6,3,-1,-1,-1,-1,-1,-1,-1,-1,0,-1
2020010279123,2020,010279123,1,2,0,3,3,8,4,0,0,0,0,0,0,0,1,1,6,6,1,54,8,-1,-1,-1,-1,2,E01004719,0,-1
2020010276820,2020,010276820,2,9,0,99,99,9,9,99,99,9,9,99,9,99,1,9,6,6,1,44,7,-1,-1,-1,-1,4,E01003766,0,-1
2020350988120,2020,350988120,2,1,0,18,19,3,7,4,4,1,0,0,0,0,1,1,2,2,1,55,8,-1,-1,-1,-1,10,E01018222,0,-1
2020350960712,2020,350960712,1,9,0,18,19,3,7,0,0,0,0,0,0,0,3,1,6,6,1,30,6,-1,-1,-1,-1,-1,-1,0,-1
2020200936453,2020,200936453,1,11,0,18,19,4,8,0,0,0,0,0,0,0,4,1,1,1,3,-1,-1,-1,-1,-1,-1,-1,-1,0,-1
2020010284793,2020,010284793,1,1,0,18,19,4,8,0,0,1,0,0,0,0,1,1,6,6,1,20,4,-1,-1,-1,-1,3,E01003708,0,-1
2020451002785,2020,451002785,2,9,0,5,5,3,7,0,0,1,0,0,0,0,1,1,6,6,2,40,7,-1,-1,-1,-1,-1,-1,0,-1
2020990992698,2020,990992698,2,1,0,18,19,1,4,0,0,0,0,0,0,0,3,1,6,6,1,22,5,-1,-1,-1,-1,10,-1,0,-1
2020010285969,2020,010285969,1,1,9,99,99,9,9,99,99,1,9,99,9,99,1,1,6,6,1,24,5,-1,-1,-1,-1,3,E01004012,0,-1
2020410971258,2020,410971258,1,9,0,13,13,5,1,0,0,0,0,0,0,0,2,1,6,6,3,-1,-1,-1,-1,-1,-1,-1,-1,0,-1
2020340C00982,2020,340C00982,1,19,0,7,7,5,1,0,0,3,0,0,0,0,1,1,1,1,1,71,10,-1,-1,-1,-1,2,E01032161,0,-1
2020302000834,2020,302000834,1,21,1,1,1,2,6,0,0,0,0,0,0,0,2,2,1,1,1,28,6,-1,-1,-1,-1,-1,-1,0,-1
2020610012320,2020,610012320,2,1,0,18,19,4,2,0,0,1,1,0,0,0,4,1,6,6,1,29,6,-1,-1,-1,-1,-1,-1,0,-1
2020010275828,2020,010275828,2,1,0,4,4,1,5,0,0,0,0,0,0,0,3,1,1,1,1,34,6,-1,-1,-1,-1,1,E01004285,0,-1
2020430134547,2020,430134547,2,1,0,18,19,4,6,5,5,8,0,0,0,0,3,1,2,2,2,40,7,-1,-1,-1,-1,9,E01028591,0,-1
2020160966259,2020,160966259,2,1,0,18,19,7,3,0,0,0,0,0,1,0,0,1,5,6,1,49,8,-1,-1,-1,-1,4,E01012828,0,-1
2020350987514,2020,350987514,1,9,-1,18,19,2,6,9,9,0,0,0,1,0,1,1,6,6,3,-1,-1,-1,-1,-1,-1,-1,-1,0,-1
2020500949501,2020,500949501,2,1,0,18,19,1,5,0,0,0,0,0,0,0,2,1,5,6,1,59,9,-1,-1,-1,-1,1,E01015182,0,-1
2020350976451,2020,350976451,2,9,0,18,19,1,5,0,0,1,0,0,0,0,3,1,6,6,1,41,7,-1,-1,-1,-1,5,E01018102,0,-1
2020140937314,2020,140937314,1,22,0,18,19,3,6,9,9,0,0,0,0,0,1,1,6,6,1,70,10,-1,-1,-1,-1,1,E01007496,0,-1
2020211013640,2020,211013640,1,9,0,18,19,1,5,0,0,0,0,0,0,0,1,1,1,1,1,72,10,-1,-1,-1,-1,8,E01028096,0,-1
2020470972009,2020,470972009,3,9,0,2,2,0,0,0,0,1,0,0,0,0,3,1,6,6,3,-1,-1,-1,-1,-1,-1,-1,-1,0,-1
2020451007502,2020,451007502,1,9,0,18,19,5,1,0,0,0,0,11,0,0,4,1,1,1,1,32,6,-1,-1,-1,-1,4,E01031546,0,-1
2020370941021,2020,370941021,2,1,0,18,19,7,3,0,0,0,0,8,0,0,1,1,2,2,1,32,6,-1,-1,-1,-1,6,E01030005,0,-1
2020430042977,2020,430042977,1,3,0,15,15,4,8,0,0,8,0,0,0,0,1,1,6,6,1,22,5,-1,-1,-1,-1,8,E01016418,0,-1
2020400951682,2020,400951682,3,9,0,2,2,0,0,9,9,0,0,0,0,0,1,1,6,6,3,-1,-1,-1,-1,-1,-1,-1,-1,0,-1
2020545651220,2020,545651220,2,1,0,18,19,3,6,0,0,8,0,0,0,0,1,1,6,6,2,28,6,-1,-1,-1,-1,8,E01015552,0,-1
2020200979907,2020,200979907,2,1,0,18,19,-1,-1,0,0,0,0,0,0,0,2,1,6,6,1,17,4,-1,-1,-1,-1,1,E01010141,0,-1
2020137280692,2020,137280692,2,1,0,14,14,6,4,0,0,1,0,0,0,0,1,1,6,6,1,47,8,-1,-1,-1,-1,6,E01010689,0,-1
2020201000684,2020,201000684,1,9,0,18,19,8,4,0,0,1,1,0,0,0,0,1,6,6,1,54,8,-1,-1,-1,-1,1,E01010064,0,-1
2020450990270,2020,450990270,1,1,0,4,4,5,1,0,0,8,0,0,0,0,1,1,2,2,2,24,5,-1,-1,-1,-1,10,E01030307,0,-1
2020460991058,2020,460991058,2,9,0,18,19,8,2,0,0,0,0,0,0,0,2,1,1,1,1,30,6,-1,-1,-1,-1,8,E01031655,0,-1
2020010276738,2020,010276738,2,-1,0,17,19,1,5,0,0,6,0,0,0,0,1,1,6,6,1,18,4,-1,-1,-1,-1,3,E01000961,1,-1
20201377U1147,2020,1377U1147,2,1,0,18,19,2,6,0,0,0,0,0,0,0,3,1,6,6,1,14,3,-1,-1,-1,-1,1,E01010838,0,-1
2020420938167,2020,420938167,1,9,0,18,19,5,1,0,0,0,0,0,0,0,4,1,6,6,2,-1,-1,-1,-1,-1,-1,-1,-1,0,-1
202060Y115937,2020,60Y115937,1,9,0,13,13,1,5,0,0,0,0,0,0,0,0,1,6,6,1,54,8,-1,-1,-1,-1,-1,-1,0,-1
2020430297605,2020,430297605,2,3,0,18,19,7,3,0,0,8,0,0,0,0,1,1,1,1,1,35,6,-1,-1,-1,-1,8,E01028742,0,-1
2020010249746,2020,010249746,2,-1,0,18,19,1,5,0,0,0,0,4,0,0,1,1,6,6,1,21,5,-1,-1,-1,-1,1,E01004298,1,-1
202006A376935,2020,06A376935,2,19,0,18,19,1,5,0,0,8,0,0,0,0,1,1,6,6,3,-1,-1,-1,-1,-1,-1,-1,-1,0,-1
2020370929090,2020,370929090,1,9,0,18,19,6,2,0,0,2,0,0,0,0,4,1,6,6,3,-1,-1,-1,-1,-1,-1,-1,-1,0,-1
2020990982382,2020,990982382,1,9,0,13,13,1,5,0,0,0,5,0,0,0,3,1,5,6,2,58,9,-1,-1,-1,-1,9,E01032413,0,-1
2020332000723,2020,332000723,2,9,0,9,9,7,5,0,0,6,0,0,0,0,4,1,6,6,1,54,8,-1,-1,-1,-1,3,E01013713,0,-1
2020140991629,2020,140991629,2,9,0,18,19,8,4,0,0,1,0,0,0,0,1,1,6,6,3,-1,-1,-1,-1,-1,-1,-1,-1,0,-1
2020137A60295,2020,137A60295,1,9,0,18,19,1,6,0,0,0,0,0,0,0,1,1,6,6,3,-1,-1,-1,-1,-1,-1,-1,-1,0,-1
2020450946653,2020,450946653,2,1,0,18,19,1,5,0,0,0,0,0,0,0,2,1,5,6,1,49,8,-1,-1,-1,-1,8,E01030915,0,-1
2020140988299,2020,140988299,2,1,0,18,19,5,1,0,0,8,0,0,0,0,4,1,6,6,1,47,8,-1,-1,-1,-1,5,E01008099,0,-1
2020470952153,2020,470952153,2,1,0,18,19,6,2,0,0,0,0,0,0,0,1,1,6,6,1,58,9,-1,-1,-1,-1,10,E01021157,0,-1
2020041000000,2020,041000000,2,1,0,9,9,5,3,0,0,1,0,0,0,0,1,1,1,1,2,55,8,-1,-1,-1,-1,7,E01025231,0,-1
2020460952724,2020,460952724,1,19,0,13,13,7,3,0,0,1,0,0,0,0,2,1,6,6,1,67,10,-1,-1,-1,-1,7,E01024109,0,-1
2020200933336,2020,200933336,2,9,0,18,19,8,4,0,0,8,0,0,0,0,1,1,6,6,2,24,5,-1,-1,-1,-1,4,E01010457,0,-1
2020010265161,2020,010265161,2,1,0,4,4,7,3,0,0,1,0,0,0,0,0,1,6,6,1,27,6,-1,-1,-1,-1,2,E01003973,0,-1
2020332000934,2020,332000934,1,9,0,9,9,2,4,0,0,6,0,0,0,0,0,1,6,6,2,38,7,-1,-1,-1,-1,1,E01013653,0,-1
2020421007301,2020,421007301,1,9,0,18,19,8,4,0,0,0,0,0,0,0,4,1,6,6,3,-1,-1,-1,-1,-1,-1,-1,-1,0,-1
2020010280340,2020,010280340,1,9,0,18,19,6,2,0,0,0,0,0,0,0,4,1,6,6,3,-1,-1,-1,-1,-1,-1,-1,-1,0,-1
202031B151020,2020,31B151020,1,19,0,16,19,1,4,0,0,8,0,0,0,0,1,1,6,6,1,71,10,-1,-1,-1,-1,6,E01028273,0,-1
2020200945318,2020,200945318,4,9,0,2,2,0,0,0,0,0,0,0,0,0,2,1,6,6,3,-1,-1,-1,-1,-1,-1,-1,-1,0,-1
2020137AD0274,2020,137AD0274,2,1,0,18,19,5,1,0,0,8,0,0,0,0,1,1,6,6,2,45,7,-1,-1,-1,-1,8,E01032945,0,-1
202006K374613,2020,06K374613,1,1,0,9,9,7,5,0,0,1,0,0,0,0,3,1,6,6,1,49,8,-1,-1,-1,-1,8,E01006378,0,-1
2020010253289,2020,010253289,1,9,0,16,19,3,7,0,0,1,0,0,0,0,2,1,6,6,3,-1,-1,-1,-1,-1,-1,-1,-1,0,-1
2020010263762,2020,010263762,1,1,9,99,99,9,9,99,99,9,9,99,9,99,1,1,2,2,1,35,6,-1,-1,-1,-1,5,E01002733,0,-1
2020430296867,2020,430296867,1,5,0,18,19,4,8,0,0,0,1,0,7,4,1,1,2,2,1,38,7,-1,-1,-1,-1,10,E01015564,0,-1
2020360938725,2020,360938725,2,9,0,18,19,6,2,0,0,0,0,0,0,0,1,1,1,1,1,23,5,-1,-1,-1,-1,4,E01026646,0,-1
2020010233102,2020,010233102,1,9,0,18,19,1,5,0,0,9,0,0,0,0,9,1,6,6,1,-1,-1,-1,-1,-1,-1,-1,-1,0,-1
2020200926395,2020,200926395,1,98,0,18,19,-1,-1,0,0,8,0,0,0,0,1,1,6,6,1,-1,-1,-1,-1,-1,-1,3,E01009783,0,-1
2020170M11020,2020,170M11020,2,9,0,18,19,4,8,0,0,1,0,0,0,0,1,1,6,6,2,36,7,-1,-1,-1,-1,4,E01032553,0,-1
2020137971037,2020,137971037,1,9,0,18,19,3,7,0,0,0,0,0,0,0,4,1,6,6,2,-1,-1,-1,-1,-1,-1,-1,-1,0,-1
2020052000636,2020,052000636,2,1,0,18,19,3,7,0,0,1,0,0,0,0,4,1,6,6,1,14,3,-1,-1,-1,-1,2,E01006545,0,-1
202060Y089570,2020,60Y089570,1,9,0,18,19,5,1,0,0,1,0,0,0,0,1,1,6,6,1,29,6,-1,-1,-1,-1,-1,-1,0,-1
202060Y167696,2020,60Y167696,1,9,0,5,5,8,4,0,0,6,0,0,0,0,3,1,6,6,1,35,6,-1,-1,-1,-1,-1,-1,0,-1
2020530967860,2020,530967860,2,9,0,9,9,3,7,0,0,0,0,0,0,0,3,1,6,6,2,34,6,-1,-1,-1,-1,3,E01022124,0,-1
2020360971148,2020,360971148,2,1,0,3,3,8,4,0,0,0,0,0,0,0,1,1,2,2,1,65,9,-1,-1,-1,-1,4,E01026741,0,-1
202060Y101864,2020,60Y101864,1,9,0,7,7,2,4,0,0,6,0,0,0,0,1,1,6,6,1,24,5,-1,-1,-1,-1,-1,-1,0,-1
2020430051362,2020,430051362,1,9,0,18,19,4,8,0,0,8,0,0,0,0,1,1,6,6,1,18,4,-1,-1,-1,-1,7,E01017680,0,-1
2020160965146,2020,160965146,2,1,0,18,19,8,4,9,9,0,0,0,0,0,1,1,6,6,1,6,2,-1,-1,-1,-1,5,E01012800,0,-1
2020430037822,2020,430037822,1,9,0,6,6,5,5,0,0,8,0,0,0,0,4,1,6,6,1,17,4,-1,-1,-1,-1,-1,-1,0,-1
2020030927306,2020,030927306,1,9,0,18,19,1,5,0,0,0,5,0,1,9,1,1,6,6,1,33,6,-1,-1,-1,-1,5,E01019278,0,-1
202006L267229,2020,06L267229,1,9,0,18,19,3,7,0,0,8,0,0,0,0,1,1,6,6,1,20,4,-1,-1,-1,-1,-1,-1,0,-1
2020461000392,2020,461000392,1,9,0,12,12,4,8,0,0,0,0,0,0,0,3,1,1,1,3,-1,-1,-1,-1,-1,-1,-1,-1,0,-1
2020010270656,2020,010270656,2,9,0,99,99,9,9,99,99,0,9,99,9,99,9,9,6,6,3,-1,-1,-1,-1,-1,-1,4,E01001260,0,-1
2020010261469,2020,010261469,1,1,0,15,15,5,1,0,0,8,0,0,0,0,1,1,1,1,1,23,5,-1,-1,-1,-1,-1,-1,0,-1
2020010242653,2020,010242653,1,1,0,18,19,5,1,0,0,0,0,0,0,0,4,1,2,2,1,28,6,-1,-1,-1,-1,4,E01000802,0,-1
2020302000441,2020,302000441,1,1,0,18,19,7,3,0,0,0,0,0,0,0,4,1,6,6,1,-1,-1,-1,-1,-1,-1,5,E01019738,0,-1
2020350982337,2020,350982337,2,1,-1,-1,-1,5,1,-1,-1,0,-1,-1,-1,0,-1,1,5,6,1,21,5,-1,-1,-1,-1,7,E01015659,0,-1
202060Y001810,2020,60Y001810,1,9,0,18,19,6,3,0,0,0,0,0,2,4,1,1,6,6,1,29,6,-1,-1,-1,-1,-1,-1,0,-1
2020040983776,2020,040983776,2,9,0,18,19,3,7,0,0,8,0,0,0,0,4,1,1,1,1,59,9,-1,-1,-1,-1,1,E01025188,0,-1
2020040974757,2020,040974757,2,-1,0,18,19,5,1,0,0,2,0,0,0,0,1,1,6,6,1,53,8,-1,-1,-1,-1,1,E01012673,1,-1
2020210964631,2020,210964631,2,1,-1,-1,-1,-1,-1,-1,-1,-1,-1,-1,-1,0,-1,1,6,6,1,36,7,-1,-1,-1,-1,6,E01029750,0,-1
2020330927031,2020,330927031,1,9,0,1,1,1,4,0,0,0,0,0,0,0,2,1,6,6,1,19,4,-1,-1,-1,-1,10,E01031139,0,-1
2020010282155,2020,010282155,1,97,0,18,19,2,6,0,0,0,0,0,0,0,1,1,6,6,3,-1,-1,-1,-1,-1,-1,-1,-1,0,-1
2020010266613,2020,010266613,1,9,0,4,4,1,5,0,0,1,0,0,0,0,1,1,6,6,1,50,8,-1,-1,-1,-1,-1,-1,0,-1
2020200941212,2020,200941212,2,1,0,18,19,1,6,0,0,8,0,0,0,0,1,1,2,2,2,53,8,-1,-1,-1,-1,9,E01010494,0,-1
2020552001161,2020,552001161,1,1,0,18,19,6,2,0,0,8,0,0,0,0,1,1,6,6,1,22,5,-1,-1,-1,-1,6,E01015331,0,-1
2020040956855,2020,040956855,2,1,0,18,19,7,3,0,0,0,0,0,0,0,1,1,6,6,2,11,3,-1,-1,-1,-1,9,E01025364,0,-1
2020430176322,2020,430176322,1,21,0,14,14,7,3,0,0,0,0,0,0,0,1,1,1,1,1,46,8,-1,-1,-1,-1,2,E01016443,0,-1
2020500946757,2020,500946757,2,98,0,17,19,3,3,0,0,0,1,0,0,0,1,1,1,1,1,51,8,-1,-1,-1,-1,5,E01020235,0,-1
2020010264025,2020,010264025,2,8,0,7,7,7,2,0,0,6,0,0,0,0,0,1,6,6,3,-1,-1,-1,-1,-1,-1,-1,-1,0,-1
2020440183253,2020,440183253,1,9,0,4,4,4,8,0,0,0,0,0,0,0,2,1,6,6,2,53,8,-1,-1,-1,-1,4,E01017164,0,-1
2020420994899,2020,420994899,1,9,0,18,19,4,8,0,0,1,0,0,0,0,1,1,6,6,3,-1,-1,-1,-1,-1,-1,-1,-1,0,-1
2020430252877,2020,430252877,2,9,0,18,19,1,5,0,0,0,0,0,0,0,1,1,6,6,1,-1,-1,-1,-1,-1,-1,-1,-1,0,-1
2020622000275,2020,622000275,1,9,0,2,2,0,0,0,0,0,0,0,0,0,3,1,6,6,1,49,8,-1,-1,-1,-1,2,W01001768,0,-1
2020520101002,2020,520101002,2,9,0,18,19,6,2,0,0,3,0,0,1,10,1,1,6,6,1,20,4,-1,-1,-1,-1,6,E01029080,0,-1
202006P274440,2020,06P274440,1,9,0,18,19,4,8,0,0,1,0,0,0,0,1,1,6,6,3,-1,-1,-1,-1,-1,-1,-1,-1,0,-1
2020010277282,2020,010277282,2,9,0,18,19,2,6,0,0,8,0,0,0,0,1,1,6,6,3,-1,-1,-1,-1,-1,-1,-1,-1,0,-1
2020070522383,2020,070522383,1,9,0,10,10,4,4,0,0,1,0,0,0,0,3,1,6,6,2,65,9,-1,-1,-1,-1,9,E01006123,0,-1
202006N271364,2020,06N271364,2,1,0,18,19,8,4,4,4,1,0,0,0,0,1,1,6,6,2,54,8,-1,-1,-1,-1,9,E01004989,0,-1
2020610030620,2020,610030620,1,9,0,18,19,5,7,0,0,1,0,0,0,0,1,1,6,6,2,-1,-1,-1,-1,-1,-1,-1,-1,0,-1
2020450996891,2020,450996891,2,9,0,18,19,5,1,0,0,0,0,0,0,0,4,1,6,6,3,45,7,-1,-1,-1,-1,-1,-1,0,-1
2020010260469,2020,010260469,2,1,0,18,19,5,1,0,0,1,0,0,0,0,1,1,6,6,1,26,6,-1,-1,-1,-1,3,E01002721,0,-1
2020040919906,2020,040919906,1,9,0,12,12,1,5,0,0,0,0,0,0,0,0,1,6,6,3,-1,-1,-1,-1,-1,-1,-1,-1,0,-1
2020552100138,2020,552100138,1,1,0,14,14,3,7,0,0,0,0,0,0,0,1,1,6,6,1,20,4,-1,-1,-1,-1,6,E01015337,0,-1
2020440346894,2020,440346894,1,9,0,9,9,3,1,0,0,8,0,0,0,0,1,1,2,2,1,55,8,-1,-1,-1,-1,8,E01031873,0,-1
2020480996291,2020,480996291,1,-1,0,18,19,5,1,9,9,1,0,0,0,0,0,1,2,2,1,64,9,-1,-1,-1,-1,5,E01024181,1,-1
2020332001150,2020,332001150,2,9,0,18,19,5,1,0,0,0,0,0,0,0,0,1,6,6,1,33,6,-1,-1,-1,-1,-1,-1,0,-1
2020420997255,2020,420997255,2,1,0,18,19,7,3,0,0,0,5,0,1,0,4,1,6,6,2,57,9,-1,-1,-1,-1,5,E01004442,0,-1
2020430089227,2020,430089227,2,1,0,18,19,2,6,0,0,6,0,0,0,0,1,1,6,6,1,22,5,-1,-1,-1,-1,-1,-1,0,-1
2020470986648,2020,470986648,2,9,0,2,2,0,0,0,0,0,0,0,0,0,0,1,6,6,3,-1,-1,-1,-1,-1,-1,-1,-1,0,-1
202031C033920,2020,31C033920,1,1,0,18,19,6,2,0,0,0,0,0,0,0,3,1,3,7,1,56,9,-1,-1,-1,-1,2,E01013976,0,-1
2020010268534,2020,010268534,2,1,0,13,13,3,7,0,0,1,0,0,0,0,1,1,1,1,1,34,6,-1,-1,-1,-1,9,E01003889,0,-1
2020320272136,2020,320272136,2,9,0,18,19,2,6,0,0,0,0,0,0,0,3,1,6,6,2,21,5,-1,-1,-1,-1,9,E01026263,0,-1
2020010254663,2020,010254663,2,1,0,18,19,1,5,0,0,8,0,0,0,0,1,1,6,6,2,53,8,-1,-1,-1,-1,8,E01004498,0,-1
20201376L0857,2020,1376L0857,2,1,0,18,19,6,2,0,0,8,0,0,0,0,3,1,6,6,1,33,6,-1,-1,-1,-1,6,E01011881,0,-1
202006G175287,2020,06G175287,2,1,0,18,19,4,1,0,0,1,0,0,0,0,2,1,6,6,1,40,7,-1,-1,-1,-1,-1,-1,0,-1
2020010282035,2020,010282035,2,19,0,99,99,9,9,99,99,9,9,99,9,99,1,9,6,6,3,-1,-1,-1,-1,-1,-1,-1,-1,0,-1
2020332000662,2020,332000662,1,5,0,9,9,5,3,0,0,6,0,0,0,0,1,1,6,6,1,58,9,-1,-1,-1,-1,8,E01025771,0,-1
2020440299987,2020,440299987,1,1,0,18,19,5,1,0,0,0,0,0,0,0,3,1,6,6,1,50,8,-1,-1,-1,-1,6,E01023022,0,-1
2020060982031,2020,060982031,1,98,0,18,19,7,3,0,0,1,0,0,0,0,1,1,6,6,3,-1,-1,-1,-1,-1,-1,-1,-1,0,-1
2020320344725,2020,320344725,1,9,0,18,19,8,4,0,0,8,0,0,0,0,1,1,1,1,1,55,8,-1,-1,-1,-1,5,E01026284,0,-1