collision_index,collision_year,collision_ref_no,vehicle_reference,vehicle_type,towing_and_articulation,vehicle_manoeuvre_historic,vehicle_manoeuvre,vehicle_direction_from,vehicle_direction_to,vehicle_location_restricted_lane_historic,vehicle_location_restricted_lane,junction_location,skidding_and_overturning,hit_object_in_carriageway,vehicle_leaving_carriageway,hit_object_off_carriageway,first_point_of_impact,vehicle_left_hand_drive,journey_purpose_of_driver_historic,journey_purpose_of_driver,sex_of_driver,age_of_driver,age_band_of_driver,engine_capacity_cc,propulsion_code,age_of_vehicle,generic_make_model,driver_imd_decile,lsoa_of_driver,escooter_flag,driver_distance_banding
2020440493161,2020,440493161,1,1,0,18,19,8,4,0,0,0,0,0,0,0,3,1,2,2,1,44,7,-1,-1,-1,-1,1,E01017167,0,-1
2020470964247,2020,470964247,2,1,0,18,19,3,7,0,0,2,0,0,0,0,2,1,2,2,1,19,4,-1,-1,-1,-1,6,E01031513,0,-1
2020471003016,2020,471003016,1,98,0,18,19,5,1,0,0,1,0,0,0,0,1,1,5,6,1,57,9,-1,-1,-1,-1,1,E01021136,0,-1
2020010262003,2020,010262003,2,1,0,18,19,5,1,0,0,1,0,0,0,0,1,1,2,2,1,31,6,-1,-1,-1,-1,6,E01001917,0,-1
2020010309991,2020,010309991,3,9,0,99,99,9,9,99,99,0,9,99,9,99,2,9,6,6,3,-1,-1,-1,-1,-1,-1,-1,-1,0,-1
202006L277387,2020,06L277387,1,9,0,1,1,3,7,0,0,1,0,0,0,0,2,1,6,6,1,30,6,-1,-1,-1,-1,-1,-1,0,-1
2020070042469,2020,070042469,1,9,0,13,13,5,1,0,0,0,0,0,0,0,4,1,6,6,3,-1,-1,-1,-1,-1,-1,-1,-1,0,-1
2020430366394,2020,430366394,1,19,0,18,19,6,8,0,0,1,0,0,0,0,1,1,6,6,1,-1,-1,-1,-1,-1,-1,-1,-1,0,-1
2020040951538,2020,040951538,2,9,0,6,6,3,3,0,0,4,0,0,0,0,2,1,1,1,2,28,6,-1,-1,-1,-1,7,E01025593,0,-1
2020040950572,2020,040950572,2,9,0,2,2,7,3,0,0,0,0,0,0,0,4,1,6,6,3,-1,-1,-1,-1,-1,-1,-1,-1,0,-1
2020100943193,2020,100943193,1,9,0,7,7,2,5,0,0,0,0,0,0,0,3,1,6,6,3,-1,-1,-1,-1,-1,-1,-1,-1,0,-1
2020010263439,2020,010263439,2,1,0,18,19,5,1,5,5,1,0,0,0,0,3,1,6,6,1,23,5,-1,-1,-1,-1,10,E01030348,0,-1
2020360954794,2020,360954794,1,1,0,18,19,-1,-1,0,0,0,0,0,0,0,-1,1,5,6,1,7,2,-1,-1,-1,-1,8,E01026839,0,-1
202031C014420,2020,31C014420,1,9,0,7,7,6,4,0,0,5,0,0,0,0,1,1,6,6,3,-1,-1,-1,-1,-1,-1,-1,-1,0,-1
2020332001133,2020,332001133,1,9,0,18,19,5,1,0,0,0,0,0,0,0,0,1,6,6,2,22,5,-1,-1,-1,-1,-1,-1,0,-1
20201378I0966,2020,1378I0966,1,9,0,18,19,7,4,0,0,0,0,0,0,0,0,1,6,6,1,41,7,-1,-1,-1,-1,4,E01011012,0,-1
2020990930622,2020,990930622,2,1,0,18,19,3,8,0,0,8,0,0,0,0,1,1,5,6,1,15,3,-1,-1,-1,-1,5,-1,0,-1
2020010271463,2020,010271463,2,9,0,99,99,9,9,99,99,9,9,99,9,99,9,9,6,6,3,-1,-1,-1,-1,-1,-1,4,E01017599,0,-1
2020522003635,2020,522003635,1,1,0,18,19,5,1,0,0,1,0,0,0,0,0,1,6,6,2,28,6,-1,-1,-1,-1,7,E01014621,0,-1
2020990984652,2020,990984652,2,1,0,18,19,7,3,0,0,1,0,0,0,0,1,1,5,6,1,58,9,-1,-1,-1,-1,9,-1,0,-1
2020350961980,2020,350961980,1,9,0,18,19,8,4,0,0,1,0,0,0,0,3,1,6,6,3,-1,-1,-1,-1,-1,-1,-1,-1,0,-1
2020460966722,2020,460966722,2,1,0,18,19,7,1,0,0,1,0,0,0,0,2,1,6,6,1,39,7,-1,-1,-1,-1,5,E01024831,0,-1
2020200969637,2020,200969637,1,1,0,18,19,4,8,0,0,6,0,0,0,0,3,1,6,6,1,39,7,-1,-1,-1,-1,1,E01008978,0,-1
2020340E04452,2020,340E04452,1,9,0,18,19,5,1,0,0,4,0,0,0,0,1,1,2,2,1,56,9,-1,-1,-1,-1,6,E01025925,0,-1
2020332000893,2020,332000893,2,1,0,18,19,8,4,0,0,0,0,0,0,0,2,1,6,6,1,36,7,-1,-1,-1,-1,7,E01013615,0,-1
2020070194549,2020,070194549,1,9,0,9,9,2,8,0,0,8,0,0,0,0,4,1,1,1,1,52,8,-1,-1,-1,-1,-1,-1,0,-1
2020070422835,2020,070422835,2,1,0,18,19,4,8,0,0,2,0,0,0,0,1,1,6,6,1,55,8,-1,-1,-1,-1,10,E01018346,0,-1
2020010248733,2020,010248733,2,1,0,16,19,3,5,0,0,8,0,0,0,0,3,-1,6,6,1,38,7,-1,-1,-1,-1,1,E01002095,0,-1
2020360941069,2020,360941069,2,1,0,18,19,7,3,0,0,0,0,0,0,0,3,1,5,6,2,17,4,-1,-1,-1,-1,2,E01026477,0,-1
2020552000929,2020,552000929,2,1,0,4,4,6,2,4,4,0,0,0,0,0,1,1,6,6,1,15,3,-1,-1,-1,-1,5,E01015393,0,-1
2020522003410,2020,522003410,1,1,0,18,19,7,3,0,0,0,0,0,0,0,1,1,6,6,3,-1,-1,-1,-1,-1,-1,-1,-1,0,-1
2020430303078,2020,430303078,1,9,0,18,19,3,7,0,0,0,0,0,0,0,1,1,6,6,1,46,8,-1,-1,-1,-1,3,E01028621,0,-1
2020420956081,2020,420956081,2,1,0,17,19,7,3,0,0,0,0,0,0,0,1,1,5,6,1,15,3,-1,-1,-1,-1,3,E01021307,0,-1
2020990964881,2020,990964881,2,19,0,2,2,0,0,9,9,0,0,0,0,0,3,1,6,6,3,-1,-1,-1,-1,-1,-1,-1,-1,0,-1
2020340C01502,2020,340C01502,1,90,0,18,19,1,5,0,0,5,0,0,0,10,1,1,6,6,1,18,4,-1,-1,-1,-1,8,E01026980,0,-1
2020161004211,2020,161004211,2,1,0,18,19,7,3,0,0,8,0,0,0,0,1,1,6,6,1,35,6,-1,-1,-1,-1,1,E01033109,0,-1
2020430395995,2020,430395995,1,9,0,18,19,7,3,0,0,0,0,0,0,0,1,1,6,6,2,48,8,-1,-1,-1,-1,4,E01028632,0,-1
2020420980156,2020,420980156,3,9,0,2,2,7,3,0,0,2,0,0,0,0,2,1,6,6,1,52,8,-1,-1,-1,-1,5,E01000268,0,-1
2020470920087,2020,470920087,2,1,0,18,19,2,6,0,0,8,0,0,0,0,4,1,2,2,2,46,8,-1,-1,-1,-1,9,E01031670,0,-1
202060Y068151,2020,60Y068151,1,9,0,5,5,3,7,0,0,4,0,0,0,0,1,1,6,6,1,47,8,-1,-1,-1,-1,-1,-1,0,-1
2020030942550,2020,030942550,1,1,0,16,19,4,8,0,0,0,5,0,7,9,1,1,5,6,1,26,6,-1,-1,-1,-1,2,E01027552,0,-1
2020010234051,2020,010234051,1,1,9,99,99,9,9,99,99,9,9,99,9,99,9,1,6,6,1,51,8,-1,-1,-1,-1,9,E01001992,0,-1
2020137111330,2020,137111330,2,1,0,18,19,2,6,0,0,1,0,0,0,0,1,1,6,6,1,37,7,-1,-1,-1,-1,1,E01010731,0,-1
2020052001101,2020,052001101,1,23,0,18,19,3,7,0,0,0,0,0,0,0,1,1,3,7,2,31,6,-1,-1,-1,-1,1,E01006755,0,-1
2020351013267,2020,351013267,1,98,0,18,19,3,7,0,0,0,0,0,0,0,2,1,6,6,3,-1,-1,-1,-1,-1,-1,-1,-1,0,-1
2020460956515,2020,460956515,2,9,0,7,7,2,6,0,0,3,0,0,0,0,2,1,6,6,1,43,7,-1,-1,-1,-1,-1,-1,0,-1
2020522002583,2020,522002583,1,9,0,18,19,5,1,0,0,0,0,0,0,0,1,1,6,6,1,24,5,-1,-1,-1,-1,-1,-1,0,-1
2020332000258,2020,332000258,1,9,0,17,19,4,8,0,0,0,0,0,0,0,1,1,6,6,2,28,6,-1,-1,-1,-1,3,E01025943,0,-1
2020170M10110,2020,170M10110,2,1,0,18,19,7,3,0,0,8,0,0,0,0,1,1,6,6,1,11,3,-1,-1,-1,-1,1,E01012011,0,-1
2020040954726,2020,040954726,2,1,0,18,19,4,8,0,0,8,0,0,0,0,3,1,5,6,1,12,3,-1,-1,-1,-1,1,E01025295,0,-1
2020052001238,2020,052001238,1,9,0,12,12,6,2,0,0,8,0,0,0,0,3,1,6,6,3,-1,-1,-1,-1,-1,-1,-1,-1,0,-1
2020010254984,2020,010254984,2,9,9,99,99,9,9,99,99,9,9,99,9,99,9,9,6,6,3,-1,-1,-1,-1,-1,-1,-1,-1,0,-1
2020450972014,2020,450972014,1,9,0,18,19,3,7,0,0,0,0,7,0,0,1,2,5,6,1,44,7,-1,-1,-1,-1,1,E01009486,0,-1
2020230952665,2020,230952665,2,19,0,18,19,6,2,0,0,8,5,0,1,9,1,1,5,6,1,61,9,-1,-1,-1,-1,9,E01031148,0,-1
2020010268357,2020,010268357,2,1,0,18,19,3,7,4,4,8,0,0,0,0,1,1,2,2,1,31,6,-1,-1,-1,-1,2,E01003557,0,-1
2020010257188,2020,010257188,2,1,0,18,19,1,5,0,0,0,0,0,0,0,3,1,1,1,1,27,6,-1,-1,-1,-1,9,E01024100,0,-1
2020350927759,2020,350927759,1,3,0,3,3,5,1,0,0,0,0,0,0,0,1,1,6,6,1,22,5,-1,-1,-1,-1,5,E01018179,0,-1
2020040978774,2020,040978774,1,9,0,18,19,3,7,0,0,0,0,0,0,0,1,1,6,6,1,40,7,-1,-1,-1,-1,2,E01025313,0,-1
2020460969176,2020,460969176,1,8,0,18,19,5,1,0,0,0,5,10,0,0,4,1,5,6,1,41,7,-1,-1,-1,-1,6,E01018170,0,-1
2020010252623,2020,010252623,1,1,9,99,99,9,9,99,99,9,9,99,9,99,9,1,6,6,1,41,7,-1,-1,-1,-1,5,E01000560,0,-1
2020010283801,2020,010283801,1,1,9,99,99,9,9,99,99,0,9,99,9,99,1,1,6,6,1,34,6,-1,-1,-1,-1,9,E01030315,0,-1
2020430057529,2020,430057529,2,1,0,18,19,7,3,0,0,1,0,0,0,0,1,1,2,2,2,53,8,-1,-1,-1,-1,2,E01028513,0,-1
2020430045276,2020,430045276,1,9,0,18,19,7,3,0,0,3,0,0,0,0,4,1,6,6,3,-1,-1,-1,-1,-1,-1,-1,-1,0,-1
202031C178920,2020,31C178920,2,-1,0,18,19,6,2,0,0,8,0,0,0,0,4,1,6,6,2,11,3,-1,-1,-1,-1,1,E01013877,1,-1
202063B052420,2020,63B052420,2,9,0,4,4,2,7,0,0,0,0,0,0,0,3,1,6,6,1,44,7,-1,-1,-1,-1,4,E01027315,0,-1
2020010254797,2020,010254797,2,9,0,99,99,9,9,99,99,0,9,99,9,99,9,9,6,6,3,-1,-1,-1,-1,-1,-1,-1,-1,0,-1
2020070594381,2020,070594381,2,1,0,18,19,7,3,0,0,1,0,0,0,0,1,1,1,1,1,58,9,-1,-1,-1,-1,3,E01012391,0,-1
2020220969428,2020,220969428,1,21,1,5,5,7,8,0,0,7,0,0,0,0,1,1,1,1,1,53,8,-1,-1,-1,-1,-1,-1,0,-1
2020010256899,2020,010256899,1,1,0,18,19,1,5,5,5,1,0,0,0,0,1,1,6,6,1,25,5,-1,-1,-1,-1,3,E01001552,0,-1
2020450959034,2020,450959034,1,1,0,18,19,4,8,0,0,2,0,0,7,10,1,1,5,6,1,65,9,-1,-1,-1,-1,6,E01002955,0,-1
2020160977518,2020,160977518,1,1,0,18,19,2,6,9,9,0,0,0,0,0,1,1,6,6,1,14,3,-1,-1,-1,-1,-1,-1,0,-1
2020170L20680,2020,170L20680,2,1,0,18,19,5,1,0,0,0,0,0,0,0,4,1,6,6,2,64,9,-1,-1,-1,-1,1,E01012175,0,-1
2020622000837,2020,622000837,1,1,0,18,19,3,7,0,0,0,0,0,0,0,1,1,6,6,1,8,2,-1,-1,-1,-1,2,W01001810,0,-1
2020010306670,2020,010306670,2,90,0,99,99,9,9,99,99,9,9,99,9,99,9,9,6,6,3,25,5,-1,-1,-1,-1,-1,-1,0,-1
2020041029777,2020,041029777,2,1,0,18,19,6,1,0,0,1,0,0,0,0,0,1,6,6,1,40,7,-1,-1,-1,-1,1,E01012646,0,-1
2020160937032,2020,160937032,3,9,0,2,2,0,0,9,9,1,0,0,0,0,2,1,6,6,3,-1,-1,-1,-1,-1,-1,-1,-1,0,-1
2020460984098,2020,460984098,1,19,0,18,19,5,1,0,0,0,0,0,0,0,4,1,5,6,3,-1,-1,-1,-1,-1,-1,-1,-1,0,-1
2020041004224,2020,041004224,1,9,0,3,3,1,5,0,0,0,0,0,0,0,3,1,5,6,1,39,7,-1,-1,-1,-1,3,E01024884,0,-1
202006K375658,2020,06K375658,3,9,0,18,19,3,7,0,0,1,0,0,0,0,0,1,6,6,1,20,4,-1,-1,-1,-1,8,E01012611,0,-1
2020410986046,2020,410986046,1,9,0,3,3,7,3,0,0,0,0,0,0,0,2,1,1,1,1,39,7,-1,-1,-1,-1,5,E01023761,0,-1
2020010254920,2020,010254920,2,1,0,18,19,1,5,2,2,0,0,4,0,0,1,1,6,6,1,43,7,-1,-1,-1,-1,1,E01002095,0,-1
2020160921089,2020,160921089,1,9,0,18,19,1,3,0,0,1,0,0,0,0,1,1,6,6,3,-1,-1,-1,-1,-1,-1,-1,-1,0,-1
2020622001067,2020,622001067,2,9,0,9,9,1,7,0,0,8,0,0,0,0,1,1,6,6,2,41,7,-1,-1,-1,-1,10,W01000860,0,-1
2020622000584,2020,622000584,1,9,0,17,19,6,3,0,0,0,2,0,0,0,3,1,6,6,1,27,6,-1,-1,-1,-1,3,W01001898,0,-1
2020500962518,2020,500962518,1,19,4,18,19,3,7,0,0,0,0,0,0,0,2,1,5,6,2,42,7,-1,-1,-1,-1,9,E01020058,0,-1
2020430279720,2020,430279720,1,9,0,7,7,3,5,0,0,1,0,0,0,0,1,1,6,6,1,-1,-1,-1,-1,-1,-1,-1,-1,0,-1
2020360972473,2020,360972473,2,1,0,18,19,1,5,0,0,2,0,0,0,0,-1,1,5,6,1,12,3,-1,-1,-1,-1,1,E01026832,0,-1
2020010253280,2020,010253280,2,-1,0,18,19,7,3,0,0,6,1,0,0,0,1,1,6,6,2,27,6,-1,-1,-1,-1,2,E01000544,1,-1
202006L274329,2020,06L274329,1,4,0,18,19,7,3,0,0,0,0,0,0,2,1,1,6,6,1,33,6,-1,-1,-1,-1,1,E01006334,0,-1
2020010264639,2020,010264639,1,9,0,5,5,6,2,0,0,0,0,0,0,0,3,1,6,6,2,26,6,-1,-1,-1,-1,5,E01003067,0,-1
2020360950411,2020,360950411,2,9,0,2,2,0,0,0,0,0,0,0,0,0,3,1,6,6,3,-1,-1,-1,-1,-1,-1,-1,-1,0,-1
20201374L0864,2020,1374L0864,2,1,0,18,19,2,6,0,0,0,0,0,0,0,1,1,6,6,1,60,9,-1,-1,-1,-1,10,E01011377,0,-1
2020010279231,2020,010279231,2,9,0,99,99,9,9,99,99,9,9,99,9,99,2,9,6,6,3,-1,-1,-1,-1,-1,-1,-1,-1,0,-1
202006L171311,2020,06L171311,1,5,0,18,19,4,8,0,0,1,1,0,0,0,0,1,6,6,1,62,9,-1,-1,-1,-1,8,E01006314,0,-1
2020990978527,2020,990978527,2,97,0,18,19,6,2,0,0,1,0,0,0,0,1,1,1,1,1,19,4,-1,-1,-1,-1,-1,-1,0,-1
2020470954772,2020,470954772,3,9,0,18,19,8,4,0,0,2,0,0,0,0,1,1,5,6,2,53,8,-1,-1,-1,-1,6,E01016938,0,-1
2020010243740,2020,010243740,1,9,0,99,99,9,9,99,99,9,9,99,9,99,9,9,6,6,1,33,6,-1,-1,-1,-1,6,E01001522,0,-1
2020400926196,2020,400926196,1,9,0,4,4,5,1,0,0,0,0,0,0,0,1,1,5,6,1,20,4,-1,-1,-1,-1,4,E01015786,0,-1
2020622000521,2020,622000521,2,9,0,18,19,8,4,0,0,1,0,0,0,0,1,1,6,6,1,28,6,-1,-1,-1,-1,2,W01001282,0,-1
2020010283382,2020,010283382,1,9,0,7,7,5,8,0,0,5,0,0,0,0,4,1,1,1,1,35,6,-1,-1,-1,-1,2,E01032562,0,-1
2020070687515,2020,070687515,1,1,0,18,19,5,1,0,0,1,5,0,0,0,0,1,6,6,1,74,10,-1,-1,-1,-1,8,E01018567,0,-1
2020010236198,2020,010236198,2,8,0,6,6,8,8,0,0,1,0,0,0,0,3,1,1,1,1,33,6,-1,-1,-1,-1,4,E01003527,0,-1
2020522001934,2020,522001934,1,1,0,2,2,0,0,0,0,0,0,0,0,0,1,1,6,6,1,29,6,-1,-1,-1,-1,5,E01014455,0,-1
2020470965364,2020,470965364,1,9,0,1,1,1,7,0,0,5,0,0,0,0,2,2,1,1,1,25,5,-1,-1,-1,-1,9,E01031672,0,-1
2020430382513,2020,430382513,1,1,0,18,19,8,4,0,0,0,0,0,0,0,4,1,6,6,1,54,8,-1,-1,-1,-1,6,E01016366,0,-1
2020360938364,2020,360938364,1,19,0,6,6,1,5,0,0,1,0,0,2,3,1,1,6,6,3,-1,-1,-1,-1,-1,-1,-1,-1,0,-1
2020990998144,2020,990998144,2,1,0,18,19,5,8,0,0,1,0,0,0,0,1,1,5,6,1,45,7,-1,-1,-1,-1,4,-1,0,-1
2020100971270,2020,100971270,1,9,0,18,19,8,4,0,0,1,0,0,0,0,1,1,6,6,1,25,5,-1,-1,-1,-1,-1,-1,0,-1
2020010281076,2020,010281076,2,1,0,15,15,5,1,0,0,0,0,4,0,0,1,1,1,1,2,20,4,-1,-1,-1,-1,2,E01001042,0,-1
2020522000449,2020,522000449,1,1,0,18,19,6,2,0,0,8,0,0,0,0,0,1,6,6,1,35,6,-1,-1,-1,-1,4,E01033362,0,-1
2020201022492,2020,201022492,2,1,0,18,19,6,2,4,4,8,0,0,0,0,4,1,6,6,2,32,6,-1,-1,-1,-1,4,E01008955,0,-1
2020010270503,2020,010270503,2,1,0,18,19,5,1,0,0,1,5,0,0,0,1,1,2,2,1,47,8,-1,-1,-1,-1,9,E01003875,0,-1
2020332000318,2020,332000318,2,9,0,18,19,5,1,0,0,8,0,0,0,0,1,1,6,6,1,27,6,-1,-1,-1,-1,2,E01013776,0,-1
2020010275968,2020,010275968,2,9,0,7,7,5,7,0,0,1,0,0,0,0,1,1,6,6,3,-1,-1,-1,-1,-1,-1,-1,-1,0,-1
2020100960279,2020,100960279,1,19,0,15,15,7,3,0,0,0,0,0,0,0,4,1,6,6,3,-1,-1,-1,-1,-1,-1,-1,-1,0,-1
2020010230552,2020,010230552,1,9,9,18,19,5,1,99,99,9,9,99,9,99,9,9,6,6,1,-1,-1,-1,-1,-1,-1,3,E01002645,0,-1
2020440217051,2020,440217051,2,9,0,13,13,4,8,0,0,1,0,0,0,0,4,1,6,6,3,-1,-1,-1,-1,-1,-1,-1,-1,0,-1
2020430333094,2020,430333094,1,9,0,9,9,7,5,0,0,8,0,0,0,0,3,1,6,6,2,69,10,-1,-1,-1,-1,10,E01028661,0,-1
2020430275437,2020,430275437,2,21,0,18,19,1,5,0,0,1,0,0,0,0,1,1,6,6,3,-1,-1,-1,-1,-1,-1,-1,-1,0,-1
2020420935040,2020,420935040,2,9,0,-1,-1,-1,-1,-1,-1,-1,-1,-1,-1,0,2,1,6,6,2,24,5,-1,-1,-1,-1,7,E01021504,0,-1
2020411014520,2020,411014520,1,9,0,18,19,3,7,0,0,8,0,0,7,11,1,1,1,1,2,40,7,-1,-1,-1,-1,1,E01002040,0,-1
2020137961157,2020,137961157,1,9,0,18,19,7,3,0,0,0,0,0,0,0,1,1,6,6,1,-1,-1,-1,-1,-1,-1,-1,-1,0,-1
2020052002002,2020,052002002,2,1,0,18,19,2,6,0,0,3,0,0,0,0,4,1,6,6,1,44,7,-1,-1,-1,-1,6,E01007061,0,-1
2020350973158,2020,350973158,2,1,0,18,19,6,2,0,0,0,0,0,1,9,2,1,6,6,2,43,7,-1,-1,-1,-1,4,E01018062,0,-1
2020500991940,2020,500991940,2,1,0,17,19,1,5,0,0,0,0,0,0,0,0,1,5,6,1,34,6,-1,-1,-1,-1,3,E01020285,0,-1
2020010247611,2020,010247611,2,-1,0,18,19,1,5,0,0,1,0,0,0,0,2,1,6,6,1,-1,-1,-1,-1,-1,-1,4,E01003494,1,-1
2020137B71177,2020,137B71177,1,9,0,5,5,3,7,0,0,2,0,0,0,0,3,1,6,6,3,-1,-1,-1,-1,-1,-1,-1,-1,0,-1
2020440338461,2020,440338461,1,9,0,9,9,3,5,0,0,8,0,0,0,0,1,1,6,6,3,-1,-1,-1,-1,-1,-1,-1,-1,0,-1
2020052002502,2020,052002502,1,9,0,18,19,1,5,0,0,1,0,0,0,0,1,1,6,6,1,45,7,-1,-1,-1,-1,8,E01007170,0,-1
2020201006706,2020,201006706,1,9,-1,-1,-1,-1,-1,-1,-1,0,-1,-1,-1,0,-1,1,6,6,3,-1,-1,-1,-1,-1,-1,-1,-1,0,-1
2020101000443,2020,101000443,1,98,1,18,19,1,5,0,0,0,0,0,0,0,1,1,1,1,1,54,8,-1,-1,-1,-1,-1,-1,0,-1
2020041012361,2020,041012361,2,9,0,2,2,0,0,0,0,0,0,0,0,0,4,1,6,6,3,-1,-1,-1,-1,-1,-1,-1,-1,0,-1
2020361021727,2020,361021727,1,9,0,18,19,6,2,0,0,0,0,0,0,0,4,1,2,2,1,39,7,-1,-1,-1,-1,6,E01026575,0,-1
2020201019418,2020,201019418,2,1,0,18,19,4,8,4,4,8,0,0,0,0,1,1,6,6,1,25,5,-1,-1,-1,-1,6,E01010012,0,-1
2020010284717,2020,010284717,1,9,0,18,19,7,3,0,0,4,0,0,0,0,1,1,6,6,2,19,4,-1,-1,-1,-1,5,E01000505,0,-1
2020530951972,2020,530951972,2,1,0,18,19,1,5,0,0,0,0,0,0,0,1,1,5,6,1,50,8,-1,-1,-1,-1,9,E01022304,0,-1
2020610050120,2020,610050120,1,9,0,18,19,7,1,0,0,1,0,0,0,0,1,1,6,6,1,40,7,-1,-1,-1,-1,1,W01001530,0,-1
20201372L0195,2020,1372L0195,1,8,0,18,19,7,3,0,0,0,0,0,0,0,3,1,1,1,3,37,7,-1,-1,-1,-1,-1,-1,0,-1
2020140998433,2020,140998433,1,9,0,18,19,6,2,0,0,0,0,0,0,0,1,1,6,6,3,-1,-1,-1,-1,-1,-1,-1,-1,0,-1
2020410955310,2020,410955310,2,1,0,18,19,5,1,0,0,1,0,0,0,0,4,1,6,6,1,43,7,-1,-1,-1,-1,10,E01023710,0,-1
202031D137720,2020,31D137720,2,1,0,18,19,6,2,0,0,1,0,0,0,0,3,1,4,7,1,13,3,-1,-1,-1,-1,-1,-1,0,-1
2020010264307,2020,010264307,3,9,0,4,4,1,5,0,0,8,0,0,0,0,3,1,6,6,2,42,7,-1,-1,-1,-1,9,E01001305,0,-1
2020460937095,2020,460937095,2,1,0,18,19,3,7,0,0,1,0,0,0,0,3,1,6,6,1,14,3,-1,-1,-1,-1,10,E01024825,0,-1
2020010269078,2020,010269078,2,1,0,18,19,5,1,0,0,8,0,0,0,0,2,1,2,2,1,57,9,-1,-1,-1,-1,2,E01014661,0,-1
2020200960577,2020,200960577,2,97,0,6,6,6,6,0,0,0,0,0,0,0,1,1,6,6,1,18,4,-1,-1,-1,-1,2,E01008944,0,-1
2020140983642,2020,140983642,1,9,0,18,19,4,2,0,0,1,0,0,0,0,1,1,6,6,3,-1,-1,-1,-1,-1,-1,-1,-1,0,-1
2020201000971,2020,201000971,2,1,0,18,19,2,6,0,0,0,0,0,0,0,1,1,4,7,1,13,3,-1,-1,-1,-1,1,E01009259,0,-1
2020010244385,2020,010244385,1,11,0,18,19,6,2,0,0,0,0,0,0,0,0,1,1,1,1,-1,-1,-1,-1,-1,-1,-1,-1,0,-1
2020010285142,2020,010285142,2,9,0,18,19,2,6,0,0,0,0,0,0,0,1,1,6,6,3,-1,-1,-1,-1,-1,-1,-1,-1,0,-1
2020332000627,2020,332000627,1,9,0,1,1,7,3,0,0,6,0,0,0,0,0,1,6,6,1,89,11,-1,-1,-1,-1,-1,-1,0,-1
2020522005020,2020,522005020,1,1,0,18,19,5,1,0,0,1,0,0,0,0,4,1,6,6,1,57,9,-1,-1,-1,-1,-1,-1,0,-1
2020470942211,2020,470942211,2,9,0,2,2,0,0,0,0,0,0,0,0,0,1,1,6,6,3,-1,-1,-1,-1,-1,-1,-1,-1,0,-1
2020221010797,2020,221010797,2,1,0,18,19,8,5,0,0,8,0,0,0,0,4,1,5,6,1,47,8,-1,-1,-1,-1,6,E01032401,0,-1
2020302000833,2020,302000833,2,1,0,18,19,8,4,0,0,0,0,0,0,0,0,1,6,6,1,70,10,-1,-1,-1,-1,9,E01019631,0,-1
2020450949024,2020,450949024,1,1,0,18,19,3,7,9,9,1,0,0,1,0,1,1,5,6,1,30,6,-1,-1,-1,-1,-1,-1,0,-1
2020010240512,2020,010240512,2,1,0,13,13,7,3,0,0,3,0,0,0,0,2,-1,6,6,2,23,5,-1,-1,-1,-1,2,E01001862,0,-1
2020552000589,2020,552000589,2,1,0,18,19,5,1,0,0,1,0,0,0,0,3,1,6,6,1,22,5,-1,-1,-1,-1,6,E01015337,0,-1
2020522004128,2020,522004128,2,9,0,18,19,2,8,0,0,8,0,0,0,0,1,1,6,6,1,38,7,-1,-1,-1,-1,5,E01014455,0,-1
2020990947156,2020,990947156,2,1,0,5,5,4,8,0,0,1,0,0,0,0,1,1,6,6,1,35,6,-1,-1,-1,-1,4,-1,0,-1
2020548617720,2020,548617720,1,9,0,5,5,8,5,0,0,6,0,0,0,0,1,1,1,1,1,40,7,-1,-1,-1,-1,2,E01031914,0,-1
2020430436016,2020,430436016,3,9,0,7,7,8,2,0,0,5,0,0,0,0,0,1,6,6,3,-1,-1,-1,-1,-1,-1,-1,-1,0,-1
2020430234986,2020,430234986,1,98,0,17,19,3,8,0,0,8,0,0,1,3,1,1,1,1,2,55,8,-1,-1,-1,-1,2,E01016847,0,-1
2020010246869,2020,010246869,1,1,9,99,99,9,9,99,99,9,9,99,9,99,1,1,2,2,1,25,5,-1,-1,-1,-1,3,E01003606,0,-1
2020370981206,2020,370981206,2,1,0,18,19,-1,-1,0,0,0,0,0,0,0,-1,1,5,6,1,20,4,-1,-1,-1,-1,4,E01033408,0,-1
2020010249208,2020,010249208,1,98,9,99,99,9,9,99,99,9,9,99,9,99,9,9,-1,-1,3,-1,-1,-1,-1,-1,-1,-1,-1,0,-1
2020500940881,2020,500940881,2,9,0,16,19,7,1,0,0,0,0,0,0,0,1,1,6,6,2,34,6,-1,-1,-1,-1,4,E01020309,0,-1
2020350997973,2020,350997973,3,98,0,18,19,-1,-1,0,0,0,0,0,0,0,0,1,6,6,1,-1,-1,-1,-1,-1,-1,-1,-1,0,-1
2020440191733,2020,440191733,3,9,0,10,10,4,1,0,0,1,0,0,0,0,2,1,6,6,1,22,5,-1,-1,-1,-1,10,E01023024,0,-1
2020010248533,2020,010248533,1,1,9,99,99,9,9,99,99,9,9,99,9,99,9,1,6,6,1,32,6,-1,-1,-1,-1,3,E01001793,0,-1
2020220971859,2020,220971859,2,1,0,18,19,6,2,0,0,1,0,0,0,0,1,1,6,6,1,40,7,-1,-1,-1,-1,8,E01014147,0,-1
2020140960727,2020,140960727,2,98,0,18,19,8,4,0,0,0,0,0,0,0,1,1,6,6,3,-1,-1,-1,-1,-1,-1,-1,-1,0,-1
2020500946985,2020,500946985,2,9,0,18,19,3,7,0,0,0,0,0,0,0,2,1,1,1,1,32,6,-1,-1,-1,-1,10,E01029310,0,-1
202063D002120,2020,63D002120,2,19,0,18,19,8,4,0,0,0,0,0,0,0,1,1,2,2,1,56,9,-1,-1,-1,-1,5,E01025100,0,-1
2020552000879,2020,552000879,1,9,0,9,9,2,4,0,0,5,0,0,0,0,4,1,2,2,2,38,7,-1,-1,-1,-1,2,E01015288,0,-1
202006XK76844,2020,06XK76844,2,9,0,18,19,8,4,0,0,0,0,0,0,6,3,1,6,6,1,30,6,-1,-1,-1,-1,-1,-1,0,-1
2020450996774,2020,450996774,1,9,0,18,19,1,5,0,0,0,0,0,0,0,0,1,6,6,3,25,5,-1,-1,-1,-1,-1,-1,0,-1
2020420984825,2020,420984825,2,1,0,18,19,6,2,0,0,1,0,0,0,0,1,1,5,6,1,54,8,-1,-1,-1,-1,8,E01003774,0,-1