collision_index,collision_year,collision_ref_no,vehicle_reference,vehicle_type,towing_and_articulation,vehicle_manoeuvre_historic,vehicle_manoeuvre,vehicle_direction_from,vehicle_direction_to,vehicle_location_restricted_lane_historic,vehicle_location_restricted_lane,junction_location,skidding_and_overturning,hit_object_in_carriageway,vehicle_leaving_carriageway,hit_object_off_carriageway,first_point_of_impact,vehicle_left_hand_drive,journey_purpose_of_driver_historic,journey_purpose_of_driver,sex_of_driver,age_of_driver,age_band_of_driver,engine_capacity_cc,propulsion_code,age_of_vehicle,generic_make_model,driver_imd_decile,lsoa_of_driver,escooter_flag,driver_distance_banding
2020010240060,2020,010240060,1,1,9,99,99,9,9,99,99,9,9,99,9,99,1,1,2,2,2,30,6,-1,-1,-1,-1,7,E01003199,0,-1
2020010274081,2020,010274081,1,1,9,99,99,9,9,99,99,9,9,99,9,99,2,1,2,2,2,28,6,-1,-1,-1,-1,1,E01001979,0,-1
2020137160891,2020,137160891,1,19,0,18,19,8,4,0,0,0,0,0,0,0,3,1,6,6,3,-1,-1,-1,-1,-1,-1,-1,-1,0,-1
2020302001386,2020,302001386,3,9,0,18,19,5,6,0,0,2,0,0,0,0,4,1,6,6,1,41,7,-1,-1,-1,-1,6,E01019594,0,-1
2020010236215,2020,010236215,2,1,0,4,4,8,4,0,0,0,0,0,0,0,4,1,2,2,2,29,6,-1,-1,-1,-1,4,E01003354,0,-1
2020500975782,2020,500975782,2,1,0,9,9,5,3,0,0,5,0,0,7,0,1,1,5,6,1,54,8,-1,-1,-1,-1,3,E01019005,0,-1
202060Y012066,2020,60Y012066,1,9,0,9,9,6,4,0,0,6,0,0,0,0,1,1,2,2,2,39,7,-1,-1,-1,-1,-1,-1,0,-1
2020430323776,2020,430323776,2,1,0,18,19,5,1,0,0,3,0,0,0,0,4,1,6,6,1,51,8,-1,-1,-1,-1,9,E01030760,0,-1
2020430320649,2020,430320649,1,9,0,9,9,6,3,0,0,6,0,0,0,0,3,1,2,2,1,38,7,-1,-1,-1,-1,3,E01017906,0,-1
2020010286571,2020,010286571,1,1,9,99,99,9,9,99,99,9,9,99,9,99,9,1,6,6,1,69,10,-1,-1,-1,-1,10,E01003851,0,-1
2020370987402,2020,370987402,2,1,0,18,19,3,7,0,0,0,0,0,0,0,-1,1,6,6,2,13,3,-1,-1,-1,-1,2,E01030248,0,-1
2020010257662,2020,010257662,2,9,0,99,99,9,9,99,99,9,9,99,9,99,1,9,6,6,3,30,6,-1,-1,-1,-1,3,E01001043,0,-1
2020420961901,2020,420961901,2,9,0,9,9,7,4,0,0,8,0,0,0,0,3,1,2,2,1,32,6,-1,-1,-1,-1,9,E01022013,0,-1
20201376M1372,2020,1376M1372,2,1,0,18,19,8,4,0,0,0,0,0,0,0,1,1,6,6,1,27,6,-1,-1,-1,-1,2,E01011538,0,-1
2020460936980,2020,460936980,2,21,1,18,19,6,2,0,0,0,0,0,0,0,3,1,6,6,1,28,6,-1,-1,-1,-1,-1,-1,0,-1
2020010263315,2020,010263315,1,1,9,99,99,9,9,99,99,9,9,99,9,99,2,1,2,2,2,25,5,-1,-1,-1,-1,6,E01001565,0,-1
2020547861720,2020,547861720,3,9,0,5,5,3,7,0,0,0,0,0,0,0,3,1,1,1,1,48,8,-1,-1,-1,-1,3,E01029235,0,-1
20201378Q1976,2020,1378Q1976,1,9,0,7,7,5,7,0,0,5,0,0,0,0,1,1,6,6,3,-1,-1,-1,-1,-1,-1,-1,-1,0,-1
2020010249771,2020,010249771,2,1,0,18,19,7,3,0,0,2,5,0,0,0,1,1,6,6,1,42,7,-1,-1,-1,-1,8,E01001907,0,-1
2020010241918,2020,010241918,2,1,0,18,19,1,5,4,4,1,0,0,0,0,4,-1,6,6,1,48,8,-1,-1,-1,-1,3,E01002847,0,-1
2020010282511,2020,010282511,2,19,0,99,99,9,9,99,99,9,9,99,9,99,9,9,6,6,3,-1,-1,-1,-1,-1,-1,-1,-1,0,-1
2020420981645,2020,420981645,2,9,0,18,19,4,8,0,0,0,0,0,4,6,3,1,1,1,1,37,7,-1,-1,-1,-1,7,E01021571,0,-1
2020010282450,2020,010282450,1,1,0,18,19,1,5,4,4,9,0,0,0,0,4,1,2,2,1,50,8,-1,-1,-1,-1,3,E01001116,0,-1
2020200934837,2020,200934837,2,9,0,5,5,7,3,0,0,4,0,0,0,0,1,1,6,6,1,-1,-1,-1,-1,-1,-1,-1,-1,0,-1
2020360968265,2020,360968265,1,9,0,13,13,-1,5,0,0,0,0,0,0,0,4,1,6,6,3,-1,-1,-1,-1,-1,-1,-1,-1,0,-1
2020122000561,2020,122000561,1,9,0,7,7,5,3,0,0,8,0,0,0,0,1,1,1,1,1,39,7,-1,-1,-1,-1,4,E01027678,0,-1
2020450997348,2020,450997348,1,1,0,13,13,7,3,0,0,2,5,0,0,0,3,1,5,6,1,31,6,-1,-1,-1,-1,6,E01030631,0,-1
2020100982511,2020,100982511,3,9,0,2,2,8,2,0,0,1,0,0,0,0,2,1,6,6,3,-1,-1,-1,-1,-1,-1,-1,-1,0,-1
2020360950475,2020,360950475,1,9,0,18,19,5,1,0,0,0,0,0,0,0,0,1,1,1,1,31,6,-1,-1,-1,-1,7,E01026917,0,-1
2020332000897,2020,332000897,1,5,0,18,19,8,4,0,0,8,0,0,0,0,1,1,6,6,1,34,6,-1,-1,-1,-1,6,E01026953,0,-1
2020010254376,2020,010254376,2,1,0,18,19,5,1,9,9,8,0,0,0,0,1,1,6,6,1,12,3,-1,-1,-1,-1,2,E01004089,0,-1
2020010252633,2020,010252633,2,9,0,99,99,9,9,99,99,9,9,99,9,99,9,9,6,6,3,-1,-1,-1,-1,-1,-1,-1,-1,0,-1
2020332000761,2020,332000761,1,9,0,18,19,8,4,0,0,8,0,0,0,0,1,1,6,6,2,24,5,-1,-1,-1,-1,3,E01013613,0,-1
2020370936900,2020,370936900,1,9,0,17,19,5,1,0,0,0,0,0,7,0,1,1,2,2,1,21,5,-1,-1,-1,-1,6,E01022053,0,-1
2020010252891,2020,010252891,2,9,0,5,5,5,1,0,0,8,0,0,0,0,0,1,6,6,3,-1,-1,-1,-1,-1,-1,-1,-1,0,-1
2020991001824,2020,991001824,2,1,0,18,19,2,6,0,0,0,0,0,0,0,1,1,6,6,1,26,6,-1,-1,-1,-1,5,-1,0,-1
2020010271244,2020,010271244,2,1,0,18,19,1,5,0,0,8,0,0,0,0,2,1,6,6,2,11,3,-1,-1,-1,-1,3,E01001864,0,-1
2020470970857,2020,470970857,1,19,0,10,10,4,2,0,0,1,0,0,0,0,3,2,1,1,1,20,4,-1,-1,-1,-1,-1,-1,0,-1
2020010245708,2020,010245708,1,4,0,99,99,9,9,99,99,9,9,99,9,99,9,1,6,6,3,-1,-1,-1,-1,-1,-1,-1,-1,0,-1
202060Y066967,2020,60Y066967,2,98,0,18,19,4,8,0,0,0,0,0,0,0,1,1,1,1,1,30,6,-1,-1,-1,-1,-1,-1,0,-1
2020430008198,2020,430008198,1,8,0,18,19,4,8,0,0,0,0,0,0,0,1,1,1,1,1,62,9,-1,-1,-1,-1,5,E01016460,0,-1
2020531008514,2020,531008514,2,1,0,18,19,3,7,0,0,8,0,0,0,0,3,1,5,6,1,81,11,-1,-1,-1,-1,7,E01022287,0,-1
2020010262560,2020,010262560,2,11,0,99,99,9,9,99,99,9,9,99,9,99,9,9,6,6,3,-1,-1,-1,-1,-1,-1,-1,-1,0,-1
2020010272803,2020,010272803,1,1,0,18,19,7,3,0,0,8,0,0,0,0,3,1,1,1,2,45,7,-1,-1,-1,-1,2,E01004467,0,-1
2020200968408,2020,200968408,3,9,0,18,19,6,1,0,0,0,0,0,0,0,2,1,1,1,1,38,7,-1,-1,-1,-1,4,E01009012,0,-1
2020520003711,2020,520003711,1,9,0,18,19,2,6,0,0,3,0,0,0,0,1,1,6,6,2,62,9,-1,-1,-1,-1,2,E01029097,0,-1
2020010249022,2020,010249022,1,1,0,99,99,9,9,0,0,0,0,99,9,99,9,1,6,6,2,55,8,-1,-1,-1,-1,4,E01002792,0,-1
2020522004574,2020,522004574,2,1,0,18,19,8,4,0,0,1,0,0,0,0,1,1,6,6,1,35,6,-1,-1,-1,-1,5,E01014534,0,-1
2020370991018,2020,370991018,1,9,0,9,9,4,1,0,0,8,0,0,0,0,4,1,2,2,1,22,5,-1,-1,-1,-1,5,E01029960,0,-1
2020160980959,2020,160980959,2,1,0,9,9,3,2,0,0,0,0,0,0,0,1,1,6,6,1,27,6,-1,-1,-1,-1,6,E01013105,0,-1
2020332001211,2020,332001211,2,9,0,18,19,5,1,0,0,0,0,0,0,0,0,1,6,6,1,-1,-1,-1,-1,-1,-1,-1,-1,0,-1
2020010281298,2020,010281298,1,9,0,1,1,7,3,99,99,0,9,99,9,99,2,9,6,6,2,-1,-1,-1,-1,-1,-1,10,E01003745,0,-1
2020622000611,2020,622000611,1,4,0,15,15,1,5,0,0,0,0,0,0,0,4,1,6,6,1,26,6,-1,-1,-1,-1,3,W01001804,0,-1
2020010256871,2020,010256871,2,9,0,2,2,0,0,0,0,2,0,0,0,0,1,1,6,6,3,-1,-1,-1,-1,-1,-1,-1,-1,0,-1
2020500940942,2020,500940942,1,9,0,14,14,5,1,0,0,1,0,0,0,0,4,1,6,6,3,-1,-1,-1,-1,-1,-1,-1,-1,0,-1
2020010273383,2020,010273383,1,1,9,99,99,9,9,99,99,9,9,99,9,99,1,1,2,2,1,29,6,-1,-1,-1,-1,10,E01003461,0,-1
20201376T0665,2020,1376T0665,1,9,0,18,19,5,1,0,0,0,0,0,0,0,1,1,6,6,2,-1,-1,-1,-1,-1,-1,-1,-1,0,-1
2020040994797,2020,040994797,1,90,0,18,19,5,1,0,0,0,2,0,5,6,3,1,5,6,2,60,9,-1,-1,-1,-1,9,E01028916,0,-1
2020430015669,2020,430015669,1,9,0,5,5,2,6,0,0,4,0,0,0,0,3,1,2,2,1,30,6,-1,-1,-1,-1,7,E01028638,0,-1
2020440075103,2020,440075103,1,1,0,18,19,2,6,0,0,1,0,0,0,0,1,1,6,6,1,30,6,-1,-1,-1,-1,3,E01017244,0,-1
2020010255076,2020,010255076,1,1,9,99,99,9,9,99,99,9,9,99,9,99,9,1,6,6,1,63,9,-1,-1,-1,-1,2,E01004471,0,-1
202054A675620,2020,54A675620,2,19,0,3,3,1,5,0,0,1,0,0,0,0,2,1,6,6,1,34,6,-1,-1,-1,-1,-1,-1,0,-1
2020440272539,2020,440272539,1,9,0,18,19,4,2,0,0,8,0,0,0,0,1,1,2,2,1,48,8,-1,-1,-1,-1,8,E01022667,0,-1
2020100972760,2020,100972760,1,9,0,9,9,1,7,0,0,3,0,0,0,0,1,1,6,6,3,-1,-1,-1,-1,-1,-1,-1,-1,0,-1
2020010270611,2020,010270611,2,1,0,5,5,7,3,0,0,8,0,0,0,0,1,1,6,6,1,25,5,-1,-1,-1,-1,9,E01017672,0,-1
2020010255022,2020,010255022,2,3,0,99,99,9,9,99,99,9,9,99,9,99,1,9,6,6,3,-1,-1,-1,-1,-1,-1,-1,-1,0,-1
2020410994510,2020,410994510,1,9,0,18,19,3,7,0,0,2,0,0,0,0,0,1,6,6,3,-1,-1,-1,-1,-1,-1,-1,-1,0,-1
2020010264556,2020,010264556,1,1,9,99,99,9,9,99,99,1,9,99,9,99,1,1,6,6,1,58,9,-1,-1,-1,-1,3,E01000944,0,-1
2020410971501,2020,410971501,1,9,0,18,19,1,5,0,0,0,0,0,0,0,3,1,5,6,1,26,6,-1,-1,-1,-1,4,E01023296,0,-1
2020030924849,2020,030924849,1,9,0,5,5,8,4,0,0,5,0,0,0,0,1,1,5,6,2,22,5,-1,-1,-1,-1,4,E01019218,0,-1
2020320569412,2020,320569412,1,9,0,18,19,7,3,0,0,8,5,7,5,6,1,1,1,1,1,52,8,-1,-1,-1,-1,8,E01027040,0,-1
2020540386919,2020,540386919,1,9,0,9,9,2,6,0,0,4,0,0,0,0,1,1,1,1,2,50,8,-1,-1,-1,-1,9,E01015586,0,-1
2020430355378,2020,430355378,1,4,0,18,19,2,6,0,0,1,0,0,0,0,1,1,6,6,1,-1,-1,-1,-1,-1,-1,-1,-1,0,-1
2020332001101,2020,332001101,2,9,0,18,19,6,2,0,0,0,0,0,0,0,0,1,6,6,2,74,10,-1,-1,-1,-1,-1,-1,0,-1
2020052001501,2020,052001501,1,9,0,18,19,1,5,0,0,6,0,0,0,0,1,1,6,6,3,-1,-1,-1,-1,-1,-1,-1,-1,0,-1
202063A082820,2020,63A082820,1,19,0,5,5,4,8,0,0,6,0,0,0,0,3,1,6,6,3,-1,-1,-1,-1,-1,-1,-1,-1,0,-1
2020421004855,2020,421004855,1,9,0,5,5,2,6,0,0,3,0,0,0,0,1,1,1,1,1,33,6,-1,-1,-1,-1,3,E01000441,0,-1
202060Y036355,2020,60Y036355,1,9,0,16,19,6,1,0,0,0,2,0,7,11,1,1,6,6,1,25,5,-1,-1,-1,-1,-1,-1,0,-1
2020544230720,2020,544230720,2,1,0,18,19,7,3,0,0,1,0,0,0,0,1,1,6,6,1,58,9,-1,-1,-1,-1,6,E01032076,0,-1
2020370989195,2020,370989195,2,1,0,7,7,2,7,0,0,2,5,0,0,0,1,1,4,7,2,11,3,-1,-1,-1,-1,2,E01030254,0,-1
2020350950427,2020,350950427,1,9,0,18,19,5,1,0,0,1,0,0,0,0,1,1,2,2,1,26,6,-1,-1,-1,-1,5,E01023800,0,-1
2020200988169,2020,200988169,3,9,0,8,8,6,8,0,0,1,0,0,0,0,0,1,1,1,1,-1,-1,-1,-1,-1,-1,-1,-1,0,-1
2020430158634,2020,430158634,2,11,0,18,19,6,2,0,0,0,0,0,0,0,2,1,1,1,3,-1,-1,-1,-1,-1,-1,-1,-1,0,-1
2020470919934,2020,470919934,3,9,0,2,2,0,0,0,0,2,0,0,0,0,2,1,6,6,3,-1,-1,-1,-1,-1,-1,-1,-1,0,-1
202060Y167627,2020,60Y167627,1,9,0,18,19,4,8,0,0,2,0,0,0,0,1,1,6,6,1,60,9,-1,-1,-1,-1,-1,-1,0,-1
2020010259177,2020,010259177,2,9,0,99,99,9,9,99,99,9,9,99,9,99,9,9,6,6,1,59,9,-1,-1,-1,-1,9,E01003680,0,-1
2020522003851,2020,522003851,1,9,0,18,19,1,5,0,0,0,0,0,0,0,1,1,6,6,3,-1,-1,-1,-1,-1,-1,-1,-1,0,-1
2020501015149,2020,501015149,1,9,0,18,19,7,3,0,0,0,0,0,0,0,1,1,6,6,3,-1,-1,-1,-1,-1,-1,-1,-1,0,-1
2020470972828,2020,470972828,2,1,0,18,19,3,7,0,0,8,0,0,0,0,1,1,6,6,1,52,8,-1,-1,-1,-1,10,E01021210,0,-1
2020200942882,2020,200942882,2,1,0,18,19,6,2,0,0,8,0,0,0,0,2,1,2,2,1,37,7,-1,-1,-1,-1,3,E01009184,0,-1
2020332000894,2020,332000894,1,9,0,16,19,8,3,0,0,0,1,0,8,9,2,1,2,2,1,21,5,-1,-1,-1,-1,3,E01032437,0,-1
2020410962693,2020,410962693,2,19,0,18,19,2,6,0,0,1,0,0,0,0,0,1,5,6,1,45,7,-1,-1,-1,-1,8,E01009736,0,-1
202060Y128278,2020,60Y128278,1,5,0,13,13,4,8,0,0,0,1,0,0,0,1,1,6,6,1,69,10,-1,-1,-1,-1,-1,-1,0,-1
2020010282287,2020,010282287,1,1,0,5,5,7,3,0,0,1,0,0,0,0,1,1,1,1,1,44,7,-1,-1,-1,-1,2,E01000007,0,-1
2020010251211,2020,010251211,2,1,0,18,19,3,7,5,5,1,0,0,0,0,1,1,1,1,1,31,6,-1,-1,-1,-1,8,E01003777,0,-1
202006L274109,2020,06L274109,1,9,0,1,1,1,5,0,0,1,0,0,0,0,2,1,6,6,1,30,6,-1,-1,-1,-1,-1,-1,0,-1
2020220978635,2020,220978635,3,1,0,18,19,7,3,0,0,0,0,0,0,0,3,1,5,6,1,55,8,-1,-1,-1,-1,8,E01028833,0,-1
2020100928675,2020,100928675,1,8,0,7,7,7,1,0,0,8,0,0,0,0,1,1,1,1,1,-1,-1,-1,-1,-1,-1,-1,-1,0,-1
20201377E0721,2020,1377E0721,1,9,0,18,19,2,6,0,0,0,0,4,0,0,3,1,6,6,3,-1,-1,-1,-1,-1,-1,-1,-1,0,-1
2020010268678,2020,010268678,2,1,0,18,19,1,5,0,0,1,5,8,1,0,1,1,6,6,1,36,7,-1,-1,-1,-1,5,E01003413,0,-1
2020302001581,2020,302001581,2,1,0,18,19,1,5,0,0,0,0,0,0,0,1,1,1,1,1,31,6,-1,-1,-1,-1,4,E01019824,0,-1
2020522003625,2020,522003625,2,9,0,18,19,3,7,0,0,8,0,0,0,0,3,1,6,6,3,-1,-1,-1,-1,-1,-1,-1,-1,0,-1
2020332000374,2020,332000374,1,9,0,5,5,2,6,0,0,4,0,0,0,0,1,1,1,1,1,35,6,-1,-1,-1,-1,1,E01013651,0,-1
2020100966910,2020,100966910,1,9,0,18,19,1,5,0,0,0,0,0,0,0,4,1,6,6,1,76,11,-1,-1,-1,-1,9,E01027491,0,-1
2020420950331,2020,420950331,2,9,0,2,2,0,0,0,0,0,0,0,1,0,2,1,6,6,3,-1,-1,-1,-1,-1,-1,-1,-1,0,-1
20201376N1459,2020,1376N1459,1,3,0,18,19,4,8,0,0,0,0,0,0,0,1,1,6,6,1,25,5,-1,-1,-1,-1,2,E01010930,0,-1
2020450925278,2020,450925278,2,1,0,18,19,1,5,0,0,8,0,0,0,0,2,1,6,6,1,25,5,-1,-1,-1,-1,6,E01030681,0,-1
2020302000549,2020,302000549,1,9,0,18,19,1,6,0,0,8,0,0,0,0,1,1,6,6,1,36,7,-1,-1,-1,-1,6,E01013528,0,-1
2020450917371,2020,450917371,2,1,0,18,19,5,1,0,0,0,0,0,0,0,4,1,1,1,1,22,5,-1,-1,-1,-1,10,E01016208,0,-1
2020552000218,2020,552000218,2,1,0,9,9,3,1,0,0,5,0,0,0,0,3,1,6,6,3,15,3,-1,-1,-1,-1,4,E01015327,0,-1
202063B024420,2020,63B024420,1,19,0,13,13,2,6,0,0,0,0,0,0,0,1,1,1,1,1,58,9,-1,-1,-1,-1,7,E01024985,0,-1
2020350977608,2020,350977608,1,21,1,12,12,4,8,0,0,0,0,0,0,0,3,1,6,6,3,-1,-1,-1,-1,-1,-1,-1,-1,0,-1
2020440041462,2020,440041462,2,9,0,18,19,6,2,0,0,0,0,0,0,0,1,1,6,6,3,-1,-1,-1,-1,-1,-1,-1,-1,0,-1
2020460963339,2020,460963339,1,9,0,13,13,6,2,0,0,0,0,0,0,0,3,1,6,6,1,-1,-1,-1,-1,-1,-1,-1,-1,0,-1
2020450927236,2020,450927236,2,9,0,18,19,5,1,0,0,0,0,0,0,0,2,1,6,6,1,33,6,-1,-1,-1,-1,-1,-1,0,-1
2020522100072,2020,522100072,2,1,0,18,19,1,5,0,0,8,0,0,0,0,3,1,6,6,2,32,6,-1,-1,-1,-1,9,E01014557,0,-1
2020052001862,2020,052001862,1,1,0,18,19,3,7,0,0,1,0,0,0,0,1,1,6,6,1,9,2,-1,-1,-1,-1,1,E01006757,0,-1
2020052000606,2020,052000606,1,9,0,18,19,1,5,0,0,0,0,0,0,0,1,1,6,6,3,-1,-1,-1,-1,-1,-1,-1,-1,0,-1
2020548032320,2020,548032320,2,9,0,18,19,1,4,0,0,0,0,0,0,0,2,1,6,6,1,53,8,-1,-1,-1,-1,3,E01029029,0,-1
2020420972448,2020,420972448,2,1,0,18,19,6,2,0,0,1,0,0,0,0,3,1,5,6,2,35,6,-1,-1,-1,-1,2,E01004246,0,-1
2020010273273,2020,010273273,1,9,0,18,19,2,6,0,0,0,0,0,0,0,4,1,6,6,3,-1,-1,-1,-1,-1,-1,-1,-1,0,-1
202006A173387,2020,06A173387,2,9,0,9,9,2,8,0,0,8,0,0,0,0,3,1,2,2,1,25,5,-1,-1,-1,-1,1,E01006019,0,-1
2020122000481,2020,122000481,2,1,0,18,19,7,3,0,0,1,0,0,0,0,1,1,6,6,1,14,3,-1,-1,-1,-1,10,E01027717,0,-1
2020332001173,2020,332001173,1,9,0,2,2,0,0,0,0,0,0,0,0,0,0,1,1,1,1,35,6,-1,-1,-1,-1,-1,-1,0,-1
2020610038120,2020,610038120,2,1,0,15,15,7,3,0,0,1,1,0,0,0,1,1,6,6,1,17,4,-1,-1,-1,-1,1,W01001652,0,-1
202031D178720,2020,31D178720,1,1,0,18,19,7,3,0,0,0,0,0,0,0,4,1,6,6,2,15,3,-1,-1,-1,-1,10,E01028361,0,-1
2020451006841,2020,451006841,2,97,0,18,19,7,3,0,0,0,2,0,0,0,1,1,6,6,1,30,6,-1,-1,-1,-1,-1,-1,0,-1
2020200968528,2020,200968528,2,9,0,18,19,7,3,0,0,6,0,0,0,0,1,1,6,6,3,-1,-1,-1,-1,-1,-1,-1,-1,0,-1
2020332001187,2020,332001187,1,9,0,18,19,5,1,0,0,0,0,0,0,0,0,1,6,6,1,28,6,-1,-1,-1,-1,-1,-1,0,-1
2020200944395,2020,200944395,1,97,0,18,19,-1,-1,0,0,0,0,0,0,0,1,1,6,6,1,16,4,-1,-1,-1,-1,1,E01009409,0,-1
2020010228834,2020,010228834,1,9,0,99,99,9,9,99,99,9,9,99,9,99,9,9,6,6,3,-1,-1,-1,-1,-1,-1,-1,-1,0,-1
2020052001830,2020,052001830,1,19,0,1,1,2,6,0,0,0,0,0,0,0,2,1,6,6,1,41,7,-1,-1,-1,-1,6,E01006951,0,-1
2020410981902,2020,410981902,2,1,-1,-1,-1,-1,-1,-1,-1,-1,-1,-1,-1,0,-1,1,6,6,1,30,6,-1,-1,-1,-1,7,E01023902,0,-1
202006M270785,2020,06M270785,2,1,0,18,19,2,6,0,0,0,0,0,0,0,4,1,6,6,1,51,8,-1,-1,-1,-1,3,E01006171,0,-1
202006A174539,2020,06A174539,2,1,0,18,19,7,3,0,0,8,0,0,0,0,1,1,2,2,2,23,5,-1,-1,-1,-1,2,E01032907,0,-1
2020410945056,2020,410945056,3,9,0,3,3,6,3,0,0,2,0,0,0,0,3,1,6,6,2,57,9,-1,-1,-1,-1,8,E01023629,0,-1
2020160957605,2020,160957605,2,9,0,2,2,0,0,0,0,0,0,0,0,0,4,2,6,6,3,-1,-1,-1,-1,-1,-1,-1,-1,0,-1
20201375S1176,2020,1375S1176,1,9,0,18,19,4,8,0,0,0,0,0,0,0,1,1,6,6,1,-1,-1,-1,-1,-1,-1,-1,-1,0,-1
2020332000366,2020,332000366,2,9,0,10,10,8,6,0,0,1,0,0,0,0,1,1,6,6,1,29,6,-1,-1,-1,-1,4,E01025843,0,-1
2020052000782,2020,052000782,1,9,0,18,19,5,1,0,0,1,0,0,0,0,1,1,6,6,3,-1,-1,-1,-1,-1,-1,-1,-1,0,-1
2020200953500,2020,200953500,1,9,0,18,19,2,6,0,0,1,0,10,1,11,1,1,6,6,2,35,6,-1,-1,-1,-1,2,E01010560,0,-1
2020470922221,2020,470922221,1,9,0,18,19,7,2,0,0,1,0,0,0,0,1,1,6,6,2,-1,-1,-1,-1,-1,-1,-1,-1,0,-1
2020440197702,2020,440197702,2,9,0,2,2,0,0,0,0,0,0,0,0,0,3,1,6,6,3,-1,-1,-1,-1,-1,-1,-1,-1,0,-1
2020522001016,2020,522001016,1,9,0,18,19,5,1,0,0,6,0,0,1,11,1,1,6,6,1,32,6,-1,-1,-1,-1,5,E01015005,0,-1
2020140969316,2020,140969316,2,1,0,13,13,6,2,0,0,1,0,0,0,0,1,1,6,6,1,26,6,-1,-1,-1,-1,7,E01007867,0,-1
2020137241077,2020,137241077,1,8,0,1,1,0,0,0,0,0,0,0,0,0,1,1,6,6,3,-1,-1,-1,-1,-1,-1,-1,-1,0,-1
2020070117480,2020,070117480,2,9,0,18,19,2,6,0,0,1,0,0,0,0,4,1,6,6,2,45,7,-1,-1,-1,-1,8,E01018344,0,-1
2020110988372,2020,110988372,1,9,0,18,19,5,1,0,0,1,0,0,0,0,1,1,6,6,1,30,6,-1,-1,-1,-1,-1,-1,0,-1
2020010262728,2020,010262728,1,-1,0,18,19,3,7,0,0,0,0,0,0,0,0,1,6,6,1,33,6,-1,-1,-1,-1,1,E01002040,1,-1
2020370937698,2020,370937698,1,9,0,18,19,7,3,0,0,8,0,0,0,0,0,1,6,6,3,-1,-1,-1,-1,-1,-1,-1,-1,0,-1
2020320405993,2020,320405993,1,9,0,18,19,5,1,0,0,8,0,0,0,0,1,1,2,2,2,46,8,-1,-1,-1,-1,-1,-1,0,-1
2020040925319,2020,040925319,3,90,0,18,19,7,7,0,0,2,0,0,0,0,0,1,1,1,1,38,7,-1,-1,-1,-1,9,E01025277,0,-1
2020070671653,2020,070671653,1,19,0,17,19,5,1,0,0,0,1,0,0,0,3,2,1,1,1,46,8,-1,-1,-1,-1,-1,-1,0,-1
202006A275966,2020,06A275966,1,1,0,18,19,3,7,0,0,0,0,0,0,0,3,1,6,6,1,29,6,-1,-1,-1,-1,2,E01005344,0,-1
2020410980625,2020,410980625,2,90,0,17,19,-1,-1,0,0,8,0,0,0,0,2,1,6,6,3,-1,-1,-1,-1,-1,-1,-1,-1,0,-1
2020010256813,2020,010256813,1,9,0,7,7,2,4,0,0,1,0,0,0,0,1,1,6,6,3,-1,-1,-1,-1,-1,-1,-1,-1,0,-1
2020220953722,2020,220953722,2,1,0,18,19,6,2,0,0,0,0,0,0,0,1,1,5,6,1,18,4,-1,-1,-1,-1,2,E01032304,0,-1
2020010263347,2020,010263347,1,9,0,18,19,8,4,0,0,0,0,0,0,0,4,1,6,6,3,-1,-1,-1,-1,-1,-1,-1,-1,0,-1
2020010246582,2020,010246582,2,1,0,18,19,4,8,0,0,1,0,0,0,0,1,1,2,2,1,39,7,-1,-1,-1,-1,7,E01000135,0,-1
2020470967601,2020,470967601,2,9,0,18,19,3,7,0,0,2,0,0,0,0,3,1,1,1,1,60,9,-1,-1,-1,-1,5,E01016892,0,-1
202060Y171581,2020,60Y171581,1,9,0,16,19,1,5,0,0,0,0,0,7,11,1,1,2,2,2,21,5,-1,-1,-1,-1,-1,-1,0,-1
2020450951617,2020,450951617,2,1,0,7,7,5,1,0,0,0,0,0,0,0,1,1,5,6,1,16,4,-1,-1,-1,-1,9,E01030330,0,-1
2020332000874,2020,332000874,1,9,0,18,19,1,5,0,0,2,0,0,1,11,1,1,6,6,1,27,6,-1,-1,-1,-1,1,E01010053,0,-1
2020522000245,2020,522000245,2,9,0,12,12,5,3,0,0,1,0,0,0,0,4,1,6,6,3,-1,-1,-1,-1,-1,-1,-1,-1,0,-1
2020201019053,2020,201019053,1,97,0,12,12,5,1,0,0,0,0,2,0,0,1,1,6,6,1,-1,-1,-1,-1,-1,-1,-1,-1,0,-1
2020052002452,2020,052002452,2,1,0,18,19,6,2,0,0,0,0,0,0,0,0,1,6,6,1,37,7,-1,-1,-1,-1,1,E01006648,0,-1
2020220973005,2020,220973005,1,5,0,9,9,2,8,0,0,6,0,0,0,0,1,1,5,6,1,69,10,-1,-1,-1,-1,1,E01009836,0,-1
202006K166954,2020,06K166954,1,9,0,5,5,8,4,0,0,0,0,0,0,0,0,1,6,6,3,-1,-1,-1,-1,-1,-1,-1,-1,0,-1
2020010245635,2020,010245635,1,1,0,18,19,2,6,4,4,0,1,0,0,0,0,1,6,6,1,27,6,-1,-1,-1,-1,3,E01003841,0,-1
2020070404955,2020,070404955,2,1,0,18,19,4,8,0,0,0,5,0,0,0,0,1,6,6,1,66,10,-1,-1,-1,-1,10,E01012517,0,-1
2020122000932,2020,122000932,1,19,0,18,19,2,6,0,0,0,0,0,0,0,4,1,6,6,3,-1,-1,-1,-1,-1,-1,-1,-1,0,-1
2020500946221,2020,500946221,1,9,0,16,19,2,5,0,0,0,0,0,0,0,1,1,6,6,1,57,9,-1,-1,-1,-1,4,E01018938,0,-1
2020010270987,2020,010270987,2,9,0,8,8,2,4,1,1,6,0,0,0,0,3,1,6,6,3,-1,-1,-1,-1,-1,-1,-1,-1,0,-1
2020010279908,2020,010279908,1,1,9,99,99,9,9,99,99,8,9,99,9,99,9,1,2,2,1,20,4,-1,-1,-1,-1,6,E01001917,0,-1
2020332000789,2020,332000789,2,9,0,2,2,0,0,0,0,2,0,0,0,0,3,1,6,6,1,63,9,-1,-1,-1,-1,8,E01025868,0,-1
2020332000463,2020,332000463,1,9,0,18,19,5,1,0,0,8,0,10,7,0,4,1,1,1,1,34,6,-1,-1,-1,-1,1,E01013621,0,-1
2020010247531,2020,010247531,2,1,0,18,19,7,3,2,2,1,0,0,0,0,3,1,6,6,1,25,5,-1,-1,-1,-1,4,E01003119,0,-1