collision_index,collision_year,collision_ref_no,vehicle_reference,vehicle_type,towing_and_articulation,vehicle_manoeuvre_historic,vehicle_manoeuvre,vehicle_direction_from,vehicle_direction_to,vehicle_location_restricted_lane_historic,vehicle_location_restricted_lane,junction_location,skidding_and_overturning,hit_object_in_carriageway,vehicle_leaving_carriageway,hit_object_off_carriageway,first_point_of_impact,vehicle_left_hand_drive,journey_purpose_of_driver_historic,journey_purpose_of_driver,sex_of_driver,age_of_driver,age_band_of_driver,engine_capacity_cc,propulsion_code,age_of_vehicle,generic_make_model,driver_imd_decile,lsoa_of_driver,escooter_flag,driver_distance_banding
2020440219240,2020,440219240,1,9,0,17,19,5,1,0,0,0,0,0,0,0,3,1,6,6,2,29,6,-1,-1,-1,-1,9,E01032848,0,-1
2020420975298,2020,420975298,2,1,0,18,19,5,1,0,0,1,0,0,0,0,2,1,6,6,1,-1,-1,-1,-1,-1,-1,4,E01021374,0,-1
2020200990183,2020,200990183,3,9,0,3,3,7,3,0,0,0,0,0,0,0,2,1,6,6,1,47,8,-1,-1,-1,-1,1,E01010364,0,-1
2020070782805,2020,070782805,1,9,0,18,19,8,4,0,0,0,0,4,0,0,1,1,6,6,1,-1,-1,-1,-1,-1,-1,-1,-1,0,-1
2020230966698,2020,230966698,1,9,0,18,19,7,3,0,0,0,0,8,0,0,1,1,5,6,3,38,7,-1,-1,-1,-1,-1,-1,0,-1
2020122001331,2020,122001331,1,1,0,4,4,7,3,4,4,1,1,0,0,0,0,1,6,6,1,59,9,-1,-1,-1,-1,6,E01013412,0,-1
2020052002350,2020,052002350,2,1,0,18,19,5,1,0,0,0,0,0,0,0,1,1,6,6,1,17,4,-1,-1,-1,-1,4,E01025474,0,-1
2020010265964,2020,010265964,1,1,0,18,19,3,7,99,99,0,9,99,0,0,9,1,6,6,1,59,9,-1,-1,-1,-1,5,E01003080,0,-1
2020040957000,2020,040957000,3,1,0,9,9,3,8,0,0,4,0,0,0,0,0,1,2,2,1,48,8,-1,-1,-1,-1,6,E01025433,0,-1
2020431011446,2020,431011446,1,1,0,18,19,1,5,0,0,0,0,0,1,0,4,1,5,6,1,74,10,-1,-1,-1,-1,10,E01016604,0,-1
2020430068354,2020,430068354,2,19,0,18,19,5,1,0,0,0,0,0,0,0,4,1,1,1,1,57,9,-1,-1,-1,-1,8,E01028716,0,-1
2020361004039,2020,361004039,2,1,0,18,19,6,2,0,0,0,2,0,0,0,1,1,6,6,1,19,4,-1,-1,-1,-1,6,E01026863,0,-1
2020320584828,2020,320584828,2,1,0,5,5,6,2,0,0,1,5,0,0,0,0,1,6,6,1,60,9,-1,-1,-1,-1,-1,-1,0,-1
2020440015653,2020,440015653,1,1,0,18,19,6,2,0,0,8,0,0,0,0,1,1,1,1,1,50,8,-1,-1,-1,-1,6,E01023237,0,-1
2020010265642,2020,010265642,1,1,9,99,99,9,9,99,99,0,9,99,9,99,1,1,2,2,1,32,6,-1,-1,-1,-1,2,E01003594,0,-1
20201378V0621,2020,1378V0621,2,9,0,5,5,8,4,0,0,0,0,0,0,0,3,1,1,1,1,-1,-1,-1,-1,-1,-1,-1,-1,0,-1
2020302000147,2020,302000147,2,1,0,18,19,7,3,0,0,4,0,0,0,0,4,1,6,6,1,62,9,-1,-1,-1,-1,4,E01019690,0,-1
2020430105296,2020,430105296,4,9,0,2,2,0,0,0,0,0,0,0,0,0,0,1,6,6,3,-1,-1,-1,-1,-1,-1,-1,-1,0,-1
2020010263120,2020,010263120,1,-1,0,18,19,3,7,0,0,8,0,0,0,0,1,1,6,6,1,24,5,-1,-1,-1,-1,1,E01000528,1,-1
2020430274107,2020,430274107,2,1,0,18,19,1,6,4,4,0,0,0,0,0,1,1,6,6,1,23,5,-1,-1,-1,-1,5,E01028588,0,-1
2020371005995,2020,371005995,2,1,0,10,10,2,8,0,0,1,0,0,0,0,2,1,2,2,1,53,8,-1,-1,-1,-1,6,E01030275,0,-1
202060Y008015,2020,60Y008015,1,9,0,8,8,8,4,0,0,1,0,0,0,0,0,1,6,6,1,49,8,-1,-1,-1,-1,-1,-1,0,-1
2020332000230,2020,332000230,1,9,0,18,19,7,3,0,0,0,2,0,7,4,3,1,6,6,2,71,10,-1,-1,-1,-1,9,E01025816,0,-1
202006M171453,2020,06M171453,2,1,0,18,19,3,7,0,0,8,0,0,0,0,4,1,6,6,1,20,4,-1,-1,-1,-1,9,E01006117,0,-1
2020990970901,2020,990970901,2,1,0,18,19,5,1,0,0,1,5,0,1,0,1,1,5,6,1,14,3,-1,-1,-1,-1,2,-1,0,-1
202006E277118,2020,06E277118,1,9,0,7,7,6,8,0,0,8,0,0,0,0,4,1,6,6,3,-1,-1,-1,-1,-1,-1,-1,-1,0,-1
2020400972438,2020,400972438,1,9,0,18,19,3,1,0,0,1,0,0,0,0,1,1,5,6,1,39,7,-1,-1,-1,-1,7,E01017431,0,-1
2020010265798,2020,010265798,2,1,0,18,19,7,3,0,0,1,0,0,0,0,4,1,1,1,1,21,5,-1,-1,-1,-1,6,E01000568,0,-1
2020010260292,2020,010260292,1,8,0,3,3,7,3,0,0,0,0,0,0,0,0,1,1,1,1,43,7,-1,-1,-1,-1,5,E01001344,0,-1
2020010238991,2020,010238991,2,1,9,99,99,9,9,99,99,9,9,99,9,99,9,1,6,6,1,-1,-1,-1,-1,-1,-1,-1,-1,0,-1
2020137AD0730,2020,137AD0730,2,1,0,18,19,4,8,0,0,1,0,0,0,0,3,1,6,6,2,28,6,-1,-1,-1,-1,4,E01011678,0,-1
2020990955784,2020,990955784,2,9,0,18,19,2,6,0,0,0,0,0,0,0,2,1,1,1,1,44,7,-1,-1,-1,-1,1,-1,0,-1
2020430248214,2020,430248214,2,1,0,9,9,4,2,0,0,8,0,0,0,0,3,1,6,6,1,51,8,-1,-1,-1,-1,7,E01028509,0,-1
2020430272691,2020,430272691,1,1,0,9,9,2,7,0,0,5,0,0,0,0,3,1,6,6,1,50,8,-1,-1,-1,-1,10,E01016660,0,-1
2020220955514,2020,220955514,2,1,0,18,19,6,2,0,0,0,0,0,0,0,3,1,5,6,1,52,8,-1,-1,-1,-1,5,E01014078,0,-1
2020350952657,2020,350952657,1,1,0,18,19,1,5,0,0,0,0,0,0,0,2,1,5,6,1,32,6,-1,-1,-1,-1,1,E01015664,0,-1
2020010237580,2020,010237580,1,1,9,99,99,9,9,99,99,9,9,99,9,99,9,1,2,2,1,37,7,-1,-1,-1,-1,5,E01004046,0,-1
2020991000450,2020,991000450,2,9,0,9,9,4,2,0,0,1,0,0,0,0,2,1,6,6,1,50,8,-1,-1,-1,-1,-1,-1,0,-1
2020010228494,2020,010228494,2,1,0,9,9,1,6,0,0,8,0,0,0,0,4,1,6,6,1,45,7,-1,-1,-1,-1,10,E01003811,0,-1
2020170M10890,2020,170M10890,2,9,0,18,19,5,1,0,0,8,0,0,0,0,1,1,6,6,1,-1,-1,-1,-1,-1,-1,-1,-1,0,-1
2020122001080,2020,122001080,1,19,0,9,9,1,7,8,6,5,0,0,0,0,4,1,1,1,1,65,9,-1,-1,-1,-1,1,E01027907,0,-1
2020481002082,2020,481002082,2,1,0,18,19,3,7,0,0,8,0,0,0,0,1,1,2,2,1,34,6,-1,-1,-1,-1,2,E01003338,0,-1
2020201008205,2020,201008205,1,1,0,7,7,6,8,0,0,5,0,0,0,0,1,1,6,6,1,78,11,-1,-1,-1,-1,3,E01010097,0,-1
2020430274994,2020,430274994,2,5,0,18,19,4,8,0,0,8,0,0,0,0,1,1,6,6,1,55,8,-1,-1,-1,-1,8,E01014773,0,-1
2020410944508,2020,410944508,1,97,0,14,14,4,8,0,0,0,0,0,0,0,4,1,6,6,3,-1,-1,-1,-1,-1,-1,-1,-1,0,-1
202006XK68104,2020,06XK68104,1,9,0,4,4,8,4,0,0,0,0,0,0,0,1,1,6,6,1,32,6,-1,-1,-1,-1,1,E01013479,0,-1
2020160917563,2020,160917563,2,9,0,9,9,7,5,0,0,6,0,0,0,0,3,1,2,2,2,53,8,-1,-1,-1,-1,4,E01013303,0,-1
2020200948768,2020,200948768,1,1,0,18,19,6,2,0,0,0,0,0,0,0,1,1,6,6,1,20,4,-1,-1,-1,-1,3,E01033567,0,-1
2020137AU0972,2020,137AU0972,1,9,0,11,11,1,4,0,0,0,0,0,0,0,3,1,6,6,1,-1,-1,-1,-1,-1,-1,-1,-1,0,-1
2020010256426,2020,010256426,2,9,0,5,5,5,1,0,0,1,9,0,0,99,4,9,6,6,1,-1,-1,-1,-1,-1,-1,-1,-1,0,-1
2020010252846,2020,010252846,3,9,9,5,5,3,7,0,0,0,0,0,0,0,3,9,6,6,1,26,6,-1,-1,-1,-1,2,E01000781,0,-1
2020320682576,2020,320682576,2,9,0,18,19,8,2,0,0,3,0,0,0,0,1,1,6,6,1,28,6,-1,-1,-1,-1,6,E01026272,0,-1
2020160976279,2020,160976279,1,1,0,18,19,5,1,0,0,6,0,0,0,0,1,1,2,2,2,14,3,-1,-1,-1,-1,5,E01012819,0,-1
2020010231637,2020,010231637,2,9,0,99,99,9,9,99,99,9,9,99,9,99,1,9,6,6,3,-1,-1,-1,-1,-1,-1,-1,-1,0,-1
2020010282193,2020,010282193,1,1,9,99,99,9,9,99,99,9,9,99,9,99,9,1,2,2,1,18,4,-1,-1,-1,-1,5,E01004461,0,-1
2020140992402,2020,140992402,1,9,0,18,19,2,8,0,0,1,0,0,0,0,1,1,6,6,3,-1,-1,-1,-1,-1,-1,-1,-1,0,-1
202031D054120,2020,31D054120,1,9,0,10,10,8,4,0,0,8,0,0,0,0,1,1,6,6,3,-1,-1,-1,-1,-1,-1,-1,-1,0,-1
2020440014004,2020,440014004,2,9,0,18,19,1,5,0,0,8,0,0,0,0,1,1,6,6,1,67,10,-1,-1,-1,-1,6,E01022551,0,-1
2020160957094,2020,160957094,2,1,0,5,5,5,1,4,4,2,0,0,0,0,2,1,5,6,1,15,3,-1,-1,-1,-1,5,E01012767,0,-1
2020450959703,2020,450959703,2,90,0,7,7,7,3,0,0,6,0,0,0,0,1,1,5,6,1,9,2,-1,-1,-1,-1,7,E01030993,0,-1
2020110972777,2020,110972777,3,9,0,2,2,0,0,6,6,1,0,0,0,0,3,1,6,6,3,-1,-1,-1,-1,-1,-1,-1,-1,0,-1
2020500972385,2020,500972385,2,1,0,18,19,1,5,0,0,1,0,0,0,0,2,1,6,6,2,8,2,-1,-1,-1,-1,4,E01018757,0,-1
2020140932316,2020,140932316,2,9,0,3,3,6,2,0,0,1,0,0,0,0,0,1,5,6,1,-1,-1,-1,-1,-1,-1,1,E01008119,0,-1
2020010247967,2020,010247967,2,9,0,18,19,3,7,0,0,1,0,0,0,0,1,1,6,6,3,-1,-1,-1,-1,-1,-1,-1,-1,0,-1
2020140976642,2020,140976642,1,1,0,5,5,1,5,0,0,6,0,0,0,0,1,1,5,6,1,29,6,-1,-1,-1,-1,2,E01008089,0,-1
2020010246261,2020,010246261,1,1,9,99,99,9,9,99,99,9,9,99,9,99,1,1,6,6,2,29,6,-1,-1,-1,-1,2,E01032805,0,-1
2020200948303,2020,200948303,1,9,0,5,5,1,5,0,0,6,0,0,0,0,1,1,6,6,3,-1,-1,-1,-1,-1,-1,-1,-1,0,-1
2020070413186,2020,070413186,2,1,0,18,19,1,5,0,0,1,0,0,0,0,1,1,6,6,2,42,7,-1,-1,-1,-1,9,E01012518,0,-1
2020122001093,2020,122001093,2,19,0,18,19,1,5,0,0,0,0,0,0,0,3,1,6,6,3,-1,-1,-1,-1,-1,-1,-1,-1,0,-1
2020160963938,2020,160963938,7,9,0,2,2,0,0,0,0,0,0,0,0,0,1,1,6,6,3,-1,-1,-1,-1,-1,-1,-1,-1,0,-1
2020520100324,2020,520100324,1,9,4,9,9,1,8,0,0,8,0,0,0,0,2,1,6,6,1,26,6,-1,-1,-1,-1,8,E01029212,0,-1
2020990961373,2020,990961373,1,1,0,18,19,8,4,0,0,0,5,0,0,0,4,1,5,6,1,12,3,-1,-1,-1,-1,6,-1,0,-1
2020440360610,2020,440360610,1,9,0,18,19,8,4,0,0,0,0,0,0,0,1,1,2,2,1,30,6,-1,-1,-1,-1,6,E01022507,0,-1
2020332000727,2020,332000727,2,9,0,18,19,2,6,0,0,8,0,0,0,0,4,1,6,6,1,33,6,-1,-1,-1,-1,2,E01013772,0,-1
202063C004720,2020,63C004720,1,9,0,16,19,6,1,0,0,0,1,0,2,10,1,1,6,6,2,18,4,-1,-1,-1,-1,6,W01000613,0,-1
2020461011845,2020,461011845,6,9,0,2,2,0,0,0,0,0,0,0,0,0,2,1,6,6,3,-1,-1,-1,-1,-1,-1,-1,-1,0,-1
2020501001721,2020,501001721,1,9,0,18,19,1,5,0,0,8,0,0,0,0,1,1,5,6,3,-1,-1,-1,-1,-1,-1,-1,-1,0,-1
2020010253263,2020,010253263,1,1,0,18,19,5,1,0,0,0,0,0,0,0,0,1,6,6,1,45,7,-1,-1,-1,-1,4,E01002592,0,-1
2020421002666,2020,421002666,2,9,0,2,2,0,0,0,0,0,0,0,0,0,3,1,6,6,3,-1,-1,-1,-1,-1,-1,-1,-1,0,-1
202031C079820,2020,31C079820,2,9,0,10,10,1,7,0,0,1,0,0,0,0,4,1,6,6,2,52,8,-1,-1,-1,-1,-1,-1,0,-1
2020040993370,2020,040993370,4,9,0,2,2,0,0,0,0,1,0,4,0,0,2,1,6,6,3,-1,-1,-1,-1,-1,-1,-1,-1,0,-1
2020320317321,2020,320317321,1,9,0,9,9,3,1,0,0,6,0,0,0,0,1,1,6,6,2,-1,-1,-1,-1,-1,-1,-1,-1,0,-1
2020440201271,2020,440201271,1,9,0,18,19,6,2,0,0,0,0,0,0,0,3,1,2,2,1,76,11,-1,-1,-1,-1,10,E01022741,0,-1
2020332001104,2020,332001104,2,9,0,18,19,3,7,0,0,0,0,0,0,0,0,1,6,6,3,-1,-1,-1,-1,-1,-1,-1,-1,0,-1
2020332000252,2020,332000252,1,9,0,1,1,4,8,0,0,0,0,0,0,0,2,1,6,6,1,17,4,-1,-1,-1,-1,2,E01013659,0,-1
202063A010320,2020,63A010320,2,9,0,18,19,-1,-1,0,0,0,0,0,0,0,2,1,6,6,1,29,6,-1,-1,-1,-1,2,W01000705,0,-1
2020122100081,2020,122100081,4,8,0,18,19,4,8,0,0,0,1,0,0,0,2,1,6,6,1,43,7,-1,-1,-1,-1,-1,-1,0,-1
2020990998425,2020,990998425,2,1,0,18,19,3,7,0,0,1,0,0,0,0,3,1,5,6,1,60,9,-1,-1,-1,-1,1,-1,0,-1
2020160918084,2020,160918084,2,1,0,9,9,7,3,0,0,3,0,0,0,0,3,1,6,6,1,50,8,-1,-1,-1,-1,3,E01012807,0,-1
2020370954813,2020,370954813,2,1,0,18,19,-1,-1,0,0,0,0,0,0,0,1,1,5,6,1,47,8,-1,-1,-1,-1,7,E01029911,0,-1
2020010239527,2020,010239527,2,9,0,99,99,9,9,99,99,0,9,99,9,99,9,9,6,6,3,-1,-1,-1,-1,-1,-1,-1,-1,0,-1
2020332000845,2020,332000845,1,9,0,9,9,8,6,0,0,6,0,0,0,0,1,1,6,6,1,79,11,-1,-1,-1,-1,8,E01025671,0,-1
2020552100093,2020,552100093,1,9,0,18,19,8,4,0,0,0,0,0,0,0,1,1,6,6,2,58,9,-1,-1,-1,-1,8,E01020450,0,-1
20201377I1709,2020,1377I1709,2,1,0,18,19,8,4,0,0,8,0,0,0,0,0,1,6,6,1,19,4,-1,-1,-1,-1,8,E01032945,0,-1
2020470951834,2020,470951834,2,9,0,12,12,5,1,0,0,1,0,0,1,0,3,1,2,2,1,29,6,-1,-1,-1,-1,8,E01031642,0,-1
2020991000843,2020,991000843,1,19,0,5,5,5,1,0,0,1,0,0,0,0,1,1,6,6,1,35,6,-1,-1,-1,-1,-1,-1,0,-1
2020332001124,2020,332001124,1,9,0,18,19,4,8,0,0,0,0,0,0,0,0,1,6,6,2,25,5,-1,-1,-1,-1,-1,-1,0,-1
2020350992791,2020,350992791,4,9,0,18,19,3,7,0,0,0,0,0,0,0,0,1,5,6,1,31,6,-1,-1,-1,-1,2,E01026958,0,-1
2020450949220,2020,450949220,1,9,0,5,5,3,7,0,0,1,0,0,0,0,1,1,6,6,3,45,7,-1,-1,-1,-1,6,E01030336,0,-1
2020010282111,2020,010282111,2,1,0,18,19,1,5,0,0,1,0,0,2,10,3,1,6,6,1,19,4,-1,-1,-1,-1,6,E01001159,0,-1
2020010274774,2020,010274774,1,1,9,99,99,9,9,99,99,9,9,99,9,99,9,1,2,2,1,38,7,-1,-1,-1,-1,7,E01002343,0,-1
2020010248406,2020,010248406,2,20,0,99,99,9,9,99,99,9,9,99,9,99,1,9,6,6,3,30,6,-1,-1,-1,-1,-1,-1,0,-1
2020010279463,2020,010279463,2,1,0,18,19,7,3,0,0,1,0,0,0,0,1,1,6,6,2,46,8,-1,-1,-1,-1,8,E01002230,0,-1
2020010281080,2020,010281080,1,1,0,99,99,9,9,0,0,0,0,0,0,0,9,1,6,6,2,-1,-1,-1,-1,-1,-1,2,E01003265,0,-1
2020552001108,2020,552001108,1,1,0,18,19,2,6,4,4,8,0,0,0,0,1,1,6,6,1,25,5,-1,-1,-1,-1,2,E01015384,0,-1
2020991010543,2020,991010543,2,9,0,3,3,7,2,0,0,1,0,0,0,0,2,1,1,1,1,51,8,-1,-1,-1,-1,2,-1,0,-1
2020010261569,2020,010261569,2,1,0,7,7,1,4,2,2,1,0,0,1,0,1,1,2,2,1,37,7,-1,-1,-1,-1,4,E01002063,0,-1
2020010276125,2020,010276125,2,9,0,99,99,9,9,99,99,9,9,99,9,99,3,9,6,6,3,-1,-1,-1,-1,-1,-1,4,E01004330,0,-1
2020160926486,2020,160926486,2,9,0,18,19,1,5,0,0,1,0,0,0,0,4,1,2,2,1,31,6,-1,-1,-1,-1,3,E01012866,0,-1
2020201014010,2020,201014010,1,90,0,1,1,6,2,0,0,0,0,0,0,0,2,1,6,6,3,-1,-1,-1,-1,-1,-1,-1,-1,0,-1
2020100921646,2020,100921646,1,9,0,18,19,7,3,0,0,1,0,0,0,0,1,1,6,6,2,-1,-1,-1,-1,-1,-1,-1,-1,0,-1
2020010249519,2020,010249519,2,9,0,99,99,9,9,99,99,9,9,99,9,99,9,9,6,6,3,62,9,-1,-1,-1,-1,4,E01002088,0,-1
2020470916596,2020,470916596,2,9,0,18,19,4,8,0,0,8,0,0,0,0,1,1,5,6,1,78,11,-1,-1,-1,-1,6,E01031390,0,-1
2020200984396,2020,200984396,2,1,0,18,19,3,7,0,0,4,0,0,0,0,1,1,6,6,1,43,7,-1,-1,-1,-1,6,E01010469,0,-1
2020500956366,2020,500956366,2,1,0,18,19,7,3,0,0,8,0,0,0,0,1,1,6,6,1,-1,-1,-1,-1,-1,-1,6,E01018803,0,-1
2020420959367,2020,420959367,1,1,0,18,19,7,3,0,0,0,5,0,0,0,3,1,5,6,1,45,7,-1,-1,-1,-1,2,E01021314,0,-1
2020430326687,2020,430326687,2,3,0,18,19,8,4,0,0,8,0,0,0,0,1,1,1,1,1,27,6,-1,-1,-1,-1,-1,-1,0,-1
2020622000785,2020,622000785,2,-1,0,18,19,2,6,0,0,1,0,0,0,0,1,1,6,6,1,19,4,-1,-1,-1,-1,1,W01000814,1,-1
2020010252126,2020,010252126,2,2,0,9,9,5,2,0,0,5,0,0,0,0,1,1,6,6,3,-1,-1,-1,-1,-1,-1,-1,-1,0,-1
2020470998940,2020,470998940,2,9,0,3,3,7,3,0,0,8,0,0,0,0,2,1,5,6,1,49,8,-1,-1,-1,-1,5,E01016884,0,-1
2020400979599,2020,400979599,3,9,0,18,19,4,8,0,0,1,0,0,0,0,1,1,1,1,1,38,7,-1,-1,-1,-1,3,E01027124,0,-1
2020350934592,2020,350934592,1,97,-1,-1,-1,-1,-1,-1,-1,-1,-1,-1,-1,0,-1,1,6,6,3,-1,-1,-1,-1,-1,-1,-1,-1,0,-1
2020552000310,2020,552000310,1,9,0,18,19,4,1,0,0,0,0,0,0,0,4,1,6,6,3,-1,-1,-1,-1,-1,-1,-1,-1,0,-1
2020010266725,2020,010266725,2,1,0,18,19,7,3,0,0,0,0,0,0,0,1,1,6,6,2,45,7,-1,-1,-1,-1,7,E01004639,0,-1
202031A092820,2020,31A092820,1,9,0,18,19,2,6,0,0,0,0,7,0,0,1,1,6,6,2,40,7,-1,-1,-1,-1,5,E01019461,0,-1
2020122000993,2020,122000993,1,1,0,18,19,2,6,0,0,0,1,0,0,0,0,1,6,6,1,46,8,-1,-1,-1,-1,7,E01012241,0,-1
2020302001129,2020,302001129,2,9,0,3,3,3,4,0,0,0,0,0,0,0,2,1,6,6,3,-1,-1,-1,-1,-1,-1,5,E01019456,0,-1
2020010263386,2020,010263386,2,1,0,5,5,3,7,0,0,4,0,0,0,0,3,1,6,6,1,26,6,-1,-1,-1,-1,5,E01003072,0,-1
2020052001164,2020,052001164,1,9,0,9,9,3,1,0,0,6,0,0,0,0,1,2,6,6,1,69,10,-1,-1,-1,-1,8,E01006792,0,-1
2020622000795,2020,622000795,1,4,0,18,19,4,8,0,0,0,0,10,1,7,1,1,6,6,1,27,6,-1,-1,-1,-1,1,W01001166,0,-1
2020320124266,2020,320124266,1,9,0,18,19,1,5,0,0,0,0,0,0,0,3,1,2,2,1,46,8,-1,-1,-1,-1,5,E01013236,0,-1
2020010242292,2020,010242292,1,9,0,6,6,3,3,0,0,1,0,0,0,0,0,1,6,6,3,-1,-1,-1,-1,-1,-1,-1,-1,0,-1
2020137BU0781,2020,137BU0781,3,9,0,18,19,3,7,0,0,1,0,0,0,0,1,1,6,6,1,38,7,-1,-1,-1,-1,7,E01011588,0,-1
2020450974278,2020,450974278,1,1,0,17,19,1,5,0,0,4,0,0,0,0,2,1,5,6,1,30,6,-1,-1,-1,-1,8,E01030409,0,-1
2020160987217,2020,160987217,2,1,0,18,19,2,6,4,4,0,0,0,0,0,1,1,6,6,1,43,7,-1,-1,-1,-1,1,E01012877,0,-1
2020400915712,2020,400915712,1,21,4,18,19,8,4,0,0,0,0,4,0,0,1,2,1,1,1,40,7,-1,-1,-1,-1,-1,-1,0,-1
2020200927479,2020,200927479,2,1,-1,-1,-1,-1,-1,-1,-1,-1,-1,-1,-1,0,-1,1,6,6,2,52,8,-1,-1,-1,-1,3,E01010092,0,-1
2020420985498,2020,420985498,1,9,0,7,7,1,2,0,0,6,0,0,0,0,0,1,6,6,3,-1,-1,-1,-1,-1,-1,-1,-1,0,-1
2020052001316,2020,052001316,2,9,0,18,19,8,4,0,0,0,0,0,0,0,0,1,6,6,3,-1,-1,-1,-1,-1,-1,-1,-1,0,-1
2020411006733,2020,411006733,1,3,0,13,13,6,2,0,0,1,0,0,0,0,1,1,5,6,1,17,4,-1,-1,-1,-1,3,E01017596,0,-1
2020010279206,2020,010279206,2,1,0,18,19,2,6,0,0,1,0,0,0,0,2,1,6,6,1,51,8,-1,-1,-1,-1,4,E01000921,0,-1
202063AF00121,2020,63AF00121,4,19,0,11,11,1,5,0,0,1,1,0,0,0,0,1,6,6,1,47,8,-1,-1,-1,-1,5,W01000764,0,-1
2020052001708,2020,052001708,3,1,0,18,19,2,6,0,0,0,0,0,0,0,3,1,6,6,1,39,7,-1,-1,-1,-1,1,E01006981,0,-1
2020010246675,2020,010246675,1,1,9,99,99,9,9,99,99,1,9,99,9,99,1,1,2,2,1,39,7,-1,-1,-1,-1,6,E01031676,0,-1
202006F274973,2020,06F274973,2,1,0,18,19,4,8,0,0,8,0,0,0,0,4,1,6,6,1,39,7,-1,-1,-1,-1,2,E01005145,0,-1
2020220943011,2020,220943011,2,1,0,18,19,3,7,0,0,4,0,0,0,0,3,1,5,6,1,57,9,-1,-1,-1,-1,4,E01028968,0,-1
2020110929366,2020,110929366,2,1,0,18,19,1,5,0,0,0,2,8,0,0,1,1,5,6,1,20,4,-1,-1,-1,-1,-1,-1,0,-1
2020040956687,2020,040956687,2,1,0,18,19,1,5,0,0,0,0,0,0,0,4,1,6,6,2,5,1,-1,-1,-1,-1,-1,-1,0,-1
2020302000328,2020,302000328,1,9,0,18,19,2,6,0,0,0,0,0,0,0,3,1,6,6,3,-1,-1,-1,-1,-1,-1,-1,-1,0,-1
2020010278521,2020,010278521,1,1,9,99,99,9,9,99,99,0,9,99,9,99,1,1,6,6,1,42,7,-1,-1,-1,-1,2,E01003297,0,-1
20201371N0935,2020,1371N0935,2,9,0,5,5,5,3,0,0,1,0,0,0,0,3,1,1,1,1,50,8,-1,-1,-1,-1,8,E01011297,0,-1
2020440409821,2020,440409821,1,1,0,4,4,7,3,0,0,1,0,0,0,0,0,1,6,6,1,22,5,-1,-1,-1,-1,9,E01030536,0,-1
2020460989313,2020,460989313,2,1,0,18,19,3,7,0,0,0,0,0,0,0,1,1,4,7,1,15,3,-1,-1,-1,-1,7,E01024691,0,-1
202063C079320,2020,63C079320,1,1,0,7,7,5,8,9,9,5,0,0,0,0,1,1,6,6,3,-1,-1,-1,-1,-1,-1,-1,-1,0,-1
2020010267779,2020,010267779,1,9,9,6,6,4,4,0,0,1,0,0,9,99,0,1,6,6,1,-1,-1,-1,-1,-1,-1,-1,-1,0,-1
2020010275113,2020,010275113,2,21,1,18,19,5,1,0,0,0,0,0,0,0,1,2,1,1,1,56,9,-1,-1,-1,-1,-1,-1,0,-1
2020052001543,2020,052001543,1,1,0,18,19,3,7,0,0,6,0,0,0,0,1,1,6,6,1,28,6,-1,-1,-1,-1,1,E01006863,0,-1
2020420933826,2020,420933826,3,9,0,3,3,2,2,0,0,0,0,0,0,0,2,1,1,1,1,41,7,-1,-1,-1,-1,8,E01021717,0,-1
2020010267404,2020,010267404,2,1,0,7,7,5,7,0,0,3,0,0,0,0,4,1,6,6,1,32,6,-1,-1,-1,-1,3,E01000335,0,-1
2020332000566,2020,332000566,2,9,0,2,2,0,0,0,0,8,0,0,0,0,3,1,6,6,3,-1,-1,-1,-1,-1,-1,-1,-1,0,-1
2020440489657,2020,440489657,1,1,0,16,19,8,4,0,0,1,0,11,0,0,0,1,6,6,1,64,9,-1,-1,-1,-1,9,E01022727,0,-1
2020610026420,2020,610026420,2,9,0,18,19,8,6,0,0,0,0,0,0,0,0,1,6,6,1,-1,-1,-1,-1,-1,-1,-1,-1,0,-1
202006A368195,2020,06A368195,1,9,0,18,19,8,4,0,0,1,0,0,0,0,1,1,6,6,3,-1,-1,-1,-1,-1,-1,-1,-1,0,-1
2020610038720,2020,610038720,2,1,0,10,10,4,8,0,0,1,0,0,0,0,3,1,6,6,1,37,7,-1,-1,-1,-1,8,W01001672,0,-1
2020010259297,2020,010259297,2,19,9,99,99,9,9,99,99,9,9,99,9,99,9,9,6,6,1,-1,-1,-1,-1,-1,-1,-1,-1,0,-1
2020137461205,2020,137461205,1,1,0,18,19,5,1,0,0,1,0,0,0,0,4,1,6,6,1,19,4,-1,-1,-1,-1,10,E01010946,0,-1
2020140918200,2020,140918200,2,9,0,7,7,6,8,0,0,6,0,0,0,0,3,1,6,6,3,-1,-1,-1,-1,-1,-1,-1,-1,0,-1
2020547345720,2020,547345720,2,22,0,18,19,7,3,9,9,1,0,0,0,0,4,1,6,6,1,34,6,-1,-1,-1,-1,5,E01015516,0,-1
2020010249725,2020,010249725,1,1,9,99,99,9,9,99,99,9,9,99,9,99,1,1,2,2,1,34,6,-1,-1,-1,-1,8,E01004806,0,-1
2020010251303,2020,010251303,2,19,0,99,99,9,9,99,99,9,9,99,9,99,9,9,6,6,3,-1,-1,-1,-1,-1,-1,-1,-1,0,-1
2020010238187,2020,010238187,1,9,0,99,99,9,9,99,99,1,9,99,9,99,1,9,6,6,3,-1,-1,-1,-1,-1,-1,-1,-1,0,-1
2020010281184,2020,010281184,1,1,0,9,9,4,2,0,0,8,0,0,0,0,0,1,6,6,1,18,4,-1,-1,-1,-1,10,E01004104,0,-1
2020200981911,2020,200981911,2,9,0,18,19,-1,-1,0,0,8,0,0,0,0,1,1,6,6,1,-1,-1,-1,-1,-1,-1,-1,-1,0,-1
2020440414494,2020,440414494,1,19,0,18,19,6,2,0,0,1,0,0,0,0,4,1,6,6,3,-1,-1,-1,-1,-1,-1,-1,-1,0,-1
2020302000994,2020,302000994,2,1,0,12,12,2,6,0,0,1,0,0,0,0,4,1,6,6,1,53,8,-1,-1,-1,-1,9,E01019762,0,-1
2020450986325,2020,450986325,1,1,0,18,19,5,1,4,4,0,2,0,0,0,1,1,5,6,1,52,8,-1,-1,-1,-1,10,E01023114,0,-1
2020010228663,2020,010228663,3,19,0,99,99,9,9,99,99,1,9,99,9,99,9,9,6,6,1,-1,-1,-1,-1,-1,-1,-1,-1,0,-1