collision_index,collision_year,collision_ref_no,vehicle_reference,vehicle_type,towing_and_articulation,vehicle_manoeuvre_historic,vehicle_manoeuvre,vehicle_direction_from,vehicle_direction_to,vehicle_location_restricted_lane_historic,vehicle_location_restricted_lane,junction_location,skidding_and_overturning,hit_object_in_carriageway,vehicle_leaving_carriageway,hit_object_off_carriageway,first_point_of_impact,vehicle_left_hand_drive,journey_purpose_of_driver_historic,journey_purpose_of_driver,sex_of_driver,age_of_driver,age_band_of_driver,engine_capacity_cc,propulsion_code,age_of_vehicle,generic_make_model,driver_imd_decile,lsoa_of_driver,escooter_flag,driver_distance_banding
2020990949457,2020,990949457,2,1,0,18,19,1,7,0,0,3,0,0,0,0,4,1,5,6,1,33,6,-1,-1,-1,-1,1,-1,0,-1
2020350944144,2020,350944144,2,9,0,18,19,3,7,0,0,0,0,0,0,0,1,1,6,6,1,30,6,-1,-1,-1,-1,8,E01018268,0,-1
2020430167714,2020,430167714,2,9,0,18,19,8,4,0,0,1,0,0,0,0,1,1,1,1,1,48,8,-1,-1,-1,-1,2,E01000049,0,-1
2020530974546,2020,530974546,1,9,0,18,19,-1,-1,0,0,0,0,0,0,0,4,1,6,6,2,-1,-1,-1,-1,-1,-1,-1,-1,0,-1
2020420990443,2020,420990443,1,9,0,9,9,3,1,0,0,1,0,0,0,0,1,1,1,1,1,34,6,-1,-1,-1,-1,4,E01021674,0,-1
2020522101000,2020,522101000,2,1,0,5,5,5,1,0,0,0,0,0,0,0,1,1,6,6,1,12,3,-1,-1,-1,-1,4,E01033364,0,-1
2020040958623,2020,040958623,2,1,0,18,19,3,7,0,0,0,0,0,0,0,1,1,5,6,2,24,5,-1,-1,-1,-1,6,E01025121,0,-1
2020100970858,2020,100970858,2,1,0,18,19,7,3,0,0,1,0,0,1,0,0,1,5,6,1,35,6,-1,-1,-1,-1,-1,-1,0,-1
2020522000151,2020,522000151,1,9,0,18,19,4,8,0,0,8,0,0,0,0,1,1,6,6,1,30,6,-1,-1,-1,-1,5,E01014534,0,-1
2020010232412,2020,010232412,2,9,9,99,99,9,9,99,99,9,9,99,9,99,9,9,-1,-1,3,-1,-1,-1,-1,-1,-1,-1,-1,0,-1
2020350965252,2020,350965252,1,19,0,18,19,6,3,0,0,0,0,0,0,0,1,1,6,6,1,45,7,-1,-1,-1,-1,-1,-1,0,-1
2020350975510,2020,350975510,1,98,-1,7,7,2,6,0,0,0,0,0,0,0,-1,1,1,1,1,-1,-1,-1,-1,-1,-1,-1,-1,0,-1
2020440257826,2020,440257826,1,19,0,18,19,1,5,0,0,1,0,0,0,0,1,1,6,6,1,37,7,-1,-1,-1,-1,9,E01023227,0,-1
2020332001126,2020,332001126,2,1,0,18,19,4,8,0,0,0,0,0,0,0,0,1,6,6,1,56,9,-1,-1,-1,-1,-1,-1,0,-1
2020430262882,2020,430262882,2,1,0,17,19,8,5,0,0,8,0,0,0,0,1,1,6,6,1,70,10,-1,-1,-1,-1,4,E01016447,0,-1
2020010276502,2020,010276502,2,5,0,18,19,3,7,0,0,1,1,0,0,0,4,1,6,6,1,34,6,-1,-1,-1,-1,6,E01001571,0,-1
2020440289597,2020,440289597,1,9,0,9,9,7,5,0,0,5,0,0,0,0,1,1,6,6,1,37,7,-1,-1,-1,-1,5,E01017024,0,-1
2020052001152,2020,052001152,1,1,0,18,19,7,3,0,0,8,0,0,0,0,1,1,6,6,1,33,6,-1,-1,-1,-1,5,E01032931,0,-1
20201376P0599,2020,1376P0599,2,1,0,18,19,3,6,0,0,0,0,0,0,0,2,1,6,6,2,43,7,-1,-1,-1,-1,8,E01011066,0,-1
2020010266235,2020,010266235,2,1,9,99,99,9,9,99,99,9,9,99,9,99,1,1,6,6,1,-1,-1,-1,-1,-1,-1,-1,-1,0,-1
2020010265900,2020,010265900,2,1,0,18,19,7,3,4,4,1,0,0,0,0,0,1,6,6,2,28,6,-1,-1,-1,-1,9,E01001227,0,-1
2020010235173,2020,010235173,2,8,0,4,4,5,1,0,0,2,0,0,0,0,2,1,1,1,1,56,9,-1,-1,-1,-1,3,E01033593,0,-1
2020010266876,2020,010266876,2,19,9,99,99,9,9,99,99,9,9,99,9,99,1,9,6,6,3,54,8,-1,-1,-1,-1,5,E01000467,0,-1
202060Y113659,2020,60Y113659,2,21,1,12,12,3,6,0,0,1,0,0,0,0,1,1,1,1,1,30,6,-1,-1,-1,-1,-1,-1,0,-1
202006A169106,2020,06A169106,1,9,0,18,19,4,8,0,0,1,0,7,0,10,1,1,6,6,3,-1,-1,-1,-1,-1,-1,-1,-1,0,-1
2020420995972,2020,420995972,2,22,0,2,2,1,5,0,0,0,0,0,0,0,2,1,5,6,2,64,9,-1,-1,-1,-1,5,E01021715,0,-1
2020610038320,2020,610038320,1,9,0,2,2,4,8,0,0,0,0,0,0,0,2,1,6,6,1,27,6,-1,-1,-1,-1,3,W01001516,0,-1
2020140982668,2020,140982668,2,1,0,18,19,1,5,0,0,0,0,0,0,0,1,1,6,6,1,27,6,-1,-1,-1,-1,3,E01007789,0,-1
2020010255686,2020,010255686,1,1,9,99,99,9,9,99,99,9,9,99,9,99,9,1,6,6,2,35,6,-1,-1,-1,-1,9,E01016547,0,-1
2020430221070,2020,430221070,2,1,0,9,9,2,8,0,0,5,0,0,0,0,3,1,6,6,1,60,9,-1,-1,-1,-1,8,E01017741,0,-1
2020430232640,2020,430232640,2,98,1,18,19,1,5,0,0,0,0,0,0,0,4,2,1,1,1,49,8,-1,-1,-1,-1,-1,-1,0,-1
2020040951325,2020,040951325,1,1,0,18,19,7,3,0,0,1,0,0,0,0,1,1,6,6,2,49,8,-1,-1,-1,-1,3,E01025306,0,-1
2020140990558,2020,140990558,2,9,0,18,19,4,1,0,0,1,0,0,0,0,1,1,6,6,3,-1,-1,-1,-1,-1,-1,-1,-1,0,-1
2020010256091,2020,010256091,2,1,0,18,19,3,7,2,2,1,0,0,0,0,1,1,6,6,2,31,6,-1,-1,-1,-1,1,E01004273,0,-1
2020470959954,2020,470959954,3,9,0,2,2,0,0,0,0,1,0,0,0,0,2,1,6,6,3,-1,-1,-1,-1,-1,-1,-1,-1,0,-1
2020052001537,2020,052001537,2,5,0,18,19,8,4,0,0,0,0,0,1,0,1,1,6,6,1,21,5,-1,-1,-1,-1,3,E01006722,0,-1
2020137170240,2020,137170240,2,1,0,18,19,7,3,0,0,8,0,0,0,0,4,1,6,6,1,27,6,-1,-1,-1,-1,4,E01011033,0,-1
2020010273214,2020,010273214,2,20,0,99,99,9,9,99,99,9,9,99,9,99,9,9,6,6,1,-1,-1,-1,-1,-1,-1,-1,-1,0,-1
2020332000846,2020,332000846,1,9,0,18,19,1,5,0,0,8,0,0,0,0,4,1,2,2,1,27,6,-1,-1,-1,-1,2,E01013683,0,-1
2020530982949,2020,530982949,1,1,0,18,19,7,3,0,0,0,0,0,0,0,3,1,5,6,1,39,7,-1,-1,-1,-1,10,E01022366,0,-1
2020140921788,2020,140921788,2,9,0,18,19,6,2,0,0,8,0,0,0,0,4,1,6,6,3,-1,-1,-1,-1,-1,-1,-1,-1,0,-1
2020470931425,2020,470931425,2,9,0,7,7,1,6,0,0,6,0,0,0,0,0,1,6,6,3,-1,-1,-1,-1,-1,-1,-1,-1,0,-1
2020052001200,2020,052001200,1,9,0,18,19,1,4,0,0,0,0,0,0,0,4,1,6,6,1,-1,-1,-1,-1,-1,-1,8,E01019367,0,-1
2020461001887,2020,461001887,4,1,0,18,19,2,6,0,0,0,0,0,0,0,0,1,5,6,2,64,9,-1,-1,-1,-1,4,E01024231,0,-1
2020010272618,2020,010272618,1,1,9,99,99,9,9,99,99,9,9,99,9,99,1,1,6,6,1,24,5,-1,-1,-1,-1,9,E01004604,0,-1
202060Y034274,2020,60Y034274,1,3,0,18,19,4,8,0,0,5,0,0,0,0,1,1,1,1,2,24,5,-1,-1,-1,-1,-1,-1,0,-1
2020522000687,2020,522000687,2,1,0,18,19,4,5,0,0,8,0,0,0,0,3,1,6,6,1,34,6,-1,-1,-1,-1,-1,-1,0,-1
2020200954737,2020,200954737,2,9,0,18,19,7,3,0,0,0,0,0,0,0,1,1,6,6,1,42,7,-1,-1,-1,-1,6,E01016312,0,-1
2020010251660,2020,010251660,1,9,0,99,99,9,9,99,99,9,9,99,9,99,2,9,6,6,2,26,6,-1,-1,-1,-1,4,E01032766,0,-1
2020010278294,2020,010278294,1,19,0,99,99,9,9,99,99,9,9,99,9,99,1,9,6,6,3,-1,-1,-1,-1,-1,-1,-1,-1,0,-1
2020410976326,2020,410976326,1,9,-1,9,9,6,4,0,0,1,0,0,0,0,-1,1,6,6,3,-1,-1,-1,-1,-1,-1,-1,-1,0,-1
2020440114798,2020,440114798,1,1,0,3,3,8,4,0,0,1,0,0,0,0,2,1,6,6,1,47,8,-1,-1,-1,-1,9,E01022894,0,-1
2020430301826,2020,430301826,1,9,0,17,19,1,5,0,0,0,2,0,1,9,1,1,6,6,1,91,11,-1,-1,-1,-1,-1,-1,0,-1
2020332000291,2020,332000291,1,9,0,18,19,7,3,0,0,0,0,0,0,0,1,1,6,6,1,-1,-1,-1,-1,-1,-1,-1,-1,0,-1
2020332000457,2020,332000457,2,1,0,18,19,1,5,0,0,0,0,0,0,0,1,1,6,6,1,40,7,-1,-1,-1,-1,8,E01025792,0,-1
2020522004189,2020,522004189,1,9,0,6,6,3,3,0,0,2,0,0,0,0,0,1,6,6,1,38,7,-1,-1,-1,-1,-1,-1,0,-1
2020070633317,2020,070633317,2,19,0,4,4,3,6,0,0,1,0,0,0,0,2,1,1,1,1,35,6,-1,-1,-1,-1,9,E01018494,0,-1
2020400927948,2020,400927948,2,1,0,18,19,2,6,0,0,1,0,0,0,0,1,1,5,6,1,40,7,-1,-1,-1,-1,8,E01017461,0,-1
2020137CI0235,2020,137CI0235,2,1,0,18,19,8,4,0,0,0,0,0,0,0,1,1,1,1,1,-1,-1,-1,-1,-1,-1,-1,-1,0,-1
2020230936743,2020,230936743,1,9,0,9,9,7,5,0,0,2,0,0,0,0,1,1,5,6,1,63,9,-1,-1,-1,-1,9,E01031151,0,-1
2020332001240,2020,332001240,3,9,0,18,19,3,7,0,0,0,0,0,0,0,0,1,6,6,1,34,6,-1,-1,-1,-1,-1,-1,0,-1
2020450952331,2020,450952331,1,1,0,4,4,3,7,0,0,0,0,0,1,0,0,1,5,6,2,58,9,-1,-1,-1,-1,8,E01030527,0,-1
2020052001479,2020,052001479,2,1,0,18,19,4,8,0,0,8,0,0,0,0,1,1,6,6,1,38,7,-1,-1,-1,-1,9,E01007171,0,-1
2020160999407,2020,160999407,2,1,0,18,19,2,6,0,0,4,0,0,0,0,4,1,6,6,1,-1,-1,-1,-1,-1,-1,-1,-1,0,-1
2020470947924,2020,470947924,2,1,0,5,5,8,5,0,0,4,0,0,0,0,3,1,6,6,1,71,10,-1,-1,-1,-1,3,E01031441,0,-1
2020332000079,2020,332000079,1,9,0,13,13,5,1,0,0,0,0,0,0,0,0,1,6,6,1,27,6,-1,-1,-1,-1,3,E01013744,0,-1
2020460984098,2020,460984098,2,1,0,13,13,5,1,0,0,0,0,0,0,0,1,1,5,6,1,43,7,-1,-1,-1,-1,8,E01024845,0,-1
2020546515020,2020,546515020,1,9,0,18,19,3,7,0,0,1,0,0,0,0,1,1,6,6,1,39,7,-1,-1,-1,-1,3,E01031912,0,-1
2020990959905,2020,990959905,2,1,0,17,19,1,6,0,0,0,1,0,0,0,1,1,5,6,1,59,9,-1,-1,-1,-1,2,-1,0,-1
2020010264656,2020,010264656,1,1,9,99,99,9,9,99,99,9,9,99,9,99,0,1,6,6,2,42,7,-1,-1,-1,-1,2,E01004197,0,-1
202060Y080443,2020,60Y080443,1,9,0,3,3,8,4,0,0,0,0,0,0,0,1,1,6,6,2,55,8,-1,-1,-1,-1,-1,-1,0,-1
2020332000256,2020,332000256,1,9,0,9,9,4,3,0,0,5,0,0,0,0,4,1,6,6,2,51,8,-1,-1,-1,-1,3,E01025976,0,-1
2020522002578,2020,522002578,1,9,0,9,9,6,3,0,0,5,0,0,0,0,1,1,6,6,3,-1,-1,-1,-1,-1,-1,-1,-1,0,-1
2020070750427,2020,070750427,1,9,0,18,19,1,4,0,0,0,0,0,0,0,1,1,6,6,1,89,11,-1,-1,-1,-1,10,E01012452,0,-1
2020010280339,2020,010280339,1,1,9,99,99,9,9,99,99,9,9,99,9,99,1,1,6,6,1,39,7,-1,-1,-1,-1,3,E01003025,0,-1
2020200964367,2020,200964367,1,1,0,18,19,3,7,0,0,2,0,0,0,0,2,1,2,2,1,30,6,-1,-1,-1,-1,1,E01009074,0,-1
2020440140676,2020,440140676,3,9,0,2,2,0,0,0,0,0,0,0,0,0,1,1,6,6,1,54,8,-1,-1,-1,-1,1,E01017280,0,-1
2020010237797,2020,010237797,2,9,0,99,99,9,9,99,99,9,9,99,9,99,9,9,6,6,3,-1,-1,-1,-1,-1,-1,-1,-1,0,-1
2020010228436,2020,010228436,1,9,0,7,7,8,2,0,0,2,5,7,2,10,4,1,6,6,1,24,5,-1,-1,-1,-1,-1,-1,0,-1
2020370940239,2020,370940239,2,1,0,18,19,1,5,0,0,8,0,0,0,0,1,1,5,6,1,25,5,-1,-1,-1,-1,5,E01029960,0,-1
2020450951529,2020,450951529,2,1,0,18,19,1,7,0,0,4,0,0,0,0,2,1,5,6,1,62,9,-1,-1,-1,-1,7,E01033093,0,-1
2020622100051,2020,622100051,1,90,0,7,7,8,3,0,0,8,0,0,0,0,1,1,6,6,1,13,3,-1,-1,-1,-1,1,W01001867,0,-1
2020010252545,2020,010252545,1,1,9,99,99,9,9,99,99,0,9,99,9,99,1,1,6,6,1,35,6,-1,-1,-1,-1,3,E01004562,0,-1
2020451002113,2020,451002113,2,1,0,18,19,5,1,0,0,1,0,0,0,0,2,1,5,6,1,54,8,-1,-1,-1,-1,10,E01030532,0,-1
2020340S08892,2020,340S08892,1,9,0,18,19,5,1,0,0,0,5,0,1,4,1,1,6,6,1,35,6,-1,-1,-1,-1,2,E01017139,0,-1
2020010284550,2020,010284550,1,1,9,99,99,9,9,99,99,9,9,99,9,99,1,1,6,6,1,22,5,-1,-1,-1,-1,6,E01003107,0,-1
2020040976286,2020,040976286,2,1,0,18,19,1,5,0,0,8,0,0,0,0,3,1,5,6,1,33,6,-1,-1,-1,-1,1,E01025120,0,-1
202060Y166764,2020,60Y166764,2,3,0,9,9,7,3,0,0,6,0,0,0,0,3,1,6,6,1,18,4,-1,-1,-1,-1,-1,-1,0,-1
2020440186054,2020,440186054,1,1,0,18,19,4,8,0,0,0,0,0,0,0,3,1,2,2,2,30,6,-1,-1,-1,-1,5,E01017209,0,-1
2020010261792,2020,010261792,1,1,9,99,99,9,9,99,99,0,9,99,9,99,1,1,6,6,1,41,7,-1,-1,-1,-1,5,E01001157,0,-1
2020460985200,2020,460985200,1,9,0,18,19,1,5,0,0,0,0,0,0,0,1,1,5,6,3,-1,-1,-1,-1,-1,-1,-1,-1,0,-1
2020302000615,2020,302000615,2,1,0,18,19,8,4,0,0,0,0,0,0,0,0,1,6,6,1,70,10,-1,-1,-1,-1,4,E01019822,0,-1
2020010285421,2020,010285421,2,1,0,18,19,1,5,0,0,4,0,0,0,0,1,1,6,6,1,23,5,-1,-1,-1,-1,5,E01001381,0,-1
2020460965649,2020,460965649,1,2,0,18,19,5,1,9,9,1,0,12,7,0,1,1,5,6,1,25,5,-1,-1,-1,-1,3,E01024499,0,-1
2020010279055,2020,010279055,2,-1,0,4,4,1,5,0,0,6,0,0,0,0,1,1,6,6,1,28,6,-1,-1,-1,-1,3,E01004200,1,-1
2020010237287,2020,010237287,2,9,9,99,99,9,9,99,99,9,9,99,9,99,9,9,6,6,3,-1,-1,-1,-1,-1,-1,9,E01002468,0,-1
2020052002409,2020,052002409,1,9,0,9,9,5,3,0,0,6,0,0,0,0,3,1,6,6,3,-1,-1,-1,-1,-1,-1,-1,-1,0,-1
2020010272166,2020,010272166,1,1,0,18,19,3,7,0,0,1,0,0,0,0,1,1,2,2,1,25,5,-1,-1,-1,-1,6,E01004749,0,-1
2020100971263,2020,100971263,1,1,0,18,19,3,7,0,0,4,0,0,0,0,1,1,5,6,2,52,8,-1,-1,-1,-1,9,E01008194,0,-1
2020360938364,2020,360938364,2,22,0,18,19,1,5,9,9,1,0,0,0,0,4,1,5,6,2,56,9,-1,-1,-1,-1,4,E01026660,0,-1
2020010245922,2020,010245922,2,1,0,18,19,7,3,0,0,0,0,4,0,0,1,1,6,6,1,28,6,-1,-1,-1,-1,2,E01003061,0,-1
2020370981432,2020,370981432,2,1,0,18,19,3,1,0,0,3,0,0,0,0,1,1,5,6,1,69,10,-1,-1,-1,-1,2,E01030246,0,-1
2020110965542,2020,110965542,2,21,0,2,2,0,0,0,0,0,0,0,2,0,0,1,6,6,3,-1,-1,-1,-1,-1,-1,-1,-1,0,-1
2020031002888,2020,031002888,1,9,0,18,19,6,4,0,0,1,0,0,0,0,1,1,6,6,3,-1,-1,-1,-1,-1,-1,-1,-1,0,-1
2020010242257,2020,010242257,2,9,0,13,13,1,5,0,0,0,9,0,0,99,4,9,6,6,3,-1,-1,-1,-1,-1,-1,-1,-1,0,-1
2020010268264,2020,010268264,2,-1,0,18,19,6,2,0,0,8,0,0,0,0,1,1,6,6,1,29,6,-1,-1,-1,-1,2,E01004392,1,-1
2020010247577,2020,010247577,2,9,0,99,99,9,9,99,99,9,9,99,9,99,9,9,6,6,3,29,6,-1,-1,-1,-1,-1,-1,0,-1
2020430100719,2020,430100719,1,9,0,9,9,6,4,0,0,5,0,0,0,0,4,1,6,6,1,-1,-1,-1,-1,-1,-1,-1,-1,0,-1
2020460957979,2020,460957979,1,98,0,18,19,1,5,0,0,0,0,0,0,0,0,1,6,6,3,-1,-1,-1,-1,-1,-1,-1,-1,0,-1
2020500944211,2020,500944211,1,9,0,18,19,6,2,0,0,0,1,0,0,0,1,1,1,1,1,36,7,-1,-1,-1,-1,2,E01018836,0,-1
2020010260597,2020,010260597,2,9,9,99,99,9,9,99,99,0,9,99,9,99,9,1,6,6,3,-1,-1,-1,-1,-1,-1,-1,-1,0,-1
2020122000216,2020,122000216,2,9,0,7,7,3,1,0,0,8,0,0,0,0,3,1,6,6,3,-1,-1,-1,-1,-1,-1,-1,-1,0,-1
2020010283365,2020,010283365,1,1,0,18,19,7,3,0,0,4,0,0,0,0,1,1,2,2,1,54,8,-1,-1,-1,-1,4,E01001854,0,-1
2020100983052,2020,100983052,1,9,0,18,19,8,4,0,0,0,0,0,0,0,0,1,6,6,3,-1,-1,-1,-1,-1,-1,-1,-1,0,-1
2020010229018,2020,010229018,1,9,0,9,9,6,3,4,4,8,0,0,0,0,4,1,1,1,1,36,7,-1,-1,-1,-1,4,E01031550,0,-1
202054C491420,2020,54C491420,1,9,0,7,7,8,2,0,0,1,0,0,0,0,1,1,6,6,3,30,6,-1,-1,-1,-1,-1,-1,0,-1
2020100976517,2020,100976517,2,1,0,9,9,7,5,0,0,5,0,0,0,0,1,1,6,6,1,15,3,-1,-1,-1,-1,-1,-1,0,-1
2020200999189,2020,200999189,1,98,0,18,19,8,4,0,0,2,0,0,0,0,1,1,6,6,1,-1,-1,-1,-1,-1,-1,-1,-1,0,-1
2020201010590,2020,201010590,2,1,0,18,19,6,2,0,0,8,0,0,0,0,1,1,6,6,1,60,9,-1,-1,-1,-1,7,E01031089,0,-1
2020332000304,2020,332000304,1,9,0,9,9,1,7,0,0,5,0,0,0,0,3,1,6,6,2,22,5,-1,-1,-1,-1,8,E01025679,0,-1
2020440310363,2020,440310363,1,9,0,18,19,3,7,0,0,1,0,0,0,0,1,1,6,6,1,33,6,-1,-1,-1,-1,5,E01023110,0,-1
202006K374498,2020,06K374498,1,9,0,7,7,1,4,0,0,5,0,0,0,0,1,1,6,6,2,28,6,-1,-1,-1,-1,2,E01006326,0,-1
2020010265734,2020,010265734,1,19,0,5,5,1,5,0,0,1,0,0,3,0,1,1,6,6,3,-1,-1,-1,-1,-1,-1,-1,-1,0,-1
2020470916354,2020,470916354,3,9,0,2,2,0,0,0,0,0,0,0,0,0,3,1,6,6,3,-1,-1,-1,-1,-1,-1,-1,-1,0,-1
2020522004705,2020,522004705,2,9,0,18,19,1,5,0,0,1,0,0,0,0,1,1,6,6,1,44,7,-1,-1,-1,-1,10,E01014992,0,-1
2020010254024,2020,010254024,2,1,0,18,19,3,7,5,5,1,0,0,0,0,0,-1,3,7,1,-1,-1,-1,-1,-1,-1,1,E01001210,0,-1
2020160957601,2020,160957601,1,98,0,11,11,2,6,0,0,0,0,0,0,0,2,1,6,6,3,-1,-1,-1,-1,-1,-1,-1,-1,0,-1
202060Y139421,2020,60Y139421,1,97,0,18,19,8,4,0,0,2,0,0,0,0,1,1,6,6,2,42,7,-1,-1,-1,-1,-1,-1,0,-1
2020010256624,2020,010256624,2,11,0,3,3,5,1,0,0,1,0,0,0,0,3,1,1,1,1,53,8,-1,-1,-1,-1,8,E01003710,0,-1
2020140960352,2020,140960352,2,9,0,18,19,3,7,0,0,8,0,0,0,0,3,1,6,6,1,36,7,-1,-1,-1,-1,5,E01008091,0,-1
2020552000643,2020,552000643,2,1,0,18,19,8,4,0,0,8,0,0,0,0,2,1,6,6,1,28,6,-1,-1,-1,-1,8,E01015320,0,-1
2020470976722,2020,470976722,1,1,0,18,19,5,1,0,0,0,0,0,0,0,3,1,5,6,1,12,3,-1,-1,-1,-1,4,E01031428,0,-1
2020520004750,2020,520004750,1,9,0,2,2,0,0,0,0,0,0,0,0,0,1,1,6,6,1,46,8,-1,-1,-1,-1,6,E01029221,0,-1
2020010256051,2020,010256051,1,1,9,99,99,9,9,99,99,9,9,99,9,99,9,1,6,6,1,39,7,-1,-1,-1,-1,5,E01003953,0,-1
2020990959959,2020,990959959,2,1,0,18,19,1,5,0,0,8,0,0,0,0,2,1,5,6,2,40,7,-1,-1,-1,-1,8,-1,0,-1
2020460993741,2020,460993741,2,21,1,18,19,4,8,0,0,0,0,0,0,0,2,1,1,1,1,49,8,-1,-1,-1,-1,-1,-1,0,-1
202031D089320,2020,31D089320,2,1,0,12,12,2,8,0,0,0,0,0,0,0,3,1,6,6,1,57,9,-1,-1,-1,-1,8,E01028168,0,-1
2020140968378,2020,140968378,2,1,0,18,19,4,8,0,0,1,0,0,0,0,1,1,6,6,1,57,9,-1,-1,-1,-1,5,E01011770,0,-1
2020450920456,2020,450920456,2,9,0,2,2,1,5,0,0,0,0,0,0,0,2,1,6,6,3,-1,-1,-1,-1,-1,-1,-1,-1,0,-1
2020040989266,2020,040989266,2,1,0,18,19,1,5,0,0,1,0,0,0,0,0,1,6,6,2,10,2,-1,-1,-1,-1,1,E01012679,0,-1
2020430032067,2020,430032067,1,98,0,18,19,9,9,0,0,8,0,0,0,0,1,1,6,6,1,48,8,-1,-1,-1,-1,-1,-1,0,-1
2020460972575,2020,460972575,1,1,0,18,19,2,6,0,0,0,0,0,0,0,1,1,5,6,1,63,9,-1,-1,-1,-1,3,E01031556,0,-1
2020440011742,2020,440011742,2,9,0,18,19,1,5,0,0,8,0,0,0,0,4,1,2,2,1,53,8,-1,-1,-1,-1,2,E01017119,0,-1
202060Y181076,2020,60Y181076,1,9,0,3,3,8,4,0,0,1,0,0,0,0,1,1,6,6,1,38,7,-1,-1,-1,-1,-1,-1,0,-1
2020160920484,2020,160920484,1,9,0,7,7,4,6,0,0,1,0,0,3,2,1,1,5,6,2,69,10,-1,-1,-1,-1,1,E01012877,0,-1
2020460922405,2020,460922405,2,1,0,18,19,5,7,0,0,0,0,0,0,0,1,1,6,6,2,15,3,-1,-1,-1,-1,3,E01024263,0,-1
2020990995202,2020,990995202,1,9,0,9,9,1,7,0,0,4,0,0,0,0,3,1,5,6,1,68,10,-1,-1,-1,-1,8,-1,0,-1
2020530949197,2020,530949197,2,1,0,18,19,6,2,0,0,8,0,0,0,0,1,1,5,6,1,70,10,-1,-1,-1,-1,9,E01022276,0,-1
2020052000853,2020,052000853,2,1,0,18,19,3,7,0,0,1,0,0,0,0,1,1,6,6,1,34,6,-1,-1,-1,-1,5,E01006590,0,-1
20201376Q2395,2020,1376Q2395,1,1,0,18,19,6,2,9,9,8,0,0,0,0,1,1,6,6,1,16,4,-1,-1,-1,-1,3,E01010836,0,-1
2020520004915,2020,520004915,1,9,0,18,19,7,3,0,0,0,0,0,0,0,2,1,6,6,2,20,4,-1,-1,-1,-1,4,E01029337,0,-1
2020010286376,2020,010286376,1,1,9,99,99,9,9,99,99,9,9,99,9,99,9,1,6,6,2,34,6,-1,-1,-1,-1,9,E01001993,0,-1
2020552001008,2020,552001008,2,1,0,18,19,7,3,0,0,8,0,0,0,0,1,1,6,6,2,70,10,-1,-1,-1,-1,9,E01020356,0,-1
2020360944437,2020,360944437,2,1,0,18,19,4,7,0,0,2,0,0,0,0,1,1,6,6,1,22,5,-1,-1,-1,-1,1,E01026867,0,-1
2020010250585,2020,010250585,2,1,0,18,19,1,5,0,0,1,0,0,0,0,1,1,6,6,1,38,7,-1,-1,-1,-1,3,E01003391,0,-1
2020200951010,2020,200951010,1,2,0,13,13,4,8,0,0,0,2,4,0,0,4,1,6,6,1,-1,-1,-1,-1,-1,-1,-1,-1,0,-1
2020470947903,2020,470947903,2,1,0,18,19,5,1,0,0,1,0,0,0,0,3,1,1,1,1,50,8,-1,-1,-1,-1,4,E01031453,0,-1
2020200933981,2020,200933981,2,9,0,18,19,3,7,0,0,2,0,0,0,0,0,1,6,6,3,-1,-1,-1,-1,-1,-1,-1,-1,0,-1
2020460985910,2020,460985910,1,1,0,18,19,7,3,0,0,6,0,0,0,0,1,1,2,2,1,40,7,-1,-1,-1,-1,1,E01016019,0,-1
2020470973600,2020,470973600,1,19,0,18,19,6,2,0,0,0,0,0,0,0,1,1,6,6,3,-1,-1,-1,-1,-1,-1,-1,-1,0,-1
2020470982606,2020,470982606,2,1,0,18,19,1,6,0,0,8,0,0,0,0,1,1,2,2,2,42,7,-1,-1,-1,-1,3,E01031430,0,-1
2020332000941,2020,332000941,2,9,0,4,4,4,8,0,0,1,0,0,0,0,2,1,6,6,1,34,6,-1,-1,-1,-1,9,E01025979,0,-1
2020100932275,2020,100932275,1,98,-1,5,5,6,3,0,0,4,0,0,0,0,4,1,6,6,3,-1,-1,-1,-1,-1,-1,-1,-1,0,-1
2020990942119,2020,990942119,2,1,0,9,9,1,8,0,0,3,0,0,0,0,3,1,6,6,1,51,8,-1,-1,-1,-1,9,-1,0,-1
2020010258846,2020,010258846,1,1,0,9,9,5,3,0,0,0,0,0,0,0,2,1,6,6,1,20,4,-1,-1,-1,-1,5,E01001232,0,-1
2020440234522,2020,440234522,2,1,0,9,9,1,7,0,0,6,0,0,0,0,3,1,6,6,1,22,5,-1,-1,-1,-1,5,E01017024,0,-1
202031D141220,2020,31D141220,1,9,0,13,13,1,5,0,0,0,0,0,0,0,1,1,6,6,3,-1,-1,-1,-1,-1,-1,-1,-1,0,-1
2020010230588,2020,010230588,1,1,9,99,99,9,9,99,99,4,9,99,9,99,9,1,2,2,1,37,7,-1,-1,-1,-1,4,E01024377,0,-1
2020332000683,2020,332000683,1,9,0,7,7,8,5,0,0,6,0,0,0,0,1,1,6,6,1,20,4,-1,-1,-1,-1,1,E01013673,0,-1
2020302000488,2020,302000488,1,97,0,18,19,1,2,0,0,0,0,0,0,0,0,1,6,6,1,22,5,-1,-1,-1,-1,3,E01028064,0,-1
2020440403387,2020,440403387,1,1,0,18,19,1,5,0,0,8,0,0,0,0,1,1,6,6,1,44,7,-1,-1,-1,-1,8,E01023165,0,-1
2020010255944,2020,010255944,2,9,0,99,99,9,9,99,99,0,9,99,9,99,1,9,6,6,3,-1,-1,-1,-1,-1,-1,-1,-1,0,-1
2020430133327,2020,430133327,2,9,0,7,7,2,4,0,0,5,0,0,0,0,2,1,6,6,1,29,6,-1,-1,-1,-1,5,E01017899,0,-1
2020200984893,2020,200984893,1,1,0,9,9,5,3,0,0,0,0,0,0,0,3,1,6,6,1,18,4,-1,-1,-1,-1,1,E01009117,0,-1
2020542474720,2020,542474720,1,9,0,18,19,4,8,0,0,8,0,0,0,0,1,1,6,6,1,-1,-1,-1,-1,-1,-1,7,E01032699,0,-1
202006J374678,2020,06J374678,1,1,0,18,19,3,8,0,0,8,2,0,0,0,1,1,6,6,1,15,3,-1,-1,-1,-1,7,E01005771,0,-1
202031D155220,2020,31D155220,1,9,0,9,9,4,2,0,0,6,0,0,0,0,4,1,6,6,3,-1,-1,-1,-1,-1,-1,-1,-1,0,-1