collision_index,collision_year,collision_ref_no,vehicle_reference,vehicle_type,towing_and_articulation,vehicle_manoeuvre_historic,vehicle_manoeuvre,vehicle_direction_from,vehicle_direction_to,vehicle_location_restricted_lane_historic,vehicle_location_restricted_lane,junction_location,skidding_and_overturning,hit_object_in_carriageway,vehicle_leaving_carriageway,hit_object_off_carriageway,first_point_of_impact,vehicle_left_hand_drive,journey_purpose_of_driver_historic,journey_purpose_of_driver,sex_of_driver,age_of_driver,age_band_of_driver,engine_capacity_cc,propulsion_code,age_of_vehicle,generic_make_model,driver_imd_decile,lsoa_of_driver,escooter_flag,driver_distance_banding
2020010277952,2020,010277952,2,9,9,99,99,9,9,99,99,9,9,99,9,99,9,9,6,6,3,-1,-1,-1,-1,-1,-1,-1,-1,0,-1
2020040993844,2020,040993844,1,9,0,18,19,6,2,0,0,1,0,0,0,0,1,1,6,6,3,-1,-1,-1,-1,-1,-1,-1,-1,0,-1
2020332000035,2020,332000035,1,9,0,18,19,1,5,0,0,1,0,0,0,0,1,1,6,6,3,-1,-1,-1,-1,-1,-1,-1,-1,0,-1
2020137630878,2020,137630878,2,1,0,18,19,7,3,0,0,0,0,0,0,0,3,1,2,2,2,21,5,-1,-1,-1,-1,5,E01011883,0,-1
2020440039254,2020,440039254,1,1,0,18,19,5,1,0,0,1,0,0,0,0,1,1,6,6,1,55,8,-1,-1,-1,-1,6,E01022812,0,-1
2020332000997,2020,332000997,1,9,0,18,19,7,3,0,0,0,0,0,0,0,1,1,6,6,2,21,5,-1,-1,-1,-1,9,E01013797,0,-1
2020010270126,2020,010270126,1,1,9,99,99,9,9,99,99,9,9,99,9,99,9,1,2,2,1,26,6,-1,-1,-1,-1,6,E01003033,0,-1
2020440474633,2020,440474633,1,5,0,13,13,4,8,0,0,8,0,0,0,0,1,1,6,6,1,29,6,-1,-1,-1,-1,3,E01017073,0,-1
2020350948634,2020,350948634,3,9,0,2,2,0,0,0,0,0,0,0,0,0,3,1,6,6,3,-1,-1,-1,-1,-1,-1,-1,-1,0,-1
2020052000208,2020,052000208,2,1,0,18,19,7,3,0,0,8,0,0,0,0,1,1,2,2,1,37,7,-1,-1,-1,-1,1,E01006480,0,-1
2020332000422,2020,332000422,2,9,0,3,3,5,1,0,0,1,0,0,0,0,0,1,6,6,1,39,7,-1,-1,-1,-1,7,E01026979,0,-1
2020500978610,2020,500978610,2,1,0,18,19,1,5,0,0,1,0,0,0,0,1,1,5,6,1,15,3,-1,-1,-1,-1,8,E01020200,0,-1
2020430196564,2020,430196564,2,9,0,18,19,4,8,0,0,8,0,0,0,0,1,1,6,6,3,-1,-1,-1,-1,-1,-1,-1,-1,0,-1
202060Y156200,2020,60Y156200,1,9,0,18,19,7,3,0,0,1,1,0,0,0,1,1,6,6,1,24,5,-1,-1,-1,-1,-1,-1,0,-1
2020010228982,2020,010228982,2,9,0,5,5,5,1,0,0,2,0,0,0,0,3,1,6,6,2,28,6,-1,-1,-1,-1,6,E01002943,0,-1
2020010275429,2020,010275429,1,1,9,99,99,9,9,99,99,9,9,99,9,99,2,1,6,6,1,18,4,-1,-1,-1,-1,2,E01003598,0,-1
2020010286965,2020,010286965,1,5,0,8,8,1,3,0,0,1,0,0,0,0,2,1,1,1,1,44,7,-1,-1,-1,-1,-1,-1,0,-1
2020440201789,2020,440201789,2,1,0,18,19,6,2,0,0,8,0,0,0,0,4,1,6,6,1,67,10,-1,-1,-1,-1,9,E01022958,0,-1
202006L170564,2020,06L170564,4,19,0,18,19,4,8,0,0,0,0,0,0,0,3,1,6,6,1,50,8,-1,-1,-1,-1,8,E01006318,0,-1
2020440092632,2020,440092632,1,1,0,4,4,7,3,0,0,0,0,0,0,0,1,1,2,2,1,30,6,-1,-1,-1,-1,6,E01017174,0,-1
2020400955842,2020,400955842,1,9,0,18,19,6,1,0,0,0,0,0,0,0,1,1,5,6,1,35,6,-1,-1,-1,-1,8,E01017561,0,-1
2020552000528,2020,552000528,1,9,0,16,19,8,6,0,0,0,1,0,1,4,1,1,6,6,1,20,4,-1,-1,-1,-1,3,E01029175,0,-1
20201371C0281,2020,1371C0281,1,1,0,18,19,7,3,0,0,1,1,0,0,0,1,1,6,6,1,18,4,-1,-1,-1,-1,2,E01011370,0,-1
2020440195558,2020,440195558,1,9,0,17,19,2,8,0,0,8,0,0,1,0,1,1,2,2,2,52,8,-1,-1,-1,-1,8,E01023234,0,-1
2020440044724,2020,440044724,1,9,0,4,4,8,4,0,0,1,0,0,0,0,1,1,6,6,3,-1,-1,-1,-1,-1,-1,-1,-1,0,-1
2020010234033,2020,010234033,2,9,0,12,12,7,3,0,0,0,0,1,0,0,2,1,6,6,3,-1,-1,-1,-1,-1,-1,-1,-1,0,-1
202060Y136523,2020,60Y136523,1,1,0,4,4,7,3,0,0,0,1,0,0,0,1,1,6,6,1,31,6,-1,-1,-1,-1,-1,-1,0,-1
2020420993718,2020,420993718,1,9,0,9,9,1,5,0,0,5,0,0,0,0,1,1,6,6,1,66,10,-1,-1,-1,-1,8,E01022091,0,-1
2020450958952,2020,450958952,2,1,0,18,19,7,3,0,0,0,0,0,0,0,2,1,6,6,1,34,6,-1,-1,-1,-1,9,E01030325,0,-1
2020010244157,2020,010244157,3,9,0,2,2,0,0,0,0,1,0,0,0,0,0,2,6,6,3,-1,-1,-1,-1,-1,-1,-1,-1,0,-1
2020440317644,2020,440317644,1,9,0,18,19,6,2,0,0,0,1,0,0,0,1,1,6,6,1,24,5,-1,-1,-1,-1,5,E01017354,0,-1
2020991006458,2020,991006458,1,9,0,17,19,3,7,0,0,0,2,0,1,0,3,1,5,6,2,27,6,-1,-1,-1,-1,7,-1,0,-1
2020460922615,2020,460922615,1,19,0,18,19,7,3,0,0,1,0,0,0,0,1,1,6,6,1,18,4,-1,-1,-1,-1,4,E01024665,0,-1
2020220997156,2020,220997156,2,1,0,18,19,1,5,0,0,8,0,0,0,0,4,1,2,2,2,57,9,-1,-1,-1,-1,2,E01013994,0,-1
2020430014258,2020,430014258,1,21,0,18,19,8,4,0,0,1,0,0,1,0,0,1,1,1,1,46,8,-1,-1,-1,-1,3,E01031059,0,-1
2020440429023,2020,440429023,1,9,0,9,9,6,4,0,0,8,0,0,0,0,1,1,6,6,1,78,11,-1,-1,-1,-1,9,E01022920,0,-1
2020010276202,2020,010276202,3,9,0,18,19,1,5,0,0,0,0,0,0,0,1,1,6,6,1,-1,-1,-1,-1,-1,-1,-1,-1,0,-1
2020990979055,2020,990979055,2,1,0,9,9,2,8,0,0,3,0,0,0,0,0,1,2,2,1,40,7,-1,-1,-1,-1,9,-1,0,-1
2020010268572,2020,010268572,2,1,0,3,3,7,3,0,0,1,0,0,0,0,1,1,1,1,1,24,5,-1,-1,-1,-1,6,E01002544,0,-1
2020470946399,2020,470946399,3,98,0,2,2,0,0,7,6,0,0,0,0,0,2,1,6,6,3,-1,-1,-1,-1,-1,-1,-1,-1,0,-1
202006P370529,2020,06P370529,1,9,0,18,19,2,5,0,0,4,0,0,0,0,1,1,6,6,3,-1,-1,-1,-1,-1,-1,-1,-1,0,-1
2020500929929,2020,500929929,2,1,0,18,19,7,3,0,0,0,0,0,0,0,3,1,1,1,1,34,6,-1,-1,-1,-1,10,E01015131,0,-1
2020200932053,2020,200932053,2,9,0,18,19,8,4,0,0,3,0,0,0,0,3,1,6,6,1,39,7,-1,-1,-1,-1,1,E01009201,0,-1
2020320019604,2020,320019604,2,1,0,18,19,1,5,0,0,0,0,0,0,0,2,1,6,6,2,66,10,-1,-1,-1,-1,5,E01026201,0,-1
2020160976579,2020,160976579,2,22,0,5,5,1,5,0,0,0,0,0,0,0,1,1,6,6,1,88,11,-1,-1,-1,-1,8,E01013263,0,-1
202063B047620,2020,63B047620,2,1,0,18,19,5,1,0,0,1,0,0,0,0,4,1,6,6,1,46,8,-1,-1,-1,-1,9,W01000549,0,-1
2020052000975,2020,052000975,2,1,0,18,19,5,1,0,0,0,0,0,1,10,0,1,6,6,1,70,10,-1,-1,-1,-1,5,E01006640,0,-1
20201374F1974,2020,1374F1974,1,1,0,5,5,1,5,0,0,4,0,0,0,0,1,1,1,1,1,26,6,-1,-1,-1,-1,9,E01011385,0,-1
2020010283485,2020,010283485,2,1,0,12,12,3,7,0,0,0,0,0,0,0,3,1,6,6,1,21,5,-1,-1,-1,-1,7,E01002569,0,-1
2020110987237,2020,110987237,1,11,0,2,2,0,0,0,0,0,0,0,0,0,0,1,1,1,1,49,8,-1,-1,-1,-1,10,E01012347,0,-1
2020100996079,2020,100996079,2,1,0,16,19,8,3,0,0,0,0,0,0,0,1,1,2,2,1,60,9,-1,-1,-1,-1,4,E01027413,0,-1
2020440334923,2020,440334923,2,9,0,14,14,5,1,0,0,2,0,0,0,0,4,1,6,6,3,-1,-1,-1,-1,-1,-1,-1,-1,0,-1
2020990968235,2020,990968235,1,1,0,7,7,7,1,0,0,2,0,0,0,0,3,1,5,6,2,70,10,-1,-1,-1,-1,10,-1,0,-1
2020470998722,2020,470998722,2,1,0,18,19,2,6,0,0,0,0,0,1,0,2,1,6,6,2,44,7,-1,-1,-1,-1,3,E01031366,0,-1
2020332001178,2020,332001178,1,9,0,18,19,6,2,0,0,0,0,0,0,0,0,1,6,6,1,27,6,-1,-1,-1,-1,-1,-1,0,-1
2020010262546,2020,010262546,1,-1,0,18,19,5,1,0,0,2,0,0,0,0,4,1,6,6,1,26,6,-1,-1,-1,-1,5,E01000284,1,-1
2020010250951,2020,010250951,1,9,0,99,99,9,9,99,99,9,9,99,9,99,9,9,6,6,3,-1,-1,-1,-1,-1,-1,-1,-1,0,-1
2020440016828,2020,440016828,1,1,0,18,19,3,7,0,0,1,0,0,0,0,1,1,6,6,1,31,6,-1,-1,-1,-1,5,E01017088,0,-1
2020990973617,2020,990973617,2,1,0,18,19,2,6,0,0,1,0,0,0,0,1,1,5,6,2,47,8,-1,-1,-1,-1,3,-1,0,-1
2020522000194,2020,522000194,1,1,0,18,19,4,8,0,0,1,0,0,0,0,1,1,6,6,2,50,8,-1,-1,-1,-1,6,E01014379,0,-1
2020160997272,2020,160997272,1,9,0,18,19,5,1,0,0,0,0,0,0,0,1,1,6,6,3,-1,-1,-1,-1,-1,-1,-1,-1,0,-1
2020010274583,2020,010274583,2,9,0,99,99,9,9,99,99,9,9,99,9,99,2,9,6,6,3,-1,-1,-1,-1,-1,-1,-1,-1,0,-1
2020350951437,2020,350951437,2,9,0,4,4,5,1,0,0,0,0,0,0,0,2,1,2,2,1,28,6,-1,-1,-1,-1,8,E01018164,0,-1
2020137BE2095,2020,137BE2095,1,9,0,18,19,5,1,0,0,0,1,0,0,0,1,1,6,6,1,23,5,-1,-1,-1,-1,1,E01010720,0,-1
2020030973159,2020,030973159,1,1,0,18,19,4,8,0,0,0,1,0,0,0,1,1,5,6,1,40,7,-1,-1,-1,-1,3,E01004489,0,-1
2020451000319,2020,451000319,1,9,0,18,19,1,4,0,0,1,0,0,0,0,1,1,5,6,2,65,9,-1,-1,-1,-1,10,E01030357,0,-1
2020332000637,2020,332000637,1,9,0,18,19,1,5,0,0,0,5,0,1,0,2,1,6,6,1,40,7,-1,-1,-1,-1,1,E01013725,0,-1
2020010233669,2020,010233669,2,1,0,18,19,3,7,0,0,1,0,0,0,0,4,-1,1,1,1,40,7,-1,-1,-1,-1,5,E01002616,0,-1
2020010290778,2020,010290778,1,1,9,99,99,9,9,99,99,9,9,99,9,99,9,1,6,6,1,50,8,-1,-1,-1,-1,4,E01001252,0,-1
2020010282080,2020,010282080,2,19,0,99,99,9,9,99,99,9,9,99,9,99,9,9,6,6,3,-1,-1,-1,-1,-1,-1,-1,-1,0,-1
202060Y027795,2020,60Y027795,2,9,0,12,12,7,3,0,0,0,0,0,0,0,1,1,6,6,2,47,8,-1,-1,-1,-1,-1,-1,0,-1
2020160952352,2020,160952352,2,1,0,18,19,5,8,0,0,0,0,0,0,0,2,1,6,6,1,14,3,-1,-1,-1,-1,1,E01012780,0,-1
2020201023033,2020,201023033,2,9,0,18,19,8,4,0,0,0,0,0,0,0,1,1,6,6,1,-1,-1,-1,-1,-1,-1,-1,-1,0,-1
2020320295605,2020,320295605,1,90,0,18,19,1,5,0,0,0,0,0,0,0,0,1,6,6,1,50,8,-1,-1,-1,-1,4,E01033406,0,-1
202031A157920,2020,31A157920,2,1,0,18,19,1,5,0,0,1,1,0,0,0,1,1,6,6,1,30,6,-1,-1,-1,-1,8,E01028251,0,-1
20201379K1182,2020,1379K1182,1,9,0,18,19,7,3,0,0,1,0,0,0,0,0,1,1,1,1,30,6,-1,-1,-1,-1,-1,-1,0,-1
2020100969063,2020,100969063,2,1,0,9,9,1,7,0,0,5,0,0,0,0,1,1,2,2,1,30,6,-1,-1,-1,-1,10,E01008355,0,-1
20201378I1155,2020,1378I1155,1,1,0,18,19,1,5,0,0,0,0,0,0,0,1,1,6,6,1,7,2,-1,-1,-1,-1,1,E01011624,0,-1
2020320421264,2020,320421264,2,1,0,18,19,7,3,0,0,0,0,0,0,0,0,1,6,6,1,63,9,-1,-1,-1,-1,4,E01026076,0,-1
2020430161691,2020,430161691,1,9,0,4,4,7,3,0,0,0,0,0,0,0,1,1,6,6,1,44,7,-1,-1,-1,-1,9,E01028682,0,-1
2020530947446,2020,530947446,1,10,0,9,9,1,6,0,0,8,0,0,0,0,1,1,1,1,1,54,8,-1,-1,-1,-1,8,E01014745,0,-1
2020010257482,2020,010257482,2,19,0,99,99,9,9,99,99,9,9,99,9,99,2,9,6,6,3,-1,-1,-1,-1,-1,-1,-1,-1,0,-1
2020200987362,2020,200987362,6,98,0,2,2,0,0,9,9,0,0,0,0,0,2,1,5,6,1,63,9,-1,-1,-1,-1,4,E01009231,0,-1
2020010234658,2020,010234658,2,1,0,18,19,3,7,4,4,1,5,0,0,0,1,1,6,6,2,30,6,-1,-1,-1,-1,5,E01004374,0,-1
2020460939229,2020,460939229,2,9,0,18,19,1,6,0,0,8,0,0,0,0,4,1,5,6,1,36,7,-1,-1,-1,-1,7,E01030826,0,-1
2020332001123,2020,332001123,1,97,0,18,19,5,1,0,0,0,0,0,0,0,0,1,6,6,1,31,6,-1,-1,-1,-1,-1,-1,0,-1
2020991000258,2020,991000258,2,1,0,18,19,5,8,0,0,6,0,0,0,0,1,1,4,7,1,11,3,-1,-1,-1,-1,7,-1,0,-1
2020461007536,2020,461007536,1,9,0,4,4,7,3,0,0,1,0,0,0,0,1,1,6,6,3,-1,-1,-1,-1,-1,-1,-1,-1,0,-1
2020370989137,2020,370989137,2,1,0,18,19,7,3,0,0,1,0,0,0,0,1,1,5,6,1,16,4,-1,-1,-1,-1,7,E01030155,0,-1
2020010236269,2020,010236269,2,9,0,18,19,7,3,0,0,1,0,0,0,0,1,1,2,2,1,27,6,-1,-1,-1,-1,4,E01026962,0,-1
2020552000375,2020,552000375,2,9,4,9,9,1,5,0,0,5,0,0,0,0,0,1,6,6,1,56,9,-1,-1,-1,-1,7,E01020539,0,-1
2020530946751,2020,530946751,2,1,0,18,19,8,5,0,0,8,0,0,0,0,1,1,6,6,1,54,8,-1,-1,-1,-1,10,E01022307,0,-1
202031D099120,2020,31D099120,2,1,0,18,19,6,2,0,0,8,0,0,0,0,1,1,6,6,1,34,6,-1,-1,-1,-1,10,E01028181,0,-1
2020010269853,2020,010269853,1,1,0,18,19,5,1,4,4,8,9,99,0,0,4,1,2,2,2,24,5,-1,-1,-1,-1,3,E01004743,0,-1
2020010255507,2020,010255507,2,1,0,3,3,5,1,0,0,1,0,0,0,0,1,1,6,6,1,31,6,-1,-1,-1,-1,4,E01002001,0,-1
202063B017320,2020,63B017320,2,16,0,4,4,1,5,0,0,0,0,0,0,0,3,1,6,6,2,28,6,-1,-1,-1,-1,5,W01000537,0,-1
2020010249055,2020,010249055,1,1,9,18,19,9,9,0,0,1,9,0,0,99,3,1,6,6,1,34,6,-1,-1,-1,-1,2,E01004315,0,-1
202031B102820,2020,31B102820,1,19,0,18,19,3,7,0,0,0,0,0,0,0,4,1,6,6,3,-1,-1,-1,-1,-1,-1,-1,-1,0,-1
2020400957950,2020,400957950,1,1,0,7,7,7,1,0,0,1,0,0,0,0,3,1,5,6,1,29,6,-1,-1,-1,-1,5,E01017384,0,-1
2020010282390,2020,010282390,2,-1,0,18,19,1,5,4,4,8,0,0,7,0,3,1,6,6,1,27,6,-1,-1,-1,-1,6,E01001040,1,-1
2020030985005,2020,030985005,1,9,-1,-1,-1,1,5,-1,-1,0,-1,-1,-1,0,-1,1,6,6,3,-1,-1,-1,-1,-1,-1,-1,-1,0,-1
2020440187109,2020,440187109,1,1,0,18,19,6,2,0,0,0,0,0,0,0,3,1,6,6,1,65,9,-1,-1,-1,-1,9,E01016237,0,-1
2020070733877,2020,070733877,1,9,0,18,19,7,3,0,0,0,0,0,7,10,1,1,6,6,1,20,4,-1,-1,-1,-1,2,W01000278,0,-1
2020010285479,2020,010285479,2,21,1,12,12,5,1,0,0,8,0,0,0,0,3,2,1,1,1,55,8,-1,-1,-1,-1,-1,-1,0,-1
2020140956047,2020,140956047,2,1,0,7,7,6,3,0,0,5,0,0,0,0,1,1,5,6,1,11,3,-1,-1,-1,-1,1,E01007949,0,-1
2020420960302,2020,420960302,1,1,0,18,19,3,7,5,5,8,0,0,0,0,1,1,2,2,1,20,4,-1,-1,-1,-1,7,E01015964,0,-1
2020010263660,2020,010263660,2,19,0,99,99,9,9,99,99,9,9,99,9,99,2,9,6,6,3,-1,-1,-1,-1,-1,-1,-1,-1,0,-1
202006K176323,2020,06K176323,1,9,0,18,19,5,1,0,0,1,0,0,0,0,1,1,6,6,3,-1,-1,-1,-1,-1,-1,-1,-1,0,-1
2020140927632,2020,140927632,1,9,0,13,13,1,5,0,0,0,0,0,0,0,3,1,6,6,3,-1,-1,-1,-1,-1,-1,-1,-1,0,-1
202031C045420,2020,31C045420,1,9,0,5,5,3,7,0,0,0,0,0,0,0,1,1,6,6,3,-1,-1,-1,-1,-1,-1,-1,-1,0,-1
2020340W01922,2020,340W01922,2,97,0,18,19,3,7,0,0,1,0,0,0,0,0,1,6,6,1,23,5,-1,-1,-1,-1,1,E01027199,0,-1
2020440140748,2020,440140748,1,19,0,13,13,1,5,0,0,8,0,0,0,0,4,1,1,1,3,-1,-1,-1,-1,-1,-1,-1,-1,0,-1
2020460979873,2020,460979873,1,9,0,7,7,7,3,0,0,8,0,11,0,0,1,1,6,6,3,-1,-1,-1,-1,-1,-1,-1,-1,0,-1
2020010263348,2020,010263348,3,3,0,18,19,6,2,0,0,2,0,0,0,0,0,1,6,6,3,-1,-1,-1,-1,-1,-1,-1,-1,0,-1
2020200955459,2020,200955459,2,98,0,18,19,8,4,0,0,8,0,0,0,0,3,1,1,1,1,36,7,-1,-1,-1,-1,-1,-1,0,-1
2020450945528,2020,450945528,1,1,0,18,19,1,3,0,0,0,0,0,0,0,1,1,5,6,1,29,6,-1,-1,-1,-1,10,E01030661,0,-1
2020010284679,2020,010284679,2,9,0,5,5,3,7,0,0,8,0,0,0,0,1,1,6,6,3,-1,-1,-1,-1,-1,-1,-1,-1,0,-1
2020420984064,2020,420984064,1,9,0,13,13,6,3,0,0,0,0,0,0,0,0,1,6,6,3,-1,-1,-1,-1,-1,-1,-1,-1,0,-1
2020052100525,2020,052100525,2,1,0,18,19,1,5,0,0,0,0,0,0,0,3,1,6,6,1,14,3,-1,-1,-1,-1,1,E01006416,0,-1
202031B058020,2020,31B058020,2,21,1,4,4,1,5,0,0,8,0,0,0,0,2,1,1,1,1,64,9,-1,-1,-1,-1,-1,-1,0,-1
2020360974459,2020,360974459,2,1,0,18,19,3,7,9,9,1,0,0,0,0,1,1,5,6,1,-1,-1,-1,-1,-1,-1,4,E01026841,0,-1
202006G274457,2020,06G274457,1,9,0,18,19,8,4,0,0,0,0,0,0,0,1,1,6,6,3,-1,-1,-1,-1,-1,-1,-1,-1,0,-1
202060Y132106,2020,60Y132106,1,1,0,18,19,4,8,0,0,0,2,0,0,0,1,1,6,6,1,11,3,-1,-1,-1,-1,-1,-1,0,-1
2020010285559,2020,010285559,2,9,0,99,99,9,9,99,99,9,9,99,9,99,1,9,6,6,3,-1,-1,-1,-1,-1,-1,-1,-1,0,-1
2020010282765,2020,010282765,1,1,9,99,99,9,9,99,99,0,9,99,9,99,9,1,2,2,2,37,7,-1,-1,-1,-1,5,E01003067,0,-1
2020040994810,2020,040994810,2,1,0,9,9,1,5,0,0,0,0,0,0,0,1,1,5,6,1,15,3,-1,-1,-1,-1,1,E01025062,0,-1
2020100993219,2020,100993219,2,1,0,18,19,3,7,0,0,1,0,0,0,0,2,1,1,1,1,45,7,-1,-1,-1,-1,-1,-1,0,-1
2020470942134,2020,470942134,1,9,0,18,19,6,2,0,0,1,0,0,0,0,1,1,6,6,3,-1,-1,-1,-1,-1,-1,-1,-1,0,-1
2020137831071,2020,137831071,1,21,0,18,19,3,7,0,0,0,0,0,0,0,4,1,6,6,3,-1,-1,-1,-1,-1,-1,-1,-1,0,-1
2020430240372,2020,430240372,1,1,0,18,19,8,4,0,0,0,0,0,0,0,4,1,6,6,1,42,7,-1,-1,-1,-1,9,E01016181,0,-1
2020610040720,2020,610040720,2,9,0,18,19,5,1,0,0,0,0,0,0,0,1,1,6,6,1,-1,-1,-1,-1,-1,-1,-1,-1,0,-1
202006P170097,2020,06P170097,1,9,0,5,5,5,1,0,0,8,0,0,0,0,1,1,6,6,1,41,7,-1,-1,-1,-1,4,E01005465,0,-1
2020990917974,2020,990917974,1,9,0,18,19,1,5,0,0,0,0,0,0,0,1,1,6,6,1,30,6,-1,-1,-1,-1,-1,-1,0,-1
2020430041763,2020,430041763,1,9,0,18,19,9,9,0,0,1,0,0,0,0,1,1,6,6,3,-1,-1,-1,-1,-1,-1,-1,-1,0,-1
2020460955466,2020,460955466,1,9,0,18,19,7,3,0,0,1,0,0,0,0,0,1,6,6,3,-1,-1,-1,-1,-1,-1,-1,-1,0,-1
2020371001687,2020,371001687,2,1,0,5,5,3,8,0,0,2,1,0,0,0,3,1,6,6,1,33,6,-1,-1,-1,-1,4,E01033123,0,-1
2020610002620,2020,610002620,1,1,0,5,5,1,4,0,0,1,0,0,0,0,3,1,4,7,1,16,4,-1,-1,-1,-1,3,W01001630,0,-1
2020440186602,2020,440186602,1,9,0,18,19,1,5,0,0,0,5,0,7,0,1,1,6,6,1,26,6,-1,-1,-1,-1,8,E01023235,0,-1
2020200946213,2020,200946213,2,1,0,18,19,2,6,0,0,8,0,0,0,0,3,1,6,6,1,30,6,-1,-1,-1,-1,4,E01008982,0,-1
2020160958881,2020,160958881,1,9,0,18,19,1,5,0,0,0,2,0,1,9,4,1,5,6,2,32,6,-1,-1,-1,-1,8,E01013292,0,-1
2020100953116,2020,100953116,1,9,0,9,9,3,5,0,0,0,0,0,0,0,4,1,6,6,1,28,6,-1,-1,-1,-1,8,E01027497,0,-1
2020522002088,2020,522002088,1,9,0,18,19,5,1,0,0,8,0,0,0,0,1,1,6,6,1,46,8,-1,-1,-1,-1,7,E01014847,0,-1
2020161004346,2020,161004346,2,9,0,2,2,0,0,0,0,0,0,0,1,0,2,1,6,6,3,-1,-1,-1,-1,-1,-1,-1,-1,0,-1
2020440450941,2020,440450941,1,9,0,7,7,8,4,0,0,8,0,0,0,0,1,1,6,6,1,37,7,-1,-1,-1,-1,8,E01022780,0,-1
2020210952409,2020,210952409,2,1,-1,18,19,4,8,0,0,0,0,0,0,0,-1,1,6,6,1,15,3,-1,-1,-1,-1,1,E01014237,0,-1
2020137AN0210,2020,137AN0210,1,19,0,18,19,2,6,0,0,0,0,0,0,0,0,1,6,6,3,-1,-1,-1,-1,-1,-1,-1,-1,0,-1
2020100952459,2020,100952459,2,1,0,18,19,3,7,0,0,1,0,0,1,10,0,1,6,6,1,61,9,-1,-1,-1,-1,8,E01008527,0,-1
2020010238108,2020,010238108,1,9,0,18,19,5,1,0,0,0,9,0,0,99,1,1,6,6,3,-1,-1,-1,-1,-1,-1,-1,-1,0,-1
2020010282457,2020,010282457,1,9,0,5,5,5,1,0,0,2,0,0,0,0,1,1,6,6,3,-1,-1,-1,-1,-1,-1,-1,-1,0,-1
2020030987253,2020,030987253,2,1,0,16,19,5,1,0,0,0,0,0,0,0,1,1,6,6,1,60,9,-1,-1,-1,-1,5,E01019144,0,-1
2020140923241,2020,140923241,2,9,0,18,19,3,7,0,0,1,0,0,0,0,1,1,6,6,3,-1,-1,-1,-1,-1,-1,-1,-1,0,-1
2020552000284,2020,552000284,2,9,0,18,19,2,6,0,0,4,0,0,0,0,1,1,2,2,1,29,6,-1,-1,-1,-1,10,E01015398,0,-1
2020137971098,2020,137971098,1,9,0,5,5,4,8,0,0,0,0,0,0,0,1,1,6,6,3,-1,-1,-1,-1,-1,-1,-1,-1,0,-1
2020160969973,2020,160969973,2,11,0,18,19,7,3,0,0,0,0,0,0,0,0,1,1,1,1,-1,-1,-1,-1,-1,-1,-1,-1,0,-1
2020010279469,2020,010279469,2,1,0,5,5,1,5,0,0,0,0,0,0,0,2,1,6,6,1,15,3,-1,-1,-1,-1,1,E01000744,0,-1
2020010253963,2020,010253963,1,1,9,99,99,9,9,99,99,9,9,99,9,99,9,1,2,2,2,27,6,-1,-1,-1,-1,5,E01003342,0,-1
2020420977812,2020,420977812,1,9,0,1,1,8,4,0,0,0,0,0,0,0,2,1,6,6,2,-1,-1,-1,-1,-1,-1,-1,-1,0,-1
2020140996990,2020,140996990,2,1,0,18,19,7,3,9,9,2,0,0,0,0,2,1,6,6,1,15,3,-1,-1,-1,-1,7,E01007798,0,-1
2020332000824,2020,332000824,1,9,0,5,5,2,6,0,0,6,0,0,0,0,1,1,6,6,2,77,11,-1,-1,-1,-1,8,E01025853,0,-1
2020040922717,2020,040922717,2,1,0,18,19,7,3,0,0,8,0,0,0,0,4,1,2,2,1,52,8,-1,-1,-1,-1,5,E01024954,0,-1
2020622000696,2020,622000696,2,1,0,18,19,2,6,0,0,0,1,0,0,0,0,1,6,6,1,34,6,-1,-1,-1,-1,5,W01001165,0,-1
2020052002320,2020,052002320,2,1,0,18,19,5,1,0,0,3,0,0,0,0,1,1,6,6,1,45,7,-1,-1,-1,-1,1,E01006703,0,-1
2020200927366,2020,200927366,2,1,0,18,19,1,5,0,0,8,0,0,0,0,4,1,5,6,1,54,8,-1,-1,-1,-1,6,E01009462,0,-1
2020522000089,2020,522000089,1,1,0,18,19,2,6,0,0,4,1,11,0,0,2,1,6,6,1,29,6,-1,-1,-1,-1,4,E01033342,0,-1
2020460938603,2020,460938603,1,9,0,1,1,3,7,0,0,0,0,0,0,0,2,1,6,6,2,-1,-1,-1,-1,-1,-1,-1,-1,0,-1
202006P373386,2020,06P373386,1,9,0,18,19,7,3,0,0,7,0,0,0,0,4,1,6,6,1,30,6,-1,-1,-1,-1,-1,-1,0,-1
2020522004735,2020,522004735,2,1,0,10,10,6,4,0,0,4,0,0,0,0,3,1,6,6,1,35,6,-1,-1,-1,-1,-1,-1,0,-1
202060Y136231,2020,60Y136231,2,5,0,18,19,6,2,0,0,8,0,0,0,0,3,1,1,1,1,25,5,-1,-1,-1,-1,-1,-1,0,-1
2020531021072,2020,531021072,1,98,0,18,19,1,5,0,0,0,0,0,0,0,4,1,6,6,1,51,8,-1,-1,-1,-1,9,E01022429,0,-1
2020990960377,2020,990960377,2,1,0,9,9,6,5,0,0,8,0,0,0,0,4,1,5,6,1,20,4,-1,-1,-1,-1,9,-1,0,-1
2020010274237,2020,010274237,2,1,0,18,19,5,1,0,0,7,0,0,1,0,1,1,6,6,1,66,10,-1,-1,-1,-1,-1,-1,0,-1
2020160954753,2020,160954753,1,9,0,18,19,1,5,0,0,0,0,0,0,0,1,1,6,6,2,-1,-1,-1,-1,-1,-1,-1,-1,0,-1
2020370939088,2020,370939088,2,9,0,8,8,8,4,0,0,2,0,0,0,0,2,1,5,6,1,47,8,-1,-1,-1,-1,5,E01030229,0,-1
2020160940971,2020,160940971,2,1,0,18,19,2,6,0,0,1,0,0,0,0,3,1,6,6,1,47,8,-1,-1,-1,-1,4,E01012820,0,-1
2020201018817,2020,201018817,2,9,0,18,19,2,6,0,0,8,0,0,0,0,2,1,1,1,1,36,7,-1,-1,-1,-1,2,E01010372,0,-1
2020211009649,2020,211009649,2,9,-1,-1,-1,2,6,-1,-1,-1,-1,-1,-1,0,-1,1,6,6,2,31,6,-1,-1,-1,-1,8,E01029610,0,-1
2020461011817,2020,461011817,2,1,0,18,19,2,6,0,0,1,0,0,0,0,3,1,5,6,2,57,9,-1,-1,-1,-1,6,E01024005,0,-1