collision_index,collision_year,collision_ref_no,vehicle_reference,vehicle_type,towing_and_articulation,vehicle_manoeuvre_historic,vehicle_manoeuvre,vehicle_direction_from,vehicle_direction_to,vehicle_location_restricted_lane_historic,vehicle_location_restricted_lane,junction_location,skidding_and_overturning,hit_object_in_carriageway,vehicle_leaving_carriageway,hit_object_off_carriageway,first_point_of_impact,vehicle_left_hand_drive,journey_purpose_of_driver_historic,journey_purpose_of_driver,sex_of_driver,age_of_driver,age_band_of_driver,engine_capacity_cc,propulsion_code,age_of_vehicle,generic_make_model,driver_imd_decile,lsoa_of_driver,escooter_flag,driver_distance_banding
2020010283793,2020,010283793,2,1,0,4,4,1,5,4,4,1,0,0,0,0,1,1,1,1,1,50,8,-1,-1,-1,-1,4,E01003934,0,-1
2020470954299,2020,470954299,4,9,0,17,19,1,6,0,0,0,0,0,0,0,0,1,6,6,3,-1,-1,-1,-1,-1,-1,-1,-1,0,-1
2020030932577,2020,030932577,2,9,0,18,19,1,5,0,0,1,0,0,0,0,1,1,6,6,2,25,5,-1,-1,-1,-1,1,E01019248,0,-1
2020010260085,2020,010260085,2,1,0,5,5,7,3,0,0,5,0,0,0,0,1,1,6,6,1,11,3,-1,-1,-1,-1,2,E01001722,0,-1
20201371R0531,2020,1371R0531,1,2,0,18,19,3,7,0,0,0,0,0,0,0,1,1,6,6,3,-1,-1,-1,-1,-1,-1,-1,-1,0,-1
2020140923144,2020,140923144,2,9,0,18,19,4,8,0,0,1,0,0,0,0,1,1,6,6,1,56,9,-1,-1,-1,-1,-1,-1,0,-1
2020010267539,2020,010267539,1,19,0,18,19,8,4,0,0,8,0,0,0,0,1,1,6,6,1,-1,-1,-1,-1,-1,-1,-1,-1,0,-1
2020990990663,2020,990990663,1,1,0,18,19,3,7,0,0,0,2,0,0,0,3,1,1,1,1,33,6,-1,-1,-1,-1,3,-1,0,-1
2020052001269,2020,052001269,2,1,0,18,19,7,3,0,0,0,0,0,0,0,2,1,6,6,1,43,7,-1,-1,-1,-1,1,E01006697,0,-1
2020140989633,2020,140989633,1,9,0,-1,-1,-1,-1,0,0,0,-1,-1,-1,0,1,1,6,6,3,-1,-1,-1,-1,-1,-1,-1,-1,0,-1
2020410992268,2020,410992268,2,9,0,18,19,3,1,0,0,1,0,0,0,0,1,1,6,6,3,-1,-1,-1,-1,-1,-1,-1,-1,0,-1
2020010247358,2020,010247358,1,8,0,99,99,9,9,99,99,9,9,99,9,99,9,9,6,6,3,-1,-1,-1,-1,-1,-1,-1,-1,0,-1
2020522002914,2020,522002914,2,9,0,6,6,7,7,0,0,0,0,0,0,0,1,1,6,6,1,25,5,-1,-1,-1,-1,-1,-1,0,-1
2020450978231,2020,450978231,3,9,0,2,2,0,0,0,0,0,0,0,0,0,1,1,6,6,3,-1,-1,-1,-1,-1,-1,-1,-1,0,-1
2020052001074,2020,052001074,1,9,0,18,19,6,2,0,0,4,0,0,0,0,1,1,6,6,3,-1,-1,-1,-1,-1,-1,-1,-1,0,-1
2020010242722,2020,010242722,1,9,0,5,5,3,7,0,0,1,0,0,0,0,1,1,6,6,1,39,7,-1,-1,-1,-1,2,E01032722,0,-1
202060Y067659,2020,60Y067659,1,9,0,9,9,6,4,0,0,2,0,0,0,0,1,1,6,6,1,77,11,-1,-1,-1,-1,-1,-1,0,-1
2020420935183,2020,420935183,1,9,0,18,19,5,1,0,0,1,1,0,0,0,3,1,2,2,1,27,6,-1,-1,-1,-1,9,E01022076,0,-1
2020140990691,2020,140990691,2,9,-1,18,19,1,5,0,0,0,0,0,0,0,0,1,6,6,3,-1,-1,-1,-1,-1,-1,-1,-1,0,-1
20201371L1619,2020,1371L1619,2,9,0,2,2,0,0,0,0,0,0,0,0,0,2,1,6,6,3,-1,-1,-1,-1,-1,-1,-1,-1,0,-1
2020430043160,2020,430043160,2,8,0,18,19,8,4,0,0,0,0,0,0,0,1,1,1,1,1,-1,-1,-1,-1,-1,-1,-1,-1,0,-1
2020010241465,2020,010241465,2,9,0,99,99,9,9,0,0,9,9,0,0,99,9,9,6,6,3,-1,-1,-1,-1,-1,-1,-1,-1,0,-1
2020302001317,2020,302001317,2,1,0,18,19,4,8,0,0,0,0,0,0,0,3,1,6,6,1,38,7,-1,-1,-1,-1,8,E01019734,0,-1
2020470976235,2020,470976235,2,98,0,2,2,0,0,0,0,0,0,0,0,0,0,1,6,6,3,-1,-1,-1,-1,-1,-1,-1,-1,0,-1
2020010263190,2020,010263190,1,1,0,99,99,9,9,0,0,8,0,0,0,0,1,1,6,6,2,52,8,-1,-1,-1,-1,10,E01003385,0,-1
2020010255110,2020,010255110,1,1,0,99,99,9,9,0,0,0,0,0,0,0,9,1,6,6,1,30,6,-1,-1,-1,-1,3,E01001578,0,-1
202063A030520,2020,63A030520,1,9,0,9,9,2,8,0,0,5,0,0,0,0,1,1,1,1,3,-1,-1,-1,-1,-1,-1,-1,-1,0,-1
2020201004063,2020,201004063,1,98,0,5,5,4,7,0,0,4,0,0,0,0,3,1,6,6,1,53,8,-1,-1,-1,-1,-1,-1,0,-1
2020500968197,2020,500968197,2,1,0,18,19,5,1,0,0,1,0,0,1,0,0,1,1,1,2,58,9,-1,-1,-1,-1,3,E01015212,0,-1
202060Y133412,2020,60Y133412,1,9,0,18,19,2,6,0,0,1,0,0,0,0,1,1,6,6,2,18,4,-1,-1,-1,-1,-1,-1,0,-1
2020440042307,2020,440042307,1,1,0,18,19,1,5,0,0,8,0,0,0,0,4,1,6,6,2,50,8,-1,-1,-1,-1,10,E01023096,0,-1
2020332000083,2020,332000083,1,9,0,18,19,1,5,0,0,1,0,0,0,0,1,1,6,6,1,-1,-1,-1,-1,-1,-1,-1,-1,0,-1
2020990925891,2020,990925891,2,9,0,2,2,0,0,0,0,0,0,0,0,0,3,1,6,6,3,-1,-1,-1,-1,-1,-1,-1,-1,0,-1
2020200931585,2020,200931585,1,9,0,1,1,7,3,9,9,0,0,0,0,0,2,1,6,6,3,-1,-1,-1,-1,-1,-1,-1,-1,0,-1
2020610001020,2020,610001020,2,1,0,18,19,4,8,0,0,0,0,0,0,0,3,1,6,6,1,47,8,-1,-1,-1,-1,8,W01001505,0,-1
2020010243507,2020,010243507,2,8,0,99,99,9,9,99,99,1,9,99,9,99,1,9,6,6,1,30,6,-1,-1,-1,-1,5,E01001149,0,-1
2020010256289,2020,010256289,2,1,0,18,19,3,7,0,0,3,0,0,0,0,1,1,6,6,1,46,8,-1,-1,-1,-1,6,E01004176,0,-1
2020010267992,2020,010267992,1,9,9,99,99,9,9,99,99,0,9,99,9,99,9,9,6,6,3,76,11,-1,-1,-1,-1,9,E01003875,0,-1
2020010254431,2020,010254431,2,1,0,18,19,5,1,9,9,8,0,0,0,0,1,1,2,2,1,42,7,-1,-1,-1,-1,9,E01000667,0,-1
2020010284468,2020,010284468,2,9,0,18,19,7,3,0,0,1,0,0,0,0,1,1,6,6,3,-1,-1,-1,-1,-1,-1,-1,-1,0,-1
2020101007843,2020,101007843,1,9,0,18,19,2,6,0,0,0,0,0,0,0,1,1,6,6,3,-1,-1,-1,-1,-1,-1,-1,-1,0,-1
2020201019073,2020,201019073,1,9,0,18,19,-1,-1,0,0,1,0,0,0,0,1,1,6,6,1,-1,-1,-1,-1,-1,-1,-1,-1,0,-1
2020430052973,2020,430052973,4,9,0,2,2,0,0,0,0,0,0,0,0,0,2,1,6,6,3,-1,-1,-1,-1,-1,-1,-1,-1,0,-1
2020460928902,2020,460928902,2,1,0,18,19,7,3,0,0,0,0,0,0,0,1,1,5,6,1,18,4,-1,-1,-1,-1,1,E01016063,0,-1
2020200995895,2020,200995895,1,9,0,18,19,6,2,0,0,0,0,0,0,0,1,1,6,6,2,-1,-1,-1,-1,-1,-1,-1,-1,0,-1
202060Y026453,2020,60Y026453,1,21,0,18,19,7,3,0,0,0,0,0,0,0,1,1,6,6,1,37,7,-1,-1,-1,-1,-1,-1,0,-1
2020052001229,2020,052001229,1,19,0,18,19,3,7,0,0,0,0,0,0,0,4,1,6,6,3,-1,-1,-1,-1,-1,-1,-1,-1,0,-1
2020450955761,2020,450955761,1,1,0,4,4,7,3,0,0,8,0,0,0,0,4,1,5,6,1,34,6,-1,-1,-1,-1,6,E01001951,0,-1
2020302000977,2020,302000977,1,9,0,5,5,8,4,0,0,0,0,0,0,0,1,1,6,6,3,-1,-1,-1,-1,-1,-1,5,E01019456,0,-1
2020122000463,2020,122000463,1,3,0,18,19,8,4,0,0,0,0,0,7,0,1,1,6,6,1,20,4,-1,-1,-1,-1,8,E01011707,0,-1
2020410971501,2020,410971501,3,9,0,18,19,1,5,0,0,0,0,0,0,0,1,1,5,6,1,34,6,-1,-1,-1,-1,4,E01015952,0,-1
2020460980542,2020,460980542,3,9,0,2,2,0,0,0,0,0,0,4,0,0,2,1,6,6,3,-1,-1,-1,-1,-1,-1,-1,-1,0,-1
2020530967627,2020,530967627,2,9,0,18,19,8,4,0,0,5,0,0,0,0,4,1,2,2,1,39,7,-1,-1,-1,-1,6,E01022442,0,-1
2020991006887,2020,991006887,2,1,0,17,19,1,5,0,0,8,0,0,0,0,4,1,1,1,1,23,5,-1,-1,-1,-1,1,-1,0,-1
2020010237555,2020,010237555,1,1,9,99,99,9,9,99,99,9,9,99,9,99,9,1,6,6,2,20,4,-1,-1,-1,-1,2,E01033327,0,-1
2020461005404,2020,461005404,1,9,0,9,9,5,3,0,0,6,0,0,0,0,1,1,5,6,3,-1,-1,-1,-1,-1,-1,-1,-1,0,-1
2020010239193,2020,010239193,2,2,0,13,13,7,3,0,0,8,0,0,0,0,1,1,6,6,1,40,7,-1,-1,-1,-1,8,E01030701,0,-1
2020010236139,2020,010236139,1,1,9,99,99,9,9,99,99,9,9,99,9,99,1,1,6,6,2,50,8,-1,-1,-1,-1,2,E01004404,0,-1
2020552100131,2020,552100131,2,1,0,18,19,8,4,0,0,0,0,0,0,0,1,1,6,6,1,33,6,-1,-1,-1,-1,10,E01020350,0,-1
2020430056161,2020,430056161,2,9,0,9,9,1,7,0,0,6,0,0,0,0,1,1,6,6,1,75,10,-1,-1,-1,-1,8,E01017776,0,-1
2020010291987,2020,010291987,1,9,0,99,99,9,9,99,99,9,9,99,9,99,9,9,6,6,3,-1,-1,-1,-1,-1,-1,-1,-1,0,-1
2020140927684,2020,140927684,2,1,0,18,19,1,5,4,4,8,0,0,0,0,1,1,6,6,1,-1,-1,-1,-1,-1,-1,-1,-1,0,-1
2020461006930,2020,461006930,1,9,0,9,9,3,5,0,0,2,0,0,0,0,3,1,6,6,1,74,10,-1,-1,-1,-1,8,E01024271,0,-1
2020220983688,2020,220983688,2,1,0,18,19,4,8,0,0,0,0,10,1,0,3,1,2,2,1,40,7,-1,-1,-1,-1,8,E01013996,0,-1
2020450974355,2020,450974355,2,1,0,18,19,5,1,9,9,1,0,0,0,0,1,1,5,6,1,13,3,-1,-1,-1,-1,-1,-1,0,-1
2020320393197,2020,320393197,2,1,0,18,19,8,4,0,0,0,0,0,0,0,4,1,6,6,1,52,8,-1,-1,-1,-1,8,E01021341,0,-1
2020010254381,2020,010254381,2,9,4,99,99,9,9,99,99,1,9,99,9,99,1,9,6,6,3,-1,-1,-1,-1,-1,-1,-1,-1,0,-1
2020010251271,2020,010251271,2,1,0,18,19,2,6,0,0,1,5,0,0,0,1,1,6,6,1,52,8,-1,-1,-1,-1,6,E01004017,0,-1
2020220949898,2020,220949898,1,9,4,18,19,6,2,0,0,6,0,0,0,0,2,1,6,6,3,34,6,-1,-1,-1,-1,-1,-1,0,-1
2020450962467,2020,450962467,1,98,1,18,19,4,8,0,0,4,1,0,0,0,3,2,1,1,1,58,9,-1,-1,-1,-1,-1,-1,0,-1
2020350988418,2020,350988418,1,1,0,18,19,4,8,0,0,2,0,0,0,0,1,1,4,7,2,11,3,-1,-1,-1,-1,8,E01018132,0,-1
2020470979432,2020,470979432,3,9,0,9,9,7,5,0,0,8,0,0,0,0,0,1,6,6,3,-1,-1,-1,-1,-1,-1,-1,-1,0,-1
2020070683137,2020,070683137,2,1,0,17,19,1,5,0,0,8,0,0,0,0,4,1,6,6,1,80,11,-1,-1,-1,-1,10,E01018576,0,-1
202063B033320,2020,63B033320,1,19,0,7,7,6,8,0,0,6,0,0,0,0,3,1,6,6,3,-1,-1,-1,-1,-1,-1,-1,-1,0,-1
2020052000996,2020,052000996,1,9,0,4,4,6,2,0,0,0,0,0,0,0,1,1,6,6,3,-1,-1,-1,-1,-1,-1,-1,-1,0,-1
2020410967005,2020,410967005,5,9,0,2,2,0,0,0,0,2,0,0,0,0,0,1,6,6,3,-1,-1,-1,-1,-1,-1,-1,-1,0,-1
2020421004607,2020,421004607,1,1,-1,18,19,1,5,0,0,1,0,0,0,0,1,1,6,6,1,14,3,-1,-1,-1,-1,-1,-1,0,-1
2020030964198,2020,030964198,2,1,0,18,19,3,7,0,0,3,0,0,0,0,4,1,6,6,1,40,7,-1,-1,-1,-1,9,E01019238,0,-1
2020440027064,2020,440027064,2,1,0,4,4,1,5,0,0,1,0,0,0,0,1,1,6,6,1,41,7,-1,-1,-1,-1,10,E01022659,0,-1
2020010270767,2020,010270767,2,9,0,99,99,9,9,99,99,9,9,99,9,99,1,9,6,6,3,-1,-1,-1,-1,-1,-1,-1,-1,0,-1
2020332000882,2020,332000882,2,9,0,2,2,0,0,0,0,0,0,0,0,0,1,1,6,6,3,-1,-1,-1,-1,-1,-1,2,E01013781,0,-1
2020530953611,2020,530953611,1,2,0,18,19,8,4,0,0,0,0,0,0,0,1,1,6,6,3,-1,-1,-1,-1,-1,-1,-1,-1,0,-1
2020010254226,2020,010254226,2,1,0,99,99,9,9,0,0,9,0,0,9,0,9,-1,6,6,2,25,5,-1,-1,-1,-1,-1,-1,0,-1
2020421004860,2020,421004860,1,21,4,17,19,7,3,0,0,0,0,0,0,0,3,2,1,1,1,51,8,-1,-1,-1,-1,-1,-1,0,-1
202060Y116206,2020,60Y116206,2,9,0,16,19,6,8,0,0,0,0,0,1,10,4,1,6,6,1,36,7,-1,-1,-1,-1,-1,-1,0,-1
2020450949167,2020,450949167,1,1,0,18,19,1,7,0,0,8,0,0,0,0,3,1,5,6,1,29,6,-1,-1,-1,-1,8,E01002990,0,-1
2020010252658,2020,010252658,2,1,0,3,3,1,5,0,0,1,0,0,0,0,1,1,6,6,1,36,7,-1,-1,-1,-1,3,E01001203,0,-1
2020010279046,2020,010279046,1,1,9,99,99,9,9,99,99,9,9,99,9,99,1,1,6,6,1,32,6,-1,-1,-1,-1,5,E01003359,0,-1
2020520101032,2020,520101032,2,3,0,18,19,1,5,0,0,1,0,0,0,0,1,1,6,6,1,31,6,-1,-1,-1,-1,5,E01015070,0,-1
2020410971853,2020,410971853,2,9,0,18,19,8,4,0,0,1,0,0,0,0,1,1,5,6,1,71,10,-1,-1,-1,-1,4,E01000323,0,-1
2020410954440,2020,410954440,1,19,-1,-1,-1,-1,-1,-1,-1,1,-1,-1,-1,0,-1,1,6,6,3,-1,-1,-1,-1,-1,-1,-1,-1,0,-1
2020440302954,2020,440302954,1,9,0,9,9,2,7,0,0,6,0,0,0,0,1,1,6,6,2,59,9,-1,-1,-1,-1,10,E01022885,0,-1
2020230998050,2020,230998050,2,1,0,18,19,2,6,0,0,0,0,0,1,9,3,1,5,6,1,59,9,-1,-1,-1,-1,10,E01031214,0,-1
2020010257285,2020,010257285,1,1,9,99,99,9,9,99,99,0,9,99,9,99,1,1,6,6,1,35,6,-1,-1,-1,-1,2,E01003248,0,-1
202060Y025116,2020,60Y025116,1,9,0,5,5,2,6,0,0,0,0,0,0,0,3,1,6,6,1,31,6,-1,-1,-1,-1,-1,-1,0,-1
2020210930912,2020,210930912,2,1,-1,9,9,3,8,0,0,8,0,0,0,0,2,1,6,6,1,50,8,-1,-1,-1,-1,8,E01029579,0,-1
2020370993194,2020,370993194,1,9,0,18,19,5,3,0,0,7,0,0,0,0,3,1,6,6,2,21,5,-1,-1,-1,-1,6,E01033453,0,-1
2020340N01222,2020,340N01222,1,9,0,18,19,1,5,0,0,1,0,0,0,0,1,1,6,6,3,-1,-1,-1,-1,-1,-1,-1,-1,0,-1
2020622000453,2020,622000453,2,9,0,7,7,6,1,0,0,2,0,0,0,0,2,1,1,1,1,47,8,-1,-1,-1,-1,7,W01001003,0,-1
2020320255635,2020,320255635,1,9,0,9,9,3,3,0,0,6,0,0,0,0,3,1,6,6,1,44,7,-1,-1,-1,-1,2,E01026084,0,-1
2020070163390,2020,070163390,2,1,0,18,19,3,7,0,0,0,2,0,0,0,2,1,2,2,1,60,9,-1,-1,-1,-1,4,E01018535,0,-1
2020332001222,2020,332001222,2,9,0,18,19,6,2,0,0,8,0,0,0,0,0,1,6,6,2,60,9,-1,-1,-1,-1,-1,-1,0,-1
2020140966565,2020,140966565,1,1,0,12,12,2,6,0,0,0,0,0,0,0,1,1,6,6,1,66,10,-1,-1,-1,-1,3,E01032925,0,-1
2020302001276,2020,302001276,1,1,0,18,19,4,8,0,0,0,0,0,0,0,1,1,6,6,1,64,9,-1,-1,-1,-1,7,E01019711,0,-1
2020450925727,2020,450925727,1,1,0,16,19,5,1,0,0,0,0,0,0,0,3,1,6,6,1,46,8,-1,-1,-1,-1,6,E01030557,0,-1
2020200931366,2020,200931366,1,9,0,-1,-1,-1,-1,-1,-1,-1,-1,-1,-1,0,-1,1,6,6,3,-1,-1,-1,-1,-1,-1,-1,-1,0,-1
2020010248690,2020,010248690,1,9,0,13,13,7,3,0,0,0,0,0,0,0,0,1,6,6,3,-1,-1,-1,-1,-1,-1,-1,-1,0,-1
2020010270708,2020,010270708,2,19,0,99,99,9,9,99,99,9,9,0,0,0,9,9,6,6,3,-1,-1,-1,-1,-1,-1,-1,-1,0,-1
2020400961537,2020,400961537,1,11,0,18,19,1,5,0,0,0,0,0,0,0,0,1,6,6,1,46,8,-1,-1,-1,-1,2,E01015737,0,-1
202006A170351,2020,06A170351,3,9,0,4,4,4,8,0,0,1,0,0,0,0,1,1,6,6,1,27,6,-1,-1,-1,-1,9,E01018601,0,-1
2020990959666,2020,990959666,1,9,0,18,19,3,7,0,0,1,0,0,0,0,1,1,1,1,1,44,7,-1,-1,-1,-1,-1,-1,0,-1
2020520002013,2020,520002013,3,9,0,18,19,5,1,0,0,0,0,0,0,0,1,1,6,6,1,37,7,-1,-1,-1,-1,-1,-1,0,-1
2020210970613,2020,210970613,2,1,0,18,19,7,3,0,0,0,5,0,0,0,1,1,2,2,1,33,6,-1,-1,-1,-1,1,E01014213,0,-1
2020990935633,2020,990935633,2,1,0,3,3,8,4,0,0,1,0,0,0,0,2,1,1,1,1,55,8,-1,-1,-1,-1,8,-1,0,-1
2020052001090,2020,052001090,2,1,0,18,19,3,7,0,0,8,0,0,0,0,3,1,6,6,1,14,3,-1,-1,-1,-1,5,E01006781,0,-1
2020040957745,2020,040957745,2,9,0,5,5,1,5,0,0,4,0,0,0,0,1,1,5,6,1,71,10,-1,-1,-1,-1,8,E01025178,0,-1
2020010275080,2020,010275080,2,5,0,3,3,8,4,0,0,2,0,4,0,0,1,1,6,6,1,24,5,-1,-1,-1,-1,2,E01002278,0,-1
2020470925906,2020,470925906,2,1,0,18,19,5,1,0,0,1,0,0,0,0,3,1,6,6,1,37,7,-1,-1,-1,-1,4,E01016890,0,-1
2020010249993,2020,010249993,2,9,0,5,5,5,1,0,0,1,0,0,0,0,4,1,6,6,1,-1,-1,-1,-1,-1,-1,-1,-1,0,-1
2020622000914,2020,622000914,2,9,0,3,3,6,2,0,0,0,0,0,0,0,3,1,6,6,1,55,8,-1,-1,-1,-1,8,W01001755,0,-1
2020361002846,2020,361002846,2,1,0,18,19,8,4,0,0,0,0,0,0,0,3,1,5,6,1,52,8,-1,-1,-1,-1,6,E01026797,0,-1
202060Y022118,2020,60Y022118,2,9,0,4,4,4,2,0,0,3,0,0,0,0,4,1,6,6,1,46,8,-1,-1,-1,-1,-1,-1,0,-1
2020052000806,2020,052000806,1,9,0,18,19,7,3,0,0,6,0,0,0,0,1,1,6,6,3,-1,-1,-1,-1,-1,-1,-1,-1,0,-1
2020010286256,2020,010286256,2,1,0,17,19,1,5,7,6,6,2,7,1,7,1,1,6,6,1,33,6,-1,-1,-1,-1,-1,-1,0,-1
2020332000575,2020,332000575,2,9,0,4,4,6,2,0,0,2,0,0,0,0,1,1,6,6,1,25,5,-1,-1,-1,-1,2,E01032873,0,-1
2020350943881,2020,350943881,1,9,0,12,12,1,5,0,0,0,0,0,0,0,1,1,5,6,1,40,7,-1,-1,-1,-1,9,E01018211,0,-1
2020010269446,2020,010269446,1,1,0,18,19,7,3,4,4,8,0,0,0,0,3,1,6,6,2,21,5,-1,-1,-1,-1,2,E01004242,0,-1
2020430350783,2020,430350783,2,1,0,18,19,5,1,0,0,1,0,0,1,0,3,1,6,6,1,48,8,-1,-1,-1,-1,10,E01017787,0,-1
2020110974270,2020,110974270,2,98,0,18,19,5,1,0,0,0,0,0,0,0,0,1,6,6,1,36,7,-1,-1,-1,-1,4,E01020630,0,-1
2020010234694,2020,010234694,2,9,9,99,99,9,9,99,99,9,9,99,9,99,9,1,6,6,3,-1,-1,-1,-1,-1,-1,8,E01022057,0,-1
2020200926333,2020,200926333,1,9,0,5,5,8,4,0,0,2,0,0,0,0,1,1,6,6,1,35,6,-1,-1,-1,-1,-1,-1,0,-1
2020070639872,2020,070639872,2,1,0,18,19,4,8,0,0,8,0,0,0,0,1,1,2,2,1,35,6,-1,-1,-1,-1,6,E01018472,0,-1
2020230966038,2020,230966038,2,1,0,18,19,3,8,0,0,8,0,0,0,0,1,1,5,6,1,28,6,-1,-1,-1,-1,8,E01031180,0,-1
202060Y050708,2020,60Y050708,2,9,0,18,19,3,7,0,0,8,0,0,0,0,1,1,6,6,1,49,8,-1,-1,-1,-1,-1,-1,0,-1
2020052001186,2020,052001186,2,1,0,14,14,3,6,0,0,0,0,0,0,0,1,1,6,6,2,48,8,-1,-1,-1,-1,8,E01007103,0,-1
2020010242428,2020,010242428,1,1,9,99,99,9,9,99,99,9,9,99,9,99,9,1,2,2,2,44,7,-1,-1,-1,-1,10,E01004196,0,-1
2020010248624,2020,010248624,1,1,9,18,19,4,8,0,0,2,5,0,0,99,3,1,6,6,1,34,6,-1,-1,-1,-1,8,E01002132,0,-1
2020220955120,2020,220955120,2,9,0,7,7,8,2,0,0,2,0,0,0,0,1,1,6,6,3,34,6,-1,-1,-1,-1,-1,-1,0,-1
2020010234724,2020,010234724,2,1,0,18,19,5,1,0,0,8,5,0,0,0,1,-1,1,1,1,31,6,-1,-1,-1,-1,3,E01003154,0,-1
2020332000555,2020,332000555,1,9,0,18,19,4,8,0,0,8,0,0,0,0,1,1,6,6,2,-1,-1,-1,-1,-1,-1,-1,-1,0,-1
202006N173134,2020,06N173134,2,90,0,18,19,5,1,0,0,2,0,0,0,0,1,1,6,6,2,12,3,-1,-1,-1,-1,-1,-1,0,-1
2020332000523,2020,332000523,2,9,0,18,19,4,8,0,0,8,0,0,0,0,1,1,1,1,2,35,6,-1,-1,-1,-1,-1,-1,0,-1
2020520100953,2020,520100953,1,20,0,18,19,4,8,0,0,0,0,0,0,0,4,1,6,6,3,-1,-1,-1,-1,-1,-1,-1,-1,0,-1
2020332000425,2020,332000425,1,9,0,18,19,2,6,0,0,1,0,0,0,0,1,1,6,6,1,56,9,-1,-1,-1,-1,9,E01025669,0,-1
2020332000479,2020,332000479,1,9,0,4,4,8,4,0,0,1,0,0,0,0,1,1,6,6,1,81,11,-1,-1,-1,-1,10,E01025845,0,-1
2020010277874,2020,010277874,1,1,9,99,99,9,9,99,99,9,9,99,9,99,9,1,6,6,2,26,6,-1,-1,-1,-1,5,E01004466,0,-1
2020140939905,2020,140939905,3,9,0,2,2,0,0,0,0,1,0,0,0,0,2,1,6,6,3,-1,-1,-1,-1,-1,-1,-1,-1,0,-1
2020360941714,2020,360941714,1,9,0,18,19,7,3,0,0,0,0,0,0,0,4,1,5,6,1,82,11,-1,-1,-1,-1,6,E01026494,0,-1
2020450997742,2020,450997742,1,1,0,17,19,3,7,0,0,8,1,0,7,0,4,1,4,7,1,16,4,-1,-1,-1,-1,10,E01030498,0,-1
202006L175503,2020,06L175503,1,9,0,7,7,4,6,0,0,5,0,0,0,0,3,1,1,1,1,64,9,-1,-1,-1,-1,5,E01025515,0,-1
2020010268469,2020,010268469,2,9,0,99,99,9,9,99,99,9,9,99,9,99,9,9,6,6,3,-1,-1,-1,-1,-1,-1,-1,-1,0,-1
202060Y079571,2020,60Y079571,2,9,0,3,3,3,7,0,0,1,0,0,0,0,2,1,6,6,2,35,6,-1,-1,-1,-1,-1,-1,0,-1
2020371002916,2020,371002916,2,1,0,9,9,8,5,0,0,0,0,0,0,0,2,1,6,6,1,15,3,-1,-1,-1,-1,7,E01029871,0,-1
2020010270479,2020,010270479,1,1,0,18,19,7,3,0,0,0,0,0,0,0,1,1,6,6,1,52,8,-1,-1,-1,-1,2,E01004197,0,-1
2020010253556,2020,010253556,1,1,9,99,99,9,9,99,99,9,9,99,9,99,9,1,6,6,1,36,7,-1,-1,-1,-1,3,E01003296,0,-1
2020010259967,2020,010259967,1,1,0,18,19,5,1,0,0,2,0,0,0,0,1,1,6,6,1,21,5,-1,-1,-1,-1,1,E01004241,0,-1
2020010254674,2020,010254674,1,1,9,99,99,9,9,99,99,9,9,99,9,99,1,-1,2,2,2,25,5,-1,-1,-1,-1,3,E01004536,0,-1
2020010240054,2020,010240054,2,1,0,5,5,4,8,0,0,0,0,0,0,0,4,1,6,6,1,44,7,-1,-1,-1,-1,-1,-1,0,-1
2020350978084,2020,350978084,2,1,0,18,19,3,7,0,0,1,0,0,0,0,4,1,6,6,1,61,9,-1,-1,-1,-1,10,E01018118,0,-1
2020430232601,2020,430232601,1,9,0,18,19,1,5,0,0,0,0,0,0,0,1,1,6,6,3,90,11,-1,-1,-1,-1,8,E01016190,0,-1
2020500954670,2020,500954670,2,1,0,18,19,4,8,0,0,0,0,0,1,0,2,1,6,6,1,69,10,-1,-1,-1,-1,1,E01019033,0,-1
2020010282935,2020,010282935,1,21,1,18,19,7,3,0,0,0,0,0,0,0,1,2,1,1,1,49,8,-1,-1,-1,-1,-1,-1,0,-1
2020040959589,2020,040959589,2,1,0,18,19,2,6,0,0,8,0,0,0,0,1,1,5,6,1,66,10,-1,-1,-1,-1,2,E01006397,0,-1
2020500986061,2020,500986061,2,1,0,18,19,1,5,0,0,8,0,0,0,0,4,1,5,6,1,33,6,-1,-1,-1,-1,3,E01015061,0,-1
2020200935546,2020,200935546,1,9,0,18,19,8,4,0,0,0,0,0,0,0,2,1,6,6,1,-1,-1,-1,-1,-1,-1,-1,-1,0,-1
2020302001167,2020,302001167,2,1,0,18,19,6,2,4,4,8,0,0,0,0,0,1,6,6,1,56,9,-1,-1,-1,-1,7,E01019705,0,-1
2020031003290,2020,031003290,2,1,0,18,19,1,5,0,0,1,0,0,0,0,1,1,6,6,1,8,2,-1,-1,-1,-1,7,E01019093,0,-1
2020461028083,2020,461028083,1,9,0,18,19,7,3,0,0,0,0,0,0,0,1,1,6,6,1,-1,-1,-1,-1,-1,-1,-1,-1,0,-1
2020221005473,2020,221005473,1,1,0,16,19,5,8,0,0,8,0,0,0,0,2,1,5,6,2,76,11,-1,-1,-1,-1,2,E01013993,0,-1
2020332000057,2020,332000057,3,9,0,2,2,0,0,9,9,0,0,0,0,0,1,1,6,6,3,-1,-1,-1,-1,-1,-1,-1,-1,0,-1
2020052002257,2020,052002257,1,9,0,18,19,3,1,0,0,1,0,0,0,0,1,1,6,6,3,-1,-1,-1,-1,-1,-1,-1,-1,0,-1
2020010286207,2020,010286207,2,9,0,99,99,9,9,99,99,9,9,99,9,99,1,9,6,6,3,30,6,-1,-1,-1,-1,-1,-1,0,-1
2020010267821,2020,010267821,2,1,0,9,9,7,5,0,0,2,0,0,0,0,2,1,6,6,2,30,6,-1,-1,-1,-1,4,E01002592,0,-1
2020450937478,2020,450937478,2,9,0,18,19,1,3,0,0,2,0,0,0,0,1,1,6,6,1,34,6,-1,-1,-1,-1,-1,-1,0,-1
2020622000744,2020,622000744,2,1,0,18,19,2,6,0,0,1,0,0,0,0,1,1,6,6,1,35,6,-1,-1,-1,-1,1,W01001708,0,-1
202060Y091234,2020,60Y091234,2,1,0,18,19,2,6,0,0,0,0,0,0,0,0,1,6,6,1,26,6,-1,-1,-1,-1,-1,-1,0,-1
2020500987422,2020,500987422,2,1,0,18,19,1,5,4,4,8,0,0,0,0,1,1,4,7,1,12,3,-1,-1,-1,-1,6,E01020255,0,-1
2020010243822,2020,010243822,2,9,9,99,99,9,9,99,99,9,9,99,9,99,1,9,6,6,3,-1,-1,-1,-1,-1,-1,-1,-1,0,-1