collision_index,collision_year,collision_ref_no,vehicle_reference,vehicle_type,towing_and_articulation,vehicle_manoeuvre_historic,vehicle_manoeuvre,vehicle_direction_from,vehicle_direction_to,vehicle_location_restricted_lane_historic,vehicle_location_restricted_lane,junction_location,skidding_and_overturning,hit_object_in_carriageway,vehicle_leaving_carriageway,hit_object_off_carriageway,first_point_of_impact,vehicle_left_hand_drive,journey_purpose_of_driver_historic,journey_purpose_of_driver,sex_of_driver,age_of_driver,age_band_of_driver,engine_capacity_cc,propulsion_code,age_of_vehicle,generic_make_model,driver_imd_decile,lsoa_of_driver,escooter_flag,driver_distance_banding
2020302000365,2020,302000365,2,9,0,4,4,4,8,0,0,0,0,0,0,0,2,1,6,6,2,48,8,-1,-1,-1,-1,1,E01013473,0,-1
2020137260661,2020,137260661,2,1,0,18,19,7,3,0,0,8,0,0,0,0,1,1,6,6,1,74,10,-1,-1,-1,-1,9,E01011381,0,-1
2020030947322,2020,030947322,2,1,0,18,19,1,5,0,0,8,0,0,0,0,4,1,5,6,1,38,7,-1,-1,-1,-1,3,E01019194,0,-1
202054B875420,2020,54B875420,1,9,0,18,19,8,4,0,0,1,0,0,0,0,1,1,6,6,1,60,9,-1,-1,-1,-1,8,E01023178,0,-1
2020100996735,2020,100996735,1,9,0,18,19,5,1,0,0,6,0,0,0,0,1,1,6,6,3,-1,-1,-1,-1,-1,-1,-1,-1,0,-1
2020461002923,2020,461002923,1,21,1,12,12,3,7,0,0,0,0,0,0,0,1,1,1,1,1,59,9,-1,-1,-1,-1,-1,-1,0,-1
20201376B1224,2020,1376B1224,2,1,0,18,19,3,7,0,0,6,0,0,0,0,1,1,6,6,1,25,5,-1,-1,-1,-1,10,E01011401,0,-1
2020332001252,2020,332001252,2,1,0,18,19,6,2,0,0,8,0,0,0,0,0,1,6,6,1,27,6,-1,-1,-1,-1,-1,-1,0,-1
2020010242886,2020,010242886,1,1,9,99,99,9,9,99,99,9,9,99,9,99,9,-1,2,2,1,39,7,-1,-1,-1,-1,3,E01003725,0,-1
2020440389576,2020,440389576,2,1,0,18,19,2,5,0,0,4,0,0,0,0,4,1,2,2,1,29,6,-1,-1,-1,-1,5,E01017126,0,-1
2020220984915,2020,220984915,2,1,0,18,19,4,8,0,0,8,0,0,0,0,1,1,5,6,1,85,11,-1,-1,-1,-1,7,E01032130,0,-1
2020470941890,2020,470941890,5,9,0,2,2,0,0,0,0,2,0,0,0,0,3,1,6,6,3,-1,-1,-1,-1,-1,-1,-1,-1,0,-1
2020470982033,2020,470982033,1,9,0,4,4,7,3,0,0,0,0,0,0,0,2,1,5,6,2,27,6,-1,-1,-1,-1,4,E01031434,0,-1
2020370982077,2020,370982077,1,9,0,5,5,3,7,0,0,0,0,0,0,0,0,1,6,6,1,40,7,-1,-1,-1,-1,-1,-1,0,-1
2020461004994,2020,461004994,1,98,1,18,19,5,1,0,0,0,0,0,0,0,1,1,1,1,1,52,8,-1,-1,-1,-1,-1,-1,0,-1
2020010281898,2020,010281898,2,9,0,99,99,9,9,99,99,0,9,99,9,99,9,9,6,6,3,-1,-1,-1,-1,-1,-1,-1,-1,0,-1
2020501002954,2020,501002954,1,1,0,14,14,1,5,0,0,0,0,0,0,0,4,1,5,6,1,55,8,-1,-1,-1,-1,3,E01018893,0,-1
2020010231688,2020,010231688,2,9,0,7,7,2,4,0,0,8,0,0,0,0,1,1,6,6,3,-1,-1,-1,-1,-1,-1,-1,-1,0,-1
2020010285028,2020,010285028,2,1,0,4,4,7,3,0,0,1,1,0,0,0,1,1,4,7,1,12,3,-1,-1,-1,-1,4,E01002425,0,-1
2020522002486,2020,522002486,1,1,0,18,19,2,6,4,4,1,0,0,0,0,1,1,6,6,1,18,4,-1,-1,-1,-1,1,E01014584,0,-1
202031A140220,2020,31A140220,2,1,0,18,19,5,1,0,0,8,0,0,0,0,2,1,2,2,1,56,9,-1,-1,-1,-1,1,E01028268,0,-1
2020010278526,2020,010278526,1,1,9,99,99,9,9,99,99,9,9,99,9,99,9,1,6,6,1,30,6,-1,-1,-1,-1,3,E01004427,0,-1
2020160954644,2020,160954644,1,5,0,16,19,2,6,0,0,0,0,0,7,4,1,1,6,6,1,23,5,-1,-1,-1,-1,10,E01013090,0,-1
2020420944334,2020,420944334,2,3,0,18,19,3,7,0,0,1,0,0,0,0,1,1,5,6,1,28,6,-1,-1,-1,-1,2,E01016004,0,-1
2020210990735,2020,210990735,1,9,-1,7,7,3,5,0,0,1,0,0,0,0,-1,1,6,6,3,-1,-1,-1,-1,-1,-1,-1,-1,0,-1
202006E169137,2020,06E169137,2,1,0,18,19,8,4,4,4,8,0,0,0,0,1,1,2,2,1,27,6,-1,-1,-1,-1,4,E01005281,0,-1
2020010272119,2020,010272119,1,1,9,99,99,9,9,99,99,9,9,99,9,99,1,1,6,6,1,29,6,-1,-1,-1,-1,6,E01003033,0,-1
202060Y086355,2020,60Y086355,1,9,0,18,19,8,4,0,0,1,0,0,0,0,1,1,1,1,1,18,4,-1,-1,-1,-1,-1,-1,0,-1
2020141009751,2020,141009751,1,9,0,-1,-1,-1,-1,-1,-1,0,-1,-1,-1,0,-1,1,6,6,3,-1,-1,-1,-1,-1,-1,-1,-1,0,-1
2020990954895,2020,990954895,2,1,0,18,19,8,5,0,0,8,0,0,0,0,2,1,6,6,2,38,7,-1,-1,-1,-1,-1,-1,0,-1
2020010238353,2020,010238353,2,9,0,99,99,9,9,99,99,9,9,99,9,99,1,9,6,6,3,-1,-1,-1,-1,-1,-1,-1,-1,0,-1
2020470995099,2020,470995099,3,9,0,4,4,4,8,0,0,0,0,0,0,0,0,1,6,6,3,-1,-1,-1,-1,-1,-1,-1,-1,0,-1
2020122000999,2020,122000999,1,9,0,18,19,1,5,0,0,1,0,0,0,0,0,1,6,6,3,-1,-1,-1,-1,-1,-1,-1,-1,0,-1
2020010233445,2020,010233445,2,1,0,5,5,7,3,0,0,0,0,0,0,0,1,1,1,1,1,60,9,-1,-1,-1,-1,4,E01000532,0,-1
2020200955082,2020,200955082,1,1,0,18,19,5,1,0,0,0,0,0,0,0,3,1,6,6,1,49,8,-1,-1,-1,-1,2,E01010403,0,-1
2020200972571,2020,200972571,2,1,0,18,19,6,2,0,0,0,0,0,0,0,4,1,6,6,1,59,9,-1,-1,-1,-1,1,E01008901,0,-1
202063D047020,2020,63D047020,2,1,0,18,19,8,4,0,0,0,0,0,7,10,0,1,2,2,2,42,7,-1,-1,-1,-1,7,W01000548,0,-1
2020430309218,2020,430309218,1,20,0,18,19,6,2,0,0,0,0,0,0,0,1,1,1,1,1,38,7,-1,-1,-1,-1,10,E01016597,0,-1
2020010272708,2020,010272708,1,11,0,4,4,7,3,0,0,0,0,0,0,0,0,1,1,1,2,48,8,-1,-1,-1,-1,2,E01003194,0,-1
2020450935438,2020,450935438,2,9,0,2,2,0,0,0,0,8,0,0,0,0,4,1,6,6,3,-1,-1,-1,-1,-1,-1,-1,-1,0,-1
2020440182304,2020,440182304,2,1,0,18,19,8,4,0,0,8,0,0,0,0,2,1,6,6,1,54,8,-1,-1,-1,-1,8,E01030471,0,-1
2020500940092,2020,500940092,2,1,0,18,19,3,7,0,0,8,0,0,0,0,3,1,5,6,2,-1,-1,-1,-1,-1,-1,7,E01019969,0,-1
2020040954421,2020,040954421,1,98,0,4,4,7,3,0,0,1,0,0,0,0,0,1,6,6,3,-1,-1,-1,-1,-1,-1,-1,-1,0,-1
2020010270126,2020,010270126,2,9,0,99,99,9,9,99,99,9,9,99,9,99,9,9,6,6,3,-1,-1,-1,-1,-1,-1,-1,-1,0,-1
2020990983815,2020,990983815,1,19,0,7,7,7,2,0,0,1,0,0,0,0,4,1,6,6,3,50,8,-1,-1,-1,-1,-1,-1,0,-1
202031C000920,2020,31C000920,2,1,0,18,19,1,5,0,0,2,0,0,0,0,1,1,6,6,1,10,2,-1,-1,-1,-1,2,E01028110,0,-1
202060Y102934,2020,60Y102934,2,5,0,18,19,6,2,0,0,0,0,0,0,0,0,1,6,6,1,30,6,-1,-1,-1,-1,-1,-1,0,-1
2020450960303,2020,450960303,2,1,0,18,19,7,3,0,0,1,0,0,0,0,1,1,5,6,1,48,8,-1,-1,-1,-1,10,E01003805,0,-1
2020520000150,2020,520000150,2,9,0,9,9,6,4,0,0,8,0,0,0,0,1,1,6,6,1,57,9,-1,-1,-1,-1,6,E01029054,0,-1
2020440016961,2020,440016961,2,1,0,18,19,1,5,0,0,0,0,0,0,0,2,1,6,6,1,28,6,-1,-1,-1,-1,7,E01017288,0,-1
2020990923355,2020,990923355,2,1,0,18,19,2,6,4,4,0,0,0,0,0,1,1,2,2,2,29,6,-1,-1,-1,-1,6,-1,0,-1
2020420921072,2020,420921072,1,9,0,18,19,5,1,0,0,1,0,0,0,0,3,1,6,6,2,30,6,-1,-1,-1,-1,7,E01021344,0,-1
2020052001880,2020,052001880,1,1,0,18,19,8,4,0,0,0,0,0,0,0,3,1,4,7,1,15,3,-1,-1,-1,-1,6,E01007063,0,-1
2020010251602,2020,010251602,2,9,0,99,99,9,9,99,99,9,9,99,9,99,1,9,6,6,3,-1,-1,-1,-1,-1,-1,-1,-1,0,-1
202060Y138444,2020,60Y138444,1,9,0,11,11,4,8,0,0,0,0,4,1,0,1,1,2,2,1,50,8,-1,-1,-1,-1,-1,-1,0,-1
2020010260267,2020,010260267,1,9,0,18,19,7,3,2,2,1,0,0,0,0,1,1,6,6,3,-1,-1,-1,-1,-1,-1,-1,-1,0,-1
2020450954838,2020,450954838,2,1,0,18,19,1,5,0,0,1,0,0,0,0,1,1,5,6,1,32,6,-1,-1,-1,-1,10,E01030899,0,-1
2020430400622,2020,430400622,1,2,0,18,19,6,2,0,0,0,0,0,0,0,1,1,6,6,1,42,7,-1,-1,-1,-1,2,E01028514,0,-1
2020010235831,2020,010235831,2,9,0,99,99,9,9,99,99,9,9,99,9,99,1,9,6,6,3,-1,-1,-1,-1,-1,-1,-1,-1,0,-1
2020410983497,2020,410983497,1,9,0,18,19,6,2,0,0,0,0,0,0,0,1,1,5,6,1,24,5,-1,-1,-1,-1,4,E01026468,0,-1
2020010263091,2020,010263091,1,1,0,18,19,3,7,0,0,2,0,0,0,0,1,1,6,6,1,25,5,-1,-1,-1,-1,10,E01014874,0,-1
2020471001670,2020,471001670,2,1,0,18,19,8,4,0,0,8,0,0,0,0,2,1,6,6,1,65,9,-1,-1,-1,-1,3,E01031459,0,-1
2020170S11350,2020,170S11350,2,1,0,12,12,7,3,0,0,0,0,0,0,0,3,1,6,6,1,18,4,-1,-1,-1,-1,1,E01012254,0,-1
2020010283857,2020,010283857,1,21,1,18,19,4,8,0,0,2,0,0,0,0,1,2,1,1,1,29,6,-1,-1,-1,-1,-1,-1,0,-1
2020552100104,2020,552100104,1,1,0,18,19,8,4,0,0,0,0,0,0,0,1,1,6,6,1,76,11,-1,-1,-1,-1,9,E01020356,0,-1
202060Y096562,2020,60Y096562,2,3,0,18,19,2,6,0,0,1,0,0,0,0,1,1,2,2,1,18,4,-1,-1,-1,-1,-1,-1,0,-1
2020990916663,2020,990916663,2,1,0,18,19,5,1,0,0,8,0,0,0,0,3,1,2,2,1,35,6,-1,-1,-1,-1,4,-1,0,-1
2020430080820,2020,430080820,2,9,0,18,19,3,7,0,0,0,0,0,0,0,1,1,2,2,2,27,6,-1,-1,-1,-1,8,E01028726,0,-1
2020010257272,2020,010257272,2,1,0,5,5,7,3,2,2,1,0,0,0,0,4,1,6,6,1,33,6,-1,-1,-1,-1,4,E01001252,0,-1
2020470933920,2020,470933920,2,1,0,4,4,3,7,0,0,1,0,0,0,0,1,1,6,6,1,23,5,-1,-1,-1,-1,4,E01031364,0,-1
2020052000562,2020,052000562,3,9,0,18,19,1,5,0,0,1,0,0,1,10,3,1,6,6,1,54,8,-1,-1,-1,-1,5,E01006946,0,-1
202031B134220,2020,31B134220,2,1,0,9,9,5,3,0,0,8,0,0,0,0,1,1,6,6,1,61,9,-1,-1,-1,-1,-1,-1,0,-1
2020010261474,2020,010261474,2,1,0,18,19,3,7,0,0,0,0,0,0,0,1,1,2,2,1,47,8,-1,-1,-1,-1,7,E01004635,0,-1
2020520000281,2020,520000281,1,19,0,9,9,3,1,0,0,8,0,0,0,0,1,1,6,6,3,-1,-1,-1,-1,-1,-1,-1,-1,0,-1
2020010275229,2020,010275229,2,1,0,18,19,5,1,0,0,8,0,0,0,0,1,1,2,2,2,35,6,-1,-1,-1,-1,2,E01000599,0,-1
2020070081361,2020,070081361,2,9,0,18,19,4,8,0,0,1,0,0,0,0,1,1,6,6,2,28,6,-1,-1,-1,-1,9,E01018420,0,-1
2020200929937,2020,200929937,1,9,0,1,1,4,8,0,0,1,0,0,0,0,2,1,6,6,1,-1,-1,-1,-1,-1,-1,-1,-1,0,-1
202031D162420,2020,31D162420,2,1,0,18,19,1,5,0,0,8,0,0,0,0,1,1,6,6,2,64,9,-1,-1,-1,-1,10,E01028404,0,-1
2020010228120,2020,010228120,2,1,0,18,19,1,5,2,2,1,1,0,0,0,1,1,6,6,1,45,7,-1,-1,-1,-1,4,E01030824,0,-1
2020350993527,2020,350993527,1,9,0,9,9,2,6,0,0,8,0,0,0,0,3,1,6,6,1,26,6,-1,-1,-1,-1,7,E01018210,0,-1
2020440145934,2020,440145934,1,1,0,18,19,6,2,0,0,0,0,0,0,0,0,1,6,6,1,39,7,-1,-1,-1,-1,3,E01022738,0,-1
2020010264924,2020,010264924,2,9,0,18,19,7,3,0,0,2,0,0,0,0,3,1,6,6,3,-1,-1,-1,-1,-1,-1,-1,-1,0,-1
2020351018779,2020,351018779,1,9,0,9,9,4,6,0,0,2,0,0,0,0,4,1,6,6,1,31,6,-1,-1,-1,-1,9,E01026263,0,-1
2020470974240,2020,470974240,1,9,0,18,19,2,6,0,0,6,0,0,0,0,0,1,6,6,3,40,7,-1,-1,-1,-1,-1,-1,0,-1
2020010252121,2020,010252121,2,1,0,8,8,8,3,0,0,5,0,0,0,0,3,1,6,6,1,26,6,-1,-1,-1,-1,2,E01032569,0,-1
202006N169817,2020,06N169817,1,9,0,18,19,4,8,0,0,3,0,0,0,0,1,1,6,6,3,-1,-1,-1,-1,-1,-1,-1,-1,0,-1
2020990974629,2020,990974629,2,1,0,18,19,1,5,0,0,0,0,0,0,0,3,1,5,6,1,18,4,-1,-1,-1,-1,2,-1,0,-1
2020010279575,2020,010279575,1,1,0,18,19,7,3,0,0,8,5,0,0,0,1,1,1,1,1,33,6,-1,-1,-1,-1,4,E01002000,0,-1
2020101010210,2020,101010210,1,1,0,18,19,5,8,0,0,6,0,0,0,0,1,1,6,6,1,-1,-1,-1,-1,-1,-1,-1,-1,0,-1
202060Y114898,2020,60Y114898,1,5,0,16,19,4,7,0,0,0,1,0,0,0,1,1,6,6,1,54,8,-1,-1,-1,-1,-1,-1,0,-1
2020332000568,2020,332000568,2,1,0,15,15,2,6,0,0,8,0,0,0,0,1,1,1,1,1,61,9,-1,-1,-1,-1,8,E01025698,0,-1
2020211030295,2020,211030295,2,9,0,4,4,1,5,0,0,0,0,0,0,0,3,1,2,2,1,49,8,-1,-1,-1,-1,8,E01032900,0,-1
2020990918280,2020,990918280,3,9,0,18,19,2,7,0,0,1,0,0,0,0,1,1,1,1,1,66,10,-1,-1,-1,-1,10,-1,0,-1
2020440072618,2020,440072618,2,1,0,18,19,4,8,0,0,8,0,0,0,0,1,1,2,2,1,55,8,-1,-1,-1,-1,10,E01023212,0,-1
2020520003313,2020,520003313,2,9,0,18,19,5,1,0,0,8,0,0,0,0,1,1,6,6,2,58,9,-1,-1,-1,-1,8,E01029162,0,-1
2020010266662,2020,010266662,2,9,0,99,99,9,9,0,0,4,9,0,0,0,4,9,6,6,3,46,8,-1,-1,-1,-1,6,E01002968,0,-1
2020122000280,2020,122000280,2,17,4,18,19,6,2,0,0,0,0,0,0,0,2,1,1,1,3,-1,-1,-1,-1,-1,-1,-1,-1,0,-1
2020137570724,2020,137570724,2,1,0,18,19,4,8,4,4,8,5,0,0,0,0,1,6,6,2,27,6,-1,-1,-1,-1,9,E01011464,0,-1
2020430272402,2020,430272402,1,3,0,14,14,8,4,0,0,1,0,0,0,0,1,1,6,6,1,17,4,-1,-1,-1,-1,10,E01016208,0,-1
20201376F1624,2020,1376F1624,1,1,0,18,19,1,5,0,0,8,0,0,0,0,1,1,6,6,1,6,2,-1,-1,-1,-1,1,E01011283,0,-1
2020440450753,2020,440450753,1,1,0,18,19,3,7,0,0,1,1,0,0,0,0,1,6,6,1,14,3,-1,-1,-1,-1,10,E01023278,0,-1
2020530954434,2020,530954434,2,1,0,18,19,8,4,0,0,8,5,0,0,0,3,1,6,6,1,27,6,-1,-1,-1,-1,6,E01022348,0,-1
2020010286663,2020,010286663,2,1,9,99,99,9,9,99,99,0,9,99,9,99,9,1,6,6,3,-1,-1,-1,-1,-1,-1,-1,-1,0,-1
2020332000750,2020,332000750,3,9,0,3,3,2,6,0,0,0,0,0,0,0,2,1,2,2,1,22,5,-1,-1,-1,-1,1,E01013603,0,-1
2020122001393,2020,122001393,3,9,0,3,3,4,8,0,0,0,0,0,0,0,2,1,1,1,1,54,8,-1,-1,-1,-1,4,E01011794,0,-1
2020137130490,2020,137130490,2,9,0,18,19,5,1,0,0,0,0,0,0,0,2,1,1,1,1,21,5,-1,-1,-1,-1,1,E01012015,0,-1
2020201006677,2020,201006677,1,9,0,13,13,4,8,0,0,0,0,0,0,0,4,1,6,6,3,-1,-1,-1,-1,-1,-1,-1,-1,0,-1
202006Q272628,2020,06Q272628,2,1,0,18,19,8,4,0,0,8,0,0,0,0,1,1,6,6,1,12,3,-1,-1,-1,-1,10,E01005410,0,-1
2020010236717,2020,010236717,1,1,9,99,99,9,9,99,99,9,9,99,9,99,9,1,6,6,2,27,6,-1,-1,-1,-1,5,E01004689,0,-1
2020010272779,2020,010272779,1,1,9,99,99,9,9,99,99,9,9,99,9,99,9,1,2,2,1,36,7,-1,-1,-1,-1,3,E01001043,0,-1
2020040915460,2020,040915460,2,1,0,18,19,3,7,0,0,8,0,0,0,0,1,1,6,6,1,47,8,-1,-1,-1,-1,3,E01025232,0,-1
2020430058642,2020,430058642,2,9,0,18,19,5,1,0,0,1,0,0,0,0,1,1,6,6,1,-1,-1,-1,-1,-1,-1,-1,-1,0,-1
2020622000786,2020,622000786,1,9,0,18,19,4,8,0,0,0,0,0,5,6,1,1,6,6,1,36,7,-1,-1,-1,-1,7,E01022411,0,-1
2020010269672,2020,010269672,1,1,0,18,19,1,5,0,0,0,0,0,0,0,1,1,6,6,2,30,6,-1,-1,-1,-1,1,E01003511,0,-1
2020010262293,2020,010262293,1,1,9,99,99,9,9,99,99,9,9,99,9,99,9,1,6,6,1,34,6,-1,-1,-1,-1,3,E01001844,0,-1
2020500960875,2020,500960875,2,1,0,13,13,2,6,0,0,1,0,0,0,0,1,1,6,6,1,35,6,-1,-1,-1,-1,1,E01015231,0,-1
2020170L20170,2020,170L20170,2,11,0,18,19,7,3,0,0,2,0,0,0,0,1,1,1,1,1,59,9,-1,-1,-1,-1,9,E01012177,0,-1
2020440080555,2020,440080555,2,9,0,18,19,5,3,0,0,8,0,0,0,0,1,1,2,2,1,59,9,-1,-1,-1,-1,3,E01022803,0,-1
2020010249860,2020,010249860,1,1,9,99,99,9,9,99,99,9,9,99,9,99,2,1,6,6,1,20,4,-1,-1,-1,-1,6,E01001527,0,-1
2020990924918,2020,990924918,1,9,0,9,9,1,6,0,0,5,0,0,0,0,4,1,6,6,1,30,6,-1,-1,-1,-1,-1,-1,0,-1
2020010242597,2020,010242597,1,9,0,18,19,5,1,0,0,1,0,0,0,0,4,1,6,6,3,-1,-1,-1,-1,-1,-1,-1,-1,0,-1
2020440275637,2020,440275637,1,1,0,18,19,1,5,0,0,1,0,0,0,0,0,1,6,6,2,39,7,-1,-1,-1,-1,5,E01023079,0,-1
2020052001232,2020,052001232,1,3,0,18,19,3,7,0,0,1,0,0,0,0,1,1,6,6,1,21,5,-1,-1,-1,-1,1,E01007016,0,-1
2020010254151,2020,010254151,2,9,0,99,99,9,9,99,99,2,9,99,9,99,1,1,6,6,3,-1,-1,-1,-1,-1,-1,-1,-1,0,-1
2020100923514,2020,100923514,2,1,0,4,4,8,1,0,0,0,0,0,0,0,1,1,5,6,1,52,8,-1,-1,-1,-1,-1,-1,0,-1
2020100989798,2020,100989798,2,1,0,5,5,5,1,0,0,1,0,0,0,0,1,1,2,2,1,55,8,-1,-1,-1,-1,2,E01008221,0,-1
2020622001124,2020,622001124,2,1,0,18,19,4,8,0,0,1,0,0,0,0,1,1,6,6,1,73,10,-1,-1,-1,-1,7,W01000692,0,-1
2020370991683,2020,370991683,2,1,0,18,19,7,3,0,0,0,0,0,0,0,3,1,6,6,1,65,9,-1,-1,-1,-1,5,E01030176,0,-1
202031A148020,2020,31A148020,1,9,0,7,7,1,3,0,0,5,0,0,0,0,1,1,6,6,2,-1,-1,-1,-1,-1,-1,8,E01028253,0,-1
2020370980667,2020,370980667,1,9,0,18,19,4,8,0,0,0,0,0,0,0,1,1,5,6,1,34,6,-1,-1,-1,-1,4,E01032524,0,-1
2020010239424,2020,010239424,1,1,9,99,99,9,9,99,99,9,9,99,9,99,9,1,2,2,1,22,5,-1,-1,-1,-1,7,E01000963,0,-1
2020010265981,2020,010265981,1,1,9,99,99,9,9,99,99,9,9,99,9,99,9,1,6,6,2,27,6,-1,-1,-1,-1,8,E01022650,0,-1
202060Y131818,2020,60Y131818,1,9,0,17,19,3,7,0,0,1,1,0,7,11,1,1,6,6,1,25,5,-1,-1,-1,-1,-1,-1,0,-1
2020010240569,2020,010240569,2,1,0,11,11,5,1,4,4,8,0,0,0,0,0,1,6,6,1,41,7,-1,-1,-1,-1,2,E01001744,0,-1
2020332000042,2020,332000042,1,9,0,18,19,6,2,0,0,0,0,0,0,0,1,1,6,6,2,49,8,-1,-1,-1,-1,10,E01025787,0,-1
2020031004721,2020,031004721,2,1,0,18,19,5,1,0,0,8,0,0,0,0,4,1,6,6,1,62,9,-1,-1,-1,-1,5,E01019226,0,-1
2020440331318,2020,440331318,2,9,0,7,7,7,1,0,0,8,0,0,0,0,1,1,6,6,3,-1,-1,-1,-1,-1,-1,-1,-1,0,-1
2020420983992,2020,420983992,2,9,0,18,19,2,6,0,0,0,0,0,0,0,0,1,5,6,1,37,7,-1,-1,-1,-1,3,E01029912,0,-1
2020430006099,2020,430006099,1,19,0,6,6,7,7,8,6,1,0,0,0,0,3,1,1,1,1,69,10,-1,-1,-1,-1,7,E01002142,0,-1
2020351009600,2020,351009600,1,9,0,1,1,8,4,9,9,2,0,0,0,0,0,1,5,6,2,76,11,-1,-1,-1,-1,9,E01018299,0,-1
2020010274471,2020,010274471,3,1,9,99,99,9,9,99,99,0,5,99,9,99,9,1,6,6,1,-1,-1,-1,-1,-1,-1,-1,-1,0,-1
202006G167412,2020,06G167412,1,9,0,7,7,2,4,0,0,5,0,0,0,0,3,1,6,6,1,30,6,-1,-1,-1,-1,-1,-1,0,-1
2020010274565,2020,010274565,1,9,0,99,99,9,9,99,99,0,9,99,9,99,1,1,6,6,3,-1,-1,-1,-1,-1,-1,-1,-1,0,-1
2020010266544,2020,010266544,2,9,0,99,99,9,9,99,99,9,9,99,9,99,9,9,6,6,3,29,6,-1,-1,-1,-1,-1,-1,0,-1
2020360955338,2020,360955338,1,98,4,18,19,-1,-1,0,0,0,0,0,0,0,1,1,6,6,1,48,8,-1,-1,-1,-1,2,E01026822,0,-1
2020137AK1978,2020,137AK1978,1,1,0,18,19,6,2,0,0,0,0,0,0,0,1,1,6,6,1,19,4,-1,-1,-1,-1,9,E01011168,0,-1
2020622000568,2020,622000568,1,9,0,18,19,6,2,0,0,0,0,0,0,0,1,1,1,1,1,43,7,-1,-1,-1,-1,8,W01000775,0,-1
2020430442174,2020,430442174,2,1,0,18,19,6,2,0,0,0,0,0,0,0,3,1,6,6,1,12,3,-1,-1,-1,-1,9,E01016682,0,-1
2020010282075,2020,010282075,2,9,0,99,99,9,9,99,99,9,9,99,9,99,3,9,6,6,3,-1,-1,-1,-1,-1,-1,-1,-1,0,-1
2020470930616,2020,470930616,2,20,0,18,19,3,7,0,0,8,0,0,1,0,3,1,1,1,1,53,8,-1,-1,-1,-1,5,E01021084,0,-1
2020350959381,2020,350959381,3,9,0,18,19,7,3,0,0,1,0,0,0,0,1,1,6,6,1,25,5,-1,-1,-1,-1,7,E01018022,0,-1
2020201004549,2020,201004549,2,9,0,5,5,3,7,0,0,0,0,0,0,0,4,1,6,6,1,48,8,-1,-1,-1,-1,5,E01014109,0,-1
20201379H1407,2020,1379H1407,2,1,0,18,19,3,7,0,0,0,0,0,0,0,1,1,6,6,1,36,7,-1,-1,-1,-1,8,E01011694,0,-1
2020010263747,2020,010263747,2,20,9,99,99,9,9,99,99,0,9,99,9,99,9,9,6,6,3,-1,-1,-1,-1,-1,-1,-1,-1,0,-1
2020010260522,2020,010260522,1,9,0,18,19,2,6,0,0,1,0,4,0,0,1,1,6,6,2,-1,-1,-1,-1,-1,-1,-1,-1,0,-1
202031A154420,2020,31A154420,1,9,0,5,5,0,5,0,0,0,0,0,0,0,0,1,6,6,3,-1,-1,-1,-1,-1,-1,-1,-1,0,-1
2020461011012,2020,461011012,2,9,0,10,10,5,3,0,0,1,0,0,0,0,0,1,6,6,1,55,8,-1,-1,-1,-1,7,E01024553,0,-1
2020010261853,2020,010261853,1,1,9,99,99,9,9,99,99,9,9,99,9,99,1,1,6,6,1,22,5,-1,-1,-1,-1,2,E01004287,0,-1
2020332000820,2020,332000820,2,9,0,9,9,5,3,0,0,5,0,10,1,0,2,1,1,1,1,41,7,-1,-1,-1,-1,1,E01013653,0,-1
2020010250328,2020,010250328,1,1,9,99,99,9,9,99,99,9,9,99,9,99,9,-1,6,6,1,51,8,-1,-1,-1,-1,2,E01002076,0,-1
2020137791423,2020,137791423,1,9,0,13,13,7,3,0,0,0,0,0,0,0,1,1,6,6,2,19,4,-1,-1,-1,-1,1,E01010730,0,-1
202006M172189,2020,06M172189,2,1,0,18,19,2,6,4,4,1,0,0,0,0,1,1,6,6,2,40,7,-1,-1,-1,-1,9,E01006178,0,-1
2020160953074,2020,160953074,1,1,0,16,19,3,5,0,0,8,0,0,0,0,2,1,6,6,1,19,4,-1,-1,-1,-1,3,E01012866,0,-1
202060Y056868,2020,60Y056868,1,1,0,18,19,6,2,0,0,0,0,4,0,0,1,1,6,6,1,29,6,-1,-1,-1,-1,-1,-1,0,-1
2020340K06502,2020,340K06502,2,9,0,18,19,7,3,0,0,0,0,0,0,0,1,1,6,6,2,-1,-1,-1,-1,-1,-1,-1,-1,0,-1
2020200999819,2020,200999819,1,9,0,18,19,6,2,0,0,0,0,0,0,0,1,1,6,6,3,-1,-1,-1,-1,-1,-1,-1,-1,0,-1
2020332000911,2020,332000911,2,1,0,16,19,8,2,0,0,0,0,0,0,0,1,1,6,6,1,42,7,-1,-1,-1,-1,2,E01013667,0,-1
2020320123789,2020,320123789,2,9,0,10,10,1,5,0,0,1,0,0,0,0,2,1,6,6,2,19,4,-1,-1,-1,-1,7,E01026388,0,-1
2020231004789,2020,231004789,1,9,0,9,9,1,7,0,0,6,0,0,0,0,1,1,6,6,1,53,8,-1,-1,-1,-1,-1,-1,0,-1
2020430260799,2020,430260799,2,1,0,18,19,6,2,0,0,0,0,0,0,0,4,1,6,6,1,16,4,-1,-1,-1,-1,10,E01016619,0,-1
2020420940798,2020,420940798,2,11,0,2,2,0,0,6,6,0,0,0,0,0,2,1,6,6,3,-1,-1,-1,-1,-1,-1,-1,-1,0,-1
2020010280434,2020,010280434,1,9,0,9,9,8,5,0,0,6,0,0,0,0,1,1,6,6,1,66,10,-1,-1,-1,-1,3,E01000495,0,-1
2020340E01962,2020,340E01962,1,9,0,18,19,3,7,0,0,2,0,0,0,0,4,1,6,6,3,-1,-1,-1,-1,-1,-1,-1,-1,0,-1
2020450916280,2020,450916280,2,9,0,18,19,5,1,0,0,0,0,0,0,0,2,1,5,6,1,56,9,-1,-1,-1,-1,8,E01017002,0,-1
2020460976188,2020,460976188,1,19,0,17,19,4,1,0,0,0,0,0,0,0,1,1,6,6,1,25,5,-1,-1,-1,-1,8,E01024625,0,-1
202006L173303,2020,06L173303,1,2,0,1,1,2,6,9,9,2,0,0,0,0,1,1,6,6,1,53,8,-1,-1,-1,-1,-1,-1,0,-1
2020370964996,2020,370964996,1,9,0,18,19,6,2,0,0,0,0,0,0,0,0,1,6,6,3,-1,-1,-1,-1,-1,-1,-1,-1,0,-1