collision_index,collision_year,collision_ref_no,vehicle_reference,vehicle_type,towing_and_articulation,vehicle_manoeuvre_historic,vehicle_manoeuvre,vehicle_direction_from,vehicle_direction_to,vehicle_location_restricted_lane_historic,vehicle_location_restricted_lane,junction_location,skidding_and_overturning,hit_object_in_carriageway,vehicle_leaving_carriageway,hit_object_off_carriageway,first_point_of_impact,vehicle_left_hand_drive,journey_purpose_of_driver_historic,journey_purpose_of_driver,sex_of_driver,age_of_driver,age_band_of_driver,engine_capacity_cc,propulsion_code,age_of_vehicle,generic_make_model,driver_imd_decile,lsoa_of_driver,escooter_flag,driver_distance_banding
2020010282691,2020,010282691,2,11,0,99,99,9,9,99,99,9,9,99,9,99,2,9,6,6,3,-1,-1,-1,-1,-1,-1,-1,-1,0,-1
2020332000460,2020,332000460,2,9,0,2,2,0,0,0,0,0,0,0,0,0,2,1,6,6,3,-1,-1,-1,-1,-1,-1,5,E01025897,0,-1
2020332000573,2020,332000573,1,9,0,18,19,3,7,0,0,0,0,0,1,0,1,1,6,6,2,60,9,-1,-1,-1,-1,1,E01025725,0,-1
2020122001304,2020,122001304,1,19,0,18,19,3,7,9,9,1,0,0,1,0,4,1,6,6,3,-1,-1,-1,-1,-1,-1,-1,-1,0,-1
2020010241558,2020,010241558,2,1,0,18,19,3,7,0,0,1,0,0,0,0,3,1,1,1,2,36,7,-1,-1,-1,-1,3,E01001844,0,-1
2020350963239,2020,350963239,1,9,-1,-1,-1,6,2,-1,-1,0,-1,-1,-1,0,-1,1,6,6,3,-1,-1,-1,-1,-1,-1,-1,-1,0,-1
2020010274645,2020,010274645,1,3,0,15,15,2,6,0,0,1,0,0,0,0,1,1,6,6,1,40,7,-1,-1,-1,-1,4,E01033745,0,-1
2020100986476,2020,100986476,1,9,0,11,11,6,2,0,0,1,0,0,0,0,0,1,6,6,1,-1,-1,-1,-1,-1,-1,-1,-1,0,-1
2020450996046,2020,450996046,1,9,0,18,19,3,1,0,0,0,0,0,0,0,1,1,6,6,3,25,5,-1,-1,-1,-1,-1,-1,0,-1
2020230963603,2020,230963603,3,9,0,10,10,7,5,0,0,8,0,0,0,0,1,1,5,6,2,70,10,-1,-1,-1,-1,10,E01031201,0,-1
2020990925676,2020,990925676,4,9,0,2,2,0,0,0,0,0,0,0,0,0,1,1,6,6,3,-1,-1,-1,-1,-1,-1,-1,-1,0,-1
2020010257236,2020,010257236,2,1,9,99,99,9,9,99,99,9,9,99,9,99,9,9,6,6,1,29,6,-1,-1,-1,-1,4,E01033730,0,-1
2020122000115,2020,122000115,2,1,0,10,10,1,7,0,0,1,0,0,0,0,1,1,6,6,1,71,10,-1,-1,-1,-1,6,E01027881,0,-1
2020440257318,2020,440257318,2,1,0,17,19,5,2,0,0,8,0,0,0,0,4,1,6,6,1,43,7,-1,-1,-1,-1,10,E01022505,0,-1
2020370991869,2020,370991869,1,9,0,12,12,1,2,0,0,0,0,0,0,0,3,1,6,6,1,56,9,-1,-1,-1,-1,5,E01030252,0,-1
2020340K06502,2020,340K06502,1,19,0,18,19,3,7,0,0,0,5,0,0,0,1,1,6,6,1,26,6,-1,-1,-1,-1,-1,-1,0,-1
2020552000188,2020,552000188,2,1,0,15,15,8,4,0,0,1,0,0,0,0,3,1,6,6,1,24,5,-1,-1,-1,-1,5,E01015286,0,-1
2020010261086,2020,010261086,2,1,0,18,19,5,1,0,0,2,0,0,0,0,3,1,6,6,1,25,5,-1,-1,-1,-1,4,E01001898,0,-1
2020420931486,2020,420931486,2,1,0,13,13,1,5,0,0,0,5,0,0,0,4,1,5,6,1,37,7,-1,-1,-1,-1,9,E01021736,0,-1
2020461007772,2020,461007772,2,1,0,18,19,7,3,0,0,1,0,0,0,0,1,1,6,6,1,33,6,-1,-1,-1,-1,5,E01024651,0,-1
2020460939176,2020,460939176,3,9,0,18,19,3,7,0,0,0,0,0,0,0,2,1,6,6,3,-1,-1,-1,-1,-1,-1,-1,-1,0,-1
2020531005796,2020,531005796,1,9,0,4,4,1,5,0,0,1,0,0,0,0,3,2,6,6,1,20,4,-1,-1,-1,-1,2,E01022322,0,-1
2020010241829,2020,010241829,2,11,0,99,99,9,9,99,99,0,9,99,9,99,9,9,6,6,3,-1,-1,-1,-1,-1,-1,-1,-1,0,-1
202006XF68814,2020,06XF68814,2,9,0,4,4,3,7,0,0,0,0,0,0,0,2,1,6,6,1,35,6,-1,-1,-1,-1,6,E01024991,0,-1
2020332000509,2020,332000509,2,9,0,15,15,5,1,0,0,1,0,0,0,0,1,1,6,6,1,30,6,-1,-1,-1,-1,-1,-1,0,-1
2020010262596,2020,010262596,2,1,0,18,19,3,7,0,0,1,0,0,0,0,1,1,2,2,1,40,7,-1,-1,-1,-1,4,E01001635,0,-1
2020622000468,2020,622000468,2,9,0,18,19,6,2,0,0,0,0,0,0,0,2,1,6,6,1,59,9,-1,-1,-1,-1,6,E01032934,0,-1
2020501013497,2020,501013497,1,98,0,18,19,5,1,0,0,0,0,0,0,0,4,1,6,6,3,-1,-1,-1,-1,-1,-1,-1,-1,0,-1
2020010252297,2020,010252297,1,1,9,99,99,9,9,99,99,9,9,99,9,99,9,-1,2,2,1,24,5,-1,-1,-1,-1,4,E01004339,0,-1
2020332000269,2020,332000269,1,19,0,5,5,1,5,0,0,0,0,0,0,0,1,1,6,6,1,18,4,-1,-1,-1,-1,6,W01000305,0,-1
2020010252681,2020,010252681,1,1,0,18,19,5,1,4,4,0,0,7,0,0,1,1,2,2,1,28,6,-1,-1,-1,-1,9,E01033135,0,-1
2020040960698,2020,040960698,2,11,0,2,2,0,0,0,0,0,0,0,0,0,0,1,6,6,3,-1,-1,-1,-1,-1,-1,-1,-1,0,-1
2020010270380,2020,010270380,1,1,9,99,99,9,9,99,99,9,9,99,9,99,9,1,6,6,1,25,5,-1,-1,-1,-1,3,E01003025,0,-1
2020622000647,2020,622000647,2,1,0,18,19,8,4,0,0,0,0,0,0,0,3,1,6,6,2,58,9,-1,-1,-1,-1,8,W01001747,0,-1
2020360941323,2020,360941323,2,9,0,18,19,1,5,0,0,0,0,0,0,0,1,1,1,1,1,50,8,-1,-1,-1,-1,4,E01026694,0,-1
2020010252914,2020,010252914,2,1,0,18,19,3,7,4,4,1,5,0,0,0,1,1,6,6,1,36,7,-1,-1,-1,-1,5,E01001880,0,-1
2020430117837,2020,430117837,2,9,0,18,19,5,1,0,0,1,0,0,0,0,1,1,2,2,2,57,9,-1,-1,-1,-1,2,E01033498,0,-1
202006P269986,2020,06P269986,2,9,0,3,3,6,2,0,0,0,0,0,0,0,2,1,6,6,2,35,6,-1,-1,-1,-1,3,E01005522,0,-1
2020140934374,2020,140934374,2,1,0,18,19,6,2,0,0,8,0,0,0,0,1,1,6,6,1,44,7,-1,-1,-1,-1,7,E01007659,0,-1
2020010252805,2020,010252805,2,1,0,13,13,2,6,0,0,8,0,0,0,0,1,1,6,6,1,33,6,-1,-1,-1,-1,2,E01033698,0,-1
202006N173146,2020,06N173146,2,1,0,18,19,3,7,0,0,8,0,0,0,0,4,1,6,6,1,6,2,-1,-1,-1,-1,-1,-1,0,-1
2020010275013,2020,010275013,2,9,0,18,19,7,3,0,0,1,0,0,0,0,1,1,6,6,2,-1,-1,-1,-1,-1,-1,-1,-1,0,-1
2020200989475,2020,200989475,2,1,0,9,9,2,7,0,0,1,0,0,0,0,3,1,1,1,1,15,3,-1,-1,-1,-1,8,E01010565,0,-1
2020010258080,2020,010258080,1,1,9,99,99,9,9,99,99,9,9,99,9,99,9,1,6,6,2,35,6,-1,-1,-1,-1,1,E01004199,0,-1
2020010270331,2020,010270331,1,1,0,18,19,5,1,0,0,0,5,0,0,0,1,1,6,6,1,54,8,-1,-1,-1,-1,4,E01000534,0,-1
2020100998620,2020,100998620,2,1,0,18,19,5,1,4,4,8,0,0,0,0,1,1,6,6,2,24,5,-1,-1,-1,-1,7,E01008424,0,-1
2020480988501,2020,480988501,2,1,0,18,19,1,5,4,4,8,0,0,0,0,1,1,2,2,2,54,8,-1,-1,-1,-1,4,E01003255,0,-1
202006E170267,2020,06E170267,1,9,0,9,9,3,8,0,0,6,0,0,0,0,4,1,6,6,3,-1,-1,-1,-1,-1,-1,-1,-1,0,-1
2020200947175,2020,200947175,1,9,0,9,9,8,5,0,0,5,0,0,0,0,3,1,6,6,1,46,8,-1,-1,-1,-1,10,E01032647,0,-1
2020010277005,2020,010277005,2,1,9,99,99,9,9,99,99,9,9,99,9,99,9,1,6,6,3,-1,-1,-1,-1,-1,-1,9,E01000344,0,-1
2020140968847,2020,140968847,2,9,0,18,19,8,4,0,0,3,0,0,3,0,1,1,6,6,1,22,5,-1,-1,-1,-1,3,E01001003,0,-1
2020990965305,2020,990965305,1,9,0,16,19,7,2,0,0,2,5,0,7,1,1,1,1,1,1,69,10,-1,-1,-1,-1,-1,-1,0,-1
2020122001008,2020,122001008,1,9,0,5,5,3,7,0,0,0,0,0,0,0,2,1,6,6,3,-1,-1,-1,-1,-1,-1,-1,-1,0,-1
202006N167580,2020,06N167580,2,3,0,9,9,3,1,0,0,8,0,0,0,0,1,1,6,6,2,31,6,-1,-1,-1,-1,6,E01005060,0,-1
2020460980895,2020,460980895,1,19,0,13,13,8,4,0,0,0,0,0,0,0,1,1,6,6,3,-1,-1,-1,-1,-1,-1,-1,-1,0,-1
2020450944869,2020,450944869,1,9,0,7,7,3,7,0,0,1,0,0,0,0,1,1,6,6,3,55,8,-1,-1,-1,-1,-1,-1,0,-1
2020010269833,2020,010269833,2,9,0,99,99,9,9,99,99,9,9,99,9,99,9,9,6,6,3,-1,-1,-1,-1,-1,-1,-1,-1,0,-1
2020010268113,2020,010268113,1,1,9,99,99,9,9,99,99,9,9,99,9,99,1,1,2,2,1,40,7,-1,-1,-1,-1,3,E01033051,0,-1
2020040955169,2020,040955169,1,1,0,17,19,5,1,0,0,0,0,0,1,0,0,1,5,6,2,59,9,-1,-1,-1,-1,5,E01004840,0,-1
2020030953715,2020,030953715,1,1,0,16,19,6,2,0,0,0,1,0,0,0,3,1,5,6,1,32,6,-1,-1,-1,-1,9,E01019162,0,-1
2020140980752,2020,140980752,1,9,0,5,5,2,2,0,0,0,0,0,0,0,2,1,6,6,3,-1,-1,-1,-1,-1,-1,-1,-1,0,-1
2020110947272,2020,110947272,2,9,0,2,2,0,0,0,0,1,0,0,0,0,3,1,6,6,3,-1,-1,-1,-1,-1,-1,-1,-1,0,-1
2020170S21630,2020,170S21630,2,1,0,18,19,3,7,0,0,1,0,0,0,0,1,1,6,6,1,15,3,-1,-1,-1,-1,1,E01012198,0,-1
2020200946438,2020,200946438,2,1,0,18,19,-1,-1,0,0,0,0,0,0,0,4,1,2,2,1,33,6,-1,-1,-1,-1,3,E01032536,0,-1
2020370927796,2020,370927796,2,9,0,18,19,5,1,0,0,1,0,0,0,0,1,1,5,6,1,60,9,-1,-1,-1,-1,6,E01033043,0,-1
2020010248745,2020,010248745,1,19,0,3,3,9,9,0,0,1,9,0,0,99,2,9,6,6,1,46,8,-1,-1,-1,-1,5,E01016015,0,-1
2020470985317,2020,470985317,2,1,0,18,19,3,7,0,0,1,0,0,0,0,1,1,6,6,1,44,7,-1,-1,-1,-1,2,E01031790,0,-1
2020052002647,2020,052002647,2,1,0,4,4,1,5,0,0,1,0,0,0,0,3,1,6,6,1,31,6,-1,-1,-1,-1,7,E01007245,0,-1
2020410944479,2020,410944479,1,9,0,18,19,5,1,0,0,1,0,0,0,0,1,1,6,6,3,-1,-1,-1,-1,-1,-1,-1,-1,0,-1
2020040954599,2020,040954599,2,1,0,18,19,5,1,0,0,8,0,0,0,0,1,1,5,6,1,52,8,-1,-1,-1,-1,9,E01024979,0,-1
2020450959953,2020,450959953,2,9,0,18,19,2,6,0,0,0,0,0,0,0,0,1,2,2,1,28,6,-1,-1,-1,-1,10,E01022744,0,-1
2020420937205,2020,420937205,2,9,0,3,3,1,7,0,0,1,0,0,0,0,1,1,6,6,1,-1,-1,-1,-1,-1,-1,2,E01002282,0,-1
2020360941064,2020,360941064,2,9,0,18,19,1,5,0,0,8,0,0,0,0,1,1,5,6,2,52,8,-1,-1,-1,-1,6,E01026505,0,-1
2020460959502,2020,460959502,2,9,0,4,4,3,7,0,0,0,0,0,0,0,2,1,6,6,2,38,7,-1,-1,-1,-1,3,E01000432,0,-1
202060Y049943,2020,60Y049943,2,1,0,4,4,1,5,0,0,0,5,0,0,0,2,1,6,6,1,36,7,-1,-1,-1,-1,-1,-1,0,-1
2020030981289,2020,030981289,1,9,0,9,9,5,2,0,0,8,0,0,0,0,1,1,6,6,1,27,6,-1,-1,-1,-1,3,E01019194,0,-1
2020461011505,2020,461011505,1,9,0,4,4,6,2,2,2,1,0,0,0,0,3,1,6,6,3,-1,-1,-1,-1,-1,-1,-1,-1,0,-1
2020220994221,2020,220994221,1,9,0,18,19,1,5,0,0,8,5,0,1,9,4,1,2,2,2,56,9,-1,-1,-1,-1,10,E01028963,0,-1
2020140932026,2020,140932026,2,9,0,9,9,4,2,0,0,6,0,0,0,0,1,1,6,6,3,-1,-1,-1,-1,-1,-1,-1,-1,0,-1
2020530970697,2020,530970697,2,1,0,18,19,5,3,0,0,6,5,0,0,0,1,1,5,6,1,12,3,-1,-1,-1,-1,2,E01022288,0,-1
202031B082720,2020,31B082720,1,19,0,4,4,3,7,0,0,1,0,0,0,0,0,1,1,1,3,-1,-1,-1,-1,-1,-1,-1,-1,0,-1
2020040960204,2020,040960204,2,1,0,18,19,5,1,0,0,0,0,0,0,0,2,1,5,6,1,32,6,-1,-1,-1,-1,7,E01024962,0,-1
202060Y134956,2020,60Y134956,2,98,0,2,2,0,0,0,0,0,0,0,0,0,2,1,6,6,1,58,9,-1,-1,-1,-1,-1,-1,0,-1
2020420970518,2020,420970518,1,9,0,2,2,0,0,0,0,0,0,0,0,0,3,1,6,6,3,-1,-1,-1,-1,-1,-1,-1,-1,0,-1
2020302000595,2020,302000595,1,9,0,18,19,1,5,0,0,8,0,0,0,0,4,1,6,6,1,26,6,-1,-1,-1,-1,7,E01019769,0,-1
2020211030254,2020,211030254,2,1,0,18,19,2,8,0,0,8,0,0,0,0,1,1,6,6,1,48,8,-1,-1,-1,-1,10,E01029684,0,-1
2020370967889,2020,370967889,1,1,0,18,19,-1,-1,0,0,1,0,0,0,0,-1,1,5,6,1,24,5,-1,-1,-1,-1,1,E01029979,0,-1
2020430400766,2020,430400766,2,9,0,18,19,5,1,0,0,0,0,0,0,0,1,1,6,6,1,-1,-1,-1,-1,-1,-1,-1,-1,0,-1
2020010246957,2020,010246957,1,1,0,18,19,7,3,0,0,0,0,0,0,0,1,1,2,2,1,33,6,-1,-1,-1,-1,1,E01001740,0,-1
20201379B1558,2020,1379B1558,2,1,0,18,19,1,5,0,0,8,0,0,0,0,1,1,6,6,1,56,9,-1,-1,-1,-1,8,E01011244,0,-1
2020200980479,2020,200980479,3,9,0,2,2,0,0,0,0,0,0,0,0,0,4,1,6,6,1,-1,-1,-1,-1,-1,-1,-1,-1,0,-1
2020520003394,2020,520003394,2,1,0,18,19,2,6,0,0,0,0,0,0,0,1,1,6,6,2,53,8,-1,-1,-1,-1,7,E01029288,0,-1
2020010260170,2020,010260170,1,1,9,99,99,9,9,99,99,9,9,99,9,99,9,1,2,2,2,26,6,-1,-1,-1,-1,2,E01004226,0,-1
2020440360742,2020,440360742,1,9,0,9,9,2,8,0,0,8,0,0,0,0,2,1,3,7,2,48,8,-1,-1,-1,-1,9,E01022594,0,-1
2020160920672,2020,160920672,1,1,0,18,19,7,2,0,0,2,0,0,0,0,1,1,6,6,1,68,10,-1,-1,-1,-1,1,E01012905,0,-1
202006A374878,2020,06A374878,1,9,0,18,19,4,8,0,0,1,0,0,0,0,1,1,6,6,3,-1,-1,-1,-1,-1,-1,-1,-1,0,-1
2020010285176,2020,010285176,1,1,9,99,99,9,9,99,99,9,9,99,9,99,9,1,6,6,1,28,6,-1,-1,-1,-1,2,E01001848,0,-1
2020010234156,2020,010234156,2,9,0,18,19,9,9,0,0,8,9,0,0,99,1,9,6,6,1,-1,-1,-1,-1,-1,-1,-1,-1,0,-1
2020450969613,2020,450969613,2,1,0,18,19,5,1,0,0,1,5,0,0,0,0,1,5,6,2,36,7,-1,-1,-1,-1,7,E01000818,0,-1
2020360978891,2020,360978891,1,9,0,18,19,6,3,0,0,0,0,0,0,0,1,1,6,6,3,-1,-1,-1,-1,-1,-1,-1,-1,0,-1
2020010265970,2020,010265970,1,1,9,99,99,9,9,99,99,9,9,99,9,99,9,1,6,6,1,44,7,-1,-1,-1,-1,7,E01003848,0,-1
2020500958369,2020,500958369,1,9,0,14,14,8,4,0,0,0,0,0,0,0,1,1,1,1,1,32,6,-1,-1,-1,-1,4,E01019037,0,-1
2020610046020,2020,610046020,2,9,0,2,2,7,3,0,0,1,0,0,0,0,3,1,6,6,1,-1,-1,-1,-1,-1,-1,5,W01001403,0,-1
2020010267719,2020,010267719,1,97,0,18,19,-1,-1,0,0,8,0,0,0,0,1,1,6,6,3,-1,-1,-1,-1,-1,-1,-1,-1,0,-1
2020010272784,2020,010272784,2,1,0,18,19,4,8,0,0,1,0,0,0,0,1,1,2,2,1,26,6,-1,-1,-1,-1,4,E01004538,0,-1
2020010255936,2020,010255936,2,9,0,99,99,9,9,99,99,9,9,99,9,99,9,9,6,6,3,-1,-1,-1,-1,-1,-1,-1,-1,0,-1
2020052001928,2020,052001928,1,19,0,99,99,9,9,0,0,1,0,0,0,0,3,1,6,6,3,-1,-1,-1,-1,-1,-1,-1,-1,0,-1
2020010276057,2020,010276057,2,1,0,18,19,7,3,0,0,1,0,0,0,0,1,1,6,6,1,37,7,-1,-1,-1,-1,5,E01001389,0,-1
2020522004843,2020,522004843,1,9,0,18,19,1,2,0,0,1,0,0,0,0,1,1,6,6,3,-1,-1,-1,-1,-1,-1,-1,-1,0,-1
2020430098881,2020,430098881,1,1,0,18,19,7,3,0,0,8,0,0,0,0,4,1,6,6,1,53,8,-1,-1,-1,-1,9,E01017744,0,-1
2020161000352,2020,161000352,2,1,0,18,19,2,6,9,9,1,0,0,0,0,1,1,6,6,1,23,5,-1,-1,-1,-1,3,E01012943,0,-1
2020010236694,2020,010236694,1,1,9,99,99,9,9,99,99,9,9,99,9,99,9,1,6,6,1,-1,-1,-1,-1,-1,-1,-1,-1,0,-1
2020200931021,2020,200931021,2,9,0,5,5,4,8,0,0,4,0,0,0,0,1,1,6,6,1,42,7,-1,-1,-1,-1,2,E01009650,0,-1
2020332000272,2020,332000272,2,9,0,18,19,2,6,0,0,0,0,0,0,0,1,1,6,6,1,58,9,-1,-1,-1,-1,9,E01031036,0,-1
2020010252783,2020,010252783,1,1,9,18,19,1,5,4,4,0,5,8,9,99,4,1,6,6,1,36,7,-1,-1,-1,-1,4,E01004376,0,-1
2020990957057,2020,990957057,2,1,0,18,19,6,2,4,4,1,0,0,0,0,1,1,6,6,1,28,6,-1,-1,-1,-1,3,-1,0,-1
2020010261313,2020,010261313,2,8,0,99,99,9,9,99,99,9,9,99,9,99,1,9,6,6,3,-1,-1,-1,-1,-1,-1,-1,-1,0,-1
2020221026315,2020,221026315,2,1,0,9,9,2,8,0,0,6,0,0,0,0,1,1,5,6,1,13,3,-1,-1,-1,-1,3,E01014104,0,-1
2020350991435,2020,350991435,2,9,0,10,10,5,1,0,0,8,0,0,0,0,2,1,1,1,1,49,8,-1,-1,-1,-1,1,E01026662,0,-1
2020010252093,2020,010252093,2,11,0,99,99,9,9,99,99,9,9,99,9,99,1,9,6,6,3,-1,-1,-1,-1,-1,-1,-1,-1,0,-1
2020501015733,2020,501015733,1,9,0,18,19,3,7,0,0,1,2,0,7,0,1,1,1,1,2,20,4,-1,-1,-1,-1,5,E01018935,0,-1
2020010232861,2020,010232861,2,90,5,18,19,1,5,0,0,1,0,0,0,0,3,1,6,6,3,-1,-1,-1,-1,-1,-1,-1,-1,0,-1
2020440359161,2020,440359161,1,21,1,12,12,7,3,0,0,0,0,0,0,0,3,1,1,1,1,30,6,-1,-1,-1,-1,-1,-1,0,-1
2020440185452,2020,440185452,2,1,0,18,19,8,4,0,0,0,0,0,0,0,2,1,6,6,1,57,9,-1,-1,-1,-1,8,E01023235,0,-1
2020137B41105,2020,137B41105,1,9,0,9,9,1,5,0,0,1,0,0,0,0,3,1,6,6,2,19,4,-1,-1,-1,-1,-1,-1,0,-1
2020010258012,2020,010258012,2,1,0,5,5,3,7,0,0,6,0,0,0,0,4,1,6,6,2,40,7,-1,-1,-1,-1,-1,-1,0,-1
2020332000970,2020,332000970,1,9,0,18,19,4,8,0,0,0,1,0,7,9,1,1,6,6,1,17,4,-1,-1,-1,-1,1,E01027140,0,-1
2020350988727,2020,350988727,1,9,0,18,19,8,3,0,0,0,0,0,0,0,1,1,6,6,3,-1,-1,-1,-1,-1,-1,-1,-1,0,-1
2020530963371,2020,530963371,2,1,0,9,9,5,3,0,0,8,5,0,0,0,1,1,5,6,1,14,3,-1,-1,-1,-1,9,E01022119,0,-1
2020140928721,2020,140928721,2,1,0,12,12,7,3,0,0,2,0,0,0,0,2,1,6,6,1,61,9,-1,-1,-1,-1,7,E01008052,0,-1
2020460931335,2020,460931335,2,1,0,18,19,5,1,0,0,1,0,0,0,0,2,1,2,2,1,17,4,-1,-1,-1,-1,1,E01024308,0,-1
2020991027064,2020,991027064,2,1,0,5,5,1,5,0,0,6,0,0,0,0,4,1,5,6,1,11,3,-1,-1,-1,-1,2,-1,0,-1
2020430045010,2020,430045010,3,21,0,18,19,1,5,0,0,0,0,0,0,0,3,1,1,1,3,-1,-1,-1,-1,-1,-1,-1,-1,0,-1
2020010276822,2020,010276822,2,1,0,18,19,5,1,0,0,1,0,0,0,0,1,1,6,6,1,46,8,-1,-1,-1,-1,8,E01000136,0,-1
2020460980439,2020,460980439,1,9,0,18,19,7,3,0,0,4,0,0,0,0,1,1,1,1,1,32,6,-1,-1,-1,-1,2,E01016161,0,-1
2020101008735,2020,101008735,2,1,0,18,19,1,5,0,0,1,0,0,0,0,0,1,5,6,1,68,10,-1,-1,-1,-1,7,E01008728,0,-1
2020360980612,2020,360980612,1,9,0,18,19,3,7,0,0,0,0,0,1,10,1,1,1,1,1,19,4,-1,-1,-1,-1,5,E01026911,0,-1
2020440012290,2020,440012290,2,9,0,18,19,7,3,0,0,0,0,0,0,0,1,1,6,6,1,81,11,-1,-1,-1,-1,2,E01017265,0,-1
2020302000417,2020,302000417,3,19,0,7,7,6,8,0,0,5,0,0,0,0,0,1,6,6,3,-1,-1,-1,-1,-1,-1,5,E01019456,0,-1
2020200947123,2020,200947123,1,9,0,18,19,8,4,9,9,0,0,10,7,0,1,1,6,6,3,-1,-1,-1,-1,-1,-1,-1,-1,0,-1
2020160941002,2020,160941002,1,9,0,18,19,3,7,0,0,0,0,0,0,0,3,1,6,6,3,-1,-1,-1,-1,-1,-1,-1,-1,0,-1
2020430015510,2020,430015510,2,1,0,18,19,2,6,0,0,0,0,0,0,0,3,1,6,6,1,39,7,-1,-1,-1,-1,6,E01028477,0,-1
2020010254017,2020,010254017,2,1,0,5,5,2,6,0,0,8,0,0,0,0,2,1,6,6,1,23,5,-1,-1,-1,-1,2,E01001754,0,-1
2020410977515,2020,410977515,2,90,0,18,19,-1,-1,0,0,0,0,0,0,0,1,1,6,6,3,-1,-1,-1,-1,-1,-1,-1,-1,0,-1
2020440331077,2020,440331077,2,9,0,3,3,5,1,0,0,1,0,0,0,0,2,1,6,6,1,72,10,-1,-1,-1,-1,6,E01022919,0,-1
2020552001137,2020,552001137,2,1,0,17,19,7,3,0,0,8,0,0,0,0,4,1,6,6,2,34,6,-1,-1,-1,-1,2,E01015367,0,-1
2020501015747,2020,501015747,1,9,0,18,19,1,5,0,0,0,1,0,0,0,1,1,5,6,1,20,4,-1,-1,-1,-1,6,E01020274,0,-1
2020451007134,2020,451007134,1,11,0,4,4,4,4,0,0,1,0,0,0,0,0,1,1,1,1,35,6,-1,-1,-1,-1,-1,-1,0,-1
202006K176061,2020,06K176061,2,9,0,18,19,1,5,0,0,8,0,0,0,0,1,1,1,1,1,33,6,-1,-1,-1,-1,5,E01004864,0,-1
2020010284219,2020,010284219,1,3,0,99,99,9,9,99,99,9,9,99,9,99,9,1,2,2,1,30,6,-1,-1,-1,-1,1,E01002040,0,-1
2020470950983,2020,470950983,2,1,0,18,19,1,5,0,0,1,5,0,0,0,0,1,6,6,1,55,8,-1,-1,-1,-1,8,E01016981,0,-1
2020010248157,2020,010248157,2,9,0,99,99,9,9,99,99,0,9,99,9,99,2,9,6,6,3,-1,-1,-1,-1,-1,-1,-1,-1,0,-1
2020052002410,2020,052002410,1,9,0,18,19,1,5,0,0,1,0,0,0,0,1,1,6,6,3,-1,-1,-1,-1,-1,-1,-1,-1,0,-1
2020471002721,2020,471002721,1,90,0,18,19,2,6,0,0,0,0,0,0,0,2,1,5,6,1,15,3,-1,-1,-1,-1,8,E01031659,0,-1
2020010240462,2020,010240462,1,97,0,99,99,9,9,99,99,1,9,99,9,99,1,1,6,6,3,-1,-1,-1,-1,-1,-1,-1,-1,0,-1
2020350965269,2020,350965269,1,9,5,18,19,3,1,0,0,0,0,0,0,0,3,1,5,6,1,69,10,-1,-1,-1,-1,3,E01015615,0,-1
2020440224003,2020,440224003,1,9,0,18,19,7,3,0,0,0,0,0,2,7,1,1,2,2,1,61,9,-1,-1,-1,-1,3,E01016922,0,-1
2020010248889,2020,010248889,2,3,0,14,14,5,1,0,0,8,5,0,0,0,1,1,6,6,1,19,4,-1,-1,-1,-1,-1,-1,0,-1
2020410950723,2020,410950723,1,9,0,18,19,8,4,0,0,0,0,0,0,0,1,1,5,6,1,24,5,-1,-1,-1,-1,9,E01023680,0,-1
2020332000579,2020,332000579,1,9,0,18,19,5,1,0,0,1,0,0,0,0,1,1,6,6,3,-1,-1,-1,-1,-1,-1,5,E01025610,0,-1
2020990983695,2020,990983695,1,9,0,2,2,0,0,6,6,0,0,0,0,0,3,1,6,6,3,-1,-1,-1,-1,-1,-1,-1,-1,0,-1
2020200946573,2020,200946573,1,8,0,4,4,6,2,0,0,0,0,0,0,0,4,1,6,6,3,-1,-1,-1,-1,-1,-1,-1,-1,0,-1
2020040970459,2020,040970459,5,9,0,2,2,0,0,0,0,2,0,0,0,0,3,1,6,6,3,-1,-1,-1,-1,-1,-1,-1,-1,0,-1
2020040956370,2020,040956370,2,1,0,18,19,5,1,0,0,1,0,0,0,0,1,1,6,6,1,-1,-1,-1,-1,-1,-1,6,E01032928,0,-1
2020160918593,2020,160918593,2,1,0,18,19,1,5,0,0,0,0,0,0,0,2,1,6,6,1,64,9,-1,-1,-1,-1,4,E01013320,0,-1
2020010274649,2020,010274649,2,1,0,18,19,7,3,0,0,1,0,0,0,0,1,1,6,6,1,40,7,-1,-1,-1,-1,2,E01004746,0,-1
2020160938360,2020,160938360,2,22,0,18,19,7,3,0,0,6,0,0,0,0,1,1,6,6,2,45,7,-1,-1,-1,-1,1,E01012874,0,-1
2020010263344,2020,010263344,3,9,0,2,2,0,0,0,0,0,0,0,0,0,0,2,6,6,3,-1,-1,-1,-1,-1,-1,-1,-1,0,-1
202031D060520,2020,31D060520,1,9,0,18,19,4,8,0,0,0,0,0,1,7,1,1,6,6,2,20,4,-1,-1,-1,-1,10,E01028123,0,-1
2020170S41500,2020,170S41500,2,1,0,18,19,6,2,0,0,8,0,0,0,0,1,1,6,6,1,52,8,-1,-1,-1,-1,9,E01033475,0,-1
2020450951523,2020,450951523,2,1,0,7,7,5,1,0,0,3,0,0,0,0,4,1,5,6,2,35,6,-1,-1,-1,-1,10,E01003886,0,-1
2020552000761,2020,552000761,2,1,0,18,19,3,7,0,0,0,0,0,0,0,1,1,6,6,1,48,8,-1,-1,-1,-1,9,E01015451,0,-1
2020990975536,2020,990975536,1,9,0,1,1,3,7,0,0,0,0,0,0,0,2,1,1,1,1,39,7,-1,-1,-1,-1,1,-1,0,-1
2020470951434,2020,470951434,3,9,0,2,2,0,0,0,0,1,0,0,0,0,0,1,6,6,3,-1,-1,-1,-1,-1,-1,-1,-1,0,-1
2020420946975,2020,420946975,4,9,0,2,2,0,0,0,0,1,0,0,0,0,4,1,6,6,3,-1,-1,-1,-1,-1,-1,-1,-1,0,-1
2020010236114,2020,010236114,2,9,9,99,99,9,9,99,99,9,9,99,9,99,9,1,-1,-1,3,-1,-1,-1,-1,-1,-1,-1,-1,0,-1
2020200934840,2020,200934840,1,9,0,18,19,8,4,0,0,1,0,0,0,0,3,1,6,6,3,-1,-1,-1,-1,-1,-1,-1,-1,0,-1