collision_index,collision_year,collision_ref_no,vehicle_reference,vehicle_type,towing_and_articulation,vehicle_manoeuvre_historic,vehicle_manoeuvre,vehicle_direction_from,vehicle_direction_to,vehicle_location_restricted_lane_historic,vehicle_location_restricted_lane,junction_location,skidding_and_overturning,hit_object_in_carriageway,vehicle_leaving_carriageway,hit_object_off_carriageway,first_point_of_impact,vehicle_left_hand_drive,journey_purpose_of_driver_historic,journey_purpose_of_driver,sex_of_driver,age_of_driver,age_band_of_driver,engine_capacity_cc,propulsion_code,age_of_vehicle,generic_make_model,driver_imd_decile,lsoa_of_driver,escooter_flag,driver_distance_banding
2020460974516,2020,460974516,2,22,0,18,19,3,7,9,9,0,0,0,0,0,1,1,6,6,2,53,8,-1,-1,-1,-1,3,E01024059,0,-1
202060Y147968,2020,60Y147968,2,9,0,2,2,0,0,0,0,0,0,0,0,0,2,1,6,6,3,-1,-1,-1,-1,-1,-1,-1,-1,0,-1
2020052002585,2020,052002585,2,1,0,18,19,1,5,0,0,0,0,0,0,0,9,1,6,6,1,19,4,-1,-1,-1,-1,1,E01007051,0,-1
2020010275956,2020,010275956,2,9,0,99,99,9,9,99,99,9,9,99,9,99,9,9,6,6,3,-1,-1,-1,-1,-1,-1,-1,-1,0,-1
2020430344031,2020,430344031,1,9,0,18,19,4,8,0,0,0,0,0,0,0,3,1,6,6,1,-1,-1,-1,-1,-1,-1,-1,-1,0,-1
2020010245787,2020,010245787,2,1,0,18,19,1,5,0,0,8,5,0,0,0,4,-1,6,6,1,56,9,-1,-1,-1,-1,2,E01001848,0,-1
2020440223426,2020,440223426,1,9,0,18,19,3,5,5,5,6,0,0,0,0,4,1,6,6,2,36,7,-1,-1,-1,-1,8,E01030803,0,-1
2020010276022,2020,010276022,1,1,9,99,99,9,9,99,99,9,9,99,9,99,9,1,6,6,1,37,7,-1,-1,-1,-1,2,E01003991,0,-1
2020010247975,2020,010247975,2,1,0,18,19,5,1,0,0,0,0,0,0,0,1,1,6,6,1,25,5,-1,-1,-1,-1,9,E01001606,0,-1
2020460961383,2020,460961383,1,9,0,4,4,5,1,0,0,0,0,0,0,0,1,1,5,6,3,-1,-1,-1,-1,-1,-1,-1,-1,0,-1
202060Y165022,2020,60Y165022,1,9,0,9,9,6,3,0,0,5,0,0,0,0,3,1,6,6,2,28,6,-1,-1,-1,-1,-1,-1,0,-1
2020552000012,2020,552000012,2,1,0,18,19,2,6,0,0,0,0,0,0,0,2,1,6,6,2,69,10,-1,-1,-1,-1,7,E01020492,0,-1
20201375B1211,2020,1375B1211,1,9,0,18,19,6,2,0,0,0,0,0,0,0,1,1,6,6,3,-1,-1,-1,-1,-1,-1,-1,-1,0,-1
2020052002602,2020,052002602,1,9,0,18,19,1,5,0,0,0,0,0,0,0,1,1,3,7,2,41,7,-1,-1,-1,-1,2,E01006616,0,-1
2020470970864,2020,470970864,2,1,0,18,19,1,5,0,0,1,0,11,0,0,1,1,5,6,2,29,6,-1,-1,-1,-1,3,E01003035,0,-1
2020501004904,2020,501004904,1,17,0,18,19,1,5,0,0,0,0,0,0,0,1,1,5,6,1,22,5,-1,-1,-1,-1,7,E01020317,0,-1
2020220973710,2020,220973710,3,1,0,18,19,2,6,0,0,0,0,0,0,0,2,1,5,6,1,27,6,-1,-1,-1,-1,2,E01033488,0,-1
2020370982970,2020,370982970,1,9,0,18,19,5,8,0,0,4,0,0,0,0,1,1,1,1,2,63,9,-1,-1,-1,-1,9,E01030214,0,-1
202031B019220,2020,31B019220,2,1,0,18,19,1,5,0,0,8,0,0,0,0,1,1,6,6,1,21,5,-1,-1,-1,-1,-1,-1,0,-1
2020122001279,2020,122001279,1,9,4,18,19,7,3,0,0,0,0,0,0,0,4,1,6,6,3,-1,-1,-1,-1,-1,-1,-1,-1,0,-1
2020460975692,2020,460975692,2,1,0,18,19,4,8,0,0,0,0,4,0,0,1,1,6,6,1,55,8,-1,-1,-1,-1,9,E01016081,0,-1
2020420953701,2020,420953701,2,1,0,18,19,6,2,0,0,1,0,0,0,0,4,1,5,6,1,47,8,-1,-1,-1,-1,10,E01021467,0,-1
2020470947105,2020,470947105,2,1,0,18,19,4,8,0,0,8,0,0,0,0,2,1,6,6,1,59,9,-1,-1,-1,-1,8,E01021141,0,-1
2020010258122,2020,010258122,2,9,0,99,99,9,9,99,99,9,9,99,9,99,9,9,6,6,3,-1,-1,-1,-1,-1,-1,-1,-1,0,-1
2020010235845,2020,010235845,1,9,0,18,19,-1,-1,0,0,1,0,0,0,0,1,1,6,6,3,-1,-1,-1,-1,-1,-1,-1,-1,0,-1
2020170H10840,2020,170H10840,2,9,0,9,9,3,1,0,0,8,0,0,0,0,1,1,6,6,1,37,7,-1,-1,-1,-1,-1,-1,0,-1
2020332001216,2020,332001216,1,9,0,18,19,6,2,0,0,0,0,0,0,0,0,1,6,6,2,88,11,-1,-1,-1,-1,-1,-1,0,-1
2020010252487,2020,010252487,2,1,0,18,19,7,3,4,4,1,0,0,0,0,1,1,6,6,1,44,7,-1,-1,-1,-1,2,E01003506,0,-1
2020201001381,2020,201001381,2,9,0,5,5,1,5,0,0,4,0,0,0,0,2,1,6,6,1,-1,-1,-1,-1,-1,-1,-1,-1,0,-1
2020545200220,2020,545200220,2,1,0,18,19,3,7,0,0,8,0,0,0,0,4,1,6,6,1,46,8,-1,-1,-1,-1,8,E01032709,0,-1
202060Y119696,2020,60Y119696,1,9,0,9,9,4,2,0,0,2,0,0,0,0,0,1,6,6,3,-1,-1,-1,-1,-1,-1,-1,-1,0,-1
2020460948501,2020,460948501,2,1,0,18,19,7,3,1,1,0,1,0,0,0,2,1,6,6,1,51,8,-1,-1,-1,-1,6,E01024292,0,-1
2020420990802,2020,420990802,1,9,0,16,19,4,8,9,9,1,0,0,7,0,3,1,6,6,2,30,6,-1,-1,-1,-1,3,E01021811,0,-1
2020450943573,2020,450943573,2,98,0,18,19,1,5,0,0,3,0,0,0,0,3,1,6,6,1,44,7,-1,-1,-1,-1,-1,-1,0,-1
202060Y081732,2020,60Y081732,1,9,0,9,9,8,6,0,0,5,0,0,0,0,2,1,2,2,2,40,7,-1,-1,-1,-1,-1,-1,0,-1
2020010239392,2020,010239392,1,9,0,18,19,1,5,0,0,1,0,0,0,0,1,1,6,6,3,-1,-1,-1,-1,-1,-1,-1,-1,0,-1
2020140955655,2020,140955655,2,9,0,2,2,0,0,0,0,0,0,0,0,0,2,1,6,6,3,-1,-1,-1,-1,-1,-1,-1,-1,0,-1
2020430123314,2020,430123314,1,1,0,4,4,6,2,0,0,0,0,0,0,0,1,1,6,6,1,56,9,-1,-1,-1,-1,9,E01016313,0,-1
2020052002312,2020,052002312,1,9,0,18,19,8,4,0,0,0,0,0,0,0,4,1,1,1,3,-1,-1,-1,-1,-1,-1,-1,-1,0,-1
2020622100050,2020,622100050,1,4,0,18,19,5,1,0,0,0,1,10,2,2,1,1,6,6,1,37,7,-1,-1,-1,-1,1,W01000836,0,-1
2020520101310,2020,520101310,2,1,0,18,19,8,4,0,0,0,0,0,0,0,3,1,6,6,1,35,6,-1,-1,-1,-1,4,E01032101,0,-1
2020010264858,2020,010264858,1,9,0,18,19,4,8,0,0,1,0,0,0,0,0,1,6,6,1,-1,-1,-1,-1,-1,-1,-1,-1,0,-1
2020350951664,2020,350951664,1,1,0,9,9,8,4,0,0,6,0,0,0,0,1,1,5,6,1,62,9,-1,-1,-1,-1,10,E01017955,0,-1
2020350956923,2020,350956923,2,9,0,2,2,0,0,0,0,1,0,0,0,0,3,1,6,6,3,-1,-1,-1,-1,-1,-1,-1,-1,0,-1
2020990977697,2020,990977697,1,9,0,18,19,6,2,0,0,8,0,0,0,0,3,1,6,6,3,-1,-1,-1,-1,-1,-1,-1,-1,0,-1
2020332000670,2020,332000670,2,9,0,18,19,3,7,0,0,0,0,0,0,0,3,1,6,6,1,19,4,-1,-1,-1,-1,5,E01025920,0,-1
2020010271172,2020,010271172,1,1,9,99,99,9,9,99,99,9,9,99,9,99,9,1,6,6,2,25,5,-1,-1,-1,-1,3,E01032764,0,-1
2020010259719,2020,010259719,1,9,0,7,7,1,4,0,0,1,0,0,0,0,3,1,6,6,1,49,8,-1,-1,-1,-1,4,E01002101,0,-1
2020430182298,2020,430182298,2,9,0,18,19,8,4,0,0,4,0,0,0,0,3,1,6,6,2,-1,-1,-1,-1,-1,-1,-1,-1,0,-1
2020440478108,2020,440478108,2,9,0,9,9,1,6,0,0,8,0,0,0,0,1,1,6,6,3,-1,-1,-1,-1,-1,-1,-1,-1,0,-1
2020420927595,2020,420927595,1,9,0,18,19,4,8,0,0,0,0,0,0,0,1,1,1,1,1,50,8,-1,-1,-1,-1,7,E01021950,0,-1
2020420952181,2020,420952181,2,1,0,17,19,3,7,0,0,8,0,0,0,0,2,1,6,6,1,54,8,-1,-1,-1,-1,10,E01021558,0,-1
202031C010520,2020,31C010520,1,1,0,18,19,8,4,0,0,8,0,0,0,0,1,1,2,2,2,64,9,-1,-1,-1,-1,3,E01013929,0,-1
2020332000644,2020,332000644,2,9,0,18,19,6,2,0,0,8,0,0,0,0,1,1,6,6,1,21,5,-1,-1,-1,-1,2,E01013658,0,-1
2020052001405,2020,052001405,2,3,0,18,19,5,1,0,0,0,1,0,1,10,1,1,6,6,1,16,4,-1,-1,-1,-1,1,E01006434,0,-1
2020470966051,2020,470966051,1,20,0,18,19,8,4,0,0,0,0,0,0,0,1,1,1,1,1,22,5,-1,-1,-1,-1,7,E01021236,0,-1
2020030918228,2020,030918228,2,9,0,18,19,3,7,0,0,2,0,0,0,0,1,1,6,6,1,47,8,-1,-1,-1,-1,4,E01019098,0,-1
2020110922068,2020,110922068,1,9,0,18,19,3,7,0,0,0,0,0,1,3,1,1,5,6,1,59,9,-1,-1,-1,-1,9,E01012346,0,-1
2020350943472,2020,350943472,2,9,0,5,5,4,8,0,0,2,0,0,0,0,1,1,5,6,1,20,4,-1,-1,-1,-1,10,E01017995,0,-1
2020440219240,2020,440219240,2,9,0,16,19,1,5,0,0,0,0,0,7,4,3,1,6,6,2,56,9,-1,-1,-1,-1,10,E01022518,0,-1
2020340N01942,2020,340N01942,1,9,0,9,9,4,8,0,0,6,1,0,0,0,1,1,6,6,2,-1,-1,-1,-1,-1,-1,-1,-1,0,-1
2020111008823,2020,111008823,2,1,0,18,19,5,1,0,0,1,0,0,0,0,2,1,5,6,1,45,7,-1,-1,-1,-1,5,E01012363,0,-1
2020430102772,2020,430102772,2,21,0,4,4,8,4,0,0,0,0,0,0,0,2,1,1,1,1,26,6,-1,-1,-1,-1,-1,-1,0,-1
2020470968730,2020,470968730,2,1,0,18,19,7,3,4,4,8,1,0,0,0,0,1,5,6,1,13,3,-1,-1,-1,-1,4,E01016986,0,-1
2020010278078,2020,010278078,1,1,0,18,19,5,1,0,0,3,0,0,0,0,3,1,4,7,2,11,3,-1,-1,-1,-1,5,E01003345,0,-1
2020460926025,2020,460926025,1,9,0,9,9,7,3,0,0,0,0,0,0,0,3,1,6,6,3,-1,-1,-1,-1,-1,-1,-1,-1,0,-1
2020200986265,2020,200986265,1,9,0,18,19,6,2,0,0,2,0,0,0,0,1,1,6,6,3,-1,-1,-1,-1,-1,-1,-1,-1,0,-1
202054A714020,2020,54A714020,2,1,0,18,19,1,5,0,0,0,0,0,0,0,1,1,4,7,1,9,2,-1,-1,-1,-1,2,E01031983,0,-1
2020010271879,2020,010271879,2,9,0,18,19,1,5,0,0,2,0,0,0,0,1,1,6,6,3,-1,-1,-1,-1,-1,-1,-1,-1,0,-1
2020320138919,2020,320138919,3,9,0,10,10,5,1,0,0,1,0,0,0,0,2,1,6,6,2,49,8,-1,-1,-1,-1,5,E01026361,0,-1
2020010281814,2020,010281814,2,9,9,18,19,3,7,0,0,9,9,99,0,0,9,9,6,6,3,-1,-1,-1,-1,-1,-1,-1,-1,0,-1
2020622000970,2020,622000970,2,1,0,18,19,1,5,0,0,8,0,0,0,0,1,1,2,2,1,34,6,-1,-1,-1,-1,9,W01000854,0,-1
2020010271664,2020,010271664,1,9,0,18,19,5,1,0,0,3,0,0,0,0,4,1,6,6,1,33,6,-1,-1,-1,-1,8,E01002864,0,-1
202006E376526,2020,06E376526,2,9,0,3,3,3,7,0,0,0,0,0,0,0,4,1,3,7,1,39,7,-1,-1,-1,-1,1,E01005205,0,-1
2020332001137,2020,332001137,2,19,0,18,19,7,3,0,0,0,0,0,0,0,0,1,6,6,1,33,6,-1,-1,-1,-1,-1,-1,0,-1
2020201002144,2020,201002144,1,9,0,7,7,6,8,0,0,6,0,0,0,0,1,1,6,6,2,-1,-1,-1,-1,-1,-1,-1,-1,0,-1
2020100951092,2020,100951092,1,9,0,18,19,2,6,0,0,1,0,0,0,0,1,1,6,6,3,30,6,-1,-1,-1,-1,-1,-1,0,-1
2020140921659,2020,140921659,1,9,0,18,19,8,3,0,0,8,0,0,0,0,4,1,6,6,3,-1,-1,-1,-1,-1,-1,-1,-1,0,-1
2020010262535,2020,010262535,1,1,9,99,99,9,9,99,99,9,9,99,9,99,9,1,2,2,1,45,7,-1,-1,-1,-1,3,E01001589,0,-1
2020052001001,2020,052001001,1,9,0,18,19,2,6,0,0,1,0,0,0,0,1,1,6,6,3,-1,-1,-1,-1,-1,-1,-1,-1,0,-1
2020100933183,2020,100933183,3,9,0,18,19,8,3,0,0,0,1,0,0,0,2,1,1,1,1,-1,-1,-1,-1,-1,-1,-1,-1,0,-1
2020040982310,2020,040982310,2,1,0,18,19,1,5,0,0,1,1,0,0,0,1,1,6,6,1,16,4,-1,-1,-1,-1,3,E01025269,0,-1
2020010287104,2020,010287104,2,9,0,99,99,9,9,99,99,9,9,99,9,99,1,9,6,6,3,-1,-1,-1,-1,-1,-1,-1,-1,0,-1
20201374N1438,2020,1374N1438,2,9,0,18,19,3,7,0,0,8,0,0,0,0,1,1,6,6,1,48,8,-1,-1,-1,-1,1,E01010800,0,-1
2020340K02212,2020,340K02212,1,19,0,12,12,3,7,0,0,7,0,0,0,0,1,1,2,2,1,22,5,-1,-1,-1,-1,6,E01027119,0,-1
2020990958647,2020,990958647,1,1,0,18,19,5,8,0,0,1,0,0,0,0,1,1,6,6,1,38,7,-1,-1,-1,-1,2,E01030013,0,-1
2020201021045,2020,201021045,2,3,0,18,19,7,3,0,0,8,0,0,0,0,1,1,6,6,1,30,6,-1,-1,-1,-1,-1,-1,0,-1
2020990954926,2020,990954926,2,1,0,18,19,5,1,0,0,1,0,0,3,0,3,1,5,6,1,55,8,-1,-1,-1,-1,8,-1,0,-1
2020070096352,2020,070096352,2,19,0,4,4,8,4,0,0,8,0,0,0,0,2,1,6,6,3,-1,-1,-1,-1,-1,-1,-1,-1,0,-1
2020010254395,2020,010254395,1,1,9,99,99,9,9,99,99,9,9,99,9,99,9,1,2,2,2,37,7,-1,-1,-1,-1,6,E01004581,0,-1
2020332000954,2020,332000954,1,9,0,10,10,6,4,0,0,8,0,0,0,0,2,1,6,6,2,19,4,-1,-1,-1,-1,8,E01023307,0,-1
2020010261390,2020,010261390,2,9,0,9,9,5,3,0,0,1,0,0,0,0,4,1,6,6,3,-1,-1,-1,-1,-1,-1,-1,-1,0,-1
2020350935273,2020,350935273,1,1,0,5,5,8,4,0,0,0,5,0,0,0,2,1,5,6,1,21,5,-1,-1,-1,-1,9,E01024754,0,-1
2020052000205,2020,052000205,1,9,0,5,5,4,8,0,0,0,0,0,0,0,3,1,6,6,3,-1,-1,-1,-1,-1,-1,-1,-1,0,-1
2020450947656,2020,450947656,2,1,0,18,19,1,5,0,0,1,0,0,0,0,1,1,6,6,1,31,6,-1,-1,-1,-1,8,E01030335,0,-1
2020140976079,2020,140976079,2,9,0,1,1,2,7,9,9,0,0,0,0,0,2,1,6,6,3,-1,-1,-1,-1,-1,-1,-1,-1,0,-1
2020052001303,2020,052001303,2,1,0,18,19,1,5,0,0,8,0,0,0,0,1,1,6,6,1,49,8,-1,-1,-1,-1,7,E01007301,0,-1
2020122001096,2020,122001096,2,19,0,2,2,0,0,0,0,0,0,0,0,0,0,1,6,6,3,-1,-1,-1,-1,-1,-1,-1,-1,0,-1
2020420936699,2020,420936699,2,9,0,2,2,8,5,0,0,0,0,0,0,0,2,1,6,6,3,-1,-1,-1,-1,-1,-1,-1,-1,0,-1
2020440153457,2020,440153457,2,1,0,18,19,6,2,0,0,8,0,0,0,0,1,1,6,6,1,32,6,-1,-1,-1,-1,1,E01022843,0,-1
202060Y174130,2020,60Y174130,2,98,0,9,9,8,4,0,0,0,0,0,0,0,3,1,1,1,2,32,6,-1,-1,-1,-1,-1,-1,0,-1
2020010229029,2020,010229029,2,1,0,18,19,5,1,0,0,8,0,0,0,0,3,1,2,2,2,32,6,-1,-1,-1,-1,3,E01003997,0,-1
2020010248864,2020,010248864,1,9,0,15,15,1,5,0,0,0,0,0,0,0,1,1,6,6,3,-1,-1,-1,-1,-1,-1,-1,-1,0,-1
2020430230179,2020,430230179,1,4,0,9,9,6,4,0,0,8,0,0,0,0,1,1,6,6,1,18,4,-1,-1,-1,-1,9,E01017681,0,-1
2020220922444,2020,220922444,2,9,0,1,1,8,4,0,0,0,0,0,0,0,2,1,6,6,3,34,6,-1,-1,-1,-1,-1,-1,0,-1
2020450923269,2020,450923269,1,1,0,9,9,6,5,0,0,3,2,0,0,0,3,1,5,6,1,53,8,-1,-1,-1,-1,9,E01030761,0,-1
2020010245580,2020,010245580,1,3,0,5,5,7,3,0,0,8,2,0,0,0,0,1,1,1,1,23,5,-1,-1,-1,-1,3,E01001942,0,-1
2020010266997,2020,010266997,2,1,0,16,19,5,1,0,0,2,0,0,0,0,1,1,6,6,1,32,6,-1,-1,-1,-1,6,E01003228,0,-1
2020440113873,2020,440113873,2,1,0,18,19,6,2,0,0,7,0,0,0,0,4,1,6,6,1,38,7,-1,-1,-1,-1,6,E01023284,0,-1
2020440360030,2020,440360030,1,5,0,18,19,3,7,0,0,0,1,0,0,0,1,1,6,6,1,39,7,-1,-1,-1,-1,5,E01017358,0,-1
2020430378814,2020,430378814,2,9,0,18,19,2,6,0,0,8,0,0,0,0,1,1,6,6,1,62,9,-1,-1,-1,-1,-1,-1,0,-1
2020552100205,2020,552100205,1,1,0,18,19,7,3,9,9,0,0,11,0,0,1,1,6,6,2,67,10,-1,-1,-1,-1,5,E01020518,0,-1
2020010250276,2020,010250276,2,1,0,18,19,1,5,0,0,1,1,0,0,0,1,1,6,6,1,24,5,-1,-1,-1,-1,5,E01033573,0,-1
2020361027136,2020,361027136,2,1,0,18,19,3,7,0,0,8,0,0,0,0,1,1,2,2,1,33,6,-1,-1,-1,-1,3,E01026843,0,-1
202060Y159649,2020,60Y159649,1,9,0,18,19,3,7,0,0,1,0,0,5,6,3,1,6,6,1,28,6,-1,-1,-1,-1,-1,-1,0,-1
2020030978881,2020,030978881,1,9,0,1,1,1,5,9,9,1,0,0,0,0,2,1,5,6,1,61,9,-1,-1,-1,-1,7,E01019357,0,-1
2020010238603,2020,010238603,2,9,0,9,9,6,4,0,0,1,0,0,0,0,1,1,1,1,1,26,6,-1,-1,-1,-1,3,E01000506,0,-1
2020400963489,2020,400963489,2,9,0,18,19,5,1,0,0,0,0,0,0,0,1,1,5,6,1,45,7,-1,-1,-1,-1,2,E01033499,0,-1
202031C114820,2020,31C114820,1,1,0,18,19,7,3,0,0,6,0,0,0,0,1,1,6,6,1,10,2,-1,-1,-1,-1,6,E01013887,0,-1
2020210950085,2020,210950085,2,1,0,18,19,8,5,0,0,8,0,0,0,0,4,1,6,6,1,48,8,-1,-1,-1,-1,10,E01029739,0,-1
20201379M1123,2020,1379M1123,1,5,0,7,7,6,2,0,0,6,0,0,0,0,1,1,6,6,1,29,6,-1,-1,-1,-1,1,E01011357,0,-1
2020540712819,2020,540712819,2,1,0,18,19,6,2,0,0,8,0,0,0,0,4,1,6,6,2,68,10,-1,-1,-1,-1,10,E01031962,0,-1
2020302000586,2020,302000586,3,19,0,15,15,1,5,0,0,8,0,0,0,0,0,1,6,6,3,-1,-1,-1,-1,-1,-1,5,E01019456,0,-1
2020060015250,2020,060015250,3,9,0,16,19,5,1,0,0,0,0,0,0,0,1,1,6,6,1,81,11,-1,-1,-1,-1,9,E01005906,0,-1
2020622000307,2020,622000307,1,1,0,18,19,2,6,0,0,0,0,0,0,0,1,1,6,6,1,21,5,-1,-1,-1,-1,9,W01000874,0,-1
2020010268024,2020,010268024,2,9,0,99,99,9,9,99,99,0,9,99,9,99,1,9,6,6,3,-1,-1,-1,-1,-1,-1,-1,-1,0,-1
20201374J1395,2020,1374J1395,1,4,0,18,19,2,6,0,0,0,0,0,0,0,1,1,6,6,3,-1,-1,-1,-1,-1,-1,-1,-1,0,-1
2020040935449,2020,040935449,1,9,0,4,4,7,4,0,0,1,0,4,0,0,1,1,5,6,1,42,7,-1,-1,-1,-1,4,E01025024,0,-1
202063B049120,2020,63B049120,1,90,0,17,19,8,5,0,0,0,2,0,2,10,1,1,6,6,1,21,5,-1,-1,-1,-1,9,W01001715,0,-1
2020230937844,2020,230937844,2,98,0,18,19,4,8,0,0,0,0,0,0,0,1,1,1,1,3,30,6,-1,-1,-1,-1,-1,-1,0,-1
2020010280026,2020,010280026,2,1,0,4,4,7,3,0,0,8,0,0,0,0,0,1,6,6,1,23,5,-1,-1,-1,-1,1,E01004301,0,-1
2020332001125,2020,332001125,2,9,0,18,19,6,2,0,0,0,0,0,0,0,0,1,6,6,2,51,8,-1,-1,-1,-1,-1,-1,0,-1
202006K268501,2020,06K268501,1,9,0,5,5,3,7,0,0,8,0,0,0,0,1,1,6,6,1,45,7,-1,-1,-1,-1,2,E01012621,0,-1
2020010262432,2020,010262432,2,1,0,18,19,7,3,0,0,1,0,0,0,0,1,1,1,1,1,51,8,-1,-1,-1,-1,-1,-1,0,-1
2020450942781,2020,450942781,1,98,0,18,19,3,7,0,0,0,2,0,0,0,4,2,1,1,1,47,8,-1,-1,-1,-1,-1,-1,0,-1
2020552000735,2020,552000735,1,1,0,18,19,6,2,0,0,6,0,0,0,0,1,1,6,6,1,15,3,-1,-1,-1,-1,8,E01015332,0,-1
2020010230331,2020,010230331,1,9,0,99,99,9,9,99,99,9,9,99,9,99,1,9,6,6,3,-1,-1,-1,-1,-1,-1,-1,-1,0,-1
2020201007834,2020,201007834,1,9,0,18,19,6,2,0,0,8,0,0,0,0,1,1,6,6,3,30,6,-1,-1,-1,-1,-1,-1,0,-1
2020210976260,2020,210976260,1,9,-1,-1,-1,-1,-1,-1,-1,0,-1,-1,-1,0,-1,1,6,6,2,29,6,-1,-1,-1,-1,5,E01029382,0,-1
2020410972794,2020,410972794,2,9,0,18,19,5,1,0,0,0,0,0,8,0,3,1,2,2,1,40,7,-1,-1,-1,-1,8,E01023916,0,-1
2020451000351,2020,451000351,2,9,0,18,19,1,1,0,0,0,0,0,0,0,3,1,6,6,3,40,7,-1,-1,-1,-1,-1,-1,0,-1
2020010252089,2020,010252089,1,1,0,99,99,9,9,0,0,1,0,0,0,0,1,1,6,6,1,46,8,-1,-1,-1,-1,5,E01033098,0,-1
2020160967768,2020,160967768,2,9,0,18,19,8,5,0,0,0,0,0,0,0,2,1,6,6,2,18,4,-1,-1,-1,-1,3,E01012832,0,-1
2020140922749,2020,140922749,1,4,0,18,19,3,7,0,0,8,0,0,0,0,1,1,6,6,1,21,5,-1,-1,-1,-1,3,E01007540,0,-1
2020160947072,2020,160947072,1,9,0,13,13,2,6,0,0,0,0,0,0,0,1,1,6,6,1,-1,-1,-1,-1,-1,-1,-1,-1,0,-1
2020470929034,2020,470929034,2,1,0,18,19,5,1,0,0,8,0,0,0,0,2,1,6,6,1,58,9,-1,-1,-1,-1,3,E01031400,0,-1
2020010238322,2020,010238322,1,1,9,99,99,9,9,99,99,9,9,99,9,99,1,1,2,2,1,19,4,-1,-1,-1,-1,7,E01001968,0,-1
2020122001019,2020,122001019,1,1,0,18,19,4,8,0,0,2,0,0,0,0,1,1,6,6,2,26,6,-1,-1,-1,-1,2,E01033067,0,-1
2020010253024,2020,010253024,2,1,0,18,19,5,1,0,0,0,0,0,0,0,1,1,6,6,1,50,8,-1,-1,-1,-1,1,E01003318,0,-1
2020030983359,2020,030983359,1,9,0,5,5,1,2,0,0,1,0,0,0,0,0,1,3,7,1,-1,-1,-1,-1,-1,-1,-1,-1,0,-1
2020010265636,2020,010265636,2,9,0,99,99,9,9,99,99,9,9,99,9,99,9,9,6,6,3,-1,-1,-1,-1,-1,-1,-1,-1,0,-1
2020520002275,2020,520002275,2,9,0,18,19,7,3,0,0,8,0,0,0,0,1,1,6,6,1,36,7,-1,-1,-1,-1,-1,-1,0,-1
2020530951015,2020,530951015,2,1,0,18,19,-1,-1,0,0,8,0,0,0,0,4,1,6,6,2,67,10,-1,-1,-1,-1,9,E01022204,0,-1
202006L278408,2020,06L278408,1,9,0,9,9,3,1,0,0,8,0,0,0,0,3,1,6,6,3,-1,-1,-1,-1,-1,-1,-1,-1,0,-1
2020410961890,2020,410961890,5,9,0,2,2,0,0,9,9,0,0,0,0,0,2,1,6,6,3,-1,-1,-1,-1,-1,-1,-1,-1,0,-1
2020010232234,2020,010232234,1,1,9,99,99,9,9,99,99,9,9,99,9,99,9,1,2,2,1,42,7,-1,-1,-1,-1,4,E01001047,0,-1
2020610010820,2020,610010820,1,9,0,18,19,8,3,0,0,0,0,0,1,0,1,1,6,6,1,-1,-1,-1,-1,-1,-1,-1,-1,0,-1
2020010265489,2020,010265489,1,1,0,18,19,3,7,0,0,1,0,0,0,0,1,1,2,2,2,32,6,-1,-1,-1,-1,10,E01004594,0,-1
2020010276236,2020,010276236,1,11,0,99,99,9,9,0,0,0,0,0,0,0,0,1,6,6,3,-1,-1,-1,-1,-1,-1,-1,-1,0,-1
2020450946358,2020,450946358,1,9,0,18,19,1,5,0,0,1,0,0,0,0,1,1,6,6,3,50,8,-1,-1,-1,-1,-1,-1,0,-1
2020010254964,2020,010254964,2,1,0,11,11,1,5,0,0,0,0,0,0,0,0,1,6,6,1,48,8,-1,-1,-1,-1,4,E01003090,0,-1
2020010268630,2020,010268630,2,-1,0,18,19,7,3,0,0,8,0,0,0,0,3,1,6,6,1,27,6,-1,-1,-1,-1,4,E01004416,1,-1
2020100995114,2020,100995114,1,1,0,18,19,7,3,0,0,1,2,0,0,0,1,1,4,7,1,15,3,-1,-1,-1,-1,1,E01008737,0,-1
2020100947852,2020,100947852,4,9,0,2,2,0,0,0,0,1,0,0,0,0,4,1,6,6,3,-1,-1,-1,-1,-1,-1,-1,-1,0,-1
2020461012102,2020,461012102,1,1,0,18,19,2,6,0,0,1,0,0,0,0,1,1,6,6,1,13,3,-1,-1,-1,-1,4,E01016115,0,-1
2020350926211,2020,350926211,1,9,0,18,19,6,2,0,0,0,0,0,0,0,1,1,1,1,1,25,5,-1,-1,-1,-1,2,E01026716,0,-1
2020520002145,2020,520002145,2,9,0,18,19,2,6,0,0,0,0,0,0,0,2,1,6,6,2,59,9,-1,-1,-1,-1,6,E01029222,0,-1
2020010265228,2020,010265228,2,9,0,99,99,9,9,99,99,9,9,99,9,99,1,9,6,6,3,-1,-1,-1,-1,-1,-1,-1,-1,0,-1
2020040965304,2020,040965304,2,9,0,2,2,0,0,0,0,2,0,0,0,0,2,1,6,6,3,-1,-1,-1,-1,-1,-1,-1,-1,0,-1
2020200980678,2020,200980678,1,9,0,7,7,6,8,0,0,2,0,0,0,0,1,1,6,6,3,-1,-1,-1,-1,-1,-1,-1,-1,0,-1
2020430282223,2020,430282223,1,9,0,17,19,5,8,0,0,8,0,0,0,0,1,1,6,6,3,-1,-1,-1,-1,-1,-1,-1,-1,0,-1
2020450978437,2020,450978437,1,1,0,18,19,7,3,0,0,0,2,0,0,0,2,1,5,6,1,50,8,-1,-1,-1,-1,9,E01030554,0,-1
2020110989445,2020,110989445,3,9,0,2,2,0,0,0,0,2,0,0,0,0,3,1,6,6,3,-1,-1,-1,-1,-1,-1,-1,-1,0,-1
2020010261643,2020,010261643,2,1,0,9,9,5,2,0,0,4,0,0,0,0,1,1,6,6,1,37,7,-1,-1,-1,-1,4,E01003203,0,-1
2020430162927,2020,430162927,2,1,0,18,19,7,3,0,0,8,0,0,0,0,4,1,2,2,1,48,8,-1,-1,-1,-1,8,E01032947,0,-1
202060Y141975,2020,60Y141975,4,9,0,3,3,2,6,0,0,1,0,0,0,0,2,1,6,6,1,25,5,-1,-1,-1,-1,-1,-1,0,-1
2020990963795,2020,990963795,2,1,0,5,5,7,3,0,0,2,0,0,0,0,1,1,5,6,1,36,7,-1,-1,-1,-1,8,-1,0,-1
2020201020218,2020,201020218,1,9,0,6,6,5,5,0,0,2,0,0,0,0,2,1,1,1,1,-1,-1,-1,-1,-1,-1,2,E01016035,0,-1