collision_index,collision_year,collision_ref_no,vehicle_reference,vehicle_type,towing_and_articulation,vehicle_manoeuvre_historic,vehicle_manoeuvre,vehicle_direction_from,vehicle_direction_to,vehicle_location_restricted_lane_historic,vehicle_location_restricted_lane,junction_location,skidding_and_overturning,hit_object_in_carriageway,vehicle_leaving_carriageway,hit_object_off_carriageway,first_point_of_impact,vehicle_left_hand_drive,journey_purpose_of_driver_historic,journey_purpose_of_driver,sex_of_driver,age_of_driver,age_band_of_driver,engine_capacity_cc,propulsion_code,age_of_vehicle,generic_make_model,driver_imd_decile,lsoa_of_driver,escooter_flag,driver_distance_banding
2020470970691,2020,470970691,2,22,0,18,19,6,2,0,0,0,0,0,0,0,4,1,6,6,2,62,9,-1,-1,-1,-1,2,E01020911,0,-1
2020470939445,2020,470939445,2,9,0,2,2,0,0,6,6,1,0,0,0,0,1,1,6,6,3,-1,-1,-1,-1,-1,-1,-1,-1,0,-1
2020010285217,2020,010285217,1,1,9,99,99,9,9,99,99,9,9,99,9,99,9,1,2,2,2,47,8,-1,-1,-1,-1,4,E01003259,0,-1
2020541851920,2020,541851920,2,9,0,18,19,1,5,0,0,0,0,0,0,0,3,1,1,1,1,42,7,-1,-1,-1,-1,8,E01032102,0,-1
2020610021720,2020,610021720,2,1,0,18,19,5,3,0,0,4,0,0,0,0,4,1,6,6,1,45,7,-1,-1,-1,-1,8,W01001626,0,-1
2020522003068,2020,522003068,2,1,0,18,19,1,5,0,0,0,0,0,0,0,1,1,6,6,1,24,5,-1,-1,-1,-1,1,E01014486,0,-1
2020332000093,2020,332000093,1,9,0,18,19,4,8,0,0,8,0,0,2,3,1,1,6,6,1,25,5,-1,-1,-1,-1,3,E01013697,0,-1
2020010281745,2020,010281745,2,19,0,18,19,1,5,0,0,4,0,0,1,0,2,1,6,6,3,-1,-1,-1,-1,-1,-1,-1,-1,0,-1
2020451008705,2020,451008705,1,9,0,18,19,1,5,0,0,0,0,0,0,0,0,1,6,6,3,30,6,-1,-1,-1,-1,-1,-1,0,-1
2020140990041,2020,140990041,1,9,0,-1,-1,-1,-1,-1,-1,0,-1,-1,-1,0,-1,1,6,6,3,-1,-1,-1,-1,-1,-1,-1,-1,0,-1
2020990976966,2020,990976966,1,19,0,11,11,6,2,0,0,3,0,0,0,0,4,1,6,6,1,55,8,-1,-1,-1,-1,8,-1,0,-1
2020220959804,2020,220959804,2,1,0,10,10,6,4,0,0,1,0,0,0,0,1,1,5,6,1,50,8,-1,-1,-1,-1,10,E01032408,0,-1
2020430098330,2020,430098330,1,9,0,18,19,4,8,0,0,0,0,0,0,0,0,1,1,1,1,-1,-1,-1,-1,-1,-1,-1,-1,0,-1
2020460985799,2020,460985799,1,9,0,18,19,5,1,0,0,0,0,0,0,0,1,1,6,6,3,-1,-1,-1,-1,-1,-1,-1,-1,0,-1
2020010257671,2020,010257671,2,97,0,99,99,9,9,99,99,9,9,99,9,99,0,9,6,6,3,-1,-1,-1,-1,-1,-1,-1,-1,0,-1
202031C154620,2020,31C154620,1,3,0,18,19,5,1,0,0,8,0,0,0,0,4,1,6,6,1,18,4,-1,-1,-1,-1,10,E01028389,0,-1
2020520005033,2020,520005033,1,9,0,9,9,8,6,0,0,8,0,0,0,0,4,1,6,6,1,59,9,-1,-1,-1,-1,5,E01029108,0,-1
202060Y067237,2020,60Y067237,2,9,0,3,3,4,8,0,0,1,0,0,0,0,1,1,6,6,1,22,5,-1,-1,-1,-1,-1,-1,0,-1
2020101001349,2020,101001349,1,9,0,18,19,5,1,0,0,4,0,0,0,0,1,1,6,6,3,-1,-1,-1,-1,-1,-1,-1,-1,0,-1
2020332000299,2020,332000299,2,9,0,9,9,3,1,0,0,5,0,0,0,0,1,1,1,1,1,22,5,-1,-1,-1,-1,3,E01013762,0,-1
2020137171165,2020,137171165,2,9,0,9,9,7,3,0,0,8,0,0,0,0,1,1,6,6,1,21,5,-1,-1,-1,-1,5,E01010598,0,-1
2020450955660,2020,450955660,1,3,0,18,19,7,3,0,0,8,1,0,5,6,3,1,5,6,1,67,10,-1,-1,-1,-1,4,E01031833,0,-1
2020070547713,2020,070547713,1,9,0,9,9,7,4,0,0,6,0,0,0,0,0,1,6,6,2,21,5,-1,-1,-1,-1,5,E01018418,0,-1
2020010276187,2020,010276187,1,1,0,18,19,3,7,0,0,0,0,0,0,0,1,1,2,2,2,39,7,-1,-1,-1,-1,4,E01001276,0,-1
2020552000711,2020,552000711,1,2,0,18,19,1,5,0,0,0,0,0,0,0,1,1,6,6,3,-1,-1,-1,-1,-1,-1,-1,-1,0,-1
2020460970485,2020,460970485,2,22,0,18,19,1,5,0,0,0,0,0,0,0,4,1,6,6,1,67,10,-1,-1,-1,-1,2,E01024685,0,-1
202060Y074633,2020,60Y074633,2,9,0,3,3,2,6,0,0,0,0,0,0,0,2,1,6,6,2,28,6,-1,-1,-1,-1,-1,-1,0,-1
2020400930330,2020,400930330,1,9,0,18,19,4,8,0,0,1,0,0,0,0,4,1,6,6,3,-1,-1,-1,-1,-1,-1,-1,-1,0,-1
2020041018262,2020,041018262,1,9,0,7,7,3,1,0,0,8,0,0,0,0,3,1,1,1,3,38,7,-1,-1,-1,-1,7,E01024923,0,-1
2020360955247,2020,360955247,5,9,0,4,4,5,1,0,0,1,0,0,0,0,2,1,6,6,1,26,6,-1,-1,-1,-1,5,E01026523,0,-1
2020430096193,2020,430096193,2,1,0,18,19,6,2,0,0,8,0,0,0,0,4,1,6,6,1,56,9,-1,-1,-1,-1,7,E01028521,0,-1
2020100950828,2020,100950828,2,1,0,18,19,7,3,0,0,0,0,10,0,0,1,1,5,6,1,59,9,-1,-1,-1,-1,4,E01008230,0,-1
2020040984636,2020,040984636,2,1,0,18,19,3,7,0,0,6,0,0,0,0,3,1,5,6,1,9,2,-1,-1,-1,-1,2,E01025072,0,-1
2020040965304,2020,040965304,3,9,0,2,2,0,0,0,0,2,0,0,0,0,2,1,6,6,3,-1,-1,-1,-1,-1,-1,-1,-1,0,-1
2020010240302,2020,010240302,1,9,0,18,19,5,1,0,0,0,0,0,0,0,1,1,6,6,3,28,6,-1,-1,-1,-1,7,E01001888,0,-1
2020010258114,2020,010258114,2,1,0,7,7,1,3,0,0,6,0,0,0,0,1,1,6,6,2,24,5,-1,-1,-1,-1,2,E01004410,0,-1
2020542133020,2020,542133020,2,1,0,18,19,8,4,0,0,1,0,0,0,0,3,1,6,6,1,59,9,-1,-1,-1,-1,5,E01032068,0,-1
2020522000473,2020,522000473,1,1,0,18,19,8,3,0,0,8,0,0,0,0,1,1,6,6,1,23,5,-1,-1,-1,-1,10,E01014966,0,-1
2020010257203,2020,010257203,1,4,0,4,4,7,3,0,0,1,0,0,7,0,1,1,6,6,1,29,6,-1,-1,-1,-1,4,E01002785,0,-1
2020140975545,2020,140975545,1,9,0,16,19,1,1,0,0,0,0,0,0,0,2,1,6,6,1,-1,-1,-1,-1,-1,-1,-1,-1,0,-1
2020010261468,2020,010261468,1,11,0,3,3,1,5,2,2,0,0,0,0,0,2,1,1,1,3,30,6,-1,-1,-1,-1,-1,-1,0,-1
20201379R1257,2020,1379R1257,1,97,0,18,19,5,1,0,0,0,0,0,0,0,1,1,6,6,1,30,6,-1,-1,-1,-1,1,E01010800,0,-1
2020470965351,2020,470965351,1,1,0,18,19,3,7,0,0,2,0,0,0,0,0,1,2,2,2,52,8,-1,-1,-1,-1,6,E01031784,0,-1
2020010270483,2020,010270483,1,9,0,99,99,9,9,99,99,9,9,99,9,99,2,9,6,6,2,54,8,-1,-1,-1,-1,4,E01002001,0,-1
2020400997277,2020,400997277,1,97,0,18,19,5,1,0,0,6,0,0,0,0,3,1,6,6,3,-1,-1,-1,-1,-1,-1,-1,-1,0,-1
2020440412989,2020,440412989,2,9,0,2,2,0,0,0,0,0,0,0,0,0,1,1,6,6,1,-1,-1,-1,-1,-1,-1,-1,-1,0,-1
2020100983814,2020,100983814,2,9,0,2,2,0,0,0,0,0,1,0,0,0,1,1,6,6,3,-1,-1,-1,-1,-1,-1,-1,-1,0,-1
2020010241920,2020,010241920,2,1,0,18,19,1,5,0,0,0,0,0,0,0,2,1,6,6,2,25,5,-1,-1,-1,-1,4,E01000976,0,-1
2020460980737,2020,460980737,2,9,0,18,19,3,7,0,0,0,0,0,0,0,4,1,5,6,1,47,8,-1,-1,-1,-1,1,E01024590,0,-1
202006P371520,2020,06P371520,2,1,0,18,19,4,8,0,0,0,0,0,0,0,3,1,6,6,1,30,6,-1,-1,-1,-1,-1,-1,0,-1
2020500927734,2020,500927734,2,1,0,18,19,6,2,9,9,0,0,0,0,0,1,1,4,7,1,9,2,-1,-1,-1,-1,6,E01018983,0,-1
2020549341720,2020,549341720,2,19,0,4,4,3,7,0,0,2,0,0,0,0,2,1,6,6,1,32,6,-1,-1,-1,-1,6,E01015497,0,-1
2020480934972,2020,480934972,1,9,0,18,19,2,4,0,0,8,0,0,0,0,1,1,6,6,1,40,7,-1,-1,-1,-1,-1,-1,0,-1
2020201002728,2020,201002728,1,9,0,18,19,-1,-1,0,0,0,0,0,0,0,1,1,6,6,3,-1,-1,-1,-1,-1,-1,-1,-1,0,-1
202031D152420,2020,31D152420,1,9,0,14,14,1,5,0,0,1,0,0,0,0,0,1,6,6,3,-1,-1,-1,-1,-1,-1,-1,-1,0,-1
2020350978748,2020,350978748,2,1,0,18,19,5,1,4,4,0,0,0,0,0,1,1,5,6,2,73,10,-1,-1,-1,-1,6,E01017951,0,-1
2020137A91211,2020,137A91211,1,1,0,18,19,7,3,0,0,0,0,0,0,0,4,1,6,6,1,16,4,-1,-1,-1,-1,2,E01011370,0,-1
2020990964212,2020,990964212,1,1,0,18,19,6,2,0,0,1,0,0,0,0,1,1,2,2,2,40,7,-1,-1,-1,-1,2,-1,0,-1
2020332000879,2020,332000879,1,9,0,5,5,3,1,9,9,0,0,0,0,0,1,1,6,6,2,81,11,-1,-1,-1,-1,-1,-1,0,-1
2020010237658,2020,010237658,2,1,0,18,19,1,5,0,0,8,5,0,0,0,1,1,2,2,1,23,5,-1,-1,-1,-1,7,E01003039,0,-1
2020520001702,2020,520001702,2,9,0,18,19,7,3,0,0,8,0,0,0,0,1,1,6,6,1,71,10,-1,-1,-1,-1,8,E01029194,0,-1
2020500997959,2020,500997959,2,1,0,18,19,3,7,0,0,0,0,0,0,0,1,1,4,7,1,13,3,-1,-1,-1,-1,4,E01020012,0,-1
2020160978056,2020,160978056,1,9,0,18,19,7,3,0,0,0,0,0,0,0,2,1,5,6,1,32,6,-1,-1,-1,-1,1,E01012894,0,-1
2020200929126,2020,200929126,2,1,0,18,19,4,8,0,0,8,0,0,0,0,3,1,6,6,1,-1,-1,-1,-1,-1,-1,1,E01009390,0,-1
2020990970903,2020,990970903,3,9,0,2,2,0,0,0,0,0,0,0,0,0,1,1,6,6,3,-1,-1,-1,-1,-1,-1,-1,-1,0,-1
2020500953928,2020,500953928,2,1,0,18,19,1,5,0,0,0,0,0,0,0,1,1,6,6,2,24,5,-1,-1,-1,-1,8,E01020240,0,-1
2020991005514,2020,991005514,2,1,0,18,19,2,6,0,0,0,0,0,0,0,2,1,6,6,1,64,9,-1,-1,-1,-1,2,-1,0,-1
202031A069320,2020,31A069320,2,1,0,18,19,6,2,0,0,8,0,0,0,0,4,1,6,6,1,19,4,-1,-1,-1,-1,1,E01028268,0,-1
202063C079420,2020,63C079420,1,90,0,17,19,6,3,0,0,0,0,0,0,0,0,1,6,6,3,-1,-1,-1,-1,-1,-1,-1,-1,0,-1
2020052001537,2020,052001537,1,10,0,18,19,4,8,0,0,0,0,0,0,0,1,1,1,1,1,-1,-1,-1,-1,-1,-1,1,E01006481,0,-1
2020010240047,2020,010240047,1,9,0,18,19,3,7,0,0,8,0,0,0,0,1,1,6,6,3,-1,-1,-1,-1,-1,-1,-1,-1,0,-1
202006F272777,2020,06F272777,1,9,0,18,19,3,7,0,0,0,0,0,0,0,1,1,6,6,3,-1,-1,-1,-1,-1,-1,-1,-1,0,-1
2020460975633,2020,460975633,1,9,0,18,19,5,1,0,0,1,0,0,0,0,4,1,6,6,2,-1,-1,-1,-1,-1,-1,-1,-1,0,-1
2020010261252,2020,010261252,2,1,0,9,9,5,2,2,2,8,0,0,0,0,2,1,2,2,1,33,6,-1,-1,-1,-1,2,E01003021,0,-1
2020122000685,2020,122000685,1,1,0,17,19,7,3,0,0,0,1,0,0,0,1,1,6,6,1,28,6,-1,-1,-1,-1,9,E01027747,0,-1
2020010260466,2020,010260466,1,1,9,99,99,9,9,99,99,9,9,99,9,99,9,1,2,2,1,25,5,-1,-1,-1,-1,1,E01004318,0,-1
2020040974844,2020,040974844,1,9,0,13,13,1,5,0,0,1,0,0,0,0,1,1,6,6,3,59,9,-1,-1,-1,-1,-1,-1,0,-1
2020170L20640,2020,170L20640,3,1,0,18,19,7,3,0,0,0,0,0,0,0,3,1,6,6,1,33,6,-1,-1,-1,-1,1,E01012112,0,-1
2020170S40840,2020,170S40840,1,9,0,18,19,1,5,0,0,1,0,0,0,0,1,1,6,6,2,-1,-1,-1,-1,-1,-1,-1,-1,0,-1
2020010263313,2020,010263313,2,9,0,9,9,1,7,0,0,5,0,0,0,0,4,1,2,2,1,49,8,-1,-1,-1,-1,4,E01000316,0,-1
2020010285591,2020,010285591,3,19,0,2,2,0,0,0,0,0,0,0,0,0,0,1,6,6,3,-1,-1,-1,-1,-1,-1,-1,-1,0,-1
2020320286294,2020,320286294,1,1,0,18,19,4,2,0,0,6,0,0,0,0,0,1,6,6,1,31,6,-1,-1,-1,-1,7,E01026029,0,-1
2020361013501,2020,361013501,1,1,0,18,19,5,1,0,0,0,1,0,0,0,-1,1,6,6,1,69,10,-1,-1,-1,-1,4,E01026729,0,-1
2020160933167,2020,160933167,2,1,0,9,9,6,3,0,0,8,0,0,0,0,3,1,6,6,1,10,2,-1,-1,-1,-1,5,E01033414,0,-1
2020460944798,2020,460944798,2,1,0,18,19,-1,-1,0,0,0,0,0,0,0,2,1,5,6,1,13,3,-1,-1,-1,-1,10,E01016051,0,-1
2020010253363,2020,010253363,1,4,0,5,5,1,5,0,0,1,0,0,0,0,1,-1,6,6,1,-1,-1,-1,-1,-1,-1,-1,-1,0,-1
2020040996184,2020,040996184,2,9,0,18,19,7,3,0,0,1,0,0,0,0,4,1,5,6,1,25,5,-1,-1,-1,-1,5,E01025331,0,-1
202006K266910,2020,06K266910,2,9,0,18,19,4,8,0,0,8,0,0,0,0,1,1,6,6,1,55,8,-1,-1,-1,-1,8,E01024939,0,-1
2020430223520,2020,430223520,2,8,0,4,4,3,1,0,0,0,1,0,7,11,2,1,1,1,1,54,8,-1,-1,-1,-1,9,E01016432,0,-1
2020990977188,2020,990977188,2,1,0,5,5,1,3,0,0,0,0,0,0,0,3,1,5,6,1,4,1,-1,-1,-1,-1,4,-1,0,-1
2020010253026,2020,010253026,2,1,0,18,19,2,6,4,4,1,0,0,0,0,1,-1,6,6,1,39,7,-1,-1,-1,-1,1,E01001787,0,-1
2020410966501,2020,410966501,2,1,0,18,19,2,6,9,9,0,0,0,0,0,1,1,6,6,1,-1,-1,-1,-1,-1,-1,6,E01023952,0,-1
2020052001730,2020,052001730,1,9,0,18,19,6,2,0,0,8,0,0,0,0,4,1,6,6,3,-1,-1,-1,-1,-1,-1,-1,-1,0,-1
2020440453246,2020,440453246,1,1,0,14,14,6,2,0,0,8,0,4,0,0,1,1,6,6,2,34,6,-1,-1,-1,-1,-1,-1,0,-1
202060Y016105,2020,60Y016105,2,98,0,2,2,0,0,0,0,0,0,0,0,0,2,2,1,1,1,55,8,-1,-1,-1,-1,-1,-1,0,-1
2020420936389,2020,420936389,2,22,0,1,1,1,5,9,9,0,0,0,0,0,0,1,3,7,2,67,10,-1,-1,-1,-1,1,E01022026,0,-1
202006E271887,2020,06E271887,2,1,0,18,19,1,5,0,0,0,1,0,0,0,3,1,6,6,1,34,6,-1,-1,-1,-1,3,E01005297,0,-1
2020370985643,2020,370985643,2,1,0,18,19,7,3,0,0,0,0,0,0,0,4,1,5,6,2,17,4,-1,-1,-1,-1,6,E01030273,0,-1
2020010259752,2020,010259752,1,1,9,99,99,9,9,99,99,9,9,99,9,99,1,1,6,6,1,32,6,-1,-1,-1,-1,2,E01004238,0,-1
2020200947410,2020,200947410,2,9,0,7,7,7,1,0,0,1,0,0,0,0,1,1,6,6,3,-1,-1,-1,-1,-1,-1,-1,-1,0,-1
2020070549328,2020,070549328,1,9,0,2,2,0,0,0,0,0,0,0,0,0,3,1,6,6,2,-1,-1,-1,-1,-1,-1,-1,-1,0,-1
2020160980189,2020,160980189,4,98,0,2,2,0,0,0,0,0,0,0,0,0,2,1,6,6,3,-1,-1,-1,-1,-1,-1,-1,-1,0,-1
2020010268466,2020,010268466,2,1,0,15,15,7,3,2,2,0,5,4,0,0,1,1,2,2,1,32,6,-1,-1,-1,-1,2,E01004686,0,-1
2020140945879,2020,140945879,1,1,0,18,19,5,1,0,0,0,0,0,0,0,2,1,5,6,1,20,4,-1,-1,-1,-1,2,E01007697,0,-1
2020430032309,2020,430032309,2,1,0,18,19,3,7,0,0,8,0,0,0,0,2,1,6,6,1,19,4,-1,-1,-1,-1,5,E01028588,0,-1
2020990953130,2020,990953130,2,1,0,18,19,7,3,0,0,1,0,0,0,0,3,1,5,6,1,39,7,-1,-1,-1,-1,9,-1,0,-1
2020031009398,2020,031009398,3,9,0,2,2,0,0,0,0,1,0,4,0,0,4,1,6,6,3,-1,-1,-1,-1,-1,-1,-1,-1,0,-1
2020470969941,2020,470969941,2,9,0,2,2,0,0,0,0,0,0,0,0,0,4,1,6,6,3,-1,-1,-1,-1,-1,-1,-1,-1,0,-1
2020370949624,2020,370949624,2,1,0,5,5,7,3,0,0,4,0,0,0,0,1,1,5,6,1,14,3,-1,-1,-1,-1,3,E01029918,0,-1
2020010266350,2020,010266350,1,1,9,99,99,9,9,99,99,0,9,99,9,99,9,1,2,2,1,25,5,-1,-1,-1,-1,4,E01004580,0,-1
2020140966828,2020,140966828,2,1,0,18,19,3,7,0,0,0,0,0,0,0,4,1,6,6,2,63,9,-1,-1,-1,-1,9,E01007601,0,-1
2020200955625,2020,200955625,1,9,0,11,11,3,7,0,0,0,0,0,0,0,1,1,6,6,3,-1,-1,-1,-1,-1,-1,-1,-1,0,-1
2020360942163,2020,360942163,2,1,0,18,19,5,1,0,0,0,0,0,0,0,1,1,5,6,2,8,2,-1,-1,-1,-1,4,E01026884,0,-1
2020010277314,2020,010277314,2,1,0,4,4,3,7,9,9,6,0,0,0,0,1,1,2,2,1,28,6,-1,-1,-1,-1,4,E01003448,0,-1
2020440211336,2020,440211336,2,1,0,18,19,1,5,0,0,8,0,0,0,0,1,1,2,2,1,43,7,-1,-1,-1,-1,4,E01017278,0,-1
2020010260108,2020,010260108,2,1,0,18,19,7,3,0,0,0,0,0,1,0,1,1,2,2,2,31,6,-1,-1,-1,-1,3,E01003171,0,-1
2020030993490,2020,030993490,1,9,0,18,19,7,3,0,0,1,0,0,0,0,1,1,2,2,1,25,5,-1,-1,-1,-1,7,E01019134,0,-1
2020421009625,2020,421009625,2,1,0,5,5,7,3,0,0,0,0,0,0,0,3,1,3,7,1,13,3,-1,-1,-1,-1,8,E01021690,0,-1
202060Y109739,2020,60Y109739,2,9,0,4,4,4,8,0,0,5,0,0,0,0,2,1,6,6,1,57,9,-1,-1,-1,-1,-1,-1,0,-1
2020070472704,2020,070472704,1,1,0,18,19,2,6,0,0,0,0,0,0,0,3,1,6,6,1,80,11,-1,-1,-1,-1,8,E01011109,0,-1
2020440257826,2020,440257826,2,9,0,4,4,1,5,0,0,1,0,0,0,0,2,1,6,6,2,51,8,-1,-1,-1,-1,7,E01017017,0,-1
2020040927273,2020,040927273,1,9,0,18,19,1,1,0,0,0,1,0,0,0,1,2,5,6,1,26,6,-1,-1,-1,-1,6,E01025412,0,-1
2020420995875,2020,420995875,1,21,1,12,12,7,3,0,0,0,0,0,0,0,3,1,1,1,1,27,6,-1,-1,-1,-1,-1,-1,0,-1
2020450935303,2020,450935303,1,90,0,18,19,3,7,0,0,0,0,0,0,0,1,1,6,6,3,44,7,-1,-1,-1,-1,-1,-1,0,-1
2020010234574,2020,010234574,2,1,0,18,19,7,3,0,0,8,5,0,0,0,3,1,6,6,2,56,9,-1,-1,-1,-1,3,E01004698,0,-1
2020450978327,2020,450978327,1,9,0,17,19,7,3,0,0,1,0,0,0,0,1,1,5,6,1,21,5,-1,-1,-1,-1,9,E01002359,0,-1
2020360991816,2020,360991816,2,1,0,18,19,1,5,0,0,8,0,0,0,0,1,1,2,2,1,60,9,-1,-1,-1,-1,10,E01026811,0,-1
2020110994356,2020,110994356,2,1,0,18,19,2,6,0,0,0,0,0,0,0,2,1,5,6,1,57,9,-1,-1,-1,-1,6,E01001236,0,-1
2020010255935,2020,010255935,1,1,9,99,99,9,9,99,99,9,9,99,9,99,1,1,6,6,1,35,6,-1,-1,-1,-1,7,E01003283,0,-1
2020340N07912,2020,340N07912,3,9,0,7,7,1,3,0,0,6,0,0,0,0,0,1,6,6,3,-1,-1,-1,-1,-1,-1,-1,-1,0,-1
2020320549017,2020,320549017,2,9,0,18,19,4,8,0,0,8,0,0,0,0,1,1,2,2,1,56,9,-1,-1,-1,-1,5,E01026210,0,-1
2020471011242,2020,471011242,5,-1,0,18,19,5,1,0,0,2,0,0,0,0,0,1,6,6,3,-1,-1,-1,-1,-1,-1,-1,-1,1,-1
2020010268895,2020,010268895,2,1,0,15,15,3,7,0,0,1,0,0,0,0,4,1,6,6,1,34,6,-1,-1,-1,-1,2,E01001757,0,-1
2020040966278,2020,040966278,1,1,0,7,7,3,7,0,0,0,0,0,0,0,1,1,6,6,1,17,4,-1,-1,-1,-1,-1,-1,0,-1
2020010270279,2020,010270279,2,23,0,18,19,5,1,0,0,1,0,0,0,0,1,1,1,1,1,37,7,-1,-1,-1,-1,2,E01002080,0,-1
2020471008600,2020,471008600,2,9,0,2,2,0,0,0,0,0,0,0,0,0,3,1,6,6,3,-1,-1,-1,-1,-1,-1,-1,-1,0,-1
2020460931335,2020,460931335,1,9,0,7,7,7,1,0,0,1,0,0,0,0,1,1,2,2,2,-1,-1,-1,-1,-1,-1,-1,-1,0,-1
2020332000398,2020,332000398,2,9,0,18,19,5,1,0,0,1,1,7,4,7,2,1,6,6,1,20,4,-1,-1,-1,-1,4,E01013750,0,-1
2020122001147,2020,122001147,2,1,0,18,19,1,5,0,0,2,0,0,0,0,1,1,2,2,2,31,6,-1,-1,-1,-1,3,E01013399,0,-1
2020400943890,2020,400943890,1,9,4,11,11,6,2,0,0,2,0,0,0,0,3,1,5,6,1,26,6,-1,-1,-1,-1,6,E01017554,0,-1
2020010259149,2020,010259149,2,1,0,18,19,5,1,0,0,8,0,0,0,0,1,1,6,6,1,30,6,-1,-1,-1,-1,8,E01002230,0,-1
2020460982430,2020,460982430,1,9,0,18,19,7,3,0,0,0,1,0,1,0,1,1,5,6,1,-1,-1,-1,-1,-1,-1,10,E01024838,0,-1
2020350970618,2020,350970618,2,9,0,18,19,1,4,0,0,0,0,0,0,0,2,1,5,6,1,45,7,-1,-1,-1,-1,1,E01015642,0,-1
2020440373869,2020,440373869,1,9,0,18,19,4,8,0,0,1,0,0,0,0,1,1,6,6,1,67,10,-1,-1,-1,-1,5,E01023201,0,-1
202060Y102346,2020,60Y102346,1,9,0,18,19,6,2,0,0,0,0,0,0,0,1,1,6,6,1,27,6,-1,-1,-1,-1,-1,-1,0,-1
2020160952609,2020,160952609,1,1,0,5,5,0,4,0,0,0,0,0,0,0,2,1,6,6,1,25,5,-1,-1,-1,-1,1,E01012808,0,-1
2020010275771,2020,010275771,2,1,0,18,19,5,1,0,0,8,0,0,0,0,2,1,1,1,1,40,7,-1,-1,-1,-1,1,E01000508,0,-1
2020040990370,2020,040990370,2,1,0,7,7,5,3,0,0,8,0,0,0,0,0,1,6,6,1,67,10,-1,-1,-1,-1,9,E01025558,0,-1
2020052001331,2020,052001331,1,9,0,18,19,1,5,0,0,0,0,0,0,0,1,1,6,6,3,-1,-1,-1,-1,-1,-1,-1,-1,0,-1
2020430283909,2020,430283909,1,5,0,18,19,8,4,0,0,0,0,0,1,4,1,1,6,6,1,28,6,-1,-1,-1,-1,8,E01023837,0,-1
2020461014134,2020,461014134,2,1,0,18,19,7,3,9,9,0,0,0,0,0,1,1,5,6,2,71,10,-1,-1,-1,-1,5,E01024577,0,-1
2020410953374,2020,410953374,2,1,0,17,19,4,1,0,0,1,0,0,0,0,1,1,6,6,1,40,7,-1,-1,-1,-1,3,E01026823,0,-1
2020420944886,2020,420944886,4,9,0,18,19,8,4,0,0,0,0,0,0,0,1,1,6,6,1,47,8,-1,-1,-1,-1,2,E01020805,0,-1
202060Y144268,2020,60Y144268,1,3,0,17,19,4,8,0,0,0,2,10,1,0,1,1,6,6,1,36,7,-1,-1,-1,-1,-1,-1,0,-1
2020137910214,2020,137910214,1,17,0,18,19,7,3,0,0,0,0,0,0,0,1,1,6,6,1,-1,-1,-1,-1,-1,-1,-1,-1,0,-1
2020200924107,2020,200924107,1,9,0,18,19,-1,-1,0,0,0,0,4,0,0,1,1,6,6,3,-1,-1,-1,-1,-1,-1,-1,-1,0,-1
2020010267624,2020,010267624,1,1,0,99,99,9,9,0,0,4,0,0,0,0,9,1,6,6,1,-1,-1,-1,-1,-1,-1,-1,-1,0,-1
2020460922508,2020,460922508,1,19,0,4,4,5,1,0,0,0,0,0,0,0,1,1,6,6,1,37,7,-1,-1,-1,-1,8,E01023983,0,-1
2020010258151,2020,010258151,2,9,0,7,7,3,6,99,99,8,9,0,9,99,4,1,6,6,3,-1,-1,-1,-1,-1,-1,-1,-1,0,-1
2020332000828,2020,332000828,1,9,0,18,19,3,7,0,0,1,0,0,0,0,1,1,6,6,1,38,7,-1,-1,-1,-1,6,E01032863,0,-1
2020500962498,2020,500962498,2,9,0,18,19,4,8,0,0,1,0,0,0,0,2,1,6,6,1,39,7,-1,-1,-1,-1,6,E01020493,0,-1
2020231003220,2020,231003220,2,1,0,18,19,1,5,0,0,0,0,0,1,0,2,1,5,6,2,44,7,-1,-1,-1,-1,7,E01031293,0,-1
2020302000640,2020,302000640,1,9,0,1,1,8,2,0,0,8,0,0,0,0,0,1,6,6,3,-1,-1,-1,-1,-1,-1,5,E01019456,0,-1
2020340S04482,2020,340S04482,2,9,0,6,6,5,1,8,6,0,0,0,0,0,3,1,6,6,1,44,7,-1,-1,-1,-1,7,E01016840,0,-1
2020430089242,2020,430089242,2,98,0,9,9,8,6,0,0,6,0,0,0,0,1,1,6,6,3,-1,-1,-1,-1,-1,-1,-1,-1,0,-1
2020010268668,2020,010268668,2,19,9,99,99,9,9,99,99,0,9,99,9,99,9,9,6,6,3,-1,-1,-1,-1,-1,-1,1,E01024612,0,-1
2020332000915,2020,332000915,2,9,0,18,19,5,1,0,0,0,0,0,0,0,1,1,6,6,3,-1,-1,-1,-1,-1,-1,-1,-1,0,-1
2020070699640,2020,070699640,2,1,0,18,19,7,3,0,0,1,0,0,0,0,4,1,6,6,1,26,6,-1,-1,-1,-1,7,E01012561,0,-1
202060Y034563,2020,60Y034563,1,9,0,13,13,6,2,0,0,0,0,0,0,0,1,1,6,6,1,43,7,-1,-1,-1,-1,-1,-1,0,-1
2020137AS1008,2020,137AS1008,2,1,0,5,5,1,5,2,2,0,0,0,0,0,2,1,1,1,1,33,6,-1,-1,-1,-1,1,E01011729,0,-1
2020201001757,2020,201001757,2,9,0,4,4,7,3,0,0,8,0,0,0,0,1,1,6,6,3,-1,-1,-1,-1,-1,-1,-1,-1,0,-1
202060Y009782,2020,60Y009782,1,9,0,1,1,2,6,0,0,0,0,0,0,0,2,1,6,6,1,76,11,-1,-1,-1,-1,-1,-1,0,-1
2020440417297,2020,440417297,1,1,0,15,15,7,3,0,0,0,0,0,0,0,1,1,6,6,1,21,5,-1,-1,-1,-1,3,E01017079,0,-1
2020522004734,2020,522004734,1,1,0,18,19,1,5,0,0,8,0,0,0,0,1,1,6,6,1,30,6,-1,-1,-1,-1,8,E01014894,0,-1
2020500995722,2020,500995722,6,9,0,2,2,0,0,0,0,0,0,0,0,0,4,1,5,6,1,70,10,-1,-1,-1,-1,4,E01020032,0,-1
2020450963978,2020,450963978,1,98,0,18,19,3,1,0,0,1,0,0,0,0,4,1,1,1,2,44,7,-1,-1,-1,-1,7,E01030652,0,-1
2020400989986,2020,400989986,2,1,0,18,19,-1,-1,0,0,8,0,0,0,0,1,1,6,6,1,56,9,-1,-1,-1,-1,3,E01015785,0,-1
2020350980867,2020,350980867,1,1,0,18,19,3,7,0,0,0,2,0,0,0,4,1,6,6,2,20,4,-1,-1,-1,-1,9,E01018148,0,-1