collision_index,collision_year,collision_ref_no,vehicle_reference,vehicle_type,towing_and_articulation,vehicle_manoeuvre_historic,vehicle_manoeuvre,vehicle_direction_from,vehicle_direction_to,vehicle_location_restricted_lane_historic,vehicle_location_restricted_lane,junction_location,skidding_and_overturning,hit_object_in_carriageway,vehicle_leaving_carriageway,hit_object_off_carriageway,first_point_of_impact,vehicle_left_hand_drive,journey_purpose_of_driver_historic,journey_purpose_of_driver,sex_of_driver,age_of_driver,age_band_of_driver,engine_capacity_cc,propulsion_code,age_of_vehicle,generic_make_model,driver_imd_decile,lsoa_of_driver,escooter_flag,driver_distance_banding
2020010235427,2020,010235427,1,9,0,18,19,3,7,0,0,0,0,0,0,0,1,1,6,6,1,-1,-1,-1,-1,-1,-1,-1,-1,0,-1
2020440014124,2020,440014124,2,9,0,18,19,6,2,0,0,8,1,0,5,6,1,1,6,6,1,76,11,-1,-1,-1,-1,9,E01022943,0,-1
2020332000284,2020,332000284,2,3,0,18,19,1,5,0,0,8,0,0,0,0,1,1,6,6,1,33,6,-1,-1,-1,-1,4,E01013614,0,-1
2020546598520,2020,546598520,2,9,0,3,3,6,2,0,0,1,0,0,0,0,2,1,6,6,2,52,8,-1,-1,-1,-1,10,E01032072,0,-1
2020052001455,2020,052001455,1,9,0,6,6,5,5,0,0,0,0,0,0,0,1,1,6,6,3,-1,-1,-1,-1,-1,-1,-1,-1,0,-1
2020201022072,2020,201022072,2,1,0,3,3,7,3,0,0,1,0,0,0,0,3,1,6,6,1,17,4,-1,-1,-1,-1,1,E01009339,0,-1
2020450949468,2020,450949468,1,1,0,18,19,4,7,9,9,0,0,0,0,0,4,1,5,6,2,43,7,-1,-1,-1,-1,5,E01030739,0,-1
2020010261542,2020,010261542,2,9,0,99,99,9,9,99,99,9,9,99,9,99,9,9,6,6,3,-1,-1,-1,-1,-1,-1,-1,-1,0,-1
2020520002141,2020,520002141,1,9,0,18,19,3,7,0,0,0,0,0,0,0,3,1,6,6,3,-1,-1,-1,-1,-1,-1,-1,-1,0,-1
2020010243171,2020,010243171,1,1,9,99,99,9,9,99,99,9,9,99,9,99,2,1,2,2,1,20,4,-1,-1,-1,-1,3,E01002781,0,-1
2020100914975,2020,100914975,2,97,0,18,19,5,1,0,0,0,0,0,7,0,0,1,6,6,1,20,4,-1,-1,-1,-1,-1,-1,0,-1
2020122001009,2020,122001009,1,1,0,18,19,7,3,9,9,0,1,0,0,0,0,1,6,6,1,13,3,-1,-1,-1,-1,9,E01013408,0,-1
2020040947162,2020,040947162,2,1,0,18,19,8,2,0,0,2,0,0,0,0,2,1,5,6,1,48,8,-1,-1,-1,-1,9,E01006173,0,-1
2020430030867,2020,430030867,2,1,0,18,19,5,1,4,4,8,0,0,0,0,1,1,2,2,2,36,7,-1,-1,-1,-1,10,E01032554,0,-1
2020500929300,2020,500929300,1,9,0,18,19,3,7,0,0,1,0,0,0,0,1,1,2,2,1,39,7,-1,-1,-1,-1,7,E01015138,0,-1
2020440147892,2020,440147892,2,1,0,17,19,6,2,0,0,8,0,0,0,0,2,1,6,6,2,63,9,-1,-1,-1,-1,7,E01023031,0,-1
2020040950126,2020,040950126,1,97,0,17,19,5,1,9,9,0,0,0,0,0,1,1,6,6,1,27,6,-1,-1,-1,-1,9,E01024901,0,-1
2020010256492,2020,010256492,2,9,0,99,99,9,9,99,99,1,9,99,9,99,3,9,6,6,3,-1,-1,-1,-1,-1,-1,-1,-1,0,-1
2020010256869,2020,010256869,1,1,9,99,99,9,9,99,99,9,9,99,9,99,9,1,2,2,1,31,6,-1,-1,-1,-1,-1,-1,0,-1
2020201015539,2020,201015539,2,1,0,18,19,2,6,0,0,8,0,0,0,0,1,1,6,6,3,47,8,-1,-1,-1,-1,2,E01010314,0,-1
2020140928436,2020,140928436,2,9,0,2,2,0,0,0,0,0,0,0,0,0,2,1,6,6,3,-1,-1,-1,-1,-1,-1,-1,-1,0,-1
2020470997228,2020,470997228,2,1,0,9,9,7,5,0,0,8,0,0,0,0,4,1,6,6,1,36,7,-1,-1,-1,-1,-1,-1,0,-1
2020430346854,2020,430346854,1,98,0,18,19,8,4,0,0,0,0,0,0,0,3,1,1,1,1,-1,-1,-1,-1,-1,-1,-1,-1,0,-1
2020010286660,2020,010286660,2,1,0,18,19,7,3,4,4,1,0,0,0,0,3,1,6,6,2,16,4,-1,-1,-1,-1,2,E01003044,0,-1
2020010247927,2020,010247927,2,1,0,18,19,2,6,0,0,1,0,0,0,0,1,1,6,6,2,35,6,-1,-1,-1,-1,3,E01032583,0,-1
2020332000993,2020,332000993,1,9,0,18,19,8,4,0,0,0,5,0,7,11,1,1,6,6,1,24,5,-1,-1,-1,-1,8,E01025960,0,-1
2020210936185,2020,210936185,1,9,0,18,19,1,5,0,0,0,0,0,0,0,1,1,2,2,2,20,4,-1,-1,-1,-1,7,E01029463,0,-1
2020010272763,2020,010272763,2,8,0,5,5,7,3,0,0,0,0,0,0,0,2,1,6,6,3,-1,-1,-1,-1,-1,-1,-1,-1,0,-1
202060Y027273,2020,60Y027273,1,9,0,18,19,7,3,0,0,0,0,0,0,0,1,1,6,6,2,33,6,-1,-1,-1,-1,-1,-1,0,-1
2020140979435,2020,140979435,2,1,0,18,19,1,5,0,0,1,5,0,1,0,1,1,6,6,1,13,3,-1,-1,-1,-1,1,E01008116,0,-1
2020548021020,2020,548021020,2,1,0,18,19,4,8,0,0,3,0,0,0,0,4,1,2,2,1,36,7,-1,-1,-1,-1,3,E01032115,0,-1
2020160969245,2020,160969245,1,9,0,7,7,7,1,0,0,6,0,0,0,0,1,1,6,6,1,-1,-1,-1,-1,-1,-1,6,E01012771,0,-1
2020990922665,2020,990922665,5,9,0,7,7,7,2,0,0,2,0,0,0,0,0,1,6,6,3,30,6,-1,-1,-1,-1,-1,-1,0,-1
2020541591520,2020,541591520,1,9,0,7,7,2,7,0,0,4,0,0,0,0,4,1,6,6,3,-1,-1,-1,-1,-1,-1,-1,-1,0,-1
2020010280485,2020,010280485,1,1,0,4,4,6,2,0,0,0,0,0,0,0,0,1,6,6,1,25,5,-1,-1,-1,-1,2,E01004008,0,-1
2020350971122,2020,350971122,1,9,0,18,19,4,5,0,0,0,1,0,0,0,1,1,5,6,1,-1,-1,-1,-1,-1,-1,10,E01018282,0,-1
2020302000740,2020,302000740,3,1,0,18,19,8,4,0,0,0,0,0,0,0,2,1,6,6,1,18,4,-1,-1,-1,-1,8,E01006383,0,-1
2020522003267,2020,522003267,1,1,0,18,19,7,3,0,0,8,0,0,0,0,0,1,6,6,1,57,9,-1,-1,-1,-1,8,E01032044,0,-1
2020420957397,2020,420957397,1,1,0,5,5,3,7,0,0,1,0,0,0,0,4,1,5,6,2,33,6,-1,-1,-1,-1,3,E01021687,0,-1
2020421008665,2020,421008665,2,1,0,9,9,7,5,0,0,8,0,0,0,0,4,1,6,6,1,30,6,-1,-1,-1,-1,6,E01033723,0,-1
2020140945514,2020,140945514,3,9,0,2,2,0,0,0,0,0,0,0,0,0,3,1,6,6,3,-1,-1,-1,-1,-1,-1,-1,-1,0,-1
2020332000599,2020,332000599,1,17,0,18,19,4,8,0,0,0,0,0,0,0,1,1,2,2,1,67,10,-1,-1,-1,-1,7,E01025888,0,-1
202063A049720,2020,63A049720,1,9,0,16,19,4,7,0,0,1,0,0,1,1,1,1,6,6,1,31,6,-1,-1,-1,-1,9,W01000710,0,-1
2020010229835,2020,010229835,1,1,9,99,99,9,9,99,99,9,9,99,9,99,9,1,6,6,1,42,7,-1,-1,-1,-1,9,E01002464,0,-1
2020400979639,2020,400979639,1,9,0,18,19,4,2,0,0,0,0,0,0,0,1,1,6,6,3,-1,-1,-1,-1,-1,-1,-1,-1,0,-1
2020111018606,2020,111018606,3,11,0,4,4,2,6,0,0,0,0,0,0,0,0,1,1,1,1,40,7,-1,-1,-1,-1,4,E01033543,0,-1
2020990956248,2020,990956248,2,1,0,18,19,8,4,0,0,2,0,0,0,0,1,1,5,6,1,44,7,-1,-1,-1,-1,1,-1,0,-1
2020010257815,2020,010257815,2,9,0,99,99,9,9,99,99,9,9,99,9,99,9,9,6,6,3,-1,-1,-1,-1,-1,-1,-1,-1,0,-1
2020420950182,2020,420950182,2,1,0,16,19,5,1,0,0,0,0,0,0,0,1,1,5,6,1,10,2,-1,-1,-1,-1,8,E01021801,0,-1
2020122001116,2020,122001116,2,9,0,9,9,3,1,0,0,8,0,0,0,0,1,1,6,6,2,54,8,-1,-1,-1,-1,6,E01027600,0,-1
2020440178559,2020,440178559,1,19,0,9,9,4,2,0,0,8,0,0,0,0,1,1,1,1,3,-1,-1,-1,-1,-1,-1,-1,-1,0,-1
2020010268599,2020,010268599,2,19,0,99,99,9,9,99,99,9,9,99,9,99,1,9,6,6,3,-1,-1,-1,-1,-1,-1,-1,-1,0,-1
2020332000511,2020,332000511,1,19,0,18,19,7,3,0,0,6,0,0,7,11,3,1,6,6,3,-1,-1,-1,-1,-1,-1,-1,-1,0,-1
2020530969113,2020,530969113,1,1,0,18,19,1,5,0,0,8,5,0,0,0,1,1,5,6,1,28,6,-1,-1,-1,-1,3,E01022320,0,-1
2020400985307,2020,400985307,1,1,0,18,19,5,1,0,0,0,5,0,0,0,3,1,6,6,1,-1,-1,-1,-1,-1,-1,-1,-1,0,-1
2020430163129,2020,430163129,1,9,0,18,19,1,5,0,0,2,0,0,0,0,1,1,6,6,1,47,8,-1,-1,-1,-1,-1,-1,0,-1
2020140935856,2020,140935856,1,9,0,18,19,1,2,0,0,0,0,0,0,0,4,1,1,1,1,48,8,-1,-1,-1,-1,3,E01007632,0,-1
2020010244961,2020,010244961,1,1,9,99,99,9,9,99,99,9,9,99,9,99,9,1,6,6,1,39,7,-1,-1,-1,-1,10,E01001475,0,-1
2020010255396,2020,010255396,1,1,9,99,99,9,9,99,99,9,9,99,9,99,1,-1,6,6,1,30,6,-1,-1,-1,-1,-1,-1,0,-1
2020010243049,2020,010243049,1,1,9,15,15,3,7,0,0,1,5,0,0,99,3,1,6,6,1,29,6,-1,-1,-1,-1,1,E01004316,0,-1
2020100990067,2020,100990067,2,1,0,18,19,1,5,0,0,0,0,0,0,0,1,1,4,7,1,11,3,-1,-1,-1,-1,2,E01008456,0,-1
2020990958606,2020,990958606,2,9,0,2,2,0,0,0,0,0,0,0,0,0,3,1,6,6,3,-1,-1,-1,-1,-1,-1,-1,-1,0,-1
202060Y134933,2020,60Y134933,2,2,0,18,19,8,4,0,0,0,0,0,0,0,2,1,6,6,1,17,4,-1,-1,-1,-1,-1,-1,0,-1
2020010251575,2020,010251575,2,1,0,18,19,5,1,0,0,1,0,0,0,0,1,-1,6,6,1,40,7,-1,-1,-1,-1,2,E01002086,0,-1
2020010257779,2020,010257779,2,98,0,5,5,5,1,0,0,8,0,0,0,0,0,1,6,6,3,-1,-1,-1,-1,-1,-1,-1,-1,0,-1
2020430071211,2020,430071211,2,5,0,3,3,5,1,0,0,0,0,12,0,0,2,1,6,6,2,38,7,-1,-1,-1,-1,9,E01032953,0,-1
2020552100091,2020,552100091,2,1,0,18,19,6,2,0,0,1,0,0,0,0,1,1,1,1,1,47,8,-1,-1,-1,-1,3,E01015308,0,-1
2020350930871,2020,350930871,2,1,0,17,19,7,3,0,0,8,1,0,0,0,1,1,2,2,1,38,7,-1,-1,-1,-1,10,E01033425,0,-1
2020010247291,2020,010247291,2,11,0,99,99,9,9,99,99,9,9,99,9,99,9,9,6,6,3,30,6,-1,-1,-1,-1,-1,-1,0,-1
2020010250127,2020,010250127,2,1,9,99,99,9,9,99,99,9,9,99,9,99,2,1,6,6,3,-1,-1,-1,-1,-1,-1,-1,-1,0,-1
2020010280012,2020,010280012,1,3,0,18,19,3,7,0,0,1,0,0,0,0,4,1,1,1,1,23,5,-1,-1,-1,-1,1,E01001655,0,-1
202031D157620,2020,31D157620,1,1,0,9,9,1,7,0,0,5,1,0,0,0,0,1,6,6,1,37,7,-1,-1,-1,-1,10,E01028388,0,-1
2020990970959,2020,990970959,1,1,0,18,19,1,5,0,0,0,0,0,7,9,1,1,5,6,2,30,6,-1,-1,-1,-1,3,-1,0,-1
2020010275853,2020,010275853,2,9,9,99,99,9,9,99,99,9,9,99,9,99,9,1,6,6,1,-1,-1,-1,-1,-1,-1,-1,-1,0,-1
2020010266170,2020,010266170,1,1,9,99,99,9,9,99,99,9,9,99,9,99,9,1,6,6,1,49,8,-1,-1,-1,-1,4,E01001150,0,-1
2020010256913,2020,010256913,2,-1,0,18,19,1,5,0,0,1,0,0,0,0,1,1,1,1,1,33,6,-1,-1,-1,-1,2,E01000952,1,-1
2020230968833,2020,230968833,1,9,0,18,19,5,1,0,0,6,0,0,0,0,4,1,5,6,2,40,7,-1,-1,-1,-1,-1,-1,0,-1
20201376O1771,2020,1376O1771,2,90,0,18,19,5,1,0,0,0,0,0,0,0,1,1,6,6,2,11,3,-1,-1,-1,-1,5,E01012405,0,-1
2020421010575,2020,421010575,1,9,0,18,19,1,5,0,0,3,0,0,0,0,1,1,6,6,3,-1,-1,-1,-1,-1,-1,-1,-1,0,-1
2020991001913,2020,991001913,2,1,0,18,19,3,7,0,0,0,0,0,0,0,4,1,6,6,1,47,8,-1,-1,-1,-1,2,-1,0,-1
2020040968869,2020,040968869,2,1,0,17,19,7,3,0,0,8,0,0,0,0,1,1,5,6,1,57,9,-1,-1,-1,-1,10,E01025464,0,-1
2020010286407,2020,010286407,2,1,0,18,19,8,4,0,0,8,0,0,0,0,3,1,6,6,1,12,3,-1,-1,-1,-1,2,E01001812,0,-1
2020010237143,2020,010237143,2,1,0,18,19,5,1,0,0,1,0,0,1,10,3,-1,6,6,1,25,5,-1,-1,-1,-1,2,E01003313,0,-1
2020430412397,2020,430412397,1,1,0,9,9,2,8,0,0,8,0,0,0,0,4,1,2,2,2,19,4,-1,-1,-1,-1,10,E01032761,0,-1
2020522000030,2020,522000030,2,9,0,12,12,3,7,0,0,2,0,0,0,0,3,1,6,6,3,-1,-1,-1,-1,-1,-1,-1,-1,0,-1
2020201000297,2020,201000297,2,9,0,2,2,8,8,9,9,0,0,0,0,0,1,1,6,6,3,-1,-1,-1,-1,-1,-1,-1,-1,0,-1
202006G170763,2020,06G170763,1,1,0,18,19,5,1,9,9,8,0,0,0,0,1,1,6,6,1,11,3,-1,-1,-1,-1,2,E01005946,0,-1
2020122000527,2020,122000527,1,19,0,7,7,5,7,0,0,1,0,0,0,0,1,1,1,1,3,-1,-1,-1,-1,-1,-1,-1,-1,0,-1
2020010232501,2020,010232501,2,9,0,18,19,7,3,0,0,2,0,0,0,0,1,1,6,6,3,-1,-1,-1,-1,-1,-1,-1,-1,0,-1
2020430217411,2020,430217411,2,1,0,18,19,1,5,0,0,5,0,0,0,0,1,1,6,6,1,15,3,-1,-1,-1,-1,-1,-1,0,-1
2020990955721,2020,990955721,2,1,0,18,19,8,4,0,0,8,0,0,0,0,1,1,2,2,1,53,8,-1,-1,-1,-1,10,-1,0,-1
2020549188320,2020,549188320,1,9,0,18,19,7,3,0,0,1,0,0,0,0,0,1,6,6,1,25,5,-1,-1,-1,-1,7,E01032116,0,-1
2020010263673,2020,010263673,2,9,0,10,10,1,6,0,0,1,0,0,0,0,0,1,6,6,3,-1,-1,-1,-1,-1,-1,-1,-1,0,-1
2020010274640,2020,010274640,2,1,0,18,19,5,1,0,0,1,0,0,0,0,1,1,1,1,1,30,6,-1,-1,-1,-1,3,E01003391,0,-1
2020052000975,2020,052000975,1,9,0,13,13,5,1,0,0,0,0,0,0,0,0,1,6,6,3,-1,-1,-1,-1,-1,-1,-1,-1,0,-1
20201378R0565,2020,1378R0565,2,1,0,18,19,7,3,0,0,8,0,0,0,0,4,1,6,6,1,52,8,-1,-1,-1,-1,1,E01011625,0,-1
2020010232398,2020,010232398,1,9,0,18,19,5,1,0,0,0,0,4,0,0,1,1,6,6,2,80,11,-1,-1,-1,-1,9,E01000698,0,-1
2020420995246,2020,420995246,1,9,0,5,5,5,1,0,0,4,0,0,0,0,1,1,2,2,1,29,6,-1,-1,-1,-1,5,E01021426,0,-1
2020542937720,2020,542937720,2,1,0,18,19,7,3,0,0,0,0,0,0,0,1,1,6,6,2,14,3,-1,-1,-1,-1,7,E01031850,0,-1
2020451007335,2020,451007335,1,1,0,18,19,5,1,0,0,1,0,0,0,0,3,1,5,6,1,62,9,-1,-1,-1,-1,6,E01030677,0,-1
2020990949079,2020,990949079,1,1,0,18,19,3,7,0,0,1,0,0,0,0,1,1,5,6,1,61,9,-1,-1,-1,-1,10,-1,0,-1
2020030920267,2020,030920267,1,9,0,18,19,7,3,0,0,0,5,0,7,0,3,1,5,6,1,31,6,-1,-1,-1,-1,9,E01004843,0,-1
2020552100091,2020,552100091,1,9,0,18,19,8,6,0,0,6,0,0,0,0,1,1,6,6,2,37,7,-1,-1,-1,-1,-1,-1,0,-1
202006Q178033,2020,06Q178033,2,4,0,18,19,5,1,0,0,8,0,0,7,0,1,1,6,6,1,52,8,-1,-1,-1,-1,2,E01005449,0,-1
2020460922206,2020,460922206,1,9,0,12,12,4,8,0,0,0,1,0,1,4,1,1,2,2,1,47,8,-1,-1,-1,-1,6,E01024225,0,-1
2020421007267,2020,421007267,1,21,1,9,9,2,8,0,0,8,0,0,0,0,1,1,1,1,1,24,5,-1,-1,-1,-1,-1,-1,0,-1
2020440331166,2020,440331166,1,9,0,4,4,8,4,0,0,1,0,0,0,0,1,1,6,6,1,22,5,-1,-1,-1,-1,4,E01017234,0,-1
2020410975116,2020,410975116,1,98,0,18,19,8,4,9,9,0,0,10,4,2,1,1,6,6,1,39,7,-1,-1,-1,-1,2,E01016458,0,-1
2020430302026,2020,430302026,2,1,0,18,19,6,2,0,0,0,0,0,0,0,1,1,6,6,1,-1,-1,-1,-1,-1,-1,-1,-1,0,-1
2020201019578,2020,201019578,1,9,0,9,9,4,2,0,0,6,0,0,0,0,1,1,5,6,1,-1,-1,-1,-1,-1,-1,-1,-1,0,-1
2020010263579,2020,010263579,2,9,0,99,99,9,9,99,99,9,9,99,9,99,9,9,6,6,3,-1,-1,-1,-1,-1,-1,-1,-1,0,-1
2020430134268,2020,430134268,2,19,0,12,12,3,7,0,0,1,5,0,0,0,1,1,6,6,1,36,7,-1,-1,-1,-1,7,E01016719,0,-1
2020140958537,2020,140958537,1,9,0,5,5,5,1,0,0,0,0,0,0,0,1,1,6,6,3,-1,-1,-1,-1,-1,-1,-1,-1,0,-1
2020070103710,2020,070103710,2,1,0,18,19,3,7,0,0,0,0,0,0,0,1,1,6,6,1,14,3,-1,-1,-1,-1,-1,-1,0,-1
202063D073620,2020,63D073620,2,19,0,16,19,7,2,0,0,0,0,0,0,0,1,1,1,1,3,-1,-1,-1,-1,-1,-1,-1,-1,0,-1
2020031007949,2020,031007949,1,9,0,18,19,2,6,0,0,0,0,0,1,0,1,1,6,6,1,36,7,-1,-1,-1,-1,1,E01019121,0,-1
202031D078520,2020,31D078520,1,19,0,13,13,8,4,0,0,1,0,0,0,0,4,1,6,6,3,-1,-1,-1,-1,-1,-1,-1,-1,0,-1
2020140982551,2020,140982551,1,1,0,18,19,3,7,0,0,0,0,0,0,0,1,1,5,6,1,33,6,-1,-1,-1,-1,10,E01007936,0,-1
2020400936981,2020,400936981,1,9,0,18,19,8,4,0,0,8,0,0,7,0,2,1,1,1,1,21,5,-1,-1,-1,-1,2,E01015759,0,-1
2020220960165,2020,220960165,2,1,0,18,19,2,6,0,0,0,0,0,0,0,3,1,5,6,1,8,2,-1,-1,-1,-1,2,E01013994,0,-1
2020470980297,2020,470980297,2,9,0,2,2,0,0,0,0,0,0,0,0,0,1,1,6,6,3,-1,-1,-1,-1,-1,-1,-1,-1,0,-1
2020140952565,2020,140952565,2,1,0,18,19,4,1,0,0,1,5,0,0,0,-1,1,6,6,1,30,6,-1,-1,-1,-1,-1,-1,0,-1
2020010257984,2020,010257984,2,1,0,9,9,4,2,0,0,5,1,10,1,0,0,1,6,6,1,21,5,-1,-1,-1,-1,2,E01002881,0,-1
2020031013587,2020,031013587,2,16,0,18,19,7,3,9,9,0,0,0,0,0,0,1,5,6,2,51,8,-1,-1,-1,-1,6,E01019304,0,-1
2020470966676,2020,470966676,2,1,0,18,19,7,3,0,0,8,5,0,0,0,4,1,5,6,1,30,6,-1,-1,-1,-1,7,E01031488,0,-1
2020041020052,2020,041020052,9,9,0,18,19,7,3,0,0,0,1,0,0,0,1,1,6,6,1,-1,-1,-1,-1,-1,-1,-1,-1,0,-1
2020010283059,2020,010283059,2,9,0,99,99,9,9,99,99,9,9,99,9,99,9,9,6,6,3,-1,-1,-1,-1,-1,-1,-1,-1,0,-1
2020210960134,2020,210960134,3,9,0,2,2,0,0,6,6,0,0,0,0,0,2,1,6,6,3,-1,-1,-1,-1,-1,-1,-1,-1,0,-1
2020010247247,2020,010247247,1,1,9,18,19,4,8,0,0,0,9,0,0,99,3,1,6,6,1,29,6,-1,-1,-1,-1,4,E01000504,0,-1
2020433456789,2020,433456789,2,9,0,18,19,3,1,0,0,8,0,0,0,0,3,1,6,6,1,55,8,-1,-1,-1,-1,-1,-1,0,-1
2020460969820,2020,460969820,1,9,0,5,5,6,2,0,0,0,0,0,0,0,1,1,5,6,1,42,7,-1,-1,-1,-1,6,E01024729,0,-1
2020990947989,2020,990947989,3,9,0,2,2,0,0,0,0,8,0,0,0,0,2,1,6,6,3,-1,-1,-1,-1,-1,-1,-1,-1,0,-1
2020010269984,2020,010269984,2,97,0,99,99,9,9,99,99,9,9,99,9,99,9,1,6,6,3,-1,-1,-1,-1,-1,-1,-1,-1,0,-1
202031C036020,2020,31C036020,1,1,0,18,19,5,1,0,0,8,0,0,0,0,3,1,6,6,1,43,7,-1,-1,-1,-1,3,E01013873,0,-1
2020430353496,2020,430353496,1,9,0,16,19,3,5,0,0,4,2,10,7,2,3,1,6,6,1,33,6,-1,-1,-1,-1,6,E01033306,0,-1
2020200944020,2020,200944020,2,1,0,10,10,8,6,0,0,1,0,0,0,0,2,1,6,6,1,52,8,-1,-1,-1,-1,1,E01009305,0,-1
202060Y091708,2020,60Y091708,1,9,0,5,5,8,4,0,0,2,0,0,0,0,4,1,6,6,1,21,5,-1,-1,-1,-1,-1,-1,0,-1
2020052000250,2020,052000250,2,1,0,17,19,1,6,0,0,1,0,0,0,0,1,1,6,6,1,64,9,-1,-1,-1,-1,5,E01006853,0,-1
2020040952941,2020,040952941,2,9,0,2,2,0,0,9,9,0,0,0,0,0,3,1,6,6,3,-1,-1,-1,-1,-1,-1,-1,-1,0,-1
202006E377678,2020,06E377678,1,11,0,18,19,6,2,8,6,1,0,0,0,0,4,1,6,6,3,-1,-1,-1,-1,-1,-1,-1,-1,0,-1
2020010276286,2020,010276286,1,1,9,99,99,9,9,99,99,9,9,99,9,99,9,1,6,6,1,21,5,-1,-1,-1,-1,1,E01001364,0,-1
2020440110637,2020,440110637,1,9,0,18,19,2,6,0,0,0,0,0,0,0,4,1,6,6,3,-1,-1,-1,-1,-1,-1,-1,-1,0,-1
2020010281238,2020,010281238,1,1,9,99,99,9,9,99,99,9,9,99,9,99,1,1,6,6,2,28,6,-1,-1,-1,-1,8,E01001585,0,-1
2020030981910,2020,030981910,2,1,0,18,19,1,5,0,0,1,0,0,0,0,1,1,2,2,1,11,3,-1,-1,-1,-1,2,E01019246,0,-1
2020010249242,2020,010249242,2,9,0,99,99,9,9,99,99,9,9,99,9,99,9,9,6,6,3,-1,-1,-1,-1,-1,-1,-1,-1,0,-1
202006P371290,2020,06P371290,2,2,0,18,19,3,8,0,0,8,0,0,0,0,1,1,6,6,1,59,9,-1,-1,-1,-1,1,E01005466,0,-1
202063D035320,2020,63D035320,3,9,0,4,4,6,2,0,0,1,0,0,0,0,0,1,6,6,1,51,8,-1,-1,-1,-1,6,W01000496,0,-1
2020010253581,2020,010253581,2,9,0,99,99,9,9,99,99,9,9,99,9,99,2,9,6,6,3,30,6,-1,-1,-1,-1,-1,-1,0,-1
2020460984804,2020,460984804,2,1,0,18,19,8,4,0,0,0,0,0,0,0,1,1,6,6,1,56,9,-1,-1,-1,-1,9,E01032735,0,-1
2020410996545,2020,410996545,1,9,0,9,9,8,4,0,0,8,0,0,0,0,4,1,2,2,2,23,5,-1,-1,-1,-1,5,E01023791,0,-1
2020010273420,2020,010273420,1,9,0,18,19,2,6,0,0,1,0,0,0,0,1,1,6,6,3,-1,-1,-1,-1,-1,-1,-1,-1,0,-1
2020450921268,2020,450921268,1,19,0,18,19,1,5,0,0,0,0,0,0,0,1,1,1,1,1,25,5,-1,-1,-1,-1,-1,-1,0,-1
2020450953086,2020,450953086,2,5,0,17,19,1,7,0,0,3,1,0,0,0,3,1,6,6,1,59,9,-1,-1,-1,-1,3,E01003088,0,-1
202006G271046,2020,06G271046,2,1,0,18,19,7,3,0,0,8,0,0,0,0,3,1,2,2,1,40,7,-1,-1,-1,-1,9,E01006024,0,-1
2020470918788,2020,470918788,4,9,0,2,2,0,0,0,0,0,0,0,0,0,3,1,6,6,3,-1,-1,-1,-1,-1,-1,-1,-1,0,-1
2020040997734,2020,040997734,2,1,0,18,19,1,6,0,0,8,0,0,0,0,2,1,6,6,1,55,8,-1,-1,-1,-1,9,E01025501,0,-1
2020420943203,2020,420943203,2,1,0,18,19,1,5,0,0,3,2,0,0,0,1,1,5,6,1,50,8,-1,-1,-1,-1,8,E01021652,0,-1
2020040966787,2020,040966787,1,9,0,1,1,1,1,0,0,2,0,0,0,0,2,1,6,6,3,-1,-1,-1,-1,-1,-1,-1,-1,0,-1
2020460962246,2020,460962246,1,1,0,13,13,5,1,0,0,1,0,0,0,0,1,1,6,6,1,41,7,-1,-1,-1,-1,6,E01024070,0,-1
2020530971246,2020,530971246,1,9,0,9,9,-1,-1,0,0,1,0,0,0,0,3,1,6,6,2,57,9,-1,-1,-1,-1,6,E01022270,0,-1
2020010286540,2020,010286540,1,90,0,18,19,7,3,0,0,8,5,0,0,0,0,1,2,2,1,51,8,-1,-1,-1,-1,1,E01001358,0,-1
2020010266179,2020,010266179,2,1,0,99,99,9,9,0,0,9,0,99,0,0,9,1,6,6,1,-1,-1,-1,-1,-1,-1,5,E01004442,0,-1
2020622000576,2020,622000576,1,1,0,18,19,8,4,0,0,1,0,4,0,0,1,1,6,6,1,20,4,-1,-1,-1,-1,2,W01001766,0,-1
2020332000164,2020,332000164,1,9,0,16,19,4,7,0,0,0,5,0,7,7,3,1,6,6,2,32,6,-1,-1,-1,-1,10,E01025785,0,-1
2020420982489,2020,420982489,4,9,0,2,2,0,0,9,9,0,0,0,0,0,3,1,6,6,3,-1,-1,-1,-1,-1,-1,-1,-1,0,-1
2020430266627,2020,430266627,1,1,0,7,7,7,1,0,0,0,0,0,0,0,1,1,6,6,2,27,6,-1,-1,-1,-1,9,E01028591,0,-1
2020010249763,2020,010249763,1,9,0,18,19,7,3,0,0,7,0,0,0,0,0,1,6,6,3,-1,-1,-1,-1,-1,-1,-1,-1,0,-1
2020010267116,2020,010267116,2,9,0,99,99,9,9,99,99,9,9,99,9,99,9,9,6,6,3,-1,-1,-1,-1,-1,-1,-1,-1,0,-1
2020200918904,2020,200918904,1,9,0,5,5,1,8,0,0,6,0,0,0,0,1,1,6,6,1,-1,-1,-1,-1,-1,-1,-1,-1,0,-1
2020010259362,2020,010259362,2,9,0,99,99,9,9,0,0,0,0,0,0,0,4,9,6,6,3,-1,-1,-1,-1,-1,-1,-1,-1,0,-1
2020111018449,2020,111018449,2,9,0,4,4,4,8,0,0,1,0,0,0,0,2,1,2,2,1,50,8,-1,-1,-1,-1,10,E01012201,0,-1
2020010257670,2020,010257670,1,1,9,18,19,5,1,0,0,8,5,0,0,99,3,1,6,6,1,43,7,-1,-1,-1,-1,3,E01004430,0,-1
2020302000931,2020,302000931,3,1,0,18,19,6,2,0,0,0,0,0,0,0,1,1,6,6,2,22,5,-1,-1,-1,-1,9,E01019622,0,-1
2020010251244,2020,010251244,1,98,0,18,19,-1,-1,0,0,1,0,0,0,0,4,1,6,6,3,-1,-1,-1,-1,-1,-1,-1,-1,0,-1
2020010258679,2020,010258679,1,1,0,18,19,5,1,9,9,2,0,0,0,0,1,1,6,6,2,17,4,-1,-1,-1,-1,2,E01004067,0,-1
2020990996414,2020,990996414,2,9,0,2,2,0,0,0,0,0,0,4,0,0,3,1,6,6,3,-1,-1,-1,-1,-1,-1,-1,-1,0,-1
2020990970938,2020,990970938,1,9,0,12,12,3,7,0,0,0,0,0,0,0,2,1,6,6,3,18,4,-1,-1,-1,-1,-1,-1,0,-1
202006K272577,2020,06K272577,2,1,0,18,19,6,2,0,0,8,0,0,0,0,1,1,6,6,1,14,3,-1,-1,-1,-1,3,E01004774,0,-1