collision_index,collision_year,collision_ref_no,vehicle_reference,vehicle_type,towing_and_articulation,vehicle_manoeuvre_historic,vehicle_manoeuvre,vehicle_direction_from,vehicle_direction_to,vehicle_location_restricted_lane_historic,vehicle_location_restricted_lane,junction_location,skidding_and_overturning,hit_object_in_carriageway,vehicle_leaving_carriageway,hit_object_off_carriageway,first_point_of_impact,vehicle_left_hand_drive,journey_purpose_of_driver_historic,journey_purpose_of_driver,sex_of_driver,age_of_driver,age_band_of_driver,engine_capacity_cc,propulsion_code,age_of_vehicle,generic_make_model,driver_imd_decile,lsoa_of_driver,escooter_flag,driver_distance_banding
2020480979845,2020,480979845,2,1,0,18,19,5,1,0,0,0,0,0,0,0,1,1,5,6,1,27,6,-1,-1,-1,-1,5,E01001829,0,-1
2020450932739,2020,450932739,3,98,0,18,19,1,5,0,0,0,0,0,0,0,0,1,1,1,2,46,8,-1,-1,-1,-1,8,E01031726,0,-1
202006K176327,2020,06K176327,1,9,0,18,19,8,4,0,0,8,0,4,7,10,1,1,6,6,1,18,4,-1,-1,-1,-1,8,E01012471,0,-1
2020160938933,2020,160938933,2,1,0,18,19,6,2,0,0,8,0,0,0,0,1,1,6,6,1,12,3,-1,-1,-1,-1,1,E01012888,0,-1
2020052100023,2020,052100023,1,9,0,7,7,1,3,0,0,8,0,0,0,0,3,1,6,6,3,-1,-1,-1,-1,-1,-1,-1,-1,0,-1
2020500951707,2020,500951707,1,19,0,5,5,4,7,0,0,2,0,0,0,0,2,1,1,1,1,61,9,-1,-1,-1,-1,3,E01015084,0,-1
2020010285677,2020,010285677,1,9,0,7,7,5,7,0,0,2,0,0,0,0,1,2,6,6,1,40,7,-1,-1,-1,-1,4,E01022474,0,-1
2020137CJ0528,2020,137CJ0528,2,1,0,18,19,1,5,0,0,1,0,0,0,0,1,1,6,6,1,57,9,-1,-1,-1,-1,8,E01010672,0,-1
2020350962207,2020,350962207,2,9,0,18,19,0,0,0,0,0,0,0,0,0,2,1,5,6,1,30,6,-1,-1,-1,-1,6,E01032523,0,-1
2020220951386,2020,220951386,2,1,0,18,19,7,3,0,0,0,0,0,0,0,4,1,5,6,1,59,9,-1,-1,-1,-1,5,E01032355,0,-1
2020332000742,2020,332000742,2,9,0,9,9,2,8,0,0,5,0,0,0,0,1,1,6,6,1,50,8,-1,-1,-1,-1,7,E01013780,0,-1
2020522004261,2020,522004261,1,2,0,18,19,2,6,0,0,1,0,0,0,0,4,1,6,6,1,36,7,-1,-1,-1,-1,6,E01009676,0,-1
2020400947004,2020,400947004,2,1,0,11,11,2,1,0,0,0,0,0,0,0,4,1,2,2,2,53,8,-1,-1,-1,-1,1,E01017502,0,-1
2020332000642,2020,332000642,2,9,0,9,9,3,1,0,0,5,0,0,0,0,3,1,6,6,2,42,7,-1,-1,-1,-1,3,E01025894,0,-1
2020420979283,2020,420979283,2,9,0,18,19,3,7,0,0,0,0,0,0,0,2,1,5,6,2,74,10,-1,-1,-1,-1,10,E01021402,0,-1
2020010250832,2020,010250832,2,9,0,2,2,0,0,0,0,0,0,10,1,11,3,1,6,6,3,-1,-1,-1,-1,-1,-1,-1,-1,0,-1
2020460959089,2020,460959089,2,1,0,18,19,3,7,0,0,1,0,0,0,0,1,1,6,6,1,33,6,-1,-1,-1,-1,6,E01001648,0,-1
2020170H10580,2020,170H10580,2,1,0,18,19,2,7,0,0,8,0,0,0,0,1,1,6,6,1,10,2,-1,-1,-1,-1,-1,-1,0,-1
2020100937600,2020,100937600,2,1,0,18,19,5,1,0,0,0,0,0,0,0,1,1,5,6,1,16,4,-1,-1,-1,-1,2,E01027543,0,-1
2020332000568,2020,332000568,1,9,0,9,9,6,4,0,0,5,0,0,0,0,1,1,6,6,1,34,6,-1,-1,-1,-1,1,E01007634,0,-1
2020530928828,2020,530928828,1,9,0,-1,-1,-1,-1,-1,-1,-1,-1,-1,-1,0,-1,1,6,6,3,-1,-1,-1,-1,-1,-1,-1,-1,0,-1
2020010236880,2020,010236880,2,9,0,99,99,9,9,99,99,9,9,99,9,99,1,9,6,6,3,-1,-1,-1,-1,-1,-1,-1,-1,0,-1
2020350990862,2020,350990862,2,9,-1,2,2,1,1,0,0,0,0,0,0,0,2,1,6,6,3,-1,-1,-1,-1,-1,-1,-1,-1,0,-1
2020010232223,2020,010232223,2,1,0,18,19,3,7,0,0,1,0,0,0,0,1,1,6,6,1,48,8,-1,-1,-1,-1,2,E01004570,0,-1
2020010295357,2020,010295357,1,1,9,99,99,9,9,99,99,9,9,99,9,99,1,1,6,6,2,25,5,-1,-1,-1,-1,-1,-1,0,-1
2020010228330,2020,010228330,1,9,0,5,5,7,3,0,0,2,0,4,0,0,1,1,6,6,1,49,8,-1,-1,-1,-1,4,E01004414,0,-1
2020500947158,2020,500947158,2,1,0,18,19,5,1,0,0,0,0,0,0,0,1,1,6,6,2,53,8,-1,-1,-1,-1,3,E01018893,0,-1
2020220990173,2020,220990173,1,9,0,18,19,2,6,0,0,5,0,0,0,0,1,1,6,6,2,34,6,-1,-1,-1,-1,-1,-1,0,-1
2020420950276,2020,420950276,1,9,0,13,13,7,3,0,0,1,0,0,0,0,4,1,6,6,3,-1,-1,-1,-1,-1,-1,-1,-1,0,-1
2020010246388,2020,010246388,2,1,0,18,19,1,5,0,0,8,0,0,0,0,1,1,1,1,1,23,5,-1,-1,-1,-1,5,E01002529,0,-1
2020010276569,2020,010276569,2,1,0,7,7,3,5,9,9,2,5,0,0,0,1,1,2,2,1,60,9,-1,-1,-1,-1,10,E01003805,0,-1
2020460942343,2020,460942343,1,9,0,18,19,4,8,0,0,1,0,0,0,0,1,1,6,6,2,-1,-1,-1,-1,-1,-1,-1,-1,0,-1
2020220988064,2020,220988064,2,1,0,17,19,5,2,0,0,2,0,0,0,0,1,1,5,6,2,23,5,-1,-1,-1,-1,8,E01032319,0,-1
2020070067374,2020,070067374,1,9,0,4,4,3,7,0,0,8,0,0,0,0,1,1,6,6,1,-1,-1,-1,-1,-1,-1,-1,-1,0,-1
202054A458220,2020,54A458220,2,9,0,17,19,2,6,0,0,0,0,0,0,0,1,1,1,1,1,57,9,-1,-1,-1,-1,4,E01014478,0,-1
2020100940404,2020,100940404,1,1,0,18,19,5,1,0,0,1,0,0,0,0,1,1,5,6,1,13,3,-1,-1,-1,-1,2,E01008840,0,-1
2020430294787,2020,430294787,1,9,0,9,9,3,1,0,0,8,0,0,0,0,1,1,6,6,2,50,8,-1,-1,-1,-1,3,E01016465,0,-1
2020140976213,2020,140976213,2,1,0,18,19,6,2,0,0,0,5,0,0,0,1,1,6,6,1,11,3,-1,-1,-1,-1,3,E01007807,0,-1
2020200999147,2020,200999147,2,1,0,18,19,7,3,0,0,8,0,0,0,0,1,1,6,6,1,52,8,-1,-1,-1,-1,5,E01009774,0,-1
2020010285274,2020,010285274,2,1,0,14,14,7,3,0,0,2,0,0,0,0,4,1,6,6,1,30,6,-1,-1,-1,-1,2,E01003990,0,-1
2020332000067,2020,332000067,1,9,0,18,19,7,3,0,0,8,0,0,0,0,4,1,2,2,1,23,5,-1,-1,-1,-1,3,E01013613,0,-1
2020302000885,2020,302000885,3,1,0,18,19,6,2,0,0,1,0,0,0,0,0,1,6,6,1,16,4,-1,-1,-1,-1,10,E01033169,0,-1
2020010280322,2020,010280322,2,21,9,99,99,9,9,99,99,9,9,99,9,99,9,9,6,6,3,-1,-1,-1,-1,-1,-1,-1,-1,0,-1
2020501007647,2020,501007647,2,19,0,16,19,1,6,0,0,0,0,0,0,0,1,1,5,6,1,25,5,-1,-1,-1,-1,5,E01031916,0,-1
202060Y098232,2020,60Y098232,1,9,0,1,1,2,6,0,0,0,0,0,0,0,4,1,6,6,2,32,6,-1,-1,-1,-1,-1,-1,0,-1
2020530965635,2020,530965635,3,9,0,6,6,7,3,0,0,0,0,0,0,0,0,1,1,1,1,39,7,-1,-1,-1,-1,5,E01022420,0,-1
2020201021965,2020,201021965,1,9,0,7,7,5,7,9,9,6,0,0,0,0,1,1,6,6,2,55,8,-1,-1,-1,-1,1,E01010430,0,-1
2020010275898,2020,010275898,2,17,5,3,3,5,1,0,0,5,0,0,0,0,2,1,1,1,1,54,8,-1,-1,-1,-1,8,E01026470,0,-1
2020052001651,2020,052001651,1,9,0,18,19,2,6,0,0,8,0,0,0,0,1,1,6,6,3,-1,-1,-1,-1,-1,-1,-1,-1,0,-1
2020440003370,2020,440003370,2,1,0,18,19,7,4,0,0,8,0,0,0,0,1,1,6,6,1,41,7,-1,-1,-1,-1,5,E01017275,0,-1
2020010257560,2020,010257560,1,1,9,99,99,9,9,99,99,0,9,99,9,99,1,1,2,2,1,28,6,-1,-1,-1,-1,4,E01004611,0,-1
2020010258870,2020,010258870,2,9,0,7,7,4,7,0,0,5,0,0,0,0,1,1,6,6,3,-1,-1,-1,-1,-1,-1,-1,-1,0,-1
2020010262140,2020,010262140,2,9,0,4,4,1,5,0,0,8,0,0,0,0,1,1,6,6,1,34,6,-1,-1,-1,-1,2,E01000021,0,-1
2020332000908,2020,332000908,4,9,0,4,4,1,5,2,2,1,0,0,0,0,1,1,6,6,1,44,7,-1,-1,-1,-1,5,E01013689,0,-1
2020010274503,2020,010274503,2,9,9,99,99,9,9,99,99,0,9,0,0,0,9,9,6,6,3,-1,-1,-1,-1,-1,-1,-1,-1,0,-1
20201376Q1059,2020,1376Q1059,2,1,0,18,19,7,3,0,0,1,0,0,0,0,0,1,1,1,1,54,8,-1,-1,-1,-1,3,E01011615,0,-1
2020470954771,2020,470954771,2,1,0,18,19,7,6,0,0,1,2,0,0,0,1,1,6,6,1,48,8,-1,-1,-1,-1,10,E01031689,0,-1
2020470985829,2020,470985829,2,1,0,18,19,2,6,0,0,2,0,0,0,0,2,1,4,7,2,6,2,-1,-1,-1,-1,7,E01031406,0,-1
2020522001939,2020,522001939,1,1,0,18,19,5,1,0,0,3,0,0,0,0,2,1,6,6,1,35,6,-1,-1,-1,-1,10,E01014428,0,-1
2020440390895,2020,440390895,1,1,0,4,4,2,6,0,0,8,0,0,0,0,2,1,6,6,1,40,7,-1,-1,-1,-1,-1,-1,0,-1
2020200944563,2020,200944563,1,9,0,18,19,-1,-1,0,0,0,1,0,0,0,1,1,6,6,3,-1,-1,-1,-1,-1,-1,-1,-1,0,-1
2020010265136,2020,010265136,2,9,0,99,99,9,9,99,99,9,9,99,9,99,1,9,6,6,3,-1,-1,-1,-1,-1,-1,-1,-1,0,-1
2020010253064,2020,010253064,2,1,0,18,19,5,1,0,0,6,0,0,0,0,1,1,6,6,1,31,6,-1,-1,-1,-1,3,E01004445,0,-1
2020501003130,2020,501003130,1,98,1,17,19,7,3,0,0,0,0,0,0,0,3,1,1,1,1,44,7,-1,-1,-1,-1,-1,-1,0,-1
2020460949611,2020,460949611,2,1,0,18,19,3,7,0,0,0,0,0,0,0,3,1,5,6,1,52,8,-1,-1,-1,-1,4,E01024570,0,-1
2020332000193,2020,332000193,1,9,0,18,19,1,5,0,0,0,0,0,0,0,4,1,6,6,3,-1,-1,-1,-1,-1,-1,-1,-1,0,-1
20201379E1325,2020,1379E1325,1,97,0,18,19,5,1,0,0,0,0,0,0,0,1,1,6,6,2,40,7,-1,-1,-1,-1,1,E01011616,0,-1
2020010231706,2020,010231706,2,1,0,7,7,1,4,0,0,8,5,0,7,0,3,-1,2,2,1,27,6,-1,-1,-1,-1,2,E01033713,0,-1
2020360947294,2020,360947294,1,9,0,5,5,1,5,0,0,8,0,0,0,0,1,1,5,6,1,70,10,-1,-1,-1,-1,8,E01026691,0,-1
2020210952443,2020,210952443,2,1,0,9,9,4,3,0,0,8,5,0,0,0,2,1,1,1,1,49,8,-1,-1,-1,-1,9,E01018389,0,-1
2020332000440,2020,332000440,1,9,0,18,19,1,5,0,0,8,0,0,0,0,4,1,6,6,1,27,6,-1,-1,-1,-1,3,E01025989,0,-1
202060Y131544,2020,60Y131544,2,9,0,17,19,1,5,0,0,0,0,0,0,0,1,1,6,6,1,73,10,-1,-1,-1,-1,-1,-1,0,-1
2020200938672,2020,200938672,2,1,0,18,19,6,2,0,0,4,0,0,0,0,3,1,6,6,1,60,9,-1,-1,-1,-1,2,E01009064,0,-1
2020420915012,2020,420915012,1,9,0,18,19,7,3,0,0,2,0,0,0,0,1,1,5,6,2,32,6,-1,-1,-1,-1,3,E01015856,0,-1
20201376J0656,2020,1376J0656,3,21,1,18,19,6,2,0,0,0,0,0,0,0,1,2,6,6,2,31,6,-1,-1,-1,-1,-1,-1,0,-1
202060Y017350,2020,60Y017350,1,9,0,1,1,5,3,0,0,6,0,0,0,0,2,1,6,6,2,36,7,-1,-1,-1,-1,-1,-1,0,-1
2020010254563,2020,010254563,2,1,0,5,5,5,1,0,0,6,0,0,0,0,1,1,6,6,1,27,6,-1,-1,-1,-1,-1,-1,0,-1
2020460957538,2020,460957538,2,1,0,18,19,7,3,0,0,0,0,0,0,0,0,1,5,6,2,36,7,-1,-1,-1,-1,5,E01024562,0,-1
2020411016698,2020,411016698,2,1,0,18,19,3,7,0,0,8,1,0,0,0,4,1,6,6,2,38,7,-1,-1,-1,-1,7,E01023944,0,-1
2020451006167,2020,451006167,2,98,0,7,7,4,7,0,0,2,0,0,0,0,1,1,6,6,3,35,6,-1,-1,-1,-1,-1,-1,0,-1
2020460983770,2020,460983770,2,1,0,18,19,5,1,0,0,1,0,0,0,0,3,1,6,6,1,51,8,-1,-1,-1,-1,2,E01016042,0,-1
2020302000142,2020,302000142,2,9,0,15,15,5,1,0,0,1,0,0,1,0,1,1,6,6,2,20,4,-1,-1,-1,-1,8,E01019847,0,-1
2020010247012,2020,010247012,2,9,0,15,15,4,8,0,0,0,0,0,0,0,1,1,6,6,2,40,7,-1,-1,-1,-1,-1,-1,0,-1
2020220948121,2020,220948121,2,9,0,18,19,3,7,0,0,0,0,0,0,0,1,1,5,6,1,34,6,-1,-1,-1,-1,8,E01014157,0,-1
2020010259137,2020,010259137,3,9,9,99,99,9,9,99,99,0,9,99,9,99,9,9,6,6,3,-1,-1,-1,-1,-1,-1,-1,-1,0,-1
2020010250405,2020,010250405,2,9,0,18,19,5,1,0,0,0,0,0,0,0,2,1,6,6,1,36,7,-1,-1,-1,-1,2,E01027942,0,-1
2020552000474,2020,552000474,2,1,0,18,19,8,4,0,0,1,0,0,0,0,1,1,6,6,1,22,5,-1,-1,-1,-1,5,E01032660,0,-1
2020010231254,2020,010231254,1,90,0,1,1,5,1,0,0,1,0,0,0,0,2,1,6,6,3,-1,-1,-1,-1,-1,-1,-1,-1,0,-1
2020430161782,2020,430161782,2,9,0,18,19,3,7,0,0,8,0,0,0,0,1,1,6,6,2,-1,-1,-1,-1,-1,-1,-1,-1,0,-1
2020010251397,2020,010251397,1,1,9,99,99,9,9,99,99,2,9,99,9,99,9,1,2,2,1,29,6,-1,-1,-1,-1,2,E01003037,0,-1
2020420957053,2020,420957053,2,19,0,4,4,7,3,0,0,0,0,0,0,0,2,1,5,6,1,39,7,-1,-1,-1,-1,7,E01021928,0,-1
2020052002006,2020,052002006,2,9,0,18,19,8,4,0,0,8,0,0,1,11,1,1,6,6,2,36,7,-1,-1,-1,-1,4,E01007001,0,-1
2020340W01872,2020,340W01872,1,19,0,11,11,7,3,0,0,3,0,0,0,0,1,1,1,1,1,43,7,-1,-1,-1,-1,2,E01023641,0,-1
2020140977573,2020,140977573,1,9,0,-1,-1,-1,-1,-1,-1,0,-1,-1,-1,0,-1,1,6,6,3,-1,-1,-1,-1,-1,-1,-1,-1,0,-1
2020010229378,2020,010229378,2,1,0,18,19,1,5,5,5,1,0,0,0,0,1,1,2,2,1,31,6,-1,-1,-1,-1,3,E01002806,0,-1
2020070102231,2020,070102231,1,19,0,18,19,6,2,0,0,0,0,0,0,0,4,1,6,6,3,-1,-1,-1,-1,-1,-1,-1,-1,0,-1
2020200932819,2020,200932819,1,97,0,14,14,6,2,0,0,0,0,0,0,0,1,1,6,6,3,-1,-1,-1,-1,-1,-1,-1,-1,0,-1
2020161004479,2020,161004479,2,1,0,18,19,6,2,0,0,8,0,0,0,0,4,1,6,6,1,39,7,-1,-1,-1,-1,2,E01012869,0,-1
20201376H1000,2020,1376H1000,1,9,0,18,19,5,2,0,0,3,0,0,1,1,1,1,6,6,1,56,9,-1,-1,-1,-1,6,E01011299,0,-1
2020332000723,2020,332000723,1,9,0,18,19,1,5,0,0,8,0,0,0,0,3,1,6,6,2,50,8,-1,-1,-1,-1,8,E01025681,0,-1
2020401006219,2020,401006219,1,9,0,18,19,3,7,0,0,2,0,0,0,0,-1,1,6,6,1,20,4,-1,-1,-1,-1,-1,-1,0,-1
2020100966802,2020,100966802,2,9,0,2,2,3,7,9,9,1,0,0,0,0,4,1,6,6,3,-1,-1,-1,-1,-1,-1,-1,-1,0,-1
2020332000519,2020,332000519,2,9,0,9,9,4,2,0,0,6,0,0,0,0,1,1,6,6,3,-1,-1,-1,-1,-1,-1,-1,-1,0,-1
2020450990386,2020,450990386,2,9,0,16,19,5,5,0,0,0,0,0,0,0,3,1,6,6,3,23,5,-1,-1,-1,-1,-1,-1,0,-1
2020302000229,2020,302000229,2,1,0,18,19,2,6,0,0,8,0,0,0,0,1,1,6,6,2,38,7,-1,-1,-1,-1,9,E01019409,0,-1
20201377F1162,2020,1377F1162,5,9,0,18,19,3,7,0,0,2,0,0,0,0,3,1,1,1,1,46,8,-1,-1,-1,-1,1,E01011349,0,-1
2020010231373,2020,010231373,2,98,9,2,2,0,0,99,99,9,9,99,9,99,9,9,-1,-1,3,-1,-1,-1,-1,-1,-1,-1,-1,0,-1
2020200940555,2020,200940555,1,9,0,18,19,4,8,0,0,0,0,0,0,0,1,1,6,6,3,-1,-1,-1,-1,-1,-1,-1,-1,0,-1
2020010275448,2020,010275448,1,1,9,99,99,9,9,99,99,9,9,99,9,99,0,1,2,2,2,57,9,-1,-1,-1,-1,5,E01000903,0,-1
2020332000655,2020,332000655,1,9,0,9,9,5,3,0,0,6,0,0,0,0,2,1,6,6,1,22,5,-1,-1,-1,-1,6,E01025735,0,-1
2020010244722,2020,010244722,1,1,9,99,99,9,9,99,99,9,9,99,9,99,1,1,6,6,1,33,6,-1,-1,-1,-1,4,E01018994,0,-1
2020420951148,2020,420951148,1,9,0,4,4,6,2,0,0,4,0,0,0,0,1,1,6,6,1,-1,-1,-1,-1,-1,-1,-1,-1,0,-1
202060Y176396,2020,60Y176396,2,9,4,18,19,8,4,0,0,4,0,0,0,0,1,1,6,6,1,27,6,-1,-1,-1,-1,-1,-1,0,-1
2020460968681,2020,460968681,2,16,0,9,9,7,3,0,0,0,0,0,0,0,2,1,5,6,2,44,7,-1,-1,-1,-1,1,E01024670,0,-1
2020990985230,2020,990985230,2,1,0,14,14,6,2,0,0,1,0,0,0,0,1,1,6,6,1,28,6,-1,-1,-1,-1,8,-1,0,-1
2020100987544,2020,100987544,2,1,0,17,19,7,3,0,0,8,2,0,0,0,1,1,6,6,1,61,9,-1,-1,-1,-1,10,E01033550,0,-1
2020522004912,2020,522004912,2,9,0,4,4,1,5,0,0,4,0,0,0,0,2,1,6,6,2,43,7,-1,-1,-1,-1,8,E01014982,0,-1
2020040967970,2020,040967970,4,9,0,2,2,0,0,6,6,1,0,0,0,0,1,1,6,6,3,-1,-1,-1,-1,-1,-1,-1,-1,0,-1
2020010248427,2020,010248427,2,1,0,18,19,7,3,0,0,0,0,0,0,0,1,1,6,6,2,27,6,-1,-1,-1,-1,5,E01004601,0,-1
2020010252804,2020,010252804,2,1,0,18,19,3,7,0,0,0,5,0,0,0,2,1,6,6,2,27,6,-1,-1,-1,-1,4,E01003077,0,-1
2020400932314,2020,400932314,2,1,0,5,5,2,7,0,0,6,0,0,0,0,4,1,4,7,1,9,2,-1,-1,-1,-1,6,E01017435,0,-1
2020461010654,2020,461010654,2,21,4,18,19,2,6,0,0,4,0,0,0,0,4,1,2,2,1,27,6,-1,-1,-1,-1,-1,-1,0,-1
2020990967874,2020,990967874,2,1,0,18,19,1,5,0,0,8,5,0,0,0,4,1,6,6,1,53,8,-1,-1,-1,-1,6,-1,0,-1
2020070145239,2020,070145239,2,1,0,18,19,6,2,0,0,1,0,0,0,0,1,1,6,6,1,37,7,-1,-1,-1,-1,7,E01007242,0,-1
2020500975247,2020,500975247,1,9,0,18,19,5,1,0,0,7,1,0,0,0,1,1,1,1,1,26,6,-1,-1,-1,-1,2,E01020211,0,-1
2020141007729,2020,141007729,1,9,0,2,2,0,0,0,0,2,0,0,0,0,3,1,6,6,3,-1,-1,-1,-1,-1,-1,-1,-1,0,-1
2020990971769,2020,990971769,2,1,0,18,19,1,5,0,0,0,0,0,0,0,2,1,6,6,1,42,7,-1,-1,-1,-1,5,-1,0,-1
2020010285920,2020,010285920,1,1,9,99,99,9,9,99,99,9,9,99,9,99,9,1,6,6,2,56,9,-1,-1,-1,-1,7,E01003200,0,-1
2020410972574,2020,410972574,1,9,0,7,7,3,7,0,0,0,0,0,0,0,1,1,5,6,2,58,9,-1,-1,-1,-1,4,E01021817,0,-1
2020520100140,2020,520100140,2,9,0,17,19,5,1,0,0,0,0,0,0,0,3,1,6,6,1,50,8,-1,-1,-1,-1,8,E01014420,0,-1
2020552100046,2020,552100046,2,-1,0,18,19,8,6,0,0,8,0,0,0,0,4,1,6,6,1,26,6,-1,-1,-1,-1,2,E01015288,1,-1
2020332000418,2020,332000418,1,9,0,4,4,8,4,0,0,1,0,0,0,0,2,1,6,6,1,73,10,-1,-1,-1,-1,8,E01025841,0,-1
2020010286395,2020,010286395,2,1,0,18,19,1,5,0,0,2,0,0,0,0,2,1,6,6,1,17,4,-1,-1,-1,-1,3,E01000918,0,-1
2020420990402,2020,420990402,2,1,0,18,19,1,5,0,0,4,0,0,0,0,4,1,5,6,2,27,6,-1,-1,-1,-1,4,E01015870,0,-1
2020522004301,2020,522004301,1,90,0,18,19,7,3,0,0,8,5,0,0,0,0,1,6,6,2,29,6,-1,-1,-1,-1,3,E01014540,0,-1
2020040974634,2020,040974634,1,97,0,18,19,1,5,0,0,0,0,0,0,0,0,1,6,6,1,43,7,-1,-1,-1,-1,2,E01025274,0,-1
2020010259761,2020,010259761,1,9,9,99,99,9,9,99,99,9,9,99,9,99,9,1,6,6,3,-1,-1,-1,-1,-1,-1,-1,-1,0,-1
2020137BR0931,2020,137BR0931,1,9,0,4,4,2,6,0,0,0,0,0,0,0,1,1,6,6,3,-1,-1,-1,-1,-1,-1,-1,-1,0,-1
2020010237609,2020,010237609,1,19,0,18,19,7,3,0,0,8,0,0,0,0,0,9,6,6,3,-1,-1,-1,-1,-1,-1,-1,-1,0,-1
2020332001130,2020,332001130,1,9,0,18,19,6,2,0,0,0,0,0,0,0,0,1,6,6,1,47,8,-1,-1,-1,-1,-1,-1,0,-1
2020549390420,2020,549390420,2,1,0,13,13,1,5,0,0,0,5,10,1,10,4,1,6,6,2,56,9,-1,-1,-1,-1,1,E01032096,0,-1
2020351010387,2020,351010387,2,1,0,7,7,2,6,0,0,8,0,0,0,0,4,1,2,2,1,29,6,-1,-1,-1,-1,8,E01017950,0,-1
202060Y101824,2020,60Y101824,1,1,0,17,19,8,4,0,0,0,0,4,0,0,4,1,6,6,1,53,8,-1,-1,-1,-1,-1,-1,0,-1
2020211028125,2020,211028125,1,9,0,16,19,3,7,0,0,0,0,0,0,0,1,1,6,6,2,31,6,-1,-1,-1,-1,7,E01029735,0,-1
2020420927509,2020,420927509,1,98,0,12,12,1,5,0,0,0,0,0,0,0,3,1,6,6,1,60,9,-1,-1,-1,-1,-1,-1,0,-1
2020990983797,2020,990983797,1,90,0,14,14,6,3,0,0,8,0,0,0,0,4,1,1,1,1,31,6,-1,-1,-1,-1,6,-1,0,-1
2020440201271,2020,440201271,2,1,0,12,12,2,6,0,0,0,0,0,0,0,3,1,6,6,1,37,7,-1,-1,-1,-1,5,E01022806,0,-1
2020010276653,2020,010276653,1,1,0,18,19,7,3,0,0,1,0,0,0,0,3,1,6,6,1,23,5,-1,-1,-1,-1,3,E01003570,0,-1
2020360928645,2020,360928645,1,3,0,16,19,6,2,0,0,0,2,0,0,0,1,1,5,6,1,23,5,-1,-1,-1,-1,5,E01026862,0,-1
2020320627358,2020,320627358,1,9,0,14,14,5,1,0,0,0,0,0,0,0,0,1,6,6,3,40,7,-1,-1,-1,-1,-1,-1,0,-1
2020010250541,2020,010250541,2,9,0,99,99,9,9,99,99,9,9,99,9,99,1,9,6,6,3,-1,-1,-1,-1,-1,-1,-1,-1,0,-1
2020332000277,2020,332000277,1,9,0,18,19,6,2,0,0,6,0,0,3,1,1,1,6,6,1,48,8,-1,-1,-1,-1,4,E01025749,0,-1
2020010251257,2020,010251257,2,1,0,18,19,1,5,0,0,1,0,0,0,0,1,1,1,1,1,45,7,-1,-1,-1,-1,4,E01001934,0,-1
2020160981892,2020,160981892,2,1,0,18,19,3,7,0,0,0,0,0,0,0,1,1,6,6,1,27,6,-1,-1,-1,-1,2,E01012763,0,-1
2020010270278,2020,010270278,2,9,0,99,99,9,9,99,99,8,9,99,9,99,1,9,6,6,3,-1,-1,-1,-1,-1,-1,-1,-1,0,-1
2020010257815,2020,010257815,1,1,9,99,99,9,9,99,99,9,9,99,9,99,1,1,2,2,1,31,6,-1,-1,-1,-1,2,E01001591,0,-1
2020332000739,2020,332000739,1,9,0,18,19,2,6,0,0,1,0,0,0,0,4,1,6,6,3,-1,-1,-1,-1,-1,-1,-1,-1,0,-1
20201379P1327,2020,1379P1327,1,21,1,12,12,1,5,0,0,0,0,0,0,0,3,2,1,1,1,43,7,-1,-1,-1,-1,-1,-1,0,-1
2020549316820,2020,549316820,1,9,0,7,7,5,3,0,0,3,0,0,0,0,1,1,2,2,1,43,7,-1,-1,-1,-1,6,E01015579,0,-1
2020450970534,2020,450970534,1,1,0,6,6,1,5,0,0,0,0,0,0,0,3,1,5,6,1,33,6,-1,-1,-1,-1,6,E01004107,0,-1
2020522005137,2020,522005137,1,9,0,18,19,3,7,0,0,0,0,0,0,0,0,1,6,6,3,-1,-1,-1,-1,-1,-1,-1,-1,0,-1
2020440108093,2020,440108093,1,21,1,17,19,6,2,0,0,0,5,0,1,2,0,1,1,1,1,30,6,-1,-1,-1,-1,10,E01022771,0,-1
2020140982560,2020,140982560,1,1,0,18,19,7,3,0,0,0,0,0,0,0,1,1,5,6,1,71,10,-1,-1,-1,-1,6,E01008143,0,-1
2020010266508,2020,010266508,2,20,0,99,99,9,9,99,99,9,9,99,9,99,2,9,6,6,3,-1,-1,-1,-1,-1,-1,-1,-1,0,-1
2020100964636,2020,100964636,2,1,0,18,19,6,2,0,0,5,0,0,0,0,1,1,6,6,1,69,10,-1,-1,-1,-1,10,E01008269,0,-1
2020450961043,2020,450961043,1,1,0,18,19,3,7,0,0,8,5,0,0,0,1,1,2,2,1,30,6,-1,-1,-1,-1,3,E01023091,0,-1
2020040954363,2020,040954363,1,9,0,18,19,0,0,0,0,1,0,0,0,0,1,1,6,6,3,-1,-1,-1,-1,-1,-1,-1,-1,0,-1
2020010271067,2020,010271067,2,1,0,18,19,5,1,0,0,8,0,0,0,0,1,1,1,1,1,29,6,-1,-1,-1,-1,6,E01004146,0,-1
2020010253692,2020,010253692,2,1,0,18,19,1,5,0,0,8,0,0,0,0,3,1,6,6,2,57,9,-1,-1,-1,-1,4,E01003900,0,-1
2020430275735,2020,430275735,1,9,0,18,19,5,1,0,0,8,0,0,0,0,3,1,2,2,1,31,6,-1,-1,-1,-1,5,E01032840,0,-1
2020430079731,2020,430079731,1,9,0,18,19,2,6,0,0,1,0,0,0,0,4,1,3,7,2,37,7,-1,-1,-1,-1,10,E01028788,0,-1
2020010274716,2020,010274716,1,9,9,18,19,1,5,99,99,9,9,99,9,99,9,9,6,6,1,61,9,-1,-1,-1,-1,5,E01000594,0,-1
2020410997515,2020,410997515,1,9,0,18,19,3,7,0,0,1,0,0,0,0,3,1,6,6,3,-1,-1,-1,-1,-1,-1,-1,-1,0,-1
2020211008160,2020,211008160,1,9,0,18,19,-1,-1,0,0,2,0,0,7,0,1,1,6,6,1,25,5,-1,-1,-1,-1,2,E01014263,0,-1
2020332000453,2020,332000453,2,9,0,4,4,4,8,0,0,0,0,0,0,0,2,1,6,6,2,30,6,-1,-1,-1,-1,1,E01013661,0,-1
2020320607125,2020,320607125,1,1,0,18,19,8,4,9,9,0,5,0,0,0,1,1,1,1,1,24,5,-1,-1,-1,-1,4,E01026132,0,-1
2020100985002,2020,100985002,2,9,0,18,19,5,1,0,0,8,0,0,0,0,1,1,5,6,1,30,6,-1,-1,-1,-1,7,E01008500,0,-1