collision_index,collision_year,collision_ref_no,vehicle_reference,vehicle_type,towing_and_articulation,vehicle_manoeuvre_historic,vehicle_manoeuvre,vehicle_direction_from,vehicle_direction_to,vehicle_location_restricted_lane_historic,vehicle_location_restricted_lane,junction_location,skidding_and_overturning,hit_object_in_carriageway,vehicle_leaving_carriageway,hit_object_off_carriageway,first_point_of_impact,vehicle_left_hand_drive,journey_purpose_of_driver_historic,journey_purpose_of_driver,sex_of_driver,age_of_driver,age_band_of_driver,engine_capacity_cc,propulsion_code,age_of_vehicle,generic_make_model,driver_imd_decile,lsoa_of_driver,escooter_flag,driver_distance_banding
2020100932672,2020,100932672,1,17,0,18,19,3,7,9,9,0,0,0,0,0,3,1,6,6,1,-1,-1,-1,-1,-1,-1,-1,-1,0,-1
2020010255222,2020,010255222,2,1,0,18,19,1,5,5,5,2,0,0,0,0,2,1,6,6,2,32,6,-1,-1,-1,-1,2,E01004537,0,-1
2020052002056,2020,052002056,2,1,0,18,19,1,5,0,0,0,0,0,0,0,3,1,6,6,1,18,4,-1,-1,-1,-1,1,E01007005,0,-1
2020370949282,2020,370949282,2,1,0,9,9,-1,-1,0,0,8,0,0,0,0,-1,1,5,6,1,25,5,-1,-1,-1,-1,4,E01030244,0,-1
2020010267350,2020,010267350,1,1,0,18,19,4,8,4,4,8,1,0,0,0,0,1,6,6,1,5,1,-1,-1,-1,-1,10,E01003797,0,-1
2020010263647,2020,010263647,2,9,9,99,99,9,9,99,99,1,9,99,9,99,9,1,6,6,3,-1,-1,-1,-1,-1,-1,-1,-1,0,-1
2020200930123,2020,200930123,2,1,0,7,7,6,1,9,9,8,0,0,0,0,1,1,4,7,1,11,3,-1,-1,-1,-1,5,E01009703,0,-1
202006E278490,2020,06E278490,3,9,0,9,9,3,8,0,0,6,0,0,0,0,0,1,6,6,3,-1,-1,-1,-1,-1,-1,-1,-1,0,-1
2020137620548,2020,137620548,2,1,0,18,19,3,7,0,0,8,0,0,0,0,1,1,6,6,1,49,8,-1,-1,-1,-1,-1,-1,0,-1
2020070697176,2020,070697176,1,9,0,18,19,1,5,0,0,1,0,0,0,0,1,1,6,6,1,-1,-1,-1,-1,-1,-1,-1,-1,0,-1
2020040945317,2020,040945317,3,9,0,2,2,1,5,9,9,2,0,0,0,0,3,1,6,6,3,-1,-1,-1,-1,-1,-1,-1,-1,0,-1
2020522100276,2020,522100276,2,9,0,3,3,2,6,0,0,1,0,0,0,0,2,1,6,6,1,60,9,-1,-1,-1,-1,5,E01015000,0,-1
2020010252880,2020,010252880,1,1,9,99,99,9,9,0,0,9,9,99,9,0,9,1,6,6,1,-1,-1,-1,-1,-1,-1,-1,-1,0,-1
202006F272194,2020,06F272194,1,9,0,2,2,0,0,0,0,0,0,0,0,0,3,1,6,6,3,-1,-1,-1,-1,-1,-1,-1,-1,0,-1
202060Y028295,2020,60Y028295,2,9,0,18,19,7,3,0,0,8,0,0,1,0,1,1,1,1,1,43,7,-1,-1,-1,-1,-1,-1,0,-1
2020332000817,2020,332000817,1,9,0,3,3,7,3,0,0,1,0,0,0,0,1,1,6,6,1,28,6,-1,-1,-1,-1,3,E01013773,0,-1
2020530993960,2020,530993960,1,1,0,18,19,6,2,5,5,8,0,0,0,0,3,1,6,6,1,25,5,-1,-1,-1,-1,8,E01022412,0,-1
2020440306125,2020,440306125,1,9,0,7,7,3,1,0,0,4,0,0,0,0,1,1,6,6,3,-1,-1,-1,-1,-1,-1,-1,-1,0,-1
2020010247676,2020,010247676,1,9,0,16,19,1,5,0,0,1,0,0,0,0,1,1,2,2,1,26,6,-1,-1,-1,-1,4,E01001041,0,-1
202060Y049423,2020,60Y049423,1,9,0,5,5,1,5,0,0,6,0,0,0,0,3,1,6,6,1,46,8,-1,-1,-1,-1,-1,-1,0,-1
2020501021800,2020,501021800,2,9,0,2,2,0,0,0,0,0,0,0,0,0,3,1,5,6,2,41,7,-1,-1,-1,-1,4,E01020247,0,-1
2020547591220,2020,547591220,1,9,0,9,9,2,8,0,0,6,0,0,0,0,3,1,1,1,1,37,7,-1,-1,-1,-1,9,E01031886,0,-1
2020220993681,2020,220993681,1,9,0,16,19,2,5,0,0,8,0,0,0,0,1,1,2,2,1,22,5,-1,-1,-1,-1,4,E01014033,0,-1
2020211026310,2020,211026310,1,1,0,18,19,5,1,0,0,0,0,0,0,0,4,1,6,6,2,51,8,-1,-1,-1,-1,1,E01014222,0,-1
2020010249418,2020,010249418,2,1,0,17,19,2,7,9,9,0,0,0,0,0,3,1,6,6,2,30,6,-1,-1,-1,-1,2,E01001462,0,-1
2020990970202,2020,990970202,2,1,0,15,15,4,8,0,0,0,5,8,0,0,1,1,6,6,1,63,9,-1,-1,-1,-1,10,-1,0,-1
2020450954799,2020,450954799,2,1,0,18,19,1,7,0,0,8,0,0,0,0,3,1,5,6,2,50,8,-1,-1,-1,-1,10,E01003846,0,-1
2020460926241,2020,460926241,2,1,0,18,19,3,7,5,5,1,0,0,0,0,1,1,2,2,2,41,7,-1,-1,-1,-1,5,E01016118,0,-1
2020430158634,2020,430158634,3,9,0,2,2,0,0,0,0,0,0,0,0,0,3,1,6,6,3,-1,-1,-1,-1,-1,-1,-1,-1,0,-1
2020100959628,2020,100959628,2,9,0,2,2,-1,-1,0,0,0,0,0,0,0,2,1,6,6,3,-1,-1,-1,-1,-1,-1,-1,-1,0,-1
2020010276413,2020,010276413,1,11,0,18,19,1,5,0,0,9,0,0,0,0,9,1,1,1,1,-1,-1,-1,-1,-1,-1,3,E01016520,0,-1
2020122100009,2020,122100009,2,1,0,18,19,4,8,0,0,1,0,0,0,0,4,1,1,1,1,28,6,-1,-1,-1,-1,7,E01027603,0,-1
2020501008737,2020,501008737,1,1,0,18,19,1,5,0,0,0,1,0,0,0,3,1,5,6,1,59,9,-1,-1,-1,-1,4,E01020334,0,-1
202060Y129491,2020,60Y129491,1,9,0,9,9,3,1,0,0,3,0,0,0,0,1,1,6,6,2,20,4,-1,-1,-1,-1,-1,-1,0,-1
2020200940274,2020,200940274,1,9,0,18,19,8,5,0,0,0,0,0,0,0,1,1,6,6,3,-1,-1,-1,-1,-1,-1,-1,-1,0,-1
2020420993658,2020,420993658,2,1,0,5,5,5,3,0,0,2,5,0,0,0,1,1,4,7,2,18,4,-1,-1,-1,-1,7,E01015876,0,-1
2020010241549,2020,010241549,1,1,9,99,99,9,9,99,99,9,9,99,9,99,9,1,6,6,1,65,9,-1,-1,-1,-1,10,E01030331,0,-1
2020332000888,2020,332000888,2,5,0,18,19,3,7,0,0,8,1,0,0,0,1,1,6,6,1,52,8,-1,-1,-1,-1,5,E01025897,0,-1
2020070518498,2020,070518498,1,21,1,12,12,1,5,0,0,0,0,0,0,0,3,2,1,1,1,25,5,-1,-1,-1,-1,-1,-1,0,-1
2020052001737,2020,052001737,2,1,0,18,19,5,1,0,0,1,0,0,0,0,1,1,6,6,1,64,9,-1,-1,-1,-1,10,E01006937,0,-1
2020340W01362,2020,340W01362,1,19,0,2,2,5,1,0,0,0,0,0,0,0,4,1,1,1,1,42,7,-1,-1,-1,-1,3,E01027319,0,-1
2020010234841,2020,010234841,2,1,0,3,3,5,1,0,0,1,0,0,0,0,1,1,2,2,1,50,8,-1,-1,-1,-1,6,E01021772,0,-1
2020471010168,2020,471010168,2,9,0,2,2,0,0,0,0,2,0,4,0,0,2,1,6,6,3,-1,-1,-1,-1,-1,-1,-1,-1,0,-1
2020230959895,2020,230959895,2,1,0,18,19,4,8,0,0,0,0,10,1,0,4,1,5,6,1,54,8,-1,-1,-1,-1,9,E01031125,0,-1
2020470920828,2020,470920828,3,9,0,3,3,1,5,0,0,0,0,0,0,0,2,1,6,6,3,-1,-1,-1,-1,-1,-1,-1,-1,0,-1
2020010263424,2020,010263424,2,9,0,99,99,9,9,99,99,9,9,99,9,99,1,9,6,6,3,59,9,-1,-1,-1,-1,4,E01000503,0,-1
2020990955144,2020,990955144,1,1,0,18,19,4,8,0,0,0,0,0,0,0,1,1,6,6,1,5,1,-1,-1,-1,-1,2,-1,0,-1
2020052002621,2020,052002621,1,23,0,18,19,7,3,0,0,0,0,0,0,0,1,1,6,6,1,27,6,-1,-1,-1,-1,2,E01033751,0,-1
2020010244208,2020,010244208,2,1,0,9,9,7,5,0,0,8,0,0,0,0,1,1,2,2,1,45,7,-1,-1,-1,-1,6,E01003226,0,-1
2020400944784,2020,400944784,1,9,0,18,19,5,8,0,0,3,0,0,0,0,1,1,6,6,3,-1,-1,-1,-1,-1,-1,-1,-1,0,-1
2020350987533,2020,350987533,3,1,0,18,19,1,3,0,0,0,0,0,0,0,0,1,6,6,2,46,8,-1,-1,-1,-1,6,E01028550,0,-1
2020440184785,2020,440184785,2,1,0,18,19,6,2,0,0,8,0,0,0,0,1,1,2,2,1,44,7,-1,-1,-1,-1,3,E01017089,0,-1
2020420944297,2020,420944297,3,9,0,2,2,0,0,0,0,0,0,0,0,0,2,1,6,6,3,-1,-1,-1,-1,-1,-1,-1,-1,0,-1
202060Y140339,2020,60Y140339,2,9,0,4,4,6,2,0,0,0,0,0,0,0,2,1,6,6,2,25,5,-1,-1,-1,-1,-1,-1,0,-1
2020010267282,2020,010267282,2,9,0,99,99,9,9,99,99,9,9,99,9,99,9,9,6,6,3,-1,-1,-1,-1,-1,-1,-1,-1,0,-1
2020052001137,2020,052001137,1,9,0,18,19,5,1,0,0,8,0,0,0,0,1,1,6,6,3,-1,-1,-1,-1,-1,-1,-1,-1,0,-1
2020052000354,2020,052000354,1,9,0,18,19,3,7,0,0,8,0,0,0,0,1,1,6,6,1,34,6,-1,-1,-1,-1,1,E01006776,0,-1
2020430324885,2020,430324885,1,1,0,18,19,4,8,0,0,0,0,0,0,0,2,1,6,6,1,27,6,-1,-1,-1,-1,9,E01017678,0,-1
202060Y134640,2020,60Y134640,1,5,0,13,13,8,4,0,0,1,0,0,0,0,1,1,6,6,1,52,8,-1,-1,-1,-1,-1,-1,0,-1
2020161007748,2020,161007748,2,1,0,18,19,3,7,2,2,8,0,0,0,0,1,1,6,6,1,22,5,-1,-1,-1,-1,1,E01012893,0,-1
2020010256968,2020,010256968,2,1,0,18,19,2,6,0,0,8,0,0,0,0,3,1,2,2,1,38,7,-1,-1,-1,-1,1,E01001080,0,-1
2020332000254,2020,332000254,3,9,0,18,19,1,5,0,0,2,0,0,0,0,0,1,6,6,2,21,5,-1,-1,-1,-1,7,E01031108,0,-1
2020100917955,2020,100917955,1,9,0,18,19,3,7,0,0,1,0,0,0,0,1,1,6,6,1,20,4,-1,-1,-1,-1,1,E01011739,0,-1
2020440350048,2020,440350048,2,1,0,18,19,4,8,0,0,0,0,0,0,0,4,1,6,6,1,51,8,-1,-1,-1,-1,3,E01017123,0,-1
2020420998414,2020,420998414,1,1,0,9,9,6,3,0,0,2,0,0,0,0,1,1,6,6,1,19,4,-1,-1,-1,-1,-1,-1,0,-1
2020010253143,2020,010253143,2,1,0,9,9,1,6,0,0,5,5,0,0,0,2,1,6,6,2,47,8,-1,-1,-1,-1,1,E01001845,0,-1
2020010247209,2020,010247209,1,9,0,13,13,2,6,4,4,1,0,0,0,0,4,9,6,6,1,30,6,-1,-1,-1,-1,-1,-1,0,-1
2020430272721,2020,430272721,1,9,0,4,4,7,3,0,0,1,0,0,0,0,1,1,6,6,3,-1,-1,-1,-1,-1,-1,-1,-1,0,-1
2020522002354,2020,522002354,2,9,0,18,19,1,5,0,0,0,1,0,0,0,1,1,6,6,3,40,7,-1,-1,-1,-1,-1,-1,0,-1
2020332001198,2020,332001198,2,9,0,18,19,3,7,0,0,0,0,0,0,0,0,1,6,6,1,-1,-1,-1,-1,-1,-1,-1,-1,0,-1
2020010256812,2020,010256812,2,1,5,18,19,7,3,0,0,0,0,8,0,0,1,1,6,6,1,41,7,-1,-1,-1,-1,4,E01001873,0,-1
2020332000439,2020,332000439,2,3,0,18,19,3,7,0,0,1,0,0,0,0,3,1,6,6,1,57,9,-1,-1,-1,-1,2,E01013683,0,-1
2020010234443,2020,010234443,2,-1,0,18,19,4,8,0,0,1,0,0,0,0,1,2,2,2,1,30,6,-1,-1,-1,-1,3,E01003339,1,-1
2020610034020,2020,610034020,2,1,0,5,5,3,7,0,0,0,0,0,0,0,1,1,6,6,1,5,1,-1,-1,-1,-1,5,W01001350,0,-1
2020332000691,2020,332000691,1,9,0,18,19,7,3,0,0,1,0,0,0,0,1,1,2,2,1,18,4,-1,-1,-1,-1,9,E01025951,0,-1
2020332000925,2020,332000925,1,9,0,4,4,6,2,0,0,6,0,0,3,1,4,1,6,6,1,34,6,-1,-1,-1,-1,6,E01025747,0,-1
2020010239163,2020,010239163,1,1,9,99,99,9,9,99,99,9,9,99,9,99,1,1,2,2,1,46,8,-1,-1,-1,-1,8,E01017758,0,-1
2020470953397,2020,470953397,2,20,0,2,2,0,0,0,0,2,0,0,0,0,3,1,6,6,3,-1,-1,-1,-1,-1,-1,-1,-1,0,-1
2020440080607,2020,440080607,1,19,0,9,9,2,8,0,0,6,0,0,0,0,3,1,6,6,1,52,8,-1,-1,-1,-1,3,E01017075,0,-1
2020460944070,2020,460944070,2,1,0,5,5,2,2,0,0,1,0,0,0,0,2,1,5,6,1,38,7,-1,-1,-1,-1,5,E01024701,0,-1
2020450988836,2020,450988836,2,9,0,3,3,1,5,0,0,0,0,0,0,0,1,1,6,6,3,40,7,-1,-1,-1,-1,-1,-1,0,-1
2020450920507,2020,450920507,3,9,0,2,2,0,0,0,0,0,0,0,0,0,1,1,6,6,3,-1,-1,-1,-1,-1,-1,-1,-1,0,-1
2020070568508,2020,070568508,2,1,0,18,19,6,2,0,0,8,0,0,0,0,1,1,6,6,1,39,7,-1,-1,-1,-1,-1,-1,0,-1
2020010243822,2020,010243822,1,1,9,99,99,9,9,99,99,9,9,99,9,99,2,1,6,6,1,75,10,-1,-1,-1,-1,3,E01001804,0,-1
2020030993490,2020,030993490,2,9,0,18,19,0,0,0,0,1,0,0,0,0,2,1,5,6,1,55,8,-1,-1,-1,-1,3,E01019211,0,-1
2020200949509,2020,200949509,2,1,0,18,19,4,8,0,0,0,0,0,0,0,3,1,6,6,1,74,10,-1,-1,-1,-1,10,E01010193,0,-1
2020420930743,2020,420930743,2,1,0,18,19,6,2,0,0,0,0,0,0,0,3,1,2,2,2,29,6,-1,-1,-1,-1,10,E01021618,0,-1
2020332000958,2020,332000958,4,19,0,18,19,1,5,0,0,0,1,0,0,0,1,1,1,1,1,49,8,-1,-1,-1,-1,7,E01016778,0,-1
202060Y588288,2020,60Y588288,1,9,4,12,12,6,2,0,0,0,0,0,0,0,3,1,6,6,1,60,9,-1,-1,-1,-1,-1,-1,0,-1
2020991011848,2020,991011848,2,1,0,18,19,2,6,0,0,3,0,0,0,0,2,1,2,2,1,35,6,-1,-1,-1,-1,1,-1,0,-1
2020320661604,2020,320661604,1,9,0,18,19,6,2,0,0,0,0,0,0,0,4,1,6,6,3,40,7,-1,-1,-1,-1,-1,-1,0,-1
2020010230846,2020,010230846,1,1,0,18,19,1,5,0,0,8,0,0,0,0,1,1,2,2,2,33,6,-1,-1,-1,-1,3,E01003916,0,-1
2020010272921,2020,010272921,2,19,0,18,19,3,7,0,0,1,0,0,0,0,9,1,6,6,3,-1,-1,-1,-1,-1,-1,-1,-1,0,-1
2020010283096,2020,010283096,1,1,0,17,19,5,2,0,0,1,0,0,0,0,1,1,1,1,1,24,5,-1,-1,-1,-1,2,E01004224,0,-1
2020137BH0332,2020,137BH0332,3,9,0,4,4,7,2,0,0,0,0,0,0,0,2,1,6,6,3,-1,-1,-1,-1,-1,-1,-1,-1,0,-1
2020990967320,2020,990967320,2,1,0,18,19,1,5,0,0,0,0,0,0,0,3,1,2,2,1,55,8,-1,-1,-1,-1,1,-1,0,-1
2020010282305,2020,010282305,2,9,0,99,99,9,9,99,99,9,9,99,9,99,9,9,6,6,1,39,7,-1,-1,-1,-1,5,E01031952,0,-1
2020010245184,2020,010245184,2,9,0,99,99,9,9,99,99,9,9,99,9,99,9,9,-1,-1,3,-1,-1,-1,-1,-1,-1,-1,-1,0,-1
2020530928828,2020,530928828,2,1,0,16,19,5,1,0,0,8,1,0,0,0,4,1,5,6,1,72,10,-1,-1,-1,-1,10,E01022103,0,-1
2020350996215,2020,350996215,2,1,0,18,19,3,7,0,0,8,0,0,0,0,3,1,5,6,1,52,8,-1,-1,-1,-1,9,E01018136,0,-1
202006L266985,2020,06L266985,2,1,0,18,19,3,7,0,0,4,0,0,0,0,1,1,6,6,2,53,8,-1,-1,-1,-1,-1,-1,0,-1
2020460989758,2020,460989758,1,9,0,18,19,8,4,0,0,0,0,0,0,0,0,1,6,6,1,55,8,-1,-1,-1,-1,2,E01032260,0,-1
2020460954788,2020,460954788,1,1,0,18,19,5,1,0,0,8,0,0,0,0,1,1,6,6,1,-1,-1,-1,-1,-1,-1,-1,-1,0,-1
2020010258887,2020,010258887,1,9,0,99,99,9,9,99,99,0,9,99,9,99,1,9,6,6,3,-1,-1,-1,-1,-1,-1,-1,-1,0,-1
2020010250659,2020,010250659,1,9,0,99,99,9,9,99,99,9,9,99,9,99,9,9,6,6,3,-1,-1,-1,-1,-1,-1,-1,-1,0,-1
202063B010820,2020,63B010820,1,9,0,18,19,2,6,0,0,0,0,0,0,0,4,1,6,6,3,-1,-1,-1,-1,-1,-1,-1,-1,0,-1
2020470967482,2020,470967482,2,1,0,18,19,1,5,0,0,0,5,0,0,0,0,1,6,6,2,32,6,-1,-1,-1,-1,3,E01002777,0,-1
2020160953762,2020,160953762,1,90,0,9,9,4,2,0,0,2,0,0,0,0,3,1,5,6,1,48,8,-1,-1,-1,-1,3,E01012963,0,-1
20201371K0963,2020,1371K0963,2,9,0,18,19,1,5,0,0,0,0,0,0,0,2,1,6,6,2,39,7,-1,-1,-1,-1,1,E01013000,0,-1
2020052000164,2020,052000164,1,9,0,12,12,4,8,0,0,0,0,0,0,0,3,1,6,6,3,-1,-1,-1,-1,-1,-1,-1,-1,0,-1
2020010283880,2020,010283880,1,-1,0,18,19,5,1,0,0,1,0,0,0,0,3,1,6,6,1,23,5,-1,-1,-1,-1,3,E01000130,1,-1
2020141003699,2020,141003699,1,1,0,18,19,3,7,0,0,2,0,0,0,0,1,1,6,6,3,-1,-1,-1,-1,-1,-1,-1,-1,0,-1
2020010290247,2020,010290247,1,9,0,99,99,9,9,99,99,9,9,99,9,99,1,9,6,6,3,-1,-1,-1,-1,-1,-1,-1,-1,0,-1
2020052001828,2020,052001828,1,9,0,18,19,8,4,0,0,4,0,0,0,0,1,1,6,6,1,47,8,-1,-1,-1,-1,1,E01006877,0,-1
2020520002311,2020,520002311,2,9,0,9,9,8,2,0,0,8,0,0,0,0,1,1,6,6,3,-1,-1,-1,-1,-1,-1,-1,-1,0,-1
2020332000366,2020,332000366,1,9,0,9,9,2,8,0,0,5,0,0,0,0,1,1,6,6,2,74,10,-1,-1,-1,-1,8,E01025873,0,-1
2020040972737,2020,040972737,2,1,0,18,19,5,1,0,0,1,0,0,0,0,1,1,6,6,1,25,5,-1,-1,-1,-1,1,E01012672,0,-1
2020990991272,2020,990991272,1,9,0,5,5,6,3,0,0,1,1,0,0,0,1,2,6,6,1,35,6,-1,-1,-1,-1,-1,-1,0,-1
2020160944324,2020,160944324,2,1,0,18,19,2,6,0,0,1,0,0,0,0,1,1,5,6,1,53,8,-1,-1,-1,-1,4,E01012901,0,-1
2020010257335,2020,010257335,2,9,0,17,19,5,1,0,0,1,0,0,0,0,1,1,6,6,3,-1,-1,-1,-1,-1,-1,-1,-1,0,-1
2020010260450,2020,010260450,2,9,0,13,13,3,7,0,0,1,0,0,0,0,1,1,6,6,1,-1,-1,-1,-1,-1,-1,3,E01003926,0,-1
2020010256148,2020,010256148,1,9,0,3,3,3,7,0,0,1,0,0,0,0,2,1,6,6,1,36,7,-1,-1,-1,-1,4,E01001435,0,-1
2020160953307,2020,160953307,2,1,0,18,19,5,1,0,0,0,0,0,0,0,2,1,6,6,1,11,3,-1,-1,-1,-1,3,E01012777,0,-1
2020010237099,2020,010237099,1,1,9,99,99,9,9,99,99,0,9,99,9,99,2,1,2,2,1,24,5,-1,-1,-1,-1,8,E01000880,0,-1
2020040992786,2020,040992786,1,98,0,18,19,5,7,0,0,0,0,0,0,0,-1,1,6,6,3,-1,-1,-1,-1,-1,-1,-1,-1,0,-1
2020070271353,2020,070271353,1,9,0,18,19,5,1,0,0,0,0,0,0,0,4,1,6,6,1,35,6,-1,-1,-1,-1,10,E01018471,0,-1
2020010279663,2020,010279663,2,9,0,99,99,9,9,99,99,0,9,99,9,99,2,9,6,6,2,26,6,-1,-1,-1,-1,2,E01004723,0,-1
2020010233968,2020,010233968,1,8,0,99,99,9,9,99,99,9,9,99,9,99,2,9,6,6,1,28,6,-1,-1,-1,-1,3,E01001213,0,-1
202060Y050708,2020,60Y050708,1,9,0,18,19,4,8,0,0,8,0,0,0,0,3,1,6,6,1,-1,-1,-1,-1,-1,-1,-1,-1,0,-1
202006F174569,2020,06F174569,2,9,0,18,19,2,6,0,0,2,0,0,0,0,1,1,6,6,1,39,7,-1,-1,-1,-1,3,E01006338,0,-1
2020332000468,2020,332000468,1,19,0,9,9,4,8,9,9,4,0,0,0,0,1,1,2,2,1,42,7,-1,-1,-1,-1,4,E01013740,0,-1
2020010242735,2020,010242735,1,9,0,99,99,9,9,99,99,0,9,99,9,99,9,1,6,6,3,-1,-1,-1,-1,-1,-1,-1,-1,0,-1
2020302000874,2020,302000874,2,9,0,16,19,1,4,0,0,0,0,0,0,0,1,1,6,6,3,-1,-1,-1,-1,-1,-1,5,E01019456,0,-1
2020332000420,2020,332000420,2,1,0,9,9,2,8,0,0,5,0,0,0,0,3,1,6,6,1,68,10,-1,-1,-1,-1,5,E01013736,0,-1
2020320583029,2020,320583029,1,9,0,13,13,6,2,0,0,0,0,0,0,0,0,1,6,6,3,40,7,-1,-1,-1,-1,-1,-1,0,-1
202060Y188715,2020,60Y188715,1,19,0,1,1,7,3,0,0,0,0,4,0,0,3,1,1,1,1,23,5,-1,-1,-1,-1,-1,-1,0,-1
2020360940618,2020,360940618,2,1,0,18,19,1,5,5,5,0,0,0,0,0,1,1,1,1,1,41,7,-1,-1,-1,-1,6,E01026593,0,-1
2020411021601,2020,411021601,1,9,0,2,2,0,0,0,0,2,0,0,0,0,3,1,6,6,2,71,10,-1,-1,-1,-1,10,E01023816,0,-1
2020440223074,2020,440223074,1,5,0,9,9,2,8,0,0,8,0,0,0,0,1,1,6,6,1,53,8,-1,-1,-1,-1,6,E01022701,0,-1
2020430107816,2020,430107816,2,21,0,18,19,8,4,0,0,0,0,0,0,0,3,1,1,1,1,33,6,-1,-1,-1,-1,7,E01016293,0,-1
2020137A61796,2020,137A61796,2,1,0,15,15,8,4,0,0,0,0,0,0,0,4,1,6,6,1,48,8,-1,-1,-1,-1,9,E01011513,0,-1
2020140943242,2020,140943242,1,9,0,17,19,2,4,0,0,0,0,0,0,0,1,1,2,2,1,37,7,-1,-1,-1,-1,7,E01011183,0,-1
2020460982092,2020,460982092,1,19,0,18,19,1,7,0,0,6,0,0,0,0,1,1,5,6,1,-1,-1,-1,-1,-1,-1,-1,-1,0,-1
2020201022425,2020,201022425,1,9,0,18,19,8,4,0,0,8,0,0,0,0,1,1,6,6,3,-1,-1,-1,-1,-1,-1,-1,-1,0,-1
2020010233701,2020,010233701,1,-1,0,5,5,4,8,0,0,1,0,0,0,0,1,1,6,6,2,23,5,-1,-1,-1,-1,3,E01004259,1,-1
2020200991390,2020,200991390,2,97,0,13,13,2,6,0,0,0,0,0,0,0,1,1,6,6,3,-1,-1,-1,-1,-1,-1,-1,-1,0,-1
202031C109520,2020,31C109520,1,9,0,12,12,5,1,0,0,0,0,0,0,0,2,1,6,6,3,-1,-1,-1,-1,-1,-1,-1,-1,0,-1
2020010240542,2020,010240542,1,1,9,99,99,9,9,99,99,0,9,99,9,99,9,1,6,6,1,28,6,-1,-1,-1,-1,3,E01032583,0,-1
2020371002018,2020,371002018,2,1,0,18,19,5,1,0,0,8,5,0,0,0,4,1,5,6,1,69,10,-1,-1,-1,-1,3,E01030162,0,-1
2020332000460,2020,332000460,1,9,0,18,19,6,2,0,0,0,2,0,0,0,1,1,6,6,2,22,5,-1,-1,-1,-1,5,E01025897,0,-1
2020160927768,2020,160927768,1,1,0,7,7,1,5,0,0,3,0,0,0,0,2,1,6,6,1,15,3,-1,-1,-1,-1,1,E01013203,0,-1
2020010238705,2020,010238705,2,1,0,17,19,5,1,0,0,8,0,0,0,0,4,-1,1,1,1,52,8,-1,-1,-1,-1,3,E01002405,0,-1
2020522001267,2020,522001267,1,1,0,5,5,5,1,0,0,6,0,0,0,0,2,1,6,6,1,33,6,-1,-1,-1,-1,3,E01014588,0,-1
2020360950765,2020,360950765,2,1,0,18,19,7,3,0,0,0,0,0,0,0,2,1,6,6,1,48,8,-1,-1,-1,-1,4,E01026762,0,-1
2020010286435,2020,010286435,1,9,0,9,9,2,7,0,0,1,0,0,0,0,1,1,6,6,3,-1,-1,-1,-1,-1,-1,-1,-1,0,-1
2020552000266,2020,552000266,1,9,0,17,19,2,6,0,0,0,1,0,2,4,1,1,6,6,1,17,4,-1,-1,-1,-1,6,E01020528,0,-1
2020440261126,2020,440261126,1,19,4,7,7,6,8,0,0,5,0,0,0,0,4,1,1,1,1,38,7,-1,-1,-1,-1,7,E01031500,0,-1
2020340W02542,2020,340W02542,2,1,0,99,99,1,5,9,9,0,0,0,0,0,0,1,6,6,1,13,3,-1,-1,-1,-1,9,E01027322,0,-1
2020460963505,2020,460963505,1,-1,0,18,19,2,6,0,0,0,0,0,0,0,0,1,6,6,1,57,9,-1,-1,-1,-1,6,E01024266,1,-1
2020440231346,2020,440231346,1,9,0,16,19,5,8,0,0,0,0,0,0,0,1,1,6,6,1,19,4,-1,-1,-1,-1,10,E01023265,0,-1
2020522002116,2020,522002116,2,9,0,7,7,5,7,0,0,8,0,0,0,0,1,1,6,6,3,30,6,-1,-1,-1,-1,-1,-1,0,-1
2020302000894,2020,302000894,1,1,0,18,19,4,8,0,0,1,0,0,0,0,1,1,6,6,2,29,6,-1,-1,-1,-1,4,E01033171,0,-1
2020332000391,2020,332000391,2,17,0,17,19,5,2,0,0,0,0,0,0,0,1,1,1,1,1,25,5,-1,-1,-1,-1,8,E01013788,0,-1
2020221007928,2020,221007928,1,9,0,17,19,1,6,0,0,0,1,0,0,0,1,1,5,6,1,63,9,-1,-1,-1,-1,8,E01032160,0,-1
2020010246303,2020,010246303,3,1,0,18,19,3,7,9,9,0,0,0,0,0,1,1,6,6,1,30,6,-1,-1,-1,-1,2,E01003509,0,-1
2020010256548,2020,010256548,2,1,0,18,19,1,5,0,0,1,0,0,0,0,1,1,6,6,1,44,7,-1,-1,-1,-1,4,E01001194,0,-1
2020460992712,2020,460992712,1,1,0,4,4,7,3,0,0,8,0,0,0,0,4,1,5,6,1,14,3,-1,-1,-1,-1,4,E01024665,0,-1
2020230951839,2020,230951839,1,9,0,13,13,8,4,0,0,0,0,0,0,0,4,1,5,6,3,28,6,-1,-1,-1,-1,-1,-1,0,-1
2020450969112,2020,450969112,1,1,0,18,19,7,3,0,0,1,0,0,0,0,1,1,5,6,1,50,8,-1,-1,-1,-1,10,E01030368,0,-1
2020010250555,2020,010250555,2,1,0,18,19,2,6,0,0,1,0,0,0,0,4,1,6,6,1,18,4,-1,-1,-1,-1,3,E01002542,0,-1
20201379E0376,2020,1379E0376,2,1,0,18,19,4,8,0,0,0,5,0,0,0,1,1,6,6,1,36,7,-1,-1,-1,-1,10,E01032504,0,-1
2020010258889,2020,010258889,2,1,0,18,19,5,1,4,4,8,1,0,0,0,1,1,6,6,2,29,6,-1,-1,-1,-1,7,E01003027,0,-1
2020420952908,2020,420952908,3,9,0,7,7,1,3,0,0,2,0,0,0,0,0,1,6,6,3,-1,-1,-1,-1,-1,-1,-1,-1,0,-1
2020332000447,2020,332000447,1,9,0,18,19,1,5,0,0,1,2,0,8,2,1,1,6,6,1,22,5,-1,-1,-1,-1,-1,-1,0,-1
2020332000315,2020,332000315,2,9,0,18,19,6,2,0,0,8,0,0,0,0,1,1,6,6,1,57,9,-1,-1,-1,-1,10,E01025713,0,-1
2020010255847,2020,010255847,2,9,0,18,19,3,7,0,0,1,9,0,0,99,1,9,6,6,3,-1,-1,-1,-1,-1,-1,2,E01002049,0,-1
2020010235464,2020,010235464,2,1,0,18,19,3,7,0,0,2,0,0,0,0,2,-1,6,6,1,17,4,-1,-1,-1,-1,2,E01003175,0,-1