collision_index,collision_year,collision_ref_no,vehicle_reference,vehicle_type,towing_and_articulation,vehicle_manoeuvre_historic,vehicle_manoeuvre,vehicle_direction_from,vehicle_direction_to,vehicle_location_restricted_lane_historic,vehicle_location_restricted_lane,junction_location,skidding_and_overturning,hit_object_in_carriageway,vehicle_leaving_carriageway,hit_object_off_carriageway,first_point_of_impact,vehicle_left_hand_drive,journey_purpose_of_driver_historic,journey_purpose_of_driver,sex_of_driver,age_of_driver,age_band_of_driver,engine_capacity_cc,propulsion_code,age_of_vehicle,generic_make_model,driver_imd_decile,lsoa_of_driver,escooter_flag,driver_distance_banding
2020430037746,2020,430037746,2,1,0,18,19,3,7,4,4,1,0,0,0,0,1,1,2,2,2,25,5,-1,-1,-1,-1,7,E01028640,0,-1
2020410931706,2020,410931706,2,1,0,14,14,3,7,0,0,0,2,0,0,0,1,1,6,6,1,-1,-1,-1,-1,-1,-1,-1,-1,0,-1
2020546414820,2020,546414820,1,9,0,18,19,1,5,0,0,8,0,0,0,0,1,1,2,2,1,63,9,-1,-1,-1,-1,7,E01032015,0,-1
2020140965103,2020,140965103,2,97,0,3,3,4,8,0,0,1,0,0,0,0,1,1,6,6,1,-1,-1,-1,-1,-1,-1,-1,-1,0,-1
202054A058520,2020,54A058520,2,1,0,18,19,3,7,0,0,6,0,0,0,0,3,1,3,7,1,13,3,-1,-1,-1,-1,5,E01032063,0,-1
2020350917531,2020,350917531,2,9,0,8,8,7,1,0,0,2,0,0,0,0,2,1,5,6,2,23,5,-1,-1,-1,-1,6,E01033121,0,-1
2020052001162,2020,052001162,2,1,0,18,19,5,1,0,0,0,0,0,0,0,2,1,6,6,1,46,8,-1,-1,-1,-1,10,E01007034,0,-1
2020010271287,2020,010271287,2,9,0,18,19,7,3,0,0,8,0,0,0,0,1,1,6,6,1,23,5,-1,-1,-1,-1,2,E01004290,0,-1
2020430021372,2020,430021372,1,1,0,18,19,8,4,0,0,0,0,0,0,0,4,1,2,2,1,43,7,-1,-1,-1,-1,10,E01032759,0,-1
2020371019116,2020,371019116,1,9,0,18,19,4,8,0,0,0,0,0,0,0,-1,1,6,6,1,40,7,-1,-1,-1,-1,8,E01030152,0,-1
2020990988419,2020,990988419,2,9,0,2,2,0,0,0,0,0,0,0,0,0,2,1,6,6,3,-1,-1,-1,-1,-1,-1,-1,-1,0,-1
2020470955406,2020,470955406,1,9,0,5,5,7,3,0,0,8,0,0,0,0,1,1,5,6,2,57,9,-1,-1,-1,-1,7,E01031660,0,-1
2020122001259,2020,122001259,1,8,0,6,6,1,1,0,0,0,0,0,1,4,3,1,1,1,1,45,7,-1,-1,-1,-1,1,E01010701,0,-1
2020070124432,2020,070124432,1,19,0,5,5,3,8,0,0,1,0,0,0,0,3,1,1,1,1,20,4,-1,-1,-1,-1,-1,-1,0,-1
2020010278063,2020,010278063,2,-1,0,18,19,1,5,0,0,8,0,0,0,0,1,1,6,6,1,18,4,-1,-1,-1,-1,3,E01001175,1,-1
2020140951490,2020,140951490,3,9,0,2,2,0,0,0,0,2,0,0,0,0,1,1,6,6,3,-1,-1,-1,-1,-1,-1,-1,-1,0,-1
2020440315499,2020,440315499,1,1,0,18,19,6,2,0,0,0,0,0,0,0,4,1,6,6,1,34,6,-1,-1,-1,-1,4,E01017199,0,-1
2020440349851,2020,440349851,1,1,0,5,5,3,7,0,0,8,0,0,0,0,3,1,6,6,1,54,8,-1,-1,-1,-1,4,E01017083,0,-1
2020010273834,2020,010273834,2,9,0,99,99,9,9,99,99,9,9,99,9,99,1,9,6,6,3,-1,-1,-1,-1,-1,-1,-1,-1,0,-1
2020010244560,2020,010244560,1,5,0,18,19,5,1,0,0,0,1,0,0,0,1,1,6,6,3,-1,-1,-1,-1,-1,-1,-1,-1,0,-1
202060Y006898,2020,60Y006898,2,9,0,18,19,2,6,0,0,1,1,0,0,0,1,1,3,7,2,35,6,-1,-1,-1,-1,-1,-1,0,-1
2020302000248,2020,302000248,1,9,0,18,19,2,6,0,0,0,5,4,0,0,1,1,6,6,1,82,11,-1,-1,-1,-1,-1,-1,0,-1
2020010266270,2020,010266270,2,-1,0,9,9,5,3,0,0,3,0,0,0,0,2,1,6,6,1,19,4,-1,-1,-1,-1,6,E01001284,1,-1
202006L273374,2020,06L273374,1,9,0,18,19,2,6,0,0,0,0,0,0,0,1,1,2,2,1,24,5,-1,-1,-1,-1,8,E01005736,0,-1
2020410998024,2020,410998024,2,97,0,7,7,5,1,0,0,8,0,0,0,0,1,1,6,6,1,22,5,-1,-1,-1,-1,5,E01023402,0,-1
2020990955016,2020,990955016,1,1,0,18,19,5,1,0,0,8,0,0,0,0,4,1,2,2,2,34,6,-1,-1,-1,-1,1,-1,0,-1
2020440310907,2020,440310907,2,3,0,13,13,2,6,0,0,0,0,0,7,0,1,1,6,6,1,24,5,-1,-1,-1,-1,-1,-1,0,-1
2020302001224,2020,302001224,1,9,0,4,4,1,5,0,0,6,0,0,0,0,0,1,6,6,3,-1,-1,-1,-1,-1,-1,5,E01019456,0,-1
2020137B11442,2020,137B11442,2,1,0,18,19,7,3,0,0,0,5,0,0,0,1,1,6,6,1,24,5,-1,-1,-1,-1,1,E01010677,0,-1
2020430300261,2020,430300261,2,1,0,18,19,4,8,0,0,0,0,0,0,0,3,1,6,6,1,27,6,-1,-1,-1,-1,5,E01028811,0,-1
2020122000424,2020,122000424,2,1,0,16,19,1,5,0,0,1,0,0,0,0,4,1,6,6,2,68,10,-1,-1,-1,-1,5,E01027789,0,-1
2020040959067,2020,040959067,3,9,0,7,7,4,6,0,0,1,0,0,0,0,0,1,6,6,1,62,9,-1,-1,-1,-1,7,E01019382,0,-1
2020470939445,2020,470939445,3,9,0,2,2,0,0,6,6,1,0,0,0,0,2,1,6,6,3,-1,-1,-1,-1,-1,-1,-1,-1,0,-1
2020440021535,2020,440021535,1,1,0,9,9,6,4,0,0,8,1,0,0,0,3,1,6,6,1,56,9,-1,-1,-1,-1,10,E01022596,0,-1
2020420938936,2020,420938936,1,9,0,5,5,1,5,0,0,1,0,0,0,0,1,1,6,6,3,-1,-1,-1,-1,-1,-1,-1,-1,0,-1
2020010230244,2020,010230244,1,1,9,18,19,5,1,99,99,9,9,99,9,99,9,-1,6,6,2,75,10,-1,-1,-1,-1,5,E01004515,0,-1
2020461001887,2020,461001887,2,1,0,18,19,2,6,0,0,0,0,0,0,0,4,1,5,6,1,61,9,-1,-1,-1,-1,5,E01024228,0,-1
2020052000161,2020,052000161,2,1,0,18,19,7,3,0,0,0,0,0,0,0,1,1,2,2,1,21,5,-1,-1,-1,-1,5,E01018532,0,-1
202006Q265681,2020,06Q265681,1,9,0,18,19,5,1,0,0,2,0,0,0,0,1,1,6,6,1,89,11,-1,-1,-1,-1,5,E01005444,0,-1
2020140994972,2020,140994972,2,9,0,2,2,0,0,0,0,2,0,0,0,0,4,1,6,6,3,-1,-1,-1,-1,-1,-1,-1,-1,0,-1
202063B043920,2020,63B043920,2,1,0,17,19,1,6,0,0,0,0,0,0,0,3,1,6,6,1,43,7,-1,-1,-1,-1,1,W01000511,0,-1
2020320406588,2020,320406588,2,21,0,18,19,7,3,0,0,0,1,0,0,0,2,2,1,1,1,45,7,-1,-1,-1,-1,-1,-1,0,-1
2020010234751,2020,010234751,2,1,0,12,12,1,5,0,0,1,0,0,0,0,4,1,1,1,1,18,4,-1,-1,-1,-1,3,E01001147,0,-1
2020010258942,2020,010258942,1,9,9,99,99,9,9,99,99,9,9,99,9,99,9,9,6,6,3,-1,-1,-1,-1,-1,-1,-1,-1,0,-1
2020010237251,2020,010237251,2,1,0,5,5,5,1,0,0,1,0,0,0,0,1,1,1,1,1,19,4,-1,-1,-1,-1,2,E01000876,0,-1
2020010243163,2020,010243163,1,9,0,15,15,4,8,0,0,0,0,4,0,0,1,1,6,6,1,34,6,-1,-1,-1,-1,6,E01004731,0,-1
2020470934957,2020,470934957,3,9,0,18,19,6,2,0,0,1,0,0,0,0,0,1,6,6,3,-1,-1,-1,-1,-1,-1,-1,-1,0,-1
202060Y139495,2020,60Y139495,2,9,0,3,3,8,4,0,0,1,0,0,0,0,1,1,6,6,1,35,6,-1,-1,-1,-1,-1,-1,0,-1
2020420996141,2020,420996141,1,9,0,18,19,1,5,0,0,1,0,0,0,0,1,1,6,6,3,-1,-1,-1,-1,-1,-1,-1,-1,0,-1
2020440159277,2020,440159277,1,1,0,18,19,1,6,0,0,0,0,4,0,0,1,1,6,6,2,33,6,-1,-1,-1,-1,3,E01017123,0,-1
202006E275754,2020,06E275754,1,1,0,18,19,5,1,0,0,0,0,0,0,0,2,1,6,6,1,18,4,-1,-1,-1,-1,4,E01005300,0,-1
2020332000493,2020,332000493,2,9,0,18,19,6,2,0,0,1,0,0,0,0,1,1,6,6,2,54,8,-1,-1,-1,-1,-1,-1,0,-1
2020052000086,2020,052000086,1,9,0,18,19,5,1,0,0,0,0,0,7,0,4,1,6,6,3,-1,-1,-1,-1,-1,-1,-1,-1,0,-1
2020010279500,2020,010279500,1,1,9,99,99,9,9,99,99,9,9,99,9,99,9,1,6,6,2,26,6,-1,-1,-1,-1,4,E01033579,0,-1
2020010274997,2020,010274997,1,1,9,99,99,9,9,99,99,9,9,99,9,99,0,1,2,2,2,54,8,-1,-1,-1,-1,5,E01004052,0,-1
2020100963843,2020,100963843,2,1,0,18,19,2,6,0,0,0,0,0,0,0,2,1,5,6,1,19,4,-1,-1,-1,-1,9,E01027549,0,-1
2020470951008,2020,470951008,2,1,0,9,9,8,7,0,0,8,5,0,0,0,3,1,5,6,1,51,8,-1,-1,-1,-1,9,E01020945,0,-1
2020140925298,2020,140925298,3,9,0,9,9,2,7,0,0,2,0,0,0,0,0,1,6,6,3,-1,-1,-1,-1,-1,-1,-1,-1,0,-1
2020461007411,2020,461007411,1,21,1,12,12,8,4,0,0,0,0,0,0,0,3,1,1,1,1,49,8,-1,-1,-1,-1,-1,-1,0,-1
2020470985036,2020,470985036,2,1,0,18,19,7,3,0,0,8,0,0,0,0,4,1,6,6,2,68,10,-1,-1,-1,-1,5,E01031401,0,-1
2020450954718,2020,450954718,1,1,0,18,19,3,7,0,0,1,0,0,0,0,3,1,5,6,1,28,6,-1,-1,-1,-1,8,E01030452,0,-1
2020040989266,2020,040989266,1,9,0,18,19,3,7,0,0,1,0,0,0,0,1,1,6,6,3,-1,-1,-1,-1,-1,-1,-1,-1,0,-1
2020552000377,2020,552000377,1,9,0,18,19,6,2,0,0,0,0,0,0,0,3,1,1,1,1,39,7,-1,-1,-1,-1,3,E01015305,0,-1
2020370938921,2020,370938921,2,1,0,14,14,3,7,0,0,0,0,8,0,0,1,1,6,6,2,64,9,-1,-1,-1,-1,6,E01030137,0,-1
2020122001013,2020,122001013,2,1,0,18,19,1,7,0,0,3,0,0,0,0,2,1,6,6,2,32,6,-1,-1,-1,-1,3,E01013444,0,-1
202060Y107658,2020,60Y107658,1,9,0,13,13,4,8,0,0,0,0,0,0,0,0,1,2,2,1,57,9,-1,-1,-1,-1,-1,-1,0,-1
2020500947785,2020,500947785,1,9,0,18,19,8,2,0,0,8,0,0,0,0,1,1,6,6,3,-1,-1,-1,-1,-1,-1,-1,-1,0,-1
2020302000453,2020,302000453,1,19,0,9,9,6,4,0,0,1,0,0,0,0,0,1,6,6,1,43,7,-1,-1,-1,-1,8,E01019600,0,-1
2020010286743,2020,010286743,2,1,0,18,19,6,2,0,0,8,0,0,0,0,1,1,6,6,1,32,6,-1,-1,-1,-1,9,E01004640,0,-1
2020140978416,2020,140978416,2,1,0,18,19,2,6,9,9,1,0,0,0,0,1,1,5,6,1,-1,-1,-1,-1,-1,-1,2,E01007340,0,-1
2020101004203,2020,101004203,3,9,0,18,19,5,2,0,0,1,0,0,0,0,1,1,5,6,1,28,6,-1,-1,-1,-1,-1,-1,0,-1
2020052000009,2020,052000009,1,9,0,18,19,5,1,0,0,0,0,0,0,0,1,1,6,6,3,-1,-1,-1,-1,-1,-1,-1,-1,0,-1
20201378T1520,2020,1378T1520,2,1,0,18,19,2,6,0,0,8,0,0,0,0,3,1,6,6,1,31,6,-1,-1,-1,-1,1,E01011764,0,-1
2020500991308,2020,500991308,1,8,0,4,4,0,0,0,0,0,0,0,0,0,3,1,1,1,2,-1,-1,-1,-1,-1,-1,-1,-1,0,-1
2020010263919,2020,010263919,1,3,0,99,99,9,9,99,99,9,9,99,9,99,9,1,2,2,1,23,5,-1,-1,-1,-1,5,E01001088,0,-1
2020420938419,2020,420938419,2,1,0,4,4,3,3,0,0,0,0,0,0,0,1,1,6,6,1,26,6,-1,-1,-1,-1,10,E01021622,0,-1
2020421010274,2020,421010274,3,19,0,18,19,3,7,0,0,0,0,0,0,0,0,1,6,6,3,-1,-1,-1,-1,-1,-1,-1,-1,0,-1
202031B042520,2020,31B042520,1,9,0,16,19,8,4,0,0,0,0,0,0,0,3,1,6,6,1,-1,-1,-1,-1,-1,-1,-1,-1,0,-1
2020320357261,2020,320357261,2,9,0,2,2,0,0,0,0,2,0,0,0,0,1,1,6,6,3,-1,-1,-1,-1,-1,-1,-1,-1,0,-1
2020451005798,2020,451005798,3,9,0,18,19,5,1,0,0,0,0,0,0,0,0,1,6,6,3,40,7,-1,-1,-1,-1,-1,-1,0,-1
2020302001135,2020,302001135,3,21,0,12,12,8,2,0,0,6,0,0,0,0,0,1,6,6,3,-1,-1,-1,-1,-1,-1,5,E01019456,0,-1
2020610049620,2020,610049620,2,1,0,18,19,1,5,0,0,0,0,0,0,0,2,1,6,6,1,64,9,-1,-1,-1,-1,5,W01001504,0,-1
2020122000204,2020,122000204,1,98,1,9,9,5,3,0,0,1,0,0,0,0,1,2,1,1,1,57,9,-1,-1,-1,-1,-1,-1,0,-1
2020040958646,2020,040958646,2,97,0,18,19,5,1,0,0,1,1,0,0,0,1,1,5,6,1,23,5,-1,-1,-1,-1,-1,-1,0,-1
2020010276386,2020,010276386,2,1,0,13,13,3,7,0,0,1,0,0,0,0,1,1,1,1,1,41,7,-1,-1,-1,-1,4,E01003934,0,-1
2020137510663,2020,137510663,2,9,0,18,19,2,7,0,0,8,0,0,0,0,1,1,6,6,1,25,5,-1,-1,-1,-1,1,E01010967,0,-1
2020370993079,2020,370993079,1,19,0,18,19,4,8,0,0,0,0,0,0,0,4,1,6,6,3,-1,-1,-1,-1,-1,-1,-1,-1,0,-1
2020030972252,2020,030972252,2,22,0,4,4,8,4,0,0,0,0,0,0,0,0,1,6,6,1,73,10,-1,-1,-1,-1,1,E01019097,0,-1
2020010281268,2020,010281268,2,1,0,3,3,5,1,0,0,4,0,0,0,0,4,1,6,6,2,41,7,-1,-1,-1,-1,1,E01003048,0,-1
2020160987709,2020,160987709,1,9,0,9,9,7,4,0,0,8,0,0,0,0,1,1,3,7,1,33,6,-1,-1,-1,-1,1,E01013204,0,-1
2020170H10080,2020,170H10080,2,1,0,18,19,1,5,0,0,6,0,0,0,0,1,1,6,6,1,14,3,-1,-1,-1,-1,1,E01012001,0,-1
2020140990849,2020,140990849,1,1,0,18,19,1,5,0,0,2,0,0,0,0,2,1,5,6,1,19,4,-1,-1,-1,-1,8,E01008048,0,-1
2020010246743,2020,010246743,2,1,0,18,19,1,5,0,0,1,5,4,0,0,1,1,2,2,1,52,8,-1,-1,-1,-1,2,E01001625,0,-1
2020990946581,2020,990946581,1,9,0,16,19,4,8,0,0,0,0,0,0,0,4,1,6,6,1,32,6,-1,-1,-1,-1,5,-1,0,-1
2020040920868,2020,040920868,2,1,0,18,19,1,5,0,0,1,0,0,0,0,1,1,5,6,1,20,4,-1,-1,-1,-1,2,E01012709,0,-1
2020470930603,2020,470930603,1,10,0,9,9,6,5,0,0,3,0,0,0,0,1,1,1,1,1,40,7,-1,-1,-1,-1,9,E01031489,0,-1
2020010263035,2020,010263035,1,-1,0,5,5,4,8,0,0,0,1,4,0,0,1,1,6,6,1,17,4,-1,-1,-1,-1,3,E01001117,1,-1
2020350988120,2020,350988120,1,9,0,9,9,5,1,0,0,6,0,0,0,0,1,1,6,6,1,39,7,-1,-1,-1,-1,4,E01017953,0,-1
2020440127603,2020,440127603,1,1,0,18,19,4,8,9,9,0,0,0,0,0,1,1,6,6,2,47,8,-1,-1,-1,-1,6,E01022657,0,-1
2020440483277,2020,440483277,2,1,0,14,14,8,4,0,0,0,0,0,0,0,3,1,6,6,1,36,7,-1,-1,-1,-1,9,E01030453,0,-1
2020501040833,2020,501040833,3,19,0,2,2,0,0,0,0,0,0,0,0,0,2,1,6,6,3,-1,-1,-1,-1,-1,-1,-1,-1,0,-1
2020332000649,2020,332000649,2,1,0,18,19,3,7,0,0,1,1,0,0,0,1,1,2,2,1,55,8,-1,-1,-1,-1,6,E01025815,0,-1
2020161008276,2020,161008276,2,1,0,18,19,6,2,0,0,0,0,0,0,0,1,1,6,6,1,34,6,-1,-1,-1,-1,-1,-1,0,-1
2020010235656,2020,010235656,1,1,9,99,99,9,9,99,99,9,9,99,9,99,9,1,6,6,1,36,7,-1,-1,-1,-1,6,E01000844,0,-1
2020302000954,2020,302000954,2,1,0,18,19,4,8,0,0,8,0,0,0,0,1,1,6,6,3,-1,-1,-1,-1,-1,-1,5,E01019456,0,-1
2020110987631,2020,110987631,2,1,0,18,19,3,7,0,0,1,0,0,0,0,2,1,6,6,1,59,9,-1,-1,-1,-1,3,E01012350,0,-1
2020220927919,2020,220927919,2,19,0,16,19,8,3,0,0,0,0,0,0,0,3,1,6,6,3,34,6,-1,-1,-1,-1,-1,-1,0,-1
2020010250467,2020,010250467,2,9,0,99,99,9,9,99,99,0,9,99,9,99,1,9,6,6,3,-1,-1,-1,-1,-1,-1,-1,-1,0,-1
202006G174325,2020,06G174325,1,9,0,18,19,6,2,0,0,2,0,0,0,0,1,1,2,2,3,30,6,-1,-1,-1,-1,-1,-1,0,-1
2020332000424,2020,332000424,1,9,0,4,4,3,7,0,0,1,0,0,0,0,1,1,6,6,1,27,6,-1,-1,-1,-1,2,E01015632,0,-1
2020430019294,2020,430019294,1,1,0,18,19,4,8,0,0,0,0,0,1,0,3,1,6,6,2,62,9,-1,-1,-1,-1,10,E01017630,0,-1
2020522004820,2020,522004820,2,9,0,1,1,8,4,0,0,1,0,0,0,0,2,1,6,6,3,30,6,-1,-1,-1,-1,-1,-1,0,-1
2020140931815,2020,140931815,2,8,0,18,19,6,2,0,0,8,0,0,0,0,1,1,6,6,1,-1,-1,-1,-1,-1,-1,1,E01008012,0,-1
2020010283038,2020,010283038,2,-1,0,18,19,3,7,0,0,8,0,0,0,0,4,1,2,2,1,36,7,-1,-1,-1,-1,3,E01002028,1,-1
202006XF78496,2020,06XF78496,3,9,0,3,3,7,3,0,0,0,0,0,0,0,2,1,2,2,1,24,5,-1,-1,-1,-1,8,E01005050,0,-1
2020991007962,2020,991007962,2,9,0,4,4,2,6,0,0,1,0,0,0,0,2,1,6,6,1,30,6,-1,-1,-1,-1,-1,-1,0,-1
2020990928367,2020,990928367,1,97,0,17,19,1,6,0,0,0,0,0,0,0,4,1,5,6,1,18,4,-1,-1,-1,-1,6,-1,0,-1
2020010246055,2020,010246055,1,1,9,99,99,9,9,99,99,9,9,99,9,99,9,1,2,2,1,32,6,-1,-1,-1,-1,3,E01001552,0,-1
2020010248090,2020,010248090,1,1,9,99,99,9,9,99,99,9,9,99,9,99,1,1,6,6,1,-1,-1,-1,-1,-1,-1,9,E01000208,0,-1
2020370939346,2020,370939346,1,9,0,5,5,3,7,0,0,0,0,0,0,0,1,1,5,6,1,66,10,-1,-1,-1,-1,6,E01030068,0,-1
2020410927036,2020,410927036,1,19,0,10,10,7,3,0,0,0,0,0,0,0,1,1,1,1,1,37,7,-1,-1,-1,-1,3,E01023866,0,-1
2020460958806,2020,460958806,2,8,0,18,19,5,1,0,0,3,0,0,0,0,1,1,1,1,1,33,6,-1,-1,-1,-1,5,E01024138,0,-1
2020370983357,2020,370983357,2,9,0,18,19,0,0,0,0,0,0,0,0,0,2,1,1,1,1,54,8,-1,-1,-1,-1,4,E01021706,0,-1
2020010239869,2020,010239869,1,3,0,18,19,6,2,0,0,1,1,10,0,0,4,-1,1,1,1,20,4,-1,-1,-1,-1,4,E01002869,0,-1
2020990980314,2020,990980314,1,1,0,18,19,7,3,9,9,0,0,0,0,0,0,1,2,2,2,57,9,-1,-1,-1,-1,4,-1,0,-1
2020010258218,2020,010258218,1,-1,0,18,19,5,1,0,0,0,0,0,0,0,9,1,6,6,1,24,5,-1,-1,-1,-1,4,E01002698,1,-1
2020990997591,2020,990997591,2,1,0,18,19,2,6,0,0,1,0,0,0,0,1,1,6,6,1,53,8,-1,-1,-1,-1,9,-1,0,-1
2020220997661,2020,220997661,2,9,0,13,13,2,6,0,0,0,0,0,0,0,4,1,6,6,3,34,6,-1,-1,-1,-1,-1,-1,0,-1
2020450979951,2020,450979951,2,1,0,18,19,4,2,0,0,0,2,0,0,0,1,1,6,6,1,50,8,-1,-1,-1,-1,2,E01003086,0,-1
2020400985286,2020,400985286,2,1,0,18,19,5,1,0,0,4,0,0,0,0,3,1,5,6,1,38,7,-1,-1,-1,-1,10,E01017402,0,-1
2020320663339,2020,320663339,2,9,0,18,19,1,5,0,0,0,0,0,0,0,4,1,6,6,1,50,8,-1,-1,-1,-1,-1,-1,0,-1
2020010257884,2020,010257884,1,97,0,18,19,7,3,0,0,1,0,0,0,0,1,1,6,6,3,-1,-1,-1,-1,-1,-1,-1,-1,0,-1
2020111005095,2020,111005095,2,1,0,18,19,1,5,0,0,4,0,0,0,0,2,1,6,6,1,33,6,-1,-1,-1,-1,2,E01020618,0,-1
2020010241970,2020,010241970,2,19,0,18,19,3,7,0,0,0,0,0,0,0,1,1,1,1,1,29,6,-1,-1,-1,-1,7,E01002165,0,-1
2020010252988,2020,010252988,1,9,0,10,10,7,5,0,0,1,0,0,0,0,4,1,6,6,3,-1,-1,-1,-1,-1,-1,-1,-1,0,-1
2020610004520,2020,610004520,2,9,0,8,8,3,5,0,0,6,0,0,0,0,1,1,6,6,3,-1,-1,-1,-1,-1,-1,-1,-1,0,-1
202006N178832,2020,06N178832,1,9,0,16,19,3,6,0,0,8,0,0,0,0,4,1,6,6,1,30,6,-1,-1,-1,-1,2,E01004959,0,-1
2020160971093,2020,160971093,1,97,0,18,19,3,7,0,0,0,0,0,0,0,1,1,6,6,1,38,7,-1,-1,-1,-1,2,E01007464,0,-1
2020052000792,2020,052000792,2,1,0,18,19,6,2,0,0,8,0,0,0,0,1,1,6,6,1,29,6,-1,-1,-1,-1,3,E01007137,0,-1
2020010239906,2020,010239906,1,11,0,4,4,6,2,2,2,0,0,0,0,0,4,1,1,1,1,-1,-1,-1,-1,-1,-1,-1,-1,0,-1
2020010263064,2020,010263064,2,19,0,18,19,1,5,0,0,1,0,0,0,0,4,1,6,6,3,30,6,-1,-1,-1,-1,-1,-1,0,-1
2020041010396,2020,041010396,1,9,0,-1,-1,-1,-1,-1,-1,0,-1,-1,-1,0,-1,1,6,6,3,-1,-1,-1,-1,-1,-1,-1,-1,0,-1
2020010251072,2020,010251072,1,9,0,99,99,9,9,99,99,9,9,99,9,99,9,9,6,6,3,-1,-1,-1,-1,-1,-1,-1,-1,0,-1
2020320043376,2020,320043376,1,98,0,18,19,7,3,0,0,1,0,4,1,11,1,1,6,6,1,38,7,-1,-1,-1,-1,5,E01026306,0,-1
2020370943924,2020,370943924,1,19,0,5,5,5,1,0,0,1,0,0,0,0,1,1,6,6,3,-1,-1,-1,-1,-1,-1,-1,-1,0,-1
2020010280271,2020,010280271,2,1,0,18,19,1,5,5,5,1,0,0,0,0,1,1,2,2,2,33,6,-1,-1,-1,-1,1,E01001765,0,-1
2020540626320,2020,540626320,1,9,0,5,5,8,4,0,0,4,0,0,0,0,1,1,6,6,1,68,10,-1,-1,-1,-1,9,E01032707,0,-1
2020140939703,2020,140939703,2,1,0,18,19,7,3,0,0,0,0,8,0,0,1,1,6,6,1,57,9,-1,-1,-1,-1,7,E01007743,0,-1
2020460997349,2020,460997349,2,9,0,18,19,7,3,0,0,0,0,0,0,0,4,1,6,6,1,57,9,-1,-1,-1,-1,6,E01024172,0,-1
2020332000335,2020,332000335,2,9,0,18,19,6,2,0,0,0,0,0,0,0,1,1,6,6,1,24,5,-1,-1,-1,-1,1,E01013622,0,-1
2020460972059,2020,460972059,1,9,0,18,19,5,1,0,0,0,0,0,0,0,1,1,5,6,1,40,7,-1,-1,-1,-1,5,E01024205,0,-1
2020990940425,2020,990940425,1,98,0,18,19,5,8,0,0,0,0,0,0,0,0,1,6,6,3,18,4,-1,-1,-1,-1,-1,-1,0,-1
2020522002942,2020,522002942,1,1,0,18,19,8,4,0,0,3,0,0,0,0,0,1,6,6,1,21,5,-1,-1,-1,-1,6,E01014591,0,-1
2020332000402,2020,332000402,2,9,0,7,7,7,1,0,0,6,0,0,0,0,1,1,6,6,1,34,6,-1,-1,-1,-1,1,E01013730,0,-1
2020210998527,2020,210998527,1,9,-1,-1,-1,-1,-1,-1,-1,0,-1,-1,-1,0,-1,1,6,6,3,-1,-1,-1,-1,-1,-1,-1,-1,0,-1
2020010242389,2020,010242389,1,1,9,99,99,9,9,99,99,9,9,99,9,99,9,1,2,2,2,58,9,-1,-1,-1,-1,2,E01001757,0,-1
2020430428533,2020,430428533,1,20,0,18,19,3,7,0,0,0,0,0,0,0,4,1,1,1,1,-1,-1,-1,-1,-1,-1,-1,-1,0,-1
2020070769727,2020,070769727,1,9,0,18,19,1,6,0,0,0,0,4,7,10,1,1,6,6,1,27,6,-1,-1,-1,-1,10,E01018349,0,-1
2020010256702,2020,010256702,1,1,9,99,99,9,9,99,99,9,9,99,9,99,9,1,6,6,1,41,7,-1,-1,-1,-1,8,E01004589,0,-1
2020411005187,2020,411005187,1,1,0,18,19,7,3,0,0,8,0,0,7,0,2,1,1,1,1,26,6,-1,-1,-1,-1,5,E01023867,0,-1
202006E471765,2020,06E471765,3,1,0,18,19,1,5,0,0,0,0,0,0,0,0,1,6,6,1,64,9,-1,-1,-1,-1,10,E01006084,0,-1
2020010252282,2020,010252282,2,1,0,18,19,3,7,0,0,1,0,0,0,0,1,-1,1,1,2,64,9,-1,-1,-1,-1,2,E01003176,0,-1
2020010233749,2020,010233749,1,9,9,99,99,9,9,99,99,9,9,99,9,99,9,1,6,6,3,-1,-1,-1,-1,-1,-1,-1,-1,0,-1
202006F276518,2020,06F276518,2,1,0,18,19,3,7,0,0,8,0,0,0,0,1,1,6,6,1,26,6,-1,-1,-1,-1,1,E01005657,0,-1
202060Y031647,2020,60Y031647,1,9,0,6,6,4,4,0,0,6,0,0,0,0,3,1,6,6,2,58,9,-1,-1,-1,-1,-1,-1,0,-1
202060Y138071,2020,60Y138071,1,97,0,13,13,5,1,0,0,1,0,0,0,0,1,1,6,6,1,47,8,-1,-1,-1,-1,-1,-1,0,-1
2020332000734,2020,332000734,1,9,0,9,9,3,1,0,0,6,0,0,0,0,1,1,6,6,1,56,9,-1,-1,-1,-1,9,E01025935,0,-1
2020522003282,2020,522003282,1,9,0,18,19,1,5,0,0,0,0,0,0,0,2,1,6,6,2,57,9,-1,-1,-1,-1,9,W01000772,0,-1
2020500940717,2020,500940717,2,1,0,18,19,2,6,0,0,0,0,0,0,0,4,1,4,7,1,13,3,-1,-1,-1,-1,6,E01020033,0,-1
2020320399150,2020,320399150,2,1,0,18,19,7,3,0,0,8,0,0,0,0,2,1,6,6,1,75,10,-1,-1,-1,-1,2,E01026095,0,-1
2020010988469,2020,010988469,1,9,0,11,11,5,7,0,0,1,0,0,0,0,0,1,5,6,1,30,6,-1,-1,-1,-1,-1,-1,0,-1
2020010274411,2020,010274411,2,9,0,99,99,9,9,99,99,9,9,99,9,99,1,9,6,6,3,-1,-1,-1,-1,-1,-1,-1,-1,0,-1
2020010232378,2020,010232378,2,1,0,18,19,3,7,0,0,0,0,0,0,0,2,1,1,1,2,35,6,-1,-1,-1,-1,5,E01004466,0,-1
2020440025448,2020,440025448,1,9,0,15,15,8,4,0,0,8,1,0,0,0,1,1,2,2,1,17,4,-1,-1,-1,-1,10,E01023247,0,-1
2020010273755,2020,010273755,1,1,9,99,99,9,9,99,99,0,9,99,9,99,9,1,2,2,2,26,6,-1,-1,-1,-1,2,E01004062,0,-1
202060Y027330,2020,60Y027330,1,9,0,4,4,6,2,0,0,1,0,0,0,0,2,1,6,6,2,25,5,-1,-1,-1,-1,-1,-1,0,-1
2020010268303,2020,010268303,1,1,9,99,99,9,9,99,99,0,9,99,9,99,2,1,2,2,1,27,6,-1,-1,-1,-1,7,E01004508,0,-1