collision_index,collision_year,collision_ref_no,vehicle_reference,vehicle_type,towing_and_articulation,vehicle_manoeuvre_historic,vehicle_manoeuvre,vehicle_direction_from,vehicle_direction_to,vehicle_location_restricted_lane_historic,vehicle_location_restricted_lane,junction_location,skidding_and_overturning,hit_object_in_carriageway,vehicle_leaving_carriageway,hit_object_off_carriageway,first_point_of_impact,vehicle_left_hand_drive,journey_purpose_of_driver_historic,journey_purpose_of_driver,sex_of_driver,age_of_driver,age_band_of_driver,engine_capacity_cc,propulsion_code,age_of_vehicle,generic_make_model,driver_imd_decile,lsoa_of_driver,escooter_flag,driver_distance_banding
2020500945845,2020,500945845,2,9,0,18,19,2,6,0,0,8,1,0,0,0,1,1,1,1,2,44,7,-1,-1,-1,-1,8,E01015098,0,-1
202006G177556,2020,06G177556,2,1,0,18,19,4,8,0,0,2,5,0,0,0,2,1,6,6,1,76,11,-1,-1,-1,-1,6,E01005968,0,-1
202031B079720,2020,31B079720,1,9,0,18,19,5,1,0,0,0,0,0,0,0,3,1,6,6,3,-1,-1,-1,-1,-1,-1,-1,-1,0,-1
202060Y163731,2020,60Y163731,1,9,0,9,9,3,1,0,0,5,0,0,0,0,1,1,1,1,1,28,6,-1,-1,-1,-1,-1,-1,0,-1
2020100916980,2020,100916980,1,9,0,3,3,1,5,0,0,0,0,0,0,0,1,1,6,6,3,-1,-1,-1,-1,-1,-1,-1,-1,0,-1
20201379E1824,2020,1379E1824,2,1,0,9,9,8,4,0,0,0,0,0,0,0,3,1,6,6,1,31,6,-1,-1,-1,-1,-1,-1,0,-1
2020200995226,2020,200995226,2,9,0,18,19,-1,-1,0,0,1,0,0,0,0,2,1,6,6,3,-1,-1,-1,-1,-1,-1,-1,-1,0,-1
2020010276846,2020,010276846,1,9,0,99,99,9,9,99,99,9,9,99,9,99,1,1,6,6,3,-1,-1,-1,-1,-1,-1,-1,-1,0,-1
2020522000658,2020,522000658,1,9,0,4,4,4,8,0,0,0,0,0,0,0,2,1,6,6,1,40,7,-1,-1,-1,-1,8,E01014425,0,-1
2020040964851,2020,040964851,3,1,0,18,19,1,5,0,0,1,0,0,0,0,1,1,6,6,1,9,2,-1,-1,-1,-1,2,E01025229,0,-1
2020471004471,2020,471004471,2,1,0,18,19,1,5,0,0,1,0,0,0,0,1,1,5,6,1,57,9,-1,-1,-1,-1,8,E01016875,0,-1
202063D060820,2020,63D060820,2,9,0,18,19,7,4,0,0,0,0,0,0,0,3,1,6,6,1,64,9,-1,-1,-1,-1,4,W01000438,0,-1
2020200981487,2020,200981487,2,1,0,18,19,2,6,0,0,0,0,10,1,0,2,1,6,6,2,48,8,-1,-1,-1,-1,1,E01010478,0,-1
2020430115101,2020,430115101,1,1,0,14,14,2,6,0,0,0,0,8,0,0,1,1,6,6,1,26,6,-1,-1,-1,-1,5,E01028533,0,-1
2020010255488,2020,010255488,1,1,0,18,19,7,3,0,0,8,0,0,0,0,4,1,6,6,1,50,8,-1,-1,-1,-1,10,E01023133,0,-1
2020040980791,2020,040980791,2,1,0,9,9,1,5,0,0,1,0,0,0,0,2,1,5,6,1,66,10,-1,-1,-1,-1,7,E01012614,0,-1
202060Y036947,2020,60Y036947,2,9,0,18,19,2,6,0,0,8,0,0,7,11,4,1,6,6,2,48,8,-1,-1,-1,-1,-1,-1,0,-1
2020070210408,2020,070210408,2,9,0,4,4,1,5,0,0,4,0,0,0,0,0,1,6,6,3,-1,-1,-1,-1,-1,-1,-1,-1,0,-1
2020522100696,2020,522100696,1,20,4,18,19,8,4,0,0,0,0,0,0,0,4,1,6,6,1,57,9,-1,-1,-1,-1,9,E01022370,0,-1
2020990948028,2020,990948028,9,1,0,18,19,7,3,9,9,0,5,0,1,0,0,1,5,6,2,25,5,-1,-1,-1,-1,8,-1,0,-1
202060Y050597,2020,60Y050597,1,9,0,18,19,1,5,0,0,0,0,0,0,0,3,1,6,6,2,71,10,-1,-1,-1,-1,-1,-1,0,-1
2020522004508,2020,522004508,1,9,0,18,19,8,4,0,0,0,0,0,0,0,1,1,6,6,1,21,5,-1,-1,-1,-1,4,E01014404,0,-1
2020052002493,2020,052002493,1,9,0,18,19,9,9,0,0,8,0,0,0,0,9,1,6,6,3,-1,-1,-1,-1,-1,-1,-1,-1,0,-1
2020430249835,2020,430249835,1,9,0,5,5,1,0,0,0,0,0,0,0,0,4,1,6,6,1,-1,-1,-1,-1,-1,-1,-1,-1,0,-1
20201372R0285,2020,1372R0285,2,1,0,18,19,8,4,0,0,8,5,0,0,0,4,1,6,6,1,37,7,-1,-1,-1,-1,9,E01011464,0,-1
202031D097620,2020,31D097620,2,1,0,18,19,1,5,0,0,8,0,0,0,0,1,1,2,2,1,60,9,-1,-1,-1,-1,6,E01027948,0,-1
2020990983061,2020,990983061,2,9,0,18,19,3,7,0,0,8,2,0,0,0,3,1,5,6,1,47,8,-1,-1,-1,-1,6,-1,0,-1
2020500949276,2020,500949276,2,1,0,18,19,6,2,0,0,0,0,0,0,0,1,1,6,6,2,56,9,-1,-1,-1,-1,10,E01019999,0,-1
202006K274917,2020,06K274917,2,1,0,18,19,4,8,0,0,8,0,0,0,0,1,1,6,6,1,44,7,-1,-1,-1,-1,7,E01004781,0,-1
2020100941760,2020,100941760,1,1,0,4,4,4,8,0,0,1,0,0,0,0,3,1,5,6,2,59,9,-1,-1,-1,-1,5,E01008615,0,-1
2020122000860,2020,122000860,2,1,0,17,19,1,5,0,0,0,1,0,1,0,1,1,6,6,2,43,7,-1,-1,-1,-1,1,E01027820,0,-1
202006A278865,2020,06A278865,1,19,0,7,7,3,5,0,0,6,0,0,0,0,1,1,6,6,1,30,6,-1,-1,-1,-1,-1,-1,0,-1
202031B018620,2020,31B018620,1,1,0,7,7,2,4,0,0,5,1,0,0,0,0,1,6,6,1,54,8,-1,-1,-1,-1,-1,-1,0,-1
2020522005138,2020,522005138,2,9,0,17,19,5,3,0,0,1,0,0,0,0,1,1,6,6,1,35,6,-1,-1,-1,-1,-1,-1,0,-1
2020010272713,2020,010272713,2,19,0,12,12,7,3,0,0,0,0,0,0,0,1,1,1,1,1,56,9,-1,-1,-1,-1,4,E01002267,0,-1
2020010284117,2020,010284117,1,1,9,99,99,9,9,99,99,9,9,99,9,99,1,1,6,6,1,31,6,-1,-1,-1,-1,2,E01000889,0,-1
2020140938937,2020,140938937,2,98,0,-1,-1,-1,-1,-1,-1,0,-1,-1,-1,0,-1,1,6,6,3,-1,-1,-1,-1,-1,-1,-1,-1,0,-1
2020210957284,2020,210957284,1,1,0,14,14,4,8,0,0,0,0,0,0,0,1,1,6,6,1,53,8,-1,-1,-1,-1,3,E01029725,0,-1
2020040968432,2020,040968432,2,1,0,18,19,6,2,0,0,2,0,0,0,0,1,1,6,6,1,22,5,-1,-1,-1,-1,3,E01012691,0,-1
2020332000538,2020,332000538,2,9,0,2,2,0,0,0,0,0,0,0,0,0,3,1,6,6,2,39,7,-1,-1,-1,-1,5,E01025965,0,-1
2020522000785,2020,522000785,1,1,0,18,19,5,1,0,0,1,0,0,0,0,1,1,6,6,2,37,7,-1,-1,-1,-1,4,E01014570,0,-1
202031D141320,2020,31D141320,2,9,0,18,19,2,6,0,0,0,0,0,0,0,0,1,6,6,3,-1,-1,-1,-1,-1,-1,-1,-1,0,-1
2020500988977,2020,500988977,1,97,0,18,19,1,5,0,0,8,0,12,8,0,1,1,1,1,1,67,10,-1,-1,-1,-1,6,E01020136,0,-1
2020552100044,2020,552100044,1,1,0,18,19,3,7,9,9,0,0,0,0,0,0,1,6,6,1,36,7,-1,-1,-1,-1,4,E01020578,0,-1
2020470988457,2020,470988457,2,1,0,18,19,1,5,0,0,8,0,0,0,0,4,1,6,6,2,68,10,-1,-1,-1,-1,5,E01031401,0,-1
2020350982974,2020,350982974,1,9,0,7,7,3,6,0,0,8,0,0,0,0,1,1,6,6,2,-1,-1,-1,-1,-1,-1,-1,-1,0,-1
2020332000446,2020,332000446,2,9,0,11,11,3,7,0,0,2,0,0,0,0,4,1,6,6,1,21,5,-1,-1,-1,-1,-1,-1,0,-1
2020010254367,2020,010254367,1,1,0,18,19,1,5,0,0,1,5,0,0,0,2,1,6,6,1,27,6,-1,-1,-1,-1,4,E01000307,0,-1
202006A276678,2020,06A276678,2,1,0,18,19,7,3,4,4,8,2,0,0,0,1,1,2,2,1,46,8,-1,-1,-1,-1,9,E01005058,0,-1
2020520100574,2020,520100574,2,1,0,7,7,6,8,0,0,8,0,0,0,0,3,1,6,6,1,86,11,-1,-1,-1,-1,2,E01029042,0,-1
2020332000597,2020,332000597,1,19,0,16,19,2,5,0,0,0,0,0,0,0,3,1,1,1,1,51,8,-1,-1,-1,-1,5,E01025842,0,-1
2020010252619,2020,010252619,1,1,0,17,19,5,1,0,0,0,2,0,0,0,0,1,6,6,1,60,9,-1,-1,-1,-1,3,E01000718,0,-1
2020010282551,2020,010282551,2,-1,0,18,19,7,3,9,9,2,0,0,0,0,1,1,6,6,1,18,4,-1,-1,-1,-1,2,E01003089,1,-1
2020332000634,2020,332000634,3,9,0,9,9,2,8,0,0,5,0,0,0,0,1,1,6,6,3,-1,-1,-1,-1,-1,-1,-1,-1,0,-1
2020010263494,2020,010263494,1,-1,0,18,19,1,5,9,9,1,0,7,0,0,1,1,6,6,2,39,7,-1,-1,-1,-1,3,E01004562,1,-1
2020070183244,2020,070183244,2,1,0,18,19,5,1,0,0,1,0,0,0,0,1,1,6,6,1,44,7,-1,-1,-1,-1,-1,-1,0,-1
2020460937103,2020,460937103,1,9,0,17,19,5,2,0,0,0,1,0,0,0,4,1,5,6,1,60,9,-1,-1,-1,-1,7,E01024569,0,-1
2020302001227,2020,302001227,1,9,0,18,19,8,4,0,0,0,0,0,0,0,1,1,6,6,3,-1,-1,-1,-1,-1,-1,5,E01019456,0,-1
2020470996520,2020,470996520,1,9,0,13,13,4,8,0,0,0,0,0,0,0,0,1,6,6,3,49,8,-1,-1,-1,-1,7,E01021018,0,-1
2020440183955,2020,440183955,2,9,0,18,19,3,7,0,0,0,0,0,0,0,3,1,6,6,2,32,6,-1,-1,-1,-1,5,E01017279,0,-1
2020010267537,2020,010267537,2,9,0,18,19,1,5,0,0,0,0,4,0,0,3,1,6,6,3,-1,-1,-1,-1,-1,-1,-1,-1,0,-1
2020200956959,2020,200956959,2,9,0,18,19,3,7,0,0,1,0,0,0,0,3,1,6,6,1,45,7,-1,-1,-1,-1,4,E01010009,0,-1
2020430267664,2020,430267664,1,1,0,9,9,8,2,0,0,5,0,0,0,0,1,1,6,6,1,75,10,-1,-1,-1,-1,10,E01017755,0,-1
2020010275941,2020,010275941,2,1,0,18,19,5,1,0,0,0,0,0,0,0,1,1,2,2,1,34,6,-1,-1,-1,-1,8,E01001100,0,-1
2020430068466,2020,430068466,1,11,0,18,19,5,1,2,2,0,0,0,0,0,1,1,1,1,2,-1,-1,-1,-1,-1,-1,-1,-1,0,-1
2020420992906,2020,420992906,2,1,0,18,19,2,6,0,0,0,0,0,0,0,2,1,5,6,1,71,10,-1,-1,-1,-1,-1,-1,0,-1
2020461010429,2020,461010429,1,9,0,4,4,6,2,0,0,0,1,0,1,0,1,1,2,2,1,40,7,-1,-1,-1,-1,10,E01022580,0,-1
2020990917837,2020,990917837,2,9,0,2,2,0,0,0,0,0,0,0,0,0,3,1,6,6,3,-1,-1,-1,-1,-1,-1,-1,-1,0,-1
2020432003143,2020,432003143,1,20,0,18,19,6,2,0,0,0,0,5,0,0,1,1,2,2,1,30,6,-1,-1,-1,-1,8,E01016760,0,-1
2020052002258,2020,052002258,1,9,0,18,19,2,6,0,0,1,0,0,0,0,1,1,6,6,3,-1,-1,-1,-1,-1,-1,-1,-1,0,-1
202006M274554,2020,06M274554,1,4,0,18,19,6,2,0,0,8,0,0,0,0,1,1,6,6,1,30,6,-1,-1,-1,-1,-1,-1,0,-1
2020501005076,2020,501005076,1,21,4,17,19,6,2,0,0,0,0,0,0,0,3,1,1,1,1,35,6,-1,-1,-1,-1,-1,-1,0,-1
2020200993150,2020,200993150,2,1,0,18,19,3,7,0,0,0,0,0,0,0,2,1,4,7,1,15,3,-1,-1,-1,-1,6,E01009217,0,-1
2020140953855,2020,140953855,1,11,0,5,5,6,2,0,0,0,0,0,0,0,0,2,1,1,1,52,8,-1,-1,-1,-1,2,E01007759,0,-1
2020100946937,2020,100946937,1,9,0,18,19,5,1,0,0,0,0,0,0,0,3,1,6,6,1,40,7,-1,-1,-1,-1,-1,-1,0,-1
2020360939177,2020,360939177,3,9,0,2,2,0,0,9,9,0,0,0,0,0,3,1,6,6,3,-1,-1,-1,-1,-1,-1,-1,-1,0,-1
2020332000836,2020,332000836,2,9,0,18,19,8,4,0,0,8,0,0,0,0,1,1,6,6,1,35,6,-1,-1,-1,-1,10,E01025714,0,-1
2020320053103,2020,320053103,2,1,0,7,7,7,3,0,0,3,0,0,0,0,4,1,1,1,1,44,7,-1,-1,-1,-1,5,E01026285,0,-1
2020430026397,2020,430026397,2,1,0,18,19,3,7,9,9,8,0,0,0,0,1,1,6,6,1,-1,-1,-1,-1,-1,-1,-1,-1,0,-1
2020040951276,2020,040951276,2,1,0,18,19,7,3,0,0,2,0,0,0,0,1,1,5,6,1,46,8,-1,-1,-1,-1,6,E01025383,0,-1
2020122000764,2020,122000764,1,1,0,16,19,1,5,6,6,0,1,0,0,0,0,1,6,6,2,61,9,-1,-1,-1,-1,2,E01027850,0,-1
2020070526093,2020,070526093,2,1,0,17,19,3,7,0,0,1,0,0,0,0,1,1,6,6,1,52,8,-1,-1,-1,-1,9,E01018644,0,-1
202060Y028823,2020,60Y028823,2,5,0,13,13,6,2,0,0,8,0,0,0,0,1,1,1,1,1,35,6,-1,-1,-1,-1,-1,-1,0,-1
2020461001821,2020,461001821,1,9,0,18,19,8,4,0,0,0,0,0,0,0,1,1,6,6,3,-1,-1,-1,-1,-1,-1,-1,-1,0,-1
2020500975685,2020,500975685,1,98,0,4,4,3,8,0,0,1,0,0,0,0,1,1,1,1,1,46,8,-1,-1,-1,-1,3,E01015166,0,-1
202006M173471,2020,06M173471,1,1,0,18,19,3,7,3,2,8,0,0,0,0,4,1,6,6,1,14,3,-1,-1,-1,-1,-1,-1,0,-1
2020220976426,2020,220976426,2,1,0,18,19,1,5,0,0,8,0,0,0,0,1,1,5,6,1,24,5,-1,-1,-1,-1,8,E01014157,0,-1
2020520002335,2020,520002335,1,1,0,18,19,6,2,0,0,0,0,0,0,0,2,1,6,6,1,35,6,-1,-1,-1,-1,7,E01014907,0,-1
2020332000589,2020,332000589,1,9,0,18,19,8,4,0,0,0,0,0,0,0,3,1,6,6,1,82,11,-1,-1,-1,-1,9,E01025945,0,-1
2020160914781,2020,160914781,1,9,0,9,9,2,8,0,0,2,5,0,0,0,1,1,6,6,1,24,5,-1,-1,-1,-1,1,E01012809,0,-1
2020990955274,2020,990955274,2,1,0,18,19,8,4,4,4,1,0,0,0,0,4,1,5,6,1,31,6,-1,-1,-1,-1,-1,-1,0,-1
2020070555903,2020,070555903,1,3,0,18,19,3,7,0,0,0,1,0,0,0,0,1,6,6,1,50,8,-1,-1,-1,-1,9,E01018669,0,-1
2020010279585,2020,010279585,2,9,0,99,99,9,9,99,99,9,9,99,9,99,1,9,6,6,3,-1,-1,-1,-1,-1,-1,-1,-1,0,-1
2020010254151,2020,010254151,1,1,9,99,99,9,9,99,99,2,9,99,9,99,1,1,6,6,1,27,6,-1,-1,-1,-1,4,E01033081,0,-1
2020460919568,2020,460919568,1,9,0,17,19,8,4,0,0,0,5,11,1,10,4,1,6,6,2,34,6,-1,-1,-1,-1,6,E01024452,0,-1
2020010249400,2020,010249400,2,1,0,7,7,3,5,0,0,6,0,0,0,0,1,1,6,6,1,15,3,-1,-1,-1,-1,9,E01003874,0,-1
2020100941735,2020,100941735,1,11,0,5,5,6,2,0,0,0,0,0,0,0,0,1,1,1,1,-1,-1,-1,-1,-1,-1,-1,-1,0,-1
2020160926759,2020,160926759,2,1,0,18,19,8,4,0,0,1,0,0,0,0,1,1,6,6,1,17,4,-1,-1,-1,-1,7,E01033106,0,-1
2020010276054,2020,010276054,1,1,9,99,99,9,9,99,99,9,9,99,9,99,9,1,6,6,2,24,5,-1,-1,-1,-1,6,E01003030,0,-1
2020430187409,2020,430187409,1,9,0,18,19,5,1,0,0,1,0,0,0,0,1,1,6,6,1,-1,-1,-1,-1,-1,-1,-1,-1,0,-1
2020470992747,2020,470992747,2,1,0,18,19,4,8,0,0,8,0,0,0,0,4,1,2,2,2,25,5,-1,-1,-1,-1,7,E01031414,0,-1
2020010253207,2020,010253207,2,1,0,18,19,1,5,0,0,1,0,0,0,0,0,1,6,6,2,25,5,-1,-1,-1,-1,3,E01002806,0,-1
20201374U1243,2020,1374U1243,2,1,0,18,19,1,5,0,0,1,0,0,0,0,3,1,6,6,1,45,7,-1,-1,-1,-1,-1,-1,0,-1
202031C065120,2020,31C065120,1,3,0,18,19,7,2,0,0,6,1,0,0,0,0,1,2,2,1,42,7,-1,-1,-1,-1,2,E01013943,0,-1
2020500999322,2020,500999322,2,1,0,18,19,5,1,0,0,0,0,0,0,0,4,1,5,6,2,13,3,-1,-1,-1,-1,3,E01018974,0,-1
2020332000125,2020,332000125,2,21,1,9,9,1,7,0,0,5,1,0,0,0,1,1,1,1,1,23,5,-1,-1,-1,-1,3,E01013775,0,-1
2020200954851,2020,200954851,2,1,0,9,9,2,8,0,0,8,0,0,0,0,4,1,6,6,1,48,8,-1,-1,-1,-1,3,E01009006,0,-1
2020070732558,2020,070732558,2,19,0,1,1,3,3,0,0,8,0,0,0,0,0,1,6,6,3,-1,-1,-1,-1,-1,-1,-1,-1,0,-1
2020030993102,2020,030993102,1,9,0,18,19,1,5,9,9,1,0,0,0,0,-1,1,6,6,3,18,4,-1,-1,-1,-1,-1,-1,0,-1
2020010258022,2020,010258022,1,1,9,99,99,9,9,99,99,9,9,99,9,99,9,1,6,6,1,33,6,-1,-1,-1,-1,2,E01001868,0,-1
2020010236532,2020,010236532,1,1,0,15,15,7,3,0,0,1,0,2,0,0,3,1,6,6,1,28,6,-1,-1,-1,-1,5,E01033708,0,-1
2020010283606,2020,010283606,1,9,0,18,19,2,6,0,0,0,0,0,0,0,4,1,6,6,1,41,7,-1,-1,-1,-1,-1,-1,0,-1
2020430029417,2020,430029417,1,9,0,18,19,1,5,0,0,8,0,0,0,0,1,1,6,6,1,25,5,-1,-1,-1,-1,-1,-1,0,-1
2020420942938,2020,420942938,2,1,0,18,19,7,3,0,0,0,0,0,0,0,3,1,5,6,1,34,6,-1,-1,-1,-1,7,E01021385,0,-1
2020040940018,2020,040940018,1,9,0,15,15,2,6,0,0,0,0,0,0,0,4,1,6,6,3,-1,-1,-1,-1,-1,-1,-1,-1,0,-1
2020110938008,2020,110938008,2,9,0,17,19,3,1,0,0,1,0,0,0,0,1,1,5,6,2,71,10,-1,-1,-1,-1,2,E01020892,0,-1
2020340N05862,2020,340N05862,1,9,0,18,19,3,7,0,0,1,0,0,0,0,1,1,2,2,2,19,4,-1,-1,-1,-1,2,E01027229,0,-1
2020410986171,2020,410986171,1,21,1,18,19,2,6,0,0,0,0,0,0,0,0,1,1,1,3,40,7,-1,-1,-1,-1,-1,-1,0,-1
2020530996927,2020,530996927,1,23,0,18,19,1,5,0,0,0,1,0,0,0,0,1,5,6,2,11,3,-1,-1,-1,-1,9,E01022371,0,-1
2020350917422,2020,350917422,2,1,0,18,19,-1,-1,0,0,0,0,0,0,0,3,1,2,2,2,40,7,-1,-1,-1,-1,3,E01017977,0,-1
2020350952399,2020,350952399,2,1,0,9,9,1,5,0,0,0,0,0,0,0,2,1,6,6,1,27,6,-1,-1,-1,-1,-1,-1,0,-1
2020410968236,2020,410968236,1,9,0,9,9,8,1,0,0,1,0,0,0,0,4,1,2,2,1,54,8,-1,-1,-1,-1,8,E01023433,0,-1
2020010262506,2020,010262506,1,1,9,99,99,9,9,99,99,9,9,99,9,99,0,1,6,6,3,-1,-1,-1,-1,-1,-1,4,E01032639,0,-1
2020360991594,2020,360991594,1,9,0,17,19,5,3,0,0,0,0,0,0,0,0,1,6,6,2,35,6,-1,-1,-1,-1,-1,-1,0,-1
2020501015278,2020,501015278,2,1,0,18,19,3,7,0,0,3,0,0,0,0,2,1,1,1,1,64,9,-1,-1,-1,-1,2,E01020141,0,-1
2020010282702,2020,010282702,1,9,0,99,99,9,9,99,99,9,9,99,9,99,9,9,6,6,3,-1,-1,-1,-1,-1,-1,-1,-1,0,-1
2020160921543,2020,160921543,2,22,0,18,19,4,8,0,0,0,0,0,0,0,2,1,6,6,1,26,6,-1,-1,-1,-1,4,E01012830,0,-1
2020440469200,2020,440469200,1,19,0,16,19,6,2,0,0,0,0,0,0,0,0,1,6,6,3,-1,-1,-1,-1,-1,-1,-1,-1,0,-1
2020220973277,2020,220973277,2,9,0,5,5,6,2,0,0,6,0,0,0,0,1,1,5,6,2,36,7,-1,-1,-1,-1,9,E01032324,0,-1
202060Y012066,2020,60Y012066,2,3,0,18,19,4,8,0,0,1,0,0,0,0,4,1,2,2,1,32,6,-1,-1,-1,-1,-1,-1,0,-1
2020052001166,2020,052001166,1,9,0,18,19,7,3,0,0,0,0,0,0,0,1,1,6,6,3,-1,-1,-1,-1,-1,-1,-1,-1,0,-1
2020010243258,2020,010243258,2,1,0,18,19,2,6,0,0,1,0,0,0,0,3,1,6,6,1,54,8,-1,-1,-1,-1,7,E01002817,0,-1
2020010269709,2020,010269709,1,9,0,18,19,3,7,0,0,1,0,0,0,0,1,1,3,7,2,35,6,-1,-1,-1,-1,2,E01003197,0,-1
2020450944898,2020,450944898,4,9,0,2,2,0,0,9,9,0,1,0,0,0,1,1,6,6,3,-1,-1,-1,-1,-1,-1,-1,-1,0,-1
2020070676878,2020,070676878,2,1,0,18,19,4,8,0,0,8,0,0,0,0,1,1,6,6,1,54,8,-1,-1,-1,-1,1,E01005822,0,-1
2020332000940,2020,332000940,1,9,0,18,19,8,4,0,0,0,0,0,0,0,1,1,6,6,3,-1,-1,-1,-1,-1,-1,-1,-1,0,-1
2020040954599,2020,040954599,1,98,0,18,19,8,4,0,0,4,0,0,0,0,3,1,1,1,1,42,7,-1,-1,-1,-1,-1,-1,0,-1
2020548664920,2020,548664920,1,9,0,18,19,6,2,0,0,2,2,10,1,1,4,1,6,6,2,28,6,-1,-1,-1,-1,10,E01028746,0,-1
202060Y057584,2020,60Y057584,2,9,0,2,2,0,0,0,0,1,0,0,0,0,1,1,1,1,2,-1,-1,-1,-1,-1,-1,-1,-1,0,-1
2020010261562,2020,010261562,2,1,0,18,19,3,7,0,0,1,0,0,0,0,3,1,6,6,2,37,7,-1,-1,-1,-1,2,E01003607,0,-1
2020010268889,2020,010268889,2,9,9,99,99,9,9,99,99,9,9,99,9,99,9,9,6,6,3,-1,-1,-1,-1,-1,-1,-1,-1,0,-1
2020990951413,2020,990951413,3,1,0,18,19,3,7,9,9,0,0,0,0,0,2,1,5,6,1,33,6,-1,-1,-1,-1,9,-1,0,-1
2020052001710,2020,052001710,2,1,0,4,4,1,5,0,0,1,0,0,0,0,4,1,2,2,1,56,9,-1,-1,-1,-1,9,E01006592,0,-1
2020430197572,2020,430197572,2,9,0,18,19,4,8,0,0,8,0,0,0,0,0,1,6,6,3,-1,-1,-1,-1,-1,-1,-1,-1,0,-1
2020010243853,2020,010243853,1,1,0,18,19,3,7,0,0,1,0,0,0,0,1,-1,6,6,1,30,6,-1,-1,-1,-1,2,E01003288,0,-1
202006P376901,2020,06P376901,2,1,0,18,19,1,5,0,0,8,0,0,0,0,2,1,6,6,1,57,9,-1,-1,-1,-1,3,E01005535,0,-1
2020070137185,2020,070137185,1,5,0,18,19,6,3,0,0,2,0,0,7,0,3,1,2,2,1,25,5,-1,-1,-1,-1,8,E01029562,0,-1
2020140968878,2020,140968878,2,11,0,18,19,2,6,0,0,2,0,0,0,0,1,1,6,6,3,-1,-1,-1,-1,-1,-1,-1,-1,0,-1
2020010253032,2020,010253032,2,1,0,18,19,5,1,0,0,4,0,0,0,0,1,1,2,2,1,21,5,-1,-1,-1,-1,4,E01033424,0,-1
2020122000935,2020,122000935,1,9,0,13,13,8,4,0,0,0,0,0,0,0,0,1,6,6,3,-1,-1,-1,-1,-1,-1,-1,-1,0,-1
2020501000874,2020,501000874,1,9,0,4,4,7,3,0,0,2,0,0,0,0,1,1,5,6,1,32,6,-1,-1,-1,-1,6,E01021308,0,-1
2020052001917,2020,052001917,2,1,0,18,19,5,1,0,0,8,0,0,0,0,3,1,6,6,1,55,8,-1,-1,-1,-1,3,E01007216,0,-1
2020100967169,2020,100967169,2,1,0,18,19,8,4,0,0,8,0,0,0,0,1,1,5,6,1,78,11,-1,-1,-1,-1,5,E01008490,0,-1
2020010269094,2020,010269094,1,1,9,99,99,9,9,99,99,9,9,99,0,0,9,1,6,6,1,25,5,-1,-1,-1,-1,4,E01004124,0,-1
202060Y128188,2020,60Y128188,2,9,0,10,10,4,8,0,0,1,1,0,0,0,2,1,6,6,2,49,8,-1,-1,-1,-1,-1,-1,0,-1
2020400926648,2020,400926648,1,9,-1,-1,-1,-1,-1,0,0,0,-1,-1,-1,0,-1,1,6,6,3,-1,-1,-1,-1,-1,-1,-1,-1,0,-1
202063B021120,2020,63B021120,3,9,0,4,4,5,1,0,0,0,0,0,0,0,2,1,6,6,2,62,9,-1,-1,-1,-1,7,W01001937,0,-1
2020052001827,2020,052001827,1,9,0,14,14,5,1,0,0,0,0,0,0,0,1,2,3,7,3,-1,-1,-1,-1,-1,-1,-1,-1,0,-1
2020370940561,2020,370940561,2,1,0,18,19,3,7,5,5,0,0,0,0,0,1,1,6,6,2,58,9,-1,-1,-1,-1,1,E01029980,0,-1
2020430217411,2020,430217411,1,9,0,18,19,7,3,0,0,2,0,0,0,0,4,1,6,6,1,46,8,-1,-1,-1,-1,9,E01028792,0,-1
2020200952592,2020,200952592,2,9,0,4,4,5,1,0,0,1,0,0,0,0,2,1,6,6,3,-1,-1,-1,-1,-1,-1,-1,-1,0,-1
2020470951914,2020,470951914,3,19,-1,2,2,0,0,0,0,1,0,0,0,0,3,1,6,6,3,-1,-1,-1,-1,-1,-1,-1,-1,0,-1
2020010259727,2020,010259727,1,9,0,18,19,1,5,0,0,2,0,0,0,0,1,1,6,6,1,31,6,-1,-1,-1,-1,5,E01003083,0,-1
2020500952214,2020,500952214,2,1,0,18,19,7,3,0,0,0,0,0,0,0,1,1,5,6,2,52,8,-1,-1,-1,-1,2,E01020037,0,-1
2020230981883,2020,230981883,1,9,0,5,5,7,1,0,0,0,0,0,0,0,2,1,5,6,1,36,7,-1,-1,-1,-1,-1,-1,0,-1
2020440292827,2020,440292827,2,1,0,18,19,8,4,0,0,8,0,0,0,0,4,1,6,6,2,52,8,-1,-1,-1,-1,4,E01017135,0,-1
2020010261141,2020,010261141,1,1,9,99,99,9,9,99,99,2,9,99,9,99,1,1,6,6,1,45,7,-1,-1,-1,-1,7,E01003003,0,-1
2020410995606,2020,410995606,1,9,0,18,19,5,1,0,0,8,0,0,0,0,1,1,6,6,3,-1,-1,-1,-1,-1,-1,-1,-1,0,-1
2020200944680,2020,200944680,3,9,0,3,3,6,2,0,0,1,0,0,0,0,1,1,1,1,1,38,7,-1,-1,-1,-1,4,E01025933,0,-1
2020501001690,2020,501001690,2,1,0,18,19,1,5,0,0,0,5,0,1,10,4,1,5,6,1,46,8,-1,-1,-1,-1,10,E01020004,0,-1
2020350980044,2020,350980044,2,9,0,3,3,1,5,0,0,0,0,0,0,0,2,1,6,6,1,61,9,-1,-1,-1,-1,2,E01018068,0,-1
2020531008486,2020,531008486,2,1,0,18,19,5,3,0,0,3,0,0,0,0,4,1,5,6,1,74,10,-1,-1,-1,-1,10,E01022109,0,-1
2020070295222,2020,070295222,1,9,0,18,19,7,3,0,0,6,0,0,0,0,4,1,6,6,1,87,11,-1,-1,-1,-1,4,E01012404,0,-1
2020332001018,2020,332001018,1,19,0,18,19,5,1,0,0,0,0,0,0,0,3,1,6,6,1,-1,-1,-1,-1,-1,-1,-1,-1,0,-1
202060Y150186,2020,60Y150186,2,9,0,18,19,1,5,0,0,1,0,7,7,0,3,1,6,6,1,41,7,-1,-1,-1,-1,-1,-1,0,-1
2020450974856,2020,450974856,2,9,0,3,3,5,1,0,0,1,0,0,0,0,2,1,6,6,1,-1,-1,-1,-1,-1,-1,-1,-1,0,-1
2020461007583,2020,461007583,1,9,0,1,1,7,3,0,0,1,0,0,0,0,2,1,6,6,1,-1,-1,-1,-1,-1,-1,-1,-1,0,-1
2020040961934,2020,040961934,1,9,0,4,4,5,1,0,0,1,0,0,0,0,1,1,3,7,2,59,9,-1,-1,-1,-1,2,E01024926,0,-1