collision_index,collision_year,collision_ref_no,vehicle_reference,vehicle_type,towing_and_articulation,vehicle_manoeuvre_historic,vehicle_manoeuvre,vehicle_direction_from,vehicle_direction_to,vehicle_location_restricted_lane_historic,vehicle_location_restricted_lane,junction_location,skidding_and_overturning,hit_object_in_carriageway,vehicle_leaving_carriageway,hit_object_off_carriageway,first_point_of_impact,vehicle_left_hand_drive,journey_purpose_of_driver_historic,journey_purpose_of_driver,sex_of_driver,age_of_driver,age_band_of_driver,engine_capacity_cc,propulsion_code,age_of_vehicle,generic_make_model,driver_imd_decile,lsoa_of_driver,escooter_flag,driver_distance_banding
2020010269751,2020,010269751,1,9,0,18,19,5,1,0,0,0,0,0,0,0,1,9,6,6,1,-1,-1,-1,-1,-1,-1,7,E01001610,0,-1
2020010231966,2020,010231966,1,1,9,99,99,9,9,99,99,9,9,99,9,99,9,1,2,2,2,40,7,-1,-1,-1,-1,4,E01003147,0,-1
2020010239770,2020,010239770,1,9,9,99,99,9,9,99,99,9,9,99,9,99,9,9,-1,-1,3,-1,-1,-1,-1,-1,-1,-1,-1,0,-1
2020010245038,2020,010245038,2,1,0,3,3,1,5,0,0,1,0,0,0,0,2,1,1,1,2,64,9,-1,-1,-1,-1,2,E01003925,0,-1
2020480952527,2020,480952527,2,1,0,18,19,5,1,0,0,0,0,0,0,0,3,1,2,2,2,30,6,-1,-1,-1,-1,3,E01001836,0,-1
2020010278716,2020,010278716,2,9,0,9,9,1,7,0,0,8,0,0,0,0,0,1,1,1,1,42,7,-1,-1,-1,-1,2,E01003093,0,-1
2020332000936,2020,332000936,2,9,0,9,9,7,5,0,0,6,0,0,0,0,3,1,6,6,3,-1,-1,-1,-1,-1,-1,-1,-1,0,-1
2020010267364,2020,010267364,1,1,0,4,4,1,5,4,4,1,1,0,0,0,0,1,6,6,1,23,5,-1,-1,-1,-1,7,E01004516,0,-1
2020040955070,2020,040955070,1,9,4,5,5,5,6,0,0,0,0,0,0,0,1,1,1,1,1,53,8,-1,-1,-1,-1,8,E01033184,0,-1
2020010235475,2020,010235475,2,98,4,99,99,9,9,99,99,0,9,99,9,99,1,9,6,6,3,-1,-1,-1,-1,-1,-1,-1,-1,0,-1
2020420935976,2020,420935976,2,1,0,-1,-1,-1,-1,-1,-1,-1,-1,-1,-1,0,-1,1,6,6,1,25,5,-1,-1,-1,-1,4,E01015871,0,-1
2020052000543,2020,052000543,2,1,0,10,10,7,3,0,0,8,0,0,0,0,2,1,1,1,1,33,6,-1,-1,-1,-1,1,E01006611,0,-1
2020200999518,2020,200999518,1,9,0,15,15,3,7,0,0,8,0,0,0,0,0,1,6,6,3,-1,-1,-1,-1,-1,-1,-1,-1,0,-1
2020160956462,2020,160956462,2,1,0,13,13,3,7,0,0,1,0,0,0,0,4,1,2,2,2,41,7,-1,-1,-1,-1,2,E01012763,0,-1
202006F175633,2020,06F175633,2,1,0,18,19,4,8,0,0,8,0,0,0,0,1,1,6,6,1,60,9,-1,-1,-1,-1,4,E01005673,0,-1
2020010261034,2020,010261034,1,9,0,18,19,1,5,1,1,3,0,0,0,0,1,1,6,6,2,49,8,-1,-1,-1,-1,5,E01000820,0,-1
2020200989300,2020,200989300,3,9,0,3,3,2,6,0,0,0,0,0,0,0,2,1,6,6,2,31,6,-1,-1,-1,-1,3,E01010244,0,-1
2020052000971,2020,052000971,3,9,0,2,2,0,0,0,0,0,0,0,0,0,3,1,6,6,3,-1,-1,-1,-1,-1,-1,-1,-1,0,-1
2020010277254,2020,010277254,2,1,0,9,9,5,2,0,0,6,0,0,0,0,1,1,6,6,1,19,4,-1,-1,-1,-1,5,E01001681,0,-1
2020332000506,2020,332000506,1,9,0,17,19,7,5,0,0,0,0,0,1,4,1,1,6,6,1,18,4,-1,-1,-1,-1,5,E01013680,0,-1
2020010264292,2020,010264292,1,1,9,99,99,9,9,99,99,0,9,99,9,99,9,1,6,6,1,50,8,-1,-1,-1,-1,5,E01001542,0,-1
2020350954945,2020,350954945,1,9,0,13,13,-1,-1,0,0,0,0,0,0,0,1,1,5,6,3,-1,-1,-1,-1,-1,-1,-1,-1,0,-1
2020200987680,2020,200987680,2,1,-1,18,19,-1,-1,0,0,0,0,0,0,0,4,1,2,2,1,57,9,-1,-1,-1,-1,4,E01009223,0,-1
2020440362242,2020,440362242,2,1,0,18,19,7,3,0,0,8,0,0,0,0,4,1,2,2,1,29,6,-1,-1,-1,-1,-1,-1,0,-1
2020010240768,2020,010240768,2,1,0,18,19,5,1,0,0,1,5,0,0,0,0,1,6,6,1,77,11,-1,-1,-1,-1,5,E01003691,0,-1
2020522003666,2020,522003666,1,9,0,2,2,0,0,0,0,0,0,0,0,0,0,1,6,6,1,47,8,-1,-1,-1,-1,2,E01014692,0,-1
2020010261791,2020,010261791,1,9,0,7,7,3,5,0,0,1,0,0,1,0,4,1,1,1,1,55,8,-1,-1,-1,-1,8,E01018152,0,-1
2020332000311,2020,332000311,3,9,0,3,3,3,7,0,0,1,0,0,0,0,2,1,6,6,2,32,6,-1,-1,-1,-1,3,E01025992,0,-1
202060Y126995,2020,60Y126995,1,5,0,16,19,5,1,0,0,0,0,0,0,0,1,1,6,6,1,33,6,-1,-1,-1,-1,-1,-1,0,-1
2020522004831,2020,522004831,1,10,0,18,19,6,2,0,0,0,0,0,0,0,4,1,6,6,3,45,7,-1,-1,-1,-1,-1,-1,0,-1
2020440088846,2020,440088846,1,1,0,18,19,6,2,0,0,8,0,0,0,0,3,1,6,6,1,17,4,-1,-1,-1,-1,5,E01017090,0,-1
2020332000410,2020,332000410,1,9,0,18,19,6,2,0,0,0,0,0,0,0,1,1,1,1,1,39,7,-1,-1,-1,-1,9,E01025617,0,-1
20201373A0814,2020,1373A0814,1,9,0,18,19,7,3,0,0,0,0,0,0,0,4,1,6,6,3,-1,-1,-1,-1,-1,-1,-1,-1,0,-1
2020010242144,2020,010242144,1,1,9,99,99,9,9,99,99,9,9,99,9,99,9,1,2,2,2,27,6,-1,-1,-1,-1,5,E01003842,0,-1
2020010249631,2020,010249631,2,1,0,9,9,3,1,0,0,3,0,0,0,0,1,1,6,6,2,34,6,-1,-1,-1,-1,10,E01000763,0,-1
2020010234884,2020,010234884,2,9,0,99,99,9,9,0,0,8,0,0,9,0,9,9,-1,-1,3,-1,-1,-1,-1,-1,-1,-1,-1,0,-1
2020470959049,2020,470959049,2,1,0,18,19,4,8,0,0,8,0,0,0,0,4,1,5,6,1,22,5,-1,-1,-1,-1,5,E01031583,0,-1
2020030996487,2020,030996487,2,9,0,18,19,6,2,0,0,0,0,0,0,0,1,1,6,6,1,55,8,-1,-1,-1,-1,1,E01019277,0,-1
2020100987512,2020,100987512,1,9,0,9,9,3,1,0,0,1,0,0,0,0,3,1,6,6,3,-1,-1,-1,-1,-1,-1,-1,-1,0,-1
202031C088120,2020,31C088120,1,3,0,13,13,1,5,0,0,2,0,0,0,0,1,1,6,6,1,30,6,-1,-1,-1,-1,-1,-1,0,-1
2020470960284,2020,470960284,2,9,0,9,9,7,5,0,0,8,0,0,0,0,2,1,1,1,1,62,9,-1,-1,-1,-1,8,E01031838,0,-1
2020542502020,2020,542502020,1,21,1,18,19,7,3,0,0,4,0,0,0,0,4,2,1,1,1,40,7,-1,-1,-1,-1,-1,-1,0,-1
2020340C00092,2020,340C00092,2,9,0,18,19,3,7,0,0,0,0,0,0,0,1,1,2,2,1,35,6,-1,-1,-1,-1,8,E01032963,0,-1
2020010241326,2020,010241326,2,1,0,9,9,3,8,0,0,8,0,0,1,0,3,1,2,2,2,41,7,-1,-1,-1,-1,5,E01003359,0,-1
2020200958413,2020,200958413,1,9,0,9,9,2,8,0,0,6,0,0,0,0,1,1,6,6,3,-1,-1,-1,-1,-1,-1,-1,-1,0,-1
2020544671320,2020,544671320,3,19,0,18,19,2,6,0,0,0,0,0,0,0,1,1,6,6,1,50,8,-1,-1,-1,-1,4,E01032714,0,-1
2020010243030,2020,010243030,2,9,0,99,99,9,9,99,99,9,9,99,9,99,9,9,6,6,3,-1,-1,-1,-1,-1,-1,-1,-1,0,-1
2020360998991,2020,360998991,2,9,0,18,19,1,5,0,0,1,0,0,0,0,4,1,5,6,1,58,9,-1,-1,-1,-1,3,E01026639,0,-1
2020410979935,2020,410979935,1,9,0,13,13,5,1,0,0,0,0,0,0,0,1,1,1,1,1,31,6,-1,-1,-1,-1,6,E01023606,0,-1
2020552100169,2020,552100169,2,1,0,18,19,4,8,4,4,8,0,0,0,0,1,1,6,6,1,40,7,-1,-1,-1,-1,6,E01015358,0,-1
2020430267523,2020,430267523,1,9,0,18,19,3,7,0,0,1,0,0,0,0,1,1,6,6,1,-1,-1,-1,-1,-1,-1,-1,-1,0,-1
2020200944072,2020,200944072,1,9,0,18,19,7,3,0,0,0,0,0,0,0,1,1,6,6,3,-1,-1,-1,-1,-1,-1,-1,-1,0,-1
2020010246962,2020,010246962,2,9,0,5,5,3,7,0,0,0,0,0,0,0,0,1,6,6,3,-1,-1,-1,-1,-1,-1,-1,-1,0,-1
2020210948495,2020,210948495,3,9,0,2,2,0,0,0,0,1,0,0,0,0,2,1,6,6,3,-1,-1,-1,-1,-1,-1,-1,-1,0,-1
2020990928290,2020,990928290,2,1,0,17,19,6,3,4,4,1,0,0,0,0,3,1,5,6,2,19,4,-1,-1,-1,-1,3,-1,0,-1
2020010238470,2020,010238470,1,9,0,18,19,1,5,0,0,0,0,0,0,0,1,1,6,6,3,-1,-1,-1,-1,-1,-1,-1,-1,0,-1
2020522004336,2020,522004336,1,9,0,18,19,7,3,0,0,0,0,0,0,0,1,1,6,6,1,25,5,-1,-1,-1,-1,7,-1,0,-1
2020040947653,2020,040947653,1,9,0,1,1,8,6,0,0,8,0,0,0,0,2,1,6,6,3,-1,-1,-1,-1,-1,-1,-1,-1,0,-1
20201372L1391,2020,1372L1391,2,9,0,4,4,7,3,0,0,0,0,0,0,0,2,1,6,6,3,-1,-1,-1,-1,-1,-1,-1,-1,0,-1
2020010279194,2020,010279194,1,1,0,18,19,4,8,0,0,0,0,0,0,0,2,1,2,2,1,30,6,-1,-1,-1,-1,5,E01004483,0,-1
2020421010393,2020,421010393,1,90,0,4,4,6,2,0,0,0,0,0,0,0,1,1,6,6,3,-1,-1,-1,-1,-1,-1,-1,-1,0,-1
2020440243307,2020,440243307,1,1,0,10,10,8,4,0,0,1,0,0,0,0,2,1,6,6,1,21,5,-1,-1,-1,-1,2,E01017208,0,-1
2020010287122,2020,010287122,2,9,0,99,99,9,9,99,99,9,9,99,9,99,9,9,6,6,3,-1,-1,-1,-1,-1,-1,-1,-1,0,-1
2020610030820,2020,610030820,1,8,0,18,19,1,5,0,0,0,0,0,0,0,0,1,1,1,1,36,7,-1,-1,-1,-1,6,W01001615,0,-1
2020100967901,2020,100967901,1,9,0,18,19,6,2,0,0,0,0,0,0,0,3,1,6,6,1,37,7,-1,-1,-1,-1,5,E01027480,0,-1
2020010261784,2020,010261784,2,98,0,99,99,9,9,99,99,2,9,99,9,99,9,9,6,6,3,-1,-1,-1,-1,-1,-1,-1,-1,0,-1
2020122000557,2020,122000557,2,1,0,18,19,8,4,0,0,8,0,0,0,0,1,1,6,6,1,30,6,-1,-1,-1,-1,9,E01013422,0,-1
2020101003905,2020,101003905,2,1,0,18,19,5,2,0,0,8,0,0,0,0,4,1,6,6,1,35,6,-1,-1,-1,-1,-1,-1,0,-1
2020010250544,2020,010250544,2,9,0,99,99,9,9,99,99,9,9,99,9,99,9,9,6,6,3,-1,-1,-1,-1,-1,-1,-1,-1,0,-1
2020200995716,2020,200995716,2,1,0,4,4,8,4,0,0,1,0,0,0,0,1,1,2,2,1,21,5,-1,-1,-1,-1,1,E01010423,0,-1
2020400998196,2020,400998196,2,1,0,18,19,4,8,0,0,0,0,0,0,0,0,1,5,6,1,18,4,-1,-1,-1,-1,8,E01017461,0,-1
202006J372422,2020,06J372422,2,1,0,18,19,6,2,0,0,8,0,0,0,0,1,1,6,6,1,51,8,-1,-1,-1,-1,6,E01005769,0,-1
2020010279541,2020,010279541,1,4,0,18,19,1,5,0,0,8,0,10,0,0,1,1,1,1,1,30,6,-1,-1,-1,-1,10,E01025970,0,-1
2020990976574,2020,990976574,2,1,0,18,19,1,5,0,0,0,1,0,0,0,0,1,6,6,1,41,7,-1,-1,-1,-1,6,E01019320,0,-1
2020371009944,2020,371009944,2,1,0,18,19,1,6,0,0,1,0,0,0,0,4,1,6,6,1,29,6,-1,-1,-1,-1,2,E01029969,0,-1
2020460978166,2020,460978166,1,98,0,4,4,1,5,0,0,0,0,0,0,0,1,1,5,6,1,38,7,-1,-1,-1,-1,-1,-1,0,-1
2020350958958,2020,350958958,1,9,0,18,19,0,0,0,0,0,0,4,0,0,0,1,6,6,1,-1,-1,-1,-1,-1,-1,-1,-1,0,-1
2020221005178,2020,221005178,2,1,0,16,19,5,8,0,0,0,0,0,0,0,1,1,5,6,1,28,6,-1,-1,-1,-1,1,E01028957,0,-1
2020010246850,2020,010246850,2,9,0,18,19,-1,-1,0,0,8,0,0,0,0,0,1,6,6,3,-1,-1,-1,-1,-1,-1,-1,-1,0,-1
2020332000473,2020,332000473,2,-1,0,18,19,8,4,0,0,1,0,0,0,0,2,1,6,6,1,21,5,-1,-1,-1,-1,2,E01025700,1,-1
2020470967817,2020,470967817,2,1,0,16,19,6,8,0,0,0,0,0,0,0,2,1,2,2,1,33,6,-1,-1,-1,-1,3,E01020981,0,-1
2020010261599,2020,010261599,1,1,9,99,99,9,9,99,99,1,9,99,9,99,1,1,6,6,2,31,6,-1,-1,-1,-1,4,E01003166,0,-1
2020160992284,2020,160992284,2,97,0,18,19,6,2,0,0,0,0,0,0,0,1,1,6,6,1,-1,-1,-1,-1,-1,-1,-1,-1,0,-1
2020440224072,2020,440224072,1,9,0,1,1,0,3,0,0,0,0,0,0,0,2,1,6,6,1,30,6,-1,-1,-1,-1,8,E01022984,0,-1
2020122001134,2020,122001134,1,9,0,5,5,5,1,0,0,1,0,0,0,0,1,1,6,6,1,40,7,-1,-1,-1,-1,9,E01013381,0,-1
2020990917552,2020,990917552,2,9,0,4,4,1,5,0,0,0,0,0,0,0,2,1,5,6,1,32,6,-1,-1,-1,-1,-1,-1,0,-1
2020430063857,2020,430063857,2,9,0,4,4,2,6,0,0,1,0,0,0,0,2,1,6,6,2,35,6,-1,-1,-1,-1,4,E01022549,0,-1
2020430022063,2020,430022063,1,21,1,18,19,6,2,0,0,2,0,0,0,0,3,1,1,1,1,48,8,-1,-1,-1,-1,2,E01009403,0,-1
2020141009792,2020,141009792,2,9,0,18,19,1,5,0,0,1,0,0,0,0,1,1,6,6,3,-1,-1,-1,-1,-1,-1,-1,-1,0,-1
202063A059120,2020,63A059120,1,19,0,18,19,-1,-1,0,0,0,0,0,0,0,0,1,6,6,3,-1,-1,-1,-1,-1,-1,-1,-1,0,-1
2020010285643,2020,010285643,4,21,0,12,12,5,1,0,0,1,0,0,0,0,3,1,6,6,3,-1,-1,-1,-1,-1,-1,-1,-1,0,-1
2020010254818,2020,010254818,1,1,0,13,13,5,1,0,0,0,0,0,0,0,1,1,6,6,1,31,6,-1,-1,-1,-1,3,E01004212,0,-1
2020010263810,2020,010263810,1,9,0,99,99,9,9,99,99,9,9,99,9,99,9,9,6,6,3,-1,-1,-1,-1,-1,-1,9,E01002518,0,-1
2020440319789,2020,440319789,1,19,0,16,19,1,5,0,0,0,1,0,0,0,1,1,2,2,1,24,5,-1,-1,-1,-1,9,E01023190,0,-1
2020302000871,2020,302000871,2,9,0,18,19,2,6,0,0,1,0,0,0,0,1,1,6,6,3,-1,-1,-1,-1,-1,-1,5,E01019456,0,-1
2020010237001,2020,010237001,1,9,9,99,99,9,9,99,99,9,9,99,9,99,9,1,6,6,3,-1,-1,-1,-1,-1,-1,-1,-1,0,-1
2020302001437,2020,302001437,2,19,0,1,1,2,6,9,9,0,0,0,0,0,4,1,6,6,3,-1,-1,-1,-1,-1,-1,5,E01019456,0,-1
2020420968774,2020,420968774,1,98,0,18,19,7,3,0,0,3,0,0,0,0,1,1,6,6,3,-1,-1,-1,-1,-1,-1,-1,-1,0,-1
202031A123820,2020,31A123820,2,1,0,14,14,5,1,0,0,0,0,0,0,0,1,1,6,6,1,49,8,-1,-1,-1,-1,2,E01027980,0,-1
2020991008618,2020,991008618,1,3,0,18,19,5,1,0,0,8,0,0,0,0,1,1,5,6,1,18,4,-1,-1,-1,-1,2,-1,0,-1
2020470985943,2020,470985943,2,1,0,18,19,1,5,4,4,1,0,0,0,0,1,1,6,6,2,48,8,-1,-1,-1,-1,4,E01016890,0,-1
2020470991203,2020,470991203,1,8,0,18,19,3,7,0,0,0,0,0,0,0,1,1,6,6,3,-1,-1,-1,-1,-1,-1,-1,-1,0,-1
2020010248126,2020,010248126,1,1,0,18,19,7,3,0,0,0,0,0,0,0,1,1,6,6,1,43,7,-1,-1,-1,-1,7,E01002971,0,-1
2020470916054,2020,470916054,1,9,0,16,19,8,3,0,0,0,5,0,7,9,1,1,5,6,1,17,4,-1,-1,-1,-1,7,E01031447,0,-1
2020370953266,2020,370953266,2,1,0,18,19,8,4,0,0,8,0,0,0,0,4,1,5,6,1,72,10,-1,-1,-1,-1,8,E01029977,0,-1
2020010278365,2020,010278365,1,3,0,18,19,4,8,0,0,1,0,0,0,0,1,1,6,6,3,-1,-1,-1,-1,-1,-1,-1,-1,0,-1
2020010282898,2020,010282898,1,1,9,99,99,9,9,99,99,9,9,99,9,99,9,1,6,6,1,26,6,-1,-1,-1,-1,8,E01004502,0,-1
2020010251329,2020,010251329,2,9,0,99,99,9,9,99,99,9,9,99,9,99,3,9,6,6,3,30,6,-1,-1,-1,-1,-1,-1,0,-1
2020470969012,2020,470969012,2,1,0,18,19,7,3,0,0,8,0,0,0,0,1,1,5,6,2,25,5,-1,-1,-1,-1,5,E01016994,0,-1
2020010239676,2020,010239676,2,1,0,18,19,7,3,0,0,4,0,0,0,0,2,1,2,2,1,59,9,-1,-1,-1,-1,10,E01030754,0,-1
2020010250949,2020,010250949,1,1,9,99,99,9,9,99,99,9,9,99,9,99,1,1,2,2,1,29,6,-1,-1,-1,-1,6,E01033487,0,-1
2020522003396,2020,522003396,2,3,0,18,19,5,1,0,0,8,0,0,0,0,1,1,6,6,1,47,8,-1,-1,-1,-1,5,E01014927,0,-1
2020101010144,2020,101010144,1,9,-1,-1,-1,-1,-1,-1,-1,0,-1,-1,-1,0,-1,1,6,6,3,-1,-1,-1,-1,-1,-1,-1,-1,0,-1
2020420971739,2020,420971739,2,1,0,17,19,5,2,0,0,1,0,0,0,0,1,1,5,6,1,43,7,-1,-1,-1,-1,10,E01021643,0,-1
2020170L40550,2020,170L40550,2,9,0,18,19,3,7,0,0,0,0,0,0,0,1,1,6,6,1,18,4,-1,-1,-1,-1,2,E01010025,0,-1
2020302001251,2020,302001251,1,1,0,18,19,6,2,0,0,2,0,0,0,0,4,1,6,6,1,36,7,-1,-1,-1,-1,9,E01019624,0,-1
2020360942679,2020,360942679,3,9,0,4,4,6,2,0,0,0,0,0,0,0,2,1,1,1,1,27,6,-1,-1,-1,-1,5,E01026491,0,-1
2020010278222,2020,010278222,2,1,0,15,15,3,7,0,0,1,0,0,0,0,3,1,2,2,1,20,4,-1,-1,-1,-1,2,E01004740,0,-1
2020420925396,2020,420925396,2,1,0,3,3,1,5,0,0,0,0,0,0,0,3,1,6,6,1,11,3,-1,-1,-1,-1,10,E01021452,0,-1
2020137A40644,2020,137A40644,2,1,0,18,19,7,3,0,0,3,0,0,0,0,1,1,6,6,1,23,5,-1,-1,-1,-1,5,E01010656,0,-1
2020450971970,2020,450971970,2,19,0,18,19,5,1,0,0,0,0,0,0,0,4,1,6,6,1,51,8,-1,-1,-1,-1,-1,-1,0,-1
2020010280098,2020,010280098,1,9,0,18,19,1,5,0,0,1,0,0,0,0,1,1,6,6,3,-1,-1,-1,-1,-1,-1,-1,-1,0,-1
2020010284782,2020,010284782,2,1,0,18,19,1,5,4,4,8,0,0,0,0,4,1,6,6,1,37,7,-1,-1,-1,-1,4,E01002696,0,-1
2020200947315,2020,200947315,1,9,0,18,19,-1,-1,0,0,0,0,0,0,0,1,1,6,6,1,-1,-1,-1,-1,-1,-1,-1,-1,0,-1
2020010267779,2020,010267779,2,1,0,4,4,8,4,0,0,1,0,0,9,0,1,1,6,6,1,31,6,-1,-1,-1,-1,2,E01001748,0,-1
2020140962006,2020,140962006,1,1,0,18,19,7,3,0,0,1,0,0,0,0,1,1,6,6,1,25,5,-1,-1,-1,-1,8,E01007868,0,-1
2020990939763,2020,990939763,2,9,0,18,19,5,1,0,0,8,0,0,0,0,3,1,6,6,1,55,8,-1,-1,-1,-1,-1,-1,0,-1
2020420947866,2020,420947866,1,1,0,18,19,7,3,0,0,0,0,4,0,0,4,1,5,6,1,19,4,-1,-1,-1,-1,7,E01021657,0,-1
2020530959639,2020,530959639,3,1,0,18,19,3,7,0,0,0,5,0,1,0,4,1,5,6,1,62,9,-1,-1,-1,-1,10,E01028763,0,-1
2020010247369,2020,010247369,1,9,9,99,99,9,9,99,99,0,9,99,9,99,9,1,6,6,1,-1,-1,-1,-1,-1,-1,-1,-1,0,-1
20201374J0892,2020,1374J0892,2,1,0,18,19,5,1,0,0,8,2,0,0,0,3,1,6,6,1,55,8,-1,-1,-1,-1,10,E01010696,0,-1
2020210973014,2020,210973014,2,1,-1,-1,-1,-1,-1,-1,-1,-1,-1,-1,-1,0,-1,1,6,6,1,39,7,-1,-1,-1,-1,2,E01029734,0,-1
2020401007151,2020,401007151,2,1,0,5,5,6,2,0,0,8,0,0,0,0,1,1,6,6,1,12,3,-1,-1,-1,-1,7,E01033192,0,-1
2020400943956,2020,400943956,1,9,0,18,19,5,7,9,9,0,0,0,0,0,1,1,6,6,1,38,7,-1,-1,-1,-1,3,E01015724,0,-1
2020010276927,2020,010276927,2,9,0,99,99,9,9,99,99,9,9,99,9,99,9,9,6,6,3,-1,-1,-1,-1,-1,-1,-1,-1,0,-1
2020010240469,2020,010240469,2,11,0,99,99,9,9,99,99,9,9,99,9,99,2,9,6,6,3,-1,-1,-1,-1,-1,-1,-1,-1,0,-1
2020211024961,2020,211024961,1,9,0,10,10,3,1,0,0,8,0,0,0,0,1,1,6,6,3,30,6,-1,-1,-1,-1,-1,-1,0,-1
2020052002564,2020,052002564,1,9,0,9,9,1,3,0,0,2,0,0,0,0,1,1,6,6,3,-1,-1,-1,-1,-1,-1,-1,-1,0,-1
2020010258332,2020,010258332,2,9,0,18,19,5,1,0,0,2,0,0,0,0,2,1,6,6,3,-1,-1,-1,-1,-1,-1,-1,-1,0,-1
2020430296230,2020,430296230,2,1,0,9,9,3,1,0,0,8,0,0,0,0,4,1,2,2,2,23,5,-1,-1,-1,-1,8,E01028571,0,-1
2020332000591,2020,332000591,3,9,0,18,19,5,1,0,0,8,0,0,0,0,1,1,6,6,1,30,6,-1,-1,-1,-1,5,E01013612,0,-1
2020350971533,2020,350971533,2,9,0,5,5,6,4,0,0,6,0,0,0,0,1,1,6,6,1,-1,-1,-1,-1,-1,-1,-1,-1,0,-1
2020010267799,2020,010267799,2,1,0,18,19,5,1,0,0,0,0,0,0,0,1,1,6,6,1,60,9,-1,-1,-1,-1,2,E01000856,0,-1
2020360964002,2020,360964002,1,98,0,-1,-1,-1,-1,-1,-1,0,-1,-1,-1,0,-1,1,6,6,3,-1,-1,-1,-1,-1,-1,-1,-1,0,-1
2020470940467,2020,470940467,2,1,0,18,19,7,4,0,0,0,0,0,0,0,3,1,5,6,1,31,6,-1,-1,-1,-1,7,E01021236,0,-1
2020010284498,2020,010284498,1,1,9,99,99,9,9,99,99,0,9,99,9,99,1,1,6,6,3,-1,-1,-1,-1,-1,-1,-1,-1,0,-1
202060Y190049,2020,60Y190049,2,9,0,17,19,6,2,0,0,0,0,0,0,0,1,1,2,2,2,51,8,-1,-1,-1,-1,-1,-1,0,-1
2020460950942,2020,460950942,2,1,0,18,19,7,3,4,4,0,0,0,1,0,3,1,5,6,1,54,8,-1,-1,-1,-1,4,E01024296,0,-1
2020440317644,2020,440317644,2,9,0,18,19,2,6,0,0,0,0,0,1,4,1,1,6,6,2,44,7,-1,-1,-1,-1,8,E01017301,0,-1
2020460984112,2020,460984112,1,98,0,18,19,7,3,0,0,0,0,0,0,0,3,1,5,6,3,-1,-1,-1,-1,-1,-1,-1,-1,0,-1
202060Y141588,2020,60Y141588,1,9,0,18,19,4,8,0,0,4,0,0,0,0,4,1,6,6,1,42,7,-1,-1,-1,-1,-1,-1,0,-1
2020450956797,2020,450956797,2,9,0,18,19,5,1,0,0,1,0,0,0,0,1,1,1,1,1,56,9,-1,-1,-1,-1,-1,-1,0,-1
2020450967079,2020,450967079,1,1,0,18,19,7,3,9,9,8,2,0,0,0,4,1,5,6,1,15,3,-1,-1,-1,-1,5,E01030815,0,-1
2020220948183,2020,220948183,1,97,0,17,19,2,7,0,0,0,0,10,1,3,1,1,5,6,1,19,4,-1,-1,-1,-1,6,E01014082,0,-1
2020040922796,2020,040922796,1,9,0,18,19,1,5,0,0,0,0,0,0,0,1,1,2,2,1,25,5,-1,-1,-1,-1,4,E01025588,0,-1
2020010259677,2020,010259677,1,-1,0,7,7,4,7,0,0,5,9,0,9,99,2,1,6,6,2,32,6,-1,-1,-1,-1,3,E01001190,1,-1
2020010266551,2020,010266551,1,9,0,18,19,5,1,9,9,1,0,0,0,0,1,1,6,6,1,18,4,-1,-1,-1,-1,-1,-1,0,-1
2020041003425,2020,041003425,1,9,0,18,19,1,5,0,0,1,0,0,0,0,1,1,6,6,3,-1,-1,-1,-1,-1,-1,-1,-1,0,-1
202006L173788,2020,06L173788,1,1,0,18,19,1,5,0,0,8,0,0,0,0,1,1,6,6,1,16,4,-1,-1,-1,-1,3,E01006260,0,-1
2020010266774,2020,010266774,1,1,9,99,99,9,9,99,99,9,9,99,9,99,1,1,6,6,2,28,6,-1,-1,-1,-1,2,E01003305,0,-1
2020460968304,2020,460968304,1,1,0,18,19,1,5,9,9,0,1,0,0,0,4,1,5,6,1,18,4,-1,-1,-1,-1,3,E01004167,0,-1
2020410932559,2020,410932559,1,19,0,18,19,7,5,0,0,0,0,4,1,0,1,1,1,1,1,75,10,-1,-1,-1,-1,10,E01023464,0,-1
2020137191057,2020,137191057,2,1,0,18,19,7,3,0,0,8,0,0,0,0,1,1,6,6,1,37,7,-1,-1,-1,-1,3,E01011786,0,-1
2020010239827,2020,010239827,1,1,0,99,99,9,9,0,0,8,0,0,4,0,2,1,6,6,1,41,7,-1,-1,-1,-1,3,E01002605,0,-1
2020010236654,2020,010236654,1,1,9,99,99,9,9,99,99,0,9,99,9,99,9,1,6,6,1,62,9,-1,-1,-1,-1,10,E01003851,0,-1
202031A047720,2020,31A047720,1,9,0,18,19,6,2,0,0,8,0,0,0,0,1,1,6,6,1,52,8,-1,-1,-1,-1,5,E01027998,0,-1
2020160960054,2020,160960054,1,1,0,18,19,2,6,0,0,1,5,0,1,0,0,1,6,6,1,48,8,-1,-1,-1,-1,10,E01012973,0,-1
2020140951582,2020,140951582,3,9,0,13,13,3,3,0,0,8,1,0,8,9,1,1,6,6,1,24,5,-1,-1,-1,-1,-1,-1,0,-1
2020547921320,2020,547921320,1,9,0,18,19,4,8,0,0,1,0,0,0,0,1,1,6,6,1,30,6,-1,-1,-1,-1,-1,-1,0,-1
2020010244696,2020,010244696,2,9,0,99,99,9,9,99,99,9,9,99,9,99,1,9,6,6,3,-1,-1,-1,-1,-1,-1,-1,-1,0,-1
2020332000827,2020,332000827,1,9,0,17,19,2,6,0,0,0,5,10,1,9,1,1,6,6,2,24,5,-1,-1,-1,-1,-1,-1,0,-1
2020010251417,2020,010251417,2,1,0,18,19,1,5,0,0,0,1,0,0,0,1,1,6,6,1,22,5,-1,-1,-1,-1,8,E01003861,0,-1
2020160992694,2020,160992694,1,9,0,7,7,6,8,0,0,5,0,0,1,0,3,1,6,6,3,-1,-1,-1,-1,-1,-1,-1,-1,0,-1
2020991010340,2020,991010340,1,9,0,17,19,2,6,0,0,0,0,0,0,0,2,1,6,6,2,45,7,-1,-1,-1,-1,8,-1,0,-1
2020500972420,2020,500972420,1,17,4,7,7,7,8,0,0,6,0,0,0,0,1,1,1,1,1,29,6,-1,-1,-1,-1,6,E01020237,0,-1
2020470992986,2020,470992986,1,1,0,7,7,6,7,0,0,4,0,0,0,0,3,1,1,1,1,33,6,-1,-1,-1,-1,5,E01031470,0,-1