collision_index,collision_year,collision_ref_no,vehicle_reference,vehicle_type,towing_and_articulation,vehicle_manoeuvre_historic,vehicle_manoeuvre,vehicle_direction_from,vehicle_direction_to,vehicle_location_restricted_lane_historic,vehicle_location_restricted_lane,junction_location,skidding_and_overturning,hit_object_in_carriageway,vehicle_leaving_carriageway,hit_object_off_carriageway,first_point_of_impact,vehicle_left_hand_drive,journey_purpose_of_driver_historic,journey_purpose_of_driver,sex_of_driver,age_of_driver,age_band_of_driver,engine_capacity_cc,propulsion_code,age_of_vehicle,generic_make_model,driver_imd_decile,lsoa_of_driver,escooter_flag,driver_distance_banding
2020450925846,2020,450925846,2,1,0,18,19,1,5,0,0,2,0,4,0,0,1,1,1,1,1,41,7,-1,-1,-1,-1,8,E01030538,0,-1
2020010249078,2020,010249078,2,9,0,13,13,7,3,0,0,0,2,0,4,0,1,1,6,6,1,21,5,-1,-1,-1,-1,6,E01026922,0,-1
2020470921326,2020,470921326,2,1,0,10,10,8,6,0,0,6,0,0,0,0,1,1,5,6,1,60,9,-1,-1,-1,-1,2,E01031808,0,-1
2020332000865,2020,332000865,2,3,0,18,19,6,2,0,0,8,0,0,0,0,1,1,2,2,1,32,6,-1,-1,-1,-1,1,E01013603,0,-1
2020440033512,2020,440033512,2,9,0,9,9,6,5,0,0,8,0,0,0,0,4,1,6,6,3,-1,-1,-1,-1,-1,-1,-1,-1,0,-1
2020010280748,2020,010280748,1,1,9,99,99,9,9,99,99,9,9,99,9,99,1,1,2,2,1,25,5,-1,-1,-1,-1,10,E01004478,0,-1
2020010228700,2020,010228700,2,1,0,18,19,3,7,0,0,8,0,0,0,0,4,1,6,6,1,61,9,-1,-1,-1,-1,4,E01003447,0,-1
2020332001211,2020,332001211,1,9,0,18,19,5,1,0,0,0,0,0,0,0,0,1,6,6,1,56,9,-1,-1,-1,-1,-1,-1,0,-1
202031B099820,2020,31B099820,2,1,0,18,19,5,1,0,0,0,0,0,0,0,1,1,6,6,1,31,6,-1,-1,-1,-1,4,E01028225,0,-1
2020010285455,2020,010285455,1,9,0,7,7,4,7,0,0,8,0,0,0,0,4,1,6,6,3,-1,-1,-1,-1,-1,-1,-1,-1,0,-1
2020160983037,2020,160983037,2,1,0,18,19,5,1,4,4,1,0,0,0,0,1,1,2,2,1,24,5,-1,-1,-1,-1,1,E01012917,0,-1
2020052001134,2020,052001134,2,1,0,18,19,1,5,0,0,0,0,0,0,0,2,1,6,6,2,50,8,-1,-1,-1,-1,2,E01006956,0,-1
2020990947948,2020,990947948,1,9,0,7,7,6,8,0,0,0,0,0,0,0,4,1,6,6,3,40,7,-1,-1,-1,-1,-1,-1,0,-1
2020140927632,2020,140927632,2,1,0,18,19,5,1,0,0,0,0,0,0,0,2,1,6,6,1,54,8,-1,-1,-1,-1,1,E01007870,0,-1
2020010277222,2020,010277222,2,9,0,99,99,9,9,99,99,0,9,99,9,99,1,9,6,6,3,-1,-1,-1,-1,-1,-1,6,E01002166,0,-1
2020010274129,2020,010274129,1,1,0,18,19,1,5,2,2,8,2,10,0,0,0,1,6,6,2,20,4,-1,-1,-1,-1,3,E01003014,0,-1
2020200991213,2020,200991213,2,1,0,18,19,3,7,0,0,1,0,0,0,0,3,1,6,6,1,51,8,-1,-1,-1,-1,5,E01010159,0,-1
2020220945337,2020,220945337,2,16,0,4,4,2,6,0,0,0,0,0,0,0,2,1,5,6,2,37,7,-1,-1,-1,-1,4,E01008947,0,-1
2020440063451,2020,440063451,2,9,0,9,9,7,5,0,0,8,0,0,0,0,3,1,6,6,2,36,7,-1,-1,-1,-1,6,E01022614,0,-1
2020010247686,2020,010247686,2,1,9,99,99,9,9,99,99,9,9,99,9,99,1,1,6,6,1,-1,-1,-1,-1,-1,-1,-1,-1,0,-1
2020100981149,2020,100981149,2,-1,0,18,19,6,2,0,0,1,0,0,0,0,1,1,5,6,1,13,3,-1,-1,-1,-1,-1,-1,1,-1
2020470978236,2020,470978236,2,9,0,2,2,0,0,0,0,1,0,0,0,0,3,1,6,6,3,-1,-1,-1,-1,-1,-1,-1,-1,0,-1
2020210980085,2020,210980085,2,1,0,18,19,7,3,0,0,0,0,0,0,0,1,1,5,6,1,76,11,-1,-1,-1,-1,-1,-1,0,-1
2020440005081,2020,440005081,2,1,0,18,19,3,7,0,0,8,0,0,0,0,4,1,6,6,2,17,4,-1,-1,-1,-1,6,E01022941,0,-1
2020200944126,2020,200944126,1,9,0,18,19,-1,-1,0,0,3,0,0,0,0,1,1,6,6,1,-1,-1,-1,-1,-1,-1,-1,-1,0,-1
2020160926452,2020,160926452,1,9,0,18,19,2,6,0,0,1,0,0,0,0,1,1,6,6,3,-1,-1,-1,-1,-1,-1,-1,-1,0,-1
2020010232491,2020,010232491,2,1,0,18,19,1,5,0,0,8,0,0,0,0,1,-1,6,6,1,42,7,-1,-1,-1,-1,9,E01004504,0,-1
2020400934320,2020,400934320,1,9,0,9,9,5,1,0,0,1,0,0,0,0,1,1,3,7,2,-1,-1,-1,-1,-1,-1,-1,-1,0,-1
2020470950117,2020,470950117,2,9,0,2,2,0,0,0,0,0,0,0,0,0,2,1,6,6,3,-1,-1,-1,-1,-1,-1,-1,-1,0,-1
2020430079709,2020,430079709,3,9,0,2,2,0,0,0,0,0,0,0,0,0,0,1,6,6,3,-1,-1,-1,-1,-1,-1,-1,-1,0,-1
202031A119820,2020,31A119820,1,1,0,18,19,4,8,9,9,0,0,0,0,0,1,1,2,2,1,21,5,-1,-1,-1,-1,3,E01019511,0,-1
202060Y007913,2020,60Y007913,1,9,0,9,9,8,6,0,0,5,0,0,0,0,1,1,6,6,2,80,11,-1,-1,-1,-1,-1,-1,0,-1
2020010284172,2020,010284172,2,-1,0,99,99,9,9,0,0,9,9,0,9,0,9,1,6,6,1,39,7,-1,-1,-1,-1,3,E01001154,1,-1
2020421005955,2020,421005955,1,9,0,18,19,3,7,0,0,4,0,0,0,0,1,1,6,6,3,-1,-1,-1,-1,-1,-1,-1,-1,0,-1
2020410958200,2020,410958200,2,9,3,18,19,3,7,0,0,1,0,0,0,0,3,1,5,6,3,-1,-1,-1,-1,-1,-1,-1,-1,0,-1
2020010251098,2020,010251098,1,9,0,99,99,9,9,99,99,9,9,99,9,99,2,9,2,2,1,35,6,-1,-1,-1,-1,10,E01017413,0,-1
2020010266795,2020,010266795,2,9,0,4,4,6,2,0,0,2,0,0,0,0,2,1,6,6,1,25,5,-1,-1,-1,-1,1,E01004285,0,-1
2020332000418,2020,332000418,2,1,0,18,19,8,4,0,0,1,0,0,0,0,1,1,6,6,1,13,3,-1,-1,-1,-1,2,E01009233,0,-1
2020520100969,2020,520100969,1,9,0,18,19,2,6,0,0,8,0,0,0,0,1,1,6,6,1,44,7,-1,-1,-1,-1,8,E01029162,0,-1
2020230983186,2020,230983186,2,1,0,9,9,4,2,0,0,5,0,0,0,0,2,1,5,6,1,30,6,-1,-1,-1,-1,5,E01010159,0,-1
2020010282788,2020,010282788,2,9,0,99,99,9,9,99,99,9,9,99,9,99,9,9,6,6,3,-1,-1,-1,-1,-1,-1,-1,-1,0,-1
2020450945530,2020,450945530,1,9,0,18,19,6,2,0,0,2,0,0,0,0,1,1,2,2,1,33,6,-1,-1,-1,-1,5,E01030725,0,-1
2020547281220,2020,547281220,1,9,0,18,19,5,1,0,0,3,0,0,0,0,1,1,6,6,3,30,6,-1,-1,-1,-1,-1,-1,0,-1
2020450982791,2020,450982791,2,1,0,17,19,5,1,0,0,8,0,0,0,0,1,1,2,2,1,42,7,-1,-1,-1,-1,10,E01030439,0,-1
2020010266238,2020,010266238,2,90,0,18,19,1,5,0,0,1,0,0,0,0,9,1,6,6,1,-1,-1,-1,-1,-1,-1,-1,-1,0,-1
2020622000149,2020,622000149,1,9,0,18,19,8,4,0,0,0,0,0,0,0,1,1,2,2,2,44,7,-1,-1,-1,-1,8,W01000775,0,-1
2020221000128,2020,221000128,2,1,0,18,19,2,6,0,0,3,0,0,0,0,1,1,5,6,1,48,8,-1,-1,-1,-1,5,E01032354,0,-1
2020450987399,2020,450987399,2,1,0,18,19,1,1,0,0,0,0,0,0,0,1,1,6,6,1,14,3,-1,-1,-1,-1,-1,-1,0,-1
2020210995409,2020,210995409,1,1,0,9,9,5,2,0,0,8,0,0,0,0,1,1,6,6,1,44,7,-1,-1,-1,-1,3,E01029701,0,-1
2020010274550,2020,010274550,2,1,0,18,19,5,1,4,4,8,0,0,0,0,3,1,6,6,1,31,6,-1,-1,-1,-1,1,E01001206,0,-1
2020010284795,2020,010284795,1,1,9,99,99,9,9,99,99,9,9,99,9,99,9,1,6,6,1,29,6,-1,-1,-1,-1,2,E01003179,0,-1
2020160990446,2020,160990446,2,1,0,18,19,3,7,0,0,1,0,0,0,0,1,1,6,6,1,16,4,-1,-1,-1,-1,1,E01012852,0,-1
2020010235656,2020,010235656,2,9,0,99,99,9,9,99,99,9,9,99,9,99,9,9,6,6,3,-1,-1,-1,-1,-1,-1,-1,-1,0,-1
2020332001153,2020,332001153,1,9,0,18,19,4,8,0,0,0,0,0,0,0,0,1,6,6,2,21,5,-1,-1,-1,-1,-1,-1,0,-1
202054C552220,2020,54C552220,2,1,0,5,5,7,2,0,0,1,0,0,0,0,4,1,6,6,1,12,3,-1,-1,-1,-1,2,E01015476,0,-1
2020010253114,2020,010253114,1,1,9,99,99,9,9,99,99,1,9,99,9,99,1,1,2,2,1,32,6,-1,-1,-1,-1,9,E01003892,0,-1
2020421000177,2020,421000177,2,1,0,-1,-1,-1,-1,-1,-1,-1,-1,-1,-1,0,-1,1,5,6,1,16,4,-1,-1,-1,-1,7,E01021857,0,-1
2020140954206,2020,140954206,3,1,0,18,19,7,3,0,0,6,0,0,0,0,1,1,6,6,1,29,6,-1,-1,-1,-1,1,E01007769,0,-1
2020010260328,2020,010260328,2,90,0,99,99,9,9,0,0,0,0,0,0,0,9,9,6,6,3,-1,-1,-1,-1,-1,-1,-1,-1,0,-1
2020010259708,2020,010259708,2,1,9,99,99,9,9,99,99,9,9,99,9,99,2,1,6,6,1,11,3,-1,-1,-1,-1,6,E01004017,0,-1
2020350923842,2020,350923842,2,1,-1,-1,-1,-1,-1,-1,-1,0,-1,-1,-1,0,-1,1,2,2,2,-1,-1,-1,-1,-1,-1,10,E01017955,0,-1
2020302000891,2020,302000891,1,3,0,16,19,1,4,0,0,0,0,0,0,0,1,1,6,6,1,23,5,-1,-1,-1,-1,2,E01019510,0,-1
2020010263388,2020,010263388,1,1,9,18,19,2,6,5,5,1,5,0,0,99,1,1,6,6,1,32,6,-1,-1,-1,-1,2,E01001828,0,-1
2020546976120,2020,546976120,1,9,0,4,4,1,5,0,0,1,0,0,0,0,1,1,6,6,3,30,6,-1,-1,-1,-1,-1,-1,0,-1
2020522002449,2020,522002449,2,1,0,18,19,2,6,0,0,8,0,0,0,0,1,1,6,6,2,45,7,-1,-1,-1,-1,-1,-1,0,-1
2020070523666,2020,070523666,1,9,0,8,8,3,5,0,0,1,0,0,0,0,1,1,6,6,1,-1,-1,-1,-1,-1,-1,-1,-1,0,-1
2020522100731,2020,522100731,1,9,0,18,19,7,3,0,0,8,0,0,0,10,1,1,6,6,1,94,11,-1,-1,-1,-1,3,E01014926,0,-1
2020460935680,2020,460935680,2,21,0,18,19,8,4,0,0,0,0,0,0,0,3,1,1,1,1,23,5,-1,-1,-1,-1,-1,-1,0,-1
2020070541328,2020,070541328,2,1,0,18,19,3,7,0,0,8,0,9,0,0,1,1,2,2,1,45,7,-1,-1,-1,-1,1,E01018445,0,-1
202060Y106038,2020,60Y106038,1,9,0,18,19,8,4,0,0,0,0,0,0,0,1,1,6,6,1,-1,-1,-1,-1,-1,-1,-1,-1,0,-1
2020137CE0230,2020,137CE0230,2,1,0,18,19,4,8,0,0,3,0,0,0,0,1,1,2,2,1,31,6,-1,-1,-1,-1,8,E01011496,0,-1
2020010267450,2020,010267450,2,-1,0,13,13,5,1,0,0,0,0,0,0,0,1,1,6,6,1,42,7,-1,-1,-1,-1,4,E01002000,1,-1
2020137911916,2020,137911916,1,9,0,17,19,3,7,0,0,0,1,0,0,0,4,1,6,6,3,-1,-1,-1,-1,-1,-1,-1,-1,0,-1
2020440410377,2020,440410377,2,1,0,18,19,8,4,0,0,8,0,0,0,0,3,1,6,6,2,52,8,-1,-1,-1,-1,10,E01022868,0,-1
2020522100539,2020,522100539,2,1,0,18,19,1,5,0,0,6,0,0,0,0,1,1,6,6,1,58,9,-1,-1,-1,-1,7,E01014945,0,-1
2020111004938,2020,111004938,2,1,0,18,19,5,1,0,0,0,0,0,0,0,2,1,6,6,1,40,7,-1,-1,-1,-1,3,E01012328,0,-1
2020470985819,2020,470985819,1,9,0,18,19,1,5,0,0,0,0,0,0,0,-1,1,6,6,3,-1,-1,-1,-1,-1,-1,-1,-1,0,-1
2020332001241,2020,332001241,1,19,0,18,19,6,2,0,0,0,0,0,0,0,0,1,6,6,1,36,7,-1,-1,-1,-1,-1,-1,0,-1
2020010246574,2020,010246574,2,19,0,9,9,5,3,0,0,1,0,0,0,0,0,1,6,6,3,-1,-1,-1,-1,-1,-1,-1,-1,0,-1
202060Y004595,2020,60Y004595,1,9,0,5,5,2,6,0,0,6,1,0,0,0,3,1,6,6,1,23,5,-1,-1,-1,-1,-1,-1,0,-1
2020010249325,2020,010249325,2,1,0,18,19,5,1,9,9,0,0,4,0,0,1,1,6,6,1,33,6,-1,-1,-1,-1,-1,-1,0,-1
2020522002523,2020,522002523,1,9,0,18,19,2,5,0,0,4,0,0,0,0,3,1,6,6,1,21,5,-1,-1,-1,-1,4,E01014627,0,-1
2020010260032,2020,010260032,1,1,9,99,99,9,9,99,99,9,9,99,9,99,1,1,2,2,1,25,5,-1,-1,-1,-1,4,E01002788,0,-1
2020520003686,2020,520003686,2,17,0,9,9,4,2,0,0,0,0,0,0,0,4,1,6,6,3,-1,-1,-1,-1,-1,-1,-1,-1,0,-1
2020030978542,2020,030978542,1,9,0,5,5,1,5,0,0,0,0,0,0,0,1,1,5,6,1,26,6,-1,-1,-1,-1,1,E01009404,0,-1
2020100923182,2020,100923182,1,9,0,18,19,7,3,0,0,0,2,10,6,6,1,1,5,6,1,33,6,-1,-1,-1,-1,7,E01008728,0,-1
2020010262250,2020,010262250,2,1,0,18,19,6,2,0,0,1,0,0,0,0,1,1,6,6,1,15,3,-1,-1,-1,-1,6,E01002298,0,-1
2020470917080,2020,470917080,2,9,0,2,2,0,0,0,0,0,0,0,1,11,2,1,6,6,3,-1,-1,-1,-1,-1,-1,-1,-1,0,-1
2020010249799,2020,010249799,1,9,0,5,5,5,1,0,0,8,0,0,0,0,1,1,6,6,2,30,6,-1,-1,-1,-1,-1,-1,0,-1
2020041021253,2020,041021253,1,9,0,18,19,1,5,0,0,0,0,0,0,0,1,1,6,6,3,-1,-1,-1,-1,-1,-1,-1,-1,0,-1
2020501007351,2020,501007351,1,-1,0,18,19,3,7,0,0,0,0,0,0,0,0,1,6,6,1,36,7,-1,-1,-1,-1,1,E01015182,1,-1
2020471006819,2020,471006819,2,9,0,18,19,7,3,0,0,1,0,0,0,0,0,1,6,6,1,-1,-1,-1,-1,-1,-1,-1,-1,0,-1
2020430042347,2020,430042347,1,1,0,9,9,4,2,0,0,6,0,0,0,0,1,1,6,6,2,16,4,-1,-1,-1,-1,9,E01016678,0,-1
2020010253019,2020,010253019,2,9,0,99,99,9,9,99,99,0,9,99,9,99,1,9,6,6,1,-1,-1,-1,-1,-1,-1,2,E01002392,0,-1
2020450965249,2020,450965249,2,3,0,18,19,5,1,0,0,4,0,0,0,0,1,1,6,6,1,23,5,-1,-1,-1,-1,6,E01030767,0,-1
2020450967204,2020,450967204,1,1,0,16,19,2,6,0,0,0,1,0,0,0,0,1,5,6,2,24,5,-1,-1,-1,-1,2,E01003120,0,-1
2020010263359,2020,010263359,1,1,9,99,99,9,9,99,99,0,9,99,9,99,9,1,6,6,1,34,6,-1,-1,-1,-1,-1,-1,0,-1
2020460981639,2020,460981639,2,1,0,18,19,5,1,0,0,1,5,0,0,0,4,1,5,6,1,57,9,-1,-1,-1,-1,10,E01023247,0,-1
202060Y010258,2020,60Y010258,1,9,0,18,19,1,5,0,0,1,0,0,0,0,4,1,1,1,2,68,10,-1,-1,-1,-1,-1,-1,0,-1
2020010248741,2020,010248741,2,9,0,99,99,9,9,99,99,9,9,99,9,99,9,9,6,6,3,-1,-1,-1,-1,-1,-1,-1,-1,0,-1
2020530949840,2020,530949840,1,9,0,18,19,1,5,0,0,0,0,0,0,0,0,1,1,1,1,53,8,-1,-1,-1,-1,5,E01032305,0,-1
202060Y012780,2020,60Y012780,2,4,0,18,19,3,7,0,0,8,0,0,0,0,1,1,6,6,1,30,6,-1,-1,-1,-1,-1,-1,0,-1
2020430267746,2020,430267746,1,97,0,17,19,1,5,0,0,0,0,10,1,0,4,1,6,6,1,19,4,-1,-1,-1,-1,9,E01028761,0,-1
2020041004969,2020,041004969,1,9,0,5,5,1,7,9,9,0,0,0,0,0,2,1,6,6,3,-1,-1,-1,-1,-1,-1,-1,-1,0,-1
2020400995097,2020,400995097,2,1,0,18,19,4,2,0,0,8,0,0,0,0,2,1,6,6,1,49,8,-1,-1,-1,-1,5,E01015768,0,-1
2020332000562,2020,332000562,3,9,0,4,4,1,5,0,0,0,0,0,0,0,1,1,6,6,2,32,6,-1,-1,-1,-1,2,E01013695,0,-1
2020010281456,2020,010281456,1,1,9,99,99,9,9,99,99,9,9,99,9,99,9,1,6,6,2,35,6,-1,-1,-1,-1,3,E01003972,0,-1
2020010282672,2020,010282672,1,1,9,99,99,9,9,99,99,9,9,99,9,99,2,1,2,2,2,39,7,-1,-1,-1,-1,1,E01003577,0,-1
2020040966804,2020,040966804,1,1,0,18,19,1,1,0,0,6,0,0,0,0,1,1,5,6,1,5,1,-1,-1,-1,-1,2,E01012605,0,-1
2020360944817,2020,360944817,2,1,0,5,5,3,7,0,0,0,0,0,0,0,1,1,3,7,2,17,4,-1,-1,-1,-1,1,E01026467,0,-1
2020230956934,2020,230956934,1,-1,0,18,19,7,3,9,9,0,0,8,0,0,1,1,2,2,1,35,6,-1,-1,-1,-1,5,E01031132,1,-1
2020420973222,2020,420973222,1,9,0,17,19,4,8,0,0,2,0,0,0,0,4,1,6,6,1,-1,-1,-1,-1,-1,-1,-1,-1,0,-1
2020460983506,2020,460983506,1,98,0,6,6,7,3,0,0,2,0,0,0,0,1,1,1,1,1,35,6,-1,-1,-1,-1,10,E01024464,0,-1
2020052001058,2020,052001058,2,1,0,18,19,5,1,0,0,0,0,0,0,0,3,1,6,6,1,23,5,-1,-1,-1,-1,7,E01012401,0,-1
2020440120029,2020,440120029,2,9,0,9,9,3,1,0,0,8,0,0,0,0,1,1,6,6,3,-1,-1,-1,-1,-1,-1,-1,-1,0,-1
2020522004430,2020,522004430,1,1,0,18,19,7,3,0,0,0,0,0,0,10,3,1,1,1,1,56,9,-1,-1,-1,-1,7,E01014554,0,-1
2020470981232,2020,470981232,2,1,0,5,5,1,5,0,0,6,0,0,0,0,1,1,4,7,1,14,3,-1,-1,-1,-1,1,E01016910,0,-1
2020610032920,2020,610032920,1,9,0,5,5,8,4,0,0,3,1,11,1,2,1,1,2,2,1,43,7,-1,-1,-1,-1,-1,-1,0,-1
2020010261804,2020,010261804,2,1,0,18,19,5,1,0,0,1,0,0,0,0,1,1,2,2,2,28,6,-1,-1,-1,-1,-1,-1,0,-1
2020200999738,2020,200999738,1,11,0,4,4,2,6,0,0,1,0,10,0,0,0,1,1,1,1,53,8,-1,-1,-1,-1,2,E01009754,0,-1
2020302000374,2020,302000374,1,9,0,6,6,2,2,0,0,0,0,0,0,0,0,1,6,6,3,-1,-1,-1,-1,-1,-1,-1,-1,0,-1
2020400955289,2020,400955289,2,1,0,4,4,1,5,0,0,4,0,0,0,0,3,1,6,6,1,36,7,-1,-1,-1,-1,3,E01017538,0,-1
2020040970950,2020,040970950,1,98,0,18,19,1,5,0,0,4,0,0,0,0,1,1,6,6,3,-1,-1,-1,-1,-1,-1,-1,-1,0,-1
2020990971986,2020,990971986,2,1,0,18,19,4,8,0,0,1,0,0,0,0,1,1,2,2,1,61,9,-1,-1,-1,-1,4,-1,0,-1
2020010242632,2020,010242632,2,1,9,18,19,1,5,0,0,1,5,0,0,99,1,1,2,2,2,31,6,-1,-1,-1,-1,10,E01003891,0,-1
202031D103620,2020,31D103620,3,9,0,3,3,3,7,0,0,1,0,0,0,0,2,1,6,6,3,-1,-1,-1,-1,-1,-1,-1,-1,0,-1
2020010239518,2020,010239518,2,1,0,18,19,1,5,0,0,1,0,0,0,0,1,1,2,2,2,38,7,-1,-1,-1,-1,7,E01000909,0,-1
2020470995414,2020,470995414,2,1,0,18,19,8,4,0,0,0,0,0,0,0,3,1,5,6,2,47,8,-1,-1,-1,-1,8,E01021174,0,-1
202054C716820,2020,54C716820,1,9,0,18,19,1,4,0,0,4,0,0,0,0,1,1,2,2,1,63,9,-1,-1,-1,-1,7,E01015474,0,-1
2020137A11696,2020,137A11696,2,21,0,18,19,4,8,0,0,8,0,0,0,0,2,1,6,6,1,-1,-1,-1,-1,-1,-1,7,E01025123,0,-1
2020450993266,2020,450993266,2,1,0,18,19,5,1,9,9,0,0,0,0,0,4,1,5,6,1,13,3,-1,-1,-1,-1,4,E01030496,0,-1
2020410972932,2020,410972932,2,9,0,16,19,7,3,0,0,0,0,0,0,0,2,1,5,6,1,71,10,-1,-1,-1,-1,10,E01017874,0,-1
2020010282167,2020,010282167,1,9,0,16,19,3,7,0,0,3,0,0,0,0,1,1,1,1,1,24,5,-1,-1,-1,-1,7,E01000837,0,-1
202006J277995,2020,06J277995,3,9,0,18,19,2,6,0,0,0,0,0,0,0,3,1,6,6,1,63,9,-1,-1,-1,-1,2,E01006011,0,-1
2020470986395,2020,470986395,1,19,0,7,7,2,5,0,0,8,0,0,0,0,4,1,6,6,3,-1,-1,-1,-1,-1,-1,-1,-1,0,-1
202031A069820,2020,31A069820,3,9,0,2,2,0,0,0,0,1,0,0,0,0,0,1,6,6,3,-1,-1,-1,-1,-1,-1,-1,-1,0,-1
2020010274655,2020,010274655,1,9,0,18,19,2,6,0,0,0,0,0,0,0,0,1,6,6,1,-1,-1,-1,-1,-1,-1,-1,-1,0,-1
2020481013296,2020,481013296,1,9,0,7,7,3,5,0,0,8,0,0,0,0,4,1,5,6,1,30,6,-1,-1,-1,-1,-1,-1,0,-1
2020500991688,2020,500991688,1,98,0,18,19,1,5,0,0,0,0,0,0,0,0,1,6,6,3,-1,-1,-1,-1,-1,-1,-1,-1,0,-1
2020440186054,2020,440186054,2,9,0,18,19,2,6,0,0,0,0,0,0,0,1,1,6,6,3,-1,-1,-1,-1,-1,-1,-1,-1,0,-1
202006E373261,2020,06E373261,1,9,0,13,13,3,7,0,0,8,0,0,0,0,1,1,6,6,1,33,6,-1,-1,-1,-1,1,E01005313,0,-1
2020010256268,2020,010256268,1,1,9,99,99,9,9,99,99,9,9,99,9,99,9,-1,6,6,1,24,5,-1,-1,-1,-1,6,E01001590,0,-1
2020010229562,2020,010229562,1,9,0,18,19,1,5,0,0,2,1,7,0,0,1,1,6,6,1,27,6,-1,-1,-1,-1,1,E01004298,0,-1
2020440224210,2020,440224210,1,5,0,16,19,5,1,0,0,0,0,0,7,0,1,1,2,2,1,28,6,-1,-1,-1,-1,4,E01017295,0,-1
2020160971992,2020,160971992,1,98,0,18,19,6,2,0,0,0,0,0,0,0,3,2,1,1,1,51,8,-1,-1,-1,-1,10,E01018235,0,-1
2020052000500,2020,052000500,1,9,0,18,19,8,4,0,0,0,0,0,0,0,1,1,6,6,3,-1,-1,-1,-1,-1,-1,-1,-1,0,-1
2020450976647,2020,450976647,3,1,0,18,19,7,3,0,0,0,0,0,0,0,1,1,6,6,1,53,8,-1,-1,-1,-1,7,E01016197,0,-1
2020010257377,2020,010257377,2,1,0,14,14,3,7,0,0,0,0,8,0,0,3,1,1,1,1,21,5,-1,-1,-1,-1,2,E01004253,0,-1
2020332001017,2020,332001017,2,1,0,9,9,7,5,0,0,6,0,0,0,0,4,1,6,6,1,34,6,-1,-1,-1,-1,10,E01025772,0,-1
2020010237736,2020,010237736,1,19,9,99,99,9,9,99,99,9,9,99,9,99,9,9,6,6,3,-1,-1,-1,-1,-1,-1,-1,-1,0,-1
2020430164024,2020,430164024,1,9,0,18,19,1,5,0,0,0,0,0,0,0,4,1,6,6,3,-1,-1,-1,-1,-1,-1,-1,-1,0,-1
202006P374819,2020,06P374819,1,9,0,7,7,5,7,0,0,8,0,0,0,0,3,1,6,6,3,30,6,-1,-1,-1,-1,-1,-1,0,-1
2020140924437,2020,140924437,2,9,0,2,2,0,0,0,0,0,0,0,0,0,2,1,6,6,3,-1,-1,-1,-1,-1,-1,-1,-1,0,-1
2020440360742,2020,440360742,2,19,0,18,19,6,2,0,0,8,0,0,0,0,1,1,1,1,1,33,6,-1,-1,-1,-1,9,E01022633,0,-1
2020110977127,2020,110977127,2,1,0,5,5,1,7,0,0,4,0,0,0,0,1,1,5,6,1,49,8,-1,-1,-1,-1,4,E01020832,0,-1
2020552000663,2020,552000663,3,9,0,2,2,0,0,0,0,0,0,0,0,0,2,1,6,6,3,-1,-1,-1,-1,-1,-1,-1,-1,0,-1
2020340D06732,2020,340D06732,2,9,0,4,4,1,5,0,0,0,0,0,0,0,2,1,1,1,1,41,7,-1,-1,-1,-1,6,E01026213,0,-1
2020360961931,2020,360961931,3,21,1,2,2,7,3,6,6,0,0,0,0,0,0,2,1,1,1,32,6,-1,-1,-1,-1,-1,-1,0,-1
2020543554720,2020,543554720,1,9,0,18,19,5,7,0,0,3,0,0,0,0,1,1,6,6,3,40,7,-1,-1,-1,-1,-1,-1,0,-1
2020031008293,2020,031008293,1,19,4,17,19,6,2,0,0,0,0,0,0,0,0,1,6,6,3,-1,-1,-1,-1,-1,-1,-1,-1,0,-1
2020052002073,2020,052002073,2,1,0,9,9,5,3,0,0,1,0,0,0,0,2,1,6,6,1,53,8,-1,-1,-1,-1,2,E01006586,0,-1
2020041010327,2020,041010327,2,9,0,2,2,1,5,0,0,2,0,0,0,0,2,1,6,6,3,-1,-1,-1,-1,-1,-1,-1,-1,0,-1
2020302001569,2020,302001569,1,2,0,18,19,2,6,0,0,8,0,0,0,0,1,1,6,6,3,-1,-1,-1,-1,-1,-1,5,E01019456,0,-1
2020430119868,2020,430119868,1,1,0,18,19,7,3,0,0,0,0,0,0,0,3,1,6,6,1,-1,-1,-1,-1,-1,-1,-1,-1,0,-1
2020500962878,2020,500962878,2,1,0,16,19,1,3,0,0,0,0,0,0,0,1,1,6,6,1,15,3,-1,-1,-1,-1,4,E01018757,0,-1
2020040950685,2020,040950685,2,1,0,18,19,1,1,0,0,0,0,0,0,0,0,1,5,6,2,62,9,-1,-1,-1,-1,9,E01025273,0,-1
2020351000868,2020,351000868,2,19,0,18,19,6,2,0,0,0,0,0,0,0,3,1,5,6,1,38,7,-1,-1,-1,-1,8,E01018242,0,-1
2020440080803,2020,440080803,1,9,0,18,19,3,7,0,0,0,0,0,0,0,1,1,6,6,1,40,7,-1,-1,-1,-1,5,E01017317,0,-1
2020030936452,2020,030936452,1,9,0,4,4,1,5,0,0,0,0,0,0,0,1,1,6,6,2,35,6,-1,-1,-1,-1,4,E01019257,0,-1
2020201007276,2020,201007276,2,9,-1,-1,-1,2,6,0,0,1,0,0,0,0,-1,1,6,6,3,-1,-1,-1,-1,-1,-1,-1,-1,0,-1
2020052001911,2020,052001911,1,9,0,18,19,8,4,0,0,1,0,0,0,0,1,1,6,6,1,22,5,-1,-1,-1,-1,1,E01006574,0,-1
2020440305012,2020,440305012,1,9,0,18,19,5,1,0,0,0,0,0,0,0,4,1,6,6,1,50,8,-1,-1,-1,-1,7,E01023098,0,-1
2020052001193,2020,052001193,2,1,0,18,19,5,8,0,0,1,0,0,0,0,1,1,6,6,1,54,8,-1,-1,-1,-1,7,E01006666,0,-1
2020410970713,2020,410970713,1,2,0,5,5,5,1,5,5,0,0,11,0,0,1,1,6,6,1,48,8,-1,-1,-1,-1,-1,-1,0,-1
2020360980913,2020,360980913,2,1,0,18,19,5,1,0,0,8,0,0,0,0,2,1,1,1,1,35,6,-1,-1,-1,-1,1,E01026623,0,-1
2020010280246,2020,010280246,1,9,0,99,99,9,9,99,99,9,9,99,9,99,4,9,6,6,1,27,6,-1,-1,-1,-1,5,E01000636,0,-1
2020010260861,2020,010260861,1,9,0,99,99,9,9,99,99,9,9,99,9,99,1,9,6,6,1,63,9,-1,-1,-1,-1,1,E01004702,0,-1
2020010281475,2020,010281475,1,9,0,18,19,7,3,0,0,0,0,0,0,0,0,1,6,6,3,-1,-1,-1,-1,-1,-1,-1,-1,0,-1