collision_index,collision_year,collision_ref_no,vehicle_reference,vehicle_type,towing_and_articulation,vehicle_manoeuvre_historic,vehicle_manoeuvre,vehicle_direction_from,vehicle_direction_to,vehicle_location_restricted_lane_historic,vehicle_location_restricted_lane,junction_location,skidding_and_overturning,hit_object_in_carriageway,vehicle_leaving_carriageway,hit_object_off_carriageway,first_point_of_impact,vehicle_left_hand_drive,journey_purpose_of_driver_historic,journey_purpose_of_driver,sex_of_driver,age_of_driver,age_band_of_driver,engine_capacity_cc,propulsion_code,age_of_vehicle,generic_make_model,driver_imd_decile,lsoa_of_driver,escooter_flag,driver_distance_banding
2020010264551,2020,010264551,2,1,0,18,19,5,1,4,4,8,0,0,0,0,1,1,6,6,1,27,6,-1,-1,-1,-1,4,E01003106,0,-1
2020010245312,2020,010245312,2,9,0,99,99,9,9,99,99,9,9,99,9,99,9,9,6,6,3,-1,-1,-1,-1,-1,-1,-1,-1,0,-1
2020010259748,2020,010259748,2,1,0,13,13,3,7,0,0,1,0,0,0,0,2,1,6,6,1,50,8,-1,-1,-1,-1,5,E01003040,0,-1
2020052000627,2020,052000627,1,9,0,18,19,5,1,0,0,8,0,0,0,0,1,1,1,1,3,-1,-1,-1,-1,-1,-1,-1,-1,0,-1
2020370970189,2020,370970189,1,3,0,18,19,5,1,0,0,0,0,4,0,0,2,1,5,6,1,19,4,-1,-1,-1,-1,4,E01030201,0,-1
2020010285364,2020,010285364,1,1,0,18,19,5,1,4,4,1,2,8,1,0,1,1,6,6,1,31,6,-1,-1,-1,-1,4,E01001252,0,-1
2020230960785,2020,230960785,1,9,0,18,19,2,6,0,0,1,0,0,0,0,1,1,5,6,1,43,7,-1,-1,-1,-1,10,E01031298,0,-1
2020430247115,2020,430247115,2,1,0,9,9,2,8,0,0,8,0,0,0,0,3,1,6,6,2,54,8,-1,-1,-1,-1,10,E01028815,0,-1
2020460981124,2020,460981124,2,23,0,7,7,7,3,0,0,3,0,0,0,0,1,1,2,2,1,41,7,-1,-1,-1,-1,4,E01024561,0,-1
202063A053320,2020,63A053320,1,9,0,12,12,8,4,0,0,1,0,0,0,0,0,1,6,6,3,-1,-1,-1,-1,-1,-1,-1,-1,0,-1
2020460934704,2020,460934704,1,8,0,18,19,5,1,0,0,0,0,0,0,0,1,1,6,6,3,-1,-1,-1,-1,-1,-1,-1,-1,0,-1
2020122001144,2020,122001144,2,1,0,18,19,5,1,0,0,0,0,0,0,0,1,1,4,7,1,10,2,-1,-1,-1,-1,2,E01027852,0,-1
2020522002282,2020,522002282,7,9,0,2,2,0,0,0,0,0,0,0,0,0,1,1,6,6,3,-1,-1,-1,-1,-1,-1,-1,-1,0,-1
2020440446667,2020,440446667,2,1,0,9,9,7,5,0,0,6,0,0,0,0,2,1,6,6,1,67,10,-1,-1,-1,-1,4,E01022936,0,-1
2020470958407,2020,470958407,2,1,0,18,19,2,6,0,0,8,0,0,0,0,4,1,5,6,1,57,9,-1,-1,-1,-1,8,E01021197,0,-1
2020010265416,2020,010265416,2,9,0,99,99,9,9,99,99,9,9,99,9,99,9,9,6,6,3,-1,-1,-1,-1,-1,-1,-1,-1,0,-1
2020460980675,2020,460980675,2,1,0,18,19,1,5,0,0,1,0,0,0,0,0,1,6,6,2,38,7,-1,-1,-1,-1,4,E01024162,0,-1
2020552100177,2020,552100177,1,9,0,4,4,3,7,0,0,1,1,0,0,0,1,1,6,6,3,-1,-1,-1,-1,-1,-1,-1,-1,0,-1
2020320407799,2020,320407799,1,1,0,18,19,6,3,0,0,0,0,0,0,0,1,1,6,6,1,18,4,-1,-1,-1,-1,3,E01026317,0,-1
2020100961244,2020,100961244,1,1,0,15,15,5,1,0,0,1,0,0,0,0,1,1,5,6,1,60,9,-1,-1,-1,-1,5,E01027448,0,-1
202006Q271776,2020,06Q271776,1,1,0,18,19,7,3,0,0,1,0,0,0,0,1,1,6,6,1,17,4,-1,-1,-1,-1,4,E01005374,0,-1
2020332000354,2020,332000354,1,8,0,2,2,0,0,0,0,0,0,0,0,0,2,1,6,6,1,34,6,-1,-1,-1,-1,9,E01025979,0,-1
2020010237615,2020,010237615,1,1,0,18,19,7,3,0,0,0,0,0,0,0,0,1,1,1,2,24,5,-1,-1,-1,-1,5,E01002616,0,-1
202060Y170122,2020,60Y170122,2,9,0,4,4,7,3,0,0,0,0,0,0,0,2,1,1,1,1,35,6,-1,-1,-1,-1,-1,-1,0,-1
2020160980356,2020,160980356,2,1,0,9,9,6,3,0,0,1,0,0,0,0,3,1,6,6,1,16,4,-1,-1,-1,-1,5,E01012930,0,-1
2020010256318,2020,010256318,1,1,9,99,99,9,9,99,99,2,9,99,9,99,9,1,6,6,2,43,7,-1,-1,-1,-1,8,E01002657,0,-1
2020100938096,2020,100938096,1,9,0,9,9,7,3,0,0,8,0,0,0,0,4,1,6,6,1,33,6,-1,-1,-1,-1,-1,-1,0,-1
202031D096120,2020,31D096120,1,9,0,18,19,1,5,0,0,0,0,0,0,0,1,1,6,6,3,-1,-1,-1,-1,-1,-1,-1,-1,0,-1
2020010262642,2020,010262642,2,1,0,18,19,1,5,0,0,6,0,0,0,0,1,1,6,6,2,44,7,-1,-1,-1,-1,2,E01001731,0,-1
2020520100532,2020,520100532,2,9,0,18,19,3,7,0,0,0,0,0,0,0,1,1,6,6,1,62,9,-1,-1,-1,-1,6,E01020443,0,-1
2020010244520,2020,010244520,1,1,9,99,99,9,9,99,99,9,9,99,9,99,1,1,2,2,1,38,7,-1,-1,-1,-1,1,E01033455,0,-1
2020361024131,2020,361024131,1,9,0,18,19,1,5,0,0,8,0,0,0,0,1,1,5,6,1,82,11,-1,-1,-1,-1,4,E01026656,0,-1
2020010241643,2020,010241643,1,9,0,99,99,9,9,99,99,0,9,99,9,99,1,9,6,6,1,30,6,-1,-1,-1,-1,7,E01000237,0,-1
2020010256891,2020,010256891,2,1,0,18,19,3,7,0,0,1,0,0,0,0,0,1,6,6,2,45,7,-1,-1,-1,-1,2,E01004584,0,-1
2020122000702,2020,122000702,1,1,0,18,19,3,7,4,4,0,0,0,0,0,1,1,6,6,1,64,9,-1,-1,-1,-1,10,E01011710,0,-1
2020320567834,2020,320567834,2,9,0,18,19,1,5,0,0,1,0,0,1,9,3,1,2,2,1,39,7,-1,-1,-1,-1,6,E01026411,0,-1
2020522002375,2020,522002375,1,90,0,18,19,1,5,9,9,0,0,0,0,0,1,1,6,6,1,60,9,-1,-1,-1,-1,-1,-1,0,-1
2020200944192,2020,200944192,1,21,1,12,12,4,8,0,0,0,0,0,0,0,1,1,1,1,1,44,7,-1,-1,-1,-1,-1,-1,0,-1
2020361012682,2020,361012682,1,90,0,18,19,3,8,0,0,1,0,0,0,0,4,1,6,6,3,-1,-1,-1,-1,-1,-1,-1,-1,0,-1
2020010235233,2020,010235233,3,9,0,16,19,8,4,0,0,6,0,0,0,0,0,1,6,6,1,30,6,-1,-1,-1,-1,-1,-1,0,-1
2020100990627,2020,100990627,2,1,0,18,19,3,7,9,9,0,5,0,0,0,4,1,2,2,1,27,6,-1,-1,-1,-1,-1,-1,0,-1
2020010280172,2020,010280172,2,8,0,99,99,9,9,99,99,9,9,99,9,99,1,9,6,6,3,-1,-1,-1,-1,-1,-1,-1,-1,0,-1
2020010249479,2020,010249479,2,1,0,9,9,8,5,0,0,8,0,0,0,0,4,1,6,6,1,33,6,-1,-1,-1,-1,4,E01001355,0,-1
2020100917075,2020,100917075,1,1,0,18,19,1,5,0,0,0,5,0,0,0,1,1,2,2,1,58,9,-1,-1,-1,-1,-1,-1,0,-1
2020201002162,2020,201002162,1,9,0,18,19,4,8,0,0,1,0,0,0,0,1,1,6,6,1,-1,-1,-1,-1,-1,-1,-1,-1,0,-1
2020200932033,2020,200932033,2,1,0,18,19,4,8,0,0,8,0,0,0,0,3,1,6,6,1,65,9,-1,-1,-1,-1,2,E01010106,0,-1
2020010247882,2020,010247882,2,1,0,18,19,1,5,4,4,8,0,0,0,0,1,1,1,1,1,-1,-1,-1,-1,-1,-1,-1,-1,0,-1
2020332001190,2020,332001190,2,9,0,18,19,8,4,0,0,2,0,0,0,0,0,1,6,6,1,38,7,-1,-1,-1,-1,-1,-1,0,-1
2020052002644,2020,052002644,2,1,0,18,19,7,3,0,0,2,0,0,0,0,1,1,2,2,1,23,5,-1,-1,-1,-1,1,E01006767,0,-1
2020351000316,2020,351000316,2,9,0,-1,-1,-1,-1,0,0,0,0,0,0,0,-1,1,6,6,1,40,7,-1,-1,-1,-1,8,E01018224,0,-1
2020430246378,2020,430246378,2,1,0,18,19,1,5,0,0,3,0,0,0,0,3,1,6,6,2,58,9,-1,-1,-1,-1,10,E01028710,0,-1
2020010259588,2020,010259588,2,1,0,14,14,7,3,0,0,1,0,0,0,0,4,1,6,6,2,27,6,-1,-1,-1,-1,5,E01033711,0,-1
2020522003829,2020,522003829,1,1,0,3,3,6,2,0,0,0,0,0,0,0,1,1,6,6,1,37,7,-1,-1,-1,-1,8,E01014668,0,-1
2020010240943,2020,010240943,1,9,0,99,99,9,9,99,99,1,9,99,9,99,1,1,6,6,3,-1,-1,-1,-1,-1,-1,-1,-1,0,-1
2020350929745,2020,350929745,2,1,0,7,7,8,1,0,0,1,0,0,0,0,1,1,2,2,1,38,7,-1,-1,-1,-1,4,E01015622,0,-1
2020450969472,2020,450969472,2,9,0,2,2,0,0,0,0,0,0,0,0,0,2,1,6,6,3,-1,-1,-1,-1,-1,-1,-1,-1,0,-1
2020411010576,2020,411010576,1,90,0,18,19,5,1,0,0,1,0,0,0,0,1,1,1,1,2,28,6,-1,-1,-1,-1,8,E01017488,0,-1
2020522001539,2020,522001539,1,1,0,18,19,4,8,0,0,1,0,0,0,0,0,1,6,6,1,27,6,-1,-1,-1,-1,9,E01014714,0,-1
2020332001198,2020,332001198,1,9,0,18,19,3,7,0,0,0,0,0,0,0,0,1,6,6,1,33,6,-1,-1,-1,-1,-1,-1,0,-1
2020332000317,2020,332000317,2,5,0,18,19,7,3,0,0,8,0,0,0,0,0,1,6,6,1,19,4,-1,-1,-1,-1,7,E01031108,0,-1
2020450954629,2020,450954629,2,1,0,18,19,6,3,0,0,3,0,0,0,0,4,1,5,6,2,30,6,-1,-1,-1,-1,6,E01002601,0,-1
2020411008874,2020,411008874,1,9,0,3,3,7,3,0,0,0,0,0,0,0,2,1,6,6,3,-1,-1,-1,-1,-1,-1,-1,-1,0,-1
2020160990901,2020,160990901,2,1,0,18,19,4,8,0,0,0,0,0,0,0,1,1,6,6,1,54,8,-1,-1,-1,-1,-1,-1,0,-1
2020010253118,2020,010253118,2,1,0,18,19,5,1,0,0,1,0,0,0,0,4,-1,2,2,1,25,5,-1,-1,-1,-1,8,E01002941,0,-1
2020140976378,2020,140976378,2,9,0,4,4,3,7,0,0,1,0,0,0,0,2,1,6,6,3,-1,-1,-1,-1,-1,-1,-1,-1,0,-1
2020010249928,2020,010249928,2,1,0,18,19,5,1,0,0,8,0,0,0,0,4,1,2,2,1,45,7,-1,-1,-1,-1,5,E01002546,0,-1
2020360934853,2020,360934853,2,9,0,2,2,0,0,0,0,0,0,0,0,0,4,1,6,6,3,-1,-1,-1,-1,-1,-1,-1,-1,0,-1
2020010267622,2020,010267622,1,1,9,99,99,9,9,2,2,9,9,99,9,99,9,1,6,6,2,26,6,-1,-1,-1,-1,2,E01001792,0,-1
2020302001615,2020,302001615,2,1,0,18,19,6,2,4,4,1,0,0,0,0,1,1,6,6,2,33,6,-1,-1,-1,-1,9,E01019641,0,-1
202031C034420,2020,31C034420,2,1,0,18,19,7,3,0,0,8,0,0,0,0,1,1,6,6,1,14,3,-1,-1,-1,-1,1,E01013825,0,-1
2020350937283,2020,350937283,2,1,0,9,9,5,1,0,0,1,0,0,0,0,3,1,6,6,1,60,9,-1,-1,-1,-1,3,E01015615,0,-1
2020040970775,2020,040970775,3,9,0,2,2,0,0,0,0,0,0,0,0,0,2,1,6,6,3,-1,-1,-1,-1,-1,-1,-1,-1,0,-1
2020052000118,2020,052000118,2,1,0,18,19,7,3,0,0,8,0,0,0,0,3,1,2,2,2,29,6,-1,-1,-1,-1,1,E01006522,0,-1
2020052002678,2020,052002678,2,1,0,18,19,7,3,0,0,8,0,0,0,0,4,1,6,6,1,25,5,-1,-1,-1,-1,4,E01006976,0,-1
2020520002681,2020,520002681,1,9,0,18,19,4,8,0,0,0,0,0,0,0,1,1,6,6,1,43,7,-1,-1,-1,-1,4,E01020292,0,-1
2020522004375,2020,522004375,2,1,0,18,19,7,2,0,0,8,0,0,0,0,4,1,4,7,2,16,4,-1,-1,-1,-1,2,E01014578,0,-1
2020332000662,2020,332000662,3,9,0,18,19,7,3,0,0,8,0,0,0,0,1,1,6,6,1,51,8,-1,-1,-1,-1,5,E01025865,0,-1
2020137A90183,2020,137A90183,2,1,0,17,19,5,1,4,4,8,0,0,0,0,3,1,6,6,1,33,6,-1,-1,-1,-1,8,E01010572,0,-1
2020040957742,2020,040957742,1,9,0,16,19,5,1,0,0,2,0,0,8,4,1,1,5,6,1,33,6,-1,-1,-1,-1,2,E01025285,0,-1
2020552001147,2020,552001147,1,9,0,7,7,5,6,0,0,6,0,0,0,0,4,1,6,6,3,-1,-1,-1,-1,-1,-1,-1,-1,0,-1
2020200990473,2020,200990473,2,1,0,18,19,6,2,0,0,0,0,0,0,0,4,1,6,6,1,11,3,-1,-1,-1,-1,2,E01008984,0,-1
2020140981790,2020,140981790,2,9,0,2,2,0,0,9,9,2,0,0,0,0,2,1,6,6,3,-1,-1,-1,-1,-1,-1,-1,-1,0,-1
2020332000330,2020,332000330,1,9,0,9,9,5,3,0,0,6,0,0,0,0,1,1,6,6,1,28,6,-1,-1,-1,-1,10,E01025968,0,-1
2020052001510,2020,052001510,2,1,0,9,9,1,7,0,0,4,0,0,0,0,3,1,6,6,1,30,6,-1,-1,-1,-1,1,E01006872,0,-1
2020530980499,2020,530980499,2,1,0,18,19,8,5,0,0,3,0,0,0,0,2,1,6,6,2,50,8,-1,-1,-1,-1,6,E01022400,0,-1
2020370965321,2020,370965321,2,9,0,13,13,0,0,0,0,0,0,0,0,0,3,1,6,6,3,-1,-1,-1,-1,-1,-1,-1,-1,0,-1
2020500962237,2020,500962237,2,9,0,18,19,1,5,0,0,0,0,8,0,0,3,1,6,6,3,-1,-1,-1,-1,-1,-1,-1,-1,0,-1
2020522001047,2020,522001047,1,9,0,10,10,1,5,0,0,1,0,0,0,0,0,1,6,6,1,42,7,-1,-1,-1,-1,1,E01032515,0,-1
2020548418220,2020,548418220,1,9,0,17,19,7,3,0,0,0,2,0,1,10,4,1,6,6,1,59,9,-1,-1,-1,-1,4,E01031936,0,-1
2020010248934,2020,010248934,2,1,0,18,19,7,3,0,0,2,0,0,0,0,1,1,6,6,2,19,4,-1,-1,-1,-1,9,E01003910,0,-1
2020320386428,2020,320386428,2,9,0,18,19,7,2,0,0,1,0,0,0,0,1,1,6,6,3,-1,-1,-1,-1,-1,-1,4,E01026143,0,-1
2020302000610,2020,302000610,2,1,0,18,19,4,8,0,0,0,0,0,0,0,1,1,6,6,2,46,8,-1,-1,-1,-1,7,E01019726,0,-1
2020070547479,2020,070547479,2,1,0,17,19,8,5,0,0,1,0,0,0,0,1,1,6,6,2,37,7,-1,-1,-1,-1,8,E01018342,0,-1
2020522101041,2020,522101041,3,1,0,18,19,3,7,0,0,1,1,0,0,0,1,1,6,6,1,14,3,-1,-1,-1,-1,4,E01014576,0,-1
2020370975447,2020,370975447,2,1,-1,18,19,1,5,0,0,1,0,0,0,0,4,1,5,6,1,53,8,-1,-1,-1,-1,7,E01029896,0,-1
2020220945939,2020,220945939,2,1,0,4,4,8,6,0,0,8,0,0,0,0,3,1,5,6,1,57,9,-1,-1,-1,-1,5,E01032280,0,-1
2020470945483,2020,470945483,2,1,0,18,19,1,5,0,0,4,0,0,0,0,1,1,5,6,2,49,8,-1,-1,-1,-1,1,E01031454,0,-1
2020052001731,2020,052001731,1,9,0,18,19,2,6,0,0,1,0,0,0,0,1,1,6,6,3,-1,-1,-1,-1,-1,-1,-1,-1,0,-1
2020544010120,2020,544010120,1,2,0,18,19,2,6,0,0,4,0,0,0,0,4,1,6,6,1,16,4,-1,-1,-1,-1,7,E01032693,0,-1
2020010275911,2020,010275911,1,1,9,99,99,9,9,99,99,9,9,99,9,99,1,1,6,6,1,33,6,-1,-1,-1,-1,2,E01000901,0,-1
2020430173411,2020,430173411,1,9,0,18,19,2,6,0,0,6,0,0,0,0,4,1,6,6,1,30,6,-1,-1,-1,-1,2,E01016463,0,-1
2020470923256,2020,470923256,2,22,0,18,19,4,8,0,0,0,5,0,0,0,3,1,5,6,1,81,11,-1,-1,-1,-1,7,E01020962,0,-1
202060Y002367,2020,60Y002367,2,9,0,18,19,6,2,0,0,0,0,0,7,4,1,1,2,2,1,43,7,-1,-1,-1,-1,-1,-1,0,-1
2020030985724,2020,030985724,1,9,0,2,2,0,0,0,0,1,0,0,0,0,3,1,6,6,3,-1,-1,-1,-1,-1,-1,-1,-1,0,-1
2020201005496,2020,201005496,2,1,0,5,5,1,5,0,0,8,0,0,0,0,1,1,6,6,2,41,7,-1,-1,-1,-1,3,E01008950,0,-1
2020990920219,2020,990920219,1,9,0,18,19,3,7,0,0,6,0,0,0,0,0,1,6,6,3,-1,-1,-1,-1,-1,-1,-1,-1,0,-1
2020552000359,2020,552000359,2,1,0,16,19,3,4,0,0,8,0,0,0,0,4,1,2,2,2,38,7,-1,-1,-1,-1,5,E01015441,0,-1
2020440186568,2020,440186568,2,1,0,18,19,4,8,0,0,8,0,0,0,0,4,1,2,2,2,49,8,-1,-1,-1,-1,10,E01022698,0,-1
2020010263362,2020,010263362,1,1,0,4,4,3,7,4,4,8,0,0,1,0,4,1,6,6,1,43,7,-1,-1,-1,-1,10,E01021787,0,-1
20201371A1810,2020,1371A1810,1,9,0,6,6,1,5,0,0,0,0,0,0,0,1,1,6,6,3,-1,-1,-1,-1,-1,-1,-1,-1,0,-1
2020622000600,2020,622000600,1,97,0,18,19,4,8,0,0,1,1,0,0,0,0,1,6,6,1,23,5,-1,-1,-1,-1,6,W01000829,0,-1
2020501012778,2020,501012778,2,1,0,18,19,8,4,0,0,1,0,0,0,0,3,1,2,2,1,48,8,-1,-1,-1,-1,2,E01020014,0,-1
2020010283401,2020,010283401,2,9,0,99,99,9,9,99,99,0,9,99,9,99,9,9,6,6,3,-1,-1,-1,-1,-1,-1,-1,-1,0,-1
2020070185535,2020,070185535,1,9,0,4,4,8,4,0,0,1,1,0,0,0,1,1,1,1,1,-1,-1,-1,-1,-1,-1,6,E01018514,0,-1
2020522002566,2020,522002566,2,1,0,18,19,5,1,0,0,0,0,0,0,0,4,1,6,6,1,27,6,-1,-1,-1,-1,3,E01014731,0,-1
2020400991950,2020,400991950,1,19,0,4,4,5,1,0,0,0,0,4,0,0,1,1,5,6,1,71,10,-1,-1,-1,-1,1,E01017477,0,-1
2020010236532,2020,010236532,2,9,0,3,3,7,3,0,0,1,0,0,0,0,4,1,1,1,2,30,6,-1,-1,-1,-1,3,E01004259,0,-1
2020461008717,2020,461008717,1,9,0,18,19,7,3,0,0,0,0,0,0,0,1,1,6,6,3,-1,-1,-1,-1,-1,-1,-1,-1,0,-1
2020400927948,2020,400927948,1,9,0,7,7,6,8,0,0,1,0,0,0,0,1,1,6,6,2,-1,-1,-1,-1,-1,-1,-1,-1,0,-1
2020010282338,2020,010282338,2,9,0,18,19,5,1,0,0,0,0,0,0,0,4,1,6,6,3,30,6,-1,-1,-1,-1,-1,-1,0,-1
2020500961104,2020,500961104,2,1,0,18,19,8,4,0,0,8,0,0,0,0,1,1,5,6,2,46,8,-1,-1,-1,-1,3,E01019985,0,-1
202006Q166775,2020,06Q166775,1,9,0,18,19,3,7,0,0,1,0,4,1,0,1,1,6,6,3,-1,-1,-1,-1,-1,-1,-1,-1,0,-1
2020401004033,2020,401004033,2,9,0,5,5,5,1,0,0,0,0,0,0,0,-1,1,6,6,3,-1,-1,-1,-1,-1,-1,-1,-1,0,-1
2020430282558,2020,430282558,1,20,0,16,19,3,5,0,0,2,0,0,0,0,0,1,1,1,1,-1,-1,-1,-1,-1,-1,-1,-1,0,-1
2020010266290,2020,010266290,2,9,0,99,99,9,9,99,99,0,9,99,9,99,1,9,6,6,3,-1,-1,-1,-1,-1,-1,-1,-1,0,-1
2020010244827,2020,010244827,2,9,0,99,99,9,9,99,99,9,9,99,9,99,1,9,6,6,3,-1,-1,-1,-1,-1,-1,-1,-1,0,-1
2020010261274,2020,010261274,2,9,0,18,19,3,7,0,0,0,1,0,0,0,1,1,2,2,1,62,9,-1,-1,-1,-1,2,E01016064,0,-1
2020432001265,2020,432001265,1,90,0,18,19,2,6,9,9,0,0,0,0,0,0,1,6,6,1,20,4,-1,-1,-1,-1,-1,-1,0,-1
2020332000321,2020,332000321,1,9,0,18,19,4,8,0,0,0,0,0,0,0,4,1,6,6,1,73,10,-1,-1,-1,-1,4,E01013616,0,-1
2020450986801,2020,450986801,2,1,0,18,19,5,1,0,0,0,0,0,0,0,3,1,2,2,1,22,5,-1,-1,-1,-1,9,E01030947,0,-1
2020552100254,2020,552100254,2,1,0,18,19,3,7,0,0,0,0,0,0,0,1,1,6,6,2,34,6,-1,-1,-1,-1,2,E01015277,0,-1
2020430290289,2020,430290289,1,9,0,18,19,1,5,0,0,0,2,0,8,11,3,1,6,6,1,22,5,-1,-1,-1,-1,-1,-1,0,-1
2020522004550,2020,522004550,1,1,0,18,19,1,5,0,0,0,0,0,0,0,2,1,6,6,1,46,8,-1,-1,-1,-1,7,E01014538,0,-1
2020052001869,2020,052001869,1,9,0,18,19,4,8,0,0,0,0,0,0,0,4,1,6,6,3,-1,-1,-1,-1,-1,-1,-1,-1,0,-1
2020470942498,2020,470942498,1,1,0,18,19,7,2,4,4,0,0,0,0,0,1,1,6,6,1,47,8,-1,-1,-1,-1,8,E01031560,0,-1
2020430351465,2020,430351465,2,9,0,18,19,4,8,0,0,4,0,0,0,0,1,1,6,6,1,-1,-1,-1,-1,-1,-1,-1,-1,0,-1
2020350958266,2020,350958266,1,1,0,5,5,4,8,4,4,2,5,0,0,0,3,1,2,2,1,28,6,-1,-1,-1,-1,5,E01017991,0,-1
2020010246457,2020,010246457,2,1,0,18,19,1,5,0,0,1,0,0,0,0,2,1,2,2,2,44,7,-1,-1,-1,-1,3,E01003296,0,-1
2020470985560,2020,470985560,2,1,0,18,19,3,7,0,0,1,0,0,0,0,1,1,5,6,1,44,7,-1,-1,-1,-1,3,E01031482,0,-1
202060Y097472,2020,60Y097472,1,19,0,18,19,5,1,0,0,4,0,0,0,0,1,1,1,1,1,25,5,-1,-1,-1,-1,-1,-1,0,-1
2020622000700,2020,622000700,2,9,0,9,9,4,2,0,0,8,0,0,0,0,1,1,6,6,2,45,7,-1,-1,-1,-1,9,W01001199,0,-1
2020990982411,2020,990982411,1,9,0,18,19,3,7,0,0,8,0,0,0,0,4,1,6,6,3,40,7,-1,-1,-1,-1,-1,-1,0,-1
2020520000814,2020,520000814,1,9,0,2,2,0,0,0,0,0,0,0,0,0,2,1,6,6,1,40,7,-1,-1,-1,-1,3,E01002308,0,-1
2020332000350,2020,332000350,2,5,0,18,19,6,2,0,0,8,0,0,0,0,1,1,6,6,1,46,8,-1,-1,-1,-1,5,E01025999,0,-1
202060Y007518,2020,60Y007518,2,9,0,9,9,2,8,0,0,1,0,0,0,0,1,1,6,6,1,30,6,-1,-1,-1,-1,-1,-1,0,-1
2020010238673,2020,010238673,2,9,0,99,99,9,9,99,99,9,9,99,9,99,1,9,6,6,3,29,6,-1,-1,-1,-1,-1,-1,0,-1
2020430379168,2020,430379168,2,21,0,4,4,8,4,0,0,4,0,0,0,0,2,1,1,1,1,29,6,-1,-1,-1,-1,8,E01032712,0,-1
2020010245080,2020,010245080,2,1,0,17,19,1,5,0,0,0,0,0,0,0,0,1,6,6,3,44,7,-1,-1,-1,-1,-1,-1,0,-1
2020010279498,2020,010279498,2,90,9,99,99,9,9,99,99,9,9,99,9,99,9,9,6,6,3,-1,-1,-1,-1,-1,-1,-1,-1,0,-1
2020430165085,2020,430165085,1,1,0,18,19,6,2,0,0,2,0,0,0,0,3,1,2,2,1,25,5,-1,-1,-1,-1,4,E01016406,0,-1
2020350972839,2020,350972839,1,9,0,9,9,1,3,0,0,4,0,0,0,0,3,1,6,6,2,-1,-1,-1,-1,-1,-1,-1,-1,0,-1
2020211020222,2020,211020222,2,1,0,5,5,7,3,0,0,8,5,0,0,0,1,1,6,6,2,63,9,-1,-1,-1,-1,5,E01029504,0,-1
2020500941704,2020,500941704,3,9,0,18,19,7,3,0,0,8,0,0,0,0,0,1,6,6,3,-1,-1,-1,-1,-1,-1,-1,-1,0,-1
2020010250717,2020,010250717,1,1,9,99,99,9,9,99,99,9,9,99,9,99,9,1,6,6,1,35,6,-1,-1,-1,-1,5,E01004549,0,-1
2020340N03792,2020,340N03792,1,19,0,11,11,7,3,0,0,8,1,0,0,0,1,1,6,6,1,33,6,-1,-1,-1,-1,4,E01027132,0,-1
2020332000010,2020,332000010,2,1,0,18,19,5,1,2,2,1,0,0,0,0,4,1,4,7,1,15,3,-1,-1,-1,-1,8,E01025626,0,-1
2020010275750,2020,010275750,1,1,0,18,19,1,5,0,0,0,0,0,0,0,1,1,6,6,1,40,7,-1,-1,-1,-1,1,E01000891,0,-1
2020545725520,2020,545725520,1,9,0,18,19,7,3,0,0,0,0,0,0,0,1,1,6,6,1,81,11,-1,-1,-1,-1,7,E01031872,0,-1
2020101008607,2020,101008607,2,1,0,18,19,7,3,0,0,0,0,0,0,0,3,1,5,6,1,45,7,-1,-1,-1,-1,10,E01008418,0,-1
2020460992109,2020,460992109,2,1,0,18,19,5,1,0,0,1,0,0,0,0,4,1,2,2,1,43,7,-1,-1,-1,-1,5,E01016156,0,-1
2020010267327,2020,010267327,1,1,9,99,99,9,9,99,99,0,9,99,9,99,9,1,6,6,1,22,5,-1,-1,-1,-1,4,E01002244,0,-1
202060Y030666,2020,60Y030666,2,9,0,2,2,0,0,0,0,0,0,0,0,0,4,1,6,6,2,-1,-1,-1,-1,-1,-1,-1,-1,0,-1
202031D147520,2020,31D147520,2,1,0,18,19,2,6,0,0,8,0,0,0,0,3,1,6,6,1,65,9,-1,-1,-1,-1,9,E01013985,0,-1
202006XM77679,2020,06XM77679,2,9,0,18,19,8,4,0,0,0,0,0,0,0,1,1,2,2,3,35,6,-1,-1,-1,-1,-1,-1,0,-1
2020430324986,2020,430324986,1,9,0,18,19,5,1,0,0,2,0,0,0,0,1,1,6,6,2,62,9,-1,-1,-1,-1,-1,-1,0,-1
20201375H0790,2020,1375H0790,2,9,0,18,19,1,5,0,0,8,0,0,0,0,4,1,6,6,1,-1,-1,-1,-1,-1,-1,-1,-1,0,-1
2020052001815,2020,052001815,2,1,0,18,19,5,1,0,0,6,0,0,0,0,1,1,6,6,1,14,3,-1,-1,-1,-1,1,E01006599,0,-1
2020052000895,2020,052000895,1,9,0,4,4,8,4,0,0,0,0,0,0,0,2,1,6,6,3,-1,-1,-1,-1,-1,-1,-1,-1,0,-1
2020010265350,2020,010265350,2,1,0,18,19,1,5,0,0,1,0,0,0,0,1,1,1,1,1,34,6,-1,-1,-1,-1,2,E01003966,0,-1
2020420986517,2020,420986517,4,9,0,2,2,0,0,0,0,0,0,0,0,0,1,1,6,6,3,-1,-1,-1,-1,-1,-1,-1,-1,0,-1
2020990972841,2020,990972841,2,1,0,18,19,3,6,5,5,1,5,0,0,0,1,1,5,6,1,15,3,-1,-1,-1,-1,8,-1,0,-1
2020010275631,2020,010275631,2,1,9,99,99,9,9,99,99,9,9,99,9,99,1,1,2,2,1,28,6,-1,-1,-1,-1,10,E01030392,0,-1
202060Y181528,2020,60Y181528,3,9,0,18,19,6,2,0,0,0,1,0,0,0,1,1,6,6,1,33,6,-1,-1,-1,-1,-1,-1,0,-1
2020420952973,2020,420952973,2,9,0,4,4,7,3,0,0,0,1,0,1,0,2,1,6,6,1,28,6,-1,-1,-1,-1,8,E01017886,0,-1
2020450984490,2020,450984490,3,9,0,18,19,5,1,0,0,0,0,0,0,0,1,1,1,1,1,65,9,-1,-1,-1,-1,9,E01030731,0,-1
2020010252037,2020,010252037,1,1,9,99,99,9,9,99,99,9,9,99,9,99,9,1,2,2,1,32,6,-1,-1,-1,-1,4,E01002042,0,-1
2020010264697,2020,010264697,2,1,0,5,5,7,3,0,0,8,0,0,3,0,3,1,6,6,2,50,8,-1,-1,-1,-1,3,E01001969,0,-1