collision_index,collision_year,collision_ref_no,vehicle_reference,vehicle_type,towing_and_articulation,vehicle_manoeuvre_historic,vehicle_manoeuvre,vehicle_direction_from,vehicle_direction_to,vehicle_location_restricted_lane_historic,vehicle_location_restricted_lane,junction_location,skidding_and_overturning,hit_object_in_carriageway,vehicle_leaving_carriageway,hit_object_off_carriageway,first_point_of_impact,vehicle_left_hand_drive,journey_purpose_of_driver_historic,journey_purpose_of_driver,sex_of_driver,age_of_driver,age_band_of_driver,engine_capacity_cc,propulsion_code,age_of_vehicle,generic_make_model,driver_imd_decile,lsoa_of_driver,escooter_flag,driver_distance_banding
2020332000754,2020,332000754,1,19,0,5,5,7,3,0,0,0,0,0,0,0,1,1,6,6,1,62,9,-1,-1,-1,-1,5,E01013766,0,-1
2020010254226,2020,010254226,1,1,0,18,19,5,1,9,9,1,0,0,0,0,1,-1,6,6,2,27,6,-1,-1,-1,-1,2,E01020910,0,-1
2020440039597,2020,440039597,2,9,0,4,4,8,4,0,0,3,0,0,0,0,2,1,6,6,3,-1,-1,-1,-1,-1,-1,-1,-1,0,-1
2020421010009,2020,421010009,2,1,0,18,19,1,5,0,0,8,1,0,0,0,1,1,5,6,2,82,11,-1,-1,-1,-1,10,E01021754,0,-1
2020470937659,2020,470937659,2,1,0,17,19,4,1,0,0,8,0,0,0,0,3,1,5,6,2,84,11,-1,-1,-1,-1,4,E01021045,0,-1
202006N173069,2020,06N173069,1,1,0,4,4,6,2,0,0,2,0,0,0,0,2,1,6,6,1,49,8,-1,-1,-1,-1,8,E01005736,0,-1
2020010276513,2020,010276513,1,8,0,99,99,9,9,99,99,0,9,99,9,99,2,9,6,6,3,-1,-1,-1,-1,-1,-1,2,E01001448,0,-1
2020137A10957,2020,137A10957,2,9,0,18,19,3,7,0,0,0,0,0,0,0,1,1,6,6,3,-1,-1,-1,-1,-1,-1,-1,-1,0,-1
2020420953963,2020,420953963,2,1,0,17,19,6,2,0,0,1,0,0,0,0,4,1,5,6,1,63,9,-1,-1,-1,-1,9,E01000249,0,-1
2020320150100,2020,320150100,1,19,0,18,19,5,1,0,0,0,0,0,0,0,0,1,6,6,3,40,7,-1,-1,-1,-1,-1,-1,0,-1
2020160990800,2020,160990800,2,1,0,18,19,4,8,0,0,8,0,0,0,0,1,1,5,6,1,80,11,-1,-1,-1,-1,4,E01012995,0,-1
202006G170740,2020,06G170740,1,9,0,17,19,5,2,0,0,2,0,0,0,0,0,1,2,2,1,24,5,-1,-1,-1,-1,6,E01019752,0,-1
2020991008605,2020,991008605,2,1,0,18,19,4,7,0,0,8,0,0,0,0,1,1,5,6,1,26,6,-1,-1,-1,-1,8,-1,0,-1
2020450966179,2020,450966179,1,9,0,18,19,5,1,0,0,8,0,0,0,0,1,1,6,6,3,35,6,-1,-1,-1,-1,-1,-1,0,-1
2020430074078,2020,430074078,1,11,0,18,19,7,3,0,0,0,0,0,0,0,1,1,1,1,1,51,8,-1,-1,-1,-1,-1,-1,0,-1
2020141006558,2020,141006558,2,9,0,18,19,0,0,2,2,7,0,0,0,0,4,1,6,6,3,-1,-1,-1,-1,-1,-1,-1,-1,0,-1
2020430221689,2020,430221689,2,11,0,18,19,3,7,0,0,0,0,0,0,0,1,1,1,1,1,-1,-1,-1,-1,-1,-1,-1,-1,0,-1
2020332000899,2020,332000899,2,1,0,10,10,5,3,0,0,8,0,0,0,0,4,1,6,6,1,58,9,-1,-1,-1,-1,4,E01013617,0,-1
2020070781890,2020,070781890,1,1,0,18,19,4,8,0,0,0,0,0,0,0,1,1,6,6,1,33,6,-1,-1,-1,-1,1,E01012508,0,-1
2020230923478,2020,230923478,1,9,0,17,19,1,6,0,0,0,1,0,1,4,1,1,5,6,2,22,5,-1,-1,-1,-1,9,E01029862,0,-1
2020052001987,2020,052001987,1,11,0,14,14,3,7,0,0,0,0,0,0,0,4,1,1,1,1,50,8,-1,-1,-1,-1,2,E01006663,0,-1
2020500997974,2020,500997974,2,1,0,18,19,7,7,0,0,1,5,0,0,0,1,1,6,6,1,40,7,-1,-1,-1,-1,4,E01015247,0,-1
2020351009654,2020,351009654,2,9,0,18,19,5,1,0,0,0,0,0,0,0,1,1,2,2,2,40,7,-1,-1,-1,-1,3,E01018073,0,-1
2020010263772,2020,010263772,1,1,9,99,99,9,9,99,99,9,9,99,9,99,9,1,2,2,1,57,9,-1,-1,-1,-1,3,E01004043,0,-1
2020160985358,2020,160985358,3,1,0,18,19,6,2,0,0,1,0,0,0,0,1,1,5,6,2,18,4,-1,-1,-1,-1,7,E01013034,0,-1
202006G175187,2020,06G175187,1,9,0,18,19,7,3,0,0,1,0,0,0,0,1,1,6,6,1,30,6,-1,-1,-1,-1,-1,-1,0,-1
2020010244462,2020,010244462,2,1,9,99,99,9,9,99,99,9,9,99,9,99,1,-1,6,6,1,-1,-1,-1,-1,-1,-1,-1,-1,0,-1
2020137BL1779,2020,137BL1779,1,-1,0,18,19,4,8,0,0,0,0,0,0,0,1,1,6,6,1,16,4,-1,-1,-1,-1,1,E01011101,1,-1
2020010255259,2020,010255259,1,1,0,15,15,1,5,0,0,0,0,0,0,0,1,1,2,2,1,35,6,-1,-1,-1,-1,6,E01000306,0,-1
2020450984180,2020,450984180,2,1,0,18,19,3,1,0,0,0,0,0,0,0,1,1,6,6,1,21,5,-1,-1,-1,-1,6,E01030678,0,-1
2020010265394,2020,010265394,1,1,0,99,99,9,9,0,0,8,9,0,0,0,1,1,6,6,2,29,6,-1,-1,-1,-1,9,E01004546,0,-1
2020360977485,2020,360977485,1,1,0,18,19,5,1,0,0,2,0,0,0,0,4,1,5,6,1,32,6,-1,-1,-1,-1,7,E01026801,0,-1
2020010284921,2020,010284921,2,9,0,99,99,9,9,99,99,9,9,99,9,99,9,9,6,6,1,74,10,-1,-1,-1,-1,9,E01002432,0,-1
2020070211975,2020,070211975,2,1,0,18,19,6,2,0,0,0,5,0,0,0,1,1,6,6,1,49,8,-1,-1,-1,-1,1,E01012480,0,-1
2020100954568,2020,100954568,1,9,0,9,9,5,3,0,0,8,0,0,0,0,1,1,6,6,1,25,5,-1,-1,-1,-1,-1,-1,0,-1
2020522100172,2020,522100172,2,1,0,18,19,2,6,0,0,1,0,0,0,0,1,1,6,6,1,29,6,-1,-1,-1,-1,8,E01014511,0,-1
2020201018620,2020,201018620,1,17,0,2,2,0,0,0,0,1,0,0,0,0,2,1,1,1,1,42,7,-1,-1,-1,-1,9,E01012329,0,-1
2020410932083,2020,410932083,2,1,0,18,19,3,1,0,0,8,0,0,0,0,4,1,6,6,1,48,8,-1,-1,-1,-1,10,E01023615,0,-1
2020010276806,2020,010276806,1,3,0,99,99,9,9,99,99,9,9,99,9,99,1,1,2,2,1,26,6,-1,-1,-1,-1,6,E01004513,0,-1
2020010260746,2020,010260746,2,1,0,9,9,1,6,0,0,4,0,0,0,0,1,1,6,6,1,33,6,-1,-1,-1,-1,10,E01003886,0,-1
2020160954671,2020,160954671,3,98,0,18,19,6,2,0,0,0,0,0,0,0,3,2,6,6,3,-1,-1,-1,-1,-1,-1,-1,-1,0,-1
2020010254728,2020,010254728,1,9,0,9,9,8,6,0,0,8,0,0,7,0,3,1,2,2,1,29,6,-1,-1,-1,-1,4,E01000588,0,-1
2020200989375,2020,200989375,2,98,0,2,2,0,0,0,0,2,0,4,0,0,2,1,6,6,1,58,9,-1,-1,-1,-1,-1,-1,0,-1
2020010242353,2020,010242353,2,9,0,4,4,5,1,0,0,0,1,0,0,0,2,1,6,6,3,-1,-1,-1,-1,-1,-1,-1,-1,0,-1
2020430397107,2020,430397107,1,9,0,18,19,0,0,0,0,4,0,10,0,0,0,1,6,6,3,-1,-1,-1,-1,-1,-1,-1,-1,0,-1
2020141008414,2020,141008414,2,1,0,18,19,1,5,0,0,0,0,0,0,0,1,1,6,6,1,33,6,-1,-1,-1,-1,3,E01007510,0,-1
202060Y058228,2020,60Y058228,1,9,0,9,9,2,8,0,0,8,0,0,0,0,3,1,1,1,1,32,6,-1,-1,-1,-1,-1,-1,0,-1
2020052000041,2020,052000041,2,1,0,17,19,6,2,0,0,0,0,0,0,0,0,1,6,6,1,48,8,-1,-1,-1,-1,4,E01006459,0,-1
2020010265896,2020,010265896,1,3,0,99,99,9,9,99,99,0,9,99,9,99,9,1,6,6,3,-1,-1,-1,-1,-1,-1,-1,-1,0,-1
2020500993744,2020,500993744,2,1,0,18,19,3,7,0,0,1,0,0,0,0,4,1,6,6,1,34,6,-1,-1,-1,-1,4,E01015071,0,-1
2020430365681,2020,430365681,2,1,0,18,19,5,1,0,0,8,0,0,0,0,4,1,6,6,2,28,6,-1,-1,-1,-1,9,E01030683,0,-1
202060Y015375,2020,60Y015375,1,9,0,18,19,8,4,0,0,2,5,10,1,10,1,1,6,6,1,25,5,-1,-1,-1,-1,-1,-1,0,-1
2020010270789,2020,010270789,2,1,0,18,19,1,5,0,0,1,0,0,0,0,1,1,1,1,1,39,7,-1,-1,-1,-1,2,E01002002,0,-1
2020332000459,2020,332000459,1,9,0,18,19,7,3,0,0,6,1,0,7,1,2,1,6,6,2,25,5,-1,-1,-1,-1,2,E01013772,0,-1
2020010260249,2020,010260249,2,1,9,18,19,1,5,99,99,9,9,99,9,99,9,1,2,2,1,34,6,-1,-1,-1,-1,9,E01002432,0,-1
2020122000794,2020,122000794,2,1,0,18,19,1,5,0,0,0,0,0,0,0,2,1,6,6,1,15,3,-1,-1,-1,-1,6,E01027684,0,-1
2020440342585,2020,440342585,2,9,0,18,19,7,3,0,0,8,0,0,0,0,3,1,6,6,1,69,10,-1,-1,-1,-1,10,E01022708,0,-1
2020010234085,2020,010234085,1,9,0,7,7,7,1,2,2,2,0,0,0,0,4,1,6,6,2,65,9,-1,-1,-1,-1,10,E01030728,0,-1
2020230980395,2020,230980395,2,1,0,18,19,3,7,0,0,8,0,0,0,0,1,1,5,6,2,43,7,-1,-1,-1,-1,7,E01031233,0,-1
2020220967837,2020,220967837,2,1,0,18,19,8,4,0,0,1,0,0,0,0,1,1,5,6,1,14,3,-1,-1,-1,-1,9,E01032185,0,-1
2020370937688,2020,370937688,1,9,0,18,19,2,8,0,0,8,0,0,0,0,1,1,4,7,1,17,4,-1,-1,-1,-1,9,E01030164,0,-1
2020200938326,2020,200938326,1,9,0,18,19,6,2,0,0,6,0,0,0,0,1,1,6,6,3,-1,-1,-1,-1,-1,-1,-1,-1,0,-1
2020010250218,2020,010250218,2,9,0,99,99,9,9,99,99,0,9,99,9,99,1,9,6,6,3,-1,-1,-1,-1,-1,-1,-1,-1,0,-1
202060Y100884,2020,60Y100884,2,9,0,2,2,0,0,0,0,0,0,0,0,0,2,1,1,1,1,25,5,-1,-1,-1,-1,-1,-1,0,-1
2020450974029,2020,450974029,4,9,0,18,19,7,3,0,0,0,1,11,0,0,1,1,2,2,1,30,6,-1,-1,-1,-1,8,E01030302,0,-1
2020122001154,2020,122001154,1,1,0,18,19,8,4,0,0,8,0,0,0,0,4,1,6,6,2,62,9,-1,-1,-1,-1,7,E01013400,0,-1
2020430083920,2020,430083920,1,1,0,18,19,8,4,0,0,1,0,0,0,0,1,1,6,6,1,61,9,-1,-1,-1,-1,6,E01017791,0,-1
2020360961685,2020,360961685,1,9,0,4,4,6,1,0,0,0,1,0,0,0,2,1,5,6,1,37,7,-1,-1,-1,-1,6,E01026612,0,-1
2020350970588,2020,350970588,1,1,0,7,7,1,3,4,4,6,0,0,0,0,3,1,6,6,2,18,4,-1,-1,-1,-1,10,E01018292,0,-1
202060Y020821,2020,60Y020821,1,9,0,18,19,1,5,0,0,6,0,0,0,0,1,1,6,6,3,-1,-1,-1,-1,-1,-1,-1,-1,0,-1
2020451006704,2020,451006704,1,9,0,2,2,5,1,0,0,0,0,0,0,0,0,1,1,1,1,49,8,-1,-1,-1,-1,2,E01004090,0,-1
2020010258693,2020,010258693,1,1,9,99,99,9,9,99,99,9,9,99,9,99,2,9,6,6,1,15,3,-1,-1,-1,-1,2,E01002606,0,-1
2020160992193,2020,160992193,1,1,0,18,19,1,5,0,0,8,0,0,0,0,3,1,6,6,1,14,3,-1,-1,-1,-1,5,E01012768,0,-1
2020010285919,2020,010285919,1,1,9,18,19,1,5,99,99,8,9,99,9,99,9,1,6,6,1,54,8,-1,-1,-1,-1,8,E01001413,0,-1
2020010254342,2020,010254342,2,1,0,4,4,5,1,0,0,1,1,0,0,0,1,1,1,1,1,67,10,-1,-1,-1,-1,9,E01001386,0,-1
2020460938831,2020,460938831,2,9,0,9,9,3,1,0,0,6,0,0,0,0,4,1,5,6,1,27,6,-1,-1,-1,-1,4,E01016100,0,-1
2020360952576,2020,360952576,1,9,0,5,5,-1,-1,0,0,0,0,0,0,0,1,1,6,6,1,-1,-1,-1,-1,-1,-1,-1,-1,0,-1
2020450950229,2020,450950229,1,98,0,9,9,3,2,0,0,1,0,0,0,0,4,1,5,6,1,24,5,-1,-1,-1,-1,10,E01030806,0,-1
2020010263736,2020,010263736,2,9,0,99,99,9,9,99,99,9,9,99,9,99,9,9,6,6,3,-1,-1,-1,-1,-1,-1,-1,-1,0,-1
2020010280938,2020,010280938,2,17,9,99,99,9,9,99,99,0,9,99,9,99,9,9,6,6,3,-1,-1,-1,-1,-1,-1,-1,-1,0,-1
2020030933571,2020,030933571,3,9,0,7,7,7,7,0,0,1,0,0,0,0,2,1,2,2,1,26,6,-1,-1,-1,-1,6,E01019323,0,-1
2020332001244,2020,332001244,2,9,0,18,19,5,1,0,0,0,0,0,0,0,0,1,6,6,1,37,7,-1,-1,-1,-1,-1,-1,0,-1
2020470947205,2020,470947205,2,1,0,7,7,1,3,0,0,0,0,0,0,0,1,1,5,6,1,15,3,-1,-1,-1,-1,10,E01031824,0,-1
2020340C03882,2020,340C03882,1,3,0,18,19,5,3,0,0,1,0,10,0,0,0,1,2,2,1,57,9,-1,-1,-1,-1,-1,-1,0,-1
2020010282612,2020,010282612,2,9,0,99,99,9,9,99,99,9,9,99,9,99,2,9,6,6,1,-1,-1,-1,-1,-1,-1,-1,-1,0,-1
2020332000874,2020,332000874,2,9,0,11,11,1,5,0,0,2,0,0,1,0,3,1,6,6,1,29,6,-1,-1,-1,-1,6,E01025824,0,-1
2020010283374,2020,010283374,2,1,0,9,9,4,1,0,0,5,0,0,0,0,3,1,1,1,2,27,6,-1,-1,-1,-1,3,E01003250,0,-1
2020010247485,2020,010247485,1,1,9,99,99,9,9,99,99,9,9,99,9,99,1,1,6,6,2,35,6,-1,-1,-1,-1,5,E01002083,0,-1
2020420992728,2020,420992728,2,1,0,18,19,5,1,0,0,4,0,0,0,0,2,1,5,6,1,50,8,-1,-1,-1,-1,7,E01021742,0,-1
2020430260831,2020,430260831,2,1,0,18,19,6,2,0,0,0,1,0,0,0,1,1,6,6,1,37,7,-1,-1,-1,-1,8,E01016408,0,-1
2020010241435,2020,010241435,1,1,9,99,99,9,9,99,99,9,9,99,9,99,9,1,2,2,1,52,8,-1,-1,-1,-1,6,E01000709,0,-1
2020070511705,2020,070511705,1,1,0,18,19,7,1,0,0,2,1,0,0,0,3,1,2,2,2,20,4,-1,-1,-1,-1,8,E01018434,0,-1
2020200969944,2020,200969944,2,1,0,18,19,2,6,0,0,8,0,0,0,0,4,1,6,6,1,25,5,-1,-1,-1,-1,1,E01010365,0,-1
2020440354661,2020,440354661,1,9,0,11,11,6,2,0,0,0,0,10,0,0,1,1,6,6,1,36,7,-1,-1,-1,-1,9,E01022494,0,-1
2020410968117,2020,410968117,3,9,0,18,19,3,7,0,0,0,0,0,0,0,1,1,5,6,1,42,7,-1,-1,-1,-1,2,E01002090,0,-1
2020500954651,2020,500954651,2,1,0,3,3,5,1,0,0,0,0,0,0,0,1,1,6,6,1,55,8,-1,-1,-1,-1,9,E01018796,0,-1
2020460921852,2020,460921852,1,9,0,17,19,7,3,0,0,0,0,0,0,0,0,1,3,7,2,-1,-1,-1,-1,-1,-1,-1,-1,0,-1
2020070379729,2020,070379729,1,19,0,18,19,5,1,0,0,0,0,0,0,0,0,1,6,6,1,-1,-1,-1,-1,-1,-1,-1,-1,0,-1
2020450920803,2020,450920803,1,9,0,18,19,1,8,0,0,0,1,0,0,0,1,1,5,6,1,27,6,-1,-1,-1,-1,10,E01004106,0,-1
2020530997333,2020,530997333,2,9,0,17,19,1,5,0,0,0,0,0,0,0,1,1,1,1,1,33,6,-1,-1,-1,-1,1,E01022291,0,-1
2020332001109,2020,332001109,1,19,0,18,19,5,1,0,0,0,0,0,0,0,0,1,6,6,1,60,9,-1,-1,-1,-1,-1,-1,0,-1
202031A097320,2020,31A097320,2,1,0,18,19,2,7,9,9,8,0,0,0,0,1,1,6,6,1,54,8,-1,-1,-1,-1,9,E01028241,0,-1
2020460973902,2020,460973902,2,1,0,18,19,7,3,0,0,1,0,0,0,0,3,1,5,6,2,28,6,-1,-1,-1,-1,7,E01032820,0,-1
2020332000385,2020,332000385,2,9,0,4,4,6,2,0,0,1,0,0,0,0,1,1,6,6,1,46,8,-1,-1,-1,-1,3,E01013778,0,-1
2020010261195,2020,010261195,2,19,9,99,99,9,9,99,99,0,9,99,9,99,1,9,6,6,3,-1,-1,-1,-1,-1,-1,-1,-1,0,-1
2020010260062,2020,010260062,2,9,0,14,14,7,3,0,0,0,0,0,0,0,1,1,6,6,3,-1,-1,-1,-1,-1,-1,-1,-1,0,-1
2020320376122,2020,320376122,2,9,0,18,19,5,1,0,0,0,0,0,0,0,3,1,2,2,2,40,7,-1,-1,-1,-1,6,E01026128,0,-1
2020420926700,2020,420926700,2,9,0,3,3,4,8,0,0,0,0,0,0,0,2,1,6,6,1,-1,-1,-1,-1,-1,-1,-1,-1,0,-1
2020410982876,2020,410982876,1,1,0,18,19,3,7,0,0,0,0,0,0,0,1,1,6,6,2,30,6,-1,-1,-1,-1,6,E01023918,0,-1
2020460986102,2020,460986102,1,98,0,5,5,3,7,0,0,1,0,0,0,0,1,1,1,1,3,-1,-1,-1,-1,-1,-1,-1,-1,0,-1
2020040949918,2020,040949918,2,1,0,18,19,4,8,0,0,0,1,0,0,0,1,1,5,6,1,47,8,-1,-1,-1,-1,1,E01025068,0,-1
2020990994323,2020,990994323,2,1,0,14,14,3,7,0,0,0,5,0,0,0,2,1,5,6,1,20,4,-1,-1,-1,-1,5,-1,0,-1
2020010250468,2020,010250468,2,1,0,18,19,7,3,0,0,0,0,0,0,0,2,1,6,6,1,24,5,-1,-1,-1,-1,2,E01002096,0,-1
2020010273668,2020,010273668,2,9,9,99,99,9,9,99,99,9,9,99,9,99,9,9,6,6,3,49,8,-1,-1,-1,-1,2,E01003288,0,-1
2020010281366,2020,010281366,1,1,9,99,99,9,9,99,99,9,9,99,9,99,1,1,2,2,1,36,7,-1,-1,-1,-1,8,E01000678,0,-1
2020052002017,2020,052002017,1,9,0,18,19,3,7,0,0,0,0,0,0,0,1,1,6,6,3,-1,-1,-1,-1,-1,-1,-1,-1,0,-1
2020522100830,2020,522100830,2,1,0,18,19,7,3,0,0,8,0,0,7,0,1,1,6,6,1,28,6,-1,-1,-1,-1,2,E01014578,0,-1
2020420976263,2020,420976263,1,9,0,18,19,3,7,0,0,4,0,0,0,0,0,1,6,6,3,-1,-1,-1,-1,-1,-1,-1,-1,0,-1
2020430148359,2020,430148359,1,1,0,3,3,4,8,0,0,1,0,0,0,0,4,1,6,6,1,65,9,-1,-1,-1,-1,4,E01017662,0,-1
2020470955490,2020,470955490,2,1,0,18,19,6,2,0,0,8,0,0,0,0,3,1,6,6,1,37,7,-1,-1,-1,-1,2,E01016873,0,-1
2020010237305,2020,010237305,2,1,0,18,19,1,5,0,0,8,5,0,0,0,3,1,6,6,1,22,5,-1,-1,-1,-1,6,E01002834,0,-1
2020010281878,2020,010281878,1,9,0,4,4,7,3,0,0,8,0,0,0,0,1,1,6,6,1,32,6,-1,-1,-1,-1,4,E01026468,0,-1
2020052000766,2020,052000766,2,1,0,17,19,2,7,0,0,8,0,0,0,0,3,1,6,6,1,77,11,-1,-1,-1,-1,5,E01006550,0,-1
2020052001236,2020,052001236,2,1,0,18,19,7,3,0,0,1,0,0,0,0,2,1,6,6,1,51,8,-1,-1,-1,-1,1,E01006696,0,-1
2020430158474,2020,430158474,2,9,0,13,13,3,7,0,0,0,0,0,0,0,1,1,1,1,1,38,7,-1,-1,-1,-1,5,E01028697,0,-1
2020450989645,2020,450989645,2,1,0,18,19,2,6,0,0,4,0,0,0,0,3,1,6,6,1,61,9,-1,-1,-1,-1,7,E01030502,0,-1
2020370978936,2020,370978936,3,9,0,2,2,3,3,0,0,0,0,0,0,0,2,1,6,6,3,-1,-1,-1,-1,-1,-1,-1,-1,0,-1
2020052100120,2020,052100120,1,8,0,18,19,1,5,0,0,0,0,0,0,0,1,1,1,1,3,-1,-1,-1,-1,-1,-1,-1,-1,0,-1
2020430001292,2020,430001292,1,9,0,18,19,7,3,0,0,1,0,0,0,0,1,1,6,6,2,-1,-1,-1,-1,-1,-1,-1,-1,0,-1
2020200969873,2020,200969873,2,1,0,18,19,1,5,0,0,0,0,0,0,0,1,1,6,6,1,45,7,-1,-1,-1,-1,2,E01010533,0,-1
2020361014150,2020,361014150,1,9,0,1,1,7,4,0,0,2,0,0,0,0,2,1,1,1,1,21,5,-1,-1,-1,-1,1,E01026625,0,-1
2020302001686,2020,302001686,1,1,0,18,19,1,5,0,0,0,0,0,0,0,4,1,6,6,1,32,6,-1,-1,-1,-1,3,E01013532,0,-1
2020010272648,2020,010272648,1,19,0,4,4,7,3,0,0,0,0,0,0,0,1,1,1,1,1,33,6,-1,-1,-1,-1,2,E01002356,0,-1
202063A004020,2020,63A004020,1,9,0,17,19,7,4,0,0,0,0,0,2,7,4,1,6,6,2,30,6,-1,-1,-1,-1,6,W01000720,0,-1
2020010273518,2020,010273518,1,1,9,99,99,9,9,99,99,9,9,99,9,99,9,1,6,6,2,27,6,-1,-1,-1,-1,4,E01001355,0,-1
2020552100021,2020,552100021,1,1,0,18,19,8,4,0,0,0,0,0,0,0,4,1,6,6,1,25,5,-1,-1,-1,-1,3,E01015371,0,-1
2020160923310,2020,160923310,1,1,0,9,9,6,2,0,0,6,0,0,0,0,4,1,2,2,1,56,9,-1,-1,-1,-1,-1,-1,0,-1
2020530994128,2020,530994128,2,9,0,2,2,0,0,0,0,0,0,0,0,0,4,1,6,6,3,-1,-1,-1,-1,-1,-1,-1,-1,0,-1
2020332000650,2020,332000650,1,5,0,13,13,4,8,0,0,0,0,0,1,11,1,1,6,6,1,36,7,-1,-1,-1,-1,10,E01025835,0,-1
2020010279018,2020,010279018,2,1,0,18,19,5,1,0,0,8,0,0,0,0,2,1,6,6,1,56,9,-1,-1,-1,-1,5,E01000494,0,-1
2020501003527,2020,501003527,1,9,0,16,19,1,5,0,0,0,0,0,0,0,1,1,5,6,1,70,10,-1,-1,-1,-1,5,E01019050,0,-1
2020140969731,2020,140969731,2,9,0,18,19,4,1,0,0,8,0,0,0,0,3,1,6,6,3,-1,-1,-1,-1,-1,-1,-1,-1,0,-1
2020140930538,2020,140930538,1,1,0,18,19,6,2,0,0,0,0,0,0,0,1,1,5,6,1,17,4,-1,-1,-1,-1,1,E01008061,0,-1
2020160962664,2020,160962664,2,1,0,18,19,5,1,0,0,0,0,0,0,0,1,1,6,6,1,14,3,-1,-1,-1,-1,7,E01013008,0,-1
2020010271107,2020,010271107,1,1,9,99,99,9,9,99,99,9,9,99,9,99,9,1,6,6,1,34,6,-1,-1,-1,-1,7,E01003659,0,-1
2020010253351,2020,010253351,2,1,0,16,19,1,3,0,0,8,0,0,0,0,1,1,6,6,2,56,9,-1,-1,-1,-1,3,E01003122,0,-1
2020010259370,2020,010259370,2,9,0,6,6,7,7,0,0,0,0,0,0,0,3,1,6,6,3,-1,-1,-1,-1,-1,-1,-1,-1,0,-1
2020470923135,2020,470923135,2,1,0,18,19,7,3,0,0,8,0,0,0,0,1,1,5,6,1,60,9,-1,-1,-1,-1,3,E01016858,0,-1
2020010237797,2020,010237797,1,1,9,99,99,9,9,99,99,9,9,99,9,99,9,-1,6,6,2,74,10,-1,-1,-1,-1,5,E01001095,0,-1
2020610017320,2020,610017320,2,1,0,18,19,1,5,0,0,3,0,0,0,0,3,1,6,6,1,66,10,-1,-1,-1,-1,7,W01001409,0,-1
2020332000458,2020,332000458,1,9,0,9,9,3,1,0,0,3,5,0,7,10,3,1,6,6,2,24,5,-1,-1,-1,-1,9,E01025915,0,-1
202006A271379,2020,06A271379,1,8,0,18,19,7,3,0,0,0,0,0,0,0,2,1,6,6,1,34,6,-1,-1,-1,-1,1,E01005166,0,-1
2020010267010,2020,010267010,1,9,0,18,19,1,5,0,0,2,0,4,0,0,1,1,6,6,1,18,4,-1,-1,-1,-1,1,E01004340,0,-1
2020520005035,2020,520005035,1,9,0,18,19,2,6,0,0,1,5,0,0,9,1,1,6,6,1,19,4,-1,-1,-1,-1,8,E01014745,0,-1
2020010254207,2020,010254207,1,1,9,99,99,9,9,99,99,9,9,99,9,99,9,1,2,2,1,25,5,-1,-1,-1,-1,1,E01001427,0,-1
2020231006089,2020,231006089,1,9,0,17,19,2,5,0,0,0,1,0,2,1,1,1,5,6,1,18,4,-1,-1,-1,-1,8,E01031239,0,-1
2020010269441,2020,010269441,1,9,3,18,19,1,5,0,0,0,0,0,0,0,4,1,6,6,3,-1,-1,-1,-1,-1,-1,-1,-1,0,-1
2020010231025,2020,010231025,1,8,0,9,9,5,3,0,0,5,0,0,0,0,1,1,6,6,1,56,9,-1,-1,-1,-1,4,E01003927,0,-1
2020430054894,2020,430054894,2,9,0,7,7,5,7,0,0,6,0,0,0,0,3,1,6,6,3,-1,-1,-1,-1,-1,-1,-1,-1,0,-1
2020461007770,2020,461007770,2,1,0,18,19,6,2,0,0,0,0,0,0,0,4,1,6,6,1,61,9,-1,-1,-1,-1,3,E01024119,0,-1
2020340D04292,2020,340D04292,1,9,0,13,13,6,2,0,0,0,0,0,0,0,0,1,6,6,3,-1,-1,-1,-1,-1,-1,-1,-1,0,-1
2020040928099,2020,040928099,3,9,0,2,2,0,0,9,9,0,0,0,0,0,3,1,6,6,3,-1,-1,-1,-1,-1,-1,-1,-1,0,-1
2020201015043,2020,201015043,1,9,0,18,19,2,6,0,0,0,0,0,0,0,1,1,6,6,1,-1,-1,-1,-1,-1,-1,-1,-1,0,-1
2020440390445,2020,440390445,2,9,0,4,4,2,6,0,0,0,0,0,0,0,2,1,6,6,1,-1,-1,-1,-1,-1,-1,-1,-1,0,-1
2020990977956,2020,990977956,1,1,0,18,19,6,2,0,0,0,0,0,0,0,4,1,5,6,2,68,10,-1,-1,-1,-1,-1,-1,0,-1
2020552000831,2020,552000831,2,1,0,18,19,8,4,4,4,8,0,0,0,0,1,1,6,6,2,25,5,-1,-1,-1,-1,7,E01015446,0,-1
2020052001246,2020,052001246,1,9,0,1,1,4,8,0,0,8,0,0,0,0,2,1,6,6,3,-1,-1,-1,-1,-1,-1,-1,-1,0,-1
2020010245327,2020,010245327,1,1,0,4,4,5,1,4,4,1,0,0,0,0,0,1,6,6,1,31,6,-1,-1,-1,-1,4,E01004622,0,-1
2020040937596,2020,040937596,2,9,0,3,3,6,1,0,0,0,0,0,0,0,2,1,5,6,1,42,7,-1,-1,-1,-1,8,E01024976,0,-1
2020332001130,2020,332001130,2,9,0,18,19,6,2,0,0,0,0,0,0,0,0,1,6,6,2,19,4,-1,-1,-1,-1,-1,-1,0,-1
2020010283194,2020,010283194,1,1,0,18,19,7,3,4,4,1,0,0,0,0,4,1,6,6,1,47,8,-1,-1,-1,-1,2,E01003288,0,-1
2020470924555,2020,470924555,1,9,0,9,9,1,7,0,0,6,0,0,0,0,0,1,6,6,3,-1,-1,-1,-1,-1,-1,-1,-1,0,-1
2020010253243,2020,010253243,1,9,0,18,19,-1,-1,0,0,8,0,0,0,0,1,1,6,6,3,-1,-1,-1,-1,-1,-1,-1,-1,0,-1
2020410949759,2020,410949759,1,9,0,5,5,8,4,0,0,4,0,0,0,0,2,1,3,7,2,31,6,-1,-1,-1,-1,6,E01023720,0,-1
2020040973584,2020,040973584,2,1,0,18,19,1,5,0,0,0,0,0,0,0,1,1,5,6,1,46,8,-1,-1,-1,-1,9,E01025364,0,-1
2020332000452,2020,332000452,1,9,0,9,9,6,4,0,0,5,0,0,0,0,4,1,6,6,1,38,7,-1,-1,-1,-1,5,E01013612,0,-1
2020360978277,2020,360978277,2,9,0,2,2,0,0,0,0,0,0,0,0,0,2,1,6,6,3,-1,-1,-1,-1,-1,-1,-1,-1,0,-1