collision_index,collision_year,collision_ref_no,vehicle_reference,vehicle_type,towing_and_articulation,vehicle_manoeuvre_historic,vehicle_manoeuvre,vehicle_direction_from,vehicle_direction_to,vehicle_location_restricted_lane_historic,vehicle_location_restricted_lane,junction_location,skidding_and_overturning,hit_object_in_carriageway,vehicle_leaving_carriageway,hit_object_off_carriageway,first_point_of_impact,vehicle_left_hand_drive,journey_purpose_of_driver_historic,journey_purpose_of_driver,sex_of_driver,age_of_driver,age_band_of_driver,engine_capacity_cc,propulsion_code,age_of_vehicle,generic_make_model,driver_imd_decile,lsoa_of_driver,escooter_flag,driver_distance_banding
2020010240827,2020,010240827,2,9,0,7,7,6,8,0,0,8,0,0,0,0,1,1,6,6,3,-1,-1,-1,-1,-1,-1,-1,-1,0,-1
2020460931889,2020,460931889,2,9,0,2,2,0,0,0,0,0,0,0,0,0,2,1,6,6,3,-1,-1,-1,-1,-1,-1,-1,-1,0,-1
2020332000209,2020,332000209,1,97,0,13,13,5,1,0,0,8,0,0,0,0,1,1,6,6,1,13,3,-1,-1,-1,-1,3,E01013698,0,-1
2020160933895,2020,160933895,3,9,0,2,2,0,0,0,0,2,0,0,0,0,3,1,6,6,3,-1,-1,-1,-1,-1,-1,-1,-1,0,-1
202060Y122065,2020,60Y122065,2,9,0,2,2,0,0,0,0,1,0,0,0,0,0,1,6,6,3,-1,-1,-1,-1,-1,-1,-1,-1,0,-1
2020302000091,2020,302000091,3,19,0,2,2,0,0,0,0,0,0,0,0,0,2,1,6,6,3,-1,-1,-1,-1,-1,-1,-1,-1,0,-1
2020470965010,2020,470965010,1,1,0,18,19,7,3,0,0,1,0,0,0,0,1,1,6,6,1,30,6,-1,-1,-1,-1,-1,-1,0,-1
2020430139393,2020,430139393,1,9,0,99,99,6,2,0,0,8,0,0,9,0,0,1,6,6,3,-1,-1,-1,-1,-1,-1,-1,-1,0,-1
2020052000582,2020,052000582,1,9,0,9,9,1,5,0,0,6,0,0,0,0,3,1,6,6,3,-1,-1,-1,-1,-1,-1,-1,-1,0,-1
2020430388661,2020,430388661,2,1,0,17,19,7,4,0,0,8,0,0,0,0,2,1,6,6,1,32,6,-1,-1,-1,-1,-1,-1,0,-1
2020160943885,2020,160943885,1,22,0,18,19,3,7,9,9,1,0,9,0,0,2,1,6,6,1,-1,-1,-1,-1,-1,-1,9,E01013053,0,-1
2020522004814,2020,522004814,1,9,0,18,19,5,1,0,0,0,0,0,0,0,1,1,6,6,3,25,5,-1,-1,-1,-1,-1,-1,0,-1
2020450954496,2020,450954496,2,98,0,18,19,3,8,0,0,0,0,0,0,0,1,1,6,6,3,50,8,-1,-1,-1,-1,-1,-1,0,-1
2020100951776,2020,100951776,1,9,0,18,19,6,2,0,0,8,0,0,0,0,1,1,6,6,3,-1,-1,-1,-1,-1,-1,-1,-1,0,-1
2020350953048,2020,350953048,2,1,0,8,8,5,4,0,0,1,0,0,1,0,3,1,5,6,1,56,9,-1,-1,-1,-1,7,E01018064,0,-1
2020200993803,2020,200993803,2,1,0,18,19,2,6,9,9,8,0,0,0,0,2,1,6,6,1,19,4,-1,-1,-1,-1,1,E01010366,0,-1
2020010240615,2020,010240615,1,1,9,99,99,9,9,99,99,9,9,99,9,99,9,1,2,2,2,31,6,-1,-1,-1,-1,3,E01003549,0,-1
2020070600336,2020,070600336,2,1,0,10,10,3,8,0,0,1,0,0,0,0,0,1,6,6,1,13,3,-1,-1,-1,-1,2,E01018400,0,-1
202060Y160034,2020,60Y160034,1,9,0,18,19,6,2,0,0,2,0,0,0,0,1,1,6,6,2,30,6,-1,-1,-1,-1,-1,-1,0,-1
2020010259265,2020,010259265,1,1,0,9,9,8,5,0,0,1,0,0,0,0,2,1,6,6,1,46,8,-1,-1,-1,-1,4,E01003900,0,-1
2020010235283,2020,010235283,2,9,0,99,99,9,9,99,99,9,9,99,9,99,9,9,6,6,3,-1,-1,-1,-1,-1,-1,-1,-1,0,-1
2020430235397,2020,430235397,2,1,0,18,19,3,7,0,0,8,0,0,0,0,1,1,2,2,1,40,7,-1,-1,-1,-1,9,E01032952,0,-1
2020440374141,2020,440374141,4,9,0,2,2,0,0,0,0,2,0,0,0,0,1,1,6,6,1,-1,-1,-1,-1,-1,-1,-1,-1,0,-1
2020210926256,2020,210926256,2,9,0,2,2,0,0,0,0,0,0,0,0,0,1,1,6,6,1,27,6,-1,-1,-1,-1,4,E01014353,0,-1
2020137AB0616,2020,137AB0616,2,1,0,18,19,6,2,0,0,0,0,0,0,0,3,1,6,6,1,23,5,-1,-1,-1,-1,4,E01011320,0,-1
2020302001544,2020,302001544,1,1,0,9,9,2,8,0,0,0,0,0,0,0,2,1,2,2,1,56,9,-1,-1,-1,-1,7,E01019537,0,-1
2020010252664,2020,010252664,1,9,0,18,19,3,7,0,0,0,0,0,0,0,1,1,6,6,3,-1,-1,-1,-1,-1,-1,-1,-1,0,-1
2020010284624,2020,010284624,2,1,0,18,19,7,3,4,4,2,0,0,1,0,4,1,2,2,2,58,9,-1,-1,-1,-1,6,E01002565,0,-1
2020010260441,2020,010260441,1,1,0,99,99,9,9,0,0,0,0,0,0,0,2,1,6,6,1,27,6,-1,-1,-1,-1,5,E01001914,0,-1
2020410970628,2020,410970628,2,9,0,17,19,1,7,0,0,8,0,0,1,11,2,1,5,6,2,48,8,-1,-1,-1,-1,5,E01023914,0,-1
2020040924880,2020,040924880,5,9,0,4,4,7,3,0,0,0,0,0,0,0,1,1,5,6,1,53,8,-1,-1,-1,-1,2,E01025205,0,-1
2020010244394,2020,010244394,2,4,0,18,19,5,1,0,0,0,0,0,7,4,4,1,6,6,1,18,4,-1,-1,-1,-1,2,E01023338,0,-1
2020430210618,2020,430210618,1,9,0,18,19,5,1,0,0,0,0,0,0,0,4,1,6,6,3,-1,-1,-1,-1,-1,-1,-1,-1,0,-1
2020480943354,2020,480943354,1,9,0,1,1,5,1,0,0,8,0,0,0,0,2,1,6,6,1,30,6,-1,-1,-1,-1,-1,-1,0,-1
2020201020284,2020,201020284,1,9,0,18,19,2,6,0,0,1,0,0,0,0,1,1,6,6,3,-1,-1,-1,-1,-1,-1,-1,-1,0,-1
2020450991713,2020,450991713,1,9,0,18,19,1,5,0,0,0,0,0,0,0,1,1,5,6,1,27,6,-1,-1,-1,-1,9,E01030391,0,-1
2020010276390,2020,010276390,1,9,0,18,19,5,1,0,0,8,0,0,0,0,1,1,1,1,1,46,8,-1,-1,-1,-1,5,E01004463,0,-1
2020332001165,2020,332001165,1,19,0,18,19,6,2,0,0,0,0,0,0,0,0,1,6,6,1,-1,-1,-1,-1,-1,-1,-1,-1,0,-1
2020010268798,2020,010268798,2,9,0,99,99,9,9,99,99,9,9,99,9,99,1,9,6,6,3,-1,-1,-1,-1,-1,-1,6,E01002974,0,-1
2020052001196,2020,052001196,1,1,0,18,19,1,5,0,0,0,0,0,0,0,0,1,6,6,1,15,3,-1,-1,-1,-1,1,E01006562,0,-1
2020552000249,2020,552000249,1,9,0,18,19,1,5,0,0,0,0,0,0,0,1,1,6,6,1,78,11,-1,-1,-1,-1,5,E01020432,0,-1
2020140947827,2020,140947827,2,1,0,18,19,3,7,0,0,1,5,0,0,0,4,1,6,6,1,27,6,-1,-1,-1,-1,1,E01007941,0,-1
2020990939421,2020,990939421,1,9,0,2,2,2,6,0,0,1,0,0,0,0,2,1,6,6,3,-1,-1,-1,-1,-1,-1,-1,-1,0,-1
2020500941524,2020,500941524,1,9,0,18,19,5,1,0,0,0,0,0,0,0,1,1,5,6,1,-1,-1,-1,-1,-1,-1,-1,-1,0,-1
2020010270005,2020,010270005,2,1,0,18,19,5,1,4,4,0,0,0,0,0,1,1,2,2,2,30,6,-1,-1,-1,-1,9,E01001209,0,-1
2020420967248,2020,420967248,1,1,0,18,19,8,6,0,0,1,0,0,0,0,4,1,6,6,1,24,5,-1,-1,-1,-1,1,E01021323,0,-1
2020010239823,2020,010239823,2,1,9,99,99,9,9,99,99,9,9,99,9,99,2,1,6,6,1,-1,-1,-1,-1,-1,-1,10,E01000836,0,-1
2020010261468,2020,010261468,2,1,0,15,15,1,5,0,0,0,0,0,0,0,1,1,6,6,1,25,5,-1,-1,-1,-1,6,E01000924,0,-1
2020010281128,2020,010281128,2,1,9,18,19,1,5,99,99,8,9,99,9,0,9,1,6,6,1,14,3,-1,-1,-1,-1,1,E01002904,0,-1
2020332001011,2020,332001011,2,1,0,18,19,4,8,0,0,0,0,0,0,0,1,1,6,6,1,34,6,-1,-1,-1,-1,4,E01013782,0,-1
2020332001009,2020,332001009,2,9,0,3,3,1,5,0,0,1,0,0,0,0,2,1,6,6,1,32,6,-1,-1,-1,-1,1,E01026950,0,-1
202060Y041568,2020,60Y041568,1,9,0,9,9,1,7,0,0,1,0,0,0,0,1,1,6,6,1,50,8,-1,-1,-1,-1,-1,-1,0,-1
2020350927286,2020,350927286,1,9,0,9,9,2,6,0,0,1,0,0,0,0,4,1,2,2,2,28,6,-1,-1,-1,-1,8,E01018117,0,-1
2020470949084,2020,470949084,1,9,0,18,19,5,1,0,0,0,0,0,0,0,1,1,5,6,1,26,6,-1,-1,-1,-1,9,E01031728,0,-1
202060Y060210,2020,60Y060210,2,9,0,9,9,5,3,0,0,6,1,0,0,0,2,1,6,6,1,75,10,-1,-1,-1,-1,-1,-1,0,-1
2020440195620,2020,440195620,1,1,0,18,19,4,8,0,0,1,0,0,0,0,1,1,2,2,1,42,7,-1,-1,-1,-1,10,E01022731,0,-1
2020052001983,2020,052001983,2,1,0,18,19,3,7,0,0,0,0,0,0,0,4,1,6,6,1,21,5,-1,-1,-1,-1,1,E01006730,0,-1
2020010283059,2020,010283059,1,1,9,99,99,9,9,99,99,9,9,99,9,99,9,1,6,6,1,34,6,-1,-1,-1,-1,9,E01001305,0,-1
2020440191872,2020,440191872,1,9,4,10,10,1,7,0,0,1,0,0,0,0,2,1,1,1,1,30,6,-1,-1,-1,-1,10,E01023231,0,-1
2020010273783,2020,010273783,2,9,0,99,99,9,9,99,99,9,9,99,9,99,3,9,6,6,3,-1,-1,-1,-1,-1,-1,-1,-1,0,-1
20201377A0490,2020,1377A0490,1,1,0,18,19,4,8,0,0,0,0,0,0,0,4,1,6,6,1,30,6,-1,-1,-1,-1,8,E01011187,0,-1
2020010253063,2020,010253063,1,9,0,9,9,4,2,0,0,5,0,0,0,0,2,1,6,6,1,70,10,-1,-1,-1,-1,-1,-1,0,-1
2020010269002,2020,010269002,1,9,0,18,19,1,5,0,0,2,0,0,0,0,1,1,6,6,1,21,5,-1,-1,-1,-1,6,E01003644,0,-1
2020450965382,2020,450965382,2,9,0,18,19,3,1,0,0,5,0,0,0,0,1,1,6,6,3,21,5,-1,-1,-1,-1,-1,-1,0,-1
2020010249474,2020,010249474,2,1,0,18,19,7,3,0,0,1,0,0,2,10,1,1,6,6,1,28,6,-1,-1,-1,-1,4,E01002718,0,-1
2020010250326,2020,010250326,1,1,9,99,99,9,9,99,99,0,9,99,9,99,1,1,2,2,2,26,6,-1,-1,-1,-1,8,E01003001,0,-1
2020052000296,2020,052000296,1,9,0,7,7,2,4,0,0,8,0,0,0,0,1,1,6,6,3,-1,-1,-1,-1,-1,-1,-1,-1,0,-1
2020320494140,2020,320494140,2,4,0,18,19,7,3,0,0,0,5,0,0,0,0,1,2,2,1,39,7,-1,-1,-1,-1,-1,-1,0,-1
2020552000540,2020,552000540,1,1,0,18,19,1,5,0,0,0,0,0,0,0,1,1,6,6,1,62,9,-1,-1,-1,-1,9,E01015419,0,-1
2020220918471,2020,220918471,1,20,0,18,19,6,2,0,0,8,0,0,0,0,1,1,1,1,1,41,7,-1,-1,-1,-1,2,E01032262,0,-1
2020461007593,2020,461007593,1,9,0,16,19,1,5,0,0,0,0,0,0,0,1,1,6,6,1,32,6,-1,-1,-1,-1,7,E01024350,0,-1
2020010276572,2020,010276572,1,1,0,9,9,1,7,0,0,6,0,0,0,0,1,1,6,6,2,70,10,-1,-1,-1,-1,6,E01002844,0,-1
2020010240664,2020,010240664,2,9,0,99,99,9,9,99,99,9,9,99,9,99,9,9,6,6,3,-1,-1,-1,-1,-1,-1,-1,-1,0,-1
2020040930040,2020,040930040,1,9,0,18,19,7,3,0,0,0,0,0,0,0,1,1,6,6,3,-1,-1,-1,-1,-1,-1,-1,-1,0,-1
2020460933847,2020,460933847,2,3,0,13,13,1,5,0,0,1,0,0,0,0,1,1,1,1,1,26,6,-1,-1,-1,-1,7,E01024569,0,-1
202006A273109,2020,06A273109,2,1,0,18,19,4,8,0,0,8,0,0,0,0,1,1,6,6,1,30,6,-1,-1,-1,-1,9,E01005058,0,-1
2020140922725,2020,140922725,2,98,0,18,19,6,2,0,0,0,0,0,0,0,1,1,6,6,3,-1,-1,-1,-1,-1,-1,-1,-1,0,-1
2020010239804,2020,010239804,1,1,9,99,99,9,9,99,99,9,9,99,9,99,1,1,6,6,1,32,6,-1,-1,-1,-1,3,E01001764,0,-1
2020137AM0959,2020,137AM0959,1,8,0,18,19,4,8,0,0,1,0,0,0,0,1,1,6,6,3,-1,-1,-1,-1,-1,-1,-1,-1,0,-1
2020411007106,2020,411007106,1,98,1,12,12,5,1,0,0,0,0,0,0,0,1,1,1,1,1,57,9,-1,-1,-1,-1,-1,-1,0,-1
2020420965565,2020,420965565,2,1,0,18,19,6,2,0,0,1,0,0,0,0,1,1,5,6,2,56,9,-1,-1,-1,-1,10,E01021587,0,-1
2020010255735,2020,010255735,2,1,0,18,19,7,3,0,0,8,0,0,7,0,1,1,6,6,1,31,6,-1,-1,-1,-1,10,E01000348,0,-1
2020140951546,2020,140951546,2,1,0,4,4,1,5,0,0,0,5,11,0,0,1,1,6,6,1,50,8,-1,-1,-1,-1,8,E01007987,0,-1
2020440477309,2020,440477309,1,1,0,10,10,2,8,0,0,8,0,0,0,0,1,1,1,1,2,40,7,-1,-1,-1,-1,4,E01017277,0,-1
2020440473145,2020,440473145,2,1,0,18,19,3,7,0,0,8,0,0,0,0,4,1,6,6,1,64,9,-1,-1,-1,-1,8,E01022798,0,-1
2020200947280,2020,200947280,1,9,0,18,19,6,2,0,0,2,0,0,0,0,1,1,6,6,3,-1,-1,-1,-1,-1,-1,-1,-1,0,-1
2020040938709,2020,040938709,2,1,0,18,19,5,1,0,0,1,0,0,0,0,1,1,6,6,2,41,7,-1,-1,-1,-1,6,E01025004,0,-1
2020010252383,2020,010252383,1,9,0,5,5,5,1,0,0,0,0,0,0,0,0,1,6,6,3,-1,-1,-1,-1,-1,-1,-1,-1,0,-1
2020160997979,2020,160997979,1,9,0,18,19,5,1,0,0,0,0,0,0,0,1,1,6,6,3,-1,-1,-1,-1,-1,-1,-1,-1,0,-1
2020040988716,2020,040988716,2,9,0,18,19,5,1,0,0,3,0,0,1,0,1,1,6,6,3,-1,-1,-1,-1,-1,-1,-1,-1,0,-1
2020522004696,2020,522004696,2,9,0,-1,-1,-1,-1,0,0,0,0,0,0,0,3,1,6,6,2,53,8,-1,-1,-1,-1,7,E01014394,0,-1
2020450986486,2020,450986486,2,9,0,2,2,0,0,0,0,0,0,0,0,0,1,1,6,6,3,-1,-1,-1,-1,-1,-1,-1,-1,0,-1
2020030935967,2020,030935967,1,9,0,16,19,5,1,0,0,0,5,0,1,9,1,1,5,6,2,19,4,-1,-1,-1,-1,1,E01019267,0,-1
2020200956230,2020,200956230,1,23,0,18,19,4,2,0,0,0,1,0,0,0,1,1,6,6,1,21,5,-1,-1,-1,-1,1,E01009567,0,-1
2020350982387,2020,350982387,2,1,0,18,19,1,5,0,0,1,0,0,0,0,1,1,5,6,1,17,4,-1,-1,-1,-1,9,E01017998,0,-1
2020990966341,2020,990966341,2,19,0,2,2,0,0,0,0,1,0,0,1,11,1,1,6,6,3,-1,-1,-1,-1,-1,-1,-1,-1,0,-1
2020990936552,2020,990936552,2,9,0,18,19,3,7,0,0,0,0,0,0,0,1,1,6,6,1,29,6,-1,-1,-1,-1,2,-1,0,-1
2020010269711,2020,010269711,1,1,9,99,99,9,9,99,99,9,9,99,9,99,9,1,6,6,1,31,6,-1,-1,-1,-1,4,E01001928,0,-1
2020470984472,2020,470984472,3,9,0,16,19,7,2,0,0,0,1,0,1,9,1,1,6,6,3,-1,-1,-1,-1,-1,-1,-1,-1,0,-1
2020547208720,2020,547208720,1,1,0,18,19,5,1,0,0,1,0,0,0,0,1,1,6,6,1,52,8,-1,-1,-1,-1,9,E01031929,0,-1
202063A046420,2020,63A046420,1,16,0,18,19,6,2,0,0,0,0,0,0,0,0,1,6,6,2,34,6,-1,-1,-1,-1,6,W01000713,0,-1
2020440343904,2020,440343904,2,9,0,9,9,5,4,0,0,8,0,0,0,0,1,1,6,6,3,-1,-1,-1,-1,-1,-1,-1,-1,0,-1
2020470955703,2020,470955703,2,9,0,16,19,8,2,0,0,2,0,0,0,0,0,1,6,6,3,-1,-1,-1,-1,-1,-1,-1,-1,0,-1
2020350926172,2020,350926172,2,1,0,18,19,1,3,0,0,8,0,0,0,0,3,1,2,2,1,-1,-1,-1,-1,-1,-1,7,E01018002,0,-1
2020520002353,2020,520002353,1,1,0,13,13,2,6,0,0,0,0,0,0,0,3,1,6,6,1,57,9,-1,-1,-1,-1,9,E01017734,0,-1
2020302001296,2020,302001296,2,1,0,18,19,2,6,0,0,8,0,0,0,0,1,1,6,6,1,36,7,-1,-1,-1,-1,1,E01033167,0,-1
2020410944949,2020,410944949,2,1,0,18,19,1,5,0,0,1,0,0,0,0,1,1,2,2,1,28,6,-1,-1,-1,-1,10,E01023745,0,-1
2020522004289,2020,522004289,2,9,0,13,13,1,5,0,0,0,0,0,0,0,4,1,6,6,3,-1,-1,-1,-1,-1,-1,-1,-1,0,-1
2020332000734,2020,332000734,2,5,0,18,19,1,5,0,0,8,1,0,0,0,1,1,6,6,1,38,7,-1,-1,-1,-1,6,E01025878,0,-1
2020122000364,2020,122000364,1,9,0,7,7,2,8,0,0,8,0,0,0,0,1,1,6,6,3,-1,-1,-1,-1,-1,-1,-1,-1,0,-1
2020340C02602,2020,340C02602,1,9,0,18,19,8,4,0,0,0,0,0,0,0,0,1,6,6,2,48,8,-1,-1,-1,-1,7,E01032967,0,-1
2020010258638,2020,010258638,1,1,9,99,99,9,9,99,99,9,9,99,9,99,9,1,2,2,2,23,5,-1,-1,-1,-1,7,E01003800,0,-1
2020460948896,2020,460948896,1,9,0,18,19,1,5,0,0,0,0,0,0,0,4,1,6,6,3,-1,-1,-1,-1,-1,-1,-1,-1,0,-1
202031B069720,2020,31B069720,1,19,0,18,19,5,1,0,0,0,0,0,0,0,1,1,6,6,1,51,8,-1,-1,-1,-1,6,E01028034,0,-1
2020332000829,2020,332000829,3,17,0,18,19,2,6,0,0,0,0,0,0,0,1,1,1,1,1,26,6,-1,-1,-1,-1,7,E01025659,0,-1
2020010276142,2020,010276142,2,9,0,99,99,9,9,99,99,0,9,99,9,99,1,9,6,6,3,-1,-1,-1,-1,-1,-1,-1,-1,0,-1
202006XJ67280,2020,06XJ67280,2,9,0,3,3,2,6,0,0,0,0,0,0,0,2,1,6,6,1,53,8,-1,-1,-1,-1,8,E01006046,0,-1
2020010277259,2020,010277259,2,1,0,18,19,1,5,0,0,1,0,0,0,0,3,1,2,2,2,30,6,-1,-1,-1,-1,6,E01004534,0,-1
2020470980272,2020,470980272,2,1,0,18,19,5,1,0,0,0,0,0,0,0,1,1,6,6,1,34,6,-1,-1,-1,-1,3,E01016954,0,-1
2020411007890,2020,411007890,1,1,0,18,19,7,3,0,0,0,0,0,0,0,1,1,6,6,2,25,5,-1,-1,-1,-1,6,E01023388,0,-1
2020052002093,2020,052002093,1,1,0,18,19,1,5,0,0,8,0,0,0,0,1,1,2,2,1,25,5,-1,-1,-1,-1,1,E01006778,0,-1
2020010268788,2020,010268788,1,1,9,18,19,7,3,0,0,8,9,99,9,99,4,1,6,6,3,35,6,-1,-1,-1,-1,2,E01004755,0,-1
2020170S10030,2020,170S10030,2,9,0,18,19,3,7,0,0,2,0,0,0,0,1,1,6,6,3,-1,-1,-1,-1,-1,-1,-1,-1,0,-1
2020137140050,2020,137140050,2,9,0,18,19,2,6,0,0,8,0,0,0,0,1,1,6,6,1,25,5,-1,-1,-1,-1,4,E01010671,0,-1
202006K267201,2020,06K267201,2,1,0,18,19,7,3,4,4,1,0,0,0,0,3,1,6,6,1,63,9,-1,-1,-1,-1,3,E01004868,0,-1
2020471000752,2020,471000752,3,9,0,18,19,1,5,0,0,1,0,0,0,0,-1,1,6,6,3,-1,-1,-1,-1,-1,-1,-1,-1,0,-1
2020010280303,2020,010280303,2,9,0,99,99,9,9,99,99,9,9,99,9,99,2,9,6,6,3,-1,-1,-1,-1,-1,-1,-1,-1,0,-1
2020460993827,2020,460993827,1,9,0,18,19,5,1,0,0,1,0,0,0,0,4,1,5,6,3,-1,-1,-1,-1,-1,-1,-1,-1,0,-1
2020332000453,2020,332000453,1,19,0,4,4,4,8,0,0,0,1,0,0,0,1,1,1,1,1,49,8,-1,-1,-1,-1,1,E01007627,0,-1
2020010273707,2020,010273707,1,1,9,99,99,9,9,99,99,9,9,99,9,99,2,1,3,7,1,49,8,-1,-1,-1,-1,3,E01003154,0,-1
2020332000435,2020,332000435,1,9,0,17,19,1,7,0,0,0,5,0,0,0,1,1,6,6,1,19,4,-1,-1,-1,-1,10,E01031110,0,-1
2020010244088,2020,010244088,2,98,0,18,19,5,1,0,0,8,9,0,0,99,1,9,1,1,1,-1,-1,-1,-1,-1,-1,-1,-1,0,-1
2020470933127,2020,470933127,2,9,0,9,9,2,8,0,0,6,0,0,0,0,1,1,5,6,1,35,6,-1,-1,-1,-1,6,E01031656,0,-1
2020052001270,2020,052001270,1,4,0,13,13,5,1,0,0,8,0,0,0,0,1,1,6,6,3,-1,-1,-1,-1,-1,-1,-1,-1,0,-1
2020010283681,2020,010283681,3,11,0,18,19,4,8,0,0,2,0,0,0,0,3,1,6,6,3,-1,-1,-1,-1,-1,-1,-1,-1,0,-1
2020320603793,2020,320603793,2,19,0,2,2,0,0,0,0,2,5,0,0,0,2,1,6,6,1,45,7,-1,-1,-1,-1,6,E01026404,0,-1
2020141010120,2020,141010120,2,9,0,9,9,1,6,0,0,1,0,0,0,0,1,1,6,6,3,-1,-1,-1,-1,-1,-1,-1,-1,0,-1
2020340K02902,2020,340K02902,1,21,4,18,19,3,5,0,0,0,0,0,0,0,3,1,6,6,1,50,8,-1,-1,-1,-1,3,E01024241,0,-1
2020030922210,2020,030922210,1,9,0,18,19,5,1,0,0,0,0,0,0,0,1,1,5,6,1,20,4,-1,-1,-1,-1,7,E01019104,0,-1
2020440281495,2020,440281495,1,9,0,18,19,4,6,0,0,4,0,0,0,0,1,1,6,6,1,-1,-1,-1,-1,-1,-1,-1,-1,0,-1
2020420968062,2020,420968062,2,1,0,14,14,4,8,0,0,1,0,0,0,0,4,1,5,6,1,23,5,-1,-1,-1,-1,8,E01021926,0,-1
2020040972818,2020,040972818,1,9,0,18,19,3,4,0,0,1,0,0,0,0,1,1,6,6,3,59,9,-1,-1,-1,-1,-1,-1,0,-1
2020010231783,2020,010231783,2,20,0,18,19,7,3,0,0,1,0,0,0,0,4,1,6,6,3,-1,-1,-1,-1,-1,-1,-1,-1,0,-1
2020350975666,2020,350975666,2,1,0,4,4,7,3,5,5,1,0,0,0,0,1,1,6,6,1,47,8,-1,-1,-1,-1,10,E01017996,0,-1
2020010271346,2020,010271346,2,1,9,99,99,9,9,99,99,9,9,99,9,99,0,1,6,6,3,-1,-1,-1,-1,-1,-1,3,E01000577,0,-1
202006E270452,2020,06E270452,2,1,0,18,19,2,6,0,0,0,0,0,0,0,4,1,6,6,1,36,7,-1,-1,-1,-1,3,E01005271,0,-1
2020440362819,2020,440362819,1,9,0,18,19,4,8,0,0,0,0,0,0,0,3,1,6,6,3,-1,-1,-1,-1,-1,-1,-1,-1,0,-1
2020332000803,2020,332000803,3,9,0,18,19,1,5,0,0,8,0,0,0,0,1,1,6,6,1,25,5,-1,-1,-1,-1,6,E01028857,0,-1
2020122000614,2020,122000614,1,-1,0,5,5,2,3,0,0,2,0,0,0,0,4,1,6,6,1,20,4,-1,-1,-1,-1,7,E01027689,1,-1
2020161005353,2020,161005353,2,9,0,18,19,3,7,0,0,1,0,0,0,0,1,1,6,6,1,-1,-1,-1,-1,-1,-1,-1,-1,0,-1
2020421005591,2020,421005591,3,9,0,2,2,0,0,6,6,0,0,0,0,0,1,1,6,6,3,-1,-1,-1,-1,-1,-1,-1,-1,0,-1
2020031013319,2020,031013319,1,9,0,12,12,7,3,0,0,2,0,0,0,0,0,1,5,6,3,30,6,-1,-1,-1,-1,-1,-1,0,-1
2020010277664,2020,010277664,1,1,9,99,99,9,9,99,99,9,9,99,9,99,9,1,2,2,1,32,6,-1,-1,-1,-1,6,E01001566,0,-1
2020010275749,2020,010275749,1,1,9,99,99,9,9,99,99,1,9,99,9,99,2,1,6,6,3,-1,-1,-1,-1,-1,-1,-1,-1,0,-1
20201378S0276,2020,1378S0276,2,9,0,18,19,1,5,0,0,8,0,0,0,0,1,1,6,6,1,24,5,-1,-1,-1,-1,1,E01010620,0,-1
2020500934438,2020,500934438,1,9,0,17,19,5,1,0,0,0,1,10,1,0,1,1,6,6,1,59,9,-1,-1,-1,-1,7,E01020206,0,-1
2020140929632,2020,140929632,1,1,0,18,19,8,4,0,0,8,0,0,0,0,1,1,2,2,1,22,5,-1,-1,-1,-1,10,E01007932,0,-1
2020320635098,2020,320635098,2,1,0,18,19,6,4,0,0,4,0,0,0,0,1,1,6,6,1,52,8,-1,-1,-1,-1,10,E01026352,0,-1
2020461010658,2020,461010658,1,1,0,18,19,2,5,0,0,0,0,0,0,0,1,1,6,6,2,49,8,-1,-1,-1,-1,4,E01024377,0,-1
2020440090174,2020,440090174,1,1,0,18,19,6,2,5,5,0,0,0,0,0,0,1,2,2,1,40,7,-1,-1,-1,-1,5,E01017023,0,-1
2020430250485,2020,430250485,1,20,0,18,19,3,7,0,0,8,0,0,1,1,1,1,6,6,1,25,5,-1,-1,-1,-1,5,E01032733,0,-1
2020552100159,2020,552100159,1,9,0,18,19,5,1,0,0,0,0,0,0,0,0,1,6,6,3,-1,-1,-1,-1,-1,-1,-1,-1,0,-1
2020010280055,2020,010280055,2,9,9,99,99,9,9,99,99,0,9,99,9,99,1,9,6,6,3,30,6,-1,-1,-1,-1,-1,-1,0,-1
2020010231882,2020,010231882,2,98,1,99,99,9,9,99,99,0,9,99,9,99,1,9,6,6,3,-1,-1,-1,-1,-1,-1,-1,-1,0,-1
2020010263069,2020,010263069,2,-1,0,18,19,7,3,0,0,4,0,0,0,0,3,1,6,6,1,18,4,-1,-1,-1,-1,5,E01003480,1,-1
202031C137920,2020,31C137920,2,1,0,18,19,4,8,0,0,8,0,0,0,0,1,1,6,6,2,18,4,-1,-1,-1,-1,5,E01013840,0,-1
2020122000395,2020,122000395,1,9,0,18,19,4,8,0,0,0,2,0,7,11,3,1,6,6,1,18,4,-1,-1,-1,-1,7,E01027571,0,-1
202054A401220,2020,54A401220,2,1,0,18,19,1,5,0,0,2,0,0,7,0,1,1,2,2,2,19,4,-1,-1,-1,-1,6,E01032691,0,-1
202006E275689,2020,06E275689,1,1,0,18,19,8,4,0,0,8,0,0,0,0,4,1,6,6,1,25,5,-1,-1,-1,-1,1,E01005063,0,-1
2020100978687,2020,100978687,2,9,0,18,19,2,6,0,0,1,0,0,0,0,4,1,5,6,1,58,9,-1,-1,-1,-1,9,E01008617,0,-1
2020010282953,2020,010282953,1,9,0,99,99,9,9,99,99,9,9,99,9,99,9,9,6,6,3,-1,-1,-1,-1,-1,-1,-1,-1,0,-1
2020440429625,2020,440429625,1,9,0,18,19,1,5,0,0,0,0,0,0,0,3,1,1,1,1,47,8,-1,-1,-1,-1,5,E01015393,0,-1
2020010257481,2020,010257481,1,1,9,99,99,9,9,99,99,0,9,99,9,99,9,1,6,6,2,37,7,-1,-1,-1,-1,2,E01003132,0,-1
2020470955629,2020,470955629,2,1,0,9,9,2,1,0,0,5,0,0,7,9,2,1,2,2,1,55,8,-1,-1,-1,-1,7,E01021029,0,-1
2020010268025,2020,010268025,1,1,0,7,7,5,6,0,0,0,0,4,0,0,3,1,6,6,1,15,3,-1,-1,-1,-1,4,E01001148,0,-1
2020161001363,2020,161001363,1,9,0,15,15,6,2,0,0,0,0,0,0,0,4,1,6,6,2,-1,-1,-1,-1,-1,-1,-1,-1,0,-1
2020522002020,2020,522002020,2,1,0,9,9,2,1,0,0,6,0,0,0,0,1,1,6,6,2,37,7,-1,-1,-1,-1,3,E01014684,0,-1