collision_index,collision_year,collision_ref_no,vehicle_reference,vehicle_type,towing_and_articulation,vehicle_manoeuvre_historic,vehicle_manoeuvre,vehicle_direction_from,vehicle_direction_to,vehicle_location_restricted_lane_historic,vehicle_location_restricted_lane,junction_location,skidding_and_overturning,hit_object_in_carriageway,vehicle_leaving_carriageway,hit_object_off_carriageway,first_point_of_impact,vehicle_left_hand_drive,journey_purpose_of_driver_historic,journey_purpose_of_driver,sex_of_driver,age_of_driver,age_band_of_driver,engine_capacity_cc,propulsion_code,age_of_vehicle,generic_make_model,driver_imd_decile,lsoa_of_driver,escooter_flag,driver_distance_banding
2020010266915,2020,010266915,2,19,0,99,99,9,9,99,99,9,9,99,9,99,0,9,6,6,3,34,6,-1,-1,-1,-1,6,E01002170,0,-1
2020500985591,2020,500985591,2,1,0,3,3,5,1,0,0,0,0,0,0,0,1,1,6,6,1,44,7,-1,-1,-1,-1,8,E01020171,0,-1
2020010277465,2020,010277465,1,1,0,18,19,6,2,0,0,1,0,0,0,0,3,1,6,6,2,16,4,-1,-1,-1,-1,2,E01000422,0,-1
2020010247695,2020,010247695,1,1,9,99,99,9,9,99,99,0,9,99,9,99,2,1,6,6,2,28,6,-1,-1,-1,-1,2,E01003093,0,-1
2020160954259,2020,160954259,2,1,0,7,7,1,4,0,0,3,0,0,0,0,4,1,6,6,2,37,7,-1,-1,-1,-1,1,E01013159,0,-1
2020520101059,2020,520101059,2,1,0,18,19,8,4,0,0,1,0,0,0,0,1,1,6,6,1,16,4,-1,-1,-1,-1,4,E01029090,0,-1
2020070271574,2020,070271574,2,19,0,2,2,0,0,0,0,0,0,0,0,0,2,1,1,1,1,28,6,-1,-1,-1,-1,2,E01014356,0,-1
2020460959265,2020,460959265,2,21,1,18,19,3,7,0,0,4,0,0,0,0,3,1,6,6,1,28,6,-1,-1,-1,-1,-1,-1,0,-1
2020210979198,2020,210979198,3,1,0,18,19,5,2,0,0,0,0,0,0,0,1,1,6,6,1,54,8,-1,-1,-1,-1,1,E01010478,0,-1
2020332000482,2020,332000482,1,9,0,16,19,6,1,0,0,8,1,0,1,3,1,1,6,6,2,46,8,-1,-1,-1,-1,10,E01025614,0,-1
2020420966077,2020,420966077,2,9,0,2,2,0,0,0,0,0,0,0,0,0,1,1,6,6,3,-1,-1,-1,-1,-1,-1,-1,-1,0,-1
2020420925482,2020,420925482,1,97,0,18,19,3,7,0,0,1,0,0,0,0,1,1,6,6,3,20,4,-1,-1,-1,-1,-1,-1,0,-1
2020400951204,2020,400951204,2,1,0,18,19,2,3,0,0,4,0,0,0,0,3,1,6,6,1,41,7,-1,-1,-1,-1,10,E01017438,0,-1
2020332000823,2020,332000823,1,19,0,4,4,4,1,0,0,1,0,0,0,0,2,1,1,1,1,62,9,-1,-1,-1,-1,3,E01025753,0,-1
2020010229018,2020,010229018,2,1,0,14,14,7,3,4,4,1,0,0,0,0,1,-1,2,2,1,45,7,-1,-1,-1,-1,3,E01004571,0,-1
2020010279931,2020,010279931,1,11,0,18,19,1,5,0,0,9,0,0,0,0,0,1,1,1,1,60,9,-1,-1,-1,-1,5,E01003359,0,-1
2020052100010,2020,052100010,1,9,0,15,15,7,3,0,0,0,0,0,0,0,4,1,6,6,3,-1,-1,-1,-1,-1,-1,-1,-1,0,-1
2020450959360,2020,450959360,2,1,0,10,10,7,5,0,0,8,0,0,0,0,1,1,6,6,1,39,7,-1,-1,-1,-1,5,E01030980,0,-1
2020332000313,2020,332000313,1,9,0,9,9,7,5,0,0,5,0,10,1,0,1,1,6,6,2,18,4,-1,-1,-1,-1,7,E01025658,0,-1
2020400954738,2020,400954738,3,9,0,18,19,6,2,0,0,0,0,0,0,0,0,1,5,6,1,41,7,-1,-1,-1,-1,6,E01017623,0,-1
2020411013955,2020,411013955,2,1,0,18,19,5,1,9,9,0,0,0,0,0,4,1,6,6,1,53,8,-1,-1,-1,-1,7,E01023651,0,-1
2020552000668,2020,552000668,1,9,0,18,19,7,3,0,0,0,0,0,0,0,1,1,6,6,3,-1,-1,-1,-1,-1,-1,-1,-1,0,-1
202060Y169547,2020,60Y169547,1,98,0,5,5,1,5,0,0,2,0,0,0,0,4,1,1,1,1,51,8,-1,-1,-1,-1,-1,-1,0,-1
2020430237585,2020,430237585,2,1,0,18,19,7,3,0,0,0,0,0,0,0,2,1,6,6,1,38,7,-1,-1,-1,-1,-1,-1,0,-1
2020450985625,2020,450985625,1,1,0,7,7,1,3,0,0,3,0,0,0,0,2,1,5,6,1,57,9,-1,-1,-1,-1,8,E01032794,0,-1
2020302001279,2020,302001279,1,1,0,5,5,3,7,9,9,0,0,0,0,0,1,1,2,2,1,29,6,-1,-1,-1,-1,4,E01019504,0,-1
2020141000457,2020,141000457,2,1,0,17,19,1,5,0,0,8,0,0,0,0,1,1,5,6,1,34,6,-1,-1,-1,-1,10,E01007936,0,-1
2020040970954,2020,040970954,1,9,0,7,7,1,3,0,0,0,0,0,0,0,3,1,6,6,3,-1,-1,-1,-1,-1,-1,-1,-1,0,-1
2020010249465,2020,010249465,2,1,0,5,5,5,1,0,0,2,0,0,0,0,3,-1,6,6,1,28,6,-1,-1,-1,-1,3,E01033704,0,-1
2020332001229,2020,332001229,1,9,0,18,19,4,8,0,0,0,0,0,0,0,0,1,6,6,2,54,8,-1,-1,-1,-1,-1,-1,0,-1
2020010230219,2020,010230219,1,9,0,18,19,-1,-1,0,0,8,0,0,0,0,1,1,6,6,3,-1,-1,-1,-1,-1,-1,-1,-1,0,-1
202006K378973,2020,06K378973,2,9,0,18,19,5,8,0,0,8,0,0,0,0,1,1,6,6,1,32,6,-1,-1,-1,-1,5,E01004785,0,-1
2020200934813,2020,200934813,2,9,0,18,19,2,6,0,0,8,0,0,0,0,4,1,2,2,2,31,6,-1,-1,-1,-1,9,E01029641,0,-1
2020990977929,2020,990977929,3,9,0,2,2,0,0,0,0,0,1,4,0,0,2,1,6,6,3,-1,-1,-1,-1,-1,-1,-1,-1,0,-1
2020110968457,2020,110968457,1,9,0,9,9,3,7,0,0,2,1,0,0,0,0,1,5,6,1,17,4,-1,-1,-1,-1,-1,-1,0,-1
2020200947287,2020,200947287,1,9,0,16,19,3,6,0,0,2,1,10,8,11,1,1,6,6,1,24,5,-1,-1,-1,-1,6,E01013978,0,-1
2020010268910,2020,010268910,2,1,0,18,19,5,1,0,0,8,0,0,0,0,1,1,6,6,1,44,7,-1,-1,-1,-1,6,E01002360,0,-1
2020440261126,2020,440261126,2,1,0,15,15,6,2,0,0,8,0,0,0,0,1,1,2,2,2,43,7,-1,-1,-1,-1,8,E01022713,0,-1
202006M276950,2020,06M276950,2,1,0,18,19,8,4,0,0,1,0,0,0,0,2,1,6,6,1,30,6,-1,-1,-1,-1,9,E01006075,0,-1
2020010270828,2020,010270828,1,9,0,18,19,5,1,9,9,0,0,0,0,0,1,1,1,1,1,42,7,-1,-1,-1,-1,3,E01002405,0,-1
2020200966720,2020,200966720,3,9,0,2,2,0,0,0,0,2,0,0,0,0,3,1,6,6,1,-1,-1,-1,-1,-1,-1,-1,-1,0,-1
2020990917837,2020,990917837,3,9,0,2,2,0,0,0,0,0,0,0,0,0,1,1,6,6,3,-1,-1,-1,-1,-1,-1,-1,-1,0,-1
2020010250178,2020,010250178,2,1,0,15,15,1,5,0,0,8,0,0,0,0,1,1,6,6,2,26,6,-1,-1,-1,-1,6,E01001665,0,-1
2020160990515,2020,160990515,2,9,0,18,19,3,7,0,0,1,0,0,0,0,1,1,6,6,1,-1,-1,-1,-1,-1,-1,-1,-1,0,-1
2020400917776,2020,400917776,2,9,0,18,19,1,5,0,0,0,0,0,0,0,1,1,6,6,3,-1,-1,-1,-1,-1,-1,-1,-1,0,-1
2020201002059,2020,201002059,2,9,0,2,2,0,0,9,9,2,0,0,0,0,2,1,6,6,3,-1,-1,-1,-1,-1,-1,-1,-1,0,-1
2020010255532,2020,010255532,1,1,9,99,99,9,9,99,99,9,9,99,9,99,9,-1,2,2,1,19,4,-1,-1,-1,-1,3,E01003720,0,-1
2020010256667,2020,010256667,2,9,0,99,99,9,9,99,99,9,9,99,9,99,1,9,6,6,3,-1,-1,-1,-1,-1,-1,-1,-1,0,-1
202006K173253,2020,06K173253,1,9,0,18,19,4,8,0,0,1,0,0,0,0,1,1,6,6,3,-1,-1,-1,-1,-1,-1,-1,-1,0,-1
2020070194549,2020,070194549,2,2,0,18,19,6,2,0,0,8,0,0,0,0,1,1,6,6,1,17,4,-1,-1,-1,-1,2,E01018478,0,-1
2020010239587,2020,010239587,2,9,0,99,99,9,9,99,99,9,9,99,9,99,9,9,6,6,3,-1,-1,-1,-1,-1,-1,-1,-1,0,-1
2020010252621,2020,010252621,1,1,0,10,10,1,6,0,0,1,0,0,0,0,1,1,6,6,1,33,6,-1,-1,-1,-1,2,E01001775,0,-1
2020052002253,2020,052002253,2,1,0,18,19,5,1,0,0,8,0,0,0,0,1,1,2,2,1,36,7,-1,-1,-1,-1,1,E01006644,0,-1
2020140994076,2020,140994076,1,1,0,18,19,7,3,0,0,8,0,0,0,0,1,1,5,6,1,62,9,-1,-1,-1,-1,9,E01007825,0,-1
20201371F0888,2020,1371F0888,2,9,0,9,9,1,7,0,0,8,0,0,0,0,3,1,6,6,2,57,9,-1,-1,-1,-1,1,E01011321,0,-1
2020610042920,2020,610042920,1,9,0,4,4,8,4,0,0,0,0,0,0,0,2,1,1,1,1,50,8,-1,-1,-1,-1,-1,-1,0,-1
2020411001053,2020,411001053,2,9,0,18,19,1,5,0,0,1,0,0,0,0,1,1,6,6,3,-1,-1,-1,-1,-1,-1,-1,-1,0,-1
2020500973621,2020,500973621,2,9,0,17,19,5,1,0,0,1,0,0,0,0,4,1,6,6,2,42,7,-1,-1,-1,-1,9,E01020265,0,-1
2020010279225,2020,010279225,1,9,0,99,99,9,9,99,99,9,9,99,9,99,9,9,6,6,3,-1,-1,-1,-1,-1,-1,-1,-1,0,-1
2020430164276,2020,430164276,2,1,0,18,19,1,5,9,9,8,0,0,0,0,3,1,2,2,1,-1,-1,-1,-1,-1,-1,-1,-1,0,-1
202054C488020,2020,54C488020,1,9,0,13,13,2,6,0,0,0,0,0,1,0,3,1,6,6,1,67,10,-1,-1,-1,-1,8,E01015557,0,-1
2020440368048,2020,440368048,3,19,0,18,19,5,1,0,0,0,0,0,0,0,1,1,6,6,3,-1,-1,-1,-1,-1,-1,-1,-1,0,-1
2020440254251,2020,440254251,1,1,0,18,19,5,1,0,0,8,0,0,0,0,3,1,6,6,1,31,6,-1,-1,-1,-1,8,E01022667,0,-1
2020351012757,2020,351012757,1,9,0,5,5,7,3,0,0,6,0,0,0,0,1,1,1,1,1,51,8,-1,-1,-1,-1,2,E01018078,0,-1
202006G275488,2020,06G275488,2,1,0,18,19,1,5,9,9,8,0,0,0,0,1,1,4,7,1,13,3,-1,-1,-1,-1,1,E01006025,0,-1
2020030921670,2020,030921670,1,9,0,1,1,2,6,0,0,0,0,0,0,0,2,1,6,6,3,-1,-1,-1,-1,-1,-1,-1,-1,0,-1
202063A030520,2020,63A030520,2,1,0,18,19,6,2,0,0,8,0,0,0,0,3,1,6,6,2,17,4,-1,-1,-1,-1,6,W01000645,0,-1
2020140921353,2020,140921353,3,9,0,18,19,2,6,0,0,0,0,0,0,0,4,1,1,1,1,57,9,-1,-1,-1,-1,6,E01007421,0,-1
2020010245865,2020,010245865,2,1,0,9,9,5,2,0,0,4,0,0,0,0,1,-1,6,6,1,45,7,-1,-1,-1,-1,7,E01004629,0,-1
202006K169684,2020,06K169684,1,9,0,5,5,8,4,0,0,2,0,0,0,0,3,1,6,6,1,18,4,-1,-1,-1,-1,4,E01005217,0,-1
20201375E1349,2020,1375E1349,2,1,0,18,19,4,8,0,0,0,0,0,0,0,1,1,2,2,1,68,10,-1,-1,-1,-1,10,E01011196,0,-1
2020122001392,2020,122001392,1,19,0,18,19,1,5,0,0,1,0,0,0,0,0,1,6,6,3,-1,-1,-1,-1,-1,-1,-1,-1,0,-1
2020440222145,2020,440222145,1,1,0,9,9,5,3,0,0,8,0,0,0,0,3,1,6,6,1,23,5,-1,-1,-1,-1,-1,-1,0,-1
2020010284169,2020,010284169,2,9,0,99,99,9,9,0,0,0,0,0,0,0,1,1,6,6,3,-1,-1,-1,-1,-1,-1,-1,-1,0,-1
2020400931472,2020,400931472,1,9,0,18,19,-1,-1,0,0,1,0,0,0,0,1,1,6,6,3,-1,-1,-1,-1,-1,-1,-1,-1,0,-1
2020072000994,2020,072000994,3,1,0,18,19,5,1,0,0,0,0,0,0,0,4,1,1,1,1,40,7,-1,-1,-1,-1,-1,-1,0,-1
2020010269432,2020,010269432,2,1,0,17,19,7,3,0,0,0,0,0,0,0,3,1,6,6,1,15,3,-1,-1,-1,-1,-1,-1,0,-1
2020332001158,2020,332001158,1,9,0,18,19,3,7,0,0,0,0,0,0,0,0,1,6,6,2,31,6,-1,-1,-1,-1,-1,-1,0,-1
2020610047320,2020,610047320,2,1,0,18,19,5,1,0,0,1,0,0,0,0,1,1,4,7,1,16,4,-1,-1,-1,-1,8,W01001608,0,-1
2020070414748,2020,070414748,1,9,0,5,5,1,6,0,0,1,0,0,0,0,3,2,6,6,1,28,6,-1,-1,-1,-1,-1,-1,0,-1
2020990960967,2020,990960967,2,9,0,2,2,0,0,0,0,0,0,0,0,0,1,1,6,6,3,-1,-1,-1,-1,-1,-1,-1,-1,0,-1
2020450996022,2020,450996022,2,1,0,18,19,7,3,0,0,0,0,0,1,0,2,1,5,6,1,52,8,-1,-1,-1,-1,5,E01030786,0,-1
2020052001317,2020,052001317,1,9,0,3,3,2,6,0,0,0,0,0,0,0,4,1,6,6,3,-1,-1,-1,-1,-1,-1,-1,-1,0,-1
2020010234661,2020,010234661,2,1,0,18,19,6,2,0,0,1,0,0,0,0,1,-1,2,2,1,28,6,-1,-1,-1,-1,4,E01001148,0,-1
202006P178060,2020,06P178060,2,9,0,18,19,3,7,0,0,1,0,0,0,0,1,1,6,6,3,-1,-1,-1,-1,-1,-1,-1,-1,0,-1
2020552001118,2020,552001118,2,1,0,18,19,8,4,0,0,8,0,0,0,0,2,1,2,2,2,35,6,-1,-1,-1,-1,5,E01020589,0,-1
202031C175420,2020,31C175420,3,9,0,2,2,0,0,0,0,1,0,0,0,0,1,1,6,6,3,-1,-1,-1,-1,-1,-1,-1,-1,0,-1
2020040923204,2020,040923204,2,1,0,18,19,1,5,0,0,8,0,0,0,0,0,1,6,6,2,46,8,-1,-1,-1,-1,1,E01025082,0,-1
2020332000053,2020,332000053,1,9,0,4,4,2,6,0,0,0,0,0,1,9,2,1,6,6,1,30,6,-1,-1,-1,-1,5,E01025673,0,-1
2020010248280,2020,010248280,1,-1,0,18,19,7,3,0,0,2,0,0,0,0,0,1,6,6,1,30,6,-1,-1,-1,-1,4,E01004049,1,-1
2020010270248,2020,010270248,1,1,0,18,19,7,3,4,4,1,0,0,0,0,1,1,2,2,1,40,7,-1,-1,-1,-1,1,E01001358,0,-1
2020440359337,2020,440359337,1,9,0,13,13,6,2,0,0,8,0,0,7,0,3,1,2,2,1,20,4,-1,-1,-1,-1,5,E01022539,0,-1
2020440428011,2020,440428011,2,1,0,15,15,1,5,4,4,0,0,0,0,0,3,1,1,1,1,46,8,-1,-1,-1,-1,6,E01022669,0,-1
2020200930990,2020,200930990,2,1,0,18,19,3,7,0,0,8,0,0,0,0,1,1,6,6,1,49,8,-1,-1,-1,-1,2,E01010564,0,-1
202031A080320,2020,31A080320,2,9,0,18,19,6,2,0,0,2,0,0,0,0,1,1,6,6,2,-1,-1,-1,-1,-1,-1,9,E01028222,0,-1
2020160985358,2020,160985358,2,1,0,18,19,6,2,0,0,1,0,0,0,0,1,1,5,6,1,44,7,-1,-1,-1,-1,3,E01012992,0,-1
2020470988701,2020,470988701,2,90,0,2,2,0,0,0,0,2,0,0,0,0,2,1,6,6,3,-1,-1,-1,-1,-1,-1,-1,-1,0,-1
2020332000438,2020,332000438,2,9,0,18,19,8,4,0,0,0,0,0,0,0,1,1,2,2,1,53,8,-1,-1,-1,-1,9,E01025901,0,-1
2020141001066,2020,141001066,1,9,0,-1,-1,-1,-1,-1,-1,-1,-1,-1,-1,0,-1,1,6,6,3,-1,-1,-1,-1,-1,-1,-1,-1,0,-1
2020470979505,2020,470979505,2,16,0,3,3,2,6,0,0,0,0,0,0,0,2,1,6,6,2,25,5,-1,-1,-1,-1,10,E01031682,0,-1
2020420965486,2020,420965486,1,1,0,18,19,3,7,0,0,1,5,0,0,0,3,1,2,2,1,49,8,-1,-1,-1,-1,4,E01021265,0,-1
2020440160421,2020,440160421,1,19,0,18,19,3,8,0,0,1,0,0,1,3,1,1,2,2,1,30,6,-1,-1,-1,-1,8,E01032841,0,-1
202006N569768,2020,06N569768,2,4,0,13,13,8,4,0,0,8,0,0,0,0,1,1,6,6,1,22,5,-1,-1,-1,-1,6,E01004973,0,-1
2020332000565,2020,332000565,2,9,0,18,19,7,3,0,0,3,0,0,0,0,2,1,2,2,2,52,8,-1,-1,-1,-1,5,E01031169,0,-1
2020052001697,2020,052001697,1,9,0,1,1,7,3,0,0,1,0,0,0,0,2,1,6,6,3,-1,-1,-1,-1,-1,-1,-1,-1,0,-1
2020522004645,2020,522004645,1,1,0,18,19,5,1,0,0,8,0,0,0,0,1,1,6,6,1,24,5,-1,-1,-1,-1,3,E01033355,0,-1
2020501013514,2020,501013514,4,9,0,18,19,5,1,0,0,0,0,0,0,0,3,1,2,2,1,29,6,-1,-1,-1,-1,3,E01029093,0,-1
2020010249641,2020,010249641,1,1,9,99,99,9,9,99,99,9,9,99,9,99,1,1,2,2,1,55,8,-1,-1,-1,-1,3,E01001981,0,-1
2020140982952,2020,140982952,2,98,0,18,19,8,4,0,0,0,0,0,0,0,2,2,6,6,3,-1,-1,-1,-1,-1,-1,-1,-1,0,-1
2020522002411,2020,522002411,2,9,0,18,19,5,1,0,0,1,0,0,0,0,4,1,6,6,3,30,6,-1,-1,-1,-1,-1,-1,0,-1
2020332001152,2020,332001152,1,9,0,18,19,3,7,0,0,0,0,0,0,0,0,1,6,6,3,-1,-1,-1,-1,-1,-1,-1,-1,0,-1
2020332000135,2020,332000135,2,1,0,18,19,3,7,9,9,8,0,0,0,0,1,1,3,7,1,14,3,-1,-1,-1,-1,6,E01025657,0,-1
2020010282276,2020,010282276,2,1,0,18,19,5,1,0,0,1,0,0,0,0,1,1,6,6,1,52,8,-1,-1,-1,-1,4,E01004414,0,-1
2020470996429,2020,470996429,3,19,0,2,2,0,0,0,0,0,0,0,0,0,4,1,6,6,3,-1,-1,-1,-1,-1,-1,-1,-1,0,-1
2020990976232,2020,990976232,2,1,0,18,19,2,6,0,0,1,0,0,0,0,1,1,2,2,2,37,7,-1,-1,-1,-1,9,-1,0,-1
2020440097801,2020,440097801,2,9,0,3,3,8,4,0,0,1,0,0,1,0,2,1,6,6,2,33,6,-1,-1,-1,-1,9,E01022547,0,-1
2020501001426,2020,501001426,2,1,0,18,19,5,1,0,0,1,0,0,0,0,1,1,5,6,1,42,7,-1,-1,-1,-1,9,E01019895,0,-1
2020070722022,2020,070722022,2,9,0,4,4,2,6,0,0,1,0,0,0,0,2,1,6,6,2,54,8,-1,-1,-1,-1,10,E01012563,0,-1
20201374P0477,2020,1374P0477,2,1,0,15,15,2,6,0,0,0,0,0,0,0,3,1,6,6,1,33,6,-1,-1,-1,-1,9,E01010953,0,-1
2020160997660,2020,160997660,1,9,0,18,19,4,8,0,0,0,0,0,0,0,1,1,6,6,2,-1,-1,-1,-1,-1,-1,-1,-1,0,-1
2020351003046,2020,351003046,2,1,0,18,19,5,1,0,0,0,0,0,4,0,1,1,1,1,1,27,6,-1,-1,-1,-1,1,E01015603,0,-1
20201379B0367,2020,1379B0367,2,1,0,9,9,7,3,0,0,2,0,0,0,0,3,1,1,1,1,21,5,-1,-1,-1,-1,1,E01010819,0,-1
2020010259427,2020,010259427,1,1,0,18,19,5,1,0,0,0,0,2,0,0,1,1,6,6,1,44,7,-1,-1,-1,-1,9,E01000382,0,-1
2020010249558,2020,010249558,2,1,0,18,19,3,7,0,0,1,0,0,0,0,1,1,6,6,1,25,5,-1,-1,-1,-1,2,E01004067,0,-1
2020320138342,2020,320138342,1,19,0,18,19,5,1,0,0,0,0,0,0,0,1,2,6,6,1,23,5,-1,-1,-1,-1,-1,-1,0,-1
2020010256432,2020,010256432,1,1,0,5,5,7,3,0,0,1,0,4,0,0,1,1,6,6,1,28,6,-1,-1,-1,-1,3,E01002806,0,-1
2020500975703,2020,500975703,2,1,0,18,19,5,1,0,0,1,0,0,0,0,2,1,5,6,2,53,8,-1,-1,-1,-1,7,E01014394,0,-1
202060Y182090,2020,60Y182090,1,9,0,18,19,4,8,0,0,1,0,4,0,0,1,1,6,6,2,22,5,-1,-1,-1,-1,-1,-1,0,-1
2020440184785,2020,440184785,1,8,0,18,19,4,8,0,0,8,0,0,0,0,4,1,1,1,1,35,6,-1,-1,-1,-1,1,E01017035,0,-1
2020010266755,2020,010266755,1,1,9,99,99,9,9,99,99,9,9,99,9,99,9,1,3,7,1,47,8,-1,-1,-1,-1,1,E01004399,0,-1
2020100946250,2020,100946250,2,9,0,18,19,5,1,0,0,0,0,0,0,0,4,1,6,6,3,-1,-1,-1,-1,-1,-1,-1,-1,0,-1
202060Y182884,2020,60Y182884,1,9,0,16,19,8,4,0,0,0,2,0,7,11,3,1,6,6,1,30,6,-1,-1,-1,-1,-1,-1,0,-1
2020440314833,2020,440314833,2,16,0,18,19,7,3,0,0,0,0,0,1,9,0,1,6,6,2,50,8,-1,-1,-1,-1,7,E01022597,0,-1
2020540482120,2020,540482120,1,9,0,4,4,5,1,0,0,6,0,0,0,0,0,1,1,1,1,30,6,-1,-1,-1,-1,8,E01020455,0,-1
2020010241394,2020,010241394,1,9,0,18,19,1,5,0,0,2,0,0,0,0,4,1,3,7,1,35,6,-1,-1,-1,-1,7,E01000362,0,-1
2020010238408,2020,010238408,2,3,9,99,99,9,9,0,0,1,9,99,9,99,1,1,6,6,1,40,7,-1,-1,-1,-1,4,E01001497,0,-1
20201375E1704,2020,1375E1704,3,9,0,12,12,5,1,0,0,0,0,0,0,0,1,1,6,6,3,-1,-1,-1,-1,-1,-1,-1,-1,0,-1
202031D022220,2020,31D022220,3,9,0,9,9,6,4,0,0,5,0,0,0,0,0,1,6,6,3,-1,-1,-1,-1,-1,-1,-1,-1,0,-1
202031C162020,2020,31C162020,1,1,0,18,19,7,3,9,9,8,0,0,0,0,1,1,6,6,1,31,6,-1,-1,-1,-1,1,E01013883,0,-1
2020122000569,2020,122000569,2,1,0,9,9,4,8,0,0,1,0,0,0,0,3,1,6,6,1,64,9,-1,-1,-1,-1,9,E01027567,0,-1
2020320023088,2020,320023088,1,9,0,18,19,7,3,0,0,0,0,0,0,0,1,1,6,6,3,-1,-1,-1,-1,-1,-1,-1,-1,0,-1
2020302000567,2020,302000567,2,9,0,18,19,8,4,9,9,0,0,0,1,0,1,1,6,6,3,-1,-1,-1,-1,-1,-1,5,E01019456,0,-1
2020360999748,2020,360999748,1,9,0,1,1,1,7,0,0,0,0,0,0,0,2,1,6,6,3,-1,-1,-1,-1,-1,-1,-1,-1,0,-1
2020530969229,2020,530969229,2,98,0,2,2,0,0,0,0,0,0,0,0,0,1,1,5,6,1,44,7,-1,-1,-1,-1,1,E01022289,0,-1
2020010250686,2020,010250686,1,3,0,18,19,6,2,0,0,6,0,0,0,0,1,1,6,6,3,-1,-1,-1,-1,-1,-1,-1,-1,0,-1
202060Y004718,2020,60Y004718,1,9,0,18,19,4,8,0,0,1,0,0,0,0,4,1,2,2,2,37,7,-1,-1,-1,-1,-1,-1,0,-1
2020140979067,2020,140979067,2,1,0,18,19,7,3,0,0,1,0,0,0,0,1,1,6,6,1,41,7,-1,-1,-1,-1,6,E01007981,0,-1
2020010245034,2020,010245034,2,9,0,18,19,9,9,0,0,1,9,0,0,99,1,9,6,6,2,-1,-1,-1,-1,-1,-1,-1,-1,0,-1
2020500964400,2020,500964400,1,9,0,17,19,2,6,0,0,0,1,0,7,0,1,1,1,1,1,19,4,-1,-1,-1,-1,6,E01018752,0,-1
2020440485069,2020,440485069,2,9,0,9,9,5,3,0,0,8,0,0,0,0,4,1,6,6,2,17,4,-1,-1,-1,-1,10,E01022846,0,-1
202060Y138580,2020,60Y138580,1,3,0,17,19,6,2,0,0,0,5,10,0,0,1,1,6,6,1,75,10,-1,-1,-1,-1,-1,-1,0,-1
2020990991652,2020,990991652,1,9,0,9,9,8,5,0,0,1,0,0,0,0,1,1,6,6,1,73,10,-1,-1,-1,-1,9,E01003466,0,-1
2020160996032,2020,160996032,1,9,0,18,19,4,8,0,0,0,0,11,0,0,2,1,2,2,1,33,6,-1,-1,-1,-1,7,E01027990,0,-1
2020010275696,2020,010275696,1,3,0,18,19,5,1,0,0,8,0,0,0,0,1,1,1,1,1,18,4,-1,-1,-1,-1,6,E01000566,0,-1
2020140950023,2020,140950023,3,9,0,2,2,0,0,9,9,1,0,0,0,0,1,1,6,6,3,-1,-1,-1,-1,-1,-1,-1,-1,0,-1
202054C411820,2020,54C411820,1,1,0,18,19,1,5,0,0,0,0,0,0,0,1,1,6,6,1,32,6,-1,-1,-1,-1,5,E01015479,0,-1
2020530958240,2020,530958240,2,1,0,18,19,1,5,0,0,1,0,0,0,0,3,1,6,6,1,64,9,-1,-1,-1,-1,6,E01022454,0,-1
2020170L20190,2020,170L20190,1,1,0,18,19,4,8,0,0,6,0,0,0,0,1,1,6,6,1,11,3,-1,-1,-1,-1,1,E01012175,0,-1
2020010251770,2020,010251770,1,9,0,99,99,9,9,99,99,9,9,99,9,99,1,9,6,6,3,-1,-1,-1,-1,-1,-1,-1,-1,0,-1
2020100982263,2020,100982263,1,9,0,5,5,5,1,0,0,1,0,0,0,0,1,1,6,6,1,50,8,-1,-1,-1,-1,-1,-1,0,-1
2020500975691,2020,500975691,1,97,0,18,19,4,8,0,0,0,0,0,0,0,1,1,6,6,3,-1,-1,-1,-1,-1,-1,-1,-1,0,-1
2020440230900,2020,440230900,2,1,0,18,19,7,4,0,0,8,0,0,0,0,0,1,6,6,2,72,10,-1,-1,-1,-1,6,E01023250,0,-1
2020332001114,2020,332001114,1,9,0,18,19,3,7,0,0,8,0,0,0,0,0,1,6,6,1,54,8,-1,-1,-1,-1,-1,-1,0,-1
2020010252000,2020,010252000,1,1,9,99,99,9,9,99,99,9,9,99,9,99,9,1,2,2,1,47,8,-1,-1,-1,-1,5,E01003945,0,-1
2020010270616,2020,010270616,2,9,0,18,19,7,3,0,0,8,9,0,0,0,9,9,6,6,3,-1,-1,-1,-1,-1,-1,3,E01001076,0,-1
2020450968764,2020,450968764,2,9,0,9,9,5,1,0,0,5,0,0,0,0,1,1,6,6,1,50,8,-1,-1,-1,-1,-1,-1,0,-1
2020010261498,2020,010261498,2,-1,0,18,19,3,7,0,0,1,2,0,0,0,4,1,6,6,1,19,4,-1,-1,-1,-1,-1,-1,1,-1
2020552000670,2020,552000670,1,1,0,18,19,8,4,0,0,8,0,0,0,0,1,1,2,2,1,45,7,-1,-1,-1,-1,5,E01020503,0,-1
2020332000616,2020,332000616,1,9,0,18,19,7,3,0,0,0,2,0,2,4,3,1,6,6,2,18,4,-1,-1,-1,-1,8,E01028035,0,-1
2020522001879,2020,522001879,2,1,0,18,19,1,6,0,0,0,0,0,0,0,2,1,6,6,2,57,9,-1,-1,-1,-1,3,E01014498,0,-1
2020332001218,2020,332001218,1,9,0,18,19,7,3,0,0,0,0,0,0,0,0,1,6,6,2,29,6,-1,-1,-1,-1,-1,-1,0,-1
2020160957770,2020,160957770,2,1,0,17,19,3,7,0,0,8,0,0,0,0,4,1,6,6,1,74,10,-1,-1,-1,-1,5,E01013048,0,-1
202031A125020,2020,31A125020,1,3,0,16,19,6,8,9,9,8,0,0,0,0,1,1,6,6,3,-1,-1,-1,-1,-1,-1,-1,-1,0,-1
202006A268025,2020,06A268025,2,1,0,18,19,1,5,0,0,8,0,0,0,0,1,1,2,2,1,48,8,-1,-1,-1,-1,8,E01012557,0,-1
202031B143320,2020,31B143320,1,19,0,18,19,4,8,0,0,1,0,0,0,0,1,1,6,6,3,-1,-1,-1,-1,-1,-1,-1,-1,0,-1
2020470970088,2020,470970088,2,9,0,18,19,5,1,0,0,0,0,0,0,0,0,1,6,6,3,-1,-1,-1,-1,-1,-1,-1,-1,0,-1
202063A049820,2020,63A049820,4,90,0,4,4,5,1,0,0,0,0,0,0,0,2,1,2,2,1,25,5,-1,-1,-1,-1,4,W01000760,0,-1
2020350983676,2020,350983676,2,1,0,18,19,7,3,0,0,0,0,0,0,0,1,1,1,1,2,28,6,-1,-1,-1,-1,8,E01018257,0,-1