collision_index,collision_year,collision_ref_no,vehicle_reference,vehicle_type,towing_and_articulation,vehicle_manoeuvre_historic,vehicle_manoeuvre,vehicle_direction_from,vehicle_direction_to,vehicle_location_restricted_lane_historic,vehicle_location_restricted_lane,junction_location,skidding_and_overturning,hit_object_in_carriageway,vehicle_leaving_carriageway,hit_object_off_carriageway,first_point_of_impact,vehicle_left_hand_drive,journey_purpose_of_driver_historic,journey_purpose_of_driver,sex_of_driver,age_of_driver,age_band_of_driver,engine_capacity_cc,propulsion_code,age_of_vehicle,generic_make_model,driver_imd_decile,lsoa_of_driver,escooter_flag,driver_distance_banding
2020052000135,2020,052000135,1,9,0,9,9,3,1,0,0,8,0,0,0,0,4,1,2,2,2,20,4,-1,-1,-1,-1,6,E01005018,0,-1
202063A082820,2020,63A082820,2,1,0,18,19,2,6,0,0,8,0,0,0,0,1,1,1,1,1,35,6,-1,-1,-1,-1,5,W01001925,0,-1
2020440359278,2020,440359278,2,9,0,9,9,7,5,0,0,8,0,0,0,0,1,1,6,6,1,-1,-1,-1,-1,-1,-1,-1,-1,0,-1
2020450967138,2020,450967138,1,98,0,12,12,3,7,0,0,8,0,0,0,0,1,2,1,1,1,36,7,-1,-1,-1,-1,-1,-1,0,-1
2020522100547,2020,522100547,1,9,0,4,4,3,7,0,0,8,0,0,0,0,1,1,6,6,2,27,6,-1,-1,-1,-1,8,E01022623,0,-1
2020010246429,2020,010246429,2,1,0,9,9,1,6,0,0,0,0,0,0,0,3,1,6,6,1,15,3,-1,-1,-1,-1,3,E01000245,0,-1
2020010259404,2020,010259404,2,9,0,18,19,1,5,0,0,8,0,0,0,0,1,1,6,6,2,-1,-1,-1,-1,-1,-1,-1,-1,0,-1
2020990935204,2020,990935204,1,1,0,17,19,6,2,9,9,0,1,0,0,0,1,1,6,6,1,44,7,-1,-1,-1,-1,5,-1,0,-1
2020010270331,2020,010270331,2,1,0,18,19,5,1,0,0,0,0,0,0,0,2,1,6,6,1,59,9,-1,-1,-1,-1,4,E01000534,0,-1
2020201020198,2020,201020198,2,-1,0,18,19,4,8,0,0,8,0,0,0,0,3,1,2,2,2,46,8,-1,-1,-1,-1,1,E01009360,1,-1
2020160981569,2020,160981569,2,1,0,18,19,7,3,4,4,1,0,0,0,0,1,1,6,6,1,20,4,-1,-1,-1,-1,2,E01012869,0,-1
2020332001105,2020,332001105,1,22,0,18,19,6,2,0,0,0,0,0,0,0,0,1,6,6,1,70,10,-1,-1,-1,-1,-1,-1,0,-1
2020100952095,2020,100952095,2,1,0,18,19,7,5,0,0,0,0,0,0,0,3,1,6,6,2,49,8,-1,-1,-1,-1,8,E01027425,0,-1
2020500941065,2020,500941065,2,9,0,17,19,6,2,0,0,0,0,0,0,0,3,1,5,6,1,33,6,-1,-1,-1,-1,4,E01018916,0,-1
2020500947151,2020,500947151,1,9,0,18,19,1,5,0,0,0,0,0,0,0,0,1,6,6,3,-1,-1,-1,-1,-1,-1,-1,-1,0,-1
2020101003595,2020,101003595,2,1,0,18,19,3,7,0,0,1,0,0,0,0,1,1,5,6,1,45,7,-1,-1,-1,-1,2,E01020727,0,-1
202006K370922,2020,06K370922,1,9,0,9,9,6,4,0,0,8,0,0,0,0,4,1,6,6,3,30,6,-1,-1,-1,-1,-1,-1,0,-1
2020440264462,2020,440264462,1,8,0,6,6,1,1,8,6,0,0,0,0,0,1,1,1,1,3,-1,-1,-1,-1,-1,-1,-1,-1,0,-1
202060Y119252,2020,60Y119252,1,5,0,18,19,5,1,0,0,1,1,0,0,0,1,1,6,6,1,61,9,-1,-1,-1,-1,-1,-1,0,-1
2020030981461,2020,030981461,2,1,0,18,19,6,3,0,0,0,0,0,0,0,2,1,6,6,1,15,3,-1,-1,-1,-1,8,E01019345,0,-1
2020052002393,2020,052002393,2,1,0,18,19,6,2,0,0,8,0,0,0,0,3,1,6,6,1,53,8,-1,-1,-1,-1,3,E01007180,0,-1
2020460946233,2020,460946233,2,1,0,18,19,1,5,0,0,0,0,0,0,0,0,1,5,6,1,28,6,-1,-1,-1,-1,4,E01000745,0,-1
2020010269281,2020,010269281,2,1,0,18,19,5,1,0,0,1,0,0,0,0,2,1,2,2,1,28,6,-1,-1,-1,-1,6,E01004029,0,-1
2020522004990,2020,522004990,2,9,0,18,19,1,5,0,0,0,0,0,0,0,1,1,6,6,3,30,6,-1,-1,-1,-1,-1,-1,0,-1
2020450963859,2020,450963859,2,1,0,18,19,1,5,0,0,1,0,0,0,0,0,1,6,6,1,24,5,-1,-1,-1,-1,1,E01004285,0,-1
2020010272395,2020,010272395,1,1,0,18,19,7,3,0,0,0,1,0,0,0,0,1,2,2,1,26,6,-1,-1,-1,-1,2,E01001820,0,-1
2020350988553,2020,350988553,2,1,0,18,19,3,7,0,0,0,-1,0,0,0,3,1,6,6,2,21,5,-1,-1,-1,-1,1,E01015607,0,-1
2020010254278,2020,010254278,2,1,0,18,19,5,1,0,0,1,5,0,0,0,3,1,1,1,1,50,8,-1,-1,-1,-1,4,E01000746,0,-1
2020070222024,2020,070222024,2,1,0,18,19,2,6,0,0,0,0,0,0,0,1,1,6,6,2,46,8,-1,-1,-1,-1,10,E01018589,0,-1
2020200935960,2020,200935960,1,9,0,18,19,3,7,0,0,0,0,10,1,0,1,1,6,6,3,-1,-1,-1,-1,-1,-1,-1,-1,0,-1
2020430164292,2020,430164292,2,1,0,18,19,4,8,0,0,8,0,0,0,0,1,1,6,6,1,56,9,-1,-1,-1,-1,6,E01016588,0,-1
2020170M11780,2020,170M11780,2,9,0,18,19,8,5,0,0,8,0,0,0,0,1,1,1,1,1,44,7,-1,-1,-1,-1,6,E01012012,0,-1
202006F176579,2020,06F176579,1,3,0,18,19,5,1,0,0,1,0,0,0,0,1,1,6,6,1,22,5,-1,-1,-1,-1,1,E01006698,0,-1
2020122000711,2020,122000711,1,1,0,18,19,3,7,0,0,0,1,0,0,0,0,1,6,6,1,51,8,-1,-1,-1,-1,8,E01013190,0,-1
2020440396298,2020,440396298,1,2,0,18,19,8,6,0,0,8,1,0,0,0,4,1,6,6,2,21,5,-1,-1,-1,-1,9,E01022971,0,-1
202060Y185985,2020,60Y185985,1,9,0,9,9,4,2,0,0,2,0,0,0,0,1,1,6,6,1,31,6,-1,-1,-1,-1,-1,-1,0,-1
202006E378512,2020,06E378512,1,9,0,18,19,4,8,0,0,1,0,0,0,0,3,1,6,6,3,-1,-1,-1,-1,-1,-1,-1,-1,0,-1
2020010255939,2020,010255939,2,1,0,5,5,1,5,0,0,4,0,0,0,0,0,1,6,6,1,42,7,-1,-1,-1,-1,2,E01001332,0,-1
2020040936819,2020,040936819,3,9,0,18,19,5,1,0,0,1,0,0,0,0,0,1,6,6,3,-1,-1,-1,-1,-1,-1,-1,-1,0,-1
2020420963993,2020,420963993,1,9,0,9,9,7,5,0,0,8,0,0,0,0,4,1,1,1,1,63,9,-1,-1,-1,-1,5,E01021854,0,-1
2020160987511,2020,160987511,2,16,0,18,19,6,2,0,0,0,0,0,0,0,0,1,6,6,2,19,4,-1,-1,-1,-1,7,E01013039,0,-1
2020991010313,2020,991010313,1,20,0,16,19,1,5,0,0,0,0,0,0,0,1,1,2,2,1,20,4,-1,-1,-1,-1,6,-1,0,-1
2020010261348,2020,010261348,2,1,0,5,5,1,5,0,0,8,2,0,0,0,2,1,6,6,1,30,6,-1,-1,-1,-1,4,E01004016,0,-1
2020420938614,2020,420938614,1,20,0,18,19,1,5,0,0,0,0,0,0,0,4,1,1,1,1,50,8,-1,-1,-1,-1,-1,-1,0,-1
2020010247524,2020,010247524,2,1,0,18,19,3,7,0,0,1,0,0,0,0,3,1,6,6,1,21,5,-1,-1,-1,-1,6,E01023564,0,-1
2020201011885,2020,201011885,2,98,1,3,3,4,8,0,0,0,0,0,0,0,2,1,1,1,1,55,8,-1,-1,-1,-1,-1,-1,0,-1
2020200949859,2020,200949859,2,9,0,5,5,2,6,0,0,1,0,0,0,0,2,1,6,6,1,50,8,-1,-1,-1,-1,7,E01009070,0,-1
2020010265759,2020,010265759,2,9,9,99,99,9,9,99,99,9,9,99,9,99,1,1,6,6,3,-1,-1,-1,-1,-1,-1,-1,-1,0,-1
2020010246973,2020,010246973,2,1,0,18,19,7,3,0,0,1,0,0,0,0,4,1,2,2,1,40,7,-1,-1,-1,-1,4,E01001247,0,-1
2020420927269,2020,420927269,2,9,0,2,2,0,0,0,0,0,0,0,2,0,1,1,6,6,3,-1,-1,-1,-1,-1,-1,-1,-1,0,-1
2020052000632,2020,052000632,1,1,0,18,19,5,1,0,0,1,0,0,0,0,1,1,2,2,1,51,8,-1,-1,-1,-1,1,E01006756,0,-1
2020522101101,2020,522101101,1,9,0,18,19,5,1,0,0,8,0,0,0,0,1,1,6,6,1,27,6,-1,-1,-1,-1,1,W01001536,0,-1
2020430203279,2020,430203279,1,9,0,18,19,3,7,0,0,8,0,0,0,0,3,1,6,6,3,-1,-1,-1,-1,-1,-1,-1,-1,0,-1
20201371B1190,2020,1371B1190,1,9,0,9,9,4,2,0,0,8,0,0,0,0,1,1,6,6,1,78,11,-1,-1,-1,-1,7,E01011941,0,-1
2020552001124,2020,552001124,2,1,0,9,9,6,2,0,0,5,0,0,0,0,3,1,6,6,1,21,5,-1,-1,-1,-1,5,E01015374,0,-1
2020010247101,2020,010247101,2,10,0,3,3,6,2,0,0,1,0,0,0,0,1,1,6,6,1,34,6,-1,-1,-1,-1,3,E01002504,0,-1
2020040925852,2020,040925852,1,9,0,7,7,5,7,0,0,1,0,0,0,0,1,1,6,6,3,-1,-1,-1,-1,-1,-1,-1,-1,0,-1
2020040918212,2020,040918212,1,1,0,16,19,1,1,0,0,0,0,0,0,0,2,1,2,2,2,43,7,-1,-1,-1,-1,5,E01025459,0,-1
2020010273672,2020,010273672,2,9,9,18,19,1,5,0,0,0,0,0,0,0,9,9,6,6,3,-1,-1,-1,-1,-1,-1,-1,-1,0,-1
2020010279232,2020,010279232,1,1,9,99,99,9,9,99,99,0,9,99,9,99,9,1,2,2,3,38,7,-1,-1,-1,-1,3,E01000464,0,-1
2020010275505,2020,010275505,2,1,0,18,19,1,5,0,0,8,0,0,0,0,1,1,6,6,1,45,7,-1,-1,-1,-1,4,E01003231,0,-1
2020360938382,2020,360938382,1,9,0,13,13,-1,-1,0,0,0,0,0,0,0,4,1,6,6,3,-1,-1,-1,-1,-1,-1,-1,-1,0,-1
2020401001174,2020,401001174,2,98,0,4,4,3,7,0,0,0,0,0,0,0,2,1,1,1,1,36,7,-1,-1,-1,-1,3,E01016474,0,-1
2020332000760,2020,332000760,2,9,0,18,19,8,4,0,0,8,0,0,0,0,1,1,6,6,2,55,8,-1,-1,-1,-1,7,E01013794,0,-1
2020010250428,2020,010250428,2,3,0,18,19,7,3,0,0,1,0,0,0,0,1,1,6,6,1,27,6,-1,-1,-1,-1,3,E01033583,0,-1
2020200979597,2020,200979597,2,9,0,2,2,0,0,9,9,0,0,0,0,0,4,1,6,6,1,27,6,-1,-1,-1,-1,3,E01009587,0,-1
2020500953438,2020,500953438,1,19,0,18,19,1,5,0,0,0,0,0,0,0,0,1,6,6,3,-1,-1,-1,-1,-1,-1,-1,-1,0,-1
2020530995590,2020,530995590,2,9,0,17,19,3,7,0,0,8,0,0,0,0,1,1,1,1,1,50,8,-1,-1,-1,-1,8,E01032938,0,-1
2020332000810,2020,332000810,1,98,0,18,19,5,1,0,0,8,0,0,7,9,4,1,6,6,1,36,7,-1,-1,-1,-1,2,E01013781,0,-1
2020010272056,2020,010272056,2,9,0,9,9,5,3,0,0,1,0,0,0,0,3,1,6,6,3,-1,-1,-1,-1,-1,-1,-1,-1,0,-1
2020210956457,2020,210956457,1,90,0,7,7,2,2,9,9,0,0,0,1,0,4,1,6,6,3,-1,-1,-1,-1,-1,-1,-1,-1,0,-1
2020332000052,2020,332000052,1,9,0,18,19,2,7,0,0,8,0,0,0,0,1,1,6,6,1,40,7,-1,-1,-1,-1,7,E01031061,0,-1
2020460966450,2020,460966450,3,9,0,2,2,0,0,0,0,0,0,0,0,0,4,1,6,6,3,-1,-1,-1,-1,-1,-1,-1,-1,0,-1
2020100963832,2020,100963832,2,1,0,18,19,2,7,0,0,8,0,0,0,0,4,1,5,6,1,36,7,-1,-1,-1,-1,5,E01008431,0,-1
2020010235550,2020,010235550,1,19,0,18,19,7,3,0,0,5,0,0,0,0,1,1,6,6,1,34,6,-1,-1,-1,-1,4,E01003767,0,-1
2020010239474,2020,010239474,2,9,0,99,99,9,9,99,99,8,9,99,9,99,9,9,6,6,3,-1,-1,-1,-1,-1,-1,-1,-1,0,-1
2020137941395,2020,137941395,1,4,0,18,19,6,3,0,0,8,0,0,7,0,4,1,6,6,1,22,5,-1,-1,-1,-1,2,E01011740,0,-1
2020990995087,2020,990995087,2,1,0,18,19,3,7,0,0,8,0,0,0,0,4,1,2,2,1,48,8,-1,-1,-1,-1,9,-1,0,-1
2020430204081,2020,430204081,2,1,0,18,19,8,4,0,0,0,0,0,0,0,1,1,6,6,1,45,7,-1,-1,-1,-1,-1,-1,0,-1
2020460977106,2020,460977106,2,1,0,16,19,2,5,0,0,0,5,7,7,9,3,1,5,6,1,58,9,-1,-1,-1,-1,7,E01024521,0,-1
2020010256817,2020,010256817,1,11,0,4,4,7,3,0,0,1,0,0,0,0,0,1,1,1,1,40,7,-1,-1,-1,-1,4,E01000497,0,-1
2020030947498,2020,030947498,1,11,0,2,2,0,0,0,0,8,0,0,0,0,0,1,6,6,1,43,7,-1,-1,-1,-1,2,E01019159,0,-1
2020220969646,2020,220969646,3,1,0,18,19,2,6,0,0,1,0,0,1,0,2,1,5,6,2,28,6,-1,-1,-1,-1,5,E01028870,0,-1
2020340N06822,2020,340N06822,1,9,0,7,7,5,1,0,0,8,0,0,0,0,3,1,2,2,1,52,8,-1,-1,-1,-1,7,E01027182,0,-1
2020052002031,2020,052002031,2,1,0,18,19,1,5,0,0,6,0,0,0,0,3,1,4,7,1,15,3,-1,-1,-1,-1,3,E01006994,0,-1
2020010263516,2020,010263516,2,9,9,18,19,1,5,0,0,1,9,0,0,99,1,9,6,6,3,-1,-1,-1,-1,-1,-1,-1,-1,0,-1
2020200995333,2020,200995333,1,9,0,18,19,-1,-1,9,9,0,0,0,0,0,0,1,6,6,3,-1,-1,-1,-1,-1,-1,-1,-1,0,-1
2020010251993,2020,010251993,2,1,0,18,19,7,3,0,0,1,0,10,1,10,2,1,6,6,2,29,6,-1,-1,-1,-1,4,E01003023,0,-1
2020522004148,2020,522004148,2,1,0,14,14,8,4,4,4,0,0,0,0,0,4,1,6,6,1,28,6,-1,-1,-1,-1,4,E01014485,0,-1
20201376G0136,2020,1376G0136,2,9,0,1,1,4,8,1,1,0,0,0,0,0,2,1,6,6,2,44,7,-1,-1,-1,-1,-1,-1,0,-1
202060Y078552,2020,60Y078552,2,1,0,9,9,6,4,0,0,1,0,0,0,0,1,1,6,6,1,37,7,-1,-1,-1,-1,-1,-1,0,-1
2020010285114,2020,010285114,1,1,9,99,99,9,9,99,99,0,9,99,9,99,1,1,2,2,1,37,7,-1,-1,-1,-1,9,E01002994,0,-1
2020122001179,2020,122001179,1,9,0,18,19,4,1,0,0,8,0,0,0,0,4,1,6,6,3,-1,-1,-1,-1,-1,-1,-1,-1,0,-1
2020070286382,2020,070286382,1,9,0,5,5,8,4,0,0,1,0,0,0,0,1,2,6,6,2,40,7,-1,-1,-1,-1,-1,-1,0,-1
2020430116343,2020,430116343,2,1,0,18,19,6,2,0,0,8,0,0,0,0,4,1,6,6,1,38,7,-1,-1,-1,-1,2,E01033499,0,-1
2020210949670,2020,210949670,2,1,0,9,9,3,7,0,0,8,0,0,0,0,0,1,6,6,1,58,9,-1,-1,-1,-1,-1,-1,0,-1
2020552000896,2020,552000896,1,22,0,18,19,1,5,9,9,0,0,0,0,0,0,1,6,6,1,45,7,-1,-1,-1,-1,-1,-1,0,-1
20201371D1519,2020,1371D1519,1,9,0,18,19,2,6,0,0,0,0,0,0,0,1,1,6,6,3,-1,-1,-1,-1,-1,-1,-1,-1,0,-1
202006Q269272,2020,06Q269272,1,9,0,16,19,8,4,0,0,0,5,10,0,10,4,1,6,6,1,51,8,-1,-1,-1,-1,9,E01011186,0,-1
2020220947810,2020,220947810,2,1,0,7,7,5,8,0,0,3,0,0,0,0,2,1,5,6,1,46,8,-1,-1,-1,-1,7,E01032253,0,-1
2020100920461,2020,100920461,3,9,0,13,13,3,7,0,0,0,5,0,0,0,4,1,5,6,2,46,8,-1,-1,-1,-1,8,E01027497,0,-1
2020332000276,2020,332000276,2,1,0,18,19,4,8,0,0,0,0,0,0,0,3,1,6,6,1,55,8,-1,-1,-1,-1,9,E01025947,0,-1
2020010254083,2020,010254083,2,1,0,13,13,5,1,0,0,1,0,0,0,0,1,1,1,1,1,38,7,-1,-1,-1,-1,5,E01004520,0,-1
2020332000289,2020,332000289,1,3,0,18,19,6,2,0,0,2,1,0,0,0,1,1,6,6,1,26,6,-1,-1,-1,-1,1,E01013674,0,-1
2020302000658,2020,302000658,2,1,0,18,19,4,2,0,0,2,0,0,0,0,4,1,6,6,1,37,7,-1,-1,-1,-1,6,E01019465,0,-1
2020010256512,2020,010256512,3,1,0,18,19,5,1,0,0,8,9,0,0,0,9,1,6,6,3,-1,-1,-1,-1,-1,-1,3,E01001244,0,-1
2020470921283,2020,470921283,2,1,0,18,19,1,5,0,0,0,0,0,0,0,1,1,6,6,1,12,3,-1,-1,-1,-1,4,E01021131,0,-1
2020010266361,2020,010266361,2,1,0,18,19,1,5,0,0,8,0,0,0,0,1,1,6,6,1,20,4,-1,-1,-1,-1,-1,-1,0,-1
2020010279204,2020,010279204,2,9,0,99,99,9,9,99,99,9,9,99,9,99,3,9,6,6,3,-1,-1,-1,-1,-1,-1,-1,-1,0,-1
2020500946045,2020,500946045,1,9,0,5,5,6,2,0,0,1,0,0,0,0,1,1,6,6,3,-1,-1,-1,-1,-1,-1,-1,-1,0,-1
2020052002569,2020,052002569,2,1,0,18,19,3,7,0,0,1,0,0,0,0,1,1,6,6,1,29,6,-1,-1,-1,-1,1,E01006679,0,-1
2020990926870,2020,990926870,1,9,0,18,19,8,4,0,0,0,0,0,0,0,1,1,6,6,1,-1,-1,-1,-1,-1,-1,-1,-1,0,-1
202060Y176309,2020,60Y176309,1,9,0,18,19,2,4,0,0,8,0,0,0,0,3,1,6,6,1,40,7,-1,-1,-1,-1,-1,-1,0,-1
2020010254680,2020,010254680,2,1,0,18,19,3,7,0,0,1,0,0,0,0,1,1,1,1,1,40,7,-1,-1,-1,-1,5,E01002083,0,-1
2020010254772,2020,010254772,1,1,0,18,19,5,1,0,0,0,0,10,0,0,2,1,2,2,1,59,9,-1,-1,-1,-1,1,E01001427,0,-1
202060Y006046,2020,60Y006046,2,9,0,4,4,7,3,0,0,0,0,0,0,0,2,1,6,6,2,51,8,-1,-1,-1,-1,-1,-1,0,-1
202063D034520,2020,63D034520,2,1,0,17,19,7,4,0,0,8,0,0,0,0,1,1,6,6,2,58,9,-1,-1,-1,-1,6,W01000456,0,-1
2020430336094,2020,430336094,2,20,1,18,19,6,1,0,0,0,0,0,0,0,4,1,1,1,1,37,7,-1,-1,-1,-1,9,E01028619,0,-1
2020010285812,2020,010285812,2,9,0,18,19,7,3,0,0,0,0,0,0,0,0,1,6,6,3,-1,-1,-1,-1,-1,-1,-1,-1,0,-1
2020460955295,2020,460955295,1,1,0,4,4,8,5,0,0,0,5,0,0,0,1,1,5,6,2,39,7,-1,-1,-1,-1,10,E01024471,0,-1
2020137630347,2020,137630347,2,1,0,18,19,3,7,0,0,4,0,0,0,0,1,1,2,2,1,52,8,-1,-1,-1,-1,4,E01011757,0,-1
202060Y164430,2020,60Y164430,2,9,0,18,19,1,5,0,0,0,0,0,0,0,1,1,6,6,2,36,7,-1,-1,-1,-1,-1,-1,0,-1
2020201013566,2020,201013566,1,9,0,18,19,4,8,0,0,1,0,0,0,0,4,1,6,6,1,-1,-1,-1,-1,-1,-1,-1,-1,0,-1
2020210997236,2020,210997236,2,1,0,18,19,4,7,0,0,8,0,0,0,0,1,1,6,6,1,28,6,-1,-1,-1,-1,2,E01014293,0,-1
2020500946148,2020,500946148,2,19,0,4,4,7,5,0,0,1,0,0,0,0,1,1,6,6,1,56,9,-1,-1,-1,-1,6,E01020083,0,-1
2020440389408,2020,440389408,2,16,0,18,19,3,7,0,0,1,0,0,0,0,0,1,6,6,2,40,7,-1,-1,-1,-1,3,E01002564,0,-1
2020430043194,2020,430043194,2,9,0,18,19,1,5,0,0,0,0,0,0,0,1,1,6,6,1,-1,-1,-1,-1,-1,-1,-1,-1,0,-1
2020420983333,2020,420983333,4,9,0,4,4,7,7,0,0,0,0,0,0,0,2,1,6,6,1,54,8,-1,-1,-1,-1,4,E01022028,0,-1
2020010264145,2020,010264145,1,9,0,9,9,3,1,0,0,8,0,0,0,0,1,1,2,2,1,44,7,-1,-1,-1,-1,6,E01002129,0,-1
2020351005499,2020,351005499,2,1,0,18,19,4,8,0,0,1,0,0,0,0,2,1,1,1,1,23,5,-1,-1,-1,-1,8,E01018286,0,-1
2020040979784,2020,040979784,1,1,0,4,4,3,7,0,0,1,0,0,0,0,3,1,5,6,2,21,5,-1,-1,-1,-1,3,E01025269,0,-1
2020030954846,2020,030954846,2,98,0,18,19,1,5,0,0,1,0,0,0,0,1,1,1,1,1,-1,-1,-1,-1,-1,-1,-1,-1,0,-1
2020332000924,2020,332000924,1,9,0,18,19,8,4,0,0,0,1,0,1,1,1,1,6,6,1,21,5,-1,-1,-1,-1,3,E01015677,0,-1
2020361001153,2020,361001153,1,9,0,9,9,1,7,0,0,2,0,0,0,0,1,1,6,6,3,-1,-1,-1,-1,-1,-1,-1,-1,0,-1
2020140947442,2020,140947442,2,1,0,18,19,8,5,0,0,1,2,0,0,0,1,1,6,6,1,44,7,-1,-1,-1,-1,-1,-1,0,-1
2020430164358,2020,430164358,2,9,0,18,19,4,8,0,0,1,0,0,0,0,1,1,6,6,2,-1,-1,-1,-1,-1,-1,-1,-1,0,-1
2020010247792,2020,010247792,3,9,0,99,99,9,9,99,99,0,9,99,9,99,9,9,6,6,3,-1,-1,-1,-1,-1,-1,8,E01001617,0,-1
2020990982399,2020,990982399,2,1,0,5,5,1,5,0,0,0,0,0,0,0,2,1,2,2,1,33,6,-1,-1,-1,-1,6,-1,0,-1
2020320479911,2020,320479911,1,9,0,18,19,7,3,0,0,0,0,0,0,0,0,1,6,6,3,40,7,-1,-1,-1,-1,-1,-1,0,-1
2020010266681,2020,010266681,1,1,0,18,19,5,1,0,0,2,0,0,0,0,0,1,6,6,2,22,5,-1,-1,-1,-1,4,E01003118,0,-1
2020010248947,2020,010248947,2,1,0,18,19,2,6,0,0,0,0,0,0,0,2,1,6,6,1,46,8,-1,-1,-1,-1,10,E01004599,0,-1
2020421011531,2020,421011531,1,90,0,18,19,2,6,0,0,1,0,0,0,0,4,1,6,6,3,-1,-1,-1,-1,-1,-1,-1,-1,0,-1
2020052001377,2020,052001377,2,9,0,18,19,1,5,0,0,5,0,4,3,0,1,1,6,6,1,35,6,-1,-1,-1,-1,1,E01006873,0,-1
2020450974733,2020,450974733,2,1,0,18,19,1,5,0,0,1,2,0,0,0,3,1,6,6,1,26,6,-1,-1,-1,-1,10,E01030624,0,-1
2020211012285,2020,211012285,2,9,0,18,19,8,4,0,0,0,0,0,0,0,4,1,1,1,2,22,5,-1,-1,-1,-1,3,E01029725,0,-1
2020460977947,2020,460977947,1,22,0,18,19,1,5,9,9,1,0,0,0,0,1,1,5,6,2,64,9,-1,-1,-1,-1,6,E01024071,0,-1
2020520002892,2020,520002892,1,1,0,18,19,5,1,0,0,8,0,0,0,0,1,1,6,6,1,44,7,-1,-1,-1,-1,7,E01029130,0,-1
2020450934724,2020,450934724,2,1,0,18,19,1,1,0,0,0,0,10,0,0,3,1,6,6,1,16,4,-1,-1,-1,-1,6,E01030736,0,-1
2020471009991,2020,471009991,1,9,0,18,19,2,6,0,0,8,0,0,0,0,1,1,5,6,2,26,6,-1,-1,-1,-1,2,E01001181,0,-1
2020430283527,2020,430283527,1,9,0,1,1,8,4,0,0,0,0,0,0,0,2,1,6,6,1,74,10,-1,-1,-1,-1,-1,-1,0,-1
2020470940037,2020,470940037,2,9,0,2,2,0,0,0,0,2,0,0,0,0,3,1,6,6,3,-1,-1,-1,-1,-1,-1,-1,-1,0,-1
2020010257634,2020,010257634,4,1,0,18,19,3,7,4,4,8,0,4,7,10,2,1,1,1,1,24,5,-1,-1,-1,-1,4,E01000976,0,-1
2020010245251,2020,010245251,1,21,0,4,4,6,2,0,0,2,0,0,0,0,4,1,1,1,1,33,6,-1,-1,-1,-1,3,E01002085,0,-1
2020201020765,2020,201020765,3,9,0,3,3,2,6,0,0,0,0,0,0,0,0,1,6,6,3,-1,-1,-1,-1,-1,-1,-1,-1,0,-1
202006A171420,2020,06A171420,2,9,0,18,19,3,7,0,0,8,0,0,0,0,1,1,6,6,3,-1,-1,-1,-1,-1,-1,-1,-1,0,-1
202060Y006289,2020,60Y006289,2,9,0,18,19,1,5,0,0,0,0,0,0,0,3,1,6,6,1,56,9,-1,-1,-1,-1,-1,-1,0,-1
2020201004679,2020,201004679,1,9,0,18,19,3,7,0,0,1,0,0,0,0,1,1,6,6,1,-1,-1,-1,-1,-1,-1,-1,-1,0,-1
2020302001162,2020,302001162,2,1,0,18,19,4,1,0,0,8,0,0,0,0,4,1,6,6,1,52,8,-1,-1,-1,-1,8,E01019840,0,-1
2020552000540,2020,552000540,2,9,0,18,19,7,3,0,0,0,0,0,0,0,1,1,6,6,1,25,5,-1,-1,-1,-1,3,E01015442,0,-1
2020440112568,2020,440112568,1,9,0,9,9,3,7,0,0,8,0,0,0,0,1,1,6,6,2,31,6,-1,-1,-1,-1,9,E01030757,0,-1
2020070683143,2020,070683143,1,9,0,18,19,6,2,0,0,0,0,0,0,0,4,1,6,6,1,-1,-1,-1,-1,-1,-1,-1,-1,0,-1
2020010271157,2020,010271157,1,1,0,5,5,3,7,0,0,1,0,0,0,0,1,1,6,6,1,32,6,-1,-1,-1,-1,4,E01001140,0,-1
202031D029120,2020,31D029120,1,19,0,18,19,8,4,0,0,0,0,0,0,0,4,1,6,6,3,-1,-1,-1,-1,-1,-1,-1,-1,0,-1
2020440349639,2020,440349639,1,1,0,18,19,3,1,0,0,3,0,0,0,0,2,1,6,6,1,27,6,-1,-1,-1,-1,5,E01017097,0,-1
2020137BC0861,2020,137BC0861,2,1,0,17,19,6,2,0,0,1,0,0,0,0,1,1,2,2,1,15,3,-1,-1,-1,-1,2,E01011324,0,-1
2020010245703,2020,010245703,2,20,0,99,99,9,9,99,99,9,9,99,9,99,9,9,6,6,3,-1,-1,-1,-1,-1,-1,-1,-1,0,-1
2020430342787,2020,430342787,5,9,0,18,19,7,3,0,0,0,0,0,0,0,-1,1,6,6,1,33,6,-1,-1,-1,-1,8,E01024779,0,-1
2020990963856,2020,990963856,2,1,0,9,9,5,3,0,0,8,5,0,0,0,2,1,6,6,2,33,6,-1,-1,-1,-1,5,-1,0,-1
2020332000290,2020,332000290,2,3,0,18,19,5,1,0,0,0,0,0,0,0,1,1,1,1,1,33,6,-1,-1,-1,-1,2,E01013781,0,-1
2020140970452,2020,140970452,2,9,0,2,2,0,0,9,9,0,5,0,0,0,1,1,6,6,3,-1,-1,-1,-1,-1,-1,-1,-1,0,-1
202063A002820,2020,63A002820,1,9,0,18,19,3,6,0,0,1,0,0,0,0,1,1,6,6,1,83,11,-1,-1,-1,-1,6,W01000700,0,-1
2020160988107,2020,160988107,3,9,0,3,3,1,5,0,0,0,0,0,0,0,2,1,6,6,1,-1,-1,-1,-1,-1,-1,-1,-1,0,-1
2020137A51334,2020,137A51334,1,9,0,18,19,1,5,0,0,8,0,0,0,0,3,1,1,1,1,57,9,-1,-1,-1,-1,6,E01007424,0,-1
2020010264615,2020,010264615,1,1,9,99,99,9,9,99,99,9,9,99,9,99,2,1,6,6,2,46,8,-1,-1,-1,-1,5,E01033732,0,-1
202006N278181,2020,06N278181,2,9,0,18,19,2,6,0,0,8,0,0,0,0,4,1,6,6,1,80,11,-1,-1,-1,-1,5,E01005687,0,-1
2020010260606,2020,010260606,2,9,0,99,99,9,9,99,99,9,9,99,9,99,9,9,6,6,3,-1,-1,-1,-1,-1,-1,-1,-1,0,-1
2020100974577,2020,100974577,1,1,0,15,15,5,1,0,0,0,0,0,0,0,2,1,5,6,1,14,3,-1,-1,-1,-1,1,E01008303,0,-1
2020302001497,2020,302001497,2,1,0,9,9,2,8,0,0,8,0,0,0,0,4,1,6,6,1,26,6,-1,-1,-1,-1,-1,-1,0,-1