collision_index,collision_year,collision_ref_no,vehicle_reference,vehicle_type,towing_and_articulation,vehicle_manoeuvre_historic,vehicle_manoeuvre,vehicle_direction_from,vehicle_direction_to,vehicle_location_restricted_lane_historic,vehicle_location_restricted_lane,junction_location,skidding_and_overturning,hit_object_in_carriageway,vehicle_leaving_carriageway,hit_object_off_carriageway,first_point_of_impact,vehicle_left_hand_drive,journey_purpose_of_driver_historic,journey_purpose_of_driver,sex_of_driver,age_of_driver,age_band_of_driver,engine_capacity_cc,propulsion_code,age_of_vehicle,generic_make_model,driver_imd_decile,lsoa_of_driver,escooter_flag,driver_distance_banding
2020430157928,2020,430157928,1,9,0,18,19,1,6,0,0,4,0,0,0,0,3,1,1,1,1,72,10,-1,-1,-1,-1,10,E01028791,0,-1
2020460983626,2020,460983626,1,9,0,18,19,1,6,0,0,0,0,0,0,0,1,1,6,6,3,-1,-1,-1,-1,-1,-1,-1,-1,0,-1
2020160924215,2020,160924215,1,9,0,18,19,6,2,0,0,0,5,7,0,0,1,1,6,6,1,34,6,-1,-1,-1,-1,8,E01013149,0,-1
202060Y033758,2020,60Y033758,2,9,0,16,19,3,6,0,0,0,1,0,0,0,1,1,1,1,1,54,8,-1,-1,-1,-1,-1,-1,0,-1
2020421006803,2020,421006803,2,1,0,18,19,7,3,0,0,1,0,0,0,0,4,1,6,6,2,50,8,-1,-1,-1,-1,10,E01015830,0,-1
2020990917954,2020,990917954,2,9,0,18,19,8,4,0,0,0,1,0,0,0,1,1,1,1,1,56,9,-1,-1,-1,-1,8,-1,0,-1
2020370938016,2020,370938016,2,9,0,4,4,5,1,0,0,2,0,0,0,0,2,1,5,6,2,50,8,-1,-1,-1,-1,7,E01029873,0,-1
2020010246945,2020,010246945,1,1,9,99,99,9,9,99,99,0,9,99,9,99,9,1,2,2,1,50,8,-1,-1,-1,-1,5,E01003134,0,-1
2020522004345,2020,522004345,1,1,0,18,19,8,4,5,5,1,0,0,0,0,1,1,6,6,1,60,9,-1,-1,-1,-1,7,E01014649,0,-1
2020010246019,2020,010246019,2,1,0,18,19,6,2,0,0,6,0,0,0,0,1,1,6,6,1,38,7,-1,-1,-1,-1,-1,-1,0,-1
2020160917524,2020,160917524,1,9,0,13,13,3,7,0,0,0,1,0,7,11,1,1,5,6,1,22,5,-1,-1,-1,-1,1,E01013218,0,-1
2020170M11890,2020,170M11890,3,9,0,18,19,1,5,0,0,0,0,0,0,0,2,1,6,6,1,47,8,-1,-1,-1,-1,-1,-1,0,-1
2020010258038,2020,010258038,2,1,0,18,19,3,7,0,0,1,0,0,0,0,3,1,6,6,1,44,7,-1,-1,-1,-1,6,E01001245,0,-1
2020010282046,2020,010282046,2,1,0,18,19,7,3,0,0,1,0,0,0,0,1,1,6,6,2,24,5,-1,-1,-1,-1,4,E01003076,0,-1
2020010271460,2020,010271460,1,1,9,99,99,9,9,99,99,9,9,99,9,99,1,1,2,2,1,34,6,-1,-1,-1,-1,5,E01003411,0,-1
2020990999614,2020,990999614,3,9,0,18,19,7,2,0,0,0,0,0,0,0,0,1,6,6,3,30,6,-1,-1,-1,-1,-1,-1,0,-1
2020040974344,2020,040974344,2,9,0,2,2,1,5,0,0,0,0,0,0,0,1,1,6,6,3,-1,-1,-1,-1,-1,-1,-1,-1,0,-1
2020500997439,2020,500997439,2,9,0,4,4,7,3,0,0,0,1,0,0,0,1,1,1,1,1,37,7,-1,-1,-1,-1,5,E01018981,0,-1
2020420964478,2020,420964478,1,9,0,5,5,5,2,0,0,0,0,0,0,0,1,1,6,6,2,-1,-1,-1,-1,-1,-1,-1,-1,0,-1
2020500948353,2020,500948353,2,1,0,18,19,4,8,0,0,8,0,0,0,0,1,1,5,6,2,18,4,-1,-1,-1,-1,7,E01018806,0,-1
2020302000322,2020,302000322,6,20,0,13,13,7,2,0,0,0,0,0,0,0,2,1,6,6,3,-1,-1,-1,-1,-1,-1,5,E01019456,0,-1
2020470985089,2020,470985089,1,1,0,7,7,1,4,0,0,6,0,0,0,0,1,1,6,6,1,13,3,-1,-1,-1,-1,5,E01031370,0,-1
2020610032820,2020,610032820,2,1,0,5,5,7,3,0,0,1,0,0,0,0,0,1,6,6,2,13,3,-1,-1,-1,-1,6,W01001419,0,-1
2020140986156,2020,140986156,1,1,0,18,19,1,5,2,2,1,0,0,0,0,3,1,6,6,1,41,7,-1,-1,-1,-1,10,E01007933,0,-1
2020990928872,2020,990928872,2,9,0,18,19,3,7,0,0,0,0,0,0,0,3,1,2,2,1,48,8,-1,-1,-1,-1,7,-1,0,-1
2020520100801,2020,520100801,2,19,0,18,19,5,1,0,0,0,0,0,0,0,1,1,6,6,1,55,8,-1,-1,-1,-1,-1,-1,0,-1
2020440315700,2020,440315700,2,98,0,16,19,6,1,0,0,0,0,0,1,0,1,1,1,1,1,54,8,-1,-1,-1,-1,9,E01022633,0,-1
2020052001064,2020,052001064,1,9,0,18,19,2,6,0,0,8,0,0,0,0,1,1,6,6,3,-1,-1,-1,-1,-1,-1,-1,-1,0,-1
2020522001973,2020,522001973,2,1,0,18,19,6,2,0,0,8,0,0,0,0,1,1,6,6,1,-1,-1,-1,-1,-1,-1,9,E01014872,0,-1
2020332000709,2020,332000709,2,9,0,18,19,2,6,0,0,0,0,0,0,0,1,1,2,2,1,61,9,-1,-1,-1,-1,9,E01025758,0,-1
2020430276671,2020,430276671,1,9,0,4,4,2,6,0,0,1,0,0,0,0,1,1,1,1,2,38,7,-1,-1,-1,-1,3,E01028546,0,-1
2020430044572,2020,430044572,1,9,0,18,19,2,6,0,0,0,1,0,0,0,1,1,6,6,1,50,8,-1,-1,-1,-1,-1,-1,0,-1
2020010237494,2020,010237494,3,1,9,99,99,9,9,99,99,9,9,99,9,99,9,1,6,6,3,-1,-1,-1,-1,-1,-1,-1,-1,0,-1
2020332001019,2020,332001019,1,21,1,18,19,8,4,0,0,0,0,0,0,0,1,1,1,1,1,52,8,-1,-1,-1,-1,8,E01021995,0,-1
20201377C0658,2020,1377C0658,1,9,0,18,19,1,5,0,0,0,0,0,0,0,0,1,6,6,3,-1,-1,-1,-1,-1,-1,-1,-1,0,-1
2020470998411,2020,470998411,1,9,0,9,9,5,3,0,0,2,0,0,0,0,1,1,6,6,3,-1,-1,-1,-1,-1,-1,-1,-1,0,-1
2020200954370,2020,200954370,1,1,0,18,19,4,8,0,0,1,0,0,0,0,1,1,2,2,1,33,6,-1,-1,-1,-1,2,E01010309,0,-1
2020010230149,2020,010230149,1,9,0,18,19,6,2,0,0,2,0,0,0,0,3,1,6,6,1,47,8,-1,-1,-1,-1,5,E01021000,0,-1
2020461011490,2020,461011490,2,9,0,11,11,1,5,0,0,0,0,0,0,0,4,1,6,6,1,38,7,-1,-1,-1,-1,4,E01016011,0,-1
2020010276273,2020,010276273,1,9,0,18,19,1,5,0,0,1,0,0,0,0,1,1,6,6,3,-1,-1,-1,-1,-1,-1,-1,-1,0,-1
2020140968434,2020,140968434,1,8,0,5,5,1,5,0,0,0,0,0,0,0,0,1,6,6,3,-1,-1,-1,-1,-1,-1,-1,-1,0,-1
2020430297663,2020,430297663,2,9,0,2,2,0,0,0,0,2,0,0,0,0,3,1,6,6,2,-1,-1,-1,-1,-1,-1,-1,-1,0,-1
2020201019946,2020,201019946,1,9,0,18,19,6,2,0,0,1,0,0,0,0,1,1,6,6,1,-1,-1,-1,-1,-1,-1,-1,-1,0,-1
2020010261878,2020,010261878,2,1,0,3,3,5,1,0,0,0,0,0,0,0,3,1,6,6,2,22,5,-1,-1,-1,-1,3,E01001764,0,-1
2020990916965,2020,990916965,2,9,0,18,19,1,5,0,0,8,0,0,0,0,1,1,5,6,2,57,9,-1,-1,-1,-1,2,-1,0,-1
2020370953230,2020,370953230,2,1,0,18,19,3,7,0,0,0,0,0,0,0,1,1,6,6,1,40,7,-1,-1,-1,-1,4,E01030236,0,-1
2020552000802,2020,552000802,3,9,0,2,2,0,0,0,0,0,0,0,0,0,2,1,6,6,3,-1,-1,-1,-1,-1,-1,-1,-1,0,-1
2020160951438,2020,160951438,1,9,0,1,1,6,2,0,0,2,0,0,0,0,2,1,6,6,2,-1,-1,-1,-1,-1,-1,-1,-1,0,-1
2020010237541,2020,010237541,1,1,0,18,19,6,2,0,0,0,0,0,0,0,4,1,6,6,1,23,5,-1,-1,-1,-1,3,E01003788,0,-1
2020520100474,2020,520100474,1,9,0,18,19,7,3,0,0,8,5,0,0,3,1,1,6,6,2,56,9,-1,-1,-1,-1,7,E01029155,0,-1
2020440319504,2020,440319504,1,1,0,18,19,1,5,0,0,0,0,8,0,0,1,1,6,6,1,34,6,-1,-1,-1,-1,5,E01017024,0,-1
2020010252444,2020,010252444,2,1,0,18,19,2,6,0,0,2,0,0,0,0,2,-1,6,6,1,29,6,-1,-1,-1,-1,5,E01003260,0,-1
2020040976038,2020,040976038,2,9,0,18,19,7,3,0,0,1,0,0,0,0,1,1,6,6,3,-1,-1,-1,-1,-1,-1,-1,-1,0,-1
2020200984039,2020,200984039,1,9,0,9,9,5,2,0,0,2,0,0,0,0,3,1,6,6,3,-1,-1,-1,-1,-1,-1,-1,-1,0,-1
2020137821036,2020,137821036,2,1,0,18,19,1,5,0,0,8,0,0,0,0,1,1,6,6,1,13,3,-1,-1,-1,-1,1,E01010941,0,-1
2020030983913,2020,030983913,1,9,0,5,5,5,1,0,0,0,0,0,0,0,1,1,6,6,3,-1,-1,-1,-1,-1,-1,-1,-1,0,-1
2020030989396,2020,030989396,2,9,0,3,3,1,5,0,0,1,0,0,0,0,2,1,5,6,1,61,9,-1,-1,-1,-1,9,E01019261,0,-1
2020052001289,2020,052001289,2,9,0,18,19,4,8,0,0,0,0,0,0,0,1,1,6,6,3,-1,-1,-1,-1,-1,-1,-1,-1,0,-1
2020340K03432,2020,340K03432,1,9,0,17,19,2,6,0,0,0,5,0,7,0,0,1,6,6,1,39,7,-1,-1,-1,-1,7,E01027095,0,-1
2020052002234,2020,052002234,1,4,0,18,19,6,2,0,0,8,0,0,0,0,1,1,6,6,1,35,6,-1,-1,-1,-1,1,E01006732,0,-1
2020200990553,2020,200990553,1,9,0,18,19,2,6,0,0,0,0,0,0,0,1,1,6,6,1,-1,-1,-1,-1,-1,-1,-1,-1,0,-1
2020420984800,2020,420984800,2,1,0,18,19,3,7,0,0,1,0,0,0,0,1,1,6,6,1,25,5,-1,-1,-1,-1,3,E01015891,0,-1
2020201020198,2020,201020198,1,9,0,18,19,8,6,0,0,6,0,0,0,0,1,1,6,6,3,-1,-1,-1,-1,-1,-1,-1,-1,0,-1
2020990985532,2020,990985532,2,9,0,2,2,0,0,0,0,0,0,4,0,0,2,1,6,6,3,-1,-1,-1,-1,-1,-1,-1,-1,0,-1
2020010268984,2020,010268984,2,1,0,18,19,5,1,0,0,8,0,0,0,0,1,1,6,6,2,28,6,-1,-1,-1,-1,3,E01004064,0,-1
2020450996365,2020,450996365,2,98,0,12,12,3,7,0,0,0,0,0,0,0,1,2,1,1,1,32,6,-1,-1,-1,-1,-1,-1,0,-1
2020040931544,2020,040931544,3,9,0,2,2,0,0,0,0,0,0,0,0,0,2,1,6,6,3,-1,-1,-1,-1,-1,-1,-1,-1,0,-1
2020360984342,2020,360984342,2,1,0,18,19,4,8,0,0,0,0,0,0,0,0,1,5,6,1,17,4,-1,-1,-1,-1,2,E01026803,0,-1
2020440497354,2020,440497354,2,1,0,18,19,3,7,0,0,8,0,0,0,0,3,1,2,2,1,20,4,-1,-1,-1,-1,4,E01017034,0,-1
2020332000521,2020,332000521,1,9,0,16,19,7,1,0,0,0,1,0,7,11,1,1,6,6,1,20,4,-1,-1,-1,-1,6,E01013710,0,-1
2020010281183,2020,010281183,2,97,0,18,19,4,8,0,0,1,0,0,0,0,1,1,6,6,3,-1,-1,-1,-1,-1,-1,-1,-1,0,-1
2020302001425,2020,302001425,2,1,0,18,19,7,4,0,0,0,0,0,0,0,1,1,6,6,1,18,4,-1,-1,-1,-1,1,E01013573,0,-1
2020010236887,2020,010236887,1,9,0,99,99,9,9,99,99,9,9,99,9,99,9,9,6,6,1,39,7,-1,-1,-1,-1,2,E01004365,0,-1
2020430166979,2020,430166979,1,8,0,18,19,6,2,0,0,0,0,0,0,0,1,1,1,1,1,-1,-1,-1,-1,-1,-1,-1,-1,0,-1
2020440235125,2020,440235125,2,1,0,18,19,5,1,4,4,0,0,0,0,0,1,1,6,6,2,12,3,-1,-1,-1,-1,2,E01022833,0,-1
2020460936909,2020,460936909,2,1,0,14,14,5,1,0,0,1,0,0,0,0,1,1,5,6,1,24,5,-1,-1,-1,-1,6,E01016125,0,-1
2020430211204,2020,430211204,1,1,0,18,19,5,1,0,0,0,0,0,0,0,3,1,6,6,1,21,5,-1,-1,-1,-1,9,E01028659,0,-1
2020440164191,2020,440164191,1,1,0,18,19,1,5,0,0,1,0,0,0,0,1,1,6,6,2,30,6,-1,-1,-1,-1,4,E01023083,0,-1
2020160960695,2020,160960695,2,1,0,18,19,7,3,0,0,4,0,0,0,0,1,1,6,6,1,50,8,-1,-1,-1,-1,10,E01013215,0,-1
2020610030420,2020,610030420,2,4,0,7,7,2,5,0,0,3,1,10,1,0,1,1,6,6,1,59,9,-1,-1,-1,-1,4,W01001521,0,-1
2020122000396,2020,122000396,1,9,0,18,19,5,1,0,0,0,2,11,7,9,3,1,6,6,1,44,7,-1,-1,-1,-1,5,E01027822,0,-1
2020010259256,2020,010259256,1,1,9,99,99,9,9,99,99,9,9,99,9,99,1,1,6,6,1,54,8,-1,-1,-1,-1,4,E01001087,0,-1
2020990965653,2020,990965653,1,1,0,18,19,3,7,0,0,0,0,4,0,0,1,1,5,6,1,21,5,-1,-1,-1,-1,3,-1,0,-1
2020170M11490,2020,170M11490,2,1,0,18,19,4,8,0,0,8,0,0,0,0,1,1,6,6,1,51,8,-1,-1,-1,-1,9,E01011997,0,-1
2020991001980,2020,991001980,1,9,0,9,9,5,3,0,0,8,0,0,7,0,4,1,1,1,1,21,5,-1,-1,-1,-1,10,-1,0,-1
2020010278767,2020,010278767,4,9,0,12,12,5,1,0,0,0,0,0,0,0,0,1,6,6,3,-1,-1,-1,-1,-1,-1,-1,-1,0,-1
202006G276947,2020,06G276947,2,18,5,18,19,7,3,1,1,8,0,0,0,0,1,1,1,1,1,30,6,-1,-1,-1,-1,1,E01004996,0,-1
202063B058420,2020,63B058420,1,9,0,4,4,6,2,0,0,0,0,0,0,0,2,1,6,6,1,17,4,-1,-1,-1,-1,6,W01000538,0,-1
2020990953851,2020,990953851,1,9,0,7,7,7,2,0,0,4,0,0,0,0,3,1,6,6,1,50,8,-1,-1,-1,-1,1,-1,0,-1
2020010275681,2020,010275681,1,9,0,4,4,5,1,0,0,8,0,0,0,0,2,2,6,6,1,60,9,-1,-1,-1,-1,1,E01002736,0,-1
2020010230419,2020,010230419,1,9,0,99,99,9,9,99,99,8,9,99,9,99,1,9,6,6,3,-1,-1,-1,-1,-1,-1,-1,-1,0,-1
2020210980543,2020,210980543,1,4,0,16,19,2,6,0,0,2,1,0,7,0,3,1,6,6,1,21,5,-1,-1,-1,-1,4,E01029575,0,-1
2020622000902,2020,622000902,2,1,0,18,19,1,5,0,0,1,0,0,0,0,1,1,6,6,1,10,2,-1,-1,-1,-1,9,W01000768,0,-1
2020140998121,2020,140998121,2,9,0,2,2,0,0,0,0,2,0,0,0,0,2,1,6,6,3,-1,-1,-1,-1,-1,-1,-1,-1,0,-1
2020040965425,2020,040965425,2,9,0,2,2,0,0,0,0,1,0,0,0,0,3,1,6,6,3,-1,-1,-1,-1,-1,-1,-1,-1,0,-1
2020552000907,2020,552000907,1,1,0,18,19,5,1,0,0,0,0,0,0,0,1,1,6,6,1,54,8,-1,-1,-1,-1,10,E01015398,0,-1
2020332000524,2020,332000524,1,9,0,15,15,7,3,0,0,7,0,0,0,0,0,1,6,6,2,51,8,-1,-1,-1,-1,1,E01013634,0,-1
2020470923101,2020,470923101,1,20,0,18,19,8,3,0,0,4,0,0,0,0,0,1,6,6,3,-1,-1,-1,-1,-1,-1,-1,-1,0,-1
20201371T0676,2020,1371T0676,1,9,0,10,10,5,3,0,0,1,0,0,0,0,0,1,6,6,1,52,8,-1,-1,-1,-1,3,E01010615,0,-1
2020990969079,2020,990969079,1,98,5,18,19,2,6,0,0,0,0,11,0,0,1,1,6,6,3,20,4,-1,-1,-1,-1,-1,-1,0,-1
2020450956240,2020,450956240,2,1,0,18,19,7,3,0,0,8,0,0,0,0,4,1,5,6,1,42,7,-1,-1,-1,-1,10,E01030922,0,-1
2020440250361,2020,440250361,2,9,0,18,19,4,8,0,0,8,0,10,0,0,1,1,6,6,1,18,4,-1,-1,-1,-1,10,E01022931,0,-1
2020440315893,2020,440315893,2,9,0,9,9,3,1,0,0,8,0,0,0,0,4,1,6,6,2,77,11,-1,-1,-1,-1,6,E01017173,0,-1
2020990947996,2020,990947996,2,1,0,18,19,2,7,0,0,8,0,0,0,0,1,1,5,6,1,49,8,-1,-1,-1,-1,9,-1,0,-1
2020530999294,2020,530999294,2,1,0,18,19,5,1,0,0,2,0,0,0,0,4,1,6,6,1,25,5,-1,-1,-1,-1,1,E01032937,0,-1
2020320010802,2020,320010802,2,9,0,16,19,5,1,0,0,1,0,0,0,0,1,1,6,6,1,17,4,-1,-1,-1,-1,6,E01026329,0,-1
202006N274105,2020,06N274105,1,9,0,18,19,3,7,0,0,8,5,7,3,1,4,1,6,6,1,25,5,-1,-1,-1,-1,6,E01005060,0,-1
2020411003390,2020,411003390,2,21,0,7,7,3,5,8,6,7,0,0,0,0,3,1,1,1,1,41,7,-1,-1,-1,-1,4,E01000006,0,-1
2020052000894,2020,052000894,2,1,0,18,19,5,1,0,0,0,0,0,1,10,0,1,6,6,2,53,8,-1,-1,-1,-1,5,E01006527,0,-1
2020010272205,2020,010272205,1,1,0,18,19,8,4,0,0,0,0,0,0,0,2,1,6,6,1,30,6,-1,-1,-1,-1,1,E01033701,0,-1
2020010258095,2020,010258095,1,9,0,3,3,7,3,0,0,0,0,0,0,0,2,1,6,6,1,42,7,-1,-1,-1,-1,10,E01003813,0,-1
2020450923694,2020,450923694,2,9,0,18,19,5,1,0,0,0,0,0,0,0,2,1,6,6,3,44,7,-1,-1,-1,-1,-1,-1,0,-1
2020440161450,2020,440161450,1,9,0,9,9,6,4,0,0,8,0,0,0,0,1,1,2,2,1,53,8,-1,-1,-1,-1,9,E01022881,0,-1
2020360944564,2020,360944564,2,9,0,4,4,5,1,0,0,0,0,0,0,0,2,1,1,1,2,48,8,-1,-1,-1,-1,1,E01026819,0,-1
2020350969634,2020,350969634,2,1,0,18,19,5,1,0,0,1,0,0,0,0,3,1,5,6,1,68,10,-1,-1,-1,-1,10,E01018177,0,-1
2020010262306,2020,010262306,1,19,0,18,19,3,7,0,0,0,0,0,0,0,1,1,6,6,3,-1,-1,-1,-1,-1,-1,-1,-1,0,-1
2020501005037,2020,501005037,2,1,0,18,19,3,7,0,0,8,0,0,0,0,1,1,5,6,1,82,11,-1,-1,-1,-1,5,E01015188,0,-1
2020040935450,2020,040935450,1,9,0,16,19,5,1,0,0,1,0,0,0,0,4,1,1,1,1,45,7,-1,-1,-1,-1,6,E01025500,0,-1
2020990922764,2020,990922764,1,9,0,18,19,1,5,0,0,8,0,0,0,0,1,1,5,6,1,21,5,-1,-1,-1,-1,3,-1,0,-1
2020010272963,2020,010272963,2,1,0,18,19,7,3,0,0,0,0,0,2,10,1,1,2,2,2,26,6,-1,-1,-1,-1,8,E01001891,0,-1
2020140968766,2020,140968766,2,9,0,18,19,5,1,0,0,2,0,0,0,0,1,1,6,6,3,-1,-1,-1,-1,-1,-1,-1,-1,0,-1
2020332000251,2020,332000251,1,9,0,18,19,4,8,0,0,0,0,0,1,9,3,1,6,6,2,25,5,-1,-1,-1,-1,9,E01025961,0,-1
2020010262717,2020,010262717,1,9,0,16,19,1,5,0,0,2,0,0,0,0,4,1,6,6,3,-1,-1,-1,-1,-1,-1,-1,-1,0,-1
2020340D07502,2020,340D07502,2,1,0,18,19,7,5,0,0,6,0,0,0,0,4,1,2,2,1,30,6,-1,-1,-1,-1,8,E01026990,0,-1
2020320407044,2020,320407044,2,5,0,18,19,6,2,0,0,3,5,10,7,0,4,1,6,6,1,37,7,-1,-1,-1,-1,-1,-1,0,-1
2020430310634,2020,430310634,1,98,0,12,12,4,8,0,0,0,0,0,0,0,3,2,2,2,1,41,7,-1,-1,-1,-1,-1,-1,0,-1
2020340W08422,2020,340W08422,2,1,0,18,19,5,1,0,0,0,0,0,0,0,2,1,2,2,2,34,6,-1,-1,-1,-1,-1,-1,0,-1
2020140967359,2020,140967359,3,9,0,2,2,0,0,0,0,0,0,0,0,0,3,1,6,6,3,-1,-1,-1,-1,-1,-1,-1,-1,0,-1
2020500962175,2020,500962175,3,1,0,16,19,5,1,0,0,0,1,0,0,0,1,1,5,6,1,71,10,-1,-1,-1,-1,8,E01008131,0,-1
2020010233225,2020,010233225,2,2,0,99,99,9,9,99,99,9,9,99,9,99,1,1,6,6,3,-1,-1,-1,-1,-1,-1,3,E01004064,0,-1
2020010264439,2020,010264439,2,1,0,18,19,5,1,0,0,1,5,0,0,0,4,1,2,2,1,32,6,-1,-1,-1,-1,5,E01004188,0,-1
2020520004483,2020,520004483,1,9,0,18,19,8,4,0,0,0,0,0,0,0,1,1,6,6,1,32,6,-1,-1,-1,-1,7,E01029262,0,-1
2020522003800,2020,522003800,1,2,0,2,2,0,0,0,0,0,0,0,0,0,3,1,1,1,2,24,5,-1,-1,-1,-1,3,E01014948,0,-1
2020420952498,2020,420952498,1,9,0,18,19,8,4,0,0,0,0,0,0,0,0,1,6,6,3,-1,-1,-1,-1,-1,-1,-1,-1,0,-1
2020070281673,2020,070281673,2,1,0,18,19,3,7,0,0,0,0,0,0,0,4,1,6,6,1,3,1,-1,-1,-1,-1,6,E01012540,0,-1
2020990952619,2020,990952619,2,1,0,17,19,5,2,0,0,8,0,0,0,0,4,1,6,6,1,59,9,-1,-1,-1,-1,8,-1,0,-1
2020010269294,2020,010269294,2,1,0,18,19,7,3,0,0,0,0,0,1,0,1,1,6,6,2,28,6,-1,-1,-1,-1,-1,-1,0,-1
2020010255271,2020,010255271,2,1,0,18,19,7,3,0,0,5,0,4,0,0,1,1,2,2,1,53,8,-1,-1,-1,-1,5,E01004052,0,-1
2020440060642,2020,440060642,2,19,0,3,3,6,2,0,0,8,0,0,0,0,2,1,1,1,1,46,8,-1,-1,-1,-1,10,E01022608,0,-1
2020430428166,2020,430428166,2,9,0,7,7,4,6,0,0,8,0,0,0,0,4,1,6,6,1,48,8,-1,-1,-1,-1,10,E01028719,0,-1
2020320005635,2020,320005635,1,9,0,18,19,6,2,0,0,0,1,0,7,2,4,1,6,6,1,37,7,-1,-1,-1,-1,-1,-1,0,-1
2020030962724,2020,030962724,1,9,0,9,9,7,3,0,0,8,0,0,0,0,4,1,6,6,1,28,6,-1,-1,-1,-1,6,E01019239,0,-1
2020200989446,2020,200989446,1,5,0,13,13,5,1,0,0,1,0,0,0,0,4,1,5,6,1,45,7,-1,-1,-1,-1,2,E01009966,0,-1
2020460959281,2020,460959281,2,9,0,18,19,6,2,0,0,1,0,0,0,0,1,1,6,6,1,56,9,-1,-1,-1,-1,8,E01024185,0,-1
2020100987093,2020,100987093,3,90,0,11,11,4,8,0,0,0,0,0,0,0,0,1,6,6,3,-1,-1,-1,-1,-1,-1,-1,-1,0,-1
2020161011978,2020,161011978,1,1,0,18,19,1,5,0,0,0,0,0,0,0,4,1,6,6,1,41,7,-1,-1,-1,-1,1,E01013218,0,-1
2020410985995,2020,410985995,1,9,0,18,19,2,6,9,9,2,0,0,7,0,1,1,5,6,3,-1,-1,-1,-1,-1,-1,-1,-1,0,-1
2020520004439,2020,520004439,2,1,0,5,5,2,6,0,0,0,0,0,0,0,0,1,6,6,1,63,9,-1,-1,-1,-1,7,E01029086,0,-1
2020052000680,2020,052000680,1,9,0,3,3,6,2,0,0,1,0,0,0,0,1,1,6,6,3,-1,-1,-1,-1,-1,-1,-1,-1,0,-1
2020200933535,2020,200933535,1,9,0,9,9,2,8,0,0,8,0,0,0,0,1,1,6,6,1,-1,-1,-1,-1,-1,-1,-1,-1,0,-1
2020010267022,2020,010267022,2,1,0,18,19,3,7,0,0,1,5,0,0,0,1,1,6,6,2,40,7,-1,-1,-1,-1,5,E01003144,0,-1
2020500988937,2020,500988937,2,9,0,4,4,1,5,0,0,1,0,0,0,0,2,1,1,1,1,45,7,-1,-1,-1,-1,5,E01019904,0,-1
2020420960380,2020,420960380,2,1,0,17,19,8,4,0,0,8,0,0,0,0,3,1,6,6,1,47,8,-1,-1,-1,-1,9,E01021285,0,-1
2020450932865,2020,450932865,2,9,0,9,9,1,3,0,0,8,1,0,0,0,4,1,6,6,3,44,7,-1,-1,-1,-1,-1,-1,0,-1
2020440187356,2020,440187356,1,9,0,18,19,4,8,0,0,0,0,0,0,0,1,1,6,6,2,19,4,-1,-1,-1,-1,2,E01017115,0,-1
2020220972254,2020,220972254,2,1,0,18,19,8,4,0,0,8,0,0,0,0,1,1,5,6,1,22,5,-1,-1,-1,-1,7,E01014202,0,-1
2020522002379,2020,522002379,2,19,0,9,9,7,5,0,0,1,0,0,0,0,1,1,6,6,3,30,6,-1,-1,-1,-1,-1,-1,0,-1
2020430062902,2020,430062902,1,9,0,1,1,5,1,9,9,1,0,0,0,0,2,1,6,6,1,-1,-1,-1,-1,-1,-1,-1,-1,0,-1
2020420960021,2020,420960021,1,9,0,5,5,7,5,0,0,6,0,0,0,0,3,1,6,6,1,-1,-1,-1,-1,-1,-1,-1,-1,0,-1
2020552000448,2020,552000448,2,1,0,2,2,0,0,0,0,8,0,0,1,0,3,1,6,6,1,62,9,-1,-1,-1,-1,7,E01020359,0,-1
2020140924437,2020,140924437,3,9,0,2,2,0,0,0,0,0,0,0,0,0,2,1,6,6,3,-1,-1,-1,-1,-1,-1,-1,-1,0,-1
2020461002006,2020,461002006,1,1,0,18,19,5,1,0,0,0,0,0,0,0,0,1,5,6,1,48,8,-1,-1,-1,-1,7,E01000786,0,-1
2020370978910,2020,370978910,2,9,0,4,4,5,3,0,0,0,0,0,0,0,2,1,5,6,2,74,10,-1,-1,-1,-1,9,E01030164,0,-1
2020420934546,2020,420934546,2,9,0,18,19,7,3,0,0,0,0,0,0,0,2,1,6,6,3,20,4,-1,-1,-1,-1,-1,-1,0,-1
2020332000719,2020,332000719,1,9,0,9,9,1,7,0,0,3,5,10,0,0,4,1,6,6,1,24,5,-1,-1,-1,-1,1,E01025932,0,-1
2020430308440,2020,430308440,1,9,0,18,19,2,6,0,0,1,0,0,0,0,1,1,6,6,2,-1,-1,-1,-1,-1,-1,-1,-1,0,-1
2020160938585,2020,160938585,2,1,0,4,4,6,2,0,0,8,0,0,0,0,1,1,2,2,1,22,5,-1,-1,-1,-1,1,E01013138,0,-1
2020360973455,2020,360973455,2,1,0,18,19,1,5,-1,-1,0,0,0,0,0,-1,1,6,6,1,21,5,-1,-1,-1,-1,1,E01026595,0,-1
2020010280282,2020,010280282,2,19,0,18,19,7,3,0,0,1,0,0,0,0,4,1,6,6,3,-1,-1,-1,-1,-1,-1,-1,-1,0,-1
2020010256174,2020,010256174,2,1,0,17,19,1,5,0,0,8,0,0,0,0,4,1,6,6,1,23,5,-1,-1,-1,-1,5,E01003262,0,-1
2020440359243,2020,440359243,1,1,0,18,19,2,6,0,0,1,0,0,0,0,1,1,4,7,1,17,4,-1,-1,-1,-1,8,E01017293,0,-1
2020350934592,2020,350934592,2,1,-1,-1,-1,-1,-1,-1,-1,-1,-1,-1,-1,0,-1,1,2,2,1,38,7,-1,-1,-1,-1,6,E01017967,0,-1
2020990973393,2020,990973393,2,1,0,18,19,1,5,0,0,0,0,0,0,0,3,1,6,6,1,68,10,-1,-1,-1,-1,10,-1,0,-1
2020110946191,2020,110946191,1,19,0,13,13,7,3,0,0,0,0,0,0,0,4,1,6,6,3,35,6,-1,-1,-1,-1,-1,-1,0,-1
2020040985842,2020,040985842,1,97,0,13,13,5,1,0,0,0,0,0,0,0,1,1,6,6,1,17,4,-1,-1,-1,-1,7,E01025487,0,-1
2020010231071,2020,010231071,1,9,9,99,99,9,9,99,99,9,9,99,9,99,9,1,-1,-1,3,-1,-1,-1,-1,-1,-1,-1,-1,0,-1
2020010270168,2020,010270168,1,19,0,5,5,1,5,0,0,5,0,0,0,0,1,1,6,6,1,61,9,-1,-1,-1,-1,9,E01000759,0,-1
2020552000999,2020,552000999,2,1,0,18,19,1,5,0,0,0,0,0,0,0,1,1,6,6,1,61,9,-1,-1,-1,-1,7,E01020542,0,-1