collision_index,collision_year,collision_ref_no,vehicle_reference,vehicle_type,towing_and_articulation,vehicle_manoeuvre_historic,vehicle_manoeuvre,vehicle_direction_from,vehicle_direction_to,vehicle_location_restricted_lane_historic,vehicle_location_restricted_lane,junction_location,skidding_and_overturning,hit_object_in_carriageway,vehicle_leaving_carriageway,hit_object_off_carriageway,first_point_of_impact,vehicle_left_hand_drive,journey_purpose_of_driver_historic,journey_purpose_of_driver,sex_of_driver,age_of_driver,age_band_of_driver,engine_capacity_cc,propulsion_code,age_of_vehicle,generic_make_model,driver_imd_decile,lsoa_of_driver,escooter_flag,driver_distance_banding
2020430298463,2020,430298463,2,19,0,18,19,6,1,0,0,2,0,0,0,0,3,1,6,6,2,36,7,-1,-1,-1,-1,3,E01016714,0,-1
2020552000493,2020,552000493,2,9,0,18,19,4,6,0,0,1,0,0,0,0,1,1,6,6,1,64,9,-1,-1,-1,-1,8,E01020478,0,-1
2020460949279,2020,460949279,1,1,-1,16,19,7,7,0,0,0,0,0,0,0,0,1,6,6,2,50,8,-1,-1,-1,-1,4,E01024358,0,-1
2020070753047,2020,070753047,2,1,0,18,19,3,7,0,0,8,0,0,0,0,3,1,6,6,2,29,6,-1,-1,-1,-1,6,E01012564,0,-1
2020302001425,2020,302001425,1,9,0,9,9,5,4,0,0,0,0,0,0,0,1,1,6,6,3,-1,-1,-1,-1,-1,-1,5,E01019456,0,-1
2020137261005,2020,137261005,3,9,0,4,4,6,2,0,0,0,0,0,0,0,2,1,6,6,2,-1,-1,-1,-1,-1,-1,-1,-1,0,-1
2020450947298,2020,450947298,2,1,0,18,19,1,3,0,0,3,0,0,0,0,2,1,5,6,1,35,6,-1,-1,-1,-1,-1,-1,0,-1
202060Y136610,2020,60Y136610,1,9,0,16,19,8,4,0,0,0,5,0,8,3,1,1,6,6,1,21,5,-1,-1,-1,-1,-1,-1,0,-1
2020010254792,2020,010254792,1,9,0,18,19,5,1,0,0,2,0,0,0,0,1,1,6,6,3,-1,-1,-1,-1,-1,-1,-1,-1,0,-1
2020211007419,2020,211007419,2,1,0,18,19,6,2,0,0,8,0,0,0,0,1,1,6,6,1,14,3,-1,-1,-1,-1,8,E01029430,0,-1
2020430032309,2020,430032309,1,9,0,18,19,4,8,0,0,4,0,0,0,0,1,1,6,6,1,-1,-1,-1,-1,-1,-1,-1,-1,0,-1
2020522100596,2020,522100596,1,9,0,13,13,5,1,0,0,0,0,0,0,0,4,1,1,1,1,57,9,-1,-1,-1,-1,5,E01031028,0,-1
2020010256675,2020,010256675,1,10,0,9,9,1,7,0,0,2,0,0,0,0,3,1,1,1,1,27,6,-1,-1,-1,-1,6,E01002266,0,-1
2020320216574,2020,320216574,2,9,0,13,13,7,3,0,0,0,0,0,0,0,4,1,6,6,1,19,4,-1,-1,-1,-1,-1,-1,0,-1
2020440342399,2020,440342399,2,9,0,10,10,4,2,0,0,0,0,0,0,0,2,1,6,6,1,28,6,-1,-1,-1,-1,9,E01023272,0,-1
2020140963642,2020,140963642,1,98,0,18,19,8,4,0,0,1,0,0,0,0,1,1,1,1,1,-1,-1,-1,-1,-1,-1,1,E01007645,0,-1
2020332000316,2020,332000316,1,9,0,18,19,3,7,0,0,8,1,7,0,0,1,1,6,6,2,38,7,-1,-1,-1,-1,1,E01013684,0,-1
2020170H10120,2020,170H10120,1,19,0,7,7,8,2,0,0,6,0,0,0,0,1,1,1,1,1,-1,-1,-1,-1,-1,-1,7,E01011959,0,-1
2020547587220,2020,547587220,1,9,0,18,19,3,7,0,0,0,0,0,0,0,3,1,6,6,3,50,8,-1,-1,-1,-1,-1,-1,0,-1
2020010258333,2020,010258333,2,1,0,17,19,7,3,4,4,1,0,0,1,0,1,1,6,6,1,29,6,-1,-1,-1,-1,9,E01003810,0,-1
202006G167083,2020,06G167083,1,9,0,18,19,2,6,0,0,0,1,4,0,0,4,1,6,6,1,21,5,-1,-1,-1,-1,7,E01006063,0,-1
2020010236195,2020,010236195,2,19,9,99,99,9,9,0,0,1,0,0,0,0,1,9,6,6,3,-1,-1,-1,-1,-1,-1,-1,-1,0,-1
2020010284094,2020,010284094,1,19,9,99,99,9,9,99,99,9,9,99,9,99,9,9,6,6,3,-1,-1,-1,-1,-1,-1,-1,-1,0,-1
2020411000659,2020,411000659,2,1,0,18,19,1,6,0,0,1,2,0,0,0,0,1,5,6,1,74,10,-1,-1,-1,-1,10,E01023425,0,-1
2020070327494,2020,070327494,2,21,1,17,19,2,6,0,0,0,0,0,0,0,0,1,6,6,3,-1,-1,-1,-1,-1,-1,-1,-1,0,-1
2020622000881,2020,622000881,1,9,0,18,19,8,4,0,0,0,0,0,0,0,1,1,6,6,3,-1,-1,-1,-1,-1,-1,-1,-1,0,-1
2020211009580,2020,211009580,1,9,-1,-1,-1,8,3,-1,-1,-1,-1,-1,-1,0,-1,1,6,6,2,47,8,-1,-1,-1,-1,4,E01018549,0,-1
2020010236603,2020,010236603,1,4,0,14,14,3,7,0,0,0,2,8,0,0,1,1,4,7,1,26,6,-1,-1,-1,-1,2,E01002766,0,-1
2020440032634,2020,440032634,1,1,0,18,19,3,7,0,0,2,0,0,0,0,3,1,1,1,1,15,3,-1,-1,-1,-1,3,E01022732,0,-1
2020430127115,2020,430127115,1,1,0,18,19,6,2,0,0,0,0,0,0,0,2,1,6,6,1,19,4,-1,-1,-1,-1,7,E01016495,0,-1
2020052000601,2020,052000601,1,9,4,18,19,3,7,0,0,0,0,0,0,0,4,1,6,6,3,-1,-1,-1,-1,-1,-1,-1,-1,0,-1
202006Q467953,2020,06Q467953,2,1,0,18,19,5,1,0,0,0,0,0,0,0,2,1,6,6,1,33,6,-1,-1,-1,-1,4,E01005358,0,-1
2020340E02312,2020,340E02312,2,9,0,18,19,3,7,0,0,0,0,0,0,0,0,1,6,6,1,53,8,-1,-1,-1,-1,7,E01027354,0,-1
2020440012147,2020,440012147,1,9,0,18,19,2,4,0,0,0,0,0,0,0,1,1,6,6,2,89,11,-1,-1,-1,-1,9,E01022837,0,-1
2020332000499,2020,332000499,1,9,0,18,19,5,1,0,0,8,0,0,0,0,1,1,6,6,2,52,8,-1,-1,-1,-1,-1,-1,0,-1
2020610034120,2020,610034120,2,9,0,18,19,2,7,0,0,8,0,0,0,0,0,1,6,6,3,-1,-1,-1,-1,-1,-1,-1,-1,0,-1
2020160988422,2020,160988422,2,9,0,13,13,7,3,0,0,0,0,0,0,0,4,1,6,6,1,-1,-1,-1,-1,-1,-1,-1,-1,0,-1
2020200962225,2020,200962225,1,1,0,5,5,7,3,0,0,6,0,0,0,0,3,1,6,6,2,9,2,-1,-1,-1,-1,2,E01010412,0,-1
20201377P1370,2020,1377P1370,1,9,0,18,19,1,3,0,0,2,0,0,0,0,2,1,6,6,1,70,10,-1,-1,-1,-1,7,E01011183,0,-1
2020010263026,2020,010263026,1,1,9,99,99,9,9,99,99,9,9,99,9,99,9,1,6,6,2,53,8,-1,-1,-1,-1,4,E01002672,0,-1
2020501014503,2020,501014503,1,5,0,18,19,5,1,0,0,1,0,0,0,0,1,1,6,6,1,23,5,-1,-1,-1,-1,3,E01015248,0,-1
2020160960356,2020,160960356,1,9,0,14,14,5,1,0,0,0,0,8,0,0,1,1,5,6,1,32,6,-1,-1,-1,-1,1,E01013080,0,-1
2020040931544,2020,040931544,2,9,0,2,2,0,0,0,0,0,0,0,0,0,2,1,6,6,3,-1,-1,-1,-1,-1,-1,-1,-1,0,-1
2020470929917,2020,470929917,1,22,0,5,5,3,7,0,0,0,0,0,0,0,1,1,6,6,1,86,11,-1,-1,-1,-1,4,E01031576,0,-1
2020360999851,2020,360999851,1,1,0,18,19,5,1,5,5,0,0,0,0,0,1,1,6,6,1,-1,-1,-1,-1,-1,-1,-1,-1,0,-1
2020500948479,2020,500948479,1,9,0,1,1,8,5,0,0,-1,0,0,0,0,2,1,6,6,3,-1,-1,-1,-1,-1,-1,-1,-1,0,-1
2020160957605,2020,160957605,1,97,0,18,19,5,1,0,0,0,1,4,0,0,1,1,6,6,3,-1,-1,-1,-1,-1,-1,-1,-1,0,-1
2020440011681,2020,440011681,1,9,0,3,3,5,1,0,0,0,0,0,0,0,2,1,6,6,1,38,7,-1,-1,-1,-1,3,E01017089,0,-1
2020470965555,2020,470965555,2,1,0,18,19,3,7,0,0,0,0,0,0,0,1,1,2,2,1,30,6,-1,-1,-1,-1,6,E01017012,0,-1
2020430227221,2020,430227221,2,1,0,18,19,2,6,0,0,8,0,0,0,0,4,1,6,6,1,61,9,-1,-1,-1,-1,-1,-1,0,-1
2020332000770,2020,332000770,2,9,0,3,3,8,4,0,0,8,0,0,0,0,2,1,1,1,1,34,6,-1,-1,-1,-1,1,E01013620,0,-1
2020010252880,2020,010252880,2,1,9,99,99,9,9,99,99,9,9,99,0,0,9,1,6,6,1,-1,-1,-1,-1,-1,-1,-1,-1,0,-1
2020210955368,2020,210955368,1,9,0,18,19,6,2,0,0,1,0,0,0,0,3,1,6,6,3,-1,-1,-1,-1,-1,-1,-1,-1,0,-1
2020470970830,2020,470970830,1,9,0,7,7,3,6,0,0,6,0,0,0,0,1,1,6,6,3,-1,-1,-1,-1,-1,-1,-1,-1,0,-1
2020460992711,2020,460992711,2,90,0,18,19,3,7,0,0,0,0,0,0,0,1,1,5,6,1,65,9,-1,-1,-1,-1,7,E01024554,0,-1
202060Y014225,2020,60Y014225,2,9,0,18,19,8,4,0,0,0,1,0,0,0,1,1,6,6,1,77,11,-1,-1,-1,-1,-1,-1,0,-1
2020542431520,2020,542431520,2,1,0,18,19,2,6,0,0,2,0,0,0,0,2,1,6,6,1,22,5,-1,-1,-1,-1,8,E01032077,0,-1
2020220994139,2020,220994139,1,19,4,18,19,4,8,0,0,0,0,0,0,0,2,1,6,6,3,34,6,-1,-1,-1,-1,-1,-1,0,-1
2020332000685,2020,332000685,1,17,4,9,9,0,0,0,0,6,0,0,0,0,4,1,1,1,1,36,7,-1,-1,-1,-1,9,E01025809,0,-1
2020470945501,2020,470945501,2,9,0,16,19,3,6,0,0,0,0,0,0,0,0,1,6,6,3,-1,-1,-1,-1,-1,-1,-1,-1,0,-1
2020450995396,2020,450995396,1,1,0,18,19,1,5,0,0,1,0,0,0,0,1,1,4,7,1,10,2,-1,-1,-1,-1,8,E01030505,0,-1
2020471008331,2020,471008331,2,1,0,18,19,6,2,0,0,8,0,0,0,0,4,1,6,6,2,24,5,-1,-1,-1,-1,2,E01031456,0,-1
2020010232857,2020,010232857,1,9,0,7,7,2,3,0,0,1,0,0,0,0,1,1,6,6,1,27,6,-1,-1,-1,-1,2,E01004384,0,-1
202060Y139675,2020,60Y139675,1,9,0,16,19,4,8,0,0,0,2,10,7,0,3,1,6,6,2,32,6,-1,-1,-1,-1,-1,-1,0,-1
2020010240320,2020,010240320,2,9,0,99,99,9,9,99,99,9,9,99,9,99,9,9,6,6,3,-1,-1,-1,-1,-1,-1,-1,-1,0,-1
2020200922090,2020,200922090,1,9,0,18,19,-1,-1,0,0,0,0,0,0,0,1,1,6,6,3,30,6,-1,-1,-1,-1,-1,-1,0,-1
2020350937537,2020,350937537,2,1,0,18,19,8,4,9,9,1,0,0,0,0,3,1,2,2,1,54,8,-1,-1,-1,-1,7,E01018243,0,-1
2020031006703,2020,031006703,1,9,0,5,5,6,2,0,0,6,0,0,3,0,1,1,5,6,1,25,5,-1,-1,-1,-1,4,E01031835,0,-1
2020221003700,2020,221003700,1,9,0,7,7,3,6,9,9,6,0,0,0,0,4,1,3,7,2,35,6,-1,-1,-1,-1,4,E01032479,0,-1
2020340N01142,2020,340N01142,1,9,0,18,19,3,7,0,0,3,0,0,0,0,4,1,6,6,3,-1,-1,-1,-1,-1,-1,-1,-1,0,-1
2020440473984,2020,440473984,1,1,0,9,9,7,4,0,0,8,0,0,0,0,1,1,1,1,1,28,6,-1,-1,-1,-1,9,E01017252,0,-1
202031D138620,2020,31D138620,1,1,0,9,9,3,1,0,0,5,1,0,0,0,0,1,6,6,2,57,9,-1,-1,-1,-1,10,E01028400,0,-1
2020030979030,2020,030979030,1,9,0,18,19,7,3,0,0,1,0,0,0,0,4,1,1,1,2,19,4,-1,-1,-1,-1,2,E01019227,0,-1
2020360998991,2020,360998991,1,97,0,18,19,3,7,0,0,1,2,0,0,0,1,1,6,6,1,17,4,-1,-1,-1,-1,1,E01026622,0,-1
202031C110820,2020,31C110820,2,3,0,18,19,6,2,0,0,8,1,0,0,0,1,1,6,6,1,19,4,-1,-1,-1,-1,1,E01013860,0,-1
2020010239864,2020,010239864,2,9,0,99,99,9,9,99,99,9,9,99,9,99,1,9,6,6,3,-1,-1,-1,-1,-1,-1,-1,-1,0,-1
2020010284311,2020,010284311,2,-1,0,5,5,7,3,0,0,0,0,0,0,0,2,1,6,6,1,18,4,-1,-1,-1,-1,2,E01001705,1,-1
2020010229071,2020,010229071,2,1,0,9,9,5,4,0,0,6,0,0,0,0,2,1,2,2,2,55,8,-1,-1,-1,-1,3,E01002725,0,-1
2020010294133,2020,010294133,2,1,0,18,19,1,5,0,0,1,0,0,0,0,1,1,6,6,1,27,6,-1,-1,-1,-1,3,E01001117,0,-1
2020160992671,2020,160992671,2,1,0,18,19,3,7,0,0,1,0,0,0,0,3,1,2,2,1,39,7,-1,-1,-1,-1,9,E01013257,0,-1
2020460917969,2020,460917969,2,1,0,18,19,8,3,0,0,0,0,0,0,0,4,1,6,6,2,73,10,-1,-1,-1,-1,5,E01016127,0,-1
2020430134547,2020,430134547,1,9,0,7,7,4,8,0,0,8,0,0,0,0,1,1,6,6,2,59,9,-1,-1,-1,-1,-1,-1,0,-1
2020100990309,2020,100990309,1,9,0,18,19,7,3,0,0,8,0,0,0,0,1,1,6,6,2,-1,-1,-1,-1,-1,-1,-1,-1,0,-1
2020010253074,2020,010253074,1,9,9,18,19,5,1,0,0,0,0,0,0,0,3,1,6,6,1,-1,-1,-1,-1,-1,-1,-1,-1,0,-1
2020070288356,2020,070288356,1,1,0,18,19,6,1,9,9,1,0,0,0,0,1,1,2,2,1,25,5,-1,-1,-1,-1,-1,-1,0,-1
2020480990186,2020,480990186,1,1,0,18,19,3,7,0,0,1,0,0,0,0,1,1,1,1,1,33,6,-1,-1,-1,-1,2,E01003911,0,-1
2020410989948,2020,410989948,2,-1,0,9,9,4,2,7,6,7,0,0,1,0,3,1,5,6,1,27,6,-1,-1,-1,-1,8,E01023528,1,-1
2020122100077,2020,122100077,2,9,0,18,19,1,5,0,0,3,0,0,0,0,1,1,6,6,2,58,9,-1,-1,-1,-1,6,E01013023,0,-1
2020470932867,2020,470932867,3,19,0,2,2,0,0,0,0,0,0,0,0,0,0,1,6,6,3,-1,-1,-1,-1,-1,-1,-1,-1,0,-1
2020460989721,2020,460989721,2,1,0,18,19,5,1,0,0,0,0,0,0,0,1,1,6,6,1,-1,-1,-1,-1,-1,-1,7,E01024719,0,-1
2020410948292,2020,410948292,2,1,0,18,19,1,5,0,0,0,0,0,0,0,2,1,6,6,1,52,8,-1,-1,-1,-1,9,E01001417,0,-1
2020010276065,2020,010276065,1,1,9,99,99,9,9,99,99,9,9,99,9,99,1,1,6,6,1,27,6,-1,-1,-1,-1,4,E01004591,0,-1
2020010250413,2020,010250413,5,9,0,2,2,0,0,0,0,2,0,0,0,0,1,1,6,6,3,-1,-1,-1,-1,-1,-1,-1,-1,0,-1
2020030943477,2020,030943477,1,9,0,7,7,5,7,0,0,8,0,0,0,0,1,1,1,1,1,49,8,-1,-1,-1,-1,8,E01019397,0,-1
2020530970493,2020,530970493,2,1,0,18,19,1,5,0,0,0,0,0,0,0,1,1,6,6,1,45,7,-1,-1,-1,-1,10,E01022128,0,-1
2020052002379,2020,052002379,1,9,0,4,4,1,5,0,0,1,0,0,0,0,2,1,6,6,2,63,9,-1,-1,-1,-1,5,E01033766,0,-1
2020332000630,2020,332000630,1,19,0,9,9,5,3,0,0,6,0,0,0,0,1,1,1,1,1,63,9,-1,-1,-1,-1,7,E01025752,0,-1
2020200970581,2020,200970581,1,90,0,18,19,4,8,0,0,0,1,0,0,0,0,1,6,6,1,33,6,-1,-1,-1,-1,5,E01010110,0,-1
2020990917972,2020,990917972,2,9,0,18,19,8,7,0,0,1,0,0,0,0,2,1,1,1,1,32,6,-1,-1,-1,-1,2,-1,0,-1
2020990957148,2020,990957148,2,1,0,17,19,5,2,0,0,1,0,0,0,0,1,1,5,6,2,51,8,-1,-1,-1,-1,2,-1,0,-1
2020451003836,2020,451003836,2,1,0,18,19,3,7,0,0,1,5,0,0,0,4,1,6,6,1,49,8,-1,-1,-1,-1,8,E01030313,0,-1
2020350952577,2020,350952577,2,16,0,18,19,4,8,0,0,0,2,0,0,0,0,1,6,6,1,25,5,-1,-1,-1,-1,10,E01018204,0,-1
2020990958017,2020,990958017,1,9,0,18,19,5,1,0,0,0,0,0,0,0,1,1,6,6,2,29,6,-1,-1,-1,-1,3,-1,0,-1
2020040929606,2020,040929606,2,1,0,2,2,1,1,0,0,0,0,0,0,0,1,1,5,6,2,22,5,-1,-1,-1,-1,6,E01025145,0,-1
2020010231596,2020,010231596,2,1,0,5,5,8,4,0,0,0,0,0,0,0,3,1,6,6,2,15,3,-1,-1,-1,-1,3,E01004038,0,-1
2020010247224,2020,010247224,1,97,0,15,15,5,1,0,0,1,0,0,0,0,4,1,6,6,3,-1,-1,-1,-1,-1,-1,-1,-1,0,-1
2020520004492,2020,520004492,1,9,0,18,19,6,2,0,0,8,0,4,0,0,1,1,6,6,1,44,7,-1,-1,-1,-1,9,E01033233,0,-1
2020440057730,2020,440057730,1,3,0,18,19,8,4,0,0,8,0,0,0,0,1,1,6,6,1,21,5,-1,-1,-1,-1,7,E01017291,0,-1
2020010249472,2020,010249472,2,1,0,18,19,1,5,0,0,1,0,10,0,0,4,1,6,6,1,29,6,-1,-1,-1,-1,9,E01001103,0,-1
2020040971017,2020,040971017,1,1,0,18,19,2,4,0,0,0,0,0,0,0,1,1,5,6,1,42,7,-1,-1,-1,-1,-1,-1,0,-1
2020010282464,2020,010282464,1,9,0,18,19,5,1,0,0,0,0,0,0,0,1,1,6,6,1,25,5,-1,-1,-1,-1,3,E01002559,0,-1
2020200977815,2020,200977815,2,22,0,5,5,4,8,0,0,1,0,0,0,0,1,1,6,6,1,77,11,-1,-1,-1,-1,2,E01010056,0,-1
2020200997481,2020,200997481,2,1,0,18,19,5,1,0,0,8,0,0,0,0,1,1,6,6,1,52,8,-1,-1,-1,-1,8,E01029652,0,-1
2020040971114,2020,040971114,2,9,0,4,4,5,1,0,0,0,1,0,0,0,1,1,6,6,3,-1,-1,-1,-1,-1,-1,-1,-1,0,-1
2020990949592,2020,990949592,2,9,0,17,19,5,1,0,0,2,0,0,0,0,1,1,6,6,1,16,4,-1,-1,-1,-1,-1,-1,0,-1
2020220983267,2020,220983267,1,19,0,13,13,5,1,0,0,0,0,0,0,0,0,1,6,6,3,34,6,-1,-1,-1,-1,-1,-1,0,-1
2020010243972,2020,010243972,2,9,9,99,99,9,9,99,99,0,9,99,9,99,1,9,6,6,3,-1,-1,-1,-1,-1,-1,-1,-1,0,-1
2020010258249,2020,010258249,1,1,9,99,99,9,9,99,99,9,9,99,9,99,1,1,2,2,1,51,8,-1,-1,-1,-1,2,E01003092,0,-1
2020010232488,2020,010232488,3,9,0,18,19,5,1,0,0,8,0,9,0,0,1,1,6,6,3,-1,-1,-1,-1,-1,-1,-1,-1,0,-1
2020302000885,2020,302000885,4,1,0,18,19,6,2,0,0,1,0,0,0,0,0,1,6,6,1,16,4,-1,-1,-1,-1,8,E01025924,0,-1
2020470930493,2020,470930493,2,9,0,2,2,0,0,0,0,2,0,10,1,0,1,1,6,6,3,-1,-1,-1,-1,-1,-1,-1,-1,0,-1
2020201000852,2020,201000852,2,-1,0,5,5,3,7,0,0,0,0,0,0,0,3,1,6,6,1,17,4,-1,-1,-1,-1,1,E01009566,1,-1
2020070581268,2020,070581268,2,1,0,18,19,3,7,0,0,8,0,0,7,0,1,1,6,6,1,40,7,-1,-1,-1,-1,9,E01018383,0,-1
2020440307662,2020,440307662,1,9,0,18,19,8,4,0,0,0,0,0,0,0,1,1,6,6,3,-1,-1,-1,-1,-1,-1,-1,-1,0,-1
202060Y034812,2020,60Y034812,1,9,0,18,19,1,5,0,0,0,0,0,0,0,0,1,6,6,3,-1,-1,-1,-1,-1,-1,-1,-1,0,-1
2020430089030,2020,430089030,1,9,0,18,19,7,3,0,0,4,2,9,3,1,1,1,6,6,1,20,4,-1,-1,-1,-1,2,E01016819,0,-1
2020210942745,2020,210942745,2,1,0,18,19,1,5,0,0,1,5,0,0,0,1,1,6,6,1,28,6,-1,-1,-1,-1,2,E01029604,0,-1
2020230960620,2020,230960620,1,8,0,18,19,2,6,0,0,0,2,0,7,10,3,1,6,6,1,29,6,-1,-1,-1,-1,6,E01031153,0,-1
202031A180620,2020,31A180620,1,9,0,18,19,7,3,0,0,0,0,0,0,0,1,1,6,6,1,-1,-1,-1,-1,-1,-1,-1,-1,0,-1
2020430150419,2020,430150419,1,9,0,18,19,5,1,0,0,0,0,0,0,0,4,1,2,2,1,50,8,-1,-1,-1,-1,2,E01027137,0,-1
2020160948795,2020,160948795,2,1,0,18,19,3,7,9,9,8,5,0,0,0,1,1,6,6,2,-1,-1,-1,-1,-1,-1,9,E01013217,0,-1
2020360924628,2020,360924628,2,9,0,3,3,1,5,0,0,8,0,0,0,0,2,1,5,6,1,74,10,-1,-1,-1,-1,1,E01026635,0,-1
2020070656748,2020,070656748,1,90,0,18,19,7,3,0,0,1,0,0,0,0,3,1,6,6,1,17,4,-1,-1,-1,-1,2,E01018478,0,-1
2020320390503,2020,320390503,1,9,0,18,19,8,4,0,0,1,0,0,0,0,1,1,6,6,3,-1,-1,-1,-1,-1,-1,-1,-1,0,-1
2020010245492,2020,010245492,2,19,0,6,6,5,5,0,0,8,0,0,0,0,1,1,1,1,1,53,8,-1,-1,-1,-1,5,E01016015,0,-1
2020320603631,2020,320603631,2,9,0,4,4,5,1,0,0,0,0,0,0,0,2,1,6,6,1,42,7,-1,-1,-1,-1,-1,-1,0,-1
2020420957503,2020,420957503,1,1,0,5,5,6,3,0,0,0,0,0,0,0,1,1,5,6,1,11,3,-1,-1,-1,-1,6,E01021373,0,-1
2020010249002,2020,010249002,1,1,9,99,99,8,4,9,9,0,5,0,0,10,1,1,6,6,1,14,3,-1,-1,-1,-1,5,E01000619,0,-1
2020420975842,2020,420975842,4,4,0,9,9,2,4,0,0,0,0,0,0,0,0,1,6,6,3,20,4,-1,-1,-1,-1,-1,-1,0,-1
2020010283670,2020,010283670,2,-1,0,18,19,5,1,0,0,0,0,0,0,0,1,2,6,6,1,15,3,-1,-1,-1,-1,1,E01001876,1,-1
2020170S10030,2020,170S10030,1,1,0,18,19,1,5,0,0,1,0,0,0,0,1,1,6,6,1,15,3,-1,-1,-1,-1,1,E01033477,0,-1
2020410985688,2020,410985688,2,1,0,18,19,4,8,9,9,8,2,11,0,0,1,1,4,7,1,11,3,-1,-1,-1,-1,6,E01023752,0,-1
2020052000015,2020,052000015,2,1,0,18,19,3,7,0,0,8,0,0,0,0,1,1,1,1,1,57,9,-1,-1,-1,-1,-1,-1,0,-1
2020010260483,2020,010260483,2,97,9,18,19,6,2,0,0,1,5,0,0,0,1,9,6,6,1,-1,-1,-1,-1,-1,-1,-1,-1,0,-1
2020010231253,2020,010231253,2,1,0,9,9,7,5,0,0,6,0,0,0,0,2,-1,6,6,1,22,5,-1,-1,-1,-1,3,E01001747,0,-1
2020450927990,2020,450927990,2,9,0,4,4,1,5,0,0,0,0,0,0,0,1,1,6,6,1,50,8,-1,-1,-1,-1,-1,-1,0,-1
2020010257014,2020,010257014,1,1,9,99,99,9,9,99,99,0,9,99,9,99,1,1,6,6,3,-1,-1,-1,-1,-1,-1,-1,-1,0,-1
202006K173011,2020,06K173011,1,90,0,13,13,5,1,0,0,1,0,0,0,0,4,1,6,6,3,-1,-1,-1,-1,-1,-1,-1,-1,0,-1
2020140925695,2020,140925695,1,9,0,18,19,4,8,0,0,0,0,0,0,0,4,1,6,6,3,-1,-1,-1,-1,-1,-1,-1,-1,0,-1
2020070554168,2020,070554168,1,1,0,18,19,1,5,0,0,0,0,0,0,0,1,1,6,6,1,11,3,-1,-1,-1,-1,2,E01018542,0,-1
2020052000461,2020,052000461,1,9,0,18,19,7,3,0,0,0,0,0,0,0,1,1,6,6,3,-1,-1,-1,-1,-1,-1,-1,-1,0,-1
2020010233014,2020,010233014,2,1,0,18,19,6,2,0,0,1,0,0,0,0,1,1,1,1,1,42,7,-1,-1,-1,-1,9,E01003908,0,-1
2020052002036,2020,052002036,2,1,0,18,19,8,4,0,0,8,0,0,0,0,1,1,6,6,1,51,8,-1,-1,-1,-1,3,E01013944,0,-1
2020522000222,2020,522000222,2,8,0,6,6,5,5,0,0,0,0,0,0,0,3,1,6,6,1,30,6,-1,-1,-1,-1,-1,-1,0,-1
2020010255323,2020,010255323,1,1,9,99,99,9,9,99,99,9,9,99,9,99,9,1,6,6,2,50,8,-1,-1,-1,-1,8,E01001470,0,-1
2020420978074,2020,420978074,2,1,0,18,19,1,5,0,0,3,0,0,0,0,4,1,6,6,2,48,8,-1,-1,-1,-1,3,E01015902,0,-1
2020460966622,2020,460966622,1,9,0,18,19,3,7,0,0,0,0,0,0,0,1,1,2,2,1,42,7,-1,-1,-1,-1,9,E01024438,0,-1
2020010265215,2020,010265215,1,11,0,18,19,4,8,0,0,2,0,0,7,0,0,1,1,1,2,41,7,-1,-1,-1,-1,6,E01003693,0,-1
2020332001227,2020,332001227,3,19,0,2,2,0,0,0,0,0,0,0,0,0,0,1,6,6,3,-1,-1,-1,-1,-1,-1,-1,-1,0,-1
2020522005145,2020,522005145,3,9,0,5,5,3,7,0,0,3,0,0,0,0,1,1,6,6,3,-1,-1,-1,-1,-1,-1,-1,-1,0,-1
2020420918790,2020,420918790,2,9,0,7,7,1,7,0,0,6,0,0,0,0,3,1,1,1,1,47,8,-1,-1,-1,-1,1,E01015824,0,-1
2020010255710,2020,010255710,2,1,0,18,19,8,4,0,0,1,0,0,0,0,4,1,6,6,1,58,9,-1,-1,-1,-1,3,E01000185,0,-1
2020990954095,2020,990954095,2,1,0,18,19,2,6,0,0,1,0,0,0,0,1,1,5,6,2,37,7,-1,-1,-1,-1,10,-1,0,-1
2020350978997,2020,350978997,1,90,-1,-1,-1,-1,-1,-1,-1,-1,-1,-1,-1,0,-1,1,6,6,3,-1,-1,-1,-1,-1,-1,-1,-1,0,-1
2020991002841,2020,991002841,1,1,0,18,19,3,7,0,0,1,0,0,0,0,1,1,5,6,1,54,8,-1,-1,-1,-1,6,-1,0,-1
202031D062820,2020,31D062820,1,9,0,18,19,1,5,0,0,4,0,0,0,0,1,1,6,6,3,-1,-1,-1,-1,-1,-1,-1,-1,0,-1
2020230957687,2020,230957687,1,1,0,18,19,3,7,0,0,8,0,0,0,0,2,1,5,6,1,37,7,-1,-1,-1,-1,5,E01031056,0,-1
2020990936267,2020,990936267,1,19,0,14,14,7,3,0,0,0,0,0,0,0,1,1,1,1,1,38,7,-1,-1,-1,-1,2,-1,0,-1
2020420989799,2020,420989799,2,1,0,18,19,3,7,0,0,1,0,0,0,0,1,1,5,6,1,42,7,-1,-1,-1,-1,10,E01021624,0,-1
2020010230705,2020,010230705,2,11,0,4,4,5,1,0,0,1,0,0,0,0,2,1,1,1,1,23,5,-1,-1,-1,-1,4,E01003914,0,-1
2020211002009,2020,211002009,2,1,0,9,9,8,6,0,0,8,0,0,0,0,4,1,6,6,2,26,6,-1,-1,-1,-1,2,E01029351,0,-1
2020010245292,2020,010245292,2,9,0,18,19,8,4,0,0,2,0,0,0,0,1,1,6,6,3,-1,-1,-1,-1,-1,-1,-1,-1,0,-1
2020470977158,2020,470977158,2,1,0,7,7,6,7,0,0,6,0,0,0,0,1,1,6,6,1,49,8,-1,-1,-1,-1,2,E01016873,0,-1
2020460970530,2020,460970530,1,9,0,18,19,2,4,0,0,0,0,0,0,0,1,1,6,6,2,37,7,-1,-1,-1,-1,2,E01024585,0,-1
202006K174553,2020,06K174553,2,19,0,9,9,3,1,0,0,8,0,0,0,0,3,1,1,1,1,24,5,-1,-1,-1,-1,-1,-1,0,-1
2020052000083,2020,052000083,2,1,0,18,19,7,3,0,0,8,0,0,0,0,4,1,2,2,1,52,8,-1,-1,-1,-1,1,E01007293,0,-1
2020530935863,2020,530935863,2,9,0,18,19,5,1,0,0,0,0,0,0,0,2,1,1,1,2,39,7,-1,-1,-1,-1,6,E01022454,0,-1
2020460956810,2020,460956810,2,4,0,14,14,8,4,0,0,0,0,0,0,0,1,1,5,6,1,27,6,-1,-1,-1,-1,3,E01024149,0,-1