collision_index,collision_year,collision_ref_no,vehicle_reference,vehicle_type,towing_and_articulation,vehicle_manoeuvre_historic,vehicle_manoeuvre,vehicle_direction_from,vehicle_direction_to,vehicle_location_restricted_lane_historic,vehicle_location_restricted_lane,junction_location,skidding_and_overturning,hit_object_in_carriageway,vehicle_leaving_carriageway,hit_object_off_carriageway,first_point_of_impact,vehicle_left_hand_drive,journey_purpose_of_driver_historic,journey_purpose_of_driver,sex_of_driver,age_of_driver,age_band_of_driver,engine_capacity_cc,propulsion_code,age_of_vehicle,generic_make_model,driver_imd_decile,lsoa_of_driver,escooter_flag,driver_distance_banding
2020100963467,2020,100963467,2,1,0,18,19,5,1,0,0,8,2,0,0,0,3,1,6,6,1,50,8,-1,-1,-1,-1,10,E01027520,0,-1
2020332000566,2020,332000566,4,9,0,2,2,0,0,0,0,8,0,0,0,0,3,1,6,6,1,30,6,-1,-1,-1,-1,-1,-1,0,-1
2020332000963,2020,332000963,3,9,0,18,19,1,5,0,0,0,0,0,0,0,1,1,2,2,2,40,7,-1,-1,-1,-1,7,E01025895,0,-1
2020501001118,2020,501001118,2,1,0,18,19,3,7,0,0,0,0,0,0,0,0,1,5,6,1,55,8,-1,-1,-1,-1,5,E01020088,0,-1
2020461001887,2020,461001887,3,1,0,18,19,2,6,0,0,0,0,0,0,0,0,1,5,6,2,59,9,-1,-1,-1,-1,5,E01024228,0,-1
2020552000125,2020,552000125,2,1,0,18,19,1,5,0,0,0,0,0,0,0,3,1,6,6,2,16,4,-1,-1,-1,-1,9,E01020421,0,-1
2020332000784,2020,332000784,1,9,0,9,9,6,4,0,0,6,0,0,0,0,1,1,6,6,2,40,7,-1,-1,-1,-1,6,E01026003,0,-1
2020230987769,2020,230987769,2,1,0,17,19,7,5,0,0,8,1,0,0,0,2,1,5,6,2,41,7,-1,-1,-1,-1,7,E01031089,0,-1
2020470956173,2020,470956173,1,9,0,-1,-1,-1,-1,-1,-1,0,-1,-1,-1,0,-1,1,6,6,3,-1,-1,-1,-1,-1,-1,-1,-1,0,-1
2020332000721,2020,332000721,1,9,0,9,9,7,5,0,0,6,0,0,0,0,1,1,6,6,1,78,11,-1,-1,-1,-1,8,E01025792,0,-1
2020440471219,2020,440471219,2,1,0,9,9,6,4,0,0,8,0,0,0,0,4,1,6,6,1,69,10,-1,-1,-1,-1,7,E01032618,0,-1
2020100945506,2020,100945506,2,1,0,18,19,6,2,0,0,0,0,0,0,0,1,1,6,6,1,26,6,-1,-1,-1,-1,7,E01027495,0,-1
2020010256793,2020,010256793,2,1,0,18,19,1,5,4,4,1,9,0,0,99,1,1,6,6,1,31,6,-1,-1,-1,-1,3,E01004440,0,-1
2020440499098,2020,440499098,2,1,0,18,19,4,8,0,0,8,0,0,0,0,1,1,6,6,1,17,4,-1,-1,-1,-1,7,E01023034,0,-1
2020210943037,2020,210943037,1,9,0,18,19,2,6,0,0,0,0,0,0,0,1,1,1,1,1,42,7,-1,-1,-1,-1,1,E01014255,0,-1
2020200957703,2020,200957703,1,9,0,13,13,5,1,0,0,2,0,0,0,0,4,1,1,1,1,32,6,-1,-1,-1,-1,2,E01032461,0,-1
2020332000377,2020,332000377,1,19,0,18,19,4,0,0,0,0,0,0,0,0,4,1,1,1,1,42,7,-1,-1,-1,-1,9,E01018473,0,-1
2020440287934,2020,440287934,2,1,0,9,9,6,4,0,0,8,0,0,0,0,4,1,6,6,1,20,4,-1,-1,-1,-1,5,E01017025,0,-1
2020430051632,2020,430051632,2,1,0,18,19,2,6,0,0,8,0,0,0,0,4,1,2,2,2,58,9,-1,-1,-1,-1,4,E01002873,0,-1
2020520005170,2020,520005170,1,9,0,13,13,2,6,0,0,0,0,0,0,0,4,1,6,6,1,21,5,-1,-1,-1,-1,8,E01014391,0,-1
2020332000383,2020,332000383,2,1,0,18,19,1,5,0,0,8,0,0,0,0,4,1,6,6,1,23,5,-1,-1,-1,-1,5,E01013699,0,-1
2020010263404,2020,010263404,2,19,0,99,99,9,9,99,99,0,9,99,9,99,2,9,6,6,3,-1,-1,-1,-1,-1,-1,-1,-1,0,-1
2020010282911,2020,010282911,1,1,9,99,99,9,9,99,99,9,9,99,9,99,1,1,6,6,2,46,8,-1,-1,-1,-1,3,E01002064,0,-1
2020040973584,2020,040973584,1,98,0,9,9,5,2,0,0,0,0,0,0,0,1,2,1,1,1,58,9,-1,-1,-1,-1,-1,-1,0,-1
2020302001643,2020,302001643,2,1,0,18,19,7,3,0,0,0,0,0,1,11,2,1,6,6,1,13,3,-1,-1,-1,-1,9,E01019643,0,-1
202060Y147622,2020,60Y147622,1,9,0,16,19,3,7,0,0,0,5,10,0,0,4,1,6,6,2,36,7,-1,-1,-1,-1,-1,-1,0,-1
2020350964975,2020,350964975,1,9,0,18,19,1,5,0,0,0,0,0,0,0,1,1,5,6,2,59,9,-1,-1,-1,-1,7,E01015983,0,-1
2020332000258,2020,332000258,2,9,0,16,19,8,4,0,0,0,0,0,0,0,1,1,1,1,1,18,4,-1,-1,-1,-1,1,E01013651,0,-1
2020350935405,2020,350935405,1,9,0,17,19,5,1,0,0,0,2,0,7,0,1,1,5,6,2,36,7,-1,-1,-1,-1,10,E01018055,0,-1
2020010279656,2020,010279656,1,1,9,99,99,9,9,99,99,8,9,99,9,99,1,1,2,2,1,-1,-1,-1,-1,-1,-1,4,E01001854,0,-1
2020010272410,2020,010272410,1,3,0,14,14,2,6,0,0,0,0,0,0,0,1,1,6,6,3,20,4,-1,-1,-1,-1,-1,-1,0,-1
2020010256602,2020,010256602,1,3,0,99,99,9,9,99,99,0,9,99,9,99,9,1,6,6,1,36,7,-1,-1,-1,-1,3,E01033464,0,-1
2020070717730,2020,070717730,2,1,0,18,19,5,1,0,0,1,0,0,0,0,1,1,6,6,1,44,7,-1,-1,-1,-1,9,E01018359,0,-1
2020010262878,2020,010262878,1,1,9,99,99,9,9,99,99,9,9,99,9,99,2,1,2,2,1,51,8,-1,-1,-1,-1,1,E01004300,0,-1
2020140959491,2020,140959491,2,1,0,18,19,2,4,0,0,2,0,0,0,0,4,1,5,6,1,11,3,-1,-1,-1,-1,8,E01007672,0,-1
2020332001250,2020,332001250,1,9,0,18,19,1,5,0,0,0,0,0,0,0,0,1,6,6,1,31,6,-1,-1,-1,-1,-1,-1,0,-1
2020470955783,2020,470955783,2,1,0,18,19,1,5,0,0,3,0,0,0,0,1,1,5,6,1,65,9,-1,-1,-1,-1,9,E01021208,0,-1
2020010252989,2020,010252989,1,9,0,99,99,9,9,99,99,9,9,99,9,99,1,9,6,6,3,50,8,-1,-1,-1,-1,7,E01023886,0,-1
2020010261291,2020,010261291,2,19,0,18,19,5,1,0,0,1,0,0,0,0,1,1,6,6,3,-1,-1,-1,-1,-1,-1,-1,-1,0,-1
2020210971573,2020,210971573,4,9,0,18,19,5,1,0,0,0,0,0,0,0,0,1,1,1,1,-1,-1,-1,-1,-1,-1,-1,-1,0,-1
2020360974544,2020,360974544,1,98,0,18,19,7,3,0,0,0,0,0,0,0,0,1,6,6,3,-1,-1,-1,-1,-1,-1,-1,-1,0,-1
2020500947572,2020,500947572,2,9,0,15,15,1,5,0,0,0,0,0,0,0,4,1,1,1,3,30,6,-1,-1,-1,-1,8,E01019930,0,-1
2020340S05692,2020,340S05692,3,9,0,3,3,7,3,0,0,0,0,0,0,0,2,1,6,6,1,-1,-1,-1,-1,-1,-1,-1,-1,0,-1
2020332000404,2020,332000404,1,19,0,17,19,1,7,0,0,8,0,0,0,0,1,1,1,1,2,45,7,-1,-1,-1,-1,8,E01025644,0,-1
2020010281456,2020,010281456,2,9,0,99,99,9,9,99,99,9,9,99,9,99,9,9,6,6,3,-1,-1,-1,-1,-1,-1,-1,-1,0,-1
2020440360099,2020,440360099,1,9,0,18,19,4,8,0,0,0,0,0,0,0,1,1,1,1,2,29,6,-1,-1,-1,-1,9,E01022830,0,-1
2020430384222,2020,430384222,1,1,0,14,14,5,1,0,0,0,0,0,0,0,4,1,6,6,1,53,8,-1,-1,-1,-1,10,E01017816,0,-1
2020010228708,2020,010228708,2,1,0,16,19,1,3,0,0,1,0,0,0,0,3,-1,1,1,1,31,6,-1,-1,-1,-1,4,E01004699,0,-1
2020450972250,2020,450972250,1,1,0,17,19,5,2,0,0,1,0,0,0,0,4,1,5,6,1,72,10,-1,-1,-1,-1,10,E01030374,0,-1
2020010286693,2020,010286693,2,1,0,5,5,1,5,0,0,8,0,0,0,0,1,1,6,6,1,22,5,-1,-1,-1,-1,8,E01004131,0,-1
2020451005116,2020,451005116,2,9,0,18,19,1,5,0,0,4,0,0,0,0,1,1,6,6,3,45,7,-1,-1,-1,-1,-1,-1,0,-1
2020400969451,2020,400969451,1,21,1,9,9,5,2,0,0,8,1,0,0,0,1,2,1,1,1,47,8,-1,-1,-1,-1,-1,-1,0,-1
2020010246417,2020,010246417,2,1,0,3,3,6,2,0,0,1,0,0,0,0,1,1,1,1,1,50,8,-1,-1,-1,-1,8,E01004557,0,-1
2020040970268,2020,040970268,2,90,0,18,19,7,3,0,0,0,0,0,0,0,2,1,1,1,1,33,6,-1,-1,-1,-1,8,-1,0,-1
2020052000953,2020,052000953,3,9,0,10,10,3,1,0,0,1,0,0,0,0,3,1,6,6,1,62,9,-1,-1,-1,-1,1,E01006484,0,-1
2020052002623,2020,052002623,1,9,0,18,19,5,1,0,0,0,0,0,0,0,1,1,6,6,3,-1,-1,-1,-1,-1,-1,-1,-1,0,-1
202060Z020094,2020,60Z020094,2,9,0,18,19,6,2,0,0,1,0,0,0,0,1,1,6,6,2,55,8,-1,-1,-1,-1,-1,-1,0,-1
2020122000292,2020,122000292,1,9,0,18,19,7,3,0,0,0,0,0,0,0,1,1,6,6,2,35,6,-1,-1,-1,-1,7,E01027890,0,-1
2020200962676,2020,200962676,1,9,0,18,19,2,6,0,0,0,0,0,0,0,1,1,6,6,2,-1,-1,-1,-1,-1,-1,-1,-1,0,-1
2020430193706,2020,430193706,1,17,0,7,7,8,2,0,0,8,0,0,0,0,1,1,1,1,1,26,6,-1,-1,-1,-1,6,E01027758,0,-1
2020010253063,2020,010253063,2,1,0,13,13,4,8,0,0,1,0,0,7,0,1,-1,6,6,1,70,10,-1,-1,-1,-1,-1,-1,0,-1
202006E170463,2020,06E170463,2,1,0,18,19,8,4,0,0,0,0,0,0,2,1,1,6,6,1,27,6,-1,-1,-1,-1,1,E01005133,0,-1
2020010254433,2020,010254433,1,1,9,99,99,9,9,99,99,9,9,99,9,99,2,1,6,6,1,38,7,-1,-1,-1,-1,6,E01000110,0,-1
20201378C1209,2020,1378C1209,1,9,0,18,19,3,1,0,0,6,0,0,0,0,3,1,6,6,1,15,3,-1,-1,-1,-1,1,E01011101,0,-1
202060Y135472,2020,60Y135472,1,98,0,18,19,4,8,0,0,0,0,0,0,0,1,1,6,6,1,-1,-1,-1,-1,-1,-1,-1,-1,0,-1
2020552001144,2020,552001144,2,9,0,18,19,2,6,0,0,1,0,0,0,0,1,1,6,6,2,55,8,-1,-1,-1,-1,2,E01020499,0,-1
2020052002299,2020,052002299,2,1,0,18,19,1,5,0,0,3,0,0,0,0,2,1,6,6,1,57,9,-1,-1,-1,-1,8,E01007107,0,-1
2020010254486,2020,010254486,2,1,0,18,19,3,7,0,0,1,0,0,0,0,1,1,6,6,1,15,3,-1,-1,-1,-1,5,E01000975,0,-1
2020010275680,2020,010275680,2,1,0,18,19,5,1,0,0,1,0,0,0,0,2,1,2,2,1,45,7,-1,-1,-1,-1,5,E01000140,0,-1
2020010268075,2020,010268075,2,1,0,15,15,1,5,0,0,2,0,0,0,0,3,1,6,6,1,47,8,-1,-1,-1,-1,2,E01001757,0,-1
2020430241184,2020,430241184,1,5,0,18,19,1,5,9,9,1,0,0,0,1,1,1,6,6,1,23,5,-1,-1,-1,-1,1,E01016743,0,-1
2020010255538,2020,010255538,2,1,0,18,19,7,3,0,0,1,5,0,1,0,4,1,6,6,1,26,6,-1,-1,-1,-1,5,E01001902,0,-1
2020040968970,2020,040968970,1,1,0,18,19,3,7,0,0,8,0,0,0,0,1,1,5,6,1,10,2,-1,-1,-1,-1,2,E01012654,0,-1
2020010233425,2020,010233425,2,9,0,5,5,5,1,0,0,9,0,0,0,0,1,9,-1,-1,3,-1,-1,-1,-1,-1,-1,-1,-1,0,-1
2020332000939,2020,332000939,2,9,0,2,2,0,0,0,0,0,0,0,0,0,2,1,6,6,2,54,8,-1,-1,-1,-1,3,E01013731,0,-1
2020010252414,2020,010252414,1,97,0,18,19,1,5,0,0,2,5,0,0,0,1,-1,6,6,3,-1,-1,-1,-1,-1,-1,-1,-1,0,-1
2020460994364,2020,460994364,1,21,1,12,12,4,8,0,0,0,0,0,0,0,4,1,1,1,1,-1,-1,-1,-1,-1,-1,-1,-1,0,-1
2020400947675,2020,400947675,2,21,1,18,19,4,8,0,0,0,0,0,0,0,3,2,1,1,1,30,6,-1,-1,-1,-1,-1,-1,0,-1
2020010261761,2020,010261761,2,-1,0,13,13,3,7,0,0,0,2,8,0,0,3,1,1,1,1,44,7,-1,-1,-1,-1,1,E01001786,1,-1
2020010264081,2020,010264081,2,9,0,18,19,7,3,0,0,0,0,0,0,0,2,1,1,1,1,59,9,-1,-1,-1,-1,8,E01028614,0,-1
2020010229838,2020,010229838,1,9,0,18,19,3,7,0,0,3,0,0,0,0,1,1,6,6,3,-1,-1,-1,-1,-1,-1,-1,-1,0,-1
2020461005657,2020,461005657,2,98,0,4,4,6,2,0,0,0,0,0,0,0,2,1,1,1,1,53,8,-1,-1,-1,-1,5,E01030140,0,-1
2020410961290,2020,410961290,2,1,0,10,10,2,5,0,0,0,0,0,0,0,3,1,5,6,1,39,7,-1,-1,-1,-1,6,E01023622,0,-1
2020320046482,2020,320046482,2,90,0,7,7,5,1,0,0,1,0,0,0,0,1,1,1,1,1,48,8,-1,-1,-1,-1,8,E01012911,0,-1
2020052001392,2020,052001392,1,1,0,18,19,3,7,0,0,0,0,0,0,0,1,1,6,6,3,-1,-1,-1,-1,-1,-1,-1,-1,0,-1
2020400940170,2020,400940170,1,9,0,18,19,5,1,0,0,4,5,9,3,0,1,1,5,6,1,17,4,-1,-1,-1,-1,10,E01017419,0,-1
2020230956925,2020,230956925,3,1,0,18,19,4,8,0,0,8,0,0,0,0,1,1,5,6,1,64,9,-1,-1,-1,-1,8,E01031180,0,-1
2020140950779,2020,140950779,1,9,0,5,5,1,7,0,0,6,0,0,0,0,1,1,6,6,1,38,7,-1,-1,-1,-1,4,E01007653,0,-1
2020010249454,2020,010249454,2,1,0,9,9,4,3,0,0,1,0,0,0,0,0,1,1,1,1,29,6,-1,-1,-1,-1,6,E01001519,0,-1
2020450951516,2020,450951516,1,1,0,18,19,1,5,0,0,0,2,0,0,0,1,1,6,6,1,12,3,-1,-1,-1,-1,8,E01030867,0,-1
2020350952657,2020,350952657,2,9,0,18,19,1,5,0,0,0,0,0,0,0,1,1,6,6,2,40,7,-1,-1,-1,-1,-1,-1,0,-1
2020470988687,2020,470988687,3,1,0,18,19,7,3,0,0,8,0,0,0,0,1,1,5,6,1,62,9,-1,-1,-1,-1,7,E01031375,0,-1
2020211001061,2020,211001061,1,3,0,14,14,8,4,0,0,0,0,0,0,0,1,1,6,6,1,-1,-1,-1,-1,-1,-1,-1,-1,0,-1
2020010231556,2020,010231556,1,1,9,99,99,9,9,99,99,4,9,99,9,99,9,1,2,2,1,41,7,-1,-1,-1,-1,3,E01003552,0,-1
2020010275014,2020,010275014,1,1,9,99,99,9,9,99,99,9,9,99,9,99,9,1,6,6,1,40,7,-1,-1,-1,-1,3,E01033704,0,-1
2020231008902,2020,231008902,1,19,0,14,14,1,5,0,0,8,0,0,0,0,1,1,5,6,1,33,6,-1,-1,-1,-1,-1,-1,0,-1
2020100995803,2020,100995803,3,20,0,2,2,0,0,9,9,2,0,0,0,0,3,1,6,6,3,-1,-1,-1,-1,-1,-1,-1,-1,0,-1
2020471006845,2020,471006845,2,1,0,15,15,1,5,0,0,1,0,8,0,0,4,1,1,1,1,43,7,-1,-1,-1,-1,2,E01016873,0,-1
2020430015303,2020,430015303,2,1,0,18,19,7,3,0,0,8,0,0,0,0,3,1,2,2,1,55,8,-1,-1,-1,-1,5,E01016405,0,-1
2020100936722,2020,100936722,2,1,0,18,19,1,5,0,0,0,0,0,0,0,4,1,2,2,1,38,7,-1,-1,-1,-1,4,E01008230,0,-1
2020052001097,2020,052001097,2,1,0,18,19,6,2,0,0,1,0,0,0,0,1,1,6,6,1,16,4,-1,-1,-1,-1,1,E01006877,0,-1
2020470952425,2020,470952425,2,1,0,18,19,7,3,9,9,0,0,0,0,0,0,1,6,6,1,36,7,-1,-1,-1,-1,2,E01020925,0,-1
2020070692469,2020,070692469,2,9,0,5,5,5,1,0,0,1,0,0,0,0,2,1,6,6,1,62,9,-1,-1,-1,-1,5,E01006896,0,-1
2020010256981,2020,010256981,1,1,9,99,99,9,9,99,99,9,9,99,9,99,9,1,6,6,1,67,10,-1,-1,-1,-1,7,E01004159,0,-1
2020350992382,2020,350992382,1,9,0,18,19,3,7,0,0,4,0,0,0,0,1,1,6,6,2,-1,-1,-1,-1,-1,-1,-1,-1,0,-1
2020100970805,2020,100970805,1,1,0,18,19,7,3,0,0,0,0,0,0,0,0,1,6,6,3,18,4,-1,-1,-1,-1,-1,-1,0,-1
2020543049620,2020,543049620,2,9,0,18,19,5,1,0,0,0,1,0,1,9,1,1,6,6,1,28,6,-1,-1,-1,-1,8,E01015534,0,-1
2020552000439,2020,552000439,1,9,0,18,19,8,4,0,0,4,0,0,0,0,1,1,6,6,3,-1,-1,-1,-1,-1,-1,-1,-1,0,-1
2020122000592,2020,122000592,1,1,0,15,15,5,2,0,0,0,0,0,0,0,1,1,6,6,1,58,9,-1,-1,-1,-1,6,E01013441,0,-1
2020010236444,2020,010236444,2,1,0,18,19,7,3,0,0,4,0,0,0,0,4,1,1,1,1,42,7,-1,-1,-1,-1,2,E01004435,0,-1
2020010279031,2020,010279031,1,-1,0,99,99,9,9,9,9,0,0,0,9,0,1,9,6,6,3,-1,-1,-1,-1,-1,-1,-1,-1,1,-1
2020010230487,2020,010230487,2,5,0,9,9,6,3,0,0,5,0,0,0,0,2,1,2,2,1,63,9,-1,-1,-1,-1,-1,-1,0,-1
2020552000950,2020,552000950,2,1,0,3,3,7,3,0,0,3,0,0,0,0,4,1,1,1,1,44,7,-1,-1,-1,-1,6,E01015383,0,-1
2020470954145,2020,470954145,2,1,0,9,9,7,5,0,0,0,0,0,0,0,3,1,6,6,1,38,7,-1,-1,-1,-1,5,E01016876,0,-1
2020010230827,2020,010230827,1,10,0,99,99,9,9,99,99,9,9,99,9,99,1,9,6,6,1,40,7,-1,-1,-1,-1,7,E01000347,0,-1
2020320565842,2020,320565842,1,9,0,1,1,1,1,0,0,0,0,0,0,0,2,1,6,6,1,24,5,-1,-1,-1,-1,3,E01026270,0,-1
2020430307046,2020,430307046,1,9,0,18,19,7,3,0,0,4,0,0,0,0,1,1,6,6,1,-1,-1,-1,-1,-1,-1,-1,-1,0,-1
2020052000701,2020,052000701,2,1,0,7,7,7,1,0,0,8,0,0,0,0,2,1,6,6,1,13,3,-1,-1,-1,-1,1,E01007055,0,-1
2020622000195,2020,622000195,2,9,0,18,19,8,4,0,0,8,0,0,0,0,1,1,1,1,1,58,9,-1,-1,-1,-1,6,W01001840,0,-1
202060Y016704,2020,60Y016704,3,98,1,18,19,7,3,0,0,0,0,0,0,0,4,1,1,1,1,64,9,-1,-1,-1,-1,-1,-1,0,-1
2020040962390,2020,040962390,2,1,0,18,19,5,1,0,0,1,0,0,0,0,1,1,6,6,1,33,6,-1,-1,-1,-1,1,E01025283,0,-1
2020010251958,2020,010251958,2,1,0,18,19,2,6,0,0,1,0,0,0,0,2,1,6,6,1,20,4,-1,-1,-1,-1,5,E01002682,0,-1
2020461007099,2020,461007099,2,9,0,3,3,4,8,0,0,1,0,0,0,0,2,1,1,1,1,30,6,-1,-1,-1,-1,2,E01015791,0,-1
202060Y086470,2020,60Y086470,2,1,0,18,19,1,5,0,0,0,0,0,0,0,2,1,6,6,1,44,7,-1,-1,-1,-1,-1,-1,0,-1
2020350929933,2020,350929933,1,1,0,18,19,7,3,0,0,8,5,0,0,0,3,1,2,2,1,37,7,-1,-1,-1,-1,2,E01018143,0,-1
2020500983126,2020,500983126,2,1,0,18,19,3,7,0,0,0,0,0,0,0,4,1,6,6,1,31,6,-1,-1,-1,-1,4,E01019024,0,-1
2020552000340,2020,552000340,2,1,0,9,9,8,6,0,0,1,0,0,0,0,2,1,4,7,1,11,3,-1,-1,-1,-1,7,E01020576,0,-1
2020500946885,2020,500946885,1,1,0,18,19,4,7,0,0,8,0,0,0,0,1,1,6,6,2,43,7,-1,-1,-1,-1,4,E01019007,0,-1
2020411003992,2020,411003992,1,9,0,5,5,3,7,0,0,6,0,0,0,0,1,1,6,6,1,-1,-1,-1,-1,-1,-1,-1,-1,0,-1
2020201005767,2020,201005767,1,9,0,1,1,5,1,9,9,0,0,0,0,0,2,1,6,6,3,-1,-1,-1,-1,-1,-1,-1,-1,0,-1
2020100972186,2020,100972186,2,1,0,18,19,1,5,0,0,4,0,0,0,0,2,1,2,2,1,57,9,-1,-1,-1,-1,3,E01008636,0,-1
2020332000965,2020,332000965,1,9,0,7,7,3,5,0,0,6,0,0,0,0,1,1,6,6,2,70,10,-1,-1,-1,-1,6,E01025824,0,-1
2020140973525,2020,140973525,2,1,0,9,9,6,4,0,0,0,0,0,0,0,2,1,5,6,2,64,9,-1,-1,-1,-1,7,E01007605,0,-1
2020010250974,2020,010250974,2,9,0,99,99,9,9,99,99,9,9,99,9,99,1,9,6,6,3,-1,-1,-1,-1,-1,-1,-1,-1,0,-1
2020420938828,2020,420938828,1,1,0,18,19,2,6,9,9,0,0,0,0,0,1,1,6,6,1,13,3,-1,-1,-1,-1,-1,-1,0,-1
2020470938737,2020,470938737,1,1,0,18,19,7,3,4,4,8,0,0,0,0,2,1,1,1,1,15,3,-1,-1,-1,-1,8,E01031505,0,-1
2020520100397,2020,520100397,1,17,0,4,4,4,8,0,0,1,0,0,0,0,2,1,6,6,1,72,10,-1,-1,-1,-1,10,E01028685,0,-1
2020200966967,2020,200966967,1,98,0,7,7,2,4,0,0,5,0,0,0,0,1,1,6,6,3,-1,-1,-1,-1,-1,-1,-1,-1,0,-1
2020340E02062,2020,340E02062,2,9,0,18,19,6,2,0,0,2,0,0,0,0,0,1,6,6,3,-1,-1,-1,-1,-1,-1,-1,-1,0,-1
2020010249978,2020,010249978,1,8,0,18,19,5,1,2,2,2,0,0,0,0,1,1,6,6,1,20,4,-1,-1,-1,-1,-1,-1,0,-1
2020010262433,2020,010262433,1,1,9,99,99,9,9,99,99,9,9,99,9,99,1,1,6,6,1,41,7,-1,-1,-1,-1,4,E01003914,0,-1
2020460965282,2020,460965282,1,9,0,12,12,7,3,0,0,0,0,0,0,0,0,1,6,6,3,-1,-1,-1,-1,-1,-1,-1,-1,0,-1
2020070634954,2020,070634954,2,1,0,18,19,7,3,0,0,1,0,0,0,0,1,1,6,6,1,46,8,-1,-1,-1,-1,9,E01018650,0,-1
2020040946566,2020,040946566,1,9,0,11,11,1,5,0,0,1,0,0,0,0,1,1,5,6,1,33,6,-1,-1,-1,-1,3,E01025143,0,-1
2020440351452,2020,440351452,1,19,0,13,13,8,4,0,0,0,0,0,0,0,1,1,1,1,1,27,6,-1,-1,-1,-1,9,E01023190,0,-1
2020332000870,2020,332000870,1,9,0,18,19,1,5,0,0,8,0,0,0,0,4,1,6,6,2,46,8,-1,-1,-1,-1,3,E01013697,0,-1
2020302000607,2020,302000607,2,3,0,18,19,8,2,0,0,0,0,0,0,0,1,1,6,6,3,-1,-1,-1,-1,-1,-1,5,E01019456,0,-1
2020610026520,2020,610026520,2,9,0,7,7,6,8,0,0,1,0,0,0,0,2,1,6,6,3,21,5,-1,-1,-1,-1,2,W01001660,0,-1
2020400944679,2020,400944679,2,1,-1,-1,-1,-1,-1,-1,-1,-1,-1,-1,-1,0,-1,1,6,6,1,53,8,-1,-1,-1,-1,8,E01017427,0,-1
20201371I0811,2020,1371I0811,2,1,0,18,19,3,7,0,0,1,0,0,0,0,1,1,6,6,1,48,8,-1,-1,-1,-1,10,E01011196,0,-1
2020430017931,2020,430017931,1,9,0,18,19,7,3,0,0,1,0,0,0,0,1,1,6,6,3,-1,-1,-1,-1,-1,-1,-1,-1,0,-1
2020332000487,2020,332000487,1,9,0,18,19,5,1,0,0,0,0,0,0,0,1,1,6,6,1,28,6,-1,-1,-1,-1,5,E01025920,0,-1
2020421000177,2020,421000177,1,97,0,-1,-1,-1,-1,-1,-1,-1,-1,-1,-1,0,-1,1,6,6,1,-1,-1,-1,-1,-1,-1,-1,-1,0,-1
2020542296220,2020,542296220,1,9,0,18,19,4,8,0,0,1,0,0,0,0,9,1,6,6,3,-1,-1,-1,-1,-1,-1,-1,-1,0,-1
2020122001258,2020,122001258,2,1,0,18,19,2,6,0,0,1,1,0,0,0,1,1,4,7,1,17,4,-1,-1,-1,-1,10,E01027561,0,-1
2020542899220,2020,542899220,1,9,0,18,19,7,3,0,0,0,0,0,0,0,0,1,6,6,3,-1,-1,-1,-1,-1,-1,-1,-1,0,-1
2020370961579,2020,370961579,1,90,0,18,19,5,1,0,0,2,0,0,0,0,-1,1,6,6,3,-1,-1,-1,-1,-1,-1,-1,-1,0,-1
2020990919752,2020,990919752,3,9,0,3,3,1,5,0,0,0,0,0,0,0,2,1,2,2,1,37,7,-1,-1,-1,-1,2,-1,0,-1
2020010247023,2020,010247023,2,9,0,5,5,3,7,0,0,2,0,0,0,0,1,1,1,1,1,59,9,-1,-1,-1,-1,8,E01000967,0,-1
2020010266162,2020,010266162,1,21,1,18,19,3,7,0,0,0,0,0,0,0,1,2,1,1,1,45,7,-1,-1,-1,-1,-1,-1,0,-1
2020010264242,2020,010264242,1,1,9,99,99,9,9,99,99,9,9,99,9,99,9,1,2,2,2,26,6,-1,-1,-1,-1,4,E01003029,0,-1
2020470996999,2020,470996999,2,1,0,17,19,4,1,0,0,1,0,0,0,0,1,1,5,6,1,29,6,-1,-1,-1,-1,4,E01003076,0,-1
2020010261201,2020,010261201,2,9,0,18,19,4,8,0,0,1,0,0,0,0,1,1,6,6,1,34,6,-1,-1,-1,-1,2,E01004255,0,-1
2020010233015,2020,010233015,1,1,9,99,99,9,9,99,99,0,9,99,9,99,9,1,2,2,2,27,6,-1,-1,-1,-1,5,E01003018,0,-1
2020440361043,2020,440361043,2,5,0,4,4,7,1,0,0,1,0,0,0,0,2,1,2,2,1,64,9,-1,-1,-1,-1,4,E01017199,0,-1
2020360937932,2020,360937932,2,1,0,18,19,8,4,0,0,0,0,0,0,0,1,1,4,7,1,8,2,-1,-1,-1,-1,1,E01026793,0,-1
2020332000135,2020,332000135,1,9,0,18,19,5,1,9,9,1,0,0,0,0,1,1,6,6,3,-1,-1,-1,-1,-1,-1,-1,-1,0,-1
202060Y012580,2020,60Y012580,1,9,0,9,9,7,5,0,0,6,0,0,0,0,3,1,6,6,1,89,11,-1,-1,-1,-1,-1,-1,0,-1
2020370997239,2020,370997239,1,9,0,18,19,1,5,0,0,0,0,0,0,0,1,1,1,1,1,39,7,-1,-1,-1,-1,8,E01029957,0,-1
2020332000328,2020,332000328,2,5,0,18,19,2,6,0,0,8,0,0,0,0,2,1,6,6,1,39,7,-1,-1,-1,-1,8,E01025861,0,-1
2020302001353,2020,302001353,2,1,0,18,19,1,5,0,0,0,1,0,0,0,1,1,6,6,1,21,5,-1,-1,-1,-1,4,E01005304,0,-1
2020010254176,2020,010254176,2,1,0,18,19,5,1,0,0,0,0,0,0,0,1,1,6,6,1,21,5,-1,-1,-1,-1,2,E01002723,0,-1
2020450916048,2020,450916048,1,9,0,18,19,2,6,7,6,0,5,0,0,0,0,1,1,1,1,26,6,-1,-1,-1,-1,9,E01030929,0,-1
2020010228086,2020,010228086,1,3,0,18,19,7,3,9,9,0,0,11,0,0,1,1,6,6,3,-1,-1,-1,-1,-1,-1,-1,-1,0,-1
2020500956890,2020,500956890,2,1,0,18,19,1,5,0,0,8,2,0,0,0,2,1,5,6,1,44,7,-1,-1,-1,-1,5,E01020006,0,-1
2020430005466,2020,430005466,4,9,0,18,19,4,8,0,0,0,0,0,0,0,1,1,2,2,2,30,6,-1,-1,-1,-1,10,E01017639,0,-1
202031A140220,2020,31A140220,1,9,0,18,19,5,1,0,0,8,0,0,0,0,1,1,6,6,3,-1,-1,-1,-1,-1,-1,-1,-1,0,-1