collision_index,collision_year,collision_ref_no,vehicle_reference,vehicle_type,towing_and_articulation,vehicle_manoeuvre_historic,vehicle_manoeuvre,vehicle_direction_from,vehicle_direction_to,vehicle_location_restricted_lane_historic,vehicle_location_restricted_lane,junction_location,skidding_and_overturning,hit_object_in_carriageway,vehicle_leaving_carriageway,hit_object_off_carriageway,first_point_of_impact,vehicle_left_hand_drive,journey_purpose_of_driver_historic,journey_purpose_of_driver,sex_of_driver,age_of_driver,age_band_of_driver,engine_capacity_cc,propulsion_code,age_of_vehicle,generic_make_model,driver_imd_decile,lsoa_of_driver,escooter_flag,driver_distance_banding
2020350995751,2020,350995751,1,1,0,2,2,1,5,0,0,0,0,0,0,0,1,1,6,6,1,13,3,-1,-1,-1,-1,6,E01018150,0,-1
202060Y075859,2020,60Y075859,2,4,0,18,19,4,8,0,0,8,0,0,0,0,2,1,1,1,2,22,5,-1,-1,-1,-1,-1,-1,0,-1
2020010277999,2020,010277999,1,9,0,99,99,9,9,99,99,0,9,99,9,99,9,9,6,6,1,35,6,-1,-1,-1,-1,7,E01000314,0,-1
2020460922502,2020,460922502,1,1,0,18,19,6,2,0,0,0,0,0,0,0,3,1,2,2,1,29,6,-1,-1,-1,-1,-1,-1,0,-1
2020201012854,2020,201012854,2,98,0,4,4,3,7,0,0,0,0,0,0,0,2,1,6,6,1,28,6,-1,-1,-1,-1,3,E01009232,0,-1
2020461001304,2020,461001304,1,9,0,18,19,7,3,0,0,0,0,0,0,0,1,1,6,6,3,-1,-1,-1,-1,-1,-1,-1,-1,0,-1
2020332000863,2020,332000863,1,8,0,18,19,2,6,0,0,0,0,0,0,0,1,1,1,1,1,57,9,-1,-1,-1,-1,1,E01013755,0,-1
2020501037089,2020,501037089,3,9,-1,18,19,5,1,0,0,4,0,0,0,0,2,1,6,6,3,-1,-1,-1,-1,-1,-1,-1,-1,0,-1
2020010253751,2020,010253751,2,10,0,9,9,5,3,0,0,0,0,0,0,0,3,1,6,6,1,19,4,-1,-1,-1,-1,-1,-1,0,-1
2020010257370,2020,010257370,1,1,9,99,99,9,9,99,99,0,9,99,9,99,1,1,6,6,1,35,6,-1,-1,-1,-1,1,E01003207,0,-1
2020400981066,2020,400981066,2,1,0,18,19,5,1,0,0,8,0,0,0,0,1,1,5,6,1,32,6,-1,-1,-1,-1,5,E01016822,0,-1
2020010236487,2020,010236487,2,1,0,18,19,1,5,0,0,4,0,0,0,0,1,1,1,1,1,54,8,-1,-1,-1,-1,5,E01001902,0,-1
2020440211783,2020,440211783,1,9,0,4,4,6,2,0,0,0,0,0,0,0,1,1,6,6,1,24,5,-1,-1,-1,-1,6,E01017142,0,-1
2020010252925,2020,010252925,1,98,0,7,7,3,6,0,0,3,0,0,0,0,0,1,6,6,3,-1,-1,-1,-1,-1,-1,-1,-1,0,-1
2020332001202,2020,332001202,2,9,0,18,19,3,7,0,0,0,0,0,0,0,0,1,6,6,1,38,7,-1,-1,-1,-1,-1,-1,0,-1
2020010252556,2020,010252556,2,1,0,18,19,2,6,0,0,1,2,0,0,0,4,1,6,6,2,20,4,-1,-1,-1,-1,3,E01000245,0,-1
2020320254511,2020,320254511,2,1,0,18,19,3,3,0,0,4,0,0,0,0,4,1,6,6,2,58,9,-1,-1,-1,-1,1,E01026157,0,-1
2020230953030,2020,230953030,2,1,0,9,9,7,5,0,0,5,0,0,0,0,2,1,5,6,1,73,10,-1,-1,-1,-1,8,E01031152,0,-1
2020990978527,2020,990978527,1,98,0,9,9,8,6,0,0,6,0,0,0,0,1,1,6,6,1,-1,-1,-1,-1,-1,-1,-1,-1,0,-1
2020430046242,2020,430046242,1,1,0,18,19,4,8,0,0,8,0,0,0,0,4,1,2,2,1,43,7,-1,-1,-1,-1,10,E01016430,0,-1
2020440089947,2020,440089947,1,1,0,9,9,2,8,0,0,8,0,0,0,0,4,1,6,6,2,28,6,-1,-1,-1,-1,5,E01017152,0,-1
2020041004462,2020,041004462,4,9,0,2,2,0,0,0,0,0,0,0,0,0,2,1,6,6,3,-1,-1,-1,-1,-1,-1,-1,-1,0,-1
2020470964250,2020,470964250,1,1,0,18,19,4,8,0,0,1,0,11,0,0,1,1,5,6,1,25,5,-1,-1,-1,-1,9,E01017005,0,-1
2020010256994,2020,010256994,2,20,0,99,99,9,9,99,99,0,9,99,9,99,9,9,6,6,3,-1,-1,-1,-1,-1,-1,-1,-1,0,-1
202060Y065074,2020,60Y065074,1,1,0,18,19,7,3,9,9,1,0,0,0,0,1,1,6,6,1,48,8,-1,-1,-1,-1,-1,-1,0,-1
2020140960360,2020,140960360,5,98,0,2,2,0,0,0,0,0,0,0,0,0,3,1,6,6,3,-1,-1,-1,-1,-1,-1,-1,-1,0,-1
2020030918056,2020,030918056,4,9,0,18,19,5,1,0,0,0,0,0,0,0,1,1,6,6,1,53,8,-1,-1,-1,-1,10,-1,0,-1
2020552001096,2020,552001096,2,1,0,18,19,5,1,0,0,8,0,0,0,0,1,1,2,2,1,18,4,-1,-1,-1,-1,1,E01015290,0,-1
2020161010095,2020,161010095,2,9,0,2,2,0,0,0,0,2,0,0,0,0,2,1,6,6,3,-1,-1,-1,-1,-1,-1,-1,-1,0,-1
2020010249388,2020,010249388,2,1,0,18,19,3,7,0,0,1,0,0,0,0,1,1,6,6,1,33,6,-1,-1,-1,-1,3,E01001589,0,-1
2020052000846,2020,052000846,1,1,0,18,19,3,7,0,0,8,0,0,0,0,1,1,6,6,1,28,6,-1,-1,-1,-1,3,E01006671,0,-1
2020480942984,2020,480942984,2,1,0,9,9,7,5,5,5,8,0,0,0,0,3,1,2,2,2,29,6,-1,-1,-1,-1,3,E01004022,0,-1
2020010253038,2020,010253038,2,1,0,5,5,3,7,0,0,0,2,0,0,0,3,1,4,7,1,9,2,-1,-1,-1,-1,4,E01003317,0,-1
2020010280239,2020,010280239,1,1,0,99,99,9,9,0,0,8,0,0,0,0,9,1,6,6,1,43,7,-1,-1,-1,-1,8,E01002993,0,-1
2020010267650,2020,010267650,2,9,0,99,99,9,9,99,99,9,9,99,9,99,9,9,6,6,3,-1,-1,-1,-1,-1,-1,-1,-1,0,-1
2020430036365,2020,430036365,1,1,0,18,19,5,1,0,0,4,0,0,0,0,3,1,6,6,1,58,9,-1,-1,-1,-1,5,E01016376,0,-1
2020320335795,2020,320335795,1,9,0,10,10,1,5,0,0,8,0,0,0,0,4,1,6,6,3,-1,-1,-1,-1,-1,-1,-1,-1,0,-1
2020137B90397,2020,137B90397,2,1,0,18,19,1,5,0,0,8,0,0,0,0,3,1,6,6,1,32,6,-1,-1,-1,-1,6,E01011440,0,-1
2020210971897,2020,210971897,2,9,0,2,2,0,0,0,0,0,0,0,0,0,2,1,5,6,1,59,9,-1,-1,-1,-1,2,E01014236,0,-1
202060Y033262,2020,60Y033262,2,9,0,18,19,5,1,0,0,0,0,0,0,0,1,1,6,6,2,54,8,-1,-1,-1,-1,-1,-1,0,-1
2020200947630,2020,200947630,1,9,0,11,11,2,6,0,0,3,0,0,0,0,3,1,6,6,3,-1,-1,-1,-1,-1,-1,-1,-1,0,-1
2020410926372,2020,410926372,2,1,0,18,19,5,1,0,0,0,0,0,0,0,3,1,1,1,2,23,5,-1,-1,-1,-1,9,E01033609,0,-1
2020010276721,2020,010276721,4,9,0,7,7,1,3,0,0,2,0,0,0,0,0,1,6,6,3,-1,-1,-1,-1,-1,-1,-1,-1,0,-1
2020010261501,2020,010261501,1,3,0,17,19,8,4,0,0,8,0,0,0,0,1,1,6,6,3,-1,-1,-1,-1,-1,-1,-1,-1,0,-1
2020161013730,2020,161013730,2,1,0,18,19,2,6,0,0,0,0,0,0,0,1,1,6,6,1,20,4,-1,-1,-1,-1,3,E01012784,0,-1
2020340N00962,2020,340N00962,2,1,0,18,19,7,3,0,0,4,0,0,0,0,3,1,6,6,1,52,8,-1,-1,-1,-1,5,E01027232,0,-1
2020430251229,2020,430251229,1,19,0,18,19,5,1,0,0,0,0,0,0,0,4,1,1,1,1,-1,-1,-1,-1,-1,-1,-1,-1,0,-1
2020302000726,2020,302000726,1,9,0,18,19,5,1,0,0,2,0,0,0,0,4,1,6,6,1,53,8,-1,-1,-1,-1,7,E01019746,0,-1
202031A047120,2020,31A047120,1,9,0,9,9,8,7,0,0,5,0,0,0,0,4,1,1,1,1,41,7,-1,-1,-1,-1,7,E01024538,0,-1
2020010282912,2020,010282912,2,1,0,18,19,7,3,4,4,8,0,0,0,0,3,1,2,2,1,58,9,-1,-1,-1,-1,6,E01003153,0,-1
2020990937617,2020,990937617,1,8,0,4,4,5,1,0,0,0,0,0,0,0,0,1,1,1,1,51,8,-1,-1,-1,-1,1,-1,0,-1
2020040923141,2020,040923141,2,98,0,18,19,3,3,0,0,1,0,0,1,0,1,1,1,1,1,39,7,-1,-1,-1,-1,1,E01012720,0,-1
202006K176327,2020,06K176327,3,9,0,18,19,8,4,0,0,8,0,0,0,0,0,1,6,6,1,20,4,-1,-1,-1,-1,3,E01004929,0,-1
2020440127749,2020,440127749,2,3,0,18,19,5,1,0,0,3,0,0,0,0,4,1,6,6,1,32,6,-1,-1,-1,-1,6,E01022736,0,-1
2020010250173,2020,010250173,2,1,0,7,7,3,5,0,0,8,0,0,1,0,2,1,6,6,1,25,5,-1,-1,-1,-1,2,E01001438,0,-1
2020610002620,2020,610002620,3,9,0,5,5,1,4,0,0,1,0,0,0,0,4,1,6,6,1,-1,-1,-1,-1,-1,-1,-1,-1,0,-1
2020010278729,2020,010278729,1,3,0,99,99,9,9,99,99,9,9,99,9,99,2,1,2,2,1,25,5,-1,-1,-1,-1,6,E01000555,0,-1
2020010280525,2020,010280525,2,1,0,18,19,1,5,4,4,1,0,0,0,0,1,1,6,6,1,25,5,-1,-1,-1,-1,4,E01002699,0,-1
2020210970809,2020,210970809,1,9,0,7,7,1,3,0,0,0,0,0,0,0,1,1,6,6,3,-1,-1,-1,-1,-1,-1,-1,-1,0,-1
2020302001164,2020,302001164,2,1,0,18,19,6,2,0,0,0,0,0,0,0,2,1,2,2,1,26,6,-1,-1,-1,-1,8,E01004587,0,-1
2020010276158,2020,010276158,2,9,0,9,9,8,6,0,0,8,0,0,0,0,4,1,6,6,3,-1,-1,-1,-1,-1,-1,-1,-1,0,-1
2020622000989,2020,622000989,1,9,0,18,19,3,7,0,0,1,0,0,0,0,4,1,6,6,3,-1,-1,-1,-1,-1,-1,-1,-1,0,-1
2020520005022,2020,520005022,2,9,0,7,7,1,3,0,0,6,0,0,0,0,3,1,6,6,2,85,11,-1,-1,-1,-1,8,E01029201,0,-1
2020990992975,2020,990992975,2,9,0,18,19,1,5,0,0,4,0,0,0,0,1,1,5,6,2,28,6,-1,-1,-1,-1,-1,-1,0,-1
2020520100412,2020,520100412,1,9,0,17,19,1,5,0,0,0,5,0,0,0,1,1,6,6,2,18,4,-1,-1,-1,-1,6,E01029213,0,-1
2020137A51334,2020,137A51334,2,1,0,18,19,3,7,0,0,8,0,0,0,0,1,1,6,6,1,26,6,-1,-1,-1,-1,2,E01011378,0,-1
202060Y031035,2020,60Y031035,1,9,0,18,19,5,1,0,0,0,0,0,0,0,1,1,6,6,2,76,11,-1,-1,-1,-1,-1,-1,0,-1
202063BF00620,2020,63BF00620,1,5,0,17,19,1,6,0,0,0,1,0,2,7,3,1,6,6,1,26,6,-1,-1,-1,-1,9,W01001578,0,-1
202060Y095406,2020,60Y095406,2,1,0,18,19,2,6,0,0,0,0,0,0,0,2,1,6,6,1,16,4,-1,-1,-1,-1,-1,-1,0,-1
2020332001117,2020,332001117,1,9,0,18,19,5,1,0,0,0,0,0,0,0,0,1,6,6,1,30,6,-1,-1,-1,-1,-1,-1,0,-1
2020160988885,2020,160988885,2,9,0,2,2,0,0,0,0,0,0,0,0,0,4,1,6,6,3,-1,-1,-1,-1,-1,-1,-1,-1,0,-1
2020010237793,2020,010237793,2,1,9,99,99,9,9,99,99,9,9,99,9,99,9,1,6,6,1,-1,-1,-1,-1,-1,-1,-1,-1,0,-1
2020440065322,2020,440065322,1,1,0,18,19,2,6,0,0,1,0,0,0,0,3,1,2,2,1,22,5,-1,-1,-1,-1,5,E01017088,0,-1
2020460946594,2020,460946594,2,9,0,2,2,3,7,0,0,1,0,0,0,0,4,1,6,6,3,-1,-1,-1,-1,-1,-1,-1,-1,0,-1
2020440360792,2020,440360792,2,3,0,4,4,3,7,0,0,0,0,0,0,0,2,1,6,6,1,40,7,-1,-1,-1,-1,10,E01022725,0,-1
2020450955748,2020,450955748,2,9,0,18,19,3,7,0,0,1,0,0,0,0,1,1,6,6,3,45,7,-1,-1,-1,-1,-1,-1,0,-1
2020040967970,2020,040967970,3,9,0,2,2,0,0,9,9,1,0,0,0,0,2,1,6,6,3,-1,-1,-1,-1,-1,-1,-1,-1,0,-1
2020201002931,2020,201002931,1,9,0,18,19,-1,-1,0,0,0,0,0,0,0,1,1,6,6,3,-1,-1,-1,-1,-1,-1,-1,-1,0,-1
2020990960733,2020,990960733,2,9,0,18,19,8,4,0,0,0,0,0,0,0,1,1,2,2,1,39,7,-1,-1,-1,-1,8,-1,0,-1
2020122000456,2020,122000456,1,9,0,5,5,2,6,0,0,1,0,0,0,0,1,1,1,1,1,35,6,-1,-1,-1,-1,8,E01013409,0,-1
2020010263104,2020,010263104,2,1,0,5,5,1,5,0,0,0,0,0,0,0,3,1,6,6,1,19,4,-1,-1,-1,-1,2,E01000525,0,-1
2020010257500,2020,010257500,2,1,0,18,19,7,3,4,4,1,0,0,0,0,1,1,6,6,1,34,6,-1,-1,-1,-1,3,E01004427,0,-1
2020430279270,2020,430279270,2,1,0,18,19,6,2,0,0,8,0,0,0,0,3,1,6,6,1,43,7,-1,-1,-1,-1,8,E01017818,0,-1
2020302000918,2020,302000918,2,1,0,18,19,8,4,0,0,0,0,0,0,0,2,1,6,6,1,17,4,-1,-1,-1,-1,7,E01019695,0,-1
2020430364403,2020,430364403,2,9,0,17,19,5,1,0,0,0,0,0,0,0,1,1,6,6,1,36,7,-1,-1,-1,-1,9,E01016696,0,-1
2020430358707,2020,430358707,1,1,0,5,5,4,8,0,0,2,0,0,0,0,3,1,6,6,1,60,9,-1,-1,-1,-1,7,E01028541,0,-1
2020520002761,2020,520002761,1,1,0,18,19,6,2,0,0,0,0,0,0,0,1,1,6,6,1,10,2,-1,-1,-1,-1,6,E01029192,0,-1
2020010283638,2020,010283638,1,1,0,18,19,7,3,0,0,1,0,0,0,0,2,1,6,6,2,36,7,-1,-1,-1,-1,8,E01000206,0,-1
2020302000070,2020,302000070,2,19,0,18,19,4,8,0,0,8,0,0,0,0,1,1,1,1,1,69,10,-1,-1,-1,-1,-1,-1,0,-1
2020450979081,2020,450979081,2,1,0,18,19,3,7,0,0,8,0,0,0,0,4,1,5,6,1,55,8,-1,-1,-1,-1,7,E01030905,0,-1
20201378I0591,2020,1378I0591,1,9,0,18,19,1,5,0,0,8,0,0,0,0,0,1,6,6,3,-1,-1,-1,-1,-1,-1,-1,-1,0,-1
2020460999698,2020,460999698,1,9,0,18,19,2,7,0,0,4,0,0,0,0,1,1,5,6,3,-1,-1,-1,-1,-1,-1,-1,-1,0,-1
2020470946567,2020,470946567,1,1,0,18,19,1,5,0,0,0,0,0,0,0,3,1,6,6,1,40,7,-1,-1,-1,-1,4,E01031469,0,-1
2020211023156,2020,211023156,2,1,0,18,19,2,6,0,0,0,0,0,0,0,3,1,4,7,1,15,3,-1,-1,-1,-1,7,E01014216,0,-1
2020052002262,2020,052002262,2,1,0,18,19,7,3,0,0,0,0,0,0,0,3,1,6,6,1,31,6,-1,-1,-1,-1,1,E01006767,0,-1
2020302001281,2020,302001281,2,1,0,18,19,4,8,0,0,0,0,0,0,0,3,1,6,6,1,10,2,-1,-1,-1,-1,1,E01019808,0,-1
2020450957189,2020,450957189,1,4,0,18,19,8,4,0,0,0,2,7,1,0,1,1,5,6,1,24,5,-1,-1,-1,-1,10,E01030948,0,-1
2020370978936,2020,370978936,2,9,0,2,2,8,7,0,0,0,0,0,0,0,1,1,6,6,3,-1,-1,-1,-1,-1,-1,-1,-1,0,-1
2020200975987,2020,200975987,1,9,0,18,19,4,8,0,0,4,0,0,0,0,1,1,6,6,2,51,8,-1,-1,-1,-1,2,E01033624,0,-1
2020332000809,2020,332000809,1,98,0,18,19,5,1,0,0,0,0,0,0,0,1,1,6,6,3,-1,-1,-1,-1,-1,-1,-1,-1,0,-1
2020332000884,2020,332000884,1,9,0,8,8,5,7,0,0,1,0,0,0,0,2,1,6,6,1,48,8,-1,-1,-1,-1,4,E01025933,0,-1
202006G178689,2020,06G178689,1,9,0,5,5,2,6,0,0,8,0,0,0,0,4,1,6,6,2,52,8,-1,-1,-1,-1,2,E01005960,0,-1
2020030989125,2020,030989125,2,9,0,2,2,0,0,0,0,0,0,4,0,0,2,1,6,6,3,-1,-1,-1,-1,-1,-1,-1,-1,0,-1
2020010250006,2020,010250006,2,1,0,18,19,8,4,0,0,1,5,0,0,0,1,1,2,2,1,25,5,-1,-1,-1,-1,5,E01001659,0,-1
2020440077936,2020,440077936,1,9,0,18,19,2,6,0,0,0,0,0,1,4,1,1,2,2,1,43,7,-1,-1,-1,-1,10,E01022675,0,-1
202006F271558,2020,06F271558,2,9,0,18,19,6,2,0,0,2,0,0,0,0,1,1,2,2,1,58,9,-1,-1,-1,-1,6,E01005623,0,-1
2020010274443,2020,010274443,2,1,0,18,19,3,7,0,0,0,0,0,0,0,1,1,6,6,2,43,7,-1,-1,-1,-1,9,E01004555,0,-1
2020010250237,2020,010250237,2,1,0,18,19,7,3,0,0,1,0,0,0,0,1,1,6,6,1,31,6,-1,-1,-1,-1,8,E01004502,0,-1
2020010230508,2020,010230508,2,9,0,99,99,9,9,99,99,4,9,99,9,99,0,9,6,6,3,-1,-1,-1,-1,-1,-1,1,E01000744,0,-1
2020400957656,2020,400957656,2,9,0,3,3,-1,-1,0,0,0,0,0,0,0,1,1,6,6,1,-1,-1,-1,-1,-1,-1,-1,-1,0,-1
2020122000723,2020,122000723,2,19,0,9,9,6,4,0,0,0,0,0,0,0,0,1,6,6,3,-1,-1,-1,-1,-1,-1,-1,-1,0,-1
2020010236903,2020,010236903,2,9,0,18,19,5,1,2,2,1,0,0,0,0,4,9,6,6,3,30,6,-1,-1,-1,-1,-1,-1,0,-1
2020420941442,2020,420941442,2,9,0,2,2,0,0,9,9,0,0,0,0,0,2,1,6,6,3,-1,-1,-1,-1,-1,-1,-1,-1,0,-1
2020010261010,2020,010261010,1,9,9,99,99,9,9,99,99,0,9,99,9,99,9,9,6,6,3,-1,-1,-1,-1,-1,-1,-1,-1,0,-1
2020010250627,2020,010250627,1,9,0,14,14,5,1,0,0,1,0,0,1,0,1,1,6,6,3,-1,-1,-1,-1,-1,-1,-1,-1,0,-1
2020140968701,2020,140968701,2,98,0,-1,-1,-1,-1,-1,-1,0,-1,-1,-1,0,-1,1,6,6,3,-1,-1,-1,-1,-1,-1,-1,-1,0,-1
2020010262542,2020,010262542,1,9,0,5,5,1,5,0,0,2,0,0,0,0,1,1,6,6,3,-1,-1,-1,-1,-1,-1,-1,-1,0,-1
2020549121220,2020,549121220,1,1,0,18,19,6,2,0,0,1,0,0,0,0,3,1,6,6,2,47,8,-1,-1,-1,-1,10,E01032009,0,-1
2020990973764,2020,990973764,2,22,0,18,19,3,6,9,9,1,0,0,0,0,4,1,6,6,1,80,11,-1,-1,-1,-1,-1,-1,0,-1
2020332000469,2020,332000469,1,9,0,1,1,3,7,0,0,6,0,0,0,0,2,1,6,6,2,-1,-1,-1,-1,-1,-1,-1,-1,0,-1
2020010276786,2020,010276786,1,9,9,99,99,9,9,0,0,6,9,0,9,0,9,9,6,6,3,-1,-1,-1,-1,-1,-1,-1,-1,0,-1
2020100964035,2020,100964035,1,1,0,5,5,7,1,0,0,1,0,0,0,0,3,1,2,2,1,27,6,-1,-1,-1,-1,-1,-1,0,-1
2020161006077,2020,161006077,1,1,0,5,5,3,5,0,0,3,0,0,0,0,1,1,5,6,1,50,8,-1,-1,-1,-1,5,E01013225,0,-1
2020010255968,2020,010255968,2,1,0,18,19,1,5,0,0,5,0,0,0,0,2,1,6,6,1,33,6,-1,-1,-1,-1,2,E01000104,0,-1
2020440282097,2020,440282097,2,5,0,13,13,4,8,0,0,0,0,0,4,1,1,1,2,2,1,30,6,-1,-1,-1,-1,2,E01017119,0,-1
2020200929415,2020,200929415,2,9,0,18,19,8,4,0,0,8,0,0,0,0,1,1,6,6,3,-1,-1,-1,-1,-1,-1,-1,-1,0,-1
2020040982662,2020,040982662,1,1,0,18,19,1,6,0,0,2,0,0,0,0,2,1,6,6,1,13,3,-1,-1,-1,-1,1,E01012655,0,-1
2020010251512,2020,010251512,2,1,0,18,19,3,7,0,0,1,0,0,1,10,1,1,6,6,1,29,6,-1,-1,-1,-1,3,E01000922,0,-1
202006A267106,2020,06A267106,2,9,0,9,9,7,6,0,0,8,0,0,0,0,3,1,6,6,1,32,6,-1,-1,-1,-1,2,E01005143,0,-1
2020430156863,2020,430156863,2,1,0,18,19,8,4,0,0,8,0,0,0,0,3,1,6,6,2,66,10,-1,-1,-1,-1,10,E01016561,0,-1
2020340N00172,2020,340N00172,1,9,0,4,4,3,7,0,0,0,0,0,0,0,2,1,6,6,3,-1,-1,-1,-1,-1,-1,-1,-1,0,-1
2020332000808,2020,332000808,2,19,0,2,2,0,0,0,0,0,0,0,0,0,2,1,1,1,1,50,8,-1,-1,-1,-1,4,E01013616,0,-1
2020010265118,2020,010265118,2,9,0,99,99,9,9,99,99,9,9,99,9,99,1,9,6,6,3,30,6,-1,-1,-1,-1,-1,-1,0,-1
2020470916576,2020,470916576,2,9,0,18,19,3,7,0,0,0,0,0,0,0,0,1,6,6,3,-1,-1,-1,-1,-1,-1,-1,-1,0,-1
2020350917249,2020,350917249,2,1,0,18,19,8,4,0,0,1,0,0,0,0,1,1,6,6,1,57,9,-1,-1,-1,-1,2,E01015608,0,-1
2020440011530,2020,440011530,3,11,0,13,13,7,3,0,0,0,0,0,0,0,4,1,1,1,1,-1,-1,-1,-1,-1,-1,-1,-1,0,-1
2020010259251,2020,010259251,2,1,4,5,5,4,8,0,0,2,0,0,0,0,1,1,6,6,1,54,8,-1,-1,-1,-1,2,E01003390,0,-1
2020010264098,2020,010264098,1,1,9,99,99,9,9,99,99,0,9,99,9,99,1,1,2,2,1,27,6,-1,-1,-1,-1,2,E01004537,0,-1
2020201026451,2020,201026451,1,9,0,18,19,8,4,0,0,0,2,10,7,4,1,1,6,6,1,28,6,-1,-1,-1,-1,5,E01009739,0,-1
2020010259360,2020,010259360,1,1,9,99,99,9,9,99,99,0,9,99,9,99,0,1,2,2,1,26,6,-1,-1,-1,-1,2,E01001849,0,-1
2020231005582,2020,231005582,2,9,0,10,10,5,3,0,0,1,0,0,0,0,2,1,1,1,1,55,8,-1,-1,-1,-1,7,E01031197,0,-1
202031C010020,2020,31C010020,2,1,0,7,7,7,1,0,0,6,0,0,0,0,1,1,6,6,1,58,9,-1,-1,-1,-1,1,E01013871,0,-1
202006L173262,2020,06L173262,4,9,0,1,1,2,8,0,0,6,0,0,0,0,4,1,6,6,1,30,6,-1,-1,-1,-1,1,E01006360,0,-1
2020430439027,2020,430439027,1,9,0,17,19,1,6,0,0,0,0,0,1,4,1,1,1,1,1,46,8,-1,-1,-1,-1,9,E01033193,0,-1
202060Y182697,2020,60Y182697,2,9,0,17,19,8,4,0,0,0,0,0,0,0,1,1,2,2,1,22,5,-1,-1,-1,-1,-1,-1,0,-1
202006Q273589,2020,06Q273589,2,9,0,9,9,3,1,0,0,8,0,0,0,0,1,1,6,6,1,38,7,-1,-1,-1,-1,1,E01005328,0,-1
2020010237066,2020,010237066,2,19,0,99,99,9,9,99,99,9,9,99,9,99,1,9,6,6,3,-1,-1,-1,-1,-1,-1,4,E01002607,0,-1
2020440030055,2020,440030055,2,1,0,9,9,5,3,0,0,8,0,0,0,0,1,1,6,6,1,19,4,-1,-1,-1,-1,4,E01017034,0,-1
2020451007898,2020,451007898,3,9,0,18,19,1,1,0,0,0,0,0,0,0,1,1,6,6,3,45,7,-1,-1,-1,-1,-1,-1,0,-1
2020070730007,2020,070730007,1,19,0,17,19,1,5,0,0,0,0,0,0,0,1,1,6,6,1,-1,-1,-1,-1,-1,-1,-1,-1,0,-1
2020450954636,2020,450954636,2,9,0,18,19,1,5,0,0,0,0,0,0,0,0,1,6,6,3,40,7,-1,-1,-1,-1,-1,-1,0,-1
2020010232801,2020,010232801,1,23,0,99,99,9,9,99,99,0,9,99,9,99,1,1,6,6,1,24,5,-1,-1,-1,-1,5,E01004056,0,-1
2020470966125,2020,470966125,2,1,0,18,19,4,7,0,0,2,0,0,7,0,4,1,6,6,1,42,7,-1,-1,-1,-1,6,E01021008,0,-1
2020122100245,2020,122100245,2,1,0,18,19,3,7,0,0,1,0,0,0,0,1,1,6,6,1,14,3,-1,-1,-1,-1,2,E01013443,0,-1
2020200941031,2020,200941031,3,22,0,18,19,6,2,0,0,2,0,0,0,0,1,1,6,6,1,18,4,-1,-1,-1,-1,3,E01033561,0,-1
2020040958292,2020,040958292,1,97,0,18,19,3,7,0,0,8,1,0,0,0,1,1,5,6,1,29,6,-1,-1,-1,-1,5,E01012710,0,-1
2020420954589,2020,420954589,2,1,0,9,9,5,1,0,0,3,0,0,0,0,2,1,6,6,1,67,10,-1,-1,-1,-1,8,E01021924,0,-1
2020440428359,2020,440428359,1,3,0,18,19,5,1,0,0,0,0,0,1,0,1,1,2,2,1,19,4,-1,-1,-1,-1,-1,-1,0,-1
2020400959998,2020,400959998,2,1,0,18,19,1,5,0,0,8,0,10,0,0,4,1,2,2,1,33,6,-1,-1,-1,-1,-1,-1,0,-1
2020500972023,2020,500972023,1,9,0,18,19,1,5,0,0,1,0,0,0,0,1,1,5,6,1,59,9,-1,-1,-1,-1,-1,-1,0,-1
2020010234304,2020,010234304,1,1,9,99,99,9,9,99,99,0,9,99,9,99,9,1,2,2,1,33,6,-1,-1,-1,-1,5,E01003413,0,-1
2020010278766,2020,010278766,1,1,9,99,99,9,9,99,99,9,9,99,9,99,9,1,6,6,1,34,6,-1,-1,-1,-1,9,E01001227,0,-1
2020010258856,2020,010258856,2,3,0,18,19,3,7,0,0,4,0,0,0,0,1,1,6,6,3,-1,-1,-1,-1,-1,-1,-1,-1,0,-1
202031C039020,2020,31C039020,1,9,0,18,19,6,2,0,0,1,0,0,0,0,1,1,6,6,3,-1,-1,-1,-1,-1,-1,-1,-1,0,-1
2020520100532,2020,520100532,1,9,0,18,19,3,7,0,0,0,0,0,0,0,2,1,6,6,1,46,8,-1,-1,-1,-1,5,W01000253,0,-1
2020201022097,2020,201022097,2,9,0,9,9,8,6,0,0,5,0,10,7,11,1,1,1,1,1,30,6,-1,-1,-1,-1,1,E01014331,0,-1
2020450944898,2020,450944898,3,9,0,2,2,1,1,0,0,0,0,0,0,0,2,1,6,6,3,-1,-1,-1,-1,-1,-1,-1,-1,0,-1
2020400949641,2020,400949641,1,90,0,-1,-1,-1,-1,-1,-1,1,-1,-1,-1,0,-1,1,6,6,3,-1,-1,-1,-1,-1,-1,-1,-1,0,-1
2020990978322,2020,990978322,1,1,0,4,4,6,3,8,6,0,0,0,0,0,1,1,5,6,1,17,4,-1,-1,-1,-1,10,-1,0,-1
2020340C00092,2020,340C00092,1,9,0,18,19,7,3,0,0,0,0,0,0,0,1,1,2,2,1,44,7,-1,-1,-1,-1,1,E01026960,0,-1
2020610009420,2020,610009420,1,19,0,4,4,2,6,0,0,0,0,0,0,0,1,1,6,6,2,45,7,-1,-1,-1,-1,-1,-1,0,-1
2020370988546,2020,370988546,2,9,0,2,2,0,0,0,0,0,0,0,0,0,2,1,6,6,3,-1,-1,-1,-1,-1,-1,-1,-1,0,-1
202060Y138168,2020,60Y138168,2,98,0,2,2,0,0,0,0,1,0,0,0,0,0,1,6,6,1,21,5,-1,-1,-1,-1,-1,-1,0,-1
2020302001036,2020,302001036,2,9,0,10,10,6,3,0,0,1,0,0,0,0,3,1,6,6,3,-1,-1,-1,-1,-1,-1,5,E01019456,0,-1
2020361013904,2020,361013904,1,23,0,18,19,2,6,0,0,8,0,0,0,0,-1,1,5,6,1,40,7,-1,-1,-1,-1,1,E01026688,0,-1
2020010251333,2020,010251333,1,1,9,99,99,9,9,99,99,9,9,99,9,99,1,1,2,2,1,58,9,-1,-1,-1,-1,-1,-1,0,-1
2020010256917,2020,010256917,2,1,0,18,19,7,3,0,0,0,0,0,0,0,1,1,2,2,1,47,8,-1,-1,-1,-1,3,E01002028,0,-1
2020361009570,2020,361009570,2,1,0,18,19,1,5,0,0,1,0,0,0,0,4,1,5,6,1,16,4,-1,-1,-1,-1,5,E01026428,0,-1