collision_index,collision_year,collision_ref_no,vehicle_reference,vehicle_type,towing_and_articulation,vehicle_manoeuvre_historic,vehicle_manoeuvre,vehicle_direction_from,vehicle_direction_to,vehicle_location_restricted_lane_historic,vehicle_location_restricted_lane,junction_location,skidding_and_overturning,hit_object_in_carriageway,vehicle_leaving_carriageway,hit_object_off_carriageway,first_point_of_impact,vehicle_left_hand_drive,journey_purpose_of_driver_historic,journey_purpose_of_driver,sex_of_driver,age_of_driver,age_band_of_driver,engine_capacity_cc,propulsion_code,age_of_vehicle,generic_make_model,driver_imd_decile,lsoa_of_driver,escooter_flag,driver_distance_banding
2020052002559,2020,052002559,2,1,0,18,19,5,1,0,0,1,1,0,0,0,1,1,6,6,1,12,3,-1,-1,-1,-1,1,E01006605,0,-1
2020540280420,2020,540280420,2,9,0,18,19,8,4,0,0,8,1,0,0,0,4,1,6,6,1,68,10,-1,-1,-1,-1,7,E01023198,0,-1
2020430272419,2020,430272419,2,1,0,18,19,6,2,0,0,8,0,0,0,0,1,1,6,6,1,45,7,-1,-1,-1,-1,10,E01017862,0,-1
2020010254557,2020,010254557,2,9,0,99,99,9,9,99,99,9,9,99,9,99,0,9,6,6,3,-1,-1,-1,-1,-1,-1,-1,-1,0,-1
2020010239952,2020,010239952,1,9,0,18,19,5,1,0,0,1,9,0,0,99,4,9,6,6,2,38,7,-1,-1,-1,-1,3,E01001369,0,-1
202031A075620,2020,31A075620,1,9,0,18,19,2,6,0,0,1,0,0,0,0,1,1,6,6,3,-1,-1,-1,-1,-1,-1,-1,-1,0,-1
2020361014131,2020,361014131,2,9,0,9,9,4,1,0,0,2,0,0,0,0,-1,1,6,6,1,19,4,-1,-1,-1,-1,9,E01026503,0,-1
2020010253571,2020,010253571,1,1,9,99,99,9,9,99,99,9,9,99,9,99,9,1,2,2,1,35,6,-1,-1,-1,-1,6,E01001662,0,-1
202060Y167951,2020,60Y167951,2,9,0,18,19,4,8,0,0,1,0,0,0,0,1,1,6,6,2,28,6,-1,-1,-1,-1,-1,-1,0,-1
2020610011020,2020,610011020,2,1,0,18,19,8,4,0,0,4,0,0,0,0,3,1,1,1,1,45,7,-1,-1,-1,-1,10,W01001561,0,-1
2020530966143,2020,530966143,2,1,0,18,19,4,1,0,0,8,0,0,0,0,4,1,6,6,2,26,6,-1,-1,-1,-1,7,E01022444,0,-1
2020141000344,2020,141000344,2,9,0,18,19,3,7,0,0,1,0,0,0,0,1,1,3,7,1,39,7,-1,-1,-1,-1,3,E01007488,0,-1
2020430292916,2020,430292916,2,1,0,18,19,3,7,0,0,8,0,0,0,0,3,1,6,6,2,61,9,-1,-1,-1,-1,8,E01028647,0,-1
2020010239594,2020,010239594,2,9,0,99,99,9,9,99,99,9,9,99,9,99,9,9,6,6,3,-1,-1,-1,-1,-1,-1,-1,-1,0,-1
2020332000647,2020,332000647,1,9,0,9,9,4,2,0,0,6,0,0,0,0,1,1,6,6,2,25,5,-1,-1,-1,-1,6,W01001908,0,-1
2020990924726,2020,990924726,2,1,0,18,19,4,8,0,0,1,0,0,7,0,1,1,5,6,1,42,7,-1,-1,-1,-1,1,-1,0,-1
2020211007449,2020,211007449,1,9,0,12,12,5,8,0,0,8,0,0,0,0,4,1,6,6,1,17,4,-1,-1,-1,-1,4,E01029559,0,-1
2020111001010,2020,111001010,1,9,0,18,19,8,4,0,0,1,0,0,0,0,1,1,6,6,3,30,6,-1,-1,-1,-1,-1,-1,0,-1
2020010280812,2020,010280812,1,1,9,99,99,9,9,99,99,1,9,99,9,99,1,1,2,2,1,25,5,-1,-1,-1,-1,4,E01001873,0,-1
2020332000725,2020,332000725,1,1,0,18,19,7,3,0,0,3,0,0,0,0,2,1,6,6,2,56,9,-1,-1,-1,-1,6,E01025939,0,-1
2020010257915,2020,010257915,2,9,0,18,19,7,3,0,0,2,0,0,0,0,1,1,2,2,1,30,6,-1,-1,-1,-1,7,E01016236,0,-1
2020430364071,2020,430364071,2,1,0,17,19,3,8,0,0,0,0,0,0,0,1,1,6,6,1,48,8,-1,-1,-1,-1,10,E01017883,0,-1
202006G170198,2020,06G170198,2,9,0,18,19,2,6,0,0,1,0,0,0,0,1,1,2,2,2,26,6,-1,-1,-1,-1,4,E01033651,0,-1
2020470928504,2020,470928504,2,98,0,2,2,0,0,0,0,0,0,0,0,0,1,1,6,6,3,-1,-1,-1,-1,-1,-1,-1,-1,0,-1
2020332000552,2020,332000552,1,9,0,18,19,7,3,0,0,8,0,0,0,0,4,1,6,6,1,36,7,-1,-1,-1,-1,8,E01013788,0,-1
2020990947949,2020,990947949,1,19,0,17,19,3,7,0,0,8,0,0,0,0,0,1,1,1,1,39,7,-1,-1,-1,-1,10,-1,0,-1
202060Y117311,2020,60Y117311,1,9,0,18,19,5,1,0,0,1,0,0,0,0,1,1,6,6,1,-1,-1,-1,-1,-1,-1,-1,-1,0,-1
2020160990390,2020,160990390,1,90,0,18,19,5,1,0,0,0,0,0,0,0,3,1,6,6,3,-1,-1,-1,-1,-1,-1,-1,-1,0,-1
2020332000646,2020,332000646,2,9,0,9,9,2,8,0,0,5,0,0,0,0,3,1,6,6,1,40,7,-1,-1,-1,-1,9,E01025737,0,-1
2020160969520,2020,160969520,2,9,0,16,19,6,2,0,0,0,0,0,0,0,1,1,6,6,2,-1,-1,-1,-1,-1,-1,-1,-1,0,-1
2020010244033,2020,010244033,2,1,0,18,19,7,3,0,0,1,0,0,0,0,1,1,6,6,2,56,9,-1,-1,-1,-1,6,E01001251,0,-1
2020010247255,2020,010247255,2,1,0,18,19,7,3,0,0,1,0,0,0,0,2,1,1,1,1,30,6,-1,-1,-1,-1,2,E01004470,0,-1
2020430031875,2020,430031875,1,9,0,18,19,2,6,0,0,0,0,0,0,0,0,1,6,6,3,-1,-1,-1,-1,-1,-1,-1,-1,0,-1
2020160937977,2020,160937977,2,1,0,18,19,4,8,0,0,0,0,0,0,0,1,1,6,6,1,27,6,-1,-1,-1,-1,4,E01012776,0,-1
2020332000324,2020,332000324,1,9,0,7,7,1,7,0,0,3,0,0,1,0,1,1,6,6,1,61,9,-1,-1,-1,-1,5,E01025723,0,-1
2020500956870,2020,500956870,2,9,0,18,19,7,3,0,0,0,0,0,0,0,3,1,5,6,1,37,7,-1,-1,-1,-1,2,E01015158,0,-1
2020010276835,2020,010276835,2,3,0,14,14,1,5,2,2,1,0,0,0,0,4,1,6,6,1,23,5,-1,-1,-1,-1,3,E01002104,0,-1
2020010248602,2020,010248602,2,1,0,18,19,1,5,0,0,2,2,0,0,0,3,1,6,6,1,40,7,-1,-1,-1,-1,-1,-1,0,-1
2020070460751,2020,070460751,1,9,0,9,9,1,7,0,0,8,0,0,0,0,4,1,6,6,1,-1,-1,-1,-1,-1,-1,-1,-1,0,-1
2020052002302,2020,052002302,2,1,0,18,19,1,5,0,0,8,0,0,0,0,4,1,6,6,1,65,9,-1,-1,-1,-1,2,E01006667,0,-1
2020010256475,2020,010256475,2,1,9,99,99,9,9,99,99,0,9,99,9,99,9,1,6,6,1,-1,-1,-1,-1,-1,-1,-1,-1,0,-1
202006N269802,2020,06N269802,2,9,0,9,9,4,2,0,0,8,0,0,0,0,4,1,6,6,1,53,8,-1,-1,-1,-1,4,E01004943,0,-1
2020040923204,2020,040923204,1,9,0,18,19,1,1,0,0,8,0,0,0,0,1,1,6,6,3,40,7,-1,-1,-1,-1,-1,-1,0,-1
20201371Q0951,2020,1371Q0951,1,9,0,18,19,2,6,0,0,8,0,0,0,0,1,1,6,6,1,30,6,-1,-1,-1,-1,7,E01011247,0,-1
2020990957411,2020,990957411,2,1,0,16,19,4,8,0,0,0,0,0,0,0,0,1,5,6,1,63,9,-1,-1,-1,-1,8,-1,0,-1
2020010275396,2020,010275396,1,1,9,99,99,9,9,99,99,9,9,99,9,99,1,1,2,2,1,60,9,-1,-1,-1,-1,9,E01002992,0,-1
2020552000277,2020,552000277,1,9,0,9,9,5,4,0,0,6,0,0,0,0,4,1,6,6,3,-1,-1,-1,-1,-1,-1,-1,-1,0,-1
2020340W07832,2020,340W07832,1,90,0,16,19,7,1,0,0,5,5,0,3,10,1,1,6,6,1,70,10,-1,-1,-1,-1,1,E01027140,0,-1
2020350942191,2020,350942191,2,1,0,18,19,5,1,0,0,8,0,0,0,0,1,1,5,6,1,19,4,-1,-1,-1,-1,5,E01017949,0,-1
2020052000935,2020,052000935,1,9,0,18,19,1,5,0,0,0,0,0,0,0,2,1,6,6,3,-1,-1,-1,-1,-1,-1,-1,-1,0,-1
2020332000945,2020,332000945,1,9,0,4,4,8,4,0,0,0,0,0,0,0,2,1,6,6,1,23,5,-1,-1,-1,-1,-1,-1,0,-1
2020430285627,2020,430285627,2,9,0,4,4,6,2,0,0,0,0,0,0,0,2,1,6,6,1,57,9,-1,-1,-1,-1,8,E01025413,0,-1
2020010252644,2020,010252644,2,1,9,99,99,9,9,99,99,9,9,99,9,99,9,1,6,6,2,-1,-1,-1,-1,-1,-1,3,E01002862,0,-1
2020052002325,2020,052002325,1,1,0,18,19,7,3,0,0,1,0,0,0,0,1,1,2,2,1,18,4,-1,-1,-1,-1,1,E01007289,0,-1
2020010242093,2020,010242093,2,9,9,9,9,1,7,0,0,8,9,0,0,99,1,9,6,6,1,-1,-1,-1,-1,-1,-1,-1,-1,0,-1
2020460992396,2020,460992396,1,9,0,18,19,7,3,0,0,1,0,0,0,0,1,1,6,6,2,-1,-1,-1,-1,-1,-1,-1,-1,0,-1
2020332001178,2020,332001178,2,9,0,18,19,6,2,0,0,0,0,0,0,0,0,1,6,6,1,74,10,-1,-1,-1,-1,-1,-1,0,-1
2020010263104,2020,010263104,1,9,0,5,5,7,3,0,0,0,0,0,0,0,1,1,2,2,2,30,6,-1,-1,-1,-1,7,E01002122,0,-1
2020010239918,2020,010239918,1,8,0,14,14,5,1,0,0,1,0,0,0,0,3,1,6,6,1,54,8,-1,-1,-1,-1,6,E01004717,0,-1
2020990952719,2020,990952719,2,9,0,2,2,5,7,9,9,0,0,0,0,0,3,1,6,6,3,-1,-1,-1,-1,-1,-1,-1,-1,0,-1
2020440172480,2020,440172480,2,1,0,18,19,5,1,0,0,2,0,0,0,0,1,1,6,6,2,50,8,-1,-1,-1,-1,3,E01017129,0,-1
2020160953762,2020,160953762,2,9,0,18,19,2,6,0,0,1,0,0,0,0,3,1,6,6,3,-1,-1,-1,-1,-1,-1,-1,-1,0,-1
2020370994272,2020,370994272,1,1,0,18,19,2,6,0,0,0,0,0,0,0,4,1,5,6,1,16,4,-1,-1,-1,-1,7,E01029966,0,-1
2020010254023,2020,010254023,1,17,5,18,19,3,7,0,0,1,0,0,0,0,4,1,1,1,1,54,8,-1,-1,-1,-1,8,E01030879,0,-1
2020040947653,2020,040947653,2,1,0,3,3,4,8,0,0,8,0,0,0,0,3,1,5,6,2,59,9,-1,-1,-1,-1,3,E01025578,0,-1
2020010280223,2020,010280223,3,9,9,99,99,9,9,99,99,9,9,99,9,99,9,9,6,6,3,-1,-1,-1,-1,-1,-1,-1,-1,0,-1
2020010236266,2020,010236266,2,4,0,18,19,7,3,0,0,2,2,0,1,11,1,1,6,6,1,45,7,-1,-1,-1,-1,8,E01030972,0,-1
2020460959453,2020,460959453,2,9,0,2,2,0,0,0,0,0,0,0,0,0,4,1,5,6,1,-1,-1,-1,-1,-1,-1,-1,-1,0,-1
2020990975845,2020,990975845,2,1,0,18,19,1,5,0,0,8,0,0,0,0,3,1,5,6,1,41,7,-1,-1,-1,-1,10,-1,0,-1
2020010238174,2020,010238174,1,8,9,99,99,9,9,99,99,9,9,99,9,99,9,9,-1,-1,3,-1,-1,-1,-1,-1,-1,-1,-1,0,-1
2020137CF1433,2020,137CF1433,2,1,0,18,19,4,8,0,0,8,5,0,0,0,4,1,6,6,1,46,8,-1,-1,-1,-1,-1,-1,0,-1
2020440212246,2020,440212246,2,9,0,18,19,2,6,0,0,1,0,0,0,0,4,1,6,6,2,23,5,-1,-1,-1,-1,10,E01022756,0,-1
2020052002281,2020,052002281,2,1,0,18,19,6,2,0,0,0,0,0,0,0,3,1,2,2,1,-1,-1,-1,-1,-1,-1,10,E01025502,0,-1
2020360940538,2020,360940538,1,9,0,7,7,5,1,0,0,2,0,0,0,0,1,1,5,6,1,47,8,-1,-1,-1,-1,1,E01026808,0,-1
2020010242182,2020,010242182,1,9,0,18,19,-1,-1,0,0,2,0,0,0,0,1,1,6,6,3,-1,-1,-1,-1,-1,-1,-1,-1,0,-1
2020010283593,2020,010283593,1,1,9,99,99,9,9,99,99,9,9,99,9,99,9,1,2,2,1,37,7,-1,-1,-1,-1,2,E01003066,0,-1
2020010275641,2020,010275641,1,1,0,14,14,1,5,0,0,9,0,4,0,0,1,1,2,2,2,30,6,-1,-1,-1,-1,2,E01003911,0,-1
2020052001117,2020,052001117,1,9,0,6,6,1,1,0,0,2,0,0,1,2,1,1,1,1,1,45,7,-1,-1,-1,-1,-1,-1,0,-1
2020370997656,2020,370997656,2,1,0,18,19,7,3,0,0,8,0,0,0,0,1,1,1,1,1,32,6,-1,-1,-1,-1,5,E01030092,0,-1
2020450952277,2020,450952277,2,9,0,4,4,1,5,0,0,0,0,0,0,0,2,1,6,6,1,50,8,-1,-1,-1,-1,-1,-1,0,-1
2020420967880,2020,420967880,2,1,0,9,9,7,5,0,0,0,0,0,0,0,1,1,6,6,1,22,5,-1,-1,-1,-1,4,E01015933,0,-1
2020010268856,2020,010268856,2,1,0,18,19,1,5,4,4,1,5,0,1,0,1,1,6,6,2,25,5,-1,-1,-1,-1,4,E01004487,0,-1
2020201021901,2020,201021901,3,9,0,2,2,0,0,0,0,0,0,0,0,0,2,1,6,6,1,-1,-1,-1,-1,-1,-1,-1,-1,0,-1
2020010268252,2020,010268252,1,1,9,99,99,9,9,99,99,0,9,99,9,99,1,1,6,6,1,28,6,-1,-1,-1,-1,-1,-1,0,-1
2020360960406,2020,360960406,2,9,0,18,19,7,2,0,0,1,0,0,3,0,1,1,5,6,1,27,6,-1,-1,-1,-1,4,E01026695,0,-1
202060Y138081,2020,60Y138081,1,9,0,1,1,4,6,0,0,6,0,0,0,0,2,1,6,6,1,40,7,-1,-1,-1,-1,-1,-1,0,-1
2020332000824,2020,332000824,2,9,0,18,19,8,4,0,0,8,0,0,7,1,1,1,2,2,1,32,6,-1,-1,-1,-1,-1,-1,0,-1
2020410999671,2020,410999671,1,9,0,15,15,1,5,0,0,1,0,0,0,0,1,1,6,6,1,53,8,-1,-1,-1,-1,8,E01033029,0,-1
2020010240910,2020,010240910,3,9,0,2,2,0,0,0,0,0,0,0,0,0,1,1,6,6,3,-1,-1,-1,-1,-1,-1,-1,-1,0,-1
2020040928262,2020,040928262,2,1,0,18,19,3,7,8,6,1,0,0,0,0,2,1,6,6,1,19,4,-1,-1,-1,-1,2,E01025072,0,-1
2020440415654,2020,440415654,1,1,0,3,3,5,1,0,0,1,0,0,0,0,1,1,2,2,1,50,8,-1,-1,-1,-1,6,E01017072,0,-1
2020200995004,2020,200995004,2,1,0,18,19,4,8,0,0,8,0,0,0,0,1,1,1,1,1,58,9,-1,-1,-1,-1,7,E01010394,0,-1
2020552001034,2020,552001034,1,9,0,5,5,4,8,0,0,6,0,0,7,1,3,1,6,6,1,82,11,-1,-1,-1,-1,-1,-1,0,-1
202054A699020,2020,54A699020,1,9,0,4,4,7,3,0,0,0,0,0,0,0,2,1,6,6,1,39,7,-1,-1,-1,-1,9,E01032702,0,-1
2020010242482,2020,010242482,1,1,9,99,99,9,9,99,99,0,9,99,9,99,2,1,2,2,1,60,9,-1,-1,-1,-1,3,E01001154,0,-1
2020052002633,2020,052002633,1,9,0,18,19,7,3,0,0,0,0,0,0,0,1,1,6,6,3,-1,-1,-1,-1,-1,-1,-1,-1,0,-1
2020549316820,2020,549316820,2,1,0,18,19,1,5,0,0,3,0,0,0,0,1,1,2,2,1,30,6,-1,-1,-1,-1,-1,-1,0,-1
2020010266225,2020,010266225,2,1,0,18,19,1,5,0,0,0,0,0,0,0,3,1,6,6,1,60,9,-1,-1,-1,-1,5,E01002394,0,-1
2020302001594,2020,302001594,1,98,0,12,12,1,5,0,0,0,0,0,0,0,3,2,6,6,1,-1,-1,-1,-1,-1,-1,-1,-1,0,-1
2020450945554,2020,450945554,1,1,0,18,19,6,2,0,0,0,5,0,0,0,4,1,5,6,1,53,8,-1,-1,-1,-1,5,E01004096,0,-1
2020460970523,2020,460970523,2,1,0,18,19,7,5,0,0,3,0,0,0,0,2,1,6,6,1,51,8,-1,-1,-1,-1,6,E01024568,0,-1
202060Y034274,2020,60Y034274,2,17,4,9,9,4,8,0,0,5,0,0,0,0,2,1,1,1,1,37,7,-1,-1,-1,-1,-1,-1,0,-1
2020622000992,2020,622000992,2,9,0,4,4,4,8,0,0,0,0,0,0,0,2,1,1,1,2,54,8,-1,-1,-1,-1,4,W01001121,0,-1
202060Y049720,2020,60Y049720,1,9,0,18,19,1,5,0,0,4,0,0,0,0,1,1,6,6,2,21,5,-1,-1,-1,-1,-1,-1,0,-1
2020440316640,2020,440316640,1,9,0,18,19,7,3,0,0,1,0,0,7,2,1,1,6,6,1,66,10,-1,-1,-1,-1,6,E01023007,0,-1
2020010269111,2020,010269111,2,9,9,99,99,9,9,99,99,9,9,99,9,99,9,9,6,6,3,-1,-1,-1,-1,-1,-1,-1,-1,0,-1
2020440005956,2020,440005956,2,1,0,18,19,7,4,0,0,8,0,0,0,0,4,1,1,1,1,12,3,-1,-1,-1,-1,3,E01022901,0,-1
2020450999582,2020,450999582,2,1,0,18,19,1,5,0,0,0,0,0,0,0,2,1,5,6,1,60,9,-1,-1,-1,-1,6,E01030563,0,-1
2020401005898,2020,401005898,1,9,0,9,9,4,3,0,0,0,0,0,0,0,1,1,6,6,3,-1,-1,-1,-1,-1,-1,-1,-1,0,-1
2020010261061,2020,010261061,1,1,9,99,99,9,9,99,99,9,9,99,9,99,9,1,2,2,1,29,6,-1,-1,-1,-1,1,E01004309,0,-1
2020350977706,2020,350977706,2,98,5,5,5,3,5,0,0,2,0,0,0,0,0,1,1,1,1,36,7,-1,-1,-1,-1,4,E01018044,0,-1
2020010261330,2020,010261330,1,9,0,99,99,9,9,99,99,0,9,99,9,99,9,9,6,6,3,-1,-1,-1,-1,-1,-1,-1,-1,0,-1
2020160965311,2020,160965311,2,9,0,17,19,3,2,0,0,8,0,0,0,0,0,1,6,6,3,-1,-1,-1,-1,-1,-1,-1,-1,0,-1
2020200919948,2020,200919948,2,1,0,18,19,6,2,0,0,8,0,0,0,0,2,1,6,6,1,-1,-1,-1,-1,-1,-1,-1,-1,0,-1
202060Y144304,2020,60Y144304,1,9,0,18,19,3,8,0,0,1,1,0,0,0,0,1,6,6,3,-1,-1,-1,-1,-1,-1,-1,-1,0,-1
2020201016293,2020,201016293,1,9,0,18,19,6,2,0,0,8,0,0,0,0,4,1,1,1,3,-1,-1,-1,-1,-1,-1,-1,-1,0,-1
2020040969411,2020,040969411,1,1,0,9,9,4,6,0,0,1,0,0,0,0,1,1,5,6,1,12,3,-1,-1,-1,-1,4,E01025001,0,-1
2020332001110,2020,332001110,1,9,0,18,19,4,8,0,0,0,0,0,0,0,0,1,6,6,2,61,9,-1,-1,-1,-1,-1,-1,0,-1
2020010265791,2020,010265791,2,1,0,18,19,7,3,0,0,8,0,0,0,0,1,1,6,6,2,69,10,-1,-1,-1,-1,8,E01004707,0,-1
2020122000197,2020,122000197,2,1,0,18,19,5,1,0,0,8,0,0,0,0,1,1,6,6,2,52,8,-1,-1,-1,-1,4,E01013353,0,-1
2020137220698,2020,137220698,2,1,0,5,5,5,1,0,0,0,0,0,0,0,2,1,6,6,1,46,8,-1,-1,-1,-1,3,E01011463,0,-1
2020990963200,2020,990963200,2,9,0,7,7,7,1,4,4,8,0,0,0,0,3,1,1,1,1,50,8,-1,-1,-1,-1,10,-1,0,-1
2020010237435,2020,010237435,1,1,0,99,99,9,9,4,4,1,0,0,0,0,3,1,6,6,3,19,4,-1,-1,-1,-1,2,E01000091,0,-1
2020460996116,2020,460996116,1,1,0,12,12,7,3,0,0,0,0,0,0,0,1,1,6,6,1,14,3,-1,-1,-1,-1,1,E01024621,0,-1
2020410933473,2020,410933473,1,9,0,7,7,2,5,0,0,6,0,0,3,0,-1,1,6,6,3,-1,-1,-1,-1,-1,-1,-1,-1,0,-1
2020440057862,2020,440057862,1,21,1,12,12,8,4,0,0,0,0,0,0,0,3,2,1,1,1,49,8,-1,-1,-1,-1,-1,-1,0,-1
2020010245679,2020,010245679,3,9,0,18,19,3,7,0,0,0,0,0,0,0,3,1,6,6,1,19,4,-1,-1,-1,-1,2,E01001042,0,-1
2020010242110,2020,010242110,2,9,0,99,99,9,9,0,0,8,0,0,1,0,3,9,-1,-1,3,-1,-1,-1,-1,-1,-1,-1,-1,0,-1
2020200936356,2020,200936356,1,9,0,18,19,2,6,0,0,2,5,10,1,11,1,1,6,6,1,-1,-1,-1,-1,-1,-1,-1,-1,0,-1
2020052000673,2020,052000673,2,1,0,18,19,7,3,0,0,0,0,0,0,0,4,1,2,2,1,26,6,-1,-1,-1,-1,1,E01007129,0,-1
2020160947124,2020,160947124,1,97,0,18,19,5,1,0,0,0,0,0,0,0,1,1,6,6,1,-1,-1,-1,-1,-1,-1,-1,-1,0,-1
2020010251444,2020,010251444,1,1,0,18,19,7,3,0,0,1,0,0,0,0,1,1,6,6,1,13,3,-1,-1,-1,-1,2,E01001820,0,-1
20201371E0355,2020,1371E0355,2,1,0,9,9,5,7,0,0,8,0,0,0,0,1,1,6,6,1,30,6,-1,-1,-1,-1,9,E01010769,0,-1
2020440353975,2020,440353975,1,1,0,18,19,7,3,9,9,0,0,0,0,0,0,1,1,1,2,52,8,-1,-1,-1,-1,3,E01023256,0,-1
2020530932836,2020,530932836,1,9,0,9,9,6,2,0,0,8,0,7,0,0,4,1,1,1,1,66,10,-1,-1,-1,-1,8,E01032190,0,-1
202031C065620,2020,31C065620,2,9,0,4,4,6,2,0,0,8,0,0,0,0,0,1,6,6,3,-1,-1,-1,-1,-1,-1,-1,-1,0,-1
2020622000885,2020,622000885,2,9,0,18,19,2,6,0,0,1,0,0,0,0,1,1,1,1,1,42,7,-1,-1,-1,-1,6,W01000857,0,-1
2020990962517,2020,990962517,2,1,0,18,19,4,8,0,0,3,0,0,0,0,3,1,6,6,1,29,6,-1,-1,-1,-1,-1,-1,0,-1
2020010269164,2020,010269164,1,1,0,18,19,3,7,0,0,0,0,0,0,0,1,1,6,6,1,24,5,-1,-1,-1,-1,2,E01003097,0,-1
20201376I0897,2020,1376I0897,1,97,0,5,5,3,7,0,0,0,0,4,0,0,1,1,6,6,3,-1,-1,-1,-1,-1,-1,-1,-1,0,-1
2020420999757,2020,420999757,1,19,0,15,15,1,5,0,0,0,0,0,0,0,4,1,6,6,3,-1,-1,-1,-1,-1,-1,-1,-1,0,-1
2020201013666,2020,201013666,2,1,0,18,19,1,5,0,0,0,0,0,0,0,1,1,6,6,3,52,8,-1,-1,-1,-1,1,E01009143,0,-1
202006K268264,2020,06K268264,1,9,0,7,7,8,2,0,0,5,1,0,0,0,3,1,6,6,1,40,7,-1,-1,-1,-1,8,E01021030,0,-1
2020332000634,2020,332000634,2,9,0,18,19,6,2,0,0,8,0,0,0,0,0,1,6,6,3,-1,-1,-1,-1,-1,-1,-1,-1,0,-1
2020010281772,2020,010281772,2,9,9,99,99,9,9,0,0,9,0,99,9,99,9,9,6,6,3,-1,-1,-1,-1,-1,-1,-1,-1,0,-1
202006F178608,2020,06F178608,2,1,0,18,19,7,3,0,0,0,0,0,0,0,3,1,6,6,2,49,8,-1,-1,-1,-1,1,E01005602,0,-1
2020070208751,2020,070208751,1,1,0,4,4,5,1,0,0,0,0,0,0,0,1,1,6,6,1,71,10,-1,-1,-1,-1,8,E01018609,0,-1
2020430393683,2020,430393683,2,9,0,3,3,2,6,0,0,1,0,0,0,0,4,1,6,6,3,-1,-1,-1,-1,-1,-1,-1,-1,0,-1
2020210991952,2020,210991952,3,1,0,18,19,5,1,0,0,0,0,0,0,0,0,1,6,6,1,29,6,-1,-1,-1,-1,7,E01029732,0,-1
2020070251164,2020,070251164,1,1,0,18,19,4,8,0,0,0,0,0,0,0,1,1,6,6,1,25,5,-1,-1,-1,-1,-1,-1,0,-1
2020010239677,2020,010239677,1,1,9,99,99,9,9,0,0,8,5,0,0,99,4,1,2,2,1,26,6,-1,-1,-1,-1,9,E01001905,0,-1
2020031001423,2020,031001423,1,9,0,17,19,6,2,0,0,0,0,0,2,7,1,1,5,6,2,21,5,-1,-1,-1,-1,2,E01019109,0,-1
2020470948392,2020,470948392,1,9,0,7,7,2,8,4,4,0,0,0,0,0,3,1,6,6,2,-1,-1,-1,-1,-1,-1,8,E01017002,0,-1
2020070284307,2020,070284307,1,9,0,9,9,5,3,0,0,1,0,0,0,0,1,1,6,6,1,66,10,-1,-1,-1,-1,6,E01018479,0,-1
2020010266006,2020,010266006,2,1,0,18,19,1,5,0,0,1,0,0,0,0,1,1,6,6,1,60,9,-1,-1,-1,-1,4,E01002873,0,-1
2020302000775,2020,302000775,1,9,0,7,7,2,6,0,0,6,0,0,0,0,1,1,2,2,1,28,6,-1,-1,-1,-1,9,E01013462,0,-1
2020332000348,2020,332000348,1,98,0,18,19,4,8,0,0,0,1,0,7,4,1,1,1,1,1,38,7,-1,-1,-1,-1,-1,-1,0,-1
2020160951559,2020,160951559,2,1,0,18,19,1,5,0,0,1,5,0,0,0,1,1,6,6,1,42,7,-1,-1,-1,-1,8,E01013263,0,-1
2020430066398,2020,430066398,3,9,0,18,19,3,7,0,0,0,1,0,0,0,1,1,6,6,1,83,11,-1,-1,-1,-1,10,E01028755,0,-1
2020522004338,2020,522004338,3,9,0,18,19,4,8,0,0,0,0,0,0,0,1,1,6,6,1,26,6,-1,-1,-1,-1,10,E01015014,0,-1
2020470989014,2020,470989014,1,19,0,5,5,6,2,0,0,1,0,0,0,0,1,2,6,6,1,-1,-1,-1,-1,-1,-1,-1,-1,0,-1
2020440359634,2020,440359634,1,1,0,18,19,7,3,0,0,1,0,0,0,0,3,1,4,7,1,13,3,-1,-1,-1,-1,5,E01017282,0,-1
2020110934158,2020,110934158,2,9,0,2,2,0,0,0,0,0,0,0,1,0,4,1,6,6,3,-1,-1,-1,-1,-1,-1,-1,-1,0,-1
2020522005125,2020,522005125,2,9,0,6,6,1,1,0,0,0,0,0,0,0,2,1,6,6,3,-1,-1,-1,-1,-1,-1,-1,-1,0,-1
2020010228860,2020,010228860,2,9,0,99,99,9,9,99,99,9,9,99,9,99,1,9,6,6,3,-1,-1,-1,-1,-1,-1,-1,-1,0,-1
2020010258151,2020,010258151,1,1,9,18,19,3,7,99,99,1,9,0,0,0,1,1,2,2,1,40,7,-1,-1,-1,-1,2,E01003498,0,-1
2020122000516,2020,122000516,1,1,0,3,3,7,3,0,0,0,0,0,0,0,9,1,6,6,2,14,3,-1,-1,-1,-1,6,E01027851,0,-1
2020052001248,2020,052001248,2,1,0,18,19,7,3,0,0,1,0,0,0,0,4,1,6,6,1,44,7,-1,-1,-1,-1,3,E01006587,0,-1
2020320159067,2020,320159067,1,9,0,18,19,5,1,0,0,0,0,0,0,0,0,1,6,6,2,40,7,-1,-1,-1,-1,-1,-1,0,-1
2020170S20780,2020,170S20780,2,9,0,18,19,4,8,0,0,0,0,0,0,0,0,1,6,6,3,-1,-1,-1,-1,-1,-1,-1,-1,0,-1
2020522005100,2020,522005100,2,1,0,18,19,7,3,0,0,8,0,0,0,0,1,1,6,6,1,38,7,-1,-1,-1,-1,3,E01014809,0,-1
2020010284513,2020,010284513,2,1,0,18,19,1,5,1,1,0,0,0,0,0,1,1,6,6,2,39,7,-1,-1,-1,-1,6,E01000324,0,-1
2020010274147,2020,010274147,2,1,9,99,99,9,9,99,99,9,9,99,9,99,9,1,6,6,3,-1,-1,-1,-1,-1,-1,-1,-1,0,-1
2020160929238,2020,160929238,2,1,0,9,9,3,7,0,0,8,5,0,0,0,1,1,2,2,2,45,7,-1,-1,-1,-1,5,E01012916,0,-1
2020320640275,2020,320640275,2,1,0,10,10,8,4,0,0,0,5,0,0,0,2,1,4,7,2,11,3,-1,-1,-1,-1,3,E01026032,0,-1
2020100985495,2020,100985495,2,1,0,18,19,1,5,0,0,0,0,0,0,0,1,1,6,6,2,6,2,-1,-1,-1,-1,6,E01008685,0,-1
2020370923053,2020,370923053,2,1,0,16,19,2,8,0,0,0,0,0,0,0,1,1,6,6,1,54,8,-1,-1,-1,-1,9,E01030142,0,-1
2020350951058,2020,350951058,1,9,0,18,19,1,2,0,0,1,0,0,0,0,0,1,5,6,1,67,10,-1,-1,-1,-1,4,E01018095,0,-1