collision_index,collision_year,collision_ref_no,vehicle_reference,vehicle_type,towing_and_articulation,vehicle_manoeuvre_historic,vehicle_manoeuvre,vehicle_direction_from,vehicle_direction_to,vehicle_location_restricted_lane_historic,vehicle_location_restricted_lane,junction_location,skidding_and_overturning,hit_object_in_carriageway,vehicle_leaving_carriageway,hit_object_off_carriageway,first_point_of_impact,vehicle_left_hand_drive,journey_purpose_of_driver_historic,journey_purpose_of_driver,sex_of_driver,age_of_driver,age_band_of_driver,engine_capacity_cc,propulsion_code,age_of_vehicle,generic_make_model,driver_imd_decile,lsoa_of_driver,escooter_flag,driver_distance_banding
2020332001177,2020,332001177,3,9,0,18,19,6,2,0,0,0,0,0,0,0,0,1,6,6,3,-1,-1,-1,-1,-1,-1,-1,-1,0,-1
2020461007770,2020,461007770,1,98,0,7,7,6,2,0,0,0,0,0,0,0,3,1,6,6,1,61,9,-1,-1,-1,-1,4,E01024120,0,-1
2020531009753,2020,531009753,2,1,5,9,9,5,3,0,0,1,0,0,0,0,3,1,5,6,1,31,6,-1,-1,-1,-1,8,E01022277,0,-1
2020552000277,2020,552000277,2,1,0,18,19,8,4,0,0,8,0,0,0,0,3,1,6,6,1,14,3,-1,-1,-1,-1,1,E01015313,0,-1
2020460922874,2020,460922874,1,21,0,18,19,-1,-1,0,0,0,0,0,0,0,4,1,1,1,3,-1,-1,-1,-1,-1,-1,-1,-1,0,-1
2020460983631,2020,460983631,2,-1,0,18,19,7,3,0,0,0,0,0,0,0,1,1,6,6,1,15,3,-1,-1,-1,-1,10,E01024463,1,-1
2020360982823,2020,360982823,2,97,0,3,3,4,8,0,0,0,0,0,0,0,3,1,5,6,1,53,8,-1,-1,-1,-1,9,E01026560,0,-1
2020010250036,2020,010250036,1,9,0,15,15,3,7,0,0,0,0,0,0,0,1,1,6,6,3,-1,-1,-1,-1,-1,-1,-1,-1,0,-1
2020501016645,2020,501016645,1,1,0,9,9,2,7,0,0,6,0,0,0,0,1,1,5,6,1,25,5,-1,-1,-1,-1,7,E01015100,0,-1
2020332000826,2020,332000826,1,9,0,18,19,4,8,0,0,0,1,0,7,4,1,1,6,6,2,38,7,-1,-1,-1,-1,8,E01025679,0,-1
2020430149691,2020,430149691,2,9,0,1,1,4,8,0,0,0,0,0,0,0,2,1,6,6,3,-1,-1,-1,-1,-1,-1,-1,-1,0,-1
2020500948479,2020,500948479,2,1,0,18,19,6,2,0,0,-1,0,0,0,0,2,1,5,6,1,48,8,-1,-1,-1,-1,5,E01020060,0,-1
202031C180220,2020,31C180220,2,1,0,18,19,5,1,0,0,1,0,0,0,0,2,1,6,6,1,11,3,-1,-1,-1,-1,2,E01013965,0,-1
2020460954052,2020,460954052,1,9,0,18,19,-1,-1,0,0,0,0,0,0,0,1,1,6,6,3,-1,-1,-1,-1,-1,-1,-1,-1,0,-1
2020052001144,2020,052001144,2,1,0,18,19,6,2,0,0,8,0,0,0,0,3,1,6,6,1,59,9,-1,-1,-1,-1,1,E01006816,0,-1
2020010281684,2020,010281684,1,2,0,14,14,4,8,0,0,1,0,0,0,0,1,1,2,2,1,20,4,-1,-1,-1,-1,3,E01003177,0,-1
2020010281023,2020,010281023,1,9,9,4,4,5,1,99,99,0,9,99,9,0,1,9,6,6,3,-1,-1,-1,-1,-1,-1,-1,-1,0,-1
2020010267323,2020,010267323,1,-1,0,18,19,1,5,0,0,0,0,0,0,0,4,1,6,6,1,53,8,-1,-1,-1,-1,7,E01002569,1,-1
202006L272513,2020,06L272513,1,9,0,16,19,6,1,0,0,0,2,0,1,10,1,1,6,6,2,19,4,-1,-1,-1,-1,8,E01006345,0,-1
202006A269070,2020,06A269070,1,3,0,18,19,8,4,0,0,8,0,0,0,0,1,1,6,6,1,29,6,-1,-1,-1,-1,6,E01005625,0,-1
202054C673520,2020,54C673520,1,98,1,12,12,5,1,0,0,8,0,0,0,0,3,1,1,1,1,43,7,-1,-1,-1,-1,-1,-1,0,-1
2020522003452,2020,522003452,2,9,0,5,5,1,5,0,0,0,0,0,0,0,3,1,6,6,3,30,6,-1,-1,-1,-1,-1,-1,0,-1
2020160986523,2020,160986523,1,9,0,18,19,4,8,0,0,0,0,0,0,0,4,1,2,2,1,61,9,-1,-1,-1,-1,9,E01012996,0,-1
2020991002456,2020,991002456,1,1,0,18,19,3,7,0,0,1,0,0,0,0,1,1,6,6,1,51,8,-1,-1,-1,-1,2,-1,0,-1
2020451008831,2020,451008831,1,-1,0,18,19,3,1,0,0,1,0,0,0,0,1,1,5,6,1,15,3,-1,-1,-1,-1,7,E01030652,1,-1
2020450942828,2020,450942828,1,98,0,18,19,1,5,0,0,0,0,0,0,0,0,1,6,6,3,40,7,-1,-1,-1,-1,-1,-1,0,-1
202006Q174227,2020,06Q174227,1,3,0,18,19,6,2,0,0,8,0,0,0,0,4,1,6,6,1,20,4,-1,-1,-1,-1,-1,-1,0,-1
2020622000195,2020,622000195,1,9,0,18,19,4,8,0,0,8,0,0,0,0,1,1,1,1,1,28,6,-1,-1,-1,-1,2,W01001942,0,-1
20201377G1494,2020,1377G1494,2,1,0,5,5,0,0,0,0,0,0,0,0,0,3,1,6,6,1,15,3,-1,-1,-1,-1,4,E01010890,0,-1
2020110983429,2020,110983429,2,1,0,18,19,5,1,0,0,4,0,0,0,0,4,1,5,6,1,50,8,-1,-1,-1,-1,-1,-1,0,-1
2020520000433,2020,520000433,1,9,0,9,9,5,3,0,0,1,0,0,0,0,1,1,6,6,1,-1,-1,-1,-1,-1,-1,-1,-1,0,-1
2020990969766,2020,990969766,1,1,0,18,19,5,1,0,0,0,1,0,0,0,3,1,5,6,1,28,6,-1,-1,-1,-1,3,-1,0,-1
2020100971003,2020,100971003,1,9,0,7,7,1,8,0,0,0,0,0,0,0,4,1,6,6,1,30,6,-1,-1,-1,-1,-1,-1,0,-1
2020010277169,2020,010277169,1,11,0,4,4,3,7,2,2,0,0,0,0,0,0,1,1,1,1,21,5,-1,-1,-1,-1,2,E01004239,0,-1
2020010241071,2020,010241071,2,9,0,99,99,9,9,99,99,9,9,99,9,99,1,9,6,6,3,-1,-1,-1,-1,-1,-1,-1,-1,0,-1
2020010264972,2020,010264972,2,9,0,99,99,9,9,99,99,9,9,99,9,99,0,9,6,6,3,-1,-1,-1,-1,-1,-1,-1,-1,0,-1
2020010248791,2020,010248791,1,1,0,17,19,7,3,0,0,8,5,0,0,99,4,1,6,6,1,42,7,-1,-1,-1,-1,3,E01033735,0,-1
2020010247040,2020,010247040,1,9,0,99,99,9,9,99,99,9,9,99,9,99,9,9,6,6,3,-1,-1,-1,-1,-1,-1,-1,-1,0,-1
2020160949526,2020,160949526,2,1,0,18,19,7,4,0,0,1,0,0,0,0,1,1,2,2,2,43,7,-1,-1,-1,-1,10,E01013090,0,-1
2020010267978,2020,010267978,2,9,0,99,99,9,9,99,99,9,9,99,9,99,9,9,6,6,3,-1,-1,-1,-1,-1,-1,-1,-1,0,-1
202031A156820,2020,31A156820,1,11,0,18,19,5,1,0,0,2,0,0,0,0,1,1,1,1,3,-1,-1,-1,-1,-1,-1,-1,-1,0,-1
2020522100384,2020,522100384,2,9,4,18,19,3,7,0,0,1,0,0,0,0,1,1,6,6,1,55,8,-1,-1,-1,-1,1,W01001326,0,-1
2020430023765,2020,430023765,2,1,0,18,19,5,1,0,0,0,0,0,0,0,4,1,6,6,1,18,4,-1,-1,-1,-1,5,E01016488,0,-1
2020137BJ0630,2020,137BJ0630,2,1,0,18,19,8,4,0,0,0,0,0,0,0,3,1,6,6,1,58,9,-1,-1,-1,-1,4,E01027906,0,-1
2020010244730,2020,010244730,2,1,0,18,19,5,1,0,0,1,0,0,0,0,4,1,6,6,1,53,8,-1,-1,-1,-1,5,E01003484,0,-1
2020040930690,2020,040930690,2,1,0,18,19,5,1,0,0,1,0,0,0,0,1,1,5,6,1,50,8,-1,-1,-1,-1,4,E01033072,0,-1
2020332000817,2020,332000817,2,1,0,18,19,3,7,0,0,5,0,0,0,0,1,1,6,6,1,7,2,-1,-1,-1,-1,1,E01013621,0,-1
202006E277118,2020,06E277118,2,1,0,18,19,6,2,4,4,8,0,0,0,0,3,1,6,6,2,23,5,-1,-1,-1,-1,4,E01005897,0,-1
2020430197572,2020,430197572,1,1,0,18,19,8,4,0,0,8,0,0,1,0,4,1,6,6,1,-1,-1,-1,-1,-1,-1,-1,-1,0,-1
2020140915759,2020,140915759,1,97,0,18,19,3,7,0,0,0,0,0,1,0,0,1,6,6,1,22,5,-1,-1,-1,-1,1,E01007462,0,-1
2020070512405,2020,070512405,1,1,0,4,4,7,3,0,0,1,1,0,0,0,1,1,6,6,1,15,3,-1,-1,-1,-1,7,E01018449,0,-1
2020340N02252,2020,340N02252,2,1,0,18,19,3,7,0,0,8,5,0,0,0,4,1,2,2,1,56,9,-1,-1,-1,-1,8,E01027193,0,-1
2020500968354,2020,500968354,1,9,0,18,19,6,2,0,0,0,0,0,0,0,4,1,6,6,3,-1,-1,-1,-1,-1,-1,-1,-1,0,-1
2020420968995,2020,420968995,2,1,0,18,19,6,2,0,0,0,0,0,0,0,1,1,5,6,1,41,7,-1,-1,-1,-1,-1,-1,0,-1
2020010233793,2020,010233793,1,9,0,18,19,8,4,0,0,0,0,0,0,0,4,1,2,2,2,55,8,-1,-1,-1,-1,4,E01001321,0,-1
2020430290441,2020,430290441,1,1,0,18,19,4,8,0,0,8,0,0,0,0,3,1,4,7,1,17,4,-1,-1,-1,-1,5,E01016487,0,-1
2020010272082,2020,010272082,2,1,0,18,19,6,2,0,0,0,0,0,0,0,1,1,6,6,1,15,3,-1,-1,-1,-1,4,E01002785,0,-1
2020200961417,2020,200961417,2,1,0,18,19,1,5,0,0,0,0,0,0,0,2,1,6,6,1,26,6,-1,-1,-1,-1,6,E01009319,0,-1
2020470980208,2020,470980208,2,1,0,18,19,2,4,0,0,0,0,0,0,0,3,1,6,6,1,44,7,-1,-1,-1,-1,5,E01016853,0,-1
2020360955383,2020,360955383,2,1,0,18,19,4,8,0,0,1,0,0,0,0,1,1,5,6,1,50,8,-1,-1,-1,-1,8,E01026561,0,-1
2020522004639,2020,522004639,2,8,0,18,19,7,3,0,0,1,0,0,0,0,1,1,1,1,2,61,9,-1,-1,-1,-1,4,E01014401,0,-1
2020540531720,2020,540531720,1,9,0,18,19,6,2,0,0,1,0,0,0,0,1,1,6,6,3,-1,-1,-1,-1,-1,-1,-1,-1,0,-1
2020420926538,2020,420926538,1,9,0,18,19,1,5,0,0,8,0,0,0,0,1,1,6,6,2,-1,-1,-1,-1,-1,-1,-1,-1,0,-1
2020332000416,2020,332000416,2,9,0,18,19,3,7,0,0,0,0,0,0,0,4,1,6,6,1,22,5,-1,-1,-1,-1,6,E01013785,0,-1
2020360982305,2020,360982305,1,1,0,18,19,7,3,0,0,0,0,0,0,0,3,1,5,6,1,14,3,-1,-1,-1,-1,7,E01026588,0,-1
2020430079834,2020,430079834,2,1,0,18,19,7,3,0,0,0,0,0,0,0,3,1,6,6,1,17,4,-1,-1,-1,-1,6,E01016433,0,-1
2020010250024,2020,010250024,1,9,0,18,19,1,5,0,0,8,1,0,0,0,1,1,6,6,1,31,6,-1,-1,-1,-1,7,E01001304,0,-1
2020200942584,2020,200942584,3,9,0,18,19,2,6,0,0,1,0,0,0,0,1,1,6,6,1,21,5,-1,-1,-1,-1,2,E01009445,0,-1
2020522004623,2020,522004623,3,1,0,15,15,3,7,0,0,0,1,0,0,0,1,1,6,6,1,30,6,-1,-1,-1,-1,3,E01014566,0,-1
2020010259017,2020,010259017,1,1,9,18,19,1,5,99,99,0,9,99,9,99,1,1,3,7,1,41,7,-1,-1,-1,-1,8,E01004072,0,-1
202060Y169230,2020,60Y169230,2,4,0,18,19,2,6,0,0,0,5,0,0,0,2,1,6,6,1,33,6,-1,-1,-1,-1,-1,-1,0,-1
2020052001065,2020,052001065,1,9,0,18,19,1,5,0,0,0,0,0,0,0,4,1,6,6,3,-1,-1,-1,-1,-1,-1,-1,-1,0,-1
2020470986395,2020,470986395,2,1,0,7,7,2,5,0,0,8,1,0,0,0,1,1,2,2,1,25,5,-1,-1,-1,-1,6,E01030819,0,-1
2020200973670,2020,200973670,2,1,0,3,3,-1,-1,0,0,8,0,0,0,0,0,1,6,6,1,17,4,-1,-1,-1,-1,2,E01009481,0,-1
2020010250195,2020,010250195,2,1,0,18,19,3,7,0,0,8,0,0,0,0,1,-1,6,6,1,53,8,-1,-1,-1,-1,4,E01001974,0,-1
2020052000972,2020,052000972,1,9,0,18,19,2,6,0,0,0,0,0,1,4,1,1,6,6,2,30,6,-1,-1,-1,-1,1,E01033094,0,-1
2020320626704,2020,320626704,2,9,0,18,19,2,6,0,0,3,0,0,0,0,0,1,6,6,3,40,7,-1,-1,-1,-1,-1,-1,0,-1
2020450924895,2020,450924895,2,9,0,2,2,0,0,0,0,0,0,0,0,0,2,1,6,6,3,-1,-1,-1,-1,-1,-1,-1,-1,0,-1
2020052001935,2020,052001935,1,1,0,18,19,5,1,0,0,0,0,0,0,0,0,1,6,6,1,81,11,-1,-1,-1,-1,9,E01006828,0,-1
2020010270884,2020,010270884,1,1,9,99,99,9,9,99,99,9,9,99,9,99,9,1,2,2,1,37,7,-1,-1,-1,-1,7,E01001890,0,-1
2020040921038,2020,040921038,1,9,0,18,19,3,3,0,0,0,0,0,0,0,0,1,6,6,3,-1,-1,-1,-1,-1,-1,-1,-1,0,-1
2020160973837,2020,160973837,2,1,0,18,19,2,6,0,0,1,0,0,0,0,3,1,5,6,1,30,6,-1,-1,-1,-1,5,E01006420,0,-1
2020302001535,2020,302001535,2,9,0,3,3,2,6,0,0,1,0,0,0,0,0,1,6,6,3,-1,-1,-1,-1,-1,-1,5,E01019456,0,-1
2020460956768,2020,460956768,2,1,0,18,19,1,5,0,0,0,0,0,0,0,2,1,6,6,1,67,10,-1,-1,-1,-1,4,E01024219,0,-1
2020332000504,2020,332000504,1,3,0,9,9,7,5,0,0,5,0,0,0,0,4,1,6,6,1,55,8,-1,-1,-1,-1,3,E01025943,0,-1
2020420958554,2020,420958554,2,9,0,10,10,3,1,0,0,5,0,0,0,0,2,1,6,6,1,61,9,-1,-1,-1,-1,9,E01021619,0,-1
2020990929637,2020,990929637,3,9,0,2,2,0,0,0,0,2,0,0,0,0,1,1,6,6,3,-1,-1,-1,-1,-1,-1,-1,-1,0,-1
2020122001175,2020,122001175,2,20,0,18,19,5,1,0,0,1,0,0,0,0,1,2,1,1,3,-1,-1,-1,-1,-1,-1,-1,-1,0,-1
2020440044774,2020,440044774,1,1,0,17,19,8,5,4,4,8,0,0,0,0,1,1,2,2,1,24,5,-1,-1,-1,-1,9,E01022774,0,-1
2020010256300,2020,010256300,2,1,0,18,19,8,4,0,0,2,0,0,0,0,1,1,2,2,1,24,5,-1,-1,-1,-1,5,E01003392,0,-1
2020340D07782,2020,340D07782,3,9,0,18,19,1,5,0,0,0,1,0,0,0,0,1,6,6,1,51,8,-1,-1,-1,-1,9,E01017414,0,-1
2020622000857,2020,622000857,1,9,0,18,19,7,3,0,0,0,0,0,0,0,1,1,6,6,3,-1,-1,-1,-1,-1,-1,-1,-1,0,-1
2020332000868,2020,332000868,1,9,0,9,9,7,5,0,0,5,0,0,0,0,1,1,3,7,2,31,6,-1,-1,-1,-1,3,E01013745,0,-1
2020010254721,2020,010254721,1,9,0,99,99,9,9,99,99,9,9,99,9,99,1,9,2,2,1,50,8,-1,-1,-1,-1,3,E01001969,0,-1
2020010255096,2020,010255096,1,1,0,18,19,1,5,9,9,1,0,0,0,0,1,1,2,2,2,23,5,-1,-1,-1,-1,3,E01001887,0,-1
2020430366674,2020,430366674,1,1,0,16,19,8,3,0,0,0,0,0,0,0,1,1,6,6,1,30,6,-1,-1,-1,-1,10,E01016559,0,-1
2020010242928,2020,010242928,2,9,0,18,19,7,3,0,0,8,0,0,0,0,1,1,6,6,2,25,5,-1,-1,-1,-1,5,E01001520,0,-1
2020460941295,2020,460941295,1,9,0,4,4,7,3,0,0,1,0,0,0,0,3,1,6,6,3,-1,-1,-1,-1,-1,-1,-1,-1,0,-1
2020400943055,2020,400943055,1,9,0,5,5,5,1,0,0,6,0,0,0,0,4,1,6,6,2,30,6,-1,-1,-1,-1,-1,-1,0,-1
2020010270048,2020,010270048,1,1,9,99,99,9,9,99,99,9,9,99,9,99,9,1,2,2,1,29,6,-1,-1,-1,-1,7,E01003039,0,-1
2020430191168,2020,430191168,1,9,0,17,19,3,8,0,0,0,1,0,7,1,4,1,6,6,1,21,5,-1,-1,-1,-1,6,E01016306,0,-1
2020010248044,2020,010248044,2,1,0,18,19,3,7,0,0,1,0,0,0,0,3,1,6,6,1,57,9,-1,-1,-1,-1,3,E01001892,0,-1
2020470920882,2020,470920882,1,9,0,9,9,5,2,0,0,6,0,0,0,0,3,1,5,6,1,23,5,-1,-1,-1,-1,9,E01031751,0,-1
2020520002641,2020,520002641,1,9,0,18,19,4,8,0,0,8,0,0,0,0,3,1,6,6,1,27,6,-1,-1,-1,-1,6,E01029331,0,-1
2020070676527,2020,070676527,2,1,0,18,19,8,4,0,0,0,0,0,0,0,0,1,6,6,1,-1,-1,-1,-1,-1,-1,7,E01018565,0,-1
2020010267662,2020,010267662,2,1,0,12,12,7,3,0,0,0,0,0,0,0,1,1,4,7,2,16,4,-1,-1,-1,-1,3,E01001779,0,-1
2020420988599,2020,420988599,2,1,0,18,19,7,3,0,0,8,0,4,0,0,1,1,5,6,2,69,10,-1,-1,-1,-1,2,E01021998,0,-1
2020160981135,2020,160981135,1,90,0,18,19,6,2,0,0,0,0,0,0,0,4,1,6,6,3,-1,-1,-1,-1,-1,-1,-1,-1,0,-1
2020010233933,2020,010233933,2,1,9,99,99,9,9,99,99,9,9,99,9,99,9,1,6,6,3,-1,-1,-1,-1,-1,-1,-1,-1,0,-1
2020522004579,2020,522004579,2,1,0,11,11,5,1,0,0,3,0,0,0,0,2,1,6,6,1,34,6,-1,-1,-1,-1,10,E01014715,0,-1
2020522100578,2020,522100578,2,1,0,4,4,8,4,0,0,2,0,0,0,0,1,1,6,6,1,28,6,-1,-1,-1,-1,4,E01015007,0,-1
2020070063096,2020,070063096,2,21,1,18,19,1,5,0,0,0,0,0,0,0,0,2,1,1,1,53,8,-1,-1,-1,-1,-1,-1,0,-1
2020110985750,2020,110985750,1,9,0,7,7,7,3,0,0,3,0,0,0,0,0,1,6,6,1,30,6,-1,-1,-1,-1,2,E01020820,0,-1
2020332001236,2020,332001236,1,9,0,18,19,4,8,0,0,8,0,0,0,0,0,1,6,6,2,41,7,-1,-1,-1,-1,-1,-1,0,-1
2020140972634,2020,140972634,2,1,0,18,19,7,4,0,0,0,5,0,0,0,4,1,6,6,1,57,9,-1,-1,-1,-1,10,E01011132,0,-1
2020522000217,2020,522000217,1,9,0,5,5,7,3,0,0,0,0,0,0,0,3,1,6,6,2,30,6,-1,-1,-1,-1,-1,-1,0,-1
2020010274490,2020,010274490,1,1,0,18,19,5,1,0,0,0,0,0,0,0,0,1,6,6,1,56,9,-1,-1,-1,-1,1,E01000601,0,-1
2020460983413,2020,460983413,1,9,0,5,5,-1,-1,0,0,1,0,0,0,0,4,1,6,6,1,-1,-1,-1,-1,-1,-1,-1,-1,0,-1
2020010274132,2020,010274132,1,1,9,99,99,9,9,99,99,9,0,99,9,99,9,1,2,2,2,50,8,-1,-1,-1,-1,9,E01003384,0,-1
2020440456954,2020,440456954,1,1,0,9,9,3,1,0,0,8,0,0,0,0,1,1,6,6,1,23,5,-1,-1,-1,-1,6,E01023155,0,-1
2020332000735,2020,332000735,1,9,0,9,9,5,2,0,0,3,0,0,1,9,1,1,6,6,1,36,7,-1,-1,-1,-1,10,E01025726,0,-1
2020010284478,2020,010284478,1,1,9,99,99,9,9,99,99,9,9,99,9,99,1,1,6,6,1,22,5,-1,-1,-1,-1,6,E01000513,0,-1
2020170M10900,2020,170M10900,1,9,0,18,19,4,8,0,0,8,0,0,0,0,1,1,6,6,1,36,7,-1,-1,-1,-1,-1,-1,0,-1
2020010264273,2020,010264273,1,9,0,99,99,9,9,99,99,9,9,99,9,99,1,9,6,6,3,-1,-1,-1,-1,-1,-1,-1,-1,0,-1
2020010254592,2020,010254592,2,1,0,18,19,7,3,4,4,8,0,0,0,0,1,1,2,2,1,30,6,-1,-1,-1,-1,2,E01004268,0,-1
2020010287373,2020,010287373,2,3,0,99,99,9,9,99,99,9,9,99,9,99,9,1,6,6,3,-1,-1,-1,-1,-1,-1,-1,-1,0,-1
202031D052120,2020,31D052120,2,9,0,18,19,2,6,0,0,0,0,0,0,0,1,1,1,1,2,34,6,-1,-1,-1,-1,2,E01013504,0,-1
2020430196003,2020,430196003,2,9,0,1,1,3,7,0,0,1,0,0,0,0,2,1,6,6,2,-1,-1,-1,-1,-1,-1,-1,-1,0,-1
2020332000449,2020,332000449,1,9,0,9,9,7,5,0,0,5,0,0,0,0,3,1,6,6,2,51,8,-1,-1,-1,-1,-1,-1,0,-1
2020410999826,2020,410999826,1,1,0,18,19,8,4,0,0,0,0,0,0,0,1,1,2,2,1,50,8,-1,-1,-1,-1,6,E01023855,0,-1
2020010280301,2020,010280301,1,1,9,99,99,9,9,99,99,9,9,99,9,99,1,1,2,2,1,28,6,-1,-1,-1,-1,1,E01032575,0,-1
2020400968376,2020,400968376,1,9,0,18,19,1,5,0,0,0,0,0,0,0,1,1,5,6,1,43,7,-1,-1,-1,-1,9,E01017556,0,-1
2020010286946,2020,010286946,1,9,0,99,99,9,9,99,99,0,9,99,9,99,0,9,6,6,3,-1,-1,-1,-1,-1,-1,-1,-1,0,-1
2020340S05232,2020,340S05232,1,21,1,12,12,5,1,0,0,0,0,0,0,0,3,1,1,1,1,45,7,-1,-1,-1,-1,-1,-1,0,-1
2020160925957,2020,160925957,2,11,0,13,13,3,7,0,0,0,0,0,0,0,1,2,6,6,3,-1,-1,-1,-1,-1,-1,-1,-1,0,-1
2020500983523,2020,500983523,1,19,0,18,19,7,3,0,0,4,0,0,0,0,1,1,6,6,1,23,5,-1,-1,-1,-1,1,E01015256,0,-1
2020140947601,2020,140947601,2,1,0,18,19,5,5,0,0,8,0,0,0,0,1,1,5,6,1,48,8,-1,-1,-1,-1,-1,-1,0,-1
2020500957265,2020,500957265,1,4,0,5,5,1,5,9,9,8,0,0,0,0,1,1,5,6,1,25,5,-1,-1,-1,-1,4,E01015173,0,-1
2020461010658,2020,461010658,2,1,0,18,19,2,5,0,0,0,0,0,0,0,2,1,6,6,2,16,4,-1,-1,-1,-1,4,E01024377,0,-1
2020052002036,2020,052002036,1,8,0,18,19,5,1,0,0,8,0,0,0,0,4,1,6,6,3,-1,-1,-1,-1,-1,-1,-1,-1,0,-1
202060Y107304,2020,60Y107304,1,9,0,17,19,1,5,0,0,0,5,0,2,11,1,1,6,6,2,21,5,-1,-1,-1,-1,-1,-1,0,-1
2020350928770,2020,350928770,3,9,0,18,19,3,7,0,0,0,0,0,0,0,3,1,6,6,1,28,6,-1,-1,-1,-1,5,E01026266,0,-1
2020010261540,2020,010261540,1,1,9,99,99,9,9,99,99,0,9,99,9,99,9,1,6,6,1,31,6,-1,-1,-1,-1,2,E01033578,0,-1
202063B000621,2020,63B000621,2,1,0,18,19,8,4,0,0,8,0,0,0,0,1,1,2,2,1,25,5,-1,-1,-1,-1,3,W01000515,0,-1
2020052001949,2020,052001949,1,9,0,18,19,1,5,0,0,0,0,0,0,0,1,1,6,6,1,45,7,-1,-1,-1,-1,1,E01007052,0,-1
2020332000698,2020,332000698,2,1,0,18,19,5,1,0,0,8,0,0,3,0,1,1,6,6,1,28,6,-1,-1,-1,-1,1,E01013652,0,-1
2020351003667,2020,351003667,1,9,0,18,19,8,1,0,0,0,0,0,0,0,1,1,5,6,1,21,5,-1,-1,-1,-1,5,E01027145,0,-1
2020540047319,2020,540047319,1,9,0,18,19,8,4,0,0,2,0,0,0,0,1,1,6,6,1,-1,-1,-1,-1,-1,-1,-1,-1,0,-1
2020010229480,2020,010229480,2,1,0,18,19,7,3,0,0,8,0,0,0,0,1,1,6,6,1,49,8,-1,-1,-1,-1,5,E01003276,0,-1
2020440360916,2020,440360916,2,3,0,10,10,7,4,0,0,1,0,0,7,0,3,1,2,2,1,30,6,-1,-1,-1,-1,3,E01017195,0,-1
2020430001892,2020,430001892,1,9,0,1,1,5,1,0,0,0,0,0,0,0,2,1,6,6,3,-1,-1,-1,-1,-1,-1,-1,-1,0,-1
2020010276415,2020,010276415,2,1,0,18,19,1,5,0,0,1,0,0,0,0,1,1,6,6,1,56,9,-1,-1,-1,-1,2,E01001767,0,-1
2020160980281,2020,160980281,1,4,0,18,19,2,6,0,0,8,1,0,0,0,1,1,6,6,1,20,4,-1,-1,-1,-1,4,E01013146,0,-1
2020070010144,2020,070010144,2,1,0,16,19,8,4,0,0,8,0,9,0,0,1,1,2,2,1,55,8,-1,-1,-1,-1,4,E01012478,0,-1
202006J270657,2020,06J270657,2,1,0,18,19,1,5,9,9,0,0,0,0,0,3,1,6,6,1,19,4,-1,-1,-1,-1,4,E01005834,0,-1
2020332001213,2020,332001213,1,97,0,18,19,1,5,0,0,0,0,0,0,0,0,1,6,6,1,59,9,-1,-1,-1,-1,-1,-1,0,-1
2020170M11070,2020,170M11070,2,1,0,15,15,4,8,4,4,8,0,0,0,0,1,1,2,2,1,42,7,-1,-1,-1,-1,9,E01012231,0,-1
202054B003320,2020,54B003320,1,9,0,18,19,6,2,0,0,0,0,0,8,4,1,1,6,6,1,20,4,-1,-1,-1,-1,8,E01032110,0,-1
2020140951181,2020,140951181,1,1,0,18,19,4,1,0,0,0,0,0,0,0,4,1,5,6,2,44,7,-1,-1,-1,-1,7,E01019786,0,-1
2020201019434,2020,201019434,1,9,0,18,19,2,6,0,0,3,0,0,0,0,1,1,6,6,3,-1,-1,-1,-1,-1,-1,-1,-1,0,-1
2020160934580,2020,160934580,1,1,0,18,19,4,8,0,0,0,0,0,0,0,1,1,4,7,1,14,3,-1,-1,-1,-1,9,E01013191,0,-1
2020010255562,2020,010255562,1,1,0,18,19,5,1,4,4,2,1,0,0,0,2,1,1,1,1,22,5,-1,-1,-1,-1,5,E01004548,0,-1
2020450962782,2020,450962782,1,1,0,18,19,1,5,0,0,0,0,0,0,0,3,1,5,6,1,55,8,-1,-1,-1,-1,9,E01030713,0,-1
2020990953597,2020,990953597,1,1,0,18,19,3,7,0,0,1,0,0,0,0,1,1,2,2,1,13,3,-1,-1,-1,-1,1,-1,0,-1
2020211025312,2020,211025312,1,9,-1,-1,-1,-1,-1,-1,-1,-1,-1,-1,-1,0,-1,1,6,6,3,-1,-1,-1,-1,-1,-1,-1,-1,0,-1
2020110919657,2020,110919657,1,9,0,18,19,3,7,0,0,0,0,0,0,0,1,1,6,6,3,30,6,-1,-1,-1,-1,-1,-1,0,-1
2020160922060,2020,160922060,2,1,0,18,19,5,1,0,0,0,0,0,0,0,1,1,6,6,1,16,4,-1,-1,-1,-1,1,E01013300,0,-1
2020010282152,2020,010282152,1,9,9,99,99,9,9,99,99,0,9,99,9,99,9,9,6,6,3,-1,-1,-1,-1,-1,-1,-1,-1,0,-1
2020470939212,2020,470939212,2,98,0,2,2,0,0,0,0,0,0,0,0,0,1,1,6,6,3,-1,-1,-1,-1,-1,-1,-1,-1,0,-1
2020010289197,2020,010289197,1,1,9,99,99,9,9,99,99,0,9,99,9,99,2,1,6,6,1,53,8,-1,-1,-1,-1,5,E01003274,0,-1
2020010283306,2020,010283306,2,9,0,18,19,5,1,0,0,1,0,0,0,0,0,2,6,6,1,23,5,-1,-1,-1,-1,-1,-1,0,-1
2020990986173,2020,990986173,1,9,0,6,6,4,5,0,0,0,0,0,0,0,4,1,1,1,1,36,7,-1,-1,-1,-1,4,-1,0,-1
202006L175221,2020,06L175221,2,1,0,18,19,4,8,0,0,8,0,0,0,0,2,1,6,6,1,57,9,-1,-1,-1,-1,5,E01006258,0,-1
2020450959340,2020,450959340,1,1,0,7,7,1,3,0,0,0,0,0,0,0,1,1,6,6,1,36,7,-1,-1,-1,-1,9,E01004115,0,-1
2020122000419,2020,122000419,1,1,0,17,19,3,4,0,0,0,0,0,1,11,1,1,6,6,1,66,10,-1,-1,-1,-1,7,E01027693,0,-1
2020522005069,2020,522005069,2,1,0,8,8,7,1,0,0,1,0,0,0,0,3,1,6,6,1,21,5,-1,-1,-1,-1,4,E01014576,0,-1
2020480992574,2020,480992574,1,11,0,5,5,7,3,0,0,0,0,0,0,0,1,1,1,1,3,50,8,-1,-1,-1,-1,-1,-1,0,-1