collision_index,collision_year,collision_ref_no,vehicle_reference,vehicle_type,towing_and_articulation,vehicle_manoeuvre_historic,vehicle_manoeuvre,vehicle_direction_from,vehicle_direction_to,vehicle_location_restricted_lane_historic,vehicle_location_restricted_lane,junction_location,skidding_and_overturning,hit_object_in_carriageway,vehicle_leaving_carriageway,hit_object_off_carriageway,first_point_of_impact,vehicle_left_hand_drive,journey_purpose_of_driver_historic,journey_purpose_of_driver,sex_of_driver,age_of_driver,age_band_of_driver,engine_capacity_cc,propulsion_code,age_of_vehicle,generic_make_model,driver_imd_decile,lsoa_of_driver,escooter_flag,driver_distance_banding
2020302000609,2020,302000609,2,9,0,18,19,2,6,0,0,8,0,0,0,0,0,1,6,6,3,-1,-1,-1,-1,-1,-1,5,E01019456,0,-1
2020990937624,2020,990937624,1,9,0,18,19,7,3,0,0,1,0,0,0,0,1,1,6,6,1,39,7,-1,-1,-1,-1,4,-1,0,-1
2020470925498,2020,470925498,2,1,0,18,19,1,5,4,4,8,0,0,0,0,4,1,5,6,2,41,7,-1,-1,-1,-1,8,E01016995,0,-1
202060Y093786,2020,60Y093786,1,5,0,15,15,8,4,0,0,0,1,0,0,0,1,1,6,6,1,57,9,-1,-1,-1,-1,-1,-1,0,-1
20201379M0957,2020,1379M0957,1,9,0,18,19,2,6,0,0,0,0,0,0,0,1,1,6,6,3,-1,-1,-1,-1,-1,-1,-1,-1,0,-1
2020420967981,2020,420967981,2,1,0,17,19,7,4,0,0,8,0,0,0,0,4,1,5,6,1,40,7,-1,-1,-1,-1,7,E01021900,0,-1
2020450943215,2020,450943215,2,9,0,2,2,5,1,9,9,0,0,4,0,0,2,1,6,6,3,-1,-1,-1,-1,-1,-1,-1,-1,0,-1
2020010235338,2020,010235338,1,1,9,9,9,1,7,0,0,1,9,0,0,99,9,1,2,2,2,18,4,-1,-1,-1,-1,5,E01001214,0,-1
2020230974096,2020,230974096,1,9,0,18,19,8,4,0,0,8,0,0,0,0,3,1,5,6,3,25,5,-1,-1,-1,-1,-1,-1,0,-1
2020010273786,2020,010273786,2,9,0,99,99,9,9,99,99,0,9,99,9,99,9,9,6,6,1,-1,-1,-1,-1,-1,-1,5,E01024565,0,-1
2020010272389,2020,010272389,2,-1,0,18,19,7,3,0,0,6,0,0,0,0,4,1,6,6,1,50,8,-1,-1,-1,-1,2,E01015594,1,-1
2020400969979,2020,400969979,4,9,0,18,19,1,1,0,0,0,0,0,0,0,0,1,5,6,1,55,8,-1,-1,-1,-1,5,E01015780,0,-1
2020440034818,2020,440034818,1,3,0,18,19,6,2,0,0,1,0,0,0,0,4,1,2,2,2,27,6,-1,-1,-1,-1,4,E01022804,0,-1
2020200931820,2020,200931820,2,1,0,18,19,6,2,0,0,4,0,0,0,0,3,1,1,1,1,45,7,-1,-1,-1,-1,1,E01009769,0,-1
2020010254200,2020,010254200,2,9,0,7,7,6,8,0,0,1,0,0,0,0,4,1,6,6,3,-1,-1,-1,-1,-1,-1,-1,-1,0,-1
2020010263167,2020,010263167,1,1,9,99,99,9,9,99,99,9,9,99,9,99,9,1,6,6,2,26,6,-1,-1,-1,-1,2,E01001755,0,-1
2020070204462,2020,070204462,2,1,0,18,19,6,2,0,0,8,0,0,0,0,4,1,2,2,2,22,5,-1,-1,-1,-1,4,E01018639,0,-1
2020010277686,2020,010277686,2,9,0,99,99,9,9,99,99,9,9,99,9,99,3,9,6,6,3,-1,-1,-1,-1,-1,-1,-1,-1,0,-1
2020040934870,2020,040934870,3,98,0,18,19,3,7,0,0,1,0,0,0,0,0,1,1,1,1,41,7,-1,-1,-1,-1,7,E01025048,0,-1
2020470928070,2020,470928070,4,9,0,2,2,0,0,0,0,0,0,0,0,0,2,1,6,6,3,-1,-1,-1,-1,-1,-1,-1,-1,0,-1
202006L167559,2020,06L167559,2,9,0,9,9,2,8,0,0,8,0,0,0,0,1,1,6,6,3,-1,-1,-1,-1,-1,-1,-1,-1,0,-1
202006G170359,2020,06G170359,1,9,0,1,1,7,5,0,0,1,0,0,0,0,2,1,6,6,3,-1,-1,-1,-1,-1,-1,-1,-1,0,-1
2020010240838,2020,010240838,1,1,9,99,99,9,9,99,99,9,9,99,9,99,1,1,6,6,1,32,6,-1,-1,-1,-1,2,E01001594,0,-1
2020520001722,2020,520001722,1,9,0,9,9,8,6,0,0,2,0,0,0,0,1,1,6,6,2,49,8,-1,-1,-1,-1,-1,-1,0,-1
20201372M0677,2020,1372M0677,2,1,0,4,4,5,1,0,0,0,0,0,0,0,1,1,1,1,1,56,9,-1,-1,-1,-1,6,E01010699,0,-1
2020460974019,2020,460974019,1,1,0,18,19,4,8,0,0,0,0,0,0,0,1,1,6,6,1,-1,-1,-1,-1,-1,-1,8,E01000366,0,-1
2020010285935,2020,010285935,2,1,9,99,99,9,9,99,99,1,9,99,9,99,9,1,6,6,3,-1,-1,-1,-1,-1,-1,7,E01001882,0,-1
2020010238136,2020,010238136,1,1,9,99,99,9,9,99,99,9,9,99,9,99,9,1,6,6,1,33,6,-1,-1,-1,-1,3,E01003275,0,-1
2020410978399,2020,410978399,2,1,0,18,19,1,5,0,0,3,5,0,0,0,1,1,6,6,1,28,6,-1,-1,-1,-1,-1,-1,0,-1
2020010270991,2020,010270991,2,1,0,18,19,1,5,0,0,8,0,0,0,0,1,1,1,1,1,48,8,-1,-1,-1,-1,9,E01003894,0,-1
2020520004699,2020,520004699,3,9,0,18,19,1,5,0,0,1,0,0,0,1,1,1,6,6,3,30,6,-1,-1,-1,-1,-1,-1,0,-1
2020101009272,2020,101009272,1,9,0,7,7,2,3,0,0,3,0,0,0,0,4,1,6,6,1,22,5,-1,-1,-1,-1,-1,-1,0,-1
2020160948352,2020,160948352,1,98,0,18,19,7,5,0,0,1,0,0,0,0,4,1,6,6,1,32,6,-1,-1,-1,-1,1,E01013165,0,-1
2020440268887,2020,440268887,2,11,0,13,13,4,8,0,0,0,0,0,0,0,0,1,1,1,3,-1,-1,-1,-1,-1,-1,-1,-1,0,-1
2020010238469,2020,010238469,1,9,0,18,19,-1,-1,0,0,0,0,0,0,0,1,1,6,6,3,-1,-1,-1,-1,-1,-1,-1,-1,0,-1
20201371A2049,2020,1371A2049,1,9,0,18,19,3,7,0,0,1,0,11,0,0,1,1,6,6,1,19,4,-1,-1,-1,-1,1,E01010650,0,-1
20201379N1437,2020,1379N1437,1,9,0,18,19,6,2,0,0,0,0,0,0,0,1,1,6,6,1,-1,-1,-1,-1,-1,-1,-1,-1,0,-1
2020010269156,2020,010269156,1,9,0,2,2,0,0,6,6,1,0,0,0,0,3,1,6,6,3,-1,-1,-1,-1,-1,-1,-1,-1,0,-1
2020040969356,2020,040969356,2,1,0,18,19,5,1,0,0,8,0,0,0,0,1,1,6,6,2,13,3,-1,-1,-1,-1,8,E01025597,0,-1
2020160977100,2020,160977100,2,9,0,2,2,0,0,0,0,0,0,0,0,0,1,1,6,6,3,-1,-1,-1,-1,-1,-1,-1,-1,0,-1
2020010249230,2020,010249230,2,1,0,5,5,8,4,0,0,1,0,0,0,0,3,-1,6,6,2,23,5,-1,-1,-1,-1,2,E01001441,0,-1
2020370942645,2020,370942645,4,9,0,4,4,3,8,0,0,0,0,0,0,0,2,1,5,6,1,20,4,-1,-1,-1,-1,8,E01030293,0,-1
2020552000285,2020,552000285,2,1,0,7,7,8,2,0,0,5,0,0,1,0,3,1,6,6,1,49,8,-1,-1,-1,-1,7,E01015428,0,-1
2020421002116,2020,421002116,1,20,-1,-1,-1,-1,-1,-1,-1,0,-1,-1,-1,0,-1,1,6,6,2,-1,-1,-1,-1,-1,-1,-1,-1,0,-1
2020450995776,2020,450995776,2,9,0,11,11,1,5,8,6,2,0,0,0,0,0,1,6,6,3,50,8,-1,-1,-1,-1,-1,-1,0,-1
2020440226952,2020,440226952,2,9,0,7,7,1,3,0,0,8,0,0,0,0,4,1,6,6,3,-1,-1,-1,-1,-1,-1,-1,-1,0,-1
2020100971356,2020,100971356,1,19,0,18,19,7,3,0,0,0,0,0,0,0,1,1,1,1,1,43,7,-1,-1,-1,-1,2,E01019227,0,-1
202060Y053025,2020,60Y053025,2,9,0,18,19,8,4,0,0,8,0,0,0,0,1,1,6,6,2,75,10,-1,-1,-1,-1,-1,-1,0,-1
2020320253702,2020,320253702,2,1,0,18,19,6,2,0,0,1,0,0,0,0,3,1,6,6,1,56,9,-1,-1,-1,-1,7,E01026218,0,-1
2020010267445,2020,010267445,1,1,0,18,19,5,1,0,0,2,1,0,0,0,0,1,6,6,1,69,10,-1,-1,-1,-1,3,E01003264,0,-1
202060Y074475,2020,60Y074475,2,1,0,18,19,6,2,0,0,1,0,0,0,0,3,1,6,6,1,62,9,-1,-1,-1,-1,-1,-1,0,-1
2020500979148,2020,500979148,2,9,0,18,19,3,5,0,0,1,0,0,0,0,4,1,5,6,1,23,5,-1,-1,-1,-1,5,E01028858,0,-1
2020332000274,2020,332000274,1,9,0,9,9,7,5,0,0,2,0,0,1,1,1,1,2,2,1,32,6,-1,-1,-1,-1,3,E01013698,0,-1
2020320421264,2020,320421264,1,9,0,13,13,7,3,0,0,0,0,0,0,0,1,1,6,6,1,37,7,-1,-1,-1,-1,4,E01026076,0,-1
2020450936764,2020,450936764,2,9,0,18,19,1,5,0,0,1,0,0,0,0,1,1,6,6,3,25,5,-1,-1,-1,-1,-1,-1,0,-1
2020450941834,2020,450941834,1,1,0,18,19,5,1,0,0,0,0,0,0,0,1,1,5,6,1,41,7,-1,-1,-1,-1,9,E01030970,0,-1
2020332000591,2020,332000591,1,9,0,7,7,3,5,0,0,6,0,0,0,0,1,1,6,6,2,33,6,-1,-1,-1,-1,1,E01013692,0,-1
2020990970903,2020,990970903,2,9,0,2,2,0,0,0,0,0,0,0,0,0,2,1,6,6,3,-1,-1,-1,-1,-1,-1,-1,-1,0,-1
2020160951767,2020,160951767,2,1,0,18,19,6,2,0,0,8,0,0,0,0,3,1,6,6,1,43,7,-1,-1,-1,-1,1,E01013299,0,-1
2020420923247,2020,420923247,2,9,0,5,5,5,7,0,0,4,0,0,0,0,1,1,5,6,1,45,7,-1,-1,-1,-1,8,E01030988,0,-1
2020221001037,2020,221001037,2,1,0,18,19,5,1,0,0,6,0,0,0,0,4,1,2,2,1,42,7,-1,-1,-1,-1,2,E01014074,0,-1
2020141008477,2020,141008477,1,9,0,2,2,0,0,0,0,0,0,0,0,0,3,1,6,6,3,-1,-1,-1,-1,-1,-1,-1,-1,0,-1
2020140924889,2020,140924889,2,98,0,16,19,6,1,0,0,8,0,0,0,0,1,1,6,6,3,-1,-1,-1,-1,-1,-1,-1,-1,0,-1
20201375I0340,2020,1375I0340,1,9,0,18,19,6,2,0,0,0,0,0,0,0,4,1,6,6,3,-1,-1,-1,-1,-1,-1,-1,-1,0,-1
2020100984547,2020,100984547,2,1,0,18,19,7,3,0,0,1,0,0,0,0,3,1,4,7,1,14,3,-1,-1,-1,-1,2,E01033074,0,-1
202031C002520,2020,31C002520,2,21,0,14,14,6,2,0,0,4,0,0,0,0,4,1,6,6,1,-1,-1,-1,-1,-1,-1,-1,-1,0,-1
2020332000682,2020,332000682,1,9,0,9,9,5,3,0,0,6,0,0,0,0,1,1,1,1,1,53,8,-1,-1,-1,-1,9,E01026355,0,-1
2020230950486,2020,230950486,1,1,0,18,19,5,1,0,0,0,0,4,0,0,1,1,5,6,1,7,2,-1,-1,-1,-1,8,E01031180,0,-1
2020430203057,2020,430203057,2,9,0,13,13,3,7,0,0,0,0,0,0,0,0,1,6,6,3,-1,-1,-1,-1,-1,-1,-1,-1,0,-1
2020430047835,2020,430047835,1,9,0,18,19,4,8,0,0,0,0,0,0,0,1,1,2,2,2,30,6,-1,-1,-1,-1,10,E01016670,0,-1
2020430023600,2020,430023600,1,9,0,18,19,8,4,0,0,6,0,0,0,0,1,1,6,6,2,66,10,-1,-1,-1,-1,10,E01016604,0,-1
2020010229280,2020,010229280,2,9,0,99,99,9,9,99,99,9,9,99,9,99,9,9,6,6,3,-1,-1,-1,-1,-1,-1,-1,-1,0,-1
2020200949542,2020,200949542,1,98,1,18,19,-1,-1,0,0,0,0,0,0,0,4,1,6,6,3,-1,-1,-1,-1,-1,-1,-1,-1,0,-1
2020010236622,2020,010236622,2,9,0,18,19,9,9,0,0,0,0,4,0,0,1,9,6,6,3,-1,-1,-1,-1,-1,-1,-1,-1,0,-1
2020010228691,2020,010228691,2,9,0,2,2,0,0,0,0,1,0,0,0,0,0,1,6,6,3,-1,-1,-1,-1,-1,-1,-1,-1,0,-1
2020622000100,2020,622000100,2,1,0,18,19,4,8,0,0,8,0,0,0,0,1,1,2,2,2,38,7,-1,-1,-1,-1,9,W01001089,0,-1
2020200970681,2020,200970681,2,1,0,18,19,5,1,0,0,1,0,0,0,0,1,1,6,6,2,43,7,-1,-1,-1,-1,6,E01010223,0,-1
2020100958283,2020,100958283,2,1,0,18,19,7,3,0,0,1,2,0,0,0,3,1,5,6,1,28,6,-1,-1,-1,-1,9,E01008799,0,-1
2020010235395,2020,010235395,2,9,0,18,19,5,1,0,0,8,0,0,0,0,1,1,6,6,3,-1,-1,-1,-1,-1,-1,-1,-1,0,-1
2020140946602,2020,140946602,1,9,0,-1,-1,-1,-1,-1,-1,0,-1,-1,-1,0,-1,1,6,6,3,-1,-1,-1,-1,-1,-1,-1,-1,0,-1
2020010259673,2020,010259673,1,3,0,5,5,7,3,9,9,0,0,0,1,0,1,1,-1,-1,3,-1,-1,-1,-1,-1,-1,-1,-1,0,-1
2020070602993,2020,070602993,1,1,0,5,5,5,1,0,0,1,0,0,0,0,4,1,6,6,2,20,4,-1,-1,-1,-1,3,E01018446,0,-1
2020010245288,2020,010245288,1,11,0,18,19,5,1,0,0,8,0,0,0,0,3,1,1,1,1,27,6,-1,-1,-1,-1,6,E01000110,0,-1
2020010278805,2020,010278805,2,9,0,99,99,9,9,99,99,9,9,99,9,99,2,9,6,6,3,-1,-1,-1,-1,-1,-1,2,E01000876,0,-1
202006J170049,2020,06J170049,1,9,0,3,3,2,6,0,0,2,0,0,0,0,0,1,1,1,1,49,8,-1,-1,-1,-1,1,E01005762,0,-1
2020622000262,2020,622000262,1,9,0,18,19,1,5,0,0,0,1,0,6,0,1,1,6,6,1,21,5,-1,-1,-1,-1,9,W01000816,0,-1
2020140972917,2020,140972917,2,9,0,17,19,1,5,0,0,0,0,0,0,0,3,1,2,2,1,67,10,-1,-1,-1,-1,-1,-1,0,-1
2020430161782,2020,430161782,1,9,0,3,3,3,7,0,0,8,0,0,0,0,2,1,6,6,2,27,6,-1,-1,-1,-1,-1,-1,0,-1
2020350923692,2020,350923692,1,98,1,12,12,8,4,0,0,0,0,0,0,0,3,1,1,1,1,63,9,-1,-1,-1,-1,-1,-1,0,-1
2020302001455,2020,302001455,2,9,0,2,2,0,0,0,0,0,0,0,0,0,0,1,6,6,3,-1,-1,-1,-1,-1,-1,-1,-1,0,-1
2020531020987,2020,531020987,2,1,0,18,19,8,4,0,0,0,5,0,0,0,2,1,6,6,1,41,7,-1,-1,-1,-1,4,E01022188,0,-1
202060Y151678,2020,60Y151678,1,3,0,18,19,8,4,0,0,6,5,0,0,0,1,1,6,6,1,18,4,-1,-1,-1,-1,-1,-1,0,-1
2020010236333,2020,010236333,1,9,0,18,19,2,6,0,0,6,0,0,0,0,1,1,6,6,3,-1,-1,-1,-1,-1,-1,-1,-1,0,-1
2020351001487,2020,351001487,2,1,-1,18,19,5,1,9,9,0,-1,-1,-1,0,3,1,4,7,1,14,3,-1,-1,-1,-1,1,E01015611,0,-1
2020332000526,2020,332000526,2,9,0,9,9,5,3,0,0,6,0,0,0,0,4,1,6,6,2,25,5,-1,-1,-1,-1,9,E01023680,0,-1
2020100961085,2020,100961085,1,1,0,18,19,2,6,0,0,4,0,0,0,0,1,1,6,6,1,18,4,-1,-1,-1,-1,9,E01008367,0,-1
2020140993873,2020,140993873,2,9,0,-1,-1,-1,-1,-1,-1,0,-1,-1,-1,0,-1,1,6,6,3,-1,-1,-1,-1,-1,-1,-1,-1,0,-1
2020010272604,2020,010272604,1,1,9,99,99,9,9,99,99,9,9,99,9,99,1,1,2,2,2,32,6,-1,-1,-1,-1,4,E01000534,0,-1
2020010260820,2020,010260820,2,9,0,99,99,9,9,99,99,9,9,99,9,99,2,9,6,6,1,62,9,-1,-1,-1,-1,7,E01023935,0,-1
2020010278878,2020,010278878,1,1,9,99,99,9,9,99,99,9,9,99,9,99,1,1,6,6,1,41,7,-1,-1,-1,-1,7,E01004166,0,-1
2020122100328,2020,122100328,1,19,0,18,19,3,6,0,0,2,0,0,0,0,4,1,6,6,3,-1,-1,-1,-1,-1,-1,-1,-1,0,-1
20201376N1409,2020,1376N1409,2,23,0,18,19,4,8,0,0,1,0,0,0,0,0,1,6,6,2,24,5,-1,-1,-1,-1,1,E01010609,0,-1
2020450955743,2020,450955743,1,1,0,18,19,5,1,0,0,0,0,0,1,0,2,1,5,6,1,51,8,-1,-1,-1,-1,4,E01030816,0,-1
2020100918285,2020,100918285,1,9,0,4,4,7,3,0,0,0,0,0,0,0,1,1,2,2,2,32,6,-1,-1,-1,-1,1,E01027416,0,-1
2020410944777,2020,410944777,1,90,-1,-1,-1,-1,-1,-1,-1,0,-1,-1,-1,0,-1,1,6,6,3,-1,-1,-1,-1,-1,-1,-1,-1,0,-1
2020500933304,2020,500933304,1,9,0,5,5,8,4,0,0,6,0,0,0,0,1,1,6,6,1,83,11,-1,-1,-1,-1,3,E01015235,0,-1
2020010275793,2020,010275793,2,9,9,99,99,9,9,99,99,9,9,99,9,99,9,9,6,6,3,-1,-1,-1,-1,-1,-1,-1,-1,0,-1
2020070089091,2020,070089091,2,1,0,18,19,5,1,0,0,1,0,0,0,0,3,1,6,6,1,58,9,-1,-1,-1,-1,10,E01006083,0,-1
202006E168989,2020,06E168989,2,1,0,18,19,8,4,0,0,8,0,0,0,0,3,1,6,6,2,40,7,-1,-1,-1,-1,4,E01006110,0,-1
2020332000358,2020,332000358,1,3,0,18,19,8,4,0,0,0,1,0,0,0,4,1,6,6,1,18,4,-1,-1,-1,-1,7,E01025874,0,-1
2020010253375,2020,010253375,2,1,0,18,19,6,2,4,4,1,2,0,0,0,1,1,6,6,1,46,8,-1,-1,-1,-1,8,E01023872,0,-1
2020360954595,2020,360954595,2,1,0,18,19,3,7,9,9,0,0,0,0,0,3,1,5,6,1,70,10,-1,-1,-1,-1,1,E01026597,0,-1
2020010258297,2020,010258297,2,1,0,18,19,5,1,0,0,1,0,0,0,0,4,1,6,6,1,55,8,-1,-1,-1,-1,9,E01002992,0,-1
2020370961784,2020,370961784,2,1,0,3,3,3,6,0,0,8,5,0,0,0,4,1,6,6,1,58,9,-1,-1,-1,-1,8,E01033047,0,-1
2020100985862,2020,100985862,2,1,0,18,19,7,3,0,0,8,0,0,0,0,3,1,6,6,1,30,6,-1,-1,-1,-1,-1,-1,0,-1
2020400989257,2020,400989257,1,9,0,11,11,1,5,0,0,0,0,0,0,0,0,1,6,6,3,17,4,-1,-1,-1,-1,-1,-1,0,-1
2020460929045,2020,460929045,1,9,0,5,5,5,1,0,0,0,0,0,0,0,1,1,6,6,1,30,6,-1,-1,-1,-1,6,E01016080,0,-1
2020420958589,2020,420958589,2,1,0,7,7,8,3,0,0,1,0,0,0,0,2,1,5,6,1,55,8,-1,-1,-1,-1,5,E01021602,0,-1
202006J372422,2020,06J372422,1,9,0,5,5,8,4,0,0,4,0,0,0,0,3,1,6,6,2,73,10,-1,-1,-1,-1,6,E01005790,0,-1
2020440384143,2020,440384143,1,-1,0,16,19,6,1,9,9,0,0,0,0,0,1,1,6,6,3,-1,-1,-1,-1,-1,-1,-1,-1,1,-1
2020332001169,2020,332001169,2,9,0,18,19,6,2,0,0,8,0,0,0,0,0,1,6,6,1,38,7,-1,-1,-1,-1,-1,-1,0,-1
2020110973156,2020,110973156,1,9,0,18,19,4,8,0,0,0,0,0,0,0,1,1,6,6,3,30,6,-1,-1,-1,-1,-1,-1,0,-1
2020991004494,2020,991004494,1,9,0,17,19,3,8,0,0,0,2,0,1,11,4,1,5,6,1,44,7,-1,-1,-1,-1,5,-1,0,-1
2020070367997,2020,070367997,2,1,0,18,19,4,8,0,0,8,2,0,7,0,1,1,6,6,1,84,11,-1,-1,-1,-1,10,E01018397,0,-1
2020040990388,2020,040990388,1,9,0,18,19,5,1,0,0,7,1,0,0,0,1,1,5,6,1,43,7,-1,-1,-1,-1,9,E01004789,0,-1
2020160958425,2020,160958425,2,1,0,18,19,1,5,0,0,1,0,0,0,0,2,1,2,2,1,58,9,-1,-1,-1,-1,1,E01013181,0,-1
202031D141620,2020,31D141620,1,1,0,13,13,3,7,0,0,1,0,0,0,0,4,1,6,6,2,56,9,-1,-1,-1,-1,-1,-1,0,-1
2020622000636,2020,622000636,1,1,0,9,9,4,2,0,0,8,0,0,0,0,1,1,6,6,1,25,5,-1,-1,-1,-1,7,W01001877,0,-1
2020990922793,2020,990922793,2,9,0,18,19,2,6,0,0,0,0,1,0,0,1,1,5,6,2,26,6,-1,-1,-1,-1,3,-1,0,-1
2020451009785,2020,451009785,1,1,0,18,19,2,4,0,0,8,2,0,0,0,2,1,5,6,1,44,7,-1,-1,-1,-1,10,E01030953,0,-1
2020430254038,2020,430254038,1,9,0,18,19,4,8,0,0,1,0,0,0,0,1,1,6,6,3,-1,-1,-1,-1,-1,-1,-1,-1,0,-1
2020320043160,2020,320043160,1,19,0,13,13,6,2,0,0,0,2,0,1,9,1,1,1,1,2,24,5,-1,-1,-1,-1,2,E01015634,0,-1
2020010238982,2020,010238982,1,9,0,16,19,6,1,0,0,1,0,0,0,0,1,1,6,6,2,45,7,-1,-1,-1,-1,3,E01003719,0,-1
2020350929026,2020,350929026,2,9,0,2,2,0,0,0,0,0,0,0,0,0,3,1,1,1,1,63,9,-1,-1,-1,-1,10,E01018305,0,-1
2020460951313,2020,460951313,1,9,0,18,19,6,7,0,0,0,0,0,0,0,1,1,6,6,3,-1,-1,-1,-1,-1,-1,-1,-1,0,-1
202006E471357,2020,06E471357,2,1,0,18,19,5,1,0,0,8,0,0,0,0,1,1,6,6,1,60,9,-1,-1,-1,-1,-1,-1,0,-1
2020140986485,2020,140986485,1,9,0,18,19,8,3,0,0,0,0,0,0,0,1,1,6,6,3,-1,-1,-1,-1,-1,-1,-1,-1,0,-1
202006G276741,2020,06G276741,2,9,0,18,19,2,8,0,0,8,0,0,0,0,1,1,6,6,3,-1,-1,-1,-1,-1,-1,-1,-1,0,-1
2020040965890,2020,040965890,2,9,0,2,2,0,0,0,0,2,0,4,0,0,2,1,6,6,3,-1,-1,-1,-1,-1,-1,-1,-1,0,-1
2020320405851,2020,320405851,2,1,0,9,9,3,5,0,0,0,0,0,0,0,2,1,6,6,1,15,3,-1,-1,-1,-1,4,E01026076,0,-1
2020522004399,2020,522004399,2,1,0,18,19,3,7,0,0,2,0,0,0,0,2,1,6,6,1,34,6,-1,-1,-1,-1,10,E01014749,0,-1
2020010258039,2020,010258039,2,9,0,6,6,5,5,0,0,0,0,0,0,0,3,2,6,6,3,-1,-1,-1,-1,-1,-1,-1,-1,0,-1
2020010257972,2020,010257972,2,1,0,18,19,1,5,0,0,8,0,0,0,0,1,1,6,6,2,23,5,-1,-1,-1,-1,10,E01022885,0,-1
2020430419495,2020,430419495,1,9,0,18,19,5,1,0,0,0,0,0,1,11,4,1,6,6,2,55,8,-1,-1,-1,-1,10,E01028615,0,-1
2020010282261,2020,010282261,2,9,0,9,9,1,6,0,0,5,0,0,0,0,3,1,6,6,3,-1,-1,-1,-1,-1,-1,-1,-1,0,-1
2020010250152,2020,010250152,1,9,0,18,19,7,3,9,9,8,0,10,0,0,1,1,6,6,1,19,4,-1,-1,-1,-1,-1,-1,0,-1
2020430042742,2020,430042742,2,9,0,18,19,7,3,0,0,8,0,0,0,0,3,1,2,2,1,39,7,-1,-1,-1,-1,-1,-1,0,-1
2020010240421,2020,010240421,2,4,0,99,99,9,9,99,99,9,9,99,9,99,1,-1,6,6,1,-1,-1,-1,-1,-1,-1,-1,-1,0,-1
2020340N06742,2020,340N06742,2,1,0,5,5,5,1,0,0,4,0,0,0,0,2,1,6,6,1,67,10,-1,-1,-1,-1,3,E01027180,0,-1
2020500978914,2020,500978914,2,1,0,18,19,1,5,0,0,1,0,0,0,0,1,1,6,6,1,17,4,-1,-1,-1,-1,3,E01020005,0,-1
2020010284836,2020,010284836,1,3,0,99,99,9,9,99,99,9,9,99,9,99,1,1,6,6,3,-1,-1,-1,-1,-1,-1,-1,-1,0,-1
20201373G0272,2020,1373G0272,2,1,0,18,19,1,5,0,0,0,0,0,0,0,1,1,2,2,1,36,7,-1,-1,-1,-1,10,E01010774,0,-1
2020110977128,2020,110977128,2,1,0,18,19,7,3,0,0,4,0,0,0,0,4,1,5,6,1,36,7,-1,-1,-1,-1,9,E01033482,0,-1
2020530955108,2020,530955108,2,9,0,14,14,-1,-1,-1,-1,0,0,0,0,0,1,1,6,6,2,-1,-1,-1,-1,-1,-1,-1,-1,0,-1
20201378V1081,2020,1378V1081,2,1,0,18,19,2,6,0,0,8,0,0,0,0,1,1,6,6,1,16,4,-1,-1,-1,-1,2,E01010621,0,-1
2020522100795,2020,522100795,2,1,0,18,19,3,7,0,0,8,0,0,0,0,1,1,6,6,1,14,3,-1,-1,-1,-1,-1,-1,0,-1
2020170H10700,2020,170H10700,1,21,1,1,1,7,3,0,0,0,0,0,0,0,2,1,1,1,3,-1,-1,-1,-1,-1,-1,-1,-1,0,-1
2020010266970,2020,010266970,2,3,0,99,99,9,9,99,99,0,9,99,9,99,9,1,6,6,1,29,6,-1,-1,-1,-1,8,E01003001,0,-1
2020052000196,2020,052000196,1,90,0,18,19,1,5,0,0,6,1,0,0,0,1,1,4,7,1,15,3,-1,-1,-1,-1,1,E01007303,0,-1
2020200951397,2020,200951397,2,1,0,18,19,-1,-1,0,0,0,0,4,7,0,2,1,6,6,1,13,3,-1,-1,-1,-1,10,E01009470,0,-1
2020100978085,2020,100978085,2,1,0,18,19,7,3,0,0,1,0,0,0,0,3,1,5,6,1,48,8,-1,-1,-1,-1,5,E01033715,0,-1
2020010233779,2020,010233779,2,1,9,18,19,4,8,0,0,1,0,99,0,0,9,1,2,2,1,51,8,-1,-1,-1,-1,3,E01001884,0,-1
2020030918043,2020,030918043,1,90,0,17,19,7,3,0,0,0,0,0,0,0,1,1,6,6,1,26,6,-1,-1,-1,-1,7,E01014290,0,-1
2020461011045,2020,461011045,2,21,1,4,4,7,3,0,0,0,0,0,0,0,2,1,1,1,1,34,6,-1,-1,-1,-1,-1,-1,0,-1
2020010261784,2020,010261784,1,1,9,99,99,9,9,99,99,2,9,99,9,99,9,1,2,2,1,47,8,-1,-1,-1,-1,7,E01002269,0,-1
202006P173334,2020,06P173334,2,9,0,18,19,6,2,0,0,4,0,0,0,0,1,1,6,6,1,30,6,-1,-1,-1,-1,-1,-1,0,-1
2020440013681,2020,440013681,1,9,0,18,19,1,5,0,0,2,0,0,0,0,1,1,6,6,3,-1,-1,-1,-1,-1,-1,-1,-1,0,-1
2020991000412,2020,991000412,2,1,0,18,19,7,3,0,0,8,5,0,0,0,1,1,5,6,1,61,9,-1,-1,-1,-1,10,-1,0,-1
2020122001360,2020,122001360,1,9,0,4,4,5,1,0,0,0,0,0,0,0,0,1,6,6,3,-1,-1,-1,-1,-1,-1,-1,-1,0,-1
2020440332447,2020,440332447,2,9,0,4,4,3,7,0,0,1,0,0,0,0,1,1,6,6,2,-1,-1,-1,-1,-1,-1,-1,-1,0,-1
2020410992537,2020,410992537,1,1,0,17,19,-1,-1,0,0,1,0,0,0,0,1,1,6,6,1,60,9,-1,-1,-1,-1,6,E01023848,0,-1
2020370945059,2020,370945059,1,9,0,4,4,7,3,9,9,1,0,0,1,0,1,1,6,6,1,-1,-1,-1,-1,-1,-1,-1,-1,0,-1
2020010249908,2020,010249908,2,1,0,18,19,3,7,0,0,8,0,0,0,0,1,1,6,6,1,29,6,-1,-1,-1,-1,2,E01003993,0,-1
2020010285435,2020,010285435,1,9,0,18,19,5,1,0,0,2,0,0,0,0,1,1,6,6,3,-1,-1,-1,-1,-1,-1,-1,-1,0,-1
2020010275802,2020,010275802,2,1,0,7,7,6,7,9,9,8,0,0,0,0,1,1,6,6,2,33,6,-1,-1,-1,-1,5,E01003142,0,-1
2020110957953,2020,110957953,1,9,0,7,7,7,1,0,0,0,0,0,0,0,1,1,6,6,1,30,6,-1,-1,-1,-1,9,E01020756,0,-1
2020137191057,2020,137191057,1,9,0,6,6,1,3,0,0,8,0,0,0,0,2,1,6,6,1,28,6,-1,-1,-1,-1,-1,-1,0,-1