collision_index,collision_year,collision_ref_no,vehicle_reference,vehicle_type,towing_and_articulation,vehicle_manoeuvre_historic,vehicle_manoeuvre,vehicle_direction_from,vehicle_direction_to,vehicle_location_restricted_lane_historic,vehicle_location_restricted_lane,junction_location,skidding_and_overturning,hit_object_in_carriageway,vehicle_leaving_carriageway,hit_object_off_carriageway,first_point_of_impact,vehicle_left_hand_drive,journey_purpose_of_driver_historic,journey_purpose_of_driver,sex_of_driver,age_of_driver,age_band_of_driver,engine_capacity_cc,propulsion_code,age_of_vehicle,generic_make_model,driver_imd_decile,lsoa_of_driver,escooter_flag,driver_distance_banding
2020221000985,2020,221000985,2,1,0,18,19,1,5,0,0,8,0,0,0,0,1,1,2,2,1,51,8,-1,-1,-1,-1,1,E01032332,0,-1
202060Y066967,2020,60Y066967,1,4,0,18,19,8,4,0,0,0,0,0,0,0,1,1,6,6,1,30,6,-1,-1,-1,-1,-1,-1,0,-1
2020610028920,2020,610028920,3,9,0,2,2,0,0,0,0,0,0,4,0,0,1,1,6,6,1,-1,-1,-1,-1,-1,-1,4,W01001521,0,-1
2020410948497,2020,410948497,2,9,0,2,2,5,1,0,0,1,0,0,0,0,2,1,5,6,2,34,6,-1,-1,-1,-1,7,E01023514,0,-1
2020010262305,2020,010262305,1,9,0,18,19,3,7,0,0,8,0,0,0,0,1,1,6,6,3,-1,-1,-1,-1,-1,-1,-1,-1,0,-1
2020110953112,2020,110953112,2,5,0,16,19,5,1,0,0,1,0,0,0,0,1,1,5,6,1,20,4,-1,-1,-1,-1,3,E01020836,0,-1
2020030976034,2020,030976034,2,3,0,13,13,7,3,0,0,8,0,0,0,0,1,1,5,6,1,24,5,-1,-1,-1,-1,6,E01019256,0,-1
2020220943489,2020,220943489,1,22,0,18,19,7,3,0,0,0,0,0,0,0,3,1,5,6,1,68,10,-1,-1,-1,-1,5,E01032414,0,-1
2020370992259,2020,370992259,2,1,0,18,19,8,4,0,0,1,0,0,0,0,4,1,5,6,1,58,9,-1,-1,-1,-1,3,E01029954,0,-1
2020160961738,2020,160961738,2,1,0,18,19,6,2,0,0,8,0,0,0,0,4,1,6,6,2,21,5,-1,-1,-1,-1,1,E01012788,0,-1
2020010260841,2020,010260841,2,9,0,99,99,9,9,99,99,9,9,99,9,99,2,9,6,6,3,-1,-1,-1,-1,-1,-1,5,E01004076,0,-1
2020470945827,2020,470945827,2,1,0,18,19,2,6,4,4,1,0,0,0,0,3,1,2,2,1,34,6,-1,-1,-1,-1,4,E01016898,0,-1
2020010266159,2020,010266159,1,9,0,18,19,4,8,0,0,0,0,4,0,0,1,1,6,6,1,36,7,-1,-1,-1,-1,4,E01002101,0,-1
2020010238557,2020,010238557,1,9,0,99,99,9,9,0,0,1,0,99,9,99,9,9,-1,-1,3,-1,-1,-1,-1,-1,-1,-1,-1,0,-1
2020040953772,2020,040953772,2,1,0,18,19,2,6,0,0,1,0,0,0,0,4,1,6,6,1,68,10,-1,-1,-1,-1,1,E01006458,0,-1
2020470979054,2020,470979054,2,1,0,9,9,7,5,0,0,1,0,0,0,0,3,1,2,2,2,-1,-1,-1,-1,-1,-1,3,E01016919,0,-1
2020010261403,2020,010261403,2,1,9,18,19,5,1,99,99,0,9,99,0,0,9,1,6,6,1,-1,-1,-1,-1,-1,-1,7,E01000665,0,-1
2020010303687,2020,010303687,2,97,0,17,19,8,4,0,0,1,0,0,0,0,3,1,2,2,1,38,7,-1,-1,-1,-1,3,E01002413,0,-1
2020460956640,2020,460956640,1,9,0,1,1,4,8,0,0,0,0,0,0,0,0,1,5,6,1,59,9,-1,-1,-1,-1,8,E01033210,0,-1
2020332000457,2020,332000457,1,9,0,17,19,5,3,0,0,0,0,0,0,0,1,1,6,6,2,73,10,-1,-1,-1,-1,8,E01025792,0,-1
2020622100047,2020,622100047,2,1,0,18,19,7,3,0,0,8,0,0,0,0,1,1,6,6,1,26,6,-1,-1,-1,-1,5,W01000765,0,-1
2020010282968,2020,010282968,2,1,0,15,15,6,2,0,0,8,0,0,0,0,1,1,6,6,1,23,5,-1,-1,-1,-1,4,E01001686,0,-1
2020200934067,2020,200934067,1,9,0,18,19,-1,-1,0,0,8,0,0,0,0,1,1,6,6,3,-1,-1,-1,-1,-1,-1,-1,-1,0,-1
2020420932735,2020,420932735,1,9,0,9,9,3,1,0,0,1,0,0,0,0,3,1,5,6,1,29,6,-1,-1,-1,-1,2,E01021315,0,-1
2020010272774,2020,010272774,1,1,9,99,99,9,9,99,99,1,9,99,9,99,9,1,3,7,1,39,7,-1,-1,-1,-1,3,E01004362,0,-1
2020351001092,2020,351001092,2,1,0,18,19,4,8,3,2,0,0,0,0,0,2,1,6,6,1,29,6,-1,-1,-1,-1,5,E01015670,0,-1
2020440287934,2020,440287934,1,9,0,18,19,2,6,0,0,4,0,0,0,0,1,1,6,6,1,41,7,-1,-1,-1,-1,10,E01003443,0,-1
2020360966209,2020,360966209,1,1,0,18,19,1,6,0,0,1,0,0,0,0,3,1,6,6,1,15,3,-1,-1,-1,-1,9,E01026933,0,-1
202006J172271,2020,06J172271,2,9,0,3,3,2,6,0,0,8,0,0,0,0,2,1,6,6,2,18,4,-1,-1,-1,-1,-1,-1,0,-1
2020211025108,2020,211025108,1,9,0,18,19,1,5,0,0,0,0,0,0,0,1,1,6,6,1,51,8,-1,-1,-1,-1,5,E01010399,0,-1
2020520002569,2020,520002569,1,9,0,18,19,6,2,0,0,8,0,0,0,0,1,1,6,6,1,71,10,-1,-1,-1,-1,7,E01029271,0,-1
2020052001044,2020,052001044,3,9,0,4,4,7,3,0,0,1,0,0,0,0,1,1,6,6,3,-1,-1,-1,-1,-1,-1,-1,-1,0,-1
2020460968728,2020,460968728,1,1,0,18,19,8,4,0,0,0,0,0,0,0,0,1,5,6,1,32,6,-1,-1,-1,-1,6,E01000790,0,-1
20201371G1369,2020,1371G1369,2,1,0,18,19,2,6,0,0,8,0,0,0,0,1,1,6,6,1,48,8,-1,-1,-1,-1,5,E01010795,0,-1
2020010282986,2020,010282986,2,9,0,9,9,3,1,0,0,6,0,0,0,0,1,1,6,6,2,31,6,-1,-1,-1,-1,6,E01032767,0,-1
2020010244053,2020,010244053,1,2,9,99,99,9,9,99,99,9,9,99,9,0,9,-1,-1,-1,3,-1,-1,-1,-1,-1,-1,-1,-1,0,-1
2020200986329,2020,200986329,1,9,0,4,4,4,8,0,0,0,0,0,0,0,3,1,2,2,1,57,9,-1,-1,-1,-1,7,E01010247,0,-1
2020420946393,2020,420946393,3,9,0,2,2,0,0,0,0,1,0,0,0,0,2,1,6,6,3,-1,-1,-1,-1,-1,-1,-1,-1,0,-1
2020010236437,2020,010236437,1,1,9,99,99,9,9,99,99,9,9,99,9,99,9,1,6,6,1,41,7,-1,-1,-1,-1,4,E01004234,0,-1
2020991010173,2020,991010173,4,9,0,2,2,0,0,0,0,1,0,0,0,0,1,1,6,6,3,-1,-1,-1,-1,-1,-1,-1,-1,0,-1
2020010253313,2020,010253313,2,9,0,99,99,9,9,99,99,9,9,99,9,99,2,9,6,6,3,-1,-1,-1,-1,-1,-1,-1,-1,0,-1
2020430333206,2020,430333206,2,9,0,18,19,5,1,0,0,1,0,0,0,0,1,1,6,6,2,-1,-1,-1,-1,-1,-1,-1,-1,0,-1
2020990961953,2020,990961953,2,1,0,18,19,3,7,0,0,8,0,0,0,0,3,1,5,6,1,33,6,-1,-1,-1,-1,7,-1,0,-1
2020332000716,2020,332000716,1,9,0,18,19,2,6,0,0,0,0,0,0,0,1,1,6,6,2,39,7,-1,-1,-1,-1,1,E01013661,0,-1
2020010241845,2020,010241845,1,9,0,99,99,9,9,99,99,1,9,99,9,99,1,1,6,6,3,-1,-1,-1,-1,-1,-1,-1,-1,0,-1
2020010248588,2020,010248588,1,9,0,18,19,5,1,0,0,0,0,0,0,0,3,1,6,6,3,-1,-1,-1,-1,-1,-1,-1,-1,0,-1
2020010268275,2020,010268275,2,1,0,18,19,1,5,2,2,2,0,0,0,0,1,1,6,6,1,34,6,-1,-1,-1,-1,5,E01003198,0,-1
2020010253478,2020,010253478,1,10,0,3,3,5,1,0,0,1,1,0,0,0,2,1,1,1,1,58,9,-1,-1,-1,-1,4,E01001898,0,-1
2020200935935,2020,200935935,1,9,0,18,19,6,2,0,0,0,0,0,0,0,4,1,6,6,3,-1,-1,-1,-1,-1,-1,-1,-1,0,-1
2020470949094,2020,470949094,1,20,0,16,19,8,3,0,0,0,0,0,0,0,0,1,6,6,1,-1,-1,-1,-1,-1,-1,-1,-1,0,-1
2020410961693,2020,410961693,2,1,0,9,9,8,5,0,0,8,0,0,0,0,4,1,6,6,1,55,8,-1,-1,-1,-1,8,E01033029,0,-1
2020990977498,2020,990977498,2,1,0,5,5,6,2,0,0,1,0,0,0,0,3,1,5,6,2,36,7,-1,-1,-1,-1,-1,-1,0,-1
2020010251582,2020,010251582,2,9,0,18,19,7,3,0,0,1,0,0,0,0,3,1,6,6,1,59,9,-1,-1,-1,-1,10,E01002191,0,-1
202060Y174293,2020,60Y174293,2,19,0,3,3,5,2,0,0,0,0,0,0,0,2,1,1,1,1,29,6,-1,-1,-1,-1,-1,-1,0,-1
2020161003401,2020,161003401,1,9,0,3,3,3,7,0,0,1,0,0,0,0,2,1,3,7,1,35,6,-1,-1,-1,-1,7,E01013224,0,-1
2020200964117,2020,200964117,1,9,0,17,19,8,5,0,0,0,0,0,0,0,1,1,1,1,1,60,9,-1,-1,-1,-1,1,E01009132,0,-1
2020552000318,2020,552000318,2,1,0,18,19,8,4,0,0,1,0,0,0,0,1,1,6,6,2,42,7,-1,-1,-1,-1,9,E01020356,0,-1
2020460993424,2020,460993424,2,1,0,3,3,3,7,0,0,8,0,0,0,0,1,1,6,6,1,47,8,-1,-1,-1,-1,6,E01024568,0,-1
2020440364768,2020,440364768,1,5,0,16,19,6,2,0,0,0,0,0,0,0,1,1,6,6,1,56,9,-1,-1,-1,-1,10,E01030780,0,-1
2020340S04332,2020,340S04332,1,9,0,18,19,7,3,0,0,0,0,0,0,0,4,1,6,6,1,-1,-1,-1,-1,-1,-1,-1,-1,0,-1
2020010285611,2020,010285611,1,23,0,17,19,1,5,0,0,1,0,0,0,0,0,1,2,2,2,47,8,-1,-1,-1,-1,-1,-1,0,-1
2020460974398,2020,460974398,2,1,0,18,19,5,1,0,0,0,5,0,0,0,3,1,5,6,1,-1,-1,-1,-1,-1,-1,8,E01024407,0,-1
2020010237153,2020,010237153,1,1,9,9,9,5,3,0,0,1,5,0,0,99,1,1,6,6,1,30,6,-1,-1,-1,-1,5,E01004519,0,-1
2020201019431,2020,201019431,2,9,0,3,3,6,2,0,0,0,0,0,0,0,2,1,6,6,3,35,6,-1,-1,-1,-1,2,E01009656,0,-1
2020522100998,2020,522100998,1,9,0,18,19,1,7,0,0,8,0,0,0,0,1,1,6,6,2,54,8,-1,-1,-1,-1,10,E01014935,0,-1
2020350952555,2020,350952555,1,9,0,18,19,8,4,0,0,0,0,0,0,0,1,1,6,6,3,-1,-1,-1,-1,-1,-1,-1,-1,0,-1
2020010271565,2020,010271565,1,3,0,18,19,5,1,0,0,2,0,0,0,0,1,1,2,2,1,36,7,-1,-1,-1,-1,2,E01001012,0,-1
2020141009842,2020,141009842,5,9,0,2,2,0,0,0,0,0,0,0,0,0,4,1,6,6,3,-1,-1,-1,-1,-1,-1,-1,-1,0,-1
2020501008150,2020,501008150,2,1,0,9,9,1,5,0,0,8,0,0,0,0,3,1,2,2,2,33,6,-1,-1,-1,-1,5,E01020147,0,-1
2020100948112,2020,100948112,1,9,-1,-1,-1,-1,-1,-1,-1,0,-1,-1,-1,0,-1,1,6,6,3,-1,-1,-1,-1,-1,-1,-1,-1,0,-1
2020010242086,2020,010242086,1,1,9,99,99,9,9,99,99,0,9,99,9,99,9,1,2,2,1,48,8,-1,-1,-1,-1,2,E01033085,0,-1
2020010252437,2020,010252437,2,1,9,99,99,9,9,99,99,1,9,99,9,99,1,1,6,6,1,-1,-1,-1,-1,-1,-1,2,E01004434,0,-1
20201375G0566,2020,1375G0566,1,1,0,18,19,6,2,0,0,0,0,0,0,0,3,1,6,6,1,60,9,-1,-1,-1,-1,-1,-1,0,-1
2020460987890,2020,460987890,1,23,0,3,3,6,2,0,0,0,0,0,0,0,4,1,6,6,2,79,11,-1,-1,-1,-1,4,E01024027,0,-1
2020010255532,2020,010255532,2,9,0,99,99,9,9,99,99,9,9,99,9,99,9,9,6,6,2,-1,-1,-1,-1,-1,-1,-1,-1,0,-1
2020010262220,2020,010262220,1,9,0,18,19,1,5,0,0,0,0,0,0,0,4,1,6,6,3,-1,-1,-1,-1,-1,-1,-1,-1,0,-1
2020332000964,2020,332000964,1,90,0,18,19,6,2,0,0,0,0,0,0,0,1,1,2,2,1,33,6,-1,-1,-1,-1,9,E01025901,0,-1
2020122000818,2020,122000818,2,1,0,18,19,4,8,2,2,1,0,0,0,0,1,1,6,6,1,45,7,-1,-1,-1,-1,5,E01027843,0,-1
2020990938568,2020,990938568,2,9,0,18,19,1,5,0,0,8,0,0,0,0,4,1,1,1,1,41,7,-1,-1,-1,-1,-1,-1,0,-1
2020320112564,2020,320112564,1,98,0,18,19,7,3,0,0,1,0,0,0,0,3,1,6,6,3,-1,-1,-1,-1,-1,-1,-1,-1,0,-1
2020360958353,2020,360958353,2,1,0,18,19,3,7,0,0,2,0,10,0,0,0,1,5,6,1,11,3,-1,-1,-1,-1,6,E01026580,0,-1
2020070265740,2020,070265740,1,1,0,3,3,3,7,0,0,0,0,0,0,0,1,1,6,6,1,15,3,-1,-1,-1,-1,1,E01018311,0,-1
2020200935485,2020,200935485,1,1,0,18,19,4,8,0,0,1,1,0,0,0,1,1,4,7,1,11,3,-1,-1,-1,-1,3,E01009209,0,-1
2020200966022,2020,200966022,2,9,0,18,19,1,2,0,0,0,0,0,0,0,2,1,6,6,1,23,5,-1,-1,-1,-1,5,E01014324,0,-1
2020010275434,2020,010275434,2,1,5,5,5,5,1,7,6,2,0,0,0,0,1,1,6,6,2,23,5,-1,-1,-1,-1,2,E01004260,0,-1
2020420939302,2020,420939302,2,21,1,2,2,0,0,0,0,0,0,0,0,0,2,1,6,6,3,-1,-1,-1,-1,-1,-1,-1,-1,0,-1
2020010261942,2020,010261942,2,1,0,18,19,3,7,0,0,6,0,0,0,0,2,1,1,1,2,46,8,-1,-1,-1,-1,4,E01004015,0,-1
2020450946358,2020,450946358,2,1,0,18,19,1,5,0,0,1,0,0,0,0,2,1,6,6,1,47,8,-1,-1,-1,-1,9,E01030673,0,-1
2020991004240,2020,991004240,1,9,0,18,19,6,2,0,0,2,0,0,0,0,4,1,6,6,3,40,7,-1,-1,-1,-1,-1,-1,0,-1
2020410926248,2020,410926248,1,98,1,18,19,5,1,0,0,0,0,0,0,0,1,1,6,6,1,52,8,-1,-1,-1,-1,-1,-1,0,-1
2020420917976,2020,420917976,1,8,0,9,9,6,2,0,0,6,0,0,0,0,1,1,6,6,3,-1,-1,-1,-1,-1,-1,-1,-1,0,-1
2020052000222,2020,052000222,1,90,0,99,99,9,9,0,0,0,9,0,0,0,9,1,6,6,3,-1,-1,-1,-1,-1,-1,-1,-1,0,-1
2020122000234,2020,122000234,2,1,0,3,3,4,8,0,0,1,0,0,0,0,1,1,2,2,2,34,6,-1,-1,-1,-1,6,E01013418,0,-1
2020010248531,2020,010248531,1,1,9,18,19,7,3,0,0,4,5,0,0,99,1,1,2,2,2,36,7,-1,-1,-1,-1,2,E01001014,0,-1
2020460958118,2020,460958118,2,1,0,18,19,7,7,0,0,1,0,0,0,0,1,1,5,6,1,53,8,-1,-1,-1,-1,8,E01024237,0,-1
2020010245935,2020,010245935,2,9,0,99,99,3,7,0,0,0,9,99,9,99,1,9,6,6,1,-1,-1,-1,-1,-1,-1,-1,-1,0,-1
2020450929239,2020,450929239,2,1,0,18,19,3,7,0,0,1,0,0,0,0,3,1,2,2,1,32,6,-1,-1,-1,-1,10,E01030532,0,-1
2020052001468,2020,052001468,1,90,0,9,9,3,7,0,0,6,5,0,0,0,3,1,1,1,2,44,7,-1,-1,-1,-1,10,E01006825,0,-1
2020460935027,2020,460935027,2,90,0,18,19,5,1,0,0,1,0,0,0,0,1,1,1,1,1,47,8,-1,-1,-1,-1,9,E01024753,0,-1
2020410961890,2020,410961890,6,9,0,2,2,0,0,9,9,0,0,0,0,0,2,1,6,6,3,-1,-1,-1,-1,-1,-1,-1,-1,0,-1
2020111001010,2020,111001010,2,9,0,10,10,8,4,0,0,1,0,0,0,0,2,1,6,6,2,23,5,-1,-1,-1,-1,1,E01020765,0,-1
2020332000967,2020,332000967,1,9,0,18,19,5,1,0,0,0,0,0,7,4,1,1,6,6,1,27,6,-1,-1,-1,-1,7,E01025784,0,-1
2020201016287,2020,201016287,1,1,0,18,19,8,4,0,0,1,0,0,0,0,1,1,6,6,3,17,4,-1,-1,-1,-1,4,E01009289,0,-1
2020230927383,2020,230927383,1,9,0,1,1,3,7,9,9,6,0,0,0,0,2,1,6,6,1,45,7,-1,-1,-1,-1,-1,-1,0,-1
2020010265823,2020,010265823,2,1,0,18,19,1,5,0,0,1,0,0,0,0,3,1,6,6,1,33,6,-1,-1,-1,-1,7,E01004620,0,-1
2020010232792,2020,010232792,2,9,0,99,99,9,9,99,99,1,9,99,9,99,1,9,6,6,1,-1,-1,-1,-1,-1,-1,-1,-1,0,-1
2020440468618,2020,440468618,1,9,0,18,19,3,7,0,0,0,0,0,0,0,1,1,6,6,3,-1,-1,-1,-1,-1,-1,-1,-1,0,-1
2020010265892,2020,010265892,1,1,9,99,99,9,9,99,99,9,9,99,9,99,1,1,2,2,1,39,7,-1,-1,-1,-1,3,E01004443,0,-1
202006M266986,2020,06M266986,4,1,0,14,14,8,4,0,0,2,0,0,0,0,1,1,2,2,1,59,9,-1,-1,-1,-1,1,E01005289,0,-1
2020460992420,2020,460992420,1,9,0,18,19,7,3,0,0,0,0,0,0,0,4,1,6,6,3,-1,-1,-1,-1,-1,-1,-1,-1,0,-1
2020210986420,2020,210986420,1,9,0,18,19,1,5,0,0,3,0,0,0,0,4,1,6,6,3,-1,-1,-1,-1,-1,-1,-1,-1,0,-1
202060Y026431,2020,60Y026431,1,9,0,5,5,3,7,0,0,1,0,0,0,0,1,1,1,1,1,60,9,-1,-1,-1,-1,-1,-1,0,-1
2020421007749,2020,421007749,1,9,0,18,19,2,6,0,0,0,0,0,0,0,1,1,6,6,3,-1,-1,-1,-1,-1,-1,-1,-1,0,-1
2020010267184,2020,010267184,2,9,9,99,99,9,9,99,99,9,9,99,9,99,9,9,6,6,3,-1,-1,-1,-1,-1,-1,-1,-1,0,-1
2020040941390,2020,040941390,2,1,0,14,14,1,5,0,0,1,0,0,0,0,2,1,6,6,1,60,9,-1,-1,-1,-1,-1,-1,0,-1
2020010238721,2020,010238721,1,1,0,18,19,3,7,4,4,0,0,0,0,0,1,1,2,2,1,30,6,-1,-1,-1,-1,3,E01003548,0,-1
2020990931116,2020,990931116,2,1,0,18,19,3,7,0,0,8,0,0,7,0,3,1,2,2,1,19,4,-1,-1,-1,-1,7,-1,0,-1
2020460976194,2020,460976194,1,1,0,9,9,6,3,0,0,6,0,0,0,0,1,1,6,6,1,79,11,-1,-1,-1,-1,6,E01023987,0,-1
2020010249804,2020,010249804,2,1,0,18,19,7,3,0,0,0,0,0,0,0,4,1,6,6,1,28,6,-1,-1,-1,-1,2,E01001849,0,-1
2020332000922,2020,332000922,2,9,0,18,19,7,3,0,0,0,0,0,0,0,1,1,1,1,1,20,4,-1,-1,-1,-1,4,E01025907,0,-1
2020470984181,2020,470984181,2,9,0,2,2,0,0,9,9,0,0,0,0,0,2,1,6,6,3,-1,-1,-1,-1,-1,-1,-1,-1,0,-1
2020010255099,2020,010255099,2,1,0,5,5,4,8,0,0,8,0,0,0,0,1,1,6,6,1,41,7,-1,-1,-1,-1,4,E01000591,0,-1
2020552000787,2020,552000787,1,1,0,18,19,6,2,0,0,6,0,0,0,0,3,1,6,6,2,41,7,-1,-1,-1,-1,3,E01015386,0,-1
2020122000865,2020,122000865,2,1,0,18,19,5,1,0,0,1,0,0,0,0,1,1,6,6,1,28,6,-1,-1,-1,-1,2,E01033067,0,-1
2020430029997,2020,430029997,1,19,0,9,9,7,5,0,0,5,0,0,0,0,3,1,6,6,1,33,6,-1,-1,-1,-1,-1,-1,0,-1
2020010269965,2020,010269965,1,1,9,99,99,9,9,99,99,9,9,99,9,99,1,1,6,6,1,57,9,-1,-1,-1,-1,8,E01001523,0,-1
2020201019455,2020,201019455,2,9,0,18,19,8,4,0,0,0,0,4,0,0,2,1,6,6,1,-1,-1,-1,-1,-1,-1,-1,-1,0,-1
2020052001903,2020,052001903,1,1,0,9,9,3,1,0,0,6,0,0,0,0,1,1,6,6,1,8,2,-1,-1,-1,-1,1,E01006674,0,-1
2020211024148,2020,211024148,3,19,0,18,19,8,4,0,0,0,0,0,0,0,0,1,6,6,3,30,6,-1,-1,-1,-1,-1,-1,0,-1
2020010254349,2020,010254349,2,1,0,18,19,7,3,0,0,4,0,0,0,0,3,1,6,6,1,44,7,-1,-1,-1,-1,2,E01003132,0,-1
202006Q273579,2020,06Q273579,3,9,0,18,19,6,2,0,0,1,0,0,0,0,1,1,6,6,3,-1,-1,-1,-1,-1,-1,-1,-1,0,-1
2020070498894,2020,070498894,2,9,0,2,2,0,0,6,6,1,0,0,0,0,3,1,6,6,1,35,6,-1,-1,-1,-1,5,E01013213,0,-1
2020170S21250,2020,170S21250,2,1,0,18,19,1,5,0,0,8,0,0,0,0,4,1,6,6,1,55,8,-1,-1,-1,-1,7,E01027799,0,-1
2020332000309,2020,332000309,1,9,0,13,13,3,7,0,0,1,0,0,2,2,1,1,6,6,1,30,6,-1,-1,-1,-1,1,E01025932,0,-1
2020520103337,2020,520103337,1,9,0,18,19,3,7,0,0,0,0,0,0,0,1,1,6,6,1,44,7,-1,-1,-1,-1,1,E01029106,0,-1
2020460974065,2020,460974065,2,1,0,18,19,7,3,0,0,0,5,0,0,0,2,1,5,6,1,47,8,-1,-1,-1,-1,2,E01024627,0,-1
2020471001522,2020,471001522,2,1,0,18,19,4,8,0,0,0,0,0,0,0,4,1,6,6,2,54,8,-1,-1,-1,-1,9,E01016924,0,-1
2020220983544,2020,220983544,1,9,0,6,6,5,5,0,0,0,0,0,0,0,3,1,1,1,1,38,7,-1,-1,-1,-1,6,W01000500,0,-1
2020320048490,2020,320048490,1,98,0,18,19,5,1,0,0,0,0,0,1,0,4,1,1,1,1,31,6,-1,-1,-1,-1,8,E01028104,0,-1
2020440061944,2020,440061944,2,1,0,18,19,7,3,0,0,8,0,0,0,0,3,1,2,2,1,17,4,-1,-1,-1,-1,7,E01017247,0,-1
2020010261388,2020,010261388,2,1,0,18,19,5,1,0,0,1,0,0,0,0,1,1,6,6,1,25,5,-1,-1,-1,-1,-1,-1,0,-1
2020430050288,2020,430050288,2,9,0,18,19,6,2,0,0,1,0,0,0,0,2,1,1,1,1,49,8,-1,-1,-1,-1,5,E01028505,0,-1
2020400971239,2020,400971239,2,9,0,18,19,7,3,0,0,1,0,0,0,0,1,1,5,6,1,34,6,-1,-1,-1,-1,3,E01015731,0,-1
202031C024120,2020,31C024120,2,9,0,18,19,3,7,0,0,8,0,0,0,0,0,1,6,6,1,55,8,-1,-1,-1,-1,2,E01013972,0,-1
2020052002386,2020,052002386,1,9,0,1,1,4,8,0,0,0,0,0,0,0,2,1,6,6,3,-1,-1,-1,-1,-1,-1,-1,-1,0,-1
2020160948494,2020,160948494,2,1,0,18,19,3,7,0,0,8,0,0,0,0,4,1,1,1,1,42,7,-1,-1,-1,-1,2,E01033104,0,-1
2020010270707,2020,010270707,1,1,9,99,99,9,9,99,99,9,9,99,9,99,9,1,2,2,1,29,6,-1,-1,-1,-1,1,E01001847,0,-1
2020430026507,2020,430026507,1,9,0,18,19,2,6,0,0,0,0,0,0,0,1,1,6,6,2,50,8,-1,-1,-1,-1,2,E01016397,0,-1
2020440358682,2020,440358682,2,1,0,18,19,3,7,0,0,8,0,0,0,0,0,1,6,6,1,49,8,-1,-1,-1,-1,8,E01022829,0,-1
2020332000464,2020,332000464,1,9,0,18,19,8,4,0,0,1,0,0,0,0,4,1,6,6,1,45,7,-1,-1,-1,-1,8,E01025942,0,-1
2020010266377,2020,010266377,2,19,0,99,99,9,9,99,99,9,9,99,9,99,2,9,6,6,3,-1,-1,-1,-1,-1,-1,-1,-1,0,-1
2020610011220,2020,610011220,2,1,0,17,19,1,6,0,0,0,0,0,0,0,3,1,6,6,2,12,3,-1,-1,-1,-1,-1,-1,0,-1
2020010253576,2020,010253576,2,1,0,18,19,5,1,0,0,2,0,0,0,0,4,1,6,6,2,27,6,-1,-1,-1,-1,2,E01000876,0,-1
2020200934837,2020,200934837,1,1,0,17,19,5,2,0,0,8,0,0,0,0,4,1,1,1,1,34,6,-1,-1,-1,-1,2,E01010017,0,-1
2020010250210,2020,010250210,1,1,0,18,19,4,8,0,0,1,5,8,0,0,3,1,1,1,2,41,7,-1,-1,-1,-1,6,E01004608,0,-1
2020440483223,2020,440483223,1,9,0,17,19,1,5,0,0,0,0,0,1,4,3,1,6,6,1,70,10,-1,-1,-1,-1,5,E01017369,0,-1
2020332000958,2020,332000958,2,8,0,18,19,1,5,0,0,0,1,0,0,0,2,1,1,1,1,33,6,-1,-1,-1,-1,1,E01013948,0,-1
2020302000178,2020,302000178,2,1,0,7,7,4,2,0,0,1,0,0,0,0,1,1,6,6,1,16,4,-1,-1,-1,-1,1,E01013481,0,-1
2020070485901,2020,070485901,2,19,0,3,3,1,5,0,0,0,0,0,0,0,1,1,6,6,1,48,8,-1,-1,-1,-1,-1,-1,0,-1
202031C032720,2020,31C032720,1,8,0,18,19,3,7,0,0,8,0,0,0,0,3,1,1,1,3,-1,-1,-1,-1,-1,-1,-1,-1,0,-1
2020520003779,2020,520003779,1,9,0,18,19,1,5,0,0,8,0,0,0,0,2,1,6,6,1,25,5,-1,-1,-1,-1,5,E01028286,0,-1
2020430032048,2020,430032048,1,9,0,18,19,7,3,0,0,0,0,0,0,0,1,1,6,6,1,30,6,-1,-1,-1,-1,-1,-1,0,-1
2020201000225,2020,201000225,1,9,0,3,3,7,3,0,0,0,0,0,0,0,3,1,6,6,1,-1,-1,-1,-1,-1,-1,-1,-1,0,-1
2020440385320,2020,440385320,2,19,0,17,19,5,8,0,0,8,0,0,0,0,3,1,6,6,1,-1,-1,-1,-1,-1,-1,-1,-1,0,-1
2020140929309,2020,140929309,4,9,0,2,2,0,0,0,0,2,0,0,0,0,1,1,6,6,3,-1,-1,-1,-1,-1,-1,-1,-1,0,-1
2020052000555,2020,052000555,1,9,0,10,10,4,8,0,0,1,0,0,0,0,1,1,6,6,3,-1,-1,-1,-1,-1,-1,-1,-1,0,-1
2020100984192,2020,100984192,2,9,0,2,2,0,0,0,0,1,0,0,0,0,1,1,6,6,3,-1,-1,-1,-1,-1,-1,-1,-1,0,-1
2020520100451,2020,520100451,1,9,0,8,8,4,6,0,0,1,0,0,0,0,1,1,6,6,1,24,5,-1,-1,-1,-1,6,E01032037,0,-1
2020010248590,2020,010248590,2,1,0,18,19,3,7,0,0,1,0,0,0,0,1,1,6,6,1,18,4,-1,-1,-1,-1,7,E01001036,0,-1
2020010284340,2020,010284340,1,19,0,18,19,5,1,0,0,5,0,0,0,0,1,1,6,6,1,20,4,-1,-1,-1,-1,-1,-1,0,-1
2020201021846,2020,201021846,1,9,0,18,19,-1,-1,0,0,0,0,0,0,0,1,1,6,6,1,-1,-1,-1,-1,-1,-1,-1,-1,0,-1
2020471002314,2020,471002314,1,9,0,11,11,1,5,0,0,1,0,0,0,0,4,1,6,6,3,-1,-1,-1,-1,-1,-1,-1,-1,0,-1
2020010284327,2020,010284327,2,9,0,18,19,5,1,0,0,1,0,0,0,0,3,1,6,6,3,-1,-1,-1,-1,-1,-1,-1,-1,0,-1
2020450921666,2020,450921666,2,9,0,16,19,5,1,0,0,0,2,0,1,9,3,1,2,2,1,24,5,-1,-1,-1,-1,5,E01031731,0,-1
2020520003027,2020,520003027,1,9,0,10,10,8,6,0,0,8,0,0,0,0,1,1,6,6,1,53,8,-1,-1,-1,-1,2,E01032086,0,-1
2020161008121,2020,161008121,4,9,0,2,2,0,0,0,0,0,0,0,0,0,2,1,6,6,3,-1,-1,-1,-1,-1,-1,-1,-1,0,-1
2020460941295,2020,460941295,2,1,0,18,19,7,3,0,0,1,0,0,0,0,3,1,6,6,1,43,7,-1,-1,-1,-1,7,E01024121,0,-1