collision_index,collision_year,collision_ref_no,vehicle_reference,vehicle_type,towing_and_articulation,vehicle_manoeuvre_historic,vehicle_manoeuvre,vehicle_direction_from,vehicle_direction_to,vehicle_location_restricted_lane_historic,vehicle_location_restricted_lane,junction_location,skidding_and_overturning,hit_object_in_carriageway,vehicle_leaving_carriageway,hit_object_off_carriageway,first_point_of_impact,vehicle_left_hand_drive,journey_purpose_of_driver_historic,journey_purpose_of_driver,sex_of_driver,age_of_driver,age_band_of_driver,engine_capacity_cc,propulsion_code,age_of_vehicle,generic_make_model,driver_imd_decile,lsoa_of_driver,escooter_flag,driver_distance_banding
2020420982686,2020,420982686,2,1,0,18,19,7,3,0,0,0,1,0,0,0,4,1,6,6,1,32,6,-1,-1,-1,-1,7,E01021967,0,-1
2020430272856,2020,430272856,2,9,0,18,19,4,8,0,0,0,0,0,0,0,4,1,6,6,2,-1,-1,-1,-1,-1,-1,-1,-1,0,-1
2020010267846,2020,010267846,1,1,0,18,19,4,8,0,0,0,0,0,0,0,3,1,2,2,1,51,8,-1,-1,-1,-1,6,E01024452,0,-1
2020332000449,2020,332000449,2,9,0,13,13,7,3,0,0,8,0,0,3,2,4,1,6,6,2,79,11,-1,-1,-1,-1,5,E01025936,0,-1
2020010263058,2020,010263058,2,1,0,5,5,7,3,0,0,1,0,0,0,0,2,1,6,6,1,24,5,-1,-1,-1,-1,2,E01004424,0,-1
202060Y127630,2020,60Y127630,1,9,0,7,7,6,7,0,0,8,0,0,0,0,1,1,6,6,2,20,4,-1,-1,-1,-1,-1,-1,0,-1
2020041007699,2020,041007699,1,9,0,18,19,1,5,0,0,8,0,0,0,0,1,1,1,1,2,48,8,-1,-1,-1,-1,8,E01024995,0,-1
2020522004376,2020,522004376,2,1,0,14,14,3,7,0,0,2,0,0,0,0,1,1,6,6,2,22,5,-1,-1,-1,-1,8,E01014484,0,-1
2020040953887,2020,040953887,2,9,0,18,19,1,1,0,0,1,0,0,0,0,1,1,5,6,1,57,9,-1,-1,-1,-1,4,E01025544,0,-1
2020010244101,2020,010244101,2,9,9,99,99,9,9,99,99,9,9,99,9,99,9,9,6,6,3,-1,-1,-1,-1,-1,-1,-1,-1,0,-1
2020450977101,2020,450977101,2,1,0,9,9,8,4,0,0,3,0,0,0,0,1,1,6,6,1,73,10,-1,-1,-1,-1,8,E01003422,0,-1
2020430409111,2020,430409111,1,9,0,16,19,1,5,0,0,2,0,0,0,0,0,1,6,6,2,-1,-1,-1,-1,-1,-1,-1,-1,0,-1
2020010243629,2020,010243629,1,9,0,18,19,7,3,0,0,0,0,0,0,0,1,1,1,1,2,51,8,-1,-1,-1,-1,7,E01001472,0,-1
2020200954480,2020,200954480,1,9,0,4,4,2,6,0,0,0,0,0,0,0,1,1,1,1,1,39,7,-1,-1,-1,-1,7,E01032122,0,-1
2020040946598,2020,040946598,2,1,0,14,14,7,3,0,0,0,0,8,0,0,1,1,6,6,2,42,7,-1,-1,-1,-1,2,E01012746,0,-1
2020100946250,2020,100946250,1,1,0,18,19,5,1,0,0,0,0,0,0,0,0,1,5,6,1,57,9,-1,-1,-1,-1,5,E01027511,0,-1
2020450970143,2020,450970143,1,-1,0,7,7,3,7,0,0,0,0,0,0,0,3,1,6,6,1,24,5,-1,-1,-1,-1,2,E01015794,1,-1
2020370959346,2020,370959346,2,1,0,18,19,3,7,0,0,0,0,0,0,0,3,1,6,6,1,57,9,-1,-1,-1,-1,3,E01030163,0,-1
202006N271594,2020,06N271594,2,1,0,18,19,1,3,0,0,8,0,0,0,0,1,1,6,6,2,60,9,-1,-1,-1,-1,6,E01005159,0,-1
2020122000622,2020,122000622,2,1,0,18,19,8,4,0,0,0,0,0,0,0,3,1,6,6,1,54,8,-1,-1,-1,-1,10,E01027662,0,-1
2020160917529,2020,160917529,2,9,0,18,19,3,7,0,0,1,0,0,1,0,3,1,6,6,1,55,8,-1,-1,-1,-1,7,E01013020,0,-1
2020010238405,2020,010238405,2,-1,0,18,19,6,2,4,4,1,0,0,0,0,2,1,2,2,1,29,6,-1,-1,-1,-1,1,E01001730,1,-1
2020332000257,2020,332000257,3,9,0,2,2,0,0,0,0,1,0,0,0,0,2,1,6,6,1,43,7,-1,-1,-1,-1,5,E01013766,0,-1
2020041008656,2020,041008656,1,9,0,6,6,7,7,0,0,4,0,0,0,0,4,1,6,6,3,-1,-1,-1,-1,-1,-1,-1,-1,0,-1
2020122000176,2020,122000176,2,1,0,18,19,2,6,0,0,3,0,0,0,0,4,1,6,6,2,42,7,-1,-1,-1,-1,10,E01013379,0,-1
2020010231032,2020,010231032,1,1,9,99,99,9,9,99,99,0,9,99,9,99,9,1,2,2,1,46,8,-1,-1,-1,-1,5,E01001214,0,-1
202006F271558,2020,06F271558,1,9,0,1,1,1,5,0,0,6,1,0,0,0,2,1,1,1,2,52,8,-1,-1,-1,-1,7,E01005701,0,-1
2020010284695,2020,010284695,1,19,0,99,99,9,9,99,99,0,9,99,9,99,1,9,6,6,2,30,6,-1,-1,-1,-1,3,E01001076,0,-1
2020137141600,2020,137141600,1,9,0,16,19,1,5,0,0,1,1,0,1,11,1,1,6,6,2,33,6,-1,-1,-1,-1,3,E01010597,0,-1
2020522002330,2020,522002330,3,1,0,18,19,3,7,0,0,8,0,0,0,0,2,1,6,6,1,32,6,-1,-1,-1,-1,-1,-1,0,-1
2020010286959,2020,010286959,2,1,0,18,19,7,3,0,0,1,0,0,0,0,1,1,1,1,2,28,6,-1,-1,-1,-1,2,E01002049,0,-1
2020461005729,2020,461005729,1,9,0,18,19,1,5,0,0,1,0,0,0,0,1,1,6,6,3,-1,-1,-1,-1,-1,-1,-1,-1,0,-1
2020420931229,2020,420931229,1,9,0,5,5,3,7,0,0,1,0,0,0,0,3,1,6,6,3,-1,-1,-1,-1,-1,-1,-1,-1,0,-1
2020170H10010,2020,170H10010,2,9,0,3,3,7,3,0,0,1,0,0,0,0,2,1,6,6,1,17,4,-1,-1,-1,-1,8,E01033465,0,-1
2020460952356,2020,460952356,2,1,0,18,19,3,7,0,0,4,0,0,0,0,1,1,6,6,1,16,4,-1,-1,-1,-1,5,E01024594,0,-1
2020231003215,2020,231003215,2,1,0,18,19,1,5,0,0,8,0,0,1,0,1,1,5,6,1,47,8,-1,-1,-1,-1,7,E01032588,0,-1
2020140995678,2020,140995678,2,9,0,18,19,5,1,0,0,2,0,0,0,0,4,1,6,6,3,-1,-1,-1,-1,-1,-1,-1,-1,0,-1
2020010277668,2020,010277668,1,1,9,99,99,9,9,99,99,1,9,99,9,99,9,1,2,2,1,40,7,-1,-1,-1,-1,9,E01003872,0,-1
2020302001143,2020,302001143,1,9,0,1,1,2,6,0,0,0,0,0,0,0,2,1,6,6,3,-1,-1,-1,-1,-1,-1,5,E01019456,0,-1
202060Y109213,2020,60Y109213,3,9,0,2,2,0,0,0,0,0,0,0,0,0,2,1,6,6,1,26,6,-1,-1,-1,-1,-1,-1,0,-1
2020360944266,2020,360944266,2,9,0,9,9,3,1,0,0,0,0,0,0,0,4,1,2,2,1,59,9,-1,-1,-1,-1,8,E01026531,0,-1
2020622000807,2020,622000807,1,8,0,18,19,4,8,0,0,1,0,0,0,0,1,1,6,6,1,49,8,-1,-1,-1,-1,2,W01000960,0,-1
2020420957629,2020,420957629,2,1,0,18,19,7,3,0,0,4,0,0,0,0,1,1,2,2,1,31,6,-1,-1,-1,-1,1,E01021665,0,-1
2020161006551,2020,161006551,1,9,0,18,19,3,7,0,0,0,0,0,0,0,1,1,6,6,3,-1,-1,-1,-1,-1,-1,-1,-1,0,-1
2020470986269,2020,470986269,2,1,0,18,19,4,8,0,0,0,0,0,0,0,0,1,6,6,1,30,6,-1,-1,-1,-1,3,E01016954,0,-1
2020201011756,2020,201011756,1,5,0,18,19,6,2,0,0,1,0,4,0,0,1,1,6,6,1,-1,-1,-1,-1,-1,-1,-1,-1,0,-1
2020622000825,2020,622000825,2,1,0,18,19,8,4,0,0,0,0,0,0,0,1,1,6,6,2,43,7,-1,-1,-1,-1,6,W01001195,0,-1
2020010255897,2020,010255897,1,1,9,99,99,9,9,99,99,9,9,99,9,99,2,-1,6,6,1,13,3,-1,-1,-1,-1,9,E01003466,0,-1
2020470915367,2020,470915367,3,19,0,2,2,0,0,0,0,8,0,0,0,0,3,1,6,6,3,-1,-1,-1,-1,-1,-1,-1,-1,0,-1
2020420948784,2020,420948784,1,9,0,18,19,7,3,0,0,8,0,0,0,0,1,1,6,6,1,-1,-1,-1,-1,-1,-1,-1,-1,0,-1
2020420975261,2020,420975261,2,1,0,18,19,3,7,0,0,1,1,0,0,0,4,1,6,6,1,21,5,-1,-1,-1,-1,10,E01021739,0,-1
2020332000581,2020,332000581,1,19,0,18,19,6,2,0,0,6,0,0,2,0,1,1,1,1,1,23,5,-1,-1,-1,-1,7,E01027961,0,-1
2020430159170,2020,430159170,2,9,0,18,19,6,2,0,0,0,0,0,0,0,1,1,6,6,1,18,4,-1,-1,-1,-1,10,E01017880,0,-1
2020461005255,2020,461005255,1,19,0,9,9,1,5,0,0,8,0,0,0,0,1,1,6,6,3,-1,-1,-1,-1,-1,-1,-1,-1,0,-1
2020320025302,2020,320025302,1,9,0,18,19,1,5,8,6,0,5,0,7,9,1,1,6,6,1,44,7,-1,-1,-1,-1,5,E01026027,0,-1
2020440163904,2020,440163904,1,9,0,9,9,7,5,0,0,8,0,0,0,0,1,1,6,6,3,-1,-1,-1,-1,-1,-1,-1,-1,0,-1
2020010228787,2020,010228787,2,9,0,99,99,9,9,99,99,4,9,99,9,99,9,9,6,6,1,87,11,-1,-1,-1,-1,7,E01002337,0,-1
2020302000754,2020,302000754,2,1,0,18,19,8,4,0,0,8,0,0,0,0,1,1,6,6,2,54,8,-1,-1,-1,-1,10,E01019413,0,-1
2020010259426,2020,010259426,1,5,0,99,99,9,9,99,99,9,9,99,9,99,1,1,6,6,1,35,6,-1,-1,-1,-1,-1,-1,0,-1
2020010240385,2020,010240385,1,9,0,99,99,9,9,99,99,9,9,99,9,99,1,9,6,6,3,-1,-1,-1,-1,-1,-1,-1,-1,0,-1
2020100979593,2020,100979593,1,11,0,18,19,5,8,0,0,0,0,0,0,0,0,1,2,2,1,-1,-1,-1,-1,-1,-1,-1,-1,0,-1
2020052000767,2020,052000767,1,1,0,18,19,5,1,0,0,0,0,0,0,0,1,1,6,6,2,64,9,-1,-1,-1,-1,9,E01018537,0,-1
2020010280573,2020,010280573,1,23,0,4,4,1,5,0,0,0,0,0,0,0,2,1,1,1,1,23,5,-1,-1,-1,-1,3,E01003615,0,-1
2020548982320,2020,548982320,2,1,0,4,4,7,3,0,0,6,0,0,0,0,1,1,6,6,1,55,8,-1,-1,-1,-1,7,E01022224,0,-1
2020990967656,2020,990967656,2,9,4,17,19,8,5,0,0,0,0,0,0,0,3,1,1,1,1,43,7,-1,-1,-1,-1,8,-1,0,-1
2020622001033,2020,622001033,1,20,0,18,19,8,4,0,0,1,0,0,0,0,1,1,6,6,3,-1,-1,-1,-1,-1,-1,-1,-1,0,-1
2020010253923,2020,010253923,2,9,0,99,99,9,9,99,99,9,9,99,9,99,1,9,6,6,3,-1,-1,-1,-1,-1,-1,-1,-1,0,-1
2020070466950,2020,070466950,2,1,0,18,19,3,7,0,0,0,0,0,0,0,3,1,6,6,2,11,3,-1,-1,-1,-1,2,E01012390,0,-1
2020040963699,2020,040963699,2,9,0,5,5,3,7,0,0,1,0,0,0,0,4,1,5,6,1,24,5,-1,-1,-1,-1,8,E01024978,0,-1
2020040929166,2020,040929166,1,1,0,5,5,1,7,0,0,6,0,0,0,0,2,1,5,6,1,84,11,-1,-1,-1,-1,6,E01025107,0,-1
2020201019935,2020,201019935,2,1,0,18,19,-1,-1,0,0,8,0,0,0,0,1,1,6,6,1,62,9,-1,-1,-1,-1,8,E01031042,0,-1
2020010258230,2020,010258230,2,1,0,18,19,5,1,0,0,8,0,0,0,0,1,1,2,2,2,42,7,-1,-1,-1,-1,8,E01002582,0,-1
2020070048056,2020,070048056,1,20,1,4,4,6,2,0,0,1,0,0,0,0,1,1,1,1,1,-1,-1,-1,-1,-1,-1,-1,-1,0,-1
2020100987927,2020,100987927,1,9,0,18,19,8,4,0,0,0,0,0,0,0,1,1,6,6,1,-1,-1,-1,-1,-1,-1,-1,-1,0,-1
2020420999272,2020,420999272,3,9,0,18,19,2,6,0,0,1,0,0,0,0,2,1,2,2,1,55,8,-1,-1,-1,-1,9,E01021756,0,-1
2020100992835,2020,100992835,2,9,0,18,19,4,4,0,0,1,0,0,0,0,1,1,6,6,3,17,4,-1,-1,-1,-1,-1,-1,0,-1
2020010255542,2020,010255542,1,1,9,99,99,9,9,99,99,9,9,99,9,99,2,1,6,6,1,20,4,-1,-1,-1,-1,3,E01002781,0,-1
2020010251039,2020,010251039,3,1,0,18,19,5,1,0,0,0,0,0,0,0,1,1,6,6,1,20,4,-1,-1,-1,-1,2,E01001842,0,-1
2020332000389,2020,332000389,1,9,0,18,19,4,8,0,0,0,0,0,0,0,1,1,6,6,1,18,4,-1,-1,-1,-1,7,E01025851,0,-1
2020110940003,2020,110940003,2,9,0,2,2,1,5,0,0,1,0,4,0,0,1,1,6,6,3,-1,-1,-1,-1,-1,-1,-1,-1,0,-1
2020610006820,2020,610006820,1,9,0,18,19,4,2,0,0,1,0,0,0,0,1,1,6,6,2,28,6,-1,-1,-1,-1,3,W01001449,0,-1
2020200982939,2020,200982939,2,9,0,3,3,-1,-1,0,0,0,0,0,0,0,2,1,6,6,3,-1,-1,-1,-1,-1,-1,-1,-1,0,-1
2020440328556,2020,440328556,1,9,0,9,9,7,3,0,0,8,0,0,0,0,4,1,6,6,1,32,6,-1,-1,-1,-1,4,E01013616,0,-1
2020010264074,2020,010264074,2,1,0,18,19,5,1,0,0,1,0,0,0,0,3,1,1,1,2,30,6,-1,-1,-1,-1,2,E01004023,0,-1
2020522003888,2020,522003888,3,9,0,18,19,5,1,0,0,0,0,0,0,0,1,1,6,6,1,56,9,-1,-1,-1,-1,5,E01014678,0,-1
2020122000602,2020,122000602,1,9,0,18,19,4,8,0,0,1,0,0,0,0,0,1,6,6,3,-1,-1,-1,-1,-1,-1,-1,-1,0,-1
2020320322386,2020,320322386,2,9,0,13,13,5,1,0,0,2,0,0,0,0,1,1,1,1,1,32,6,-1,-1,-1,-1,5,E01026298,0,-1
2020100951776,2020,100951776,2,1,0,9,9,2,8,0,0,5,0,0,0,0,1,1,5,6,1,24,5,-1,-1,-1,-1,1,E01008380,0,-1
2020440421335,2020,440421335,1,9,0,18,19,8,4,0,0,0,0,0,0,0,4,1,6,6,3,-1,-1,-1,-1,-1,-1,-1,-1,0,-1
2020460966460,2020,460966460,2,20,0,2,2,0,0,0,0,0,0,0,0,0,2,1,6,6,3,-1,-1,-1,-1,-1,-1,-1,-1,0,-1
2020320647200,2020,320647200,1,9,0,18,19,1,5,0,0,1,0,0,0,0,4,1,6,6,1,40,7,-1,-1,-1,-1,-1,-1,0,-1
2020140922774,2020,140922774,1,1,0,18,19,1,5,0,0,0,0,4,0,0,1,1,6,6,1,75,10,-1,-1,-1,-1,9,E01007926,0,-1
2020010262784,2020,010262784,2,9,0,99,99,9,9,99,99,9,9,99,9,99,9,9,6,6,3,-1,-1,-1,-1,-1,-1,-1,-1,0,-1
2020450987781,2020,450987781,1,9,0,18,19,1,5,0,0,0,0,0,2,0,1,1,6,6,1,30,6,-1,-1,-1,-1,-1,-1,0,-1
2020332000620,2020,332000620,2,9,0,17,19,8,4,0,0,0,0,0,0,0,1,1,6,6,1,53,8,-1,-1,-1,-1,8,E01025681,0,-1
2020140924915,2020,140924915,2,9,0,4,4,4,8,0,0,1,0,0,0,0,1,1,5,6,1,30,6,-1,-1,-1,-1,1,E01007411,0,-1
2020360940665,2020,360940665,1,22,0,18,19,2,6,9,9,0,0,0,0,0,1,1,6,6,1,-1,-1,-1,-1,-1,-1,-1,-1,0,-1
2020470927679,2020,470927679,4,9,0,18,19,4,8,0,0,1,0,0,0,0,2,1,5,6,2,70,10,-1,-1,-1,-1,7,E01026489,0,-1
202006P171169,2020,06P171169,2,1,0,18,19,8,4,0,0,8,0,0,0,0,2,1,6,6,2,21,5,-1,-1,-1,-1,1,E01005578,0,-1
2020122000273,2020,122000273,2,1,0,18,19,5,2,0,0,8,0,0,0,0,1,1,2,2,1,21,5,-1,-1,-1,-1,8,E01027640,0,-1
2020010275739,2020,010275739,1,1,9,99,99,9,9,99,99,9,9,99,9,99,9,1,6,6,1,23,5,-1,-1,-1,-1,8,E01004582,0,-1
2020520004586,2020,520004586,2,9,0,18,19,3,7,0,0,0,5,0,0,0,1,1,6,6,1,90,11,-1,-1,-1,-1,5,E01029025,0,-1
2020410989111,2020,410989111,1,1,0,7,7,1,2,0,0,1,0,0,0,0,4,1,5,6,1,42,7,-1,-1,-1,-1,10,E01023839,0,-1
2020010273699,2020,010273699,1,1,9,99,99,9,9,99,99,9,9,99,9,99,9,1,2,2,2,29,6,-1,-1,-1,-1,3,E01001793,0,-1
202006M269171,2020,06M269171,2,10,0,3,3,5,1,0,0,0,0,0,0,0,2,1,1,1,1,58,9,-1,-1,-1,-1,3,E01006179,0,-1
2020137CB1025,2020,137CB1025,1,9,0,18,19,5,1,5,5,0,0,0,0,0,1,1,6,6,1,-1,-1,-1,-1,-1,-1,-1,-1,0,-1
2020430023831,2020,430023831,2,1,0,18,19,4,8,0,0,8,0,0,0,0,3,1,2,2,1,51,8,-1,-1,-1,-1,5,E01016271,0,-1
2020211023974,2020,211023974,2,1,-1,18,19,8,4,0,0,0,0,0,0,0,3,1,6,6,1,27,6,-1,-1,-1,-1,1,E01006016,0,-1
2020990985908,2020,990985908,1,9,0,18,19,2,1,0,0,3,0,0,0,0,3,1,3,7,2,30,6,-1,-1,-1,-1,-1,-1,0,-1
2020430107043,2020,430107043,2,9,0,18,19,8,4,0,0,0,0,0,0,0,1,1,6,6,1,-1,-1,-1,-1,-1,-1,-1,-1,0,-1
2020052001734,2020,052001734,2,1,0,18,19,1,5,0,0,0,0,0,0,0,3,1,6,6,1,9,2,-1,-1,-1,-1,1,E01007179,0,-1
2020991008495,2020,991008495,2,1,0,18,19,4,8,0,0,0,0,0,0,0,3,1,5,6,1,27,6,-1,-1,-1,-1,9,-1,0,-1
2020052000243,2020,052000243,2,1,0,18,19,3,7,0,0,8,0,0,0,0,1,1,2,2,1,50,8,-1,-1,-1,-1,1,E01033763,0,-1
2020470970931,2020,470970931,4,9,0,2,2,0,0,0,0,0,0,0,0,0,2,1,6,6,3,-1,-1,-1,-1,-1,-1,-1,-1,0,-1
2020360996150,2020,360996150,2,9,0,18,19,6,2,0,0,1,0,0,0,0,1,1,5,6,1,17,4,-1,-1,-1,-1,8,E01026561,0,-1
2020430006230,2020,430006230,2,1,0,18,19,7,4,0,0,8,0,0,0,0,1,1,6,6,2,27,6,-1,-1,-1,-1,7,E01028521,0,-1
2020010255838,2020,010255838,2,1,0,18,19,1,5,4,4,1,0,0,0,0,1,1,6,6,2,26,6,-1,-1,-1,-1,4,E01003106,0,-1
202060Y111678,2020,60Y111678,1,9,0,18,19,3,7,0,0,0,0,0,0,0,2,1,6,6,1,44,7,-1,-1,-1,-1,-1,-1,0,-1
2020610044720,2020,610044720,2,1,0,11,11,4,8,0,0,0,0,0,0,0,4,1,6,6,1,37,7,-1,-1,-1,-1,1,W01001617,0,-1
2020010249494,2020,010249494,1,1,9,99,99,9,9,99,99,9,9,99,9,99,1,1,2,2,2,29,6,-1,-1,-1,-1,5,E01004700,0,-1
2020010267864,2020,010267864,1,1,9,99,99,9,9,99,99,9,9,99,9,99,9,1,6,6,2,57,9,-1,-1,-1,-1,2,E01004269,0,-1
2020140959490,2020,140959490,1,9,0,18,19,3,7,0,0,1,0,0,0,0,1,1,6,6,1,40,7,-1,-1,-1,-1,4,E01007359,0,-1
2020122000735,2020,122000735,2,1,0,9,9,7,4,0,0,2,0,0,0,0,3,1,6,6,1,10,2,-1,-1,-1,-1,10,E01027623,0,-1
2020010284727,2020,010284727,2,1,9,99,99,9,9,99,99,9,9,99,9,99,9,1,6,6,1,45,7,-1,-1,-1,-1,6,E01000193,0,-1
2020010272806,2020,010272806,1,9,0,18,19,7,3,0,0,1,0,0,0,0,1,1,6,6,2,28,6,-1,-1,-1,-1,10,E01028489,0,-1
2020110964681,2020,110964681,2,1,0,18,19,5,1,0,0,0,0,0,0,0,1,1,5,6,1,51,8,-1,-1,-1,-1,4,E01008732,0,-1
2020430370302,2020,430370302,2,9,0,7,7,6,8,0,0,6,0,0,0,0,1,1,6,6,3,-1,-1,-1,-1,-1,-1,-1,-1,0,-1
20201372L1334,2020,1372L1334,2,1,0,18,19,7,3,5,5,1,0,0,0,0,1,1,6,6,1,59,9,-1,-1,-1,-1,1,E01011624,0,-1
2020552100146,2020,552100146,2,1,0,18,19,7,3,0,0,0,0,0,0,0,1,1,6,6,1,61,9,-1,-1,-1,-1,10,E01015396,0,-1
2020460961744,2020,460961744,2,9,0,2,2,0,0,0,0,0,0,0,0,0,4,1,6,6,3,-1,-1,-1,-1,-1,-1,-1,-1,0,-1
2020522003839,2020,522003839,3,9,0,3,3,5,1,0,0,1,0,0,0,0,2,1,6,6,1,51,8,-1,-1,-1,-1,1,W01001808,0,-1
2020332001215,2020,332001215,1,9,0,18,19,5,1,0,0,0,0,0,0,0,0,1,6,6,1,25,5,-1,-1,-1,-1,-1,-1,0,-1
2020522100648,2020,522100648,2,1,0,2,2,0,0,0,0,0,1,0,0,0,1,1,6,6,1,50,8,-1,-1,-1,-1,1,E01014663,0,-1
2020040949476,2020,040949476,3,9,0,2,2,7,3,0,0,0,0,0,0,0,4,1,6,6,3,-1,-1,-1,-1,-1,-1,-1,-1,0,-1
2020430213417,2020,430213417,2,1,0,18,19,8,4,0,0,1,0,0,0,0,1,1,6,6,1,25,5,-1,-1,-1,-1,3,E01016375,0,-1
2020010232279,2020,010232279,1,9,0,7,7,2,4,0,0,1,0,0,0,0,1,1,6,6,3,-1,-1,-1,-1,-1,-1,-1,-1,0,-1
202063D067620,2020,63D067620,2,1,0,18,19,8,4,0,0,0,0,0,0,0,2,1,2,2,1,34,6,-1,-1,-1,-1,8,W01000443,0,-1
2020010265420,2020,010265420,1,9,0,18,19,5,1,0,0,8,0,0,0,0,1,1,6,6,3,-1,-1,-1,-1,-1,-1,-1,-1,0,-1
2020332001136,2020,332001136,1,9,0,18,19,6,2,0,0,0,0,0,0,0,0,1,6,6,1,28,6,-1,-1,-1,-1,-1,-1,0,-1
2020420998424,2020,420998424,1,97,0,18,19,5,2,0,0,0,0,0,0,0,0,1,6,6,3,-1,-1,-1,-1,-1,-1,-1,-1,0,-1
2020200930148,2020,200930148,2,9,0,18,19,1,5,0,0,0,0,0,0,0,2,1,5,6,2,56,9,-1,-1,-1,-1,7,E01010246,0,-1
2020990933925,2020,990933925,3,9,0,2,2,0,0,0,0,1,0,0,0,0,3,1,6,6,3,-1,-1,-1,-1,-1,-1,-1,-1,0,-1
2020460921525,2020,460921525,3,9,0,2,2,0,0,0,0,0,0,0,0,0,4,1,5,6,1,67,10,-1,-1,-1,-1,8,E01016121,0,-1
202031B158520,2020,31B158520,2,16,0,18,19,5,1,0,0,0,0,0,0,0,0,1,6,6,2,28,6,-1,-1,-1,-1,1,E01028320,0,-1
2020332000860,2020,332000860,1,19,0,5,5,8,4,0,0,1,0,0,0,0,1,1,1,1,1,41,7,-1,-1,-1,-1,7,E01025674,0,-1
2020200989891,2020,200989891,1,9,0,3,3,-1,-1,0,0,0,0,0,0,0,2,1,6,6,1,27,6,-1,-1,-1,-1,6,E01010035,0,-1
2020010266890,2020,010266890,1,1,9,99,99,9,9,99,99,9,9,99,9,99,9,1,2,2,2,27,6,-1,-1,-1,-1,4,E01001230,0,-1
2020010242940,2020,010242940,1,9,0,18,19,7,3,0,0,1,0,0,0,0,4,1,1,1,1,34,6,-1,-1,-1,-1,4,E01001736,0,-1
2020470948569,2020,470948569,2,9,0,2,2,0,0,0,0,2,0,0,0,0,2,1,6,6,3,-1,-1,-1,-1,-1,-1,-1,-1,0,-1
2020010248064,2020,010248064,1,9,0,18,19,3,7,0,0,0,0,0,0,0,1,1,6,6,3,-1,-1,-1,-1,-1,-1,-1,-1,0,-1
2020501016963,2020,501016963,2,1,0,9,9,5,1,0,0,4,0,0,0,0,1,1,6,6,1,64,9,-1,-1,-1,-1,4,E01015178,0,-1
2020010275346,2020,010275346,1,19,0,9,9,5,3,0,0,8,0,0,0,0,2,1,1,1,1,54,8,-1,-1,-1,-1,2,E01001753,0,-1
202060Y028994,2020,60Y028994,2,9,0,18,19,2,6,0,0,1,0,0,0,0,3,1,6,6,2,27,6,-1,-1,-1,-1,-1,-1,0,-1
2020990989911,2020,990989911,2,9,0,8,8,7,1,0,0,1,0,0,0,0,1,1,6,6,2,40,7,-1,-1,-1,-1,-1,-1,0,-1
2020010253923,2020,010253923,1,1,9,99,99,9,9,99,99,9,9,99,9,99,9,-1,2,2,1,34,6,-1,-1,-1,-1,3,E01004022,0,-1
2020052001305,2020,052001305,2,1,0,18,19,1,5,0,0,3,0,0,0,0,2,1,6,6,1,71,10,-1,-1,-1,-1,4,E01006570,0,-1
2020137561082,2020,137561082,1,16,0,18,19,3,7,0,0,0,1,4,0,0,1,1,6,6,2,24,5,-1,-1,-1,-1,1,E01010612,0,-1
2020100952231,2020,100952231,2,1,0,5,5,8,3,0,0,8,0,0,0,0,3,1,5,6,1,52,8,-1,-1,-1,-1,4,E01008583,0,-1
2020470920681,2020,470920681,1,9,0,9,9,7,5,0,0,2,0,0,0,0,4,1,6,6,1,68,10,-1,-1,-1,-1,5,E01031600,0,-1
2020302000294,2020,302000294,2,1,0,18,19,3,7,0,0,2,0,0,0,0,4,1,6,6,1,40,7,-1,-1,-1,-1,1,E01033167,0,-1
2020471003024,2020,471003024,2,1,0,5,5,4,7,0,0,1,0,0,0,0,3,1,6,6,1,67,10,-1,-1,-1,-1,10,E01031689,0,-1
2020522002153,2020,522002153,1,1,0,18,19,1,5,0,0,8,0,0,0,0,4,1,6,6,1,29,6,-1,-1,-1,-1,10,E01014933,0,-1
2020990992869,2020,990992869,2,9,0,9,9,8,5,0,0,6,0,0,0,0,1,1,6,6,1,41,7,-1,-1,-1,-1,-1,-1,0,-1
2020332000308,2020,332000308,3,9,0,2,2,0,0,0,0,1,0,0,0,0,1,1,6,6,3,52,8,-1,-1,-1,-1,8,E01025830,0,-1
2020430018298,2020,430018298,2,1,0,14,14,5,1,4,4,0,0,0,0,0,3,1,2,2,2,20,4,-1,-1,-1,-1,6,E01028550,0,-1
2020430054775,2020,430054775,1,9,0,7,7,1,3,0,0,1,0,0,0,0,4,1,6,6,2,30,6,-1,-1,-1,-1,-1,-1,0,-1
2020070274112,2020,070274112,2,1,0,18,19,5,1,0,0,8,0,0,0,0,4,1,6,6,1,59,9,-1,-1,-1,-1,5,E01018480,0,-1
2020010241000,2020,010241000,1,98,9,99,99,9,9,99,99,9,9,99,9,99,9,9,6,6,3,-1,-1,-1,-1,-1,-1,-1,-1,0,-1
2020990996766,2020,990996766,2,1,0,7,7,1,6,0,0,3,0,0,0,0,4,1,6,6,1,53,8,-1,-1,-1,-1,7,-1,0,-1
2020010283437,2020,010283437,1,1,9,99,99,9,9,99,99,0,9,99,9,99,9,1,2,2,2,23,5,-1,-1,-1,-1,3,E01003992,0,-1
2020170L31010,2020,170L31010,1,9,0,18,19,3,7,0,0,1,0,0,0,0,1,1,6,6,2,-1,-1,-1,-1,-1,-1,-1,-1,0,-1
2020010240134,2020,010240134,2,1,9,99,99,9,9,99,99,9,9,99,9,99,1,1,6,6,3,-1,-1,-1,-1,-1,-1,9,E01023580,0,-1
202060Y123940,2020,60Y123940,1,9,0,9,9,5,3,0,0,2,0,0,0,0,0,1,6,6,1,43,7,-1,-1,-1,-1,-1,-1,0,-1
2020160915008,2020,160915008,1,9,0,17,19,6,2,0,0,2,0,0,7,3,1,1,5,6,1,30,6,-1,-1,-1,-1,3,E01026381,0,-1
2020530951900,2020,530951900,1,5,0,18,19,3,7,0,0,0,0,12,0,0,1,1,6,6,1,43,7,-1,-1,-1,-1,6,E01022454,0,-1
2020420940125,2020,420940125,2,1,0,18,19,3,7,0,0,0,0,0,0,0,3,1,6,6,1,48,8,-1,-1,-1,-1,2,E01021969,0,-1
2020990973403,2020,990973403,2,1,0,18,19,5,1,0,0,0,0,0,0,0,1,1,2,2,1,56,9,-1,-1,-1,-1,10,-1,0,-1