collision_index,collision_year,collision_ref_no,vehicle_reference,vehicle_type,towing_and_articulation,vehicle_manoeuvre_historic,vehicle_manoeuvre,vehicle_direction_from,vehicle_direction_to,vehicle_location_restricted_lane_historic,vehicle_location_restricted_lane,junction_location,skidding_and_overturning,hit_object_in_carriageway,vehicle_leaving_carriageway,hit_object_off_carriageway,first_point_of_impact,vehicle_left_hand_drive,journey_purpose_of_driver_historic,journey_purpose_of_driver,sex_of_driver,age_of_driver,age_band_of_driver,engine_capacity_cc,propulsion_code,age_of_vehicle,generic_make_model,driver_imd_decile,lsoa_of_driver,escooter_flag,driver_distance_banding
20201378I0591,2020,1378I0591,2,1,0,18,19,3,7,0,0,4,0,0,0,0,0,1,6,6,1,29,6,-1,-1,-1,-1,2,E01011758,0,-1
2020400989501,2020,400989501,1,9,0,9,9,2,7,0,0,3,0,0,0,0,1,1,2,2,2,55,8,-1,-1,-1,-1,3,E01017562,0,-1
2020010284853,2020,010284853,2,1,0,16,19,3,7,0,0,1,0,0,0,0,1,1,6,6,1,16,4,-1,-1,-1,-1,2,E01000289,0,-1
2020400994501,2020,400994501,2,9,0,6,6,7,3,8,6,0,0,0,7,0,3,1,5,6,1,81,11,-1,-1,-1,-1,8,E01018132,0,-1
2020440160990,2020,440160990,1,9,0,18,19,2,6,0,0,0,1,0,1,9,1,1,6,6,1,31,6,-1,-1,-1,-1,5,E01023129,0,-1
20201378T0657,2020,1378T0657,2,9,0,5,5,7,3,0,0,7,0,0,0,0,1,1,6,6,1,26,6,-1,-1,-1,-1,1,E01011623,0,-1
2020430222424,2020,430222424,1,1,0,18,19,7,3,0,0,8,0,0,0,0,4,1,6,6,1,-1,-1,-1,-1,-1,-1,-1,-1,0,-1
2020460973245,2020,460973245,4,9,0,5,5,1,5,8,6,0,0,0,0,0,0,1,6,6,3,-1,-1,-1,-1,-1,-1,-1,-1,0,-1
2020450935339,2020,450935339,2,9,0,18,19,5,6,0,0,0,0,0,0,0,0,1,6,6,3,40,7,-1,-1,-1,-1,-1,-1,0,-1
2020160945385,2020,160945385,2,1,0,14,14,3,7,0,0,2,0,0,0,0,1,1,6,6,2,44,7,-1,-1,-1,-1,3,E01013004,0,-1
2020420931148,2020,420931148,4,19,0,2,2,0,0,0,0,0,0,0,0,0,2,1,6,6,3,-1,-1,-1,-1,-1,-1,-1,-1,0,-1
2020471001056,2020,471001056,2,16,0,18,19,5,1,0,0,0,0,0,0,0,2,1,5,6,2,45,7,-1,-1,-1,-1,9,E01021229,0,-1
20201377J0949,2020,1377J0949,2,9,0,2,2,0,0,0,0,0,0,0,0,0,2,1,6,6,1,-1,-1,-1,-1,-1,-1,-1,-1,0,-1
202060Y007443,2020,60Y007443,3,9,0,2,2,0,0,0,0,0,0,0,0,0,2,1,6,6,1,-1,-1,-1,-1,-1,-1,-1,-1,0,-1
2020052001060,2020,052001060,2,1,0,18,19,8,4,0,0,8,0,0,0,0,4,1,6,6,1,44,7,-1,-1,-1,-1,7,E01006795,0,-1
2020302000655,2020,302000655,2,1,0,10,10,4,2,0,0,1,0,0,7,0,1,1,6,6,2,41,7,-1,-1,-1,-1,9,E01013596,0,-1
2020140983356,2020,140983356,1,9,0,9,9,8,6,0,0,1,0,0,0,0,1,1,1,1,2,52,8,-1,-1,-1,-1,5,E01007331,0,-1
2020070776296,2020,070776296,2,1,0,18,19,3,7,0,0,1,0,0,0,0,1,1,6,6,1,14,3,-1,-1,-1,-1,2,E01012506,0,-1
2020450927236,2020,450927236,4,98,5,18,19,5,1,0,0,0,0,0,0,0,1,1,6,6,1,33,6,-1,-1,-1,-1,-1,-1,0,-1
2020211025310,2020,211025310,2,9,0,4,4,7,3,0,0,1,0,0,0,0,1,1,6,6,1,23,5,-1,-1,-1,-1,4,E01031026,0,-1
2020552100146,2020,552100146,1,98,0,13,13,7,3,0,0,0,0,0,0,0,1,1,6,6,3,-1,-1,-1,-1,-1,-1,-1,-1,0,-1
2020522001679,2020,522001679,1,1,0,18,19,6,2,0,0,4,0,0,0,0,3,1,6,6,1,42,7,-1,-1,-1,-1,10,E01014969,0,-1
2020430318024,2020,430318024,1,19,0,18,19,8,4,0,0,0,2,0,0,2,4,1,6,6,1,34,6,-1,-1,-1,-1,6,E01028555,0,-1
2020010286704,2020,010286704,2,-1,0,99,99,9,9,99,99,8,0,0,9,0,9,1,6,6,1,-1,-1,-1,-1,-1,-1,3,E01002803,1,-1
2020440391609,2020,440391609,2,9,0,18,19,2,6,0,0,1,0,0,0,0,1,1,1,1,1,65,9,-1,-1,-1,-1,7,E01023164,0,-1
2020430046212,2020,430046212,1,9,0,9,9,7,5,0,0,8,0,0,0,0,4,1,6,6,1,-1,-1,-1,-1,-1,-1,-1,-1,0,-1
2020400944128,2020,400944128,2,9,0,18,19,-1,-1,0,0,1,-1,0,0,0,0,1,6,6,3,-1,-1,-1,-1,-1,-1,-1,-1,0,-1
2020160994313,2020,160994313,1,9,0,7,7,3,5,0,0,2,0,0,0,0,1,1,6,6,1,38,7,-1,-1,-1,-1,5,E01013001,0,-1
2020010251099,2020,010251099,1,19,9,99,99,9,9,99,99,4,9,99,9,99,9,9,6,6,1,28,6,-1,-1,-1,-1,4,E01021277,0,-1
2020100937564,2020,100937564,2,9,0,18,19,5,1,0,0,1,0,0,0,0,1,1,1,1,1,40,7,-1,-1,-1,-1,-1,-1,0,-1
2020010243676,2020,010243676,2,9,0,18,19,7,3,0,0,1,0,0,0,0,1,1,1,1,2,35,6,-1,-1,-1,-1,6,E01001387,0,-1
2020220981471,2020,220981471,4,16,0,7,7,1,3,0,0,6,0,0,0,0,0,1,5,6,2,16,4,-1,-1,-1,-1,4,E01014003,0,-1
2020332000262,2020,332000262,2,19,0,18,19,7,3,0,0,8,0,0,0,0,4,1,1,1,1,62,9,-1,-1,-1,-1,10,E01025845,0,-1
2020070424997,2020,070424997,2,1,0,18,19,4,8,0,0,1,2,0,0,0,1,1,6,6,1,45,7,-1,-1,-1,-1,1,E01006327,0,-1
2020420967887,2020,420967887,2,19,0,18,19,5,1,0,0,0,0,10,0,0,4,1,5,6,1,45,7,-1,-1,-1,-1,2,E01021292,0,-1
2020552000510,2020,552000510,2,1,0,18,19,6,2,0,0,0,0,0,0,0,4,1,6,6,1,32,6,-1,-1,-1,-1,3,E01015362,0,-1
2020030983260,2020,030983260,1,9,0,3,3,7,3,0,0,1,1,0,0,0,1,1,6,6,1,42,7,-1,-1,-1,-1,3,E01019198,0,-1
2020440315691,2020,440315691,2,19,0,17,19,6,2,0,0,0,0,0,0,1,3,1,2,2,1,44,7,-1,-1,-1,-1,7,E01023177,0,-1
2020201020415,2020,201020415,2,9,0,7,7,3,5,0,0,5,0,0,0,0,2,1,6,6,2,82,11,-1,-1,-1,-1,5,E01009791,0,-1
2020010247635,2020,010247635,1,1,9,99,99,9,9,99,99,9,9,99,9,99,1,1,6,6,1,24,5,-1,-1,-1,-1,6,E01002484,0,-1
2020430220444,2020,430220444,2,1,0,18,19,6,2,0,0,8,0,0,0,0,1,1,6,6,2,43,7,-1,-1,-1,-1,2,E01016397,0,-1
2020420953062,2020,420953062,2,1,0,18,19,3,7,0,0,0,0,0,0,0,1,1,6,6,1,14,3,-1,-1,-1,-1,5,E01023342,0,-1
2020010279813,2020,010279813,2,1,0,18,19,5,1,2,2,1,0,0,0,0,3,1,2,2,1,49,8,-1,-1,-1,-1,1,E01003047,0,-1
2020460943347,2020,460943347,2,9,0,18,19,1,5,0,0,0,0,0,0,0,4,1,5,6,1,36,7,-1,-1,-1,-1,5,E01016034,0,-1
2020010252203,2020,010252203,2,9,0,99,99,9,9,99,99,9,9,99,9,99,1,9,6,6,3,-1,-1,-1,-1,-1,-1,-1,-1,0,-1
2020210981859,2020,210981859,3,9,-1,-1,-1,-1,-1,-1,-1,-1,-1,-1,-1,0,-1,1,6,6,1,40,7,-1,-1,-1,-1,2,E01014241,0,-1
2020100940024,2020,100940024,2,1,0,18,19,5,1,0,0,8,2,0,0,0,2,1,2,2,2,26,6,-1,-1,-1,-1,7,E01008585,0,-1
202063C044920,2020,63C044920,2,9,0,18,19,6,2,0,0,0,0,0,1,10,1,1,2,2,1,54,8,-1,-1,-1,-1,7,W01000561,0,-1
2020400949571,2020,400949571,1,97,0,18,19,1,5,9,9,0,0,0,0,0,1,1,6,6,3,-1,-1,-1,-1,-1,-1,-1,-1,0,-1
2020430227076,2020,430227076,2,8,0,9,9,4,2,0,0,6,0,0,0,0,3,1,1,1,1,32,6,-1,-1,-1,-1,5,E01016392,0,-1
2020010264560,2020,010264560,2,20,9,99,99,9,9,99,99,9,9,99,9,99,1,9,6,6,3,-1,-1,-1,-1,-1,-1,2,E01001246,0,-1
202006N276155,2020,06N276155,1,9,0,18,19,5,1,0,0,0,0,0,0,0,4,1,6,6,3,-1,-1,-1,-1,-1,-1,-1,-1,0,-1
20201371H0258,2020,1371H0258,2,1,0,18,19,2,6,0,0,8,0,0,0,0,1,1,6,6,1,43,7,-1,-1,-1,-1,6,E01010588,0,-1
2020410941610,2020,410941610,1,9,0,17,19,6,2,0,0,1,0,0,0,0,1,1,6,6,1,57,9,-1,-1,-1,-1,8,E01023763,0,-1
2020201017677,2020,201017677,2,1,0,12,12,2,6,0,0,8,0,0,0,0,3,1,6,6,1,24,5,-1,-1,-1,-1,1,E01009007,0,-1
2020010271546,2020,010271546,1,4,0,99,99,9,9,99,99,9,9,99,9,99,1,1,6,6,3,-1,-1,-1,-1,-1,-1,-1,-1,0,-1
2020010241184,2020,010241184,1,1,9,18,19,6,2,4,4,1,5,0,0,0,1,1,2,2,1,26,6,-1,-1,-1,-1,9,E01003380,0,-1
2020370995715,2020,370995715,2,9,0,18,19,8,3,0,0,0,0,0,0,0,3,1,5,6,1,52,8,-1,-1,-1,-1,10,E01021366,0,-1
2020430293453,2020,430293453,2,9,0,18,19,8,4,0,0,3,0,0,0,0,4,1,6,6,1,-1,-1,-1,-1,-1,-1,-1,-1,0,-1
2020221009945,2020,221009945,2,17,0,18,19,6,2,0,0,8,2,0,0,0,1,1,1,1,1,35,6,-1,-1,-1,-1,6,E01032395,0,-1
2020161006877,2020,161006877,2,1,0,9,9,6,4,0,0,5,0,0,0,0,2,1,5,6,2,-1,-1,-1,-1,-1,-1,-1,-1,0,-1
2020990969718,2020,990969718,1,9,0,18,19,4,8,0,0,8,0,0,0,0,1,1,1,1,1,52,8,-1,-1,-1,-1,9,-1,0,-1
2020110939137,2020,110939137,1,9,0,18,19,4,8,0,0,0,0,0,0,0,1,1,6,6,2,30,6,-1,-1,-1,-1,-1,-1,0,-1
2020470915493,2020,470915493,3,9,0,2,2,0,0,0,0,0,0,0,0,0,3,1,6,6,3,-1,-1,-1,-1,-1,-1,-1,-1,0,-1
2020110922460,2020,110922460,1,9,0,9,9,5,1,0,0,4,0,0,0,0,1,1,6,6,3,30,6,-1,-1,-1,-1,-1,-1,0,-1
202031A053120,2020,31A053120,1,1,0,18,19,4,6,0,0,1,0,0,0,0,0,1,6,6,1,42,7,-1,-1,-1,-1,5,E01027998,0,-1
2020420957167,2020,420957167,2,9,0,18,19,6,1,0,0,1,0,0,0,0,0,1,6,6,1,-1,-1,-1,-1,-1,-1,-1,-1,0,-1
2020470990010,2020,470990010,1,9,0,17,19,6,3,0,0,0,0,0,0,0,1,1,2,2,1,23,5,-1,-1,-1,-1,1,E01006540,0,-1
2020332000390,2020,332000390,2,9,0,18,19,2,6,0,0,8,0,0,0,0,1,1,6,6,1,28,6,-1,-1,-1,-1,4,E01013740,0,-1
2020552001049,2020,552001049,1,1,0,5,5,2,6,0,0,8,0,0,0,0,3,1,6,6,1,49,8,-1,-1,-1,-1,1,E01020555,0,-1
2020430086707,2020,430086707,1,9,0,3,3,7,3,0,0,2,0,0,0,0,1,1,6,6,2,63,9,-1,-1,-1,-1,10,E01028583,0,-1
2020547281220,2020,547281220,2,9,0,18,19,5,1,0,0,4,0,0,0,0,4,1,6,6,1,18,4,-1,-1,-1,-1,3,E01031911,0,-1
2020370957970,2020,370957970,1,9,0,18,19,7,2,0,0,0,0,0,0,0,4,1,5,6,1,19,4,-1,-1,-1,-1,6,E01030044,0,-1
2020010236939,2020,010236939,1,1,0,99,99,9,9,0,0,1,9,99,9,99,1,-1,6,6,1,24,5,-1,-1,-1,-1,3,E01004329,0,-1
2020470947434,2020,470947434,1,1,0,5,5,3,7,0,0,2,0,0,0,0,3,1,6,6,1,56,9,-1,-1,-1,-1,8,E01021041,0,-1
2020410956653,2020,410956653,1,9,0,18,19,3,5,0,0,1,0,0,0,0,0,1,5,6,1,63,9,-1,-1,-1,-1,7,E01023739,0,-1
2020990994087,2020,990994087,1,17,0,17,19,6,3,0,0,8,0,0,0,0,1,1,1,1,1,31,6,-1,-1,-1,-1,9,-1,0,-1
2020410928684,2020,410928684,4,9,0,2,2,0,0,0,0,8,0,0,0,0,3,1,6,6,3,-1,-1,-1,-1,-1,-1,-1,-1,0,-1
2020070715303,2020,070715303,1,19,0,4,4,3,7,9,9,0,0,0,0,0,0,1,2,2,1,-1,-1,-1,-1,-1,-1,-1,-1,0,-1
2020430148359,2020,430148359,3,98,0,6,6,6,6,0,0,8,0,0,0,0,0,1,6,6,3,-1,-1,-1,-1,-1,-1,-1,-1,0,-1
2020332000541,2020,332000541,1,9,0,18,19,1,5,0,0,0,0,0,0,0,1,1,6,6,1,36,7,-1,-1,-1,-1,3,E01025706,0,-1
2020332000100,2020,332000100,1,9,0,5,5,2,6,9,9,0,0,0,0,0,3,1,6,6,2,47,8,-1,-1,-1,-1,6,E01013609,0,-1
2020010270547,2020,010270547,2,1,0,18,19,5,1,4,4,1,0,0,0,0,1,1,6,6,1,51,8,-1,-1,-1,-1,7,E01003820,0,-1
2020010286651,2020,010286651,2,9,0,99,99,9,9,99,99,9,9,99,9,99,9,9,6,6,3,-1,-1,-1,-1,-1,-1,-1,-1,0,-1
2020440128148,2020,440128148,1,9,0,18,19,6,2,0,0,0,5,0,7,4,1,1,6,6,1,36,7,-1,-1,-1,-1,4,E01022711,0,-1
2020530940648,2020,530940648,2,22,0,18,19,3,7,-1,-1,1,0,0,0,0,1,1,3,7,2,36,7,-1,-1,-1,-1,4,E01022310,0,-1
2020010278016,2020,010278016,1,1,9,18,19,1,5,0,0,0,9,99,9,99,9,1,6,6,3,-1,-1,-1,-1,-1,-1,-1,-1,0,-1
2020010262065,2020,010262065,1,9,0,9,9,5,2,0,0,0,0,0,0,0,0,1,6,6,1,54,8,-1,-1,-1,-1,7,E01002965,0,-1
2020460948567,2020,460948567,1,9,0,18,19,3,5,0,0,1,0,0,7,1,1,1,5,6,1,70,10,-1,-1,-1,-1,8,E01024490,0,-1
2020160963938,2020,160963938,3,9,0,2,2,0,0,0,0,0,0,4,0,0,1,1,6,6,3,-1,-1,-1,-1,-1,-1,-1,-1,0,-1
2020010253556,2020,010253556,2,9,0,99,99,9,9,99,99,9,9,99,9,99,9,9,6,6,3,-1,-1,-1,-1,-1,-1,-1,-1,0,-1
2020430160934,2020,430160934,1,9,0,18,19,4,8,0,0,0,0,12,0,0,4,1,6,6,1,42,7,-1,-1,-1,-1,-1,-1,0,-1
2020010250606,2020,010250606,2,1,0,18,19,5,1,0,0,8,0,0,0,0,1,1,6,6,2,64,9,-1,-1,-1,-1,7,E01002827,0,-1
2020160949708,2020,160949708,1,9,0,9,9,3,7,0,0,3,0,0,2,0,4,2,6,6,1,38,7,-1,-1,-1,-1,7,E01013224,0,-1
2020010270259,2020,010270259,1,-1,0,18,19,5,1,0,0,0,0,0,0,0,1,1,6,6,1,34,6,-1,-1,-1,-1,4,E01001896,1,-1
2020070790719,2020,070790719,1,9,0,4,4,1,3,0,0,2,1,0,0,0,1,1,1,1,1,59,9,-1,-1,-1,-1,3,E01018730,0,-1
2020041003513,2020,041003513,2,1,0,18,19,5,1,0,0,1,0,0,0,0,1,1,2,2,1,33,6,-1,-1,-1,-1,8,E01025378,0,-1
2020052000480,2020,052000480,2,1,0,18,19,7,3,0,0,8,0,0,0,0,3,1,4,7,1,11,3,-1,-1,-1,-1,1,E01007155,0,-1
202031C147120,2020,31C147120,1,1,0,18,19,8,4,0,0,0,0,0,0,0,1,1,6,6,1,23,5,-1,-1,-1,-1,1,E01013865,0,-1
2020360977063,2020,360977063,1,1,0,18,19,5,1,0,0,2,0,0,0,0,3,1,6,6,1,21,5,-1,-1,-1,-1,-1,-1,0,-1
2020200956933,2020,200956933,2,1,0,18,19,1,5,0,0,5,0,0,0,0,3,1,6,6,2,31,6,-1,-1,-1,-1,1,E01009153,0,-1
2020622000499,2020,622000499,1,1,0,18,19,3,7,0,0,1,0,0,0,0,1,1,6,6,1,15,3,-1,-1,-1,-1,1,W01001070,0,-1
2020137330445,2020,137330445,2,1,0,18,19,7,3,4,4,8,0,0,0,0,1,1,6,6,2,26,6,-1,-1,-1,-1,3,E01011488,0,-1
20201373G1697,2020,1373G1697,2,5,0,18,19,4,1,0,0,1,0,0,0,0,1,1,6,6,1,41,7,-1,-1,-1,-1,1,E01010679,0,-1
2020010242467,2020,010242467,2,9,0,9,9,3,1,0,0,1,9,0,0,99,3,9,6,6,1,-1,-1,-1,-1,-1,-1,4,E01002576,0,-1
2020052001856,2020,052001856,2,1,0,18,19,7,3,0,0,1,0,0,0,0,2,1,6,6,1,47,8,-1,-1,-1,-1,1,E01006610,0,-1
2020622001108,2020,622001108,1,97,0,18,19,2,6,0,0,0,0,4,0,0,1,1,6,6,3,-1,-1,-1,-1,-1,-1,-1,-1,0,-1
2020010273165,2020,010273165,2,1,0,18,19,5,1,8,6,8,0,0,1,0,0,1,1,1,1,55,8,-1,-1,-1,-1,4,E01000543,0,-1
2020470950304,2020,470950304,1,1,0,4,4,5,1,5,5,0,5,0,0,0,0,1,6,6,1,40,7,-1,-1,-1,-1,6,E01031579,0,-1
2020450987173,2020,450987173,2,90,0,16,19,3,7,0,0,1,0,0,0,0,1,1,1,1,1,54,8,-1,-1,-1,-1,10,E01030498,0,-1
2020440348970,2020,440348970,1,19,0,4,4,5,1,0,0,1,0,0,0,0,1,1,1,1,1,-1,-1,-1,-1,-1,-1,-1,-1,0,-1
202006E273752,2020,06E273752,1,1,0,18,19,6,2,0,0,8,0,0,0,0,1,1,6,6,1,24,5,-1,-1,-1,-1,1,E01005067,0,-1
2020990985255,2020,990985255,2,1,0,18,19,3,7,0,0,2,2,0,0,0,4,1,6,6,1,38,7,-1,-1,-1,-1,3,-1,0,-1
2020470963400,2020,470963400,2,9,0,2,2,0,0,0,0,0,0,0,0,0,0,1,6,6,3,-1,-1,-1,-1,-1,-1,-1,-1,0,-1
2020030945994,2020,030945994,1,9,0,18,19,3,7,0,0,1,0,0,0,0,1,1,1,1,1,54,8,-1,-1,-1,-1,9,E01019195,0,-1
2020530973649,2020,530973649,1,1,0,5,5,3,1,0,0,3,0,0,0,0,2,1,1,1,2,50,8,-1,-1,-1,-1,9,E01022357,0,-1
2020350964797,2020,350964797,2,9,0,3,3,7,3,0,0,0,0,0,0,0,0,1,6,6,1,-1,-1,-1,-1,-1,-1,-1,-1,0,-1
2020210995238,2020,210995238,2,9,-1,-1,-1,-1,-1,-1,-1,0,-1,-1,-1,0,-1,1,6,6,1,53,8,-1,-1,-1,-1,3,E01029725,0,-1
2020137851268,2020,137851268,2,9,0,18,19,4,2,0,0,0,0,0,0,0,0,1,6,6,1,-1,-1,-1,-1,-1,-1,-1,-1,0,-1
2020010254907,2020,010254907,1,2,0,18,19,5,1,0,0,1,0,0,0,0,3,1,1,1,1,30,6,-1,-1,-1,-1,3,E01002502,0,-1
2020332000855,2020,332000855,3,9,0,18,19,4,8,0,0,0,1,0,1,0,1,1,2,2,2,54,8,-1,-1,-1,-1,6,E01026348,0,-1
2020990996764,2020,990996764,2,23,0,18,19,3,7,0,0,0,5,4,0,0,1,1,1,1,1,32,6,-1,-1,-1,-1,3,-1,0,-1
2020460996797,2020,460996797,2,9,0,16,19,3,7,0,0,0,0,0,0,0,1,1,5,6,2,45,7,-1,-1,-1,-1,8,E01024545,0,-1
20201378I1021,2020,1378I1021,2,9,0,18,19,8,4,0,0,8,0,0,0,0,1,1,6,6,1,43,7,-1,-1,-1,-1,4,E01010834,0,-1
2020010259097,2020,010259097,2,9,0,99,99,9,9,99,99,9,9,99,9,99,9,9,6,6,3,-1,-1,-1,-1,-1,-1,2,E01002604,0,-1
2020010242293,2020,010242293,2,9,0,1,1,1,5,0,0,0,0,0,0,0,2,1,6,6,3,-1,-1,-1,-1,-1,-1,-1,-1,0,-1
2020137951209,2020,137951209,2,9,0,18,19,5,1,4,4,8,0,0,0,0,3,1,6,6,2,21,5,-1,-1,-1,-1,1,E01011510,0,-1
2020040990380,2020,040990380,1,9,0,18,19,7,1,0,0,6,0,0,0,0,0,1,6,6,3,-1,-1,-1,-1,-1,-1,-1,-1,0,-1
2020522002076,2020,522002076,2,9,0,9,9,2,8,0,0,1,0,0,0,0,1,1,6,6,3,-1,-1,-1,-1,-1,-1,-1,-1,0,-1
2020522101177,2020,522101177,1,9,0,9,9,7,5,0,0,5,0,0,0,0,1,1,6,6,1,56,9,-1,-1,-1,-1,4,E01014686,0,-1
2020440043694,2020,440043694,1,1,0,18,19,1,5,0,0,8,0,0,0,0,4,1,2,2,1,58,9,-1,-1,-1,-1,10,E01026413,0,-1
2020210966973,2020,210966973,2,9,0,2,2,0,0,0,0,0,0,0,0,0,0,1,6,6,2,36,7,-1,-1,-1,-1,1,E01014213,0,-1
2020010254957,2020,010254957,1,1,9,99,99,9,9,99,99,9,9,99,9,99,1,-1,6,6,1,18,4,-1,-1,-1,-1,9,E01033135,0,-1
2020230923633,2020,230923633,4,9,0,18,19,5,1,0,0,0,0,0,0,0,4,1,6,6,1,48,8,-1,-1,-1,-1,10,E01029657,0,-1
2020470950117,2020,470950117,3,9,0,2,2,0,0,0,0,0,0,0,0,0,2,1,6,6,3,-1,-1,-1,-1,-1,-1,-1,-1,0,-1
202060Y024119,2020,60Y024119,2,9,0,3,3,4,8,0,0,1,0,0,0,0,2,1,6,6,1,30,6,-1,-1,-1,-1,-1,-1,0,-1
2020400934133,2020,400934133,1,9,0,18,19,6,3,0,0,0,0,0,0,0,3,1,5,6,1,58,9,-1,-1,-1,-1,9,E01023467,0,-1
2020542987920,2020,542987920,1,21,0,9,9,8,6,0,0,8,0,0,0,0,-1,1,6,6,3,-1,-1,-1,-1,-1,-1,-1,-1,0,-1
2020332000976,2020,332000976,1,19,0,18,19,3,7,0,0,0,0,0,0,0,4,1,1,1,1,63,9,-1,-1,-1,-1,3,E01027152,0,-1
2020430352380,2020,430352380,1,9,0,9,9,3,1,0,0,6,0,0,0,0,1,1,6,6,1,36,7,-1,-1,-1,-1,2,E01028517,0,-1
2020220927147,2020,220927147,2,1,0,7,7,6,1,0,0,5,0,0,0,0,1,1,4,7,1,12,3,-1,-1,-1,-1,4,E01032275,0,-1
2020010252259,2020,010252259,2,-1,0,18,19,1,5,0,0,0,0,0,0,0,3,1,6,6,1,17,4,-1,-1,-1,-1,5,E01004494,1,-1
2020010257623,2020,010257623,1,1,9,99,99,9,9,99,99,9,9,99,9,99,9,1,6,6,1,62,9,-1,-1,-1,-1,2,E01001143,0,-1
2020440137125,2020,440137125,2,9,0,13,13,7,3,0,0,0,0,0,0,0,2,1,6,6,3,-1,-1,-1,-1,-1,-1,-1,-1,0,-1
2020350929048,2020,350929048,1,1,0,18,19,2,6,0,0,8,0,0,0,0,2,1,4,7,1,14,3,-1,-1,-1,-1,1,E01015607,0,-1
2020030984846,2020,030984846,2,9,0,18,19,7,4,0,0,1,0,0,7,0,1,1,2,2,1,34,6,-1,-1,-1,-1,2,E01019230,0,-1
2020332000933,2020,332000933,1,9,0,9,9,6,4,0,0,5,0,0,0,0,3,1,1,1,2,32,6,-1,-1,-1,-1,6,E01032970,0,-1
2020010231678,2020,010231678,1,97,0,18,19,-1,-1,0,0,0,0,0,0,0,1,1,6,6,3,-1,-1,-1,-1,-1,-1,-1,-1,0,-1
2020360996708,2020,360996708,1,9,0,7,7,2,4,0,0,0,0,0,0,0,1,1,6,6,3,-1,-1,-1,-1,-1,-1,-1,-1,0,-1
2020350975396,2020,350975396,3,1,-1,18,19,6,2,-1,-1,0,0,0,0,0,0,1,6,6,1,52,8,-1,-1,-1,-1,6,E01018016,0,-1
202006A175358,2020,06A175358,2,1,0,18,19,3,7,0,0,8,0,0,1,0,2,1,2,2,2,53,8,-1,-1,-1,-1,2,E01005654,0,-1
2020010245354,2020,010245354,2,1,9,99,99,9,9,99,99,0,9,99,9,99,1,1,6,6,1,-1,-1,-1,-1,-1,-1,-1,-1,0,-1
2020420991102,2020,420991102,1,9,0,18,19,8,4,0,0,0,0,0,0,0,1,1,1,1,3,-1,-1,-1,-1,-1,-1,-1,-1,0,-1
2020460964635,2020,460964635,2,1,0,9,9,6,4,0,0,5,0,0,0,0,3,1,2,2,1,62,9,-1,-1,-1,-1,2,E01024616,0,-1
2020010265919,2020,010265919,2,9,0,99,99,9,9,99,99,9,9,99,9,99,2,9,6,6,3,-1,-1,-1,-1,-1,-1,-1,-1,0,-1
2020201013696,2020,201013696,2,9,0,5,5,2,6,0,0,4,0,0,0,0,1,1,6,6,2,-1,-1,-1,-1,-1,-1,-1,-1,0,-1
2020122000855,2020,122000855,2,1,0,18,19,5,1,0,0,0,0,0,0,0,3,1,6,6,1,13,3,-1,-1,-1,-1,9,E01027558,0,-1
2020460943547,2020,460943547,1,9,0,7,7,7,3,0,0,8,0,0,0,0,4,1,5,6,3,-1,-1,-1,-1,-1,-1,-1,-1,0,-1
2020450959010,2020,450959010,2,1,0,18,19,1,3,0,0,1,0,0,0,0,1,1,6,6,2,55,8,-1,-1,-1,-1,10,E01003811,0,-1
2020332000889,2020,332000889,1,19,0,7,7,5,7,0,0,2,0,0,0,0,1,1,6,6,1,26,6,-1,-1,-1,-1,9,E01025634,0,-1
2020410977290,2020,410977290,1,9,0,18,19,2,1,0,0,0,0,0,0,0,2,1,5,6,2,41,7,-1,-1,-1,-1,8,E01017776,0,-1
2020420982636,2020,420982636,3,9,0,2,2,0,0,9,9,1,0,0,0,0,1,1,6,6,3,-1,-1,-1,-1,-1,-1,-1,-1,0,-1
2020420992357,2020,420992357,1,9,0,2,2,3,7,9,9,0,0,0,0,0,3,1,6,6,3,-1,-1,-1,-1,-1,-1,-1,-1,0,-1
2020010232818,2020,010232818,1,1,9,99,99,9,9,99,99,9,9,99,9,99,9,-1,6,6,2,44,7,-1,-1,-1,-1,3,E01002057,0,-1
2020430156172,2020,430156172,2,1,0,18,19,6,2,0,0,0,0,0,0,0,3,1,6,6,1,40,7,-1,-1,-1,-1,10,E01028465,0,-1
2020332000862,2020,332000862,1,9,0,7,7,6,4,0,0,5,0,0,0,0,1,1,2,2,2,24,5,-1,-1,-1,-1,1,E01013652,0,-1
2020100959701,2020,100959701,2,1,0,17,19,2,6,0,0,0,0,0,0,0,3,1,5,6,1,24,5,-1,-1,-1,-1,10,E01008548,0,-1
2020010241258,2020,010241258,1,9,0,99,99,9,9,99,99,0,9,99,9,99,1,9,6,6,3,-1,-1,-1,-1,-1,-1,10,E01017864,0,-1
2020332001240,2020,332001240,4,9,0,18,19,3,7,0,0,0,0,0,0,0,0,1,6,6,2,45,7,-1,-1,-1,-1,-1,-1,0,-1
2020010243118,2020,010243118,1,11,0,13,13,1,5,0,0,8,0,0,0,0,4,1,1,1,2,54,8,-1,-1,-1,-1,2,E01001320,0,-1
202031D094120,2020,31D094120,2,1,0,18,19,6,2,0,0,6,0,0,0,0,3,1,1,1,1,13,3,-1,-1,-1,-1,10,E01028201,0,-1
202063B001520,2020,63B001520,2,9,0,18,19,7,3,0,0,1,0,0,0,0,1,1,6,6,2,47,8,-1,-1,-1,-1,6,W01000524,0,-1
2020440373853,2020,440373853,2,9,0,18,19,3,7,0,0,1,0,0,0,0,1,1,6,6,3,-1,-1,-1,-1,-1,-1,-1,-1,0,-1
2020110942329,2020,110942329,1,9,0,18,19,5,1,0,0,1,0,0,0,0,1,1,6,6,3,30,6,-1,-1,-1,-1,-1,-1,0,-1
2020332001022,2020,332001022,2,98,0,2,2,0,0,6,6,0,0,0,0,0,2,1,6,6,1,-1,-1,-1,-1,-1,-1,-1,-1,0,-1
2020332000360,2020,332000360,1,9,0,7,7,2,3,0,0,5,0,0,0,0,4,1,6,6,1,26,6,-1,-1,-1,-1,9,E01031138,0,-1
2020040949475,2020,040949475,1,1,0,18,19,3,7,0,0,0,0,0,0,0,1,1,5,6,1,56,9,-1,-1,-1,-1,5,E01025541,0,-1