collision_index,collision_year,collision_ref_no,vehicle_reference,vehicle_type,towing_and_articulation,vehicle_manoeuvre_historic,vehicle_manoeuvre,vehicle_direction_from,vehicle_direction_to,vehicle_location_restricted_lane_historic,vehicle_location_restricted_lane,junction_location,skidding_and_overturning,hit_object_in_carriageway,vehicle_leaving_carriageway,hit_object_off_carriageway,first_point_of_impact,vehicle_left_hand_drive,journey_purpose_of_driver_historic,journey_purpose_of_driver,sex_of_driver,age_of_driver,age_band_of_driver,engine_capacity_cc,propulsion_code,age_of_vehicle,generic_make_model,driver_imd_decile,lsoa_of_driver,escooter_flag,driver_distance_banding
2020990964872,2020,990964872,1,1,0,18,19,6,2,0,0,6,0,0,0,0,4,1,5,6,1,45,7,-1,-1,-1,-1,9,-1,0,-1
2020610006320,2020,610006320,1,9,0,16,19,5,7,0,0,0,0,0,7,9,1,1,6,6,1,57,9,-1,-1,-1,-1,6,W01001472,0,-1
2020010238443,2020,010238443,1,1,0,17,19,5,3,0,0,8,0,0,0,0,4,1,2,2,2,22,5,-1,-1,-1,-1,6,E01002656,0,-1
2020990936682,2020,990936682,3,9,0,2,2,0,0,0,0,0,0,0,0,0,1,1,6,6,3,-1,-1,-1,-1,-1,-1,-1,-1,0,-1
2020990979358,2020,990979358,1,1,0,12,12,4,8,0,0,1,1,0,7,0,1,1,5,6,1,53,8,-1,-1,-1,-1,10,-1,0,-1
2020990974644,2020,990974644,2,9,0,18,19,2,6,0,0,0,0,0,1,9,3,1,5,6,1,24,5,-1,-1,-1,-1,6,-1,0,-1
2020211031994,2020,211031994,1,11,0,18,19,3,7,0,0,8,0,0,0,0,1,1,1,1,2,44,7,-1,-1,-1,-1,1,E01013496,0,-1
2020010255766,2020,010255766,2,-1,0,9,9,7,5,2,2,2,5,0,0,0,1,1,6,6,1,29,6,-1,-1,-1,-1,2,E01004326,1,-1
2020332001175,2020,332001175,2,1,0,18,19,8,4,0,0,8,0,0,0,0,0,1,6,6,2,53,8,-1,-1,-1,-1,-1,-1,0,-1
2020010270955,2020,010270955,2,9,0,15,15,8,4,0,0,8,0,0,0,0,3,1,6,6,3,-1,-1,-1,-1,-1,-1,-1,-1,0,-1
202031A109320,2020,31A109320,3,9,0,3,3,2,6,0,0,1,0,0,0,0,2,1,1,1,1,32,6,-1,-1,-1,-1,8,E01028251,0,-1
2020200990141,2020,200990141,2,1,0,18,19,-1,-1,0,0,0,0,0,0,0,4,1,6,6,2,28,6,-1,-1,-1,-1,4,E01008982,0,-1
2020400932599,2020,400932599,1,97,0,13,13,8,4,0,0,4,0,0,0,0,4,1,2,2,1,42,7,-1,-1,-1,-1,6,E01017386,0,-1
2020010233523,2020,010233523,1,9,0,18,19,7,3,0,0,1,0,0,0,0,1,1,2,2,1,53,8,-1,-1,-1,-1,2,E01033341,0,-1
2020100998775,2020,100998775,1,9,0,4,4,3,7,0,0,0,0,0,0,0,1,1,6,6,2,-1,-1,-1,-1,-1,-1,-1,-1,0,-1
2020052000305,2020,052000305,2,1,0,18,19,8,4,0,0,1,0,0,0,0,3,1,6,6,1,52,8,-1,-1,-1,-1,7,E01006800,0,-1
2020052001183,2020,052001183,2,1,0,9,9,1,5,0,0,1,0,0,0,0,3,1,6,6,1,57,9,-1,-1,-1,-1,2,E01006797,0,-1
2020500953440,2020,500953440,2,1,0,9,9,5,3,0,0,8,0,0,0,0,3,1,6,6,1,61,9,-1,-1,-1,-1,10,E01020194,0,-1
2020332000700,2020,332000700,1,8,0,6,6,5,5,0,0,8,0,0,0,0,3,1,1,1,1,40,7,-1,-1,-1,-1,2,E01013682,0,-1
2020160947072,2020,160947072,2,1,0,18,19,2,6,0,0,0,0,0,0,0,2,1,6,6,1,24,5,-1,-1,-1,-1,1,E01012888,0,-1
2020410930946,2020,410930946,1,9,0,14,14,5,1,0,0,0,0,0,0,0,1,1,6,6,1,-1,-1,-1,-1,-1,-1,-1,-1,0,-1
2020332001205,2020,332001205,3,9,0,2,2,3,7,0,0,0,0,0,0,0,0,1,6,6,3,-1,-1,-1,-1,-1,-1,-1,-1,0,-1
2020991001200,2020,991001200,2,9,0,2,2,0,0,0,0,0,0,0,0,0,3,1,6,6,3,-1,-1,-1,-1,-1,-1,-1,-1,0,-1
2020010257129,2020,010257129,1,9,0,3,3,1,5,0,0,0,0,4,0,0,1,1,6,6,1,23,5,-1,-1,-1,-1,-1,-1,0,-1
2020332000525,2020,332000525,2,9,0,4,4,3,7,0,0,0,0,0,0,0,1,1,6,6,2,49,8,-1,-1,-1,-1,7,E01025807,0,-1
2020430277553,2020,430277553,1,1,0,18,19,5,1,0,0,0,0,0,0,0,3,1,6,6,1,12,3,-1,-1,-1,-1,6,E01017795,0,-1
2020430017631,2020,430017631,1,1,0,18,19,6,2,0,0,8,0,0,0,0,1,1,6,6,1,20,4,-1,-1,-1,-1,3,E01016464,0,-1
2020470979814,2020,470979814,1,9,0,18,19,7,3,0,0,0,5,0,2,0,0,1,2,2,1,23,5,-1,-1,-1,-1,9,E01021095,0,-1
2020990975199,2020,990975199,1,3,0,18,19,3,7,0,0,8,0,0,0,0,4,1,6,6,1,15,3,-1,-1,-1,-1,1,-1,0,-1
2020010278025,2020,010278025,2,1,9,99,99,9,9,99,99,9,9,99,9,99,1,1,6,6,1,-1,-1,-1,-1,-1,-1,-1,-1,0,-1
2020122000620,2020,122000620,2,1,0,18,19,6,2,0,0,0,0,0,1,0,2,1,6,6,1,31,6,-1,-1,-1,-1,6,E01027669,0,-1
2020010256299,2020,010256299,2,9,9,99,99,9,9,99,99,0,9,99,9,99,9,9,6,6,3,-1,-1,-1,-1,-1,-1,-1,-1,0,-1
2020440067353,2020,440067353,2,1,0,18,19,5,1,0,0,1,0,0,0,0,1,1,6,6,1,29,6,-1,-1,-1,-1,1,E01017039,0,-1
202031D155120,2020,31D155120,1,5,0,13,13,1,5,0,0,0,0,0,1,9,1,1,6,6,1,30,6,-1,-1,-1,-1,8,E01028367,0,-1
2020010230777,2020,010230777,1,1,9,99,99,9,9,99,99,9,9,99,9,99,9,1,2,2,2,47,8,-1,-1,-1,-1,2,E01003041,0,-1
2020990986145,2020,990986145,2,9,0,18,19,3,7,0,0,1,0,0,1,0,1,1,1,1,1,40,7,-1,-1,-1,-1,3,-1,0,-1
2020350966493,2020,350966493,1,90,-1,-1,-1,7,3,-1,-1,0,-1,-1,-1,0,-1,1,6,6,3,-1,-1,-1,-1,-1,-1,4,E01015655,0,-1
2020041007311,2020,041007311,1,9,0,7,7,3,7,0,0,1,0,0,0,0,1,1,6,6,1,-1,-1,-1,-1,-1,-1,-1,-1,0,-1
2020460952250,2020,460952250,2,9,0,2,2,0,0,0,0,1,0,0,0,0,3,1,6,6,3,-1,-1,-1,-1,-1,-1,-1,-1,0,-1
2020010271210,2020,010271210,2,9,9,99,99,9,9,99,99,9,9,12,9,99,9,9,6,6,3,-1,-1,-1,-1,-1,-1,-1,-1,0,-1
2020220931595,2020,220931595,1,9,0,16,19,5,8,0,0,4,0,0,0,0,4,1,6,6,3,28,6,-1,-1,-1,-1,-1,-1,0,-1
2020430158327,2020,430158327,1,1,0,18,19,1,5,0,0,8,0,0,0,0,1,1,6,6,1,45,7,-1,-1,-1,-1,6,E01016467,0,-1
2020522002163,2020,522002163,1,9,0,18,19,1,5,0,0,8,0,0,0,0,0,1,6,6,2,55,8,-1,-1,-1,-1,5,E01014455,0,-1
2020010257479,2020,010257479,2,1,0,18,19,1,5,0,0,1,0,0,0,0,1,1,2,2,1,45,7,-1,-1,-1,-1,6,E01002024,0,-1
2020440219285,2020,440219285,3,9,0,4,4,1,5,0,0,0,0,0,0,0,2,1,6,6,1,72,10,-1,-1,-1,-1,8,E01016323,0,-1
2020010259795,2020,010259795,2,1,0,7,7,7,8,0,0,5,0,0,0,0,1,1,6,6,1,65,9,-1,-1,-1,-1,3,E01004391,0,-1
2020010272324,2020,010272324,1,8,0,18,19,5,1,0,0,0,0,0,0,0,1,1,1,1,1,58,9,-1,-1,-1,-1,3,E01003720,0,-1
2020420953339,2020,420953339,1,9,0,16,19,6,2,0,0,0,0,0,0,0,0,1,6,6,1,16,4,-1,-1,-1,-1,-1,-1,0,-1
2020052001730,2020,052001730,2,1,0,5,5,8,4,0,0,8,0,0,0,0,3,1,6,6,1,28,6,-1,-1,-1,-1,1,E01006662,0,-1
2020522001461,2020,522001461,2,1,0,18,19,4,8,0,0,8,0,0,0,0,1,1,6,6,1,27,6,-1,-1,-1,-1,10,E01014620,0,-1
2020360933153,2020,360933153,1,1,0,18,19,3,7,0,0,1,0,0,0,0,0,1,6,6,1,35,6,-1,-1,-1,-1,1,E01033437,0,-1
2020010279846,2020,010279846,2,1,0,18,19,5,1,0,0,0,0,0,0,0,1,1,6,6,1,25,5,-1,-1,-1,-1,3,E01003180,0,-1
2020010248122,2020,010248122,1,9,0,99,99,9,9,99,99,9,9,99,9,99,2,9,6,6,1,34,6,-1,-1,-1,-1,8,E01002320,0,-1
2020052000878,2020,052000878,1,1,0,18,19,5,1,0,0,0,0,0,0,0,1,1,6,6,1,60,9,-1,-1,-1,-1,1,E01006507,0,-1
2020370997697,2020,370997697,2,1,0,18,19,3,7,0,0,0,0,0,0,0,3,1,5,6,1,76,11,-1,-1,-1,-1,4,E01030201,0,-1
2020340K08182,2020,340K08182,2,1,0,18,19,2,6,0,0,0,0,0,0,0,2,1,6,6,1,49,8,-1,-1,-1,-1,6,E01026953,0,-1
2020100938380,2020,100938380,1,1,0,5,5,7,3,0,0,0,0,0,0,0,3,1,6,6,1,30,6,-1,-1,-1,-1,-1,-1,0,-1
2020010273572,2020,010273572,2,19,0,99,99,9,9,99,99,9,9,99,9,99,9,9,6,6,3,-1,-1,-1,-1,-1,-1,-1,-1,0,-1
2020010229910,2020,010229910,2,9,0,18,19,3,7,0,0,0,0,0,0,0,1,1,6,6,3,-1,-1,-1,-1,-1,-1,-1,-1,0,-1
2020010261388,2020,010261388,1,9,0,18,19,7,3,0,0,1,0,0,0,0,1,1,6,6,3,-1,-1,-1,-1,-1,-1,-1,-1,0,-1
2020160955951,2020,160955951,2,1,0,18,19,7,3,0,0,0,0,0,0,0,2,1,6,6,1,40,7,-1,-1,-1,-1,2,E01013187,0,-1
2020430161949,2020,430161949,1,1,0,9,9,4,1,0,0,8,0,0,0,0,1,1,6,6,1,44,7,-1,-1,-1,-1,10,E01017611,0,-1
2020170S31680,2020,170S31680,2,1,0,18,19,8,4,0,0,8,0,0,0,0,4,1,6,6,2,60,9,-1,-1,-1,-1,-1,-1,0,-1
202060Y024411,2020,60Y024411,2,9,0,14,14,3,7,0,0,0,0,4,0,0,1,1,6,6,2,67,10,-1,-1,-1,-1,-1,-1,0,-1
202006L270823,2020,06L270823,1,17,0,18,19,3,7,0,0,4,0,0,0,0,4,1,1,1,3,-1,-1,-1,-1,-1,-1,-1,-1,0,-1
2020010240562,2020,010240562,1,1,9,99,99,9,9,99,99,9,9,99,9,99,9,-1,2,2,1,35,6,-1,-1,-1,-1,6,E01004216,0,-1
2020320104534,2020,320104534,1,1,0,18,19,3,7,0,0,8,5,0,0,0,4,1,2,2,1,19,4,-1,-1,-1,-1,-1,-1,0,-1
2020010285218,2020,010285218,2,9,0,99,99,9,9,99,99,9,9,99,9,99,9,9,6,6,3,-1,-1,-1,-1,-1,-1,-1,-1,0,-1
2020420982474,2020,420982474,2,90,0,18,19,6,3,0,0,0,0,0,0,0,3,1,6,6,1,23,5,-1,-1,-1,-1,8,E01021424,0,-1
2020622000212,2020,622000212,2,1,0,17,19,6,4,0,0,1,0,0,0,0,4,1,6,6,2,29,6,-1,-1,-1,-1,9,W01001820,0,-1
2020041002629,2020,041002629,2,1,0,18,19,7,5,0,0,8,0,0,0,0,2,1,6,6,2,43,7,-1,-1,-1,-1,4,E01025460,0,-1
2020400955224,2020,400955224,2,9,0,18,19,4,8,0,0,0,0,0,0,0,1,1,6,6,2,25,5,-1,-1,-1,-1,7,E01027259,0,-1
2020010272569,2020,010272569,2,9,0,99,99,9,9,99,99,0,9,99,9,99,1,9,6,6,3,-1,-1,-1,-1,-1,-1,-1,-1,0,-1
2020010247399,2020,010247399,4,9,0,2,2,0,0,0,0,0,0,0,0,0,2,1,6,6,3,-1,-1,-1,-1,-1,-1,-1,-1,0,-1
2020471006295,2020,471006295,2,9,0,18,19,6,2,0,0,0,0,0,0,0,3,1,5,6,1,26,6,-1,-1,-1,-1,8,E01031765,0,-1
202006P270320,2020,06P270320,2,9,0,10,10,8,6,0,0,8,0,0,0,0,1,1,6,6,1,32,6,-1,-1,-1,-1,1,E01005473,0,-1
2020122001270,2020,122001270,1,1,0,7,7,7,1,0,0,8,0,0,0,0,1,1,6,6,2,-1,-1,-1,-1,-1,-1,10,E01013413,0,-1
2020052000129,2020,052000129,3,9,0,3,3,1,5,0,0,2,0,0,0,0,2,1,6,6,3,-1,-1,-1,-1,-1,-1,-1,-1,0,-1
2020137630939,2020,137630939,3,1,0,18,19,7,3,0,0,0,0,0,0,0,1,1,6,6,1,44,7,-1,-1,-1,-1,1,E01011349,0,-1
2020332001145,2020,332001145,1,9,0,11,11,3,7,0,0,8,0,0,0,0,0,1,6,6,1,42,7,-1,-1,-1,-1,-1,-1,0,-1
2020140925970,2020,140925970,1,9,0,18,19,3,7,0,0,0,2,0,1,11,1,1,6,6,1,29,6,-1,-1,-1,-1,1,E01008011,0,-1
2020010282423,2020,010282423,1,9,0,5,5,5,1,0,0,0,0,0,0,0,4,9,6,6,3,-1,-1,-1,-1,-1,-1,-1,-1,0,-1
2020430165675,2020,430165675,2,9,0,18,19,8,4,0,0,1,0,0,0,0,1,1,6,6,1,-1,-1,-1,-1,-1,-1,-1,-1,0,-1
20201371D1514,2020,1371D1514,2,1,0,18,19,4,7,0,0,1,0,0,0,0,1,1,6,6,1,42,7,-1,-1,-1,-1,5,E01011388,0,-1
2020122001127,2020,122001127,1,9,0,17,19,6,3,0,0,0,1,0,1,7,1,1,6,6,1,19,4,-1,-1,-1,-1,5,E01011300,0,-1
2020010247501,2020,010247501,2,1,0,18,19,1,5,0,0,1,2,0,0,0,0,1,2,2,1,57,9,-1,-1,-1,-1,8,E01000426,0,-1
2020552000503,2020,552000503,1,98,5,18,19,3,7,0,0,0,0,11,0,0,0,1,1,1,3,33,6,-1,-1,-1,-1,-1,-1,0,-1
2020610026820,2020,610026820,1,9,0,18,19,3,5,0,0,4,0,0,0,0,2,1,6,6,2,55,8,-1,-1,-1,-1,1,W01001661,0,-1
2020430036563,2020,430036563,1,9,0,18,19,3,7,0,0,6,5,0,1,1,4,1,1,1,1,20,4,-1,-1,-1,-1,8,E01017824,0,-1
2020010282450,2020,010282450,2,9,0,7,7,2,3,0,0,9,0,99,0,0,9,9,6,6,3,-1,-1,-1,-1,-1,-1,-1,-1,0,-1
2020210995954,2020,210995954,1,9,0,18,19,5,1,0,0,0,0,0,1,0,1,1,2,2,1,28,6,-1,-1,-1,-1,9,E01029619,0,-1
2020010255732,2020,010255732,2,3,0,99,99,9,9,99,99,9,9,99,9,99,1,1,6,6,3,-1,-1,-1,-1,-1,-1,9,E01027274,0,-1
2020231012790,2020,231012790,3,9,0,11,11,8,4,0,0,0,0,0,0,0,4,1,5,6,3,33,6,-1,-1,-1,-1,-1,-1,0,-1
2020360969990,2020,360969990,2,1,0,18,19,-1,-1,0,0,2,0,0,0,0,-1,1,5,6,1,21,5,-1,-1,-1,-1,5,E01026720,0,-1
202031A042720,2020,31A042720,1,9,0,9,9,5,3,0,0,6,0,0,0,0,3,1,6,6,1,-1,-1,-1,-1,-1,-1,-1,-1,0,-1
2020010254880,2020,010254880,2,1,0,18,19,6,2,0,0,1,0,0,0,0,1,1,6,6,1,35,6,-1,-1,-1,-1,3,E01004019,0,-1
2020332000673,2020,332000673,1,9,0,13,13,2,6,0,0,8,0,0,0,0,1,1,1,1,1,85,11,-1,-1,-1,-1,5,E01025821,0,-1
2020010254766,2020,010254766,2,1,0,7,7,7,1,0,0,1,0,0,0,0,0,1,6,6,1,33,6,-1,-1,-1,-1,2,E01001748,0,-1
2020010283942,2020,010283942,2,1,0,18,19,3,7,0,0,8,0,0,0,0,4,1,6,6,1,28,6,-1,-1,-1,-1,4,E01004612,0,-1
2020220991476,2020,220991476,1,90,0,16,19,5,8,0,0,0,1,0,7,11,1,1,5,6,1,68,10,-1,-1,-1,-1,6,E01028863,0,-1
2020030996187,2020,030996187,2,9,0,10,10,-1,-1,0,0,1,0,0,0,0,0,1,6,6,2,-1,-1,-1,-1,-1,-1,1,E01019158,0,-1
2020430107816,2020,430107816,1,98,0,18,19,4,8,0,0,0,0,0,0,0,3,1,6,6,3,-1,-1,-1,-1,-1,-1,-1,-1,0,-1
202006E275026,2020,06E275026,2,1,0,18,19,2,8,4,4,8,0,0,0,0,3,1,2,2,1,14,3,-1,-1,-1,-1,2,E01005220,0,-1
2020010257545,2020,010257545,2,9,0,99,99,9,9,99,99,9,9,99,9,99,2,9,6,6,3,-1,-1,-1,-1,-1,-1,-1,-1,0,-1
2020160982223,2020,160982223,2,11,0,2,2,0,0,0,0,0,0,0,0,0,0,1,1,1,1,-1,-1,-1,-1,-1,-1,-1,-1,0,-1
2020170M11730,2020,170M11730,2,1,0,18,19,6,2,0,0,8,0,0,0,0,1,1,6,6,1,21,5,-1,-1,-1,-1,1,E01033468,0,-1
2020010268056,2020,010268056,1,4,0,18,19,5,1,0,0,1,0,0,0,0,1,1,6,6,3,-1,-1,-1,-1,-1,-1,-1,-1,0,-1
2020470990214,2020,470990214,1,9,0,-1,-1,-1,-1,-1,-1,-1,-1,-1,-1,0,-1,1,6,6,3,-1,-1,-1,-1,-1,-1,-1,-1,0,-1
2020500947089,2020,500947089,1,9,0,18,19,1,5,0,0,0,0,0,0,0,1,1,5,6,1,52,8,-1,-1,-1,-1,5,E01018780,0,-1
2020010230600,2020,010230600,2,4,0,18,19,5,1,0,0,1,0,0,0,0,1,1,6,6,1,70,10,-1,-1,-1,-1,2,E01001959,0,-1
2020030993185,2020,030993185,1,9,0,1,1,-1,-1,0,0,0,0,0,0,0,2,1,6,6,1,-1,-1,-1,-1,-1,-1,-1,-1,0,-1
202060Y129995,2020,60Y129995,2,5,0,16,19,6,2,0,0,0,0,10,2,0,3,1,6,6,1,47,8,-1,-1,-1,-1,-1,-1,0,-1
2020530974831,2020,530974831,1,97,0,18,19,7,3,0,0,0,1,0,2,11,1,1,5,6,1,22,5,-1,-1,-1,-1,4,E01022240,0,-1
2020991000898,2020,991000898,1,9,0,18,19,2,6,0,0,1,0,0,0,0,1,1,6,6,1,68,10,-1,-1,-1,-1,2,-1,0,-1
2020430378814,2020,430378814,1,9,0,18,19,4,8,0,0,8,0,0,0,0,3,1,6,6,2,72,10,-1,-1,-1,-1,-1,-1,0,-1
2020010258079,2020,010258079,1,9,0,12,12,7,3,6,6,1,0,0,0,0,0,1,1,1,1,49,8,-1,-1,-1,-1,8,E01023571,0,-1
2020137AJ1293,2020,137AJ1293,2,1,0,18,19,5,1,0,0,0,0,0,0,0,1,1,6,6,1,30,6,-1,-1,-1,-1,-1,-1,0,-1
2020160973152,2020,160973152,1,9,0,18,19,5,1,0,0,0,5,0,7,9,0,1,6,6,2,57,9,-1,-1,-1,-1,8,E01027801,0,-1
2020140944575,2020,140944575,2,9,0,18,19,7,3,0,0,0,0,0,0,0,2,1,1,1,1,34,6,-1,-1,-1,-1,2,E01008125,0,-1
2020211020397,2020,211020397,2,21,1,18,19,5,1,0,0,8,0,0,0,0,3,1,1,1,1,34,6,-1,-1,-1,-1,-1,-1,0,-1
2020052001395,2020,052001395,1,9,0,18,19,8,4,0,0,8,0,0,0,0,4,1,6,6,3,-1,-1,-1,-1,-1,-1,-1,-1,0,-1
2020460972022,2020,460972022,2,1,0,18,19,3,7,0,0,0,0,0,0,0,1,1,5,6,1,47,8,-1,-1,-1,-1,1,E01024671,0,-1
2020010268168,2020,010268168,2,98,1,99,99,9,9,99,99,0,9,99,9,99,2,9,6,6,3,-1,-1,-1,-1,-1,-1,-1,-1,0,-1
2020010272721,2020,010272721,2,11,9,99,99,9,9,99,99,9,9,99,9,99,9,9,6,6,3,-1,-1,-1,-1,-1,-1,-1,-1,0,-1
2020137660614,2020,137660614,1,1,0,18,19,4,8,0,0,0,0,0,0,0,0,1,6,6,1,-1,-1,-1,-1,-1,-1,3,E01010789,0,-1
2020010241878,2020,010241878,2,9,0,9,9,6,4,0,0,8,0,0,0,0,1,1,2,2,1,70,10,-1,-1,-1,-1,10,E01004084,0,-1
2020420960498,2020,420960498,2,1,0,18,19,4,8,0,0,0,0,0,0,0,3,1,5,6,1,31,6,-1,-1,-1,-1,7,E01021540,0,-1
2020990971994,2020,990971994,1,9,0,12,12,7,3,0,0,0,0,0,0,0,3,1,6,6,3,40,7,-1,-1,-1,-1,-1,-1,0,-1
2020460975729,2020,460975729,1,1,0,18,19,8,4,0,0,0,0,0,0,0,1,1,5,6,1,55,8,-1,-1,-1,-1,10,E01024348,0,-1
2020010267278,2020,010267278,2,1,0,5,5,5,1,4,4,8,0,0,3,0,9,1,6,6,1,65,9,-1,-1,-1,-1,2,E01002843,0,-1
2020010237843,2020,010237843,1,9,0,99,99,9,9,0,0,0,0,0,0,0,9,2,6,6,1,-1,-1,-1,-1,-1,-1,-1,-1,0,-1
2020010247855,2020,010247855,2,1,0,18,19,1,5,0,0,0,0,0,0,0,1,1,6,6,1,27,6,-1,-1,-1,-1,9,E01000882,0,-1
2020332000056,2020,332000056,1,9,0,18,19,2,6,0,0,8,0,0,0,0,1,1,1,1,1,17,4,-1,-1,-1,-1,6,E01013785,0,-1
2020420933430,2020,420933430,1,3,0,15,15,1,5,9,9,0,0,0,0,0,1,1,6,6,3,-1,-1,-1,-1,-1,-1,-1,-1,0,-1
2020040974025,2020,040974025,2,9,0,2,2,0,0,0,0,1,0,0,0,0,3,1,6,6,3,-1,-1,-1,-1,-1,-1,-1,-1,0,-1
2020460982178,2020,460982178,1,1,0,18,19,3,7,0,0,8,5,0,0,0,1,1,5,6,1,34,6,-1,-1,-1,-1,7,E01023902,0,-1
2020010252774,2020,010252774,1,1,9,99,99,9,9,99,99,0,9,99,9,99,2,1,6,6,1,18,4,-1,-1,-1,-1,6,E01003378,0,-1
202060Y033566,2020,60Y033566,2,9,0,17,19,2,6,0,0,0,0,0,0,0,1,1,6,6,2,48,8,-1,-1,-1,-1,-1,-1,0,-1
2020010257966,2020,010257966,1,1,9,99,99,9,9,99,99,9,9,99,9,99,9,1,6,6,2,29,6,-1,-1,-1,-1,7,E01033728,0,-1
2020420973936,2020,420973936,2,22,0,18,19,6,2,0,0,6,0,0,0,0,4,1,5,6,1,54,8,-1,-1,-1,-1,9,E01021934,0,-1
2020370944675,2020,370944675,2,1,0,18,19,1,5,0,0,0,0,0,0,0,3,1,6,6,1,73,10,-1,-1,-1,-1,5,E01030286,0,-1
2020122000549,2020,122000549,3,1,0,18,19,5,1,1,1,0,0,0,0,0,3,1,6,6,1,52,8,-1,-1,-1,-1,4,E01007693,0,-1
2020110938723,2020,110938723,1,9,0,18,19,5,1,0,0,0,0,0,0,0,1,1,6,6,3,30,6,-1,-1,-1,-1,-1,-1,0,-1
2020430016543,2020,430016543,1,9,0,18,19,5,1,0,0,0,0,0,0,0,1,1,6,6,1,-1,-1,-1,-1,-1,-1,-1,-1,0,-1
202006K172895,2020,06K172895,2,9,0,18,19,7,3,0,0,0,0,0,0,0,1,1,6,6,1,34,6,-1,-1,-1,-1,2,E01004852,0,-1
202060Y019554,2020,60Y019554,1,9,0,18,19,1,5,0,0,0,1,0,0,0,1,1,6,6,1,67,10,-1,-1,-1,-1,-1,-1,0,-1
2020520004664,2020,520004664,1,9,0,18,19,3,7,0,0,0,0,0,7,0,1,1,6,6,1,31,6,-1,-1,-1,-1,1,E01015256,0,-1
2020400974858,2020,400974858,2,1,0,18,19,5,1,0,0,2,5,0,0,0,4,1,5,6,1,39,7,-1,-1,-1,-1,8,E01017376,0,-1
2020370923686,2020,370923686,3,9,0,18,19,4,2,0,0,0,1,0,0,0,1,1,6,6,3,-1,-1,-1,-1,-1,-1,-1,-1,0,-1
202006M269810,2020,06M269810,1,9,0,18,19,5,1,0,0,8,0,0,0,0,4,1,6,6,2,45,7,-1,-1,-1,-1,3,E01006177,0,-1
20201376H0704,2020,1376H0704,1,9,0,9,9,1,5,0,0,8,0,0,0,0,3,1,1,1,1,34,6,-1,-1,-1,-1,8,E01011938,0,-1
2020411008981,2020,411008981,1,9,0,18,19,-1,-1,0,0,0,1,0,0,0,-1,1,6,6,3,-1,-1,-1,-1,-1,-1,-1,-1,0,-1
202031C009520,2020,31C009520,1,1,0,18,19,1,5,0,0,3,0,0,0,0,4,1,1,1,1,49,8,-1,-1,-1,-1,2,E01013918,0,-1
2020010273473,2020,010273473,1,9,9,99,99,9,9,99,99,9,9,99,9,99,9,9,6,6,2,27,6,-1,-1,-1,-1,8,E01001062,0,-1
2020010272471,2020,010272471,1,1,9,99,99,9,9,99,99,0,9,8,9,99,0,1,6,6,1,25,5,-1,-1,-1,-1,3,E01003171,0,-1
2020010259996,2020,010259996,2,1,0,15,15,1,5,0,0,0,0,0,0,0,1,1,1,1,1,31,6,-1,-1,-1,-1,2,E01001218,0,-1
2020302000389,2020,302000389,2,1,0,18,19,8,4,0,0,1,0,0,0,0,3,1,2,2,1,40,7,-1,-1,-1,-1,4,E01013515,0,-1
2020332000663,2020,332000663,1,17,0,18,19,4,8,0,0,0,5,0,1,0,4,1,1,1,1,62,9,-1,-1,-1,-1,7,E01013794,0,-1
2020410941353,2020,410941353,2,1,0,7,7,1,5,0,0,1,0,0,0,0,1,1,6,6,2,7,2,-1,-1,-1,-1,-1,-1,0,-1
2020440079586,2020,440079586,2,21,1,12,12,7,3,0,0,0,0,0,0,0,3,2,1,1,1,60,9,-1,-1,-1,-1,-1,-1,0,-1
2020070197954,2020,070197954,1,1,0,18,19,2,6,0,0,1,0,0,0,0,4,1,1,1,1,24,5,-1,-1,-1,-1,2,E01012412,0,-1
2020470985276,2020,470985276,2,1,0,18,19,6,2,0,0,3,0,0,0,0,4,1,6,6,1,68,10,-1,-1,-1,-1,6,E01031636,0,-1
202031C080920,2020,31C080920,1,9,0,18,19,2,6,0,0,1,0,0,0,0,1,1,6,6,3,-1,-1,-1,-1,-1,-1,-1,-1,0,-1
2020470936636,2020,470936636,2,1,0,18,19,7,3,0,0,8,0,0,0,0,1,1,5,6,1,72,10,-1,-1,-1,-1,5,E01021111,0,-1
2020302000957,2020,302000957,1,9,0,18,19,5,1,0,0,1,0,0,0,0,1,1,6,6,1,66,10,-1,-1,-1,-1,5,E01019744,0,-1
2020622100021,2020,622100021,2,1,0,9,9,7,5,0,0,5,0,0,0,0,2,1,6,6,1,48,8,-1,-1,-1,-1,10,W01001852,0,-1
2020010230589,2020,010230589,2,9,0,9,9,3,8,0,0,6,0,0,0,0,1,1,6,6,3,-1,-1,-1,-1,-1,-1,-1,-1,0,-1
2020040955441,2020,040955441,1,9,0,18,19,1,5,0,0,0,0,0,0,0,2,1,6,6,3,-1,-1,-1,-1,-1,-1,-1,-1,0,-1
2020070501085,2020,070501085,2,1,0,7,7,5,1,0,0,1,0,0,0,0,1,1,6,6,1,13,3,-1,-1,-1,-1,10,E01018663,0,-1
2020432003459,2020,432003459,1,1,0,18,19,5,1,0,0,2,0,0,0,0,1,1,6,6,1,23,5,-1,-1,-1,-1,-1,-1,0,-1
2020010249174,2020,010249174,2,1,0,18,19,1,5,0,0,1,0,10,0,0,0,-1,2,2,1,60,9,-1,-1,-1,-1,9,E01001281,0,-1
2020302000885,2020,302000885,2,1,0,18,19,6,2,0,0,1,0,0,0,0,0,1,6,6,1,16,4,-1,-1,-1,-1,5,E01013545,0,-1
2020360954991,2020,360954991,2,1,0,12,12,-1,-1,0,0,4,0,0,0,0,2,1,5,6,1,14,3,-1,-1,-1,-1,3,E01026632,0,-1
2020420996272,2020,420996272,1,9,0,18,19,7,3,0,0,1,0,0,0,0,1,1,6,6,3,-1,-1,-1,-1,-1,-1,-1,-1,0,-1
2020420999953,2020,420999953,1,9,0,18,19,3,7,0,0,0,0,0,0,0,4,1,5,6,1,68,10,-1,-1,-1,-1,7,E01021867,0,-1
2020351001167,2020,351001167,1,1,0,5,5,1,5,9,9,6,0,0,0,0,1,1,6,6,3,-1,-1,-1,-1,-1,-1,-1,-1,0,-1
2020440374320,2020,440374320,2,9,0,18,19,7,3,0,0,8,0,0,0,0,4,1,6,6,1,48,8,-1,-1,-1,-1,7,E01032663,0,-1