collision_index,collision_year,collision_ref_no,vehicle_reference,vehicle_type,towing_and_articulation,vehicle_manoeuvre_historic,vehicle_manoeuvre,vehicle_direction_from,vehicle_direction_to,vehicle_location_restricted_lane_historic,vehicle_location_restricted_lane,junction_location,skidding_and_overturning,hit_object_in_carriageway,vehicle_leaving_carriageway,hit_object_off_carriageway,first_point_of_impact,vehicle_left_hand_drive,journey_purpose_of_driver_historic,journey_purpose_of_driver,sex_of_driver,age_of_driver,age_band_of_driver,engine_capacity_cc,propulsion_code,age_of_vehicle,generic_make_model,driver_imd_decile,lsoa_of_driver,escooter_flag,driver_distance_banding
2020122100117,2020,122100117,2,1,0,16,19,5,1,0,0,0,0,0,0,0,4,1,6,6,1,45,7,-1,-1,-1,-1,10,E01027718,0,-1
2020302000366,2020,302000366,2,1,0,18,19,8,4,0,0,8,0,0,0,0,1,1,6,6,1,51,8,-1,-1,-1,-1,6,E01019551,0,-1
202060Y126486,2020,60Y126486,1,9,0,4,4,3,7,0,0,0,0,0,0,0,1,1,6,6,1,43,7,-1,-1,-1,-1,-1,-1,0,-1
2020010256209,2020,010256209,2,90,0,5,5,1,5,9,9,1,0,0,0,0,1,1,6,6,1,16,4,-1,-1,-1,-1,6,E01001272,0,-1
202006F172483,2020,06F172483,2,1,0,18,19,1,5,0,0,8,0,0,0,0,3,1,6,6,1,47,8,-1,-1,-1,-1,6,E01005620,0,-1
2020010248149,2020,010248149,1,1,0,18,19,1,5,0,0,4,0,0,0,0,1,1,6,6,1,36,7,-1,-1,-1,-1,5,E01003681,0,-1
2020470945638,2020,470945638,2,19,0,2,2,0,0,0,0,8,0,0,0,0,3,1,6,6,3,-1,-1,-1,-1,-1,-1,-1,-1,0,-1
2020332000628,2020,332000628,2,9,0,2,2,0,0,0,0,0,0,0,0,0,2,1,6,6,1,45,7,-1,-1,-1,-1,2,E01013870,0,-1
2020440012138,2020,440012138,1,9,0,9,9,8,7,0,0,8,0,0,0,0,4,1,2,2,1,46,8,-1,-1,-1,-1,2,E01017253,0,-1
2020137BM0051,2020,137BM0051,1,9,0,18,19,5,3,0,0,0,1,0,0,0,4,1,6,6,1,30,6,-1,-1,-1,-1,-1,-1,0,-1
2020440091167,2020,440091167,2,9,0,9,9,3,1,0,0,8,0,0,0,0,4,1,6,6,3,-1,-1,-1,-1,-1,-1,-1,-1,0,-1
2020010276576,2020,010276576,1,9,0,1,1,7,5,0,0,1,0,0,0,0,1,1,6,6,1,40,7,-1,-1,-1,-1,-1,-1,0,-1
2020010233079,2020,010233079,1,1,9,99,99,9,9,0,0,1,9,99,9,99,1,1,1,1,1,36,7,-1,-1,-1,-1,1,E01003318,0,-1
2020460974088,2020,460974088,1,19,5,9,9,1,6,0,0,6,0,0,0,0,0,1,6,6,1,65,9,-1,-1,-1,-1,8,E01024045,0,-1
2020332000666,2020,332000666,1,9,0,9,9,8,6,0,0,4,0,0,0,0,1,1,1,1,2,79,11,-1,-1,-1,-1,10,E01025902,0,-1
2020052000106,2020,052000106,2,9,0,9,9,7,5,0,0,8,0,0,1,11,4,1,6,6,2,71,10,-1,-1,-1,-1,6,E01006951,0,-1
2020350984686,2020,350984686,2,1,0,18,19,1,5,0,0,1,5,0,0,0,4,1,5,6,1,50,8,-1,-1,-1,-1,4,E01015667,0,-1
2020070038789,2020,070038789,1,1,0,18,19,3,7,0,0,0,0,0,0,0,1,1,6,6,1,5,1,-1,-1,-1,-1,3,E01018446,0,-1
2020332000904,2020,332000904,1,9,0,9,9,3,1,0,0,5,1,0,2,0,1,1,6,6,2,20,4,-1,-1,-1,-1,10,E01025773,0,-1
2020470959270,2020,470959270,1,1,0,18,19,8,4,0,0,8,0,0,0,0,4,1,2,2,2,20,4,-1,-1,-1,-1,10,E01031578,0,-1
2020360942780,2020,360942780,2,1,0,18,19,5,1,0,0,0,0,0,0,0,1,1,6,6,2,29,6,-1,-1,-1,-1,9,E01026576,0,-1
2020471005902,2020,471005902,2,1,0,18,19,4,8,0,0,8,0,0,0,0,1,1,5,6,1,73,10,-1,-1,-1,-1,10,E01020940,0,-1
2020070414423,2020,070414423,1,1,0,18,19,1,5,0,0,8,0,0,0,0,4,1,6,6,1,16,4,-1,-1,-1,-1,2,E01012377,0,-1
2020411015398,2020,411015398,3,98,1,18,19,1,5,0,0,0,0,0,0,0,3,1,1,1,1,31,6,-1,-1,-1,-1,-1,-1,0,-1
202006P179189,2020,06P179189,1,9,0,9,9,2,1,0,0,1,0,0,0,0,1,1,6,6,1,30,6,-1,-1,-1,-1,-1,-1,0,-1
2020010257553,2020,010257553,1,1,9,99,99,9,9,99,99,9,9,99,9,99,1,1,6,6,1,32,6,-1,-1,-1,-1,6,E01001393,0,-1
2020400982613,2020,400982613,2,1,0,18,19,1,5,0,0,0,0,0,0,0,2,1,6,6,1,70,10,-1,-1,-1,-1,8,E01017583,0,-1
2020010239164,2020,010239164,1,11,0,18,19,1,5,0,0,5,0,0,0,0,0,1,6,6,1,60,9,-1,-1,-1,-1,-1,-1,0,-1
2020200990582,2020,200990582,2,97,0,18,19,2,6,0,0,8,0,0,0,0,1,1,6,6,1,16,4,-1,-1,-1,-1,1,E01009979,0,-1
2020010279668,2020,010279668,1,1,9,99,99,9,9,99,99,9,9,99,9,99,9,1,2,2,1,22,5,-1,-1,-1,-1,6,E01000306,0,-1
2020460953664,2020,460953664,1,9,0,18,19,5,1,0,0,0,0,0,0,0,1,1,6,6,3,-1,-1,-1,-1,-1,-1,-1,-1,0,-1
2020500933985,2020,500933985,1,9,0,1,1,1,5,0,0,4,1,0,0,0,1,1,5,6,1,33,6,-1,-1,-1,-1,2,E01015262,0,-1
2020010260650,2020,010260650,1,1,0,14,14,7,3,0,0,2,0,0,0,0,0,1,6,6,1,60,9,-1,-1,-1,-1,7,E01001380,0,-1
2020137A70352,2020,137A70352,1,9,0,18,19,1,5,0,0,0,0,0,0,0,1,1,6,6,3,-1,-1,-1,-1,-1,-1,-1,-1,0,-1
2020160982648,2020,160982648,2,1,0,18,19,4,8,0,0,0,0,0,0,0,3,1,5,6,1,12,3,-1,-1,-1,-1,3,E01013310,0,-1
20201377S1089,2020,1377S1089,1,9,0,18,19,3,7,0,0,1,0,0,0,0,1,1,6,6,3,-1,-1,-1,-1,-1,-1,-1,-1,0,-1
2020010231331,2020,010231331,2,1,0,18,19,3,7,0,0,0,0,0,1,0,1,1,6,6,1,26,6,-1,-1,-1,-1,-1,-1,0,-1
2020160983896,2020,160983896,3,9,0,2,2,0,0,0,0,2,0,0,0,0,2,1,6,6,3,-1,-1,-1,-1,-1,-1,-1,-1,0,-1
2020140984736,2020,140984736,2,9,0,18,19,1,5,0,0,1,0,0,0,0,1,1,6,6,3,-1,-1,-1,-1,-1,-1,-1,-1,0,-1
2020010240365,2020,010240365,2,9,9,99,99,9,9,99,99,8,9,99,9,99,9,9,6,6,3,-1,-1,-1,-1,-1,-1,-1,-1,0,-1
2020010249248,2020,010249248,1,1,9,99,99,9,9,99,99,9,9,99,9,99,1,1,6,6,1,29,6,-1,-1,-1,-1,-1,-1,0,-1
2020010240686,2020,010240686,1,1,0,15,15,1,5,2,2,1,0,0,0,0,1,1,2,2,1,46,8,-1,-1,-1,-1,4,E01003123,0,-1
2020010241376,2020,010241376,2,1,0,18,19,5,1,9,9,6,0,0,0,0,3,1,6,6,1,69,10,-1,-1,-1,-1,4,E01004339,0,-1
2020522001330,2020,522001330,1,1,0,18,19,2,6,4,4,0,0,0,0,0,1,1,6,6,2,42,7,-1,-1,-1,-1,6,E01014677,0,-1
2020460973246,2020,460973246,2,1,0,18,19,4,8,0,0,0,0,0,0,0,3,1,5,6,1,48,8,-1,-1,-1,-1,7,E01000797,0,-1
202006F276295,2020,06F276295,1,10,5,5,5,4,8,0,0,0,0,0,0,0,1,1,6,6,1,20,4,-1,-1,-1,-1,-1,-1,0,-1
2020140990809,2020,140990809,2,9,0,5,5,5,1,5,5,0,0,0,0,0,4,1,2,2,1,35,6,-1,-1,-1,-1,2,E01007405,0,-1
2020160997689,2020,160997689,1,98,0,12,12,2,6,0,0,0,0,0,0,0,1,1,6,6,1,35,6,-1,-1,-1,-1,-1,-1,0,-1
202060Y013797,2020,60Y013797,1,9,0,17,19,2,7,0,0,0,0,0,0,0,1,1,6,6,1,61,9,-1,-1,-1,-1,-1,-1,0,-1
2020500930783,2020,500930783,2,1,0,18,19,6,2,0,0,0,0,0,0,0,4,1,5,6,2,51,8,-1,-1,-1,-1,8,E01015097,0,-1
2020400981120,2020,400981120,2,9,0,18,19,8,6,0,0,1,0,0,0,0,1,1,5,6,2,48,8,-1,-1,-1,-1,2,E01015760,0,-1
2020522002460,2020,522002460,2,1,0,16,19,6,8,0,0,0,0,0,0,0,1,1,6,6,1,63,9,-1,-1,-1,-1,-1,-1,0,-1
2020450954260,2020,450954260,1,1,0,4,4,1,4,0,0,5,2,0,0,0,0,1,5,6,2,22,5,-1,-1,-1,-1,10,E01030797,0,-1
2020040987042,2020,040987042,1,98,0,18,19,5,1,0,0,0,0,0,0,0,3,1,6,6,1,51,8,-1,-1,-1,-1,3,E01025356,0,-1
2020137B30190,2020,137B30190,2,9,0,18,19,8,4,0,0,6,0,0,0,0,3,1,6,6,1,-1,-1,-1,-1,-1,-1,1,E01010666,0,-1
2020470958288,2020,470958288,2,1,0,18,19,7,3,0,0,8,0,0,0,0,1,1,6,6,2,61,9,-1,-1,-1,-1,4,E01016871,0,-1
2020220933350,2020,220933350,1,19,0,9,9,1,7,0,0,4,0,0,0,0,0,1,6,6,3,27,6,-1,-1,-1,-1,-1,-1,0,-1
2020420947866,2020,420947866,2,9,0,2,2,7,3,0,0,0,0,0,0,0,3,1,6,6,3,-1,-1,-1,-1,-1,-1,-1,-1,0,-1
2020010258275,2020,010258275,2,9,0,99,99,9,9,99,99,9,9,99,9,99,9,9,6,6,3,-1,-1,-1,-1,-1,-1,-1,-1,0,-1
2020010256615,2020,010256615,1,9,9,99,99,9,9,99,99,1,9,99,9,99,9,9,6,6,3,-1,-1,-1,-1,-1,-1,-1,-1,0,-1
2020010266119,2020,010266119,1,1,9,99,99,9,9,99,99,9,9,99,9,99,0,1,2,2,1,41,7,-1,-1,-1,-1,4,E01003934,0,-1
2020141000700,2020,141000700,2,9,0,-1,-1,-1,-1,-1,-1,0,-1,-1,-1,0,-1,1,6,6,3,-1,-1,-1,-1,-1,-1,-1,-1,0,-1
2020552000116,2020,552000116,1,9,0,18,19,1,5,0,0,0,1,0,8,4,1,1,6,6,1,17,4,-1,-1,-1,-1,7,E01020390,0,-1
2020420971751,2020,420971751,1,4,0,18,19,7,3,0,0,0,0,0,0,0,0,1,6,6,2,33,6,-1,-1,-1,-1,8,E01021690,0,-1
2020070271967,2020,070271967,2,1,0,16,19,1,6,0,0,4,0,0,0,0,1,1,2,2,1,21,5,-1,-1,-1,-1,9,E01012568,0,-1
2020010252552,2020,010252552,2,1,0,18,19,4,8,0,0,6,5,0,0,0,2,-1,6,6,1,39,7,-1,-1,-1,-1,5,E01033708,0,-1
2020230931776,2020,230931776,1,9,0,6,6,3,3,0,0,8,0,0,0,0,1,1,6,6,3,34,6,-1,-1,-1,-1,-1,-1,0,-1
2020440183062,2020,440183062,1,9,0,18,19,6,2,0,0,0,0,0,0,0,1,1,6,6,2,49,8,-1,-1,-1,-1,6,E01023070,0,-1
2020052001033,2020,052001033,2,1,0,18,19,3,7,0,0,2,0,4,0,0,1,1,2,2,1,32,6,-1,-1,-1,-1,9,E01006597,0,-1
2020010251982,2020,010251982,2,1,0,12,12,5,1,0,0,3,0,0,0,0,2,1,6,6,2,36,7,-1,-1,-1,-1,5,E01002520,0,-1
2020010230672,2020,010230672,1,1,9,99,99,9,9,99,99,9,9,99,9,99,2,1,2,2,1,56,9,-1,-1,-1,-1,8,E01004072,0,-1
2020350993075,2020,350993075,2,1,0,18,19,2,5,0,0,0,0,0,0,0,3,1,5,6,1,70,10,-1,-1,-1,-1,9,E01015646,0,-1
202006K376084,2020,06K376084,2,5,0,18,19,5,1,0,0,8,0,0,0,0,1,1,6,6,1,62,9,-1,-1,-1,-1,1,E01004866,0,-1
2020332000758,2020,332000758,1,9,0,9,9,4,2,0,0,6,0,0,0,0,1,1,1,1,1,30,6,-1,-1,-1,-1,8,E01025958,0,-1
2020340C03232,2020,340C03232,2,1,0,18,19,4,8,0,0,4,0,0,0,0,4,1,6,6,1,35,6,-1,-1,-1,-1,3,E01026976,0,-1
2020332000766,2020,332000766,1,3,0,13,13,6,2,0,0,0,1,0,0,0,1,1,6,6,1,23,5,-1,-1,-1,-1,6,E01031207,0,-1
2020430227390,2020,430227390,1,1,0,7,7,6,1,0,0,3,0,0,0,0,2,1,6,6,1,41,7,-1,-1,-1,-1,-1,-1,0,-1
2020160915028,2020,160915028,1,8,0,18,19,4,7,0,0,0,0,0,0,0,1,1,1,1,1,37,7,-1,-1,-1,-1,-1,-1,0,-1
2020991016099,2020,991016099,3,9,0,2,2,0,0,0,0,0,0,0,0,0,2,1,6,6,3,-1,-1,-1,-1,-1,-1,-1,-1,0,-1
202031B156020,2020,31B156020,1,1,0,18,19,4,8,0,0,1,1,0,0,0,0,1,6,6,1,71,10,-1,-1,-1,-1,4,E01028335,0,-1
2020470947644,2020,470947644,2,1,0,18,19,4,8,0,0,3,0,0,0,0,4,1,5,6,1,62,9,-1,-1,-1,-1,7,E01020961,0,-1
202006K268478,2020,06K268478,2,9,0,4,4,1,5,0,0,0,0,0,0,0,2,1,6,6,2,47,8,-1,-1,-1,-1,-1,-1,0,-1
2020420975788,2020,420975788,2,1,0,9,9,7,5,0,0,0,0,0,0,0,2,1,2,2,1,34,6,-1,-1,-1,-1,3,E01015854,0,-1
2020010252876,2020,010252876,1,9,0,18,19,1,5,0,0,6,0,0,0,0,1,1,6,6,3,-1,-1,-1,-1,-1,-1,-1,-1,0,-1
2020010251173,2020,010251173,1,1,9,99,99,9,9,99,99,9,9,99,9,99,1,1,2,2,1,24,5,-1,-1,-1,-1,2,E01000904,0,-1
2020440355188,2020,440355188,2,1,0,18,19,8,4,0,0,0,0,0,0,0,3,1,3,7,2,11,3,-1,-1,-1,-1,3,E01022485,0,-1
202054A298020,2020,54A298020,3,8,0,4,4,2,6,0,0,0,0,0,0,0,2,1,1,1,1,54,8,-1,-1,-1,-1,3,E01017020,0,-1
2020010250981,2020,010250981,2,9,0,99,99,9,9,99,99,0,9,99,9,99,0,9,6,6,3,-1,-1,-1,-1,-1,-1,-1,-1,0,-1
2020010282704,2020,010282704,2,9,0,99,99,9,9,99,99,9,9,99,9,99,1,9,6,6,3,-1,-1,-1,-1,-1,-1,-1,-1,0,-1
2020220951140,2020,220951140,1,1,0,18,19,5,1,0,0,6,0,0,0,0,1,1,5,6,1,30,6,-1,-1,-1,-1,-1,-1,0,-1
2020010268171,2020,010268171,1,1,9,99,99,9,9,99,99,9,9,99,9,99,1,1,6,6,2,27,6,-1,-1,-1,-1,6,E01003100,0,-1
2020010270158,2020,010270158,2,3,0,18,19,1,5,0,0,8,0,0,0,0,1,1,6,6,1,30,6,-1,-1,-1,-1,-1,-1,0,-1
2020541147420,2020,541147420,2,9,0,18,19,3,6,0,0,1,0,0,0,0,2,1,6,6,1,19,4,-1,-1,-1,-1,4,E01020217,0,-1
2020332001121,2020,332001121,1,19,0,18,19,5,1,0,0,0,0,0,0,0,0,1,6,6,1,26,6,-1,-1,-1,-1,-1,-1,0,-1
2020052000022,2020,052000022,1,9,0,18,19,1,5,0,0,8,0,0,0,0,4,1,6,6,1,54,8,-1,-1,-1,-1,4,W01000009,0,-1
2020010254874,2020,010254874,1,1,0,99,99,9,9,0,0,8,0,0,0,0,4,1,6,6,1,84,11,-1,-1,-1,-1,3,E01002610,0,-1
2020450969318,2020,450969318,2,9,0,18,19,3,7,0,0,0,1,0,0,0,1,1,6,6,1,35,6,-1,-1,-1,-1,-1,-1,0,-1
2020340W03742,2020,340W03742,1,19,0,18,19,7,3,0,0,6,0,0,0,0,1,1,2,2,1,51,8,-1,-1,-1,-1,8,E01027335,0,-1
202060Y151678,2020,60Y151678,2,9,0,17,19,5,1,0,0,1,0,0,0,0,3,1,6,6,2,29,6,-1,-1,-1,-1,-1,-1,0,-1
2020460981301,2020,460981301,2,1,0,18,19,3,7,0,0,1,0,0,0,0,1,1,6,6,1,-1,-1,-1,-1,-1,-1,3,E01024596,0,-1
2020010243516,2020,010243516,1,3,0,9,9,2,8,0,0,4,9,0,0,99,3,1,6,6,1,31,6,-1,-1,-1,-1,4,E01001090,0,-1
2020430015006,2020,430015006,1,9,0,18,19,1,5,0,0,1,0,0,0,0,4,1,6,6,1,40,7,-1,-1,-1,-1,-1,-1,0,-1
2020010283651,2020,010283651,1,-1,0,18,19,1,5,0,0,8,0,0,0,0,3,1,1,1,1,18,4,-1,-1,-1,-1,3,E01003372,1,-1
2020450970826,2020,450970826,3,9,0,3,3,1,3,0,0,0,0,0,0,0,2,1,6,6,3,46,8,-1,-1,-1,-1,-1,-1,0,-1
2020552000500,2020,552000500,2,1,0,18,19,3,7,0,0,8,0,0,0,0,1,1,6,6,1,12,3,-1,-1,-1,-1,6,E01020471,0,-1
2020200931663,2020,200931663,2,9,0,18,19,3,7,0,0,1,0,0,0,0,1,1,6,6,3,-1,-1,-1,-1,-1,-1,-1,-1,0,-1
2020010281445,2020,010281445,2,9,0,99,99,9,9,99,99,0,9,99,9,99,1,9,6,6,3,38,7,-1,-1,-1,-1,8,E01000116,0,-1
2020110918459,2020,110918459,1,9,0,18,19,5,1,0,0,1,0,0,0,0,1,1,6,6,3,30,6,-1,-1,-1,-1,-1,-1,0,-1
2020552000978,2020,552000978,1,1,0,18,19,1,5,0,0,0,0,0,0,0,1,1,6,6,1,13,3,-1,-1,-1,-1,7,E01015354,0,-1
2020430253230,2020,430253230,1,9,0,18,19,3,8,0,0,0,0,0,0,0,0,1,6,6,3,-1,-1,-1,-1,-1,-1,-1,-1,0,-1
2020440448621,2020,440448621,2,1,0,9,9,2,7,0,0,8,0,0,0,0,1,1,6,6,2,62,9,-1,-1,-1,-1,8,E01023084,0,-1
202031B076820,2020,31B076820,1,23,0,18,19,1,5,9,9,0,0,0,0,0,1,1,6,6,2,-1,-1,-1,-1,-1,-1,1,E01028055,0,-1
2020360942295,2020,360942295,2,1,0,18,19,3,6,0,0,1,0,0,0,0,1,1,1,1,2,50,8,-1,-1,-1,-1,7,E01026835,0,-1
2020010287064,2020,010287064,2,1,0,99,99,9,9,0,0,4,0,0,0,0,2,1,6,6,2,38,7,-1,-1,-1,-1,4,E01003114,0,-1
2020040937475,2020,040937475,1,9,0,18,19,4,8,0,0,2,0,0,0,0,1,1,6,6,3,-1,-1,-1,-1,-1,-1,-1,-1,0,-1
2020440289597,2020,440289597,2,1,0,18,19,3,7,0,0,8,0,0,0,0,1,1,6,6,2,24,5,-1,-1,-1,-1,8,E01017069,0,-1
2020010249895,2020,010249895,2,1,0,12,12,3,7,0,0,0,0,0,0,0,4,1,6,6,1,37,7,-1,-1,-1,-1,4,E01000155,0,-1
2020470916505,2020,470916505,1,9,4,12,12,4,8,0,0,0,0,0,0,0,1,1,1,1,1,18,4,-1,-1,-1,-1,8,E01021041,0,-1
2020010261473,2020,010261473,1,1,0,18,19,2,6,0,0,0,1,0,0,0,0,1,6,6,1,14,3,-1,-1,-1,-1,2,E01002831,0,-1
2020610049620,2020,610049620,1,9,0,18,19,1,5,0,0,0,0,0,0,0,1,1,1,1,1,23,5,-1,-1,-1,-1,9,W01001434,0,-1
2020071025753,2020,071025753,1,98,0,4,4,8,4,0,0,8,0,0,1,0,1,1,6,6,1,-1,-1,-1,-1,-1,-1,-1,-1,0,-1
2020010262784,2020,010262784,1,1,9,99,99,9,9,99,99,9,9,99,9,99,0,1,6,6,1,26,6,-1,-1,-1,-1,7,E01000217,0,-1
2020400973941,2020,400973941,4,20,0,2,2,4,7,9,9,1,0,0,0,0,4,1,5,6,2,29,6,-1,-1,-1,-1,2,E01015794,0,-1
2020010283182,2020,010283182,2,1,0,3,3,5,1,0,0,1,0,4,1,0,2,1,6,6,2,43,7,-1,-1,-1,-1,2,E01004524,0,-1
2020540960320,2020,540960320,2,9,0,18,19,8,4,0,0,1,0,0,0,0,1,1,6,6,1,23,5,-1,-1,-1,-1,2,E01032064,0,-1
2020350930435,2020,350930435,2,1,0,18,19,7,3,0,0,0,0,0,0,0,3,1,6,6,1,27,6,-1,-1,-1,-1,7,E01018082,0,-1
2020010244372,2020,010244372,1,1,9,8,8,1,2,99,99,9,9,99,9,99,9,1,6,6,2,62,9,-1,-1,-1,-1,3,E01001747,0,-1
202054C684820,2020,54C684820,2,9,0,18,19,5,2,0,0,5,5,0,0,0,0,1,6,6,1,17,4,-1,-1,-1,-1,8,E01015557,0,-1
2020440301541,2020,440301541,2,1,0,3,3,8,5,0,0,5,0,0,0,0,2,1,6,6,1,61,9,-1,-1,-1,-1,9,E01022971,0,-1
2020530918250,2020,530918250,3,9,0,2,2,0,0,9,9,0,0,0,0,0,3,1,6,6,3,-1,-1,-1,-1,-1,-1,-1,-1,0,-1
2020541304720,2020,541304720,2,9,0,18,19,3,7,0,0,0,0,0,1,6,3,1,6,6,1,20,4,-1,-1,-1,-1,8,E01032690,0,-1
2020010280937,2020,010280937,2,9,0,99,99,9,9,99,99,0,9,99,9,99,1,9,6,6,3,-1,-1,-1,-1,-1,-1,-1,-1,0,-1
2020200995521,2020,200995521,2,1,0,18,19,8,4,4,4,8,0,0,0,0,1,1,6,6,2,21,5,-1,-1,-1,-1,8,E01010553,0,-1
2020430274583,2020,430274583,1,9,0,7,7,5,7,0,0,5,0,0,0,0,4,1,1,1,1,31,6,-1,-1,-1,-1,8,E01017886,0,-1
2020010252726,2020,010252726,1,1,9,99,99,9,9,99,99,9,9,99,9,99,9,1,6,6,1,28,6,-1,-1,-1,-1,5,E01003941,0,-1
2020421010415,2020,421010415,1,9,0,7,7,5,1,0,0,1,0,0,0,0,1,1,6,6,3,-1,-1,-1,-1,-1,-1,-1,-1,0,-1
2020010263275,2020,010263275,3,9,0,12,12,6,2,0,0,0,0,0,0,0,1,1,6,6,1,34,6,-1,-1,-1,-1,4,E01015606,0,-1
2020332000929,2020,332000929,1,9,0,7,7,7,1,0,0,6,0,0,0,0,1,1,6,6,1,20,4,-1,-1,-1,-1,3,E01013611,0,-1
2020332000406,2020,332000406,1,9,0,5,5,4,8,0,0,6,0,0,0,0,1,1,6,6,2,33,6,-1,-1,-1,-1,2,E01013716,0,-1
2020040941441,2020,040941441,2,16,0,18,19,7,3,0,0,0,0,0,0,0,0,1,5,6,2,29,6,-1,-1,-1,-1,8,E01012611,0,-1
2020070118937,2020,070118937,1,9,0,4,4,1,5,0,0,0,0,0,0,0,1,1,6,6,2,61,9,-1,-1,-1,-1,7,E01006867,0,-1
2020160980374,2020,160980374,1,1,0,18,19,2,6,0,0,1,0,0,0,0,3,1,6,6,1,5,1,-1,-1,-1,-1,-1,-1,0,-1
2020549032320,2020,549032320,2,9,0,9,9,5,3,0,0,8,0,0,0,0,3,1,6,6,1,42,7,-1,-1,-1,-1,10,E01031948,0,-1
2020471009072,2020,471009072,2,1,0,18,19,5,1,0,0,1,0,0,0,0,1,1,6,6,1,20,4,-1,-1,-1,-1,6,E01031839,0,-1
2020010260141,2020,010260141,1,9,0,7,7,5,7,0,0,1,0,0,0,0,1,1,6,6,3,-1,-1,-1,-1,-1,-1,-1,-1,0,-1
2020010237387,2020,010237387,2,1,0,5,5,7,3,0,0,1,0,0,0,0,4,1,6,6,2,53,8,-1,-1,-1,-1,3,E01003135,0,-1
2020332000696,2020,332000696,1,9,0,18,19,2,6,0,0,0,0,0,0,0,2,1,6,6,1,27,6,-1,-1,-1,-1,3,E01013626,0,-1
202060Y132410,2020,60Y132410,1,9,0,18,19,8,4,0,0,0,0,0,1,0,0,1,6,6,2,23,5,-1,-1,-1,-1,-1,-1,0,-1
2020010268257,2020,010268257,2,1,0,18,19,3,7,9,9,8,1,0,0,0,3,1,1,1,2,30,6,-1,-1,-1,-1,-1,-1,0,-1
2020201002932,2020,201002932,1,9,0,5,5,3,7,0,0,6,0,0,0,0,1,1,6,6,2,-1,-1,-1,-1,-1,-1,-1,-1,0,-1
2020010250296,2020,010250296,2,1,0,14,14,7,3,0,0,0,0,0,0,0,1,1,6,6,1,15,3,-1,-1,-1,-1,7,E01002060,0,-1
2020451006409,2020,451006409,1,9,0,18,19,5,1,0,0,0,0,0,4,6,1,1,5,6,1,27,6,-1,-1,-1,-1,8,E01003004,0,-1
20201378L1306,2020,1378L1306,2,1,0,9,9,2,7,0,0,0,0,0,0,0,3,1,6,6,1,12,3,-1,-1,-1,-1,4,E01010602,0,-1
2020010242150,2020,010242150,1,1,0,18,19,7,3,0,0,8,0,4,0,0,1,1,6,6,1,34,6,-1,-1,-1,-1,-1,-1,0,-1
2020470975189,2020,470975189,1,17,0,18,19,7,3,0,0,0,0,0,0,0,-1,1,6,6,3,-1,-1,-1,-1,-1,-1,-1,-1,0,-1
2020010268137,2020,010268137,1,1,0,18,19,1,5,0,0,8,0,0,0,0,1,1,6,6,1,53,8,-1,-1,-1,-1,5,E01000843,0,-1
2020440323860,2020,440323860,2,1,0,18,19,7,3,5,5,8,0,0,0,0,3,1,6,6,1,86,11,-1,-1,-1,-1,3,E01017239,0,-1
2020220938877,2020,220938877,1,9,0,4,4,1,6,0,0,8,0,0,0,0,2,1,1,1,1,38,7,-1,-1,-1,-1,5,E01014060,0,-1
2020440468253,2020,440468253,2,21,0,17,19,5,1,0,0,8,0,0,0,0,3,1,1,1,1,46,8,-1,-1,-1,-1,-1,-1,0,-1
2020541687620,2020,541687620,2,19,0,18,19,2,6,0,0,0,0,0,0,0,1,1,1,1,2,50,8,-1,-1,-1,-1,10,E01029030,0,-1
2020470984676,2020,470984676,3,1,0,18,19,3,7,0,0,1,0,0,0,0,1,1,6,6,1,28,6,-1,-1,-1,-1,8,E01021030,0,-1
20201377K1281,2020,1377K1281,2,21,1,18,19,5,1,0,0,0,0,0,0,0,1,2,1,1,1,43,7,-1,-1,-1,-1,-1,-1,0,-1
2020531008797,2020,531008797,2,1,0,18,19,7,3,0,0,0,0,0,0,0,-1,1,6,6,2,16,4,-1,-1,-1,-1,-1,-1,0,-1
2020480968731,2020,480968731,2,1,0,3,3,3,7,0,0,1,0,0,0,0,2,1,5,6,1,29,6,-1,-1,-1,-1,2,E01003303,0,-1
2020430161855,2020,430161855,2,9,0,18,19,8,4,0,0,8,0,0,0,0,1,1,6,6,3,-1,-1,-1,-1,-1,-1,-1,-1,0,-1
2020140959485,2020,140959485,3,9,0,2,2,0,0,0,0,2,0,0,0,0,3,1,6,6,3,-1,-1,-1,-1,-1,-1,-1,-1,0,-1
202006G273264,2020,06G273264,1,3,0,16,19,8,2,0,0,0,2,0,0,0,1,1,6,6,1,20,4,-1,-1,-1,-1,-1,-1,0,-1
2020460944011,2020,460944011,2,1,0,18,19,1,5,0,0,4,0,0,0,0,4,1,2,2,1,59,9,-1,-1,-1,-1,3,E01016043,0,-1
2020010264387,2020,010264387,1,8,0,99,99,9,9,99,99,9,9,99,9,99,2,9,6,6,3,-1,-1,-1,-1,-1,-1,-1,-1,0,-1
2020100963875,2020,100963875,1,9,0,7,7,1,5,0,0,0,0,0,0,0,1,1,6,6,3,17,4,-1,-1,-1,-1,-1,-1,0,-1
2020210985086,2020,210985086,1,98,1,18,19,3,7,0,0,0,0,0,0,0,4,1,6,6,3,-1,-1,-1,-1,-1,-1,-1,-1,0,-1
2020470921067,2020,470921067,2,1,0,18,19,1,5,0,0,8,0,0,0,0,4,1,5,6,1,79,11,-1,-1,-1,-1,10,E01031383,0,-1
2020040936298,2020,040936298,1,9,0,5,5,5,1,0,0,0,0,0,0,0,1,1,6,6,3,-1,-1,-1,-1,-1,-1,-1,-1,0,-1
2020052001366,2020,052001366,1,9,0,18,19,5,1,0,0,8,0,0,0,0,1,1,6,6,1,69,10,-1,-1,-1,-1,1,E01007275,0,-1
2020010284550,2020,010284550,2,9,0,99,99,9,9,99,99,9,9,99,9,99,3,9,6,6,3,-1,-1,-1,-1,-1,-1,-1,-1,0,-1
20201374Q0971,2020,1374Q0971,1,1,0,18,19,7,3,0,0,0,0,0,0,0,1,1,6,6,1,28,6,-1,-1,-1,-1,1,E01010748,0,-1
2020440240403,2020,440240403,1,1,0,18,19,7,3,0,0,0,0,0,0,0,0,1,6,6,1,68,10,-1,-1,-1,-1,4,E01031435,0,-1
202060Y127630,2020,60Y127630,2,1,0,18,19,8,3,0,0,1,0,0,0,0,1,1,6,6,1,10,2,-1,-1,-1,-1,-1,-1,0,-1