collision_index,collision_year,collision_ref_no,vehicle_reference,vehicle_type,towing_and_articulation,vehicle_manoeuvre_historic,vehicle_manoeuvre,vehicle_direction_from,vehicle_direction_to,vehicle_location_restricted_lane_historic,vehicle_location_restricted_lane,junction_location,skidding_and_overturning,hit_object_in_carriageway,vehicle_leaving_carriageway,hit_object_off_carriageway,first_point_of_impact,vehicle_left_hand_drive,journey_purpose_of_driver_historic,journey_purpose_of_driver,sex_of_driver,age_of_driver,age_band_of_driver,engine_capacity_cc,propulsion_code,age_of_vehicle,generic_make_model,driver_imd_decile,lsoa_of_driver,escooter_flag,driver_distance_banding
2020122000841,2020,122000841,2,9,0,18,19,7,3,0,0,1,0,0,0,0,1,1,6,6,3,-1,-1,-1,-1,-1,-1,-1,-1,0,-1
202006J172053,2020,06J172053,1,9,0,4,4,1,5,0,0,8,0,0,0,0,1,1,6,6,1,30,6,-1,-1,-1,-1,-1,-1,0,-1
2020470972599,2020,470972599,1,9,0,9,9,1,7,0,0,8,0,0,0,0,1,1,5,6,1,68,10,-1,-1,-1,-1,8,E01031629,0,-1
2020122000297,2020,122000297,1,1,0,18,19,6,4,0,0,8,0,0,0,0,2,1,4,7,1,19,4,-1,-1,-1,-1,7,E01013364,0,-1
2020010246687,2020,010246687,2,9,0,18,19,3,7,0,0,1,0,0,0,0,1,2,1,1,1,44,7,-1,-1,-1,-1,3,E01000915,0,-1
20201376F1407,2020,1376F1407,1,9,0,18,19,3,8,0,0,0,0,0,0,0,1,1,6,6,1,-1,-1,-1,-1,-1,-1,2,E01011481,0,-1
2020220989081,2020,220989081,1,1,0,7,7,5,7,0,0,6,0,11,0,0,1,1,5,6,2,45,7,-1,-1,-1,-1,6,E01014093,0,-1
202031C126720,2020,31C126720,1,90,0,1,1,3,7,0,0,0,0,0,0,0,2,1,1,1,3,-1,-1,-1,-1,-1,-1,-1,-1,0,-1
202006K267849,2020,06K267849,2,9,0,17,19,6,3,0,0,8,0,0,0,0,4,1,6,6,2,27,6,-1,-1,-1,-1,3,E01004872,0,-1
20201376T0056,2020,1376T0056,3,9,0,18,19,0,0,0,0,0,0,0,0,0,2,1,6,6,1,28,6,-1,-1,-1,-1,1,E01033697,0,-1
2020543704320,2020,543704320,2,9,0,18,19,5,1,0,0,0,0,0,0,0,3,1,6,6,1,61,9,-1,-1,-1,-1,9,E01032020,0,-1
202031B070520,2020,31B070520,2,9,0,18,19,5,2,0,0,0,0,0,0,0,3,1,6,6,1,61,9,-1,-1,-1,-1,6,E01028326,0,-1
2020010275833,2020,010275833,4,9,0,18,19,3,7,0,0,0,0,0,0,0,0,1,6,6,3,-1,-1,-1,-1,-1,-1,-1,-1,0,-1
2020460996391,2020,460996391,1,9,0,4,4,5,3,0,0,1,0,0,0,0,1,1,6,6,3,-1,-1,-1,-1,-1,-1,-1,-1,0,-1
2020010282730,2020,010282730,1,21,1,12,12,7,3,0,0,2,0,0,0,0,1,2,1,1,1,60,9,-1,-1,-1,-1,-1,-1,0,-1
2020010282751,2020,010282751,2,1,0,18,19,1,5,0,0,1,0,0,0,0,4,1,6,6,2,49,8,-1,-1,-1,-1,3,E01001762,0,-1
2020010228551,2020,010228551,1,1,0,7,7,1,3,0,0,2,0,0,0,0,0,1,2,2,1,28,6,-1,-1,-1,-1,3,E01004038,0,-1
2020430298515,2020,430298515,2,1,0,7,7,2,4,0,0,1,0,0,0,0,1,1,6,6,1,32,6,-1,-1,-1,-1,6,E01028586,0,-1
2020100930809,2020,100930809,4,9,0,2,2,0,0,9,9,0,0,0,0,0,1,1,6,6,3,-1,-1,-1,-1,-1,-1,-1,-1,0,-1
2020460958224,2020,460958224,1,98,0,10,10,7,3,0,0,0,0,0,0,0,1,1,6,6,1,-1,-1,-1,-1,-1,-1,-1,-1,0,-1
2020440232342,2020,440232342,2,1,0,18,19,8,4,0,0,8,0,0,0,0,4,1,6,6,1,19,4,-1,-1,-1,-1,7,E01022946,0,-1
2020990963104,2020,990963104,2,9,0,2,2,0,0,0,0,0,0,0,0,0,2,1,6,6,3,-1,-1,-1,-1,-1,-1,-1,-1,0,-1
2020101009620,2020,101009620,1,1,0,18,19,3,7,0,0,8,0,0,0,0,0,1,6,6,1,42,7,-1,-1,-1,-1,-1,-1,0,-1
2020470970434,2020,470970434,1,1,0,18,19,8,4,0,0,0,0,0,0,0,3,1,2,2,1,40,7,-1,-1,-1,-1,5,E01031584,0,-1
2020410930306,2020,410930306,2,1,0,18,19,3,7,0,0,4,0,0,0,0,4,1,4,7,1,12,3,-1,-1,-1,-1,6,E01023545,0,-1
2020990997367,2020,990997367,1,9,0,9,9,8,5,0,0,1,0,0,0,0,1,1,6,6,1,52,8,-1,-1,-1,-1,4,-1,0,-1
2020430257043,2020,430257043,2,9,0,3,3,5,1,0,0,0,0,0,0,0,2,1,6,6,3,-1,-1,-1,-1,-1,-1,-1,-1,0,-1
2020160976353,2020,160976353,1,98,0,3,3,5,1,0,0,0,0,0,0,0,1,1,1,1,1,58,9,-1,-1,-1,-1,1,E01012779,0,-1
2020040978479,2020,040978479,3,98,0,2,2,0,0,9,9,1,0,0,0,0,4,1,6,6,3,-1,-1,-1,-1,-1,-1,-1,-1,0,-1
2020410963330,2020,410963330,1,9,0,18,19,1,5,0,0,8,0,0,1,0,1,1,6,6,1,18,4,-1,-1,-1,-1,8,E01023312,0,-1
2020010251805,2020,010251805,2,1,0,18,19,1,5,4,4,8,0,0,0,0,3,1,1,1,1,28,6,-1,-1,-1,-1,7,E01003371,0,-1
2020548982320,2020,548982320,1,9,0,7,7,5,7,0,0,5,0,0,0,0,1,1,6,6,2,33,6,-1,-1,-1,-1,8,E01031892,0,-1
2020100932444,2020,100932444,1,9,0,18,19,5,1,0,0,0,0,0,0,0,1,1,1,1,1,24,5,-1,-1,-1,-1,8,E01011605,0,-1
2020370938304,2020,370938304,1,9,0,18,19,7,3,0,0,0,0,0,1,4,1,1,2,2,1,31,6,-1,-1,-1,-1,5,E01030094,0,-1
2020160936879,2020,160936879,2,1,0,3,3,5,1,0,0,1,0,0,0,0,2,1,6,6,1,59,9,-1,-1,-1,-1,10,E01013068,0,-1
2020332000297,2020,332000297,1,9,0,17,19,5,2,0,0,0,2,10,1,0,3,1,6,6,1,28,6,-1,-1,-1,-1,8,E01025812,0,-1
2020010285897,2020,010285897,2,1,0,18,19,1,5,0,0,8,0,0,0,0,3,1,6,6,1,46,8,-1,-1,-1,-1,6,E01001563,0,-1
2020460994353,2020,460994353,2,9,0,1,1,0,0,0,0,0,0,4,0,0,1,1,6,6,3,-1,-1,-1,-1,-1,-1,-1,-1,0,-1
2020010248243,2020,010248243,1,9,0,6,6,6,6,0,0,0,9,0,0,99,1,9,6,6,1,-1,-1,-1,-1,-1,-1,-1,-1,0,-1
202060Y007518,2020,60Y007518,1,9,0,18,19,6,2,0,0,1,0,0,0,0,1,1,6,6,2,32,6,-1,-1,-1,-1,-1,-1,0,-1
2020320632867,2020,320632867,1,9,0,12,12,1,5,0,0,7,0,0,1,0,1,1,2,2,1,25,5,-1,-1,-1,-1,9,E01026355,0,-1
2020010250262,2020,010250262,2,19,0,18,19,1,5,99,99,9,9,99,9,99,9,9,6,6,3,-1,-1,-1,-1,-1,-1,10,E01022694,0,-1
2020030927064,2020,030927064,2,9,0,18,19,1,5,0,0,5,0,0,0,0,0,1,6,6,3,-1,-1,-1,-1,-1,-1,-1,-1,0,-1
202006K273046,2020,06K273046,1,1,0,17,19,1,6,0,0,0,1,0,0,0,1,1,6,6,1,31,6,-1,-1,-1,-1,2,E01024929,0,-1
2020610044320,2020,610044320,1,9,0,18,19,1,5,0,0,0,0,0,0,0,1,1,6,6,2,44,7,-1,-1,-1,-1,3,W01001489,0,-1
202031C085520,2020,31C085520,1,1,0,14,14,7,3,0,0,0,0,4,0,0,1,1,2,2,2,34,6,-1,-1,-1,-1,5,E01028171,0,-1
2020211025355,2020,211025355,1,9,0,18,19,1,5,0,0,0,0,0,0,0,3,1,6,6,2,25,5,-1,-1,-1,-1,3,E01029355,0,-1
2020010260097,2020,010260097,2,9,0,3,3,3,7,0,0,1,0,0,0,0,1,1,6,6,1,18,4,-1,-1,-1,-1,2,E01004013,0,-1
2020522100892,2020,522100892,2,9,0,9,9,1,6,0,0,6,0,0,0,0,3,1,1,1,1,40,7,-1,-1,-1,-1,10,E01014778,0,-1
2020350978452,2020,350978452,1,1,-1,18,19,1,5,0,0,1,0,10,0,0,1,1,6,6,1,20,4,-1,-1,-1,-1,9,E01018278,0,-1
2020030939575,2020,030939575,1,9,-1,9,9,6,8,-1,-1,0,0,0,0,0,0,1,6,6,3,-1,-1,-1,-1,-1,-1,-1,-1,0,-1
2020450916151,2020,450916151,1,9,0,18,19,1,5,0,0,0,0,0,0,0,1,1,6,6,3,45,7,-1,-1,-1,-1,-1,-1,0,-1
2020160982228,2020,160982228,2,9,0,5,5,5,1,0,0,0,0,0,0,0,1,1,6,6,1,-1,-1,-1,-1,-1,-1,-1,-1,0,-1
2020430345425,2020,430345425,2,9,0,18,19,6,2,0,0,8,1,0,0,0,4,1,6,6,1,19,4,-1,-1,-1,-1,7,E01016402,0,-1
2020420924443,2020,420924443,1,9,0,18,19,1,5,0,0,0,0,0,0,0,1,1,6,6,1,30,6,-1,-1,-1,-1,-1,-1,0,-1
2020010284460,2020,010284460,1,9,0,5,5,5,1,0,0,1,0,0,0,0,1,1,6,6,3,-1,-1,-1,-1,-1,-1,-1,-1,0,-1
2020137860486,2020,137860486,1,1,0,18,19,3,7,0,0,0,5,10,1,0,1,1,6,6,1,21,5,-1,-1,-1,-1,2,E01032502,0,-1
2020200953575,2020,200953575,1,9,0,18,19,8,4,0,0,1,0,0,0,0,2,1,6,6,3,-1,-1,-1,-1,-1,-1,-1,-1,0,-1
2020460969934,2020,460969934,1,9,0,7,7,5,8,0,0,6,0,0,0,0,0,1,6,6,3,-1,-1,-1,-1,-1,-1,-1,-1,0,-1
2020231007203,2020,231007203,2,1,0,18,19,8,4,0,0,0,0,0,0,0,3,1,5,6,1,40,7,-1,-1,-1,-1,10,E01031157,0,-1
2020450933935,2020,450933935,2,9,0,3,3,2,6,0,0,0,0,0,0,0,1,1,5,6,1,47,8,-1,-1,-1,-1,10,E01031681,0,-1
2020010258305,2020,010258305,1,1,9,99,99,9,9,99,99,9,9,99,9,99,9,1,6,6,2,28,6,-1,-1,-1,-1,4,E01003927,0,-1
2020137AN0737,2020,137AN0737,2,1,0,18,19,2,6,4,4,8,0,0,0,0,4,1,6,6,1,41,7,-1,-1,-1,-1,1,E01011339,0,-1
2020470954120,2020,470954120,3,9,0,2,2,0,0,0,0,0,0,0,0,0,3,1,6,6,3,-1,-1,-1,-1,-1,-1,-1,-1,0,-1
2020470970054,2020,470970054,1,9,0,18,19,2,6,9,9,0,0,0,1,0,1,1,6,6,3,-1,-1,-1,-1,-1,-1,-1,-1,0,-1
2020332001128,2020,332001128,1,9,0,18,19,6,2,0,0,1,0,0,0,0,0,1,6,6,1,28,6,-1,-1,-1,-1,-1,-1,0,-1
2020170S40200,2020,170S40200,1,1,0,18,19,6,2,4,4,8,0,0,0,0,4,1,6,6,2,49,8,-1,-1,-1,-1,6,E01012187,0,-1
2020400985307,2020,400985307,2,1,0,18,19,1,5,0,0,0,5,0,0,0,3,1,5,6,1,13,3,-1,-1,-1,-1,7,E01017548,0,-1
2020440328630,2020,440328630,1,9,0,18,19,7,3,0,0,0,0,0,0,0,1,1,6,6,1,75,10,-1,-1,-1,-1,6,E01023013,0,-1
2020200943699,2020,200943699,1,8,0,9,9,4,2,0,0,6,0,0,0,0,1,1,6,6,1,-1,-1,-1,-1,-1,-1,-1,-1,0,-1
2020010230310,2020,010230310,2,1,0,14,14,7,3,0,0,8,0,0,0,0,4,-1,2,2,1,44,7,-1,-1,-1,-1,4,E01000557,0,-1
2020440217682,2020,440217682,2,9,0,18,19,5,1,0,0,0,0,0,1,0,1,1,6,6,1,45,7,-1,-1,-1,-1,6,E01023162,0,-1
2020450962466,2020,450962466,2,1,0,18,19,3,7,0,0,5,0,0,0,0,2,1,5,6,1,24,5,-1,-1,-1,-1,6,E01030827,0,-1
2020332000488,2020,332000488,1,9,0,18,19,3,7,0,0,8,0,0,0,0,0,1,6,6,2,18,4,-1,-1,-1,-1,8,E01025770,0,-1
2020440360099,2020,440360099,2,1,0,5,5,6,2,0,0,0,0,0,0,0,2,1,4,7,2,13,3,-1,-1,-1,-1,7,E01032881,0,-1
2020990947452,2020,990947452,1,90,4,15,15,3,7,0,0,0,0,0,0,0,4,1,6,6,3,-1,-1,-1,-1,-1,-1,-1,-1,0,-1
2020010232993,2020,010232993,1,9,0,18,19,1,5,0,0,8,0,0,0,0,4,1,6,6,2,47,8,-1,-1,-1,-1,6,E01016506,0,-1
2020990937859,2020,990937859,2,1,0,18,19,5,1,0,0,8,0,0,0,0,1,1,2,2,1,41,7,-1,-1,-1,-1,7,-1,0,-1
2020541318920,2020,541318920,1,9,0,18,19,5,1,0,0,0,0,0,0,0,1,1,2,2,1,33,6,-1,-1,-1,-1,8,E01031939,0,-1
2020010239512,2020,010239512,2,19,0,99,99,9,9,99,99,9,9,99,9,99,9,9,6,6,3,-1,-1,-1,-1,-1,-1,-1,-1,0,-1
2020210929490,2020,210929490,2,1,0,18,19,5,1,0,0,8,0,0,0,0,1,1,1,1,1,55,8,-1,-1,-1,-1,-1,-1,0,-1
2020200945318,2020,200945318,3,9,0,2,2,0,0,0,0,0,0,0,0,0,2,1,6,6,3,-1,-1,-1,-1,-1,-1,-1,-1,0,-1
2020470986106,2020,470986106,2,1,0,14,14,7,3,0,0,0,0,0,0,0,4,1,2,2,1,52,8,-1,-1,-1,-1,4,E01031598,0,-1
202060Y114214,2020,60Y114214,2,9,0,18,19,5,1,0,0,1,1,0,0,0,3,1,6,6,1,21,5,-1,-1,-1,-1,-1,-1,0,-1
202060Y014651,2020,60Y014651,2,1,0,18,19,6,2,0,0,8,0,0,0,0,1,1,6,6,1,53,8,-1,-1,-1,-1,-1,-1,0,-1
20201378T1013,2020,1378T1013,2,9,0,18,19,5,1,0,0,8,0,0,0,0,1,1,6,6,2,39,7,-1,-1,-1,-1,3,E01011783,0,-1
2020040984965,2020,040984965,1,9,0,18,19,2,6,0,0,0,2,0,1,0,4,1,5,6,1,39,7,-1,-1,-1,-1,4,E01025172,0,-1
20201376F0816,2020,1376F0816,2,1,0,18,19,3,7,0,0,1,0,0,0,0,1,1,6,6,1,61,9,-1,-1,-1,-1,-1,-1,0,-1
2020010234959,2020,010234959,2,1,0,17,19,5,3,4,4,4,0,0,0,0,4,-1,6,6,1,30,6,-1,-1,-1,-1,6,E01002662,0,-1
2020140936696,2020,140936696,2,9,0,5,5,1,7,0,0,2,0,0,0,0,2,1,6,6,2,45,7,-1,-1,-1,-1,5,E01007476,0,-1
2020302000281,2020,302000281,2,1,0,18,19,7,3,0,0,8,0,0,0,0,1,1,6,6,1,45,7,-1,-1,-1,-1,5,E01019525,0,-1
2020140979658,2020,140979658,1,1,0,18,19,1,5,0,0,0,0,0,0,0,1,1,6,6,2,31,6,-1,-1,-1,-1,8,E01007986,0,-1
2020361012865,2020,361012865,2,1,0,18,19,1,6,0,0,8,0,0,0,0,1,1,5,6,1,24,5,-1,-1,-1,-1,1,E01026833,0,-1
2020440354611,2020,440354611,2,1,0,18,19,8,5,0,0,8,0,0,0,0,2,1,6,6,1,39,7,-1,-1,-1,-1,4,E01017135,0,-1
2020990982612,2020,990982612,2,9,4,2,2,0,0,0,0,0,0,0,0,0,2,1,6,6,3,-1,-1,-1,-1,-1,-1,-1,-1,0,-1
2020451010684,2020,451010684,1,1,0,18,19,1,1,0,0,0,0,0,0,0,4,1,6,6,1,34,6,-1,-1,-1,-1,10,E01030937,0,-1
2020010267922,2020,010267922,1,21,1,12,12,3,7,0,0,0,0,0,0,0,1,1,1,1,1,53,8,-1,-1,-1,-1,-1,-1,0,-1
2020040918316,2020,040918316,1,9,0,18,19,1,5,0,0,0,0,0,1,2,1,1,2,2,2,19,4,-1,-1,-1,-1,2,E01012705,0,-1
2020470976442,2020,470976442,2,1,0,18,19,1,5,0,0,0,0,0,0,0,1,1,6,6,1,16,4,-1,-1,-1,-1,3,E01020981,0,-1
2020410989495,2020,410989495,1,1,0,9,9,2,2,0,0,0,0,0,0,0,2,1,6,6,1,40,7,-1,-1,-1,-1,4,E01023530,0,-1
2020010289165,2020,010289165,2,1,9,18,19,1,5,99,99,9,9,99,9,99,9,1,6,6,1,18,4,-1,-1,-1,-1,2,E01001428,0,-1
202060Y145032,2020,60Y145032,1,9,0,7,7,2,6,0,0,1,0,0,0,0,3,1,2,2,1,28,6,-1,-1,-1,-1,-1,-1,0,-1
2020010228536,2020,010228536,2,9,0,99,99,9,9,99,99,9,9,99,9,99,1,9,6,6,3,-1,-1,-1,-1,-1,-1,-1,-1,0,-1
2020990995899,2020,990995899,3,1,0,16,19,6,2,0,0,0,0,0,1,0,2,1,6,6,1,58,9,-1,-1,-1,-1,4,-1,0,-1
2020332001145,2020,332001145,4,19,0,18,19,3,7,0,0,8,0,0,0,0,0,1,6,6,1,23,5,-1,-1,-1,-1,-1,-1,0,-1
2020010247893,2020,010247893,2,9,0,17,19,1,7,0,0,6,0,0,0,0,0,1,6,6,3,-1,-1,-1,-1,-1,-1,-1,-1,0,-1
2020010270051,2020,010270051,1,9,0,18,19,7,3,0,0,0,0,0,0,0,1,1,6,6,3,30,6,-1,-1,-1,-1,-1,-1,0,-1
2020010266381,2020,010266381,1,1,9,99,99,9,9,99,99,9,9,99,9,99,1,1,2,2,1,29,6,-1,-1,-1,-1,2,E01003594,0,-1
2020470965930,2020,470965930,1,1,0,18,19,3,7,0,0,1,0,0,0,0,1,1,6,6,2,-1,-1,-1,-1,-1,-1,-1,-1,0,-1
202006Q176959,2020,06Q176959,2,1,0,16,19,5,8,0,0,8,0,0,0,0,1,1,6,6,1,64,9,-1,-1,-1,-1,1,E01005945,0,-1
2020010277502,2020,010277502,1,1,9,99,99,9,9,99,99,9,9,99,9,99,9,1,2,2,1,24,5,-1,-1,-1,-1,7,E01004597,0,-1
2020010271745,2020,010271745,2,1,0,18,19,4,8,4,4,2,0,0,1,0,2,1,1,1,1,22,5,-1,-1,-1,-1,-1,-1,0,-1
2020420978081,2020,420978081,2,1,0,18,19,1,5,0,0,1,0,0,0,0,4,1,5,6,1,58,9,-1,-1,-1,-1,-1,-1,0,-1
2020122000692,2020,122000692,2,9,0,18,19,6,2,0,0,0,0,0,0,0,4,1,6,6,3,-1,-1,-1,-1,-1,-1,-1,-1,0,-1
2020200981905,2020,200981905,2,9,0,17,19,8,5,0,0,0,0,0,0,0,0,1,6,6,3,-1,-1,-1,-1,-1,-1,-1,-1,0,-1
2020332000543,2020,332000543,1,9,0,18,19,7,3,0,0,0,0,0,0,0,3,1,6,6,2,24,5,-1,-1,-1,-1,10,E01025676,0,-1
2020430245888,2020,430245888,1,9,0,4,4,1,5,0,0,0,0,0,0,0,0,1,6,6,3,-1,-1,-1,-1,-1,-1,-1,-1,0,-1
2020990940646,2020,990940646,1,19,0,18,19,7,1,0,0,1,0,0,1,0,1,1,6,6,1,40,7,-1,-1,-1,-1,-1,-1,0,-1
2020010269749,2020,010269749,2,9,0,99,99,9,9,99,99,9,9,99,9,99,3,9,6,6,3,-1,-1,-1,-1,-1,-1,-1,-1,0,-1
2020010247052,2020,010247052,1,1,0,18,19,1,5,0,0,8,0,0,0,0,4,1,6,6,2,34,6,-1,-1,-1,-1,2,E01001696,0,-1
202060Y031035,2020,60Y031035,3,9,0,3,3,5,1,0,0,0,0,0,0,0,2,1,6,6,1,37,7,-1,-1,-1,-1,-1,-1,0,-1
2020440291163,2020,440291163,2,1,0,18,19,1,5,0,0,8,0,0,0,0,1,1,6,6,1,39,7,-1,-1,-1,-1,10,E01022534,0,-1
2020522002386,2020,522002386,2,9,0,7,7,1,3,0,0,6,0,0,0,0,3,1,6,6,2,40,7,-1,-1,-1,-1,-1,-1,0,-1
2020470941859,2020,470941859,3,98,0,2,2,0,0,0,0,1,0,0,0,0,3,1,6,6,3,-1,-1,-1,-1,-1,-1,-1,-1,0,-1
2020340W00972,2020,340W00972,2,9,0,18,19,7,3,0,0,8,0,0,0,0,1,1,6,6,1,52,8,-1,-1,-1,-1,7,E01017478,0,-1
2020160945979,2020,160945979,2,1,0,18,19,5,1,0,0,1,0,0,0,0,0,1,5,6,1,68,10,-1,-1,-1,-1,7,E01013034,0,-1
2020460926727,2020,460926727,1,9,5,16,19,1,5,0,0,0,1,11,1,0,3,1,6,6,1,44,7,-1,-1,-1,-1,9,E01004095,0,-1
2020470981157,2020,470981157,2,1,0,18,19,3,7,0,0,8,0,0,0,0,1,1,6,6,1,30,6,-1,-1,-1,-1,4,E01016872,0,-1
2020541820120,2020,541820120,2,1,0,18,19,5,1,0,0,3,0,0,0,0,1,1,6,6,1,76,11,-1,-1,-1,-1,8,E01015549,0,-1
2020160921885,2020,160921885,2,9,0,18,19,4,8,0,0,1,0,0,0,0,1,1,6,6,3,-1,-1,-1,-1,-1,-1,-1,-1,0,-1
202060Y013475,2020,60Y013475,2,11,0,2,2,0,0,0,0,1,0,0,0,0,0,1,1,1,3,-1,-1,-1,-1,-1,-1,-1,-1,0,-1
2020010268378,2020,010268378,1,-1,0,99,99,9,9,0,0,1,0,0,0,0,1,1,6,6,2,20,4,-1,-1,-1,-1,2,E01033485,1,-1
2020440448066,2020,440448066,1,9,0,7,7,7,1,0,0,8,0,0,0,0,1,1,6,6,3,-1,-1,-1,-1,-1,-1,-1,-1,0,-1
2020010277541,2020,010277541,2,1,0,18,19,1,5,0,0,8,0,0,0,0,1,1,4,7,1,22,5,-1,-1,-1,-1,2,E01033601,0,-1
202006K274038,2020,06K274038,1,1,0,18,19,3,7,0,0,1,0,0,0,0,3,1,6,6,1,30,6,-1,-1,-1,-1,8,E01004778,0,-1
2020543929620,2020,543929620,2,9,0,18,19,1,5,0,0,8,0,0,0,0,3,1,6,6,1,60,9,-1,-1,-1,-1,8,E01032033,0,-1
2020220928009,2020,220928009,1,9,0,18,19,3,7,0,0,0,0,4,0,0,1,1,5,6,2,22,5,-1,-1,-1,-1,6,E01032345,0,-1
2020200957703,2020,200957703,2,1,0,18,19,5,1,0,0,2,0,0,0,0,3,1,6,6,1,85,11,-1,-1,-1,-1,8,E01010561,0,-1
2020400922120,2020,400922120,1,9,0,17,19,7,5,0,0,4,0,0,0,0,1,1,5,6,1,49,8,-1,-1,-1,-1,6,E01017540,0,-1
2020421001271,2020,421001271,2,9,0,2,2,1,5,0,0,0,0,0,0,0,3,1,6,6,3,-1,-1,-1,-1,-1,-1,-1,-1,0,-1
2020332000558,2020,332000558,1,9,0,4,4,3,7,0,0,1,0,0,0,0,2,1,1,1,1,52,8,-1,-1,-1,-1,9,E01025687,0,-1
2020522004437,2020,522004437,2,9,0,18,19,6,2,0,0,0,0,0,0,0,1,1,6,6,3,40,7,-1,-1,-1,-1,-1,-1,0,-1
2020350952108,2020,350952108,3,9,0,2,2,0,0,0,0,0,0,0,0,0,1,1,6,6,3,-1,-1,-1,-1,-1,-1,-1,-1,0,-1
2020302000692,2020,302000692,2,1,0,18,19,4,8,9,9,0,0,0,0,0,1,1,2,2,1,27,6,-1,-1,-1,-1,5,E01013530,0,-1
2020137CI0721,2020,137CI0721,1,9,0,18,19,8,4,0,0,0,0,0,0,0,1,1,6,6,1,66,10,-1,-1,-1,-1,4,E01010878,0,-1
2020010253345,2020,010253345,1,11,0,18,19,5,1,2,2,1,0,0,0,0,0,1,6,6,2,52,8,-1,-1,-1,-1,3,E01000092,0,-1
2020401006646,2020,401006646,1,9,0,18,19,5,1,0,0,0,0,0,0,0,2,1,5,6,2,27,6,-1,-1,-1,-1,4,E01017505,0,-1
2020201004598,2020,201004598,1,9,0,18,19,-1,-1,0,0,8,0,0,0,0,1,1,6,6,1,-1,-1,-1,-1,-1,-1,-1,-1,0,-1
2020302001608,2020,302001608,2,9,0,2,2,0,0,0,0,0,0,0,0,0,2,1,6,6,1,-1,-1,-1,-1,-1,-1,7,E01019603,0,-1
202060Y139314,2020,60Y139314,2,5,0,13,13,4,8,0,0,0,5,0,7,4,4,1,6,6,1,59,9,-1,-1,-1,-1,-1,-1,0,-1
2020030952357,2020,030952357,1,9,0,18,19,5,1,0,0,8,0,0,0,0,1,1,1,1,1,50,8,-1,-1,-1,-1,8,E01020597,0,-1
2020990947464,2020,990947464,2,1,0,18,19,7,3,0,0,8,0,0,0,0,1,1,5,6,1,73,10,-1,-1,-1,-1,6,-1,0,-1
2020440246884,2020,440246884,1,9,0,18,19,1,5,0,0,1,0,0,0,0,1,1,6,6,2,17,4,-1,-1,-1,-1,4,E01023261,0,-1
2020010281125,2020,010281125,1,1,9,99,99,9,9,99,99,9,9,99,9,99,9,1,3,7,1,40,7,-1,-1,-1,-1,10,E01001108,0,-1
2020522005066,2020,522005066,1,90,0,18,19,4,8,0,0,0,0,0,0,0,2,1,1,1,1,33,6,-1,-1,-1,-1,1,E01014594,0,-1
2020430149855,2020,430149855,1,19,0,7,7,6,1,0,0,1,0,0,0,0,1,1,1,1,1,-1,-1,-1,-1,-1,-1,-1,-1,0,-1
2020010228181,2020,010228181,1,19,0,3,3,5,1,6,6,0,0,0,0,0,1,1,1,1,1,67,10,-1,-1,-1,-1,6,E01023341,0,-1
2020520100537,2020,520100537,2,1,0,18,19,1,5,0,0,8,0,4,0,0,2,1,6,6,1,44,7,-1,-1,-1,-1,2,E01029098,0,-1
2020552000976,2020,552000976,2,1,0,18,19,8,6,5,5,8,0,0,0,0,1,1,4,7,2,14,3,-1,-1,-1,-1,9,E01015325,0,-1
202060Y010923,2020,60Y010923,2,9,0,18,19,8,4,0,0,1,0,0,0,0,1,1,6,6,2,32,6,-1,-1,-1,-1,-1,-1,0,-1
2020552000989,2020,552000989,1,1,0,18,19,3,7,0,0,8,0,0,0,0,4,1,6,6,1,12,3,-1,-1,-1,-1,8,E01015411,0,-1
20201373A1143,2020,1373A1143,1,9,0,18,19,3,7,0,0,0,0,0,0,0,1,1,6,6,3,-1,-1,-1,-1,-1,-1,-1,-1,0,-1
2020991006891,2020,991006891,2,1,0,18,19,8,4,0,0,3,0,0,0,0,4,1,2,2,1,56,9,-1,-1,-1,-1,3,-1,0,-1
2020440172560,2020,440172560,3,9,0,2,2,0,0,0,0,0,0,0,0,0,4,1,6,6,3,-1,-1,-1,-1,-1,-1,-1,-1,0,-1
2020140971345,2020,140971345,3,9,0,2,2,0,0,0,0,1,0,0,0,0,3,1,6,6,3,-1,-1,-1,-1,-1,-1,-1,-1,0,-1
2020110941201,2020,110941201,3,90,0,18,19,7,3,0,0,0,0,0,0,0,1,1,1,1,1,30,6,-1,-1,-1,-1,-1,-1,0,-1
2020430125535,2020,430125535,1,1,0,14,14,5,1,0,0,0,0,0,0,0,3,1,6,6,2,25,5,-1,-1,-1,-1,7,E01016504,0,-1
2020010266356,2020,010266356,2,1,0,18,19,6,2,0,0,0,0,0,0,0,4,1,6,6,1,30,6,-1,-1,-1,-1,1,E01002074,0,-1
2020332000073,2020,332000073,2,3,0,18,19,6,2,0,0,0,0,0,0,0,1,1,6,6,1,17,4,-1,-1,-1,-1,-1,-1,0,-1
2020160989628,2020,160989628,1,98,0,9,9,8,6,0,0,0,0,0,0,0,1,2,1,1,1,39,7,-1,-1,-1,-1,-1,-1,0,-1
2020140963851,2020,140963851,2,9,0,9,9,8,6,0,0,0,0,0,0,0,3,1,6,6,3,-1,-1,-1,-1,-1,-1,-1,-1,0,-1
202006K172126,2020,06K172126,2,1,0,9,9,4,2,0,0,8,0,0,0,0,4,1,6,6,1,63,9,-1,-1,-1,-1,7,E01005053,0,-1
2020461013375,2020,461013375,2,9,0,18,19,3,3,0,0,1,0,0,0,0,1,1,1,1,1,48,8,-1,-1,-1,-1,4,E01024591,0,-1
2020010282431,2020,010282431,2,1,0,18,19,5,1,0,0,8,0,0,0,0,4,1,4,7,2,13,3,-1,-1,-1,-1,2,E01001748,0,-1
2020470979740,2020,470979740,2,19,0,2,2,0,0,9,9,0,0,0,0,0,2,1,6,6,3,-1,-1,-1,-1,-1,-1,-1,-1,0,-1
2020440485624,2020,440485624,1,8,0,7,7,5,6,0,0,5,0,0,0,0,2,1,1,1,1,40,7,-1,-1,-1,-1,1,E01017154,0,-1
202063D009020,2020,63D009020,2,90,0,17,19,6,3,0,0,0,2,0,1,10,4,2,6,6,1,37,7,-1,-1,-1,-1,-1,-1,0,-1
20201375I0598,2020,1375I0598,1,9,0,18,19,5,1,0,0,1,0,0,0,0,1,1,6,6,1,-1,-1,-1,-1,-1,-1,3,E01005372,0,-1