collision_index,collision_year,collision_ref_no,vehicle_reference,vehicle_type,towing_and_articulation,vehicle_manoeuvre_historic,vehicle_manoeuvre,vehicle_direction_from,vehicle_direction_to,vehicle_location_restricted_lane_historic,vehicle_location_restricted_lane,junction_location,skidding_and_overturning,hit_object_in_carriageway,vehicle_leaving_carriageway,hit_object_off_carriageway,first_point_of_impact,vehicle_left_hand_drive,journey_purpose_of_driver_historic,journey_purpose_of_driver,sex_of_driver,age_of_driver,age_band_of_driver,engine_capacity_cc,propulsion_code,age_of_vehicle,generic_make_model,driver_imd_decile,lsoa_of_driver,escooter_flag,driver_distance_banding
2020137961467,2020,137961467,2,1,0,18,19,7,3,0,0,8,0,0,0,0,1,1,6,6,1,42,7,-1,-1,-1,-1,1,E01010612,0,-1
2020450953401,2020,450953401,1,9,0,18,19,1,3,0,0,1,0,0,0,0,4,1,6,6,3,50,8,-1,-1,-1,-1,-1,-1,0,-1
2020990961090,2020,990961090,2,1,0,18,19,2,6,0,0,1,0,0,0,0,1,1,5,6,1,41,7,-1,-1,-1,-1,-1,-1,0,-1
2020010228802,2020,010228802,1,9,0,9,9,1,6,0,0,8,0,0,0,0,1,1,2,2,1,61,9,-1,-1,-1,-1,10,E01016188,0,-1
2020122100017,2020,122100017,1,9,0,18,19,7,3,0,0,8,0,0,0,0,0,1,6,6,3,-1,-1,-1,-1,-1,-1,-1,-1,0,-1
2020430075179,2020,430075179,1,1,0,18,19,5,1,0,0,0,0,0,0,0,0,1,6,6,2,69,10,-1,-1,-1,-1,9,E01028433,0,-1
2020610035720,2020,610035720,1,9,0,18,19,1,5,0,0,0,2,0,1,0,0,1,6,6,2,53,8,-1,-1,-1,-1,5,W01001580,0,-1
2020010257844,2020,010257844,1,1,9,99,99,9,9,99,99,9,9,99,9,99,1,1,6,6,1,26,6,-1,-1,-1,-1,4,E01003186,0,-1
2020370986904,2020,370986904,2,1,0,18,19,3,7,0,0,1,0,0,0,0,1,1,2,2,1,47,8,-1,-1,-1,-1,4,E01029910,0,-1
2020990936682,2020,990936682,1,9,0,16,19,6,2,0,0,0,0,4,0,0,1,1,2,2,1,43,7,-1,-1,-1,-1,4,-1,0,-1
2020010286221,2020,010286221,2,9,0,99,99,9,9,99,99,9,9,99,9,99,2,9,6,6,3,30,6,-1,-1,-1,-1,-1,-1,0,-1
2020052002720,2020,052002720,1,4,0,13,13,3,7,0,0,1,0,0,0,0,1,1,6,6,1,16,4,-1,-1,-1,-1,3,E01007020,0,-1
2020070532582,2020,070532582,1,9,0,5,5,8,3,8,6,4,0,0,0,0,1,1,2,2,1,39,7,-1,-1,-1,-1,-1,-1,0,-1
2020052002235,2020,052002235,1,9,0,18,19,1,5,0,0,0,0,0,0,0,1,1,1,1,1,74,10,-1,-1,-1,-1,6,E01007255,0,-1
2020052000078,2020,052000078,2,1,0,5,5,1,7,0,0,3,0,0,0,0,1,1,6,6,1,54,8,-1,-1,-1,-1,7,E01006498,0,-1
2020070027904,2020,070027904,3,9,0,18,19,2,5,0,0,3,0,0,0,0,1,1,6,6,1,-1,-1,-1,-1,-1,-1,-1,-1,0,-1
2020010254803,2020,010254803,1,9,0,99,99,9,9,99,99,0,9,99,9,99,1,9,6,6,3,-1,-1,-1,-1,-1,-1,-1,-1,0,-1
2020010279128,2020,010279128,2,9,0,12,12,5,1,0,0,0,0,0,0,0,4,1,6,6,3,-1,-1,-1,-1,-1,-1,-1,-1,0,-1
2020991005872,2020,991005872,2,1,0,18,19,2,6,0,0,8,0,0,0,0,4,1,6,6,2,21,5,-1,-1,-1,-1,4,-1,0,-1
2020991006957,2020,991006957,1,9,0,18,19,8,4,0,0,1,0,0,0,0,1,1,6,6,2,35,6,-1,-1,-1,-1,-1,-1,0,-1
2020410966477,2020,410966477,1,1,0,18,19,7,3,0,0,0,0,0,0,0,-1,1,6,6,1,53,8,-1,-1,-1,-1,8,E01023315,0,-1
2020010268269,2020,010268269,2,1,0,18,19,3,7,4,4,0,0,0,2,10,3,1,6,6,1,25,5,-1,-1,-1,-1,8,E01001949,0,-1
2020200956382,2020,200956382,1,98,0,7,7,3,6,0,0,3,1,7,8,0,1,1,6,6,1,20,4,-1,-1,-1,-1,1,E01009372,0,-1
2020010241165,2020,010241165,1,1,9,99,99,9,9,99,99,9,9,99,9,99,2,1,2,2,1,38,7,-1,-1,-1,-1,2,E01003097,0,-1
2020040997987,2020,040997987,1,9,0,5,5,3,5,0,0,0,0,0,0,0,1,1,1,1,1,53,8,-1,-1,-1,-1,5,E01025050,0,-1
2020549725420,2020,549725420,2,1,0,18,19,4,8,0,0,0,0,0,0,0,3,1,6,6,1,53,8,-1,-1,-1,-1,8,E01032001,0,-1
2020500947158,2020,500947158,1,9,0,18,19,4,1,0,0,0,0,0,0,0,1,1,6,6,2,21,5,-1,-1,-1,-1,5,E01018896,0,-1
2020610025220,2020,610025220,2,1,0,18,19,3,7,0,0,0,0,0,0,0,2,1,6,6,1,44,7,-1,-1,-1,-1,8,W01001582,0,-1
2020137BJ0630,2020,137BJ0630,1,9,0,13,13,8,4,0,0,0,0,0,0,0,4,1,6,6,2,-1,-1,-1,-1,-1,-1,-1,-1,0,-1
2020070027904,2020,070027904,1,9,0,18,19,2,5,0,0,3,0,0,0,0,1,1,6,6,1,-1,-1,-1,-1,-1,-1,-1,-1,0,-1
2020522001699,2020,522001699,1,9,0,18,19,7,3,0,0,0,0,0,0,0,1,1,6,6,1,40,7,-1,-1,-1,-1,2,E01014626,0,-1
2020010263324,2020,010263324,2,1,0,18,19,1,5,0,0,1,0,0,0,0,1,1,6,6,1,33,6,-1,-1,-1,-1,2,E01001008,0,-1
2020430107207,2020,430107207,1,9,0,9,9,7,5,0,0,1,0,0,0,0,4,1,6,6,3,-1,-1,-1,-1,-1,-1,-1,-1,0,-1
2020010279802,2020,010279802,3,97,9,99,99,9,9,99,99,9,9,99,9,99,9,1,6,6,3,-1,-1,-1,-1,-1,-1,-1,-1,0,-1
2020122001358,2020,122001358,1,9,0,17,19,3,6,0,0,8,0,0,0,0,1,1,6,6,3,-1,-1,-1,-1,-1,-1,-1,-1,0,-1
2020471008523,2020,471008523,2,1,0,16,19,1,5,0,0,0,0,0,0,0,1,1,6,6,1,44,7,-1,-1,-1,-1,4,E01016974,0,-1
202031B105620,2020,31B105620,2,1,0,18,19,5,1,0,0,0,0,0,0,0,3,1,6,6,2,46,8,-1,-1,-1,-1,4,E01007693,0,-1
2020350995067,2020,350995067,1,9,0,7,7,5,7,4,4,5,0,0,0,0,0,1,6,6,1,25,5,-1,-1,-1,-1,6,E01017973,0,-1
2020430398050,2020,430398050,1,9,0,18,19,8,4,0,0,1,0,0,0,0,4,1,6,6,3,-1,-1,-1,-1,-1,-1,-1,-1,0,-1
2020140921915,2020,140921915,1,9,0,5,5,-1,-1,0,0,0,0,0,0,0,-1,1,6,6,2,-1,-1,-1,-1,-1,-1,-1,-1,0,-1
2020522100303,2020,522100303,2,1,0,9,9,1,7,0,0,8,0,0,0,0,1,1,6,6,2,46,8,-1,-1,-1,-1,10,E01014715,0,-1
2020332000771,2020,332000771,1,3,0,18,19,8,4,0,0,6,0,0,0,0,1,1,6,6,1,27,6,-1,-1,-1,-1,3,E01025703,0,-1
2020010269725,2020,010269725,2,9,0,99,99,9,9,99,99,9,9,99,9,99,9,9,6,6,3,-1,-1,-1,-1,-1,-1,-1,-1,0,-1
202031D071320,2020,31D071320,1,21,1,9,9,1,6,0,0,6,0,0,0,0,2,1,6,6,3,-1,-1,-1,-1,-1,-1,-1,-1,0,-1
2020420997100,2020,420997100,1,9,0,12,12,3,7,0,0,1,0,0,0,0,3,1,6,6,1,-1,-1,-1,-1,-1,-1,-1,-1,0,-1
2020410936188,2020,410936188,1,9,0,9,9,3,7,0,0,3,0,0,0,0,1,1,1,1,1,62,9,-1,-1,-1,-1,9,E01023953,0,-1
2020010240983,2020,010240983,2,9,9,99,99,9,9,99,99,9,9,99,9,99,9,9,6,6,3,-1,-1,-1,-1,-1,-1,-1,-1,0,-1
2020010252603,2020,010252603,2,-1,0,18,19,3,7,0,0,1,0,0,0,0,1,1,6,6,1,34,6,-1,-1,-1,-1,2,E01004067,1,-1
2020170S20070,2020,170S20070,2,9,0,18,19,4,8,0,0,1,0,0,0,0,1,1,6,6,1,-1,-1,-1,-1,-1,-1,-1,-1,0,-1
2020200924245,2020,200924245,1,9,0,18,19,3,7,0,0,8,0,10,1,1,1,1,6,6,3,-1,-1,-1,-1,-1,-1,-1,-1,0,-1
2020010276187,2020,010276187,2,9,0,5,5,3,7,0,0,0,0,0,0,0,1,1,6,6,3,-1,-1,-1,-1,-1,-1,-1,-1,0,-1
2020520001626,2020,520001626,4,9,0,18,19,6,2,0,0,0,0,0,2,10,1,1,6,6,1,47,8,-1,-1,-1,-1,6,E01029027,0,-1
2020122000960,2020,122000960,1,1,0,4,4,6,2,0,0,0,1,0,0,0,1,1,6,6,1,39,7,-1,-1,-1,-1,8,E01027566,0,-1
2020160948378,2020,160948378,2,3,0,18,19,1,5,0,0,1,5,0,0,0,3,1,6,6,1,21,5,-1,-1,-1,-1,1,E01012893,0,-1
2020010270028,2020,010270028,1,1,9,99,99,9,9,99,99,9,9,99,9,99,1,1,6,6,3,-1,-1,-1,-1,-1,-1,10,E01001533,0,-1
2020320045583,2020,320045583,1,2,0,18,19,3,7,0,0,0,1,0,0,0,4,1,4,7,1,16,4,-1,-1,-1,-1,-1,-1,0,-1
2020351009621,2020,351009621,1,9,5,4,4,2,6,0,0,0,0,0,0,0,4,1,5,6,1,36,7,-1,-1,-1,-1,5,E01018157,0,-1
2020100956277,2020,100956277,2,1,0,18,19,4,8,0,0,0,0,0,0,0,2,1,6,6,1,35,6,-1,-1,-1,-1,-1,-1,0,-1
2020440415150,2020,440415150,1,1,0,18,19,1,5,0,0,8,0,0,0,0,4,1,6,6,1,42,7,-1,-1,-1,-1,10,E01023073,0,-1
2020140932316,2020,140932316,3,9,0,13,13,6,2,0,0,8,0,0,0,0,1,1,6,6,3,-1,-1,-1,-1,-1,-1,-1,-1,0,-1
2020522001009,2020,522001009,2,9,0,17,19,5,2,0,0,0,0,0,0,0,4,1,6,6,3,-1,-1,-1,-1,-1,-1,-1,-1,0,-1
2020420960457,2020,420960457,2,21,1,18,19,1,5,0,0,0,1,0,0,0,3,1,1,1,1,27,6,-1,-1,-1,-1,-1,-1,0,-1
2020010248563,2020,010248563,1,1,9,99,99,9,9,99,99,9,9,99,9,99,9,1,6,6,1,38,7,-1,-1,-1,-1,2,E01032722,0,-1
202060Y040440,2020,60Y040440,1,9,4,18,19,5,1,0,0,0,4,0,7,0,1,1,6,6,1,26,6,-1,-1,-1,-1,-1,-1,0,-1
2020552100193,2020,552100193,1,1,0,18,19,6,2,0,0,0,0,0,0,0,1,1,4,7,2,13,3,-1,-1,-1,-1,3,E01015293,0,-1
2020220992100,2020,220992100,1,1,0,18,19,1,5,0,0,8,0,0,0,0,2,1,4,7,1,10,2,-1,-1,-1,-1,8,E01032338,0,-1
2020320090650,2020,320090650,1,9,0,18,19,3,7,0,0,0,0,0,0,0,0,1,6,6,3,-1,-1,-1,-1,-1,-1,-1,-1,0,-1
2020450939099,2020,450939099,1,1,0,18,19,7,3,0,0,0,0,0,0,0,0,1,5,6,1,43,7,-1,-1,-1,-1,8,E01030313,0,-1
2020460997631,2020,460997631,1,9,0,18,19,1,5,0,0,1,0,0,0,0,4,1,3,7,1,-1,-1,-1,-1,-1,-1,4,E01024179,0,-1
2020010266831,2020,010266831,1,1,0,18,19,1,5,4,4,1,0,0,0,0,4,1,2,2,1,39,7,-1,-1,-1,-1,9,E01004387,0,-1
2020320273707,2020,320273707,1,1,0,18,19,5,1,0,0,0,0,0,0,0,1,1,6,6,2,50,8,-1,-1,-1,-1,4,E01026192,0,-1
2020449329807,2020,449329807,1,9,0,16,19,1,2,0,0,0,0,0,0,0,1,1,6,6,1,23,5,-1,-1,-1,-1,9,E01022881,0,-1
2020052000341,2020,052000341,2,1,0,18,19,3,8,0,0,8,0,0,0,0,3,1,6,6,2,22,5,-1,-1,-1,-1,1,E01006720,0,-1
2020990954619,2020,990954619,2,1,0,18,19,1,5,0,0,1,0,0,0,0,1,1,5,6,1,19,4,-1,-1,-1,-1,5,-1,0,-1
2020010286077,2020,010286077,1,1,9,99,99,9,9,99,99,1,9,99,9,99,1,1,6,6,1,38,7,-1,-1,-1,-1,3,E01004006,0,-1
2020302000668,2020,302000668,1,9,0,18,19,6,2,0,0,0,0,0,0,0,1,1,6,6,3,-1,-1,-1,-1,-1,-1,5,E01019456,0,-1
2020122001197,2020,122001197,1,9,0,1,1,3,7,9,9,6,0,0,0,0,4,1,1,1,2,41,7,-1,-1,-1,-1,5,E01027818,0,-1
2020460942859,2020,460942859,1,9,0,9,9,3,7,0,0,6,0,0,0,0,0,1,6,6,3,-1,-1,-1,-1,-1,-1,-1,-1,0,-1
2020400993639,2020,400993639,2,9,-1,6,6,4,8,0,0,6,0,0,0,0,3,1,6,6,1,-1,-1,-1,-1,-1,-1,-1,-1,0,-1
2020470987930,2020,470987930,1,9,0,8,8,3,5,0,0,6,0,0,0,0,3,1,2,2,1,36,7,-1,-1,-1,-1,8,E01031821,0,-1
202054C398320,2020,54C398320,1,9,0,1,1,6,2,0,0,1,0,0,0,0,2,1,6,6,3,30,6,-1,-1,-1,-1,-1,-1,0,-1
2020522002115,2020,522002115,3,9,0,18,19,6,2,0,0,4,0,0,0,0,0,1,6,6,3,30,6,-1,-1,-1,-1,-1,-1,0,-1
2020010256954,2020,010256954,2,98,1,99,99,9,9,99,99,9,9,99,9,99,9,9,6,6,3,-1,-1,-1,-1,-1,-1,-1,-1,0,-1
2020470996023,2020,470996023,3,9,0,2,2,0,0,0,0,0,0,0,0,0,1,1,6,6,3,-1,-1,-1,-1,-1,-1,-1,-1,0,-1
2020470961315,2020,470961315,2,1,0,18,19,3,7,0,0,0,5,0,0,0,3,1,6,6,1,13,3,-1,-1,-1,-1,1,E01016880,0,-1
2020010235625,2020,010235625,1,1,9,18,19,1,5,4,4,1,5,0,0,99,1,1,2,2,2,39,7,-1,-1,-1,-1,3,E01004573,0,-1
2020500992965,2020,500992965,1,9,0,18,19,7,3,0,0,0,0,0,1,0,1,1,6,6,1,55,8,-1,-1,-1,-1,5,E01020325,0,-1
2020470919095,2020,470919095,1,9,0,18,19,1,6,0,0,8,0,0,0,0,1,1,6,6,3,-1,-1,-1,-1,-1,-1,-1,-1,0,-1
2020430050315,2020,430050315,1,9,0,18,19,2,6,0,0,8,0,0,0,0,1,1,6,6,2,24,5,-1,-1,-1,-1,7,E01002538,0,-1
2020010252879,2020,010252879,1,9,0,7,7,5,7,0,0,2,0,0,0,0,1,1,6,6,2,39,7,-1,-1,-1,-1,8,E01002252,0,-1
2020332000772,2020,332000772,2,9,0,4,4,4,8,0,0,6,0,0,0,0,4,1,6,6,2,36,7,-1,-1,-1,-1,1,E01013603,0,-1
202060Y037323,2020,60Y037323,2,9,0,2,2,0,0,0,0,1,0,0,0,0,1,1,6,6,1,35,6,-1,-1,-1,-1,-1,-1,0,-1
2020137171165,2020,137171165,1,3,0,18,19,1,5,0,0,8,0,0,0,0,1,1,6,6,1,22,5,-1,-1,-1,-1,5,E01010604,0,-1
2020010243861,2020,010243861,1,1,9,99,99,9,9,99,99,9,9,99,9,99,1,-1,6,6,1,45,7,-1,-1,-1,-1,2,E01003126,0,-1
2020100921127,2020,100921127,1,9,0,18,19,5,1,0,0,0,0,0,0,0,3,1,6,6,1,50,8,-1,-1,-1,-1,4,-1,0,-1
2020010245407,2020,010245407,2,9,0,18,19,8,4,0,0,0,0,0,0,0,1,1,6,6,3,-1,-1,-1,-1,-1,-1,-1,-1,0,-1
2020052001992,2020,052001992,2,1,0,99,99,9,9,0,0,0,0,0,0,0,9,1,6,6,1,9,2,-1,-1,-1,-1,6,E01006929,0,-1
2020010237435,2020,010237435,2,9,0,99,99,9,9,0,0,1,0,99,0,0,4,9,6,6,3,-1,-1,-1,-1,-1,-1,-1,-1,0,-1
2020332000982,2020,332000982,2,19,0,4,4,8,4,0,0,0,5,0,0,0,2,1,6,6,1,53,8,-1,-1,-1,-1,9,E01025611,0,-1
202006E173922,2020,06E173922,1,1,0,18,19,7,3,0,0,8,0,0,0,0,1,1,6,6,1,28,6,-1,-1,-1,-1,1,E01005723,0,-1
2020010278852,2020,010278852,2,1,0,18,19,6,2,0,0,1,2,0,0,0,3,1,6,6,1,50,8,-1,-1,-1,-1,7,E01003167,0,-1
20201378C0676,2020,1378C0676,2,1,0,18,19,7,3,0,0,8,0,0,0,0,3,1,6,6,1,10,2,-1,-1,-1,-1,1,E01010803,0,-1
2020030929119,2020,030929119,2,1,0,18,19,3,7,0,0,2,0,0,0,0,1,1,6,6,1,52,8,-1,-1,-1,-1,10,E01019241,0,-1
2020070307454,2020,070307454,2,1,0,14,14,4,8,0,0,0,0,0,0,0,0,1,6,6,1,51,8,-1,-1,-1,-1,3,E01012391,0,-1
2020430162812,2020,430162812,1,9,0,18,19,7,3,0,0,0,0,0,0,0,3,1,6,6,3,-1,-1,-1,-1,-1,-1,-1,-1,0,-1
2020320630105,2020,320630105,2,1,0,9,9,2,1,0,0,2,0,0,0,0,3,1,6,6,2,54,8,-1,-1,-1,-1,3,E01026227,0,-1
2020220927848,2020,220927848,1,9,0,18,19,2,6,0,0,2,0,0,0,0,1,1,6,6,1,51,8,-1,-1,-1,-1,-1,-1,0,-1
2020522100934,2020,522100934,1,9,0,12,12,7,3,0,0,8,0,0,0,0,1,1,6,6,3,30,6,-1,-1,-1,-1,-1,-1,0,-1
2020460993929,2020,460993929,1,9,0,18,19,1,5,0,0,1,0,0,3,0,1,1,5,6,3,-1,-1,-1,-1,-1,-1,-1,-1,0,-1
202063C026520,2020,63C026520,2,1,0,16,19,1,4,0,0,1,0,0,0,0,1,1,6,6,1,56,9,-1,-1,-1,-1,8,W01000580,0,-1
2020430058520,2020,430058520,1,9,0,9,9,2,8,0,0,6,0,0,4,0,1,2,6,6,1,40,7,-1,-1,-1,-1,5,E01024181,0,-1
202060Y178967,2020,60Y178967,2,17,0,2,2,0,0,0,0,0,0,0,0,0,2,1,1,1,1,23,5,-1,-1,-1,-1,-1,-1,0,-1
2020470970102,2020,470970102,1,9,0,4,4,8,2,0,0,0,0,0,0,0,1,1,1,1,1,53,8,-1,-1,-1,-1,8,E01016962,0,-1
202006J170964,2020,06J170964,1,9,0,9,9,6,4,0,0,8,0,0,0,0,1,1,6,6,3,-1,-1,-1,-1,-1,-1,-1,-1,0,-1
2020522000532,2020,522000532,1,9,0,18,19,2,6,0,0,8,0,0,0,0,1,1,6,6,1,25,5,-1,-1,-1,-1,4,E01020180,0,-1
2020420964032,2020,420964032,1,9,0,8,8,2,5,0,0,0,0,0,0,0,1,1,6,6,2,-1,-1,-1,-1,-1,-1,-1,-1,0,-1
2020440341895,2020,440341895,3,9,0,2,2,0,0,0,0,0,0,0,0,0,2,1,6,6,1,26,6,-1,-1,-1,-1,4,E01023106,0,-1
2020010269156,2020,010269156,2,1,0,18,19,2,6,0,0,1,0,8,0,0,1,1,2,2,1,57,9,-1,-1,-1,-1,2,E01004239,0,-1
2020140983958,2020,140983958,1,9,0,18,19,1,5,0,0,1,0,0,0,0,1,1,6,6,1,43,7,-1,-1,-1,-1,5,E01007682,0,-1
2020332000908,2020,332000908,2,9,0,4,4,1,5,2,2,1,0,0,0,0,2,1,6,6,2,40,7,-1,-1,-1,-1,8,E01032599,0,-1
2020140932002,2020,140932002,2,1,0,7,7,8,4,0,0,8,0,0,0,0,1,1,6,6,1,51,8,-1,-1,-1,-1,2,E01007531,0,-1
2020111011776,2020,111011776,1,9,0,14,14,7,3,0,0,0,0,0,0,0,1,1,2,2,2,29,6,-1,-1,-1,-1,3,E01032541,0,-1
2020231001817,2020,231001817,2,11,0,18,19,3,7,0,0,0,0,0,0,0,3,1,1,1,1,45,7,-1,-1,-1,-1,-1,-1,0,-1
2020470923421,2020,470923421,2,9,0,2,2,0,0,0,0,0,0,0,0,0,3,1,6,6,3,-1,-1,-1,-1,-1,-1,-1,-1,0,-1
2020031003111,2020,031003111,3,9,0,18,19,5,1,0,0,2,0,0,0,0,4,1,6,6,2,75,10,-1,-1,-1,-1,5,E01019286,0,-1
2020010279567,2020,010279567,1,1,9,18,19,5,1,0,0,8,0,99,9,99,1,1,6,6,1,55,8,-1,-1,-1,-1,9,E01004546,0,-1
2020010231638,2020,010231638,2,19,0,18,19,-1,-1,0,0,0,0,0,0,0,1,1,6,6,3,-1,-1,-1,-1,-1,-1,-1,-1,0,-1
2020010261437,2020,010261437,1,1,9,99,99,9,9,99,99,0,9,99,9,99,2,1,6,6,2,36,7,-1,-1,-1,-1,2,E01001110,0,-1
2020052100033,2020,052100033,2,1,0,18,19,3,7,0,0,8,0,0,0,0,4,1,6,6,1,48,8,-1,-1,-1,-1,10,E01006993,0,-1
2020010228883,2020,010228883,1,1,0,18,19,3,7,5,5,0,0,11,0,0,1,1,2,2,1,48,8,-1,-1,-1,-1,4,E01000439,0,-1
2020990960293,2020,990960293,1,21,1,12,12,8,5,0,0,0,0,0,0,0,1,2,1,1,1,62,9,-1,-1,-1,-1,-1,-1,0,-1
2020332000476,2020,332000476,1,9,0,9,9,3,8,0,0,6,0,0,0,0,4,1,6,6,2,60,9,-1,-1,-1,-1,9,E01013707,0,-1
2020010233280,2020,010233280,2,11,0,99,99,9,9,99,99,9,9,99,9,99,9,9,6,6,3,-1,-1,-1,-1,-1,-1,-1,-1,0,-1
202006L170564,2020,06L170564,5,16,0,18,19,1,8,0,0,0,0,0,0,0,0,1,6,6,2,17,4,-1,-1,-1,-1,8,E01006315,0,-1
20201371I0769,2020,1371I0769,2,1,0,18,19,8,4,0,0,0,0,0,0,0,3,1,6,6,1,33,6,-1,-1,-1,-1,-1,-1,0,-1
2020430337143,2020,430337143,1,9,0,18,19,2,6,0,0,1,0,0,0,0,1,1,6,6,2,-1,-1,-1,-1,-1,-1,-1,-1,0,-1
2020430149750,2020,430149750,1,9,0,17,19,2,1,0,0,8,0,0,0,0,1,1,6,6,3,-1,-1,-1,-1,-1,-1,-1,-1,0,-1
2020400964453,2020,400964453,2,1,0,5,5,5,3,0,0,2,5,0,0,0,2,1,5,6,1,63,9,-1,-1,-1,-1,2,E01017594,0,-1
2020991011155,2020,991011155,1,9,0,9,9,1,7,0,0,8,0,0,0,0,1,1,6,6,1,54,8,-1,-1,-1,-1,2,-1,0,-1
202031C014820,2020,31C014820,2,1,0,18,19,8,5,0,0,8,0,0,0,0,2,1,6,6,1,30,6,-1,-1,-1,-1,1,E01013820,0,-1
2020990955689,2020,990955689,2,1,0,12,12,1,4,0,0,0,0,0,0,0,2,1,5,6,1,15,3,-1,-1,-1,-1,2,-1,0,-1
2020470932868,2020,470932868,2,9,0,9,9,5,3,0,0,1,0,0,0,0,3,1,5,6,1,50,8,-1,-1,-1,-1,7,E01020961,0,-1
2020430252665,2020,430252665,1,19,0,18,19,7,3,0,0,0,0,0,1,7,1,1,1,1,1,24,5,-1,-1,-1,-1,5,E01002515,0,-1
2020141008472,2020,141008472,2,9,0,18,19,4,7,0,0,8,0,0,0,0,0,1,6,6,3,-1,-1,-1,-1,-1,-1,-1,-1,0,-1
2020430356047,2020,430356047,2,9,0,18,19,3,7,0,0,8,0,0,1,0,1,1,1,1,2,63,9,-1,-1,-1,-1,8,E01028796,0,-1
2020990970463,2020,990970463,1,1,0,18,19,7,3,2,2,0,0,0,0,0,3,1,5,6,1,14,3,-1,-1,-1,-1,10,-1,0,-1
2020010275606,2020,010275606,1,1,0,18,19,3,7,0,0,2,0,0,0,0,1,1,6,6,2,44,7,-1,-1,-1,-1,5,E01004521,0,-1
20201378I1416,2020,1378I1416,2,1,0,18,19,3,7,0,0,8,0,0,0,0,1,1,6,6,1,53,8,-1,-1,-1,-1,1,E01011756,0,-1
2020450994689,2020,450994689,1,1,0,18,19,8,4,0,0,1,0,0,0,0,1,1,5,6,1,51,8,-1,-1,-1,-1,8,E01030994,0,-1
2020501003285,2020,501003285,1,9,0,3,3,7,3,0,0,1,0,0,0,0,1,1,1,1,2,29,6,-1,-1,-1,-1,6,E01020312,0,-1
2020100956641,2020,100956641,1,9,0,3,3,7,4,0,0,1,0,0,0,0,0,1,6,6,1,-1,-1,-1,-1,-1,-1,-1,-1,0,-1
2020332000929,2020,332000929,2,1,0,18,19,5,1,0,0,8,0,0,0,0,4,1,6,6,1,47,8,-1,-1,-1,-1,1,E01013677,0,-1
202031B137320,2020,31B137320,2,1,0,18,19,7,3,0,0,0,0,0,0,0,1,1,4,7,2,11,3,-1,-1,-1,-1,2,E01028044,0,-1
2020201023177,2020,201023177,3,9,0,2,2,0,0,9,9,0,1,0,0,0,4,1,6,6,3,-1,-1,-1,-1,-1,-1,-1,-1,0,-1
2020010265153,2020,010265153,1,1,9,99,99,9,9,99,99,9,9,99,9,99,9,1,6,6,1,15,3,-1,-1,-1,-1,-1,-1,0,-1
2020530949907,2020,530949907,2,1,0,18,19,-1,-1,0,0,0,0,0,0,0,1,1,6,6,1,40,7,-1,-1,-1,-1,9,E01022125,0,-1
2020420926432,2020,420926432,1,9,0,17,19,1,5,0,0,1,0,0,0,0,1,1,6,6,1,-1,-1,-1,-1,-1,-1,-1,-1,0,-1
2020522001950,2020,522001950,2,19,0,9,9,5,3,0,0,4,0,0,0,0,1,1,6,6,1,30,6,-1,-1,-1,-1,-1,-1,0,-1
2020522003430,2020,522003430,1,9,0,18,19,5,1,0,0,8,0,0,0,0,4,1,6,6,3,-1,-1,-1,-1,-1,-1,-1,-1,0,-1
2020052002529,2020,052002529,1,9,0,1,1,7,3,0,0,1,0,0,0,0,2,1,6,6,3,-1,-1,-1,-1,-1,-1,-1,-1,0,-1
2020440219600,2020,440219600,1,1,0,18,19,4,8,9,9,2,0,0,0,0,0,1,6,6,2,40,7,-1,-1,-1,-1,6,E01023183,0,-1
20201371R1307,2020,1371R1307,1,9,0,2,2,0,0,0,0,0,0,0,0,0,0,1,6,6,1,-1,-1,-1,-1,-1,-1,-1,-1,0,-1
2020221005936,2020,221005936,1,1,0,18,19,5,1,0,0,0,0,0,0,0,2,1,5,6,2,40,7,-1,-1,-1,-1,3,E01032267,0,-1
2020010271392,2020,010271392,1,19,0,7,7,2,4,0,0,2,0,0,0,0,1,1,6,6,3,-1,-1,-1,-1,-1,-1,-1,-1,0,-1
2020320000105,2020,320000105,1,9,0,18,19,1,5,0,0,0,0,4,0,0,1,1,1,1,1,49,8,-1,-1,-1,-1,2,E01015632,0,-1
2020410949538,2020,410949538,2,9,0,18,19,-1,-1,0,0,0,0,0,0,0,1,1,6,6,3,-1,-1,-1,-1,-1,-1,-1,-1,0,-1
2020401005898,2020,401005898,3,19,0,18,19,4,8,0,0,0,0,0,0,0,3,1,2,2,1,38,7,-1,-1,-1,-1,7,E01021571,0,-1
2020010284109,2020,010284109,2,9,0,99,99,9,9,99,99,9,9,99,9,99,1,9,6,6,3,-1,-1,-1,-1,-1,-1,2,E01000018,0,-1
2020420936603,2020,420936603,1,21,1,18,19,7,3,0,0,4,0,0,0,0,1,2,1,1,1,56,9,-1,-1,-1,-1,-1,-1,0,-1
2020410940484,2020,410940484,2,90,0,18,19,2,8,0,0,1,-1,0,0,0,1,1,6,6,3,-1,-1,-1,-1,-1,-1,-1,-1,0,-1
2020070164171,2020,070164171,1,1,0,18,19,6,2,0,0,1,1,0,0,0,1,1,4,7,1,12,3,-1,-1,-1,-1,1,E01018563,0,-1
2020500986543,2020,500986543,2,1,0,18,19,3,7,0,0,8,0,0,0,0,1,1,6,6,1,49,8,-1,-1,-1,-1,7,E01015134,0,-1
2020200925098,2020,200925098,1,98,0,15,15,6,2,0,0,1,0,10,1,0,1,1,6,6,1,-1,-1,-1,-1,-1,-1,-1,-1,0,-1
2020010260216,2020,010260216,2,8,0,5,5,1,5,0,0,0,0,0,0,0,1,1,1,1,1,51,8,-1,-1,-1,-1,3,E01001638,0,-1
2020010276656,2020,010276656,1,1,0,18,19,5,1,9,9,2,0,0,0,0,1,1,1,1,1,32,6,-1,-1,-1,-1,1,E01033605,0,-1
2020010276090,2020,010276090,2,1,0,9,9,3,1,0,0,8,2,0,0,0,1,1,6,6,1,40,7,-1,-1,-1,-1,7,E01002896,0,-1
2020100959932,2020,100959932,1,9,0,3,3,7,3,0,0,0,0,0,0,0,1,1,6,6,1,50,8,-1,-1,-1,-1,-1,-1,0,-1
2020460977668,2020,460977668,2,1,0,18,19,5,1,0,0,0,0,0,0,0,1,1,2,2,1,33,6,-1,-1,-1,-1,4,E01024090,0,-1