collision_index,collision_year,collision_ref_no,vehicle_reference,vehicle_type,towing_and_articulation,vehicle_manoeuvre_historic,vehicle_manoeuvre,vehicle_direction_from,vehicle_direction_to,vehicle_location_restricted_lane_historic,vehicle_location_restricted_lane,junction_location,skidding_and_overturning,hit_object_in_carriageway,vehicle_leaving_carriageway,hit_object_off_carriageway,first_point_of_impact,vehicle_left_hand_drive,journey_purpose_of_driver_historic,journey_purpose_of_driver,sex_of_driver,age_of_driver,age_band_of_driver,engine_capacity_cc,propulsion_code,age_of_vehicle,generic_make_model,driver_imd_decile,lsoa_of_driver,escooter_flag,driver_distance_banding
2020010267593,2020,010267593,2,1,9,99,99,9,9,99,99,9,9,99,9,99,9,1,6,6,1,45,7,-1,-1,-1,-1,6,E01002200,0,-1
202031C002220,2020,31C002220,2,1,0,18,19,4,8,4,4,1,0,0,0,0,3,1,2,2,1,45,7,-1,-1,-1,-1,6,E01028076,0,-1
2020332001148,2020,332001148,2,9,0,18,19,7,3,0,0,8,0,0,0,0,0,1,6,6,2,45,7,-1,-1,-1,-1,-1,-1,0,-1
2020010254111,2020,010254111,2,1,0,18,19,3,7,0,0,8,2,0,0,0,4,1,6,6,1,52,8,-1,-1,-1,-1,7,E01000237,0,-1
2020522100748,2020,522100748,2,4,0,18,19,7,3,0,0,8,0,0,0,0,2,1,6,6,3,30,6,-1,-1,-1,-1,-1,-1,0,-1
2020361010608,2020,361010608,1,9,0,18,19,3,6,0,0,0,0,0,0,0,4,1,6,6,3,-1,-1,-1,-1,-1,-1,-1,-1,0,-1
2020211001479,2020,211001479,2,1,0,9,9,4,3,0,0,8,0,0,0,0,4,1,6,6,1,55,8,-1,-1,-1,-1,6,E01029522,0,-1
2020010271611,2020,010271611,1,1,9,99,99,9,9,99,99,9,9,99,9,99,9,1,2,2,1,29,6,-1,-1,-1,-1,3,E01004540,0,-1
2020160918773,2020,160918773,2,9,0,2,2,0,0,0,0,0,0,0,0,0,2,1,6,6,3,-1,-1,-1,-1,-1,-1,-1,-1,0,-1
2020140923395,2020,140923395,2,9,0,18,19,1,5,0,0,1,0,0,0,0,1,1,6,6,3,-1,-1,-1,-1,-1,-1,-1,-1,0,-1
2020010240398,2020,010240398,2,2,9,18,19,1,5,99,99,9,9,99,9,99,9,-1,-1,-1,3,-1,-1,-1,-1,-1,-1,-1,-1,0,-1
2020460962477,2020,460962477,2,1,0,18,19,5,1,0,0,2,0,0,0,0,3,1,6,6,1,12,3,-1,-1,-1,-1,8,E01024057,0,-1
2020140974252,2020,140974252,2,97,0,18,19,3,7,0,0,0,2,0,0,0,1,1,6,6,1,62,9,-1,-1,-1,-1,6,E01008006,0,-1
2020220923762,2020,220923762,1,9,0,17,19,7,4,0,0,0,5,10,0,0,1,1,1,1,1,17,4,-1,-1,-1,-1,8,W01000457,0,-1
2020470950634,2020,470950634,1,1,0,18,19,8,4,0,0,0,0,0,0,0,1,1,6,6,1,64,9,-1,-1,-1,-1,9,E01022583,0,-1
2020440238967,2020,440238967,1,9,0,7,7,3,5,0,0,8,0,0,0,0,0,1,6,6,1,17,4,-1,-1,-1,-1,8,E01022815,0,-1
2020010268196,2020,010268196,2,9,9,99,99,9,9,0,0,0,9,0,0,0,1,9,6,6,3,-1,-1,-1,-1,-1,-1,-1,-1,0,-1
2020370984406,2020,370984406,1,19,0,18,19,3,6,0,0,4,0,0,0,0,4,1,5,6,1,44,7,-1,-1,-1,-1,7,E01030019,0,-1
2020010277515,2020,010277515,1,1,0,18,19,3,7,0,0,1,0,0,0,0,1,1,2,2,1,46,8,-1,-1,-1,-1,7,E01024187,0,-1
2020010250167,2020,010250167,1,9,0,99,99,9,9,99,99,9,9,99,9,99,1,9,-1,-1,-1,-1,-1,-1,-1,-1,-1,-1,-1,0,-1
20201372G0983,2020,1372G0983,1,9,0,18,19,6,2,0,0,1,0,0,0,0,1,1,6,6,1,37,7,-1,-1,-1,-1,-1,-1,0,-1
202031B125120,2020,31B125120,1,9,0,18,19,3,7,0,0,0,0,8,0,0,1,1,6,6,3,-1,-1,-1,-1,-1,-1,-1,-1,0,-1
2020040951895,2020,040951895,1,1,0,14,14,3,7,0,0,0,0,4,0,0,1,1,2,2,1,63,9,-1,-1,-1,-1,8,E01025272,0,-1
2020010280475,2020,010280475,1,9,0,10,10,5,2,0,0,0,0,0,0,0,2,1,2,2,1,32,6,-1,-1,-1,-1,4,E01032742,0,-1
2020137A40592,2020,137A40592,1,9,0,2,2,0,0,0,0,0,0,0,0,0,3,1,6,6,1,39,7,-1,-1,-1,-1,10,E01010770,0,-1
2020522100787,2020,522100787,2,9,0,9,9,7,5,0,0,8,0,0,0,0,3,1,6,6,1,40,7,-1,-1,-1,-1,1,E01014605,0,-1
2020041006379,2020,041006379,1,9,0,18,19,1,5,0,0,2,0,10,0,0,0,1,2,2,1,43,7,-1,-1,-1,-1,2,E01025285,0,-1
2020460963483,2020,460963483,1,1,0,18,19,3,7,0,0,0,0,0,0,0,4,1,6,6,1,40,7,-1,-1,-1,-1,6,E01024335,0,-1
2020010250388,2020,010250388,3,1,0,18,19,7,3,0,0,1,0,0,9,0,9,-1,6,6,1,58,9,-1,-1,-1,-1,3,E01003637,0,-1
2020010277334,2020,010277334,2,1,0,18,19,1,5,0,0,1,0,0,0,0,1,1,6,6,1,35,6,-1,-1,-1,-1,5,E01002745,0,-1
2020010272473,2020,010272473,2,1,0,18,19,1,5,2,2,2,0,0,0,0,0,1,6,6,1,31,6,-1,-1,-1,-1,6,E01003378,0,-1
2020440275035,2020,440275035,2,9,0,9,9,5,3,0,0,8,0,0,0,0,4,1,6,6,1,-1,-1,-1,-1,-1,-1,-1,-1,0,-1
2020990946925,2020,990946925,5,9,0,2,2,3,7,0,0,0,0,4,0,0,2,1,6,6,3,-1,-1,-1,-1,-1,-1,-1,-1,0,-1
2020100967901,2020,100967901,2,1,0,18,19,2,6,0,0,0,0,0,0,0,3,1,6,6,1,53,8,-1,-1,-1,-1,10,E01028654,0,-1
2020010228255,2020,010228255,2,1,0,5,5,0,7,0,0,1,5,0,0,0,1,1,2,2,1,38,7,-1,-1,-1,-1,4,E01001023,0,-1
2020010252518,2020,010252518,2,1,0,18,19,7,3,0,0,1,0,0,0,0,1,1,6,6,2,18,4,-1,-1,-1,-1,4,E01003554,0,-1
2020546519020,2020,546519020,1,9,0,18,19,3,7,0,0,0,0,0,0,0,1,1,6,6,2,70,10,-1,-1,-1,-1,10,E01020374,0,-1
2020210943156,2020,210943156,2,9,0,3,3,4,8,0,0,1,0,0,0,0,2,1,6,6,1,36,7,-1,-1,-1,-1,6,E01029778,0,-1
2020460991627,2020,460991627,2,9,0,9,9,1,7,0,0,0,0,0,0,0,1,1,1,1,1,37,7,-1,-1,-1,-1,2,E01024391,0,-1
2020200942941,2020,200942941,2,1,0,18,19,6,2,0,0,1,0,0,0,0,1,1,6,6,2,21,5,-1,-1,-1,-1,1,E01008995,0,-1
2020010254749,2020,010254749,2,1,0,18,19,8,4,0,0,8,0,0,0,0,4,1,6,6,2,37,7,-1,-1,-1,-1,4,E01000546,0,-1
2020332000162,2020,332000162,1,9,0,9,9,2,8,0,0,6,0,0,0,0,1,1,6,6,3,-1,-1,-1,-1,-1,-1,-1,-1,0,-1
202031B017120,2020,31B017120,1,1,0,18,19,8,3,0,0,3,1,0,0,0,0,1,6,6,1,61,9,-1,-1,-1,-1,10,E01007600,0,-1
2020220932549,2020,220932549,2,1,0,18,19,6,2,0,0,0,0,0,1,0,2,1,5,6,2,49,8,-1,-1,-1,-1,4,E01032406,0,-1
2020220952073,2020,220952073,1,3,0,9,9,1,6,0,0,5,1,0,0,0,4,1,5,6,1,35,6,-1,-1,-1,-1,3,E01028903,0,-1
2020010240008,2020,010240008,2,1,0,5,5,1,5,0,0,6,0,0,0,0,2,1,6,6,2,61,9,-1,-1,-1,-1,4,E01004401,0,-1
2020332000757,2020,332000757,4,9,0,10,10,2,8,0,0,8,0,0,0,0,2,1,6,6,2,33,6,-1,-1,-1,-1,2,E01013690,0,-1
2020052000326,2020,052000326,1,9,0,7,7,5,7,0,0,8,0,0,0,0,1,1,1,1,1,29,6,-1,-1,-1,-1,1,E01006699,0,-1
2020470925906,2020,470925906,3,90,-1,2,2,0,0,4,4,1,0,0,0,0,0,1,6,6,3,-1,-1,-1,-1,-1,-1,-1,-1,0,-1
2020440318152,2020,440318152,2,1,0,18,19,7,3,0,0,8,0,0,0,0,4,1,6,6,1,19,4,-1,-1,-1,-1,6,E01029285,0,-1
2020010284672,2020,010284672,1,9,0,18,19,6,2,0,0,0,0,0,0,0,1,1,6,6,3,-1,-1,-1,-1,-1,-1,-1,-1,0,-1
2020170L30470,2020,170L30470,3,9,0,9,9,6,4,0,0,8,0,0,0,0,0,1,6,6,3,-1,-1,-1,-1,-1,-1,-1,-1,0,-1
2020140950112,2020,140950112,2,1,0,7,7,7,2,0,0,1,0,0,1,0,3,1,6,6,1,44,7,-1,-1,-1,-1,1,E01007902,0,-1
2020470938494,2020,470938494,1,9,0,18,19,5,1,0,0,0,0,0,0,0,0,1,6,6,3,-1,-1,-1,-1,-1,-1,-1,-1,0,-1
2020522000225,2020,522000225,2,1,0,18,19,6,1,0,0,8,0,0,0,0,1,1,6,6,1,23,5,-1,-1,-1,-1,8,E01014416,0,-1
2020332000679,2020,332000679,1,9,0,5,5,3,7,0,0,8,0,6,1,11,1,1,6,6,1,54,8,-1,-1,-1,-1,8,E01025981,0,-1
2020122000239,2020,122000239,2,1,0,9,9,8,6,0,0,8,0,0,0,0,1,1,6,6,1,62,9,-1,-1,-1,-1,6,E01013412,0,-1
2020230960130,2020,230960130,1,1,0,18,19,3,7,0,0,1,0,0,0,0,1,1,5,6,1,44,7,-1,-1,-1,-1,5,E01031050,0,-1
2020220972468,2020,220972468,2,9,0,4,4,8,4,0,0,1,0,0,0,0,2,1,2,2,2,33,6,-1,-1,-1,-1,5,E01032305,0,-1
2020420925214,2020,420925214,1,9,0,4,4,7,3,0,0,0,0,0,0,0,2,1,6,6,1,63,9,-1,-1,-1,-1,-1,-1,0,-1
2020010279950,2020,010279950,1,1,9,99,99,9,9,99,99,9,9,99,9,99,9,1,2,2,2,49,8,-1,-1,-1,-1,4,E01002650,0,-1
2020010275323,2020,010275323,2,9,0,13,13,5,1,0,0,1,0,0,0,0,1,1,6,6,3,-1,-1,-1,-1,-1,-1,-1,-1,0,-1
2020420933684,2020,420933684,3,9,0,4,4,2,6,0,0,0,0,0,0,0,2,1,6,6,1,37,7,-1,-1,-1,-1,10,E01021584,0,-1
2020052002333,2020,052002333,1,9,0,18,19,7,3,0,0,1,0,0,0,0,1,1,6,6,3,-1,-1,-1,-1,-1,-1,-1,-1,0,-1
2020350952753,2020,350952753,1,9,0,4,4,7,3,0,0,4,0,0,0,0,1,1,5,6,2,53,8,-1,-1,-1,-1,8,E01015629,0,-1
2020052000791,2020,052000791,1,9,0,18,19,8,4,0,0,0,0,0,0,0,0,1,6,6,3,-1,-1,-1,-1,-1,-1,-1,-1,0,-1
2020010246220,2020,010246220,2,1,0,18,19,3,7,0,0,1,0,0,0,0,3,1,6,6,1,53,8,-1,-1,-1,-1,7,E01030420,0,-1
2020010241597,2020,010241597,1,1,9,99,99,9,9,99,99,2,9,99,9,99,2,1,2,2,1,39,7,-1,-1,-1,-1,2,E01004398,0,-1
2020622000429,2020,622000429,2,1,0,18,19,5,1,0,0,1,0,0,0,0,2,1,6,6,2,21,5,-1,-1,-1,-1,4,W01001234,0,-1
2020010228374,2020,010228374,1,1,9,99,99,9,9,99,99,9,9,99,9,99,9,1,2,2,1,53,8,-1,-1,-1,-1,8,E01000695,0,-1
2020160957590,2020,160957590,2,1,0,18,19,3,7,4,4,0,0,4,1,0,1,1,6,6,2,54,8,-1,-1,-1,-1,7,E01013186,0,-1
2020622001043,2020,622001043,1,1,0,18,19,4,8,0,0,0,1,0,0,0,1,1,6,6,1,23,5,-1,-1,-1,-1,3,W01001042,0,-1
2020450918118,2020,450918118,3,98,0,18,19,3,7,0,0,0,0,0,0,0,0,1,6,6,3,50,8,-1,-1,-1,-1,-1,-1,0,-1
2020990970971,2020,990970971,1,97,0,18,19,1,3,9,9,1,0,10,3,0,1,1,6,6,1,26,6,-1,-1,-1,-1,9,-1,0,-1
2020990947438,2020,990947438,2,1,0,14,14,3,7,0,0,0,0,0,0,0,1,1,5,6,2,33,6,-1,-1,-1,-1,7,-1,0,-1
2020010250752,2020,010250752,1,1,9,99,99,9,9,99,99,9,9,99,9,99,9,1,6,6,2,31,6,-1,-1,-1,-1,3,E01001768,0,-1
2020200993153,2020,200993153,1,9,0,5,5,4,1,0,0,6,0,0,0,0,4,1,6,6,3,30,6,-1,-1,-1,-1,-1,-1,0,-1
202060Y111598,2020,60Y111598,1,98,0,18,19,5,1,0,0,0,0,4,0,0,1,1,1,1,1,66,10,-1,-1,-1,-1,-1,-1,0,-1
2020302000669,2020,302000669,2,1,0,9,9,6,5,0,0,4,0,0,0,0,2,1,6,6,1,39,7,-1,-1,-1,-1,8,E01019583,0,-1
2020010268208,2020,010268208,2,1,0,18,19,3,7,0,0,8,0,0,0,0,1,1,6,6,1,17,4,-1,-1,-1,-1,5,E01002660,0,-1
2020450957678,2020,450957678,1,1,0,18,19,5,1,9,9,8,0,0,0,0,1,1,6,6,1,52,8,-1,-1,-1,-1,9,E01030880,0,-1
2020440110029,2020,440110029,2,9,0,18,19,4,8,0,0,8,0,0,0,0,1,1,6,6,1,-1,-1,-1,-1,-1,-1,-1,-1,0,-1
2020137AC0300,2020,137AC0300,4,1,0,18,19,1,5,0,0,0,0,0,0,0,3,1,2,2,1,58,9,-1,-1,-1,-1,6,E01010797,0,-1
2020010247729,2020,010247729,1,1,9,99,99,9,9,99,99,0,9,99,9,99,9,1,6,6,1,50,8,-1,-1,-1,-1,4,E01002016,0,-1
2020140997752,2020,140997752,2,1,0,5,5,4,8,0,0,0,0,0,0,0,1,1,6,6,1,26,6,-1,-1,-1,-1,2,E01007448,0,-1
2020350949354,2020,350949354,2,9,0,18,19,6,2,0,0,1,0,0,0,0,1,1,1,1,1,59,9,-1,-1,-1,-1,3,E01001546,0,-1
2020430160907,2020,430160907,1,20,0,7,7,6,8,0,0,6,0,0,0,0,1,1,6,6,3,-1,-1,-1,-1,-1,-1,-1,-1,0,-1
2020010262833,2020,010262833,1,9,0,7,7,1,2,0,0,2,0,0,0,0,2,1,2,2,1,42,7,-1,-1,-1,-1,2,E01003623,0,-1
2020461017652,2020,461017652,1,19,0,4,4,3,7,0,0,0,0,0,0,0,2,1,5,6,3,-1,-1,-1,-1,-1,-1,-1,-1,0,-1
2020430349770,2020,430349770,2,1,0,18,19,2,6,0,0,8,0,0,0,0,3,1,6,6,1,43,7,-1,-1,-1,-1,8,E01033305,0,-1
2020470984035,2020,470984035,1,9,0,10,10,3,1,0,0,1,0,0,0,0,2,2,1,1,1,59,9,-1,-1,-1,-1,10,E01031713,0,-1
2020010230360,2020,010230360,1,1,9,99,99,9,9,99,99,0,9,99,9,99,1,1,6,6,1,38,7,-1,-1,-1,-1,4,E01002696,0,-1
2020210943667,2020,210943667,2,1,0,18,19,3,6,0,0,3,0,0,0,0,1,1,6,6,1,15,3,-1,-1,-1,-1,9,E01029466,0,-1
2020070607883,2020,070607883,2,1,0,18,19,3,7,0,0,2,0,0,0,0,1,1,6,6,1,31,6,-1,-1,-1,-1,-1,-1,0,-1
2020010253630,2020,010253630,1,9,0,18,19,7,3,0,0,1,0,0,0,0,0,1,6,6,1,52,8,-1,-1,-1,-1,-1,-1,0,-1
2020040920829,2020,040920829,1,9,0,7,7,3,7,0,0,5,0,0,1,0,4,2,6,6,1,24,5,-1,-1,-1,-1,7,E01006884,0,-1
2020420938876,2020,420938876,2,9,0,3,3,4,7,0,0,0,0,0,0,0,2,1,5,6,2,49,8,-1,-1,-1,-1,8,E01021708,0,-1
2020010251872,2020,010251872,1,9,0,99,99,9,9,99,99,9,9,99,9,99,9,9,6,6,3,-1,-1,-1,-1,-1,-1,-1,-1,0,-1
2020140956825,2020,140956825,2,9,0,4,4,7,2,0,0,0,0,0,0,0,1,1,6,6,2,-1,-1,-1,-1,-1,-1,10,E01007430,0,-1
202006L175050,2020,06L175050,1,1,0,18,19,5,1,0,0,2,0,0,0,0,1,1,1,1,1,35,6,-1,-1,-1,-1,-1,-1,0,-1
2020010247651,2020,010247651,2,9,0,18,19,3,7,0,0,8,0,0,0,0,1,1,6,6,3,-1,-1,-1,-1,-1,-1,-1,-1,0,-1
202060Y103017,2020,60Y103017,2,9,0,18,19,1,5,0,0,0,0,0,0,0,1,1,6,6,1,50,8,-1,-1,-1,-1,-1,-1,0,-1
2020010253384,2020,010253384,2,1,0,6,6,7,7,0,0,5,0,0,0,0,1,1,6,6,1,44,7,-1,-1,-1,-1,5,E01001301,0,-1
2020010249398,2020,010249398,1,1,0,99,99,9,9,0,0,8,0,0,0,0,9,1,2,2,1,38,7,-1,-1,-1,-1,4,E01002663,0,-1
2020070080700,2020,070080700,1,9,0,5,5,6,4,0,0,6,0,0,0,0,0,1,6,6,3,-1,-1,-1,-1,-1,-1,-1,-1,0,-1
2020140972625,2020,140972625,2,1,0,13,13,3,7,0,0,0,0,0,0,0,4,1,6,6,1,42,7,-1,-1,-1,-1,5,E01007909,0,-1
2020990920570,2020,990920570,2,1,0,17,19,5,8,0,0,4,0,0,3,0,4,1,5,6,1,49,8,-1,-1,-1,-1,10,-1,0,-1
2020332000349,2020,332000349,2,9,0,18,19,6,2,0,0,4,0,0,0,0,2,1,6,6,1,38,7,-1,-1,-1,-1,10,E01002153,0,-1
2020500941542,2020,500941542,2,1,0,18,19,3,7,0,0,0,0,0,0,0,1,1,6,6,1,10,2,-1,-1,-1,-1,3,E01019053,0,-1
2020010263518,2020,010263518,1,9,0,18,19,1,5,0,0,0,5,4,0,0,1,1,6,6,2,24,5,-1,-1,-1,-1,1,E01001545,0,-1
2020137720677,2020,137720677,1,9,0,1,1,2,6,7,6,0,0,0,0,0,4,1,1,1,1,-1,-1,-1,-1,-1,-1,-1,-1,0,-1
2020460974689,2020,460974689,1,9,0,4,4,3,7,0,0,0,0,0,0,0,0,1,6,6,3,-1,-1,-1,-1,-1,-1,-1,-1,0,-1
202006P278177,2020,06P278177,2,1,0,16,19,7,8,0,0,8,0,0,0,0,1,1,6,6,2,54,8,-1,-1,-1,-1,9,E01005598,0,-1
2020010248707,2020,010248707,2,1,0,18,19,1,5,0,0,1,0,4,0,0,4,1,6,6,2,29,6,-1,-1,-1,-1,2,E01002078,0,-1
2020010264117,2020,010264117,1,9,0,18,19,1,5,0,0,9,0,99,0,0,9,9,6,6,3,-1,-1,-1,-1,-1,-1,-1,-1,0,-1
2020302001231,2020,302001231,2,9,0,18,19,6,2,0,0,0,0,0,0,0,0,1,6,6,3,-1,-1,-1,-1,-1,-1,5,E01019456,0,-1
202060Y179194,2020,60Y179194,2,20,0,2,2,0,0,0,0,0,0,0,0,0,2,1,1,1,1,42,7,-1,-1,-1,-1,-1,-1,0,-1
2020010281730,2020,010281730,2,4,0,18,19,5,1,0,0,2,0,0,0,0,1,1,6,6,1,19,4,-1,-1,-1,-1,5,E01017867,0,-1
2020430113681,2020,430113681,2,1,0,18,19,5,1,0,0,8,0,0,0,0,4,1,6,6,2,30,6,-1,-1,-1,-1,7,E01017423,0,-1
20201371R0187,2020,1371R0187,1,19,0,18,19,6,2,0,0,0,2,0,0,0,3,1,1,1,1,19,4,-1,-1,-1,-1,2,E01006308,0,-1
2020440260155,2020,440260155,2,17,0,17,19,4,8,0,0,0,0,0,0,0,1,1,1,1,1,68,10,-1,-1,-1,-1,7,E01022489,0,-1
2020440315190,2020,440315190,2,9,0,18,19,2,6,0,0,1,0,0,0,0,1,1,6,6,2,44,7,-1,-1,-1,-1,2,E01017149,0,-1
2020461001975,2020,461001975,3,9,0,4,4,5,1,0,0,0,0,0,0,0,2,1,6,6,1,38,7,-1,-1,-1,-1,6,E01016057,0,-1
2020137AR0436,2020,137AR0436,1,9,0,18,19,3,7,0,0,4,0,0,0,0,1,1,6,6,1,75,10,-1,-1,-1,-1,-1,-1,0,-1
202006K173936,2020,06K173936,1,9,0,18,19,4,8,0,0,1,0,0,0,0,1,1,6,6,3,30,6,-1,-1,-1,-1,-1,-1,0,-1
2020302000554,2020,302000554,2,1,0,5,5,8,3,0,0,4,0,0,0,0,1,1,6,6,1,27,6,-1,-1,-1,-1,2,E01013598,0,-1
2020430370418,2020,430370418,2,19,0,13,13,5,1,0,0,1,0,0,0,0,1,1,1,1,1,63,9,-1,-1,-1,-1,-1,-1,0,-1
202006F174281,2020,06F174281,1,19,0,18,19,6,2,0,0,2,0,0,0,0,1,1,6,6,1,30,6,-1,-1,-1,-1,-1,-1,0,-1
2020332001018,2020,332001018,2,9,0,18,19,1,5,0,0,0,0,0,1,4,4,1,6,6,2,19,4,-1,-1,-1,-1,7,E01027135,0,-1
2020140950259,2020,140950259,2,1,0,18,19,3,7,0,0,1,0,0,0,0,1,1,6,6,1,21,5,-1,-1,-1,-1,7,E01007997,0,-1
2020332000686,2020,332000686,2,1,0,18,19,6,2,0,0,2,0,0,0,0,1,1,6,6,1,13,3,-1,-1,-1,-1,1,E01013754,0,-1
2020052002610,2020,052002610,1,3,0,18,19,9,9,0,0,0,0,0,0,0,1,1,6,6,3,-1,-1,-1,-1,-1,-1,-1,-1,0,-1
2020332001144,2020,332001144,1,19,0,18,19,5,1,0,0,0,0,0,0,0,0,1,6,6,1,61,9,-1,-1,-1,-1,-1,-1,0,-1
2020320147149,2020,320147149,2,1,0,18,19,1,5,0,0,1,0,0,0,0,1,1,6,6,1,60,9,-1,-1,-1,-1,5,E01026243,0,-1
202006A276611,2020,06A276611,2,9,0,18,19,7,3,0,0,1,0,0,0,0,1,1,6,6,3,-1,-1,-1,-1,-1,-1,-1,-1,0,-1
2020530920237,2020,530920237,1,19,0,18,19,-1,-1,0,0,0,0,0,0,0,1,1,6,6,1,-1,-1,-1,-1,-1,-1,-1,-1,0,-1
2020350983391,2020,350983391,1,1,0,18,19,6,2,4,4,1,0,0,0,0,3,1,5,6,1,18,4,-1,-1,-1,-1,7,E01032795,0,-1
2020160974234,2020,160974234,1,98,0,18,19,3,7,0,0,1,0,0,0,0,1,1,1,1,1,31,6,-1,-1,-1,-1,2,E01012775,0,-1
2020540384020,2020,540384020,1,9,0,16,19,7,3,0,0,3,1,0,0,0,1,1,1,1,1,39,7,-1,-1,-1,-1,10,E01015564,0,-1
2020400997069,2020,400997069,1,8,0,18,19,2,6,0,0,0,0,0,0,0,0,1,6,6,3,-1,-1,-1,-1,-1,-1,-1,-1,0,-1
2020990931558,2020,990931558,2,1,0,5,5,3,7,0,0,8,0,0,0,0,1,1,1,1,1,32,6,-1,-1,-1,-1,6,-1,0,-1
2020010257942,2020,010257942,1,1,0,18,19,1,5,0,0,2,2,4,0,0,1,1,1,1,1,45,7,-1,-1,-1,-1,6,E01004608,0,-1
2020990936992,2020,990936992,2,9,0,16,19,8,4,0,0,0,0,0,0,0,2,1,1,1,1,36,7,-1,-1,-1,-1,5,-1,0,-1
2020990956083,2020,990956083,1,97,0,18,19,7,3,0,0,1,2,10,8,0,1,1,6,6,3,20,4,-1,-1,-1,-1,-1,-1,0,-1
2020070510246,2020,070510246,2,19,0,9,9,6,4,0,0,8,0,0,0,0,3,1,6,6,3,-1,-1,-1,-1,-1,-1,-1,-1,0,-1
2020332000953,2020,332000953,2,9,0,4,4,8,4,0,0,1,0,0,0,0,1,1,2,2,1,32,6,-1,-1,-1,-1,7,E01013686,0,-1
2020990998860,2020,990998860,1,9,0,18,19,5,1,0,0,0,0,0,0,0,1,1,6,6,3,25,5,-1,-1,-1,-1,-1,-1,0,-1
2020040992333,2020,040992333,2,9,0,2,2,0,0,0,0,0,0,0,0,0,4,1,6,6,3,-1,-1,-1,-1,-1,-1,-1,-1,0,-1
202006Q173711,2020,06Q173711,2,9,0,9,9,4,2,0,0,8,0,0,0,0,3,1,6,6,1,50,8,-1,-1,-1,-1,2,E01005320,0,-1
2020010230192,2020,010230192,2,9,0,99,99,9,9,99,99,9,9,99,9,99,9,9,6,6,3,-1,-1,-1,-1,-1,-1,-1,-1,0,-1
2020522003470,2020,522003470,2,2,0,18,19,2,6,0,0,0,0,0,0,0,1,1,6,6,3,-1,-1,-1,-1,-1,-1,-1,-1,0,-1
2020010237148,2020,010237148,2,1,0,18,19,1,5,0,0,1,0,0,0,0,1,1,2,2,1,50,8,-1,-1,-1,-1,7,E01000135,0,-1
2020010246816,2020,010246816,2,97,0,99,99,9,9,99,99,9,9,99,9,99,1,9,6,6,3,-1,-1,-1,-1,-1,-1,-1,-1,0,-1
2020430046975,2020,430046975,1,9,0,7,7,8,1,0,0,5,0,0,0,0,1,1,2,2,1,61,9,-1,-1,-1,-1,9,E01016276,0,-1
202006N175093,2020,06N175093,1,9,0,18,19,6,2,0,0,0,0,0,0,0,0,1,6,6,1,30,6,-1,-1,-1,-1,-1,-1,0,-1
2020470950325,2020,470950325,2,1,0,18,19,5,1,0,0,0,0,0,0,0,0,1,6,6,1,66,10,-1,-1,-1,-1,3,E01016894,0,-1
2020522001682,2020,522001682,1,9,0,18,19,3,7,0,0,8,0,0,0,0,1,1,6,6,2,22,5,-1,-1,-1,-1,2,E01014810,0,-1
2020010278194,2020,010278194,1,1,0,18,19,3,7,0,0,0,5,12,0,0,1,1,6,6,2,62,9,-1,-1,-1,-1,9,E01003875,0,-1
2020110963523,2020,110963523,2,1,0,18,19,5,8,0,0,8,0,0,0,0,4,1,2,2,1,50,8,-1,-1,-1,-1,9,E01020611,0,-1
2020010264014,2020,010264014,2,9,0,99,99,9,9,99,99,9,9,99,9,99,9,9,6,6,3,-1,-1,-1,-1,-1,-1,-1,-1,0,-1
2020010278496,2020,010278496,2,9,0,18,19,3,7,0,0,0,0,0,0,0,3,1,6,6,3,-1,-1,-1,-1,-1,-1,-1,-1,0,-1
2020010284231,2020,010284231,2,1,0,5,5,1,5,0,0,1,2,0,0,0,3,1,6,6,1,14,3,-1,-1,-1,-1,-1,-1,0,-1
2020470975926,2020,470975926,2,1,0,18,19,5,1,0,0,8,5,0,1,0,2,1,2,2,1,36,7,-1,-1,-1,-1,10,E01031718,0,-1
2020010284397,2020,010284397,1,1,9,99,99,9,9,99,99,9,9,99,9,99,9,1,2,2,1,46,8,-1,-1,-1,-1,4,E01031096,0,-1
2020522002778,2020,522002778,1,1,0,18,19,5,1,0,0,0,0,0,0,0,1,1,6,6,1,71,10,-1,-1,-1,-1,2,E01014462,0,-1
2020010276976,2020,010276976,2,1,0,5,5,3,7,0,0,1,0,0,0,0,2,1,6,6,1,67,10,-1,-1,-1,-1,7,E01002911,0,-1
2020350965509,2020,350965509,2,1,0,18,19,5,1,0,0,0,0,0,0,0,3,1,5,6,1,22,5,-1,-1,-1,-1,10,E01018134,0,-1
2020332000533,2020,332000533,1,5,0,18,19,6,2,0,0,2,0,0,0,0,1,1,6,6,1,19,4,-1,-1,-1,-1,9,E01025921,0,-1
2020990939334,2020,990939334,1,9,0,18,19,5,1,0,0,1,0,0,0,0,1,1,6,6,3,25,5,-1,-1,-1,-1,-1,-1,0,-1
2020370923626,2020,370923626,2,9,0,10,10,2,6,0,0,1,0,0,0,0,2,1,2,2,2,39,7,-1,-1,-1,-1,6,E01029919,0,-1
2020220938541,2020,220938541,1,9,0,9,9,7,5,0,0,5,0,0,0,0,1,1,6,6,1,42,7,-1,-1,-1,-1,-1,-1,0,-1
2020332000490,2020,332000490,1,97,0,4,4,3,7,0,0,8,0,0,0,0,1,1,1,1,1,21,5,-1,-1,-1,-1,8,E01025873,0,-1
2020010286834,2020,010286834,2,23,0,18,19,7,3,2,2,1,5,10,0,0,1,1,1,1,1,35,6,-1,-1,-1,-1,6,E01002724,0,-1
2020010235188,2020,010235188,2,9,9,15,15,3,7,0,0,1,9,0,0,99,3,1,6,6,3,-1,-1,-1,-1,-1,-1,-1,-1,0,-1
202060Y053370,2020,60Y053370,1,97,0,13,13,5,2,0,0,0,0,0,0,0,3,1,2,2,1,28,6,-1,-1,-1,-1,-1,-1,0,-1
2020500984789,2020,500984789,1,9,4,9,9,7,5,0,0,6,0,0,0,0,4,1,5,6,2,49,8,-1,-1,-1,-1,3,E01018990,0,-1
2020522003755,2020,522003755,2,9,0,18,19,4,8,0,0,1,0,0,0,0,1,1,6,6,1,61,9,-1,-1,-1,-1,7,E01029130,0,-1
2020440448527,2020,440448527,2,1,0,18,19,2,6,0,0,0,0,0,1,0,1,1,4,7,1,13,3,-1,-1,-1,-1,4,E01022723,0,-1