collision_index,collision_year,collision_ref_no,vehicle_reference,vehicle_type,towing_and_articulation,vehicle_manoeuvre_historic,vehicle_manoeuvre,vehicle_direction_from,vehicle_direction_to,vehicle_location_restricted_lane_historic,vehicle_location_restricted_lane,junction_location,skidding_and_overturning,hit_object_in_carriageway,vehicle_leaving_carriageway,hit_object_off_carriageway,first_point_of_impact,vehicle_left_hand_drive,journey_purpose_of_driver_historic,journey_purpose_of_driver,sex_of_driver,age_of_driver,age_band_of_driver,engine_capacity_cc,propulsion_code,age_of_vehicle,generic_make_model,driver_imd_decile,lsoa_of_driver,escooter_flag,driver_distance_banding
2020460981416,2020,460981416,2,1,0,14,14,4,8,0,0,0,5,0,0,0,2,1,6,6,1,35,6,-1,-1,-1,-1,8,E01024043,0,-1
2020360942976,2020,360942976,1,9,0,18,19,5,1,0,0,0,0,0,0,0,1,1,5,6,1,62,9,-1,-1,-1,-1,2,E01026689,0,-1
2020010235351,2020,010235351,1,1,9,99,99,6,2,0,0,1,9,0,0,99,1,1,2,2,1,51,8,-1,-1,-1,-1,2,E01004364,0,-1
2020010959306,2020,010959306,1,4,0,5,5,1,8,0,0,0,0,0,0,0,4,1,6,6,1,47,8,-1,-1,-1,-1,3,E01003720,0,-1
2020360938654,2020,360938654,1,22,0,18,19,7,3,0,0,0,0,0,0,0,1,1,5,6,1,78,11,-1,-1,-1,-1,2,E01026459,0,-1
2020010243459,2020,010243459,1,1,9,99,99,9,9,99,99,9,9,99,9,99,2,1,6,6,2,40,7,-1,-1,-1,-1,4,E01000928,0,-1
2020200955474,2020,200955474,2,9,0,18,19,3,7,0,0,8,0,0,0,0,3,1,6,6,1,67,10,-1,-1,-1,-1,7,E01010024,0,-1
2020010256426,2020,010256426,1,1,9,18,19,7,3,0,0,1,5,0,0,99,1,1,2,2,1,46,8,-1,-1,-1,-1,4,E01003776,0,-1
2020010254394,2020,010254394,1,90,9,99,99,9,9,99,99,9,9,99,9,99,1,9,6,6,3,-1,-1,-1,-1,-1,-1,-1,-1,0,-1
2020522100384,2020,522100384,1,9,0,18,19,6,1,0,0,1,0,0,0,0,1,1,6,6,1,59,9,-1,-1,-1,-1,4,E01014445,0,-1
2020350985465,2020,350985465,1,9,0,6,6,4,5,0,0,0,0,0,0,0,4,1,6,6,1,20,4,-1,-1,-1,-1,-1,-1,0,-1
2020010251006,2020,010251006,2,-1,0,18,19,5,1,0,0,1,0,0,0,0,1,1,6,6,2,14,3,-1,-1,-1,-1,9,E01004191,1,-1
2020430210929,2020,430210929,1,9,0,18,19,3,6,0,0,1,0,0,0,0,1,1,6,6,1,60,9,-1,-1,-1,-1,9,E01031147,0,-1
2020052001218,2020,052001218,2,1,0,18,19,5,1,0,0,0,0,0,0,0,0,1,6,6,1,35,6,-1,-1,-1,-1,1,E01006544,0,-1
2020522100639,2020,522100639,1,9,0,1,1,8,4,0,0,8,0,0,0,0,4,1,1,1,1,49,8,-1,-1,-1,-1,9,E01014862,0,-1
2020500989006,2020,500989006,1,9,0,9,9,1,7,0,0,2,0,0,0,0,0,1,5,6,2,27,6,-1,-1,-1,-1,9,E01033236,0,-1
2020010281496,2020,010281496,1,1,9,99,99,9,9,99,99,9,9,99,9,99,2,1,6,6,2,42,7,-1,-1,-1,-1,8,E01003777,0,-1
2020040982352,2020,040982352,2,9,0,7,7,3,1,0,0,1,0,0,0,0,1,1,1,1,1,45,7,-1,-1,-1,-1,1,E01024925,0,-1
2020350955045,2020,350955045,4,9,0,4,4,5,1,0,0,6,0,0,0,0,1,1,6,6,1,60,9,-1,-1,-1,-1,9,E01018307,0,-1
2020470980049,2020,470980049,1,9,0,13,13,7,3,0,0,8,0,0,0,0,4,1,6,6,3,-1,-1,-1,-1,-1,-1,-1,-1,0,-1
2020137B31286,2020,137B31286,1,9,0,18,19,1,5,0,0,0,0,0,0,0,0,1,6,6,1,-1,-1,-1,-1,-1,-1,-1,-1,0,-1
2020160922953,2020,160922953,2,1,0,18,19,1,5,9,9,1,0,0,0,0,1,1,6,6,1,22,5,-1,-1,-1,-1,-1,-1,0,-1
2020141006283,2020,141006283,1,2,0,18,19,1,5,0,0,0,0,0,0,0,1,1,5,6,1,22,5,-1,-1,-1,-1,3,E01007322,0,-1
2020010232163,2020,010232163,1,1,9,99,99,9,9,99,99,9,9,99,9,99,1,1,2,2,1,39,7,-1,-1,-1,-1,10,E01030396,0,-1
202060Y103949,2020,60Y103949,2,9,0,18,19,1,5,0,0,0,0,0,0,0,3,1,6,6,2,54,8,-1,-1,-1,-1,-1,-1,0,-1
2020010260429,2020,010260429,2,1,9,99,99,9,9,99,99,9,9,99,9,99,1,1,6,6,3,-1,-1,-1,-1,-1,-1,4,E01004339,0,-1
2020430033468,2020,430033468,1,3,0,16,19,5,8,0,0,1,0,0,0,0,2,1,1,1,1,22,5,-1,-1,-1,-1,8,E01016418,0,-1
2020010234486,2020,010234486,2,9,0,99,99,9,9,99,99,9,9,99,9,99,9,9,6,6,3,-1,-1,-1,-1,-1,-1,-1,-1,0,-1
2020010260118,2020,010260118,2,1,0,9,9,5,3,0,0,1,0,0,1,0,2,1,6,6,1,46,8,-1,-1,-1,-1,2,E01004219,0,-1
2020100928457,2020,100928457,1,9,0,18,19,5,1,0,0,0,2,0,2,0,1,1,5,6,2,31,6,-1,-1,-1,-1,1,E01020747,0,-1
2020200951444,2020,200951444,2,1,0,-1,-1,-1,-1,0,0,-1,0,0,0,0,1,1,6,6,1,57,9,-1,-1,-1,-1,5,E01009280,0,-1
202060Y034613,2020,60Y034613,4,9,0,18,19,4,8,0,0,2,0,0,0,0,0,1,6,6,1,21,5,-1,-1,-1,-1,-1,-1,0,-1
2020430275591,2020,430275591,1,9,0,18,19,5,1,0,0,0,0,0,0,0,3,1,6,6,1,-1,-1,-1,-1,-1,-1,-1,-1,0,-1
2020450950229,2020,450950229,2,1,0,18,19,7,3,0,0,1,0,0,0,0,1,1,5,6,1,51,8,-1,-1,-1,-1,8,E01016192,0,-1
2020010261928,2020,010261928,2,9,0,14,14,3,7,0,0,2,0,0,0,0,1,1,6,6,1,29,6,-1,-1,-1,-1,6,E01001284,0,-1
2020332000759,2020,332000759,1,9,0,3,3,2,6,0,0,0,0,0,0,0,2,1,6,6,2,45,7,-1,-1,-1,-1,1,E01013725,0,-1
2020010253084,2020,010253084,1,1,9,18,19,1,5,0,0,2,9,99,9,99,9,1,6,6,1,27,6,-1,-1,-1,-1,1,E01004541,0,-1
2020420955418,2020,420955418,1,1,0,7,7,5,1,0,0,1,0,0,0,0,3,1,5,6,1,23,5,-1,-1,-1,-1,-1,-1,0,-1
2020010262139,2020,010262139,2,1,0,17,19,7,3,0,0,0,0,0,1,0,4,1,6,6,1,44,7,-1,-1,-1,-1,7,E01002187,0,-1
2020461015429,2020,461015429,1,98,0,9,9,3,7,0,0,1,0,0,0,0,1,1,6,6,1,-1,-1,-1,-1,-1,-1,-1,-1,0,-1
2020220987289,2020,220987289,2,9,0,9,9,1,7,0,0,2,0,0,0,0,1,1,6,6,3,34,6,-1,-1,-1,-1,-1,-1,0,-1
2020010237502,2020,010237502,1,9,0,99,99,9,9,99,99,9,9,99,9,99,1,9,6,6,3,-1,-1,-1,-1,-1,-1,-1,-1,0,-1
2020340N08172,2020,340N08172,2,11,0,2,2,0,0,0,0,0,0,0,0,0,0,1,1,1,3,-1,-1,-1,-1,-1,-1,-1,-1,0,-1
2020010260702,2020,010260702,3,1,0,18,19,1,5,0,0,1,0,0,0,0,0,1,6,6,1,46,8,-1,-1,-1,-1,8,E01002499,0,-1
2020010265056,2020,010265056,2,8,0,9,9,5,3,0,0,6,0,0,0,0,1,1,1,1,1,62,9,-1,-1,-1,-1,5,E01015928,0,-1
2020340N02832,2020,340N02832,3,9,0,3,3,1,5,0,0,0,0,0,0,0,0,1,6,6,3,-1,-1,-1,-1,-1,-1,-1,-1,0,-1
2020230917264,2020,230917264,2,9,0,18,19,5,2,0,0,1,0,0,0,0,1,1,2,2,2,54,8,-1,-1,-1,-1,-1,-1,0,-1
2020200964964,2020,200964964,2,9,0,18,19,2,6,0,0,1,0,0,0,0,0,1,1,1,1,25,5,-1,-1,-1,-1,3,E01009005,0,-1
2020010272524,2020,010272524,2,-1,0,13,13,3,7,0,0,0,0,0,0,0,1,1,6,6,1,30,6,-1,-1,-1,-1,-1,-1,1,-1
2020430283328,2020,430283328,1,3,0,18,19,4,8,0,0,0,0,0,1,1,1,1,6,6,1,16,4,-1,-1,-1,-1,9,E01032953,0,-1
2020522002781,2020,522002781,1,21,0,18,19,4,1,0,0,8,0,0,0,0,1,1,1,1,1,37,7,-1,-1,-1,-1,9,E01014919,0,-1
2020430289849,2020,430289849,2,1,0,18,19,4,8,0,0,8,0,0,0,0,3,1,6,6,1,61,9,-1,-1,-1,-1,10,E01028721,0,-1
202006G177536,2020,06G177536,2,5,0,9,9,4,2,0,0,8,0,0,0,0,1,1,6,6,1,30,6,-1,-1,-1,-1,-1,-1,0,-1
2020530939809,2020,530939809,1,9,0,-1,-1,-1,-1,-1,-1,0,-1,-1,-1,0,-1,1,6,6,3,-1,-1,-1,-1,-1,-1,-1,-1,0,-1
2020522004080,2020,522004080,1,9,0,18,19,7,3,0,0,1,0,0,0,0,4,1,3,7,2,30,6,-1,-1,-1,-1,1,E01032515,0,-1
2020440068113,2020,440068113,2,19,0,5,5,8,4,0,0,0,0,0,0,0,3,1,1,1,1,49,8,-1,-1,-1,-1,10,E01022624,0,-1
2020010273994,2020,010273994,1,11,0,18,19,5,1,2,2,0,0,0,0,0,0,1,6,6,1,48,8,-1,-1,-1,-1,6,E01023903,0,-1
2020010252090,2020,010252090,2,1,0,7,7,1,4,0,0,3,0,0,0,0,3,1,6,6,1,54,8,-1,-1,-1,-1,4,E01003718,0,-1
2020170M30420,2020,170M30420,2,19,0,18,19,7,3,0,0,8,0,0,0,0,1,1,1,1,1,35,6,-1,-1,-1,-1,6,E01012213,0,-1
2020010252449,2020,010252449,1,1,9,99,99,9,9,99,99,1,9,99,9,99,1,1,2,2,2,31,6,-1,-1,-1,-1,3,E01033583,0,-1
2020470948211,2020,470948211,2,9,0,16,19,1,4,0,0,0,0,0,0,0,0,1,6,6,3,-1,-1,-1,-1,-1,-1,-1,-1,0,-1
2020010268819,2020,010268819,2,1,0,9,9,7,5,0,0,1,5,0,0,0,1,1,6,6,1,7,2,-1,-1,-1,-1,2,E01033705,0,-1
2020520100796,2020,520100796,1,9,0,18,19,5,1,0,0,1,0,0,0,0,1,1,6,6,1,23,5,-1,-1,-1,-1,3,E01029112,0,-1
2020361010916,2020,361010916,2,1,0,18,19,8,2,0,0,0,0,0,0,0,1,1,1,1,2,27,6,-1,-1,-1,-1,8,E01026840,0,-1
2020340S07042,2020,340S07042,1,21,0,18,19,1,5,0,0,0,0,0,0,0,1,1,6,6,3,-1,-1,-1,-1,-1,-1,-1,-1,0,-1
2020122001382,2020,122001382,1,19,0,18,19,5,1,0,0,0,0,0,0,0,1,1,1,1,3,-1,-1,-1,-1,-1,-1,-1,-1,0,-1
2020160927455,2020,160927455,2,1,0,18,19,4,8,0,0,1,0,0,0,0,1,1,2,2,1,49,8,-1,-1,-1,-1,1,E01012898,0,-1
2020450999902,2020,450999902,1,1,0,18,19,3,5,0,0,3,0,0,0,0,2,1,5,6,1,46,8,-1,-1,-1,-1,9,E01030715,0,-1
2020160962283,2020,160962283,2,9,0,2,2,0,0,0,0,1,0,0,0,0,2,1,6,6,3,-1,-1,-1,-1,-1,-1,-1,-1,0,-1
2020201021177,2020,201021177,2,9,0,18,19,2,6,0,0,8,0,0,0,0,4,1,6,6,2,40,7,-1,-1,-1,-1,1,E01008998,0,-1
2020140995276,2020,140995276,1,9,0,18,19,7,3,0,0,0,2,0,0,0,3,1,6,6,2,21,5,-1,-1,-1,-1,7,E01005863,0,-1
2020430258504,2020,430258504,2,9,0,18,19,3,7,0,0,8,0,0,0,0,1,1,6,6,1,86,11,-1,-1,-1,-1,10,E01017932,0,-1
2020010228490,2020,010228490,1,9,0,5,5,1,5,0,0,6,0,11,0,0,1,1,6,6,2,53,8,-1,-1,-1,-1,-1,-1,0,-1
2020010259121,2020,010259121,3,1,0,15,15,3,7,0,0,1,0,4,0,0,1,1,6,6,1,49,8,-1,-1,-1,-1,7,E01003476,0,-1
2020500986553,2020,500986553,1,9,0,11,11,1,5,0,0,8,0,0,0,0,4,1,6,6,3,-1,-1,-1,-1,-1,-1,-1,-1,0,-1
2020522001813,2020,522001813,1,8,0,18,19,7,3,0,0,1,0,0,0,0,1,1,1,1,3,30,6,-1,-1,-1,-1,-1,-1,0,-1
2020010280312,2020,010280312,2,1,0,99,99,9,9,0,0,8,0,0,0,0,2,1,6,6,1,27,6,-1,-1,-1,-1,5,E01003359,0,-1
2020010289180,2020,010289180,1,1,9,99,99,9,9,99,99,9,9,99,9,99,1,1,2,2,1,47,8,-1,-1,-1,-1,2,E01001437,0,-1
2020137540464,2020,137540464,1,1,0,18,19,5,1,0,0,1,0,0,0,0,3,1,6,6,1,45,7,-1,-1,-1,-1,8,E01011655,0,-1
2020332000559,2020,332000559,1,9,0,9,9,7,5,0,0,5,0,0,0,0,1,1,6,6,2,29,6,-1,-1,-1,-1,4,E01013747,0,-1
2020990954162,2020,990954162,2,1,0,18,19,3,7,0,0,0,0,0,0,0,2,1,6,6,1,48,8,-1,-1,-1,-1,10,-1,0,-1
2020010249410,2020,010249410,2,9,0,99,99,9,9,99,99,9,9,99,9,99,1,9,6,6,3,-1,-1,-1,-1,-1,-1,-1,-1,0,-1
2020010283236,2020,010283236,1,9,0,18,19,7,3,0,0,3,0,0,0,0,2,1,6,6,1,53,8,-1,-1,-1,-1,-1,-1,0,-1
2020010279802,2020,010279802,1,1,9,99,99,9,9,99,99,9,9,99,9,99,9,1,6,6,1,15,3,-1,-1,-1,-1,3,E01003989,0,-1
2020200953319,2020,200953319,2,1,0,7,7,8,2,0,0,1,0,0,0,0,1,1,6,6,1,18,4,-1,-1,-1,-1,2,E01010004,0,-1
2020370940714,2020,370940714,2,9,0,2,2,0,0,0,0,1,0,0,1,10,2,1,6,6,3,-1,-1,-1,-1,-1,-1,-1,-1,0,-1
2020052000203,2020,052000203,2,1,0,18,19,3,7,0,0,8,0,0,0,0,1,1,2,2,1,50,8,-1,-1,-1,-1,1,E01006515,0,-1
2020350996243,2020,350996243,2,1,0,18,19,1,5,0,0,8,0,0,0,0,1,1,6,6,1,29,6,-1,-1,-1,-1,3,E01017952,0,-1
2020440282572,2020,440282572,1,1,0,18,19,2,5,0,0,8,0,0,0,0,1,1,6,6,1,55,8,-1,-1,-1,-1,3,E01017123,0,-1
2020200952829,2020,200952829,2,22,0,17,19,5,2,0,0,0,0,0,0,0,1,1,6,6,1,65,9,-1,-1,-1,-1,2,E01009998,0,-1
2020451003894,2020,451003894,1,9,0,18,19,7,3,0,0,0,0,0,0,0,1,1,3,7,1,47,8,-1,-1,-1,-1,5,E01030482,0,-1
2020010248971,2020,010248971,2,1,0,18,19,3,7,9,9,1,0,4,0,0,1,-1,6,6,2,37,7,-1,-1,-1,-1,9,E01002417,0,-1
2020040941878,2020,040941878,5,98,0,3,3,7,3,0,0,1,0,0,0,0,2,1,1,1,1,30,6,-1,-1,-1,-1,1,E01025189,0,-1
2020360940124,2020,360940124,2,1,0,18,19,8,4,0,0,0,0,0,0,0,3,1,2,2,1,29,6,-1,-1,-1,-1,3,E01026784,0,-1
2020040958493,2020,040958493,1,98,0,13,13,5,1,0,0,0,0,0,0,0,0,1,6,6,3,-1,-1,-1,-1,-1,-1,-1,-1,0,-1
2020160999497,2020,160999497,1,9,0,18,19,7,3,0,0,0,0,0,0,0,4,1,6,6,3,60,9,-1,-1,-1,-1,-1,-1,0,-1
2020010286300,2020,010286300,1,1,0,18,19,8,4,0,0,1,0,0,0,0,0,1,2,2,1,38,7,-1,-1,-1,-1,9,E01001305,0,-1
2020010252535,2020,010252535,1,19,0,4,4,5,1,0,0,8,0,0,0,0,2,2,1,1,1,29,6,-1,-1,-1,-1,-1,-1,0,-1
2020100960502,2020,100960502,1,9,0,17,19,3,7,0,0,0,0,0,0,0,1,1,6,6,3,-1,-1,-1,-1,-1,-1,-1,-1,0,-1
2020200942851,2020,200942851,2,1,-1,-1,-1,2,6,-1,-1,-1,-1,-1,-1,0,-1,1,1,1,1,43,7,-1,-1,-1,-1,1,E01009360,0,-1
2020440081171,2020,440081171,2,1,0,18,19,1,5,2,2,0,0,0,0,0,3,1,6,6,1,37,7,-1,-1,-1,-1,4,E01017110,0,-1
2020211009900,2020,211009900,2,9,-1,-1,-1,2,8,-1,-1,-1,-1,-1,-1,0,-1,1,6,6,1,18,4,-1,-1,-1,-1,7,E01014346,0,-1
2020110954497,2020,110954497,2,1,0,7,7,3,7,0,0,1,0,0,0,0,3,1,6,6,1,28,6,-1,-1,-1,-1,5,E01020810,0,-1
2020430290459,2020,430290459,2,9,0,7,7,8,2,0,0,6,0,0,0,0,1,1,6,6,2,-1,-1,-1,-1,-1,-1,-1,-1,0,-1
2020320561246,2020,320561246,2,1,0,18,19,8,4,0,0,1,0,0,0,0,1,1,2,2,2,40,7,-1,-1,-1,-1,5,E01026266,0,-1
202063A036620,2020,63A036620,1,9,0,9,9,2,8,0,0,6,0,0,0,0,1,1,1,1,1,59,9,-1,-1,-1,-1,6,W01000687,0,-1
2020160951268,2020,160951268,2,1,0,18,19,8,4,0,0,1,0,4,0,0,1,1,6,6,1,-1,-1,-1,-1,-1,-1,-1,-1,0,-1
2020200950359,2020,200950359,1,9,0,18,19,7,3,0,0,1,0,0,0,0,1,1,6,6,1,-1,-1,-1,-1,-1,-1,-1,-1,0,-1
2020200940960,2020,200940960,2,1,0,18,19,-1,-1,0,0,0,0,0,0,0,1,1,1,1,1,48,8,-1,-1,-1,-1,3,E01009862,0,-1
2020400988083,2020,400988083,1,9,0,18,19,7,3,0,0,8,0,0,0,0,1,1,6,6,3,-1,-1,-1,-1,-1,-1,-1,-1,0,-1
2020010282313,2020,010282313,1,9,0,4,4,5,1,0,0,0,0,0,0,0,1,1,6,6,3,40,7,-1,-1,-1,-1,-1,-1,0,-1
2020522003487,2020,522003487,2,1,0,18,19,6,2,0,0,8,0,0,0,0,1,1,2,2,1,24,5,-1,-1,-1,-1,8,E01014509,0,-1
202006E269878,2020,06E269878,2,1,0,18,19,2,6,4,4,8,0,0,0,0,1,1,2,2,1,37,7,-1,-1,-1,-1,8,E01005170,0,-1
2020430063349,2020,430063349,1,21,0,18,19,1,5,0,0,0,0,0,0,0,0,1,2,2,1,-1,-1,-1,-1,-1,-1,-1,-1,0,-1
2020430041814,2020,430041814,1,9,0,7,7,2,4,0,0,6,0,0,0,0,1,1,6,6,2,31,6,-1,-1,-1,-1,-1,-1,0,-1
2020010256140,2020,010256140,2,1,0,18,19,4,8,0,0,1,0,0,0,0,3,1,6,6,1,40,7,-1,-1,-1,-1,7,E01003283,0,-1
2020010240782,2020,010240782,2,9,0,18,19,3,7,0,0,0,9,99,9,99,1,9,6,6,3,-1,-1,-1,-1,-1,-1,-1,-1,0,-1
2020010238594,2020,010238594,2,9,0,18,19,3,7,0,0,7,0,0,0,0,1,1,2,2,1,34,6,-1,-1,-1,-1,6,E01030667,0,-1
2020170S11210,2020,170S11210,1,1,0,18,19,7,2,0,0,8,0,0,0,0,3,1,6,6,1,59,9,-1,-1,-1,-1,3,E01012206,0,-1
2020430161097,2020,430161097,1,3,0,11,11,1,5,0,0,1,0,0,0,0,3,1,2,2,1,20,4,-1,-1,-1,-1,9,E01016683,0,-1
20201372I0776,2020,1372I0776,2,21,1,2,2,0,0,6,6,0,0,0,0,0,3,2,1,1,1,27,6,-1,-1,-1,-1,-1,-1,0,-1
2020160920648,2020,160920648,2,1,0,18,19,6,8,0,0,1,0,0,0,0,1,1,5,6,1,48,8,-1,-1,-1,-1,10,E01012924,0,-1
2020010264652,2020,010264652,3,9,0,3,3,1,5,0,0,0,0,0,0,0,2,1,6,6,1,49,8,-1,-1,-1,-1,7,E01004639,0,-1
2020522100329,2020,522100329,2,1,0,18,19,8,4,0,0,1,0,0,0,0,1,1,6,6,1,14,3,-1,-1,-1,-1,10,E01014620,0,-1
2020137CF0478,2020,137CF0478,2,1,0,3,3,1,5,0,0,0,0,0,0,0,2,1,6,6,1,71,10,-1,-1,-1,-1,-1,-1,0,-1
2020302001284,2020,302001284,1,9,0,18,19,4,8,0,0,0,0,10,0,0,4,1,6,6,3,-1,-1,-1,-1,-1,-1,5,E01019456,0,-1
202060Y003317,2020,60Y003317,1,98,0,18,19,7,1,0,0,0,0,0,0,0,1,1,6,6,1,-1,-1,-1,-1,-1,-1,-1,-1,0,-1
2020010244023,2020,010244023,1,9,0,18,19,2,6,9,9,0,0,10,0,0,1,1,6,6,3,-1,-1,-1,-1,-1,-1,-1,-1,0,-1
2020430270368,2020,430270368,1,4,0,18,19,1,5,0,0,8,0,7,0,0,1,1,6,6,1,25,5,-1,-1,-1,-1,2,E01028454,0,-1
2020010284274,2020,010284274,1,1,0,15,15,5,1,0,0,8,0,0,0,0,1,1,1,1,1,28,6,-1,-1,-1,-1,2,E01032787,0,-1
2020332000856,2020,332000856,1,2,0,18,19,6,2,0,0,0,0,0,0,0,1,1,6,6,1,27,6,-1,-1,-1,-1,1,E01013602,0,-1
2020401010788,2020,401010788,1,9,0,18,19,4,8,0,0,0,0,0,0,0,1,1,6,6,1,28,6,-1,-1,-1,-1,2,E01000291,0,-1
2020160990763,2020,160990763,2,1,0,18,19,8,4,4,4,1,0,0,0,0,1,1,5,6,2,34,6,-1,-1,-1,-1,4,E01012995,0,-1
2020410943643,2020,410943643,2,1,0,15,15,-1,-1,0,0,1,0,0,0,0,1,1,5,6,1,59,9,-1,-1,-1,-1,2,E01004679,0,-1
202060Y060677,2020,60Y060677,2,9,0,18,19,6,2,0,0,0,0,0,0,0,1,1,6,6,1,68,10,-1,-1,-1,-1,-1,-1,0,-1
2020010276566,2020,010276566,1,2,9,99,99,9,9,99,99,9,9,99,9,99,9,1,6,6,2,36,7,-1,-1,-1,-1,1,E01002842,0,-1
2020010249798,2020,010249798,2,1,0,18,19,1,5,0,0,8,0,0,0,0,1,-1,6,6,1,32,6,-1,-1,-1,-1,9,E01003202,0,-1
2020010269532,2020,010269532,3,1,0,18,19,5,1,0,0,0,0,4,0,0,4,1,6,6,1,57,9,-1,-1,-1,-1,5,E01000274,0,-1
2020522003175,2020,522003175,1,9,0,18,19,5,1,0,0,0,0,0,1,2,1,1,6,6,2,60,9,-1,-1,-1,-1,3,E01014841,0,-1
2020010246312,2020,010246312,2,9,9,18,19,9,9,0,0,8,9,0,0,99,2,1,6,6,3,-1,-1,-1,-1,-1,-1,-1,-1,0,-1
2020010276623,2020,010276623,2,9,0,99,99,9,9,99,99,9,9,99,9,99,9,9,6,6,3,-1,-1,-1,-1,-1,-1,-1,-1,0,-1
2020010261698,2020,010261698,2,1,0,18,19,8,4,0,0,1,0,0,0,0,3,1,2,2,1,29,6,-1,-1,-1,-1,3,E01004592,0,-1
2020350930145,2020,350930145,1,1,0,18,19,7,3,0,0,0,0,0,0,0,1,1,1,1,1,54,8,-1,-1,-1,-1,5,E01033113,0,-1
2020010255039,2020,010255039,2,3,0,18,19,5,1,0,0,0,0,0,0,0,1,1,6,6,3,-1,-1,-1,-1,-1,-1,-1,-1,0,-1
2020010280921,2020,010280921,2,9,0,18,19,3,7,0,0,1,0,0,0,0,4,1,6,6,3,-1,-1,-1,-1,-1,-1,-1,-1,0,-1
2020010234239,2020,010234239,1,1,9,99,99,9,9,99,99,0,9,99,9,99,9,1,2,2,2,27,6,-1,-1,-1,-1,3,E01003025,0,-1
2020470946928,2020,470946928,2,1,0,18,19,1,5,9,9,8,0,0,0,0,4,1,6,6,2,20,4,-1,-1,-1,-1,10,E01031822,0,-1
2020010269844,2020,010269844,2,1,0,18,19,3,7,0,0,8,0,0,0,0,2,1,6,6,1,43,7,-1,-1,-1,-1,4,E01003353,0,-1
202060Y172649,2020,60Y172649,1,9,0,18,19,5,1,0,0,2,0,0,0,0,1,1,6,6,1,61,9,-1,-1,-1,-1,-1,-1,0,-1
2020460936231,2020,460936231,1,98,0,18,19,5,1,0,0,0,0,0,0,0,4,1,6,6,1,-1,-1,-1,-1,-1,-1,-1,-1,0,-1
2020522005118,2020,522005118,1,9,0,18,19,5,1,0,0,0,0,0,0,0,1,1,6,6,3,30,6,-1,-1,-1,-1,-1,-1,0,-1
2020332000538,2020,332000538,1,9,0,18,19,8,4,0,0,0,0,10,0,0,1,1,6,6,2,27,6,-1,-1,-1,-1,6,E01025963,0,-1
2020010248179,2020,010248179,1,1,9,18,19,7,3,0,0,1,5,0,0,99,1,1,6,6,1,49,8,-1,-1,-1,-1,5,E01001685,0,-1
2020500998302,2020,500998302,1,19,0,18,19,1,5,0,0,0,0,0,0,0,4,1,1,1,3,-1,-1,-1,-1,-1,-1,-1,-1,0,-1
2020522101012,2020,522101012,2,22,0,5,5,4,8,0,0,1,0,0,0,0,4,1,6,6,2,73,10,-1,-1,-1,-1,4,E01033362,0,-1
2020010247948,2020,010247948,1,90,0,18,19,-1,-1,0,0,8,0,0,0,0,1,1,6,6,3,-1,-1,-1,-1,-1,-1,-1,-1,0,-1
2020461005401,2020,461005401,1,9,0,9,9,5,3,0,0,1,0,0,0,0,4,1,1,1,1,47,8,-1,-1,-1,-1,-1,-1,0,-1
2020421011011,2020,421011011,2,1,0,18,19,4,8,0,0,1,0,0,0,0,1,1,2,2,1,-1,-1,-1,-1,-1,-1,3,E01015868,0,-1
202006Q276462,2020,06Q276462,2,1,0,9,9,6,4,0,0,0,0,0,0,0,1,1,6,6,1,15,3,-1,-1,-1,-1,-1,-1,0,-1
2020500965722,2020,500965722,1,21,0,18,19,6,2,0,0,0,0,0,0,0,3,1,6,6,3,-1,-1,-1,-1,-1,-1,-1,-1,0,-1
202031C040720,2020,31C040720,1,9,0,18,19,2,6,0,0,1,0,0,0,0,1,1,6,6,3,-1,-1,-1,-1,-1,-1,-1,-1,0,-1
2020010281196,2020,010281196,1,9,0,99,99,9,9,0,0,0,0,0,0,0,9,1,6,6,3,-1,-1,-1,-1,-1,-1,-1,-1,0,-1
2020201013573,2020,201013573,2,1,0,11,11,2,6,0,0,2,0,0,0,0,2,1,6,6,1,29,6,-1,-1,-1,-1,3,E01009178,0,-1
2020010272598,2020,010272598,1,1,0,18,19,5,1,0,0,9,0,0,0,0,1,1,6,6,1,20,4,-1,-1,-1,-1,-1,-1,0,-1
2020010255449,2020,010255449,2,1,0,18,19,7,3,0,0,1,0,0,0,0,1,1,6,6,1,27,6,-1,-1,-1,-1,9,E01004596,0,-1
2020010251261,2020,010251261,1,1,9,18,19,1,5,4,4,1,5,0,0,99,3,1,6,6,1,22,5,-1,-1,-1,-1,10,E01021805,0,-1
2020440047129,2020,440047129,1,9,0,9,9,2,1,0,0,8,0,0,0,0,1,1,1,1,1,26,6,-1,-1,-1,-1,3,E01017075,0,-1
2020160930609,2020,160930609,1,9,0,5,5,4,8,9,9,1,0,0,0,0,1,1,6,6,3,-1,-1,-1,-1,-1,-1,-1,-1,0,-1
2020440316125,2020,440316125,2,9,0,13,13,8,4,0,0,0,0,0,0,0,4,1,6,6,2,38,7,-1,-1,-1,-1,5,E01023027,0,-1
2020140955818,2020,140955818,2,1,0,18,19,1,5,0,0,1,5,0,0,0,2,1,6,6,2,57,9,-1,-1,-1,-1,7,E01007985,0,-1
2020010250473,2020,010250473,1,9,0,7,7,5,7,0,0,3,0,0,0,0,1,1,2,2,1,41,7,-1,-1,-1,-1,3,E01001318,0,-1
2020010284695,2020,010284695,2,9,0,99,99,9,9,99,99,0,9,99,9,99,9,9,6,6,3,-1,-1,-1,-1,-1,-1,2,E01001066,0,-1
2020010255361,2020,010255361,2,1,0,18,19,7,3,0,0,0,0,4,0,0,1,1,6,6,1,26,6,-1,-1,-1,-1,9,E01024450,0,-1
2020200991326,2020,200991326,2,1,0,18,19,8,4,0,0,8,0,0,0,0,4,1,4,7,1,15,3,-1,-1,-1,-1,5,E01009647,0,-1
2020610014020,2020,610014020,3,17,4,13,13,3,7,0,0,0,0,0,0,0,4,1,6,6,1,-1,-1,-1,-1,-1,-1,-1,-1,0,-1
2020010256908,2020,010256908,1,1,9,99,99,9,9,99,99,9,9,99,9,99,9,1,2,2,1,49,8,-1,-1,-1,-1,5,E01016029,0,-1