collision_index,collision_year,collision_ref_no,vehicle_reference,vehicle_type,towing_and_articulation,vehicle_manoeuvre_historic,vehicle_manoeuvre,vehicle_direction_from,vehicle_direction_to,vehicle_location_restricted_lane_historic,vehicle_location_restricted_lane,junction_location,skidding_and_overturning,hit_object_in_carriageway,vehicle_leaving_carriageway,hit_object_off_carriageway,first_point_of_impact,vehicle_left_hand_drive,journey_purpose_of_driver_historic,journey_purpose_of_driver,sex_of_driver,age_of_driver,age_band_of_driver,engine_capacity_cc,propulsion_code,age_of_vehicle,generic_make_model,driver_imd_decile,lsoa_of_driver,escooter_flag,driver_distance_banding
2020500975760,2020,500975760,2,1,0,18,19,7,3,0,0,0,0,0,0,0,2,1,5,6,1,10,2,-1,-1,-1,-1,7,E01019892,0,-1
2020470958902,2020,470958902,2,1,0,18,19,7,3,0,0,8,0,0,0,0,4,1,6,6,2,38,7,-1,-1,-1,-1,2,E01016969,0,-1
2020010255957,2020,010255957,2,9,0,5,5,3,7,0,0,1,0,0,0,0,1,1,6,6,1,22,5,-1,-1,-1,-1,-1,-1,0,-1
202006A267106,2020,06A267106,1,9,0,18,19,6,2,0,0,8,0,0,0,0,1,1,6,6,3,-1,-1,-1,-1,-1,-1,-1,-1,0,-1
2020990947989,2020,990947989,1,1,0,9,9,6,5,0,0,6,0,0,0,0,1,1,5,6,1,36,7,-1,-1,-1,-1,2,-1,0,-1
2020052002378,2020,052002378,1,23,0,18,19,4,8,0,0,1,0,0,0,0,1,1,2,2,1,22,5,-1,-1,-1,-1,1,E01006721,0,-1
2020430347122,2020,430347122,2,1,0,18,19,8,5,0,0,8,0,0,0,0,1,1,6,6,1,45,7,-1,-1,-1,-1,-1,-1,0,-1
2020010268625,2020,010268625,1,1,9,99,99,9,9,99,99,9,9,99,9,99,1,1,6,6,1,30,6,-1,-1,-1,-1,2,E01001555,0,-1
2020010257945,2020,010257945,1,1,0,18,19,7,3,0,0,1,0,0,0,0,1,1,6,6,1,32,6,-1,-1,-1,-1,3,E01001742,0,-1
2020522003161,2020,522003161,2,-1,0,18,19,6,2,5,5,0,0,0,0,0,1,1,6,6,1,-1,-1,-1,-1,-1,-1,-1,-1,1,-1
2020041009827,2020,041009827,1,9,0,18,19,5,1,0,0,0,0,0,0,0,-1,1,6,6,3,-1,-1,-1,-1,-1,-1,-1,-1,0,-1
2020010285601,2020,010285601,2,9,0,99,99,9,9,99,99,9,9,99,9,99,1,9,6,6,3,-1,-1,-1,-1,-1,-1,-1,-1,0,-1
2020430351584,2020,430351584,2,1,0,18,19,4,8,0,0,0,0,0,0,0,1,1,2,2,1,21,5,-1,-1,-1,-1,4,E01028587,0,-1
2020040967970,2020,040967970,2,9,0,2,2,0,0,0,0,1,0,0,0,0,2,1,6,6,3,-1,-1,-1,-1,-1,-1,-1,-1,0,-1
2020370929159,2020,370929159,1,9,0,14,14,1,5,0,0,1,0,0,0,0,3,1,1,1,1,31,6,-1,-1,-1,-1,6,E01002293,0,-1
2020990990750,2020,990990750,2,9,0,2,2,0,0,0,0,1,0,0,0,0,3,1,6,6,3,-1,-1,-1,-1,-1,-1,-1,-1,0,-1
2020460925899,2020,460925899,2,9,0,2,2,0,0,9,9,0,0,0,0,0,2,1,6,6,3,-1,-1,-1,-1,-1,-1,-1,-1,0,-1
2020302001097,2020,302001097,2,1,0,18,19,3,7,0,0,7,0,0,0,0,1,1,6,6,1,12,3,-1,-1,-1,-1,-1,-1,0,-1
2020201002060,2020,201002060,1,9,0,4,4,2,6,0,0,1,0,0,0,0,1,1,6,6,1,-1,-1,-1,-1,-1,-1,-1,-1,0,-1
2020140976846,2020,140976846,4,9,0,2,2,0,0,0,0,0,0,4,0,0,2,1,6,6,3,-1,-1,-1,-1,-1,-1,-1,-1,0,-1
202060Y148234,2020,60Y148234,2,9,0,18,19,3,8,0,0,1,0,0,7,11,1,1,6,6,2,25,5,-1,-1,-1,-1,-1,-1,0,-1
2020522101177,2020,522101177,2,-1,0,5,5,3,7,0,0,8,0,0,0,0,1,1,6,6,1,25,5,-1,-1,-1,-1,-1,-1,1,-1
2020122000401,2020,122000401,1,9,0,7,7,6,1,0,0,8,0,0,0,0,3,1,6,6,2,21,5,-1,-1,-1,-1,10,E01013379,0,-1
2020052002553,2020,052002553,1,1,0,18,19,6,2,0,0,8,0,0,0,0,4,1,2,2,2,38,7,-1,-1,-1,-1,1,E01006547,0,-1
20201373G0728,2020,1373G0728,1,9,0,18,19,1,5,0,0,0,0,0,0,0,1,1,6,6,3,-1,-1,-1,-1,-1,-1,-1,-1,0,-1
2020430125541,2020,430125541,2,9,0,18,19,2,6,0,0,8,0,0,0,0,1,1,6,6,1,20,4,-1,-1,-1,-1,5,E01017837,0,-1
2020545095320,2020,545095320,1,1,0,16,19,1,4,0,0,0,0,0,0,0,3,1,6,6,1,38,7,-1,-1,-1,-1,2,E01032093,0,-1
2020010237357,2020,010237357,2,11,9,99,99,9,9,99,99,9,9,99,9,99,4,1,1,1,1,47,8,-1,-1,-1,-1,1,E01001458,0,-1
2020160965369,2020,160965369,1,1,0,18,19,7,3,0,0,0,0,0,0,0,3,1,2,2,1,34,6,-1,-1,-1,-1,3,E01012784,0,-1
202006A173670,2020,06A173670,2,1,0,18,19,8,4,0,0,8,0,0,0,0,1,1,6,6,1,6,2,-1,-1,-1,-1,3,E01005210,0,-1
2020010251659,2020,010251659,1,1,9,99,99,9,9,99,99,9,9,99,9,99,1,1,6,6,1,60,9,-1,-1,-1,-1,9,E01002416,0,-1
202006N178653,2020,06N178653,1,1,0,18,19,1,5,0,0,8,0,0,0,0,1,1,6,6,1,44,7,-1,-1,-1,-1,8,E01032685,0,-1
20201379J0803,2020,1379J0803,1,9,0,18,19,1,3,0,0,4,0,0,0,0,1,1,6,6,1,29,6,-1,-1,-1,-1,3,E01010827,0,-1
2020030939726,2020,030939726,2,9,0,18,19,5,1,0,0,0,0,0,0,0,1,1,6,6,2,50,8,-1,-1,-1,-1,8,E01019101,0,-1
2020052000248,2020,052000248,1,19,0,1,1,7,3,0,0,0,0,0,0,0,2,1,6,6,3,-1,-1,-1,-1,-1,-1,-1,-1,0,-1
2020440315893,2020,440315893,1,9,0,14,14,7,3,0,0,8,0,0,0,0,1,1,6,6,1,90,11,-1,-1,-1,-1,4,E01017164,0,-1
2020430274648,2020,430274648,1,9,0,18,19,7,3,0,0,0,0,0,0,0,1,1,6,6,3,-1,-1,-1,-1,-1,-1,-1,-1,0,-1
2020332000587,2020,332000587,1,5,0,4,4,3,7,0,0,1,0,0,0,0,1,1,6,6,1,25,5,-1,-1,-1,-1,5,E01013736,0,-1
20201372G1920,2020,1372G1920,1,9,0,16,19,6,2,0,0,8,0,0,1,1,3,1,6,6,1,29,6,-1,-1,-1,-1,1,E01010663,0,-1
202006F172906,2020,06F172906,2,9,0,7,7,1,3,0,0,1,0,0,0,0,1,1,6,6,3,-1,-1,-1,-1,-1,-1,-1,-1,0,-1
2020501015718,2020,501015718,1,9,0,18,19,3,7,0,0,4,0,0,0,0,1,1,5,6,2,32,6,-1,-1,-1,-1,2,E01018999,0,-1
2020141004627,2020,141004627,1,9,0,18,19,8,4,0,0,0,0,0,1,4,-1,1,6,6,1,-1,-1,-1,-1,-1,-1,-1,-1,0,-1
2020370967734,2020,370967734,2,1,-1,18,19,5,1,5,5,0,0,0,0,0,3,1,6,6,1,72,10,-1,-1,-1,-1,1,E01030277,0,-1
2020302001503,2020,302001503,1,9,0,9,9,1,7,0,0,5,0,0,0,0,0,1,1,1,3,-1,-1,-1,-1,-1,-1,5,E01019456,0,-1
202006E371669,2020,06E371669,1,1,0,18,19,3,7,0,0,8,0,10,0,0,1,1,6,6,1,43,7,-1,-1,-1,-1,7,E01005306,0,-1
2020470953039,2020,470953039,2,1,0,18,19,7,3,0,0,1,1,11,0,0,3,1,5,6,2,51,8,-1,-1,-1,-1,9,E01016940,0,-1
2020137BJ1537,2020,137BJ1537,2,1,0,18,19,4,8,0,0,2,0,0,0,0,4,1,6,6,1,19,4,-1,-1,-1,-1,1,E01011901,0,-1
2020010251199,2020,010251199,2,1,0,9,9,3,2,0,0,2,0,0,1,0,2,1,6,6,2,56,9,-1,-1,-1,-1,4,E01001724,0,-1
2020990956983,2020,990956983,2,9,0,2,2,0,0,0,0,0,0,0,0,0,1,1,5,6,1,75,10,-1,-1,-1,-1,9,-1,0,-1
2020160927687,2020,160927687,2,9,0,18,19,8,2,0,0,1,0,0,0,0,2,1,2,2,2,41,7,-1,-1,-1,-1,7,E01013307,0,-1
202006K373424,2020,06K373424,1,10,0,7,7,7,1,8,6,8,0,0,0,0,1,1,6,6,1,56,9,-1,-1,-1,-1,-1,-1,0,-1
2020450954057,2020,450954057,2,21,0,12,12,1,1,0,0,0,0,0,0,0,1,1,6,6,1,53,8,-1,-1,-1,-1,-1,-1,0,-1
2020430085081,2020,430085081,3,9,0,3,3,1,5,0,0,8,0,0,0,0,2,1,6,6,2,62,9,-1,-1,-1,-1,6,E01000566,0,-1
2020320043299,2020,320043299,1,9,0,18,19,1,5,0,0,0,0,0,0,0,4,1,6,6,3,-1,-1,-1,-1,-1,-1,-1,-1,0,-1
2020220961522,2020,220961522,1,21,1,9,9,3,1,0,0,8,0,0,0,0,1,2,1,1,1,34,6,-1,-1,-1,-1,-1,-1,0,-1
2020522002390,2020,522002390,1,1,0,18,19,5,1,0,0,1,0,0,0,0,2,1,6,6,1,31,6,-1,-1,-1,-1,6,E01014532,0,-1
2020010282484,2020,010282484,1,1,9,99,99,9,9,99,99,9,9,99,9,99,9,1,6,6,1,64,9,-1,-1,-1,-1,5,E01003327,0,-1
2020010251047,2020,010251047,2,9,0,99,99,9,9,99,99,0,9,99,9,99,2,9,6,6,3,-1,-1,-1,-1,-1,-1,-1,-1,0,-1
2020410934126,2020,410934126,1,8,0,18,19,1,5,0,0,0,0,0,0,0,1,1,6,6,1,-1,-1,-1,-1,-1,-1,-1,-1,0,-1
202031A114320,2020,31A114320,1,21,1,3,3,3,7,0,0,1,0,0,0,0,2,1,1,1,1,31,6,-1,-1,-1,-1,1,E01013201,0,-1
2020052001612,2020,052001612,1,19,0,1,1,8,6,0,0,8,0,0,0,0,2,1,6,6,3,-1,-1,-1,-1,-1,-1,-1,-1,0,-1
2020010245250,2020,010245250,2,1,0,18,19,2,6,0,0,1,0,0,1,0,1,1,1,1,1,29,6,-1,-1,-1,-1,3,E01002047,0,-1
2020010279937,2020,010279937,2,1,0,18,19,5,1,0,0,3,0,0,0,0,3,1,2,2,2,32,6,-1,-1,-1,-1,7,E01003675,0,-1
202006F275352,2020,06F275352,2,1,0,18,19,3,7,0,0,8,0,0,0,0,1,1,2,2,1,42,7,-1,-1,-1,-1,10,E01006395,0,-1
2020360974525,2020,360974525,2,9,0,18,19,3,7,0,0,0,0,0,0,0,2,1,6,6,3,-1,-1,-1,-1,-1,-1,-1,-1,0,-1
2020010271432,2020,010271432,1,1,0,18,19,5,1,4,4,1,0,0,0,0,3,1,1,1,1,48,8,-1,-1,-1,-1,9,E01000761,0,-1
2020160965284,2020,160965284,2,1,0,18,19,6,2,0,0,0,0,0,0,0,3,1,6,6,1,67,10,-1,-1,-1,-1,6,E01026387,0,-1
2020420993114,2020,420993114,2,22,0,18,19,3,7,0,0,0,5,0,0,0,3,1,5,6,1,81,11,-1,-1,-1,-1,8,E01022015,0,-1
2020522003657,2020,522003657,2,19,0,6,6,1,1,0,0,0,0,0,0,0,1,1,6,6,1,30,6,-1,-1,-1,-1,-1,-1,0,-1
2020470963929,2020,470963929,1,97,0,18,19,1,5,0,0,8,0,0,0,0,0,1,6,6,3,-1,-1,-1,-1,-1,-1,-1,-1,0,-1
2020200947145,2020,200947145,1,9,0,18,19,4,8,0,0,0,0,0,0,0,1,1,6,6,1,-1,-1,-1,-1,-1,-1,-1,-1,0,-1
2020470947159,2020,470947159,1,1,0,18,19,1,5,0,0,1,0,0,0,0,1,1,5,6,1,45,7,-1,-1,-1,-1,8,E01031642,0,-1
2020320428422,2020,320428422,2,22,0,18,19,1,5,0,0,2,5,0,0,0,0,1,6,6,1,90,11,-1,-1,-1,-1,2,E01026049,0,-1
2020332001101,2020,332001101,1,1,0,18,19,6,2,0,0,0,0,0,0,0,0,1,6,6,2,66,10,-1,-1,-1,-1,-1,-1,0,-1
2020010247973,2020,010247973,2,9,0,18,19,5,1,0,0,2,0,0,0,0,1,1,6,6,3,-1,-1,-1,-1,-1,-1,-1,-1,0,-1
2020010260105,2020,010260105,2,9,0,99,99,9,9,99,99,9,9,99,9,99,9,9,6,6,3,-1,-1,-1,-1,-1,-1,-1,-1,0,-1
2020030918251,2020,030918251,2,1,0,18,19,1,5,0,0,0,0,0,0,0,0,1,6,6,1,33,6,-1,-1,-1,-1,6,E01019304,0,-1
202031A162120,2020,31A162120,1,9,0,13,13,7,3,0,0,0,0,0,0,0,3,1,6,6,3,-1,-1,-1,-1,-1,-1,-1,-1,0,-1
2020010281980,2020,010281980,1,1,0,18,19,5,1,0,0,8,0,99,9,0,4,1,2,2,2,55,8,-1,-1,-1,-1,9,E01000670,0,-1
2020010252136,2020,010252136,2,9,9,18,19,7,3,0,0,1,0,0,0,0,4,9,6,6,3,-1,-1,-1,-1,-1,-1,-1,-1,0,-1
2020010268921,2020,010268921,2,1,0,18,19,7,3,0,0,1,5,0,0,0,0,1,6,6,2,25,5,-1,-1,-1,-1,3,E01003177,0,-1
202006F175377,2020,06F175377,1,9,0,7,7,2,4,0,0,2,0,0,0,0,0,1,6,6,3,-1,-1,-1,-1,-1,-1,-1,-1,0,-1
202006L275144,2020,06L275144,1,90,0,5,5,4,8,0,0,1,0,0,0,0,1,1,6,6,1,80,11,-1,-1,-1,-1,3,E01006235,0,-1
2020430349770,2020,430349770,1,9,0,18,19,2,6,0,0,8,0,0,0,0,4,1,6,6,3,-1,-1,-1,-1,-1,-1,-1,-1,0,-1
2020010255925,2020,010255925,2,1,0,5,5,1,5,0,0,6,0,0,0,0,0,1,6,6,2,52,8,-1,-1,-1,-1,8,E01004195,0,-1
2020122001014,2020,122001014,2,9,0,18,19,3,7,0,0,0,0,0,0,0,1,1,6,6,3,-1,-1,-1,-1,-1,-1,-1,-1,0,-1
20201376D1655,2020,1376D1655,1,9,0,18,19,6,2,0,0,0,0,0,0,0,0,1,6,6,3,-1,-1,-1,-1,-1,-1,-1,-1,0,-1
2020360993413,2020,360993413,1,9,0,18,19,6,2,0,0,0,0,0,0,0,4,1,1,1,3,-1,-1,-1,-1,-1,-1,-1,-1,0,-1
2020460976233,2020,460976233,1,9,0,4,4,1,5,0,0,0,0,0,0,0,2,1,2,2,2,28,6,-1,-1,-1,-1,7,E01024060,0,-1
2020010242054,2020,010242054,2,1,0,18,19,1,5,0,0,8,5,0,0,0,4,1,6,6,1,60,9,-1,-1,-1,-1,8,E01000653,0,-1
2020010235890,2020,010235890,1,1,9,99,99,9,9,99,99,9,9,99,9,99,1,-1,2,2,1,40,7,-1,-1,-1,-1,6,E01004029,0,-1
20201378H0775,2020,1378H0775,1,1,0,18,19,2,6,0,0,8,0,0,0,0,0,1,2,2,2,47,8,-1,-1,-1,-1,6,E01010786,0,-1
2020140956846,2020,140956846,2,1,0,18,19,8,4,0,0,0,1,0,0,0,1,1,6,6,1,17,4,-1,-1,-1,-1,3,E01007433,0,-1
2020110916179,2020,110916179,2,19,0,2,2,0,0,0,0,0,0,0,0,0,2,1,6,6,1,23,5,-1,-1,-1,-1,2,E01020820,0,-1
2020302000565,2020,302000565,2,1,0,18,19,2,8,0,0,0,0,0,0,0,4,1,6,6,1,46,8,-1,-1,-1,-1,5,E01019456,0,-1
2020070082919,2020,070082919,2,1,0,18,19,1,5,0,0,1,0,0,0,0,4,1,6,6,1,27,6,-1,-1,-1,-1,1,E01012546,0,-1
2020440302048,2020,440302048,1,-1,0,17,19,2,6,0,0,4,0,0,0,0,1,1,6,6,2,16,4,-1,-1,-1,-1,4,E01023077,1,-1
2020332000165,2020,332000165,2,17,0,18,19,7,3,0,0,8,0,0,0,0,1,1,1,1,1,55,8,-1,-1,-1,-1,6,E01018151,0,-1
2020430149577,2020,430149577,2,1,0,9,9,2,8,0,0,8,0,0,0,0,4,1,6,6,1,61,9,-1,-1,-1,-1,4,E01023859,0,-1
20201379U0473,2020,1379U0473,1,9,0,5,5,5,1,0,0,0,0,0,0,0,0,1,1,1,1,-1,-1,-1,-1,-1,-1,-1,-1,0,-1
2020430418073,2020,430418073,2,9,0,18,19,5,1,0,0,1,0,0,0,0,2,1,2,2,2,53,8,-1,-1,-1,-1,10,E01028789,0,-1
2020360952063,2020,360952063,2,1,0,18,19,3,6,0,0,0,0,0,0,0,2,1,5,6,1,42,7,-1,-1,-1,-1,5,E01030066,0,-1
2020040927718,2020,040927718,2,1,0,18,19,5,1,0,0,1,5,0,0,0,1,1,2,2,1,47,8,-1,-1,-1,-1,5,E01025144,0,-1
2020522003048,2020,522003048,1,19,4,5,5,1,5,0,0,1,0,0,0,0,4,1,6,6,3,-1,-1,-1,-1,-1,-1,-1,-1,0,-1
202063A032620,2020,63A032620,1,1,0,18,19,4,8,0,0,0,0,0,2,10,4,1,6,6,2,55,8,-1,-1,-1,-1,3,W01000711,0,-1
2020070329099,2020,070329099,1,9,0,18,19,4,8,0,0,0,0,0,0,0,0,1,6,6,2,-1,-1,-1,-1,-1,-1,-1,-1,0,-1
2020220965352,2020,220965352,3,9,0,18,19,6,2,0,0,2,0,0,0,0,4,1,6,6,1,65,9,-1,-1,-1,-1,7,E01010081,0,-1
2020010249473,2020,010249473,2,1,0,18,19,1,5,0,0,0,0,0,0,0,2,1,6,6,1,46,8,-1,-1,-1,-1,10,E01000652,0,-1
2020010251910,2020,010251910,2,1,0,9,9,8,6,0,0,2,0,0,0,0,1,-1,1,1,2,18,4,-1,-1,-1,-1,2,E01000556,0,-1
2020548660720,2020,548660720,5,9,0,2,2,0,0,0,0,0,0,0,0,0,3,1,6,6,1,54,8,-1,-1,-1,-1,8,E01015536,0,-1
2020010274278,2020,010274278,1,9,0,3,3,1,5,0,0,0,0,0,0,0,3,1,6,6,1,30,6,-1,-1,-1,-1,3,E01003609,0,-1
2020622000590,2020,622000590,2,1,0,18,19,6,2,0,0,0,0,0,0,0,3,1,6,6,1,31,6,-1,-1,-1,-1,3,W01001792,0,-1
2020990989121,2020,990989121,2,1,0,9,9,2,6,0,0,6,0,0,0,0,1,1,1,1,1,15,3,-1,-1,-1,-1,8,-1,0,-1
2020430002883,2020,430002883,1,19,0,1,1,2,6,0,0,0,0,0,0,0,2,1,6,6,1,37,7,-1,-1,-1,-1,-1,-1,0,-1
2020010275807,2020,010275807,2,9,9,99,99,9,9,99,99,9,9,99,9,99,9,9,6,6,3,-1,-1,-1,-1,-1,-1,-1,-1,0,-1
2020320216509,2020,320216509,2,9,0,10,10,7,3,0,0,1,0,0,0,0,2,1,6,6,2,68,10,-1,-1,-1,-1,4,E01026169,0,-1
2020030993391,2020,030993391,1,-1,0,18,19,6,2,5,5,1,0,0,0,0,1,1,6,6,1,33,6,-1,-1,-1,-1,1,E01019193,1,-1
2020201005829,2020,201005829,1,9,0,1,1,4,8,0,0,2,0,0,0,0,2,1,6,6,1,-1,-1,-1,-1,-1,-1,-1,-1,0,-1
2020450971650,2020,450971650,1,1,0,7,7,7,3,9,9,0,1,0,7,0,0,1,5,6,2,61,9,-1,-1,-1,-1,7,E01030729,0,-1
202006L271358,2020,06L271358,2,9,0,18,19,1,5,0,0,8,1,0,0,0,4,1,6,6,1,35,6,-1,-1,-1,-1,4,E01006242,0,-1
2020010234031,2020,010234031,1,9,9,18,19,1,5,0,0,5,0,0,9,0,1,9,6,6,3,-1,-1,-1,-1,-1,-1,-1,-1,0,-1
2020332000881,2020,332000881,1,9,0,4,4,3,7,0,0,4,0,0,0,0,1,1,2,2,1,18,4,-1,-1,-1,-1,10,E01025772,0,-1
202006N171900,2020,06N171900,2,1,0,18,19,1,5,0,0,1,0,0,0,0,2,1,6,6,1,41,7,-1,-1,-1,-1,7,E01005051,0,-1
2020010241731,2020,010241731,1,1,9,99,99,9,9,99,99,0,9,99,9,99,9,1,6,6,3,-1,-1,-1,-1,-1,-1,-1,-1,0,-1
2020410969130,2020,410969130,1,1,0,7,7,7,1,0,0,0,0,0,0,0,1,1,5,6,1,56,9,-1,-1,-1,-1,8,E01023470,0,-1
2020370958122,2020,370958122,2,1,0,18,19,-1,-1,0,0,1,0,0,0,0,-1,1,6,6,1,34,6,-1,-1,-1,-1,7,E01030103,0,-1
2020440452753,2020,440452753,2,1,0,18,19,8,4,0,0,8,0,0,0,0,1,1,2,2,1,56,9,-1,-1,-1,-1,9,E01022718,0,-1
2020161001363,2020,161001363,2,9,0,3,3,6,2,0,0,0,0,0,0,0,0,1,6,6,3,-1,-1,-1,-1,-1,-1,-1,-1,0,-1
2020010282140,2020,010282140,2,9,0,18,19,5,1,0,0,1,0,0,0,0,0,1,6,6,3,-1,-1,-1,-1,-1,-1,-1,-1,0,-1
2020010240084,2020,010240084,2,9,9,99,99,9,9,99,99,9,9,99,9,99,9,9,6,6,3,-1,-1,-1,-1,-1,-1,-1,-1,0,-1
2020010264497,2020,010264497,2,9,0,99,99,9,9,99,99,9,9,99,9,99,2,9,6,6,3,-1,-1,-1,-1,-1,-1,-1,-1,0,-1
2020370923008,2020,370923008,2,1,0,18,19,5,1,0,0,0,0,0,0,0,1,1,2,2,1,33,6,-1,-1,-1,-1,6,E01030006,0,-1
2020160915561,2020,160915561,1,9,0,16,19,2,4,0,0,0,0,0,0,0,1,1,5,6,2,29,6,-1,-1,-1,-1,1,E01012779,0,-1
2020010231402,2020,010231402,1,1,9,99,99,9,9,99,99,9,9,99,9,99,9,1,6,6,1,53,8,-1,-1,-1,-1,7,E01030707,0,-1
2020052000197,2020,052000197,1,8,0,1,1,9,9,0,0,0,0,4,0,0,2,1,6,6,3,-1,-1,-1,-1,-1,-1,-1,-1,0,-1
2020010267587,2020,010267587,2,9,4,99,99,9,9,99,99,0,9,99,9,99,9,9,6,6,3,-1,-1,-1,-1,-1,-1,-1,-1,0,-1
2020332000299,2020,332000299,1,19,0,13,13,3,7,0,0,8,0,0,1,1,1,1,6,6,1,-1,-1,-1,-1,-1,-1,5,E01013699,0,-1
2020010282045,2020,010282045,2,1,0,3,3,1,5,0,0,1,0,10,8,11,4,1,6,6,1,50,8,-1,-1,-1,-1,6,E01002240,0,-1
2020010256897,2020,010256897,2,1,0,9,9,3,1,0,0,3,0,0,0,0,2,1,1,1,2,24,5,-1,-1,-1,-1,4,E01033727,0,-1
2020450928239,2020,450928239,1,9,0,7,7,7,1,0,0,1,0,0,0,0,1,1,6,6,3,55,8,-1,-1,-1,-1,-1,-1,0,-1
2020161001515,2020,161001515,2,9,0,2,2,0,0,9,9,0,0,0,1,0,4,1,6,6,3,-1,-1,-1,-1,-1,-1,-1,-1,0,-1
2020990951298,2020,990951298,2,1,0,18,19,8,4,0,0,3,0,0,0,0,2,1,5,6,1,54,8,-1,-1,-1,-1,4,-1,0,-1
2020010255390,2020,010255390,1,5,0,9,9,3,2,0,0,5,5,0,0,0,1,1,1,1,1,48,8,-1,-1,-1,-1,3,E01003296,0,-1
202006E375815,2020,06E375815,1,1,0,18,19,5,1,0,0,8,0,0,0,0,1,1,6,6,1,31,6,-1,-1,-1,-1,5,E01005175,0,-1
2020160956454,2020,160956454,1,5,0,18,19,7,3,0,0,4,1,0,0,0,4,1,5,6,1,20,4,-1,-1,-1,-1,1,E01012876,0,-1
2020010268852,2020,010268852,2,1,0,18,19,1,5,0,0,1,0,0,0,0,1,1,6,6,1,28,6,-1,-1,-1,-1,2,E01003336,0,-1
2020430376780,2020,430376780,1,9,0,18,19,4,8,0,0,8,0,0,0,0,1,1,1,1,1,20,4,-1,-1,-1,-1,4,E01016360,0,-1
2020010284096,2020,010284096,1,1,9,99,99,9,9,99,99,0,9,99,9,99,1,1,6,6,1,22,5,-1,-1,-1,-1,3,E01003569,0,-1
2020320052170,2020,320052170,1,9,0,18,19,5,1,0,0,0,0,0,0,0,0,1,6,6,3,-1,-1,-1,-1,-1,-1,-1,-1,0,-1
202006E171009,2020,06E171009,2,1,0,18,19,5,1,0,0,8,0,0,0,0,3,1,2,2,1,22,5,-1,-1,-1,-1,8,E01005367,0,-1
2020430086993,2020,430086993,1,9,0,9,9,4,2,0,0,6,0,0,0,0,1,1,6,6,2,22,5,-1,-1,-1,-1,10,E01017794,0,-1
2020420986517,2020,420986517,1,9,0,14,14,1,5,0,0,0,0,4,0,0,4,1,6,6,1,25,5,-1,-1,-1,-1,-1,-1,0,-1
2020332000394,2020,332000394,1,19,0,18,19,8,4,0,0,0,5,0,8,4,1,1,6,6,1,20,4,-1,-1,-1,-1,8,E01025685,0,-1
2020522100998,2020,522100998,2,1,0,18,19,7,3,0,0,8,0,0,0,0,4,1,6,6,1,54,8,-1,-1,-1,-1,10,E01014880,0,-1
2020010268885,2020,010268885,1,1,0,18,19,5,1,5,5,0,0,0,0,0,1,1,6,6,1,40,7,-1,-1,-1,-1,7,E01002962,0,-1
2020360987444,2020,360987444,2,1,0,18,19,7,3,0,0,0,0,0,0,0,1,1,6,6,1,28,6,-1,-1,-1,-1,3,E01026825,0,-1
2020501005315,2020,501005315,2,1,0,18,19,7,3,0,0,1,0,0,0,0,4,1,5,6,1,51,8,-1,-1,-1,-1,3,E01019922,0,-1
2020140994395,2020,140994395,1,9,0,7,7,7,2,0,0,3,0,7,0,0,1,1,5,6,1,33,6,-1,-1,-1,-1,1,E01007462,0,-1
2020170M30420,2020,170M30420,1,9,0,18,19,3,7,0,0,8,1,0,7,0,1,1,6,6,2,58,9,-1,-1,-1,-1,3,E01012034,0,-1
2020440102838,2020,440102838,2,9,0,18,19,8,4,0,0,8,0,0,0,0,1,1,1,1,1,42,7,-1,-1,-1,-1,10,E01022893,0,-1
2020010232566,2020,010232566,1,1,0,18,19,5,1,0,0,8,0,0,0,0,1,1,6,6,1,51,8,-1,-1,-1,-1,3,E01033596,0,-1
2020010250311,2020,010250311,2,19,0,15,15,1,5,0,0,0,0,0,0,0,3,1,6,6,3,-1,-1,-1,-1,-1,-1,-1,-1,0,-1
202060Y010400,2020,60Y010400,1,9,0,16,19,4,8,0,0,1,0,0,0,0,1,1,6,6,1,71,10,-1,-1,-1,-1,-1,-1,0,-1
2020010280886,2020,010280886,2,1,0,18,19,1,5,0,0,0,1,0,0,0,4,1,6,6,1,37,7,-1,-1,-1,-1,4,E01003927,0,-1
2020010274275,2020,010274275,2,1,0,4,4,3,7,0,0,0,0,0,0,0,1,1,6,6,2,17,4,-1,-1,-1,-1,7,E01030318,0,-1
2020220958959,2020,220958959,3,21,1,18,19,6,2,0,0,0,0,0,0,0,1,1,1,1,1,37,7,-1,-1,-1,-1,2,E01008057,0,-1
2020070263794,2020,070263794,2,1,0,3,3,6,2,0,0,0,0,0,0,0,3,1,6,6,1,23,5,-1,-1,-1,-1,-1,-1,0,-1
2020100949933,2020,100949933,1,1,0,18,19,5,1,0,0,0,5,0,0,0,1,1,5,6,1,63,9,-1,-1,-1,-1,6,E01027472,0,-1
202031D056320,2020,31D056320,1,9,0,1,1,8,4,0,0,0,0,10,0,0,2,1,6,6,1,84,11,-1,-1,-1,-1,8,E01028206,0,-1
2020122000587,2020,122000587,2,1,0,18,19,5,1,0,0,8,0,0,0,0,3,1,6,6,1,35,6,-1,-1,-1,-1,10,E01027698,0,-1
2020440223570,2020,440223570,1,9,0,18,19,3,7,0,0,0,1,0,2,7,3,1,6,6,1,52,8,-1,-1,-1,-1,6,E01030300,0,-1
2020544841120,2020,544841120,1,9,0,18,19,2,6,0,0,0,0,0,0,0,3,1,6,6,1,60,9,-1,-1,-1,-1,-1,-1,0,-1
2020990991827,2020,990991827,2,1,0,14,14,4,8,0,0,1,0,8,0,0,4,1,6,6,1,57,9,-1,-1,-1,-1,-1,-1,0,-1
2020010240131,2020,010240131,1,1,9,99,99,9,9,99,99,1,9,99,9,99,9,1,6,6,2,52,8,-1,-1,-1,-1,5,E01001859,0,-1
2020210949329,2020,210949329,1,9,0,18,19,5,8,0,0,0,0,10,0,0,4,1,1,1,1,-1,-1,-1,-1,-1,-1,-1,-1,0,-1
2020990953134,2020,990953134,1,1,0,9,9,1,5,0,0,1,2,11,0,0,1,1,6,6,1,36,7,-1,-1,-1,-1,-1,-1,0,-1
2020010271380,2020,010271380,1,1,9,99,99,9,9,99,99,9,9,99,9,99,1,1,2,2,2,31,6,-1,-1,-1,-1,4,E01003129,0,-1
2020030936452,2020,030936452,2,9,0,2,2,0,0,9,9,0,0,0,0,0,3,1,5,6,2,59,9,-1,-1,-1,-1,6,E01019275,0,-1