collision_index,collision_year,collision_ref_no,vehicle_reference,vehicle_type,towing_and_articulation,vehicle_manoeuvre_historic,vehicle_manoeuvre,vehicle_direction_from,vehicle_direction_to,vehicle_location_restricted_lane_historic,vehicle_location_restricted_lane,junction_location,skidding_and_overturning,hit_object_in_carriageway,vehicle_leaving_carriageway,hit_object_off_carriageway,first_point_of_impact,vehicle_left_hand_drive,journey_purpose_of_driver_historic,journey_purpose_of_driver,sex_of_driver,age_of_driver,age_band_of_driver,engine_capacity_cc,propulsion_code,age_of_vehicle,generic_make_model,driver_imd_decile,lsoa_of_driver,escooter_flag,driver_distance_banding
2020100956323,2020,100956323,2,1,0,18,19,5,1,0,0,8,5,0,0,0,3,1,5,6,2,29,6,-1,-1,-1,-1,5,E01027447,0,-1
2020040938130,2020,040938130,2,1,0,17,19,5,1,0,0,0,0,0,0,0,2,1,5,6,2,73,10,-1,-1,-1,-1,4,E01025335,0,-1
2020332000797,2020,332000797,1,9,0,11,11,1,4,0,0,3,0,0,0,0,4,1,6,6,1,49,8,-1,-1,-1,-1,1,W01001238,0,-1
2020430162799,2020,430162799,2,1,0,9,9,8,5,0,0,6,0,0,0,0,3,1,6,6,2,30,6,-1,-1,-1,-1,-1,-1,0,-1
202006A372210,2020,06A372210,1,1,0,18,19,1,5,0,0,8,0,0,0,0,1,1,6,6,1,44,7,-1,-1,-1,-1,7,E01005939,0,-1
2020200996521,2020,200996521,2,11,0,18,19,8,4,0,0,8,0,0,0,0,1,1,1,1,1,37,7,-1,-1,-1,-1,2,E01010525,0,-1
2020420920732,2020,420920732,2,1,0,18,19,4,8,0,0,2,0,0,0,0,3,1,6,6,1,53,8,-1,-1,-1,-1,8,E01021583,0,-1
2020010269332,2020,010269332,2,9,0,99,99,9,9,99,99,0,9,99,9,99,1,9,6,6,3,-1,-1,-1,-1,-1,-1,-1,-1,0,-1
2020010261599,2020,010261599,2,9,0,99,99,9,9,99,99,1,9,99,9,99,2,1,6,6,3,-1,-1,-1,-1,-1,-1,2,E01001181,0,-1
202006XP75131,2020,06XP75131,2,9,0,18,19,4,8,0,0,0,0,0,0,0,2,1,6,6,1,33,6,-1,-1,-1,-1,-1,-1,0,-1
2020040985443,2020,040985443,1,1,0,18,19,7,3,9,9,1,1,11,0,0,1,1,5,6,2,75,10,-1,-1,-1,-1,-1,-1,0,-1
2020520101169,2020,520101169,2,1,0,18,19,7,3,0,0,1,0,0,0,0,1,1,6,6,2,48,8,-1,-1,-1,-1,6,E01029057,0,-1
2020010261802,2020,010261802,2,1,0,18,19,7,3,0,0,0,2,4,0,0,1,1,6,6,2,36,7,-1,-1,-1,-1,5,E01002629,0,-1
202060Y165501,2020,60Y165501,1,9,0,9,9,2,8,0,0,5,0,0,0,0,1,1,6,6,1,38,7,-1,-1,-1,-1,-1,-1,0,-1
2020010278240,2020,010278240,1,9,0,7,7,4,5,0,0,1,0,0,0,0,0,1,6,6,3,-1,-1,-1,-1,-1,-1,-1,-1,0,-1
2020010257991,2020,010257991,2,9,0,6,6,4,4,0,0,0,0,0,0,0,3,1,6,6,3,-1,-1,-1,-1,-1,-1,-1,-1,0,-1
2020990959806,2020,990959806,2,1,0,18,19,6,2,0,0,8,0,0,0,0,1,1,2,2,1,36,7,-1,-1,-1,-1,10,-1,0,-1
2020440388297,2020,440388297,2,19,0,18,19,4,8,0,0,0,0,0,0,0,1,1,6,6,1,-1,-1,-1,-1,-1,-1,-1,-1,0,-1
2020460991679,2020,460991679,1,9,0,18,19,4,7,0,0,4,0,0,0,0,3,1,6,6,3,-1,-1,-1,-1,-1,-1,-1,-1,0,-1
2020052001684,2020,052001684,2,1,0,18,19,7,3,0,0,0,0,0,0,0,1,1,6,6,1,58,9,-1,-1,-1,-1,6,E01007213,0,-1
2020522002731,2020,522002731,1,1,0,18,19,7,3,0,0,1,0,0,0,0,1,1,6,6,2,25,5,-1,-1,-1,-1,8,E01014669,0,-1
202060Y020587,2020,60Y020587,3,19,0,2,2,0,0,0,0,8,0,0,7,0,2,1,6,6,1,38,7,-1,-1,-1,-1,-1,-1,0,-1
2020010256996,2020,010256996,2,1,0,18,19,7,3,0,0,8,0,0,0,0,1,1,6,6,2,27,6,-1,-1,-1,-1,1,E01001958,0,-1
2020460919793,2020,460919793,3,9,0,10,10,3,1,0,0,1,0,0,0,0,0,1,5,6,1,58,9,-1,-1,-1,-1,10,E01024147,0,-1
2020010284388,2020,010284388,1,9,0,99,99,9,9,99,99,9,9,99,9,99,2,9,6,6,1,46,8,-1,-1,-1,-1,1,E01007883,0,-1
2020450986843,2020,450986843,2,9,0,14,14,3,7,0,0,0,0,4,0,0,4,1,6,6,3,42,7,-1,-1,-1,-1,-1,-1,0,-1
2020360966528,2020,360966528,2,1,0,18,19,6,2,0,0,0,0,0,0,0,-1,1,6,6,1,-1,-1,-1,-1,-1,-1,-1,-1,0,-1
2020010245044,2020,010245044,2,1,0,18,19,7,3,0,0,1,0,0,0,0,1,1,6,6,1,56,9,-1,-1,-1,-1,7,E01001380,0,-1
2020010247161,2020,010247161,1,4,0,18,19,5,1,0,0,8,0,0,0,0,1,1,6,6,3,-1,-1,-1,-1,-1,-1,-1,-1,0,-1
2020350966786,2020,350966786,2,1,0,17,19,7,3,0,0,0,0,0,0,0,0,1,5,6,1,26,6,-1,-1,-1,-1,3,E01032785,0,-1
2020010277845,2020,010277845,2,9,0,99,99,9,9,99,99,9,9,99,9,99,2,9,6,6,3,-1,-1,-1,-1,-1,-1,-1,-1,0,-1
2020100996473,2020,100996473,1,9,0,13,13,1,5,0,0,0,0,0,0,0,1,1,5,6,2,77,11,-1,-1,-1,-1,5,E01027373,0,-1
2020010269792,2020,010269792,2,-1,0,12,12,7,3,0,0,5,0,0,0,0,3,1,6,6,1,19,4,-1,-1,-1,-1,9,E01003011,1,-1
2020990923855,2020,990923855,1,90,0,4,4,4,7,0,0,0,0,4,0,0,1,1,1,1,2,28,6,-1,-1,-1,-1,8,-1,0,-1
2020500966432,2020,500966432,2,1,0,18,19,2,6,0,0,0,0,0,0,0,1,1,5,6,1,85,11,-1,-1,-1,-1,5,E01015174,0,-1
2020340K03922,2020,340K03922,1,9,0,18,19,3,7,0,0,0,0,0,0,0,0,1,6,6,3,-1,-1,-1,-1,-1,-1,-1,-1,0,-1
2020230935914,2020,230935914,1,9,0,18,19,8,4,0,0,0,0,0,0,0,1,1,2,2,2,52,8,-1,-1,-1,-1,7,E01009424,0,-1
2020549762720,2020,549762720,2,9,0,9,9,7,3,0,0,8,0,0,0,0,3,1,6,6,1,36,7,-1,-1,-1,-1,6,E01016393,0,-1
2020470983984,2020,470983984,2,1,0,18,19,7,3,0,0,8,0,0,0,0,1,1,6,6,1,22,5,-1,-1,-1,-1,6,E01031839,0,-1
20201377B0672,2020,1377B0672,2,9,0,18,19,8,4,0,0,0,0,0,0,0,4,1,6,6,3,-1,-1,-1,-1,-1,-1,-1,-1,0,-1
2020160982403,2020,160982403,3,9,0,2,2,0,0,9,9,0,0,0,0,0,2,1,6,6,3,-1,-1,-1,-1,-1,-1,-1,-1,0,-1
2020990974183,2020,990974183,2,1,0,18,19,3,7,0,0,0,0,0,0,0,2,1,5,6,1,65,9,-1,-1,-1,-1,4,-1,0,-1
2020420934161,2020,420934161,2,9,0,18,19,5,1,0,0,0,1,0,0,0,1,1,1,1,1,43,7,-1,-1,-1,-1,3,E01021359,0,-1
2020552001044,2020,552001044,1,9,0,18,19,6,3,0,0,4,0,0,0,0,1,1,6,6,1,59,9,-1,-1,-1,-1,4,E01015343,0,-1
2020010266652,2020,010266652,2,1,0,18,19,5,1,0,0,2,5,0,0,0,4,1,2,2,2,21,5,-1,-1,-1,-1,7,E01004761,0,-1
2020450954251,2020,450954251,1,1,0,18,19,5,1,0,0,1,0,0,0,0,3,1,5,6,1,41,7,-1,-1,-1,-1,10,E01030321,0,-1
2020052001055,2020,052001055,2,1,0,18,19,4,8,0,0,8,0,0,0,0,3,1,6,6,1,35,6,-1,-1,-1,-1,4,E01006554,0,-1
20201376K1195,2020,1376K1195,3,1,0,12,12,3,7,0,0,0,5,0,0,0,3,1,6,6,1,70,10,-1,-1,-1,-1,7,E01011650,0,-1
2020052001939,2020,052001939,2,9,0,7,7,1,3,0,0,1,0,0,0,0,4,1,6,6,3,-1,-1,-1,-1,-1,-1,-1,-1,0,-1
2020351004313,2020,351004313,2,1,-1,3,3,2,8,0,0,2,5,0,0,0,1,1,2,2,2,43,7,-1,-1,-1,-1,6,E01017951,0,-1
202031C123520,2020,31C123520,1,9,0,5,5,3,7,0,0,0,0,0,0,0,1,1,6,6,3,-1,-1,-1,-1,-1,-1,-1,-1,0,-1
2020040942678,2020,040942678,1,9,0,18,19,1,5,0,0,0,0,0,0,0,1,1,6,6,3,-1,-1,-1,-1,-1,-1,-1,-1,0,-1
2020040947054,2020,040947054,1,1,0,18,19,5,1,0,0,6,0,0,1,0,3,1,5,6,1,38,7,-1,-1,-1,-1,1,E01025154,0,-1
2020411008010,2020,411008010,2,1,0,18,19,4,8,0,0,0,5,0,1,0,2,1,6,6,1,69,10,-1,-1,-1,-1,-1,-1,0,-1
2020122000456,2020,122000456,2,1,0,18,19,5,1,0,0,1,0,0,0,0,4,1,6,6,1,31,6,-1,-1,-1,-1,8,E01013348,0,-1
2020990951948,2020,990951948,2,1,0,18,19,7,3,0,0,1,0,0,0,0,3,1,6,6,1,49,8,-1,-1,-1,-1,7,-1,0,-1
2020141006545,2020,141006545,2,9,0,18,19,5,1,0,0,0,0,0,0,0,-1,1,6,6,3,-1,-1,-1,-1,-1,-1,-1,-1,0,-1
2020010258643,2020,010258643,2,9,0,13,13,6,2,0,0,1,0,0,0,0,1,1,6,6,3,-1,-1,-1,-1,-1,-1,-1,-1,0,-1
2020332000619,2020,332000619,1,19,0,18,19,1,5,0,0,0,5,6,7,11,4,1,1,1,1,51,8,-1,-1,-1,-1,6,E01013801,0,-1
2020302000727,2020,302000727,1,1,0,18,19,3,7,0,0,8,0,0,0,0,2,1,6,6,1,55,8,-1,-1,-1,-1,8,E01019847,0,-1
2020500951696,2020,500951696,2,1,0,18,19,5,1,0,0,1,0,0,0,0,3,1,6,6,1,55,8,-1,-1,-1,-1,2,E01015229,0,-1
2020010265828,2020,010265828,2,9,0,99,99,9,9,99,99,9,9,99,9,99,9,9,6,6,3,-1,-1,-1,-1,-1,-1,-1,-1,0,-1
20201379F0973,2020,1379F0973,1,9,0,7,7,4,6,0,0,6,0,0,0,0,2,1,6,6,2,23,5,-1,-1,-1,-1,2,E01011010,0,-1
2020440154048,2020,440154048,2,1,0,18,19,4,8,0,0,8,0,0,0,0,4,1,1,1,2,52,8,-1,-1,-1,-1,1,E01017038,0,-1
2020470975888,2020,470975888,1,1,0,18,19,2,6,0,0,0,0,0,0,0,1,1,5,6,1,45,7,-1,-1,-1,-1,8,E01021201,0,-1
2020410961227,2020,410961227,2,9,0,18,19,3,1,0,0,1,0,0,0,0,1,1,5,6,1,26,6,-1,-1,-1,-1,7,E01023776,0,-1
2020440102308,2020,440102308,1,1,0,18,19,5,1,0,0,0,0,0,1,0,2,1,6,6,1,60,9,-1,-1,-1,-1,8,E01017293,0,-1
202060Y141975,2020,60Y141975,3,9,0,3,3,2,6,0,0,1,0,0,0,0,2,1,6,6,2,63,9,-1,-1,-1,-1,-1,-1,0,-1
2020160947115,2020,160947115,2,1,0,5,5,1,5,0,0,1,0,0,0,0,1,1,6,6,1,-1,-1,-1,-1,-1,-1,-1,-1,0,-1
2020010246949,2020,010246949,3,9,0,2,2,0,0,0,0,8,0,0,0,0,2,1,6,6,3,-1,-1,-1,-1,-1,-1,-1,-1,0,-1
2020200951022,2020,200951022,2,9,0,5,5,3,7,0,0,8,0,0,0,0,2,1,2,2,1,21,5,-1,-1,-1,-1,2,E01010429,0,-1
2020010258604,2020,010258604,1,9,0,5,5,7,3,0,0,4,1,0,0,0,1,1,6,6,1,29,6,-1,-1,-1,-1,6,E01031860,0,-1
2020440354661,2020,440354661,2,9,0,18,19,6,2,0,0,0,1,10,1,0,2,1,6,6,1,38,7,-1,-1,-1,-1,4,E01022568,0,-1
202060Y149901,2020,60Y149901,1,9,0,18,19,2,6,0,0,1,0,0,1,0,1,1,6,6,1,22,5,-1,-1,-1,-1,-1,-1,0,-1
2020470977033,2020,470977033,2,9,0,2,2,0,0,0,0,0,0,0,0,0,3,1,6,6,3,-1,-1,-1,-1,-1,-1,-1,-1,0,-1
2020370952292,2020,370952292,1,9,0,18,19,7,3,0,0,0,0,0,0,0,1,1,5,6,1,69,10,-1,-1,-1,-1,10,E01030104,0,-1
2020552000390,2020,552000390,1,1,0,18,19,7,3,0,0,0,0,0,0,0,3,1,6,6,2,22,5,-1,-1,-1,-1,1,E01015282,0,-1
2020350929702,2020,350929702,1,9,0,9,9,5,1,0,0,6,0,0,0,0,1,1,5,6,1,22,5,-1,-1,-1,-1,3,E01016738,0,-1
2020010237749,2020,010237749,2,9,9,99,99,9,9,99,99,1,9,0,9,99,9,9,6,6,3,-1,-1,-1,-1,-1,-1,-1,-1,0,-1
2020010267436,2020,010267436,3,9,0,15,15,5,1,9,9,1,0,8,0,0,4,1,6,6,3,-1,-1,-1,-1,-1,-1,-1,-1,0,-1
2020410989924,2020,410989924,1,1,0,18,19,8,4,0,0,0,0,0,0,0,1,1,6,6,1,49,8,-1,-1,-1,-1,6,E01023414,0,-1
2020030933715,2020,030933715,2,9,0,18,19,5,2,0,0,0,1,0,0,0,1,1,1,1,1,25,5,-1,-1,-1,-1,5,E01019309,0,-1
2020440238610,2020,440238610,1,9,0,5,5,7,3,0,0,8,0,0,0,0,1,1,6,6,3,-1,-1,-1,-1,-1,-1,-1,-1,0,-1
2020200938735,2020,200938735,2,1,0,18,19,-1,-1,0,0,3,0,0,0,0,2,1,1,1,1,55,8,-1,-1,-1,-1,5,E01009235,0,-1
2020430231540,2020,430231540,2,1,0,18,19,7,3,0,0,2,0,0,0,0,3,1,6,6,1,38,7,-1,-1,-1,-1,3,E01028621,0,-1
2020010253764,2020,010253764,2,9,0,99,99,9,9,99,99,1,9,99,9,99,1,9,6,6,3,-1,-1,-1,-1,-1,-1,-1,-1,0,-1
2020230984999,2020,230984999,1,9,0,18,19,8,4,0,0,0,1,0,1,4,4,1,2,2,1,42,7,-1,-1,-1,-1,6,E01031211,0,-1
2020010254107,2020,010254107,1,1,9,99,99,9,9,99,99,8,9,99,9,99,1,1,6,6,1,23,5,-1,-1,-1,-1,3,E01003923,0,-1
2020010261755,2020,010261755,1,9,0,99,99,9,9,99,99,0,9,99,9,99,9,9,6,6,3,-1,-1,-1,-1,-1,-1,-1,-1,0,-1
2020350920792,2020,350920792,1,9,0,5,5,3,7,9,9,0,0,0,7,0,1,1,6,6,1,51,8,-1,-1,-1,-1,-1,-1,0,-1
2020010286871,2020,010286871,1,1,9,99,99,9,9,99,99,9,9,99,9,99,9,1,6,6,1,40,7,-1,-1,-1,-1,2,E01001842,0,-1
2020370961483,2020,370961483,2,1,0,18,19,6,2,0,0,0,0,0,0,0,-1,1,5,6,1,30,6,-1,-1,-1,-1,4,E01030270,0,-1
2020450977603,2020,450977603,2,9,0,18,19,7,3,0,0,0,0,0,0,0,1,1,1,1,1,27,6,-1,-1,-1,-1,7,E01004159,0,-1
2020052000289,2020,052000289,1,3,0,16,19,6,8,0,0,0,1,0,0,0,0,1,6,6,1,38,7,-1,-1,-1,-1,1,E01007127,0,-1
202031C141820,2020,31C141820,2,9,0,9,9,5,3,0,0,6,0,0,0,0,4,1,6,6,1,30,6,-1,-1,-1,-1,5,E01013840,0,-1
2020010239801,2020,010239801,1,1,9,99,99,9,9,99,99,9,9,99,9,99,1,-1,2,2,1,32,6,-1,-1,-1,-1,7,E01030865,0,-1
2020450960065,2020,450960065,1,19,0,9,9,1,3,0,0,0,1,0,7,0,4,1,1,1,1,28,6,-1,-1,-1,-1,3,E01016444,0,-1
202063B020620,2020,63B020620,1,19,0,18,19,2,6,0,0,0,0,0,0,0,3,1,1,1,3,-1,-1,-1,-1,-1,-1,-1,-1,0,-1
2020040980353,2020,040980353,2,1,0,18,19,1,5,0,0,1,0,0,0,0,4,1,6,6,2,64,9,-1,-1,-1,-1,10,E01004844,0,-1
2020137891050,2020,137891050,1,9,0,18,19,1,3,0,0,8,0,0,0,0,1,1,6,6,3,-1,-1,-1,-1,-1,-1,-1,-1,0,-1
2020302000388,2020,302000388,2,1,0,18,19,2,7,0,0,1,0,0,0,0,1,1,2,2,1,38,7,-1,-1,-1,-1,9,E01028355,0,-1
2020530919519,2020,530919519,2,1,0,18,19,-1,-1,0,0,0,0,0,0,0,2,1,6,6,1,59,9,-1,-1,-1,-1,1,E01022311,0,-1
2020360943520,2020,360943520,2,9,0,18,19,6,1,0,0,0,0,0,0,0,3,1,5,6,2,29,6,-1,-1,-1,-1,3,E01026455,0,-1
2020010266577,2020,010266577,1,1,9,99,99,9,9,99,99,9,9,99,9,99,1,1,2,2,1,36,7,-1,-1,-1,-1,10,E01004105,0,-1
2020450950123,2020,450950123,1,1,0,18,19,5,1,0,0,0,2,0,0,0,3,1,5,6,1,23,5,-1,-1,-1,-1,3,E01016501,0,-1
2020332000323,2020,332000323,2,9,0,14,14,7,3,0,0,0,0,0,0,0,1,1,6,6,1,35,6,-1,-1,-1,-1,4,E01013696,0,-1
2020200928499,2020,200928499,2,1,0,18,19,2,6,0,0,8,0,0,0,0,1,1,6,6,1,59,9,-1,-1,-1,-1,4,E01009864,0,-1
202031C019420,2020,31C019420,1,1,0,18,19,2,6,0,0,1,0,0,0,0,0,1,6,6,1,36,7,-1,-1,-1,-1,2,E01013829,0,-1
2020100969174,2020,100969174,2,1,0,18,19,7,3,0,0,0,0,0,0,0,1,1,5,6,1,48,8,-1,-1,-1,-1,3,E01008706,0,-1
202031D085020,2020,31D085020,1,1,0,15,15,4,8,0,0,8,0,0,1,0,1,1,6,6,1,34,6,-1,-1,-1,-1,4,E01019693,0,-1
2020010268616,2020,010268616,2,1,0,14,14,7,3,0,0,1,0,8,0,0,3,1,6,6,1,48,8,-1,-1,-1,-1,5,E01004522,0,-1
2020320626704,2020,320626704,1,1,0,5,5,4,8,0,0,3,0,0,0,0,1,1,2,2,1,19,4,-1,-1,-1,-1,5,E01032988,0,-1
2020622001072,2020,622001072,2,1,0,9,9,5,3,0,0,6,0,0,0,0,3,1,6,6,2,51,8,-1,-1,-1,-1,7,W01001246,0,-1
2020450943215,2020,450943215,4,9,0,2,2,5,1,9,9,0,0,4,0,0,3,1,6,6,3,-1,-1,-1,-1,-1,-1,-1,-1,0,-1
2020200952280,2020,200952280,2,1,0,18,19,1,6,0,0,3,0,0,0,0,4,1,2,2,1,65,9,-1,-1,-1,-1,1,E01010142,0,-1
2020220998953,2020,220998953,2,1,0,16,19,8,4,0,0,0,0,0,0,0,2,1,5,6,1,41,7,-1,-1,-1,-1,6,E01010082,0,-1
202006Q168136,2020,06Q168136,2,9,0,16,19,1,3,0,0,0,0,0,0,0,1,1,6,6,1,18,4,-1,-1,-1,-1,4,E01005436,0,-1
2020010263457,2020,010263457,2,1,0,18,19,3,7,0,0,1,0,0,0,0,1,1,6,6,1,34,6,-1,-1,-1,-1,5,E01001647,0,-1
2020010283437,2020,010283437,2,11,0,99,99,9,9,99,99,0,9,99,9,99,4,9,6,6,3,-1,-1,-1,-1,-1,-1,-1,-1,0,-1
2020137330290,2020,137330290,1,9,0,18,19,1,5,0,0,0,0,0,0,0,1,1,6,6,3,-1,-1,-1,-1,-1,-1,-1,-1,0,-1
2020450930452,2020,450930452,1,1,0,18,19,1,5,0,0,0,0,0,0,0,0,1,5,6,2,12,3,-1,-1,-1,-1,10,E01030944,0,-1
2020320159031,2020,320159031,1,9,0,18,19,3,7,0,0,0,0,0,0,0,1,1,6,6,2,36,7,-1,-1,-1,-1,4,E01026706,0,-1
2020010259887,2020,010259887,2,1,0,4,4,7,3,0,0,5,0,0,0,0,1,1,6,6,2,31,6,-1,-1,-1,-1,6,E01002912,0,-1
2020010251867,2020,010251867,2,1,0,18,19,1,5,0,0,1,0,0,0,0,1,-1,2,2,1,42,7,-1,-1,-1,-1,2,E01002077,0,-1
2020070506710,2020,070506710,1,9,0,7,7,3,7,0,0,3,0,0,1,0,1,1,6,6,3,-1,-1,-1,-1,-1,-1,-1,-1,0,-1
2020302001090,2020,302001090,2,9,0,18,19,4,8,0,0,8,0,0,0,0,3,1,6,6,2,37,7,-1,-1,-1,-1,10,E01013560,0,-1
2020010249022,2020,010249022,2,9,9,99,99,9,9,99,99,0,9,99,9,99,4,9,6,6,3,-1,-1,-1,-1,-1,-1,-1,-1,0,-1
2020501017533,2020,501017533,3,9,0,18,19,5,1,0,0,0,0,0,0,0,0,1,5,6,2,35,6,-1,-1,-1,-1,9,E01029145,0,-1
2020522100633,2020,522100633,1,9,0,18,19,7,3,0,0,0,0,0,0,0,4,1,6,6,2,25,5,-1,-1,-1,-1,9,E01014083,0,-1
2020010270799,2020,010270799,2,98,4,99,99,9,9,0,0,1,0,0,0,0,1,9,6,6,3,-1,-1,-1,-1,-1,-1,-1,-1,0,-1
2020360940711,2020,360940711,2,9,0,18,19,8,3,0,0,0,0,0,0,0,1,1,6,6,3,-1,-1,-1,-1,-1,-1,-1,-1,0,-1
202006A178304,2020,06A178304,2,9,0,18,19,5,1,0,0,8,0,0,0,0,3,1,1,1,1,45,7,-1,-1,-1,-1,1,E01005104,0,-1
202031C077320,2020,31C077320,2,1,0,18,19,6,2,0,0,0,0,0,0,0,3,1,6,6,2,19,4,-1,-1,-1,-1,1,E01013826,0,-1
2020302001580,2020,302001580,2,19,0,18,19,6,2,0,0,0,0,0,0,0,1,1,6,6,3,-1,-1,-1,-1,-1,-1,5,E01019456,0,-1
202006G167311,2020,06G167311,1,19,0,18,19,7,3,0,0,1,0,0,0,0,4,1,6,6,1,30,6,-1,-1,-1,-1,-1,-1,0,-1
2020010240211,2020,010240211,2,1,0,5,5,3,7,0,0,2,0,0,0,0,1,1,6,6,1,54,8,-1,-1,-1,-1,4,E01004049,0,-1
2020122000412,2020,122000412,1,1,0,16,19,5,7,0,0,0,0,0,0,0,1,1,6,6,1,54,8,-1,-1,-1,-1,7,E01027646,0,-1
2020520005012,2020,520005012,2,9,0,18,19,2,6,0,0,0,0,0,0,0,3,1,6,6,1,50,8,-1,-1,-1,-1,-1,-1,0,-1
2020010277396,2020,010277396,1,1,0,18,19,7,3,4,4,3,0,0,0,0,1,1,6,6,1,35,6,-1,-1,-1,-1,4,E01002704,0,-1
2020470974054,2020,470974054,1,1,0,7,7,7,1,0,0,8,1,0,0,0,3,1,5,6,1,72,10,-1,-1,-1,-1,7,E01031387,0,-1
202063A031720,2020,63A031720,2,19,0,16,19,8,3,0,0,0,0,0,0,0,1,1,6,6,1,35,6,-1,-1,-1,-1,3,W01000670,0,-1
2020990957776,2020,990957776,2,1,0,3,3,4,8,0,0,1,0,0,0,0,1,1,6,6,1,61,9,-1,-1,-1,-1,3,-1,0,-1
2020610028020,2020,610028020,1,9,0,10,10,7,4,0,0,1,0,0,0,0,2,1,6,6,1,57,9,-1,-1,-1,-1,-1,-1,0,-1
2020470970054,2020,470970054,2,1,0,18,19,2,6,9,9,0,0,0,0,0,2,1,6,6,2,12,3,-1,-1,-1,-1,3,E01021044,0,-1
2020230981549,2020,230981549,2,1,0,18,19,8,4,0,0,0,0,0,0,0,1,1,4,7,1,12,3,-1,-1,-1,-1,9,E01032891,0,-1
202060Y122149,2020,60Y122149,2,9,0,18,19,5,1,0,0,0,0,0,0,0,1,1,6,6,1,62,9,-1,-1,-1,-1,-1,-1,0,-1
2020430048953,2020,430048953,1,8,0,3,3,3,7,0,0,0,0,0,0,0,1,1,1,1,1,28,6,-1,-1,-1,-1,7,E01016778,0,-1
2020461000513,2020,461000513,1,9,0,9,9,7,5,0,0,6,0,0,0,0,1,1,6,6,3,-1,-1,-1,-1,-1,-1,-1,-1,0,-1
2020461004811,2020,461004811,1,98,1,9,9,6,8,0,0,0,0,0,0,0,4,1,1,1,2,52,8,-1,-1,-1,-1,-1,-1,0,-1
2020010233099,2020,010233099,1,1,9,99,99,9,9,99,99,9,9,99,9,99,1,-1,2,2,1,54,8,-1,-1,-1,-1,2,E01004402,0,-1
2020010261194,2020,010261194,1,-1,0,12,12,7,3,0,0,0,0,0,0,0,0,1,6,6,2,20,4,-1,-1,-1,-1,3,E01000635,1,-1
2020160951824,2020,160951824,2,19,0,18,19,8,4,0,0,4,0,0,0,0,0,1,6,6,3,-1,-1,-1,-1,-1,-1,-1,-1,0,-1
2020990978447,2020,990978447,2,1,0,18,19,6,2,0,0,0,1,0,0,0,1,1,6,6,1,12,3,-1,-1,-1,-1,3,-1,0,-1
2020030918256,2020,030918256,1,9,0,18,19,1,5,0,0,0,0,0,0,0,1,1,2,2,1,79,11,-1,-1,-1,-1,7,-1,0,-1
2020461005994,2020,461005994,1,1,0,18,19,2,6,0,0,0,0,0,0,0,0,1,5,6,2,54,8,-1,-1,-1,-1,7,E01024707,0,-1
2020552000917,2020,552000917,2,1,0,18,19,2,6,0,0,0,0,0,0,0,2,1,6,6,1,34,6,-1,-1,-1,-1,9,E01031879,0,-1
202006G178544,2020,06G178544,2,19,0,9,9,1,7,0,0,1,0,0,0,0,1,1,6,6,1,30,6,-1,-1,-1,-1,-1,-1,0,-1
2020010264156,2020,010264156,1,19,0,17,19,7,3,0,0,2,0,0,0,0,4,1,6,6,3,-1,-1,-1,-1,-1,-1,-1,-1,0,-1
2020400985246,2020,400985246,2,1,0,18,19,3,7,0,0,1,0,0,0,0,1,1,6,6,1,55,8,-1,-1,-1,-1,10,E01017456,0,-1
2020461001346,2020,461001346,1,9,0,18,19,7,3,0,0,1,0,0,0,0,4,1,6,6,3,-1,-1,-1,-1,-1,-1,-1,-1,0,-1
2020010257115,2020,010257115,2,1,9,99,99,9,9,99,99,1,9,99,9,99,2,1,6,6,1,-1,-1,-1,-1,-1,-1,-1,-1,0,-1
2020010255181,2020,010255181,1,1,9,99,99,9,9,99,99,0,9,99,9,99,1,1,2,2,2,54,8,-1,-1,-1,-1,2,E01001731,0,-1
2020480254910,2020,480254910,1,1,9,99,99,9,9,99,99,9,9,99,9,99,9,1,6,6,1,34,6,-1,-1,-1,-1,-1,-1,0,-1
2020432003236,2020,432003236,1,90,0,18,19,9,9,0,0,4,0,0,0,0,1,1,6,6,3,-1,-1,-1,-1,-1,-1,-1,-1,0,-1
202060Y120565,2020,60Y120565,3,9,0,4,4,1,5,0,0,1,0,0,0,0,2,1,6,6,2,40,7,-1,-1,-1,-1,-1,-1,0,-1
2020460996084,2020,460996084,2,21,4,18,19,3,7,0,0,0,0,0,0,0,3,1,1,1,1,36,7,-1,-1,-1,-1,-1,-1,0,-1
2020460951954,2020,460951954,1,1,0,4,4,8,4,0,0,0,0,0,0,0,0,1,5,6,1,81,11,-1,-1,-1,-1,7,E01024766,0,-1
2020161002131,2020,161002131,1,98,0,16,19,8,4,0,0,0,0,0,0,0,1,1,2,2,1,42,7,-1,-1,-1,-1,4,E01013050,0,-1
2020210946866,2020,210946866,1,9,0,1,1,3,6,6,6,0,0,0,3,0,0,1,6,6,1,29,6,-1,-1,-1,-1,2,E01029350,0,-1
2020410991161,2020,410991161,1,1,0,18,19,1,5,0,0,8,1,0,0,0,4,1,6,6,1,31,6,-1,-1,-1,-1,7,E01023540,0,-1
2020460990337,2020,460990337,1,98,0,4,4,7,3,0,0,0,0,0,0,0,1,1,6,6,3,-1,-1,-1,-1,-1,-1,-1,-1,0,-1
2020010242949,2020,010242949,2,9,0,18,19,5,1,0,0,0,0,0,0,0,0,1,6,6,3,-1,-1,-1,-1,-1,-1,-1,-1,0,-1
2020460955295,2020,460955295,2,1,0,4,4,8,5,0,0,0,5,0,0,0,1,1,5,6,1,38,7,-1,-1,-1,-1,10,E01024471,0,-1
2020052002512,2020,052002512,2,1,0,18,19,3,7,0,0,8,0,0,0,0,1,1,1,1,1,30,6,-1,-1,-1,-1,1,E01033759,0,-1
2020170M21250,2020,170M21250,2,1,0,18,19,1,5,0,0,0,0,0,0,0,1,1,6,6,1,35,6,-1,-1,-1,-1,1,E01012050,0,-1
2020470930677,2020,470930677,1,9,0,17,19,4,8,0,0,0,0,0,7,7,1,1,5,6,2,43,7,-1,-1,-1,-1,6,E01031579,0,-1
2020440231853,2020,440231853,2,19,0,18,19,3,7,0,0,1,0,0,0,0,1,1,2,2,1,26,6,-1,-1,-1,-1,2,E01017115,0,-1