collision_index,collision_year,collision_ref_no,vehicle_reference,vehicle_type,towing_and_articulation,vehicle_manoeuvre_historic,vehicle_manoeuvre,vehicle_direction_from,vehicle_direction_to,vehicle_location_restricted_lane_historic,vehicle_location_restricted_lane,junction_location,skidding_and_overturning,hit_object_in_carriageway,vehicle_leaving_carriageway,hit_object_off_carriageway,first_point_of_impact,vehicle_left_hand_drive,journey_purpose_of_driver_historic,journey_purpose_of_driver,sex_of_driver,age_of_driver,age_band_of_driver,engine_capacity_cc,propulsion_code,age_of_vehicle,generic_make_model,driver_imd_decile,lsoa_of_driver,escooter_flag,driver_distance_banding
202006L278139,2020,06L278139,2,1,0,13,13,3,7,0,0,0,0,0,0,0,1,1,2,2,1,27,6,-1,-1,-1,-1,5,E01012474,0,-1
2020200990441,2020,200990441,3,9,0,2,2,0,0,0,0,2,0,0,0,0,2,1,6,6,3,-1,-1,-1,-1,-1,-1,-1,-1,0,-1
2020440425715,2020,440425715,1,1,0,18,19,3,7,0,0,8,0,0,0,0,1,1,6,6,1,77,11,-1,-1,-1,-1,10,E01022784,0,-1
2020430320793,2020,430320793,1,9,0,7,7,8,4,0,0,1,0,0,0,0,4,1,6,6,1,-1,-1,-1,-1,-1,-1,-1,-1,0,-1
2020622000207,2020,622000207,6,9,0,3,3,8,4,0,0,0,0,0,0,0,2,1,2,2,1,47,8,-1,-1,-1,-1,5,W01001229,0,-1
2020040931971,2020,040931971,1,9,0,18,19,3,7,0,0,1,0,0,0,0,1,1,6,6,3,-1,-1,-1,-1,-1,-1,-1,-1,0,-1
2020430157980,2020,430157980,2,1,0,18,19,3,7,0,0,0,0,0,0,0,1,1,6,6,1,27,6,-1,-1,-1,-1,9,E01033282,0,-1
2020360944280,2020,360944280,1,9,0,17,19,1,5,0,0,8,0,0,0,0,1,1,1,1,1,55,8,-1,-1,-1,-1,5,E01026428,0,-1
2020052000792,2020,052000792,1,9,0,7,7,8,2,0,0,1,0,0,0,0,1,1,6,6,2,29,6,-1,-1,-1,-1,1,E01007138,0,-1
2020010266161,2020,010266161,1,1,0,18,19,5,1,0,0,1,0,0,0,0,1,1,2,2,1,20,4,-1,-1,-1,-1,2,E01000905,0,-1
2020370937185,2020,370937185,1,9,0,18,19,1,5,0,0,0,0,4,0,0,1,1,5,6,2,51,8,-1,-1,-1,-1,10,E01030204,0,-1
2020220969763,2020,220969763,2,9,0,14,14,3,7,0,0,8,0,0,7,11,1,1,1,1,1,28,6,-1,-1,-1,-1,8,E01032400,0,-1
202006J167366,2020,06J167366,2,9,0,9,9,4,2,0,0,8,0,0,0,0,4,1,6,6,1,19,4,-1,-1,-1,-1,2,E01006036,0,-1
2020461009430,2020,461009430,2,90,0,18,19,5,1,0,0,0,0,0,0,0,1,1,6,6,1,19,4,-1,-1,-1,-1,5,E01016158,0,-1
2020010272498,2020,010272498,2,9,0,99,99,9,9,99,99,9,9,99,9,99,1,9,6,6,2,-1,-1,-1,-1,-1,-1,-1,-1,0,-1
2020010272759,2020,010272759,2,1,0,5,5,3,7,0,0,4,0,0,0,0,4,1,6,6,1,33,6,-1,-1,-1,-1,6,E01002933,0,-1
2020137CJ0871,2020,137CJ0871,1,1,0,18,19,2,6,0,0,0,0,0,0,0,1,1,6,6,1,69,10,-1,-1,-1,-1,4,E01011644,0,-1
2020430274123,2020,430274123,2,9,0,2,2,0,0,0,0,0,0,4,0,0,2,1,6,6,1,46,8,-1,-1,-1,-1,6,E01028700,0,-1
202060Y179576,2020,60Y179576,1,9,0,18,19,4,8,0,0,0,0,4,0,0,1,1,6,6,2,25,5,-1,-1,-1,-1,-1,-1,0,-1
2020450954138,2020,450954138,2,1,0,4,4,2,6,0,0,0,0,0,0,0,2,1,6,6,3,30,6,-1,-1,-1,-1,-1,-1,0,-1
2020137870154,2020,137870154,2,1,0,9,9,5,3,0,0,1,0,0,0,0,3,1,6,6,1,37,7,-1,-1,-1,-1,8,E01011279,0,-1
2020440131819,2020,440131819,1,1,0,18,19,8,4,0,0,0,0,4,0,0,1,1,6,6,1,60,9,-1,-1,-1,-1,5,E01008153,0,-1
2020530917107,2020,530917107,2,9,0,9,9,7,5,0,0,8,0,0,0,0,4,1,5,6,2,19,4,-1,-1,-1,-1,-1,-1,0,-1
2020530980599,2020,530980599,2,9,0,13,13,5,1,0,0,0,0,0,0,0,3,1,2,2,1,40,7,-1,-1,-1,-1,3,E01008930,0,-1
2020010270509,2020,010270509,1,1,9,99,99,9,9,99,99,9,9,99,9,99,9,1,6,6,1,53,8,-1,-1,-1,-1,6,E01004693,0,-1
2020370933255,2020,370933255,1,9,0,18,19,3,5,0,0,0,0,0,0,0,1,1,6,6,2,27,6,-1,-1,-1,-1,2,E01030254,0,-1
2020991012926,2020,991012926,2,1,0,16,19,3,5,0,0,1,5,0,0,0,1,1,6,6,1,61,9,-1,-1,-1,-1,10,-1,0,-1
2020010280308,2020,010280308,1,1,9,99,99,9,9,99,99,0,9,99,9,99,1,1,2,2,2,43,7,-1,-1,-1,-1,7,E01000377,0,-1
2020100996398,2020,100996398,2,1,0,18,19,5,1,0,0,4,0,0,0,0,2,1,5,6,2,55,8,-1,-1,-1,-1,-1,-1,0,-1
2020030995167,2020,030995167,2,9,0,18,19,1,5,0,0,8,1,0,0,0,1,1,1,1,1,60,9,-1,-1,-1,-1,4,E01019151,0,-1
2020211026901,2020,211026901,1,9,0,1,1,5,8,9,9,0,0,0,0,0,2,1,5,6,1,70,10,-1,-1,-1,-1,7,E01029683,0,-1
20201375F0970,2020,1375F0970,1,9,0,16,19,7,1,0,0,0,0,0,0,0,3,1,6,6,2,-1,-1,-1,-1,-1,-1,-1,-1,0,-1
2020010280739,2020,010280739,1,1,0,18,19,4,8,0,0,1,0,0,0,0,4,1,2,2,2,27,6,-1,-1,-1,-1,8,E01004073,0,-1
2020030981108,2020,030981108,2,9,0,18,19,2,1,0,0,0,0,0,0,0,4,1,5,6,1,49,8,-1,-1,-1,-1,6,E01019350,0,-1
2020500986216,2020,500986216,1,9,0,18,19,6,2,0,0,8,0,0,0,0,2,1,6,6,2,-1,-1,-1,-1,-1,-1,-1,-1,0,-1
2020220976029,2020,220976029,2,9,0,4,4,4,8,0,0,0,0,0,0,0,2,1,6,6,1,25,5,-1,-1,-1,-1,4,E01029015,0,-1
2020990966341,2020,990966341,4,9,0,2,2,0,0,0,0,1,0,0,0,0,1,1,6,6,3,-1,-1,-1,-1,-1,-1,-1,-1,0,-1
2020500988365,2020,500988365,2,9,0,3,3,6,2,0,0,0,0,0,0,0,2,1,2,2,1,59,9,-1,-1,-1,-1,4,E01018844,0,-1
2020450992595,2020,450992595,1,1,0,18,19,5,1,5,5,1,2,0,0,0,3,1,5,6,2,60,9,-1,-1,-1,-1,10,E01030475,0,-1
2020010259696,2020,010259696,1,19,0,18,19,5,1,0,0,2,0,0,0,0,1,1,2,2,1,40,7,-1,-1,-1,-1,8,E01030951,0,-1
202060Y040440,2020,60Y040440,2,9,0,18,19,1,5,0,0,0,0,0,0,0,1,1,1,1,2,51,8,-1,-1,-1,-1,-1,-1,0,-1
2020320488708,2020,320488708,2,1,0,18,19,3,7,0,0,3,0,0,0,0,1,1,6,6,1,71,10,-1,-1,-1,-1,6,E01026297,0,-1
2020200936480,2020,200936480,2,9,0,18,19,6,2,0,0,0,0,0,0,0,3,1,6,6,2,22,5,-1,-1,-1,-1,6,E01010132,0,-1
2020010241163,2020,010241163,1,9,0,99,99,9,9,99,99,0,9,99,9,99,9,9,6,6,3,-1,-1,-1,-1,-1,-1,-1,-1,0,-1
2020010268540,2020,010268540,1,1,0,16,19,3,7,0,0,0,0,0,0,0,4,1,6,6,1,32,6,-1,-1,-1,-1,2,E01003990,0,-1
2020100914707,2020,100914707,2,1,0,18,19,3,7,0,0,0,0,0,0,0,1,1,5,6,1,52,8,-1,-1,-1,-1,-1,-1,0,-1
202031A006220,2020,31A006220,1,9,0,18,19,2,6,0,0,0,0,0,0,0,1,1,6,6,1,-1,-1,-1,-1,-1,-1,-1,-1,0,-1
2020010263263,2020,010263263,2,1,0,15,15,5,1,0,0,1,0,0,0,0,1,1,6,6,1,36,7,-1,-1,-1,-1,3,E01003073,0,-1
2020010270616,2020,010270616,1,1,0,18,19,7,3,0,0,1,9,0,0,0,9,1,6,6,1,18,4,-1,-1,-1,-1,3,E01001048,0,-1
2020010267035,2020,010267035,2,9,0,99,99,9,9,99,99,9,9,99,9,99,1,9,6,6,3,-1,-1,-1,-1,-1,-1,7,E01004683,0,-1
2020480968794,2020,480968794,2,1,0,18,19,7,3,5,5,0,0,0,0,0,1,1,2,2,2,48,8,-1,-1,-1,-1,2,E01004696,0,-1
2020010274943,2020,010274943,2,1,0,4,4,5,1,0,0,1,0,0,0,0,4,1,6,6,2,28,6,-1,-1,-1,-1,1,E01000508,0,-1
2020137880058,2020,137880058,2,1,0,18,19,8,4,0,0,1,0,0,0,0,3,1,2,2,1,29,6,-1,-1,-1,-1,1,E01011756,0,-1
2020450984185,2020,450984185,2,1,0,5,5,1,5,0,0,8,0,0,0,0,4,1,5,6,1,12,3,-1,-1,-1,-1,7,E01030451,0,-1
2020470926643,2020,470926643,2,1,0,18,19,5,1,0,0,8,0,0,0,0,4,1,6,6,1,46,8,-1,-1,-1,-1,8,E01031838,0,-1
2020010276378,2020,010276378,1,1,9,99,99,9,9,99,99,9,9,99,9,99,1,1,6,6,1,50,8,-1,-1,-1,-1,2,E01004460,0,-1
2020122000991,2020,122000991,2,1,0,18,19,2,6,0,0,8,1,0,0,0,0,1,6,6,1,59,9,-1,-1,-1,-1,10,E01011458,0,-1
2020622000390,2020,622000390,2,1,0,17,19,4,8,0,0,0,0,0,0,0,1,1,6,6,1,57,9,-1,-1,-1,-1,7,W01001230,0,-1
2020430183206,2020,430183206,1,3,0,18,19,4,8,0,0,0,0,0,0,0,4,1,2,2,1,24,5,-1,-1,-1,-1,7,E01017839,0,-1
202031B058420,2020,31B058420,2,1,0,18,19,2,6,0,0,8,0,0,0,0,3,1,6,6,1,68,10,-1,-1,-1,-1,9,E01028149,0,-1
2020122000664,2020,122000664,2,1,0,7,7,8,2,0,0,8,0,0,0,0,1,1,6,6,1,49,8,-1,-1,-1,-1,4,E01027905,0,-1
20201372N0216,2020,1372N0216,2,10,0,18,19,5,1,0,0,8,0,0,0,0,1,1,1,1,1,32,6,-1,-1,-1,-1,3,E01010835,0,-1
2020332001168,2020,332001168,1,9,0,18,19,4,8,0,0,0,0,0,0,0,0,1,6,6,1,23,5,-1,-1,-1,-1,-1,-1,0,-1
202060Y082534,2020,60Y082534,2,17,0,16,19,7,3,0,0,0,0,0,0,0,3,1,6,6,1,47,8,-1,-1,-1,-1,-1,-1,0,-1
2020450957231,2020,450957231,2,98,0,18,19,1,3,0,0,1,0,0,0,0,1,1,6,6,3,50,8,-1,-1,-1,-1,-1,-1,0,-1
2020990923173,2020,990923173,1,9,0,7,7,4,7,9,9,1,0,0,1,0,1,1,6,6,3,17,4,-1,-1,-1,-1,-1,-1,0,-1
2020552001143,2020,552001143,1,1,0,18,19,7,3,0,0,8,0,0,0,0,4,1,6,6,1,65,9,-1,-1,-1,-1,9,E01015422,0,-1
2020421005149,2020,421005149,1,1,0,9,9,5,2,0,0,8,0,0,0,0,3,1,5,6,2,52,8,-1,-1,-1,-1,5,E01022017,0,-1
2020990986193,2020,990986193,2,1,0,7,7,8,3,9,9,0,0,0,0,0,0,1,5,6,1,18,4,-1,-1,-1,-1,5,-1,0,-1
2020400928620,2020,400928620,2,19,0,18,19,5,5,0,0,1,0,0,0,0,1,1,2,2,1,33,6,-1,-1,-1,-1,2,E01015754,0,-1
2020221003909,2020,221003909,2,1,0,18,19,2,6,0,0,0,0,0,0,0,1,1,5,6,1,16,4,-1,-1,-1,-1,8,E01032314,0,-1
2020450977530,2020,450977530,2,9,0,18,19,5,1,0,0,8,0,0,0,0,2,1,6,6,2,30,6,-1,-1,-1,-1,-1,-1,0,-1
2020070038164,2020,070038164,2,9,0,18,19,3,7,0,0,0,0,0,0,0,1,1,6,6,1,51,8,-1,-1,-1,-1,10,E01018680,0,-1
2020500955266,2020,500955266,1,9,0,18,19,7,3,0,0,0,0,0,0,0,1,1,6,6,3,-1,-1,-1,-1,-1,-1,-1,-1,0,-1
2020522004220,2020,522004220,1,1,0,18,19,5,1,0,0,8,0,0,0,0,1,1,6,6,1,43,7,-1,-1,-1,-1,10,E01014887,0,-1
202063D037920,2020,63D037920,2,9,0,18,19,3,7,0,0,2,0,0,0,0,0,1,6,6,3,-1,-1,-1,-1,-1,-1,-1,-1,0,-1
2020201018758,2020,201018758,1,9,0,2,2,0,0,9,9,0,0,0,0,0,1,1,6,6,2,-1,-1,-1,-1,-1,-1,-1,-1,0,-1
2020040948868,2020,040948868,1,98,0,18,19,1,5,0,0,4,0,0,0,0,1,1,5,6,1,55,8,-1,-1,-1,-1,4,E01012668,0,-1
2020201022671,2020,201022671,2,9,0,12,12,4,8,0,0,0,0,0,0,0,0,1,6,6,3,-1,-1,-1,-1,-1,-1,-1,-1,0,-1
2020200951444,2020,200951444,1,9,0,9,9,-1,-1,0,0,1,0,0,0,0,4,1,6,6,3,-1,-1,-1,-1,-1,-1,-1,-1,0,-1
202060Y175854,2020,60Y175854,1,9,0,5,5,8,4,0,0,4,0,0,0,0,1,1,2,2,1,40,7,-1,-1,-1,-1,-1,-1,0,-1
2020010268648,2020,010268648,2,1,0,18,19,3,7,0,0,1,0,0,0,0,1,1,2,2,1,46,8,-1,-1,-1,-1,1,E01004245,0,-1
2020010280870,2020,010280870,2,1,0,18,19,7,3,0,0,1,2,0,0,0,1,1,6,6,1,41,7,-1,-1,-1,-1,3,E01000490,0,-1
2020220926755,2020,220926755,1,9,0,18,19,3,7,0,0,8,5,0,0,0,1,1,5,6,2,34,6,-1,-1,-1,-1,6,E01032216,0,-1
2020010269777,2020,010269777,1,11,0,5,5,0,3,2,2,1,0,0,0,0,0,1,1,1,3,-1,-1,-1,-1,-1,-1,-1,-1,0,-1
2020220973865,2020,220973865,2,1,0,15,15,3,7,0,0,8,0,0,0,0,3,1,5,6,1,53,8,-1,-1,-1,-1,5,E01014013,0,-1
2020370930249,2020,370930249,1,19,0,13,13,8,4,0,0,0,0,0,0,0,1,1,6,6,3,-1,-1,-1,-1,-1,-1,-1,-1,0,-1
2020140928255,2020,140928255,2,9,0,2,2,0,0,0,0,0,0,4,0,0,2,1,6,6,3,-1,-1,-1,-1,-1,-1,-1,-1,0,-1
202060Y113952,2020,60Y113952,1,97,0,17,19,2,7,0,0,1,0,0,1,11,1,1,6,6,1,59,9,-1,-1,-1,-1,-1,-1,0,-1
2020990922743,2020,990922743,2,1,0,18,19,2,6,0,0,0,0,0,0,0,2,1,2,2,1,57,9,-1,-1,-1,-1,8,-1,0,-1
2020010272118,2020,010272118,2,9,0,99,99,9,9,99,99,0,9,99,9,99,1,9,6,6,3,-1,-1,-1,-1,-1,-1,-1,-1,0,-1
2020010280311,2020,010280311,1,9,0,7,7,5,7,0,0,6,0,0,1,0,3,1,6,6,2,-1,-1,-1,-1,-1,-1,-1,-1,0,-1
2020332000766,2020,332000766,2,9,0,18,19,2,6,0,0,0,0,0,0,0,3,1,6,6,2,51,8,-1,-1,-1,-1,1,E01031116,0,-1
2020410961531,2020,410961531,1,22,0,18,19,7,3,0,0,1,0,0,0,0,1,1,5,6,2,50,8,-1,-1,-1,-1,5,E01023529,0,-1
2020622000567,2020,622000567,2,1,0,18,19,8,4,0,0,1,0,0,0,0,1,1,6,6,1,51,8,-1,-1,-1,-1,5,W01001320,0,-1
2020230979623,2020,230979623,1,19,0,1,1,7,3,0,0,0,0,0,0,0,2,1,1,1,1,52,8,-1,-1,-1,-1,6,E01031322,0,-1
2020010244833,2020,010244833,2,1,0,18,19,3,7,0,0,1,5,0,0,0,0,1,6,6,1,29,6,-1,-1,-1,-1,5,E01003284,0,-1
202054A599520,2020,54A599520,1,9,0,18,19,1,5,0,0,0,0,0,0,0,3,1,6,6,2,80,11,-1,-1,-1,-1,10,E01032006,0,-1
2020010236363,2020,010236363,1,1,9,99,99,9,9,99,99,9,9,99,9,99,1,1,6,6,3,-1,-1,-1,-1,-1,-1,-1,-1,0,-1
2020460971392,2020,460971392,1,97,0,18,19,1,5,0,0,0,0,0,0,0,1,1,6,6,3,-1,-1,-1,-1,-1,-1,-1,-1,0,-1
2020010274559,2020,010274559,1,9,0,4,4,5,1,0,0,1,0,0,0,0,1,1,1,1,1,26,6,-1,-1,-1,-1,3,E01002564,0,-1
2020460969830,2020,460969830,2,9,0,4,4,5,1,0,0,0,0,0,0,0,2,1,6,6,1,30,6,-1,-1,-1,-1,2,E01024502,0,-1
2020552000639,2020,552000639,2,1,0,4,4,4,8,0,0,8,0,0,0,0,1,1,6,6,1,25,5,-1,-1,-1,-1,9,E01020385,0,-1
2020522101056,2020,522101056,2,1,0,18,19,8,4,0,0,1,0,0,0,0,1,1,6,6,1,39,7,-1,-1,-1,-1,4,E01014623,0,-1
2020302001707,2020,302001707,2,9,0,9,9,5,2,0,0,1,0,0,1,11,3,1,2,2,1,49,8,-1,-1,-1,-1,1,E01013570,0,-1
2020320434274,2020,320434274,2,1,0,18,19,5,1,0,0,8,0,0,0,0,1,1,6,6,1,66,10,-1,-1,-1,-1,7,E01026220,0,-1
2020070369975,2020,070369975,2,1,0,18,19,6,2,0,0,1,0,0,0,0,0,1,6,6,1,26,6,-1,-1,-1,-1,6,E01033671,0,-1
2020010241318,2020,010241318,1,9,0,99,99,9,9,99,99,9,9,99,9,99,9,9,6,6,3,-1,-1,-1,-1,-1,-1,-1,-1,0,-1
2020010267865,2020,010267865,1,1,9,99,99,9,9,99,99,9,9,99,9,99,2,1,6,6,2,47,8,-1,-1,-1,-1,5,E01033494,0,-1
2020200947119,2020,200947119,1,9,0,18,19,2,6,0,0,1,0,0,0,0,1,1,6,6,3,-1,-1,-1,-1,-1,-1,-1,-1,0,-1
2020200961750,2020,200961750,2,21,0,18,19,6,8,0,0,8,0,0,0,0,4,1,6,6,3,-1,-1,-1,-1,-1,-1,-1,-1,0,-1
2020548783620,2020,548783620,2,1,0,18,19,6,4,0,0,8,0,0,0,0,3,1,6,6,1,65,9,-1,-1,-1,-1,5,E01031901,0,-1
2020200993596,2020,200993596,1,9,0,18,19,1,5,0,0,8,0,10,1,0,1,1,6,6,1,25,5,-1,-1,-1,-1,6,E01009207,0,-1
2020160946874,2020,160946874,2,1,0,18,19,3,7,0,0,8,0,0,0,0,1,1,6,6,1,-1,-1,-1,-1,-1,-1,1,E01012865,0,-1
2020470958608,2020,470958608,2,1,0,18,19,2,6,0,0,1,0,0,0,0,2,1,6,6,1,27,6,-1,-1,-1,-1,2,E01003922,0,-1
2020010250518,2020,010250518,1,17,4,11,11,1,5,0,0,0,1,0,0,0,1,1,1,1,1,27,6,-1,-1,-1,-1,4,E01000006,0,-1
2020552100123,2020,552100123,2,1,0,18,19,8,4,0,0,0,0,0,0,0,1,1,6,6,1,19,4,-1,-1,-1,-1,2,E01020582,0,-1
202006F174294,2020,06F174294,2,1,0,9,9,7,4,0,0,8,0,0,0,10,1,1,6,6,1,18,4,-1,-1,-1,-1,2,E01005616,0,-1
2020140929111,2020,140929111,2,98,0,11,11,7,3,0,0,0,0,0,0,0,4,1,6,6,3,-1,-1,-1,-1,-1,-1,-1,-1,0,-1
2020420955015,2020,420955015,1,9,0,18,19,1,3,0,0,0,0,0,0,0,4,1,6,6,1,72,10,-1,-1,-1,-1,7,E01021538,0,-1
2020302000226,2020,302000226,2,1,0,4,4,7,5,0,0,1,0,0,0,0,1,1,6,6,2,40,7,-1,-1,-1,-1,9,E01019416,0,-1
2020430123977,2020,430123977,1,9,0,9,9,6,4,0,0,5,0,0,0,0,3,1,6,6,1,36,7,-1,-1,-1,-1,8,E01016232,0,-1
2020010232564,2020,010232564,2,1,0,18,19,8,4,0,0,8,0,0,0,0,1,1,6,6,1,35,6,-1,-1,-1,-1,4,E01004487,0,-1
2020010248122,2020,010248122,2,9,3,99,99,9,9,1,1,1,0,0,0,0,1,9,6,6,3,-1,-1,-1,-1,-1,-1,-1,-1,0,-1
2020990960248,2020,990960248,1,98,0,16,19,7,3,0,0,0,0,0,0,0,3,1,1,1,1,41,7,-1,-1,-1,-1,6,-1,0,-1
2020440444849,2020,440444849,2,9,0,2,2,0,0,0,0,0,0,0,0,0,1,1,6,6,1,21,5,-1,-1,-1,-1,7,E01017256,0,-1
2020990978765,2020,990978765,1,9,0,9,9,6,2,0,0,5,0,0,0,0,0,1,6,6,3,-1,-1,-1,-1,-1,-1,-1,-1,0,-1
2020332000624,2020,332000624,2,21,1,18,19,1,5,0,0,0,0,0,0,0,2,1,1,1,1,36,7,-1,-1,-1,-1,6,E01015462,0,-1
202060Y068151,2020,60Y068151,2,1,0,9,9,1,7,0,0,8,0,0,0,0,2,1,6,6,1,56,9,-1,-1,-1,-1,-1,-1,0,-1
2020522100740,2020,522100740,1,9,4,18,19,2,6,0,0,8,0,0,0,0,2,1,6,6,1,51,8,-1,-1,-1,-1,-1,-1,0,-1
2020500928524,2020,500928524,1,1,0,18,19,7,3,0,0,1,0,0,0,0,1,1,5,6,1,57,9,-1,-1,-1,-1,7,E01015250,0,-1
2020010273964,2020,010273964,1,3,0,18,19,2,6,0,0,0,1,0,0,0,1,1,6,6,1,20,4,-1,-1,-1,-1,-1,-1,0,-1
2020530967510,2020,530967510,2,1,0,18,19,7,3,0,0,8,0,0,0,0,4,1,6,6,1,65,9,-1,-1,-1,-1,9,E01022100,0,-1
2020010262255,2020,010262255,1,3,0,13,13,4,8,0,0,1,0,0,0,0,3,1,6,6,1,19,4,-1,-1,-1,-1,2,E01003162,0,-1
2020010264906,2020,010264906,2,9,0,18,19,5,1,0,0,1,0,0,0,0,3,1,6,6,1,65,9,-1,-1,-1,-1,1,E01001955,0,-1
2020350974267,2020,350974267,2,1,0,18,19,3,7,0,0,0,0,0,0,0,-1,1,5,6,1,29,6,-1,-1,-1,-1,10,E01018055,0,-1
2020622000963,2020,622000963,1,19,0,12,12,4,1,0,0,8,0,0,0,0,1,1,6,6,1,27,6,-1,-1,-1,-1,4,W01000749,0,-1
2020440259737,2020,440259737,2,1,0,7,7,4,7,0,0,6,0,0,0,0,3,1,2,2,1,21,5,-1,-1,-1,-1,4,E01017192,0,-1
2020201002875,2020,201002875,2,9,0,13,13,6,2,0,0,0,0,0,0,0,1,1,6,6,1,-1,-1,-1,-1,-1,-1,-1,-1,0,-1
2020010254834,2020,010254834,1,1,9,99,99,9,9,99,99,9,9,99,9,99,9,-1,2,2,1,24,5,-1,-1,-1,-1,3,E01004752,0,-1
2020340W02092,2020,340W02092,1,90,0,7,7,1,3,0,0,1,0,0,0,0,0,1,6,6,3,-1,-1,-1,-1,-1,-1,-1,-1,0,-1
2020420986176,2020,420986176,2,9,0,2,2,0,0,0,0,0,0,0,0,0,1,1,6,6,3,-1,-1,-1,-1,-1,-1,-1,-1,0,-1
2020440126618,2020,440126618,1,1,0,18,19,6,4,0,0,2,0,0,0,0,3,1,6,6,1,43,7,-1,-1,-1,-1,-1,-1,0,-1
2020320139252,2020,320139252,1,1,0,18,19,5,3,9,9,1,0,0,0,0,1,1,6,6,1,30,6,-1,-1,-1,-1,-1,-1,0,-1
2020470971652,2020,470971652,3,9,0,2,2,0,0,0,0,0,0,0,0,0,4,1,6,6,3,-1,-1,-1,-1,-1,-1,-1,-1,0,-1
2020010255183,2020,010255183,2,1,0,5,5,3,7,0,0,4,0,0,0,0,2,1,2,2,2,31,6,-1,-1,-1,-1,6,E01004626,0,-1
2020122100168,2020,122100168,1,1,0,18,19,2,6,0,0,0,0,0,0,0,0,1,6,6,1,52,8,-1,-1,-1,-1,6,E01027648,0,-1
2020221000248,2020,221000248,1,20,0,18,19,3,7,0,0,2,2,0,4,6,4,1,1,1,1,54,8,-1,-1,-1,-1,2,E01007498,0,-1
2020332000708,2020,332000708,2,9,0,18,19,8,4,0,0,8,0,0,0,0,1,1,6,6,1,45,7,-1,-1,-1,-1,8,E01025692,0,-1
202063C075720,2020,63C075720,2,1,0,18,19,1,5,0,0,0,0,0,0,0,3,1,6,6,2,49,8,-1,-1,-1,-1,8,W01000610,0,-1
2020360937522,2020,360937522,2,1,0,18,19,8,4,0,0,0,0,0,0,0,1,1,6,6,2,24,5,-1,-1,-1,-1,6,E01026616,0,-1
2020522100712,2020,522100712,2,9,0,18,19,3,7,0,0,0,0,0,0,0,1,1,6,6,3,-1,-1,-1,-1,-1,-1,-1,-1,0,-1
2020411000867,2020,411000867,3,9,0,18,19,1,5,0,0,4,0,0,0,0,0,1,6,6,2,-1,-1,-1,-1,-1,-1,10,E01023440,0,-1
2020440361631,2020,440361631,2,9,0,18,19,6,2,0,0,0,0,0,0,0,1,1,2,2,1,35,6,-1,-1,-1,-1,6,E01016615,0,-1
2020332000477,2020,332000477,3,9,0,18,19,2,6,0,0,0,0,0,0,0,4,1,1,1,1,19,4,-1,-1,-1,-1,3,E01013731,0,-1
2020010260671,2020,010260671,2,1,0,5,5,3,7,0,0,2,0,0,0,0,4,1,6,6,2,-1,-1,-1,-1,-1,-1,6,E01004174,0,-1
2020302000478,2020,302000478,1,1,0,7,7,2,3,0,0,4,0,0,0,0,3,1,6,6,1,57,9,-1,-1,-1,-1,6,E01033536,0,-1
2020430161912,2020,430161912,1,1,0,18,19,3,7,0,0,8,0,0,0,0,3,1,2,2,1,51,8,-1,-1,-1,-1,7,E01016584,0,-1
2020460991051,2020,460991051,2,9,0,4,4,3,7,0,0,0,0,0,0,0,2,1,6,6,1,62,9,-1,-1,-1,-1,10,E01024341,0,-1
2020211003779,2020,211003779,1,90,-1,-1,-1,-1,-1,-1,-1,-1,-1,-1,-1,0,-1,1,6,6,3,-1,-1,-1,-1,-1,-1,-1,-1,0,-1
2020010237837,2020,010237837,2,9,0,99,99,9,9,99,99,2,9,99,9,99,2,9,6,6,3,-1,-1,-1,-1,-1,-1,-1,-1,0,-1
2020100930809,2020,100930809,3,9,0,2,2,0,0,9,9,0,0,0,0,0,1,1,6,6,3,-1,-1,-1,-1,-1,-1,-1,-1,0,-1
2020010283011,2020,010283011,2,8,0,5,5,5,1,0,0,6,0,0,0,0,3,1,1,1,1,48,8,-1,-1,-1,-1,2,E01004424,0,-1
2020010249484,2020,010249484,1,1,9,99,99,9,9,99,99,9,9,99,9,99,1,1,6,6,1,29,6,-1,-1,-1,-1,2,E01001745,0,-1
2020010276602,2020,010276602,2,1,0,18,19,7,3,0,0,8,5,0,0,0,1,1,2,2,1,29,6,-1,-1,-1,-1,5,E01001960,0,-1
2020070073963,2020,070073963,1,98,0,12,12,8,4,0,0,0,0,2,0,0,0,1,6,6,3,-1,-1,-1,-1,-1,-1,-1,-1,0,-1
2020040980224,2020,040980224,2,1,0,18,19,3,7,0,0,0,0,0,0,0,2,1,6,6,1,11,3,-1,-1,-1,-1,10,E01025257,0,-1
2020549843020,2020,549843020,2,9,0,18,19,3,7,0,0,1,0,0,0,0,2,1,6,6,2,52,8,-1,-1,-1,-1,2,E01014489,0,-1
2020440437328,2020,440437328,2,1,0,18,19,8,4,4,4,8,0,0,0,0,1,1,6,6,1,24,5,-1,-1,-1,-1,4,E01017264,0,-1
2020052002507,2020,052002507,2,11,0,5,5,3,7,0,0,1,0,0,0,0,0,1,1,1,3,-1,-1,-1,-1,-1,-1,-1,-1,0,-1
202060Y040414,2020,60Y040414,3,9,0,2,2,0,0,0,0,2,0,0,0,0,2,1,6,6,1,54,8,-1,-1,-1,-1,-1,-1,0,-1
2020450977530,2020,450977530,1,1,0,18,19,5,1,0,0,8,0,0,0,0,1,1,4,7,1,15,3,-1,-1,-1,-1,9,E01030306,0,-1
2020530977749,2020,530977749,1,90,0,18,19,0,3,0,0,0,0,0,0,0,1,1,6,6,1,38,7,-1,-1,-1,-1,4,E01022173,0,-1
2020470970763,2020,470970763,2,9,0,2,2,0,0,0,0,2,5,0,0,0,3,1,6,6,3,-1,-1,-1,-1,-1,-1,-1,-1,0,-1
2020010272915,2020,010272915,1,1,9,99,99,9,9,99,99,9,9,99,9,99,2,1,6,6,1,43,7,-1,-1,-1,-1,2,E01004243,0,-1
2020010282258,2020,010282258,1,9,0,9,9,5,3,0,0,1,0,0,0,0,3,1,6,6,1,58,9,-1,-1,-1,-1,4,E01003784,0,-1
2020460981118,2020,460981118,1,9,0,14,14,7,3,0,0,0,0,0,0,0,0,1,6,6,3,-1,-1,-1,-1,-1,-1,-1,-1,0,-1