collision_index,collision_year,collision_ref_no,vehicle_reference,vehicle_type,towing_and_articulation,vehicle_manoeuvre_historic,vehicle_manoeuvre,vehicle_direction_from,vehicle_direction_to,vehicle_location_restricted_lane_historic,vehicle_location_restricted_lane,junction_location,skidding_and_overturning,hit_object_in_carriageway,vehicle_leaving_carriageway,hit_object_off_carriageway,first_point_of_impact,vehicle_left_hand_drive,journey_purpose_of_driver_historic,journey_purpose_of_driver,sex_of_driver,age_of_driver,age_band_of_driver,engine_capacity_cc,propulsion_code,age_of_vehicle,generic_make_model,driver_imd_decile,lsoa_of_driver,escooter_flag,driver_distance_banding
2020100969063,2020,100969063,1,9,0,18,19,4,1,0,0,1,0,0,0,0,0,1,6,6,3,-1,-1,-1,-1,-1,-1,-1,-1,0,-1
2020010282535,2020,010282535,1,19,0,3,3,6,2,0,0,2,0,0,0,0,0,1,1,1,1,36,7,-1,-1,-1,-1,4,E01000787,0,-1
202060Y094489,2020,60Y094489,1,1,0,4,4,4,1,0,0,1,0,0,0,0,0,1,6,6,1,28,6,-1,-1,-1,-1,-1,-1,0,-1
2020100923286,2020,100923286,1,1,0,16,19,3,7,0,0,0,0,0,0,0,1,1,5,6,1,33,6,-1,-1,-1,-1,8,E01027356,0,-1
202006K170404,2020,06K170404,1,9,0,9,9,2,8,0,0,8,0,0,0,0,3,1,6,6,3,-1,-1,-1,-1,-1,-1,-1,-1,0,-1
202060Y006761,2020,60Y006761,2,9,0,18,19,4,8,0,0,3,0,0,0,0,4,1,6,6,1,57,9,-1,-1,-1,-1,-1,-1,0,-1
2020470955632,2020,470955632,1,1,0,9,9,7,5,0,0,8,0,0,0,0,4,1,6,6,1,21,5,-1,-1,-1,-1,-1,-1,0,-1
2020052000875,2020,052000875,2,1,0,18,19,5,1,0,0,8,0,0,0,0,3,1,6,6,1,21,5,-1,-1,-1,-1,7,E01007245,0,-1
2020010268056,2020,010268056,2,1,0,18,19,5,1,0,0,1,0,0,0,0,3,1,6,6,1,51,8,-1,-1,-1,-1,5,E01001278,0,-1
2020440260819,2020,440260819,2,9,0,3,3,6,2,0,0,1,0,0,0,0,2,1,6,6,2,38,7,-1,-1,-1,-1,9,E01022857,0,-1
2020122000433,2020,122000433,2,1,0,9,9,6,3,0,0,8,0,0,0,0,4,1,6,6,1,55,8,-1,-1,-1,-1,4,E01027706,0,-1
2020460951551,2020,460951551,1,3,0,16,19,1,5,0,0,2,2,0,7,0,4,1,6,6,1,22,5,-1,-1,-1,-1,4,E01016120,0,-1
2020350949663,2020,350949663,2,1,0,18,19,1,1,0,0,0,0,0,0,0,2,1,5,6,2,25,5,-1,-1,-1,-1,10,E01018040,0,-1
2020010235289,2020,010235289,1,1,0,15,15,6,2,0,0,2,0,0,0,0,3,1,2,2,1,28,6,-1,-1,-1,-1,2,E01000548,0,-1
2020990924414,2020,990924414,2,1,0,18,19,6,3,0,0,8,0,0,0,0,1,1,6,6,1,38,7,-1,-1,-1,-1,2,-1,0,-1
2020010265621,2020,010265621,2,9,0,18,19,3,7,0,0,2,0,0,0,0,0,1,3,7,1,42,7,-1,-1,-1,-1,4,E01033727,0,-1
2020990954292,2020,990954292,1,1,0,14,14,2,5,0,0,6,0,0,0,0,1,1,6,6,1,16,4,-1,-1,-1,-1,8,-1,0,-1
2020070042469,2020,070042469,2,16,0,18,19,5,1,0,0,0,0,0,0,0,0,1,6,6,2,34,6,-1,-1,-1,-1,5,E01018308,0,-1
2020350985144,2020,350985144,1,5,0,18,19,1,5,0,0,0,2,0,0,0,1,1,6,6,1,16,4,-1,-1,-1,-1,2,E01017946,0,-1
2020500996193,2020,500996193,3,1,0,18,19,5,1,0,0,0,0,0,0,0,1,1,6,6,2,-1,-1,-1,-1,-1,-1,10,E01015131,0,-1
2020440493896,2020,440493896,2,9,0,9,9,8,6,0,0,8,0,0,0,0,1,1,6,6,2,80,11,-1,-1,-1,-1,4,E01017295,0,-1
2020430320498,2020,430320498,1,1,0,18,19,4,8,0,0,8,0,0,0,0,1,1,6,6,1,18,4,-1,-1,-1,-1,5,E01028533,0,-1
2020430358385,2020,430358385,2,1,0,7,7,7,4,0,0,4,0,0,0,0,4,1,2,2,1,41,7,-1,-1,-1,-1,6,E01028555,0,-1
2020332001194,2020,332001194,2,9,0,18,19,5,1,0,0,0,0,0,0,0,0,1,6,6,3,-1,-1,-1,-1,-1,-1,-1,-1,0,-1
2020100977299,2020,100977299,1,1,-1,-1,-1,-1,-1,-1,-1,-1,-1,-1,-1,0,-1,1,6,6,1,28,6,-1,-1,-1,-1,-1,-1,0,-1
2020530975014,2020,530975014,2,1,0,18,19,7,3,0,0,8,0,0,0,0,4,1,1,1,1,39,7,-1,-1,-1,-1,10,E01022103,0,-1
2020360976114,2020,360976114,2,4,0,18,19,2,6,0,0,0,0,0,0,0,-1,1,4,7,2,34,6,-1,-1,-1,-1,2,E01002764,0,-1
2020460980232,2020,460980232,1,9,0,16,19,6,2,0,0,0,1,0,7,0,1,1,5,6,1,32,6,-1,-1,-1,-1,7,E01024013,0,-1
2020460928764,2020,460928764,1,8,0,1,1,1,5,0,0,0,0,0,0,0,2,1,1,1,3,-1,-1,-1,-1,-1,-1,-1,-1,0,-1
202060Y021598,2020,60Y021598,2,9,0,18,19,5,1,0,0,1,5,0,1,0,1,1,6,6,2,23,5,-1,-1,-1,-1,-1,-1,0,-1
2020990936238,2020,990936238,1,19,0,5,5,4,1,0,0,0,0,0,0,0,4,1,6,6,3,16,4,-1,-1,-1,-1,-1,-1,0,-1
2020530949335,2020,530949335,4,9,0,2,2,0,0,0,0,0,0,0,0,0,2,1,6,6,3,-1,-1,-1,-1,-1,-1,-1,-1,0,-1
2020990963829,2020,990963829,1,9,0,1,1,4,8,9,9,6,0,0,0,0,2,1,5,6,1,30,6,-1,-1,-1,-1,7,-1,0,-1
2020200963455,2020,200963455,4,9,0,2,2,0,0,0,0,0,0,0,0,0,2,1,6,6,3,-1,-1,-1,-1,-1,-1,-1,-1,0,-1
202060Y154242,2020,60Y154242,2,9,0,13,13,6,1,0,0,0,0,0,0,0,0,1,6,6,3,-1,-1,-1,-1,-1,-1,-1,-1,0,-1
2020440199614,2020,440199614,1,9,0,7,7,7,1,0,0,8,0,0,0,0,4,1,6,6,3,-1,-1,-1,-1,-1,-1,-1,-1,0,-1
2020332000267,2020,332000267,1,2,0,18,19,8,4,0,0,0,0,0,0,0,1,1,6,6,1,18,4,-1,-1,-1,-1,7,E01025929,0,-1
202006A374778,2020,06A374778,1,1,0,18,19,2,6,0,0,8,0,8,0,0,1,1,2,2,2,31,6,-1,-1,-1,-1,3,E01033661,0,-1
2020010275480,2020,010275480,2,9,0,11,11,5,1,2,2,5,0,0,0,0,0,1,6,6,3,-1,-1,-1,-1,-1,-1,-1,-1,0,-1
2020520100520,2020,520100520,2,9,0,9,9,4,2,0,0,6,0,0,0,0,1,1,6,6,3,35,6,-1,-1,-1,-1,-1,-1,0,-1
2020010247404,2020,010247404,1,97,0,18,19,-1,-1,0,0,2,0,0,0,0,1,-1,6,6,3,-1,-1,-1,-1,-1,-1,-1,-1,0,-1
2020070564356,2020,070564356,1,97,0,18,19,8,4,0,0,5,2,0,0,0,1,1,6,6,1,20,4,-1,-1,-1,-1,10,E01018320,0,-1
2020010234662,2020,010234662,2,21,1,12,12,5,1,0,0,0,0,0,0,0,1,2,1,1,1,26,6,-1,-1,-1,-1,-1,-1,0,-1
2020460976027,2020,460976027,2,9,0,2,2,0,0,0,0,0,0,0,0,0,3,1,6,6,3,-1,-1,-1,-1,-1,-1,-1,-1,0,-1
2020370948366,2020,370948366,2,1,0,18,19,1,5,0,0,0,0,0,0,0,1,1,5,6,2,36,7,-1,-1,-1,-1,6,E01032612,0,-1
2020440253617,2020,440253617,1,20,0,9,9,3,1,0,0,1,0,0,0,0,4,1,2,2,1,22,5,-1,-1,-1,-1,3,E01017189,0,-1
202006J277872,2020,06J277872,3,9,0,2,2,0,0,0,0,0,0,0,0,0,3,1,6,6,3,-1,-1,-1,-1,-1,-1,-1,-1,0,-1
2020122000497,2020,122000497,1,1,0,18,19,1,5,0,0,8,0,0,0,0,2,1,6,6,2,60,9,-1,-1,-1,-1,10,E01013374,0,-1
2020010234392,2020,010234392,2,98,9,6,6,7,7,0,0,1,0,0,0,0,4,9,1,1,3,-1,-1,-1,-1,-1,-1,-1,-1,0,-1
2020522000060,2020,522000060,1,1,0,18,19,1,5,0,0,1,0,0,0,0,1,1,6,6,1,33,6,-1,-1,-1,-1,9,E01014872,0,-1
2020160920119,2020,160920119,1,98,0,18,19,8,4,0,0,0,0,0,0,0,4,1,2,2,1,34,6,-1,-1,-1,-1,6,E01013160,0,-1
2020549393920,2020,549393920,2,9,0,3,3,1,3,0,0,4,0,0,0,0,2,1,2,2,2,49,8,-1,-1,-1,-1,5,E01015571,0,-1
2020622000705,2020,622000705,2,97,0,18,19,6,2,0,0,1,0,0,0,0,4,1,6,6,3,-1,-1,-1,-1,-1,-1,-1,-1,0,-1
2020040915034,2020,040915034,1,9,0,9,9,1,3,0,0,3,0,0,0,0,4,1,6,6,1,29,6,-1,-1,-1,-1,2,E01025229,0,-1
2020100968923,2020,100968923,1,9,0,18,19,2,6,0,0,0,0,0,0,0,1,1,6,6,1,45,7,-1,-1,-1,-1,-1,-1,0,-1
2020410944358,2020,410944358,1,9,0,18,19,5,2,0,0,0,0,0,0,0,4,1,6,6,3,-1,-1,-1,-1,-1,-1,-1,-1,0,-1
2020450995601,2020,450995601,1,1,0,10,10,1,1,0,0,1,0,0,0,0,1,1,6,6,1,68,10,-1,-1,-1,-1,8,E01030537,0,-1
2020070368808,2020,070368808,1,9,0,16,19,5,1,0,0,0,0,0,0,0,1,2,1,1,1,18,4,-1,-1,-1,-1,8,E01018495,0,-1
2020332000376,2020,332000376,2,9,0,18,19,8,3,0,0,8,0,0,0,0,1,1,6,6,1,41,7,-1,-1,-1,-1,6,E01013709,0,-1
2020522002910,2020,522002910,1,1,0,18,19,5,1,0,0,0,0,0,0,0,1,1,6,6,1,48,8,-1,-1,-1,-1,8,E01014545,0,-1
2020548360120,2020,548360120,1,19,0,2,2,1,5,0,0,1,0,0,0,0,2,1,1,1,1,25,5,-1,-1,-1,-1,6,E01032078,0,-1
2020100973373,2020,100973373,1,9,0,15,15,8,4,0,0,1,0,0,0,0,1,1,6,6,1,50,8,-1,-1,-1,-1,-1,-1,0,-1
2020010286419,2020,010286419,1,1,9,99,99,9,9,99,99,9,9,99,9,99,9,1,2,2,1,31,6,-1,-1,-1,-1,6,E01000555,0,-1
2020010244725,2020,010244725,2,9,0,99,99,9,9,99,99,9,9,99,9,99,1,9,6,6,3,-1,-1,-1,-1,-1,-1,2,E01004197,0,-1
2020010267790,2020,010267790,1,1,9,99,99,9,9,99,99,9,9,99,9,99,2,1,6,6,2,45,7,-1,-1,-1,-1,3,E01001397,0,-1
2020440491400,2020,440491400,1,9,0,18,19,6,2,0,0,0,0,0,0,0,1,1,6,6,3,-1,-1,-1,-1,-1,-1,-1,-1,0,-1
2020161000350,2020,161000350,2,1,0,18,19,3,7,4,4,8,0,0,0,0,3,1,2,2,2,32,6,-1,-1,-1,-1,5,E01012800,0,-1
2020990919763,2020,990919763,1,19,0,18,19,2,6,0,0,0,0,0,0,0,1,1,1,1,1,31,6,-1,-1,-1,-1,3,-1,0,-1
2020990932394,2020,990932394,1,9,0,7,7,5,7,0,0,8,0,0,0,0,1,1,5,6,1,45,7,-1,-1,-1,-1,8,-1,0,-1
2020421007897,2020,421007897,2,1,0,18,19,3,7,0,0,1,5,0,0,0,3,1,5,6,1,43,7,-1,-1,-1,-1,6,E01015821,0,-1
2020522004085,2020,522004085,2,11,0,5,5,6,2,0,0,8,0,0,0,0,4,1,1,1,1,45,7,-1,-1,-1,-1,2,E01014529,0,-1
2020140999149,2020,140999149,3,9,0,2,2,0,0,0,0,0,0,0,0,0,2,1,6,6,1,55,8,-1,-1,-1,-1,8,E01007603,0,-1
2020370945562,2020,370945562,1,9,0,3,3,8,4,0,0,8,0,0,0,0,2,1,5,6,1,37,7,-1,-1,-1,-1,5,E01030073,0,-1
202006F968518,2020,06F968518,1,9,0,5,5,8,4,0,0,0,0,0,0,0,1,1,6,6,1,30,6,-1,-1,-1,-1,-1,-1,0,-1
2020332000891,2020,332000891,1,9,0,9,9,6,4,0,0,5,0,0,0,0,3,1,2,2,1,39,7,-1,-1,-1,-1,10,E01025790,0,-1
202060Y123089,2020,60Y123089,1,9,0,18,19,8,4,0,0,0,0,0,0,0,1,1,6,6,3,-1,-1,-1,-1,-1,-1,-1,-1,0,-1
2020140950779,2020,140950779,2,1,0,18,19,8,3,9,9,1,0,0,0,0,1,1,6,6,2,9,2,-1,-1,-1,-1,4,E01007646,0,-1
2020052001031,2020,052001031,1,9,0,18,19,7,3,0,0,2,0,0,0,0,4,1,6,6,3,-1,-1,-1,-1,-1,-1,-1,-1,0,-1
2020137892005,2020,137892005,2,8,0,18,19,7,3,0,0,1,0,0,0,0,1,1,1,1,1,43,7,-1,-1,-1,-1,3,E01010835,0,-1
2020440196122,2020,440196122,2,20,0,18,19,7,3,0,0,0,5,0,0,0,2,1,1,1,1,64,9,-1,-1,-1,-1,4,E01017110,0,-1
202060Y101719,2020,60Y101719,2,9,0,4,4,4,8,0,0,0,0,0,0,0,0,1,6,6,3,-1,-1,-1,-1,-1,-1,-1,-1,0,-1
2020231001797,2020,231001797,2,16,0,18,19,4,8,0,0,0,0,0,0,0,0,1,5,6,2,54,8,-1,-1,-1,-1,7,E01031213,0,-1
20201377A0490,2020,1377A0490,2,97,0,15,15,4,8,0,0,0,0,0,0,0,3,1,6,6,3,-1,-1,-1,-1,-1,-1,-1,-1,0,-1
2020040967928,2020,040967928,3,9,0,2,2,0,0,0,0,2,0,4,0,0,2,1,6,6,3,-1,-1,-1,-1,-1,-1,-1,-1,0,-1
2020430093265,2020,430093265,2,3,0,18,19,4,8,0,0,8,1,0,0,0,1,1,6,6,1,25,5,-1,-1,-1,-1,8,E01017836,0,-1
2020470976941,2020,470976941,2,9,0,2,2,0,0,0,0,1,0,0,0,0,2,1,6,6,3,-1,-1,-1,-1,-1,-1,-1,-1,0,-1
2020440044762,2020,440044762,1,1,0,9,9,5,3,0,0,8,0,0,0,0,1,1,2,2,2,37,7,-1,-1,-1,-1,3,E01017194,0,-1
2020010265182,2020,010265182,1,1,9,99,99,9,9,99,99,0,9,99,9,99,9,1,2,2,2,31,6,-1,-1,-1,-1,9,E01016202,0,-1
2020010273736,2020,010273736,2,9,0,6,6,5,5,0,0,0,0,0,1,0,0,1,6,6,3,-1,-1,-1,-1,-1,-1,-1,-1,0,-1
2020010249498,2020,010249498,2,1,0,18,19,5,1,0,0,2,5,0,0,0,3,1,1,1,1,59,9,-1,-1,-1,-1,6,E01002113,0,-1
2020010246221,2020,010246221,1,1,0,18,19,3,7,0,0,2,9,8,0,0,9,1,6,6,1,50,8,-1,-1,-1,-1,3,E01000107,0,-1
2020340N09202,2020,340N09202,1,1,0,18,19,5,1,0,0,8,0,0,0,0,4,1,6,6,1,13,3,-1,-1,-1,-1,3,E01027245,0,-1
2020990976184,2020,990976184,2,1,0,18,19,7,3,9,9,1,5,0,0,0,3,1,2,2,1,20,4,-1,-1,-1,-1,2,-1,0,-1
2020460988634,2020,460988634,1,21,1,9,9,1,6,0,0,8,0,0,0,0,1,1,1,1,1,34,6,-1,-1,-1,-1,-1,-1,0,-1
2020211025830,2020,211025830,1,5,0,18,19,1,2,0,0,1,1,0,0,0,3,1,6,6,1,51,8,-1,-1,-1,-1,10,E01029662,0,-1
2020010278596,2020,010278596,2,1,9,99,99,9,9,99,99,9,9,99,9,99,1,1,6,6,3,-1,-1,-1,-1,-1,-1,-1,-1,0,-1
2020440441992,2020,440441992,2,9,0,18,19,4,8,0,0,8,0,0,0,0,4,1,6,6,1,54,8,-1,-1,-1,-1,9,E01017146,0,-1
2020010247002,2020,010247002,2,1,0,18,19,5,1,0,0,1,0,0,0,0,0,1,6,6,2,36,7,-1,-1,-1,-1,4,E01001615,0,-1
2020160955830,2020,160955830,2,1,0,18,19,7,3,0,0,1,0,0,0,0,1,1,5,6,1,28,6,-1,-1,-1,-1,1,E01012864,0,-1
2020010276062,2020,010276062,1,1,9,99,99,9,9,99,99,0,9,99,9,99,9,1,6,6,2,36,7,-1,-1,-1,-1,6,E01004581,0,-1
2020430330406,2020,430330406,2,9,0,2,2,0,0,0,0,0,0,0,0,0,2,1,6,6,3,-1,-1,-1,-1,-1,-1,-1,-1,0,-1
2020332000464,2020,332000464,2,1,0,18,19,2,6,0,0,6,0,0,0,0,1,1,6,6,2,12,3,-1,-1,-1,-1,9,E01025951,0,-1
2020040973223,2020,040973223,2,1,0,18,19,5,1,0,0,8,0,0,0,0,2,1,6,6,1,60,9,-1,-1,-1,-1,2,E01024926,0,-1
2020201022641,2020,201022641,1,9,0,3,3,5,2,0,0,1,0,0,0,0,2,1,6,6,1,49,8,-1,-1,-1,-1,2,E01010057,0,-1
2020010283388,2020,010283388,2,1,0,18,19,5,1,4,4,0,0,0,1,0,1,1,2,2,1,28,6,-1,-1,-1,-1,2,E01003920,0,-1
2020230926123,2020,230926123,1,9,0,18,19,8,4,0,0,0,2,0,7,9,3,1,2,2,2,26,6,-1,-1,-1,-1,9,E01031082,0,-1
2020450932900,2020,450932900,2,1,0,18,19,2,6,0,0,2,0,0,0,0,1,1,5,6,1,11,3,-1,-1,-1,-1,-1,-1,0,-1
2020470948020,2020,470948020,1,1,0,18,19,3,7,9,9,0,0,0,0,0,1,1,5,6,1,23,5,-1,-1,-1,-1,8,E01016920,0,-1
2020440257826,2020,440257826,4,9,0,10,10,1,7,0,0,1,0,0,0,0,2,1,6,6,1,-1,-1,-1,-1,-1,-1,10,E01022683,0,-1
20201379T0956,2020,1379T0956,1,9,0,18,19,5,1,0,0,0,0,0,0,0,2,1,6,6,1,36,7,-1,-1,-1,-1,4,E01033033,0,-1
2020010246772,2020,010246772,3,19,0,3,3,1,5,0,0,0,0,0,0,0,4,1,1,1,1,60,9,-1,-1,-1,-1,3,E01001467,0,-1
2020010284829,2020,010284829,2,9,9,99,99,9,9,99,99,9,9,99,9,99,2,9,6,6,1,-1,-1,-1,-1,-1,-1,-1,-1,0,-1
202006L276394,2020,06L276394,2,1,0,18,19,2,6,0,0,8,0,0,0,0,4,1,6,6,1,26,6,-1,-1,-1,-1,7,E01004933,0,-1
2020070388944,2020,070388944,2,1,0,18,19,5,1,0,0,1,0,0,0,0,0,1,6,6,1,35,6,-1,-1,-1,-1,7,E01006155,0,-1
2020101009754,2020,101009754,1,9,0,9,9,7,5,0,0,1,0,0,0,0,1,1,6,6,1,20,4,-1,-1,-1,-1,-1,-1,0,-1
2020040981615,2020,040981615,2,90,0,18,19,7,3,0,0,1,0,0,0,0,1,1,6,6,1,16,4,-1,-1,-1,-1,1,E01012595,0,-1
2020052001920,2020,052001920,1,9,0,7,7,7,1,0,0,6,0,0,0,0,1,1,6,6,3,-1,-1,-1,-1,-1,-1,-1,-1,0,-1
2020440022470,2020,440022470,1,1,0,18,19,5,1,0,0,0,1,0,1,0,1,1,6,6,1,62,9,-1,-1,-1,-1,7,E01023054,0,-1
202060Y146714,2020,60Y146714,2,9,0,18,19,4,8,0,0,0,0,0,0,0,1,1,6,6,2,27,6,-1,-1,-1,-1,-1,-1,0,-1
2020070431100,2020,070431100,2,1,0,18,19,2,6,0,0,0,0,0,0,0,1,1,6,6,1,6,2,-1,-1,-1,-1,1,E01018519,0,-1
2020340S05742,2020,340S05742,1,9,0,18,19,3,7,0,0,0,0,0,0,0,4,1,6,6,3,-1,-1,-1,-1,-1,-1,-1,-1,0,-1
2020052001513,2020,052001513,1,9,0,18,19,7,3,0,0,0,0,0,0,0,3,1,6,6,1,32,6,-1,-1,-1,-1,3,E01006496,0,-1
2020140998671,2020,140998671,2,1,0,9,9,7,4,0,0,1,0,0,0,0,1,1,5,6,1,53,8,-1,-1,-1,-1,1,E01007901,0,-1
2020010235331,2020,010235331,2,1,0,9,9,1,7,0,0,1,0,0,7,0,2,1,1,1,1,16,4,-1,-1,-1,-1,-1,-1,0,-1
2020010259142,2020,010259142,2,-1,0,18,19,1,5,0,0,8,0,0,0,0,1,1,1,1,1,24,5,-1,-1,-1,-1,4,E01032639,1,-1
2020010261423,2020,010261423,1,4,9,99,99,9,9,99,99,9,9,99,9,99,9,1,6,6,3,-1,-1,-1,-1,-1,-1,-1,-1,0,-1
2020110951168,2020,110951168,1,9,0,18,19,4,8,0,0,0,0,0,0,0,1,1,5,6,1,28,6,-1,-1,-1,-1,2,E01012318,0,-1
2020420960367,2020,420960367,2,1,0,18,19,5,7,0,0,1,0,0,0,0,1,1,5,6,1,54,8,-1,-1,-1,-1,7,E01021983,0,-1
2020522100940,2020,522100940,2,1,0,18,19,3,7,0,0,0,0,0,0,0,2,1,6,6,1,48,8,-1,-1,-1,-1,7,E01014826,0,-1
2020470920003,2020,470920003,2,9,0,2,2,0,0,0,0,0,0,4,7,0,2,1,6,6,3,-1,-1,-1,-1,-1,-1,-1,-1,0,-1
2020010244095,2020,010244095,1,1,9,99,99,9,9,99,99,9,9,99,9,99,1,1,2,2,1,30,6,-1,-1,-1,-1,2,E01001796,0,-1
202006E175735,2020,06E175735,1,1,0,18,19,5,1,0,0,1,0,0,0,0,1,1,6,6,1,39,7,-1,-1,-1,-1,3,E01005760,0,-1
2020302000532,2020,302000532,1,9,0,18,19,7,3,0,0,1,0,0,0,0,4,2,6,6,2,19,4,-1,-1,-1,-1,-1,-1,0,-1
2020440161783,2020,440161783,2,9,0,7,7,6,8,0,0,8,0,0,0,0,4,1,6,6,2,-1,-1,-1,-1,-1,-1,-1,-1,0,-1
2020460974184,2020,460974184,1,9,0,12,12,4,8,0,0,0,5,0,1,0,4,1,5,6,2,23,5,-1,-1,-1,-1,3,E01024509,0,-1
2020010251201,2020,010251201,2,1,0,18,19,2,6,0,0,6,0,0,0,0,1,1,6,6,1,26,6,-1,-1,-1,-1,-1,-1,0,-1
2020430300506,2020,430300506,1,1,0,18,19,3,7,0,0,0,0,0,0,0,4,1,4,7,1,-1,-1,-1,-1,-1,-1,8,E01016468,0,-1
2020010274707,2020,010274707,3,90,0,99,99,9,9,99,99,9,9,99,9,99,9,9,6,6,3,-1,-1,-1,-1,-1,-1,-1,-1,0,-1
202060Y143357,2020,60Y143357,2,1,0,14,14,4,8,0,0,1,0,0,0,0,4,1,6,6,1,34,6,-1,-1,-1,-1,-1,-1,0,-1
2020460966608,2020,460966608,2,9,0,9,9,4,8,0,0,0,0,0,0,0,3,1,1,1,1,24,5,-1,-1,-1,-1,6,E01015671,0,-1
202006G177536,2020,06G177536,1,9,0,18,19,6,2,0,0,8,0,0,0,0,1,1,1,1,1,34,6,-1,-1,-1,-1,5,E01025395,0,-1
2020140952683,2020,140952683,2,1,0,18,19,2,6,0,0,8,0,0,0,0,1,1,6,6,1,39,7,-1,-1,-1,-1,2,E01007517,0,-1
202006P178498,2020,06P178498,2,9,0,18,19,1,5,0,0,8,0,0,1,0,4,1,6,6,2,34,6,-1,-1,-1,-1,-1,-1,0,-1
2020420944661,2020,420944661,1,90,-1,14,14,2,6,0,0,0,0,0,0,0,0,1,6,6,1,-1,-1,-1,-1,-1,-1,-1,-1,0,-1
2020501008185,2020,501008185,1,1,0,17,19,8,4,0,0,1,0,0,0,0,3,1,5,6,1,47,8,-1,-1,-1,-1,1,E01015155,0,-1
2020350994192,2020,350994192,1,1,0,9,9,6,3,0,0,8,5,0,0,0,4,1,5,6,2,22,5,-1,-1,-1,-1,8,E01017989,0,-1
2020031013587,2020,031013587,1,90,0,18,19,7,3,0,0,0,0,0,0,0,0,1,6,6,3,-1,-1,-1,-1,-1,-1,-1,-1,0,-1
2020440219379,2020,440219379,1,1,0,18,19,5,1,0,0,0,0,0,0,0,1,1,6,6,1,44,7,-1,-1,-1,-1,9,E01031476,0,-1
2020010269858,2020,010269858,1,1,9,99,99,9,9,99,99,9,9,99,9,99,9,1,6,6,2,28,6,-1,-1,-1,-1,2,E01004242,0,-1
2020430102772,2020,430102772,1,9,0,18,19,8,4,0,0,0,0,0,0,0,1,1,1,1,1,26,6,-1,-1,-1,-1,8,E01022627,0,-1
2020010276116,2020,010276116,2,1,0,18,19,3,7,0,0,8,5,0,0,0,4,1,6,6,1,46,8,-1,-1,-1,-1,3,E01003841,0,-1
2020010235196,2020,010235196,2,1,0,5,5,7,3,0,0,1,0,0,0,0,3,1,6,6,1,39,7,-1,-1,-1,-1,3,E01004303,0,-1
2020470923283,2020,470923283,3,20,0,16,19,4,6,0,0,0,0,0,0,0,0,1,1,1,3,-1,-1,-1,-1,-1,-1,-1,-1,0,-1
2020350970370,2020,350970370,1,9,0,18,19,7,5,0,0,8,1,0,0,0,1,1,5,6,1,88,11,-1,-1,-1,-1,3,E01018073,0,-1
2020461011743,2020,461011743,2,1,0,18,19,3,7,0,0,8,0,0,0,0,1,1,2,2,1,48,8,-1,-1,-1,-1,3,E01016098,0,-1
2020360963764,2020,360963764,2,1,0,9,9,2,8,0,0,0,0,0,0,0,3,1,6,6,1,33,6,-1,-1,-1,-1,6,E01026781,0,-1
202054A996120,2020,54A996120,1,9,0,16,19,0,0,0,0,8,0,0,0,0,1,1,6,6,1,18,4,-1,-1,-1,-1,-1,-1,0,-1
2020010249954,2020,010249954,2,1,0,5,5,1,5,0,0,3,0,0,0,0,4,1,6,6,1,50,8,-1,-1,-1,-1,9,E01002359,0,-1
2020200982278,2020,200982278,2,1,0,18,19,1,5,0,0,0,0,0,0,0,2,1,6,6,1,15,3,-1,-1,-1,-1,1,E01010275,0,-1
2020040960201,2020,040960201,1,97,0,18,19,1,5,0,0,0,1,0,0,0,1,1,5,6,1,25,5,-1,-1,-1,-1,1,E01012655,0,-1
2020122000632,2020,122000632,1,1,0,9,9,1,7,0,0,8,1,0,0,0,3,1,6,6,1,55,8,-1,-1,-1,-1,2,E01027825,0,-1
202006E175302,2020,06E175302,1,2,0,9,9,7,5,0,0,8,0,0,0,0,3,1,6,6,1,31,6,-1,-1,-1,-1,1,E01005234,0,-1
202006K177123,2020,06K177123,1,9,0,18,19,4,8,0,0,1,0,0,0,0,1,1,6,6,3,-1,-1,-1,-1,-1,-1,-1,-1,0,-1
2020010282460,2020,010282460,1,19,0,2,2,0,0,0,0,0,0,0,0,0,0,1,6,6,3,-1,-1,-1,-1,-1,-1,-1,-1,0,-1
2020332000403,2020,332000403,1,9,0,16,19,2,5,0,0,0,0,0,0,0,0,1,6,6,3,-1,-1,-1,-1,-1,-1,-1,-1,0,-1
2020460995506,2020,460995506,1,19,4,5,5,4,8,0,0,0,0,0,0,0,4,1,5,6,1,21,5,-1,-1,-1,-1,-1,-1,0,-1
2020010232528,2020,010232528,1,-1,0,18,19,1,5,9,9,9,0,0,9,0,1,1,6,6,3,-1,-1,-1,-1,-1,-1,-1,-1,1,-1
2020010251291,2020,010251291,2,9,0,99,99,9,9,99,99,9,9,99,9,99,2,9,-1,-1,-1,-1,-1,-1,-1,-1,-1,4,E01002211,0,-1
2020370965777,2020,370965777,1,9,0,18,19,1,5,0,0,0,0,0,0,0,0,1,5,6,1,19,4,-1,-1,-1,-1,8,E01029997,0,-1
202006J469637,2020,06J469637,1,3,0,14,14,5,1,0,0,1,0,0,0,0,0,1,6,6,1,29,6,-1,-1,-1,-1,-1,-1,0,-1
202006N270742,2020,06N270742,1,9,0,18,19,3,7,0,0,2,0,0,0,0,3,1,6,6,3,-1,-1,-1,-1,-1,-1,-1,-1,0,-1
2020052001018,2020,052001018,1,9,0,13,13,8,6,0,0,8,0,0,0,0,4,1,6,6,3,-1,-1,-1,-1,-1,-1,-1,-1,0,-1
2020450966542,2020,450966542,1,1,0,18,19,5,1,0,0,8,0,0,0,0,3,1,5,6,1,58,9,-1,-1,-1,-1,10,E01030375,0,-1
20201374S1101,2020,1374S1101,1,1,0,18,19,8,4,0,0,0,0,0,0,0,0,1,6,6,1,23,5,-1,-1,-1,-1,4,E01011044,0,-1
2020140915549,2020,140915549,3,9,0,4,4,6,1,0,0,1,0,0,0,0,1,1,6,6,2,45,7,-1,-1,-1,-1,7,E01019479,0,-1
2020470952970,2020,470952970,2,1,0,18,19,6,2,0,0,0,0,0,0,0,2,1,6,6,1,53,8,-1,-1,-1,-1,6,E01017004,0,-1
2020420989539,2020,420989539,2,1,0,18,19,3,7,0,0,8,0,0,0,0,4,1,6,6,1,66,10,-1,-1,-1,-1,-1,-1,0,-1
2020470961000,2020,470961000,2,1,0,18,19,5,1,0,0,1,0,0,0,0,2,1,6,6,1,56,9,-1,-1,-1,-1,6,E01016889,0,-1