collision_index,collision_year,collision_ref_no,vehicle_reference,vehicle_type,towing_and_articulation,vehicle_manoeuvre_historic,vehicle_manoeuvre,vehicle_direction_from,vehicle_direction_to,vehicle_location_restricted_lane_historic,vehicle_location_restricted_lane,junction_location,skidding_and_overturning,hit_object_in_carriageway,vehicle_leaving_carriageway,hit_object_off_carriageway,first_point_of_impact,vehicle_left_hand_drive,journey_purpose_of_driver_historic,journey_purpose_of_driver,sex_of_driver,age_of_driver,age_band_of_driver,engine_capacity_cc,propulsion_code,age_of_vehicle,generic_make_model,driver_imd_decile,lsoa_of_driver,escooter_flag,driver_distance_banding
2020170H10530,2020,170H10530,1,19,0,7,7,1,3,0,0,8,0,0,0,0,3,1,1,1,2,59,9,-1,-1,-1,-1,5,E01020810,0,-1
2020201022180,2020,201022180,1,9,0,9,9,5,3,0,0,1,0,0,0,0,1,1,6,6,1,-1,-1,-1,-1,-1,-1,-1,-1,0,-1
2020430114936,2020,430114936,1,20,0,4,4,5,1,0,0,0,0,0,0,7,2,1,1,1,1,48,8,-1,-1,-1,-1,4,E01028781,0,-1
2020140952105,2020,140952105,2,1,0,16,19,4,1,0,0,3,0,0,0,0,2,1,2,2,1,44,7,-1,-1,-1,-1,6,E01007981,0,-1
202060Y109832,2020,60Y109832,2,9,0,8,8,8,2,0,0,6,0,0,0,0,1,1,6,6,2,79,11,-1,-1,-1,-1,-1,-1,0,-1
2020450947940,2020,450947940,1,1,0,18,19,5,1,0,0,0,0,0,0,0,0,1,5,6,1,49,8,-1,-1,-1,-1,3,E01002777,0,-1
2020010252517,2020,010252517,2,1,0,18,19,7,3,0,0,1,0,0,0,0,1,1,2,2,1,30,6,-1,-1,-1,-1,4,E01004525,0,-1
2020340N07962,2020,340N07962,2,4,0,18,19,1,5,0,0,0,2,0,1,0,1,1,1,1,1,41,7,-1,-1,-1,-1,3,E01027238,0,-1
2020460956866,2020,460956866,1,9,0,10,10,7,3,0,0,1,0,0,0,0,1,1,5,6,2,50,8,-1,-1,-1,-1,3,E01024392,0,-1
2020030960599,2020,030960599,3,9,0,9,9,7,3,0,0,0,0,0,0,0,2,1,5,6,1,23,5,-1,-1,-1,-1,5,E01011479,0,-1
2020440112658,2020,440112658,2,9,0,13,13,4,8,0,0,0,0,0,0,0,4,1,6,6,3,-1,-1,-1,-1,-1,-1,-1,-1,0,-1
2020010244061,2020,010244061,1,97,0,18,19,1,5,0,0,0,0,0,0,0,9,1,6,6,1,-1,-1,-1,-1,-1,-1,-1,-1,0,-1
2020010266357,2020,010266357,1,1,0,18,19,1,5,9,9,9,0,0,9,99,9,1,6,6,1,-1,-1,-1,-1,-1,-1,-1,-1,0,-1
202006A276063,2020,06A276063,3,9,0,18,19,8,4,0,0,1,0,0,0,0,3,1,1,1,1,70,10,-1,-1,-1,-1,2,E01005950,0,-1
2020622000142,2020,622000142,2,1,0,18,19,5,1,0,0,0,0,0,0,0,1,1,6,6,1,50,8,-1,-1,-1,-1,10,W01001778,0,-1
2020544835520,2020,544835520,2,9,0,3,3,6,2,0,0,0,0,0,0,0,2,1,1,1,1,39,7,-1,-1,-1,-1,3,E01031851,0,-1
2020200997803,2020,200997803,2,1,0,16,19,8,4,0,0,6,0,0,0,0,1,1,4,7,1,9,2,-1,-1,-1,-1,5,E01009916,0,-1
2020010258667,2020,010258667,2,9,0,99,99,9,9,99,99,0,9,99,9,99,1,9,6,6,3,-1,-1,-1,-1,-1,-1,-1,-1,0,-1
2020410997278,2020,410997278,2,1,0,18,19,3,7,0,0,6,1,0,0,0,1,1,4,7,2,-1,-1,-1,-1,-1,-1,8,E01033026,0,-1
2020522003795,2020,522003795,1,16,0,18,19,5,1,0,0,0,0,0,0,0,2,1,6,6,2,54,8,-1,-1,-1,-1,8,E01014936,0,-1
2020201020873,2020,201020873,1,9,0,9,9,6,3,0,0,3,0,0,0,0,3,1,1,1,3,-1,-1,-1,-1,-1,-1,-1,-1,0,-1
202006E378512,2020,06E378512,2,1,0,18,19,4,8,0,0,1,0,10,0,0,4,1,6,6,1,48,8,-1,-1,-1,-1,2,E01006207,0,-1
2020440167771,2020,440167771,1,1,0,18,19,3,7,0,0,8,0,0,0,0,1,1,6,6,1,20,4,-1,-1,-1,-1,9,E01022727,0,-1
2020360972325,2020,360972325,1,1,0,18,19,3,7,0,0,2,0,4,0,0,1,1,5,6,1,19,4,-1,-1,-1,-1,3,E01033438,0,-1
2020100924869,2020,100924869,1,9,0,11,11,3,7,0,0,1,0,0,0,0,0,1,6,6,3,-1,-1,-1,-1,-1,-1,-1,-1,0,-1
2020040967318,2020,040967318,3,1,0,18,19,7,3,0,0,1,0,0,0,0,2,1,6,6,1,25,5,-1,-1,-1,-1,7,E01005468,0,-1
2020010274864,2020,010274864,2,1,9,99,99,9,9,99,99,9,9,99,9,99,1,1,2,2,1,27,6,-1,-1,-1,-1,3,E01002805,0,-1
2020010277555,2020,010277555,2,1,0,18,19,3,7,0,0,8,0,0,0,0,3,1,6,6,1,40,7,-1,-1,-1,-1,6,E01001295,0,-1
2020010276184,2020,010276184,2,9,0,99,99,9,9,99,99,9,9,99,9,99,1,9,6,6,3,-1,-1,-1,-1,-1,-1,-1,-1,0,-1
2020470924817,2020,470924817,2,1,0,18,19,3,7,0,0,1,0,0,0,0,3,1,2,2,2,55,8,-1,-1,-1,-1,6,E01031345,0,-1
2020201021995,2020,201021995,1,9,0,18,19,5,1,0,0,0,0,0,0,0,1,1,6,6,2,-1,-1,-1,-1,-1,-1,-1,-1,0,-1
2020210979939,2020,210979939,2,1,0,18,19,4,1,0,0,1,0,0,0,0,1,1,6,6,1,45,7,-1,-1,-1,-1,5,E01014360,0,-1
2020370969802,2020,370969802,2,1,0,18,19,7,3,0,0,0,0,0,0,0,2,1,6,6,1,79,11,-1,-1,-1,-1,10,E01030104,0,-1
2020320075537,2020,320075537,1,9,0,18,19,1,1,0,0,0,0,0,0,0,2,1,6,6,3,-1,-1,-1,-1,-1,-1,-1,-1,0,-1
202031B103920,2020,31B103920,2,1,0,18,19,8,4,0,0,8,0,0,0,0,1,1,6,6,1,67,10,-1,-1,-1,-1,10,E01019793,0,-1
2020010282053,2020,010282053,2,3,0,18,19,5,1,0,0,1,1,0,0,0,4,1,1,1,1,22,5,-1,-1,-1,-1,4,E01001087,0,-1
2020460922937,2020,460922937,1,9,0,18,19,5,1,0,0,1,0,0,0,0,1,1,6,6,1,20,4,-1,-1,-1,-1,-1,-1,0,-1
2020201026823,2020,201026823,2,9,0,18,19,2,6,0,0,0,0,0,0,0,1,1,6,6,3,-1,-1,-1,-1,-1,-1,-1,-1,0,-1
2020110957262,2020,110957262,1,11,0,5,5,5,1,0,0,2,0,0,0,0,0,1,1,1,1,54,8,-1,-1,-1,-1,3,E01008649,0,-1
2020010237873,2020,010237873,2,9,9,18,19,7,3,0,0,4,9,0,0,0,1,9,-1,-1,3,-1,-1,-1,-1,-1,-1,-1,-1,0,-1
2020052002001,2020,052002001,1,9,0,9,9,9,9,0,0,6,0,0,0,0,1,1,6,6,3,-1,-1,-1,-1,-1,-1,-1,-1,0,-1
2020302001138,2020,302001138,2,-1,0,18,19,1,5,0,0,0,0,0,0,0,1,1,6,6,1,16,4,-1,-1,-1,-1,-1,-1,1,-1
2020332000659,2020,332000659,1,-1,0,18,19,5,1,9,9,0,0,0,0,0,1,1,6,6,1,16,4,-1,-1,-1,-1,1,E01013692,1,-1
2020010281476,2020,010281476,1,9,0,9,9,5,3,0,0,6,0,0,0,0,3,1,6,6,1,82,11,-1,-1,-1,-1,10,E01002920,0,-1
202063D038020,2020,63D038020,1,9,0,4,4,6,2,0,0,0,0,0,0,0,3,1,2,2,1,61,9,-1,-1,-1,-1,3,W01000588,0,-1
2020010246083,2020,010246083,2,1,0,9,9,4,1,0,0,8,0,0,0,0,1,1,6,6,2,27,6,-1,-1,-1,-1,4,E01002754,0,-1
2020530955315,2020,530955315,2,1,0,17,19,3,7,0,0,0,0,0,0,0,1,1,6,6,1,14,3,-1,-1,-1,-1,7,E01022175,0,-1
2020350985161,2020,350985161,1,3,0,18,19,1,5,0,0,0,0,11,1,0,1,1,6,6,1,30,6,-1,-1,-1,-1,2,E01026716,0,-1
2020070579756,2020,070579756,2,1,0,18,19,1,5,0,0,0,0,0,0,0,4,1,4,7,1,13,3,-1,-1,-1,-1,3,E01012368,0,-1
2020420977830,2020,420977830,1,9,0,18,19,1,5,0,0,0,0,0,0,0,1,1,6,6,1,60,9,-1,-1,-1,-1,-1,-1,0,-1
2020990993728,2020,990993728,1,9,0,17,19,2,6,0,0,0,0,0,1,11,1,1,5,6,1,70,10,-1,-1,-1,-1,5,-1,0,-1
2020460983631,2020,460983631,1,9,0,18,19,3,7,0,0,0,0,0,0,0,3,1,6,6,2,23,5,-1,-1,-1,-1,8,E01024434,0,-1
202006J169030,2020,06J169030,2,90,0,15,15,5,1,0,0,8,0,0,0,0,1,1,6,6,1,45,7,-1,-1,-1,-1,3,E01005921,0,-1
20201373U0958,2020,1373U0958,2,19,0,18,19,2,6,0,0,1,0,0,0,0,0,1,6,6,3,-1,-1,-1,-1,-1,-1,-1,-1,0,-1
2020990934732,2020,990934732,2,1,0,13,13,6,2,0,0,0,0,0,0,0,1,1,6,6,1,51,8,-1,-1,-1,-1,-1,-1,0,-1
2020010273714,2020,010273714,1,1,9,99,99,9,9,99,99,1,9,99,9,99,1,1,2,2,1,46,8,-1,-1,-1,-1,7,E01003673,0,-1
2020010274912,2020,010274912,2,9,0,99,99,9,9,99,99,9,9,99,9,99,1,9,6,6,3,49,8,-1,-1,-1,-1,6,E01002614,0,-1
2020460949611,2020,460949611,1,9,0,18,19,3,7,0,0,0,0,0,0,0,1,1,6,6,1,-1,-1,-1,-1,-1,-1,1,E01024590,0,-1
2020040914621,2020,040914621,1,97,0,18,19,5,1,0,0,0,0,0,0,0,-1,1,6,6,3,-1,-1,-1,-1,-1,-1,-1,-1,0,-1
2020160922273,2020,160922273,3,9,0,2,2,0,0,0,0,0,0,0,0,0,3,1,6,6,3,-1,-1,-1,-1,-1,-1,-1,-1,0,-1
2020010247464,2020,010247464,2,1,0,9,9,2,7,0,0,4,5,0,0,0,3,1,6,6,1,31,6,-1,-1,-1,-1,6,E01003954,0,-1
2020010282855,2020,010282855,1,1,0,18,19,1,5,0,0,1,2,0,0,0,1,1,6,6,1,27,6,-1,-1,-1,-1,7,E01033733,0,-1
2020420963029,2020,420963029,1,9,0,18,19,8,4,0,0,0,0,0,0,0,1,1,6,6,3,-1,-1,-1,-1,-1,-1,-1,-1,0,-1
2020010228308,2020,010228308,1,9,0,18,19,7,3,0,0,1,1,10,0,0,4,1,6,6,1,31,6,-1,-1,-1,-1,-1,-1,0,-1
202006Q273791,2020,06Q273791,1,1,0,18,19,2,6,0,0,8,0,0,0,0,1,1,6,6,1,14,3,-1,-1,-1,-1,1,E01005342,0,-1
2020990999252,2020,990999252,3,9,0,2,2,0,0,0,0,0,0,0,1,0,2,1,5,6,1,37,7,-1,-1,-1,-1,-1,-1,0,-1
2020460975984,2020,460975984,1,19,0,18,19,5,1,0,0,1,0,0,0,0,1,1,1,1,1,-1,-1,-1,-1,-1,-1,-1,-1,0,-1
2020010255505,2020,010255505,2,9,0,99,99,9,9,99,99,9,9,99,9,99,9,9,6,6,3,-1,-1,-1,-1,-1,-1,8,E01001891,0,-1
2020410984031,2020,410984031,2,1,0,5,5,1,5,0,0,0,0,0,0,0,3,1,5,6,1,34,6,-1,-1,-1,-1,3,E01023954,0,-1
2020522002381,2020,522002381,1,5,0,4,4,1,5,0,0,1,0,0,0,0,2,1,6,6,1,23,5,-1,-1,-1,-1,2,E01014630,0,-1
2020400997023,2020,400997023,1,98,0,9,9,1,3,0,0,3,0,0,1,0,1,1,1,1,1,24,5,-1,-1,-1,-1,-1,-1,0,-1
2020010259747,2020,010259747,1,19,0,1,1,5,1,0,0,0,0,0,0,0,1,1,1,1,1,50,8,-1,-1,-1,-1,9,E01024473,0,-1
2020547503720,2020,547503720,1,9,0,5,5,3,6,0,0,4,0,0,0,0,1,1,1,1,1,41,7,-1,-1,-1,-1,8,E01015588,0,-1
2020350955096,2020,350955096,1,9,0,18,19,7,3,0,0,1,0,0,0,0,1,1,5,6,2,59,9,-1,-1,-1,-1,3,E01015652,0,-1
2020230985784,2020,230985784,1,21,1,1,1,7,3,0,0,0,0,0,0,0,2,1,1,1,1,48,8,-1,-1,-1,-1,-1,-1,0,-1
2020140933967,2020,140933967,2,98,0,2,2,0,0,0,0,0,0,0,0,0,1,1,6,6,3,-1,-1,-1,-1,-1,-1,-1,-1,0,-1
2020501007571,2020,501007571,1,9,0,17,19,4,8,0,0,0,0,0,1,0,1,1,1,1,2,52,8,-1,-1,-1,-1,4,E01018968,0,-1
2020010278624,2020,010278624,2,9,0,99,99,9,9,99,99,9,9,99,9,99,9,9,6,6,3,-1,-1,-1,-1,-1,-1,4,E01004484,0,-1
2020451001989,2020,451001989,1,1,0,18,19,1,1,0,0,0,0,0,0,0,2,1,5,6,1,29,6,-1,-1,-1,-1,4,E01030914,0,-1
2020440329454,2020,440329454,1,9,0,4,4,5,1,0,0,0,0,0,0,0,3,1,6,6,3,-1,-1,-1,-1,-1,-1,-1,-1,0,-1
2020460939514,2020,460939514,2,19,0,18,19,5,1,0,0,1,0,0,0,0,2,1,1,1,1,26,6,-1,-1,-1,-1,5,E01024788,0,-1
2020543511720,2020,543511720,1,9,0,13,13,6,2,0,0,0,0,0,0,0,2,1,6,6,1,40,7,-1,-1,-1,-1,-1,-1,0,-1
2020450996867,2020,450996867,2,1,0,18,19,5,1,0,0,2,5,0,0,0,1,1,5,6,1,15,3,-1,-1,-1,-1,4,E01030749,0,-1
2020140925950,2020,140925950,2,9,0,2,2,0,0,0,0,0,0,0,0,0,4,1,6,6,3,-1,-1,-1,-1,-1,-1,-1,-1,0,-1
2020070142713,2020,070142713,2,1,0,3,3,5,1,0,0,1,0,0,0,0,1,1,1,1,1,48,8,-1,-1,-1,-1,9,E01029619,0,-1
2020370948997,2020,370948997,2,1,0,18,19,1,5,4,4,0,0,0,0,0,4,1,5,6,1,63,9,-1,-1,-1,-1,4,E01030263,0,-1
2020040956963,2020,040956963,2,1,0,18,19,3,7,0,0,8,0,0,0,0,3,1,6,6,1,46,8,-1,-1,-1,-1,1,E01012749,0,-1
2020220991440,2020,220991440,2,1,0,18,19,7,3,0,0,8,0,0,0,0,3,1,2,2,1,30,6,-1,-1,-1,-1,7,E01014092,0,-1
2020052001173,2020,052001173,1,9,0,1,1,3,7,0,0,0,0,0,7,0,2,1,6,6,3,-1,-1,-1,-1,-1,-1,-1,-1,0,-1
2020200989517,2020,200989517,1,9,0,18,19,8,4,0,0,0,0,0,0,0,1,1,6,6,1,-1,-1,-1,-1,-1,-1,10,E01009723,0,-1
2020520001812,2020,520001812,1,9,0,18,19,2,6,0,0,0,5,0,0,0,1,1,6,6,1,44,7,-1,-1,-1,-1,6,E01032631,0,-1
20201376C0910,2020,1376C0910,2,1,0,18,19,5,1,4,4,0,0,0,0,0,0,1,6,6,1,22,5,-1,-1,-1,-1,1,E01011473,0,-1
2020302001236,2020,302001236,3,17,0,18,19,1,5,0,0,0,0,0,0,0,0,1,6,6,3,-1,-1,-1,-1,-1,-1,5,E01019456,0,-1
202054A053520,2020,54A053520,2,9,0,3,3,6,2,0,0,0,0,0,0,0,2,1,6,6,1,53,8,-1,-1,-1,-1,7,E01025983,0,-1
2020070504063,2020,070504063,1,1,0,18,19,1,5,0,0,0,0,0,0,0,2,1,6,6,1,12,3,-1,-1,-1,-1,9,E01012375,0,-1
2020420946576,2020,420946576,1,90,0,18,19,5,1,0,0,1,0,0,0,0,1,1,6,6,3,-1,-1,-1,-1,-1,-1,-1,-1,0,-1
2020010260950,2020,010260950,1,1,9,99,99,9,9,99,99,9,9,99,9,99,1,1,6,6,1,24,5,-1,-1,-1,-1,2,E01001731,0,-1
2020411020624,2020,411020624,1,9,0,4,4,1,5,0,0,0,1,0,0,0,1,1,6,6,1,28,6,-1,-1,-1,-1,10,E01023374,0,-1
2020010268318,2020,010268318,2,1,0,18,19,7,3,4,4,8,0,0,0,0,1,1,6,6,1,47,8,-1,-1,-1,-1,7,E01003408,0,-1
2020010250472,2020,010250472,2,1,0,18,19,5,1,0,0,1,0,0,0,0,1,-1,6,6,1,-1,-1,-1,-1,-1,-1,-1,-1,0,-1
2020200950468,2020,200950468,1,9,0,18,19,5,1,0,0,1,0,0,0,0,3,1,6,6,2,28,6,-1,-1,-1,-1,2,E01013945,0,-1
2020430399319,2020,430399319,2,1,0,9,9,1,7,0,0,8,0,0,0,0,1,1,6,6,1,31,6,-1,-1,-1,-1,-1,-1,0,-1
2020041020052,2020,041020052,8,9,0,18,19,7,3,0,0,0,1,0,0,0,1,1,6,6,1,37,7,-1,-1,-1,-1,6,E01025004,0,-1
2020200997594,2020,200997594,2,1,0,18,19,2,6,0,0,1,0,0,0,0,1,1,6,6,1,12,3,-1,-1,-1,-1,1,E01009748,0,-1
2020410961501,2020,410961501,2,1,0,18,19,3,7,0,0,1,0,0,0,0,4,1,5,6,1,40,7,-1,-1,-1,-1,4,E01023393,0,-1
2020010244784,2020,010244784,2,10,0,4,4,2,6,0,0,1,0,0,0,0,1,1,6,6,1,30,6,-1,-1,-1,-1,5,E01033573,0,-1
2020450959871,2020,450959871,2,9,0,18,19,5,1,0,0,0,0,0,0,0,1,1,6,6,1,33,6,-1,-1,-1,-1,-1,-1,0,-1
202060Y037454,2020,60Y037454,2,9,0,9,9,7,5,0,0,1,0,0,0,0,1,1,6,6,2,20,4,-1,-1,-1,-1,-1,-1,0,-1
2020520000970,2020,520000970,1,9,0,5,5,2,6,0,0,6,0,0,0,0,1,1,6,6,3,18,4,-1,-1,-1,-1,-1,-1,0,-1
2020361010515,2020,361010515,1,9,0,18,19,-1,-1,0,0,0,0,0,0,0,-1,1,6,6,3,-1,-1,-1,-1,-1,-1,-1,-1,0,-1
2020010229487,2020,010229487,1,9,0,9,9,1,7,0,0,2,5,7,1,10,1,1,6,6,1,23,5,-1,-1,-1,-1,2,E01003599,0,-1
2020522004275,2020,522004275,2,90,0,4,4,2,6,0,0,0,1,0,0,0,2,1,6,6,2,35,6,-1,-1,-1,-1,4,E01014627,0,-1
2020040917902,2020,040917902,1,98,0,18,19,3,7,0,0,8,0,0,0,0,1,1,1,1,1,56,9,-1,-1,-1,-1,10,E01025353,0,-1
2020332000375,2020,332000375,2,9,0,9,9,5,3,0,0,5,0,0,0,0,1,1,1,1,2,39,7,-1,-1,-1,-1,9,E01007601,0,-1
2020010259055,2020,010259055,2,9,0,4,4,1,5,0,0,0,0,0,0,0,2,1,6,6,1,40,7,-1,-1,-1,-1,-1,-1,0,-1
2020990995216,2020,990995216,2,1,0,17,19,3,7,0,0,0,0,0,0,0,1,1,5,6,1,24,5,-1,-1,-1,-1,9,-1,0,-1
2020440011681,2020,440011681,4,19,0,18,19,5,1,0,0,0,0,0,0,0,1,1,6,6,1,31,6,-1,-1,-1,-1,-1,-1,0,-1
2020990967564,2020,990967564,2,1,0,18,19,7,3,0,0,8,0,0,0,0,2,1,5,6,2,29,6,-1,-1,-1,-1,1,-1,0,-1
2020010235099,2020,010235099,2,1,0,18,19,2,6,0,0,1,2,7,7,0,1,1,1,1,1,27,6,-1,-1,-1,-1,-1,-1,0,-1
2020010262694,2020,010262694,2,23,0,18,19,7,3,2,2,5,0,0,0,0,2,1,6,6,1,50,8,-1,-1,-1,-1,2,E01000042,0,-1
20201379B0494,2020,1379B0494,2,1,0,18,19,5,1,0,0,0,0,0,0,0,1,1,1,1,1,9,2,-1,-1,-1,-1,6,E01010857,0,-1
2020470960752,2020,470960752,2,9,0,16,19,4,8,0,0,0,0,0,0,0,3,1,5,6,1,41,7,-1,-1,-1,-1,7,E01021007,0,-1
202006K370577,2020,06K370577,1,9,0,18,19,5,1,0,0,0,0,0,0,0,1,1,6,6,3,-1,-1,-1,-1,-1,-1,-1,-1,0,-1
2020450956272,2020,450956272,2,1,0,18,19,8,4,0,0,0,0,0,0,0,1,1,5,6,1,59,9,-1,-1,-1,-1,10,E01003402,0,-1
2020320645438,2020,320645438,1,1,0,18,19,1,5,0,0,0,2,0,0,0,0,1,1,1,2,62,9,-1,-1,-1,-1,4,E01026250,0,-1
2020010279962,2020,010279962,1,19,0,6,6,7,7,0,0,1,1,0,0,0,1,1,1,1,1,24,5,-1,-1,-1,-1,9,E01030712,0,-1
2020010231107,2020,010231107,1,1,9,99,99,9,9,99,99,9,9,99,9,99,9,1,2,2,2,48,8,-1,-1,-1,-1,4,E01001276,0,-1
2020522001600,2020,522001600,2,1,0,18,19,8,4,0,0,8,0,0,0,0,1,1,6,6,1,36,7,-1,-1,-1,-1,2,E01014842,0,-1
202006A370658,2020,06A370658,1,9,0,7,7,7,1,0,0,8,0,0,0,0,1,1,6,6,2,40,7,-1,-1,-1,-1,6,E01005885,0,-1
2020350983391,2020,350983391,2,9,0,7,7,6,1,0,0,1,0,0,0,0,4,1,6,6,1,55,8,-1,-1,-1,-1,-1,-1,0,-1
202063A038620,2020,63A038620,2,1,0,18,19,6,2,0,0,8,0,0,0,0,4,1,2,2,1,19,4,-1,-1,-1,-1,3,W01000657,0,-1
2020010245925,2020,010245925,2,1,0,18,19,7,3,0,0,1,0,0,0,0,1,-1,6,6,2,47,8,-1,-1,-1,-1,3,E01001111,0,-1
2020137920830,2020,137920830,1,9,0,7,7,7,1,0,0,1,0,0,0,0,1,1,2,2,3,-1,-1,-1,-1,-1,-1,-1,-1,0,-1
2020500991940,2020,500991940,1,9,0,7,7,1,5,0,0,0,0,0,0,0,0,1,6,6,3,-1,-1,-1,-1,-1,-1,-1,-1,0,-1
2020010264863,2020,010264863,2,1,0,18,19,6,2,0,0,1,0,0,0,0,1,1,6,6,1,34,6,-1,-1,-1,-1,6,E01004513,0,-1
2020460945085,2020,460945085,2,1,0,18,19,2,6,0,0,4,0,0,0,0,1,1,2,2,1,50,8,-1,-1,-1,-1,5,E01024711,0,-1
2020140976883,2020,140976883,2,9,0,-1,-1,-1,-1,-1,-1,6,-1,-1,-1,0,-1,1,6,6,3,-1,-1,-1,-1,-1,-1,-1,-1,0,-1
2020440294140,2020,440294140,1,9,0,18,19,1,5,0,0,8,0,0,0,0,1,1,6,6,2,19,4,-1,-1,-1,-1,8,E01022951,0,-1
2020990953884,2020,990953884,2,1,0,17,19,7,3,0,0,0,0,0,0,0,3,1,6,6,1,53,8,-1,-1,-1,-1,10,-1,0,-1
2020200947324,2020,200947324,1,19,0,1,1,3,7,0,0,6,0,0,0,0,2,1,1,1,1,-1,-1,-1,-1,-1,-1,-1,-1,0,-1
2020411008868,2020,411008868,2,9,0,2,2,8,4,0,0,0,0,0,0,0,2,1,6,6,2,61,9,-1,-1,-1,-1,9,E01022060,0,-1
2020010283859,2020,010283859,2,1,0,10,10,5,3,9,9,1,0,0,0,0,1,1,6,6,1,29,6,-1,-1,-1,-1,-1,-1,0,-1
2020522003787,2020,522003787,1,9,0,18,19,2,6,0,0,8,0,0,1,10,1,1,6,6,1,33,6,-1,-1,-1,-1,5,E01014732,0,-1
2020531010855,2020,531010855,2,1,0,18,19,5,1,0,0,8,0,0,0,0,4,1,5,6,1,38,7,-1,-1,-1,-1,10,E01022109,0,-1
2020210966097,2020,210966097,1,9,0,4,4,4,8,0,0,0,0,0,8,0,0,1,6,6,3,40,7,-1,-1,-1,-1,-1,-1,0,-1
202060Y018624,2020,60Y018624,1,9,0,18,19,6,2,0,0,0,0,0,0,0,1,1,6,6,3,-1,-1,-1,-1,-1,-1,-1,-1,0,-1
2020460924971,2020,460924971,1,9,0,4,4,1,5,0,0,0,0,0,0,0,1,1,2,2,1,50,8,-1,-1,-1,-1,6,E01024557,0,-1
2020010272386,2020,010272386,1,9,0,9,9,3,2,0,0,1,0,0,0,0,2,1,1,1,1,45,7,-1,-1,-1,-1,5,E01003217,0,-1
2020010239855,2020,010239855,1,1,0,18,19,1,5,0,0,1,0,0,0,0,0,1,6,6,1,39,7,-1,-1,-1,-1,4,E01003440,0,-1
2020420990972,2020,420990972,1,19,0,18,19,7,3,0,0,0,0,0,0,0,4,1,6,6,3,-1,-1,-1,-1,-1,-1,-1,-1,0,-1
2020520101140,2020,520101140,1,3,0,4,4,8,4,0,0,1,0,0,0,0,0,1,6,6,1,24,5,-1,-1,-1,-1,5,E01029259,0,-1
2020430444210,2020,430444210,2,1,0,18,19,5,1,0,0,2,0,0,0,0,2,1,6,6,1,15,3,-1,-1,-1,-1,5,E01028636,0,-1
2020160980924,2020,160980924,2,1,0,18,19,8,4,0,0,0,0,0,0,0,1,1,6,6,2,15,3,-1,-1,-1,-1,1,E01012877,0,-1
2020122000759,2020,122000759,1,9,0,3,3,1,5,0,0,0,0,0,0,0,2,1,1,1,1,42,7,-1,-1,-1,-1,-1,-1,0,-1
202006P273397,2020,06P273397,2,1,0,18,19,8,4,0,0,1,0,0,0,0,4,1,6,6,1,37,7,-1,-1,-1,-1,8,E01005361,0,-1
2020070559989,2020,070559989,2,1,0,18,19,7,3,0,0,2,0,0,0,0,4,1,4,7,1,12,3,-1,-1,-1,-1,1,E01012422,0,-1
202006G272444,2020,06G272444,1,9,0,9,9,3,1,0,0,1,0,0,0,0,1,1,6,6,3,-1,-1,-1,-1,-1,-1,-1,-1,0,-1
2020101006095,2020,101006095,1,9,-1,18,19,4,8,0,0,0,0,0,0,0,3,1,6,6,3,-1,-1,-1,-1,-1,-1,-1,-1,0,-1
2020010273964,2020,010273964,2,1,0,18,19,2,6,0,0,0,0,0,0,0,2,1,2,2,2,50,8,-1,-1,-1,-1,5,E01004441,0,-1
2020500990219,2020,500990219,1,9,0,12,12,3,1,0,0,1,0,0,0,0,1,1,1,1,1,19,4,-1,-1,-1,-1,4,E01018863,0,-1
2020140935179,2020,140935179,2,1,0,18,19,3,7,0,0,4,0,0,0,0,4,1,5,6,1,20,4,-1,-1,-1,-1,3,E01033268,0,-1
2020420983735,2020,420983735,2,1,0,3,3,5,7,0,0,4,0,0,0,0,3,1,5,6,2,26,6,-1,-1,-1,-1,7,E01021571,0,-1
2020100933338,2020,100933338,1,19,-1,-1,-1,-1,-1,-1,-1,-1,-1,-1,-1,0,-1,1,6,6,1,-1,-1,-1,-1,-1,-1,-1,-1,0,-1
202006J373732,2020,06J373732,1,9,0,18,19,6,2,0,0,0,0,0,0,0,2,1,6,6,1,39,7,-1,-1,-1,-1,-1,-1,0,-1
2020010263569,2020,010263569,1,9,0,99,99,9,9,99,99,0,9,99,9,99,2,1,6,6,1,-1,-1,-1,-1,-1,-1,5,E01001644,0,-1
2020052000334,2020,052000334,2,1,0,18,19,1,5,0,0,0,0,0,0,0,1,1,6,6,1,37,7,-1,-1,-1,-1,1,E01006698,0,-1
2020622000395,2020,622000395,2,1,0,10,10,8,4,0,0,1,0,0,0,0,3,1,6,6,2,45,7,-1,-1,-1,-1,8,W01001781,0,-1
2020160990273,2020,160990273,2,1,0,18,19,3,7,0,0,8,0,0,0,0,4,1,4,7,1,7,2,-1,-1,-1,-1,1,E01013209,0,-1
2020137161593,2020,137161593,1,9,0,18,19,1,5,0,0,1,0,0,0,0,1,1,6,6,3,-1,-1,-1,-1,-1,-1,-1,-1,0,-1
202006Q278770,2020,06Q278770,4,9,0,16,19,2,3,0,0,1,0,0,0,0,0,1,1,1,1,30,6,-1,-1,-1,-1,-1,-1,0,-1
2020201018514,2020,201018514,1,98,0,7,7,7,1,0,0,6,0,0,0,0,1,1,6,6,1,39,7,-1,-1,-1,-1,2,E01010525,0,-1
2020501010665,2020,501010665,2,1,0,18,19,4,8,0,0,1,0,0,0,0,1,1,6,6,1,76,11,-1,-1,-1,-1,5,E01015225,0,-1
202006P174083,2020,06P174083,1,9,0,9,9,1,6,0,0,8,0,0,0,0,1,1,6,6,1,30,6,-1,-1,-1,-1,-1,-1,0,-1
2020411020024,2020,411020024,2,90,0,5,5,1,5,0,0,0,0,0,0,0,3,1,6,6,3,-1,-1,-1,-1,-1,-1,-1,-1,0,-1
2020010265051,2020,010265051,2,9,0,12,12,5,1,0,0,0,0,0,0,0,1,1,6,6,3,-1,-1,-1,-1,-1,-1,-1,-1,0,-1
2020141003974,2020,141003974,2,9,0,-1,-1,-1,-1,-1,-1,0,-1,-1,-1,0,-1,1,6,6,3,-1,-1,-1,-1,-1,-1,-1,-1,0,-1
202006L278414,2020,06L278414,2,1,0,18,19,5,8,0,0,8,0,0,0,0,4,1,6,6,1,72,10,-1,-1,-1,-1,3,E01006291,0,-1
2020100963716,2020,100963716,2,1,0,18,19,7,3,0,0,0,2,0,0,0,0,1,5,6,1,34,6,-1,-1,-1,-1,6,E01027466,0,-1