collision_index,collision_year,collision_ref_no,vehicle_reference,vehicle_type,towing_and_articulation,vehicle_manoeuvre_historic,vehicle_manoeuvre,vehicle_direction_from,vehicle_direction_to,vehicle_location_restricted_lane_historic,vehicle_location_restricted_lane,junction_location,skidding_and_overturning,hit_object_in_carriageway,vehicle_leaving_carriageway,hit_object_off_carriageway,first_point_of_impact,vehicle_left_hand_drive,journey_purpose_of_driver_historic,journey_purpose_of_driver,sex_of_driver,age_of_driver,age_band_of_driver,engine_capacity_cc,propulsion_code,age_of_vehicle,generic_make_model,driver_imd_decile,lsoa_of_driver,escooter_flag,driver_distance_banding
2020220955009,2020,220955009,2,1,0,16,19,6,7,0,0,0,0,0,0,0,1,1,5,6,1,73,10,-1,-1,-1,-1,-1,-1,0,-1
2020201008903,2020,201008903,1,9,0,18,19,5,1,0,0,1,0,0,0,0,1,1,6,6,1,-1,-1,-1,-1,-1,-1,-1,-1,0,-1
2020070019866,2020,070019866,1,97,0,18,19,8,4,9,9,8,0,10,1,2,4,1,6,6,1,19,4,-1,-1,-1,-1,-1,-1,0,-1
2020010273527,2020,010273527,1,1,9,99,99,9,9,99,99,9,9,99,9,99,1,1,2,2,1,33,6,-1,-1,-1,-1,2,E01002729,0,-1
2020100922301,2020,100922301,1,9,0,5,5,5,2,0,0,0,0,0,0,0,3,1,6,6,3,16,4,-1,-1,-1,-1,-1,-1,0,-1
2020010265634,2020,010265634,1,1,9,99,99,9,9,99,99,9,9,99,9,99,1,1,6,6,2,27,6,-1,-1,-1,-1,-1,-1,0,-1
2020320507321,2020,320507321,1,4,0,18,19,5,1,0,0,0,1,0,0,0,1,1,6,6,1,28,6,-1,-1,-1,-1,1,E01013210,0,-1
2020160946252,2020,160946252,2,1,0,18,19,3,7,5,5,6,0,0,0,0,1,1,6,6,1,-1,-1,-1,-1,-1,-1,-1,-1,0,-1
2020010275004,2020,010275004,2,9,0,99,99,9,9,99,99,9,9,99,9,99,9,9,6,6,3,-1,-1,-1,-1,-1,-1,-1,-1,0,-1
2020052001603,2020,052001603,1,9,0,1,1,3,7,0,0,0,0,0,0,0,2,1,6,6,3,-1,-1,-1,-1,-1,-1,-1,-1,0,-1
2020137AK0314,2020,137AK0314,1,1,0,18,19,1,5,0,0,0,0,4,0,0,1,1,6,6,1,29,6,-1,-1,-1,-1,6,E01011651,0,-1
2020420951123,2020,420951123,1,19,0,13,13,7,3,0,0,0,0,0,0,0,0,1,6,6,3,-1,-1,-1,-1,-1,-1,-1,-1,0,-1
2020430304669,2020,430304669,2,1,0,18,19,4,8,0,0,0,0,8,0,0,4,1,2,2,1,28,6,-1,-1,-1,-1,8,E01028578,0,-1
2020010251893,2020,010251893,2,9,0,99,99,9,9,99,99,9,9,99,9,99,1,9,6,6,3,-1,-1,-1,-1,-1,-1,-1,-1,0,-1
2020010241771,2020,010241771,1,9,0,18,19,8,4,0,0,8,0,0,0,0,1,1,6,6,3,-1,-1,-1,-1,-1,-1,-1,-1,0,-1
2020332000094,2020,332000094,1,9,0,9,9,2,7,0,0,8,0,0,0,0,1,1,6,6,2,54,8,-1,-1,-1,-1,10,E01025641,0,-1
2020400929485,2020,400929485,1,9,0,5,5,5,8,0,0,1,0,0,0,0,1,1,5,6,1,74,10,-1,-1,-1,-1,10,E01017607,0,-1
2020010262586,2020,010262586,2,-1,0,18,19,7,3,0,0,1,0,0,0,0,1,1,6,6,1,35,6,-1,-1,-1,-1,1,E01001944,1,-1
20201378K0651,2020,1378K0651,1,1,0,18,19,2,6,0,0,1,2,0,0,0,1,1,6,6,2,19,4,-1,-1,-1,-1,9,E01011887,0,-1
2020010282221,2020,010282221,1,9,0,2,2,0,0,0,0,0,0,0,0,0,2,1,6,6,3,-1,-1,-1,-1,-1,-1,-1,-1,0,-1
2020552000575,2020,552000575,1,1,0,18,19,1,5,5,5,0,0,0,0,0,0,1,6,6,1,64,9,-1,-1,-1,-1,10,E01015433,0,-1
2020210952123,2020,210952123,1,9,0,7,7,6,8,0,0,0,0,0,1,0,1,1,6,6,1,26,6,-1,-1,-1,-1,-1,-1,0,-1
2020200933068,2020,200933068,2,9,0,18,19,7,3,0,0,8,0,0,0,0,1,1,6,6,1,65,9,-1,-1,-1,-1,1,E01008898,0,-1
2020360943682,2020,360943682,2,1,0,18,19,3,7,0,0,1,0,0,0,0,3,1,6,6,1,49,8,-1,-1,-1,-1,6,E01026863,0,-1
2020010263682,2020,010263682,2,9,9,99,99,9,9,99,99,9,9,99,9,99,9,9,6,6,3,-1,-1,-1,-1,-1,-1,-1,-1,0,-1
2020140979434,2020,140979434,2,1,0,18,19,6,2,0,0,8,0,0,0,0,1,1,6,6,2,32,6,-1,-1,-1,-1,5,E01008113,0,-1
20201371K1012,2020,1371K1012,2,9,0,18,19,8,4,0,0,1,0,0,0,0,1,1,6,6,3,-1,-1,-1,-1,-1,-1,-1,-1,0,-1
2020010252706,2020,010252706,1,1,9,99,99,9,9,99,99,8,9,99,9,99,9,1,6,6,1,31,6,-1,-1,-1,-1,4,E01004642,0,-1
2020460948369,2020,460948369,2,9,0,18,19,3,7,0,0,0,0,0,0,0,3,1,1,1,1,30,6,-1,-1,-1,-1,8,E01024403,0,-1
2020010265421,2020,010265421,2,9,0,99,99,9,9,99,99,9,9,99,9,99,2,9,6,6,3,-1,-1,-1,-1,-1,-1,-1,-1,0,-1
2020010284103,2020,010284103,1,1,9,9,9,1,6,99,99,9,9,0,0,0,1,1,6,6,2,31,6,-1,-1,-1,-1,2,E01003253,0,-1
2020440381356,2020,440381356,1,11,0,18,19,7,3,0,0,0,0,0,0,0,0,1,1,1,1,44,7,-1,-1,-1,-1,3,E01017107,0,-1
20201379A1121,2020,1379A1121,2,1,0,10,10,1,7,0,0,1,0,0,0,0,2,1,6,6,2,54,8,-1,-1,-1,-1,8,E01011605,0,-1
2020010239868,2020,010239868,2,19,0,18,19,6,2,0,0,0,0,0,0,0,4,1,6,6,3,-1,-1,-1,-1,-1,-1,-1,-1,0,-1
202031C088820,2020,31C088820,2,90,0,18,19,6,2,0,0,8,0,0,0,0,1,1,6,6,1,17,4,-1,-1,-1,-1,1,E01013833,0,-1
2020440360047,2020,440360047,2,90,0,2,2,0,0,0,0,0,0,0,0,0,0,1,6,6,1,-1,-1,-1,-1,-1,-1,-1,-1,0,-1
2020522003070,2020,522003070,2,21,1,13,13,1,5,0,0,8,0,0,0,0,1,1,6,6,1,28,6,-1,-1,-1,-1,6,E01029228,0,-1
2020070255551,2020,070255551,2,1,0,18,19,4,8,0,0,4,0,0,0,0,1,1,6,6,2,38,7,-1,-1,-1,-1,1,E01018738,0,-1
2020010248170,2020,010248170,2,1,0,17,19,5,1,0,0,8,0,0,0,0,2,1,6,6,2,33,6,-1,-1,-1,-1,2,E01001760,0,-1
2020440391954,2020,440391954,2,9,0,18,19,1,5,0,0,0,0,0,0,0,3,1,1,1,1,48,8,-1,-1,-1,-1,6,E01023199,0,-1
2020170L10090,2020,170L10090,2,1,0,18,19,2,6,0,0,0,0,0,0,0,3,1,6,6,1,58,9,-1,-1,-1,-1,10,E01032549,0,-1
2020010273271,2020,010273271,2,-1,0,18,19,5,1,0,0,1,5,0,0,0,2,1,2,2,1,26,6,-1,-1,-1,-1,5,E01001088,1,-1
2020450946139,2020,450946139,1,9,0,9,9,1,7,0,0,8,0,0,0,0,4,1,6,6,3,69,10,-1,-1,-1,-1,-1,-1,0,-1
202031D091420,2020,31D091420,1,9,0,7,7,8,2,0,0,6,0,0,0,0,1,1,6,6,3,-1,-1,-1,-1,-1,-1,-1,-1,0,-1
2020200943581,2020,200943581,2,1,0,8,8,-1,-1,0,0,3,0,0,0,0,4,1,1,1,1,42,7,-1,-1,-1,-1,2,E01008884,0,-1
2020990921337,2020,990921337,1,9,0,9,9,7,6,0,0,2,0,0,0,0,4,1,3,7,1,43,7,-1,-1,-1,-1,9,-1,0,-1
2020211008899,2020,211008899,2,1,0,-1,-1,7,3,0,0,0,0,0,0,0,-1,1,6,6,3,-1,-1,-1,-1,-1,-1,-1,-1,0,-1
2020400924396,2020,400924396,1,9,0,18,19,2,6,0,0,0,0,0,0,0,1,1,6,6,1,-1,-1,-1,-1,-1,-1,-1,-1,0,-1
2020350989410,2020,350989410,3,90,0,18,19,1,5,0,0,6,0,0,0,0,0,1,6,6,3,-1,-1,-1,-1,-1,-1,-1,-1,0,-1
2020211023872,2020,211023872,2,1,0,18,19,1,5,0,0,8,0,0,0,0,4,1,6,6,1,19,4,-1,-1,-1,-1,2,E01010529,0,-1
2020040998510,2020,040998510,1,9,0,18,19,5,1,0,0,1,0,0,0,0,1,1,5,6,1,42,7,-1,-1,-1,-1,-1,-1,0,-1
2020522000025,2020,522000025,2,9,0,13,13,1,6,0,0,8,0,0,0,0,1,1,6,6,3,30,6,-1,-1,-1,-1,-1,-1,0,-1
2020420934270,2020,420934270,1,9,0,18,19,2,1,0,0,0,0,0,0,0,1,1,6,6,3,-1,-1,-1,-1,-1,-1,-1,-1,0,-1
2020010232857,2020,010232857,2,9,0,11,11,1,5,0,0,2,0,0,0,0,4,1,6,6,3,-1,-1,-1,-1,-1,-1,-1,-1,0,-1
2020421001271,2020,421001271,3,9,0,2,2,5,1,0,0,0,0,0,0,0,4,1,6,6,3,-1,-1,-1,-1,-1,-1,-1,-1,0,-1
2020522000411,2020,522000411,2,1,0,18,19,1,5,0,0,0,0,0,0,0,1,1,6,6,1,24,5,-1,-1,-1,-1,1,E01014655,0,-1
2020220947835,2020,220947835,1,9,0,9,9,8,7,0,0,6,0,0,0,0,1,1,6,6,3,34,6,-1,-1,-1,-1,-1,-1,0,-1
202031D029220,2020,31D029220,2,1,0,18,19,6,3,0,0,8,0,0,0,0,3,1,6,6,2,56,9,-1,-1,-1,-1,9,E01025886,0,-1
2020010251991,2020,010251991,3,9,0,9,9,1,7,0,0,8,0,0,0,0,0,1,6,6,3,-1,-1,-1,-1,-1,-1,-1,-1,0,-1
2020010247240,2020,010247240,1,1,9,99,99,9,9,99,99,9,9,99,9,99,1,-1,6,6,1,25,5,-1,-1,-1,-1,4,E01001085,0,-1
2020351002678,2020,351002678,2,9,0,18,19,7,2,0,0,0,0,0,0,0,0,1,6,6,1,38,7,-1,-1,-1,-1,7,E01026014,0,-1
2020010273979,2020,010273979,1,9,0,7,7,1,3,0,0,1,0,0,0,0,2,1,6,6,3,-1,-1,-1,-1,-1,-1,-1,-1,0,-1
2020370929995,2020,370929995,2,9,0,7,7,1,5,0,0,8,0,0,1,4,1,1,5,6,1,43,7,-1,-1,-1,-1,7,E01033126,0,-1
2020010230706,2020,010230706,1,9,0,18,19,1,5,0,0,0,0,4,0,0,4,1,6,6,1,51,8,-1,-1,-1,-1,3,E01024552,0,-1
2020400939237,2020,400939237,1,90,0,18,19,-1,-1,0,0,2,0,0,0,0,1,1,6,6,2,-1,-1,-1,-1,-1,-1,-1,-1,0,-1
202060Y021561,2020,60Y021561,1,9,0,9,9,8,5,0,0,0,0,0,0,0,1,1,1,1,1,66,10,-1,-1,-1,-1,-1,-1,0,-1
2020070384963,2020,070384963,2,9,0,9,9,5,2,0,0,1,0,0,0,0,0,1,6,6,3,-1,-1,-1,-1,-1,-1,-1,-1,0,-1
2020010252836,2020,010252836,1,1,9,99,99,9,9,99,99,9,9,99,9,99,1,1,2,2,2,35,6,-1,-1,-1,-1,4,E01003210,0,-1
2020430158634,2020,430158634,6,9,0,2,2,0,0,0,0,0,0,0,0,0,3,1,6,6,3,-1,-1,-1,-1,-1,-1,-1,-1,0,-1
2020200969691,2020,200969691,2,9,0,4,4,2,6,0,0,1,0,0,0,0,1,1,6,6,1,-1,-1,-1,-1,-1,-1,-1,-1,0,-1
2020440316125,2020,440316125,1,1,0,18,19,8,4,0,0,0,0,0,0,0,3,1,6,6,1,30,6,-1,-1,-1,-1,5,E01023027,0,-1
2020160980928,2020,160980928,2,1,0,18,19,7,3,0,0,1,0,0,0,0,1,1,6,6,1,42,7,-1,-1,-1,-1,1,E01033110,0,-1
2020420930630,2020,420930630,1,9,0,18,19,5,1,0,0,8,0,0,0,0,1,1,5,6,1,24,5,-1,-1,-1,-1,2,E01021278,0,-1
2020400920127,2020,400920127,1,9,0,9,9,8,6,0,0,2,0,0,0,0,1,1,6,6,2,-1,-1,-1,-1,-1,-1,-1,-1,0,-1
2020430255799,2020,430255799,2,9,0,18,19,6,2,0,0,4,0,0,0,0,1,1,6,6,3,-1,-1,-1,-1,-1,-1,-1,-1,0,-1
2020160957451,2020,160957451,2,1,0,15,15,3,7,9,9,0,0,0,0,0,1,1,6,6,1,15,3,-1,-1,-1,-1,5,E01013009,0,-1
2020420915611,2020,420915611,1,9,0,18,19,5,1,0,0,0,0,0,0,0,1,1,6,6,2,40,7,-1,-1,-1,-1,-1,-1,0,-1
2020070608786,2020,070608786,1,9,0,2,2,0,0,0,0,0,0,0,0,0,0,1,6,6,1,-1,-1,-1,-1,-1,-1,-1,-1,0,-1
2020410980056,2020,410980056,2,9,0,2,2,0,0,0,0,0,0,0,0,0,2,1,6,6,3,-1,-1,-1,-1,-1,-1,-1,-1,0,-1
2020010243554,2020,010243554,2,1,0,18,19,1,5,0,0,8,0,0,0,0,4,1,6,6,1,25,5,-1,-1,-1,-1,3,E01003976,0,-1
2020220923793,2020,220923793,2,9,0,9,9,7,5,0,0,5,0,0,0,0,4,1,2,2,1,69,10,-1,-1,-1,-1,2,E01032369,0,-1
202006G170198,2020,06G170198,1,1,0,9,9,4,8,0,0,6,0,0,0,0,3,1,4,7,1,15,3,-1,-1,-1,-1,1,E01005933,0,-1
2020500953764,2020,500953764,3,90,0,3,3,0,5,0,0,0,0,0,0,0,0,1,6,6,2,-1,-1,-1,-1,-1,-1,9,E01020162,0,-1
2020010261439,2020,010261439,1,5,0,18,19,4,8,2,2,0,0,0,0,0,2,1,2,2,1,26,6,-1,-1,-1,-1,1,E01001786,0,-1
2020010265323,2020,010265323,2,1,9,99,99,9,9,99,99,9,9,99,9,99,9,1,6,6,3,-1,-1,-1,-1,-1,-1,-1,-1,0,-1
2020440310907,2020,440310907,1,9,0,9,9,2,7,0,0,0,0,0,0,0,3,1,6,6,1,29,6,-1,-1,-1,-1,2,E01017106,0,-1
2020100969730,2020,100969730,1,19,0,18,19,7,3,0,0,0,0,0,0,0,0,1,2,2,1,-1,-1,-1,-1,-1,-1,-1,-1,0,-1
2020010252032,2020,010252032,1,1,9,99,99,9,9,99,99,9,9,99,9,99,9,-1,2,2,1,32,6,-1,-1,-1,-1,5,E01001960,0,-1
202031C022120,2020,31C022120,1,11,0,17,19,8,6,0,0,1,0,0,0,0,1,1,1,1,3,-1,-1,-1,-1,-1,-1,-1,-1,0,-1
2020201019100,2020,201019100,1,9,0,13,13,6,4,0,0,5,0,0,0,0,3,1,6,6,1,24,5,-1,-1,-1,-1,2,E01009499,0,-1
2020110925570,2020,110925570,1,1,0,18,19,7,3,9,9,8,0,0,0,0,1,1,6,6,3,30,6,-1,-1,-1,-1,-1,-1,0,-1
2020540704520,2020,540704520,1,9,0,4,4,6,2,0,0,0,1,0,0,0,3,1,2,2,1,47,8,-1,-1,-1,-1,7,E01031857,0,-1
2020040984093,2020,040984093,2,98,0,18,19,1,5,0,0,1,0,0,0,0,0,1,6,6,3,-1,-1,-1,-1,-1,-1,-1,-1,0,-1
2020010259449,2020,010259449,1,9,0,99,99,9,9,99,99,0,9,99,9,99,1,9,6,6,3,-1,-1,-1,-1,-1,-1,-1,-1,0,-1
2020010241604,2020,010241604,1,1,9,99,99,9,9,99,99,9,9,99,9,99,2,1,2,2,1,24,5,-1,-1,-1,-1,5,E01003941,0,-1
2020471006750,2020,471006750,1,9,0,-1,-1,-1,-1,-1,-1,-1,-1,-1,-1,0,1,1,6,6,2,-1,-1,-1,-1,-1,-1,-1,-1,0,-1
2020430171109,2020,430171109,2,1,0,9,9,6,4,0,0,8,0,0,0,0,4,1,6,6,1,28,6,-1,-1,-1,-1,10,E01028710,0,-1
2020010270737,2020,010270737,1,97,0,18,19,3,7,0,0,1,0,0,0,0,1,1,6,6,3,-1,-1,-1,-1,-1,-1,-1,-1,0,-1
2020552000423,2020,552000423,1,1,0,18,19,6,2,0,0,0,0,0,0,0,3,1,6,6,2,55,8,-1,-1,-1,-1,7,E01020570,0,-1
2020332000481,2020,332000481,2,9,0,18,19,8,4,0,0,8,0,0,0,0,1,1,1,1,2,35,6,-1,-1,-1,-1,5,E01025670,0,-1
2020460967480,2020,460967480,1,97,0,18,19,7,3,0,0,0,0,0,0,0,1,1,6,6,3,-1,-1,-1,-1,-1,-1,-1,-1,0,-1
2020450965640,2020,450965640,3,9,0,2,2,0,0,6,6,0,0,0,1,11,1,1,6,6,3,-1,-1,-1,-1,-1,-1,-1,-1,0,-1
2020332001169,2020,332001169,1,9,0,18,19,8,4,0,0,6,0,0,0,0,0,1,6,6,1,68,10,-1,-1,-1,-1,-1,-1,0,-1
2020522003423,2020,522003423,2,9,0,13,13,1,5,0,0,1,0,0,0,0,4,1,6,6,1,30,6,-1,-1,-1,-1,-1,-1,0,-1
2020137630878,2020,137630878,1,9,0,18,19,7,3,0,0,0,0,0,0,0,4,1,6,6,3,-1,-1,-1,-1,-1,-1,-1,-1,0,-1
2020552001202,2020,552001202,1,1,0,18,19,2,6,0,0,8,0,0,0,0,1,1,6,6,1,43,7,-1,-1,-1,-1,7,E01015354,0,-1
2020332000759,2020,332000759,2,19,0,18,19,2,6,0,0,0,0,0,0,0,1,1,6,6,1,-1,-1,-1,-1,-1,-1,-1,-1,0,-1
2020010286239,2020,010286239,2,9,0,18,19,3,7,0,0,1,0,0,0,0,0,1,6,6,3,-1,-1,-1,-1,-1,-1,-1,-1,0,-1
2020160995268,2020,160995268,1,1,0,5,5,8,4,0,0,8,0,0,0,0,1,1,5,6,1,16,4,-1,-1,-1,-1,3,E01012817,0,-1
2020010252070,2020,010252070,2,3,0,18,19,3,7,0,0,8,0,0,0,0,1,1,6,6,1,35,6,-1,-1,-1,-1,8,E01002658,0,-1
2020010259708,2020,010259708,1,1,9,99,99,9,9,99,99,9,9,99,9,99,0,1,6,6,1,52,8,-1,-1,-1,-1,6,E01004017,0,-1
2020010279735,2020,010279735,2,9,0,99,99,9,9,0,0,0,0,0,0,0,9,1,6,6,3,-1,-1,-1,-1,-1,-1,-1,-1,0,-1
2020200994162,2020,200994162,1,9,0,18,19,7,3,0,0,0,2,10,1,4,1,1,1,1,1,34,6,-1,-1,-1,-1,1,E01008927,0,-1
2020010273831,2020,010273831,1,1,9,99,99,9,9,99,99,9,9,99,9,99,9,1,2,2,1,39,7,-1,-1,-1,-1,1,E01001839,0,-1
2020450945852,2020,450945852,1,1,0,18,19,5,1,0,0,0,5,0,0,0,3,1,5,6,1,37,7,-1,-1,-1,-1,7,E01002573,0,-1
2020451004735,2020,451004735,1,1,0,18,19,3,1,0,0,0,0,0,0,0,0,1,5,6,2,35,6,-1,-1,-1,-1,9,E01031497,0,-1
2020460973296,2020,460973296,1,9,0,18,19,1,5,0,0,0,0,0,0,0,0,1,6,6,3,-1,-1,-1,-1,-1,-1,-1,-1,0,-1
202006A176613,2020,06A176613,2,90,0,7,7,8,1,0,0,1,0,0,0,0,2,1,1,1,1,48,8,-1,-1,-1,-1,2,E01004849,0,-1
2020450981372,2020,450981372,2,1,0,18,19,1,5,0,0,1,0,0,0,0,3,1,2,2,1,44,7,-1,-1,-1,-1,10,E01030807,0,-1
2020052002178,2020,052002178,1,9,0,14,14,3,7,0,0,0,0,0,0,0,3,1,6,6,1,32,6,-1,-1,-1,-1,10,E01018518,0,-1
2020052002288,2020,052002288,1,1,0,18,19,1,5,0,0,1,0,0,0,0,1,1,1,1,1,39,7,-1,-1,-1,-1,3,E01006588,0,-1
2020522100533,2020,522100533,1,1,0,18,19,1,5,0,0,0,0,0,0,0,1,1,6,6,1,57,9,-1,-1,-1,-1,8,E01014745,0,-1
2020552000766,2020,552000766,2,1,0,18,19,7,3,0,0,3,0,0,0,0,3,1,6,6,1,29,6,-1,-1,-1,-1,3,E01015308,0,-1
2020350998574,2020,350998574,2,1,0,5,5,3,7,9,9,1,0,0,0,0,3,1,6,6,1,32,6,-1,-1,-1,-1,-1,-1,0,-1
2020302000898,2020,302000898,3,9,0,8,8,2,3,0,0,6,0,0,0,0,3,1,6,6,3,-1,-1,-1,-1,-1,-1,5,E01019456,0,-1
2020010264659,2020,010264659,2,1,9,99,99,9,9,99,99,9,9,99,9,99,1,1,6,6,2,72,10,-1,-1,-1,-1,-1,-1,0,-1
2020350952385,2020,350952385,2,1,0,5,5,8,4,0,0,0,5,0,0,0,1,1,5,6,1,43,7,-1,-1,-1,-1,8,E01018001,0,-1
2020010245756,2020,010245756,2,9,0,9,9,5,3,0,0,8,9,0,0,99,4,9,6,6,3,-1,-1,-1,-1,-1,-1,-1,-1,0,-1
2020200948566,2020,200948566,2,9,0,18,19,6,2,0,0,8,0,0,0,0,0,1,6,6,1,-1,-1,-1,-1,-1,-1,-1,-1,0,-1
2020430218069,2020,430218069,2,9,0,18,19,5,1,0,0,0,0,0,0,0,4,1,6,6,1,33,6,-1,-1,-1,-1,2,E01027156,0,-1
2020052001712,2020,052001712,1,9,0,18,19,1,5,0,0,0,0,0,1,11,1,1,6,6,3,-1,-1,-1,-1,-1,-1,-1,-1,0,-1
2020137130490,2020,137130490,1,9,0,18,19,5,1,0,0,0,0,0,0,0,1,1,6,6,1,82,11,-1,-1,-1,-1,6,E01027923,0,-1
2020430248772,2020,430248772,1,9,0,18,19,5,1,9,9,1,0,0,0,0,4,1,6,6,3,-1,-1,-1,-1,-1,-1,-1,-1,0,-1
2020010238206,2020,010238206,1,9,0,18,19,8,4,0,0,4,0,0,0,0,4,1,6,6,3,-1,-1,-1,-1,-1,-1,-1,-1,0,-1
2020010237173,2020,010237173,1,1,9,99,99,9,9,99,99,9,9,99,9,99,2,1,2,2,1,56,9,-1,-1,-1,-1,6,E01000365,0,-1
2020010256360,2020,010256360,1,1,9,99,99,9,9,99,99,0,9,99,9,99,1,1,6,6,1,-1,-1,-1,-1,-1,-1,-1,-1,0,-1
2020990974648,2020,990974648,1,1,0,5,5,1,5,0,0,1,0,0,0,0,1,1,6,6,1,15,3,-1,-1,-1,-1,5,-1,0,-1
2020200947315,2020,200947315,2,1,0,18,19,-1,-1,0,0,0,0,0,0,0,2,1,6,6,1,26,6,-1,-1,-1,-1,1,E01009062,0,-1
20201375N1125,2020,1375N1125,2,19,0,2,2,0,0,0,0,0,0,0,0,0,2,1,6,6,3,-1,-1,-1,-1,-1,-1,-1,-1,0,-1
2020010255908,2020,010255908,1,1,9,99,99,9,9,99,99,0,9,99,9,99,1,1,6,6,1,-1,-1,-1,-1,-1,-1,5,E01004188,0,-1
2020522100338,2020,522100338,1,9,0,18,19,1,5,0,0,0,0,0,0,0,1,1,6,6,3,30,6,-1,-1,-1,-1,-1,-1,0,-1
2020041008640,2020,041008640,1,1,0,18,19,7,3,0,0,1,0,0,0,0,4,1,5,6,1,15,3,-1,-1,-1,-1,1,E01012671,0,-1
202031D035520,2020,31D035520,2,16,0,18,19,8,4,0,0,0,0,0,1,0,3,1,6,6,1,62,9,-1,-1,-1,-1,9,E01028410,0,-1
2020350977843,2020,350977843,2,1,0,18,19,7,4,0,0,0,0,0,0,0,3,1,5,6,1,18,4,-1,-1,-1,-1,7,E01018279,0,-1
2020990965674,2020,990965674,1,97,0,18,19,1,7,0,0,0,0,0,0,0,0,1,5,6,1,48,8,-1,-1,-1,-1,-1,-1,0,-1
2020010259317,2020,010259317,1,1,9,99,99,9,9,99,99,0,9,99,9,99,1,1,2,2,1,35,6,-1,-1,-1,-1,2,E01003049,0,-1
2020420957036,2020,420957036,5,17,0,2,2,0,0,9,9,1,0,0,0,0,0,1,6,6,3,-1,-1,-1,-1,-1,-1,-1,-1,0,-1
2020010263206,2020,010263206,1,1,9,99,99,9,9,99,99,0,9,99,9,99,9,1,6,6,1,30,6,-1,-1,-1,-1,6,E01004485,0,-1
2020010265990,2020,010265990,1,9,0,99,99,9,9,99,99,9,9,99,9,99,1,9,6,6,3,-1,-1,-1,-1,-1,-1,-1,-1,0,-1
2020160929719,2020,160929719,2,1,0,16,19,6,2,0,0,1,0,0,0,0,1,1,2,2,2,41,7,-1,-1,-1,-1,2,E01013284,0,-1
202006A369996,2020,06A369996,2,9,0,8,8,6,8,0,0,8,0,0,0,0,3,1,6,6,1,30,6,-1,-1,-1,-1,9,E01005508,0,-1
2020010263719,2020,010263719,2,9,0,99,99,9,9,99,99,9,9,99,9,99,9,9,6,6,3,-1,-1,-1,-1,-1,-1,-1,-1,0,-1
2020531000720,2020,531000720,2,9,0,18,19,2,6,0,0,0,0,0,0,0,1,1,6,6,3,-1,-1,-1,-1,-1,-1,-1,-1,0,-1
2020332000247,2020,332000247,1,3,0,17,19,8,4,0,0,0,1,0,0,0,4,1,1,1,1,23,5,-1,-1,-1,-1,8,E01025743,0,-1
202060Y176354,2020,60Y176354,1,9,0,18,19,8,4,0,0,1,0,0,0,0,1,1,6,6,1,28,6,-1,-1,-1,-1,-1,-1,0,-1
2020010238353,2020,010238353,1,1,9,99,99,9,9,99,99,9,9,99,9,99,9,-1,2,2,1,32,6,-1,-1,-1,-1,5,E01033741,0,-1
2020010273407,2020,010273407,1,8,0,3,3,3,7,0,0,1,0,0,0,0,2,1,2,2,1,33,6,-1,-1,-1,-1,5,E01003359,0,-1
2020010244182,2020,010244182,1,1,9,99,99,9,9,99,99,9,9,99,9,99,1,1,6,6,1,20,4,-1,-1,-1,-1,3,E01002781,0,-1
2020450970077,2020,450970077,1,1,0,18,19,1,5,0,0,0,0,0,0,0,2,1,4,7,1,12,3,-1,-1,-1,-1,10,E01030436,0,-1
2020200940073,2020,200940073,2,22,0,18,19,7,3,9,9,8,0,0,0,0,4,1,6,6,2,62,9,-1,-1,-1,-1,2,E01010088,0,-1
2020990958993,2020,990958993,4,9,0,2,2,0,0,0,0,0,0,0,0,0,2,1,6,6,3,-1,-1,-1,-1,-1,-1,-1,-1,0,-1
2020360958216,2020,360958216,1,9,0,18,19,2,4,0,0,0,0,0,1,4,1,1,5,6,1,65,9,-1,-1,-1,-1,6,E01026451,0,-1
2020010269865,2020,010269865,1,1,9,99,99,9,9,99,99,9,9,99,9,99,1,1,6,6,2,32,6,-1,-1,-1,-1,3,E01000535,0,-1
2020160957934,2020,160957934,2,1,0,18,19,1,5,9,9,2,0,0,0,0,1,1,6,6,1,22,5,-1,-1,-1,-1,-1,-1,0,-1
2020010232476,2020,010232476,1,97,0,14,14,3,7,0,0,1,0,0,0,0,1,1,6,6,3,-1,-1,-1,-1,-1,-1,-1,-1,0,-1
2020522000285,2020,522000285,1,1,0,18,19,2,6,0,0,0,0,0,0,0,2,1,6,6,1,42,7,-1,-1,-1,-1,2,E01014659,0,-1
2020320000150,2020,320000150,2,1,0,18,19,3,7,0,0,0,0,0,0,0,2,1,6,6,1,52,8,-1,-1,-1,-1,-1,-1,0,-1
2020070117387,2020,070117387,2,9,0,18,19,4,8,0,0,0,1,0,0,0,3,1,6,6,1,46,8,-1,-1,-1,-1,4,E01029797,0,-1
2020522000687,2020,522000687,1,9,0,18,19,4,5,0,0,8,0,0,0,0,3,1,6,6,2,30,6,-1,-1,-1,-1,-1,-1,0,-1
2020340N00072,2020,340N00072,2,9,0,18,19,4,8,0,0,8,0,0,0,0,1,1,6,6,1,75,10,-1,-1,-1,-1,5,E01027215,0,-1
2020010277925,2020,010277925,1,1,9,99,99,9,9,99,99,9,9,99,9,99,2,1,2,2,2,45,7,-1,-1,-1,-1,3,E01002403,0,-1
2020470987591,2020,470987591,2,1,0,18,19,1,5,0,0,0,0,0,0,0,4,1,5,6,1,10,2,-1,-1,-1,-1,8,E01031664,0,-1
2020400990501,2020,400990501,1,1,0,5,5,1,5,0,0,2,1,0,7,0,1,1,2,2,1,32,6,-1,-1,-1,-1,6,E01017592,0,-1
2020220975046,2020,220975046,2,1,0,18,19,5,1,0,0,1,0,0,0,0,1,1,5,6,1,33,6,-1,-1,-1,-1,8,E01022116,0,-1
2020210936191,2020,210936191,5,9,0,2,2,0,0,0,0,1,0,0,0,0,2,1,6,6,3,-1,-1,-1,-1,-1,-1,-1,-1,0,-1
202006A366899,2020,06A366899,1,9,0,18,19,2,6,0,0,0,0,0,4,2,3,1,6,6,1,20,4,-1,-1,-1,-1,9,E01012569,0,-1
2020137CH0806,2020,137CH0806,1,9,0,5,5,6,2,0,0,6,0,0,0,0,1,1,1,1,1,63,9,-1,-1,-1,-1,6,E01011070,0,-1