collision_index,collision_year,collision_ref_no,vehicle_reference,vehicle_type,towing_and_articulation,vehicle_manoeuvre_historic,vehicle_manoeuvre,vehicle_direction_from,vehicle_direction_to,vehicle_location_restricted_lane_historic,vehicle_location_restricted_lane,junction_location,skidding_and_overturning,hit_object_in_carriageway,vehicle_leaving_carriageway,hit_object_off_carriageway,first_point_of_impact,vehicle_left_hand_drive,journey_purpose_of_driver_historic,journey_purpose_of_driver,sex_of_driver,age_of_driver,age_band_of_driver,engine_capacity_cc,propulsion_code,age_of_vehicle,generic_make_model,driver_imd_decile,lsoa_of_driver,escooter_flag,driver_distance_banding
2020040954022,2020,040954022,1,1,0,18,19,7,3,0,0,1,0,0,0,0,1,1,5,6,1,62,9,-1,-1,-1,-1,4,E01005015,0,-1
2020010259882,2020,010259882,2,1,0,18,19,7,3,0,0,3,0,0,0,0,4,1,6,6,2,50,8,-1,-1,-1,-1,4,E01001047,0,-1
2020010228257,2020,010228257,2,1,0,9,9,7,5,0,0,1,0,0,7,0,1,-1,6,6,1,31,6,-1,-1,-1,-1,2,E01000025,0,-1
202006G275213,2020,06G275213,2,9,0,2,2,0,0,0,0,0,0,0,0,0,4,1,6,6,1,45,7,-1,-1,-1,-1,7,E01005939,0,-1
2020990942712,2020,990942712,2,9,0,2,2,0,0,0,0,0,0,0,0,0,2,1,6,6,3,-1,-1,-1,-1,-1,-1,-1,-1,0,-1
2020200948876,2020,200948876,1,9,0,18,19,7,3,0,0,4,0,0,0,0,1,1,6,6,3,-1,-1,-1,-1,-1,-1,-1,-1,0,-1
2020122000268,2020,122000268,2,9,0,11,11,5,1,0,0,0,0,0,0,0,0,1,6,6,3,-1,-1,-1,-1,-1,-1,-1,-1,0,-1
2020430285315,2020,430285315,1,1,0,18,19,3,7,0,0,0,0,0,0,0,1,1,1,1,1,31,6,-1,-1,-1,-1,7,E01016402,0,-1
2020137BO0989,2020,137BO0989,1,9,0,18,19,5,1,0,0,0,0,0,0,0,4,1,6,6,3,30,6,-1,-1,-1,-1,-1,-1,0,-1
2020200948949,2020,200948949,1,9,0,10,10,4,2,0,0,8,0,0,0,0,1,1,2,2,1,35,6,-1,-1,-1,-1,6,E01010232,0,-1
2020990935023,2020,990935023,2,1,0,18,19,8,4,0,0,0,0,0,1,0,1,1,5,6,1,36,7,-1,-1,-1,-1,8,-1,0,-1
2020010242465,2020,010242465,1,9,0,4,4,5,1,0,0,0,1,0,0,0,2,9,6,6,1,32,6,-1,-1,-1,-1,5,E01003773,0,-1
2020010273385,2020,010273385,1,1,9,99,99,9,9,99,99,9,9,99,9,99,1,1,2,2,1,29,6,-1,-1,-1,-1,6,E01001275,0,-1
2020500947100,2020,500947100,1,9,0,18,19,4,8,0,0,8,0,0,0,0,1,1,6,6,3,-1,-1,-1,-1,-1,-1,-1,-1,0,-1
2020010252530,2020,010252530,2,1,0,6,6,1,1,0,0,2,0,0,7,0,2,1,6,6,1,37,7,-1,-1,-1,-1,2,E01004287,0,-1
2020610017820,2020,610017820,3,8,0,2,2,0,0,0,0,0,0,0,0,0,0,1,1,1,1,-1,-1,-1,-1,-1,-1,-1,-1,0,-1
2020010266886,2020,010266886,2,9,9,99,99,9,9,0,0,9,0,99,1,99,1,1,6,6,1,-1,-1,-1,-1,-1,-1,-1,-1,0,-1
2020332000958,2020,332000958,1,9,0,3,3,1,5,0,0,0,0,0,4,7,4,1,6,6,1,26,6,-1,-1,-1,-1,1,E01000308,0,-1
2020161004769,2020,161004769,2,1,0,7,7,7,2,0,0,3,0,0,0,0,3,1,2,2,1,55,8,-1,-1,-1,-1,1,E01013144,0,-1
2020160967341,2020,160967341,3,9,0,2,2,0,0,0,0,2,0,0,0,0,4,1,6,6,3,-1,-1,-1,-1,-1,-1,-1,-1,0,-1
2020990993720,2020,990993720,2,1,0,18,19,1,6,9,9,1,1,0,0,0,3,1,6,6,1,22,5,-1,-1,-1,-1,5,-1,0,-1
202060Y101599,2020,60Y101599,2,9,0,18,19,8,4,0,0,1,1,0,0,0,1,1,6,6,1,21,5,-1,-1,-1,-1,-1,-1,0,-1
2020332000952,2020,332000952,2,1,0,18,19,2,6,0,0,8,0,0,0,0,1,1,6,6,2,20,4,-1,-1,-1,-1,2,E01032873,0,-1
2020041023466,2020,041023466,3,90,0,18,19,5,1,0,0,2,0,0,0,0,3,1,5,6,1,31,6,-1,-1,-1,-1,4,E01012703,0,-1
2020122000991,2020,122000991,1,9,0,18,19,8,4,0,0,2,0,0,0,0,0,1,1,1,1,53,8,-1,-1,-1,-1,10,E01027722,0,-1
2020010259830,2020,010259830,1,1,0,4,4,2,6,0,0,0,5,0,0,99,2,1,6,6,2,42,7,-1,-1,-1,-1,2,E01004471,0,-1
2020010277102,2020,010277102,1,1,9,99,99,9,9,99,99,9,9,99,9,99,1,1,2,2,2,22,5,-1,-1,-1,-1,3,E01002726,0,-1
2020460946160,2020,460946160,2,1,0,18,19,2,6,0,0,1,2,0,0,0,1,1,5,6,1,51,8,-1,-1,-1,-1,7,E01024405,0,-1
2020170S10100,2020,170S10100,1,9,0,9,9,2,8,0,0,8,0,0,0,0,4,1,6,6,2,40,7,-1,-1,-1,-1,5,E01012295,0,-1
2020440380665,2020,440380665,1,9,0,9,9,1,6,0,0,8,0,0,0,0,0,1,6,6,1,-1,-1,-1,-1,-1,-1,-1,-1,0,-1
2020122000236,2020,122000236,1,1,0,18,19,4,1,0,0,0,0,0,0,0,3,1,6,6,1,19,4,-1,-1,-1,-1,9,E01013380,0,-1
2020430231598,2020,430231598,2,9,0,18,19,2,6,0,0,0,0,0,0,0,3,1,6,6,1,-1,-1,-1,-1,-1,-1,-1,-1,0,-1
2020990936682,2020,990936682,2,9,0,2,2,0,0,0,0,0,0,0,0,0,1,1,6,6,3,-1,-1,-1,-1,-1,-1,-1,-1,0,-1
2020010267338,2020,010267338,2,1,0,18,19,5,1,0,0,1,0,0,0,0,3,1,6,6,1,15,3,-1,-1,-1,-1,4,E01002244,0,-1
2020440349585,2020,440349585,2,1,0,18,19,4,8,0,0,8,0,0,0,0,1,1,6,6,1,14,3,-1,-1,-1,-1,3,E01017127,0,-1
2020010244902,2020,010244902,2,9,0,9,9,7,4,0,0,2,0,0,0,0,4,1,3,7,2,45,7,-1,-1,-1,-1,4,E01003608,0,-1
2020010248547,2020,010248547,2,9,9,99,99,9,9,99,99,0,9,99,9,99,1,9,6,6,3,-1,-1,-1,-1,-1,-1,-1,-1,0,-1
2020610025020,2020,610025020,2,1,0,18,19,4,8,0,0,1,0,0,0,0,1,1,6,6,1,53,8,-1,-1,-1,-1,-1,-1,0,-1
2020010246261,2020,010246261,2,2,0,99,99,9,9,99,99,9,9,99,9,99,9,9,6,6,3,-1,-1,-1,-1,-1,-1,-1,-1,0,-1
2020470921797,2020,470921797,1,9,0,13,13,7,3,0,0,0,5,10,1,10,4,1,5,6,2,23,5,-1,-1,-1,-1,6,E01021033,0,-1
2020440319490,2020,440319490,1,9,0,18,19,1,5,0,0,1,0,0,1,4,1,1,6,6,1,61,9,-1,-1,-1,-1,3,E01022739,0,-1
2020010276440,2020,010276440,2,9,0,99,99,9,9,99,99,9,9,99,9,99,9,9,6,6,3,30,6,-1,-1,-1,-1,8,E01000177,0,-1
2020220987234,2020,220987234,1,19,0,5,5,8,5,0,0,6,0,0,0,0,1,1,1,1,1,34,6,-1,-1,-1,-1,-1,-1,0,-1
2020010244591,2020,010244591,1,1,9,99,99,9,9,99,99,9,9,99,9,99,1,-1,6,6,1,25,5,-1,-1,-1,-1,6,E01002022,0,-1
2020420981127,2020,420981127,2,1,0,4,4,1,3,0,0,0,0,0,0,0,4,1,6,6,1,34,6,-1,-1,-1,-1,7,E01015955,0,-1
2020210962650,2020,210962650,2,9,0,4,4,7,1,0,0,2,0,0,0,0,1,1,1,1,2,36,7,-1,-1,-1,-1,7,E01029655,0,-1
2020040972668,2020,040972668,2,97,0,9,9,1,5,0,0,1,0,0,0,0,1,1,6,6,3,-1,-1,-1,-1,-1,-1,-1,-1,0,-1
202060Y122667,2020,60Y122667,1,9,0,18,19,5,1,0,0,1,0,0,0,0,4,1,6,6,2,40,7,-1,-1,-1,-1,-1,-1,0,-1
2020340K08432,2020,340K08432,1,9,0,4,4,1,5,0,0,1,0,0,0,0,3,1,6,6,3,-1,-1,-1,-1,-1,-1,-1,-1,0,-1
2020140945446,2020,140945446,4,9,0,2,2,0,0,0,0,0,0,0,0,0,0,1,6,6,3,-1,-1,-1,-1,-1,-1,-1,-1,0,-1
2020101008702,2020,101008702,2,1,0,18,19,5,1,0,0,0,5,0,0,0,1,1,6,6,1,46,8,-1,-1,-1,-1,-1,-1,0,-1
202006A374145,2020,06A374145,2,1,0,7,7,5,7,0,0,6,0,0,0,0,3,1,6,6,1,56,9,-1,-1,-1,-1,7,E01005156,0,-1
2020010254408,2020,010254408,2,1,0,3,3,1,5,0,0,8,0,0,0,0,1,1,6,6,2,30,6,-1,-1,-1,-1,5,E01003340,0,-1
2020990926419,2020,990926419,3,9,0,2,2,0,0,0,0,0,0,0,0,0,3,1,6,6,3,-1,-1,-1,-1,-1,-1,-1,-1,0,-1
2020220994340,2020,220994340,2,1,0,18,19,1,5,0,0,8,0,0,0,0,2,1,5,6,1,41,7,-1,-1,-1,-1,6,E01032283,0,-1
2020161005538,2020,161005538,2,1,0,18,19,7,3,9,9,0,0,0,0,0,1,1,6,6,1,33,6,-1,-1,-1,-1,8,E01013037,0,-1
2020520002200,2020,520002200,2,9,0,9,9,4,2,0,0,8,0,0,0,0,1,1,6,6,1,62,9,-1,-1,-1,-1,-1,-1,0,-1
2020370979514,2020,370979514,2,19,0,18,19,-1,-1,0,0,2,0,0,0,0,1,1,1,1,1,25,5,-1,-1,-1,-1,2,E01026633,0,-1
2020010240325,2020,010240325,2,-1,0,18,19,4,8,0,0,1,0,0,0,0,1,1,6,6,1,30,6,-1,-1,-1,-1,6,E01032653,1,-1
2020420951296,2020,420951296,2,1,0,18,19,2,7,0,0,8,0,0,0,0,3,1,5,6,2,56,9,-1,-1,-1,-1,10,E01021366,0,-1
2020440341895,2020,440341895,2,9,0,2,2,0,0,0,0,0,0,0,0,0,1,1,6,6,1,50,8,-1,-1,-1,-1,4,E01023106,0,-1
2020461001927,2020,461001927,1,9,0,18,19,3,7,0,0,0,1,0,7,0,1,1,6,6,2,28,6,-1,-1,-1,-1,4,E01024217,0,-1
2020200978009,2020,200978009,2,1,0,17,19,8,6,0,0,8,0,0,0,0,1,1,6,6,1,24,5,-1,-1,-1,-1,10,E01010169,0,-1
2020320664835,2020,320664835,3,9,0,2,2,0,0,0,0,2,0,0,0,0,3,1,6,6,1,30,6,-1,-1,-1,-1,2,E01026006,0,-1
2020161009000,2020,161009000,1,1,0,18,19,2,6,0,0,4,0,0,1,0,0,1,6,6,1,46,8,-1,-1,-1,-1,8,E01013170,0,-1
2020540619820,2020,540619820,2,9,0,18,19,8,4,0,0,0,5,0,1,0,1,1,6,6,1,24,5,-1,-1,-1,-1,9,E01023182,0,-1
2020010245223,2020,010245223,1,1,9,99,99,9,9,99,99,9,9,99,9,99,1,1,2,2,2,42,7,-1,-1,-1,-1,4,E01003527,0,-1
202063C009620,2020,63C009620,1,9,0,18,19,4,8,0,0,1,0,0,0,0,1,1,6,6,3,-1,-1,-1,-1,-1,-1,-1,-1,0,-1
2020010266655,2020,010266655,1,1,9,99,99,9,9,99,99,9,9,99,9,99,1,1,6,6,2,55,8,-1,-1,-1,-1,4,E01001724,0,-1
2020040994391,2020,040994391,1,9,0,5,5,3,3,0,0,1,0,0,0,0,4,1,5,6,1,34,6,-1,-1,-1,-1,8,E01025564,0,-1
2020545239520,2020,545239520,3,9,0,10,10,8,4,0,0,1,0,0,0,0,2,1,1,1,2,50,8,-1,-1,-1,-1,4,E01031862,0,-1
2020040961639,2020,040961639,1,9,0,7,7,3,7,9,9,8,1,0,7,11,1,1,6,6,3,-1,-1,-1,-1,-1,-1,-1,-1,0,-1
2020010238965,2020,010238965,2,9,0,99,99,9,9,99,99,9,9,99,9,99,1,9,6,6,3,-1,-1,-1,-1,-1,-1,-1,-1,0,-1
2020400998225,2020,400998225,1,22,0,18,19,1,5,9,9,0,0,0,0,0,1,1,6,6,3,-1,-1,-1,-1,-1,-1,-1,-1,0,-1
2020990959142,2020,990959142,2,90,0,17,19,6,3,0,0,0,0,0,0,0,1,1,5,6,1,48,8,-1,-1,-1,-1,6,-1,0,-1
2020010235023,2020,010235023,2,1,0,18,19,5,1,0,0,2,0,0,0,0,1,-1,6,6,1,41,7,-1,-1,-1,-1,2,E01003980,0,-1
2020990978441,2020,990978441,1,1,0,18,19,7,3,4,4,0,5,4,0,0,1,1,5,6,1,53,8,-1,-1,-1,-1,10,-1,0,-1
2020552000481,2020,552000481,1,9,0,18,19,2,6,0,0,0,0,0,0,0,1,1,6,6,3,-1,-1,-1,-1,-1,-1,-1,-1,0,-1
2020122000847,2020,122000847,2,9,0,18,19,3,7,0,0,0,0,0,0,0,1,1,6,6,3,-1,-1,-1,-1,-1,-1,-1,-1,0,-1
2020137121059,2020,137121059,1,9,0,18,19,2,6,4,4,1,0,0,0,0,4,1,6,6,1,31,6,-1,-1,-1,-1,-1,-1,0,-1
2020161005358,2020,161005358,2,1,0,18,19,5,1,0,0,8,0,0,0,0,3,1,6,6,1,59,9,-1,-1,-1,-1,8,E01012791,0,-1
2020010254687,2020,010254687,2,9,0,99,99,9,9,99,99,0,9,99,9,99,9,9,6,6,3,-1,-1,-1,-1,-1,-1,-1,-1,0,-1
2020010247671,2020,010247671,1,1,9,99,99,9,9,99,99,9,9,99,9,99,9,1,6,6,1,12,3,-1,-1,-1,-1,9,E01001454,0,-1
2020140960608,2020,140960608,1,9,0,18,19,7,3,0,0,0,1,0,1,4,1,1,6,6,1,17,4,-1,-1,-1,-1,9,E01007386,0,-1
2020332001115,2020,332001115,2,1,0,18,19,7,3,0,0,0,0,0,0,0,0,1,6,6,1,47,8,-1,-1,-1,-1,-1,-1,0,-1
202060Y092789,2020,60Y092789,1,9,0,18,19,4,8,0,0,0,0,0,2,7,4,1,6,6,2,71,10,-1,-1,-1,-1,-1,-1,0,-1
202006K272846,2020,06K272846,1,9,0,18,19,6,2,0,0,8,0,0,0,0,1,1,6,6,3,-1,-1,-1,-1,-1,-1,-1,-1,0,-1
2020430016059,2020,430016059,1,9,0,13,13,4,8,0,0,0,0,0,0,0,4,1,6,6,1,23,5,-1,-1,-1,-1,3,E01016353,0,-1
2020990978472,2020,990978472,2,9,0,2,2,0,0,0,0,0,0,0,0,0,3,1,6,6,3,-1,-1,-1,-1,-1,-1,-1,-1,0,-1
2020430316290,2020,430316290,2,9,0,18,19,1,5,0,0,0,0,0,0,0,1,1,6,6,2,-1,-1,-1,-1,-1,-1,-1,-1,0,-1
2020100976802,2020,100976802,2,1,0,18,19,5,1,0,0,0,0,0,0,0,1,1,5,6,1,57,9,-1,-1,-1,-1,2,E01008602,0,-1
2020010273372,2020,010273372,2,-1,0,99,99,9,9,0,0,9,0,99,0,0,9,1,6,6,2,-1,-1,-1,-1,-1,-1,2,E01002787,1,-1
2020010277796,2020,010277796,2,-1,0,18,19,1,5,0,0,5,5,0,1,0,3,1,6,6,1,27,6,-1,-1,-1,-1,-1,-1,1,-1
2020040986440,2020,040986440,4,9,0,2,2,1,5,0,0,2,0,0,7,0,4,1,6,6,3,-1,-1,-1,-1,-1,-1,-1,-1,0,-1
2020010259971,2020,010259971,2,1,0,18,19,5,1,0,0,1,0,0,0,0,1,1,6,6,1,21,5,-1,-1,-1,-1,5,E01004381,0,-1
2020430075275,2020,430075275,2,1,0,18,19,6,2,2,2,8,0,0,0,0,1,1,6,6,1,72,10,-1,-1,-1,-1,8,E01028742,0,-1
2020522000449,2020,522000449,2,9,0,18,19,8,2,0,0,6,0,0,0,0,0,1,6,6,2,75,10,-1,-1,-1,-1,-1,-1,0,-1
2020010230621,2020,010230621,1,97,0,99,99,9,9,99,99,9,9,99,9,99,1,1,6,6,3,-1,-1,-1,-1,-1,-1,-1,-1,0,-1
2020420946147,2020,420946147,3,9,0,2,2,0,0,0,0,0,0,4,0,0,2,1,6,6,3,-1,-1,-1,-1,-1,-1,-1,-1,0,-1
2020140955807,2020,140955807,2,9,0,18,19,4,8,0,0,0,0,0,0,0,0,1,6,6,3,-1,-1,-1,-1,-1,-1,-1,-1,0,-1
2020350979373,2020,350979373,1,1,0,18,19,5,1,0,0,0,0,0,0,0,1,1,6,6,1,47,8,-1,-1,-1,-1,2,E01015662,0,-1
2020010253356,2020,010253356,1,9,0,1,1,5,1,0,0,0,0,0,0,0,2,1,6,6,3,-1,-1,-1,-1,-1,-1,-1,-1,0,-1
2020030948498,2020,030948498,2,1,0,18,19,5,1,0,0,0,0,0,0,0,1,1,6,6,1,53,8,-1,-1,-1,-1,6,E01019336,0,-1
2020010260119,2020,010260119,2,9,0,18,19,3,7,0,0,8,0,0,0,0,4,1,6,6,3,-1,-1,-1,-1,-1,-1,-1,-1,0,-1
2020460985545,2020,460985545,1,9,0,18,19,1,5,0,0,0,0,0,0,0,1,1,6,6,3,-1,-1,-1,-1,-1,-1,-1,-1,0,-1
2020010251897,2020,010251897,2,9,9,99,99,9,9,99,99,1,9,99,9,99,9,1,6,6,3,-1,-1,-1,-1,-1,-1,-1,-1,0,-1
2020010246820,2020,010246820,1,1,9,99,99,9,9,99,99,9,9,99,9,99,9,-1,6,6,1,46,8,-1,-1,-1,-1,7,E01000314,0,-1
2020100925841,2020,100925841,2,9,0,18,19,3,7,0,0,3,0,0,0,0,2,1,1,1,1,27,6,-1,-1,-1,-1,1,E01008545,0,-1
2020440480127,2020,440480127,2,9,0,5,5,0,1,0,0,2,0,0,0,0,0,1,6,6,3,-1,-1,-1,-1,-1,-1,-1,-1,0,-1
202006N166933,2020,06N166933,1,9,0,18,19,5,1,0,0,1,0,0,0,0,4,1,6,6,3,-1,-1,-1,-1,-1,-1,-1,-1,0,-1
2020440430542,2020,440430542,1,-1,0,18,19,2,6,0,0,4,0,0,0,0,3,1,6,6,1,20,4,-1,-1,-1,-1,3,E01017079,1,-1
2020350956923,2020,350956923,1,97,0,3,3,5,3,0,0,1,0,0,0,0,1,1,6,6,1,15,3,-1,-1,-1,-1,6,E01015653,0,-1
2020140996990,2020,140996990,1,9,0,-1,-1,-1,-1,9,9,6,0,10,0,0,-1,1,6,6,3,-1,-1,-1,-1,-1,-1,-1,-1,0,-1
2020340D06522,2020,340D06522,2,9,0,16,19,3,7,0,0,0,0,0,0,0,0,1,6,6,3,-1,-1,-1,-1,-1,-1,-1,-1,0,-1
2020010277876,2020,010277876,1,9,0,99,99,9,9,99,99,0,9,99,9,99,9,1,6,6,1,41,7,-1,-1,-1,-1,3,E01001789,0,-1
2020350925143,2020,350925143,1,1,0,18,19,3,7,0,0,0,0,0,0,0,1,1,5,6,1,14,3,-1,-1,-1,-1,8,E01017992,0,-1
202060Y091072,2020,60Y091072,1,3,0,18,19,5,2,0,0,1,2,0,1,0,0,1,6,6,1,19,4,-1,-1,-1,-1,-1,-1,0,-1
2020421014190,2020,421014190,2,-1,0,18,19,3,7,0,0,0,2,0,0,0,2,1,6,6,1,26,6,-1,-1,-1,-1,1,E01015841,1,-1
2020010228989,2020,010228989,1,9,0,18,19,8,4,0,0,0,5,0,1,3,1,1,6,6,1,20,4,-1,-1,-1,-1,-1,-1,0,-1
2020211029988,2020,211029988,3,9,0,3,3,5,1,0,0,1,0,0,0,0,2,1,6,6,1,-1,-1,-1,-1,-1,-1,1,E01033650,0,-1
2020470982995,2020,470982995,2,9,0,2,2,0,0,0,0,2,0,0,0,0,3,1,6,6,3,-1,-1,-1,-1,-1,-1,-1,-1,0,-1
2020450959696,2020,450959696,1,1,0,18,19,1,5,0,0,4,0,0,1,0,0,1,5,6,1,53,8,-1,-1,-1,-1,8,E01030544,0,-1
2020440022661,2020,440022661,1,9,0,5,5,2,6,9,9,8,0,0,0,0,3,1,6,6,3,-1,-1,-1,-1,-1,-1,-1,-1,0,-1
2020040992777,2020,040992777,2,98,0,2,2,0,0,0,0,0,0,0,0,0,1,1,6,6,3,-1,-1,-1,-1,-1,-1,-1,-1,0,-1
2020010275666,2020,010275666,2,1,0,18,19,7,3,0,0,5,0,0,0,0,3,1,6,6,1,21,5,-1,-1,-1,-1,3,E01003536,0,-1
2020400961542,2020,400961542,2,1,0,18,19,3,7,0,0,0,0,0,0,0,2,1,6,6,1,27,6,-1,-1,-1,-1,7,E01033192,0,-1
2020010279106,2020,010279106,1,20,0,18,19,5,1,0,0,9,0,0,0,0,9,1,6,6,3,-1,-1,-1,-1,-1,-1,-1,-1,0,-1
2020470964870,2020,470964870,2,-1,0,18,19,7,3,9,9,1,0,0,0,0,1,1,6,6,1,-1,-1,-1,-1,-1,-1,-1,-1,1,-1
2020471011136,2020,471011136,2,1,0,18,19,1,5,0,0,0,0,0,1,0,3,1,5,6,1,73,10,-1,-1,-1,-1,3,E01031783,0,-1
2020410977693,2020,410977693,2,1,0,18,19,7,3,0,0,4,0,0,0,0,1,1,6,6,2,29,6,-1,-1,-1,-1,6,E01023720,0,-1
2020370941387,2020,370941387,1,1,0,18,19,1,1,0,0,2,0,0,0,0,1,1,2,2,1,53,8,-1,-1,-1,-1,4,E01033128,0,-1
2020010261750,2020,010261750,3,9,0,18,19,5,1,0,0,1,0,0,1,0,4,1,6,6,3,-1,-1,-1,-1,-1,-1,-1,-1,0,-1
2020610030520,2020,610030520,1,9,0,13,13,4,1,0,0,0,0,0,0,0,4,1,6,6,1,54,8,-1,-1,-1,-1,-1,-1,0,-1
2020010240123,2020,010240123,1,9,0,99,99,9,9,99,99,9,9,99,9,99,1,9,6,6,3,-1,-1,-1,-1,-1,-1,-1,-1,0,-1
202060Y125484,2020,60Y125484,1,9,0,18,19,4,8,0,0,0,0,0,0,0,4,1,6,6,1,65,9,-1,-1,-1,-1,-1,-1,0,-1
2020340N09092,2020,340N09092,2,1,0,17,19,5,1,0,0,8,0,0,0,0,4,1,6,6,1,23,5,-1,-1,-1,-1,9,E01027167,0,-1
2020140992001,2020,140992001,2,9,0,2,2,1,5,0,0,2,0,0,0,0,3,1,6,6,3,-1,-1,-1,-1,-1,-1,-1,-1,0,-1
2020549547020,2020,549547020,1,9,0,1,1,5,1,0,0,0,0,0,0,0,2,1,6,6,1,30,6,-1,-1,-1,-1,10,E01031934,0,-1
2020450937483,2020,450937483,2,9,0,18,19,5,1,0,0,4,0,0,0,0,1,1,6,6,3,55,8,-1,-1,-1,-1,7,E01016236,0,-1
2020370975317,2020,370975317,2,9,0,2,2,0,0,0,0,0,0,0,0,0,2,1,6,6,3,-1,-1,-1,-1,-1,-1,-1,-1,0,-1
2020332000937,2020,332000937,2,1,0,9,9,2,8,0,0,6,0,0,0,0,1,1,6,6,2,56,9,-1,-1,-1,-1,4,E01013635,0,-1
2020470980683,2020,470980683,2,1,0,5,5,3,7,0,0,1,0,0,0,0,3,1,6,6,2,33,6,-1,-1,-1,-1,7,E01031357,0,-1
2020010252391,2020,010252391,1,1,0,14,14,7,3,0,0,2,0,0,0,0,1,1,6,6,2,-1,-1,-1,-1,-1,-1,-1,-1,0,-1
2020160918084,2020,160918084,1,9,0,7,7,5,3,0,0,8,0,0,0,0,3,1,6,6,3,40,7,-1,-1,-1,-1,-1,-1,0,-1
2020320259925,2020,320259925,1,9,0,18,19,7,3,0,0,0,0,0,1,9,1,1,6,6,1,60,9,-1,-1,-1,-1,6,E01012941,0,-1
2020010252313,2020,010252313,2,23,0,18,19,7,3,0,0,1,0,0,0,0,3,1,2,2,1,18,4,-1,-1,-1,-1,4,E01002603,0,-1
2020500955612,2020,500955612,1,9,0,4,4,1,5,0,0,6,0,0,0,0,1,1,6,6,1,67,10,-1,-1,-1,-1,6,E01020178,0,-1
2020100986714,2020,100986714,1,9,0,18,19,1,2,0,0,1,0,0,0,0,1,1,1,1,2,24,5,-1,-1,-1,-1,-1,-1,0,-1
2020360975606,2020,360975606,1,9,0,18,19,1,5,0,0,0,0,0,0,0,1,1,5,6,1,21,5,-1,-1,-1,-1,8,E01026532,0,-1
2020990956732,2020,990956732,2,1,0,5,5,2,6,0,0,0,0,0,0,0,2,1,6,6,1,14,3,-1,-1,-1,-1,7,-1,0,-1
2020430163533,2020,430163533,2,1,0,13,13,3,7,0,0,1,0,0,0,0,3,1,6,6,2,56,9,-1,-1,-1,-1,10,E01028669,0,-1
2020460923331,2020,460923331,3,9,0,2,2,0,0,9,9,0,0,0,7,0,2,1,6,6,3,-1,-1,-1,-1,-1,-1,-1,-1,0,-1
202031B054020,2020,31B054020,1,9,0,18,19,6,2,0,0,0,0,0,0,0,1,1,6,6,3,-1,-1,-1,-1,-1,-1,-1,-1,0,-1
2020430039527,2020,430039527,2,1,0,18,19,8,4,0,0,0,0,0,0,0,2,1,6,6,1,31,6,-1,-1,-1,-1,7,E01028497,0,-1
2020421015666,2020,421015666,1,9,0,15,15,2,6,0,0,2,0,0,0,0,4,1,6,6,3,-1,-1,-1,-1,-1,-1,-1,-1,0,-1
2020010281096,2020,010281096,2,1,0,18,19,7,3,0,0,1,0,0,0,0,9,1,6,6,1,29,6,-1,-1,-1,-1,4,E01003029,0,-1
2020320476943,2020,320476943,1,9,0,18,19,1,5,8,6,2,5,0,0,0,1,1,6,6,2,83,11,-1,-1,-1,-1,-1,-1,0,-1
2020010234697,2020,010234697,1,8,0,99,99,9,9,99,99,1,9,99,9,99,1,9,6,6,3,-1,-1,-1,-1,-1,-1,-1,-1,0,-1
2020052000211,2020,052000211,1,8,0,5,5,4,8,0,0,0,0,0,0,0,0,1,1,1,3,-1,-1,-1,-1,-1,-1,-1,-1,0,-1
2020430109629,2020,430109629,1,20,0,17,19,5,1,0,0,0,2,0,0,7,1,2,1,1,1,49,8,-1,-1,-1,-1,-1,-1,0,-1
2020501001846,2020,501001846,2,1,0,17,19,3,8,0,0,1,0,0,0,0,3,1,6,6,1,40,7,-1,-1,-1,-1,7,E01018795,0,-1
2020052000307,2020,052000307,1,9,0,18,19,7,3,0,0,0,0,0,0,0,1,1,6,6,3,-1,-1,-1,-1,-1,-1,-1,-1,0,-1
2020450993670,2020,450993670,1,1,0,18,19,1,1,0,0,0,0,0,0,0,4,1,6,6,1,13,3,-1,-1,-1,-1,10,E01030341,0,-1
2020530994339,2020,530994339,1,9,4,9,9,1,7,0,0,8,0,0,0,0,0,1,1,1,1,64,9,-1,-1,-1,-1,7,E01022206,0,-1
2020522003312,2020,522003312,1,9,0,18,19,5,1,0,0,0,0,0,0,0,1,1,6,6,1,32,6,-1,-1,-1,-1,7,E01010163,0,-1
2020010273900,2020,010273900,1,9,0,99,99,9,9,0,0,0,9,0,9,0,1,1,6,6,3,-1,-1,-1,-1,-1,-1,-1,-1,0,-1
2020430191529,2020,430191529,2,1,0,18,19,4,7,0,0,8,0,0,0,0,0,1,6,6,1,-1,-1,-1,-1,-1,-1,7,E01016820,0,-1
2020500948683,2020,500948683,2,9,0,18,19,3,7,0,0,8,0,0,0,0,1,1,5,6,1,40,7,-1,-1,-1,-1,7,E01032628,0,-1
2020450972606,2020,450972606,1,9,0,4,4,1,5,0,0,0,0,0,0,0,1,1,6,6,3,51,8,-1,-1,-1,-1,-1,-1,0,-1
2020160997672,2020,160997672,2,1,0,18,19,5,1,0,0,1,0,0,0,0,2,1,6,6,1,12,3,-1,-1,-1,-1,10,E01013111,0,-1
2020010255480,2020,010255480,2,9,0,99,99,9,9,99,99,9,9,99,9,99,9,9,6,6,3,-1,-1,-1,-1,-1,-1,-1,-1,0,-1
2020200998694,2020,200998694,1,9,0,18,19,8,4,0,0,2,0,0,0,0,1,1,6,6,1,-1,-1,-1,-1,-1,-1,-1,-1,0,-1
2020122000639,2020,122000639,3,9,0,2,2,0,0,0,0,2,0,0,0,0,2,1,6,6,1,30,6,-1,-1,-1,-1,5,E01027630,0,-1
2020410963027,2020,410963027,1,1,0,18,19,1,5,5,5,0,0,0,0,0,2,1,5,6,1,18,4,-1,-1,-1,-1,3,E01023793,0,-1
2020137650540,2020,137650540,2,1,0,18,19,7,2,4,4,0,0,0,0,0,2,1,6,6,1,48,8,-1,-1,-1,-1,7,E01011416,0,-1
2020410923498,2020,410923498,2,9,0,18,19,3,7,0,0,0,0,0,7,0,4,1,5,6,2,65,9,-1,-1,-1,-1,5,E01023402,0,-1
202006K267152,2020,06K267152,1,9,0,17,19,1,6,0,0,0,1,11,1,9,1,1,6,6,1,18,4,-1,-1,-1,-1,1,E01004927,0,-1
2020040973281,2020,040973281,2,1,0,18,19,1,5,0,0,0,0,0,0,0,0,1,5,6,2,14,3,-1,-1,-1,-1,9,E01025436,0,-1