collision_index,collision_year,collision_ref_no,vehicle_reference,vehicle_type,towing_and_articulation,vehicle_manoeuvre_historic,vehicle_manoeuvre,vehicle_direction_from,vehicle_direction_to,vehicle_location_restricted_lane_historic,vehicle_location_restricted_lane,junction_location,skidding_and_overturning,hit_object_in_carriageway,vehicle_leaving_carriageway,hit_object_off_carriageway,first_point_of_impact,vehicle_left_hand_drive,journey_purpose_of_driver_historic,journey_purpose_of_driver,sex_of_driver,age_of_driver,age_band_of_driver,engine_capacity_cc,propulsion_code,age_of_vehicle,generic_make_model,driver_imd_decile,lsoa_of_driver,escooter_flag,driver_distance_banding
2020470931465,2020,470931465,2,98,0,2,2,0,0,0,0,0,0,0,0,0,0,1,6,6,3,-1,-1,-1,-1,-1,-1,-1,-1,0,-1
2020220950025,2020,220950025,1,1,0,9,9,2,7,0,0,5,0,0,0,0,3,1,5,6,1,48,8,-1,-1,-1,-1,10,E01028972,0,-1
202031B015320,2020,31B015320,2,1,0,18,19,7,3,0,0,0,0,10,0,0,1,1,1,1,2,24,5,-1,-1,-1,-1,4,E01028335,0,-1
2020332000743,2020,332000743,1,9,0,18,19,6,2,0,0,8,0,0,0,0,1,1,6,6,1,64,9,-1,-1,-1,-1,2,E01013625,0,-1
202006G167083,2020,06G167083,3,9,3,2,2,0,0,0,0,0,0,0,0,0,3,1,6,6,1,30,6,-1,-1,-1,-1,-1,-1,0,-1
2020160930107,2020,160930107,2,1,0,18,19,1,5,0,0,1,0,0,0,0,3,1,2,2,1,55,8,-1,-1,-1,-1,8,E01013262,0,-1
2020010279488,2020,010279488,3,1,0,18,19,3,7,0,0,8,0,0,0,0,2,1,2,2,1,35,6,-1,-1,-1,-1,1,E01001426,0,-1
2020010262349,2020,010262349,1,9,0,99,99,9,9,99,99,9,9,99,9,99,9,9,6,6,3,-1,-1,-1,-1,-1,-1,-1,-1,0,-1
2020010237786,2020,010237786,2,19,0,11,11,9,9,0,0,0,9,0,0,99,4,9,6,6,1,-1,-1,-1,-1,-1,-1,-1,-1,0,-1
2020010261707,2020,010261707,2,1,0,18,19,5,1,0,0,0,0,0,0,0,2,1,6,6,2,44,7,-1,-1,-1,-1,1,E01003045,0,-1
2020622000230,2020,622000230,2,90,0,18,19,3,7,0,0,0,0,0,0,0,4,1,6,6,3,-1,-1,-1,-1,-1,-1,-1,-1,0,-1
2020440190726,2020,440190726,2,19,0,9,9,4,3,0,0,8,0,0,0,0,4,1,6,6,1,32,6,-1,-1,-1,-1,3,E01017099,0,-1
2020010278851,2020,010278851,2,98,9,99,99,9,9,99,99,1,9,99,9,99,1,9,6,6,1,42,7,-1,-1,-1,-1,5,E01023201,0,-1
2020400948208,2020,400948208,2,1,0,18,19,5,4,0,0,2,5,0,0,0,4,1,5,6,1,52,8,-1,-1,-1,-1,7,E01017416,0,-1
2020010260556,2020,010260556,2,1,0,5,5,5,1,0,0,1,0,0,1,0,1,1,6,6,2,31,6,-1,-1,-1,-1,9,E01003383,0,-1
202060Y176396,2020,60Y176396,1,9,0,18,19,8,4,0,0,4,0,10,0,0,1,1,6,6,2,25,5,-1,-1,-1,-1,-1,-1,0,-1
2020220937296,2020,220937296,2,16,0,4,4,2,6,0,0,0,0,0,0,0,3,1,5,6,2,31,6,-1,-1,-1,-1,4,E01032432,0,-1
2020460984552,2020,460984552,1,9,0,17,19,1,5,0,0,1,0,0,0,0,1,1,5,6,2,41,7,-1,-1,-1,-1,4,E01016177,0,-1
2020332000804,2020,332000804,1,9,0,18,19,4,8,0,0,0,5,0,0,0,1,1,6,6,1,79,11,-1,-1,-1,-1,8,E01025760,0,-1
2020547694920,2020,547694920,2,9,0,13,13,1,5,0,0,0,0,7,0,0,4,1,2,2,1,49,8,-1,-1,-1,-1,8,E01032044,0,-1
2020622000228,2020,622000228,2,1,0,18,19,8,4,0,0,1,0,0,0,0,1,1,6,6,2,51,8,-1,-1,-1,-1,1,W01001876,0,-1
2020220997202,2020,220997202,2,1,0,18,19,4,8,0,0,3,0,0,0,0,4,1,2,2,1,40,7,-1,-1,-1,-1,10,E01014091,0,-1
2020200989857,2020,200989857,1,98,0,4,4,1,5,0,0,0,0,0,0,0,4,1,1,1,1,41,7,-1,-1,-1,-1,3,E01009145,0,-1
2020010279690,2020,010279690,2,1,0,18,19,5,1,0,0,0,0,0,0,0,4,1,2,2,1,52,8,-1,-1,-1,-1,2,E01001833,0,-1
2020430296163,2020,430296163,1,4,0,18,19,8,4,0,0,0,1,0,0,0,3,1,6,6,1,26,6,-1,-1,-1,-1,4,E01016673,0,-1
2020122000345,2020,122000345,2,1,0,18,19,2,6,0,0,1,0,0,0,0,3,1,6,6,2,26,6,-1,-1,-1,-1,5,E01033070,0,-1
2020201004156,2020,201004156,1,8,0,3,3,8,4,0,0,1,0,0,0,0,2,1,2,2,3,-1,-1,-1,-1,-1,-1,-1,-1,0,-1
2020010233716,2020,010233716,2,8,0,99,99,9,9,99,99,8,9,99,9,99,1,9,6,6,3,-1,-1,-1,-1,-1,-1,-1,-1,0,-1
2020010238669,2020,010238669,2,1,0,14,14,1,5,0,0,0,0,0,0,0,1,1,1,1,2,36,7,-1,-1,-1,-1,1,E01003087,0,-1
2020520002584,2020,520002584,1,9,0,18,19,2,6,0,0,0,0,0,0,0,3,1,6,6,3,30,6,-1,-1,-1,-1,-1,-1,0,-1
2020430033407,2020,430033407,2,1,0,18,19,1,5,5,5,8,0,0,0,10,0,1,2,2,2,60,9,-1,-1,-1,-1,10,E01028788,0,-1
2020230985796,2020,230985796,2,1,0,18,19,6,2,0,0,8,0,0,0,0,3,1,4,7,1,12,3,-1,-1,-1,-1,10,E01031313,0,-1
2020332000341,2020,332000341,1,9,0,18,19,2,6,0,0,0,0,0,0,0,1,1,6,6,1,43,7,-1,-1,-1,-1,4,E01025843,0,-1
2020470975923,2020,470975923,1,9,0,17,19,4,1,0,0,0,0,0,0,0,1,1,1,1,1,52,8,-1,-1,-1,-1,7,E01000361,0,-1
2020461008770,2020,461008770,1,9,0,9,9,3,1,0,0,8,0,0,0,0,1,1,5,6,1,-1,-1,-1,-1,-1,-1,-1,-1,0,-1
2020530945366,2020,530945366,1,1,0,18,19,5,1,0,0,2,0,0,0,0,1,1,5,6,1,22,5,-1,-1,-1,-1,-1,-1,0,-1
2020471010168,2020,471010168,3,20,0,2,2,0,0,0,0,2,0,0,0,0,2,1,6,6,3,-1,-1,-1,-1,-1,-1,-1,-1,0,-1
2020440099025,2020,440099025,2,1,0,18,19,4,8,0,0,1,0,0,0,0,3,1,6,6,2,54,8,-1,-1,-1,-1,6,E01023075,0,-1
2020451000364,2020,451000364,2,1,0,18,19,1,5,0,0,1,0,0,0,0,1,1,2,2,1,29,6,-1,-1,-1,-1,10,E01030454,0,-1
2020460922987,2020,460922987,1,9,0,18,19,7,3,0,0,0,0,0,1,1,1,1,2,2,1,42,7,-1,-1,-1,-1,6,E01024065,0,-1
2020430048765,2020,430048765,2,9,0,18,19,3,7,0,0,3,0,0,0,0,4,1,1,1,2,50,8,-1,-1,-1,-1,8,E01028623,0,-1
2020332000902,2020,332000902,1,9,0,4,4,4,8,0,0,2,0,0,0,0,2,1,2,2,1,27,6,-1,-1,-1,-1,2,E01013716,0,-1
2020552001029,2020,552001029,2,1,0,18,19,3,8,0,0,8,0,0,0,0,1,1,6,6,2,49,8,-1,-1,-1,-1,6,E01015331,0,-1
2020041028218,2020,041028218,1,9,0,18,19,5,1,0,0,0,0,0,1,0,1,1,6,6,3,-1,-1,-1,-1,-1,-1,-1,-1,0,-1
2020432004071,2020,432004071,2,9,0,18,19,1,5,0,0,0,0,0,0,0,3,1,6,6,1,47,8,-1,-1,-1,-1,3,E01009049,0,-1
2020332000336,2020,332000336,2,9,0,4,4,6,2,0,0,0,0,0,0,0,2,1,6,6,2,26,6,-1,-1,-1,-1,4,E01013662,0,-1
2020990970453,2020,990970453,2,1,0,18,19,5,1,0,0,8,0,0,0,0,1,1,5,6,1,31,6,-1,-1,-1,-1,3,-1,0,-1
2020470992317,2020,470992317,2,1,0,18,19,5,1,0,0,1,0,0,0,0,1,1,5,6,1,22,5,-1,-1,-1,-1,9,E01031489,0,-1
2020522003428,2020,522003428,1,1,0,18,19,2,6,0,0,0,0,0,0,0,1,1,6,6,2,27,6,-1,-1,-1,-1,2,E01033361,0,-1
2020531021072,2020,531021072,2,9,-1,18,19,-1,-1,0,0,0,0,0,0,0,4,1,6,6,1,40,7,-1,-1,-1,-1,-1,-1,0,-1
2020010234815,2020,010234815,2,9,9,99,99,9,9,99,99,9,9,99,9,99,9,1,6,6,3,-1,-1,-1,-1,-1,-1,-1,-1,0,-1
2020440258950,2020,440258950,1,9,0,17,19,8,4,0,0,8,5,10,1,2,1,1,3,7,2,46,8,-1,-1,-1,-1,4,E01022482,0,-1
2020302000298,2020,302000298,1,9,0,7,7,1,4,0,0,1,0,0,0,0,1,1,6,6,3,-1,-1,-1,-1,-1,-1,-1,-1,0,-1
202060Y152517,2020,60Y152517,2,98,0,4,4,8,4,0,0,1,0,0,0,0,2,1,1,1,1,37,7,-1,-1,-1,-1,-1,-1,0,-1
2020010269339,2020,010269339,1,1,0,13,13,7,3,0,0,1,2,0,0,0,3,1,6,6,1,56,9,-1,-1,-1,-1,-1,-1,0,-1
2020010260595,2020,010260595,1,-1,0,18,19,4,8,0,0,0,0,0,0,0,3,1,6,6,1,19,4,-1,-1,-1,-1,1,E01001839,1,-1
2020522001156,2020,522001156,2,1,0,18,19,7,3,9,9,1,0,0,0,0,1,1,6,6,1,13,3,-1,-1,-1,-1,-1,-1,0,-1
202063D036520,2020,63D036520,1,1,0,18,19,5,1,0,0,0,0,12,0,0,1,1,6,6,1,45,7,-1,-1,-1,-1,6,W01000889,0,-1
2020500953334,2020,500953334,1,90,0,18,19,5,1,0,0,0,0,0,0,0,4,1,6,6,3,-1,-1,-1,-1,-1,-1,-1,-1,0,-1
2020400960538,2020,400960538,1,9,0,18,19,5,1,0,0,0,0,0,0,0,1,1,5,6,1,22,5,-1,-1,-1,-1,5,E01023537,0,-1
2020451006818,2020,451006818,2,9,0,3,3,8,4,0,0,0,0,0,0,0,2,1,6,6,3,50,8,-1,-1,-1,-1,-1,-1,0,-1
2020530955057,2020,530955057,2,9,0,18,19,-1,-1,-1,-1,0,-1,-1,-1,0,1,1,6,6,1,-1,-1,-1,-1,-1,-1,-1,-1,0,-1
2020332000946,2020,332000946,1,9,0,18,19,3,7,0,0,0,0,0,0,0,1,1,6,6,1,19,4,-1,-1,-1,-1,8,E01025626,0,-1
2020552100123,2020,552100123,1,8,0,18,19,4,8,0,0,0,0,0,0,0,1,1,6,6,3,-1,-1,-1,-1,-1,-1,-1,-1,0,-1
2020430154935,2020,430154935,1,9,0,18,19,3,7,0,0,0,0,0,0,0,1,1,1,1,1,35,6,-1,-1,-1,-1,7,E01016365,0,-1
2020010275122,2020,010275122,1,1,9,99,99,9,9,99,99,9,9,99,9,99,9,1,6,6,1,17,4,-1,-1,-1,-1,10,E01002959,0,-1
2020501007773,2020,501007773,1,19,0,18,19,3,5,0,0,1,0,0,0,0,1,1,6,6,3,-1,-1,-1,-1,-1,-1,-1,-1,0,-1
2020340C06572,2020,340C06572,2,1,0,18,19,7,3,0,0,0,0,0,0,0,1,1,6,6,1,22,5,-1,-1,-1,-1,2,E01026951,0,-1
2020470928777,2020,470928777,2,1,0,18,19,3,7,0,0,4,0,0,0,0,4,1,6,6,1,29,6,-1,-1,-1,-1,7,E01016997,0,-1
2020010257906,2020,010257906,1,9,0,99,99,9,9,99,99,9,9,99,9,99,1,9,6,6,3,-1,-1,-1,-1,-1,-1,-1,-1,0,-1
2020140976591,2020,140976591,3,9,0,2,2,0,0,0,0,8,0,0,0,0,1,1,6,6,3,-1,-1,-1,-1,-1,-1,-1,-1,0,-1
2020010277852,2020,010277852,1,9,0,99,99,9,9,99,99,0,9,99,9,99,4,9,2,2,1,40,7,-1,-1,-1,-1,1,E01003207,0,-1
2020010249638,2020,010249638,1,9,0,9,9,7,5,0,0,5,0,0,0,0,4,1,6,6,1,67,10,-1,-1,-1,-1,2,E01002832,0,-1
2020030959317,2020,030959317,2,16,0,18,19,3,7,0,0,0,0,0,0,0,1,1,6,6,1,8,2,-1,-1,-1,-1,8,E01019312,0,-1
2020522002546,2020,522002546,1,1,0,18,19,4,6,0,0,1,0,0,0,0,2,1,6,6,2,27,6,-1,-1,-1,-1,7,E01014491,0,-1
2020430003134,2020,430003134,2,9,0,1,1,7,3,0,0,2,0,0,0,0,2,1,6,6,2,-1,-1,-1,-1,-1,-1,-1,-1,0,-1
2020040995431,2020,040995431,1,9,0,9,9,7,5,0,0,6,0,0,0,0,1,1,5,6,1,29,6,-1,-1,-1,-1,8,E01025519,0,-1
2020440011530,2020,440011530,1,1,0,18,19,7,3,0,0,0,0,0,0,0,3,1,6,6,1,60,9,-1,-1,-1,-1,7,E01023185,0,-1
2020010260438,2020,010260438,2,1,0,3,3,7,3,0,0,1,0,0,0,0,1,1,6,6,1,20,4,-1,-1,-1,-1,1,E01032575,0,-1
202006P376077,2020,06P376077,1,11,0,1,1,2,6,0,0,0,0,0,0,0,2,1,1,1,3,30,6,-1,-1,-1,-1,-1,-1,0,-1
2020440427583,2020,440427583,2,9,0,18,19,1,7,0,0,8,0,0,0,0,1,1,6,6,3,-1,-1,-1,-1,-1,-1,-1,-1,0,-1
2020170H10100,2020,170H10100,2,1,0,18,19,5,1,0,0,8,0,0,0,0,1,1,6,6,1,22,5,-1,-1,-1,-1,-1,-1,0,-1
2020140943674,2020,140943674,2,1,0,18,19,1,5,0,0,1,5,0,0,0,4,1,6,6,1,11,3,-1,-1,-1,-1,2,E01007717,0,-1
2020622000290,2020,622000290,1,1,0,18,19,2,6,0,0,1,0,0,0,0,3,1,6,6,1,25,5,-1,-1,-1,-1,9,W01000861,0,-1
2020137231039,2020,137231039,1,2,0,18,19,8,4,0,0,0,0,0,0,0,1,1,6,6,1,42,7,-1,-1,-1,-1,-1,-1,0,-1
2020070412304,2020,070412304,1,23,0,18,19,7,3,9,9,0,0,7,0,0,1,1,6,6,1,51,8,-1,-1,-1,-1,9,E01012493,0,-1
2020501015819,2020,501015819,1,9,0,17,19,1,5,0,0,1,2,10,0,0,2,1,1,1,1,24,5,-1,-1,-1,-1,2,E01015074,0,-1
2020010271800,2020,010271800,2,19,0,18,19,3,7,0,0,1,0,0,0,0,1,1,6,6,3,-1,-1,-1,-1,-1,-1,-1,-1,0,-1
2020140958521,2020,140958521,1,9,0,18,19,5,2,0,0,0,0,0,0,0,1,1,6,6,3,-1,-1,-1,-1,-1,-1,-1,-1,0,-1
2020220979971,2020,220979971,1,9,0,18,19,5,1,0,0,8,0,0,0,0,1,1,5,6,2,44,7,-1,-1,-1,-1,8,W01000458,0,-1
2020052001453,2020,052001453,1,1,0,9,9,6,4,0,0,1,0,0,0,0,2,1,6,6,1,35,6,-1,-1,-1,-1,7,E01007196,0,-1
20201373R0293,2020,1373R0293,1,1,0,18,19,7,3,0,0,0,0,12,0,0,1,1,6,6,1,55,8,-1,-1,-1,-1,8,E01011414,0,-1
2020990962313,2020,990962313,2,1,0,5,5,3,8,0,0,1,5,0,0,0,3,1,6,6,1,45,7,-1,-1,-1,-1,10,-1,0,-1
2020440193984,2020,440193984,2,9,0,18,19,1,5,0,0,0,0,0,0,0,4,1,6,6,3,-1,-1,-1,-1,-1,-1,-1,-1,0,-1
2020137891125,2020,137891125,2,9,0,7,7,7,3,0,0,3,0,0,0,0,4,1,6,6,3,-1,-1,-1,-1,-1,-1,-1,-1,0,-1
2020040940416,2020,040940416,1,9,0,18,19,0,1,0,0,2,0,0,0,0,1,1,6,6,3,-1,-1,-1,-1,-1,-1,-1,-1,0,-1
2020460992438,2020,460992438,1,9,0,18,19,-1,-1,0,0,1,0,0,0,0,1,1,6,6,3,-1,-1,-1,-1,-1,-1,-1,-1,0,-1
2020010276361,2020,010276361,2,1,0,18,19,7,3,0,0,8,0,0,0,0,1,1,1,1,1,39,7,-1,-1,-1,-1,3,E01032764,0,-1
2020450939372,2020,450939372,3,98,0,18,19,1,5,0,0,0,0,0,0,0,1,2,6,6,1,29,6,-1,-1,-1,-1,9,E01029422,0,-1
202063A066920,2020,63A066920,2,1,0,18,19,2,7,0,0,8,0,0,0,0,1,1,6,6,1,17,4,-1,-1,-1,-1,5,W01000643,0,-1
2020140951302,2020,140951302,4,9,0,2,2,5,1,0,0,2,0,0,0,0,3,1,6,6,3,-1,-1,-1,-1,-1,-1,-1,-1,0,-1
2020160929284,2020,160929284,1,23,0,10,10,6,4,0,0,1,1,0,0,0,1,1,4,7,1,16,4,-1,-1,-1,-1,1,E01012894,0,-1
2020332001170,2020,332001170,1,19,0,18,19,4,8,0,0,0,0,0,0,0,0,1,6,6,1,25,5,-1,-1,-1,-1,-1,-1,0,-1
2020430044328,2020,430044328,1,1,0,18,19,7,3,0,0,0,0,0,0,0,1,1,2,2,2,29,6,-1,-1,-1,-1,10,E01028487,0,-1
202006F175308,2020,06F175308,2,1,0,18,19,6,2,0,0,8,0,0,0,0,1,1,6,6,1,42,7,-1,-1,-1,-1,2,E01005732,0,-1
2020010287423,2020,010287423,1,9,0,99,99,9,9,99,99,0,9,99,9,99,1,9,6,6,2,37,7,-1,-1,-1,-1,9,E01000272,0,-1
2020450932810,2020,450932810,1,1,0,18,19,1,4,0,0,1,0,0,0,0,1,1,6,6,1,13,3,-1,-1,-1,-1,9,E01030334,0,-1
2020010284306,2020,010284306,1,4,0,18,19,6,2,0,0,0,0,0,0,0,0,1,1,1,1,30,6,-1,-1,-1,-1,5,E01003741,0,-1
2020411020815,2020,411020815,2,1,0,18,19,8,4,0,0,1,0,0,0,0,1,1,5,6,1,24,5,-1,-1,-1,-1,10,E01023817,0,-1
2020220973821,2020,220973821,1,1,0,18,19,7,3,0,0,0,0,4,0,0,1,1,5,6,1,52,8,-1,-1,-1,-1,9,E01006163,0,-1
2020010233590,2020,010233590,2,1,0,18,19,7,3,9,9,1,0,0,0,0,1,-1,6,6,1,34,6,-1,-1,-1,-1,3,E01002560,0,-1
2020450941933,2020,450941933,2,1,0,18,19,1,5,0,0,0,0,0,0,0,1,1,5,6,1,40,7,-1,-1,-1,-1,3,E01001238,0,-1
2020522003757,2020,522003757,1,9,0,4,4,4,8,0,0,8,1,0,0,0,1,1,6,6,1,35,6,-1,-1,-1,-1,8,E01014419,0,-1
2020211025730,2020,211025730,1,9,0,18,19,8,4,0,0,0,0,4,0,0,1,1,6,6,1,79,11,-1,-1,-1,-1,5,E01029658,0,-1
202006XE77104,2020,06XE77104,1,9,0,12,12,5,1,0,0,8,0,0,0,0,2,1,2,2,1,23,5,-1,-1,-1,-1,2,E01005720,0,-1
2020622100016,2020,622100016,2,-1,0,5,5,6,2,0,0,1,0,0,0,0,2,1,6,6,1,14,3,-1,-1,-1,-1,2,W01001885,1,-1
2020140915039,2020,140915039,2,9,0,2,2,0,0,0,0,0,0,0,0,0,3,1,6,6,3,-1,-1,-1,-1,-1,-1,-1,-1,0,-1
2020990962244,2020,990962244,1,9,0,13,13,3,7,0,0,0,0,0,0,0,4,1,6,6,3,70,10,-1,-1,-1,-1,-1,-1,0,-1
2020302000448,2020,302000448,3,9,0,18,19,2,6,0,0,1,0,0,0,0,0,1,6,6,3,-1,-1,-1,-1,-1,-1,5,E01019456,0,-1
2020420914655,2020,420914655,1,9,0,16,19,8,4,0,0,0,0,12,0,0,3,1,1,1,1,53,8,-1,-1,-1,-1,-1,-1,0,-1
202060Y182090,2020,60Y182090,2,9,0,2,2,0,0,0,0,1,0,0,0,0,2,1,6,6,3,-1,-1,-1,-1,-1,-1,-1,-1,0,-1
202060Y182718,2020,60Y182718,1,5,0,16,19,2,6,0,0,1,1,10,0,0,1,1,6,6,1,55,8,-1,-1,-1,-1,-1,-1,0,-1
2020010261776,2020,010261776,1,9,0,7,7,2,4,0,0,2,0,0,0,0,1,1,6,6,3,-1,-1,-1,-1,-1,-1,-1,-1,0,-1
2020010232359,2020,010232359,2,19,9,99,99,9,9,99,99,0,9,99,9,99,9,1,6,6,3,-1,-1,-1,-1,-1,-1,-1,-1,0,-1
2020470952434,2020,470952434,2,1,0,18,19,4,8,0,0,8,0,0,0,0,4,1,6,6,1,-1,-1,-1,-1,-1,-1,3,E01031555,0,-1
2020522004721,2020,522004721,1,1,0,2,2,0,0,0,0,1,0,0,0,0,1,1,6,6,1,28,6,-1,-1,-1,-1,2,E01014462,0,-1
2020010262987,2020,010262987,2,19,0,13,13,7,3,0,0,8,0,0,0,0,0,1,6,6,3,-1,-1,-1,-1,-1,-1,-1,-1,0,-1
2020440002758,2020,440002758,1,9,0,18,19,3,7,0,0,0,0,0,7,4,1,1,6,6,1,50,8,-1,-1,-1,-1,5,E01018923,0,-1
2020430158634,2020,430158634,5,9,0,2,2,0,0,0,0,0,0,0,0,0,3,1,6,6,3,-1,-1,-1,-1,-1,-1,-1,-1,0,-1
2020010260963,2020,010260963,1,9,0,18,19,1,5,0,0,1,0,0,0,0,3,1,6,6,2,20,4,-1,-1,-1,-1,-1,-1,0,-1
2020010265647,2020,010265647,1,9,0,5,5,1,5,0,0,8,0,0,0,0,1,1,6,6,3,-1,-1,-1,-1,-1,-1,-1,-1,0,-1
2020500989090,2020,500989090,1,9,0,18,19,2,6,0,0,0,0,0,0,0,4,1,6,6,3,-1,-1,-1,-1,-1,-1,-1,-1,0,-1
202060Y141779,2020,60Y141779,2,9,0,18,19,7,3,0,0,0,0,0,0,0,1,1,6,6,1,69,10,-1,-1,-1,-1,-1,-1,0,-1
2020010257759,2020,010257759,1,1,0,16,19,3,5,0,0,8,0,0,0,0,1,1,2,2,1,39,7,-1,-1,-1,-1,-1,-1,0,-1
2020200933803,2020,200933803,2,1,0,5,5,2,6,0,0,1,0,0,0,0,2,1,6,6,1,49,8,-1,-1,-1,-1,3,E01009282,0,-1
2020210960995,2020,210960995,2,9,0,13,13,3,7,0,0,0,0,0,0,0,0,1,1,1,1,35,6,-1,-1,-1,-1,-1,-1,0,-1
202063C010420,2020,63C010420,1,9,0,18,19,4,8,0,0,0,0,0,0,0,1,1,6,6,1,21,5,-1,-1,-1,-1,9,W01000619,0,-1
2020302001117,2020,302001117,2,1,0,18,19,8,4,0,0,0,0,10,0,0,0,1,6,6,1,57,9,-1,-1,-1,-1,8,E01019875,0,-1
2020450956797,2020,450956797,1,1,0,18,19,5,1,0,0,1,0,0,0,0,1,1,5,6,1,29,6,-1,-1,-1,-1,3,E01003035,0,-1
202060Y152713,2020,60Y152713,1,9,0,18,19,4,8,0,0,0,0,0,0,0,4,1,6,6,1,55,8,-1,-1,-1,-1,-1,-1,0,-1
2020052001800,2020,052001800,1,19,0,18,19,6,2,0,0,1,0,0,0,0,4,1,6,6,3,-1,-1,-1,-1,-1,-1,-1,-1,0,-1
2020010278937,2020,010278937,2,1,0,18,19,1,5,0,0,1,0,0,0,0,4,1,6,6,1,27,6,-1,-1,-1,-1,1,E01002907,0,-1
2020522100402,2020,522100402,2,1,0,18,19,8,4,0,0,1,0,0,0,0,1,1,6,6,1,49,8,-1,-1,-1,-1,9,E01014619,0,-1
202006K375658,2020,06K375658,2,9,0,18,19,3,7,0,0,8,0,0,0,0,1,1,2,2,1,23,5,-1,-1,-1,-1,1,E01004825,0,-1
2020552000983,2020,552000983,2,1,0,18,19,4,8,0,0,0,0,0,1,0,1,1,6,6,1,72,10,-1,-1,-1,-1,8,E01015447,0,-1
2020010251501,2020,010251501,2,1,0,12,12,1,5,0,0,1,0,0,0,0,2,-1,6,6,2,35,6,-1,-1,-1,-1,3,E01003214,0,-1
2020320064523,2020,320064523,1,9,0,18,19,5,1,0,0,1,0,0,0,0,1,1,1,1,2,61,9,-1,-1,-1,-1,6,E01030041,0,-1
2020140952896,2020,140952896,2,1,0,18,19,6,3,0,0,1,0,0,0,0,1,1,5,6,1,-1,-1,-1,-1,-1,-1,1,E01007944,0,-1
2020122000474,2020,122000474,2,1,0,18,19,7,3,0,0,3,1,0,0,0,2,1,4,7,2,53,8,-1,-1,-1,-1,10,E01027855,0,-1
2020440224343,2020,440224343,3,9,0,2,2,0,0,0,0,0,0,0,0,0,1,1,6,6,2,35,6,-1,-1,-1,-1,1,E01032882,0,-1
2020990920622,2020,990920622,2,1,0,15,15,4,1,0,0,8,0,0,0,0,1,1,6,6,1,18,4,-1,-1,-1,-1,-1,-1,0,-1
2020010252959,2020,010252959,2,1,0,18,19,1,5,0,0,0,0,0,0,0,1,1,6,6,1,39,7,-1,-1,-1,-1,6,E01003163,0,-1
2020470974667,2020,470974667,2,1,0,18,19,7,3,0,0,8,0,0,0,0,1,1,5,6,2,47,8,-1,-1,-1,-1,5,E01016990,0,-1
2020320075212,2020,320075212,1,9,0,18,19,5,1,0,0,0,0,0,0,0,0,1,6,6,3,40,7,-1,-1,-1,-1,-1,-1,0,-1
2020470952762,2020,470952762,2,1,0,18,19,8,3,0,0,0,5,0,0,0,1,1,6,6,1,24,5,-1,-1,-1,-1,1,E01016947,0,-1
202060Y171104,2020,60Y171104,1,5,0,16,19,3,6,0,0,5,1,10,0,0,3,1,6,6,1,61,9,-1,-1,-1,-1,-1,-1,0,-1
2020302000286,2020,302000286,1,10,0,18,19,8,4,0,0,0,0,0,0,0,1,1,6,6,2,25,5,-1,-1,-1,-1,3,E01019777,0,-1
2020360944196,2020,360944196,1,98,0,1,1,5,1,0,0,0,0,0,0,0,2,1,6,6,1,-1,-1,-1,-1,-1,-1,-1,-1,0,-1
2020990979142,2020,990979142,1,1,0,18,19,3,6,5,5,1,0,0,0,0,1,1,2,2,1,30,6,-1,-1,-1,-1,9,-1,0,-1
2020350953417,2020,350953417,2,1,0,18,19,5,1,0,0,0,0,0,0,0,1,1,6,6,2,40,7,-1,-1,-1,-1,3,E01018180,0,-1
2020052000168,2020,052000168,2,1,0,18,19,4,8,0,0,8,0,0,0,0,3,1,2,2,1,51,8,-1,-1,-1,-1,2,E01006545,0,-1
2020010242437,2020,010242437,1,9,0,18,19,8,4,0,0,8,0,0,0,0,1,1,6,6,3,-1,-1,-1,-1,-1,-1,-1,-1,0,-1
2020010260661,2020,010260661,2,9,9,99,99,9,9,99,99,9,9,99,9,99,9,9,6,6,3,-1,-1,-1,-1,-1,-1,-1,-1,0,-1
2020170M21190,2020,170M21190,1,9,0,9,9,8,6,0,0,8,0,0,0,0,1,1,6,6,3,-1,-1,-1,-1,-1,-1,-1,-1,0,-1
2020332000841,2020,332000841,2,9,0,2,2,0,0,0,0,0,0,0,0,0,2,1,6,6,2,55,8,-1,-1,-1,-1,7,E01025654,0,-1
2020332000460,2020,332000460,4,19,0,2,2,0,0,0,0,0,0,0,0,0,2,1,6,6,3,-1,-1,-1,-1,-1,-1,5,E01025897,0,-1
2020010243508,2020,010243508,2,1,0,18,19,7,3,0,0,2,5,0,0,0,1,-1,6,6,1,34,6,-1,-1,-1,-1,4,E01004572,0,-1
2020610028720,2020,610028720,1,1,0,16,19,4,7,0,0,1,0,0,0,0,4,1,6,6,2,13,3,-1,-1,-1,-1,1,W01001459,0,-1
2020010247492,2020,010247492,1,1,9,99,99,9,9,99,99,9,9,99,9,99,2,1,6,6,2,17,4,-1,-1,-1,-1,6,E01004703,0,-1
2020420929660,2020,420929660,2,9,0,2,2,0,0,0,0,0,0,4,0,0,2,1,6,6,3,-1,-1,-1,-1,-1,-1,-1,-1,0,-1
2020450930351,2020,450930351,1,1,0,18,19,5,1,0,0,0,5,0,0,0,0,1,5,6,1,49,8,-1,-1,-1,-1,6,E01030667,0,-1
2020100980933,2020,100980933,2,1,0,18,19,5,1,0,0,1,0,0,0,0,1,1,6,6,1,51,8,-1,-1,-1,-1,8,E01020622,0,-1
2020230967481,2020,230967481,1,9,0,9,9,1,6,0,0,6,0,0,0,0,4,1,5,6,1,55,8,-1,-1,-1,-1,9,E01031039,0,-1
2020520003751,2020,520003751,1,9,0,18,19,5,1,0,0,0,0,0,0,0,2,1,6,6,1,43,7,-1,-1,-1,-1,8,E01033294,0,-1
20201371H0326,2020,1371H0326,2,1,0,18,19,5,3,0,0,0,0,0,0,0,1,1,6,6,1,72,10,-1,-1,-1,-1,5,E01011666,0,-1
2020230942352,2020,230942352,1,9,0,5,5,8,4,0,0,4,0,0,0,0,1,1,5,6,2,19,4,-1,-1,-1,-1,10,E01025836,0,-1
2020010233975,2020,010233975,2,9,9,99,99,9,9,99,99,0,9,99,9,99,9,1,6,6,3,-1,-1,-1,-1,-1,-1,-1,-1,0,-1