collision_index,collision_year,collision_ref_no,vehicle_reference,vehicle_type,towing_and_articulation,vehicle_manoeuvre_historic,vehicle_manoeuvre,vehicle_direction_from,vehicle_direction_to,vehicle_location_restricted_lane_historic,vehicle_location_restricted_lane,junction_location,skidding_and_overturning,hit_object_in_carriageway,vehicle_leaving_carriageway,hit_object_off_carriageway,first_point_of_impact,vehicle_left_hand_drive,journey_purpose_of_driver_historic,journey_purpose_of_driver,sex_of_driver,age_of_driver,age_band_of_driver,engine_capacity_cc,propulsion_code,age_of_vehicle,generic_make_model,driver_imd_decile,lsoa_of_driver,escooter_flag,driver_distance_banding
2020440218274,2020,440218274,1,1,0,18,19,7,3,0,0,0,0,0,0,0,3,1,6,6,1,15,3,-1,-1,-1,-1,5,E01023019,0,-1
2020500991673,2020,500991673,2,9,0,18,19,4,8,0,0,0,0,0,0,0,1,1,6,6,1,48,8,-1,-1,-1,-1,4,E01018892,0,-1
2020010285968,2020,010285968,2,1,0,18,19,5,1,0,0,2,0,0,0,0,1,1,2,2,1,42,7,-1,-1,-1,-1,2,E01001339,0,-1
2020100918264,2020,100918264,2,1,0,18,19,8,4,0,0,0,0,0,0,0,2,1,5,6,1,44,7,-1,-1,-1,-1,4,E01027525,0,-1
2020430338953,2020,430338953,2,9,0,18,19,6,2,0,0,0,0,0,0,0,2,1,6,6,1,17,4,-1,-1,-1,-1,2,E01028577,0,-1
2020010256726,2020,010256726,1,9,0,99,99,9,9,99,99,9,9,99,9,99,9,9,2,2,2,33,6,-1,-1,-1,-1,3,E01032730,0,-1
2020100948112,2020,100948112,2,1,-1,-1,-1,-1,-1,-1,-1,0,-1,-1,-1,0,-1,1,5,6,1,36,7,-1,-1,-1,-1,6,E01008577,0,-1
2020440455228,2020,440455228,1,1,0,14,14,2,6,0,0,1,0,8,0,0,1,1,6,6,1,25,5,-1,-1,-1,-1,1,E01017240,0,-1
2020040985321,2020,040985321,2,9,0,2,2,0,0,0,0,0,0,4,0,0,3,1,6,6,3,-1,-1,-1,-1,-1,-1,-1,-1,0,-1
2020302001295,2020,302001295,2,1,0,9,9,4,2,0,0,3,0,0,0,0,1,1,6,6,1,49,8,-1,-1,-1,-1,4,E01019645,0,-1
2020450952835,2020,450952835,1,9,0,3,3,2,6,0,0,0,0,0,0,0,2,1,1,1,1,45,7,-1,-1,-1,-1,3,E01023091,0,-1
2020430165521,2020,430165521,2,1,0,18,19,3,7,0,0,0,0,0,0,0,3,1,6,6,2,32,6,-1,-1,-1,-1,7,E01033511,0,-1
202006F271285,2020,06F271285,2,90,0,18,19,4,8,0,0,0,0,0,0,0,0,1,1,1,1,30,6,-1,-1,-1,-1,-1,-1,0,-1
2020430360544,2020,430360544,1,-1,0,18,19,6,2,0,0,1,0,0,0,0,1,1,2,2,1,21,5,-1,-1,-1,-1,6,E01016340,1,-1
2020010266661,2020,010266661,1,9,0,18,19,8,4,0,0,8,0,0,0,0,1,1,2,2,1,49,8,-1,-1,-1,-1,3,E01001640,0,-1
2020430274209,2020,430274209,2,9,0,9,9,6,4,0,0,5,0,0,0,0,3,1,6,6,1,-1,-1,-1,-1,-1,-1,-1,-1,0,-1
2020470959555,2020,470959555,2,9,0,2,2,0,0,6,6,1,0,0,0,0,2,1,6,6,3,-1,-1,-1,-1,-1,-1,-1,-1,0,-1
2020160953316,2020,160953316,1,9,0,18,19,1,5,0,0,0,0,0,0,0,1,1,6,6,1,39,7,-1,-1,-1,-1,7,E01013290,0,-1
2020340E02242,2020,340E02242,2,1,0,16,19,4,8,0,0,8,0,0,1,0,0,1,6,6,2,38,7,-1,-1,-1,-1,7,E01018128,0,-1
2020041006403,2020,041006403,1,9,0,13,13,5,1,0,0,0,0,0,1,0,1,1,2,2,1,36,7,-1,-1,-1,-1,1,E01025250,0,-1
2020440216341,2020,440216341,2,9,0,18,19,2,6,0,0,1,1,0,0,0,1,1,6,6,1,77,11,-1,-1,-1,-1,8,E01022703,0,-1
2020200990552,2020,200990552,1,9,0,18,19,6,2,0,0,1,0,10,1,11,1,1,6,6,3,30,6,-1,-1,-1,-1,-1,-1,0,-1
2020030929306,2020,030929306,1,21,1,18,19,7,3,0,0,1,0,0,0,0,1,1,1,1,1,31,6,-1,-1,-1,-1,-1,-1,0,-1
2020340S03562,2020,340S03562,2,1,0,18,19,5,1,0,0,8,2,0,0,0,2,1,6,6,1,46,8,-1,-1,-1,-1,6,E01032977,0,-1
2020552000956,2020,552000956,2,1,0,9,9,2,8,0,0,5,0,0,0,0,3,1,6,6,1,33,6,-1,-1,-1,-1,7,E01032641,0,-1
2020622000424,2020,622000424,2,1,0,18,19,7,3,0,0,0,0,0,0,0,1,1,6,6,1,11,3,-1,-1,-1,-1,7,W01000878,0,-1
20201375N1125,2020,1375N1125,3,1,0,18,19,4,8,0,0,0,0,0,0,0,1,1,6,6,1,41,7,-1,-1,-1,-1,3,E01011085,0,-1
2020531002821,2020,531002821,2,98,0,2,2,7,3,6,6,8,0,0,0,0,4,1,6,6,3,-1,-1,-1,-1,-1,-1,-1,-1,0,-1
202060Y139299,2020,60Y139299,1,5,0,16,19,7,2,0,0,0,5,0,0,0,4,1,6,6,1,49,8,-1,-1,-1,-1,-1,-1,0,-1
2020340E04062,2020,340E04062,3,9,0,2,2,0,0,0,0,0,0,0,0,0,0,1,6,6,3,-1,-1,-1,-1,-1,-1,-1,-1,0,-1
2020010253419,2020,010253419,2,1,0,18,19,5,1,5,5,1,0,0,0,0,4,1,4,7,2,16,4,-1,-1,-1,-1,8,E01004194,0,-1
2020201020415,2020,201020415,5,9,0,2,2,0,0,9,9,2,0,0,0,0,1,1,6,6,1,-1,-1,-1,-1,-1,-1,-1,-1,0,-1
2020440353183,2020,440353183,2,1,0,18,19,8,5,0,0,8,0,0,0,0,1,1,6,6,1,40,7,-1,-1,-1,-1,5,E01017113,0,-1
2020302000531,2020,302000531,3,16,0,18,19,6,2,0,0,0,0,0,0,0,0,1,6,6,3,-1,-1,-1,-1,-1,-1,-1,-1,0,-1
2020122100060,2020,122100060,1,9,0,18,19,2,6,0,0,0,0,0,0,0,1,1,6,6,2,37,7,-1,-1,-1,-1,6,E01027560,0,-1
2020160946200,2020,160946200,2,9,0,13,13,5,1,0,0,2,0,0,0,0,1,1,6,6,3,-1,-1,-1,-1,-1,-1,-1,-1,0,-1
2020410978736,2020,410978736,2,4,0,18,19,1,5,0,0,1,0,0,0,0,1,1,5,6,1,71,10,-1,-1,-1,-1,10,E01023567,0,-1
2020010277487,2020,010277487,2,4,0,13,13,5,1,0,0,0,0,0,0,0,1,1,6,6,1,20,4,-1,-1,-1,-1,3,E01033324,0,-1
2020302000434,2020,302000434,1,20,0,9,9,6,4,0,0,1,0,0,0,0,4,1,6,6,3,-1,-1,-1,-1,-1,-1,5,E01019456,0,-1
2020440333880,2020,440333880,1,9,0,7,7,7,8,0,0,8,0,0,0,0,1,1,6,6,3,-1,-1,-1,-1,-1,-1,-1,-1,0,-1
2020370957101,2020,370957101,3,1,0,18,19,3,3,9,9,0,2,0,0,0,1,1,5,6,2,33,6,-1,-1,-1,-1,2,E01029996,0,-1
2020520003084,2020,520003084,1,1,0,18,19,6,2,0,0,0,0,0,0,0,3,1,6,6,1,32,6,-1,-1,-1,-1,8,E01029092,0,-1
2020460989185,2020,460989185,3,21,0,18,19,1,5,0,0,2,0,0,0,0,3,1,5,6,1,54,8,-1,-1,-1,-1,2,E01026689,0,-1
2020990965477,2020,990965477,1,1,0,7,7,5,7,0,0,0,1,0,0,0,1,1,5,6,1,14,3,-1,-1,-1,-1,1,-1,0,-1
202060Y115937,2020,60Y115937,3,1,0,18,19,5,1,0,0,0,0,0,0,0,1,1,6,6,1,61,9,-1,-1,-1,-1,-1,-1,0,-1
2020332000494,2020,332000494,1,9,0,9,9,4,2,0,0,6,0,0,0,0,0,1,6,6,2,49,8,-1,-1,-1,-1,1,E01013725,0,-1
2020030943942,2020,030943942,1,9,0,18,19,3,7,0,0,0,0,0,0,0,1,1,6,6,1,36,7,-1,-1,-1,-1,7,E01019092,0,-1
2020010253099,2020,010253099,2,19,0,9,9,5,2,0,0,1,0,0,0,0,3,1,6,6,3,-1,-1,-1,-1,-1,-1,-1,-1,0,-1
202063A002720,2020,63A002720,1,19,0,9,9,6,4,0,0,6,0,0,0,0,1,1,6,6,3,-1,-1,-1,-1,-1,-1,-1,-1,0,-1
202006A175163,2020,06A175163,1,8,0,18,19,8,4,0,0,0,0,0,0,0,0,1,1,1,1,30,6,-1,-1,-1,-1,-1,-1,0,-1
2020122001207,2020,122001207,2,19,0,5,5,7,3,0,0,4,0,0,0,0,1,1,1,1,1,63,9,-1,-1,-1,-1,9,E01012965,0,-1
2020370953184,2020,370953184,1,1,0,18,19,5,1,0,0,0,0,4,0,0,1,1,5,6,2,34,6,-1,-1,-1,-1,1,E01026620,0,-1
202060Y024654,2020,60Y024654,2,9,0,18,19,4,8,0,0,0,0,0,0,0,2,1,6,6,2,53,8,-1,-1,-1,-1,-1,-1,0,-1
2020440196122,2020,440196122,1,9,0,18,19,7,3,0,0,0,1,0,0,0,1,1,2,2,1,53,8,-1,-1,-1,-1,2,E01022970,0,-1
2020140984770,2020,140984770,2,1,0,18,19,3,7,0,0,0,0,0,0,0,1,1,6,6,1,17,4,-1,-1,-1,-1,1,E01007450,0,-1
202006L272011,2020,06L272011,2,4,0,18,19,8,4,0,0,8,2,0,0,0,1,1,6,6,1,29,6,-1,-1,-1,-1,8,E01006383,0,-1
2020010266138,2020,010266138,1,8,9,99,99,9,9,99,99,9,9,0,0,0,4,9,1,1,3,-1,-1,-1,-1,-1,-1,-1,-1,0,-1
202031B051720,2020,31B051720,1,9,0,7,7,8,2,0,0,6,0,0,0,0,1,1,6,6,3,-1,-1,-1,-1,-1,-1,-1,-1,0,-1
2020140918074,2020,140918074,1,98,0,18,19,8,4,0,0,1,0,0,0,0,1,1,6,6,3,-1,-1,-1,-1,-1,-1,-1,-1,0,-1
2020140988918,2020,140988918,1,97,0,18,19,2,7,0,0,2,2,0,0,0,1,1,6,6,1,21,5,-1,-1,-1,-1,1,E01007547,0,-1
2020010231606,2020,010231606,1,1,9,99,99,9,9,99,99,9,9,99,9,99,9,1,2,2,2,32,6,-1,-1,-1,-1,3,E01003999,0,-1
202031B020420,2020,31B020420,2,1,0,14,14,6,2,0,0,0,0,0,0,0,1,1,6,6,1,53,8,-1,-1,-1,-1,9,E01026355,0,-1
2020471001651,2020,471001651,2,1,0,18,19,1,5,0,0,8,5,0,0,0,4,1,5,6,1,59,9,-1,-1,-1,-1,9,E01021124,0,-1
2020440411277,2020,440411277,1,1,0,18,19,8,4,0,0,0,0,0,0,0,1,1,2,2,1,23,5,-1,-1,-1,-1,1,E01017205,0,-1
2020201003100,2020,201003100,2,1,0,18,19,2,6,0,0,0,0,0,0,0,3,1,6,6,1,51,8,-1,-1,-1,-1,3,E01010092,0,-1
2020200947048,2020,200947048,1,9,0,1,1,-1,-1,0,0,0,0,0,0,0,2,1,6,6,1,-1,-1,-1,-1,-1,-1,-1,-1,0,-1
202060Y101599,2020,60Y101599,1,9,0,9,9,2,8,0,0,6,0,0,0,0,3,1,6,6,1,61,9,-1,-1,-1,-1,-1,-1,0,-1
2020230947052,2020,230947052,1,9,0,14,14,8,4,0,0,0,0,0,0,0,4,1,5,6,1,35,6,-1,-1,-1,-1,-1,-1,0,-1
2020160978007,2020,160978007,2,1,0,18,19,1,5,0,0,8,0,0,0,0,1,1,6,6,1,13,3,-1,-1,-1,-1,8,E01013005,0,-1
2020010261898,2020,010261898,1,1,9,99,99,9,9,99,99,9,9,99,9,99,1,1,6,6,1,37,7,-1,-1,-1,-1,3,E01032743,0,-1
2020430290584,2020,430290584,1,1,0,18,19,1,5,5,5,1,0,0,0,0,1,1,1,1,1,25,5,-1,-1,-1,-1,8,E01028571,0,-1
2020030964059,2020,030964059,2,1,0,18,19,5,1,0,0,0,0,0,1,0,0,1,6,6,1,66,10,-1,-1,-1,-1,4,E01019186,0,-1
2020010274955,2020,010274955,1,9,0,9,9,3,8,0,0,1,0,0,0,0,1,1,6,6,3,-1,-1,-1,-1,-1,-1,-1,-1,0,-1
2020410977367,2020,410977367,1,9,0,18,19,4,8,0,0,0,0,0,0,0,0,1,6,6,3,-1,-1,-1,-1,-1,-1,-1,-1,0,-1
202006XE68285,2020,06XE68285,1,9,0,18,19,6,2,0,0,0,0,0,0,0,0,1,6,6,2,28,6,-1,-1,-1,-1,2,E01005082,0,-1
2020060769803,2020,060769803,1,9,0,18,19,1,5,0,0,3,1,0,1,2,1,1,1,1,2,24,5,-1,-1,-1,-1,9,E01012519,0,-1
2020140934995,2020,140934995,1,17,0,18,19,5,5,0,0,1,0,0,0,0,3,1,1,1,1,60,9,-1,-1,-1,-1,4,E01007559,0,-1
2020610014820,2020,610014820,1,9,0,17,19,8,5,0,0,0,0,0,7,10,1,1,6,6,2,68,10,-1,-1,-1,-1,-1,-1,0,-1
2020440024137,2020,440024137,2,1,0,18,19,1,5,0,0,8,0,0,0,0,1,1,6,6,2,18,4,-1,-1,-1,-1,10,E01023242,0,-1
2020040951226,2020,040951226,1,10,0,5,5,1,1,0,0,0,0,0,0,0,1,2,1,1,2,31,6,-1,-1,-1,-1,8,E01007036,0,-1
2020137991039,2020,137991039,2,1,0,18,19,6,2,0,0,0,0,0,0,0,3,1,6,6,1,22,5,-1,-1,-1,-1,4,E01011669,0,-1
202060Y013225,2020,60Y013225,1,9,0,18,19,4,8,0,0,2,0,0,0,0,1,1,6,6,2,50,8,-1,-1,-1,-1,-1,-1,0,-1
2020430350151,2020,430350151,2,1,0,18,19,1,5,0,0,0,0,0,0,0,2,1,2,2,1,23,5,-1,-1,-1,-1,6,E01002523,0,-1
2020430018422,2020,430018422,1,1,0,18,19,3,7,0,0,0,0,0,0,0,1,1,6,6,1,12,3,-1,-1,-1,-1,1,E01016743,0,-1
2020430428545,2020,430428545,1,9,0,9,9,2,8,0,0,8,0,0,0,0,3,1,6,6,2,-1,-1,-1,-1,-1,-1,-1,-1,0,-1
2020440028631,2020,440028631,2,9,0,18,19,6,2,0,0,0,0,0,7,11,1,1,6,6,2,27,6,-1,-1,-1,-1,3,E01017054,0,-1
2020470993039,2020,470993039,3,9,0,9,9,7,4,0,0,5,0,0,0,0,0,1,6,6,3,-1,-1,-1,-1,-1,-1,-1,-1,0,-1
2020010283305,2020,010283305,2,2,0,99,99,9,9,99,99,9,9,99,9,99,1,1,6,6,3,30,6,-1,-1,-1,-1,-1,-1,0,-1
2020470946967,2020,470946967,2,1,0,18,19,8,5,0,0,0,0,0,0,0,3,1,6,6,1,13,3,-1,-1,-1,-1,1,E01021136,0,-1
2020040977470,2020,040977470,1,9,0,18,19,4,1,0,0,8,0,0,0,0,1,1,6,6,3,-1,-1,-1,-1,-1,-1,-1,-1,0,-1
2020052001167,2020,052001167,1,1,0,18,19,5,1,0,0,0,0,0,1,1,1,1,6,6,1,15,3,-1,-1,-1,-1,3,E01007216,0,-1
2020200965747,2020,200965747,2,1,0,18,19,3,7,0,0,8,0,0,0,0,1,1,6,6,2,51,8,-1,-1,-1,-1,5,E01031028,0,-1
2020430087587,2020,430087587,3,1,0,18,19,4,8,0,0,0,0,0,0,0,0,1,6,6,1,-1,-1,-1,-1,-1,-1,-1,-1,0,-1
2020320044526,2020,320044526,1,9,0,18,19,8,2,0,0,1,0,0,0,0,1,1,6,6,3,-1,-1,-1,-1,-1,-1,-1,-1,0,-1
2020430397188,2020,430397188,2,9,0,18,19,2,6,0,0,1,0,0,0,0,1,1,6,6,1,-1,-1,-1,-1,-1,-1,-1,-1,0,-1
2020340N06762,2020,340N06762,2,1,0,18,19,3,5,0,0,3,0,0,0,0,3,1,2,2,1,53,8,-1,-1,-1,-1,2,E01027170,0,-1
2020220983544,2020,220983544,2,1,0,13,13,5,8,0,0,0,0,0,0,0,4,1,5,6,1,68,10,-1,-1,-1,-1,9,E01014134,0,-1
2020010256281,2020,010256281,2,1,0,9,9,1,6,0,0,1,0,0,0,0,2,1,6,6,1,26,6,-1,-1,-1,-1,8,E01002900,0,-1
2020500943862,2020,500943862,1,9,0,18,19,1,5,0,0,0,0,0,0,0,3,1,5,6,3,-1,-1,-1,-1,-1,-1,-1,-1,0,-1
2020410937224,2020,410937224,1,9,0,18,19,8,4,1,1,0,0,11,0,0,1,1,6,6,3,-1,-1,-1,-1,-1,-1,-1,-1,0,-1
2020400967142,2020,400967142,2,9,0,4,4,5,1,0,0,0,0,0,0,0,2,1,6,6,1,48,8,-1,-1,-1,-1,8,E01027097,0,-1
2020400952062,2020,400952062,2,4,0,16,19,1,5,0,0,0,5,0,0,0,4,1,5,6,1,23,5,-1,-1,-1,-1,7,E01017478,0,-1
2020140933323,2020,140933323,2,9,0,18,19,1,5,0,0,0,0,0,0,0,1,1,6,6,3,-1,-1,-1,-1,-1,-1,-1,-1,0,-1
2020332000713,2020,332000713,1,9,0,10,10,1,7,0,0,8,0,0,0,0,2,1,6,6,2,33,6,-1,-1,-1,-1,3,E01013613,0,-1
2020450974950,2020,450974950,1,1,0,18,19,1,7,0,0,2,0,0,0,0,1,1,5,6,1,27,6,-1,-1,-1,-1,3,E01001043,0,-1
2020220955514,2020,220955514,1,9,4,13,13,6,2,0,0,0,0,0,0,0,4,1,6,6,3,34,6,-1,-1,-1,-1,-1,-1,0,-1
202031A004220,2020,31A004220,1,9,0,18,19,6,2,0,0,8,0,0,0,0,1,1,2,2,2,46,8,-1,-1,-1,-1,2,E01028230,0,-1
2020460957908,2020,460957908,1,9,0,7,7,6,2,0,0,0,0,0,0,0,1,1,6,6,1,27,6,-1,-1,-1,-1,-1,-1,0,-1
2020200991891,2020,200991891,1,1,0,10,10,1,3,0,0,1,0,0,0,0,1,1,2,2,1,46,8,-1,-1,-1,-1,2,E01009997,0,-1
2020010231089,2020,010231089,2,9,0,18,19,-1,-1,0,0,8,0,0,0,0,1,1,6,6,3,-1,-1,-1,-1,-1,-1,-1,-1,0,-1
2020450928439,2020,450928439,2,9,0,3,3,1,2,0,0,3,0,0,0,0,0,1,6,6,3,44,7,-1,-1,-1,-1,-1,-1,0,-1
2020010268794,2020,010268794,1,1,9,99,99,9,9,99,99,9,9,99,9,99,2,1,6,6,2,28,6,-1,-1,-1,-1,3,E01001942,0,-1
2020010238710,2020,010238710,2,1,0,18,19,4,8,0,0,1,0,0,0,0,2,1,1,1,1,53,8,-1,-1,-1,-1,5,E01003173,0,-1
2020420992331,2020,420992331,2,9,0,5,5,3,6,0,0,3,0,0,0,0,0,1,6,6,3,-1,-1,-1,-1,-1,-1,-1,-1,0,-1
2020200929842,2020,200929842,2,1,0,18,19,3,7,0,0,8,0,0,0,0,1,1,1,1,1,18,4,-1,-1,-1,-1,1,E01009327,0,-1
2020990965395,2020,990965395,2,1,0,9,9,8,6,0,0,4,0,0,0,0,1,1,2,2,1,32,6,-1,-1,-1,-1,3,-1,0,-1
2020350981969,2020,350981969,2,23,0,5,5,1,5,0,0,6,0,0,0,0,3,1,5,6,2,23,5,-1,-1,-1,-1,1,E01015611,0,-1
2020430034308,2020,430034308,1,1,0,18,19,7,3,0,0,0,0,0,0,0,1,1,6,6,1,27,6,-1,-1,-1,-1,1,E01016744,0,-1
2020030984275,2020,030984275,2,9,0,18,19,2,4,0,0,8,0,0,0,0,0,1,6,6,2,47,8,-1,-1,-1,-1,4,E01019260,0,-1
2020140989993,2020,140989993,1,9,0,18,19,2,6,0,0,0,0,0,0,0,1,1,1,1,1,60,9,-1,-1,-1,-1,5,E01028341,0,-1
2020010271426,2020,010271426,1,9,0,99,99,9,9,99,99,9,9,99,9,99,9,9,2,2,2,67,10,-1,-1,-1,-1,4,E01002440,0,-1
2020332000431,2020,332000431,2,9,0,18,19,6,2,0,0,0,0,0,1,10,3,1,6,6,1,38,7,-1,-1,-1,-1,6,E01025939,0,-1
202006M172108,2020,06M172108,2,9,0,13,13,1,5,0,0,0,0,0,0,0,1,1,6,6,3,-1,-1,-1,-1,-1,-1,-1,-1,0,-1
2020361014162,2020,361014162,2,1,0,18,19,7,2,0,0,0,0,0,0,0,1,1,6,6,2,38,7,-1,-1,-1,-1,7,E01026883,0,-1
2020440468355,2020,440468355,2,1,0,5,5,7,3,0,0,8,0,0,0,0,3,1,6,6,1,62,9,-1,-1,-1,-1,3,E01017220,0,-1
2020010246082,2020,010246082,1,1,9,99,99,9,9,99,99,9,9,99,9,99,2,1,6,6,1,33,6,-1,-1,-1,-1,4,E01002001,0,-1
2020470988567,2020,470988567,3,98,0,3,3,3,7,0,0,1,0,0,0,0,0,1,6,6,3,-1,-1,-1,-1,-1,-1,-1,-1,0,-1
2020010261439,2020,010261439,2,8,0,6,6,4,4,0,0,0,0,0,0,0,1,1,1,1,1,55,8,-1,-1,-1,-1,2,E01002703,0,-1
2020010281881,2020,010281881,2,9,0,99,99,9,9,99,99,0,9,99,9,99,2,9,6,6,3,48,8,-1,-1,-1,-1,2,E01000785,0,-1
2020320081261,2020,320081261,1,9,0,4,4,6,2,0,0,0,0,0,0,0,3,1,6,6,1,-1,-1,-1,-1,-1,-1,-1,-1,0,-1
2020122000298,2020,122000298,2,1,0,18,19,6,2,4,4,1,0,0,0,0,3,1,6,6,1,65,9,-1,-1,-1,-1,9,E01013365,0,-1
2020122000487,2020,122000487,2,1,0,18,19,4,6,0,0,4,0,0,0,0,1,1,6,6,1,46,8,-1,-1,-1,-1,10,E01027719,0,-1
2020010240428,2020,010240428,2,1,0,18,19,1,5,0,0,1,0,0,0,0,0,1,1,1,1,39,7,-1,-1,-1,-1,8,E01001949,0,-1
2020350954873,2020,350954873,1,9,-1,5,5,6,2,0,0,0,0,0,0,0,1,1,6,6,3,-1,-1,-1,-1,-1,-1,-1,-1,0,-1
2020470957442,2020,470957442,2,1,0,18,19,5,1,0,0,0,0,0,0,0,2,1,5,6,2,54,8,-1,-1,-1,-1,6,E01031509,0,-1
2020010251549,2020,010251549,1,1,0,99,99,9,9,0,0,0,0,99,9,99,9,1,6,6,1,22,5,-1,-1,-1,-1,8,E01030373,0,-1
2020350950721,2020,350950721,1,19,0,18,19,8,3,0,0,0,0,0,0,0,1,1,1,1,1,36,7,-1,-1,-1,-1,9,E01018178,0,-1
2020010266561,2020,010266561,2,1,0,18,19,5,1,0,0,0,0,0,0,0,1,1,2,2,1,42,7,-1,-1,-1,-1,3,E01001763,0,-1
2020501015963,2020,501015963,1,9,0,18,19,5,1,0,0,0,1,0,1,0,4,1,6,6,1,35,6,-1,-1,-1,-1,4,E01018881,0,-1
2020610010920,2020,610010920,4,9,0,2,2,3,7,0,0,2,0,0,0,0,0,1,6,6,1,-1,-1,-1,-1,-1,-1,-1,-1,0,-1
202031C167820,2020,31C167820,1,19,0,7,7,4,5,0,0,6,0,0,0,0,3,1,6,6,1,-1,-1,-1,-1,-1,-1,-1,-1,0,-1
2020470936962,2020,470936962,1,9,0,1,1,6,2,0,0,0,0,0,0,0,2,1,6,6,3,-1,-1,-1,-1,-1,-1,-1,-1,0,-1
2020010232938,2020,010232938,2,1,0,18,19,1,5,0,0,1,0,4,0,0,3,-1,4,7,1,14,3,-1,-1,-1,-1,3,E01001864,0,-1
202031C068720,2020,31C068720,1,1,0,18,19,3,7,0,0,2,0,0,0,0,1,1,6,6,3,-1,-1,-1,-1,-1,-1,-1,-1,0,-1
20201375D1517,2020,1375D1517,2,9,0,18,19,3,7,0,0,0,0,0,0,0,1,1,6,6,3,-1,-1,-1,-1,-1,-1,-1,-1,0,-1
2020200939695,2020,200939695,1,9,0,16,19,2,4,0,0,0,1,4,2,0,3,1,6,6,1,-1,-1,-1,-1,-1,-1,-1,-1,0,-1
2020010264225,2020,010264225,1,8,0,18,19,8,4,0,0,1,0,0,0,0,1,1,6,6,3,-1,-1,-1,-1,-1,-1,-1,-1,0,-1
2020010278033,2020,010278033,4,9,0,2,2,0,0,0,0,1,0,0,0,0,1,1,6,6,3,-1,-1,-1,-1,-1,-1,-1,-1,0,-1
2020501015624,2020,501015624,2,1,0,18,19,3,7,0,0,1,0,0,0,0,1,1,5,6,2,67,10,-1,-1,-1,-1,7,E01020047,0,-1
2020332000795,2020,332000795,1,9,0,18,19,3,7,0,0,0,0,0,7,9,1,1,2,2,1,38,7,-1,-1,-1,-1,1,E01013566,0,-1
202060Y127357,2020,60Y127357,1,9,0,9,9,5,3,0,0,6,0,0,0,0,3,1,6,6,1,51,8,-1,-1,-1,-1,-1,-1,0,-1
2020460919414,2020,460919414,2,9,0,18,19,8,4,0,0,1,0,0,0,0,1,1,5,6,2,48,8,-1,-1,-1,-1,2,E01024677,0,-1
2020302001373,2020,302001373,1,-1,0,18,19,6,2,0,0,7,0,0,0,0,0,1,6,6,1,30,6,-1,-1,-1,-1,3,E01013554,1,-1
2020210957655,2020,210957655,1,90,0,18,19,2,6,0,0,0,0,0,0,0,1,1,6,6,3,-1,-1,-1,-1,-1,-1,-1,-1,0,-1
2020460978927,2020,460978927,2,1,0,18,19,8,4,4,4,0,5,0,0,0,3,1,5,6,1,15,3,-1,-1,-1,-1,3,E01024696,0,-1
2020040991611,2020,040991611,2,1,0,18,19,3,7,0,0,0,0,0,0,0,1,1,6,6,1,12,3,-1,-1,-1,-1,-1,-1,0,-1
2020461014134,2020,461014134,1,1,0,18,19,5,1,9,9,0,0,0,0,0,1,1,6,6,1,-1,-1,-1,-1,-1,-1,-1,-1,0,-1
2020420978039,2020,420978039,2,1,0,18,19,1,5,0,0,0,0,0,0,0,1,1,5,6,1,49,8,-1,-1,-1,-1,8,E01015960,0,-1
2020451005967,2020,451005967,1,1,0,18,19,5,1,0,0,1,5,0,1,0,3,1,2,2,1,35,6,-1,-1,-1,-1,7,E01030451,0,-1
2020211025583,2020,211025583,2,9,1,18,19,8,4,0,0,0,0,0,0,0,3,1,1,1,1,46,8,-1,-1,-1,-1,7,E01029545,0,-1
2020010281338,2020,010281338,1,3,0,4,4,3,7,0,0,8,0,0,0,0,4,1,2,2,1,20,4,-1,-1,-1,-1,6,E01002640,0,-1
2020040959955,2020,040959955,4,9,0,2,2,0,0,0,0,0,0,0,0,0,3,1,6,6,3,-1,-1,-1,-1,-1,-1,-1,-1,0,-1
202006L268479,2020,06L268479,1,21,1,18,19,3,7,0,0,8,0,0,0,6,1,1,1,1,1,29,6,-1,-1,-1,-1,5,E01032312,0,-1
2020430177566,2020,430177566,2,1,0,18,19,6,2,0,0,0,0,0,0,0,1,1,6,6,2,31,6,-1,-1,-1,-1,8,E01028808,0,-1
2020010285219,2020,010285219,1,11,0,18,19,1,5,0,0,8,0,0,0,0,0,1,1,1,3,-1,-1,-1,-1,-1,-1,-1,-1,0,-1
2020010248475,2020,010248475,1,1,9,18,19,9,9,0,0,1,5,0,0,99,4,1,6,6,2,57,9,-1,-1,-1,-1,3,E01000531,0,-1
2020500955266,2020,500955266,2,9,0,18,19,3,7,0,0,0,0,0,0,0,4,1,6,6,2,53,8,-1,-1,-1,-1,2,E01015234,0,-1
2020200935955,2020,200935955,2,1,0,14,14,7,3,0,0,0,0,4,0,0,2,1,6,6,1,57,9,-1,-1,-1,-1,2,E01009890,0,-1
2020440159630,2020,440159630,1,1,0,18,19,7,3,0,0,0,0,0,0,0,3,1,6,6,1,56,9,-1,-1,-1,-1,10,E01022861,0,-1
2020210932552,2020,210932552,1,9,0,6,6,3,3,0,0,1,-1,0,0,0,1,1,6,6,2,16,4,-1,-1,-1,-1,1,E01014210,0,-1
2020302000433,2020,302000433,2,1,0,18,19,2,6,0,0,0,0,0,0,0,3,1,6,6,2,44,7,-1,-1,-1,-1,6,E01019405,0,-1
202063C021620,2020,63C021620,1,9,0,18,19,5,1,0,0,0,5,0,2,10,4,1,6,6,1,23,5,-1,-1,-1,-1,3,W01000607,0,-1
2020340D02572,2020,340D02572,1,9,0,18,19,3,7,0,0,0,0,0,0,0,1,1,2,2,1,32,6,-1,-1,-1,-1,-1,-1,0,-1
2020460967396,2020,460967396,1,98,0,18,19,5,2,0,0,0,0,4,1,0,1,1,6,6,1,42,7,-1,-1,-1,-1,6,E01024410,0,-1
2020450951449,2020,450951449,2,9,0,18,19,1,3,0,0,0,0,0,0,0,4,1,6,6,3,33,6,-1,-1,-1,-1,-1,-1,0,-1
2020470919289,2020,470919289,2,1,0,4,4,8,4,0,0,1,0,0,0,0,2,1,5,6,2,73,10,-1,-1,-1,-1,5,E01031731,0,-1
2020470954029,2020,470954029,2,1,0,18,19,5,1,0,0,1,5,0,0,0,1,1,6,6,1,52,8,-1,-1,-1,-1,10,E01031773,0,-1