collision_index,collision_year,collision_ref_no,vehicle_reference,vehicle_type,towing_and_articulation,vehicle_manoeuvre_historic,vehicle_manoeuvre,vehicle_direction_from,vehicle_direction_to,vehicle_location_restricted_lane_historic,vehicle_location_restricted_lane,junction_location,skidding_and_overturning,hit_object_in_carriageway,vehicle_leaving_carriageway,hit_object_off_carriageway,first_point_of_impact,vehicle_left_hand_drive,journey_purpose_of_driver_historic,journey_purpose_of_driver,sex_of_driver,age_of_driver,age_band_of_driver,engine_capacity_cc,propulsion_code,age_of_vehicle,generic_make_model,driver_imd_decile,lsoa_of_driver,escooter_flag,driver_distance_banding
2020100997192,2020,100997192,1,97,0,18,19,3,7,0,0,0,0,0,1,10,1,1,6,6,1,26,6,-1,-1,-1,-1,-1,-1,0,-1
20201375V2290,2020,1375V2290,1,9,0,9,9,4,2,0,0,8,0,0,0,0,4,1,6,6,3,-1,-1,-1,-1,-1,-1,-1,-1,0,-1
2020160936971,2020,160936971,2,1,0,18,19,7,3,0,0,0,0,0,0,0,1,1,6,6,1,13,3,-1,-1,-1,-1,1,E01012844,0,-1
2020460932420,2020,460932420,1,9,0,10,10,4,1,0,0,4,0,0,0,0,1,1,2,2,2,43,7,-1,-1,-1,-1,2,E01024091,0,-1
2020471011242,2020,471011242,4,9,0,2,2,0,0,0,0,2,0,0,0,0,2,1,6,6,3,-1,-1,-1,-1,-1,-1,-1,-1,0,-1
2020010243104,2020,010243104,2,9,9,99,99,9,9,99,99,9,9,99,9,99,9,9,-1,-1,3,-1,-1,-1,-1,-1,-1,-1,-1,0,-1
2020320455783,2020,320455783,3,1,0,18,19,1,5,0,0,1,5,0,0,0,2,1,6,6,2,35,6,-1,-1,-1,-1,3,E01026059,0,-1
2020470954254,2020,470954254,1,1,0,7,7,5,7,0,0,0,5,0,0,0,4,1,5,6,2,54,8,-1,-1,-1,-1,6,E01016953,0,-1
2020470955636,2020,470955636,1,9,0,9,9,7,5,0,0,8,0,0,0,0,0,1,1,1,1,28,6,-1,-1,-1,-1,7,E01031388,0,-1
2020010250991,2020,010250991,1,1,9,99,99,9,9,0,0,9,9,99,0,0,1,1,6,6,3,32,6,-1,-1,-1,-1,2,E01001713,0,-1
2020010246108,2020,010246108,1,3,0,18,19,7,3,0,0,8,0,10,1,11,1,1,6,6,1,25,5,-1,-1,-1,-1,2,E01003729,0,-1
2020430255894,2020,430255894,2,1,0,18,19,1,5,0,0,1,0,0,0,0,1,1,6,6,2,68,10,-1,-1,-1,-1,10,E01028617,0,-1
2020140993729,2020,140993729,1,9,0,18,19,7,3,0,0,1,0,0,0,0,1,1,6,6,3,-1,-1,-1,-1,-1,-1,-1,-1,0,-1
2020470992584,2020,470992584,1,9,0,18,19,5,1,0,0,0,0,0,0,0,4,1,6,6,3,-1,-1,-1,-1,-1,-1,-1,-1,0,-1
2020401000660,2020,401000660,2,9,0,18,19,3,7,0,0,0,1,0,0,0,1,1,2,2,2,65,9,-1,-1,-1,-1,7,E01015695,0,-1
2020010237376,2020,010237376,2,97,0,99,99,9,9,99,99,9,9,99,9,99,9,9,6,6,3,-1,-1,-1,-1,-1,-1,-1,-1,0,-1
2020440052311,2020,440052311,2,1,0,18,19,7,3,0,0,8,0,0,0,0,4,1,6,6,1,24,5,-1,-1,-1,-1,4,E01017159,0,-1
2020041007182,2020,041007182,2,1,0,18,19,1,5,0,0,1,0,0,0,0,1,1,6,6,1,73,10,-1,-1,-1,-1,10,E01025350,0,-1
2020500979502,2020,500979502,2,9,0,18,19,5,1,0,0,0,0,0,0,0,1,1,5,6,1,26,6,-1,-1,-1,-1,6,E01019967,0,-1
2020010271690,2020,010271690,2,1,0,18,19,1,5,0,0,0,0,0,0,0,4,1,6,6,1,38,7,-1,-1,-1,-1,8,E01004054,0,-1
2020460952254,2020,460952254,2,1,0,18,19,5,7,0,0,4,0,0,0,0,4,1,5,6,1,21,5,-1,-1,-1,-1,6,E01024544,0,-1
2020370919345,2020,370919345,1,9,0,9,9,7,5,0,0,8,0,0,0,0,3,1,2,2,1,65,9,-1,-1,-1,-1,6,E01030220,0,-1
2020010268218,2020,010268218,1,1,9,99,99,9,9,99,99,9,9,99,9,99,9,1,6,6,1,48,8,-1,-1,-1,-1,7,E01002182,0,-1
2020302001597,2020,302001597,2,11,0,2,2,0,0,0,0,0,0,0,0,0,0,1,3,7,3,-1,-1,-1,-1,-1,-1,5,E01019456,0,-1
2020360955095,2020,360955095,1,1,0,18,19,-1,-1,0,0,0,0,4,0,0,1,1,5,6,1,52,8,-1,-1,-1,-1,1,E01026867,0,-1
202060Y021455,2020,60Y021455,1,9,0,11,11,7,3,6,6,1,0,4,0,0,1,1,2,2,1,72,10,-1,-1,-1,-1,-1,-1,0,-1
2020991006396,2020,991006396,2,1,0,9,9,2,5,0,0,1,5,0,0,0,1,1,5,6,1,57,9,-1,-1,-1,-1,1,-1,0,-1
2020010259269,2020,010259269,1,1,9,99,99,9,9,99,99,9,9,99,9,99,9,1,6,6,1,25,5,-1,-1,-1,-1,3,E01001768,0,-1
2020010238469,2020,010238469,2,23,0,18,19,3,7,4,4,0,0,0,0,0,0,1,6,6,2,18,4,-1,-1,-1,-1,3,E01003544,0,-1
2020470955677,2020,470955677,2,1,0,18,19,2,6,0,0,8,0,0,0,0,3,1,5,6,1,52,8,-1,-1,-1,-1,8,E01031491,0,-1
2020332000288,2020,332000288,1,9,0,9,9,1,7,0,0,2,0,0,0,0,1,1,1,1,1,37,7,-1,-1,-1,-1,1,E01013653,0,-1
2020010270033,2020,010270033,1,1,9,99,99,9,9,99,99,9,9,99,9,99,9,1,2,2,1,48,8,-1,-1,-1,-1,2,E01003128,0,-1
2020460971370,2020,460971370,1,9,0,18,19,-1,-1,0,0,0,0,0,0,0,3,1,6,6,3,-1,-1,-1,-1,-1,-1,-1,-1,0,-1
2020010244844,2020,010244844,2,1,0,4,4,3,7,9,9,1,2,0,0,0,0,1,6,6,2,25,5,-1,-1,-1,-1,-1,-1,0,-1
2020010285363,2020,010285363,2,1,0,16,19,7,3,4,4,0,0,0,0,0,0,1,1,1,1,41,7,-1,-1,-1,-1,9,E01004595,0,-1
2020430386684,2020,430386684,2,9,0,18,19,0,0,0,0,8,0,0,0,0,0,1,6,6,3,-1,-1,-1,-1,-1,-1,-1,-1,0,-1
2020010244349,2020,010244349,2,9,0,18,19,7,3,0,0,8,0,0,0,0,1,1,6,6,3,-1,-1,-1,-1,-1,-1,-1,-1,0,-1
2020401008984,2020,401008984,2,9,0,9,9,6,4,0,0,1,0,0,0,0,1,1,5,6,1,27,6,-1,-1,-1,-1,1,E01015732,0,-1
2020010254257,2020,010254257,1,1,9,99,99,9,9,99,99,9,9,99,9,99,1,1,6,6,1,30,6,-1,-1,-1,-1,1,E01004288,0,-1
2020302001329,2020,302001329,2,9,0,18,19,5,1,0,0,6,0,0,0,0,2,1,6,6,3,-1,-1,-1,-1,-1,-1,5,E01019456,0,-1
2020450985685,2020,450985685,1,1,0,9,9,2,3,0,0,1,0,0,0,0,4,1,2,2,1,43,7,-1,-1,-1,-1,6,E01030312,0,-1
2020990960321,2020,990960321,2,1,0,18,19,2,7,0,0,1,0,0,0,0,1,1,5,6,1,16,4,-1,-1,-1,-1,2,-1,0,-1
2020430065843,2020,430065843,2,9,0,18,19,7,3,0,0,1,0,0,0,0,1,1,6,6,1,-1,-1,-1,-1,-1,-1,-1,-1,0,-1
202006L268108,2020,06L268108,2,9,0,18,19,3,7,0,0,8,0,0,0,0,4,1,6,6,2,23,5,-1,-1,-1,-1,3,E01006282,0,-1
2020201022097,2020,201022097,3,9,0,2,2,0,0,0,0,2,0,0,0,0,2,1,6,6,1,56,9,-1,-1,-1,-1,10,E01009415,0,-1
2020320608073,2020,320608073,1,9,0,18,19,6,8,0,0,0,0,0,0,0,1,1,6,6,3,40,7,-1,-1,-1,-1,-1,-1,0,-1
2020010233446,2020,010233446,2,1,0,14,14,3,7,0,0,1,0,0,0,0,4,1,6,6,1,36,7,-1,-1,-1,-1,7,E01001600,0,-1
2020010264483,2020,010264483,2,1,0,15,15,3,7,4,4,0,2,0,0,0,1,1,6,6,1,22,5,-1,-1,-1,-1,4,E01033082,0,-1
2020200937739,2020,200937739,2,9,0,9,9,5,3,0,0,2,0,0,0,0,4,1,6,6,1,-1,-1,-1,-1,-1,-1,-1,-1,0,-1
2020440005421,2020,440005421,1,1,0,18,19,7,3,0,0,0,0,0,0,0,3,1,6,6,1,30,6,-1,-1,-1,-1,7,E01022597,0,-1
2020052000429,2020,052000429,1,8,0,18,19,5,1,0,0,1,0,0,0,0,1,1,1,1,3,-1,-1,-1,-1,-1,-1,-1,-1,0,-1
202060Y032947,2020,60Y032947,1,2,0,18,19,2,6,0,0,0,0,0,0,0,1,1,6,6,1,16,4,-1,-1,-1,-1,-1,-1,0,-1
2020411006103,2020,411006103,2,1,0,18,19,-1,-1,0,0,0,0,0,0,0,3,1,6,6,1,49,8,-1,-1,-1,-1,10,E01023695,0,-1
2020210961257,2020,210961257,2,1,0,18,19,4,8,0,0,1,0,0,0,0,1,1,6,6,1,61,9,-1,-1,-1,-1,6,E01029621,0,-1
2020420928403,2020,420928403,2,1,0,18,19,8,4,0,0,0,5,0,0,0,2,1,5,6,1,50,8,-1,-1,-1,-1,9,E01015982,0,-1
2020450927781,2020,450927781,1,1,0,18,19,1,5,0,0,0,0,0,1,0,1,1,1,1,1,22,5,-1,-1,-1,-1,-1,-1,0,-1
2020070087941,2020,070087941,1,9,0,5,5,4,2,0,0,0,0,0,0,0,2,1,6,6,3,-1,-1,-1,-1,-1,-1,-1,-1,0,-1
2020410939208,2020,410939208,3,9,0,10,10,3,1,0,0,1,0,0,0,0,3,1,6,6,2,-1,-1,-1,-1,-1,-1,9,E01023500,0,-1
202063A079120,2020,63A079120,1,19,0,18,19,4,8,0,0,0,0,0,0,0,1,1,6,6,3,-1,-1,-1,-1,-1,-1,-1,-1,0,-1
2020522003297,2020,522003297,1,9,0,18,19,6,2,0,0,1,0,0,0,0,1,1,6,6,3,-1,-1,-1,-1,-1,-1,-1,-1,0,-1
2020461000057,2020,461000057,2,9,0,18,19,3,7,0,0,0,0,0,0,0,1,1,6,6,2,78,11,-1,-1,-1,-1,5,E01024565,0,-1
2020010239838,2020,010239838,1,8,0,3,3,7,3,0,0,1,0,0,0,0,4,1,1,1,1,33,6,-1,-1,-1,-1,4,E01002519,0,-1
2020010286799,2020,010286799,1,9,0,18,19,1,5,0,0,1,0,11,0,0,1,1,1,1,1,50,8,-1,-1,-1,-1,-1,-1,0,-1
2020052001116,2020,052001116,1,9,0,7,7,5,7,0,0,1,0,0,0,0,4,1,6,6,3,-1,-1,-1,-1,-1,-1,-1,-1,0,-1
2020010281740,2020,010281740,1,1,0,99,99,9,9,0,0,0,0,0,0,0,1,1,6,6,3,55,8,-1,-1,-1,-1,9,E01004604,0,-1
2020470985852,2020,470985852,6,9,0,2,2,0,0,0,0,1,0,0,0,0,3,1,6,6,3,-1,-1,-1,-1,-1,-1,-1,-1,0,-1
2020400957506,2020,400957506,1,9,0,18,19,-1,-1,0,0,2,0,0,0,0,1,1,6,6,2,18,4,-1,-1,-1,-1,-1,-1,0,-1
2020332000396,2020,332000396,1,9,0,18,19,2,6,0,0,0,0,0,1,0,3,1,6,6,1,28,6,-1,-1,-1,-1,8,E01013788,0,-1
2020052000058,2020,052000058,1,1,0,18,19,3,7,0,0,8,0,0,0,0,1,1,6,6,1,-1,-1,-1,-1,-1,-1,-1,-1,0,-1
2020200934844,2020,200934844,1,9,0,18,19,-1,-1,0,0,0,0,0,0,0,3,1,6,6,2,-1,-1,-1,-1,-1,-1,-1,-1,0,-1
2020470990890,2020,470990890,1,1,0,18,19,1,5,0,0,6,0,0,0,0,1,1,5,6,2,22,5,-1,-1,-1,-1,2,E01016969,0,-1
2020350976134,2020,350976134,2,1,0,4,4,8,4,5,5,0,2,0,0,0,3,1,6,6,2,66,10,-1,-1,-1,-1,7,E01018300,0,-1
2020110959751,2020,110959751,2,1,0,18,19,3,7,9,9,0,0,0,0,0,0,1,6,6,1,16,4,-1,-1,-1,-1,3,E01012358,0,-1
2020220964471,2020,220964471,2,1,0,18,19,3,7,0,0,8,0,0,0,0,4,1,5,6,1,43,7,-1,-1,-1,-1,-1,-1,0,-1
2020430418570,2020,430418570,1,9,0,9,9,3,1,0,0,6,0,0,0,0,1,1,6,6,3,-1,-1,-1,-1,-1,-1,-1,-1,0,-1
2020420934498,2020,420934498,2,1,0,18,19,2,6,0,0,8,0,0,0,0,1,1,6,6,1,39,7,-1,-1,-1,-1,3,E01021418,0,-1
202031C089420,2020,31C089420,1,1,0,13,13,6,2,0,0,1,0,0,0,0,4,1,6,6,1,46,8,-1,-1,-1,-1,5,E01032522,0,-1
2020990992926,2020,990992926,2,1,0,18,19,5,1,0,0,8,0,0,0,0,3,1,6,6,1,39,7,-1,-1,-1,-1,10,-1,0,-1
2020470960930,2020,470960930,1,1,0,18,19,1,5,0,0,8,0,0,0,0,3,1,6,6,2,28,6,-1,-1,-1,-1,6,E01031784,0,-1
2020010277669,2020,010277669,1,90,0,18,19,6,2,0,0,0,0,0,0,0,0,1,6,6,1,39,7,-1,-1,-1,-1,2,E01001830,0,-1
2020522003678,2020,522003678,2,9,0,5,5,5,1,0,0,6,0,0,0,0,0,1,6,6,1,-1,-1,-1,-1,-1,-1,-1,-1,0,-1
2020622000719,2020,622000719,3,9,0,18,19,7,3,0,0,0,0,0,5,6,1,1,6,6,1,55,8,-1,-1,-1,-1,8,W01001047,0,-1
2020470939824,2020,470939824,2,1,0,18,19,8,4,4,4,8,0,0,0,0,1,1,6,6,1,29,6,-1,-1,-1,-1,8,E01021233,0,-1
2020010249003,2020,010249003,3,1,0,18,19,3,7,0,0,0,2,0,0,0,1,1,6,6,1,51,8,-1,-1,-1,-1,5,E01000489,0,-1
2020100958544,2020,100958544,2,1,0,18,19,7,3,0,0,8,0,0,0,0,1,1,6,6,1,38,7,-1,-1,-1,-1,1,E01008345,0,-1
2020500954659,2020,500954659,1,1,0,18,19,1,5,0,0,0,0,0,0,0,1,1,6,6,1,-1,-1,-1,-1,-1,-1,-1,-1,0,-1
2020052001848,2020,052001848,1,9,0,14,14,5,4,0,0,8,0,0,7,0,1,1,6,6,1,50,8,-1,-1,-1,-1,1,E01005123,0,-1
2020010285245,2020,010285245,2,98,0,99,99,9,9,99,99,9,9,99,9,99,9,9,6,6,1,35,6,-1,-1,-1,-1,8,E01004085,0,-1
2020040925314,2020,040925314,1,9,0,17,19,4,8,0,0,0,2,0,1,11,1,1,6,6,1,80,11,-1,-1,-1,-1,5,E01025331,0,-1
2020552000135,2020,552000135,1,1,0,18,19,1,5,0,0,0,0,0,0,0,1,1,4,7,1,13,3,-1,-1,-1,-1,9,E01015419,0,-1
2020010263353,2020,010263353,2,-1,0,5,5,1,5,0,0,0,0,0,0,0,4,1,6,6,2,24,5,-1,-1,-1,-1,2,E01000533,1,-1
2020010249625,2020,010249625,2,1,0,18,19,7,3,0,0,8,1,0,0,0,3,1,6,6,2,22,5,-1,-1,-1,-1,3,E01002058,0,-1
2020440147188,2020,440147188,1,1,0,18,19,8,4,0,0,0,0,0,0,0,3,1,6,6,1,33,6,-1,-1,-1,-1,4,E01017135,0,-1
2020010238793,2020,010238793,1,1,0,18,19,1,5,9,9,1,0,0,0,0,1,1,2,2,1,21,5,-1,-1,-1,-1,1,E01000308,0,-1
2020991010349,2020,991010349,2,9,0,18,19,3,7,0,0,0,0,0,0,0,4,1,6,6,1,37,7,-1,-1,-1,-1,-1,-1,0,-1
2020230936534,2020,230936534,2,9,0,11,11,3,7,0,0,8,0,0,0,0,0,1,6,6,3,-1,-1,-1,-1,-1,-1,-1,-1,0,-1
2020990925279,2020,990925279,1,9,0,18,19,5,1,0,0,0,2,10,0,0,1,1,1,1,2,33,6,-1,-1,-1,-1,5,-1,0,-1
2020220954495,2020,220954495,2,1,0,17,19,4,2,0,0,0,0,0,0,0,1,1,5,6,1,51,8,-1,-1,-1,-1,8,E01028930,0,-1
202060Y007411,2020,60Y007411,1,9,0,18,19,1,5,0,0,3,0,0,0,0,1,1,6,6,2,77,11,-1,-1,-1,-1,-1,-1,0,-1
2020010931381,2020,010931381,1,19,0,18,19,7,3,0,0,1,0,0,0,0,1,1,1,1,1,35,6,-1,-1,-1,-1,-1,-1,0,-1
202006G270576,2020,06G270576,2,9,0,3,3,3,6,0,0,4,0,0,0,0,2,1,2,2,2,25,5,-1,-1,-1,-1,-1,-1,0,-1
2020530950320,2020,530950320,2,1,0,18,19,5,1,0,0,0,5,0,1,0,0,1,6,6,1,66,10,-1,-1,-1,-1,7,E01022216,0,-1
2020332000429,2020,332000429,2,1,0,18,19,3,7,0,0,0,0,0,0,0,0,1,6,6,2,52,8,-1,-1,-1,-1,8,E01025626,0,-1
2020990997907,2020,990997907,1,4,0,18,19,8,4,9,9,0,1,0,1,0,0,1,6,6,1,21,5,-1,-1,-1,-1,4,-1,0,-1
2020200979675,2020,200979675,1,9,0,18,19,6,2,0,0,4,0,0,0,0,1,1,6,6,1,-1,-1,-1,-1,-1,-1,-1,-1,0,-1
2020440163144,2020,440163144,1,9,0,9,9,6,4,0,0,8,0,0,0,0,3,1,6,6,2,38,7,-1,-1,-1,-1,9,E01023264,0,-1
2020122000873,2020,122000873,1,9,0,16,19,6,2,0,0,0,0,0,7,0,0,1,6,6,1,39,7,-1,-1,-1,-1,5,E01027822,0,-1
2020530976828,2020,530976828,1,9,0,13,13,1,5,0,0,0,0,0,0,0,3,1,6,6,3,-1,-1,-1,-1,-1,-1,-1,-1,0,-1
2020420920205,2020,420920205,1,9,0,15,15,1,5,0,0,0,0,0,0,0,1,1,6,6,3,-1,-1,-1,-1,-1,-1,-1,-1,0,-1
2020010245879,2020,010245879,4,1,0,18,19,5,1,0,0,8,0,0,0,0,3,1,6,6,1,56,9,-1,-1,-1,-1,2,E01001625,0,-1
2020010268741,2020,010268741,1,1,9,99,99,9,9,99,99,9,9,99,9,99,1,1,6,6,1,44,7,-1,-1,-1,-1,9,E01002467,0,-1
2020010278102,2020,010278102,1,9,0,99,99,9,9,0,0,6,0,99,0,0,9,9,6,6,3,-1,-1,-1,-1,-1,-1,-1,-1,0,-1
2020010267252,2020,010267252,2,1,0,18,19,3,7,0,0,1,0,0,0,0,0,1,6,6,2,28,6,-1,-1,-1,-1,3,E01003105,0,-1
2020332000362,2020,332000362,1,9,0,1,1,5,3,0,0,6,0,0,7,0,2,1,1,1,1,32,6,-1,-1,-1,-1,7,E01025864,0,-1
2020370963246,2020,370963246,1,1,0,18,19,7,3,0,0,2,0,0,0,0,1,1,5,6,1,12,3,-1,-1,-1,-1,8,E01030152,0,-1
2020320464548,2020,320464548,1,5,0,18,19,3,7,1,1,0,1,0,1,0,3,1,6,6,1,50,8,-1,-1,-1,-1,4,E01026060,0,-1
2020340C08262,2020,340C08262,2,9,0,18,19,5,1,0,0,0,0,0,0,0,1,1,2,2,1,62,9,-1,-1,-1,-1,3,E01028905,0,-1
2020100963843,2020,100963843,1,9,0,18,19,2,6,0,0,0,0,0,0,0,1,1,6,6,3,-1,-1,-1,-1,-1,-1,-1,-1,0,-1
2020010249971,2020,010249971,2,9,0,1,1,0,1,0,0,0,0,0,0,0,2,9,6,6,1,-1,-1,-1,-1,-1,-1,-1,-1,0,-1
2020520002496,2020,520002496,1,1,0,18,19,1,5,0,0,3,0,0,0,0,0,1,6,6,1,47,8,-1,-1,-1,-1,9,E01029315,0,-1
2020211010756,2020,211010756,1,9,-1,-1,-1,7,2,-1,-1,-1,-1,-1,-1,0,-1,1,1,1,1,26,6,-1,-1,-1,-1,3,E01018447,0,-1
2020320624885,2020,320624885,2,9,0,18,19,5,2,0,0,1,0,0,0,0,1,1,6,6,1,35,6,-1,-1,-1,-1,4,E01026366,0,-1
2020440373880,2020,440373880,1,2,0,4,4,3,7,0,0,4,0,0,0,0,0,1,6,6,2,48,8,-1,-1,-1,-1,6,E01022831,0,-1
2020010233837,2020,010233837,1,1,9,99,99,9,9,99,99,9,9,99,9,99,9,1,2,2,1,52,8,-1,-1,-1,-1,4,E01001975,0,-1
2020332000519,2020,332000519,1,1,0,18,19,2,6,0,0,8,0,0,0,0,1,1,6,6,1,19,4,-1,-1,-1,-1,8,E01025881,0,-1
2020230916129,2020,230916129,1,9,0,7,7,7,1,0,0,4,0,0,0,0,1,1,2,2,2,26,6,-1,-1,-1,-1,5,E01029829,0,-1
2020410954960,2020,410954960,2,1,0,11,11,5,1,0,0,7,0,0,0,0,4,1,5,6,1,69,10,-1,-1,-1,-1,6,E01023306,0,-1
2020451001416,2020,451001416,1,1,0,18,19,1,5,0,0,8,0,0,0,0,3,1,2,2,1,52,8,-1,-1,-1,-1,9,E01003837,0,-1
2020010285987,2020,010285987,2,9,0,99,99,9,9,99,99,9,9,99,9,99,9,9,6,6,3,-1,-1,-1,-1,-1,-1,-1,-1,0,-1
2020040947635,2020,040947635,2,98,0,18,19,1,5,0,0,0,0,0,1,0,1,1,1,1,1,48,8,-1,-1,-1,-1,1,E01025295,0,-1
2020010234647,2020,010234647,2,1,0,18,19,3,7,0,0,3,0,0,0,0,1,1,2,2,1,37,7,-1,-1,-1,-1,8,E01032571,0,-1
2020010246618,2020,010246618,2,9,9,18,19,9,9,0,0,1,9,0,0,99,2,9,6,6,1,-1,-1,-1,-1,-1,-1,-1,-1,0,-1
2020440026891,2020,440026891,1,9,0,18,19,5,1,0,0,0,0,8,0,0,1,1,6,6,3,-1,-1,-1,-1,-1,-1,-1,-1,0,-1
2020010248585,2020,010248585,2,1,0,18,19,6,2,0,0,1,0,0,0,0,1,-1,2,2,1,30,6,-1,-1,-1,-1,1,E01001790,0,-1
2020010257478,2020,010257478,2,1,0,16,19,6,1,0,0,7,0,11,0,0,2,1,6,6,1,32,6,-1,-1,-1,-1,4,E01003074,0,-1
2020990986478,2020,990986478,2,9,0,18,19,2,6,0,0,1,0,0,1,0,3,1,2,2,1,35,6,-1,-1,-1,-1,3,-1,0,-1
2020010283218,2020,010283218,2,19,0,99,99,9,9,99,99,9,9,99,9,99,2,9,6,6,3,-1,-1,-1,-1,-1,-1,-1,-1,0,-1
2020990927038,2020,990927038,2,9,0,2,2,0,0,0,0,0,0,0,0,0,2,1,6,6,3,-1,-1,-1,-1,-1,-1,-1,-1,0,-1
2020210936584,2020,210936584,2,1,0,18,19,8,4,0,0,0,0,0,0,0,1,1,6,6,1,24,5,-1,-1,-1,-1,9,E01029518,0,-1
2020440362329,2020,440362329,3,98,0,4,4,5,1,0,0,1,0,0,0,0,1,1,6,6,3,-1,-1,-1,-1,-1,-1,-1,-1,0,-1
2020211012394,2020,211012394,2,9,0,18,19,6,2,0,0,0,0,0,1,0,4,1,1,1,1,28,6,-1,-1,-1,-1,3,E01029597,0,-1
2020200988534,2020,200988534,2,9,0,18,19,6,2,0,0,1,0,0,0,0,1,1,6,6,3,-1,-1,-1,-1,-1,-1,-1,-1,0,-1
2020302001006,2020,302001006,2,1,0,4,4,4,8,0,0,0,0,0,0,0,1,1,6,6,1,39,7,-1,-1,-1,-1,1,E01033167,0,-1
2020552001059,2020,552001059,2,1,0,18,19,7,3,0,0,8,0,0,0,0,4,1,6,6,2,55,8,-1,-1,-1,-1,6,E01020528,0,-1
2020010264996,2020,010264996,2,1,0,18,19,1,5,0,0,0,0,0,0,0,4,1,6,6,1,38,7,-1,-1,-1,-1,2,E01033327,0,-1
2020470954308,2020,470954308,2,1,0,9,9,3,1,0,0,3,0,0,0,0,1,1,6,6,1,27,6,-1,-1,-1,-1,4,E01016966,0,-1
202006E176387,2020,06E176387,1,9,0,18,19,4,8,0,0,8,0,0,0,0,1,1,6,6,1,30,6,-1,-1,-1,-1,-1,-1,0,-1
2020030966435,2020,030966435,1,1,0,18,19,3,7,9,9,0,0,0,0,0,1,1,6,6,1,11,3,-1,-1,-1,-1,4,E01019098,0,-1
2020010284296,2020,010284296,2,9,0,99,99,9,9,99,99,9,9,99,9,99,9,9,6,6,3,-1,-1,-1,-1,-1,-1,-1,-1,0,-1
2020040972279,2020,040972279,1,9,0,18,19,8,4,0,0,0,0,0,0,0,0,1,6,6,2,-1,-1,-1,-1,-1,-1,-1,-1,0,-1
20201374A1740,2020,1374A1740,2,1,0,18,19,4,8,0,0,8,0,0,0,0,0,1,6,6,2,61,9,-1,-1,-1,-1,10,E01011948,0,-1
2020010260156,2020,010260156,1,9,0,99,99,9,9,99,99,9,0,0,0,0,1,9,6,6,1,-1,-1,-1,-1,-1,-1,1,E01001979,0,-1
2020430059911,2020,430059911,2,1,0,18,19,4,8,0,0,8,0,0,0,0,1,1,6,6,1,31,6,-1,-1,-1,-1,5,E01032724,0,-1
2020052000159,2020,052000159,1,9,0,9,9,1,6,0,0,8,0,0,0,0,4,1,6,6,3,-1,-1,-1,-1,-1,-1,-1,-1,0,-1
2020460984801,2020,460984801,2,-1,0,18,19,3,7,0,0,5,0,0,0,0,2,1,5,6,2,-1,-1,-1,-1,-1,-1,7,E01016139,1,-1
202006J171072,2020,06J171072,1,1,0,18,19,5,1,0,0,8,0,0,0,0,1,1,1,1,1,28,6,-1,-1,-1,-1,4,E01005823,0,-1
2020332001008,2020,332001008,1,9,0,18,19,4,8,0,0,0,1,0,1,11,1,1,6,6,1,26,6,-1,-1,-1,-1,4,E01013696,0,-1
2020010266895,2020,010266895,1,1,9,99,99,9,9,99,99,9,9,99,9,99,1,1,6,6,1,39,7,-1,-1,-1,-1,7,E01003673,0,-1
2020040984704,2020,040984704,1,9,0,15,15,7,3,0,0,0,0,0,7,0,3,1,6,6,3,-1,-1,-1,-1,-1,-1,-1,-1,0,-1
2020040980271,2020,040980271,2,1,0,18,19,7,3,0,0,1,0,0,1,0,3,1,5,6,1,15,3,-1,-1,-1,-1,9,E01012598,0,-1
2020200994967,2020,200994967,2,98,0,11,11,7,3,0,0,0,0,0,0,0,2,1,1,1,1,32,6,-1,-1,-1,-1,1,E01008938,0,-1
2020010287423,2020,010287423,2,9,0,99,99,9,9,99,99,0,9,99,9,99,1,9,6,6,3,-1,-1,-1,-1,-1,-1,-1,-1,0,-1
2020010287164,2020,010287164,1,1,9,99,99,9,9,99,99,9,9,99,9,99,9,1,6,6,1,35,6,-1,-1,-1,-1,3,E01003938,0,-1
2020450964549,2020,450964549,1,9,0,18,19,3,7,0,0,0,0,0,0,0,1,1,1,1,1,39,7,-1,-1,-1,-1,7,E01004159,0,-1
2020420929386,2020,420929386,2,19,0,2,2,5,1,0,0,0,0,0,0,0,2,1,6,6,3,-1,-1,-1,-1,-1,-1,-1,-1,0,-1
2020010284464,2020,010284464,1,9,0,99,99,9,9,99,99,9,9,99,9,99,9,9,6,6,1,-1,-1,-1,-1,-1,-1,-1,-1,0,-1
2020332000594,2020,332000594,4,9,0,2,2,0,0,0,0,0,0,0,0,0,4,1,6,6,2,26,6,-1,-1,-1,-1,4,E01013749,0,-1
20201375F1640,2020,1375F1640,1,9,0,18,19,6,2,0,0,1,0,0,0,0,1,1,6,6,3,-1,-1,-1,-1,-1,-1,-1,-1,0,-1
2020410961721,2020,410961721,1,1,0,9,9,1,7,0,0,2,0,0,0,0,3,1,5,6,1,57,9,-1,-1,-1,-1,5,E01023687,0,-1
2020410959258,2020,410959258,2,9,0,3,3,3,7,0,0,4,0,0,0,0,2,1,5,6,2,40,7,-1,-1,-1,-1,3,E01017596,0,-1
2020010272725,2020,010272725,1,-1,0,99,99,9,9,99,99,9,9,99,9,99,9,1,6,6,1,15,3,-1,-1,-1,-1,4,E01002398,1,-1
2020201020497,2020,201020497,1,9,0,18,19,8,4,0,0,8,0,0,0,0,1,1,6,6,1,-1,-1,-1,-1,-1,-1,2,E01010268,0,-1
2020010279170,2020,010279170,1,9,0,9,9,7,5,0,0,1,0,0,0,0,4,1,2,2,1,36,7,-1,-1,-1,-1,2,E01001432,0,-1
2020070286382,2020,070286382,2,1,0,5,5,6,2,0,0,1,0,0,0,0,4,1,6,6,1,18,4,-1,-1,-1,-1,1,E01012381,0,-1
2020470915796,2020,470915796,2,1,0,18,19,1,5,0,0,8,0,0,0,0,4,1,6,6,1,-1,-1,-1,-1,-1,-1,-1,-1,0,-1
2020461010512,2020,461010512,1,21,1,18,19,5,1,0,0,8,0,0,0,0,3,1,1,1,1,34,6,-1,-1,-1,-1,-1,-1,0,-1
2020010271692,2020,010271692,2,9,0,7,7,1,3,0,0,1,0,0,0,0,4,1,6,6,3,-1,-1,-1,-1,-1,-1,-1,-1,0,-1