collision_index,collision_year,collision_ref_no,vehicle_reference,vehicle_type,towing_and_articulation,vehicle_manoeuvre_historic,vehicle_manoeuvre,vehicle_direction_from,vehicle_direction_to,vehicle_location_restricted_lane_historic,vehicle_location_restricted_lane,junction_location,skidding_and_overturning,hit_object_in_carriageway,vehicle_leaving_carriageway,hit_object_off_carriageway,first_point_of_impact,vehicle_left_hand_drive,journey_purpose_of_driver_historic,journey_purpose_of_driver,sex_of_driver,age_of_driver,age_band_of_driver,engine_capacity_cc,propulsion_code,age_of_vehicle,generic_make_model,driver_imd_decile,lsoa_of_driver,escooter_flag,driver_distance_banding
2020420984135,2020,420984135,1,9,0,5,5,5,1,0,0,1,0,0,0,0,1,1,5,6,1,66,10,-1,-1,-1,-1,9,E01022013,0,-1
2020137371613,2020,137371613,1,9,0,9,9,6,2,0,0,5,5,0,2,11,4,1,1,1,2,45,7,-1,-1,-1,-1,6,E01011076,0,-1
2020122000341,2020,122000341,2,9,0,5,5,5,1,8,6,6,0,0,0,0,1,1,6,6,3,-1,-1,-1,-1,-1,-1,-1,-1,0,-1
2020440077936,2020,440077936,2,9,0,18,19,2,6,0,0,0,0,1,4,4,1,1,6,6,2,18,4,-1,-1,-1,-1,6,E01023236,0,-1
2020990968568,2020,990968568,2,1,0,18,19,3,1,0,0,3,0,0,0,0,2,1,6,6,1,52,8,-1,-1,-1,-1,9,-1,0,-1
2020552001184,2020,552001184,2,1,0,18,19,7,3,0,0,8,0,0,0,0,1,1,6,6,1,61,9,-1,-1,-1,-1,9,E01015300,0,-1
2020010257714,2020,010257714,2,1,9,18,19,8,4,9,9,1,5,0,0,99,4,1,6,6,1,-1,-1,-1,-1,-1,-1,4,E01023538,0,-1
2020332000712,2020,332000712,3,5,0,13,13,4,8,0,0,8,0,0,0,0,1,1,6,6,1,40,7,-1,-1,-1,-1,9,E01026360,0,-1
2020010271170,2020,010271170,1,1,9,99,99,9,9,99,99,9,9,99,9,99,9,1,2,2,1,23,5,-1,-1,-1,-1,6,E01002628,0,-1
2020010275448,2020,010275448,2,19,0,99,99,9,9,99,99,9,9,99,9,99,0,9,6,6,3,30,6,-1,-1,-1,-1,-1,-1,0,-1
2020040925956,2020,040925956,1,98,0,18,19,4,8,0,0,1,0,0,0,0,1,1,1,1,1,40,7,-1,-1,-1,-1,-1,-1,0,-1
202006F268510,2020,06F268510,1,1,0,5,5,4,8,4,4,8,0,0,0,0,3,1,2,2,1,46,8,-1,-1,-1,-1,3,E01032919,0,-1
202060Y099523,2020,60Y099523,1,9,0,2,2,0,0,0,0,0,5,0,1,10,2,1,6,6,1,35,6,-1,-1,-1,-1,-1,-1,0,-1
202031D055620,2020,31D055620,1,10,0,9,9,3,1,0,0,6,0,0,0,0,3,1,6,6,2,92,11,-1,-1,-1,-1,10,E01028412,0,-1
2020361014019,2020,361014019,2,1,-1,-1,-1,-1,-1,-1,-1,0,-1,-1,-1,0,-1,1,6,6,1,51,8,-1,-1,-1,-1,8,E01026581,0,-1
2020450999927,2020,450999927,1,1,0,7,7,1,4,0,0,0,1,11,0,0,2,1,5,6,1,76,11,-1,-1,-1,-1,10,E01030584,0,-1
202031C156320,2020,31C156320,2,8,0,18,19,1,5,0,0,2,0,0,0,0,0,1,6,6,1,-1,-1,-1,-1,-1,-1,-1,-1,0,-1
202006L278408,2020,06L278408,2,1,0,18,19,1,5,0,0,8,0,0,0,0,1,1,6,6,1,60,9,-1,-1,-1,-1,8,E01006302,0,-1
2020010274041,2020,010274041,2,8,0,18,19,5,1,0,0,2,0,0,0,0,1,1,6,6,1,55,8,-1,-1,-1,-1,6,E01004216,0,-1
2020332000601,2020,332000601,2,9,0,18,19,3,7,0,0,8,0,0,0,0,1,1,6,6,1,-1,-1,-1,-1,-1,-1,-1,-1,0,-1
2020332000456,2020,332000456,1,9,0,5,5,2,6,0,0,6,0,0,0,0,1,1,6,6,1,33,6,-1,-1,-1,-1,10,E01025713,0,-1
2020100950152,2020,100950152,1,1,0,18,19,5,1,0,0,0,5,0,0,0,1,1,6,6,1,35,6,-1,-1,-1,-1,-1,-1,0,-1
2020010277318,2020,010277318,2,1,0,18,19,3,7,0,0,2,0,0,0,0,1,1,1,1,1,18,4,-1,-1,-1,-1,4,E01003211,0,-1
2020302000911,2020,302000911,1,1,0,18,19,5,1,0,0,0,0,0,0,0,1,1,6,6,1,51,8,-1,-1,-1,-1,8,E01019885,0,-1
2020547202620,2020,547202620,2,9,0,9,9,3,1,0,0,8,0,0,0,0,4,1,6,6,1,30,6,-1,-1,-1,-1,-1,-1,0,-1
2020430355520,2020,430355520,2,9,0,18,19,2,6,0,0,0,0,8,0,0,4,1,6,6,3,-1,-1,-1,-1,-1,-1,-1,-1,0,-1
2020450977253,2020,450977253,1,1,0,18,19,8,4,0,0,0,5,0,0,0,4,1,5,6,1,61,9,-1,-1,-1,-1,9,E01030519,0,-1
2020420928107,2020,420928107,1,21,1,9,9,3,1,0,0,8,0,0,0,0,3,1,1,1,1,42,7,-1,-1,-1,-1,-1,-1,0,-1
2020531008530,2020,531008530,2,1,0,18,19,1,5,0,0,2,0,0,0,0,3,1,4,7,1,15,3,-1,-1,-1,-1,9,E01022129,0,-1
20201379T1195,2020,1379T1195,3,9,0,3,3,0,0,0,0,0,0,0,0,0,2,1,1,1,1,52,8,-1,-1,-1,-1,2,E01011274,0,-1
2020010282096,2020,010282096,2,1,0,4,4,2,6,0,0,1,0,0,0,0,2,1,6,6,1,37,7,-1,-1,-1,-1,3,E01032719,0,-1
2020200966502,2020,200966502,2,1,0,18,19,4,8,0,0,8,0,0,0,0,4,1,1,1,1,59,9,-1,-1,-1,-1,6,E01009217,0,-1
2020410991517,2020,410991517,2,1,0,18,19,8,4,2,2,0,0,0,1,0,4,1,2,2,1,37,7,-1,-1,-1,-1,4,E01023337,0,-1
2020010254387,2020,010254387,1,9,0,99,99,9,9,99,99,9,9,99,9,99,9,9,6,6,3,-1,-1,-1,-1,-1,-1,-1,-1,0,-1
2020461012209,2020,461012209,2,1,0,18,19,1,5,0,0,0,0,0,0,0,1,1,6,6,1,48,8,-1,-1,-1,-1,9,E01024757,0,-1
2020545579420,2020,545579420,2,9,0,2,2,0,0,0,0,0,0,0,0,0,2,1,6,6,2,48,8,-1,-1,-1,-1,8,E01032704,0,-1
2020010252174,2020,010252174,2,1,0,18,19,1,5,0,0,0,0,0,0,0,3,1,2,2,2,20,4,-1,-1,-1,-1,6,E01033742,0,-1
2020070497886,2020,070497886,1,1,0,16,19,3,7,0,0,0,1,0,0,0,0,1,6,6,2,42,7,-1,-1,-1,-1,10,E01005792,0,-1
2020360978008,2020,360978008,2,1,0,18,19,4,8,0,0,0,0,0,0,0,1,1,5,6,1,56,9,-1,-1,-1,-1,5,E01026525,0,-1
2020100953895,2020,100953895,2,1,0,18,19,4,8,0,0,0,5,0,0,0,2,1,5,6,1,42,7,-1,-1,-1,-1,5,E01020590,0,-1
2020110919134,2020,110919134,1,1,0,3,3,7,3,9,9,0,2,0,0,0,1,1,5,6,2,16,4,-1,-1,-1,-1,1,E01020901,0,-1
2020990948203,2020,990948203,1,1,0,18,19,3,7,0,0,8,2,0,0,0,0,1,5,6,1,36,7,-1,-1,-1,-1,10,-1,0,-1
2020010237421,2020,010237421,2,9,0,99,99,9,9,99,99,6,9,99,9,99,1,9,6,6,1,65,9,-1,-1,-1,-1,7,E01032619,0,-1
2020320503428,2020,320503428,2,3,0,18,19,7,3,0,0,1,0,0,0,0,1,1,6,6,1,22,5,-1,-1,-1,-1,8,E01026258,0,-1
2020332001103,2020,332001103,2,9,0,18,19,4,8,0,0,0,0,0,0,0,0,1,6,6,1,25,5,-1,-1,-1,-1,-1,-1,0,-1
2020440426205,2020,440426205,1,9,0,3,3,1,5,0,0,2,0,0,0,0,2,1,2,2,1,61,9,-1,-1,-1,-1,8,E01022754,0,-1
2020010277234,2020,010277234,2,1,0,18,19,5,1,0,0,8,0,0,0,0,4,1,2,2,1,30,6,-1,-1,-1,-1,4,E01032778,0,-1
2020990958273,2020,990958273,2,1,0,18,19,4,1,4,4,1,0,0,0,0,3,1,2,2,1,48,8,-1,-1,-1,-1,10,-1,0,-1
2020461010419,2020,461010419,1,9,0,10,10,7,3,0,0,1,0,0,0,0,2,1,6,6,3,-1,-1,-1,-1,-1,-1,-1,-1,0,-1
2020010266409,2020,010266409,2,9,0,3,3,3,7,0,0,1,0,0,0,0,4,1,6,6,1,48,8,-1,-1,-1,-1,3,E01003565,0,-1
2020010275431,2020,010275431,1,-1,0,18,19,5,1,9,9,1,0,0,0,0,1,1,6,6,3,-1,-1,-1,-1,-1,-1,-1,-1,1,-1
2020332000485,2020,332000485,1,9,0,9,9,3,1,0,0,5,0,0,7,0,4,1,6,6,1,21,5,-1,-1,-1,-1,9,E01025777,0,-1
2020052001956,2020,052001956,1,9,0,13,13,7,3,0,0,8,0,0,0,0,4,1,6,6,3,-1,-1,-1,-1,-1,-1,-1,-1,0,-1
2020210943039,2020,210943039,3,9,0,4,4,7,3,0,0,0,0,0,0,0,2,1,6,6,2,20,4,-1,-1,-1,-1,1,E01014286,0,-1
2020451005932,2020,451005932,2,1,0,18,19,1,5,0,0,0,0,0,0,0,0,1,6,6,1,14,3,-1,-1,-1,-1,7,E01030594,0,-1
2020990938052,2020,990938052,1,9,0,18,19,7,3,0,0,0,0,0,3,0,1,1,6,6,3,30,6,-1,-1,-1,-1,-1,-1,0,-1
2020010256002,2020,010256002,1,9,0,18,19,1,5,0,0,1,1,0,0,0,4,2,6,6,3,19,4,-1,-1,-1,-1,-1,-1,0,-1
2020137160891,2020,137160891,2,9,0,14,14,8,4,0,0,0,0,0,0,0,1,1,6,6,1,23,5,-1,-1,-1,-1,2,E01011813,0,-1
2020360977985,2020,360977985,1,9,0,18,19,7,3,0,0,0,0,0,0,0,1,1,3,7,1,39,7,-1,-1,-1,-1,5,E01026788,0,-1
2020440419531,2020,440419531,2,9,0,18,19,1,5,0,0,1,0,0,0,0,1,1,6,6,3,-1,-1,-1,-1,-1,-1,-1,-1,0,-1
2020471007255,2020,471007255,2,1,0,18,19,6,2,0,0,1,0,0,0,0,3,1,6,6,1,49,8,-1,-1,-1,-1,10,E01027077,0,-1
202060Y109213,2020,60Y109213,1,9,0,18,19,5,1,0,0,0,0,4,0,0,1,1,6,6,1,82,11,-1,-1,-1,-1,-1,-1,0,-1
2020470921797,2020,470921797,2,90,0,18,19,7,3,0,0,0,0,0,0,0,0,1,6,6,3,-1,-1,-1,-1,-1,-1,-1,-1,0,-1
2020622000544,2020,622000544,1,2,0,17,19,8,6,0,0,0,1,4,1,0,4,1,6,6,1,16,4,-1,-1,-1,-1,1,W01001251,0,-1
2020160994439,2020,160994439,1,9,0,7,7,5,7,0,0,6,0,0,0,0,1,1,6,6,2,28,6,-1,-1,-1,-1,-1,-1,0,-1
2020440476814,2020,440476814,1,19,0,7,7,8,2,0,0,6,0,0,0,0,1,1,6,6,1,-1,-1,-1,-1,-1,-1,-1,-1,0,-1
2020450982682,2020,450982682,4,9,0,2,2,5,1,0,0,2,0,0,0,0,1,1,6,6,3,-1,-1,-1,-1,-1,-1,-1,-1,0,-1
2020230929257,2020,230929257,2,1,0,18,19,8,4,0,0,2,0,0,0,0,2,1,2,2,1,40,7,-1,-1,-1,-1,-1,-1,0,-1
2020070372988,2020,070372988,2,1,0,18,19,1,5,9,9,0,0,0,0,0,1,1,6,6,2,66,10,-1,-1,-1,-1,-1,-1,0,-1
2020440410513,2020,440410513,2,1,0,18,19,7,3,0,0,8,0,0,0,0,1,1,6,6,2,44,7,-1,-1,-1,-1,4,E01023154,0,-1
2020320258611,2020,320258611,1,3,0,18,19,5,1,0,0,0,0,0,0,0,1,1,6,6,1,21,5,-1,-1,-1,-1,1,E01026152,0,-1
2020010282894,2020,010282894,1,9,0,99,99,9,9,0,0,2,0,0,0,0,1,9,6,6,3,65,9,-1,-1,-1,-1,9,E01021446,0,-1
2020430314906,2020,430314906,2,1,0,18,19,3,8,0,0,8,0,0,0,0,3,1,6,6,1,63,9,-1,-1,-1,-1,5,E01028533,0,-1
2020450999607,2020,450999607,3,9,0,2,2,0,0,0,0,2,0,0,0,0,3,1,6,6,3,-1,-1,-1,-1,-1,-1,-1,-1,0,-1
2020010252547,2020,010252547,2,9,0,18,19,1,5,0,0,2,0,0,0,0,1,1,6,6,1,49,8,-1,-1,-1,-1,4,E01000112,0,-1
2020010261809,2020,010261809,1,1,0,18,19,3,7,0,0,1,5,0,0,0,4,1,6,6,1,38,7,-1,-1,-1,-1,4,E01004617,0,-1
2020470983606,2020,470983606,2,1,0,18,19,5,1,0,0,1,0,0,0,0,1,1,5,6,1,57,9,-1,-1,-1,-1,6,E01031062,0,-1
2020350934080,2020,350934080,1,9,0,9,9,3,1,0,0,5,0,0,0,0,1,1,6,6,3,-1,-1,-1,-1,-1,-1,-1,-1,0,-1
2020450956237,2020,450956237,2,1,0,18,19,1,5,0,0,1,0,0,0,0,4,1,5,6,1,31,6,-1,-1,-1,-1,8,E01030949,0,-1
2020010270391,2020,010270391,2,9,0,11,11,5,1,0,0,0,0,0,0,0,4,1,6,6,3,-1,-1,-1,-1,-1,-1,-1,-1,0,-1
2020440429733,2020,440429733,2,9,0,18,19,6,2,0,0,0,0,0,0,0,3,1,6,6,3,-1,-1,-1,-1,-1,-1,-1,-1,0,-1
2020122100058,2020,122100058,2,1,0,18,19,1,5,0,0,8,0,0,0,0,3,1,6,6,1,32,6,-1,-1,-1,-1,10,E01032549,0,-1
2020100944319,2020,100944319,1,4,0,17,19,4,8,0,0,0,1,10,2,0,1,1,6,6,1,29,6,-1,-1,-1,-1,2,E01008203,0,-1
2020400999788,2020,400999788,2,1,0,18,19,5,1,0,0,1,0,0,0,0,1,1,6,6,1,38,7,-1,-1,-1,-1,3,E01017619,0,-1
202006A375112,2020,06A375112,2,1,0,18,19,1,5,0,0,0,2,0,0,0,1,1,6,6,1,14,3,-1,-1,-1,-1,1,E01005106,0,-1
2020332000441,2020,332000441,1,4,0,11,11,5,1,0,0,0,0,0,1,9,4,1,6,6,1,23,5,-1,-1,-1,-1,1,E01031015,0,-1
2020430145673,2020,430145673,1,1,0,18,19,1,5,0,0,8,0,0,0,0,1,1,6,6,1,65,9,-1,-1,-1,-1,2,E01016443,0,-1
2020470953395,2020,470953395,2,9,0,2,2,0,0,0,0,0,0,0,1,0,2,1,6,6,3,-1,-1,-1,-1,-1,-1,-1,-1,0,-1
2020990963692,2020,990963692,1,9,0,5,5,4,1,0,0,0,0,0,0,0,1,1,1,1,1,52,8,-1,-1,-1,-1,1,-1,0,-1
2020520003991,2020,520003991,1,9,0,3,3,3,7,0,0,6,0,0,0,0,3,1,6,6,1,54,8,-1,-1,-1,-1,7,E01029018,0,-1
2020052001673,2020,052001673,3,23,0,18,19,2,6,0,0,1,0,0,0,0,1,1,6,6,1,16,4,-1,-1,-1,-1,4,E01033756,0,-1
2020070113688,2020,070113688,1,9,0,18,19,7,3,0,0,0,0,0,0,0,1,1,6,6,1,-1,-1,-1,-1,-1,-1,10,E01012477,0,-1
2020332000918,2020,332000918,2,1,0,18,19,5,1,0,0,8,0,0,0,0,1,1,6,6,2,61,9,-1,-1,-1,-1,7,E01025682,0,-1
2020471007999,2020,471007999,3,9,0,2,2,0,0,0,0,0,0,0,0,0,2,1,6,6,3,-1,-1,-1,-1,-1,-1,-1,-1,0,-1
2020140964202,2020,140964202,2,9,0,7,7,5,7,0,0,0,0,0,0,0,4,1,6,6,1,-1,-1,-1,-1,-1,-1,-1,-1,0,-1
2020122100124,2020,122100124,2,9,0,18,19,1,5,0,0,1,0,0,0,0,1,2,2,2,2,21,5,-1,-1,-1,-1,8,E01033185,0,-1
2020010263362,2020,010263362,2,1,0,4,4,3,7,4,4,8,0,0,1,0,4,1,6,6,1,70,10,-1,-1,-1,-1,6,E01003738,0,-1
2020610042920,2020,610042920,2,9,0,18,19,8,4,0,0,0,0,0,0,0,1,1,1,1,1,28,6,-1,-1,-1,-1,5,W01001412,0,-1
20201374K1730,2020,1374K1730,2,1,0,18,19,5,1,4,4,1,0,0,0,0,1,1,2,2,1,49,8,-1,-1,-1,-1,8,E01010790,0,-1
2020302100218,2020,302100218,1,21,0,12,12,1,5,0,0,0,0,0,0,0,3,2,1,1,1,36,7,-1,-1,-1,-1,-1,-1,0,-1
2020040954924,2020,040954924,2,1,0,16,19,3,7,0,0,0,0,0,0,0,3,1,5,6,1,51,8,-1,-1,-1,-1,8,E01006992,0,-1
2020010251574,2020,010251574,2,1,0,18,19,4,8,0,0,0,0,4,1,0,3,1,6,6,1,27,6,-1,-1,-1,-1,3,E01000163,0,-1
2020137931789,2020,137931789,1,9,0,18,19,5,1,0,0,8,0,0,0,0,1,1,6,6,1,30,6,-1,-1,-1,-1,8,E01026061,0,-1
2020140989273,2020,140989273,2,9,0,2,2,0,0,0,0,0,0,0,0,0,2,1,6,6,3,-1,-1,-1,-1,-1,-1,-1,-1,0,-1
2020010259439,2020,010259439,2,1,0,7,7,8,2,0,0,1,0,0,0,0,2,1,6,6,1,37,7,-1,-1,-1,-1,4,E01002014,0,-1
202006L170659,2020,06L170659,2,1,0,18,19,4,8,0,0,1,0,0,0,0,4,1,6,6,1,21,5,-1,-1,-1,-1,4,E01006388,0,-1
2020302001351,2020,302001351,2,19,0,11,11,3,7,0,0,0,0,0,0,0,4,1,6,6,1,70,10,-1,-1,-1,-1,1,E01010295,0,-1
2020010247171,2020,010247171,2,1,0,18,19,5,1,0,0,4,0,0,0,0,4,1,6,6,1,56,9,-1,-1,-1,-1,7,E01003078,0,-1
2020052000276,2020,052000276,1,9,0,9,9,2,8,0,0,8,0,0,0,0,1,1,6,6,2,-1,-1,-1,-1,-1,-1,-1,-1,0,-1
2020360979902,2020,360979902,1,9,0,4,4,1,5,0,0,0,1,4,0,0,4,1,1,1,1,40,7,-1,-1,-1,-1,3,E01026799,0,-1
2020430223212,2020,430223212,2,9,0,18,19,6,2,0,0,2,0,0,0,0,3,1,6,6,3,-1,-1,-1,-1,-1,-1,-1,-1,0,-1
2020160960259,2020,160960259,3,9,0,2,2,0,0,0,0,0,0,0,0,0,2,1,6,6,3,-1,-1,-1,-1,-1,-1,-1,-1,0,-1
2020410977405,2020,410977405,2,1,0,18,19,3,7,0,0,0,0,0,0,0,1,1,6,6,1,46,8,-1,-1,-1,-1,5,E01000285,0,-1
2020440401153,2020,440401153,1,1,0,18,19,1,5,0,0,8,0,0,0,0,1,1,6,6,1,30,6,-1,-1,-1,-1,10,E01022747,0,-1
2020622000625,2020,622000625,2,9,0,4,4,6,2,0,0,0,0,0,0,0,2,1,6,6,3,-1,-1,-1,-1,-1,-1,-1,-1,0,-1
2020010243727,2020,010243727,2,9,0,15,15,3,7,0,0,0,0,0,0,0,1,1,6,6,3,-1,-1,-1,-1,-1,-1,-1,-1,0,-1
2020052001354,2020,052001354,1,19,0,9,9,2,8,0,0,2,0,0,0,0,4,1,6,6,3,-1,-1,-1,-1,-1,-1,-1,-1,0,-1
2020522002619,2020,522002619,2,9,0,15,15,5,1,0,0,0,0,0,0,0,2,1,6,6,3,-1,-1,-1,-1,-1,-1,-1,-1,0,-1
2020122000977,2020,122000977,2,1,0,18,19,2,6,0,0,2,0,0,0,0,4,1,6,6,1,57,9,-1,-1,-1,-1,7,E01013406,0,-1
2020332000916,2020,332000916,1,9,0,11,11,5,1,0,0,4,0,0,0,0,3,1,2,2,2,24,5,-1,-1,-1,-1,10,E01025615,0,-1
2020230968833,2020,230968833,2,1,0,5,5,7,3,0,0,1,0,0,0,0,1,1,5,6,1,11,3,-1,-1,-1,-1,4,E01031276,0,-1
2020010231771,2020,010231771,1,1,9,18,19,9,9,0,0,8,5,0,0,99,4,1,2,2,2,32,6,-1,-1,-1,-1,5,E01004370,0,-1
20201375K1608,2020,1375K1608,3,9,0,2,2,0,0,0,0,0,0,0,0,0,1,1,6,6,2,37,7,-1,-1,-1,-1,1,E01011677,0,-1
2020010253171,2020,010253171,1,1,9,99,99,9,9,99,99,0,9,99,9,99,9,1,2,2,1,31,6,-1,-1,-1,-1,2,E01000078,0,-1
2020450939432,2020,450939432,1,9,0,18,19,7,3,0,0,0,0,0,0,0,1,1,1,1,1,32,6,-1,-1,-1,-1,3,E01016150,0,-1
2020450946687,2020,450946687,2,9,0,2,2,5,1,0,0,0,0,0,0,0,3,1,6,6,3,-1,-1,-1,-1,-1,-1,-1,-1,0,-1
2020160978007,2020,160978007,1,9,0,18,19,7,3,0,0,1,0,0,0,0,4,1,6,6,1,60,9,-1,-1,-1,-1,-1,-1,0,-1
2020990956793,2020,990956793,1,9,0,1,1,4,8,0,0,0,0,0,0,0,2,1,1,1,1,52,8,-1,-1,-1,-1,2,-1,0,-1
2020460926093,2020,460926093,2,9,0,17,19,6,2,0,0,0,0,0,0,0,3,1,1,1,1,39,7,-1,-1,-1,-1,5,E01024598,0,-1
2020040923358,2020,040923358,2,1,0,17,19,7,6,0,0,0,0,0,0,0,1,1,5,6,1,29,6,-1,-1,-1,-1,5,E01004899,0,-1
202054A350120,2020,54A350120,2,1,0,9,9,2,6,0,0,0,0,0,0,0,1,1,6,6,1,14,3,-1,-1,-1,-1,9,E01031999,0,-1
2020010249571,2020,010249571,1,1,9,99,99,9,9,99,99,9,9,99,9,99,9,-1,2,2,1,47,8,-1,-1,-1,-1,3,E01000800,0,-1
2020010238174,2020,010238174,2,8,0,99,99,9,9,99,99,9,9,99,9,99,9,9,6,6,3,-1,-1,-1,-1,-1,-1,-1,-1,0,-1
2020010270582,2020,010270582,2,9,0,99,99,9,9,99,99,9,9,99,9,99,9,9,6,6,3,-1,-1,-1,-1,-1,-1,-1,-1,0,-1
2020410992165,2020,410992165,1,1,0,18,19,8,4,0,0,0,0,0,0,0,3,1,5,6,1,71,10,-1,-1,-1,-1,6,E01023600,0,-1
202006F369391,2020,06F369391,1,1,0,15,15,3,5,0,0,0,0,0,0,0,4,1,6,6,2,47,8,-1,-1,-1,-1,8,E01005155,0,-1
2020440223404,2020,440223404,1,9,0,18,19,2,6,0,0,0,5,4,0,0,4,1,6,6,1,89,11,-1,-1,-1,-1,3,E01017299,0,-1
2020400974989,2020,400974989,2,1,0,18,19,3,7,0,0,8,0,0,0,0,4,1,6,6,1,43,7,-1,-1,-1,-1,4,E01017476,0,-1
2020522002656,2020,522002656,1,1,0,18,19,5,1,0,0,1,0,0,0,0,1,1,1,1,1,37,7,-1,-1,-1,-1,2,E01014630,0,-1
2020010261464,2020,010261464,1,9,0,9,9,1,7,0,0,6,0,0,0,0,1,1,1,1,1,38,7,-1,-1,-1,-1,2,E01001815,0,-1
2020161009000,2020,161009000,2,98,0,4,4,2,6,0,0,4,0,0,0,0,0,1,1,1,3,19,4,-1,-1,-1,-1,-1,-1,0,-1
2020010271018,2020,010271018,1,1,0,18,19,1,5,0,0,0,5,0,0,0,1,1,2,2,1,59,9,-1,-1,-1,-1,7,E01004545,0,-1
2020350935249,2020,350935249,1,9,-1,1,1,3,7,0,0,0,-1,-1,-1,0,2,1,6,6,1,35,6,-1,-1,-1,-1,-1,-1,0,-1
202063D077120,2020,63D077120,1,9,0,9,9,4,2,0,0,8,0,0,0,0,1,1,1,1,1,54,8,-1,-1,-1,-1,8,W01000503,0,-1
2020501002536,2020,501002536,2,9,0,18,19,8,4,0,0,8,0,0,7,0,1,1,6,6,1,85,11,-1,-1,-1,-1,6,E01018750,0,-1
2020200929508,2020,200929508,1,9,0,18,19,-1,-1,0,0,0,0,0,0,0,4,1,6,6,1,-1,-1,-1,-1,-1,-1,3,E01009954,0,-1
2020010269647,2020,010269647,2,1,0,18,19,1,5,9,9,8,0,0,0,0,1,1,6,6,1,18,4,-1,-1,-1,-1,4,E01002519,0,-1
2020010268222,2020,010268222,2,1,0,4,4,3,7,0,0,6,0,0,0,0,1,1,2,2,1,23,5,-1,-1,-1,-1,2,E01001812,0,-1
2020450970995,2020,450970995,1,1,0,18,19,1,3,0,0,0,0,0,0,0,2,1,6,6,1,51,8,-1,-1,-1,-1,8,E01003895,0,-1
2020990951042,2020,990951042,2,9,0,2,2,0,0,6,6,8,0,0,1,0,3,1,6,6,3,-1,-1,-1,-1,-1,-1,-1,-1,0,-1
2020070549572,2020,070549572,2,9,0,18,19,1,5,0,0,1,0,0,0,0,4,1,6,6,1,41,7,-1,-1,-1,-1,-1,-1,0,-1
2020470971520,2020,470971520,1,9,0,18,19,7,3,0,0,0,0,0,0,0,0,1,6,6,3,-1,-1,-1,-1,-1,-1,-1,-1,0,-1
2020430323776,2020,430323776,1,9,0,18,19,7,3,0,0,4,0,0,0,0,3,1,6,6,1,29,6,-1,-1,-1,-1,-1,-1,0,-1
2020010237012,2020,010237012,1,9,0,7,7,1,2,0,0,6,0,11,0,0,1,1,6,6,3,-1,-1,-1,-1,-1,-1,-1,-1,0,-1
202060Y049423,2020,60Y049423,2,1,0,17,19,8,4,0,0,1,0,0,0,0,1,1,6,6,1,49,8,-1,-1,-1,-1,-1,-1,0,-1
2020010239889,2020,010239889,2,1,0,18,19,3,7,4,4,1,1,0,0,0,1,-1,6,6,1,27,6,-1,-1,-1,-1,10,E01028148,0,-1
2020010256971,2020,010256971,1,1,9,99,99,9,9,99,99,9,9,99,9,99,9,1,6,6,1,38,7,-1,-1,-1,-1,6,E01001964,0,-1
2020430193997,2020,430193997,1,90,0,18,19,4,8,0,0,0,0,0,0,0,3,1,6,6,1,34,6,-1,-1,-1,-1,10,E01017871,0,-1
2020332000014,2020,332000014,1,9,0,18,19,6,2,0,0,8,0,0,0,0,1,1,6,6,3,-1,-1,-1,-1,-1,-1,-1,-1,0,-1
202031B027220,2020,31B027220,2,22,0,18,19,1,5,0,0,8,0,0,0,0,3,1,6,6,1,75,10,-1,-1,-1,-1,6,E01028024,0,-1
2020110960323,2020,110960323,3,9,0,2,2,0,0,0,0,1,0,0,0,0,1,1,6,6,3,-1,-1,-1,-1,-1,-1,-1,-1,0,-1
2020010277984,2020,010277984,1,1,0,18,19,4,8,0,0,8,5,7,0,0,3,1,6,6,1,54,8,-1,-1,-1,-1,9,E01001532,0,-1
2020010271745,2020,010271745,1,9,0,7,7,4,6,0,0,5,0,0,1,0,1,1,6,6,3,-1,-1,-1,-1,-1,-1,-1,-1,0,-1
2020471009757,2020,471009757,2,1,0,17,19,8,5,0,0,1,0,0,0,0,1,1,6,6,2,62,9,-1,-1,-1,-1,10,E01031619,0,-1
202031D049020,2020,31D049020,1,1,0,18,19,1,5,0,0,0,0,0,1,0,0,1,6,6,1,56,9,-1,-1,-1,-1,8,E01028138,0,-1
2020991003915,2020,991003915,1,9,0,18,19,4,8,0,0,8,0,0,0,0,1,1,6,6,3,20,4,-1,-1,-1,-1,-1,-1,0,-1
2020122000607,2020,122000607,1,9,0,18,19,8,4,0,0,0,0,0,0,0,4,1,6,6,3,-1,-1,-1,-1,-1,-1,-1,-1,0,-1
2020440285285,2020,440285285,1,1,0,18,19,8,5,0,0,1,0,0,0,0,3,1,6,6,2,23,5,-1,-1,-1,-1,8,E01000399,0,-1
2020010265319,2020,010265319,2,9,0,99,99,9,9,99,99,9,9,99,9,99,0,9,6,6,3,-1,-1,-1,-1,-1,-1,-1,-1,0,-1
20201373E1051,2020,1373E1051,1,9,0,18,19,0,0,0,0,0,0,0,0,0,1,1,6,6,3,-1,-1,-1,-1,-1,-1,-1,-1,0,-1
2020470918159,2020,470918159,2,1,0,18,19,7,3,0,0,1,0,0,0,0,1,1,5,6,1,35,6,-1,-1,-1,-1,8,E01016893,0,-1
2020010264391,2020,010264391,1,1,9,99,99,9,9,99,99,9,9,99,9,99,9,1,6,6,1,23,5,-1,-1,-1,-1,2,E01000533,0,-1
2020332000390,2020,332000390,1,9,0,18,19,8,4,0,0,6,0,0,0,0,4,1,6,6,2,41,7,-1,-1,-1,-1,3,E01013732,0,-1
2020201010759,2020,201010759,1,9,0,9,9,6,4,0,0,2,0,0,0,0,1,1,6,6,1,-1,-1,-1,-1,-1,-1,-1,-1,0,-1
202006E470867,2020,06E470867,2,9,0,2,2,0,0,0,0,1,0,0,0,0,3,1,6,6,1,40,7,-1,-1,-1,-1,1,E01005074,0,-1
2020010279767,2020,010279767,2,1,0,4,4,1,5,6,6,1,0,0,0,0,1,1,1,1,1,35,6,-1,-1,-1,-1,1,E01002074,0,-1
2020480932294,2020,480932294,1,1,0,12,12,1,5,0,0,2,0,0,0,0,1,1,2,2,1,42,7,-1,-1,-1,-1,5,E01001718,0,-1