collision_index,collision_year,collision_ref_no,vehicle_reference,vehicle_type,towing_and_articulation,vehicle_manoeuvre_historic,vehicle_manoeuvre,vehicle_direction_from,vehicle_direction_to,vehicle_location_restricted_lane_historic,vehicle_location_restricted_lane,junction_location,skidding_and_overturning,hit_object_in_carriageway,vehicle_leaving_carriageway,hit_object_off_carriageway,first_point_of_impact,vehicle_left_hand_drive,journey_purpose_of_driver_historic,journey_purpose_of_driver,sex_of_driver,age_of_driver,age_band_of_driver,engine_capacity_cc,propulsion_code,age_of_vehicle,generic_make_model,driver_imd_decile,lsoa_of_driver,escooter_flag,driver_distance_banding
2020470934957,2020,470934957,2,1,0,18,19,2,6,0,0,8,0,0,0,0,1,1,6,6,2,50,8,-1,-1,-1,-1,9,E01031446,0,-1
202006G168213,2020,06G168213,1,9,0,18,19,4,8,0,0,1,0,0,0,0,1,1,6,6,3,-1,-1,-1,-1,-1,-1,-1,-1,0,-1
202060Y077251,2020,60Y077251,1,9,0,18,19,3,7,0,0,1,0,0,0,0,1,1,6,6,1,20,4,-1,-1,-1,-1,-1,-1,0,-1
2020470969738,2020,470969738,1,1,0,18,19,5,1,0,0,1,0,0,0,0,4,1,6,6,1,-1,-1,-1,-1,-1,-1,6,E01016878,0,-1
2020430137252,2020,430137252,1,9,0,18,19,4,8,0,0,0,0,0,0,0,1,1,6,6,3,-1,-1,-1,-1,-1,-1,-1,-1,0,-1
202060Y138155,2020,60Y138155,2,9,0,5,5,2,6,0,0,1,0,0,0,0,1,1,6,6,2,23,5,-1,-1,-1,-1,-1,-1,0,-1
2020302000614,2020,302000614,1,1,0,18,19,8,2,4,4,0,0,0,0,0,0,1,6,6,1,40,7,-1,-1,-1,-1,7,E01019443,0,-1
2020430308613,2020,430308613,2,9,0,2,2,5,1,0,0,0,0,0,0,0,2,1,6,6,1,39,7,-1,-1,-1,-1,7,E01028541,0,-1
2020100945142,2020,100945142,2,1,0,18,19,5,1,0,0,8,0,0,0,0,1,1,5,6,1,69,10,-1,-1,-1,-1,3,E01033548,0,-1
2020420948825,2020,420948825,1,1,0,18,19,4,8,0,0,1,0,0,0,0,1,1,5,6,1,11,3,-1,-1,-1,-1,9,E01015939,0,-1
2020440017493,2020,440017493,1,9,0,18,19,7,3,8,6,0,0,0,1,4,1,1,1,1,1,77,11,-1,-1,-1,-1,3,E01022540,0,-1
2020200987467,2020,200987467,2,1,0,18,19,6,1,0,0,3,0,0,0,0,0,1,1,1,1,32,6,-1,-1,-1,-1,2,E01009725,0,-1
2020010272956,2020,010272956,2,1,0,18,19,2,6,4,4,1,0,0,0,0,4,1,6,6,1,32,6,-1,-1,-1,-1,1,E01001786,0,-1
2020360941278,2020,360941278,1,9,0,9,9,5,3,0,0,2,0,0,0,0,1,1,5,6,1,21,5,-1,-1,-1,-1,7,E01026669,0,-1
2020440449969,2020,440449969,1,1,0,18,19,2,6,0,0,0,0,4,0,0,1,1,6,6,1,22,5,-1,-1,-1,-1,6,E01022672,0,-1
2020200993166,2020,200993166,2,1,0,18,19,-1,-1,0,0,0,0,0,0,0,1,1,6,6,2,11,3,-1,-1,-1,-1,1,E01010032,0,-1
2020200936160,2020,200936160,1,9,0,5,5,7,1,0,0,0,0,0,0,0,0,1,6,6,1,-1,-1,-1,-1,-1,-1,-1,-1,0,-1
2020470997728,2020,470997728,1,9,0,18,19,1,5,0,0,1,0,0,0,0,1,1,6,6,3,-1,-1,-1,-1,-1,-1,-1,-1,0,-1
2020010266224,2020,010266224,2,9,0,99,99,9,9,99,99,9,9,99,9,99,1,9,6,6,3,-1,-1,-1,-1,-1,-1,-1,-1,0,-1
2020010271030,2020,010271030,2,3,0,14,14,3,7,0,0,1,0,0,0,0,1,1,6,6,3,-1,-1,-1,-1,-1,-1,-1,-1,0,-1
2020010248329,2020,010248329,2,98,0,99,99,9,9,99,99,9,9,99,9,99,9,9,6,6,3,-1,-1,-1,-1,-1,-1,-1,-1,0,-1
2020361017363,2020,361017363,2,1,-1,-1,-1,-1,-1,-1,-1,0,-1,-1,-1,0,-1,1,5,6,1,23,5,-1,-1,-1,-1,5,E01026751,0,-1
2020450939835,2020,450939835,3,9,0,18,19,7,3,0,0,0,0,0,0,0,1,1,5,6,1,21,5,-1,-1,-1,-1,5,E01002520,0,-1
2020470941445,2020,470941445,2,9,0,2,2,0,0,0,0,0,0,0,0,0,2,1,6,6,3,-1,-1,-1,-1,-1,-1,-1,-1,0,-1
2020332000764,2020,332000764,2,9,0,13,13,6,2,0,0,0,0,0,0,0,1,1,6,6,1,28,6,-1,-1,-1,-1,2,E01032867,0,-1
2020530963491,2020,530963491,2,1,0,18,19,5,1,0,0,8,5,0,0,0,1,1,6,6,2,40,7,-1,-1,-1,-1,6,E01022338,0,-1
2020010277796,2020,010277796,1,19,0,9,9,5,3,0,0,5,0,0,0,0,1,1,1,1,1,39,7,-1,-1,-1,-1,4,E01016072,0,-1
2020548214520,2020,548214520,1,9,0,18,19,8,4,0,0,0,0,4,0,0,0,1,6,6,1,75,10,-1,-1,-1,-1,8,E01031940,0,-1
2020451006428,2020,451006428,2,1,0,18,19,5,1,0,0,8,5,0,0,0,3,1,2,2,1,38,7,-1,-1,-1,-1,10,E01030922,0,-1
2020220976156,2020,220976156,1,1,0,18,19,2,6,0,0,6,0,0,0,0,1,1,6,6,2,23,5,-1,-1,-1,-1,5,E01014078,0,-1
2020010251470,2020,010251470,1,1,9,99,99,9,9,99,99,9,9,99,9,99,9,1,6,6,1,17,4,-1,-1,-1,-1,10,E01000325,0,-1
2020010243884,2020,010243884,2,9,0,99,99,9,9,99,99,9,9,99,9,99,9,9,6,6,3,-1,-1,-1,-1,-1,-1,-1,-1,0,-1
2020160965454,2020,160965454,1,1,0,18,19,2,6,0,0,4,0,0,0,0,2,1,6,6,2,66,10,-1,-1,-1,-1,9,E01013168,0,-1
2020360999753,2020,360999753,2,1,0,18,19,5,1,0,0,0,5,0,0,0,2,1,5,6,1,48,8,-1,-1,-1,-1,1,E01026704,0,-1
2020430162477,2020,430162477,2,1,0,18,19,4,8,0,0,0,0,0,0,0,2,1,6,6,1,52,8,-1,-1,-1,-1,7,E01017680,0,-1
2020140959470,2020,140959470,3,98,0,16,19,5,1,0,0,8,0,0,0,0,1,1,1,1,1,48,8,-1,-1,-1,-1,3,E01009883,0,-1
202060Y124652,2020,60Y124652,1,9,0,18,19,1,5,0,0,0,0,0,0,0,1,1,6,6,1,17,4,-1,-1,-1,-1,-1,-1,0,-1
2020070379729,2020,070379729,2,1,0,18,19,5,1,0,0,0,0,0,1,0,0,1,1,1,1,23,5,-1,-1,-1,-1,7,E01018457,0,-1
2020520000485,2020,520000485,1,9,0,18,19,8,4,0,0,0,0,0,0,0,1,1,6,6,2,52,8,-1,-1,-1,-1,6,E01029316,0,-1
2020430075202,2020,430075202,2,9,0,9,9,2,8,0,0,6,0,0,0,0,1,1,1,1,1,22,5,-1,-1,-1,-1,4,E01016462,0,-1
2020070758233,2020,070758233,1,9,0,9,9,1,7,0,0,8,0,0,0,0,1,1,6,6,3,-1,-1,-1,-1,-1,-1,-1,-1,0,-1
2020052001357,2020,052001357,2,1,0,18,19,5,1,0,0,8,0,0,0,0,3,1,6,6,1,16,4,-1,-1,-1,-1,1,E01007296,0,-1
2020350937322,2020,350937322,1,9,0,18,19,3,2,0,0,0,0,0,0,0,1,1,1,1,1,36,7,-1,-1,-1,-1,3,E01015619,0,-1
2020370983663,2020,370983663,1,1,0,18,19,4,8,0,0,2,5,0,0,0,1,1,6,6,1,14,3,-1,-1,-1,-1,2,E01030264,0,-1
2020137A70367,2020,137A70367,2,1,0,9,9,3,7,0,0,8,0,0,0,0,4,1,6,6,1,26,6,-1,-1,-1,-1,5,E01011749,0,-1
2020990928316,2020,990928316,4,9,0,2,2,0,0,6,6,0,0,0,0,0,2,1,6,6,3,-1,-1,-1,-1,-1,-1,-1,-1,0,-1
2020201000225,2020,201000225,2,23,0,14,14,7,3,0,0,0,0,8,0,0,4,1,1,1,1,19,4,-1,-1,-1,-1,1,E01009298,0,-1
2020622000675,2020,622000675,2,1,0,18,19,1,5,0,0,1,0,0,0,0,1,1,6,6,1,47,8,-1,-1,-1,-1,8,W01001214,0,-1
2020052001071,2020,052001071,1,9,0,5,5,7,3,0,0,1,0,0,0,0,1,1,6,6,3,-1,-1,-1,-1,-1,-1,-1,-1,0,-1
2020010243478,2020,010243478,2,98,9,99,99,9,9,99,99,9,9,99,9,99,9,9,-1,-1,3,-1,-1,-1,-1,-1,-1,-1,-1,0,-1
2020332000780,2020,332000780,1,9,0,13,13,6,2,0,0,0,0,0,0,0,1,1,6,6,1,30,6,-1,-1,-1,-1,8,E01025643,0,-1
2020200988127,2020,200988127,3,9,0,18,19,6,2,0,0,0,0,0,0,0,1,1,6,6,3,-1,-1,-1,-1,-1,-1,-1,-1,0,-1
2020010236437,2020,010236437,2,9,0,99,99,9,9,99,99,9,9,99,9,99,9,9,6,6,3,-1,-1,-1,-1,-1,-1,-1,-1,0,-1
2020460917693,2020,460917693,2,1,0,9,9,1,5,0,0,1,0,0,0,0,0,1,6,6,1,57,9,-1,-1,-1,-1,6,E01024700,0,-1
2020430030732,2020,430030732,1,19,0,18,19,2,6,0,0,0,0,0,0,0,3,1,6,6,1,-1,-1,-1,-1,-1,-1,-1,-1,0,-1
202006G168540,2020,06G168540,1,9,0,9,9,3,1,0,0,8,0,0,0,0,4,1,6,6,1,46,8,-1,-1,-1,-1,-1,-1,0,-1
2020470990281,2020,470990281,2,9,0,6,6,6,6,0,0,1,5,0,0,0,4,1,1,1,1,60,9,-1,-1,-1,-1,9,E01031683,0,-1
2020010266350,2020,010266350,2,9,0,99,99,9,9,99,99,0,9,99,9,99,0,9,6,6,3,-1,-1,-1,-1,-1,-1,-1,-1,0,-1
2020140992007,2020,140992007,2,1,0,15,15,6,4,0,0,8,0,0,0,0,1,1,6,6,1,21,5,-1,-1,-1,-1,4,E01008073,0,-1
2020522100310,2020,522100310,2,1,0,18,19,8,4,0,0,1,0,0,0,0,1,1,6,6,1,43,7,-1,-1,-1,-1,-1,-1,0,-1
2020470964771,2020,470964771,2,1,0,18,19,1,5,0,0,0,5,0,0,0,1,1,6,6,1,-1,-1,-1,-1,-1,-1,-1,-1,0,-1
2020410946467,2020,410946467,5,9,0,2,2,0,0,0,0,0,0,0,0,0,4,1,6,6,3,-1,-1,-1,-1,-1,-1,-1,-1,0,-1
2020160953539,2020,160953539,2,1,0,18,19,4,8,0,0,0,0,0,0,0,1,1,6,6,1,-1,-1,-1,-1,-1,-1,2,E01013331,0,-1
202031B093320,2020,31B093320,1,9,0,9,9,4,1,0,0,6,0,0,0,0,1,1,6,6,3,-1,-1,-1,-1,-1,-1,-1,-1,0,-1
202006Q272656,2020,06Q272656,1,9,0,7,7,5,7,0,0,5,0,0,0,0,1,1,6,6,3,-1,-1,-1,-1,-1,-1,-1,-1,0,-1
2020420970333,2020,420970333,2,21,1,18,19,5,1,0,0,0,0,0,0,0,2,2,1,1,1,29,6,-1,-1,-1,-1,-1,-1,0,-1
2020010253238,2020,010253238,2,1,9,99,99,9,9,99,99,0,9,99,9,99,9,1,6,6,1,-1,-1,-1,-1,-1,-1,-1,-1,0,-1
2020332000402,2020,332000402,1,9,0,18,19,5,1,0,0,8,0,7,0,0,1,1,6,6,1,31,6,-1,-1,-1,-1,1,E01013684,0,-1
2020320428541,2020,320428541,1,1,0,18,19,7,3,0,0,4,5,10,0,0,1,1,6,6,1,42,7,-1,-1,-1,-1,10,E01026395,0,-1
2020990975546,2020,990975546,2,9,0,17,19,7,3,0,0,0,0,0,0,0,1,1,2,2,1,35,6,-1,-1,-1,-1,9,-1,0,-1
2020320381957,2020,320381957,1,9,0,18,19,1,5,0,0,0,0,0,0,0,1,1,6,6,3,-1,-1,-1,-1,-1,-1,-1,-1,0,-1
2020010246866,2020,010246866,2,19,9,99,99,9,9,99,99,9,9,99,9,99,9,9,-1,-1,3,-1,-1,-1,-1,-1,-1,-1,-1,0,-1
2020040995571,2020,040995571,1,9,0,18,19,3,7,0,0,0,0,0,0,0,4,1,6,6,3,-1,-1,-1,-1,-1,-1,-1,-1,0,-1
2020547492920,2020,547492920,2,9,0,18,19,1,5,0,0,0,0,0,0,0,0,1,6,6,3,30,6,-1,-1,-1,-1,-1,-1,0,-1
2020440110621,2020,440110621,2,9,0,18,19,3,7,0,0,0,0,0,0,0,3,1,6,6,1,-1,-1,-1,-1,-1,-1,-1,-1,0,-1
2020101005616,2020,101005616,1,1,0,18,19,5,1,0,0,8,5,0,0,0,1,1,6,6,1,16,4,-1,-1,-1,-1,5,E01008384,0,-1
2020610046020,2020,610046020,1,9,0,18,19,3,7,0,0,1,0,4,0,0,1,1,2,2,1,18,4,-1,-1,-1,-1,4,W01001401,0,-1
202006L172966,2020,06L172966,1,9,0,17,19,8,4,0,0,0,5,11,7,10,1,1,6,6,1,59,9,-1,-1,-1,-1,9,E01006374,0,-1
2020010264640,2020,010264640,2,9,0,18,19,3,7,0,0,8,0,0,0,0,1,1,6,6,3,-1,-1,-1,-1,-1,-1,-1,-1,0,-1
2020010238552,2020,010238552,1,9,9,99,99,9,9,99,99,9,9,99,9,99,9,9,6,6,3,-1,-1,-1,-1,-1,-1,-1,-1,0,-1
2020420971923,2020,420971923,2,1,0,14,14,7,3,0,0,0,0,0,0,0,1,1,6,6,1,50,8,-1,-1,-1,-1,8,E01021964,0,-1
2020160956513,2020,160956513,2,1,0,18,19,8,4,0,0,6,0,0,0,0,1,1,2,2,1,25,5,-1,-1,-1,-1,5,E01012768,0,-1
2020990947878,2020,990947878,2,1,0,18,19,1,5,0,0,8,0,0,0,0,4,1,5,6,2,54,8,-1,-1,-1,-1,2,-1,0,-1
2020010261871,2020,010261871,1,1,9,99,99,9,9,99,99,9,9,99,9,99,9,1,2,2,2,38,7,-1,-1,-1,-1,2,E01003732,0,-1
2020010277292,2020,010277292,2,1,0,18,19,1,5,0,0,1,1,0,0,0,1,1,2,2,1,32,6,-1,-1,-1,-1,5,E01002083,0,-1
2020010237618,2020,010237618,2,1,9,18,19,5,1,0,0,8,9,0,9,0,9,1,6,6,2,51,8,-1,-1,-1,-1,3,E01017099,0,-1
2020010247600,2020,010247600,2,1,0,18,19,7,3,0,0,1,0,0,0,0,1,1,2,2,2,37,7,-1,-1,-1,-1,4,E01003119,0,-1
2020010263695,2020,010263695,1,9,9,18,19,7,3,99,99,9,9,99,0,0,9,1,6,6,1,33,6,-1,-1,-1,-1,7,E01004500,0,-1
2020990953079,2020,990953079,2,9,0,2,2,0,0,0,0,0,0,0,0,0,1,1,6,6,3,-1,-1,-1,-1,-1,-1,-1,-1,0,-1
2020200926268,2020,200926268,1,8,0,7,7,4,7,0,0,5,0,0,0,0,1,1,1,1,1,61,9,-1,-1,-1,-1,1,E01009892,0,-1
2020200953698,2020,200953698,2,1,0,9,9,5,2,0,0,8,0,0,0,0,1,1,6,6,2,51,8,-1,-1,-1,-1,10,E01010388,0,-1
202006N173898,2020,06N173898,2,1,0,18,19,8,4,0,0,1,0,0,0,0,1,1,2,2,1,57,9,-1,-1,-1,-1,8,E01004970,0,-1
20201378D2119,2020,1378D2119,2,1,0,18,19,6,2,0,0,0,0,0,0,0,1,1,6,6,1,18,4,-1,-1,-1,-1,2,E01010621,0,-1
2020010277038,2020,010277038,1,1,9,99,99,9,9,99,99,9,9,99,9,99,0,1,6,6,1,25,5,-1,-1,-1,-1,5,E01001641,0,-1
2020460966622,2020,460966622,4,9,0,18,19,3,7,0,0,0,0,0,0,0,2,1,2,2,1,53,8,-1,-1,-1,-1,2,E01033726,0,-1
2020470939980,2020,470939980,3,9,0,4,4,5,1,0,0,0,0,0,0,0,0,1,6,6,3,-1,-1,-1,-1,-1,-1,-1,-1,0,-1
2020332001187,2020,332001187,4,9,0,2,2,0,0,0,0,0,0,0,0,0,0,1,6,6,3,-1,-1,-1,-1,-1,-1,-1,-1,0,-1
2020200993533,2020,200993533,3,9,0,3,3,4,8,0,0,0,0,0,0,0,1,1,6,6,1,36,7,-1,-1,-1,-1,10,E01010387,0,-1
2020340S03392,2020,340S03392,2,1,0,7,7,5,8,0,0,3,5,0,0,0,1,1,6,6,1,35,6,-1,-1,-1,-1,2,E01027230,0,-1
2020052000924,2020,052000924,1,9,0,5,5,9,9,0,0,8,0,0,0,0,1,1,6,6,3,-1,-1,-1,-1,-1,-1,-1,-1,0,-1
2020400931016,2020,400931016,1,9,0,4,4,7,3,0,0,0,0,0,0,0,1,1,6,6,1,52,8,-1,-1,-1,-1,2,E01017492,0,-1
2020070631024,2020,070631024,2,1,0,18,19,3,1,0,0,1,0,0,0,0,4,1,6,6,1,52,8,-1,-1,-1,-1,6,E01007286,0,-1
2020010228181,2020,010228181,3,1,0,5,5,5,1,0,0,0,0,4,0,0,1,1,6,6,1,51,8,-1,-1,-1,-1,2,E01003911,0,-1
2020430151610,2020,430151610,2,9,0,13,13,5,1,0,0,1,0,0,0,0,4,1,6,6,1,66,10,-1,-1,-1,-1,7,E01017803,0,-1
2020320162803,2020,320162803,4,9,0,18,19,7,3,0,0,0,0,0,0,0,0,1,1,1,1,64,9,-1,-1,-1,-1,4,E01026019,0,-1
2020461010676,2020,461010676,2,20,0,18,19,4,8,0,0,0,0,0,0,0,0,1,6,6,3,-1,-1,-1,-1,-1,-1,-1,-1,0,-1
2020420972746,2020,420972746,1,1,0,18,19,7,3,0,0,0,0,0,0,0,0,1,6,6,1,46,8,-1,-1,-1,-1,6,E01021334,0,-1
2020010253664,2020,010253664,2,9,0,99,99,9,9,99,99,9,9,99,9,99,2,9,6,6,3,-1,-1,-1,-1,-1,-1,-1,-1,0,-1
2020360983972,2020,360983972,3,97,0,18,19,1,5,0,0,0,0,0,0,0,0,1,6,6,3,-1,-1,-1,-1,-1,-1,-1,-1,0,-1
2020070164656,2020,070164656,2,1,0,18,19,4,8,0,0,0,0,0,0,0,0,1,6,6,1,50,8,-1,-1,-1,-1,8,E01012549,0,-1
202006L274946,2020,06L274946,1,9,0,18,19,6,2,0,0,1,0,0,0,0,1,1,6,6,3,-1,-1,-1,-1,-1,-1,-1,-1,0,-1
2020100983394,2020,100983394,1,9,0,5,5,3,7,0,0,1,0,0,0,0,1,1,6,6,1,30,6,-1,-1,-1,-1,-1,-1,0,-1
2020460997671,2020,460997671,1,98,1,7,7,1,3,0,0,8,0,0,0,0,2,1,6,6,3,-1,-1,-1,-1,-1,-1,-1,-1,0,-1
2020440209597,2020,440209597,2,9,0,5,5,3,7,0,0,8,0,0,0,0,1,1,6,6,1,19,4,-1,-1,-1,-1,-1,-1,0,-1
2020401003245,2020,401003245,2,1,0,18,19,3,5,0,0,1,0,0,0,0,0,1,6,6,1,30,6,-1,-1,-1,-1,3,E01015730,0,-1
2020440289271,2020,440289271,2,1,0,18,19,2,6,9,9,8,0,0,0,0,0,1,6,6,1,48,8,-1,-1,-1,-1,10,E01022977,0,-1
2020470954216,2020,470954216,2,1,0,18,19,1,6,0,0,1,5,0,0,0,0,1,5,6,1,46,8,-1,-1,-1,-1,9,E01021028,0,-1
2020170S41230,2020,170S41230,1,9,0,13,13,3,7,0,0,0,0,0,0,0,0,1,6,6,3,-1,-1,-1,-1,-1,-1,-1,-1,0,-1
2020030959783,2020,030959783,1,9,0,18,19,1,5,0,0,0,5,4,0,0,1,1,5,6,1,29,6,-1,-1,-1,-1,8,E01019312,0,-1
2020410992285,2020,410992285,2,1,0,18,19,8,4,0,0,6,0,0,0,0,4,1,5,6,1,57,9,-1,-1,-1,-1,4,E01023555,0,-1
2020010252085,2020,010252085,2,1,0,18,19,3,7,0,0,7,1,0,0,0,1,1,6,6,1,15,3,-1,-1,-1,-1,8,E01000671,0,-1
2020010282802,2020,010282802,2,1,0,14,14,1,5,0,0,1,0,0,0,0,1,1,2,2,1,32,6,-1,-1,-1,-1,2,E01004719,0,-1
2020470965030,2020,470965030,2,9,0,9,9,6,4,0,0,8,0,0,0,0,1,1,1,1,1,41,7,-1,-1,-1,-1,6,E01021113,0,-1
2020230956484,2020,230956484,1,9,0,9,9,3,1,0,0,6,0,0,0,0,3,1,5,6,3,25,5,-1,-1,-1,-1,-1,-1,0,-1
2020360990604,2020,360990604,2,1,0,18,19,4,8,0,0,8,5,0,0,0,1,1,5,6,1,63,9,-1,-1,-1,-1,8,E01026855,0,-1
202063A012820,2020,63A012820,2,90,0,18,19,2,6,0,0,0,0,0,0,0,1,1,6,6,1,30,6,-1,-1,-1,-1,5,W01000723,0,-1
2020140991983,2020,140991983,2,9,0,18,19,2,6,0,0,0,0,0,0,0,1,1,6,6,3,-1,-1,-1,-1,-1,-1,-1,-1,0,-1
2020302001579,2020,302001579,2,1,0,18,19,8,2,0,0,1,0,0,0,0,0,1,6,6,1,31,6,-1,-1,-1,-1,1,E01013570,0,-1
2020440267130,2020,440267130,2,1,0,18,19,5,1,0,0,8,0,0,0,0,4,1,6,6,1,34,6,-1,-1,-1,-1,10,E01032856,0,-1
202054A275520,2020,54A275520,1,9,0,1,1,5,1,0,0,0,0,0,0,0,2,1,6,6,1,30,6,-1,-1,-1,-1,-1,-1,0,-1
2020610014020,2020,610014020,1,1,0,18,19,3,7,0,0,0,0,0,0,0,3,1,6,6,1,27,6,-1,-1,-1,-1,2,W01001693,0,-1
2020440422481,2020,440422481,2,9,0,5,5,1,1,0,0,8,0,0,0,0,1,1,6,6,1,29,6,-1,-1,-1,-1,1,E01022967,0,-1
2020010267726,2020,010267726,2,1,0,18,19,7,3,4,4,1,0,0,0,0,1,1,2,2,2,40,7,-1,-1,-1,-1,3,E01032582,0,-1
2020140947143,2020,140947143,1,9,0,18,19,4,8,0,0,2,0,0,0,0,2,1,6,6,3,-1,-1,-1,-1,-1,-1,-1,-1,0,-1
2020010238140,2020,010238140,1,9,0,18,19,7,3,0,0,0,0,0,0,0,1,1,6,6,1,20,4,-1,-1,-1,-1,4,E01000331,0,-1
2020332000571,2020,332000571,2,9,0,7,7,2,4,0,0,6,0,0,0,0,1,1,6,6,1,40,7,-1,-1,-1,-1,-1,-1,0,-1
2020030989368,2020,030989368,2,9,0,18,19,5,1,0,0,1,0,0,0,0,0,1,6,6,1,32,6,-1,-1,-1,-1,3,E01019234,0,-1
2020440348970,2020,440348970,2,9,0,3,3,5,1,0,0,1,0,0,0,0,2,1,2,2,2,65,9,-1,-1,-1,-1,9,E01022920,0,-1
2020542834720,2020,542834720,2,9,0,18,19,2,6,0,0,1,0,0,0,0,1,1,1,1,1,27,6,-1,-1,-1,-1,-1,-1,0,-1
2020541958520,2020,541958520,2,1,0,18,19,5,1,0,0,8,0,0,0,0,2,1,2,2,1,52,8,-1,-1,-1,-1,4,E01032070,0,-1
2020010285363,2020,010285363,1,19,0,17,19,3,7,0,0,0,0,0,0,0,3,1,1,1,1,49,8,-1,-1,-1,-1,6,E01022348,0,-1
2020522101066,2020,522101066,1,9,0,18,19,8,4,0,0,0,0,0,0,0,3,1,6,6,3,-1,-1,-1,-1,-1,-1,-1,-1,0,-1
2020470920384,2020,470920384,1,9,0,9,9,7,5,0,0,6,0,0,0,0,1,1,1,1,1,37,7,-1,-1,-1,-1,9,E01033316,0,-1
2020122000357,2020,122000357,1,1,0,18,19,4,8,0,0,0,1,0,0,0,4,1,6,6,1,66,10,-1,-1,-1,-1,10,E01027704,0,-1
2020111010230,2020,111010230,1,2,0,18,19,7,3,0,0,1,0,0,0,0,1,1,6,6,1,13,3,-1,-1,-1,-1,-1,-1,0,-1
2020010282590,2020,010282590,1,-1,9,99,99,9,9,99,99,0,9,99,9,99,9,9,6,6,3,-1,-1,-1,-1,-1,-1,-1,-1,1,-1
2020547959520,2020,547959520,1,9,0,17,19,8,4,0,0,0,2,10,1,0,0,1,2,2,1,56,9,-1,-1,-1,-1,3,E01029029,0,-1
2020010263054,2020,010263054,2,-1,0,18,19,1,5,0,0,2,1,0,0,0,0,1,6,6,1,29,6,-1,-1,-1,-1,7,E01000256,1,-1
2020010284310,2020,010284310,1,1,0,99,99,9,9,99,99,1,0,0,0,0,1,1,6,6,1,14,3,-1,-1,-1,-1,3,E01000094,0,-1
2020010274758,2020,010274758,2,9,9,99,99,9,9,99,99,9,9,99,9,99,1,9,6,6,3,-1,-1,-1,-1,-1,-1,-1,-1,0,-1
202006A172735,2020,06A172735,2,1,0,18,19,1,5,4,4,8,0,0,0,0,1,1,6,6,1,41,7,-1,-1,-1,-1,3,E01005139,0,-1
2020440184079,2020,440184079,1,9,0,9,9,4,2,0,0,6,0,0,0,0,1,1,6,6,1,26,6,-1,-1,-1,-1,1,E01017040,0,-1
2020430368561,2020,430368561,2,-1,0,14,14,2,6,0,0,0,0,0,0,0,4,1,6,6,1,15,3,-1,-1,-1,-1,-1,-1,1,-1
2020010233022,2020,010233022,2,19,0,99,99,9,9,99,99,9,9,99,9,99,9,9,6,6,3,-1,-1,-1,-1,-1,-1,3,E01000872,0,-1
2020140975545,2020,140975545,2,1,0,18,19,7,2,0,0,0,0,0,0,0,3,1,6,6,1,18,4,-1,-1,-1,-1,1,E01007877,0,-1
2020010279500,2020,010279500,2,1,9,99,99,9,9,99,99,9,9,99,9,99,1,1,6,6,3,-1,-1,-1,-1,-1,-1,4,E01033579,0,-1
2020451000346,2020,451000346,2,9,0,2,2,0,0,0,0,0,0,0,0,0,3,1,6,6,3,-1,-1,-1,-1,-1,-1,-1,-1,0,-1
2020500926550,2020,500926550,2,1,0,18,19,1,5,0,0,8,0,0,1,0,1,1,5,6,1,13,3,-1,-1,-1,-1,3,E01015143,0,-1
2020220998086,2020,220998086,2,1,0,17,19,8,5,0,0,8,0,0,0,0,4,1,5,6,1,64,9,-1,-1,-1,-1,4,E01014011,0,-1
2020010228110,2020,010228110,1,9,0,17,19,2,6,0,0,7,0,0,0,0,1,1,6,6,1,45,7,-1,-1,-1,-1,6,E01001033,0,-1
2020201011859,2020,201011859,1,9,0,7,7,4,6,0,0,6,0,0,0,0,1,1,6,6,3,-1,-1,-1,-1,-1,-1,-1,-1,0,-1
2020010270278,2020,010270278,3,9,0,99,99,9,9,99,99,8,9,99,9,99,9,9,6,6,3,-1,-1,-1,-1,-1,-1,-1,-1,0,-1
2020332000712,2020,332000712,2,19,0,9,9,6,4,0,0,6,0,0,0,0,4,1,1,1,1,28,6,-1,-1,-1,-1,5,E01018214,0,-1
2020302000151,2020,302000151,1,9,0,5,5,8,4,0,0,3,0,0,0,0,4,1,1,1,1,-1,-1,-1,-1,-1,-1,5,E01019456,0,-1
2020500979549,2020,500979549,1,9,0,18,19,1,5,0,0,0,0,0,0,0,0,1,6,6,3,-1,-1,-1,-1,-1,-1,-1,-1,0,-1
2020052002206,2020,052002206,1,9,0,18,19,7,3,0,0,6,0,0,0,0,1,1,6,6,3,-1,-1,-1,-1,-1,-1,-1,-1,0,-1
202006A371759,2020,06A371759,2,1,0,5,5,4,8,0,0,1,0,0,0,0,3,1,6,6,1,27,6,-1,-1,-1,-1,1,E01005129,0,-1
2020549216620,2020,549216620,2,9,0,4,4,7,3,0,0,1,0,0,0,0,2,1,1,1,1,64,9,-1,-1,-1,-1,-1,-1,0,-1
2020010268417,2020,010268417,1,1,0,99,99,9,9,0,0,8,0,0,0,0,4,1,2,2,1,26,6,-1,-1,-1,-1,-1,-1,0,-1
2020470999298,2020,470999298,2,1,0,18,19,2,6,0,0,8,0,0,0,0,4,1,2,2,1,36,7,-1,-1,-1,-1,3,E01016951,0,-1
2020440470204,2020,440470204,2,1,0,18,19,6,2,0,0,8,1,0,0,0,1,1,6,6,1,44,7,-1,-1,-1,-1,2,E01022900,0,-1
2020010263562,2020,010263562,2,23,0,99,99,9,9,99,99,0,9,99,9,99,1,1,6,6,3,-1,-1,-1,-1,-1,-1,-1,-1,0,-1
2020552000293,2020,552000293,1,9,0,12,12,2,6,0,0,1,0,0,0,0,3,1,6,6,3,-1,-1,-1,-1,-1,-1,-1,-1,0,-1
2020470972009,2020,470972009,6,9,0,2,2,0,0,0,0,1,0,0,0,0,1,1,6,6,3,-1,-1,-1,-1,-1,-1,-1,-1,0,-1
2020010246978,2020,010246978,1,9,0,18,19,1,5,0,0,1,0,0,0,0,1,1,6,6,1,48,8,-1,-1,-1,-1,5,E01023342,0,-1
2020410975720,2020,410975720,1,1,0,4,4,6,7,0,0,1,2,0,0,0,1,1,5,6,1,65,9,-1,-1,-1,-1,9,E01018119,0,-1
2020070244176,2020,070244176,2,1,0,16,19,3,7,0,0,0,5,0,0,0,2,1,6,6,2,53,8,-1,-1,-1,-1,6,E01018394,0,-1