collision_index,collision_year,collision_ref_no,vehicle_reference,vehicle_type,towing_and_articulation,vehicle_manoeuvre_historic,vehicle_manoeuvre,vehicle_direction_from,vehicle_direction_to,vehicle_location_restricted_lane_historic,vehicle_location_restricted_lane,junction_location,skidding_and_overturning,hit_object_in_carriageway,vehicle_leaving_carriageway,hit_object_off_carriageway,first_point_of_impact,vehicle_left_hand_drive,journey_purpose_of_driver_historic,journey_purpose_of_driver,sex_of_driver,age_of_driver,age_band_of_driver,engine_capacity_cc,propulsion_code,age_of_vehicle,generic_make_model,driver_imd_decile,lsoa_of_driver,escooter_flag,driver_distance_banding
2020400930205,2020,400930205,2,1,0,18,19,1,5,0,0,0,0,0,0,0,4,1,4,7,2,10,2,-1,-1,-1,-1,1,E01017523,0,-1
2020010230671,2020,010230671,2,9,0,18,19,5,1,0,0,8,0,0,0,0,3,9,6,6,3,32,6,-1,-1,-1,-1,10,E01003871,0,-1
2020440331077,2020,440331077,1,9,0,4,4,5,1,0,0,1,0,0,0,0,1,1,6,6,1,-1,-1,-1,-1,-1,-1,-1,-1,0,-1
20201377M1944,2020,1377M1944,1,1,0,18,19,8,4,0,0,8,0,0,0,0,1,1,6,6,1,14,3,-1,-1,-1,-1,2,E01011079,0,-1
2020430359007,2020,430359007,1,1,0,4,4,3,7,0,0,4,0,0,0,0,2,1,2,2,1,38,7,-1,-1,-1,-1,6,E01016536,0,-1
2020160994616,2020,160994616,3,1,0,18,19,5,1,0,0,0,0,0,0,0,1,1,5,6,1,46,8,-1,-1,-1,-1,7,E01012969,0,-1
202006P374819,2020,06P374819,2,1,0,18,19,3,7,0,0,8,0,0,0,0,4,1,6,6,1,34,6,-1,-1,-1,-1,2,E01005526,0,-1
2020052001225,2020,052001225,2,1,0,18,19,4,8,0,0,0,1,0,0,0,2,1,6,6,1,42,7,-1,-1,-1,-1,7,E01006623,0,-1
20201371K1122,2020,1371K1122,2,1,0,18,19,5,1,0,0,1,0,0,0,0,1,1,6,6,1,10,2,-1,-1,-1,-1,1,E01011750,0,-1
2020622000639,2020,622000639,2,1,0,18,19,4,2,0,0,3,0,0,0,0,1,1,6,6,1,45,7,-1,-1,-1,-1,2,W01000801,0,-1
2020140994956,2020,140994956,1,9,0,18,19,2,6,0,0,4,2,9,0,0,1,1,5,6,1,22,5,-1,-1,-1,-1,1,E01007652,0,-1
2020370952266,2020,370952266,2,1,0,5,5,1,7,0,0,1,0,0,0,0,4,1,5,6,1,26,6,-1,-1,-1,-1,3,E01030010,0,-1
2020010274690,2020,010274690,1,1,0,99,99,9,9,9,9,8,0,0,0,0,1,1,2,2,1,42,7,-1,-1,-1,-1,1,E01004702,0,-1
2020470946871,2020,470946871,2,1,0,18,19,2,6,0,0,0,0,0,0,0,2,1,6,6,1,56,9,-1,-1,-1,-1,10,E01031744,0,-1
2020040968970,2020,040968970,2,9,0,18,19,5,1,0,0,8,0,0,0,0,3,1,1,1,1,48,8,-1,-1,-1,-1,8,E01024971,0,-1
2020010269065,2020,010269065,1,11,0,99,99,9,9,0,0,0,9,0,9,99,2,1,6,6,3,-1,-1,-1,-1,-1,-1,-1,-1,0,-1
2020450976777,2020,450976777,1,1,0,18,19,4,8,0,0,1,0,0,0,0,1,1,6,6,1,36,7,-1,-1,-1,-1,7,E01001383,0,-1
2020450915574,2020,450915574,2,9,0,2,2,0,0,0,0,0,0,0,0,0,2,1,6,6,3,-1,-1,-1,-1,-1,-1,-1,-1,0,-1
202031B032520,2020,31B032520,1,9,0,9,9,6,2,0,0,6,0,0,0,0,1,1,6,6,3,-1,-1,-1,-1,-1,-1,-1,-1,0,-1
2020302100144,2020,302100144,2,9,0,9,9,3,1,0,0,2,0,0,0,0,1,1,6,6,3,-1,-1,-1,-1,-1,-1,5,E01019456,0,-1
2020052001947,2020,052001947,1,8,0,5,5,7,3,0,0,0,0,0,0,0,4,1,1,1,3,-1,-1,-1,-1,-1,-1,-1,-1,0,-1
2020340D08342,2020,340D08342,4,19,0,18,19,3,7,0,0,0,0,0,0,0,4,1,1,1,1,39,7,-1,-1,-1,-1,4,E01030161,0,-1
2020010256096,2020,010256096,2,1,0,18,19,3,7,0,0,0,0,0,0,0,1,1,6,6,1,8,2,-1,-1,-1,-1,3,E01001326,0,-1
2020360973864,2020,360973864,2,1,0,18,19,6,1,0,0,1,5,0,0,0,1,1,2,2,1,29,6,-1,-1,-1,-1,8,E01026839,0,-1
2020010233052,2020,010233052,2,9,0,16,19,6,8,0,0,4,0,0,0,0,0,1,6,6,3,-1,-1,-1,-1,-1,-1,-1,-1,0,-1
2020052001871,2020,052001871,1,9,0,18,19,5,1,0,0,2,0,0,0,0,4,1,6,6,3,-1,-1,-1,-1,-1,-1,-1,-1,0,-1
2020471011242,2020,471011242,3,19,0,2,2,0,0,0,0,2,0,0,0,0,2,1,6,6,3,-1,-1,-1,-1,-1,-1,-1,-1,0,-1
2020010258122,2020,010258122,1,1,9,99,99,9,9,99,99,9,9,99,9,99,1,1,2,2,1,44,7,-1,-1,-1,-1,6,E01001598,0,-1
2020400958345,2020,400958345,2,9,0,5,5,3,1,0,0,4,0,0,0,0,1,1,6,6,1,60,9,-1,-1,-1,-1,2,E01015781,0,-1
2020010233173,2020,010233173,1,9,0,99,99,9,9,99,99,9,9,99,9,99,9,9,6,6,3,-1,-1,-1,-1,-1,-1,-1,-1,0,-1
2020302000766,2020,302000766,4,1,0,18,19,4,8,0,0,0,0,0,0,0,0,1,6,6,1,35,6,-1,-1,-1,-1,5,E01025887,0,-1
2020522004936,2020,522004936,1,9,0,18,19,3,7,0,0,8,0,0,0,0,1,1,6,6,1,33,6,-1,-1,-1,-1,10,E01020415,0,-1
2020470999580,2020,470999580,1,9,0,18,19,3,7,0,0,1,0,0,0,0,1,1,6,6,3,-1,-1,-1,-1,-1,-1,-1,-1,0,-1
2020070551329,2020,070551329,2,9,0,18,19,4,8,0,0,1,0,0,0,0,1,1,6,6,1,42,7,-1,-1,-1,-1,-1,-1,0,-1
2020010238050,2020,010238050,2,19,0,99,99,9,9,99,99,9,9,99,9,99,9,9,6,6,3,-1,-1,-1,-1,-1,-1,6,E01002602,0,-1
2020052000939,2020,052000939,2,1,0,18,19,4,8,0,0,1,0,0,0,0,1,1,6,6,2,32,6,-1,-1,-1,-1,3,E01006743,0,-1
2020990983450,2020,990983450,1,9,0,18,19,7,3,0,0,0,0,0,0,0,1,1,6,6,3,-1,-1,-1,-1,-1,-1,-1,-1,0,-1
2020350922100,2020,350922100,2,1,0,18,19,3,7,0,0,8,0,0,0,0,4,1,1,1,2,39,7,-1,-1,-1,-1,6,E01017973,0,-1
2020200951163,2020,200951163,2,1,0,18,19,4,8,0,0,0,0,8,0,0,1,1,6,6,1,73,10,-1,-1,-1,-1,6,E01009467,0,-1
2020460963145,2020,460963145,2,9,0,9,9,7,5,0,0,0,0,0,0,0,2,1,6,6,1,52,8,-1,-1,-1,-1,3,E01024548,0,-1
2020545579420,2020,545579420,1,9,0,15,15,6,2,0,0,0,1,0,0,0,1,1,1,1,1,25,5,-1,-1,-1,-1,4,E01022188,0,-1
2020010278513,2020,010278513,2,1,0,18,19,5,1,0,0,1,0,0,0,0,1,1,6,6,1,16,4,-1,-1,-1,-1,3,E01004303,0,-1
2020410926312,2020,410926312,1,9,0,16,19,3,7,0,0,0,2,0,0,0,1,1,5,6,2,31,6,-1,-1,-1,-1,10,E01023374,0,-1
2020440305501,2020,440305501,2,1,0,18,19,3,7,0,0,1,0,0,0,0,1,1,1,1,1,20,4,-1,-1,-1,-1,1,E01017154,0,-1
2020410973862,2020,410973862,2,1,0,9,9,2,7,0,0,0,0,0,0,0,1,1,5,6,2,43,7,-1,-1,-1,-1,10,E01023714,0,-1
2020010270481,2020,010270481,2,-1,0,18,19,3,7,0,0,1,0,0,0,0,9,1,6,6,2,-1,-1,-1,-1,-1,-1,4,E01001221,1,-1
2020100979166,2020,100979166,1,1,0,18,19,5,1,9,9,1,0,0,0,0,1,1,6,6,1,38,7,-1,-1,-1,-1,1,E01008291,0,-1
2020440349821,2020,440349821,2,1,0,18,19,5,1,0,0,8,0,0,0,0,3,1,6,6,1,38,7,-1,-1,-1,-1,2,E01022833,0,-1
2020332000127,2020,332000127,1,9,0,18,19,8,4,0,0,0,0,0,0,0,0,1,6,6,1,24,5,-1,-1,-1,-1,7,E01025874,0,-1
2020520000722,2020,520000722,1,1,0,18,19,8,4,0,0,8,0,0,0,0,1,1,6,6,2,52,8,-1,-1,-1,-1,5,E01029268,0,-1
2020161008112,2020,161008112,2,1,0,9,9,5,2,0,0,2,0,0,0,0,1,1,6,6,1,42,7,-1,-1,-1,-1,1,E01013139,0,-1
2020371027178,2020,371027178,1,9,0,18,19,7,3,0,0,8,0,4,0,0,3,1,6,6,3,-1,-1,-1,-1,-1,-1,-1,-1,0,-1
2020040933474,2020,040933474,1,9,0,18,19,1,5,0,0,1,0,0,0,0,1,1,6,6,3,-1,-1,-1,-1,-1,-1,-1,-1,0,-1
2020010240696,2020,010240696,2,1,0,7,7,6,1,0,0,6,0,0,0,0,1,1,1,1,1,29,6,-1,-1,-1,-1,1,E01033456,0,-1
2020451007923,2020,451007923,2,1,0,18,19,3,7,0,0,1,0,0,0,0,3,1,5,6,1,43,7,-1,-1,-1,-1,10,E01030296,0,-1
2020010279072,2020,010279072,2,9,0,99,99,9,9,99,99,9,9,99,9,99,9,9,6,6,3,-1,-1,-1,-1,-1,-1,-1,-1,0,-1
2020430211507,2020,430211507,1,9,0,10,10,2,8,0,0,6,0,0,0,0,0,1,6,6,1,40,7,-1,-1,-1,-1,6,E01028557,0,-1
2020010233607,2020,010233607,2,1,0,18,19,3,7,0,0,1,0,0,0,0,1,1,2,2,1,46,8,-1,-1,-1,-1,3,E01003171,0,-1
202060Y132188,2020,60Y132188,1,9,0,13,13,2,6,0,0,0,0,0,7,3,4,1,2,2,1,55,8,-1,-1,-1,-1,-1,-1,0,-1
2020440038023,2020,440038023,2,9,0,3,3,8,3,0,0,1,0,0,0,0,2,1,6,6,2,64,9,-1,-1,-1,-1,10,E01023212,0,-1
2020340E05452,2020,340E05452,1,19,0,13,13,7,3,0,0,0,0,0,0,0,4,1,6,6,1,-1,-1,-1,-1,-1,-1,-1,-1,0,-1
2020545625920,2020,545625920,1,9,0,5,5,7,3,0,0,8,0,0,0,0,1,1,6,6,1,36,7,-1,-1,-1,-1,5,E01032063,0,-1
2020010283311,2020,010283311,2,-1,0,18,19,7,3,9,9,1,0,0,0,0,3,1,2,2,1,40,7,-1,-1,-1,-1,3,E01004270,1,-1
2020991001956,2020,991001956,2,9,0,10,10,6,3,0,0,1,0,0,0,0,2,1,6,6,1,56,9,-1,-1,-1,-1,5,-1,0,-1
2020990971102,2020,990971102,2,1,0,5,5,2,5,0,0,2,0,0,1,0,2,1,6,6,2,35,6,-1,-1,-1,-1,10,-1,0,-1
2020010270297,2020,010270297,1,9,0,5,5,0,6,0,0,8,0,0,0,0,1,1,6,6,3,-1,-1,-1,-1,-1,-1,-1,-1,0,-1
2020990956882,2020,990956882,2,9,0,18,19,7,3,0,0,0,0,0,0,0,3,1,5,6,1,61,9,-1,-1,-1,-1,8,-1,0,-1
2020460999319,2020,460999319,1,19,0,9,9,5,1,0,0,1,0,0,0,0,4,1,5,6,1,21,5,-1,-1,-1,-1,-1,-1,0,-1
2020332000881,2020,332000881,2,9,0,4,4,3,7,0,0,4,0,0,0,0,2,1,2,2,2,35,6,-1,-1,-1,-1,7,E01013685,0,-1
2020460995150,2020,460995150,1,19,0,18,19,4,8,0,0,0,0,0,0,0,1,1,1,1,1,27,6,-1,-1,-1,-1,4,E01030645,0,-1
2020010239422,2020,010239422,1,1,9,99,99,9,9,99,99,9,9,99,9,99,1,-1,2,2,2,44,7,-1,-1,-1,-1,2,E01001761,0,-1
2020500974442,2020,500974442,2,1,0,18,19,3,7,0,0,8,0,0,0,0,1,1,5,6,1,34,6,-1,-1,-1,-1,6,E01015102,0,-1
2020430182255,2020,430182255,1,9,0,9,9,4,8,0,0,5,0,0,0,0,1,1,1,1,1,26,6,-1,-1,-1,-1,9,E01017875,0,-1
2020170L10960,2020,170L10960,1,1,0,18,19,2,6,0,0,8,0,0,0,0,1,1,6,6,1,47,8,-1,-1,-1,-1,3,E01012119,0,-1
2020371021642,2020,371021642,1,1,0,18,19,7,8,0,0,0,5,0,0,0,1,1,6,6,1,15,3,-1,-1,-1,-1,7,E01030239,0,-1
2020100979323,2020,100979323,2,1,0,18,19,1,5,0,0,0,0,0,0,0,3,1,5,6,1,25,5,-1,-1,-1,-1,3,E01008487,0,-1
2020546515020,2020,546515020,2,3,0,4,4,3,7,0,0,1,0,0,0,0,2,1,6,6,2,26,6,-1,-1,-1,-1,6,E01015009,0,-1
2020430279744,2020,430279744,1,3,0,4,4,5,1,0,0,0,0,0,0,0,0,1,2,2,1,46,8,-1,-1,-1,-1,8,E01028429,0,-1
2020010278116,2020,010278116,1,9,9,99,99,9,9,99,99,0,9,0,0,0,9,9,6,6,3,-1,-1,-1,-1,-1,-1,-1,-1,0,-1
2020100984601,2020,100984601,1,19,0,18,19,7,3,0,0,0,0,8,0,0,3,1,6,6,3,18,4,-1,-1,-1,-1,-1,-1,0,-1
2020052001431,2020,052001431,2,1,0,18,19,4,8,0,0,8,0,0,0,0,1,1,6,6,1,70,10,-1,-1,-1,-1,7,E01007222,0,-1
2020440302693,2020,440302693,1,1,0,18,19,1,6,0,0,8,1,0,0,0,1,1,6,6,1,20,4,-1,-1,-1,-1,10,E01023093,0,-1
2020140950764,2020,140950764,2,9,0,18,19,3,7,0,0,2,0,0,0,0,4,1,6,6,1,-1,-1,-1,-1,-1,-1,-1,-1,0,-1
2020040923466,2020,040923466,2,1,0,18,19,3,7,0,0,1,0,0,0,0,1,1,2,2,1,62,9,-1,-1,-1,-1,2,E01025077,0,-1
2020460973658,2020,460973658,1,21,1,12,12,3,7,0,0,0,0,0,0,0,1,1,1,1,1,31,6,-1,-1,-1,-1,-1,-1,0,-1
2020010285086,2020,010285086,1,1,9,99,99,9,9,99,99,9,9,99,9,99,9,1,2,2,2,35,6,-1,-1,-1,-1,2,E01002075,0,-1
2020040998881,2020,040998881,1,9,0,9,9,2,7,0,0,8,0,0,0,0,3,1,6,6,3,-1,-1,-1,-1,-1,-1,-1,-1,0,-1
2020200920935,2020,200920935,2,1,0,18,19,4,8,0,0,8,0,0,0,0,3,1,6,6,1,23,5,-1,-1,-1,-1,5,E01009288,0,-1
2020070219358,2020,070219358,2,9,0,18,19,5,1,0,0,1,0,0,0,0,4,1,6,6,2,81,11,-1,-1,-1,-1,7,E01018591,0,-1
2020070263794,2020,070263794,1,19,0,3,3,4,8,0,0,0,0,0,0,0,1,1,6,6,1,-1,-1,-1,-1,-1,-1,-1,-1,0,-1
2020220998083,2020,220998083,2,1,0,18,19,7,3,0,0,8,0,0,0,0,2,1,5,6,2,23,5,-1,-1,-1,-1,5,E01014078,0,-1
2020160951595,2020,160951595,2,98,0,9,9,2,8,0,0,1,0,0,1,0,2,1,5,6,1,38,7,-1,-1,-1,-1,7,E01012815,0,-1
202031A111620,2020,31A111620,1,9,0,1,1,2,6,0,0,0,0,0,0,0,2,1,6,6,3,-1,-1,-1,-1,-1,-1,-1,-1,0,-1
2020460961379,2020,460961379,2,1,0,18,19,3,7,0,0,1,1,0,0,0,2,1,5,6,1,-1,-1,-1,-1,-1,-1,4,E01024843,0,-1
2020991000391,2020,991000391,2,1,0,18,19,3,7,0,0,1,0,0,0,0,4,1,2,2,1,56,9,-1,-1,-1,-1,7,-1,0,-1
2020320114543,2020,320114543,1,9,0,18,19,5,1,0,0,8,0,0,0,0,4,1,6,6,1,65,9,-1,-1,-1,-1,8,E01030294,0,-1
2020411009921,2020,411009921,1,9,0,4,4,8,4,0,0,1,0,0,0,0,1,1,6,6,1,45,7,-1,-1,-1,-1,10,E01023825,0,-1
2020010228757,2020,010228757,1,9,0,18,19,-1,-1,0,0,1,0,0,0,0,1,1,6,6,2,35,6,-1,-1,-1,-1,-1,-1,0,-1
2020430077577,2020,430077577,1,1,0,18,19,3,7,0,0,0,0,0,0,0,1,1,2,2,1,49,8,-1,-1,-1,-1,5,E01016233,0,-1
2020040920874,2020,040920874,1,9,0,18,19,5,1,0,0,0,0,0,0,0,1,1,5,6,1,19,4,-1,-1,-1,-1,8,E01025602,0,-1
2020010267298,2020,010267298,2,1,0,18,19,3,7,0,0,1,0,0,0,0,1,1,6,6,1,68,10,-1,-1,-1,-1,7,E01000650,0,-1
2020220958919,2020,220958919,1,1,0,18,19,6,2,9,9,0,0,0,0,0,1,1,6,6,1,45,7,-1,-1,-1,-1,9,E01033528,0,-1
202006J174458,2020,06J174458,2,1,0,18,19,6,2,0,0,1,0,0,0,0,1,1,2,2,1,30,6,-1,-1,-1,-1,-1,-1,0,-1
2020137791638,2020,137791638,1,9,0,11,11,1,5,0,0,0,0,0,0,0,0,1,6,6,3,-1,-1,-1,-1,-1,-1,-1,-1,0,-1
2020010248648,2020,010248648,1,9,0,9,9,2,7,0,0,1,0,0,0,0,1,1,6,6,3,-1,-1,-1,-1,-1,-1,-1,-1,0,-1
2020070314702,2020,070314702,2,1,0,14,14,6,2,0,0,1,0,0,0,0,1,1,6,6,1,57,9,-1,-1,-1,-1,4,E01018454,0,-1
2020460951426,2020,460951426,1,9,0,18,19,1,5,0,0,0,0,0,0,0,3,1,6,6,3,-1,-1,-1,-1,-1,-1,-1,-1,0,-1
2020220998062,2020,220998062,1,9,0,2,2,0,0,0,0,0,0,0,0,0,3,1,6,6,3,34,6,-1,-1,-1,-1,-1,-1,0,-1
2020010287581,2020,010287581,1,9,0,4,4,5,1,0,0,0,0,0,0,0,2,9,6,6,1,53,8,-1,-1,-1,-1,3,E01000024,0,-1
2020200987761,2020,200987761,1,1,0,18,19,-1,-1,0,0,0,0,0,0,0,2,1,6,6,3,53,8,-1,-1,-1,-1,7,E01010138,0,-1
2020450955652,2020,450955652,2,1,0,16,19,3,7,0,0,3,0,0,0,0,3,1,5,6,1,41,7,-1,-1,-1,-1,10,E01030368,0,-1
2020010249096,2020,010249096,2,1,9,99,99,9,9,99,99,9,9,99,9,99,9,1,6,6,1,40,7,-1,-1,-1,-1,1,E01001955,0,-1
2020332000379,2020,332000379,2,9,0,18,19,3,7,0,0,1,0,0,0,0,1,1,6,6,2,27,6,-1,-1,-1,-1,8,E01025942,0,-1
2020460940938,2020,460940938,1,9,0,18,19,2,6,0,0,3,0,0,0,0,1,1,6,6,3,-1,-1,-1,-1,-1,-1,-1,-1,0,-1
2020010254242,2020,010254242,1,97,0,18,19,1,5,0,0,1,5,0,0,99,1,9,6,6,1,44,7,-1,-1,-1,-1,3,E01003589,0,-1
202060Y157563,2020,60Y157563,1,9,0,18,19,5,1,0,0,0,0,0,0,0,1,1,6,6,1,54,8,-1,-1,-1,-1,-1,-1,0,-1
2020040998189,2020,040998189,2,9,0,18,19,1,5,0,0,1,0,0,0,0,4,1,6,6,3,-1,-1,-1,-1,-1,-1,-1,-1,0,-1
2020052002044,2020,052002044,2,90,0,16,19,8,5,0,0,1,1,0,0,0,1,1,6,6,1,65,9,-1,-1,-1,-1,5,E01006538,0,-1
2020010236540,2020,010236540,1,1,9,99,99,9,9,99,99,9,9,99,9,99,9,1,2,2,1,48,8,-1,-1,-1,-1,4,E01003210,0,-1
2020440342426,2020,440342426,2,9,0,18,19,4,8,0,0,8,0,0,0,0,4,1,6,6,1,24,5,-1,-1,-1,-1,10,E01022704,0,-1
2020161006419,2020,161006419,1,1,0,16,19,7,3,0,0,0,0,0,0,0,2,1,6,6,1,40,7,-1,-1,-1,-1,1,E01012889,0,-1
2020052002265,2020,052002265,1,9,0,1,1,1,5,0,0,1,0,0,0,0,2,1,6,6,3,-1,-1,-1,-1,-1,-1,-1,-1,0,-1
2020137A81653,2020,137A81653,1,19,0,18,19,7,3,0,0,0,0,0,0,0,0,1,1,1,3,-1,-1,-1,-1,-1,-1,-1,-1,0,-1
2020530974546,2020,530974546,2,1,0,18,19,1,5,9,9,0,5,0,0,0,3,1,5,6,1,20,4,-1,-1,-1,-1,2,E01022332,0,-1
2020030968406,2020,030968406,1,1,0,18,19,5,1,0,0,1,0,0,0,0,1,1,5,6,1,19,4,-1,-1,-1,-1,2,E01019138,0,-1
2020220966130,2020,220966130,2,1,0,9,9,3,1,0,0,8,0,0,0,0,3,1,5,6,2,24,5,-1,-1,-1,-1,3,E01032201,0,-1
2020470992497,2020,470992497,2,1,0,18,19,2,6,0,0,2,0,0,0,0,2,1,6,6,1,17,4,-1,-1,-1,-1,-1,-1,0,-1
2020122000800,2020,122000800,2,19,0,18,19,8,4,0,0,0,0,0,0,0,3,1,6,6,3,-1,-1,-1,-1,-1,-1,-1,-1,0,-1
2020211024292,2020,211024292,1,8,0,7,7,6,2,0,0,7,0,0,0,0,0,1,1,1,1,40,7,-1,-1,-1,-1,-1,-1,0,-1
2020052000295,2020,052000295,1,9,0,18,19,6,1,0,0,4,0,0,0,0,1,1,6,6,1,90,11,-1,-1,-1,-1,7,E01007211,0,-1
2020137860013,2020,137860013,2,1,0,18,19,2,6,0,0,6,0,0,0,0,3,1,6,6,1,29,6,-1,-1,-1,-1,1,E01011375,0,-1
202060Y028823,2020,60Y028823,1,9,0,9,9,6,4,0,0,8,0,0,0,0,2,1,6,6,2,70,10,-1,-1,-1,-1,-1,-1,0,-1
2020350999060,2020,350999060,1,1,0,18,19,4,8,0,0,0,0,0,0,0,1,1,5,6,1,18,4,-1,-1,-1,-1,10,E01017955,0,-1
2020100967861,2020,100967861,2,1,0,18,19,5,1,0,0,0,0,0,0,0,3,1,6,6,2,25,5,-1,-1,-1,-1,1,E01008756,0,-1
202060Y145573,2020,60Y145573,1,9,0,9,9,6,4,0,0,1,0,0,0,0,1,1,2,2,1,18,4,-1,-1,-1,-1,-1,-1,0,-1
2020450957014,2020,450957014,4,9,0,10,10,6,2,0,0,1,0,0,0,0,2,1,6,6,2,33,6,-1,-1,-1,-1,-1,-1,0,-1
2020470948149,2020,470948149,2,1,0,18,19,7,2,0,0,8,0,0,0,0,1,1,2,2,2,63,9,-1,-1,-1,-1,9,E01031475,0,-1
2020450978231,2020,450978231,2,98,0,2,2,0,0,0,0,0,0,4,0,0,1,1,6,6,3,-1,-1,-1,-1,-1,-1,-1,-1,0,-1
2020010254412,2020,010254412,2,9,0,99,99,9,9,99,99,9,9,99,9,99,9,9,6,6,3,-1,-1,-1,-1,-1,-1,-1,-1,0,-1
202060Y067811,2020,60Y067811,1,9,0,18,19,2,6,0,0,8,0,0,1,0,3,1,6,6,1,17,4,-1,-1,-1,-1,-1,-1,0,-1
2020010239151,2020,010239151,2,1,0,18,19,6,2,0,0,2,0,0,0,0,3,-1,6,6,1,33,6,-1,-1,-1,-1,6,E01000486,0,-1
2020522001726,2020,522001726,2,9,0,10,10,3,7,0,0,8,0,0,0,0,1,1,6,6,2,35,6,-1,-1,-1,-1,6,E01015008,0,-1
2020010238750,2020,010238750,1,9,0,7,7,4,6,0,0,1,0,0,0,0,4,1,6,6,3,-1,-1,-1,-1,-1,-1,-1,-1,0,-1
2020161011978,2020,161011978,2,9,0,18,19,3,8,0,0,0,0,0,0,0,1,1,6,6,1,-1,-1,-1,-1,-1,-1,-1,-1,0,-1
2020052002541,2020,052002541,2,1,0,18,19,5,8,0,0,0,0,0,1,10,1,1,2,2,1,34,6,-1,-1,-1,-1,1,E01033228,0,-1
2020990985677,2020,990985677,2,1,0,18,19,5,1,0,0,8,0,0,0,0,4,1,6,6,2,71,10,-1,-1,-1,-1,5,-1,0,-1
2020010275344,2020,010275344,1,1,0,18,19,1,5,0,0,3,9,0,0,0,2,1,1,1,1,52,8,-1,-1,-1,-1,4,E01000416,0,-1
20201377V1309,2020,1377V1309,2,1,0,3,3,1,3,0,0,1,0,0,0,0,2,1,6,6,2,55,8,-1,-1,-1,-1,2,E01011450,0,-1
2020522005048,2020,522005048,1,22,0,18,19,6,2,0,0,0,0,0,0,0,2,1,6,6,1,16,4,-1,-1,-1,-1,2,E01014608,0,-1
2020440296556,2020,440296556,2,9,0,4,4,4,8,0,0,0,0,0,0,0,2,1,6,6,2,47,8,-1,-1,-1,-1,9,E01022692,0,-1
2020450942437,2020,450942437,2,9,0,18,19,1,5,0,0,8,0,0,0,0,1,1,6,6,2,50,8,-1,-1,-1,-1,-1,-1,0,-1
2020990955679,2020,990955679,1,1,0,18,19,4,8,0,0,1,0,0,0,0,4,1,5,6,1,16,4,-1,-1,-1,-1,-1,-1,0,-1
2020451007762,2020,451007762,2,1,0,18,19,1,5,0,0,0,0,0,0,0,0,1,6,6,2,58,9,-1,-1,-1,-1,9,E01030960,0,-1
20201372L1391,2020,1372L1391,3,9,0,4,4,7,3,0,0,0,0,0,0,0,1,1,6,6,3,-1,-1,-1,-1,-1,-1,-1,-1,0,-1
2020010251158,2020,010251158,2,1,0,18,19,3,7,0,0,3,1,0,0,0,3,1,2,2,1,29,6,-1,-1,-1,-1,2,E01003735,0,-1
2020430353849,2020,430353849,1,1,0,18,19,4,8,0,0,2,1,0,0,0,0,1,6,6,1,57,9,-1,-1,-1,-1,5,E01002123,0,-1
2020010281709,2020,010281709,2,1,9,99,99,9,9,99,99,9,9,99,9,99,9,1,6,6,3,-1,-1,-1,-1,-1,-1,-1,-1,0,-1
2020361002933,2020,361002933,1,9,0,18,19,1,5,0,0,0,0,0,0,0,1,1,6,6,1,-1,-1,-1,-1,-1,-1,-1,-1,0,-1
2020010279463,2020,010279463,1,9,0,7,7,7,1,0,0,2,0,0,0,0,2,1,6,6,3,-1,-1,-1,-1,-1,-1,-1,-1,0,-1
2020450951686,2020,450951686,2,1,0,9,9,7,3,0,0,1,5,0,0,0,1,1,5,6,1,42,7,-1,-1,-1,-1,7,E01030530,0,-1
2020010258575,2020,010258575,2,1,0,18,19,7,3,0,0,8,0,11,0,0,4,1,6,6,1,40,7,-1,-1,-1,-1,4,E01003672,0,-1
2020500922177,2020,500922177,1,9,0,18,19,7,3,0,0,0,5,0,1,4,1,1,5,6,1,27,6,-1,-1,-1,-1,2,E01015270,0,-1
2020990915502,2020,990915502,1,9,0,15,15,5,1,0,0,2,1,4,0,0,1,1,6,6,1,88,11,-1,-1,-1,-1,-1,-1,0,-1
2020332000037,2020,332000037,3,98,0,4,4,6,2,0,0,0,0,0,0,0,4,1,1,1,1,58,9,-1,-1,-1,-1,8,E01030915,0,-1
2020010269757,2020,010269757,2,-1,0,18,19,3,7,4,4,1,0,0,1,0,1,1,2,2,1,47,8,-1,-1,-1,-1,7,E01033133,1,-1
2020320374337,2020,320374337,1,1,0,9,9,1,5,9,9,8,0,0,0,0,1,1,6,6,3,-1,-1,-1,-1,-1,-1,-1,-1,0,-1
2020480946920,2020,480946920,1,1,0,18,19,7,3,9,9,0,0,0,0,0,1,1,1,1,1,20,4,-1,-1,-1,-1,-1,-1,0,-1
2020010278424,2020,010278424,1,19,9,99,99,9,9,99,99,0,9,0,0,0,9,9,6,6,3,-1,-1,-1,-1,-1,-1,-1,-1,0,-1
2020540853620,2020,540853620,1,9,0,18,19,6,2,0,0,1,0,0,0,0,1,2,2,2,1,43,7,-1,-1,-1,-1,-1,-1,0,-1
2020010266774,2020,010266774,2,9,0,99,99,9,9,99,99,9,9,99,9,99,9,9,6,6,3,-1,-1,-1,-1,-1,-1,-1,-1,0,-1
2020010278575,2020,010278575,1,9,0,16,19,5,1,0,0,3,5,0,0,0,1,1,6,6,1,19,4,-1,-1,-1,-1,6,E01000541,0,-1
2020110971192,2020,110971192,2,1,0,18,19,7,3,0,0,1,0,0,0,0,4,1,6,6,2,49,8,-1,-1,-1,-1,4,E01020852,0,-1
2020450960718,2020,450960718,1,1,0,18,19,1,5,0,0,8,5,0,0,0,4,1,5,6,1,74,10,-1,-1,-1,-1,10,E01030403,0,-1
2020160936610,2020,160936610,2,1,0,18,19,6,2,0,0,0,0,0,0,0,1,1,6,6,2,42,7,-1,-1,-1,-1,2,E01012775,0,-1
2020332001155,2020,332001155,1,9,0,18,19,5,1,0,0,0,0,0,0,0,0,1,6,6,1,25,5,-1,-1,-1,-1,-1,-1,0,-1
2020530936252,2020,530936252,2,1,0,18,19,8,3,0,0,4,0,0,0,0,4,1,6,6,1,57,9,-1,-1,-1,-1,4,E01022149,0,-1
2020470987917,2020,470987917,2,1,0,17,19,3,8,0,0,3,0,0,0,0,4,1,5,6,1,75,10,-1,-1,-1,-1,7,E01031460,0,-1
202060Y179166,2020,60Y179166,2,9,0,3,3,5,1,0,0,1,0,0,0,0,2,1,6,6,1,28,6,-1,-1,-1,-1,-1,-1,0,-1