collision_index,collision_year,collision_ref_no,vehicle_reference,vehicle_type,towing_and_articulation,vehicle_manoeuvre_historic,vehicle_manoeuvre,vehicle_direction_from,vehicle_direction_to,vehicle_location_restricted_lane_historic,vehicle_location_restricted_lane,junction_location,skidding_and_overturning,hit_object_in_carriageway,vehicle_leaving_carriageway,hit_object_off_carriageway,first_point_of_impact,vehicle_left_hand_drive,journey_purpose_of_driver_historic,journey_purpose_of_driver,sex_of_driver,age_of_driver,age_band_of_driver,engine_capacity_cc,propulsion_code,age_of_vehicle,generic_make_model,driver_imd_decile,lsoa_of_driver,escooter_flag,driver_distance_banding
2020041008656,2020,041008656,2,1,0,18,19,7,3,0,0,8,0,0,0,0,3,1,5,6,1,58,9,-1,-1,-1,-1,6,E01025004,0,-1
2020332000861,2020,332000861,1,9,0,7,7,1,3,0,0,6,0,0,0,0,1,1,6,6,3,-1,-1,-1,-1,-1,-1,-1,-1,0,-1
2020040946827,2020,040946827,2,9,0,18,19,8,4,0,0,0,0,0,0,0,1,1,2,2,2,43,7,-1,-1,-1,-1,3,E01004929,0,-1
2020332000920,2020,332000920,2,9,0,4,4,4,8,0,0,8,0,0,0,0,1,1,6,6,2,34,6,-1,-1,-1,-1,3,E01025753,0,-1
2020010279844,2020,010279844,1,19,0,18,19,1,5,0,0,2,0,0,0,0,1,1,2,2,1,42,7,-1,-1,-1,-1,1,E01014638,0,-1
2020430200835,2020,430200835,3,9,0,18,19,8,4,0,0,0,0,0,0,0,0,1,6,6,3,-1,-1,-1,-1,-1,-1,-1,-1,0,-1
2020440370673,2020,440370673,2,98,0,7,7,5,7,0,0,8,0,0,0,0,0,1,6,6,3,-1,-1,-1,-1,-1,-1,-1,-1,0,-1
2020990965142,2020,990965142,1,9,0,18,19,7,3,0,0,0,0,0,0,0,0,1,6,6,3,-1,-1,-1,-1,-1,-1,-1,-1,0,-1
2020010279346,2020,010279346,1,1,9,99,99,9,9,99,99,9,9,99,9,99,9,1,6,6,1,54,8,-1,-1,-1,-1,10,E01030323,0,-1
2020332000344,2020,332000344,1,9,0,17,19,2,5,0,0,0,1,0,1,0,1,1,6,6,1,68,10,-1,-1,-1,-1,8,E01032598,0,-1
2020160970790,2020,160970790,1,9,0,18,19,2,6,0,0,0,0,4,7,11,1,1,5,6,1,40,7,-1,-1,-1,-1,9,E01013052,0,-1
2020302001147,2020,302001147,1,9,0,15,15,2,6,0,0,0,0,0,0,0,4,1,6,6,3,-1,-1,-1,-1,-1,-1,5,E01019456,0,-1
2020450999961,2020,450999961,2,1,0,18,19,3,7,0,0,0,0,0,1,9,2,1,5,6,1,62,9,-1,-1,-1,-1,10,E01030874,0,-1
202060Y022727,2020,60Y022727,1,9,0,18,19,4,6,0,0,0,0,0,0,0,1,1,6,6,1,64,9,-1,-1,-1,-1,-1,-1,0,-1
2020010284867,2020,010284867,2,90,9,99,99,9,9,99,99,2,9,99,9,99,9,9,6,6,3,-1,-1,-1,-1,-1,-1,-1,-1,0,-1
2020010255810,2020,010255810,2,1,0,18,19,5,1,0,0,1,0,0,0,0,1,1,6,6,1,44,7,-1,-1,-1,-1,4,E01001009,0,-1
2020010263481,2020,010263481,2,1,0,12,12,3,7,2,2,1,0,0,1,0,3,1,6,6,1,34,6,-1,-1,-1,-1,4,E01003178,0,-1
2020201007862,2020,201007862,2,-1,0,18,19,4,8,0,0,0,0,0,0,0,1,1,6,6,1,10,2,-1,-1,-1,-1,2,E01032538,1,-1
2020010280886,2020,010280886,1,98,0,18,19,1,5,0,0,0,0,0,0,0,4,1,6,6,3,-1,-1,-1,-1,-1,-1,-1,-1,0,-1
2020201020310,2020,201020310,2,1,0,3,3,2,6,0,0,1,0,0,0,0,1,1,6,6,1,39,7,-1,-1,-1,-1,6,E01009924,0,-1
2020460953662,2020,460953662,2,1,0,9,9,5,2,0,0,8,0,0,0,0,3,1,5,6,1,50,8,-1,-1,-1,-1,8,E01016148,0,-1
2020430411719,2020,430411719,1,9,0,18,19,2,6,0,0,4,1,0,0,0,1,1,6,6,1,21,5,-1,-1,-1,-1,10,E01028600,0,-1
2020332000608,2020,332000608,2,9,0,8,8,3,5,0,0,1,0,0,0,0,2,1,2,2,1,24,5,-1,-1,-1,-1,9,E01025660,0,-1
2020030982121,2020,030982121,1,1,0,18,19,5,1,6,6,0,0,0,0,0,2,1,5,6,1,14,3,-1,-1,-1,-1,3,E01019205,0,-1
2020010231427,2020,010231427,1,1,0,18,19,5,1,0,0,1,5,10,1,0,1,-1,6,6,1,46,8,-1,-1,-1,-1,3,E01000586,0,-1
2020470997725,2020,470997725,1,1,0,9,9,6,3,0,0,8,0,0,0,0,1,1,6,6,1,42,7,-1,-1,-1,-1,3,E01031451,0,-1
2020546396720,2020,546396720,1,9,0,7,7,3,5,0,0,6,0,0,0,0,3,1,6,6,1,64,9,-1,-1,-1,-1,6,E01032091,0,-1
2020101004864,2020,101004864,1,1,0,18,19,1,3,0,0,0,2,0,0,0,2,1,5,6,2,9,2,-1,-1,-1,-1,2,E01027422,0,-1
2020070551187,2020,070551187,2,1,0,5,5,5,3,0,0,6,0,0,0,0,4,1,6,6,1,42,7,-1,-1,-1,-1,6,E01018425,0,-1
2020010257260,2020,010257260,2,1,0,18,19,1,5,0,0,1,0,0,0,0,2,1,6,6,1,27,6,-1,-1,-1,-1,5,E01004733,0,-1
202060Y010575,2020,60Y010575,1,3,0,18,19,1,5,0,0,0,0,0,0,0,1,1,6,6,1,26,6,-1,-1,-1,-1,-1,-1,0,-1
2020530990335,2020,530990335,1,1,0,16,19,1,4,0,0,0,0,0,0,0,3,1,5,6,2,55,8,-1,-1,-1,-1,-1,-1,0,-1
2020210991913,2020,210991913,1,19,0,9,9,3,1,0,0,8,0,0,0,0,3,1,6,6,1,40,7,-1,-1,-1,-1,10,E01029759,0,-1
202060Y013475,2020,60Y013475,1,9,0,14,14,2,6,0,0,1,0,0,0,0,1,1,4,7,2,37,7,-1,-1,-1,-1,-1,-1,0,-1
2020440332864,2020,440332864,1,1,0,4,4,2,6,9,9,0,0,0,0,0,0,1,6,6,2,62,9,-1,-1,-1,-1,8,E01022591,0,-1
2020010271033,2020,010271033,1,1,9,99,99,9,9,99,99,0,9,99,9,99,9,1,2,2,2,33,6,-1,-1,-1,-1,2,E01001744,0,-1
2020430438323,2020,430438323,1,9,0,18,19,8,4,0,0,0,1,0,1,4,4,1,6,6,1,49,8,-1,-1,-1,-1,9,E01022212,0,-1
2020440345194,2020,440345194,1,9,0,18,19,4,2,0,0,4,0,0,0,0,0,1,6,6,1,-1,-1,-1,-1,-1,-1,-1,-1,0,-1
2020460928545,2020,460928545,1,9,0,18,19,8,4,0,0,0,0,0,1,0,3,1,5,6,1,37,7,-1,-1,-1,-1,7,E01024333,0,-1
2020470953402,2020,470953402,2,1,0,16,19,2,1,0,0,0,5,0,0,0,0,1,6,6,1,51,8,-1,-1,-1,-1,8,E01031664,0,-1
2020010246848,2020,010246848,2,1,0,18,19,6,2,0,0,1,0,0,0,0,0,1,6,6,2,46,8,-1,-1,-1,-1,3,E01001166,0,-1
2020200987094,2020,200987094,2,1,0,18,19,8,4,0,0,8,0,0,0,0,1,1,6,6,1,60,9,-1,-1,-1,-1,10,E01010153,0,-1
2020010263308,2020,010263308,2,-1,0,18,19,3,7,0,0,8,0,0,0,0,3,1,6,6,1,51,8,-1,-1,-1,-1,5,E01000337,1,-1
2020010282502,2020,010282502,2,1,0,18,19,7,3,0,0,3,0,0,0,0,3,1,1,1,1,24,5,-1,-1,-1,-1,7,E01032781,0,-1
2020350963534,2020,350963534,1,9,0,9,9,3,1,0,0,0,0,0,0,0,1,1,6,6,1,40,7,-1,-1,-1,-1,8,E01033429,0,-1
2020230994178,2020,230994178,2,19,0,11,11,4,8,0,0,0,0,0,0,0,4,1,1,1,1,50,8,-1,-1,-1,-1,-1,-1,0,-1
2020451004107,2020,451004107,1,1,0,18,19,5,1,0,0,1,0,0,0,0,4,1,5,6,2,55,8,-1,-1,-1,-1,9,E01030733,0,-1
2020370992180,2020,370992180,2,1,0,18,19,2,6,0,0,8,0,0,0,0,3,1,6,6,2,-1,-1,-1,-1,-1,-1,8,E01029997,0,-1
2020140945557,2020,140945557,2,9,0,18,19,8,7,0,0,0,0,0,0,0,1,1,6,6,3,-1,-1,-1,-1,-1,-1,-1,-1,0,-1
2020010252928,2020,010252928,2,9,0,99,99,9,9,99,99,1,9,99,9,99,2,9,6,6,3,-1,-1,-1,-1,-1,-1,-1,-1,0,-1
2020430365625,2020,430365625,1,1,0,18,19,6,2,0,0,0,0,0,0,0,1,1,6,6,1,50,8,-1,-1,-1,-1,7,E01017730,0,-1
2020541851920,2020,541851920,1,90,0,18,19,5,1,0,0,0,0,0,0,0,1,1,6,6,1,5,1,-1,-1,-1,-1,8,E01032102,0,-1
2020430320633,2020,430320633,1,1,0,18,19,8,4,0,0,0,0,0,0,0,3,1,6,6,1,30,6,-1,-1,-1,-1,10,E01017773,0,-1
2020161008126,2020,161008126,2,1,0,18,19,5,1,0,0,8,0,10,3,0,2,1,6,6,1,64,9,-1,-1,-1,-1,9,E01013257,0,-1
2020010272329,2020,010272329,2,1,0,16,19,1,5,0,0,1,0,0,0,0,4,1,6,6,2,23,5,-1,-1,-1,-1,2,E01004537,0,-1
2020440143932,2020,440143932,1,1,0,18,19,6,2,0,0,1,0,0,0,0,3,1,6,6,1,80,11,-1,-1,-1,-1,4,E01017233,0,-1
2020010244305,2020,010244305,2,1,0,18,19,7,3,0,0,8,0,0,0,0,1,1,6,6,1,29,6,-1,-1,-1,-1,3,E01033492,0,-1
2020470936232,2020,470936232,2,1,0,18,19,7,3,0,0,1,0,0,0,0,0,1,6,6,1,48,8,-1,-1,-1,-1,4,E01016986,0,-1
2020070360859,2020,070360859,2,1,0,18,19,2,7,0,0,3,0,0,0,0,4,1,1,1,2,26,6,-1,-1,-1,-1,3,E01018482,0,-1
2020610042820,2020,610042820,2,1,0,5,5,2,6,0,0,6,0,0,0,0,3,1,3,7,1,14,3,-1,-1,-1,-1,2,W01001646,0,-1
2020010260504,2020,010260504,2,1,0,18,19,7,3,0,0,0,0,0,0,0,1,1,1,1,1,43,7,-1,-1,-1,-1,9,E01000696,0,-1
2020350975044,2020,350975044,3,9,0,2,2,0,0,8,6,1,0,0,0,0,0,1,5,6,1,51,8,-1,-1,-1,-1,5,E01018102,0,-1
2020530967659,2020,530967659,1,9,0,18,19,1,5,0,0,2,0,0,0,0,1,1,6,6,2,18,4,-1,-1,-1,-1,1,E01022347,0,-1
2020471008637,2020,471008637,2,1,0,18,19,2,6,0,0,0,0,0,0,0,3,1,5,6,2,27,6,-1,-1,-1,-1,9,E01030835,0,-1
2020320640270,2020,320640270,1,9,0,18,19,4,8,0,0,0,0,0,0,0,4,1,6,6,1,66,10,-1,-1,-1,-1,1,E01026376,0,-1
2020010287003,2020,010287003,1,9,0,18,19,3,7,0,0,0,0,0,0,0,1,1,6,6,3,-1,-1,-1,-1,-1,-1,-1,-1,0,-1
202006E268587,2020,06E268587,1,9,0,18,19,2,6,0,0,1,0,0,0,0,1,1,1,1,2,25,5,-1,-1,-1,-1,-1,-1,0,-1
2020200996515,2020,200996515,2,9,0,18,19,2,6,0,0,1,0,0,0,0,4,1,6,6,1,-1,-1,-1,-1,-1,-1,-1,-1,0,-1
2020460977947,2020,460977947,2,1,0,18,19,1,5,9,9,1,5,0,0,0,2,1,6,6,1,-1,-1,-1,-1,-1,-1,-1,-1,0,-1
2020430436623,2020,430436623,1,9,0,18,19,6,2,0,0,0,0,8,0,0,4,1,6,6,1,-1,-1,-1,-1,-1,-1,-1,-1,0,-1
2020010252093,2020,010252093,1,1,9,99,99,9,9,99,99,9,9,99,9,99,9,-1,6,6,2,24,5,-1,-1,-1,-1,4,E01004015,0,-1
2020430158479,2020,430158479,2,1,0,18,19,6,2,0,0,8,0,0,0,0,1,1,2,2,2,23,5,-1,-1,-1,-1,7,E01028545,0,-1
2020010272362,2020,010272362,1,98,0,18,19,5,1,99,99,9,0,0,9,0,9,1,6,6,1,-1,-1,-1,-1,-1,-1,-1,-1,0,-1
2020549964720,2020,549964720,1,9,0,3,3,1,5,0,0,0,0,0,0,0,1,1,6,6,1,30,6,-1,-1,-1,-1,-1,-1,0,-1
2020010258948,2020,010258948,2,21,1,1,1,5,1,0,0,6,0,0,0,0,2,2,1,1,1,42,7,-1,-1,-1,-1,-1,-1,0,-1
2020010242489,2020,010242489,2,1,9,99,99,9,9,99,99,9,9,99,9,99,1,1,6,6,1,47,8,-1,-1,-1,-1,5,E01004521,0,-1
2020500931611,2020,500931611,1,17,0,18,19,2,6,0,0,0,0,0,0,0,0,1,1,1,1,23,5,-1,-1,-1,-1,8,E01025871,0,-1
202054B385520,2020,54B385520,1,9,0,18,19,6,2,0,0,4,0,0,0,0,1,1,6,6,1,30,6,-1,-1,-1,-1,8,E01015484,0,-1
202063B043920,2020,63B043920,1,9,0,13,13,1,6,0,0,0,0,0,0,0,4,1,6,6,3,-1,-1,-1,-1,-1,-1,-1,-1,0,-1
2020420951902,2020,420951902,1,9,0,12,12,3,7,0,0,0,0,0,0,0,0,1,6,6,3,-1,-1,-1,-1,-1,-1,-1,-1,0,-1
2020211027093,2020,211027093,1,9,0,18,19,1,7,0,0,0,0,0,0,0,0,1,6,6,3,-1,-1,-1,-1,-1,-1,-1,-1,0,-1
2020430321914,2020,430321914,2,98,0,18,19,7,3,0,0,0,0,0,0,0,1,2,1,1,1,64,9,-1,-1,-1,-1,-1,-1,0,-1
2020320059796,2020,320059796,1,9,0,17,19,4,1,0,0,1,0,0,1,0,0,1,2,2,2,49,8,-1,-1,-1,-1,5,E01026245,0,-1
2020522000434,2020,522000434,1,1,0,18,19,5,1,0,0,8,0,0,0,0,1,1,6,6,2,57,9,-1,-1,-1,-1,10,E01014777,0,-1
2020140925260,2020,140925260,4,9,0,2,2,0,0,0,0,0,0,4,0,0,2,1,6,6,3,-1,-1,-1,-1,-1,-1,-1,-1,0,-1
2020460959486,2020,460959486,1,21,0,18,19,4,7,0,0,4,0,0,0,0,3,1,5,6,1,52,8,-1,-1,-1,-1,-1,-1,0,-1
2020010278149,2020,010278149,2,9,0,99,99,9,9,99,99,0,9,99,9,99,4,9,6,6,3,-1,-1,-1,-1,-1,-1,-1,-1,0,-1
2020610013921,2020,610013921,2,9,0,2,2,0,0,0,0,0,0,0,0,0,3,1,6,6,3,-1,-1,-1,-1,-1,-1,-1,-1,0,-1
2020010267695,2020,010267695,2,1,0,18,19,2,6,0,0,2,0,0,0,0,1,1,6,6,2,32,6,-1,-1,-1,-1,3,E01004391,0,-1
2020440048331,2020,440048331,1,20,0,18,19,1,5,0,0,2,0,0,0,0,4,1,1,1,3,-1,-1,-1,-1,-1,-1,-1,-1,0,-1
2020470933001,2020,470933001,1,9,0,7,7,4,6,0,0,1,0,0,0,0,4,1,6,6,3,-1,-1,-1,-1,-1,-1,-1,-1,0,-1
2020440374320,2020,440374320,1,9,0,18,19,1,5,0,0,8,0,0,0,0,1,1,6,6,2,54,8,-1,-1,-1,-1,9,E01022633,0,-1
202060Y099431,2020,60Y099431,2,9,0,2,2,0,0,0,0,0,0,0,0,0,1,1,6,6,1,37,7,-1,-1,-1,-1,-1,-1,0,-1
2020340S08372,2020,340S08372,1,19,0,9,9,5,3,0,0,5,0,0,0,0,0,1,6,6,3,-1,-1,-1,-1,-1,-1,-1,-1,0,-1
2020332000530,2020,332000530,1,9,0,18,19,6,2,0,0,0,0,0,0,0,1,1,6,6,3,-1,-1,-1,-1,-1,-1,-1,-1,0,-1
2020400973680,2020,400973680,1,9,-1,-1,-1,-1,-1,-1,-1,0,-1,-1,-1,0,-1,1,6,6,3,-1,-1,-1,-1,-1,-1,-1,-1,0,-1
2020210979049,2020,210979049,1,9,0,18,19,8,6,0,0,1,1,0,0,0,1,1,1,1,1,44,7,-1,-1,-1,-1,2,E01009487,0,-1
2020542095320,2020,542095320,2,9,0,18,19,1,1,0,0,0,0,0,0,0,2,1,6,6,3,-1,-1,-1,-1,-1,-1,-1,-1,0,-1
2020010240192,2020,010240192,1,9,0,7,7,1,4,0,0,8,0,0,0,0,0,1,6,6,1,-1,-1,-1,-1,-1,-1,-1,-1,0,-1
2020370998014,2020,370998014,1,9,0,18,19,7,3,0,0,0,0,0,0,0,1,1,6,6,3,-1,-1,-1,-1,-1,-1,-1,-1,0,-1
2020530999081,2020,530999081,1,1,0,18,19,5,2,0,0,8,0,0,0,0,3,1,2,2,2,28,6,-1,-1,-1,-1,9,E01022100,0,-1
2020360990985,2020,360990985,2,1,0,18,19,7,3,0,0,1,0,0,0,0,1,1,6,6,1,41,7,-1,-1,-1,-1,4,E01026846,0,-1
2020010234816,2020,010234816,2,9,0,99,99,9,9,99,99,9,9,99,9,99,9,9,6,6,3,-1,-1,-1,-1,-1,-1,-1,-1,0,-1
202006F166994,2020,06F166994,1,9,0,11,11,7,3,0,0,0,0,0,0,0,1,1,6,6,1,30,6,-1,-1,-1,-1,8,E01004935,0,-1
2020030973346,2020,030973346,3,9,0,3,3,5,1,0,0,0,0,0,0,0,2,1,5,6,3,19,4,-1,-1,-1,-1,-1,-1,0,-1
2020500938191,2020,500938191,1,9,0,16,19,1,5,0,0,8,0,0,0,0,1,1,5,6,1,78,11,-1,-1,-1,-1,4,E01020287,0,-1
2020100962451,2020,100962451,1,9,0,7,7,5,3,0,0,1,0,0,0,0,1,1,6,6,1,-1,-1,-1,-1,-1,-1,-1,-1,0,-1
2020430077136,2020,430077136,1,9,0,18,19,4,8,0,0,6,0,0,1,0,2,1,6,6,1,-1,-1,-1,-1,-1,-1,-1,-1,0,-1
2020010235877,2020,010235877,1,9,0,99,99,9,9,99,99,0,9,99,9,99,1,9,6,6,3,-1,-1,-1,-1,-1,-1,-1,-1,0,-1
2020010249209,2020,010249209,2,1,0,7,7,2,4,5,5,7,0,4,0,0,1,1,6,6,1,34,6,-1,-1,-1,-1,9,E01003902,0,-1
2020010279520,2020,010279520,2,9,9,99,99,9,9,0,0,4,9,99,9,0,9,9,6,6,3,-1,-1,-1,-1,-1,-1,-1,-1,0,-1
2020610017720,2020,610017720,1,9,0,17,19,5,2,0,0,3,1,0,0,7,1,1,6,6,1,-1,-1,-1,-1,-1,-1,4,W01001148,0,-1
2020010239073,2020,010239073,1,9,9,18,19,3,7,0,0,1,0,0,0,0,9,9,-1,-1,3,-1,-1,-1,-1,-1,-1,-1,-1,0,-1
2020010274139,2020,010274139,2,9,0,15,15,3,7,0,0,1,0,0,0,0,1,1,6,6,1,55,8,-1,-1,-1,-1,-1,-1,0,-1
2020030940565,2020,030940565,1,9,0,4,4,-1,-1,0,0,1,0,0,0,0,1,1,5,6,3,-1,-1,-1,-1,-1,-1,-1,-1,0,-1
202006Q278123,2020,06Q278123,1,9,0,18,19,7,3,0,0,8,0,0,0,1,4,1,6,6,1,33,6,-1,-1,-1,-1,2,E01005471,0,-1
2020160989197,2020,160989197,2,9,0,18,19,8,4,0,0,0,0,0,0,0,1,1,6,6,1,-1,-1,-1,-1,-1,-1,-1,-1,0,-1
2020052000373,2020,052000373,1,9,0,1,1,2,6,0,0,1,0,0,0,0,2,1,6,6,2,17,4,-1,-1,-1,-1,4,E01006543,0,-1
2020371014532,2020,371014532,2,17,4,2,2,7,3,0,0,0,0,0,0,0,2,1,1,1,1,35,6,-1,-1,-1,-1,6,E01026494,0,-1
2020010265524,2020,010265524,1,1,9,99,99,9,9,99,99,9,9,99,9,99,9,1,6,6,1,52,8,-1,-1,-1,-1,6,E01001964,0,-1
202060Y175788,2020,60Y175788,1,9,0,18,19,2,6,0,0,8,0,0,0,0,4,1,6,6,1,83,11,-1,-1,-1,-1,-1,-1,0,-1
2020201018814,2020,201018814,2,9,0,13,13,4,8,0,0,0,0,0,0,0,4,1,2,2,1,23,5,-1,-1,-1,-1,2,E01009839,0,-1
2020140952949,2020,140952949,1,1,0,18,19,6,2,0,0,1,2,0,0,0,4,1,2,2,1,34,6,-1,-1,-1,-1,1,E01007332,0,-1
2020351005912,2020,351005912,1,98,1,18,19,7,3,0,0,0,0,0,0,0,1,1,1,1,1,40,7,-1,-1,-1,-1,-1,-1,0,-1
2020100956427,2020,100956427,2,1,0,18,19,3,7,0,0,0,2,0,0,0,1,1,5,6,1,16,4,-1,-1,-1,-1,9,E01008234,0,-1
2020530951851,2020,530951851,1,1,0,18,19,-1,-1,0,0,0,1,0,7,0,-1,1,5,6,1,32,6,-1,-1,-1,-1,9,E01022378,0,-1
2020010238120,2020,010238120,1,1,0,18,19,7,3,0,0,8,5,0,0,0,1,1,2,2,2,29,6,-1,-1,-1,-1,3,E01004208,0,-1
202031B041620,2020,31B041620,1,90,0,18,19,8,4,0,0,0,0,0,0,0,1,1,6,6,1,16,4,-1,-1,-1,-1,1,E01028066,0,-1
2020450980443,2020,450980443,1,9,0,18,19,1,5,0,0,5,0,0,1,0,0,1,6,6,3,33,6,-1,-1,-1,-1,-1,-1,0,-1
2020010250989,2020,010250989,1,1,9,99,99,9,9,99,99,0,9,99,9,99,1,1,2,2,2,46,8,-1,-1,-1,-1,8,E01000708,0,-1
2020010280923,2020,010280923,1,9,0,9,9,7,5,2,2,8,0,0,0,0,1,1,1,1,1,31,6,-1,-1,-1,-1,8,E01021801,0,-1
202060Y020821,2020,60Y020821,2,9,0,18,19,8,4,0,0,1,0,0,0,0,1,1,6,6,3,-1,-1,-1,-1,-1,-1,-1,-1,0,-1
2020010287188,2020,010287188,2,9,0,7,7,4,5,0,0,6,0,0,0,0,0,1,6,6,3,-1,-1,-1,-1,-1,-1,-1,-1,0,-1
2020450948593,2020,450948593,3,9,0,18,19,7,3,0,0,1,0,0,0,0,0,1,6,6,3,40,7,-1,-1,-1,-1,-1,-1,0,-1
2020450952904,2020,450952904,1,9,0,18,19,1,5,0,0,0,0,0,0,0,1,1,5,6,1,33,6,-1,-1,-1,-1,9,E01030306,0,-1
2020522100470,2020,522100470,1,9,0,9,9,6,5,0,0,6,0,0,0,0,1,1,6,6,1,56,9,-1,-1,-1,-1,3,E01014673,0,-1
20201377U1443,2020,1377U1443,2,1,0,18,19,3,7,0,0,0,0,0,0,0,1,1,6,6,1,73,10,-1,-1,-1,-1,6,E01010578,0,-1
2020440361631,2020,440361631,1,9,0,13,13,2,6,0,0,0,0,0,0,0,1,1,6,6,1,-1,-1,-1,-1,-1,-1,8,E01016610,0,-1
2020501018565,2020,501018565,2,1,0,18,19,0,0,0,0,1,0,0,0,0,3,1,2,2,1,33,6,-1,-1,-1,-1,4,E01019972,0,-1
2020052002259,2020,052002259,2,1,0,18,19,6,2,0,0,8,0,0,0,0,3,1,6,6,1,40,7,-1,-1,-1,-1,1,E01006699,0,-1
2020430200835,2020,430200835,1,22,0,18,19,7,3,0,0,0,0,0,0,0,4,1,6,6,1,92,11,-1,-1,-1,-1,9,E01028495,0,-1
2020430157980,2020,430157980,1,9,0,4,4,3,7,0,0,0,0,0,0,0,2,1,1,1,1,39,7,-1,-1,-1,-1,6,E01002373,0,-1
2020530920881,2020,530920881,2,1,0,18,19,3,7,0,0,1,5,0,0,0,1,1,6,6,1,59,9,-1,-1,-1,-1,6,E01022405,0,-1
2020010249723,2020,010249723,1,1,0,18,19,1,5,0,0,8,0,0,0,0,3,-1,6,6,1,43,7,-1,-1,-1,-1,7,E01001965,0,-1
2020200954536,2020,200954536,2,1,0,18,19,2,6,0,0,8,0,0,0,0,1,1,6,6,1,55,8,-1,-1,-1,-1,3,E01009928,0,-1
2020010256899,2020,010256899,2,9,0,9,9,6,3,0,0,1,0,0,0,0,4,1,6,6,3,-1,-1,-1,-1,-1,-1,-1,-1,0,-1
2020450919650,2020,450919650,1,9,0,12,12,1,5,0,0,0,0,0,0,0,1,1,2,2,1,58,9,-1,-1,-1,-1,10,E01030513,0,-1
202060Y163731,2020,60Y163731,2,1,0,10,10,1,5,0,0,1,0,0,0,0,1,1,6,6,1,35,6,-1,-1,-1,-1,-1,-1,0,-1
2020450935083,2020,450935083,1,1,0,9,9,2,6,0,0,0,2,0,0,0,1,1,4,7,1,14,3,-1,-1,-1,-1,7,E01030895,0,-1
2020010239603,2020,010239603,2,9,0,99,99,9,9,99,99,9,9,99,9,99,1,9,6,6,3,-1,-1,-1,-1,-1,-1,-1,-1,0,-1
2020460952796,2020,460952796,1,9,0,18,19,-1,-1,0,0,0,0,0,0,0,0,1,6,6,3,-1,-1,-1,-1,-1,-1,-1,-1,0,-1
2020100965872,2020,100965872,2,1,0,18,19,5,1,0,0,0,0,0,0,0,0,1,5,6,2,45,7,-1,-1,-1,-1,10,E01008238,0,-1
2020544481220,2020,544481220,1,19,0,18,19,7,3,0,0,0,0,0,0,0,1,1,6,6,1,42,7,-1,-1,-1,-1,8,E01002106,0,-1
2020500993777,2020,500993777,2,1,0,18,19,3,7,0,0,1,0,0,0,0,4,1,6,6,1,16,4,-1,-1,-1,-1,1,E01015046,0,-1
2020010284662,2020,010284662,1,9,0,18,19,8,4,0,0,2,0,0,0,0,1,1,6,6,3,-1,-1,-1,-1,-1,-1,-1,-1,0,-1
202006E369819,2020,06E369819,1,9,0,18,19,6,2,0,0,0,0,0,0,0,1,1,6,6,3,-1,-1,-1,-1,-1,-1,-1,-1,0,-1
2020450946380,2020,450946380,2,1,0,18,19,7,3,0,0,8,0,0,0,0,4,1,6,6,1,57,9,-1,-1,-1,-1,9,E01030909,0,-1
2020350995067,2020,350995067,2,1,0,18,19,5,1,4,4,1,0,0,0,0,0,1,6,6,1,34,6,-1,-1,-1,-1,8,E01017992,0,-1
2020440143629,2020,440143629,1,1,0,18,19,8,6,0,0,0,0,0,0,0,0,1,6,6,1,47,8,-1,-1,-1,-1,9,E01023274,0,-1
2020522002637,2020,522002637,1,9,0,18,19,7,3,0,0,8,0,0,0,0,4,1,6,6,1,49,8,-1,-1,-1,-1,-1,-1,0,-1
2020360985380,2020,360985380,1,9,0,18,19,7,3,0,0,2,0,0,0,0,1,1,6,6,1,-1,-1,-1,-1,-1,-1,-1,-1,0,-1
2020040946631,2020,040946631,2,9,0,2,2,1,5,0,0,0,1,0,0,0,4,1,6,6,3,-1,-1,-1,-1,-1,-1,-1,-1,0,-1
2020302000562,2020,302000562,1,1,0,18,19,6,2,0,0,0,0,0,0,0,3,1,6,6,2,58,9,-1,-1,-1,-1,10,E01019727,0,-1
2020501009004,2020,501009004,1,9,0,18,19,2,6,0,0,0,0,0,0,0,2,1,6,6,1,-1,-1,-1,-1,-1,-1,-1,-1,0,-1
2020010266276,2020,010266276,1,9,0,18,19,5,1,0,0,8,0,0,0,0,1,1,-1,-1,3,-1,-1,-1,-1,-1,-1,-1,-1,0,-1
202006A171671,2020,06A171671,2,1,0,18,19,4,8,0,0,1,0,0,0,0,4,1,6,6,1,30,6,-1,-1,-1,-1,4,E01033659,0,-1
20201378N1309,2020,1378N1309,2,9,0,18,19,7,4,0,0,8,0,0,0,0,1,1,6,6,1,68,10,-1,-1,-1,-1,9,E01011195,0,-1
2020010276960,2020,010276960,1,1,9,99,99,9,9,99,99,9,9,99,9,99,9,1,2,2,2,28,6,-1,-1,-1,-1,6,E01003375,0,-1
2020010238143,2020,010238143,2,1,0,18,19,6,2,0,0,1,0,8,0,0,3,-1,1,1,1,46,8,-1,-1,-1,-1,1,E01004222,0,-1
2020052001092,2020,052001092,1,8,0,4,4,7,3,0,0,0,0,0,0,0,0,1,1,1,3,-1,-1,-1,-1,-1,-1,-1,-1,0,-1
2020460984325,2020,460984325,1,9,0,9,9,1,5,0,0,1,0,0,0,0,1,1,6,6,2,28,6,-1,-1,-1,-1,5,E01024716,0,-1
2020440435271,2020,440435271,2,9,0,4,4,8,2,0,0,1,0,0,0,0,4,1,1,1,1,28,6,-1,-1,-1,-1,1,E01017035,0,-1
2020201000188,2020,201000188,1,1,0,9,9,2,8,0,0,5,0,0,0,0,3,1,6,6,1,23,5,-1,-1,-1,-1,2,E01010465,0,-1
2020040957214,2020,040957214,2,1,0,18,19,7,3,0,0,1,0,0,0,0,1,1,6,6,1,27,6,-1,-1,-1,-1,1,E01024925,0,-1
2020470979764,2020,470979764,4,9,0,2,2,0,0,0,0,1,0,0,0,0,1,1,6,6,3,-1,-1,-1,-1,-1,-1,-1,-1,0,-1
2020302000860,2020,302000860,1,9,0,4,4,6,2,0,0,0,0,0,0,0,4,1,6,6,3,-1,-1,-1,-1,-1,-1,5,E01019456,0,-1
2020420952436,2020,420952436,2,1,0,18,19,1,5,0,0,4,0,0,0,0,1,1,5,6,1,50,8,-1,-1,-1,-1,-1,-1,0,-1