collision_index,collision_year,collision_ref_no,vehicle_reference,vehicle_type,towing_and_articulation,vehicle_manoeuvre_historic,vehicle_manoeuvre,vehicle_direction_from,vehicle_direction_to,vehicle_location_restricted_lane_historic,vehicle_location_restricted_lane,junction_location,skidding_and_overturning,hit_object_in_carriageway,vehicle_leaving_carriageway,hit_object_off_carriageway,first_point_of_impact,vehicle_left_hand_drive,journey_purpose_of_driver_historic,journey_purpose_of_driver,sex_of_driver,age_of_driver,age_band_of_driver,engine_capacity_cc,propulsion_code,age_of_vehicle,generic_make_model,driver_imd_decile,lsoa_of_driver,escooter_flag,driver_distance_banding
2020010263591,2020,010263591,2,1,0,18,19,3,7,4,4,1,5,0,0,0,4,1,1,1,1,38,7,-1,-1,-1,-1,-1,-1,0,-1
2020450966517,2020,450966517,1,9,0,9,9,1,1,0,0,6,0,0,0,0,1,1,1,1,1,41,7,-1,-1,-1,-1,9,E01030900,0,-1
2020220948496,2020,220948496,1,9,0,18,19,6,2,0,0,6,0,10,3,11,1,1,5,6,1,44,7,-1,-1,-1,-1,5,E01014026,0,-1
2020140967110,2020,140967110,1,9,0,7,7,8,3,0,0,3,0,0,0,0,4,1,5,6,1,45,7,-1,-1,-1,-1,5,E01012310,0,-1
2020010285112,2020,010285112,1,1,0,18,19,5,1,2,2,1,0,0,0,0,1,1,2,2,1,37,7,-1,-1,-1,-1,3,E01000510,0,-1
2020332001155,2020,332001155,2,1,0,18,19,5,1,0,0,0,0,0,0,0,0,1,6,6,2,17,4,-1,-1,-1,-1,-1,-1,0,-1
2020470963663,2020,470963663,2,97,0,14,14,5,1,0,0,0,0,8,0,0,3,1,6,6,1,-1,-1,-1,-1,-1,-1,-1,-1,0,-1
2020420934203,2020,420934203,3,9,0,2,2,0,0,0,0,0,0,0,0,0,1,1,6,6,3,-1,-1,-1,-1,-1,-1,-1,-1,0,-1
2020010259422,2020,010259422,2,9,0,1,1,5,1,0,0,7,0,0,0,0,0,1,6,6,3,-1,-1,-1,-1,-1,-1,-1,-1,0,-1
2020010263511,2020,010263511,1,1,9,99,99,9,9,99,99,0,9,99,9,99,1,1,6,6,1,39,7,-1,-1,-1,-1,5,E01003058,0,-1
2020522000802,2020,522000802,2,9,0,3,3,5,1,0,0,0,0,0,0,0,2,1,6,6,3,20,4,-1,-1,-1,-1,-1,-1,0,-1
202006A166830,2020,06A166830,1,9,0,18,19,6,2,0,0,0,0,0,0,0,3,1,6,6,1,28,6,-1,-1,-1,-1,3,E01006341,0,-1
2020530969229,2020,530969229,1,9,0,2,2,3,7,0,0,0,0,0,0,0,1,1,6,6,1,-1,-1,-1,-1,-1,-1,2,E01022332,0,-1
2020440202652,2020,440202652,2,9,0,12,12,1,5,0,0,0,0,0,0,0,0,1,6,6,3,-1,-1,-1,-1,-1,-1,-1,-1,0,-1
2020010267286,2020,010267286,1,9,0,99,99,9,9,99,99,9,9,99,9,99,2,9,6,6,1,48,8,-1,-1,-1,-1,1,E01000601,0,-1
2020470973961,2020,470973961,1,9,0,17,19,2,8,0,0,0,1,0,0,0,4,1,5,6,1,61,9,-1,-1,-1,-1,5,E01016963,0,-1
2020440151268,2020,440151268,1,1,0,18,19,5,1,0,0,0,0,0,0,0,0,1,6,6,1,60,9,-1,-1,-1,-1,1,E01022933,0,-1
2020010231693,2020,010231693,2,1,0,9,9,1,7,2,2,0,0,0,0,0,4,1,6,6,1,32,6,-1,-1,-1,-1,2,E01033486,0,-1
2020137990899,2020,137990899,1,1,0,18,19,4,8,0,0,1,0,0,0,0,1,1,2,2,1,39,7,-1,-1,-1,-1,4,E01010978,0,-1
2020100918742,2020,100918742,1,9,0,7,7,2,6,0,0,8,0,0,0,0,1,1,6,6,3,30,6,-1,-1,-1,-1,-1,-1,0,-1
2020040935281,2020,040935281,1,1,0,18,19,8,4,0,0,6,0,0,0,0,4,1,6,6,1,7,2,-1,-1,-1,-1,1,E01025283,0,-1
2020990921839,2020,990921839,2,1,0,9,9,6,4,0,0,4,0,0,0,0,4,1,5,6,1,58,9,-1,-1,-1,-1,9,-1,0,-1
2020522001088,2020,522001088,2,9,0,18,19,1,7,0,0,0,0,0,0,0,3,1,6,6,2,20,4,-1,-1,-1,-1,-1,-1,0,-1
2020010233764,2020,010233764,2,9,0,99,99,9,9,99,99,9,9,99,9,99,2,9,6,6,3,-1,-1,-1,-1,-1,-1,-1,-1,0,-1
2020010237738,2020,010237738,1,1,9,18,19,5,1,0,0,1,5,0,0,99,2,1,2,2,1,35,6,-1,-1,-1,-1,6,E01003386,0,-1
2020200962266,2020,200962266,2,1,0,18,19,2,6,0,0,8,0,0,0,0,3,1,1,1,1,65,9,-1,-1,-1,-1,1,E01009379,0,-1
2020160977773,2020,160977773,1,1,0,18,19,5,1,0,0,1,0,0,0,0,3,1,6,6,1,15,3,-1,-1,-1,-1,1,E01013203,0,-1
2020041005513,2020,041005513,2,1,0,18,19,7,3,0,0,1,0,0,0,0,1,1,5,6,1,14,3,-1,-1,-1,-1,1,E01025583,0,-1
2020430242770,2020,430242770,1,9,0,17,19,5,2,0,0,1,0,0,0,0,1,1,6,6,1,33,6,-1,-1,-1,-1,5,E01017913,0,-1
2020543929620,2020,543929620,1,1,0,18,19,7,3,0,0,8,0,0,0,0,1,1,6,6,1,12,3,-1,-1,-1,-1,7,E01031978,0,-1
2020332000036,2020,332000036,1,98,0,18,19,1,5,0,0,0,0,0,0,0,1,1,1,1,1,62,9,-1,-1,-1,-1,6,E01026247,0,-1
202006J173636,2020,06J173636,1,9,0,4,4,3,7,0,0,1,0,11,0,0,3,1,6,6,2,30,6,-1,-1,-1,-1,-1,-1,0,-1
2020220994218,2020,220994218,1,1,0,18,19,5,1,0,0,1,0,0,0,0,0,1,5,6,1,64,9,-1,-1,-1,-1,8,E01032420,0,-1
2020052002357,2020,052002357,1,8,0,18,19,5,1,0,0,8,0,0,0,0,1,1,6,6,3,-1,-1,-1,-1,-1,-1,-1,-1,0,-1
2020320543077,2020,320543077,1,19,0,14,14,7,3,0,0,0,0,0,0,0,4,1,6,6,3,40,7,-1,-1,-1,-1,-1,-1,0,-1
202060Y152791,2020,60Y152791,2,1,0,18,19,6,2,0,0,0,0,0,0,0,1,1,6,6,1,11,3,-1,-1,-1,-1,-1,-1,0,-1
2020160990168,2020,160990168,2,1,0,18,19,1,5,0,0,8,0,0,0,0,3,1,6,6,1,37,7,-1,-1,-1,-1,5,E01013081,0,-1
202060Y115937,2020,60Y115937,2,1,0,4,4,5,1,0,0,0,0,0,0,0,2,1,6,6,2,66,10,-1,-1,-1,-1,-1,-1,0,-1
2020460969615,2020,460969615,2,9,0,18,19,7,5,0,0,0,0,0,0,0,1,1,1,1,1,49,8,-1,-1,-1,-1,6,E01024363,0,-1
2020991011266,2020,991011266,1,9,0,9,9,1,5,0,0,2,0,0,0,0,3,2,5,6,2,37,7,-1,-1,-1,-1,7,-1,0,-1
2020332000339,2020,332000339,1,9,0,18,19,3,7,0,0,4,0,0,0,0,1,1,6,6,2,38,7,-1,-1,-1,-1,1,E01013603,0,-1
2020010243802,2020,010243802,2,9,0,99,99,9,9,99,99,0,9,99,9,99,9,9,6,6,3,-1,-1,-1,-1,-1,-1,-1,-1,0,-1
2020010275596,2020,010275596,2,-1,0,18,19,7,3,0,0,2,0,11,0,0,3,1,6,6,1,54,8,-1,-1,-1,-1,2,E01003126,1,-1
202031D144820,2020,31D144820,2,1,0,18,19,6,2,0,0,8,0,0,0,0,3,1,6,6,1,53,8,-1,-1,-1,-1,10,E01028199,0,-1
2020100946371,2020,100946371,1,2,0,15,15,1,5,0,0,1,2,4,0,0,1,1,6,6,3,16,4,-1,-1,-1,-1,-1,-1,0,-1
2020010241537,2020,010241537,1,9,0,18,19,5,1,0,0,1,0,0,0,0,1,1,1,1,1,37,7,-1,-1,-1,-1,7,E01023682,0,-1
2020010272939,2020,010272939,3,1,0,18,19,5,1,0,0,1,0,0,0,0,2,1,6,6,1,44,7,-1,-1,-1,-1,6,E01001034,0,-1
2020010251095,2020,010251095,2,9,9,99,99,9,9,99,99,0,9,99,9,99,9,9,6,6,2,-1,-1,-1,-1,-1,-1,4,E01003115,0,-1
2020470939435,2020,470939435,1,9,0,18,19,8,4,0,0,0,0,0,0,0,0,1,6,6,3,-1,-1,-1,-1,-1,-1,-1,-1,0,-1
2020332001185,2020,332001185,1,9,0,18,19,2,6,0,0,0,0,0,0,0,0,1,6,6,1,32,6,-1,-1,-1,-1,-1,-1,0,-1
2020430047693,2020,430047693,1,9,0,9,9,5,3,0,0,6,0,0,0,0,3,1,6,6,2,40,7,-1,-1,-1,-1,-1,-1,0,-1
2020140960588,2020,140960588,2,9,0,2,2,0,0,0,0,1,0,0,0,0,4,1,6,6,3,-1,-1,-1,-1,-1,-1,-1,-1,0,-1
2020140943460,2020,140943460,2,98,0,4,4,5,1,0,0,0,0,0,0,0,2,1,2,2,1,50,8,-1,-1,-1,-1,7,E01013100,0,-1
2020440193514,2020,440193514,1,1,0,18,19,3,7,0,0,2,0,0,0,0,0,1,6,6,1,16,4,-1,-1,-1,-1,6,E01022831,0,-1
2020320115082,2020,320115082,2,19,0,2,2,0,0,0,0,0,0,0,0,0,0,2,1,1,1,25,5,-1,-1,-1,-1,-1,-1,0,-1
2020010264093,2020,010264093,2,19,4,18,19,8,4,2,2,0,0,0,0,0,3,1,1,1,1,36,7,-1,-1,-1,-1,8,E01015823,0,-1
2020211008152,2020,211008152,2,19,0,3,3,1,5,0,0,0,0,0,0,0,2,1,6,6,1,32,6,-1,-1,-1,-1,5,E01010351,0,-1
2020010233042,2020,010233042,2,9,0,99,99,9,9,99,99,9,9,99,9,99,1,9,6,6,3,-1,-1,-1,-1,-1,-1,-1,-1,0,-1
202006J371205,2020,06J371205,2,1,0,18,19,7,3,0,0,0,0,0,0,0,1,1,6,6,2,43,7,-1,-1,-1,-1,5,E01005759,0,-1
2020430192406,2020,430192406,1,9,0,18,19,1,5,0,0,0,0,0,0,0,1,1,6,6,3,-1,-1,-1,-1,-1,-1,-1,-1,0,-1
2020500999487,2020,500999487,1,1,0,18,19,1,5,0,0,0,1,0,0,0,1,1,6,6,1,16,4,-1,-1,-1,-1,10,E01015133,0,-1
2020201000204,2020,201000204,1,9,0,18,19,6,2,0,0,2,0,0,0,0,1,1,6,6,2,-1,-1,-1,-1,-1,-1,-1,-1,0,-1
2020010272401,2020,010272401,1,1,9,99,99,9,9,99,99,9,9,99,9,99,1,1,6,6,1,27,6,-1,-1,-1,-1,4,E01000005,0,-1
2020201003963,2020,201003963,1,19,0,18,19,4,8,0,0,1,0,4,0,0,4,1,6,6,3,-1,-1,-1,-1,-1,-1,-1,-1,0,-1
2020522003603,2020,522003603,2,1,0,18,19,1,5,0,0,0,0,0,0,0,1,1,6,6,1,42,7,-1,-1,-1,-1,8,E01014444,0,-1
2020052002008,2020,052002008,1,9,0,13,13,1,5,0,0,3,0,0,0,0,4,1,6,6,3,-1,-1,-1,-1,-1,-1,-1,-1,0,-1
2020991006619,2020,991006619,5,9,0,18,19,1,5,0,0,0,2,0,0,0,1,1,5,6,2,20,4,-1,-1,-1,-1,5,-1,0,-1
202060Y079555,2020,60Y079555,1,9,0,18,19,3,7,0,0,1,1,0,1,7,1,1,1,1,1,57,9,-1,-1,-1,-1,-1,-1,0,-1
2020470977242,2020,470977242,1,9,0,4,4,8,4,0,0,1,0,0,0,0,2,1,6,6,1,27,6,-1,-1,-1,-1,5,E01023529,0,-1
2020110955881,2020,110955881,2,1,0,4,4,7,3,0,0,1,0,0,0,0,4,1,6,6,1,47,8,-1,-1,-1,-1,8,E01020597,0,-1
202006A277520,2020,06A277520,1,9,0,18,19,2,6,0,0,0,0,0,0,0,3,1,6,6,1,30,6,-1,-1,-1,-1,-1,-1,0,-1
2020360992406,2020,360992406,2,9,0,2,2,0,0,0,0,0,0,0,0,0,1,1,6,6,3,-1,-1,-1,-1,-1,-1,-1,-1,0,-1
2020420955839,2020,420955839,2,9,0,2,2,0,0,6,6,0,0,0,0,0,2,1,6,6,3,-1,-1,-1,-1,-1,-1,-1,-1,0,-1
202006P372528,2020,06P372528,2,1,0,18,19,4,8,0,0,8,0,0,0,0,1,1,6,6,2,45,7,-1,-1,-1,-1,2,E01005514,0,-1
2020040946659,2020,040946659,1,9,0,16,19,6,2,0,0,1,0,0,0,0,1,1,5,6,1,40,7,-1,-1,-1,-1,5,E01025320,0,-1
2020010252531,2020,010252531,1,9,0,18,19,7,3,1,1,2,0,0,0,0,1,1,6,6,3,-1,-1,-1,-1,-1,-1,-1,-1,0,-1
2020220992570,2020,220992570,1,9,0,17,19,4,2,0,0,0,0,0,0,0,4,1,6,6,1,34,6,-1,-1,-1,-1,-1,-1,0,-1
2020470972642,2020,470972642,1,1,0,18,19,1,5,0,0,8,0,0,0,0,4,1,5,6,1,13,3,-1,-1,-1,-1,1,E01021015,0,-1
2020010245131,2020,010245131,2,90,0,18,19,5,1,0,0,1,0,10,7,1,1,1,1,1,1,25,5,-1,-1,-1,-1,5,E01002693,0,-1
2020010265897,2020,010265897,2,9,0,99,99,9,9,99,99,9,9,99,9,99,1,9,6,6,3,-1,-1,-1,-1,-1,-1,3,E01000800,0,-1
2020100993754,2020,100993754,2,1,0,18,19,3,7,0,0,0,0,0,0,0,2,1,2,2,1,53,8,-1,-1,-1,-1,1,E01008303,0,-1
2020350987260,2020,350987260,3,9,0,4,4,6,2,0,0,0,0,0,0,0,2,1,1,1,1,31,6,-1,-1,-1,-1,7,E01002165,0,-1
2020137631212,2020,137631212,1,9,0,9,9,4,1,0,0,6,0,0,0,0,0,1,6,6,3,-1,-1,-1,-1,-1,-1,-1,-1,0,-1
2020991002431,2020,991002431,2,1,0,18,19,5,1,0,0,0,0,0,1,0,0,1,6,6,2,41,7,-1,-1,-1,-1,5,-1,0,-1
2020220925522,2020,220925522,1,9,0,16,19,8,3,0,0,0,0,0,0,0,4,1,6,6,3,34,6,-1,-1,-1,-1,-1,-1,0,-1
2020160933388,2020,160933388,2,1,0,18,19,7,3,0,0,1,0,0,0,0,1,1,6,6,1,44,7,-1,-1,-1,-1,7,E01013020,0,-1
20201378V0621,2020,1378V0621,1,1,0,5,5,6,2,0,0,0,0,0,0,0,1,1,1,1,1,22,5,-1,-1,-1,-1,10,E01011461,0,-1
2020450934756,2020,450934756,2,9,0,9,9,4,2,0,0,8,0,0,0,0,1,1,6,6,1,50,8,-1,-1,-1,-1,-1,-1,0,-1
2020546958220,2020,546958220,2,1,0,18,19,1,5,0,0,1,0,0,0,0,1,1,6,6,1,22,5,-1,-1,-1,-1,7,E01031926,0,-1
2020400938321,2020,400938321,2,9,0,4,4,3,7,0,0,2,0,0,0,0,2,1,5,6,1,55,8,-1,-1,-1,-1,10,E01017566,0,-1
2020140986715,2020,140986715,2,1,0,18,19,6,2,0,0,2,0,8,0,0,1,1,5,6,1,67,10,-1,-1,-1,-1,8,E01007610,0,-1
2020010259518,2020,010259518,2,9,0,99,99,9,9,99,99,9,9,99,9,99,9,9,6,6,3,-1,-1,-1,-1,-1,-1,4,E01003492,0,-1
2020010243638,2020,010243638,2,1,0,18,19,3,7,9,9,6,0,0,0,0,1,1,6,6,1,34,6,-1,-1,-1,-1,1,E01033585,0,-1
2020010280623,2020,010280623,1,1,9,99,99,9,9,99,99,9,9,99,9,99,9,1,6,6,2,58,9,-1,-1,-1,-1,6,E01001245,0,-1
2020070244176,2020,070244176,3,1,0,16,19,3,7,0,0,0,5,0,0,0,2,1,6,6,1,19,4,-1,-1,-1,-1,6,E01018394,0,-1
2020411028908,2020,411028908,1,9,0,9,9,1,5,0,0,6,0,0,0,0,1,1,5,6,2,48,8,-1,-1,-1,-1,7,E01023856,0,-1
2020552100180,2020,552100180,2,1,0,9,9,2,5,0,0,6,0,0,0,0,1,1,1,1,1,20,4,-1,-1,-1,-1,5,E01020587,0,-1
2020040967306,2020,040967306,1,9,0,1,1,1,3,0,0,0,0,0,0,0,0,1,6,6,3,-1,-1,-1,-1,-1,-1,-1,-1,0,-1
2020230997674,2020,230997674,2,1,0,18,19,1,5,9,9,6,1,0,0,0,1,1,5,6,2,22,5,-1,-1,-1,-1,8,E01009578,0,-1
2020201022492,2020,201022492,3,1,0,18,19,6,2,4,4,8,0,0,0,0,1,1,6,6,1,40,7,-1,-1,-1,-1,4,E01008955,0,-1
2020522001903,2020,522001903,1,9,0,18,19,5,1,0,0,8,0,0,0,0,1,1,6,6,1,25,5,-1,-1,-1,-1,1,E01014589,0,-1
2020430421655,2020,430421655,1,9,0,18,19,7,3,0,0,0,0,0,0,0,4,1,6,6,3,-1,-1,-1,-1,-1,-1,-1,-1,0,-1
2020990931135,2020,990931135,2,97,0,18,19,2,6,0,0,1,0,0,0,0,1,1,5,6,1,30,6,-1,-1,-1,-1,6,-1,0,-1
2020420999609,2020,420999609,1,9,0,5,5,5,3,0,0,1,0,0,0,0,1,1,5,6,1,34,6,-1,-1,-1,-1,4,E01021999,0,-1
2020470986510,2020,470986510,6,9,0,2,2,0,0,0,0,0,0,0,0,0,2,1,6,6,3,-1,-1,-1,-1,-1,-1,-1,-1,0,-1
2020990955179,2020,990955179,1,1,0,4,4,-1,-1,-1,-1,0,-1,-1,-1,0,3,1,5,6,1,10,2,-1,-1,-1,-1,-1,-1,0,-1
2020211026497,2020,211026497,1,1,0,18,19,5,1,0,0,1,0,0,0,0,1,1,1,1,1,35,6,-1,-1,-1,-1,1,E01014237,0,-1
2020302000542,2020,302000542,2,1,0,18,19,1,5,0,0,0,0,0,0,0,2,1,6,6,1,15,3,-1,-1,-1,-1,3,E01029404,0,-1
2020500930789,2020,500930789,1,19,0,1,1,3,7,0,0,0,0,0,0,0,2,1,6,6,2,46,8,-1,-1,-1,-1,6,E01018794,0,-1
2020461010705,2020,461010705,2,9,0,2,2,0,0,0,0,0,0,0,0,0,3,1,6,6,3,-1,-1,-1,-1,-1,-1,-1,-1,0,-1
2020520004029,2020,520004029,2,9,0,18,19,5,1,0,0,8,0,0,0,0,1,1,6,6,1,34,6,-1,-1,-1,-1,-1,-1,0,-1
2020440290626,2020,440290626,2,1,0,18,19,6,2,0,0,0,0,0,0,0,2,1,6,6,1,19,4,-1,-1,-1,-1,2,E01017115,0,-1
2020450920613,2020,450920613,1,1,0,18,19,4,8,0,0,1,0,0,0,0,1,1,6,6,1,28,6,-1,-1,-1,-1,10,E01031002,0,-1
2020010278025,2020,010278025,1,9,0,99,99,9,9,99,99,9,9,99,9,99,9,9,6,6,3,-1,-1,-1,-1,-1,-1,-1,-1,0,-1
202063A059820,2020,63A059820,1,9,0,18,19,1,5,0,0,0,0,0,0,0,1,1,6,6,1,51,8,-1,-1,-1,-1,4,W01000702,0,-1
2020522001823,2020,522001823,1,9,0,7,7,7,1,0,0,5,0,0,0,0,4,1,6,6,3,30,6,-1,-1,-1,-1,-1,-1,0,-1
2020410944716,2020,410944716,2,1,0,18,19,7,3,0,0,1,0,0,0,0,1,1,5,6,1,59,9,-1,-1,-1,-1,7,E01022020,0,-1
2020010270836,2020,010270836,3,9,0,99,99,9,9,99,99,1,9,99,9,99,9,9,6,6,3,-1,-1,-1,-1,-1,-1,-1,-1,0,-1
2020430040706,2020,430040706,2,9,0,14,14,4,8,0,0,0,0,0,0,0,3,1,6,6,1,-1,-1,-1,-1,-1,-1,-1,-1,0,-1
2020040961805,2020,040961805,1,9,0,17,19,1,5,0,0,0,1,7,0,0,3,1,5,6,2,21,5,-1,-1,-1,-1,5,E01012710,0,-1
2020360954828,2020,360954828,1,9,0,18,19,7,3,0,0,0,0,0,0,0,-1,1,6,6,3,-1,-1,-1,-1,-1,-1,-1,-1,0,-1
2020451010852,2020,451010852,1,1,0,18,19,5,1,0,0,0,0,0,0,0,4,1,5,6,1,17,4,-1,-1,-1,-1,10,E01002924,0,-1
2020010253389,2020,010253389,2,1,0,18,19,2,6,4,4,8,0,0,0,0,3,1,6,6,1,25,5,-1,-1,-1,-1,5,E01001556,0,-1
2020500966755,2020,500966755,2,1,0,18,19,8,4,0,0,8,0,0,0,0,2,1,2,2,2,52,8,-1,-1,-1,-1,5,E01020006,0,-1
2020460921729,2020,460921729,1,97,0,18,19,4,8,0,0,1,0,0,0,0,1,1,6,6,3,-1,-1,-1,-1,-1,-1,-1,-1,0,-1
2020010244774,2020,010244774,1,19,0,18,19,3,7,0,0,6,0,0,0,0,0,1,6,6,3,-1,-1,-1,-1,-1,-1,-1,-1,0,-1
2020990925297,2020,990925297,1,9,0,9,9,2,8,0,0,1,0,0,0,0,4,1,1,1,1,40,7,-1,-1,-1,-1,3,-1,0,-1
2020040915537,2020,040915537,1,1,0,17,19,7,3,0,0,8,0,0,0,0,1,1,5,6,1,52,8,-1,-1,-1,-1,5,E01025589,0,-1
202060Y017563,2020,60Y017563,1,9,0,17,19,3,7,0,0,1,2,0,7,4,1,1,6,6,2,21,5,-1,-1,-1,-1,-1,-1,0,-1
2020030932252,2020,030932252,2,9,0,17,19,5,1,0,0,0,2,0,8,0,1,1,5,6,1,17,4,-1,-1,-1,-1,6,W01000027,0,-1
2020360991848,2020,360991848,1,1,0,18,19,5,1,0,0,0,0,0,0,0,1,1,5,6,1,56,9,-1,-1,-1,-1,5,E01026724,0,-1
2020211018711,2020,211018711,1,9,0,16,19,1,4,0,0,8,0,0,0,0,1,1,1,1,1,57,9,-1,-1,-1,-1,6,E01002928,0,-1
2020450960278,2020,450960278,2,9,0,5,5,1,5,0,0,0,0,0,0,0,4,1,6,6,1,30,6,-1,-1,-1,-1,-1,-1,0,-1
202060Y012719,2020,60Y012719,1,9,0,18,19,3,7,0,0,0,0,0,0,0,1,1,6,6,2,57,9,-1,-1,-1,-1,-1,-1,0,-1
2020610002320,2020,610002320,1,9,0,9,9,3,1,0,0,1,0,0,0,0,0,1,6,6,2,38,7,-1,-1,-1,-1,3,W01001450,0,-1
2020010285015,2020,010285015,3,1,0,18,19,5,1,0,0,8,0,0,0,0,0,1,2,2,1,46,8,-1,-1,-1,-1,8,E01003355,0,-1
2020170S21080,2020,170S21080,2,1,0,18,19,5,1,0,0,6,0,0,0,0,1,1,6,6,1,18,4,-1,-1,-1,-1,7,E01012244,0,-1
2020010275243,2020,010275243,2,9,9,99,99,9,9,99,99,9,9,99,9,99,9,9,6,6,3,-1,-1,-1,-1,-1,-1,-1,-1,0,-1
2020461010766,2020,461010766,1,9,0,16,19,1,7,0,0,3,1,7,0,0,1,1,5,6,1,19,4,-1,-1,-1,-1,5,E01024181,0,-1
2020161007926,2020,161007926,1,9,0,1,1,1,5,0,0,0,0,0,0,0,2,1,6,6,1,-1,-1,-1,-1,-1,-1,-1,-1,0,-1
2020010273477,2020,010273477,1,1,9,99,99,9,9,99,99,9,9,99,9,99,1,1,2,2,2,25,5,-1,-1,-1,-1,6,E01004529,0,-1
2020010249373,2020,010249373,2,9,0,99,99,9,9,99,99,9,9,99,9,99,9,9,6,6,3,-1,-1,-1,-1,-1,-1,-1,-1,0,-1
2020410992470,2020,410992470,1,9,0,9,9,3,5,0,0,1,0,0,1,1,1,1,6,6,1,20,4,-1,-1,-1,-1,7,E01023366,0,-1
2020430158992,2020,430158992,1,1,0,18,19,4,8,0,0,0,0,0,0,0,1,1,6,6,2,12,3,-1,-1,-1,-1,10,E01017786,0,-1
2020610024320,2020,610024320,1,19,0,7,7,4,6,0,0,6,0,0,0,0,1,1,1,1,1,22,5,-1,-1,-1,-1,-1,-1,0,-1
2020332000296,2020,332000296,2,19,0,5,5,8,4,0,0,6,0,0,0,0,3,1,1,1,1,23,5,-1,-1,-1,-1,-1,-1,0,-1
2020432003773,2020,432003773,2,9,0,18,19,3,7,0,0,1,0,0,7,0,4,1,6,6,2,28,6,-1,-1,-1,-1,9,E01033512,0,-1
2020010268327,2020,010268327,1,1,9,99,99,9,9,99,99,9,9,99,9,99,1,1,2,2,1,32,6,-1,-1,-1,-1,3,E01003609,0,-1
2020010237321,2020,010237321,2,9,9,18,19,5,1,99,99,9,9,99,9,99,9,9,6,6,3,-1,-1,-1,-1,-1,-1,-1,-1,0,-1
2020450976805,2020,450976805,2,1,0,18,19,3,7,0,0,0,0,0,0,0,3,1,5,6,1,51,8,-1,-1,-1,-1,9,E01030904,0,-1
2020010257786,2020,010257786,2,1,0,18,19,1,5,0,0,8,0,0,0,0,1,1,6,6,1,35,6,-1,-1,-1,-1,1,E01002880,0,-1
2020101006701,2020,101006701,1,1,-1,18,19,3,7,0,0,0,0,0,0,0,-1,1,6,6,1,49,8,-1,-1,-1,-1,4,E01008361,0,-1
2020522003704,2020,522003704,1,9,0,18,19,1,5,0,0,8,0,0,0,0,1,1,6,6,1,24,5,-1,-1,-1,-1,6,E01014631,0,-1
2020010251729,2020,010251729,2,1,0,17,19,3,1,0,0,2,0,0,0,0,1,1,6,6,1,31,6,-1,-1,-1,-1,5,E01003173,0,-1
2020430006573,2020,430006573,2,19,0,18,19,3,7,0,0,0,0,0,0,0,0,1,6,6,1,-1,-1,-1,-1,-1,-1,-1,-1,0,-1
2020220976478,2020,220976478,1,1,0,18,19,2,6,0,0,0,0,0,3,0,1,1,5,6,1,30,6,-1,-1,-1,-1,4,E01011668,0,-1
2020010279137,2020,010279137,1,9,0,18,19,6,2,0,0,0,0,0,0,0,4,1,6,6,3,-1,-1,-1,-1,-1,-1,-1,-1,0,-1
2020210956295,2020,210956295,1,9,0,18,19,8,4,0,0,0,0,0,0,0,1,1,6,6,1,69,10,-1,-1,-1,-1,2,W01000789,0,-1
2020440247589,2020,440247589,1,1,0,18,19,2,6,0,0,8,0,0,0,0,4,1,6,6,1,63,9,-1,-1,-1,-1,7,E01017175,0,-1
20201375Q0439,2020,1375Q0439,2,1,0,18,19,6,2,0,0,8,0,0,0,0,1,1,6,6,1,68,10,-1,-1,-1,-1,1,E01011838,0,-1
202006Q170761,2020,06Q170761,1,9,0,5,5,3,7,0,0,8,0,0,0,0,1,1,6,6,1,52,8,-1,-1,-1,-1,1,E01005432,0,-1
2020470980981,2020,470980981,2,1,0,18,19,1,5,0,0,1,0,0,0,0,1,1,1,1,1,15,3,-1,-1,-1,-1,6,E01031449,0,-1
2020470957758,2020,470957758,1,9,0,2,2,0,0,0,0,2,0,0,0,0,3,1,6,6,3,-1,-1,-1,-1,-1,-1,-1,-1,0,-1
2020160941970,2020,160941970,2,9,0,2,2,3,7,0,0,0,0,0,0,0,2,1,6,6,3,-1,-1,-1,-1,-1,-1,-1,-1,0,-1
2020010281054,2020,010281054,1,19,0,9,9,1,6,0,0,1,0,0,0,0,1,1,6,6,3,-1,-1,-1,-1,-1,-1,-1,-1,0,-1
2020040944695,2020,040944695,3,9,0,2,2,0,0,9,9,2,0,0,0,0,2,1,6,6,3,-1,-1,-1,-1,-1,-1,-1,-1,0,-1
2020010273917,2020,010273917,1,9,0,18,19,1,5,0,0,4,0,0,0,0,0,1,6,6,1,38,7,-1,-1,-1,-1,4,E01000534,0,-1
2020302001164,2020,302001164,1,9,0,13,13,6,2,0,0,0,0,0,0,0,1,1,6,6,3,-1,-1,-1,-1,-1,-1,5,E01019456,0,-1
2020010247617,2020,010247617,2,1,0,9,9,1,7,0,0,0,0,0,0,0,4,1,6,6,2,13,3,-1,-1,-1,-1,5,E01001265,0,-1
2020070468745,2020,070468745,2,1,0,18,19,5,1,0,0,8,0,0,0,0,4,1,6,6,1,35,6,-1,-1,-1,-1,7,E01012524,0,-1
2020160957046,2020,160957046,2,1,0,17,19,6,2,0,0,3,0,0,0,0,4,1,6,6,1,56,9,-1,-1,-1,-1,1,E01012854,0,-1
2020010265075,2020,010265075,2,11,0,18,19,7,3,0,0,1,0,99,9,99,9,1,6,6,3,-1,-1,-1,-1,-1,-1,-1,-1,0,-1
2020010250021,2020,010250021,1,1,9,9,9,3,1,0,0,1,5,0,0,99,2,1,6,6,1,27,6,-1,-1,-1,-1,8,E01003428,0,-1
2020332000767,2020,332000767,2,9,0,18,19,3,7,0,0,0,0,0,0,0,1,1,6,6,1,76,11,-1,-1,-1,-1,7,E01031160,0,-1
2020522003678,2020,522003678,1,1,0,99,99,1,5,0,0,5,0,0,1,10,0,1,6,6,1,35,6,-1,-1,-1,-1,9,E01014467,0,-1
2020040932990,2020,040932990,1,9,0,4,4,5,1,0,0,1,0,0,0,0,1,1,6,6,3,-1,-1,-1,-1,-1,-1,-1,-1,0,-1
2020320044526,2020,320044526,2,1,0,18,19,1,5,0,0,1,0,0,0,0,2,1,6,6,1,11,3,-1,-1,-1,-1,2,E01026084,0,-1
2020010277521,2020,010277521,1,-1,9,18,19,3,7,9,9,9,0,11,0,0,9,1,6,6,3,-1,-1,-1,-1,-1,-1,-1,-1,1,-1