collision_index,collision_year,collision_ref_no,vehicle_reference,vehicle_type,towing_and_articulation,vehicle_manoeuvre_historic,vehicle_manoeuvre,vehicle_direction_from,vehicle_direction_to,vehicle_location_restricted_lane_historic,vehicle_location_restricted_lane,junction_location,skidding_and_overturning,hit_object_in_carriageway,vehicle_leaving_carriageway,hit_object_off_carriageway,first_point_of_impact,vehicle_left_hand_drive,journey_purpose_of_driver_historic,journey_purpose_of_driver,sex_of_driver,age_of_driver,age_band_of_driver,engine_capacity_cc,propulsion_code,age_of_vehicle,generic_make_model,driver_imd_decile,lsoa_of_driver,escooter_flag,driver_distance_banding
2020371013599,2020,371013599,2,98,1,18,19,8,4,0,0,0,0,0,0,0,4,1,1,1,3,45,7,-1,-1,-1,-1,4,E01026444,0,-1
2020440373901,2020,440373901,2,9,0,18,19,4,8,0,0,1,0,0,0,0,4,1,6,6,2,56,9,-1,-1,-1,-1,7,E01022648,0,-1
2020430392634,2020,430392634,1,-1,0,18,19,2,6,0,0,0,0,4,0,0,1,1,6,6,2,35,6,-1,-1,-1,-1,7,E01028541,1,-1
2020990974780,2020,990974780,1,1,0,18,19,3,7,9,9,1,0,0,0,0,1,1,6,6,1,13,3,-1,-1,-1,-1,1,-1,0,-1
2020010282213,2020,010282213,2,9,0,18,19,5,1,0,0,6,0,0,0,0,1,1,6,6,3,20,4,-1,-1,-1,-1,-1,-1,0,-1
2020010267501,2020,010267501,1,1,9,99,99,9,9,99,99,9,9,99,9,99,1,1,6,6,1,24,5,-1,-1,-1,-1,5,E01033098,0,-1
2020040952941,2020,040952941,5,9,0,2,2,0,0,9,9,0,0,4,0,0,1,1,6,6,3,-1,-1,-1,-1,-1,-1,-1,-1,0,-1
2020040915501,2020,040915501,1,9,0,18,19,3,7,0,0,2,0,0,0,0,1,1,5,6,1,44,7,-1,-1,-1,-1,5,E01025543,0,-1
2020430114089,2020,430114089,1,9,0,13,13,4,8,0,0,0,0,0,0,0,4,1,6,6,1,36,7,-1,-1,-1,-1,9,E01016814,0,-1
2020170S11320,2020,170S11320,2,1,0,18,19,3,7,0,0,8,0,0,0,0,1,1,6,6,1,57,9,-1,-1,-1,-1,7,E01012207,0,-1
2020543894720,2020,543894720,1,1,0,18,19,8,4,0,0,8,0,0,0,0,1,1,6,6,1,56,9,-1,-1,-1,-1,9,E01015485,0,-1
2020201012717,2020,201012717,1,8,0,18,19,3,7,0,0,2,0,0,0,0,1,1,1,1,3,-1,-1,-1,-1,-1,-1,-1,-1,0,-1
2020460990024,2020,460990024,2,1,0,18,19,7,3,0,0,0,0,0,0,0,1,1,6,6,1,15,3,-1,-1,-1,-1,10,E01032826,0,-1
2020332000307,2020,332000307,1,9,0,9,9,8,6,0,0,6,0,0,0,0,0,1,6,6,1,57,9,-1,-1,-1,-1,9,E01025828,0,-1
2020450946603,2020,450946603,1,98,1,18,19,7,3,0,0,0,0,10,1,0,1,2,1,1,1,49,8,-1,-1,-1,-1,-1,-1,0,-1
2020500965689,2020,500965689,1,9,0,9,9,7,5,0,0,6,0,0,0,0,3,1,5,6,1,30,6,-1,-1,-1,-1,1,E01015255,0,-1
2020010273662,2020,010273662,2,9,0,99,99,9,9,99,99,9,9,99,9,99,9,9,6,6,3,-1,-1,-1,-1,-1,-1,-1,-1,0,-1
2020010281041,2020,010281041,1,1,9,99,99,9,9,99,99,9,9,99,9,99,9,1,6,6,1,31,6,-1,-1,-1,-1,3,E01002749,0,-1
2020411013898,2020,411013898,2,9,0,18,19,5,1,0,0,1,0,0,0,0,0,1,6,6,3,-1,-1,-1,-1,-1,-1,-1,-1,0,-1
2020111005749,2020,111005749,2,1,0,18,19,1,5,0,0,1,0,0,0,0,1,1,6,6,2,30,6,-1,-1,-1,-1,-1,-1,0,-1
2020610013220,2020,610013220,2,1,0,18,19,7,3,0,0,1,0,0,0,0,1,1,6,6,1,53,8,-1,-1,-1,-1,3,W01001322,0,-1
2020040951936,2020,040951936,2,9,0,2,2,0,0,9,9,0,0,0,0,0,1,1,6,6,3,-1,-1,-1,-1,-1,-1,-1,-1,0,-1
2020010265572,2020,010265572,2,9,0,99,99,9,9,99,99,1,0,99,9,99,9,9,6,6,3,-1,-1,-1,-1,-1,-1,-1,-1,0,-1
2020400991888,2020,400991888,1,9,0,18,19,1,4,0,0,0,0,0,0,0,1,1,6,6,3,-1,-1,-1,-1,-1,-1,-1,-1,0,-1
2020440359119,2020,440359119,1,1,0,9,9,3,1,0,0,2,0,0,0,0,0,1,6,6,1,64,9,-1,-1,-1,-1,1,E01017280,0,-1
2020470957132,2020,470957132,3,9,0,9,9,5,3,0,0,1,0,0,0,0,0,1,5,6,1,41,7,-1,-1,-1,-1,6,E01031673,0,-1
2020460977954,2020,460977954,1,9,0,13,13,5,1,0,0,1,0,0,0,0,2,1,6,6,1,-1,-1,-1,-1,-1,-1,-1,-1,0,-1
2020122001399,2020,122001399,1,9,0,1,1,1,5,0,0,0,0,0,0,0,2,1,1,1,1,48,8,-1,-1,-1,-1,7,E01027673,0,-1
2020332000695,2020,332000695,2,9,0,9,9,4,2,0,0,5,0,0,1,1,2,1,6,6,1,40,7,-1,-1,-1,-1,1,E01013622,0,-1
2020450941936,2020,450941936,3,9,0,2,2,4,8,6,6,0,0,0,0,0,1,1,6,6,3,-1,-1,-1,-1,-1,-1,-1,-1,0,-1
2020470989020,2020,470989020,1,19,0,18,19,4,8,0,0,0,0,0,0,0,3,1,1,1,1,60,9,-1,-1,-1,-1,7,E01031405,0,-1
2020010266275,2020,010266275,2,9,0,13,13,5,1,0,0,1,5,0,7,2,4,1,6,6,1,41,7,-1,-1,-1,-1,-1,-1,0,-1
2020010258615,2020,010258615,2,9,0,99,99,9,9,99,99,0,9,99,9,99,9,9,6,6,3,-1,-1,-1,-1,-1,-1,-1,-1,0,-1
2020522001870,2020,522001870,2,9,0,2,2,0,0,0,0,1,0,0,0,0,3,1,6,6,1,33,6,-1,-1,-1,-1,-1,-1,0,-1
2020332000763,2020,332000763,4,9,0,18,19,1,5,0,0,0,0,0,0,0,0,1,3,7,2,33,6,-1,-1,-1,-1,6,E01025762,0,-1
2020340E01702,2020,340E01702,2,3,0,18,19,3,7,0,0,1,0,0,0,0,1,1,2,2,1,28,6,-1,-1,-1,-1,2,E01027072,0,-1
2020230973997,2020,230973997,1,98,0,18,19,4,8,0,0,0,0,0,0,0,1,1,5,6,3,35,6,-1,-1,-1,-1,-1,-1,0,-1
2020451006810,2020,451006810,1,9,0,3,3,6,6,0,0,0,0,0,0,0,2,1,6,6,2,41,7,-1,-1,-1,-1,5,E01002950,0,-1
2020410961384,2020,410961384,1,21,1,12,12,5,1,0,0,0,0,0,0,0,4,1,1,1,1,-1,-1,-1,-1,-1,-1,-1,-1,0,-1
2020040937618,2020,040937618,2,9,0,2,2,0,0,0,0,2,0,0,0,0,3,1,6,6,3,-1,-1,-1,-1,-1,-1,-1,-1,0,-1
2020230947019,2020,230947019,1,9,0,18,19,8,4,0,0,0,0,0,0,0,1,1,5,6,3,42,7,-1,-1,-1,-1,-1,-1,0,-1
2020010259692,2020,010259692,2,98,0,99,99,9,9,99,99,9,9,99,9,99,9,9,6,6,3,-1,-1,-1,-1,-1,-1,-1,-1,0,-1
2020522002457,2020,522002457,1,9,0,18,19,8,4,0,0,6,0,0,0,0,1,1,6,6,1,23,5,-1,-1,-1,-1,3,E01014572,0,-1
2020010249915,2020,010249915,2,1,0,18,19,5,1,0,0,1,5,0,0,0,2,1,6,6,2,30,6,-1,-1,-1,-1,2,E01004240,0,-1
2020991010173,2020,991010173,3,9,0,2,2,0,0,0,0,1,0,4,0,0,3,1,6,6,3,-1,-1,-1,-1,-1,-1,-1,-1,0,-1
2020990977051,2020,990977051,1,9,0,18,19,1,5,0,0,3,0,0,0,0,1,1,6,6,1,-1,-1,-1,-1,-1,-1,-1,-1,0,-1
2020140964976,2020,140964976,2,1,0,18,19,1,5,0,0,0,5,0,0,0,3,1,6,6,1,57,9,-1,-1,-1,-1,8,E01026368,0,-1
2020430197485,2020,430197485,2,1,0,18,19,2,6,0,0,1,1,0,0,0,3,1,6,6,1,54,8,-1,-1,-1,-1,10,E01016412,0,-1
2020160922273,2020,160922273,2,9,0,2,2,0,0,0,0,0,0,0,0,0,3,1,6,6,3,-1,-1,-1,-1,-1,-1,-1,-1,0,-1
2020332001006,2020,332001006,2,19,0,11,11,5,1,0,0,0,1,0,4,6,1,1,1,1,1,56,9,-1,-1,-1,-1,9,E01029687,0,-1
2020010285815,2020,010285815,2,9,9,99,99,9,9,99,99,9,9,99,9,99,2,9,6,6,1,56,9,-1,-1,-1,-1,9,E01022202,0,-1
2020460947222,2020,460947222,2,1,0,18,19,3,7,0,0,0,1,0,0,0,2,1,6,6,1,45,7,-1,-1,-1,-1,7,E01000362,0,-1
2020010232337,2020,010232337,2,9,0,18,19,-1,-1,0,0,8,0,0,0,0,4,1,6,6,3,-1,-1,-1,-1,-1,-1,-1,-1,0,-1
2020010257342,2020,010257342,1,1,9,99,99,9,9,99,99,9,9,99,9,99,1,1,2,2,2,24,5,-1,-1,-1,-1,4,E01004551,0,-1
2020450915573,2020,450915573,2,1,0,18,19,1,5,0,0,0,0,0,0,0,2,1,5,6,1,44,7,-1,-1,-1,-1,4,E01002672,0,-1
2020010274117,2020,010274117,2,9,0,99,99,9,9,99,99,8,9,99,9,99,1,9,6,6,3,-1,-1,-1,-1,-1,-1,-1,-1,0,-1
2020320259427,2020,320259427,1,9,0,16,19,2,3,0,0,0,0,0,0,0,3,1,6,6,2,30,6,-1,-1,-1,-1,7,E01026051,0,-1
202006N372449,2020,06N372449,1,9,0,18,19,8,4,0,0,1,0,0,0,0,1,1,6,6,3,-1,-1,-1,-1,-1,-1,-1,-1,0,-1
2020450959925,2020,450959925,1,98,0,18,19,7,3,0,0,0,0,0,0,0,3,1,1,1,1,55,8,-1,-1,-1,-1,9,E01026576,0,-1
2020552000543,2020,552000543,1,1,0,18,19,5,1,0,0,8,0,0,0,0,3,1,6,6,1,59,9,-1,-1,-1,-1,6,E01015318,0,-1
2020010282829,2020,010282829,1,1,9,99,99,9,9,99,99,9,9,99,9,99,9,1,6,6,1,17,4,-1,-1,-1,-1,3,E01002706,0,-1
2020400924611,2020,400924611,2,9,0,18,19,1,1,0,0,0,0,0,0,0,1,1,5,6,2,26,6,-1,-1,-1,-1,7,E01017575,0,-1
2020010268514,2020,010268514,1,1,9,99,99,9,9,99,99,9,9,99,9,99,9,1,6,6,1,36,7,-1,-1,-1,-1,2,E01004319,0,-1
2020111001124,2020,111001124,1,9,0,18,19,2,6,0,0,0,0,12,0,0,1,1,5,6,1,52,8,-1,-1,-1,-1,-1,-1,0,-1
202031B125420,2020,31B125420,1,9,0,18,19,8,4,0,0,8,0,0,0,0,1,1,6,6,3,-1,-1,-1,-1,-1,-1,-1,-1,0,-1
2020010260482,2020,010260482,2,1,0,7,7,8,3,0,0,2,5,0,0,0,1,1,6,6,1,39,7,-1,-1,-1,-1,6,E01003100,0,-1
20201377O1535,2020,1377O1535,2,1,0,18,19,7,3,0,0,1,0,0,0,0,0,1,6,6,1,65,9,-1,-1,-1,-1,6,E01010581,0,-1
2020360961268,2020,360961268,1,9,0,18,19,7,3,0,0,0,0,0,0,0,1,1,5,6,2,30,6,-1,-1,-1,-1,2,E01033040,0,-1
2020990975906,2020,990975906,2,1,0,18,19,7,3,0,0,8,0,0,0,0,3,1,5,6,1,10,2,-1,-1,-1,-1,2,-1,0,-1
2020460917747,2020,460917747,1,1,0,9,9,8,2,0,0,8,0,0,0,0,3,1,6,6,1,-1,-1,-1,-1,-1,-1,5,E01016127,0,-1
2020433456789,2020,433456789,1,9,0,9,9,5,3,0,0,8,0,0,0,0,1,1,2,2,1,18,4,-1,-1,-1,-1,-1,-1,0,-1
2020430066995,2020,430066995,2,9,0,11,11,5,1,0,0,8,0,0,0,0,1,1,6,6,3,-1,-1,-1,-1,-1,-1,-1,-1,0,-1
2020041006854,2020,041006854,2,9,0,2,2,0,0,0,0,0,0,0,0,0,3,1,6,6,3,-1,-1,-1,-1,-1,-1,-1,-1,0,-1
2020991000981,2020,991000981,1,1,0,18,19,5,1,0,0,0,1,0,0,0,0,1,2,2,1,60,9,-1,-1,-1,-1,10,-1,0,-1
2020410968537,2020,410968537,1,-1,0,9,9,1,5,0,0,0,0,0,0,0,1,1,6,6,1,38,7,-1,-1,-1,-1,4,E01023301,1,-1
2020211023092,2020,211023092,1,9,-1,-1,-1,-1,-1,-1,-1,-1,-1,-1,-1,0,-1,1,6,6,3,-1,-1,-1,-1,-1,-1,-1,-1,0,-1
2020200934826,2020,200934826,2,1,0,18,19,7,3,0,0,8,0,0,0,0,1,1,6,6,1,36,7,-1,-1,-1,-1,1,E01009640,0,-1
2020220982307,2020,220982307,2,20,0,1,1,8,4,6,6,0,0,4,0,0,2,1,1,1,1,34,6,-1,-1,-1,-1,-1,-1,0,-1
202006A171903,2020,06A171903,2,9,0,18,19,6,2,0,0,2,0,0,0,0,1,1,6,6,3,-1,-1,-1,-1,-1,-1,-1,-1,0,-1
2020161000136,2020,161000136,2,1,0,18,19,5,1,0,0,8,0,0,0,0,1,1,2,2,1,-1,-1,-1,-1,-1,-1,-1,-1,0,-1
2020010275187,2020,010275187,2,1,0,18,19,7,3,0,0,0,0,0,9,0,9,1,6,6,1,34,6,-1,-1,-1,-1,2,E01004423,0,-1
2020500922399,2020,500922399,2,1,0,18,19,1,5,0,0,8,0,0,0,0,1,1,5,6,1,46,8,-1,-1,-1,-1,9,E01015118,0,-1
2020549216620,2020,549216620,1,9,0,4,4,7,3,0,0,1,0,0,0,0,1,1,6,6,2,21,5,-1,-1,-1,-1,1,E01015507,0,-1
2020010275168,2020,010275168,2,19,0,9,9,7,4,0,0,1,0,0,0,0,1,1,6,6,3,-1,-1,-1,-1,-1,-1,-1,-1,0,-1
202006F273914,2020,06F273914,2,9,0,18,19,1,5,0,0,8,0,0,0,0,1,1,6,6,1,64,9,-1,-1,-1,-1,1,E01005667,0,-1
2020430281107,2020,430281107,1,9,0,1,1,7,3,0,0,0,0,0,0,0,2,1,6,6,1,-1,-1,-1,-1,-1,-1,-1,-1,0,-1
2020622000908,2020,622000908,1,-1,0,18,19,6,2,0,0,1,0,0,0,0,1,1,6,6,1,14,3,-1,-1,-1,-1,9,W01001826,1,-1
2020137950417,2020,137950417,2,9,0,7,7,7,3,0,0,3,5,0,0,0,4,1,2,2,1,30,6,-1,-1,-1,-1,9,E01010706,0,-1
202006Q269882,2020,06Q269882,2,1,0,18,19,7,3,0,0,0,0,0,0,0,1,1,6,6,1,37,7,-1,-1,-1,-1,8,E01005415,0,-1
2020137CM1588,2020,137CM1588,1,9,0,18,19,8,4,0,0,4,0,0,3,4,1,1,6,6,1,18,4,-1,-1,-1,-1,8,E01011527,0,-1
2020070779247,2020,070779247,1,9,0,1,1,1,3,0,0,6,0,0,0,0,2,1,1,1,1,32,6,-1,-1,-1,-1,10,E01012558,0,-1
2020100967324,2020,100967324,2,1,0,18,19,7,2,0,0,8,0,0,0,0,4,1,6,6,1,20,4,-1,-1,-1,-1,7,E01008315,0,-1
2020430061070,2020,430061070,4,9,0,18,19,1,5,0,0,0,0,0,0,0,0,1,6,6,3,-1,-1,-1,-1,-1,-1,-1,-1,0,-1
2020552000740,2020,552000740,1,9,0,18,19,4,8,0,0,0,5,0,7,11,3,1,6,6,1,25,5,-1,-1,-1,-1,5,E01020412,0,-1
2020990991247,2020,990991247,2,1,0,5,5,3,7,0,0,3,0,0,0,0,2,1,2,2,1,56,9,-1,-1,-1,-1,10,-1,0,-1
2020070032955,2020,070032955,3,9,0,9,9,6,4,0,0,1,0,0,0,0,0,1,6,6,3,-1,-1,-1,-1,-1,-1,-1,-1,0,-1
2020430281917,2020,430281917,2,9,0,9,9,7,5,0,0,8,0,0,0,0,4,1,6,6,2,38,7,-1,-1,-1,-1,6,E01028691,0,-1
2020440046273,2020,440046273,2,9,0,3,3,6,2,0,0,1,0,0,0,0,2,1,6,6,2,38,7,-1,-1,-1,-1,10,E01022682,0,-1
2020010271014,2020,010271014,2,9,0,99,99,9,9,99,99,9,9,99,9,99,1,9,6,6,3,-1,-1,-1,-1,-1,-1,-1,-1,0,-1
2020010265620,2020,010265620,1,1,0,18,19,1,5,0,0,0,0,0,0,0,1,1,6,6,1,28,6,-1,-1,-1,-1,9,W01000204,0,-1
2020040995533,2020,040995533,1,9,0,18,19,1,5,4,4,0,0,0,0,0,1,1,6,6,3,-1,-1,-1,-1,-1,-1,-1,-1,0,-1
2020450987534,2020,450987534,1,1,0,18,19,3,7,0,0,0,0,0,0,0,0,1,3,7,2,37,7,-1,-1,-1,-1,8,E01030474,0,-1
2020522100066,2020,522100066,2,8,0,13,13,1,5,0,0,0,0,0,0,0,4,1,6,6,3,40,7,-1,-1,-1,-1,-1,-1,0,-1
2020010232580,2020,010232580,2,1,0,18,19,7,3,4,4,1,0,0,0,0,2,1,2,2,1,45,7,-1,-1,-1,-1,4,E01003518,0,-1
2020137B10577,2020,137B10577,1,9,0,18,19,7,3,0,0,0,1,0,7,2,1,1,1,1,2,19,4,-1,-1,-1,-1,1,E01011695,0,-1
2020010253822,2020,010253822,1,1,9,99,99,9,9,99,99,9,9,99,9,99,9,1,6,6,1,28,6,-1,-1,-1,-1,8,E01017770,0,-1
202060Y104619,2020,60Y104619,1,1,0,16,19,2,8,0,0,1,0,0,0,0,1,1,6,6,1,17,4,-1,-1,-1,-1,-1,-1,0,-1
2020332000598,2020,332000598,2,9,0,2,2,0,0,0,0,0,0,0,0,0,3,1,6,6,1,34,6,-1,-1,-1,-1,2,E01013690,0,-1
2020420970309,2020,420970309,1,1,0,18,19,7,3,9,9,1,0,0,0,0,0,1,5,6,1,42,7,-1,-1,-1,-1,5,E01021942,0,-1
2020010261322,2020,010261322,2,9,0,99,99,9,9,99,99,9,9,99,9,99,1,9,6,6,1,74,10,-1,-1,-1,-1,2,E01000958,0,-1
2020010266221,2020,010266221,1,1,0,18,19,1,5,0,0,1,0,0,0,0,1,1,2,2,2,34,6,-1,-1,-1,-1,3,E01004328,0,-1
2020460946158,2020,460946158,1,1,0,18,19,5,1,0,0,0,0,0,0,0,0,1,5,6,1,63,9,-1,-1,-1,-1,6,E01024436,0,-1
2020010249765,2020,010249765,2,1,0,18,19,7,3,0,0,2,0,0,0,0,3,-1,6,6,1,25,5,-1,-1,-1,-1,10,E01002153,0,-1
2020500939622,2020,500939622,2,1,0,18,19,7,3,0,0,2,0,0,0,0,3,1,5,6,1,39,7,-1,-1,-1,-1,4,E01019064,0,-1
2020200922109,2020,200922109,1,9,0,18,19,2,6,0,0,0,0,0,0,0,1,1,6,6,3,30,6,-1,-1,-1,-1,-1,-1,0,-1
2020332000720,2020,332000720,1,19,0,4,4,7,3,0,0,2,0,0,0,0,3,1,6,6,1,26,6,-1,-1,-1,-1,4,E01013662,0,-1
2020010232557,2020,010232557,1,9,0,18,19,-1,-1,0,0,8,0,0,0,0,1,1,6,6,3,-1,-1,-1,-1,-1,-1,-1,-1,0,-1
2020440295276,2020,440295276,2,9,0,7,7,4,6,0,0,1,0,0,0,0,0,1,6,6,2,-1,-1,-1,-1,-1,-1,-1,-1,0,-1
2020010231173,2020,010231173,2,4,0,18,19,7,3,0,0,2,0,0,0,0,1,-1,6,6,1,28,6,-1,-1,-1,-1,2,E01004067,0,-1
2020052001149,2020,052001149,1,9,0,18,19,6,2,0,0,4,0,0,0,0,4,1,6,6,3,-1,-1,-1,-1,-1,-1,-1,-1,0,-1
2020010286898,2020,010286898,1,11,0,4,4,3,7,0,0,0,0,0,0,0,1,1,1,1,1,28,6,-1,-1,-1,-1,3,E01003143,0,-1
2020450920821,2020,450920821,1,1,0,18,19,5,1,0,0,0,0,0,0,0,1,1,6,6,1,52,8,-1,-1,-1,-1,8,E01004587,0,-1
2020530969295,2020,530969295,1,9,0,18,19,7,3,0,0,4,0,10,7,0,3,1,6,6,1,34,6,-1,-1,-1,-1,10,E01022417,0,-1
2020201002053,2020,201002053,2,1,0,18,19,-1,-1,0,0,0,0,0,0,0,3,1,6,6,3,51,8,-1,-1,-1,-1,4,E01009625,0,-1
2020552000864,2020,552000864,2,1,0,18,19,3,7,0,0,1,0,0,1,0,2,1,6,6,1,38,7,-1,-1,-1,-1,1,E01010967,0,-1
202060Y120486,2020,60Y120486,2,98,0,4,4,2,6,0,0,1,0,0,0,0,2,1,6,6,1,48,8,-1,-1,-1,-1,-1,-1,0,-1
2020211010924,2020,211010924,1,9,-1,-1,-1,5,6,-1,-1,0,-1,-1,-1,0,-1,1,6,6,3,-1,-1,-1,-1,-1,-1,-1,-1,0,-1
2020010248563,2020,010248563,2,97,0,99,99,9,9,99,99,9,9,99,9,99,0,9,6,6,3,-1,-1,-1,-1,-1,-1,-1,-1,0,-1
2020350980160,2020,350980160,1,5,0,16,19,6,1,0,0,0,1,0,7,0,1,1,5,6,1,21,5,-1,-1,-1,-1,6,E01029926,0,-1
2020140960360,2020,140960360,3,9,0,2,2,0,0,0,0,0,0,0,0,0,1,1,6,6,3,-1,-1,-1,-1,-1,-1,-1,-1,0,-1
2020371014276,2020,371014276,1,90,0,18,19,4,7,0,0,0,0,0,0,0,-1,1,6,6,3,-1,-1,-1,-1,-1,-1,-1,-1,0,-1
2020040982145,2020,040982145,2,1,0,18,19,2,6,0,0,1,0,0,0,0,1,1,1,1,1,27,6,-1,-1,-1,-1,1,E01025298,0,-1
2020010280632,2020,010280632,1,1,9,99,99,9,9,99,99,9,9,99,9,99,1,1,2,2,1,25,5,-1,-1,-1,-1,5,E01001556,0,-1
2020221010534,2020,221010534,1,9,0,2,2,0,0,0,0,1,0,0,0,0,2,1,5,6,1,64,9,-1,-1,-1,-1,5,E01014088,0,-1
2020010265491,2020,010265491,1,1,9,99,99,9,9,99,99,9,9,99,9,99,1,1,6,6,1,35,6,-1,-1,-1,-1,7,E01000139,0,-1
2020211021811,2020,211021811,2,1,0,16,19,6,1,0,0,0,0,0,0,0,3,1,2,2,1,50,8,-1,-1,-1,-1,2,E01029843,0,-1
2020010241433,2020,010241433,2,9,1,99,99,9,9,99,99,9,9,99,9,99,9,9,6,6,1,-1,-1,-1,-1,-1,-1,-1,-1,0,-1
2020460953441,2020,460953441,2,1,0,18,19,4,8,0,0,1,0,10,1,0,3,1,5,6,1,30,6,-1,-1,-1,-1,9,E01024473,0,-1
2020070315198,2020,070315198,2,1,0,18,19,3,7,0,0,0,0,0,0,0,1,1,6,6,1,28,6,-1,-1,-1,-1,5,E01018626,0,-1
2020010255242,2020,010255242,2,1,0,7,7,5,8,0,0,0,0,0,0,0,3,1,2,2,1,45,7,-1,-1,-1,-1,2,E01003126,0,-1
2020430006077,2020,430006077,1,9,0,18,19,2,6,0,0,1,0,0,0,0,3,1,6,6,3,-1,-1,-1,-1,-1,-1,-1,-1,0,-1
2020460982691,2020,460982691,1,9,0,16,19,5,5,0,0,6,0,0,0,0,1,1,1,1,1,-1,-1,-1,-1,-1,-1,5,E01000417,0,-1
2020040972649,2020,040972649,2,1,0,18,19,4,8,0,0,1,0,0,0,0,4,1,6,6,1,41,7,-1,-1,-1,-1,-1,-1,0,-1
2020302001592,2020,302001592,1,1,0,5,5,6,3,0,0,1,0,0,0,0,1,1,6,6,1,44,7,-1,-1,-1,-1,7,E01027745,0,-1
2020450940490,2020,450940490,2,98,0,14,14,5,5,0,0,0,0,0,0,0,4,1,6,6,1,45,7,-1,-1,-1,-1,-1,-1,0,-1
2020520004185,2020,520004185,1,9,0,11,11,7,3,0,0,0,0,0,1,4,4,1,6,6,1,78,11,-1,-1,-1,-1,-1,-1,0,-1
2020040919046,2020,040919046,1,17,0,18,19,7,1,0,0,1,0,0,0,0,1,1,2,2,1,38,7,-1,-1,-1,-1,7,E01005644,0,-1
2020010283508,2020,010283508,2,9,9,99,99,9,9,99,99,9,9,99,9,99,9,9,6,6,3,-1,-1,-1,-1,-1,-1,-1,-1,0,-1
2020160947165,2020,160947165,1,1,0,18,19,7,3,4,4,0,0,0,0,0,1,1,6,6,1,51,8,-1,-1,-1,-1,8,E01012791,0,-1
2020332000702,2020,332000702,2,1,0,18,19,1,5,0,0,1,0,0,0,0,4,1,6,6,1,10,2,-1,-1,-1,-1,9,E01025719,0,-1
2020010262461,2020,010262461,2,19,0,99,99,9,9,99,99,9,9,99,9,99,2,9,6,6,3,-1,-1,-1,-1,-1,-1,-1,-1,0,-1
2020440137806,2020,440137806,2,1,0,18,19,7,3,0,0,0,0,0,0,0,2,1,6,6,2,23,5,-1,-1,-1,-1,3,E01022680,0,-1
2020302000382,2020,302000382,1,1,0,18,19,6,4,0,0,8,0,0,0,0,1,1,6,6,2,45,7,-1,-1,-1,-1,2,E01013972,0,-1
2020370958429,2020,370958429,2,9,0,18,19,-1,-1,0,0,1,0,0,0,0,1,1,5,6,2,37,7,-1,-1,-1,-1,5,E01030286,0,-1
2020010247209,2020,010247209,2,1,0,18,19,2,6,4,4,1,2,0,1,10,3,1,6,6,2,29,6,-1,-1,-1,-1,5,E01000927,0,-1
2020160988488,2020,160988488,2,1,0,9,9,5,3,0,0,0,0,0,0,0,3,1,6,6,1,40,7,-1,-1,-1,-1,4,E01012762,0,-1
202031B045520,2020,31B045520,1,1,0,18,19,7,3,0,0,8,0,0,0,0,3,1,6,6,2,18,4,-1,-1,-1,-1,1,E01028066,0,-1
2020460923663,2020,460923663,1,1,0,18,19,3,7,9,9,1,0,0,0,0,1,1,6,6,1,-1,-1,-1,-1,-1,-1,-1,-1,0,-1
2020332000740,2020,332000740,1,19,0,18,19,6,2,0,0,0,0,0,0,0,1,1,6,6,3,-1,-1,-1,-1,-1,-1,-1,-1,0,-1
202060Y131019,2020,60Y131019,2,23,0,10,10,1,5,0,0,1,0,0,0,0,3,1,6,6,1,53,8,-1,-1,-1,-1,-1,-1,0,-1
2020010263627,2020,010263627,1,9,0,4,4,7,3,0,0,0,0,0,0,0,2,1,6,6,1,38,7,-1,-1,-1,-1,4,E01016129,0,-1
2020010286724,2020,010286724,2,9,0,18,19,7,3,0,0,1,0,0,0,0,1,1,6,6,3,-1,-1,-1,-1,-1,-1,-1,-1,0,-1
2020440409861,2020,440409861,1,9,0,7,7,4,6,0,0,8,0,0,0,0,1,1,6,6,3,-1,-1,-1,-1,-1,-1,-1,-1,0,-1
2020201019571,2020,201019571,1,9,0,18,19,8,4,0,0,0,0,0,0,0,4,1,6,6,3,-1,-1,-1,-1,-1,-1,-1,-1,0,-1
2020470923307,2020,470923307,1,9,0,16,19,2,5,0,0,1,1,0,0,0,1,1,6,6,1,20,4,-1,-1,-1,-1,7,E01031766,0,-1
2020110961233,2020,110961233,1,1,0,18,19,2,6,0,0,1,0,0,0,0,1,1,5,6,1,13,3,-1,-1,-1,-1,7,E01012345,0,-1
2020052002547,2020,052002547,1,19,0,1,1,3,7,0,0,0,0,4,0,0,2,1,6,6,1,35,6,-1,-1,-1,-1,7,W01000275,0,-1
2020430047505,2020,430047505,1,9,0,16,19,8,3,0,0,0,2,0,7,1,1,1,6,6,1,20,4,-1,-1,-1,-1,3,E01002540,0,-1
2020522004527,2020,522004527,1,3,0,16,19,8,3,0,0,0,0,0,0,0,1,1,6,6,1,26,6,-1,-1,-1,-1,4,E01032516,0,-1
2020010243437,2020,010243437,2,9,9,99,99,9,9,99,99,1,9,99,9,99,9,9,6,6,3,-1,-1,-1,-1,-1,-1,-1,-1,0,-1
2020010243658,2020,010243658,1,9,0,13,13,5,1,0,0,1,0,0,7,4,4,1,1,1,1,47,8,-1,-1,-1,-1,5,E01002245,0,-1
2020010279849,2020,010279849,2,21,1,18,19,8,4,0,0,4,0,0,0,0,3,2,1,1,1,63,9,-1,-1,-1,-1,-1,-1,0,-1
2020160996571,2020,160996571,2,1,0,18,19,8,4,0,0,1,0,0,0,0,2,1,6,6,2,22,5,-1,-1,-1,-1,5,E01012758,0,-1
2020990953457,2020,990953457,1,9,0,16,19,5,1,0,0,4,0,0,1,0,4,1,6,6,3,-1,-1,-1,-1,-1,-1,-1,-1,0,-1
2020052002616,2020,052002616,2,1,0,18,19,6,2,0,0,8,0,0,0,0,4,1,1,1,1,29,6,-1,-1,-1,-1,1,E01006675,0,-1
2020010283421,2020,010283421,1,1,9,99,99,9,9,99,99,9,9,99,9,99,9,1,2,2,1,32,6,-1,-1,-1,-1,6,E01002617,0,-1
2020450954149,2020,450954149,3,1,0,14,14,7,3,0,0,0,0,4,0,0,1,1,5,6,1,50,8,-1,-1,-1,-1,10,E01030368,0,-1