collision_index,collision_year,collision_ref_no,vehicle_reference,vehicle_type,towing_and_articulation,vehicle_manoeuvre_historic,vehicle_manoeuvre,vehicle_direction_from,vehicle_direction_to,vehicle_location_restricted_lane_historic,vehicle_location_restricted_lane,junction_location,skidding_and_overturning,hit_object_in_carriageway,vehicle_leaving_carriageway,hit_object_off_carriageway,first_point_of_impact,vehicle_left_hand_drive,journey_purpose_of_driver_historic,journey_purpose_of_driver,sex_of_driver,age_of_driver,age_band_of_driver,engine_capacity_cc,propulsion_code,age_of_vehicle,generic_make_model,driver_imd_decile,lsoa_of_driver,escooter_flag,driver_distance_banding
2020320242912,2020,320242912,2,1,0,7,7,3,5,0,0,2,0,0,0,0,0,1,6,6,2,51,8,-1,-1,-1,-1,7,E01026275,0,-1
2020070043286,2020,070043286,2,1,0,5,5,4,8,0,0,6,0,0,0,0,4,1,6,6,1,11,3,-1,-1,-1,-1,4,E01018712,0,-1
202031C180120,2020,31C180120,1,9,0,3,3,4,8,0,0,2,0,0,0,0,0,1,6,6,3,-1,-1,-1,-1,-1,-1,-1,-1,0,-1
2020552100212,2020,552100212,2,1,0,18,19,8,4,0,0,0,0,0,0,0,4,1,2,2,1,28,6,-1,-1,-1,-1,3,E01015285,0,-1
2020010252860,2020,010252860,1,1,9,99,99,9,9,99,99,9,9,99,9,99,9,1,2,2,2,47,8,-1,-1,-1,-1,3,E01004045,0,-1
2020332000879,2020,332000879,2,9,0,2,2,0,0,0,0,0,0,0,0,0,3,1,6,6,1,75,10,-1,-1,-1,-1,7,E01025964,0,-1
2020360937760,2020,360937760,2,23,0,5,5,-1,-1,5,5,0,0,0,0,0,3,1,6,6,1,17,4,-1,-1,-1,-1,1,E01026793,0,-1
2020440351144,2020,440351144,1,9,0,5,5,3,7,0,0,6,0,0,0,0,1,1,6,6,2,68,10,-1,-1,-1,-1,6,E01023026,0,-1
2020122000226,2020,122000226,2,9,0,5,5,1,5,0,0,0,0,0,0,0,1,1,1,1,2,51,8,-1,-1,-1,-1,6,E01025132,0,-1
2020201015929,2020,201015929,2,1,0,18,19,6,2,0,0,1,0,0,0,0,0,1,6,6,1,51,8,-1,-1,-1,-1,1,E01009309,0,-1
2020010275956,2020,010275956,1,1,9,99,99,9,9,99,99,9,9,99,9,99,1,1,6,6,1,17,4,-1,-1,-1,-1,3,E01004458,0,-1
2020522001313,2020,522001313,2,9,0,9,9,2,8,0,0,6,0,0,0,0,1,1,6,6,2,35,6,-1,-1,-1,-1,-1,-1,0,-1
2020040944235,2020,040944235,2,1,0,18,19,1,5,0,0,1,0,0,0,0,4,1,6,6,1,38,7,-1,-1,-1,-1,1,E01012683,0,-1
2020010247361,2020,010247361,2,9,0,99,99,9,9,99,99,9,9,99,9,99,1,9,6,6,3,-1,-1,-1,-1,-1,-1,-1,-1,0,-1
2020040970099,2020,040970099,3,1,0,18,19,7,3,0,0,0,0,0,0,0,4,1,6,6,1,23,5,-1,-1,-1,-1,2,E01024857,0,-1
2020122000730,2020,122000730,2,1,0,18,19,5,1,9,9,0,0,0,0,0,4,1,6,6,2,10,2,-1,-1,-1,-1,9,E01013397,0,-1
2020100950361,2020,100950361,2,1,0,18,19,5,1,0,0,4,0,0,0,0,4,1,5,6,1,56,9,-1,-1,-1,-1,1,E01008305,0,-1
2020460982236,2020,460982236,1,9,0,-1,-1,-1,-1,-1,-1,-1,-1,-1,-1,0,-1,1,6,6,1,23,5,-1,-1,-1,-1,7,E01021914,0,-1
20201379J0981,2020,1379J0981,1,1,0,18,19,2,6,9,9,1,0,0,0,0,1,1,6,6,1,20,4,-1,-1,-1,-1,1,E01011657,0,-1
2020990999823,2020,990999823,2,1,0,18,19,1,5,0,0,3,0,0,0,0,2,1,5,6,1,48,8,-1,-1,-1,-1,8,-1,0,-1
2020410987740,2020,410987740,2,1,0,7,7,7,3,0,0,0,0,0,1,0,1,1,5,6,1,71,10,-1,-1,-1,-1,8,E01023321,0,-1
2020010271455,2020,010271455,1,1,9,99,99,9,9,99,99,9,9,99,9,99,9,1,2,2,1,56,9,-1,-1,-1,-1,9,E01003884,0,-1
202060Y007411,2020,60Y007411,2,1,0,18,19,1,5,0,0,5,0,0,0,0,2,1,6,6,1,47,8,-1,-1,-1,-1,-1,-1,0,-1
2020170H10380,2020,170H10380,1,1,0,18,19,4,8,9,9,0,0,0,0,0,1,1,6,6,1,-1,-1,-1,-1,-1,-1,-1,-1,0,-1
20201378C0982,2020,1378C0982,1,9,0,18,19,3,7,0,0,0,0,0,0,0,3,1,6,6,3,-1,-1,-1,-1,-1,-1,-1,-1,0,-1
2020122000668,2020,122000668,2,1,0,3,3,5,1,0,0,0,0,0,0,0,1,1,6,6,1,43,7,-1,-1,-1,-1,2,E01013443,0,-1
2020010272723,2020,010272723,1,9,0,7,7,5,6,0,0,8,0,0,0,0,0,1,6,6,2,40,7,-1,-1,-1,-1,-1,-1,0,-1
2020420950630,2020,420950630,1,90,-1,18,19,3,7,0,0,1,0,0,0,0,4,1,6,6,3,-1,-1,-1,-1,-1,-1,-1,-1,0,-1
2020210989722,2020,210989722,2,1,0,9,9,8,6,0,0,8,0,0,0,0,1,1,6,6,1,52,8,-1,-1,-1,-1,8,E01029383,0,-1
2020440142005,2020,440142005,2,9,0,17,19,5,1,0,0,0,0,0,1,4,1,1,1,1,1,57,9,-1,-1,-1,-1,7,E01023184,0,-1
2020100965595,2020,100965595,2,1,0,18,19,5,1,0,0,8,5,0,0,0,4,1,5,6,1,57,9,-1,-1,-1,-1,-1,-1,0,-1
2020332000062,2020,332000062,1,9,0,18,19,6,2,0,0,1,0,0,0,0,4,2,6,6,1,-1,-1,-1,-1,-1,-1,-1,-1,0,-1
202006F271075,2020,06F271075,2,1,0,18,19,5,1,4,4,1,0,0,0,0,1,1,6,6,1,35,6,-1,-1,-1,-1,1,E01005609,0,-1
2020010237437,2020,010237437,1,9,0,18,19,5,1,0,0,8,0,0,0,0,3,1,6,6,1,75,10,-1,-1,-1,-1,6,E01004108,0,-1
2020010270605,2020,010270605,2,-1,0,18,19,7,3,0,0,8,0,0,0,0,1,1,6,6,3,-1,-1,-1,-1,-1,-1,-1,-1,1,-1
2020360980983,2020,360980983,1,9,0,18,19,-1,-1,0,0,0,0,0,0,0,-1,1,6,6,3,-1,-1,-1,-1,-1,-1,-1,-1,0,-1
2020990984938,2020,990984938,1,1,0,18,19,6,2,0,0,0,0,0,0,0,1,1,6,6,1,16,4,-1,-1,-1,-1,2,-1,0,-1
2020530985998,2020,530985998,2,1,0,18,19,6,2,0,0,8,0,0,0,0,1,1,6,6,1,19,4,-1,-1,-1,-1,8,E01022101,0,-1
2020500957686,2020,500957686,2,1,0,18,19,3,7,0,0,0,0,0,0,0,0,1,6,6,2,21,5,-1,-1,-1,-1,3,E01019022,0,-1
2020552000878,2020,552000878,2,90,0,18,19,6,2,9,9,8,0,0,0,0,1,1,4,7,1,12,3,-1,-1,-1,-1,10,E01020559,0,-1
2020030989210,2020,030989210,2,9,0,10,10,8,5,0,0,1,0,0,0,0,2,1,6,6,1,61,9,-1,-1,-1,-1,4,E01025172,0,-1
202060Y144304,2020,60Y144304,2,9,0,18,19,8,3,0,0,1,1,0,1,3,1,1,2,2,1,35,6,-1,-1,-1,-1,-1,-1,0,-1
2020320640537,2020,320640537,2,1,0,18,19,3,7,0,0,3,5,0,0,0,1,1,6,6,1,60,9,-1,-1,-1,-1,7,E01026372,0,-1
2020137191441,2020,137191441,2,1,0,18,19,3,7,0,0,0,0,0,0,0,2,1,6,6,1,60,9,-1,-1,-1,-1,8,E01010698,0,-1
2020230937273,2020,230937273,2,1,0,18,19,3,7,0,0,8,0,0,0,0,1,1,5,6,1,65,9,-1,-1,-1,-1,10,E01031100,0,-1
2020990998385,2020,990998385,2,1,0,18,19,3,7,0,0,8,5,0,0,0,2,1,6,6,1,47,8,-1,-1,-1,-1,3,-1,0,-1
2020010277675,2020,010277675,1,1,9,99,99,9,9,99,99,9,9,99,9,99,9,1,2,2,2,24,5,-1,-1,-1,-1,5,E01004548,0,-1
2020351011578,2020,351011578,2,9,0,18,19,7,3,0,0,0,0,0,0,0,1,1,1,1,1,41,7,-1,-1,-1,-1,9,E01023619,0,-1
2020421009618,2020,421009618,1,9,0,9,9,3,1,0,0,1,0,0,0,0,1,1,6,6,3,-1,-1,-1,-1,-1,-1,-1,-1,0,-1
202063C043520,2020,63C043520,2,17,4,9,9,6,4,0,0,5,0,0,0,0,1,1,1,1,1,42,7,-1,-1,-1,-1,7,W01000562,0,-1
2020010251974,2020,010251974,2,1,0,18,19,7,3,0,0,0,0,0,0,0,3,1,6,6,2,45,7,-1,-1,-1,-1,7,E01002420,0,-1
202060Y003371,2020,60Y003371,1,9,0,5,5,2,6,0,0,6,0,0,3,11,1,1,6,6,1,56,9,-1,-1,-1,-1,-1,-1,0,-1
2020137781412,2020,137781412,2,1,0,13,13,3,7,0,0,8,0,0,0,0,1,1,6,6,1,21,5,-1,-1,-1,-1,1,E01011483,0,-1
2020220952400,2020,220952400,2,1,0,16,19,6,1,0,0,8,0,0,0,0,1,1,5,6,1,53,8,-1,-1,-1,-1,8,E01022177,0,-1
2020010245032,2020,010245032,2,1,0,18,19,7,3,0,0,0,5,10,2,2,1,1,6,6,1,52,8,-1,-1,-1,-1,5,E01003130,0,-1
2020470981195,2020,470981195,2,1,0,18,19,7,3,0,0,8,0,0,0,0,2,1,2,2,1,51,8,-1,-1,-1,-1,4,E01031610,0,-1
202060Y111598,2020,60Y111598,2,19,0,2,2,0,0,0,0,0,0,0,0,0,1,1,6,6,1,35,6,-1,-1,-1,-1,-1,-1,0,-1
2020010254838,2020,010254838,1,1,0,18,19,7,3,9,9,0,5,0,0,0,3,1,1,1,2,29,6,-1,-1,-1,-1,9,E01033101,0,-1
2020460968025,2020,460968025,1,11,0,18,19,-1,-1,0,0,0,0,0,0,0,1,1,6,6,3,-1,-1,-1,-1,-1,-1,-1,-1,0,-1
2020470942497,2020,470942497,1,3,0,18,19,6,2,9,9,1,0,0,0,0,1,1,5,6,1,41,7,-1,-1,-1,-1,8,E01031560,0,-1
2020200929838,2020,200929838,2,1,0,18,19,1,3,0,0,0,0,8,0,0,1,1,6,6,1,31,6,-1,-1,-1,-1,2,E01009505,0,-1
2020010269499,2020,010269499,2,9,0,99,99,9,9,99,99,9,9,99,9,99,9,9,6,6,3,-1,-1,-1,-1,-1,-1,-1,-1,0,-1
202031A011420,2020,31A011420,1,9,0,18,19,2,6,0,0,0,0,0,0,0,4,1,6,6,1,37,7,-1,-1,-1,-1,5,E01027975,0,-1
2020990988594,2020,990988594,2,9,0,2,2,0,0,0,0,0,0,0,0,0,2,1,6,6,3,-1,-1,-1,-1,-1,-1,-1,-1,0,-1
2020430329497,2020,430329497,2,1,0,18,19,2,6,0,0,8,0,0,0,0,1,1,6,6,1,58,9,-1,-1,-1,-1,4,E01016422,0,-1
2020430015494,2020,430015494,1,9,0,18,19,2,6,0,0,1,0,0,0,0,1,1,6,6,1,-1,-1,-1,-1,-1,-1,-1,-1,0,-1
2020010272144,2020,010272144,2,9,0,99,99,9,9,99,99,0,9,99,9,99,0,9,6,6,3,-1,-1,-1,-1,-1,-1,-1,-1,0,-1
202006L168994,2020,06L168994,1,19,0,1,1,1,5,0,0,1,0,4,0,0,2,1,6,6,1,16,4,-1,-1,-1,-1,1,E01006305,0,-1
2020160954809,2020,160954809,1,9,0,18,19,1,3,0,0,4,0,0,0,0,1,1,6,6,3,-1,-1,-1,-1,-1,-1,-1,-1,0,-1
2020430217060,2020,430217060,2,19,4,13,13,3,7,0,0,0,0,0,0,0,4,1,6,6,1,-1,-1,-1,-1,-1,-1,-1,-1,0,-1
2020500973987,2020,500973987,2,19,0,18,19,7,3,0,0,0,0,0,0,0,1,1,1,1,1,58,9,-1,-1,-1,-1,3,E01018937,0,-1
2020010246800,2020,010246800,3,9,0,18,19,4,8,0,0,0,0,0,0,0,0,1,6,6,3,-1,-1,-1,-1,-1,-1,-1,-1,0,-1
2020470976910,2020,470976910,4,9,0,2,2,0,0,0,0,1,0,0,0,0,2,1,6,6,3,-1,-1,-1,-1,-1,-1,-1,-1,0,-1
2020101010007,2020,101010007,2,1,-1,18,19,1,5,4,4,8,0,0,0,0,1,1,2,2,2,62,9,-1,-1,-1,-1,10,E01008378,0,-1
2020440284055,2020,440284055,2,1,0,18,19,2,6,0,0,8,0,0,0,0,1,1,6,6,2,37,7,-1,-1,-1,-1,7,E01031976,0,-1
2020010269234,2020,010269234,2,9,0,99,99,9,9,99,99,0,9,99,9,99,1,1,6,6,3,-1,-1,-1,-1,-1,-1,-1,-1,0,-1
2020100961021,2020,100961021,3,3,0,18,19,2,6,0,0,1,0,0,0,0,0,1,5,6,1,19,4,-1,-1,-1,-1,1,E01008606,0,-1
2020370942074,2020,370942074,2,9,0,18,19,1,5,0,0,0,0,0,0,0,3,1,2,2,2,61,9,-1,-1,-1,-1,6,E01029881,0,-1
2020440473220,2020,440473220,1,1,0,9,9,3,1,0,0,8,0,0,0,0,0,1,1,1,2,56,9,-1,-1,-1,-1,4,E01022916,0,-1
2020010266995,2020,010266995,2,9,0,99,99,9,9,99,99,1,9,99,9,99,1,9,6,6,3,-1,-1,-1,-1,-1,-1,-1,-1,0,-1
2020440300091,2020,440300091,2,5,0,3,3,4,8,0,0,1,0,0,0,0,2,1,6,6,1,58,9,-1,-1,-1,-1,7,E01022990,0,-1
2020430255266,2020,430255266,2,1,0,18,19,2,6,0,0,8,0,0,0,0,1,1,6,6,1,28,6,-1,-1,-1,-1,7,E01016613,0,-1
2020010268315,2020,010268315,1,1,9,99,99,9,9,99,99,9,9,99,9,99,9,1,2,2,1,34,6,-1,-1,-1,-1,3,E01004259,0,-1
2020440025535,2020,440025535,2,9,0,16,19,2,5,0,0,2,0,6,0,0,3,1,3,7,1,35,6,-1,-1,-1,-1,6,E01023022,0,-1
2020332000593,2020,332000593,1,9,0,18,19,7,3,0,0,0,0,0,0,0,2,1,6,6,2,57,9,-1,-1,-1,-1,5,E01019852,0,-1
2020351029468,2020,351029468,2,1,0,18,19,1,5,0,0,1,0,0,0,0,1,1,6,6,1,49,8,-1,-1,-1,-1,3,E01015624,0,-1
2020401007154,2020,401007154,1,21,0,13,13,8,4,0,0,0,0,0,0,0,3,1,6,6,1,-1,-1,-1,-1,-1,-1,-1,-1,0,-1
2020990986490,2020,990986490,2,1,0,18,19,3,7,0,0,0,0,0,0,0,2,1,5,6,1,28,6,-1,-1,-1,-1,5,-1,0,-1
2020160969152,2020,160969152,1,9,0,10,10,1,2,0,0,4,0,0,0,0,3,1,5,6,2,25,5,-1,-1,-1,-1,-1,-1,0,-1
2020010251277,2020,010251277,1,1,9,99,99,9,9,99,99,9,9,99,9,99,9,-1,6,6,1,53,8,-1,-1,-1,-1,3,E01001768,0,-1
2020010273695,2020,010273695,2,9,0,99,99,9,9,99,99,9,9,99,9,99,1,9,6,6,3,-1,-1,-1,-1,-1,-1,-1,-1,0,-1
2020010278757,2020,010278757,2,1,0,18,19,5,1,0,0,1,0,0,0,0,1,1,6,6,1,33,6,-1,-1,-1,-1,2,E01003258,0,-1
202006L269504,2020,06L269504,2,3,0,18,19,1,5,0,0,2,0,0,0,0,1,1,6,6,1,33,6,-1,-1,-1,-1,8,E01006302,0,-1
2020040986440,2020,040986440,3,9,0,2,2,1,5,0,0,2,0,0,1,0,3,1,6,6,3,-1,-1,-1,-1,-1,-1,-1,-1,0,-1
202006L177868,2020,06L177868,2,9,0,18,19,4,1,0,0,3,0,0,3,10,4,1,6,6,1,24,5,-1,-1,-1,-1,3,E01006217,0,-1
2020440343360,2020,440343360,1,9,0,7,7,6,8,9,9,8,0,0,0,0,1,1,6,6,3,-1,-1,-1,-1,-1,-1,-1,-1,0,-1
2020500952199,2020,500952199,1,1,0,18,19,3,7,0,0,0,0,0,0,0,0,1,6,6,1,53,8,-1,-1,-1,-1,3,E01019070,0,-1
2020440222045,2020,440222045,1,1,0,16,19,6,2,0,0,2,0,0,0,0,1,1,6,6,1,33,6,-1,-1,-1,-1,7,E01017316,0,-1
2020010232381,2020,010232381,1,1,9,99,99,9,9,99,99,9,9,99,9,99,9,1,6,6,3,-1,-1,-1,-1,-1,-1,-1,-1,0,-1
2020010279055,2020,010279055,1,9,0,7,7,7,1,0,0,2,0,0,0,0,1,1,6,6,3,-1,-1,-1,-1,-1,-1,-1,-1,0,-1
2020010247664,2020,010247664,1,1,9,99,99,9,9,99,99,0,9,99,9,99,9,1,6,6,1,37,7,-1,-1,-1,-1,2,E01003150,0,-1
2020522001994,2020,522001994,2,1,0,18,19,2,6,0,0,8,0,0,0,0,4,1,6,6,2,35,6,-1,-1,-1,-1,3,E01014566,0,-1
2020220973340,2020,220973340,1,1,0,18,19,5,1,0,0,1,0,0,0,0,3,1,5,6,1,28,6,-1,-1,-1,-1,7,E01028988,0,-1
202060Y152791,2020,60Y152791,1,9,0,18,19,8,4,0,0,0,0,0,0,0,1,1,6,6,1,82,11,-1,-1,-1,-1,-1,-1,0,-1
2020010281632,2020,010281632,1,11,0,18,19,5,1,2,2,0,0,0,0,0,4,1,6,6,3,50,8,-1,-1,-1,-1,-1,-1,0,-1
2020522001920,2020,522001920,1,9,0,18,19,6,2,0,0,8,0,0,0,0,1,1,6,6,1,39,7,-1,-1,-1,-1,9,E01014382,0,-1
2020552001203,2020,552001203,1,9,0,18,19,2,6,0,0,0,0,0,0,0,4,1,6,6,3,-1,-1,-1,-1,-1,-1,-1,-1,0,-1
2020990921114,2020,990921114,1,1,0,18,19,6,2,2,2,1,1,0,0,0,1,1,2,2,1,32,6,-1,-1,-1,-1,10,-1,0,-1
2020420964705,2020,420964705,1,90,-1,4,4,5,1,0,0,4,0,0,0,0,1,1,6,6,3,-1,-1,-1,-1,-1,-1,-1,-1,0,-1
2020400943383,2020,400943383,2,1,0,18,19,5,1,0,0,0,5,0,0,0,2,1,6,6,1,66,10,-1,-1,-1,-1,9,E01033193,0,-1
2020450950743,2020,450950743,2,1,0,18,19,1,5,0,0,8,0,0,0,0,1,1,4,7,1,37,7,-1,-1,-1,-1,7,E01002971,0,-1
202006E177925,2020,06E177925,1,9,0,4,4,1,5,0,0,1,0,0,0,0,1,1,6,6,1,30,6,-1,-1,-1,-1,-1,-1,0,-1
2020201007652,2020,201007652,2,1,0,18,19,4,8,0,0,0,0,0,0,0,1,1,6,6,1,19,4,-1,-1,-1,-1,2,E01010409,0,-1
2020010284099,2020,010284099,2,9,0,9,9,1,6,0,0,6,0,0,0,0,1,1,6,6,1,37,7,-1,-1,-1,-1,8,E01021299,0,-1
2020340N03022,2020,340N03022,1,9,0,18,19,1,5,0,0,8,0,0,0,0,1,1,6,6,1,35,6,-1,-1,-1,-1,-1,-1,0,-1
2020200981971,2020,200981971,1,9,0,18,19,6,2,0,0,0,0,0,0,0,0,1,6,6,1,-1,-1,-1,-1,-1,-1,-1,-1,0,-1
202006J169161,2020,06J169161,1,9,0,18,19,3,7,0,0,1,0,0,0,0,3,1,6,6,2,30,6,-1,-1,-1,-1,-1,-1,0,-1
2020010272224,2020,010272224,1,1,9,99,99,9,9,99,99,0,9,99,9,99,2,1,2,2,1,43,7,-1,-1,-1,-1,9,E01004604,0,-1
2020070505429,2020,070505429,2,1,0,18,19,7,3,0,0,0,0,0,0,0,2,1,6,6,1,21,5,-1,-1,-1,-1,8,E01012565,0,-1
2020010274674,2020,010274674,2,1,0,5,5,1,5,0,0,0,0,0,0,0,2,1,6,6,1,46,8,-1,-1,-1,-1,3,E01001742,0,-1
2020010246931,2020,010246931,2,1,0,7,7,3,5,4,4,1,0,0,0,0,1,-1,6,6,1,76,11,-1,-1,-1,-1,2,E01002078,0,-1
2020430314697,2020,430314697,2,21,0,4,4,6,2,0,0,0,0,0,0,0,2,1,1,1,1,55,8,-1,-1,-1,-1,4,E01021894,0,-1
2020040917553,2020,040917553,4,9,0,2,2,5,1,0,0,0,0,0,0,0,2,1,6,6,3,-1,-1,-1,-1,-1,-1,-1,-1,0,-1
2020010256438,2020,010256438,1,11,0,99,99,9,9,99,99,9,9,99,9,99,9,9,6,6,3,-1,-1,-1,-1,-1,-1,-1,-1,0,-1
2020990965653,2020,990965653,2,98,0,2,2,0,0,9,9,0,0,0,0,0,2,1,6,6,3,-1,-1,-1,-1,-1,-1,-1,-1,0,-1
2020010267549,2020,010267549,1,1,0,14,14,4,8,0,0,0,0,0,0,0,2,1,6,6,1,14,3,-1,-1,-1,-1,2,E01000954,0,-1
2020332001123,2020,332001123,2,9,0,18,19,5,1,0,0,0,0,0,0,0,0,1,6,6,1,28,6,-1,-1,-1,-1,-1,-1,0,-1
2020010270131,2020,010270131,2,9,0,99,99,9,9,99,99,9,9,99,9,99,1,9,6,6,3,30,6,-1,-1,-1,-1,-1,-1,0,-1
2020500944987,2020,500944987,1,9,0,18,19,6,2,0,0,0,0,0,1,0,1,1,5,6,1,30,6,-1,-1,-1,-1,4,E01019918,0,-1
2020010241300,2020,010241300,2,9,0,6,6,7,7,0,0,1,0,0,0,0,3,2,6,6,1,53,8,-1,-1,-1,-1,-1,-1,0,-1
202060Y012461,2020,60Y012461,1,9,0,13,13,8,4,0,0,0,1,0,1,11,2,1,6,6,1,21,5,-1,-1,-1,-1,-1,-1,0,-1
2020010278860,2020,010278860,2,-1,0,18,19,3,7,0,0,8,0,0,0,0,4,1,6,6,1,40,7,-1,-1,-1,-1,3,E01003587,1,-1
2020440317364,2020,440317364,2,9,0,2,2,0,0,0,0,0,0,0,0,0,0,1,2,2,1,50,8,-1,-1,-1,-1,3,E01017111,0,-1
2020040998398,2020,040998398,3,9,0,2,2,0,0,0,0,0,0,0,0,0,3,1,6,6,3,-1,-1,-1,-1,-1,-1,-1,-1,0,-1
2020552100035,2020,552100035,2,1,0,18,19,2,4,0,0,8,0,0,0,0,3,1,6,6,1,48,8,-1,-1,-1,-1,3,E01015305,0,-1
2020622000942,2020,622000942,2,1,0,18,19,3,7,0,0,1,0,0,0,0,1,1,6,6,1,9,2,-1,-1,-1,-1,8,W01000843,0,-1
2020010281080,2020,010281080,2,9,0,6,6,5,5,0,0,0,0,0,0,0,9,9,6,6,1,-1,-1,-1,-1,-1,-1,-1,-1,0,-1
2020440251387,2020,440251387,2,1,0,18,19,1,5,0,0,0,0,0,0,0,1,1,6,6,1,27,6,-1,-1,-1,-1,4,E01022635,0,-1
2020610006420,2020,610006420,1,9,0,18,19,8,4,0,0,1,0,0,0,0,1,1,6,6,1,-1,-1,-1,-1,-1,-1,-1,-1,0,-1
2020450951911,2020,450951911,2,22,0,18,19,5,1,0,0,0,0,0,0,0,1,1,6,6,2,85,11,-1,-1,-1,-1,7,E01030577,0,-1
2020450965640,2020,450965640,4,9,0,2,2,0,0,6,6,0,0,4,0,0,2,1,6,6,3,-1,-1,-1,-1,-1,-1,-1,-1,0,-1
2020302000354,2020,302000354,1,1,0,18,19,4,8,0,0,8,0,0,7,0,4,1,2,2,1,46,8,-1,-1,-1,-1,1,E01013472,0,-1
2020010256720,2020,010256720,1,1,9,99,99,9,9,99,99,9,9,99,9,99,1,-1,2,2,1,28,6,-1,-1,-1,-1,10,E01023175,0,-1
2020010268397,2020,010268397,2,1,0,18,19,5,1,0,0,2,0,0,0,0,3,1,6,6,2,27,6,-1,-1,-1,-1,5,E01003134,0,-1
2020010266506,2020,010266506,1,1,9,99,99,9,9,99,99,9,9,99,9,99,9,1,2,2,1,34,6,-1,-1,-1,-1,9,E01001227,0,-1
2020420939417,2020,420939417,1,9,0,2,2,0,0,0,0,0,0,0,0,0,1,2,6,6,3,-1,-1,-1,-1,-1,-1,-1,-1,0,-1
2020010262976,2020,010262976,2,9,9,99,99,9,9,99,99,9,9,99,9,99,9,9,6,6,1,48,8,-1,-1,-1,-1,1,E01001730,0,-1
2020332000912,2020,332000912,1,9,0,18,19,5,1,0,0,2,5,7,0,0,1,1,2,2,1,20,4,-1,-1,-1,-1,3,E01013698,0,-1
2020010262813,2020,010262813,1,9,0,4,4,5,1,0,0,1,0,0,0,0,0,1,1,1,1,32,6,-1,-1,-1,-1,1,E01000602,0,-1
2020052001815,2020,052001815,1,1,0,18,19,5,1,0,0,6,0,0,0,0,1,1,6,6,1,14,3,-1,-1,-1,-1,9,E01007070,0,-1
2020010228557,2020,010228557,1,9,0,18,19,3,7,0,0,1,0,0,0,0,1,1,6,6,1,39,7,-1,-1,-1,-1,8,E01002321,0,-1
202060Y119289,2020,60Y119289,1,9,0,16,19,1,4,0,0,0,0,0,7,1,1,1,6,6,2,83,11,-1,-1,-1,-1,-1,-1,0,-1
2020200926655,2020,200926655,1,9,0,13,13,4,8,0,0,2,0,0,0,0,1,1,6,6,3,-1,-1,-1,-1,-1,-1,-1,-1,0,-1
2020010252035,2020,010252035,2,1,0,18,19,1,5,0,0,8,0,0,0,0,1,1,2,2,1,42,7,-1,-1,-1,-1,8,E01000371,0,-1
2020622000426,2020,622000426,2,1,0,18,19,7,4,0,0,8,0,0,0,0,2,1,6,6,2,51,8,-1,-1,-1,-1,1,W01000963,0,-1
2020522000723,2020,522000723,1,19,0,18,19,1,5,0,0,0,0,0,0,0,1,1,6,6,3,35,6,-1,-1,-1,-1,-1,-1,0,-1
2020440250042,2020,440250042,1,9,0,18,19,2,6,0,0,1,0,0,0,0,1,1,6,6,1,46,8,-1,-1,-1,-1,9,E01015437,0,-1
2020010242338,2020,010242338,2,1,0,18,19,5,1,0,0,8,0,0,0,0,3,1,2,2,1,45,7,-1,-1,-1,-1,5,E01003359,0,-1
2020470947184,2020,470947184,2,19,0,2,2,0,0,9,9,0,0,0,0,0,2,1,6,6,3,-1,-1,-1,-1,-1,-1,-1,-1,0,-1
2020100953101,2020,100953101,2,1,0,18,19,5,1,5,5,0,2,0,0,0,1,1,5,6,1,24,5,-1,-1,-1,-1,1,E01008606,0,-1
2020040944234,2020,040944234,1,22,0,9,9,2,6,0,0,8,0,0,0,0,3,1,5,6,1,48,8,-1,-1,-1,-1,1,E01025295,0,-1
2020450965487,2020,450965487,1,1,0,18,19,5,1,0,0,0,0,0,0,0,1,1,5,6,1,76,11,-1,-1,-1,-1,8,E01024784,0,-1
2020420930743,2020,420930743,1,9,0,18,19,6,2,0,0,0,0,0,0,0,4,1,6,6,3,-1,-1,-1,-1,-1,-1,-1,-1,0,-1
2020010247394,2020,010247394,2,9,0,18,19,5,1,0,0,1,0,0,0,0,1,1,6,6,1,-1,-1,-1,-1,-1,-1,2,E01000509,0,-1
2020430069632,2020,430069632,1,9,0,18,19,3,7,0,0,8,0,0,0,0,1,1,6,6,3,-1,-1,-1,-1,-1,-1,-1,-1,0,-1
2020522001574,2020,522001574,2,9,0,18,19,1,5,0,0,8,0,0,0,0,1,1,6,6,3,-1,-1,-1,-1,-1,-1,-1,-1,0,-1
2020010280741,2020,010280741,2,1,0,18,19,3,7,0,0,2,5,0,0,0,1,1,6,6,1,52,8,-1,-1,-1,-1,9,E01000771,0,-1
20201372J0987,2020,1372J0987,1,9,0,18,19,8,4,0,0,8,0,0,0,0,0,1,6,6,3,-1,-1,-1,-1,-1,-1,-1,-1,0,-1
2020420927077,2020,420927077,2,9,0,7,7,6,6,0,0,4,0,0,0,0,4,1,6,6,2,25,5,-1,-1,-1,-1,-1,-1,0,-1
2020137AE0625,2020,137AE0625,1,21,0,18,19,4,8,0,0,8,0,0,0,0,1,1,1,1,1,60,9,-1,-1,-1,-1,8,E01011934,0,-1
2020450930499,2020,450930499,2,1,0,17,19,5,1,0,0,1,0,0,0,0,4,1,2,2,1,43,7,-1,-1,-1,-1,9,E01030536,0,-1
2020040993844,2020,040993844,3,9,0,5,5,6,2,0,0,1,0,0,0,0,2,1,6,6,3,-1,-1,-1,-1,-1,-1,-1,-1,0,-1
2020137650540,2020,137650540,1,9,0,1,1,2,7,0,0,0,0,0,0,0,1,1,6,6,1,57,9,-1,-1,-1,-1,1,E01011617,0,-1
2020410963011,2020,410963011,2,9,0,18,19,5,1,9,9,0,1,0,8,0,2,1,6,6,3,-1,-1,-1,-1,-1,-1,-1,-1,0,-1
2020010283589,2020,010283589,1,1,9,99,99,9,9,99,99,9,9,99,9,99,9,1,6,6,2,36,7,-1,-1,-1,-1,5,E01001782,0,-1
2020471001522,2020,471001522,1,9,0,2,2,0,0,0,0,0,0,0,0,0,3,1,6,6,1,-1,-1,-1,-1,-1,-1,-1,-1,0,-1
2020530970682,2020,530970682,2,1,0,18,19,8,4,0,0,8,0,0,0,0,4,1,6,6,2,64,9,-1,-1,-1,-1,8,E01022191,0,-1
2020010255518,2020,010255518,1,1,9,99,99,9,9,99,99,9,9,99,9,99,9,1,6,6,1,20,4,-1,-1,-1,-1,4,E01033725,0,-1