collision_index,collision_year,collision_ref_no,vehicle_reference,vehicle_type,towing_and_articulation,vehicle_manoeuvre_historic,vehicle_manoeuvre,vehicle_direction_from,vehicle_direction_to,vehicle_location_restricted_lane_historic,vehicle_location_restricted_lane,junction_location,skidding_and_overturning,hit_object_in_carriageway,vehicle_leaving_carriageway,hit_object_off_carriageway,first_point_of_impact,vehicle_left_hand_drive,journey_purpose_of_driver_historic,journey_purpose_of_driver,sex_of_driver,age_of_driver,age_band_of_driver,engine_capacity_cc,propulsion_code,age_of_vehicle,generic_make_model,driver_imd_decile,lsoa_of_driver,escooter_flag,driver_distance_banding
2020400951971,2020,400951971,1,9,0,16,19,5,1,0,0,4,0,0,0,0,1,1,2,2,1,20,4,-1,-1,-1,-1,10,E01017371,0,-1
2020440065495,2020,440065495,2,9,0,11,11,7,3,0,0,1,0,0,0,0,4,1,6,6,3,-1,-1,-1,-1,-1,-1,-1,-1,0,-1
2020052000753,2020,052000753,2,1,0,18,19,1,5,0,0,1,0,0,0,0,3,1,6,6,1,41,7,-1,-1,-1,-1,3,E01007020,0,-1
2020430248530,2020,430248530,1,9,0,18,19,7,3,0,0,1,0,0,0,0,1,1,6,6,1,-1,-1,-1,-1,-1,-1,-1,-1,0,-1
2020332000001,2020,332000001,2,1,0,4,4,5,1,0,0,1,0,0,0,0,2,1,6,6,1,46,8,-1,-1,-1,-1,9,E01025737,0,-1
2020440259926,2020,440259926,1,1,0,18,19,7,3,0,0,0,0,0,0,0,3,1,6,6,1,69,10,-1,-1,-1,-1,6,E01023250,0,-1
2020010280334,2020,010280334,1,1,9,99,99,9,9,99,99,0,9,99,9,99,1,1,2,2,3,37,7,-1,-1,-1,-1,2,E01002741,0,-1
2020530945401,2020,530945401,1,21,1,4,4,1,5,0,0,0,0,7,0,0,1,1,1,1,1,59,9,-1,-1,-1,-1,2,E01032235,0,-1
202060Y019554,2020,60Y019554,2,90,0,18,19,5,1,0,0,0,0,0,0,0,1,1,6,6,1,52,8,-1,-1,-1,-1,-1,-1,0,-1
2020320079486,2020,320079486,2,1,0,18,19,7,3,0,0,1,0,0,0,0,0,1,6,6,1,55,8,-1,-1,-1,-1,2,E01026154,0,-1
2020440296556,2020,440296556,1,9,0,4,4,4,8,0,0,0,0,0,0,0,1,1,6,6,1,43,7,-1,-1,-1,-1,4,E01023260,0,-1
2020052000996,2020,052000996,3,9,0,4,4,6,2,0,0,0,0,0,0,0,2,1,6,6,3,-1,-1,-1,-1,-1,-1,-1,-1,0,-1
2020332000436,2020,332000436,2,9,0,18,19,8,4,0,0,8,0,0,1,1,1,1,6,6,1,46,8,-1,-1,-1,-1,3,E01013777,0,-1
2020100921763,2020,100921763,2,9,0,18,19,3,7,0,0,1,0,0,0,0,1,1,6,6,3,-1,-1,-1,-1,-1,-1,-1,-1,0,-1
2020010286009,2020,010286009,2,3,0,99,99,9,9,99,99,9,9,99,9,99,1,1,6,6,3,-1,-1,-1,-1,-1,-1,-1,-1,0,-1
2020430227048,2020,430227048,1,9,0,1,1,8,4,0,0,0,0,0,0,0,2,1,6,6,2,-1,-1,-1,-1,-1,-1,-1,-1,0,-1
2020450923318,2020,450923318,2,22,0,18,19,6,2,0,0,8,0,0,0,0,1,1,5,6,1,64,9,-1,-1,-1,-1,6,E01030896,0,-1
2020070079937,2020,070079937,2,20,0,9,9,6,4,0,0,1,0,0,0,0,2,1,1,1,2,-1,-1,-1,-1,-1,-1,3,E01006836,0,-1
2020231012498,2020,231012498,2,9,0,11,11,2,6,0,0,0,0,0,0,0,3,1,5,6,2,42,7,-1,-1,-1,-1,7,E01031055,0,-1
2020440044369,2020,440044369,1,1,0,18,19,1,5,0,0,8,0,0,0,0,1,1,6,6,2,18,4,-1,-1,-1,-1,5,E01017213,0,-1
2020040992658,2020,040992658,2,98,0,18,19,1,5,0,0,0,0,0,0,0,4,1,1,1,1,61,9,-1,-1,-1,-1,4,E01011286,0,-1
2020430167928,2020,430167928,1,97,0,9,9,5,3,0,0,8,0,0,0,0,1,1,6,6,1,14,3,-1,-1,-1,-1,10,E01016621,0,-1
20201372O1757,2020,1372O1757,1,9,0,18,19,0,0,0,0,0,0,0,0,0,1,1,6,6,3,-1,-1,-1,-1,-1,-1,-1,-1,0,-1
2020052001738,2020,052001738,2,1,0,18,19,5,1,0,0,1,0,0,0,0,1,1,6,6,1,20,4,-1,-1,-1,-1,7,E01007256,0,-1
2020332000595,2020,332000595,2,9,0,4,4,1,5,0,0,4,0,0,0,0,1,1,6,6,2,53,8,-1,-1,-1,-1,10,E01025632,0,-1
2020530959361,2020,530959361,2,1,0,9,9,2,4,0,0,1,0,0,0,0,4,1,6,6,1,35,6,-1,-1,-1,-1,3,E01022134,0,-1
2020010277564,2020,010277564,1,1,9,99,99,9,9,99,99,9,9,99,9,99,9,1,6,6,1,59,9,-1,-1,-1,-1,4,E01000746,0,-1
202006E170884,2020,06E170884,2,5,0,18,19,7,3,0,0,1,0,4,0,0,1,1,6,6,3,-1,-1,-1,-1,-1,-1,-1,-1,0,-1
2020010244389,2020,010244389,2,9,0,99,99,9,9,99,99,9,9,99,9,99,1,9,6,6,3,-1,-1,-1,-1,-1,-1,-1,-1,0,-1
2020010256205,2020,010256205,2,1,0,18,19,8,4,0,0,8,0,0,0,0,1,1,6,6,2,48,8,-1,-1,-1,-1,3,E01032719,0,-1
2020622000595,2020,622000595,1,1,0,18,19,2,6,0,0,1,0,0,0,0,1,1,6,6,1,16,4,-1,-1,-1,-1,2,W01001751,0,-1
2020370971557,2020,370971557,2,1,0,18,19,1,5,0,0,0,0,0,0,0,1,1,5,6,2,13,3,-1,-1,-1,-1,6,E01030232,0,-1
2020010252649,2020,010252649,2,1,0,18,19,3,7,4,4,8,0,0,0,0,1,1,6,6,1,43,7,-1,-1,-1,-1,4,E01004375,0,-1
2020201015748,2020,201015748,2,9,0,18,19,3,7,0,0,0,0,0,0,0,1,1,6,6,1,50,8,-1,-1,-1,-1,1,E01010234,0,-1
2020137191117,2020,137191117,1,9,0,18,19,4,8,0,0,0,0,0,0,0,4,1,6,6,1,-1,-1,-1,-1,-1,-1,-1,-1,0,-1
2020010262324,2020,010262324,2,1,0,18,19,7,3,0,0,1,0,8,0,0,1,1,6,6,1,45,7,-1,-1,-1,-1,3,E01003923,0,-1
2020010232666,2020,010232666,1,9,0,18,19,5,1,0,0,8,0,0,0,0,1,1,6,6,3,-1,-1,-1,-1,-1,-1,-1,-1,0,-1
2020610011520,2020,610011520,2,19,0,18,19,2,6,0,0,1,0,0,0,0,1,1,1,1,1,34,6,-1,-1,-1,-1,5,W01001350,0,-1
2020010247263,2020,010247263,1,1,9,99,99,9,9,99,99,9,9,99,9,99,9,1,6,6,1,27,6,-1,-1,-1,-1,5,E01001962,0,-1
202060Y177781,2020,60Y177781,1,19,0,18,19,1,5,0,0,0,0,0,0,0,1,1,1,1,1,25,5,-1,-1,-1,-1,-1,-1,0,-1
2020010257553,2020,010257553,2,9,0,99,99,9,9,99,99,9,9,99,9,99,9,9,6,6,3,-1,-1,-1,-1,-1,-1,-1,-1,0,-1
2020160965369,2020,160965369,2,9,0,13,13,7,3,0,0,0,0,0,0,0,4,1,6,6,3,-1,-1,-1,-1,-1,-1,-1,-1,0,-1
2020040953886,2020,040953886,2,1,0,18,19,1,5,9,9,8,0,0,0,0,2,1,6,6,1,40,7,-1,-1,-1,-1,3,E01025232,0,-1
2020552100253,2020,552100253,1,9,0,2,2,0,0,0,0,0,0,0,0,0,3,1,6,6,3,-1,-1,-1,-1,-1,-1,-1,-1,0,-1
2020010275390,2020,010275390,1,9,9,1,1,3,7,0,0,9,0,99,0,0,9,9,6,6,3,-1,-1,-1,-1,-1,-1,-1,-1,0,-1
2020230987636,2020,230987636,2,9,0,9,9,6,4,0,0,5,0,0,0,0,1,1,2,2,2,39,7,-1,-1,-1,-1,6,E01031106,0,-1
2020160974910,2020,160974910,1,1,0,18,19,7,3,0,0,0,0,0,0,0,1,1,2,2,1,55,8,-1,-1,-1,-1,10,E01013108,0,-1
2020010242398,2020,010242398,2,1,0,18,19,5,1,0,0,1,0,0,0,0,1,1,6,6,2,51,8,-1,-1,-1,-1,2,E01004423,0,-1
2020052001113,2020,052001113,2,1,0,18,19,1,5,0,0,1,0,0,0,0,1,1,2,2,1,61,9,-1,-1,-1,-1,5,E01006978,0,-1
2020460949401,2020,460949401,2,1,0,18,19,7,3,0,0,1,0,0,0,0,1,1,5,6,1,36,7,-1,-1,-1,-1,5,E01024356,0,-1
2020052001558,2020,052001558,2,3,0,18,19,1,5,0,0,0,0,0,0,0,3,1,6,6,1,20,4,-1,-1,-1,-1,3,E01007118,0,-1
2020541424020,2020,541424020,1,1,0,18,19,8,4,0,0,0,0,0,0,0,2,1,4,7,1,13,3,-1,-1,-1,-1,5,E01032063,0,-1
2020450992126,2020,450992126,2,9,0,18,19,1,1,0,0,0,0,0,0,0,1,1,6,6,2,54,8,-1,-1,-1,-1,-1,-1,0,-1
2020200980534,2020,200980534,1,9,0,5,5,8,2,0,0,1,0,0,0,0,1,1,6,6,3,-1,-1,-1,-1,-1,-1,-1,-1,0,-1
2020430419451,2020,430419451,2,1,0,18,19,3,7,0,0,0,0,0,0,0,4,1,6,6,1,39,7,-1,-1,-1,-1,5,E01028505,0,-1
2020302001474,2020,302001474,2,9,0,4,4,4,8,0,0,0,0,0,0,0,1,1,2,2,1,19,4,-1,-1,-1,-1,6,E01029481,0,-1
2020451001617,2020,451001617,1,1,0,18,19,2,4,0,0,1,5,0,0,0,4,1,6,6,1,50,8,-1,-1,-1,-1,9,E01030991,0,-1
2020990979104,2020,990979104,2,1,0,16,19,6,3,0,0,8,5,0,0,0,1,1,5,6,1,62,9,-1,-1,-1,-1,-1,-1,0,-1
2020160955951,2020,160955951,1,9,0,18,19,7,3,0,0,0,0,0,0,0,1,1,6,6,3,-1,-1,-1,-1,-1,-1,-1,-1,0,-1
2020010276763,2020,010276763,2,9,0,18,19,8,4,0,0,1,0,0,0,0,1,1,6,6,3,-1,-1,-1,-1,-1,-1,-1,-1,0,-1
2020400961640,2020,400961640,2,9,0,18,19,1,5,0,0,0,0,0,0,0,2,1,6,6,3,-1,-1,-1,-1,-1,-1,-1,-1,0,-1
2020040964354,2020,040964354,2,1,0,18,19,5,3,0,0,8,0,0,0,0,4,1,2,2,1,29,6,-1,-1,-1,-1,8,E01025163,0,-1
202006J273484,2020,06J273484,2,1,0,18,19,5,1,0,0,8,0,0,0,0,1,1,6,6,1,34,6,-1,-1,-1,-1,8,E01005800,0,-1
2020610004420,2020,610004420,2,9,0,18,19,7,4,0,0,6,0,0,0,0,1,1,6,6,2,75,10,-1,-1,-1,-1,8,W01001565,0,-1
202031D046220,2020,31D046220,1,9,0,18,19,6,2,0,0,4,0,0,0,0,3,1,6,6,3,-1,-1,-1,-1,-1,-1,-1,-1,0,-1
2020522001934,2020,522001934,2,9,0,1,1,5,1,0,0,0,0,0,0,0,2,1,6,6,1,25,5,-1,-1,-1,-1,-1,-1,0,-1
2020137220595,2020,137220595,1,9,0,18,19,7,3,0,0,0,0,0,0,0,4,1,6,6,1,51,8,-1,-1,-1,-1,1,E01010872,0,-1
2020010264686,2020,010264686,1,1,9,99,99,9,9,99,99,9,9,99,9,99,1,1,6,6,1,41,7,-1,-1,-1,-1,3,E01000741,0,-1
2020140923342,2020,140923342,2,1,0,18,19,8,4,0,0,8,0,0,0,0,1,1,6,6,1,53,8,-1,-1,-1,-1,1,E01007874,0,-1
2020540052819,2020,540052819,1,9,0,17,19,3,8,0,0,0,1,0,7,11,1,1,6,6,1,43,7,-1,-1,-1,-1,6,E01031845,0,-1
2020010242389,2020,010242389,2,9,0,99,99,9,9,99,99,9,9,99,9,99,9,9,6,6,3,-1,-1,-1,-1,-1,-1,-1,-1,0,-1
2020010258176,2020,010258176,2,9,0,18,19,1,5,0,0,0,0,0,0,0,1,1,6,6,3,-1,-1,-1,-1,-1,-1,-1,-1,0,-1
2020461003298,2020,461003298,1,9,0,18,19,8,8,0,0,0,0,0,0,0,0,1,2,2,1,-1,-1,-1,-1,-1,-1,2,E01024019,0,-1
2020332000653,2020,332000653,1,19,0,3,3,1,5,0,0,0,0,0,0,0,2,1,1,1,1,35,6,-1,-1,-1,-1,10,E01025772,0,-1
2020030997933,2020,030997933,1,1,0,18,19,3,7,0,0,0,5,12,0,0,1,1,6,6,2,47,8,-1,-1,-1,-1,5,E01019132,0,-1
2020030997165,2020,030997165,1,9,0,18,19,1,5,0,0,0,0,0,0,0,4,1,5,6,1,25,5,-1,-1,-1,-1,3,E01019208,0,-1
2020070523666,2020,070523666,2,1,0,18,19,5,1,9,9,1,0,0,0,0,3,1,6,6,1,15,3,-1,-1,-1,-1,10,E01012446,0,-1
2020010277999,2020,010277999,2,19,0,99,99,9,9,99,99,0,9,99,9,99,9,9,6,6,3,30,6,-1,-1,-1,-1,-1,-1,0,-1
2020320299768,2020,320299768,1,1,0,5,5,1,5,0,0,1,0,0,0,0,4,1,6,6,1,19,4,-1,-1,-1,-1,6,E01026020,0,-1
2020420960815,2020,420960815,1,9,0,18,19,3,7,0,0,0,0,0,0,0,4,1,6,6,1,-1,-1,-1,-1,-1,-1,-1,-1,0,-1
2020040984604,2020,040984604,3,9,0,18,19,4,8,0,0,1,0,0,0,0,1,1,5,6,1,30,6,-1,-1,-1,-1,7,E01025448,0,-1
2020010277174,2020,010277174,1,1,9,99,99,9,9,99,99,9,9,99,9,99,9,1,2,2,2,26,6,-1,-1,-1,-1,2,E01004467,0,-1
2020470974764,2020,470974764,2,22,0,18,19,1,5,0,0,0,0,0,0,0,3,1,5,6,1,88,11,-1,-1,-1,-1,7,E01021236,0,-1
2020520005084,2020,520005084,1,9,0,9,9,1,7,0,0,1,0,0,0,0,1,1,6,6,1,41,7,-1,-1,-1,-1,7,E01029288,0,-1
2020440354493,2020,440354493,2,9,0,18,19,6,2,0,0,5,0,0,0,0,1,1,6,6,2,63,9,-1,-1,-1,-1,3,E01022680,0,-1
2020522000182,2020,522000182,2,21,1,1,1,1,5,0,0,0,0,0,0,0,2,1,1,1,3,30,6,-1,-1,-1,-1,-1,-1,0,-1
2020990964417,2020,990964417,2,1,0,18,19,7,3,0,0,0,5,0,0,0,2,1,5,6,1,67,10,-1,-1,-1,-1,8,-1,0,-1
2020010285220,2020,010285220,2,1,0,18,19,1,5,0,0,3,0,0,0,0,2,1,1,1,1,31,6,-1,-1,-1,-1,6,E01002614,0,-1
2020140940810,2020,140940810,4,9,0,2,2,0,0,0,0,0,0,0,0,0,1,1,6,6,3,-1,-1,-1,-1,-1,-1,-1,-1,0,-1
2020200989965,2020,200989965,2,1,0,18,19,1,5,0,0,8,0,0,0,0,4,1,1,1,2,31,6,-1,-1,-1,-1,2,E01010096,0,-1
2020010275135,2020,010275135,1,1,0,4,4,3,7,0,0,8,0,0,0,0,1,1,6,6,1,16,4,-1,-1,-1,-1,8,E01000282,0,-1
2020052001354,2020,052001354,2,1,0,18,19,4,8,0,0,2,0,0,0,0,1,1,6,6,2,44,7,-1,-1,-1,-1,1,E01007009,0,-1
2020010279257,2020,010279257,1,1,0,18,19,7,3,0,0,1,0,0,0,0,3,1,6,6,2,30,6,-1,-1,-1,-1,5,E01004579,0,-1
2020991001917,2020,991001917,1,19,0,8,8,2,6,0,0,4,0,0,0,0,1,1,1,1,1,40,7,-1,-1,-1,-1,-1,-1,0,-1
2020350974199,2020,350974199,2,1,0,18,19,1,5,0,0,1,0,8,0,0,1,1,5,6,2,51,8,-1,-1,-1,-1,9,E01018172,0,-1
20201377V0631,2020,1377V0631,2,20,0,18,19,5,1,0,0,0,0,0,0,0,1,1,6,6,2,41,7,-1,-1,-1,-1,2,E01011632,0,-1
202060Y086927,2020,60Y086927,1,9,0,18,19,6,2,0,0,0,0,0,0,0,1,1,6,6,1,37,7,-1,-1,-1,-1,-1,-1,0,-1
2020010263755,2020,010263755,1,-1,0,99,99,9,9,99,99,9,9,99,9,99,9,9,6,6,3,-1,-1,-1,-1,-1,-1,-1,-1,1,-1
2020460963367,2020,460963367,1,97,0,16,19,6,2,0,0,0,0,0,0,0,0,1,6,6,3,-1,-1,-1,-1,-1,-1,-1,-1,0,-1
2020137911359,2020,137911359,2,9,0,2,2,7,7,0,0,0,0,0,0,0,2,2,6,6,1,60,9,-1,-1,-1,-1,-1,-1,0,-1
2020430241218,2020,430241218,2,1,0,18,19,1,4,0,0,8,0,0,0,0,3,1,6,6,1,49,8,-1,-1,-1,-1,9,E01028649,0,-1
2020332000866,2020,332000866,2,9,0,18,19,5,1,0,0,0,0,0,0,0,1,1,6,6,2,30,6,-1,-1,-1,-1,3,E01010805,0,-1
2020137BQ1480,2020,137BQ1480,1,9,0,18,19,4,8,0,0,0,0,0,0,0,1,1,6,6,3,-1,-1,-1,-1,-1,-1,-1,-1,0,-1
2020140989652,2020,140989652,2,1,0,18,19,1,7,0,0,3,0,0,0,0,1,1,5,6,2,56,9,-1,-1,-1,-1,1,E01007499,0,-1
2020332000783,2020,332000783,2,9,0,18,19,2,6,0,0,4,0,0,0,0,1,1,6,6,2,-1,-1,-1,-1,-1,-1,-1,-1,0,-1
2020332000480,2020,332000480,2,9,0,4,4,6,2,0,0,1,0,0,0,0,1,1,6,6,1,-1,-1,-1,-1,-1,-1,-1,-1,0,-1
2020040990620,2020,040990620,1,9,0,18,19,7,3,0,0,8,0,0,0,0,1,1,5,6,1,29,6,-1,-1,-1,-1,5,E01025080,0,-1
2020010269009,2020,010269009,2,97,0,99,99,9,9,99,99,0,9,99,9,99,9,1,6,6,3,-1,-1,-1,-1,-1,-1,-1,-1,0,-1
2020450989422,2020,450989422,2,97,0,18,19,3,7,0,0,1,1,0,0,0,1,1,1,1,1,30,6,-1,-1,-1,-1,-1,-1,0,-1
2020160920669,2020,160920669,2,9,0,18,19,8,3,0,0,8,0,0,0,0,4,1,5,6,1,44,7,-1,-1,-1,-1,2,E01013283,0,-1
2020140973243,2020,140973243,2,9,0,2,2,0,0,8,6,8,0,0,0,0,2,1,6,6,3,-1,-1,-1,-1,-1,-1,-1,-1,0,-1
2020370987436,2020,370987436,1,1,0,18,19,5,1,0,0,8,5,0,0,0,1,1,5,6,1,40,7,-1,-1,-1,-1,9,E01033450,0,-1
2020460952610,2020,460952610,1,21,1,12,12,8,4,0,0,0,0,0,0,0,3,1,1,1,1,45,7,-1,-1,-1,-1,-1,-1,0,-1
2020522001959,2020,522001959,1,1,0,18,19,7,3,0,0,8,0,0,0,0,1,1,6,6,1,48,8,-1,-1,-1,-1,8,E01014668,0,-1
2020041003884,2020,041003884,3,9,0,2,2,0,0,0,0,0,0,4,1,0,2,1,6,6,3,-1,-1,-1,-1,-1,-1,-1,-1,0,-1
2020221027374,2020,221027374,3,9,0,4,4,6,2,0,0,2,0,0,0,0,2,1,6,6,2,18,4,-1,-1,-1,-1,9,E01028929,0,-1
2020520004637,2020,520004637,1,9,0,18,19,3,7,0,0,4,0,0,0,1,1,1,6,6,1,30,6,-1,-1,-1,-1,-1,-1,0,-1
20201375Q1804,2020,1375Q1804,1,1,0,18,19,4,8,0,0,0,0,0,0,0,1,1,6,6,1,47,8,-1,-1,-1,-1,1,E01011559,0,-1
2020622000522,2020,622000522,2,1,0,18,19,2,7,0,0,1,0,0,0,0,1,1,6,6,1,29,6,-1,-1,-1,-1,5,W01001649,0,-1
2020010267708,2020,010267708,2,1,0,18,19,1,5,0,0,8,0,0,1,0,4,1,2,2,2,42,7,-1,-1,-1,-1,5,E01001933,0,-1
2020160976554,2020,160976554,2,1,0,18,19,3,7,0,0,1,0,0,0,0,1,1,5,6,1,62,9,-1,-1,-1,-1,8,E01013305,0,-1
2020140992310,2020,140992310,1,9,0,18,19,7,3,0,0,8,0,0,0,0,1,1,2,2,1,64,9,-1,-1,-1,-1,4,E01007559,0,-1
2020010267426,2020,010267426,1,9,0,18,19,2,6,9,9,1,0,0,0,0,1,1,6,6,3,-1,-1,-1,-1,-1,-1,-1,-1,0,-1
2020460999054,2020,460999054,1,9,0,18,19,3,7,0,0,0,1,0,0,0,1,1,2,2,2,-1,-1,-1,-1,-1,-1,-1,-1,0,-1
2020010256168,2020,010256168,3,9,0,2,2,0,0,0,0,0,0,0,0,0,1,1,6,6,3,-1,-1,-1,-1,-1,-1,-1,-1,0,-1
2020010278184,2020,010278184,1,1,0,18,19,3,7,0,0,1,0,0,0,0,1,1,6,6,1,13,3,-1,-1,-1,-1,7,E01032573,0,-1
2020010277330,2020,010277330,1,19,0,18,19,5,1,0,0,1,0,0,0,0,9,9,6,6,3,-1,-1,-1,-1,-1,-1,-1,-1,0,-1
2020990950768,2020,990950768,2,1,0,18,19,2,8,0,0,8,0,0,0,0,1,1,5,6,2,64,9,-1,-1,-1,-1,9,-1,0,-1
2020460955466,2020,460955466,2,1,0,18,19,3,7,9,9,1,0,10,7,0,1,1,5,6,1,22,5,-1,-1,-1,-1,7,E01000376,0,-1
2020010253135,2020,010253135,2,1,0,14,14,7,3,0,0,0,0,0,0,0,1,1,6,6,1,32,6,-1,-1,-1,-1,4,E01033082,0,-1
2020010272000,2020,010272000,2,9,0,99,99,9,9,99,99,9,9,99,9,99,1,9,6,6,3,-1,-1,-1,-1,-1,-1,-1,-1,0,-1
2020460918410,2020,460918410,1,21,1,18,19,3,7,0,0,0,0,0,0,0,4,1,1,1,1,26,6,-1,-1,-1,-1,-1,-1,0,-1
2020010252336,2020,010252336,1,1,9,99,99,9,9,99,99,9,9,99,9,99,1,1,6,6,1,-1,-1,-1,-1,-1,-1,3,E01002645,0,-1
2020542507520,2020,542507520,2,1,0,18,19,8,4,0,0,0,0,0,0,0,2,1,6,6,1,17,4,-1,-1,-1,-1,3,E01031963,0,-1
2020040981758,2020,040981758,1,1,0,18,19,5,1,0,0,1,0,0,0,0,4,1,5,6,1,10,2,-1,-1,-1,-1,9,E01012609,0,-1
2020040967967,2020,040967967,2,1,0,18,19,5,1,0,0,2,0,0,0,0,3,1,5,6,1,11,3,-1,-1,-1,-1,8,E01025411,0,-1
2020010232511,2020,010232511,1,1,0,18,19,7,3,0,0,1,5,0,0,0,1,1,6,6,2,23,5,-1,-1,-1,-1,2,E01004224,0,-1
2020140962065,2020,140962065,2,9,0,2,2,1,1,0,0,0,0,0,0,0,1,2,6,6,3,-1,-1,-1,-1,-1,-1,-1,-1,0,-1
2020302000799,2020,302000799,1,9,0,18,19,8,4,0,0,0,0,0,0,0,1,1,6,6,1,29,6,-1,-1,-1,-1,5,E01019611,0,-1
2020440374293,2020,440374293,2,97,0,18,19,7,3,0,0,0,0,0,0,0,0,1,6,6,1,-1,-1,-1,-1,-1,-1,-1,-1,0,-1
2020052001672,2020,052001672,1,9,0,14,14,5,1,0,0,1,0,0,0,0,1,1,6,6,3,-1,-1,-1,-1,-1,-1,-1,-1,0,-1
2020010258697,2020,010258697,1,1,9,99,99,9,9,99,99,9,9,99,9,99,9,1,2,2,2,20,4,-1,-1,-1,-1,1,E01004245,0,-1
2020332001159,2020,332001159,1,9,0,18,19,8,4,0,0,0,0,0,0,0,0,1,6,6,1,55,8,-1,-1,-1,-1,-1,-1,0,-1
2020470999696,2020,470999696,2,9,0,2,2,0,0,0,0,0,0,0,1,4,1,1,6,6,3,-1,-1,-1,-1,-1,-1,-1,-1,0,-1
2020110945722,2020,110945722,2,9,0,2,2,0,0,0,0,0,0,0,0,0,2,1,6,6,3,-1,-1,-1,-1,-1,-1,-1,-1,0,-1
2020332000448,2020,332000448,2,1,0,18,19,3,7,0,0,0,0,0,0,0,3,1,6,6,1,17,4,-1,-1,-1,-1,5,E01025920,0,-1
2020010229323,2020,010229323,2,9,0,99,99,9,9,99,99,9,9,99,9,99,1,9,6,6,3,-1,-1,-1,-1,-1,-1,-1,-1,0,-1
2020010265878,2020,010265878,2,3,0,18,19,1,5,0,0,0,0,0,0,0,1,1,1,1,1,20,4,-1,-1,-1,-1,4,E01002802,0,-1
2020332000664,2020,332000664,1,9,0,4,4,3,7,0,0,0,0,0,0,0,2,1,2,2,2,46,8,-1,-1,-1,-1,8,E01032600,0,-1
20201379R0622,2020,1379R0622,2,9,0,18,19,1,5,0,0,1,0,0,0,0,1,1,6,6,1,27,6,-1,-1,-1,-1,-1,-1,0,-1
2020010254366,2020,010254366,2,9,0,99,99,9,9,0,0,0,0,0,0,0,9,9,6,6,3,-1,-1,-1,-1,-1,-1,-1,-1,0,-1
2020140966046,2020,140966046,1,9,0,15,15,5,1,0,0,1,0,0,0,0,1,1,6,6,2,100,11,-1,-1,-1,-1,-1,-1,0,-1
2020052002292,2020,052002292,1,9,0,18,19,1,5,0,0,0,0,0,0,0,4,1,6,6,3,-1,-1,-1,-1,-1,-1,-1,-1,0,-1
2020160988681,2020,160988681,1,1,0,11,11,7,3,0,0,1,0,0,0,0,3,1,1,1,2,22,5,-1,-1,-1,-1,3,E01012868,0,-1
2020140922070,2020,140922070,2,9,0,7,7,2,4,0,0,1,0,0,0,0,1,1,6,6,3,-1,-1,-1,-1,-1,-1,-1,-1,0,-1
2020010261265,2020,010261265,2,1,0,18,19,3,7,0,0,8,0,0,0,0,3,1,6,6,1,70,10,-1,-1,-1,-1,6,E01000329,0,-1
2020440133615,2020,440133615,1,1,0,18,19,1,5,0,0,8,0,0,0,0,3,1,6,6,1,41,7,-1,-1,-1,-1,10,E01022665,0,-1
2020010245765,2020,010245765,2,1,0,9,9,1,7,0,0,2,5,0,0,0,4,1,6,6,1,55,8,-1,-1,-1,-1,2,E01001861,0,-1
2020332000688,2020,332000688,1,9,0,18,19,8,4,0,0,3,1,0,1,2,1,1,6,6,2,21,5,-1,-1,-1,-1,3,E01013697,0,-1
202006J172653,2020,06J172653,1,9,0,9,9,5,3,0,0,8,0,0,0,0,1,1,6,6,1,18,4,-1,-1,-1,-1,1,E01005754,0,-1
2020430280759,2020,430280759,3,9,0,8,8,8,1,0,0,1,0,0,0,0,1,1,6,6,3,-1,-1,-1,-1,-1,-1,-1,-1,0,-1
2020500962158,2020,500962158,1,22,0,18,19,7,3,9,9,0,5,10,0,0,4,1,5,6,1,80,11,-1,-1,-1,-1,8,E01015124,0,-1
2020010251898,2020,010251898,1,1,9,99,99,9,9,99,99,9,9,99,9,99,9,1,6,6,1,50,8,-1,-1,-1,-1,3,E01004063,0,-1
2020400952511,2020,400952511,2,1,0,18,19,3,7,0,0,8,2,0,0,0,1,1,5,6,2,26,6,-1,-1,-1,-1,8,E01017461,0,-1
2020430023788,2020,430023788,1,1,0,18,19,4,8,0,0,8,0,0,0,0,4,1,2,2,2,45,7,-1,-1,-1,-1,4,E01016422,0,-1
2020100942290,2020,100942290,999,1,0,18,19,5,1,0,0,1,0,0,0,0,1,1,6,6,1,15,3,-1,-1,-1,-1,7,E01008786,0,-1
2020332001126,2020,332001126,1,9,0,18,19,4,8,0,0,0,0,0,0,0,0,1,6,6,1,24,5,-1,-1,-1,-1,-1,-1,0,-1
2020010240845,2020,010240845,2,9,0,18,19,6,2,0,0,0,0,0,0,0,2,1,1,1,1,30,6,-1,-1,-1,-1,3,E01000107,0,-1
2020141010977,2020,141010977,1,9,0,16,19,8,3,0,0,1,1,0,0,0,1,1,6,6,1,21,5,-1,-1,-1,-1,8,E01028058,0,-1
2020170H10850,2020,170H10850,1,9,0,18,19,8,4,0,0,1,0,0,0,0,1,1,6,6,3,-1,-1,-1,-1,-1,-1,-1,-1,0,-1
20201377V1309,2020,1377V1309,1,9,0,18,19,1,5,0,0,1,0,0,0,0,1,1,6,6,3,-1,-1,-1,-1,-1,-1,-1,-1,0,-1
2020430370347,2020,430370347,1,1,0,18,19,5,1,0,0,8,0,0,0,0,4,1,6,6,1,55,8,-1,-1,-1,-1,10,E01016229,0,-1
2020160924847,2020,160924847,1,1,0,18,19,3,7,0,0,0,0,0,0,0,2,1,6,6,1,80,11,-1,-1,-1,-1,9,E01012920,0,-1
2020140960943,2020,140960943,2,9,0,2,2,1,5,0,0,0,0,0,0,0,1,1,6,6,3,-1,-1,-1,-1,-1,-1,-1,-1,0,-1
2020010238546,2020,010238546,2,1,0,18,19,8,4,0,0,3,0,0,0,0,1,-1,4,7,1,15,3,-1,-1,-1,-1,4,E01002299,0,-1
2020010283094,2020,010283094,2,20,0,99,99,9,9,99,99,9,9,99,9,99,3,9,6,6,3,-1,-1,-1,-1,-1,-1,2,E01001246,0,-1
2020010276028,2020,010276028,1,9,9,99,99,9,9,99,99,0,9,99,9,99,9,1,6,6,3,-1,-1,-1,-1,-1,-1,-1,-1,0,-1