collision_index,collision_year,collision_ref_no,vehicle_reference,vehicle_type,towing_and_articulation,vehicle_manoeuvre_historic,vehicle_manoeuvre,vehicle_direction_from,vehicle_direction_to,vehicle_location_restricted_lane_historic,vehicle_location_restricted_lane,junction_location,skidding_and_overturning,hit_object_in_carriageway,vehicle_leaving_carriageway,hit_object_off_carriageway,first_point_of_impact,vehicle_left_hand_drive,journey_purpose_of_driver_historic,journey_purpose_of_driver,sex_of_driver,age_of_driver,age_band_of_driver,engine_capacity_cc,propulsion_code,age_of_vehicle,generic_make_model,driver_imd_decile,lsoa_of_driver,escooter_flag,driver_distance_banding
2020230975894,2020,230975894,2,9,0,18,19,3,7,0,0,0,0,0,0,0,1,1,5,6,2,35,6,-1,-1,-1,-1,-1,-1,0,-1
2020460951962,2020,460951962,2,1,0,18,19,5,1,0,0,1,5,0,0,0,1,1,6,6,1,44,7,-1,-1,-1,-1,4,E01001582,0,-1
2020220967879,2020,220967879,2,9,0,17,19,5,2,0,0,0,0,10,0,0,1,1,2,2,1,26,6,-1,-1,-1,-1,1,E01010464,0,-1
2020530947740,2020,530947740,1,9,0,11,11,1,5,0,0,1,5,0,3,10,1,1,1,1,1,28,6,-1,-1,-1,-1,6,E01022264,0,-1
2020302000657,2020,302000657,2,1,0,18,19,2,6,0,0,1,0,0,0,0,1,1,6,6,2,56,9,-1,-1,-1,-1,6,E01029516,0,-1
2020401001137,2020,401001137,1,9,0,18,19,3,7,0,0,0,0,0,0,0,3,1,6,6,3,-1,-1,-1,-1,-1,-1,-1,-1,0,-1
2020141001249,2020,141001249,2,1,0,18,19,1,5,0,0,1,0,0,0,0,1,1,2,2,2,30,6,-1,-1,-1,-1,1,E01007945,0,-1
2020010250567,2020,010250567,2,1,0,18,19,3,7,0,0,0,0,0,0,0,4,1,6,6,1,21,5,-1,-1,-1,-1,2,E01001893,0,-1
2020530966156,2020,530966156,2,1,0,7,7,5,1,0,0,8,0,0,0,0,1,1,2,2,1,28,6,-1,-1,-1,-1,7,E01022388,0,-1
2020440167504,2020,440167504,1,1,0,18,19,7,3,0,0,8,0,0,0,0,1,1,6,6,1,73,10,-1,-1,-1,-1,7,E01032846,0,-1
202063A035120,2020,63A035120,2,1,0,18,19,8,4,0,0,6,0,0,0,0,1,1,6,6,1,52,8,-1,-1,-1,-1,6,W01000716,0,-1
2020041000428,2020,041000428,1,1,0,18,19,3,7,0,0,8,0,0,0,0,1,1,5,6,1,49,8,-1,-1,-1,-1,-1,-1,0,-1
2020041011041,2020,041011041,1,98,0,18,19,6,2,0,0,3,0,0,0,0,1,1,6,6,3,-1,-1,-1,-1,-1,-1,-1,-1,0,-1
2020440290819,2020,440290819,2,9,0,18,19,5,1,0,0,8,0,0,1,3,3,1,6,6,2,57,9,-1,-1,-1,-1,8,E01022558,0,-1
2020460999862,2020,460999862,2,9,0,18,19,3,7,0,0,0,0,0,0,0,2,1,5,6,1,23,5,-1,-1,-1,-1,3,E01016044,0,-1
2020010244813,2020,010244813,2,9,0,2,2,0,0,0,0,1,0,0,0,0,2,1,6,6,3,-1,-1,-1,-1,-1,-1,-1,-1,0,-1
202006F171288,2020,06F171288,1,1,0,7,7,2,7,0,0,0,0,0,0,0,3,1,6,6,1,13,3,-1,-1,-1,-1,1,E01005709,0,-1
2020440459299,2020,440459299,1,1,0,18,19,6,2,0,0,1,0,0,0,0,0,1,6,6,1,55,8,-1,-1,-1,-1,2,E01017108,0,-1
2020370936989,2020,370936989,2,9,0,2,2,0,0,9,9,1,0,0,1,0,1,1,6,6,3,-1,-1,-1,-1,-1,-1,-1,-1,0,-1
2020201019342,2020,201019342,2,9,0,7,7,6,8,0,0,6,0,0,0,0,3,1,6,6,2,29,6,-1,-1,-1,-1,1,E01010369,0,-1
2020010264131,2020,010264131,3,9,0,18,19,4,8,0,0,0,0,0,0,0,1,1,6,6,1,19,4,-1,-1,-1,-1,3,E01000464,0,-1
2020332000304,2020,332000304,2,3,0,13,13,1,5,0,0,8,0,0,0,0,1,1,6,6,1,34,6,-1,-1,-1,-1,4,E01032862,0,-1
2020470969552,2020,470969552,1,9,0,4,4,8,2,0,0,1,0,0,0,0,1,1,6,6,3,-1,-1,-1,-1,-1,-1,-1,-1,0,-1
2020350987432,2020,350987432,2,1,0,18,19,7,3,0,0,8,0,0,0,0,2,1,6,6,1,64,9,-1,-1,-1,-1,7,E01017963,0,-1
2020332000336,2020,332000336,3,9,0,4,4,6,2,0,0,0,0,0,0,0,1,1,6,6,1,35,6,-1,-1,-1,-1,4,E01013616,0,-1
2020320527122,2020,320527122,1,9,0,18,19,2,6,0,0,1,0,0,0,0,1,1,6,6,1,40,7,-1,-1,-1,-1,-1,-1,0,-1
20201375U0696,2020,1375U0696,2,1,0,18,19,7,3,0,0,0,0,0,0,0,3,1,6,6,2,59,9,-1,-1,-1,-1,9,E01011568,0,-1
2020010283348,2020,010283348,2,-1,0,18,19,5,1,0,0,0,0,0,0,0,4,1,6,6,1,21,5,-1,-1,-1,-1,-1,-1,1,-1
2020200998553,2020,200998553,1,98,0,5,5,2,6,0,0,1,0,0,0,0,1,1,6,6,1,-1,-1,-1,-1,-1,-1,-1,-1,0,-1
2020201020309,2020,201020309,1,9,0,18,19,2,6,0,0,2,0,0,0,0,1,1,6,6,3,-1,-1,-1,-1,-1,-1,-1,-1,0,-1
2020361013953,2020,361013953,1,9,0,18,19,6,8,0,0,0,0,0,0,0,3,1,6,6,3,-1,-1,-1,-1,-1,-1,-1,-1,0,-1
2020430149855,2020,430149855,2,9,0,7,7,6,1,0,0,1,0,0,0,0,2,1,6,6,2,53,8,-1,-1,-1,-1,-1,-1,0,-1
2020010278396,2020,010278396,2,1,0,18,19,5,1,0,0,8,0,0,0,0,4,1,2,2,2,41,7,-1,-1,-1,-1,6,E01004474,0,-1
2020330000935,2020,330000935,1,9,0,18,19,5,1,0,0,0,0,0,0,0,1,1,6,6,2,49,8,-1,-1,-1,-1,6,E01025762,0,-1
2020450941768,2020,450941768,2,1,0,17,19,3,1,0,0,1,2,0,0,0,1,1,5,6,1,45,7,-1,-1,-1,-1,9,E01030510,0,-1
2020010245402,2020,010245402,1,1,0,18,19,7,3,9,9,0,0,11,0,0,1,1,6,6,1,22,5,-1,-1,-1,-1,3,E01001446,0,-1
2020430156893,2020,430156893,1,1,0,5,5,1,5,0,0,6,0,0,0,0,1,1,6,6,1,30,6,-1,-1,-1,-1,5,E01028787,0,-1
2020990990750,2020,990990750,3,9,0,2,2,0,0,0,0,2,0,0,0,0,3,1,6,6,3,-1,-1,-1,-1,-1,-1,-1,-1,0,-1
2020522001962,2020,522001962,1,9,0,18,19,3,7,0,0,0,1,0,5,6,1,1,6,6,1,51,8,-1,-1,-1,-1,9,E01014616,0,-1
2020440022473,2020,440022473,1,19,0,18,19,1,5,0,0,0,1,0,1,0,1,1,2,2,2,26,6,-1,-1,-1,-1,9,E01033156,0,-1
2020370944279,2020,370944279,2,9,0,18,19,5,1,0,0,0,0,0,0,0,1,1,1,1,1,50,8,-1,-1,-1,-1,2,E01026476,0,-1
202060Y117409,2020,60Y117409,1,5,0,16,19,6,2,0,0,0,0,0,1,4,1,1,6,6,1,28,6,-1,-1,-1,-1,-1,-1,0,-1
2020530986093,2020,530986093,1,9,0,18,19,3,1,0,0,0,0,0,0,0,1,1,6,6,3,-1,-1,-1,-1,-1,-1,-1,-1,0,-1
202063D072420,2020,63D072420,1,9,0,7,7,6,8,0,0,5,0,0,0,0,1,1,6,6,3,-1,-1,-1,-1,-1,-1,-1,-1,0,-1
2020370945013,2020,370945013,1,9,0,5,5,-1,-1,0,0,0,0,0,0,0,4,1,3,7,2,46,8,-1,-1,-1,-1,5,E01030272,0,-1
2020220919988,2020,220919988,2,9,0,18,19,7,3,0,0,0,0,0,0,0,1,1,5,6,1,65,9,-1,-1,-1,-1,5,E01014096,0,-1
2020100953101,2020,100953101,1,1,0,18,19,1,5,5,5,0,2,0,0,0,1,1,5,6,1,61,9,-1,-1,-1,-1,8,E01008647,0,-1
2020411013110,2020,411013110,2,19,0,2,2,5,1,0,0,0,0,0,1,0,3,1,6,6,3,-1,-1,-1,-1,-1,-1,-1,-1,0,-1
2020010280094,2020,010280094,2,90,9,99,99,9,9,99,99,0,9,99,9,99,9,1,6,6,3,-1,-1,-1,-1,-1,-1,-1,-1,0,-1
2020010265721,2020,010265721,2,1,0,14,14,5,1,4,4,1,0,0,0,0,1,1,6,6,2,55,8,-1,-1,-1,-1,8,E01002900,0,-1
2020010273498,2020,010273498,1,1,9,99,99,9,9,99,99,9,9,99,9,99,9,1,2,2,3,29,6,-1,-1,-1,-1,3,E01001749,0,-1
2020990973195,2020,990973195,2,9,0,2,2,0,0,0,0,0,0,0,1,11,2,1,6,6,3,-1,-1,-1,-1,-1,-1,-1,-1,0,-1
202031B140320,2020,31B140320,1,9,0,7,7,1,3,0,0,5,1,10,7,0,1,1,6,6,2,36,7,-1,-1,-1,-1,3,E01011783,0,-1
2020410991191,2020,410991191,1,9,0,18,19,-1,-1,0,0,0,0,0,0,0,4,1,6,6,3,-1,-1,-1,-1,-1,-1,-1,-1,0,-1
20201372H0369,2020,1372H0369,2,9,0,18,19,1,5,0,0,0,0,0,0,0,1,1,6,6,1,44,7,-1,-1,-1,-1,6,E01010922,0,-1
2020411014462,2020,411014462,2,1,0,17,19,3,1,0,0,3,0,0,0,0,1,1,5,6,1,66,10,-1,-1,-1,-1,9,E01023438,0,-1
202031D097820,2020,31D097820,2,1,0,18,19,4,8,0,0,0,0,0,0,0,3,1,6,6,1,8,2,-1,-1,-1,-1,1,E01013851,0,-1
2020010260098,2020,010260098,2,1,0,5,5,8,4,0,0,1,0,0,0,0,2,1,2,2,1,29,6,-1,-1,-1,-1,5,E01003284,0,-1
2020010267329,2020,010267329,2,1,0,18,19,4,8,0,0,0,0,0,0,0,0,1,6,6,1,47,8,-1,-1,-1,-1,10,E01030360,0,-1
2020040995949,2020,040995949,2,9,0,18,19,3,7,0,0,1,0,0,0,0,0,1,6,6,3,-1,-1,-1,-1,-1,-1,-1,-1,0,-1
2020432003671,2020,432003671,1,9,0,18,19,2,6,0,0,1,2,0,1,0,1,1,6,6,2,18,4,-1,-1,-1,-1,9,E01017417,0,-1
202006Q271343,2020,06Q271343,2,1,0,17,19,5,2,0,0,8,0,0,0,0,4,1,6,6,2,40,7,-1,-1,-1,-1,6,E01005159,0,-1
2020430343611,2020,430343611,1,9,0,9,9,1,7,0,0,4,0,0,0,0,4,1,1,1,1,50,8,-1,-1,-1,-1,6,E01016473,0,-1
2020010274399,2020,010274399,1,9,0,4,4,5,1,0,0,0,0,0,0,0,2,1,2,2,1,60,9,-1,-1,-1,-1,6,E01033738,0,-1
2020332000544,2020,332000544,1,9,0,7,7,6,2,0,0,5,0,0,0,0,4,1,2,2,2,25,5,-1,-1,-1,-1,10,E01025676,0,-1
20201376A0237,2020,1376A0237,2,1,0,18,19,7,3,0,0,8,0,0,0,0,4,1,6,6,1,53,8,-1,-1,-1,-1,9,E01011117,0,-1
2020010259882,2020,010259882,1,19,0,7,7,1,3,0,0,3,0,0,0,0,1,1,6,6,1,24,5,-1,-1,-1,-1,6,E01004637,0,-1
2020400983753,2020,400983753,2,9,0,4,4,3,7,0,0,0,0,0,0,0,1,1,6,6,2,45,7,-1,-1,-1,-1,-1,-1,0,-1
2020010230458,2020,010230458,3,9,9,18,19,5,1,0,0,2,9,0,0,0,9,9,-1,-1,3,-1,-1,-1,-1,-1,-1,-1,-1,0,-1
2020010268479,2020,010268479,1,1,0,18,19,1,5,0,0,0,0,0,0,0,0,1,2,2,1,47,8,-1,-1,-1,-1,3,E01003101,0,-1
202006L171546,2020,06L171546,2,9,0,3,3,2,6,0,0,0,0,0,0,0,2,1,6,6,2,56,9,-1,-1,-1,-1,5,E01006391,0,-1
2020010236246,2020,010236246,1,1,9,99,99,9,9,99,99,0,9,99,9,99,2,1,2,2,1,36,7,-1,-1,-1,-1,4,E01003278,0,-1
20201378R0562,2020,1378R0562,2,1,0,18,19,4,8,0,0,1,0,0,0,0,3,1,6,6,1,36,7,-1,-1,-1,-1,1,E01011360,0,-1
2020010231136,2020,010231136,2,9,0,99,99,9,9,99,99,9,9,99,9,99,1,9,6,6,3,-1,-1,-1,-1,-1,-1,-1,-1,0,-1
2020052000938,2020,052000938,1,19,0,18,19,1,5,0,0,0,0,0,0,0,1,1,6,6,3,-1,-1,-1,-1,-1,-1,-1,-1,0,-1
2020990984645,2020,990984645,2,1,0,18,19,6,2,0,0,0,0,0,4,0,2,1,5,6,1,17,4,-1,-1,-1,-1,8,-1,0,-1
2020010244184,2020,010244184,1,97,0,18,19,1,5,0,0,1,0,0,0,0,9,1,6,6,1,-1,-1,-1,-1,-1,-1,2,E01032787,0,-1
2020140916900,2020,140916900,2,9,0,9,9,6,4,0,0,6,0,0,0,0,1,1,6,6,2,-1,-1,-1,-1,-1,-1,-1,-1,0,-1
2020010247040,2020,010247040,2,1,0,99,99,9,9,99,99,9,9,99,9,99,9,-1,6,6,1,-1,-1,-1,-1,-1,-1,-1,-1,0,-1
2020411022500,2020,411022500,2,1,0,18,19,1,7,0,0,3,0,0,0,0,3,1,6,6,1,69,10,-1,-1,-1,-1,7,E01023832,0,-1
2020332000979,2020,332000979,2,9,0,18,19,4,8,0,0,0,0,0,0,0,4,1,2,2,1,57,9,-1,-1,-1,-1,5,E01013612,0,-1
2020122100077,2020,122100077,1,9,0,18,19,1,5,0,0,3,0,0,0,0,2,1,6,6,2,50,8,-1,-1,-1,-1,10,E01027903,0,-1
2020010275822,2020,010275822,2,9,0,99,99,9,9,99,99,1,9,99,9,99,1,9,6,6,3,-1,-1,-1,-1,-1,-1,-1,-1,0,-1
2020430031875,2020,430031875,2,5,0,18,19,2,6,0,0,0,1,0,0,0,0,1,6,6,1,25,5,-1,-1,-1,-1,4,E01028587,0,-1
2020500957554,2020,500957554,1,9,0,18,19,6,2,0,0,0,0,0,0,0,1,1,6,6,3,-1,-1,-1,-1,-1,-1,-1,-1,0,-1
2020460977637,2020,460977637,2,9,0,2,2,0,0,0,0,0,0,0,0,0,1,1,6,6,3,-1,-1,-1,-1,-1,-1,-1,-1,0,-1
2020200981760,2020,200981760,1,9,0,5,5,7,5,0,0,6,0,0,0,0,1,1,6,6,1,-1,-1,-1,-1,-1,-1,-1,-1,0,-1
2020111006541,2020,111006541,2,9,0,2,2,1,1,9,9,0,0,0,0,0,1,1,6,6,3,-1,-1,-1,-1,-1,-1,-1,-1,0,-1
2020400961405,2020,400961405,1,9,0,5,5,8,4,0,0,0,0,0,0,0,1,1,5,6,1,29,6,-1,-1,-1,-1,1,E01015795,0,-1
202063D069520,2020,63D069520,1,9,0,16,19,2,5,0,0,0,5,0,2,10,1,1,6,6,1,17,4,-1,-1,-1,-1,8,W01000429,0,-1
2020201003576,2020,201003576,1,9,0,18,19,7,3,0,0,0,1,0,0,0,1,1,6,6,3,-1,-1,-1,-1,-1,-1,-1,-1,0,-1
2020430037840,2020,430037840,2,9,0,18,19,3,7,0,0,8,0,0,0,0,4,1,1,1,1,40,7,-1,-1,-1,-1,5,E01032305,0,-1
2020360948376,2020,360948376,1,9,0,18,19,-1,-1,0,0,0,0,0,0,0,1,1,6,6,3,-1,-1,-1,-1,-1,-1,-1,-1,0,-1
2020010261961,2020,010261961,1,1,9,99,99,9,9,99,99,9,9,99,9,99,9,1,6,6,2,29,6,-1,-1,-1,-1,3,E01003296,0,-1
2020010252341,2020,010252341,2,1,0,17,19,5,4,0,0,2,0,0,0,0,1,1,6,6,1,29,6,-1,-1,-1,-1,9,E01001305,0,-1
2020332000640,2020,332000640,1,9,0,18,19,1,5,0,0,0,0,0,0,0,1,1,6,6,1,42,7,-1,-1,-1,-1,7,E01013975,0,-1
2020471011169,2020,471011169,2,9,0,2,2,0,0,0,0,0,0,0,0,0,3,1,6,6,3,-1,-1,-1,-1,-1,-1,-1,-1,0,-1
2020360917779,2020,360917779,1,9,0,9,9,8,5,9,9,0,0,10,7,11,1,1,5,6,2,77,11,-1,-1,-1,-1,8,E01026473,0,-1
2020052001035,2020,052001035,1,9,0,18,19,3,7,0,0,0,0,0,0,0,1,1,6,6,3,-1,-1,-1,-1,-1,-1,-1,-1,0,-1
202060Y110001,2020,60Y110001,1,98,0,18,19,2,6,0,0,1,1,0,0,0,1,1,6,6,1,-1,-1,-1,-1,-1,-1,-1,-1,0,-1
2020140993294,2020,140993294,2,9,0,18,19,1,5,0,0,0,0,0,0,0,1,1,6,6,3,-1,-1,-1,-1,-1,-1,-1,-1,0,-1
2020010268568,2020,010268568,1,1,9,99,99,9,9,99,99,9,9,99,9,99,9,1,2,2,2,25,5,-1,-1,-1,-1,9,E01002988,0,-1
2020010269350,2020,010269350,2,1,0,18,19,1,5,0,0,0,0,0,0,0,4,1,1,1,1,39,7,-1,-1,-1,-1,7,E01003170,0,-1
2020350950952,2020,350950952,2,1,0,18,19,5,1,0,0,3,0,0,0,0,2,1,6,6,2,25,5,-1,-1,-1,-1,8,E01018000,0,-1
2020470952727,2020,470952727,2,1,0,18,19,8,4,0,0,4,0,0,0,0,1,1,6,6,1,38,7,-1,-1,-1,-1,3,E01031811,0,-1
2020010250080,2020,010250080,2,11,0,4,4,5,1,0,0,1,0,0,0,0,0,1,1,1,1,44,7,-1,-1,-1,-1,1,E01002099,0,-1
2020430065412,2020,430065412,1,9,0,18,19,5,1,0,0,1,0,0,0,0,1,1,6,6,1,30,6,-1,-1,-1,-1,8,E01017818,0,-1
2020010275353,2020,010275353,2,90,9,99,99,9,9,99,99,9,9,99,9,99,9,9,6,6,3,-1,-1,-1,-1,-1,-1,-1,-1,0,-1
2020052000330,2020,052000330,1,19,0,18,19,6,2,0,0,7,0,0,0,0,1,1,1,1,3,-1,-1,-1,-1,-1,-1,-1,-1,0,-1
2020451000010,2020,451000010,1,1,0,18,19,3,7,0,0,1,0,0,0,0,1,1,5,6,2,22,5,-1,-1,-1,-1,10,E01030596,0,-1
202054C780720,2020,54C780720,2,1,0,18,19,8,4,0,0,8,0,0,0,0,4,1,6,6,1,13,3,-1,-1,-1,-1,2,E01015573,0,-1
2020010270449,2020,010270449,2,4,0,4,4,5,1,0,0,1,2,0,0,0,0,1,2,2,1,32,6,-1,-1,-1,-1,-1,-1,0,-1
2020470990021,2020,470990021,2,1,0,18,19,6,3,0,0,8,0,0,0,0,1,1,6,6,1,23,5,-1,-1,-1,-1,5,E01031574,0,-1
202060Y132026,2020,60Y132026,1,9,0,18,19,8,4,0,0,0,0,0,0,0,1,1,6,6,1,20,4,-1,-1,-1,-1,-1,-1,0,-1
2020040933866,2020,040933866,1,98,0,5,5,1,5,0,0,1,0,0,0,0,2,1,6,6,3,-1,-1,-1,-1,-1,-1,-1,-1,0,-1
2020010248709,2020,010248709,1,1,9,18,19,8,4,0,0,1,5,0,0,99,1,1,6,6,1,50,8,-1,-1,-1,-1,5,E01000277,0,-1
2020052001015,2020,052001015,2,9,0,18,19,1,5,0,0,0,0,0,7,2,1,1,6,6,1,43,7,-1,-1,-1,-1,3,E01007178,0,-1
202006K270356,2020,06K270356,2,1,0,18,19,7,3,0,0,0,0,0,0,0,3,1,6,6,1,10,2,-1,-1,-1,-1,1,E01004801,0,-1
2020201010731,2020,201010731,1,9,0,18,19,1,5,0,0,8,0,0,0,0,1,1,6,6,2,-1,-1,-1,-1,-1,-1,-1,-1,0,-1
2020010260497,2020,010260497,2,1,0,5,5,1,5,0,0,8,0,0,0,0,3,1,6,6,2,31,6,-1,-1,-1,-1,1,E01004273,0,-1
202006F269451,2020,06F269451,2,1,0,18,19,4,8,0,0,8,0,0,0,0,1,1,6,6,1,12,3,-1,-1,-1,-1,3,E01032919,0,-1
2020440192704,2020,440192704,1,1,0,18,19,5,1,0,0,8,0,0,0,0,4,1,6,6,2,46,8,-1,-1,-1,-1,9,E01032753,0,-1
2020332000730,2020,332000730,1,9,0,9,9,3,1,0,0,4,0,7,7,7,1,1,6,6,1,33,6,-1,-1,-1,-1,2,E01013655,0,-1
2020010279589,2020,010279589,1,1,0,99,99,9,9,0,0,8,0,0,0,0,9,1,6,6,1,46,8,-1,-1,-1,-1,-1,-1,0,-1
202031A115720,2020,31A115720,2,1,0,18,19,4,8,0,0,0,0,0,0,0,2,1,6,6,1,-1,-1,-1,-1,-1,-1,-1,-1,0,-1
2020430126554,2020,430126554,2,9,0,1,1,4,8,0,0,1,0,0,0,0,2,1,6,6,1,-1,-1,-1,-1,-1,-1,-1,-1,0,-1
2020010267618,2020,010267618,1,1,0,18,19,4,8,0,0,1,0,0,0,0,1,1,6,6,1,39,7,-1,-1,-1,-1,3,E01001673,0,-1
2020400983558,2020,400983558,2,9,0,2,2,6,2,0,0,0,0,4,0,0,2,1,1,1,1,41,7,-1,-1,-1,-1,3,E01015715,0,-1
2020430062976,2020,430062976,2,1,0,18,19,2,6,0,0,2,0,0,0,0,1,1,6,6,1,58,9,-1,-1,-1,-1,3,E01016377,0,-1
2020010265667,2020,010265667,1,11,9,99,99,9,9,99,99,9,9,99,9,99,9,1,6,6,3,-1,-1,-1,-1,-1,-1,-1,-1,0,-1
2020470987817,2020,470987817,1,9,0,9,9,3,8,0,0,5,0,0,0,0,4,1,6,6,1,-1,-1,-1,-1,-1,-1,-1,-1,0,-1
2020010253754,2020,010253754,2,1,0,18,19,5,1,0,0,8,0,0,0,0,1,1,6,6,1,15,3,-1,-1,-1,-1,9,E01000894,0,-1
2020010261087,2020,010261087,2,22,0,18,19,8,4,0,0,1,0,0,0,0,3,1,6,6,2,55,8,-1,-1,-1,-1,6,E01003223,0,-1
202006M174043,2020,06M174043,2,1,0,18,19,2,6,4,4,0,0,0,0,0,3,1,6,6,1,60,9,-1,-1,-1,-1,9,E01012503,0,-1
2020070069559,2020,070069559,1,4,0,7,7,5,7,0,0,2,1,0,0,0,1,1,6,6,3,-1,-1,-1,-1,-1,-1,-1,-1,0,-1
2020990970107,2020,990970107,2,9,0,7,7,7,1,0,0,8,0,0,0,0,0,1,1,1,2,51,8,-1,-1,-1,-1,8,-1,0,-1
202031C103820,2020,31C103820,1,1,0,18,19,7,3,0,0,1,0,0,0,0,1,1,2,2,1,64,9,-1,-1,-1,-1,10,E01028403,0,-1
2020546809620,2020,546809620,1,1,0,2,2,2,6,0,0,0,0,0,0,0,1,1,6,6,1,15,3,-1,-1,-1,-1,6,E01031846,0,-1
2020160965961,2020,160965961,4,9,0,2,2,0,0,0,0,0,1,10,0,0,3,1,6,6,3,-1,-1,-1,-1,-1,-1,-1,-1,0,-1
2020160993995,2020,160993995,2,1,0,14,14,4,8,0,0,1,0,4,0,0,4,1,6,6,1,43,7,-1,-1,-1,-1,1,E01012873,0,-1
202006E273152,2020,06E273152,1,9,0,18,19,7,3,0,0,4,0,0,0,0,1,1,6,6,3,-1,-1,-1,-1,-1,-1,-1,-1,0,-1
2020350951460,2020,350951460,2,98,0,9,9,6,4,0,0,0,0,0,0,0,3,1,1,1,1,25,5,-1,-1,-1,-1,1,E01015602,0,-1
2020030940853,2020,030940853,3,1,0,18,19,3,7,0,0,0,0,0,0,0,1,1,2,2,1,52,8,-1,-1,-1,-1,2,E01019159,0,-1
2020460971144,2020,460971144,1,9,0,16,19,3,1,0,0,1,1,0,0,0,1,1,6,6,3,-1,-1,-1,-1,-1,-1,-1,-1,0,-1
2020010240049,2020,010240049,2,3,0,18,19,4,8,0,0,8,2,0,0,0,1,1,6,6,2,22,5,-1,-1,-1,-1,5,E01003414,0,-1
2020430367030,2020,430367030,2,98,0,18,19,2,6,0,0,1,0,0,0,0,4,1,6,6,3,-1,-1,-1,-1,-1,-1,-1,-1,0,-1
2020110990646,2020,110990646,1,19,0,18,19,1,5,0,0,0,0,0,0,0,1,1,3,7,1,63,9,-1,-1,-1,-1,3,E01020768,0,-1
202031B152720,2020,31B152720,1,19,0,14,14,1,5,0,0,1,0,0,0,0,0,1,6,6,1,-1,-1,-1,-1,-1,-1,-1,-1,0,-1
2020420946041,2020,420946041,2,1,0,18,19,5,1,0,0,8,0,0,0,0,2,1,5,6,1,36,7,-1,-1,-1,-1,5,E01015926,0,-1
202031C071620,2020,31C071620,3,1,0,18,19,5,1,4,4,0,0,4,0,0,1,1,6,6,1,73,10,-1,-1,-1,-1,1,E01013864,0,-1
2020010235216,2020,010235216,2,3,0,15,15,7,3,0,0,0,0,0,0,0,4,1,2,2,1,16,4,-1,-1,-1,-1,6,E01000691,0,-1
2020010233779,2020,010233779,1,9,0,2,2,0,0,0,0,1,0,8,0,0,4,1,6,6,1,-1,-1,-1,-1,-1,-1,-1,-1,0,-1
202060Y012195,2020,60Y012195,1,9,0,18,19,1,5,0,0,1,0,0,0,0,1,1,6,6,1,20,4,-1,-1,-1,-1,-1,-1,0,-1
2020010229646,2020,010229646,1,1,9,99,99,9,9,99,99,0,9,99,9,99,0,1,6,6,1,45,7,-1,-1,-1,-1,4,E01002621,0,-1
2020140936808,2020,140936808,2,9,0,2,2,0,0,0,0,1,0,0,0,0,2,1,6,6,3,-1,-1,-1,-1,-1,-1,-1,-1,0,-1
2020040957762,2020,040957762,1,9,0,5,5,8,4,0,0,0,0,0,0,0,1,1,6,6,3,-1,-1,-1,-1,-1,-1,-1,-1,0,-1
20201378C0893,2020,1378C0893,2,9,0,13,13,2,6,0,0,0,0,0,0,0,4,1,6,6,3,-1,-1,-1,-1,-1,-1,-1,-1,0,-1
202006P276212,2020,06P276212,2,9,0,18,19,8,4,0,0,1,0,0,0,0,1,1,6,6,3,-1,-1,-1,-1,-1,-1,-1,-1,0,-1
2020010265875,2020,010265875,1,9,0,18,19,1,5,0,0,8,0,0,0,0,1,1,6,6,3,-1,-1,-1,-1,-1,-1,-1,-1,0,-1
2020520100345,2020,520100345,1,9,0,9,9,2,8,0,0,8,0,0,0,0,4,1,6,6,1,35,6,-1,-1,-1,-1,9,E01029184,0,-1
2020010267494,2020,010267494,1,1,9,99,99,9,9,99,99,9,9,99,9,99,1,1,2,2,1,33,6,-1,-1,-1,-1,3,E01002727,0,-1
2020140990375,2020,140990375,2,90,0,18,19,5,1,0,0,1,0,0,0,0,3,1,6,6,1,45,7,-1,-1,-1,-1,1,E01008114,0,-1
2020332000707,2020,332000707,1,9,0,9,9,5,3,0,0,6,0,0,0,0,4,1,6,6,1,51,8,-1,-1,-1,-1,5,E01013612,0,-1
2020010232792,2020,010232792,1,1,9,99,99,9,9,99,99,1,9,99,9,99,9,1,6,6,1,28,6,-1,-1,-1,-1,4,E01003704,0,-1
2020137B30856,2020,137B30856,1,11,0,4,4,7,3,0,0,0,0,0,0,0,0,1,1,1,1,-1,-1,-1,-1,-1,-1,-1,-1,0,-1
2020230966698,2020,230966698,2,9,0,2,2,0,0,0,0,0,0,0,0,0,3,1,6,6,3,-1,-1,-1,-1,-1,-1,-1,-1,0,-1
2020010266574,2020,010266574,2,3,0,18,19,2,6,0,0,2,0,0,0,0,0,1,6,6,1,-1,-1,-1,-1,-1,-1,-1,-1,0,-1
2020320525062,2020,320525062,2,1,0,18,19,1,5,0,0,2,0,0,0,0,1,1,4,7,1,11,3,-1,-1,-1,-1,7,E01026039,0,-1
2020500981638,2020,500981638,2,1,0,18,19,3,7,0,0,1,0,0,0,0,0,1,2,2,1,46,8,-1,-1,-1,-1,9,E01015105,0,-1
2020622000978,2020,622000978,1,9,0,9,9,8,6,0,0,5,0,0,0,0,4,1,1,1,1,38,7,-1,-1,-1,-1,3,W01001004,0,-1
2020010228617,2020,010228617,1,9,0,18,19,2,6,0,0,1,0,0,0,0,1,1,2,2,1,48,8,-1,-1,-1,-1,6,E01024729,0,-1
2020340S05422,2020,340S05422,1,19,0,18,19,1,5,0,0,1,0,0,0,0,1,1,1,1,1,55,8,-1,-1,-1,-1,2,E01027106,0,-1
20201371A0619,2020,1371A0619,1,9,0,18,19,1,5,0,0,0,0,0,0,0,4,1,6,6,2,70,10,-1,-1,-1,-1,-1,-1,0,-1
2020360961480,2020,360961480,1,9,0,18,19,1,5,0,0,0,0,0,0,0,1,1,6,6,3,-1,-1,-1,-1,-1,-1,-1,-1,0,-1
202063A062820,2020,63A062820,2,19,0,17,19,6,3,0,0,1,0,0,0,0,1,1,6,6,1,30,6,-1,-1,-1,-1,5,W01000662,0,-1
2020010267473,2020,010267473,2,1,9,99,99,9,9,99,99,9,9,99,9,0,9,1,6,6,1,28,6,-1,-1,-1,-1,3,E01004448,0,-1
2020430384003,2020,430384003,2,9,0,18,19,7,3,0,0,0,0,0,1,0,1,1,6,6,1,44,7,-1,-1,-1,-1,8,E01028704,0,-1
2020100965211,2020,100965211,1,1,0,5,5,6,8,9,9,0,5,0,0,0,1,1,5,6,1,8,2,-1,-1,-1,-1,3,E01008656,0,-1