collision_index,collision_year,collision_ref_no,vehicle_reference,vehicle_type,towing_and_articulation,vehicle_manoeuvre_historic,vehicle_manoeuvre,vehicle_direction_from,vehicle_direction_to,vehicle_location_restricted_lane_historic,vehicle_location_restricted_lane,junction_location,skidding_and_overturning,hit_object_in_carriageway,vehicle_leaving_carriageway,hit_object_off_carriageway,first_point_of_impact,vehicle_left_hand_drive,journey_purpose_of_driver_historic,journey_purpose_of_driver,sex_of_driver,age_of_driver,age_band_of_driver,engine_capacity_cc,propulsion_code,age_of_vehicle,generic_make_model,driver_imd_decile,lsoa_of_driver,escooter_flag,driver_distance_banding
2020010233671,2020,010233671,2,9,0,99,99,9,9,99,99,1,9,99,9,99,4,9,6,6,1,53,8,-1,-1,-1,-1,9,E01000713,0,-1
202063C057220,2020,63C057220,1,9,0,17,19,7,4,0,0,0,2,0,1,4,1,1,6,6,1,27,6,-1,-1,-1,-1,7,W01000583,0,-1
202060Y056868,2020,60Y056868,2,98,0,2,2,0,0,0,0,0,0,0,0,0,2,1,6,6,3,-1,-1,-1,-1,-1,-1,-1,-1,0,-1
202060Y018571,2020,60Y018571,1,9,0,16,19,3,7,0,0,0,1,11,0,0,1,1,2,2,1,30,6,-1,-1,-1,-1,-1,-1,0,-1
2020430356242,2020,430356242,2,1,0,18,19,7,3,0,0,0,0,0,0,0,2,1,2,2,1,52,8,-1,-1,-1,-1,10,E01016604,0,-1
2020010281435,2020,010281435,2,1,0,18,19,3,7,0,0,1,2,0,0,0,1,1,6,6,1,56,9,-1,-1,-1,-1,3,E01003068,0,-1
2020451010071,2020,451010071,1,9,0,18,19,7,3,0,0,0,0,0,0,0,0,1,6,6,3,40,7,-1,-1,-1,-1,-1,-1,0,-1
2020440286392,2020,440286392,1,1,0,18,19,6,2,0,0,0,0,0,1,0,0,1,6,6,1,42,7,-1,-1,-1,-1,10,E01022675,0,-1
2020430034757,2020,430034757,2,9,0,18,19,7,3,0,0,0,0,0,7,0,4,1,6,6,1,33,6,-1,-1,-1,-1,10,E01016534,0,-1
2020030971825,2020,030971825,1,1,0,18,19,7,3,0,0,0,0,0,7,9,1,1,6,6,1,74,10,-1,-1,-1,-1,4,E01026732,0,-1
2020010275874,2020,010275874,1,1,9,99,99,9,9,99,99,9,9,99,9,99,1,1,6,6,1,26,6,-1,-1,-1,-1,3,E01002803,0,-1
2020010278968,2020,010278968,1,1,9,99,99,9,9,99,99,8,9,99,9,99,1,1,6,6,1,26,6,-1,-1,-1,-1,2,E01003601,0,-1
2020371027719,2020,371027719,1,17,1,18,19,5,1,0,0,0,5,0,1,11,4,1,1,1,1,33,6,-1,-1,-1,-1,5,E01030138,0,-1
2020010271222,2020,010271222,2,1,0,18,19,5,1,0,0,2,0,0,0,0,2,1,6,6,2,63,9,-1,-1,-1,-1,7,E01004586,0,-1
2020010272707,2020,010272707,2,3,0,18,19,1,5,0,0,4,5,0,0,0,2,1,6,6,1,39,7,-1,-1,-1,-1,3,E01004367,0,-1
2020140925260,2020,140925260,3,9,0,2,2,0,0,0,0,0,0,4,0,0,2,1,6,6,3,-1,-1,-1,-1,-1,-1,-1,-1,0,-1
2020010259137,2020,010259137,2,1,9,4,4,9,9,0,0,0,5,0,0,99,2,1,6,6,2,-1,-1,-1,-1,-1,-1,-1,-1,0,-1
2020460969992,2020,460969992,1,1,0,18,19,1,5,0,0,0,0,0,0,0,1,1,6,6,1,11,3,-1,-1,-1,-1,4,E01016135,0,-1
2020010267885,2020,010267885,2,19,0,7,7,3,5,0,0,8,0,0,0,0,1,1,6,6,1,30,6,-1,-1,-1,-1,1,E01003087,0,-1
2020010232850,2020,010232850,2,1,0,18,19,6,2,0,0,1,0,0,0,0,3,-1,1,1,1,31,6,-1,-1,-1,-1,5,E01015393,0,-1
2020200988472,2020,200988472,2,1,0,18,19,-1,-1,0,0,0,0,0,0,0,4,1,6,6,2,22,5,-1,-1,-1,-1,-1,-1,0,-1
2020440088807,2020,440088807,2,1,0,18,19,7,3,0,0,8,0,0,0,0,3,1,4,7,1,11,3,-1,-1,-1,-1,3,E01022902,0,-1
2020401000861,2020,401000861,3,98,0,16,19,8,2,0,0,3,0,0,0,0,2,1,1,1,1,29,6,-1,-1,-1,-1,10,E01017890,0,-1
2020410931252,2020,410931252,1,9,0,9,9,6,8,0,0,3,0,0,1,0,3,1,6,6,3,-1,-1,-1,-1,-1,-1,-1,-1,0,-1
2020100929837,2020,100929837,2,22,0,18,19,1,5,0,0,0,5,0,0,0,4,1,5,6,1,87,11,-1,-1,-1,-1,2,E01033074,0,-1
2020010265937,2020,010265937,1,1,0,18,19,7,3,0,0,8,0,0,0,0,0,1,6,6,1,6,2,-1,-1,-1,-1,6,E01003434,0,-1
2020010248165,2020,010248165,2,1,0,15,15,1,5,0,0,2,0,0,0,0,0,1,6,6,1,52,8,-1,-1,-1,-1,8,E01000210,0,-1
2020622000501,2020,622000501,1,1,0,18,19,5,1,0,0,8,0,0,0,0,1,1,6,6,1,32,6,-1,-1,-1,-1,2,W01001705,0,-1
2020522004638,2020,522004638,2,-1,0,18,19,1,5,0,0,0,0,0,0,0,3,1,6,6,2,58,9,-1,-1,-1,-1,2,E01014630,1,-1
202054A268520,2020,54A268520,2,21,0,18,19,2,6,0,0,0,0,0,0,0,3,2,1,1,1,32,6,-1,-1,-1,-1,-1,-1,0,-1
2020201017113,2020,201017113,2,1,0,18,19,6,2,0,0,2,0,0,0,0,2,1,6,6,1,-1,-1,-1,-1,-1,-1,-1,-1,0,-1
2020201000887,2020,201000887,2,1,0,5,5,3,7,0,0,0,0,0,0,0,1,1,6,6,1,16,4,-1,-1,-1,-1,1,E01010236,0,-1
2020010256303,2020,010256303,1,1,9,99,99,9,9,99,99,9,9,99,9,99,9,-1,2,2,1,47,8,-1,-1,-1,-1,8,E01023297,0,-1
2020332000051,2020,332000051,2,9,0,18,19,2,6,0,0,6,0,0,0,0,1,1,6,6,1,28,6,-1,-1,-1,-1,-1,-1,0,-1
2020450998907,2020,450998907,1,1,0,5,5,3,7,0,0,0,0,0,0,0,1,1,5,6,1,4,1,-1,-1,-1,-1,7,E01030332,0,-1
2020211025324,2020,211025324,2,1,0,18,19,3,7,0,0,8,0,0,0,0,4,1,6,6,1,16,4,-1,-1,-1,-1,8,E01029775,0,-1
2020420957712,2020,420957712,1,9,0,18,19,3,7,0,0,0,0,0,0,0,1,1,1,1,1,40,7,-1,-1,-1,-1,3,E01021649,0,-1
2020010245704,2020,010245704,1,9,0,18,19,-1,-1,0,0,8,0,0,0,0,1,1,6,6,3,-1,-1,-1,-1,-1,-1,-1,-1,0,-1
2020622000822,2020,622000822,2,1,0,18,19,4,7,0,0,8,0,0,0,0,1,1,6,6,1,29,6,-1,-1,-1,-1,3,W01001830,0,-1
2020302000660,2020,302000660,2,1,0,18,19,8,4,0,0,1,0,0,1,0,0,1,6,6,2,28,6,-1,-1,-1,-1,6,E01019545,0,-1
2020030975137,2020,030975137,1,9,0,18,19,3,7,0,0,4,0,0,0,0,3,1,5,6,2,69,10,-1,-1,-1,-1,8,E01019086,0,-1
2020030954596,2020,030954596,4,9,0,2,2,0,0,0,0,0,0,0,0,0,1,1,6,6,1,62,9,-1,-1,-1,-1,1,E01019139,0,-1
2020622001050,2020,622001050,2,1,0,18,19,8,4,0,0,0,0,12,0,0,2,1,6,6,1,39,7,-1,-1,-1,-1,-1,-1,0,-1
2020052001598,2020,052001598,1,9,0,18,19,8,5,0,0,4,0,0,0,0,1,1,6,6,3,-1,-1,-1,-1,-1,-1,-1,-1,0,-1
2020010274823,2020,010274823,2,1,0,18,19,5,1,2,2,8,0,0,0,0,1,1,6,6,1,41,7,-1,-1,-1,-1,2,E01001833,0,-1
2020200934221,2020,200934221,2,9,0,18,19,6,2,0,0,8,0,0,0,0,1,1,6,6,1,-1,-1,-1,-1,-1,-1,-1,-1,0,-1
2020990998124,2020,990998124,2,20,0,18,19,3,7,0,0,1,0,0,0,0,0,1,1,1,2,24,5,-1,-1,-1,-1,2,-1,0,-1
2020010257951,2020,010257951,2,9,0,18,19,7,3,0,0,8,5,0,7,0,3,1,6,6,1,23,5,-1,-1,-1,-1,2,E01001367,0,-1
2020010254959,2020,010254959,1,1,0,4,4,1,5,0,0,1,0,0,0,0,1,1,6,6,2,32,6,-1,-1,-1,-1,4,E01004525,0,-1
202060Y027795,2020,60Y027795,1,9,0,18,19,3,7,0,0,0,0,0,0,0,1,1,6,6,1,41,7,-1,-1,-1,-1,-1,-1,0,-1
2020990935902,2020,990935902,2,1,0,18,19,4,8,0,0,8,0,0,0,0,3,1,2,2,1,25,5,-1,-1,-1,-1,7,-1,0,-1
2020040980109,2020,040980109,2,9,0,18,19,5,1,0,0,0,0,0,0,0,2,1,2,2,1,42,7,-1,-1,-1,-1,9,E01025497,0,-1
2020440477050,2020,440477050,2,1,0,18,19,8,4,0,0,0,0,0,0,0,3,1,6,6,2,29,6,-1,-1,-1,-1,10,E01022705,0,-1
2020990990689,2020,990990689,2,9,0,2,2,0,0,0,0,0,0,0,0,0,4,1,6,6,3,-1,-1,-1,-1,-1,-1,-1,-1,0,-1
2020470914681,2020,470914681,2,9,0,2,2,0,0,0,0,0,0,0,0,0,3,1,6,6,3,-1,-1,-1,-1,-1,-1,-1,-1,0,-1
202031A047220,2020,31A047220,1,9,0,18,19,1,5,0,0,1,0,0,0,0,1,1,6,6,3,-1,-1,-1,-1,-1,-1,-1,-1,0,-1
2020522002045,2020,522002045,2,9,0,4,4,5,1,0,0,1,0,0,0,0,2,1,6,6,2,-1,-1,-1,-1,-1,-1,-1,-1,0,-1
2020140957480,2020,140957480,2,1,0,18,19,7,3,0,0,0,0,0,0,0,1,1,5,6,1,34,6,-1,-1,-1,-1,6,E01032899,0,-1
2020122000209,2020,122000209,1,21,1,12,12,5,1,0,0,0,0,0,0,0,3,2,1,1,1,30,6,-1,-1,-1,-1,-1,-1,0,-1
2020010269991,2020,010269991,1,1,9,99,99,9,9,99,99,9,9,99,9,99,1,1,2,2,1,36,7,-1,-1,-1,-1,6,E01004529,0,-1
2020010239656,2020,010239656,2,1,0,18,19,1,5,0,0,1,0,0,0,0,4,-1,6,6,1,30,6,-1,-1,-1,-1,5,E01003083,0,-1
2020450988479,2020,450988479,2,9,0,2,2,0,0,0,0,0,0,0,0,0,2,1,6,6,3,-1,-1,-1,-1,-1,-1,-1,-1,0,-1
2020351003443,2020,351003443,2,1,-1,-1,-1,-1,-1,-1,-1,-1,-1,-1,-1,0,-1,1,6,6,1,-1,-1,-1,-1,-1,-1,-1,-1,0,-1
2020460943027,2020,460943027,1,21,0,10,10,4,8,0,0,0,0,0,0,0,3,1,1,1,1,28,6,-1,-1,-1,-1,-1,-1,0,-1
2020420978330,2020,420978330,2,9,0,18,19,3,7,0,0,1,2,0,0,0,4,1,6,6,2,39,7,-1,-1,-1,-1,9,E01021828,0,-1
2020332000829,2020,332000829,2,19,0,3,3,2,6,0,0,0,0,0,0,0,2,1,1,1,1,47,8,-1,-1,-1,-1,9,E01028241,0,-1
202060Y128718,2020,60Y128718,2,21,4,16,19,3,8,0,0,1,1,0,0,0,1,1,1,1,1,43,7,-1,-1,-1,-1,-1,-1,0,-1
2020430287872,2020,430287872,1,9,0,18,19,3,8,0,0,8,0,0,0,0,4,1,6,6,3,-1,-1,-1,-1,-1,-1,-1,-1,0,-1
2020332001107,2020,332001107,2,1,0,18,19,2,6,0,0,0,0,0,0,0,0,1,6,6,2,49,8,-1,-1,-1,-1,-1,-1,0,-1
2020010256763,2020,010256763,1,1,9,99,99,9,9,99,99,9,9,99,9,99,9,-1,6,6,1,29,6,-1,-1,-1,-1,2,E01004067,0,-1
2020450992582,2020,450992582,2,90,0,18,19,1,1,0,0,0,0,0,0,0,1,1,6,6,2,25,5,-1,-1,-1,-1,-1,-1,0,-1
2020010234098,2020,010234098,2,9,0,18,19,7,3,0,0,0,0,0,0,0,1,9,6,6,1,-1,-1,-1,-1,-1,-1,-1,-1,0,-1
2020440071301,2020,440071301,2,9,0,18,19,4,8,0,0,8,0,0,0,0,1,1,6,6,3,-1,-1,-1,-1,-1,-1,-1,-1,0,-1
2020450961620,2020,450961620,1,9,0,18,19,1,5,0,0,0,0,0,0,0,1,1,6,6,3,30,6,-1,-1,-1,-1,-1,-1,0,-1
2020100971834,2020,100971834,2,1,0,18,19,1,5,0,0,1,1,0,0,0,1,1,5,6,2,20,4,-1,-1,-1,-1,-1,-1,0,-1
2020140976079,2020,140976079,1,1,0,18,19,8,7,9,9,0,0,0,0,0,1,1,6,6,1,13,3,-1,-1,-1,-1,6,E01007706,0,-1
2020332000981,2020,332000981,2,98,0,18,19,3,7,0,0,8,0,0,0,0,4,1,1,1,1,41,7,-1,-1,-1,-1,4,E01025666,0,-1
2020110978405,2020,110978405,2,1,0,17,19,8,4,0,0,8,0,0,0,0,4,1,2,2,2,59,9,-1,-1,-1,-1,2,E01020797,0,-1
2020350980708,2020,350980708,1,98,0,9,9,7,4,0,0,8,0,0,0,0,1,1,6,6,3,23,5,-1,-1,-1,-1,2,E01015656,0,-1
2020200983360,2020,200983360,2,1,0,5,5,8,4,0,0,4,0,0,0,0,4,1,6,6,2,39,7,-1,-1,-1,-1,1,E01009378,0,-1
2020360952767,2020,360952767,1,9,0,4,4,3,7,0,0,0,0,0,0,0,1,1,1,1,1,29,6,-1,-1,-1,-1,2,E01033040,0,-1
2020470970994,2020,470970994,3,19,0,2,2,0,0,0,0,0,0,0,0,0,0,1,6,6,3,-1,-1,-1,-1,-1,-1,-1,-1,0,-1
2020220999098,2020,220999098,1,1,0,18,19,6,2,0,0,8,0,0,0,0,1,1,2,2,1,34,6,-1,-1,-1,-1,-1,-1,0,-1
2020420971090,2020,420971090,2,1,0,18,19,1,5,0,0,0,0,0,0,0,3,1,6,6,2,47,8,-1,-1,-1,-1,-1,-1,0,-1
2020430248530,2020,430248530,2,1,0,10,10,3,1,0,0,1,0,0,0,0,1,1,6,6,1,18,4,-1,-1,-1,-1,8,E01028531,0,-1
2020370962276,2020,370962276,1,1,0,18,19,7,3,0,0,0,0,8,0,0,1,1,6,6,1,28,6,-1,-1,-1,-1,5,E01029958,0,-1
2020200944980,2020,200944980,2,9,0,18,19,8,4,0,0,4,0,0,0,0,3,1,6,6,3,-1,-1,-1,-1,-1,-1,-1,-1,0,-1
2020010253372,2020,010253372,1,9,0,18,19,5,1,0,0,1,0,0,0,0,1,1,6,6,1,33,6,-1,-1,-1,-1,7,E01028509,0,-1
2020440022157,2020,440022157,1,3,0,18,19,1,5,0,0,0,1,0,0,0,3,1,6,6,1,17,4,-1,-1,-1,-1,3,E01017019,0,-1
2020410976491,2020,410976491,2,1,0,18,19,7,3,0,0,1,0,0,0,0,1,1,5,6,1,51,8,-1,-1,-1,-1,10,E01023551,0,-1
2020122001365,2020,122001365,1,9,0,11,11,1,5,0,0,0,0,7,0,0,1,1,6,6,2,32,6,-1,-1,-1,-1,-1,-1,0,-1
2020160925831,2020,160925831,2,9,0,5,5,5,1,0,0,1,0,0,0,0,2,1,6,6,3,-1,-1,-1,-1,-1,-1,-1,-1,0,-1
2020010246555,2020,010246555,1,1,9,99,99,9,9,99,99,9,9,99,9,99,9,1,6,6,1,64,9,-1,-1,-1,-1,-1,-1,0,-1
2020440457375,2020,440457375,2,19,0,18,19,5,1,0,0,0,0,0,0,0,1,1,6,6,3,-1,-1,-1,-1,-1,-1,-1,-1,0,-1
2020450968551,2020,450968551,1,22,0,18,19,1,3,9,9,1,0,0,0,0,1,1,6,6,1,93,11,-1,-1,-1,-1,-1,-1,0,-1
2020460991426,2020,460991426,2,1,0,18,19,3,7,0,0,1,0,0,0,0,1,1,6,6,1,19,4,-1,-1,-1,-1,3,E01024795,0,-1
2020440399472,2020,440399472,1,1,0,18,19,8,4,0,0,1,0,10,0,0,4,1,6,6,1,61,9,-1,-1,-1,-1,3,E01017239,0,-1
2020420977830,2020,420977830,2,1,0,18,19,1,5,0,0,0,0,0,0,0,1,1,5,6,1,70,10,-1,-1,-1,-1,2,E01015844,0,-1
202060Y132106,2020,60Y132106,2,9,0,5,5,6,2,0,0,0,0,0,0,0,1,1,6,6,2,33,6,-1,-1,-1,-1,-1,-1,0,-1
2020320004786,2020,320004786,1,9,0,4,4,5,1,0,0,1,0,0,0,0,1,1,6,6,1,79,11,-1,-1,-1,-1,6,E01026391,0,-1
2020201012669,2020,201012669,2,19,0,9,9,2,8,0,0,2,0,0,0,0,1,1,6,6,1,-1,-1,-1,-1,-1,-1,-1,-1,0,-1
202006L278262,2020,06L278262,1,9,0,14,14,8,4,0,0,1,0,0,0,0,1,1,6,6,3,-1,-1,-1,-1,-1,-1,-1,-1,0,-1
2020010248726,2020,010248726,2,1,9,99,99,9,9,99,99,9,9,99,9,99,1,1,6,6,1,-1,-1,-1,-1,-1,-1,3,E01004028,0,-1
2020052001432,2020,052001432,2,9,0,18,19,1,5,0,0,0,0,0,0,0,1,1,6,6,3,-1,-1,-1,-1,-1,-1,-1,-1,0,-1
2020010276018,2020,010276018,1,1,9,99,99,9,9,99,99,9,9,99,9,99,9,1,2,2,1,49,8,-1,-1,-1,-1,10,E01000325,0,-1
2020320583964,2020,320583964,1,8,0,18,19,5,1,0,0,0,0,0,0,0,1,1,6,6,3,40,7,-1,-1,-1,-1,-1,-1,0,-1
2020440270760,2020,440270760,2,97,0,14,14,1,5,0,0,8,0,0,0,0,1,1,6,6,1,26,6,-1,-1,-1,-1,8,E01023001,0,-1
202031A067520,2020,31A067520,1,1,0,18,19,4,1,0,0,0,0,0,0,0,3,1,6,6,1,44,7,-1,-1,-1,-1,6,E01028283,0,-1
2020470998627,2020,470998627,1,9,0,2,2,0,0,0,0,0,0,0,0,0,0,1,6,6,3,-1,-1,-1,-1,-1,-1,-1,-1,0,-1
2020052001872,2020,052001872,1,90,0,18,19,7,3,0,0,2,0,0,0,0,1,1,6,6,3,-1,-1,-1,-1,-1,-1,-1,-1,0,-1
2020010246989,2020,010246989,2,-1,0,17,19,7,3,0,0,1,0,0,0,0,1,1,6,6,1,50,8,-1,-1,-1,-1,-1,-1,1,-1
2020010268864,2020,010268864,3,1,0,18,19,3,7,0,0,1,0,4,0,0,1,1,6,6,1,26,6,-1,-1,-1,-1,5,E01003058,0,-1
2020140940780,2020,140940780,2,1,0,15,15,7,3,0,0,1,0,0,0,0,1,1,2,2,1,53,8,-1,-1,-1,-1,5,E01007909,0,-1
2020460925589,2020,460925589,1,21,1,18,19,5,2,0,0,0,0,0,0,0,1,1,1,1,1,45,7,-1,-1,-1,-1,-1,-1,0,-1
2020360955098,2020,360955098,1,9,0,-1,-1,-1,-1,-1,-1,0,-1,-1,-1,0,-1,1,6,6,3,-1,-1,-1,-1,-1,-1,-1,-1,0,-1
2020137BN0389,2020,137BN0389,1,1,0,18,19,3,7,0,0,8,0,0,0,0,3,1,6,6,1,14,3,-1,-1,-1,-1,1,E01011434,0,-1
2020430328365,2020,430328365,3,98,0,18,19,1,5,0,0,0,0,0,0,0,0,1,6,6,3,-1,-1,-1,-1,-1,-1,-1,-1,0,-1
2020160957600,2020,160957600,1,98,0,18,19,6,2,1,1,0,0,11,0,0,1,1,1,1,1,39,7,-1,-1,-1,-1,3,E01007357,0,-1
2020122000832,2020,122000832,1,1,0,9,9,1,5,0,0,6,0,0,0,0,1,1,6,6,1,72,10,-1,-1,-1,-1,10,E01013375,0,-1
2020141006306,2020,141006306,1,1,0,18,19,6,2,0,0,8,5,0,0,0,4,1,2,2,2,48,8,-1,-1,-1,-1,10,E01007952,0,-1
2020140959483,2020,140959483,2,1,0,18,19,1,5,0,0,1,0,0,0,0,1,1,5,6,1,50,8,-1,-1,-1,-1,-1,-1,0,-1
2020160933492,2020,160933492,2,1,0,18,19,5,1,0,0,1,0,0,0,0,2,1,6,6,1,15,3,-1,-1,-1,-1,-1,-1,0,-1
2020470965937,2020,470965937,3,16,0,18,19,7,3,0,0,0,0,0,0,0,0,1,5,6,2,30,6,-1,-1,-1,-1,10,E01031729,0,-1
2020010246613,2020,010246613,2,1,0,18,19,3,7,0,0,1,0,0,0,0,4,1,6,6,1,25,5,-1,-1,-1,-1,3,E01004630,0,-1
2020440095676,2020,440095676,2,1,0,18,19,6,2,0,0,8,0,0,0,0,1,1,6,6,1,51,8,-1,-1,-1,-1,-1,-1,0,-1
2020530978110,2020,530978110,2,1,0,18,19,6,2,0,0,3,0,0,0,0,3,1,5,6,1,34,6,-1,-1,-1,-1,6,E01032933,0,-1
2020201018743,2020,201018743,1,9,0,18,19,6,2,0,0,0,0,0,0,0,1,1,6,6,3,-1,-1,-1,-1,-1,-1,-1,-1,0,-1
2020451007692,2020,451007692,1,1,0,18,19,5,1,0,0,8,0,0,0,0,4,1,5,6,1,19,4,-1,-1,-1,-1,5,E01030572,0,-1
202006F167596,2020,06F167596,3,9,0,3,3,8,4,0,0,8,0,0,0,0,2,1,6,6,1,30,6,-1,-1,-1,-1,1,E01005611,0,-1
2020520101262,2020,520101262,2,9,0,18,19,2,6,0,0,8,0,0,0,0,1,1,6,6,2,22,5,-1,-1,-1,-1,6,E01029261,0,-1
2020010249780,2020,010249780,2,1,0,7,7,2,3,0,0,1,0,0,0,0,3,1,6,6,1,29,6,-1,-1,-1,-1,2,E01004435,0,-1
2020440455129,2020,440455129,1,1,0,18,19,6,8,0,0,6,0,0,0,0,4,1,6,6,1,13,3,-1,-1,-1,-1,3,E01017225,0,-1
2020440053551,2020,440053551,1,9,0,4,4,1,5,0,0,1,0,0,0,0,2,1,6,6,1,21,5,-1,-1,-1,-1,7,E01022764,0,-1
2020990925845,2020,990925845,1,9,0,16,19,4,8,0,0,0,0,0,0,0,1,1,5,6,1,30,6,-1,-1,-1,-1,2,-1,0,-1
2020010291397,2020,010291397,1,1,0,18,19,5,1,0,0,9,9,0,9,99,1,1,1,1,1,61,9,-1,-1,-1,-1,5,E01000927,0,-1
202031A067320,2020,31A067320,1,1,0,18,19,2,6,0,0,6,0,0,0,0,1,1,6,6,1,45,7,-1,-1,-1,-1,9,E01027992,0,-1
2020200950661,2020,200950661,3,90,0,18,19,7,3,0,0,0,0,0,0,0,0,1,6,6,3,-1,-1,-1,-1,-1,-1,-1,-1,0,-1
2020010264808,2020,010264808,2,1,0,5,5,2,6,0,0,5,0,0,0,0,1,1,6,6,1,22,5,-1,-1,-1,-1,6,E01002293,0,-1
2020137CC0352,2020,137CC0352,2,21,1,18,19,3,7,0,0,8,0,0,0,0,1,2,1,1,1,28,6,-1,-1,-1,-1,-1,-1,0,-1
2020211023974,2020,211023974,1,9,-1,18,19,8,4,0,0,0,0,0,0,0,3,1,6,6,3,-1,-1,-1,-1,-1,-1,-1,-1,0,-1
2020420949233,2020,420949233,2,1,0,18,19,5,1,0,0,0,0,0,1,0,1,1,6,6,1,23,5,-1,-1,-1,-1,2,E01021319,0,-1
2020010271924,2020,010271924,2,9,0,99,99,9,9,99,99,9,9,99,9,99,1,9,6,6,3,-1,-1,-1,-1,-1,-1,2,E01003024,0,-1
202006G177690,2020,06G177690,1,9,0,18,19,1,5,0,0,8,0,0,0,0,1,1,6,6,1,26,6,-1,-1,-1,-1,2,E01005959,0,-1
2020350994299,2020,350994299,2,1,0,18,19,3,7,4,4,1,0,0,0,0,1,1,1,1,2,53,8,-1,-1,-1,-1,8,E01018297,0,-1
2020010271014,2020,010271014,1,1,9,99,99,9,9,99,99,9,9,99,9,99,9,1,2,2,1,31,6,-1,-1,-1,-1,3,E01001243,0,-1
2020160967502,2020,160967502,1,98,0,18,19,2,6,0,0,2,0,0,0,0,3,1,6,6,3,-1,-1,-1,-1,-1,-1,-1,-1,0,-1
2020030952348,2020,030952348,1,9,0,18,19,1,5,0,0,1,0,0,0,0,3,1,6,6,3,-1,-1,-1,-1,-1,-1,-1,-1,0,-1
2020010258363,2020,010258363,1,1,9,99,99,9,9,99,99,0,9,99,9,99,9,1,2,2,1,43,7,-1,-1,-1,-1,2,E01002003,0,-1
2020230956484,2020,230956484,2,5,0,18,19,1,5,0,0,1,0,0,0,0,4,1,5,6,1,52,8,-1,-1,-1,-1,-1,-1,0,-1
2020470987120,2020,470987120,2,19,0,-1,-1,-1,-1,-1,-1,0,-1,-1,-1,0,0,1,6,6,3,-1,-1,-1,-1,-1,-1,-1,-1,0,-1
2020052000268,2020,052000268,1,9,0,3,3,1,5,0,0,1,0,0,0,0,2,1,6,6,3,-1,-1,-1,-1,-1,-1,-1,-1,0,-1
2020160993726,2020,160993726,1,9,0,18,19,7,3,2,2,1,0,0,7,4,4,1,5,6,1,55,8,-1,-1,-1,-1,1,E01012857,0,-1
2020500952199,2020,500952199,2,90,0,18,19,3,7,0,0,0,0,0,0,0,4,1,6,6,3,-1,-1,-1,-1,-1,-1,-1,-1,0,-1
2020010261304,2020,010261304,2,1,0,15,15,4,8,0,0,1,0,0,0,0,1,1,2,2,1,33,6,-1,-1,-1,-1,9,E01002571,0,-1
2020010232657,2020,010232657,2,9,9,99,99,9,9,99,99,9,9,99,9,99,1,9,6,6,3,-1,-1,-1,-1,-1,-1,-1,-1,0,-1
2020440230210,2020,440230210,2,1,0,18,19,7,3,0,0,0,0,0,0,0,1,1,6,6,1,60,9,-1,-1,-1,-1,10,E01022853,0,-1
202060Y089064,2020,60Y089064,2,9,0,18,19,6,2,0,0,1,0,0,0,0,2,1,6,6,2,65,9,-1,-1,-1,-1,-1,-1,0,-1
2020010260591,2020,010260591,1,1,9,18,19,4,8,99,99,9,9,99,9,99,9,1,6,6,1,14,3,-1,-1,-1,-1,2,E01002604,0,-1
2020010256641,2020,010256641,1,1,0,18,19,5,1,0,0,8,0,0,0,0,3,1,2,2,1,25,5,-1,-1,-1,-1,8,E01001906,0,-1
2020440183062,2020,440183062,2,19,0,2,2,0,0,0,0,0,0,0,0,0,3,1,1,1,1,25,5,-1,-1,-1,-1,3,E01017239,0,-1
20201373A1728,2020,1373A1728,2,1,0,18,19,1,5,0,0,4,0,0,0,0,1,1,1,1,1,45,7,-1,-1,-1,-1,3,E01011533,0,-1
2020340S01282,2020,340S01282,2,9,0,18,19,1,5,0,0,0,0,0,0,0,3,1,2,2,2,34,6,-1,-1,-1,-1,8,E01017736,0,-1
2020010240649,2020,010240649,2,1,0,18,19,1,5,0,0,1,0,0,0,0,1,-1,1,1,1,32,6,-1,-1,-1,-1,3,E01001768,0,-1
2020040956855,2020,040956855,1,98,0,18,19,3,7,0,0,0,0,0,0,0,1,1,6,6,2,-1,-1,-1,-1,-1,-1,-1,-1,0,-1
2020440000782,2020,440000782,2,9,0,4,4,4,8,0,0,0,0,0,0,0,2,1,1,1,3,-1,-1,-1,-1,-1,-1,-1,-1,0,-1
2020320415803,2020,320415803,2,9,0,18,19,5,1,0,0,0,0,0,0,0,2,1,6,6,1,32,6,-1,-1,-1,-1,5,E01026390,0,-1
2020010248770,2020,010248770,1,1,9,99,99,9,9,99,99,0,9,99,9,99,9,1,6,6,2,30,6,-1,-1,-1,-1,3,E01004426,0,-1
2020991002237,2020,991002237,2,1,0,18,19,2,5,0,0,2,0,0,0,0,0,1,1,1,1,26,6,-1,-1,-1,-1,1,-1,0,-1
202006G278168,2020,06G278168,1,9,0,13,13,4,8,0,0,1,0,0,0,0,4,1,6,6,3,-1,-1,-1,-1,-1,-1,-1,-1,0,-1
2020010232746,2020,010232746,2,1,0,18,19,4,8,0,0,2,0,0,0,0,1,1,6,6,2,32,6,-1,-1,-1,-1,4,E01003076,0,-1
202060Y151993,2020,60Y151993,1,19,0,7,7,7,3,0,0,4,0,0,0,0,1,1,1,1,2,23,5,-1,-1,-1,-1,-1,-1,0,-1
2020450938878,2020,450938878,3,9,0,2,2,0,0,6,6,0,0,0,0,0,2,1,6,6,3,-1,-1,-1,-1,-1,-1,-1,-1,0,-1
2020990979757,2020,990979757,2,17,0,18,19,1,5,0,0,8,0,0,0,0,1,1,1,1,1,44,7,-1,-1,-1,-1,3,-1,0,-1
2020101006909,2020,101006909,1,1,0,18,19,5,1,0,0,0,5,0,0,0,2,1,6,6,1,18,4,-1,-1,-1,-1,1,E01027416,0,-1
2020122000802,2020,122000802,2,9,0,9,9,7,5,0,0,5,0,0,0,0,3,1,6,6,1,79,11,-1,-1,-1,-1,6,E01006422,0,-1
202006G175121,2020,06G175121,1,1,0,18,19,1,5,0,0,0,0,0,0,0,3,1,6,6,2,14,3,-1,-1,-1,-1,3,E01005937,0,-1
2020420985549,2020,420985549,1,9,0,7,7,7,1,0,0,8,0,0,0,0,1,1,1,1,1,34,6,-1,-1,-1,-1,7,E01021538,0,-1
2020320150315,2020,320150315,1,9,0,18,19,5,1,0,0,2,0,0,0,0,1,1,6,6,3,40,7,-1,-1,-1,-1,-1,-1,0,-1