collision_index,collision_year,collision_ref_no,vehicle_reference,vehicle_type,towing_and_articulation,vehicle_manoeuvre_historic,vehicle_manoeuvre,vehicle_direction_from,vehicle_direction_to,vehicle_location_restricted_lane_historic,vehicle_location_restricted_lane,junction_location,skidding_and_overturning,hit_object_in_carriageway,vehicle_leaving_carriageway,hit_object_off_carriageway,first_point_of_impact,vehicle_left_hand_drive,journey_purpose_of_driver_historic,journey_purpose_of_driver,sex_of_driver,age_of_driver,age_band_of_driver,engine_capacity_cc,propulsion_code,age_of_vehicle,generic_make_model,driver_imd_decile,lsoa_of_driver,escooter_flag,driver_distance_banding
2020622000490,2020,622000490,2,9,4,5,5,2,7,0,0,1,3,0,1,0,3,1,1,1,1,39,7,-1,-1,-1,-1,9,W01001560,0,-1
2020040967092,2020,040967092,2,1,0,18,19,7,3,0,0,0,0,0,2,11,2,1,2,2,1,47,8,-1,-1,-1,-1,3,E01025429,0,-1
2020140966222,2020,140966222,2,1,0,18,19,6,8,0,0,1,0,0,0,0,1,1,6,6,1,13,3,-1,-1,-1,-1,2,E01007633,0,-1
2020470985431,2020,470985431,2,11,0,18,19,1,5,0,0,2,0,0,0,0,0,1,1,1,3,-1,-1,-1,-1,-1,-1,-1,-1,0,-1
2020010241055,2020,010241055,1,1,9,99,99,9,9,99,99,1,9,99,9,99,9,1,2,2,1,42,7,-1,-1,-1,-1,8,E01003774,0,-1
2020010248918,2020,010248918,2,1,9,99,99,9,9,99,99,9,9,99,9,99,1,1,6,6,3,-1,-1,-1,-1,-1,-1,-1,-1,0,-1
2020440272409,2020,440272409,1,1,0,9,9,4,8,0,0,8,0,0,0,0,0,1,6,6,1,51,8,-1,-1,-1,-1,9,E01022617,0,-1
2020200930901,2020,200930901,1,9,0,18,19,7,3,0,0,8,0,0,0,0,1,1,6,6,1,60,9,-1,-1,-1,-1,3,E01009145,0,-1
2020161011936,2020,161011936,2,1,0,18,19,4,8,0,0,0,0,0,0,0,2,1,2,2,1,35,6,-1,-1,-1,-1,4,E01012762,0,-1
2020052001233,2020,052001233,2,23,0,18,19,4,8,0,0,0,0,0,0,0,1,1,6,6,1,38,7,-1,-1,-1,-1,1,E01006702,0,-1
2020010261158,2020,010261158,1,1,0,14,14,1,5,0,0,5,0,0,0,0,3,1,6,6,2,62,9,-1,-1,-1,-1,9,E01003648,0,-1
2020547598420,2020,547598420,1,9,0,4,4,2,6,0,0,1,0,0,0,0,1,1,6,6,3,41,7,-1,-1,-1,-1,5,E01015571,0,-1
2020010235556,2020,010235556,2,9,0,18,19,5,1,0,0,4,0,0,0,0,1,1,6,6,3,-1,-1,-1,-1,-1,-1,-1,-1,0,-1
2020140976819,2020,140976819,1,9,0,18,19,4,8,0,0,0,0,0,0,0,-1,1,6,6,3,-1,-1,-1,-1,-1,-1,-1,-1,0,-1
2020010279404,2020,010279404,2,1,0,12,12,3,7,0,0,1,0,0,0,0,2,1,1,1,1,26,6,-1,-1,-1,-1,2,E01000853,0,-1
2020160959487,2020,160959487,1,9,0,9,9,8,4,0,0,1,0,0,0,0,3,1,5,6,1,21,5,-1,-1,-1,-1,1,E01013144,0,-1
2020010229830,2020,010229830,2,9,0,4,4,5,1,0,0,1,0,0,0,0,0,1,6,6,1,23,5,-1,-1,-1,-1,6,E01027484,0,-1
2020350955596,2020,350955596,2,9,0,13,13,3,7,0,0,0,0,0,0,0,0,1,6,6,3,-1,-1,-1,-1,-1,-1,-1,-1,0,-1
2020052000087,2020,052000087,1,9,0,5,5,4,8,0,0,6,0,0,0,0,1,1,6,6,1,-1,-1,-1,-1,-1,-1,-1,-1,0,-1
2020461011217,2020,461011217,2,9,0,18,19,7,3,0,0,0,0,0,0,0,1,1,6,6,1,61,9,-1,-1,-1,-1,7,E01024538,0,-1
2020040983058,2020,040983058,2,9,0,2,2,5,1,0,0,1,0,0,0,0,3,1,6,6,3,-1,-1,-1,-1,-1,-1,-1,-1,0,-1
2020522002049,2020,522002049,1,20,0,18,19,5,1,0,0,0,0,0,0,0,3,1,6,6,3,-1,-1,-1,-1,-1,-1,-1,-1,0,-1
2020010233719,2020,010233719,1,1,0,18,19,5,1,0,0,1,0,0,0,0,1,1,1,1,1,29,6,-1,-1,-1,-1,3,E01004427,0,-1
2020010276692,2020,010276692,2,20,9,18,19,7,3,0,0,1,0,99,9,99,2,9,6,6,3,-1,-1,-1,-1,-1,-1,-1,-1,0,-1
2020040985844,2020,040985844,2,1,0,18,19,5,1,0,0,0,0,0,0,0,1,1,6,6,1,27,6,-1,-1,-1,-1,9,E01005047,0,-1
2020160988885,2020,160988885,3,9,0,2,2,0,0,0,0,0,0,0,0,0,3,1,6,6,3,-1,-1,-1,-1,-1,-1,-1,-1,0,-1
2020010266804,2020,010266804,2,9,0,99,99,9,9,99,99,1,9,99,9,99,1,9,6,6,3,-1,-1,-1,-1,-1,-1,-1,-1,0,-1
2020440013950,2020,440013950,1,1,0,18,19,2,6,0,0,0,1,0,0,0,0,1,6,6,1,61,9,-1,-1,-1,-1,5,E01022781,0,-1
2020010266387,2020,010266387,1,-1,9,99,99,9,9,99,99,9,9,99,9,99,1,1,2,2,3,29,6,-1,-1,-1,-1,2,E01000550,1,-1
2020010243171,2020,010243171,2,19,0,99,99,9,9,99,99,9,9,99,9,99,2,9,6,6,3,-1,-1,-1,-1,-1,-1,-1,-1,0,-1
2020360942009,2020,360942009,2,1,0,18,19,7,4,0,0,2,0,0,0,0,1,1,5,6,2,49,8,-1,-1,-1,-1,7,E01026856,0,-1
2020160997250,2020,160997250,2,1,0,18,19,8,4,0,0,2,0,0,0,0,2,1,6,6,1,46,8,-1,-1,-1,-1,8,E01013065,0,-1
202060Y152517,2020,60Y152517,1,98,0,18,19,8,4,0,0,1,1,0,0,0,1,1,1,1,1,38,7,-1,-1,-1,-1,-1,-1,0,-1
2020470996887,2020,470996887,2,1,0,18,19,7,3,0,0,8,0,0,0,0,3,1,2,2,2,40,7,-1,-1,-1,-1,6,E01016943,0,-1
2020460983185,2020,460983185,2,1,0,18,19,3,7,0,0,1,0,0,0,0,3,1,6,6,1,15,3,-1,-1,-1,-1,9,E01016112,0,-1
2020010271888,2020,010271888,2,9,0,9,9,3,1,0,0,6,0,0,0,0,1,1,6,6,3,-1,-1,-1,-1,-1,-1,-1,-1,0,-1
2020010233380,2020,010233380,2,9,0,99,99,9,9,0,0,5,0,0,0,0,1,9,6,6,3,-1,-1,-1,-1,-1,-1,-1,-1,0,-1
20201377V2028,2020,1377V2028,2,9,0,9,9,6,2,0,0,1,0,0,0,0,3,1,6,6,1,30,6,-1,-1,-1,-1,4,E01028525,0,-1
2020332000204,2020,332000204,2,9,0,4,4,6,2,0,0,1,0,0,1,1,1,1,6,6,1,33,6,-1,-1,-1,-1,2,E01013647,0,-1
2020410955927,2020,410955927,3,9,0,18,19,5,1,0,0,0,0,0,0,0,1,1,6,6,1,70,10,-1,-1,-1,-1,8,E01023485,0,-1
2020460992118,2020,460992118,1,9,0,6,6,8,4,0,0,1,0,0,0,0,1,1,6,6,3,-1,-1,-1,-1,-1,-1,-1,-1,0,-1
2020302000676,2020,302000676,1,1,0,17,19,4,8,0,0,0,0,0,0,0,1,1,6,6,2,53,8,-1,-1,-1,-1,8,E01019602,0,-1
2020370949781,2020,370949781,2,1,0,18,19,4,7,0,0,0,0,0,0,0,4,1,5,6,1,14,3,-1,-1,-1,-1,9,E01029893,0,-1
2020210980698,2020,210980698,1,1,0,18,19,1,5,0,0,0,0,0,0,0,3,1,6,6,2,25,5,-1,-1,-1,-1,6,E01029488,0,-1
2020332000338,2020,332000338,2,1,0,18,19,8,4,0,0,0,0,0,0,0,2,1,6,6,2,48,8,-1,-1,-1,-1,1,E01013600,0,-1
2020100977588,2020,100977588,2,1,0,7,7,3,6,0,0,1,0,4,0,0,1,1,5,6,1,17,4,-1,-1,-1,-1,4,E01008451,0,-1
2020470963841,2020,470963841,2,9,0,2,2,0,0,0,0,0,0,0,0,0,1,1,6,6,3,-1,-1,-1,-1,-1,-1,-1,-1,0,-1
2020200931004,2020,200931004,1,9,0,18,19,-1,-1,0,0,6,0,0,0,0,1,1,6,6,1,-1,-1,-1,-1,-1,-1,-1,-1,0,-1
2020010286588,2020,010286588,1,9,0,11,11,3,7,0,0,0,0,0,0,0,4,1,6,6,3,-1,-1,-1,-1,-1,-1,-1,-1,0,-1
2020210948540,2020,210948540,2,9,0,2,2,0,0,0,0,0,0,0,0,0,1,1,6,6,3,-1,-1,-1,-1,-1,-1,-1,-1,0,-1
2020552000518,2020,552000518,1,1,0,18,19,2,6,0,0,1,0,0,0,0,3,1,6,6,1,35,6,-1,-1,-1,-1,5,E01015345,0,-1
2020440473670,2020,440473670,2,1,0,18,19,7,3,0,0,8,0,0,0,0,4,1,2,2,1,34,6,-1,-1,-1,-1,5,E01022728,0,-1
2020040994368,2020,040994368,1,9,0,4,4,7,7,0,0,1,0,0,0,0,1,1,6,6,3,-1,-1,-1,-1,-1,-1,-1,-1,0,-1
2020110992897,2020,110992897,2,1,0,18,19,5,1,0,0,8,0,0,0,0,4,1,6,6,1,79,11,-1,-1,-1,-1,3,E01008805,0,-1
2020010264716,2020,010264716,2,9,0,18,19,1,5,0,0,2,0,0,0,0,1,1,6,6,3,-1,-1,-1,-1,-1,-1,-1,-1,0,-1
2020470972009,2020,470972009,1,9,0,2,2,0,0,0,0,1,0,0,0,0,1,1,6,6,3,-1,-1,-1,-1,-1,-1,-1,-1,0,-1
2020137190369,2020,137190369,1,9,0,9,9,4,2,0,0,1,0,0,0,0,4,1,3,7,1,-1,-1,-1,-1,-1,-1,-1,-1,0,-1
2020010274463,2020,010274463,1,9,0,99,99,9,9,99,99,0,9,99,9,99,2,9,6,6,2,32,6,-1,-1,-1,-1,3,E01003235,0,-1
2020101010628,2020,101010628,2,1,0,18,19,6,2,0,0,2,0,0,0,0,2,1,5,6,1,36,7,-1,-1,-1,-1,5,E01008496,0,-1
2020410938880,2020,410938880,1,9,0,18,19,7,3,9,9,0,0,0,7,0,1,1,6,6,3,-1,-1,-1,-1,-1,-1,-1,-1,0,-1
2020440265448,2020,440265448,1,19,0,9,9,8,5,0,0,8,0,0,0,0,1,1,6,6,3,-1,-1,-1,-1,-1,-1,-1,-1,0,-1
202060Y111154,2020,60Y111154,2,9,0,8,8,2,6,0,0,1,0,0,0,0,3,1,6,6,1,22,5,-1,-1,-1,-1,-1,-1,0,-1
2020211005314,2020,211005314,2,1,0,18,19,3,8,0,0,8,0,0,0,0,4,1,6,6,1,45,7,-1,-1,-1,-1,7,E01029379,0,-1
2020030984087,2020,030984087,1,1,0,18,19,1,5,0,0,0,0,0,0,0,1,1,6,6,1,56,9,-1,-1,-1,-1,-1,-1,0,-1
20201478P1266,2020,1478P1266,1,9,0,13,13,7,3,0,0,0,0,0,0,0,4,1,6,6,1,57,9,-1,-1,-1,-1,7,E01007493,0,-1
2020990962136,2020,990962136,1,9,0,1,1,6,2,0,0,0,0,0,0,0,2,1,6,6,3,-1,-1,-1,-1,-1,-1,-1,-1,0,-1
2020010268959,2020,010268959,3,9,0,18,19,3,7,0,0,0,0,0,0,0,0,1,6,6,3,-1,-1,-1,-1,-1,-1,-1,-1,0,-1
2020450955291,2020,450955291,1,9,0,3,3,1,5,0,0,0,0,0,0,0,2,1,1,1,1,48,8,-1,-1,-1,-1,6,E01030516,0,-1
2020332000536,2020,332000536,1,9,0,14,14,7,3,0,0,2,0,0,0,0,1,1,6,6,1,26,6,-1,-1,-1,-1,2,E01013646,0,-1
2020010254277,2020,010254277,2,1,0,18,19,3,7,0,0,8,0,0,0,0,4,1,6,6,1,43,7,-1,-1,-1,-1,2,E01000028,0,-1
2020460971703,2020,460971703,2,1,0,9,9,4,8,0,0,2,5,0,0,0,1,1,5,6,2,41,7,-1,-1,-1,-1,2,E01016153,0,-1
2020440483223,2020,440483223,2,9,0,16,19,5,1,0,0,0,0,0,0,0,3,1,6,6,1,42,7,-1,-1,-1,-1,2,E01017363,0,-1
2020070285809,2020,070285809,2,1,0,5,5,3,7,0,0,4,0,0,0,0,0,1,6,6,1,32,6,-1,-1,-1,-1,3,E01018731,0,-1
202006P174311,2020,06P174311,2,1,0,18,19,1,5,0,0,8,0,0,0,0,3,1,6,6,1,38,7,-1,-1,-1,-1,6,E01005007,0,-1
2020320003320,2020,320003320,2,1,0,12,12,2,3,0,0,1,0,0,0,0,1,1,2,2,1,57,9,-1,-1,-1,-1,8,E01026394,0,-1
2020230959231,2020,230959231,1,9,0,1,1,4,8,0,0,1,0,0,0,0,2,1,5,6,1,25,5,-1,-1,-1,-1,-1,-1,0,-1
202006E175484,2020,06E175484,2,9,0,9,9,7,5,0,0,6,0,0,0,0,4,1,6,6,3,-1,-1,-1,-1,-1,-1,-1,-1,0,-1
2020010253581,2020,010253581,1,1,9,99,99,9,9,99,99,9,9,99,9,99,0,1,6,6,2,29,6,-1,-1,-1,-1,2,E01001862,0,-1
2020110924261,2020,110924261,1,9,0,18,19,4,8,0,0,0,0,0,0,0,1,1,6,6,3,30,6,-1,-1,-1,-1,-1,-1,0,-1
2020470963101,2020,470963101,3,19,0,7,7,7,1,0,0,1,0,0,0,0,0,1,6,6,1,57,9,-1,-1,-1,-1,8,E01021075,0,-1
2020052002149,2020,052002149,1,9,0,1,1,1,5,0,0,0,0,0,0,0,2,2,6,6,3,-1,-1,-1,-1,-1,-1,-1,-1,0,-1
2020040930511,2020,040930511,1,9,0,5,5,2,6,9,9,1,0,0,0,0,1,1,6,6,3,-1,-1,-1,-1,-1,-1,-1,-1,0,-1
2020440028558,2020,440028558,1,19,0,3,3,5,1,0,0,0,0,0,0,0,3,1,1,1,1,55,8,-1,-1,-1,-1,9,E01023227,0,-1
202060Y122219,2020,60Y122219,1,9,0,9,9,4,2,0,0,2,0,0,0,0,1,1,6,6,2,-1,-1,-1,-1,-1,-1,-1,-1,0,-1
2020332000082,2020,332000082,1,1,0,18,19,8,4,0,0,8,0,0,0,0,2,1,1,1,1,21,5,-1,-1,-1,-1,4,E01013617,0,-1
2020010285607,2020,010285607,1,9,0,18,19,8,4,0,0,1,0,0,0,0,4,1,6,6,2,30,6,-1,-1,-1,-1,2,E01033726,0,-1
2020160966030,2020,160966030,2,9,0,18,19,4,8,0,0,4,0,0,0,0,1,1,6,6,2,-1,-1,-1,-1,-1,-1,-1,-1,0,-1
2020430418073,2020,430418073,1,9,0,18,19,5,1,0,0,1,0,0,0,0,1,1,6,6,1,50,8,-1,-1,-1,-1,-1,-1,0,-1
202060Y086966,2020,60Y086966,1,5,0,13,13,8,4,0,0,1,0,0,0,0,1,1,6,6,1,33,6,-1,-1,-1,-1,-1,-1,0,-1
2020450923889,2020,450923889,2,1,0,18,19,4,8,0,0,8,0,0,0,0,4,1,2,2,1,48,8,-1,-1,-1,-1,7,E01030361,0,-1
2020010283802,2020,010283802,1,9,0,9,9,6,4,0,0,5,0,0,0,0,3,1,6,6,2,46,8,-1,-1,-1,-1,4,E01001711,0,-1
2020440126514,2020,440126514,2,19,0,18,19,6,2,0,0,1,0,0,0,0,1,1,6,6,3,-1,-1,-1,-1,-1,-1,-1,-1,0,-1
2020160990293,2020,160990293,2,1,0,18,19,8,4,9,9,0,0,0,0,0,1,1,2,2,1,10,2,-1,-1,-1,-1,-1,-1,0,-1
2020430309928,2020,430309928,2,1,0,18,19,5,1,0,0,0,0,0,0,0,3,1,6,6,1,41,7,-1,-1,-1,-1,7,E01016355,0,-1
2020010239894,2020,010239894,2,1,0,5,5,7,3,0,0,1,0,0,0,0,1,-1,1,1,1,46,8,-1,-1,-1,-1,4,E01004016,0,-1
2020332000088,2020,332000088,3,9,0,3,3,1,5,0,0,0,0,0,0,0,2,1,2,2,1,-1,-1,-1,-1,-1,-1,4,E01025957,0,-1
2020420982765,2020,420982765,3,9,0,2,2,0,0,6,6,0,0,0,0,0,2,1,6,6,3,-1,-1,-1,-1,-1,-1,-1,-1,0,-1
2020990953851,2020,990953851,2,1,0,18,19,5,2,0,0,3,0,0,0,0,4,1,6,6,1,56,9,-1,-1,-1,-1,10,-1,0,-1
2020010267902,2020,010267902,2,1,0,18,19,1,5,4,4,1,0,0,0,0,1,1,6,6,1,26,6,-1,-1,-1,-1,8,E01004293,0,-1
2020430121307,2020,430121307,2,1,0,18,19,6,2,0,0,8,0,0,0,0,1,1,6,6,1,30,6,-1,-1,-1,-1,2,E01016363,0,-1
202031B140520,2020,31B140520,1,9,0,13,13,5,1,0,0,0,0,0,0,0,4,1,6,6,3,-1,-1,-1,-1,-1,-1,-1,-1,0,-1
2020370961596,2020,370961596,2,9,0,4,4,3,2,0,0,0,0,0,0,0,2,1,1,1,1,51,8,-1,-1,-1,-1,5,E01013308,0,-1
2020070291092,2020,070291092,2,1,0,18,19,6,2,0,0,0,0,0,0,0,2,1,2,2,2,59,9,-1,-1,-1,-1,6,E01018472,0,-1
2020332001189,2020,332001189,1,9,0,10,10,3,1,0,0,8,0,0,0,0,2,1,6,6,1,19,4,-1,-1,-1,-1,-1,-1,0,-1
202006N171647,2020,06N171647,2,1,0,18,19,1,5,0,0,8,0,0,0,0,3,1,6,6,1,72,10,-1,-1,-1,-1,9,E01005049,0,-1
2020040943105,2020,040943105,2,1,0,18,19,7,3,0,0,0,0,0,0,0,3,1,6,6,1,48,8,-1,-1,-1,-1,1,E01024895,0,-1
2020122001302,2020,122001302,2,1,0,18,19,1,5,0,0,0,0,0,0,0,4,1,6,6,1,14,3,-1,-1,-1,-1,9,E01013365,0,-1
20201378B1843,2020,1378B1843,1,97,0,13,13,8,6,0,0,5,0,0,0,0,1,1,6,6,1,19,4,-1,-1,-1,-1,4,E01011892,0,-1
2020360928610,2020,360928610,2,1,0,18,19,8,4,0,0,0,5,0,0,0,4,1,2,2,1,34,6,-1,-1,-1,-1,2,E01026803,0,-1
2020320072294,2020,320072294,2,1,0,18,19,5,1,0,0,0,1,0,0,0,1,1,6,6,1,48,8,-1,-1,-1,-1,8,E01026238,0,-1
2020010281486,2020,010281486,2,1,0,18,19,5,1,0,0,1,0,0,1,11,0,1,6,6,1,58,9,-1,-1,-1,-1,6,E01000851,0,-1
2020470932185,2020,470932185,2,1,0,18,19,6,2,0,0,0,0,0,0,0,3,1,6,6,2,23,5,-1,-1,-1,-1,3,E01016911,0,-1
2020010274137,2020,010274137,2,9,0,7,7,1,4,0,0,8,0,0,0,0,4,1,6,6,1,38,7,-1,-1,-1,-1,1,E01001655,0,-1
2020200960992,2020,200960992,1,9,0,18,19,6,2,0,0,0,0,0,0,0,1,1,6,6,3,-1,-1,-1,-1,-1,-1,-1,-1,0,-1
2020450984249,2020,450984249,1,16,0,18,19,1,5,0,0,0,0,0,0,0,0,1,5,6,2,32,6,-1,-1,-1,-1,10,E01024483,0,-1
2020470956841,2020,470956841,3,9,0,2,2,0,0,0,0,0,0,0,0,0,1,1,6,6,3,-1,-1,-1,-1,-1,-1,-1,-1,0,-1
2020542501620,2020,542501620,2,1,0,18,19,5,1,0,0,0,0,0,0,0,3,1,6,6,1,26,6,-1,-1,-1,-1,9,E01032061,0,-1
2020010265874,2020,010265874,2,9,0,9,9,4,2,0,0,8,0,0,0,0,3,1,6,6,3,-1,-1,-1,-1,-1,-1,-1,-1,0,-1
2020010248828,2020,010248828,1,11,0,4,4,3,7,0,0,1,0,0,0,0,0,1,1,1,2,44,7,-1,-1,-1,-1,3,E01004012,0,-1
2020100970813,2020,100970813,2,1,0,18,19,1,5,0,0,0,0,0,0,0,3,1,2,2,2,30,6,-1,-1,-1,-1,7,E01008360,0,-1
2020450968764,2020,450968764,1,1,0,9,9,1,5,0,0,5,1,0,0,0,3,1,5,6,1,26,6,-1,-1,-1,-1,1,E01003246,0,-1
2020990918780,2020,990918780,1,9,0,18,19,2,6,0,0,2,0,0,0,0,1,1,6,6,1,25,5,-1,-1,-1,-1,-1,-1,0,-1
2020500989717,2020,500989717,2,1,0,9,9,1,5,0,0,8,0,0,0,0,4,1,5,6,1,45,7,-1,-1,-1,-1,4,E01020284,0,-1
2020122000206,2020,122000206,1,9,0,1,1,5,3,0,0,8,0,0,0,0,2,1,6,6,3,-1,-1,-1,-1,-1,-1,-1,-1,0,-1
2020990946430,2020,990946430,2,1,0,9,9,2,6,0,0,8,0,0,0,0,3,1,2,2,1,57,9,-1,-1,-1,-1,8,-1,0,-1
202063C027520,2020,63C027520,1,9,0,16,19,6,1,0,0,0,0,0,0,0,1,1,6,6,3,-1,-1,-1,-1,-1,-1,-1,-1,0,-1
202006K378430,2020,06K378430,2,9,0,18,19,3,7,0,0,8,0,0,0,0,3,1,2,2,1,37,7,-1,-1,-1,-1,1,E01005799,0,-1
202060Y139435,2020,60Y139435,1,9,0,9,9,6,2,0,0,5,0,0,0,0,1,1,6,6,1,25,5,-1,-1,-1,-1,-1,-1,0,-1
202006L273673,2020,06L273673,2,9,0,7,7,3,5,0,0,5,5,0,1,0,2,1,6,6,1,77,11,-1,-1,-1,-1,7,E01006379,0,-1
2020160969142,2020,160969142,2,9,0,18,19,1,5,0,0,0,0,0,0,0,0,1,1,1,1,43,7,-1,-1,-1,-1,-1,-1,0,-1
2020320373379,2020,320373379,1,9,0,18,19,1,5,0,0,0,0,0,0,0,4,1,6,6,3,-1,-1,-1,-1,-1,-1,-1,-1,0,-1
2020360975365,2020,360975365,1,9,0,18,19,7,5,0,0,0,0,0,0,0,3,1,6,6,3,-1,-1,-1,-1,-1,-1,-1,-1,0,-1
2020010270671,2020,010270671,1,3,0,18,19,6,2,0,0,1,0,0,0,0,1,1,6,6,3,-1,-1,-1,-1,-1,-1,-1,-1,0,-1
2020010271692,2020,010271692,1,-1,0,7,7,1,3,0,0,5,0,0,0,0,3,1,6,6,1,26,6,-1,-1,-1,-1,4,E01003034,1,-1
20201379A1404,2020,1379A1404,2,9,0,18,19,6,2,0,0,0,0,0,0,0,4,1,6,6,3,-1,-1,-1,-1,-1,-1,-1,-1,0,-1
2020230985615,2020,230985615,1,9,0,13,13,6,2,0,0,0,0,0,0,0,2,1,5,6,1,28,6,-1,-1,-1,-1,-1,-1,0,-1
2020010251700,2020,010251700,1,1,0,18,19,2,6,0,0,0,0,0,0,0,1,1,6,6,2,21,5,-1,-1,-1,-1,-1,-1,0,-1
2020470952953,2020,470952953,1,9,0,18,19,2,8,0,0,0,0,0,0,0,-1,1,6,6,3,-1,-1,-1,-1,-1,-1,-1,-1,0,-1
2020460922456,2020,460922456,1,98,1,18,19,3,7,0,0,0,0,0,0,0,4,1,1,1,1,-1,-1,-1,-1,-1,-1,-1,-1,0,-1
202031B009120,2020,31B009120,2,1,0,16,19,1,4,0,0,8,0,0,0,0,2,1,6,6,1,30,6,-1,-1,-1,-1,-1,-1,0,-1
2020410994048,2020,410994048,2,3,0,18,19,3,7,0,0,0,0,0,0,0,4,1,6,6,1,56,9,-1,-1,-1,-1,4,E01023681,0,-1
202031B009120,2020,31B009120,1,9,0,16,19,1,4,0,0,1,0,0,0,0,1,1,6,6,1,-1,-1,-1,-1,-1,-1,6,E01026153,0,-1
2020302000229,2020,302000229,1,9,0,5,5,5,2,0,0,6,0,0,0,0,1,1,6,6,1,-1,-1,-1,-1,-1,-1,7,E01019419,0,-1
2020450996960,2020,450996960,1,1,0,17,19,3,7,0,0,0,1,0,0,0,0,1,6,6,1,48,8,-1,-1,-1,-1,10,E01030463,0,-1
2020010247701,2020,010247701,2,9,0,99,99,9,9,99,99,0,9,99,9,99,9,9,6,6,3,-1,-1,-1,-1,-1,-1,-1,-1,0,-1
202006Q170748,2020,06Q170748,7,9,0,2,2,0,0,0,0,1,0,0,0,0,0,1,6,6,3,-1,-1,-1,-1,-1,-1,-1,-1,0,-1
2020040976281,2020,040976281,1,9,0,5,5,4,8,0,0,1,0,0,0,0,1,1,6,6,3,59,9,-1,-1,-1,-1,-1,-1,0,-1
2020320615382,2020,320615382,2,19,0,18,19,5,1,0,0,0,1,0,1,11,3,1,2,2,1,39,7,-1,-1,-1,-1,8,E01026214,0,-1
2020200933717,2020,200933717,2,1,0,18,19,-1,-1,0,0,0,0,0,0,0,1,1,4,7,1,13,3,-1,-1,-1,-1,1,E01010125,0,-1
2020230927383,2020,230927383,2,1,0,18,19,1,5,9,9,8,0,0,0,0,1,1,4,7,1,13,3,-1,-1,-1,-1,9,E01031288,0,-1
2020010270858,2020,010270858,2,9,0,99,99,9,9,0,0,0,9,99,0,0,9,9,6,6,3,35,6,-1,-1,-1,-1,2,E01004263,0,-1
2020430218491,2020,430218491,1,9,0,17,19,6,4,0,0,0,1,0,0,0,1,1,6,6,1,58,9,-1,-1,-1,-1,10,E01016184,0,-1
2020030968406,2020,030968406,2,9,0,18,19,1,5,0,0,1,0,0,0,0,3,1,6,6,3,-1,-1,-1,-1,-1,-1,-1,-1,0,-1
2020350929201,2020,350929201,1,9,0,13,13,6,2,0,0,0,0,0,0,0,3,1,6,6,3,-1,-1,-1,-1,-1,-1,-1,-1,0,-1
2020010260854,2020,010260854,2,-1,0,99,99,9,9,99,99,0,0,99,9,99,2,1,6,6,1,60,9,-1,-1,-1,-1,2,E01004755,1,-1
2020460957077,2020,460957077,1,1,0,17,19,2,6,0,0,0,5,0,0,0,1,1,5,6,1,71,10,-1,-1,-1,-1,2,E01024502,0,-1
2020052000882,2020,052000882,1,9,0,18,19,2,6,0,0,1,0,0,0,0,1,1,6,6,1,-1,-1,-1,-1,-1,-1,-1,-1,0,-1
2020010273762,2020,010273762,2,9,0,99,99,9,9,99,99,1,9,99,9,99,1,9,6,6,2,32,6,-1,-1,-1,-1,2,E01003243,0,-1
2020220968095,2020,220968095,1,9,0,18,19,1,5,0,0,1,0,0,0,0,1,1,6,6,1,30,6,-1,-1,-1,-1,-1,-1,0,-1
2020430342475,2020,430342475,2,1,0,13,13,2,6,0,0,8,0,0,0,0,4,1,6,6,2,33,6,-1,-1,-1,-1,6,E01003393,0,-1
202031D020920,2020,31D020920,1,9,0,3,3,2,6,0,0,7,0,0,0,0,1,1,2,2,1,32,6,-1,-1,-1,-1,2,E01013695,0,-1
2020110956452,2020,110956452,1,9,0,18,19,2,6,0,0,0,0,0,0,0,1,1,6,6,3,30,6,-1,-1,-1,-1,-1,-1,0,-1
2020161010802,2020,161010802,2,1,0,18,19,1,5,0,0,8,0,0,0,0,2,1,6,6,1,59,9,-1,-1,-1,-1,7,E01013039,0,-1
2020200993390,2020,200993390,2,1,0,10,10,4,2,0,0,1,0,0,0,0,0,1,6,6,1,53,8,-1,-1,-1,-1,9,E01010208,0,-1
2020010255458,2020,010255458,1,1,9,99,99,9,9,99,99,9,9,99,9,99,9,1,6,6,1,24,5,-1,-1,-1,-1,9,E01003892,0,-1
2020430314912,2020,430314912,1,9,0,9,9,6,4,0,0,1,0,0,0,0,1,1,2,2,2,44,7,-1,-1,-1,-1,6,E01028558,0,-1
2020070015546,2020,070015546,2,9,0,18,19,1,5,0,0,8,0,0,1,0,1,1,6,6,1,21,5,-1,-1,-1,-1,6,E01018514,0,-1
2020010239118,2020,010239118,2,1,9,99,99,9,9,99,99,0,9,99,9,99,1,1,6,6,3,-1,-1,-1,-1,-1,-1,-1,-1,0,-1
2020141008102,2020,141008102,2,9,0,16,19,3,7,0,0,0,1,0,0,0,1,1,6,6,1,44,7,-1,-1,-1,-1,5,E01007489,0,-1
2020430127722,2020,430127722,1,1,0,9,9,7,5,0,0,6,0,0,0,0,3,1,6,6,1,17,4,-1,-1,-1,-1,6,E01033418,0,-1
2020552100089,2020,552100089,2,1,0,18,19,8,4,0,0,8,0,0,0,0,3,1,6,6,1,32,6,-1,-1,-1,-1,7,E01015272,0,-1
2020010247959,2020,010247959,2,1,0,18,19,7,3,0,0,1,5,4,0,0,1,1,6,6,1,59,9,-1,-1,-1,-1,2,E01001861,0,-1
2020210997269,2020,210997269,2,1,0,18,19,2,6,0,0,1,0,0,0,0,1,1,6,6,1,52,8,-1,-1,-1,-1,6,E01014333,0,-1
2020470948211,2020,470948211,1,9,0,17,19,4,1,0,0,0,0,0,1,11,1,1,6,6,1,21,5,-1,-1,-1,-1,5,E01021216,0,-1
2020410972181,2020,410972181,1,1,0,18,19,6,1,0,0,1,0,0,0,0,1,1,5,6,1,36,7,-1,-1,-1,-1,3,E01023437,0,-1
202031C170520,2020,31C170520,1,9,0,18,19,6,2,0,0,1,0,0,0,0,1,1,6,6,1,-1,-1,-1,-1,-1,-1,-1,-1,0,-1
2020470960648,2020,470960648,1,1,0,5,5,2,6,9,9,0,0,0,0,0,2,1,6,6,1,-1,-1,-1,-1,-1,-1,-1,-1,0,-1
2020200934120,2020,200934120,3,9,0,2,2,0,0,0,0,0,0,0,0,0,1,1,6,6,3,-1,-1,-1,-1,-1,-1,-1,-1,0,-1