collision_index,collision_year,collision_ref_no,vehicle_reference,vehicle_type,towing_and_articulation,vehicle_manoeuvre_historic,vehicle_manoeuvre,vehicle_direction_from,vehicle_direction_to,vehicle_location_restricted_lane_historic,vehicle_location_restricted_lane,junction_location,skidding_and_overturning,hit_object_in_carriageway,vehicle_leaving_carriageway,hit_object_off_carriageway,first_point_of_impact,vehicle_left_hand_drive,journey_purpose_of_driver_historic,journey_purpose_of_driver,sex_of_driver,age_of_driver,age_band_of_driver,engine_capacity_cc,propulsion_code,age_of_vehicle,generic_make_model,driver_imd_decile,lsoa_of_driver,escooter_flag,driver_distance_banding
2020320313516,2020,320313516,1,9,0,18,19,4,8,0,0,8,0,0,0,0,1,1,6,6,3,-1,-1,-1,-1,-1,-1,-1,-1,0,-1
2020500973637,2020,500973637,2,1,0,5,5,3,7,0,0,1,0,0,0,0,4,1,5,6,1,12,3,-1,-1,-1,-1,1,E01018875,0,-1
2020010281617,2020,010281617,1,9,0,6,6,5,5,0,0,0,0,0,0,0,2,1,6,6,1,33,6,-1,-1,-1,-1,2,E01004723,0,-1
2020010229868,2020,010229868,2,9,0,18,19,-1,-1,0,0,8,0,0,0,0,1,1,6,6,3,-1,-1,-1,-1,-1,-1,-1,-1,0,-1
2020052001476,2020,052001476,1,9,0,18,19,6,2,0,0,0,0,0,0,0,1,1,6,6,3,-1,-1,-1,-1,-1,-1,-1,-1,0,-1
2020220950864,2020,220950864,1,9,0,18,19,6,2,0,0,0,5,0,2,10,4,1,5,6,2,64,9,-1,-1,-1,-1,9,E01014172,0,-1
2020010275146,2020,010275146,1,1,9,99,99,9,9,99,99,1,9,99,9,99,9,1,2,2,1,51,8,-1,-1,-1,-1,8,E01004075,0,-1
2020160925879,2020,160925879,1,9,0,18,19,4,8,0,0,0,0,0,0,0,0,1,5,6,1,26,6,-1,-1,-1,-1,2,E01013130,0,-1
2020010268946,2020,010268946,2,9,0,18,19,1,5,0,0,0,0,0,0,0,1,1,6,6,3,-1,-1,-1,-1,-1,-1,-1,-1,0,-1
2020100989542,2020,100989542,2,1,0,18,19,3,7,0,0,3,0,0,0,0,4,1,5,6,1,61,9,-1,-1,-1,-1,9,E01008520,0,-1
2020161005072,2020,161005072,2,9,0,13,13,3,7,0,0,0,0,0,0,0,4,1,6,6,3,-1,-1,-1,-1,-1,-1,-1,-1,0,-1
202031D088920,2020,31D088920,1,9,0,9,9,8,6,0,0,8,0,0,0,0,1,1,6,6,3,-1,-1,-1,-1,-1,-1,-1,-1,0,-1
2020332000436,2020,332000436,1,19,0,9,9,2,8,0,0,6,0,0,0,0,3,1,6,6,1,41,7,-1,-1,-1,-1,2,E01013610,0,-1
2020440274450,2020,440274450,1,97,0,18,19,6,2,0,0,0,1,0,0,0,3,1,6,6,1,34,6,-1,-1,-1,-1,6,E01017142,0,-1
2020460959174,2020,460959174,2,1,0,18,19,7,3,0,0,8,1,0,0,0,1,1,5,6,1,24,5,-1,-1,-1,-1,2,E01024672,0,-1
2020160941383,2020,160941383,2,9,0,2,2,0,0,0,0,0,0,0,0,0,2,1,6,6,1,-1,-1,-1,-1,-1,-1,-1,-1,0,-1
2020302001430,2020,302001430,2,1,0,18,19,7,3,0,0,4,0,0,0,0,1,1,6,6,1,27,6,-1,-1,-1,-1,1,E01019663,0,-1
2020522101111,2020,522101111,1,9,0,18,19,5,1,0,0,0,0,0,0,0,1,1,6,6,1,21,5,-1,-1,-1,-1,7,E01029018,0,-1
2020200930241,2020,200930241,2,9,0,18,19,6,2,0,0,8,0,0,0,0,4,1,6,6,1,52,8,-1,-1,-1,-1,3,E01013629,0,-1
2020420930459,2020,420930459,2,1,0,18,19,4,1,0,0,3,5,0,0,0,4,1,5,6,1,62,9,-1,-1,-1,-1,1,E01022026,0,-1
2020010256590,2020,010256590,1,1,9,99,99,9,9,99,99,0,9,99,9,99,1,1,6,6,1,53,8,-1,-1,-1,-1,10,E01030340,0,-1
2020440232621,2020,440232621,1,9,0,2,2,0,0,0,0,0,0,0,0,0,0,1,6,6,1,49,8,-1,-1,-1,-1,9,E01022653,0,-1
2020010254884,2020,010254884,2,1,0,18,19,2,6,0,0,1,0,0,1,0,2,1,6,6,1,-1,-1,-1,-1,-1,-1,-1,-1,0,-1
2020520001850,2020,520001850,1,1,0,18,19,5,1,0,0,6,0,0,0,0,2,1,6,6,2,25,5,-1,-1,-1,-1,1,E01029132,0,-1
2020450956551,2020,450956551,4,1,0,18,19,1,5,0,0,1,0,0,0,0,0,1,6,6,3,26,6,-1,-1,-1,-1,-1,-1,0,-1
2020360967489,2020,360967489,2,1,0,9,9,7,4,0,0,1,0,0,0,0,1,1,5,6,1,20,4,-1,-1,-1,-1,7,E01026810,0,-1
2020421012465,2020,421012465,2,98,-1,-1,-1,-1,-1,-1,-1,0,-1,-1,-1,0,-1,1,1,1,1,32,6,-1,-1,-1,-1,-1,-1,0,-1
202031B061920,2020,31B061920,2,5,0,13,13,8,4,0,0,0,1,0,7,0,1,1,6,6,1,72,10,-1,-1,-1,-1,8,E01019806,0,-1
202063B066420,2020,63B066420,1,9,0,9,9,5,3,0,0,5,0,0,0,0,4,1,6,6,1,75,10,-1,-1,-1,-1,7,W01000548,0,-1
2020530926652,2020,530926652,2,98,0,2,2,0,0,0,0,8,0,0,0,0,2,1,6,6,3,-1,-1,-1,-1,-1,-1,-1,-1,0,-1
2020010265155,2020,010265155,1,1,0,99,99,9,9,0,0,8,0,0,0,0,1,1,6,6,1,30,6,-1,-1,-1,-1,5,E01002586,0,-1
2020010249875,2020,010249875,1,1,9,99,99,9,9,99,99,9,9,99,9,99,9,1,2,2,1,30,6,-1,-1,-1,-1,6,E01002567,0,-1
2020460999401,2020,460999401,2,1,0,18,19,7,3,0,0,0,0,0,0,0,2,1,5,6,1,56,9,-1,-1,-1,-1,8,E01024575,0,-1
2020522003805,2020,522003805,1,23,0,18,19,4,8,0,0,0,0,4,0,0,1,1,6,6,1,43,7,-1,-1,-1,-1,4,E01014573,0,-1
2020420965237,2020,420965237,2,1,0,7,7,6,8,0,0,4,5,10,0,0,3,1,5,6,1,38,7,-1,-1,-1,-1,10,E01015912,0,-1
2020010238211,2020,010238211,2,1,0,18,19,3,7,9,9,2,5,0,0,0,1,1,1,1,2,28,6,-1,-1,-1,-1,8,E01001906,0,-1
2020340E01722,2020,340E01722,2,1,0,18,19,5,1,0,0,8,0,0,0,0,1,1,6,6,1,33,6,-1,-1,-1,-1,8,E01027054,0,-1
2020170L20240,2020,170L20240,2,9,0,13,13,4,8,0,0,8,0,0,0,0,1,1,6,6,3,-1,-1,-1,-1,-1,-1,-1,-1,0,-1
202060Y025636,2020,60Y025636,1,9,0,18,19,5,1,0,0,1,0,0,0,0,1,1,6,6,2,28,6,-1,-1,-1,-1,-1,-1,0,-1
2020522100753,2020,522100753,2,9,0,3,3,4,1,0,0,0,0,0,0,0,1,1,6,6,2,83,11,-1,-1,-1,-1,6,E01014633,0,-1
2020140998952,2020,140998952,2,9,0,2,2,0,0,0,0,2,0,0,0,0,2,1,6,6,3,-1,-1,-1,-1,-1,-1,-1,-1,0,-1
2020440140939,2020,440140939,2,9,0,18,19,1,5,0,0,1,0,0,0,0,3,1,2,2,1,56,9,-1,-1,-1,-1,5,E01017090,0,-1
2020040962074,2020,040962074,2,1,0,18,19,7,3,0,0,1,0,0,0,0,3,1,1,1,1,22,5,-1,-1,-1,-1,5,E01025271,0,-1
2020200991149,2020,200991149,2,1,0,9,9,8,6,0,0,5,0,0,0,0,0,1,1,1,1,32,6,-1,-1,-1,-1,5,E01008981,0,-1
2020470951279,2020,470951279,2,1,0,18,19,2,6,0,0,3,0,0,0,0,1,1,5,6,1,56,9,-1,-1,-1,-1,3,E01031482,0,-1
2020122100070,2020,122100070,2,1,0,18,19,5,1,0,0,0,0,0,1,0,3,1,6,6,1,35,6,-1,-1,-1,-1,8,E01012360,0,-1
2020052001610,2020,052001610,2,1,0,18,19,8,4,0,0,6,0,0,0,0,3,1,6,6,1,14,3,-1,-1,-1,-1,6,E01007164,0,-1
2020520002709,2020,520002709,1,1,0,18,19,7,3,0,0,0,0,0,0,0,2,1,4,7,1,14,3,-1,-1,-1,-1,3,E01029038,0,-1
2020010281912,2020,010281912,2,9,0,18,19,7,3,0,0,4,0,0,0,0,4,9,6,6,3,-1,-1,-1,-1,-1,-1,-1,-1,0,-1
2020332000986,2020,332000986,1,9,0,18,19,7,3,0,0,1,0,0,0,0,2,1,2,2,2,24,5,-1,-1,-1,-1,4,E01016485,0,-1
2020500951734,2020,500951734,1,9,4,1,1,3,7,0,0,0,0,0,0,0,2,1,5,6,3,-1,-1,-1,-1,-1,-1,-1,-1,0,-1
2020360957348,2020,360957348,1,9,0,18,19,3,5,0,0,8,5,10,1,0,4,1,5,6,1,27,6,-1,-1,-1,-1,6,E01026612,0,-1
2020470959287,2020,470959287,2,1,0,7,7,4,5,0,0,1,0,0,0,0,2,1,6,6,1,35,6,-1,-1,-1,-1,7,E01020926,0,-1
2020470920003,2020,470920003,3,9,0,2,2,0,0,0,0,0,0,4,0,0,4,1,6,6,3,-1,-1,-1,-1,-1,-1,-1,-1,0,-1
2020010246663,2020,010246663,2,9,0,18,19,6,2,0,0,0,0,0,0,0,4,1,6,6,3,-1,-1,-1,-1,-1,-1,-1,-1,0,-1
2020010266746,2020,010266746,1,3,0,99,99,9,9,99,99,0,9,99,9,99,9,1,6,6,1,30,6,-1,-1,-1,-1,8,E01002981,0,-1
2020100955896,2020,100955896,2,1,0,18,19,1,5,0,0,8,0,0,0,0,4,1,1,1,1,15,3,-1,-1,-1,-1,3,E01027537,0,-1
2020010240323,2020,010240323,2,9,0,99,99,9,9,99,99,9,9,99,9,99,2,9,6,6,3,-1,-1,-1,-1,-1,-1,-1,-1,0,-1
2020010245508,2020,010245508,2,1,0,18,19,5,1,0,0,1,0,7,1,10,1,1,2,2,2,38,7,-1,-1,-1,-1,5,E01000824,0,-1
2020530962898,2020,530962898,1,1,0,18,19,7,3,0,0,0,0,0,0,0,2,1,6,6,2,55,8,-1,-1,-1,-1,10,E01022439,0,-1
2020990986484,2020,990986484,2,1,0,18,19,1,5,0,0,1,0,0,0,0,3,1,2,2,1,28,6,-1,-1,-1,-1,1,-1,0,-1
2020350938858,2020,350938858,2,1,0,18,19,3,7,0,0,4,0,0,0,0,1,1,6,6,2,24,5,-1,-1,-1,-1,3,E01017944,0,-1
2020140919111,2020,140919111,1,1,0,18,19,3,7,0,0,2,0,0,0,0,2,1,4,7,1,10,2,-1,-1,-1,-1,1,E01007677,0,-1
2020160944581,2020,160944581,2,1,0,9,9,5,1,0,0,2,0,0,0,0,1,1,6,6,1,15,3,-1,-1,-1,-1,-1,-1,0,-1
2020010237369,2020,010237369,2,1,0,18,19,3,7,0,0,1,0,0,0,0,1,1,1,1,2,23,5,-1,-1,-1,-1,3,E01003548,0,-1
2020990958725,2020,990958725,1,9,0,18,19,2,2,0,0,0,0,0,0,0,3,1,6,6,3,-1,-1,-1,-1,-1,-1,-1,-1,0,-1
2020010253068,2020,010253068,3,9,0,4,4,1,5,0,0,8,0,0,0,0,1,1,6,6,3,-1,-1,-1,-1,-1,-1,-1,-1,0,-1
2020010261923,2020,010261923,1,1,9,99,99,9,9,99,99,9,9,99,9,99,9,1,6,6,1,24,5,-1,-1,-1,-1,7,E01004297,0,-1
2020622001101,2020,622001101,2,1,0,18,19,3,7,0,0,8,0,0,0,0,1,1,1,1,1,39,7,-1,-1,-1,-1,4,W01001832,0,-1
2020332000076,2020,332000076,1,9,0,18,19,6,6,0,0,0,0,0,0,0,2,1,6,6,2,19,4,-1,-1,-1,-1,10,E01025906,0,-1
2020470995415,2020,470995415,1,19,0,7,7,6,8,0,0,8,0,0,0,0,4,1,6,6,3,-1,-1,-1,-1,-1,-1,-1,-1,0,-1
2020010236529,2020,010236529,2,9,0,99,99,9,9,99,99,9,9,99,9,99,9,9,6,6,3,-1,-1,-1,-1,-1,-1,5,E01001720,0,-1
2020460993374,2020,460993374,2,1,0,17,19,7,3,0,0,4,0,0,0,0,1,1,5,6,2,30,6,-1,-1,-1,-1,9,E01024835,0,-1
2020140971461,2020,140971461,2,1,0,18,19,8,4,0,0,0,0,0,0,0,3,1,6,6,2,50,8,-1,-1,-1,-1,3,E01007744,0,-1
2020140970421,2020,140970421,1,9,0,18,19,1,5,0,0,0,2,0,1,6,1,1,6,6,1,39,7,-1,-1,-1,-1,5,E01011158,0,-1
2020430179654,2020,430179654,2,1,0,18,19,3,7,0,0,0,0,0,0,0,3,1,6,6,1,8,2,-1,-1,-1,-1,-1,-1,0,-1
2020161006290,2020,161006290,1,9,0,18,19,5,7,0,0,1,0,0,0,0,1,1,6,6,3,-1,-1,-1,-1,-1,-1,-1,-1,0,-1
202006J175101,2020,06J175101,2,3,0,5,5,8,4,6,6,0,0,0,0,0,1,1,6,6,1,30,6,-1,-1,-1,-1,-1,-1,0,-1
2020040958624,2020,040958624,1,9,0,18,19,1,5,0,0,0,0,0,0,0,1,1,5,6,1,39,7,-1,-1,-1,-1,7,E01025029,0,-1
2020420933493,2020,420933493,4,9,0,10,10,5,3,0,0,8,0,0,0,0,1,1,1,1,1,68,10,-1,-1,-1,-1,5,E01023325,0,-1
2020137821390,2020,137821390,1,9,0,4,4,1,5,0,0,0,0,0,0,0,1,1,1,1,1,30,6,-1,-1,-1,-1,6,E01020778,0,-1
202006M168950,2020,06M168950,2,1,0,18,19,5,1,0,0,8,0,0,0,0,4,1,2,2,1,59,9,-1,-1,-1,-1,5,E01006160,0,-1
202060Y138929,2020,60Y138929,1,9,0,5,5,2,6,0,0,4,0,0,0,0,3,1,6,6,1,70,10,-1,-1,-1,-1,-1,-1,0,-1
2020501005032,2020,501005032,2,90,0,5,5,8,4,0,0,0,0,0,0,0,1,1,5,6,1,10,2,-1,-1,-1,-1,7,E01019892,0,-1
2020070433475,2020,070433475,2,21,0,7,7,5,1,0,0,5,0,0,0,0,2,1,6,6,1,47,8,-1,-1,-1,-1,9,E01012566,0,-1
2020460973245,2020,460973245,3,9,0,4,4,1,5,0,0,0,0,0,0,0,0,1,6,6,3,-1,-1,-1,-1,-1,-1,-1,-1,0,-1
202006J167494,2020,06J167494,2,9,0,7,7,7,1,0,0,6,0,0,0,0,1,1,6,6,1,30,6,-1,-1,-1,-1,-1,-1,0,-1
2020070549572,2020,070549572,1,1,0,18,19,8,4,0,0,2,0,0,0,0,1,1,6,6,1,24,5,-1,-1,-1,-1,-1,-1,0,-1
2020332001248,2020,332001248,2,1,0,18,19,4,8,0,0,0,0,0,0,0,0,1,6,6,1,39,7,-1,-1,-1,-1,-1,-1,0,-1
2020332000888,2020,332000888,1,9,0,9,9,5,3,0,0,6,0,0,0,0,1,1,6,6,1,84,11,-1,-1,-1,-1,7,E01025888,0,-1
2020040978479,2020,040978479,2,9,0,2,2,0,0,9,9,1,0,0,0,0,3,1,6,6,3,-1,-1,-1,-1,-1,-1,-1,-1,0,-1
2020220998062,2020,220998062,2,1,0,18,19,6,2,0,0,0,0,8,0,0,4,1,5,6,1,51,8,-1,-1,-1,-1,8,E01032427,0,-1
2020140979276,2020,140979276,1,9,0,2,2,0,0,0,0,0,0,0,0,0,2,1,6,6,3,-1,-1,-1,-1,-1,-1,-1,-1,0,-1
2020010277950,2020,010277950,1,2,9,99,99,9,9,99,99,9,9,99,9,99,9,1,6,6,3,-1,-1,-1,-1,-1,-1,-1,-1,0,-1
2020010273876,2020,010273876,1,1,9,99,99,9,9,99,99,8,9,99,9,99,9,1,2,2,2,47,8,-1,-1,-1,-1,5,E01000779,0,-1
2020990920786,2020,990920786,1,90,0,6,6,2,2,0,0,0,0,7,0,0,1,1,5,6,1,82,11,-1,-1,-1,-1,2,-1,0,-1
2020160957490,2020,160957490,2,1,0,18,19,8,4,0,0,8,0,0,0,0,1,1,5,6,1,62,9,-1,-1,-1,-1,9,E01013031,0,-1
202060Y035081,2020,60Y035081,1,9,0,18,19,2,6,0,0,2,0,0,0,0,1,1,6,6,1,49,8,-1,-1,-1,-1,-1,-1,0,-1
2020122001245,2020,122001245,1,9,0,18,19,2,6,0,0,1,0,0,0,0,1,1,2,2,1,45,7,-1,-1,-1,-1,6,E01025978,0,-1
2020545103620,2020,545103620,2,1,0,9,9,5,1,0,0,4,0,0,0,0,4,1,6,6,1,42,7,-1,-1,-1,-1,7,E01031976,0,-1
2020010251780,2020,010251780,1,1,0,18,19,5,1,5,5,0,5,0,0,0,1,1,6,6,1,15,3,-1,-1,-1,-1,3,E01004756,0,-1
2020140979713,2020,140979713,1,98,0,12,12,3,7,0,0,8,0,0,0,0,1,2,1,1,1,55,8,-1,-1,-1,-1,-1,-1,0,-1
2020010271737,2020,010271737,1,9,0,9,9,7,5,0,0,8,1,0,0,0,1,2,6,6,1,30,6,-1,-1,-1,-1,7,E01004508,0,-1
2020010257317,2020,010257317,1,1,9,99,99,9,9,99,99,9,9,99,9,99,9,1,6,6,1,19,4,-1,-1,-1,-1,5,E01000158,0,-1
2020410995158,2020,410995158,1,9,0,16,19,4,1,0,0,0,0,0,0,0,1,1,5,6,1,55,8,-1,-1,-1,-1,8,E01023485,0,-1
2020410952955,2020,410952955,1,1,0,16,19,1,5,0,0,0,2,0,0,0,1,1,5,6,1,54,8,-1,-1,-1,-1,10,E01023313,0,-1
2020470973424,2020,470973424,2,1,0,9,9,2,8,0,0,4,0,0,0,0,2,1,6,6,1,52,8,-1,-1,-1,-1,4,E01031428,0,-1
2020430433977,2020,430433977,2,1,0,18,19,7,3,0,0,4,0,0,0,0,1,1,6,6,1,-1,-1,-1,-1,-1,-1,7,E01016402,0,-1
202006M177831,2020,06M177831,2,9,0,5,5,8,4,0,0,8,0,0,0,0,1,1,2,2,1,34,6,-1,-1,-1,-1,9,E01006086,0,-1
202060Y187607,2020,60Y187607,2,9,0,18,19,5,1,0,0,0,0,0,0,0,1,1,6,6,1,43,7,-1,-1,-1,-1,-1,-1,0,-1
2020010245933,2020,010245933,2,90,0,18,19,1,5,0,0,6,0,0,0,0,0,1,1,1,1,32,6,-1,-1,-1,-1,3,E01002695,0,-1
2020302001003,2020,302001003,2,19,0,2,2,0,0,0,0,1,0,0,0,0,2,1,1,1,3,-1,-1,-1,-1,-1,-1,-1,-1,0,-1
2020010247415,2020,010247415,2,9,0,99,99,9,9,99,99,0,9,99,9,99,1,9,6,6,3,-1,-1,-1,-1,-1,-1,-1,-1,0,-1
2020010267032,2020,010267032,2,1,0,14,14,5,1,4,4,1,0,0,0,0,1,1,6,6,1,-1,-1,-1,-1,-1,-1,8,E01004386,0,-1
2020450962667,2020,450962667,2,1,0,9,9,3,1,0,0,1,0,0,0,0,1,1,6,6,3,-1,-1,-1,-1,-1,-1,-1,-1,0,-1
2020100963997,2020,100963997,2,1,0,18,19,3,7,0,0,1,0,0,0,0,1,1,5,6,1,70,10,-1,-1,-1,-1,8,E01008808,0,-1
2020470953484,2020,470953484,2,1,0,18,19,4,8,0,0,3,0,0,0,0,2,1,6,6,1,38,7,-1,-1,-1,-1,5,E01021011,0,-1
2020140984293,2020,140984293,1,9,0,18,19,3,7,0,0,0,0,0,0,0,4,1,6,6,2,-1,-1,-1,-1,-1,-1,-1,-1,0,-1
2020530974606,2020,530974606,2,1,0,18,19,1,5,0,0,0,0,0,0,0,1,1,1,1,1,45,7,-1,-1,-1,-1,8,E01022362,0,-1
2020110966641,2020,110966641,1,98,0,7,7,1,5,0,0,3,0,0,0,0,0,1,1,1,1,30,6,-1,-1,-1,-1,-1,-1,0,-1
2020471004234,2020,471004234,1,9,0,9,9,3,7,0,0,5,0,0,0,0,1,1,6,6,3,-1,-1,-1,-1,-1,-1,-1,-1,0,-1
2020137AS1676,2020,137AS1676,1,1,0,18,19,5,1,0,0,6,0,0,0,0,1,1,1,1,1,29,6,-1,-1,-1,-1,1,E01011348,0,-1
2020501015365,2020,501015365,3,9,0,3,3,1,5,0,0,1,0,0,0,0,2,1,5,6,2,42,7,-1,-1,-1,-1,5,E01015139,0,-1
2020460929117,2020,460929117,2,1,0,18,19,4,8,9,9,8,0,0,1,0,3,1,6,6,1,13,3,-1,-1,-1,-1,2,E01016035,0,-1
2020010266606,2020,010266606,2,9,0,4,4,1,5,0,0,0,0,0,0,0,0,1,1,1,1,42,7,-1,-1,-1,-1,-1,-1,0,-1
2020200937739,2020,200937739,1,1,0,18,19,5,1,0,0,2,0,0,0,0,3,1,4,7,1,11,3,-1,-1,-1,-1,3,E01009597,0,-1
2020370938182,2020,370938182,2,98,0,18,19,3,7,0,0,0,0,0,0,0,2,1,5,6,1,63,9,-1,-1,-1,-1,6,E01022096,0,-1
2020332000537,2020,332000537,1,9,0,18,19,5,1,0,0,0,0,0,1,4,1,1,6,6,1,25,5,-1,-1,-1,-1,9,E01025737,0,-1
2020010261779,2020,010261779,2,1,0,18,19,1,5,0,0,8,0,0,0,0,2,1,2,2,2,30,6,-1,-1,-1,-1,6,E01017812,0,-1
2020010284003,2020,010284003,1,1,9,99,99,9,9,99,99,0,9,99,9,99,1,1,2,2,1,33,6,-1,-1,-1,-1,2,E01004269,0,-1
2020137121373,2020,137121373,1,9,0,2,2,0,0,0,0,0,0,0,0,0,3,1,6,6,2,50,8,-1,-1,-1,-1,5,E01011395,0,-1
2020430064059,2020,430064059,1,9,0,17,19,3,8,0,0,0,0,0,0,0,3,1,2,2,2,54,8,-1,-1,-1,-1,8,E01028647,0,-1
2020451006437,2020,451006437,2,22,0,18,19,1,4,0,0,1,0,0,0,0,1,1,6,6,2,58,9,-1,-1,-1,-1,-1,-1,0,-1
2020552000817,2020,552000817,2,1,0,9,9,4,2,0,0,5,0,0,0,0,3,1,6,6,2,31,6,-1,-1,-1,-1,4,E01015372,0,-1
2020430436016,2020,430436016,2,5,0,13,13,8,4,0,0,8,0,0,0,0,1,1,6,6,1,45,7,-1,-1,-1,-1,3,E01002554,0,-1
2020010237083,2020,010237083,2,1,0,18,19,1,5,0,0,8,0,0,0,0,4,-1,2,2,1,24,5,-1,-1,-1,-1,4,E01003076,0,-1
2020140972273,2020,140972273,1,9,0,18,19,5,1,0,0,0,0,4,0,0,1,1,5,6,1,21,5,-1,-1,-1,-1,1,E01007851,0,-1
2020200933282,2020,200933282,1,9,0,9,9,6,4,0,0,5,0,0,0,0,1,1,6,6,2,38,7,-1,-1,-1,-1,4,E01009313,0,-1
2020520100854,2020,520100854,2,3,0,7,7,3,5,0,0,1,0,0,0,0,2,1,6,6,1,17,4,-1,-1,-1,-1,9,E01029115,0,-1
2020010263241,2020,010263241,2,1,0,18,19,1,5,4,4,1,0,0,0,0,0,1,6,6,1,39,7,-1,-1,-1,-1,6,E01004485,0,-1
2020430058720,2020,430058720,1,1,0,18,19,6,2,0,0,8,0,0,0,0,1,1,2,2,1,54,8,-1,-1,-1,-1,8,E01016557,0,-1
202060Y054961,2020,60Y054961,1,17,4,9,9,7,5,0,0,5,0,0,0,0,0,1,6,6,1,-1,-1,-1,-1,-1,-1,-1,-1,0,-1
2020430354132,2020,430354132,2,1,0,18,19,5,1,0,0,8,0,0,0,0,1,1,6,6,1,60,9,-1,-1,-1,-1,10,E01028476,0,-1
2020440402200,2020,440402200,1,3,0,7,7,7,1,0,0,8,0,0,0,0,0,1,1,1,2,54,8,-1,-1,-1,-1,5,E01017368,0,-1
2020410946089,2020,410946089,2,1,0,18,19,2,6,0,0,3,5,0,0,0,4,1,5,6,1,54,8,-1,-1,-1,-1,9,E01023525,0,-1
2020420973777,2020,420973777,3,9,0,2,2,0,0,9,9,0,0,0,0,0,4,1,6,6,3,-1,-1,-1,-1,-1,-1,-1,-1,0,-1
2020470984730,2020,470984730,1,98,0,2,2,3,7,9,9,0,0,0,0,0,2,1,6,6,3,-1,-1,-1,-1,-1,-1,-1,-1,0,-1
2020040926008,2020,040926008,3,9,0,2,2,0,0,0,0,1,0,0,0,0,2,1,6,6,3,-1,-1,-1,-1,-1,-1,-1,-1,0,-1
2020460987679,2020,460987679,2,98,1,2,2,0,0,6,6,0,0,0,0,0,2,1,6,6,1,64,9,-1,-1,-1,-1,3,E01025866,0,-1
2020010260797,2020,010260797,2,1,0,3,3,6,2,0,0,1,5,0,0,0,3,1,2,2,1,28,6,-1,-1,-1,-1,8,E01002963,0,-1
2020137AC0300,2020,137AC0300,1,9,0,18,19,5,1,0,0,0,1,0,0,0,1,1,6,6,1,23,5,-1,-1,-1,-1,5,E01010668,0,-1
2020400979968,2020,400979968,1,98,0,9,9,1,3,0,0,0,0,0,0,0,1,1,1,1,1,45,7,-1,-1,-1,-1,7,E01017423,0,-1
2020010255483,2020,010255483,1,1,0,9,9,7,4,0,0,4,0,0,0,0,0,1,2,2,2,25,5,-1,-1,-1,-1,4,E01001199,0,-1
202060Y129995,2020,60Y129995,1,9,0,17,19,2,6,0,0,0,0,0,0,0,3,1,6,6,1,46,8,-1,-1,-1,-1,-1,-1,0,-1
2020140988823,2020,140988823,2,1,0,5,5,5,7,0,0,0,0,0,0,0,1,1,6,6,1,13,3,-1,-1,-1,-1,9,E01007890,0,-1
2020360981340,2020,360981340,2,1,0,18,19,1,5,5,5,0,1,0,0,0,1,1,5,6,1,71,10,-1,-1,-1,-1,6,E01026593,0,-1
2020302000855,2020,302000855,1,90,0,7,7,8,2,0,0,5,0,10,0,0,4,1,1,1,1,-1,-1,-1,-1,-1,-1,5,E01019456,0,-1
202060Y138872,2020,60Y138872,1,9,0,18,19,4,8,0,0,1,0,0,0,0,4,1,6,6,1,76,11,-1,-1,-1,-1,-1,-1,0,-1
2020052000814,2020,052000814,1,1,0,18,19,5,1,0,0,8,0,0,0,0,3,1,6,6,1,-1,-1,-1,-1,-1,-1,-1,-1,0,-1
2020450958276,2020,450958276,2,19,0,18,19,7,3,0,0,2,0,0,0,0,1,1,6,6,1,55,8,-1,-1,-1,-1,-1,-1,0,-1
2020332000066,2020,332000066,1,9,0,1,1,3,7,0,0,0,0,0,0,0,2,1,6,6,1,35,6,-1,-1,-1,-1,-1,-1,0,-1
2020010244207,2020,010244207,2,1,0,18,19,7,3,0,0,8,0,0,0,0,1,-1,2,2,1,35,6,-1,-1,-1,-1,8,E01004498,0,-1
2020010258087,2020,010258087,2,1,0,9,9,2,7,0,0,8,0,0,3,0,1,1,6,6,1,20,4,-1,-1,-1,-1,2,E01003607,0,-1
2020340S08242,2020,340S08242,1,19,0,18,19,5,1,0,0,0,0,0,0,0,1,1,1,1,1,46,8,-1,-1,-1,-1,9,E01026997,0,-1
2020160943368,2020,160943368,2,9,0,18,19,3,7,0,0,0,0,0,0,0,1,1,6,6,1,-1,-1,-1,-1,-1,-1,-1,-1,0,-1
2020160937032,2020,160937032,5,9,0,2,2,0,0,9,9,1,0,0,0,0,2,1,6,6,3,-1,-1,-1,-1,-1,-1,-1,-1,0,-1
2020460990423,2020,460990423,2,1,0,18,19,3,7,0,0,1,0,0,0,0,0,1,6,6,1,56,9,-1,-1,-1,-1,9,E01024851,0,-1
202063C035520,2020,63C035520,1,19,0,18,19,6,2,0,0,0,0,0,0,0,1,1,6,6,3,-1,-1,-1,-1,-1,-1,-1,-1,0,-1
2020160928123,2020,160928123,2,1,5,18,19,5,1,0,0,1,0,0,0,0,1,1,6,6,1,28,6,-1,-1,-1,-1,1,E01012850,0,-1
2020610049020,2020,610049020,1,9,0,7,7,1,3,0,0,3,0,0,0,0,4,1,6,6,3,-1,-1,-1,-1,-1,-1,-1,-1,0,-1
2020010250405,2020,010250405,4,19,0,18,19,5,1,0,0,0,0,0,0,0,3,1,6,6,1,21,5,-1,-1,-1,-1,-1,-1,0,-1
2020010242427,2020,010242427,2,9,0,99,99,9,9,99,99,9,9,99,9,99,1,9,6,6,3,-1,-1,-1,-1,-1,-1,-1,-1,0,-1
2020010245480,2020,010245480,2,9,0,18,19,3,7,0,0,1,0,0,1,0,1,1,6,6,3,-1,-1,-1,-1,-1,-1,-1,-1,0,-1
20201377E0210,2020,1377E0210,2,1,0,18,19,4,8,0,0,0,0,0,0,0,0,1,1,1,1,57,9,-1,-1,-1,-1,1,E01011372,0,-1
2020030953728,2020,030953728,1,19,0,7,7,3,7,0,0,2,1,0,0,0,3,1,5,6,1,38,7,-1,-1,-1,-1,9,E01027521,0,-1
2020440085238,2020,440085238,1,9,0,18,19,2,6,0,0,0,0,0,0,0,1,1,6,6,2,-1,-1,-1,-1,-1,-1,-1,-1,0,-1
2020070615298,2020,070615298,2,1,0,18,19,2,6,0,0,1,0,0,0,0,1,1,6,6,2,44,7,-1,-1,-1,-1,1,E01018486,0,-1
2020990918280,2020,990918280,1,9,0,9,9,5,1,0,0,6,1,0,0,0,3,1,5,6,1,80,11,-1,-1,-1,-1,10,-1,0,-1