collision_index,collision_year,collision_ref_no,vehicle_reference,vehicle_type,towing_and_articulation,vehicle_manoeuvre_historic,vehicle_manoeuvre,vehicle_direction_from,vehicle_direction_to,vehicle_location_restricted_lane_historic,vehicle_location_restricted_lane,junction_location,skidding_and_overturning,hit_object_in_carriageway,vehicle_leaving_carriageway,hit_object_off_carriageway,first_point_of_impact,vehicle_left_hand_drive,journey_purpose_of_driver_historic,journey_purpose_of_driver,sex_of_driver,age_of_driver,age_band_of_driver,engine_capacity_cc,propulsion_code,age_of_vehicle,generic_make_model,driver_imd_decile,lsoa_of_driver,escooter_flag,driver_distance_banding
2020052001879,2020,052001879,1,9,0,7,7,3,5,0,0,2,0,0,0,0,0,1,6,6,3,-1,-1,-1,-1,-1,-1,-1,-1,0,-1
2020332000796,2020,332000796,2,9,0,16,19,8,4,0,0,0,0,0,0,0,1,1,6,6,1,43,7,-1,-1,-1,-1,8,E01025883,0,-1
2020221001737,2020,221001737,1,1,0,18,19,5,1,0,0,8,0,0,0,0,3,1,4,7,1,13,3,-1,-1,-1,-1,6,E01032407,0,-1
2020010247948,2020,010247948,2,1,0,18,19,5,1,0,0,1,0,10,0,0,2,1,6,6,1,17,4,-1,-1,-1,-1,8,E01001963,0,-1
2020010251919,2020,010251919,1,98,0,18,19,3,7,0,0,0,0,0,0,0,4,1,6,6,3,-1,-1,-1,-1,-1,-1,-1,-1,0,-1
2020440211521,2020,440211521,2,1,0,14,14,3,7,0,0,0,0,0,0,0,1,1,6,6,1,66,10,-1,-1,-1,-1,7,E01023168,0,-1
2020450982051,2020,450982051,1,98,0,12,12,5,1,0,0,0,0,0,0,0,3,2,1,1,1,45,7,-1,-1,-1,-1,-1,-1,0,-1
2020010281235,2020,010281235,1,9,0,5,5,3,7,0,0,1,0,0,0,0,4,1,2,2,1,36,7,-1,-1,-1,-1,6,E01000575,0,-1
2020010267657,2020,010267657,1,1,9,99,99,9,9,99,99,9,9,99,9,99,9,1,6,6,2,30,6,-1,-1,-1,-1,2,E01003984,0,-1
2020440404851,2020,440404851,2,9,0,18,19,5,1,0,0,8,0,0,0,0,1,1,6,6,1,17,4,-1,-1,-1,-1,9,E01022594,0,-1
202060Y133520,2020,60Y133520,1,9,0,18,19,3,8,0,0,8,0,0,1,7,1,1,2,2,1,19,4,-1,-1,-1,-1,-1,-1,0,-1
2020500977427,2020,500977427,3,1,0,2,2,0,0,6,6,0,0,0,0,0,0,1,6,6,2,73,10,-1,-1,-1,-1,5,E01018780,0,-1
2020070042832,2020,070042832,2,1,0,18,19,3,7,0,0,8,0,0,0,0,1,1,6,6,1,34,6,-1,-1,-1,-1,8,E01012549,0,-1
2020400953587,2020,400953587,1,9,0,18,19,1,2,0,0,0,0,0,0,0,1,1,5,6,1,61,9,-1,-1,-1,-1,4,E01027336,0,-1
2020052001418,2020,052001418,1,1,0,18,19,1,5,0,0,1,0,0,0,0,1,1,1,1,1,54,8,-1,-1,-1,-1,2,E01007218,0,-1
2020010230632,2020,010230632,2,9,0,99,99,9,9,99,99,9,9,99,9,99,1,9,6,6,3,-1,-1,-1,-1,-1,-1,-1,-1,0,-1
2020460982081,2020,460982081,1,19,0,12,12,2,6,0,0,0,0,0,0,0,3,1,5,6,1,49,8,-1,-1,-1,-1,-1,-1,0,-1
2020430203102,2020,430203102,1,1,0,7,7,5,7,0,0,6,0,0,0,0,1,1,6,6,1,20,4,-1,-1,-1,-1,1,E01016372,0,-1
20201375S1738,2020,1375S1738,2,1,0,14,14,6,1,0,0,0,0,8,0,0,1,1,6,6,1,26,6,-1,-1,-1,-1,2,E01011781,0,-1
2020420973045,2020,420973045,2,1,0,18,19,1,5,0,0,8,0,0,0,0,4,1,5,6,1,9,2,-1,-1,-1,-1,3,E01021649,0,-1
2020332000660,2020,332000660,1,9,0,18,19,4,8,0,0,0,0,0,0,0,1,1,6,6,2,35,6,-1,-1,-1,-1,9,E01026000,0,-1
2020010266613,2020,010266613,2,1,0,7,7,5,6,4,4,1,0,0,0,0,4,1,2,2,2,31,6,-1,-1,-1,-1,3,E01001733,0,-1
2020137B70414,2020,137B70414,2,1,0,5,5,4,7,0,0,4,0,0,0,0,1,1,6,6,1,66,10,-1,-1,-1,-1,-1,-1,0,-1
2020220953491,2020,220953491,2,1,0,18,19,5,1,0,0,0,0,0,1,0,2,1,2,2,1,24,5,-1,-1,-1,-1,1,E01032368,0,-1
2020010245062,2020,010245062,2,1,0,18,19,7,3,0,0,8,0,0,0,0,3,1,6,6,1,31,6,-1,-1,-1,-1,9,E01003885,0,-1
2020010282044,2020,010282044,1,1,0,18,19,5,1,4,4,8,0,0,0,0,1,1,6,6,1,27,6,-1,-1,-1,-1,3,E01003923,0,-1
2020430169753,2020,430169753,2,1,0,9,9,1,8,0,0,8,0,0,0,0,3,1,6,6,1,37,7,-1,-1,-1,-1,9,E01028425,0,-1
2020010252216,2020,010252216,2,1,0,18,19,7,3,4,4,8,0,0,0,0,1,-1,1,1,2,21,5,-1,-1,-1,-1,9,E01001299,0,-1
2020332000317,2020,332000317,1,9,0,9,9,3,1,0,0,5,0,0,0,0,4,1,6,6,1,34,6,-1,-1,-1,-1,7,E01031108,0,-1
2020332000254,2020,332000254,4,9,0,3,3,5,1,0,0,1,0,0,0,0,0,1,6,6,1,31,6,-1,-1,-1,-1,7,E01025864,0,-1
2020010284716,2020,010284716,1,1,9,99,99,9,9,99,99,9,9,99,9,99,1,1,2,2,1,33,6,-1,-1,-1,-1,1,E01003515,0,-1
2020990927221,2020,990927221,2,1,0,18,19,5,1,0,0,1,1,0,0,0,3,1,6,6,1,41,7,-1,-1,-1,-1,9,-1,0,-1
2020440319571,2020,440319571,1,9,0,18,19,6,2,0,0,0,1,0,2,10,3,1,6,6,1,42,7,-1,-1,-1,-1,2,E01001621,0,-1
2020350950427,2020,350950427,3,9,0,9,9,1,8,0,0,8,1,0,0,0,1,1,2,2,1,44,7,-1,-1,-1,-1,7,E01018165,0,-1
2020470986027,2020,470986027,1,1,0,18,19,8,4,4,4,8,0,0,0,0,1,1,1,1,1,36,7,-1,-1,-1,-1,10,E01022926,0,-1
2020211025705,2020,211025705,1,9,0,5,5,6,1,0,0,0,0,0,0,0,1,1,6,6,1,21,5,-1,-1,-1,-1,9,E01029364,0,-1
2020010272498,2020,010272498,1,1,9,99,99,9,9,99,99,9,9,99,9,99,1,1,6,6,1,16,4,-1,-1,-1,-1,9,E01002025,0,-1
2020052000863,2020,052000863,2,1,0,18,19,3,7,0,0,0,0,0,0,0,4,1,6,6,1,69,10,-1,-1,-1,-1,6,E01025507,0,-1
2020010284051,2020,010284051,1,9,0,99,99,9,9,99,99,9,9,99,9,99,1,9,6,6,3,-1,-1,-1,-1,-1,-1,4,E01000260,0,-1
20201375U2402,2020,1375U2402,2,1,0,18,19,5,1,0,0,4,0,0,0,0,1,1,6,6,1,64,9,-1,-1,-1,-1,1,E01010736,0,-1
2020451010234,2020,451010234,1,1,0,18,19,8,4,0,0,0,0,0,0,0,2,1,6,6,1,70,10,-1,-1,-1,-1,7,E01030647,0,-1
2020010248692,2020,010248692,2,9,0,99,99,9,9,99,99,0,9,99,9,99,1,9,6,6,3,-1,-1,-1,-1,-1,-1,-1,-1,0,-1
2020430200297,2020,430200297,2,9,0,18,19,3,7,0,0,8,0,0,0,0,4,1,6,6,3,-1,-1,-1,-1,-1,-1,-1,-1,0,-1
2020610048920,2020,610048920,1,9,0,8,8,2,5,0,0,4,0,0,0,0,2,1,6,6,1,42,7,-1,-1,-1,-1,5,W01001562,0,-1
2020400969956,2020,400969956,1,9,0,18,19,4,3,0,0,0,0,0,0,0,1,1,5,6,1,32,6,-1,-1,-1,-1,10,E01017544,0,-1
2020522002523,2020,522002523,2,1,0,9,9,7,5,0,0,8,0,0,0,0,1,1,6,6,1,40,7,-1,-1,-1,-1,1,E01014654,0,-1
2020010237543,2020,010237543,1,1,9,99,99,9,9,99,99,9,9,99,9,99,9,1,6,6,1,23,5,-1,-1,-1,-1,1,E01001426,0,-1
2020522004391,2020,522004391,1,9,0,2,2,0,0,0,0,0,0,0,0,0,2,1,6,6,1,29,6,-1,-1,-1,-1,6,W01001305,0,-1
202006A177186,2020,06A177186,1,11,0,18,19,8,4,0,0,1,0,0,0,0,1,1,1,1,1,38,7,-1,-1,-1,-1,2,E01005392,0,-1
2020041002813,2020,041002813,2,9,0,2,2,0,0,0,0,0,0,0,0,0,3,1,6,6,3,-1,-1,-1,-1,-1,-1,-1,-1,0,-1
2020470921444,2020,470921444,2,1,0,18,19,3,7,0,0,8,0,0,0,0,4,1,2,2,2,53,8,-1,-1,-1,-1,8,E01031780,0,-1
2020052000508,2020,052000508,1,1,0,18,19,9,9,0,0,9,0,0,0,0,9,1,1,1,1,-1,-1,-1,-1,-1,-1,-1,-1,0,-1
2020440307662,2020,440307662,2,1,0,18,19,8,4,0,0,0,0,0,1,0,2,1,6,6,2,36,7,-1,-1,-1,-1,-1,-1,0,-1
2020460995750,2020,460995750,2,1,0,18,19,6,2,0,0,1,0,0,0,0,2,1,6,6,1,14,3,-1,-1,-1,-1,5,E01033087,0,-1
2020332000577,2020,332000577,1,9,0,18,19,1,5,0,0,8,0,0,0,0,1,1,6,6,1,47,8,-1,-1,-1,-1,9,E01013706,0,-1
2020010236732,2020,010236732,2,1,0,7,7,6,8,0,0,1,0,0,0,0,1,1,6,6,1,41,7,-1,-1,-1,-1,5,E01001935,0,-1
2020110976957,2020,110976957,2,3,0,18,19,5,1,0,0,8,0,0,0,0,1,1,6,6,1,17,4,-1,-1,-1,-1,1,E01020790,0,-1
2020010260693,2020,010260693,2,1,0,16,19,1,3,0,0,8,2,0,3,0,0,1,2,2,2,29,6,-1,-1,-1,-1,6,E01004588,0,-1
2020040948428,2020,040948428,1,9,0,9,9,1,6,0,0,0,0,0,0,0,0,1,6,6,3,-1,-1,-1,-1,-1,-1,-1,-1,0,-1
20201376G1242,2020,1376G1242,1,9,0,9,9,5,3,0,0,6,0,0,0,0,3,1,6,6,1,40,7,-1,-1,-1,-1,5,E01011269,0,-1
2020010253255,2020,010253255,2,9,0,99,99,9,9,99,99,0,9,99,9,99,1,9,6,6,3,-1,-1,-1,-1,-1,-1,-1,-1,0,-1
2020010235957,2020,010235957,1,9,0,4,4,2,6,0,0,0,0,0,0,0,0,1,6,6,3,-1,-1,-1,-1,-1,-1,-1,-1,0,-1
2020370928615,2020,370928615,2,9,0,4,4,3,7,0,0,0,0,0,0,0,2,1,2,2,1,29,6,-1,-1,-1,-1,2,E01029996,0,-1
2020440299854,2020,440299854,1,9,0,18,19,1,5,0,0,0,0,0,0,0,1,2,6,6,1,24,5,-1,-1,-1,-1,-1,-1,0,-1
2020420959038,2020,420959038,1,9,0,11,11,5,1,0,0,0,0,0,0,0,4,1,6,6,3,30,6,-1,-1,-1,-1,-1,-1,0,-1
2020470950788,2020,470950788,2,1,0,18,19,4,8,0,0,8,0,0,0,0,1,1,5,6,1,44,7,-1,-1,-1,-1,5,E01031530,0,-1
2020010248765,2020,010248765,2,5,0,18,19,5,1,0,0,1,1,0,0,0,1,1,6,6,1,30,6,-1,-1,-1,-1,-1,-1,0,-1
2020400931807,2020,400931807,1,90,-1,-1,-1,1,1,-1,-1,0,-1,-1,-1,0,-1,1,6,6,3,-1,-1,-1,-1,-1,-1,-1,-1,0,-1
202060Y122065,2020,60Y122065,3,9,0,2,2,0,0,0,0,1,0,0,0,0,0,1,6,6,3,-1,-1,-1,-1,-1,-1,-1,-1,0,-1
2020010269422,2020,010269422,2,1,9,99,99,9,9,99,99,0,9,99,9,99,9,1,6,6,1,30,6,-1,-1,-1,-1,4,E01004525,0,-1
202060Y144825,2020,60Y144825,2,9,0,18,19,2,6,0,0,0,0,0,0,0,2,1,1,1,1,42,7,-1,-1,-1,-1,-1,-1,0,-1
2020140992342,2020,140992342,2,1,0,5,5,8,6,9,9,0,2,0,0,0,2,1,6,6,2,11,3,-1,-1,-1,-1,3,E01007533,0,-1
2020010255370,2020,010255370,2,1,0,18,19,5,1,0,0,1,0,0,0,0,1,1,6,6,2,26,6,-1,-1,-1,-1,8,E01004589,0,-1
202060Y022943,2020,60Y022943,1,21,1,18,19,6,2,0,0,1,0,0,0,0,4,1,1,1,1,54,8,-1,-1,-1,-1,-1,-1,0,-1
2020450937723,2020,450937723,1,19,0,13,13,6,2,0,0,0,0,0,0,0,4,1,5,6,1,21,5,-1,-1,-1,-1,9,E01030446,0,-1
2020010238434,2020,010238434,2,2,0,99,99,9,9,99,99,9,9,99,9,99,9,9,6,6,3,-1,-1,-1,-1,-1,-1,-1,-1,0,-1
2020450955790,2020,450955790,1,1,0,18,19,6,2,0,0,8,0,0,0,0,2,1,5,6,1,49,8,-1,-1,-1,-1,9,E01030978,0,-1
2020160984648,2020,160984648,1,9,0,16,19,3,7,0,0,2,1,0,7,11,1,1,6,6,1,19,4,-1,-1,-1,-1,1,E01012945,0,-1
2020030996692,2020,030996692,1,9,0,18,19,2,6,0,0,0,0,0,0,0,2,1,6,6,1,50,8,-1,-1,-1,-1,4,E01019293,0,-1
20201371U1906,2020,1371U1906,1,9,0,18,19,1,3,0,0,6,0,0,0,0,4,1,6,6,1,38,7,-1,-1,-1,-1,-1,-1,0,-1
2020211030435,2020,211030435,1,90,0,13,13,8,4,0,0,0,0,0,0,0,0,1,6,6,3,-1,-1,-1,-1,-1,-1,-1,-1,0,-1
2020010245455,2020,010245455,1,1,9,99,99,9,9,99,99,9,9,99,9,99,1,-1,6,6,1,30,6,-1,-1,-1,-1,1,E01001822,0,-1
2020040995431,2020,040995431,2,1,0,18,19,5,1,0,0,6,0,0,0,0,1,1,6,6,1,51,8,-1,-1,-1,-1,9,E01025490,0,-1
2020430014299,2020,430014299,2,1,0,18,19,1,5,0,0,8,0,0,0,0,4,1,6,6,2,-1,-1,-1,-1,-1,-1,-1,-1,0,-1
2020010248316,2020,010248316,1,1,9,18,19,9,9,0,0,1,5,0,0,99,1,1,6,6,1,14,3,-1,-1,-1,-1,3,E01001170,0,-1
2020320392885,2020,320392885,2,1,0,18,19,8,4,0,0,2,0,0,0,0,3,1,6,6,1,70,10,-1,-1,-1,-1,2,E01026049,0,-1
2020420973256,2020,420973256,2,1,0,18,19,5,3,0,0,4,0,0,0,0,1,1,5,6,1,44,7,-1,-1,-1,-1,6,E01021772,0,-1
2020430096032,2020,430096032,2,1,0,18,19,3,7,0,0,0,0,0,1,0,2,1,2,2,1,51,8,-1,-1,-1,-1,10,E01016338,0,-1
2020160981274,2020,160981274,2,1,0,18,19,1,5,0,0,8,0,0,0,0,1,1,4,7,1,15,3,-1,-1,-1,-1,7,E01033296,0,-1
2020052002673,2020,052002673,1,9,0,18,19,9,9,0,0,8,0,0,0,0,9,1,6,6,2,-1,-1,-1,-1,-1,-1,-1,-1,0,-1
2020440430830,2020,440430830,1,1,0,18,19,5,1,9,9,1,0,0,0,0,0,1,2,2,1,20,4,-1,-1,-1,-1,2,E01022819,0,-1
2020010249585,2020,010249585,2,9,0,99,99,9,9,99,99,9,9,99,9,99,1,9,6,6,3,-1,-1,-1,-1,-1,-1,1,E01004670,0,-1
2020552100015,2020,552100015,1,9,0,18,19,7,3,0,0,0,0,0,7,2,1,1,6,6,2,72,10,-1,-1,-1,-1,-1,-1,0,-1
2020430104127,2020,430104127,1,9,0,18,19,1,5,0,0,4,0,0,0,0,3,1,6,6,2,50,8,-1,-1,-1,-1,9,E01028650,0,-1
2020450997363,2020,450997363,2,9,0,18,19,7,3,0,0,0,1,0,0,0,1,1,1,1,1,49,8,-1,-1,-1,-1,3,E01001649,0,-1
2020440022661,2020,440022661,2,1,0,18,19,8,4,9,9,8,0,0,0,0,1,1,6,6,1,51,8,-1,-1,-1,-1,10,E01022691,0,-1
2020010266982,2020,010266982,2,1,0,18,19,5,1,4,4,2,5,0,0,0,4,1,6,6,2,40,7,-1,-1,-1,-1,2,E01004539,0,-1
2020010243700,2020,010243700,2,9,0,18,19,7,3,0,0,6,0,0,0,0,1,1,6,6,3,-1,-1,-1,-1,-1,-1,-1,-1,0,-1
2020010260840,2020,010260840,2,-1,9,12,12,9,9,0,0,1,5,0,0,99,3,1,6,6,1,-1,-1,-1,-1,-1,-1,1,E01004469,1,-1
202031C058620,2020,31C058620,1,22,0,18,19,7,3,0,0,2,0,0,0,0,3,1,6,6,1,66,10,-1,-1,-1,-1,1,E01033396,0,-1
2020010248038,2020,010248038,1,1,0,18,19,3,7,0,0,0,0,4,0,0,2,1,6,6,1,45,7,-1,-1,-1,-1,1,E01001857,0,-1
2020052001698,2020,052001698,1,9,0,99,99,9,9,0,0,8,0,0,0,0,9,1,6,6,3,-1,-1,-1,-1,-1,-1,-1,-1,0,-1
2020052001279,2020,052001279,1,1,0,18,19,3,7,0,0,0,0,0,0,0,1,1,6,6,1,18,4,-1,-1,-1,-1,4,E01007050,0,-1
2020010229006,2020,010229006,2,1,0,3,3,1,5,0,0,1,0,0,0,0,1,1,6,6,1,41,7,-1,-1,-1,-1,2,E01004000,0,-1
2020041009820,2020,041009820,1,9,0,18,19,7,3,0,0,4,0,0,0,0,1,1,6,6,3,-1,-1,-1,-1,-1,-1,-1,-1,0,-1
2020332001242,2020,332001242,1,9,0,18,19,8,4,0,0,0,0,0,0,0,0,1,6,6,1,25,5,-1,-1,-1,-1,-1,-1,0,-1
2020461001194,2020,461001194,1,9,0,18,19,4,7,0,0,1,0,0,0,0,0,1,6,6,3,-1,-1,-1,-1,-1,-1,-1,-1,0,-1
2020622000449,2020,622000449,2,1,0,18,19,2,4,0,0,3,0,0,0,0,2,1,6,6,2,22,5,-1,-1,-1,-1,4,W01000922,0,-1
202006P275254,2020,06P275254,2,1,0,18,19,2,6,0,0,1,0,0,0,0,1,1,6,6,1,43,7,-1,-1,-1,-1,-1,-1,0,-1
202060Y031277,2020,60Y031277,1,9,0,18,19,3,7,0,0,1,0,0,0,0,1,1,6,6,1,73,10,-1,-1,-1,-1,-1,-1,0,-1
2020010236282,2020,010236282,1,9,0,18,19,-1,-1,0,0,8,0,0,0,0,1,1,6,6,3,-1,-1,-1,-1,-1,-1,-1,-1,0,-1
2020010260285,2020,010260285,2,1,0,18,19,3,7,0,0,8,0,0,0,0,2,1,2,2,2,37,7,-1,-1,-1,-1,5,E01002801,0,-1
2020990918060,2020,990918060,1,9,0,7,7,2,5,0,0,1,0,0,1,11,1,1,5,6,1,40,7,-1,-1,-1,-1,8,-1,0,-1
2020052000520,2020,052000520,1,19,0,4,4,2,6,0,0,0,0,0,0,0,0,1,1,1,1,27,6,-1,-1,-1,-1,2,E01032511,0,-1
2020370922042,2020,370922042,1,9,0,12,12,3,7,0,0,0,0,0,0,0,1,1,1,1,1,25,5,-1,-1,-1,-1,10,E01030045,0,-1
2020010250355,2020,010250355,1,1,9,18,19,5,1,0,0,2,5,0,0,99,4,1,2,2,1,26,6,-1,-1,-1,-1,3,E01001240,0,-1
2020332000598,2020,332000598,1,9,0,14,14,7,3,0,0,0,0,0,0,0,3,1,6,6,2,27,6,-1,-1,-1,-1,2,E01013690,0,-1
2020010232949,2020,010232949,2,1,0,18,19,5,1,0,0,0,0,0,0,0,3,1,4,7,1,13,3,-1,-1,-1,-1,5,E01001315,0,-1
20201371V1251,2020,1371V1251,1,1,0,18,19,3,7,0,0,0,2,0,0,0,4,1,6,6,1,14,3,-1,-1,-1,-1,1,E01011345,0,-1
2020420933493,2020,420933493,1,9,0,5,5,3,1,0,0,6,0,0,0,0,1,1,5,6,1,50,8,-1,-1,-1,-1,-1,-1,0,-1
2020010253401,2020,010253401,2,9,0,99,99,9,9,99,99,9,9,99,9,99,1,9,6,6,3,-1,-1,-1,-1,-1,-1,-1,-1,0,-1
2020430217635,2020,430217635,2,9,0,18,19,2,6,0,0,4,0,0,0,0,3,1,6,6,1,-1,-1,-1,-1,-1,-1,10,E01016338,0,-1
2020430255000,2020,430255000,1,1,0,18,19,1,5,0,0,0,0,0,0,0,4,1,6,6,1,58,9,-1,-1,-1,-1,9,E01016257,0,-1
2020200937854,2020,200937854,3,9,0,2,2,0,0,0,0,0,0,0,0,0,3,1,6,6,1,-1,-1,-1,-1,-1,-1,2,E01010465,0,-1
2020302000525,2020,302000525,2,1,0,18,19,7,3,0,0,0,0,0,1,9,2,1,6,6,1,15,3,-1,-1,-1,-1,8,E01019691,0,-1
2020040973281,2020,040973281,1,9,0,18,19,5,1,0,0,0,0,0,0,0,0,1,6,6,3,-1,-1,-1,-1,-1,-1,-1,-1,0,-1
20201371I0638,2020,1371I0638,2,9,0,18,19,4,8,0,0,1,0,0,1,10,1,1,1,1,1,40,7,-1,-1,-1,-1,7,E01011637,0,-1
2020440037041,2020,440037041,1,1,0,18,19,8,3,0,0,8,0,0,0,0,2,1,6,6,1,40,7,-1,-1,-1,-1,8,E01022829,0,-1
2020548083420,2020,548083420,1,9,0,18,19,3,7,6,6,0,1,6,1,10,1,1,6,6,1,39,7,-1,-1,-1,-1,7,E01031976,0,-1
2020460930185,2020,460930185,1,21,1,18,19,5,7,0,0,1,0,0,0,0,4,1,1,1,1,55,8,-1,-1,-1,-1,-1,-1,0,-1
2020010268303,2020,010268303,2,9,0,99,99,9,9,99,99,0,9,99,9,99,1,9,6,6,3,-1,-1,-1,-1,-1,-1,-1,-1,0,-1
2020440407249,2020,440407249,2,9,0,13,13,6,2,0,0,8,0,0,0,0,3,1,6,6,3,-1,-1,-1,-1,-1,-1,-1,-1,0,-1
2020160928247,2020,160928247,2,9,0,18,19,8,4,0,0,1,0,0,0,0,1,2,5,6,2,36,7,-1,-1,-1,-1,5,E01018187,0,-1
2020440435858,2020,440435858,2,1,0,18,19,7,3,4,4,8,0,0,0,0,1,1,6,6,1,69,10,-1,-1,-1,-1,3,E01032738,0,-1
20201371F1402,2020,1371F1402,2,1,0,18,19,2,6,0,0,8,0,0,0,0,1,1,6,6,1,41,7,-1,-1,-1,-1,7,E01011642,0,-1
2020990955705,2020,990955705,2,4,0,18,19,4,7,0,0,3,0,0,0,0,1,1,5,6,1,37,7,-1,-1,-1,-1,-1,-1,0,-1
2020440298822,2020,440298822,2,20,0,18,19,1,5,0,0,8,0,0,0,0,1,1,6,6,1,-1,-1,-1,-1,-1,-1,-1,-1,0,-1
2020990920799,2020,990920799,2,1,0,18,19,7,3,0,0,1,0,0,0,0,2,1,6,6,1,53,8,-1,-1,-1,-1,1,-1,0,-1
2020440460289,2020,440460289,2,9,0,18,19,1,7,0,0,8,0,0,0,0,3,1,6,6,1,-1,-1,-1,-1,-1,-1,-1,-1,0,-1
2020440224210,2020,440224210,2,9,0,9,9,6,2,0,0,0,0,0,0,0,1,1,6,6,1,56,9,-1,-1,-1,-1,7,E01017294,0,-1
2020010249945,2020,010249945,3,9,9,99,99,9,9,99,99,9,9,99,9,99,9,9,6,6,3,-1,-1,-1,-1,-1,-1,-1,-1,0,-1
2020360974942,2020,360974942,2,1,0,18,19,5,8,0,0,1,0,0,0,0,1,1,5,6,2,57,9,-1,-1,-1,-1,1,E01033112,0,-1
2020501005082,2020,501005082,1,9,0,9,9,4,8,0,0,6,0,0,0,0,0,1,6,6,3,-1,-1,-1,-1,-1,-1,-1,-1,0,-1
2020990973499,2020,990973499,2,1,0,18,19,8,4,0,0,0,0,0,0,0,0,1,6,6,1,52,8,-1,-1,-1,-1,8,-1,0,-1
2020990936825,2020,990936825,2,9,0,5,5,6,2,0,0,4,0,0,0,0,2,1,6,6,2,60,9,-1,-1,-1,-1,-1,-1,0,-1
2020522100482,2020,522100482,1,9,0,18,19,1,5,0,0,4,0,0,0,0,1,1,6,6,1,21,5,-1,-1,-1,-1,-1,-1,0,-1
2020440284149,2020,440284149,1,9,0,18,19,7,3,0,0,8,0,0,0,0,0,1,6,6,2,77,11,-1,-1,-1,-1,6,E01023063,0,-1
2020450977312,2020,450977312,2,9,0,2,2,0,0,0,0,0,0,0,0,0,4,1,6,6,3,-1,-1,-1,-1,-1,-1,-1,-1,0,-1
2020220949898,2020,220949898,2,1,0,18,19,8,4,0,0,8,0,0,0,0,1,1,5,6,1,53,8,-1,-1,-1,-1,1,E01014197,0,-1
2020450914664,2020,450914664,2,9,0,18,19,1,5,0,0,0,0,0,0,0,1,1,5,6,1,37,7,-1,-1,-1,-1,10,E01030377,0,-1
2020332000292,2020,332000292,1,9,0,9,9,2,8,0,0,5,0,0,0,0,1,1,6,6,1,34,6,-1,-1,-1,-1,3,E01025753,0,-1
2020010279005,2020,010279005,1,-1,0,7,7,1,3,0,0,6,0,0,0,0,1,1,6,6,1,21,5,-1,-1,-1,-1,3,E01000132,1,-1
2020010235475,2020,010235475,1,1,9,99,99,9,9,99,99,0,9,99,9,99,9,1,6,6,2,19,4,-1,-1,-1,-1,3,E01004020,0,-1
2020010257077,2020,010257077,1,1,9,99,99,9,9,99,99,0,9,99,9,99,9,1,2,2,1,37,7,-1,-1,-1,-1,6,E01024756,0,-1
2020010234607,2020,010234607,1,1,9,99,99,9,9,99,99,0,9,99,9,99,9,1,2,2,1,59,9,-1,-1,-1,-1,7,E01004516,0,-1
2020440367070,2020,440367070,2,1,0,9,9,3,2,0,0,8,0,0,0,0,3,1,6,6,1,16,4,-1,-1,-1,-1,9,E01017061,0,-1
2020100977432,2020,100977432,2,9,0,2,2,5,5,9,9,2,0,0,0,0,3,1,6,6,3,-1,-1,-1,-1,-1,-1,-1,-1,0,-1
2020522005070,2020,522005070,2,1,0,9,9,7,6,0,0,8,0,0,0,0,4,1,6,6,2,52,8,-1,-1,-1,-1,7,E01014491,0,-1
2020440022235,2020,440022235,1,9,0,18,19,2,6,0,0,0,0,0,5,6,1,1,6,6,2,27,6,-1,-1,-1,-1,3,E01015283,0,-1
2020420915206,2020,420915206,1,9,0,16,19,1,4,0,0,0,0,0,7,1,1,1,6,6,1,72,10,-1,-1,-1,-1,7,E01002341,0,-1
2020320592335,2020,320592335,1,1,0,7,7,1,3,0,0,8,2,0,0,0,4,1,6,6,1,53,8,-1,-1,-1,-1,8,E01013170,0,-1
202060Y057584,2020,60Y057584,3,9,0,2,2,0,0,0,0,1,0,0,0,0,2,1,1,1,1,-1,-1,-1,-1,-1,-1,-1,-1,0,-1
2020010267524,2020,010267524,2,9,0,18,19,7,3,0,0,0,0,0,0,0,4,1,6,6,3,-1,-1,-1,-1,-1,-1,-1,-1,0,-1
2020440052810,2020,440052810,2,9,0,5,5,7,3,0,0,8,0,0,0,0,1,1,6,6,3,-1,-1,-1,-1,-1,-1,-1,-1,0,-1
2020522002259,2020,522002259,2,9,0,18,19,3,7,0,0,0,0,0,0,0,1,1,6,6,3,-1,-1,-1,-1,-1,-1,-1,-1,0,-1
2020010262962,2020,010262962,2,97,0,99,99,9,9,99,99,9,9,99,9,99,1,9,6,6,3,-1,-1,-1,-1,-1,-1,-1,-1,0,-1
2020522100895,2020,522100895,1,9,0,18,19,8,4,0,0,3,0,0,0,0,1,1,6,6,1,43,7,-1,-1,-1,-1,6,E01032083,0,-1
2020010253546,2020,010253546,1,9,0,18,19,1,5,0,0,1,0,0,0,0,3,1,6,6,1,28,6,-1,-1,-1,-1,7,E01003956,0,-1
2020010250078,2020,010250078,3,9,0,99,99,9,9,99,99,1,9,99,9,99,9,9,6,6,3,-1,-1,-1,-1,-1,-1,-1,-1,0,-1
202054A791820,2020,54A791820,2,22,0,18,19,1,5,0,0,1,0,0,0,0,0,1,6,6,1,67,10,-1,-1,-1,-1,7,E01032003,0,-1
2020170H10780,2020,170H10780,2,1,0,18,19,5,1,9,9,1,0,0,0,0,1,1,6,6,1,13,3,-1,-1,-1,-1,-1,-1,0,-1
2020010284206,2020,010284206,1,9,0,9,9,3,1,0,0,6,0,0,0,0,1,1,6,6,3,-1,-1,-1,-1,-1,-1,-1,-1,0,-1
2020010236980,2020,010236980,2,1,0,15,15,3,7,0,0,0,0,0,7,0,2,1,6,6,1,19,4,-1,-1,-1,-1,7,E01003200,0,-1
2020520100986,2020,520100986,1,9,0,18,19,7,3,0,0,4,0,0,0,0,1,1,6,6,1,35,6,-1,-1,-1,-1,5,E01029215,0,-1
2020360944467,2020,360944467,2,4,0,18,19,6,2,0,0,0,0,0,0,0,1,1,5,6,1,55,8,-1,-1,-1,-1,3,E01026717,0,-1
2020440148401,2020,440148401,2,1,0,18,19,1,5,0,0,0,0,0,0,0,0,1,6,6,1,20,4,-1,-1,-1,-1,2,E01022819,0,-1
2020440080589,2020,440080589,2,9,0,3,3,5,2,0,0,8,0,0,0,0,2,1,2,2,2,57,9,-1,-1,-1,-1,8,E01022828,0,-1