collision_index,collision_year,collision_ref_no,vehicle_reference,vehicle_type,towing_and_articulation,vehicle_manoeuvre_historic,vehicle_manoeuvre,vehicle_direction_from,vehicle_direction_to,vehicle_location_restricted_lane_historic,vehicle_location_restricted_lane,junction_location,skidding_and_overturning,hit_object_in_carriageway,vehicle_leaving_carriageway,hit_object_off_carriageway,first_point_of_impact,vehicle_left_hand_drive,journey_purpose_of_driver_historic,journey_purpose_of_driver,sex_of_driver,age_of_driver,age_band_of_driver,engine_capacity_cc,propulsion_code,age_of_vehicle,generic_make_model,driver_imd_decile,lsoa_of_driver,escooter_flag,driver_distance_banding
2020990982965,2020,990982965,2,9,0,2,2,0,0,0,0,0,0,0,0,0,4,1,6,6,3,-1,-1,-1,-1,-1,-1,-1,-1,0,-1
2020160922688,2020,160922688,2,1,0,5,5,1,5,0,0,6,0,0,0,0,3,1,6,6,1,34,6,-1,-1,-1,-1,1,E01012841,0,-1
2020501004965,2020,501004965,1,20,0,3,3,-1,-1,0,0,0,0,0,0,0,2,1,1,1,3,-1,-1,-1,-1,-1,-1,-1,-1,0,-1
2020140926709,2020,140926709,3,9,0,18,19,3,7,0,0,0,0,0,0,0,0,1,6,6,3,-1,-1,-1,-1,-1,-1,-1,-1,0,-1
2020170M21190,2020,170M21190,2,1,0,10,10,6,4,0,0,1,0,0,0,0,1,1,6,6,1,21,5,-1,-1,-1,-1,1,E01012091,0,-1
2020460966024,2020,460966024,3,97,0,15,15,3,7,0,0,0,0,0,0,0,0,1,5,6,3,-1,-1,-1,-1,-1,-1,-1,-1,0,-1
2020470999780,2020,470999780,2,1,0,18,19,2,6,0,0,8,0,0,0,0,1,1,6,6,1,52,8,-1,-1,-1,-1,5,E01016971,0,-1
2020010258029,2020,010258029,1,1,9,18,19,7,3,99,99,1,9,0,0,0,3,1,6,6,1,29,6,-1,-1,-1,-1,3,E01003524,0,-1
2020201016947,2020,201016947,1,9,0,18,19,5,1,0,0,6,0,0,0,0,1,1,6,6,1,-1,-1,-1,-1,-1,-1,-1,-1,0,-1
202006E473785,2020,06E473785,1,9,0,17,19,7,4,0,0,0,1,0,0,0,1,1,6,6,3,-1,-1,-1,-1,-1,-1,-1,-1,0,-1
2020200961556,2020,200961556,3,98,5,2,2,0,0,0,0,0,0,0,0,0,2,1,1,1,1,47,8,-1,-1,-1,-1,-1,-1,0,-1
2020010284762,2020,010284762,2,9,9,99,99,9,9,99,99,0,9,99,9,99,9,9,6,6,3,-1,-1,-1,-1,-1,-1,-1,-1,0,-1
2020010277303,2020,010277303,2,9,0,4,4,3,7,0,0,1,0,0,0,0,0,1,1,1,1,58,9,-1,-1,-1,-1,3,E01000167,0,-1
202060Y167516,2020,60Y167516,1,9,0,16,19,6,8,0,0,0,1,0,0,0,1,1,6,6,1,25,5,-1,-1,-1,-1,-1,-1,0,-1
2020350947199,2020,350947199,3,9,0,18,19,3,7,0,0,0,0,0,0,0,1,1,5,6,1,37,7,-1,-1,-1,-1,7,E01013787,0,-1
2020990996862,2020,990996862,2,1,0,18,19,5,1,0,0,1,0,0,0,0,4,1,6,6,1,16,4,-1,-1,-1,-1,3,-1,0,-1
2020030981289,2020,030981289,2,1,0,18,19,7,3,0,0,8,0,0,0,0,3,1,6,6,2,36,7,-1,-1,-1,-1,1,-1,0,-1
2020552000645,2020,552000645,1,19,0,9,9,8,6,0,0,6,0,0,0,0,0,1,6,6,3,-1,-1,-1,-1,-1,-1,-1,-1,0,-1
2020010255940,2020,010255940,2,9,0,7,7,7,2,0,0,8,0,0,0,0,3,1,1,1,1,56,9,-1,-1,-1,-1,2,E01001982,0,-1
2020450967000,2020,450967000,2,9,0,2,2,0,0,0,0,2,0,0,0,0,2,1,1,1,1,33,6,-1,-1,-1,-1,5,E01022579,0,-1
202006L272158,2020,06L272158,1,90,0,18,19,5,1,9,9,2,2,0,0,0,0,1,6,6,1,30,6,-1,-1,-1,-1,-1,-1,0,-1
2020430433902,2020,430433902,2,9,0,18,19,2,6,0,0,1,0,0,0,0,1,1,6,6,2,-1,-1,-1,-1,-1,-1,-1,-1,0,-1
2020040982531,2020,040982531,1,1,0,18,19,1,5,4,4,0,0,0,0,0,1,1,5,6,2,48,8,-1,-1,-1,-1,9,E01025023,0,-1
2020160988668,2020,160988668,2,9,0,2,2,0,0,0,0,0,0,0,0,0,1,1,6,6,3,-1,-1,-1,-1,-1,-1,-1,-1,0,-1
2020360937551,2020,360937551,1,9,0,15,15,5,1,0,0,0,0,0,0,0,4,1,6,6,3,-1,-1,-1,-1,-1,-1,-1,-1,0,-1
2020430377468,2020,430377468,2,20,0,18,19,8,4,0,0,6,0,0,0,0,3,1,1,1,1,37,7,-1,-1,-1,-1,-1,-1,0,-1
2020552000452,2020,552000452,1,1,0,18,19,4,8,0,0,8,0,0,0,0,1,1,6,6,1,30,6,-1,-1,-1,-1,10,E01020420,0,-1
2020140984758,2020,140984758,1,9,0,18,19,6,2,0,0,1,0,0,0,0,-1,1,6,6,3,-1,-1,-1,-1,-1,-1,-1,-1,0,-1
202006N269802,2020,06N269802,1,1,0,18,19,6,2,0,0,8,0,0,0,0,1,1,6,6,1,30,6,-1,-1,-1,-1,3,E01004941,0,-1
2020010260987,2020,010260987,2,9,0,2,2,0,0,0,0,1,0,0,0,0,2,1,6,6,3,-1,-1,-1,-1,-1,-1,-1,-1,0,-1
2020010252549,2020,010252549,2,1,0,18,19,7,3,6,6,8,5,10,0,0,2,1,6,6,1,26,6,-1,-1,-1,-1,2,E01003079,0,-1
202031D163820,2020,31D163820,1,-1,0,18,19,7,3,0,0,6,0,0,0,0,3,1,6,6,1,15,3,-1,-1,-1,-1,10,E01028391,1,-1
2020010281128,2020,010281128,1,9,9,99,99,9,9,99,99,8,9,0,9,99,1,9,6,6,3,-1,-1,-1,-1,-1,-1,-1,-1,0,-1
2020010236590,2020,010236590,2,9,0,9,9,3,2,0,0,6,0,0,0,0,3,1,6,6,3,-1,-1,-1,-1,-1,-1,-1,-1,0,-1
2020052001359,2020,052001359,1,9,0,18,19,4,8,0,0,0,0,0,0,0,1,1,6,6,3,-1,-1,-1,-1,-1,-1,-1,-1,0,-1
2020200996361,2020,200996361,1,97,0,18,19,8,4,0,0,0,0,0,0,0,1,1,6,6,1,-1,-1,-1,-1,-1,-1,-1,-1,0,-1
2020332000413,2020,332000413,2,9,0,9,9,5,3,0,0,6,0,0,0,0,1,1,6,6,1,81,11,-1,-1,-1,-1,7,E01025882,0,-1
2020520004285,2020,520004285,3,9,0,3,3,6,2,0,0,0,0,0,0,0,2,1,6,6,1,68,10,-1,-1,-1,-1,3,E01029170,0,-1
2020010258939,2020,010258939,2,1,9,18,19,3,7,9,9,8,9,99,9,99,1,1,6,6,2,-1,-1,-1,-1,-1,-1,-1,-1,0,-1
2020010247814,2020,010247814,1,1,0,3,3,1,5,0,0,1,0,0,0,0,4,1,2,2,1,24,5,-1,-1,-1,-1,3,E01000610,0,-1
202006E177079,2020,06E177079,2,9,0,7,7,4,6,0,0,1,0,0,0,0,1,1,6,6,3,-1,-1,-1,-1,-1,-1,-1,-1,0,-1
2020010234780,2020,010234780,1,1,9,99,99,9,9,99,99,0,9,99,9,99,9,1,2,2,1,25,5,-1,-1,-1,-1,3,E01003182,0,-1
2020991010939,2020,991010939,2,19,0,2,2,0,0,9,9,0,0,0,0,0,2,1,6,6,3,-1,-1,-1,-1,-1,-1,-1,-1,0,-1
2020430427994,2020,430427994,1,9,0,16,19,3,6,0,0,0,0,0,0,0,4,1,1,1,1,60,9,-1,-1,-1,-1,-1,-1,0,-1
2020010287019,2020,010287019,1,1,9,99,99,9,9,99,99,9,9,99,9,99,9,1,6,6,1,21,5,-1,-1,-1,-1,3,E01000944,0,-1
2020545900120,2020,545900120,2,9,0,18,19,5,1,0,0,1,0,0,0,0,4,1,1,1,1,40,7,-1,-1,-1,-1,9,E01015473,0,-1
2020622000819,2020,622000819,2,1,0,18,19,2,6,0,0,0,0,0,0,0,4,1,6,6,2,61,9,-1,-1,-1,-1,5,W01000765,0,-1
2020360964795,2020,360964795,1,9,0,18,19,6,2,0,0,0,0,0,0,0,-1,1,3,7,2,-1,-1,-1,-1,-1,-1,-1,-1,0,-1
2020552100116,2020,552100116,2,1,0,18,19,6,2,0,0,8,0,0,0,0,3,1,6,6,1,68,10,-1,-1,-1,-1,4,E01020346,0,-1
2020010236722,2020,010236722,1,9,0,1,1,1,5,0,0,4,0,0,0,0,2,1,6,6,3,-1,-1,-1,-1,-1,-1,-1,-1,0,-1
2020470942211,2020,470942211,1,19,0,1,1,2,6,0,0,0,0,0,0,0,-1,1,6,6,3,-1,-1,-1,-1,-1,-1,-1,-1,0,-1
2020010261975,2020,010261975,1,5,0,18,19,2,6,2,2,0,5,0,0,0,1,1,2,2,1,44,7,-1,-1,-1,-1,5,E01015989,0,-1
2020010246221,2020,010246221,2,9,0,2,2,0,0,0,0,2,0,0,0,0,9,9,6,6,3,-1,-1,-1,-1,-1,-1,-1,-1,0,-1
2020052001128,2020,052001128,2,1,0,18,19,3,7,0,0,0,1,0,0,0,3,1,6,6,1,26,6,-1,-1,-1,-1,5,E01032905,0,-1
2020010282967,2020,010282967,1,19,0,5,5,8,4,0,0,0,0,0,0,0,1,1,1,1,1,64,9,-1,-1,-1,-1,5,E01030980,0,-1
202060Y162150,2020,60Y162150,2,9,0,18,19,3,7,0,0,1,0,9,7,0,3,1,6,6,1,29,6,-1,-1,-1,-1,-1,-1,0,-1
2020010245762,2020,010245762,2,1,0,18,19,8,4,0,0,8,0,0,0,0,1,1,6,6,1,46,8,-1,-1,-1,-1,3,E01000392,0,-1
202060Y099117,2020,60Y099117,1,98,0,9,9,4,8,0,0,8,0,0,0,0,3,1,6,6,3,-1,-1,-1,-1,-1,-1,-1,-1,0,-1
2020520003084,2020,520003084,2,17,0,13,13,6,2,0,0,0,0,0,0,0,4,1,6,6,3,-1,-1,-1,-1,-1,-1,-1,-1,0,-1
2020990987181,2020,990987181,1,9,0,16,19,1,4,0,0,3,0,0,0,0,3,1,6,6,3,60,9,-1,-1,-1,-1,-1,-1,0,-1
2020137A70188,2020,137A70188,1,9,0,18,19,7,3,0,0,0,0,0,0,0,1,1,6,6,1,40,7,-1,-1,-1,-1,-1,-1,0,-1
202006L372110,2020,06L372110,2,1,0,18,19,1,5,0,0,1,0,0,0,0,4,1,6,6,1,30,6,-1,-1,-1,-1,-1,-1,0,-1
2020010228629,2020,010228629,1,1,0,9,9,7,5,0,0,4,0,0,0,0,3,1,6,6,1,38,7,-1,-1,-1,-1,4,E01004642,0,-1
2020221015905,2020,221015905,2,19,0,7,7,3,5,0,0,6,0,0,0,0,2,1,2,2,1,50,8,-1,-1,-1,-1,5,E01014045,0,-1
2020010264535,2020,010264535,2,1,0,18,19,1,5,4,4,1,0,10,7,0,4,1,6,6,1,38,7,-1,-1,-1,-1,5,E01003359,0,-1
2020430015909,2020,430015909,1,9,0,1,1,5,1,0,0,0,0,0,0,0,2,1,6,6,1,-1,-1,-1,-1,-1,-1,2,E01016450,0,-1
2020320526374,2020,320526374,2,9,0,3,3,5,1,0,0,0,0,0,0,0,2,1,2,2,1,31,6,-1,-1,-1,-1,6,E01026135,0,-1
2020140991004,2020,140991004,2,1,0,18,19,8,4,0,0,1,0,0,0,0,1,1,6,6,1,33,6,-1,-1,-1,-1,7,E01008140,0,-1
2020040946707,2020,040946707,1,9,0,18,19,5,4,0,0,0,0,0,0,0,1,1,6,6,1,-1,-1,-1,-1,-1,-1,-1,-1,0,-1
2020052000945,2020,052000945,1,9,0,7,7,3,5,0,0,3,0,0,0,0,0,1,6,6,3,-1,-1,-1,-1,-1,-1,-1,-1,0,-1
2020040927563,2020,040927563,3,9,0,2,2,0,0,0,0,8,0,0,0,0,2,1,6,6,3,-1,-1,-1,-1,-1,-1,-1,-1,0,-1
2020122000336,2020,122000336,2,1,0,18,19,3,7,0,0,1,0,0,0,0,1,1,6,6,1,35,6,-1,-1,-1,-1,3,E01011582,0,-1
2020440170481,2020,440170481,1,1,0,18,19,7,3,0,0,8,0,0,0,0,1,1,6,6,1,63,9,-1,-1,-1,-1,9,E01022778,0,-1
2020070762720,2020,070762720,1,9,0,12,12,7,3,0,0,8,0,0,0,0,4,1,6,6,2,-1,-1,-1,-1,-1,-1,-1,-1,0,-1
2020332000372,2020,332000372,2,9,0,18,19,2,6,0,0,8,0,0,0,0,4,1,6,6,2,67,10,-1,-1,-1,-1,9,E01025820,0,-1
2020470965127,2020,470965127,3,11,0,3,3,3,7,0,0,1,0,0,0,0,0,1,1,1,3,-1,-1,-1,-1,-1,-1,-1,-1,0,-1
2020211009232,2020,211009232,1,98,-1,-1,-1,3,7,-1,-1,0,-1,-1,-1,0,-1,1,1,1,1,42,7,-1,-1,-1,-1,-1,-1,0,-1
2020522000466,2020,522000466,2,9,0,9,9,5,4,0,0,6,0,0,0,0,1,1,6,6,3,18,4,-1,-1,-1,-1,-1,-1,0,-1
2020430162831,2020,430162831,1,9,0,7,7,3,5,0,0,8,0,0,0,0,4,1,1,1,1,32,6,-1,-1,-1,-1,-1,-1,0,-1
2020200926634,2020,200926634,1,9,0,18,19,8,6,0,0,4,0,0,0,0,1,1,6,6,1,31,6,-1,-1,-1,-1,6,E01008925,0,-1
2020010237361,2020,010237361,2,9,9,99,99,9,9,99,99,9,9,99,9,99,9,9,-1,-1,3,-1,-1,-1,-1,-1,-1,-1,-1,0,-1
2020010281011,2020,010281011,2,9,0,18,19,5,1,0,0,0,0,0,0,0,4,1,6,6,3,-1,-1,-1,-1,-1,-1,-1,-1,0,-1
2020010268066,2020,010268066,1,9,-1,7,7,3,5,0,0,1,-1,0,0,0,1,9,-1,-1,3,-1,-1,-1,-1,-1,-1,-1,-1,0,-1
2020010248011,2020,010248011,2,1,0,18,19,7,3,0,0,0,0,0,0,0,0,1,6,6,1,35,6,-1,-1,-1,-1,8,E01002536,0,-1
2020544345920,2020,544345920,2,1,0,18,19,8,4,0,0,0,0,0,0,0,3,1,6,6,1,58,9,-1,-1,-1,-1,2,E01015528,0,-1
2020530917390,2020,530917390,1,9,0,18,19,7,3,0,0,0,0,0,0,0,1,1,5,6,1,36,7,-1,-1,-1,-1,9,E01031330,0,-1
2020070299977,2020,070299977,1,21,0,5,5,6,8,0,0,6,0,0,0,0,1,1,1,1,1,-1,-1,-1,-1,-1,-1,6,W01000305,0,-1
2020302001409,2020,302001409,1,9,4,18,19,3,7,0,0,0,1,0,1,0,1,1,2,2,1,59,9,-1,-1,-1,-1,10,E01008132,0,-1
2020440140676,2020,440140676,5,9,0,18,19,0,0,0,0,0,0,0,0,0,3,1,6,6,2,50,8,-1,-1,-1,-1,1,E01017280,0,-1
2020440178101,2020,440178101,1,19,0,18,19,4,8,0,0,0,0,0,0,0,4,1,6,6,3,-1,-1,-1,-1,-1,-1,-1,-1,0,-1
2020440218155,2020,440218155,1,1,0,18,19,8,4,0,0,0,0,10,0,0,0,1,6,6,1,35,6,-1,-1,-1,-1,2,E01017186,0,-1
2020440200272,2020,440200272,2,9,0,3,3,6,1,0,0,1,0,0,0,0,2,1,1,1,1,61,9,-1,-1,-1,-1,7,E01017048,0,-1
2020201001711,2020,201001711,1,23,0,9,9,2,8,0,0,5,1,0,0,0,1,1,6,6,1,26,6,-1,-1,-1,-1,1,E01009514,0,-1
2020460978004,2020,460978004,1,9,0,18,19,5,1,0,0,1,0,0,0,0,1,1,6,6,1,28,6,-1,-1,-1,-1,6,E01024096,0,-1
2020350940838,2020,350940838,1,9,0,1,1,3,7,0,0,0,0,0,0,0,2,1,6,6,2,-1,-1,-1,-1,-1,-1,-1,-1,0,-1
202006XF74748,2020,06XF74748,2,9,0,13,13,1,5,0,0,0,0,0,8,6,3,1,6,6,1,23,5,-1,-1,-1,-1,9,E01005715,0,-1
2020430338162,2020,430338162,1,1,0,18,19,4,8,2,2,0,0,0,0,0,3,1,6,6,1,21,5,-1,-1,-1,-1,3,E01016377,0,-1
2020470972774,2020,470972774,1,1,0,9,9,2,5,0,0,1,0,0,0,0,1,1,5,6,1,5,1,-1,-1,-1,-1,3,E01021137,0,-1
2020052000683,2020,052000683,1,1,0,18,19,1,5,0,0,0,0,0,0,0,1,1,2,2,3,-1,-1,-1,-1,-1,-1,-1,-1,0,-1
2020052002296,2020,052002296,2,1,0,9,9,7,5,0,0,3,0,0,0,0,4,1,6,6,1,56,9,-1,-1,-1,-1,7,E01006424,0,-1
2020302001258,2020,302001258,1,9,0,18,19,7,3,0,0,0,0,0,0,0,0,1,6,6,3,-1,-1,-1,-1,-1,-1,5,E01019456,0,-1
2020430301958,2020,430301958,2,1,0,18,19,8,4,0,0,0,0,0,0,0,1,1,6,6,1,-1,-1,-1,-1,-1,-1,10,E01017640,0,-1
2020522003583,2020,522003583,1,9,0,18,19,5,1,0,0,0,0,0,0,0,3,1,6,6,1,30,6,-1,-1,-1,-1,3,E01014948,0,-1
2020210956318,2020,210956318,1,90,-1,-1,-1,-1,-1,-1,-1,0,-1,-1,-1,0,-1,1,6,6,1,47,8,-1,-1,-1,-1,6,E01029756,0,-1
2020010233797,2020,010233797,1,1,9,99,99,9,9,99,99,0,9,99,9,99,1,1,6,6,2,24,5,-1,-1,-1,-1,7,E01027050,0,-1
2020332000453,2020,332000453,3,19,0,4,4,4,8,0,0,0,0,0,0,0,2,1,1,1,1,49,8,-1,-1,-1,-1,6,E01025940,0,-1
2020552000633,2020,552000633,2,1,0,18,19,6,2,0,0,8,0,0,0,0,1,1,6,6,1,52,8,-1,-1,-1,-1,8,E01022991,0,-1
2020052002677,2020,052002677,2,1,0,18,19,8,4,0,0,1,0,0,0,0,1,1,6,6,1,30,6,-1,-1,-1,-1,1,E01006721,0,-1
202006E177635,2020,06E177635,2,1,0,18,19,3,7,0,0,6,0,0,0,0,1,1,6,6,1,36,7,-1,-1,-1,-1,2,E01006111,0,-1
2020200949546,2020,200949546,1,9,0,5,5,8,4,9,9,6,0,0,0,0,1,1,6,6,2,-1,-1,-1,-1,-1,-1,-1,-1,0,-1
2020010246772,2020,010246772,1,19,0,4,4,1,5,0,0,0,0,0,0,0,0,1,1,1,1,33,6,-1,-1,-1,-1,6,E01002162,0,-1
2020010229267,2020,010229267,2,19,0,18,19,1,5,0,0,8,0,0,0,0,1,1,6,6,3,-1,-1,-1,-1,-1,-1,-1,-1,0,-1
2020370954161,2020,370954161,1,19,4,18,19,4,4,0,0,0,0,0,0,0,0,1,6,6,3,-1,-1,-1,-1,-1,-1,-1,-1,0,-1
2020320040525,2020,320040525,2,9,0,18,19,3,7,0,0,0,0,0,0,0,1,1,1,1,2,42,7,-1,-1,-1,-1,4,E01026248,0,-1
2020010270469,2020,010270469,2,9,0,99,99,9,9,99,99,9,9,99,9,99,1,9,6,6,3,-1,-1,-1,-1,-1,-1,-1,-1,0,-1
2020320021901,2020,320021901,1,20,0,13,13,1,5,0,0,0,1,0,7,0,1,1,1,1,1,56,9,-1,-1,-1,-1,9,E01026194,0,-1
2020470961160,2020,470961160,1,19,0,6,6,5,5,0,0,0,0,0,0,0,0,1,6,6,1,66,10,-1,-1,-1,-1,2,E01016993,0,-1
2020460975692,2020,460975692,1,21,1,2,2,0,0,6,6,0,0,0,0,0,4,1,1,1,1,33,6,-1,-1,-1,-1,-1,-1,0,-1
2020622000354,2020,622000354,2,1,0,18,19,2,6,0,0,8,0,0,0,0,4,1,6,6,1,37,7,-1,-1,-1,-1,3,W01001875,0,-1
202060Y030325,2020,60Y030325,1,98,0,1,1,6,2,0,0,0,0,0,0,0,2,1,1,1,1,30,6,-1,-1,-1,-1,-1,-1,0,-1
2020010263990,2020,010263990,1,9,0,18,19,2,6,0,0,2,0,0,0,0,1,1,6,6,3,-1,-1,-1,-1,-1,-1,-1,-1,0,-1
2020170L20010,2020,170L20010,1,9,0,18,19,2,6,0,0,8,0,0,0,0,1,1,6,6,1,51,8,-1,-1,-1,-1,2,E01012171,0,-1
2020010259281,2020,010259281,2,1,0,18,19,5,1,0,0,6,0,0,0,0,1,1,2,2,1,32,6,-1,-1,-1,-1,4,E01003282,0,-1
2020140982532,2020,140982532,2,9,0,18,19,1,5,0,0,2,0,0,0,0,2,1,6,6,3,-1,-1,-1,-1,-1,-1,-1,-1,0,-1
202060Y004745,2020,60Y004745,4,9,0,18,19,5,1,0,0,0,0,0,0,0,1,1,6,6,1,52,8,-1,-1,-1,-1,-1,-1,0,-1
2020100986902,2020,100986902,1,8,0,5,5,0,7,0,0,0,0,0,0,0,1,1,1,1,1,42,7,-1,-1,-1,-1,5,E01008855,0,-1
202006P168723,2020,06P168723,1,9,0,18,19,4,8,0,0,1,0,0,0,0,1,1,6,6,3,-1,-1,-1,-1,-1,-1,-1,-1,0,-1
2020530980011,2020,530980011,2,1,0,18,19,7,3,0,0,0,0,0,0,0,3,1,2,2,1,44,7,-1,-1,-1,-1,9,E01022429,0,-1
2020371004035,2020,371004035,2,9,0,2,2,1,5,0,0,0,0,0,0,0,4,1,6,6,3,-1,-1,-1,-1,-1,-1,-1,-1,0,-1
2020371002516,2020,371002516,1,9,0,18,19,7,3,0,0,0,0,0,0,0,1,1,6,6,1,-1,-1,-1,-1,-1,-1,-1,-1,0,-1
2020010258928,2020,010258928,2,1,0,4,4,4,8,0,0,1,0,0,0,0,1,1,2,2,2,35,6,-1,-1,-1,-1,2,E01001667,0,-1
2020320282266,2020,320282266,2,9,0,17,19,6,3,0,0,1,0,0,0,0,0,1,6,6,2,19,4,-1,-1,-1,-1,9,E01013155,0,-1
2020070562565,2020,070562565,1,9,0,18,19,3,7,0,0,1,0,0,0,0,3,1,6,6,3,-1,-1,-1,-1,-1,-1,-1,-1,0,-1
2020470961503,2020,470961503,1,98,0,16,19,6,1,0,0,0,0,0,0,0,1,1,6,6,1,-1,-1,-1,-1,-1,-1,-1,-1,0,-1
2020100949540,2020,100949540,1,1,0,5,5,5,1,9,9,2,0,0,0,0,1,1,5,6,1,32,6,-1,-1,-1,-1,4,E01008451,0,-1
2020520003955,2020,520003955,1,21,1,18,19,4,8,0,0,0,0,0,0,0,1,1,6,6,1,57,9,-1,-1,-1,-1,-1,-1,0,-1
2020010280063,2020,010280063,1,9,0,7,7,7,1,0,0,2,0,0,0,0,1,1,6,6,3,-1,-1,-1,-1,-1,-1,-1,-1,0,-1
2020430295857,2020,430295857,2,20,0,2,2,0,0,0,0,0,0,0,0,0,2,1,1,1,1,48,8,-1,-1,-1,-1,10,E01022870,0,-1
2020010249624,2020,010249624,1,1,9,99,99,9,9,99,99,9,9,99,9,99,0,1,6,6,1,41,7,-1,-1,-1,-1,2,E01002054,0,-1
2020332000613,2020,332000613,2,9,0,9,9,4,2,0,0,6,0,0,0,0,1,1,6,6,2,34,6,-1,-1,-1,-1,3,E01013744,0,-1
2020100970813,2020,100970813,1,9,0,18,19,1,5,0,0,0,0,0,0,0,4,1,6,6,2,18,4,-1,-1,-1,-1,-1,-1,0,-1
2020201009582,2020,201009582,2,1,0,18,19,6,2,0,0,8,0,0,0,0,4,1,6,6,1,59,9,-1,-1,-1,-1,1,E01008901,0,-1
202031D041420,2020,31D041420,2,1,0,18,19,6,2,0,0,8,0,0,0,0,4,1,6,6,2,53,8,-1,-1,-1,-1,10,E01028382,0,-1
202006E178405,2020,06E178405,2,1,0,18,19,1,5,0,0,8,0,0,0,0,1,1,6,6,1,26,6,-1,-1,-1,-1,1,E01005242,0,-1
2020137BR0460,2020,137BR0460,1,9,0,7,7,2,6,0,0,0,0,0,1,11,1,1,6,6,2,26,6,-1,-1,-1,-1,3,E01010665,0,-1
2020430225139,2020,430225139,1,9,0,18,19,1,5,0,0,0,0,0,0,0,2,1,1,1,1,64,9,-1,-1,-1,-1,9,E01002156,0,-1
2020160948010,2020,160948010,2,1,0,18,19,6,2,0,0,3,5,0,0,0,1,1,6,6,2,29,6,-1,-1,-1,-1,1,E01013210,0,-1
2020450915534,2020,450915534,1,9,0,18,19,5,1,0,0,0,0,4,1,2,1,1,5,6,2,37,7,-1,-1,-1,-1,6,E01030973,0,-1
2020030918968,2020,030918968,1,9,0,18,19,2,6,0,0,0,2,10,0,0,1,1,6,6,1,17,4,-1,-1,-1,-1,10,E01019368,0,-1
2020440300708,2020,440300708,1,1,0,18,19,4,8,0,0,0,0,0,0,0,0,1,6,6,1,34,6,-1,-1,-1,-1,5,E01022728,0,-1
2020170S10860,2020,170S10860,2,1,0,18,19,7,3,0,0,1,0,0,0,0,1,1,6,6,1,14,3,-1,-1,-1,-1,2,E01012249,0,-1
2020332001139,2020,332001139,1,9,0,18,19,2,6,0,0,0,0,0,0,0,0,1,6,6,2,23,5,-1,-1,-1,-1,-1,-1,0,-1
2020500998224,2020,500998224,1,9,0,18,19,7,2,0,0,0,0,0,0,0,1,1,2,2,2,23,5,-1,-1,-1,-1,2,E01019076,0,-1
2020460944434,2020,460944434,2,1,0,18,19,2,6,0,0,0,0,0,0,0,0,1,1,1,1,58,9,-1,-1,-1,-1,6,E01016134,0,-1
2020010231782,2020,010231782,1,1,9,99,99,9,9,99,99,9,9,99,9,99,1,1,2,2,1,37,7,-1,-1,-1,-1,2,E01001696,0,-1
2020220969222,2020,220969222,1,9,0,18,19,5,1,0,0,0,0,10,2,2,1,1,5,6,1,75,10,-1,-1,-1,-1,7,E01014012,0,-1
2020010269896,2020,010269896,2,20,0,99,99,9,9,99,99,9,9,99,9,99,9,9,6,6,3,-1,-1,-1,-1,-1,-1,-1,-1,0,-1
2020010282615,2020,010282615,1,1,9,99,99,9,9,99,99,9,9,99,9,99,9,1,6,6,1,40,7,-1,-1,-1,-1,4,E01002698,0,-1
2020990915179,2020,990915179,2,1,0,18,19,2,6,0,0,0,0,0,1,0,2,1,2,2,1,41,7,-1,-1,-1,-1,1,-1,0,-1
2020030979052,2020,030979052,1,1,0,18,19,7,3,0,0,0,0,0,0,0,1,1,5,6,2,84,11,-1,-1,-1,-1,10,E01019251,0,-1
2020520003110,2020,520003110,2,1,0,18,19,4,8,0,0,0,0,0,0,0,1,1,6,6,1,17,4,-1,-1,-1,-1,-1,-1,0,-1
2020990921334,2020,990921334,1,9,0,9,9,3,1,0,0,6,0,0,0,0,1,1,6,6,3,24,5,-1,-1,-1,-1,-1,-1,0,-1
2020010284620,2020,010284620,2,1,0,10,10,7,5,0,0,1,0,0,0,0,1,1,2,2,1,33,6,-1,-1,-1,-1,5,E01001641,0,-1
202060Y038658,2020,60Y038658,1,9,0,5,5,3,7,0,0,6,0,0,0,0,3,1,6,6,1,-1,-1,-1,-1,-1,-1,-1,-1,0,-1
2020440265375,2020,440265375,1,9,0,3,3,8,5,0,0,1,0,0,0,0,2,1,6,6,2,53,8,-1,-1,-1,-1,8,E01023178,0,-1
2020030983378,2020,030983378,2,1,0,18,19,6,2,0,0,1,0,0,0,0,3,1,5,6,1,49,8,-1,-1,-1,-1,1,E01019174,0,-1
2020622001023,2020,622001023,1,9,0,18,19,4,8,0,0,0,0,0,0,0,4,1,6,6,1,51,8,-1,-1,-1,-1,1,W01001704,0,-1
2020430320764,2020,430320764,1,9,0,18,19,7,3,0,0,0,0,0,0,0,4,1,6,6,1,-1,-1,-1,-1,-1,-1,-1,-1,0,-1
2020010276661,2020,010276661,2,-1,0,99,99,9,9,0,0,1,0,0,0,0,9,1,6,6,2,20,4,-1,-1,-1,-1,3,E01003616,1,-1
2020220963042,2020,220963042,2,1,0,18,19,4,8,0,0,1,0,0,0,0,2,1,5,6,1,12,3,-1,-1,-1,-1,7,E01014092,0,-1
2020220959322,2020,220959322,2,1,0,18,19,2,6,0,0,8,0,0,0,0,1,1,6,6,1,54,8,-1,-1,-1,-1,8,E01032446,0,-1
2020040978195,2020,040978195,2,1,0,18,19,1,5,0,0,0,0,0,0,0,2,1,5,6,1,50,8,-1,-1,-1,-1,5,E01025095,0,-1
2020052002526,2020,052002526,1,9,0,18,19,7,3,0,0,0,0,0,0,0,1,1,6,6,3,-1,-1,-1,-1,-1,-1,-1,-1,0,-1
2020410992257,2020,410992257,1,9,0,7,7,3,5,0,0,8,0,0,0,0,4,1,6,6,1,47,8,-1,-1,-1,-1,7,E01023462,0,-1
2020070486109,2020,070486109,1,9,0,18,19,1,5,0,0,4,0,0,0,0,1,2,6,6,1,66,10,-1,-1,-1,-1,10,E01018413,0,-1
2020410933090,2020,410933090,2,1,0,18,19,5,1,9,9,0,1,0,0,0,1,1,4,7,1,13,3,-1,-1,-1,-1,7,E01023776,0,-1
2020302000640,2020,302000640,3,1,0,18,19,3,6,0,0,8,1,0,0,0,1,1,6,6,1,40,7,-1,-1,-1,-1,3,E01013517,0,-1