collision_index,collision_year,collision_ref_no,vehicle_reference,vehicle_type,towing_and_articulation,vehicle_manoeuvre_historic,vehicle_manoeuvre,vehicle_direction_from,vehicle_direction_to,vehicle_location_restricted_lane_historic,vehicle_location_restricted_lane,junction_location,skidding_and_overturning,hit_object_in_carriageway,vehicle_leaving_carriageway,hit_object_off_carriageway,first_point_of_impact,vehicle_left_hand_drive,journey_purpose_of_driver_historic,journey_purpose_of_driver,sex_of_driver,age_of_driver,age_band_of_driver,engine_capacity_cc,propulsion_code,age_of_vehicle,generic_make_model,driver_imd_decile,lsoa_of_driver,escooter_flag,driver_distance_banding
2020010268857,2020,010268857,2,1,0,18,19,5,1,0,0,6,0,10,1,0,1,1,2,2,1,21,5,-1,-1,-1,-1,6,E01004534,0,-1
2020040996423,2020,040996423,2,9,0,2,2,0,0,0,0,1,0,0,0,0,2,1,6,6,3,-1,-1,-1,-1,-1,-1,-1,-1,0,-1
2020440282999,2020,440282999,1,1,0,18,19,3,7,0,0,0,0,0,0,0,4,1,6,6,3,-1,-1,-1,-1,-1,-1,-1,-1,0,-1
2020200972427,2020,200972427,2,1,0,18,19,5,1,0,0,8,0,0,0,0,3,1,6,6,1,17,4,-1,-1,-1,-1,7,E01009208,0,-1
2020010274142,2020,010274142,1,1,9,99,99,9,9,99,99,9,9,99,9,99,9,1,2,2,1,33,6,-1,-1,-1,-1,4,E01003776,0,-1
2020220985377,2020,220985377,2,1,0,9,9,7,6,0,0,8,0,0,0,0,1,1,5,6,1,64,9,-1,-1,-1,-1,5,E01014084,0,-1
2020411003684,2020,411003684,1,98,0,18,19,-1,-1,0,0,1,0,0,0,0,1,1,6,6,1,-1,-1,-1,-1,-1,-1,-1,-1,0,-1
2020520002040,2020,520002040,1,1,0,18,19,6,2,0,0,8,0,0,0,0,1,1,6,6,2,26,6,-1,-1,-1,-1,8,E01029023,0,-1
2020122100025,2020,122100025,1,9,0,18,19,1,5,0,0,0,0,0,0,0,1,1,6,6,3,-1,-1,-1,-1,-1,-1,-1,-1,0,-1
2020430412929,2020,430412929,2,9,0,15,15,6,2,0,0,0,0,0,0,0,3,1,6,6,3,-1,-1,-1,-1,-1,-1,-1,-1,0,-1
202060Y118042,2020,60Y118042,2,9,0,9,9,3,8,0,0,6,0,0,0,0,3,1,6,6,2,50,8,-1,-1,-1,-1,-1,-1,0,-1
2020332000527,2020,332000527,1,9,0,11,11,5,1,0,0,0,0,0,0,0,4,1,6,6,2,20,4,-1,-1,-1,-1,6,E01013609,0,-1
2020450998892,2020,450998892,1,9,0,18,19,3,7,0,0,0,0,0,0,0,1,1,1,1,1,37,7,-1,-1,-1,-1,7,E01024347,0,-1
2020137851201,2020,137851201,3,9,0,4,4,3,7,0,0,0,0,0,0,0,2,1,6,6,1,27,6,-1,-1,-1,-1,2,E01011220,0,-1
2020460988491,2020,460988491,3,90,0,18,19,1,5,0,0,8,0,0,0,0,0,1,1,1,3,-1,-1,-1,-1,-1,-1,-1,-1,0,-1
2020010245932,2020,010245932,2,1,0,18,19,6,2,0,0,1,0,0,0,0,1,1,6,6,1,62,9,-1,-1,-1,-1,5,E01003224,0,-1
202054A885420,2020,54A885420,1,3,0,18,19,7,3,0,0,1,0,0,0,0,1,1,6,6,1,18,4,-1,-1,-1,-1,9,E01032713,0,-1
202031C058620,2020,31C058620,2,9,0,18,19,7,3,0,0,2,0,0,0,0,4,1,6,6,3,-1,-1,-1,-1,-1,-1,-1,-1,0,-1
2020430037164,2020,430037164,1,9,0,4,4,2,6,0,0,0,0,0,0,0,1,1,6,6,1,45,7,-1,-1,-1,-1,2,E01017709,0,-1
202006M274942,2020,06M274942,3,9,0,18,19,6,2,0,0,1,0,0,0,0,1,1,6,6,3,-1,-1,-1,-1,-1,-1,-1,-1,0,-1
2020501004579,2020,501004579,2,1,0,18,19,5,1,0,0,1,5,0,0,0,1,1,5,6,1,31,6,-1,-1,-1,-1,8,E01018811,0,-1
202006K373835,2020,06K373835,3,9,0,17,19,2,6,0,0,0,0,0,0,0,2,1,6,6,1,30,6,-1,-1,-1,-1,4,E01006269,0,-1
2020200990123,2020,200990123,1,98,0,2,2,8,4,0,0,1,0,0,0,0,2,1,1,1,1,-1,-1,-1,-1,-1,-1,3,E01033561,0,-1
2020470982368,2020,470982368,4,98,0,17,19,4,1,0,0,1,0,0,0,0,0,1,6,6,3,-1,-1,-1,-1,-1,-1,-1,-1,0,-1
2020040923416,2020,040923416,2,1,0,18,19,1,5,0,0,1,0,0,0,0,0,1,5,6,1,65,9,-1,-1,-1,-1,9,E01025453,0,-1
2020470977149,2020,470977149,1,1,0,4,4,5,1,5,5,0,1,0,0,0,0,1,5,6,1,40,7,-1,-1,-1,-1,10,E01031747,0,-1
2020522002091,2020,522002091,1,9,0,18,19,5,1,0,0,0,0,0,0,0,1,1,6,6,1,64,9,-1,-1,-1,-1,9,E01014667,0,-1
2020460981592,2020,460981592,1,9,0,18,19,3,7,0,0,0,0,0,0,0,4,1,6,6,1,-1,-1,-1,-1,-1,-1,10,E01030821,0,-1
2020430304449,2020,430304449,1,9,0,18,19,1,5,0,0,0,0,0,0,0,3,1,6,6,1,-1,-1,-1,-1,-1,-1,-1,-1,0,-1
2020052001209,2020,052001209,2,1,0,18,19,1,5,0,0,0,0,0,0,0,3,1,6,6,1,54,8,-1,-1,-1,-1,1,E01007209,0,-1
2020200939717,2020,200939717,2,1,0,18,19,-1,-1,0,0,0,0,0,0,0,4,1,6,6,1,18,4,-1,-1,-1,-1,2,E01031097,0,-1
2020370980069,2020,370980069,2,1,-1,18,19,-1,-1,0,0,1,0,0,1,0,0,1,6,6,1,54,8,-1,-1,-1,-1,4,E01030123,0,-1
2020140998088,2020,140998088,3,9,0,18,19,4,1,0,0,0,0,0,0,0,0,1,1,1,2,31,6,-1,-1,-1,-1,-1,-1,0,-1
2020430346848,2020,430346848,1,9,0,18,19,6,2,0,0,0,0,0,8,10,1,1,6,6,2,20,4,-1,-1,-1,-1,10,E01028816,0,-1
2020460983090,2020,460983090,2,9,0,2,2,0,0,0,0,0,0,0,0,0,1,1,6,6,3,-1,-1,-1,-1,-1,-1,-1,-1,0,-1
2020460999212,2020,460999212,1,90,0,16,19,8,4,0,0,1,0,0,0,0,4,1,6,6,3,-1,-1,-1,-1,-1,-1,-1,-1,0,-1
2020332000381,2020,332000381,1,9,0,9,9,6,4,0,0,3,0,0,0,0,1,1,6,6,1,34,6,-1,-1,-1,-1,7,E01025623,0,-1
2020451002285,2020,451002285,3,1,0,18,19,2,6,0,0,3,0,0,0,0,4,1,5,6,1,56,9,-1,-1,-1,-1,7,E01002954,0,-1
2020010259471,2020,010259471,2,1,0,18,19,8,4,0,0,1,0,0,0,0,1,1,6,6,1,44,7,-1,-1,-1,-1,5,E01002692,0,-1
2020010239957,2020,010239957,1,9,0,99,99,9,9,99,99,9,9,99,9,99,9,9,6,6,3,-1,-1,-1,-1,-1,-1,-1,-1,0,-1
2020220991079,2020,220991079,1,9,0,9,9,1,7,0,0,5,0,0,0,0,3,1,5,6,1,60,9,-1,-1,-1,-1,9,E01032451,0,-1
2020010257441,2020,010257441,1,1,9,99,99,9,9,99,99,9,9,99,9,99,1,1,6,6,1,37,7,-1,-1,-1,-1,2,E01000154,0,-1
2020360983993,2020,360983993,2,1,0,18,19,8,4,4,4,1,5,0,0,0,1,1,6,6,2,28,6,-1,-1,-1,-1,7,E01026528,0,-1
2020480968789,2020,480968789,2,1,0,18,19,7,3,0,0,8,0,0,0,0,3,1,2,2,2,33,6,-1,-1,-1,-1,4,E01000916,0,-1
2020010262355,2020,010262355,1,1,0,18,19,3,7,0,0,1,0,0,0,0,1,1,6,6,1,24,5,-1,-1,-1,-1,2,E01004036,0,-1
2020010240222,2020,010240222,2,4,0,18,19,5,1,0,0,2,0,0,0,0,1,1,6,6,3,-1,-1,-1,-1,-1,-1,-1,-1,0,-1
2020010253621,2020,010253621,2,1,0,12,12,6,2,0,0,0,0,8,0,0,1,1,6,6,1,20,4,-1,-1,-1,-1,1,E01002736,0,-1
2020200983116,2020,200983116,1,9,0,18,19,6,2,0,0,1,0,0,0,0,1,1,6,6,1,-1,-1,-1,-1,-1,-1,3,E01009938,0,-1
2020010280203,2020,010280203,2,9,0,99,99,9,9,99,99,9,9,99,9,99,1,9,6,6,3,30,6,-1,-1,-1,-1,-1,-1,0,-1
2020990949821,2020,990949821,2,9,0,2,2,0,0,0,0,2,0,0,0,0,1,1,6,6,3,-1,-1,-1,-1,-1,-1,-1,-1,0,-1
202031D085220,2020,31D085220,1,9,0,13,13,7,3,0,0,8,0,0,0,0,1,1,6,6,3,-1,-1,-1,-1,-1,-1,-1,-1,0,-1
2020052000883,2020,052000883,2,1,0,18,19,7,3,0,0,0,0,0,0,0,1,1,6,6,1,26,6,-1,-1,-1,-1,5,E01006590,0,-1
2020340C07972,2020,340C07972,1,19,0,15,15,3,1,0,0,8,0,0,0,0,1,2,1,1,1,50,8,-1,-1,-1,-1,-1,-1,0,-1
2020500968309,2020,500968309,2,1,0,18,19,3,3,0,0,1,0,0,0,0,4,1,5,6,1,27,6,-1,-1,-1,-1,7,E01020193,0,-1
2020010274520,2020,010274520,2,-1,0,18,19,2,6,2,2,6,0,10,0,0,4,1,6,6,2,24,5,-1,-1,-1,-1,-1,-1,1,-1
2020500986846,2020,500986846,1,9,0,5,5,2,6,0,0,1,0,0,0,0,3,1,1,1,2,28,6,-1,-1,-1,-1,6,E01019058,0,-1
2020010243562,2020,010243562,1,20,0,18,19,1,5,0,0,0,0,0,0,0,1,1,6,6,3,-1,-1,-1,-1,-1,-1,-1,-1,0,-1
2020990939359,2020,990939359,2,1,0,18,19,6,3,0,0,8,0,0,0,0,1,1,5,6,1,68,10,-1,-1,-1,-1,8,-1,0,-1
2020221005025,2020,221005025,2,1,0,18,19,5,1,0,0,8,0,0,0,0,4,1,5,6,1,67,10,-1,-1,-1,-1,10,E01014177,0,-1
2020201019493,2020,201019493,2,9,0,7,7,3,5,0,0,1,0,0,0,0,4,1,1,1,2,-1,-1,-1,-1,-1,-1,3,E01028448,0,-1
2020170M11180,2020,170M11180,3,1,0,18,19,2,7,0,0,0,0,0,0,0,1,1,6,6,1,15,3,-1,-1,-1,-1,-1,-1,0,-1
2020350950590,2020,350950590,1,9,0,18,19,5,1,0,0,4,0,0,0,0,1,1,1,1,2,29,6,-1,-1,-1,-1,3,E01023650,0,-1
202006J268722,2020,06J268722,1,9,0,18,19,5,1,0,0,0,0,0,0,0,1,1,6,6,3,-1,-1,-1,-1,-1,-1,-1,-1,0,-1
2020430065596,2020,430065596,2,1,0,18,19,1,5,0,0,0,0,0,0,0,2,1,6,6,1,18,4,-1,-1,-1,-1,2,E01016450,0,-1
2020040972793,2020,040972793,2,1,0,18,19,3,7,0,0,0,0,0,0,0,0,1,6,6,1,56,9,-1,-1,-1,-1,-1,-1,0,-1
2020010257607,2020,010257607,2,9,0,99,99,9,9,0,0,8,9,99,9,99,9,9,6,6,3,-1,-1,-1,-1,-1,-1,-1,-1,0,-1
2020010265107,2020,010265107,2,9,9,99,99,9,9,99,99,1,9,99,9,99,9,1,6,6,3,-1,-1,-1,-1,-1,-1,-1,-1,0,-1
2020010276854,2020,010276854,2,1,0,18,19,3,7,4,4,1,0,0,0,0,4,1,6,6,1,29,6,-1,-1,-1,-1,3,E01004031,0,-1
2020470939978,2020,470939978,2,9,0,2,2,0,0,0,0,1,0,0,0,0,3,1,6,6,3,-1,-1,-1,-1,-1,-1,-1,-1,0,-1
2020332000408,2020,332000408,2,9,0,18,19,6,2,0,0,0,0,0,1,9,3,1,6,6,1,68,10,-1,-1,-1,-1,10,E01025632,0,-1
2020320543418,2020,320543418,2,1,0,18,19,7,3,0,0,1,0,0,0,0,1,1,4,7,1,14,3,-1,-1,-1,-1,7,E01032989,0,-1
2020100963822,2020,100963822,1,9,0,1,1,1,5,0,0,0,0,0,0,0,2,2,6,6,1,35,6,-1,-1,-1,-1,5,E01033556,0,-1
2020332000667,2020,332000667,1,9,0,6,6,8,8,0,0,0,0,0,0,0,1,1,6,6,1,81,11,-1,-1,-1,-1,4,E01013941,0,-1
2020010245288,2020,010245288,3,1,0,18,19,1,5,0,0,8,0,0,0,0,1,1,2,2,2,51,8,-1,-1,-1,-1,7,E01000862,0,-1
2020040963889,2020,040963889,2,1,0,18,19,3,7,0,0,0,2,0,0,0,1,1,5,6,1,56,9,-1,-1,-1,-1,10,E01025380,0,-1
2020052001967,2020,052001967,3,9,0,18,19,1,5,0,0,8,0,0,0,0,0,1,6,6,3,-1,-1,-1,-1,-1,-1,-1,-1,0,-1
2020101009992,2020,101009992,2,90,-1,18,19,7,3,0,0,0,0,1,0,0,1,1,6,6,3,-1,-1,-1,-1,-1,-1,-1,-1,0,-1
20201372N1178,2020,1372N1178,2,1,0,9,9,3,1,0,0,8,0,0,0,0,1,1,6,6,1,30,6,-1,-1,-1,-1,2,E01011485,0,-1
2020010261024,2020,010261024,2,9,0,99,99,9,9,99,99,9,9,99,9,99,9,9,6,6,3,-1,-1,-1,-1,-1,-1,-1,-1,0,-1
2020200931000,2020,200931000,1,1,0,18,19,7,3,0,0,6,0,0,0,0,1,1,6,6,1,28,6,-1,-1,-1,-1,8,E01009896,0,-1
2020010285599,2020,010285599,2,9,4,99,99,9,9,99,99,0,9,99,9,99,0,9,6,6,3,-1,-1,-1,-1,-1,-1,-1,-1,0,-1
2020361021088,2020,361021088,2,9,0,18,19,5,1,0,0,0,0,0,0,0,2,1,5,6,1,24,5,-1,-1,-1,-1,1,E01026604,0,-1
2020400916686,2020,400916686,2,9,0,3,3,3,7,0,0,0,0,0,0,0,2,1,5,6,2,40,7,-1,-1,-1,-1,-1,-1,0,-1
2020332000507,2020,332000507,1,9,0,9,9,3,5,0,0,6,0,0,0,0,1,1,6,6,2,43,7,-1,-1,-1,-1,-1,-1,0,-1
2020332001197,2020,332001197,1,9,0,18,19,5,1,0,0,0,0,0,0,0,0,1,6,6,1,47,8,-1,-1,-1,-1,-1,-1,0,-1
2020010275314,2020,010275314,2,-1,0,18,19,7,3,0,0,1,0,0,0,0,1,1,6,6,2,25,5,-1,-1,-1,-1,2,E01004584,1,-1
2020450992974,2020,450992974,2,9,0,18,19,7,3,0,0,1,0,0,0,0,4,1,6,6,3,45,7,-1,-1,-1,-1,-1,-1,0,-1
2020220974201,2020,220974201,2,1,0,18,19,8,4,0,0,8,0,0,0,0,4,1,5,6,1,56,9,-1,-1,-1,-1,10,E01028845,0,-1
2020332001132,2020,332001132,1,9,0,18,19,4,8,0,0,0,0,0,0,0,0,1,6,6,1,28,6,-1,-1,-1,-1,-1,-1,0,-1
2020070027596,2020,070027596,3,9,0,18,19,8,4,0,0,0,0,0,0,0,1,1,6,6,1,37,7,-1,-1,-1,-1,3,E01018746,0,-1
2020010234243,2020,010234243,3,98,1,18,19,3,7,0,0,1,0,99,9,99,2,9,1,1,1,-1,-1,-1,-1,-1,-1,-1,-1,0,-1
2020200994614,2020,200994614,1,9,0,18,19,-1,-1,0,0,0,0,8,0,0,3,1,6,6,3,-1,-1,-1,-1,-1,-1,-1,-1,0,-1
2020010277171,2020,010277171,2,9,0,99,99,9,9,99,99,9,9,99,9,99,9,9,6,6,3,-1,-1,-1,-1,-1,-1,-1,-1,0,-1
2020302001117,2020,302001117,1,11,0,18,19,8,4,0,0,0,0,0,0,0,0,1,1,1,3,-1,-1,-1,-1,-1,-1,5,E01019456,0,-1
2020470986510,2020,470986510,4,9,0,2,2,0,0,0,0,0,0,0,0,0,3,1,6,6,3,-1,-1,-1,-1,-1,-1,-1,-1,0,-1
2020041006255,2020,041006255,1,1,0,14,14,7,3,0,0,1,0,0,0,0,1,1,6,6,1,14,3,-1,-1,-1,-1,1,E01012736,0,-1
2020010258534,2020,010258534,2,9,0,5,5,5,1,0,0,0,0,0,0,0,0,2,6,6,3,-1,-1,-1,-1,-1,-1,-1,-1,0,-1
2020430242283,2020,430242283,2,1,0,18,19,5,1,0,0,0,0,8,0,0,1,1,6,6,2,60,9,-1,-1,-1,-1,10,E01016532,0,-1
2020332000291,2020,332000291,2,8,0,2,2,0,0,0,0,0,0,0,0,0,1,1,6,6,1,-1,-1,-1,-1,-1,-1,2,E01013774,0,-1
2020990961009,2020,990961009,2,1,0,16,19,1,6,0,0,0,1,0,0,0,1,1,5,6,1,44,7,-1,-1,-1,-1,9,-1,0,-1
2020010250351,2020,010250351,2,1,0,18,19,5,1,0,0,0,0,8,0,0,1,1,6,6,1,63,9,-1,-1,-1,-1,10,E01003463,0,-1
2020470976861,2020,470976861,1,9,0,18,19,3,7,-1,-1,1,0,0,0,0,1,1,6,6,3,-1,-1,-1,-1,-1,-1,-1,-1,0,-1
2020461011555,2020,461011555,2,1,0,18,19,7,3,0,0,1,0,0,0,0,3,1,6,6,2,-1,-1,-1,-1,-1,-1,9,E01024104,0,-1
2020332000547,2020,332000547,3,9,0,18,19,5,1,0,0,8,0,0,0,0,2,1,2,2,1,37,7,-1,-1,-1,-1,3,E01013641,0,-1
2020360922499,2020,360922499,1,1,0,18,19,8,4,0,0,0,0,11,0,0,1,1,4,7,1,13,3,-1,-1,-1,-1,1,E01026833,0,-1
2020211014531,2020,211014531,2,1,0,18,19,7,7,0,0,1,0,0,0,0,1,1,2,2,1,40,7,-1,-1,-1,-1,8,E01029784,0,-1
20201374O2360,2020,1374O2360,2,1,0,18,19,1,5,0,0,1,0,0,0,0,1,1,6,6,1,59,9,-1,-1,-1,-1,1,E01011510,0,-1
2020351006120,2020,351006120,2,1,0,18,19,7,3,0,0,0,0,0,0,0,3,1,5,6,2,6,2,-1,-1,-1,-1,8,E01018289,0,-1
2020460981260,2020,460981260,1,21,1,9,9,6,1,0,0,8,0,0,0,0,3,1,1,1,1,28,6,-1,-1,-1,-1,-1,-1,0,-1
2020010284962,2020,010284962,1,9,0,13,13,7,3,0,0,0,0,0,0,0,1,1,6,6,3,-1,-1,-1,-1,-1,-1,-1,-1,0,-1
2020010286481,2020,010286481,1,1,9,99,99,9,9,99,99,9,9,99,9,99,9,1,2,2,1,26,6,-1,-1,-1,-1,5,E01004482,0,-1
2020010269867,2020,010269867,1,1,9,99,99,9,9,99,99,9,9,99,9,99,9,1,2,2,2,27,6,-1,-1,-1,-1,3,E01002770,0,-1
2020410944093,2020,410944093,1,2,0,3,3,3,7,0,0,1,0,0,0,0,4,1,6,6,3,-1,-1,-1,-1,-1,-1,-1,-1,0,-1
2020420950577,2020,420950577,2,1,0,5,5,5,1,0,0,1,0,0,0,0,1,1,6,6,1,19,4,-1,-1,-1,-1,5,E01022008,0,-1
2020010258455,2020,010258455,2,9,0,99,99,9,9,99,99,9,9,99,9,99,1,9,6,6,3,-1,-1,-1,-1,-1,-1,-1,-1,0,-1
2020220975568,2020,220975568,1,9,0,1,1,2,6,0,0,1,0,0,0,0,2,1,6,6,1,50,8,-1,-1,-1,-1,5,E01032238,0,-1
202060Y103017,2020,60Y103017,3,98,0,18,19,5,1,0,0,0,0,0,0,0,0,1,6,6,1,32,6,-1,-1,-1,-1,-1,-1,0,-1
2020410928459,2020,410928459,1,9,0,18,19,6,3,0,0,1,0,0,3,11,1,1,6,6,1,78,11,-1,-1,-1,-1,6,E01023621,0,-1
2020230930167,2020,230930167,1,11,0,4,4,1,5,0,0,0,0,0,0,0,4,1,1,1,3,34,6,-1,-1,-1,-1,-1,-1,0,-1
2020010272789,2020,010272789,2,9,0,99,99,9,9,99,99,0,9,99,9,99,9,1,6,6,3,-1,-1,-1,-1,-1,-1,-1,-1,0,-1
2020522100589,2020,522100589,1,9,0,18,19,4,8,0,0,0,1,0,0,0,1,1,1,1,1,33,6,-1,-1,-1,-1,3,E01014841,0,-1
202006F276295,2020,06F276295,2,9,0,18,19,4,8,0,0,0,0,0,0,0,1,1,6,6,1,40,7,-1,-1,-1,-1,-1,-1,0,-1
2020200932129,2020,200932129,1,9,0,18,19,8,4,0,0,0,0,0,0,0,1,1,6,6,3,-1,-1,-1,-1,-1,-1,-1,-1,0,-1
2020010271809,2020,010271809,1,1,0,18,19,5,1,0,0,4,0,0,1,0,1,1,6,6,1,17,4,-1,-1,-1,-1,2,E01002633,0,-1
2020010228323,2020,010228323,1,1,0,9,9,5,3,0,0,6,0,0,0,0,3,-1,2,2,2,59,9,-1,-1,-1,-1,5,E01004482,0,-1
2020340K07752,2020,340K07752,1,17,0,13,13,3,7,0,0,0,0,0,0,0,4,1,1,1,1,-1,-1,-1,-1,-1,-1,-1,-1,0,-1
2020420954886,2020,420954886,1,19,0,18,19,5,1,0,0,0,0,0,1,0,4,2,1,1,1,30,6,-1,-1,-1,-1,-1,-1,0,-1
2020320030270,2020,320030270,1,1,0,18,19,5,1,0,0,8,0,0,0,0,1,1,6,6,1,38,7,-1,-1,-1,-1,-1,-1,0,-1
2020990992031,2020,990992031,1,1,0,4,4,7,3,9,9,1,2,0,0,0,0,1,2,2,1,33,6,-1,-1,-1,-1,1,-1,0,-1
2020010271515,2020,010271515,2,1,0,15,15,5,1,0,0,0,1,0,0,0,3,1,1,1,1,41,7,-1,-1,-1,-1,3,E01002084,0,-1
2020010255403,2020,010255403,1,1,9,99,99,9,9,99,99,9,9,99,9,99,1,1,2,2,2,23,5,-1,-1,-1,-1,3,E01003025,0,-1
2020010242733,2020,010242733,1,1,9,99,99,9,9,99,99,9,9,99,9,99,9,-1,2,2,2,29,6,-1,-1,-1,-1,5,E01001644,0,-1
2020470952138,2020,470952138,2,1,0,18,19,2,6,0,0,0,0,0,0,0,0,1,6,6,1,52,8,-1,-1,-1,-1,9,E01017001,0,-1
2020010231309,2020,010231309,1,1,9,99,99,9,9,99,99,9,9,99,9,99,9,-1,2,2,1,66,10,-1,-1,-1,-1,4,E01000242,0,-1
2020200939101,2020,200939101,3,9,0,2,2,0,0,0,0,2,0,0,0,0,2,1,6,6,2,54,8,-1,-1,-1,-1,1,E01010126,0,-1
2020460988653,2020,460988653,1,9,0,18,19,4,8,0,0,8,0,0,0,0,1,1,1,1,1,52,8,-1,-1,-1,-1,-1,-1,0,-1
2020140962459,2020,140962459,3,9,0,2,2,0,0,9,9,1,0,0,0,0,3,1,6,6,3,-1,-1,-1,-1,-1,-1,-1,-1,0,-1
2020520003664,2020,520003664,1,17,4,1,1,2,4,0,0,5,0,0,0,0,3,1,6,6,1,52,8,-1,-1,-1,-1,7,E01028762,0,-1
2020440406212,2020,440406212,2,9,0,13,13,7,3,0,0,8,1,0,0,0,0,1,6,6,1,64,9,-1,-1,-1,-1,1,E01017039,0,-1
2020400924528,2020,400924528,1,9,0,18,19,8,4,0,0,4,0,0,0,0,1,1,6,6,3,-1,-1,-1,-1,-1,-1,-1,-1,0,-1
2020460967982,2020,460967982,1,1,0,9,9,5,7,0,0,6,0,0,0,0,4,1,5,6,1,51,8,-1,-1,-1,-1,4,E01024566,0,-1
2020030939493,2020,030939493,1,9,0,16,19,1,5,0,0,0,0,0,0,0,2,1,6,6,2,22,5,-1,-1,-1,-1,1,E01019295,0,-1
2020010238084,2020,010238084,1,1,9,99,99,9,9,99,99,9,9,99,9,99,1,1,2,2,1,39,7,-1,-1,-1,-1,3,E01003025,0,-1
2020340E04872,2020,340E04872,1,1,0,18,19,1,5,0,0,8,0,0,0,0,1,1,6,6,1,30,6,-1,-1,-1,-1,3,E01027060,0,-1
2020010259985,2020,010259985,2,1,9,99,99,9,9,99,99,9,9,99,9,99,9,1,6,6,1,-1,-1,-1,-1,-1,-1,3,E01001779,0,-1
2020160982396,2020,160982396,2,1,0,12,12,6,2,0,0,1,0,0,0,0,2,1,5,6,2,14,3,-1,-1,-1,-1,1,E01012842,0,-1
2020122000711,2020,122000711,2,9,0,18,19,3,7,0,0,0,0,0,0,0,0,1,6,6,3,-1,-1,-1,-1,-1,-1,-1,-1,0,-1
2020460966705,2020,460966705,3,19,0,2,2,0,0,0,0,1,0,0,0,0,1,1,6,6,3,-1,-1,-1,-1,-1,-1,-1,-1,0,-1
2020450920991,2020,450920991,1,19,0,18,19,1,5,0,0,0,0,0,0,0,1,1,6,6,3,33,6,-1,-1,-1,-1,-1,-1,0,-1
2020052001782,2020,052001782,1,9,0,7,7,8,2,0,0,5,0,0,0,0,0,1,6,6,3,-1,-1,-1,-1,-1,-1,-1,-1,0,-1
2020201003627,2020,201003627,1,9,0,7,7,8,2,0,0,6,0,0,0,0,1,1,6,6,3,-1,-1,-1,-1,-1,-1,-1,-1,0,-1
2020451004478,2020,451004478,2,9,0,18,19,1,5,0,0,0,0,0,0,0,1,1,6,6,1,45,7,-1,-1,-1,-1,8,E01027094,0,-1
2020430271897,2020,430271897,2,1,0,18,19,4,8,0,0,0,0,0,0,0,3,1,6,6,1,52,8,-1,-1,-1,-1,3,E01028516,0,-1
2020200955601,2020,200955601,2,1,0,18,19,-1,-1,0,0,1,0,0,0,0,1,1,6,6,1,34,6,-1,-1,-1,-1,1,E01010452,0,-1
2020010242159,2020,010242159,1,1,0,18,19,6,2,0,0,1,0,0,8,10,1,1,6,6,1,25,5,-1,-1,-1,-1,2,E01003089,0,-1
2020010257389,2020,010257389,1,1,9,99,99,9,9,99,99,9,9,99,9,99,9,1,6,6,2,24,5,-1,-1,-1,-1,4,E01004591,0,-1
202006E168031,2020,06E168031,1,2,0,18,19,5,1,0,0,8,0,0,0,0,3,1,6,6,1,12,3,-1,-1,-1,-1,2,E01005233,0,-1
2020461007469,2020,461007469,2,9,0,3,3,3,1,0,0,4,0,0,0,0,2,1,6,6,1,23,5,-1,-1,-1,-1,2,E01024374,0,-1
2020500949501,2020,500949501,1,98,0,7,7,1,5,0,0,0,0,0,0,0,1,1,5,6,3,-1,-1,-1,-1,-1,-1,-1,-1,0,-1
2020430210929,2020,430210929,2,5,0,10,10,3,6,0,0,1,0,0,0,0,2,1,6,6,1,59,9,-1,-1,-1,-1,-1,-1,0,-1
202006J176608,2020,06J176608,2,9,0,11,11,1,5,0,0,0,0,0,0,0,4,1,6,6,3,-1,-1,-1,-1,-1,-1,-1,-1,0,-1
2020522004182,2020,522004182,3,9,0,18,19,6,2,0,0,0,0,0,0,0,2,1,6,6,2,34,6,-1,-1,-1,-1,9,E01023444,0,-1
2020030989851,2020,030989851,1,9,-1,18,19,1,5,0,0,0,0,0,0,0,1,1,6,6,3,-1,-1,-1,-1,-1,-1,-1,-1,0,-1
2020122000393,2020,122000393,2,19,0,5,5,2,5,0,0,6,0,0,0,0,3,1,1,1,1,48,8,-1,-1,-1,-1,5,E01027649,0,-1
2020522100629,2020,522100629,2,9,0,4,4,1,5,0,0,0,0,0,0,0,2,1,6,6,1,51,8,-1,-1,-1,-1,5,E01017659,0,-1
202060Y166313,2020,60Y166313,1,20,0,16,19,8,4,0,0,0,1,0,4,6,1,1,1,1,1,33,6,-1,-1,-1,-1,-1,-1,0,-1
2020137BO1820,2020,137BO1820,1,9,0,9,9,5,3,0,0,6,0,0,0,0,3,1,6,6,3,-1,-1,-1,-1,-1,-1,-1,-1,0,-1
2020520003018,2020,520003018,2,9,0,18,19,1,5,0,0,8,0,0,0,0,1,1,6,6,3,-1,-1,-1,-1,-1,-1,-1,-1,0,-1
2020010251908,2020,010251908,2,9,0,99,99,9,9,99,99,9,9,99,9,99,9,9,6,6,3,-1,-1,-1,-1,-1,-1,1,E01001838,0,-1
2020010269147,2020,010269147,1,3,0,18,19,3,7,0,0,8,0,0,0,0,1,1,6,6,3,-1,-1,-1,-1,-1,-1,-1,-1,0,-1
2020010250554,2020,010250554,2,19,0,18,19,3,7,0,0,8,0,0,0,0,3,1,1,1,1,25,5,-1,-1,-1,-1,8,E01004158,0,-1
202060Y128068,2020,60Y128068,1,9,0,9,9,6,4,0,0,8,0,0,0,0,4,1,6,6,1,19,4,-1,-1,-1,-1,-1,-1,0,-1
2020200953590,2020,200953590,2,1,0,18,19,2,6,4,4,8,5,0,0,0,1,1,6,6,1,39,7,-1,-1,-1,-1,3,E01033620,0,-1
2020010276901,2020,010276901,2,1,0,18,19,3,7,0,0,1,0,0,0,0,1,1,1,1,1,20,4,-1,-1,-1,-1,2,E01003111,0,-1
2020010254506,2020,010254506,2,1,9,18,19,5,1,0,0,1,9,0,0,99,1,1,6,6,1,-1,-1,-1,-1,-1,-1,4,E01000323,0,-1
2020991006195,2020,991006195,2,1,0,18,19,1,6,0,0,8,5,0,0,0,1,1,1,1,1,34,6,-1,-1,-1,-1,-1,-1,0,-1
2020471006903,2020,471006903,2,1,0,18,19,3,7,0,0,0,0,0,1,0,3,1,1,1,1,43,7,-1,-1,-1,-1,-1,-1,0,-1