collision_index,collision_year,collision_ref_no,vehicle_reference,vehicle_type,towing_and_articulation,vehicle_manoeuvre_historic,vehicle_manoeuvre,vehicle_direction_from,vehicle_direction_to,vehicle_location_restricted_lane_historic,vehicle_location_restricted_lane,junction_location,skidding_and_overturning,hit_object_in_carriageway,vehicle_leaving_carriageway,hit_object_off_carriageway,first_point_of_impact,vehicle_left_hand_drive,journey_purpose_of_driver_historic,journey_purpose_of_driver,sex_of_driver,age_of_driver,age_band_of_driver,engine_capacity_cc,propulsion_code,age_of_vehicle,generic_make_model,driver_imd_decile,lsoa_of_driver,escooter_flag,driver_distance_banding
2020440223404,2020,440223404,2,9,0,2,2,0,0,0,0,0,0,0,0,0,3,1,6,6,1,57,9,-1,-1,-1,-1,3,E01017299,0,-1
2020552000830,2020,552000830,1,1,0,16,19,8,2,9,9,0,0,0,0,0,1,1,6,6,1,7,2,-1,-1,-1,-1,8,E01020455,0,-1
2020010244862,2020,010244862,2,1,0,18,19,5,1,0,0,1,0,0,0,0,1,-1,6,6,2,27,6,-1,-1,-1,-1,2,E01002767,0,-1
2020010230671,2020,010230671,1,1,0,18,19,5,1,0,0,8,0,0,0,0,1,-1,2,2,1,62,9,-1,-1,-1,-1,5,E01003863,0,-1
202006J174752,2020,06J174752,2,1,0,17,19,3,8,0,0,8,0,0,0,0,1,1,1,1,1,55,8,-1,-1,-1,-1,1,E01005198,0,-1
2020010248684,2020,010248684,1,9,0,18,19,1,5,0,0,0,0,0,0,0,4,1,6,6,3,-1,-1,-1,-1,-1,-1,-1,-1,0,-1
2020460920197,2020,460920197,1,19,3,18,19,8,4,0,0,0,0,0,0,0,3,1,6,6,3,-1,-1,-1,-1,-1,-1,-1,-1,0,-1
2020160995479,2020,160995479,1,9,0,18,19,6,2,0,0,0,0,0,0,0,1,1,6,6,3,-1,-1,-1,-1,-1,-1,-1,-1,0,-1
2020010228648,2020,010228648,2,1,0,18,19,8,4,0,0,4,0,0,0,0,1,1,6,6,2,38,7,-1,-1,-1,-1,6,E01000549,0,-1
2020400964709,2020,400964709,2,9,0,9,9,8,6,0,0,0,0,0,0,0,3,1,5,6,1,21,5,-1,-1,-1,-1,3,E01017518,0,-1
2020500988032,2020,500988032,1,9,0,18,19,6,2,0,0,1,0,0,0,0,1,1,5,6,1,67,10,-1,-1,-1,-1,9,E01019937,0,-1
2020522101152,2020,522101152,2,1,0,13,13,8,4,0,0,1,0,0,0,0,4,1,6,6,1,22,5,-1,-1,-1,-1,3,E01014730,0,-1
202060Y031123,2020,60Y031123,1,9,0,16,19,5,8,0,0,0,2,0,1,11,1,1,2,2,1,51,8,-1,-1,-1,-1,-1,-1,0,-1
202031B172320,2020,31B172320,3,9,0,18,19,1,5,0,0,0,0,0,0,0,0,1,6,6,3,-1,-1,-1,-1,-1,-1,-1,-1,0,-1
2020990998106,2020,990998106,2,1,0,18,19,8,4,0,0,0,0,0,1,0,1,1,2,2,1,40,7,-1,-1,-1,-1,-1,-1,0,-1
2020420938062,2020,420938062,1,9,0,9,9,3,1,0,0,5,0,0,0,0,1,1,5,6,1,37,7,-1,-1,-1,-1,9,E01021947,0,-1
2020200922486,2020,200922486,1,9,0,4,4,2,6,0,0,1,0,0,0,0,1,1,6,6,3,30,6,-1,-1,-1,-1,-1,-1,0,-1
2020332000419,2020,332000419,1,9,0,18,19,2,6,0,0,0,0,0,7,4,1,1,6,6,2,67,10,-1,-1,-1,-1,7,E01013787,0,-1
2020052000192,2020,052000192,1,9,0,18,19,8,4,0,0,0,0,0,0,0,1,1,6,6,3,-1,-1,-1,-1,-1,-1,-1,-1,0,-1
2020010273597,2020,010273597,2,-1,0,18,19,5,1,0,0,1,0,0,0,0,1,1,6,6,1,23,5,-1,-1,-1,-1,4,E01003793,1,-1
2020460993821,2020,460993821,1,21,1,18,19,3,7,0,0,0,0,0,0,0,3,1,6,6,3,-1,-1,-1,-1,-1,-1,-1,-1,0,-1
2020030993113,2020,030993113,2,1,0,7,7,1,5,0,0,1,0,0,0,0,1,1,1,1,1,42,7,-1,-1,-1,-1,1,E01019197,0,-1
2020460973000,2020,460973000,2,22,0,3,3,3,7,0,0,1,0,0,0,0,1,1,6,6,1,85,11,-1,-1,-1,-1,6,E01024425,0,-1
2020010269983,2020,010269983,2,1,0,18,19,1,5,0,0,0,0,0,0,0,1,1,1,1,1,36,7,-1,-1,-1,-1,7,E01002121,0,-1
2020450917508,2020,450917508,3,9,0,18,19,0,0,0,0,0,0,4,0,0,3,1,6,6,3,-1,-1,-1,-1,-1,-1,-1,-1,0,-1
2020340D08742,2020,340D08742,1,90,0,18,19,1,5,0,0,0,2,0,0,0,0,1,6,6,1,26,6,-1,-1,-1,-1,7,E01027216,0,-1
2020530998065,2020,530998065,1,1,0,4,4,1,5,0,0,0,0,0,0,0,1,1,6,6,1,56,9,-1,-1,-1,-1,5,E01022441,0,-1
2020140926018,2020,140926018,2,9,0,18,19,2,6,0,0,1,0,0,0,0,1,1,6,6,3,-1,-1,-1,-1,-1,-1,-1,-1,0,-1
2020460949700,2020,460949700,1,9,0,18,19,5,1,0,0,1,0,0,0,0,3,1,6,6,3,-1,-1,-1,-1,-1,-1,-1,-1,0,-1
2020990958993,2020,990958993,5,98,0,2,2,0,0,0,0,0,0,0,0,0,3,1,6,6,3,-1,-1,-1,-1,-1,-1,-1,-1,0,-1
2020470970158,2020,470970158,3,9,0,2,2,0,0,0,0,0,0,4,0,0,1,1,6,6,3,-1,-1,-1,-1,-1,-1,-1,-1,0,-1
2020440302954,2020,440302954,2,9,0,18,19,7,3,0,0,8,2,0,0,4,4,1,6,6,1,20,4,-1,-1,-1,-1,10,E01030883,0,-1
2020522005137,2020,522005137,2,1,0,18,19,3,7,0,0,0,0,10,0,0,0,1,6,6,1,47,8,-1,-1,-1,-1,-1,-1,0,-1
2020332000600,2020,332000600,1,9,0,9,9,5,3,0,0,6,0,0,0,0,1,1,6,6,1,77,11,-1,-1,-1,-1,8,E01013792,0,-1
2020010250714,2020,010250714,1,19,0,99,99,9,9,99,99,9,9,99,9,99,9,9,6,6,3,-1,-1,-1,-1,-1,-1,-1,-1,0,-1
2020040926453,2020,040926453,1,9,0,18,19,-1,-1,0,0,1,0,0,0,0,3,1,6,6,3,-1,-1,-1,-1,-1,-1,-1,-1,0,-1
2020470954549,2020,470954549,1,1,0,14,14,6,2,0,0,2,0,0,0,0,1,1,5,6,1,10,2,-1,-1,-1,-1,5,E01031771,0,-1
2020160921787,2020,160921787,2,1,0,18,19,6,2,0,0,8,1,0,0,0,4,1,6,6,2,57,9,-1,-1,-1,-1,4,E01012896,0,-1
2020440315700,2020,440315700,1,19,0,17,19,8,5,0,0,0,0,0,0,0,1,1,6,6,1,25,5,-1,-1,-1,-1,7,E01022592,0,-1
202060Y014625,2020,60Y014625,1,9,0,18,19,6,2,0,0,0,0,0,0,0,4,1,6,6,3,-1,-1,-1,-1,-1,-1,-1,-1,0,-1
2020522101092,2020,522101092,1,9,0,18,19,8,4,0,0,0,0,0,0,0,1,1,6,6,3,-1,-1,-1,-1,-1,-1,-1,-1,0,-1
2020990955439,2020,990955439,3,9,0,2,2,0,0,0,0,0,0,0,0,0,2,1,6,6,3,-1,-1,-1,-1,-1,-1,-1,-1,0,-1
2020410922932,2020,410922932,2,1,0,18,19,3,7,0,0,1,0,0,0,0,4,1,2,2,1,-1,-1,-1,-1,-1,-1,10,E01023696,0,-1
202006G278209,2020,06G278209,1,9,0,18,19,4,8,0,0,0,0,0,0,0,1,1,6,6,1,53,8,-1,-1,-1,-1,-1,-1,0,-1
2020460994353,2020,460994353,3,19,0,1,1,0,0,0,0,0,0,0,1,0,1,1,6,6,3,-1,-1,-1,-1,-1,-1,-1,-1,0,-1
2020200987051,2020,200987051,2,9,0,18,19,2,6,0,0,8,0,0,0,0,4,1,6,6,1,27,6,-1,-1,-1,-1,6,E01009183,0,-1
2020302000996,2020,302000996,1,9,0,18,19,6,2,0,0,0,0,0,0,0,4,1,6,6,3,-1,-1,-1,-1,-1,-1,5,E01019456,0,-1
2020990963634,2020,990963634,2,1,0,18,19,5,1,0,0,1,0,0,0,0,4,1,2,2,1,47,8,-1,-1,-1,-1,-1,-1,0,-1
2020332000928,2020,332000928,2,8,0,18,19,7,3,0,0,8,0,0,0,0,1,1,1,1,1,50,8,-1,-1,-1,-1,1,E01013661,0,-1
202031A053120,2020,31A053120,2,9,0,13,13,2,6,0,0,1,0,0,0,0,0,1,6,6,3,-1,-1,-1,-1,-1,-1,-1,-1,0,-1
2020010233364,2020,010233364,2,1,0,9,9,3,1,0,0,8,0,0,0,0,1,1,2,2,2,36,7,-1,-1,-1,-1,1,E01001839,0,-1
2020010281621,2020,010281621,2,1,0,18,19,7,3,0,0,1,0,0,0,0,1,1,6,6,1,26,6,-1,-1,-1,-1,5,E01001895,0,-1
20201373H0927,2020,1373H0927,2,1,0,18,19,1,5,0,0,0,0,0,0,0,1,1,6,6,1,45,7,-1,-1,-1,-1,1,E01011144,0,-1
2020010274013,2020,010274013,1,9,0,7,7,4,7,0,0,1,0,0,0,0,1,1,6,6,3,-1,-1,-1,-1,-1,-1,-1,-1,0,-1
2020052001528,2020,052001528,1,1,0,18,19,1,5,0,0,8,0,0,0,0,4,1,6,6,1,17,4,-1,-1,-1,-1,1,E01006571,0,-1
2020470918827,2020,470918827,2,1,0,18,19,4,8,0,0,2,0,0,0,0,3,1,6,6,1,15,3,-1,-1,-1,-1,3,E01020941,0,-1
2020501013156,2020,501013156,2,1,0,18,19,1,4,0,0,3,0,0,0,0,2,1,6,6,2,49,8,-1,-1,-1,-1,4,E01020017,0,-1
2020522100375,2020,522100375,2,1,0,18,19,3,8,0,0,1,0,0,0,0,1,1,6,6,1,34,6,-1,-1,-1,-1,5,E01014836,0,-1
2020010238642,2020,010238642,1,1,9,99,99,9,9,99,99,9,9,99,9,99,1,1,6,6,1,25,5,-1,-1,-1,-1,8,E01002575,0,-1
2020990962063,2020,990962063,2,1,0,18,19,7,3,0,0,1,0,0,0,0,1,1,1,1,1,25,5,-1,-1,-1,-1,-1,-1,0,-1
2020470981876,2020,470981876,2,19,0,2,2,0,0,0,0,0,0,0,0,0,3,1,6,6,3,-1,-1,-1,-1,-1,-1,-1,-1,0,-1
2020547844920,2020,547844920,1,9,0,7,7,2,6,0,0,8,1,0,0,0,4,1,6,6,1,28,6,-1,-1,-1,-1,8,E01031959,0,-1
2020332000434,2020,332000434,2,1,0,18,19,5,1,0,0,8,0,0,0,0,1,1,6,6,2,36,7,-1,-1,-1,-1,7,E01019705,0,-1
202006K175336,2020,06K175336,1,9,0,5,5,4,8,0,0,1,0,0,0,0,3,1,6,6,3,30,6,-1,-1,-1,-1,-1,-1,0,-1
2020990991039,2020,990991039,2,1,0,18,19,1,5,0,0,0,0,0,0,0,2,1,2,2,1,56,9,-1,-1,-1,-1,3,-1,0,-1
2020440016769,2020,440016769,1,9,0,13,13,7,3,0,0,0,2,0,0,0,1,1,2,2,2,51,8,-1,-1,-1,-1,10,E01017664,0,-1
2020050080223,2020,050080223,1,21,4,12,12,3,7,0,0,0,0,0,0,0,3,1,1,1,1,50,8,-1,-1,-1,-1,-1,-1,0,-1
2020040922313,2020,040922313,4,9,0,2,2,0,0,0,0,2,0,0,0,0,2,1,6,6,3,-1,-1,-1,-1,-1,-1,-1,-1,0,-1
2020010282169,2020,010282169,1,1,9,99,99,9,9,99,99,9,9,99,9,99,9,1,6,6,1,49,8,-1,-1,-1,-1,10,E01003008,0,-1
202006Q271347,2020,06Q271347,1,5,0,18,19,3,7,0,0,0,0,0,0,0,4,1,6,6,1,27,6,-1,-1,-1,-1,10,E01011120,0,-1
2020010236603,2020,010236603,2,9,0,2,2,0,0,0,0,0,0,0,0,0,4,1,6,6,3,-1,-1,-1,-1,-1,-1,-1,-1,0,-1
2020052001502,2020,052001502,1,9,0,18,19,5,1,0,0,8,0,0,0,0,1,1,6,6,3,-1,-1,-1,-1,-1,-1,-1,-1,0,-1
2020552000374,2020,552000374,1,9,0,18,19,4,8,0,0,0,0,0,0,0,1,1,6,6,3,-1,-1,-1,-1,-1,-1,-1,-1,0,-1
2020440441522,2020,440441522,1,1,0,18,19,3,7,0,0,0,0,0,0,0,3,1,2,2,1,54,8,-1,-1,-1,-1,7,E01017291,0,-1
2020010236387,2020,010236387,1,9,0,5,5,0,6,8,6,0,0,0,0,0,3,1,6,6,2,34,6,-1,-1,-1,-1,8,E01001963,0,-1
2020040930631,2020,040930631,1,9,0,18,19,5,1,0,0,2,0,0,0,0,4,1,6,6,1,29,6,-1,-1,-1,-1,2,E01012630,0,-1
2020520100138,2020,520100138,1,1,0,18,19,6,2,0,0,8,0,0,0,0,2,1,6,6,2,13,3,-1,-1,-1,-1,8,E01029277,0,-1
2020010253394,2020,010253394,2,9,0,99,99,9,9,99,99,9,9,99,9,99,9,9,6,6,3,-1,-1,-1,-1,-1,-1,-1,-1,0,-1
2020010260613,2020,010260613,2,1,0,18,19,3,7,0,0,1,1,0,0,0,3,1,6,6,2,12,3,-1,-1,-1,-1,9,E01030346,0,-1
2020010250839,2020,010250839,1,9,0,99,99,9,9,99,99,9,9,99,9,99,1,9,6,6,3,30,6,-1,-1,-1,-1,-1,-1,0,-1
2020450989306,2020,450989306,2,9,0,2,2,0,0,0,0,0,0,0,0,0,3,1,6,6,3,-1,-1,-1,-1,-1,-1,-1,-1,0,-1
2020332000643,2020,332000643,2,1,0,18,19,8,4,0,0,6,0,0,0,0,1,1,6,6,1,14,3,-1,-1,-1,-1,5,E01013608,0,-1
2020302000760,2020,302000760,4,9,0,4,4,3,7,0,0,0,0,0,0,0,0,1,6,6,3,-1,-1,-1,-1,-1,-1,5,E01019456,0,-1
2020010282289,2020,010282289,1,1,0,18,19,3,7,4,4,2,2,0,0,0,1,1,2,2,1,52,8,-1,-1,-1,-1,3,E01004331,0,-1
2020010269059,2020,010269059,1,9,0,7,7,5,8,0,0,8,0,0,0,0,4,1,2,2,2,57,9,-1,-1,-1,-1,7,E01001255,0,-1
202031C094920,2020,31C094920,2,9,0,18,19,6,2,0,0,1,0,0,0,0,1,1,6,6,1,24,5,-1,-1,-1,-1,1,E01013850,0,-1
2020420939299,2020,420939299,1,9,0,18,19,7,3,0,0,8,0,0,0,0,4,1,6,6,3,-1,-1,-1,-1,-1,-1,-1,-1,0,-1
2020010254037,2020,010254037,2,9,0,18,19,9,9,0,0,1,9,0,0,99,1,9,6,6,1,-1,-1,-1,-1,-1,-1,2,E01004413,0,-1
2020010267395,2020,010267395,1,3,0,99,99,9,9,99,99,9,9,99,9,99,1,9,6,6,3,-1,-1,-1,-1,-1,-1,-1,-1,0,-1
2020332001124,2020,332001124,2,9,0,18,19,4,8,0,0,0,0,0,0,0,0,1,6,6,1,28,6,-1,-1,-1,-1,-1,-1,0,-1
202031D099620,2020,31D099620,1,1,0,18,19,5,1,0,0,0,0,0,0,0,4,1,6,6,1,14,3,-1,-1,-1,-1,10,E01028412,0,-1
2020040920805,2020,040920805,2,9,0,18,19,1,5,0,0,1,0,0,0,0,4,1,6,6,3,-1,-1,-1,-1,-1,-1,-1,-1,0,-1
2020990948635,2020,990948635,2,9,0,9,9,8,6,0,0,1,0,0,0,0,2,1,1,1,1,64,9,-1,-1,-1,-1,-1,-1,0,-1
2020520004002,2020,520004002,2,19,0,13,13,6,2,0,0,0,0,0,0,0,4,1,6,6,3,-1,-1,-1,-1,-1,-1,-1,-1,0,-1
2020040934774,2020,040934774,2,1,0,18,19,1,1,0,0,1,5,0,0,0,1,1,2,2,1,27,6,-1,-1,-1,-1,3,E01025289,0,-1
2020052001556,2020,052001556,2,1,0,18,19,4,8,0,0,0,1,0,0,0,1,1,2,2,2,30,6,-1,-1,-1,-1,5,E01006527,0,-1
2020010249071,2020,010249071,2,1,0,18,19,3,7,0,0,1,0,0,0,0,0,1,6,6,1,53,8,-1,-1,-1,-1,-1,-1,0,-1
2020332000621,2020,332000621,1,9,0,18,19,2,6,0,0,2,0,0,0,0,2,1,6,6,1,36,7,-1,-1,-1,-1,7,E01009693,0,-1
2020010264177,2020,010264177,2,-1,0,18,19,1,5,0,0,8,0,0,0,0,3,1,6,6,2,30,6,-1,-1,-1,-1,2,E01002056,1,-1
2020010286857,2020,010286857,2,9,9,99,99,9,9,99,99,0,9,99,9,99,9,9,6,6,3,-1,-1,-1,-1,-1,-1,-1,-1,0,-1
2020990987571,2020,990987571,3,9,0,2,2,0,0,0,0,0,0,0,0,0,2,1,6,6,3,-1,-1,-1,-1,-1,-1,-1,-1,0,-1
2020460997854,2020,460997854,3,9,0,4,4,3,7,0,0,0,0,0,0,0,2,1,1,1,1,30,6,-1,-1,-1,-1,9,E01030828,0,-1
2020220929856,2020,220929856,1,9,0,18,19,5,1,0,0,1,0,0,0,0,1,1,6,6,3,40,7,-1,-1,-1,-1,-1,-1,0,-1
2020010229197,2020,010229197,1,1,9,99,99,9,9,99,99,9,9,99,9,99,1,1,2,2,1,29,6,-1,-1,-1,-1,5,E01004601,0,-1
2020320052677,2020,320052677,4,9,0,14,14,7,3,0,0,0,0,0,0,0,0,1,6,6,2,40,7,-1,-1,-1,-1,-1,-1,0,-1
2020470917098,2020,470917098,2,9,0,2,2,0,0,0,0,1,0,0,0,0,2,1,6,6,3,-1,-1,-1,-1,-1,-1,-1,-1,0,-1
2020040936276,2020,040936276,1,9,0,18,19,5,1,0,0,8,0,0,0,0,1,1,6,6,3,-1,-1,-1,-1,-1,-1,-1,-1,0,-1
2020160995222,2020,160995222,2,9,0,18,19,8,4,0,0,0,0,0,0,0,1,1,6,6,3,-1,-1,-1,-1,-1,-1,-1,-1,0,-1
2020010283725,2020,010283725,2,1,0,4,4,5,1,0,0,2,1,0,0,0,1,1,2,2,1,31,6,-1,-1,-1,-1,4,E01001140,0,-1
2020461012069,2020,461012069,1,-1,0,9,9,1,5,0,0,8,0,0,0,0,1,1,6,6,2,16,4,-1,-1,-1,-1,3,E01024559,1,-1
2020010276576,2020,010276576,2,1,0,5,5,3,7,0,0,2,0,0,0,0,1,1,6,6,1,32,6,-1,-1,-1,-1,6,E01002567,0,-1
2020332000504,2020,332000504,2,9,0,18,19,3,7,0,0,8,0,0,0,0,3,1,2,2,1,25,5,-1,-1,-1,-1,8,E01025981,0,-1
2020332000088,2020,332000088,2,19,0,3,3,1,5,0,0,0,0,0,0,0,2,1,1,1,1,38,7,-1,-1,-1,-1,8,E01025739,0,-1
20201377G0583,2020,1377G0583,2,1,0,18,19,6,1,0,0,8,0,0,0,0,1,1,6,6,1,64,9,-1,-1,-1,-1,9,E01010904,0,-1
2020430033521,2020,430033521,1,9,0,8,8,5,7,0,0,1,0,0,0,0,2,1,6,6,2,46,8,-1,-1,-1,-1,9,E01016539,0,-1
2020010272385,2020,010272385,2,1,0,18,19,3,7,0,0,1,0,0,0,0,4,1,2,2,1,23,5,-1,-1,-1,-1,-1,-1,0,-1
2020302000853,2020,302000853,1,22,0,18,19,4,8,9,9,0,0,0,0,0,1,1,6,6,1,73,10,-1,-1,-1,-1,1,E01019625,0,-1
2020040938188,2020,040938188,1,9,0,9,9,7,1,0,0,8,0,0,0,0,2,1,5,6,2,49,8,-1,-1,-1,-1,1,E01025067,0,-1
2020010233114,2020,010233114,3,19,0,13,13,1,5,0,0,4,0,0,0,0,0,1,6,6,1,39,7,-1,-1,-1,-1,7,E01000228,0,-1
2020010236586,2020,010236586,2,1,0,18,19,5,1,0,0,0,0,8,0,0,4,1,2,2,1,29,6,-1,-1,-1,-1,4,E01002672,0,-1
2020990936911,2020,990936911,2,9,0,17,19,2,6,0,0,0,0,0,0,0,1,1,1,1,1,28,6,-1,-1,-1,-1,-1,-1,0,-1
2020010239876,2020,010239876,1,9,0,18,19,1,5,0,0,0,0,0,0,0,0,1,6,6,3,-1,-1,-1,-1,-1,-1,-1,-1,0,-1
2020200982875,2020,200982875,1,9,0,18,19,-1,-1,0,0,1,0,0,0,0,1,1,6,6,3,-1,-1,-1,-1,-1,-1,-1,-1,0,-1
2020400964833,2020,400964833,1,1,0,5,5,3,7,0,0,0,5,0,0,0,2,1,6,6,1,23,5,-1,-1,-1,-1,5,E01017418,0,-1
2020220981386,2020,220981386,1,9,0,1,1,1,5,0,0,0,0,0,0,0,2,1,6,6,2,30,6,-1,-1,-1,-1,-1,-1,0,-1
2020010251987,2020,010251987,2,11,0,99,99,9,9,99,99,8,9,99,9,99,9,9,6,6,3,-1,-1,-1,-1,-1,-1,-1,-1,0,-1
2020230927497,2020,230927497,2,19,0,18,19,8,4,0,0,1,0,0,0,0,1,1,2,2,1,23,5,-1,-1,-1,-1,4,E01028781,0,-1
2020200989300,2020,200989300,1,9,0,13,13,2,6,0,0,0,0,0,0,0,1,1,6,6,1,81,11,-1,-1,-1,-1,-1,-1,0,-1
2020160947648,2020,160947648,4,9,0,2,2,0,0,6,6,2,0,0,0,0,1,1,6,6,3,-1,-1,-1,-1,-1,-1,-1,-1,0,-1
2020010247235,2020,010247235,2,3,0,18,19,6,2,0,0,1,2,0,0,0,1,1,1,1,1,29,6,-1,-1,-1,-1,2,E01001001,0,-1
2020420967376,2020,420967376,2,9,0,4,4,2,7,0,0,0,0,0,0,0,2,1,6,6,2,33,6,-1,-1,-1,-1,8,E01033460,0,-1
2020200977504,2020,200977504,2,1,0,18,19,6,2,0,0,1,0,0,0,0,2,1,6,6,1,70,10,-1,-1,-1,-1,4,E01009871,0,-1
2020470985509,2020,470985509,2,1,0,18,19,5,1,4,4,1,0,0,0,0,1,1,5,6,1,42,7,-1,-1,-1,-1,5,E01031807,0,-1
2020450947916,2020,450947916,1,97,0,1,1,1,5,0,0,0,0,0,0,0,2,1,5,6,2,79,11,-1,-1,-1,-1,10,E01030404,0,-1
2020052000330,2020,052000330,2,1,0,3,3,6,2,0,0,1,0,0,0,0,2,1,4,7,1,15,3,-1,-1,-1,-1,2,E01006970,0,-1
2020500975673,2020,500975673,2,1,0,18,19,3,7,0,0,1,0,0,0,0,1,1,6,6,1,10,2,-1,-1,-1,-1,5,E01018943,0,-1
2020302000803,2020,302000803,1,1,0,18,19,2,6,0,0,0,0,0,0,0,1,1,6,6,1,43,7,-1,-1,-1,-1,9,E01019409,0,-1
2020460973486,2020,460973486,1,98,0,18,19,7,3,0,0,0,0,0,0,0,1,1,6,6,3,-1,-1,-1,-1,-1,-1,-1,-1,0,-1
2020470958697,2020,470958697,3,9,0,2,2,0,0,0,0,1,0,0,0,0,4,1,6,6,3,-1,-1,-1,-1,-1,-1,-1,-1,0,-1
2020010284213,2020,010284213,1,1,9,99,99,9,9,99,99,9,9,99,9,99,9,1,6,6,1,41,7,-1,-1,-1,-1,3,E01003522,0,-1
2020052002626,2020,052002626,1,8,0,13,13,8,4,0,0,0,0,0,0,0,4,1,6,6,3,-1,-1,-1,-1,-1,-1,-1,-1,0,-1
2020520002353,2020,520002353,2,1,0,14,14,2,6,0,0,0,0,0,0,0,4,1,6,6,1,35,6,-1,-1,-1,-1,-1,-1,0,-1
2020430276955,2020,430276955,1,1,0,15,15,4,8,0,0,0,0,0,0,0,1,1,6,6,1,-1,-1,-1,-1,-1,-1,-1,-1,0,-1
2020010270838,2020,010270838,1,1,9,99,99,9,9,99,99,9,9,99,9,99,9,1,2,2,1,23,5,-1,-1,-1,-1,2,E01004613,0,-1
2020470996043,2020,470996043,2,9,0,2,2,0,0,9,9,1,0,0,0,0,2,1,6,6,3,-1,-1,-1,-1,-1,-1,-1,-1,0,-1
2020460992171,2020,460992171,2,1,0,18,19,5,1,0,0,1,0,0,0,0,2,1,6,6,1,58,9,-1,-1,-1,-1,8,E01024803,0,-1
2020010284172,2020,010284172,1,19,0,99,99,9,9,99,99,9,9,99,9,99,1,9,6,6,3,57,9,-1,-1,-1,-1,3,E01003331,0,-1
2020010236473,2020,010236473,1,2,0,18,19,3,7,9,9,8,0,0,0,0,0,1,6,6,3,-1,-1,-1,-1,-1,-1,-1,-1,0,-1
2020200933862,2020,200933862,1,9,0,18,19,8,4,0,0,0,0,0,0,0,1,1,6,6,3,-1,-1,-1,-1,-1,-1,-1,-1,0,-1
2020010253991,2020,010253991,1,97,0,99,99,9,9,99,99,9,9,99,9,99,1,-1,6,6,3,-1,-1,-1,-1,-1,-1,-1,-1,0,-1
2020010274157,2020,010274157,2,9,0,99,99,9,9,99,99,9,9,99,9,99,2,9,6,6,3,-1,-1,-1,-1,-1,-1,-1,-1,0,-1
2020220919980,2020,220919980,2,19,0,13,13,7,3,0,0,0,0,0,1,0,3,1,6,6,3,-1,-1,-1,-1,-1,-1,-1,-1,0,-1
2020040951281,2020,040951281,2,9,0,-1,-1,-1,-1,-1,-1,-1,-1,-1,-1,0,-1,1,6,6,3,-1,-1,-1,-1,-1,-1,-1,-1,0,-1
2020440086144,2020,440086144,2,9,0,7,7,1,2,0,0,8,0,0,0,0,4,1,6,6,3,-1,-1,-1,-1,-1,-1,-1,-1,0,-1
2020440357621,2020,440357621,2,1,0,18,19,5,1,0,0,0,0,0,0,0,1,1,4,7,2,11,3,-1,-1,-1,-1,8,E01022570,0,-1
2020430283527,2020,430283527,2,1,0,3,3,8,4,0,0,0,0,0,0,0,1,1,6,6,1,51,8,-1,-1,-1,-1,5,E01016765,0,-1
2020160959480,2020,160959480,2,1,0,18,19,1,6,0,0,8,0,0,0,0,2,1,6,6,1,65,9,-1,-1,-1,-1,3,E01012795,0,-1
2020100998101,2020,100998101,3,9,0,7,7,5,7,0,0,1,0,0,0,0,0,1,6,6,3,-1,-1,-1,-1,-1,-1,-1,-1,0,-1
2020010228508,2020,010228508,2,9,0,18,19,5,1,9,9,0,0,10,9,11,1,1,6,6,3,-1,-1,-1,-1,-1,-1,-1,-1,0,-1
2020010245054,2020,010245054,2,1,0,9,9,7,4,0,0,1,0,0,0,0,1,1,6,6,1,51,8,-1,-1,-1,-1,2,E01002096,0,-1
2020501003212,2020,501003212,3,9,0,3,3,8,4,0,0,0,0,0,0,0,0,1,1,1,3,-1,-1,-1,-1,-1,-1,-1,-1,0,-1
2020230986379,2020,230986379,2,1,0,16,19,4,8,0,0,8,0,0,0,0,4,1,5,6,1,36,7,-1,-1,-1,-1,2,E01031044,0,-1
2020140976735,2020,140976735,1,90,0,17,19,2,6,0,0,0,0,4,0,0,1,1,6,6,3,-1,-1,-1,-1,-1,-1,-1,-1,0,-1
20201373D0658,2020,1373D0658,1,8,0,9,9,2,8,0,0,5,0,0,0,0,1,1,6,6,1,50,8,-1,-1,-1,-1,-1,-1,0,-1
2020010259148,2020,010259148,1,1,0,5,5,1,5,0,0,1,0,0,0,0,1,1,1,1,1,39,7,-1,-1,-1,-1,3,E01001203,0,-1
202006M177746,2020,06M177746,2,9,0,18,19,2,6,0,0,8,0,0,0,0,1,1,6,6,2,41,7,-1,-1,-1,-1,2,E01006107,0,-1
2020302000849,2020,302000849,2,9,0,17,19,8,5,0,0,0,0,0,0,0,1,1,6,6,3,-1,-1,-1,-1,-1,-1,5,E01019456,0,-1
2020010253200,2020,010253200,1,1,9,18,19,3,7,5,5,1,5,0,0,99,3,1,2,2,2,50,8,-1,-1,-1,-1,2,E01001982,0,-1
2020440331694,2020,440331694,2,5,0,5,5,1,5,0,0,8,0,0,0,0,3,1,6,6,1,32,6,-1,-1,-1,-1,3,E01020393,0,-1
2020371000970,2020,371000970,1,98,0,18,19,1,5,0,0,0,0,0,0,0,2,1,1,1,1,34,6,-1,-1,-1,-1,1,E01026869,0,-1
2020210948505,2020,210948505,1,9,-1,-1,-1,5,1,-1,-1,-1,-1,-1,-1,0,-1,1,6,6,2,35,6,-1,-1,-1,-1,4,E01014268,0,-1
2020400984129,2020,400984129,2,1,0,18,19,3,7,0,0,0,5,0,-1,0,-1,1,5,6,1,52,8,-1,-1,-1,-1,6,E01017554,0,-1
202060Y179166,2020,60Y179166,1,9,0,18,19,5,1,0,0,1,0,0,0,0,1,1,6,6,1,50,8,-1,-1,-1,-1,-1,-1,0,-1
202031A020120,2020,31A020120,2,9,0,18,19,4,8,0,0,1,0,0,0,0,3,1,6,6,3,-1,-1,-1,-1,-1,-1,-1,-1,0,-1
202060Y135952,2020,60Y135952,2,9,0,3,3,2,6,0,0,4,0,0,0,0,2,1,6,6,2,36,7,-1,-1,-1,-1,-1,-1,0,-1
2020332000895,2020,332000895,1,4,0,18,19,1,5,0,0,1,0,10,0,0,1,1,6,6,1,19,4,-1,-1,-1,-1,-1,-1,0,-1
2020070200750,2020,070200750,1,1,0,13,13,8,4,5,5,0,5,0,0,0,1,1,6,6,1,62,9,-1,-1,-1,-1,10,E01018632,0,-1
2020030955875,2020,030955875,1,1,0,16,19,7,2,0,0,0,0,0,0,0,0,1,5,6,1,24,5,-1,-1,-1,-1,8,E01019312,0,-1