collision_index,collision_year,collision_ref_no,vehicle_reference,vehicle_type,towing_and_articulation,vehicle_manoeuvre_historic,vehicle_manoeuvre,vehicle_direction_from,vehicle_direction_to,vehicle_location_restricted_lane_historic,vehicle_location_restricted_lane,junction_location,skidding_and_overturning,hit_object_in_carriageway,vehicle_leaving_carriageway,hit_object_off_carriageway,first_point_of_impact,vehicle_left_hand_drive,journey_purpose_of_driver_historic,journey_purpose_of_driver,sex_of_driver,age_of_driver,age_band_of_driver,engine_capacity_cc,propulsion_code,age_of_vehicle,generic_make_model,driver_imd_decile,lsoa_of_driver,escooter_flag,driver_distance_banding
2020410953331,2020,410953331,2,9,0,18,19,-1,-1,0,0,1,0,0,0,0,1,1,6,6,3,-1,-1,-1,-1,-1,-1,-1,-1,0,-1
202063A063120,2020,63A063120,2,9,0,18,19,2,6,0,0,0,0,0,0,0,1,1,6,6,3,-1,-1,-1,-1,-1,-1,-1,-1,0,-1
2020552000943,2020,552000943,1,9,0,18,19,1,6,0,0,1,0,0,0,0,1,1,1,1,1,43,7,-1,-1,-1,-1,2,E01017202,0,-1
2020100949089,2020,100949089,2,9,0,18,19,1,5,0,0,0,0,0,0,0,0,1,6,6,1,35,6,-1,-1,-1,-1,-1,-1,0,-1
2020552000701,2020,552000701,2,1,0,18,19,6,2,0,0,8,0,0,0,0,1,1,6,6,1,66,10,-1,-1,-1,-1,9,E01015360,0,-1
2020460995486,2020,460995486,1,9,0,18,19,6,2,0,0,0,0,0,0,0,0,1,6,6,3,-1,-1,-1,-1,-1,-1,-1,-1,0,-1
2020201001235,2020,201001235,1,1,0,18,19,-1,-1,0,0,0,0,0,0,0,3,1,2,2,1,61,9,-1,-1,-1,-1,2,E01010093,0,-1
2020010236186,2020,010236186,2,1,0,18,19,3,7,0,0,0,1,0,0,0,1,1,6,6,2,30,6,-1,-1,-1,-1,2,E01000544,0,-1
2020500962854,2020,500962854,2,1,0,9,9,3,1,0,0,8,0,0,7,9,3,1,5,6,2,27,6,-1,-1,-1,-1,10,E01020062,0,-1
2020122001193,2020,122001193,2,1,0,18,19,1,5,0,0,0,0,0,1,0,2,1,6,6,2,26,6,-1,-1,-1,-1,4,E01005821,0,-1
2020010266544,2020,010266544,1,1,9,99,99,9,9,99,99,9,9,99,9,99,1,1,2,2,2,30,6,-1,-1,-1,-1,4,E01001615,0,-1
2020430376780,2020,430376780,2,9,0,18,19,1,5,0,0,8,0,0,0,0,4,1,6,6,1,18,4,-1,-1,-1,-1,2,E01016363,0,-1
202006J173636,2020,06J173636,2,1,0,18,19,3,7,0,0,1,0,8,0,0,4,1,6,6,2,34,6,-1,-1,-1,-1,2,E01005221,0,-1
2020010254656,2020,010254656,1,1,0,99,99,9,9,4,4,9,5,99,9,99,9,1,6,6,1,33,6,-1,-1,-1,-1,2,E01004613,0,-1
2020470959935,2020,470959935,2,1,0,18,19,1,5,0,0,1,0,0,0,0,1,1,6,6,1,17,4,-1,-1,-1,-1,6,E01031784,0,-1
2020160941109,2020,160941109,2,1,0,5,5,7,3,0,0,0,0,0,0,0,2,1,6,6,1,-1,-1,-1,-1,-1,-1,-1,-1,0,-1
2020052001000,2020,052001000,2,1,0,18,19,1,5,0,0,8,0,0,0,0,2,1,2,2,1,22,5,-1,-1,-1,-1,1,E01006416,0,-1
2020332000466,2020,332000466,2,21,1,18,19,7,3,0,0,0,0,0,0,0,1,1,1,1,1,46,8,-1,-1,-1,-1,6,E01025824,0,-1
2020990923332,2020,990923332,2,9,0,18,19,8,4,0,0,0,0,0,0,0,1,1,6,6,1,30,6,-1,-1,-1,-1,2,-1,0,-1
2020010273142,2020,010273142,2,1,0,18,19,4,8,0,0,8,0,0,0,0,4,1,6,6,1,42,7,-1,-1,-1,-1,5,E01004482,0,-1
2020500944201,2020,500944201,1,9,0,9,9,1,5,0,0,0,0,0,0,0,1,1,6,6,3,-1,-1,-1,-1,-1,-1,-1,-1,0,-1
2020220921225,2020,220921225,1,9,0,9,9,1,7,0,0,6,0,0,0,0,0,1,6,6,2,34,6,-1,-1,-1,-1,-1,-1,0,-1
2020200948256,2020,200948256,2,9,0,18,19,7,3,0,0,8,0,0,0,0,1,1,6,6,1,-1,-1,-1,-1,-1,-1,1,E01009377,0,-1
2020010253178,2020,010253178,2,9,0,99,99,9,9,99,99,9,9,99,9,99,9,9,6,6,3,-1,-1,-1,-1,-1,-1,-1,-1,0,-1
2020010231300,2020,010231300,2,9,0,99,99,9,9,99,99,9,9,99,9,99,1,9,6,6,3,-1,-1,-1,-1,-1,-1,-1,-1,0,-1
2020470940684,2020,470940684,3,9,0,10,10,3,1,0,0,1,0,0,0,0,0,1,6,6,3,-1,-1,-1,-1,-1,-1,-1,-1,0,-1
2020140974232,2020,140974232,2,9,0,2,2,0,0,0,0,1,0,0,0,0,3,1,6,6,3,-1,-1,-1,-1,-1,-1,-1,-1,0,-1
2020010247738,2020,010247738,2,1,0,18,19,7,3,4,4,8,5,0,0,0,3,1,6,6,1,32,6,-1,-1,-1,-1,4,E01003282,0,-1
2020470963720,2020,470963720,2,9,0,4,4,3,7,0,0,0,0,0,0,0,0,1,6,6,3,-1,-1,-1,-1,-1,-1,-1,-1,0,-1
2020622001070,2020,622001070,1,9,0,18,19,2,6,0,0,0,0,0,0,0,4,1,6,6,3,-1,-1,-1,-1,-1,-1,-1,-1,0,-1
2020200997967,2020,200997967,2,20,0,2,2,0,0,0,0,0,0,0,0,0,3,1,6,6,3,-1,-1,-1,-1,-1,-1,-1,-1,0,-1
202063C067720,2020,63C067720,2,1,0,18,19,8,4,0,0,0,0,0,1,10,3,1,6,6,1,25,5,-1,-1,-1,-1,5,W01001837,0,-1
2020470961326,2020,470961326,2,1,0,18,19,3,7,0,0,8,0,0,0,0,0,1,5,6,1,56,9,-1,-1,-1,-1,9,E01031496,0,-1
2020052000736,2020,052000736,1,1,0,18,19,5,1,0,0,1,0,0,0,0,1,1,6,6,1,15,3,-1,-1,-1,-1,5,E01007314,0,-1
2020440187143,2020,440187143,2,9,0,9,9,2,8,0,0,8,0,0,0,0,1,1,6,6,2,60,9,-1,-1,-1,-1,9,E01022718,0,-1
2020440142236,2020,440142236,1,1,0,18,19,2,6,0,0,8,0,0,0,0,1,1,6,6,2,6,2,-1,-1,-1,-1,9,E01023227,0,-1
2020201005751,2020,201005751,1,9,0,18,19,1,5,0,0,0,0,0,0,0,1,1,6,6,1,16,4,-1,-1,-1,-1,1,E01010453,0,-1
2020010279974,2020,010279974,1,1,9,99,99,9,9,99,99,8,9,99,9,99,9,1,6,6,1,26,6,-1,-1,-1,-1,2,E01003189,0,-1
2020030989028,2020,030989028,1,9,0,2,2,0,0,0,0,0,0,4,0,0,1,1,5,6,1,73,10,-1,-1,-1,-1,6,E01019315,0,-1
2020430274994,2020,430274994,1,9,0,9,9,6,4,0,0,6,0,0,0,0,4,1,2,2,1,36,7,-1,-1,-1,-1,9,E01030970,0,-1
2020010274710,2020,010274710,2,1,0,18,19,5,1,2,2,1,0,0,0,0,1,1,2,2,1,23,5,-1,-1,-1,-1,2,E01001830,0,-1
2020440069178,2020,440069178,1,1,0,14,14,1,5,0,0,8,1,0,0,0,0,1,1,1,1,26,6,-1,-1,-1,-1,1,E01022917,0,-1
2020030989480,2020,030989480,2,9,0,18,19,3,7,0,0,1,-1,0,0,0,1,1,6,6,3,-1,-1,-1,-1,-1,-1,-1,-1,0,-1
2020010282634,2020,010282634,2,9,0,99,99,9,9,99,99,9,9,99,9,99,9,9,6,6,1,-1,-1,-1,-1,-1,-1,-1,-1,0,-1
2020010266867,2020,010266867,2,5,0,13,13,5,1,0,0,8,0,0,7,0,1,1,6,6,1,28,6,-1,-1,-1,-1,2,E01001943,0,-1
202006F176457,2020,06F176457,3,9,0,18,19,3,7,0,0,1,0,0,0,0,3,1,6,6,2,23,5,-1,-1,-1,-1,-1,-1,0,-1
2020210995030,2020,210995030,1,90,-1,12,12,3,7,0,0,0,0,0,0,0,0,1,6,6,3,-1,-1,-1,-1,-1,-1,-1,-1,0,-1
2020040950223,2020,040950223,2,1,0,18,19,5,1,0,0,1,0,0,0,0,1,1,6,6,1,75,10,-1,-1,-1,-1,10,E01025355,0,-1
2020040951552,2020,040951552,2,1,0,18,19,3,7,0,0,8,0,0,0,0,1,1,5,6,1,73,10,-1,-1,-1,-1,-1,-1,0,-1
2020430407447,2020,430407447,1,1,0,13,13,2,6,5,5,1,0,0,0,0,1,1,1,1,2,23,5,-1,-1,-1,-1,9,E01028572,0,-1
2020430412467,2020,430412467,2,9,0,18,19,7,3,0,0,0,0,0,0,0,1,1,6,6,3,-1,-1,-1,-1,-1,-1,-1,-1,0,-1
2020010263589,2020,010263589,1,9,0,18,19,5,1,0,0,8,5,0,0,0,3,1,6,6,1,47,8,-1,-1,-1,-1,1,E01024580,0,-1
2020420987396,2020,420987396,1,1,0,5,5,7,3,0,0,0,5,0,0,0,3,1,4,7,1,13,3,-1,-1,-1,-1,8,E01022071,0,-1
2020500967745,2020,500967745,2,1,0,3,3,1,5,0,0,1,0,0,0,0,2,1,6,6,1,45,7,-1,-1,-1,-1,4,E01018922,0,-1
2020401001182,2020,401001182,2,98,1,18,19,5,1,0,0,0,0,0,0,0,3,1,6,6,3,-1,-1,-1,-1,-1,-1,-1,-1,0,-1
2020140969379,2020,140969379,1,1,0,5,5,4,8,0,0,8,0,0,0,0,3,1,6,6,1,31,6,-1,-1,-1,-1,8,E01007986,0,-1
2020990957057,2020,990957057,1,9,0,7,7,6,8,0,0,8,0,0,0,0,2,1,6,6,2,27,6,-1,-1,-1,-1,10,-1,0,-1
2020160986307,2020,160986307,1,1,0,18,19,3,7,0,0,0,0,0,0,0,2,1,6,6,1,12,3,-1,-1,-1,-1,3,E01013099,0,-1
2020552000203,2020,552000203,3,90,0,4,4,2,6,0,0,0,0,0,0,0,0,1,6,6,3,-1,-1,-1,-1,-1,-1,-1,-1,0,-1
2020410967483,2020,410967483,2,9,0,5,5,7,3,0,0,0,0,0,0,0,3,1,2,2,1,60,9,-1,-1,-1,-1,3,E01032574,0,-1
2020122000440,2020,122000440,2,9,0,9,9,7,3,0,0,8,0,0,0,0,1,1,1,1,1,59,9,-1,-1,-1,-1,5,E01027798,0,-1
2020200945789,2020,200945789,1,97,0,18,19,6,2,0,0,0,0,7,1,0,4,1,6,6,1,45,7,-1,-1,-1,-1,2,E01010104,0,-1
2020440372515,2020,440372515,2,8,0,6,6,2,2,0,0,0,0,0,0,0,3,1,1,1,1,57,9,-1,-1,-1,-1,2,E01017219,0,-1
2020410946979,2020,410946979,1,5,0,18,19,1,5,0,0,0,0,0,0,0,1,1,6,6,1,47,8,-1,-1,-1,-1,-1,-1,0,-1
2020440070386,2020,440070386,2,1,0,9,9,5,2,0,0,8,0,0,0,0,1,1,2,2,1,36,7,-1,-1,-1,-1,5,E01017013,0,-1
2020040967318,2020,040967318,2,1,0,18,19,7,3,0,0,1,1,0,0,0,0,1,6,6,1,53,8,-1,-1,-1,-1,7,E01005468,0,-1
2020520100763,2020,520100763,2,9,0,9,9,3,1,0,0,5,0,0,0,0,3,1,6,6,2,27,6,-1,-1,-1,-1,7,E01004473,0,-1
2020101002217,2020,101002217,1,9,0,18,19,5,1,0,0,0,0,0,0,0,1,1,6,6,3,17,4,-1,-1,-1,-1,-1,-1,0,-1
2020450963736,2020,450963736,1,1,0,18,19,7,3,0,0,1,0,0,0,0,4,1,6,6,2,43,7,-1,-1,-1,-1,9,E01030639,0,-1
2020990953867,2020,990953867,2,1,0,7,7,3,4,0,0,0,0,0,1,0,3,1,2,2,2,23,5,-1,-1,-1,-1,7,-1,0,-1
2020100994799,2020,100994799,1,1,0,18,19,7,3,0,0,8,0,0,0,0,1,1,6,6,1,25,5,-1,-1,-1,-1,1,E01008291,0,-1
2020122000563,2020,122000563,1,1,0,16,19,2,5,0,0,0,1,0,0,0,0,1,6,6,1,43,7,-1,-1,-1,-1,5,E01027636,0,-1
2020500939047,2020,500939047,1,9,0,17,19,1,5,0,0,0,0,0,0,0,1,1,5,6,3,-1,-1,-1,-1,-1,-1,-1,-1,0,-1
20201372I1256,2020,1372I1256,1,1,0,18,19,7,3,0,0,0,2,0,0,0,1,1,2,2,1,48,8,-1,-1,-1,-1,8,E01011496,0,-1
2020010266833,2020,010266833,1,1,9,99,99,9,9,99,99,0,9,99,9,99,9,1,2,2,1,45,7,-1,-1,-1,-1,6,E01004626,0,-1
2020440460295,2020,440460295,1,1,0,18,19,6,2,0,0,8,1,0,0,0,1,1,1,1,1,15,3,-1,-1,-1,-1,3,E01022840,0,-1
2020010257286,2020,010257286,2,1,0,15,15,1,5,0,0,1,0,0,0,0,2,1,6,6,1,15,3,-1,-1,-1,-1,1,E01004541,0,-1
2020622001000,2020,622001000,2,9,0,4,4,4,8,0,0,0,0,0,0,0,1,1,6,6,1,65,9,-1,-1,-1,-1,6,W01000598,0,-1
2020440470852,2020,440470852,2,9,0,4,4,6,2,0,0,0,0,0,0,0,0,1,6,6,3,-1,-1,-1,-1,-1,-1,-1,-1,0,-1
2020501016963,2020,501016963,1,9,0,18,19,3,1,0,0,4,0,0,0,0,1,1,6,6,3,-1,-1,-1,-1,-1,-1,-1,-1,0,-1
2020332000531,2020,332000531,1,9,0,18,19,2,6,0,0,0,1,0,0,0,1,1,6,6,2,24,5,-1,-1,-1,-1,10,E01025734,0,-1
2020520000308,2020,520000308,2,9,0,10,10,6,4,0,0,1,0,0,0,0,1,1,6,6,1,66,10,-1,-1,-1,-1,2,E01016368,0,-1
2020160955140,2020,160955140,2,1,0,13,13,7,3,0,0,0,0,0,0,0,1,1,5,6,1,72,10,-1,-1,-1,-1,1,E01013162,0,-1
2020010282229,2020,010282229,1,90,0,99,99,9,9,99,99,9,9,99,9,99,2,9,6,6,1,32,6,-1,-1,-1,-1,2,E01024502,0,-1
2020010246262,2020,010246262,1,1,9,99,99,9,9,99,99,1,9,99,9,99,1,1,6,6,1,39,7,-1,-1,-1,-1,2,E01000013,0,-1
2020010286197,2020,010286197,1,1,0,18,19,1,5,0,0,1,0,0,0,0,1,1,6,6,1,16,4,-1,-1,-1,-1,5,E01001611,0,-1
2020522004685,2020,522004685,2,9,0,18,19,2,6,0,0,1,0,0,0,0,4,1,6,6,1,21,5,-1,-1,-1,-1,2,E01014568,0,-1
2020470973229,2020,470973229,1,9,0,18,19,3,7,0,0,0,0,0,0,0,1,1,6,6,3,-1,-1,-1,-1,-1,-1,-1,-1,0,-1
2020220981143,2020,220981143,1,1,0,18,19,5,1,0,0,0,0,8,0,0,1,1,2,2,1,29,6,-1,-1,-1,-1,2,E01033247,0,-1
2020522003052,2020,522003052,2,9,0,18,19,1,5,0,0,1,0,0,0,0,0,1,6,6,3,25,5,-1,-1,-1,-1,-1,-1,0,-1
2020110969767,2020,110969767,1,9,0,1,1,7,3,0,0,2,0,0,0,0,0,1,6,6,3,40,7,-1,-1,-1,-1,-1,-1,0,-1
2020140973068,2020,140973068,2,1,0,18,19,3,7,4,4,0,0,0,0,0,1,1,6,6,1,16,4,-1,-1,-1,-1,2,E01007464,0,-1
202060Y068304,2020,60Y068304,2,1,0,18,19,1,5,0,0,6,0,0,0,0,1,1,6,6,1,17,4,-1,-1,-1,-1,-1,-1,0,-1
2020160986301,2020,160986301,2,1,0,18,19,4,8,0,0,1,0,0,0,0,1,1,4,7,1,13,3,-1,-1,-1,-1,1,E01012858,0,-1
202006F173168,2020,06F173168,2,1,0,18,19,2,6,0,0,8,0,0,0,0,2,1,6,6,1,16,4,-1,-1,-1,-1,3,E01005686,0,-1
2020440489945,2020,440489945,1,9,0,18,19,7,3,0,0,0,0,0,0,0,1,1,1,1,1,19,4,-1,-1,-1,-1,6,E01022673,0,-1
2020010247098,2020,010247098,2,9,0,99,99,9,9,99,99,8,9,99,9,99,1,9,6,6,1,-1,-1,-1,-1,-1,-1,-1,-1,0,-1
2020990953893,2020,990953893,1,9,0,18,19,1,5,9,9,0,0,0,1,0,1,1,6,6,3,17,4,-1,-1,-1,-1,-1,-1,0,-1
2020101000634,2020,101000634,2,1,0,18,19,5,1,0,0,0,0,0,0,0,1,1,5,6,1,6,2,-1,-1,-1,-1,9,E01008516,0,-1
20201378U0858,2020,1378U0858,2,90,0,18,19,3,7,0,0,0,0,0,0,0,4,1,6,6,1,36,7,-1,-1,-1,-1,6,E01010909,0,-1
2020010241442,2020,010241442,2,1,0,17,19,5,1,4,4,1,1,0,0,0,1,-1,2,2,2,51,8,-1,-1,-1,-1,10,E01003866,0,-1
2020450968244,2020,450968244,2,98,0,9,9,7,3,0,0,5,0,0,0,0,4,1,6,6,3,35,6,-1,-1,-1,-1,-1,-1,0,-1
2020440325506,2020,440325506,2,9,0,18,19,1,5,0,0,8,0,0,0,0,1,1,1,1,1,36,7,-1,-1,-1,-1,9,E01030795,0,-1
2020440448527,2020,440448527,3,19,0,2,2,0,0,0,0,0,0,0,0,0,3,1,6,6,3,-1,-1,-1,-1,-1,-1,-1,-1,0,-1
2020010249048,2020,010249048,2,90,0,18,19,5,1,0,0,0,0,0,0,0,0,1,6,6,1,34,6,-1,-1,-1,-1,-1,-1,0,-1
2020430415152,2020,430415152,1,9,0,9,9,5,3,0,0,8,0,0,0,0,1,1,2,2,1,34,6,-1,-1,-1,-1,3,E01032729,0,-1
2020010230780,2020,010230780,2,1,0,18,19,1,5,0,0,6,0,0,0,0,3,-1,2,2,2,36,7,-1,-1,-1,-1,2,E01000126,0,-1
2020200934942,2020,200934942,1,9,0,18,19,6,2,0,0,1,0,0,0,0,1,1,6,6,1,-1,-1,-1,-1,-1,-1,-1,-1,0,-1
2020421008444,2020,421008444,1,9,0,18,19,1,5,0,0,4,0,0,0,0,1,1,6,6,1,54,8,-1,-1,-1,-1,5,E01021414,0,-1
2020010247104,2020,010247104,2,9,9,99,99,9,9,99,99,9,9,99,9,99,9,9,6,6,1,-1,-1,-1,-1,-1,-1,-1,-1,0,-1
20201371I1351,2020,1371I1351,1,1,0,18,19,3,7,0,0,0,0,0,0,0,1,1,6,6,1,19,4,-1,-1,-1,-1,9,E01032876,0,-1
2020010279280,2020,010279280,1,1,0,18,19,3,7,0,0,0,0,0,0,0,1,1,6,6,1,42,7,-1,-1,-1,-1,10,E01000815,0,-1
2020010265980,2020,010265980,1,9,0,99,99,9,9,99,99,9,9,99,9,99,1,9,6,6,3,-1,-1,-1,-1,-1,-1,-1,-1,0,-1
20201376J0873,2020,1376J0873,1,1,0,18,19,7,2,0,0,1,1,0,0,0,0,1,6,6,1,19,4,-1,-1,-1,-1,1,E01010819,0,-1
2020332000882,2020,332000882,1,9,0,18,19,3,7,0,0,0,0,0,0,0,1,1,1,1,1,32,6,-1,-1,-1,-1,5,E01013680,0,-1
2020522002304,2020,522002304,1,1,0,18,19,1,5,5,5,0,0,0,0,0,0,1,6,6,1,13,3,-1,-1,-1,-1,5,E01014961,0,-1
2020320435409,2020,320435409,2,9,0,18,19,5,1,0,0,2,0,0,0,0,4,1,6,6,1,42,7,-1,-1,-1,-1,-1,-1,0,-1
2020010264080,2020,010264080,2,21,1,12,12,5,1,0,0,1,0,0,0,0,1,2,1,1,1,63,9,-1,-1,-1,-1,-1,-1,0,-1
2020460990179,2020,460990179,2,1,0,18,19,7,3,0,0,3,0,0,0,0,4,1,1,1,2,20,4,-1,-1,-1,-1,6,E01016178,0,-1
2020470930524,2020,470930524,2,1,0,18,19,5,1,0,0,4,0,0,0,0,1,1,4,7,1,17,4,-1,-1,-1,-1,7,E01031837,0,-1
2020610047620,2020,610047620,1,9,0,5,5,1,5,0,0,0,0,0,0,0,1,1,6,6,3,-1,-1,-1,-1,-1,-1,-1,-1,0,-1
2020420996826,2020,420996826,2,9,0,2,2,0,0,6,6,0,0,0,0,0,4,1,6,6,3,-1,-1,-1,-1,-1,-1,-1,-1,0,-1
2020460985577,2020,460985577,1,9,0,3,3,4,8,0,0,0,0,0,0,0,1,1,6,6,3,-1,-1,-1,-1,-1,-1,-1,-1,0,-1
2020351018762,2020,351018762,2,1,0,7,7,2,6,0,0,3,0,0,0,0,2,1,1,1,2,23,5,-1,-1,-1,-1,5,E01033176,0,-1
2020122001202,2020,122001202,3,21,1,18,19,5,1,0,0,0,0,0,0,0,0,1,6,6,3,-1,-1,-1,-1,-1,-1,-1,-1,0,-1
2020522001719,2020,522001719,2,1,0,18,19,6,2,0,0,8,0,0,0,0,1,1,6,6,1,31,6,-1,-1,-1,-1,4,E01015020,0,-1
2020370973761,2020,370973761,2,1,0,18,19,5,1,0,0,0,0,0,0,0,1,1,5,6,1,16,4,-1,-1,-1,-1,2,E01030032,0,-1
20201371V2007,2020,1371V2007,1,9,0,18,19,1,5,0,0,1,0,0,0,0,4,1,6,6,2,-1,-1,-1,-1,-1,-1,-1,-1,0,-1
2020160920021,2020,160920021,3,9,0,18,19,3,7,0,0,0,0,0,0,0,3,1,6,6,3,-1,-1,-1,-1,-1,-1,-1,-1,0,-1
2020220988182,2020,220988182,2,9,0,17,19,3,8,0,0,0,0,0,0,0,1,1,1,1,1,49,8,-1,-1,-1,-1,5,E01014053,0,-1
2020440292827,2020,440292827,1,9,0,18,19,2,6,0,0,4,0,0,0,0,1,1,6,6,1,42,7,-1,-1,-1,-1,6,E01017026,0,-1
2020332001134,2020,332001134,2,9,0,18,19,7,3,0,0,0,0,0,0,0,0,1,6,6,2,39,7,-1,-1,-1,-1,-1,-1,0,-1
2020332000633,2020,332000633,2,9,0,17,19,6,3,0,0,0,0,0,0,0,1,1,6,6,1,45,7,-1,-1,-1,-1,4,E01025900,0,-1
2020480954956,2020,480954956,2,1,0,18,19,7,3,5,5,8,0,0,0,0,4,1,2,2,1,45,7,-1,-1,-1,-1,2,E01000556,0,-1
2020137AT1868,2020,137AT1868,1,9,0,18,19,2,6,0,0,0,0,0,0,0,1,1,6,6,3,-1,-1,-1,-1,-1,-1,-1,-1,0,-1
2020010272123,2020,010272123,1,9,0,99,99,9,9,99,99,0,9,99,9,99,2,9,6,6,3,-1,-1,-1,-1,-1,-1,-1,-1,0,-1
2020040980077,2020,040980077,2,1,0,18,19,1,2,0,0,1,0,0,0,0,1,1,6,6,3,-1,-1,-1,-1,-1,-1,-1,-1,0,-1
2020460995692,2020,460995692,2,1,0,9,9,4,8,0,0,8,0,0,0,0,2,1,5,6,1,48,8,-1,-1,-1,-1,10,E01024341,0,-1
2020010276248,2020,010276248,2,1,0,18,19,5,1,0,0,6,5,0,0,0,2,1,6,6,1,35,6,-1,-1,-1,-1,2,E01004686,0,-1
2020010269736,2020,010269736,2,1,0,18,19,3,7,0,0,1,2,0,0,0,0,1,6,6,1,42,7,-1,-1,-1,-1,8,E01003909,0,-1
2020010255399,2020,010255399,2,9,0,99,99,9,9,99,99,9,9,99,9,99,1,9,6,6,3,-1,-1,-1,-1,-1,-1,-1,-1,0,-1
2020010275589,2020,010275589,1,97,9,99,99,9,9,99,99,9,9,99,9,99,9,1,6,6,3,-1,-1,-1,-1,-1,-1,-1,-1,0,-1
2020450953640,2020,450953640,2,1,0,18,19,1,5,0,0,8,0,0,0,0,1,1,5,6,1,26,6,-1,-1,-1,-1,10,E01030966,0,-1
2020010233691,2020,010233691,2,9,9,99,99,9,9,99,99,9,9,99,9,99,9,9,-1,-1,3,-1,-1,-1,-1,-1,-1,-1,-1,0,-1
2020430046212,2020,430046212,2,1,0,18,19,5,1,0,0,8,0,0,0,0,3,1,2,2,2,38,7,-1,-1,-1,-1,3,E01028621,0,-1
202006P270468,2020,06P270468,3,9,0,18,19,7,3,0,0,0,0,0,0,0,3,1,6,6,3,58,9,-1,-1,-1,-1,4,E01005465,0,-1
2020010254549,2020,010254549,2,1,0,3,3,1,5,4,4,1,0,0,0,0,2,1,2,2,1,46,8,-1,-1,-1,-1,9,E01003901,0,-1
2020420926180,2020,420926180,2,21,1,2,2,3,7,6,6,0,0,0,0,0,2,1,1,1,1,27,6,-1,-1,-1,-1,-1,-1,0,-1
2020070758164,2020,070758164,1,1,0,18,19,4,8,0,0,0,1,0,0,0,3,1,6,6,1,65,9,-1,-1,-1,-1,10,E01018404,0,-1
2020332001180,2020,332001180,1,9,0,18,19,5,1,0,0,8,0,0,0,0,0,1,1,1,1,-1,-1,-1,-1,-1,-1,-1,-1,0,-1
2020340D03862,2020,340D03862,2,9,0,18,19,1,5,0,0,8,0,0,0,0,1,1,1,1,1,56,9,-1,-1,-1,-1,-1,-1,0,-1
2020450991430,2020,450991430,1,9,0,18,19,5,1,0,0,1,0,0,0,0,1,1,6,6,3,30,6,-1,-1,-1,-1,-1,-1,0,-1
2020010270244,2020,010270244,2,1,0,18,19,3,7,0,0,1,5,0,0,0,3,1,6,6,1,38,7,-1,-1,-1,-1,1,E01000508,0,-1
2020010248273,2020,010248273,2,1,0,18,19,5,1,0,0,2,0,0,0,0,1,1,6,6,1,13,3,-1,-1,-1,-1,8,E01000752,0,-1
2020010252685,2020,010252685,2,1,0,18,19,7,3,0,0,1,0,0,0,0,1,1,6,6,1,29,6,-1,-1,-1,-1,5,E01002667,0,-1
202060Y013225,2020,60Y013225,2,9,0,4,4,4,8,0,0,2,0,0,0,0,2,1,6,6,1,62,9,-1,-1,-1,-1,-1,-1,0,-1
202031C002120,2020,31C002120,2,9,0,18,19,1,5,0,0,1,0,0,0,0,1,1,6,6,3,-1,-1,-1,-1,-1,-1,-1,-1,0,-1
2020430079709,2020,430079709,2,9,0,5,5,7,3,0,0,0,0,0,0,0,1,1,1,1,1,55,8,-1,-1,-1,-1,8,E01017720,0,-1
2020200955862,2020,200955862,2,1,0,18,19,6,2,0,0,8,0,0,0,0,1,1,6,6,1,58,9,-1,-1,-1,-1,5,E01008994,0,-1
2020070200750,2020,070200750,2,1,0,18,19,4,8,5,5,0,5,0,0,0,1,1,6,6,1,68,10,-1,-1,-1,-1,9,E01018601,0,-1
2020010239092,2020,010239092,1,1,9,99,99,9,9,99,99,9,9,99,9,99,9,1,6,6,1,25,5,-1,-1,-1,-1,6,E01032767,0,-1
2020010278224,2020,010278224,1,1,9,99,99,9,9,99,99,1,9,99,9,99,9,1,2,2,2,68,10,-1,-1,-1,-1,5,E01003130,0,-1
20201372C1732,2020,1372C1732,2,1,0,18,19,7,3,0,0,8,0,0,0,0,1,1,6,6,1,32,6,-1,-1,-1,-1,6,E01011490,0,-1
2020410998580,2020,410998580,3,90,0,18,19,3,7,0,0,1,0,0,0,0,0,1,6,6,3,-1,-1,-1,-1,-1,-1,-1,-1,0,-1
2020370945116,2020,370945116,2,23,0,9,9,7,5,0,0,0,0,0,0,0,1,1,5,6,1,61,9,-1,-1,-1,-1,2,E01003046,0,-1
2020010268200,2020,010268200,1,1,9,99,99,9,9,99,99,9,9,99,9,99,9,1,2,2,1,27,6,-1,-1,-1,-1,3,E01002753,0,-1
2020332000765,2020,332000765,1,9,0,17,19,4,1,0,0,0,2,0,1,4,4,1,2,2,1,28,6,-1,-1,-1,-1,8,E01013643,0,-1
2020351003126,2020,351003126,2,1,-1,18,19,1,5,0,0,0,0,0,0,0,3,1,4,7,1,10,2,-1,-1,-1,-1,2,E01015680,0,-1
2020010228429,2020,010228429,2,1,0,18,19,1,5,0,0,1,0,0,0,0,1,1,6,6,1,60,9,-1,-1,-1,-1,8,E01004543,0,-1
2020552000278,2020,552000278,2,1,0,18,19,3,7,0,0,3,0,0,0,0,4,1,2,2,1,54,8,-1,-1,-1,-1,-1,-1,0,-1
2020010277315,2020,010277315,1,1,0,99,99,9,9,0,0,2,1,0,0,0,1,1,2,2,1,33,6,-1,-1,-1,-1,10,E01004120,0,-1
2020360999910,2020,360999910,2,1,-1,9,9,7,4,0,0,8,0,0,0,0,1,1,6,6,2,60,9,-1,-1,-1,-1,6,E01026781,0,-1
2020320079486,2020,320079486,1,20,0,18,19,3,7,0,0,1,0,0,0,0,0,1,6,6,1,40,7,-1,-1,-1,-1,-1,-1,0,-1
2020100983456,2020,100983456,2,1,0,9,9,6,2,0,0,6,0,0,0,0,1,1,6,6,1,26,6,-1,-1,-1,-1,1,E01008841,0,-1
2020052002680,2020,052002680,2,1,0,18,19,5,1,0,0,2,0,0,0,0,1,1,6,6,1,68,10,-1,-1,-1,-1,7,E01007307,0,-1
2020140964867,2020,140964867,2,9,0,18,19,7,4,0,0,8,0,0,0,0,1,1,2,2,1,41,7,-1,-1,-1,-1,-1,-1,0,-1
2020010267448,2020,010267448,1,9,0,99,99,9,9,99,99,9,9,99,9,99,1,9,6,6,3,-1,-1,-1,-1,-1,-1,-1,-1,0,-1