collision_index,collision_year,collision_ref_no,vehicle_reference,vehicle_type,towing_and_articulation,vehicle_manoeuvre_historic,vehicle_manoeuvre,vehicle_direction_from,vehicle_direction_to,vehicle_location_restricted_lane_historic,vehicle_location_restricted_lane,junction_location,skidding_and_overturning,hit_object_in_carriageway,vehicle_leaving_carriageway,hit_object_off_carriageway,first_point_of_impact,vehicle_left_hand_drive,journey_purpose_of_driver_historic,journey_purpose_of_driver,sex_of_driver,age_of_driver,age_band_of_driver,engine_capacity_cc,propulsion_code,age_of_vehicle,generic_make_model,driver_imd_decile,lsoa_of_driver,escooter_flag,driver_distance_banding
2020302000911,2020,302000911,2,1,0,13,13,5,1,0,0,0,1,0,0,0,2,1,6,6,1,12,3,-1,-1,-1,-1,10,E01033533,0,-1
2020010254904,2020,010254904,2,1,0,18,19,8,4,0,0,8,0,0,0,0,1,1,6,6,1,45,7,-1,-1,-1,-1,10,E01032638,0,-1
2020430424840,2020,430424840,2,1,0,18,19,4,8,0,0,8,0,0,0,0,1,1,6,6,1,-1,-1,-1,-1,-1,-1,-1,-1,0,-1
2020170S11470,2020,170S11470,2,9,0,18,19,2,6,0,0,8,0,0,0,0,1,1,6,6,3,-1,-1,-1,-1,-1,-1,-1,-1,0,-1
2020010232784,2020,010232784,2,9,0,99,99,9,9,99,99,9,9,99,9,99,9,9,6,6,3,-1,-1,-1,-1,-1,-1,-1,-1,0,-1
2020332000860,2020,332000860,2,1,0,18,19,2,6,0,0,1,0,0,0,0,1,1,4,7,2,14,3,-1,-1,-1,-1,3,E01013717,0,-1
2020552000471,2020,552000471,2,1,0,18,19,4,8,0,0,0,0,0,0,0,3,1,6,6,2,73,10,-1,-1,-1,-1,9,E01020352,0,-1
2020450955262,2020,450955262,1,9,0,18,19,4,8,0,0,0,0,0,0,0,1,1,2,2,1,63,9,-1,-1,-1,-1,8,E01030994,0,-1
2020200957575,2020,200957575,2,9,0,18,19,4,8,0,0,6,0,0,0,0,4,1,6,6,1,30,6,-1,-1,-1,-1,3,E01008924,0,-1
2020200931882,2020,200931882,2,1,0,18,19,4,8,0,0,8,0,0,0,0,1,1,6,6,1,23,5,-1,-1,-1,-1,2,E01009385,0,-1
2020440417027,2020,440417027,2,9,4,4,4,1,6,0,0,0,0,0,0,0,2,1,6,6,1,60,9,-1,-1,-1,-1,7,E01031961,0,-1
2020420923272,2020,420923272,1,9,0,18,19,3,7,0,0,0,1,0,0,0,4,1,5,6,2,23,5,-1,-1,-1,-1,6,E01021502,0,-1
2020470951667,2020,470951667,3,9,0,18,19,1,5,0,0,0,0,0,0,0,0,1,6,6,3,-1,-1,-1,-1,-1,-1,-1,-1,0,-1
2020200958367,2020,200958367,2,9,0,18,19,7,3,0,0,0,0,10,1,5,1,1,1,1,1,36,7,-1,-1,-1,-1,4,E01032358,0,-1
2020070291092,2020,070291092,1,9,0,18,19,4,8,0,0,0,0,0,0,0,1,1,6,6,3,-1,-1,-1,-1,-1,-1,-1,-1,0,-1
2020200944966,2020,200944966,2,9,0,18,19,5,1,0,0,8,0,0,0,0,3,1,6,6,1,41,7,-1,-1,-1,-1,5,E01008969,0,-1
2020990932721,2020,990932721,3,9,0,3,3,4,8,0,0,0,0,0,0,0,2,1,5,6,1,49,8,-1,-1,-1,-1,2,E01008385,0,-1
2020460961383,2020,460961383,2,9,0,4,4,5,1,0,0,0,0,0,0,0,2,1,5,6,3,-1,-1,-1,-1,-1,-1,-1,-1,0,-1
2020990962244,2020,990962244,2,1,0,16,19,3,7,0,0,0,0,0,0,0,3,1,5,6,1,49,8,-1,-1,-1,-1,9,-1,0,-1
2020010255281,2020,010255281,2,1,0,18,19,3,7,0,0,1,0,0,1,0,4,1,6,6,2,56,9,-1,-1,-1,-1,7,E01000387,0,-1
2020220919167,2020,220919167,1,9,0,17,19,2,7,0,0,0,1,0,0,0,1,1,5,6,2,22,5,-1,-1,-1,-1,2,E01010470,0,-1
2020200954789,2020,200954789,2,1,0,18,19,7,3,0,0,8,0,0,0,0,4,1,6,6,1,29,6,-1,-1,-1,-1,1,E01031273,0,-1
2020332000939,2020,332000939,3,9,0,18,19,2,6,0,0,0,0,0,0,0,1,1,6,6,1,25,5,-1,-1,-1,-1,3,E01003286,0,-1
2020040964851,2020,040964851,2,9,0,2,2,0,0,0,0,2,0,0,0,0,4,1,6,6,3,-1,-1,-1,-1,-1,-1,-1,-1,0,-1
20201375Q1018,2020,1375Q1018,2,1,0,18,19,7,3,0,0,8,0,0,0,0,1,1,6,6,1,-1,-1,-1,-1,-1,-1,-1,-1,0,-1
2020010267918,2020,010267918,2,1,0,18,19,1,5,0,0,1,0,0,0,0,3,1,6,6,1,17,4,-1,-1,-1,-1,1,E01033456,0,-1
2020070640111,2020,070640111,1,1,0,9,9,5,1,0,0,5,0,0,0,0,4,1,6,6,1,21,5,-1,-1,-1,-1,4,E01005304,0,-1
2020990956847,2020,990956847,1,5,0,18,19,5,1,0,0,0,0,4,1,11,1,1,6,6,1,28,6,-1,-1,-1,-1,1,-1,0,-1
2020200995369,2020,200995369,1,9,0,9,9,6,3,0,0,1,0,0,0,0,1,1,6,6,3,-1,-1,-1,-1,-1,-1,-1,-1,0,-1
2020010243208,2020,010243208,1,8,0,18,19,8,4,0,0,1,0,0,0,0,1,1,6,6,3,-1,-1,-1,-1,-1,-1,-1,-1,0,-1
2020010267862,2020,010267862,2,9,0,18,19,3,7,0,0,8,0,0,0,0,3,1,6,6,3,-1,-1,-1,-1,-1,-1,-1,-1,0,-1
2020010255733,2020,010255733,5,9,0,4,4,1,5,0,0,8,0,0,0,0,4,1,6,6,2,47,8,-1,-1,-1,-1,3,E01001436,0,-1
2020010246127,2020,010246127,1,1,9,99,99,9,9,99,99,9,9,99,9,99,9,1,2,2,1,26,6,-1,-1,-1,-1,5,E01004374,0,-1
2020160990784,2020,160990784,2,1,0,18,19,1,3,0,0,3,5,0,0,0,3,1,6,6,2,45,7,-1,-1,-1,-1,1,E01012834,0,-1
2020460945966,2020,460945966,1,9,0,9,9,6,3,0,0,1,0,0,0,0,0,1,5,6,1,-1,-1,-1,-1,-1,-1,4,E01023997,0,-1
2020010276519,2020,010276519,2,9,0,99,99,9,9,99,99,9,9,99,9,99,1,9,6,6,3,-1,-1,-1,-1,-1,-1,-1,-1,0,-1
2020140988173,2020,140988173,1,97,0,18,19,3,5,0,0,8,2,0,0,0,0,1,6,6,1,35,6,-1,-1,-1,-1,1,E01007883,0,-1
202054A284620,2020,54A284620,4,9,0,7,7,4,6,0,0,1,0,0,0,0,4,1,6,6,2,34,6,-1,-1,-1,-1,10,E01031966,0,-1
2020332001154,2020,332001154,1,9,0,18,19,5,1,0,0,0,0,0,0,0,0,1,6,6,2,47,8,-1,-1,-1,-1,-1,-1,0,-1
2020010236982,2020,010236982,1,9,0,18,19,7,3,0,0,8,0,0,0,0,1,1,1,1,2,44,7,-1,-1,-1,-1,3,E01016171,0,-1
202006E475146,2020,06E475146,1,19,0,18,19,5,1,0,0,1,0,0,0,0,1,1,6,6,3,-1,-1,-1,-1,-1,-1,-1,-1,0,-1
2020420962250,2020,420962250,1,9,0,18,19,2,6,0,0,1,0,0,0,0,1,1,6,6,1,30,6,-1,-1,-1,-1,-1,-1,0,-1
2020010261998,2020,010261998,1,1,9,99,99,9,9,99,99,9,9,99,9,99,1,1,2,2,1,33,6,-1,-1,-1,-1,2,E01004013,0,-1
2020522003905,2020,522003905,1,1,0,18,19,4,8,0,0,3,1,0,0,0,4,1,6,6,1,30,6,-1,-1,-1,-1,7,E01014494,0,-1
2020990957515,2020,990957515,2,1,0,4,4,1,6,0,0,1,1,0,0,0,1,1,5,6,1,72,10,-1,-1,-1,-1,10,-1,0,-1
202060Y010553,2020,60Y010553,2,1,0,18,19,5,1,0,0,0,0,0,1,0,2,1,6,6,1,40,7,-1,-1,-1,-1,-1,-1,0,-1
2020052001289,2020,052001289,1,1,0,18,19,4,8,0,0,0,0,0,0,0,2,1,2,2,2,33,6,-1,-1,-1,-1,1,E01006881,0,-1
2020122000791,2020,122000791,2,1,0,5,5,1,5,0,0,1,0,0,0,0,3,1,6,6,1,71,10,-1,-1,-1,-1,7,E01027808,0,-1
2020320293033,2020,320293033,1,20,0,9,9,2,8,0,0,6,0,0,0,0,3,1,1,1,2,51,8,-1,-1,-1,-1,8,E01013226,0,-1
2020200949014,2020,200949014,1,9,0,5,5,7,3,0,0,0,0,10,1,0,1,1,6,6,1,26,6,-1,-1,-1,-1,2,E01009512,0,-1
2020350959918,2020,350959918,2,1,0,5,5,8,5,0,0,4,5,0,0,0,3,1,2,2,2,48,8,-1,-1,-1,-1,10,E01018249,0,-1
2020332000625,2020,332000625,1,9,0,18,19,2,6,0,0,0,0,0,0,0,1,1,6,6,1,22,5,-1,-1,-1,-1,9,E01025634,0,-1
2020460988991,2020,460988991,1,9,0,14,14,7,3,0,0,0,0,0,0,0,4,1,6,6,3,-1,-1,-1,-1,-1,-1,-1,-1,0,-1
2020170M10070,2020,170M10070,1,9,0,9,9,2,8,4,4,8,0,0,0,0,1,1,1,1,1,37,7,-1,-1,-1,-1,-1,-1,0,-1
2020010251090,2020,010251090,1,1,9,99,99,9,9,99,99,0,9,99,9,99,1,1,6,6,1,25,5,-1,-1,-1,-1,4,E01001142,0,-1
2020030968238,2020,030968238,2,1,0,18,19,1,5,0,0,1,0,0,0,0,1,1,6,6,1,13,3,-1,-1,-1,-1,-1,-1,0,-1
2020440373001,2020,440373001,2,9,0,2,2,0,0,0,0,1,0,0,0,0,3,1,6,6,2,27,6,-1,-1,-1,-1,8,E01017196,0,-1
2020450958642,2020,450958642,1,1,0,9,9,8,4,0,0,8,0,10,1,0,1,1,5,6,1,26,6,-1,-1,-1,-1,5,E01031571,0,-1
2020030954985,2020,030954985,2,1,0,18,19,3,7,0,0,1,0,0,0,0,1,1,6,6,2,51,8,-1,-1,-1,-1,9,E01019328,0,-1
2020522003642,2020,522003642,1,1,0,18,19,7,3,0,0,0,0,0,0,0,3,1,6,6,1,40,7,-1,-1,-1,-1,6,E01014733,0,-1
2020450965692,2020,450965692,2,98,1,11,11,5,1,0,0,4,0,0,0,0,2,1,6,6,3,50,8,-1,-1,-1,-1,-1,-1,0,-1
2020332001183,2020,332001183,2,9,0,18,19,7,3,0,0,0,0,0,0,0,0,1,6,6,2,26,6,-1,-1,-1,-1,-1,-1,0,-1
2020332000037,2020,332000037,1,9,0,18,19,6,2,0,0,0,0,0,0,0,1,1,6,6,1,38,7,-1,-1,-1,-1,8,E01025958,0,-1
2020370998687,2020,370998687,2,1,0,18,19,4,8,0,0,1,0,0,0,0,1,1,5,6,1,60,9,-1,-1,-1,-1,9,E01030190,0,-1
2020200987297,2020,200987297,2,1,0,18,19,5,1,0,0,0,0,0,0,0,1,1,6,6,1,-1,-1,-1,-1,-1,-1,6,E01008934,0,-1
2020460953455,2020,460953455,1,9,0,18,19,7,4,0,0,0,0,0,0,0,4,1,5,6,3,-1,-1,-1,-1,-1,-1,-1,-1,0,-1
2020990972799,2020,990972799,1,9,0,18,19,8,4,0,0,0,0,0,0,0,4,1,6,6,1,16,4,-1,-1,-1,-1,-1,-1,0,-1
2020010284158,2020,010284158,2,19,0,18,19,5,1,0,0,1,0,0,0,0,1,1,6,6,1,-1,-1,-1,-1,-1,-1,-1,-1,0,-1
2020361021727,2020,361021727,2,9,0,2,2,0,0,0,0,0,0,0,0,0,4,1,6,6,3,-1,-1,-1,-1,-1,-1,-1,-1,0,-1
2020010244988,2020,010244988,2,1,0,18,19,3,7,0,0,1,0,0,0,0,2,-1,6,6,2,54,8,-1,-1,-1,-1,9,E01003901,0,-1
2020041001255,2020,041001255,1,9,0,13,13,7,3,0,0,0,0,0,0,0,1,1,6,6,3,-1,-1,-1,-1,-1,-1,-1,-1,0,-1
2020361003980,2020,361003980,1,97,0,-1,-1,-1,-1,-1,-1,0,-1,-1,-1,0,-1,1,6,6,3,-1,-1,-1,-1,-1,-1,-1,-1,0,-1
2020440374330,2020,440374330,1,9,0,9,9,6,3,0,0,6,0,0,0,0,3,1,6,6,2,25,5,-1,-1,-1,-1,6,E01022677,0,-1
2020010259456,2020,010259456,1,1,9,99,99,9,9,99,99,9,9,99,9,99,9,1,6,6,1,51,8,-1,-1,-1,-1,3,E01003315,0,-1
2020140959477,2020,140959477,2,9,0,18,19,8,4,0,0,0,0,0,0,0,1,1,6,6,3,-1,-1,-1,-1,-1,-1,-1,-1,0,-1
2020471005911,2020,471005911,2,1,0,18,19,3,7,0,0,0,0,0,0,0,1,1,6,6,1,64,9,-1,-1,-1,-1,2,E01031808,0,-1
2020991005555,2020,991005555,1,9,0,17,19,2,7,0,0,0,1,0,0,0,1,1,2,2,1,39,7,-1,-1,-1,-1,4,-1,0,-1
2020470933488,2020,470933488,1,9,0,5,5,1,5,0,0,6,0,0,0,0,3,1,1,1,1,31,6,-1,-1,-1,-1,8,E01031838,0,-1
20201376P1378,2020,1376P1378,1,9,0,18,19,1,5,0,0,0,0,0,0,0,4,1,6,6,3,-1,-1,-1,-1,-1,-1,-1,-1,0,-1
2020460936865,2020,460936865,1,9,0,7,7,3,6,0,0,8,0,0,0,0,1,1,6,6,3,-1,-1,-1,-1,-1,-1,-1,-1,0,-1
2020622000413,2020,622000413,1,1,0,18,19,2,5,0,0,0,0,0,0,0,1,1,6,6,1,36,7,-1,-1,-1,-1,5,W01000747,0,-1
2020522002601,2020,522002601,2,1,0,18,19,3,7,0,0,0,0,0,0,0,1,1,6,6,1,17,4,-1,-1,-1,-1,1,E01014589,0,-1
2020440412530,2020,440412530,2,19,0,17,19,5,2,0,0,0,0,0,0,0,3,1,1,1,1,65,9,-1,-1,-1,-1,6,E01023026,0,-1
2020440009645,2020,440009645,1,9,0,5,5,2,6,0,0,1,0,0,0,0,1,1,6,6,3,-1,-1,-1,-1,-1,-1,-1,-1,0,-1
2020520003017,2020,520003017,2,9,0,18,19,5,1,0,0,8,0,0,0,0,1,1,6,6,3,-1,-1,-1,-1,-1,-1,-1,-1,0,-1
2020010259456,2020,010259456,2,9,0,99,99,9,9,99,99,9,9,99,9,99,9,9,6,6,3,-1,-1,-1,-1,-1,-1,-1,-1,0,-1
2020470986004,2020,470986004,1,1,0,18,19,7,3,5,5,0,0,0,0,0,1,1,6,6,1,24,5,-1,-1,-1,-1,2,E01030599,0,-1
2020010258442,2020,010258442,2,-1,0,18,19,3,7,5,5,6,0,0,0,0,1,1,6,6,1,14,3,-1,-1,-1,-1,2,E01000724,1,-1
2020531038048,2020,531038048,2,9,0,18,19,-1,-1,0,0,2,0,0,0,0,4,1,1,1,1,28,6,-1,-1,-1,-1,8,E01032226,0,-1
2020220924146,2020,220924146,2,1,0,18,19,8,4,0,0,1,0,0,0,0,3,1,5,6,1,7,2,-1,-1,-1,-1,10,E01014090,0,-1
2020010237550,2020,010237550,2,9,0,99,99,9,9,99,99,9,9,99,9,99,3,9,6,6,3,-1,-1,-1,-1,-1,-1,-1,-1,0,-1
20201377G1039,2020,1377G1039,1,9,0,18,19,3,7,0,0,8,0,0,0,0,1,1,6,6,3,-1,-1,-1,-1,-1,-1,-1,-1,0,-1
2020450954636,2020,450954636,1,1,0,18,19,4,8,0,0,0,0,0,0,0,0,1,6,6,1,50,8,-1,-1,-1,-1,10,E01016587,0,-1
2020010235895,2020,010235895,1,1,9,99,99,9,9,99,99,9,9,99,9,99,1,-1,6,6,1,49,8,-1,-1,-1,-1,-1,-1,0,-1
2020200932608,2020,200932608,1,9,0,18,19,2,6,0,0,0,0,0,0,0,1,1,6,6,1,-1,-1,-1,-1,-1,-1,-1,-1,0,-1
2020302000044,2020,302000044,2,1,0,18,19,8,4,0,0,0,0,0,0,0,2,1,6,6,1,20,4,-1,-1,-1,-1,6,E01019514,0,-1
2020370974026,2020,370974026,1,9,0,7,7,7,3,0,0,0,2,0,2,0,3,1,5,6,1,57,9,-1,-1,-1,-1,7,E01029885,0,-1
2020547182420,2020,547182420,2,1,0,18,19,1,5,0,0,1,0,0,0,0,3,1,6,6,1,11,3,-1,-1,-1,-1,5,E01031916,0,-1
2020140925890,2020,140925890,2,-1,0,18,19,8,4,9,9,8,0,0,0,0,1,1,5,6,1,16,4,-1,-1,-1,-1,7,E01033280,1,-1
2020010244041,2020,010244041,2,9,0,15,15,6,2,0,0,0,9,0,0,99,3,9,6,6,1,-1,-1,-1,-1,-1,-1,-1,-1,0,-1
2020432004064,2020,432004064,1,1,0,18,19,1,0,5,5,0,0,0,0,0,1,1,2,2,1,29,6,-1,-1,-1,-1,3,E01016846,0,-1
2020302000820,2020,302000820,2,9,0,18,19,8,4,0,0,1,0,0,0,0,1,1,6,6,3,-1,-1,-1,-1,-1,-1,5,E01019456,0,-1
202060Y076929,2020,60Y076929,1,9,0,9,9,2,7,0,0,6,0,0,0,0,1,1,6,6,2,80,11,-1,-1,-1,-1,-1,-1,0,-1
2020140995056,2020,140995056,2,8,0,7,7,5,7,0,0,0,0,0,0,0,1,1,6,6,3,-1,-1,-1,-1,-1,-1,-1,-1,0,-1
2020990928797,2020,990928797,1,1,0,18,19,2,7,5,5,0,1,0,0,0,4,1,5,6,1,53,8,-1,-1,-1,-1,10,-1,0,-1
2020440256493,2020,440256493,1,9,0,9,9,1,7,0,0,1,0,0,0,0,1,1,6,6,2,19,4,-1,-1,-1,-1,10,E01020358,0,-1
2020549411420,2020,549411420,1,9,0,18,19,7,3,0,0,1,0,0,0,0,1,1,6,6,1,29,6,-1,-1,-1,-1,9,E01031904,0,-1
2020990917234,2020,990917234,1,9,0,18,19,5,1,0,0,0,0,0,0,0,1,1,5,6,1,26,6,-1,-1,-1,-1,4,-1,0,-1
202031A130320,2020,31A130320,1,11,0,4,4,7,3,0,0,0,0,0,0,0,0,1,1,1,1,55,8,-1,-1,-1,-1,7,E01028298,0,-1
2020160980597,2020,160980597,2,1,0,16,19,3,6,0,0,0,0,0,0,0,2,1,6,6,1,24,5,-1,-1,-1,-1,10,E01013223,0,-1
2020010251632,2020,010251632,2,1,0,18,19,2,6,0,0,3,0,0,0,0,1,1,6,6,1,18,4,-1,-1,-1,-1,6,E01001997,0,-1
2020430215382,2020,430215382,3,9,0,5,5,4,8,0,0,6,0,0,0,0,1,1,6,6,2,-1,-1,-1,-1,-1,-1,-1,-1,0,-1
202006K267448,2020,06K267448,2,19,0,2,2,0,0,0,0,1,0,0,0,0,3,1,6,6,3,-1,-1,-1,-1,-1,-1,-1,-1,0,-1
202031C143520,2020,31C143520,1,1,0,18,19,7,3,0,0,0,1,0,0,0,1,1,1,1,1,30,6,-1,-1,-1,-1,1,E01013819,0,-1
2020302001225,2020,302001225,2,1,0,18,19,4,8,0,0,0,0,0,0,0,3,1,6,6,1,54,8,-1,-1,-1,-1,8,E01019586,0,-1
2020010260717,2020,010260717,1,1,9,99,99,9,9,99,99,9,9,99,9,99,9,1,2,2,1,16,4,-1,-1,-1,-1,4,E01001699,0,-1
2020520001937,2020,520001937,2,1,0,12,12,7,3,0,0,0,0,0,0,0,2,1,6,6,1,20,4,-1,-1,-1,-1,-1,-1,0,-1
2020990955074,2020,990955074,2,9,0,18,19,2,6,0,0,0,0,0,0,0,2,1,1,1,1,64,9,-1,-1,-1,-1,9,-1,0,-1
202031D099520,2020,31D099520,2,1,0,18,19,7,3,0,0,2,0,0,0,0,4,1,6,6,1,18,4,-1,-1,-1,-1,4,E01028098,0,-1
2020990992681,2020,990992681,1,2,0,6,6,1,8,2,2,1,0,0,0,0,3,1,1,1,1,38,7,-1,-1,-1,-1,7,-1,0,-1
2020430054894,2020,430054894,1,1,0,18,19,3,7,0,0,8,0,0,0,0,2,1,4,7,1,13,3,-1,-1,-1,-1,6,E01016393,0,-1
2020052001874,2020,052001874,2,1,0,18,19,6,2,0,0,1,0,0,0,0,1,1,6,6,1,61,9,-1,-1,-1,-1,3,E01007137,0,-1
2020201022654,2020,201022654,1,9,0,18,19,5,1,0,0,8,0,0,0,0,1,1,6,6,1,25,5,-1,-1,-1,-1,3,E01009178,0,-1
2020010278187,2020,010278187,1,1,9,99,99,9,9,99,99,9,9,99,9,99,9,1,6,6,1,75,10,-1,-1,-1,-1,9,E01004118,0,-1
2020010263205,2020,010263205,2,1,0,18,19,7,3,0,0,1,0,0,0,0,1,1,6,6,1,64,9,-1,-1,-1,-1,5,E01004662,0,-1
2020332000502,2020,332000502,1,9,0,18,19,2,5,0,0,6,0,10,3,11,1,1,6,6,2,33,6,-1,-1,-1,-1,3,E01013773,0,-1
2020302000950,2020,302000950,1,1,0,18,19,2,6,0,0,0,0,0,0,0,0,1,6,6,1,29,6,-1,-1,-1,-1,1,E01013480,0,-1
2020160962829,2020,160962829,2,9,0,2,2,0,0,0,0,0,0,0,0,0,2,1,6,6,3,-1,-1,-1,-1,-1,-1,-1,-1,0,-1
2020010239340,2020,010239340,1,9,0,14,14,7,3,0,0,0,0,0,0,0,1,1,6,6,1,24,5,-1,-1,-1,-1,4,E01001699,0,-1
2020140931068,2020,140931068,2,1,0,18,19,6,2,0,0,0,0,0,0,0,1,1,6,6,1,14,3,-1,-1,-1,-1,9,E01007899,0,-1
2020170M31620,2020,170M31620,2,9,0,18,19,6,2,0,0,4,0,0,0,0,1,1,6,6,3,-1,-1,-1,-1,-1,-1,-1,-1,0,-1
2020010270374,2020,010270374,1,1,9,99,99,9,9,99,99,9,9,99,9,99,9,1,6,6,2,23,5,-1,-1,-1,-1,4,E01033082,0,-1
2020100967304,2020,100967304,2,1,0,18,19,4,8,4,4,0,5,0,0,0,1,1,6,6,1,23,5,-1,-1,-1,-1,-1,-1,0,-1
2020122001005,2020,122001005,2,9,0,13,13,3,5,0,0,0,0,0,0,0,0,1,6,6,3,-1,-1,-1,-1,-1,-1,-1,-1,0,-1
2020010258573,2020,010258573,1,1,0,18,19,1,5,0,0,2,1,0,0,0,1,1,6,6,1,33,6,-1,-1,-1,-1,8,E01001994,0,-1
2020450995291,2020,450995291,3,9,0,2,2,0,0,9,9,0,0,0,0,0,4,1,6,6,3,-1,-1,-1,-1,-1,-1,-1,-1,0,-1
20201373H0897,2020,1373H0897,1,9,0,4,4,5,1,0,0,1,0,0,0,0,1,1,6,6,3,-1,-1,-1,-1,-1,-1,-1,-1,0,-1
2020332000762,2020,332000762,1,-1,0,18,19,3,7,0,0,0,0,0,0,0,3,1,6,6,1,36,7,-1,-1,-1,-1,4,E01013758,1,-1
2020040919271,2020,040919271,2,9,0,18,19,2,6,0,0,6,0,0,0,0,4,1,2,2,1,36,7,-1,-1,-1,-1,2,E01025247,0,-1
2020460962841,2020,460962841,1,1,0,18,19,6,2,0,0,0,0,0,0,0,1,1,5,6,2,47,8,-1,-1,-1,-1,10,E01024720,0,-1
2020332000741,2020,332000741,2,9,0,2,2,0,0,0,0,0,0,0,0,0,1,1,6,6,1,53,8,-1,-1,-1,-1,1,E01013723,0,-1
202006Q169227,2020,06Q169227,2,9,0,18,19,3,7,0,0,0,0,0,0,0,1,1,6,6,3,-1,-1,-1,-1,-1,-1,-1,-1,0,-1
2020332000406,2020,332000406,2,9,0,18,19,1,5,0,0,8,0,0,1,9,4,1,6,6,1,37,7,-1,-1,-1,-1,10,E01025773,0,-1
2020500955076,2020,500955076,1,97,0,18,19,3,7,0,0,0,0,0,0,0,1,1,6,6,3,-1,-1,-1,-1,-1,-1,-1,-1,0,-1
2020552000660,2020,552000660,1,9,0,18,19,6,1,0,0,4,0,0,0,0,1,1,6,6,3,-1,-1,-1,-1,-1,-1,-1,-1,0,-1
2020500977531,2020,500977531,2,1,0,18,19,5,1,0,0,8,0,0,0,0,2,1,6,6,1,42,7,-1,-1,-1,-1,9,E01020090,0,-1
2020460994679,2020,460994679,1,19,0,18,19,6,4,0,0,1,1,11,1,2,1,1,1,1,1,34,6,-1,-1,-1,-1,-1,-1,0,-1
2020201006121,2020,201006121,2,9,0,3,3,6,2,0,0,1,0,0,0,0,2,1,6,6,1,-1,-1,-1,-1,-1,-1,-1,-1,0,-1
2020450973607,2020,450973607,2,9,0,18,19,5,1,0,0,8,1,4,0,0,1,1,6,6,1,31,6,-1,-1,-1,-1,10,E01030321,0,-1
2020010250076,2020,010250076,1,9,0,99,99,9,9,99,99,9,9,99,9,99,9,9,6,6,3,-1,-1,-1,-1,-1,-1,-1,-1,0,-1
2020481001449,2020,481001449,2,1,0,18,19,3,1,0,0,8,0,0,0,0,3,1,2,2,1,43,7,-1,-1,-1,-1,8,E01017467,0,-1
2020430030923,2020,430030923,3,9,0,18,19,2,6,0,0,1,0,0,0,0,1,1,6,6,1,-1,-1,-1,-1,-1,-1,-1,-1,0,-1
2020500986553,2020,500986553,2,1,0,18,19,7,5,0,0,8,0,0,0,0,3,1,5,6,1,53,8,-1,-1,-1,-1,3,E01015166,0,-1
2020530993956,2020,530993956,2,1,0,18,19,5,1,0,0,4,5,0,0,0,3,1,5,6,2,24,5,-1,-1,-1,-1,6,E01022127,0,-1
2020302001307,2020,302001307,1,1,0,18,19,5,1,9,9,0,0,0,0,0,1,1,2,2,1,19,4,-1,-1,-1,-1,8,E01019820,0,-1
2020450996968,2020,450996968,2,9,0,9,9,2,8,0,0,0,0,0,0,0,0,1,6,6,1,50,8,-1,-1,-1,-1,-1,-1,0,-1
202054B682920,2020,54B682920,2,1,0,18,19,2,6,0,0,1,0,0,0,0,1,1,6,6,2,43,7,-1,-1,-1,-1,6,E01031853,0,-1
2020010238028,2020,010238028,1,9,0,18,19,4,8,0,0,0,0,0,0,0,3,1,6,6,3,-1,-1,-1,-1,-1,-1,-1,-1,0,-1
2020990999357,2020,990999357,1,97,0,9,9,1,8,0,0,2,1,0,1,0,0,1,1,1,1,26,6,-1,-1,-1,-1,4,-1,0,-1
2020010233262,2020,010233262,2,1,0,18,19,3,7,0,0,1,0,0,0,0,1,1,2,2,1,46,8,-1,-1,-1,-1,3,E01004043,0,-1
202006P373386,2020,06P373386,2,1,0,4,4,5,1,0,0,8,0,0,0,0,4,1,6,6,1,29,6,-1,-1,-1,-1,1,E01005104,0,-1
2020010262052,2020,010262052,2,1,5,5,5,5,1,0,0,1,0,0,1,0,1,1,2,2,2,26,6,-1,-1,-1,-1,2,E01003298,0,-1
2020140995640,2020,140995640,3,9,0,18,19,1,5,0,0,0,0,0,1,0,3,1,2,2,1,34,6,-1,-1,-1,-1,9,E01007691,0,-1
2020302000160,2020,302000160,1,9,0,17,19,8,4,0,0,0,2,0,8,11,3,1,6,6,1,27,6,-1,-1,-1,-1,6,E01019465,0,-1
2020220966170,2020,220966170,2,1,0,18,19,2,6,0,0,1,0,0,0,0,1,1,6,6,1,20,4,-1,-1,-1,-1,-1,-1,0,-1
2020990976563,2020,990976563,2,1,0,18,19,4,1,0,0,0,5,0,0,0,2,1,5,6,1,12,3,-1,-1,-1,-1,9,-1,0,-1
2020210942877,2020,210942877,2,9,0,16,19,1,5,0,0,1,0,0,0,0,1,1,6,6,2,36,7,-1,-1,-1,-1,-1,-1,0,-1
2020010242110,2020,010242110,1,1,0,99,99,9,9,0,0,8,0,10,0,0,3,-1,2,2,2,38,7,-1,-1,-1,-1,10,E01003859,0,-1
2020010233206,2020,010233206,1,9,0,18,19,1,5,0,0,1,0,0,0,0,1,1,6,6,3,-1,-1,-1,-1,-1,-1,-1,-1,0,-1
202006M270626,2020,06M270626,2,1,0,18,19,6,2,0,0,3,0,0,0,0,4,1,6,6,1,52,8,-1,-1,-1,-1,8,E01005157,0,-1
2020610021520,2020,610021520,2,9,0,17,19,7,5,0,0,0,0,0,0,0,1,1,6,6,1,17,4,-1,-1,-1,-1,-1,-1,0,-1
2020141010120,2020,141010120,1,1,0,18,19,4,1,0,0,1,5,0,0,0,3,1,5,6,1,30,6,-1,-1,-1,-1,8,E01007868,0,-1
2020137AA1411,2020,137AA1411,2,1,0,18,19,1,5,0,0,8,0,0,0,0,1,1,6,6,1,38,7,-1,-1,-1,-1,6,E01010785,0,-1
20201378S1539,2020,1378S1539,1,9,0,18,19,7,3,0,0,8,0,0,0,0,1,1,6,6,3,-1,-1,-1,-1,-1,-1,-1,-1,0,-1
2020552000412,2020,552000412,1,9,0,18,19,8,4,0,0,8,0,0,0,0,1,1,6,6,3,-1,-1,-1,-1,-1,-1,-1,-1,0,-1
2020010248412,2020,010248412,1,1,9,99,99,9,9,99,99,9,9,99,9,99,2,1,6,6,2,44,7,-1,-1,-1,-1,3,E01004329,0,-1
2020500947117,2020,500947117,1,9,0,14,14,5,1,0,0,0,0,0,0,0,2,1,5,6,1,17,4,-1,-1,-1,-1,3,E01019059,0,-1
2020350953777,2020,350953777,3,9,0,18,19,1,2,0,0,0,0,0,0,0,2,1,5,6,1,51,8,-1,-1,-1,-1,6,E01026707,0,-1