collision_index,collision_year,collision_ref_no,vehicle_reference,vehicle_type,towing_and_articulation,vehicle_manoeuvre_historic,vehicle_manoeuvre,vehicle_direction_from,vehicle_direction_to,vehicle_location_restricted_lane_historic,vehicle_location_restricted_lane,junction_location,skidding_and_overturning,hit_object_in_carriageway,vehicle_leaving_carriageway,hit_object_off_carriageway,first_point_of_impact,vehicle_left_hand_drive,journey_purpose_of_driver_historic,journey_purpose_of_driver,sex_of_driver,age_of_driver,age_band_of_driver,engine_capacity_cc,propulsion_code,age_of_vehicle,generic_make_model,driver_imd_decile,lsoa_of_driver,escooter_flag,driver_distance_banding
2020420927920,2020,420927920,3,9,0,2,2,0,0,0,0,0,0,0,0,0,3,1,6,6,3,-1,-1,-1,-1,-1,-1,-1,-1,0,-1
2020430232425,2020,430232425,1,9,0,3,3,6,8,0,0,2,0,0,0,0,1,1,6,6,1,44,7,-1,-1,-1,-1,-1,-1,0,-1
2020410979889,2020,410979889,2,1,0,5,5,2,6,0,0,0,0,0,0,0,3,1,6,6,1,72,10,-1,-1,-1,-1,6,E01023874,0,-1
2020400950783,2020,400950783,3,1,0,18,19,8,4,0,0,0,0,0,0,0,2,1,5,6,1,31,6,-1,-1,-1,-1,9,E01033190,0,-1
2020440081165,2020,440081165,2,9,0,4,4,8,4,0,0,4,0,0,0,0,0,1,1,1,1,26,6,-1,-1,-1,-1,2,E01022833,0,-1
2020010267734,2020,010267734,2,97,0,99,99,9,9,99,99,6,9,99,9,99,1,9,6,6,3,-1,-1,-1,-1,-1,-1,-1,-1,0,-1
2020461011030,2020,461011030,1,9,0,18,19,1,5,0,0,0,0,0,0,0,1,1,6,6,1,39,7,-1,-1,-1,-1,-1,-1,0,-1
2020440454395,2020,440454395,1,1,0,18,19,3,7,0,0,0,0,0,0,0,1,1,4,7,1,16,4,-1,-1,-1,-1,4,E01017058,0,-1
2020302000475,2020,302000475,2,21,1,2,2,0,0,6,6,0,0,0,0,0,2,2,1,1,1,-1,-1,-1,-1,-1,-1,-1,-1,0,-1
2020552000961,2020,552000961,2,1,0,18,19,6,2,0,0,8,0,0,0,0,1,1,4,7,1,12,3,-1,-1,-1,-1,2,E01020348,0,-1
2020320249393,2020,320249393,2,1,0,9,9,4,3,0,0,1,0,0,0,0,3,1,6,6,1,59,9,-1,-1,-1,-1,3,E01026046,0,-1
2020200936154,2020,200936154,1,9,0,18,19,-1,-1,0,0,0,0,0,0,0,4,1,6,6,3,-1,-1,-1,-1,-1,-1,-1,-1,0,-1
2020990975927,2020,990975927,2,1,0,4,4,7,2,0,0,1,5,0,0,0,1,1,5,6,1,45,7,-1,-1,-1,-1,9,E01019670,0,-1
2020122000263,2020,122000263,1,1,0,4,4,5,1,0,0,1,0,0,0,0,3,1,4,7,1,11,3,-1,-1,-1,-1,8,E01013338,0,-1
2020010266092,2020,010266092,2,1,0,18,19,1,5,0,0,0,0,0,0,0,1,1,6,6,2,18,4,-1,-1,-1,-1,3,E01000185,0,-1
2020140995584,2020,140995584,2,1,0,18,19,6,2,0,0,8,0,0,0,0,4,1,6,6,1,83,11,-1,-1,-1,-1,8,E01007713,0,-1
202006K174136,2020,06K174136,2,9,0,9,9,3,1,0,0,8,0,7,0,0,4,1,1,1,1,41,7,-1,-1,-1,-1,6,E01004883,0,-1
2020160956605,2020,160956605,2,1,0,18,19,5,1,0,0,8,0,0,0,0,4,1,6,6,1,63,9,-1,-1,-1,-1,7,E01013333,0,-1
2020370940950,2020,370940950,5,9,0,2,2,0,0,6,6,0,0,0,0,0,4,1,1,1,1,28,6,-1,-1,-1,-1,10,E01030179,0,-1
2020320423775,2020,320423775,3,9,0,2,2,0,0,0,0,2,0,0,0,0,3,1,6,6,3,40,7,-1,-1,-1,-1,-1,-1,0,-1
2020522002809,2020,522002809,1,1,0,18,19,4,8,0,0,0,0,0,0,0,3,1,6,6,2,30,6,-1,-1,-1,-1,2,E01003546,0,-1
2020302001174,2020,302001174,2,19,0,16,19,8,4,0,0,0,0,0,0,0,0,1,1,1,1,20,4,-1,-1,-1,-1,8,E01019454,0,-1
202060Y103949,2020,60Y103949,1,9,0,18,19,5,1,0,0,0,1,0,0,0,1,1,6,6,1,29,6,-1,-1,-1,-1,-1,-1,0,-1
202006F273453,2020,06F273453,2,1,0,18,19,8,4,9,9,0,0,0,0,0,2,1,6,6,1,21,5,-1,-1,-1,-1,4,E01004875,0,-1
2020010284730,2020,010284730,2,9,0,2,2,0,0,0,0,0,0,0,0,0,2,1,6,6,3,-1,-1,-1,-1,-1,-1,-1,-1,0,-1
2020200938460,2020,200938460,2,1,0,18,19,4,8,0,0,8,0,0,0,0,3,1,1,1,1,52,8,-1,-1,-1,-1,2,E01010314,0,-1
2020010229058,2020,010229058,2,1,0,18,19,2,6,9,9,1,0,0,1,0,0,1,6,6,1,41,7,-1,-1,-1,-1,7,E01002577,0,-1
2020350981433,2020,350981433,1,1,0,18,19,7,3,2,2,8,0,0,0,0,1,1,6,6,2,19,4,-1,-1,-1,-1,6,E01018169,0,-1
2020990996858,2020,990996858,1,9,0,18,19,6,2,0,0,1,0,0,0,0,1,1,5,6,2,46,8,-1,-1,-1,-1,5,-1,0,-1
2020137951191,2020,137951191,1,5,0,18,19,8,5,0,0,0,0,0,1,3,1,1,6,6,1,37,7,-1,-1,-1,-1,1,E01011134,0,-1
202060Y041564,2020,60Y041564,1,21,1,16,19,4,8,0,0,3,5,0,5,6,3,1,1,1,1,20,4,-1,-1,-1,-1,-1,-1,0,-1
202060Y121285,2020,60Y121285,1,9,0,18,19,7,3,0,0,5,0,0,0,0,1,1,6,6,1,48,8,-1,-1,-1,-1,-1,-1,0,-1
2020010228536,2020,010228536,1,9,0,99,99,9,9,99,99,9,9,99,9,99,2,9,6,6,2,27,6,-1,-1,-1,-1,7,E01000732,0,-1
2020420958588,2020,420958588,1,20,0,18,19,7,3,0,0,0,0,0,1,0,1,1,1,1,1,61,9,-1,-1,-1,-1,8,E01021911,0,-1
2020010267073,2020,010267073,1,19,9,99,99,9,9,99,99,0,9,99,9,99,9,9,6,6,3,-1,-1,-1,-1,-1,-1,-1,-1,0,-1
2020622000993,2020,622000993,1,21,1,5,5,8,4,0,0,1,0,0,0,0,3,2,1,1,1,29,6,-1,-1,-1,-1,-1,-1,0,-1
2020990938948,2020,990938948,1,1,0,18,19,3,7,9,9,0,0,0,0,0,1,1,6,6,2,47,8,-1,-1,-1,-1,7,-1,0,-1
2020010232836,2020,010232836,1,9,0,9,9,3,8,0,0,5,0,0,0,0,1,1,6,6,3,-1,-1,-1,-1,-1,-1,-1,-1,0,-1
2020101005308,2020,101005308,2,1,0,18,19,7,3,9,9,1,0,0,0,0,1,1,5,6,1,13,3,-1,-1,-1,-1,1,E01008297,0,-1
2020421011240,2020,421011240,2,19,0,2,2,0,0,0,0,1,0,0,0,0,1,1,6,6,3,-1,-1,-1,-1,-1,-1,-1,-1,0,-1
2020010285465,2020,010285465,2,-1,0,18,19,7,3,9,9,8,0,0,1,0,1,1,6,6,1,27,6,-1,-1,-1,-1,8,E01000453,1,-1
2020500996106,2020,500996106,1,9,0,18,19,1,5,0,0,0,1,0,0,0,1,1,6,6,1,68,10,-1,-1,-1,-1,2,E01015044,0,-1
2020302000367,2020,302000367,2,9,0,18,19,8,4,0,0,8,0,0,0,0,1,1,6,6,1,54,8,-1,-1,-1,-1,7,E01019477,0,-1
2020040965890,2020,040965890,3,9,0,2,2,0,0,0,0,2,0,0,0,0,2,1,6,6,3,-1,-1,-1,-1,-1,-1,-1,-1,0,-1
2020450986758,2020,450986758,2,9,0,18,19,1,1,0,0,0,0,0,0,0,1,1,6,6,3,55,8,-1,-1,-1,-1,-1,-1,0,-1
2020010241457,2020,010241457,2,9,9,99,99,9,9,0,0,9,0,0,0,0,9,9,-1,-1,3,-1,-1,-1,-1,-1,-1,-1,-1,0,-1
2020010231425,2020,010231425,1,1,9,99,99,9,9,99,99,9,9,99,9,99,1,1,6,6,1,27,6,-1,-1,-1,-1,9,E01003360,0,-1
2020010283911,2020,010283911,1,9,0,18,19,5,1,0,0,3,0,0,0,0,1,1,6,6,3,-1,-1,-1,-1,-1,-1,-1,-1,0,-1
2020010282335,2020,010282335,2,1,0,18,19,1,5,0,0,1,0,0,0,0,2,1,4,7,1,11,3,-1,-1,-1,-1,-1,-1,0,-1
202006L269313,2020,06L269313,2,9,0,18,19,5,1,0,0,0,0,0,0,0,2,1,1,1,1,68,10,-1,-1,-1,-1,3,E01006246,0,-1
202031C038120,2020,31C038120,2,9,0,9,9,8,4,0,0,6,0,0,0,0,4,1,6,6,1,31,6,-1,-1,-1,-1,2,E01013947,0,-1
2020010245815,2020,010245815,2,9,0,99,99,9,9,99,99,9,9,99,9,99,1,9,6,6,3,-1,-1,-1,-1,-1,-1,-1,-1,0,-1
2020010261355,2020,010261355,2,1,0,18,19,3,7,9,9,1,0,0,0,0,4,1,6,6,1,34,6,-1,-1,-1,-1,2,E01033698,0,-1
202060Y039017,2020,60Y039017,2,1,0,18,19,3,7,0,0,0,0,0,0,0,1,1,6,6,1,46,8,-1,-1,-1,-1,-1,-1,0,-1
2020230945829,2020,230945829,1,9,0,14,14,5,1,0,0,1,0,0,0,0,3,1,6,6,3,34,6,-1,-1,-1,-1,-1,-1,0,-1
2020137CI0726,2020,137CI0726,1,9,0,5,5,6,2,0,0,0,0,0,0,0,1,1,4,7,3,-1,-1,-1,-1,-1,-1,-1,-1,0,-1
2020200948482,2020,200948482,2,1,0,18,19,1,5,0,0,8,0,0,0,0,2,1,6,6,1,81,11,-1,-1,-1,-1,9,E01010390,0,-1
2020200964163,2020,200964163,2,9,0,11,11,6,2,0,0,3,0,0,0,0,4,1,6,6,3,-1,-1,-1,-1,-1,-1,-1,-1,0,-1
2020522003346,2020,522003346,1,1,0,18,19,7,3,0,0,0,0,0,0,0,0,1,6,6,1,41,7,-1,-1,-1,-1,7,E01014817,0,-1
2020010278338,2020,010278338,1,1,9,99,99,9,9,99,99,9,9,99,9,99,9,1,6,6,1,59,9,-1,-1,-1,-1,3,E01001886,0,-1
20201373P1523,2020,1373P1523,2,1,0,18,19,7,3,0,0,1,0,0,0,0,3,1,6,6,1,28,6,-1,-1,-1,-1,2,E01010930,0,-1
2020100996399,2020,100996399,1,97,0,15,15,3,7,0,0,1,2,0,0,0,1,1,6,6,1,20,4,-1,-1,-1,-1,-1,-1,0,-1
2020430030961,2020,430030961,1,1,0,18,19,7,3,0,0,1,0,0,0,0,1,1,2,2,1,60,9,-1,-1,-1,-1,-1,-1,0,-1
2020052002151,2020,052002151,2,1,0,18,19,5,1,0,0,2,0,0,0,0,2,1,6,6,1,31,6,-1,-1,-1,-1,1,E01006761,0,-1
2020420951625,2020,420951625,1,9,0,14,14,7,3,0,0,0,0,0,0,0,1,1,2,2,1,57,9,-1,-1,-1,-1,8,E01021352,0,-1
2020137321449,2020,137321449,2,1,0,18,19,8,4,0,0,8,0,0,0,0,4,1,6,6,1,28,6,-1,-1,-1,-1,1,E01011911,0,-1
2020520101153,2020,520101153,1,20,0,18,19,6,2,0,0,0,0,0,0,0,3,1,6,6,1,52,8,-1,-1,-1,-1,-1,-1,0,-1
2020010236486,2020,010236486,2,1,0,18,19,3,7,0,0,1,0,0,0,0,1,1,6,6,1,33,6,-1,-1,-1,-1,2,E01033700,0,-1
2020470960984,2020,470960984,2,9,0,4,4,6,1,0,0,0,0,0,0,0,2,2,6,6,1,49,8,-1,-1,-1,-1,9,E01031615,0,-1
2020548628220,2020,548628220,2,8,0,18,19,3,1,0,0,1,0,0,0,0,1,1,2,2,1,64,9,-1,-1,-1,-1,7,E01022215,0,-1
202006A171976,2020,06A171976,2,2,0,18,19,6,2,0,0,8,0,0,0,0,1,1,6,6,1,15,3,-1,-1,-1,-1,1,E01005261,0,-1
2020332000199,2020,332000199,2,16,0,18,19,3,7,0,0,0,0,0,0,0,2,1,6,6,2,17,4,-1,-1,-1,-1,8,E01025830,0,-1
2020010265658,2020,010265658,1,1,9,99,99,9,9,99,99,1,9,99,9,99,9,1,2,2,2,26,6,-1,-1,-1,-1,7,E01032573,0,-1
2020010259443,2020,010259443,2,9,0,99,99,9,9,0,0,9,0,99,9,99,9,9,6,6,1,-1,-1,-1,-1,-1,-1,-1,-1,0,-1
2020430043186,2020,430043186,2,9,0,18,19,6,2,0,0,0,0,0,0,0,1,1,6,6,2,-1,-1,-1,-1,-1,-1,-1,-1,0,-1
2020440303648,2020,440303648,1,1,0,18,19,8,4,0,0,8,0,0,0,0,1,1,6,6,1,21,5,-1,-1,-1,-1,1,E01017237,0,-1
2020010272177,2020,010272177,1,9,0,5,5,7,3,0,0,4,0,0,0,0,3,1,6,6,3,-1,-1,-1,-1,-1,-1,-1,-1,0,-1
2020990973167,2020,990973167,1,1,0,18,19,7,3,0,0,2,0,0,0,0,1,1,2,2,1,40,7,-1,-1,-1,-1,6,-1,0,-1
2020549273620,2020,549273620,1,5,0,4,4,7,3,0,0,0,0,0,0,0,3,1,6,6,1,32,6,-1,-1,-1,-1,7,E01015490,0,-1
2020140944325,2020,140944325,2,9,0,18,19,3,7,0,0,0,0,0,0,0,1,1,5,6,1,69,10,-1,-1,-1,-1,3,E01008004,0,-1
2020010262205,2020,010262205,1,1,0,18,19,5,1,9,9,0,0,0,0,0,1,1,6,6,1,30,6,-1,-1,-1,-1,7,E01002412,0,-1
2020052002413,2020,052002413,1,2,0,7,7,3,5,0,0,6,0,0,0,0,1,1,6,6,3,-1,-1,-1,-1,-1,-1,-1,-1,0,-1
202006M170650,2020,06M170650,1,3,0,18,19,3,7,0,0,8,0,0,0,0,1,1,6,6,1,22,5,-1,-1,-1,-1,3,E01006159,0,-1
2020052000940,2020,052000940,2,1,0,18,19,1,5,0,0,8,0,0,0,0,1,1,6,6,1,47,8,-1,-1,-1,-1,3,E01006433,0,-1
2020010267243,2020,010267243,2,1,0,18,19,2,6,0,0,0,0,0,0,0,3,1,6,6,2,58,9,-1,-1,-1,-1,10,E01002937,0,-1
2020500959621,2020,500959621,2,1,0,18,19,8,4,0,0,8,0,0,0,0,1,1,5,6,2,42,7,-1,-1,-1,-1,3,E01018950,0,-1
2020220963983,2020,220963983,2,9,0,7,7,7,1,0,0,6,0,0,0,0,1,1,5,6,1,18,4,-1,-1,-1,-1,5,E01032475,0,-1
2020400985744,2020,400985744,3,9,0,5,5,2,6,0,0,0,0,0,0,0,2,1,6,6,3,-1,-1,-1,-1,-1,-1,-1,-1,0,-1
2020421006375,2020,421006375,1,9,0,17,19,8,1,0,0,4,0,0,0,0,1,1,6,6,3,30,6,-1,-1,-1,-1,-1,-1,0,-1
2020160916619,2020,160916619,1,9,0,18,19,6,2,0,0,6,0,0,0,0,1,1,6,6,3,-1,-1,-1,-1,-1,-1,-1,-1,0,-1
2020010270392,2020,010270392,1,1,0,13,13,5,1,0,0,2,0,0,0,0,2,1,6,6,1,-1,-1,-1,-1,-1,-1,3,E01004391,0,-1
2020430390698,2020,430390698,2,3,0,14,14,6,2,0,0,0,0,0,0,0,1,1,6,6,1,70,10,-1,-1,-1,-1,6,E01028526,0,-1
2020140927715,2020,140927715,1,9,0,18,19,1,5,0,0,1,0,0,0,0,1,1,6,6,1,26,6,-1,-1,-1,-1,1,E01011468,0,-1
2020010259826,2020,010259826,2,1,0,18,19,5,1,0,0,8,0,0,0,0,3,1,6,6,1,59,9,-1,-1,-1,-1,7,E01002579,0,-1
2020480951340,2020,480951340,2,1,0,18,19,7,3,0,0,2,0,0,0,0,1,1,2,2,2,25,5,-1,-1,-1,-1,2,E01004013,0,-1
2020320482639,2020,320482639,1,1,0,18,19,5,7,0,0,1,5,0,0,0,0,1,6,6,1,77,11,-1,-1,-1,-1,-1,-1,0,-1
2020460997805,2020,460997805,1,98,0,18,19,7,3,0,0,0,0,0,0,0,3,1,6,6,1,33,6,-1,-1,-1,-1,-1,-1,0,-1
2020360983311,2020,360983311,2,1,0,18,19,-1,-1,0,0,0,0,0,0,0,3,1,5,6,2,40,7,-1,-1,-1,-1,7,E01026579,0,-1
20201377C0821,2020,1377C0821,1,1,0,12,12,6,2,0,0,0,2,0,0,0,3,1,6,6,2,47,8,-1,-1,-1,-1,4,E01011799,0,-1
2020040937674,2020,040937674,2,9,0,18,19,4,8,0,0,2,1,0,1,11,4,1,2,2,1,21,5,-1,-1,-1,-1,5,E01025311,0,-1
2020420969957,2020,420969957,1,11,0,17,19,1,6,0,0,0,0,0,0,0,3,1,1,1,3,-1,-1,-1,-1,-1,-1,-1,-1,0,-1
202006L174557,2020,06L174557,1,4,0,16,19,4,7,0,0,8,5,4,7,0,4,1,6,6,1,22,5,-1,-1,-1,-1,3,E01006260,0,-1
2020430223121,2020,430223121,1,9,0,18,19,7,3,0,0,8,0,0,0,0,1,1,6,6,1,81,11,-1,-1,-1,-1,10,E01028617,0,-1
2020070119039,2020,070119039,2,1,0,3,3,6,2,0,0,4,0,0,0,0,3,1,6,6,1,46,8,-1,-1,-1,-1,9,E01018381,0,-1
2020332001020,2020,332001020,3,9,0,18,19,7,3,0,0,0,0,10,1,0,1,1,1,1,2,71,10,-1,-1,-1,-1,6,E01025956,0,-1
2020200977504,2020,200977504,1,9,0,18,19,6,2,0,0,1,0,0,0,0,1,1,6,6,2,-1,-1,-1,-1,-1,-1,4,E01009867,0,-1
202060Y004745,2020,60Y004745,2,9,0,18,19,5,1,0,0,0,0,0,0,0,1,1,6,6,1,64,9,-1,-1,-1,-1,-1,-1,0,-1
2020400920435,2020,400920435,1,9,-1,-1,-1,-1,-1,-1,-1,-1,-1,-1,-1,0,-1,1,6,6,1,30,6,-1,-1,-1,-1,-1,-1,0,-1
2020200994605,2020,200994605,1,9,0,18,19,2,6,0,0,4,0,0,0,0,1,1,6,6,2,-1,-1,-1,-1,-1,-1,-1,-1,0,-1
2020160923994,2020,160923994,2,1,0,18,19,6,2,0,0,2,0,0,0,0,4,1,5,6,2,68,10,-1,-1,-1,-1,7,E01012993,0,-1
2020141007729,2020,141007729,2,9,0,18,19,6,2,0,0,2,0,0,0,0,1,1,6,6,3,-1,-1,-1,-1,-1,-1,-1,-1,0,-1
2020010278741,2020,010278741,2,9,0,6,6,5,5,0,0,0,0,0,0,0,3,1,6,6,1,25,5,-1,-1,-1,-1,3,E01004373,0,-1
202060Y142137,2020,60Y142137,2,9,0,18,19,8,4,0,0,0,0,0,5,6,1,1,6,6,1,39,7,-1,-1,-1,-1,-1,-1,0,-1
2020040920651,2020,040920651,1,9,0,18,19,3,1,0,0,1,0,0,0,0,0,1,6,6,3,-1,-1,-1,-1,-1,-1,-1,-1,0,-1
202006M273964,2020,06M273964,1,90,0,18,19,5,1,9,9,8,0,0,0,0,1,1,6,6,1,30,6,-1,-1,-1,-1,-1,-1,0,-1
2020450973601,2020,450973601,1,98,0,18,19,5,1,0,0,0,0,0,0,0,1,1,6,6,3,55,8,-1,-1,-1,-1,-1,-1,0,-1
2020230942605,2020,230942605,2,21,1,18,19,4,8,0,0,0,0,0,0,0,3,1,1,1,1,55,8,-1,-1,-1,-1,6,E01002353,0,-1
2020137171763,2020,137171763,1,9,0,13,13,3,7,0,0,0,0,0,1,4,1,1,6,6,1,52,8,-1,-1,-1,-1,6,E01011598,0,-1
2020460971355,2020,460971355,2,19,0,18,19,4,8,0,0,1,0,0,0,0,2,1,6,6,3,-1,-1,-1,-1,-1,-1,-1,-1,0,-1
2020420997224,2020,420997224,1,9,0,7,7,6,8,0,0,1,0,0,0,0,1,1,6,6,2,30,6,-1,-1,-1,-1,-1,-1,0,-1
2020010244889,2020,010244889,2,1,0,18,19,1,5,0,0,2,0,0,0,0,4,-1,6,6,1,46,8,-1,-1,-1,-1,7,E01002939,0,-1
2020430124399,2020,430124399,2,9,0,18,19,1,5,0,0,8,0,0,0,0,4,1,6,6,3,-1,-1,-1,-1,-1,-1,-1,-1,0,-1
2020100927625,2020,100927625,1,9,0,9,9,8,4,0,0,5,0,0,0,0,1,1,6,6,3,21,5,-1,-1,-1,-1,-1,-1,0,-1
202006F270808,2020,06F270808,1,9,0,18,19,3,7,0,0,8,0,0,0,3,1,1,6,6,1,28,6,-1,-1,-1,-1,8,E01006015,0,-1
2020544973120,2020,544973120,2,1,0,18,19,6,2,9,9,0,0,0,0,0,1,1,6,6,1,12,3,-1,-1,-1,-1,7,E01032098,0,-1
2020160962573,2020,160962573,1,1,0,18,19,2,6,9,9,0,5,0,0,0,4,1,6,6,1,-1,-1,-1,-1,-1,-1,9,E01013257,0,-1
2020450967134,2020,450967134,2,1,0,18,19,3,7,0,0,0,5,0,0,0,1,1,5,6,1,19,4,-1,-1,-1,-1,5,E01030946,0,-1
2020320142166,2020,320142166,2,9,0,18,19,3,7,0,0,1,0,0,0,0,1,1,2,2,1,61,9,-1,-1,-1,-1,8,E01026269,0,-1
202060Y096280,2020,60Y096280,2,9,0,16,19,8,5,0,0,0,0,0,0,0,1,1,6,6,2,33,6,-1,-1,-1,-1,-1,-1,0,-1
202063D023520,2020,63D023520,1,9,0,9,9,6,4,0,0,8,0,0,0,0,3,1,6,6,2,52,8,-1,-1,-1,-1,7,W01000460,0,-1
2020010263417,2020,010263417,2,1,0,18,19,1,5,0,0,2,9,99,0,0,2,1,6,6,2,33,6,-1,-1,-1,-1,-1,-1,0,-1
2020010257682,2020,010257682,2,1,0,18,19,4,8,0,0,3,0,0,0,0,3,1,6,6,1,31,6,-1,-1,-1,-1,3,E01002589,0,-1
2020430161032,2020,430161032,1,1,0,18,19,8,4,0,0,0,0,0,0,0,4,1,6,6,1,44,7,-1,-1,-1,-1,7,E01028598,0,-1
2020460972094,2020,460972094,1,19,0,18,19,1,5,0,0,1,1,0,0,0,1,1,6,6,1,-1,-1,-1,-1,-1,-1,-1,-1,0,-1
2020010272877,2020,010272877,1,9,0,4,4,1,5,0,0,1,0,0,0,0,2,1,6,6,1,26,6,-1,-1,-1,-1,5,E01030725,0,-1
2020440148347,2020,440148347,1,1,0,18,19,1,5,0,0,8,0,0,0,0,0,1,6,6,1,58,9,-1,-1,-1,-1,1,E01017103,0,-1
2020110942150,2020,110942150,1,9,0,18,19,1,5,0,0,1,1,0,3,0,1,1,5,6,1,23,5,-1,-1,-1,-1,3,E01020835,0,-1
2020450930627,2020,450930627,1,9,0,2,2,3,7,0,0,2,0,0,0,0,2,1,1,1,1,50,8,-1,-1,-1,-1,2,E01015898,0,-1
2020360958203,2020,360958203,2,1,0,5,5,8,7,0,0,2,0,0,0,0,1,1,5,6,1,13,3,-1,-1,-1,-1,9,E01026571,0,-1
2020500946879,2020,500946879,2,9,0,18,19,7,3,0,0,8,1,0,0,0,1,1,1,1,1,33,6,-1,-1,-1,-1,4,E01018885,0,-1
2020460921377,2020,460921377,2,1,0,9,9,3,1,0,0,8,0,0,0,0,4,1,6,6,1,50,8,-1,-1,-1,-1,7,E01024743,0,-1
2020530960818,2020,530960818,1,1,0,18,19,-1,-1,9,9,0,0,0,0,0,3,1,5,6,1,23,5,-1,-1,-1,-1,10,E01022103,0,-1
2020420965995,2020,420965995,2,1,0,9,9,6,4,0,0,1,0,0,0,0,1,1,5,6,1,50,8,-1,-1,-1,-1,10,E01015911,0,-1
2020470920483,2020,470920483,1,9,0,6,6,2,2,0,0,0,0,0,0,0,0,1,6,6,2,-1,-1,-1,-1,-1,-1,-1,-1,0,-1
2020470977660,2020,470977660,2,1,0,18,19,8,4,0,0,0,0,4,0,0,1,1,1,1,2,27,6,-1,-1,-1,-1,4,E01016856,0,-1
2020230996513,2020,230996513,2,1,0,18,19,2,6,0,0,8,1,0,0,0,1,1,5,6,1,49,8,-1,-1,-1,-1,9,E01009543,0,-1
2020010233642,2020,010233642,2,1,0,18,19,1,5,0,0,0,0,0,0,0,2,1,6,6,1,31,6,-1,-1,-1,-1,5,E01004517,0,-1
2020201013666,2020,201013666,1,11,0,13,13,1,5,0,0,0,0,0,0,0,4,1,1,1,3,-1,-1,-1,-1,-1,-1,-1,-1,0,-1
2020010279774,2020,010279774,2,1,0,18,19,7,3,0,0,1,5,0,0,0,1,1,2,2,2,42,7,-1,-1,-1,-1,3,E01003562,0,-1
2020140968567,2020,140968567,1,1,0,18,19,5,1,0,0,0,1,0,0,0,1,1,5,6,2,51,8,-1,-1,-1,-1,10,E01007927,0,-1
2020522101119,2020,522101119,2,1,0,18,19,8,4,0,0,4,0,0,0,0,4,1,6,6,1,31,6,-1,-1,-1,-1,5,E01015005,0,-1
2020010267229,2020,010267229,2,1,0,18,19,7,3,0,0,8,0,0,0,0,3,1,6,6,1,48,8,-1,-1,-1,-1,3,E01000535,0,-1
2020340W80062,2020,340W80062,1,9,0,18,19,5,1,0,0,0,0,0,1,0,1,1,6,6,1,40,7,-1,-1,-1,-1,5,E01027123,0,-1
2020030981461,2020,030981461,1,9,0,18,19,7,3,0,0,0,0,0,0,0,1,1,6,6,3,-1,-1,-1,-1,-1,-1,-1,-1,0,-1
2020010245704,2020,010245704,2,1,0,18,19,5,1,0,0,2,0,0,0,0,1,-1,6,6,1,41,7,-1,-1,-1,-1,5,E01003224,0,-1
2020221010425,2020,221010425,2,1,0,18,19,6,2,0,0,6,0,0,0,0,3,1,5,6,1,52,8,-1,-1,-1,-1,7,E01032136,0,-1
2020070489084,2020,070489084,2,5,0,18,19,3,7,0,0,0,1,0,0,0,2,1,1,1,2,38,7,-1,-1,-1,-1,3,E01014341,0,-1
2020320653749,2020,320653749,2,1,0,18,19,1,5,0,0,0,5,0,0,0,3,1,1,1,1,27,6,-1,-1,-1,-1,7,E01026267,0,-1
202031B146120,2020,31B146120,2,3,0,18,19,3,7,0,0,8,0,0,0,0,1,1,6,6,1,32,6,-1,-1,-1,-1,2,E01028227,0,-1
2020040927013,2020,040927013,2,1,0,9,9,1,5,0,0,4,0,0,0,0,3,1,6,6,3,-1,-1,-1,-1,-1,-1,-1,-1,0,-1
2020010237070,2020,010237070,1,97,0,13,13,1,5,0,0,0,0,0,0,0,1,1,6,6,3,-1,-1,-1,-1,-1,-1,-1,-1,0,-1
2020420994727,2020,420994727,2,19,0,4,4,1,5,0,0,0,1,0,0,0,1,1,6,6,1,45,7,-1,-1,-1,-1,-1,-1,0,-1
2020461003240,2020,461003240,1,21,0,12,12,7,3,0,0,0,0,0,1,0,3,1,1,1,1,48,8,-1,-1,-1,-1,3,E01000089,0,-1
2020010281336,2020,010281336,1,9,0,8,8,2,5,0,0,3,0,0,0,0,2,1,2,2,1,21,5,-1,-1,-1,-1,5,E01000567,0,-1
2020070079492,2020,070079492,1,21,1,18,19,1,5,0,0,0,0,2,0,0,1,2,1,1,1,-1,-1,-1,-1,-1,-1,-1,-1,0,-1
202006P368074,2020,06P368074,1,5,0,9,9,4,2,0,0,5,0,0,0,0,3,1,6,6,1,30,6,-1,-1,-1,-1,8,E01004806,0,-1
2020430428590,2020,430428590,1,9,0,18,19,2,6,0,0,1,5,10,7,0,1,1,6,6,2,77,11,-1,-1,-1,-1,-1,-1,0,-1
2020440048438,2020,440048438,2,1,0,18,19,3,7,0,0,8,0,0,0,0,1,1,6,6,1,62,9,-1,-1,-1,-1,6,E01017300,0,-1
2020400955360,2020,400955360,1,9,0,5,5,3,7,0,0,4,0,0,0,0,3,1,5,6,1,68,10,-1,-1,-1,-1,9,E01017549,0,-1
2020360945054,2020,360945054,2,1,0,18,19,8,4,5,5,0,0,0,0,0,4,1,3,7,1,15,3,-1,-1,-1,-1,8,E01026581,0,-1
2020200936310,2020,200936310,2,1,0,18,19,4,8,0,0,8,0,0,0,0,1,1,2,2,1,22,5,-1,-1,-1,-1,10,E01009859,0,-1
2020010249013,2020,010249013,2,1,0,18,19,8,4,0,0,1,0,0,0,0,1,1,6,6,1,25,5,-1,-1,-1,-1,8,E01000969,0,-1
2020552000527,2020,552000527,1,90,0,18,19,7,3,0,0,8,0,0,0,0,0,1,6,6,3,33,6,-1,-1,-1,-1,-1,-1,0,-1
202060Y150700,2020,60Y150700,2,98,0,4,4,1,5,0,0,0,0,0,0,0,2,1,1,1,1,54,8,-1,-1,-1,-1,-1,-1,0,-1
202060Y012719,2020,60Y012719,2,9,0,18,19,7,3,0,0,0,0,0,0,0,1,1,6,6,1,68,10,-1,-1,-1,-1,-1,-1,0,-1
2020990954053,2020,990954053,2,1,0,18,19,8,4,0,0,1,0,0,0,0,0,1,6,6,1,58,9,-1,-1,-1,-1,7,-1,0,-1
202060Y124424,2020,60Y124424,2,9,0,7,7,5,1,0,0,5,0,0,0,0,2,1,6,6,2,32,6,-1,-1,-1,-1,-1,-1,0,-1
2020010267642,2020,010267642,2,1,0,18,19,3,7,0,0,1,0,0,0,0,1,1,1,1,1,39,7,-1,-1,-1,-1,2,E01001705,0,-1