collision_index,collision_year,collision_ref_no,vehicle_reference,vehicle_type,towing_and_articulation,vehicle_manoeuvre_historic,vehicle_manoeuvre,vehicle_direction_from,vehicle_direction_to,vehicle_location_restricted_lane_historic,vehicle_location_restricted_lane,junction_location,skidding_and_overturning,hit_object_in_carriageway,vehicle_leaving_carriageway,hit_object_off_carriageway,first_point_of_impact,vehicle_left_hand_drive,journey_purpose_of_driver_historic,journey_purpose_of_driver,sex_of_driver,age_of_driver,age_band_of_driver,engine_capacity_cc,propulsion_code,age_of_vehicle,generic_make_model,driver_imd_decile,lsoa_of_driver,escooter_flag,driver_distance_banding
2020460989769,2020,460989769,1,9,0,9,9,7,3,0,0,0,0,0,0,0,1,1,6,6,1,46,8,-1,-1,-1,-1,9,E01024851,0,-1
2020430238945,2020,430238945,1,1,0,9,9,5,3,0,0,1,0,0,0,0,1,1,6,6,1,60,9,-1,-1,-1,-1,8,E01016775,0,-1
2020010269439,2020,010269439,2,23,0,18,19,5,1,0,0,0,0,0,0,0,1,1,6,6,1,21,5,-1,-1,-1,-1,4,E01001087,0,-1
2020460936732,2020,460936732,1,19,0,18,19,3,7,0,0,0,0,0,0,0,4,1,6,6,1,-1,-1,-1,-1,-1,-1,4,E01024841,0,-1
2020010253187,2020,010253187,2,1,0,18,19,5,1,0,0,2,0,0,0,0,1,1,6,6,1,23,5,-1,-1,-1,-1,-1,-1,0,-1
2020410959258,2020,410959258,1,9,0,4,4,3,7,0,0,4,0,0,0,0,1,1,5,6,1,24,5,-1,-1,-1,-1,2,E01000060,0,-1
2020010268613,2020,010268613,2,1,0,9,9,3,1,0,0,2,0,0,0,0,1,1,6,6,1,24,5,-1,-1,-1,-1,2,E01032772,0,-1
2020430406403,2020,430406403,1,9,0,18,19,8,4,0,0,0,0,0,0,0,1,1,6,6,2,-1,-1,-1,-1,-1,-1,-1,-1,0,-1
2020200949564,2020,200949564,1,9,0,18,19,8,4,0,0,2,0,0,0,0,1,1,6,6,3,-1,-1,-1,-1,-1,-1,-1,-1,0,-1
202006J373879,2020,06J373879,2,1,0,18,19,5,1,0,0,0,5,0,1,0,3,1,6,6,1,27,6,-1,-1,-1,-1,2,E01005244,0,-1
2020010282724,2020,010282724,1,3,0,99,99,9,9,99,99,0,9,99,9,99,9,1,6,6,3,-1,-1,-1,-1,-1,-1,-1,-1,0,-1
2020332000555,2020,332000555,2,9,0,9,9,6,4,0,0,6,0,0,0,0,3,1,6,6,2,19,4,-1,-1,-1,-1,-1,-1,0,-1
2020440020312,2020,440020312,1,9,0,18,19,8,4,0,0,1,0,0,0,0,1,1,6,6,3,-1,-1,-1,-1,-1,-1,-1,-1,0,-1
2020990965296,2020,990965296,3,9,0,2,2,0,0,9,9,0,0,0,0,0,0,1,6,6,3,-1,-1,-1,-1,-1,-1,-1,-1,0,-1
2020040998500,2020,040998500,2,9,0,18,19,5,1,0,0,0,0,0,0,0,1,1,2,2,1,38,7,-1,-1,-1,-1,6,E01018713,0,-1
2020990941160,2020,990941160,2,9,0,9,9,1,7,0,0,3,0,0,1,0,4,1,2,2,2,22,5,-1,-1,-1,-1,4,-1,0,-1
2020340N02202,2020,340N02202,2,19,0,9,9,8,6,0,0,8,0,0,0,0,4,1,1,1,1,29,6,-1,-1,-1,-1,3,-1,0,-1
2020010235338,2020,010235338,2,11,9,18,19,1,5,0,0,1,9,0,0,99,9,9,1,1,3,-1,-1,-1,-1,-1,-1,-1,-1,0,-1
2020440296323,2020,440296323,1,3,0,9,9,3,1,0,0,0,0,0,0,0,3,1,6,6,1,53,8,-1,-1,-1,-1,2,E01022966,0,-1
2020010284759,2020,010284759,1,1,9,99,99,9,9,99,99,9,9,99,9,99,9,1,6,6,2,-1,-1,-1,-1,-1,-1,5,E01001782,0,-1
202063AF00121,2020,63AF00121,5,9,0,18,19,1,5,0,0,1,0,0,0,0,0,1,6,6,1,39,7,-1,-1,-1,-1,10,E01012978,0,-1
2020430182255,2020,430182255,2,1,0,18,19,6,2,0,0,1,0,0,0,0,3,1,6,6,1,17,4,-1,-1,-1,-1,7,E01017893,0,-1
2020302000561,2020,302000561,2,1,0,18,19,6,2,0,0,0,0,0,0,0,4,1,6,6,1,9,2,-1,-1,-1,-1,1,E01019509,0,-1
2020040954612,2020,040954612,2,9,0,18,19,5,1,0,0,1,0,0,0,0,4,1,6,6,3,-1,-1,-1,-1,-1,-1,-1,-1,0,-1
2020440363901,2020,440363901,1,1,0,18,19,7,3,0,0,0,0,0,0,0,1,1,6,6,1,15,3,-1,-1,-1,-1,10,E01023044,0,-1
2020010230183,2020,010230183,1,9,0,9,9,3,2,0,0,2,0,0,0,0,1,1,1,1,1,42,7,-1,-1,-1,-1,2,E01000870,0,-1
2020500989003,2020,500989003,2,1,0,18,19,3,7,0,0,0,0,0,0,0,1,1,6,6,1,74,10,-1,-1,-1,-1,10,E01015131,0,-1
2020520003664,2020,520003664,2,9,0,18,19,2,6,0,0,1,0,0,1,3,1,1,6,6,1,59,9,-1,-1,-1,-1,-1,-1,0,-1
2020052000429,2020,052000429,2,9,0,3,3,5,1,0,0,1,0,0,0,0,2,1,6,6,3,-1,-1,-1,-1,-1,-1,-1,-1,0,-1
2020030968167,2020,030968167,2,1,0,18,19,6,2,0,0,1,0,0,0,0,1,1,5,6,1,16,4,-1,-1,-1,-1,1,E01019113,0,-1
2020440289249,2020,440289249,2,1,0,18,19,3,7,5,5,1,0,0,0,0,0,1,6,6,2,31,6,-1,-1,-1,-1,7,E01017049,0,-1
2020350977772,2020,350977772,2,9,0,16,19,3,5,0,0,0,0,0,0,0,1,1,6,6,1,-1,-1,-1,-1,-1,-1,6,E01033453,0,-1
2020010274932,2020,010274932,2,9,9,99,99,9,9,99,99,9,9,99,9,99,9,9,6,6,3,-1,-1,-1,-1,-1,-1,-1,-1,0,-1
2020010283081,2020,010283081,1,9,9,7,7,3,5,0,0,2,0,0,0,0,1,9,6,6,3,-1,-1,-1,-1,-1,-1,-1,-1,0,-1
2020010234693,2020,010234693,2,1,0,18,19,1,5,0,0,1,0,8,0,0,3,1,6,6,1,46,8,-1,-1,-1,-1,4,E01003106,0,-1
2020052002315,2020,052002315,1,1,0,18,19,1,5,0,0,0,0,0,0,0,1,1,6,6,3,-1,-1,-1,-1,-1,-1,-1,-1,0,-1
2020302000961,2020,302000961,2,1,0,9,9,5,1,0,0,6,0,0,0,0,3,1,6,6,2,12,3,-1,-1,-1,-1,2,E01019817,0,-1
2020400966385,2020,400966385,2,1,0,18,19,7,3,0,0,4,0,0,0,0,3,1,2,2,1,55,8,-1,-1,-1,-1,7,E01033432,0,-1
2020010253356,2020,010253356,2,1,0,18,19,5,1,0,0,0,0,0,0,0,1,1,6,6,2,22,5,-1,-1,-1,-1,1,E01003246,0,-1
2020430362411,2020,430362411,2,9,0,18,19,5,1,0,0,0,0,0,0,0,0,1,6,6,1,60,9,-1,-1,-1,-1,-1,-1,0,-1
202006E170463,2020,06E170463,1,9,0,18,19,8,4,0,0,0,0,0,0,0,2,1,6,6,3,-1,-1,-1,-1,-1,-1,-1,-1,0,-1
2020552000786,2020,552000786,1,1,0,16,19,4,8,0,0,0,0,0,0,0,1,1,6,6,1,72,10,-1,-1,-1,-1,5,E01020565,0,-1
2020430030961,2020,430030961,2,3,0,18,19,5,1,0,0,1,0,0,0,0,4,1,6,6,1,40,7,-1,-1,-1,-1,-1,-1,0,-1
2020410966113,2020,410966113,2,1,0,10,10,1,5,0,0,1,0,0,0,0,3,1,6,6,1,80,11,-1,-1,-1,-1,10,E01023526,0,-1
2020010281680,2020,010281680,2,1,0,17,19,1,5,0,0,1,0,0,0,0,2,1,6,6,1,24,5,-1,-1,-1,-1,4,E01001179,0,-1
2020137110784,2020,137110784,1,9,0,18,19,6,2,0,0,0,2,0,1,11,1,1,6,6,1,33,6,-1,-1,-1,-1,5,E01011772,0,-1
2020010282692,2020,010282692,2,2,9,99,99,9,9,99,99,9,9,99,9,99,9,1,6,6,1,46,8,-1,-1,-1,-1,2,E01004251,0,-1
2020201018600,2020,201018600,1,9,0,18,19,4,8,0,0,8,0,0,0,0,1,1,6,6,3,-1,-1,-1,-1,-1,-1,-1,-1,0,-1
2020332000489,2020,332000489,2,9,0,18,19,2,6,0,0,1,0,0,0,0,1,1,6,6,1,22,5,-1,-1,-1,-1,4,E01013714,0,-1
2020450917094,2020,450917094,2,9,0,18,19,5,1,0,0,1,0,0,0,0,3,1,5,6,1,28,6,-1,-1,-1,-1,6,E01030842,0,-1
2020040967086,2020,040967086,2,1,0,17,19,3,7,0,0,1,0,0,1,0,4,1,5,6,1,57,9,-1,-1,-1,-1,5,E01004975,0,-1
2020052001423,2020,052001423,2,1,0,18,19,5,1,0,0,0,0,0,0,0,1,1,6,6,1,13,3,-1,-1,-1,-1,1,E01007089,0,-1
2020470994699,2020,470994699,1,1,0,18,19,7,3,0,0,0,0,4,0,0,1,1,5,6,1,51,8,-1,-1,-1,-1,8,E01016995,0,-1
2020140955055,2020,140955055,1,1,0,18,19,7,3,1,1,0,0,0,0,0,0,1,2,2,2,51,8,-1,-1,-1,-1,5,E01007953,0,-1
2020052000080,2020,052000080,1,9,0,99,99,9,9,0,0,1,9,0,0,0,9,9,6,6,3,-1,-1,-1,-1,-1,-1,-1,-1,0,-1
2020471006705,2020,471006705,1,9,0,18,19,7,3,0,0,0,0,0,0,0,3,1,6,6,3,-1,-1,-1,-1,-1,-1,-1,-1,0,-1
2020332000778,2020,332000778,1,19,0,18,19,4,8,0,0,0,0,0,0,0,1,1,6,6,1,19,4,-1,-1,-1,-1,7,E01025620,0,-1
2020522100849,2020,522100849,1,9,0,14,14,2,6,0,0,0,0,0,0,0,1,1,6,6,1,47,8,-1,-1,-1,-1,10,E01032097,0,-1
2020500950591,2020,500950591,1,9,0,3,3,7,3,9,9,0,0,10,1,2,2,1,6,6,1,23,5,-1,-1,-1,-1,1,E01015180,0,-1
2020440088779,2020,440088779,2,1,0,18,19,5,1,0,0,8,0,0,0,0,1,1,1,1,1,23,5,-1,-1,-1,-1,4,E01017211,0,-1
2020010270824,2020,010270824,2,1,0,18,19,7,3,0,0,4,0,0,0,0,3,1,1,1,1,46,8,-1,-1,-1,-1,7,E01003408,0,-1
2020070715163,2020,070715163,1,1,0,18,19,5,1,0,0,4,0,0,0,0,1,1,1,1,1,23,5,-1,-1,-1,-1,8,E01018375,0,-1
2020440295415,2020,440295415,1,9,0,9,9,2,8,0,0,8,0,0,0,0,1,1,6,6,2,39,7,-1,-1,-1,-1,6,E01017292,0,-1
2020040988694,2020,040988694,1,9,0,18,19,5,1,0,0,1,0,0,0,0,1,1,6,6,3,65,9,-1,-1,-1,-1,-1,-1,0,-1
2020302001032,2020,302001032,2,22,0,17,19,8,4,9,9,0,0,0,0,0,1,1,6,6,2,50,8,-1,-1,-1,-1,7,E01019422,0,-1
2020010266999,2020,010266999,2,98,9,99,99,9,9,99,99,9,9,99,9,99,9,1,6,6,3,-1,-1,-1,-1,-1,-1,-1,-1,0,-1
2020010260263,2020,010260263,2,-1,0,18,19,1,5,0,0,8,0,0,0,0,1,1,6,6,1,21,5,-1,-1,-1,-1,2,E01000958,1,-1
2020440394549,2020,440394549,1,9,0,13,13,8,4,0,0,0,0,0,0,0,4,1,6,6,3,-1,-1,-1,-1,-1,-1,-1,-1,0,-1
2020400919231,2020,400919231,1,9,0,18,19,2,6,0,0,1,0,0,0,0,4,1,6,6,3,-1,-1,-1,-1,-1,-1,-1,-1,0,-1
2020010270582,2020,010270582,1,1,9,99,99,9,9,99,99,9,9,99,9,99,1,1,2,2,1,32,6,-1,-1,-1,-1,7,E01002007,0,-1
2020100932221,2020,100932221,1,9,0,13,13,3,7,0,0,0,0,0,5,0,1,1,6,6,1,20,4,-1,-1,-1,-1,-1,-1,0,-1
2020040975522,2020,040975522,1,9,0,9,9,1,8,0,0,8,0,0,0,0,1,1,6,6,3,-1,-1,-1,-1,-1,-1,-1,-1,0,-1
2020200921523,2020,200921523,1,98,0,11,11,8,4,0,0,0,0,0,0,0,4,1,6,6,3,-1,-1,-1,-1,-1,-1,-1,-1,0,-1
2020990938994,2020,990938994,1,3,0,5,5,2,7,0,0,3,2,10,1,0,1,1,6,6,1,15,3,-1,-1,-1,-1,9,-1,0,-1
2020450944874,2020,450944874,1,1,0,18,19,7,3,0,0,8,2,0,0,0,1,1,1,1,1,55,8,-1,-1,-1,-1,8,E01030800,0,-1
2020010272796,2020,010272796,1,3,0,99,99,9,9,99,99,9,9,99,9,99,9,1,2,2,1,29,6,-1,-1,-1,-1,3,E01001267,0,-1
2020010266684,2020,010266684,2,21,1,18,19,1,5,99,99,9,0,99,0,0,4,1,6,6,1,30,6,-1,-1,-1,-1,-1,-1,0,-1
2020137A40453,2020,137A40453,2,9,0,7,7,2,8,0,0,6,0,0,0,0,1,1,6,6,2,58,9,-1,-1,-1,-1,1,E01010613,0,-1
2020332000763,2020,332000763,1,9,0,18,19,1,5,0,0,0,0,0,0,0,1,1,6,6,1,29,6,-1,-1,-1,-1,7,E01025752,0,-1
2020010233804,2020,010233804,2,9,0,14,14,5,1,0,0,1,0,0,0,0,3,1,6,6,2,30,6,-1,-1,-1,-1,3,E01000740,0,-1
2020430109391,2020,430109391,1,9,0,5,5,3,7,0,0,0,0,0,0,0,4,1,6,6,2,30,6,-1,-1,-1,-1,10,E01017841,0,-1
2020052000633,2020,052000633,2,1,0,18,19,7,3,0,0,1,0,0,0,0,1,1,6,6,1,63,9,-1,-1,-1,-1,7,E01007198,0,-1
2020010280069,2020,010280069,2,9,0,99,99,9,9,99,99,9,9,99,9,99,9,9,6,6,3,-1,-1,-1,-1,-1,-1,-1,-1,0,-1
202060Y034613,2020,60Y034613,3,9,0,18,19,8,4,0,0,2,0,0,0,0,1,1,2,2,1,32,6,-1,-1,-1,-1,-1,-1,0,-1
2020040917553,2020,040917553,3,9,0,2,2,5,1,0,0,0,0,0,0,0,2,1,6,6,3,-1,-1,-1,-1,-1,-1,-1,-1,0,-1
2020201010388,2020,201010388,2,1,0,18,19,5,1,0,0,0,0,0,0,0,4,1,6,6,1,59,9,-1,-1,-1,-1,3,E01009294,0,-1
202063A056020,2020,63A056020,1,1,0,18,19,6,2,0,0,8,0,0,0,0,0,1,6,6,1,53,8,-1,-1,-1,-1,3,W01000711,0,-1
202006E371220,2020,06E371220,1,2,0,18,19,5,1,9,9,0,0,0,0,0,1,1,6,6,3,-1,-1,-1,-1,-1,-1,-1,-1,0,-1
202054A155220,2020,54A155220,1,9,0,18,19,4,8,0,0,0,0,0,0,0,1,1,1,1,1,34,6,-1,-1,-1,-1,7,E01015489,0,-1
2020010276216,2020,010276216,2,1,0,15,15,1,5,0,0,1,0,0,1,0,3,1,2,2,1,47,8,-1,-1,-1,-1,8,E01000269,0,-1
2020010276974,2020,010276974,1,9,0,9,9,2,8,0,0,8,0,0,0,0,1,2,6,6,1,50,8,-1,-1,-1,-1,4,E01004468,0,-1
2020221011842,2020,221011842,1,19,0,18,19,5,1,0,0,0,0,0,0,0,4,1,6,6,3,34,6,-1,-1,-1,-1,-1,-1,0,-1
2020545459620,2020,545459620,1,9,0,11,11,5,7,0,0,4,0,0,0,0,4,1,6,6,1,30,6,-1,-1,-1,-1,10,E01031924,0,-1
2020470994851,2020,470994851,1,9,0,7,7,6,8,0,0,6,0,0,0,0,1,1,6,6,3,-1,-1,-1,-1,-1,-1,-1,-1,0,-1
202006L273377,2020,06L273377,2,9,0,1,1,4,8,0,0,1,0,0,0,0,2,1,6,6,3,-1,-1,-1,-1,-1,-1,-1,-1,0,-1
2020430326172,2020,430326172,1,-1,0,18,19,2,6,9,9,0,0,0,0,0,1,1,1,1,1,24,5,-1,-1,-1,-1,7,E01028496,1,-1
2020230962332,2020,230962332,1,9,0,18,19,4,8,0,0,8,0,0,0,0,1,1,5,6,1,32,6,-1,-1,-1,-1,-1,-1,0,-1
2020420972821,2020,420972821,1,9,0,7,7,1,5,0,0,1,1,4,0,0,1,1,6,6,3,-1,-1,-1,-1,-1,-1,-1,-1,0,-1
2020140921357,2020,140921357,1,9,0,18,19,5,1,0,0,8,0,0,0,0,1,1,5,6,1,60,9,-1,-1,-1,-1,1,E01007940,0,-1
202006J175275,2020,06J175275,3,1,0,18,19,2,6,0,0,2,0,0,0,0,3,1,6,6,1,9,2,-1,-1,-1,-1,8,E01005988,0,-1
2020010260292,2020,010260292,2,1,0,18,19,7,3,0,0,0,0,4,0,0,1,1,2,2,1,51,8,-1,-1,-1,-1,1,E01003207,0,-1
2020350931927,2020,350931927,1,19,0,18,19,3,7,0,0,1,0,4,0,0,4,1,6,6,3,-1,-1,-1,-1,-1,-1,-1,-1,0,-1
2020470959555,2020,470959555,3,9,0,2,2,0,0,6,6,1,0,0,0,0,3,1,6,6,3,-1,-1,-1,-1,-1,-1,-1,-1,0,-1
2020440331318,2020,440331318,1,9,0,10,10,1,7,0,0,8,0,0,0,0,1,1,6,6,2,43,7,-1,-1,-1,-1,4,E01017081,0,-1
2020010285618,2020,010285618,1,19,0,99,99,9,9,99,99,9,9,99,9,99,1,9,6,6,3,-1,-1,-1,-1,-1,-1,-1,-1,0,-1
2020160941868,2020,160941868,2,1,0,18,19,1,5,0,0,0,0,0,0,0,3,1,5,6,1,12,3,-1,-1,-1,-1,-1,-1,0,-1
202060Y116633,2020,60Y116633,1,9,0,9,9,7,5,0,0,5,0,0,0,0,1,1,6,6,2,77,11,-1,-1,-1,-1,-1,-1,0,-1
2020470961543,2020,470961543,2,1,0,18,19,7,3,0,0,8,0,0,0,0,4,1,1,1,1,45,7,-1,-1,-1,-1,4,E01031785,0,-1
2020010264915,2020,010264915,2,1,9,99,99,9,9,99,99,9,9,99,9,99,9,1,6,6,3,-1,-1,-1,-1,-1,-1,-1,-1,0,-1
2020010237421,2020,010237421,1,1,9,99,99,9,9,99,99,1,9,99,9,99,9,1,6,6,2,14,3,-1,-1,-1,-1,2,E01004260,0,-1
2020052000858,2020,052000858,2,1,0,18,19,3,7,0,0,1,0,0,0,0,1,1,2,2,2,56,9,-1,-1,-1,-1,1,E01006778,0,-1
2020170S31830,2020,170S31830,3,9,0,9,9,3,1,0,0,8,0,0,0,0,0,1,6,6,3,-1,-1,-1,-1,-1,-1,-1,-1,0,-1
2020400965023,2020,400965023,1,9,-1,18,19,5,1,0,0,0,0,0,0,0,1,1,6,6,3,-1,-1,-1,-1,-1,-1,-1,-1,0,-1
2020070438339,2020,070438339,2,1,0,18,19,5,1,0,0,2,0,0,0,0,4,1,6,6,1,33,6,-1,-1,-1,-1,9,E01018494,0,-1
2020360999248,2020,360999248,4,98,4,3,3,7,3,0,0,1,0,0,0,0,2,1,1,1,1,-1,-1,-1,-1,-1,-1,-1,-1,0,-1
2020430084919,2020,430084919,2,-1,0,18,19,1,7,0,0,8,0,0,0,0,1,1,6,6,2,55,8,-1,-1,-1,-1,3,E01028522,1,-1
2020010261479,2020,010261479,1,1,0,99,99,9,9,0,0,8,9,0,0,0,1,1,2,2,2,26,6,-1,-1,-1,-1,8,E01004587,0,-1
2020440114078,2020,440114078,1,1,0,18,19,3,7,0,0,0,0,0,0,0,2,1,2,2,1,25,5,-1,-1,-1,-1,7,E01022733,0,-1
2020450973604,2020,450973604,1,1,0,18,19,8,4,0,0,8,0,0,0,0,0,1,5,6,1,54,8,-1,-1,-1,-1,6,E01030546,0,-1
202031C050820,2020,31C050820,2,1,0,3,3,1,5,0,0,8,0,0,0,0,2,1,6,6,1,54,8,-1,-1,-1,-1,2,E01013842,0,-1
2020030943552,2020,030943552,2,9,0,12,12,2,6,0,0,0,0,0,0,0,2,1,2,2,2,50,8,-1,-1,-1,-1,2,E01000434,0,-1
2020140925295,2020,140925295,2,1,0,18,19,7,3,0,0,2,0,0,0,0,1,1,6,6,1,12,3,-1,-1,-1,-1,5,E01007486,0,-1
202060Y054084,2020,60Y054084,1,9,0,16,19,1,5,0,0,1,0,0,1,11,1,1,1,1,1,26,6,-1,-1,-1,-1,-1,-1,0,-1
2020360974485,2020,360974485,2,1,-1,-1,-1,-1,-1,-1,-1,-1,-1,-1,-1,0,-1,1,5,6,1,52,8,-1,-1,-1,-1,9,E01026497,0,-1
2020070554988,2020,070554988,2,1,0,18,19,4,8,0,0,0,0,0,1,0,1,1,1,1,2,42,7,-1,-1,-1,-1,-1,-1,0,-1
2020040948393,2020,040948393,2,1,0,18,19,1,1,0,0,0,0,0,0,0,2,1,6,6,1,55,8,-1,-1,-1,-1,9,E01024983,0,-1
2020010271939,2020,010271939,2,1,0,18,19,3,7,0,0,1,0,0,0,0,1,1,2,2,1,54,8,-1,-1,-1,-1,5,E01000454,0,-1
20201376O1664,2020,1376O1664,2,1,0,18,19,7,4,0,0,3,0,0,0,0,4,1,6,6,1,30,6,-1,-1,-1,-1,-1,-1,0,-1
2020200921497,2020,200921497,1,11,0,18,19,-1,-1,0,0,0,0,0,0,0,0,1,6,6,1,-1,-1,-1,-1,-1,-1,-1,-1,0,-1
2020332000785,2020,332000785,2,9,0,18,19,6,2,0,0,8,0,0,0,0,1,1,1,1,2,50,8,-1,-1,-1,-1,1,E01013754,0,-1
2020320033473,2020,320033473,1,19,0,18,19,5,1,0,0,1,1,0,1,0,1,1,1,1,1,49,8,-1,-1,-1,-1,3,E01007494,0,-1
2020010269087,2020,010269087,1,1,0,4,4,3,7,0,0,0,0,0,0,0,0,1,6,6,1,69,10,-1,-1,-1,-1,7,E01022401,0,-1
2020010272902,2020,010272902,1,1,9,99,99,9,9,99,99,9,9,99,9,99,9,1,6,6,1,26,6,-1,-1,-1,-1,1,E01004309,0,-1
202060Y139734,2020,60Y139734,1,9,0,18,19,6,2,0,0,0,0,0,0,0,1,1,6,6,1,73,10,-1,-1,-1,-1,-1,-1,0,-1
2020140965219,2020,140965219,2,9,0,5,5,5,1,0,0,2,0,0,0,0,3,2,6,6,3,-1,-1,-1,-1,-1,-1,-1,-1,0,-1
20201379Q1421,2020,1379Q1421,1,11,0,5,5,1,5,0,0,0,0,0,0,0,4,1,1,1,1,62,9,-1,-1,-1,-1,4,E01011821,0,-1
202031B124720,2020,31B124720,2,1,0,18,19,1,5,0,0,8,0,0,0,0,4,1,6,6,2,29,6,-1,-1,-1,-1,5,E01028012,0,-1
2020332000681,2020,332000681,3,5,0,4,4,2,6,0,0,1,1,0,0,0,1,1,6,6,1,40,7,-1,-1,-1,-1,3,E01013732,0,-1
202006L172675,2020,06L172675,1,1,0,15,15,3,7,0,0,0,0,4,0,0,1,1,2,2,1,53,8,-1,-1,-1,-1,9,E01006236,0,-1
2020990934809,2020,990934809,1,9,0,18,19,3,7,0,0,0,0,0,1,0,1,1,1,1,1,49,8,-1,-1,-1,-1,-1,-1,0,-1
2020460938885,2020,460938885,2,9,0,3,3,7,3,0,0,0,0,0,0,0,1,1,5,6,1,54,8,-1,-1,-1,-1,8,E01024407,0,-1
2020480968794,2020,480968794,1,1,0,18,19,3,7,5,5,0,0,0,0,0,1,1,2,2,1,30,6,-1,-1,-1,-1,5,E01004745,0,-1
2020010263396,2020,010263396,2,1,0,18,19,5,1,0,0,1,0,0,0,0,1,1,6,6,1,36,7,-1,-1,-1,-1,-1,-1,0,-1
2020430125506,2020,430125506,1,1,0,4,4,6,2,0,0,8,0,0,0,0,0,1,6,6,1,63,9,-1,-1,-1,-1,10,E01016526,0,-1
2020010257644,2020,010257644,2,5,0,99,99,9,9,99,99,9,9,99,9,99,3,1,6,6,3,-1,-1,-1,-1,-1,-1,-1,-1,0,-1
2020010231985,2020,010231985,1,1,9,99,99,9,9,99,99,9,9,99,9,99,9,1,6,6,1,61,9,-1,-1,-1,-1,10,E01030328,0,-1
2020542668320,2020,542668320,1,9,0,9,9,5,2,0,0,8,0,0,0,0,1,1,2,2,1,45,7,-1,-1,-1,-1,2,E01031981,0,-1
2020430293404,2020,430293404,2,1,0,18,19,1,5,0,0,2,0,0,0,0,2,1,6,6,1,39,7,-1,-1,-1,-1,6,E01016753,0,-1
2020201020031,2020,201020031,2,9,0,4,4,2,6,0,0,8,0,0,0,0,0,1,6,6,3,-1,-1,-1,-1,-1,-1,-1,-1,0,-1
2020160986524,2020,160986524,2,3,0,18,19,7,3,0,0,8,0,0,1,0,1,1,6,6,1,25,5,-1,-1,-1,-1,1,E01012881,0,-1
2020470951279,2020,470951279,3,1,0,18,19,2,6,0,0,1,0,0,0,0,0,1,5,6,1,28,6,-1,-1,-1,-1,3,E01031482,0,-1
2020530978317,2020,530978317,2,1,0,9,9,2,8,1,1,1,0,0,0,0,4,1,6,6,1,49,8,-1,-1,-1,-1,9,E01022369,0,-1
20201377P2273,2020,1377P2273,1,8,0,18,19,8,4,0,0,0,0,0,0,0,0,1,6,6,3,-1,-1,-1,-1,-1,-1,-1,-1,0,-1
2020450918743,2020,450918743,1,9,0,18,19,3,7,0,0,0,0,0,0,0,1,1,6,6,2,40,7,-1,-1,-1,-1,-1,-1,0,-1
202060Y084228,2020,60Y084228,1,9,0,3,3,8,4,0,0,0,0,0,0,0,1,1,6,6,1,35,6,-1,-1,-1,-1,-1,-1,0,-1
2020070120628,2020,070120628,4,9,0,9,9,7,3,0,0,2,0,0,0,0,0,1,1,1,3,-1,-1,-1,-1,-1,-1,-1,-1,0,-1
202054A639720,2020,54A639720,1,9,0,18,19,1,5,0,0,1,0,0,0,0,1,1,6,6,1,30,6,-1,-1,-1,-1,-1,-1,0,-1
2020010267953,2020,010267953,2,1,0,18,19,5,1,0,0,2,0,4,0,0,1,1,6,6,1,35,6,-1,-1,-1,-1,3,E01003319,0,-1
2020010260386,2020,010260386,2,1,0,18,19,3,7,0,0,0,0,0,0,0,1,1,6,6,1,27,6,-1,-1,-1,-1,7,E01002972,0,-1
2020340E04912,2020,340E04912,2,1,0,18,19,8,4,0,0,1,5,0,0,0,1,1,6,6,2,53,8,-1,-1,-1,-1,8,E01027044,0,-1
2020221005178,2020,221005178,1,19,0,17,19,8,5,0,0,0,0,0,0,0,3,1,6,6,1,34,6,-1,-1,-1,-1,-1,-1,0,-1
2020211009647,2020,211009647,1,1,0,18,19,6,2,9,9,0,0,0,0,0,1,1,6,6,1,13,3,-1,-1,-1,-1,1,E01014336,0,-1
2020440293958,2020,440293958,1,1,0,18,19,8,4,0,0,8,0,0,0,0,4,1,6,6,2,43,7,-1,-1,-1,-1,9,E01022582,0,-1
2020010283637,2020,010283637,1,1,9,99,99,9,9,99,99,9,9,99,9,99,9,1,6,6,1,26,6,-1,-1,-1,-1,6,E01032646,0,-1
2020070000817,2020,070000817,1,9,0,9,9,1,6,0,0,6,0,0,0,0,0,1,6,6,3,-1,-1,-1,-1,-1,-1,-1,-1,0,-1
2020201019518,2020,201019518,1,19,0,1,1,6,4,9,9,5,0,0,0,0,2,1,2,2,1,49,8,-1,-1,-1,-1,7,E01010545,0,-1
2020140967913,2020,140967913,2,98,0,18,19,6,2,0,0,0,0,0,0,0,2,1,1,1,1,34,6,-1,-1,-1,-1,3,E01005567,0,-1
2020100949543,2020,100949543,2,1,-1,18,19,1,5,0,0,8,0,0,0,0,4,1,5,6,1,43,7,-1,-1,-1,-1,2,E01008584,0,-1
2020231012233,2020,231012233,1,1,0,18,19,3,7,0,0,0,0,0,0,0,3,1,5,6,1,16,4,-1,-1,-1,-1,6,E01031049,0,-1
2020040967490,2020,040967490,2,1,0,18,19,5,1,0,0,8,0,0,0,0,3,1,5,6,1,24,5,-1,-1,-1,-1,1,E01025574,0,-1
2020500981237,2020,500981237,2,9,4,18,19,1,5,0,0,1,0,0,0,0,3,1,1,1,1,59,9,-1,-1,-1,-1,5,E01020122,0,-1
2020010268661,2020,010268661,2,3,0,18,19,3,7,0,0,8,0,0,0,0,1,1,6,6,1,24,5,-1,-1,-1,-1,5,E01001677,0,-1
2020010273807,2020,010273807,2,9,0,99,99,9,9,99,99,9,9,99,9,99,9,9,6,6,3,-1,-1,-1,-1,-1,-1,-1,-1,0,-1
2020010262546,2020,010262546,2,9,0,13,13,5,1,0,0,2,0,0,0,0,1,1,6,6,1,20,4,-1,-1,-1,-1,-1,-1,0,-1
202060Y140670,2020,60Y140670,2,98,0,5,5,2,6,0,0,0,0,0,0,0,1,1,6,6,1,23,5,-1,-1,-1,-1,-1,-1,0,-1
2020010233144,2020,010233144,1,9,0,99,99,9,9,99,99,9,9,99,9,99,1,9,6,6,3,-1,-1,-1,-1,-1,-1,-1,-1,0,-1
2020052002167,2020,052002167,2,1,0,18,19,7,3,0,0,0,0,0,0,0,3,1,6,6,1,54,8,-1,-1,-1,-1,7,E01006685,0,-1