collision_index,collision_year,collision_ref_no,vehicle_reference,vehicle_type,towing_and_articulation,vehicle_manoeuvre_historic,vehicle_manoeuvre,vehicle_direction_from,vehicle_direction_to,vehicle_location_restricted_lane_historic,vehicle_location_restricted_lane,junction_location,skidding_and_overturning,hit_object_in_carriageway,vehicle_leaving_carriageway,hit_object_off_carriageway,first_point_of_impact,vehicle_left_hand_drive,journey_purpose_of_driver_historic,journey_purpose_of_driver,sex_of_driver,age_of_driver,age_band_of_driver,engine_capacity_cc,propulsion_code,age_of_vehicle,generic_make_model,driver_imd_decile,lsoa_of_driver,escooter_flag,driver_distance_banding
2020010278521,2020,010278521,2,8,0,99,99,9,9,99,99,0,9,99,9,99,2,9,6,6,3,-1,-1,-1,-1,-1,-1,-1,-1,0,-1
2020010248070,2020,010248070,1,1,0,18,19,3,7,0,0,9,0,0,0,0,1,-1,6,6,1,13,3,-1,-1,-1,-1,9,E01002147,0,-1
2020430226143,2020,430226143,2,9,0,18,19,6,8,0,0,8,0,0,0,0,4,1,2,2,1,-1,-1,-1,-1,-1,-1,-1,-1,0,-1
2020420995471,2020,420995471,2,1,0,18,19,5,1,0,0,0,0,0,0,0,3,1,5,6,2,53,8,-1,-1,-1,-1,1,E01015916,0,-1
2020332000680,2020,332000680,2,97,0,15,15,2,6,0,0,3,0,0,0,0,0,1,6,6,3,-1,-1,-1,-1,-1,-1,-1,-1,0,-1
2020010252271,2020,010252271,1,9,0,99,99,9,9,99,99,9,9,99,9,99,9,9,6,6,3,-1,-1,-1,-1,-1,-1,-1,-1,0,-1
2020137821536,2020,137821536,1,9,0,18,19,8,4,0,0,0,0,0,0,0,1,1,6,6,1,-1,-1,-1,-1,-1,-1,-1,-1,0,-1
2020440354034,2020,440354034,2,1,0,18,19,5,1,0,0,8,0,0,0,0,3,1,6,6,1,65,9,-1,-1,-1,-1,4,E01017083,0,-1
202060Y010575,2020,60Y010575,2,9,0,18,19,5,1,0,0,0,0,0,0,0,1,1,6,6,1,22,5,-1,-1,-1,-1,-1,-1,0,-1
2020430417617,2020,430417617,1,19,0,7,7,5,7,0,0,4,0,0,0,0,3,1,1,1,1,24,5,-1,-1,-1,-1,-1,-1,0,-1
2020010247267,2020,010247267,1,9,0,9,9,1,7,0,0,1,0,0,0,0,1,1,6,6,3,-1,-1,-1,-1,-1,-1,-1,-1,0,-1
2020990998725,2020,990998725,3,9,0,2,2,0,0,0,0,8,0,0,0,0,3,1,6,6,3,-1,-1,-1,-1,-1,-1,-1,-1,0,-1
2020460998336,2020,460998336,1,9,0,9,9,4,2,0,0,0,0,0,1,11,1,1,5,6,1,35,6,-1,-1,-1,-1,-1,-1,0,-1
2020520100277,2020,520100277,1,9,0,18,19,6,2,0,0,8,0,0,0,0,1,1,6,6,1,69,10,-1,-1,-1,-1,6,E01032117,0,-1
2020332000336,2020,332000336,1,9,0,4,4,6,2,0,0,0,0,0,0,0,2,1,6,6,1,25,5,-1,-1,-1,-1,-1,-1,0,-1
2020990969096,2020,990969096,2,9,0,9,9,8,2,8,6,6,0,0,0,0,3,1,1,1,1,22,5,-1,-1,-1,-1,8,-1,0,-1
2020010252726,2020,010252726,2,9,0,99,99,9,9,99,99,9,9,99,9,99,2,9,6,6,3,-1,-1,-1,-1,-1,-1,-1,-1,0,-1
2020010229631,2020,010229631,2,9,0,99,99,9,9,99,99,9,9,99,9,99,1,9,6,6,3,-1,-1,-1,-1,-1,-1,-1,-1,0,-1
2020010263315,2020,010263315,2,9,9,18,19,3,7,99,99,9,0,99,0,0,9,9,6,6,3,-1,-1,-1,-1,-1,-1,-1,-1,0,-1
2020440428351,2020,440428351,1,1,0,18,19,5,1,0,0,0,0,0,0,0,0,1,6,6,2,48,8,-1,-1,-1,-1,3,E01017315,0,-1
2020530952889,2020,530952889,1,19,0,18,19,5,1,0,0,0,0,0,0,0,1,1,1,1,1,29,6,-1,-1,-1,-1,8,E01015551,0,-1
2020200946508,2020,200946508,2,9,0,4,4,6,2,0,0,1,0,0,0,0,1,1,6,6,2,-1,-1,-1,-1,-1,-1,-1,-1,0,-1
2020460950942,2020,460950942,1,90,5,15,15,7,3,0,0,0,0,0,0,0,4,1,6,6,3,-1,-1,-1,-1,-1,-1,-1,-1,0,-1
2020100941406,2020,100941406,2,1,0,5,5,3,7,0,0,0,0,0,0,0,1,1,5,6,1,24,5,-1,-1,-1,-1,-1,-1,0,-1
2020522003048,2020,522003048,2,1,0,5,5,1,5,0,0,1,0,0,0,0,3,1,6,6,2,42,7,-1,-1,-1,-1,10,E01014901,0,-1
202031B110020,2020,31B110020,2,9,0,9,9,6,4,0,0,6,0,0,0,0,4,1,6,6,2,67,10,-1,-1,-1,-1,2,E01028304,0,-1
2020110943528,2020,110943528,1,9,0,9,9,8,4,0,0,1,0,0,0,0,1,1,1,1,1,53,8,-1,-1,-1,-1,2,E01012362,0,-1
2020440336793,2020,440336793,1,1,0,18,19,5,1,0,0,1,0,0,0,0,4,1,2,2,2,28,6,-1,-1,-1,-1,5,E01017030,0,-1
2020220916180,2020,220916180,2,1,0,17,19,7,4,0,0,8,0,0,0,0,4,1,5,6,1,53,8,-1,-1,-1,-1,8,W01000444,0,-1
202006A378044,2020,06A378044,2,19,0,18,19,7,3,0,0,8,2,0,0,0,0,1,2,2,1,53,8,-1,-1,-1,-1,1,E01005190,0,-1
2020100970606,2020,100970606,2,1,0,18,19,6,2,0,0,1,0,0,0,0,1,1,5,6,1,47,8,-1,-1,-1,-1,7,-1,0,-1
2020540802420,2020,540802420,2,9,0,4,4,6,2,0,0,0,0,0,0,0,2,1,2,2,2,34,6,-1,-1,-1,-1,9,E01031909,0,-1
2020010260815,2020,010260815,2,23,0,18,19,5,1,0,0,2,0,0,0,0,1,1,2,2,1,22,5,-1,-1,-1,-1,2,E01004740,0,-1
2020070353844,2020,070353844,1,1,0,9,9,2,6,0,0,6,0,0,0,0,4,1,1,1,1,14,3,-1,-1,-1,-1,9,E01018634,0,-1
2020140996754,2020,140996754,3,90,0,18,19,4,8,0,0,2,0,0,0,0,1,1,6,6,1,14,3,-1,-1,-1,-1,1,E01008062,0,-1
2020010251673,2020,010251673,1,1,9,99,99,9,9,99,99,9,9,99,9,99,1,1,6,6,1,24,5,-1,-1,-1,-1,10,E01018305,0,-1
202063B052420,2020,63B052420,1,19,0,14,14,2,7,0,0,0,0,0,0,0,4,1,6,6,3,-1,-1,-1,-1,-1,-1,-1,-1,0,-1
2020430155550,2020,430155550,2,1,0,18,19,6,2,0,0,0,0,0,0,0,2,1,6,6,1,20,4,-1,-1,-1,-1,9,E01028444,0,-1
2020990967352,2020,990967352,2,1,0,18,19,5,1,0,0,8,5,0,1,0,1,1,6,6,1,25,5,-1,-1,-1,-1,10,-1,0,-1
202060Y005277,2020,60Y005277,1,9,0,16,19,2,6,0,0,0,0,0,7,11,4,1,6,6,1,71,10,-1,-1,-1,-1,-1,-1,0,-1
2020420959040,2020,420959040,1,21,1,18,19,7,3,0,0,0,0,0,0,0,1,2,1,1,1,47,8,-1,-1,-1,-1,-1,-1,0,-1
2020201011517,2020,201011517,2,9,0,18,19,6,2,0,0,0,0,0,0,0,2,1,6,6,1,-1,-1,-1,-1,-1,-1,1,E01033636,0,-1
2020470930304,2020,470930304,2,1,0,18,19,7,3,9,9,1,0,0,0,0,3,1,6,6,1,15,3,-1,-1,-1,-1,6,E01031464,0,-1
2020410979935,2020,410979935,3,19,0,13,13,5,1,0,0,0,0,0,0,0,0,1,6,6,3,-1,-1,-1,-1,-1,-1,-1,-1,0,-1
2020010252900,2020,010252900,1,1,9,99,99,9,9,99,99,0,9,99,9,99,9,1,6,6,3,30,6,-1,-1,-1,-1,6,E01000970,0,-1
2020440158846,2020,440158846,1,9,0,18,19,7,3,0,0,0,0,0,1,11,1,1,6,6,1,36,7,-1,-1,-1,-1,10,E01023240,0,-1
2020360966643,2020,360966643,1,9,0,18,19,-1,-1,0,0,0,0,0,0,0,1,1,1,1,1,-1,-1,-1,-1,-1,-1,-1,-1,0,-1
2020110959993,2020,110959993,1,19,0,12,12,1,5,0,0,0,0,0,0,0,0,1,1,1,1,24,5,-1,-1,-1,-1,6,E01019502,0,-1
2020420999952,2020,420999952,2,1,0,18,19,5,8,0,0,8,0,0,0,0,3,1,5,6,1,74,10,-1,-1,-1,-1,4,E01021637,0,-1
2020531002470,2020,531002470,2,1,0,18,19,1,5,0,0,0,0,0,0,0,3,1,6,6,1,16,4,-1,-1,-1,-1,8,E01022384,0,-1
2020070551355,2020,070551355,1,9,0,18,19,5,8,0,0,1,0,0,0,0,1,1,6,6,3,-1,-1,-1,-1,-1,-1,-1,-1,0,-1
2020010270708,2020,010270708,1,1,9,99,99,9,9,0,0,9,9,99,0,0,9,1,2,2,2,28,6,-1,-1,-1,-1,7,E01004018,0,-1
2020052001123,2020,052001123,2,9,0,18,19,3,7,0,0,8,1,4,0,0,1,1,6,6,1,20,4,-1,-1,-1,-1,7,E01007301,0,-1
2020010283811,2020,010283811,1,-1,0,18,19,3,7,9,9,1,0,0,0,0,0,1,6,6,1,17,4,-1,-1,-1,-1,3,E01002620,1,-1
2020440374141,2020,440374141,3,9,0,2,2,0,0,0,0,2,0,0,0,0,3,1,6,6,1,-1,-1,-1,-1,-1,-1,-1,-1,0,-1
2020610037720,2020,610037720,2,1,0,18,19,1,5,0,0,8,0,0,0,0,4,1,6,6,1,27,6,-1,-1,-1,-1,2,W01001660,0,-1
2020010258724,2020,010258724,1,1,9,18,19,1,5,99,99,1,9,99,9,99,9,1,6,6,1,44,7,-1,-1,-1,-1,2,E01001588,0,-1
2020302000773,2020,302000773,2,9,0,18,19,2,6,0,0,0,0,10,0,0,3,1,6,6,1,36,7,-1,-1,-1,-1,5,E01019461,0,-1
2020332000567,2020,332000567,1,21,0,18,19,7,3,0,0,0,2,0,1,9,1,1,1,1,1,51,8,-1,-1,-1,-1,-1,-1,0,-1
2020040987905,2020,040987905,1,1,0,7,7,7,1,0,0,1,0,0,0,0,3,1,2,2,1,62,9,-1,-1,-1,-1,3,E01025087,0,-1
202006K268552,2020,06K268552,1,9,0,18,19,8,4,0,0,8,0,0,0,0,1,1,6,6,1,24,5,-1,-1,-1,-1,10,E01004924,0,-1
202006K172144,2020,06K172144,1,9,0,9,9,4,2,0,0,8,0,0,0,0,4,1,6,6,1,36,7,-1,-1,-1,-1,8,E01004769,0,-1
2020010233240,2020,010233240,1,1,9,99,99,9,9,99,99,1,9,99,9,99,1,1,2,2,1,26,6,-1,-1,-1,-1,3,E01003050,0,-1
2020430289908,2020,430289908,1,1,0,18,19,1,5,0,0,0,0,0,0,0,0,1,6,6,1,31,6,-1,-1,-1,-1,10,E01017762,0,-1
2020361004649,2020,361004649,1,9,0,-1,-1,-1,-1,0,0,-1,0,0,0,0,-1,1,6,6,3,-1,-1,-1,-1,-1,-1,-1,-1,0,-1
2020430158634,2020,430158634,1,9,0,13,13,6,2,0,0,0,0,0,0,0,1,1,6,6,3,-1,-1,-1,-1,-1,-1,-1,-1,0,-1
2020010241101,2020,010241101,2,1,0,5,5,3,7,0,0,6,0,0,0,0,2,-1,6,6,1,44,7,-1,-1,-1,-1,3,E01000610,0,-1
2020460989784,2020,460989784,2,9,0,11,11,4,7,0,0,0,0,0,0,0,2,1,6,6,2,52,8,-1,-1,-1,-1,9,E01024008,0,-1
2020230951253,2020,230951253,2,1,0,16,19,4,7,0,0,0,0,0,0,0,1,1,5,6,1,60,9,-1,-1,-1,-1,6,E01031283,0,-1
2020010244820,2020,010244820,2,9,0,18,19,7,3,0,0,1,9,0,0,99,1,9,6,6,1,-1,-1,-1,-1,-1,-1,-1,-1,0,-1
2020010274230,2020,010274230,2,1,0,18,19,7,3,0,0,1,0,0,0,0,1,1,6,6,1,44,7,-1,-1,-1,-1,5,E01033708,0,-1
2020370939058,2020,370939058,1,9,0,18,19,2,6,9,9,0,0,0,3,0,1,1,6,6,1,-1,-1,-1,-1,-1,-1,-1,-1,0,-1
2020122000593,2020,122000593,1,9,0,18,19,6,2,0,0,0,5,0,0,0,1,1,6,6,1,53,8,-1,-1,-1,-1,3,E01032541,0,-1
2020470985860,2020,470985860,3,9,0,4,4,6,2,0,0,0,0,0,0,0,3,1,5,6,1,26,6,-1,-1,-1,-1,6,E01031637,0,-1
2020010265607,2020,010265607,2,9,0,99,99,9,9,99,99,9,9,99,9,99,9,9,6,6,3,30,6,-1,-1,-1,-1,4,E01030615,0,-1
2020990980505,2020,990980505,2,1,0,5,5,2,6,6,6,0,0,0,0,0,1,1,6,6,1,62,9,-1,-1,-1,-1,-1,-1,0,-1
202060Y057584,2020,60Y057584,1,9,0,1,1,1,5,0,0,1,0,0,0,0,2,1,6,6,1,-1,-1,-1,-1,-1,-1,-1,-1,0,-1
2020332000916,2020,332000916,2,1,0,18,19,3,7,0,0,3,0,0,0,0,1,1,6,6,1,48,8,-1,-1,-1,-1,1,E01013691,0,-1
2020461012219,2020,461012219,1,21,1,18,19,5,1,0,0,0,0,0,0,0,3,1,1,1,1,-1,-1,-1,-1,-1,-1,-1,-1,0,-1
2020552001211,2020,552001211,2,1,0,18,19,8,4,0,0,8,0,0,0,0,3,1,2,2,2,33,6,-1,-1,-1,-1,3,E01033241,0,-1
202006L168289,2020,06L168289,1,9,0,5,5,5,1,0,0,1,0,0,0,0,1,1,2,2,1,56,9,-1,-1,-1,-1,-1,-1,0,-1
2020320686723,2020,320686723,2,9,0,16,19,5,1,0,0,0,0,0,1,4,1,1,6,6,1,28,6,-1,-1,-1,-1,3,E01026099,0,-1
202054A920820,2020,54A920820,3,9,0,4,4,1,5,0,0,1,0,0,0,0,2,1,6,6,1,39,7,-1,-1,-1,-1,6,E01032004,0,-1
2020220991723,2020,220991723,2,9,0,17,19,6,2,0,0,0,0,0,1,0,3,1,5,6,1,67,10,-1,-1,-1,-1,10,E01022856,0,-1
2020430366857,2020,430366857,2,98,0,13,13,8,4,0,0,8,0,0,0,0,4,1,6,6,1,-1,-1,-1,-1,-1,-1,-1,-1,0,-1
2020500922485,2020,500922485,1,19,0,18,19,3,7,0,0,1,0,0,0,0,1,1,6,6,1,-1,-1,-1,-1,-1,-1,-1,-1,0,-1
2020010274350,2020,010274350,2,1,0,5,5,5,1,0,0,3,2,0,0,0,1,1,6,6,1,26,6,-1,-1,-1,-1,3,E01003976,0,-1
2020430185547,2020,430185547,1,1,0,18,19,3,7,0,0,0,0,0,0,0,3,1,6,6,2,14,3,-1,-1,-1,-1,10,E01017630,0,-1
2020302001116,2020,302001116,2,9,0,18,19,7,3,0,0,4,0,0,0,0,1,1,6,6,3,-1,-1,-1,-1,-1,-1,5,E01019456,0,-1
2020522002607,2020,522002607,2,1,0,7,7,4,6,0,0,8,0,0,0,0,3,1,6,6,1,14,3,-1,-1,-1,-1,6,E01014591,0,-1
202006N275030,2020,06N275030,2,9,0,10,10,5,3,0,0,8,0,0,0,0,2,1,6,6,1,19,4,-1,-1,-1,-1,7,E01004974,0,-1
2020141006057,2020,141006057,2,98,0,18,19,2,6,0,0,1,0,0,0,0,1,1,1,1,1,57,9,-1,-1,-1,-1,3,E01010940,0,-1
2020470917065,2020,470917065,2,1,0,18,19,8,4,0,0,1,0,0,0,0,4,1,3,7,1,10,2,-1,-1,-1,-1,5,E01031442,0,-1
2020010239547,2020,010239547,1,9,0,99,99,9,9,99,99,9,9,99,9,99,9,9,6,6,3,-1,-1,-1,-1,-1,-1,-1,-1,0,-1
2020010260207,2020,010260207,1,1,0,18,19,7,3,0,0,0,0,0,0,0,1,1,6,6,1,16,4,-1,-1,-1,-1,6,E01002117,0,-1
2020450995230,2020,450995230,2,1,0,18,19,1,5,0,0,6,0,0,0,0,3,1,5,6,1,74,10,-1,-1,-1,-1,-1,-1,0,-1
2020010241433,2020,010241433,1,1,9,99,99,9,9,99,99,9,9,99,9,99,1,-1,2,2,1,38,7,-1,-1,-1,-1,7,E01003815,0,-1
2020010238539,2020,010238539,2,9,0,5,5,5,1,0,0,2,0,0,0,0,0,9,-1,-1,3,-1,-1,-1,-1,-1,-1,-1,-1,0,-1
2020540619820,2020,540619820,1,9,0,18,19,4,8,0,0,0,0,0,0,0,0,1,1,1,1,-1,-1,-1,-1,-1,-1,-1,-1,0,-1
202060Y119214,2020,60Y119214,1,9,0,18,19,3,7,0,0,0,0,0,0,0,2,1,6,6,1,48,8,-1,-1,-1,-1,-1,-1,0,-1
2020160970006,2020,160970006,1,1,0,18,19,3,7,0,0,0,0,0,0,0,3,1,6,6,1,27,6,-1,-1,-1,-1,1,E01013222,0,-1
2020221000395,2020,221000395,2,1,0,18,19,2,6,0,0,0,0,4,0,0,1,1,5,6,1,50,8,-1,-1,-1,-1,8,E01032208,0,-1
2020010266508,2020,010266508,3,19,0,99,99,9,9,99,99,9,9,99,9,99,9,9,6,6,3,-1,-1,-1,-1,-1,-1,-1,-1,0,-1
2020360977035,2020,360977035,1,9,0,9,9,-1,-1,0,0,2,0,0,0,0,3,1,5,6,1,49,8,-1,-1,-1,-1,5,E01026767,0,-1
2020500978496,2020,500978496,1,1,0,18,19,1,5,0,0,0,0,0,0,0,1,1,5,6,1,61,9,-1,-1,-1,-1,6,E01020159,0,-1
2020501001360,2020,501001360,2,1,0,18,19,7,3,0,0,0,1,0,0,0,1,1,6,6,1,24,5,-1,-1,-1,-1,5,E01018837,0,-1
2020501015341,2020,501015341,1,9,0,14,14,6,2,0,0,0,0,0,0,0,4,1,6,6,1,50,8,-1,-1,-1,-1,6,E01020231,0,-1
2020160924413,2020,160924413,1,9,0,18,19,8,4,0,0,2,0,0,0,0,1,1,6,6,3,22,5,-1,-1,-1,-1,-1,-1,0,-1
2020320304016,2020,320304016,1,1,0,16,19,1,3,0,0,0,0,0,0,0,1,1,6,6,1,49,8,-1,-1,-1,-1,5,E01026373,0,-1
2020430088104,2020,430088104,1,1,0,18,19,1,5,0,0,8,0,0,0,0,4,1,2,2,2,56,9,-1,-1,-1,-1,10,E01016687,0,-1
2020400965188,2020,400965188,1,9,0,18,19,5,1,0,0,0,0,0,0,0,1,1,5,6,1,47,8,-1,-1,-1,-1,1,E01017477,0,-1
2020460952793,2020,460952793,1,19,0,18,19,5,1,0,0,0,0,0,0,0,3,1,6,6,3,-1,-1,-1,-1,-1,-1,-1,-1,0,-1
2020010267865,2020,010267865,2,9,0,99,99,9,9,99,99,9,9,99,9,99,9,9,6,6,3,-1,-1,-1,-1,-1,-1,-1,-1,0,-1
2020451010852,2020,451010852,2,9,0,18,19,5,1,0,0,0,0,0,0,0,3,1,6,6,1,55,8,-1,-1,-1,-1,-1,-1,0,-1
2020440316191,2020,440316191,2,9,0,12,12,4,2,0,0,1,0,0,0,0,0,1,6,6,3,-1,-1,-1,-1,-1,-1,-1,-1,0,-1
2020040992218,2020,040992218,3,9,0,2,2,0,0,0,0,0,0,0,0,0,4,1,6,6,3,-1,-1,-1,-1,-1,-1,-1,-1,0,-1
2020200947744,2020,200947744,2,1,0,18,19,6,2,0,0,8,0,0,0,0,3,1,1,1,1,36,7,-1,-1,-1,-1,2,E01010411,0,-1
2020991006547,2020,991006547,1,9,0,16,19,5,1,0,0,0,2,0,1,0,1,1,1,1,1,72,10,-1,-1,-1,-1,-1,-1,0,-1
20201373F1561,2020,1373F1561,1,9,0,16,19,3,7,0,0,0,0,10,1,2,1,1,6,6,1,24,5,-1,-1,-1,-1,2,E01011128,0,-1
2020010271004,2020,010271004,1,-1,0,99,99,9,9,9,9,0,0,0,9,0,1,9,6,6,3,-1,-1,-1,-1,-1,-1,-1,-1,1,-1
202006A272209,2020,06A272209,1,1,0,18,19,4,8,0,0,1,0,0,0,0,3,1,6,6,1,32,6,-1,-1,-1,-1,2,E01032906,0,-1
2020010237778,2020,010237778,1,19,0,99,99,9,9,99,99,0,9,99,9,99,9,9,6,6,3,-1,-1,-1,-1,-1,-1,-1,-1,0,-1
2020500962515,2020,500962515,1,1,0,18,19,7,3,0,0,0,0,4,0,0,1,1,6,6,1,61,9,-1,-1,-1,-1,7,E01020106,0,-1
2020230919928,2020,230919928,1,9,0,9,9,7,5,0,0,5,0,0,0,0,4,1,3,7,1,33,6,-1,-1,-1,-1,8,E01031281,0,-1
2020340C02952,2020,340C02952,2,1,0,18,19,1,5,0,0,0,0,0,0,0,3,1,6,6,1,61,9,-1,-1,-1,-1,7,E01026978,0,-1
2020440020017,2020,440020017,2,9,0,4,4,2,6,0,0,0,1,0,0,0,1,1,2,2,1,24,5,-1,-1,-1,-1,10,E01030935,0,-1
2020030977723,2020,030977723,2,1,0,16,19,4,7,0,0,0,0,0,0,0,4,1,5,6,1,24,5,-1,-1,-1,-1,1,E01019193,0,-1
2020010265336,2020,010265336,1,9,0,2,2,0,0,0,0,1,0,0,0,0,3,1,6,6,3,-1,-1,-1,-1,-1,-1,-1,-1,0,-1
2020137BA1100,2020,137BA1100,3,9,0,2,2,0,0,0,0,0,0,0,0,0,4,1,6,6,2,43,7,-1,-1,-1,-1,-1,-1,0,-1
2020010228164,2020,010228164,2,9,9,99,99,9,9,99,99,9,9,99,9,99,9,9,6,6,3,-1,-1,-1,-1,-1,-1,-1,-1,0,-1
2020470968886,2020,470968886,2,1,0,18,19,6,2,0,0,1,0,0,0,0,1,1,2,2,1,48,8,-1,-1,-1,-1,5,E01016876,0,-1
2020100937101,2020,100937101,1,9,0,18,19,1,5,0,0,0,0,0,0,0,4,1,6,6,3,-1,-1,-1,-1,-1,-1,-1,-1,0,-1
2020160926683,2020,160926683,1,9,0,18,19,4,8,0,0,2,0,7,0,0,1,1,6,6,2,-1,-1,-1,-1,-1,-1,-1,-1,0,-1
2020010257985,2020,010257985,1,1,9,18,19,5,1,4,4,0,5,0,0,99,1,1,6,6,1,23,5,-1,-1,-1,-1,8,E01003744,0,-1
2020137811259,2020,137811259,2,1,0,18,19,1,5,0,0,1,0,0,0,0,1,1,6,6,1,52,8,-1,-1,-1,-1,3,E01011779,0,-1
2020010278395,2020,010278395,2,1,0,18,19,1,5,0,0,1,0,0,0,0,1,1,2,2,1,50,8,-1,-1,-1,-1,3,E01002753,0,-1
2020460955882,2020,460955882,1,9,0,5,5,5,1,0,0,0,0,0,0,0,1,1,6,6,1,-1,-1,-1,-1,-1,-1,-1,-1,0,-1
2020070769727,2020,070769727,2,9,0,2,2,1,6,0,0,0,0,4,0,10,2,1,6,6,1,56,9,-1,-1,-1,-1,9,E01018368,0,-1
2020010248094,2020,010248094,1,1,0,18,19,3,7,5,5,2,0,0,0,0,1,1,2,2,1,25,5,-1,-1,-1,-1,2,E01004398,0,-1
2020450935184,2020,450935184,1,9,0,18,19,1,5,0,0,1,0,0,0,0,1,1,6,6,3,54,8,-1,-1,-1,-1,-1,-1,0,-1
2020010260566,2020,010260566,1,19,0,13,13,5,1,0,0,1,0,0,7,10,3,1,2,2,1,52,8,-1,-1,-1,-1,9,E01000761,0,-1
2020010284573,2020,010284573,2,21,0,1,1,3,7,0,0,0,0,0,0,0,2,9,6,6,3,-1,-1,-1,-1,-1,-1,-1,-1,0,-1
2020010240992,2020,010240992,2,1,0,7,7,3,5,0,0,1,0,0,0,0,3,1,2,2,1,48,8,-1,-1,-1,-1,4,E01003076,0,-1
2020460922135,2020,460922135,1,9,0,1,1,1,1,0,0,7,0,0,0,0,2,1,6,6,3,-1,-1,-1,-1,-1,-1,-1,-1,0,-1
2020470980327,2020,470980327,2,1,0,9,9,5,1,0,0,8,0,0,0,0,2,1,5,6,1,28,6,-1,-1,-1,-1,9,E01021095,0,-1
202006P269982,2020,06P269982,2,9,0,6,6,2,2,0,0,6,0,0,0,0,1,1,6,6,2,47,8,-1,-1,-1,-1,-1,-1,0,-1
2020010271377,2020,010271377,2,1,0,18,19,5,1,0,0,8,0,0,0,0,3,1,6,6,1,54,8,-1,-1,-1,-1,1,E01000721,0,-1
2020160971132,2020,160971132,2,1,0,9,9,4,2,0,0,0,0,0,0,0,4,1,6,6,1,19,4,-1,-1,-1,-1,1,E01012878,0,-1
2020332000287,2020,332000287,2,9,0,2,2,0,0,0,0,0,0,0,0,0,2,1,6,6,2,59,9,-1,-1,-1,-1,1,E01013728,0,-1
202031D010120,2020,31D010120,2,22,0,18,19,4,8,0,0,6,0,0,0,0,1,1,6,6,2,77,11,-1,-1,-1,-1,9,E01028099,0,-1
202006P372545,2020,06P372545,2,5,0,18,19,8,4,0,0,0,0,0,0,0,3,1,6,6,1,30,6,-1,-1,-1,-1,-1,-1,0,-1
2020990960733,2020,990960733,1,1,0,18,19,2,6,0,0,0,0,0,0,0,3,1,5,6,1,23,5,-1,-1,-1,-1,3,-1,0,-1
2020140974317,2020,140974317,2,9,-1,18,19,8,4,0,0,0,0,0,0,0,0,1,6,6,3,-1,-1,-1,-1,-1,-1,-1,-1,0,-1
2020010265027,2020,010265027,2,1,0,18,19,2,6,4,4,1,0,0,0,0,3,1,6,6,1,29,6,-1,-1,-1,-1,6,E01003100,0,-1
20201378O0985,2020,1378O0985,1,19,0,9,9,2,8,0,0,8,0,0,0,0,0,1,6,6,1,58,9,-1,-1,-1,-1,5,E01011787,0,-1
202006M177300,2020,06M177300,2,1,0,18,19,4,8,0,0,8,0,0,0,0,2,1,6,6,1,61,9,-1,-1,-1,-1,6,E01006143,0,-1
2020420954700,2020,420954700,2,1,0,7,7,1,3,0,0,5,0,0,0,0,3,1,6,6,1,55,8,-1,-1,-1,-1,7,E01023484,0,-1
2020421006084,2020,421006084,1,9,-1,18,19,7,3,0,0,0,0,0,0,0,1,1,6,6,1,-1,-1,-1,-1,-1,-1,-1,-1,0,-1
2020440011832,2020,440011832,1,9,0,18,19,3,7,0,0,0,0,0,7,9,1,1,6,6,2,58,9,-1,-1,-1,-1,6,E01023017,0,-1
2020522101268,2020,522101268,1,9,0,18,19,1,5,0,0,8,0,0,0,0,3,1,6,6,2,27,6,-1,-1,-1,-1,1,E01014703,0,-1
2020440025533,2020,440025533,2,1,0,18,19,8,4,0,0,2,0,0,0,0,1,1,2,2,1,60,9,-1,-1,-1,-1,2,E01017265,0,-1
2020302000559,2020,302000559,2,1,0,18,19,6,2,0,0,0,0,4,1,0,1,1,6,6,1,20,4,-1,-1,-1,-1,9,E01019412,0,-1
2020140983742,2020,140983742,1,1,0,18,19,5,1,0,0,1,0,0,0,0,2,1,1,1,1,48,8,-1,-1,-1,-1,9,E01019615,0,-1
2020100982366,2020,100982366,2,1,0,8,8,7,3,0,0,4,5,0,0,0,1,1,6,6,1,30,6,-1,-1,-1,-1,-1,-1,0,-1
2020410938901,2020,410938901,2,1,0,18,19,1,5,0,0,1,5,0,0,0,1,1,2,2,1,37,7,-1,-1,-1,-1,3,E01000922,0,-1
2020400921602,2020,400921602,1,1,0,4,4,5,1,0,0,4,0,0,0,0,2,1,6,6,1,20,4,-1,-1,-1,-1,3,E01015757,0,-1
2020430333094,2020,430333094,2,1,0,18,19,5,1,0,0,8,0,0,0,0,4,1,2,2,2,30,6,-1,-1,-1,-1,-1,-1,0,-1
2020451006359,2020,451006359,1,1,0,18,19,3,7,9,9,2,1,0,0,0,4,1,2,2,1,33,6,-1,-1,-1,-1,5,E01030971,0,-1
2020040983547,2020,040983547,3,9,0,18,19,5,1,0,0,0,0,0,0,0,0,1,5,6,1,52,8,-1,-1,-1,-1,6,E01025514,0,-1
2020440250042,2020,440250042,2,9,0,3,3,2,6,0,0,1,0,0,0,0,2,1,6,6,2,46,8,-1,-1,-1,-1,3,E01023256,0,-1
202031A140420,2020,31A140420,1,1,0,18,19,4,8,9,9,0,0,0,0,0,1,1,6,6,1,-1,-1,-1,-1,-1,-1,-1,-1,0,-1
2020161007757,2020,161007757,2,1,0,12,12,5,1,0,0,1,0,0,0,0,2,1,5,6,1,43,7,-1,-1,-1,-1,1,E01012854,0,-1
2020201003413,2020,201003413,1,9,0,18,19,6,2,0,0,1,0,0,0,0,1,1,6,6,3,-1,-1,-1,-1,-1,-1,-1,-1,0,-1
2020052001712,2020,052001712,2,10,0,4,4,3,7,0,0,0,0,0,0,0,3,1,1,1,1,38,7,-1,-1,-1,-1,-1,-1,0,-1
2020010265247,2020,010265247,1,21,4,2,2,0,0,0,0,0,1,0,0,0,0,1,6,6,3,-1,-1,-1,-1,-1,-1,-1,-1,0,-1
2020122000831,2020,122000831,2,1,0,14,14,5,1,0,0,0,0,0,0,0,1,1,6,6,2,42,7,-1,-1,-1,-1,6,E01013418,0,-1
2020360917810,2020,360917810,1,19,0,2,2,0,0,9,9,0,0,0,1,10,1,1,1,1,1,38,7,-1,-1,-1,-1,7,E01026835,0,-1
2020052001741,2020,052001741,2,9,0,18,19,7,3,0,0,8,0,0,0,0,1,1,6,6,1,33,6,-1,-1,-1,-1,10,E01012558,0,-1