collision_index,collision_year,collision_ref_no,vehicle_reference,vehicle_type,towing_and_articulation,vehicle_manoeuvre_historic,vehicle_manoeuvre,vehicle_direction_from,vehicle_direction_to,vehicle_location_restricted_lane_historic,vehicle_location_restricted_lane,junction_location,skidding_and_overturning,hit_object_in_carriageway,vehicle_leaving_carriageway,hit_object_off_carriageway,first_point_of_impact,vehicle_left_hand_drive,journey_purpose_of_driver_historic,journey_purpose_of_driver,sex_of_driver,age_of_driver,age_band_of_driver,engine_capacity_cc,propulsion_code,age_of_vehicle,generic_make_model,driver_imd_decile,lsoa_of_driver,escooter_flag,driver_distance_banding
2020440170589,2020,440170589,1,1,0,18,19,7,3,0,0,0,0,0,0,0,4,1,6,6,1,23,5,-1,-1,-1,-1,8,E01022591,0,-1
2020990915045,2020,990915045,2,9,0,9,9,2,7,0,0,8,0,0,0,0,3,1,1,1,1,49,8,-1,-1,-1,-1,3,-1,0,-1
2020010228738,2020,010228738,1,19,0,11,11,7,3,0,0,0,0,0,0,0,0,1,6,6,3,-1,-1,-1,-1,-1,-1,-1,-1,0,-1
2020450970753,2020,450970753,1,1,0,18,19,7,3,0,0,0,0,0,1,10,4,1,5,6,1,25,5,-1,-1,-1,-1,5,E01030743,0,-1
20201375R2176,2020,1375R2176,2,9,0,2,2,0,0,0,0,0,0,0,0,0,2,1,6,6,3,-1,-1,-1,-1,-1,-1,-1,-1,0,-1
2020430382992,2020,430382992,3,1,0,18,19,2,6,4,4,0,0,0,0,0,3,1,4,7,1,13,3,-1,-1,-1,-1,3,E01016459,0,-1
2020160949104,2020,160949104,1,22,0,18,19,3,7,0,0,8,0,0,0,0,0,1,6,6,1,71,10,-1,-1,-1,-1,1,E01012855,0,-1
2020400968080,2020,400968080,1,1,0,18,19,7,3,0,0,0,0,0,0,0,1,1,5,6,1,62,9,-1,-1,-1,-1,7,E01017593,0,-1
2020450964262,2020,450964262,1,9,0,18,19,3,7,0,0,0,0,0,0,0,1,1,5,6,2,28,6,-1,-1,-1,-1,1,E01024389,0,-1
2020332000313,2020,332000313,2,9,0,18,19,3,7,0,0,8,0,10,7,0,1,1,6,6,1,34,6,-1,-1,-1,-1,1,E01013653,0,-1
2020140929482,2020,140929482,3,9,0,9,9,4,2,0,0,1,0,0,0,0,1,1,6,6,3,-1,-1,-1,-1,-1,-1,-1,-1,0,-1
2020360944196,2020,360944196,2,1,0,18,19,3,7,0,0,0,0,0,0,0,1,1,6,6,1,23,5,-1,-1,-1,-1,4,E01026804,0,-1
2020010254846,2020,010254846,1,1,9,99,99,9,9,99,99,9,9,99,9,99,1,1,6,6,1,58,9,-1,-1,-1,-1,3,E01003630,0,-1
2020522003950,2020,522003950,2,1,0,17,19,6,4,0,0,8,0,0,0,0,1,1,6,6,1,65,9,-1,-1,-1,-1,10,E01014776,0,-1
2020411005853,2020,411005853,2,1,0,18,19,3,7,0,0,8,0,0,0,0,4,1,6,6,1,40,7,-1,-1,-1,-1,10,E01023410,0,-1
2020010228806,2020,010228806,2,1,0,18,19,7,3,0,0,1,0,0,0,0,1,1,6,6,2,31,6,-1,-1,-1,-1,9,E01004598,0,-1
2020522002045,2020,522002045,1,9,0,5,5,5,1,0,0,1,0,0,0,0,1,1,6,6,1,28,6,-1,-1,-1,-1,3,E01014681,0,-1
2020360982295,2020,360982295,2,19,0,18,19,7,3,0,0,0,0,0,0,0,1,1,1,1,1,51,8,-1,-1,-1,-1,3,E01026817,0,-1
2020010282275,2020,010282275,1,9,0,18,19,5,1,0,0,1,0,0,0,0,1,1,2,2,2,39,7,-1,-1,-1,-1,5,E01003435,0,-1
2020440287465,2020,440287465,2,1,0,9,9,1,7,0,0,7,0,0,0,0,1,1,6,6,1,64,9,-1,-1,-1,-1,4,E01022834,0,-1
2020320067562,2020,320067562,2,1,0,18,19,2,6,9,9,0,1,0,0,0,1,1,6,6,1,14,3,-1,-1,-1,-1,-1,-1,0,-1
2020470956526,2020,470956526,1,1,0,18,19,1,5,0,0,8,0,0,0,0,4,1,1,1,2,61,9,-1,-1,-1,-1,10,E01030614,0,-1
2020200933035,2020,200933035,2,9,0,18,19,7,3,0,0,3,0,0,0,0,0,1,1,1,2,-1,-1,-1,-1,-1,-1,-1,-1,0,-1
20201371F0878,2020,1371F0878,2,1,0,18,19,3,7,0,0,0,0,0,0,0,1,1,6,6,1,60,9,-1,-1,-1,-1,5,E01010851,0,-1
2020501015369,2020,501015369,2,1,0,18,19,8,4,0,0,8,5,0,0,0,4,1,5,6,1,41,7,-1,-1,-1,-1,9,E01033233,0,-1
202006G170941,2020,06G170941,3,9,0,4,4,2,6,0,0,1,0,0,0,0,2,1,1,1,1,33,6,-1,-1,-1,-1,1,E01019729,0,-1
2020010258447,2020,010258447,1,1,9,18,19,1,5,0,0,1,5,0,0,99,1,1,6,6,1,44,7,-1,-1,-1,-1,3,E01000948,0,-1
2020430068312,2020,430068312,2,1,0,18,19,6,2,0,0,8,0,0,0,0,3,1,2,2,2,-1,-1,-1,-1,-1,-1,8,E01028531,0,-1
2020137AB0426,2020,137AB0426,1,9,0,18,19,7,3,0,0,0,0,0,0,0,4,1,6,6,3,-1,-1,-1,-1,-1,-1,-1,-1,0,-1
202060Y032947,2020,60Y032947,2,9,0,18,19,6,2,0,0,0,0,0,0,0,1,1,6,6,1,56,9,-1,-1,-1,-1,-1,-1,0,-1
2020030964733,2020,030964733,1,9,0,18,19,3,7,0,0,0,0,0,0,0,1,1,6,6,1,35,6,-1,-1,-1,-1,4,E01019120,0,-1
2020430033412,2020,430033412,1,9,0,18,19,3,7,0,0,0,0,0,0,0,1,1,6,6,1,27,6,-1,-1,-1,-1,6,E01033453,0,-1
202060Y187607,2020,60Y187607,1,9,0,16,19,2,5,0,0,0,0,0,0,0,1,1,6,6,1,34,6,-1,-1,-1,-1,-1,-1,0,-1
2020440016900,2020,440016900,1,1,0,18,19,5,1,0,0,1,0,0,0,0,1,1,2,2,1,45,7,-1,-1,-1,-1,10,E01022714,0,-1
2020430074310,2020,430074310,1,9,0,9,9,7,5,0,0,6,0,0,0,0,1,1,3,7,2,-1,-1,-1,-1,-1,-1,2,E01028520,0,-1
2020140935177,2020,140935177,2,90,0,18,19,3,7,9,9,0,5,0,0,0,1,1,5,6,1,12,3,-1,-1,-1,-1,1,E01007629,0,-1
2020010229606,2020,010229606,1,17,0,5,5,5,1,0,0,8,0,0,0,0,1,1,1,1,1,54,8,-1,-1,-1,-1,3,E01002528,0,-1
2020010279582,2020,010279582,1,1,9,99,99,9,9,99,99,9,9,99,9,99,1,1,6,6,1,45,7,-1,-1,-1,-1,5,E01000140,0,-1
2020220922667,2020,220922667,2,1,0,18,19,2,6,0,0,8,0,0,0,0,3,1,5,6,2,38,7,-1,-1,-1,-1,9,E01032248,0,-1
2020010248963,2020,010248963,1,9,0,18,19,4,8,0,0,8,0,0,0,0,1,1,6,6,3,-1,-1,-1,-1,-1,-1,-1,-1,0,-1
2020360983262,2020,360983262,2,1,0,18,19,5,1,0,0,2,0,0,0,0,1,1,5,6,1,55,8,-1,-1,-1,-1,5,E01026715,0,-1
2020010232485,2020,010232485,1,1,9,99,99,9,9,99,99,9,9,99,9,99,9,-1,2,2,2,46,8,-1,-1,-1,-1,5,E01004517,0,-1
2020440441075,2020,440441075,1,9,0,18,19,5,1,0,0,0,0,0,7,4,1,1,6,6,1,29,6,-1,-1,-1,-1,10,E01023273,0,-1
2020470970830,2020,470970830,2,1,0,18,19,2,6,0,0,1,0,0,0,0,1,1,6,6,1,63,9,-1,-1,-1,-1,3,E01031459,0,-1
202060Y067659,2020,60Y067659,2,1,0,18,19,4,8,0,0,8,0,0,0,0,2,1,6,6,1,54,8,-1,-1,-1,-1,-1,-1,0,-1
202060Y117692,2020,60Y117692,1,3,0,18,19,2,5,0,0,0,0,0,7,11,3,1,6,6,1,26,6,-1,-1,-1,-1,-1,-1,0,-1
2020010263907,2020,010263907,1,1,9,99,99,9,9,99,99,9,9,99,9,99,9,1,6,6,1,30,6,-1,-1,-1,-1,3,E01004656,0,-1
2020430223882,2020,430223882,1,9,0,9,9,6,4,0,0,2,0,0,0,0,4,1,6,6,2,62,9,-1,-1,-1,-1,-1,-1,0,-1
2020350984343,2020,350984343,2,9,0,4,4,2,6,0,0,0,0,0,0,0,0,1,6,6,3,-1,-1,-1,-1,-1,-1,-1,-1,0,-1
2020542715220,2020,542715220,1,9,0,18,19,2,6,0,0,4,0,0,0,0,1,1,6,6,3,30,6,-1,-1,-1,-1,-1,-1,0,-1
2020302001333,2020,302001333,2,8,0,2,2,0,0,0,0,0,0,0,0,0,2,1,6,6,1,-1,-1,-1,-1,-1,-1,1,E01013487,0,-1
2020010253395,2020,010253395,2,1,0,9,9,6,5,0,0,1,0,0,0,0,1,1,6,6,2,37,7,-1,-1,-1,-1,5,E01003131,0,-1
2020052001725,2020,052001725,2,1,0,18,19,1,5,0,0,8,0,0,0,0,1,1,6,6,1,31,6,-1,-1,-1,-1,2,E01006464,0,-1
2020990984503,2020,990984503,1,9,0,18,19,6,3,0,0,1,0,0,0,0,0,1,6,6,1,25,5,-1,-1,-1,-1,-1,-1,0,-1
2020400956693,2020,400956693,2,22,0,18,19,5,1,0,0,6,0,0,0,0,1,1,5,6,1,65,9,-1,-1,-1,-1,4,E01017487,0,-1
2020430100769,2020,430100769,1,9,0,18,19,8,4,0,0,1,0,0,0,0,3,1,6,6,1,-1,-1,-1,-1,-1,-1,-1,-1,0,-1
2020430266725,2020,430266725,1,9,0,9,9,6,5,0,0,6,0,0,0,0,3,1,6,6,2,58,9,-1,-1,-1,-1,10,E01016184,0,-1
2020622000933,2020,622000933,2,1,0,18,19,2,6,0,0,1,0,0,0,0,4,1,6,6,1,49,8,-1,-1,-1,-1,5,W01000765,0,-1
2020137CH0841,2020,137CH0841,1,9,0,18,19,3,7,0,0,0,0,0,0,0,2,1,1,1,1,23,5,-1,-1,-1,-1,1,E01011746,0,-1
2020470939727,2020,470939727,2,22,0,5,5,3,7,0,0,1,0,0,0,0,3,1,6,6,1,71,10,-1,-1,-1,-1,3,E01031609,0,-1
2020010244862,2020,010244862,3,1,0,18,19,5,1,0,0,1,0,0,0,0,0,-1,6,6,2,33,6,-1,-1,-1,-1,2,E01002767,0,-1
2020350923112,2020,350923112,1,9,0,4,4,2,6,0,0,1,0,0,0,0,1,1,6,6,1,33,6,-1,-1,-1,-1,7,E01018002,0,-1
20201377C0630,2020,1377C0630,1,9,0,4,4,8,4,0,0,1,5,0,0,0,4,1,6,6,1,47,8,-1,-1,-1,-1,7,E01011042,0,-1
2020010282301,2020,010282301,2,-1,0,18,19,3,7,4,4,1,2,0,0,0,3,1,6,6,2,29,6,-1,-1,-1,-1,4,E01001241,1,-1
2020010278099,2020,010278099,1,9,0,10,10,1,7,0,0,0,0,0,0,0,4,1,6,6,2,35,6,-1,-1,-1,-1,-1,-1,0,-1
2020430154519,2020,430154519,1,9,0,18,19,3,7,0,0,1,0,0,0,0,1,1,6,6,2,20,4,-1,-1,-1,-1,-1,-1,0,-1
2020470938369,2020,470938369,2,1,-1,18,19,2,6,0,0,1,0,0,0,0,-1,1,6,6,1,-1,-1,-1,-1,-1,-1,9,E01031615,0,-1
2020460928749,2020,460928749,1,9,0,10,10,5,2,0,0,0,0,0,0,0,3,1,1,1,1,45,7,-1,-1,-1,-1,2,E01016140,0,-1
2020332000956,2020,332000956,1,9,0,17,19,7,4,0,0,0,2,0,7,0,1,1,1,1,2,28,6,-1,-1,-1,-1,8,E01032599,0,-1
2020552001065,2020,552001065,1,9,0,17,19,8,4,0,0,0,0,0,2,4,1,1,6,6,1,19,4,-1,-1,-1,-1,9,E01015412,0,-1
2020010228018,2020,010228018,1,9,0,18,19,1,5,0,0,2,0,4,0,0,1,1,6,6,1,62,9,-1,-1,-1,-1,6,E01001984,0,-1
2020140947191,2020,140947191,1,90,0,18,19,3,7,0,0,2,0,0,0,0,4,1,1,1,1,41,7,-1,-1,-1,-1,6,E01025122,0,-1
2020010245964,2020,010245964,2,1,0,18,19,3,7,0,0,6,0,0,0,0,3,1,6,6,2,38,7,-1,-1,-1,-1,8,E01003001,0,-1
2020430443889,2020,430443889,1,3,0,7,7,2,3,0,0,4,0,0,0,0,4,1,1,1,1,34,6,-1,-1,-1,-1,2,E01017665,0,-1
2020450955558,2020,450955558,2,9,0,9,9,1,5,0,0,8,0,0,0,0,0,1,6,6,3,45,7,-1,-1,-1,-1,-1,-1,0,-1
2020400951204,2020,400951204,1,9,0,5,5,1,5,0,0,4,0,0,0,0,1,1,6,6,1,54,8,-1,-1,-1,-1,8,E01017504,0,-1
2020010231659,2020,010231659,2,9,0,18,19,7,3,0,0,4,0,0,0,0,1,1,6,6,1,35,6,-1,-1,-1,-1,5,E01002395,0,-1
2020440258434,2020,440258434,1,19,0,18,19,8,4,0,0,1,0,0,0,0,1,1,2,2,1,65,9,-1,-1,-1,-1,9,E01016330,0,-1
2020460978023,2020,460978023,1,1,0,18,19,2,6,0,0,0,1,0,0,0,0,1,5,6,1,41,7,-1,-1,-1,-1,2,E01024081,0,-1
2020200918004,2020,200918004,1,9,0,16,19,6,8,0,0,8,0,0,0,0,3,1,6,6,3,-1,-1,-1,-1,-1,-1,-1,-1,0,-1
2020010243429,2020,010243429,2,21,0,18,19,5,1,0,0,0,0,0,0,0,4,1,1,1,1,47,8,-1,-1,-1,-1,1,E01024597,0,-1
2020450968244,2020,450968244,1,1,0,18,19,3,7,4,4,8,0,0,0,0,1,1,5,6,1,28,6,-1,-1,-1,-1,6,E01002955,0,-1
2020460958130,2020,460958130,1,1,0,18,19,8,4,0,0,0,0,0,0,0,1,1,5,6,1,44,7,-1,-1,-1,-1,8,E01000673,0,-1
202060Y013231,2020,60Y013231,1,9,0,18,19,8,4,0,0,2,0,0,0,0,1,1,6,6,1,-1,-1,-1,-1,-1,-1,-1,-1,0,-1
2020440347020,2020,440347020,1,1,0,16,19,6,2,4,4,0,0,0,0,0,0,1,6,6,2,71,10,-1,-1,-1,-1,9,E01014796,0,-1
2020110984975,2020,110984975,1,1,0,18,19,8,2,0,0,1,0,0,0,0,3,1,5,6,2,6,2,-1,-1,-1,-1,3,E01020652,0,-1
2020110989340,2020,110989340,2,97,0,18,19,7,3,9,9,0,0,0,0,0,0,1,6,6,3,18,4,-1,-1,-1,-1,-1,-1,0,-1
2020320583746,2020,320583746,2,1,0,18,19,3,7,0,0,3,5,0,0,0,4,1,6,6,1,17,4,-1,-1,-1,-1,4,E01026019,0,-1
2020471002874,2020,471002874,3,9,0,2,2,0,0,0,0,0,0,0,0,0,2,1,6,6,3,-1,-1,-1,-1,-1,-1,-1,-1,0,-1
2020460927732,2020,460927732,1,9,0,18,19,5,1,0,0,0,0,0,0,0,4,1,1,1,1,-1,-1,-1,-1,-1,-1,7,E01024355,0,-1
2020410952814,2020,410952814,1,1,0,5,5,4,3,0,0,0,0,0,0,0,1,1,5,6,1,52,8,-1,-1,-1,-1,10,E01023691,0,-1
2020040960226,2020,040960226,1,1,0,18,19,1,3,0,0,1,0,0,0,0,0,1,5,6,1,53,8,-1,-1,-1,-1,10,E01025019,0,-1
202031B053320,2020,31B053320,1,9,0,7,7,3,5,0,0,6,0,0,0,0,1,1,1,1,1,89,11,-1,-1,-1,-1,4,E01028041,0,-1
2020010271464,2020,010271464,2,-1,0,18,19,5,1,0,0,1,0,0,0,0,4,1,6,6,2,34,6,-1,-1,-1,-1,3,E01001938,1,-1
2020160918474,2020,160918474,1,9,0,18,19,1,5,0,0,1,0,0,0,0,1,1,6,6,1,-1,-1,-1,-1,-1,-1,10,E01012968,0,-1
2020100977597,2020,100977597,2,9,0,18,19,7,3,0,0,0,5,0,0,0,3,1,5,6,1,16,4,-1,-1,-1,-1,5,E01008224,0,-1
2020332001004,2020,332001004,1,9,0,2,2,0,0,0,0,0,0,0,0,0,1,1,6,6,1,53,8,-1,-1,-1,-1,1,E01013725,0,-1
2020220957986,2020,220957986,2,9,0,17,19,6,4,0,0,1,0,0,0,0,1,1,5,6,1,70,10,-1,-1,-1,-1,10,E01009815,0,-1
2020140938107,2020,140938107,1,9,0,18,19,5,1,0,0,1,0,0,0,0,1,1,6,6,2,-1,-1,-1,-1,-1,-1,-1,-1,0,-1
2020040991365,2020,040991365,2,1,0,18,19,2,4,0,0,1,0,0,0,0,4,1,6,6,1,28,6,-1,-1,-1,-1,1,E01025295,0,-1
202060Y109164,2020,60Y109164,2,9,0,9,9,4,7,0,0,1,0,0,0,0,1,1,6,6,1,24,5,-1,-1,-1,-1,-1,-1,0,-1
2020100958250,2020,100958250,2,1,0,18,19,1,5,0,0,8,0,0,0,0,1,1,5,6,1,53,8,-1,-1,-1,-1,2,E01008599,0,-1
2020420974308,2020,420974308,2,9,0,2,2,0,0,0,0,0,0,0,0,0,2,1,6,6,3,-1,-1,-1,-1,-1,-1,-1,-1,0,-1
2020470969907,2020,470969907,2,1,0,18,19,8,4,0,0,8,0,0,1,0,1,1,5,6,1,62,9,-1,-1,-1,-1,8,E01032831,0,-1
2020010258528,2020,010258528,1,1,9,99,99,9,9,99,99,0,9,99,9,99,9,1,2,2,2,26,6,-1,-1,-1,-1,1,E01003963,0,-1
2020440137125,2020,440137125,1,1,0,18,19,7,3,0,0,0,0,0,0,0,1,1,6,6,1,65,9,-1,-1,-1,-1,6,E01022960,0,-1
2020430303627,2020,430303627,2,1,0,18,19,1,5,0,0,8,0,0,0,0,1,1,6,6,1,50,8,-1,-1,-1,-1,8,E01028531,0,-1
20201375K1564,2020,1375K1564,3,9,0,3,3,4,8,0,0,1,0,0,0,0,2,1,6,6,1,60,9,-1,-1,-1,-1,5,E01011275,0,-1
2020440283051,2020,440283051,2,9,0,3,3,8,4,0,0,0,0,0,0,0,3,1,6,6,2,52,8,-1,-1,-1,-1,4,E01022988,0,-1
2020052001109,2020,052001109,1,9,0,18,19,1,5,0,0,8,0,0,0,0,1,1,6,6,3,-1,-1,-1,-1,-1,-1,-1,-1,0,-1
2020010228969,2020,010228969,1,9,0,5,5,0,7,0,0,0,0,10,0,0,4,1,6,6,1,45,7,-1,-1,-1,-1,8,E01033724,0,-1
2020110916064,2020,110916064,1,90,0,16,19,7,3,0,0,0,2,0,1,0,0,1,6,6,1,39,7,-1,-1,-1,-1,4,E01020871,0,-1
2020010247847,2020,010247847,1,1,9,99,99,9,9,99,99,0,9,99,9,99,9,1,6,6,1,27,6,-1,-1,-1,-1,4,E01004611,0,-1
2020990978373,2020,990978373,1,1,0,18,19,1,6,0,0,6,0,0,0,0,4,1,5,6,1,62,9,-1,-1,-1,-1,3,-1,0,-1
2020010232386,2020,010232386,1,1,9,99,99,9,9,99,99,9,9,99,9,99,1,1,2,2,1,24,5,-1,-1,-1,-1,6,E01032767,0,-1
2020201018378,2020,201018378,2,9,0,4,4,4,8,0,0,1,0,0,0,0,1,1,6,6,1,-1,-1,-1,-1,-1,-1,-1,-1,0,-1
2020460949631,2020,460949631,2,1,0,18,19,1,5,0,0,1,0,0,0,0,3,1,6,6,1,33,6,-1,-1,-1,-1,2,E01024315,0,-1
2020010273796,2020,010273796,2,1,9,99,99,9,9,99,99,9,9,99,9,99,3,1,6,6,1,-1,-1,-1,-1,-1,-1,-1,-1,0,-1
2020100919346,2020,100919346,1,9,0,5,5,3,7,0,0,8,0,0,0,0,3,1,6,6,1,17,4,-1,-1,-1,-1,4,E01027442,0,-1
2020302000642,2020,302000642,1,9,0,13,13,6,2,0,0,0,0,0,0,0,4,1,6,6,3,-1,-1,-1,-1,-1,-1,5,E01019456,0,-1
2020500989047,2020,500989047,2,1,0,18,19,1,5,0,0,1,0,0,0,0,1,1,5,6,1,54,8,-1,-1,-1,-1,-1,-1,0,-1
202006N273428,2020,06N273428,2,9,0,18,19,3,1,0,0,4,0,0,0,0,1,1,6,6,1,30,6,-1,-1,-1,-1,-1,-1,0,-1
2020010285037,2020,010285037,1,1,9,99,99,9,9,99,99,9,9,99,9,99,9,1,2,2,1,28,6,-1,-1,-1,-1,1,E01002758,0,-1
2020122000480,2020,122000480,1,1,0,16,19,5,1,0,0,1,0,0,1,9,1,1,6,6,1,47,8,-1,-1,-1,-1,6,E01027842,0,-1
2020451010641,2020,451010641,1,1,0,18,19,1,5,0,0,0,0,0,0,0,0,1,2,2,1,55,8,-1,-1,-1,-1,5,E01030750,0,-1
2020010273986,2020,010273986,2,9,9,99,99,9,9,99,99,0,9,99,9,99,9,9,6,6,3,42,7,-1,-1,-1,-1,3,E01003172,0,-1
2020520004283,2020,520004283,2,1,5,18,19,4,8,0,0,1,0,0,0,0,1,1,6,6,1,44,7,-1,-1,-1,-1,7,E01029256,0,-1
2020040978205,2020,040978205,1,1,0,18,19,7,3,0,0,2,0,0,0,0,1,1,5,6,1,14,3,-1,-1,-1,-1,4,E01025071,0,-1
2020440084639,2020,440084639,1,1,0,18,19,1,5,0,0,8,0,0,0,0,1,1,6,6,1,44,7,-1,-1,-1,-1,4,E01017124,0,-1
2020332000513,2020,332000513,1,9,0,9,9,4,2,0,0,6,0,0,0,0,3,1,1,1,2,50,8,-1,-1,-1,-1,-1,-1,0,-1
2020530993734,2020,530993734,1,-1,0,18,19,6,2,0,0,8,0,0,0,0,1,1,6,6,2,29,6,-1,-1,-1,-1,1,E01022319,1,-1
2020010255222,2020,010255222,1,4,0,18,19,1,5,5,5,2,0,0,0,0,1,1,6,6,3,-1,-1,-1,-1,-1,-1,-1,-1,0,-1
2020140974636,2020,140974636,2,22,0,18,19,3,7,9,9,0,0,10,0,0,3,1,5,6,2,57,9,-1,-1,-1,-1,1,E01007544,0,-1
2020990972862,2020,990972862,2,5,0,16,19,5,1,0,0,1,2,0,0,0,3,1,5,6,1,58,9,-1,-1,-1,-1,10,E01013328,0,-1
2020350944174,2020,350944174,2,1,0,6,6,1,5,0,0,0,0,0,0,0,0,1,5,6,1,48,8,-1,-1,-1,-1,10,E01018253,0,-1
2020220992441,2020,220992441,1,9,0,4,4,4,8,9,9,0,0,0,0,0,0,1,6,6,3,34,6,-1,-1,-1,-1,-1,-1,0,-1
2020010268223,2020,010268223,1,1,9,99,99,9,9,99,99,0,9,99,9,99,9,1,6,6,2,53,8,-1,-1,-1,-1,2,E01002872,0,-1
2020010286199,2020,010286199,1,16,0,18,19,3,7,5,5,0,0,0,0,0,0,1,6,6,2,23,5,-1,-1,-1,-1,7,E01003820,0,-1
2020360995997,2020,360995997,1,19,0,18,19,8,4,0,0,0,0,0,0,0,0,1,6,6,3,-1,-1,-1,-1,-1,-1,-1,-1,0,-1
2020544653120,2020,544653120,2,1,0,18,19,7,4,0,0,1,0,0,0,0,0,1,6,6,1,58,9,-1,-1,-1,-1,6,E01032027,0,-1
2020460953170,2020,460953170,2,1,0,18,19,2,6,0,0,0,0,0,0,0,3,1,6,6,1,-1,-1,-1,-1,-1,-1,5,E01024075,0,-1
202060Y035903,2020,60Y035903,2,9,0,18,19,8,4,0,0,8,0,0,0,0,4,1,6,6,2,43,7,-1,-1,-1,-1,-1,-1,0,-1
202006J373732,2020,06J373732,2,1,0,18,19,6,2,0,0,0,0,0,0,0,1,1,6,6,1,39,7,-1,-1,-1,-1,-1,-1,0,-1
2020052000845,2020,052000845,2,1,0,18,19,2,6,0,0,0,0,0,0,0,1,1,6,6,1,16,4,-1,-1,-1,-1,-1,-1,0,-1
202060Y158599,2020,60Y158599,1,9,0,16,19,6,8,0,0,0,1,10,1,4,1,1,2,2,1,51,8,-1,-1,-1,-1,-1,-1,0,-1
2020990981170,2020,990981170,1,1,0,18,19,3,7,0,0,0,0,0,0,0,3,1,5,6,2,34,6,-1,-1,-1,-1,3,-1,0,-1
2020302001288,2020,302001288,2,1,0,10,10,6,4,0,0,1,0,0,0,0,1,1,6,6,1,42,7,-1,-1,-1,-1,10,E01019686,0,-1
2020010270791,2020,010270791,1,3,0,1,1,1,5,0,0,8,0,0,0,0,0,1,6,6,3,-1,-1,-1,-1,-1,-1,-1,-1,0,-1
202006L177364,2020,06L177364,1,9,0,9,9,8,6,0,0,5,0,0,0,0,1,1,6,6,3,-1,-1,-1,-1,-1,-1,-1,-1,0,-1
2020430054775,2020,430054775,2,1,0,18,19,1,5,4,4,1,0,0,0,0,3,1,2,2,1,27,6,-1,-1,-1,-1,-1,-1,0,-1
2020460944999,2020,460944999,2,21,1,18,19,8,3,0,0,3,0,0,0,0,1,1,1,1,1,46,8,-1,-1,-1,-1,-1,-1,0,-1
2020420946443,2020,420946443,2,9,0,10,10,5,7,0,0,0,0,0,0,0,2,1,6,6,2,-1,-1,-1,-1,-1,-1,-1,-1,0,-1
2020460987364,2020,460987364,1,9,0,18,19,1,6,0,0,1,0,0,0,0,4,1,6,6,3,-1,-1,-1,-1,-1,-1,-1,-1,0,-1
2020350916393,2020,350916393,1,9,-1,-1,-1,7,7,-1,-1,-1,-1,-1,-1,0,-1,1,6,6,1,-1,-1,-1,-1,-1,-1,8,E01018286,0,-1
2020010267846,2020,010267846,2,19,0,13,13,4,8,0,0,0,0,0,0,0,4,1,6,6,3,-1,-1,-1,-1,-1,-1,-1,-1,0,-1
2020230926548,2020,230926548,1,9,0,18,19,2,6,0,0,0,0,0,0,0,1,1,6,6,1,34,6,-1,-1,-1,-1,-1,-1,0,-1
2020351009739,2020,351009739,2,9,0,3,3,-1,-1,0,0,2,0,0,0,0,2,1,6,6,2,53,8,-1,-1,-1,-1,7,E01017980,0,-1
2020140951590,2020,140951590,1,9,0,5,5,3,1,9,9,0,0,0,0,0,3,1,6,6,3,-1,-1,-1,-1,-1,-1,-1,-1,0,-1
2020010278345,2020,010278345,1,-1,0,18,19,2,6,0,0,0,0,0,0,0,0,1,6,6,1,40,7,-1,-1,-1,-1,5,E01003155,1,-1
2020430034518,2020,430034518,2,3,0,18,19,8,4,0,0,0,0,0,7,0,4,1,6,6,1,20,4,-1,-1,-1,-1,9,E01028673,0,-1
2020010248479,2020,010248479,1,1,9,99,99,9,9,99,99,9,9,99,9,99,9,1,2,2,1,30,6,-1,-1,-1,-1,3,E01002070,0,-1
2020010283562,2020,010283562,1,1,0,18,19,5,1,0,0,8,0,0,0,0,4,1,2,2,1,34,6,-1,-1,-1,-1,4,E01004572,0,-1
2020440195600,2020,440195600,1,1,0,3,3,5,1,0,0,0,0,0,0,0,1,1,6,6,1,52,8,-1,-1,-1,-1,2,E01017132,0,-1
2020010230188,2020,010230188,1,9,9,99,99,9,9,99,99,4,9,99,9,99,9,9,-1,-1,3,-1,-1,-1,-1,-1,-1,-1,-1,0,-1
2020100949920,2020,100949920,1,97,0,18,19,2,6,9,9,8,0,0,1,11,1,1,6,6,1,19,4,-1,-1,-1,-1,2,E01008695,0,-1
202006Q468116,2020,06Q468116,2,1,0,18,19,1,5,0,0,0,0,0,0,0,2,1,6,6,1,49,8,-1,-1,-1,-1,2,E01005580,0,-1
2020100967650,2020,100967650,5,9,0,2,2,6,2,0,0,8,0,0,0,0,4,1,6,6,3,-1,-1,-1,-1,-1,-1,-1,-1,0,-1
2020100994830,2020,100994830,1,9,0,1,1,1,5,0,0,0,0,0,0,0,2,1,1,1,1,21,5,-1,-1,-1,-1,5,E01008879,0,-1
2020430384222,2020,430384222,2,9,0,2,2,0,0,0,0,0,0,0,0,0,3,1,6,6,1,-1,-1,-1,-1,-1,-1,-1,-1,0,-1
2020170M21110,2020,170M21110,2,1,0,18,19,3,7,0,0,6,0,0,0,0,1,1,6,6,1,8,2,-1,-1,-1,-1,1,E01012090,0,-1
2020501004962,2020,501004962,2,1,0,18,19,4,8,0,0,8,0,0,0,0,1,1,5,6,2,35,6,-1,-1,-1,-1,10,E01020242,0,-1
2020010230120,2020,010230120,1,1,9,99,99,9,9,99,99,9,9,99,9,99,9,1,2,2,2,45,7,-1,-1,-1,-1,3,E01032785,0,-1
2020030970312,2020,030970312,1,9,0,18,19,1,5,9,9,0,0,0,0,0,4,1,6,6,1,-1,-1,-1,-1,-1,-1,-1,-1,0,-1
2020302000812,2020,302000812,3,9,0,2,2,0,0,0,0,0,0,0,0,0,4,1,6,6,3,-1,-1,-1,-1,-1,-1,-1,-1,0,-1
2020201003339,2020,201003339,2,1,0,4,4,8,4,0,0,1,0,0,0,0,1,1,6,6,1,17,4,-1,-1,-1,-1,-1,-1,0,-1
2020041004076,2020,041004076,1,9,0,7,7,5,7,0,0,1,0,0,3,0,4,1,6,6,3,59,9,-1,-1,-1,-1,-1,-1,0,-1