collision_index,collision_year,collision_ref_no,vehicle_reference,vehicle_type,towing_and_articulation,vehicle_manoeuvre_historic,vehicle_manoeuvre,vehicle_direction_from,vehicle_direction_to,vehicle_location_restricted_lane_historic,vehicle_location_restricted_lane,junction_location,skidding_and_overturning,hit_object_in_carriageway,vehicle_leaving_carriageway,hit_object_off_carriageway,first_point_of_impact,vehicle_left_hand_drive,journey_purpose_of_driver_historic,journey_purpose_of_driver,sex_of_driver,age_of_driver,age_band_of_driver,engine_capacity_cc,propulsion_code,age_of_vehicle,generic_make_model,driver_imd_decile,lsoa_of_driver,escooter_flag,driver_distance_banding
2020041015049,2020,041015049,1,1,0,18,19,1,5,0,0,6,0,0,0,0,1,1,5,6,1,12,3,-1,-1,-1,-1,3,E01012691,0,-1
2020010275683,2020,010275683,2,1,0,16,19,5,1,0,0,1,0,0,0,0,1,1,6,6,2,27,6,-1,-1,-1,-1,5,E01001837,0,-1
2020010242457,2020,010242457,2,1,9,18,19,4,8,0,0,0,0,99,0,0,2,1,6,6,1,59,9,-1,-1,-1,-1,3,E01032584,0,-1
2020401001076,2020,401001076,1,98,1,9,9,5,1,0,0,3,0,0,0,0,1,1,1,1,1,49,8,-1,-1,-1,-1,-1,-1,0,-1
2020440297297,2020,440297297,2,1,0,18,19,7,3,0,0,8,0,0,0,0,1,1,6,6,1,35,6,-1,-1,-1,-1,8,E01023078,0,-1
2020010269804,2020,010269804,2,1,0,18,19,1,5,0,0,1,2,0,2,10,3,1,6,6,1,26,6,-1,-1,-1,-1,2,E01003980,0,-1
2020122001203,2020,122001203,1,1,0,18,19,1,5,0,0,2,0,0,0,0,3,1,6,6,1,30,6,-1,-1,-1,-1,2,E01013347,0,-1
2020100988524,2020,100988524,1,90,0,7,7,3,4,0,0,8,0,0,1,0,3,1,1,1,1,78,11,-1,-1,-1,-1,-1,-1,0,-1
2020400984670,2020,400984670,1,-1,0,9,9,1,6,0,0,1,0,0,0,0,1,1,5,6,1,18,4,-1,-1,-1,-1,3,E01015730,1,-1
2020100958105,2020,100958105,4,11,0,18,19,6,3,0,0,8,0,0,0,0,0,1,1,1,3,-1,-1,-1,-1,-1,-1,-1,-1,0,-1
2020500954564,2020,500954564,1,9,0,18,19,6,2,0,0,0,0,0,0,0,1,1,1,1,1,29,6,-1,-1,-1,-1,6,E01020202,0,-1
2020350916393,2020,350916393,2,1,-1,-1,-1,1,7,-1,-1,-1,-1,-1,-1,0,-1,1,6,6,1,36,7,-1,-1,-1,-1,6,E01018005,0,-1
202060Y013125,2020,60Y013125,1,9,0,16,19,6,2,0,0,0,2,0,8,11,3,1,6,6,1,17,4,-1,-1,-1,-1,-1,-1,0,-1
2020430361546,2020,430361546,2,1,0,18,19,7,3,4,4,8,0,0,0,0,1,1,2,2,2,36,7,-1,-1,-1,-1,9,E01028535,0,-1
2020010249324,2020,010249324,2,1,0,18,19,5,1,0,0,6,0,0,0,0,1,-1,6,6,2,40,7,-1,-1,-1,-1,6,E01003843,0,-1
2020137A51945,2020,137A51945,1,9,0,18,19,5,1,0,0,0,0,0,0,0,4,1,6,6,3,-1,-1,-1,-1,-1,-1,-1,-1,0,-1
2020010238355,2020,010238355,1,1,9,99,99,9,9,99,99,9,9,99,9,99,9,1,2,2,1,60,9,-1,-1,-1,-1,8,E01003896,0,-1
2020220923632,2020,220923632,1,9,0,17,19,3,8,0,0,0,0,10,7,2,1,1,5,6,2,53,8,-1,-1,-1,-1,5,E01032238,0,-1
2020302001413,2020,302001413,2,9,0,18,19,4,8,0,0,0,0,0,0,0,1,1,6,6,3,-1,-1,-1,-1,-1,-1,5,E01019456,0,-1
2020010265275,2020,010265275,2,9,0,99,99,9,9,99,99,9,9,99,9,99,1,9,6,6,3,-1,-1,-1,-1,-1,-1,-1,-1,0,-1
2020010284276,2020,010284276,2,1,0,4,4,5,1,0,0,1,5,0,0,0,1,1,6,6,1,27,6,-1,-1,-1,-1,5,E01004695,0,-1
2020040946189,2020,040946189,2,1,0,2,2,7,3,5,5,1,0,0,0,0,1,1,5,6,1,73,10,-1,-1,-1,-1,9,E01025545,0,-1
2020010264100,2020,010264100,2,1,0,11,11,3,7,0,0,1,0,0,0,0,1,1,6,6,1,33,6,-1,-1,-1,-1,2,E01001337,0,-1
2020470952425,2020,470952425,1,-1,0,18,19,3,7,9,9,0,0,0,0,0,0,1,6,6,3,-1,-1,-1,-1,-1,-1,-1,-1,1,-1
2020990936071,2020,990936071,1,9,0,5,5,7,3,0,0,6,5,0,0,0,0,1,6,6,3,36,7,-1,-1,-1,-1,-1,-1,0,-1
2020140931815,2020,140931815,1,1,0,18,19,8,4,0,0,6,1,0,0,0,1,1,5,6,1,12,3,-1,-1,-1,-1,2,E01008095,0,-1
2020210964631,2020,210964631,1,9,-1,-1,-1,-1,-1,-1,-1,-1,-1,-1,-1,0,-1,1,6,6,3,-1,-1,-1,-1,-1,-1,-1,-1,0,-1
2020522100326,2020,522100326,1,5,0,18,19,3,7,0,0,0,1,0,0,0,0,1,6,6,1,55,8,-1,-1,-1,-1,4,E01014445,0,-1
2020010271158,2020,010271158,1,9,9,99,99,9,9,99,99,0,9,99,9,99,9,1,6,6,3,-1,-1,-1,-1,-1,-1,-1,-1,0,-1
2020200972205,2020,200972205,1,9,0,13,13,2,6,0,0,8,0,0,0,0,3,1,6,6,3,-1,-1,-1,-1,-1,-1,-1,-1,0,-1
2020052000605,2020,052000605,1,1,0,18,19,2,6,0,0,7,0,0,0,0,3,1,6,6,1,24,5,-1,-1,-1,-1,1,E01006850,0,-1
2020040926445,2020,040926445,2,9,0,2,2,1,5,0,0,0,0,0,0,0,2,1,5,6,1,48,8,-1,-1,-1,-1,1,E01024925,0,-1
2020230970552,2020,230970552,2,9,0,18,19,4,8,0,0,8,2,0,1,0,4,1,1,1,1,28,6,-1,-1,-1,-1,10,E01031250,0,-1
202060Y072790,2020,60Y072790,2,1,0,9,9,7,5,0,0,8,0,0,0,0,2,1,6,6,1,44,7,-1,-1,-1,-1,-1,-1,0,-1
2020010295245,2020,010295245,1,9,9,99,99,9,9,99,99,9,9,99,9,99,9,9,6,6,3,-1,-1,-1,-1,-1,-1,-1,-1,0,-1
2020351007144,2020,351007144,1,1,0,9,9,7,5,0,0,8,5,0,0,0,3,1,5,6,2,49,8,-1,-1,-1,-1,8,E01017992,0,-1
2020610042220,2020,610042220,1,9,0,18,19,2,5,0,0,0,0,0,0,0,1,1,2,2,1,42,7,-1,-1,-1,-1,2,W01001642,0,-1
2020170M10490,2020,170M10490,1,5,0,13,13,7,3,0,0,1,0,0,0,0,1,1,6,6,3,-1,-1,-1,-1,-1,-1,-1,-1,0,-1
2020440161172,2020,440161172,1,1,0,18,19,6,2,0,0,0,0,0,0,0,0,1,6,6,1,51,8,-1,-1,-1,-1,5,E01017126,0,-1
2020440318027,2020,440318027,2,4,0,18,19,7,3,0,0,0,0,0,0,0,1,1,6,6,2,32,6,-1,-1,-1,-1,2,E01017108,0,-1
2020010276706,2020,010276706,2,1,0,18,19,5,1,0,0,1,0,0,0,0,4,1,6,6,1,33,6,-1,-1,-1,-1,5,E01003292,0,-1
2020400950755,2020,400950755,1,21,1,18,19,1,1,0,0,0,0,0,0,0,1,2,1,1,1,54,8,-1,-1,-1,-1,-1,-1,0,-1
2020010228346,2020,010228346,2,9,0,99,99,9,9,99,99,0,9,99,9,99,2,9,6,6,3,-1,-1,-1,-1,-1,-1,-1,-1,0,-1
2020211009410,2020,211009410,1,2,-1,-1,-1,7,3,-1,-1,0,-1,-1,-1,0,-1,1,6,6,3,-1,-1,-1,-1,-1,-1,-1,-1,0,-1
2020622000512,2020,622000512,2,4,0,16,19,4,7,0,0,0,1,0,0,0,1,1,6,6,1,37,7,-1,-1,-1,-1,2,W01001206,0,-1
2020010269267,2020,010269267,1,1,0,7,7,7,1,0,0,0,0,0,0,0,4,1,1,1,1,40,7,-1,-1,-1,-1,6,E01003002,0,-1
202006L170564,2020,06L170564,3,5,0,18,19,4,8,0,0,0,0,0,0,0,0,1,6,6,3,30,6,-1,-1,-1,-1,-1,-1,0,-1
2020010232169,2020,010232169,2,1,0,18,19,6,2,4,4,1,0,0,0,0,1,1,2,2,1,44,7,-1,-1,-1,-1,9,E01030413,0,-1
2020010255402,2020,010255402,1,1,9,99,99,9,9,99,99,0,9,99,9,99,2,1,6,6,1,30,6,-1,-1,-1,-1,9,E01003403,0,-1
2020160972497,2020,160972497,1,9,0,13,13,6,2,0,0,0,0,0,0,0,4,1,6,6,3,-1,-1,-1,-1,-1,-1,-1,-1,0,-1
202060Y182781,2020,60Y182781,2,9,0,18,19,4,8,0,0,1,0,0,0,0,1,1,6,6,1,78,11,-1,-1,-1,-1,-1,-1,0,-1
2020010264729,2020,010264729,1,9,0,18,19,2,6,0,0,0,0,0,0,0,1,1,6,6,1,40,7,-1,-1,-1,-1,-1,-1,0,-1
2020010257951,2020,010257951,1,9,0,10,10,7,4,0,0,2,0,0,3,0,1,1,6,6,1,33,6,-1,-1,-1,-1,3,E01002404,0,-1
2020010262496,2020,010262496,1,1,9,18,19,2,6,5,5,1,5,0,0,99,1,1,2,2,1,27,6,-1,-1,-1,-1,3,E01001844,0,-1
2020070637019,2020,070637019,1,9,0,7,7,5,1,0,0,1,0,0,0,0,1,1,6,6,3,-1,-1,-1,-1,-1,-1,-1,-1,0,-1
2020520001974,2020,520001974,1,1,0,18,19,1,5,0,0,0,0,0,0,0,3,1,6,6,1,29,6,-1,-1,-1,-1,1,E01033348,0,-1
2020410969665,2020,410969665,1,1,0,18,19,2,6,0,0,0,0,0,7,10,4,1,5,6,1,53,8,-1,-1,-1,-1,4,E01023925,0,-1
2020010245217,2020,010245217,2,9,0,99,99,9,9,99,99,1,9,99,9,99,1,9,6,6,3,-1,-1,-1,-1,-1,-1,-1,-1,0,-1
2020430422963,2020,430422963,2,1,0,18,19,3,7,0,0,8,0,0,0,0,1,1,4,7,2,17,4,-1,-1,-1,-1,2,E01028577,0,-1
2020332000245,2020,332000245,2,9,0,18,19,0,0,0,0,0,0,0,0,0,0,1,1,1,3,-1,-1,-1,-1,-1,-1,-1,-1,0,-1
202060Y181844,2020,60Y181844,2,3,0,18,19,4,8,0,0,1,1,0,0,0,4,1,1,1,1,58,9,-1,-1,-1,-1,-1,-1,0,-1
2020201003098,2020,201003098,1,9,0,18,19,1,5,0,0,4,0,0,0,0,0,1,6,6,3,-1,-1,-1,-1,-1,-1,-1,-1,0,-1
2020350922121,2020,350922121,1,9,0,16,19,7,7,0,0,0,2,0,2,0,4,1,1,1,2,24,5,-1,-1,-1,-1,9,E01018120,0,-1
2020010257989,2020,010257989,1,1,9,99,99,9,9,99,99,9,9,99,9,99,1,1,6,6,1,51,8,-1,-1,-1,-1,4,E01004258,0,-1
202060Y031647,2020,60Y031647,2,9,0,18,19,4,8,0,0,1,0,0,0,0,1,1,6,6,1,21,5,-1,-1,-1,-1,-1,-1,0,-1
202063B077220,2020,63B077220,1,9,0,18,19,4,8,0,0,0,1,0,7,3,3,1,6,6,1,43,7,-1,-1,-1,-1,5,W01000546,0,-1
2020010265184,2020,010265184,2,9,0,7,7,7,1,0,0,1,0,0,0,0,1,1,6,6,3,-1,-1,-1,-1,-1,-1,-1,-1,0,-1
2020211025299,2020,211025299,1,90,-1,-1,-1,-1,-1,-1,-1,0,-1,-1,-1,0,-1,1,6,6,3,-1,-1,-1,-1,-1,-1,-1,-1,0,-1
2020010275984,2020,010275984,2,1,0,9,9,7,6,0,0,5,0,0,0,0,3,1,2,2,1,32,6,-1,-1,-1,-1,8,E01003404,0,-1
202031C129920,2020,31C129920,1,9,0,1,1,3,7,0,0,1,0,0,0,0,2,1,6,6,3,-1,-1,-1,-1,-1,-1,-1,-1,0,-1
2020371009745,2020,371009745,1,90,0,14,14,4,8,0,0,2,0,0,0,0,-1,1,6,6,3,-1,-1,-1,-1,-1,-1,-1,-1,0,-1
2020010282337,2020,010282337,2,1,0,18,19,7,3,0,0,4,0,0,0,0,1,1,6,6,1,16,4,-1,-1,-1,-1,2,E01000429,0,-1
2020460996077,2020,460996077,2,1,0,13,13,2,6,0,0,1,0,4,0,0,1,1,5,6,1,63,9,-1,-1,-1,-1,8,E01032620,0,-1
2020522004800,2020,522004800,1,9,0,4,4,8,4,0,0,2,0,0,0,0,4,1,6,6,1,24,5,-1,-1,-1,-1,4,E01029119,0,-1
2020040969542,2020,040969542,4,9,0,2,2,0,0,0,0,0,0,0,0,0,4,1,6,6,3,-1,-1,-1,-1,-1,-1,-1,-1,0,-1
20201372R0285,2020,1372R0285,3,1,0,18,19,8,4,0,0,8,0,0,0,0,1,1,6,6,1,24,5,-1,-1,-1,-1,9,E01011464,0,-1
2020070751514,2020,070751514,2,21,1,17,19,3,7,0,0,0,3,0,0,0,3,1,1,1,1,45,7,-1,-1,-1,-1,-1,-1,0,-1
2020010248343,2020,010248343,2,1,0,18,19,1,5,0,0,8,0,0,0,0,4,1,6,6,2,28,6,-1,-1,-1,-1,3,E01001807,0,-1
2020010239820,2020,010239820,1,1,9,99,99,9,9,99,99,4,9,99,9,99,9,1,2,2,1,59,9,-1,-1,-1,-1,10,E01003846,0,-1
2020122000922,2020,122000922,1,1,0,17,19,8,5,0,0,0,1,0,0,0,3,1,6,6,1,69,10,-1,-1,-1,-1,6,E01027736,0,-1
2020010237898,2020,010237898,2,9,0,9,9,5,3,0,0,8,0,0,0,0,4,1,6,6,3,-1,-1,-1,-1,-1,-1,-1,-1,0,-1
2020430313732,2020,430313732,1,9,0,18,19,7,3,0,0,2,0,0,0,0,4,1,6,6,3,-1,-1,-1,-1,-1,-1,-1,-1,0,-1
2020170H10690,2020,170H10690,2,9,0,18,19,5,1,0,0,8,0,0,0,0,1,1,6,6,1,54,8,-1,-1,-1,-1,7,E01012053,0,-1
2020010234765,2020,010234765,2,9,0,18,19,-1,-1,0,0,8,0,0,0,0,1,1,6,6,3,-1,-1,-1,-1,-1,-1,-1,-1,0,-1
2020010264208,2020,010264208,2,2,0,18,19,6,2,0,0,1,0,0,0,0,1,1,6,6,1,55,8,-1,-1,-1,-1,5,E01003833,0,-1
2020332000057,2020,332000057,1,9,0,14,14,7,3,0,0,0,0,0,1,0,4,1,6,6,1,-1,-1,-1,-1,-1,-1,-1,-1,0,-1
2020470979799,2020,470979799,1,9,0,7,7,7,1,0,0,8,0,0,0,0,4,1,6,6,3,-1,-1,-1,-1,-1,-1,-1,-1,0,-1
202031C127220,2020,31C127220,1,19,0,18,19,5,1,0,0,2,0,0,0,0,1,1,6,6,3,-1,-1,-1,-1,-1,-1,-1,-1,0,-1
2020320072000,2020,320072000,2,9,0,18,19,1,5,0,0,6,0,0,0,0,0,1,6,6,3,-1,-1,-1,-1,-1,-1,-1,-1,0,-1
2020470980584,2020,470980584,2,1,0,18,19,8,4,0,0,1,0,8,0,0,1,1,6,6,2,35,6,-1,-1,-1,-1,2,E01031432,0,-1
2020480950004,2020,480950004,2,9,0,3,3,3,7,0,0,1,0,0,0,0,2,1,2,2,1,51,8,-1,-1,-1,-1,7,E01015849,0,-1
2020170S11000,2020,170S11000,1,19,0,18,19,6,2,0,0,0,0,0,0,0,1,1,6,6,3,-1,-1,-1,-1,-1,-1,-1,-1,0,-1
2020401018757,2020,401018757,3,9,0,2,2,0,0,0,0,0,0,0,0,0,0,1,6,6,1,-1,-1,-1,-1,-1,-1,-1,-1,0,-1
2020460917151,2020,460917151,1,9,0,18,19,5,1,0,0,2,0,0,0,0,1,1,6,6,1,28,6,-1,-1,-1,-1,3,E01024567,0,-1
2020010251314,2020,010251314,1,1,0,18,19,1,5,0,0,8,5,0,0,0,3,1,6,6,2,25,5,-1,-1,-1,-1,3,E01004575,0,-1
202006M277143,2020,06M277143,1,90,0,18,19,5,1,0,0,0,0,0,1,4,1,1,6,6,1,36,7,-1,-1,-1,-1,3,E01006171,0,-1
2020460960066,2020,460960066,2,1,0,7,7,2,6,0,0,2,0,0,0,0,1,1,5,6,2,16,4,-1,-1,-1,-1,7,E01024635,0,-1
2020411003407,2020,411003407,5,9,0,18,19,3,7,0,0,0,0,0,0,0,4,1,6,6,1,59,9,-1,-1,-1,-1,6,E01032216,0,-1
2020522100761,2020,522100761,1,9,0,18,19,5,1,0,0,0,0,0,0,0,1,1,6,6,1,36,7,-1,-1,-1,-1,3,E01014566,0,-1
2020430082405,2020,430082405,2,4,0,9,9,6,4,0,0,5,0,0,7,0,3,1,6,6,1,41,7,-1,-1,-1,-1,10,E01023379,0,-1
2020990955176,2020,990955176,1,1,0,18,19,8,4,0,0,0,0,4,0,0,1,1,6,6,1,16,4,-1,-1,-1,-1,-1,-1,0,-1
2020470953351,2020,470953351,2,1,0,18,19,2,6,0,0,0,0,0,0,0,1,1,6,6,2,16,4,-1,-1,-1,-1,10,E01031502,0,-1
2020010251870,2020,010251870,2,1,0,5,5,3,7,0,0,8,0,0,0,0,1,1,2,2,1,30,6,-1,-1,-1,-1,2,E01032579,0,-1
2020200932667,2020,200932667,2,9,0,4,4,-1,-1,0,0,0,0,0,0,0,2,1,6,6,2,33,6,-1,-1,-1,-1,5,E01009267,0,-1
2020421000768,2020,421000768,1,98,0,18,19,8,2,0,0,2,0,0,0,0,1,1,6,6,3,-1,-1,-1,-1,-1,-1,-1,-1,0,-1
2020522100778,2020,522100778,1,1,0,18,19,5,1,0,0,0,0,0,0,0,0,1,6,6,1,75,10,-1,-1,-1,-1,7,E01029018,0,-1
2020500964292,2020,500964292,2,1,0,18,19,2,6,0,0,1,0,0,0,0,4,1,5,6,1,47,8,-1,-1,-1,-1,3,E01018927,0,-1
2020420990207,2020,420990207,2,1,0,18,19,7,3,0,0,1,0,0,0,0,1,1,5,6,1,39,7,-1,-1,-1,-1,6,E01021743,0,-1
2020200942759,2020,200942759,1,98,0,18,19,5,1,0,0,1,0,0,0,0,0,1,3,7,1,43,7,-1,-1,-1,-1,6,E01010012,0,-1
2020010263696,2020,010263696,2,20,1,11,11,3,7,0,0,0,0,0,0,0,1,2,1,1,1,40,7,-1,-1,-1,-1,-1,-1,0,-1
2020332000596,2020,332000596,4,21,1,3,3,5,1,0,0,1,0,0,0,0,2,1,1,1,1,63,9,-1,-1,-1,-1,2,E01012136,0,-1
202063D058620,2020,63D058620,1,5,0,13,13,4,7,0,0,0,0,0,0,0,0,1,6,6,3,-1,-1,-1,-1,-1,-1,-1,-1,0,-1
2020302000800,2020,302000800,1,1,0,18,19,3,7,0,0,0,0,0,0,0,1,1,4,7,1,12,3,-1,-1,-1,-1,2,E01019796,0,-1
2020440188649,2020,440188649,2,19,0,10,10,4,8,0,0,1,0,0,0,0,2,1,1,1,1,34,6,-1,-1,-1,-1,10,E01022893,0,-1
2020520005024,2020,520005024,2,1,0,18,19,3,7,0,0,4,0,0,0,0,1,1,6,6,1,44,7,-1,-1,-1,-1,9,E01029115,0,-1
2020548934020,2020,548934020,1,9,0,18,19,3,7,0,0,0,0,0,0,0,1,1,6,6,1,36,7,-1,-1,-1,-1,5,E01032698,0,-1
202006E469033,2020,06E469033,1,9,0,18,19,4,7,0,0,1,0,0,0,0,0,1,6,6,2,30,6,-1,-1,-1,-1,-1,-1,0,-1
2020010229555,2020,010229555,2,9,0,99,99,9,9,99,99,9,9,99,9,99,9,9,6,6,3,-1,-1,-1,-1,-1,-1,-1,-1,0,-1
2020010251913,2020,010251913,2,1,0,18,19,6,2,0,0,1,0,0,0,0,1,1,6,6,1,24,5,-1,-1,-1,-1,4,E01001329,0,-1
2020140959762,2020,140959762,1,9,0,18,19,2,6,0,0,1,0,0,0,0,4,1,6,6,3,-1,-1,-1,-1,-1,-1,-1,-1,0,-1
2020470927227,2020,470927227,2,9,0,18,19,1,5,0,0,1,0,0,0,0,1,1,2,2,1,33,6,-1,-1,-1,-1,5,E01016849,0,-1
20201373K1945,2020,1373K1945,2,1,0,18,19,2,6,0,0,8,0,0,0,0,1,1,6,6,1,32,6,-1,-1,-1,-1,-1,-1,0,-1
2020440318963,2020,440318963,1,1,0,18,19,7,3,0,0,8,0,0,0,0,4,1,6,6,1,25,5,-1,-1,-1,-1,5,E01017358,0,-1
2020122000962,2020,122000962,1,9,0,15,15,3,7,0,0,0,0,0,7,9,1,1,6,6,1,53,8,-1,-1,-1,-1,7,E01012345,0,-1
2020010250121,2020,010250121,1,1,9,99,99,9,9,99,99,8,9,99,9,99,9,1,6,6,1,63,9,-1,-1,-1,-1,9,E01002384,0,-1
2020470959954,2020,470959954,2,9,0,2,2,0,0,9,9,1,0,4,0,0,2,1,6,6,3,-1,-1,-1,-1,-1,-1,-1,-1,0,-1
2020340C02872,2020,340C02872,1,9,0,7,7,5,7,0,0,5,0,0,0,0,3,1,2,2,1,31,6,-1,-1,-1,-1,-1,-1,0,-1
2020350984206,2020,350984206,1,19,0,9,9,2,6,0,0,8,0,0,0,0,3,1,1,1,1,49,8,-1,-1,-1,-1,2,E01018068,0,-1
202031C169520,2020,31C169520,1,9,0,10,10,1,6,0,0,1,0,0,0,0,2,1,6,6,2,75,10,-1,-1,-1,-1,5,E01028122,0,-1
2020140959203,2020,140959203,2,9,0,14,14,6,2,0,0,8,0,0,0,0,0,1,6,6,3,30,6,-1,-1,-1,-1,-1,-1,0,-1
2020430291104,2020,430291104,2,1,0,18,19,7,3,4,4,1,0,0,0,0,1,1,6,6,1,83,11,-1,-1,-1,-1,8,E01028742,0,-1
2020552000429,2020,552000429,2,1,0,18,19,1,5,0,0,1,0,0,0,0,4,1,6,6,2,71,10,-1,-1,-1,-1,3,E01033242,0,-1
202031B016120,2020,31B016120,1,9,0,18,19,3,7,0,0,8,0,0,0,0,1,1,6,6,1,78,11,-1,-1,-1,-1,7,E01019479,0,-1
2020100967283,2020,100967283,3,9,0,2,2,2,6,0,0,2,0,0,0,0,3,1,6,6,3,-1,-1,-1,-1,-1,-1,-1,-1,0,-1
2020010282023,2020,010282023,2,1,0,18,19,1,5,0,0,1,0,0,0,0,3,1,1,1,1,34,6,-1,-1,-1,-1,4,E01000676,0,-1
2020040987767,2020,040987767,6,9,0,2,2,0,0,0,0,0,0,0,0,0,4,1,6,6,3,-1,-1,-1,-1,-1,-1,-1,-1,0,-1
2020200960026,2020,200960026,1,9,0,9,9,6,4,9,9,5,0,0,0,0,4,1,6,6,2,28,6,-1,-1,-1,-1,9,E01032219,0,-1
2020010273916,2020,010273916,1,1,9,99,99,9,9,99,99,9,9,99,9,99,9,1,2,2,1,17,4,-1,-1,-1,-1,4,E01002743,0,-1
2020420915438,2020,420915438,2,1,0,9,9,1,5,0,0,8,5,0,0,0,1,1,2,2,2,28,6,-1,-1,-1,-1,9,E01021577,0,-1
2020200989676,2020,200989676,1,9,0,18,19,-1,-1,0,0,0,0,0,0,0,1,1,6,6,3,-1,-1,-1,-1,-1,-1,-1,-1,0,-1
2020332000617,2020,332000617,2,-1,0,18,19,8,4,9,9,1,0,0,0,0,1,1,2,2,1,23,5,-1,-1,-1,-1,3,E01013775,1,-1
2020990931557,2020,990931557,1,9,0,7,7,1,3,0,0,1,0,0,0,0,4,1,6,6,3,20,4,-1,-1,-1,-1,-1,-1,0,-1
2020010270146,2020,010270146,1,9,0,18,19,1,5,0,0,1,0,0,0,0,4,1,6,6,3,-1,-1,-1,-1,-1,-1,-1,-1,0,-1
2020470995220,2020,470995220,4,9,0,9,9,8,6,0,0,5,0,0,0,0,0,1,6,6,3,-1,-1,-1,-1,-1,-1,-1,-1,0,-1
2020010240434,2020,010240434,1,9,9,99,99,9,9,99,99,9,9,99,9,99,9,1,6,6,3,-1,-1,-1,-1,-1,-1,-1,-1,0,-1
2020411001378,2020,411001378,4,98,0,18,19,4,1,0,0,0,0,0,0,0,0,1,1,1,3,-1,-1,-1,-1,-1,-1,-1,-1,0,-1
2020549522320,2020,549522320,1,1,0,18,19,2,6,9,9,6,0,0,0,0,1,1,6,6,1,42,7,-1,-1,-1,-1,3,E01031854,0,-1
202006A175307,2020,06A175307,2,1,0,18,19,8,4,0,0,8,0,0,0,0,3,1,6,6,1,26,6,-1,-1,-1,-1,3,E01033683,0,-1
2020122001297,2020,122001297,2,1,0,18,19,7,3,0,0,1,0,0,0,0,4,1,2,2,1,37,7,-1,-1,-1,-1,10,E01027914,0,-1
20201379N1756,2020,1379N1756,1,9,0,9,9,4,1,0,0,5,0,0,0,0,4,1,6,6,1,55,8,-1,-1,-1,-1,3,E01011060,0,-1
2020430272720,2020,430272720,1,9,0,18,19,5,1,0,0,1,0,0,0,0,1,1,6,6,1,32,6,-1,-1,-1,-1,-1,-1,0,-1
2020140931099,2020,140931099,2,-1,0,18,19,3,7,0,0,0,0,0,0,0,1,1,6,6,1,15,3,-1,-1,-1,-1,1,E01007566,1,-1
202054C411820,2020,54C411820,2,9,0,5,5,3,7,0,0,0,0,0,0,0,3,1,2,2,1,44,7,-1,-1,-1,-1,9,E01032713,0,-1
2020610024720,2020,610024720,1,9,0,6,6,5,5,0,0,0,0,0,0,0,1,1,2,2,1,30,6,-1,-1,-1,-1,5,W01001391,0,-1
2020010255358,2020,010255358,2,5,0,14,14,8,4,0,0,1,0,0,0,0,1,1,6,6,1,55,8,-1,-1,-1,-1,10,E01031684,0,-1
2020990933441,2020,990933441,1,9,0,18,19,3,7,0,0,0,0,0,7,11,1,1,2,2,1,41,7,-1,-1,-1,-1,10,-1,0,-1
2020470921326,2020,470921326,1,9,0,9,9,2,8,0,0,8,0,0,0,0,1,1,6,6,3,-1,-1,-1,-1,-1,-1,-1,-1,0,-1
2020440410869,2020,440410869,1,9,0,18,19,7,3,0,0,0,0,0,0,0,4,1,6,6,3,-1,-1,-1,-1,-1,-1,-1,-1,0,-1
2020332000635,2020,332000635,1,8,0,1,1,6,2,0,0,0,0,0,1,0,2,1,1,1,1,57,9,-1,-1,-1,-1,-1,-1,0,-1
202060Y028295,2020,60Y028295,1,9,0,9,9,3,1,0,0,1,0,0,0,0,1,1,6,6,1,36,7,-1,-1,-1,-1,-1,-1,0,-1
2020100924965,2020,100924965,1,97,0,18,19,7,3,0,0,0,0,4,0,0,1,1,5,6,1,23,5,-1,-1,-1,-1,4,E01027531,0,-1
2020161007266,2020,161007266,2,1,0,18,19,3,7,0,0,8,0,0,0,0,1,1,6,6,1,54,8,-1,-1,-1,-1,5,E01012773,0,-1
2020450966376,2020,450966376,2,1,0,18,19,7,3,9,9,0,0,0,0,0,3,1,5,6,2,43,7,-1,-1,-1,-1,10,E01030495,0,-1
2020100957355,2020,100957355,2,1,0,18,19,1,5,0,0,8,1,0,0,0,0,1,5,6,1,33,6,-1,-1,-1,-1,10,E01033551,0,-1
2020549106020,2020,549106020,2,9,0,18,19,3,7,0,0,0,0,0,0,0,3,1,6,6,1,26,6,-1,-1,-1,-1,2,E01015558,0,-1
2020522003614,2020,522003614,2,9,0,18,19,1,5,0,0,0,0,0,0,0,0,1,6,6,3,40,7,-1,-1,-1,-1,-1,-1,0,-1
2020420937845,2020,420937845,2,9,0,2,2,7,3,0,0,0,0,0,0,0,4,1,6,6,3,-1,-1,-1,-1,-1,-1,-1,-1,0,-1
2020370960001,2020,370960001,2,1,0,18,19,-1,-1,0,0,0,0,0,0,0,-1,1,5,6,1,63,9,-1,-1,-1,-1,4,E01030225,0,-1
2020010274528,2020,010274528,1,1,0,18,19,7,3,0,0,8,0,0,0,0,3,1,6,6,1,39,7,-1,-1,-1,-1,5,E01001389,0,-1
2020070724231,2020,070724231,1,9,0,18,19,4,8,0,0,0,0,0,0,0,3,1,6,6,3,-1,-1,-1,-1,-1,-1,-1,-1,0,-1
2020160972652,2020,160972652,1,9,0,4,4,3,1,0,0,1,0,0,0,0,3,1,6,6,3,-1,-1,-1,-1,-1,-1,-1,-1,0,-1
2020450990744,2020,450990744,1,1,0,16,19,3,1,9,9,2,0,0,0,0,0,1,5,6,1,49,8,-1,-1,-1,-1,7,E01003831,0,-1
2020010273874,2020,010273874,2,1,0,4,4,5,1,0,0,1,0,0,0,0,3,1,1,1,2,44,7,-1,-1,-1,-1,5,E01001647,0,-1
2020122100218,2020,122100218,2,1,0,5,5,5,1,0,0,0,0,0,0,0,1,1,6,6,2,20,4,-1,-1,-1,-1,8,E01020367,0,-1
202006L171286,2020,06L171286,2,1,0,18,19,6,2,0,0,1,0,0,0,0,1,1,6,6,1,17,4,-1,-1,-1,-1,1,E01006305,0,-1
2020440401677,2020,440401677,1,9,0,9,9,4,2,0,0,8,0,0,0,0,4,1,6,6,3,-1,-1,-1,-1,-1,-1,-1,-1,0,-1
202006F274062,2020,06F274062,2,9,0,18,19,6,2,0,0,1,0,0,0,0,1,1,6,6,3,-1,-1,-1,-1,-1,-1,-1,-1,0,-1
2020010287718,2020,010287718,2,20,9,99,99,9,9,99,99,9,9,99,9,99,9,9,6,6,3,-1,-1,-1,-1,-1,-1,-1,-1,0,-1