collision_index,collision_year,collision_ref_no,vehicle_reference,vehicle_type,towing_and_articulation,vehicle_manoeuvre_historic,vehicle_manoeuvre,vehicle_direction_from,vehicle_direction_to,vehicle_location_restricted_lane_historic,vehicle_location_restricted_lane,junction_location,skidding_and_overturning,hit_object_in_carriageway,vehicle_leaving_carriageway,hit_object_off_carriageway,first_point_of_impact,vehicle_left_hand_drive,journey_purpose_of_driver_historic,journey_purpose_of_driver,sex_of_driver,age_of_driver,age_band_of_driver,engine_capacity_cc,propulsion_code,age_of_vehicle,generic_make_model,driver_imd_decile,lsoa_of_driver,escooter_flag,driver_distance_banding
20201373P1774,2020,1373P1774,2,9,0,18,19,3,7,0,0,1,0,0,0,0,1,1,6,6,3,-1,-1,-1,-1,-1,-1,-1,-1,0,-1
2020332001182,2020,332001182,3,9,0,18,19,5,1,0,0,8,0,0,0,0,0,1,6,6,1,25,5,-1,-1,-1,-1,-1,-1,0,-1
2020010279908,2020,010279908,2,98,0,99,99,9,9,99,99,8,9,99,9,99,9,9,6,6,3,-1,-1,-1,-1,-1,-1,-1,-1,0,-1
2020332000637,2020,332000637,2,19,0,18,19,1,5,0,0,0,0,0,0,0,1,1,6,6,3,-1,-1,-1,-1,-1,-1,-1,-1,0,-1
2020430032454,2020,430032454,1,9,0,1,1,9,9,0,0,0,0,0,0,0,2,1,6,6,2,-1,-1,-1,-1,-1,-1,-1,-1,0,-1
2020451001946,2020,451001946,1,98,0,18,19,1,5,0,0,0,0,0,0,0,1,1,6,6,3,-1,-1,-1,-1,-1,-1,-1,-1,0,-1
2020200992521,2020,200992521,2,97,0,17,19,6,3,0,0,8,0,0,0,0,1,1,6,6,1,31,6,-1,-1,-1,-1,1,E01010032,0,-1
2020410977693,2020,410977693,1,9,0,9,9,3,1,0,0,4,0,0,0,0,1,1,6,6,1,18,4,-1,-1,-1,-1,9,E01023376,0,-1
202006A376705,2020,06A376705,1,1,0,18,19,5,1,0,0,8,0,0,0,0,1,1,6,6,1,31,6,-1,-1,-1,-1,2,E01005188,0,-1
2020410986411,2020,410986411,2,9,0,18,19,1,5,0,0,8,0,0,0,0,4,1,6,6,2,37,7,-1,-1,-1,-1,3,E01023873,0,-1
2020430067010,2020,430067010,1,1,0,9,9,6,4,0,0,6,0,0,0,0,1,1,1,1,1,20,4,-1,-1,-1,-1,4,E01028529,0,-1
2020990987204,2020,990987204,1,19,0,18,19,4,8,0,0,0,0,0,0,0,3,1,1,1,1,24,5,-1,-1,-1,-1,-1,-1,0,-1
2020622000674,2020,622000674,2,1,0,18,19,2,6,0,0,1,0,0,0,0,1,1,6,6,1,46,8,-1,-1,-1,-1,10,W01001573,0,-1
2020122000617,2020,122000617,1,19,4,18,19,5,1,0,0,0,1,0,7,0,1,1,1,1,1,66,10,-1,-1,-1,-1,9,E01027898,0,-1
2020990934381,2020,990934381,1,9,4,18,19,6,2,0,0,1,0,0,0,0,1,1,1,1,1,42,7,-1,-1,-1,-1,7,-1,0,-1
2020010244401,2020,010244401,2,9,0,99,99,9,9,99,99,9,9,99,9,99,1,9,6,6,3,36,7,-1,-1,-1,-1,-1,-1,0,-1
2020470937611,2020,470937611,1,1,0,18,19,5,1,0,0,1,0,0,0,0,1,1,6,6,1,52,8,-1,-1,-1,-1,7,E01016896,0,-1
2020010242981,2020,010242981,2,9,9,99,99,9,9,99,99,0,9,99,9,99,9,9,6,6,3,-1,-1,-1,-1,-1,-1,-1,-1,0,-1
2020010273117,2020,010273117,2,1,0,18,19,1,5,0,0,6,0,0,0,0,4,1,2,2,1,25,5,-1,-1,-1,-1,3,E01003978,0,-1
2020410944777,2020,410944777,2,9,-1,-1,-1,-1,-1,-1,-1,0,-1,-1,-1,0,-1,1,6,6,1,73,10,-1,-1,-1,-1,5,E01023766,0,-1
2020137321310,2020,137321310,2,1,0,18,19,4,8,0,0,0,0,0,0,0,3,1,2,2,1,29,6,-1,-1,-1,-1,6,E01011072,0,-1
2020070643132,2020,070643132,1,1,0,18,19,7,3,0,0,8,0,0,0,0,3,1,6,6,1,15,3,-1,-1,-1,-1,-1,-1,0,-1
2020040976288,2020,040976288,2,1,0,18,19,5,1,0,0,1,0,0,0,0,1,1,2,2,1,22,5,-1,-1,-1,-1,3,E01025291,0,-1
2020332000295,2020,332000295,1,9,0,18,19,7,3,0,0,1,1,0,0,0,1,1,6,6,1,-1,-1,-1,-1,-1,-1,-1,-1,0,-1
2020990976807,2020,990976807,2,1,0,18,19,3,8,0,0,1,0,0,0,0,1,1,6,6,2,63,9,-1,-1,-1,-1,8,-1,0,-1
2020350927669,2020,350927669,2,1,0,18,19,-1,-1,0,0,8,0,0,0,0,2,1,2,2,2,31,6,-1,-1,-1,-1,2,E01017946,0,-1
2020010231039,2020,010231039,2,1,0,18,19,6,2,0,0,2,0,0,0,0,1,-1,1,1,2,56,9,-1,-1,-1,-1,10,E01003887,0,-1
2020332000271,2020,332000271,1,19,0,9,9,4,2,0,0,5,0,0,0,0,1,1,2,2,1,29,6,-1,-1,-1,-1,6,E01013737,0,-1
2020010231359,2020,010231359,2,21,9,99,99,9,9,0,0,9,9,99,9,99,9,9,6,6,3,-1,-1,-1,-1,-1,-1,-1,-1,0,-1
2020140941611,2020,140941611,2,1,0,9,9,5,3,0,0,0,1,0,0,0,1,1,6,6,1,-1,-1,-1,-1,-1,-1,-1,-1,0,-1
2020010261597,2020,010261597,2,1,0,18,19,5,1,0,0,1,0,0,0,0,1,1,6,6,1,49,8,-1,-1,-1,-1,2,E01003120,0,-1
2020430087992,2020,430087992,1,1,0,18,19,5,1,0,0,0,0,0,0,0,4,1,6,6,1,20,4,-1,-1,-1,-1,7,E01017668,0,-1
2020332000493,2020,332000493,1,9,0,7,7,6,4,0,0,2,0,0,0,0,1,1,6,6,1,18,4,-1,-1,-1,-1,-1,-1,0,-1
2020501015581,2020,501015581,1,9,0,18,19,7,3,0,0,0,0,0,1,4,1,1,5,6,1,46,8,-1,-1,-1,-1,4,E01018781,0,-1
2020332000528,2020,332000528,1,1,0,18,19,3,7,0,0,8,0,0,0,0,4,1,1,1,1,55,8,-1,-1,-1,-1,3,E01025852,0,-1
2020010270604,2020,010270604,2,19,0,5,5,0,5,0,0,2,0,0,0,0,3,1,6,6,3,-1,-1,-1,-1,-1,-1,-1,-1,0,-1
2020200998553,2020,200998553,2,1,0,5,5,2,8,0,0,1,0,0,0,0,1,1,4,7,2,16,4,-1,-1,-1,-1,4,E01009663,0,-1
2020010266600,2020,010266600,1,1,0,12,12,5,1,0,0,1,0,0,0,0,3,1,2,2,1,54,8,-1,-1,-1,-1,7,E01000217,0,-1
2020137AV0982,2020,137AV0982,1,9,0,11,11,4,8,0,0,0,0,0,0,0,4,1,6,6,3,-1,-1,-1,-1,-1,-1,-1,-1,0,-1
2020170H10830,2020,170H10830,2,9,0,4,4,7,3,0,0,0,0,0,0,0,0,1,6,6,3,-1,-1,-1,-1,-1,-1,-1,-1,0,-1
2020010254149,2020,010254149,2,1,0,18,19,5,1,4,4,1,0,0,0,0,1,1,6,6,2,31,6,-1,-1,-1,-1,7,E01003903,0,-1
2020470930529,2020,470930529,1,9,0,7,7,2,7,0,0,0,0,0,0,0,1,1,6,6,3,-1,-1,-1,-1,-1,-1,-1,-1,0,-1
2020010257198,2020,010257198,1,1,0,18,19,8,4,9,9,0,0,0,0,0,1,1,1,1,1,35,6,-1,-1,-1,-1,-1,-1,0,-1
2020101001612,2020,101001612,2,1,0,18,19,2,6,0,0,8,0,0,0,0,4,1,6,6,1,37,7,-1,-1,-1,-1,1,E01008340,0,-1
2020548934020,2020,548934020,3,9,0,18,19,7,3,0,0,0,0,0,0,0,1,1,6,6,2,26,6,-1,-1,-1,-1,5,E01024598,0,-1
2020411027684,2020,411027684,1,9,-1,18,19,-1,-1,0,0,1,0,0,0,0,4,1,6,6,3,-1,-1,-1,-1,-1,-1,-1,-1,0,-1
202060Y066400,2020,60Y066400,1,9,0,18,19,2,6,0,0,0,0,0,0,0,3,1,6,6,1,-1,-1,-1,-1,-1,-1,-1,-1,0,-1
2020040982439,2020,040982439,1,9,0,5,5,1,3,4,4,4,0,0,0,0,-1,1,6,6,3,-1,-1,-1,-1,-1,-1,-1,-1,0,-1
2020010272376,2020,010272376,1,1,0,99,99,9,9,0,0,1,0,0,0,0,2,1,2,2,1,31,6,-1,-1,-1,-1,1,E01003488,0,-1
2020460973739,2020,460973739,1,98,0,18,19,1,4,0,0,0,0,0,0,0,0,1,6,6,2,50,8,-1,-1,-1,-1,4,E01024086,0,-1
2020500947028,2020,500947028,2,1,0,18,19,8,4,0,0,1,0,0,0,0,1,1,6,6,1,30,6,-1,-1,-1,-1,9,E01015118,0,-1
2020500952096,2020,500952096,1,9,0,9,9,8,6,0,0,5,0,0,0,0,3,1,5,6,1,66,10,-1,-1,-1,-1,4,E01019932,0,-1
2020100960382,2020,100960382,1,9,0,1,1,6,2,0,0,0,0,0,0,0,2,1,6,6,2,21,5,-1,-1,-1,-1,8,E01008412,0,-1
2020522004787,2020,522004787,1,9,0,9,9,6,3,0,0,5,0,0,0,0,1,1,6,6,1,25,5,-1,-1,-1,-1,2,E01014610,0,-1
2020522002942,2020,522002942,2,9,0,18,19,1,5,0,0,3,0,0,0,0,1,1,6,6,3,40,7,-1,-1,-1,-1,-1,-1,0,-1
2020200939522,2020,200939522,2,9,0,1,1,-1,-1,0,0,0,0,0,0,0,1,1,6,6,3,-1,-1,-1,-1,-1,-1,-1,-1,0,-1
2020010228666,2020,010228666,1,1,0,18,19,5,1,0,0,1,0,0,0,0,3,1,6,6,1,51,8,-1,-1,-1,-1,3,E01001640,0,-1
202060Y030559,2020,60Y030559,1,9,0,9,9,6,4,0,0,8,0,0,0,0,1,1,6,6,2,22,5,-1,-1,-1,-1,-1,-1,0,-1
2020332000345,2020,332000345,2,21,1,17,19,1,7,0,0,0,0,0,0,0,3,1,2,2,1,49,8,-1,-1,-1,-1,7,E01025929,0,-1
2020140940038,2020,140940038,1,9,0,18,19,7,3,0,0,1,0,0,0,0,1,1,6,6,3,-1,-1,-1,-1,-1,-1,-1,-1,0,-1
2020360937340,2020,360937340,1,9,0,18,19,3,7,0,0,0,0,11,0,0,1,1,6,6,3,-1,-1,-1,-1,-1,-1,-1,-1,0,-1
2020010255207,2020,010255207,1,1,9,99,99,9,9,99,99,2,9,99,9,99,1,1,6,6,1,49,8,-1,-1,-1,-1,3,E01002768,0,-1
2020500977671,2020,500977671,2,1,0,13,13,1,5,0,0,0,2,0,1,10,1,1,5,6,1,63,9,-1,-1,-1,-1,7,E01019988,0,-1
2020460994374,2020,460994374,1,19,0,18,19,3,7,0,0,5,0,0,0,0,4,1,4,7,1,-1,-1,-1,-1,-1,-1,-1,-1,0,-1
2020430323583,2020,430323583,2,22,0,18,19,8,4,9,9,8,0,0,0,0,4,1,6,6,1,69,10,-1,-1,-1,-1,10,E01016261,0,-1
2020332000641,2020,332000641,1,9,0,18,19,3,7,0,0,0,0,0,0,0,4,1,6,6,1,22,5,-1,-1,-1,-1,7,E01025985,0,-1
2020010274344,2020,010274344,1,1,9,99,99,9,9,99,99,1,9,99,9,99,1,1,2,2,2,25,5,-1,-1,-1,-1,3,E01002711,0,-1
2020010247978,2020,010247978,1,19,0,4,4,3,7,0,0,4,0,0,0,0,1,2,6,6,1,25,5,-1,-1,-1,-1,2,E01001215,0,-1
2020140986525,2020,140986525,1,9,0,3,3,7,3,0,0,2,0,0,0,0,1,1,6,6,3,-1,-1,-1,-1,-1,-1,-1,-1,0,-1
202006N174771,2020,06N174771,3,9,0,4,4,5,1,0,0,0,0,0,0,0,3,1,6,6,1,29,6,-1,-1,-1,-1,-1,-1,0,-1
202006M170547,2020,06M170547,1,19,0,18,19,5,1,0,0,8,0,0,1,0,3,1,6,6,3,-1,-1,-1,-1,-1,-1,-1,-1,0,-1
2020622000401,2020,622000401,2,1,0,18,19,6,2,0,0,1,0,0,0,0,1,1,6,6,1,23,5,-1,-1,-1,-1,9,W01001770,0,-1
2020360937387,2020,360937387,1,98,0,7,7,7,2,0,0,8,0,0,0,0,1,1,1,1,1,34,6,-1,-1,-1,-1,4,E01026874,0,-1
2020450968267,2020,450968267,2,1,0,18,19,6,2,0,0,8,0,0,0,0,2,1,6,6,1,14,3,-1,-1,-1,-1,9,E01030964,0,-1
2020010259404,2020,010259404,1,1,0,18,19,1,5,0,0,8,0,0,0,0,2,1,6,6,1,19,4,-1,-1,-1,-1,7,E01002177,0,-1
2020010247724,2020,010247724,2,1,0,14,14,1,5,0,0,0,0,4,0,0,1,1,6,6,1,55,8,-1,-1,-1,-1,2,E01002809,0,-1
2020100924916,2020,100924916,1,21,1,2,2,7,3,0,0,0,0,0,0,0,3,2,1,1,1,46,8,-1,-1,-1,-1,-1,-1,0,-1
2020010260838,2020,010260838,2,1,0,15,15,5,1,0,0,2,0,0,0,0,1,1,2,2,1,26,6,-1,-1,-1,-1,2,E01000627,0,-1
2020610049920,2020,610049920,1,98,0,17,19,4,1,0,0,1,0,0,0,0,0,1,1,1,3,-1,-1,-1,-1,-1,-1,-1,-1,0,-1
2020990988622,2020,990988622,1,9,0,6,6,5,7,0,0,1,0,0,0,0,1,1,6,6,3,50,8,-1,-1,-1,-1,-1,-1,0,-1
2020052000452,2020,052000452,1,1,0,18,19,7,3,0,0,1,0,0,0,0,4,1,6,6,2,12,3,-1,-1,-1,-1,2,E01006751,0,-1
2020332000641,2020,332000641,2,1,0,18,19,1,5,0,0,0,0,0,0,0,1,1,6,6,1,13,3,-1,-1,-1,-1,1,E01013679,0,-1
2020010239595,2020,010239595,2,1,0,18,19,7,3,0,0,0,1,0,0,0,1,1,2,2,1,41,7,-1,-1,-1,-1,3,E01003586,0,-1
2020302001578,2020,302001578,2,22,0,18,19,2,6,0,0,8,0,0,0,0,3,1,6,6,1,84,11,-1,-1,-1,-1,1,E01019662,0,-1
2020122000391,2020,122000391,1,1,0,18,19,7,3,0,0,8,0,0,0,0,0,1,2,2,2,53,8,-1,-1,-1,-1,4,E01013353,0,-1
2020332000043,2020,332000043,2,11,0,16,19,4,8,0,0,0,0,0,0,0,3,1,1,1,2,70,10,-1,-1,-1,-1,7,E01025890,0,-1
2020010238434,2020,010238434,1,1,9,99,99,9,9,99,99,9,9,99,9,99,0,1,2,2,1,-1,-1,-1,-1,-1,-1,10,E01000756,0,-1
2020500951783,2020,500951783,1,9,0,18,19,7,3,0,0,0,1,0,1,4,1,1,5,6,1,44,7,-1,-1,-1,-1,7,E01019953,0,-1
2020420952914,2020,420952914,3,19,0,2,2,5,1,0,0,0,0,0,0,0,2,1,6,6,3,-1,-1,-1,-1,-1,-1,-1,-1,0,-1
2020041005295,2020,041005295,1,9,0,7,7,7,3,0,0,8,0,0,0,0,3,1,6,6,3,59,9,-1,-1,-1,-1,-1,-1,0,-1
2020332000779,2020,332000779,2,9,0,2,2,0,0,0,0,0,0,0,0,0,1,1,6,6,1,77,11,-1,-1,-1,-1,5,E01025897,0,-1
2020010269932,2020,010269932,2,1,9,99,99,9,9,0,0,9,0,0,0,0,9,1,6,6,1,34,6,-1,-1,-1,-1,2,E01000785,0,-1
2020430412750,2020,430412750,1,1,0,9,9,6,4,0,0,8,0,0,0,0,4,1,6,6,1,61,9,-1,-1,-1,-1,7,E01016545,0,-1
2020010245400,2020,010245400,1,9,0,4,4,7,3,0,0,1,0,0,0,0,1,1,6,6,1,45,7,-1,-1,-1,-1,6,E01000486,0,-1
2020010246747,2020,010246747,1,1,9,99,99,9,9,99,99,9,9,99,9,99,1,1,6,6,1,39,7,-1,-1,-1,-1,4,E01001512,0,-1
2020010262557,2020,010262557,2,9,0,99,99,9,9,99,99,9,9,99,9,99,9,9,6,6,3,-1,-1,-1,-1,-1,-1,-1,-1,0,-1
2020200975973,2020,200975973,2,1,0,5,5,7,3,0,0,2,0,0,0,0,2,1,2,2,1,41,7,-1,-1,-1,-1,5,E01008888,0,-1
2020370965005,2020,370965005,1,90,-1,-1,-1,-1,-1,-1,-1,0,0,0,0,0,-1,1,6,6,3,-1,-1,-1,-1,-1,-1,-1,-1,0,-1
2020420946393,2020,420946393,4,9,0,2,2,0,0,0,0,1,0,0,0,0,2,1,6,6,3,-1,-1,-1,-1,-1,-1,-1,-1,0,-1
2020351019223,2020,351019223,1,1,0,18,19,1,5,0,0,1,0,0,0,0,1,1,6,6,1,21,5,-1,-1,-1,-1,-1,-1,0,-1
2020552000128,2020,552000128,2,9,0,3,3,7,3,0,0,0,0,0,0,0,2,1,6,6,1,41,7,-1,-1,-1,-1,7,E01015418,0,-1
2020140987786,2020,140987786,2,9,0,18,19,4,8,0,0,2,0,0,0,0,1,1,6,6,3,-1,-1,-1,-1,-1,-1,-1,-1,0,-1
202060Y058228,2020,60Y058228,2,9,0,18,19,8,4,0,0,8,0,0,0,0,1,1,6,6,2,52,8,-1,-1,-1,-1,-1,-1,0,-1
2020990946678,2020,990946678,2,1,0,18,19,3,7,0,0,5,0,0,0,0,3,1,6,6,1,62,9,-1,-1,-1,-1,3,-1,0,-1
2020140989888,2020,140989888,2,9,0,-1,-1,-1,-1,-1,-1,0,-1,-1,-1,0,-1,1,6,6,3,-1,-1,-1,-1,-1,-1,-1,-1,0,-1
2020200964819,2020,200964819,2,5,0,18,19,2,6,0,0,1,0,0,0,0,3,1,6,6,1,38,7,-1,-1,-1,-1,1,E01010541,0,-1
2020430391475,2020,430391475,1,9,0,18,19,2,6,0,0,6,0,0,0,0,1,1,6,6,1,-1,-1,-1,-1,-1,-1,-1,-1,0,-1
2020501016611,2020,501016611,2,9,0,18,19,5,1,0,0,0,0,0,0,0,1,1,6,6,1,59,9,-1,-1,-1,-1,10,E01019963,0,-1
202006A169269,2020,06A169269,2,9,0,5,5,2,6,0,0,1,0,0,0,0,1,1,6,6,3,-1,-1,-1,-1,-1,-1,-1,-1,0,-1
2020332000678,2020,332000678,2,19,0,2,2,0,0,0,0,1,0,0,0,0,1,1,6,6,3,-1,-1,-1,-1,-1,-1,-1,-1,0,-1
2020161006136,2020,161006136,2,9,0,9,9,1,7,0,0,8,0,0,0,0,2,1,6,6,3,-1,-1,-1,-1,-1,-1,-1,-1,0,-1
2020522004620,2020,522004620,3,9,0,2,2,0,0,0,0,0,0,0,0,0,1,1,6,6,3,-1,-1,-1,-1,-1,-1,-1,-1,0,-1
2020230980146,2020,230980146,2,1,0,18,19,5,1,0,0,0,0,0,0,0,3,1,5,6,1,56,9,-1,-1,-1,-1,8,E01032533,0,-1
2020622000714,2020,622000714,2,1,0,18,19,2,6,0,0,1,0,0,0,0,1,1,6,6,1,9,2,-1,-1,-1,-1,3,W01001804,0,-1
2020070206325,2020,070206325,2,1,0,16,19,7,3,0,0,1,0,0,1,11,2,1,2,2,1,19,4,-1,-1,-1,-1,2,E01012383,0,-1
2020010282982,2020,010282982,1,1,9,99,99,9,9,99,99,9,9,99,9,99,1,1,6,6,3,27,6,-1,-1,-1,-1,7,E01004605,0,-1
2020010264837,2020,010264837,1,1,9,99,99,9,9,99,99,1,9,99,9,99,1,1,6,6,1,28,6,-1,-1,-1,-1,6,E01002006,0,-1
2020201018482,2020,201018482,1,9,0,9,9,4,2,0,0,5,0,0,0,0,4,1,1,1,1,48,8,-1,-1,-1,-1,9,E01029375,0,-1
2020100928892,2020,100928892,1,8,0,5,5,0,0,0,0,0,0,0,0,0,-1,1,1,1,1,-1,-1,-1,-1,-1,-1,-1,-1,0,-1
2020010252213,2020,010252213,2,1,9,99,99,9,9,99,99,9,9,99,9,99,9,1,6,6,2,-1,-1,-1,-1,-1,-1,-1,-1,0,-1
2020990927251,2020,990927251,2,1,0,10,10,8,6,0,0,5,0,0,0,0,4,1,2,2,1,56,9,-1,-1,-1,-1,1,-1,0,-1
2020170M30910,2020,170M30910,1,9,0,18,19,6,2,0,0,4,0,0,0,0,1,1,6,6,1,19,4,-1,-1,-1,-1,-1,-1,0,-1
2020010281651,2020,010281651,2,1,0,6,6,7,7,0,0,0,2,0,0,0,2,1,6,6,1,73,10,-1,-1,-1,-1,1,E01004244,0,-1
2020451005965,2020,451005965,2,19,0,18,19,2,4,0,0,0,0,0,0,0,2,1,6,6,3,35,6,-1,-1,-1,-1,9,E01016196,0,-1
2020480946861,2020,480946861,2,1,0,18,19,1,5,0,0,8,0,0,0,0,1,1,2,2,1,35,6,-1,-1,-1,-1,3,E01003439,0,-1
2020460998535,2020,460998535,1,21,1,17,19,5,1,0,0,0,0,0,0,0,0,1,6,6,3,-1,-1,-1,-1,-1,-1,-1,-1,0,-1
2020010273699,2020,010273699,2,8,9,99,99,9,9,99,99,9,9,99,9,99,9,9,6,6,3,-1,-1,-1,-1,-1,-1,-1,-1,0,-1
2020052002368,2020,052002368,1,1,0,18,19,4,8,0,0,0,0,0,0,0,1,1,6,6,1,18,4,-1,-1,-1,-1,3,E01006747,0,-1
2020522004431,2020,522004431,1,9,0,18,19,5,1,0,0,0,0,0,0,0,1,1,6,6,2,50,8,-1,-1,-1,-1,-1,-1,0,-1
2020140962065,2020,140962065,3,9,0,2,2,1,1,0,0,0,0,0,0,0,1,1,6,6,3,-1,-1,-1,-1,-1,-1,-1,-1,0,-1
2020990915471,2020,990915471,2,1,0,18,19,3,8,0,0,0,0,0,0,0,1,1,6,6,1,20,4,-1,-1,-1,-1,-1,-1,0,-1
2020160922661,2020,160922661,2,1,0,14,14,8,4,0,0,2,0,0,0,0,1,1,6,6,1,24,5,-1,-1,-1,-1,5,E01012758,0,-1
2020552000123,2020,552000123,1,1,0,4,4,3,7,0,0,4,0,0,0,0,3,1,4,7,2,17,4,-1,-1,-1,-1,10,E01015455,0,-1
2020370985335,2020,370985335,2,9,0,17,19,8,4,0,0,0,0,0,0,0,1,1,2,2,1,31,6,-1,-1,-1,-1,6,E01029907,0,-1
202063A059120,2020,63A059120,2,1,0,18,19,-1,-1,0,0,0,0,0,0,0,0,1,6,6,1,15,3,-1,-1,-1,-1,8,W01000682,0,-1
2020052001428,2020,052001428,1,8,0,5,5,5,1,0,0,0,0,0,0,0,4,1,1,1,1,28,6,-1,-1,-1,-1,1,E01006961,0,-1
2020220924339,2020,220924339,2,1,0,18,19,2,6,0,0,0,0,0,0,0,2,1,2,2,1,39,7,-1,-1,-1,-1,9,E01032219,0,-1
2020501015171,2020,501015171,1,9,0,4,4,1,5,0,0,8,0,0,1,0,1,1,5,6,1,25,5,-1,-1,-1,-1,4,E01019980,0,-1
2020010276125,2020,010276125,1,1,9,99,99,9,9,99,99,9,9,99,9,99,9,1,6,6,1,48,8,-1,-1,-1,-1,3,E01002777,0,-1
2020332000547,2020,332000547,2,19,0,8,8,3,1,0,0,6,0,0,0,0,1,1,1,1,1,50,8,-1,-1,-1,-1,2,E01013772,0,-1
2020520003082,2020,520003082,1,17,0,18,19,8,4,0,0,0,0,0,0,0,1,1,1,1,3,-1,-1,-1,-1,-1,-1,-1,-1,0,-1
2020010233349,2020,010233349,1,9,0,99,99,9,9,99,99,9,9,99,9,99,2,9,6,6,3,-1,-1,-1,-1,-1,-1,-1,-1,0,-1
2020350970916,2020,350970916,2,9,0,9,9,3,7,0,0,0,0,0,0,0,2,1,5,6,1,33,6,-1,-1,-1,-1,7,E01021470,0,-1
2020430120547,2020,430120547,2,1,0,18,19,8,4,0,0,8,0,0,0,0,1,1,6,6,1,56,9,-1,-1,-1,-1,10,E01016245,0,-1
2020010246674,2020,010246674,1,11,0,3,3,3,7,2,2,1,0,0,0,0,2,1,1,1,1,56,9,-1,-1,-1,-1,-1,-1,0,-1
2020501005096,2020,501005096,2,1,0,9,9,7,1,0,0,8,0,0,0,0,3,1,6,6,1,31,6,-1,-1,-1,-1,3,E01015115,0,-1
2020522001756,2020,522001756,2,19,0,18,19,1,5,0,0,0,0,0,0,0,2,1,6,6,1,-1,-1,-1,-1,-1,-1,-1,-1,0,-1
2020010280702,2020,010280702,1,9,0,99,99,9,9,99,99,0,9,99,9,99,4,9,6,6,3,-1,-1,-1,-1,-1,-1,-1,-1,0,-1
2020140947611,2020,140947611,2,9,0,2,2,0,0,0,0,0,0,0,0,0,0,2,6,6,3,-1,-1,-1,-1,-1,-1,-1,-1,0,-1
2020052000076,2020,052000076,1,9,0,18,19,4,8,0,0,8,0,0,0,0,1,1,6,6,3,-1,-1,-1,-1,-1,-1,-1,-1,0,-1
2020170S10820,2020,170S10820,1,1,0,18,19,2,6,0,0,6,0,0,0,0,1,1,6,6,1,13,3,-1,-1,-1,-1,4,E01032544,0,-1
2020470986430,2020,470986430,1,9,0,18,19,4,8,0,0,1,0,0,0,0,1,1,6,6,2,-1,-1,-1,-1,-1,-1,-1,-1,0,-1
2020137CI1241,2020,137CI1241,1,1,0,18,19,6,2,0,0,1,0,0,0,0,1,1,6,6,1,51,8,-1,-1,-1,-1,4,E01011597,0,-1
2020440277178,2020,440277178,4,9,0,18,19,2,6,0,0,0,0,0,0,0,2,1,1,1,1,22,5,-1,-1,-1,-1,9,E01022615,0,-1
2020522002033,2020,522002033,1,1,0,18,19,2,6,0,0,0,0,0,0,0,2,1,6,6,2,30,6,-1,-1,-1,-1,6,E01014631,0,-1
2020100973012,2020,100973012,2,1,0,7,7,1,4,0,0,3,0,0,1,0,2,1,5,6,1,62,9,-1,-1,-1,-1,8,E01027406,0,-1
2020010271380,2020,010271380,2,98,0,99,99,9,9,99,99,9,9,99,9,99,9,9,6,6,3,-1,-1,-1,-1,-1,-1,-1,-1,0,-1
2020450939835,2020,450939835,2,9,0,18,19,7,3,0,0,0,0,0,0,0,2,1,6,6,1,56,9,-1,-1,-1,-1,-1,-1,0,-1
2020440195620,2020,440195620,3,9,0,4,4,8,4,0,0,1,0,0,0,0,1,1,6,6,1,-1,-1,-1,-1,-1,-1,-1,-1,0,-1
2020350965899,2020,350965899,1,9,0,5,5,5,2,0,0,4,0,0,0,0,1,1,6,6,2,50,8,-1,-1,-1,-1,-1,-1,0,-1
2020410963504,2020,410963504,1,98,-1,-1,-1,8,4,-1,-1,-1,-1,-1,-1,0,-1,1,6,6,1,-1,-1,-1,-1,-1,-1,-1,-1,0,-1
2020332001183,2020,332001183,1,9,0,18,19,7,3,0,0,0,0,0,0,0,0,1,6,6,1,51,8,-1,-1,-1,-1,-1,-1,0,-1
2020320010844,2020,320010844,1,9,0,18,19,1,5,0,0,1,0,0,1,1,1,1,6,6,1,46,8,-1,-1,-1,-1,1,E01026069,0,-1
2020460968711,2020,460968711,3,9,0,18,19,5,1,0,0,1,1,0,0,0,1,1,6,6,2,64,9,-1,-1,-1,-1,9,E01024256,0,-1
2020010271632,2020,010271632,2,9,0,99,99,9,9,99,99,9,9,99,9,99,4,9,6,6,3,-1,-1,-1,-1,-1,-1,-1,-1,0,-1
2020430022489,2020,430022489,1,1,0,18,19,6,2,0,0,8,0,0,0,0,4,1,6,6,2,63,9,-1,-1,-1,-1,10,E01016526,0,-1
2020137311620,2020,137311620,1,9,0,18,19,5,1,0,0,0,0,0,0,0,4,1,1,1,1,-1,-1,-1,-1,-1,-1,-1,-1,0,-1
2020470951532,2020,470951532,3,9,0,9,9,8,5,0,0,5,0,0,0,0,0,1,6,6,3,-1,-1,-1,-1,-1,-1,-1,-1,0,-1
2020460966917,2020,460966917,2,1,0,3,3,7,3,0,0,0,0,0,0,0,4,1,5,6,2,45,7,-1,-1,-1,-1,7,E01024844,0,-1
2020420949207,2020,420949207,1,1,0,18,19,5,2,0,0,0,5,0,7,0,4,1,6,6,1,32,6,-1,-1,-1,-1,3,E01022044,0,-1
2020370936989,2020,370936989,3,9,0,2,2,0,0,9,9,1,0,0,1,4,2,1,6,6,3,-1,-1,-1,-1,-1,-1,-1,-1,0,-1
2020100917644,2020,100917644,1,9,0,11,11,3,7,0,0,0,0,0,0,0,0,1,6,6,3,-1,-1,-1,-1,-1,-1,-1,-1,0,-1
2020350924597,2020,350924597,4,9,0,18,19,6,2,0,0,0,0,0,0,0,3,1,6,6,1,58,9,-1,-1,-1,-1,6,E01030112,0,-1
2020522002038,2020,522002038,2,9,0,5,5,7,3,0,0,4,0,0,0,0,3,1,6,6,1,50,8,-1,-1,-1,-1,-1,-1,0,-1
2020137A11721,2020,137A11721,1,1,0,18,19,7,3,0,0,0,0,0,0,0,1,1,1,1,1,27,6,-1,-1,-1,-1,5,E01033019,0,-1
2020010259407,2020,010259407,2,1,0,18,19,7,3,0,0,1,5,0,0,0,1,1,6,6,1,33,6,-1,-1,-1,-1,10,E01023483,0,-1
2020470933296,2020,470933296,3,9,0,2,2,0,0,0,0,1,0,0,0,0,3,1,6,6,3,-1,-1,-1,-1,-1,-1,-1,-1,0,-1
2020450988860,2020,450988860,1,1,0,18,19,3,1,0,0,4,0,0,0,0,4,1,5,6,1,32,6,-1,-1,-1,-1,6,E01004577,0,-1