collision_index,collision_year,collision_ref_no,vehicle_reference,vehicle_type,towing_and_articulation,vehicle_manoeuvre_historic,vehicle_manoeuvre,vehicle_direction_from,vehicle_direction_to,vehicle_location_restricted_lane_historic,vehicle_location_restricted_lane,junction_location,skidding_and_overturning,hit_object_in_carriageway,vehicle_leaving_carriageway,hit_object_off_carriageway,first_point_of_impact,vehicle_left_hand_drive,journey_purpose_of_driver_historic,journey_purpose_of_driver,sex_of_driver,age_of_driver,age_band_of_driver,engine_capacity_cc,propulsion_code,age_of_vehicle,generic_make_model,driver_imd_decile,lsoa_of_driver,escooter_flag,driver_distance_banding
2020200993156,2020,200993156,1,9,0,18,19,4,8,0,0,0,0,0,0,0,1,1,2,2,2,41,7,-1,-1,-1,-1,4,E01009861,0,-1
2020340D05092,2020,340D05092,2,90,0,18,19,3,7,0,0,0,0,0,0,0,2,1,6,6,2,61,9,-1,-1,-1,-1,10,E01025615,0,-1
2020332000605,2020,332000605,1,3,0,17,19,2,7,0,0,0,1,0,0,0,1,1,2,2,1,51,8,-1,-1,-1,-1,9,E01026360,0,-1
2020010253065,2020,010253065,2,9,0,5,5,5,1,0,0,4,0,0,0,0,1,1,6,6,2,30,6,-1,-1,-1,-1,4,E01004016,0,-1
2020520003180,2020,520003180,1,9,0,18,19,2,6,0,0,0,0,0,0,0,1,1,6,6,3,-1,-1,-1,-1,-1,-1,-1,-1,0,-1
2020010234490,2020,010234490,1,1,9,99,99,9,9,99,99,9,9,99,9,99,9,-1,2,2,2,27,6,-1,-1,-1,-1,2,E01004242,0,-1
2020470999964,2020,470999964,2,9,0,5,5,5,1,0,0,0,0,0,0,0,2,1,1,1,1,41,7,-1,-1,-1,-1,6,E01024756,0,-1
2020010231268,2020,010231268,1,9,0,18,19,7,3,5,5,5,0,0,0,0,1,1,6,6,1,19,4,-1,-1,-1,-1,5,E01001500,0,-1
2020450982659,2020,450982659,1,9,0,18,19,1,5,0,0,1,0,0,0,0,1,1,5,6,1,46,8,-1,-1,-1,-1,5,E01030481,0,-1
2020461011045,2020,461011045,1,10,0,18,19,7,3,0,0,0,0,0,0,0,1,1,1,1,1,58,9,-1,-1,-1,-1,3,E01001053,0,-1
2020010266173,2020,010266173,2,9,0,7,7,4,6,0,0,2,0,0,0,0,0,1,6,6,3,-1,-1,-1,-1,-1,-1,-1,-1,0,-1
2020010271224,2020,010271224,2,9,0,6,6,7,7,0,0,8,0,0,0,0,3,1,6,6,2,27,6,-1,-1,-1,-1,3,E01000368,0,-1
2020461006620,2020,461006620,1,9,0,5,5,1,5,0,0,0,0,0,0,0,3,1,1,1,1,49,8,-1,-1,-1,-1,9,E01031741,0,-1
2020332000858,2020,332000858,1,9,0,18,19,7,3,0,0,8,0,0,0,0,2,1,6,6,2,65,9,-1,-1,-1,-1,8,E01025775,0,-1
202031D003620,2020,31D003620,1,1,0,18,19,2,6,1,1,0,0,0,0,0,0,1,6,6,1,29,6,-1,-1,-1,-1,4,E01013903,0,-1
2020010263186,2020,010263186,1,1,9,99,99,9,9,99,99,9,9,99,9,99,9,1,2,2,2,27,6,-1,-1,-1,-1,8,E01001585,0,-1
2020370968459,2020,370968459,2,1,0,18,19,5,1,0,0,8,0,0,0,0,4,1,5,6,1,66,10,-1,-1,-1,-1,7,E01030098,0,-1
202031B062120,2020,31B062120,1,9,0,18,19,1,5,0,0,1,2,4,0,0,1,1,6,6,1,37,7,-1,-1,-1,-1,6,E01013895,0,-1
2020545424120,2020,545424120,2,1,0,18,19,7,3,0,0,0,0,0,0,0,3,1,6,6,1,48,8,-1,-1,-1,-1,8,E01032071,0,-1
2020010229510,2020,010229510,1,3,0,18,19,7,3,0,0,2,0,0,0,0,0,1,6,6,1,21,5,-1,-1,-1,-1,2,E01003970,0,-1
202006G268511,2020,06G268511,2,1,0,18,19,5,1,0,0,8,0,0,0,0,0,1,2,2,1,44,7,-1,-1,-1,-1,4,E01006009,0,-1
2020010238398,2020,010238398,2,9,0,4,4,5,1,0,0,2,0,0,0,0,0,1,6,6,3,-1,-1,-1,-1,-1,-1,-1,-1,0,-1
2020010240587,2020,010240587,1,9,0,4,4,1,5,0,0,0,0,0,0,0,0,1,1,1,1,34,6,-1,-1,-1,-1,3,E01000635,0,-1
2020100976872,2020,100976872,2,1,0,18,19,6,2,0,0,0,0,0,0,0,2,1,6,6,1,50,8,-1,-1,-1,-1,4,E01027433,0,-1
2020990939379,2020,990939379,2,9,0,18,19,2,6,0,0,0,0,0,0,0,1,1,6,6,1,25,5,-1,-1,-1,-1,3,-1,0,-1
202006K368280,2020,06K368280,1,9,0,18,19,7,3,0,0,8,0,0,0,0,1,1,6,6,1,30,6,-1,-1,-1,-1,-1,-1,0,-1
2020546566820,2020,546566820,2,1,0,18,19,3,7,0,0,8,0,0,0,0,1,1,6,6,1,47,8,-1,-1,-1,-1,8,E01014427,0,-1
2020320396501,2020,320396501,1,9,0,18,19,1,5,0,0,0,0,0,0,0,4,1,6,6,3,-1,-1,-1,-1,-1,-1,-1,-1,0,-1
2020622000575,2020,622000575,1,1,0,4,4,2,6,0,0,0,0,0,0,0,1,1,6,6,1,13,3,-1,-1,-1,-1,3,W01001009,0,-1
2020430058534,2020,430058534,2,9,0,2,2,0,0,0,0,0,0,0,0,0,2,1,6,6,3,-1,-1,-1,-1,-1,-1,-1,-1,0,-1
2020010265079,2020,010265079,2,3,0,99,99,9,9,99,99,0,9,99,9,99,2,1,6,6,3,-1,-1,-1,-1,-1,-1,-1,-1,0,-1
2020332000825,2020,332000825,3,9,0,18,19,3,7,0,0,0,0,0,0,0,1,1,2,2,1,61,9,-1,-1,-1,-1,5,E01025821,0,-1
2020101027166,2020,101027166,1,1,0,18,19,3,7,0,0,2,0,0,0,0,2,1,6,6,1,74,10,-1,-1,-1,-1,4,E01008175,0,-1
2020440409861,2020,440409861,2,1,0,18,19,2,6,0,0,8,0,0,0,0,4,1,6,6,1,23,5,-1,-1,-1,-1,7,E01017231,0,-1
2020990954562,2020,990954562,2,1,0,17,19,6,3,0,0,1,5,0,0,0,1,1,6,6,1,33,6,-1,-1,-1,-1,7,-1,0,-1
2020460983019,2020,460983019,1,9,0,18,19,3,7,0,0,0,0,0,0,0,0,1,5,6,1,33,6,-1,-1,-1,-1,8,E01024185,0,-1
2020010232033,2020,010232033,1,4,0,99,99,9,9,99,99,0,9,99,9,99,9,1,2,2,1,51,8,-1,-1,-1,-1,6,E01030643,0,-1
2020401001098,2020,401001098,2,1,0,18,19,6,2,0,0,0,1,0,0,0,1,1,6,6,1,15,3,-1,-1,-1,-1,2,E01017490,0,-1
2020220953954,2020,220953954,1,19,0,18,19,8,4,0,0,0,0,7,0,0,1,1,5,6,1,57,9,-1,-1,-1,-1,8,E01032269,0,-1
2020990965056,2020,990965056,2,9,0,2,2,6,1,0,0,3,0,0,0,0,2,1,2,2,1,57,9,-1,-1,-1,-1,7,-1,0,-1
2020500986237,2020,500986237,1,9,0,4,4,1,5,0,0,8,1,0,0,0,1,1,5,6,3,-1,-1,-1,-1,-1,-1,-1,-1,0,-1
2020440195415,2020,440195415,2,3,0,8,8,6,8,0,0,1,0,0,0,0,2,1,6,6,1,49,8,-1,-1,-1,-1,2,E01023119,0,-1
2020030921933,2020,030921933,1,9,0,13,13,4,8,0,0,0,1,0,7,4,1,1,2,2,1,44,7,-1,-1,-1,-1,4,E01019102,0,-1
2020111011651,2020,111011651,1,9,0,7,7,2,4,0,0,2,0,0,0,0,1,1,6,6,2,40,7,-1,-1,-1,-1,-1,-1,0,-1
2020460968010,2020,460968010,1,9,0,18,19,3,7,0,0,0,0,0,0,0,4,1,5,6,1,-1,-1,-1,-1,-1,-1,-1,-1,0,-1
2020522004907,2020,522004907,1,1,0,18,19,6,2,0,0,0,0,0,0,0,1,1,6,6,2,31,6,-1,-1,-1,-1,3,E01014684,0,-1
2020030981461,2020,030981461,3,1,0,18,19,7,3,0,0,0,0,0,0,0,2,1,5,6,1,-1,-1,-1,-1,-1,-1,-1,-1,0,-1
2020440210246,2020,440210246,1,4,0,9,9,5,2,0,0,8,0,0,1,2,1,1,6,6,1,22,5,-1,-1,-1,-1,1,E01017207,0,-1
2020622000560,2020,622000560,2,1,0,18,19,3,7,0,0,1,0,0,0,0,1,1,6,6,2,24,5,-1,-1,-1,-1,8,W01001047,0,-1
202031C092320,2020,31C092320,2,1,0,18,19,3,7,0,0,4,0,0,0,0,3,1,6,6,1,28,6,-1,-1,-1,-1,4,E01013941,0,-1
2020160921543,2020,160921543,1,11,0,18,19,4,8,0,0,0,0,0,0,0,1,1,6,6,3,-1,-1,-1,-1,-1,-1,-1,-1,0,-1
2020010283255,2020,010283255,1,5,0,99,99,9,9,99,99,9,9,99,9,99,1,1,6,6,1,25,5,-1,-1,-1,-1,2,E01000527,0,-1
2020122100099,2020,122100099,1,1,0,18,19,5,1,0,0,0,0,0,0,0,3,1,6,6,1,50,8,-1,-1,-1,-1,6,E01013022,0,-1
2020522005097,2020,522005097,1,9,0,9,9,7,5,0,0,8,0,0,0,0,1,1,6,6,1,21,5,-1,-1,-1,-1,10,E01029160,0,-1
2020440112568,2020,440112568,2,1,0,18,19,1,7,0,0,8,0,0,0,0,4,1,6,6,1,50,8,-1,-1,-1,-1,-1,-1,0,-1
202031D100120,2020,31D100120,2,1,0,18,19,3,7,0,0,8,0,7,0,0,2,1,6,6,1,23,5,-1,-1,-1,-1,2,E01013872,0,-1
2020360968166,2020,360968166,2,9,0,18,19,-1,-1,0,0,1,0,0,0,0,0,1,5,6,1,19,4,-1,-1,-1,-1,6,E01026771,0,-1
2020320069925,2020,320069925,1,9,0,18,19,1,5,0,0,8,0,0,0,0,1,1,6,6,1,54,8,-1,-1,-1,-1,2,E01026175,0,-1
2020302000761,2020,302000761,1,5,0,16,19,4,6,0,0,0,1,0,0,0,1,1,6,6,1,-1,-1,-1,-1,-1,-1,9,E01019590,0,-1
2020010250396,2020,010250396,1,9,0,99,99,9,9,99,99,9,9,99,9,99,1,9,6,6,3,-1,-1,-1,-1,-1,-1,-1,-1,0,-1
2020010267928,2020,010267928,2,1,0,10,10,5,2,0,0,1,0,0,0,0,4,1,6,6,1,49,8,-1,-1,-1,-1,4,E01001736,0,-1
2020332000948,2020,332000948,1,9,0,9,9,1,7,0,0,6,0,0,0,0,1,1,6,6,2,58,9,-1,-1,-1,-1,-1,-1,0,-1
2020010283708,2020,010283708,3,9,0,3,3,5,1,0,0,0,0,0,0,0,2,1,6,6,1,43,7,-1,-1,-1,-1,1,E01001425,0,-1
2020010266120,2020,010266120,2,1,0,18,19,7,3,0,0,1,0,0,0,0,0,1,1,1,1,26,6,-1,-1,-1,-1,1,E01000308,0,-1
2020010271782,2020,010271782,2,19,0,99,99,9,9,99,99,0,9,99,9,99,4,9,6,6,3,-1,-1,-1,-1,-1,-1,-1,-1,0,-1
2020500993466,2020,500993466,2,1,0,5,5,5,1,0,0,1,0,0,0,0,0,1,6,6,1,78,11,-1,-1,-1,-1,8,E01015097,0,-1
2020460985269,2020,460985269,2,1,0,18,19,7,3,0,0,0,0,0,0,0,2,1,6,6,1,16,4,-1,-1,-1,-1,3,E01024567,0,-1
2020010240296,2020,010240296,1,9,0,5,5,5,1,0,0,0,0,0,0,0,3,1,6,6,1,52,8,-1,-1,-1,-1,4,E01000405,0,-1
2020411006131,2020,411006131,2,90,0,18,19,2,6,0,0,0,0,0,0,0,1,1,6,6,3,-1,-1,-1,-1,-1,-1,-1,-1,0,-1
2020411000826,2020,411000826,1,98,0,18,19,5,1,0,0,0,0,0,0,0,0,1,6,6,2,-1,-1,-1,-1,-1,-1,-1,-1,0,-1
2020430006237,2020,430006237,1,19,0,18,19,2,6,0,0,0,0,0,0,0,1,1,1,1,3,-1,-1,-1,-1,-1,-1,-1,-1,0,-1
2020200969164,2020,200969164,2,1,0,18,19,8,4,4,4,8,0,0,0,0,1,1,6,6,1,51,8,-1,-1,-1,-1,-1,-1,0,-1
2020010273178,2020,010273178,2,1,0,18,19,1,5,0,0,0,0,0,0,0,0,1,6,6,2,28,6,-1,-1,-1,-1,7,E01004499,0,-1
2020990963116,2020,990963116,1,9,0,3,3,5,1,0,0,1,0,0,0,0,2,1,5,6,1,26,6,-1,-1,-1,-1,7,-1,0,-1
2020010258670,2020,010258670,1,9,0,18,19,5,1,0,0,0,0,0,0,0,1,1,6,6,3,-1,-1,-1,-1,-1,-1,-1,-1,0,-1
2020440195600,2020,440195600,2,19,0,1,1,1,5,0,0,0,0,0,0,0,2,1,6,6,1,55,8,-1,-1,-1,-1,6,E01017072,0,-1
2020440445803,2020,440445803,1,1,0,18,19,5,1,0,0,0,1,0,0,0,1,1,6,6,1,51,8,-1,-1,-1,-1,10,E01022663,0,-1
2020200993049,2020,200993049,2,9,0,18,19,4,8,0,0,8,0,0,0,0,1,1,6,6,1,22,5,-1,-1,-1,-1,5,E01031336,0,-1
2020500952096,2020,500952096,2,1,0,18,19,6,2,0,0,8,5,0,0,0,1,1,5,6,2,53,8,-1,-1,-1,-1,6,E01019888,0,-1
2020052002557,2020,052002557,2,1,0,18,19,1,5,0,0,8,0,0,0,0,4,1,2,2,1,29,6,-1,-1,-1,-1,2,E01006970,0,-1
2020010254010,2020,010254010,2,1,9,99,99,9,9,99,99,2,9,99,9,99,1,1,6,6,3,-1,-1,-1,-1,-1,-1,-1,-1,0,-1
2020350984345,2020,350984345,1,1,-1,-1,-1,-1,-1,-1,-1,-1,-1,-1,-1,0,-1,1,2,2,2,29,6,-1,-1,-1,-1,-1,-1,0,-1
2020320414396,2020,320414396,4,9,0,18,19,7,3,0,0,0,0,0,0,0,2,1,1,1,1,52,8,-1,-1,-1,-1,8,E01026171,0,-1
2020040953448,2020,040953448,2,1,0,18,19,7,3,0,0,0,0,0,0,0,2,1,5,6,2,30,6,-1,-1,-1,-1,3,E01025306,0,-1
2020451000010,2020,451000010,2,9,0,18,19,7,3,0,0,1,0,0,0,0,1,1,6,6,3,45,7,-1,-1,-1,-1,-1,-1,0,-1
202060Y013494,2020,60Y013494,1,9,0,17,19,8,4,0,0,0,2,0,1,0,1,1,6,6,2,65,9,-1,-1,-1,-1,-1,-1,0,-1
2020100944372,2020,100944372,1,8,0,6,6,1,2,0,0,0,0,0,0,0,4,1,6,6,1,-1,-1,-1,-1,-1,-1,-1,-1,0,-1
202060Y124455,2020,60Y124455,1,5,0,16,19,8,3,0,0,0,0,0,0,0,1,1,6,6,1,61,9,-1,-1,-1,-1,-1,-1,0,-1
2020440014413,2020,440014413,2,9,0,18,19,5,1,0,0,8,0,0,0,0,1,1,1,1,1,21,5,-1,-1,-1,-1,2,E01017156,0,-1
2020440427583,2020,440427583,1,1,0,18,19,1,7,0,0,8,0,0,0,0,2,1,2,2,1,31,6,-1,-1,-1,-1,5,E01017088,0,-1
2020430065771,2020,430065771,2,9,0,18,19,4,8,0,0,1,0,0,0,0,1,1,6,6,2,35,6,-1,-1,-1,-1,5,E01032724,0,-1
2020140971644,2020,140971644,2,1,0,9,9,2,6,0,0,1,0,0,0,0,3,1,5,6,1,56,9,-1,-1,-1,-1,3,E01007490,0,-1
2020030924701,2020,030924701,1,9,0,18,19,8,6,0,0,0,0,0,0,0,3,1,1,1,1,31,6,-1,-1,-1,-1,6,E01019275,0,-1
2020440354611,2020,440354611,1,9,0,5,5,4,8,0,0,4,0,0,0,0,1,1,6,6,1,87,11,-1,-1,-1,-1,-1,-1,0,-1
2020370923053,2020,370923053,3,1,0,16,19,8,2,0,0,0,0,0,0,0,1,1,6,6,1,49,8,-1,-1,-1,-1,9,E01030142,0,-1
2020520004939,2020,520004939,2,1,0,9,9,3,1,0,0,8,0,0,0,0,1,1,6,6,2,31,6,-1,-1,-1,-1,7,E01029275,0,-1
2020200936102,2020,200936102,3,9,0,18,19,2,6,0,0,0,0,0,0,0,1,1,6,6,1,29,6,-1,-1,-1,-1,6,E01032466,0,-1
2020010234024,2020,010234024,1,9,0,18,19,-1,-1,0,0,0,0,0,0,0,1,1,6,6,3,-1,-1,-1,-1,-1,-1,-1,-1,0,-1
2020544749420,2020,544749420,1,9,0,1,1,6,2,0,0,0,0,0,0,0,2,1,6,6,2,60,9,-1,-1,-1,-1,5,E01031898,0,-1
202063C062020,2020,63C062020,1,9,0,1,1,7,3,0,0,8,0,0,0,0,2,1,6,6,3,-1,-1,-1,-1,-1,-1,-1,-1,0,-1
2020320569933,2020,320569933,1,9,0,18,19,1,5,0,0,0,1,0,1,0,1,2,6,6,1,19,4,-1,-1,-1,-1,-1,-1,0,-1
2020010281957,2020,010281957,2,97,0,99,99,9,9,99,99,9,9,99,9,99,0,9,6,6,3,-1,-1,-1,-1,-1,-1,-1,-1,0,-1
2020010270743,2020,010270743,2,1,0,18,19,3,7,0,0,1,0,0,0,0,1,1,6,6,1,55,8,-1,-1,-1,-1,4,E01003702,0,-1
2020160992671,2020,160992671,1,9,0,13,13,3,7,0,0,1,0,0,0,0,4,1,6,6,3,-1,-1,-1,-1,-1,-1,-1,-1,0,-1
2020990980130,2020,990980130,2,1,0,18,19,1,5,0,0,1,0,0,0,0,0,1,2,2,1,48,8,-1,-1,-1,-1,8,-1,0,-1
2020990959534,2020,990959534,2,1,0,18,19,8,4,0,0,0,0,0,0,0,1,1,5,6,2,14,3,-1,-1,-1,-1,5,-1,0,-1
2020040986144,2020,040986144,1,98,0,1,1,1,5,0,0,1,0,0,0,0,2,1,6,6,3,-1,-1,-1,-1,-1,-1,-1,-1,0,-1
202060Y001304,2020,60Y001304,1,9,0,18,19,8,4,0,0,0,0,0,0,0,1,1,6,6,3,-1,-1,-1,-1,-1,-1,-1,-1,0,-1
202060Y066400,2020,60Y066400,2,98,0,18,19,6,2,0,0,0,0,10,0,0,3,1,1,1,1,27,6,-1,-1,-1,-1,-1,-1,0,-1
2020010235828,2020,010235828,2,1,0,18,19,1,5,0,0,1,0,0,0,0,1,-1,1,1,1,29,6,-1,-1,-1,-1,6,E01002006,0,-1
20201375R1559,2020,1375R1559,2,9,0,18,19,3,7,0,0,0,0,0,0,0,1,1,6,6,1,-1,-1,-1,-1,-1,-1,-1,-1,0,-1
2020420992877,2020,420992877,1,9,0,7,7,5,8,0,0,4,0,0,0,0,1,1,5,6,1,35,6,-1,-1,-1,-1,9,E01021527,0,-1
2020010239584,2020,010239584,1,9,0,99,99,9,9,99,99,9,9,99,9,99,1,9,6,6,3,-1,-1,-1,-1,-1,-1,-1,-1,0,-1
2020010243060,2020,010243060,1,19,0,1,1,1,5,9,9,2,0,0,7,0,2,1,1,1,1,40,7,-1,-1,-1,-1,-1,-1,0,-1
2020500959419,2020,500959419,1,1,0,4,4,7,3,0,0,1,0,0,0,0,1,1,5,6,1,31,6,-1,-1,-1,-1,2,E01015181,0,-1
2020622001120,2020,622001120,1,8,0,18,19,6,2,0,0,8,0,0,7,7,1,1,6,6,1,31,6,-1,-1,-1,-1,2,W01001766,0,-1
2020470928276,2020,470928276,2,1,0,18,19,6,2,0,0,8,0,0,0,0,1,1,5,6,2,58,9,-1,-1,-1,-1,10,E01031383,0,-1
20201379H0493,2020,1379H0493,1,9,0,18,19,5,1,0,0,0,0,0,0,0,1,1,6,6,3,-1,-1,-1,-1,-1,-1,-1,-1,0,-1
2020370933318,2020,370933318,1,9,0,18,19,1,6,0,0,1,0,0,0,0,0,1,1,1,1,58,9,-1,-1,-1,-1,8,E01030065,0,-1
2020010245240,2020,010245240,2,1,9,18,19,5,1,99,99,9,9,99,9,99,9,-1,6,6,1,48,8,-1,-1,-1,-1,2,E01001824,0,-1
2020010273315,2020,010273315,1,9,0,99,99,9,9,99,99,9,9,99,9,99,1,1,6,6,3,-1,-1,-1,-1,-1,-1,-1,-1,0,-1
2020991008595,2020,991008595,1,9,0,18,19,3,1,0,0,1,0,0,0,0,3,1,6,6,3,25,5,-1,-1,-1,-1,-1,-1,0,-1
2020201022639,2020,201022639,2,98,0,5,5,3,5,0,0,6,0,0,0,0,1,1,6,6,1,-1,-1,-1,-1,-1,-1,-1,-1,0,-1
202054A118320,2020,54A118320,1,9,0,18,19,5,1,0,0,0,0,0,0,0,1,1,6,6,1,40,7,-1,-1,-1,-1,9,E01032099,0,-1
2020420924703,2020,420924703,1,98,-1,12,12,4,1,0,0,0,0,0,0,0,4,1,6,6,1,53,8,-1,-1,-1,-1,-1,-1,0,-1
2020137CH1102,2020,137CH1102,2,9,0,18,19,1,5,0,0,0,0,0,0,0,2,1,1,1,1,-1,-1,-1,-1,-1,-1,-1,-1,0,-1
2020100925679,2020,100925679,2,1,0,18,19,1,5,0,0,0,0,0,0,0,2,1,5,6,1,11,3,-1,-1,-1,-1,-1,-1,0,-1
2020010276550,2020,010276550,2,3,0,4,4,5,1,0,0,0,0,0,0,0,3,1,6,6,2,50,8,-1,-1,-1,-1,3,E01001391,0,-1
2020610018020,2020,610018020,1,9,0,18,19,8,2,0,0,1,0,0,0,0,1,1,6,6,3,-1,-1,-1,-1,-1,-1,-1,-1,0,-1
2020350936255,2020,350936255,1,9,-1,-1,-1,-1,-1,-1,-1,-1,-1,-1,-1,0,-1,1,6,6,1,-1,-1,-1,-1,-1,-1,-1,-1,0,-1
2020430280759,2020,430280759,1,1,0,18,19,8,4,0,0,8,0,0,0,0,4,1,6,6,2,30,6,-1,-1,-1,-1,6,E01016385,0,-1
2020440181566,2020,440181566,2,21,0,18,19,8,4,0,0,1,0,0,0,0,1,1,1,1,1,59,9,-1,-1,-1,-1,3,E01017089,0,-1
2020010284962,2020,010284962,2,1,0,17,19,7,3,0,0,0,0,0,0,0,1,1,1,1,1,48,8,-1,-1,-1,-1,6,E01024180,0,-1
2020200986426,2020,200986426,2,1,0,18,19,6,2,0,0,2,0,0,0,0,1,1,6,6,2,16,4,-1,-1,-1,-1,2,E01009342,0,-1
2020200938049,2020,200938049,2,1,0,18,19,6,2,0,0,8,0,0,0,0,1,1,6,6,2,27,6,-1,-1,-1,-1,1,E01009396,0,-1
2020052002171,2020,052002171,1,1,0,18,19,1,5,0,0,2,0,0,0,0,2,1,6,6,1,10,2,-1,-1,-1,-1,1,E01006572,0,-1
2020052001868,2020,052001868,2,1,0,5,5,5,1,0,0,0,0,0,0,0,1,1,6,6,1,4,1,-1,-1,-1,-1,1,E01006610,0,-1
2020320242493,2020,320242493,2,19,0,1,1,7,3,0,0,8,0,0,0,0,1,1,1,1,2,34,6,-1,-1,-1,-1,2,E01026172,0,-1
2020010247213,2020,010247213,2,1,0,13,13,1,5,9,9,8,0,0,0,0,1,1,6,6,1,30,6,-1,-1,-1,-1,9,E01002535,0,-1
2020430195260,2020,430195260,2,9,0,18,19,4,8,0,0,0,0,0,0,0,3,1,1,1,1,48,8,-1,-1,-1,-1,9,E01016523,0,-1
2020545947120,2020,545947120,2,1,0,18,19,5,1,0,0,0,0,0,0,0,2,1,6,6,1,16,4,-1,-1,-1,-1,8,E01015553,0,-1
2020522003050,2020,522003050,1,19,0,18,19,7,3,0,0,0,0,11,0,0,0,1,6,6,3,-1,-1,-1,-1,-1,-1,-1,-1,0,-1
20201371H1474,2020,1371H1474,1,9,0,11,11,2,6,0,0,0,0,0,0,0,2,1,6,6,3,-1,-1,-1,-1,-1,-1,-1,-1,0,-1
2020010236694,2020,010236694,2,9,0,99,99,9,9,99,99,9,9,99,9,99,9,9,6,6,3,-1,-1,-1,-1,-1,-1,-1,-1,0,-1
2020401004761,2020,401004761,2,9,0,18,19,7,3,0,0,0,1,0,0,0,1,1,5,6,1,50,8,-1,-1,-1,-1,1,E01007857,0,-1
2020010228239,2020,010228239,2,1,0,18,19,1,5,0,0,2,0,0,0,0,1,1,6,6,1,30,6,-1,-1,-1,-1,-1,-1,0,-1
2020010266711,2020,010266711,2,19,0,99,99,9,9,99,99,9,9,99,9,99,1,9,6,6,3,-1,-1,-1,-1,-1,-1,2,E01001283,0,-1
2020470931750,2020,470931750,2,1,0,18,19,7,3,0,0,8,0,0,0,0,4,1,5,6,2,37,7,-1,-1,-1,-1,7,E01031357,0,-1
2020210973398,2020,210973398,1,1,0,18,19,1,5,9,9,0,0,0,0,0,1,1,4,7,1,13,3,-1,-1,-1,-1,8,E01029534,0,-1
2020230970240,2020,230970240,2,1,0,18,19,7,4,0,0,8,0,0,0,0,1,1,5,6,1,67,10,-1,-1,-1,-1,7,E01029858,0,-1
2020010279147,2020,010279147,1,1,9,99,99,9,9,99,99,0,9,99,9,99,9,1,2,2,2,44,7,-1,-1,-1,-1,2,E01003987,0,-1
2020010262638,2020,010262638,2,1,9,99,99,9,9,0,0,9,0,99,9,99,9,1,6,6,2,33,6,-1,-1,-1,-1,2,E01001696,0,-1
2020440126158,2020,440126158,1,90,0,5,5,5,1,0,0,0,0,0,0,0,4,1,1,1,1,65,9,-1,-1,-1,-1,4,E01017311,0,-1
2020520003719,2020,520003719,1,1,0,18,19,8,4,0,0,0,0,0,0,0,3,1,6,6,1,64,9,-1,-1,-1,-1,8,E01029296,0,-1
202031D078320,2020,31D078320,2,1,0,18,19,6,2,0,0,8,0,0,0,0,3,1,1,1,2,40,7,-1,-1,-1,-1,4,E01019693,0,-1
2020302000821,2020,302000821,1,9,0,16,19,1,5,0,0,0,0,0,1,4,1,1,6,6,1,20,4,-1,-1,-1,-1,9,E01029848,0,-1
2020010251670,2020,010251670,1,1,9,99,99,9,9,99,99,0,9,99,9,99,1,1,6,6,1,35,6,-1,-1,-1,-1,2,E01003092,0,-1
2020340N03412,2020,340N03412,1,9,0,18,19,3,7,0,0,1,0,0,0,0,1,1,6,6,3,-1,-1,-1,-1,-1,-1,-1,-1,0,-1
2020470963517,2020,470963517,2,1,0,9,9,1,7,0,0,8,0,0,0,0,2,1,2,2,1,47,8,-1,-1,-1,-1,8,E01031466,0,-1
2020332000936,2020,332000936,1,3,0,18,19,5,1,0,0,8,0,0,0,0,1,1,2,2,1,42,7,-1,-1,-1,-1,4,E01013616,0,-1
2020010267696,2020,010267696,2,1,0,18,19,2,6,0,0,1,0,0,0,0,1,1,6,6,1,45,7,-1,-1,-1,-1,4,E01002444,0,-1
2020340N05882,2020,340N05882,2,1,0,5,5,1,5,0,0,1,0,0,0,0,3,1,2,2,1,50,8,-1,-1,-1,-1,9,E01027144,0,-1
2020460983585,2020,460983585,2,98,1,3,3,1,5,0,0,0,0,0,0,0,2,1,1,1,1,48,8,-1,-1,-1,-1,-1,-1,0,-1
2020010261446,2020,010261446,2,1,0,18,19,2,6,0,0,2,0,0,0,0,1,1,2,2,2,28,6,-1,-1,-1,-1,1,E01002755,0,-1
2020471007695,2020,471007695,1,9,0,18,19,5,1,0,0,0,0,0,0,0,0,1,6,6,3,-1,-1,-1,-1,-1,-1,-1,-1,0,-1
2020302000797,2020,302000797,1,9,0,18,19,4,8,0,0,1,0,0,0,0,0,1,6,6,3,-1,-1,-1,-1,-1,-1,5,E01019456,0,-1
2020010258866,2020,010258866,2,1,0,18,19,7,3,0,0,1,0,0,0,0,4,1,6,6,2,70,10,-1,-1,-1,-1,1,E01004035,0,-1
2020010231771,2020,010231771,2,9,0,99,99,9,9,0,0,8,9,0,0,99,1,1,6,6,1,-1,-1,-1,-1,-1,-1,-1,-1,0,-1
2020010278368,2020,010278368,1,1,9,99,99,9,9,99,99,9,9,99,9,99,9,1,6,6,1,52,8,-1,-1,-1,-1,6,E01033738,0,-1
2020010257879,2020,010257879,2,9,0,99,99,9,9,99,99,9,9,99,9,99,9,9,6,6,3,-1,-1,-1,-1,-1,-1,-1,-1,0,-1
2020052000654,2020,052000654,2,1,0,3,3,6,2,0,0,8,0,0,0,0,1,1,6,6,1,13,3,-1,-1,-1,-1,1,E01006756,0,-1
2020440025591,2020,440025591,2,9,0,18,19,2,6,0,0,0,0,0,0,0,2,1,2,2,2,25,5,-1,-1,-1,-1,3,E01017220,0,-1
2020010247769,2020,010247769,2,19,0,99,99,9,9,0,0,8,0,0,0,0,9,1,6,6,3,-1,-1,-1,-1,-1,-1,-1,-1,0,-1
2020622100003,2020,622100003,2,1,0,18,19,8,4,0,0,8,0,0,0,0,1,1,6,6,2,36,7,-1,-1,-1,-1,9,W01001196,0,-1
2020470978298,2020,470978298,3,9,0,2,2,0,0,0,0,1,0,0,0,0,1,1,6,6,3,-1,-1,-1,-1,-1,-1,-1,-1,0,-1
2020100991250,2020,100991250,1,1,0,18,19,1,5,0,0,0,0,0,0,0,1,1,2,2,1,45,7,-1,-1,-1,-1,-1,-1,0,-1
2020622000661,2020,622000661,2,1,0,18,19,6,2,0,0,1,0,0,0,0,3,1,6,6,1,53,8,-1,-1,-1,-1,5,W01001829,0,-1