collision_index,collision_year,collision_ref_no,vehicle_reference,vehicle_type,towing_and_articulation,vehicle_manoeuvre_historic,vehicle_manoeuvre,vehicle_direction_from,vehicle_direction_to,vehicle_location_restricted_lane_historic,vehicle_location_restricted_lane,junction_location,skidding_and_overturning,hit_object_in_carriageway,vehicle_leaving_carriageway,hit_object_off_carriageway,first_point_of_impact,vehicle_left_hand_drive,journey_purpose_of_driver_historic,journey_purpose_of_driver,sex_of_driver,age_of_driver,age_band_of_driver,engine_capacity_cc,propulsion_code,age_of_vehicle,generic_make_model,driver_imd_decile,lsoa_of_driver,escooter_flag,driver_distance_banding
2020010282419,2020,010282419,1,1,9,99,99,9,9,99,99,9,9,99,9,99,9,1,6,6,1,58,9,-1,-1,-1,-1,10,E01003454,0,-1
20201373O0858,2020,1373O0858,2,1,0,18,19,3,7,0,0,1,0,0,0,0,1,1,6,6,1,44,7,-1,-1,-1,-1,7,E01011890,0,-1
2020470985778,2020,470985778,2,9,0,2,2,0,0,0,0,0,1,0,0,0,1,1,6,6,3,-1,-1,-1,-1,-1,-1,-1,-1,0,-1
2020010264403,2020,010264403,2,1,0,18,19,2,6,0,0,0,0,0,0,0,2,1,6,6,3,-1,-1,-1,-1,-1,-1,-1,-1,0,-1
2020460929014,2020,460929014,2,9,0,3,3,8,4,0,0,1,0,0,0,0,2,1,6,6,2,52,8,-1,-1,-1,-1,3,E01016154,0,-1
2020200991378,2020,200991378,2,-1,0,3,3,-1,-1,9,9,0,0,0,0,0,1,1,6,6,1,11,3,-1,-1,-1,-1,4,E01009750,1,-1
2020340S02992,2020,340S02992,2,9,0,2,2,0,0,0,0,0,0,0,0,0,1,1,6,6,3,-1,-1,-1,-1,-1,-1,-1,-1,0,-1
2020500954784,2020,500954784,2,9,4,9,9,5,7,0,0,6,0,0,0,0,3,1,1,1,1,72,10,-1,-1,-1,-1,5,E01020088,0,-1
202031B151620,2020,31B151620,1,9,0,18,19,5,1,0,0,3,0,0,0,0,1,2,6,6,2,71,10,-1,-1,-1,-1,-1,-1,0,-1
2020010276719,2020,010276719,2,1,9,99,99,9,9,99,99,9,9,99,9,99,0,1,6,6,3,-1,-1,-1,-1,-1,-1,-1,-1,0,-1
2020440209386,2020,440209386,1,9,0,16,19,4,8,0,0,1,2,7,0,0,3,1,6,6,1,27,6,-1,-1,-1,-1,5,E01017113,0,-1
2020030950937,2020,030950937,4,20,0,2,2,0,0,0,0,0,0,0,0,0,2,1,6,6,3,-1,-1,-1,-1,-1,-1,-1,-1,0,-1
2020122100054,2020,122100054,2,9,0,4,4,5,1,0,0,1,0,0,0,0,0,1,6,6,3,-1,-1,-1,-1,-1,-1,-1,-1,0,-1
2020220998064,2020,220998064,2,1,0,18,19,4,8,0,0,0,0,0,0,0,3,1,2,2,1,25,5,-1,-1,-1,-1,4,E01013991,0,-1
2020010260344,2020,010260344,1,9,0,18,19,3,7,0,0,8,0,0,0,0,1,1,6,6,3,-1,-1,-1,-1,-1,-1,-1,-1,0,-1
2020010283723,2020,010283723,1,9,0,18,19,1,5,0,0,1,0,0,0,0,4,1,6,6,3,-1,-1,-1,-1,-1,-1,-1,-1,0,-1
202031C004820,2020,31C004820,1,1,0,9,9,6,4,0,0,6,0,0,0,0,0,1,1,1,1,30,6,-1,-1,-1,-1,2,E01013919,0,-1
2020041001592,2020,041001592,2,1,0,18,19,7,3,0,0,4,0,0,0,0,4,1,5,6,1,50,8,-1,-1,-1,-1,10,E01025328,0,-1
2020010259104,2020,010259104,1,-1,0,18,19,3,7,0,0,0,0,0,0,0,1,1,6,6,1,29,6,-1,-1,-1,-1,5,E01004307,1,-1
2020990971905,2020,990971905,1,1,0,18,19,5,1,0,0,0,0,0,0,0,0,1,5,6,1,14,3,-1,-1,-1,-1,3,-1,0,-1
2020332001199,2020,332001199,2,1,0,18,19,1,5,0,0,0,0,0,0,0,0,1,6,6,1,11,3,-1,-1,-1,-1,-1,-1,0,-1
2020480980046,2020,480980046,1,9,0,1,1,1,5,0,0,0,0,0,0,0,2,1,1,1,1,46,8,-1,-1,-1,-1,5,E01003484,0,-1
2020340D02972,2020,340D02972,2,1,0,9,9,7,5,0,0,5,0,0,0,0,2,1,6,6,1,47,8,-1,-1,-1,-1,2,E01027241,0,-1
2020320561881,2020,320561881,2,19,0,18,19,8,4,0,0,8,0,0,0,0,1,1,6,6,2,46,8,-1,-1,-1,-1,10,E01026187,0,-1
2020430150871,2020,430150871,2,1,0,10,10,5,1,0,0,1,0,0,0,0,2,1,6,6,1,50,8,-1,-1,-1,-1,6,E01028597,0,-1
2020010270808,2020,010270808,2,9,0,99,99,9,9,0,0,0,0,0,0,0,9,9,6,6,3,-1,-1,-1,-1,-1,-1,-1,-1,0,-1
2020480932336,2020,480932336,2,1,0,16,19,7,3,0,0,1,0,0,0,0,3,1,5,6,1,59,9,-1,-1,-1,-1,1,E01001772,0,-1
2020410971969,2020,410971969,3,21,1,18,19,1,5,0,0,0,0,0,0,0,3,2,1,1,1,45,7,-1,-1,-1,-1,-1,-1,0,-1
2020430130565,2020,430130565,1,9,0,18,19,1,5,0,0,3,0,0,0,0,1,1,6,6,2,39,7,-1,-1,-1,-1,10,E01016182,0,-1
2020440046197,2020,440046197,2,20,0,17,19,3,1,0,0,0,0,0,0,0,0,1,6,6,3,-1,-1,-1,-1,-1,-1,-1,-1,0,-1
2020010285232,2020,010285232,2,9,0,99,99,9,9,99,99,9,9,99,0,0,9,9,6,6,3,-1,-1,-1,-1,-1,-1,-1,-1,0,-1
2020332000908,2020,332000908,3,9,0,4,4,1,5,2,2,1,0,0,0,0,1,1,6,6,2,22,5,-1,-1,-1,-1,3,E01013762,0,-1
2020622000399,2020,622000399,1,1,0,12,12,6,2,0,0,0,0,0,0,0,1,1,6,6,1,67,10,-1,-1,-1,-1,4,W01000966,0,-1
2020010264412,2020,010264412,2,1,0,18,19,1,5,0,0,8,0,0,0,0,4,1,6,6,1,17,4,-1,-1,-1,-1,4,E01001727,0,-1
2020010273442,2020,010273442,1,1,9,99,99,9,9,99,99,0,9,99,9,99,2,1,2,2,1,48,8,-1,-1,-1,-1,7,E01000459,0,-1
2020010260008,2020,010260008,2,1,0,18,19,5,1,0,0,0,0,0,0,0,4,1,6,6,1,26,6,-1,-1,-1,-1,1,E01003192,0,-1
2020410989805,2020,410989805,2,1,0,18,19,4,8,0,0,8,0,0,0,0,1,1,5,6,1,38,7,-1,-1,-1,-1,5,E01023869,0,-1
2020520004213,2020,520004213,2,9,0,18,19,2,6,0,0,6,0,0,0,0,1,1,6,6,1,30,6,-1,-1,-1,-1,-1,-1,0,-1
2020990949682,2020,990949682,2,1,0,18,19,1,5,0,0,8,0,0,0,0,4,1,5,6,1,43,7,-1,-1,-1,-1,8,-1,0,-1
2020010278274,2020,010278274,1,1,9,99,99,9,9,99,99,9,9,99,9,99,1,1,6,6,1,44,7,-1,-1,-1,-1,2,E01002735,0,-1
2020430370315,2020,430370315,1,1,0,17,19,5,2,0,0,8,0,0,0,0,4,1,6,6,1,71,10,-1,-1,-1,-1,10,E01017682,0,-1
2020990937987,2020,990937987,1,1,0,18,19,4,1,0,0,4,0,0,0,0,1,1,2,2,1,23,5,-1,-1,-1,-1,8,-1,0,-1
202006P370529,2020,06P370529,2,1,0,18,19,1,5,0,0,8,0,0,0,0,2,1,6,6,1,30,6,-1,-1,-1,-1,1,E01005525,0,-1
2020410971358,2020,410971358,1,-1,0,18,19,3,7,0,0,1,0,0,0,0,0,1,6,6,3,-1,-1,-1,-1,-1,-1,-1,-1,1,-1
2020430156172,2020,430156172,1,9,0,13,13,6,2,0,0,0,0,0,0,0,4,1,6,6,1,-1,-1,-1,-1,-1,-1,-1,-1,0,-1
2020010279433,2020,010279433,2,9,0,2,2,0,0,2,2,0,0,0,0,0,2,2,6,6,3,-1,-1,-1,-1,-1,-1,-1,-1,0,-1
2020540982620,2020,540982620,2,1,0,18,19,3,7,0,0,0,0,0,0,0,4,1,6,6,1,11,3,-1,-1,-1,-1,2,E01015558,0,-1
2020230919872,2020,230919872,2,1,0,18,19,2,8,0,0,8,0,0,0,0,4,1,2,2,1,38,7,-1,-1,-1,-1,7,E01031160,0,-1
2020990966534,2020,990966534,1,9,0,9,9,1,6,0,0,1,0,0,3,0,4,1,1,1,2,21,5,-1,-1,-1,-1,2,-1,0,-1
2020430282253,2020,430282253,1,1,0,9,9,1,6,0,0,8,0,0,0,0,2,1,6,6,1,39,7,-1,-1,-1,-1,6,E01016509,0,-1
2020547218220,2020,547218220,2,3,0,18,19,6,2,0,0,1,0,0,0,0,1,1,6,6,1,58,9,-1,-1,-1,-1,9,E01015586,0,-1
2020470969770,2020,470969770,3,9,0,17,19,6,4,0,0,1,0,0,0,0,0,1,6,6,3,-1,-1,-1,-1,-1,-1,-1,-1,0,-1
2020230926313,2020,230926313,4,19,0,2,2,0,0,0,0,0,0,0,0,0,2,1,5,6,1,37,7,-1,-1,-1,-1,3,E01032587,0,-1
2020460942994,2020,460942994,1,9,0,9,9,5,2,0,0,6,0,0,0,0,1,1,6,6,1,48,8,-1,-1,-1,-1,8,E01024261,0,-1
2020220997542,2020,220997542,1,9,0,5,5,3,1,0,0,8,0,10,3,10,1,1,5,6,1,44,7,-1,-1,-1,-1,9,E01009851,0,-1
2020170M31580,2020,170M31580,1,9,0,10,10,2,8,0,0,1,0,0,0,0,2,1,6,6,2,60,9,-1,-1,-1,-1,7,E01012055,0,-1
2020070009370,2020,070009370,2,19,0,2,2,1,5,0,0,0,0,0,0,0,2,2,6,6,1,34,6,-1,-1,-1,-1,5,E01013595,0,-1
2020070534456,2020,070534456,1,9,0,10,10,3,1,0,0,1,0,0,0,0,1,1,2,2,2,23,5,-1,-1,-1,-1,1,E01012546,0,-1
2020010260563,2020,010260563,1,9,0,99,99,9,9,99,99,9,9,99,9,99,1,9,6,6,3,-1,-1,-1,-1,-1,-1,-1,-1,0,-1
2020450948425,2020,450948425,2,9,0,2,2,0,0,0,0,0,0,0,0,0,2,1,6,6,3,-1,-1,-1,-1,-1,-1,-1,-1,0,-1
2020010240304,2020,010240304,2,9,0,18,19,7,3,0,0,1,0,0,0,0,4,1,6,6,1,24,5,-1,-1,-1,-1,4,E01002098,0,-1
2020052001209,2020,052001209,1,9,0,18,19,1,5,0,0,0,0,0,0,0,4,1,6,6,3,-1,-1,-1,-1,-1,-1,-1,-1,0,-1
2020160976411,2020,160976411,2,1,0,18,19,8,4,0,0,8,0,0,0,0,1,1,6,6,2,32,6,-1,-1,-1,-1,3,E01012827,0,-1
2020622000540,2020,622000540,2,1,0,18,19,3,7,0,0,8,0,0,0,0,1,1,6,6,1,37,7,-1,-1,-1,-1,4,W01001833,0,-1
202031C012820,2020,31C012820,1,19,0,7,7,6,1,0,0,6,0,0,0,0,1,1,6,6,3,-1,-1,-1,-1,-1,-1,-1,-1,0,-1
2020221001392,2020,221001392,1,9,0,18,19,1,5,0,0,4,0,0,0,0,1,1,6,6,2,78,11,-1,-1,-1,-1,-1,-1,0,-1
2020530915236,2020,530915236,3,9,0,18,19,5,1,0,0,0,1,0,0,0,4,1,2,2,1,29,6,-1,-1,-1,-1,6,E01014531,0,-1
2020070292044,2020,070292044,2,1,0,18,19,5,1,0,0,0,0,0,0,0,2,1,6,6,1,43,7,-1,-1,-1,-1,1,E01012455,0,-1
2020460917143,2020,460917143,2,9,0,2,2,1,1,0,0,0,0,0,0,0,1,1,6,6,3,-1,-1,-1,-1,-1,-1,-1,-1,0,-1
2020220992441,2020,220992441,2,22,0,18,19,8,4,9,9,0,5,0,0,0,3,1,3,7,2,24,5,-1,-1,-1,-1,2,E01014125,0,-1
2020400924528,2020,400924528,2,1,0,9,9,5,3,0,0,8,5,0,0,0,4,1,2,2,1,22,5,-1,-1,-1,-1,9,E01017573,0,-1
2020010962021,2020,010962021,1,9,0,11,11,3,7,0,0,3,0,0,0,0,0,1,6,6,3,30,6,-1,-1,-1,-1,-1,-1,0,-1
2020332000084,2020,332000084,1,9,0,5,5,8,4,0,0,0,0,0,1,11,1,1,6,6,2,89,11,-1,-1,-1,-1,10,E01025813,0,-1
2020440227736,2020,440227736,1,1,0,18,19,1,6,0,0,8,0,0,0,0,0,1,6,6,2,15,3,-1,-1,-1,-1,10,E01022756,0,-1
202060Y118710,2020,60Y118710,1,9,0,11,11,6,2,0,0,3,0,0,0,0,2,1,6,6,1,65,9,-1,-1,-1,-1,-1,-1,0,-1
2020440344473,2020,440344473,1,97,0,18,19,5,1,0,0,1,0,0,0,0,1,1,6,6,3,-1,-1,-1,-1,-1,-1,-1,-1,0,-1
2020122000999,2020,122000999,2,1,0,18,19,1,5,0,0,1,0,0,0,0,0,1,6,6,1,73,10,-1,-1,-1,-1,7,E01027673,0,-1
2020350970614,2020,350970614,2,1,0,18,19,-1,-1,0,0,0,5,8,0,0,4,1,5,6,2,33,6,-1,-1,-1,-1,8,E01017956,0,-1
2020420917962,2020,420917962,1,19,0,18,19,1,5,0,0,2,0,0,0,0,4,1,5,6,2,54,8,-1,-1,-1,-1,6,E01021435,0,-1
2020522004575,2020,522004575,2,9,0,18,19,1,5,0,0,0,0,0,0,0,0,1,6,6,3,-1,-1,-1,-1,-1,-1,-1,-1,0,-1
2020030994970,2020,030994970,1,9,0,18,19,-1,-1,0,0,6,0,0,0,0,1,1,6,6,3,-1,-1,-1,-1,-1,-1,-1,-1,0,-1
2020170S10450,2020,170S10450,1,9,0,18,19,8,4,0,0,0,0,0,0,0,1,1,6,6,1,16,4,-1,-1,-1,-1,6,E01012205,0,-1
2020160985527,2020,160985527,1,3,0,15,15,6,2,0,0,1,2,0,0,0,1,1,5,6,1,19,4,-1,-1,-1,-1,1,E01012844,0,-1
2020010249023,2020,010249023,1,1,9,18,19,3,7,0,0,0,9,0,0,0,1,1,6,6,1,54,8,-1,-1,-1,-1,10,E01003871,0,-1
202054C030520,2020,54C030520,2,19,0,18,19,1,5,0,0,0,0,0,0,0,1,1,6,6,2,38,7,-1,-1,-1,-1,7,E01015583,0,-1
202006K178605,2020,06K178605,1,9,0,18,19,6,2,0,0,2,0,0,0,0,1,1,6,6,1,27,6,-1,-1,-1,-1,1,E01004846,0,-1
2020450983788,2020,450983788,2,9,0,18,19,1,5,0,0,2,0,0,0,0,1,1,6,6,1,39,7,-1,-1,-1,-1,10,E01030903,0,-1
2020010236619,2020,010236619,2,21,1,18,19,7,3,0,0,2,0,0,0,0,1,2,1,1,1,20,4,-1,-1,-1,-1,-1,-1,0,-1
202060Y017820,2020,60Y017820,3,19,0,4,4,5,1,0,0,0,0,0,0,0,2,1,1,1,1,51,8,-1,-1,-1,-1,-1,-1,0,-1
202060Y181181,2020,60Y181181,1,19,0,2,2,0,0,0,0,0,0,0,0,0,0,1,1,1,1,55,8,-1,-1,-1,-1,-1,-1,0,-1
2020010279197,2020,010279197,1,9,0,18,19,5,1,0,0,1,0,11,0,0,1,1,6,6,1,21,5,-1,-1,-1,-1,5,E01003480,0,-1
2020010252572,2020,010252572,3,19,0,2,2,0,0,0,0,0,0,4,0,0,1,1,6,6,3,-1,-1,-1,-1,-1,-1,-1,-1,0,-1
2020549712620,2020,549712620,1,9,0,18,19,2,6,0,0,0,0,0,0,0,1,1,6,6,1,22,5,-1,-1,-1,-1,2,E01032062,0,-1
2020440032067,2020,440032067,2,9,0,11,11,5,1,0,0,0,0,0,0,0,0,1,6,6,3,-1,-1,-1,-1,-1,-1,-1,-1,0,-1
202006E178218,2020,06E178218,1,9,0,18,19,5,1,0,0,0,0,0,0,0,2,1,6,6,3,-1,-1,-1,-1,-1,-1,-1,-1,0,-1
2020010271929,2020,010271929,2,9,0,99,99,9,9,99,99,0,9,99,9,99,2,9,6,6,3,-1,-1,-1,-1,-1,-1,-1,-1,0,-1
2020010247757,2020,010247757,1,19,0,99,99,9,9,99,99,9,9,99,9,99,1,9,6,6,3,-1,-1,-1,-1,-1,-1,-1,-1,0,-1
2020200997024,2020,200997024,2,-1,0,18,19,-1,-1,0,0,0,0,8,0,0,1,1,6,6,1,10,2,-1,-1,-1,-1,2,E01010409,1,-1
2020430345299,2020,430345299,2,1,0,18,19,4,8,0,0,0,0,0,0,0,1,1,6,6,1,7,2,-1,-1,-1,-1,9,E01033503,0,-1
2020220999367,2020,220999367,1,11,0,16,19,2,4,0,0,0,0,0,0,0,4,1,1,1,3,34,6,-1,-1,-1,-1,-1,-1,0,-1
202031D166520,2020,31D166520,1,1,0,9,9,1,8,0,0,8,0,0,0,0,0,1,6,6,1,61,9,-1,-1,-1,-1,10,E01028218,0,-1
2020010271943,2020,010271943,2,98,5,18,19,4,8,0,0,1,0,0,0,0,1,1,6,6,3,-1,-1,-1,-1,-1,-1,-1,-1,0,-1
2020990966833,2020,990966833,1,1,0,18,19,7,3,0,0,1,5,4,0,0,1,1,5,6,1,31,6,-1,-1,-1,-1,10,-1,0,-1
20201373J0243,2020,1373J0243,2,1,0,18,19,7,3,0,0,8,0,0,0,0,1,1,1,1,1,29,6,-1,-1,-1,-1,7,E01011637,0,-1
2020070697176,2020,070697176,2,1,0,18,19,1,5,0,0,1,0,0,0,0,1,1,6,6,2,48,8,-1,-1,-1,-1,4,W01000329,0,-1
2020522003619,2020,522003619,1,90,0,18,19,5,1,9,9,0,0,0,0,0,1,1,6,6,3,-1,-1,-1,-1,-1,-1,-1,-1,0,-1
2020302001672,2020,302001672,1,9,0,18,19,2,6,0,0,4,0,0,0,0,1,1,6,6,3,-1,-1,-1,-1,-1,-1,5,E01019456,0,-1
2020010266320,2020,010266320,1,1,9,99,99,9,9,99,99,0,9,99,9,99,9,1,6,6,1,52,8,-1,-1,-1,-1,10,E01002460,0,-1
2020010255460,2020,010255460,1,1,9,18,19,5,1,0,0,1,5,0,0,99,3,1,6,6,1,29,6,-1,-1,-1,-1,5,E01001988,0,-1
2020530936871,2020,530936871,1,9,0,6,6,5,1,0,0,0,0,0,0,0,3,1,6,6,1,-1,-1,-1,-1,-1,-1,-1,-1,0,-1
2020140977209,2020,140977209,1,1,0,5,5,5,1,0,0,1,0,0,0,0,2,1,1,1,1,52,8,-1,-1,-1,-1,10,E01007929,0,-1
2020450925916,2020,450925916,2,1,0,18,19,5,1,0,0,0,1,0,0,0,3,1,5,6,1,48,8,-1,-1,-1,-1,9,E01030301,0,-1
2020302001486,2020,302001486,1,9,0,18,19,6,2,0,0,1,0,0,0,0,1,1,1,1,1,-1,-1,-1,-1,-1,-1,5,E01028189,0,-1
2020450958711,2020,450958711,2,9,0,18,19,1,5,0,0,4,0,0,0,0,1,1,6,6,3,55,8,-1,-1,-1,-1,-1,-1,0,-1
2020351008911,2020,351008911,2,9,-1,4,4,5,1,0,0,1,0,0,0,0,2,1,6,6,1,-1,-1,-1,-1,-1,-1,8,E01018197,0,-1
2020332000523,2020,332000523,1,9,0,9,9,7,4,0,0,6,0,7,0,0,4,1,1,1,1,24,5,-1,-1,-1,-1,7,E01013783,0,-1
2020350952555,2020,350952555,2,9,0,18,19,8,4,0,0,0,0,0,0,0,0,1,6,6,3,-1,-1,-1,-1,-1,-1,-1,-1,0,-1
2020500981848,2020,500981848,2,1,0,18,19,5,1,0,0,0,0,0,0,0,1,1,5,6,1,-1,-1,-1,-1,-1,-1,-1,-1,0,-1
2020410968853,2020,410968853,2,9,0,18,19,7,3,0,0,0,0,0,0,0,3,1,6,6,3,-1,-1,-1,-1,-1,-1,-1,-1,0,-1
2020622000517,2020,622000517,1,1,0,18,19,4,8,0,0,1,0,0,0,0,1,1,6,6,1,41,7,-1,-1,-1,-1,4,W01001834,0,-1
2020440301194,2020,440301194,1,3,0,18,19,8,4,0,0,8,0,0,0,0,1,1,1,1,1,39,7,-1,-1,-1,-1,2,E01017238,0,-1
2020200930973,2020,200930973,1,9,0,8,8,2,4,0,0,6,0,0,0,0,1,1,6,6,2,37,7,-1,-1,-1,-1,1,E01009306,0,-1
2020522004965,2020,522004965,1,1,0,18,19,2,6,0,0,0,0,0,0,0,1,1,6,6,1,30,6,-1,-1,-1,-1,-1,-1,0,-1
202006K378682,2020,06K378682,2,1,0,18,19,5,1,0,0,1,0,0,0,0,1,1,6,6,3,-1,-1,-1,-1,-1,-1,-1,-1,0,-1
2020440147848,2020,440147848,1,1,0,18,19,5,1,0,0,1,0,0,0,0,0,1,6,6,1,42,7,-1,-1,-1,-1,9,E01032605,0,-1
2020420953475,2020,420953475,2,1,0,18,19,3,7,0,0,1,0,0,0,0,4,1,6,6,2,44,7,-1,-1,-1,-1,7,E01015829,0,-1
2020200996529,2020,200996529,1,98,0,9,9,6,4,0,0,5,0,0,0,0,2,1,1,1,3,-1,-1,-1,-1,-1,-1,-1,-1,0,-1
2020100995656,2020,100995656,1,1,0,7,7,3,5,0,0,1,2,0,0,0,1,1,6,6,1,25,5,-1,-1,-1,-1,-1,-1,0,-1
2020530949129,2020,530949129,1,1,0,18,19,1,5,0,0,0,0,0,0,0,0,1,6,6,2,78,11,-1,-1,-1,-1,7,E01022449,0,-1
2020137B61539,2020,137B61539,1,97,0,18,19,3,7,0,0,0,0,0,0,0,1,1,6,6,1,-1,-1,-1,-1,-1,-1,-1,-1,0,-1
2020010240756,2020,010240756,1,9,0,18,19,-1,-1,0,0,8,0,0,0,0,1,1,6,6,3,-1,-1,-1,-1,-1,-1,-1,-1,0,-1
2020010261655,2020,010261655,1,1,9,99,99,9,9,99,99,0,9,99,9,99,9,1,6,6,2,39,7,-1,-1,-1,-1,1,E01001155,0,-1
2020552001067,2020,552001067,2,1,0,18,19,5,2,0,0,8,0,0,1,0,2,1,2,2,1,43,7,-1,-1,-1,-1,6,E01033286,0,-1
2020010283964,2020,010283964,2,1,0,13,13,1,5,0,0,3,0,0,0,0,4,1,2,2,1,36,7,-1,-1,-1,-1,3,E01001360,0,-1
2020137730969,2020,137730969,1,1,0,18,19,2,6,9,9,8,0,0,0,0,3,1,6,6,2,12,3,-1,-1,-1,-1,1,E01011625,0,-1
2020522001975,2020,522001975,2,1,0,7,7,3,5,0,0,2,0,0,0,0,1,1,6,6,1,14,3,-1,-1,-1,-1,-1,-1,0,-1
2020450918688,2020,450918688,2,1,0,18,19,5,1,0,0,3,5,0,0,0,1,1,5,6,2,72,10,-1,-1,-1,-1,9,E01030757,0,-1
202006N171118,2020,06N171118,3,9,0,18,19,3,7,0,0,0,0,0,0,0,0,1,6,6,3,-1,-1,-1,-1,-1,-1,-1,-1,0,-1
2020070382830,2020,070382830,2,1,0,18,19,1,5,9,9,0,0,0,0,0,4,1,6,6,2,11,3,-1,-1,-1,-1,6,E01018617,0,-1
2020010229361,2020,010229361,1,8,0,18,19,1,5,0,0,1,0,0,0,0,1,1,6,6,1,36,7,-1,-1,-1,-1,2,E01001333,0,-1
2020170S11780,2020,170S11780,1,1,0,18,19,5,1,0,0,1,0,0,0,0,3,1,6,6,1,23,5,-1,-1,-1,-1,-1,-1,0,-1
2020122100063,2020,122100063,2,1,0,18,19,3,7,0,0,1,0,0,0,0,1,1,2,2,1,52,8,-1,-1,-1,-1,4,E01013382,0,-1
2020010268151,2020,010268151,1,1,9,99,99,9,9,99,99,1,9,99,9,99,1,1,6,6,1,26,6,-1,-1,-1,-1,3,E01002306,0,-1
2020332000522,2020,332000522,1,19,0,18,19,4,8,0,0,4,0,0,0,0,1,1,1,1,1,59,9,-1,-1,-1,-1,5,E01013680,0,-1
2020137C10215,2020,137C10215,2,1,0,18,19,8,4,0,0,8,5,0,0,0,3,1,2,2,1,39,7,-1,-1,-1,-1,-1,-1,0,-1
2020101000817,2020,101000817,2,9,0,18,19,1,5,0,0,1,0,0,0,0,0,1,6,6,3,-1,-1,-1,-1,-1,-1,-1,-1,0,-1
2020990963104,2020,990963104,1,1,0,18,19,7,3,0,0,0,0,0,0,0,1,1,6,6,1,30,6,-1,-1,-1,-1,5,-1,0,-1
2020440357395,2020,440357395,2,-1,0,18,19,2,8,0,0,8,0,0,0,0,1,1,6,6,1,47,8,-1,-1,-1,-1,4,E01017124,1,-1
2020451007502,2020,451007502,2,98,0,18,19,1,5,0,0,0,0,0,0,0,0,1,6,6,3,50,8,-1,-1,-1,-1,-1,-1,0,-1
2020500951202,2020,500951202,2,1,0,18,19,7,3,0,0,8,0,0,0,0,4,1,5,6,2,73,10,-1,-1,-1,-1,6,E01018983,0,-1
2020010278463,2020,010278463,2,1,0,18,19,1,5,0,0,1,0,0,0,0,0,1,6,6,1,38,7,-1,-1,-1,-1,3,E01003406,0,-1
202006A275338,2020,06A275338,2,1,0,4,4,3,7,0,0,1,0,0,0,0,4,1,6,6,1,38,7,-1,-1,-1,-1,1,E01005106,0,-1
2020040964574,2020,040964574,1,1,0,18,19,5,1,0,0,1,1,0,0,0,1,1,5,6,1,42,7,-1,-1,-1,-1,10,E01004901,0,-1
2020070274754,2020,070274754,1,9,0,13,13,7,3,0,0,0,0,0,0,0,0,1,6,6,3,-1,-1,-1,-1,-1,-1,-1,-1,0,-1
2020200999077,2020,200999077,2,1,0,18,19,8,4,0,0,8,0,10,1,0,1,1,4,7,1,12,3,-1,-1,-1,-1,8,E01010151,0,-1
2020500938482,2020,500938482,2,9,0,10,10,0,0,0,0,1,0,0,0,0,2,1,5,6,2,28,6,-1,-1,-1,-1,4,E01018951,0,-1
202006K170122,2020,06K170122,1,9,0,18,19,5,1,0,0,2,0,0,0,0,0,1,1,1,3,-1,-1,-1,-1,-1,-1,-1,-1,0,-1
202031D057920,2020,31D057920,1,1,0,7,7,8,2,0,0,6,0,0,0,0,1,1,6,6,1,20,4,-1,-1,-1,-1,5,E01013935,0,-1
2020522100173,2020,522100173,1,9,0,18,19,5,1,0,0,0,0,0,0,0,1,1,6,6,1,70,10,-1,-1,-1,-1,8,E01014938,0,-1
2020990996670,2020,990996670,2,1,0,5,5,3,7,0,0,0,0,0,0,0,1,1,6,6,1,32,6,-1,-1,-1,-1,5,-1,0,-1
2020010250429,2020,010250429,2,1,0,9,9,1,8,0,0,3,0,0,0,0,2,1,6,6,2,67,10,-1,-1,-1,-1,-1,-1,0,-1
2020461003935,2020,461003935,1,98,0,18,19,5,1,0,0,4,0,0,0,0,1,1,6,6,1,48,8,-1,-1,-1,-1,5,E01024181,0,-1
2020010259099,2020,010259099,2,1,0,18,19,5,1,0,0,6,0,0,1,0,4,1,2,2,1,24,5,-1,-1,-1,-1,10,E01032638,0,-1
2020410996315,2020,410996315,1,1,0,18,19,1,5,0,0,0,0,0,0,0,2,1,6,6,1,51,8,-1,-1,-1,-1,8,E01023307,0,-1
202006F167596,2020,06F167596,2,9,0,3,3,8,4,0,0,1,0,0,0,0,2,1,6,6,2,63,9,-1,-1,-1,-1,1,E01005612,0,-1
2020350928678,2020,350928678,1,90,0,18,19,5,1,0,0,0,0,0,0,0,1,1,6,6,3,-1,-1,-1,-1,-1,-1,-1,-1,0,-1
2020010263549,2020,010263549,3,1,0,18,19,8,4,0,0,1,0,4,0,0,1,1,6,6,1,26,6,-1,-1,-1,-1,-1,-1,0,-1
2020010252706,2020,010252706,2,1,9,99,99,9,9,99,99,8,9,99,9,99,1,1,6,6,3,30,6,-1,-1,-1,-1,-1,-1,0,-1
202031B002620,2020,31B002620,2,1,0,18,19,1,5,0,0,1,0,0,0,0,3,1,2,2,1,28,6,-1,-1,-1,-1,4,E01028294,0,-1
2020420967511,2020,420967511,1,-1,0,18,19,3,7,9,9,2,0,0,0,0,1,1,6,6,3,-1,-1,-1,-1,-1,-1,-1,-1,1,-1
2020610028020,2020,610028020,2,9,0,18,19,7,4,0,0,1,0,0,0,0,1,1,6,6,1,20,4,-1,-1,-1,-1,3,W01001335,0,-1
2020430233010,2020,430233010,1,9,0,18,19,7,3,0,0,1,0,0,0,0,1,1,6,6,1,32,6,-1,-1,-1,-1,7,E01028640,0,-1
2020440250085,2020,440250085,2,3,0,4,4,6,2,0,0,0,1,0,0,0,0,1,6,6,1,24,5,-1,-1,-1,-1,2,E01017106,0,-1
2020430217635,2020,430217635,1,1,0,18,19,8,4,0,0,8,0,0,0,0,4,1,6,6,1,41,7,-1,-1,-1,-1,9,E01014467,0,-1
2020430430394,2020,430430394,1,1,0,18,19,5,1,0,0,0,0,0,0,0,4,1,6,6,1,35,6,-1,-1,-1,-1,-1,-1,0,-1
2020200949724,2020,200949724,2,1,0,18,19,3,7,0,0,8,0,0,0,0,3,1,6,6,2,55,8,-1,-1,-1,-1,3,E01009922,0,-1
2020010268114,2020,010268114,2,1,0,14,14,5,1,4,4,1,0,0,7,0,2,1,2,2,2,33,6,-1,-1,-1,-1,5,E01001708,0,-1