collision_index,collision_year,collision_ref_no,vehicle_reference,vehicle_type,towing_and_articulation,vehicle_manoeuvre_historic,vehicle_manoeuvre,vehicle_direction_from,vehicle_direction_to,vehicle_location_restricted_lane_historic,vehicle_location_restricted_lane,junction_location,skidding_and_overturning,hit_object_in_carriageway,vehicle_leaving_carriageway,hit_object_off_carriageway,first_point_of_impact,vehicle_left_hand_drive,journey_purpose_of_driver_historic,journey_purpose_of_driver,sex_of_driver,age_of_driver,age_band_of_driver,engine_capacity_cc,propulsion_code,age_of_vehicle,generic_make_model,driver_imd_decile,lsoa_of_driver,escooter_flag,driver_distance_banding
2020460975322,2020,460975322,1,9,0,18,19,5,7,0,0,0,0,0,0,0,1,1,6,6,3,-1,-1,-1,-1,-1,-1,-1,-1,0,-1
2020302000645,2020,302000645,2,9,0,7,7,1,4,0,0,2,0,0,0,0,1,1,6,6,2,19,4,-1,-1,-1,-1,9,E01019641,0,-1
2020332000513,2020,332000513,2,9,0,18,19,2,6,0,0,7,1,0,0,0,1,1,1,1,1,39,7,-1,-1,-1,-1,5,E01025966,0,-1
20201377P2273,2020,1377P2273,2,1,0,13,13,8,4,0,0,0,0,0,0,0,0,1,6,6,1,47,8,-1,-1,-1,-1,1,E01011673,0,-1
2020332000432,2020,332000432,1,9,0,18,19,8,4,0,0,1,0,0,0,0,1,1,6,6,1,48,8,-1,-1,-1,-1,1,E01013754,0,-1
2020010266397,2020,010266397,2,9,0,6,6,5,5,0,0,9,0,0,0,0,9,9,-1,-1,3,-1,-1,-1,-1,-1,-1,-1,-1,0,-1
2020460955848,2020,460955848,1,1,0,18,19,3,7,4,4,1,5,0,0,0,3,1,5,6,1,55,8,-1,-1,-1,-1,5,E01016118,0,-1
2020302001197,2020,302001197,1,17,5,7,7,8,2,0,0,0,0,0,0,0,0,1,6,6,1,41,7,-1,-1,-1,-1,6,E01019866,0,-1
2020010269647,2020,010269647,1,9,0,7,7,1,3,0,0,5,0,0,0,0,4,1,6,6,3,-1,-1,-1,-1,-1,-1,-1,-1,0,-1
2020332001253,2020,332001253,1,9,0,18,19,8,4,0,0,0,0,0,0,0,0,1,6,6,1,50,8,-1,-1,-1,-1,-1,-1,0,-1
202031D062820,2020,31D062820,2,1,0,18,19,1,5,0,0,4,0,0,0,0,2,1,2,2,1,29,6,-1,-1,-1,-1,5,E01028362,0,-1
2020010238554,2020,010238554,1,1,9,99,99,9,9,99,99,9,9,99,9,99,9,1,2,2,2,22,5,-1,-1,-1,-1,7,E01001968,0,-1
2020140976378,2020,140976378,1,8,0,18,19,3,7,0,0,1,0,0,0,0,1,1,6,6,3,-1,-1,-1,-1,-1,-1,-1,-1,0,-1
2020461006930,2020,461006930,2,1,0,18,19,5,1,0,0,1,0,0,0,0,3,1,6,6,1,60,9,-1,-1,-1,-1,7,E01024274,0,-1
2020010235045,2020,010235045,1,1,9,99,99,9,9,0,0,8,9,0,0,0,9,1,6,6,2,-1,-1,-1,-1,-1,-1,2,E01003248,0,-1
2020450919288,2020,450919288,1,9,0,18,19,1,5,0,0,0,0,0,0,0,1,1,6,6,3,33,6,-1,-1,-1,-1,-1,-1,0,-1
2020010274383,2020,010274383,2,1,0,4,4,5,1,0,0,1,0,0,0,0,3,1,1,1,1,36,7,-1,-1,-1,-1,2,E01000954,0,-1
2020430246362,2020,430246362,1,1,0,18,19,7,3,0,0,0,0,0,0,0,1,1,6,6,2,59,9,-1,-1,-1,-1,10,E01016798,0,-1
2020010282976,2020,010282976,2,1,9,99,99,9,9,99,99,9,9,99,9,99,9,1,2,2,1,35,6,-1,-1,-1,-1,1,E01001786,0,-1
2020440199495,2020,440199495,1,1,0,18,19,4,8,0,0,8,0,0,0,0,4,1,2,2,1,55,8,-1,-1,-1,-1,-1,-1,0,-1
2020040919271,2020,040919271,1,9,0,18,19,6,2,0,0,1,0,0,0,0,4,1,5,6,1,31,6,-1,-1,-1,-1,1,E01025297,0,-1
2020010250313,2020,010250313,3,-1,-1,18,19,3,7,0,0,1,-1,0,0,0,0,9,-1,-1,3,-1,-1,-1,-1,-1,-1,-1,-1,1,-1
2020320418252,2020,320418252,1,1,0,18,19,1,5,0,0,1,1,0,0,0,0,1,6,6,1,66,10,-1,-1,-1,-1,1,E01026126,0,-1
202063A054020,2020,63A054020,3,21,0,4,4,6,3,0,0,0,0,0,0,0,2,1,1,1,1,67,10,-1,-1,-1,-1,4,W01001899,0,-1
2020420985266,2020,420985266,1,9,0,18,19,4,8,0,0,1,0,0,0,0,1,1,6,6,3,-1,-1,-1,-1,-1,-1,-1,-1,0,-1
2020010266142,2020,010266142,1,1,0,99,99,9,9,0,0,8,0,0,0,0,1,1,6,6,2,6,2,-1,-1,-1,-1,8,E01003426,0,-1
2020440256734,2020,440256734,1,9,0,18,19,6,2,0,0,1,0,4,0,0,1,1,6,6,1,22,5,-1,-1,-1,-1,3,E01032745,0,-1
2020010234803,2020,010234803,2,1,0,18,19,1,5,0,0,0,5,8,0,0,1,1,2,2,1,49,8,-1,-1,-1,-1,2,E01001735,0,-1
2020430370302,2020,430370302,1,1,0,18,19,4,8,0,0,8,0,0,0,0,2,1,6,6,2,26,6,-1,-1,-1,-1,7,E01017925,0,-1
202031B126220,2020,31B126220,2,9,0,17,19,4,8,0,0,0,0,0,0,0,1,1,1,1,1,39,7,-1,-1,-1,-1,6,E01026411,0,-1
2020010239450,2020,010239450,1,9,0,18,19,-1,-1,0,0,8,0,0,0,0,0,1,6,6,3,-1,-1,-1,-1,-1,-1,-1,-1,0,-1
2020332000460,2020,332000460,3,9,0,2,2,0,0,0,0,0,0,0,0,0,2,1,6,6,3,-1,-1,-1,-1,-1,-1,5,E01025897,0,-1
2020430263591,2020,430263591,6,9,0,18,19,5,1,0,0,0,0,0,0,0,2,1,6,6,1,44,7,-1,-1,-1,-1,8,E01016286,0,-1
2020010237495,2020,010237495,2,1,0,18,19,5,1,5,5,8,0,0,0,0,1,1,6,6,2,42,7,-1,-1,-1,-1,3,E01001999,0,-1
2020010245955,2020,010245955,2,1,9,99,99,9,9,99,99,8,9,99,9,99,1,1,6,6,1,-1,-1,-1,-1,-1,-1,4,E01004611,0,-1
2020010241973,2020,010241973,1,4,0,18,19,5,1,0,0,8,2,0,0,0,1,1,6,6,1,27,6,-1,-1,-1,-1,2,E01000129,0,-1
2020430023831,2020,430023831,1,9,0,18,19,2,6,0,0,6,0,0,0,0,1,1,6,6,1,-1,-1,-1,-1,-1,-1,-1,-1,0,-1
2020460965283,2020,460965283,1,9,0,18,19,2,6,0,0,0,0,0,0,0,0,1,5,6,3,-1,-1,-1,-1,-1,-1,-1,-1,0,-1
2020440191974,2020,440191974,3,19,0,3,3,7,3,0,0,1,0,0,0,0,2,1,1,1,1,49,8,-1,-1,-1,-1,1,E01017236,0,-1
2020530917554,2020,530917554,1,17,0,17,19,2,6,0,0,0,0,0,0,0,1,1,1,1,1,33,6,-1,-1,-1,-1,10,E01031232,0,-1
2020450916238,2020,450916238,1,98,0,18,19,1,5,0,0,0,0,0,0,0,3,2,1,1,1,38,7,-1,-1,-1,-1,-1,-1,0,-1
2020440359799,2020,440359799,1,8,0,18,19,3,7,0,0,1,0,0,0,0,1,1,6,6,3,-1,-1,-1,-1,-1,-1,-1,-1,0,-1
2020122100153,2020,122100153,2,97,0,18,19,4,8,0,0,1,0,0,0,0,1,1,6,6,3,-1,-1,-1,-1,-1,-1,-1,-1,0,-1
2020010244526,2020,010244526,1,1,9,99,99,9,9,99,99,9,9,99,9,99,9,1,6,6,1,28,6,-1,-1,-1,-1,2,E01001980,0,-1
2020211020300,2020,211020300,2,90,0,9,9,3,1,0,0,8,0,0,0,0,1,1,6,6,3,-1,-1,-1,-1,-1,-1,-1,-1,0,-1
2020320216591,2020,320216591,1,1,0,18,19,7,3,0,0,0,0,0,0,0,0,1,6,6,1,36,7,-1,-1,-1,-1,3,E01026271,0,-1
2020450989181,2020,450989181,1,9,0,18,19,2,6,0,0,0,0,0,0,0,1,1,5,6,1,36,7,-1,-1,-1,-1,4,E01003482,0,-1
2020440355879,2020,440355879,2,1,0,18,19,3,7,0,0,8,0,0,0,0,1,1,4,7,1,11,3,-1,-1,-1,-1,3,E01022739,0,-1
2020010255666,2020,010255666,2,9,0,99,99,9,9,99,99,9,9,99,9,99,1,9,6,6,3,-1,-1,-1,-1,-1,-1,-1,-1,0,-1
2020470960297,2020,470960297,2,9,0,2,2,0,0,0,0,1,0,0,0,0,2,1,6,6,3,-1,-1,-1,-1,-1,-1,-1,-1,0,-1
2020320216574,2020,320216574,1,1,0,18,19,7,3,0,0,0,0,0,0,0,1,1,6,6,1,54,8,-1,-1,-1,-1,5,E01026201,0,-1
2020010249668,2020,010249668,1,1,9,99,99,9,9,99,99,9,9,99,9,99,1,1,6,6,1,32,6,-1,-1,-1,-1,1,E01004272,0,-1
2020010272177,2020,010272177,2,1,0,18,19,5,1,0,0,8,0,0,0,0,4,1,2,2,2,65,9,-1,-1,-1,-1,3,E01000912,0,-1
2020140941535,2020,140941535,1,9,0,-1,-1,-1,-1,-1,-1,0,-1,-1,-1,0,-1,1,6,6,3,-1,-1,-1,-1,-1,-1,-1,-1,0,-1
2020200940718,2020,200940718,1,9,0,5,5,8,6,0,0,6,0,0,0,0,1,1,6,6,1,-1,-1,-1,-1,-1,-1,-1,-1,0,-1
2020040959637,2020,040959637,1,9,0,18,19,1,3,0,0,0,0,0,0,0,1,1,6,6,3,-1,-1,-1,-1,-1,-1,-1,-1,0,-1
2020010257943,2020,010257943,2,1,0,18,19,8,4,0,0,1,0,0,0,0,1,1,6,6,1,35,6,-1,-1,-1,-1,-1,-1,0,-1
2020010242097,2020,010242097,2,1,0,18,19,4,8,0,0,8,0,0,1,0,1,1,6,6,1,26,6,-1,-1,-1,-1,5,E01001681,0,-1
2020370967772,2020,370967772,1,98,-1,12,12,5,1,0,0,0,0,0,0,0,-1,1,6,6,3,-1,-1,-1,-1,-1,-1,-1,-1,0,-1
2020430073550,2020,430073550,2,1,0,18,19,1,5,0,0,8,0,0,0,0,4,1,6,6,1,77,11,-1,-1,-1,-1,10,E01028594,0,-1
2020340N03162,2020,340N03162,2,9,0,18,19,1,5,0,0,8,0,0,0,0,1,1,6,6,1,29,6,-1,-1,-1,-1,3,E01027152,0,-1
2020010272817,2020,010272817,1,1,9,99,99,9,9,99,99,9,9,99,9,99,1,1,6,6,1,29,6,-1,-1,-1,-1,2,E01003971,0,-1
2020522002619,2020,522002619,1,1,0,18,19,5,1,0,0,0,1,0,0,0,1,1,6,6,1,55,8,-1,-1,-1,-1,8,E01014444,0,-1
2020010275438,2020,010275438,1,1,9,99,99,9,9,99,99,1,9,99,9,99,9,1,2,2,1,40,7,-1,-1,-1,-1,3,E01033324,0,-1
2020430307135,2020,430307135,1,8,0,2,2,0,0,2,2,0,0,0,0,0,3,1,1,1,1,-1,-1,-1,-1,-1,-1,-1,-1,0,-1
2020470997571,2020,470997571,2,1,0,18,19,5,1,0,0,0,0,0,0,0,3,1,6,6,1,39,7,-1,-1,-1,-1,10,E01031645,0,-1
2020230979892,2020,230979892,2,1,0,7,7,8,6,0,0,8,0,0,0,0,4,1,1,1,1,50,8,-1,-1,-1,-1,4,E01031276,0,-1
2020010265971,2020,010265971,2,1,0,18,19,1,5,0,0,1,0,0,0,0,2,1,6,6,2,52,8,-1,-1,-1,-1,5,E01002361,0,-1
2020541659220,2020,541659220,1,9,0,18,19,6,2,0,0,0,1,0,7,11,1,1,6,6,1,53,8,-1,-1,-1,-1,6,E01031842,0,-1
2020430318332,2020,430318332,2,1,0,18,19,7,3,0,0,0,0,0,0,0,4,1,6,6,2,6,2,-1,-1,-1,-1,5,E01032555,0,-1
2020010271804,2020,010271804,1,1,9,99,99,9,9,99,99,9,9,99,9,99,1,1,6,6,1,22,5,-1,-1,-1,-1,2,E01002608,0,-1
2020622000082,2020,622000082,1,19,0,18,19,2,6,0,0,8,0,0,0,0,4,1,6,6,1,36,7,-1,-1,-1,-1,7,W01001838,0,-1
2020010233843,2020,010233843,1,9,-1,-1,-1,-1,-1,-1,-1,-1,-1,0,0,0,1,9,-1,-1,3,-1,-1,-1,-1,-1,-1,-1,-1,0,-1
2020420956914,2020,420956914,3,98,0,10,10,3,1,0,0,1,0,0,0,0,1,1,1,1,1,63,9,-1,-1,-1,-1,2,E01000079,0,-1
2020440369676,2020,440369676,1,1,0,18,19,7,3,9,9,8,0,0,0,0,3,1,6,6,1,15,3,-1,-1,-1,-1,7,E01022938,0,-1
202060Y111269,2020,60Y111269,1,9,0,18,19,8,4,0,0,0,0,0,0,0,1,1,6,6,1,35,6,-1,-1,-1,-1,-1,-1,0,-1
2020100943908,2020,100943908,1,1,0,9,9,5,1,0,0,8,5,0,0,0,1,1,6,6,1,24,5,-1,-1,-1,-1,2,E01008613,0,-1
2020200929798,2020,200929798,1,9,0,18,19,-1,-1,0,0,0,0,0,0,0,1,1,6,6,3,-1,-1,-1,-1,-1,-1,-1,-1,0,-1
2020010255680,2020,010255680,2,9,4,99,99,9,9,99,99,9,9,99,9,99,0,9,6,6,1,-1,-1,-1,-1,-1,-1,4,E01002398,0,-1
20201377O1417,2020,1377O1417,1,1,0,16,19,8,3,0,0,0,2,10,0,0,4,1,6,6,1,15,3,-1,-1,-1,-1,3,E01011260,0,-1
2020010260526,2020,010260526,2,1,0,18,19,1,5,0,0,0,0,0,0,0,3,1,6,6,1,13,3,-1,-1,-1,-1,2,E01002638,0,-1
2020010241042,2020,010241042,1,9,0,99,99,9,9,99,99,9,9,99,9,99,1,9,6,6,3,-1,-1,-1,-1,-1,-1,-1,-1,0,-1
2020470928921,2020,470928921,1,1,0,7,7,7,6,0,0,6,0,0,0,0,1,1,6,6,1,-1,-1,-1,-1,-1,-1,-1,-1,0,-1
202060Y141975,2020,60Y141975,5,9,0,9,9,2,8,0,0,5,0,0,0,0,0,1,6,6,1,44,7,-1,-1,-1,-1,-1,-1,0,-1
2020010286616,2020,010286616,1,9,0,17,19,7,5,0,0,2,2,7,8,7,1,1,6,6,1,20,4,-1,-1,-1,-1,1,E01001732,0,-1
2020010237169,2020,010237169,2,-1,0,18,19,4,8,0,0,1,0,0,0,0,1,1,6,6,1,26,6,-1,-1,-1,-1,5,E01003072,1,-1
2020440315190,2020,440315190,1,9,0,9,9,5,2,0,0,6,0,0,0,0,3,1,6,6,1,27,6,-1,-1,-1,-1,7,E01017197,0,-1
2020360939262,2020,360939262,1,9,0,9,9,2,8,2,2,0,0,0,0,0,1,1,1,1,1,35,6,-1,-1,-1,-1,6,E01026512,0,-1
2020200996580,2020,200996580,1,9,0,7,7,7,2,0,0,5,0,0,0,0,3,1,1,1,2,-1,-1,-1,-1,-1,-1,-1,-1,0,-1
2020010280632,2020,010280632,2,9,0,99,99,9,9,99,99,9,9,99,9,99,2,9,6,6,3,-1,-1,-1,-1,-1,-1,-1,-1,0,-1
2020610048720,2020,610048720,2,1,0,18,19,1,4,0,0,3,0,0,0,0,1,1,6,6,2,61,9,-1,-1,-1,-1,-1,-1,0,-1
2020010271809,2020,010271809,2,9,0,7,7,3,5,0,0,4,0,0,0,0,1,1,6,6,3,-1,-1,-1,-1,-1,-1,-1,-1,0,-1
2020137A61418,2020,137A61418,2,9,0,18,19,1,3,0,0,1,0,0,0,0,1,1,6,6,1,30,6,-1,-1,-1,-1,-1,-1,0,-1
2020622000518,2020,622000518,1,97,0,18,19,2,6,0,0,4,0,0,0,0,1,1,6,6,1,15,3,-1,-1,-1,-1,2,W01000834,0,-1
202063A040820,2020,63A040820,2,1,0,18,19,6,2,0,0,8,0,0,0,0,4,1,6,6,1,63,9,-1,-1,-1,-1,3,W01001923,0,-1
2020440077446,2020,440077446,2,2,0,13,13,2,6,0,0,8,0,0,0,0,1,1,6,6,1,16,4,-1,-1,-1,-1,8,E01022918,0,-1
2020010285448,2020,010285448,1,1,0,99,99,9,9,0,0,8,0,99,0,0,9,1,2,2,2,39,7,-1,-1,-1,-1,2,E01000856,0,-1
2020110950646,2020,110950646,1,9,0,4,4,5,1,0,0,1,0,0,0,0,1,1,6,6,1,54,8,-1,-1,-1,-1,3,E01020875,0,-1
2020010267177,2020,010267177,1,1,0,7,7,5,7,0,0,2,0,0,0,0,1,1,6,6,1,16,4,-1,-1,-1,-1,3,E01003686,0,-1
2020230932466,2020,230932466,2,1,0,4,4,8,4,0,0,1,0,0,0,0,1,1,5,6,1,11,3,-1,-1,-1,-1,1,E01031273,0,-1
2020140989476,2020,140989476,2,1,0,18,19,5,1,0,0,1,0,0,0,0,1,1,6,6,1,63,9,-1,-1,-1,-1,7,E01007468,0,-1
2020040957188,2020,040957188,1,1,0,18,19,1,5,0,0,6,0,0,0,0,1,1,5,6,1,10,2,-1,-1,-1,-1,5,E01012635,0,-1
2020010261559,2020,010261559,1,9,0,18,19,5,1,0,0,0,0,0,0,0,1,1,6,6,3,-1,-1,-1,-1,-1,-1,-1,-1,0,-1
2020320642434,2020,320642434,2,1,0,10,10,5,3,0,0,1,0,0,0,0,4,1,6,6,1,44,7,-1,-1,-1,-1,8,E01026138,0,-1
2020420939886,2020,420939886,2,16,0,18,19,5,1,9,9,0,0,0,0,0,1,1,6,6,2,15,3,-1,-1,-1,-1,5,E01021890,0,-1
202031B133720,2020,31B133720,2,1,0,17,19,1,8,0,0,8,0,0,0,0,1,1,6,6,1,48,8,-1,-1,-1,-1,10,E01028330,0,-1
2020552000076,2020,552000076,2,1,0,18,19,1,5,0,0,8,0,0,0,0,1,1,2,2,2,54,8,-1,-1,-1,-1,7,E01020357,0,-1
20201372B1616,2020,1372B1616,2,1,0,9,9,8,4,0,0,8,0,0,0,0,4,1,6,6,1,51,8,-1,-1,-1,-1,10,E01032504,0,-1
2020140983739,2020,140983739,1,1,0,18,19,5,1,0,0,8,0,0,0,0,4,1,5,6,2,31,6,-1,-1,-1,-1,2,E01008109,0,-1
2020010243352,2020,010243352,1,1,0,5,5,1,5,0,0,8,0,0,0,0,1,1,6,6,1,55,8,-1,-1,-1,-1,2,E01032720,0,-1
2020430324766,2020,430324766,2,9,0,18,19,3,7,0,0,0,0,0,0,0,2,1,6,6,1,57,9,-1,-1,-1,-1,5,E01017845,0,-1
202006G178411,2020,06G178411,1,9,0,18,19,4,8,0,0,2,0,0,0,0,1,1,6,6,3,-1,-1,-1,-1,-1,-1,-1,-1,0,-1
2020030953788,2020,030953788,1,9,0,18,19,7,3,0,0,0,0,0,0,0,4,1,6,6,3,-1,-1,-1,-1,-1,-1,-1,-1,0,-1
2020340N80142,2020,340N80142,2,1,0,18,19,8,4,0,0,8,5,0,0,0,4,1,6,6,1,23,5,-1,-1,-1,-1,3,E01026036,0,-1
2020010266150,2020,010266150,1,1,9,99,99,9,9,99,99,9,9,99,9,99,1,1,6,6,1,43,7,-1,-1,-1,-1,6,E01001195,0,-1
2020160964432,2020,160964432,1,22,0,18,19,5,1,9,9,0,5,0,0,0,1,1,5,6,2,27,6,-1,-1,-1,-1,1,E01012858,0,-1
2020160969528,2020,160969528,1,9,0,1,1,3,7,0,0,0,0,0,0,0,2,1,6,6,2,43,7,-1,-1,-1,-1,10,E01013215,0,-1
2020552000897,2020,552000897,2,1,0,18,19,7,3,0,0,8,0,0,0,0,4,1,6,6,1,23,5,-1,-1,-1,-1,5,E01020518,0,-1
2020990943216,2020,990943216,2,9,0,2,2,0,0,7,6,2,0,0,0,0,3,1,6,6,3,-1,-1,-1,-1,-1,-1,-1,-1,0,-1
2020522003849,2020,522003849,1,1,0,18,19,2,4,0,0,1,0,0,0,0,2,1,6,6,1,29,6,-1,-1,-1,-1,9,E01014667,0,-1
2020440303648,2020,440303648,2,9,0,9,9,4,2,0,0,8,0,0,0,0,4,1,6,6,3,-1,-1,-1,-1,-1,-1,-1,-1,0,-1
2020010263088,2020,010263088,2,1,0,9,9,3,8,0,0,1,0,0,0,0,2,1,6,6,2,53,8,-1,-1,-1,-1,5,E01000911,0,-1
2020991007300,2020,991007300,2,9,0,2,2,0,0,0,0,1,0,0,0,0,4,1,6,6,3,-1,-1,-1,-1,-1,-1,-1,-1,0,-1
2020010281370,2020,010281370,2,9,0,99,99,9,9,99,99,9,9,99,9,99,1,9,6,6,3,-1,-1,-1,-1,-1,-1,-1,-1,0,-1
202063D083220,2020,63D083220,2,1,0,18,19,4,8,0,0,0,0,0,0,0,2,1,6,6,1,38,7,-1,-1,-1,-1,7,W01000434,0,-1
2020140974825,2020,140974825,2,9,0,18,19,3,7,0,0,0,0,0,0,0,3,2,6,6,2,-1,-1,-1,-1,-1,-1,-1,-1,0,-1
2020200948876,2020,200948876,2,1,0,18,19,7,1,0,0,3,0,0,0,0,4,1,6,6,1,25,5,-1,-1,-1,-1,2,E01009516,0,-1
2020450925687,2020,450925687,3,9,0,18,19,1,5,0,0,0,0,0,0,0,1,1,6,6,1,56,9,-1,-1,-1,-1,8,E01000671,0,-1
2020200937362,2020,200937362,1,97,0,18,19,7,3,0,0,0,2,0,0,0,1,1,6,6,1,22,5,-1,-1,-1,-1,-1,-1,0,-1
2020440434047,2020,440434047,1,9,0,17,19,6,2,0,0,0,1,0,1,2,1,1,2,2,1,54,8,-1,-1,-1,-1,4,E01024541,0,-1
2020170L30590,2020,170L30590,2,1,0,14,14,5,1,0,0,0,0,0,0,0,2,1,6,6,2,55,8,-1,-1,-1,-1,-1,-1,0,-1
2020552001018,2020,552001018,2,1,0,18,19,6,2,0,0,8,0,0,0,0,3,1,4,7,1,13,3,-1,-1,-1,-1,9,E01015325,0,-1
2020010246436,2020,010246436,1,9,0,99,99,9,9,99,99,0,9,99,9,99,2,1,6,6,1,35,6,-1,-1,-1,-1,1,E01003207,0,-1
2020070099868,2020,070099868,2,1,0,18,19,8,4,0,0,1,0,0,0,0,4,1,6,6,1,71,10,-1,-1,-1,-1,6,E01018741,0,-1
2020400977854,2020,400977854,2,8,0,2,2,7,3,0,0,0,0,0,0,0,4,1,1,1,1,53,8,-1,-1,-1,-1,7,E01017547,0,-1
2020052000891,2020,052000891,2,1,0,18,19,3,7,0,0,6,0,0,0,0,1,1,6,6,1,78,11,-1,-1,-1,-1,9,E01006922,0,-1
202031A103020,2020,31A103020,2,90,0,17,19,2,7,0,0,0,0,0,0,0,1,1,6,6,1,58,9,-1,-1,-1,-1,9,E01028264,0,-1
2020200999358,2020,200999358,1,1,0,18,19,-1,-1,0,0,0,0,0,0,0,3,1,5,6,1,15,3,-1,-1,-1,-1,1,E01010292,0,-1
2020010275833,2020,010275833,2,9,0,18,19,3,7,0,0,0,1,0,0,0,1,2,1,1,1,25,5,-1,-1,-1,-1,7,E01000190,0,-1
20201378O1978,2020,1378O1978,1,9,0,18,19,2,6,0,0,1,0,0,0,0,4,1,6,6,1,26,6,-1,-1,-1,-1,1,E01011745,0,-1
2020030976133,2020,030976133,2,1,0,16,19,1,5,0,0,0,5,0,0,0,2,1,6,6,1,39,7,-1,-1,-1,-1,4,E01019290,0,-1
2020360977673,2020,360977673,2,9,0,17,19,7,3,0,0,8,0,0,0,0,2,1,6,6,3,-1,-1,-1,-1,-1,-1,-1,-1,0,-1
2020420950931,2020,420950931,2,1,0,18,19,1,5,0,0,8,0,0,0,0,1,1,5,6,1,57,9,-1,-1,-1,-1,1,E01022042,0,-1
2020122000802,2020,122000802,1,5,0,13,13,7,3,0,0,1,1,0,0,0,1,1,6,6,1,32,6,-1,-1,-1,-1,7,E01013428,0,-1
2020010266178,2020,010266178,1,9,0,18,19,7,3,0,0,0,0,0,0,0,4,1,6,6,3,-1,-1,-1,-1,-1,-1,-1,-1,0,-1
20201373S1083,2020,1373S1083,2,1,0,17,19,6,7,0,0,2,0,0,0,0,1,1,6,6,1,51,8,-1,-1,-1,-1,3,E01010940,0,-1
2020040932386,2020,040932386,2,1,0,18,19,5,5,0,0,8,0,0,0,0,3,1,6,6,1,21,5,-1,-1,-1,-1,3,E01025310,0,-1
2020320608073,2020,320608073,2,1,0,18,19,6,8,0,0,0,5,0,7,0,3,1,2,2,1,44,7,-1,-1,-1,-1,-1,-1,0,-1
2020010254074,2020,010254074,1,1,0,18,19,3,7,5,5,0,0,0,0,0,1,1,6,6,1,59,9,-1,-1,-1,-1,4,E01002299,0,-1
2020230979612,2020,230979612,2,1,0,18,19,5,1,0,0,8,0,0,0,0,3,1,5,6,2,49,8,-1,-1,-1,-1,5,E01031098,0,-1
2020010277103,2020,010277103,2,1,0,14,14,7,3,0,0,2,0,0,0,0,1,1,1,1,2,20,4,-1,-1,-1,-1,3,E01004763,0,-1
2020460974388,2020,460974388,1,9,0,1,1,3,7,0,0,0,0,0,0,0,2,1,5,6,3,-1,-1,-1,-1,-1,-1,-1,-1,0,-1
2020230974220,2020,230974220,1,1,0,18,19,4,8,0,0,8,0,0,0,0,1,1,5,6,1,13,3,-1,-1,-1,-1,10,E01031292,0,-1
2020522100533,2020,522100533,2,1,0,18,19,5,1,0,0,0,0,0,0,0,1,1,6,6,1,74,10,-1,-1,-1,-1,9,E01014784,0,-1
2020010235158,2020,010235158,2,9,9,99,99,9,9,99,99,1,9,99,9,99,9,9,6,6,3,-1,-1,-1,-1,-1,-1,-1,-1,0,-1
2020370933573,2020,370933573,1,9,0,18,19,6,2,0,0,0,0,0,0,0,1,1,1,1,1,60,9,-1,-1,-1,-1,4,E01030110,0,-1
2020360928604,2020,360928604,1,90,0,18,19,3,7,0,0,1,0,0,0,0,1,1,6,6,1,-1,-1,-1,-1,-1,-1,-1,-1,0,-1
2020210996201,2020,210996201,2,1,0,18,19,6,2,0,0,0,0,0,0,0,4,1,6,6,1,44,7,-1,-1,-1,-1,6,E01029446,0,-1
2020332000173,2020,332000173,2,1,0,18,19,2,6,0,0,8,0,0,0,0,1,1,6,6,1,40,7,-1,-1,-1,-1,6,E01025759,0,-1
2020010247973,2020,010247973,1,1,0,18,19,5,1,0,0,2,0,0,0,0,2,-1,6,6,2,39,7,-1,-1,-1,-1,-1,-1,0,-1
2020170S20490,2020,170S20490,1,9,0,18,19,8,4,0,0,0,0,0,0,0,1,1,6,6,3,-1,-1,-1,-1,-1,-1,-1,-1,0,-1
2020522100491,2020,522100491,2,1,0,18,19,4,8,0,0,8,0,0,0,0,4,1,6,6,1,28,6,-1,-1,-1,-1,10,E01014966,0,-1
2020200929571,2020,200929571,1,9,0,18,19,-1,-1,0,0,0,0,0,0,0,1,1,6,6,3,-1,-1,-1,-1,-1,-1,-1,-1,0,-1
20201373P1113,2020,1373P1113,2,1,0,18,19,1,5,0,0,8,0,0,0,0,1,1,6,6,1,66,10,-1,-1,-1,-1,8,E01032488,0,-1
2020430021168,2020,430021168,2,9,0,9,9,3,1,0,0,5,0,0,0,0,2,1,1,1,1,56,9,-1,-1,-1,-1,9,E01028784,0,-1
2020991007183,2020,991007183,2,1,0,18,19,4,8,0,0,1,0,0,0,0,1,1,1,1,1,37,7,-1,-1,-1,-1,10,-1,0,-1
2020430047564,2020,430047564,1,1,0,7,7,1,3,0,0,5,0,0,0,0,4,1,6,6,1,45,7,-1,-1,-1,-1,5,E01028542,0,-1
2020220981471,2020,220981471,3,16,0,7,7,1,3,0,0,6,0,0,0,0,0,1,5,6,2,13,3,-1,-1,-1,-1,5,E01014069,0,-1
2020430002230,2020,430002230,1,9,0,18,19,2,5,0,0,8,0,0,0,0,1,1,2,2,2,22,5,-1,-1,-1,-1,5,E01016503,0,-1
2020122000846,2020,122000846,2,1,0,9,9,5,3,0,0,0,0,0,0,0,3,1,6,6,1,14,3,-1,-1,-1,-1,10,E01013436,0,-1
2020332000540,2020,332000540,1,9,0,18,19,1,5,0,0,6,0,0,0,0,1,1,1,1,1,51,8,-1,-1,-1,-1,6,E01026344,0,-1
2020122000887,2020,122000887,1,98,0,4,4,1,5,0,0,1,0,0,0,0,1,1,1,1,1,67,10,-1,-1,-1,-1,6,E01027604,0,-1
2020430092846,2020,430092846,1,9,0,9,9,1,7,0,0,8,0,0,0,0,3,1,6,6,1,44,7,-1,-1,-1,-1,7,E01028424,0,-1
2020450916536,2020,450916536,1,1,0,18,19,1,5,0,0,0,0,0,0,0,4,1,6,6,2,41,7,-1,-1,-1,-1,8,E01030977,0,-1
2020010268207,2020,010268207,1,1,9,99,99,9,9,99,99,9,9,99,9,99,9,1,6,6,2,48,8,-1,-1,-1,-1,2,E01002056,0,-1
2020010231636,2020,010231636,1,1,9,99,99,9,9,99,99,9,9,99,9,99,1,1,2,2,2,30,6,-1,-1,-1,-1,3,E01002777,0,-1
2020170M10070,2020,170M10070,2,1,0,18,19,6,2,4,4,8,0,0,0,0,1,1,2,2,1,58,9,-1,-1,-1,-1,1,E01012089,0,-1