collision_index,collision_year,collision_ref_no,vehicle_reference,vehicle_type,towing_and_articulation,vehicle_manoeuvre_historic,vehicle_manoeuvre,vehicle_direction_from,vehicle_direction_to,vehicle_location_restricted_lane_historic,vehicle_location_restricted_lane,junction_location,skidding_and_overturning,hit_object_in_carriageway,vehicle_leaving_carriageway,hit_object_off_carriageway,first_point_of_impact,vehicle_left_hand_drive,journey_purpose_of_driver_historic,journey_purpose_of_driver,sex_of_driver,age_of_driver,age_band_of_driver,engine_capacity_cc,propulsion_code,age_of_vehicle,generic_make_model,driver_imd_decile,lsoa_of_driver,escooter_flag,driver_distance_banding
2020461000111,2020,461000111,2,1,0,18,19,5,1,0,0,4,2,0,1,0,2,1,6,6,1,26,6,-1,-1,-1,-1,8,E01016122,0,-1
2020010239878,2020,010239878,2,1,0,18,19,1,5,0,0,4,0,0,0,0,4,1,2,2,1,36,7,-1,-1,-1,-1,4,E01033745,0,-1
2020460964327,2020,460964327,2,1,0,18,19,1,5,0,0,1,0,0,0,0,1,1,6,6,1,64,9,-1,-1,-1,-1,10,E01024829,0,-1
202060Y053025,2020,60Y053025,1,9,0,9,9,1,8,0,0,8,0,0,0,0,1,1,6,6,1,50,8,-1,-1,-1,-1,-1,-1,0,-1
2020440231385,2020,440231385,1,9,0,18,19,6,2,0,0,0,0,0,0,0,1,1,6,6,2,23,5,-1,-1,-1,-1,4,E01017319,0,-1
2020010251797,2020,010251797,1,1,0,99,99,9,9,0,0,8,0,0,0,0,1,1,6,6,1,-1,-1,-1,-1,-1,-1,10,E01003443,0,-1
2020522002008,2020,522002008,1,1,0,18,19,7,3,0,0,8,0,0,0,0,1,1,6,6,2,28,6,-1,-1,-1,-1,2,E01014683,0,-1
2020010273783,2020,010273783,1,1,9,99,99,9,9,99,99,9,9,99,9,99,1,1,2,2,1,27,6,-1,-1,-1,-1,3,E01004676,0,-1
2020410953467,2020,410953467,1,1,0,16,19,7,4,0,0,8,0,0,0,0,2,1,6,6,1,52,8,-1,-1,-1,-1,8,E01023625,0,-1
2020010268722,2020,010268722,2,9,0,99,99,9,9,99,99,9,9,99,9,99,9,9,6,6,3,-1,-1,-1,-1,-1,-1,-1,-1,0,-1
202031C089520,2020,31C089520,2,1,0,9,9,2,8,0,0,8,0,0,0,0,1,1,6,6,1,12,3,-1,-1,-1,-1,1,E01013879,0,-1
2020420960885,2020,420960885,2,1,0,18,19,5,1,0,0,3,0,0,0,0,4,1,5,6,1,36,7,-1,-1,-1,-1,10,E01021453,0,-1
2020220928263,2020,220928263,2,1,0,9,9,5,3,0,0,6,0,0,0,0,2,1,4,7,1,15,3,-1,-1,-1,-1,6,E01032405,0,-1
2020530971109,2020,530971109,1,1,0,18,19,1,6,0,0,8,0,0,0,0,2,1,5,6,1,75,10,-1,-1,-1,-1,2,E01022292,0,-1
2020552000818,2020,552000818,1,1,0,18,19,5,1,0,0,0,0,4,0,0,1,1,6,6,1,27,6,-1,-1,-1,-1,3,E01015449,0,-1
2020420973092,2020,420973092,1,-1,0,18,19,5,1,0,0,1,5,0,0,0,4,1,6,6,1,16,4,-1,-1,-1,-1,6,E01021796,1,-1
2020200924229,2020,200924229,1,9,0,18,19,8,4,0,0,4,0,0,0,0,1,1,6,6,1,-1,-1,-1,-1,-1,-1,-1,-1,0,-1
2020010255092,2020,010255092,1,9,0,99,99,9,9,99,99,9,9,99,9,99,4,9,6,6,1,34,6,-1,-1,-1,-1,5,E01004370,0,-1
2020211018784,2020,211018784,2,1,0,18,19,4,8,0,0,8,0,0,0,0,4,1,4,7,1,16,4,-1,-1,-1,-1,8,E01014348,0,-1
2020460971914,2020,460971914,2,9,0,9,9,5,7,0,0,8,0,0,0,0,3,1,5,6,1,36,7,-1,-1,-1,-1,10,E01016132,0,-1
2020440317832,2020,440317832,1,9,0,18,19,1,5,0,0,0,2,0,1,1,4,1,6,6,1,19,4,-1,-1,-1,-1,6,E01023284,0,-1
2020360955539,2020,360955539,1,1,0,18,19,6,2,0,0,8,0,0,0,0,3,1,2,2,1,50,8,-1,-1,-1,-1,9,E01026908,0,-1
2020470970886,2020,470970886,4,9,0,2,2,0,0,6,6,0,0,0,0,0,2,1,6,6,3,-1,-1,-1,-1,-1,-1,-1,-1,0,-1
2020010245030,2020,010245030,2,9,9,99,99,9,9,99,99,9,9,99,9,99,9,9,6,6,3,-1,-1,-1,-1,-1,-1,1,E01004273,0,-1
2020610000121,2020,610000121,1,9,0,3,3,7,3,0,0,1,0,0,0,0,2,1,6,6,1,43,7,-1,-1,-1,-1,5,W01001475,0,-1
2020010266282,2020,010266282,2,-1,0,18,19,5,1,0,0,5,1,4,0,0,1,1,6,6,1,19,4,-1,-1,-1,-1,2,E01003302,1,-1
2020430200908,2020,430200908,2,1,0,18,19,1,5,0,0,2,0,0,0,0,3,1,6,6,1,79,11,-1,-1,-1,-1,10,E01028565,0,-1
2020440354493,2020,440354493,1,9,0,9,9,2,8,0,0,1,0,0,0,0,4,1,6,6,1,20,4,-1,-1,-1,-1,7,E01017909,0,-1
2020440317733,2020,440317733,1,9,0,18,19,6,2,0,0,2,0,0,0,0,1,1,2,2,1,40,7,-1,-1,-1,-1,2,E01015304,0,-1
2020110968036,2020,110968036,2,1,0,18,19,3,7,0,0,0,0,0,0,0,1,1,5,6,1,40,7,-1,-1,-1,-1,5,E01020695,0,-1
2020450936852,2020,450936852,2,9,0,18,19,1,5,0,0,1,0,0,0,0,1,1,6,6,3,64,9,-1,-1,-1,-1,-1,-1,0,-1
2020552000480,2020,552000480,2,1,0,18,19,7,4,0,0,8,0,0,0,0,4,1,2,2,1,31,6,-1,-1,-1,-1,8,E01015378,0,-1
2020052001352,2020,052001352,2,1,0,18,19,2,6,0,0,8,0,0,0,0,1,1,6,6,1,68,10,-1,-1,-1,-1,4,E01006537,0,-1
2020010285722,2020,010285722,1,97,0,18,19,1,5,0,0,0,9,99,9,99,9,1,6,6,1,-1,-1,-1,-1,-1,-1,-1,-1,0,-1
2020400915007,2020,400915007,2,1,0,18,19,3,7,0,0,0,5,0,0,0,3,1,6,6,1,12,3,-1,-1,-1,-1,3,E01015751,0,-1
2020010257054,2020,010257054,2,1,0,18,19,5,1,0,0,1,0,4,1,0,1,1,6,6,1,34,6,-1,-1,-1,-1,2,E01001860,0,-1
2020990985125,2020,990985125,1,1,0,16,19,6,8,0,0,0,5,0,0,0,1,1,5,6,1,26,6,-1,-1,-1,-1,-1,-1,0,-1
2020460998780,2020,460998780,3,1,0,4,4,4,8,0,0,0,0,0,0,0,0,1,5,6,1,-1,-1,-1,-1,-1,-1,-1,-1,0,-1
2020470945180,2020,470945180,1,9,0,18,19,1,5,0,0,6,0,0,0,0,4,2,1,1,1,33,6,-1,-1,-1,-1,8,E01021027,0,-1
2020010252368,2020,010252368,1,1,9,99,99,9,9,99,99,0,0,99,9,99,9,1,2,2,1,56,9,-1,-1,-1,-1,5,E01003276,0,-1
2020010232781,2020,010232781,1,1,9,99,99,9,9,99,99,9,9,99,9,99,2,1,6,6,1,57,9,-1,-1,-1,-1,3,E01001371,0,-1
2020451004614,2020,451004614,1,9,0,4,4,7,3,0,0,1,0,0,0,0,1,1,6,6,2,40,7,-1,-1,-1,-1,-1,-1,0,-1
2020010255194,2020,010255194,1,9,0,18,19,3,7,0,0,8,0,0,0,0,1,1,6,6,3,-1,-1,-1,-1,-1,-1,-1,-1,0,-1
2020990995287,2020,990995287,5,9,0,18,19,3,7,0,0,0,0,0,0,0,2,1,1,1,1,34,6,-1,-1,-1,-1,7,-1,0,-1
2020400925447,2020,400925447,2,1,0,18,19,4,8,0,0,2,0,0,0,0,4,1,4,7,2,10,2,-1,-1,-1,-1,5,E01015762,0,-1
2020440195821,2020,440195821,4,19,0,2,2,0,0,0,0,0,0,0,0,0,2,1,6,6,1,31,6,-1,-1,-1,-1,-1,-1,0,-1
2020332000592,2020,332000592,1,9,0,4,4,6,2,0,0,1,0,0,0,0,2,1,6,6,2,50,8,-1,-1,-1,-1,6,E01013609,0,-1
2020440352163,2020,440352163,1,1,0,18,19,6,2,0,0,0,0,0,0,0,0,1,6,6,1,29,6,-1,-1,-1,-1,2,E01017140,0,-1
202006Q269857,2020,06Q269857,2,1,0,18,19,5,1,0,0,8,0,0,0,0,1,1,6,6,1,47,8,-1,-1,-1,-1,-1,-1,0,-1
2020450976500,2020,450976500,2,9,0,18,19,1,5,0,0,0,0,0,0,0,1,1,6,6,3,30,6,-1,-1,-1,-1,-1,-1,0,-1
202006Q176376,2020,06Q176376,2,1,0,10,10,5,3,0,0,8,0,0,0,0,1,1,2,2,1,24,5,-1,-1,-1,-1,1,E01005348,0,-1
2020440204163,2020,440204163,1,1,0,4,4,3,7,0,0,0,0,0,0,0,0,1,6,6,1,47,8,-1,-1,-1,-1,-1,-1,0,-1
202031B117420,2020,31B117420,1,9,0,9,9,4,1,0,0,5,0,0,0,0,4,1,1,1,1,29,6,-1,-1,-1,-1,9,E01028059,0,-1
2020140981440,2020,140981440,1,1,0,18,19,8,4,0,0,0,0,0,0,0,1,1,2,2,1,46,8,-1,-1,-1,-1,5,E01007331,0,-1
2020332001210,2020,332001210,3,9,0,18,19,5,1,0,0,0,0,0,0,0,0,1,6,6,1,-1,-1,-1,-1,-1,-1,-1,-1,0,-1
2020522100169,2020,522100169,1,9,0,9,9,1,7,0,0,7,0,0,0,0,1,1,6,6,1,31,6,-1,-1,-1,-1,7,E01014598,0,-1
2020210934015,2020,210934015,1,9,0,18,19,4,8,0,0,0,0,7,4,6,1,1,1,1,1,23,5,-1,-1,-1,-1,4,E01029561,0,-1
2020040982574,2020,040982574,1,90,0,18,19,5,1,0,0,0,0,0,0,0,1,1,6,6,3,-1,-1,-1,-1,-1,-1,-1,-1,0,-1
2020500969286,2020,500969286,2,1,0,18,19,3,7,0,0,8,0,0,0,0,4,1,5,6,1,52,8,-1,-1,-1,-1,8,E01018792,0,-1
2020140989794,2020,140989794,1,9,0,18,19,8,4,0,0,0,0,0,0,0,1,1,1,1,1,34,6,-1,-1,-1,-1,2,E01007965,0,-1
20201379M1518,2020,1379M1518,1,1,0,18,19,1,5,0,0,0,0,4,0,0,1,1,6,6,1,29,6,-1,-1,-1,-1,1,E01010680,0,-1
2020010230970,2020,010230970,1,9,9,18,19,1,5,99,99,0,9,99,9,99,9,9,6,6,1,-1,-1,-1,-1,-1,-1,-1,-1,0,-1
2020430181379,2020,430181379,2,5,0,18,19,1,5,0,0,0,0,0,0,0,1,1,6,6,2,50,8,-1,-1,-1,-1,8,E01016568,0,-1
202060Y071878,2020,60Y071878,2,16,0,18,19,8,4,0,0,0,0,0,0,0,2,1,6,6,2,15,3,-1,-1,-1,-1,-1,-1,0,-1
2020010238771,2020,010238771,1,90,0,3,3,5,1,0,0,1,0,0,0,0,2,1,6,6,2,28,6,-1,-1,-1,-1,-1,-1,0,-1
202060Y024504,2020,60Y024504,1,9,0,18,19,5,1,0,0,0,1,0,0,0,4,1,6,6,1,22,5,-1,-1,-1,-1,-1,-1,0,-1
2020360997573,2020,360997573,1,9,0,13,13,-1,-1,0,0,0,0,0,0,0,3,1,6,6,3,-1,-1,-1,-1,-1,-1,-1,-1,0,-1
2020420933484,2020,420933484,2,1,0,18,19,7,3,0,0,8,0,0,0,0,1,1,5,6,1,18,4,-1,-1,-1,-1,6,E01022000,0,-1
2020350955298,2020,350955298,2,1,0,17,19,6,3,0,0,2,0,0,0,0,4,1,5,6,1,32,6,-1,-1,-1,-1,9,E01018113,0,-1
20201376D1791,2020,1376D1791,3,1,0,18,19,8,4,0,0,8,0,0,0,0,1,1,6,6,1,27,6,-1,-1,-1,-1,-1,-1,0,-1
2020010252502,2020,010252502,1,1,9,99,99,9,9,99,99,9,9,99,9,99,0,1,6,6,1,50,8,-1,-1,-1,-1,9,E01002929,0,-1
2020420955959,2020,420955959,2,1,0,17,19,5,1,0,0,0,0,0,0,0,4,1,5,6,1,54,8,-1,-1,-1,-1,9,E01002270,0,-1
2020030961430,2020,030961430,2,19,0,18,19,1,5,0,0,0,0,0,0,0,0,1,1,1,1,28,6,-1,-1,-1,-1,-1,-1,0,-1
202031C061720,2020,31C061720,2,1,0,18,19,1,5,5,5,8,0,0,0,0,3,1,6,6,2,41,7,-1,-1,-1,-1,1,E01013820,0,-1
202060Y181844,2020,60Y181844,1,9,0,9,9,5,4,0,0,8,0,0,0,0,0,1,1,1,2,54,8,-1,-1,-1,-1,-1,-1,0,-1
2020522004639,2020,522004639,1,1,0,18,19,7,3,0,0,2,0,0,0,0,1,1,3,7,1,13,3,-1,-1,-1,-1,-1,-1,0,-1
2020137BO0521,2020,137BO0521,3,9,0,2,2,0,0,0,0,1,0,0,0,0,4,1,6,6,1,-1,-1,-1,-1,-1,-1,-1,-1,0,-1
2020010280659,2020,010280659,2,19,0,99,99,9,9,99,99,9,9,99,9,99,9,9,6,6,3,-1,-1,-1,-1,-1,-1,-1,-1,0,-1
2020010271251,2020,010271251,1,19,0,3,3,3,7,0,0,0,0,0,0,0,1,1,6,6,1,36,7,-1,-1,-1,-1,2,E01000931,0,-1
2020622000568,2020,622000568,2,1,0,18,19,6,2,0,0,0,0,0,0,0,2,1,6,6,1,39,7,-1,-1,-1,-1,10,W01000880,0,-1
2020430382094,2020,430382094,1,9,0,18,19,8,4,0,0,0,0,0,0,0,1,1,3,7,2,40,7,-1,-1,-1,-1,6,E01017674,0,-1
2020140973097,2020,140973097,1,97,0,18,19,1,5,0,0,1,0,0,0,0,1,1,2,2,1,62,9,-1,-1,-1,-1,7,E01007827,0,-1
2020010271493,2020,010271493,2,1,0,18,19,1,5,0,0,1,0,0,0,0,1,1,6,6,1,28,6,-1,-1,-1,-1,2,E01001820,0,-1
2020140919274,2020,140919274,1,9,0,9,9,1,7,0,0,5,0,0,0,0,4,1,5,6,2,74,10,-1,-1,-1,-1,3,E01019792,0,-1
2020010246530,2020,010246530,2,1,0,18,19,7,3,0,0,1,0,0,0,0,0,1,6,6,1,27,6,-1,-1,-1,-1,8,E01004072,0,-1
2020500940377,2020,500940377,2,1,0,18,19,8,4,0,0,0,0,0,0,0,1,1,6,6,1,13,3,-1,-1,-1,-1,3,E01020048,0,-1
2020332000644,2020,332000644,1,9,0,9,9,2,8,0,0,5,0,0,0,0,4,1,6,6,2,20,4,-1,-1,-1,-1,6,E01018056,0,-1
202060Y031831,2020,60Y031831,1,20,0,18,19,6,2,0,0,0,0,0,0,0,1,1,1,1,1,30,6,-1,-1,-1,-1,-1,-1,0,-1
2020200948979,2020,200948979,1,9,0,18,19,2,6,0,0,0,0,0,0,0,1,1,6,6,1,-1,-1,-1,-1,-1,-1,-1,-1,0,-1
2020110990084,2020,110990084,1,10,4,5,5,2,6,3,2,0,0,0,0,0,3,1,6,6,1,45,7,-1,-1,-1,-1,8,E01012351,0,-1
2020990930484,2020,990930484,2,1,0,18,19,3,7,0,0,1,0,4,0,0,1,1,6,6,1,40,7,-1,-1,-1,-1,6,-1,0,-1
2020990964939,2020,990964939,2,20,0,2,2,0,0,9,9,0,0,0,0,0,0,1,6,6,3,-1,-1,-1,-1,-1,-1,-1,-1,0,-1
2020430028582,2020,430028582,2,1,0,18,19,7,3,0,0,1,0,0,0,0,4,1,6,6,2,60,9,-1,-1,-1,-1,9,E01028649,0,-1
2020010279427,2020,010279427,1,9,0,18,19,3,7,0,0,0,0,0,0,0,1,1,6,6,3,-1,-1,-1,-1,-1,-1,-1,-1,0,-1
2020470985778,2020,470985778,1,9,0,16,19,1,4,0,0,0,0,4,0,0,1,1,5,6,1,70,10,-1,-1,-1,-1,7,E01031626,0,-1
2020010238131,2020,010238131,2,9,0,18,19,-1,-1,0,0,0,0,0,0,0,1,1,6,6,3,-1,-1,-1,-1,-1,-1,-1,-1,0,-1
2020990954249,2020,990954249,2,1,0,18,19,3,7,0,0,2,0,0,0,0,3,1,5,6,2,53,8,-1,-1,-1,-1,7,-1,0,-1
2020200938326,2020,200938326,2,4,0,18,19,8,4,0,0,8,0,0,0,0,3,1,1,1,1,35,6,-1,-1,-1,-1,4,E01031032,0,-1
2020010264195,2020,010264195,1,9,0,8,8,7,8,0,0,1,0,7,0,0,1,1,6,6,2,69,10,-1,-1,-1,-1,4,E01004658,0,-1
2020010285249,2020,010285249,2,1,9,99,99,9,9,99,99,9,9,99,9,99,1,1,6,6,1,27,6,-1,-1,-1,-1,3,E01002100,0,-1
2020332000596,2020,332000596,1,21,0,4,4,5,1,0,0,1,0,0,0,0,1,1,1,1,1,50,8,-1,-1,-1,-1,7,E01028170,0,-1
202063A076520,2020,63A076520,2,1,0,18,19,7,4,0,0,8,0,0,0,0,4,1,6,6,1,67,10,-1,-1,-1,-1,3,W01000732,0,-1
2020332000697,2020,332000697,2,9,0,3,3,4,8,0,0,0,0,0,0,0,2,1,6,6,1,83,11,-1,-1,-1,-1,9,E01013707,0,-1
2020332000961,2020,332000961,1,9,0,18,19,3,7,0,0,2,0,0,0,0,4,1,6,6,1,52,8,-1,-1,-1,-1,10,E01025785,0,-1
2020137BJ0433,2020,137BJ0433,2,1,0,18,19,3,7,0,0,1,0,0,0,0,2,1,6,6,1,65,9,-1,-1,-1,-1,6,E01010592,0,-1
2020041003983,2020,041003983,1,9,0,18,19,6,2,0,0,0,0,0,0,0,3,1,6,6,3,59,9,-1,-1,-1,-1,-1,-1,0,-1
2020430123189,2020,430123189,2,1,0,18,19,2,6,0,0,8,0,0,0,0,2,1,6,6,2,27,6,-1,-1,-1,-1,10,E01016270,0,-1
2020052001857,2020,052001857,2,1,0,5,5,7,3,0,0,8,0,0,0,0,2,1,6,6,1,9,2,-1,-1,-1,-1,2,E01006868,0,-1
2020500925013,2020,500925013,2,9,0,18,19,7,3,0,0,0,0,0,0,0,1,1,5,6,1,34,6,-1,-1,-1,-1,3,E01015166,0,-1
2020420953303,2020,420953303,2,1,0,3,3,3,1,0,0,0,0,0,0,0,4,1,6,6,1,17,4,-1,-1,-1,-1,2,E01022039,0,-1
2020010263879,2020,010263879,1,1,9,99,99,9,9,99,99,9,9,99,9,99,9,1,2,2,1,24,5,-1,-1,-1,-1,7,E01004586,0,-1
2020470937048,2020,470937048,4,9,0,18,19,6,2,0,0,0,0,0,0,0,1,1,6,6,3,-1,-1,-1,-1,-1,-1,-1,-1,0,-1
2020501001376,2020,501001376,2,1,0,18,19,1,5,0,0,1,0,0,0,0,1,1,5,6,1,49,8,-1,-1,-1,-1,7,E01015036,0,-1
2020470996023,2020,470996023,2,9,0,2,2,0,0,0,0,0,0,0,7,11,2,1,6,6,3,-1,-1,-1,-1,-1,-1,-1,-1,0,-1
20201377L0703,2020,1377L0703,1,9,0,1,1,4,8,0,0,0,0,0,0,0,2,1,6,6,3,-1,-1,-1,-1,-1,-1,-1,-1,0,-1
2020140935138,2020,140935138,2,9,0,-1,-1,-1,-1,-1,-1,-1,-1,-1,-1,0,-1,1,6,6,3,-1,-1,-1,-1,-1,-1,-1,-1,0,-1
2020400929120,2020,400929120,5,20,0,4,4,1,5,0,0,0,0,0,0,0,2,1,1,1,1,47,8,-1,-1,-1,-1,3,E01015783,0,-1
2020221001790,2020,221001790,2,1,0,10,10,8,6,0,0,1,0,0,0,0,1,1,5,6,1,64,9,-1,-1,-1,-1,1,E01032465,0,-1
2020010248292,2020,010248292,1,1,9,99,99,9,9,99,99,9,9,99,9,99,9,1,2,2,2,29,6,-1,-1,-1,-1,4,E01003169,0,-1
2020122000513,2020,122000513,1,1,0,10,10,3,6,0,0,2,0,0,0,0,1,1,6,6,2,52,8,-1,-1,-1,-1,8,E01027650,0,-1
2020070003873,2020,070003873,1,1,0,18,19,2,4,0,0,5,0,0,0,0,1,1,6,6,1,32,6,-1,-1,-1,-1,9,E01018321,0,-1
2020470915442,2020,470915442,1,1,0,18,19,7,3,2,2,0,0,0,0,0,1,1,6,6,1,17,4,-1,-1,-1,-1,6,E01020960,0,-1
2020160952582,2020,160952582,1,9,0,5,5,1,5,0,0,8,1,0,2,11,2,1,1,1,2,38,7,-1,-1,-1,-1,9,E01013016,0,-1
202031B172320,2020,31B172320,2,9,0,18,19,5,1,0,0,0,0,0,0,0,1,1,2,2,1,27,6,-1,-1,-1,-1,3,E01028297,0,-1
2020010232506,2020,010232506,1,9,0,18,19,5,1,0,0,0,0,0,1,0,3,1,6,6,2,20,4,-1,-1,-1,-1,1,E01001080,0,-1
2020460968135,2020,460968135,1,9,0,6,6,1,5,0,0,2,0,0,0,0,1,1,6,6,3,-1,-1,-1,-1,-1,-1,-1,-1,0,-1
2020450964451,2020,450964451,2,1,0,18,19,6,2,0,0,0,0,0,0,0,1,1,5,6,2,45,7,-1,-1,-1,-1,10,E01030919,0,-1
2020010229327,2020,010229327,1,9,0,4,4,1,5,0,0,0,0,0,0,0,1,1,6,6,3,-1,-1,-1,-1,-1,-1,-1,-1,0,-1
2020010259342,2020,010259342,1,1,9,99,99,9,9,99,99,9,9,99,9,99,9,1,2,2,1,51,8,-1,-1,-1,-1,9,E01004595,0,-1
2020040946708,2020,040946708,1,9,0,12,12,5,5,0,0,1,0,0,0,0,0,1,6,6,3,-1,-1,-1,-1,-1,-1,-1,-1,0,-1
2020500988966,2020,500988966,1,9,0,1,1,5,1,0,0,0,0,0,0,0,2,1,5,6,1,30,6,-1,-1,-1,-1,1,E01014801,0,-1
2020010236685,2020,010236685,1,9,0,18,19,7,3,0,0,8,0,0,0,0,1,1,6,6,3,-1,-1,-1,-1,-1,-1,-1,-1,0,-1
2020522004070,2020,522004070,2,4,0,18,19,7,3,0,0,8,0,0,0,0,1,1,6,6,1,31,6,-1,-1,-1,-1,6,E01014769,0,-1
2020100918264,2020,100918264,1,9,0,18,19,8,4,0,0,0,0,0,0,0,4,1,6,6,1,62,9,-1,-1,-1,-1,6,E01027371,0,-1
2020440154518,2020,440154518,2,1,0,18,19,5,1,0,0,8,0,0,0,0,4,1,6,6,1,53,8,-1,-1,-1,-1,10,E01022709,0,-1
2020200975695,2020,200975695,2,9,0,18,19,1,2,0,0,0,0,0,0,0,1,1,6,6,1,42,7,-1,-1,-1,-1,7,E01022098,0,-1
2020470955092,2020,470955092,1,9,0,11,11,5,7,0,0,8,0,0,0,0,4,1,6,6,3,-1,-1,-1,-1,-1,-1,-1,-1,0,-1
20201374M1254,2020,1374M1254,1,9,0,18,19,7,4,0,0,0,0,0,0,0,1,1,2,2,1,39,7,-1,-1,-1,-1,6,E01011026,0,-1
2020010266782,2020,010266782,2,1,0,18,19,3,7,4,4,1,0,0,0,0,1,1,2,2,2,25,5,-1,-1,-1,-1,10,E01003881,0,-1
2020140960637,2020,140960637,1,1,0,16,19,3,7,0,0,0,0,0,0,0,1,1,5,6,2,8,2,-1,-1,-1,-1,8,E01007427,0,-1
2020990937056,2020,990937056,1,1,0,18,19,1,5,0,0,0,0,0,0,0,1,1,6,6,1,15,3,-1,-1,-1,-1,1,-1,0,-1
2020010245821,2020,010245821,2,9,0,99,99,9,9,99,99,9,9,99,9,99,2,9,6,6,3,-1,-1,-1,-1,-1,-1,-1,-1,0,-1
2020530989298,2020,530989298,2,1,0,18,19,7,3,0,0,8,0,0,0,0,1,1,2,2,1,26,6,-1,-1,-1,-1,4,E01022173,0,-1
2020160995804,2020,160995804,2,9,0,2,2,0,0,0,0,0,0,0,0,0,4,1,6,6,1,-1,-1,-1,-1,-1,-1,5,E01013518,0,-1
2020470986664,2020,470986664,3,9,0,2,2,0,0,0,0,0,0,0,0,0,2,1,6,6,3,-1,-1,-1,-1,-1,-1,-1,-1,0,-1
202006P368756,2020,06P368756,2,9,0,18,19,6,2,0,0,8,0,0,0,0,1,1,2,2,2,53,8,-1,-1,-1,-1,1,E01005472,0,-1
2020990970129,2020,990970129,2,1,0,18,19,5,1,0,0,0,0,0,0,0,1,1,6,6,1,45,7,-1,-1,-1,-1,1,-1,0,-1
2020470988687,2020,470988687,4,1,0,18,19,7,3,0,0,8,0,0,0,0,0,1,5,6,1,53,8,-1,-1,-1,-1,7,E01031697,0,-1
2020302000293,2020,302000293,1,9,0,18,19,6,4,0,0,2,0,0,0,0,4,1,6,6,1,26,6,-1,-1,-1,-1,2,E01033172,0,-1
2020420954663,2020,420954663,1,9,0,1,1,5,1,0,0,1,0,0,0,0,2,1,6,6,3,30,6,-1,-1,-1,-1,-1,-1,0,-1
2020160957094,2020,160957094,1,98,0,18,19,5,1,0,0,2,0,0,0,0,4,1,6,6,3,21,5,-1,-1,-1,-1,-1,-1,0,-1
2020500998619,2020,500998619,2,1,0,18,19,3,8,0,0,8,0,0,0,0,1,1,6,6,1,62,9,-1,-1,-1,-1,2,E01015181,0,-1
2020360964795,2020,360964795,2,1,0,9,9,7,5,0,0,0,0,0,0,0,3,1,6,6,1,53,8,-1,-1,-1,-1,5,E01026892,0,-1
2020990931973,2020,990931973,1,9,0,7,7,5,6,0,0,8,0,0,0,0,3,1,5,6,1,27,6,-1,-1,-1,-1,1,-1,0,-1
202060Y029072,2020,60Y029072,1,9,0,18,19,4,8,0,0,1,1,7,7,11,3,1,6,6,1,28,6,-1,-1,-1,-1,-1,-1,0,-1
2020010256417,2020,010256417,2,1,0,18,19,1,5,0,0,0,0,0,7,0,3,1,6,6,2,48,8,-1,-1,-1,-1,7,E01000123,0,-1
20201377S1089,2020,1377S1089,2,1,0,18,19,7,3,0,0,1,0,0,0,0,1,1,6,6,1,71,10,-1,-1,-1,-1,4,E01011023,0,-1
2020030975282,2020,030975282,1,97,0,4,4,3,7,0,0,0,1,0,0,0,0,1,5,6,1,62,9,-1,-1,-1,-1,7,E01027653,0,-1
2020070579756,2020,070579756,1,9,0,18,19,1,5,0,0,0,0,0,0,0,3,1,6,6,3,-1,-1,-1,-1,-1,-1,-1,-1,0,-1
2020052000185,2020,052000185,2,1,0,18,19,4,8,0,0,0,0,0,0,0,1,1,6,6,1,27,6,-1,-1,-1,-1,1,E01006552,0,-1
2020610002120,2020,610002120,4,9,0,3,3,4,8,0,0,1,0,0,0,0,2,1,6,6,2,36,7,-1,-1,-1,-1,3,W01001331,0,-1
2020010250747,2020,010250747,1,19,0,99,99,9,9,99,99,9,9,99,9,99,2,9,6,6,3,-1,-1,-1,-1,-1,-1,5,E01000564,0,-1
2020010275761,2020,010275761,1,9,0,18,19,2,6,0,0,0,0,0,0,0,1,1,6,6,3,-1,-1,-1,-1,-1,-1,-1,-1,0,-1
2020230927925,2020,230927925,2,1,0,9,9,5,3,0,0,5,0,0,0,0,1,1,5,6,1,49,8,-1,-1,-1,-1,5,E01031242,0,-1
2020552000944,2020,552000944,2,1,0,18,19,5,1,0,0,0,0,0,0,0,3,1,6,6,2,71,10,-1,-1,-1,-1,10,E01020377,0,-1
2020010236121,2020,010236121,2,9,9,99,99,9,9,99,99,9,9,99,9,99,9,9,-1,-1,3,-1,-1,-1,-1,-1,-1,-1,-1,0,-1
2020440266057,2020,440266057,1,1,0,9,9,5,3,0,0,8,0,0,0,0,0,1,6,6,1,20,4,-1,-1,-1,-1,4,E01022845,0,-1
2020440289301,2020,440289301,1,9,0,18,19,7,3,0,0,0,0,0,0,0,1,1,2,2,1,34,6,-1,-1,-1,-1,9,E01022494,0,-1
2020430197359,2020,430197359,3,9,0,18,19,3,7,0,0,0,0,0,0,0,1,1,1,1,1,52,8,-1,-1,-1,-1,6,E01030631,0,-1
2020990992887,2020,990992887,1,9,0,18,19,1,5,0,0,0,0,0,0,0,4,1,6,6,3,17,4,-1,-1,-1,-1,-1,-1,0,-1
2020230964334,2020,230964334,2,1,0,18,19,6,2,0,0,8,0,0,0,0,2,1,5,6,1,14,3,-1,-1,-1,-1,9,E01031113,0,-1
2020421001997,2020,421001997,1,9,0,18,19,7,3,0,0,1,0,0,0,0,1,1,6,6,2,40,7,-1,-1,-1,-1,-1,-1,0,-1
2020410941583,2020,410941583,1,9,0,3,3,6,2,0,0,8,0,0,0,0,2,1,2,2,2,30,6,-1,-1,-1,-1,8,E01023672,0,-1
2020210948495,2020,210948495,1,9,0,15,15,5,2,0,0,1,0,0,0,0,1,1,6,6,2,76,11,-1,-1,-1,-1,6,E01019862,0,-1
2020430280855,2020,430280855,1,9,0,3,3,2,6,0,0,1,0,0,0,0,1,1,6,6,2,47,8,-1,-1,-1,-1,-1,-1,0,-1
2020010271605,2020,010271605,2,98,9,99,99,9,9,99,99,9,9,99,9,99,1,9,6,6,3,-1,-1,-1,-1,-1,-1,-1,-1,0,-1
2020460952526,2020,460952526,2,1,0,9,9,1,7,0,0,0,0,0,0,0,3,1,6,6,2,29,6,-1,-1,-1,-1,3,E01024583,0,-1