collision_index,collision_year,collision_ref_no,vehicle_reference,vehicle_type,towing_and_articulation,vehicle_manoeuvre_historic,vehicle_manoeuvre,vehicle_direction_from,vehicle_direction_to,vehicle_location_restricted_lane_historic,vehicle_location_restricted_lane,junction_location,skidding_and_overturning,hit_object_in_carriageway,vehicle_leaving_carriageway,hit_object_off_carriageway,first_point_of_impact,vehicle_left_hand_drive,journey_purpose_of_driver_historic,journey_purpose_of_driver,sex_of_driver,age_of_driver,age_band_of_driver,engine_capacity_cc,propulsion_code,age_of_vehicle,generic_make_model,driver_imd_decile,lsoa_of_driver,escooter_flag,driver_distance_banding
2020010259681,2020,010259681,1,1,9,99,99,9,9,99,99,0,9,99,9,99,1,1,2,2,1,56,9,-1,-1,-1,-1,8,E01001604,0,-1
2020332000582,2020,332000582,1,1,0,18,19,2,6,0,0,6,0,0,0,0,1,1,6,6,1,31,6,-1,-1,-1,-1,3,E01013777,0,-1
2020990974811,2020,990974811,2,1,0,18,19,3,7,4,4,8,0,0,0,0,0,1,6,6,1,24,5,-1,-1,-1,-1,6,-1,0,-1
2020010261149,2020,010261149,2,9,9,99,99,9,9,99,99,0,9,99,9,99,2,9,6,6,3,45,7,-1,-1,-1,-1,2,E01001079,0,-1
202060Y138834,2020,60Y138834,1,5,0,14,14,1,5,0,0,0,0,0,0,0,1,1,6,6,1,21,5,-1,-1,-1,-1,-1,-1,0,-1
202006M174031,2020,06M174031,1,9,0,13,13,1,5,0,0,1,0,0,0,0,4,1,6,6,2,30,6,-1,-1,-1,-1,-1,-1,0,-1
2020200926137,2020,200926137,2,9,0,4,4,6,4,0,0,8,0,0,0,0,2,1,6,6,3,-1,-1,-1,-1,-1,-1,-1,-1,0,-1
2020552000148,2020,552000148,2,1,0,5,5,6,2,0,0,0,0,0,0,0,1,1,4,7,1,16,4,-1,-1,-1,-1,10,E01020378,0,-1
2020340K06962,2020,340K06962,1,9,0,9,9,4,8,0,0,8,0,0,0,0,4,1,6,6,1,44,7,-1,-1,-1,-1,6,E01017962,0,-1
2020010253687,2020,010253687,2,1,0,15,15,7,3,0,0,8,1,4,0,0,3,1,1,1,1,34,6,-1,-1,-1,-1,2,E01000935,0,-1
2020410942112,2020,410942112,1,9,0,18,19,2,1,0,0,0,0,0,0,0,1,1,5,6,1,25,5,-1,-1,-1,-1,6,E01023922,0,-1
2020370927976,2020,370927976,2,1,0,7,7,1,6,0,0,0,0,0,0,0,4,1,4,7,1,11,3,-1,-1,-1,-1,9,E01030034,0,-1
2020450949319,2020,450949319,3,1,0,18,19,1,1,0,0,0,0,0,0,0,0,1,6,6,1,14,3,-1,-1,-1,-1,8,E01030373,0,-1
20201376H1515,2020,1376H1515,1,9,0,18,19,7,2,0,0,0,0,0,0,0,3,1,6,6,1,-1,-1,-1,-1,-1,-1,-1,-1,0,-1
2020990922279,2020,990922279,2,1,0,18,19,7,3,0,0,8,5,0,0,0,3,1,6,6,1,39,7,-1,-1,-1,-1,3,-1,0,-1
2020160977938,2020,160977938,2,1,0,17,19,1,5,4,4,1,0,0,0,0,1,1,6,6,1,18,4,-1,-1,-1,-1,6,E01013006,0,-1
2020010280099,2020,010280099,2,1,0,18,19,7,3,0,0,3,0,0,0,0,2,1,2,2,1,38,7,-1,-1,-1,-1,-1,-1,0,-1
2020052000766,2020,052000766,1,9,0,18,19,2,6,0,0,8,0,0,0,0,4,1,6,6,3,-1,-1,-1,-1,-1,-1,-1,-1,0,-1
2020400937244,2020,400937244,2,98,1,7,7,3,7,0,0,0,0,0,0,0,3,1,6,6,3,-1,-1,-1,-1,-1,-1,-1,-1,0,-1
2020010234894,2020,010234894,1,1,9,99,99,9,9,99,99,9,9,99,9,99,1,1,6,6,3,30,6,-1,-1,-1,-1,-1,-1,0,-1
2020420999273,2020,420999273,1,-1,0,18,19,5,1,0,0,0,5,0,0,0,2,1,5,6,1,13,3,-1,-1,-1,-1,5,E01021432,1,-1
2020010261708,2020,010261708,1,1,9,99,99,9,9,99,99,9,9,99,9,99,9,1,6,6,2,31,6,-1,-1,-1,-1,3,E01004536,0,-1
2020420972383,2020,420972383,2,1,0,18,19,4,8,0,0,8,0,0,0,0,1,1,5,6,1,10,2,-1,-1,-1,-1,3,E01021418,0,-1
2020010274296,2020,010274296,2,1,0,18,19,3,7,0,0,1,0,0,1,0,0,1,1,1,1,44,7,-1,-1,-1,-1,1,E01003246,0,-1
2020010244578,2020,010244578,1,1,9,99,99,9,9,99,99,9,9,99,9,99,2,1,6,6,1,32,6,-1,-1,-1,-1,4,E01003074,0,-1
2020500954662,2020,500954662,1,1,0,18,19,2,6,0,0,8,0,0,0,0,1,1,6,6,1,34,6,-1,-1,-1,-1,8,E01015128,0,-1
2020430291104,2020,430291104,1,8,0,18,19,7,3,0,0,1,0,0,0,0,2,1,6,6,1,76,11,-1,-1,-1,-1,6,E01028548,0,-1
2020010260156,2020,010260156,2,9,9,99,99,9,9,99,99,9,9,99,9,99,9,9,6,6,1,30,6,-1,-1,-1,-1,4,E01004142,0,-1
2020410989656,2020,410989656,2,9,-1,13,13,4,8,0,0,0,0,0,0,0,4,1,6,6,3,-1,-1,-1,-1,-1,-1,-1,-1,0,-1
2020010277925,2020,010277925,2,8,0,99,99,9,9,99,99,9,9,99,9,99,1,9,6,6,3,-1,-1,-1,-1,-1,-1,-1,-1,0,-1
2020440138720,2020,440138720,2,19,0,3,3,3,7,0,0,0,0,0,0,0,2,1,1,1,1,37,7,-1,-1,-1,-1,3,E01002587,0,-1
2020010289165,2020,010289165,1,9,9,18,19,1,5,99,99,9,9,99,9,99,9,9,6,6,3,-1,-1,-1,-1,-1,-1,-1,-1,0,-1
2020170H10760,2020,170H10760,1,9,0,4,4,5,5,0,0,0,0,0,0,0,0,1,6,6,3,-1,-1,-1,-1,-1,-1,-1,-1,0,-1
2020420960064,2020,420960064,2,1,0,7,7,4,6,0,0,1,5,0,0,0,1,1,5,6,1,40,7,-1,-1,-1,-1,9,E01021579,0,-1
2020440253544,2020,440253544,1,3,0,18,19,5,1,0,0,0,0,0,1,10,1,1,6,6,1,26,6,-1,-1,-1,-1,7,E01022948,0,-1
2020990983800,2020,990983800,2,1,0,18,19,7,3,4,4,0,0,0,0,0,2,1,6,6,1,59,9,-1,-1,-1,-1,6,-1,0,-1
2020332000821,2020,332000821,1,9,0,18,19,3,7,0,0,0,0,0,1,4,1,1,2,2,2,39,7,-1,-1,-1,-1,9,E01013802,0,-1
2020140951220,2020,140951220,2,9,0,18,19,6,2,0,0,0,0,0,0,0,1,1,6,6,1,36,7,-1,-1,-1,-1,3,E01007903,0,-1
2020302001071,2020,302001071,1,9,0,18,19,7,3,0,0,0,0,0,0,0,1,1,6,6,3,-1,-1,-1,-1,-1,-1,5,E01019456,0,-1
2020010277063,2020,010277063,1,9,0,11,11,6,2,0,0,0,0,0,0,0,4,1,6,6,3,-1,-1,-1,-1,-1,-1,-1,-1,0,-1
2020548713620,2020,548713620,1,1,0,17,19,3,7,0,0,0,0,0,1,9,1,1,6,6,1,36,7,-1,-1,-1,-1,5,E01032063,0,-1
2020122000382,2020,122000382,2,1,0,18,19,3,7,0,0,1,0,0,0,0,3,1,6,6,1,37,7,-1,-1,-1,-1,10,E01013361,0,-1
2020430204056,2020,430204056,2,3,0,3,3,4,8,0,0,1,0,0,0,0,2,1,6,6,1,40,7,-1,-1,-1,-1,9,E01028624,0,-1
2020040971863,2020,040971863,1,1,0,18,19,4,8,0,0,0,0,0,0,0,1,1,5,6,1,53,8,-1,-1,-1,-1,10,E01025426,0,-1
2020010271326,2020,010271326,1,1,9,99,99,9,9,99,99,9,9,99,9,99,2,1,2,2,1,42,7,-1,-1,-1,-1,10,E01003805,0,-1
2020010248972,2020,010248972,1,1,9,15,15,7,3,4,4,0,5,8,1,99,1,1,6,6,2,28,6,-1,-1,-1,-1,5,E01003262,0,-1
2020111015589,2020,111015589,1,19,0,16,19,2,7,0,0,1,1,0,0,0,1,1,1,1,1,23,5,-1,-1,-1,-1,5,E01020687,0,-1
202006E167404,2020,06E167404,2,3,0,18,19,5,1,0,0,8,0,0,0,0,3,1,2,2,1,21,5,-1,-1,-1,-1,3,E01005541,0,-1
2020010281376,2020,010281376,2,9,0,3,3,6,2,0,0,1,0,0,0,0,1,1,6,6,3,-1,-1,-1,-1,-1,-1,-1,-1,0,-1
20201371O0556,2020,1371O0556,2,1,0,18,19,5,1,0,0,1,0,0,0,0,1,1,6,6,1,23,5,-1,-1,-1,-1,-1,-1,0,-1
2020010253921,2020,010253921,1,1,9,99,99,9,9,99,99,9,9,99,9,99,9,1,6,6,1,49,8,-1,-1,-1,-1,7,E01002683,0,-1
2020010236002,2020,010236002,1,3,9,99,99,9,9,99,99,9,9,99,9,99,9,1,6,6,1,-1,-1,-1,-1,-1,-1,-1,-1,0,-1
2020211018784,2020,211018784,1,9,0,5,5,6,8,0,0,7,0,0,0,0,1,1,6,6,2,30,6,-1,-1,-1,-1,-1,-1,0,-1
2020450955424,2020,450955424,1,9,0,18,19,5,1,0,0,0,0,0,0,0,3,1,6,6,3,33,6,-1,-1,-1,-1,-1,-1,0,-1
202031D036320,2020,31D036320,1,1,0,18,19,4,8,0,0,0,0,10,1,9,4,1,6,6,2,27,6,-1,-1,-1,-1,9,E01028169,0,-1
2020010285329,2020,010285329,1,-1,0,18,19,5,1,9,9,0,0,99,9,99,1,1,6,6,1,40,7,-1,-1,-1,-1,2,E01004062,1,-1
2020520100969,2020,520100969,2,9,0,9,9,4,2,0,0,6,0,0,0,0,1,1,6,6,2,21,5,-1,-1,-1,-1,9,E01029210,0,-1
2020170L10380,2020,170L10380,2,1,0,18,19,3,7,0,0,0,0,0,0,0,1,1,6,6,2,18,4,-1,-1,-1,-1,-1,-1,0,-1
2020500987175,2020,500987175,2,9,0,18,19,1,5,0,0,0,0,0,0,0,2,1,5,6,3,-1,-1,-1,-1,-1,-1,-1,-1,0,-1
202060Y151715,2020,60Y151715,1,9,0,18,19,2,6,0,0,2,1,0,3,11,1,1,6,6,1,20,4,-1,-1,-1,-1,-1,-1,0,-1
2020230976352,2020,230976352,2,19,0,18,19,4,8,0,0,0,0,0,0,0,3,1,5,6,3,33,6,-1,-1,-1,-1,-1,-1,0,-1
2020500930106,2020,500930106,2,1,0,7,7,7,4,0,0,8,5,0,0,0,3,1,1,1,1,50,8,-1,-1,-1,-1,6,E01015207,0,-1
2020010272569,2020,010272569,1,1,9,99,99,9,9,99,99,0,9,99,9,99,9,1,6,6,1,25,5,-1,-1,-1,-1,4,E01004547,0,-1
2020010269120,2020,010269120,1,1,9,99,99,9,9,99,99,0,9,99,9,99,1,1,2,2,2,23,5,-1,-1,-1,-1,5,E01003018,0,-1
2020522101354,2020,522101354,2,9,0,2,2,0,0,0,0,2,0,0,0,0,1,1,6,6,3,-1,-1,-1,-1,-1,-1,-1,-1,0,-1
2020990952465,2020,990952465,1,9,0,6,6,8,8,0,0,0,0,0,0,0,3,1,1,1,1,42,7,-1,-1,-1,-1,6,-1,0,-1
2020010229401,2020,010229401,1,1,9,99,99,9,9,99,99,0,9,99,9,99,1,1,2,2,1,40,7,-1,-1,-1,-1,2,E01003021,0,-1
2020201020297,2020,201020297,1,9,0,18,19,8,4,0,0,0,0,0,0,0,1,1,6,6,3,-1,-1,-1,-1,-1,-1,-1,-1,0,-1
2020370934499,2020,370934499,1,90,-1,-1,-1,-1,-1,-1,-1,0,-1,-1,-1,0,-1,1,6,6,1,-1,-1,-1,-1,-1,-1,5,E01030094,0,-1
2020100940005,2020,100940005,2,1,0,5,5,1,5,0,0,4,0,0,0,0,3,1,2,2,1,40,7,-1,-1,-1,-1,3,E01008251,0,-1
2020201020796,2020,201020796,1,9,0,18,19,3,1,0,0,8,0,0,0,0,1,1,6,6,3,-1,-1,-1,-1,-1,-1,-1,-1,0,-1
2020990931796,2020,990931796,2,9,0,18,19,3,7,0,0,0,0,0,0,0,2,1,6,6,1,43,7,-1,-1,-1,-1,9,-1,0,-1
2020460922470,2020,460922470,2,1,0,18,19,1,5,0,0,4,0,0,0,0,3,1,6,6,1,48,8,-1,-1,-1,-1,1,E01024240,0,-1
2020140986679,2020,140986679,3,9,0,2,2,0,0,0,0,0,5,4,0,0,3,1,6,6,3,-1,-1,-1,-1,-1,-1,-1,-1,0,-1
2020547141520,2020,547141520,1,9,0,18,19,7,3,0,0,0,0,0,0,0,3,1,1,1,1,56,9,-1,-1,-1,-1,6,E01029138,0,-1
2020440160603,2020,440160603,1,2,0,4,4,7,3,0,0,1,1,0,0,0,1,1,1,1,1,18,4,-1,-1,-1,-1,10,E01022794,0,-1
2020530949195,2020,530949195,2,9,0,18,19,4,8,0,0,0,0,0,0,0,0,1,5,6,1,55,8,-1,-1,-1,-1,4,E01022251,0,-1
2020332001236,2020,332001236,2,9,0,18,19,4,8,0,0,8,0,0,0,0,0,1,6,6,1,27,6,-1,-1,-1,-1,-1,-1,0,-1
2020332000851,2020,332000851,2,9,0,7,7,8,1,0,0,2,1,0,0,0,1,1,6,6,2,18,4,-1,-1,-1,-1,7,E01013686,0,-1
202063A078320,2020,63A078320,1,90,0,18,19,8,4,0,0,0,1,0,1,4,1,1,1,1,1,60,9,-1,-1,-1,-1,8,W01000663,0,-1
2020122001200,2020,122001200,1,1,0,7,7,9,9,9,9,1,0,0,0,0,3,1,2,2,2,49,8,-1,-1,-1,-1,7,E01027617,0,-1
202006N178085,2020,06N178085,2,9,0,18,19,5,1,0,0,2,0,0,0,0,1,1,6,6,3,30,6,-1,-1,-1,-1,-1,-1,0,-1
2020010270767,2020,010270767,1,1,9,99,99,9,9,99,99,9,9,99,9,99,9,1,6,6,1,16,4,-1,-1,-1,-1,5,E01000071,0,-1
2020332000891,2020,332000891,2,3,0,14,14,6,2,0,0,8,1,0,0,0,1,1,2,2,1,19,4,-1,-1,-1,-1,1,E01013728,0,-1
2020430390553,2020,430390553,3,8,0,17,19,7,3,0,0,8,0,0,0,0,4,1,6,6,1,-1,-1,-1,-1,-1,-1,3,E01002528,0,-1
2020470988192,2020,470988192,3,9,0,2,2,0,0,0,0,0,0,0,0,0,2,1,6,6,3,-1,-1,-1,-1,-1,-1,-1,-1,0,-1
2020990971254,2020,990971254,2,19,0,17,19,6,3,0,0,4,0,0,0,0,3,1,6,6,1,40,7,-1,-1,-1,-1,-1,-1,0,-1
2020990982684,2020,990982684,1,9,0,18,19,5,1,0,0,0,0,0,0,0,1,1,6,6,3,30,6,-1,-1,-1,-1,-1,-1,0,-1
2020400957923,2020,400957923,4,9,0,18,19,1,5,0,0,0,0,0,0,0,2,1,6,6,2,45,7,-1,-1,-1,-1,9,E01017454,0,-1
2020010275254,2020,010275254,2,1,0,7,7,1,3,0,0,5,0,0,0,0,4,1,2,2,1,31,6,-1,-1,-1,-1,2,E01001008,0,-1
2020010261506,2020,010261506,2,1,0,9,9,3,1,4,4,6,0,0,0,0,1,1,6,6,1,21,5,-1,-1,-1,-1,2,E01003968,0,-1
2020140966120,2020,140966120,2,1,0,18,19,5,4,0,0,0,0,0,0,0,3,1,5,6,1,50,8,-1,-1,-1,-1,9,E01007602,0,-1
2020522001756,2020,522001756,1,1,0,18,19,1,5,0,0,0,1,0,0,0,2,1,4,7,1,13,3,-1,-1,-1,-1,8,E01014896,0,-1
2020302000149,2020,302000149,1,21,1,12,12,4,8,0,0,0,0,0,0,0,3,2,1,1,1,27,6,-1,-1,-1,-1,-1,-1,0,-1
2020470935297,2020,470935297,3,9,-1,18,19,8,4,0,0,8,0,0,0,0,0,1,6,6,3,30,6,-1,-1,-1,-1,-1,-1,0,-1
202006A268804,2020,06A268804,2,1,0,18,19,2,6,0,0,8,0,0,0,0,1,1,1,1,1,31,6,-1,-1,-1,-1,-1,-1,0,-1
2020470975807,2020,470975807,2,9,0,2,2,0,0,0,0,0,0,0,0,0,3,1,6,6,3,-1,-1,-1,-1,-1,-1,-1,-1,0,-1
2020360995095,2020,360995095,2,9,0,2,2,0,0,0,0,0,0,0,0,0,2,1,6,6,3,-1,-1,-1,-1,-1,-1,-1,-1,0,-1
2020460992090,2020,460992090,3,9,0,7,7,1,3,0,0,1,0,0,0,0,3,1,6,6,2,71,10,-1,-1,-1,-1,7,E01024380,0,-1
2020010251519,2020,010251519,1,1,9,99,99,9,9,99,99,1,9,99,9,99,1,1,2,2,1,35,6,-1,-1,-1,-1,6,E01003437,0,-1
2020990977621,2020,990977621,1,9,0,18,19,4,8,0,0,0,0,0,0,0,0,1,1,1,1,20,4,-1,-1,-1,-1,1,-1,0,-1
2020170M10470,2020,170M10470,2,1,0,18,19,5,1,0,0,8,0,0,0,0,1,1,6,6,2,12,3,-1,-1,-1,-1,3,E01012057,0,-1
202006E278777,2020,06E278777,2,1,0,18,19,2,6,4,4,0,0,0,0,0,1,1,1,1,1,27,6,-1,-1,-1,-1,4,E01005309,0,-1
2020470955092,2020,470955092,2,1,0,18,19,5,1,0,0,8,0,0,0,0,3,1,6,6,1,52,8,-1,-1,-1,-1,7,E01031388,0,-1
2020010264017,2020,010264017,3,1,0,18,19,3,7,0,0,2,0,8,0,0,1,1,6,6,2,33,6,-1,-1,-1,-1,4,E01004016,0,-1
2020010272869,2020,010272869,1,1,0,14,14,3,7,0,0,0,0,0,0,0,1,1,2,2,1,37,7,-1,-1,-1,-1,2,E01004007,0,-1
2020170M11400,2020,170M11400,1,9,0,9,9,6,4,0,0,8,0,0,0,0,3,1,6,6,1,67,10,-1,-1,-1,-1,6,E01012049,0,-1
2020010248814,2020,010248814,1,1,9,99,99,9,9,0,0,1,0,0,9,99,2,1,6,6,1,28,6,-1,-1,-1,-1,3,E01033132,0,-1
2020460955963,2020,460955963,2,19,0,18,19,1,5,0,0,0,0,0,0,0,2,1,6,6,1,33,6,-1,-1,-1,-1,8,E01024625,0,-1
2020990939999,2020,990939999,2,20,0,18,19,8,4,0,0,8,0,0,0,0,1,1,1,1,2,34,6,-1,-1,-1,-1,-1,-1,0,-1
2020370937669,2020,370937669,1,1,0,18,19,7,3,0,0,8,0,0,0,0,3,1,4,7,1,10,2,-1,-1,-1,-1,2,E01030254,0,-1
2020522004533,2020,522004533,2,1,0,18,19,5,1,0,0,0,0,0,0,0,2,1,6,6,1,14,3,-1,-1,-1,-1,4,E01015020,0,-1
2020010258507,2020,010258507,2,9,0,18,19,1,5,0,0,0,0,0,0,0,0,1,6,6,3,-1,-1,-1,-1,-1,-1,-1,-1,0,-1
2020320489067,2020,320489067,3,1,0,18,19,7,3,0,0,1,5,0,0,0,3,1,6,6,2,67,10,-1,-1,-1,-1,1,E01011789,0,-1
20201371B1227,2020,1371B1227,1,9,0,18,19,4,8,0,0,0,0,0,0,0,1,1,6,6,3,-1,-1,-1,-1,-1,-1,-1,-1,0,-1
2020220971806,2020,220971806,2,1,0,18,19,5,1,0,0,0,0,0,0,0,2,1,5,6,1,47,8,-1,-1,-1,-1,-1,-1,0,-1
2020440432549,2020,440432549,1,9,0,18,19,4,8,0,0,0,1,0,2,10,4,1,6,6,1,25,5,-1,-1,-1,-1,4,E01017334,0,-1
2020010268478,2020,010268478,1,1,9,99,99,9,9,99,99,9,9,99,9,99,9,1,2,2,1,26,6,-1,-1,-1,-1,2,E01001014,0,-1
2020461004069,2020,461004069,1,9,-1,18,19,3,7,0,0,6,0,0,0,0,4,1,6,6,3,-1,-1,-1,-1,-1,-1,-1,-1,0,-1
2020302000675,2020,302000675,3,9,0,18,19,5,1,0,0,0,0,0,0,0,1,1,1,1,1,28,6,-1,-1,-1,-1,8,E01010977,0,-1
2020140976832,2020,140976832,2,9,0,18,19,3,7,0,0,0,0,0,0,0,1,1,5,6,2,31,6,-1,-1,-1,-1,4,E01007699,0,-1
2020200970603,2020,200970603,1,9,0,18,19,7,3,0,0,0,0,0,0,0,1,1,6,6,3,-1,-1,-1,-1,-1,-1,-1,-1,0,-1
2020371002916,2020,371002916,1,9,0,9,9,8,5,0,0,0,0,0,0,0,1,1,6,6,3,-1,-1,-1,-1,-1,-1,-1,-1,0,-1
2020461013166,2020,461013166,1,1,0,18,19,5,1,0,0,0,1,0,0,0,0,1,5,6,2,64,9,-1,-1,-1,-1,6,E01023979,0,-1
2020040947743,2020,040947743,1,1,0,17,19,1,5,0,0,0,0,0,0,0,4,1,5,6,1,43,7,-1,-1,-1,-1,9,E01006365,0,-1
2020100965091,2020,100965091,2,1,0,18,19,3,7,0,0,1,5,0,0,0,1,1,5,6,1,51,8,-1,-1,-1,-1,9,E01008564,0,-1
2020201017614,2020,201017614,1,9,0,4,4,2,6,0,0,8,0,0,0,0,3,1,6,6,1,41,7,-1,-1,-1,-1,2,E01009101,0,-1
2020010273735,2020,010273735,2,1,0,18,19,4,8,0,0,1,0,0,0,0,1,1,4,7,1,12,3,-1,-1,-1,-1,3,E01001089,0,-1
2020010239392,2020,010239392,2,1,0,18,19,1,5,0,0,1,0,0,0,0,3,1,6,6,1,57,9,-1,-1,-1,-1,1,E01004469,0,-1
2020360937559,2020,360937559,2,9,0,9,9,4,8,0,0,8,0,0,0,0,1,1,5,6,1,65,9,-1,-1,-1,-1,6,E01026520,0,-1
2020332000485,2020,332000485,2,9,0,18,19,7,3,0,0,8,0,0,0,0,1,1,6,6,2,33,6,-1,-1,-1,-1,10,E01025817,0,-1
2020548600920,2020,548600920,2,19,0,18,19,5,1,0,0,2,0,0,0,0,2,1,2,2,1,62,9,-1,-1,-1,-1,1,E01015546,0,-1
2020210973462,2020,210973462,1,9,0,18,19,3,5,0,0,8,0,0,0,0,1,1,6,6,3,-1,-1,-1,-1,-1,-1,-1,-1,0,-1
2020100918745,2020,100918745,2,1,0,5,5,7,3,0,0,2,0,0,0,0,3,1,5,6,1,33,6,-1,-1,-1,-1,4,E01008162,0,-1
2020040957216,2020,040957216,3,9,0,2,2,0,0,0,0,0,0,0,0,0,3,1,6,6,3,-1,-1,-1,-1,-1,-1,-1,-1,0,-1
2020040986440,2020,040986440,6,9,0,2,2,1,5,0,0,2,0,0,0,0,4,1,6,6,3,-1,-1,-1,-1,-1,-1,-1,-1,0,-1
2020137620460,2020,137620460,2,1,0,7,7,5,1,0,0,3,0,0,0,0,1,1,6,6,1,34,6,-1,-1,-1,-1,4,E01011669,0,-1
2020500998313,2020,500998313,2,1,0,18,19,3,1,0,0,0,0,0,0,0,2,1,6,6,1,52,8,-1,-1,-1,-1,-1,-1,0,-1
2020332000455,2020,332000455,2,19,0,18,19,8,4,0,0,7,5,0,0,0,3,1,2,2,1,34,6,-1,-1,-1,-1,8,E01025990,0,-1
2020440267235,2020,440267235,1,1,0,18,19,8,4,0,0,8,0,0,0,0,4,1,6,6,1,59,9,-1,-1,-1,-1,10,E01023169,0,-1
2020010261540,2020,010261540,2,9,0,99,99,9,9,99,99,0,9,99,9,99,9,9,6,6,3,-1,-1,-1,-1,-1,-1,-1,-1,0,-1
2020030966496,2020,030966496,1,9,0,18,19,3,7,0,0,0,0,0,0,0,0,1,6,6,3,-1,-1,-1,-1,-1,-1,-1,-1,0,-1
2020140983958,2020,140983958,2,9,0,5,5,-1,-1,0,0,2,0,0,0,0,1,1,6,6,3,-1,-1,-1,-1,-1,-1,-1,-1,0,-1
2020010258633,2020,010258633,2,1,0,18,19,7,3,0,0,1,0,0,0,0,1,1,6,6,1,35,6,-1,-1,-1,-1,4,E01032769,0,-1
2020991008578,2020,991008578,1,19,0,18,19,3,7,0,0,2,1,0,0,0,4,1,6,6,3,-1,-1,-1,-1,-1,-1,-1,-1,0,-1
2020070545234,2020,070545234,2,1,0,18,19,5,1,0,0,8,0,0,0,0,4,1,2,2,1,42,7,-1,-1,-1,-1,4,E01012404,0,-1
2020470926460,2020,470926460,2,1,0,18,19,4,8,4,4,8,0,0,0,0,1,1,6,6,2,32,6,-1,-1,-1,-1,8,E01017000,0,-1
2020010247542,2020,010247542,2,9,0,2,2,0,0,9,9,0,0,10,8,11,1,1,6,6,3,-1,-1,-1,-1,-1,-1,-1,-1,0,-1
2020470926806,2020,470926806,2,19,0,2,2,0,0,0,0,0,0,0,0,0,1,1,1,1,1,54,8,-1,-1,-1,-1,9,E01021028,0,-1
2020420999899,2020,420999899,2,9,0,9,9,7,3,0,0,8,0,0,0,0,1,1,1,1,1,31,6,-1,-1,-1,-1,4,E01021425,0,-1
2020400981063,2020,400981063,2,9,0,9,9,6,2,0,0,1,0,0,0,0,2,1,6,6,1,28,6,-1,-1,-1,-1,3,E01015785,0,-1
2020100921685,2020,100921685,2,1,0,18,19,4,8,0,0,1,0,0,0,0,1,1,2,2,1,41,7,-1,-1,-1,-1,3,E01008805,0,-1
2020471009414,2020,471009414,1,97,0,18,19,5,1,0,0,3,1,0,0,0,1,1,6,6,1,-1,-1,-1,-1,-1,-1,-1,-1,0,-1
2020230923465,2020,230923465,2,1,0,18,19,1,5,0,0,1,0,0,0,0,1,1,5,6,1,31,6,-1,-1,-1,-1,10,E01031299,0,-1
202006A269096,2020,06A269096,1,9,0,9,9,5,3,0,0,8,0,0,0,0,4,1,6,6,1,37,7,-1,-1,-1,-1,1,E01005243,0,-1
2020450937718,2020,450937718,1,9,0,18,19,3,7,0,0,0,0,0,0,0,1,1,1,1,1,57,9,-1,-1,-1,-1,9,E01030987,0,-1
2020430440180,2020,430440180,1,9,0,9,9,1,7,0,0,6,0,0,0,0,3,1,6,6,3,-1,-1,-1,-1,-1,-1,-1,-1,0,-1
2020610015120,2020,610015120,1,9,0,18,19,4,8,0,0,1,0,0,0,0,1,1,6,6,1,74,10,-1,-1,-1,-1,1,W01001428,0,-1
2020430313622,2020,430313622,1,1,0,18,19,1,6,0,0,8,0,0,0,0,1,1,6,6,1,15,3,-1,-1,-1,-1,10,E01017769,0,-1
2020501015278,2020,501015278,1,9,0,9,9,3,7,0,0,3,0,0,0,0,1,1,5,6,2,39,7,-1,-1,-1,-1,3,E01020104,0,-1
2020450921005,2020,450921005,2,1,0,18,19,3,7,0,0,8,0,0,0,0,4,1,2,2,1,28,6,-1,-1,-1,-1,5,E01030493,0,-1
202031C041120,2020,31C041120,2,1,0,18,19,2,6,0,0,8,0,0,0,0,1,1,1,1,1,60,9,-1,-1,-1,-1,1,E01013826,0,-1
2020010274534,2020,010274534,2,1,0,18,19,8,4,0,0,8,0,0,0,0,2,1,6,6,2,29,6,-1,-1,-1,-1,9,E01032640,0,-1
2020052002492,2020,052002492,1,9,0,18,19,5,1,0,0,0,0,0,0,0,1,1,6,6,3,-1,-1,-1,-1,-1,-1,-1,-1,0,-1
2020320377654,2020,320377654,2,9,0,18,19,6,2,0,0,8,5,0,0,0,4,1,6,6,2,47,8,-1,-1,-1,-1,7,E01026392,0,-1
2020332000031,2020,332000031,3,9,0,18,19,1,5,0,0,0,0,0,0,0,0,1,6,6,1,71,10,-1,-1,-1,-1,9,E01028421,0,-1
2020137BA1689,2020,137BA1689,1,9,0,9,9,5,1,0,0,0,0,0,0,0,1,1,6,6,3,-1,-1,-1,-1,-1,-1,-1,-1,0,-1
2020302000466,2020,302000466,2,1,0,18,19,6,2,0,0,0,0,0,1,0,3,1,6,6,1,33,6,-1,-1,-1,-1,3,E01019797,0,-1
2020450945528,2020,450945528,2,9,0,16,19,1,3,0,0,0,0,0,0,0,4,1,5,6,3,30,6,-1,-1,-1,-1,-1,-1,0,-1
2020010250279,2020,010250279,1,1,9,99,99,9,9,99,99,2,9,99,9,99,9,1,6,6,1,43,7,-1,-1,-1,-1,4,E01003448,0,-1
2020990947208,2020,990947208,2,9,0,4,4,2,7,0,0,1,0,0,0,0,2,1,6,6,2,25,5,-1,-1,-1,-1,1,-1,0,-1
2020052000052,2020,052000052,2,1,0,9,9,1,5,0,0,6,0,0,0,0,3,1,2,2,1,53,8,-1,-1,-1,-1,1,E01007013,0,-1
2020461011073,2020,461011073,1,9,0,1,1,2,6,9,9,0,0,0,0,0,2,1,5,6,1,-1,-1,-1,-1,-1,-1,10,E01024147,0,-1
20201371Q1127,2020,1371Q1127,1,9,0,18,19,5,1,0,0,1,0,0,0,0,1,1,6,6,3,-1,-1,-1,-1,-1,-1,-1,-1,0,-1
2020450941921,2020,450941921,1,1,0,18,19,1,5,0,0,0,0,0,0,0,1,1,5,6,1,58,9,-1,-1,-1,-1,4,E01003927,0,-1
2020440079858,2020,440079858,1,22,0,18,19,1,5,9,9,0,0,0,0,0,1,1,6,6,1,-1,-1,-1,-1,-1,-1,-1,-1,0,-1
2020451000403,2020,451000403,2,1,0,9,9,1,7,0,0,3,0,0,0,0,1,1,5,6,1,55,8,-1,-1,-1,-1,10,E01030589,0,-1