collision_index,collision_year,collision_ref_no,vehicle_reference,vehicle_type,towing_and_articulation,vehicle_manoeuvre_historic,vehicle_manoeuvre,vehicle_direction_from,vehicle_direction_to,vehicle_location_restricted_lane_historic,vehicle_location_restricted_lane,junction_location,skidding_and_overturning,hit_object_in_carriageway,vehicle_leaving_carriageway,hit_object_off_carriageway,first_point_of_impact,vehicle_left_hand_drive,journey_purpose_of_driver_historic,journey_purpose_of_driver,sex_of_driver,age_of_driver,age_band_of_driver,engine_capacity_cc,propulsion_code,age_of_vehicle,generic_make_model,driver_imd_decile,lsoa_of_driver,escooter_flag,driver_distance_banding
2020522001740,2020,522001740,1,9,0,7,7,6,8,0,0,6,0,0,0,0,1,1,6,6,2,60,9,-1,-1,-1,-1,4,E01014892,0,-1
2020500950818,2020,500950818,2,9,0,2,2,1,5,0,0,0,0,0,0,0,2,1,5,6,1,32,6,-1,-1,-1,-1,5,E01015070,0,-1
2020370988346,2020,370988346,2,9,0,2,2,0,0,0,0,2,0,0,0,0,3,1,6,6,3,-1,-1,-1,-1,-1,-1,-1,-1,0,-1
2020140975345,2020,140975345,2,11,0,18,19,1,5,0,0,8,0,0,0,0,-1,1,6,6,3,-1,-1,-1,-1,-1,-1,-1,-1,0,-1
202031D056720,2020,31D056720,2,1,0,18,19,8,5,0,0,8,0,0,0,0,2,1,6,6,2,44,7,-1,-1,-1,-1,7,E01028405,0,-1
2020220955126,2020,220955126,1,19,0,17,19,6,3,0,0,0,0,0,0,0,3,1,6,6,1,34,6,-1,-1,-1,-1,-1,-1,0,-1
2020440217051,2020,440217051,1,1,0,4,4,4,8,0,0,1,0,0,0,0,3,1,2,2,1,34,6,-1,-1,-1,-1,5,E01017023,0,-1
2020010271611,2020,010271611,2,9,0,99,99,9,9,99,99,9,9,99,9,99,9,9,6,6,3,30,6,-1,-1,-1,-1,-1,-1,0,-1
2020332001166,2020,332001166,2,19,0,18,19,3,7,0,0,0,0,0,0,0,0,1,6,6,1,38,7,-1,-1,-1,-1,-1,-1,0,-1
2020052001410,2020,052001410,1,1,0,9,9,1,5,0,0,6,0,0,0,0,3,1,2,2,1,17,4,-1,-1,-1,-1,1,E01006546,0,-1
2020450982039,2020,450982039,2,9,0,18,19,3,7,0,0,0,5,0,0,0,1,1,6,6,3,40,7,-1,-1,-1,-1,-1,-1,0,-1
2020302001690,2020,302001690,2,1,0,18,19,7,3,1,1,1,0,0,0,0,1,1,6,6,1,27,6,-1,-1,-1,-1,8,E01019423,0,-1
2020010262884,2020,010262884,1,1,9,99,99,9,9,99,99,9,9,99,9,99,9,1,6,6,1,25,5,-1,-1,-1,-1,4,E01003230,0,-1
2020332000973,2020,332000973,2,9,0,18,19,6,2,0,0,0,0,0,0,0,1,1,6,6,3,-1,-1,-1,-1,-1,-1,-1,-1,0,-1
2020010249083,2020,010249083,1,9,0,5,5,1,5,0,0,1,0,0,1,0,3,2,6,6,1,25,5,-1,-1,-1,-1,7,E01002165,0,-1
2020350985567,2020,350985567,2,9,0,18,19,4,8,0,0,2,0,0,0,0,4,1,6,6,1,30,6,-1,-1,-1,-1,-1,-1,0,-1
2020122001327,2020,122001327,2,1,0,18,19,3,5,0,0,1,0,0,0,0,0,1,1,1,2,-1,-1,-1,-1,-1,-1,2,E01027812,0,-1
2020520002638,2020,520002638,3,9,0,8,8,7,1,0,0,8,0,0,0,0,0,1,6,6,1,31,6,-1,-1,-1,-1,2,E01020553,0,-1
2020440336703,2020,440336703,2,1,0,18,19,6,2,0,0,8,1,0,0,0,1,1,6,6,1,40,7,-1,-1,-1,-1,1,E01017040,0,-1
2020340C02102,2020,340C02102,2,1,0,18,19,4,8,0,0,4,0,0,0,0,0,1,6,6,1,28,6,-1,-1,-1,-1,8,E01032966,0,-1
2020460997560,2020,460997560,2,1,0,18,19,5,1,0,0,0,1,0,1,0,4,1,5,6,1,53,8,-1,-1,-1,-1,9,E01024338,0,-1
202031D064920,2020,31D064920,1,3,0,14,14,6,2,0,0,1,0,0,0,0,1,1,6,6,1,-1,-1,-1,-1,-1,-1,-1,-1,0,-1
2020500951957,2020,500951957,2,19,0,7,7,3,7,0,0,1,0,0,0,0,4,1,6,6,1,68,10,-1,-1,-1,-1,4,E01015169,0,-1
2020160962573,2020,160962573,2,1,0,18,19,8,4,9,9,0,0,0,0,0,1,1,6,6,1,-1,-1,-1,-1,-1,-1,3,E01013259,0,-1
2020140963235,2020,140963235,2,1,0,18,19,7,3,0,0,8,2,0,0,0,1,1,5,6,1,19,4,-1,-1,-1,-1,1,E01008118,0,-1
2020160984492,2020,160984492,2,1,0,18,19,4,8,0,0,8,0,0,0,0,1,1,2,2,1,59,9,-1,-1,-1,-1,1,E01013142,0,-1
2020210993089,2020,210993089,1,9,0,18,19,6,8,0,0,1,0,0,0,0,4,1,6,6,1,21,5,-1,-1,-1,-1,1,E01029427,0,-1
202006A374778,2020,06A374778,2,9,0,18,19,2,6,0,0,6,0,0,0,0,1,1,6,6,3,-1,-1,-1,-1,-1,-1,-1,-1,0,-1
2020340N00072,2020,340N00072,1,9,0,9,9,8,4,0,0,8,0,0,0,0,1,1,6,6,1,23,5,-1,-1,-1,-1,2,E01027228,0,-1
2020010238744,2020,010238744,1,1,9,99,99,9,9,99,99,9,9,99,9,99,2,1,6,6,3,-1,-1,-1,-1,-1,-1,-1,-1,0,-1
202006K274267,2020,06K274267,1,9,0,18,19,6,2,0,0,1,0,0,0,0,1,1,6,6,3,-1,-1,-1,-1,-1,-1,-1,-1,0,-1
2020470935461,2020,470935461,2,9,0,18,19,6,2,0,0,1,0,0,0,0,4,1,6,6,1,29,6,-1,-1,-1,-1,4,E01031435,0,-1
2020440373869,2020,440373869,2,9,0,10,10,4,2,0,0,8,0,0,0,0,2,1,6,6,1,56,9,-1,-1,-1,-1,5,E01023201,0,-1
2020110963110,2020,110963110,2,1,0,9,9,3,7,0,0,1,0,0,0,0,2,1,5,6,1,27,6,-1,-1,-1,-1,7,E01012324,0,-1
2020010245330,2020,010245330,1,1,9,99,99,9,9,99,99,9,9,99,9,99,9,1,2,2,1,26,6,-1,-1,-1,-1,6,E01024460,0,-1
2020450948231,2020,450948231,2,1,0,15,15,3,7,0,0,0,0,0,0,0,1,1,5,6,1,60,9,-1,-1,-1,-1,10,E01030831,0,-1
2020548713120,2020,548713120,1,1,0,18,19,7,1,0,0,1,0,0,0,0,1,1,6,6,2,41,7,-1,-1,-1,-1,8,E01014890,0,-1
2020010257613,2020,010257613,2,3,0,18,19,1,5,0,0,0,0,0,0,0,1,1,1,1,1,42,7,-1,-1,-1,-1,7,E01002954,0,-1
2020350998090,2020,350998090,2,1,0,18,19,3,7,0,0,1,-1,0,0,0,1,1,6,6,1,30,6,-1,-1,-1,-1,7,E01033177,0,-1
2020200943984,2020,200943984,2,9,0,18,19,6,2,0,0,1,0,0,0,0,4,1,1,1,1,35,6,-1,-1,-1,-1,1,E01009109,0,-1
2020461017107,2020,461017107,1,97,0,7,7,5,7,0,0,5,0,0,7,0,1,1,6,6,1,11,3,-1,-1,-1,-1,4,E01024444,0,-1
2020010233820,2020,010233820,2,1,0,18,19,7,3,0,0,1,0,0,0,0,2,1,6,6,1,62,9,-1,-1,-1,-1,7,E01000334,0,-1
2020010256937,2020,010256937,2,19,9,18,19,8,4,99,99,2,9,99,9,99,9,1,6,6,3,-1,-1,-1,-1,-1,-1,-1,-1,0,-1
2020137340095,2020,137340095,1,9,0,18,19,5,1,0,0,0,0,0,0,0,1,1,6,6,3,-1,-1,-1,-1,-1,-1,-1,-1,0,-1
20201371R0426,2020,1371R0426,3,21,1,3,3,6,2,0,0,8,0,0,0,0,0,1,1,1,1,36,7,-1,-1,-1,-1,9,E01010953,0,-1
2020460939425,2020,460939425,1,21,4,18,19,8,4,0,0,0,3,0,0,0,2,2,1,1,1,31,6,-1,-1,-1,-1,-1,-1,0,-1
2020010272936,2020,010272936,1,9,0,5,5,1,5,0,0,1,0,0,0,0,2,1,1,1,1,41,7,-1,-1,-1,-1,1,E01002095,0,-1
2020547380320,2020,547380320,1,9,5,18,19,4,8,0,0,0,0,0,0,0,3,1,6,6,2,19,4,-1,-1,-1,-1,3,E01031956,0,-1
2020010262652,2020,010262652,1,1,0,18,19,5,1,0,0,0,0,0,0,0,0,1,2,2,1,32,6,-1,-1,-1,-1,4,E01001939,0,-1
2020460998170,2020,460998170,2,1,0,9,9,4,8,0,0,4,0,0,0,0,4,1,5,6,1,23,5,-1,-1,-1,-1,7,E01032825,0,-1
2020221011804,2020,221011804,1,1,0,18,19,3,7,2,2,8,0,0,0,0,1,1,5,6,2,23,5,-1,-1,-1,-1,2,E01032262,0,-1
2020332000548,2020,332000548,1,9,0,18,19,1,5,0,0,8,1,0,0,0,1,1,6,6,1,55,8,-1,-1,-1,-1,3,E01013779,0,-1
2020200981225,2020,200981225,1,9,0,18,19,-1,-1,0,0,0,0,0,0,0,3,1,6,6,3,-1,-1,-1,-1,-1,-1,-1,-1,0,-1
2020200939536,2020,200939536,1,9,0,4,4,4,8,0,0,2,0,0,0,0,1,1,2,2,2,55,8,-1,-1,-1,-1,2,E01009121,0,-1
2020440330114,2020,440330114,2,3,0,18,19,7,3,0,0,8,0,0,0,0,1,1,6,6,2,18,4,-1,-1,-1,-1,2,E01022818,0,-1
202006L170173,2020,06L170173,1,9,0,13,13,7,3,0,0,1,0,0,0,0,1,1,6,6,1,73,10,-1,-1,-1,-1,3,E01006342,0,-1
2020548628220,2020,548628220,1,9,0,18,19,1,3,0,0,6,0,0,0,0,4,1,6,6,2,21,5,-1,-1,-1,-1,10,E01022193,0,-1
2020010256311,2020,010256311,1,1,9,99,99,9,9,0,0,9,0,99,9,99,9,1,6,6,1,29,6,-1,-1,-1,-1,5,E01033734,0,-1
2020052000624,2020,052000624,1,1,0,18,19,3,7,0,0,0,0,4,0,0,1,1,2,2,2,43,7,-1,-1,-1,-1,1,E01007129,0,-1
2020201022748,2020,201022748,2,9,0,17,19,5,2,0,0,0,0,0,0,0,3,1,1,1,1,22,5,-1,-1,-1,-1,1,E01008966,0,-1
2020430043147,2020,430043147,2,1,0,18,19,8,4,0,0,8,0,0,0,0,1,1,2,2,1,59,9,-1,-1,-1,-1,7,E01028512,0,-1
2020430197529,2020,430197529,1,1,0,18,19,2,6,0,0,8,0,0,0,0,1,1,2,2,1,33,6,-1,-1,-1,-1,5,E01016242,0,-1
2020991007993,2020,991007993,2,9,4,18,19,6,2,0,0,0,0,0,0,0,3,1,1,1,1,48,8,-1,-1,-1,-1,4,-1,0,-1
2020140919669,2020,140919669,1,9,0,18,19,1,5,0,0,0,0,0,0,0,1,1,6,6,3,-1,-1,-1,-1,-1,-1,-1,-1,0,-1
2020140978773,2020,140978773,1,9,0,-1,-1,-1,-1,-1,-1,0,-1,-1,-1,0,-1,1,6,6,3,-1,-1,-1,-1,-1,-1,-1,-1,0,-1
2020010258404,2020,010258404,1,9,0,18,19,8,4,0,0,1,0,0,0,0,1,1,6,6,3,-1,-1,-1,-1,-1,-1,-1,-1,0,-1
2020200939037,2020,200939037,2,9,0,18,19,1,5,0,0,8,0,0,0,0,1,1,6,6,3,-1,-1,-1,-1,-1,-1,-1,-1,0,-1
2020332000051,2020,332000051,1,11,0,18,19,8,4,0,0,8,0,0,7,10,4,1,1,1,1,57,9,-1,-1,-1,-1,9,E01025945,0,-1
202063A085420,2020,63A085420,2,90,0,16,19,3,6,0,0,0,0,0,0,0,2,1,1,1,1,51,8,-1,-1,-1,-1,6,W01000716,0,-1
2020440497166,2020,440497166,2,9,0,13,13,5,2,0,0,0,0,0,0,0,4,1,6,6,3,-1,-1,-1,-1,-1,-1,-1,-1,0,-1
2020010235125,2020,010235125,2,1,0,13,13,1,5,0,0,1,2,0,0,0,1,1,1,1,2,41,7,-1,-1,-1,-1,9,E01004504,0,-1
2020220955345,2020,220955345,2,1,0,18,19,7,3,0,0,8,0,0,0,0,4,1,5,6,1,46,8,-1,-1,-1,-1,3,E01014141,0,-1
2020010266905,2020,010266905,1,1,9,99,99,9,9,99,99,9,9,99,9,99,9,1,6,6,1,22,5,-1,-1,-1,-1,6,E01002124,0,-1
2020010245388,2020,010245388,2,1,0,18,19,1,5,0,0,1,5,0,0,0,1,1,6,6,1,34,6,-1,-1,-1,-1,5,E01000194,0,-1
2020460971355,2020,460971355,3,1,0,18,19,4,8,0,0,1,0,0,0,0,1,1,6,6,1,-1,-1,-1,-1,-1,-1,-1,-1,0,-1
2020430011368,2020,430011368,2,1,0,9,9,4,2,0,0,3,0,0,0,0,4,1,6,6,2,30,6,-1,-1,-1,-1,7,E01017423,0,-1
2020460970485,2020,460970485,1,9,0,18,19,2,6,0,0,0,0,0,0,0,1,1,6,6,2,-1,-1,-1,-1,-1,-1,-1,-1,0,-1
2020440155917,2020,440155917,1,1,0,18,19,1,5,9,9,8,0,0,0,0,1,1,6,6,1,-1,-1,-1,-1,-1,-1,-1,-1,0,-1
2020501007440,2020,501007440,1,1,0,18,19,1,5,0,0,0,1,0,0,0,1,1,6,6,1,-1,-1,-1,-1,-1,-1,6,E01020312,0,-1
2020010254188,2020,010254188,1,1,9,14,14,3,7,99,99,2,9,99,9,99,1,1,2,2,1,29,6,-1,-1,-1,-1,6,E01001865,0,-1
2020420951123,2020,420951123,2,1,0,18,19,3,7,0,0,0,1,0,1,0,3,1,5,6,1,49,8,-1,-1,-1,-1,8,E01021763,0,-1
2020440287494,2020,440287494,1,1,0,18,19,2,6,0,0,8,0,0,0,0,1,1,2,2,2,24,5,-1,-1,-1,-1,3,E01017051,0,-1
2020010253084,2020,010253084,2,19,0,18,19,1,5,99,99,9,9,99,9,99,9,9,6,6,3,-1,-1,-1,-1,-1,-1,-1,-1,0,-1
2020430197571,2020,430197571,1,9,0,18,19,2,6,0,0,1,0,0,0,0,1,1,6,6,2,59,9,-1,-1,-1,-1,10,E01016666,0,-1
2020460970161,2020,460970161,1,9,0,18,19,5,1,0,0,1,0,0,0,0,1,1,6,6,2,-1,-1,-1,-1,-1,-1,-1,-1,0,-1
2020522002702,2020,522002702,2,1,0,18,19,3,7,0,0,8,0,0,0,0,1,1,6,6,1,34,6,-1,-1,-1,-1,9,E01014852,0,-1
2020137331612,2020,137331612,1,1,0,18,19,5,1,0,0,8,0,0,0,0,1,1,6,6,1,45,7,-1,-1,-1,-1,9,E01011515,0,-1
2020122000425,2020,122000425,1,9,0,16,19,1,6,0,0,0,5,0,0,0,1,1,6,6,1,19,4,-1,-1,-1,-1,8,E01027586,0,-1
2020010244144,2020,010244144,1,1,9,99,99,9,9,99,99,9,9,99,9,99,9,-1,6,6,1,-1,-1,-1,-1,-1,-1,3,E01003135,0,-1
2020100959314,2020,100959314,1,2,0,9,9,3,6,0,0,1,0,0,0,0,4,1,6,6,1,20,4,-1,-1,-1,-1,-1,-1,0,-1
2020460935707,2020,460935707,3,9,0,2,2,0,0,0,0,0,0,0,0,0,1,1,6,6,3,-1,-1,-1,-1,-1,-1,-1,-1,0,-1
2020552000268,2020,552000268,2,3,0,18,19,7,3,0,0,0,0,0,0,0,2,1,2,2,2,52,8,-1,-1,-1,-1,5,E01020469,0,-1
2020100986008,2020,100986008,2,9,0,18,19,1,5,0,0,8,0,0,0,0,4,1,6,6,1,32,6,-1,-1,-1,-1,4,E01008766,0,-1
2020332000928,2020,332000928,1,9,0,9,9,5,3,0,0,6,0,0,0,0,4,1,6,6,2,25,5,-1,-1,-1,-1,10,E01025624,0,-1
2020010233210,2020,010233210,2,9,0,99,99,9,9,99,99,9,9,99,9,99,1,9,6,6,3,-1,-1,-1,-1,-1,-1,-1,-1,0,-1
2020041006854,2020,041006854,1,9,0,18,19,3,7,0,0,0,0,0,0,0,1,1,6,6,3,-1,-1,-1,-1,-1,-1,-1,-1,0,-1
2020052001936,2020,052001936,1,1,0,18,19,5,1,0,0,0,0,4,0,0,1,1,6,6,1,-1,-1,-1,-1,-1,-1,-1,-1,0,-1
2020522004110,2020,522004110,2,9,0,18,19,6,2,0,0,8,0,0,0,0,1,1,6,6,1,32,6,-1,-1,-1,-1,-1,-1,0,-1
2020110919657,2020,110919657,2,1,0,5,5,1,5,0,0,0,0,0,0,0,4,1,5,6,2,42,7,-1,-1,-1,-1,3,E01020729,0,-1
2020440228537,2020,440228537,1,8,0,18,19,8,4,0,0,4,0,0,0,0,3,1,1,1,1,41,7,-1,-1,-1,-1,4,E01017034,0,-1
2020622000986,2020,622000986,1,9,0,18,19,4,8,0,0,0,0,0,0,0,1,1,6,6,3,-1,-1,-1,-1,-1,-1,-1,-1,0,-1
2020070380294,2020,070380294,1,1,0,18,19,5,1,0,0,1,0,0,0,0,1,1,6,6,1,22,5,-1,-1,-1,-1,2,E01018484,0,-1
2020200995866,2020,200995866,1,9,0,18,19,5,2,0,0,1,0,0,0,0,1,1,6,6,1,-1,-1,-1,-1,-1,-1,-1,-1,0,-1
2020160954212,2020,160954212,1,1,0,18,19,8,4,0,0,1,1,0,0,0,1,1,6,6,1,32,6,-1,-1,-1,-1,1,E01013140,0,-1
2020200946097,2020,200946097,2,1,0,18,19,8,4,0,0,8,0,0,0,0,4,1,1,1,1,19,4,-1,-1,-1,-1,2,E01010059,0,-1
2020470993699,2020,470993699,1,90,0,5,5,2,8,0,0,1,0,0,0,0,1,1,6,6,3,-1,-1,-1,-1,-1,-1,-1,-1,0,-1
2020544345920,2020,544345920,3,19,0,18,19,4,8,0,0,0,0,0,0,0,0,1,6,6,3,40,7,-1,-1,-1,-1,-1,-1,0,-1
2020010236392,2020,010236392,2,1,0,18,19,5,1,4,4,8,1,0,0,0,2,1,1,1,1,41,7,-1,-1,-1,-1,4,E01003123,0,-1
2020470985852,2020,470985852,3,9,0,2,2,0,0,0,0,1,0,0,0,0,4,1,6,6,3,-1,-1,-1,-1,-1,-1,-1,-1,0,-1
2020100924757,2020,100924757,1,9,0,18,19,1,6,0,0,1,0,0,0,0,1,1,6,6,3,-1,-1,-1,-1,-1,-1,-1,-1,0,-1
2020070085144,2020,070085144,1,90,0,18,19,3,7,0,0,8,0,0,0,0,4,1,6,6,3,-1,-1,-1,-1,-1,-1,-1,-1,0,-1
2020010285008,2020,010285008,1,1,9,99,99,9,9,99,99,9,9,99,9,99,1,1,2,2,1,41,7,-1,-1,-1,-1,6,E01002570,0,-1
2020520004915,2020,520004915,2,9,0,18,19,7,3,0,0,0,0,0,0,0,1,1,6,6,3,40,7,-1,-1,-1,-1,-1,-1,0,-1
2020320680794,2020,320680794,2,19,0,9,9,4,2,0,0,2,0,0,0,0,1,1,6,6,1,25,5,-1,-1,-1,-1,2,E01026097,0,-1
2020170M30090,2020,170M30090,2,9,0,18,19,3,7,0,0,0,0,0,0,0,1,1,2,2,1,22,5,-1,-1,-1,-1,9,E01012179,0,-1
2020010244250,2020,010244250,2,90,0,18,19,7,3,0,0,1,0,0,0,0,1,1,6,6,1,28,6,-1,-1,-1,-1,-1,-1,0,-1
2020122000216,2020,122000216,1,1,0,7,7,1,3,0,0,8,0,0,0,0,1,1,6,6,1,20,4,-1,-1,-1,-1,2,E01013349,0,-1
2020040993062,2020,040993062,2,1,0,18,19,3,7,0,0,0,0,0,0,0,0,1,5,6,1,63,9,-1,-1,-1,-1,10,E01025426,0,-1
2020210943103,2020,210943103,2,9,0,18,19,2,6,0,0,1,0,0,0,0,0,1,6,6,1,26,6,-1,-1,-1,-1,1,E01014254,0,-1
2020430325150,2020,430325150,2,1,0,18,19,6,2,0,0,8,0,0,0,0,4,1,6,6,1,60,9,-1,-1,-1,-1,9,E01017701,0,-1
2020100964767,2020,100964767,1,1,0,18,19,6,1,9,9,0,0,0,0,0,1,1,6,6,1,15,3,-1,-1,-1,-1,-1,-1,0,-1
2020400958247,2020,400958247,2,9,0,3,3,-1,-1,0,0,1,0,0,0,0,1,1,5,6,1,48,8,-1,-1,-1,-1,4,E01015722,0,-1
2020221014328,2020,221014328,1,9,0,18,19,1,5,0,0,0,0,0,0,0,1,1,1,1,1,39,7,-1,-1,-1,-1,6,E01028857,0,-1
202006L172364,2020,06L172364,2,9,0,18,19,4,8,0,0,0,0,0,0,0,4,1,6,6,3,-1,-1,-1,-1,-1,-1,-1,-1,0,-1
2020421009097,2020,421009097,3,20,0,4,4,7,3,0,0,0,0,0,0,0,2,1,1,1,1,57,9,-1,-1,-1,-1,-1,-1,0,-1
2020430386599,2020,430386599,1,9,0,18,19,1,5,0,0,4,0,0,0,0,1,1,6,6,3,-1,-1,-1,-1,-1,-1,-1,-1,0,-1
2020010259373,2020,010259373,1,1,0,18,19,3,7,0,0,0,0,0,0,0,1,1,6,6,1,17,4,-1,-1,-1,-1,5,E01000982,0,-1
2020122000714,2020,122000714,1,1,0,18,19,7,3,0,0,1,0,0,0,0,1,1,6,6,1,14,3,-1,-1,-1,-1,6,E01027601,0,-1
2020470927875,2020,470927875,2,1,0,18,19,5,1,0,0,3,0,0,0,0,4,1,6,6,1,17,4,-1,-1,-1,-1,10,E01031824,0,-1
202006M176706,2020,06M176706,1,2,0,18,19,7,3,0,0,0,2,10,1,0,4,1,6,6,1,30,6,-1,-1,-1,-1,-1,-1,0,-1
2020010280265,2020,010280265,2,9,0,18,19,1,5,0,0,0,0,0,0,0,1,1,1,1,1,48,8,-1,-1,-1,-1,1,E01000105,0,-1
2020010229069,2020,010229069,2,2,0,18,19,5,1,0,0,1,1,0,0,0,1,-1,6,6,1,20,4,-1,-1,-1,-1,8,E01003471,0,-1
2020160938245,2020,160938245,1,19,0,18,19,5,1,0,0,0,0,0,0,0,1,1,6,6,1,-1,-1,-1,-1,-1,-1,-1,-1,0,-1
2020421010575,2020,421010575,2,1,0,4,4,1,3,0,0,4,0,0,0,0,4,1,6,6,1,45,7,-1,-1,-1,-1,5,E01021715,0,-1
2020010255213,2020,010255213,1,1,0,18,19,6,2,4,4,1,0,0,0,0,1,1,1,1,1,43,7,-1,-1,-1,-1,8,E01003649,0,-1
2020010250985,2020,010250985,1,1,9,18,19,1,5,99,99,1,9,99,9,99,9,1,6,6,1,42,7,-1,-1,-1,-1,5,E01001908,0,-1
2020400989831,2020,400989831,2,1,0,18,19,5,1,0,0,6,0,0,0,0,3,1,6,6,1,29,6,-1,-1,-1,-1,1,E01017466,0,-1
2020450969080,2020,450969080,1,1,0,18,19,6,2,0,0,6,0,0,0,0,1,1,5,6,1,20,4,-1,-1,-1,-1,10,E01030778,0,-1
2020421006649,2020,421006649,1,9,0,18,19,7,3,0,0,0,0,0,0,0,4,1,6,6,1,-1,-1,-1,-1,-1,-1,-1,-1,0,-1
20201376D1514,2020,1376D1514,1,9,0,18,19,3,7,0,0,0,0,0,0,0,4,1,6,6,3,-1,-1,-1,-1,-1,-1,-1,-1,0,-1
2020010277587,2020,010277587,1,9,0,18,19,5,1,0,0,0,0,0,0,0,0,1,6,6,1,55,8,-1,-1,-1,-1,2,E01003350,0,-1
202060Y182752,2020,60Y182752,1,9,0,18,19,8,4,0,0,0,0,0,0,0,1,1,6,6,1,-1,-1,-1,-1,-1,-1,-1,-1,0,-1
2020470979079,2020,470979079,1,1,0,18,19,8,4,0,0,8,0,0,0,0,1,1,5,6,1,60,9,-1,-1,-1,-1,5,E01016950,0,-1
2020040917827,2020,040917827,2,9,0,2,2,0,0,0,0,0,0,0,0,0,2,1,1,1,1,49,8,-1,-1,-1,-1,9,E01018473,0,-1
2020420973573,2020,420973573,2,1,0,18,19,1,5,0,0,1,0,0,0,0,4,1,5,6,1,41,7,-1,-1,-1,-1,9,E01021543,0,-1
2020200979156,2020,200979156,2,1,0,18,19,3,7,0,0,8,0,0,0,0,3,1,6,6,1,-1,-1,-1,-1,-1,-1,8,E01009536,0,-1
2020530997650,2020,530997650,2,9,0,18,19,5,8,0,0,0,0,0,0,0,4,1,6,6,3,-1,-1,-1,-1,-1,-1,-1,-1,0,-1
2020450993902,2020,450993902,2,19,0,18,19,1,5,0,0,0,0,0,0,0,1,1,6,6,3,50,8,-1,-1,-1,-1,-1,-1,0,-1
2020530944909,2020,530944909,2,1,0,18,19,1,5,0,0,3,0,0,0,0,3,1,6,6,1,19,4,-1,-1,-1,-1,5,E01022325,0,-1
202031A063120,2020,31A063120,2,19,0,7,7,4,6,0,0,5,0,0,0,0,4,1,6,6,1,-1,-1,-1,-1,-1,-1,-1,-1,0,-1
202031C055420,2020,31C055420,2,1,0,18,19,8,3,0,0,8,0,0,0,0,1,1,2,2,1,28,6,-1,-1,-1,-1,1,E01013844,0,-1
2020520002383,2020,520002383,2,9,0,18,19,6,2,0,0,8,0,0,0,0,1,1,6,6,1,-1,-1,-1,-1,-1,-1,-1,-1,0,-1
202060Y050597,2020,60Y050597,2,1,0,18,19,6,2,0,0,0,0,0,0,0,1,1,6,6,1,15,3,-1,-1,-1,-1,-1,-1,0,-1
2020160940655,2020,160940655,2,9,0,2,2,0,0,0,0,0,0,0,0,0,2,1,6,6,3,-1,-1,-1,-1,-1,-1,-1,-1,0,-1
2020010248852,2020,010248852,1,9,0,4,4,3,7,0,0,4,0,0,0,0,0,1,1,1,1,40,7,-1,-1,-1,-1,2,E01033488,0,-1
2020230987407,2020,230987407,1,8,0,18,19,5,1,0,0,8,0,0,0,0,1,1,1,1,1,36,7,-1,-1,-1,-1,5,E01009561,0,-1
2020160988714,2020,160988714,2,9,0,14,14,6,2,0,0,0,0,0,0,0,1,1,5,6,2,21,5,-1,-1,-1,-1,7,E01028484,0,-1
2020450961921,2020,450961921,1,9,0,8,8,5,3,5,5,0,0,0,0,0,1,1,6,6,2,28,6,-1,-1,-1,-1,8,E01030628,0,-1
2020010273651,2020,010273651,1,9,9,99,99,9,9,0,0,1,9,99,9,0,9,9,6,6,3,-1,-1,-1,-1,-1,-1,-1,-1,0,-1
2020410949538,2020,410949538,1,1,0,18,19,-1,-1,0,0,0,0,0,0,0,2,1,5,6,1,20,4,-1,-1,-1,-1,6,E01023564,0,-1
2020160941655,2020,160941655,1,9,0,18,19,1,5,0,0,0,0,0,0,0,1,1,6,6,3,-1,-1,-1,-1,-1,-1,-1,-1,0,-1
2020400983558,2020,400983558,1,9,0,3,3,6,2,0,0,0,0,0,0,0,1,1,6,6,3,-1,-1,-1,-1,-1,-1,-1,-1,0,-1
2020160937922,2020,160937922,2,1,0,3,3,2,6,0,0,1,0,0,0,0,2,1,6,6,1,43,7,-1,-1,-1,-1,6,E01013027,0,-1
2020401007210,2020,401007210,2,1,0,18,19,5,1,9,9,6,0,0,0,0,1,1,4,7,1,16,4,-1,-1,-1,-1,7,E01017511,0,-1
2020140938558,2020,140938558,2,1,0,18,19,7,3,0,0,0,0,0,0,0,4,1,6,6,1,32,6,-1,-1,-1,-1,-1,-1,0,-1
2020010242077,2020,010242077,2,1,0,9,9,8,6,0,0,1,0,0,0,0,1,-1,6,6,1,25,5,-1,-1,-1,-1,3,E01002731,0,-1
2020010251264,2020,010251264,2,1,0,15,15,7,3,0,0,1,0,0,0,0,1,1,6,6,1,33,6,-1,-1,-1,-1,5,E01004522,0,-1
2020052002325,2020,052002325,2,9,0,9,9,3,7,0,0,5,0,0,0,0,4,1,6,6,3,-1,-1,-1,-1,-1,-1,-1,-1,0,-1
2020460943531,2020,460943531,2,1,0,10,10,7,5,0,0,1,0,0,0,0,1,1,5,6,1,52,8,-1,-1,-1,-1,2,E01001653,0,-1
2020542025920,2020,542025920,1,19,0,7,7,3,5,0,0,6,0,0,0,0,4,1,6,6,1,39,7,-1,-1,-1,-1,6,E01032078,0,-1
2020460962833,2020,460962833,1,1,0,16,19,1,5,0,0,0,0,0,0,0,0,1,6,6,2,44,7,-1,-1,-1,-1,7,E01000459,0,-1
2020350931705,2020,350931705,2,1,0,18,19,6,2,0,0,0,0,0,0,0,1,1,6,6,1,60,9,-1,-1,-1,-1,6,E01018170,0,-1
202006P374742,2020,06P374742,2,19,0,1,1,8,4,0,0,1,0,0,0,0,2,1,6,6,3,-1,-1,-1,-1,-1,-1,-1,-1,0,-1
2020361012586,2020,361012586,2,9,0,-1,-1,1,-1,0,0,1,0,0,0,0,1,1,6,6,2,-1,-1,-1,-1,-1,-1,-1,-1,0,-1
2020610042320,2020,610042320,1,9,0,2,2,0,0,0,0,1,0,0,0,0,2,1,1,1,1,49,8,-1,-1,-1,-1,-1,-1,0,-1
2020991001677,2020,991001677,2,1,0,9,9,1,6,0,0,1,2,0,0,0,1,1,2,2,2,25,5,-1,-1,-1,-1,5,-1,0,-1
2020010258280,2020,010258280,2,19,9,99,99,9,9,99,99,9,9,99,9,99,9,1,6,6,3,-1,-1,-1,-1,-1,-1,-1,-1,0,-1