collision_index,collision_year,collision_ref_no,vehicle_reference,vehicle_type,towing_and_articulation,vehicle_manoeuvre_historic,vehicle_manoeuvre,vehicle_direction_from,vehicle_direction_to,vehicle_location_restricted_lane_historic,vehicle_location_restricted_lane,junction_location,skidding_and_overturning,hit_object_in_carriageway,vehicle_leaving_carriageway,hit_object_off_carriageway,first_point_of_impact,vehicle_left_hand_drive,journey_purpose_of_driver_historic,journey_purpose_of_driver,sex_of_driver,age_of_driver,age_band_of_driver,engine_capacity_cc,propulsion_code,age_of_vehicle,generic_make_model,driver_imd_decile,lsoa_of_driver,escooter_flag,driver_distance_banding
2020430314889,2020,430314889,2,9,0,18,19,7,3,0,0,0,0,0,0,0,2,1,6,6,3,-1,-1,-1,-1,-1,-1,-1,-1,0,-1
20201378I1437,2020,1378I1437,1,9,0,18,19,1,5,0,0,0,0,0,0,0,1,1,6,6,1,-1,-1,-1,-1,-1,-1,5,E01010109,0,-1
2020010284503,2020,010284503,2,1,0,18,19,5,1,0,0,1,0,0,0,0,1,1,6,6,1,31,6,-1,-1,-1,-1,3,E01001972,0,-1
2020470986427,2020,470986427,1,9,0,16,19,2,5,0,0,0,0,0,0,0,1,2,1,1,1,21,5,-1,-1,-1,-1,7,E01031766,0,-1
2020430264709,2020,430264709,1,9,0,2,2,0,0,0,0,1,0,0,0,0,2,1,6,6,2,70,10,-1,-1,-1,-1,5,E01016376,0,-1
2020010280279,2020,010280279,2,1,0,18,19,4,8,0,0,8,0,0,0,0,0,1,6,6,3,20,4,-1,-1,-1,-1,-1,-1,0,-1
2020010244356,2020,010244356,2,-1,0,18,19,5,1,0,0,1,0,0,0,0,0,1,6,6,1,19,4,-1,-1,-1,-1,4,E01003165,1,-1
2020210946784,2020,210946784,2,9,0,18,19,3,7,0,0,2,0,11,1,11,1,1,5,6,2,77,11,-1,-1,-1,-1,9,E01029469,0,-1
2020350988645,2020,350988645,2,1,0,18,19,-1,-1,0,0,2,0,0,0,0,1,1,3,7,1,39,7,-1,-1,-1,-1,6,E01017999,0,-1
2020010256397,2020,010256397,2,1,0,18,19,1,5,2,2,0,0,4,0,0,1,1,6,6,1,29,6,-1,-1,-1,-1,2,E01003975,0,-1
2020430103368,2020,430103368,1,9,0,16,19,6,1,0,0,0,0,10,1,4,4,1,6,6,2,52,8,-1,-1,-1,-1,10,E01028670,0,-1
202006Q172073,2020,06Q172073,1,9,0,18,19,3,7,0,0,8,0,0,0,0,1,1,6,6,1,26,6,-1,-1,-1,-1,1,E01005377,0,-1
2020010276661,2020,010276661,1,9,0,99,99,9,9,0,0,1,0,0,0,0,9,1,6,6,3,-1,-1,-1,-1,-1,-1,-1,-1,0,-1
2020411013457,2020,411013457,3,1,0,18,19,4,5,0,0,0,0,0,0,0,0,1,5,6,1,19,4,-1,-1,-1,-1,10,E01023715,0,-1
2020460989591,2020,460989591,1,9,0,18,19,7,3,0,0,0,0,0,0,0,1,1,5,6,1,48,8,-1,-1,-1,-1,8,E01024077,0,-1
2020160918273,2020,160918273,2,1,0,18,19,2,6,0,0,5,0,0,0,0,1,1,5,6,2,43,7,-1,-1,-1,-1,2,E01013128,0,-1
2020010273730,2020,010273730,1,1,9,99,99,9,9,99,99,9,9,99,9,99,9,1,6,6,1,20,4,-1,-1,-1,-1,4,E01003277,0,-1
2020010282590,2020,010282590,2,9,0,99,99,9,9,99,99,0,9,99,9,99,1,9,6,6,3,-1,-1,-1,-1,-1,-1,-1,-1,0,-1
2020010292468,2020,010292468,2,-1,0,18,19,5,1,4,4,1,0,0,0,0,1,1,2,2,1,20,4,-1,-1,-1,-1,-1,-1,1,-1
2020522001928,2020,522001928,1,9,0,9,9,5,3,0,0,8,0,0,0,0,4,1,6,6,1,34,6,-1,-1,-1,-1,3,E01014501,0,-1
2020471010001,2020,471010001,2,9,0,18,19,8,4,0,0,8,0,0,1,10,3,2,2,2,1,56,9,-1,-1,-1,-1,8,E01021197,0,-1
2020220947308,2020,220947308,1,9,0,9,9,7,5,0,0,5,0,0,1,0,4,1,2,2,1,37,7,-1,-1,-1,-1,7,E01014043,0,-1
2020430267572,2020,430267572,1,1,0,18,19,4,8,0,0,8,0,0,0,0,3,1,1,1,1,48,8,-1,-1,-1,-1,10,E01016661,0,-1
2020302001174,2020,302001174,1,5,0,16,19,8,4,0,0,0,0,10,7,11,1,1,6,6,1,41,7,-1,-1,-1,-1,7,E01019628,0,-1
2020200971458,2020,200971458,1,9,0,18,19,3,7,0,0,0,0,4,0,0,1,1,6,6,3,-1,-1,-1,-1,-1,-1,-1,-1,0,-1
2020122001139,2020,122001139,1,9,0,9,9,8,6,0,0,8,0,0,0,0,0,1,6,6,3,-1,-1,-1,-1,-1,-1,-1,-1,0,-1
2020010273652,2020,010273652,2,1,0,18,19,1,5,0,0,8,0,0,0,0,2,1,6,6,1,63,9,-1,-1,-1,-1,9,E01003381,0,-1
2020010250187,2020,010250187,2,1,0,18,19,3,7,0,0,4,0,0,0,0,2,1,6,6,1,27,6,-1,-1,-1,-1,4,E01002244,0,-1
2020141008454,2020,141008454,1,9,0,-1,-1,-1,-1,-1,-1,6,-1,-1,-1,0,-1,1,6,6,3,-1,-1,-1,-1,-1,-1,-1,-1,0,-1
202006E167991,2020,06E167991,2,1,0,18,19,6,2,0,0,8,0,0,0,0,1,1,2,2,1,47,8,-1,-1,-1,-1,6,E01005936,0,-1
2020010270728,2020,010270728,1,9,0,99,99,9,9,99,99,9,9,99,9,99,1,9,6,6,3,-1,-1,-1,-1,-1,-1,-1,-1,0,-1
2020332000631,2020,332000631,1,3,0,17,19,1,7,0,0,0,1,0,1,9,3,1,6,6,1,18,4,-1,-1,-1,-1,10,E01025783,0,-1
2020010234830,2020,010234830,1,1,0,18,19,5,1,4,4,1,5,0,0,99,3,9,2,2,3,23,5,-1,-1,-1,-1,6,E01004529,0,-1
2020140969993,2020,140969993,2,9,0,2,2,0,0,0,0,0,0,0,0,0,3,1,6,6,3,-1,-1,-1,-1,-1,-1,-1,-1,0,-1
2020410958317,2020,410958317,1,21,1,12,12,7,3,0,0,0,0,0,0,0,3,2,1,1,1,54,8,-1,-1,-1,-1,-1,-1,0,-1
2020420976111,2020,420976111,1,9,0,5,5,1,7,9,9,0,0,0,0,0,1,1,5,6,2,-1,-1,-1,-1,-1,-1,-1,-1,0,-1
2020332001102,2020,332001102,2,9,0,18,19,4,8,0,0,0,0,0,0,0,0,1,6,6,1,54,8,-1,-1,-1,-1,-1,-1,0,-1
2020500948262,2020,500948262,1,9,0,8,8,7,3,0,0,0,0,0,0,0,2,1,5,6,2,28,6,-1,-1,-1,-1,2,E01015171,0,-1
2020520003180,2020,520003180,2,1,0,18,19,2,6,0,0,0,0,0,0,0,1,1,6,6,1,21,5,-1,-1,-1,-1,6,E01029300,0,-1
2020622000158,2020,622000158,2,4,0,18,19,3,7,0,0,1,0,0,0,0,1,1,6,6,1,31,6,-1,-1,-1,-1,6,W01000755,0,-1
2020110968089,2020,110968089,2,1,0,18,19,7,3,0,0,0,0,0,0,0,1,1,5,6,1,8,2,-1,-1,-1,-1,3,E01020760,0,-1
2020460994193,2020,460994193,1,9,0,18,19,5,1,0,0,0,0,0,0,0,1,1,6,6,1,75,10,-1,-1,-1,-1,3,E01000333,0,-1
2020010281075,2020,010281075,1,-1,0,18,19,8,4,9,9,0,0,0,0,0,1,1,6,6,2,17,4,-1,-1,-1,-1,3,E01000058,1,-1
2020010256662,2020,010256662,2,10,9,18,19,1,5,0,0,0,0,0,0,0,1,1,6,6,3,-1,-1,-1,-1,-1,-1,-1,-1,0,-1
2020360989194,2020,360989194,2,1,0,18,19,5,1,0,0,0,0,0,0,0,3,1,5,6,2,50,8,-1,-1,-1,-1,5,E01030267,0,-1
202060Y124405,2020,60Y124405,2,9,0,2,2,0,0,0,0,0,0,10,1,0,2,1,6,6,2,18,4,-1,-1,-1,-1,-1,-1,0,-1
2020010260146,2020,010260146,2,9,0,9,9,7,5,99,99,5,9,99,0,0,9,9,6,6,3,30,6,-1,-1,-1,-1,-1,-1,0,-1
2020350958602,2020,350958602,4,9,0,2,2,0,0,6,6,0,0,0,0,0,1,1,6,6,3,-1,-1,-1,-1,-1,-1,-1,-1,0,-1
2020140986631,2020,140986631,2,1,0,9,9,1,3,0,0,5,0,0,0,0,1,1,6,6,1,46,8,-1,-1,-1,-1,1,E01007463,0,-1
2020622000649,2020,622000649,1,9,0,18,19,8,4,0,0,0,0,0,0,0,4,1,6,6,1,68,10,-1,-1,-1,-1,2,W01001097,0,-1
2020137760821,2020,137760821,1,1,0,18,19,2,5,0,0,6,0,0,0,0,1,1,6,6,1,13,3,-1,-1,-1,-1,1,E01011904,0,-1
20201378N0913,2020,1378N0913,2,1,0,18,19,4,8,0,0,1,0,0,0,0,3,1,6,6,1,12,3,-1,-1,-1,-1,1,E01011348,0,-1
2020332000365,2020,332000365,2,5,0,16,19,7,2,0,0,0,0,0,0,0,1,1,6,6,2,53,8,-1,-1,-1,-1,3,E01031172,0,-1
2020010233455,2020,010233455,1,11,0,99,99,9,9,99,99,9,9,99,9,99,9,9,6,6,3,-1,-1,-1,-1,-1,-1,-1,-1,0,-1
2020010237408,2020,010237408,2,9,9,7,7,4,7,0,0,8,9,0,0,99,4,9,6,6,1,-1,-1,-1,-1,-1,-1,-1,-1,0,-1
2020470939972,2020,470939972,3,1,0,2,2,0,0,9,9,0,0,0,0,0,1,1,6,6,3,-1,-1,-1,-1,-1,-1,-1,-1,0,-1
202060Y012461,2020,60Y012461,2,9,0,18,19,8,4,0,0,0,0,0,0,0,0,1,6,6,2,24,5,-1,-1,-1,-1,-1,-1,0,-1
202006K366738,2020,06K366738,2,1,0,18,19,2,6,0,0,8,0,0,0,0,3,1,6,6,1,45,7,-1,-1,-1,-1,5,E01004809,0,-1
2020010244853,2020,010244853,1,1,9,99,99,9,9,99,99,9,9,99,9,99,9,-1,6,6,1,32,6,-1,-1,-1,-1,2,E01004041,0,-1
2020010239519,2020,010239519,1,11,0,5,5,0,1,0,0,0,0,0,0,0,0,1,1,1,1,44,7,-1,-1,-1,-1,2,E01001722,0,-1
2020010285540,2020,010285540,2,5,0,18,19,7,3,0,0,8,0,0,0,0,1,1,2,2,1,22,5,-1,-1,-1,-1,6,E01030643,0,-1
2020320667525,2020,320667525,2,1,0,9,9,6,4,0,0,2,0,0,0,0,3,1,6,6,1,60,9,-1,-1,-1,-1,6,E01026297,0,-1
2020010230503,2020,010230503,1,1,9,99,99,9,9,99,99,0,9,99,9,99,9,1,2,2,1,60,9,-1,-1,-1,-1,9,E01003384,0,-1
2020137B40235,2020,137B40235,2,1,0,18,19,5,1,0,0,8,1,0,0,0,1,1,6,6,1,25,5,-1,-1,-1,-1,2,E01032492,0,-1
2020350968369,2020,350968369,1,1,0,15,15,5,1,0,0,2,0,0,0,0,4,1,2,2,1,42,7,-1,-1,-1,-1,5,E01015670,0,-1
2020010237969,2020,010237969,2,8,0,5,5,1,5,0,0,1,0,0,0,0,1,1,1,1,1,48,8,-1,-1,-1,-1,6,E01000790,0,-1
2020010274743,2020,010274743,1,1,0,4,4,7,3,0,0,1,5,0,1,0,1,1,2,2,1,43,7,-1,-1,-1,-1,5,E01018135,0,-1
2020010250036,2020,010250036,2,1,0,18,19,3,7,0,0,0,1,0,1,0,2,1,1,1,1,29,6,-1,-1,-1,-1,2,E01000548,0,-1
2020010286504,2020,010286504,1,9,0,18,19,3,7,0,0,8,0,0,0,0,1,1,6,6,1,44,7,-1,-1,-1,-1,9,E01000410,0,-1
2020010281621,2020,010281621,1,1,0,7,7,1,3,4,4,1,0,0,0,0,1,1,6,6,2,12,3,-1,-1,-1,-1,3,E01002839,0,-1
2020990985504,2020,990985504,1,9,0,9,9,5,2,0,0,6,0,0,0,0,1,1,5,6,1,29,6,-1,-1,-1,-1,1,-1,0,-1
2020110931631,2020,110931631,1,9,0,18,19,6,3,0,0,0,1,0,1,0,1,1,5,6,1,29,6,-1,-1,-1,-1,5,E01020706,0,-1
202006K174019,2020,06K174019,2,9,0,18,19,7,3,0,0,0,0,0,0,0,1,1,6,6,2,30,6,-1,-1,-1,-1,-1,-1,0,-1
2020140915363,2020,140915363,1,9,0,18,19,4,8,0,0,8,0,0,0,0,1,1,5,6,1,41,7,-1,-1,-1,-1,6,E01007409,0,-1
2020010263996,2020,010263996,2,4,0,18,19,7,3,0,0,0,0,0,4,0,4,1,6,6,1,20,4,-1,-1,-1,-1,1,E01001562,0,-1
2020201014274,2020,201014274,2,1,0,16,19,2,4,0,0,2,0,0,0,0,4,1,6,6,2,57,9,-1,-1,-1,-1,1,E01009637,0,-1
202031B154320,2020,31B154320,2,1,0,18,19,5,1,0,0,0,0,0,0,0,2,1,6,6,1,17,4,-1,-1,-1,-1,4,E01028045,0,-1
2020052000847,2020,052000847,1,1,0,5,5,3,7,0,0,0,0,0,0,0,4,1,2,2,2,55,8,-1,-1,-1,-1,5,E01006946,0,-1
2020211027093,2020,211027093,2,9,0,3,3,3,7,0,0,0,0,0,0,0,2,1,6,6,1,36,7,-1,-1,-1,-1,5,E01029348,0,-1
2020070452826,2020,070452826,2,9,0,18,19,2,6,0,0,8,0,0,5,7,1,1,6,6,1,73,10,-1,-1,-1,-1,8,E01018681,0,-1
2020052001680,2020,052001680,2,1,0,18,19,7,3,0,0,8,0,0,0,0,3,1,6,6,1,12,3,-1,-1,-1,-1,1,E01006556,0,-1
2020332000933,2020,332000933,2,1,0,10,10,4,2,0,0,8,0,0,0,0,1,1,6,6,1,66,10,-1,-1,-1,-1,9,E01025820,0,-1
2020052000589,2020,052000589,4,21,0,18,19,4,8,0,0,1,0,0,0,0,0,1,1,1,1,25,5,-1,-1,-1,-1,5,E01007223,0,-1
2020410924662,2020,410924662,2,9,0,18,19,5,1,0,0,0,0,0,0,0,2,1,5,6,1,41,7,-1,-1,-1,-1,10,E01017621,0,-1
2020160995268,2020,160995268,2,9,0,18,19,6,2,0,0,8,0,0,0,0,4,1,6,6,3,-1,-1,-1,-1,-1,-1,-1,-1,0,-1
2020332000725,2020,332000725,2,9,0,18,19,1,5,0,0,4,0,0,0,0,1,1,6,6,1,25,5,-1,-1,-1,-1,4,E01025957,0,-1
2020010270058,2020,010270058,1,1,9,99,99,9,9,99,99,9,9,99,9,99,1,1,2,2,1,50,8,-1,-1,-1,-1,3,E01003269,0,-1
20201371T1099,2020,1371T1099,1,9,0,18,19,6,2,0,0,1,0,0,0,0,4,1,6,6,3,-1,-1,-1,-1,-1,-1,-1,-1,0,-1
2020052001929,2020,052001929,1,19,0,18,19,5,1,0,0,1,0,0,0,0,1,1,6,6,3,-1,-1,-1,-1,-1,-1,-1,-1,0,-1
202031D002920,2020,31D002920,3,9,0,3,3,1,5,0,0,1,0,0,0,0,2,1,6,6,2,68,10,-1,-1,-1,-1,10,E01028389,0,-1
2020140975897,2020,140975897,3,9,0,2,2,0,0,0,0,8,0,0,0,0,1,1,6,6,3,-1,-1,-1,-1,-1,-1,-1,-1,0,-1
2020160984896,2020,160984896,1,1,0,18,19,2,6,0,0,8,0,0,0,0,3,1,5,6,2,19,4,-1,-1,-1,-1,7,E01013126,0,-1
2020481001417,2020,481001417,2,1,0,17,19,5,1,0,0,2,0,0,0,0,3,1,5,6,1,30,6,-1,-1,-1,-1,2,E01004269,0,-1
202006A173236,2020,06A173236,1,9,0,18,19,6,2,0,0,8,0,0,0,0,4,1,6,6,3,-1,-1,-1,-1,-1,-1,-1,-1,0,-1
2020010279402,2020,010279402,2,9,0,2,2,0,0,0,0,2,0,4,0,0,1,1,6,6,3,-1,-1,-1,-1,-1,-1,-1,-1,0,-1
2020211020087,2020,211020087,1,9,0,1,1,3,3,0,0,0,0,0,0,0,3,1,6,6,1,28,6,-1,-1,-1,-1,10,E01029730,0,-1
202006J174731,2020,06J174731,3,9,0,2,2,0,0,6,6,2,0,0,0,0,4,1,6,6,3,-1,-1,-1,-1,-1,-1,-1,-1,0,-1
202060Y022055,2020,60Y022055,2,1,0,9,9,6,8,0,0,1,0,0,0,0,3,1,2,2,1,40,7,-1,-1,-1,-1,-1,-1,0,-1
2020400952239,2020,400952239,2,9,0,5,5,5,4,0,0,4,0,0,0,0,2,1,5,6,1,27,6,-1,-1,-1,-1,6,E01015778,0,-1
2020041004672,2020,041004672,2,1,0,18,19,5,7,0,0,5,0,0,0,0,1,1,6,6,1,63,9,-1,-1,-1,-1,3,E01025037,0,-1
2020010238629,2020,010238629,1,1,9,99,99,9,9,99,99,0,9,99,9,99,1,1,6,6,1,35,6,-1,-1,-1,-1,3,E01030362,0,-1
2020137AA0939,2020,137AA0939,2,1,0,18,19,3,7,0,0,0,0,0,0,0,4,1,6,6,1,21,5,-1,-1,-1,-1,2,E01011481,0,-1
2020200927502,2020,200927502,1,9,0,7,7,2,4,0,0,6,0,0,0,0,1,1,6,6,2,-1,-1,-1,-1,-1,-1,7,E01010355,0,-1
2020340E02242,2020,340E02242,1,21,0,17,19,8,4,0,0,8,0,0,0,0,0,1,1,1,1,-1,-1,-1,-1,-1,-1,-1,-1,0,-1
2020350984334,2020,350984334,4,90,0,17,19,3,7,0,0,0,0,0,0,0,0,1,6,6,3,-1,-1,-1,-1,-1,-1,-1,-1,0,-1
2020010280951,2020,010280951,2,1,0,18,19,3,7,0,0,8,0,0,0,0,4,1,4,7,1,8,2,-1,-1,-1,-1,2,E01001112,0,-1
202006F174049,2020,06F174049,1,9,0,9,9,3,8,0,0,8,0,0,0,0,1,1,6,6,2,30,6,-1,-1,-1,-1,-1,-1,0,-1
2020010237494,2020,010237494,2,9,0,99,99,9,9,99,99,9,9,99,9,99,9,9,6,6,3,-1,-1,-1,-1,-1,-1,-1,-1,0,-1
2020010258105,2020,010258105,2,1,0,18,19,5,1,4,4,6,0,0,3,0,1,1,6,6,1,26,6,-1,-1,-1,-1,3,E01001932,0,-1
2020430373395,2020,430373395,1,2,0,18,19,2,6,0,0,0,0,0,0,0,0,1,6,6,2,48,8,-1,-1,-1,-1,10,E01017885,0,-1
2020450950569,2020,450950569,1,1,0,18,19,3,7,0,0,0,5,10,7,0,0,1,2,2,1,46,8,-1,-1,-1,-1,10,E01030680,0,-1
2020010273948,2020,010273948,1,1,9,99,99,9,9,99,99,9,9,99,9,99,9,1,2,2,2,29,6,-1,-1,-1,-1,4,E01002698,0,-1
2020140935856,2020,140935856,2,1,-1,18,19,1,2,0,0,0,0,0,0,0,3,1,6,6,1,12,3,-1,-1,-1,-1,3,E01007635,0,-1
2020030973135,2020,030973135,1,1,0,17,19,5,1,0,0,0,0,0,0,0,1,1,5,6,2,30,6,-1,-1,-1,-1,10,E01025532,0,-1
2020522002015,2020,522002015,1,4,0,18,19,8,4,0,0,0,0,0,0,0,3,1,6,6,1,35,6,-1,-1,-1,-1,-1,-1,0,-1
2020332000380,2020,332000380,2,19,0,9,9,4,2,0,0,6,0,0,0,0,1,1,1,1,1,37,7,-1,-1,-1,-1,-1,-1,0,-1
2020010253154,2020,010253154,1,9,0,18,19,1,5,0,0,8,0,0,0,0,1,1,1,1,1,45,7,-1,-1,-1,-1,4,E01002455,0,-1
2020052000702,2020,052000702,2,1,0,15,15,5,1,0,0,0,0,4,0,0,0,1,6,6,1,24,5,-1,-1,-1,-1,4,E01007230,0,-1
2020320677522,2020,320677522,2,1,0,18,19,3,7,0,0,1,0,0,0,0,1,1,6,6,2,55,8,-1,-1,-1,-1,2,E01026382,0,-1
2020220942790,2020,220942790,2,1,0,18,19,2,6,0,0,8,0,0,0,0,4,1,5,6,1,65,9,-1,-1,-1,-1,4,E01028944,0,-1
2020052002048,2020,052002048,2,1,0,18,19,3,7,0,0,8,0,0,0,0,1,1,1,1,1,20,4,-1,-1,-1,-1,1,E01006675,0,-1
2020552001188,2020,552001188,2,1,0,18,19,4,8,0,0,0,0,0,0,0,4,1,4,7,1,15,3,-1,-1,-1,-1,7,E01015413,0,-1
2020100927228,2020,100927228,2,9,0,18,19,5,1,0,0,1,0,0,0,0,1,1,6,6,1,63,9,-1,-1,-1,-1,3,E01027462,0,-1
2020440159191,2020,440159191,2,98,0,18,19,8,4,0,0,8,0,0,0,0,1,1,1,1,3,-1,-1,-1,-1,-1,-1,-1,-1,0,-1
2020520004448,2020,520004448,2,9,0,18,19,3,5,0,0,6,0,0,0,0,1,1,6,6,1,71,10,-1,-1,-1,-1,7,E01029130,0,-1
2020622000617,2020,622000617,2,1,0,3,3,6,2,0,0,1,0,0,0,0,2,1,6,6,1,48,8,-1,-1,-1,-1,2,W01001942,0,-1
202006F177185,2020,06F177185,1,9,0,7,7,6,8,0,0,1,0,0,0,0,3,1,6,6,3,-1,-1,-1,-1,-1,-1,-1,-1,0,-1
2020440243307,2020,440243307,2,9,0,4,4,8,4,0,0,1,0,0,0,0,1,1,6,6,3,-1,-1,-1,-1,-1,-1,-1,-1,0,-1
202006N275520,2020,06N275520,1,9,0,18,19,8,4,4,4,0,0,0,0,0,3,1,6,6,3,-1,-1,-1,-1,-1,-1,-1,-1,0,-1
2020010238554,2020,010238554,2,9,0,99,99,9,9,99,99,9,9,99,9,99,1,9,6,6,3,-1,-1,-1,-1,-1,-1,-1,-1,0,-1
2020302000927,2020,302000927,2,11,0,2,2,0,0,0,0,0,0,0,0,0,0,1,1,1,3,-1,-1,-1,-1,-1,-1,-1,-1,0,-1
2020440160421,2020,440160421,2,16,0,18,19,3,8,0,0,1,0,0,0,0,0,1,6,6,2,18,4,-1,-1,-1,-1,7,E01016307,0,-1
2020052000946,2020,052000946,2,1,0,18,19,3,7,0,0,0,0,0,0,0,1,1,6,6,1,60,9,-1,-1,-1,-1,1,E01006694,0,-1
2020010240398,2020,010240398,1,4,0,99,99,9,9,99,99,9,9,99,9,99,9,-1,6,6,1,23,5,-1,-1,-1,-1,10,E01003805,0,-1
2020010277181,2020,010277181,2,1,0,9,9,7,5,0,0,4,0,0,0,0,1,1,6,6,1,32,6,-1,-1,-1,-1,4,E01001252,0,-1
202006G173497,2020,06G173497,2,1,0,18,19,8,4,0,0,8,0,0,0,0,1,1,6,6,1,40,7,-1,-1,-1,-1,2,E01005917,0,-1
2020100977633,2020,100977633,1,17,4,18,19,3,7,0,0,0,0,0,0,0,4,1,6,6,3,-1,-1,-1,-1,-1,-1,-1,-1,0,-1
2020010236826,2020,010236826,2,1,0,9,9,3,8,0,0,1,0,0,0,0,1,1,6,6,2,30,6,-1,-1,-1,-1,1,E01000890,0,-1
2020010261332,2020,010261332,2,1,0,3,3,3,7,0,0,2,0,0,0,0,1,1,6,6,1,44,7,-1,-1,-1,-1,2,E01001114,0,-1
202031D080820,2020,31D080820,2,21,1,18,19,6,5,0,0,8,0,0,0,0,3,1,1,1,1,57,9,-1,-1,-1,-1,7,E01018064,0,-1
2020622000952,2020,622000952,1,9,0,11,11,6,2,0,0,1,0,0,0,0,0,1,6,6,3,-1,-1,-1,-1,-1,-1,-1,-1,0,-1
2020332000926,2020,332000926,2,9,0,9,9,4,2,0,0,5,5,0,7,0,4,1,6,6,1,23,5,-1,-1,-1,-1,7,E01025654,0,-1
2020010237192,2020,010237192,2,1,0,18,19,5,1,0,0,1,0,0,0,0,1,-1,2,2,1,56,9,-1,-1,-1,-1,2,E01003925,0,-1
2020010244334,2020,010244334,2,1,9,99,99,9,9,99,99,9,9,99,9,99,1,1,6,6,1,-1,-1,-1,-1,-1,-1,-1,-1,0,-1
2020010248431,2020,010248431,1,1,0,13,13,1,5,9,9,2,0,0,0,0,0,1,6,6,2,37,7,-1,-1,-1,-1,6,E01017826,0,-1
2020010241269,2020,010241269,1,11,0,4,4,7,3,0,0,1,0,0,0,0,1,1,1,1,1,35,6,-1,-1,-1,-1,4,E01003770,0,-1
2020320426945,2020,320426945,1,9,0,18,19,5,1,0,0,0,0,0,0,0,1,1,6,6,1,34,6,-1,-1,-1,-1,7,E01026267,0,-1
2020010258353,2020,010258353,2,1,0,18,19,3,7,0,0,2,0,10,0,0,4,1,2,2,1,40,7,-1,-1,-1,-1,5,E01003312,0,-1
2020137391705,2020,137391705,2,1,0,18,19,5,1,0,0,8,0,0,0,0,1,1,6,6,2,23,5,-1,-1,-1,-1,1,E01011483,0,-1
2020500988000,2020,500988000,2,9,0,1,1,3,7,0,0,0,0,0,0,0,2,1,5,6,2,50,8,-1,-1,-1,-1,2,E01029109,0,-1
2020460961225,2020,460961225,1,21,1,12,12,5,1,0,0,0,0,0,0,0,3,1,5,6,1,60,9,-1,-1,-1,-1,-1,-1,0,-1
2020430372206,2020,430372206,2,9,0,18,19,7,3,0,0,0,0,0,0,0,1,1,6,6,3,-1,-1,-1,-1,-1,-1,-1,-1,0,-1
2020440369977,2020,440369977,1,3,0,13,13,8,4,0,0,8,0,0,0,0,1,1,2,2,1,26,6,-1,-1,-1,-1,2,E01017140,0,-1
2020010283858,2020,010283858,2,1,0,18,19,3,7,0,0,1,0,0,0,0,4,1,6,6,2,18,4,-1,-1,-1,-1,9,E01003872,0,-1
2020010263056,2020,010263056,1,9,0,5,5,7,3,0,0,6,0,0,0,0,1,1,6,6,3,-1,-1,-1,-1,-1,-1,-1,-1,0,-1
2020522002965,2020,522002965,1,9,0,9,9,5,3,0,0,8,0,0,0,0,1,1,6,6,1,23,5,-1,-1,-1,-1,7,E01029086,0,-1
2020010256805,2020,010256805,2,9,0,99,99,9,9,0,0,1,0,0,0,0,4,9,6,6,1,60,9,-1,-1,-1,-1,10,E01002961,0,-1
2020040939406,2020,040939406,1,9,0,16,19,8,4,0,0,0,0,0,0,0,1,1,6,6,3,-1,-1,-1,-1,-1,-1,-1,-1,0,-1
2020201015745,2020,201015745,2,8,0,5,5,5,1,0,0,0,0,0,0,0,3,1,1,1,1,-1,-1,-1,-1,-1,-1,-1,-1,0,-1
2020160980762,2020,160980762,2,1,0,18,19,3,7,0,0,1,0,0,0,0,3,1,6,6,1,31,6,-1,-1,-1,-1,1,E01012798,0,-1
2020070241136,2020,070241136,2,1,0,18,19,5,1,0,0,0,5,0,0,0,1,1,6,6,2,51,8,-1,-1,-1,-1,3,E01005212,0,-1
2020220978733,2020,220978733,2,9,0,3,3,4,8,0,0,8,0,0,0,0,1,1,1,1,1,34,6,-1,-1,-1,-1,5,E01028996,0,-1
2020520002890,2020,520002890,2,9,0,10,10,5,3,0,0,1,0,0,0,0,3,1,6,6,2,22,5,-1,-1,-1,-1,-1,-1,0,-1
2020010249628,2020,010249628,2,1,0,18,19,1,5,0,0,0,2,0,0,0,1,1,6,6,1,48,8,-1,-1,-1,-1,9,E01000199,0,-1
2020440024863,2020,440024863,1,9,0,17,19,4,8,0,0,0,0,0,7,0,1,1,2,2,1,81,11,-1,-1,-1,-1,2,E01015304,0,-1
2020010234466,2020,010234466,1,1,9,99,99,9,9,99,99,9,9,99,9,99,1,1,6,6,3,-1,-1,-1,-1,-1,-1,-1,-1,0,-1
2020470932932,2020,470932932,2,1,0,9,9,3,1,0,0,3,0,0,0,0,2,1,5,6,1,51,8,-1,-1,-1,-1,4,E01031810,0,-1
2020430173273,2020,430173273,1,1,0,18,19,4,8,0,0,6,0,0,0,0,4,1,1,1,1,35,6,-1,-1,-1,-1,-1,-1,0,-1
2020160952367,2020,160952367,1,9,0,18,19,1,5,0,0,0,0,0,0,0,1,1,6,6,3,-1,-1,-1,-1,-1,-1,-1,-1,0,-1
20201377P0642,2020,1377P0642,1,1,0,18,19,5,1,0,0,1,0,0,0,0,1,1,6,6,1,31,6,-1,-1,-1,-1,-1,-1,0,-1
2020010253770,2020,010253770,2,1,0,18,19,1,5,0,0,1,0,0,0,0,4,1,6,6,1,25,5,-1,-1,-1,-1,1,E01001958,0,-1
2020052001169,2020,052001169,1,9,0,18,19,1,5,0,0,0,0,0,0,0,4,1,6,6,3,-1,-1,-1,-1,-1,-1,-1,-1,0,-1
202006E375815,2020,06E375815,2,9,0,7,7,7,1,0,0,8,0,0,0,0,3,1,6,6,3,-1,-1,-1,-1,-1,-1,-1,-1,0,-1
2020040927338,2020,040927338,2,1,0,18,19,7,3,0,0,0,0,0,0,0,1,1,6,6,1,28,6,-1,-1,-1,-1,3,E01024959,0,-1
2020332001185,2020,332001185,2,9,0,18,19,2,6,0,0,0,0,0,0,0,0,1,6,6,1,63,9,-1,-1,-1,-1,-1,-1,0,-1
202060Y182252,2020,60Y182252,1,9,0,18,19,2,6,0,0,1,0,0,0,0,1,1,6,6,3,-1,-1,-1,-1,-1,-1,-1,-1,0,-1
2020010263371,2020,010263371,2,1,0,18,19,5,1,0,0,0,0,0,0,0,2,1,6,6,1,35,6,-1,-1,-1,-1,3,E01003182,0,-1