collision_index,collision_year,collision_ref_no,vehicle_reference,vehicle_type,towing_and_articulation,vehicle_manoeuvre_historic,vehicle_manoeuvre,vehicle_direction_from,vehicle_direction_to,vehicle_location_restricted_lane_historic,vehicle_location_restricted_lane,junction_location,skidding_and_overturning,hit_object_in_carriageway,vehicle_leaving_carriageway,hit_object_off_carriageway,first_point_of_impact,vehicle_left_hand_drive,journey_purpose_of_driver_historic,journey_purpose_of_driver,sex_of_driver,age_of_driver,age_band_of_driver,engine_capacity_cc,propulsion_code,age_of_vehicle,generic_make_model,driver_imd_decile,lsoa_of_driver,escooter_flag,driver_distance_banding
2020010252823,2020,010252823,2,1,0,4,4,6,2,9,9,1,0,0,0,0,3,1,6,6,1,56,9,-1,-1,-1,-1,3,E01004571,0,-1
2020990927038,2020,990927038,1,1,0,18,19,8,4,0,0,0,0,4,0,0,1,1,6,6,1,44,7,-1,-1,-1,-1,7,-1,0,-1
2020010252164,2020,010252164,1,11,0,99,99,9,9,99,99,9,0,99,9,99,9,1,1,1,1,-1,-1,-1,-1,-1,-1,-1,-1,0,-1
2020520101273,2020,520101273,2,9,4,18,19,8,4,0,0,1,0,0,0,0,1,1,6,6,1,34,6,-1,-1,-1,-1,7,E01020550,0,-1
2020400956006,2020,400956006,1,9,0,5,5,3,4,0,0,0,0,0,0,0,1,1,5,6,1,32,6,-1,-1,-1,-1,6,E01017385,0,-1
202060Y035458,2020,60Y035458,2,9,0,4,4,3,7,0,0,0,0,0,0,0,2,1,6,6,2,44,7,-1,-1,-1,-1,-1,-1,0,-1
2020010247380,2020,010247380,2,1,0,18,19,1,5,0,0,1,0,0,0,0,1,1,6,6,2,31,6,-1,-1,-1,-1,4,E01002788,0,-1
2020161006009,2020,161006009,1,9,0,18,19,7,3,0,0,8,0,0,0,0,1,1,6,6,2,-1,-1,-1,-1,-1,-1,-1,-1,0,-1
202006K370294,2020,06K370294,2,1,0,9,9,2,7,0,0,6,0,0,0,0,2,1,6,6,1,17,4,-1,-1,-1,-1,6,E01004940,0,-1
202063D024120,2020,63D024120,2,9,0,17,19,2,7,0,0,0,0,0,1,10,3,1,6,6,1,62,9,-1,-1,-1,-1,3,W01000480,0,-1
2020450971642,2020,450971642,1,1,0,18,19,5,1,0,0,1,1,0,0,0,3,1,2,2,1,27,6,-1,-1,-1,-1,10,E01030307,0,-1
2020552000556,2020,552000556,1,9,0,9,9,7,5,0,0,5,0,0,0,0,3,1,6,6,3,-1,-1,-1,-1,-1,-1,-1,-1,0,-1
2020552000997,2020,552000997,2,1,0,18,19,6,2,0,0,8,0,0,0,0,1,1,6,6,1,54,8,-1,-1,-1,-1,10,E01015397,0,-1
2020332000585,2020,332000585,1,9,0,18,19,3,7,0,0,8,0,0,0,0,1,1,6,6,2,28,6,-1,-1,-1,-1,4,E01013696,0,-1
2020010264966,2020,010264966,2,19,0,99,99,9,9,99,99,0,9,99,9,99,9,9,6,6,3,-1,-1,-1,-1,-1,-1,-1,-1,0,-1
2020332000756,2020,332000756,1,9,0,18,19,1,5,0,0,0,0,0,0,0,4,1,2,2,1,27,6,-1,-1,-1,-1,6,E01013609,0,-1
2020010230243,2020,010230243,1,9,0,18,19,5,1,0,0,1,0,0,0,0,1,1,6,6,3,-1,-1,-1,-1,-1,-1,-1,-1,0,-1
2020010251314,2020,010251314,2,9,0,9,9,3,8,0,0,8,0,0,0,0,1,1,6,6,3,-1,-1,-1,-1,-1,-1,-1,-1,0,-1
2020432003156,2020,432003156,1,9,0,18,19,2,6,0,0,1,0,0,0,0,1,1,6,6,2,33,6,-1,-1,-1,-1,-1,-1,0,-1
2020100972339,2020,100972339,3,9,0,2,2,5,1,0,0,0,0,0,0,0,4,1,6,6,3,-1,-1,-1,-1,-1,-1,-1,-1,0,-1
2020052002117,2020,052002117,1,23,0,18,19,5,1,0,0,8,1,0,0,0,4,1,2,2,1,33,6,-1,-1,-1,-1,1,E01006756,0,-1
2020302000410,2020,302000410,2,1,0,18,19,2,6,0,0,1,0,0,0,0,1,1,6,6,1,18,4,-1,-1,-1,-1,5,E01013595,0,-1
2020400951831,2020,400951831,2,1,0,18,19,2,6,0,0,8,5,0,0,0,1,1,6,6,1,50,8,-1,-1,-1,-1,3,E01017489,0,-1
2020010268716,2020,010268716,1,1,9,99,99,9,9,99,99,9,9,99,9,99,9,1,6,6,2,28,6,-1,-1,-1,-1,2,E01001894,0,-1
2020450992363,2020,450992363,1,9,0,18,19,1,5,0,0,0,0,0,0,0,1,1,1,1,1,55,8,-1,-1,-1,-1,4,E01030433,0,-1
2020410957914,2020,410957914,1,9,0,18,19,-1,-1,0,0,0,0,0,0,0,0,1,5,6,3,-1,-1,-1,-1,-1,-1,-1,-1,0,-1
2020460977407,2020,460977407,1,9,0,18,19,1,5,0,0,0,0,0,0,0,1,1,6,6,2,-1,-1,-1,-1,-1,-1,-1,-1,0,-1
2020991016099,2020,991016099,4,9,0,2,2,0,0,0,0,0,0,0,0,0,3,1,6,6,3,-1,-1,-1,-1,-1,-1,-1,-1,0,-1
2020040957761,2020,040957761,2,1,0,18,19,1,5,0,0,1,0,0,0,0,1,1,5,6,1,22,5,-1,-1,-1,-1,9,E01025436,0,-1
2020320482709,2020,320482709,1,1,0,17,19,3,7,0,0,0,0,4,0,0,1,1,6,6,1,51,8,-1,-1,-1,-1,10,E01026352,0,-1
2020221005877,2020,221005877,1,9,0,13,13,2,6,0,0,0,0,0,0,0,4,1,2,2,1,41,7,-1,-1,-1,-1,3,E01032242,0,-1
2020201018817,2020,201018817,1,9,0,9,9,6,4,0,0,5,0,0,0,0,2,1,1,1,3,-1,-1,-1,-1,-1,-1,-1,-1,0,-1
2020010246992,2020,010246992,1,1,9,99,99,9,9,99,99,0,9,99,9,99,9,1,6,6,1,14,3,-1,-1,-1,-1,8,E01003798,0,-1
2020040976599,2020,040976599,2,9,0,2,2,5,5,0,0,1,0,0,0,0,1,1,6,6,3,-1,-1,-1,-1,-1,-1,-1,-1,0,-1
2020160938117,2020,160938117,1,1,0,18,19,5,1,2,2,2,0,0,0,0,1,1,2,2,1,26,6,-1,-1,-1,-1,3,E01012872,0,-1
2020010272827,2020,010272827,2,19,9,18,19,4,8,99,99,8,9,0,0,0,3,9,6,6,3,-1,-1,-1,-1,-1,-1,-1,-1,0,-1
2020010250518,2020,010250518,4,9,0,5,5,1,5,0,0,0,0,0,0,0,2,1,1,1,1,40,7,-1,-1,-1,-1,8,E01021533,0,-1
202006P374932,2020,06P374932,2,1,0,18,19,5,1,0,0,0,0,0,0,0,3,1,6,6,1,30,6,-1,-1,-1,-1,8,E01005361,0,-1
2020501015766,2020,501015766,1,1,0,18,19,3,6,0,0,0,0,0,0,0,1,1,2,2,1,-1,-1,-1,-1,-1,-1,3,E01019991,0,-1
2020010247034,2020,010247034,2,1,0,18,19,5,1,0,0,1,0,0,0,0,4,-1,6,6,2,26,6,-1,-1,-1,-1,5,E01003327,0,-1
2020430046975,2020,430046975,2,4,0,18,19,8,4,0,0,8,0,0,0,0,1,1,2,2,1,49,8,-1,-1,-1,-1,4,E01016357,0,-1
202060Y146429,2020,60Y146429,1,4,0,16,19,2,6,0,0,0,0,0,7,11,1,1,6,6,1,49,8,-1,-1,-1,-1,-1,-1,0,-1
2020990963112,2020,990963112,1,9,0,18,19,2,6,0,0,0,0,0,0,0,1,1,2,2,1,31,6,-1,-1,-1,-1,4,-1,0,-1
2020332001205,2020,332001205,1,9,0,18,19,3,7,0,0,0,0,0,0,0,0,1,6,6,1,40,7,-1,-1,-1,-1,-1,-1,0,-1
2020010236138,2020,010236138,2,9,0,9,9,4,2,0,0,8,9,0,0,99,1,9,6,6,3,-1,-1,-1,-1,-1,-1,-1,-1,0,-1
2020460960726,2020,460960726,2,1,0,18,19,7,3,0,0,0,0,0,0,0,2,1,5,6,2,43,7,-1,-1,-1,-1,5,E01024208,0,-1
2020010284966,2020,010284966,1,11,0,18,19,1,5,0,0,8,0,0,0,0,3,1,1,1,1,63,9,-1,-1,-1,-1,3,E01003616,0,-1
2020010273527,2020,010273527,2,8,0,99,99,9,9,99,99,9,9,99,9,99,9,9,6,6,3,-1,-1,-1,-1,-1,-1,-1,-1,0,-1
2020040965836,2020,040965836,1,1,0,18,19,4,7,0,0,0,0,0,0,0,1,1,5,6,1,21,5,-1,-1,-1,-1,6,E01025004,0,-1
2020440080607,2020,440080607,2,1,0,18,19,8,5,0,0,8,0,0,0,0,1,1,2,2,1,51,8,-1,-1,-1,-1,8,E01022769,0,-1
2020470938737,2020,470938737,2,9,0,7,7,1,3,0,0,1,0,0,0,0,1,1,6,6,1,40,7,-1,-1,-1,-1,9,E01031493,0,-1
2020302001150,2020,302001150,1,9,0,3,3,3,2,0,0,8,0,0,0,0,1,1,6,6,1,26,6,-1,-1,-1,-1,7,E01013321,0,-1
2020200972084,2020,200972084,2,1,0,18,19,8,4,0,0,8,0,0,0,0,1,1,6,6,1,82,11,-1,-1,-1,-1,1,E01010455,0,-1
2020010230867,2020,010230867,1,1,9,99,99,9,9,99,99,9,9,99,9,99,9,1,2,2,2,24,5,-1,-1,-1,-1,2,E01001754,0,-1
2020040945571,2020,040945571,2,1,0,18,19,1,5,5,5,0,0,0,0,0,2,1,6,6,1,47,8,-1,-1,-1,-1,7,E01012718,0,-1
2020302001003,2020,302001003,1,19,0,2,2,0,0,0,0,1,0,0,0,0,1,1,1,1,3,-1,-1,-1,-1,-1,-1,-1,-1,0,-1
2020010245619,2020,010245619,2,1,0,18,19,1,5,0,0,2,0,0,0,0,2,1,6,6,1,22,5,-1,-1,-1,-1,-1,-1,0,-1
2020410990223,2020,410990223,1,19,0,18,19,8,4,0,0,0,0,0,0,0,1,1,6,6,3,-1,-1,-1,-1,-1,-1,-1,-1,0,-1
2020440497166,2020,440497166,1,1,0,18,19,5,2,0,0,0,0,0,0,0,3,1,6,6,1,17,4,-1,-1,-1,-1,3,E01017181,0,-1
2020460987996,2020,460987996,1,9,0,7,7,5,1,0,0,1,0,7,4,0,1,1,6,6,1,30,6,-1,-1,-1,-1,-1,-1,0,-1
2020350985461,2020,350985461,1,3,-1,-1,-1,-1,-1,-1,-1,-1,-1,-1,-1,0,-1,1,5,6,2,56,9,-1,-1,-1,-1,6,E01033121,0,-1
2020430283801,2020,430283801,2,1,0,9,9,3,1,0,0,8,0,0,0,0,4,1,6,6,1,45,7,-1,-1,-1,-1,-1,-1,0,-1
2020421005289,2020,421005289,1,9,0,-1,-1,-1,-1,-1,-1,0,-1,-1,-1,0,-1,1,6,6,3,-1,-1,-1,-1,-1,-1,-1,-1,0,-1
202060Y145032,2020,60Y145032,2,1,0,18,19,8,4,0,0,1,0,0,0,0,4,1,6,6,1,45,7,-1,-1,-1,-1,-1,-1,0,-1
2020470970998,2020,470970998,2,9,0,-1,-1,-1,-1,-1,-1,-1,-1,-1,-1,0,-1,1,6,6,3,-1,-1,-1,-1,-1,-1,-1,-1,0,-1
2020410964135,2020,410964135,2,1,0,16,19,1,4,0,0,0,1,0,0,0,0,1,5,6,1,-1,-1,-1,-1,-1,-1,10,E01023609,0,-1
2020460991631,2020,460991631,1,1,0,16,19,4,8,0,0,1,0,0,0,0,1,1,5,6,1,26,6,-1,-1,-1,-1,9,E01004542,0,-1
2020010255204,2020,010255204,1,1,9,99,99,9,9,99,99,9,9,99,9,99,1,-1,2,2,2,22,5,-1,-1,-1,-1,-1,-1,0,-1
2020400936884,2020,400936884,1,9,0,5,5,-1,-1,9,9,1,0,0,0,0,3,1,6,6,3,-1,-1,-1,-1,-1,-1,-1,-1,0,-1
2020052001235,2020,052001235,2,1,0,18,19,3,7,0,0,0,0,0,0,0,3,1,6,6,2,44,7,-1,-1,-1,-1,7,E01006368,0,-1
2020460973681,2020,460973681,2,9,0,2,2,0,0,0,0,0,0,0,0,0,2,1,6,6,3,-1,-1,-1,-1,-1,-1,-1,-1,0,-1
2020430074362,2020,430074362,2,1,0,18,19,8,4,0,0,0,0,0,0,0,4,1,6,6,1,40,7,-1,-1,-1,-1,6,E01016471,0,-1
2020221008992,2020,221008992,1,19,0,18,19,5,1,0,0,0,0,0,0,0,1,1,1,1,1,54,8,-1,-1,-1,-1,-1,-1,0,-1
2020410990500,2020,410990500,2,9,0,18,19,1,5,0,0,0,0,0,0,0,3,1,6,6,3,-1,-1,-1,-1,-1,-1,-1,-1,0,-1
2020010272016,2020,010272016,2,19,0,99,99,9,9,0,0,8,9,0,0,0,0,1,6,6,3,-1,-1,-1,-1,-1,-1,-1,-1,0,-1
2020410994571,2020,410994571,2,1,0,18,19,6,2,0,0,8,0,0,0,0,3,1,4,7,1,15,3,-1,-1,-1,-1,6,E01023921,0,-1
2020340E08222,2020,340E08222,2,1,0,18,19,3,7,0,0,8,0,0,0,0,2,1,2,2,1,54,8,-1,-1,-1,-1,5,E01027328,0,-1
2020370938449,2020,370938449,4,9,0,2,2,0,0,0,0,0,0,0,0,0,1,1,6,6,3,-1,-1,-1,-1,-1,-1,-1,-1,0,-1
202006A368096,2020,06A368096,1,9,0,18,19,5,3,0,0,2,0,0,0,0,1,1,6,6,2,55,8,-1,-1,-1,-1,3,E01005218,0,-1
2020200947137,2020,200947137,1,9,0,13,13,4,8,0,0,6,0,0,0,0,1,1,6,6,3,-1,-1,-1,-1,-1,-1,-1,-1,0,-1
2020200947513,2020,200947513,1,9,0,7,7,6,8,0,0,5,0,0,0,0,2,1,6,6,1,-1,-1,-1,-1,-1,-1,-1,-1,0,-1
2020010266799,2020,010266799,1,9,0,5,5,7,3,0,0,3,0,0,1,0,0,2,6,6,3,-1,-1,-1,-1,-1,-1,-1,-1,0,-1
2020522002928,2020,522002928,1,1,0,18,19,1,5,0,0,0,0,0,0,0,1,1,6,6,1,27,6,-1,-1,-1,-1,3,E01014540,0,-1
2020010243614,2020,010243614,1,1,9,99,99,9,9,99,99,1,9,99,9,99,9,1,6,6,1,41,7,-1,-1,-1,-1,7,E01002300,0,-1
2020010229895,2020,010229895,1,1,9,99,99,9,9,99,99,0,9,99,9,99,1,1,2,2,2,34,6,-1,-1,-1,-1,3,E01003182,0,-1
2020340N08302,2020,340N08302,2,1,0,18,19,7,3,0,0,8,0,0,0,0,2,1,6,6,1,50,8,-1,-1,-1,-1,-1,-1,0,-1
2020350997973,2020,350997973,1,9,0,18,19,-1,-1,0,0,0,0,0,0,0,1,1,6,6,1,36,7,-1,-1,-1,-1,7,E01018002,0,-1
2020010242225,2020,010242225,2,9,0,18,19,3,7,0,0,0,5,0,1,9,1,1,1,1,1,68,10,-1,-1,-1,-1,9,E01021335,0,-1
2020332000856,2020,332000856,2,9,0,5,5,2,6,0,0,0,0,0,0,0,1,1,6,6,1,34,6,-1,-1,-1,-1,1,E01013661,0,-1
202006P177759,2020,06P177759,2,9,0,10,10,6,4,0,0,8,0,0,0,0,1,1,6,6,1,34,6,-1,-1,-1,-1,-1,-1,0,-1
20201374U1783,2020,1374U1783,2,1,0,18,19,7,3,0,0,8,0,0,0,0,1,1,2,2,1,34,6,-1,-1,-1,-1,2,E01011163,0,-1
2020010250918,2020,010250918,1,1,9,99,99,9,9,99,99,8,9,99,9,99,9,1,2,2,1,-1,-1,-1,-1,-1,-1,2,E01004185,0,-1
2020031001149,2020,031001149,1,9,0,16,19,1,5,0,0,0,1,0,0,0,1,1,6,6,1,47,8,-1,-1,-1,-1,7,E01019331,0,-1
2020610013420,2020,610013420,2,1,0,18,19,5,1,0,0,1,0,0,0,0,4,1,6,6,1,53,8,-1,-1,-1,-1,7,W01001354,0,-1
2020010257309,2020,010257309,1,1,0,18,19,3,7,0,0,1,0,0,0,0,2,1,6,6,1,35,6,-1,-1,-1,-1,-1,-1,0,-1
2020010278902,2020,010278902,2,1,9,99,99,9,9,99,99,9,9,99,9,99,1,1,6,6,1,35,6,-1,-1,-1,-1,2,E01003310,0,-1
2020400960493,2020,400960493,1,1,0,18,19,7,1,0,0,3,0,0,0,0,2,1,5,6,1,57,9,-1,-1,-1,-1,6,E01017386,0,-1
202006E472633,2020,06E472633,1,1,0,18,19,6,2,0,0,8,0,0,0,0,1,1,6,6,1,30,6,-1,-1,-1,-1,-1,-1,0,-1
2020440288069,2020,440288069,1,-1,0,18,19,7,3,0,0,0,0,4,0,0,1,1,6,6,1,18,4,-1,-1,-1,-1,5,E01017013,1,-1
2020070098439,2020,070098439,1,19,0,1,1,2,6,0,0,0,0,0,0,0,2,1,6,6,1,-1,-1,-1,-1,-1,-1,-1,-1,0,-1
2020430376100,2020,430376100,1,9,0,18,19,8,4,0,0,0,1,0,7,11,1,1,4,7,2,43,7,-1,-1,-1,-1,10,E01031874,0,-1
2020332000722,2020,332000722,3,9,0,2,2,0,0,0,0,0,0,0,0,0,4,1,6,6,1,24,5,-1,-1,-1,-1,1,E01013725,0,-1
2020420952914,2020,420952914,2,9,0,2,2,5,1,0,0,0,0,0,0,0,3,1,6,6,3,-1,-1,-1,-1,-1,-1,-1,-1,0,-1
2020360966662,2020,360966662,2,1,0,18,19,-1,-1,9,9,0,0,0,0,0,1,1,5,6,2,63,9,-1,-1,-1,-1,4,E01026444,0,-1
2020160963251,2020,160963251,2,1,0,18,19,7,3,0,0,6,0,0,0,0,1,1,6,6,1,16,4,-1,-1,-1,-1,1,E01012928,0,-1
2020522100623,2020,522100623,1,9,0,12,12,4,8,0,0,1,0,0,0,0,3,1,6,6,1,48,8,-1,-1,-1,-1,9,E01014863,0,-1
2020332000668,2020,332000668,1,9,0,17,19,7,4,0,0,0,2,0,1,0,4,1,6,6,2,21,5,-1,-1,-1,-1,4,E01025957,0,-1
2020160932091,2020,160932091,2,9,0,18,19,4,7,0,0,0,0,0,0,0,0,1,6,6,2,34,6,-1,-1,-1,-1,-1,-1,0,-1
202006P273133,2020,06P273133,2,9,0,18,19,8,4,0,0,0,0,0,0,0,1,1,6,6,3,-1,-1,-1,-1,-1,-1,-1,-1,0,-1
2020010272509,2020,010272509,1,9,0,18,19,5,1,0,0,0,0,0,0,0,0,1,6,6,3,-1,-1,-1,-1,-1,-1,-1,-1,0,-1
2020211032173,2020,211032173,2,9,-1,-1,-1,-1,-1,-1,-1,0,-1,-1,-1,0,-1,1,1,1,1,39,7,-1,-1,-1,-1,-1,-1,0,-1
2020010285087,2020,010285087,1,1,9,99,99,9,9,99,99,0,9,99,9,99,9,1,6,6,1,19,4,-1,-1,-1,-1,6,E01001160,0,-1
2020010271387,2020,010271387,1,1,9,99,99,9,9,99,99,0,9,99,9,99,1,1,6,6,2,23,5,-1,-1,-1,-1,8,E01001906,0,-1
2020332001187,2020,332001187,2,9,0,2,2,0,0,0,0,0,0,0,0,0,0,1,6,6,3,-1,-1,-1,-1,-1,-1,-1,-1,0,-1
2020052000935,2020,052000935,2,9,0,18,19,1,5,0,0,0,0,0,0,0,1,1,6,6,3,-1,-1,-1,-1,-1,-1,-1,-1,0,-1
2020440049329,2020,440049329,1,9,0,18,19,5,2,0,0,4,0,0,7,7,0,1,6,6,1,51,8,-1,-1,-1,-1,8,E01031664,0,-1
202031A061620,2020,31A061620,1,21,1,18,19,6,2,0,0,0,0,0,0,0,1,1,1,1,3,-1,-1,-1,-1,-1,-1,-1,-1,0,-1
2020010243034,2020,010243034,1,9,0,9,9,5,3,0,0,5,1,0,0,0,1,1,3,7,1,47,8,-1,-1,-1,-1,5,E01001091,0,-1
2020400950963,2020,400950963,2,9,0,4,4,1,5,8,6,0,0,0,0,0,0,1,1,1,1,45,7,-1,-1,-1,-1,-1,-1,0,-1
2020100938793,2020,100938793,1,90,-1,4,4,1,5,0,0,0,0,0,0,0,1,1,6,6,3,-1,-1,-1,-1,-1,-1,-1,-1,0,-1
2020400956089,2020,400956089,1,9,0,18,19,1,5,0,0,0,0,0,0,0,1,1,6,6,3,-1,-1,-1,-1,-1,-1,-1,-1,0,-1
2020332001119,2020,332001119,1,9,0,18,19,5,1,0,0,0,0,0,0,0,0,1,6,6,3,-1,-1,-1,-1,-1,-1,-1,-1,0,-1
2020430069142,2020,430069142,1,1,0,15,15,4,8,0,0,0,1,0,0,0,1,1,6,6,1,29,6,-1,-1,-1,-1,10,E01030691,0,-1
2020430380232,2020,430380232,1,97,0,18,19,5,1,0,0,8,0,0,0,0,3,1,6,6,1,33,6,-1,-1,-1,-1,6,E01016348,0,-1
2020220948202,2020,220948202,2,90,0,18,19,6,2,0,0,0,0,0,0,0,0,1,6,6,1,34,6,-1,-1,-1,-1,-1,-1,0,-1
2020332001143,2020,332001143,2,9,0,18,19,8,4,0,0,0,0,0,0,0,0,1,1,1,1,-1,-1,-1,-1,-1,-1,-1,-1,0,-1
2020070730779,2020,070730779,1,23,0,18,19,7,3,0,0,0,0,0,0,0,1,1,6,6,1,16,4,-1,-1,-1,-1,2,E01014359,0,-1
2020010257210,2020,010257210,1,9,0,18,19,5,1,0,0,2,0,7,0,0,1,2,1,1,1,50,8,-1,-1,-1,-1,4,E01002398,0,-1
2020470926807,2020,470926807,2,1,0,18,19,3,7,0,0,8,0,0,0,0,4,1,6,6,1,45,7,-1,-1,-1,-1,9,E01031590,0,-1
2020460980232,2020,460980232,2,9,0,16,19,6,2,0,0,0,0,0,1,0,3,1,5,6,1,26,6,-1,-1,-1,-1,2,E01023974,0,-1
2020401010383,2020,401010383,1,9,0,9,9,5,3,0,0,6,1,0,1,0,1,1,2,2,2,45,7,-1,-1,-1,-1,2,E01026844,0,-1
2020010229259,2020,010229259,1,1,9,99,99,9,9,99,99,9,9,99,9,99,9,1,2,2,1,45,7,-1,-1,-1,-1,5,E01001737,0,-1
2020220974360,2020,220974360,2,1,0,18,19,2,6,0,0,3,0,0,0,0,3,1,5,6,1,57,9,-1,-1,-1,-1,9,E01032323,0,-1
2020010267518,2020,010267518,2,1,0,18,19,3,7,0,0,1,0,0,0,0,1,1,6,6,2,26,6,-1,-1,-1,-1,9,E01017988,0,-1
2020010260977,2020,010260977,2,1,0,18,19,1,5,0,0,1,0,0,0,0,1,1,2,2,1,24,5,-1,-1,-1,-1,4,E01002088,0,-1
202006K176072,2020,06K176072,1,9,0,18,19,2,6,0,0,1,0,0,0,0,1,1,6,6,3,-1,-1,-1,-1,-1,-1,-1,-1,0,-1
2020010251840,2020,010251840,2,9,0,99,99,9,9,99,99,9,9,99,9,99,9,9,6,6,3,-1,-1,-1,-1,-1,-1,-1,-1,0,-1
2020010274069,2020,010274069,2,1,0,7,7,1,3,2,2,1,0,0,0,0,0,1,6,6,1,41,7,-1,-1,-1,-1,5,E01002885,0,-1
2020200970289,2020,200970289,1,9,0,18,19,6,2,0,0,0,0,0,0,0,4,1,6,6,3,-1,-1,-1,-1,-1,-1,-1,-1,0,-1
2020052001283,2020,052001283,1,19,0,18,19,2,6,0,0,0,0,0,0,0,4,1,1,1,3,-1,-1,-1,-1,-1,-1,-1,-1,0,-1
2020552000012,2020,552000012,1,9,0,18,19,2,6,0,0,0,0,0,0,0,1,1,6,6,3,-1,-1,-1,-1,-1,-1,-1,-1,0,-1
2020122000158,2020,122000158,2,19,0,9,9,7,3,0,0,5,0,0,3,0,1,1,1,1,1,49,8,-1,-1,-1,-1,5,E01027723,0,-1
2020010239501,2020,010239501,2,1,0,15,15,8,4,0,0,0,0,0,0,0,1,1,1,1,2,26,6,-1,-1,-1,-1,3,E01000545,0,-1
2020990924867,2020,990924867,1,9,0,18,19,1,5,0,0,0,0,0,0,0,0,1,6,6,3,40,7,-1,-1,-1,-1,-1,-1,0,-1
2020010269674,2020,010269674,1,1,9,99,99,9,9,99,99,0,9,99,9,99,9,1,2,2,1,56,9,-1,-1,-1,-1,3,E01001445,0,-1
2020360953761,2020,360953761,1,98,4,18,19,2,6,0,0,0,0,0,0,0,1,1,1,1,3,-1,-1,-1,-1,-1,-1,-1,-1,0,-1
2020010240073,2020,010240073,1,1,9,99,99,9,9,99,99,0,9,99,9,99,2,1,2,2,2,29,6,-1,-1,-1,-1,3,E01000900,0,-1
2020450971970,2020,450971970,1,1,0,18,19,3,7,9,9,0,1,0,0,0,1,1,5,6,1,22,5,-1,-1,-1,-1,10,E01030541,0,-1
2020160968899,2020,160968899,2,1,0,18,19,7,3,0,0,0,0,0,0,0,2,1,6,6,1,76,11,-1,-1,-1,-1,-1,-1,0,-1
2020010252387,2020,010252387,2,1,0,13,13,5,1,0,0,8,0,0,0,0,3,1,6,6,1,29,6,-1,-1,-1,-1,4,E01001711,0,-1
2020420964562,2020,420964562,1,1,0,18,19,3,8,0,0,0,5,0,1,0,0,1,5,6,1,61,9,-1,-1,-1,-1,8,E01021735,0,-1
2020530925942,2020,530925942,1,9,0,-1,-1,-1,-1,-1,-1,0,-1,-1,-1,0,-1,1,6,6,3,-1,-1,-1,-1,-1,-1,-1,-1,0,-1
2020332001161,2020,332001161,1,19,0,18,19,5,1,0,0,0,0,0,0,0,0,1,6,6,1,37,7,-1,-1,-1,-1,-1,-1,0,-1
2020460994854,2020,460994854,1,21,1,18,19,1,5,0,0,0,0,0,0,0,3,1,1,1,1,51,8,-1,-1,-1,-1,-1,-1,0,-1
2020990933075,2020,990933075,1,9,0,9,9,6,3,0,0,8,0,0,0,0,1,1,1,1,1,54,8,-1,-1,-1,-1,9,-1,0,-1
2020420947918,2020,420947918,1,9,0,18,19,6,2,0,0,0,0,0,0,0,1,1,6,6,1,29,6,-1,-1,-1,-1,-1,-1,0,-1
2020450918423,2020,450918423,1,9,0,18,19,1,5,0,0,0,0,0,0,0,3,1,6,6,1,38,7,-1,-1,-1,-1,-1,-1,0,-1
2020430254038,2020,430254038,2,1,0,7,7,4,6,0,0,6,0,0,0,0,2,1,6,6,1,48,8,-1,-1,-1,-1,10,E01016607,0,-1
20201373P1057,2020,1373P1057,2,1,0,18,19,4,8,0,0,0,0,0,1,10,0,1,6,6,1,14,3,-1,-1,-1,-1,5,E01011192,0,-1
2020552000531,2020,552000531,1,9,0,1,1,7,3,0,0,1,0,0,0,0,2,1,6,6,3,-1,-1,-1,-1,-1,-1,-1,-1,0,-1
202031C173120,2020,31C173120,1,1,0,18,19,5,1,9,9,8,0,0,0,0,1,1,6,6,1,54,8,-1,-1,-1,-1,6,E01013978,0,-1
2020122000939,2020,122000939,1,9,0,4,4,1,5,0,0,1,0,0,0,0,4,1,6,6,3,-1,-1,-1,-1,-1,-1,-1,-1,0,-1
202006J275978,2020,06J275978,2,9,0,18,19,6,2,0,0,8,0,0,0,0,2,1,1,1,1,45,7,-1,-1,-1,-1,3,E01005316,0,-1
2020210942899,2020,210942899,3,9,0,2,2,0,0,0,0,0,0,0,1,0,2,1,6,6,3,-1,-1,-1,-1,-1,-1,-1,-1,0,-1
2020200920310,2020,200920310,1,9,0,7,7,-1,-1,0,0,6,0,0,0,0,1,1,6,6,2,31,6,-1,-1,-1,-1,6,E01009034,0,-1
2020430113077,2020,430113077,2,9,0,2,2,0,0,0,0,0,0,0,0,0,1,1,1,1,1,39,7,-1,-1,-1,-1,4,E01000229,0,-1
2020430097044,2020,430097044,2,9,0,18,19,2,6,0,0,0,0,0,0,0,1,1,6,6,1,-1,-1,-1,-1,-1,-1,-1,-1,0,-1
2020522003043,2020,522003043,1,1,0,18,19,3,7,0,0,8,0,0,0,0,2,1,6,6,1,55,8,-1,-1,-1,-1,8,E01031939,0,-1
2020010243362,2020,010243362,2,9,0,18,19,5,1,0,0,0,0,0,0,0,1,1,6,6,3,-1,-1,-1,-1,-1,-1,-1,-1,0,-1
2020500947130,2020,500947130,1,9,0,18,19,-1,-1,0,0,0,0,0,0,0,1,1,6,6,3,-1,-1,-1,-1,-1,-1,-1,-1,0,-1
2020010267857,2020,010267857,2,9,9,99,99,9,9,99,99,9,9,99,9,99,9,9,6,6,3,-1,-1,-1,-1,-1,-1,-1,-1,0,-1
2020522005186,2020,522005186,1,9,0,15,15,7,3,0,0,8,0,0,0,0,4,1,6,6,2,31,6,-1,-1,-1,-1,2,E01014601,0,-1
2020320103504,2020,320103504,1,9,0,18,19,5,1,0,0,0,0,0,7,4,1,1,6,6,1,20,4,-1,-1,-1,-1,9,E01026231,0,-1
2020450958595,2020,450958595,2,90,0,18,19,1,6,0,0,0,0,0,0,0,1,1,6,6,1,33,6,-1,-1,-1,-1,-1,-1,0,-1
2020440381770,2020,440381770,2,9,0,18,19,1,5,0,0,8,0,0,0,0,2,1,6,6,1,37,7,-1,-1,-1,-1,10,E01022531,0,-1
2020200944918,2020,200944918,1,9,0,5,5,1,5,0,0,4,0,4,8,0,2,1,6,6,3,-1,-1,-1,-1,-1,-1,-1,-1,0,-1
2020440341617,2020,440341617,1,9,0,9,9,1,7,0,0,8,0,0,0,0,0,1,6,6,1,18,4,-1,-1,-1,-1,7,E01023179,0,-1
2020991002256,2020,991002256,2,1,0,18,19,1,5,4,4,1,0,0,0,0,4,1,5,6,1,30,6,-1,-1,-1,-1,2,-1,0,-1