collision_index,collision_year,collision_ref_no,vehicle_reference,vehicle_type,towing_and_articulation,vehicle_manoeuvre_historic,vehicle_manoeuvre,vehicle_direction_from,vehicle_direction_to,vehicle_location_restricted_lane_historic,vehicle_location_restricted_lane,junction_location,skidding_and_overturning,hit_object_in_carriageway,vehicle_leaving_carriageway,hit_object_off_carriageway,first_point_of_impact,vehicle_left_hand_drive,journey_purpose_of_driver_historic,journey_purpose_of_driver,sex_of_driver,age_of_driver,age_band_of_driver,engine_capacity_cc,propulsion_code,age_of_vehicle,generic_make_model,driver_imd_decile,lsoa_of_driver,escooter_flag,driver_distance_banding
2020160946569,2020,160946569,2,1,0,9,9,5,2,0,0,4,0,0,0,0,3,1,2,2,1,31,6,-1,-1,-1,-1,8,E01013262,0,-1
2020010264364,2020,010264364,2,9,0,99,99,9,9,99,99,9,9,99,9,99,4,9,6,6,3,-1,-1,-1,-1,-1,-1,-1,-1,0,-1
2020010234379,2020,010234379,2,1,0,18,19,3,7,0,0,1,0,0,0,0,2,-1,2,2,1,32,6,-1,-1,-1,-1,5,E01002449,0,-1
2020010245930,2020,010245930,2,9,0,15,15,6,2,0,0,4,9,0,0,99,3,9,6,6,1,-1,-1,-1,-1,-1,-1,-1,-1,0,-1
2020332000442,2020,332000442,2,9,0,18,19,1,5,0,0,4,0,0,0,0,4,1,6,6,2,79,11,-1,-1,-1,-1,8,E01025768,0,-1
2020161006021,2020,161006021,2,1,0,18,19,5,1,0,0,8,0,0,0,0,1,1,3,7,1,18,4,-1,-1,-1,-1,1,E01013140,0,-1
2020010282296,2020,010282296,2,1,0,4,4,1,5,0,0,1,5,0,0,0,4,1,6,6,2,46,8,-1,-1,-1,-1,2,E01002881,0,-1
2020010280684,2020,010280684,1,19,0,18,19,1,5,0,0,1,0,0,0,0,1,1,6,6,3,-1,-1,-1,-1,-1,-1,-1,-1,0,-1
2020350998601,2020,350998601,4,98,1,4,4,4,8,0,0,0,0,0,0,0,0,1,6,6,3,-1,-1,-1,-1,-1,-1,-1,-1,0,-1
2020410942086,2020,410942086,1,9,0,18,19,5,6,0,0,0,0,0,0,0,1,1,5,6,1,44,7,-1,-1,-1,-1,3,E01015761,0,-1
2020010256457,2020,010256457,1,-1,0,99,99,9,9,9,9,1,0,0,0,0,4,9,6,6,3,-1,-1,-1,-1,-1,-1,-1,-1,1,-1
2020010251390,2020,010251390,1,3,0,18,19,7,3,0,0,0,0,0,0,0,1,1,1,1,2,20,4,-1,-1,-1,-1,3,E01000062,0,-1
2020420918287,2020,420918287,2,19,0,2,2,0,0,6,6,0,0,0,0,0,2,1,6,6,3,-1,-1,-1,-1,-1,-1,-1,-1,0,-1
2020010251475,2020,010251475,1,9,0,9,9,7,4,9,9,1,0,10,7,11,1,1,6,6,1,34,6,-1,-1,-1,-1,3,E01003915,0,-1
2020420971839,2020,420971839,2,1,0,18,19,8,4,0,0,8,0,0,0,0,1,1,5,6,1,43,7,-1,-1,-1,-1,9,E01021757,0,-1
2020420965829,2020,420965829,1,9,0,7,7,2,4,0,0,1,0,0,0,0,1,1,6,6,3,-1,-1,-1,-1,-1,-1,-1,-1,0,-1
2020543922020,2020,543922020,2,1,0,5,5,5,1,0,0,0,0,0,0,0,3,1,6,6,1,64,9,-1,-1,-1,-1,6,E01015585,0,-1
2020361009891,2020,361009891,2,1,0,-1,-1,-1,-1,-1,-1,0,-1,-1,-1,0,2,1,4,7,1,13,3,-1,-1,-1,-1,1,E01026690,0,-1
2020430316895,2020,430316895,2,19,0,18,19,7,3,0,0,0,0,0,0,0,3,1,6,6,3,-1,-1,-1,-1,-1,-1,-1,-1,0,-1
2020470992575,2020,470992575,2,1,0,18,19,7,3,9,9,8,0,0,0,0,1,1,4,7,1,14,3,-1,-1,-1,-1,7,E01031438,0,-1
2020170H10220,2020,170H10220,1,9,0,14,14,1,5,0,0,1,0,0,0,0,4,1,6,6,3,-1,-1,-1,-1,-1,-1,-1,-1,0,-1
2020450978101,2020,450978101,4,11,0,5,5,6,2,0,0,2,0,0,0,0,0,1,6,6,3,-1,-1,-1,-1,-1,-1,-1,-1,0,-1
2020010233920,2020,010233920,2,9,0,99,99,9,9,99,99,9,9,99,9,99,1,9,6,6,3,-1,-1,-1,-1,-1,-1,-1,-1,0,-1
2020200947405,2020,200947405,1,9,0,5,5,-1,-1,0,0,0,0,0,0,0,0,1,6,6,1,-1,-1,-1,-1,-1,-1,-1,-1,0,-1
2020010264451,2020,010264451,1,1,9,99,99,9,9,99,99,9,9,99,9,99,1,1,6,6,1,33,6,-1,-1,-1,-1,2,E01001667,0,-1
20201378A1750,2020,1378A1750,1,9,0,18,19,4,8,0,0,0,0,0,0,0,4,1,6,6,3,-1,-1,-1,-1,-1,-1,-1,-1,0,-1
2020332000314,2020,332000314,1,9,0,16,19,4,7,0,0,0,1,0,1,9,1,1,6,6,2,19,4,-1,-1,-1,-1,8,E01025812,0,-1
2020332000664,2020,332000664,2,9,0,18,19,3,7,0,0,0,0,0,0,0,1,1,6,6,1,46,8,-1,-1,-1,-1,8,E01025643,0,-1
2020430314561,2020,430314561,2,1,0,18,19,1,5,0,0,8,0,0,0,0,2,1,6,6,1,48,8,-1,-1,-1,-1,6,E01033417,0,-1
2020141000419,2020,141000419,2,9,0,2,2,3,7,0,0,0,0,0,0,0,3,1,5,6,1,34,6,-1,-1,-1,-1,1,E01007902,0,-1
2020160951270,2020,160951270,2,98,0,5,5,5,1,0,0,0,0,0,0,0,4,1,1,1,1,-1,-1,-1,-1,-1,-1,-1,-1,0,-1
2020170H10750,2020,170H10750,1,9,0,1,1,5,1,0,0,1,0,0,0,0,2,1,6,6,1,24,5,-1,-1,-1,-1,7,E01011969,0,-1
2020302001315,2020,302001315,2,1,0,18,19,5,1,0,0,1,0,0,1,0,1,1,6,6,1,37,7,-1,-1,-1,-1,5,E01019861,0,-1
2020450932278,2020,450932278,1,1,0,18,19,3,7,0,0,0,0,0,0,0,3,1,2,2,1,46,8,-1,-1,-1,-1,10,E01030891,0,-1
2020100943281,2020,100943281,2,1,0,18,19,8,4,0,0,1,2,4,0,0,1,1,5,6,1,57,9,-1,-1,-1,-1,4,E01008230,0,-1
2020440318047,2020,440318047,1,9,0,18,19,5,1,0,0,0,1,0,1,7,4,1,1,1,1,28,6,-1,-1,-1,-1,6,E01023143,0,-1
2020010259934,2020,010259934,1,11,0,18,19,5,1,0,0,8,0,0,0,0,1,1,1,1,1,53,8,-1,-1,-1,-1,3,E01002400,0,-1
2020400988083,2020,400988083,2,1,0,18,19,3,7,0,0,8,0,12,-1,0,1,1,5,6,1,32,6,-1,-1,-1,-1,3,E01017500,0,-1
2020010284275,2020,010284275,1,20,0,99,99,9,9,99,99,9,9,99,9,99,1,9,6,6,3,-1,-1,-1,-1,-1,-1,-1,-1,0,-1
2020170S21330,2020,170S21330,1,9,0,18,19,7,3,0,0,2,0,0,0,0,3,1,6,6,1,50,8,-1,-1,-1,-1,6,E01012279,0,-1
2020450947788,2020,450947788,1,1,0,4,4,1,1,0,0,1,2,0,0,0,1,1,5,6,1,50,8,-1,-1,-1,-1,9,E01030817,0,-1
202006L173304,2020,06L173304,3,9,0,4,4,3,7,0,0,1,0,0,0,0,1,1,6,6,1,32,6,-1,-1,-1,-1,9,E01006373,0,-1
2020430251229,2020,430251229,2,1,0,18,19,5,1,4,4,0,0,0,0,0,3,1,6,6,1,56,9,-1,-1,-1,-1,10,E01028565,0,-1
2020350994438,2020,350994438,1,1,0,5,5,1,5,4,4,0,5,4,0,0,1,1,2,2,1,17,4,-1,-1,-1,-1,8,E01017992,0,-1
2020010280735,2020,010280735,2,1,0,7,7,1,3,0,0,2,0,0,0,0,4,1,6,6,2,-1,-1,-1,-1,-1,-1,-1,-1,0,-1
2020010261804,2020,010261804,1,1,0,9,9,7,5,0,0,6,0,0,0,0,1,1,2,2,2,24,5,-1,-1,-1,-1,6,E01003366,0,-1
2020522002411,2020,522002411,1,1,0,10,10,5,3,0,0,1,0,0,0,0,3,1,6,6,1,21,5,-1,-1,-1,-1,9,E01014440,0,-1
2020040927881,2020,040927881,1,9,0,9,9,7,4,0,0,1,0,0,0,0,1,1,6,6,3,-1,-1,-1,-1,-1,-1,-1,-1,0,-1
2020161004955,2020,161004955,2,1,0,18,19,7,3,0,0,1,0,0,0,0,1,1,6,6,2,13,3,-1,-1,-1,-1,8,E01013190,0,-1
2020010264420,2020,010264420,2,9,0,9,9,2,8,0,0,6,0,0,0,0,3,1,6,6,3,-1,-1,-1,-1,-1,-1,-1,-1,0,-1
2020010265276,2020,010265276,1,1,9,99,99,9,9,99,99,9,9,99,9,99,9,1,2,2,2,46,8,-1,-1,-1,-1,5,E01001525,0,-1
20201377A1628,2020,1377A1628,1,2,0,18,19,5,1,9,9,0,0,10,1,11,1,1,6,6,1,15,3,-1,-1,-1,-1,2,E01011274,0,-1
202060Y183786,2020,60Y183786,2,9,0,16,19,3,7,0,0,0,0,0,0,0,1,1,1,1,1,28,6,-1,-1,-1,-1,-1,-1,0,-1
2020440081620,2020,440081620,2,9,0,4,4,4,8,0,0,0,0,0,0,0,2,1,6,6,3,-1,-1,-1,-1,-1,-1,-1,-1,0,-1
2020991001980,2020,991001980,2,1,0,18,19,1,5,0,0,1,0,0,0,0,1,1,2,2,1,24,5,-1,-1,-1,-1,7,-1,0,-1
2020010265547,2020,010265547,2,8,0,99,99,9,9,99,99,9,9,99,9,99,9,9,6,6,1,47,8,-1,-1,-1,-1,6,E01000165,0,-1
2020010234386,2020,010234386,2,1,0,18,19,5,1,0,0,1,0,0,0,0,1,-1,1,1,1,38,7,-1,-1,-1,-1,3,E01001190,0,-1
2020101004055,2020,101004055,2,1,0,18,19,1,5,0,0,0,0,0,0,0,3,1,6,6,1,11,3,-1,-1,-1,-1,-1,-1,0,-1
2020010267793,2020,010267793,1,1,9,99,99,9,9,99,99,9,9,99,9,99,1,1,2,2,1,26,6,-1,-1,-1,-1,4,E01003053,0,-1
2020500924504,2020,500924504,2,2,0,17,19,5,1,0,0,0,0,0,0,0,1,1,5,6,1,16,4,-1,-1,-1,-1,3,E01019036,0,-1
2020010268940,2020,010268940,1,1,9,99,99,9,9,99,99,9,9,99,9,99,9,1,6,6,1,29,6,-1,-1,-1,-1,4,E01001903,0,-1
2020010279228,2020,010279228,1,9,9,99,99,9,9,99,99,9,9,99,9,99,9,9,6,6,3,-1,-1,-1,-1,-1,-1,-1,-1,0,-1
2020450939402,2020,450939402,1,1,0,18,19,7,3,0,0,1,0,0,0,0,4,1,2,2,1,55,8,-1,-1,-1,-1,10,E01030624,0,-1
2020200955004,2020,200955004,2,1,0,18,19,8,4,0,0,8,0,0,0,0,3,1,6,6,1,44,7,-1,-1,-1,-1,7,E01032039,0,-1
2020010256395,2020,010256395,2,1,0,18,19,5,1,0,0,1,0,0,0,0,1,1,6,6,1,40,7,-1,-1,-1,-1,5,E01004503,0,-1
2020010276692,2020,010276692,1,10,0,99,99,9,9,99,99,9,9,99,9,99,1,1,6,6,3,-1,-1,-1,-1,-1,-1,3,E01024307,0,-1
2020010269149,2020,010269149,2,9,0,18,19,7,3,0,0,0,0,0,0,0,4,1,6,6,1,56,9,-1,-1,-1,-1,5,E01002344,0,-1
2020451001209,2020,451001209,2,98,0,7,7,7,3,0,0,8,0,0,0,0,3,1,6,6,3,33,6,-1,-1,-1,-1,-1,-1,0,-1
2020170M30390,2020,170M30390,2,9,0,18,19,1,5,0,0,0,0,0,0,0,1,1,6,6,1,37,7,-1,-1,-1,-1,7,E01012207,0,-1
2020460988385,2020,460988385,1,9,0,18,19,1,5,0,0,0,0,0,0,0,1,1,6,6,3,-1,-1,-1,-1,-1,-1,-1,-1,0,-1
2020360933421,2020,360933421,1,9,0,18,19,1,5,0,0,1,0,0,0,0,1,1,6,6,1,65,9,-1,-1,-1,-1,4,E01015712,0,-1
2020010291789,2020,010291789,1,1,9,99,99,9,9,99,99,9,9,99,9,99,2,1,2,2,1,51,8,-1,-1,-1,-1,4,E01004565,0,-1
2020010232100,2020,010232100,1,1,9,99,99,9,9,99,99,9,9,99,9,99,9,1,2,2,1,-1,-1,-1,-1,-1,-1,4,E01004576,0,-1
2020460959789,2020,460959789,1,97,0,7,7,3,7,0,0,0,0,0,0,0,1,1,6,6,1,-1,-1,-1,-1,-1,-1,-1,-1,0,-1
2020010236916,2020,010236916,1,9,0,18,19,5,1,0,0,3,0,0,0,0,2,2,6,6,1,28,6,-1,-1,-1,-1,2,E01000223,0,-1
2020010283679,2020,010283679,2,1,0,18,19,5,1,4,4,1,0,0,0,0,1,1,6,6,1,34,6,-1,-1,-1,-1,1,E01004273,0,-1
2020201009661,2020,201009661,2,1,0,18,19,1,5,0,0,8,0,0,0,0,2,1,6,6,1,30,6,-1,-1,-1,-1,3,E01008952,0,-1
2020030977775,2020,030977775,1,9,0,7,7,1,5,0,0,0,0,0,0,0,1,1,1,1,1,-1,-1,-1,-1,-1,-1,4,E01012714,0,-1
2020010273644,2020,010273644,1,1,9,99,99,9,9,99,99,9,9,99,9,99,1,1,6,6,1,70,10,-1,-1,-1,-1,9,E01003875,0,-1
2020010243978,2020,010243978,1,1,0,99,99,9,9,0,0,0,0,0,0,0,3,1,6,6,2,48,8,-1,-1,-1,-1,9,E01003847,0,-1
2020430255562,2020,430255562,2,9,0,18,19,6,2,0,0,8,0,0,0,0,1,1,6,6,2,45,7,-1,-1,-1,-1,5,E01016577,0,-1
2020010276857,2020,010276857,1,1,9,99,99,9,9,99,99,9,9,99,9,99,9,1,6,6,2,57,9,-1,-1,-1,-1,7,E01000704,0,-1
202060Y165501,2020,60Y165501,2,5,0,17,19,5,2,0,0,1,0,0,0,0,1,1,6,6,1,41,7,-1,-1,-1,-1,-1,-1,0,-1
2020010256599,2020,010256599,2,-1,0,18,19,3,7,0,0,5,0,0,0,0,0,1,6,6,2,21,5,-1,-1,-1,-1,3,E01001445,1,-1
2020332000550,2020,332000550,2,9,0,18,19,7,3,0,0,6,0,0,0,0,1,1,6,6,1,-1,-1,-1,-1,-1,-1,1,E01013633,0,-1
202031B142720,2020,31B142720,2,21,0,18,19,8,4,0,0,0,0,0,0,0,0,1,6,6,3,-1,-1,-1,-1,-1,-1,-1,-1,0,-1
2020332000658,2020,332000658,1,9,0,18,19,7,3,0,0,8,0,0,0,0,1,1,6,6,2,31,6,-1,-1,-1,-1,1,E01013652,0,-1
2020320072000,2020,320072000,1,9,0,2,2,5,1,0,0,2,0,0,0,0,4,1,2,2,2,32,6,-1,-1,-1,-1,2,E01026156,0,-1
2020010279200,2020,010279200,1,2,0,99,99,9,9,99,99,0,9,99,9,99,1,1,6,6,3,-1,-1,-1,-1,-1,-1,-1,-1,0,-1
2020460950830,2020,460950830,1,9,0,7,7,1,5,0,0,8,0,0,0,0,1,1,6,6,1,30,6,-1,-1,-1,-1,-1,-1,0,-1
2020500934195,2020,500934195,1,9,0,9,9,7,3,0,0,5,0,0,0,0,1,1,5,6,1,68,10,-1,-1,-1,-1,2,E01018949,0,-1
2020230942872,2020,230942872,3,1,0,17,19,3,8,0,0,0,0,0,1,0,3,1,5,6,1,57,9,-1,-1,-1,-1,8,E01010209,0,-1
2020010262300,2020,010262300,2,1,0,5,5,1,5,0,0,1,0,0,0,0,1,1,6,6,1,26,6,-1,-1,-1,-1,3,E01001856,0,-1
2020010261437,2020,010261437,2,97,9,99,99,9,9,99,99,0,9,99,9,99,9,1,6,6,1,-1,-1,-1,-1,-1,-1,-1,-1,0,-1
2020552000938,2020,552000938,2,1,0,16,19,2,6,0,0,1,0,0,0,0,3,1,6,6,2,48,8,-1,-1,-1,-1,6,E01015324,0,-1
2020010277456,2020,010277456,1,1,9,99,99,9,9,99,99,9,9,99,9,99,2,1,2,2,1,25,5,-1,-1,-1,-1,6,E01002022,0,-1
2020010234668,2020,010234668,1,1,9,99,99,9,9,99,99,9,9,99,9,99,9,1,2,2,1,51,8,-1,-1,-1,-1,5,E01000583,0,-1
2020160946431,2020,160946431,2,1,0,18,19,1,5,0,0,0,0,0,0,0,3,1,6,6,1,5,1,-1,-1,-1,-1,10,E01013116,0,-1
2020401000029,2020,401000029,1,19,0,18,19,4,8,0,0,1,0,0,0,0,1,1,6,6,3,-1,-1,-1,-1,-1,-1,-1,-1,0,-1
2020010258242,2020,010258242,2,9,0,99,99,9,9,99,99,4,9,99,9,99,1,9,6,6,3,-1,-1,-1,-1,-1,-1,-1,-1,0,-1
2020332000321,2020,332000321,2,1,0,18,19,6,2,0,0,0,0,0,0,0,1,1,6,6,2,12,3,-1,-1,-1,-1,1,E01013601,0,-1
2020471008056,2020,471008056,2,1,0,18,19,3,7,0,0,8,1,0,0,0,4,1,6,6,1,22,5,-1,-1,-1,-1,7,E01031488,0,-1
2020440195857,2020,440195857,1,9,0,9,9,1,5,0,0,4,0,0,0,0,1,1,6,6,1,76,11,-1,-1,-1,-1,7,E01023066,0,-1
202006E170882,2020,06E170882,2,9,0,18,19,7,3,0,0,8,0,0,0,0,1,1,6,6,2,46,8,-1,-1,-1,-1,3,E01005241,0,-1
2020460972547,2020,460972547,1,9,0,4,4,1,5,0,0,1,0,0,0,0,1,1,6,6,3,-1,-1,-1,-1,-1,-1,-1,-1,0,-1
2020010239106,2020,010239106,2,9,0,99,99,9,9,99,99,9,9,99,9,99,9,9,6,6,3,-1,-1,-1,-1,-1,-1,9,E01014908,0,-1
2020451005631,2020,451005631,1,9,0,16,19,5,1,0,0,0,0,0,0,0,1,1,2,2,1,42,7,-1,-1,-1,-1,3,E01001053,0,-1
2020010252312,2020,010252312,1,9,0,3,3,2,6,2,2,1,0,99,0,0,1,1,6,6,2,-1,-1,-1,-1,-1,-1,-1,-1,0,-1
2020450991692,2020,450991692,1,1,0,18,19,1,4,0,0,0,0,0,0,0,1,1,6,6,1,55,8,-1,-1,-1,-1,10,E01030508,0,-1
2020010279363,2020,010279363,2,1,9,99,99,9,9,99,99,9,9,99,9,99,9,1,6,6,1,-1,-1,-1,-1,-1,-1,-1,-1,0,-1
2020531007232,2020,531007232,2,9,0,2,2,0,0,0,0,0,0,0,0,0,1,1,6,6,3,-1,-1,-1,-1,-1,-1,-1,-1,0,-1
2020340N02082,2020,340N02082,1,-1,0,17,19,3,7,0,0,2,5,0,0,0,1,1,6,6,1,17,4,-1,-1,-1,-1,9,E01027212,1,-1
202006N274284,2020,06N274284,2,20,0,9,9,5,3,0,0,8,0,0,0,0,1,1,6,6,3,-1,-1,-1,-1,-1,-1,-1,-1,0,-1
202060Y167072,2020,60Y167072,1,98,0,18,19,7,3,0,0,0,0,0,1,11,1,1,6,6,1,26,6,-1,-1,-1,-1,-1,-1,0,-1
2020010280477,2020,010280477,2,1,0,18,19,3,7,0,0,0,0,0,0,0,1,1,1,1,1,32,6,-1,-1,-1,-1,2,E01002545,0,-1
2020160921054,2020,160921054,2,9,0,18,19,2,6,0,0,1,0,0,0,0,1,1,6,6,3,-1,-1,-1,-1,-1,-1,-1,-1,0,-1
2020460942722,2020,460942722,1,9,0,16,19,8,3,0,0,0,0,0,0,0,0,1,6,6,3,-1,-1,-1,-1,-1,-1,-1,-1,0,-1
2020370987497,2020,370987497,2,1,0,18,19,4,8,0,0,0,0,0,0,0,4,1,6,6,2,16,4,-1,-1,-1,-1,7,E01030200,0,-1
2020440402609,2020,440402609,2,16,0,3,3,1,6,0,0,1,0,0,0,0,0,1,6,6,2,52,8,-1,-1,-1,-1,5,E01022996,0,-1
2020990957171,2020,990957171,2,1,0,18,19,7,3,0,0,0,5,0,0,0,3,1,5,6,1,64,9,-1,-1,-1,-1,9,-1,0,-1
202060Y103750,2020,60Y103750,1,5,0,17,19,8,4,0,0,0,5,10,1,11,4,1,6,6,1,27,6,-1,-1,-1,-1,-1,-1,0,-1
2020549411420,2020,549411420,2,1,0,12,12,7,3,0,0,1,0,0,0,0,2,1,6,6,2,52,8,-1,-1,-1,-1,8,E01032071,0,-1
2020450975218,2020,450975218,2,9,0,2,2,0,0,0,0,0,0,0,1,11,3,1,6,6,3,-1,-1,-1,-1,-1,-1,-1,-1,0,-1
2020430113350,2020,430113350,2,1,0,9,9,6,4,0,0,1,0,0,0,0,2,1,6,6,1,37,7,-1,-1,-1,-1,4,E01016705,0,-1
2020100919751,2020,100919751,1,1,0,18,19,5,1,0,0,0,0,0,0,0,1,1,5,6,1,14,3,-1,-1,-1,-1,1,E01008658,0,-1
2020522003235,2020,522003235,2,1,0,18,19,5,1,0,0,8,0,0,0,0,1,1,6,6,1,21,5,-1,-1,-1,-1,7,E01014949,0,-1
2020010241303,2020,010241303,1,1,9,99,99,9,9,99,99,4,9,99,9,99,9,1,2,2,1,48,8,-1,-1,-1,-1,6,E01003152,0,-1
2020460949631,2020,460949631,1,9,0,9,9,5,3,0,0,8,0,0,0,0,1,1,2,2,1,41,7,-1,-1,-1,-1,1,E01024306,0,-1
2020440339854,2020,440339854,2,1,0,18,19,7,3,0,0,8,0,0,0,0,4,1,6,6,2,36,7,-1,-1,-1,-1,6,E01022761,0,-1
2020500992117,2020,500992117,2,9,0,2,2,0,0,0,0,1,0,0,1,0,2,1,6,6,2,23,5,-1,-1,-1,-1,5,E01018912,0,-1
2020350998071,2020,350998071,2,1,0,18,19,3,3,0,0,0,2,0,0,0,2,1,6,6,1,74,10,-1,-1,-1,-1,6,E01018142,0,-1
2020332000507,2020,332000507,2,9,0,18,19,5,1,0,0,8,0,0,0,0,1,1,6,6,2,50,8,-1,-1,-1,-1,-1,-1,0,-1
2020440403290,2020,440403290,2,1,0,18,19,7,3,9,9,8,0,0,0,0,1,1,6,6,1,40,7,-1,-1,-1,-1,7,E01023135,0,-1
2020460977277,2020,460977277,2,97,0,13,13,-1,-1,0,0,1,0,0,0,0,0,1,6,6,3,-1,-1,-1,-1,-1,-1,-1,-1,0,-1
2020302001421,2020,302001421,1,19,0,18,19,4,8,0,0,0,0,0,0,0,1,1,1,1,1,37,7,-1,-1,-1,-1,3,E01028212,0,-1
2020522001955,2020,522001955,1,1,0,18,19,7,2,0,0,8,0,0,0,0,1,1,6,6,1,34,6,-1,-1,-1,-1,5,E01014548,0,-1
2020100976840,2020,100976840,1,1,0,18,19,6,2,0,0,8,0,0,0,0,3,1,5,6,1,18,4,-1,-1,-1,-1,-1,-1,0,-1
2020400987529,2020,400987529,2,1,0,18,19,5,1,0,0,0,0,0,0,0,1,1,6,6,1,14,3,-1,-1,-1,-1,10,E01017625,0,-1
2020430335139,2020,430335139,2,9,0,18,19,7,3,0,0,0,0,0,0,0,1,1,6,6,3,-1,-1,-1,-1,-1,-1,-1,-1,0,-1
2020010256066,2020,010256066,2,1,0,7,7,2,4,0,0,7,0,0,0,0,1,1,6,6,1,47,8,-1,-1,-1,-1,2,E01003432,0,-1
2020040993717,2020,040993717,1,9,0,18,19,3,7,0,0,0,1,0,0,0,1,1,2,2,1,21,5,-1,-1,-1,-1,9,E01025439,0,-1
2020170M20500,2020,170M20500,1,9,0,18,19,2,6,0,0,8,0,0,0,0,3,1,6,6,1,65,9,-1,-1,-1,-1,1,E01012089,0,-1
2020010232328,2020,010232328,1,11,0,3,3,1,5,2,2,1,0,0,0,0,2,1,6,6,1,34,6,-1,-1,-1,-1,-1,-1,0,-1
2020401001098,2020,401001098,1,9,0,5,5,6,2,0,0,0,0,0,0,0,1,1,3,7,1,52,8,-1,-1,-1,-1,10,E01017530,0,-1
2020332001218,2020,332001218,2,19,0,18,19,7,3,0,0,0,0,0,0,0,0,1,6,6,2,42,7,-1,-1,-1,-1,-1,-1,0,-1
2020010281680,2020,010281680,1,9,0,18,19,1,5,0,0,1,0,0,0,0,2,1,6,6,3,-1,-1,-1,-1,-1,-1,-1,-1,0,-1
202060Y164737,2020,60Y164737,1,21,0,17,19,3,8,0,0,0,0,10,7,11,1,1,1,1,1,41,7,-1,-1,-1,-1,-1,-1,0,-1
2020332000379,2020,332000379,1,9,0,4,4,3,7,0,0,1,0,0,0,0,2,1,6,6,2,25,5,-1,-1,-1,-1,1,E01013692,0,-1
2020137730739,2020,137730739,1,9,0,18,19,3,7,0,0,1,0,0,0,0,1,1,6,6,3,-1,-1,-1,-1,-1,-1,-1,-1,0,-1
2020010271029,2020,010271029,2,1,0,18,19,7,3,0,0,1,0,0,0,0,1,1,1,1,2,37,7,-1,-1,-1,-1,5,E01003071,0,-1
2020122001010,2020,122001010,1,1,0,4,4,7,3,0,0,4,0,0,0,0,1,1,6,6,1,34,6,-1,-1,-1,-1,1,E01027806,0,-1
2020010277617,2020,010277617,2,9,0,18,19,3,7,0,0,1,0,0,0,0,1,1,6,6,1,37,7,-1,-1,-1,-1,3,E01001229,0,-1
2020010279870,2020,010279870,1,1,9,99,99,9,9,99,99,9,9,99,9,99,9,1,6,6,1,44,7,-1,-1,-1,-1,9,E01002991,0,-1
2020501007609,2020,501007609,1,22,0,18,19,3,7,9,9,0,0,0,0,0,1,1,6,6,2,83,11,-1,-1,-1,-1,2,E01018868,0,-1
2020052001847,2020,052001847,2,1,0,18,19,4,8,0,0,1,0,0,0,0,4,1,4,7,2,24,5,-1,-1,-1,-1,2,E01006726,0,-1
2020010247138,2020,010247138,2,9,9,99,99,9,9,99,99,9,9,99,9,99,9,9,6,6,3,-1,-1,-1,-1,-1,-1,-1,-1,0,-1
2020610015720,2020,610015720,1,9,0,18,19,1,5,0,0,0,1,0,0,0,1,1,6,6,1,32,6,-1,-1,-1,-1,3,W01001363,0,-1
2020430299667,2020,430299667,2,1,0,18,19,4,8,0,0,8,0,0,0,0,4,1,2,2,1,63,9,-1,-1,-1,-1,8,E01017688,0,-1
2020500934847,2020,500934847,1,9,0,7,7,5,7,0,0,8,1,11,1,10,1,1,5,6,2,72,10,-1,-1,-1,-1,5,E01015188,0,-1
2020548600820,2020,548600820,2,19,0,9,9,5,7,0,0,0,0,0,0,0,1,1,6,6,2,60,9,-1,-1,-1,-1,6,E01031842,0,-1
2020470928070,2020,470928070,2,9,0,2,2,0,0,0,0,0,0,0,0,0,2,1,6,6,3,-1,-1,-1,-1,-1,-1,-1,-1,0,-1
2020161009475,2020,161009475,2,1,0,18,19,1,5,0,0,1,1,0,0,0,4,1,1,1,1,20,4,-1,-1,-1,-1,1,E01012917,0,-1
2020010233204,2020,010233204,1,1,9,99,99,9,9,99,99,9,9,99,9,99,9,1,6,6,2,35,6,-1,-1,-1,-1,2,E01001760,0,-1
2020137AA0962,2020,137AA0962,2,9,0,11,11,7,3,0,0,0,0,0,0,0,0,1,6,6,3,-1,-1,-1,-1,-1,-1,-1,-1,0,-1
2020470945180,2020,470945180,2,1,0,18,19,3,7,0,0,8,0,0,0,0,1,1,5,6,1,25,5,-1,-1,-1,-1,6,E01021034,0,-1
2020430236540,2020,430236540,2,9,0,18,19,3,7,0,0,8,0,0,0,0,3,1,6,6,1,32,6,-1,-1,-1,-1,5,E01016374,0,-1
20201374E1710,2020,1374E1710,2,1,0,18,19,8,4,0,0,1,2,0,0,0,1,1,6,6,1,24,5,-1,-1,-1,-1,1,E01011321,0,-1
2020010280441,2020,010280441,1,9,0,18,19,3,7,0,0,0,0,0,0,0,4,1,6,6,3,-1,-1,-1,-1,-1,-1,-1,-1,0,-1
2020332000553,2020,332000553,1,9,0,9,9,4,2,0,0,5,0,0,0,0,1,1,6,6,2,23,5,-1,-1,-1,-1,2,E01013659,0,-1
2020010259093,2020,010259093,1,1,9,99,99,9,9,99,99,9,9,99,9,99,9,1,2,2,1,32,6,-1,-1,-1,-1,3,E01003091,0,-1
2020332000811,2020,332000811,2,9,0,7,7,4,6,0,0,6,0,0,0,0,2,1,6,6,2,37,7,-1,-1,-1,-1,7,E01033102,0,-1
2020420999613,2020,420999613,2,98,0,13,13,7,2,0,0,0,0,0,0,0,4,1,6,6,3,-1,-1,-1,-1,-1,-1,-1,-1,0,-1
2020340N00452,2020,340N00452,2,1,0,14,14,7,3,0,0,1,0,0,0,0,4,1,6,6,1,23,5,-1,-1,-1,-1,3,E01027224,0,-1
2020400997262,2020,400997262,4,19,0,18,19,7,3,0,0,0,0,0,0,0,1,1,6,6,3,-1,-1,-1,-1,-1,-1,-1,-1,0,-1
2020332000690,2020,332000690,1,9,0,18,19,3,7,0,0,0,0,0,0,0,1,1,6,6,1,70,10,-1,-1,-1,-1,6,E01025762,0,-1
2020010280485,2020,010280485,2,1,0,4,4,6,2,0,0,0,0,0,0,0,0,1,6,6,1,26,6,-1,-1,-1,-1,5,E01004483,0,-1