collision_index,collision_year,collision_ref_no,vehicle_reference,vehicle_type,towing_and_articulation,vehicle_manoeuvre_historic,vehicle_manoeuvre,vehicle_direction_from,vehicle_direction_to,vehicle_location_restricted_lane_historic,vehicle_location_restricted_lane,junction_location,skidding_and_overturning,hit_object_in_carriageway,vehicle_leaving_carriageway,hit_object_off_carriageway,first_point_of_impact,vehicle_left_hand_drive,journey_purpose_of_driver_historic,journey_purpose_of_driver,sex_of_driver,age_of_driver,age_band_of_driver,engine_capacity_cc,propulsion_code,age_of_vehicle,generic_make_model,driver_imd_decile,lsoa_of_driver,escooter_flag,driver_distance_banding
2020010275934,2020,010275934,1,-1,0,18,19,2,6,0,0,8,0,0,0,0,3,1,6,6,1,19,4,-1,-1,-1,-1,2,E01004574,1,-1
2020010260621,2020,010260621,2,1,0,3,3,5,1,0,0,1,0,0,0,0,1,1,6,6,2,55,8,-1,-1,-1,-1,9,E01003158,0,-1
2020522002887,2020,522002887,1,9,0,2,2,0,0,0,0,0,0,0,0,0,3,1,6,6,1,40,7,-1,-1,-1,-1,-1,-1,0,-1
2020010268744,2020,010268744,2,1,0,18,19,7,3,4,4,2,0,0,0,0,1,1,6,6,1,47,8,-1,-1,-1,-1,1,E01001178,0,-1
2020450993480,2020,450993480,1,1,0,13,13,2,6,0,0,4,0,0,0,0,3,1,2,2,1,32,6,-1,-1,-1,-1,8,E01003904,0,-1
2020040937910,2020,040937910,1,9,0,18,19,5,1,0,0,0,0,0,0,0,3,1,6,6,3,-1,-1,-1,-1,-1,-1,-1,-1,0,-1
2020010268917,2020,010268917,2,1,0,18,19,7,3,0,0,6,5,0,7,0,3,1,6,6,1,15,3,-1,-1,-1,-1,2,E01003600,0,-1
2020160988681,2020,160988681,2,98,0,18,19,7,3,0,0,1,0,0,0,0,1,1,6,6,3,45,7,-1,-1,-1,-1,-1,-1,0,-1
2020170S11450,2020,170S11450,1,9,0,18,19,6,2,0,0,1,0,0,0,0,1,1,6,6,3,-1,-1,-1,-1,-1,-1,-1,-1,0,-1
2020010244224,2020,010244224,1,9,0,17,19,5,3,0,0,8,0,0,0,0,3,2,6,6,1,51,8,-1,-1,-1,-1,2,W01001692,0,-1
2020122000582,2020,122000582,2,1,0,18,19,4,8,0,0,0,1,0,0,0,2,1,6,6,1,14,3,-1,-1,-1,-1,10,E01011709,0,-1
2020470997651,2020,470997651,2,1,0,18,19,3,7,0,0,0,0,0,0,0,1,1,2,2,2,56,9,-1,-1,-1,-1,5,E01031571,0,-1
2020010272373,2020,010272373,2,1,9,99,99,9,9,99,99,9,9,99,9,99,1,1,6,6,2,12,3,-1,-1,-1,-1,-1,-1,0,-1
2020420997224,2020,420997224,2,1,0,18,19,4,8,0,0,1,0,0,0,0,4,1,4,7,1,11,3,-1,-1,-1,-1,6,E01021629,0,-1
2020100982263,2020,100982263,2,1,0,18,19,7,3,0,0,1,5,0,0,0,3,1,5,6,2,12,3,-1,-1,-1,-1,-1,-1,0,-1
2020040954313,2020,040954313,2,1,0,18,19,1,5,0,0,0,0,0,0,0,3,1,6,6,1,60,9,-1,-1,-1,-1,9,E01025551,0,-1
2020410957382,2020,410957382,1,9,0,18,19,3,7,0,0,0,0,0,1,10,4,1,5,6,1,68,10,-1,-1,-1,-1,3,E01023650,0,-1
2020010252563,2020,010252563,2,1,0,18,19,5,1,0,0,2,0,0,0,0,1,1,6,6,1,41,7,-1,-1,-1,-1,4,E01000633,0,-1
2020332000468,2020,332000468,2,2,0,18,19,2,8,9,9,8,0,0,0,0,4,1,6,6,1,47,8,-1,-1,-1,-1,-1,-1,0,-1
2020622000775,2020,622000775,2,8,0,18,19,2,6,0,0,0,0,0,0,0,2,1,6,6,2,32,6,-1,-1,-1,-1,3,W01001025,0,-1
2020522002697,2020,522002697,2,9,0,3,3,8,4,0,0,0,0,0,0,0,4,1,6,6,3,-1,-1,-1,-1,-1,-1,-1,-1,0,-1
2020361007640,2020,361007640,1,1,0,18,19,7,3,0,0,0,0,0,0,0,0,1,6,6,1,48,8,-1,-1,-1,-1,-1,-1,0,-1
2020500954709,2020,500954709,2,1,0,5,5,4,6,0,0,3,0,0,0,0,4,1,5,6,2,29,6,-1,-1,-1,-1,1,E01015047,0,-1
2020040970459,2020,040970459,2,9,0,2,2,0,0,0,0,1,0,0,0,0,3,1,6,6,3,-1,-1,-1,-1,-1,-1,-1,-1,0,-1
2020010240145,2020,010240145,1,1,9,99,99,9,9,99,99,0,9,99,9,99,9,1,6,6,1,57,9,-1,-1,-1,-1,-1,-1,0,-1
2020332000064,2020,332000064,2,9,0,18,19,3,7,0,0,2,0,0,0,0,1,1,6,6,1,80,11,-1,-1,-1,-1,5,E01013671,0,-1
2020052001520,2020,052001520,1,1,0,17,19,7,3,0,0,0,0,0,0,0,1,1,6,6,1,17,4,-1,-1,-1,-1,-1,-1,0,-1
2020220937365,2020,220937365,2,19,0,2,2,0,0,0,0,0,0,4,1,0,1,1,5,6,1,34,6,-1,-1,-1,-1,3,E01032321,0,-1
2020500932557,2020,500932557,1,9,0,4,4,3,7,0,0,0,0,0,0,0,0,1,5,6,3,-1,-1,-1,-1,-1,-1,-1,-1,0,-1
2020110940003,2020,110940003,3,9,0,2,2,1,5,0,0,1,0,4,0,0,1,1,6,6,3,-1,-1,-1,-1,-1,-1,-1,-1,0,-1
2020470915310,2020,470915310,2,1,0,18,19,5,1,0,0,8,0,0,0,0,3,1,6,6,2,81,11,-1,-1,-1,-1,7,E01031421,0,-1
2020332000057,2020,332000057,4,9,0,2,2,0,0,9,9,0,0,0,0,0,1,1,6,6,3,-1,-1,-1,-1,-1,-1,-1,-1,0,-1
2020122000602,2020,122000602,2,1,0,18,19,4,8,0,0,1,0,0,1,5,0,1,6,6,2,14,3,-1,-1,-1,-1,7,E01027673,0,-1
2020137970506,2020,137970506,2,9,0,18,19,6,2,0,0,5,0,10,0,0,3,1,1,1,1,59,9,-1,-1,-1,-1,1,E01011431,0,-1
2020110968991,2020,110968991,2,98,1,18,19,3,7,0,0,1,1,0,0,0,1,1,1,1,1,41,7,-1,-1,-1,-1,1,E01011372,0,-1
2020220957308,2020,220957308,1,1,0,18,19,4,8,0,0,0,0,4,0,0,1,1,6,6,1,49,8,-1,-1,-1,-1,2,E01032474,0,-1
202060Y166313,2020,60Y166313,2,9,0,16,19,8,4,0,0,0,0,0,1,0,3,1,6,6,2,74,10,-1,-1,-1,-1,-1,-1,0,-1
202031D033720,2020,31D033720,1,9,0,5,5,4,6,0,0,4,0,0,0,0,1,1,6,6,3,-1,-1,-1,-1,-1,-1,-1,-1,0,-1
202060Y116037,2020,60Y116037,1,9,0,9,9,1,7,0,0,1,0,0,0,0,1,1,6,6,2,32,6,-1,-1,-1,-1,-1,-1,0,-1
2020030936543,2020,030936543,1,9,0,18,19,3,7,0,0,0,0,0,0,0,0,1,6,6,3,-1,-1,-1,-1,-1,-1,-1,-1,0,-1
2020010286120,2020,010286120,1,9,0,99,99,9,9,99,99,9,9,99,9,99,1,9,6,6,2,32,6,-1,-1,-1,-1,9,E01000775,0,-1
2020140976800,2020,140976800,1,97,0,18,19,1,5,9,9,0,0,0,1,11,1,1,6,6,1,25,5,-1,-1,-1,-1,1,E01008083,0,-1
2020141002763,2020,141002763,1,98,0,3,3,3,7,0,0,1,0,0,0,0,2,1,1,1,1,54,8,-1,-1,-1,-1,3,E01007773,0,-1
2020200946755,2020,200946755,1,1,0,18,19,-1,-1,9,9,0,0,0,0,0,1,1,6,6,1,-1,-1,-1,-1,-1,-1,-1,-1,0,-1
20201377H1298,2020,1377H1298,1,1,0,18,19,1,5,5,5,0,5,0,0,0,1,1,6,6,1,41,7,-1,-1,-1,-1,1,E01011371,0,-1
2020332000036,2020,332000036,2,90,0,18,19,1,5,0,0,0,0,0,0,0,2,1,1,1,1,37,7,-1,-1,-1,-1,-1,-1,0,-1
2020990954122,2020,990954122,1,1,0,9,9,5,1,0,0,8,0,0,0,0,4,1,1,1,2,27,6,-1,-1,-1,-1,7,-1,0,-1
2020170M10610,2020,170M10610,2,19,0,3,3,2,6,0,0,1,0,0,0,0,3,1,1,1,1,-1,-1,-1,-1,-1,-1,-1,-1,0,-1
2020140988496,2020,140988496,1,9,0,18,19,5,1,0,0,0,0,0,0,0,4,1,6,6,3,-1,-1,-1,-1,-1,-1,-1,-1,0,-1
2020201015753,2020,201015753,1,9,0,11,11,1,5,0,0,0,5,10,4,0,2,1,6,6,1,33,6,-1,-1,-1,-1,6,E01029529,0,-1
2020450984040,2020,450984040,1,1,0,18,19,1,5,0,0,0,1,0,0,0,1,1,5,6,1,31,6,-1,-1,-1,-1,2,E01003321,0,-1
2020460920961,2020,460920961,1,9,0,3,3,6,6,0,0,1,0,0,0,0,2,1,2,2,1,26,6,-1,-1,-1,-1,5,E01024201,0,-1
2020122000128,2020,122000128,1,1,0,18,19,7,3,0,0,1,0,11,0,0,0,1,2,2,1,25,5,-1,-1,-1,-1,7,E01027677,0,-1
2020360943520,2020,360943520,1,9,0,18,19,6,1,0,0,0,0,0,0,0,1,1,5,6,2,48,8,-1,-1,-1,-1,1,E01026666,0,-1
2020200949377,2020,200949377,2,9,0,4,4,6,2,0,0,1,0,0,0,0,0,1,1,1,1,-1,-1,-1,-1,-1,-1,-1,-1,0,-1
2020137730229,2020,137730229,2,1,0,18,19,7,3,0,0,0,0,0,0,0,4,1,2,2,1,56,9,-1,-1,-1,-1,3,E01011245,0,-1
2020221009583,2020,221009583,1,9,0,18,19,7,3,0,0,0,0,0,0,0,4,1,5,6,3,35,6,-1,-1,-1,-1,-1,-1,0,-1
2020991008066,2020,991008066,1,9,0,4,4,1,5,0,0,0,0,0,0,0,1,1,6,6,1,-1,-1,-1,-1,-1,-1,-1,-1,0,-1
2020010239560,2020,010239560,3,9,0,5,5,1,5,0,0,1,0,0,0,0,0,1,6,6,3,-1,-1,-1,-1,-1,-1,-1,-1,0,-1
2020520100409,2020,520100409,2,1,0,18,19,6,2,0,0,0,0,0,0,0,2,1,6,6,1,44,7,-1,-1,-1,-1,8,E01029023,0,-1
2020430186120,2020,430186120,1,21,1,18,19,1,5,0,0,0,0,0,0,0,1,1,1,1,3,47,8,-1,-1,-1,-1,-1,-1,0,-1
2020440354136,2020,440354136,1,1,0,7,7,5,4,0,0,8,1,0,0,0,0,1,6,6,2,16,4,-1,-1,-1,-1,8,E01023215,0,-1
2020400933831,2020,400933831,2,1,0,18,19,2,6,0,0,1,0,0,0,0,1,1,6,6,1,27,6,-1,-1,-1,-1,3,E01017562,0,-1
2020040999262,2020,040999262,2,9,0,18,19,5,1,0,0,0,0,0,0,0,2,1,5,6,1,54,8,-1,-1,-1,-1,4,E01025450,0,-1
2020440052686,2020,440052686,1,9,0,18,19,8,4,0,0,8,0,0,0,0,1,1,1,1,1,53,8,-1,-1,-1,-1,4,E01022523,0,-1
202031C124820,2020,31C124820,2,1,0,13,13,2,6,0,0,8,0,0,0,0,1,1,6,6,1,16,4,-1,-1,-1,-1,1,E01013962,0,-1
2020332000408,2020,332000408,1,9,0,18,19,2,6,0,0,0,0,0,0,0,3,1,6,6,2,58,9,-1,-1,-1,-1,8,E01025873,0,-1
2020450994224,2020,450994224,2,9,0,18,19,3,7,0,0,1,0,0,0,0,1,1,6,6,3,35,6,-1,-1,-1,-1,-1,-1,0,-1
2020320082338,2020,320082338,3,19,0,4,4,3,7,0,0,0,0,0,0,0,1,1,1,1,1,19,4,-1,-1,-1,-1,5,E01026648,0,-1
2020052002444,2020,052002444,3,1,0,18,19,6,2,0,0,0,0,0,0,0,0,1,2,2,1,35,6,-1,-1,-1,-1,-1,-1,0,-1
2020470965391,2020,470965391,2,1,0,18,19,1,5,0,0,1,5,0,0,0,1,1,6,6,1,18,4,-1,-1,-1,-1,8,E01016981,0,-1
2020160993130,2020,160993130,1,1,0,7,7,8,3,4,4,1,0,0,0,0,2,1,2,2,1,31,6,-1,-1,-1,-1,4,E01012760,0,-1
2020430420979,2020,430420979,3,9,0,3,3,7,3,0,0,1,0,0,0,0,2,1,6,6,1,45,7,-1,-1,-1,-1,-1,-1,0,-1
2020010267327,2020,010267327,2,9,0,99,99,9,9,99,99,0,9,99,9,99,0,9,6,6,3,-1,-1,-1,-1,-1,-1,-1,-1,0,-1
2020440145874,2020,440145874,2,1,0,8,8,3,1,0,0,8,0,0,0,0,4,1,6,6,1,67,10,-1,-1,-1,-1,9,E01023064,0,-1
2020430145961,2020,430145961,1,1,0,18,19,1,5,0,0,0,0,0,0,0,3,1,6,6,1,13,3,-1,-1,-1,-1,-1,-1,0,-1
202060Y010202,2020,60Y010202,2,1,0,18,19,7,3,0,0,0,0,0,0,0,0,1,6,6,1,50,8,-1,-1,-1,-1,-1,-1,0,-1
20201374E2538,2020,1374E2538,2,1,0,18,19,7,3,0,0,1,0,0,0,0,4,1,6,6,2,37,7,-1,-1,-1,-1,7,E01011652,0,-1
2020440296450,2020,440296450,2,9,0,18,19,5,1,0,0,8,0,0,0,0,1,1,6,6,2,39,7,-1,-1,-1,-1,10,E01022578,0,-1
2020010277855,2020,010277855,1,1,9,99,99,9,9,99,99,9,9,99,9,99,9,1,6,6,2,29,6,-1,-1,-1,-1,1,E01004214,0,-1
2020122001166,2020,122001166,2,1,0,18,19,5,1,0,0,1,0,0,0,0,1,1,6,6,2,28,6,-1,-1,-1,-1,8,E01013391,0,-1
2020010240782,2020,010240782,1,1,0,18,19,3,7,0,0,0,0,99,0,0,2,1,6,6,1,14,3,-1,-1,-1,-1,2,E01003975,0,-1
2020200929350,2020,200929350,2,1,0,18,19,2,6,0,0,6,0,0,0,0,0,1,6,6,1,35,6,-1,-1,-1,-1,7,E01009116,0,-1
202063A031820,2020,63A031820,3,1,0,18,19,8,4,0,0,0,0,0,0,0,2,1,6,6,1,14,3,-1,-1,-1,-1,8,W01000624,0,-1
2020450972870,2020,450972870,1,1,0,18,19,5,1,0,0,1,2,0,0,0,4,1,5,6,1,58,9,-1,-1,-1,-1,10,E01030360,0,-1
2020530997077,2020,530997077,2,9,0,18,19,1,5,0,0,1,0,0,0,0,1,1,5,6,1,32,6,-1,-1,-1,-1,4,E01022365,0,-1
2020500961680,2020,500961680,2,5,0,18,19,1,5,0,0,0,0,0,0,0,1,1,5,6,1,51,8,-1,-1,-1,-1,3,E01020228,0,-1
2020470955445,2020,470955445,2,9,0,2,2,0,0,0,0,0,0,0,0,0,3,1,6,6,3,-1,-1,-1,-1,-1,-1,-1,-1,0,-1
2020010241453,2020,010241453,2,1,0,4,4,1,5,0,0,1,0,0,0,0,1,1,6,6,1,58,9,-1,-1,-1,-1,2,E01002723,0,-1
2020200931812,2020,200931812,1,9,0,18,19,8,4,0,0,0,0,0,0,0,1,1,6,6,1,-1,-1,-1,-1,-1,-1,-1,-1,0,-1
2020010277624,2020,010277624,1,9,0,18,19,3,7,0,0,1,0,0,0,0,1,1,6,6,2,58,9,-1,-1,-1,-1,9,E01026292,0,-1
2020622000905,2020,622000905,2,1,0,18,19,6,2,0,0,0,0,0,0,0,2,1,6,6,1,27,6,-1,-1,-1,-1,1,W01001188,0,-1
2020010273403,2020,010273403,1,1,0,4,4,3,7,0,0,6,0,0,0,0,3,1,6,6,2,45,7,-1,-1,-1,-1,8,E01003814,0,-1
202006M174530,2020,06M174530,2,1,0,18,19,6,2,4,4,0,0,0,0,0,3,1,2,2,2,32,6,-1,-1,-1,-1,10,E01006079,0,-1
2020470959328,2020,470959328,2,16,0,18,19,3,7,0,0,2,5,0,0,0,0,1,6,6,2,63,9,-1,-1,-1,-1,4,E01021138,0,-1
2020010246965,2020,010246965,2,19,0,99,99,9,9,99,99,2,9,99,9,99,2,9,6,6,3,-1,-1,-1,-1,-1,-1,-1,-1,0,-1
2020010229811,2020,010229811,1,8,0,2,2,0,0,0,0,0,1,0,0,0,1,1,6,6,3,-1,-1,-1,-1,-1,-1,-1,-1,0,-1
2020522100853,2020,522100853,1,9,0,7,7,1,3,0,0,1,0,0,0,0,2,1,6,6,2,58,9,-1,-1,-1,-1,-1,-1,0,-1
202031C158720,2020,31C158720,2,1,0,18,19,5,1,0,0,0,0,0,0,0,0,1,2,2,1,18,4,-1,-1,-1,-1,5,E01013973,0,-1
2020201004126,2020,201004126,1,9,0,18,19,-1,-1,0,0,1,0,0,0,0,1,1,6,6,3,-1,-1,-1,-1,-1,-1,-1,-1,0,-1
2020622000649,2020,622000649,2,1,0,18,19,3,7,0,0,0,0,0,0,0,1,1,6,6,1,13,3,-1,-1,-1,-1,2,W01001097,0,-1
2020460969513,2020,460969513,2,1,0,17,19,-1,-1,0,0,2,5,0,0,0,1,1,6,6,1,14,3,-1,-1,-1,-1,10,E01016085,0,-1
2020547432320,2020,547432320,1,9,0,18,19,1,5,0,0,1,0,0,0,0,1,1,6,6,3,30,6,-1,-1,-1,-1,-1,-1,0,-1
2020140981163,2020,140981163,1,9,0,17,19,8,4,0,0,3,1,0,7,0,1,1,5,6,1,21,5,-1,-1,-1,-1,2,E01007697,0,-1
2020548339120,2020,548339120,1,9,0,18,19,7,3,0,0,0,0,0,0,0,1,1,6,6,1,48,8,-1,-1,-1,-1,6,E01031884,0,-1
2020361015739,2020,361015739,2,1,0,18,19,7,3,0,0,0,0,0,0,0,2,1,5,6,1,20,4,-1,-1,-1,-1,9,E01026560,0,-1
2020430411703,2020,430411703,2,9,0,17,19,6,3,0,0,0,0,0,0,0,1,1,6,6,1,33,6,-1,-1,-1,-1,5,E01016483,0,-1
2020052000695,2020,052000695,2,1,0,4,4,4,8,0,0,1,0,0,0,0,4,1,6,6,1,34,6,-1,-1,-1,-1,1,E01006740,0,-1
2020370925175,2020,370925175,2,98,0,18,19,5,1,0,0,0,0,0,0,0,1,1,1,1,1,30,6,-1,-1,-1,-1,2,E01030265,0,-1
2020010248282,2020,010248282,2,1,0,18,19,7,3,4,4,8,0,0,0,0,1,1,6,6,1,46,8,-1,-1,-1,-1,4,E01032782,0,-1
2020420933528,2020,420933528,1,9,0,5,5,5,1,0,0,1,0,0,0,0,1,1,6,6,2,-1,-1,-1,-1,-1,-1,-1,-1,0,-1
2020030982795,2020,030982795,1,1,0,18,19,1,5,0,0,8,0,0,0,0,3,1,6,6,2,15,3,-1,-1,-1,-1,6,E01019381,0,-1
2020522100883,2020,522100883,2,9,0,18,19,2,6,0,0,0,0,0,0,0,4,1,6,6,1,38,7,-1,-1,-1,-1,2,W01001660,0,-1
2020160976579,2020,160976579,1,9,0,18,19,3,7,0,0,0,0,0,0,0,3,1,6,6,1,-1,-1,-1,-1,-1,-1,2,E01013283,0,-1
2020101011358,2020,101011358,1,9,4,11,11,1,5,0,0,0,0,0,0,0,1,1,1,1,1,54,8,-1,-1,-1,-1,1,E01011345,0,-1
2020460978153,2020,460978153,1,9,0,18,19,4,8,0,0,1,0,0,0,0,1,1,5,6,2,54,8,-1,-1,-1,-1,9,E01024145,0,-1
2020010232109,2020,010232109,2,9,0,99,99,9,9,99,99,3,9,99,9,99,4,9,6,6,3,-1,-1,-1,-1,-1,-1,-1,-1,0,-1
2020010248053,2020,010248053,2,1,0,18,19,2,6,4,4,1,5,0,0,0,1,1,6,6,1,17,4,-1,-1,-1,-1,9,E01003473,0,-1
2020200979034,2020,200979034,2,1,0,17,19,8,5,0,0,8,0,0,0,0,1,1,1,1,1,36,7,-1,-1,-1,-1,1,E01009021,0,-1
2020302000449,2020,302000449,2,9,0,9,9,6,3,0,0,1,0,0,0,0,4,1,6,6,2,29,6,-1,-1,-1,-1,7,W01000380,0,-1
2020200996281,2020,200996281,1,9,0,18,19,8,4,0,0,0,0,0,0,0,1,1,6,6,3,-1,-1,-1,-1,-1,-1,-1,-1,0,-1
2020101012770,2020,101012770,2,1,0,18,19,3,7,0,0,4,0,0,0,0,1,1,5,6,1,69,10,-1,-1,-1,-1,8,E01027554,0,-1
2020400938346,2020,400938346,1,9,0,18,19,5,7,0,0,3,1,7,2,7,1,1,6,6,2,29,6,-1,-1,-1,-1,7,E01033431,0,-1
2020420942545,2020,420942545,2,9,0,2,2,0,0,0,0,1,0,0,0,0,2,1,6,6,3,-1,-1,-1,-1,-1,-1,-1,-1,0,-1
2020460972047,2020,460972047,2,1,0,18,19,7,3,0,0,1,0,0,0,0,3,1,5,6,1,25,5,-1,-1,-1,-1,7,E01024635,0,-1
2020221030010,2020,221030010,1,98,0,18,19,7,3,0,0,0,0,0,1,0,1,1,1,1,1,61,9,-1,-1,-1,-1,1,W01000033,0,-1
2020220983259,2020,220983259,1,9,0,18,19,2,6,0,0,3,0,0,0,0,3,1,6,6,3,34,6,-1,-1,-1,-1,-1,-1,0,-1
202060Y008783,2020,60Y008783,1,98,0,16,19,2,6,0,0,2,0,0,0,0,1,1,1,1,1,53,8,-1,-1,-1,-1,-1,-1,0,-1
20201377K0412,2020,1377K0412,2,1,0,18,19,7,3,0,0,1,0,0,0,0,1,1,6,6,1,39,7,-1,-1,-1,-1,2,E01011866,0,-1
2020340K01112,2020,340K01112,2,9,0,1,1,4,8,0,0,5,0,0,0,0,2,1,1,1,1,35,6,-1,-1,-1,-1,4,E01027247,0,-1
202006E373826,2020,06E373826,1,1,0,7,7,6,8,0,0,1,0,0,0,0,1,1,2,2,1,26,6,-1,-1,-1,-1,6,E01005846,0,-1
202006L273763,2020,06L273763,1,19,0,1,1,1,5,9,9,4,0,11,3,10,2,1,6,6,1,37,7,-1,-1,-1,-1,2,E01006308,0,-1
2020122000530,2020,122000530,1,19,0,18,19,4,2,0,0,0,0,0,0,0,4,1,6,6,3,-1,-1,-1,-1,-1,-1,-1,-1,0,-1
2020230990557,2020,230990557,1,97,0,18,19,1,5,0,0,0,0,0,0,0,3,1,5,6,1,32,6,-1,-1,-1,-1,-1,-1,0,-1
2020340D06162,2020,340D06162,1,21,1,9,9,1,5,0,0,8,0,0,0,0,4,1,1,1,1,39,7,-1,-1,-1,-1,-1,-1,0,-1
2020470970877,2020,470970877,2,1,0,18,19,4,8,0,0,1,0,0,0,0,1,1,6,6,1,41,7,-1,-1,-1,-1,10,E01023229,0,-1
2020010259094,2020,010259094,2,9,0,99,99,9,9,99,99,9,9,99,9,99,1,1,6,6,3,-1,-1,-1,-1,-1,-1,-1,-1,0,-1
2020440146456,2020,440146456,1,1,0,18,19,1,5,0,0,0,0,10,0,0,1,1,6,6,1,45,7,-1,-1,-1,-1,3,E01017052,0,-1
202063D034020,2020,63D034020,2,8,0,14,14,8,5,0,0,0,0,0,0,0,4,1,6,6,3,-1,-1,-1,-1,-1,-1,-1,-1,0,-1
2020052000402,2020,052000402,1,9,0,18,19,1,5,0,0,0,0,0,0,0,4,1,6,6,2,44,7,-1,-1,-1,-1,3,E01007118,0,-1
2020440448316,2020,440448316,2,1,0,18,19,3,7,0,0,8,0,0,0,0,1,1,6,6,1,14,3,-1,-1,-1,-1,9,E01017064,0,-1
2020460948213,2020,460948213,1,9,0,18,19,1,6,0,0,0,0,0,0,0,1,1,5,6,1,66,10,-1,-1,-1,-1,1,E01024676,0,-1
2020450928186,2020,450928186,2,1,0,9,9,5,1,0,0,1,0,0,0,0,3,1,1,1,1,14,3,-1,-1,-1,-1,6,E01030587,0,-1
2020430049938,2020,430049938,2,1,0,18,19,4,8,0,0,8,0,0,0,0,1,1,6,6,1,47,8,-1,-1,-1,-1,3,E01016846,0,-1
2020332000755,2020,332000755,2,1,0,5,5,6,2,0,0,1,0,0,0,0,1,1,6,6,1,14,3,-1,-1,-1,-1,2,E01013683,0,-1
202031A090120,2020,31A090120,2,3,0,18,19,4,8,0,0,0,0,0,0,0,1,1,6,6,1,32,6,-1,-1,-1,-1,4,E01027996,0,-1
2020010269532,2020,010269532,1,9,0,18,19,5,1,0,0,0,0,0,0,0,4,1,6,6,3,-1,-1,-1,-1,-1,-1,-1,-1,0,-1
202006G272444,2020,06G272444,2,1,0,18,19,1,5,0,0,1,0,0,0,0,1,1,6,6,1,13,3,-1,-1,-1,-1,2,E01005222,0,-1
2020170S20630,2020,170S20630,2,1,0,18,19,2,6,0,0,8,0,0,0,0,4,1,6,6,1,30,6,-1,-1,-1,-1,1,E01011989,0,-1
2020141007314,2020,141007314,2,1,0,18,19,6,1,0,0,1,0,0,0,0,3,1,6,6,1,15,3,-1,-1,-1,-1,3,E01007385,0,-1
2020040953117,2020,040953117,1,16,0,18,19,5,7,0,0,0,0,0,0,0,3,1,5,6,2,35,6,-1,-1,-1,-1,1,E01025062,0,-1
2020200993166,2020,200993166,1,9,0,18,19,-1,-1,0,0,0,0,0,0,0,1,1,6,6,3,-1,-1,-1,-1,-1,-1,-1,-1,0,-1
2020500958129,2020,500958129,2,1,0,18,19,5,4,0,0,0,0,0,0,0,1,1,6,6,2,11,3,-1,-1,-1,-1,9,E01020257,0,-1
2020302001253,2020,302001253,1,9,0,4,4,4,8,0,0,0,0,0,0,0,2,1,6,6,1,51,8,-1,-1,-1,-1,1,E01013566,0,-1
2020070511546,2020,070511546,2,9,0,4,4,4,8,0,0,4,0,0,0,0,2,1,1,1,1,65,9,-1,-1,-1,-1,3,E01018734,0,-1
2020070607883,2020,070607883,1,19,0,9,9,1,5,0,0,2,0,0,0,0,4,1,1,1,3,-1,-1,-1,-1,-1,-1,-1,-1,0,-1
202031D175520,2020,31D175520,2,9,0,9,9,5,3,0,0,8,0,0,0,0,3,1,6,6,3,-1,-1,-1,-1,-1,-1,-1,-1,0,-1
2020540550020,2020,540550020,1,9,0,18,19,1,5,0,0,1,0,0,0,0,1,1,1,1,1,61,9,-1,-1,-1,-1,7,E01031857,0,-1
2020010245799,2020,010245799,3,9,0,18,19,1,5,0,0,2,0,0,0,0,4,1,2,2,1,36,7,-1,-1,-1,-1,5,E01017901,0,-1
2020450939697,2020,450939697,2,1,0,18,19,6,4,0,0,0,0,0,0,0,4,1,6,6,2,17,4,-1,-1,-1,-1,-1,-1,0,-1
2020201019232,2020,201019232,1,9,0,18,19,2,8,0,0,3,0,0,0,0,0,1,6,6,2,37,7,-1,-1,-1,-1,4,E01010259,0,-1
202006E277790,2020,06E277790,2,1,0,18,19,7,3,0,0,8,0,0,0,0,3,1,6,6,1,31,6,-1,-1,-1,-1,1,E01005119,0,-1
2020010279935,2020,010279935,1,1,9,99,99,9,9,99,99,9,9,99,9,99,2,1,2,2,1,39,7,-1,-1,-1,-1,5,E01001091,0,-1
2020320613433,2020,320613433,1,21,0,12,12,4,8,0,0,0,0,0,0,0,3,2,1,1,1,63,9,-1,-1,-1,-1,-1,-1,0,-1
2020549571620,2020,549571620,1,9,0,4,4,2,5,0,0,1,0,0,3,0,1,1,2,2,1,49,8,-1,-1,-1,-1,-1,-1,0,-1
2020010283027,2020,010283027,1,11,0,99,99,9,9,99,99,0,9,99,9,99,1,1,6,6,3,35,6,-1,-1,-1,-1,4,E01001216,0,-1
2020030922421,2020,030922421,2,9,0,18,19,3,7,0,0,0,0,0,0,0,1,1,6,6,1,16,4,-1,-1,-1,-1,8,E01019185,0,-1
2020200981650,2020,200981650,2,1,0,9,9,7,5,0,0,5,0,0,0,0,4,1,6,6,1,26,6,-1,-1,-1,-1,1,E01009194,0,-1
2020420965372,2020,420965372,1,21,1,12,12,1,5,0,0,0,0,0,0,0,3,2,1,1,1,55,8,-1,-1,-1,-1,-1,-1,0,-1
202031A122120,2020,31A122120,2,1,0,18,19,7,3,9,9,0,0,0,0,0,1,1,6,6,1,54,8,-1,-1,-1,-1,8,E01028235,0,-1
2020010254760,2020,010254760,2,1,0,18,19,8,4,0,0,1,0,0,0,0,1,1,6,6,2,26,6,-1,-1,-1,-1,2,E01002716,0,-1
2020010251614,2020,010251614,2,9,0,99,99,9,9,99,99,9,9,99,9,99,9,9,6,6,3,-1,-1,-1,-1,-1,-1,-1,-1,0,-1
2020070397203,2020,070397203,2,9,0,18,19,2,6,0,0,8,0,0,0,0,1,1,6,6,2,62,9,-1,-1,-1,-1,5,E01012464,0,-1
2020522004762,2020,522004762,1,1,0,18,19,1,5,0,0,8,0,0,0,0,4,1,6,6,1,41,7,-1,-1,-1,-1,8,E01014771,0,-1
2020031007557,2020,031007557,1,9,0,9,9,3,1,0,0,5,0,0,0,0,4,1,1,1,1,64,9,-1,-1,-1,-1,9,E01019369,0,-1
2020160967623,2020,160967623,1,5,0,16,19,8,4,0,0,0,1,0,1,0,1,1,5,6,1,50,8,-1,-1,-1,-1,7,E01033105,0,-1
202006K272799,2020,06K272799,2,1,0,18,19,8,4,4,4,8,0,0,0,0,1,1,6,6,1,60,9,-1,-1,-1,-1,5,E01004864,0,-1