collision_index,collision_year,collision_ref_no,vehicle_reference,vehicle_type,towing_and_articulation,vehicle_manoeuvre_historic,vehicle_manoeuvre,vehicle_direction_from,vehicle_direction_to,vehicle_location_restricted_lane_historic,vehicle_location_restricted_lane,junction_location,skidding_and_overturning,hit_object_in_carriageway,vehicle_leaving_carriageway,hit_object_off_carriageway,first_point_of_impact,vehicle_left_hand_drive,journey_purpose_of_driver_historic,journey_purpose_of_driver,sex_of_driver,age_of_driver,age_band_of_driver,engine_capacity_cc,propulsion_code,age_of_vehicle,generic_make_model,driver_imd_decile,lsoa_of_driver,escooter_flag,driver_distance_banding
2020410965234,2020,410965234,1,9,0,18,19,1,5,0,0,1,0,0,0,0,1,1,5,6,2,19,4,-1,-1,-1,-1,10,E01023820,0,-1
2020010284125,2020,010284125,2,1,0,18,19,8,4,0,0,0,0,0,0,0,4,1,6,6,1,47,8,-1,-1,-1,-1,1,E01001821,0,-1
2020470947382,2020,470947382,1,1,0,17,19,4,2,0,0,0,0,0,0,0,1,1,6,6,3,-1,-1,-1,-1,-1,-1,3,E01021102,0,-1
2020010234881,2020,010234881,1,1,9,99,99,9,9,99,99,9,9,99,9,99,9,1,2,2,2,34,6,-1,-1,-1,-1,5,E01001718,0,-1
202063C003220,2020,63C003220,1,9,0,16,19,6,1,0,0,0,1,0,7,4,1,1,6,6,2,60,9,-1,-1,-1,-1,6,W01000614,0,-1
2020010258389,2020,010258389,2,9,0,99,99,9,9,99,99,8,9,99,9,99,9,9,6,6,3,-1,-1,-1,-1,-1,-1,-1,-1,0,-1
2020040914669,2020,040914669,2,1,0,18,19,4,4,0,0,0,0,0,0,0,1,1,6,6,1,32,6,-1,-1,-1,-1,7,E01025365,0,-1
2020052002398,2020,052002398,1,1,0,7,7,8,2,0,0,2,1,0,0,0,4,1,6,6,1,40,7,-1,-1,-1,-1,1,E01007122,0,-1
2020070278484,2020,070278484,2,9,0,18,19,6,2,0,0,2,0,0,0,0,1,1,6,6,1,39,7,-1,-1,-1,-1,9,E01018697,0,-1
2020430162477,2020,430162477,3,1,0,18,19,4,8,0,0,0,0,0,0,0,2,1,6,6,1,56,9,-1,-1,-1,-1,10,E01017677,0,-1
2020410963016,2020,410963016,2,1,0,18,19,5,1,0,0,0,0,0,0,0,1,1,6,6,1,50,8,-1,-1,-1,-1,10,E01023716,0,-1
2020552000613,2020,552000613,3,9,0,7,7,6,8,0,0,6,0,0,0,0,1,1,6,6,1,50,8,-1,-1,-1,-1,1,E01020552,0,-1
2020522003355,2020,522003355,1,1,0,18,19,5,1,0,0,8,0,0,0,0,1,1,6,6,1,60,9,-1,-1,-1,-1,10,E01014988,0,-1
2020420921920,2020,420921920,1,90,-1,18,19,8,4,0,0,0,0,0,0,0,1,1,6,6,3,-1,-1,-1,-1,-1,-1,-1,-1,0,-1
2020320637916,2020,320637916,3,1,0,18,19,1,5,0,0,8,0,0,0,0,1,1,6,6,1,16,4,-1,-1,-1,-1,3,E01026178,0,-1
2020010274881,2020,010274881,1,1,9,99,99,9,9,99,99,9,9,99,9,99,1,1,2,2,1,28,6,-1,-1,-1,-1,3,E01004217,0,-1
2020010271562,2020,010271562,1,1,9,99,99,9,9,99,99,1,9,99,9,99,9,1,6,6,1,26,6,-1,-1,-1,-1,5,E01000505,0,-1
2020010268750,2020,010268750,2,9,0,9,9,5,2,6,6,1,0,0,0,0,1,1,6,6,2,18,4,-1,-1,-1,-1,4,E01000170,0,-1
2020010271787,2020,010271787,1,9,0,99,99,9,9,99,99,0,9,99,9,99,1,1,6,6,3,30,6,-1,-1,-1,-1,-1,-1,0,-1
2020332000985,2020,332000985,1,9,0,9,9,7,5,0,0,5,0,0,0,0,3,1,6,6,1,29,6,-1,-1,-1,-1,8,E01025739,0,-1
2020332001206,2020,332001206,1,9,0,18,19,2,6,0,0,0,0,0,0,0,0,1,6,6,2,57,9,-1,-1,-1,-1,-1,-1,0,-1
2020010266642,2020,010266642,2,1,0,18,19,5,1,4,4,2,0,0,7,0,4,1,6,6,1,37,7,-1,-1,-1,-1,4,E01001898,0,-1
2020200932425,2020,200932425,1,9,0,16,19,6,8,0,0,0,1,0,1,4,1,1,6,6,1,25,5,-1,-1,-1,-1,5,E01008954,0,-1
2020010229917,2020,010229917,2,1,0,18,19,1,5,0,0,2,5,4,0,0,1,1,6,6,1,50,8,-1,-1,-1,-1,3,E01003017,0,-1
2020541284320,2020,541284320,3,9,0,4,4,6,2,0,0,0,0,0,0,0,2,1,2,2,1,28,6,-1,-1,-1,-1,9,E01015471,0,-1
2020137880729,2020,137880729,2,1,0,18,19,3,7,0,0,1,0,0,0,0,1,1,6,6,1,51,8,-1,-1,-1,-1,6,E01011400,0,-1
2020010255450,2020,010255450,1,1,9,99,99,9,9,99,99,9,9,99,9,99,9,1,6,6,2,24,5,-1,-1,-1,-1,6,E01003033,0,-1
2020350983361,2020,350983361,2,1,0,18,19,2,6,0,0,0,0,-1,0,0,4,1,5,6,1,17,4,-1,-1,-1,-1,6,E01018207,0,-1
2020552000384,2020,552000384,1,9,0,6,6,4,4,0,0,0,0,0,0,0,3,1,1,1,1,34,6,-1,-1,-1,-1,7,E01031701,0,-1
202006E176779,2020,06E176779,1,1,0,18,19,8,4,0,0,0,0,0,0,0,1,1,6,6,3,-1,-1,-1,-1,-1,-1,-1,-1,0,-1
2020440390992,2020,440390992,2,1,0,18,19,2,6,0,0,8,0,0,0,0,3,1,6,6,1,16,4,-1,-1,-1,-1,-1,-1,0,-1
202006E378415,2020,06E378415,1,9,0,9,9,3,1,0,0,8,0,0,0,0,3,1,6,6,3,-1,-1,-1,-1,-1,-1,-1,-1,0,-1
2020410969665,2020,410969665,2,1,0,18,19,2,6,0,0,0,0,0,0,0,0,1,5,6,1,40,7,-1,-1,-1,-1,10,E01023909,0,-1
2020552000710,2020,552000710,2,1,0,18,19,7,3,4,4,8,0,0,0,0,1,1,6,6,1,33,6,-1,-1,-1,-1,1,E01015282,0,-1
2020470936683,2020,470936683,1,9,0,7,7,1,3,0,0,1,0,0,0,0,4,1,6,6,3,-1,-1,-1,-1,-1,-1,-1,-1,0,-1
2020421013685,2020,421013685,1,9,0,18,19,1,5,0,0,0,0,0,0,0,1,1,6,6,3,-1,-1,-1,-1,-1,-1,-1,-1,0,-1
2020340N07402,2020,340N07402,1,1,0,18,19,7,3,0,0,0,0,0,0,0,3,1,6,6,1,17,4,-1,-1,-1,-1,1,E01027199,0,-1
2020450942903,2020,450942903,2,1,0,18,19,1,5,0,0,8,0,0,0,0,4,1,5,6,1,56,9,-1,-1,-1,-1,10,E01030797,0,-1
202063B027720,2020,63B027720,1,19,0,16,19,4,7,0,0,0,0,0,0,0,0,1,1,1,3,-1,-1,-1,-1,-1,-1,-1,-1,0,-1
202031D043120,2020,31D043120,2,1,0,18,19,2,6,0,0,8,0,0,0,0,1,1,6,6,2,52,8,-1,-1,-1,-1,5,E01013840,0,-1
2020440315051,2020,440315051,1,9,0,16,19,2,6,0,0,1,0,0,0,0,1,1,6,6,2,51,8,-1,-1,-1,-1,10,E01022726,0,-1
2020010251966,2020,010251966,1,1,0,18,19,3,7,0,0,6,0,0,0,0,1,1,6,6,1,21,5,-1,-1,-1,-1,4,E01000860,0,-1
2020010258273,2020,010258273,1,11,0,18,19,6,2,0,0,6,0,0,0,0,1,1,1,1,1,60,9,-1,-1,-1,-1,5,E01003756,0,-1
2020332000927,2020,332000927,2,9,0,9,9,1,7,0,0,6,1,0,0,0,1,1,2,2,2,26,6,-1,-1,-1,-1,5,E01025865,0,-1
2020010249611,2020,010249611,2,9,9,99,99,9,9,99,99,9,9,99,9,99,1,9,6,6,3,-1,-1,-1,-1,-1,-1,-1,-1,0,-1
2020140923808,2020,140923808,2,9,0,17,19,2,7,0,0,0,0,0,0,0,1,1,5,6,1,59,9,-1,-1,-1,-1,3,E01007473,0,-1
2020990990924,2020,990990924,1,9,0,18,19,7,3,0,0,4,0,0,3,0,3,1,5,6,1,33,6,-1,-1,-1,-1,1,-1,0,-1
2020522003242,2020,522003242,3,9,0,18,19,8,4,0,0,0,0,0,0,0,1,1,6,6,1,41,7,-1,-1,-1,-1,9,E01022453,0,-1
2020010258734,2020,010258734,1,1,9,99,99,9,9,99,99,0,9,99,9,99,1,1,6,6,1,41,7,-1,-1,-1,-1,5,E01004549,0,-1
2020522003606,2020,522003606,2,1,0,17,19,8,5,0,0,8,0,0,0,0,1,1,6,6,2,27,6,-1,-1,-1,-1,6,E01014558,0,-1
2020140955807,2020,140955807,3,9,0,2,2,0,0,0,0,0,0,0,0,0,1,1,6,6,3,-1,-1,-1,-1,-1,-1,-1,-1,0,-1
2020070277738,2020,070277738,1,1,0,7,7,1,5,0,0,2,0,0,0,0,1,1,6,6,1,46,8,-1,-1,-1,-1,8,E01012528,0,-1
2020100964332,2020,100964332,1,97,0,18,19,2,6,0,0,0,0,0,0,0,1,1,6,6,1,26,6,-1,-1,-1,-1,3,E01008780,0,-1
2020137AM1262,2020,137AM1262,2,1,0,18,19,2,6,0,0,1,0,0,0,0,1,1,6,6,1,46,8,-1,-1,-1,-1,3,E01011519,0,-1
2020100953836,2020,100953836,1,1,0,18,19,1,5,0,0,0,0,0,0,0,1,1,5,6,1,15,3,-1,-1,-1,-1,5,E01008431,0,-1
2020031009398,2020,031009398,4,9,0,2,2,0,0,0,0,1,0,0,0,0,1,1,6,6,3,-1,-1,-1,-1,-1,-1,-1,-1,0,-1
2020450976218,2020,450976218,2,1,0,18,19,7,3,0,0,0,0,0,0,0,2,1,6,6,1,28,6,-1,-1,-1,-1,4,E01031608,0,-1
2020360950944,2020,360950944,1,19,0,13,13,6,2,0,0,0,0,0,0,0,1,1,1,1,1,45,7,-1,-1,-1,-1,1,E01030277,0,-1
2020460981485,2020,460981485,2,1,0,18,19,1,5,0,0,8,0,0,0,0,1,1,5,6,1,41,7,-1,-1,-1,-1,7,E01032825,0,-1
2020070096352,2020,070096352,1,1,0,5,5,8,4,0,0,8,0,0,0,0,1,1,6,6,1,46,8,-1,-1,-1,-1,8,E01018718,0,-1
2020440057938,2020,440057938,1,9,0,4,4,2,6,0,0,0,1,0,0,0,1,1,6,6,2,24,5,-1,-1,-1,-1,8,E01003830,0,-1
2020170S10050,2020,170S10050,2,9,0,2,2,0,0,0,0,0,0,0,0,0,2,1,1,1,2,58,9,-1,-1,-1,-1,-1,-1,0,-1
2020230951799,2020,230951799,2,1,0,18,19,2,6,0,0,0,0,0,0,0,3,1,5,6,2,15,3,-1,-1,-1,-1,10,E01031300,0,-1
2020030920537,2020,030920537,2,1,0,18,19,3,7,0,0,3,0,0,0,0,0,1,6,6,1,50,8,-1,-1,-1,-1,9,E01019190,0,-1
2020332000944,2020,332000944,2,9,0,9,9,8,5,0,0,6,0,0,0,0,1,1,6,6,1,45,7,-1,-1,-1,-1,9,E01025633,0,-1
2020052001186,2020,052001186,1,9,0,2,2,0,0,0,0,0,0,0,0,0,3,1,3,7,3,-1,-1,-1,-1,-1,-1,-1,-1,0,-1
202060Y027223,2020,60Y027223,1,9,0,17,19,6,3,0,0,0,2,0,7,9,3,1,6,6,1,18,4,-1,-1,-1,-1,-1,-1,0,-1
2020160985834,2020,160985834,1,1,0,18,19,2,6,0,0,6,0,0,0,0,1,1,6,6,1,26,6,-1,-1,-1,-1,1,E01013140,0,-1
2020220939984,2020,220939984,1,1,0,18,19,2,6,0,0,0,0,4,0,0,1,1,6,6,1,48,8,-1,-1,-1,-1,7,E01014029,0,-1
2020460997782,2020,460997782,1,19,0,18,19,7,3,0,0,0,0,0,0,0,4,1,6,6,3,-1,-1,-1,-1,-1,-1,-1,-1,0,-1
2020430282558,2020,430282558,2,5,0,18,19,1,5,0,0,1,0,0,0,0,1,1,6,6,1,44,7,-1,-1,-1,-1,-1,-1,0,-1
2020440023251,2020,440023251,2,1,0,18,19,5,1,0,0,8,0,0,0,0,4,1,2,2,1,24,5,-1,-1,-1,-1,2,E01017109,0,-1
202006K271031,2020,06K271031,1,1,0,18,19,8,4,0,0,8,0,0,0,0,1,1,6,6,1,32,6,-1,-1,-1,-1,1,E01012752,0,-1
2020200931600,2020,200931600,1,9,0,9,9,4,2,0,0,8,0,0,0,0,4,1,6,6,1,-1,-1,-1,-1,-1,-1,-1,-1,0,-1
2020440193320,2020,440193320,1,1,0,18,19,4,8,0,0,6,0,0,0,0,3,1,6,6,2,16,4,-1,-1,-1,-1,7,E01017316,0,-1
2020545605820,2020,545605820,2,9,0,4,4,5,8,0,0,0,0,0,0,0,1,1,1,1,1,30,6,-1,-1,-1,-1,8,E01032088,0,-1
2020010272461,2020,010272461,1,1,9,99,99,9,9,99,99,9,9,99,9,99,1,1,6,6,1,32,6,-1,-1,-1,-1,1,E01003184,0,-1
2020332000632,2020,332000632,1,9,0,7,7,5,7,0,0,6,0,0,0,0,3,1,6,6,1,27,6,-1,-1,-1,-1,3,E01013713,0,-1
20201377H1031,2020,1377H1031,2,1,0,18,19,5,1,0,0,8,0,0,0,0,1,1,6,6,1,31,6,-1,-1,-1,-1,2,E01011235,0,-1
2020220989394,2020,220989394,1,9,0,18,19,1,5,0,0,4,0,0,0,0,1,1,6,6,3,34,6,-1,-1,-1,-1,-1,-1,0,-1
202060Y150186,2020,60Y150186,1,98,0,10,10,8,5,0,0,8,0,0,0,0,1,1,2,2,1,39,7,-1,-1,-1,-1,-1,-1,0,-1
2020010281275,2020,010281275,2,2,0,18,19,3,7,0,0,1,0,0,0,0,2,1,6,6,1,29,6,-1,-1,-1,-1,4,E01000799,0,-1
2020010269896,2020,010269896,1,1,9,99,99,9,9,99,99,9,9,99,9,99,1,1,6,6,1,24,5,-1,-1,-1,-1,3,E01003379,0,-1
202031C004020,2020,31C004020,2,1,0,18,19,1,5,4,4,8,0,0,0,0,1,1,6,6,1,70,10,-1,-1,-1,-1,10,E01028216,0,-1
2020302001320,2020,302001320,1,1,0,18,19,2,6,0,0,8,0,0,0,0,1,1,2,2,1,48,8,-1,-1,-1,-1,4,E01013460,0,-1
2020610004620,2020,610004620,2,9,0,18,19,5,1,0,0,3,0,0,0,0,1,1,6,6,1,67,10,-1,-1,-1,-1,6,W01001380,0,-1
2020552100165,2020,552100165,2,1,0,18,19,2,6,0,0,8,0,0,0,0,4,1,6,6,1,25,5,-1,-1,-1,-1,6,E01015368,0,-1
2020010230037,2020,010230037,2,9,1,99,99,9,9,99,99,9,9,99,9,99,1,9,6,6,3,-1,-1,-1,-1,-1,-1,-1,-1,0,-1
2020220936059,2020,220936059,2,16,0,18,19,4,8,0,0,0,0,0,0,0,4,1,5,6,2,16,4,-1,-1,-1,-1,5,E01009797,0,-1
2020220969702,2020,220969702,1,9,0,18,19,2,6,0,0,0,0,0,1,0,1,1,5,6,1,40,7,-1,-1,-1,-1,-1,-1,0,-1
2020400995401,2020,400995401,2,1,0,18,19,3,7,0,0,1,0,0,0,0,1,1,6,6,1,56,9,-1,-1,-1,-1,2,E01015702,0,-1
2020010261529,2020,010261529,2,-1,0,3,3,1,5,0,0,1,0,0,0,0,4,1,6,6,1,42,7,-1,-1,-1,-1,2,E01003063,1,-1
2020990941220,2020,990941220,2,1,0,18,19,3,8,4,4,1,0,0,0,0,2,1,6,6,2,27,6,-1,-1,-1,-1,8,-1,0,-1
2020010248286,2020,010248286,2,1,0,18,19,5,1,0,0,6,5,0,0,0,3,1,6,6,1,52,8,-1,-1,-1,-1,8,E01003399,0,-1
2020010235137,2020,010235137,1,1,9,99,99,9,9,99,99,9,9,99,9,99,9,1,2,2,1,27,6,-1,-1,-1,-1,4,E01002719,0,-1
2020030960884,2020,030960884,3,1,0,15,15,1,5,0,0,0,0,11,0,0,4,1,5,6,1,44,7,-1,-1,-1,-1,2,E01019294,0,-1
2020547208720,2020,547208720,2,97,0,18,19,3,7,0,0,2,0,0,0,0,4,1,6,6,3,40,7,-1,-1,-1,-1,-1,-1,0,-1
2020010261358,2020,010261358,1,9,0,9,9,4,1,0,0,6,0,0,0,0,1,1,6,6,3,-1,-1,-1,-1,-1,-1,-1,-1,0,-1
2020010262337,2020,010262337,2,1,0,4,4,8,4,0,0,1,2,0,0,0,1,1,6,6,1,15,3,-1,-1,-1,-1,3,E01001806,0,-1
20201379R1421,2020,1379R1421,1,9,0,18,19,1,5,0,0,1,0,0,7,0,1,1,6,6,1,18,4,-1,-1,-1,-1,7,-1,0,-1
2020220971818,2020,220971818,1,19,0,4,4,6,1,0,0,1,0,0,0,0,1,1,2,2,1,51,8,-1,-1,-1,-1,4,E01009861,0,-1
2020220948594,2020,220948594,1,9,0,13,13,2,6,0,0,8,0,10,7,10,4,1,1,1,1,27,6,-1,-1,-1,-1,-1,-1,0,-1
2020430313622,2020,430313622,2,9,0,9,9,3,1,0,0,4,0,0,0,0,3,1,6,6,1,-1,-1,-1,-1,-1,-1,-1,-1,0,-1
2020010257618,2020,010257618,1,1,3,18,19,7,3,4,4,1,0,0,0,0,1,1,2,2,1,39,7,-1,-1,-1,-1,6,E01002668,0,-1
2020010268023,2020,010268023,1,1,9,99,99,9,9,99,99,9,9,99,9,99,1,1,2,2,1,39,7,-1,-1,-1,-1,3,E01003998,0,-1
2020170H10530,2020,170H10530,2,1,0,18,19,7,3,0,0,8,0,0,0,0,1,1,6,6,1,34,6,-1,-1,-1,-1,1,E01011953,0,-1
2020137B91903,2020,137B91903,2,9,0,18,19,8,4,0,0,0,0,10,1,11,4,1,1,1,1,41,7,-1,-1,-1,-1,8,E01011884,0,-1
2020010265488,2020,010265488,2,-1,0,18,19,1,5,0,0,2,0,0,0,0,2,1,6,6,1,22,5,-1,-1,-1,-1,1,E01003516,1,-1
2020990993262,2020,990993262,1,1,0,18,19,1,5,0,0,1,0,0,0,0,4,1,4,7,1,11,3,-1,-1,-1,-1,3,-1,0,-1
2020460924512,2020,460924512,2,9,0,4,4,8,2,0,0,0,0,0,0,0,2,1,1,1,1,50,8,-1,-1,-1,-1,5,E01016116,0,-1
2020010258083,2020,010258083,1,9,0,18,19,1,5,0,0,1,0,0,1,0,3,1,6,6,1,61,9,-1,-1,-1,-1,2,E01000027,0,-1
202031A098520,2020,31A098520,2,23,0,18,19,1,6,0,0,8,0,0,0,0,1,1,6,6,1,12,3,-1,-1,-1,-1,4,E01027950,0,-1
2020340K01022,2020,340K01022,2,1,0,18,19,2,6,0,0,8,0,0,0,0,4,1,6,6,1,28,6,-1,-1,-1,-1,1,E01027127,0,-1
2020010248902,2020,010248902,2,19,9,99,99,9,9,99,99,2,9,99,9,99,9,9,6,6,3,-1,-1,-1,-1,-1,-1,-1,-1,0,-1
2020430066985,2020,430066985,2,1,0,18,19,6,2,0,0,1,0,0,0,0,3,1,6,6,1,16,4,-1,-1,-1,-1,10,E01028710,0,-1
2020100966264,2020,100966264,1,9,0,15,15,3,7,0,0,0,0,0,0,0,4,1,6,6,2,60,9,-1,-1,-1,-1,-1,-1,0,-1
2020010271326,2020,010271326,2,1,9,99,99,9,9,99,99,9,9,99,9,99,1,1,6,6,3,-1,-1,-1,-1,-1,-1,3,E01001938,0,-1
2020420955839,2020,420955839,3,9,0,2,2,0,0,6,6,0,0,0,0,0,2,1,6,6,3,-1,-1,-1,-1,-1,-1,-1,-1,0,-1
2020010232788,2020,010232788,1,97,0,18,19,2,6,0,0,8,0,0,0,0,1,1,6,6,3,-1,-1,-1,-1,-1,-1,-1,-1,0,-1
202054B721320,2020,54B721320,1,9,0,18,19,5,1,0,0,0,0,0,0,0,3,1,6,6,3,40,7,-1,-1,-1,-1,-1,-1,0,-1
2020332001224,2020,332001224,2,19,0,18,19,4,8,0,0,0,0,0,0,0,0,1,6,6,1,31,6,-1,-1,-1,-1,-1,-1,0,-1
2020010277660,2020,010277660,2,9,9,99,99,9,9,99,99,1,9,99,9,99,9,1,6,6,3,-1,-1,-1,-1,-1,-1,-1,-1,0,-1
2020410950723,2020,410950723,2,9,0,18,19,8,4,0,0,0,0,0,0,0,4,1,5,6,1,46,8,-1,-1,-1,-1,7,E01023517,0,-1
2020440463396,2020,440463396,1,1,0,18,19,2,6,0,0,0,0,0,2,5,1,1,6,6,1,28,6,-1,-1,-1,-1,9,E01022717,0,-1
2020010233445,2020,010233445,1,2,0,5,5,7,3,0,0,0,0,0,0,0,1,1,6,6,3,-1,-1,-1,-1,-1,-1,-1,-1,0,-1
2020332000268,2020,332000268,2,8,0,18,19,1,5,0,0,8,0,0,0,0,0,1,1,1,1,49,8,-1,-1,-1,-1,8,E01025972,0,-1
2020010250415,2020,010250415,2,9,0,9,9,3,8,0,0,1,0,0,0,0,1,1,1,1,1,39,7,-1,-1,-1,-1,5,E01003016,0,-1
2020160986307,2020,160986307,2,9,0,18,19,3,7,0,0,0,0,0,0,0,1,1,6,6,3,-1,-1,-1,-1,-1,-1,-1,-1,0,-1
2020520100621,2020,520100621,2,19,4,5,5,8,4,0,0,4,0,0,0,0,3,1,1,1,1,55,8,-1,-1,-1,-1,-1,-1,0,-1
2020302000745,2020,302000745,2,1,0,16,19,1,3,0,0,0,0,0,0,0,1,1,6,6,1,44,7,-1,-1,-1,-1,3,E01013517,0,-1
2020110951149,2020,110951149,2,1,0,18,19,5,1,0,0,1,0,0,0,0,2,1,6,6,1,38,7,-1,-1,-1,-1,7,E01012366,0,-1
2020122000498,2020,122000498,2,1,0,17,19,7,4,0,0,8,0,0,1,10,3,1,6,6,1,46,8,-1,-1,-1,-1,9,E01011522,0,-1
2020010237580,2020,010237580,2,9,0,99,99,9,9,99,99,9,9,99,9,99,0,9,6,6,3,-1,-1,-1,-1,-1,-1,-1,-1,0,-1
202060Y010923,2020,60Y010923,1,9,0,5,5,4,7,0,0,2,1,0,0,0,3,1,6,6,2,70,10,-1,-1,-1,-1,-1,-1,0,-1
202054A118320,2020,54A118320,2,1,0,18,19,3,7,0,0,0,0,0,0,0,4,1,6,6,1,66,10,-1,-1,-1,-1,9,E01032099,0,-1
2020450977448,2020,450977448,2,1,0,18,19,1,5,0,0,0,0,0,0,0,1,1,6,6,2,39,7,-1,-1,-1,-1,8,E01016148,0,-1
2020420961286,2020,420961286,3,9,0,2,2,0,0,0,0,1,0,0,0,0,3,1,6,6,3,-1,-1,-1,-1,-1,-1,-1,-1,0,-1
2020010255897,2020,010255897,2,9,0,99,99,9,9,99,99,9,9,99,9,99,1,9,6,6,3,-1,-1,-1,-1,-1,-1,-1,-1,0,-1
2020430215227,2020,430215227,1,9,0,4,4,2,6,0,0,0,0,0,3,3,1,1,6,6,2,66,10,-1,-1,-1,-1,10,E01028804,0,-1
2020052000344,2020,052000344,1,9,0,9,9,8,5,0,0,8,0,0,0,0,1,1,6,6,3,-1,-1,-1,-1,-1,-1,-1,-1,0,-1
2020470936625,2020,470936625,1,98,0,18,19,1,5,0,0,0,0,0,0,0,0,1,6,6,3,-1,-1,-1,-1,-1,-1,-1,-1,0,-1
2020332000284,2020,332000284,1,9,0,9,9,3,1,0,0,6,0,0,0,0,1,1,6,6,2,44,7,-1,-1,-1,-1,10,E01025676,0,-1
2020440380799,2020,440380799,2,9,0,4,4,8,4,0,0,2,0,0,0,0,2,1,6,6,1,42,7,-1,-1,-1,-1,3,E01017127,0,-1
2020070535424,2020,070535424,1,1,0,5,5,2,8,0,0,1,0,0,0,0,1,1,6,6,1,22,5,-1,-1,-1,-1,-1,-1,0,-1
2020420918313,2020,420918313,1,19,0,12,12,3,7,0,0,0,0,0,0,0,3,1,1,1,3,-1,-1,-1,-1,-1,-1,-1,-1,0,-1
2020070291156,2020,070291156,2,1,0,18,19,5,1,0,0,0,0,0,0,0,2,1,6,6,1,50,8,-1,-1,-1,-1,9,E01012502,0,-1
202031D181620,2020,31D181620,1,3,0,18,19,3,7,0,0,0,0,0,0,0,1,1,6,6,1,31,6,-1,-1,-1,-1,8,E01027938,0,-1
2020302001110,2020,302001110,1,1,0,18,19,4,8,0,0,0,0,11,0,0,0,1,6,6,1,58,9,-1,-1,-1,-1,6,E01013589,0,-1
2020201005670,2020,201005670,2,9,0,9,9,4,2,0,0,5,0,0,0,0,2,1,6,6,3,-1,-1,-1,-1,-1,-1,-1,-1,0,-1
2020360937827,2020,360937827,1,98,0,18,19,3,7,0,0,0,0,0,0,0,1,1,5,6,3,-1,-1,-1,-1,-1,-1,-1,-1,0,-1
2020460982071,2020,460982071,2,1,0,18,19,3,8,0,0,1,0,0,0,0,0,1,5,6,1,20,4,-1,-1,-1,-1,4,E01024118,0,-1
2020010228334,2020,010228334,2,1,0,18,19,7,3,0,0,0,0,0,0,0,2,1,6,6,1,46,8,-1,-1,-1,-1,7,E01002538,0,-1
2020420960715,2020,420960715,1,19,0,17,19,7,3,0,0,0,0,0,0,0,1,1,1,1,1,35,6,-1,-1,-1,-1,6,E01021884,0,-1
2020230921914,2020,230921914,2,9,0,13,13,2,6,0,0,0,0,0,0,0,0,1,6,6,3,34,6,-1,-1,-1,-1,-1,-1,0,-1
2020010246500,2020,010246500,1,1,9,99,99,9,9,99,99,9,9,99,9,99,1,1,2,2,1,41,7,-1,-1,-1,-1,5,E01003224,0,-1
2020160970017,2020,160970017,2,9,0,18,19,1,5,0,0,2,0,0,0,0,2,1,6,6,1,34,6,-1,-1,-1,-1,2,E01012903,0,-1
2020010260103,2020,010260103,2,1,0,18,19,7,3,5,5,1,0,10,0,0,1,1,1,1,2,25,5,-1,-1,-1,-1,1,E01001979,0,-1
2020360981511,2020,360981511,1,1,0,18,19,4,8,0,0,2,0,0,0,0,-1,1,6,6,1,-1,-1,-1,-1,-1,-1,-1,-1,0,-1
2020360918995,2020,360918995,2,9,0,18,19,7,3,0,0,0,0,0,0,0,4,1,6,6,2,-1,-1,-1,-1,-1,-1,-1,-1,0,-1
202060Y024411,2020,60Y024411,3,9,0,2,2,0,0,0,0,0,0,0,0,0,3,1,1,1,1,55,8,-1,-1,-1,-1,-1,-1,0,-1
2020522001264,2020,522001264,1,9,0,10,10,5,1,0,0,8,0,0,0,0,2,1,6,6,1,44,7,-1,-1,-1,-1,9,E01014382,0,-1
2020211021134,2020,211021134,1,9,0,8,8,4,8,0,0,1,0,0,0,0,1,1,6,6,1,-1,-1,-1,-1,-1,-1,-1,-1,0,-1
2020040954165,2020,040954165,1,9,0,17,19,5,1,0,0,0,0,0,0,0,3,1,6,6,3,-1,-1,-1,-1,-1,-1,-1,-1,0,-1
2020520100667,2020,520100667,2,9,0,18,19,5,1,0,0,8,0,0,0,0,4,1,6,6,1,27,6,-1,-1,-1,-1,6,E01029078,0,-1
2020200928562,2020,200928562,2,9,0,18,19,3,7,0,0,3,0,0,0,0,4,1,6,6,1,34,6,-1,-1,-1,-1,6,E01010012,0,-1
2020421012371,2020,421012371,1,9,0,9,9,5,3,0,0,1,0,0,0,0,3,1,6,6,3,-1,-1,-1,-1,-1,-1,-1,-1,0,-1
2020141010196,2020,141010196,2,1,0,18,19,1,5,0,0,1,0,0,0,0,2,1,6,6,1,17,4,-1,-1,-1,-1,1,E01007352,0,-1
2020450979785,2020,450979785,1,9,0,18,19,1,5,0,0,2,0,0,0,0,1,2,3,7,2,48,8,-1,-1,-1,-1,-1,-1,0,-1
2020010268617,2020,010268617,2,1,0,18,19,1,5,0,0,1,0,0,0,0,1,1,6,6,1,39,7,-1,-1,-1,-1,5,E01033283,0,-1
2020220928657,2020,220928657,1,9,0,7,7,6,8,0,0,7,0,0,3,0,1,1,5,6,2,24,5,-1,-1,-1,-1,1,E01032932,0,-1
2020332000909,2020,332000909,2,2,0,4,4,2,6,0,0,2,0,0,0,0,1,1,6,6,1,16,4,-1,-1,-1,-1,8,E01025871,0,-1
2020421009618,2020,421009618,2,1,0,18,19,7,3,0,0,1,0,0,1,0,4,1,6,6,1,50,8,-1,-1,-1,-1,4,E01015905,0,-1
202060Y109701,2020,60Y109701,2,9,0,4,4,6,2,0,0,5,0,0,0,0,0,1,6,6,1,53,8,-1,-1,-1,-1,-1,-1,0,-1
2020010267558,2020,010267558,2,1,0,18,19,1,5,0,0,1,5,0,0,0,1,1,1,1,1,20,4,-1,-1,-1,-1,1,E01033455,0,-1
2020401029041,2020,401029041,1,1,0,18,19,3,7,9,9,1,0,0,0,0,1,1,6,6,1,-1,-1,-1,-1,-1,-1,-1,-1,0,-1
2020052002317,2020,052002317,2,1,0,5,5,1,7,0,0,8,0,0,0,0,3,1,2,2,1,22,5,-1,-1,-1,-1,2,E01007244,0,-1
2020421004459,2020,421004459,2,9,0,18,19,3,7,0,0,0,1,1,0,0,1,1,2,2,1,24,5,-1,-1,-1,-1,8,E01025923,0,-1