collision_index,collision_year,collision_ref_no,vehicle_reference,vehicle_type,towing_and_articulation,vehicle_manoeuvre_historic,vehicle_manoeuvre,vehicle_direction_from,vehicle_direction_to,vehicle_location_restricted_lane_historic,vehicle_location_restricted_lane,junction_location,skidding_and_overturning,hit_object_in_carriageway,vehicle_leaving_carriageway,hit_object_off_carriageway,first_point_of_impact,vehicle_left_hand_drive,journey_purpose_of_driver_historic,journey_purpose_of_driver,sex_of_driver,age_of_driver,age_band_of_driver,engine_capacity_cc,propulsion_code,age_of_vehicle,generic_make_model,driver_imd_decile,lsoa_of_driver,escooter_flag,driver_distance_banding
2020460984564,2020,460984564,1,9,0,11,11,2,6,0,0,3,0,0,0,0,4,1,6,6,3,-1,-1,-1,-1,-1,-1,-1,-1,0,-1
202060Y100566,2020,60Y100566,2,1,0,18,19,6,2,0,0,8,0,0,0,0,4,1,6,6,1,36,7,-1,-1,-1,-1,-1,-1,0,-1
2020211005227,2020,211005227,1,9,0,18,19,4,8,0,0,0,0,4,0,0,1,1,6,6,1,54,8,-1,-1,-1,-1,9,E01009416,0,-1
2020451004717,2020,451004717,1,9,0,18,19,0,0,0,0,0,0,0,0,0,1,1,6,6,3,-1,-1,-1,-1,-1,-1,-1,-1,0,-1
2020010267916,2020,010267916,2,9,0,99,99,9,9,99,99,9,9,99,9,99,9,9,6,6,3,-1,-1,-1,-1,-1,-1,-1,-1,0,-1
2020031028783,2020,031028783,2,1,0,3,3,5,1,0,0,0,0,0,0,0,3,1,6,6,1,33,6,-1,-1,-1,-1,4,E01019247,0,-1
2020122000450,2020,122000450,1,1,0,16,19,8,4,0,0,0,0,0,0,0,1,1,6,6,1,69,10,-1,-1,-1,-1,10,E01027718,0,-1
202031C090620,2020,31C090620,1,1,0,18,19,8,4,0,0,8,0,0,0,0,4,1,6,6,1,35,6,-1,-1,-1,-1,1,E01013810,0,-1
2020420990156,2020,420990156,1,9,0,12,12,3,7,0,0,0,0,0,0,0,3,1,6,6,1,-1,-1,-1,-1,-1,-1,-1,-1,0,-1
2020460924937,2020,460924937,1,98,1,18,19,1,5,0,0,0,0,0,0,0,1,1,6,6,3,-1,-1,-1,-1,-1,-1,-1,-1,0,-1
2020470995295,2020,470995295,2,10,0,18,19,5,1,0,0,8,0,0,0,0,1,1,5,6,1,36,7,-1,-1,-1,-1,5,E01016991,0,-1
2020500955208,2020,500955208,2,1,0,18,19,7,3,0,0,0,0,0,0,0,0,1,6,6,2,58,9,-1,-1,-1,-1,4,E01018863,0,-1
2020101006563,2020,101006563,1,9,0,18,19,2,6,0,0,1,0,0,0,0,1,1,5,6,1,18,4,-1,-1,-1,-1,10,E01008264,0,-1
2020201017987,2020,201017987,3,98,0,3,3,6,2,0,0,0,0,0,0,0,2,1,6,6,1,52,8,-1,-1,-1,-1,7,E01032228,0,-1
2020990995263,2020,990995263,1,1,0,7,7,7,1,0,0,0,5,0,0,0,1,1,5,6,1,13,3,-1,-1,-1,-1,8,-1,0,-1
2020500955200,2020,500955200,1,9,0,18,19,1,5,0,0,0,0,0,0,0,3,1,6,6,3,-1,-1,-1,-1,-1,-1,-1,-1,0,-1
2020500999646,2020,500999646,2,1,0,18,19,4,7,9,9,0,0,11,0,0,1,1,2,2,2,18,4,-1,-1,-1,-1,6,E01015132,0,-1
2020340C07762,2020,340C07762,2,1,0,18,19,3,7,0,0,8,5,0,0,0,0,1,2,2,2,44,7,-1,-1,-1,-1,-1,-1,0,-1
2020430059256,2020,430059256,3,9,0,18,19,4,8,0,0,0,0,0,0,0,3,1,6,6,2,-1,-1,-1,-1,-1,-1,-1,-1,0,-1
2020430338722,2020,430338722,3,19,0,2,2,0,0,0,0,2,0,0,0,0,2,1,6,6,1,-1,-1,-1,-1,-1,-1,4,E01016484,0,-1
202031B050720,2020,31B050720,2,1,0,18,19,6,2,9,9,8,0,0,0,0,1,1,6,6,1,23,5,-1,-1,-1,-1,4,E01028343,0,-1
2020041008706,2020,041008706,1,23,0,18,19,5,1,0,0,0,0,0,0,0,1,1,6,6,1,31,6,-1,-1,-1,-1,1,E01025482,0,-1
2020100931888,2020,100931888,2,9,0,3,3,4,8,0,0,1,0,0,0,0,2,1,5,6,2,19,4,-1,-1,-1,-1,1,E01027540,0,-1
2020160975121,2020,160975121,2,1,0,18,19,2,7,0,0,8,0,0,0,0,0,1,6,6,1,75,10,-1,-1,-1,-1,10,E01013066,0,-1
2020010258731,2020,010258731,1,3,0,99,99,9,9,99,99,9,9,99,9,99,9,1,6,6,1,34,6,-1,-1,-1,-1,5,E01000505,0,-1
202006J177730,2020,06J177730,1,9,0,5,5,1,5,0,0,8,0,0,0,0,4,1,6,6,1,30,6,-1,-1,-1,-1,4,E01005331,0,-1
2020440265417,2020,440265417,1,5,0,17,19,8,4,0,0,8,1,0,0,0,1,1,6,6,1,73,10,-1,-1,-1,-1,10,E01023194,0,-1
2020302000794,2020,302000794,1,21,1,18,19,5,4,0,0,3,0,0,0,0,1,2,6,6,3,-1,-1,-1,-1,-1,-1,5,E01019456,0,-1
2020450919732,2020,450919732,1,9,0,18,19,1,4,0,0,0,0,0,0,0,1,1,6,6,1,38,7,-1,-1,-1,-1,7,E01022506,0,-1
2020040970459,2020,040970459,3,9,0,2,2,0,0,0,0,2,0,0,0,0,4,1,6,6,3,-1,-1,-1,-1,-1,-1,-1,-1,0,-1
2020010230164,2020,010230164,1,9,0,99,99,9,9,99,99,9,9,99,9,99,1,9,6,6,3,-1,-1,-1,-1,-1,-1,-1,-1,0,-1
2020052001937,2020,052001937,2,1,0,9,9,6,2,0,0,0,0,0,7,11,3,1,6,6,1,14,3,-1,-1,-1,-1,7,E01006368,0,-1
2020010240269,2020,010240269,2,9,0,18,19,3,7,0,0,8,0,0,0,0,1,1,6,6,3,-1,-1,-1,-1,-1,-1,-1,-1,0,-1
2020410971437,2020,410971437,2,9,0,18,19,1,5,0,0,0,0,0,0,0,1,1,5,6,2,37,7,-1,-1,-1,-1,6,E01002485,0,-1
2020320247083,2020,320247083,1,9,0,18,19,1,5,0,0,8,2,0,7,2,1,1,6,6,2,40,7,-1,-1,-1,-1,1,E01026173,0,-1
2020200948979,2020,200948979,2,2,0,18,19,2,6,0,0,0,0,0,0,0,2,1,6,6,1,19,4,-1,-1,-1,-1,1,E01009378,0,-1
2020140960063,2020,140960063,2,9,0,7,7,1,5,0,0,1,0,0,0,0,4,1,6,6,2,-1,-1,-1,-1,-1,-1,1,E01008086,0,-1
2020470950137,2020,470950137,1,1,0,18,19,5,1,0,0,1,1,11,0,0,0,1,6,6,1,36,7,-1,-1,-1,-1,9,E01022971,0,-1
2020340N06112,2020,340N06112,1,19,0,18,19,5,1,0,0,0,0,0,0,0,3,1,1,1,1,41,7,-1,-1,-1,-1,8,E01032975,0,-1
2020470993030,2020,470993030,3,9,0,7,7,6,8,0,0,0,0,0,0,0,0,1,6,6,3,-1,-1,-1,-1,-1,-1,-1,-1,0,-1
2020420975919,2020,420975919,1,9,0,18,19,7,3,0,0,1,1,0,0,0,1,1,5,6,1,39,7,-1,-1,-1,-1,6,E01030154,0,-1
2020522101207,2020,522101207,2,1,0,18,19,2,6,0,0,8,0,0,0,0,1,1,6,6,2,33,6,-1,-1,-1,-1,4,E01014488,0,-1
2020332000423,2020,332000423,1,9,0,7,7,5,7,0,0,2,0,0,0,0,4,1,6,6,1,64,9,-1,-1,-1,-1,10,E01025741,0,-1
2020460947343,2020,460947343,2,1,0,9,9,8,3,0,0,8,0,0,0,0,1,1,5,6,1,55,8,-1,-1,-1,-1,9,E01024851,0,-1
2020122000947,2020,122000947,1,9,0,5,5,1,5,0,0,4,0,0,0,0,4,1,2,2,1,59,9,-1,-1,-1,-1,9,E01032593,0,-1
2020410982876,2020,410982876,3,1,0,18,19,3,7,0,0,0,0,0,0,0,0,1,6,6,1,65,9,-1,-1,-1,-1,8,E01023486,0,-1
2020990976860,2020,990976860,2,1,0,18,19,6,2,0,0,1,0,0,0,0,1,1,2,2,1,52,8,-1,-1,-1,-1,3,-1,0,-1
2020137270037,2020,137270037,1,1,0,18,19,3,6,0,0,8,0,0,0,0,0,1,6,6,1,59,9,-1,-1,-1,-1,7,E01010573,0,-1
2020110985026,2020,110985026,1,9,0,18,19,2,6,0,0,0,0,0,0,0,4,1,2,2,1,82,11,-1,-1,-1,-1,7,E01027761,0,-1
2020990931143,2020,990931143,3,9,0,2,2,0,0,0,0,0,0,0,0,0,1,1,5,6,1,59,9,-1,-1,-1,-1,7,-1,0,-1
2020450970450,2020,450970450,1,1,0,17,19,3,3,0,0,1,0,0,0,0,1,1,5,6,1,59,9,-1,-1,-1,-1,5,E01003134,0,-1
2020420985847,2020,420985847,1,9,0,18,19,7,3,0,0,0,0,0,7,0,2,1,5,6,1,64,9,-1,-1,-1,-1,2,E01003502,0,-1
2020220970342,2020,220970342,2,1,0,7,7,7,1,0,0,5,0,10,1,0,1,1,5,6,1,25,5,-1,-1,-1,-1,8,E01032455,0,-1
2020440352617,2020,440352617,2,1,0,18,19,3,7,0,0,0,0,0,0,0,2,1,6,6,1,73,10,-1,-1,-1,-1,7,E01022990,0,-1
2020010257670,2020,010257670,2,19,3,13,13,5,1,0,0,8,9,0,0,99,4,1,6,6,1,-1,-1,-1,-1,-1,-1,-1,-1,0,-1
2020010916585,2020,010916585,2,9,0,15,15,8,4,0,0,0,0,0,0,0,4,1,5,6,1,53,8,-1,-1,-1,-1,3,E01033209,0,-1
2020010273925,2020,010273925,1,19,0,3,3,5,1,2,2,0,0,0,0,0,2,1,1,1,1,46,8,-1,-1,-1,-1,4,E01001247,0,-1
2020340K04272,2020,340K04272,2,9,0,2,2,0,0,0,0,0,0,0,0,0,0,1,6,6,1,24,5,-1,-1,-1,-1,6,E01032970,0,-1
2020350922044,2020,350922044,2,1,0,10,10,3,7,0,0,1,0,0,0,0,1,1,4,7,1,12,3,-1,-1,-1,-1,10,E01018305,0,-1
2020010267995,2020,010267995,1,2,0,99,99,9,9,99,99,0,9,99,9,99,1,1,6,6,3,-1,-1,-1,-1,-1,-1,-1,-1,0,-1
2020040939957,2020,040939957,1,1,0,17,19,5,1,0,0,1,0,0,0,0,0,1,6,6,1,42,7,-1,-1,-1,-1,-1,-1,0,-1
202006E170420,2020,06E170420,1,9,0,18,19,2,6,0,0,1,0,0,0,0,1,1,6,6,3,-1,-1,-1,-1,-1,-1,-1,-1,0,-1
2020010264001,2020,010264001,2,9,0,18,19,-1,-1,0,0,8,0,0,0,0,2,1,6,6,3,-1,-1,-1,-1,-1,-1,-1,-1,0,-1
2020430104797,2020,430104797,1,3,0,18,19,6,2,0,0,3,0,0,0,0,1,1,6,6,1,19,4,-1,-1,-1,-1,3,E01016452,0,-1
2020160948012,2020,160948012,1,1,0,18,19,1,5,0,0,1,0,0,0,0,4,1,5,6,2,58,9,-1,-1,-1,-1,5,E01013119,0,-1
2020200936800,2020,200936800,3,9,0,2,2,0,0,0,0,2,0,0,0,0,0,1,5,6,3,-1,-1,-1,-1,-1,-1,-1,-1,0,-1
2020141007036,2020,141007036,2,1,0,-1,-1,-1,-1,-1,-1,0,-1,-1,-1,0,-1,1,6,6,1,41,7,-1,-1,-1,-1,1,E01007534,0,-1
2020332000388,2020,332000388,2,5,0,18,19,8,4,0,0,8,0,0,0,0,3,1,2,2,1,27,6,-1,-1,-1,-1,4,E01025988,0,-1
2020030978542,2020,030978542,3,9,0,2,2,0,0,9,9,0,0,0,0,0,1,1,6,6,3,-1,-1,-1,-1,-1,-1,-1,-1,0,-1
2020990990048,2020,990990048,2,1,0,5,5,7,3,0,0,2,0,0,0,0,1,1,2,2,1,55,8,-1,-1,-1,-1,9,-1,0,-1
2020137B40659,2020,137B40659,1,9,0,18,19,5,1,0,0,0,0,0,0,0,1,1,6,6,1,23,5,-1,-1,-1,-1,3,E01011090,0,-1
2020030948546,2020,030948546,1,1,0,18,19,4,8,0,0,8,0,0,0,0,1,1,6,6,1,-1,-1,-1,-1,-1,-1,1,E01019158,0,-1
202006L172822,2020,06L172822,1,1,0,13,13,6,2,0,0,0,0,0,0,0,2,1,6,6,1,31,6,-1,-1,-1,-1,9,E01006316,0,-1
2020010254755,2020,010254755,2,9,0,18,19,2,6,0,0,8,0,0,0,0,1,1,6,6,3,-1,-1,-1,-1,-1,-1,-1,-1,0,-1
2020361012448,2020,361012448,1,9,0,18,19,5,8,0,0,4,0,0,1,0,2,1,5,6,1,29,6,-1,-1,-1,-1,1,E01026619,0,-1
2020302000586,2020,302000586,2,1,0,18,19,1,5,0,0,5,0,0,0,0,3,1,6,6,1,86,11,-1,-1,-1,-1,9,E01013561,0,-1
2020137231007,2020,137231007,1,9,0,2,2,0,0,0,0,0,0,0,0,0,0,1,6,6,3,-1,-1,-1,-1,-1,-1,-1,-1,0,-1
2020622000430,2020,622000430,1,3,0,17,19,4,8,0,0,0,1,0,0,0,1,1,6,6,1,33,6,-1,-1,-1,-1,3,W01001145,0,-1
2020410992169,2020,410992169,2,9,0,18,19,8,3,0,0,3,0,0,0,0,3,1,1,1,1,57,9,-1,-1,-1,-1,-1,-1,0,-1
2020010248047,2020,010248047,1,9,0,4,4,8,4,0,0,1,0,0,0,0,4,1,6,6,2,29,6,-1,-1,-1,-1,8,E01003814,0,-1
2020552000288,2020,552000288,2,1,0,18,19,8,4,0,0,0,0,0,0,0,2,1,6,6,1,56,9,-1,-1,-1,-1,5,E01020410,0,-1
2020041004406,2020,041004406,2,1,0,18,19,5,1,0,0,1,0,10,0,0,1,1,5,6,1,51,8,-1,-1,-1,-1,9,E01025324,0,-1
2020440188649,2020,440188649,1,3,0,18,19,4,2,0,0,1,0,0,0,0,1,1,6,6,1,18,4,-1,-1,-1,-1,7,E01022858,0,-1
2020010271686,2020,010271686,2,9,0,17,19,2,6,0,0,0,1,4,0,0,4,1,6,6,3,-1,-1,-1,-1,-1,-1,-1,-1,0,-1
2020010266528,2020,010266528,1,1,9,99,99,9,9,99,99,9,9,99,9,99,9,1,2,2,2,30,6,-1,-1,-1,-1,2,E01002056,0,-1
2020010249145,2020,010249145,1,1,0,14,14,7,3,0,0,0,0,0,0,0,4,1,6,6,1,65,9,-1,-1,-1,-1,7,E01002965,0,-1
2020460945037,2020,460945037,2,4,0,16,19,8,4,0,0,0,0,7,0,0,4,1,5,6,1,19,4,-1,-1,-1,-1,3,E01016150,0,-1
2020450919935,2020,450919935,1,1,0,18,19,3,7,0,0,0,0,0,0,0,3,1,6,6,1,18,4,-1,-1,-1,-1,8,E01030675,0,-1
2020230980893,2020,230980893,2,9,0,18,19,2,6,0,0,0,0,0,0,0,0,1,5,6,3,-1,-1,-1,-1,-1,-1,-1,-1,0,-1
2020350979856,2020,350979856,2,1,0,18,19,1,5,0,0,8,5,0,0,0,1,1,6,6,1,57,9,-1,-1,-1,-1,4,E01018024,0,-1
2020470947906,2020,470947906,2,1,0,18,19,4,8,0,0,8,0,0,0,0,4,1,5,6,1,50,8,-1,-1,-1,-1,6,E01031343,0,-1
2020140977456,2020,140977456,2,9,0,-1,-1,-1,-1,-1,-1,-1,-1,-1,-1,0,-1,1,6,6,3,-1,-1,-1,-1,-1,-1,-1,-1,0,-1
202060Y121285,2020,60Y121285,2,9,0,18,19,7,3,0,0,1,0,0,0,0,1,1,6,6,2,44,7,-1,-1,-1,-1,-1,-1,0,-1
2020070733123,2020,070733123,2,1,0,18,19,4,8,9,9,8,0,0,0,0,4,1,2,2,1,34,6,-1,-1,-1,-1,3,E01018482,0,-1
2020010256597,2020,010256597,1,1,9,99,99,9,9,99,99,0,9,99,9,99,9,1,6,6,2,26,6,-1,-1,-1,-1,5,E01004610,0,-1
2020210969162,2020,210969162,2,1,0,18,19,4,8,0,0,0,0,0,0,0,3,1,5,6,1,15,3,-1,-1,-1,-1,5,E01029540,0,-1
2020552000325,2020,552000325,2,1,0,18,19,5,1,0,0,8,0,0,1,0,4,1,6,6,1,67,10,-1,-1,-1,-1,2,E01020553,0,-1
2020140988076,2020,140988076,2,1,0,18,19,7,3,0,0,1,0,0,0,0,1,1,2,2,1,27,6,-1,-1,-1,-1,4,E01008155,0,-1
2020010273570,2020,010273570,2,1,0,18,19,5,1,0,0,8,0,0,0,0,4,1,6,6,2,62,9,-1,-1,-1,-1,2,E01003298,0,-1
2020010268058,2020,010268058,1,1,9,99,99,9,9,99,99,9,9,99,9,99,1,1,2,2,1,37,7,-1,-1,-1,-1,6,E01001607,0,-1
2020170M20710,2020,170M20710,2,4,0,18,19,8,4,0,0,8,0,0,0,0,1,1,6,6,1,26,6,-1,-1,-1,-1,1,E01012014,0,-1
2020010243093,2020,010243093,2,3,0,4,4,5,1,0,0,0,0,0,0,0,0,1,6,6,1,32,6,-1,-1,-1,-1,3,E01004426,0,-1
2020010252836,2020,010252836,2,9,0,99,99,9,9,99,99,9,9,99,9,99,9,9,6,6,3,-1,-1,-1,-1,-1,-1,-1,-1,0,-1
2020350962279,2020,350962279,1,9,-1,-1,-1,-1,-1,-1,-1,1,-1,-1,-1,0,-1,1,5,6,3,-1,-1,-1,-1,-1,-1,-1,-1,0,-1
2020010287110,2020,010287110,2,1,0,18,19,3,7,0,0,2,0,0,0,0,2,1,1,1,1,31,6,-1,-1,-1,-1,2,E01001868,0,-1
202031D137720,2020,31D137720,1,19,0,18,19,6,2,0,0,1,0,0,0,0,4,1,6,6,2,54,8,-1,-1,-1,-1,10,E01028330,0,-1
2020420984979,2020,420984979,2,1,0,18,19,3,7,0,0,0,0,0,0,0,4,1,6,6,1,50,8,-1,-1,-1,-1,9,E01021798,0,-1
2020122000766,2020,122000766,1,9,0,18,19,8,4,0,0,0,0,0,0,0,0,1,6,6,1,22,5,-1,-1,-1,-1,6,E01027686,0,-1
2020010228693,2020,010228693,1,3,0,7,7,6,8,0,0,6,5,0,0,0,2,-1,6,6,1,18,4,-1,-1,-1,-1,2,E01001161,0,-1
2020531001775,2020,531001775,2,1,0,18,19,2,6,0,0,8,0,0,0,0,1,1,1,1,1,35,6,-1,-1,-1,-1,8,E01022144,0,-1
202060Y100884,2020,60Y100884,1,9,0,2,2,0,0,0,0,0,0,4,0,0,1,1,6,6,1,29,6,-1,-1,-1,-1,-1,-1,0,-1
2020231011192,2020,231011192,1,9,0,9,9,3,1,0,0,6,0,0,0,0,3,1,5,6,3,30,6,-1,-1,-1,-1,-1,-1,0,-1
2020041008071,2020,041008071,3,9,0,2,2,0,0,0,0,0,0,0,0,0,3,1,6,6,3,-1,-1,-1,-1,-1,-1,-1,-1,0,-1
2020361010790,2020,361010790,2,1,0,18,19,1,4,0,0,0,0,0,0,0,1,1,6,6,1,30,6,-1,-1,-1,-1,1,E01026662,0,-1
202031C054520,2020,31C054520,1,9,0,13,13,2,7,0,0,6,0,0,0,0,1,1,6,6,3,-1,-1,-1,-1,-1,-1,-1,-1,0,-1
2020370984010,2020,370984010,1,9,0,18,19,6,2,0,0,1,0,0,0,0,2,1,5,6,1,64,9,-1,-1,-1,-1,10,E01030050,0,-1
2020040965452,2020,040965452,2,1,0,18,19,8,4,0,0,0,0,0,0,0,2,1,6,6,1,35,6,-1,-1,-1,-1,7,E01025251,0,-1
2020440184384,2020,440184384,1,9,0,18,19,5,1,0,0,2,0,0,0,0,2,1,6,6,3,-1,-1,-1,-1,-1,-1,-1,-1,0,-1
2020110933639,2020,110933639,2,1,0,5,5,5,3,0,0,1,5,0,0,0,4,1,6,6,1,26,6,-1,-1,-1,-1,10,E01012315,0,-1
2020200970226,2020,200970226,1,97,0,16,19,4,6,0,0,0,1,10,0,0,1,1,6,6,1,28,6,-1,-1,-1,-1,5,E01009973,0,-1
2020320012319,2020,320012319,2,1,0,9,9,7,5,0,0,1,0,0,0,0,2,1,6,6,1,14,3,-1,-1,-1,-1,5,E01026245,0,-1
2020052001708,2020,052001708,2,9,0,18,19,2,6,0,0,0,0,0,0,0,2,1,6,6,3,-1,-1,-1,-1,-1,-1,-1,-1,0,-1
2020430162799,2020,430162799,1,1,0,18,19,5,1,0,0,8,1,0,0,0,1,1,6,6,1,43,7,-1,-1,-1,-1,10,E01027280,0,-1
2020010283213,2020,010283213,1,1,9,99,99,9,9,99,99,0,9,99,9,99,0,1,6,6,1,26,6,-1,-1,-1,-1,5,E01003019,0,-1
202006M276301,2020,06M276301,1,90,0,18,19,3,7,0,0,1,0,0,0,0,4,1,6,6,1,16,4,-1,-1,-1,-1,9,E01006095,0,-1
2020990930688,2020,990930688,1,9,0,18,19,2,6,0,0,0,0,0,0,0,1,1,6,6,2,30,6,-1,-1,-1,-1,-1,-1,0,-1
2020440439778,2020,440439778,1,1,0,18,19,2,6,0,0,8,0,0,0,0,1,1,6,6,1,45,7,-1,-1,-1,-1,9,E01023003,0,-1
2020420995124,2020,420995124,2,1,0,18,19,5,1,0,0,8,1,0,0,0,1,1,6,6,1,28,6,-1,-1,-1,-1,2,E01021686,0,-1
2020302000766,2020,302000766,2,1,0,18,19,4,8,0,0,0,0,0,0,0,3,1,6,6,1,-1,-1,-1,-1,-1,-1,-1,-1,0,-1
2020471009998,2020,471009998,8,98,0,4,4,3,7,0,0,0,0,0,0,0,2,1,1,1,1,58,9,-1,-1,-1,-1,6,E01030587,0,-1
2020440449802,2020,440449802,2,19,0,18,19,3,7,0,0,8,0,0,0,0,1,1,6,6,3,-1,-1,-1,-1,-1,-1,-1,-1,0,-1
2020040993701,2020,040993701,2,1,0,4,4,7,3,0,0,1,0,0,0,0,1,1,5,6,1,73,10,-1,-1,-1,-1,7,E01025576,0,-1
2020010255861,2020,010255861,1,1,9,99,99,9,9,99,99,9,9,99,9,99,9,1,6,6,1,31,6,-1,-1,-1,-1,3,E01033324,0,-1
2020552000684,2020,552000684,1,9,0,18,19,8,2,0,0,4,0,0,0,0,1,1,6,6,3,-1,-1,-1,-1,-1,-1,-1,-1,0,-1
2020211028175,2020,211028175,4,21,1,18,19,5,1,0,0,0,0,0,0,0,0,1,6,6,3,-1,-1,-1,-1,-1,-1,-1,-1,0,-1
2020010267810,2020,010267810,2,1,0,18,19,1,5,0,0,8,0,0,0,0,1,1,6,6,1,24,5,-1,-1,-1,-1,10,E01022659,0,-1
2020010244146,2020,010244146,1,11,0,5,5,5,1,0,0,0,0,0,0,0,0,1,1,1,1,52,8,-1,-1,-1,-1,9,E01000686,0,-1
2020501002987,2020,501002987,1,98,0,18,19,3,7,0,0,1,0,0,0,0,1,1,1,1,1,39,7,-1,-1,-1,-1,7,E01019988,0,-1
2020010266915,2020,010266915,1,1,9,99,99,9,9,99,99,9,9,99,9,99,0,1,6,6,2,24,5,-1,-1,-1,-1,10,E01002153,0,-1
2020010251541,2020,010251541,2,19,0,99,99,9,9,0,0,0,9,99,9,99,9,9,6,6,1,-1,-1,-1,-1,-1,-1,-1,-1,0,-1
2020440298744,2020,440298744,1,1,0,14,14,1,5,0,0,0,0,0,0,0,4,1,6,6,1,32,6,-1,-1,-1,-1,5,E01017044,0,-1
2020122000570,2020,122000570,1,1,0,18,19,2,6,0,0,0,0,0,0,0,3,1,6,6,2,52,8,-1,-1,-1,-1,8,E01027620,0,-1
2020201009154,2020,201009154,1,9,0,9,9,4,2,0,0,5,0,0,0,0,1,1,6,6,1,-1,-1,-1,-1,-1,-1,-1,-1,0,-1
2020400932187,2020,400932187,1,19,0,18,19,2,6,0,0,0,1,0,7,0,1,1,6,6,1,72,10,-1,-1,-1,-1,9,E01032611,0,-1
2020340S03672,2020,340S03672,1,19,0,11,11,1,5,0,0,0,0,0,0,0,4,1,6,6,3,-1,-1,-1,-1,-1,-1,-1,-1,0,-1
2020010236172,2020,010236172,1,1,9,99,99,9,9,99,99,9,9,99,9,99,1,1,6,6,3,-1,-1,-1,-1,-1,-1,-1,-1,0,-1
202006A374990,2020,06A374990,2,9,0,18,19,3,7,0,0,2,0,0,0,0,1,1,1,1,1,28,6,-1,-1,-1,-1,2,E01005553,0,-1
20201373F1798,2020,1373F1798,1,22,0,18,19,5,1,0,0,0,2,0,0,0,1,1,6,6,2,62,9,-1,-1,-1,-1,6,E01011525,0,-1
202060Y071059,2020,60Y071059,1,98,0,18,19,7,3,0,0,0,0,0,0,0,0,1,6,6,3,-1,-1,-1,-1,-1,-1,-1,-1,0,-1
202031D130820,2020,31D130820,1,2,0,17,19,3,7,0,0,0,0,0,1,2,1,1,6,6,1,16,4,-1,-1,-1,-1,8,E01028358,0,-1
2020160987484,2020,160987484,1,9,0,18,19,5,1,0,0,1,0,0,0,0,1,1,6,6,1,-1,-1,-1,-1,-1,-1,-1,-1,0,-1
2020430282649,2020,430282649,2,1,0,18,19,5,1,0,0,1,0,0,0,0,1,1,6,6,1,66,10,-1,-1,-1,-1,7,E01016824,0,-1
202006Q166775,2020,06Q166775,2,8,0,4,4,3,7,0,0,1,0,0,0,0,2,1,1,1,1,52,8,-1,-1,-1,-1,1,E01005322,0,-1
2020546598520,2020,546598520,1,9,0,4,4,6,2,0,0,1,0,0,0,0,1,1,6,6,1,21,5,-1,-1,-1,-1,8,E01031957,0,-1
2020200972111,2020,200972111,2,1,0,18,19,8,4,0,0,0,0,0,0,0,2,1,6,6,1,68,10,-1,-1,-1,-1,7,E01010544,0,-1
202031C135420,2020,31C135420,1,9,0,18,19,6,2,0,0,0,0,0,0,0,1,1,6,6,1,38,7,-1,-1,-1,-1,1,E01013844,0,-1
2020520101231,2020,520101231,2,9,0,18,19,7,3,0,0,0,0,0,0,0,3,1,6,6,1,56,9,-1,-1,-1,-1,10,E01017664,0,-1
2020040938839,2020,040938839,2,1,0,18,19,5,1,0,0,0,0,0,0,0,4,1,5,6,1,71,10,-1,-1,-1,-1,9,E01025253,0,-1
2020010246811,2020,010246811,1,1,9,18,19,6,2,9,9,2,9,0,0,99,1,1,6,6,1,-1,-1,-1,-1,-1,-1,-1,-1,0,-1
2020522002205,2020,522002205,2,9,0,13,13,1,5,0,0,0,0,0,0,0,4,1,6,6,3,30,6,-1,-1,-1,-1,-1,-1,0,-1
2020201009388,2020,201009388,1,11,0,18,19,7,2,0,0,0,0,0,0,0,1,1,6,6,3,-1,-1,-1,-1,-1,-1,-1,-1,0,-1
2020010253396,2020,010253396,1,1,0,18,19,5,1,0,0,1,0,0,1,0,2,1,6,6,1,48,8,-1,-1,-1,-1,5,E01002490,0,-1
2020370952745,2020,370952745,2,9,0,5,5,2,6,0,0,8,0,0,0,0,1,1,5,6,1,61,9,-1,-1,-1,-1,4,E01033128,0,-1
202006A374174,2020,06A374174,2,1,0,18,19,7,3,0,0,8,0,0,0,0,1,1,6,6,2,15,3,-1,-1,-1,-1,1,E01005947,0,-1
202060Y067070,2020,60Y067070,1,9,0,18,19,1,5,0,0,4,0,0,0,0,1,1,1,1,1,59,9,-1,-1,-1,-1,-1,-1,0,-1
2020520003017,2020,520003017,1,1,0,18,19,5,1,0,0,8,0,0,1,4,2,1,6,6,1,46,8,-1,-1,-1,-1,10,E01014393,0,-1
2020411007841,2020,411007841,1,98,4,12,12,7,3,0,0,0,0,0,0,0,1,1,1,1,1,58,9,-1,-1,-1,-1,-1,-1,0,-1
2020110963520,2020,110963520,1,1,0,18,19,5,1,0,0,0,0,0,0,0,1,1,5,6,1,30,6,-1,-1,-1,-1,-1,-1,0,-1
2020470986664,2020,470986664,2,9,0,2,2,0,0,0,0,0,0,4,0,0,2,1,6,6,3,-1,-1,-1,-1,-1,-1,-1,-1,0,-1
2020010234010,2020,010234010,2,1,0,18,19,1,5,0,0,6,0,0,0,0,1,1,6,6,2,50,8,-1,-1,-1,-1,6,E01022186,0,-1
2020430026526,2020,430026526,1,9,0,18,19,4,8,0,0,0,0,0,0,0,1,1,6,6,1,28,6,-1,-1,-1,-1,-1,-1,0,-1
20201371L1109,2020,1371L1109,1,9,0,18,19,6,2,0,0,0,0,0,0,0,1,1,6,6,3,-1,-1,-1,-1,-1,-1,-1,-1,0,-1
2020350963849,2020,350963849,2,1,0,3,3,7,4,0,0,2,5,0,0,0,1,1,5,6,1,22,5,-1,-1,-1,-1,8,E01018003,0,-1
2020990951324,2020,990951324,2,1,0,18,19,1,1,0,0,8,0,0,0,0,2,1,2,2,1,19,4,-1,-1,-1,-1,6,-1,0,-1
202006G178450,2020,06G178450,2,1,0,18,19,6,2,0,0,8,0,0,0,0,1,1,6,6,2,45,7,-1,-1,-1,-1,1,E01006064,0,-1
2020460968542,2020,460968542,1,9,0,18,19,4,8,0,0,1,0,0,0,0,4,1,5,6,2,59,9,-1,-1,-1,-1,3,E01024668,0,-1
2020421009097,2020,421009097,2,19,0,4,4,7,3,0,0,0,0,0,0,0,1,1,1,1,1,55,8,-1,-1,-1,-1,-1,-1,0,-1