collision_index,collision_year,collision_ref_no,vehicle_reference,vehicle_type,towing_and_articulation,vehicle_manoeuvre_historic,vehicle_manoeuvre,vehicle_direction_from,vehicle_direction_to,vehicle_location_restricted_lane_historic,vehicle_location_restricted_lane,junction_location,skidding_and_overturning,hit_object_in_carriageway,vehicle_leaving_carriageway,hit_object_off_carriageway,first_point_of_impact,vehicle_left_hand_drive,journey_purpose_of_driver_historic,journey_purpose_of_driver,sex_of_driver,age_of_driver,age_band_of_driver,engine_capacity_cc,propulsion_code,age_of_vehicle,generic_make_model,driver_imd_decile,lsoa_of_driver,escooter_flag,driver_distance_banding
2020137A70188,2020,137A70188,2,1,0,18,19,7,3,0,0,0,0,0,0,0,3,1,6,6,1,40,7,-1,-1,-1,-1,-1,-1,0,-1
2020110998481,2020,110998481,2,1,0,18,19,7,3,0,0,0,0,0,0,0,1,1,6,6,1,14,3,-1,-1,-1,-1,9,E01012361,0,-1
2020440499868,2020,440499868,1,22,0,18,19,4,8,0,0,0,0,10,0,0,4,1,6,6,1,95,11,-1,-1,-1,-1,1,E01017245,0,-1
202060Y012580,2020,60Y012580,2,9,0,18,19,5,1,0,0,1,0,0,0,0,1,1,1,1,1,60,9,-1,-1,-1,-1,-1,-1,0,-1
2020332000649,2020,332000649,1,9,0,4,4,3,7,0,0,1,0,0,0,0,2,1,6,6,2,32,6,-1,-1,-1,-1,6,E01025756,0,-1
2020500945144,2020,500945144,1,9,0,18,19,3,7,0,0,0,0,0,0,0,2,1,1,1,1,32,6,-1,-1,-1,-1,2,E01018770,0,-1
2020400987063,2020,400987063,1,9,0,13,13,1,1,0,0,1,0,0,0,0,1,1,6,6,3,-1,-1,-1,-1,-1,-1,-1,-1,0,-1
2020460948099,2020,460948099,1,9,0,5,5,1,5,0,0,0,0,0,0,0,0,1,5,6,3,-1,-1,-1,-1,-1,-1,-1,-1,0,-1
20201373M0895,2020,1373M0895,1,5,0,18,19,3,7,0,0,0,0,0,0,0,3,1,6,6,1,46,8,-1,-1,-1,-1,5,E01032495,0,-1
2020410999072,2020,410999072,1,1,0,18,19,7,3,9,9,1,0,0,0,0,0,1,6,6,1,46,8,-1,-1,-1,-1,6,E01023746,0,-1
2020201007056,2020,201007056,1,11,0,7,7,5,7,0,0,2,0,0,0,0,1,1,1,1,1,32,6,-1,-1,-1,-1,1,E01009638,0,-1
2020010245130,2020,010245130,1,1,0,18,19,7,3,0,0,0,0,0,0,0,0,1,6,6,1,42,7,-1,-1,-1,-1,-1,-1,0,-1
2020332000263,2020,332000263,1,9,0,18,19,5,1,0,0,0,0,0,0,0,1,1,6,6,1,51,8,-1,-1,-1,-1,8,E01013643,0,-1
2020010247138,2020,010247138,1,1,9,99,99,9,9,99,99,9,9,99,9,99,9,1,6,6,1,26,6,-1,-1,-1,-1,2,E01002809,0,-1
2020350926563,2020,350926563,1,9,0,18,19,1,5,0,0,0,0,0,0,0,4,1,6,6,3,-1,-1,-1,-1,-1,-1,-1,-1,0,-1
2020100928025,2020,100928025,1,9,-1,-1,-1,-1,-1,-1,-1,0,-1,-1,-1,0,1,1,6,6,1,-1,-1,-1,-1,-1,-1,-1,-1,0,-1
2020520100610,2020,520100610,1,19,0,14,14,2,6,0,0,1,0,0,0,0,1,1,6,6,1,52,8,-1,-1,-1,-1,5,E01029047,0,-1
2020110995386,2020,110995386,2,1,0,4,4,4,1,0,0,1,2,0,0,0,0,1,6,6,1,77,11,-1,-1,-1,-1,10,E01020603,0,-1
2020010274943,2020,010274943,1,9,0,8,8,5,8,0,0,1,0,0,0,0,3,1,1,1,2,47,8,-1,-1,-1,-1,8,E01023548,0,-1
20201371O0556,2020,1371O0556,1,9,0,1,1,7,3,0,0,8,0,0,0,0,4,1,6,6,2,56,9,-1,-1,-1,-1,-1,-1,0,-1
2020400952452,2020,400952452,1,9,0,18,19,6,2,0,0,1,0,0,0,0,1,1,5,6,1,30,6,-1,-1,-1,-1,7,E01017571,0,-1
2020450916531,2020,450916531,1,9,0,7,7,1,3,0,0,3,0,0,0,0,1,1,1,1,1,64,9,-1,-1,-1,-1,10,E01030462,0,-1
2020320132542,2020,320132542,1,9,0,17,19,3,7,0,0,2,1,0,1,4,1,1,6,6,2,22,5,-1,-1,-1,-1,8,E01015690,0,-1
202060Y013797,2020,60Y013797,2,9,0,16,19,7,2,0,0,0,0,0,0,0,1,1,6,6,2,25,5,-1,-1,-1,-1,-1,-1,0,-1
2020052001823,2020,052001823,2,1,0,18,19,7,3,0,0,8,0,0,0,0,1,1,2,2,1,38,7,-1,-1,-1,-1,1,E01006693,0,-1
2020440374141,2020,440374141,1,9,0,9,9,2,8,0,0,8,0,0,1,11,1,1,6,6,2,31,6,-1,-1,-1,-1,2,E01017216,0,-1
2020371006736,2020,371006736,2,1,0,18,19,7,3,0,0,1,0,0,0,0,3,1,6,6,1,27,6,-1,-1,-1,-1,5,E01029958,0,-1
2020420946147,2020,420946147,2,9,0,2,2,0,0,0,0,0,0,4,0,0,3,1,6,6,3,-1,-1,-1,-1,-1,-1,-1,-1,0,-1
2020052001316,2020,052001316,1,1,0,18,19,8,4,0,0,0,0,0,0,0,0,1,6,6,1,27,6,-1,-1,-1,-1,6,E01007045,0,-1
202060Y131532,2020,60Y131532,1,9,0,17,19,2,8,0,0,0,0,0,0,0,1,1,6,6,2,69,10,-1,-1,-1,-1,-1,-1,0,-1
2020460963483,2020,460963483,4,1,0,18,19,3,7,0,0,0,0,0,0,0,0,1,6,6,1,34,6,-1,-1,-1,-1,2,E01013899,0,-1
2020990944247,2020,990944247,2,1,0,18,19,7,3,0,0,1,0,0,0,0,3,1,2,2,2,33,6,-1,-1,-1,-1,1,-1,0,-1
2020440447287,2020,440447287,2,1,0,18,19,1,5,0,0,8,0,0,0,0,2,1,6,6,1,29,6,-1,-1,-1,-1,3,E01017111,0,-1
2020137AB0974,2020,137AB0974,1,9,0,9,9,7,2,0,0,2,0,0,0,0,0,1,6,6,3,-1,-1,-1,-1,-1,-1,-1,-1,0,-1
2020461006589,2020,461006589,2,1,0,18,19,3,7,0,0,0,5,0,0,0,3,1,5,6,2,14,3,-1,-1,-1,-1,7,E01024635,0,-1
2020110933639,2020,110933639,3,1,0,5,5,5,3,0,0,1,5,0,0,0,4,1,6,6,1,22,5,-1,-1,-1,-1,7,E01012366,0,-1
2020450968973,2020,450968973,2,9,0,18,19,6,2,0,0,0,0,0,0,0,1,1,1,1,1,53,8,-1,-1,-1,-1,5,E01017027,0,-1
2020530987515,2020,530987515,1,1,0,18,19,2,2,5,5,0,0,0,0,0,4,1,6,6,1,11,3,-1,-1,-1,-1,9,E01022136,0,-1
2020460922409,2020,460922409,1,9,0,16,19,2,6,0,0,0,2,0,0,0,1,1,6,6,1,19,4,-1,-1,-1,-1,9,E01024112,0,-1
2020622000116,2020,622000116,1,11,0,18,19,3,7,0,0,0,0,0,0,0,1,1,1,1,3,-1,-1,-1,-1,-1,-1,-1,-1,0,-1
2020041005939,2020,041005939,2,1,0,18,19,5,7,0,0,0,0,0,0,0,1,1,6,6,1,71,10,-1,-1,-1,-1,5,E01025515,0,-1
2020990993840,2020,990993840,2,1,0,18,19,1,5,0,0,8,5,0,0,0,1,1,5,6,1,52,8,-1,-1,-1,-1,3,-1,0,-1
2020010265767,2020,010265767,1,9,0,18,19,1,5,0,0,9,0,0,0,0,9,9,6,6,3,-1,-1,-1,-1,-1,-1,-1,-1,0,-1
2020990989590,2020,990989590,2,1,0,17,19,4,1,0,0,1,1,0,0,0,1,1,6,6,1,48,8,-1,-1,-1,-1,10,-1,0,-1
2020450984160,2020,450984160,2,9,0,18,19,7,3,0,0,0,0,0,0,0,1,1,6,6,1,30,6,-1,-1,-1,-1,-1,-1,0,-1
2020547147720,2020,547147720,2,1,0,18,19,2,6,0,0,0,0,0,0,0,3,1,6,6,2,11,3,-1,-1,-1,-1,3,E01015502,0,-1
2020470959969,2020,470959969,2,9,0,2,2,0,0,0,0,0,0,0,0,0,3,1,6,6,3,-1,-1,-1,-1,-1,-1,-1,-1,0,-1
2020010247494,2020,010247494,1,1,9,99,99,9,9,99,99,9,9,99,9,99,9,1,6,6,1,17,4,-1,-1,-1,-1,10,E01002959,0,-1
2020522003735,2020,522003735,1,8,0,6,6,1,1,0,0,1,0,0,0,0,3,1,1,1,1,35,6,-1,-1,-1,-1,-1,-1,0,-1
202060Y153947,2020,60Y153947,1,1,0,4,4,2,8,0,0,2,0,10,1,10,1,1,6,6,1,45,7,-1,-1,-1,-1,-1,-1,0,-1
202006J171559,2020,06J171559,2,1,0,15,15,8,4,0,0,1,2,0,0,10,0,1,6,6,1,57,9,-1,-1,-1,-1,4,E01006110,0,-1
2020332000896,2020,332000896,1,9,0,6,6,5,5,0,0,8,0,0,0,0,3,1,6,6,1,20,4,-1,-1,-1,-1,9,E01025975,0,-1
2020052001132,2020,052001132,2,9,0,2,2,0,0,0,0,0,0,0,0,0,3,1,6,6,2,74,10,-1,-1,-1,-1,7,E01006539,0,-1
2020332000465,2020,332000465,1,9,0,18,19,5,1,0,0,0,2,0,0,0,1,1,6,6,2,27,6,-1,-1,-1,-1,8,E01025640,0,-1
2020440211795,2020,440211795,1,9,0,18,19,5,1,0,0,8,0,0,0,0,0,1,6,6,3,-1,-1,-1,-1,-1,-1,-1,-1,0,-1
2020211025377,2020,211025377,2,1,0,18,19,4,8,0,0,8,0,0,0,0,1,1,1,1,1,42,7,-1,-1,-1,-1,6,E01029699,0,-1
2020010231230,2020,010231230,3,1,0,18,19,5,1,0,0,1,0,0,0,0,4,-1,6,6,2,48,8,-1,-1,-1,-1,10,E01003858,0,-1
2020410985995,2020,410985995,2,1,0,18,19,6,2,9,9,1,0,0,0,0,1,1,5,6,1,26,6,-1,-1,-1,-1,5,E01023331,0,-1
2020332000582,2020,332000582,2,9,0,7,7,4,2,0,0,6,0,0,0,0,1,1,6,6,1,49,8,-1,-1,-1,-1,3,E01013719,0,-1
2020420930459,2020,420930459,1,9,0,18,19,4,1,0,0,3,0,0,0,0,3,1,6,6,3,-1,-1,-1,-1,-1,-1,-1,-1,0,-1
2020010235790,2020,010235790,2,9,0,16,19,5,1,0,0,0,0,0,0,0,0,1,6,6,3,-1,-1,-1,-1,-1,-1,-1,-1,0,-1
2020470998594,2020,470998594,1,9,0,5,5,7,1,0,0,8,0,0,0,0,3,1,6,6,1,34,6,-1,-1,-1,-1,10,E01031729,0,-1
2020440255440,2020,440255440,2,9,0,18,19,6,2,0,0,0,0,0,0,0,2,1,6,6,1,54,8,-1,-1,-1,-1,3,E01001263,0,-1
2020400926934,2020,400926934,1,9,0,18,19,5,1,0,0,8,0,0,0,0,2,1,6,6,1,31,6,-1,-1,-1,-1,2,E01028450,0,-1
2020140967800,2020,140967800,3,9,0,18,19,3,7,0,0,0,0,0,0,0,1,1,6,6,3,-1,-1,-1,-1,-1,-1,-1,-1,0,-1
2020990967355,2020,990967355,2,1,0,18,19,7,3,0,0,8,0,0,0,0,1,1,5,6,1,50,8,-1,-1,-1,-1,10,-1,0,-1
2020461007257,2020,461007257,1,9,0,9,9,5,3,0,0,1,0,0,0,0,3,1,5,6,1,39,7,-1,-1,-1,-1,10,E01024270,0,-1
202060Y041568,2020,60Y041568,2,9,0,2,2,0,0,0,0,1,0,0,0,0,2,1,6,6,2,54,8,-1,-1,-1,-1,-1,-1,0,-1
2020010241959,2020,010241959,2,9,0,18,19,1,5,0,0,8,0,0,0,0,1,1,6,6,3,-1,-1,-1,-1,-1,-1,-1,-1,0,-1
2020010272862,2020,010272862,1,1,0,99,99,9,9,0,0,8,0,0,0,0,4,1,2,2,2,53,8,-1,-1,-1,-1,9,E01003885,0,-1
2020200956891,2020,200956891,2,1,0,18,19,3,7,0,0,8,0,0,0,0,1,1,6,6,1,24,5,-1,-1,-1,-1,7,E01009189,0,-1
2020010277594,2020,010277594,1,1,9,99,99,9,9,99,99,9,9,99,9,99,1,1,6,6,3,42,7,-1,-1,-1,-1,6,E01001656,0,-1
2020430256099,2020,430256099,2,1,0,18,19,8,4,0,0,0,0,6,0,0,3,1,6,6,1,68,10,-1,-1,-1,-1,7,E01028732,0,-1
2020400919585,2020,400919585,1,9,0,5,5,-1,-1,0,0,1,0,0,0,0,1,1,6,6,1,-1,-1,-1,-1,-1,-1,-1,-1,0,-1
2020010251743,2020,010251743,2,1,0,18,19,7,3,0,0,1,0,0,0,0,1,1,6,6,1,30,6,-1,-1,-1,-1,7,E01030826,0,-1
2020211013168,2020,211013168,2,1,0,18,19,2,6,0,0,0,0,0,0,0,3,1,6,6,2,55,8,-1,-1,-1,-1,9,E01029773,0,-1
2020440037189,2020,440037189,2,1,0,9,9,8,5,0,0,8,0,0,0,0,1,1,2,2,1,38,7,-1,-1,-1,-1,6,E01017138,0,-1
2020220921250,2020,220921250,1,9,0,17,19,7,4,0,0,0,0,0,0,0,4,1,5,6,1,83,11,-1,-1,-1,-1,6,E01032213,0,-1
2020500975723,2020,500975723,3,9,0,18,19,3,7,0,0,0,0,0,0,0,0,1,6,6,3,-1,-1,-1,-1,-1,-1,-1,-1,0,-1
2020450958785,2020,450958785,3,1,0,13,13,1,5,0,0,0,2,0,0,0,3,1,6,6,2,22,5,-1,-1,-1,-1,9,E01030987,0,-1
2020211025670,2020,211025670,1,21,1,18,19,3,6,0,0,0,0,0,0,0,1,1,1,1,1,46,8,-1,-1,-1,-1,-1,-1,0,-1
2020200979857,2020,200979857,2,1,0,18,19,4,8,0,0,4,0,0,0,0,1,1,6,6,1,24,5,-1,-1,-1,-1,3,E01009553,0,-1
2020450916040,2020,450916040,2,98,-1,18,19,1,3,0,0,0,0,0,0,0,1,1,6,6,1,45,7,-1,-1,-1,-1,-1,-1,0,-1
2020450973967,2020,450973967,2,98,0,18,19,3,7,0,0,0,0,0,0,0,2,1,6,6,3,50,8,-1,-1,-1,-1,-1,-1,0,-1
2020221005877,2020,221005877,2,1,0,18,19,2,6,0,0,0,0,0,1,0,3,1,2,2,1,35,6,-1,-1,-1,-1,9,E01032362,0,-1
2020010257204,2020,010257204,2,1,0,18,19,5,1,0,0,0,1,0,0,0,4,1,6,6,2,27,6,-1,-1,-1,-1,2,E01003176,0,-1
2020410951706,2020,410951706,1,4,0,15,15,1,5,0,0,0,0,4,0,0,2,1,5,6,1,19,4,-1,-1,-1,-1,5,E01023930,0,-1
2020070360859,2020,070360859,1,9,0,16,19,5,7,0,0,4,0,0,0,0,1,2,6,6,2,-1,-1,-1,-1,-1,-1,-1,-1,0,-1
2020100975415,2020,100975415,2,1,0,18,19,5,1,0,0,8,5,0,0,0,3,1,6,6,1,38,7,-1,-1,-1,-1,6,E01018852,0,-1
202060Y162150,2020,60Y162150,1,21,1,18,19,3,7,0,0,1,0,0,0,0,3,1,1,1,1,-1,-1,-1,-1,-1,-1,-1,-1,0,-1
2020010275992,2020,010275992,2,9,0,99,99,9,9,99,99,9,9,99,9,99,2,9,6,6,1,27,6,-1,-1,-1,-1,9,E01030298,0,-1
202006A368154,2020,06A368154,1,9,0,16,19,1,4,0,0,2,1,0,0,0,1,1,3,7,2,30,6,-1,-1,-1,-1,1,E01005108,0,-1
2020030969621,2020,030969621,1,98,0,5,5,7,3,0,0,6,0,0,0,0,1,1,6,6,1,39,7,-1,-1,-1,-1,6,E01019351,0,-1
2020010284731,2020,010284731,2,1,0,18,19,6,2,0,0,1,0,0,0,0,1,1,2,2,1,38,7,-1,-1,-1,-1,5,E01003084,0,-1
2020010285849,2020,010285849,2,1,0,18,19,3,7,0,0,3,5,0,0,0,1,1,2,2,1,31,6,-1,-1,-1,-1,3,E01002554,0,-1
2020041027972,2020,041027972,1,9,0,3,3,7,3,0,0,1,0,0,0,0,2,1,5,6,1,39,7,-1,-1,-1,-1,9,E01025177,0,-1
2020470930493,2020,470930493,3,9,0,2,2,0,0,0,0,2,0,4,1,0,1,1,6,6,3,-1,-1,-1,-1,-1,-1,-1,-1,0,-1
2020332000798,2020,332000798,1,9,0,9,9,4,2,0,0,6,0,0,0,0,1,1,2,2,1,50,8,-1,-1,-1,-1,1,E01013754,0,-1
2020052001181,2020,052001181,2,1,0,6,6,1,1,0,0,1,0,4,0,0,1,1,6,6,1,19,4,-1,-1,-1,-1,1,E01006643,0,-1
2020410983678,2020,410983678,1,4,0,18,19,4,7,0,0,2,0,0,0,0,1,1,6,6,1,19,4,-1,-1,-1,-1,6,E01023900,0,-1
2020040973687,2020,040973687,2,1,0,18,19,7,3,0,0,0,0,0,0,0,1,1,6,6,2,59,9,-1,-1,-1,-1,-1,-1,0,-1
2020460971160,2020,460971160,1,9,0,5,5,7,3,0,0,1,0,0,0,0,3,1,6,6,1,-1,-1,-1,-1,-1,-1,-1,-1,0,-1
2020450997111,2020,450997111,1,1,0,18,19,2,6,0,0,0,0,0,0,0,0,1,5,6,1,25,5,-1,-1,-1,-1,7,E01001882,0,-1
2020010245066,2020,010245066,2,1,0,18,19,7,3,0,0,8,0,0,0,0,1,-1,6,6,1,29,6,-1,-1,-1,-1,2,E01003205,0,-1
2020552001208,2020,552001208,1,9,0,7,7,1,5,0,0,6,0,0,0,0,1,1,6,6,3,-1,-1,-1,-1,-1,-1,-1,-1,0,-1
2020160928123,2020,160928123,1,9,0,9,9,7,5,0,0,6,0,0,0,0,1,2,5,6,1,52,8,-1,-1,-1,-1,1,E01033110,0,-1
2020201023160,2020,201023160,2,9,0,5,5,3,8,0,0,6,0,0,0,0,1,1,6,6,3,-1,-1,-1,-1,-1,-1,-1,-1,0,-1
2020140929309,2020,140929309,3,9,0,2,2,0,0,0,0,2,0,4,0,0,1,1,6,6,3,-1,-1,-1,-1,-1,-1,-1,-1,0,-1
2020010283999,2020,010283999,1,9,0,99,99,9,9,99,99,0,9,99,9,99,9,9,6,6,3,-1,-1,-1,-1,-1,-1,-1,-1,0,-1
202060Y017286,2020,60Y017286,2,9,0,10,10,4,8,0,0,1,0,0,0,0,3,1,6,6,2,51,8,-1,-1,-1,-1,-1,-1,0,-1
2020010250279,2020,010250279,2,9,0,99,99,9,9,99,99,2,9,99,9,99,3,1,6,6,3,-1,-1,-1,-1,-1,-1,-1,-1,0,-1
20201371U1017,2020,1371U1017,1,9,0,18,19,4,8,0,0,4,0,0,0,0,1,1,6,6,1,38,7,-1,-1,-1,-1,-1,-1,0,-1
2020052002139,2020,052002139,1,1,0,18,19,6,2,0,0,1,0,0,0,0,3,1,1,1,1,16,4,-1,-1,-1,-1,7,E01006947,0,-1
2020340W00842,2020,340W00842,2,1,0,18,19,1,5,0,0,8,0,0,0,0,1,1,2,2,1,44,7,-1,-1,-1,-1,8,E01027344,0,-1
2020332001208,2020,332001208,1,9,0,18,19,3,7,0,0,8,0,0,0,0,0,1,6,6,3,-1,-1,-1,-1,-1,-1,-1,-1,0,-1
2020332000496,2020,332000496,2,9,0,7,7,5,1,0,0,2,0,0,0,0,1,1,6,6,3,-1,-1,-1,-1,-1,-1,-1,-1,0,-1
2020040998422,2020,040998422,1,9,0,4,4,8,2,0,0,1,0,0,0,0,2,1,6,6,1,-1,-1,-1,-1,-1,-1,-1,-1,0,-1
2020332000678,2020,332000678,3,9,0,2,2,0,0,0,0,2,0,0,0,0,2,1,6,6,3,-1,-1,-1,-1,-1,-1,-1,-1,0,-1
2020320604395,2020,320604395,2,1,0,18,19,1,5,9,9,2,0,0,0,0,1,1,6,6,2,21,5,-1,-1,-1,-1,2,E01026177,0,-1
2020161001658,2020,161001658,3,1,0,18,19,4,8,0,0,0,0,0,0,0,1,1,6,6,1,-1,-1,-1,-1,-1,-1,1,E01012892,0,-1
202006N269149,2020,06N269149,2,9,0,18,19,6,2,0,0,1,0,0,0,0,1,1,6,6,1,30,6,-1,-1,-1,-1,-1,-1,0,-1
2020460938902,2020,460938902,1,9,0,5,5,3,7,0,0,0,0,0,0,0,0,1,6,6,3,-1,-1,-1,-1,-1,-1,-1,-1,0,-1
2020010235733,2020,010235733,1,9,0,99,99,9,9,99,99,9,9,99,9,99,9,9,6,6,2,46,8,-1,-1,-1,-1,3,E01001492,0,-1
2020010233028,2020,010233028,1,9,9,99,99,9,9,99,99,1,9,99,9,99,9,9,-1,-1,3,-1,-1,-1,-1,-1,-1,-1,-1,0,-1
2020430187529,2020,430187529,2,1,0,11,11,5,1,0,0,3,0,0,0,0,2,1,6,6,2,36,7,-1,-1,-1,-1,5,E01003855,0,-1
2020010255123,2020,010255123,2,9,0,99,99,9,9,99,99,9,9,99,9,99,1,1,6,6,3,-1,-1,-1,-1,-1,-1,9,E01001532,0,-1
2020460969983,2020,460969983,1,1,0,18,19,1,5,0,0,0,1,0,0,0,4,1,6,6,1,58,9,-1,-1,-1,-1,10,E01024468,0,-1
2020501007625,2020,501007625,1,1,0,18,19,4,8,0,0,0,1,0,0,0,0,1,5,6,2,53,8,-1,-1,-1,-1,5,E01018943,0,-1
2020430083752,2020,430083752,2,1,0,18,19,9,9,0,0,1,0,0,0,0,3,1,2,2,2,41,7,-1,-1,-1,-1,6,E01028700,0,-1
2020110944058,2020,110944058,2,1,0,18,19,5,7,0,0,4,0,0,0,0,4,1,6,6,1,55,8,-1,-1,-1,-1,6,E01008750,0,-1
2020410992147,2020,410992147,2,9,0,16,19,7,3,0,0,0,0,0,0,0,4,1,6,6,3,-1,-1,-1,-1,-1,-1,-1,-1,0,-1
2020160941082,2020,160941082,1,9,0,18,19,4,8,0,0,0,0,0,0,0,1,1,6,6,3,-1,-1,-1,-1,-1,-1,-1,-1,0,-1
2020140919108,2020,140919108,1,19,0,18,19,7,3,0,0,0,0,0,0,0,1,1,1,1,1,49,8,-1,-1,-1,-1,2,E01019796,0,-1
2020302100147,2020,302100147,3,9,0,18,19,3,7,0,0,0,0,0,0,0,0,1,6,6,3,-1,-1,-1,-1,-1,-1,5,E01019456,0,-1
202006F177150,2020,06F177150,1,9,0,9,9,4,2,0,0,8,0,0,0,0,4,1,6,6,1,56,9,-1,-1,-1,-1,4,E01005622,0,-1
2020141009842,2020,141009842,3,9,0,2,2,0,0,0,0,0,0,4,0,0,4,1,6,6,3,-1,-1,-1,-1,-1,-1,-1,-1,0,-1
2020010253574,2020,010253574,2,1,0,18,19,5,1,4,4,8,0,0,0,0,1,1,6,6,1,27,6,-1,-1,-1,-1,6,E01000857,0,-1
2020470998594,2020,470998594,2,1,0,18,19,5,1,0,0,8,0,0,0,0,1,1,2,2,2,46,8,-1,-1,-1,-1,10,E01031735,0,-1
2020430226143,2020,430226143,1,1,0,9,9,8,6,0,0,8,0,0,0,0,4,1,6,6,2,-1,-1,-1,-1,-1,-1,-1,-1,0,-1
2020122000553,2020,122000553,2,1,0,16,19,1,5,0,0,0,0,0,0,0,3,1,6,6,1,55,8,-1,-1,-1,-1,9,E01010692,0,-1
2020470930900,2020,470930900,1,9,0,3,3,3,7,0,0,2,0,0,0,0,2,1,6,6,1,-1,-1,-1,-1,-1,-1,-1,-1,0,-1
2020302000883,2020,302000883,2,1,0,18,19,3,7,0,0,6,0,0,0,0,1,1,6,6,1,12,3,-1,-1,-1,-1,1,E01019566,0,-1
2020010260870,2020,010260870,2,19,0,99,99,9,9,99,99,6,9,99,9,99,9,9,6,6,1,-1,-1,-1,-1,-1,-1,-1,-1,0,-1
2020201000957,2020,201000957,2,9,0,5,5,4,8,0,0,0,0,0,0,0,1,1,6,6,3,-1,-1,-1,-1,-1,-1,-1,-1,0,-1
2020990925839,2020,990925839,3,9,0,2,2,6,6,9,9,2,0,0,0,0,1,1,6,6,3,-1,-1,-1,-1,-1,-1,-1,-1,0,-1
2020450947926,2020,450947926,1,1,0,9,9,1,5,0,0,3,0,0,1,10,0,1,5,6,1,67,10,-1,-1,-1,-1,5,E01016556,0,-1
202063A012820,2020,63A012820,1,19,0,1,1,6,2,0,0,0,0,0,0,0,2,1,1,1,1,40,7,-1,-1,-1,-1,7,W01000692,0,-1
2020480948527,2020,480948527,1,9,0,7,7,7,1,0,0,8,0,0,0,0,3,1,1,1,1,40,7,-1,-1,-1,-1,-1,-1,0,-1
2020990935120,2020,990935120,1,1,0,18,19,1,5,0,0,2,0,0,0,0,4,1,6,6,1,13,3,-1,-1,-1,-1,10,-1,0,-1
2020200919884,2020,200919884,1,90,0,18,19,1,5,0,0,1,0,0,0,0,1,1,6,6,3,-1,-1,-1,-1,-1,-1,-1,-1,0,-1
2020200980880,2020,200980880,2,98,0,5,5,6,2,0,0,8,0,0,0,0,1,1,1,1,1,49,8,-1,-1,-1,-1,3,E01009884,0,-1
2020420999272,2020,420999272,2,19,0,18,19,2,6,0,0,1,0,0,0,0,1,1,6,6,3,-1,-1,-1,-1,-1,-1,-1,-1,0,-1
2020302000670,2020,302000670,1,1,0,18,19,1,5,0,0,0,0,0,0,0,0,1,6,6,1,10,2,-1,-1,-1,-1,3,E01019777,0,-1
2020522004597,2020,522004597,1,1,0,17,19,2,6,0,0,1,0,0,0,0,4,1,6,6,2,52,8,-1,-1,-1,-1,8,E01033331,0,-1
2020360938725,2020,360938725,1,9,0,18,19,8,4,0,0,0,1,0,0,0,1,1,5,6,1,80,11,-1,-1,-1,-1,4,E01026780,0,-1
2020440438299,2020,440438299,2,9,0,8,8,4,8,0,0,8,0,0,0,0,3,1,3,7,2,41,7,-1,-1,-1,-1,5,E01022999,0,-1
2020052000447,2020,052000447,1,9,0,18,19,1,5,0,0,8,0,0,0,0,1,1,6,6,3,-1,-1,-1,-1,-1,-1,-1,-1,0,-1
2020440043969,2020,440043969,2,9,0,18,19,1,5,0,0,0,0,0,7,0,1,1,6,6,1,22,5,-1,-1,-1,-1,2,E01017363,0,-1
2020010237127,2020,010237127,1,9,9,18,19,1,5,99,99,9,9,99,9,99,9,9,6,6,3,-1,-1,-1,-1,-1,-1,-1,-1,0,-1
2020200999059,2020,200999059,1,9,0,9,9,3,2,0,0,2,0,0,0,0,1,1,6,6,3,-1,-1,-1,-1,-1,-1,-1,-1,0,-1
2020111000129,2020,111000129,2,1,0,18,19,5,1,0,0,1,0,0,0,0,1,1,6,6,1,48,8,-1,-1,-1,-1,4,E01020711,0,-1
2020440193988,2020,440193988,2,1,0,18,19,6,2,0,0,8,0,0,0,0,1,1,6,6,1,45,7,-1,-1,-1,-1,4,E01017159,0,-1
2020010270315,2020,010270315,1,1,9,99,99,9,9,99,99,9,9,99,9,99,9,1,6,6,1,12,3,-1,-1,-1,-1,3,E01001779,0,-1
2020302000508,2020,302000508,2,1,0,18,19,6,2,0,0,1,0,0,0,0,1,1,6,6,1,49,8,-1,-1,-1,-1,6,E01019732,0,-1
2020450961409,2020,450961409,2,98,0,2,2,0,0,0,0,2,0,0,0,0,3,1,6,6,3,-1,-1,-1,-1,-1,-1,-1,-1,0,-1
2020101003128,2020,101003128,1,9,-1,18,19,1,8,0,0,4,0,0,0,0,1,1,6,6,2,50,8,-1,-1,-1,-1,-1,-1,0,-1
2020440170938,2020,440170938,1,90,0,18,19,6,2,0,0,0,2,0,0,0,1,1,6,6,1,15,3,-1,-1,-1,-1,2,E01017032,0,-1
2020430366641,2020,430366641,2,19,0,18,19,7,3,0,0,6,0,0,0,0,1,1,6,6,2,-1,-1,-1,-1,-1,-1,-1,-1,0,-1
2020370979065,2020,370979065,3,9,0,3,3,1,7,0,0,1,0,0,0,0,2,1,5,6,2,20,4,-1,-1,-1,-1,8,E01030101,0,-1
2020010235880,2020,010235880,1,1,9,99,99,9,9,99,99,9,9,99,9,99,9,1,6,6,2,54,8,-1,-1,-1,-1,2,E01001744,0,-1
2020200940640,2020,200940640,2,1,0,18,19,8,4,0,0,8,0,0,0,0,1,1,1,1,1,33,6,-1,-1,-1,-1,2,E01009741,0,-1
2020010235751,2020,010235751,1,1,9,99,99,9,9,99,99,9,9,99,9,99,9,1,6,6,1,23,5,-1,-1,-1,-1,3,E01000929,0,-1
2020332000344,2020,332000344,2,9,0,16,19,2,5,0,0,0,0,0,0,0,1,1,6,6,1,21,5,-1,-1,-1,-1,2,E01025700,0,-1
2020010256326,2020,010256326,1,1,9,99,99,9,9,99,99,1,9,99,9,99,9,1,6,6,1,28,6,-1,-1,-1,-1,4,E01033589,0,-1
2020302000621,2020,302000621,2,1,0,18,19,8,4,0,0,1,0,0,0,0,1,1,6,6,1,-1,-1,-1,-1,-1,-1,7,E01027984,0,-1
2020160969177,2020,160969177,2,1,0,18,19,5,1,0,0,0,0,0,0,0,2,1,6,6,1,45,7,-1,-1,-1,-1,1,E01012932,0,-1
2020332001019,2020,332001019,2,21,1,4,4,8,4,0,0,0,0,0,0,0,2,1,1,1,1,35,6,-1,-1,-1,-1,1,E01019156,0,-1
202031C050220,2020,31C050220,2,1,0,18,19,8,4,9,9,8,0,0,0,0,3,1,6,6,1,6,2,-1,-1,-1,-1,1,E01013896,0,-1