collision_index,collision_year,collision_ref_no,vehicle_reference,vehicle_type,towing_and_articulation,vehicle_manoeuvre_historic,vehicle_manoeuvre,vehicle_direction_from,vehicle_direction_to,vehicle_location_restricted_lane_historic,vehicle_location_restricted_lane,junction_location,skidding_and_overturning,hit_object_in_carriageway,vehicle_leaving_carriageway,hit_object_off_carriageway,first_point_of_impact,vehicle_left_hand_drive,journey_purpose_of_driver_historic,journey_purpose_of_driver,sex_of_driver,age_of_driver,age_band_of_driver,engine_capacity_cc,propulsion_code,age_of_vehicle,generic_make_model,driver_imd_decile,lsoa_of_driver,escooter_flag,driver_distance_banding
20201373G1345,2020,1373G1345,2,1,0,18,19,6,2,0,0,1,0,0,0,0,1,1,6,6,1,50,8,-1,-1,-1,-1,6,E01011645,0,-1
2020230987987,2020,230987987,1,9,0,16,19,4,8,0,0,0,1,0,1,0,4,1,5,6,1,38,7,-1,-1,-1,-1,6,E01009523,0,-1
2020370976175,2020,370976175,1,2,0,5,5,3,1,0,0,2,0,0,0,0,3,1,5,6,1,50,8,-1,-1,-1,-1,7,E01030239,0,-1
2020332000738,2020,332000738,3,9,0,2,2,0,0,0,0,0,0,0,0,0,2,1,6,6,2,41,7,-1,-1,-1,-1,8,E01025958,0,-1
2020460956752,2020,460956752,1,9,0,13,13,8,5,0,0,0,1,0,0,0,1,1,1,1,1,47,8,-1,-1,-1,-1,8,E01024024,0,-1
2020548672620,2020,548672620,2,21,0,3,3,3,7,0,0,0,0,0,0,0,2,1,1,1,1,59,9,-1,-1,-1,-1,6,E01029218,0,-1
2020421000864,2020,421000864,2,1,0,14,14,3,7,0,0,0,0,4,0,0,1,1,5,6,2,46,8,-1,-1,-1,-1,9,E01023461,0,-1
2020440160015,2020,440160015,1,9,0,18,19,6,2,0,0,0,0,0,1,11,1,1,6,6,1,63,9,-1,-1,-1,-1,8,E01022627,0,-1
202006F171599,2020,06F171599,1,3,0,18,19,5,1,1,1,0,0,0,0,0,1,1,6,6,1,24,5,-1,-1,-1,-1,2,E01005633,0,-1
2020010259632,2020,010259632,1,1,9,99,99,9,9,99,99,9,9,99,9,99,1,1,2,2,2,28,6,-1,-1,-1,-1,5,E01003130,0,-1
202060Y036947,2020,60Y036947,1,9,0,5,5,4,8,0,0,2,0,0,0,0,1,1,6,6,2,38,7,-1,-1,-1,-1,-1,-1,0,-1
2020140998436,2020,140998436,1,9,0,5,5,7,3,0,0,6,0,0,0,0,1,1,5,6,2,43,7,-1,-1,-1,-1,7,E01033280,0,-1
2020320376904,2020,320376904,2,19,0,4,4,5,1,0,0,1,0,0,7,0,2,1,2,2,1,23,5,-1,-1,-1,-1,2,E01026111,0,-1
2020010268214,2020,010268214,2,1,0,18,19,1,5,2,2,1,0,0,1,0,1,1,6,6,2,27,6,-1,-1,-1,-1,6,E01001741,0,-1
2020332000633,2020,332000633,1,9,0,16,19,3,6,0,0,0,0,0,0,0,1,1,6,6,1,55,8,-1,-1,-1,-1,4,E01025900,0,-1
2020332000709,2020,332000709,1,9,0,4,4,2,6,0,0,0,0,0,0,0,2,1,2,2,2,58,9,-1,-1,-1,-1,3,E01025753,0,-1
2020410946958,2020,410946958,1,9,0,7,7,5,4,0,0,5,0,0,0,0,4,1,6,6,3,-1,-1,-1,-1,-1,-1,-1,-1,0,-1
2020010278445,2020,010278445,1,9,0,18,19,3,7,0,0,1,0,0,0,0,1,1,6,6,3,-1,-1,-1,-1,-1,-1,-1,-1,0,-1
202060Y098045,2020,60Y098045,1,9,0,17,19,4,8,0,0,2,0,0,0,0,1,1,6,6,1,86,11,-1,-1,-1,-1,-1,-1,0,-1
2020200996522,2020,200996522,1,9,0,18,19,-1,-1,0,0,0,0,0,0,0,1,1,6,6,3,-1,-1,-1,-1,-1,-1,-1,-1,0,-1
2020110939091,2020,110939091,1,9,0,1,1,5,1,0,0,0,0,0,0,0,2,1,6,6,3,30,6,-1,-1,-1,-1,-1,-1,0,-1
2020160918418,2020,160918418,2,1,0,18,19,3,7,0,0,2,0,0,0,0,2,1,2,2,1,61,9,-1,-1,-1,-1,5,E01012772,0,-1
2020460926055,2020,460926055,1,1,0,17,19,4,8,0,0,0,0,0,0,0,0,1,2,2,1,41,7,-1,-1,-1,-1,3,E01024583,0,-1
2020010266962,2020,010266962,2,9,0,99,99,9,9,99,99,9,9,99,9,99,1,9,6,6,3,-1,-1,-1,-1,-1,-1,-1,-1,0,-1
2020470996931,2020,470996931,1,9,0,18,19,1,5,0,0,0,0,0,0,0,-1,1,6,6,3,-1,-1,-1,-1,-1,-1,-1,-1,0,-1
202031C174720,2020,31C174720,1,9,0,18,19,3,7,0,0,1,0,0,0,0,1,1,6,6,3,-1,-1,-1,-1,-1,-1,-1,-1,0,-1
2020302000693,2020,302000693,1,9,0,2,2,0,0,6,6,0,0,0,0,0,3,1,6,6,2,21,5,-1,-1,-1,-1,5,E01013587,0,-1
2020460950416,2020,460950416,2,1,0,18,19,4,8,0,0,0,0,0,0,0,0,1,5,6,1,20,4,-1,-1,-1,-1,5,E01024786,0,-1
2020430235100,2020,430235100,1,9,0,9,9,8,5,0,0,4,0,0,0,0,3,1,6,6,1,29,6,-1,-1,-1,-1,8,E01017669,0,-1
2020070535729,2020,070535729,2,1,0,18,19,8,4,0,0,2,0,0,0,0,4,1,6,6,2,67,10,-1,-1,-1,-1,8,E01007107,0,-1
2020200939670,2020,200939670,1,98,0,5,5,-1,-1,0,0,0,0,0,0,0,0,1,6,6,1,-1,-1,-1,-1,-1,-1,-1,-1,0,-1
2020010270537,2020,010270537,2,1,0,14,14,7,3,0,0,1,0,0,0,0,1,1,6,6,2,44,7,-1,-1,-1,-1,6,E01000584,0,-1
2020200937811,2020,200937811,2,1,0,9,9,4,2,0,0,5,0,0,0,0,4,1,6,6,1,14,3,-1,-1,-1,-1,-1,-1,0,-1
2020430020401,2020,430020401,1,9,0,9,9,2,8,0,0,5,0,0,0,0,4,1,6,6,1,57,9,-1,-1,-1,-1,10,E01016229,0,-1
20201371T2008,2020,1371T2008,2,1,0,18,19,1,5,0,0,3,0,0,0,0,2,1,6,6,1,42,7,-1,-1,-1,-1,-1,-1,0,-1
2020990941166,2020,990941166,1,9,0,9,9,5,3,0,0,6,0,0,0,0,4,1,6,6,1,40,7,-1,-1,-1,-1,5,-1,0,-1
2020010276024,2020,010276024,2,9,0,99,99,9,9,99,99,9,9,99,9,99,9,9,6,6,3,-1,-1,-1,-1,-1,-1,-1,-1,0,-1
2020160947762,2020,160947762,2,98,0,18,19,8,4,0,0,1,0,0,0,0,4,1,6,6,3,-1,-1,-1,-1,-1,-1,-1,-1,0,-1
2020410989564,2020,410989564,2,1,0,16,19,2,4,0,0,1,0,0,1,0,0,1,6,6,2,32,6,-1,-1,-1,-1,9,E01015806,0,-1
2020400981803,2020,400981803,1,1,0,18,19,5,1,0,0,6,0,4,0,0,1,1,5,6,1,49,8,-1,-1,-1,-1,4,E01015717,0,-1
2020302000818,2020,302000818,1,1,0,15,15,8,4,0,0,1,0,0,0,0,1,1,6,6,1,23,5,-1,-1,-1,-1,2,E01033172,0,-1
2020552000910,2020,552000910,1,9,0,18,19,1,5,0,0,0,0,0,0,0,0,1,6,6,3,-1,-1,-1,-1,-1,-1,-1,-1,0,-1
20201378V1081,2020,1378V1081,1,9,0,7,7,4,6,0,0,6,0,0,0,0,1,1,6,6,3,-1,-1,-1,-1,-1,-1,-1,-1,0,-1
2020460974681,2020,460974681,1,1,0,13,13,3,7,0,0,0,0,0,0,0,1,1,5,6,2,17,4,-1,-1,-1,-1,6,E01024460,0,-1
2020200970213,2020,200970213,1,98,0,18,19,2,6,0,0,2,0,0,0,0,1,1,6,6,3,-1,-1,-1,-1,-1,-1,-1,-1,0,-1
2020610017020,2020,610017020,1,1,0,16,19,3,6,0,0,0,0,0,0,0,1,1,6,6,1,-1,-1,-1,-1,-1,-1,-1,-1,0,-1
2020140991666,2020,140991666,2,9,0,9,9,3,5,0,0,6,0,0,0,0,0,1,6,6,3,-1,-1,-1,-1,-1,-1,-1,-1,0,-1
202060Y168482,2020,60Y168482,2,9,0,5,5,4,8,0,0,6,0,0,0,0,1,1,6,6,1,19,4,-1,-1,-1,-1,-1,-1,0,-1
202006G273996,2020,06G273996,1,9,0,18,19,5,1,0,0,0,0,0,0,0,1,1,6,6,3,-1,-1,-1,-1,-1,-1,-1,-1,0,-1
2020010243033,2020,010243033,2,9,0,99,99,9,9,99,99,9,9,99,9,99,1,9,6,6,3,-1,-1,-1,-1,-1,-1,-1,-1,0,-1
2020500998325,2020,500998325,1,9,0,17,19,1,5,0,0,0,0,0,0,0,1,1,1,1,1,44,7,-1,-1,-1,-1,4,E01018924,0,-1
2020410944751,2020,410944751,2,9,0,4,4,1,5,0,0,1,0,0,0,0,2,1,6,6,2,55,8,-1,-1,-1,-1,2,E01001726,0,-1
2020010256027,2020,010256027,1,1,9,99,99,9,9,99,99,9,9,99,9,99,1,1,6,6,1,40,7,-1,-1,-1,-1,6,E01002678,0,-1
2020400961267,2020,400961267,1,1,0,18,19,2,6,0,0,2,0,0,0,0,2,1,2,2,1,53,8,-1,-1,-1,-1,2,E01015779,0,-1
2020500987256,2020,500987256,1,9,0,18,19,1,5,0,0,0,0,0,0,0,1,1,5,6,1,52,8,-1,-1,-1,-1,5,E01033291,0,-1
2020400922814,2020,400922814,2,9,0,7,7,7,5,0,0,0,0,0,0,0,1,1,1,1,1,30,6,-1,-1,-1,-1,4,E01017570,0,-1
2020010258594,2020,010258594,2,1,0,18,19,3,7,0,0,1,0,0,0,0,1,1,2,2,2,30,6,-1,-1,-1,-1,3,E01003036,0,-1
2020010248757,2020,010248757,1,5,0,99,99,9,9,99,99,9,9,99,9,99,9,-1,2,2,1,38,7,-1,-1,-1,-1,7,E01030466,0,-1
2020140918200,2020,140918200,1,9,0,18,19,4,8,0,0,8,0,0,7,0,1,1,5,6,1,48,8,-1,-1,-1,-1,4,E01010890,0,-1
2020141002795,2020,141002795,1,1,0,18,19,6,2,0,0,0,5,0,0,0,1,1,6,6,1,19,4,-1,-1,-1,-1,1,E01007378,0,-1
2020990994550,2020,990994550,1,9,0,16,19,8,3,0,0,0,0,0,1,0,4,1,6,6,1,40,7,-1,-1,-1,-1,6,-1,0,-1
2020450969083,2020,450969083,2,1,0,4,4,5,1,0,0,1,0,0,0,0,1,1,5,6,1,44,7,-1,-1,-1,-1,10,E01022854,0,-1
2020201004704,2020,201004704,2,19,0,18,19,5,1,0,0,0,0,0,0,0,0,1,6,6,1,-1,-1,-1,-1,-1,-1,-1,-1,0,-1
2020411016698,2020,411016698,1,9,0,9,9,5,1,0,0,4,0,0,0,0,3,1,6,6,1,55,8,-1,-1,-1,-1,10,E01023721,0,-1
202006A175230,2020,06A175230,1,8,0,2,2,0,0,0,0,0,0,0,0,0,3,1,1,1,1,30,6,-1,-1,-1,-1,-1,-1,0,-1
2020122000895,2020,122000895,1,1,0,18,19,3,7,0,0,4,0,0,0,0,0,1,6,6,2,71,10,-1,-1,-1,-1,9,E01027848,0,-1
2020302000373,2020,302000373,1,9,0,9,9,8,6,0,0,6,0,0,0,0,3,1,6,6,3,-1,-1,-1,-1,-1,-1,5,E01019456,0,-1
2020400965117,2020,400965117,3,9,0,18,19,5,1,0,0,0,0,0,0,0,1,1,6,6,1,30,6,-1,-1,-1,-1,-1,-1,0,-1
202060Y147550,2020,60Y147550,1,9,0,18,19,2,6,0,0,2,0,0,0,0,1,1,6,6,2,37,7,-1,-1,-1,-1,-1,-1,0,-1
2020430171109,2020,430171109,1,9,0,18,19,8,4,0,0,8,0,0,0,0,1,1,6,6,1,47,8,-1,-1,-1,-1,10,E01028711,0,-1
2020420921013,2020,420921013,1,9,0,18,19,1,1,0,0,0,0,0,0,0,0,1,6,6,3,-1,-1,-1,-1,-1,-1,-1,-1,0,-1
2020470924829,2020,470924829,2,1,0,18,19,5,1,0,0,8,0,0,0,0,3,1,6,6,1,66,10,-1,-1,-1,-1,6,E01021200,0,-1
202060Y167954,2020,60Y167954,1,9,0,18,19,1,5,0,0,6,0,0,0,0,1,1,6,6,2,27,6,-1,-1,-1,-1,-1,-1,0,-1
20201371A1810,2020,1371A1810,2,97,0,18,19,5,1,0,0,0,0,0,0,0,1,1,6,6,3,-1,-1,-1,-1,-1,-1,-1,-1,0,-1
2020430068466,2020,430068466,2,1,0,18,19,5,1,4,4,0,0,0,0,0,3,1,6,6,1,80,11,-1,-1,-1,-1,10,E01028741,0,-1
2020420957167,2020,420957167,1,9,0,18,19,6,1,0,0,1,0,0,0,0,1,1,6,6,1,-1,-1,-1,-1,-1,-1,-1,-1,0,-1
2020440402609,2020,440402609,1,11,0,18,19,4,8,0,0,8,0,0,0,0,0,1,1,1,3,-1,-1,-1,-1,-1,-1,-1,-1,0,-1
2020230947398,2020,230947398,1,21,1,18,19,4,8,0,0,0,0,0,0,0,1,1,1,1,1,45,7,-1,-1,-1,-1,2,E01010411,0,-1
2020440070457,2020,440070457,2,9,0,13,13,1,5,0,0,1,0,0,0,0,4,1,6,6,1,-1,-1,-1,-1,-1,-1,-1,-1,0,-1
2020340N07892,2020,340N07892,1,-1,0,18,19,1,5,0,0,8,5,0,0,0,4,1,6,6,1,25,5,-1,-1,-1,-1,1,E01027200,1,-1
2020010256301,2020,010256301,1,1,9,99,99,9,9,99,99,9,9,99,9,99,9,1,6,6,1,32,6,-1,-1,-1,-1,1,E01002800,0,-1
2020522002777,2020,522002777,2,1,0,18,19,5,1,0,0,0,0,0,0,0,0,1,6,6,1,51,8,-1,-1,-1,-1,7,E01029127,0,-1
2020010278900,2020,010278900,1,1,0,18,19,1,5,0,0,8,0,0,0,0,1,1,6,6,1,25,5,-1,-1,-1,-1,1,E01002857,0,-1
2020010230087,2020,010230087,1,1,9,99,99,9,9,99,99,9,9,99,9,99,9,-1,6,6,1,35,6,-1,-1,-1,-1,3,E01033699,0,-1
2020332000757,2020,332000757,1,9,0,18,19,2,6,0,0,1,0,0,0,0,1,1,2,2,1,21,5,-1,-1,-1,-1,7,E01033410,0,-1
2020332001217,2020,332001217,1,9,0,18,19,6,2,0,0,0,0,0,0,0,0,1,6,6,1,21,5,-1,-1,-1,-1,-1,-1,0,-1
202031B052220,2020,31B052220,1,5,0,18,19,4,8,0,0,8,1,0,0,0,1,1,6,6,1,31,6,-1,-1,-1,-1,3,E01028056,0,-1
2020411003442,2020,411003442,1,9,0,18,19,-1,-1,0,0,1,0,0,0,0,1,1,6,6,3,-1,-1,-1,-1,-1,-1,-1,-1,0,-1
2020460989784,2020,460989784,1,9,0,3,3,4,4,0,0,0,0,0,0,0,1,1,6,6,2,-1,-1,-1,-1,-1,-1,-1,-1,0,-1
2020471005998,2020,471005998,3,9,0,3,3,7,3,0,0,1,0,0,0,0,0,1,6,6,3,-1,-1,-1,-1,-1,-1,-1,-1,0,-1
2020320687234,2020,320687234,1,9,0,18,19,4,8,0,0,0,1,0,0,0,1,1,6,6,1,22,5,-1,-1,-1,-1,-1,-1,0,-1
2020220971806,2020,220971806,1,1,0,18,19,5,1,0,0,0,0,0,0,0,1,1,5,6,1,66,10,-1,-1,-1,-1,5,E01014099,0,-1
2020302000171,2020,302000171,2,1,0,18,19,1,4,0,0,8,0,0,1,1,3,1,6,6,1,30,6,-1,-1,-1,-1,1,E01013486,0,-1
2020010248927,2020,010248927,1,1,0,18,19,5,1,0,0,0,0,0,0,0,1,1,2,2,1,49,8,-1,-1,-1,-1,9,E01004136,0,-1
2020200999846,2020,200999846,1,9,0,18,19,-1,-1,0,0,0,0,0,0,0,0,1,6,6,3,-1,-1,-1,-1,-1,-1,-1,-1,0,-1
2020451008284,2020,451008284,2,1,0,18,19,3,7,0,0,8,5,0,0,0,3,1,5,6,1,40,7,-1,-1,-1,-1,8,E01004193,0,-1
2020430006147,2020,430006147,1,9,0,18,19,1,5,0,0,0,2,0,1,0,4,1,6,6,1,23,5,-1,-1,-1,-1,7,E01016301,0,-1
2020420961443,2020,420961443,2,1,0,18,19,6,2,0,0,0,0,0,0,0,4,1,5,6,1,26,6,-1,-1,-1,-1,5,E01021683,0,-1
2020140939905,2020,140939905,2,9,0,2,2,0,0,0,0,1,0,0,0,0,2,1,6,6,3,-1,-1,-1,-1,-1,-1,-1,-1,0,-1
2020170S31260,2020,170S31260,2,1,0,18,19,7,3,0,0,6,0,0,0,0,1,1,4,7,1,15,3,-1,-1,-1,-1,3,E01012239,0,-1
2020010237306,2020,010237306,2,1,0,18,19,3,7,0,0,0,0,0,0,0,3,1,2,2,1,52,8,-1,-1,-1,-1,4,E01002231,0,-1
2020010283140,2020,010283140,2,1,0,18,19,5,1,0,0,5,0,0,0,0,0,1,2,2,1,21,5,-1,-1,-1,-1,2,E01003498,0,-1
202063A011420,2020,63A011420,1,9,0,9,9,7,5,0,0,5,0,0,4,6,3,1,6,6,1,26,6,-1,-1,-1,-1,7,W01000675,0,-1
2020010259484,2020,010259484,1,1,9,99,99,9,9,99,99,9,9,99,9,99,9,1,2,2,1,35,6,-1,-1,-1,-1,4,E01000869,0,-1
2020052000454,2020,052000454,1,9,0,18,19,1,5,0,0,0,0,0,0,0,0,1,6,6,1,50,8,-1,-1,-1,-1,-1,-1,0,-1
2020010253492,2020,010253492,1,1,0,15,15,5,1,0,0,1,5,10,0,0,4,1,1,1,2,19,4,-1,-1,-1,-1,-1,-1,0,-1
2020041000245,2020,041000245,1,9,0,9,9,3,1,0,0,6,0,0,7,0,1,1,1,1,1,35,6,-1,-1,-1,-1,3,E01012694,0,-1
2020100926327,2020,100926327,2,19,0,2,2,1,1,0,0,0,0,0,0,0,3,1,6,6,3,-1,-1,-1,-1,-1,-1,-1,-1,0,-1
2020010234770,2020,010234770,1,1,9,99,99,9,9,99,99,9,9,99,9,99,9,-1,6,6,2,30,6,-1,-1,-1,-1,4,E01004538,0,-1
2020010280893,2020,010280893,1,1,9,99,99,9,9,99,99,0,9,99,9,99,9,1,2,2,1,40,7,-1,-1,-1,-1,2,E01003499,0,-1
20201371J0547,2020,1371J0547,2,21,0,2,2,0,0,0,0,0,0,0,0,0,2,1,1,1,1,29,6,-1,-1,-1,-1,5,E01011407,0,-1
2020010283681,2020,010283681,2,-1,0,18,19,3,7,0,0,6,0,0,0,0,3,1,6,6,3,-1,-1,-1,-1,-1,-1,-1,-1,1,-1
2020010286997,2020,010286997,1,8,0,18,19,4,8,0,0,1,0,0,0,0,4,1,6,6,3,-1,-1,-1,-1,-1,-1,-1,-1,0,-1
2020410998560,2020,410998560,1,9,0,9,9,7,3,0,0,0,0,0,0,0,1,1,6,6,2,72,10,-1,-1,-1,-1,4,E01023401,0,-1
2020010232419,2020,010232419,2,19,0,6,6,5,5,0,0,0,0,0,0,0,0,1,6,6,3,-1,-1,-1,-1,-1,-1,-1,-1,0,-1
2020332000629,2020,332000629,1,9,0,17,19,4,1,0,0,0,1,0,1,9,4,1,2,2,2,31,6,-1,-1,-1,-1,6,E01025683,0,-1
2020460943740,2020,460943740,1,9,0,14,14,4,8,0,0,0,0,0,0,0,0,1,5,6,3,-1,-1,-1,-1,-1,-1,-1,-1,0,-1
2020140968483,2020,140968483,1,1,0,18,19,5,1,0,0,0,0,0,0,0,3,1,6,6,1,63,9,-1,-1,-1,-1,10,E01007937,0,-1
2020332000778,2020,332000778,2,1,0,18,19,4,8,0,0,0,0,0,0,0,2,1,6,6,1,31,6,-1,-1,-1,-1,10,E01025641,0,-1
2020200972580,2020,200972580,1,9,0,18,19,7,3,0,0,1,0,0,0,0,1,1,6,6,1,-1,-1,-1,-1,-1,-1,-1,-1,0,-1
2020440202820,2020,440202820,2,19,0,2,2,0,0,0,0,0,0,0,0,0,0,1,6,6,1,47,8,-1,-1,-1,-1,3,E01022901,0,-1
2020420942007,2020,420942007,1,9,0,18,19,7,3,0,0,0,0,0,7,0,1,1,2,2,1,22,5,-1,-1,-1,-1,-1,-1,0,-1
2020230950498,2020,230950498,1,9,0,18,19,2,6,0,0,0,0,0,0,0,1,1,5,6,1,70,10,-1,-1,-1,-1,-1,-1,0,-1
2020410987075,2020,410987075,2,1,0,7,7,1,5,0,0,0,0,0,0,0,3,1,5,6,1,54,8,-1,-1,-1,-1,9,E01002467,0,-1
2020471004051,2020,471004051,2,-1,0,18,19,6,2,0,0,8,0,0,0,0,3,1,6,6,1,48,8,-1,-1,-1,-1,1,E01016904,1,-1
2020220949453,2020,220949453,2,1,0,18,19,4,8,0,0,0,0,0,0,0,3,1,5,6,1,62,9,-1,-1,-1,-1,6,E01032472,0,-1
2020430293520,2020,430293520,1,9,0,18,19,6,4,0,0,0,0,0,0,0,4,1,6,6,3,-1,-1,-1,-1,-1,-1,-1,-1,0,-1
2020990972877,2020,990972877,2,9,0,18,19,3,7,0,0,1,0,0,0,0,2,1,6,6,1,-1,-1,-1,-1,-1,-1,-1,-1,0,-1
2020320681846,2020,320681846,1,9,0,17,19,1,5,0,0,0,0,4,0,0,1,1,6,6,2,74,10,-1,-1,-1,-1,7,E01026185,0,-1
2020200938730,2020,200938730,2,1,0,18,19,8,4,0,0,2,0,0,0,0,2,1,6,6,1,37,7,-1,-1,-1,-1,1,E01010524,0,-1
2020010251655,2020,010251655,2,1,0,18,19,3,7,0,0,1,0,0,0,0,3,1,6,6,2,32,6,-1,-1,-1,-1,3,E01002079,0,-1
2020543511720,2020,543511720,2,1,0,18,19,6,2,0,0,0,0,0,0,0,1,1,6,6,1,51,8,-1,-1,-1,-1,8,E01031940,0,-1
2020010258787,2020,010258787,1,1,0,14,14,8,4,2,2,2,0,8,0,0,1,1,6,6,1,13,3,-1,-1,-1,-1,1,E01002773,0,-1
2020170L30130,2020,170L30130,1,1,0,18,19,1,5,0,0,6,0,0,0,0,1,1,4,7,1,14,3,-1,-1,-1,-1,4,E01012184,0,-1
2020430353222,2020,430353222,1,9,0,4,4,7,3,0,0,1,2,6,0,0,1,1,6,6,1,26,6,-1,-1,-1,-1,10,E01017630,0,-1
202006M177033,2020,06M177033,2,5,0,18,19,4,8,0,0,8,0,0,0,0,1,1,6,6,1,43,7,-1,-1,-1,-1,8,E01006197,0,-1
2020010251567,2020,010251567,2,20,0,99,99,9,9,99,99,9,9,99,9,99,1,9,6,6,3,-1,-1,-1,-1,-1,-1,-1,-1,0,-1
2020320535936,2020,320535936,3,9,0,18,19,6,2,0,0,0,0,0,1,0,1,1,6,6,1,38,7,-1,-1,-1,-1,9,E01026304,0,-1
2020137280230,2020,137280230,1,9,0,18,19,7,3,0,0,0,0,0,0,0,0,1,1,1,1,42,7,-1,-1,-1,-1,-1,-1,0,-1
202060Y006913,2020,60Y006913,2,1,0,4,4,7,3,0,0,0,0,0,0,0,2,1,4,7,1,12,3,-1,-1,-1,-1,-1,-1,0,-1
202006F172817,2020,06F172817,3,11,0,18,19,3,7,2,2,0,0,0,0,0,2,1,1,1,2,30,6,-1,-1,-1,-1,-1,-1,0,-1
2020500994966,2020,500994966,1,9,3,11,11,1,5,0,0,0,0,0,0,0,3,1,6,6,3,-1,-1,-1,-1,-1,-1,-1,-1,0,-1
2020421015430,2020,421015430,1,11,0,3,3,5,8,0,0,1,0,0,0,0,1,1,6,6,1,18,4,-1,-1,-1,-1,2,E01021488,0,-1
2020990924033,2020,990924033,2,1,0,18,19,6,3,0,0,1,0,0,1,0,1,1,2,2,1,29,6,-1,-1,-1,-1,8,-1,0,-1
2020010257151,2020,010257151,2,1,0,18,19,1,5,0,0,2,0,0,0,0,3,1,1,1,2,27,6,-1,-1,-1,-1,8,E01023666,0,-1
2020140957100,2020,140957100,2,9,0,18,19,3,7,0,0,0,0,0,0,0,0,1,6,6,3,-1,-1,-1,-1,-1,-1,-1,-1,0,-1
2020500948318,2020,500948318,2,1,0,18,19,7,3,0,0,6,0,0,0,0,4,1,5,6,1,51,8,-1,-1,-1,-1,3,E01015059,0,-1
2020010251581,2020,010251581,2,1,0,7,7,5,7,0,0,2,0,0,0,0,1,1,6,6,1,38,7,-1,-1,-1,-1,1,E01003188,0,-1
2020544870420,2020,544870420,2,9,0,18,19,1,5,0,0,0,0,0,0,0,0,1,6,6,3,30,6,-1,-1,-1,-1,-1,-1,0,-1
2020990945668,2020,990945668,1,97,0,7,7,8,2,0,0,8,2,0,7,0,1,1,5,6,1,14,3,-1,-1,-1,-1,2,-1,0,-1
2020160917047,2020,160917047,2,1,0,18,19,5,1,0,0,0,0,0,0,0,1,1,4,7,1,12,3,-1,-1,-1,-1,8,E01013190,0,-1
2020160970006,2020,160970006,2,9,0,18,19,3,7,0,0,0,0,0,0,0,4,1,6,6,3,-1,-1,-1,-1,-1,-1,-1,-1,0,-1
2020552100092,2020,552100092,2,1,0,4,4,5,1,0,0,0,0,0,0,0,1,1,6,6,1,63,9,-1,-1,-1,-1,4,E01020571,0,-1
202006M175039,2020,06M175039,2,1,0,18,19,6,2,5,5,8,1,0,0,0,4,1,6,6,1,19,4,-1,-1,-1,-1,4,E01006187,0,-1
2020010265978,2020,010265978,2,1,0,18,19,4,8,0,0,6,0,0,0,0,4,1,6,6,2,30,6,-1,-1,-1,-1,2,E01033085,0,-1
202063D034920,2020,63D034920,1,9,0,18,19,7,3,0,0,0,1,0,7,1,3,1,6,6,2,51,8,-1,-1,-1,-1,4,W01000683,0,-1
2020010264380,2020,010264380,2,9,0,99,99,9,9,99,99,9,9,99,9,99,1,9,6,6,3,-1,-1,-1,-1,-1,-1,-1,-1,0,-1
2020052001309,2020,052001309,1,9,0,18,19,4,8,0,0,0,0,0,0,0,1,1,6,6,3,-1,-1,-1,-1,-1,-1,-1,-1,0,-1
2020332001108,2020,332001108,1,9,0,18,19,5,1,0,0,0,0,0,0,0,0,1,6,6,1,20,4,-1,-1,-1,-1,-1,-1,0,-1
2020010255204,2020,010255204,2,9,0,99,99,9,9,99,99,9,9,99,9,99,9,9,6,6,3,-1,-1,-1,-1,-1,-1,-1,-1,0,-1
2020010270669,2020,010270669,2,9,0,2,2,0,0,0,0,0,0,0,0,0,2,1,6,6,3,-1,-1,-1,-1,-1,-1,-1,-1,0,-1
2020010257075,2020,010257075,1,1,0,9,9,5,3,0,0,1,0,0,0,0,1,1,6,6,1,35,6,-1,-1,-1,-1,-1,-1,0,-1
2020520004362,2020,520004362,1,9,0,18,19,5,1,0,0,1,0,0,0,0,1,1,6,6,1,49,8,-1,-1,-1,-1,5,E01015019,0,-1
2020200945905,2020,200945905,2,1,0,18,19,7,3,0,0,8,0,0,0,0,3,1,6,6,1,30,6,-1,-1,-1,-1,2,E01010417,0,-1
202006M274554,2020,06M274554,2,4,0,18,19,6,2,0,0,8,0,0,0,0,1,1,6,6,1,30,6,-1,-1,-1,-1,-1,-1,0,-1
2020350992026,2020,350992026,1,21,1,1,1,7,3,0,0,0,0,0,0,0,1,2,1,1,1,53,8,-1,-1,-1,-1,-1,-1,0,-1
2020302000562,2020,302000562,2,9,0,18,19,2,6,0,0,0,0,0,0,0,4,1,6,6,3,-1,-1,-1,-1,-1,-1,5,E01019456,0,-1
2020010261100,2020,010261100,1,1,9,99,99,9,9,99,99,9,9,99,9,99,9,1,2,2,2,20,4,-1,-1,-1,-1,4,E01004569,0,-1
2020010244496,2020,010244496,1,90,0,4,4,7,3,0,0,1,0,0,0,0,1,1,1,1,1,54,8,-1,-1,-1,-1,4,E01002893,0,-1
2020410944568,2020,410944568,2,1,0,18,19,3,7,0,0,8,0,0,0,0,1,1,1,1,2,33,6,-1,-1,-1,-1,6,E01023868,0,-1
2020122000805,2020,122000805,1,9,0,18,19,1,3,0,0,1,0,0,0,0,3,1,6,6,3,-1,-1,-1,-1,-1,-1,-1,-1,0,-1
2020010285980,2020,010285980,2,19,0,99,99,9,9,99,99,9,9,99,9,99,9,9,6,6,3,-1,-1,-1,-1,-1,-1,-1,-1,0,-1
202031B172920,2020,31B172920,2,1,0,18,19,2,6,0,0,0,0,0,1,9,2,1,2,2,1,48,8,-1,-1,-1,-1,5,E01007609,0,-1
2020200980651,2020,200980651,1,1,0,17,19,5,2,0,0,0,0,0,0,0,2,1,6,6,1,27,6,-1,-1,-1,-1,1,E01009577,0,-1
2020200922493,2020,200922493,2,1,0,18,19,6,3,0,0,8,0,0,0,0,1,1,6,6,1,59,9,-1,-1,-1,-1,1,E01009979,0,-1
2020450950293,2020,450950293,1,1,0,18,19,6,2,0,0,1,2,0,0,0,1,1,5,6,1,28,6,-1,-1,-1,-1,9,E01030425,0,-1
2020137781623,2020,137781623,1,4,0,18,19,2,6,9,9,8,2,0,1,11,4,1,6,6,1,41,7,-1,-1,-1,-1,1,E01011863,0,-1