collision_index,collision_year,collision_ref_no,vehicle_reference,vehicle_type,towing_and_articulation,vehicle_manoeuvre_historic,vehicle_manoeuvre,vehicle_direction_from,vehicle_direction_to,vehicle_location_restricted_lane_historic,vehicle_location_restricted_lane,junction_location,skidding_and_overturning,hit_object_in_carriageway,vehicle_leaving_carriageway,hit_object_off_carriageway,first_point_of_impact,vehicle_left_hand_drive,journey_purpose_of_driver_historic,journey_purpose_of_driver,sex_of_driver,age_of_driver,age_band_of_driver,engine_capacity_cc,propulsion_code,age_of_vehicle,generic_make_model,driver_imd_decile,lsoa_of_driver,escooter_flag,driver_distance_banding
2020010267723,2020,010267723,2,1,0,99,99,9,9,0,0,7,0,0,0,0,3,1,4,7,1,10,2,-1,-1,-1,-1,8,E01003827,0,-1
202006M168502,2020,06M168502,2,1,0,9,9,2,7,0,0,1,0,0,0,0,4,1,2,2,1,43,7,-1,-1,-1,-1,6,E01006157,0,-1
202060Y076929,2020,60Y076929,2,20,0,18,19,7,3,0,0,1,1,0,7,4,1,1,1,1,1,26,6,-1,-1,-1,-1,-1,-1,0,-1
2020010261823,2020,010261823,1,1,9,99,99,9,9,99,99,9,9,99,9,99,1,1,2,2,1,32,6,-1,-1,-1,-1,3,E01000929,0,-1
2020332001112,2020,332001112,2,1,0,18,19,6,2,0,0,0,0,0,0,0,0,1,6,6,1,19,4,-1,-1,-1,-1,-1,-1,0,-1
2020100979762,2020,100979762,1,9,0,5,5,3,5,0,0,2,0,0,0,0,1,1,6,6,3,-1,-1,-1,-1,-1,-1,-1,-1,0,-1
2020010237750,2020,010237750,1,9,9,18,19,6,2,99,99,1,9,99,9,99,9,1,-1,-1,3,-1,-1,-1,-1,-1,-1,-1,-1,0,-1
2020010245601,2020,010245601,1,1,0,18,19,5,1,0,0,8,0,0,0,0,4,1,1,1,1,26,6,-1,-1,-1,-1,4,E01024624,0,-1
2020200942091,2020,200942091,1,9,0,18,19,6,2,0,0,0,2,0,0,0,1,1,6,6,1,48,8,-1,-1,-1,-1,4,E01009065,0,-1
2020200981255,2020,200981255,1,9,0,3,3,8,4,0,0,1,0,0,0,0,2,1,1,1,1,29,6,-1,-1,-1,-1,5,E01027114,0,-1
2020137821735,2020,137821735,2,1,0,18,19,5,1,0,0,0,0,0,0,0,1,1,6,6,1,24,5,-1,-1,-1,-1,-1,-1,0,-1
2020010252841,2020,010252841,1,9,0,3,3,5,1,0,0,0,0,0,0,0,0,1,2,2,2,26,6,-1,-1,-1,-1,5,E01001998,0,-1
2020544120920,2020,544120920,2,16,0,18,19,4,8,0,0,0,0,0,0,0,0,1,6,6,2,30,6,-1,-1,-1,-1,6,E01032078,0,-1
2020420919969,2020,420919969,2,9,0,4,4,2,6,0,0,0,0,0,0,0,2,1,1,1,1,45,7,-1,-1,-1,-1,9,E01021560,0,-1
2020430103581,2020,430103581,2,9,0,5,5,0,8,8,6,0,0,0,0,0,1,1,6,6,3,-1,-1,-1,-1,-1,-1,-1,-1,0,-1
2020430273921,2020,430273921,3,19,0,3,3,7,3,0,0,0,0,0,0,0,2,1,6,6,1,-1,-1,-1,-1,-1,-1,6,E01016241,0,-1
2020010262584,2020,010262584,2,9,0,99,99,9,9,99,99,9,9,99,9,99,9,9,6,6,3,30,6,-1,-1,-1,-1,-1,-1,0,-1
2020010291789,2020,010291789,2,3,0,99,99,9,9,99,99,9,9,99,9,99,9,1,6,6,3,-1,-1,-1,-1,-1,-1,-1,-1,0,-1
2020140977617,2020,140977617,2,1,0,18,19,7,3,0,0,0,0,0,0,0,3,1,6,6,1,48,8,-1,-1,-1,-1,9,E01007602,0,-1
2020450953840,2020,450953840,2,1,0,14,14,8,4,0,0,1,5,11,0,0,1,1,5,6,2,64,9,-1,-1,-1,-1,6,E01030371,0,-1
2020040920850,2020,040920850,3,1,0,18,19,3,7,0,0,2,0,0,0,0,1,1,6,6,1,9,2,-1,-1,-1,-1,-1,-1,0,-1
2020430188396,2020,430188396,1,9,0,9,9,2,8,0,0,5,0,0,0,0,1,1,1,1,1,35,6,-1,-1,-1,-1,10,E01017650,0,-1
2020420951738,2020,420951738,2,1,0,18,19,3,7,0,0,0,0,0,0,0,1,1,5,6,1,59,9,-1,-1,-1,-1,9,E01021517,0,-1
2020522004289,2020,522004289,1,-1,0,18,19,1,5,0,0,0,0,0,0,0,3,1,6,6,1,24,5,-1,-1,-1,-1,3,E01014690,1,-1
2020030975137,2020,030975137,2,1,0,7,7,1,5,0,0,3,0,0,0,0,4,1,5,6,1,55,8,-1,-1,-1,-1,6,E01019082,0,-1
202060Y084235,2020,60Y084235,2,1,0,18,19,8,4,0,0,1,5,0,0,0,1,1,6,6,2,49,8,-1,-1,-1,-1,-1,-1,0,-1
2020100925977,2020,100925977,1,9,0,5,5,7,3,0,0,0,0,0,0,0,0,1,6,6,1,-1,-1,-1,-1,-1,-1,-1,-1,0,-1
2020440307109,2020,440307109,2,9,0,18,19,1,5,0,0,0,0,0,0,0,1,1,6,6,1,52,8,-1,-1,-1,-1,8,E01017196,0,-1
2020140976591,2020,140976591,2,9,0,5,5,-1,-1,0,0,6,0,0,0,0,1,1,6,6,3,-1,-1,-1,-1,-1,-1,-1,-1,0,-1
2020010271916,2020,010271916,1,20,0,18,19,8,4,0,0,1,0,0,0,0,4,1,6,6,3,-1,-1,-1,-1,-1,-1,-1,-1,0,-1
20201376M1372,2020,1376M1372,1,9,0,6,6,8,4,0,0,0,0,0,0,0,4,1,6,6,1,-1,-1,-1,-1,-1,-1,-1,-1,0,-1
2020500944162,2020,500944162,1,9,0,18,19,3,7,0,0,1,0,0,0,0,0,1,6,6,2,-1,-1,-1,-1,-1,-1,-1,-1,0,-1
20201378U0854,2020,1378U0854,2,9,0,9,9,1,7,0,0,0,0,0,0,0,1,1,6,6,1,20,4,-1,-1,-1,-1,1,E01010606,0,-1
2020100982176,2020,100982176,2,1,0,18,19,5,1,0,0,8,2,0,0,0,4,1,2,2,1,52,8,-1,-1,-1,-1,9,E01008369,0,-1
2020320024298,2020,320024298,2,1,0,18,19,3,7,0,0,8,5,0,0,0,3,1,6,6,1,66,10,-1,-1,-1,-1,6,E01026331,0,-1
2020552000977,2020,552000977,1,1,0,18,19,5,1,0,0,6,0,0,0,0,1,1,6,6,1,19,4,-1,-1,-1,-1,3,E01015285,0,-1
2020430068397,2020,430068397,2,9,0,18,19,8,4,0,0,0,0,0,0,0,4,1,6,6,3,-1,-1,-1,-1,-1,-1,-1,-1,0,-1
2020990979062,2020,990979062,1,9,0,16,19,7,3,0,0,0,0,0,0,0,0,1,6,6,3,-1,-1,-1,-1,-1,-1,-1,-1,0,-1
2020010251626,2020,010251626,1,9,0,18,19,7,3,0,0,0,0,0,0,0,4,1,6,6,3,-1,-1,-1,-1,-1,-1,-1,-1,0,-1
2020450939798,2020,450939798,2,9,0,18,19,8,4,0,0,4,0,0,0,0,0,1,6,6,3,44,7,-1,-1,-1,-1,-1,-1,0,-1
2020200967046,2020,200967046,1,9,0,9,9,4,2,0,0,6,0,0,0,0,1,1,6,6,3,-1,-1,-1,-1,-1,-1,-1,-1,0,-1
2020010269046,2020,010269046,1,1,0,18,19,7,3,0,0,1,0,0,0,0,1,1,2,2,1,54,8,-1,-1,-1,-1,5,E01001681,0,-1
2020010248419,2020,010248419,2,9,0,99,99,9,9,99,99,9,9,99,9,99,2,9,6,6,3,-1,-1,-1,-1,-1,-1,-1,-1,0,-1
2020990995182,2020,990995182,1,1,0,18,19,5,3,0,0,2,0,0,0,0,1,1,4,7,1,9,2,-1,-1,-1,-1,2,-1,0,-1
2020410981778,2020,410981778,2,9,0,2,2,0,0,0,0,0,0,0,0,0,2,1,6,6,3,-1,-1,-1,-1,-1,-1,-1,-1,0,-1
2020470966303,2020,470966303,2,19,0,2,2,0,0,0,0,0,0,0,0,0,1,1,6,6,3,-1,-1,-1,-1,-1,-1,-1,-1,0,-1
2020010267386,2020,010267386,1,9,0,3,3,5,1,0,0,0,0,0,0,0,2,1,6,6,1,-1,-1,-1,-1,-1,-1,-1,-1,0,-1
2020030993088,2020,030993088,1,9,0,18,19,3,7,0,0,0,0,0,0,0,1,1,6,6,3,-1,-1,-1,-1,-1,-1,-1,-1,0,-1
2020320553995,2020,320553995,2,1,0,18,19,1,3,0,0,2,0,0,0,0,1,1,6,6,1,9,2,-1,-1,-1,-1,-1,-1,0,-1
2020470948862,2020,470948862,1,9,0,18,19,5,1,0,0,0,0,0,0,0,0,1,5,6,1,39,7,-1,-1,-1,-1,5,E01029696,0,-1
2020010230087,2020,010230087,2,9,9,99,99,9,9,99,99,9,9,99,9,99,9,9,6,6,3,-1,-1,-1,-1,-1,-1,-1,-1,0,-1
2020110963981,2020,110963981,1,19,0,18,19,7,3,0,0,4,0,0,0,0,1,1,6,6,1,80,11,-1,-1,-1,-1,3,E01020729,0,-1
2020332001225,2020,332001225,1,3,0,18,19,4,8,0,0,0,0,0,0,0,0,1,6,6,1,22,5,-1,-1,-1,-1,-1,-1,0,-1
2020450924560,2020,450924560,2,1,0,18,19,7,3,0,0,0,0,0,0,0,0,1,4,7,1,11,3,-1,-1,-1,-1,6,E01030755,0,-1
2020140982560,2020,140982560,2,1,0,18,19,7,3,0,0,0,0,0,0,0,2,1,5,6,1,66,10,-1,-1,-1,-1,6,E01007424,0,-1
2020010271288,2020,010271288,2,20,0,99,99,9,9,99,99,9,9,99,9,99,1,9,6,6,3,-1,-1,-1,-1,-1,-1,-1,-1,0,-1
2020010251113,2020,010251113,2,4,0,18,19,5,1,0,0,0,5,0,0,0,1,1,1,1,1,35,6,-1,-1,-1,-1,-1,-1,0,-1
2020140958882,2020,140958882,4,9,0,2,2,0,0,0,0,0,0,0,0,0,3,1,6,6,3,-1,-1,-1,-1,-1,-1,-1,-1,0,-1
2020990920856,2020,990920856,1,9,0,18,19,7,2,0,0,0,0,0,0,0,4,1,6,6,1,34,6,-1,-1,-1,-1,8,-1,0,-1
2020430283101,2020,430283101,2,9,0,2,2,0,0,0,0,0,0,0,0,0,0,1,1,1,1,40,7,-1,-1,-1,-1,-1,-1,0,-1
202031C062920,2020,31C062920,1,1,0,18,19,4,8,0,0,8,0,0,0,0,1,1,6,6,1,24,5,-1,-1,-1,-1,3,E01013930,0,-1
202006E470360,2020,06E470360,1,9,0,18,19,1,5,0,0,1,0,4,7,0,1,1,6,6,3,-1,-1,-1,-1,-1,-1,-1,-1,0,-1
2020201018408,2020,201018408,1,9,0,7,7,7,1,0,0,6,0,0,0,0,0,1,6,6,3,-1,-1,-1,-1,-1,-1,-1,-1,0,-1
2020230981049,2020,230981049,2,9,0,17,19,3,8,0,0,0,0,0,0,0,0,1,5,6,3,32,6,-1,-1,-1,-1,-1,-1,0,-1
2020030943989,2020,030943989,2,9,0,18,19,3,7,0,0,0,0,0,1,0,1,1,2,2,2,31,6,-1,-1,-1,-1,7,E01019091,0,-1
2020990994069,2020,990994069,1,9,4,18,19,7,4,0,0,1,0,0,0,0,4,1,1,1,1,35,6,-1,-1,-1,-1,5,-1,0,-1
2020530985998,2020,530985998,1,97,0,18,19,4,8,0,0,8,0,0,0,0,1,1,6,6,1,-1,-1,-1,-1,-1,-1,-1,-1,0,-1
2020230976071,2020,230976071,1,9,0,18,19,8,4,0,0,0,0,0,0,0,1,1,5,6,1,40,7,-1,-1,-1,-1,-1,-1,0,-1
2020010255071,2020,010255071,2,5,0,99,99,9,9,99,99,0,9,99,9,99,1,1,6,6,3,-1,-1,-1,-1,-1,-1,-1,-1,0,-1
20201375L0697,2020,1375L0697,2,1,0,9,9,3,7,0,0,8,0,0,0,0,1,1,6,6,2,30,6,-1,-1,-1,-1,6,E01011156,0,-1
2020501013114,2020,501013114,2,9,0,18,19,2,6,0,0,0,0,0,0,0,4,1,6,6,1,25,5,-1,-1,-1,-1,2,E01014575,0,-1
2020440341679,2020,440341679,1,9,0,18,19,8,4,0,0,0,0,0,7,11,1,1,6,6,1,27,6,-1,-1,-1,-1,3,E01017179,0,-1
2020430164358,2020,430164358,1,1,0,8,8,4,2,0,0,1,0,0,0,0,2,1,6,6,1,41,7,-1,-1,-1,-1,9,E01017888,0,-1
202006N174243,2020,06N174243,2,1,0,18,19,3,7,0,0,8,0,0,0,0,1,1,6,6,1,26,6,-1,-1,-1,-1,1,E01004957,0,-1
2020010229555,2020,010229555,1,1,9,99,99,9,9,99,99,9,9,99,9,99,1,1,2,2,1,36,7,-1,-1,-1,-1,3,E01001999,0,-1
2020332000162,2020,332000162,2,1,0,18,19,4,8,0,0,8,0,0,0,0,1,1,6,6,1,18,4,-1,-1,-1,-1,5,E01025723,0,-1
2020470980656,2020,470980656,2,20,0,2,2,0,0,6,6,0,0,0,0,0,2,1,6,6,3,-1,-1,-1,-1,-1,-1,-1,-1,0,-1
2020010250778,2020,010250778,1,9,0,18,19,-1,-1,0,0,0,0,0,0,0,1,1,6,6,3,-1,-1,-1,-1,-1,-1,-1,-1,0,-1
2020200996176,2020,200996176,2,1,0,18,19,6,2,0,0,8,0,0,0,0,1,1,6,6,1,67,10,-1,-1,-1,-1,3,E01008936,0,-1
2020480968653,2020,480968653,2,1,0,18,19,7,3,0,0,1,0,0,0,0,3,1,5,6,1,49,8,-1,-1,-1,-1,7,E01001657,0,-1
2020221000248,2020,221000248,3,9,0,12,12,4,7,0,0,7,0,0,0,0,3,1,6,6,1,34,6,-1,-1,-1,-1,-1,-1,0,-1
2020010284716,2020,010284716,2,9,9,99,99,9,9,99,99,9,9,99,9,99,9,1,6,6,3,-1,-1,-1,-1,-1,-1,-1,-1,0,-1
2020010236510,2020,010236510,2,1,0,18,19,5,1,5,5,1,0,0,0,0,1,1,6,6,2,68,10,-1,-1,-1,-1,9,E01003882,0,-1
2020010245880,2020,010245880,2,1,0,18,19,1,5,0,0,0,0,0,0,0,4,1,6,6,1,51,8,-1,-1,-1,-1,8,E01004051,0,-1
2020230979714,2020,230979714,2,1,0,18,19,2,6,0,0,8,0,0,0,0,1,1,5,6,1,22,5,-1,-1,-1,-1,6,E01031249,0,-1
2020332000773,2020,332000773,2,9,0,18,19,2,6,0,0,8,5,10,0,0,1,1,6,6,1,53,8,-1,-1,-1,-1,2,E01025245,0,-1
2020501015143,2020,501015143,2,9,0,18,19,3,7,0,0,1,0,0,0,0,1,1,6,6,1,51,8,-1,-1,-1,-1,4,E01018776,0,-1
202006J277704,2020,06J277704,2,1,0,18,19,3,7,0,0,8,0,0,0,0,1,1,2,2,1,60,9,-1,-1,-1,-1,4,E01005897,0,-1
2020420988202,2020,420988202,3,9,0,2,2,0,0,0,0,0,0,0,0,0,4,1,6,6,3,-1,-1,-1,-1,-1,-1,-1,-1,0,-1
2020040965585,2020,040965585,1,1,0,18,19,2,7,0,0,0,0,0,0,0,0,1,5,6,1,29,6,-1,-1,-1,-1,7,E01025231,0,-1
2020430241220,2020,430241220,3,9,0,3,3,6,2,0,0,0,0,0,0,0,2,1,6,6,2,-1,-1,-1,-1,-1,-1,-1,-1,0,-1
20201377V1441,2020,1377V1441,4,9,0,18,19,8,4,0,0,0,0,0,0,0,1,1,2,2,1,22,5,-1,-1,-1,-1,1,E01009376,0,-1
2020010250420,2020,010250420,2,-1,0,18,19,5,1,0,0,4,0,0,0,0,1,1,6,6,1,14,3,-1,-1,-1,-1,7,E01002470,1,-1
2020160986334,2020,160986334,1,1,0,7,7,7,3,0,0,6,0,0,0,0,3,1,6,6,2,23,5,-1,-1,-1,-1,-1,-1,0,-1
2020460955243,2020,460955243,2,1,0,18,19,1,5,0,0,1,0,0,0,0,1,1,5,6,1,11,3,-1,-1,-1,-1,7,E01024801,0,-1
2020370956117,2020,370956117,2,19,0,18,19,3,1,0,0,2,0,0,0,0,1,1,1,1,1,27,6,-1,-1,-1,-1,2,E01026828,0,-1
2020302001489,2020,302001489,1,4,0,5,5,6,2,0,0,1,0,0,0,0,4,1,2,2,2,46,8,-1,-1,-1,-1,2,E01019441,0,-1
2020622000190,2020,622000190,1,9,0,18,19,3,7,0,0,4,0,0,0,0,1,1,2,2,1,58,9,-1,-1,-1,-1,5,W01001161,0,-1
2020470917935,2020,470917935,1,20,0,9,9,4,1,0,0,1,0,0,0,0,1,1,1,1,1,48,8,-1,-1,-1,-1,6,E01031554,0,-1
2020302000590,2020,302000590,1,1,0,18,19,8,4,0,0,1,0,0,0,0,1,1,6,6,2,65,9,-1,-1,-1,-1,7,E01019415,0,-1
2020010270684,2020,010270684,1,1,9,99,99,9,9,99,99,0,9,99,9,99,9,1,2,2,1,36,7,-1,-1,-1,-1,10,E01030324,0,-1
2020500930291,2020,500930291,2,1,0,18,19,2,5,0,0,1,0,0,0,0,1,1,6,6,1,38,7,-1,-1,-1,-1,9,E01019986,0,-1
2020010235756,2020,010235756,1,9,9,99,99,9,9,99,99,9,9,99,9,99,9,9,-1,-1,3,-1,-1,-1,-1,-1,-1,-1,-1,0,-1
2020010251847,2020,010251847,1,-1,0,17,19,3,7,9,9,6,0,0,0,0,1,1,6,6,1,19,4,-1,-1,-1,-1,8,E01002106,1,-1
2020440263499,2020,440263499,2,1,0,18,19,4,8,9,9,8,0,0,0,0,1,1,6,6,1,13,3,-1,-1,-1,-1,3,E01023205,0,-1
2020122000959,2020,122000959,1,1,0,18,19,1,5,0,0,1,0,0,0,0,2,1,6,6,1,75,10,-1,-1,-1,-1,10,E01027880,0,-1
2020460996664,2020,460996664,1,9,0,14,14,2,6,0,0,0,0,4,0,0,3,1,6,6,3,-1,-1,-1,-1,-1,-1,-1,-1,0,-1
2020010244800,2020,010244800,1,1,9,99,99,9,9,99,99,0,9,99,9,99,9,1,6,6,1,58,9,-1,-1,-1,-1,5,E01003130,0,-1
2020010273236,2020,010273236,2,9,0,99,99,9,9,99,99,9,9,99,9,99,9,9,6,6,3,-1,-1,-1,-1,-1,-1,-1,-1,0,-1
2020450979951,2020,450979951,1,1,0,18,19,2,4,0,0,0,2,0,0,0,1,1,6,6,1,26,6,-1,-1,-1,-1,6,E01004608,0,-1
2020360977305,2020,360977305,2,9,0,18,19,1,5,0,0,2,0,0,0,0,4,1,5,6,1,65,9,-1,-1,-1,-1,2,E01026607,0,-1
2020430151610,2020,430151610,1,1,0,12,12,5,1,0,0,1,0,0,0,0,3,1,6,6,1,61,9,-1,-1,-1,-1,8,E01017833,0,-1
2020320579619,2020,320579619,2,1,0,18,19,3,7,0,0,0,0,0,0,0,4,1,6,6,2,54,8,-1,-1,-1,-1,8,E01026035,0,-1
2020010261670,2020,010261670,2,1,9,99,99,9,9,99,99,9,9,99,9,99,1,1,6,6,3,-1,-1,-1,-1,-1,-1,-1,-1,0,-1
2020990923150,2020,990923150,2,1,0,7,7,6,8,0,0,2,0,0,0,0,4,1,6,6,1,62,9,-1,-1,-1,-1,9,-1,0,-1
2020010255188,2020,010255188,1,1,0,18,19,3,7,0,0,8,5,0,0,0,1,1,6,6,1,44,7,-1,-1,-1,-1,3,E01002047,0,-1
2020450949687,2020,450949687,2,9,0,17,19,3,7,0,0,1,1,0,0,0,1,1,5,6,1,55,8,-1,-1,-1,-1,10,E01030809,0,-1
2020170S11480,2020,170S11480,2,21,1,7,7,6,8,0,0,6,0,0,0,0,3,1,1,1,3,-1,-1,-1,-1,-1,-1,-1,-1,0,-1
2020430297663,2020,430297663,1,1,0,18,19,4,8,0,0,2,0,0,0,0,1,1,6,6,1,23,5,-1,-1,-1,-1,5,E01016392,0,-1
2020610034520,2020,610034520,2,9,0,7,7,3,5,0,0,3,0,0,0,0,4,1,6,6,1,42,7,-1,-1,-1,-1,3,W01001302,0,-1
2020530939809,2020,530939809,2,1,0,5,5,7,3,9,9,0,0,0,0,0,1,1,4,7,1,14,3,-1,-1,-1,-1,6,E01022162,0,-1
2020010249638,2020,010249638,2,1,0,18,19,7,3,0,0,1,0,0,0,0,1,1,6,6,1,26,6,-1,-1,-1,-1,3,E01003122,0,-1
2020430289070,2020,430289070,1,3,0,9,9,2,8,0,0,8,1,0,0,0,3,1,6,6,1,18,4,-1,-1,-1,-1,8,E01016609,0,-1
2020010286110,2020,010286110,1,9,9,99,99,9,9,0,0,9,0,99,9,99,9,9,6,6,3,-1,-1,-1,-1,-1,-1,-1,-1,0,-1
202060Y184403,2020,60Y184403,1,9,0,5,5,3,7,9,9,1,0,0,0,0,4,1,6,6,2,54,8,-1,-1,-1,-1,-1,-1,0,-1
2020010254754,2020,010254754,2,9,0,99,99,9,9,0,0,1,0,0,0,0,1,9,6,6,3,30,6,-1,-1,-1,-1,4,E01001158,0,-1
2020470925694,2020,470925694,2,1,0,18,19,8,4,4,4,0,0,0,0,0,1,1,2,2,1,62,9,-1,-1,-1,-1,8,E01031439,0,-1
2020030928987,2020,030928987,1,9,0,18,19,7,3,0,0,0,0,0,0,0,1,1,6,6,1,29,6,-1,-1,-1,-1,2,E01019199,0,-1
2020010259135,2020,010259135,2,1,0,18,19,3,7,0,0,5,0,0,0,0,1,1,6,6,2,52,8,-1,-1,-1,-1,5,E01001536,0,-1
2020201016950,2020,201016950,1,9,0,5,5,8,4,0,0,2,0,0,0,0,1,1,6,6,1,-1,-1,-1,-1,-1,-1,-1,-1,0,-1
202060Y030572,2020,60Y030572,2,9,0,2,2,0,0,0,0,0,0,0,0,0,4,1,3,7,2,53,8,-1,-1,-1,-1,-1,-1,0,-1
2020010250936,2020,010250936,2,1,0,9,9,7,5,0,0,8,0,0,0,0,1,1,2,2,2,34,6,-1,-1,-1,-1,1,E01004541,0,-1
2020440198207,2020,440198207,2,9,4,18,19,4,8,0,0,0,0,0,0,0,3,1,6,6,3,-1,-1,-1,-1,-1,-1,-1,-1,0,-1
2020010266560,2020,010266560,1,1,9,99,99,9,9,99,99,0,9,99,9,99,9,1,6,6,2,28,6,-1,-1,-1,-1,3,E01004313,0,-1
2020160969531,2020,160969531,2,1,0,18,19,1,4,0,0,3,0,0,0,0,2,1,6,6,1,34,6,-1,-1,-1,-1,7,E01033108,0,-1
2020470958256,2020,470958256,2,1,0,7,7,5,8,0,0,8,0,0,0,0,2,1,6,6,2,21,5,-1,-1,-1,-1,4,E01031455,0,-1
2020350978997,2020,350978997,2,1,-1,18,19,3,7,0,0,1,0,0,0,0,1,1,5,6,1,65,9,-1,-1,-1,-1,7,E01017464,0,-1
2020201000051,2020,201000051,2,1,0,-1,-1,-1,-1,-1,-1,-1,-1,-1,-1,0,-1,1,6,6,1,57,9,-1,-1,-1,-1,9,E01009456,0,-1
2020010278541,2020,010278541,2,9,0,99,99,9,9,99,99,9,9,99,9,99,1,9,6,6,3,-1,-1,-1,-1,-1,-1,-1,-1,0,-1
202031A113020,2020,31A113020,1,19,0,5,5,6,2,0,0,1,0,0,0,0,2,1,6,6,1,37,7,-1,-1,-1,-1,8,E01027993,0,-1
2020010285682,2020,010285682,1,1,9,99,99,9,9,99,99,9,9,99,9,99,2,1,6,6,1,32,6,-1,-1,-1,-1,-1,-1,0,-1
2020137191441,2020,137191441,1,9,0,18,19,3,7,0,0,0,0,0,0,0,1,1,6,6,3,-1,-1,-1,-1,-1,-1,-1,-1,0,-1
2020440266287,2020,440266287,1,9,0,18,19,8,4,0,0,0,1,0,5,6,1,1,1,1,1,30,6,-1,-1,-1,-1,-1,-1,0,-1
2020460940060,2020,460940060,2,1,0,18,19,6,2,0,0,0,2,4,0,0,1,1,5,6,1,47,8,-1,-1,-1,-1,6,E01023987,0,-1
2020320010054,2020,320010054,1,9,0,17,19,4,8,0,0,0,0,0,1,2,4,1,6,6,1,19,4,-1,-1,-1,-1,1,E01026048,0,-1
2020140925284,2020,140925284,2,8,0,11,11,3,7,0,0,0,0,0,0,0,4,1,6,6,3,-1,-1,-1,-1,-1,-1,-1,-1,0,-1
2020332000056,2020,332000056,4,19,0,18,19,2,6,0,0,2,0,0,0,0,2,1,2,2,1,49,8,-1,-1,-1,-1,3,E01025822,0,-1
2020440072774,2020,440072774,2,1,0,18,19,3,7,0,0,8,0,0,0,0,1,1,1,1,1,54,8,-1,-1,-1,-1,10,E01022928,0,-1
2020201008966,2020,201008966,1,9,0,9,9,3,2,0,0,6,0,0,0,0,1,1,6,6,2,-1,-1,-1,-1,-1,-1,-1,-1,0,-1
202060Y032290,2020,60Y032290,2,9,0,18,19,3,7,0,0,1,0,0,0,0,1,1,6,6,1,69,10,-1,-1,-1,-1,-1,-1,0,-1
2020500941181,2020,500941181,2,1,0,18,19,5,1,0,0,1,1,0,0,0,1,1,6,6,1,48,8,-1,-1,-1,-1,6,E01015136,0,-1
2020220916893,2020,220916893,4,9,0,2,2,0,0,0,0,0,0,4,0,0,2,1,5,6,1,26,6,-1,-1,-1,-1,2,E01032234,0,-1
2020170M11910,2020,170M11910,1,3,0,18,19,8,4,0,0,8,0,0,0,0,4,1,6,6,1,21,5,-1,-1,-1,-1,1,E01033470,0,-1
2020122001056,2020,122001056,1,9,0,5,5,1,5,0,0,0,0,12,0,0,0,1,6,6,3,-1,-1,-1,-1,-1,-1,-1,-1,0,-1
2020470953407,2020,470953407,1,1,0,18,19,1,5,9,9,0,0,0,0,0,1,1,5,6,1,16,4,-1,-1,-1,-1,4,E01031596,0,-1
202031B046420,2020,31B046420,2,1,0,18,19,5,1,0,0,8,0,0,0,0,1,1,6,6,1,56,9,-1,-1,-1,-1,7,E01028005,0,-1
2020010255824,2020,010255824,1,9,0,18,19,3,7,0,0,1,0,0,0,0,1,1,6,6,1,24,5,-1,-1,-1,-1,4,E01002244,0,-1
2020541941420,2020,541941420,2,1,0,18,19,3,7,0,0,3,0,0,0,0,0,1,2,2,1,60,9,-1,-1,-1,-1,8,E01015561,0,-1
2020332000950,2020,332000950,2,9,0,11,11,5,1,0,0,5,0,0,1,2,1,1,2,2,1,37,7,-1,-1,-1,-1,1,E01025932,0,-1
2020351005570,2020,351005570,2,1,0,18,19,5,1,0,0,1,0,0,0,0,1,1,5,6,2,49,8,-1,-1,-1,-1,5,E01017991,0,-1
2020200954806,2020,200954806,2,9,0,18,19,4,8,0,0,0,0,10,4,0,3,1,6,6,2,39,7,-1,-1,-1,-1,2,E01009509,0,-1
2020332000104,2020,332000104,2,1,0,18,19,4,8,0,0,8,0,0,0,0,1,1,6,6,1,53,8,-1,-1,-1,-1,5,E01025897,0,-1
2020520000530,2020,520000530,3,9,0,2,2,0,0,0,0,0,0,0,0,0,2,1,6,6,3,-1,-1,-1,-1,-1,-1,-1,-1,0,-1
2020010261816,2020,010261816,2,9,0,18,19,3,7,0,0,8,0,0,0,0,1,1,1,1,1,45,7,-1,-1,-1,-1,8,E01033724,0,-1
2020360967450,2020,360967450,2,1,0,14,14,-1,-1,0,0,0,0,0,0,0,-1,1,2,2,2,52,8,-1,-1,-1,-1,7,E01026565,0,-1
2020211009539,2020,211009539,1,9,-1,-1,-1,6,1,-1,-1,0,-1,-1,-1,0,-1,1,6,6,1,52,8,-1,-1,-1,-1,3,E01014357,0,-1
2020370972512,2020,370972512,1,9,-1,18,19,-1,-1,0,0,0,0,0,0,0,1,1,5,6,3,-1,-1,-1,-1,-1,-1,-1,-1,0,-1
2020211017057,2020,211017057,3,9,0,2,2,0,0,0,0,0,0,0,0,0,2,1,2,2,1,34,6,-1,-1,-1,-1,-1,-1,0,-1
2020332000577,2020,332000577,2,9,0,18,19,3,7,0,0,6,0,0,0,0,4,1,6,6,3,-1,-1,-1,-1,-1,-1,-1,-1,0,-1
2020450940693,2020,450940693,2,1,0,18,19,1,5,0,0,1,0,0,0,0,1,1,6,6,1,62,9,-1,-1,-1,-1,10,E01031729,0,-1
2020450945604,2020,450945604,2,9,0,18,19,1,5,0,0,0,0,0,0,0,1,1,2,2,1,27,6,-1,-1,-1,-1,10,E01031487,0,-1
2020010284619,2020,010284619,1,-1,0,5,5,3,7,9,9,0,0,0,0,0,0,1,6,6,1,21,5,-1,-1,-1,-1,1,E01004322,1,-1
2020137CB1495,2020,137CB1495,1,9,0,18,19,6,2,0,0,0,0,0,0,0,3,1,6,6,1,-1,-1,-1,-1,-1,-1,-1,-1,0,-1
2020302000050,2020,302000050,2,9,0,18,19,2,6,0,0,4,0,0,0,0,4,1,6,6,3,-1,-1,-1,-1,-1,-1,5,E01019456,0,-1
2020010249713,2020,010249713,1,1,9,99,99,9,9,99,99,0,9,99,9,99,0,1,6,6,2,31,6,-1,-1,-1,-1,4,E01001956,0,-1
2020010245282,2020,010245282,2,1,0,5,5,3,7,0,0,4,0,0,0,0,1,1,6,6,1,33,6,-1,-1,-1,-1,9,E01004546,0,-1
2020160918137,2020,160918137,5,9,0,2,2,0,0,0,0,0,0,0,0,0,1,1,6,6,3,-1,-1,-1,-1,-1,-1,-1,-1,0,-1
2020302000609,2020,302000609,1,9,0,18,19,2,6,0,0,8,0,0,0,0,1,1,6,6,3,-1,-1,-1,-1,-1,-1,5,E01019456,0,-1