collision_index,collision_year,collision_ref_no,vehicle_reference,vehicle_type,towing_and_articulation,vehicle_manoeuvre_historic,vehicle_manoeuvre,vehicle_direction_from,vehicle_direction_to,vehicle_location_restricted_lane_historic,vehicle_location_restricted_lane,junction_location,skidding_and_overturning,hit_object_in_carriageway,vehicle_leaving_carriageway,hit_object_off_carriageway,first_point_of_impact,vehicle_left_hand_drive,journey_purpose_of_driver_historic,journey_purpose_of_driver,sex_of_driver,age_of_driver,age_band_of_driver,engine_capacity_cc,propulsion_code,age_of_vehicle,generic_make_model,driver_imd_decile,lsoa_of_driver,escooter_flag,driver_distance_banding
2020522005020,2020,522005020,2,9,0,18,19,7,3,0,0,6,0,0,0,0,1,1,6,6,3,-1,-1,-1,-1,-1,-1,-1,-1,0,-1
2020010233005,2020,010233005,2,19,0,99,99,9,9,99,99,9,9,99,9,99,9,9,6,6,3,-1,-1,-1,-1,-1,-1,-1,-1,0,-1
2020440224200,2020,440224200,1,3,0,5,5,5,1,0,0,6,0,0,0,0,3,1,6,6,1,21,5,-1,-1,-1,-1,8,E01022667,0,-1
2020460966679,2020,460966679,1,90,0,18,19,4,2,9,9,0,5,0,0,0,0,1,5,6,2,29,6,-1,-1,-1,-1,2,E01024840,0,-1
2020230975419,2020,230975419,1,1,0,18,19,7,3,0,0,1,0,0,0,0,1,1,5,6,2,72,10,-1,-1,-1,-1,7,E01031286,0,-1
2020420964573,2020,420964573,1,9,0,4,4,7,3,0,0,0,0,0,0,0,4,1,6,6,3,-1,-1,-1,-1,-1,-1,-1,-1,0,-1
2020360998161,2020,360998161,2,1,0,4,4,5,1,0,0,0,0,0,0,0,1,1,6,6,1,32,6,-1,-1,-1,-1,1,E01026688,0,-1
2020010255466,2020,010255466,2,1,0,18,19,5,1,0,0,1,0,0,0,0,9,1,6,6,2,43,7,-1,-1,-1,-1,2,E01032722,0,-1
2020010249473,2020,010249473,1,9,0,18,19,5,1,0,0,0,0,0,0,0,1,1,6,6,3,-1,-1,-1,-1,-1,-1,-1,-1,0,-1
2020010268469,2020,010268469,1,1,9,99,99,9,9,99,99,9,9,99,9,99,9,1,6,6,2,35,6,-1,-1,-1,-1,1,E01003207,0,-1
2020320541794,2020,320541794,1,1,0,18,19,1,5,0,0,0,5,4,1,0,1,1,6,6,1,55,8,-1,-1,-1,-1,-1,-1,0,-1
2020420953659,2020,420953659,2,9,0,2,2,0,0,0,0,0,0,0,0,0,2,1,6,6,3,-1,-1,-1,-1,-1,-1,-1,-1,0,-1
2020430239480,2020,430239480,1,9,0,9,9,1,7,0,0,5,0,0,1,11,0,1,6,6,1,67,10,-1,-1,-1,-1,7,E01017925,0,-1
2020010265974,2020,010265974,2,9,0,18,19,3,7,0,0,0,0,0,0,0,2,1,6,6,1,45,7,-1,-1,-1,-1,4,E01023906,0,-1
2020010236752,2020,010236752,1,9,0,18,19,-1,-1,0,0,8,0,0,0,0,1,1,6,6,3,-1,-1,-1,-1,-1,-1,-1,-1,0,-1
2020010237305,2020,010237305,1,9,0,18,19,-1,-1,0,0,8,0,0,0,0,1,1,6,6,3,-1,-1,-1,-1,-1,-1,-1,-1,0,-1
2020052002150,2020,052002150,2,1,0,18,19,3,7,0,0,3,0,0,0,0,1,1,6,6,1,13,3,-1,-1,-1,-1,2,E01006725,0,-1
2020332000941,2020,332000941,1,9,0,18,19,4,8,0,0,1,0,0,0,0,1,1,6,6,1,28,6,-1,-1,-1,-1,1,E01013622,0,-1
2020010268659,2020,010268659,2,9,9,18,19,1,5,99,99,9,9,99,9,99,9,9,6,6,3,-1,-1,-1,-1,-1,-1,-1,-1,0,-1
2020137770995,2020,137770995,2,1,0,18,19,4,8,0,0,8,0,0,0,0,2,1,6,6,2,28,6,-1,-1,-1,-1,5,E01033016,0,-1
202006P173334,2020,06P173334,3,9,0,18,19,6,2,0,0,4,0,0,0,0,1,1,6,6,3,-1,-1,-1,-1,-1,-1,-1,-1,0,-1
2020332000068,2020,332000068,2,9,0,5,5,6,2,0,0,6,0,0,0,0,1,1,6,6,2,45,7,-1,-1,-1,-1,-1,-1,0,-1
2020040949535,2020,040949535,2,1,0,18,19,3,7,0,0,1,0,0,0,0,1,1,6,6,1,12,3,-1,-1,-1,-1,2,E01025044,0,-1
2020010252475,2020,010252475,1,1,9,99,99,9,9,99,99,0,9,99,9,99,1,1,6,6,2,25,5,-1,-1,-1,-1,3,E01001858,0,-1
2020302000908,2020,302000908,2,1,0,18,19,5,1,0,0,0,0,0,0,0,2,1,6,6,1,44,7,-1,-1,-1,-1,8,E01022991,0,-1
2020160980175,2020,160980175,2,1,0,18,19,8,5,0,0,0,5,0,0,0,3,1,6,6,1,41,7,-1,-1,-1,-1,1,E01012874,0,-1
2020360950944,2020,360950944,2,1,0,17,19,6,2,0,0,0,0,0,0,0,3,1,3,7,2,46,8,-1,-1,-1,-1,1,E01026830,0,-1
2020010256130,2020,010256130,1,1,0,18,19,2,6,0,0,1,5,0,0,0,3,1,6,6,1,41,7,-1,-1,-1,-1,3,E01004064,0,-1
2020450947932,2020,450947932,2,1,0,18,19,1,5,0,0,0,0,0,1,0,3,1,5,6,2,46,8,-1,-1,-1,-1,6,E01030586,0,-1
2020544964920,2020,544964920,2,1,0,18,19,1,5,0,0,0,0,0,0,0,4,1,6,6,1,25,5,-1,-1,-1,-1,7,E01031852,0,-1
2020470996652,2020,470996652,2,1,0,18,19,8,4,0,0,8,0,0,0,0,1,1,5,6,1,31,6,-1,-1,-1,-1,3,E01031372,0,-1
2020520002748,2020,520002748,2,9,0,18,19,4,8,0,0,0,0,0,0,0,1,1,6,6,1,37,7,-1,-1,-1,-1,5,E01031394,0,-1
2020500945717,2020,500945717,2,9,0,17,19,5,1,0,0,0,0,0,0,0,1,1,5,6,1,51,8,-1,-1,-1,-1,5,E01018920,0,-1
2020302001464,2020,302001464,1,1,0,6,6,2,2,0,0,0,0,0,0,0,4,1,6,6,1,34,6,-1,-1,-1,-1,4,E01013967,0,-1
2020010251579,2020,010251579,2,1,0,18,19,4,8,0,0,2,0,0,0,0,1,1,6,6,1,27,6,-1,-1,-1,-1,3,E01000044,0,-1
2020440293185,2020,440293185,2,5,0,3,3,1,5,0,0,0,0,0,0,0,1,1,1,1,1,52,8,-1,-1,-1,-1,5,E01022957,0,-1
202006A275027,2020,06A275027,2,9,0,18,19,6,2,0,0,1,0,0,0,0,1,1,1,1,1,57,9,-1,-1,-1,-1,4,E01005295,0,-1
2020461005729,2020,461005729,2,1,0,7,7,5,1,0,0,1,0,0,0,0,1,1,6,6,1,20,4,-1,-1,-1,-1,9,E01024100,0,-1
2020500992066,2020,500992066,1,9,0,16,19,1,5,0,0,8,0,0,0,0,1,1,5,6,3,-1,-1,-1,-1,-1,-1,-1,-1,0,-1
2020052001526,2020,052001526,1,1,0,18,19,5,1,0,0,8,0,0,0,0,1,1,6,6,1,26,6,-1,-1,-1,-1,1,E01007290,0,-1
2020471010046,2020,471010046,2,9,0,2,2,0,0,0,0,0,0,0,0,0,2,1,6,6,3,-1,-1,-1,-1,-1,-1,-1,-1,0,-1
2020010259148,2020,010259148,2,5,0,18,19,1,5,0,0,1,0,0,0,0,1,1,2,2,1,52,8,-1,-1,-1,-1,6,E01030598,0,-1
2020460925511,2020,460925511,5,19,0,2,2,0,0,9,9,0,0,0,0,0,3,1,6,6,3,-1,-1,-1,-1,-1,-1,-1,-1,0,-1
202031D028320,2020,31D028320,1,1,0,18,19,8,4,0,0,8,0,0,0,0,4,1,6,6,2,47,8,-1,-1,-1,-1,10,E01028407,0,-1
202063C047320,2020,63C047320,1,9,0,18,19,2,6,0,0,1,0,0,0,0,1,1,6,6,3,-1,-1,-1,-1,-1,-1,-1,-1,0,-1
2020350953529,2020,350953529,1,1,0,18,19,3,7,0,0,0,0,0,0,0,1,1,5,6,2,-1,-1,-1,-1,-1,-1,10,E01018130,0,-1
2020010232415,2020,010232415,1,11,9,18,19,3,7,99,99,9,9,99,9,99,9,1,1,1,3,-1,-1,-1,-1,-1,-1,-1,-1,0,-1
2020440081342,2020,440081342,1,9,0,18,19,2,6,0,0,0,0,0,0,0,1,1,6,6,1,-1,-1,-1,-1,-1,-1,-1,-1,0,-1
2020010272803,2020,010272803,2,9,0,7,7,7,1,0,0,8,0,0,0,0,1,1,6,6,3,-1,-1,-1,-1,-1,-1,-1,-1,0,-1
2020541613720,2020,541613720,1,9,0,18,19,2,6,0,0,2,0,0,0,0,1,1,6,6,2,80,11,-1,-1,-1,-1,3,E01032094,0,-1
2020461005330,2020,461005330,2,19,0,2,2,0,0,0,0,0,0,0,0,0,2,1,6,6,3,-1,-1,-1,-1,-1,-1,-1,-1,0,-1
2020010281860,2020,010281860,2,1,0,18,19,5,1,0,0,4,0,0,0,0,4,1,6,6,1,47,8,-1,-1,-1,-1,5,E01000251,0,-1
202031A113220,2020,31A113220,2,1,0,18,19,1,7,0,0,6,0,0,0,0,1,1,6,6,1,6,2,-1,-1,-1,-1,2,E01028223,0,-1
2020010259844,2020,010259844,2,1,0,18,19,7,3,0,0,1,0,0,0,0,1,1,6,6,1,45,7,-1,-1,-1,-1,8,E01001924,0,-1
2020360978036,2020,360978036,1,9,0,18,19,5,1,0,0,0,5,0,0,0,0,1,5,6,1,41,7,-1,-1,-1,-1,4,E01026429,0,-1
2020370938031,2020,370938031,2,1,0,18,19,1,5,0,0,0,0,0,0,0,1,1,6,6,2,19,4,-1,-1,-1,-1,4,E01030160,0,-1
2020161012771,2020,161012771,1,98,1,18,19,3,5,0,0,8,0,0,0,0,4,1,1,1,1,-1,-1,-1,-1,-1,-1,-1,-1,0,-1
2020450989406,2020,450989406,2,1,0,18,19,1,5,0,0,1,2,0,0,0,1,1,5,6,1,32,6,-1,-1,-1,-1,9,E01030890,0,-1
2020137C30731,2020,137C30731,1,20,0,18,19,6,2,0,0,1,0,0,0,0,1,1,1,1,1,-1,-1,-1,-1,-1,-1,-1,-1,0,-1
2020010236729,2020,010236729,1,9,0,18,19,3,7,0,0,8,0,0,0,0,3,1,6,6,1,41,7,-1,-1,-1,-1,1,E01004456,0,-1
2020320662375,2020,320662375,2,9,0,18,19,5,1,0,0,1,0,0,0,0,1,1,6,6,1,27,6,-1,-1,-1,-1,-1,-1,0,-1
2020010257866,2020,010257866,2,1,0,18,19,3,7,0,0,1,0,0,0,0,1,1,6,6,1,14,3,-1,-1,-1,-1,4,E01001854,0,-1
2020220953469,2020,220953469,2,1,0,18,19,2,6,0,0,8,0,0,0,0,1,1,2,2,1,43,7,-1,-1,-1,-1,8,E01032400,0,-1
2020350952484,2020,350952484,2,1,0,17,19,1,5,0,0,8,0,0,0,0,0,1,5,6,1,53,8,-1,-1,-1,-1,8,E01025795,0,-1
2020170S30750,2020,170S30750,1,1,0,7,7,1,3,0,0,8,0,0,0,0,2,1,6,6,1,54,8,-1,-1,-1,-1,3,E01012239,0,-1
2020520003781,2020,520003781,1,1,0,18,19,2,6,0,0,3,0,0,0,0,1,1,6,6,2,51,8,-1,-1,-1,-1,-1,-1,0,-1
2020122000816,2020,122000816,1,9,0,3,3,6,2,0,0,4,0,0,0,0,1,1,1,1,1,41,7,-1,-1,-1,-1,4,E01007623,0,-1
202006G277483,2020,06G277483,1,9,0,18,19,3,7,0,0,8,5,0,0,0,2,1,6,6,1,40,7,-1,-1,-1,-1,-1,-1,0,-1
2020320298686,2020,320298686,2,1,0,18,19,1,7,0,0,1,5,0,0,0,3,1,6,6,1,12,3,-1,-1,-1,-1,8,E01032994,0,-1
2020231012515,2020,231012515,1,9,0,2,2,0,0,0,0,0,0,0,0,0,3,1,5,6,2,24,5,-1,-1,-1,-1,-1,-1,0,-1
2020010279721,2020,010279721,2,9,0,99,99,9,9,99,99,9,9,99,9,99,9,9,6,6,3,-1,-1,-1,-1,-1,-1,-1,-1,0,-1
2020010246730,2020,010246730,1,9,0,3,3,2,6,0,0,1,0,0,0,0,2,9,6,6,1,-1,-1,-1,-1,-1,-1,4,E01001158,0,-1
2020451005487,2020,451005487,3,98,0,18,19,6,2,0,0,0,0,0,0,0,1,1,1,1,1,65,9,-1,-1,-1,-1,10,E01023133,0,-1
2020990966443,2020,990966443,2,9,0,18,19,3,7,0,0,8,0,0,0,0,3,1,1,1,1,55,8,-1,-1,-1,-1,7,-1,0,-1
2020052002522,2020,052002522,1,9,0,18,19,7,3,0,0,0,0,0,0,0,1,1,6,6,3,-1,-1,-1,-1,-1,-1,-1,-1,0,-1
2020010241099,2020,010241099,1,9,0,99,99,9,9,99,99,9,9,99,9,99,1,9,6,6,1,-1,-1,-1,-1,-1,-1,-1,-1,0,-1
2020010271584,2020,010271584,1,1,9,99,99,9,9,99,99,9,9,99,9,99,1,1,2,2,1,56,9,-1,-1,-1,-1,10,E01015890,0,-1
2020137CA0531,2020,137CA0531,2,1,0,18,19,8,4,0,0,0,0,0,0,0,3,1,6,6,1,52,8,-1,-1,-1,-1,7,E01011162,0,-1
2020332000771,2020,332000771,2,9,0,18,19,0,0,0,0,8,0,0,0,0,3,1,6,6,1,46,8,-1,-1,-1,-1,3,E01025717,0,-1
2020010259854,2020,010259854,2,1,0,5,5,3,7,0,0,1,0,0,0,0,1,1,6,6,1,32,6,-1,-1,-1,-1,7,E01004018,0,-1
2020010286922,2020,010286922,1,1,9,99,99,9,9,99,99,9,9,99,9,99,1,1,2,2,1,22,5,-1,-1,-1,-1,2,E01001893,0,-1
2020070443769,2020,070443769,2,19,0,18,19,1,5,0,0,1,0,0,0,0,4,1,1,1,1,39,7,-1,-1,-1,-1,2,E01018478,0,-1
2020010240814,2020,010240814,2,2,9,99,99,9,9,99,99,9,9,99,9,99,9,1,6,6,3,-1,-1,-1,-1,-1,-1,-1,-1,0,-1
20201376E1786,2020,1376E1786,2,1,0,18,19,6,2,0,0,0,0,0,0,0,3,1,6,6,1,12,3,-1,-1,-1,-1,7,E01010593,0,-1
2020010266883,2020,010266883,1,1,9,99,99,9,9,99,99,9,9,99,9,99,2,1,2,2,2,33,6,-1,-1,-1,-1,5,E01002347,0,-1
2020010269915,2020,010269915,1,1,9,99,99,9,9,99,99,9,9,99,9,99,9,1,6,6,2,29,6,-1,-1,-1,-1,3,E01003146,0,-1
2020110989148,2020,110989148,1,9,0,18,19,5,1,0,0,1,0,0,0,0,1,1,6,6,3,30,6,-1,-1,-1,-1,-1,-1,0,-1
2020010246954,2020,010246954,2,9,0,16,19,1,5,0,0,0,0,0,0,0,1,1,6,6,3,-1,-1,-1,-1,-1,-1,-1,-1,0,-1
2020010258940,2020,010258940,1,9,9,99,99,9,9,99,99,0,9,99,0,0,9,9,6,6,3,-1,-1,-1,-1,-1,-1,-1,-1,0,-1
202060Y010202,2020,60Y010202,1,9,0,18,19,3,7,0,0,0,0,0,0,0,1,1,6,6,1,45,7,-1,-1,-1,-1,-1,-1,0,-1
2020010246809,2020,010246809,2,19,0,18,19,5,1,0,0,1,0,0,0,0,1,1,6,6,3,-1,-1,-1,-1,-1,-1,-1,-1,0,-1
2020541811920,2020,541811920,2,9,0,18,19,3,7,0,0,0,0,0,0,0,3,1,1,1,1,38,7,-1,-1,-1,-1,5,-1,0,-1
2020450938087,2020,450938087,1,1,0,17,19,3,7,0,0,8,0,0,0,0,4,1,2,2,1,46,8,-1,-1,-1,-1,9,E01030428,0,-1
2020440061209,2020,440061209,2,9,0,16,19,5,2,0,0,2,0,0,0,0,4,1,6,6,3,-1,-1,-1,-1,-1,-1,-1,-1,0,-1
2020010249047,2020,010249047,2,1,0,4,4,7,3,9,9,1,0,0,0,0,1,1,6,6,1,28,6,-1,-1,-1,-1,1,E01001483,0,-1
2020010276055,2020,010276055,1,1,0,18,19,5,1,4,4,0,0,0,0,0,4,1,6,6,2,35,6,-1,-1,-1,-1,2,E01003092,0,-1
2020332000741,2020,332000741,4,9,0,2,2,0,0,0,0,0,0,0,0,0,3,1,6,6,2,40,7,-1,-1,-1,-1,-1,-1,0,-1
2020430050300,2020,430050300,1,9,0,18,19,2,6,0,0,0,0,0,0,0,2,1,6,6,3,-1,-1,-1,-1,-1,-1,-1,-1,0,-1
2020370933318,2020,370933318,2,1,0,18,19,3,1,0,0,1,0,0,0,0,1,1,2,2,1,34,6,-1,-1,-1,-1,10,E01030128,0,-1
2020522003242,2020,522003242,1,9,0,18,19,8,4,0,0,0,0,0,0,0,2,1,6,6,1,59,9,-1,-1,-1,-1,10,E01032346,0,-1
2020010249254,2020,010249254,1,9,9,18,19,3,7,99,99,1,9,0,9,99,9,1,6,6,3,-1,-1,-1,-1,-1,-1,-1,-1,0,-1
2020010268269,2020,010268269,1,9,0,18,19,3,7,0,0,0,0,4,0,0,4,1,6,6,1,-1,-1,-1,-1,-1,-1,-1,-1,0,-1
2020010245101,2020,010245101,1,1,0,18,19,1,5,0,0,1,0,0,0,0,9,1,6,6,1,37,7,-1,-1,-1,-1,4,E01004369,0,-1
2020010280237,2020,010280237,1,1,9,99,99,9,9,99,99,9,9,99,9,99,1,1,6,6,2,31,6,-1,-1,-1,-1,2,E01002056,0,-1
2020320331484,2020,320331484,2,1,0,18,19,4,8,0,0,8,0,0,0,0,1,1,6,6,1,42,7,-1,-1,-1,-1,2,E01026382,0,-1
2020010264833,2020,010264833,3,1,0,7,7,7,2,0,0,1,5,0,0,0,3,1,6,6,1,19,4,-1,-1,-1,-1,3,E01000973,0,-1
2020160989166,2020,160989166,3,9,0,3,3,2,6,0,0,0,0,0,0,0,2,1,6,6,3,-1,-1,-1,-1,-1,-1,-1,-1,0,-1
2020110963981,2020,110963981,2,1,0,18,19,5,1,0,0,3,0,0,0,0,4,1,6,6,1,35,6,-1,-1,-1,-1,7,E01020685,0,-1
2020420956364,2020,420956364,2,9,0,18,19,7,3,0,0,0,5,10,7,0,4,1,5,6,1,41,7,-1,-1,-1,-1,6,E01021907,0,-1
2020010258867,2020,010258867,2,1,0,18,19,3,7,0,0,0,0,0,0,0,1,1,6,6,1,29,6,-1,-1,-1,-1,6,E01003272,0,-1
2020040982443,2020,040982443,2,9,0,2,2,1,5,0,0,2,0,0,0,0,1,1,6,6,3,-1,-1,-1,-1,-1,-1,-1,-1,0,-1
2020211023057,2020,211023057,1,97,0,13,13,3,7,0,0,0,0,0,0,0,1,1,6,6,1,15,3,-1,-1,-1,-1,3,E01014291,0,-1
2020211023344,2020,211023344,1,19,-1,-1,-1,5,6,-1,-1,-1,-1,-1,-1,0,-1,1,6,6,1,-1,-1,-1,-1,-1,-1,-1,-1,0,-1
2020522000394,2020,522000394,1,1,0,18,19,1,5,0,0,1,0,0,1,0,2,1,6,6,1,25,5,-1,-1,-1,-1,7,E01014491,0,-1
2020451008590,2020,451008590,5,9,0,18,19,3,1,0,0,1,0,0,0,0,1,1,6,6,3,36,7,-1,-1,-1,-1,6,E01024836,0,-1
2020010286594,2020,010286594,3,9,0,18,19,5,1,0,0,0,0,0,0,0,4,1,6,6,3,-1,-1,-1,-1,-1,-1,-1,-1,0,-1
2020370966033,2020,370966033,2,1,0,18,19,-1,-1,0,0,1,0,0,0,0,4,1,5,6,1,36,7,-1,-1,-1,-1,8,E01029977,0,-1
2020430388827,2020,430388827,2,9,0,12,12,2,6,0,0,2,0,0,0,0,3,1,6,6,2,45,7,-1,-1,-1,-1,-1,-1,0,-1
2020440317642,2020,440317642,1,1,0,18,19,4,8,0,0,0,1,0,0,0,1,1,6,6,1,18,4,-1,-1,-1,-1,1,E01017163,0,-1
2020010258077,2020,010258077,2,1,0,18,19,6,2,0,0,1,0,0,0,0,1,1,6,6,1,15,3,-1,-1,-1,-1,9,E01003478,0,-1
2020010272826,2020,010272826,2,9,0,99,99,9,9,99,99,9,9,99,9,99,1,9,6,6,3,-1,-1,-1,-1,-1,-1,3,E01002504,0,-1
2020440221968,2020,440221968,2,4,0,18,19,7,3,0,0,8,0,0,0,0,1,1,2,2,1,58,9,-1,-1,-1,-1,1,E01032750,0,-1
2020200967526,2020,200967526,2,1,0,18,19,8,5,0,0,8,0,0,0,0,1,1,6,6,2,59,9,-1,-1,-1,-1,8,E01009471,0,-1
2020430053454,2020,430053454,2,9,0,3,3,1,5,0,0,0,0,0,0,0,2,1,6,6,2,27,6,-1,-1,-1,-1,5,E01022155,0,-1
2020450961773,2020,450961773,3,1,0,18,19,1,5,0,0,0,0,0,0,0,0,1,6,6,2,13,3,-1,-1,-1,-1,-1,-1,0,-1
2020010268493,2020,010268493,1,8,0,18,19,1,5,0,0,1,1,0,7,0,4,1,6,6,1,43,7,-1,-1,-1,-1,5,E01021854,0,-1
2020160947124,2020,160947124,2,1,0,18,19,3,7,0,0,0,0,0,0,0,1,1,6,6,2,7,2,-1,-1,-1,-1,2,E01012903,0,-1
2020500930521,2020,500930521,1,9,0,13,13,3,7,0,0,0,2,0,1,9,1,1,1,1,2,25,5,-1,-1,-1,-1,9,E01020162,0,-1
202006K277766,2020,06K277766,2,1,0,9,9,7,5,0,0,8,0,0,0,0,4,1,6,6,2,52,8,-1,-1,-1,-1,4,E01004796,0,-1
2020010262132,2020,010262132,1,1,9,99,99,9,9,99,99,9,9,99,9,99,9,1,6,6,1,31,6,-1,-1,-1,-1,6,E01000244,0,-1
2020010249248,2020,010249248,3,1,9,99,99,9,9,99,99,9,9,99,9,99,1,1,6,6,1,49,8,-1,-1,-1,-1,-1,-1,0,-1
2020137A51945,2020,137A51945,2,1,0,18,19,5,1,0,0,0,0,0,0,0,3,1,2,2,1,28,6,-1,-1,-1,-1,3,E01011920,0,-1
2020030989191,2020,030989191,2,1,0,18,19,1,1,0,0,0,0,0,0,0,1,1,5,6,1,20,4,-1,-1,-1,-1,7,E01019374,0,-1
2020549330420,2020,549330420,2,1,0,18,19,7,3,0,0,8,0,0,0,0,4,1,6,6,2,57,9,-1,-1,-1,-1,9,E01031909,0,-1
2020110960025,2020,110960025,2,1,0,18,19,5,1,0,0,1,0,0,0,0,3,1,6,6,1,29,6,-1,-1,-1,-1,7,E01020710,0,-1
2020010261595,2020,010261595,2,1,9,99,99,9,9,99,99,0,9,99,9,0,9,1,6,6,1,32,6,-1,-1,-1,-1,5,E01003131,0,-1
2020122000775,2020,122000775,1,98,0,9,9,8,6,0,0,8,0,0,0,0,4,1,1,1,1,48,8,-1,-1,-1,-1,6,E01027868,0,-1
2020010246663,2020,010246663,1,1,0,14,14,6,2,2,2,0,0,0,0,0,4,1,6,6,1,26,6,-1,-1,-1,-1,6,E01004481,0,-1
2020010265922,2020,010265922,2,9,0,99,99,9,9,99,99,9,9,99,9,99,1,9,6,6,3,-1,-1,-1,-1,-1,-1,-1,-1,0,-1
2020010291574,2020,010291574,1,11,0,99,99,9,9,0,0,1,0,0,0,0,9,1,1,1,1,65,9,-1,-1,-1,-1,8,E01002318,0,-1
2020010236084,2020,010236084,2,9,0,99,99,9,9,99,99,0,9,99,9,99,4,9,6,6,1,58,9,-1,-1,-1,-1,5,E01001829,0,-1
2020351020371,2020,351020371,2,8,0,18,19,5,1,0,0,0,0,0,0,0,1,1,1,1,1,30,6,-1,-1,-1,-1,5,E01015688,0,-1
2020440007835,2020,440007835,1,1,0,9,9,2,8,0,0,0,0,0,0,0,2,1,6,6,1,11,3,-1,-1,-1,-1,8,E01022792,0,-1
2020500977541,2020,500977541,2,1,0,18,19,1,5,0,0,0,0,0,0,0,2,1,6,6,1,66,10,-1,-1,-1,-1,5,E01018785,0,-1
2020420982489,2020,420982489,3,9,0,2,2,0,0,9,9,0,0,0,0,0,1,1,6,6,1,53,8,-1,-1,-1,-1,-1,-1,0,-1
2020010284802,2020,010284802,2,9,0,99,99,9,9,99,99,9,9,99,9,99,1,9,6,6,3,-1,-1,-1,-1,-1,-1,-1,-1,0,-1
2020340N03132,2020,340N03132,1,21,1,9,9,7,7,0,0,6,0,0,0,0,3,1,1,1,1,33,6,-1,-1,-1,-1,-1,-1,0,-1
2020010277710,2020,010277710,2,1,0,18,19,7,3,4,4,8,0,0,0,0,1,1,2,2,1,44,7,-1,-1,-1,-1,3,E01004259,0,-1
2020460993929,2020,460993929,2,9,0,18,19,3,7,0,0,2,0,0,0,0,3,1,5,6,1,51,8,-1,-1,-1,-1,5,E01024588,0,-1
2020070616891,2020,070616891,2,1,0,18,19,3,7,0,0,8,0,0,0,0,2,1,1,1,1,24,5,-1,-1,-1,-1,9,E01012562,0,-1
2020552000704,2020,552000704,2,1,5,18,19,4,8,9,9,6,0,0,0,0,1,1,6,6,2,16,4,-1,-1,-1,-1,8,E01020588,0,-1
2020010263131,2020,010263131,2,9,0,10,10,5,3,0,0,1,0,0,0,0,1,2,6,6,1,40,7,-1,-1,-1,-1,4,E01021869,0,-1
2020220916893,2020,220916893,2,9,0,2,2,0,0,0,0,0,0,10,1,0,4,1,5,6,2,19,4,-1,-1,-1,-1,10,E01032271,0,-1
2020010282911,2020,010282911,2,8,0,99,99,9,9,99,99,9,9,99,9,99,9,9,6,6,3,-1,-1,-1,-1,-1,-1,-1,-1,0,-1
2020470981551,2020,470981551,2,1,-1,18,19,1,5,0,0,0,0,0,0,0,3,1,4,7,2,14,3,-1,-1,-1,-1,7,E01031421,0,-1
2020040974564,2020,040974564,2,9,0,18,19,7,3,0,0,8,0,0,0,0,1,1,2,2,1,27,6,-1,-1,-1,-1,7,E01012718,0,-1
2020170L20350,2020,170L20350,2,90,0,18,19,6,2,0,0,8,0,0,0,0,1,1,6,6,1,27,6,-1,-1,-1,-1,3,E01012017,0,-1
2020140919750,2020,140919750,2,1,0,12,12,6,4,0,0,0,0,0,0,0,2,1,6,6,2,36,7,-1,-1,-1,-1,4,E01007653,0,-1
202006F167943,2020,06F167943,3,9,0,18,19,2,6,0,0,1,0,0,0,0,1,1,6,6,1,30,6,-1,-1,-1,-1,-1,-1,0,-1
2020440356969,2020,440356969,1,21,0,12,12,6,2,0,0,0,0,0,0,0,3,1,1,1,1,53,8,-1,-1,-1,-1,-1,-1,0,-1
2020010281419,2020,010281419,1,1,0,9,9,8,6,0,0,8,0,0,0,0,1,1,6,6,2,57,9,-1,-1,-1,-1,9,E01002929,0,-1
202031D033420,2020,31D033420,2,1,0,14,14,8,4,0,0,8,0,4,0,0,1,1,6,6,1,64,9,-1,-1,-1,-1,6,E01028076,0,-1
2020010255919,2020,010255919,2,1,0,18,19,7,3,0,0,9,0,0,0,0,4,1,2,2,2,-1,-1,-1,-1,-1,-1,3,E01001717,0,-1
2020010249174,2020,010249174,1,9,9,99,99,9,9,0,0,9,9,0,0,0,9,1,6,6,3,-1,-1,-1,-1,-1,-1,-1,-1,0,-1
2020440202798,2020,440202798,1,9,0,7,7,2,5,0,0,8,0,0,0,0,4,1,6,6,3,-1,-1,-1,-1,-1,-1,-1,-1,0,-1
2020530984432,2020,530984432,1,9,0,18,19,5,8,0,0,3,0,0,0,0,4,1,6,6,2,-1,-1,-1,-1,-1,-1,-1,-1,0,-1
2020010252714,2020,010252714,2,9,0,99,99,9,9,99,99,0,9,99,9,99,9,9,6,6,3,-1,-1,-1,-1,-1,-1,-1,-1,0,-1
2020332000855,2020,332000855,2,98,1,18,19,8,4,0,0,0,0,0,0,0,3,1,1,1,1,62,9,-1,-1,-1,-1,7,E01011571,0,-1
2020010261655,2020,010261655,2,10,0,99,99,9,9,99,99,0,9,99,9,99,2,9,6,6,3,-1,-1,-1,-1,-1,-1,-1,-1,0,-1
2020470973407,2020,470973407,2,9,0,7,7,8,2,0,0,8,0,0,0,0,3,1,6,6,1,38,7,-1,-1,-1,-1,3,E01031559,0,-1
2020010257851,2020,010257851,1,9,0,99,99,9,9,99,99,9,9,99,9,99,9,9,6,6,3,-1,-1,-1,-1,-1,-1,-1,-1,0,-1
2020302000704,2020,302000704,1,1,0,18,19,8,4,0,0,0,0,11,1,11,0,1,6,6,1,78,11,-1,-1,-1,-1,-1,-1,0,-1
202063D061920,2020,63D061920,1,9,0,4,4,8,4,0,0,0,0,0,0,0,2,1,1,1,1,21,5,-1,-1,-1,-1,3,E01020869,0,-1
2020201017689,2020,201017689,1,97,0,18,19,4,8,9,9,0,0,0,0,0,1,1,6,6,1,16,4,-1,-1,-1,-1,1,E01009344,0,-1
2020522004888,2020,522004888,2,1,0,18,19,3,7,0,0,8,0,0,0,0,1,1,6,6,1,24,5,-1,-1,-1,-1,3,E01014540,0,-1
202060Y128039,2020,60Y128039,1,9,0,5,5,4,8,0,0,6,0,0,0,0,4,1,6,6,1,19,4,-1,-1,-1,-1,-1,-1,0,-1