collision_index,collision_year,collision_ref_no,vehicle_reference,vehicle_type,towing_and_articulation,vehicle_manoeuvre_historic,vehicle_manoeuvre,vehicle_direction_from,vehicle_direction_to,vehicle_location_restricted_lane_historic,vehicle_location_restricted_lane,junction_location,skidding_and_overturning,hit_object_in_carriageway,vehicle_leaving_carriageway,hit_object_off_carriageway,first_point_of_impact,vehicle_left_hand_drive,journey_purpose_of_driver_historic,journey_purpose_of_driver,sex_of_driver,age_of_driver,age_band_of_driver,engine_capacity_cc,propulsion_code,age_of_vehicle,generic_make_model,driver_imd_decile,lsoa_of_driver,escooter_flag,driver_distance_banding
2020052001622,2020,052001622,1,9,0,18,19,5,1,0,0,1,0,0,0,0,1,1,6,6,3,-1,-1,-1,-1,-1,-1,-1,-1,0,-1
2020161004218,2020,161004218,2,1,0,18,19,6,8,0,0,8,0,0,0,0,4,1,2,2,1,32,6,-1,-1,-1,-1,6,E01012953,0,-1
202060Y126486,2020,60Y126486,2,9,0,4,4,3,7,0,0,0,0,0,0,0,2,1,6,6,2,32,6,-1,-1,-1,-1,-1,-1,0,-1
2020410973938,2020,410973938,2,9,0,18,19,5,1,0,0,0,0,0,0,0,1,1,2,2,1,28,6,-1,-1,-1,-1,6,E01029728,0,-1
2020100963719,2020,100963719,2,1,0,18,19,7,3,0,0,8,1,0,0,0,1,1,6,6,1,17,4,-1,-1,-1,-1,7,E01008179,0,-1
2020100940844,2020,100940844,2,1,-1,18,19,1,5,0,0,0,0,0,0,0,3,1,6,6,1,76,11,-1,-1,-1,-1,10,E01027468,0,-1
2020990979855,2020,990979855,2,1,0,18,19,2,6,2,2,8,0,0,0,0,1,1,5,6,1,48,8,-1,-1,-1,-1,10,-1,0,-1
202006P272359,2020,06P272359,2,9,0,18,19,6,2,0,0,1,0,0,0,0,1,1,6,6,2,33,6,-1,-1,-1,-1,1,E01005515,0,-1
2020010250392,2020,010250392,1,9,0,99,99,9,9,99,99,0,9,99,9,99,9,9,6,6,2,-1,-1,-1,-1,-1,-1,-1,-1,0,-1
2020030999776,2020,030999776,2,9,0,2,2,0,0,0,0,0,0,0,0,0,4,1,5,6,1,57,9,-1,-1,-1,-1,2,E01019230,0,-1
2020052001951,2020,052001951,2,1,0,18,19,8,4,0,0,2,0,0,0,0,4,1,6,6,1,42,7,-1,-1,-1,-1,2,E01006785,0,-1
202060Y006392,2020,60Y006392,1,9,0,16,19,2,5,0,0,2,5,10,1,4,1,1,6,6,1,47,8,-1,-1,-1,-1,-1,-1,0,-1
2020010252486,2020,010252486,1,9,0,7,7,7,1,0,0,1,0,11,0,0,4,9,-1,-1,3,-1,-1,-1,-1,-1,-1,-1,-1,0,-1
2020400999702,2020,400999702,1,9,0,18,19,7,3,0,0,0,0,4,0,0,1,1,1,1,1,50,8,-1,-1,-1,-1,2,E01017474,0,-1
2020522101107,2020,522101107,2,9,0,16,19,2,5,0,0,8,0,0,0,0,4,1,6,6,2,17,4,-1,-1,-1,-1,9,E01014853,0,-1
2020122001267,2020,122001267,1,1,0,9,9,5,3,0,0,8,0,0,0,0,4,1,6,6,1,19,4,-1,-1,-1,-1,9,E01013365,0,-1
2020010235067,2020,010235067,1,1,9,99,99,9,9,99,99,9,9,99,9,99,9,1,6,6,2,32,6,-1,-1,-1,-1,3,E01001774,0,-1
202031A097920,2020,31A097920,2,1,0,18,19,5,1,0,0,8,0,0,0,0,4,1,1,1,1,20,4,-1,-1,-1,-1,4,E01027950,0,-1
202060Y039572,2020,60Y039572,1,4,0,17,19,2,7,0,0,0,1,0,0,11,4,1,6,6,1,49,8,-1,-1,-1,-1,-1,-1,0,-1
2020010247953,2020,010247953,1,5,0,18,19,7,3,0,0,1,0,0,0,0,1,1,6,6,3,-1,-1,-1,-1,-1,-1,-1,-1,0,-1
2020100937098,2020,100937098,1,9,0,11,11,6,2,0,0,0,0,0,0,0,0,1,6,6,3,-1,-1,-1,-1,-1,-1,-1,-1,0,-1
2020052001680,2020,052001680,1,9,0,4,4,3,7,0,0,1,0,0,0,0,1,1,6,6,3,-1,-1,-1,-1,-1,-1,-1,-1,0,-1
2020201020399,2020,201020399,1,9,0,18,19,1,5,0,0,0,0,0,0,0,1,1,6,6,3,-1,-1,-1,-1,-1,-1,-1,-1,0,-1
2020070018610,2020,070018610,1,1,0,18,19,2,6,9,9,7,0,0,0,0,4,1,2,2,1,24,5,-1,-1,-1,-1,-1,-1,0,-1
2020160924847,2020,160924847,2,1,0,18,19,3,7,0,0,0,0,0,0,0,2,1,6,6,1,34,6,-1,-1,-1,-1,9,E01012920,0,-1
2020332001193,2020,332001193,2,9,0,18,19,2,5,0,0,1,0,0,0,0,0,1,6,6,1,29,6,-1,-1,-1,-1,-1,-1,0,-1
2020010241377,2020,010241377,1,9,9,99,99,9,9,99,99,9,9,99,9,99,9,9,6,6,3,-1,-1,-1,-1,-1,-1,-1,-1,0,-1
2020140927487,2020,140927487,1,21,1,4,4,7,3,0,0,0,0,0,0,0,2,1,1,1,1,52,8,-1,-1,-1,-1,-1,-1,0,-1
202031C177320,2020,31C177320,2,1,0,18,19,5,1,0,0,8,0,0,0,0,2,1,2,2,1,33,6,-1,-1,-1,-1,3,E01013971,0,-1
2020010248586,2020,010248586,2,9,0,3,3,1,5,0,0,0,0,0,0,0,2,1,1,1,1,44,7,-1,-1,-1,-1,5,E01002212,0,-1
2020220954841,2020,220954841,2,1,0,18,19,2,6,0,0,0,0,0,0,0,4,1,5,6,2,16,4,-1,-1,-1,-1,7,E01032398,0,-1
2020052000492,2020,052000492,3,9,0,18,19,5,1,0,0,1,0,0,0,0,2,1,6,6,2,25,5,-1,-1,-1,-1,2,E01006616,0,-1
2020110975279,2020,110975279,1,9,0,18,19,5,1,0,0,4,0,0,0,0,1,1,6,6,3,30,6,-1,-1,-1,-1,-1,-1,0,-1
2020440011832,2020,440011832,2,9,0,18,19,7,3,0,0,0,0,0,0,0,1,1,6,6,2,44,7,-1,-1,-1,-1,8,E01023001,0,-1
2020370998014,2020,370998014,2,1,0,18,19,7,3,0,0,0,0,0,0,0,2,1,5,6,1,70,10,-1,-1,-1,-1,8,E01030167,0,-1
2020010236314,2020,010236314,1,1,9,99,99,9,9,99,99,9,9,99,9,99,1,1,2,2,1,53,8,-1,-1,-1,-1,10,E01003822,0,-1
2020010267072,2020,010267072,2,1,0,18,19,5,1,0,0,2,0,0,0,0,0,1,6,6,2,27,6,-1,-1,-1,-1,3,E01003096,0,-1
2020400962563,2020,400962563,2,9,0,2,2,0,0,0,0,0,0,0,0,0,1,1,6,6,3,-1,-1,-1,-1,-1,-1,-1,-1,0,-1
2020010266922,2020,010266922,2,1,0,15,15,8,4,0,0,1,0,0,0,0,1,1,6,6,1,52,8,-1,-1,-1,-1,3,E01002932,0,-1
2020010230633,2020,010230633,2,1,0,5,5,1,5,0,0,1,0,0,0,0,1,1,2,2,1,34,6,-1,-1,-1,-1,2,E01001943,0,-1
2020140999857,2020,140999857,2,9,0,18,19,2,-1,-1,-1,6,-1,-1,-1,0,-1,1,6,6,3,-1,-1,-1,-1,-1,-1,-1,-1,0,-1
2020052001230,2020,052001230,2,4,0,18,19,5,1,0,0,0,0,0,0,0,1,1,6,6,1,-1,-1,-1,-1,-1,-1,-1,-1,0,-1
2020610003020,2020,610003020,1,9,0,18,19,1,5,0,0,1,0,0,0,0,1,1,6,6,1,40,7,-1,-1,-1,-1,5,W01001431,0,-1
2020430057280,2020,430057280,1,9,0,9,9,7,5,0,0,5,0,0,0,0,3,1,6,6,3,-1,-1,-1,-1,-1,-1,-1,-1,0,-1
2020010261539,2020,010261539,2,97,0,18,19,7,3,0,0,8,0,0,0,0,1,1,6,6,3,-1,-1,-1,-1,-1,-1,-1,-1,0,-1
2020410977096,2020,410977096,2,1,0,9,9,1,7,0,0,8,0,0,0,0,3,1,6,6,2,34,6,-1,-1,-1,-1,1,E01004309,0,-1
2020010258998,2020,010258998,2,1,0,18,19,3,7,0,0,8,0,0,0,0,1,1,6,6,1,53,8,-1,-1,-1,-1,5,E01000530,0,-1
2020010268679,2020,010268679,2,9,0,18,19,5,1,0,0,1,0,0,0,0,1,1,6,6,3,-1,-1,-1,-1,-1,-1,-1,-1,0,-1
2020500947078,2020,500947078,2,9,0,13,13,1,6,0,0,0,2,0,7,10,1,1,5,6,1,33,6,-1,-1,-1,-1,3,E01019042,0,-1
2020440370076,2020,440370076,1,3,0,18,19,6,2,0,0,8,1,0,0,0,0,1,6,6,1,17,4,-1,-1,-1,-1,10,E01023096,0,-1
202006N274943,2020,06N274943,1,8,0,16,19,2,6,0,0,8,0,0,0,0,4,1,1,1,1,30,6,-1,-1,-1,-1,-1,-1,0,-1
2020460996784,2020,460996784,1,9,0,18,19,4,8,0,0,0,0,0,0,0,3,1,6,6,3,-1,-1,-1,-1,-1,-1,-1,-1,0,-1
2020522003831,2020,522003831,2,1,0,18,19,7,3,0,0,0,0,0,0,0,3,1,6,6,1,11,3,-1,-1,-1,-1,5,E01015019,0,-1
2020010228455,2020,010228455,1,2,0,18,19,-1,-1,0,0,0,0,0,0,0,1,1,6,6,3,-1,-1,-1,-1,-1,-1,-1,-1,0,-1
2020160992088,2020,160992088,2,23,0,18,19,2,6,0,0,0,0,0,0,0,1,1,6,6,1,-1,-1,-1,-1,-1,-1,1,E01012850,0,-1
2020137630939,2020,137630939,2,21,0,18,19,5,1,0,0,0,0,0,0,0,0,1,6,6,3,-1,-1,-1,-1,-1,-1,-1,-1,0,-1
202060Y098235,2020,60Y098235,2,1,0,18,19,8,4,0,0,8,0,0,0,0,4,1,6,6,1,47,8,-1,-1,-1,-1,-1,-1,0,-1
2020400958575,2020,400958575,2,1,0,18,19,2,6,0,0,1,1,0,0,0,1,1,5,6,1,67,10,-1,-1,-1,-1,10,E01017374,0,-1
2020010253678,2020,010253678,1,9,0,16,19,1,3,0,0,9,0,0,0,0,2,1,6,6,1,24,5,-1,-1,-1,-1,7,E01000147,0,-1
2020140958853,2020,140958853,2,1,0,5,5,2,6,0,0,1,0,0,0,0,1,1,5,6,1,14,3,-1,-1,-1,-1,9,E01007581,0,-1
202031A099320,2020,31A099320,2,1,0,13,13,3,7,0,0,1,0,0,0,0,1,1,6,6,1,12,3,-1,-1,-1,-1,4,E01027928,0,-1
2020010275014,2020,010275014,2,2,0,99,99,9,9,99,99,9,9,99,9,99,9,1,6,6,3,36,7,-1,-1,-1,-1,5,E01004225,0,-1
2020010279691,2020,010279691,1,1,9,99,99,9,9,99,99,9,9,99,9,99,1,1,6,6,1,22,5,-1,-1,-1,-1,6,E01003398,0,-1
202006G174977,2020,06G174977,1,9,0,1,1,6,2,0,0,0,0,0,0,0,2,1,6,6,1,16,4,-1,-1,-1,-1,1,E01005227,0,-1
2020470997375,2020,470997375,1,1,0,18,19,3,7,0,0,1,0,0,0,0,1,1,5,6,1,21,5,-1,-1,-1,-1,8,E01016893,0,-1
202060Y096297,2020,60Y096297,2,1,0,17,19,3,1,0,0,2,0,0,0,0,1,1,6,6,1,18,4,-1,-1,-1,-1,-1,-1,0,-1
2020410995158,2020,410995158,2,1,0,17,19,1,5,0,0,0,0,0,0,0,1,1,5,6,2,51,8,-1,-1,-1,-1,10,E01023702,0,-1
2020440250112,2020,440250112,2,9,0,4,4,7,2,0,0,0,0,0,0,0,1,1,6,6,1,-1,-1,-1,-1,-1,-1,-1,-1,0,-1
2020500993740,2020,500993740,2,1,0,18,19,4,8,0,0,1,0,0,0,0,1,1,5,6,2,30,6,-1,-1,-1,-1,8,E01015137,0,-1
2020160994280,2020,160994280,1,1,0,18,19,7,3,0,0,3,5,0,0,0,3,1,6,6,1,33,6,-1,-1,-1,-1,-1,-1,0,-1
2020610040920,2020,610040920,3,9,0,18,19,5,1,0,0,1,0,0,0,0,2,1,6,6,1,-1,-1,-1,-1,-1,-1,4,W01001671,0,-1
2020040958071,2020,040958071,2,97,0,18,19,3,7,0,0,0,5,0,0,0,3,1,5,6,1,49,8,-1,-1,-1,-1,3,E01024959,0,-1
202006Q273771,2020,06Q273771,2,9,0,10,10,2,8,0,0,8,0,0,0,0,2,1,6,6,1,20,4,-1,-1,-1,-1,2,E01005250,0,-1
2020052000754,2020,052000754,1,9,0,18,19,1,5,0,0,1,0,0,0,0,1,1,6,6,3,-1,-1,-1,-1,-1,-1,-1,-1,0,-1
2020500975758,2020,500975758,1,9,4,4,4,1,5,0,0,0,1,0,0,0,1,1,2,2,1,55,8,-1,-1,-1,-1,7,E01020164,0,-1
2020010278241,2020,010278241,1,1,9,99,99,9,9,99,99,9,9,99,9,99,9,1,6,6,1,44,7,-1,-1,-1,-1,4,E01000547,0,-1
2020201020409,2020,201020409,1,90,0,1,1,-1,-1,0,0,0,0,0,0,0,2,1,6,6,3,-1,-1,-1,-1,-1,-1,-1,-1,0,-1
2020010246772,2020,010246772,2,1,0,18,19,1,5,0,0,0,0,8,0,0,1,1,1,1,1,35,6,-1,-1,-1,-1,8,E01000247,0,-1
2020160980492,2020,160980492,2,1,0,18,19,2,6,0,0,1,0,0,0,0,3,1,2,2,2,50,8,-1,-1,-1,-1,3,E01012899,0,-1
202006Q174178,2020,06Q174178,1,9,0,15,15,1,4,0,0,8,0,0,1,0,3,1,6,6,2,30,6,-1,-1,-1,-1,-1,-1,0,-1
202060Y033277,2020,60Y033277,2,9,0,9,9,4,2,0,0,5,0,0,0,0,3,1,3,7,1,18,4,-1,-1,-1,-1,-1,-1,0,-1
2020010246932,2020,010246932,1,1,0,16,19,5,8,0,0,5,0,0,0,0,1,1,6,6,1,45,7,-1,-1,-1,-1,4,E01032788,0,-1
2020371027353,2020,371027353,2,1,0,18,19,7,3,9,9,-1,0,-1,-1,0,-1,1,6,6,1,-1,-1,-1,-1,-1,-1,-1,-1,0,-1
2020430043204,2020,430043204,1,1,0,18,19,2,6,0,0,8,0,0,0,0,4,1,2,2,1,44,7,-1,-1,-1,-1,9,E01016308,0,-1
2020451008831,2020,451008831,2,9,0,7,7,3,7,0,0,1,0,0,1,0,1,1,6,6,1,39,7,-1,-1,-1,-1,7,E01030651,0,-1
2020170H10770,2020,170H10770,1,19,0,11,11,4,8,0,0,0,0,0,0,0,4,1,1,1,1,44,7,-1,-1,-1,-1,6,E01011967,0,-1
2020052000299,2020,052000299,1,9,0,18,19,8,4,0,0,1,0,0,0,0,2,1,6,6,3,-1,-1,-1,-1,-1,-1,-1,-1,0,-1
202060Y128467,2020,60Y128467,1,9,0,18,19,3,7,0,0,0,0,0,0,0,1,1,6,6,1,18,4,-1,-1,-1,-1,-1,-1,0,-1
2020141008373,2020,141008373,1,9,0,18,19,4,8,0,0,0,1,0,1,4,1,1,6,6,1,58,9,-1,-1,-1,-1,9,E01028054,0,-1
2020010272626,2020,010272626,2,19,0,99,99,9,9,99,99,9,9,99,9,99,9,9,6,6,3,-1,-1,-1,-1,-1,-1,-1,-1,0,-1
2020370996649,2020,370996649,1,9,0,15,15,5,1,0,0,0,0,0,0,0,3,1,6,6,2,-1,-1,-1,-1,-1,-1,-1,-1,0,-1
2020430225507,2020,430225507,2,1,0,18,19,4,8,0,0,3,0,0,0,0,4,1,1,1,1,60,9,-1,-1,-1,-1,3,E01016721,0,-1
2020500941187,2020,500941187,2,9,0,18,19,3,7,0,0,1,0,0,0,0,1,1,1,1,1,63,9,-1,-1,-1,-1,5,E01020077,0,-1
2020340D05802,2020,340D05802,2,17,0,4,4,1,5,0,0,0,0,0,0,0,1,1,2,2,1,48,8,-1,-1,-1,-1,10,E01025774,0,-1
202031C134620,2020,31C134620,1,9,0,18,19,1,5,0,0,1,0,0,0,0,1,1,6,6,3,-1,-1,-1,-1,-1,-1,-1,-1,0,-1
2020220971855,2020,220971855,1,1,0,18,19,1,5,0,0,1,0,0,0,0,1,1,5,6,1,46,8,-1,-1,-1,-1,4,E01028945,0,-1
2020010228820,2020,010228820,1,9,0,9,9,7,4,0,0,6,0,0,0,0,3,1,1,1,1,43,7,-1,-1,-1,-1,7,E01001455,0,-1
2020420969796,2020,420969796,1,19,0,18,19,3,7,0,0,1,0,0,0,0,1,1,6,6,3,-1,-1,-1,-1,-1,-1,-1,-1,0,-1
2020990973220,2020,990973220,1,9,0,18,19,1,5,0,0,0,0,0,0,0,4,1,6,6,3,-1,-1,-1,-1,-1,-1,-1,-1,0,-1
2020990987106,2020,990987106,1,1,0,7,7,4,6,0,0,1,0,0,0,0,3,1,5,6,2,13,3,-1,-1,-1,-1,9,-1,0,-1
2020440081165,2020,440081165,1,4,0,5,5,4,8,0,0,3,1,0,6,0,0,1,1,1,1,33,6,-1,-1,-1,-1,1,E01017031,0,-1
2020170M10440,2020,170M10440,2,9,0,18,19,5,1,0,0,1,0,0,0,0,1,1,1,1,1,-1,-1,-1,-1,-1,-1,-1,-1,0,-1
2020010258248,2020,010258248,1,1,9,99,99,9,9,99,99,9,9,99,9,99,1,1,6,6,1,46,8,-1,-1,-1,-1,7,E01002971,0,-1
2020010277563,2020,010277563,1,9,4,18,19,1,5,0,0,0,0,0,3,0,2,1,6,6,1,54,8,-1,-1,-1,-1,5,E01002305,0,-1
2020100967241,2020,100967241,1,21,0,18,19,3,7,0,0,0,0,0,0,0,1,1,6,6,1,70,10,-1,-1,-1,-1,5,E01028441,0,-1
2020220995876,2020,220995876,2,1,0,18,19,7,3,0,0,0,0,0,0,0,2,1,5,6,2,7,2,-1,-1,-1,-1,4,E01029010,0,-1
2020432003703,2020,432003703,1,9,0,99,99,9,9,0,0,8,0,0,0,0,1,1,6,6,2,-1,-1,-1,-1,-1,-1,-1,-1,0,-1
2020430213373,2020,430213373,2,9,0,18,19,6,2,0,0,1,0,0,0,0,1,1,6,6,1,-1,-1,-1,-1,-1,-1,-1,-1,0,-1
2020041003341,2020,041003341,1,9,0,18,19,2,6,0,0,4,0,0,0,0,1,1,6,6,3,-1,-1,-1,-1,-1,-1,-1,-1,0,-1
2020990970650,2020,990970650,1,9,0,18,19,8,5,0,0,0,0,0,0,0,1,1,6,6,1,65,9,-1,-1,-1,-1,8,-1,0,-1
2020010261570,2020,010261570,1,1,0,18,19,5,1,0,0,8,5,99,9,99,1,1,1,1,1,38,7,-1,-1,-1,-1,8,E01004193,0,-1
2020440011742,2020,440011742,1,8,0,18,19,3,7,0,0,8,0,0,1,11,1,1,1,1,1,36,7,-1,-1,-1,-1,5,E01017090,0,-1
2020010236202,2020,010236202,3,11,0,3,3,1,5,2,2,1,0,0,0,0,1,1,1,1,1,53,8,-1,-1,-1,-1,8,E01004131,0,-1
2020340W07992,2020,340W07992,2,1,0,2,2,0,0,0,0,0,0,0,0,0,4,1,6,6,1,16,4,-1,-1,-1,-1,3,E01027319,0,-1
2020470920563,2020,470920563,1,9,0,18,19,4,4,9,9,0,0,0,0,0,1,2,6,6,3,-1,-1,-1,-1,-1,-1,-1,-1,0,-1
2020010255366,2020,010255366,2,9,0,99,99,9,9,99,99,9,9,99,9,99,2,9,6,6,3,-1,-1,-1,-1,-1,-1,-1,-1,0,-1
2020010269131,2020,010269131,1,1,0,18,19,5,1,9,9,0,0,0,0,0,1,1,6,6,1,14,3,-1,-1,-1,-1,-1,-1,0,-1
2020543695720,2020,543695720,1,9,0,18,19,6,2,0,0,0,0,0,0,0,4,1,6,6,3,50,8,-1,-1,-1,-1,-1,-1,0,-1
202006P367240,2020,06P367240,4,9,0,2,2,0,0,0,0,0,0,0,0,0,2,1,6,6,3,-1,-1,-1,-1,-1,-1,-1,-1,0,-1
202031A127120,2020,31A127120,1,19,0,18,19,6,2,0,0,0,0,0,0,0,4,1,6,6,2,-1,-1,-1,-1,-1,-1,-1,-1,0,-1
2020052002647,2020,052002647,1,9,0,14,14,1,5,0,0,1,0,0,0,0,4,1,6,6,3,-1,-1,-1,-1,-1,-1,-1,-1,0,-1
2020552000128,2020,552000128,1,9,0,12,12,7,3,0,0,0,0,0,0,0,1,1,6,6,2,65,9,-1,-1,-1,-1,5,E01015423,0,-1
2020200943650,2020,200943650,1,8,0,18,19,1,4,0,0,8,0,0,0,0,3,1,1,1,1,64,9,-1,-1,-1,-1,2,E01009573,0,-1
2020122000930,2020,122000930,3,9,0,5,5,7,3,0,0,1,0,0,0,0,2,1,6,6,1,24,5,-1,-1,-1,-1,4,E01027608,0,-1
2020010266677,2020,010266677,1,1,0,18,19,5,1,0,0,4,0,0,0,0,2,1,2,2,1,41,7,-1,-1,-1,-1,7,E01003789,0,-1
2020302001021,2020,302001021,2,1,0,18,19,6,2,0,0,8,0,0,0,0,4,1,6,6,1,36,7,-1,-1,-1,-1,1,E01013591,0,-1
2020040915460,2020,040915460,1,9,0,18,19,1,5,0,0,2,0,0,0,0,3,1,6,6,2,40,7,-1,-1,-1,-1,3,E01025294,0,-1
202006M271431,2020,06M271431,2,1,0,17,19,2,7,0,0,8,0,0,0,0,2,1,6,6,1,42,7,-1,-1,-1,-1,10,E01006079,0,-1
2020460972091,2020,460972091,1,1,0,18,19,1,5,0,0,0,2,0,0,0,1,1,6,6,1,-1,-1,-1,-1,-1,-1,2,E01024093,0,-1
2020990919562,2020,990919562,1,9,0,18,19,8,4,0,0,1,0,0,0,0,3,1,3,7,2,30,6,-1,-1,-1,-1,3,-1,0,-1
2020500991015,2020,500991015,1,97,0,18,19,3,7,0,0,0,0,10,1,10,1,1,5,6,1,69,10,-1,-1,-1,-1,7,E01020043,0,-1
2020332000687,2020,332000687,1,9,0,18,19,1,5,0,0,8,0,0,0,0,4,1,6,6,2,29,6,-1,-1,-1,-1,8,E01025804,0,-1
2020990927985,2020,990927985,2,19,0,2,2,0,0,6,6,0,0,0,0,0,2,1,1,1,2,26,6,-1,-1,-1,-1,-1,-1,0,-1
2020010238113,2020,010238113,2,1,0,15,15,3,7,0,0,1,0,8,1,0,3,1,6,6,2,30,6,-1,-1,-1,-1,2,E01002029,0,-1
202060Y016704,2020,60Y016704,1,9,0,13,13,7,3,0,0,0,0,10,2,7,1,1,6,6,1,66,10,-1,-1,-1,-1,-1,-1,0,-1
2020332000512,2020,332000512,1,9,0,16,19,8,3,0,0,0,1,0,0,0,1,1,6,6,1,26,6,-1,-1,-1,-1,5,E01025875,0,-1
2020010279419,2020,010279419,1,9,0,99,99,9,9,99,99,9,9,99,9,99,1,9,6,6,3,-1,-1,-1,-1,-1,-1,-1,-1,0,-1
202006K273907,2020,06K273907,1,9,0,18,19,2,6,0,0,1,0,0,0,0,4,1,6,6,1,21,5,-1,-1,-1,-1,9,E01004784,0,-1
2020522002300,2020,522002300,1,1,0,18,19,3,7,0,0,3,0,0,0,0,3,1,6,6,2,34,6,-1,-1,-1,-1,6,E01014531,0,-1
2020010240903,2020,010240903,2,9,0,18,19,5,1,0,0,8,0,0,0,0,1,1,6,6,3,-1,-1,-1,-1,-1,-1,-1,-1,0,-1
2020440140583,2020,440140583,1,9,0,18,19,4,8,0,0,0,0,0,0,0,1,1,6,6,1,77,11,-1,-1,-1,-1,7,E01023177,0,-1
202006F266936,2020,06F266936,3,9,0,18,19,1,5,0,0,1,0,0,0,0,1,1,6,6,1,34,6,-1,-1,-1,-1,-1,-1,0,-1
202060Y060666,2020,60Y060666,2,9,0,2,2,0,0,0,0,0,0,0,0,0,1,1,6,6,1,44,7,-1,-1,-1,-1,-1,-1,0,-1
2020030927927,2020,030927927,2,3,0,15,15,7,3,0,0,0,2,0,0,0,4,1,5,6,1,62,9,-1,-1,-1,-1,10,E01019393,0,-1
2020990924163,2020,990924163,1,9,0,18,19,7,3,0,0,1,0,0,0,0,1,1,6,6,1,30,6,-1,-1,-1,-1,-1,-1,0,-1
2020010268401,2020,010268401,1,1,9,99,99,9,9,99,99,9,9,99,9,99,9,1,2,2,1,31,6,-1,-1,-1,-1,2,E01004201,0,-1
2020332000697,2020,332000697,1,3,0,18,19,4,8,0,0,0,5,0,0,0,1,1,1,1,1,33,6,-1,-1,-1,-1,2,E01013716,0,-1
2020460951249,2020,460951249,2,1,0,5,5,5,6,0,0,3,0,0,0,0,2,1,2,2,1,54,8,-1,-1,-1,-1,8,E01024055,0,-1
2020470988031,2020,470988031,3,9,0,3,3,1,5,0,0,8,0,0,0,0,2,1,1,1,1,57,9,-1,-1,-1,-1,10,E01031412,0,-1
2020332001205,2020,332001205,2,9,0,18,19,3,7,0,0,0,0,0,0,0,0,1,6,6,1,65,9,-1,-1,-1,-1,-1,-1,0,-1
2020052000660,2020,052000660,2,1,0,18,19,5,1,0,0,0,0,0,0,0,1,1,2,2,1,42,7,-1,-1,-1,-1,5,E01032905,0,-1
202031A131920,2020,31A131920,1,21,4,18,19,4,8,0,0,8,0,0,0,0,1,1,1,1,1,59,9,-1,-1,-1,-1,2,E01011814,0,-1
2020350973641,2020,350973641,1,23,0,18,19,8,4,0,0,0,0,0,0,0,0,1,5,6,1,25,5,-1,-1,-1,-1,1,E01015600,0,-1
20201372C1469,2020,1372C1469,1,1,0,18,19,5,1,0,0,2,0,0,0,0,1,1,6,6,1,41,7,-1,-1,-1,-1,8,E01011687,0,-1
2020350962170,2020,350962170,1,9,0,5,5,7,7,0,0,1,0,0,0,0,1,1,5,6,1,52,8,-1,-1,-1,-1,8,E01015631,0,-1
2020140983821,2020,140983821,2,9,0,2,2,1,5,0,0,0,0,0,0,0,2,1,3,7,2,44,7,-1,-1,-1,-1,3,E01007488,0,-1
2020200929438,2020,200929438,1,9,0,18,19,7,3,0,0,0,0,0,0,0,2,1,6,6,1,-1,-1,-1,-1,-1,-1,-1,-1,0,-1
2020430243487,2020,430243487,1,5,0,18,19,7,3,0,0,0,0,0,0,0,4,1,6,6,2,81,11,-1,-1,-1,-1,10,E01016267,0,-1
2020010251036,2020,010251036,2,1,0,18,19,7,3,5,5,8,0,0,0,0,4,1,6,6,1,55,8,-1,-1,-1,-1,3,E01004391,0,-1
2020332000610,2020,332000610,1,9,0,17,19,1,6,0,0,2,1,0,0,0,1,1,6,6,1,28,6,-1,-1,-1,-1,-1,-1,0,-1
2020520004253,2020,520004253,2,21,0,18,19,1,5,0,0,0,0,0,0,0,3,1,1,1,3,-1,-1,-1,-1,-1,-1,-1,-1,0,-1
2020010291488,2020,010291488,1,1,9,18,19,1,5,99,99,9,9,99,9,99,1,1,6,6,2,50,8,-1,-1,-1,-1,3,E01032568,0,-1
202006N277771,2020,06N277771,2,9,0,18,19,7,3,0,0,1,0,0,0,0,1,1,1,1,1,29,6,-1,-1,-1,-1,1,E01025574,0,-1
2020010265834,2020,010265834,2,1,0,9,9,1,7,4,4,0,0,0,0,0,3,1,6,6,2,23,5,-1,-1,-1,-1,7,E01033133,0,-1
2020622000214,2020,622000214,2,1,0,18,19,3,7,0,0,8,0,0,0,0,4,1,6,6,1,16,4,-1,-1,-1,-1,2,W01001810,0,-1
2020370950491,2020,370950491,3,9,0,2,2,0,0,0,0,0,0,0,0,0,1,1,6,6,3,-1,-1,-1,-1,-1,-1,-1,-1,0,-1
2020430400273,2020,430400273,1,1,0,17,19,2,8,0,0,8,0,0,0,0,0,1,6,6,1,45,7,-1,-1,-1,-1,6,E01016287,0,-1
2020010248300,2020,010248300,1,3,0,5,5,1,5,0,0,2,0,0,0,0,3,1,1,1,1,51,8,-1,-1,-1,-1,10,E01017402,0,-1
2020040918185,2020,040918185,1,9,0,18,19,1,5,0,0,0,0,0,0,0,1,1,6,6,1,53,8,-1,-1,-1,-1,8,E01025463,0,-1
202006Q170538,2020,06Q170538,2,1,0,18,19,6,8,9,9,1,1,0,0,0,3,1,6,6,1,39,7,-1,-1,-1,-1,2,E01032920,0,-1
2020010281500,2020,010281500,2,1,0,18,19,5,1,0,0,6,0,0,0,0,1,1,2,2,1,45,7,-1,-1,-1,-1,9,E01015708,0,-1
2020990982491,2020,990982491,2,1,0,18,19,3,7,0,0,8,0,0,0,0,2,1,6,6,1,43,7,-1,-1,-1,-1,7,-1,0,-1
2020520000695,2020,520000695,1,9,0,18,19,6,2,0,0,0,0,0,1,10,1,1,6,6,1,29,6,-1,-1,-1,-1,5,E01029102,0,-1
2020140963799,2020,140963799,1,9,0,18,19,-1,-1,0,0,0,0,0,0,0,1,1,6,6,3,-1,-1,-1,-1,-1,-1,-1,-1,0,-1
2020010241317,2020,010241317,2,9,0,99,99,9,9,99,99,9,9,99,9,99,4,9,6,6,3,-1,-1,-1,-1,-1,-1,-1,-1,0,-1
2020010265776,2020,010265776,2,9,0,99,99,9,9,99,99,9,9,99,9,99,9,9,6,6,3,-1,-1,-1,-1,-1,-1,3,E01003113,0,-1
2020100924167,2020,100924167,1,9,0,18,19,3,7,0,0,0,0,0,0,0,1,1,6,6,2,-1,-1,-1,-1,-1,-1,-1,-1,0,-1