collision_index,collision_year,collision_ref_no,vehicle_reference,vehicle_type,towing_and_articulation,vehicle_manoeuvre_historic,vehicle_manoeuvre,vehicle_direction_from,vehicle_direction_to,vehicle_location_restricted_lane_historic,vehicle_location_restricted_lane,junction_location,skidding_and_overturning,hit_object_in_carriageway,vehicle_leaving_carriageway,hit_object_off_carriageway,first_point_of_impact,vehicle_left_hand_drive,journey_purpose_of_driver_historic,journey_purpose_of_driver,sex_of_driver,age_of_driver,age_band_of_driver,engine_capacity_cc,propulsion_code,age_of_vehicle,generic_make_model,driver_imd_decile,lsoa_of_driver,escooter_flag,driver_distance_banding
2020401003655,2020,401003655,1,2,0,4,4,6,2,0,0,1,0,0,0,0,3,1,2,2,1,59,9,-1,-1,-1,-1,10,E01017373,0,-1
2020470931150,2020,470931150,2,9,0,2,2,0,0,0,0,0,0,0,0,0,2,1,6,6,3,-1,-1,-1,-1,-1,-1,-1,-1,0,-1
2020010252477,2020,010252477,1,1,0,18,19,3,7,0,0,1,0,0,0,0,1,1,6,6,2,21,5,-1,-1,-1,-1,-1,-1,0,-1
2020351020592,2020,351020592,2,1,0,18,19,6,2,0,0,1,0,0,0,0,1,1,1,1,1,33,6,-1,-1,-1,-1,10,E01018292,0,-1
2020200947116,2020,200947116,2,9,0,18,19,5,1,0,0,8,0,0,0,0,1,1,6,6,1,32,6,-1,-1,-1,-1,5,E01010256,0,-1
2020010267182,2020,010267182,2,9,0,5,5,1,5,0,0,4,0,0,1,0,2,1,1,1,1,58,9,-1,-1,-1,-1,-1,-1,0,-1
2020010230626,2020,010230626,2,1,0,18,19,1,5,0,0,6,0,0,0,0,3,-1,6,6,1,17,4,-1,-1,-1,-1,6,E01001989,0,-1
202006F272194,2020,06F272194,2,1,0,14,14,7,3,0,0,0,0,8,0,0,1,1,2,2,2,32,6,-1,-1,-1,-1,7,E01005627,0,-1
2020170M10780,2020,170M10780,2,1,0,18,19,2,6,0,0,8,0,0,0,0,1,1,6,6,2,46,8,-1,-1,-1,-1,8,E01012010,0,-1
2020520000284,2020,520000284,2,9,0,18,19,8,4,0,0,3,0,0,0,0,1,1,6,6,3,-1,-1,-1,-1,-1,-1,-1,-1,0,-1
2020211002009,2020,211002009,1,9,0,18,19,2,6,0,0,8,0,0,0,0,3,1,6,6,3,-1,-1,-1,-1,-1,-1,-1,-1,0,-1
2020010259347,2020,010259347,1,1,9,99,99,9,9,99,99,9,9,99,9,99,1,1,2,2,1,28,6,-1,-1,-1,-1,1,E01003291,0,-1
2020010263973,2020,010263973,1,2,0,18,19,1,5,0,0,1,0,0,0,0,1,1,6,6,3,-1,-1,-1,-1,-1,-1,-1,-1,0,-1
2020460968676,2020,460968676,2,98,1,5,5,1,5,0,0,0,0,0,0,0,4,1,6,6,3,-1,-1,-1,-1,-1,-1,-1,-1,0,-1
2020160966938,2020,160966938,1,1,0,18,19,5,1,2,2,2,5,0,0,0,3,1,6,6,1,16,4,-1,-1,-1,-1,1,E01012847,0,-1
2020302000504,2020,302000504,2,9,0,18,19,6,8,0,0,0,0,0,0,0,0,1,6,6,1,25,5,-1,-1,-1,-1,3,E01007843,0,-1
2020990980588,2020,990980588,2,1,0,7,7,8,3,0,0,0,0,0,0,0,0,1,5,6,2,52,8,-1,-1,-1,-1,8,-1,0,-1
2020122100218,2020,122100218,1,90,0,1,1,1,5,0,0,0,0,0,0,0,2,9,6,6,3,-1,-1,-1,-1,-1,-1,-1,-1,0,-1
2020470988192,2020,470988192,2,9,0,2,2,0,0,0,0,0,0,0,0,0,4,1,6,6,3,-1,-1,-1,-1,-1,-1,-1,-1,0,-1
2020040957764,2020,040957764,2,1,0,18,19,3,7,0,0,1,0,0,0,0,1,1,5,6,1,56,9,-1,-1,-1,-1,10,E01025380,0,-1
2020220970321,2020,220970321,2,1,0,9,9,6,4,0,0,8,0,0,0,0,2,1,5,6,1,60,9,-1,-1,-1,-1,5,E01014066,0,-1
2020010274917,2020,010274917,2,1,0,18,19,8,4,0,0,0,0,0,0,0,1,1,6,6,1,18,4,-1,-1,-1,-1,7,E01003419,0,-1
2020100974423,2020,100974423,1,9,0,4,4,3,7,0,0,1,0,0,0,0,1,1,6,6,1,-1,-1,-1,-1,-1,-1,-1,-1,0,-1
2020340D02612,2020,340D02612,3,19,0,18,19,1,5,0,0,0,0,0,0,0,1,1,1,1,1,43,7,-1,-1,-1,-1,6,E01001519,0,-1
2020470949217,2020,470949217,2,9,0,2,2,0,0,0,0,0,0,0,0,0,0,1,6,6,3,-1,-1,-1,-1,-1,-1,-1,-1,0,-1
2020010239452,2020,010239452,1,1,9,99,99,9,9,99,99,9,9,99,9,99,9,-1,6,6,2,23,5,-1,-1,-1,-1,10,E01004477,0,-1
2020470938851,2020,470938851,2,1,0,18,19,2,6,0,0,1,0,0,0,0,1,1,6,6,2,34,6,-1,-1,-1,-1,2,E01031436,0,-1
2020160981716,2020,160981716,1,19,0,18,19,7,3,0,0,0,0,0,0,0,3,1,6,6,1,34,6,-1,-1,-1,-1,1,E01012931,0,-1
2020430242379,2020,430242379,2,1,0,16,19,7,2,0,0,8,0,0,0,0,3,1,2,2,1,50,8,-1,-1,-1,-1,10,E01028825,0,-1
2020010273039,2020,010273039,2,8,0,99,99,9,9,0,0,0,0,0,0,0,4,9,6,6,3,-1,-1,-1,-1,-1,-1,-1,-1,0,-1
2020040972668,2020,040972668,1,97,0,13,13,1,5,0,0,1,0,0,8,11,1,1,6,6,1,57,9,-1,-1,-1,-1,5,E01012664,0,-1
2020010285919,2020,010285919,2,8,0,99,99,9,9,99,99,9,9,99,9,99,1,9,6,6,1,60,9,-1,-1,-1,-1,2,E01001515,0,-1
2020991008352,2020,991008352,2,1,0,18,19,3,7,0,0,8,0,0,0,0,3,1,5,6,1,47,8,-1,-1,-1,-1,3,-1,0,-1
2020010253450,2020,010253450,1,1,0,99,99,9,9,0,0,1,0,10,0,0,9,1,6,6,1,26,6,-1,-1,-1,-1,3,E01001715,0,-1
2020370984845,2020,370984845,2,1,0,4,4,3,7,6,6,0,0,0,0,0,2,1,5,6,2,56,9,-1,-1,-1,-1,6,E01029879,0,-1
2020350982275,2020,350982275,2,9,0,18,19,2,6,0,0,4,0,0,0,0,3,1,6,6,3,-1,-1,-1,-1,-1,-1,-1,-1,0,-1
2020230970365,2020,230970365,1,1,0,18,19,5,1,0,0,0,0,0,0,0,0,1,5,6,1,72,10,-1,-1,-1,-1,7,E01031293,0,-1
2020010258728,2020,010258728,2,1,0,18,19,7,3,7,6,1,0,0,7,0,1,1,6,6,2,23,5,-1,-1,-1,-1,5,E01004225,0,-1
2020430298916,2020,430298916,1,1,0,18,19,8,4,9,9,0,0,0,0,0,1,1,6,6,1,13,3,-1,-1,-1,-1,-1,-1,0,-1
2020010268831,2020,010268831,2,1,0,3,3,5,1,0,0,1,0,0,0,0,2,1,6,6,1,34,6,-1,-1,-1,-1,3,E01001725,0,-1
2020010270196,2020,010270196,2,3,0,18,19,1,5,0,0,1,0,0,0,0,4,1,6,6,1,25,5,-1,-1,-1,-1,2,E01004720,0,-1
2020440143325,2020,440143325,2,3,0,18,19,7,3,0,0,0,0,0,0,0,1,1,2,2,2,54,8,-1,-1,-1,-1,5,E01017368,0,-1
2020200934567,2020,200934567,1,1,0,18,19,2,6,0,0,8,0,0,0,0,1,1,2,2,1,38,7,-1,-1,-1,-1,4,E01009065,0,-1
2020010245748,2020,010245748,2,9,0,18,19,2,6,0,0,0,0,0,0,0,1,1,6,6,3,-1,-1,-1,-1,-1,-1,-1,-1,0,-1
202006F276313,2020,06F276313,1,9,0,5,5,8,4,0,0,0,0,0,0,0,1,1,6,6,3,-1,-1,-1,-1,-1,-1,-1,-1,0,-1
2020990950149,2020,990950149,1,1,0,10,10,6,3,0,0,1,0,0,0,0,4,1,6,6,1,46,8,-1,-1,-1,-1,2,-1,0,-1
2020332001203,2020,332001203,1,9,0,18,19,1,5,0,0,0,0,0,0,0,0,1,6,6,2,36,7,-1,-1,-1,-1,-1,-1,0,-1
2020052000099,2020,052000099,1,1,0,18,19,5,1,0,0,1,1,0,0,0,1,1,6,6,1,50,8,-1,-1,-1,-1,1,E01006648,0,-1
2020010233368,2020,010233368,2,9,0,9,9,5,3,0,0,6,0,0,0,0,1,1,6,6,2,25,5,-1,-1,-1,-1,4,E01003739,0,-1
2020052002507,2020,052002507,1,9,0,7,7,3,5,0,0,5,0,0,0,0,0,1,6,6,1,54,8,-1,-1,-1,-1,1,E01007019,0,-1
2020052001540,2020,052001540,1,19,0,16,19,1,3,0,0,0,0,0,0,0,3,1,1,1,1,66,10,-1,-1,-1,-1,1,E01007123,0,-1
2020440260477,2020,440260477,1,9,0,18,19,6,2,0,0,1,0,0,0,0,1,1,2,2,3,-1,-1,-1,-1,-1,-1,-1,-1,0,-1
2020332000677,2020,332000677,1,9,0,5,5,7,3,0,0,0,0,0,0,0,1,1,6,6,1,26,6,-1,-1,-1,-1,1,E01013661,0,-1
2020200935979,2020,200935979,1,9,0,18,19,-1,-1,0,0,0,0,0,0,0,4,1,6,6,3,-1,-1,-1,-1,-1,-1,-1,-1,0,-1
2020010252235,2020,010252235,1,1,0,18,19,1,5,0,0,1,0,0,0,0,1,1,2,2,2,34,6,-1,-1,-1,-1,2,E01004271,0,-1
202060Y182090,2020,60Y182090,3,9,0,18,19,8,4,0,0,2,0,0,0,0,0,1,6,6,3,-1,-1,-1,-1,-1,-1,-1,-1,0,-1
202031C154620,2020,31C154620,2,9,0,18,19,7,3,0,0,6,0,0,0,0,1,1,6,6,3,-1,-1,-1,-1,-1,-1,-1,-1,0,-1
2020470985195,2020,470985195,2,1,0,18,19,3,7,0,0,1,0,0,0,0,3,1,6,6,1,60,9,-1,-1,-1,-1,4,E01016882,0,-1
2020440036521,2020,440036521,1,9,0,13,13,1,5,0,0,0,0,0,0,0,1,1,2,2,1,44,7,-1,-1,-1,-1,4,E01017159,0,-1
2020420969214,2020,420969214,1,9,0,18,19,7,3,0,0,0,0,0,0,0,1,1,6,6,2,58,9,-1,-1,-1,-1,1,E01021500,0,-1
2020220978635,2020,220978635,2,1,0,18,19,7,3,0,0,0,0,0,0,0,3,1,5,6,1,59,9,-1,-1,-1,-1,6,E01028850,0,-1
2020990969447,2020,990969447,1,9,0,5,5,7,3,0,0,0,0,4,0,0,1,1,6,6,1,30,6,-1,-1,-1,-1,-1,-1,0,-1
2020430304418,2020,430304418,1,1,0,18,19,1,5,0,0,0,0,0,0,0,3,1,6,6,2,-1,-1,-1,-1,-1,-1,10,E01030809,0,-1
2020500940092,2020,500940092,1,9,0,5,5,1,5,0,0,8,0,0,0,0,1,1,5,6,1,25,5,-1,-1,-1,-1,5,E01020191,0,-1
202006K173733,2020,06K173733,2,9,0,18,19,4,8,0,0,1,0,0,0,0,1,1,6,6,1,56,9,-1,-1,-1,-1,-1,-1,0,-1
2020010253596,2020,010253596,2,1,0,5,5,5,1,0,0,4,0,0,0,0,3,1,6,6,1,14,3,-1,-1,-1,-1,5,E01002183,0,-1
2020370987800,2020,370987800,2,1,0,15,15,7,3,0,0,0,5,0,0,0,0,1,2,2,1,60,9,-1,-1,-1,-1,4,E01030118,0,-1
2020340D01682,2020,340D01682,2,1,0,18,19,7,3,0,0,0,0,0,0,0,3,1,6,6,1,30,6,-1,-1,-1,-1,9,E01027021,0,-1
2020440127885,2020,440127885,2,11,0,18,19,1,5,0,0,0,0,0,0,0,0,1,1,1,1,42,7,-1,-1,-1,-1,4,E01017339,0,-1
2020522002510,2020,522002510,1,9,0,13,13,7,3,0,0,0,0,0,0,0,0,1,6,6,3,-1,-1,-1,-1,-1,-1,-1,-1,0,-1
2020010273661,2020,010273661,3,9,0,99,99,9,9,99,99,9,9,99,9,99,9,9,6,6,3,-1,-1,-1,-1,-1,-1,-1,-1,0,-1
2020400975059,2020,400975059,1,9,0,4,4,5,1,0,0,1,0,0,0,0,3,1,6,6,1,28,6,-1,-1,-1,-1,5,E01015767,0,-1
2020421001879,2020,421001879,2,1,0,18,19,7,3,0,0,8,0,0,0,0,1,1,6,6,1,18,4,-1,-1,-1,-1,9,E01021346,0,-1
2020411023903,2020,411023903,2,9,0,4,4,4,8,0,0,1,0,0,0,0,2,1,5,6,1,30,6,-1,-1,-1,-1,10,E01023839,0,-1
2020332000263,2020,332000263,2,1,0,18,19,3,7,0,0,0,0,0,0,0,1,1,6,6,1,31,6,-1,-1,-1,-1,1,E01013603,0,-1
2020410962365,2020,410962365,2,1,0,18,19,1,5,0,0,3,0,0,0,0,3,1,6,6,1,27,6,-1,-1,-1,-1,10,E01023458,0,-1
2020332001212,2020,332001212,2,11,0,18,19,4,8,0,0,0,0,0,0,0,0,1,6,6,1,54,8,-1,-1,-1,-1,-1,-1,0,-1
2020010253857,2020,010253857,1,1,9,99,99,9,9,99,99,9,9,99,9,99,1,1,6,6,1,59,9,-1,-1,-1,-1,5,E01001091,0,-1
2020010250727,2020,010250727,1,1,9,99,99,9,9,99,99,1,9,99,9,99,1,1,6,6,1,34,6,-1,-1,-1,-1,5,E01004492,0,-1
2020332000491,2020,332000491,1,9,0,18,19,2,6,0,0,0,0,0,0,0,4,1,1,1,1,50,8,-1,-1,-1,-1,-1,-1,0,-1
2020137390197,2020,137390197,2,9,0,3,3,5,1,0,0,0,0,0,0,0,4,1,6,6,1,49,8,-1,-1,-1,-1,-1,-1,0,-1
2020100942850,2020,100942850,2,1,0,18,19,2,6,0,0,0,5,0,0,0,0,1,5,6,1,53,8,-1,-1,-1,-1,9,E01008207,0,-1
2020161006551,2020,161006551,2,1,0,18,19,3,7,0,0,0,0,0,0,0,2,1,6,6,1,13,3,-1,-1,-1,-1,1,E01012867,0,-1
2020040917044,2020,040917044,2,9,0,18,19,5,1,0,0,1,0,0,0,0,1,1,6,6,3,-1,-1,-1,-1,-1,-1,-1,-1,0,-1
2020520005167,2020,520005167,2,9,0,3,3,5,1,0,0,0,0,0,0,0,2,1,6,6,2,51,8,-1,-1,-1,-1,3,E01029072,0,-1
2020320648669,2020,320648669,2,1,0,18,19,8,2,0,0,4,0,0,0,0,2,1,2,2,1,24,5,-1,-1,-1,-1,-1,-1,0,-1
202031C040620,2020,31C040620,1,9,0,18,19,7,3,0,0,6,0,0,0,0,1,1,6,6,3,-1,-1,-1,-1,-1,-1,-1,-1,0,-1
2020010268854,2020,010268854,1,9,0,18,19,8,4,0,0,1,0,0,0,0,2,1,6,6,3,-1,-1,-1,-1,-1,-1,-1,-1,0,-1
2020010273197,2020,010273197,2,1,0,9,9,1,6,0,0,2,0,0,0,0,4,1,6,6,1,17,4,-1,-1,-1,-1,2,E01001893,0,-1
2020052000603,2020,052000603,1,9,0,11,11,3,7,0,0,1,0,0,0,0,2,1,6,6,3,-1,-1,-1,-1,-1,-1,-1,-1,0,-1
2020010279599,2020,010279599,2,21,0,16,19,3,7,0,0,1,0,0,0,0,0,1,1,1,1,43,7,-1,-1,-1,-1,6,E01022261,0,-1
2020470981164,2020,470981164,2,1,0,18,19,2,6,0,0,0,0,0,0,0,3,1,6,6,1,23,5,-1,-1,-1,-1,7,E01016897,0,-1
2020140944726,2020,140944726,1,9,0,18,19,3,8,0,0,0,0,0,0,0,1,1,6,6,3,-1,-1,-1,-1,-1,-1,-1,-1,0,-1
2020470947914,2020,470947914,2,1,0,9,9,4,2,0,0,8,0,0,0,0,1,1,5,6,1,46,8,-1,-1,-1,-1,8,E01032831,0,-1
2020500981774,2020,500981774,1,9,0,18,19,1,5,0,0,0,0,0,0,0,1,1,1,1,1,50,8,-1,-1,-1,-1,3,E01015240,0,-1
2020360939189,2020,360939189,2,9,0,4,4,2,6,0,0,0,0,0,0,0,2,1,5,6,2,69,10,-1,-1,-1,-1,7,E01026801,0,-1
2020990920631,2020,990920631,2,1,0,17,19,1,6,0,0,8,0,0,0,0,4,1,5,6,1,61,9,-1,-1,-1,-1,10,-1,0,-1
2020460921488,2020,460921488,1,9,0,1,1,1,4,0,0,1,0,0,0,0,2,1,6,6,3,-1,-1,-1,-1,-1,-1,-1,-1,0,-1
2020010274492,2020,010274492,2,1,0,5,5,7,3,0,0,1,0,0,1,1,2,1,1,1,1,46,8,-1,-1,-1,-1,2,E01000049,0,-1
2020430264114,2020,430264114,1,9,0,4,4,2,6,0,0,4,0,8,1,0,3,1,2,2,1,39,7,-1,-1,-1,-1,4,E01002444,0,-1
2020010272986,2020,010272986,1,1,0,18,19,3,7,5,5,0,0,0,0,0,1,1,6,6,2,36,7,-1,-1,-1,-1,10,E01030322,0,-1
2020500959981,2020,500959981,1,9,0,16,19,5,1,0,0,0,0,0,0,0,1,1,6,6,3,-1,-1,-1,-1,-1,-1,-1,-1,0,-1
2020010278661,2020,010278661,1,9,0,18,19,7,3,0,0,8,0,0,0,0,4,1,6,6,3,-1,-1,-1,-1,-1,-1,-1,-1,0,-1
202060Y138168,2020,60Y138168,1,9,0,18,19,7,3,0,0,1,0,0,0,0,4,1,6,6,3,-1,-1,-1,-1,-1,-1,-1,-1,0,-1
2020010283240,2020,010283240,1,1,0,9,9,5,3,0,0,4,0,0,0,0,3,1,6,6,1,57,9,-1,-1,-1,-1,10,E01003851,0,-1
2020010269007,2020,010269007,2,1,0,18,19,7,3,4,4,0,5,0,0,0,1,1,6,6,1,35,6,-1,-1,-1,-1,2,E01001651,0,-1
2020350988645,2020,350988645,1,8,0,2,2,-1,-1,0,0,2,0,0,0,0,3,1,1,1,1,-1,-1,-1,-1,-1,-1,9,E01018148,0,-1
202054A424220,2020,54A424220,1,9,0,5,5,7,3,0,0,1,0,0,0,0,1,1,6,6,1,30,6,-1,-1,-1,-1,5,E01031937,0,-1
2020010254187,2020,010254187,1,1,0,9,9,5,2,0,0,0,0,0,0,0,3,1,6,6,1,17,4,-1,-1,-1,-1,2,E01000856,0,-1
2020990969031,2020,990969031,1,9,0,18,19,8,4,0,0,0,0,0,0,0,1,1,6,6,3,18,4,-1,-1,-1,-1,-1,-1,0,-1
2020010250405,2020,010250405,3,9,0,18,19,5,1,0,0,0,0,0,0,0,4,1,6,6,2,37,7,-1,-1,-1,-1,3,E01003519,0,-1
2020010250901,2020,010250901,2,11,9,99,99,9,9,99,99,9,9,99,9,99,0,1,6,6,3,-1,-1,-1,-1,-1,-1,-1,-1,0,-1
2020450973607,2020,450973607,1,9,0,2,2,5,1,0,0,1,0,10,0,0,3,1,6,6,3,-1,-1,-1,-1,-1,-1,-1,-1,0,-1
2020400998469,2020,400998469,2,1,0,18,19,8,4,0,0,8,0,0,0,0,4,1,1,1,1,33,6,-1,-1,-1,-1,7,E01017516,0,-1
2020991008032,2020,991008032,2,1,0,18,19,8,4,0,0,8,0,0,0,0,4,1,1,1,1,21,5,-1,-1,-1,-1,5,-1,0,-1
2020070752663,2020,070752663,2,1,0,18,19,7,3,0,0,1,0,0,7,0,1,1,6,6,1,33,6,-1,-1,-1,-1,1,E01012380,0,-1
2020010252161,2020,010252161,1,1,9,99,99,9,9,99,99,9,9,99,9,99,1,1,2,2,1,22,5,-1,-1,-1,-1,2,E01004287,0,-1
2020010274527,2020,010274527,2,9,0,9,9,5,3,0,0,6,0,0,0,0,1,1,6,6,3,-1,-1,-1,-1,-1,-1,-1,-1,0,-1
2020460930804,2020,460930804,3,9,0,2,2,0,0,0,0,1,0,0,0,0,1,1,6,6,3,-1,-1,-1,-1,-1,-1,-1,-1,0,-1
2020010237384,2020,010237384,2,9,0,99,99,9,9,99,99,9,9,99,9,99,1,9,6,6,3,-1,-1,-1,-1,-1,-1,-1,-1,0,-1
2020410999821,2020,410999821,1,9,0,7,7,5,1,0,0,0,0,0,0,0,3,1,6,6,1,-1,-1,-1,-1,-1,-1,-1,-1,0,-1
2020100919349,2020,100919349,2,1,0,8,8,7,1,0,0,1,0,0,0,0,3,1,2,2,1,44,7,-1,-1,-1,-1,2,E01008253,0,-1
2020470984602,2020,470984602,3,90,0,2,2,0,0,9,9,0,0,0,0,0,3,1,6,6,3,-1,-1,-1,-1,-1,-1,-1,-1,0,-1
2020522003857,2020,522003857,1,1,0,18,19,7,3,0,0,8,0,0,0,0,4,1,1,1,1,30,6,-1,-1,-1,-1,4,E01033364,0,-1
2020010276820,2020,010276820,1,1,9,99,99,9,9,99,99,9,9,99,9,99,9,1,2,2,2,30,6,-1,-1,-1,-1,2,E01000905,0,-1
2020470928269,2020,470928269,3,11,0,5,5,7,3,0,0,0,0,0,0,0,0,1,1,1,3,30,6,-1,-1,-1,-1,-1,-1,0,-1
2020100952453,2020,100952453,1,1,0,18,19,8,4,0,0,8,0,0,0,0,1,1,6,6,1,17,4,-1,-1,-1,-1,9,E01027410,0,-1
2020410997548,2020,410997548,2,1,0,18,19,7,3,0,0,4,0,0,0,0,2,1,6,6,2,41,7,-1,-1,-1,-1,9,E01023426,0,-1
2020052001472,2020,052001472,1,9,0,18,19,3,7,0,0,0,0,0,0,0,1,1,6,6,3,-1,-1,-1,-1,-1,-1,-1,-1,0,-1
2020302000466,2020,302000466,1,9,0,18,19,6,2,0,0,0,0,0,0,0,4,1,6,6,3,-1,-1,-1,-1,-1,-1,5,E01019456,0,-1
2020010269578,2020,010269578,1,1,9,99,99,9,9,99,99,9,9,99,9,99,1,1,6,6,1,32,6,-1,-1,-1,-1,2,E01001750,0,-1
202060Y098235,2020,60Y098235,1,9,0,18,19,2,6,0,0,4,0,0,0,0,1,1,2,2,1,34,6,-1,-1,-1,-1,-1,-1,0,-1
2020430148031,2020,430148031,2,1,0,18,19,3,7,5,5,8,0,0,0,0,2,1,2,2,1,26,6,-1,-1,-1,-1,8,E01028584,0,-1
2020500950835,2020,500950835,2,1,0,18,19,5,1,0,0,0,2,0,0,0,1,1,5,6,1,54,8,-1,-1,-1,-1,7,E01020318,0,-1
2020440363681,2020,440363681,1,9,0,5,5,2,6,0,0,4,0,0,0,0,1,1,6,6,1,23,5,-1,-1,-1,-1,9,E01032710,0,-1
2020010253358,2020,010253358,1,11,0,18,19,5,1,0,0,0,0,0,0,0,1,1,1,1,1,21,5,-1,-1,-1,-1,2,E01004755,0,-1
2020010244915,2020,010244915,2,1,0,13,13,3,7,0,0,1,0,10,7,11,1,-1,6,6,1,25,5,-1,-1,-1,-1,7,E01003199,0,-1
2020070462959,2020,070462959,1,9,0,18,19,3,7,0,0,0,0,0,0,0,1,1,6,6,1,35,6,-1,-1,-1,-1,2,E01012412,0,-1
2020111008823,2020,111008823,1,9,0,18,19,5,1,0,0,1,0,0,0,0,1,1,6,6,3,30,6,-1,-1,-1,-1,-1,-1,0,-1
2020552000766,2020,552000766,1,19,0,13,13,7,3,0,0,3,1,0,0,0,4,1,6,6,3,-1,-1,-1,-1,-1,-1,-1,-1,0,-1
2020350949385,2020,350949385,2,1,0,18,19,1,3,0,0,8,0,0,0,0,2,1,5,6,2,44,7,-1,-1,-1,-1,10,E01018262,0,-1
2020351006334,2020,351006334,2,9,-1,3,3,7,3,-1,-1,0,-1,-1,-1,0,-1,1,6,6,3,-1,-1,-1,-1,-1,-1,-1,-1,0,-1
2020010245747,2020,010245747,2,1,0,18,19,5,1,9,9,2,0,0,0,0,0,-1,2,2,1,38,7,-1,-1,-1,-1,7,E01003039,0,-1
2020420927581,2020,420927581,1,9,0,18,19,3,7,0,0,0,0,0,0,0,1,1,6,6,1,20,4,-1,-1,-1,-1,-1,-1,0,-1
202060Y172233,2020,60Y172233,2,1,0,18,19,2,6,0,0,0,0,0,0,0,2,1,2,2,1,46,8,-1,-1,-1,-1,-1,-1,0,-1
2020332000072,2020,332000072,2,1,0,9,9,7,1,0,0,6,0,0,0,0,3,1,6,6,1,33,6,-1,-1,-1,-1,2,E01032867,0,-1
2020010283020,2020,010283020,2,1,0,18,19,3,7,0,0,0,0,0,0,0,1,1,1,1,1,25,5,-1,-1,-1,-1,3,E01003025,0,-1
2020470933951,2020,470933951,2,11,0,2,2,0,0,0,0,0,0,0,0,0,0,1,1,1,3,-1,-1,-1,-1,-1,-1,-1,-1,0,-1
2020010235088,2020,010235088,2,9,0,99,99,9,9,99,99,0,9,99,9,99,1,9,6,6,3,25,5,-1,-1,-1,-1,2,E01004302,0,-1
2020010234815,2020,010234815,1,1,9,99,99,9,9,99,99,9,9,99,9,99,9,1,2,2,1,30,6,-1,-1,-1,-1,2,E01000078,0,-1
2020302000975,2020,302000975,2,1,0,18,19,1,5,0,0,1,0,0,0,0,1,1,6,6,1,65,9,-1,-1,-1,-1,3,E01019468,0,-1
202006N170633,2020,06N170633,2,9,0,1,1,7,3,0,0,0,0,0,0,0,2,1,1,1,1,37,7,-1,-1,-1,-1,8,E01012550,0,-1
2020010273004,2020,010273004,3,3,0,8,8,7,2,0,0,1,0,4,0,0,2,1,1,1,1,31,6,-1,-1,-1,-1,2,E01000527,0,-1
2020030950937,2020,030950937,3,20,0,2,2,0,0,0,0,0,0,0,0,0,2,1,6,6,3,-1,-1,-1,-1,-1,-1,-1,-1,0,-1
2020320442341,2020,320442341,2,1,0,18,19,1,5,0,0,0,0,0,0,0,4,1,6,6,1,55,8,-1,-1,-1,-1,9,E01026402,0,-1
2020010260495,2020,010260495,4,9,0,3,3,1,5,0,0,1,0,0,0,0,2,1,6,6,1,58,9,-1,-1,-1,-1,3,E01016012,0,-1
2020010269437,2020,010269437,1,1,9,99,99,9,9,99,99,9,9,99,9,99,1,1,2,2,2,30,6,-1,-1,-1,-1,7,E01000218,0,-1
2020500944565,2020,500944565,1,1,0,18,19,7,3,0,0,1,0,0,0,0,1,1,5,6,3,-1,-1,-1,-1,-1,-1,-1,-1,0,-1
2020010282266,2020,010282266,1,1,9,18,19,1,5,0,0,0,9,0,0,0,1,1,6,6,2,35,6,-1,-1,-1,-1,2,E01001151,0,-1
2020200962225,2020,200962225,2,9,0,18,19,5,1,0,0,8,1,0,0,0,1,1,6,6,1,-1,-1,-1,-1,-1,-1,-1,-1,0,-1
202006G271792,2020,06G271792,2,1,0,18,19,8,4,0,0,8,0,0,0,0,1,1,6,6,1,29,6,-1,-1,-1,-1,7,E01006063,0,-1
2020440392206,2020,440392206,1,1,0,3,3,5,1,0,0,0,0,0,0,0,3,1,6,6,1,38,7,-1,-1,-1,-1,5,E01017030,0,-1
2020552000753,2020,552000753,1,1,0,5,5,2,6,0,0,6,0,0,0,0,3,1,2,2,1,30,6,-1,-1,-1,-1,5,E01020469,0,-1
2020137AJ1293,2020,137AJ1293,1,9,0,2,2,0,0,0,0,0,0,0,0,0,3,1,6,6,1,30,6,-1,-1,-1,-1,-1,-1,0,-1
2020470915018,2020,470915018,1,9,0,16,19,4,7,0,0,0,0,0,0,0,0,1,6,6,3,-1,-1,-1,-1,-1,-1,-1,-1,0,-1
2020052002443,2020,052002443,1,9,0,18,19,8,4,0,0,1,0,0,0,0,1,1,6,6,3,-1,-1,-1,-1,-1,-1,-1,-1,0,-1
2020010249180,2020,010249180,2,9,0,99,99,9,9,99,99,9,9,99,9,99,1,9,6,6,3,30,6,-1,-1,-1,-1,-1,-1,0,-1
2020010275756,2020,010275756,1,1,0,18,19,1,5,2,2,8,0,4,0,0,2,1,6,6,1,24,5,-1,-1,-1,-1,2,E01000223,0,-1
202006Q277591,2020,06Q277591,1,9,0,9,9,7,5,0,0,5,0,0,0,0,1,1,6,6,1,30,6,-1,-1,-1,-1,-1,-1,0,-1
2020302000230,2020,302000230,1,9,0,9,9,4,2,0,0,5,0,0,0,0,1,1,6,6,2,47,8,-1,-1,-1,-1,5,E01019733,0,-1
202060Y045290,2020,60Y045290,1,98,0,18,19,6,2,0,0,0,0,0,0,0,1,1,6,6,1,47,8,-1,-1,-1,-1,-1,-1,0,-1
2020470992455,2020,470992455,2,1,0,4,4,2,4,0,0,1,2,0,0,0,4,1,2,2,1,49,8,-1,-1,-1,-1,6,E01021033,0,-1
2020221002771,2020,221002771,1,1,0,18,19,5,1,0,0,1,0,0,0,0,4,1,5,6,1,52,8,-1,-1,-1,-1,6,E01014180,0,-1
2020332000790,2020,332000790,1,9,0,11,11,7,3,0,0,0,1,0,1,7,4,1,1,1,1,22,5,-1,-1,-1,-1,1,W01000814,0,-1
2020010232456,2020,010232456,2,1,0,17,19,7,3,0,0,8,0,0,0,0,4,1,6,6,1,29,6,-1,-1,-1,-1,4,E01003317,0,-1
2020990974323,2020,990974323,1,9,0,6,6,5,5,0,0,1,0,0,0,0,4,1,1,1,1,48,8,-1,-1,-1,-1,1,-1,0,-1
2020430079987,2020,430079987,1,9,0,18,19,4,8,0,0,0,0,0,0,0,1,1,1,1,1,25,5,-1,-1,-1,-1,9,E01009694,0,-1
2020010249702,2020,010249702,1,1,9,99,99,9,9,99,99,9,9,99,9,99,9,1,2,2,1,31,6,-1,-1,-1,-1,3,E01003088,0,-1