collision_index,collision_year,collision_ref_no,vehicle_reference,vehicle_type,towing_and_articulation,vehicle_manoeuvre_historic,vehicle_manoeuvre,vehicle_direction_from,vehicle_direction_to,vehicle_location_restricted_lane_historic,vehicle_location_restricted_lane,junction_location,skidding_and_overturning,hit_object_in_carriageway,vehicle_leaving_carriageway,hit_object_off_carriageway,first_point_of_impact,vehicle_left_hand_drive,journey_purpose_of_driver_historic,journey_purpose_of_driver,sex_of_driver,age_of_driver,age_band_of_driver,engine_capacity_cc,propulsion_code,age_of_vehicle,generic_make_model,driver_imd_decile,lsoa_of_driver,escooter_flag,driver_distance_banding
2020542333220,2020,542333220,1,1,0,9,9,5,3,5,5,6,0,0,0,0,3,1,6,6,2,30,6,-1,-1,-1,-1,-1,-1,0,-1
2020332000753,2020,332000753,2,9,0,18,19,7,3,0,0,3,0,0,0,0,3,1,6,6,1,55,8,-1,-1,-1,-1,1,E01013621,0,-1
2020430249850,2020,430249850,1,1,0,18,19,1,5,5,5,6,0,0,0,0,1,1,6,6,2,50,8,-1,-1,-1,-1,5,E01016756,0,-1
2020320131993,2020,320131993,1,9,0,18,19,0,0,0,0,0,0,0,0,0,0,1,6,6,3,-1,-1,-1,-1,-1,-1,-1,-1,0,-1
202031C121620,2020,31C121620,2,1,0,18,19,5,1,0,0,8,0,0,0,0,1,1,6,6,1,51,8,-1,-1,-1,-1,10,E01028385,0,-1
2020430113146,2020,430113146,2,1,0,18,19,4,8,9,9,1,0,0,0,0,1,1,6,6,1,9,2,-1,-1,-1,-1,8,E01016755,0,-1
2020200985372,2020,200985372,1,9,0,9,9,1,6,0,0,6,0,0,0,0,1,1,1,1,1,30,6,-1,-1,-1,-1,4,E01009835,0,-1
2020010232030,2020,010232030,1,1,9,99,99,9,9,99,99,9,9,99,9,99,1,1,6,6,3,-1,-1,-1,-1,-1,-1,-1,-1,0,-1
2020122001006,2020,122001006,1,9,0,18,19,5,1,0,0,1,0,0,0,0,1,1,6,6,1,23,5,-1,-1,-1,-1,5,E01027776,0,-1
202031A163220,2020,31A163220,2,19,0,18,19,4,8,0,0,8,0,0,0,0,1,1,2,2,1,45,7,-1,-1,-1,-1,8,E01028321,0,-1
2020041020052,2020,041020052,4,9,0,18,19,7,3,0,0,0,1,0,0,0,1,1,6,6,1,38,7,-1,-1,-1,-1,1,E01006637,0,-1
2020010250393,2020,010250393,2,1,0,17,19,3,7,0,0,1,0,0,0,0,2,-1,6,6,2,44,7,-1,-1,-1,-1,6,E01001570,0,-1
2020500977670,2020,500977670,2,1,0,16,19,3,7,0,0,0,1,0,0,0,1,1,5,6,1,24,5,-1,-1,-1,-1,6,E01033064,0,-1
2020440252445,2020,440252445,1,1,0,4,4,1,4,0,0,0,1,0,0,0,3,1,6,6,1,57,9,-1,-1,-1,-1,10,E01023228,0,-1
2020010234580,2020,010234580,1,1,9,99,99,9,9,99,99,9,9,99,9,99,1,1,6,6,1,27,6,-1,-1,-1,-1,6,E01002006,0,-1
2020440003091,2020,440003091,1,19,0,18,19,6,2,0,0,0,0,0,1,4,1,1,1,1,1,26,6,-1,-1,-1,-1,3,E01017052,0,-1
2020470996812,2020,470996812,1,9,0,18,19,7,3,0,0,0,0,0,0,0,-1,1,6,6,3,-1,-1,-1,-1,-1,-1,-1,-1,0,-1
2020440388288,2020,440388288,1,9,0,18,19,3,7,0,0,2,5,0,2,1,4,1,1,1,1,35,6,-1,-1,-1,-1,6,E01023104,0,-1
202006L171195,2020,06L171195,1,90,0,13,13,3,7,0,0,0,0,0,0,0,4,1,6,6,1,30,6,-1,-1,-1,-1,-1,-1,0,-1
202006K373835,2020,06K373835,2,9,0,18,19,6,2,0,0,0,0,0,0,0,1,1,6,6,2,58,9,-1,-1,-1,-1,1,E01004938,0,-1
2020470979774,2020,470979774,2,1,0,16,19,6,1,0,0,0,0,0,0,0,3,1,5,6,1,59,9,-1,-1,-1,-1,5,E01020932,0,-1
2020450996131,2020,450996131,1,1,0,18,19,8,4,0,0,0,1,0,7,0,3,1,1,1,1,47,8,-1,-1,-1,-1,10,E01030882,0,-1
202031C080620,2020,31C080620,2,1,0,18,19,2,6,0,0,1,0,0,0,0,1,1,2,2,1,33,6,-1,-1,-1,-1,1,E01013959,0,-1
2020410954328,2020,410954328,1,3,0,18,19,2,6,0,0,0,0,0,4,0,3,1,6,6,1,19,4,-1,-1,-1,-1,3,E01017619,0,-1
2020010275273,2020,010275273,2,9,0,15,15,1,5,0,0,1,5,0,0,0,3,1,6,6,3,-1,-1,-1,-1,-1,-1,-1,-1,0,-1
2020010237972,2020,010237972,2,-1,0,15,15,5,1,0,0,0,0,0,0,0,4,1,6,6,1,34,6,-1,-1,-1,-1,-1,-1,1,-1
2020010249002,2020,010249002,2,9,0,18,19,8,4,9,9,0,9,0,1,99,4,9,6,6,1,-1,-1,-1,-1,-1,-1,-1,-1,0,-1
2020010267041,2020,010267041,2,9,0,99,99,9,9,99,99,0,9,99,9,99,9,9,6,6,3,-1,-1,-1,-1,-1,-1,-1,-1,0,-1
2020220958016,2020,220958016,1,97,0,17,19,5,2,0,0,0,0,10,8,2,4,1,5,6,3,22,5,-1,-1,-1,-1,-1,-1,0,-1
2020340S07952,2020,340S07952,2,1,0,18,19,3,7,0,0,0,0,0,7,10,0,1,2,2,1,41,7,-1,-1,-1,-1,-1,-1,0,-1
2020040965304,2020,040965304,4,9,0,2,2,0,0,0,0,2,0,0,0,0,2,1,6,6,3,-1,-1,-1,-1,-1,-1,-1,-1,0,-1
2020200967605,2020,200967605,2,1,0,18,19,3,7,0,0,0,0,0,0,0,1,1,6,6,1,24,5,-1,-1,-1,-1,2,E01009050,0,-1
2020430362767,2020,430362767,2,21,0,18,19,2,6,0,0,1,0,0,0,0,1,1,1,1,1,36,7,-1,-1,-1,-1,-1,-1,0,-1
2020420916029,2020,420916029,1,9,0,5,5,5,1,0,0,7,0,0,0,0,1,1,5,6,1,44,7,-1,-1,-1,-1,-1,-1,0,-1
2020010275471,2020,010275471,2,9,0,99,99,9,9,99,99,9,9,99,9,99,2,9,6,6,3,35,6,-1,-1,-1,-1,9,E01030713,0,-1
2020010281205,2020,010281205,2,1,0,18,19,3,7,0,0,3,0,0,0,0,1,1,2,2,2,43,7,-1,-1,-1,-1,7,E01002838,0,-1
2020471004484,2020,471004484,2,9,0,9,9,1,7,0,0,4,0,0,1,0,3,1,6,6,1,18,4,-1,-1,-1,-1,7,E01021009,0,-1
2020552000499,2020,552000499,2,1,0,18,19,2,6,0,0,0,0,0,0,0,2,1,6,6,1,15,3,-1,-1,-1,-1,9,E01020343,0,-1
2020990980700,2020,990980700,2,1,0,5,5,2,6,0,0,0,0,0,0,0,3,1,5,6,2,29,6,-1,-1,-1,-1,5,-1,0,-1
2020541400120,2020,541400120,1,9,0,18,19,6,2,0,0,8,0,0,0,0,1,1,2,2,1,25,5,-1,-1,-1,-1,5,E01032111,0,-1
2020010245622,2020,010245622,1,9,0,99,99,9,9,99,99,0,9,99,9,99,1,9,6,6,3,-1,-1,-1,-1,-1,-1,-1,-1,0,-1
2020440099571,2020,440099571,2,1,0,9,9,7,5,0,0,8,0,0,0,0,1,1,1,1,1,62,9,-1,-1,-1,-1,8,E01017069,0,-1
2020201023053,2020,201023053,1,1,0,18,19,4,8,0,0,8,0,0,0,0,3,1,6,6,1,39,7,-1,-1,-1,-1,4,E01009813,0,-1
2020430117350,2020,430117350,2,1,0,18,19,8,4,0,0,8,0,0,0,0,1,1,6,6,1,63,9,-1,-1,-1,-1,3,E01016520,0,-1
2020460936557,2020,460936557,2,21,1,18,19,4,8,0,0,0,0,0,0,0,1,1,6,6,1,59,9,-1,-1,-1,-1,-1,-1,0,-1
2020332000959,2020,332000959,1,9,0,13,13,1,5,0,0,0,0,0,0,0,4,1,6,6,1,32,6,-1,-1,-1,-1,5,E01013784,0,-1
2020070231240,2020,070231240,2,1,0,17,19,5,1,0,0,8,0,0,0,0,1,1,6,6,1,54,8,-1,-1,-1,-1,1,E01018563,0,-1
2020461028083,2020,461028083,2,19,0,18,19,7,3,0,0,0,0,0,0,0,2,1,6,6,1,-1,-1,-1,-1,-1,-1,3,E01024372,0,-1
2020430296230,2020,430296230,1,9,0,18,19,7,3,0,0,8,0,0,0,0,1,1,6,6,1,-1,-1,-1,-1,-1,-1,-1,-1,0,-1
2020350998587,2020,350998587,1,98,0,11,11,3,7,0,0,0,0,0,0,0,1,1,1,1,1,62,9,-1,-1,-1,-1,9,E01018159,0,-1
2020010228378,2020,010228378,2,1,0,15,15,8,4,0,0,1,0,0,0,0,1,1,6,6,1,30,6,-1,-1,-1,-1,2,E01003253,0,-1
2020100935093,2020,100935093,1,9,0,4,4,3,7,0,0,1,0,0,0,0,1,1,6,6,1,-1,-1,-1,-1,-1,-1,-1,-1,0,-1
2020010284986,2020,010284986,1,2,0,9,9,5,2,0,0,1,0,0,7,0,1,1,6,6,1,30,6,-1,-1,-1,-1,-1,-1,0,-1
2020010251020,2020,010251020,1,1,9,99,99,9,9,99,99,9,9,99,9,99,9,1,6,6,1,41,7,-1,-1,-1,-1,3,E01003017,0,-1
2020052002356,2020,052002356,2,1,0,18,19,5,1,0,0,0,0,0,1,10,2,1,6,6,1,19,4,-1,-1,-1,-1,3,E01007180,0,-1
2020160965385,2020,160965385,2,1,0,18,19,7,3,0,0,8,0,0,1,10,4,1,5,6,1,25,5,-1,-1,-1,-1,4,E01013179,0,-1
2020460964580,2020,460964580,1,9,0,18,19,1,5,0,0,1,0,0,0,0,1,1,6,6,1,-1,-1,-1,-1,-1,-1,2,E01024170,0,-1
2020460937178,2020,460937178,1,90,0,18,19,7,3,0,0,1,0,0,0,0,1,1,6,6,3,-1,-1,-1,-1,-1,-1,-1,-1,0,-1
2020140974804,2020,140974804,2,9,0,2,2,0,0,9,9,0,0,0,0,0,2,1,6,6,3,-1,-1,-1,-1,-1,-1,-1,-1,0,-1
2020990971589,2020,990971589,2,9,0,5,5,3,7,0,0,4,0,0,0,0,1,1,1,1,1,60,9,-1,-1,-1,-1,-1,-1,0,-1
2020010273682,2020,010273682,1,1,9,99,99,9,9,99,99,0,9,99,9,99,9,1,2,2,1,23,5,-1,-1,-1,-1,4,E01033606,0,-1
2020420967968,2020,420967968,1,2,0,14,14,7,3,0,0,1,0,0,0,0,1,1,6,6,1,30,6,-1,-1,-1,-1,2,E01015938,0,-1
2020360975301,2020,360975301,2,9,0,12,12,3,7,0,0,0,0,0,0,0,-1,1,6,6,3,-1,-1,-1,-1,-1,-1,-1,-1,0,-1
2020440299987,2020,440299987,2,9,3,13,13,5,1,0,0,0,0,0,0,0,4,1,6,6,1,43,7,-1,-1,-1,-1,4,E01024204,0,-1
2020332000547,2020,332000547,1,9,0,18,19,1,5,0,0,1,0,0,0,0,4,1,2,2,1,32,6,-1,-1,-1,-1,4,E01004015,0,-1
202031A177920,2020,31A177920,2,1,0,18,19,4,8,0,0,2,0,0,0,0,2,1,6,6,1,27,6,-1,-1,-1,-1,2,E01027987,0,-1
2020522003685,2020,522003685,1,9,0,3,3,2,6,0,0,1,0,0,0,0,2,1,6,6,1,24,5,-1,-1,-1,-1,5,E01014886,0,-1
2020546529020,2020,546529020,2,1,0,18,19,1,5,0,0,0,0,0,0,0,2,1,1,1,1,30,6,-1,-1,-1,-1,7,E01031951,0,-1
2020440218561,2020,440218561,2,9,0,18,19,7,3,0,0,0,0,0,0,0,1,1,6,6,2,20,4,-1,-1,-1,-1,6,E01017292,0,-1
2020332000442,2020,332000442,1,9,0,7,7,3,5,0,0,4,0,0,3,1,1,1,6,6,1,81,11,-1,-1,-1,-1,9,E01025750,0,-1
2020460968321,2020,460968321,1,9,0,3,3,5,4,0,0,6,0,0,0,0,0,1,5,6,3,-1,-1,-1,-1,-1,-1,-1,-1,0,-1
2020052001140,2020,052001140,1,1,0,13,13,3,7,0,0,0,0,0,0,0,3,1,6,6,1,15,3,-1,-1,-1,-1,3,E01006627,0,-1
2020010243118,2020,010243118,2,1,0,16,19,1,5,0,0,8,5,0,0,0,1,-1,6,6,1,64,9,-1,-1,-1,-1,6,E01004493,0,-1
2020430084267,2020,430084267,1,9,0,7,7,3,7,0,0,2,0,0,0,0,1,1,6,6,2,71,10,-1,-1,-1,-1,5,E01028633,0,-1
2020320304197,2020,320304197,2,1,0,18,19,5,1,0,0,0,0,0,0,0,0,1,6,6,1,40,7,-1,-1,-1,-1,9,E01032993,0,-1
2020450976823,2020,450976823,1,1,0,18,19,5,1,0,0,0,0,12,0,0,1,1,5,6,1,51,8,-1,-1,-1,-1,7,E01030833,0,-1
2020200996663,2020,200996663,1,9,0,17,19,3,1,0,0,0,0,10,1,0,1,1,6,6,2,30,6,-1,-1,-1,-1,2,E01009098,0,-1
2020340D04532,2020,340D04532,2,1,0,9,9,1,5,0,0,1,0,0,0,0,2,1,6,6,1,72,10,-1,-1,-1,-1,10,E01027001,0,-1
202006E167235,2020,06E167235,2,1,0,18,19,5,1,0,0,1,0,0,0,0,1,1,4,7,2,24,5,-1,-1,-1,-1,4,E01005184,0,-1
2020010282222,2020,010282222,2,1,0,18,19,7,3,4,4,0,0,0,1,0,3,1,2,2,1,28,6,-1,-1,-1,-1,1,E01002758,0,-1
2020430181124,2020,430181124,1,19,0,5,5,7,5,0,0,6,0,0,0,0,4,1,1,1,3,-1,-1,-1,-1,-1,-1,-1,-1,0,-1
2020332000583,2020,332000583,2,9,0,18,19,8,4,0,0,8,0,0,0,0,1,1,6,6,1,83,11,-1,-1,-1,-1,-1,-1,0,-1
2020010259400,2020,010259400,2,1,0,18,19,6,2,0,0,8,5,0,0,0,1,1,6,6,1,38,7,-1,-1,-1,-1,3,E01003391,0,-1
202006J375530,2020,06J375530,2,9,0,18,19,5,1,0,0,1,0,0,0,0,1,1,6,6,1,20,4,-1,-1,-1,-1,-1,-1,0,-1
2020100974226,2020,100974226,1,9,0,7,7,3,6,0,0,1,0,0,0,0,4,1,6,6,1,18,4,-1,-1,-1,-1,-1,-1,0,-1
2020990974771,2020,990974771,1,1,0,18,19,2,6,0,0,0,5,0,0,0,1,1,5,6,2,58,9,-1,-1,-1,-1,10,-1,0,-1
2020010281938,2020,010281938,2,1,0,18,19,7,3,0,0,1,0,0,0,0,1,1,6,6,1,29,6,-1,-1,-1,-1,-1,-1,0,-1
2020332000031,2020,332000031,2,9,0,18,19,5,1,0,0,0,5,0,1,1,1,1,6,6,1,34,6,-1,-1,-1,-1,8,E01025770,0,-1
2020332000953,2020,332000953,1,9,0,3,3,8,4,0,0,1,0,0,0,0,2,1,2,2,2,25,5,-1,-1,-1,-1,2,E01015634,0,-1
2020440298744,2020,440298744,2,9,0,2,2,0,0,0,0,0,0,0,0,0,3,1,1,1,1,-1,-1,-1,-1,-1,-1,-1,-1,0,-1
2020010258565,2020,010258565,1,19,0,14,14,1,5,0,0,1,0,0,0,0,3,1,6,6,3,-1,-1,-1,-1,-1,-1,-1,-1,0,-1
2020010237408,2020,010237408,1,1,9,18,19,9,9,0,0,8,5,0,0,99,3,1,2,2,1,28,6,-1,-1,-1,-1,4,E01004642,0,-1
2020052001035,2020,052001035,2,1,0,18,19,3,7,0,0,0,0,0,0,0,2,1,6,6,1,27,6,-1,-1,-1,-1,1,E01006540,0,-1
2020140926543,2020,140926543,2,21,1,2,2,0,0,0,0,0,0,0,0,0,2,1,1,1,1,52,8,-1,-1,-1,-1,3,E01007504,0,-1
2020470949204,2020,470949204,2,1,0,4,4,8,4,0,0,0,0,0,0,0,1,1,6,6,1,46,8,-1,-1,-1,-1,5,E01016991,0,-1
2020200996623,2020,200996623,1,9,0,1,1,6,2,9,9,6,0,0,0,0,2,1,6,6,3,-1,-1,-1,-1,-1,-1,-1,-1,0,-1
2020200992608,2020,200992608,1,9,0,18,19,2,6,0,0,0,0,0,0,0,1,1,6,6,3,-1,-1,-1,-1,-1,-1,-1,-1,0,-1
2020010256673,2020,010256673,2,1,0,18,19,5,1,0,0,1,5,0,0,0,4,1,6,6,2,37,7,-1,-1,-1,-1,1,E01002039,0,-1
2020400955955,2020,400955955,2,1,0,18,19,7,7,0,0,0,0,0,0,0,1,1,5,6,1,49,8,-1,-1,-1,-1,3,E01017596,0,-1
2020500983876,2020,500983876,2,1,0,18,19,8,4,0,0,1,0,0,0,0,4,1,5,6,1,65,9,-1,-1,-1,-1,7,E01019018,0,-1
2020200948507,2020,200948507,1,1,0,18,19,5,1,0,0,6,0,0,0,0,1,1,4,7,1,16,4,-1,-1,-1,-1,4,E01009766,0,-1
2020010252232,2020,010252232,2,4,0,5,5,3,7,0,0,1,0,0,0,0,1,1,6,6,1,18,4,-1,-1,-1,-1,7,E01021582,0,-1
2020140948732,2020,140948732,2,97,0,18,19,8,4,0,0,1,0,0,0,0,1,1,6,6,1,-1,-1,-1,-1,-1,-1,-1,-1,0,-1
2020140960036,2020,140960036,2,1,0,18,19,8,4,0,0,1,2,0,0,0,1,1,6,6,1,16,4,-1,-1,-1,-1,3,E01007777,0,-1
2020010283593,2020,010283593,2,19,9,18,19,7,3,99,99,9,9,99,9,99,9,9,6,6,3,-1,-1,-1,-1,-1,-1,-1,-1,0,-1
2020622000949,2020,622000949,1,9,0,18,19,3,7,0,0,0,0,0,0,0,3,1,6,6,3,-1,-1,-1,-1,-1,-1,-1,-1,0,-1
2020100945425,2020,100945425,1,9,0,9,9,1,7,0,0,1,0,0,0,0,1,1,6,6,3,-1,-1,-1,-1,-1,-1,-1,-1,0,-1
2020420930429,2020,420930429,1,9,0,18,19,3,7,0,0,0,0,0,0,0,3,1,6,6,3,-1,-1,-1,-1,-1,-1,-1,-1,0,-1
2020340W00812,2020,340W00812,1,9,0,18,19,4,8,0,0,1,0,0,0,0,1,1,6,6,3,-1,-1,-1,-1,-1,-1,-1,-1,0,-1
2020010268252,2020,010268252,2,1,9,99,99,9,9,99,99,0,9,99,9,99,0,1,6,6,3,-1,-1,-1,-1,-1,-1,-1,-1,0,-1
2020110967711,2020,110967711,1,9,0,9,9,3,1,0,0,3,0,0,0,0,0,1,6,6,3,30,6,-1,-1,-1,-1,-1,-1,0,-1
2020420921982,2020,420921982,1,90,-1,18,19,1,5,0,0,3,0,0,0,0,1,1,6,6,3,-1,-1,-1,-1,-1,-1,-1,-1,0,-1
2020010260755,2020,010260755,1,5,0,4,4,3,7,0,0,1,0,10,0,0,1,1,2,2,1,33,6,-1,-1,-1,-1,2,E01021278,0,-1
2020430287962,2020,430287962,2,9,0,5,5,2,8,0,0,8,0,0,0,0,1,1,6,6,3,-1,-1,-1,-1,-1,-1,-1,-1,0,-1
2020351001487,2020,351001487,1,11,-1,18,19,5,1,0,0,0,-1,-1,-1,0,4,1,1,1,3,-1,-1,-1,-1,-1,-1,-1,-1,0,-1
2020432004379,2020,432004379,2,9,0,4,4,5,2,0,0,1,0,0,0,0,2,1,6,6,1,73,10,-1,-1,-1,-1,3,E01002457,0,-1
2020231027569,2020,231027569,2,1,0,18,19,6,2,0,0,8,0,0,0,0,1,1,5,6,1,53,8,-1,-1,-1,-1,10,E01009670,0,-1
2020010228757,2020,010228757,2,1,0,18,19,3,7,0,0,1,0,0,0,0,1,1,6,6,1,58,9,-1,-1,-1,-1,2,E01001802,0,-1
202006M174141,2020,06M174141,2,1,0,18,19,5,1,4,4,0,0,0,0,0,3,1,6,6,1,45,7,-1,-1,-1,-1,3,E01005726,0,-1
2020501007442,2020,501007442,2,1,0,18,19,4,8,0,0,0,0,0,0,0,2,1,6,6,1,23,5,-1,-1,-1,-1,3,E01015228,0,-1
2020440006604,2020,440006604,1,1,0,18,19,7,3,0,0,1,0,0,0,0,1,1,6,6,1,16,4,-1,-1,-1,-1,8,E01022722,0,-1
2020410937175,2020,410937175,1,20,-1,18,19,1,5,0,0,0,0,0,0,0,1,1,6,6,1,-1,-1,-1,-1,-1,-1,-1,-1,0,-1
2020332000647,2020,332000647,2,3,0,18,19,6,2,0,0,8,0,0,0,0,1,1,6,6,1,19,4,-1,-1,-1,-1,9,E01013802,0,-1
2020010233204,2020,010233204,2,9,0,99,99,9,9,99,99,9,9,99,9,99,9,9,6,6,3,-1,-1,-1,-1,-1,-1,-1,-1,0,-1
2020010242733,2020,010242733,2,9,0,99,99,9,9,99,99,9,9,99,9,99,9,9,6,6,3,50,8,-1,-1,-1,-1,2,E01000599,0,-1
2020340W09382,2020,340W09382,2,21,1,18,19,7,3,0,0,0,0,0,0,0,0,1,6,6,3,-1,-1,-1,-1,-1,-1,-1,-1,0,-1
2020610031520,2020,610031520,1,9,0,18,19,4,2,0,0,1,0,0,0,0,2,1,6,6,1,-1,-1,-1,-1,-1,-1,5,W01001566,0,-1
2020430282456,2020,430282456,1,9,0,18,19,2,6,0,0,0,0,0,0,0,1,1,6,6,3,-1,-1,-1,-1,-1,-1,-1,-1,0,-1
202006Q175416,2020,06Q175416,2,1,0,18,19,1,5,0,0,8,0,0,0,0,3,1,2,2,1,58,9,-1,-1,-1,-1,2,E01005438,0,-1
2020440331200,2020,440331200,2,9,0,18,19,4,8,0,0,8,0,0,0,0,1,1,6,6,1,61,9,-1,-1,-1,-1,3,E01022670,0,-1
2020410993172,2020,410993172,3,9,0,2,2,0,0,0,0,0,0,0,0,0,2,1,6,6,3,-1,-1,-1,-1,-1,-1,-1,-1,0,-1
2020010284368,2020,010284368,2,9,0,5,5,3,7,0,0,8,0,0,0,0,1,1,2,2,1,19,4,-1,-1,-1,-1,-1,-1,0,-1
2020440221999,2020,440221999,1,9,0,18,19,7,3,0,0,0,2,0,1,4,4,1,1,1,1,23,5,-1,-1,-1,-1,2,E01015341,0,-1
202060Y094333,2020,60Y094333,2,1,0,18,19,6,2,0,0,8,0,0,0,0,4,1,6,6,1,29,6,-1,-1,-1,-1,-1,-1,0,-1
2020370943937,2020,370943937,4,9,0,2,2,0,0,0,0,0,0,0,0,0,2,1,5,6,1,38,7,-1,-1,-1,-1,2,E01029969,0,-1
2020010255359,2020,010255359,1,1,9,99,99,9,9,99,99,9,9,99,9,99,9,1,6,6,1,54,8,-1,-1,-1,-1,8,E01000962,0,-1
2020440090219,2020,440090219,1,9,0,18,19,6,2,0,0,1,0,0,0,0,3,1,2,2,1,26,6,-1,-1,-1,-1,4,E01017277,0,-1
2020340N04282,2020,340N04282,1,-1,0,18,19,5,1,0,0,8,5,0,0,0,0,1,4,7,2,19,4,-1,-1,-1,-1,2,E01027223,1,-1
2020400933691,2020,400933691,1,9,0,18,19,-1,-1,0,0,0,0,0,0,0,0,1,6,6,3,-1,-1,-1,-1,-1,-1,-1,-1,0,-1
202031A162120,2020,31A162120,2,9,0,18,19,7,3,0,0,0,0,0,0,0,0,1,6,6,3,-1,-1,-1,-1,-1,-1,-1,-1,0,-1
202060Y179576,2020,60Y179576,2,9,0,2,2,0,0,0,0,0,0,0,0,0,3,1,6,6,1,32,6,-1,-1,-1,-1,-1,-1,0,-1
2020010251537,2020,010251537,1,1,9,99,99,9,9,99,99,0,9,99,9,99,9,1,6,6,2,43,7,-1,-1,-1,-1,3,E01003145,0,-1
2020040998059,2020,040998059,3,9,0,2,2,1,5,0,0,0,0,0,0,0,4,1,6,6,3,-1,-1,-1,-1,-1,-1,-1,-1,0,-1
2020320131914,2020,320131914,3,1,0,18,19,5,1,0,0,1,0,0,0,0,1,1,6,6,1,21,5,-1,-1,-1,-1,6,E01028075,0,-1
2020052001939,2020,052001939,1,1,0,18,19,3,7,0,0,8,1,0,0,0,1,1,6,6,1,21,5,-1,-1,-1,-1,1,E01006442,0,-1
2020010250262,2020,010250262,1,1,9,99,99,9,9,99,99,9,9,99,9,99,9,-1,6,6,1,54,8,-1,-1,-1,-1,9,E01003860,0,-1
2020461014845,2020,461014845,1,1,0,18,19,3,7,0,0,1,0,0,0,0,1,1,6,6,1,-1,-1,-1,-1,-1,-1,-1,-1,0,-1
2020522002802,2020,522002802,2,19,0,18,19,7,3,0,0,1,0,0,0,0,1,1,6,6,1,30,6,-1,-1,-1,-1,-1,-1,0,-1
2020470960614,2020,470960614,2,1,0,17,19,1,7,0,0,2,0,8,0,0,1,1,6,6,1,47,8,-1,-1,-1,-1,7,E01020970,0,-1
202063A018920,2020,63A018920,2,1,0,18,19,8,4,0,0,1,0,0,0,0,1,1,6,6,1,43,7,-1,-1,-1,-1,8,W01000704,0,-1
202006F170040,2020,06F170040,1,9,0,13,13,4,8,0,0,0,0,0,0,0,4,1,6,6,3,-1,-1,-1,-1,-1,-1,-1,-1,0,-1
202060Y079032,2020,60Y079032,2,9,0,12,12,2,6,0,0,0,0,0,0,0,2,1,6,6,1,28,6,-1,-1,-1,-1,-1,-1,0,-1
2020030968361,2020,030968361,1,5,0,18,19,1,5,0,0,0,0,0,0,0,0,1,6,6,1,36,7,-1,-1,-1,-1,-1,-1,0,-1
2020440030954,2020,440030954,2,9,0,18,19,1,5,0,0,8,0,0,0,0,1,1,6,6,1,36,7,-1,-1,-1,-1,4,E01017262,0,-1
2020220976090,2020,220976090,1,1,0,18,19,3,7,0,0,0,0,0,0,0,1,1,5,6,1,7,2,-1,-1,-1,-1,2,E01013993,0,-1
2020430010072,2020,430010072,2,9,0,18,19,4,8,0,0,0,0,0,0,0,2,1,6,6,1,-1,-1,-1,-1,-1,-1,-1,-1,0,-1
2020440293357,2020,440293357,2,19,0,4,4,6,2,0,0,0,0,0,0,0,2,1,6,6,3,-1,-1,-1,-1,-1,-1,-1,-1,0,-1
2020010240549,2020,010240549,1,1,9,99,99,9,9,99,99,9,9,99,9,99,9,-1,2,2,1,45,7,-1,-1,-1,-1,6,E01000219,0,-1
2020010263375,2020,010263375,1,1,9,99,99,9,9,99,99,9,9,99,9,99,9,1,2,2,1,32,6,-1,-1,-1,-1,6,E01001138,0,-1
2020040915485,2020,040915485,3,9,0,2,2,0,0,8,6,2,0,0,0,0,1,1,6,6,3,-1,-1,-1,-1,-1,-1,-1,-1,0,-1
2020990980130,2020,990980130,1,9,0,7,7,1,4,0,0,1,0,0,0,0,0,1,6,6,1,-1,-1,-1,-1,-1,-1,-1,-1,0,-1
2020010230668,2020,010230668,1,1,0,5,5,5,1,0,0,2,5,0,0,0,3,-1,2,2,2,28,6,-1,-1,-1,-1,3,E01003979,0,-1
2020010273036,2020,010273036,2,9,0,99,99,9,9,99,99,0,9,99,9,99,2,9,6,6,3,-1,-1,-1,-1,-1,-1,-1,-1,0,-1
2020040937473,2020,040937473,3,9,0,2,2,0,0,9,9,0,0,4,0,0,2,1,6,6,3,-1,-1,-1,-1,-1,-1,-1,-1,0,-1
2020470982378,2020,470982378,1,20,0,5,5,1,5,0,0,1,0,0,0,0,2,1,3,7,2,59,9,-1,-1,-1,-1,4,E01016890,0,-1
2020440435271,2020,440435271,1,1,0,18,19,2,6,4,4,6,0,0,0,0,1,1,1,1,2,27,6,-1,-1,-1,-1,3,E01017080,0,-1
2020440004602,2020,440004602,1,9,0,18,19,6,2,0,0,0,0,0,1,0,3,1,6,6,2,63,9,-1,-1,-1,-1,3,E01002923,0,-1
2020200933071,2020,200933071,1,9,0,7,7,4,6,0,0,6,0,0,0,0,1,1,6,6,3,-1,-1,-1,-1,-1,-1,-1,-1,0,-1
2020010239904,2020,010239904,1,1,9,99,99,9,9,99,99,9,9,99,9,99,1,1,6,6,1,44,7,-1,-1,-1,-1,4,E01003278,0,-1
2020100982456,2020,100982456,1,9,0,5,5,1,3,0,0,0,0,0,0,0,1,1,6,6,1,30,6,-1,-1,-1,-1,-1,-1,0,-1
2020421003056,2020,421003056,1,21,1,18,19,1,5,0,0,0,0,0,0,0,1,1,6,6,3,-1,-1,-1,-1,-1,-1,-1,-1,0,-1
2020010284537,2020,010284537,3,9,0,5,5,1,5,0,0,1,0,0,0,0,1,1,2,2,1,55,8,-1,-1,-1,-1,5,E01000337,0,-1
2020340N00672,2020,340N00672,2,1,0,18,19,7,3,0,0,3,0,0,0,0,3,1,2,2,1,37,7,-1,-1,-1,-1,2,E01027228,0,-1
2020440192222,2020,440192222,1,1,0,18,19,6,2,0,0,0,0,4,0,0,1,1,6,6,1,39,7,-1,-1,-1,-1,10,E01023035,0,-1
2020460948942,2020,460948942,1,9,0,13,13,7,3,0,0,0,0,0,0,0,0,1,6,6,3,-1,-1,-1,-1,-1,-1,-1,-1,0,-1
2020520001945,2020,520001945,1,1,0,18,19,6,2,0,0,0,0,0,1,0,4,1,6,6,1,42,7,-1,-1,-1,-1,9,E01014851,0,-1
2020010285365,2020,010285365,2,19,0,99,99,9,9,99,99,2,9,99,9,99,9,9,6,6,3,-1,-1,-1,-1,-1,-1,-1,-1,0,-1
20201379L1481,2020,1379L1481,1,19,0,18,19,4,8,0,0,0,0,0,0,0,4,1,6,6,3,-1,-1,-1,-1,-1,-1,-1,-1,0,-1