collision_index,collision_year,collision_ref_no,vehicle_reference,vehicle_type,towing_and_articulation,vehicle_manoeuvre_historic,vehicle_manoeuvre,vehicle_direction_from,vehicle_direction_to,vehicle_location_restricted_lane_historic,vehicle_location_restricted_lane,junction_location,skidding_and_overturning,hit_object_in_carriageway,vehicle_leaving_carriageway,hit_object_off_carriageway,first_point_of_impact,vehicle_left_hand_drive,journey_purpose_of_driver_historic,journey_purpose_of_driver,sex_of_driver,age_of_driver,age_band_of_driver,engine_capacity_cc,propulsion_code,age_of_vehicle,generic_make_model,driver_imd_decile,lsoa_of_driver,escooter_flag,driver_distance_banding
2020991007993,2020,991007993,1,1,0,18,19,2,5,0,0,0,0,0,0,0,1,1,1,1,1,40,7,-1,-1,-1,-1,6,-1,0,-1
2020010267792,2020,010267792,2,9,0,99,99,9,9,99,99,9,9,99,9,99,9,9,6,6,3,-1,-1,-1,-1,-1,-1,-1,-1,0,-1
2020010278799,2020,010278799,2,19,0,99,99,9,9,99,99,4,9,99,9,99,1,9,6,6,3,-1,-1,-1,-1,-1,-1,4,E01002304,0,-1
2020220940184,2020,220940184,2,1,0,14,14,7,3,0,0,8,0,0,0,0,1,1,5,6,1,54,8,-1,-1,-1,-1,7,E01032344,0,-1
2020440205997,2020,440205997,2,3,0,18,19,8,4,0,0,0,0,0,7,0,4,1,2,2,1,43,7,-1,-1,-1,-1,2,E01017241,0,-1
2020440394615,2020,440394615,1,9,0,4,4,3,7,0,0,0,1,0,0,0,1,1,6,6,2,29,6,-1,-1,-1,-1,8,E01007594,0,-1
2020340S07932,2020,340S07932,2,9,0,18,19,6,2,0,0,0,0,0,0,0,0,1,6,6,3,-1,-1,-1,-1,-1,-1,-1,-1,0,-1
2020010258565,2020,010258565,2,1,0,3,3,1,5,0,0,1,0,0,0,0,2,1,6,6,1,14,3,-1,-1,-1,-1,2,E01004230,0,-1
2020622000079,2020,622000079,1,9,0,1,1,4,8,0,0,1,0,0,0,0,2,1,6,6,3,-1,-1,-1,-1,-1,-1,-1,-1,0,-1
2020010264296,2020,010264296,2,9,0,99,99,9,9,99,99,9,9,99,9,99,9,9,6,6,3,-1,-1,-1,-1,-1,-1,-1,-1,0,-1
202060Y003317,2020,60Y003317,2,9,0,2,2,0,0,0,0,0,0,0,0,0,2,1,6,6,2,68,10,-1,-1,-1,-1,-1,-1,0,-1
2020052001144,2020,052001144,1,9,0,7,7,6,7,0,0,8,0,0,0,0,4,1,6,6,3,-1,-1,-1,-1,-1,-1,-1,-1,0,-1
2020010274062,2020,010274062,1,1,9,99,99,9,9,99,99,9,9,99,9,99,1,1,2,2,1,38,7,-1,-1,-1,-1,4,E01002970,0,-1
2020052000978,2020,052000978,1,10,0,18,19,4,8,0,0,8,0,0,0,0,1,1,1,1,1,-1,-1,-1,-1,-1,-1,-1,-1,0,-1
2020010254039,2020,010254039,2,-1,0,17,19,7,3,0,0,0,0,0,0,0,3,1,6,6,1,15,3,-1,-1,-1,-1,3,E01003109,1,-1
2020430214184,2020,430214184,2,9,0,18,19,4,8,0,0,8,0,0,0,0,1,1,6,6,3,-1,-1,-1,-1,-1,-1,-1,-1,0,-1
2020450925029,2020,450925029,2,9,0,5,5,7,3,0,0,0,0,0,0,0,3,1,6,6,3,51,8,-1,-1,-1,-1,-1,-1,0,-1
2020430366700,2020,430366700,2,3,0,18,19,3,7,0,0,1,0,0,0,0,4,1,2,2,1,31,6,-1,-1,-1,-1,5,E01028530,0,-1
2020200950403,2020,200950403,2,1,0,18,19,8,4,0,0,3,0,0,0,0,2,1,2,2,1,44,7,-1,-1,-1,-1,3,E01010055,0,-1
2020010265149,2020,010265149,1,1,9,99,99,9,9,99,99,9,9,99,9,99,1,1,2,2,1,41,7,-1,-1,-1,-1,6,E01000267,0,-1
2020210999987,2020,210999987,2,1,0,9,9,3,2,0,0,4,0,0,0,0,3,1,6,6,1,59,9,-1,-1,-1,-1,5,E01014239,0,-1
2020110930150,2020,110930150,1,9,0,18,19,3,7,0,0,2,2,0,0,0,1,1,6,6,2,23,5,-1,-1,-1,-1,6,E01032560,0,-1
2020010270317,2020,010270317,2,1,5,18,19,2,6,0,0,0,0,0,0,0,1,1,1,1,1,51,8,-1,-1,-1,-1,2,E01033491,0,-1
2020010240846,2020,010240846,2,1,0,18,19,5,1,0,0,1,0,0,0,0,2,1,6,6,2,56,9,-1,-1,-1,-1,2,E01033597,0,-1
2020500969150,2020,500969150,2,1,0,18,19,1,5,0,0,0,0,0,0,0,4,1,5,6,1,51,8,-1,-1,-1,-1,4,E01020320,0,-1
2020201019455,2020,201019455,1,9,0,18,19,8,4,0,0,0,0,0,0,0,1,1,6,6,1,-1,-1,-1,-1,-1,-1,-1,-1,0,-1
2020500967878,2020,500967878,2,1,0,17,19,5,2,0,0,8,0,0,0,0,3,1,5,6,1,59,9,-1,-1,-1,-1,5,E01026870,0,-1
2020332000869,2020,332000869,1,9,0,18,19,5,1,0,0,0,0,0,0,0,1,1,6,6,1,20,4,-1,-1,-1,-1,-1,-1,0,-1
2020030930008,2020,030930008,1,9,0,18,19,1,5,0,0,0,0,11,1,0,1,1,6,6,3,-1,-1,-1,-1,-1,-1,-1,-1,0,-1
2020471009672,2020,471009672,1,9,0,12,12,5,1,0,0,0,0,0,0,0,3,1,6,6,3,-1,-1,-1,-1,-1,-1,-1,-1,0,-1
2020010239961,2020,010239961,2,1,0,14,14,6,2,0,0,0,0,0,0,0,1,1,1,1,1,45,7,-1,-1,-1,-1,2,E01001791,0,-1
2020990944603,2020,990944603,2,1,0,18,19,8,4,0,0,0,0,0,0,0,4,1,6,6,1,28,6,-1,-1,-1,-1,8,-1,0,-1
2020400966455,2020,400966455,2,22,0,18,19,2,6,9,9,2,0,0,0,0,4,1,6,6,1,75,10,-1,-1,-1,-1,5,E01017569,0,-1
2020010252297,2020,010252297,2,9,0,99,99,9,9,99,99,9,9,99,9,99,9,9,6,6,3,-1,-1,-1,-1,-1,-1,-1,-1,0,-1
2020370955936,2020,370955936,2,1,0,18,19,7,3,0,0,2,0,0,0,0,2,1,6,6,1,41,7,-1,-1,-1,-1,4,E01030115,0,-1
2020430071109,2020,430071109,1,9,0,4,4,8,4,0,0,1,0,0,0,0,1,1,6,6,1,49,8,-1,-1,-1,-1,9,E01028793,0,-1
2020530989335,2020,530989335,1,19,0,9,9,4,2,0,0,1,0,0,0,0,3,1,6,6,1,67,10,-1,-1,-1,-1,10,E01022318,0,-1
2020990957223,2020,990957223,1,1,0,18,19,4,8,0,0,0,1,4,0,0,1,1,5,6,1,29,6,-1,-1,-1,-1,8,-1,0,-1
2020122001045,2020,122001045,2,1,0,9,9,7,3,0,0,8,1,0,0,0,3,1,6,6,1,15,3,-1,-1,-1,-1,1,E01027805,0,-1
2020450936121,2020,450936121,2,9,0,4,4,1,3,0,0,0,0,0,0,0,2,1,6,6,2,25,5,-1,-1,-1,-1,-1,-1,0,-1
2020052001366,2020,052001366,2,1,0,18,19,3,7,0,0,6,0,0,0,0,4,1,6,6,1,17,4,-1,-1,-1,-1,1,E01007133,0,-1
2020200985328,2020,200985328,1,9,0,7,7,2,4,0,0,6,0,4,0,0,1,1,6,6,3,-1,-1,-1,-1,-1,-1,-1,-1,0,-1
2020350986589,2020,350986589,1,1,0,17,19,1,5,0,0,8,0,11,0,0,-1,1,4,7,1,11,3,-1,-1,-1,-1,1,E01015593,0,-1
2020010228263,2020,010228263,1,1,9,99,99,9,9,99,99,0,9,99,9,99,9,1,6,6,1,56,9,-1,-1,-1,-1,4,E01000478,0,-1
2020010249893,2020,010249893,1,1,0,18,19,1,5,0,0,0,9,0,0,0,1,1,6,6,1,41,7,-1,-1,-1,-1,8,E01004121,0,-1
2020990973369,2020,990973369,5,9,0,18,19,4,8,0,0,0,0,0,0,0,1,1,1,1,1,46,8,-1,-1,-1,-1,3,-1,0,-1
2020610023520,2020,610023520,1,9,0,18,19,3,7,0,0,0,0,0,0,0,3,1,2,2,1,32,6,-1,-1,-1,-1,-1,-1,0,-1
2020200944680,2020,200944680,1,9,0,18,19,2,6,0,0,6,0,0,0,0,4,1,1,1,1,37,7,-1,-1,-1,-1,1,E01033643,0,-1
2020430041777,2020,430041777,2,9,0,18,19,2,6,0,0,1,0,0,0,0,1,1,6,6,2,-1,-1,-1,-1,-1,-1,5,E01016436,0,-1
2020010260150,2020,010260150,2,9,0,99,99,9,9,99,99,9,9,99,9,99,1,9,6,6,3,-1,-1,-1,-1,-1,-1,-1,-1,0,-1
2020470928676,2020,470928676,2,1,0,18,19,5,1,0,0,1,0,0,0,0,4,1,1,1,2,22,5,-1,-1,-1,-1,6,E01031784,0,-1
2020350940961,2020,350940961,2,1,0,18,19,1,5,0,0,0,5,0,1,0,2,1,2,2,1,33,6,-1,-1,-1,-1,8,E01018280,0,-1
2020500974007,2020,500974007,1,9,0,2,2,0,0,0,0,0,5,0,7,4,1,1,5,6,1,74,10,-1,-1,-1,-1,6,E01019938,0,-1
202031C004820,2020,31C004820,2,9,0,9,9,6,4,0,0,6,0,0,0,0,0,1,1,1,3,-1,-1,-1,-1,-1,-1,-1,-1,0,-1
2020430123051,2020,430123051,1,9,0,18,19,7,3,0,0,0,0,0,0,0,1,1,6,6,3,-1,-1,-1,-1,-1,-1,-1,-1,0,-1
2020070373207,2020,070373207,2,1,0,18,19,3,7,0,0,1,0,0,0,0,1,1,2,2,1,39,7,-1,-1,-1,-1,2,E01018477,0,-1
2020470933945,2020,470933945,2,1,0,18,19,6,2,0,0,0,0,0,0,0,1,1,6,6,2,44,7,-1,-1,-1,-1,2,E01016909,0,-1
2020230957687,2020,230957687,2,9,0,18,19,5,1,0,0,1,0,0,0,0,1,1,5,6,1,30,6,-1,-1,-1,-1,-1,-1,0,-1
2020430315845,2020,430315845,2,2,0,18,19,2,6,0,0,8,0,0,0,0,1,1,2,2,1,43,7,-1,-1,-1,-1,6,E01016574,0,-1
2020211018610,2020,211018610,3,9,0,18,19,8,3,0,0,0,0,0,0,0,1,1,6,6,1,50,8,-1,-1,-1,-1,6,E01028842,0,-1
2020052001119,2020,052001119,1,9,0,9,9,7,4,0,0,8,0,0,0,0,0,1,6,6,3,-1,-1,-1,-1,-1,-1,-1,-1,0,-1
2020430272691,2020,430272691,2,9,0,9,9,7,6,0,0,6,0,0,0,0,4,1,6,6,1,-1,-1,-1,-1,-1,-1,-1,-1,0,-1
2020010262917,2020,010262917,2,1,0,18,19,1,5,0,0,0,0,0,0,0,2,1,6,6,1,18,4,-1,-1,-1,-1,4,E01002624,0,-1
2020400962416,2020,400962416,2,1,0,4,4,2,7,0,0,0,5,0,0,0,2,1,5,6,1,66,10,-1,-1,-1,-1,8,E01017468,0,-1
2020461006092,2020,461006092,1,19,-1,12,12,4,8,0,0,0,0,0,0,0,2,1,6,6,3,-1,-1,-1,-1,-1,-1,-1,-1,0,-1
2020420982765,2020,420982765,2,9,0,2,2,0,0,6,6,0,0,0,0,0,2,1,6,6,3,-1,-1,-1,-1,-1,-1,-1,-1,0,-1
2020052001999,2020,052001999,1,9,0,1,1,7,3,0,0,0,0,0,0,0,2,1,6,6,3,-1,-1,-1,-1,-1,-1,-1,-1,0,-1
2020361010564,2020,361010564,2,1,0,18,19,8,4,0,0,0,0,0,0,0,4,1,6,6,1,32,6,-1,-1,-1,-1,6,E01026446,0,-1
2020610022220,2020,610022220,2,9,0,18,19,1,0,0,0,1,0,0,0,0,0,1,6,6,1,-1,-1,-1,-1,-1,-1,-1,-1,0,-1
2020610014720,2020,610014720,2,8,0,18,19,3,7,0,0,1,0,0,0,0,1,1,6,6,1,51,8,-1,-1,-1,-1,5,W01001644,0,-1
2020430054861,2020,430054861,1,9,0,17,19,3,1,0,0,0,0,0,0,0,4,1,6,6,1,-1,-1,-1,-1,-1,-1,-1,-1,0,-1
2020522001798,2020,522001798,1,9,0,18,19,3,7,0,0,0,2,0,0,0,1,1,6,6,1,21,5,-1,-1,-1,-1,4,E01014928,0,-1
2020010274173,2020,010274173,2,1,0,18,19,5,1,0,0,8,0,0,0,0,1,1,2,2,1,38,7,-1,-1,-1,-1,3,E01002878,0,-1
2020052002435,2020,052002435,1,9,0,18,19,5,1,0,0,1,0,0,0,0,2,1,6,6,3,-1,-1,-1,-1,-1,-1,-1,-1,0,-1
2020010248522,2020,010248522,1,1,9,99,99,9,9,99,99,9,9,99,9,99,1,1,2,2,1,30,6,-1,-1,-1,-1,5,E01001902,0,-1
202031C009020,2020,31C009020,1,9,0,18,19,6,2,0,0,2,0,0,0,0,1,1,6,6,3,-1,-1,-1,-1,-1,-1,-1,-1,0,-1
2020010242578,2020,010242578,1,10,0,99,99,9,9,99,99,0,9,99,9,99,2,9,6,6,3,-1,-1,-1,-1,-1,-1,-1,-1,0,-1
2020430151010,2020,430151010,1,1,0,18,19,7,3,0,0,2,0,0,0,0,1,1,6,6,1,43,7,-1,-1,-1,-1,10,E01017865,0,-1
2020440322625,2020,440322625,1,2,0,18,19,1,5,0,0,0,0,0,0,0,3,1,6,6,1,17,4,-1,-1,-1,-1,10,E01022720,0,-1
202060Y136850,2020,60Y136850,1,2,0,18,19,2,6,0,0,2,0,0,3,11,1,1,6,6,1,57,9,-1,-1,-1,-1,-1,-1,0,-1
20201379T0509,2020,1379T0509,1,9,0,18,19,4,8,0,0,0,0,0,0,0,0,1,6,6,3,-1,-1,-1,-1,-1,-1,-1,-1,0,-1
2020332000851,2020,332000851,1,9,0,4,4,1,5,0,0,1,0,0,0,0,1,1,6,6,2,81,11,-1,-1,-1,-1,8,E01025672,0,-1
2020451009828,2020,451009828,2,9,0,2,2,7,3,6,6,0,0,0,0,0,3,1,6,6,3,-1,-1,-1,-1,-1,-1,-1,-1,0,-1
2020170S11360,2020,170S11360,1,1,0,18,19,3,7,0,0,8,0,0,0,0,1,1,4,7,1,14,3,-1,-1,-1,-1,2,E01012217,0,-1
2020010282703,2020,010282703,2,1,0,18,19,7,3,0,0,1,5,0,0,0,1,1,2,2,1,36,7,-1,-1,-1,-1,6,E01033463,0,-1
2020010272363,2020,010272363,2,1,0,18,19,7,3,0,0,1,0,0,0,0,1,1,6,6,1,53,8,-1,-1,-1,-1,10,E01002960,0,-1
2020137BA0374,2020,137BA0374,1,19,0,18,19,1,5,0,0,0,0,0,0,0,1,1,6,6,3,-1,-1,-1,-1,-1,-1,-1,-1,0,-1
2020400932202,2020,400932202,1,9,0,17,19,1,5,0,0,0,0,4,0,0,1,1,2,2,2,-1,-1,-1,-1,-1,-1,-1,-1,0,-1
2020122001239,2020,122001239,1,1,0,18,19,8,4,0,0,8,0,0,0,0,4,1,6,6,1,23,5,-1,-1,-1,-1,5,E01033070,0,-1
2020430242283,2020,430242283,1,9,0,18,19,0,0,0,0,0,0,0,0,0,4,1,1,1,1,38,7,-1,-1,-1,-1,4,E01016448,0,-1
2020332000608,2020,332000608,4,9,0,8,8,3,5,0,0,1,0,0,0,0,2,1,2,2,2,52,8,-1,-1,-1,-1,9,E01025617,0,-1
2020430409111,2020,430409111,3,3,0,17,19,5,1,0,0,8,0,0,0,0,0,1,6,6,1,24,5,-1,-1,-1,-1,9,E01028749,0,-1
2020990986462,2020,990986462,2,1,0,18,19,6,3,0,0,8,0,0,0,0,1,1,5,6,1,31,6,-1,-1,-1,-1,3,-1,0,-1
2020010251337,2020,010251337,2,9,9,99,99,9,9,99,99,0,9,99,9,99,1,9,6,6,3,-1,-1,-1,-1,-1,-1,-1,-1,0,-1
2020460946160,2020,460946160,1,2,0,9,9,5,2,0,0,8,0,0,0,0,3,1,6,6,3,-1,-1,-1,-1,-1,-1,-1,-1,0,-1
2020360967551,2020,360967551,1,9,4,18,19,7,3,0,0,0,0,0,0,0,-1,1,1,1,1,46,8,-1,-1,-1,-1,7,E01026883,0,-1
2020530969352,2020,530969352,1,1,0,9,9,7,3,0,0,6,0,0,0,0,3,1,5,6,1,13,3,-1,-1,-1,-1,-1,-1,0,-1
2020100974657,2020,100974657,4,9,0,2,2,0,0,6,6,0,0,0,0,0,1,1,6,6,3,-1,-1,-1,-1,-1,-1,-1,-1,0,-1
2020440401220,2020,440401220,2,1,0,17,19,3,7,0,0,8,0,0,0,0,4,1,2,2,1,33,6,-1,-1,-1,-1,3,E01032738,0,-1
2020137961021,2020,137961021,1,17,0,18,19,1,5,0,0,0,0,0,0,0,1,1,6,6,1,-1,-1,-1,-1,-1,-1,-1,-1,0,-1
2020360940547,2020,360940547,2,1,0,18,19,3,5,0,0,1,0,0,0,0,1,1,6,6,1,14,3,-1,-1,-1,-1,7,E01026810,0,-1
2020332000542,2020,332000542,1,19,0,18,19,2,6,0,0,0,0,0,0,0,1,1,2,2,3,44,7,-1,-1,-1,-1,2,E01013605,0,-1
2020201005857,2020,201005857,2,9,0,18,19,4,8,0,0,1,0,0,0,0,4,1,6,6,2,35,6,-1,-1,-1,-1,1,E01010272,0,-1
2020010275564,2020,010275564,2,1,0,9,9,7,5,0,0,6,5,0,0,0,4,1,2,2,2,35,6,-1,-1,-1,-1,2,E01002056,0,-1
2020010273136,2020,010273136,2,3,0,18,19,3,7,0,0,1,0,0,0,0,3,1,6,6,1,22,5,-1,-1,-1,-1,3,E01002543,0,-1
2020122001003,2020,122001003,1,1,0,18,19,3,7,0,0,1,0,0,1,1,1,1,2,2,1,27,6,-1,-1,-1,-1,7,E01013346,0,-1
2020410931471,2020,410931471,2,1,0,18,19,1,5,5,5,1,0,0,0,0,1,1,5,6,1,14,3,-1,-1,-1,-1,5,E01023643,0,-1
2020031009662,2020,031009662,2,1,0,3,3,0,0,0,0,0,0,0,0,0,2,1,1,1,1,41,7,-1,-1,-1,-1,3,E01019184,0,-1
2020010272242,2020,010272242,2,1,0,18,19,5,1,0,0,8,0,0,0,0,4,1,2,2,1,52,8,-1,-1,-1,-1,6,E01002668,0,-1
2020010277549,2020,010277549,2,9,0,99,99,9,9,99,99,9,9,99,9,99,1,9,6,6,3,-1,-1,-1,-1,-1,-1,-1,-1,0,-1
2020010270264,2020,010270264,1,9,0,18,19,7,3,0,0,6,0,10,1,11,3,1,6,6,1,25,5,-1,-1,-1,-1,3,E01003549,0,-1
2020332000382,2020,332000382,2,9,0,18,19,1,5,0,0,4,0,0,0,0,1,1,6,6,3,-1,-1,-1,-1,-1,-1,-1,-1,0,-1
2020440305325,2020,440305325,1,9,0,7,7,8,2,0,0,5,0,4,0,0,1,1,6,6,1,17,4,-1,-1,-1,-1,5,E01017044,0,-1
2020010283763,2020,010283763,2,-1,0,99,99,9,9,0,0,2,0,99,9,0,9,9,6,6,2,-1,-1,-1,-1,-1,-1,-1,-1,1,-1
20201379F0973,2020,1379F0973,2,1,0,18,19,2,6,0,0,8,0,0,0,0,1,1,6,6,1,41,7,-1,-1,-1,-1,7,E01011119,0,-1
2020010229180,2020,010229180,1,1,9,99,99,9,9,99,99,9,9,99,9,99,1,1,2,2,1,35,6,-1,-1,-1,-1,8,E01033493,0,-1
2020530982773,2020,530982773,2,1,0,9,9,5,1,0,0,4,0,0,0,0,2,1,2,2,1,27,6,-1,-1,-1,-1,10,E01022103,0,-1
2020122000664,2020,122000664,1,9,0,18,19,2,6,0,0,8,0,0,0,0,3,1,6,6,3,-1,-1,-1,-1,-1,-1,-1,-1,0,-1
202060Y176565,2020,60Y176565,1,9,0,18,19,4,8,0,0,0,5,0,7,4,1,1,2,2,1,24,5,-1,-1,-1,-1,-1,-1,0,-1
2020440246829,2020,440246829,1,1,0,13,13,4,8,0,0,0,0,0,0,0,4,1,6,6,1,15,3,-1,-1,-1,-1,4,E01017305,0,-1
2020201021188,2020,201021188,1,9,0,3,3,5,1,0,0,1,0,0,0,0,1,1,6,6,1,-1,-1,-1,-1,-1,-1,-1,-1,0,-1
2020420992004,2020,420992004,2,9,0,18,19,2,1,0,0,0,0,0,0,0,3,1,5,6,1,23,5,-1,-1,-1,-1,4,E01000472,0,-1
202060Y120094,2020,60Y120094,2,3,0,16,19,2,6,0,0,0,0,0,0,0,1,1,6,6,1,15,3,-1,-1,-1,-1,-1,-1,0,-1
2020010260461,2020,010260461,2,1,0,18,19,3,7,0,0,1,0,0,0,0,4,1,1,1,1,28,6,-1,-1,-1,-1,2,E01001773,0,-1
2020340D04002,2020,340D04002,2,21,1,4,4,5,1,0,0,0,0,0,0,0,0,1,1,1,1,30,6,-1,-1,-1,-1,-1,-1,0,-1
2020990970615,2020,990970615,2,9,0,10,10,3,7,0,0,1,0,0,0,0,2,1,5,6,1,73,10,-1,-1,-1,-1,7,-1,0,-1
2020542842120,2020,542842120,1,1,0,18,19,4,8,5,5,0,0,0,0,0,1,1,6,6,1,20,4,-1,-1,-1,-1,-1,-1,0,-1
2020430163811,2020,430163811,2,9,0,18,19,5,1,0,0,1,0,0,0,0,1,1,1,1,1,29,6,-1,-1,-1,-1,3,E01016452,0,-1
2020030978915,2020,030978915,1,90,0,18,19,8,4,0,0,0,5,4,0,0,1,1,5,6,1,18,4,-1,-1,-1,-1,4,E01019276,0,-1
2020052002124,2020,052002124,1,9,0,5,5,7,3,0,0,0,0,0,0,0,1,1,6,6,3,-1,-1,-1,-1,-1,-1,-1,-1,0,-1
2020332000639,2020,332000639,1,9,0,18,19,2,6,0,0,6,0,0,0,0,4,1,6,6,2,22,5,-1,-1,-1,-1,6,E01026244,0,-1
2020010258257,2020,010258257,1,9,0,18,19,1,5,0,0,1,0,0,0,0,1,1,6,6,3,-1,-1,-1,-1,-1,-1,-1,-1,0,-1
2020010258101,2020,010258101,2,9,0,99,99,9,9,99,99,9,9,99,9,99,1,9,6,6,3,-1,-1,-1,-1,-1,-1,-1,-1,0,-1
2020470959856,2020,470959856,2,1,0,18,19,3,8,0,0,8,0,0,0,0,2,1,6,6,2,19,4,-1,-1,-1,-1,10,E01031678,0,-1
2020010281894,2020,010281894,2,1,0,18,19,3,7,0,0,1,0,0,0,0,1,1,2,2,2,20,4,-1,-1,-1,-1,2,E01001754,0,-1
2020010282780,2020,010282780,2,9,0,18,19,4,8,0,0,1,0,0,0,0,1,1,6,6,3,-1,-1,-1,-1,-1,-1,-1,-1,0,-1
2020320495989,2020,320495989,2,1,0,18,19,3,7,0,0,8,0,0,0,0,3,1,6,6,1,65,9,-1,-1,-1,-1,7,E01026319,0,-1
2020010256520,2020,010256520,2,9,0,99,99,9,9,99,99,9,9,99,9,99,1,9,6,6,3,-1,-1,-1,-1,-1,-1,-1,-1,0,-1
2020470944781,2020,470944781,1,1,0,18,19,6,2,0,0,0,0,0,0,0,1,1,5,6,1,61,9,-1,-1,-1,-1,6,E01021125,0,-1
2020371003702,2020,371003702,2,1,0,18,19,5,2,0,0,8,0,0,0,0,4,1,2,2,1,59,9,-1,-1,-1,-1,1,E01030249,0,-1
2020470967145,2020,470967145,2,9,0,2,2,0,0,0,0,0,0,0,0,0,3,1,6,6,3,-1,-1,-1,-1,-1,-1,-1,-1,0,-1
2020552000902,2020,552000902,1,1,0,18,19,6,2,0,0,0,0,0,0,0,1,1,6,6,1,51,8,-1,-1,-1,-1,10,E01022928,0,-1
2020010277272,2020,010277272,1,9,9,99,99,9,9,0,0,9,9,99,9,99,9,9,6,6,3,-1,-1,-1,-1,-1,-1,-1,-1,0,-1
2020122000560,2020,122000560,1,1,0,15,15,1,5,0,0,0,0,0,0,0,1,1,6,6,2,43,7,-1,-1,-1,-1,8,E01027738,0,-1
2020990959675,2020,990959675,2,1,0,18,19,1,5,0,0,1,0,0,0,0,3,1,5,6,1,58,9,-1,-1,-1,-1,6,-1,0,-1
2020140976883,2020,140976883,1,1,0,9,9,8,1,0,0,6,0,0,0,0,2,1,6,6,1,13,3,-1,-1,-1,-1,7,E01007867,0,-1
2020140971967,2020,140971967,2,1,0,7,7,6,8,0,0,2,0,0,0,0,0,1,6,6,2,36,7,-1,-1,-1,-1,5,E01007853,0,-1
2020052002571,2020,052002571,1,19,0,18,19,7,3,0,0,1,0,0,0,0,1,1,6,6,3,-1,-1,-1,-1,-1,-1,-1,-1,0,-1
2020010250080,2020,010250080,3,1,0,18,19,5,1,0,0,1,0,0,0,0,1,1,6,6,2,62,9,-1,-1,-1,-1,2,E01001485,0,-1
2020010276920,2020,010276920,1,9,0,99,99,9,9,99,99,9,9,99,9,99,2,1,6,6,3,-1,-1,-1,-1,-1,-1,-1,-1,0,-1
2020070288774,2020,070288774,1,1,0,9,9,8,4,0,0,0,0,0,0,0,0,1,6,6,1,72,10,-1,-1,-1,-1,4,E01005295,0,-1
2020460926297,2020,460926297,1,10,-1,11,11,7,3,0,0,3,0,0,0,0,3,1,6,6,1,-1,-1,-1,-1,-1,-1,-1,-1,0,-1
2020430425776,2020,430425776,2,9,0,5,5,5,1,0,0,0,0,0,0,0,1,1,6,6,2,-1,-1,-1,-1,-1,-1,-1,-1,0,-1
2020110997510,2020,110997510,2,1,0,18,19,1,5,0,0,1,0,0,0,0,1,1,6,6,2,47,8,-1,-1,-1,-1,3,E01012355,0,-1
2020160946330,2020,160946330,2,1,0,18,19,5,1,0,0,0,0,0,0,0,3,1,6,6,1,11,3,-1,-1,-1,-1,-1,-1,0,-1
2020220953293,2020,220953293,3,1,0,14,14,8,4,0,0,0,0,4,0,0,3,1,1,1,1,18,4,-1,-1,-1,-1,6,E01032403,0,-1
2020010264598,2020,010264598,2,9,0,18,19,7,3,0,0,1,0,0,0,0,1,1,6,6,3,-1,-1,-1,-1,-1,-1,-1,-1,0,-1
2020140962818,2020,140962818,2,1,0,18,19,2,6,0,0,0,0,0,0,0,1,1,6,6,2,43,7,-1,-1,-1,-1,4,E01007342,0,-1
2020010286589,2020,010286589,2,9,4,99,99,9,9,99,99,9,9,99,9,99,0,9,6,6,3,-1,-1,-1,-1,-1,-1,-1,-1,0,-1
2020450965121,2020,450965121,2,1,0,18,19,1,5,0,0,8,0,0,0,0,2,1,5,6,1,46,8,-1,-1,-1,-1,7,E01030410,0,-1
2020622000178,2020,622000178,2,9,0,18,19,4,8,0,0,0,0,0,0,0,1,1,6,6,1,45,7,-1,-1,-1,-1,7,W01001040,0,-1
2020500995724,2020,500995724,2,9,0,18,19,2,6,0,0,1,0,0,0,0,1,1,6,6,3,-1,-1,-1,-1,-1,-1,-1,-1,0,-1
2020010268033,2020,010268033,1,9,0,7,7,1,3,0,0,5,0,0,0,0,3,1,6,6,3,-1,-1,-1,-1,-1,-1,-1,-1,0,-1
2020430216520,2020,430216520,1,21,0,18,19,2,6,0,0,0,1,2,0,0,4,1,6,6,1,53,8,-1,-1,-1,-1,6,E01016304,0,-1
2020332000257,2020,332000257,2,9,0,18,19,2,6,0,0,6,0,0,0,0,3,1,6,6,2,19,4,-1,-1,-1,-1,5,E01013766,0,-1
2020460959405,2020,460959405,1,90,0,18,19,1,5,0,0,0,0,0,0,0,1,1,6,6,1,30,6,-1,-1,-1,-1,4,E01024132,0,-1
2020140951302,2020,140951302,5,9,0,2,2,5,1,0,0,2,0,0,0,0,2,1,6,6,3,-1,-1,-1,-1,-1,-1,-1,-1,0,-1
2020990967549,2020,990967549,2,1,0,7,7,2,5,0,0,8,0,0,0,0,2,1,6,6,2,42,7,-1,-1,-1,-1,10,-1,0,-1
2020010246715,2020,010246715,1,1,9,99,99,9,9,99,99,9,9,99,9,99,1,1,6,6,1,39,7,-1,-1,-1,-1,3,E01002084,0,-1
2020137AU1175,2020,137AU1175,2,1,0,18,19,6,2,0,0,0,0,0,0,0,3,1,6,6,2,7,2,-1,-1,-1,-1,1,E01011745,0,-1
2020420985300,2020,420985300,2,1,0,18,19,2,6,9,9,0,2,0,0,0,4,1,5,6,1,28,6,-1,-1,-1,-1,7,E01021524,0,-1
2020460949830,2020,460949830,1,9,0,18,19,3,7,0,0,0,0,12,0,0,1,1,6,6,1,41,7,-1,-1,-1,-1,4,E01024086,0,-1
2020010275746,2020,010275746,2,1,0,18,19,1,5,0,0,0,0,0,0,0,1,1,6,6,1,48,8,-1,-1,-1,-1,2,E01003576,0,-1
202031C097020,2020,31C097020,2,1,0,18,19,4,8,0,0,8,0,0,0,0,1,1,2,2,1,27,6,-1,-1,-1,-1,2,E01013957,0,-1
202063C034620,2020,63C034620,2,1,0,16,19,6,1,0,0,2,0,0,0,0,1,1,6,6,2,8,2,-1,-1,-1,-1,7,W01000565,0,-1
2020990961060,2020,990961060,2,19,0,3,3,7,3,0,0,0,0,4,0,0,2,1,1,1,1,49,8,-1,-1,-1,-1,9,-1,0,-1
2020070753519,2020,070753519,1,9,0,9,9,1,1,6,6,0,0,0,0,2,1,1,6,6,2,47,8,-1,-1,-1,-1,9,E01018474,0,-1