collision_index,collision_year,collision_ref_no,vehicle_reference,vehicle_type,towing_and_articulation,vehicle_manoeuvre_historic,vehicle_manoeuvre,vehicle_direction_from,vehicle_direction_to,vehicle_location_restricted_lane_historic,vehicle_location_restricted_lane,junction_location,skidding_and_overturning,hit_object_in_carriageway,vehicle_leaving_carriageway,hit_object_off_carriageway,first_point_of_impact,vehicle_left_hand_drive,journey_purpose_of_driver_historic,journey_purpose_of_driver,sex_of_driver,age_of_driver,age_band_of_driver,engine_capacity_cc,propulsion_code,age_of_vehicle,generic_make_model,driver_imd_decile,lsoa_of_driver,escooter_flag,driver_distance_banding
2020360999423,2020,360999423,1,9,0,16,19,4,7,0,0,0,0,0,0,0,0,1,6,6,3,-1,-1,-1,-1,-1,-1,-1,-1,0,-1
202006L176109,2020,06L176109,2,9,0,10,10,7,5,0,0,8,0,0,0,0,2,1,1,1,2,43,7,-1,-1,-1,-1,-1,-1,0,-1
2020220979707,2020,220979707,2,1,0,10,10,4,2,0,0,8,0,0,0,0,3,1,5,6,1,17,4,-1,-1,-1,-1,8,E01032221,0,-1
2020461002860,2020,461002860,1,19,1,18,19,7,3,0,0,0,0,0,0,0,3,1,6,6,1,24,5,-1,-1,-1,-1,-1,-1,0,-1
2020990975181,2020,990975181,1,9,0,10,10,2,7,0,0,0,0,0,0,0,3,1,6,6,1,30,6,-1,-1,-1,-1,-1,-1,0,-1
2020332000800,2020,332000800,2,9,0,18,19,6,2,0,0,0,0,0,0,0,0,1,6,6,1,-1,-1,-1,-1,-1,-1,-1,-1,0,-1
2020041004462,2020,041004462,2,9,0,2,2,0,0,0,0,0,0,4,0,0,3,1,6,6,3,-1,-1,-1,-1,-1,-1,-1,-1,0,-1
2020030978915,2020,030978915,2,9,0,2,2,0,0,0,0,0,0,0,0,0,2,1,6,6,1,61,9,-1,-1,-1,-1,9,E01019300,0,-1
2020302001707,2020,302001707,1,9,0,18,19,5,1,0,0,1,1,0,0,0,1,1,6,6,3,-1,-1,-1,-1,-1,-1,5,E01019456,0,-1
2020010282426,2020,010282426,2,1,0,15,15,3,7,0,0,8,5,0,0,0,3,1,6,6,1,39,7,-1,-1,-1,-1,7,E01004639,0,-1
2020200990288,2020,200990288,2,9,0,18,19,7,3,9,9,2,0,0,0,0,0,1,6,6,3,-1,-1,-1,-1,-1,-1,-1,-1,0,-1
2020010268941,2020,010268941,2,9,0,99,99,9,9,99,99,9,9,99,9,99,2,9,6,6,3,56,9,-1,-1,-1,-1,2,E01001943,0,-1
2020160987236,2020,160987236,1,3,0,18,19,5,1,0,0,0,0,0,0,0,4,1,6,6,1,17,4,-1,-1,-1,-1,-1,-1,0,-1
2020320085913,2020,320085913,2,1,0,18,19,3,7,0,0,0,0,0,0,0,0,1,6,6,1,18,4,-1,-1,-1,-1,4,E01026016,0,-1
2020460952250,2020,460952250,3,9,0,2,2,0,0,0,0,1,0,0,0,0,3,1,6,6,3,-1,-1,-1,-1,-1,-1,-1,-1,0,-1
2020010268183,2020,010268183,2,9,0,99,99,9,9,99,99,9,9,99,9,99,1,9,6,6,3,-1,-1,-1,-1,-1,-1,-1,-1,0,-1
202031C114520,2020,31C114520,2,1,0,18,19,5,1,0,0,8,0,0,0,0,1,1,6,6,1,38,7,-1,-1,-1,-1,9,E01028179,0,-1
2020531008405,2020,531008405,2,9,0,18,19,3,7,0,0,2,0,0,0,0,1,1,6,6,1,23,5,-1,-1,-1,-1,3,E01022134,0,-1
2020210986425,2020,210986425,2,2,0,18,19,5,1,0,0,0,0,0,0,0,4,1,6,6,1,18,4,-1,-1,-1,-1,6,E01029389,0,-1
2020211026338,2020,211026338,2,1,0,18,19,7,3,0,0,0,0,0,0,0,0,1,2,2,1,49,8,-1,-1,-1,-1,5,E01029365,0,-1
2020010269199,2020,010269199,2,9,0,99,99,9,9,99,99,9,9,99,9,99,9,9,6,6,3,-1,-1,-1,-1,-1,-1,-1,-1,0,-1
2020010281122,2020,010281122,2,19,0,99,99,9,9,99,99,9,9,99,9,99,1,9,6,6,3,-1,-1,-1,-1,-1,-1,-1,-1,0,-1
2020010261507,2020,010261507,2,1,0,18,19,5,1,0,0,1,0,0,0,0,3,1,6,6,1,27,6,-1,-1,-1,-1,5,E01003955,0,-1
2020420953472,2020,420953472,1,9,0,5,5,7,2,8,6,0,0,0,0,0,1,1,6,6,3,-1,-1,-1,-1,-1,-1,-1,-1,0,-1
2020350924482,2020,350924482,2,9,0,2,2,1,1,0,0,0,0,4,0,0,2,1,6,6,2,60,9,-1,-1,-1,-1,4,E01018046,0,-1
2020470986649,2020,470986649,4,9,0,10,10,1,7,0,0,8,0,0,0,0,0,1,6,6,3,-1,-1,-1,-1,-1,-1,-1,-1,0,-1
2020360950597,2020,360950597,2,1,0,2,2,1,5,0,0,0,0,0,0,0,2,1,5,6,2,58,9,-1,-1,-1,-1,6,E01026872,0,-1
2020220960623,2020,220960623,1,1,0,5,5,6,2,0,0,1,0,0,0,0,1,1,5,6,1,20,4,-1,-1,-1,-1,-1,-1,0,-1
2020040948410,2020,040948410,1,9,0,15,15,3,7,0,0,0,0,0,0,0,3,1,6,6,3,-1,-1,-1,-1,-1,-1,-1,-1,0,-1
2020990979451,2020,990979451,1,1,0,18,19,1,5,0,0,0,0,0,0,0,1,1,5,6,1,16,4,-1,-1,-1,-1,10,-1,0,-1
2020052002460,2020,052002460,1,1,0,18,19,1,5,0,0,8,0,0,0,0,2,1,6,6,1,28,6,-1,-1,-1,-1,6,E01006438,0,-1
2020200985102,2020,200985102,1,9,0,5,5,8,4,0,0,1,0,0,0,0,1,1,6,6,1,-1,-1,-1,-1,-1,-1,-1,-1,0,-1
2020450949319,2020,450949319,1,1,0,18,19,1,1,0,0,0,0,0,0,0,0,1,6,6,1,48,8,-1,-1,-1,-1,8,E01030373,0,-1
2020451002285,2020,451002285,2,1,0,18,19,2,6,0,0,5,0,0,8,0,4,1,5,6,1,61,9,-1,-1,-1,-1,9,E01003462,0,-1
2020332000338,2020,332000338,1,9,0,18,19,8,4,0,0,0,0,0,0,0,1,1,6,6,2,-1,-1,-1,-1,-1,-1,-1,-1,0,-1
2020010244610,2020,010244610,1,11,0,18,19,-1,-1,0,0,8,0,0,0,0,1,1,6,6,3,-1,-1,-1,-1,-1,-1,-1,-1,0,-1
202006N172586,2020,06N172586,1,2,0,18,19,6,2,0,0,8,0,0,0,0,4,1,6,6,1,27,6,-1,-1,-1,-1,8,E01005000,0,-1
2020010232547,2020,010232547,2,4,0,18,19,1,5,0,0,6,5,0,0,0,1,-1,1,1,1,22,5,-1,-1,-1,-1,2,E01003968,0,-1
2020440065089,2020,440065089,1,4,0,16,19,4,8,0,0,0,1,0,0,0,3,1,1,1,1,38,7,-1,-1,-1,-1,8,E01030920,0,-1
2020010246236,2020,010246236,3,19,0,99,99,9,9,99,99,9,9,99,9,99,9,9,6,6,3,-1,-1,-1,-1,-1,-1,-1,-1,0,-1
2020332000505,2020,332000505,1,9,0,1,1,6,2,0,0,0,0,0,0,0,2,1,1,1,1,46,8,-1,-1,-1,-1,3,E01029448,0,-1
2020501007179,2020,501007179,1,1,0,16,19,1,3,0,0,8,1,0,0,0,0,1,5,6,1,73,10,-1,-1,-1,-1,7,E01018899,0,-1
2020010283723,2020,010283723,2,1,0,18,19,1,5,3,2,1,0,0,0,0,4,1,2,2,1,52,8,-1,-1,-1,-1,1,E01003087,0,-1
2020420994164,2020,420994164,3,9,0,4,4,4,8,0,0,0,0,0,0,0,2,1,6,6,3,-1,-1,-1,-1,-1,-1,-1,-1,0,-1
2020470984609,2020,470984609,1,9,0,7,7,4,6,0,0,8,0,0,0,0,1,1,6,6,2,-1,-1,-1,-1,-1,-1,-1,-1,0,-1
2020100950158,2020,100950158,1,1,0,18,19,3,8,0,0,0,0,0,0,0,1,1,5,6,1,52,8,-1,-1,-1,-1,5,E01008879,0,-1
2020332000522,2020,332000522,2,9,0,3,3,4,8,0,0,4,0,0,0,0,2,1,2,2,2,36,7,-1,-1,-1,-1,-1,-1,0,-1
2020460974491,2020,460974491,2,19,0,18,19,1,5,0,0,0,0,0,0,0,3,1,6,6,1,-1,-1,-1,-1,-1,-1,-1,-1,0,-1
2020010246539,2020,010246539,2,1,0,9,9,3,1,0,0,1,0,0,0,0,0,1,6,6,2,28,6,-1,-1,-1,-1,7,E01002569,0,-1
2020522002247,2020,522002247,1,1,0,18,19,7,3,0,0,0,0,0,0,0,3,1,6,6,1,36,7,-1,-1,-1,-1,7,E01032677,0,-1
2020041001481,2020,041001481,1,9,0,18,19,3,7,0,0,8,0,0,0,0,1,1,6,6,3,-1,-1,-1,-1,-1,-1,-1,-1,0,-1
2020220958822,2020,220958822,2,9,0,17,19,6,3,0,0,8,0,0,0,0,1,1,5,6,2,35,6,-1,-1,-1,-1,2,E01014105,0,-1
2020302000356,2020,302000356,1,1,0,18,19,4,8,0,0,6,0,0,0,0,1,1,4,7,1,13,3,-1,-1,-1,-1,6,E01013507,0,-1
2020990970776,2020,990970776,2,1,0,18,19,3,7,0,0,1,0,0,0,0,1,1,6,6,1,25,5,-1,-1,-1,-1,10,-1,0,-1
2020400917705,2020,400917705,1,90,0,18,19,1,5,0,0,4,0,0,0,0,1,1,6,6,3,-1,-1,-1,-1,-1,-1,-1,-1,0,-1
2020010247941,2020,010247941,1,1,9,99,99,9,9,99,99,9,9,99,9,99,2,1,2,2,1,17,4,-1,-1,-1,-1,2,E01032787,0,-1
2020470996983,2020,470996983,1,21,1,9,9,5,3,0,0,8,0,0,0,0,3,2,1,1,1,55,8,-1,-1,-1,-1,-1,-1,0,-1
2020052001478,2020,052001478,2,90,0,18,19,2,6,0,0,0,5,0,0,0,3,1,6,6,1,42,7,-1,-1,-1,-1,1,E01006844,0,-1
2020010235950,2020,010235950,1,1,9,99,99,9,9,99,99,9,9,99,9,99,9,1,2,2,1,37,7,-1,-1,-1,-1,4,E01004002,0,-1
202006P371963,2020,06P371963,2,1,0,18,19,5,1,0,0,1,0,0,0,0,1,1,6,6,1,73,10,-1,-1,-1,-1,3,E01005524,0,-1
2020461008715,2020,461008715,1,9,0,18,19,1,5,0,0,1,0,0,0,0,1,1,6,6,2,41,7,-1,-1,-1,-1,7,E01024743,0,-1
2020010274707,2020,010274707,2,1,9,99,99,9,9,99,99,9,9,99,9,99,9,1,6,6,1,-1,-1,-1,-1,-1,-1,-1,-1,0,-1
202006P270444,2020,06P270444,1,9,0,18,19,2,6,0,0,0,0,0,0,0,4,1,6,6,3,-1,-1,-1,-1,-1,-1,-1,-1,0,-1
2020470939978,2020,470939978,3,9,0,2,2,0,0,6,6,1,0,0,0,0,1,1,6,6,3,-1,-1,-1,-1,-1,-1,-1,-1,0,-1
2020030976356,2020,030976356,2,1,0,18,19,5,3,0,0,8,0,0,0,0,1,1,6,6,1,51,8,-1,-1,-1,-1,5,E01019201,0,-1
2020440030938,2020,440030938,1,1,0,18,19,8,4,0,0,0,0,0,0,0,3,1,4,7,1,12,3,-1,-1,-1,-1,1,E01017040,0,-1
2020430096263,2020,430096263,1,9,0,18,19,1,5,0,0,1,0,0,0,0,1,1,6,6,3,-1,-1,-1,-1,-1,-1,-1,-1,0,-1
2020010250489,2020,010250489,3,9,0,5,5,0,5,6,6,0,0,0,0,0,2,2,6,6,1,46,8,-1,-1,-1,-1,-1,-1,0,-1
202060Y017350,2020,60Y017350,2,9,0,1,1,1,7,0,0,6,0,0,0,0,2,1,6,6,1,58,9,-1,-1,-1,-1,-1,-1,0,-1
202060Y184552,2020,60Y184552,2,9,0,2,2,0,0,0,0,2,0,0,0,0,2,1,6,6,2,40,7,-1,-1,-1,-1,-1,-1,0,-1
2020470932370,2020,470932370,3,9,0,2,2,0,0,0,0,0,0,0,0,0,0,1,6,6,3,-1,-1,-1,-1,-1,-1,-1,-1,0,-1
2020430204056,2020,430204056,1,9,0,18,19,4,8,0,0,1,0,0,0,0,1,1,6,6,2,32,6,-1,-1,-1,-1,9,E01028649,0,-1
2020052000502,2020,052000502,1,11,0,18,19,8,4,0,0,0,0,0,0,0,9,1,1,1,3,-1,-1,-1,-1,-1,-1,-1,-1,0,-1
2020137220825,2020,137220825,1,9,0,16,19,6,8,0,0,0,2,0,1,11,1,1,6,6,1,48,8,-1,-1,-1,-1,6,E01010945,0,-1
2020440450867,2020,440450867,1,3,0,9,9,8,5,0,0,8,0,0,1,11,1,1,6,6,1,18,4,-1,-1,-1,-1,10,E01023200,0,-1
2020501005053,2020,501005053,3,9,0,3,3,5,1,0,0,0,0,0,0,0,2,1,6,6,1,57,9,-1,-1,-1,-1,4,E01015241,0,-1
2020122100026,2020,122100026,2,98,1,18,19,5,1,0,0,0,1,0,0,0,1,1,1,1,1,60,9,-1,-1,-1,-1,5,E01027776,0,-1
2020622000850,2020,622000850,1,5,0,18,19,4,8,6,6,0,1,0,4,2,1,1,6,6,1,70,10,-1,-1,-1,-1,7,W01000684,0,-1
20201375K0930,2020,1375K0930,1,1,0,18,19,3,7,0,0,0,0,0,0,0,1,1,6,6,1,56,9,-1,-1,-1,-1,3,E01010725,0,-1
2020360979528,2020,360979528,2,22,0,18,19,4,8,0,0,8,5,0,0,0,3,1,6,6,2,77,11,-1,-1,-1,-1,9,E01026500,0,-1
2020990967671,2020,990967671,1,8,0,9,9,3,1,4,4,8,0,0,0,0,1,1,6,6,3,20,4,-1,-1,-1,-1,-1,-1,0,-1
2020340S04302,2020,340S04302,2,1,0,9,9,8,7,0,0,3,5,0,0,0,0,1,6,6,1,33,6,-1,-1,-1,-1,8,E01027294,0,-1
2020160995225,2020,160995225,1,9,0,18,19,3,7,0,0,0,0,0,0,0,1,1,1,1,1,48,8,-1,-1,-1,-1,5,E01012772,0,-1
2020990971882,2020,990971882,2,1,0,18,19,7,3,0,0,1,0,0,0,0,1,1,5,6,1,40,7,-1,-1,-1,-1,7,-1,0,-1
2020332001005,2020,332001005,3,9,0,2,2,0,0,0,0,1,0,0,0,0,1,1,6,6,1,26,6,-1,-1,-1,-1,3,E01013786,0,-1
2020010275466,2020,010275466,1,1,9,99,99,9,9,99,99,9,9,99,9,99,2,1,6,6,1,50,8,-1,-1,-1,-1,6,E01004717,0,-1
2020010252244,2020,010252244,1,1,0,18,19,1,5,0,0,0,0,8,0,0,1,1,6,6,2,28,6,-1,-1,-1,-1,7,E01033093,0,-1
2020302000759,2020,302000759,2,4,0,16,19,8,4,0,0,0,0,0,0,0,3,1,6,6,1,49,8,-1,-1,-1,-1,1,E01005766,0,-1
2020137BD0838,2020,137BD0838,1,9,0,18,19,7,3,0,0,0,0,0,0,0,0,2,6,6,3,-1,-1,-1,-1,-1,-1,-1,-1,0,-1
2020552000243,2020,552000243,1,9,0,17,19,2,7,0,0,0,2,0,1,10,1,1,6,6,2,18,4,-1,-1,-1,-1,7,E01029178,0,-1
2020010237326,2020,010237326,1,19,0,18,19,7,3,0,0,0,0,0,0,0,2,1,6,6,1,32,6,-1,-1,-1,-1,3,E01004421,0,-1
2020140960190,2020,140960190,2,1,0,18,19,2,6,0,0,0,0,0,0,0,4,1,6,6,1,13,3,-1,-1,-1,-1,1,E01007851,0,-1
2020010238164,2020,010238164,2,9,0,99,99,9,9,99,99,9,9,99,9,99,1,9,6,6,3,-1,-1,-1,-1,-1,-1,-1,-1,0,-1
2020220968056,2020,220968056,2,1,0,18,19,2,6,9,9,8,0,0,0,0,1,1,5,6,1,45,7,-1,-1,-1,-1,5,E01032312,0,-1
2020010266367,2020,010266367,2,1,9,99,99,9,9,99,99,9,9,99,9,99,9,1,6,6,2,-1,-1,-1,-1,-1,-1,-1,-1,0,-1
2020440260941,2020,440260941,1,9,0,18,19,1,5,0,0,6,0,0,0,0,1,1,6,6,1,80,11,-1,-1,-1,-1,6,E01023081,0,-1
2020420977903,2020,420977903,1,9,0,18,19,2,7,0,0,0,0,0,0,0,2,1,6,6,1,-1,-1,-1,-1,-1,-1,-1,-1,0,-1
2020340D03702,2020,340D03702,2,19,0,4,4,1,5,0,0,0,0,0,0,0,2,1,1,1,1,50,8,-1,-1,-1,-1,4,E01004358,0,-1
2020122001257,2020,122001257,2,1,0,17,19,3,7,0,0,4,0,0,0,0,1,1,6,6,1,36,7,-1,-1,-1,-1,9,E01013431,0,-1
2020450963713,2020,450963713,1,1,0,18,19,4,8,0,0,0,0,0,0,0,0,1,5,6,1,53,8,-1,-1,-1,-1,7,E01002962,0,-1
2020010236055,2020,010236055,2,9,0,99,99,9,9,99,99,9,9,99,9,99,2,9,6,6,3,-1,-1,-1,-1,-1,-1,-1,-1,0,-1
202006L273290,2020,06L273290,2,9,0,7,7,1,3,0,0,2,0,0,0,0,3,1,6,6,2,51,8,-1,-1,-1,-1,1,E01006310,0,-1
2020100918597,2020,100918597,1,9,0,18,19,3,1,0,0,0,0,0,0,0,3,1,6,6,2,-1,-1,-1,-1,-1,-1,-1,-1,0,-1
2020440211186,2020,440211186,1,9,0,17,19,7,4,9,9,8,1,10,1,2,4,1,6,6,1,44,7,-1,-1,-1,-1,2,E01017202,0,-1
2020500991327,2020,500991327,1,9,0,9,9,3,1,0,0,2,0,0,0,0,1,1,5,6,1,23,5,-1,-1,-1,-1,5,E01020060,0,-1
2020010242269,2020,010242269,2,9,-1,-1,-1,-1,-1,-1,-1,0,-1,-1,9,-1,-1,9,-1,-1,3,-1,-1,-1,-1,-1,-1,-1,-1,0,-1
2020100991486,2020,100991486,2,1,0,18,19,4,8,9,9,8,0,0,0,0,3,1,5,6,1,10,2,-1,-1,-1,-1,1,E01008736,0,-1
2020410955575,2020,410955575,2,9,0,2,2,0,0,9,9,0,0,0,0,0,3,1,6,6,3,-1,-1,-1,-1,-1,-1,-1,-1,0,-1
2020010233987,2020,010233987,2,9,0,18,19,-1,-1,0,0,0,0,0,0,0,1,1,6,6,3,-1,-1,-1,-1,-1,-1,-1,-1,0,-1
2020470945461,2020,470945461,2,1,0,9,9,3,8,0,0,3,0,0,0,0,1,1,6,6,1,54,8,-1,-1,-1,-1,9,E01016940,0,-1
2020421007818,2020,421007818,1,90,-1,18,19,2,6,0,0,0,0,0,0,0,0,1,6,6,3,-1,-1,-1,-1,-1,-1,-1,-1,0,-1
2020430328731,2020,430328731,1,1,0,18,19,1,5,0,0,0,0,0,0,0,3,1,6,6,1,53,8,-1,-1,-1,-1,9,E01022547,0,-1
2020160971483,2020,160971483,2,97,0,7,7,7,1,0,0,2,0,0,0,0,0,1,6,6,1,26,6,-1,-1,-1,-1,1,E01012908,0,-1
2020430069128,2020,430069128,2,9,0,18,19,4,8,0,0,0,0,0,1,4,3,1,6,6,1,47,8,-1,-1,-1,-1,3,E01014141,0,-1
2020137BC0224,2020,137BC0224,2,19,0,10,10,5,3,0,0,8,0,0,0,0,0,1,2,2,3,-1,-1,-1,-1,-1,-1,-1,-1,0,-1
2020211026875,2020,211026875,2,9,0,2,2,4,-1,0,0,0,0,0,0,0,2,1,5,6,1,-1,-1,-1,-1,-1,-1,5,E01029595,0,-1
2020161005409,2020,161005409,2,1,0,18,19,6,2,0,0,0,0,0,0,0,1,1,4,7,1,10,2,-1,-1,-1,-1,10,E01013066,0,-1
2020370991323,2020,370991323,3,9,0,10,10,5,1,0,0,1,0,0,0,0,2,1,1,1,1,68,10,-1,-1,-1,-1,5,E01030286,0,-1
202031D152020,2020,31D152020,1,19,0,5,5,0,8,0,0,0,0,0,0,0,3,1,1,1,1,31,6,-1,-1,-1,-1,3,E01031006,0,-1
2020122000635,2020,122000635,1,1,0,18,19,1,5,0,0,0,0,0,0,0,1,1,2,2,2,24,5,-1,-1,-1,-1,9,E01013365,0,-1
2020010258694,2020,010258694,1,1,9,99,99,9,9,99,99,9,9,99,9,99,2,1,2,2,1,27,6,-1,-1,-1,-1,2,E01003310,0,-1
2020350928746,2020,350928746,2,1,0,11,11,4,8,0,0,0,0,0,0,0,2,1,2,2,2,37,7,-1,-1,-1,-1,8,E01017956,0,-1
2020440427592,2020,440427592,1,1,0,18,19,4,8,0,0,2,0,0,0,0,3,1,6,6,1,40,7,-1,-1,-1,-1,8,E01032615,0,-1
2020160992675,2020,160992675,3,9,0,2,2,0,0,0,0,2,0,0,0,0,3,1,6,6,3,-1,-1,-1,-1,-1,-1,-1,-1,0,-1
2020010282033,2020,010282033,2,1,0,15,15,5,1,0,0,2,0,0,0,0,3,1,6,6,2,76,11,-1,-1,-1,-1,9,E01003824,0,-1
2020160996997,2020,160996997,3,1,0,18,19,1,5,0,0,1,0,0,0,0,1,1,6,6,1,43,7,-1,-1,-1,-1,1,E01012867,0,-1
2020010254674,2020,010254674,2,9,0,99,99,9,9,99,99,9,9,99,9,99,2,9,6,6,3,-1,-1,-1,-1,-1,-1,-1,-1,0,-1
2020040963887,2020,040963887,1,98,0,18,19,7,3,0,0,0,0,0,0,0,1,2,6,6,3,-1,-1,-1,-1,-1,-1,-1,-1,0,-1
2020010286827,2020,010286827,2,1,0,18,19,3,7,0,0,1,0,0,0,0,1,1,1,1,2,27,6,-1,-1,-1,-1,5,E01003953,0,-1
2020010276593,2020,010276593,1,9,9,99,99,9,9,0,0,0,9,99,9,99,1,1,6,6,2,53,8,-1,-1,-1,-1,7,E01000883,0,-1
2020010282642,2020,010282642,1,9,0,99,99,9,9,0,0,9,0,0,0,0,9,1,6,6,3,-1,-1,-1,-1,-1,-1,-1,-1,0,-1
202060Y033277,2020,60Y033277,1,1,0,18,19,4,8,0,0,1,0,0,0,0,1,1,4,7,1,13,3,-1,-1,-1,-1,-1,-1,0,-1
2020332000804,2020,332000804,2,9,0,2,2,0,0,0,0,0,0,0,0,0,2,1,6,6,2,39,7,-1,-1,-1,-1,5,E01009591,0,-1
2020160945406,2020,160945406,1,1,0,18,19,5,1,0,0,0,5,0,0,0,3,1,2,2,2,18,4,-1,-1,-1,-1,1,E01012779,0,-1
2020332001224,2020,332001224,1,9,0,18,19,4,8,0,0,0,0,0,0,0,0,1,6,6,1,34,6,-1,-1,-1,-1,-1,-1,0,-1
2020420990157,2020,420990157,3,9,0,18,19,7,3,0,0,0,0,0,0,0,1,1,2,2,1,56,9,-1,-1,-1,-1,8,E01015960,0,-1
2020140979674,2020,140979674,3,98,1,4,4,6,3,0,0,1,0,0,0,0,0,1,6,6,3,-1,-1,-1,-1,-1,-1,-1,-1,0,-1
202060Y071059,2020,60Y071059,2,16,0,18,19,3,7,0,0,0,0,0,0,0,0,1,6,6,2,21,5,-1,-1,-1,-1,-1,-1,0,-1
2020450916587,2020,450916587,2,9,0,2,2,1,1,9,9,0,0,0,0,0,4,1,6,6,3,-1,-1,-1,-1,-1,-1,-1,-1,0,-1
2020340C03302,2020,340C03302,2,1,0,18,19,1,5,0,0,8,0,0,0,0,4,1,6,6,1,38,7,-1,-1,-1,-1,3,E01026959,0,-1
2020400991898,2020,400991898,2,-1,0,13,13,4,2,0,0,0,0,0,0,0,0,1,6,6,1,16,4,-1,-1,-1,-1,1,E01017466,1,-1
2020332000962,2020,332000962,2,9,0,18,19,7,3,0,0,8,0,0,0,0,1,1,6,6,1,26,6,-1,-1,-1,-1,1,E01013746,0,-1
2020010278308,2020,010278308,1,3,9,99,99,9,9,99,99,9,9,99,0,0,9,1,6,6,1,17,4,-1,-1,-1,-1,3,E01003250,0,-1
20201379D0957,2020,1379D0957,2,1,0,18,19,8,4,0,0,0,0,0,0,0,1,1,6,6,1,24,5,-1,-1,-1,-1,1,E01011725,0,-1
2020460974702,2020,460974702,2,9,0,2,2,0,0,0,0,1,0,0,0,0,4,1,5,6,1,-1,-1,-1,-1,-1,-1,1,E01024657,0,-1
2020302001462,2020,302001462,1,22,0,18,19,8,4,9,9,0,0,0,0,0,3,1,6,6,2,48,8,-1,-1,-1,-1,3,E01019826,0,-1
2020211007102,2020,211007102,1,9,0,5,5,6,2,0,0,7,0,0,0,0,2,1,6,6,3,-1,-1,-1,-1,-1,-1,-1,-1,0,-1
2020010253549,2020,010253549,2,9,0,9,9,1,7,2,2,8,0,0,0,0,1,1,6,6,3,-1,-1,-1,-1,-1,-1,-1,-1,0,-1
2020200995511,2020,200995511,1,9,0,9,9,-1,-1,0,0,6,0,0,0,0,1,1,6,6,1,-1,-1,-1,-1,-1,-1,-1,-1,0,-1
2020990953203,2020,990953203,2,1,0,16,19,1,5,0,0,1,0,0,0,0,1,1,5,6,1,55,8,-1,-1,-1,-1,7,-1,0,-1
2020010247194,2020,010247194,2,1,0,18,19,3,7,0,0,8,0,0,0,0,1,1,6,6,1,23,5,-1,-1,-1,-1,6,E01001387,0,-1
2020522003549,2020,522003549,1,9,0,1,1,3,6,0,0,5,0,0,0,0,2,1,1,1,1,46,8,-1,-1,-1,-1,4,E01014590,0,-1
2020200944567,2020,200944567,1,9,0,18,19,6,2,0,0,1,0,0,0,0,1,1,6,6,1,40,7,-1,-1,-1,-1,-1,-1,0,-1
2020500942249,2020,500942249,2,9,0,18,19,2,7,0,0,0,0,0,0,0,0,1,6,6,3,-1,-1,-1,-1,-1,-1,-1,-1,0,-1
2020501030916,2020,501030916,2,1,0,18,19,3,7,4,4,0,0,0,0,0,1,1,6,6,1,31,6,-1,-1,-1,-1,5,E01015174,0,-1
2020552000637,2020,552000637,1,9,0,18,19,1,5,0,0,0,0,0,0,0,1,1,1,1,1,52,8,-1,-1,-1,-1,10,E01020358,0,-1
2020470968295,2020,470968295,2,-1,0,18,19,4,8,0,0,8,0,0,0,0,1,1,5,6,1,29,6,-1,-1,-1,-1,1,E01020994,1,-1
2020430215382,2020,430215382,2,1,0,18,19,2,6,0,0,8,0,0,0,0,4,1,6,6,1,-1,-1,-1,-1,-1,-1,-1,-1,0,-1
2020552001114,2020,552001114,2,1,0,18,19,6,2,0,0,8,0,0,0,0,4,1,2,2,2,38,7,-1,-1,-1,-1,6,E01015331,0,-1
2020052001122,2020,052001122,2,1,0,18,19,6,8,0,0,0,0,0,0,0,1,1,6,6,1,34,6,-1,-1,-1,-1,1,E01007155,0,-1
2020201002059,2020,201002059,3,9,0,2,2,0,0,9,9,2,0,0,0,0,2,1,6,6,3,-1,-1,-1,-1,-1,-1,-1,-1,0,-1
2020040962790,2020,040962790,2,1,0,9,9,8,4,0,0,3,0,0,0,0,4,1,5,6,2,30,6,-1,-1,-1,-1,8,E01025542,0,-1
2020450931564,2020,450931564,1,21,1,18,19,3,7,0,0,0,0,0,1,4,1,2,1,1,1,62,9,-1,-1,-1,-1,-1,-1,0,-1
2020070382966,2020,070382966,2,1,0,5,5,5,6,0,0,2,0,0,0,0,4,1,6,6,1,12,3,-1,-1,-1,-1,3,E01012454,0,-1
2020430259368,2020,430259368,1,9,0,9,9,7,5,0,0,8,0,0,0,0,1,1,6,6,1,62,9,-1,-1,-1,-1,-1,-1,0,-1
2020400957699,2020,400957699,1,9,0,18,19,3,3,0,0,0,0,0,0,0,1,1,5,6,1,33,6,-1,-1,-1,-1,-1,-1,0,-1
20201374I1919,2020,1374I1919,2,19,0,4,4,1,5,0,0,1,0,0,0,0,1,1,1,1,1,60,9,-1,-1,-1,-1,6,E01011830,0,-1
2020500978519,2020,500978519,2,1,0,18,19,1,5,0,0,1,0,0,0,0,1,1,5,6,1,68,10,-1,-1,-1,-1,9,E01019900,0,-1
2020160962145,2020,160962145,2,9,0,2,2,0,0,0,0,0,0,0,0,0,1,1,6,6,3,-1,-1,-1,-1,-1,-1,-1,-1,0,-1
2020010243673,2020,010243673,1,1,9,99,99,9,9,99,99,9,9,99,9,99,9,-1,2,2,1,34,6,-1,-1,-1,-1,1,E01004250,0,-1
2020420951027,2020,420951027,1,1,0,18,19,6,2,0,0,1,0,0,0,0,1,1,6,6,1,72,10,-1,-1,-1,-1,-1,-1,0,-1
2020340S08602,2020,340S08602,1,9,0,7,7,1,3,0,0,6,0,0,0,0,3,1,6,6,1,76,11,-1,-1,-1,-1,8,E01027273,0,-1
2020501002599,2020,501002599,2,1,0,18,19,2,6,0,0,1,0,0,0,0,1,1,2,2,1,23,5,-1,-1,-1,-1,2,E01015053,0,-1
2020201013849,2020,201013849,1,9,0,7,7,-1,-1,-1,-1,-1,-1,0,0,0,0,1,6,6,3,-1,-1,-1,-1,-1,-1,-1,-1,0,-1
2020350953190,2020,350953190,2,1,0,18,19,7,5,0,0,0,0,0,0,0,4,1,5,6,2,66,10,-1,-1,-1,-1,5,E01018009,0,-1
2020010241909,2020,010241909,2,9,9,7,7,2,5,0,0,1,9,0,0,99,1,9,6,6,1,-1,-1,-1,-1,-1,-1,-1,-1,0,-1
2020430390784,2020,430390784,2,1,0,18,19,8,4,0,0,8,0,0,0,0,1,1,2,2,1,45,7,-1,-1,-1,-1,9,E01023811,0,-1
2020122000483,2020,122000483,2,1,0,18,19,3,7,0,0,0,0,0,0,0,0,1,6,6,1,68,10,-1,-1,-1,-1,5,E01027582,0,-1