collision_index,collision_year,collision_ref_no,vehicle_reference,vehicle_type,towing_and_articulation,vehicle_manoeuvre_historic,vehicle_manoeuvre,vehicle_direction_from,vehicle_direction_to,vehicle_location_restricted_lane_historic,vehicle_location_restricted_lane,junction_location,skidding_and_overturning,hit_object_in_carriageway,vehicle_leaving_carriageway,hit_object_off_carriageway,first_point_of_impact,vehicle_left_hand_drive,journey_purpose_of_driver_historic,journey_purpose_of_driver,sex_of_driver,age_of_driver,age_band_of_driver,engine_capacity_cc,propulsion_code,age_of_vehicle,generic_make_model,driver_imd_decile,lsoa_of_driver,escooter_flag,driver_distance_banding
2020461000279,2020,461000279,2,98,0,18,19,1,2,0,0,0,0,0,0,0,2,1,6,6,3,-1,-1,-1,-1,-1,-1,-1,-1,0,-1
2020040949166,2020,040949166,2,97,0,18,19,2,6,0,0,8,1,0,0,0,1,1,6,6,1,34,6,-1,-1,-1,-1,1,E01025171,0,-1
2020010251095,2020,010251095,1,1,9,99,99,9,9,99,99,0,9,99,9,99,9,1,6,6,1,28,6,-1,-1,-1,-1,7,E01016264,0,-1
2020332000978,2020,332000978,1,9,0,18,19,3,7,0,0,8,0,0,0,0,1,1,6,6,1,71,10,-1,-1,-1,-1,2,E01013742,0,-1
2020200947318,2020,200947318,2,9,0,4,4,4,8,0,0,1,0,0,0,0,1,1,6,6,2,50,8,-1,-1,-1,-1,-1,-1,0,-1
2020540204819,2020,540204819,1,4,0,18,19,7,3,0,0,0,1,0,0,0,1,1,1,1,1,25,5,-1,-1,-1,-1,3,E01029036,0,-1
202031C148420,2020,31C148420,2,1,0,18,19,3,7,0,0,6,0,0,0,0,1,1,6,6,2,18,4,-1,-1,-1,-1,2,E01013872,0,-1
2020471002683,2020,471002683,2,1,0,18,19,7,3,0,0,8,0,0,0,0,4,1,6,6,1,56,9,-1,-1,-1,-1,6,E01031484,0,-1
202006Q269987,2020,06Q269987,1,9,0,4,4,1,5,0,0,8,0,0,0,0,1,1,6,6,3,-1,-1,-1,-1,-1,-1,-1,-1,0,-1
2020010277841,2020,010277841,1,1,9,99,99,9,9,99,99,9,9,99,9,99,9,9,6,6,3,-1,-1,-1,-1,-1,-1,-1,-1,0,-1
2020010237788,2020,010237788,1,1,9,99,99,9,9,99,99,9,9,99,9,99,2,1,2,2,3,27,6,-1,-1,-1,-1,3,E01004391,0,-1
2020122000433,2020,122000433,1,9,0,18,19,2,6,0,0,8,0,0,0,0,1,1,6,6,3,-1,-1,-1,-1,-1,-1,-1,-1,0,-1
2020010250872,2020,010250872,1,19,4,9,9,1,6,0,0,8,0,0,0,0,1,1,1,1,1,56,9,-1,-1,-1,-1,5,W01000898,0,-1
2020137882173,2020,137882173,1,9,0,18,19,5,1,0,0,1,0,0,0,0,1,1,6,6,2,42,7,-1,-1,-1,-1,-1,-1,0,-1
2020140949686,2020,140949686,2,1,0,9,9,4,1,0,0,0,0,0,0,0,1,1,6,6,1,15,3,-1,-1,-1,-1,2,E01007531,0,-1
2020350950443,2020,350950443,1,9,0,18,19,7,3,0,0,4,0,4,7,0,1,1,6,6,3,-1,-1,-1,-1,-1,-1,-1,-1,0,-1
2020010230977,2020,010230977,1,1,9,99,99,9,9,99,99,9,9,99,9,99,1,1,2,2,2,23,5,-1,-1,-1,-1,5,E01002693,0,-1
2020210973072,2020,210973072,1,19,-1,-1,-1,-1,-1,-1,-1,0,-1,-1,-1,0,-1,1,6,6,1,-1,-1,-1,-1,-1,-1,-1,-1,0,-1
2020210985990,2020,210985990,3,9,0,2,2,0,0,0,0,0,0,0,0,0,4,1,6,6,3,-1,-1,-1,-1,-1,-1,-1,-1,0,-1
2020530972535,2020,530972535,1,1,0,7,7,2,6,0,0,1,0,0,0,0,3,1,6,6,1,17,4,-1,-1,-1,-1,9,E01022305,0,-1
2020070782805,2020,070782805,4,9,0,2,2,0,0,0,0,0,0,0,0,0,1,1,6,6,1,-1,-1,-1,-1,-1,-1,-1,-1,0,-1
2020010235471,2020,010235471,1,8,0,9,9,1,6,0,0,1,5,0,0,0,1,1,1,1,1,34,6,-1,-1,-1,-1,1,E01001356,0,-1
2020351015337,2020,351015337,1,9,0,18,19,1,5,0,0,8,0,0,0,0,1,1,6,6,1,46,8,-1,-1,-1,-1,9,E01018278,0,-1
2020010252149,2020,010252149,1,1,0,3,3,5,1,0,0,4,0,0,0,0,1,1,1,1,1,22,5,-1,-1,-1,-1,2,E01001001,0,-1
2020010247258,2020,010247258,2,1,0,18,19,2,6,0,0,1,2,0,0,0,1,1,6,6,1,59,9,-1,-1,-1,-1,9,E01003799,0,-1
2020500947122,2020,500947122,1,1,0,18,19,3,7,0,0,8,0,0,0,0,1,1,6,6,1,-1,-1,-1,-1,-1,-1,7,E01019025,0,-1
2020990955344,2020,990955344,2,21,0,18,19,6,2,0,0,2,2,0,0,0,1,1,1,1,1,56,9,-1,-1,-1,-1,2,-1,0,-1
2020200947731,2020,200947731,1,9,0,18,19,4,8,0,0,0,0,0,0,0,1,1,6,6,1,-1,-1,-1,-1,-1,-1,-1,-1,0,-1
2020122000769,2020,122000769,1,9,0,7,7,5,7,0,0,5,0,0,0,0,4,1,6,6,1,35,6,-1,-1,-1,-1,8,E01013166,0,-1
2020052000328,2020,052000328,2,1,0,18,19,5,1,0,0,1,0,0,0,0,1,1,4,7,1,14,3,-1,-1,-1,-1,1,E01007052,0,-1
2020400997174,2020,400997174,2,9,0,18,19,5,1,0,0,0,0,0,0,0,1,1,6,6,3,-1,-1,-1,-1,-1,-1,-1,-1,0,-1
2020421006099,2020,421006099,2,21,1,18,19,8,4,0,0,0,1,0,0,0,1,1,1,1,1,45,7,-1,-1,-1,-1,-1,-1,0,-1
2020552000294,2020,552000294,2,9,0,18,19,3,7,0,0,8,0,0,0,0,1,1,6,6,1,30,6,-1,-1,-1,-1,6,E01020471,0,-1
2020552000967,2020,552000967,1,90,0,18,19,8,4,0,0,0,0,0,0,0,1,1,6,6,3,-1,-1,-1,-1,-1,-1,-1,-1,0,-1
2020430161261,2020,430161261,1,9,0,18,19,3,7,0,0,1,0,0,0,0,1,1,6,6,1,30,6,-1,-1,-1,-1,5,E01016593,0,-1
2020201015752,2020,201015752,2,1,0,5,5,3,7,0,0,8,0,0,0,0,4,1,6,6,1,35,6,-1,-1,-1,-1,5,E01009032,0,-1
2020137A61907,2020,137A61907,1,9,0,9,9,3,1,0,0,6,0,0,0,0,1,1,6,6,3,-1,-1,-1,-1,-1,-1,-1,-1,0,-1
2020332000564,2020,332000564,1,9,0,2,2,0,0,0,0,0,0,0,0,0,3,1,2,2,1,32,6,-1,-1,-1,-1,3,E01028212,0,-1
2020420968580,2020,420968580,1,19,0,7,7,6,1,0,0,0,1,0,0,0,3,1,6,6,1,-1,-1,-1,-1,-1,-1,-1,-1,0,-1
2020040945559,2020,040945559,2,1,0,18,19,1,5,0,0,0,0,0,1,0,3,1,5,6,2,67,10,-1,-1,-1,-1,5,E01025479,0,-1
2020332000451,2020,332000451,1,9,0,18,19,4,8,0,0,0,0,0,1,11,1,1,6,6,1,42,7,-1,-1,-1,-1,3,E01025997,0,-1
2020522002379,2020,522002379,1,1,0,18,19,1,5,0,0,1,0,0,0,0,2,1,6,6,1,29,6,-1,-1,-1,-1,2,E01014578,0,-1
2020520000284,2020,520000284,1,9,0,5,5,8,4,0,0,3,0,0,0,0,2,1,6,6,2,55,8,-1,-1,-1,-1,8,E01019962,0,-1
2020141006327,2020,141006327,2,9,0,18,19,3,7,0,0,0,0,0,0,0,1,1,6,6,3,-1,-1,-1,-1,-1,-1,-1,-1,0,-1
2020010235875,2020,010235875,1,9,0,7,7,3,5,0,0,1,0,0,0,0,1,9,6,6,1,-1,-1,-1,-1,-1,-1,-1,-1,0,-1
2020010268182,2020,010268182,1,9,0,99,99,9,9,99,99,9,9,99,9,99,1,9,6,6,3,-1,-1,-1,-1,-1,-1,-1,-1,0,-1
2020332000907,2020,332000907,1,9,0,18,19,3,7,0,0,8,0,0,0,0,1,1,6,6,1,29,6,-1,-1,-1,-1,4,E01013494,0,-1
202031C000120,2020,31C000120,2,1,0,18,19,8,4,0,0,8,0,0,0,0,3,1,2,2,1,24,5,-1,-1,-1,-1,3,E01013971,0,-1
2020220998685,2020,220998685,2,1,0,18,19,7,3,0,0,0,0,0,0,0,3,1,5,6,1,25,5,-1,-1,-1,-1,4,E01014122,0,-1
2020430405013,2020,430405013,2,4,0,13,13,2,6,0,0,2,1,0,0,0,1,1,2,2,1,53,8,-1,-1,-1,-1,10,E01032727,0,-1
2020460983019,2020,460983019,2,1,0,18,19,3,7,0,0,0,0,0,0,0,2,1,5,6,1,37,7,-1,-1,-1,-1,10,E01032827,0,-1
2020201003415,2020,201003415,1,9,0,18,19,2,6,0,0,6,0,0,0,0,0,1,6,6,2,-1,-1,-1,-1,-1,-1,-1,-1,0,-1
2020450968739,2020,450968739,4,9,0,2,2,0,0,0,0,1,0,0,0,0,4,1,6,6,3,-1,-1,-1,-1,-1,-1,-1,-1,0,-1
2020070744830,2020,070744830,2,1,0,9,9,4,2,0,0,1,0,0,0,0,2,1,6,6,1,57,9,-1,-1,-1,-1,2,E01018539,0,-1
2020350966652,2020,350966652,2,9,0,9,9,7,5,0,0,0,0,0,0,0,4,1,5,6,1,18,4,-1,-1,-1,-1,8,E01018039,0,-1
202031D149020,2020,31D149020,2,9,0,18,19,1,5,0,0,8,0,0,0,0,4,1,2,2,1,54,8,-1,-1,-1,-1,1,E01013864,0,-1
2020440229723,2020,440229723,2,1,0,18,19,8,4,0,0,0,0,0,0,0,3,1,6,6,1,57,9,-1,-1,-1,-1,6,E01017072,0,-1
2020010238061,2020,010238061,2,98,0,99,99,9,9,99,99,9,9,99,9,99,1,9,6,6,1,53,8,-1,-1,-1,-1,-1,-1,0,-1
2020010258606,2020,010258606,1,1,0,18,19,1,5,0,0,0,0,0,0,0,1,1,6,6,1,18,4,-1,-1,-1,-1,5,E01003855,0,-1
2020500954962,2020,500954962,2,1,0,9,9,1,3,0,0,8,0,0,0,0,2,1,1,1,1,53,8,-1,-1,-1,-1,5,E01018935,0,-1
2020010233714,2020,010233714,2,1,0,18,19,5,1,0,0,1,0,0,0,0,2,1,6,6,2,60,9,-1,-1,-1,-1,1,E01001559,0,-1
2020500931928,2020,500931928,1,90,0,14,14,3,7,0,0,1,0,0,0,0,3,1,6,6,1,74,10,-1,-1,-1,-1,8,E01020089,0,-1
2020052000917,2020,052000917,1,1,0,18,19,1,5,0,0,6,1,0,0,0,1,1,6,6,1,17,4,-1,-1,-1,-1,1,E01007122,0,-1
2020052000404,2020,052000404,1,9,0,11,11,1,5,0,0,1,0,0,0,0,1,1,6,6,2,22,5,-1,-1,-1,-1,5,E01018651,0,-1
2020500943811,2020,500943811,2,9,0,18,19,1,5,0,0,0,0,0,0,0,1,1,5,6,1,70,10,-1,-1,-1,-1,5,E01018981,0,-1
2020010265256,2020,010265256,1,9,0,99,99,9,9,99,99,9,9,99,9,99,0,9,6,6,3,-1,-1,-1,-1,-1,-1,-1,-1,0,-1
202063D053920,2020,63D053920,2,1,0,18,19,5,1,0,0,8,0,0,0,0,1,1,6,6,1,41,7,-1,-1,-1,-1,8,W01000444,0,-1
2020010251890,2020,010251890,1,1,0,99,99,9,9,0,0,9,0,99,0,0,9,-1,6,6,1,28,6,-1,-1,-1,-1,8,E01003669,0,-1
2020450953394,2020,450953394,1,1,0,18,19,1,5,0,0,1,5,0,0,0,0,1,6,6,1,85,11,-1,-1,-1,-1,10,E01030388,0,-1
2020370941577,2020,370941577,1,9,0,18,19,7,3,0,0,0,0,0,0,0,1,1,1,1,1,32,6,-1,-1,-1,-1,6,E01029891,0,-1
2020031013268,2020,031013268,2,1,0,18,19,3,7,0,0,1,0,0,0,0,1,1,6,6,2,57,9,-1,-1,-1,-1,6,E01019235,0,-1
2020552000226,2020,552000226,2,1,0,12,12,1,5,0,0,0,0,0,0,0,1,1,6,6,1,30,6,-1,-1,-1,-1,9,E01020505,0,-1
2020010278917,2020,010278917,2,8,0,99,99,9,9,0,0,8,0,0,0,0,9,9,6,6,3,-1,-1,-1,-1,-1,-1,-1,-1,0,-1
2020400915007,2020,400915007,1,9,0,18,19,1,5,0,0,0,0,0,0,0,1,1,6,6,1,30,6,-1,-1,-1,-1,-1,-1,0,-1
2020110925306,2020,110925306,1,9,0,16,19,7,3,0,0,0,0,0,1,0,1,2,6,6,1,43,7,-1,-1,-1,-1,3,E01020729,0,-1
2020010253553,2020,010253553,2,1,0,17,19,7,3,0,0,8,0,0,0,0,1,1,6,6,1,58,9,-1,-1,-1,-1,5,E01001863,0,-1
2020010265807,2020,010265807,1,3,0,5,5,3,7,0,0,8,0,0,0,0,1,1,1,1,1,19,4,-1,-1,-1,-1,4,E01001285,0,-1
2020400923265,2020,400923265,2,1,0,18,19,3,7,0,0,8,0,0,0,0,4,1,5,6,1,27,6,-1,-1,-1,-1,4,E01017535,0,-1
202006A176703,2020,06A176703,1,9,0,18,19,7,3,0,0,0,0,0,0,0,1,1,6,6,3,-1,-1,-1,-1,-1,-1,-1,-1,0,-1
20201372K1162,2020,1372K1162,2,1,0,18,19,4,2,0,0,2,0,0,0,0,2,1,6,6,1,54,8,-1,-1,-1,-1,1,E01011375,0,-1
2020541874620,2020,541874620,1,9,0,18,19,8,4,0,0,0,1,0,0,0,3,1,6,6,2,26,6,-1,-1,-1,-1,8,E01015588,0,-1
202006F169363,2020,06F169363,1,19,0,18,19,1,5,0,0,8,0,0,0,0,1,1,6,6,1,29,6,-1,-1,-1,-1,4,E01005718,0,-1
2020010282293,2020,010282293,1,9,0,5,5,2,6,0,0,0,0,0,0,0,1,1,6,6,3,-1,-1,-1,-1,-1,-1,-1,-1,0,-1
2020052001329,2020,052001329,1,9,0,18,19,3,7,0,0,0,0,0,0,0,1,1,6,6,1,28,6,-1,-1,-1,-1,2,E01006536,0,-1
2020990937530,2020,990937530,1,1,0,18,19,3,7,0,0,0,0,0,0,0,3,1,5,6,1,61,9,-1,-1,-1,-1,10,-1,0,-1
202031C089620,2020,31C089620,1,9,0,18,19,4,8,0,0,1,0,0,0,0,1,1,6,6,3,-1,-1,-1,-1,-1,-1,-1,-1,0,-1
2020052001419,2020,052001419,2,1,0,18,19,1,6,0,0,8,0,0,0,0,3,1,6,6,1,52,8,-1,-1,-1,-1,1,E01006779,0,-1
2020010249202,2020,010249202,2,1,0,18,19,5,1,0,0,1,0,0,0,0,3,1,6,6,1,16,4,-1,-1,-1,-1,2,E01000951,0,-1
2020332000673,2020,332000673,2,9,0,9,9,2,8,0,0,5,0,0,0,0,2,1,1,1,1,24,5,-1,-1,-1,-1,3,E01025866,0,-1
2020137CF1433,2020,137CF1433,1,9,0,18,19,6,2,0,0,8,0,0,0,0,1,1,6,6,3,-1,-1,-1,-1,-1,-1,-1,-1,0,-1
2020100935403,2020,100935403,1,8,-1,5,5,7,3,0,0,1,0,0,0,0,1,1,1,1,3,-1,-1,-1,-1,-1,-1,-1,-1,0,-1
2020010268240,2020,010268240,2,9,0,9,9,5,3,0,0,8,0,0,0,0,3,1,6,6,3,-1,-1,-1,-1,-1,-1,-1,-1,0,-1
2020137AN1001,2020,137AN1001,1,1,0,18,19,3,7,9,9,1,0,0,0,0,1,1,4,7,1,15,3,-1,-1,-1,-1,5,E01011902,0,-1
2020552000684,2020,552000684,2,1,0,18,19,6,2,0,0,3,0,0,0,0,4,1,6,6,1,21,5,-1,-1,-1,-1,6,E01015410,0,-1
2020010286556,2020,010286556,1,8,0,99,99,9,9,99,99,9,9,99,9,99,1,9,6,6,3,-1,-1,-1,-1,-1,-1,-1,-1,0,-1
2020332000356,2020,332000356,2,9,0,9,9,7,5,0,0,5,0,0,0,0,2,1,6,6,2,52,8,-1,-1,-1,-1,7,E01025658,0,-1
2020332000876,2020,332000876,2,9,0,13,13,5,1,0,0,8,5,10,7,9,1,1,6,6,3,-1,-1,-1,-1,-1,-1,-1,-1,0,-1
2020122000848,2020,122000848,1,1,0,13,13,1,5,0,0,0,1,0,7,0,0,1,6,6,1,48,8,-1,-1,-1,-1,10,E01011570,0,-1
202060Y171387,2020,60Y171387,1,3,0,12,12,8,4,0,0,7,0,0,0,0,0,1,6,6,1,29,6,-1,-1,-1,-1,-1,-1,0,-1
202006F271985,2020,06F271985,1,1,0,18,19,8,4,0,0,8,0,0,0,0,4,1,2,2,1,35,6,-1,-1,-1,-1,2,E01005230,0,-1
2020010244519,2020,010244519,2,9,0,2,2,0,0,0,0,0,0,0,0,0,1,1,6,6,3,-1,-1,-1,-1,-1,-1,-1,-1,0,-1
2020522100887,2020,522100887,2,-1,0,18,19,1,5,0,0,0,0,8,0,0,1,1,6,6,2,35,6,-1,-1,-1,-1,1,E01033367,1,-1
2020332000752,2020,332000752,2,1,0,18,19,3,7,9,9,0,0,0,0,0,2,1,6,6,1,63,9,-1,-1,-1,-1,7,E01025985,0,-1
2020500988904,2020,500988904,2,1,0,5,5,7,3,0,0,4,0,0,0,0,1,1,6,6,1,18,4,-1,-1,-1,-1,-1,-1,0,-1
2020052002514,2020,052002514,1,1,0,18,19,3,7,0,0,0,0,0,0,0,1,1,6,6,1,-1,-1,-1,-1,-1,-1,-1,-1,0,-1
2020332000669,2020,332000669,3,9,0,18,19,3,7,0,0,0,0,0,0,0,2,1,6,6,2,58,9,-1,-1,-1,-1,6,E01025850,0,-1
2020440257826,2020,440257826,3,9,0,3,3,1,5,0,0,1,0,0,0,0,2,1,6,6,2,28,6,-1,-1,-1,-1,10,E01022683,0,-1
2020010244961,2020,010244961,2,9,0,99,99,9,9,99,99,9,9,99,9,99,9,9,6,6,3,-1,-1,-1,-1,-1,-1,-1,-1,0,-1
2020230946319,2020,230946319,2,9,0,18,19,8,4,0,0,0,0,0,0,0,0,1,5,6,3,25,5,-1,-1,-1,-1,-1,-1,0,-1
2020332000467,2020,332000467,1,9,0,18,19,2,6,0,0,8,0,0,0,0,4,1,6,6,1,28,6,-1,-1,-1,-1,2,E01013624,0,-1
2020211025730,2020,211025730,3,90,0,2,2,0,0,0,0,0,0,0,0,0,1,1,6,6,1,62,9,-1,-1,-1,-1,6,E01029621,0,-1
2020010269145,2020,010269145,1,9,0,99,99,9,9,99,99,9,9,99,9,99,9,9,6,6,3,-1,-1,-1,-1,-1,-1,-1,-1,0,-1
2020231006817,2020,231006817,1,1,0,18,19,3,7,0,0,8,0,0,0,0,1,1,5,6,1,39,7,-1,-1,-1,-1,10,E01031314,0,-1
2020100956324,2020,100956324,1,1,0,18,19,1,5,0,0,0,0,0,0,0,1,1,5,6,1,16,4,-1,-1,-1,-1,3,E01008337,0,-1
2020052002373,2020,052002373,2,1,0,18,19,7,3,0,0,0,0,0,0,0,2,1,6,6,1,22,5,-1,-1,-1,-1,1,E01006721,0,-1
2020420999811,2020,420999811,2,1,0,18,19,7,3,0,0,8,5,0,0,0,4,1,2,2,1,42,7,-1,-1,-1,-1,8,E01021719,0,-1
2020340D04202,2020,340D04202,3,9,0,18,19,3,7,0,0,0,0,0,0,0,0,1,6,6,3,-1,-1,-1,-1,-1,-1,-1,-1,0,-1
2020230981374,2020,230981374,2,9,0,3,3,2,6,0,0,0,0,0,0,0,2,1,6,6,1,25,5,-1,-1,-1,-1,7,E01031224,0,-1
2020201015393,2020,201015393,2,9,0,2,2,0,0,0,0,2,0,0,0,0,4,1,1,1,3,-1,-1,-1,-1,-1,-1,-1,-1,0,-1
2020010250027,2020,010250027,2,19,0,99,99,9,9,99,99,9,9,99,9,99,2,9,6,6,3,-1,-1,-1,-1,-1,-1,-1,-1,0,-1
2020160947803,2020,160947803,2,1,0,18,19,3,1,0,0,4,0,0,0,0,1,1,1,1,1,46,8,-1,-1,-1,-1,2,E01013206,0,-1
2020010286244,2020,010286244,3,9,0,17,19,6,2,0,0,0,0,0,0,0,4,1,6,6,3,-1,-1,-1,-1,-1,-1,-1,-1,0,-1
2020430326531,2020,430326531,2,1,0,18,19,1,5,0,0,0,0,0,0,0,2,1,6,6,1,40,7,-1,-1,-1,-1,7,E01016344,0,-1
202060Y043920,2020,60Y043920,1,21,1,18,19,6,2,0,0,0,0,0,0,0,4,1,1,1,1,46,8,-1,-1,-1,-1,-1,-1,0,-1
2020430003312,2020,430003312,3,19,0,9,9,7,5,0,0,1,0,0,0,0,2,1,1,1,1,60,9,-1,-1,-1,-1,7,E01016301,0,-1
2020141008558,2020,141008558,1,9,0,-1,-1,-1,-1,-1,-1,0,-1,-1,-1,0,-1,1,6,6,3,-1,-1,-1,-1,-1,-1,-1,-1,0,-1
2020010258380,2020,010258380,2,9,0,99,99,9,9,99,99,9,9,99,9,99,9,9,6,6,3,-1,-1,-1,-1,-1,-1,-1,-1,0,-1
2020440298072,2020,440298072,1,1,0,7,7,4,7,0,0,8,0,0,0,0,3,1,6,6,1,14,3,-1,-1,-1,-1,3,E01022899,0,-1
2020522005036,2020,522005036,2,1,0,14,14,5,1,0,0,1,0,0,0,0,3,1,6,6,1,6,2,-1,-1,-1,-1,10,E01014930,0,-1
2020141008025,2020,141008025,1,9,0,18,19,-1,-1,0,0,0,0,0,0,0,0,1,6,6,3,-1,-1,-1,-1,-1,-1,-1,-1,0,-1
2020010267269,2020,010267269,2,1,0,18,19,2,6,0,0,1,0,0,0,0,1,1,2,2,1,41,7,-1,-1,-1,-1,-1,-1,0,-1
2020200963257,2020,200963257,2,1,0,18,19,8,2,0,0,8,0,0,0,0,1,1,6,6,1,51,8,-1,-1,-1,-1,10,E01009461,0,-1
2020470930545,2020,470930545,1,9,0,17,19,5,8,0,0,0,0,0,0,0,1,1,6,6,3,-1,-1,-1,-1,-1,-1,-1,-1,0,-1
2020400997112,2020,400997112,3,9,0,3,3,7,3,0,0,0,0,0,0,0,2,1,6,6,2,34,6,-1,-1,-1,-1,4,E01015750,0,-1
2020052000252,2020,052000252,1,9,0,5,5,4,8,0,0,8,0,0,0,0,1,1,6,6,3,-1,-1,-1,-1,-1,-1,-1,-1,0,-1
202006A369884,2020,06A369884,2,9,0,18,19,5,1,0,0,2,0,0,0,0,1,1,6,6,2,43,7,-1,-1,-1,-1,5,E01005346,0,-1
2020220967755,2020,220967755,2,1,0,15,15,8,4,0,0,0,0,0,0,0,1,1,5,6,1,57,9,-1,-1,-1,-1,4,E01028945,0,-1
2020010265454,2020,010265454,1,1,9,99,99,9,9,4,4,9,9,99,9,99,1,1,2,2,1,42,7,-1,-1,-1,-1,10,E01030417,0,-1
2020361003944,2020,361003944,1,9,5,18,19,2,6,0,0,0,1,0,0,0,1,1,6,6,1,40,7,-1,-1,-1,-1,5,E01033539,0,-1
2020010253354,2020,010253354,1,1,9,99,99,9,9,99,99,9,9,99,9,99,9,1,2,2,2,21,5,-1,-1,-1,-1,3,E01002707,0,-1
202006J274568,2020,06J274568,1,4,0,14,14,4,8,0,0,1,0,0,0,0,1,1,6,6,3,-1,-1,-1,-1,-1,-1,-1,-1,0,-1
2020411032081,2020,411032081,2,98,0,12,12,3,7,0,0,0,0,0,0,0,3,1,1,1,1,44,7,-1,-1,-1,-1,-1,-1,0,-1
2020122001010,2020,122001010,2,9,0,4,4,7,3,0,0,4,0,0,0,0,2,1,1,1,1,36,7,-1,-1,-1,-1,2,E01027850,0,-1
2020440365123,2020,440365123,1,1,0,18,19,5,1,0,0,0,0,0,0,0,1,1,6,6,1,53,8,-1,-1,-1,-1,-1,-1,0,-1
2020220960682,2020,220960682,2,1,0,9,9,5,3,0,0,5,0,0,0,0,2,1,2,2,2,48,8,-1,-1,-1,-1,5,E01032312,0,-1
2020500987652,2020,500987652,3,9,0,16,19,6,2,0,0,0,0,0,0,0,3,1,6,6,1,40,7,-1,-1,-1,-1,6,E01032395,0,-1
2020470932867,2020,470932867,2,1,0,18,19,8,4,0,0,0,0,0,0,0,1,1,6,6,1,16,4,-1,-1,-1,-1,3,E01021016,0,-1
2020100986123,2020,100986123,1,9,0,7,7,4,7,0,0,1,0,0,0,0,4,1,6,6,2,58,9,-1,-1,-1,-1,-1,-1,0,-1
2020010255885,2020,010255885,2,9,0,99,99,9,9,99,99,9,9,99,9,99,1,9,6,6,3,-1,-1,-1,-1,-1,-1,-1,-1,0,-1
2020010285684,2020,010285684,2,-1,0,18,19,4,8,0,0,6,0,0,0,0,1,1,2,2,2,47,8,-1,-1,-1,-1,3,E01002806,1,-1
2020302001101,2020,302001101,1,9,0,18,19,4,6,0,0,0,0,0,0,0,1,1,6,6,3,-1,-1,-1,-1,-1,-1,5,E01019456,0,-1
2020140990875,2020,140990875,1,9,0,18,19,2,7,0,0,0,0,0,0,0,4,1,6,6,3,-1,-1,-1,-1,-1,-1,-1,-1,0,-1
2020201015040,2020,201015040,1,9,0,7,7,6,1,0,0,6,0,10,1,0,1,1,6,6,1,-1,-1,-1,-1,-1,-1,-1,-1,0,-1
2020990973588,2020,990973588,1,9,0,9,9,7,5,0,0,2,0,0,0,0,1,1,6,6,1,40,7,-1,-1,-1,-1,9,-1,0,-1
2020200940522,2020,200940522,2,1,0,18,19,5,2,0,0,0,0,0,0,0,1,1,6,6,1,44,7,-1,-1,-1,-1,3,E01010249,0,-1
2020302000456,2020,302000456,1,1,0,18,19,2,6,0,0,8,0,0,0,0,1,1,6,6,1,13,3,-1,-1,-1,-1,1,E01013472,0,-1
2020401008353,2020,401008353,2,9,0,11,11,7,3,0,0,0,1,0,0,0,4,1,1,1,1,36,7,-1,-1,-1,-1,4,E01015742,0,-1
2020010270586,2020,010270586,2,9,0,99,99,9,9,99,99,9,9,99,9,99,9,9,6,6,3,-1,-1,-1,-1,-1,-1,-1,-1,0,-1
2020440495207,2020,440495207,2,1,0,9,9,2,8,0,0,8,0,0,0,0,2,1,6,6,1,56,9,-1,-1,-1,-1,8,E01022591,0,-1
2020010253507,2020,010253507,1,1,9,99,99,9,9,99,99,9,9,99,9,99,0,1,6,6,2,29,6,-1,-1,-1,-1,3,E01002846,0,-1
2020470989593,2020,470989593,1,9,0,18,19,2,6,0,0,5,0,0,0,0,4,1,6,6,1,-1,-1,-1,-1,-1,-1,-1,-1,0,-1
2020010272419,2020,010272419,2,19,0,99,99,9,9,99,99,9,9,99,9,99,9,1,6,6,3,-1,-1,-1,-1,-1,-1,-1,-1,0,-1
202060Y099523,2020,60Y099523,2,98,0,18,19,1,5,0,0,0,5,4,0,0,1,1,6,6,1,24,5,-1,-1,-1,-1,-1,-1,0,-1
2020440183153,2020,440183153,2,1,0,18,19,6,3,0,0,8,0,0,0,0,1,1,6,6,1,52,8,-1,-1,-1,-1,9,E01030785,0,-1
2020360940124,2020,360940124,1,9,0,18,19,8,4,0,0,0,0,0,0,0,4,1,6,6,3,-1,-1,-1,-1,-1,-1,-1,-1,0,-1
2020040942161,2020,040942161,1,9,0,18,19,5,1,0,0,0,0,0,0,0,0,1,5,6,1,48,8,-1,-1,-1,-1,8,E01025105,0,-1
2020010230677,2020,010230677,1,1,9,99,99,9,9,99,99,9,9,99,9,99,9,1,2,2,1,29,6,-1,-1,-1,-1,4,E01000557,0,-1
2020432360827,2020,432360827,1,9,0,9,9,2,5,0,0,2,0,0,0,0,3,1,6,6,3,-1,-1,-1,-1,-1,-1,-1,-1,0,-1
2020160960259,2020,160960259,2,9,0,2,2,0,0,0,0,0,0,0,7,11,2,1,6,6,3,-1,-1,-1,-1,-1,-1,-1,-1,0,-1
2020010250989,2020,010250989,2,9,0,99,99,9,9,99,99,0,9,99,9,99,9,9,6,6,3,-1,-1,-1,-1,-1,-1,-1,-1,0,-1
2020451002353,2020,451002353,2,1,0,18,19,1,5,0,0,0,0,0,0,0,1,1,2,2,1,30,6,-1,-1,-1,-1,4,E01030364,0,-1
2020610050720,2020,610050720,3,1,0,18,19,0,0,0,0,2,0,0,0,0,0,1,6,6,3,30,6,-1,-1,-1,-1,-1,-1,0,-1
2020332000748,2020,332000748,1,9,0,6,6,3,3,0,0,0,0,0,0,0,3,1,6,6,1,59,9,-1,-1,-1,-1,3,E01025844,0,-1
2020302000330,2020,302000330,1,9,0,18,19,7,3,0,0,0,0,0,0,0,4,1,6,6,3,-1,-1,-1,-1,-1,-1,-1,-1,0,-1
2020522002586,2020,522002586,1,1,0,18,19,2,6,0,0,0,0,0,0,0,1,1,6,6,1,41,7,-1,-1,-1,-1,3,E01014622,0,-1
2020030948541,2020,030948541,1,9,0,18,19,7,3,0,0,0,0,0,0,0,1,1,5,6,2,52,8,-1,-1,-1,-1,8,E01024235,0,-1
2020990946962,2020,990946962,1,1,0,7,7,2,5,0,0,8,0,0,0,0,1,1,6,6,1,40,7,-1,-1,-1,-1,-1,-1,0,-1