collision_index,collision_year,collision_ref_no,vehicle_reference,vehicle_type,towing_and_articulation,vehicle_manoeuvre_historic,vehicle_manoeuvre,vehicle_direction_from,vehicle_direction_to,vehicle_location_restricted_lane_historic,vehicle_location_restricted_lane,junction_location,skidding_and_overturning,hit_object_in_carriageway,vehicle_leaving_carriageway,hit_object_off_carriageway,first_point_of_impact,vehicle_left_hand_drive,journey_purpose_of_driver_historic,journey_purpose_of_driver,sex_of_driver,age_of_driver,age_band_of_driver,engine_capacity_cc,propulsion_code,age_of_vehicle,generic_make_model,driver_imd_decile,lsoa_of_driver,escooter_flag,driver_distance_banding
2020010252879,2020,010252879,2,1,0,18,19,1,5,0,0,6,0,0,0,0,1,1,6,6,1,30,6,-1,-1,-1,-1,2,E01002310,0,-1
2020010272470,2020,010272470,1,11,9,99,99,9,9,99,99,9,9,99,9,99,9,1,6,6,3,-1,-1,-1,-1,-1,-1,-1,-1,0,-1
2020440223616,2020,440223616,2,9,0,18,19,2,6,0,0,4,0,0,0,0,1,1,6,6,1,40,7,-1,-1,-1,-1,7,E01023039,0,-1
2020010272261,2020,010272261,1,1,9,99,99,9,9,99,99,9,9,99,9,99,9,1,6,6,1,27,6,-1,-1,-1,-1,2,E01002735,0,-1
202006N274284,2020,06N274284,1,1,0,15,15,5,1,0,0,8,0,0,0,0,4,1,6,6,1,30,6,-1,-1,-1,-1,3,E01004941,0,-1
2020430320255,2020,430320255,2,1,0,9,9,4,2,0,0,5,0,0,0,0,2,1,6,6,1,17,4,-1,-1,-1,-1,5,E01025435,0,-1
2020430074935,2020,430074935,1,9,0,9,9,7,5,0,0,5,0,0,0,0,3,1,6,6,2,48,8,-1,-1,-1,-1,6,E01017852,0,-1
2020052001609,2020,052001609,1,9,0,11,11,6,2,0,0,1,0,0,0,0,0,1,6,6,3,-1,-1,-1,-1,-1,-1,-1,-1,0,-1
2020420967129,2020,420967129,2,9,0,2,2,0,0,0,0,0,0,0,0,0,3,1,6,6,3,-1,-1,-1,-1,-1,-1,-1,-1,0,-1
2020052001311,2020,052001311,1,9,0,13,13,8,4,0,0,0,0,0,0,0,3,1,6,6,3,-1,-1,-1,-1,-1,-1,-1,-1,0,-1
2020410996135,2020,410996135,3,9,0,18,19,8,4,0,0,0,0,0,0,0,1,1,2,2,2,22,5,-1,-1,-1,-1,9,E01022073,0,-1
2020332000650,2020,332000650,2,9,0,5,5,4,8,0,0,0,0,0,0,0,1,1,2,2,1,52,8,-1,-1,-1,-1,3,E01025949,0,-1
2020160963990,2020,160963990,2,1,0,18,19,7,3,0,0,3,0,0,1,0,1,1,2,2,1,28,6,-1,-1,-1,-1,6,E01012811,0,-1
2020030972252,2020,030972252,1,22,0,18,19,8,4,0,0,0,0,0,0,0,1,1,6,6,1,75,10,-1,-1,-1,-1,1,E01019097,0,-1
2020522101039,2020,522101039,1,9,0,18,19,4,8,0,0,8,0,0,0,0,3,1,6,6,1,47,8,-1,-1,-1,-1,2,E01014691,0,-1
2020070639950,2020,070639950,2,1,0,17,19,7,3,0,0,8,0,0,0,0,4,1,6,6,1,49,8,-1,-1,-1,-1,9,E01018389,0,-1
2020302000091,2020,302000091,2,1,0,14,14,8,4,0,0,0,0,0,0,0,3,1,2,2,1,28,6,-1,-1,-1,-1,10,E01013563,0,-1
2020370965869,2020,370965869,2,1,0,18,19,7,3,9,9,0,0,0,0,0,1,1,5,6,2,29,6,-1,-1,-1,-1,6,E01030006,0,-1
2020450999963,2020,450999963,2,1,0,18,19,5,1,0,0,1,1,0,0,0,0,1,6,6,2,26,6,-1,-1,-1,-1,9,E01030679,0,-1
2020370937886,2020,370937886,1,9,0,18,19,3,7,0,0,0,0,0,0,0,1,1,5,6,1,58,9,-1,-1,-1,-1,5,E01030141,0,-1
2020041015049,2020,041015049,2,9,0,18,19,1,5,0,0,1,0,0,0,0,1,1,6,6,3,-1,-1,-1,-1,-1,-1,-1,-1,0,-1
2020530964755,2020,530964755,1,1,0,18,19,6,2,0,0,0,0,0,0,0,1,1,5,6,1,38,7,-1,-1,-1,-1,10,E01022193,0,-1
2020990952308,2020,990952308,2,1,0,18,19,7,3,0,0,8,0,0,0,0,1,1,6,6,1,60,9,-1,-1,-1,-1,10,-1,0,-1
2020350981887,2020,350981887,1,1,0,18,19,2,6,5,5,0,0,0,0,0,1,1,6,6,1,17,4,-1,-1,-1,-1,10,E01018272,0,-1
2020040963677,2020,040963677,1,1,0,18,19,4,8,0,0,0,0,0,0,0,3,1,5,6,1,58,9,-1,-1,-1,-1,10,E01025414,0,-1
2020522004368,2020,522004368,2,9,0,18,19,7,3,0,0,1,0,0,0,0,1,1,6,6,1,35,6,-1,-1,-1,-1,8,E01014896,0,-1
2020332000097,2020,332000097,1,9,0,18,19,7,3,0,0,1,0,0,0,0,1,1,6,6,3,-1,-1,-1,-1,-1,-1,-1,-1,0,-1
2020010252694,2020,010252694,2,9,0,99,99,9,9,99,99,9,9,99,9,99,0,9,6,6,3,59,9,-1,-1,-1,-1,5,E01001335,0,-1
2020450953879,2020,450953879,2,1,0,18,19,1,5,0,0,8,5,0,0,0,4,1,2,2,1,35,6,-1,-1,-1,-1,8,E01023141,0,-1
2020470923421,2020,470923421,3,1,0,18,19,8,4,0,0,0,0,0,1,0,0,1,5,6,2,73,10,-1,-1,-1,-1,8,E01021036,0,-1
2020052002085,2020,052002085,1,8,0,11,11,6,2,0,0,8,0,0,0,0,0,1,1,1,1,48,8,-1,-1,-1,-1,2,E01006869,0,-1
20201376K0709,2020,1376K0709,2,1,0,18,19,6,2,0,0,1,0,0,0,0,1,1,6,6,1,60,9,-1,-1,-1,-1,2,E01010778,0,-1
2020530961563,2020,530961563,2,1,0,18,19,5,1,0,0,8,0,0,0,0,2,1,6,6,1,33,6,-1,-1,-1,-1,5,E01022448,0,-1
2020340N08932,2020,340N08932,1,8,0,1,1,3,7,0,0,0,0,0,0,0,2,1,1,1,1,-1,-1,-1,-1,-1,-1,4,E01032980,0,-1
2020460976390,2020,460976390,2,9,0,2,2,0,0,6,6,0,5,0,1,0,2,1,6,6,3,-1,-1,-1,-1,-1,-1,-1,-1,0,-1
2020430227359,2020,430227359,1,9,0,3,3,7,3,0,0,0,0,0,0,0,2,1,2,2,1,56,9,-1,-1,-1,-1,10,E01032962,0,-1
2020522002133,2020,522002133,1,1,0,18,19,7,3,0,0,3,0,0,0,0,0,1,6,6,1,46,8,-1,-1,-1,-1,5,E01014466,0,-1
202060Y143664,2020,60Y143664,1,9,0,18,19,4,8,0,0,0,0,0,0,0,1,1,6,6,1,-1,-1,-1,-1,-1,-1,-1,-1,0,-1
2020500990991,2020,500990991,2,17,1,18,19,3,7,0,0,0,0,0,0,0,4,1,1,1,1,54,8,-1,-1,-1,-1,9,E01022340,0,-1
2020470986972,2020,470986972,1,9,0,18,19,8,4,0,0,0,0,0,0,0,4,1,6,6,3,-1,-1,-1,-1,-1,-1,-1,-1,0,-1
2020010244509,2020,010244509,1,9,9,18,19,1,5,99,99,0,9,99,9,99,9,9,6,6,3,-1,-1,-1,-1,-1,-1,-1,-1,0,-1
2020010242181,2020,010242181,2,9,0,18,19,5,1,99,99,9,9,99,9,99,1,9,6,6,1,-1,-1,-1,-1,-1,-1,-1,-1,0,-1
2020440293934,2020,440293934,1,1,0,18,19,2,6,0,0,0,0,0,0,0,3,1,6,6,2,15,3,-1,-1,-1,-1,8,E01022829,0,-1
2020230920337,2020,230920337,1,1,0,18,19,7,3,0,0,8,0,0,0,0,2,1,6,6,2,24,5,-1,-1,-1,-1,-1,-1,0,-1
2020140976052,2020,140976052,2,1,0,18,19,4,8,0,0,0,0,0,0,0,1,1,6,6,1,22,5,-1,-1,-1,-1,4,E01008067,0,-1
2020010235825,2020,010235825,1,1,9,18,19,6,2,0,0,2,9,0,0,0,1,1,6,6,2,-1,-1,-1,-1,-1,-1,-1,-1,0,-1
2020010268218,2020,010268218,2,9,0,99,99,9,9,99,99,9,9,99,9,99,1,9,6,6,3,-1,-1,-1,-1,-1,-1,-1,-1,0,-1
2020010236411,2020,010236411,2,97,0,99,99,9,9,99,99,9,9,99,9,99,1,9,6,6,3,-1,-1,-1,-1,-1,-1,3,E01004677,0,-1
2020440278228,2020,440278228,1,1,0,17,19,2,6,0,0,8,0,0,0,0,0,1,6,6,2,31,6,-1,-1,-1,-1,8,E01022991,0,-1
2020010230565,2020,010230565,1,9,0,99,99,9,9,99,99,9,9,99,9,99,1,9,6,6,3,-1,-1,-1,-1,-1,-1,-1,-1,0,-1
2020010253235,2020,010253235,1,1,9,99,99,9,9,99,99,9,9,99,9,99,9,1,2,2,1,46,8,-1,-1,-1,-1,2,E01003125,0,-1
202006N171118,2020,06N171118,2,9,0,18,19,7,3,0,0,0,0,0,0,0,0,1,6,6,1,30,6,-1,-1,-1,-1,-1,-1,0,-1
202060Y026980,2020,60Y026980,1,9,0,12,12,2,6,0,0,0,0,0,0,0,3,1,6,6,2,60,9,-1,-1,-1,-1,-1,-1,0,-1
2020420981310,2020,420981310,2,9,0,2,2,0,0,6,6,2,0,0,0,0,2,1,6,6,3,-1,-1,-1,-1,-1,-1,-1,-1,0,-1
2020200981521,2020,200981521,1,9,0,11,11,1,5,0,0,3,0,0,0,0,3,1,1,1,1,-1,-1,-1,-1,-1,-1,-1,-1,0,-1
2020160968578,2020,160968578,2,1,0,18,19,8,4,0,0,3,0,0,0,0,4,1,5,6,1,56,9,-1,-1,-1,-1,9,E01013157,0,-1
2020010249671,2020,010249671,2,1,0,18,19,3,7,0,0,1,0,0,0,0,1,-1,6,6,1,30,6,-1,-1,-1,-1,2,E01033327,0,-1
2020522003043,2020,522003043,2,9,0,18,19,5,1,0,0,4,0,0,0,0,1,1,6,6,1,-1,-1,-1,-1,-1,-1,10,E01032072,0,-1
2020522100961,2020,522100961,2,1,0,18,19,7,3,0,0,0,0,0,0,0,3,1,6,6,1,12,3,-1,-1,-1,-1,1,E01014800,0,-1
2020010244890,2020,010244890,1,1,9,99,99,9,9,99,99,0,9,99,9,99,9,1,6,6,1,27,6,-1,-1,-1,-1,5,E01004461,0,-1
2020332000733,2020,332000733,1,9,0,16,19,2,4,0,0,0,0,0,0,0,4,1,6,6,1,-1,-1,-1,-1,-1,-1,-1,-1,0,-1
2020332000132,2020,332000132,2,1,0,18,19,4,8,0,0,8,0,0,7,0,2,1,2,2,1,52,8,-1,-1,-1,-1,6,E01032603,0,-1
2020052002453,2020,052002453,1,8,0,18,19,3,7,0,0,0,0,0,0,0,1,1,1,1,3,-1,-1,-1,-1,-1,-1,-1,-1,0,-1
2020430358468,2020,430358468,1,21,1,4,4,3,7,0,0,1,0,0,0,0,3,2,1,1,1,62,9,-1,-1,-1,-1,-1,-1,0,-1
202060Y138050,2020,60Y138050,1,9,0,17,19,8,4,0,0,0,2,0,1,11,1,1,6,6,1,22,5,-1,-1,-1,-1,-1,-1,0,-1
2020010255828,2020,010255828,2,1,0,18,19,5,1,0,0,2,0,0,0,0,2,1,2,2,2,47,8,-1,-1,-1,-1,3,E01002048,0,-1
2020160970457,2020,160970457,1,9,0,9,9,3,1,0,0,0,0,0,0,0,4,1,1,1,1,46,8,-1,-1,-1,-1,5,E01013119,0,-1
2020010247386,2020,010247386,2,9,4,99,99,9,9,99,99,9,9,99,9,99,1,9,6,6,3,-1,-1,-1,-1,-1,-1,-1,-1,0,-1
2020430164276,2020,430164276,1,9,0,5,5,9,9,9,9,1,0,0,0,0,1,1,6,6,1,33,6,-1,-1,-1,-1,-1,-1,0,-1
2020010238938,2020,010238938,2,8,9,99,99,9,9,99,99,1,9,99,9,99,9,9,-1,-1,3,-1,-1,-1,-1,-1,-1,-1,-1,0,-1
2020530982043,2020,530982043,1,9,0,9,9,5,1,0,0,5,0,0,0,0,4,1,1,1,1,68,10,-1,-1,-1,-1,6,E01022117,0,-1
2020501014406,2020,501014406,1,9,0,1,1,5,1,0,0,8,0,0,0,0,2,1,5,6,2,25,5,-1,-1,-1,-1,6,E01015243,0,-1
2020010257948,2020,010257948,3,9,0,4,4,1,5,0,0,1,0,0,0,0,1,1,6,6,3,-1,-1,-1,-1,-1,-1,-1,-1,0,-1
2020320239092,2020,320239092,1,19,0,18,19,3,7,0,0,0,0,0,0,0,1,1,6,6,3,-1,-1,-1,-1,-1,-1,-1,-1,0,-1
2020010280330,2020,010280330,1,8,0,99,99,9,9,0,0,8,0,0,0,0,2,9,6,6,3,-1,-1,-1,-1,-1,-1,-1,-1,0,-1
2020990940646,2020,990940646,2,1,0,7,7,4,1,0,0,1,0,0,0,0,1,1,1,1,1,52,8,-1,-1,-1,-1,6,-1,0,-1
2020332000325,2020,332000325,1,9,0,18,19,2,6,0,0,1,0,0,0,0,1,1,6,6,3,-1,-1,-1,-1,-1,-1,-1,-1,0,-1
2020010257000,2020,010257000,1,1,9,99,99,9,9,99,99,9,9,99,9,99,1,1,2,2,1,43,7,-1,-1,-1,-1,2,E01000041,0,-1
2020052001478,2020,052001478,1,9,0,15,15,2,6,0,0,0,0,0,0,0,4,1,6,6,3,-1,-1,-1,-1,-1,-1,-1,-1,0,-1
2020220954385,2020,220954385,1,1,0,9,9,8,5,0,0,8,0,0,0,0,2,1,5,6,1,58,9,-1,-1,-1,-1,10,E01032135,0,-1
2020622000691,2020,622000691,1,1,0,18,19,2,6,0,0,8,0,0,0,0,4,1,6,6,1,13,3,-1,-1,-1,-1,2,W01000834,0,-1
2020140947645,2020,140947645,2,98,0,13,13,6,2,0,0,0,0,0,0,0,4,1,6,6,3,-1,-1,-1,-1,-1,-1,-1,-1,0,-1
2020010268972,2020,010268972,2,3,0,18,19,7,3,0,0,1,0,0,0,0,1,1,6,6,1,27,6,-1,-1,-1,-1,2,E01000509,0,-1
2020410999478,2020,410999478,1,98,1,18,19,3,7,0,0,0,0,0,0,0,1,1,1,1,1,46,8,-1,-1,-1,-1,-1,-1,0,-1
2020040937440,2020,040937440,2,9,0,18,19,8,4,0,0,6,0,0,0,0,3,1,6,6,3,-1,-1,-1,-1,-1,-1,-1,-1,0,-1
2020520001168,2020,520001168,2,1,0,18,19,8,4,0,0,8,0,0,0,0,1,1,6,6,2,49,8,-1,-1,-1,-1,7,E01029270,0,-1
2020610011420,2020,610011420,1,1,0,18,19,6,2,0,0,1,1,0,0,0,3,1,6,6,1,75,10,-1,-1,-1,-1,6,W01001593,0,-1
2020010262701,2020,010262701,2,-1,0,9,9,3,1,0,0,1,0,0,0,0,1,1,6,6,1,34,6,-1,-1,-1,-1,3,E01001117,1,-1
2020460987336,2020,460987336,1,9,0,18,19,7,3,0,0,0,0,0,7,0,1,1,6,6,1,78,11,-1,-1,-1,-1,7,E01024232,0,-1
202006K277429,2020,06K277429,2,1,0,9,9,8,6,0,0,8,0,0,0,0,1,1,6,6,1,12,3,-1,-1,-1,-1,1,E01004801,0,-1
2020332001146,2020,332001146,1,9,0,18,19,3,7,0,0,0,0,0,0,0,0,1,6,6,2,47,8,-1,-1,-1,-1,-1,-1,0,-1
2020040954288,2020,040954288,2,1,0,18,19,5,1,0,0,8,0,0,0,0,1,1,5,6,1,-1,-1,-1,-1,-1,-1,8,E01025302,0,-1
2020010256710,2020,010256710,2,5,0,18,19,5,1,0,0,8,0,0,0,0,1,1,1,1,1,34,6,-1,-1,-1,-1,7,E01021199,0,-1
2020360967035,2020,360967035,1,19,4,18,19,2,7,0,0,0,0,0,0,0,-1,1,6,6,3,-1,-1,-1,-1,-1,-1,-1,-1,0,-1
2020040930476,2020,040930476,1,9,0,18,19,1,5,0,0,2,0,0,0,0,2,1,5,6,2,73,10,-1,-1,-1,-1,1,E01012647,0,-1
202006E168332,2020,06E168332,1,1,0,18,19,5,1,0,0,0,0,0,0,0,1,1,4,7,1,27,6,-1,-1,-1,-1,3,E01005241,0,-1
2020440205855,2020,440205855,2,1,0,18,19,7,3,0,0,8,0,0,0,0,1,1,6,6,1,32,6,-1,-1,-1,-1,1,E01017207,0,-1
2020440002986,2020,440002986,1,9,0,18,19,7,3,0,0,0,0,0,0,0,4,1,6,6,1,41,7,-1,-1,-1,-1,6,E01031985,0,-1
2020552000015,2020,552000015,1,9,0,11,11,5,1,0,0,0,0,0,0,0,4,1,6,6,3,-1,-1,-1,-1,-1,-1,-1,-1,0,-1
2020470981865,2020,470981865,2,1,0,18,19,5,1,0,0,1,0,0,0,0,1,1,6,6,2,43,7,-1,-1,-1,-1,2,E01031348,0,-1
2020010240233,2020,010240233,1,9,0,99,99,9,9,99,99,1,9,99,9,99,1,9,2,2,1,53,8,-1,-1,-1,-1,7,E01003643,0,-1
2020432003156,2020,432003156,2,9,0,3,3,2,6,0,0,1,0,0,0,0,2,1,6,6,2,60,9,-1,-1,-1,-1,-1,-1,0,-1
20201371L0185,2020,1371L0185,1,9,0,18,19,6,2,0,0,8,0,0,0,0,3,1,6,6,3,-1,-1,-1,-1,-1,-1,-1,-1,0,-1
2020211005522,2020,211005522,1,1,0,7,7,2,4,0,0,8,0,0,0,0,1,1,6,6,1,12,3,-1,-1,-1,-1,10,E01029730,0,-1
2020990970773,2020,990970773,1,9,0,18,19,5,1,0,0,0,5,0,1,0,1,1,6,6,1,39,7,-1,-1,-1,-1,6,-1,0,-1
2020010278214,2020,010278214,1,1,9,99,99,9,9,99,99,9,9,99,9,99,9,1,2,2,2,26,6,-1,-1,-1,-1,3,E01001733,0,-1
2020211025696,2020,211025696,1,9,0,18,19,7,3,0,0,2,0,0,0,0,1,1,6,6,2,60,9,-1,-1,-1,-1,5,E01029795,0,-1
2020160962055,2020,160962055,2,9,0,18,19,8,4,0,0,8,0,0,0,0,1,1,5,6,1,41,7,-1,-1,-1,-1,1,E01012895,0,-1
202060Y074964,2020,60Y074964,1,9,0,18,19,5,1,0,0,1,0,0,0,0,1,1,6,6,2,69,10,-1,-1,-1,-1,-1,-1,0,-1
2020451001717,2020,451001717,1,9,0,18,19,2,6,0,0,0,0,0,0,0,1,1,5,6,1,31,6,-1,-1,-1,-1,5,E01016212,0,-1
2020332000270,2020,332000270,1,9,0,17,19,4,1,0,0,2,0,0,1,4,1,1,1,1,1,33,6,-1,-1,-1,-1,-1,-1,0,-1
2020332000456,2020,332000456,2,9,0,18,19,8,4,0,0,8,0,0,0,0,1,1,1,1,1,44,7,-1,-1,-1,-1,1,E01014247,0,-1
2020522100071,2020,522100071,1,20,0,18,19,7,3,0,0,6,0,0,0,0,1,1,6,6,1,54,8,-1,-1,-1,-1,2,E01032093,0,-1
2020440289271,2020,440289271,1,9,0,1,1,2,8,9,9,8,0,0,0,0,0,1,2,2,2,40,7,-1,-1,-1,-1,9,E01022982,0,-1
2020010238716,2020,010238716,2,1,0,16,19,3,7,0,0,0,0,0,0,0,1,1,6,6,1,57,9,-1,-1,-1,-1,8,E01002019,0,-1
2020010269017,2020,010269017,2,9,0,99,99,9,9,99,99,9,9,99,9,99,1,9,6,6,3,-1,-1,-1,-1,-1,-1,-1,-1,0,-1
2020320563484,2020,320563484,2,1,0,17,19,1,5,0,0,2,5,0,1,0,3,1,2,2,1,47,8,-1,-1,-1,-1,4,E01026345,0,-1
2020211009198,2020,211009198,3,90,0,18,19,5,1,0,0,0,0,0,0,0,2,1,6,6,1,30,6,-1,-1,-1,-1,6,E01025591,0,-1
2020220986418,2020,220986418,2,1,0,18,19,7,3,0,0,8,0,0,0,0,1,1,5,6,1,25,5,-1,-1,-1,-1,2,E01032481,0,-1
2020010268073,2020,010268073,1,9,0,18,19,7,3,0,0,1,5,4,0,0,1,1,6,6,2,66,10,-1,-1,-1,-1,5,E01002533,0,-1
2020010268734,2020,010268734,1,1,0,9,9,5,2,0,0,3,0,0,0,0,2,1,6,6,1,79,11,-1,-1,-1,-1,10,E01024474,0,-1
2020450999301,2020,450999301,1,98,0,17,19,1,5,0,0,2,0,0,0,0,1,2,1,1,1,61,9,-1,-1,-1,-1,-1,-1,0,-1
2020451006384,2020,451006384,2,1,0,3,3,4,6,0,0,2,1,0,0,0,1,1,6,6,1,30,6,-1,-1,-1,-1,7,E01027724,0,-1
202054A123220,2020,54A123220,1,19,0,13,13,3,8,0,0,0,0,0,0,0,4,1,6,6,1,50,8,-1,-1,-1,-1,-1,-1,0,-1
2020010251381,2020,010251381,2,9,0,99,99,9,9,99,99,9,9,99,9,99,0,9,6,6,3,-1,-1,-1,-1,-1,-1,-1,-1,0,-1
2020350982299,2020,350982299,2,9,0,9,9,8,4,0,0,1,0,0,0,0,1,1,6,6,1,54,8,-1,-1,-1,-1,5,E01029946,0,-1
2020991003380,2020,991003380,3,1,0,18,19,1,5,9,9,8,0,0,0,0,3,1,5,6,1,69,10,-1,-1,-1,-1,6,-1,0,-1
2020010270342,2020,010270342,2,9,0,99,99,9,9,99,99,9,9,99,9,99,0,9,6,6,3,-1,-1,-1,-1,-1,-1,-1,-1,0,-1
2020040967095,2020,040967095,2,1,0,5,5,7,7,0,0,1,0,0,0,0,1,1,6,6,1,62,9,-1,-1,-1,-1,5,E01025009,0,-1
2020010261776,2020,010261776,2,1,0,18,19,7,3,0,0,1,2,0,0,0,1,1,2,2,1,23,5,-1,-1,-1,-1,6,E01002006,0,-1
2020010265841,2020,010265841,1,1,0,18,19,1,5,0,0,0,5,0,0,0,1,1,1,1,1,32,6,-1,-1,-1,-1,2,E01001795,0,-1
202006P269151,2020,06P269151,1,9,0,18,19,6,2,0,0,0,0,0,0,0,1,1,6,6,3,-1,-1,-1,-1,-1,-1,-1,-1,0,-1
2020440085602,2020,440085602,1,9,0,18,19,0,3,0,0,1,0,0,7,11,2,1,6,6,1,73,10,-1,-1,-1,-1,7,E01017367,0,-1
2020411000283,2020,411000283,2,1,0,8,8,1,6,0,0,8,0,0,0,0,4,1,2,2,1,56,9,-1,-1,-1,-1,6,E01023918,0,-1
2020400918738,2020,400918738,1,9,0,10,10,5,3,0,0,1,0,0,0,0,1,1,6,6,1,45,7,-1,-1,-1,-1,4,E01017034,0,-1
2020440447296,2020,440447296,2,19,0,7,7,3,5,0,0,8,0,0,0,0,4,1,6,6,3,-1,-1,-1,-1,-1,-1,-1,-1,0,-1
2020010266779,2020,010266779,1,1,9,99,99,9,9,99,99,9,9,99,9,99,9,1,2,2,1,49,8,-1,-1,-1,-1,4,E01001736,0,-1
2020990972638,2020,990972638,2,1,0,14,14,3,7,0,0,0,0,0,0,0,1,1,5,6,1,76,11,-1,-1,-1,-1,9,-1,0,-1
2020332000330,2020,332000330,2,9,0,18,19,7,3,0,0,8,0,0,0,0,1,1,1,1,2,49,8,-1,-1,-1,-1,5,E01025966,0,-1
2020430282049,2020,430282049,1,9,0,18,19,6,2,0,0,0,0,0,1,7,4,1,6,6,1,41,7,-1,-1,-1,-1,7,E01015583,0,-1
2020010263988,2020,010263988,1,9,0,9,9,3,2,0,0,0,0,0,0,0,0,1,2,2,1,54,8,-1,-1,-1,-1,3,E01002015,0,-1
2020991006259,2020,991006259,2,9,0,2,2,0,0,6,6,0,0,0,0,0,1,1,5,6,1,28,6,-1,-1,-1,-1,5,-1,0,-1
20201377V1231,2020,1377V1231,2,1,0,18,19,5,7,0,0,0,0,0,0,0,0,1,6,6,1,28,6,-1,-1,-1,-1,1,E01011358,0,-1
2020160958857,2020,160958857,2,1,0,18,19,8,4,0,0,1,0,0,0,0,1,1,6,6,1,29,6,-1,-1,-1,-1,9,E01013157,0,-1
2020450947933,2020,450947933,1,1,0,18,19,1,1,0,0,1,0,0,0,0,0,1,5,6,1,61,9,-1,-1,-1,-1,10,E01030898,0,-1
2020010268281,2020,010268281,3,9,0,2,2,0,0,0,0,1,0,0,0,0,0,1,6,6,3,-1,-1,-1,-1,-1,-1,-1,-1,0,-1
20201377G1198,2020,1377G1198,1,21,1,9,9,8,2,0,0,6,0,0,0,0,3,2,1,1,1,41,7,-1,-1,-1,-1,-1,-1,0,-1
2020010238392,2020,010238392,3,19,0,6,6,2,2,0,0,1,0,8,0,0,2,1,6,6,3,-1,-1,-1,-1,-1,-1,-1,-1,0,-1
2020160973923,2020,160973923,2,1,0,18,19,7,3,0,0,1,0,0,0,0,1,1,5,6,1,36,7,-1,-1,-1,-1,1,E01012908,0,-1
2020010269056,2020,010269056,1,1,0,12,12,2,6,0,0,1,0,0,1,0,4,1,2,2,1,37,7,-1,-1,-1,-1,4,E01033424,0,-1
2020010255520,2020,010255520,2,9,9,99,99,9,9,99,99,9,9,99,9,99,1,9,6,6,3,-1,-1,-1,-1,-1,-1,-1,-1,0,-1
2020010275561,2020,010275561,3,1,0,3,3,5,1,0,0,1,0,0,0,0,0,1,6,6,1,30,6,-1,-1,-1,-1,-1,-1,0,-1
2020460959714,2020,460959714,2,9,0,18,19,3,7,0,0,0,1,0,5,6,3,1,6,6,1,73,10,-1,-1,-1,-1,9,E01024265,0,-1
2020010228620,2020,010228620,2,1,0,15,15,3,7,0,0,1,1,0,0,0,1,1,6,6,1,43,7,-1,-1,-1,-1,8,E01001949,0,-1
2020201019197,2020,201019197,1,8,0,18,19,-1,-1,0,0,0,0,0,0,0,1,1,1,1,1,-1,-1,-1,-1,-1,-1,-1,-1,0,-1
2020332000592,2020,332000592,2,9,0,18,19,6,2,0,0,1,0,0,0,0,1,1,6,6,1,74,10,-1,-1,-1,-1,9,E01025660,0,-1
2020440359278,2020,440359278,1,1,0,18,19,7,3,0,0,8,0,0,0,0,2,1,6,6,1,14,3,-1,-1,-1,-1,6,E01022816,0,-1
2020332000832,2020,332000832,1,9,0,9,9,3,1,0,0,6,0,0,0,0,1,1,1,1,1,50,8,-1,-1,-1,-1,8,E01025681,0,-1
2020520101136,2020,520101136,2,9,0,18,19,7,3,0,0,2,0,0,0,0,4,1,6,6,1,39,7,-1,-1,-1,-1,5,E01029286,0,-1
2020522002692,2020,522002692,2,9,0,7,7,4,6,0,0,6,0,0,0,0,1,1,6,6,1,42,7,-1,-1,-1,-1,4,E01014632,0,-1
202006A368195,2020,06A368195,2,1,0,18,19,1,5,0,0,1,0,0,0,0,4,1,1,1,1,46,8,-1,-1,-1,-1,1,E01005255,0,-1
2020351030609,2020,351030609,1,9,0,18,19,5,1,0,0,0,0,0,0,0,1,1,6,6,3,-1,-1,-1,-1,-1,-1,-1,-1,0,-1
2020302000050,2020,302000050,1,1,0,18,19,4,6,0,0,8,0,0,0,0,4,1,1,1,1,29,6,-1,-1,-1,-1,8,E01033170,0,-1
2020010266926,2020,010266926,2,1,0,4,4,5,1,0,0,1,0,0,0,0,3,1,6,6,1,52,8,-1,-1,-1,-1,3,E01004378,0,-1
2020302001675,2020,302001675,1,22,0,18,19,8,2,0,0,1,0,0,0,0,4,1,6,6,1,30,6,-1,-1,-1,-1,3,E01013457,0,-1
2020010277513,2020,010277513,1,9,9,18,19,1,5,99,99,9,9,99,9,99,9,9,6,6,3,-1,-1,-1,-1,-1,-1,-1,-1,0,-1
2020160938106,2020,160938106,2,1,0,18,19,2,6,0,0,0,0,0,0,0,1,1,6,6,2,44,7,-1,-1,-1,-1,7,E01013008,0,-1
2020010251367,2020,010251367,2,9,0,99,99,9,9,99,99,9,9,99,9,99,9,9,6,6,3,-1,-1,-1,-1,-1,-1,-1,-1,0,-1
2020481008266,2020,481008266,1,9,0,13,13,1,5,0,0,0,0,0,0,0,0,1,6,6,1,40,7,-1,-1,-1,-1,-1,-1,0,-1
2020332001179,2020,332001179,1,9,0,18,19,5,1,0,0,0,0,0,0,0,0,1,6,6,1,53,8,-1,-1,-1,-1,-1,-1,0,-1
2020211027396,2020,211027396,2,1,0,16,19,3,7,0,0,0,5,0,0,0,1,1,1,1,1,56,9,-1,-1,-1,-1,4,E01029578,0,-1
2020522004794,2020,522004794,1,9,0,18,19,5,1,0,0,1,0,0,0,0,1,1,6,6,1,59,9,-1,-1,-1,-1,7,E01014839,0,-1
2020010234503,2020,010234503,2,9,0,99,99,9,9,99,99,0,9,99,9,99,1,9,6,6,3,37,7,-1,-1,-1,-1,1,E01003761,0,-1
2020460955512,2020,460955512,1,1,0,18,19,7,3,9,9,1,0,0,0,0,1,1,5,6,1,15,3,-1,-1,-1,-1,8,E01033210,0,-1
2020030945410,2020,030945410,2,1,0,18,19,1,5,0,0,0,0,0,0,0,2,1,6,6,1,35,6,-1,-1,-1,-1,6,E01019360,0,-1
2020010281505,2020,010281505,2,1,0,18,19,7,3,0,0,2,0,0,0,0,2,1,6,6,1,14,3,-1,-1,-1,-1,1,E01003051,0,-1