collision_index,collision_year,collision_ref_no,vehicle_reference,vehicle_type,towing_and_articulation,vehicle_manoeuvre_historic,vehicle_manoeuvre,vehicle_direction_from,vehicle_direction_to,vehicle_location_restricted_lane_historic,vehicle_location_restricted_lane,junction_location,skidding_and_overturning,hit_object_in_carriageway,vehicle_leaving_carriageway,hit_object_off_carriageway,first_point_of_impact,vehicle_left_hand_drive,journey_purpose_of_driver_historic,journey_purpose_of_driver,sex_of_driver,age_of_driver,age_band_of_driver,engine_capacity_cc,propulsion_code,age_of_vehicle,generic_make_model,driver_imd_decile,lsoa_of_driver,escooter_flag,driver_distance_banding
2020460982006,2020,460982006,2,8,0,16,19,7,3,0,0,0,0,0,0,0,1,1,1,1,1,60,9,-1,-1,-1,-1,4,E01024284,0,-1
2020410962501,2020,410962501,2,9,0,2,2,0,0,0,0,1,0,0,0,0,2,1,5,6,1,-1,-1,-1,-1,-1,-1,-1,-1,0,-1
2020200972203,2020,200972203,2,1,0,18,19,8,4,0,0,0,0,0,0,0,1,1,6,6,1,25,5,-1,-1,-1,-1,1,E01009987,0,-1
2020350955275,2020,350955275,1,9,0,18,19,3,7,0,0,8,0,0,0,0,1,1,6,6,1,84,11,-1,-1,-1,-1,6,E01027047,0,-1
2020010256728,2020,010256728,2,9,0,11,11,8,4,0,0,0,0,0,0,0,4,1,6,6,3,-1,-1,-1,-1,-1,-1,-1,-1,0,-1
2020440494829,2020,440494829,2,1,0,18,19,1,5,0,0,8,0,0,0,0,2,1,6,6,1,56,9,-1,-1,-1,-1,7,E01022948,0,-1
2020411011081,2020,411011081,1,9,0,18,19,5,1,0,0,0,1,0,1,7,1,1,6,6,1,21,5,-1,-1,-1,-1,5,E01023560,0,-1
2020137CF1715,2020,137CF1715,1,9,0,18,19,8,6,0,0,4,0,0,0,0,1,1,6,6,1,33,6,-1,-1,-1,-1,7,E01011416,0,-1
2020010236124,2020,010236124,2,1,0,18,19,1,5,0,0,1,0,0,0,0,2,1,2,2,1,55,8,-1,-1,-1,-1,4,E01004314,0,-1
2020201013601,2020,201013601,1,19,0,7,7,8,2,0,0,5,0,0,0,0,4,1,6,6,3,-1,-1,-1,-1,-1,-1,-1,-1,0,-1
2020522101716,2020,522101716,2,1,0,18,19,6,2,0,0,0,1,0,0,0,1,1,6,6,1,25,5,-1,-1,-1,-1,9,E01014557,0,-1
2020200930404,2020,200930404,1,9,0,9,9,2,8,0,0,5,0,0,0,0,0,1,6,6,2,21,5,-1,-1,-1,-1,-1,-1,0,-1
2020522001254,2020,522001254,2,9,0,1,1,2,6,0,0,0,0,0,0,0,2,1,6,6,1,60,9,-1,-1,-1,-1,-1,-1,0,-1
20201377S0766,2020,1377S0766,1,9,0,1,1,0,0,0,0,0,0,0,0,0,3,1,6,6,3,-1,-1,-1,-1,-1,-1,-1,-1,0,-1
2020052100239,2020,052100239,1,9,0,18,19,3,7,0,0,0,0,0,0,0,1,1,6,6,3,-1,-1,-1,-1,-1,-1,-1,-1,0,-1
202006F274032,2020,06F274032,1,1,0,18,19,3,7,0,0,1,0,0,0,0,1,1,6,6,1,15,3,-1,-1,-1,-1,1,E01005611,0,-1
2020460968131,2020,460968131,1,21,0,18,19,4,8,0,0,8,0,0,0,0,1,1,1,1,1,31,6,-1,-1,-1,-1,-1,-1,0,-1
2020421007914,2020,421007914,1,9,-1,18,19,6,2,0,0,1,0,0,0,0,1,1,6,6,3,-1,-1,-1,-1,-1,-1,-1,-1,0,-1
2020010268442,2020,010268442,1,1,0,18,19,3,7,0,0,0,0,0,0,0,1,1,6,6,1,-1,-1,-1,-1,-1,-1,2,E01004001,0,-1
2020010260429,2020,010260429,1,19,0,99,99,9,9,99,99,9,9,99,9,99,1,9,6,6,1,71,10,-1,-1,-1,-1,4,E01003722,0,-1
2020220998076,2020,220998076,2,1,0,18,19,6,2,0,0,0,0,0,1,0,3,1,5,6,1,53,8,-1,-1,-1,-1,5,E01014031,0,-1
2020351012004,2020,351012004,2,1,0,18,19,6,2,0,0,1,0,0,0,0,1,1,5,6,1,36,7,-1,-1,-1,-1,3,E01017977,0,-1
2020420967570,2020,420967570,1,1,0,18,19,5,1,0,0,2,2,0,1,2,1,1,6,6,1,37,7,-1,-1,-1,-1,10,E01021625,0,-1
2020200949445,2020,200949445,1,9,0,12,12,-1,-1,0,0,0,0,0,0,0,3,1,1,1,1,41,7,-1,-1,-1,-1,-1,-1,0,-1
2020052001891,2020,052001891,1,9,0,18,19,8,4,0,0,1,0,0,0,0,1,1,6,6,3,-1,-1,-1,-1,-1,-1,-1,-1,0,-1
2020500957686,2020,500957686,1,9,0,18,19,1,5,0,0,0,0,0,0,0,0,1,6,6,3,-1,-1,-1,-1,-1,-1,-1,-1,0,-1
2020210931012,2020,210931012,2,9,-1,-1,-1,0,0,-1,-1,0,-1,-1,-1,0,-1,1,5,6,1,-1,-1,-1,-1,-1,-1,1,E01014330,0,-1
2020440080589,2020,440080589,1,19,0,18,19,5,2,0,0,8,0,0,0,0,1,1,2,2,1,59,9,-1,-1,-1,-1,7,E01022724,0,-1
2020010236161,2020,010236161,2,1,0,18,19,3,7,0,0,8,0,0,0,0,1,1,6,6,1,90,11,-1,-1,-1,-1,9,E01003809,0,-1
2020110936311,2020,110936311,2,9,0,2,2,0,0,0,0,1,1,0,0,0,3,1,6,6,3,-1,-1,-1,-1,-1,-1,-1,-1,0,-1
2020010240955,2020,010240955,2,9,0,99,99,9,9,99,99,9,9,99,9,99,1,9,6,6,3,-1,-1,-1,-1,-1,-1,-1,-1,0,-1
2020470924694,2020,470924694,2,1,0,18,19,7,3,0,0,8,0,0,0,0,2,1,6,6,2,19,4,-1,-1,-1,-1,4,E01021051,0,-1
2020430368883,2020,430368883,1,21,1,6,6,7,7,0,0,6,0,0,0,0,3,2,1,1,1,-1,-1,-1,-1,-1,-1,-1,-1,0,-1
2020440194375,2020,440194375,2,9,0,18,19,8,4,0,0,0,0,0,0,0,1,1,6,6,1,57,9,-1,-1,-1,-1,4,E01017311,0,-1
2020450980976,2020,450980976,2,9,0,18,19,7,3,0,0,1,0,0,0,0,1,1,1,1,1,40,7,-1,-1,-1,-1,5,E01030572,0,-1
2020470960295,2020,470960295,2,1,0,18,19,-1,-1,9,9,1,0,0,0,0,1,1,6,6,2,-1,-1,-1,-1,-1,-1,-1,-1,0,-1
2020010237494,2020,010237494,1,1,9,99,99,9,9,99,99,9,9,99,9,99,1,1,2,2,1,37,7,-1,-1,-1,-1,2,E01003330,0,-1
2020010254046,2020,010254046,4,9,0,3,3,3,7,0,0,0,0,0,0,0,2,1,6,6,3,-1,-1,-1,-1,-1,-1,-1,-1,0,-1
2020451008538,2020,451008538,2,9,0,2,2,1,5,0,0,0,0,4,0,0,2,1,6,6,3,-1,-1,-1,-1,-1,-1,-1,-1,0,-1
2020430300672,2020,430300672,2,1,0,18,19,4,8,0,0,8,0,0,0,0,4,1,3,7,1,50,8,-1,-1,-1,-1,7,E01028549,0,-1
2020010252170,2020,010252170,2,9,0,99,99,9,9,99,99,9,9,99,9,99,1,9,6,6,3,-1,-1,-1,-1,-1,-1,-1,-1,0,-1
2020990982008,2020,990982008,2,1,0,11,11,3,7,0,0,1,0,0,0,0,1,1,2,2,1,37,7,-1,-1,-1,-1,9,-1,0,-1
2020990965664,2020,990965664,1,9,0,1,1,6,4,0,0,8,0,0,0,0,2,1,6,6,2,30,6,-1,-1,-1,-1,-1,-1,0,-1
2020430432811,2020,430432811,2,1,0,18,19,6,2,0,0,8,0,0,0,0,1,1,6,6,1,32,6,-1,-1,-1,-1,5,E01023869,0,-1
2020220986314,2020,220986314,1,9,0,16,19,6,2,0,0,0,1,0,0,0,1,1,1,1,1,30,6,-1,-1,-1,-1,7,E01028950,0,-1
2020010265070,2020,010265070,2,1,0,18,19,5,1,0,0,8,0,0,0,0,1,1,6,6,1,26,6,-1,-1,-1,-1,2,E01001588,0,-1
2020302000662,2020,302000662,1,1,0,18,19,8,4,9,9,1,0,0,0,0,0,1,6,6,1,4,1,-1,-1,-1,-1,1,E01013479,0,-1
2020010246535,2020,010246535,2,9,0,99,99,9,9,99,99,9,9,99,9,99,1,9,6,6,3,-1,-1,-1,-1,-1,-1,-1,-1,0,-1
2020430354277,2020,430354277,1,9,0,7,7,6,8,0,0,5,1,0,0,0,4,1,6,6,1,17,4,-1,-1,-1,-1,9,E01016263,0,-1
2020990983074,2020,990983074,2,1,0,18,19,8,4,0,0,0,0,0,0,0,3,1,6,6,2,74,10,-1,-1,-1,-1,3,-1,0,-1
2020010240209,2020,010240209,1,1,0,18,19,3,7,0,0,0,0,0,0,0,0,1,6,6,2,23,5,-1,-1,-1,-1,-1,-1,0,-1
2020010260115,2020,010260115,1,1,9,99,99,9,9,99,99,9,9,99,9,99,9,1,6,6,3,55,8,-1,-1,-1,-1,8,E01000910,0,-1
2020010249509,2020,010249509,2,1,9,99,99,9,9,99,99,9,9,99,9,99,9,-1,6,6,3,-1,-1,-1,-1,-1,-1,4,E01003343,0,-1
2020201005240,2020,201005240,1,9,0,9,9,2,8,0,0,5,0,0,0,0,3,1,6,6,1,-1,-1,-1,-1,-1,-1,-1,-1,0,-1
2020440495426,2020,440495426,1,9,0,18,19,1,5,0,0,0,0,0,0,0,1,1,6,6,3,-1,-1,-1,-1,-1,-1,-1,-1,0,-1
2020332001020,2020,332001020,1,21,0,18,19,3,7,0,0,0,5,10,7,0,4,1,1,1,1,51,8,-1,-1,-1,-1,8,E01025637,0,-1
2020332000762,2020,332000762,2,9,0,18,19,1,5,0,0,0,0,0,0,0,1,1,6,6,2,44,7,-1,-1,-1,-1,10,E01025772,0,-1
2020100978122,2020,100978122,1,3,0,18,19,1,5,0,0,3,2,0,0,0,3,1,6,6,1,-1,-1,-1,-1,-1,-1,-1,-1,0,-1
202031B053320,2020,31B053320,2,1,0,9,9,7,5,0,0,8,0,0,0,0,4,1,6,6,1,57,9,-1,-1,-1,-1,9,E01019805,0,-1
2020010261792,2020,010261792,2,9,0,99,99,9,9,99,99,0,9,99,9,99,2,9,6,6,3,-1,-1,-1,-1,-1,-1,-1,-1,0,-1
202060Y018394,2020,60Y018394,1,3,0,16,19,4,8,0,0,8,2,7,2,1,1,1,6,6,1,23,5,-1,-1,-1,-1,-1,-1,0,-1
2020460957826,2020,460957826,2,1,0,18,19,7,3,0,0,1,0,0,0,0,1,1,2,2,1,53,8,-1,-1,-1,-1,6,E01024420,0,-1
2020010250406,2020,010250406,2,9,0,16,19,3,7,0,0,1,0,0,0,0,3,1,1,1,1,36,7,-1,-1,-1,-1,2,E01003304,0,-1
2020010235292,2020,010235292,1,98,9,99,99,9,9,99,99,0,9,99,9,99,9,1,6,6,3,-1,-1,-1,-1,-1,-1,-1,-1,0,-1
2020520100047,2020,520100047,2,1,0,18,19,8,4,0,0,0,0,4,0,0,1,1,6,6,1,22,5,-1,-1,-1,-1,6,E01029052,0,-1
2020100981370,2020,100981370,2,1,0,3,3,2,6,0,0,1,0,0,0,0,1,1,5,6,2,38,7,-1,-1,-1,-1,7,E01008323,0,-1
2020520005068,2020,520005068,1,9,0,18,19,7,3,0,0,1,1,0,1,0,0,1,6,6,1,27,6,-1,-1,-1,-1,7,E01029085,0,-1
2020332000794,2020,332000794,2,9,0,18,19,2,5,0,0,8,0,0,0,0,4,1,6,6,1,25,5,-1,-1,-1,-1,8,E01025861,0,-1
2020440220131,2020,440220131,1,9,0,18,19,8,4,0,0,0,2,0,1,4,1,1,6,6,1,21,5,-1,-1,-1,-1,10,E01022987,0,-1
202006N172443,2020,06N172443,2,1,0,18,19,8,4,0,0,0,0,0,0,0,3,1,6,6,1,49,8,-1,-1,-1,-1,2,E01004980,0,-1
2020010273200,2020,010273200,1,9,0,18,19,3,7,0,0,2,0,0,0,0,1,1,6,6,3,20,4,-1,-1,-1,-1,-1,-1,0,-1
2020052000573,2020,052000573,1,9,0,5,5,1,5,0,0,0,0,0,0,0,1,1,6,6,3,-1,-1,-1,-1,-1,-1,-1,-1,0,-1
2020160970228,2020,160970228,1,1,0,18,19,4,8,0,0,0,0,0,0,0,3,1,6,6,1,34,6,-1,-1,-1,-1,1,E01012779,0,-1
2020430232335,2020,430232335,1,1,0,18,19,7,3,0,0,1,0,0,0,0,1,1,2,2,1,25,5,-1,-1,-1,-1,8,E01016508,0,-1
2020010248157,2020,010248157,1,1,9,99,99,9,9,99,99,0,9,99,9,99,1,1,2,2,1,39,7,-1,-1,-1,-1,4,E01004531,0,-1
2020470967825,2020,470967825,2,1,0,7,7,2,3,0,0,5,0,0,1,0,0,1,5,6,1,63,9,-1,-1,-1,-1,10,E01021159,0,-1
2020110938280,2020,110938280,2,9,0,18,19,1,5,0,0,1,0,0,0,0,1,1,2,2,2,41,7,-1,-1,-1,-1,4,E01020852,0,-1
2020450976647,2020,450976647,1,1,0,18,19,3,3,0,0,0,0,0,0,0,2,1,5,6,1,52,8,-1,-1,-1,-1,10,E01030430,0,-1
2020010237697,2020,010237697,1,1,0,11,11,3,7,0,0,1,0,0,1,0,1,1,2,2,1,24,5,-1,-1,-1,-1,8,E01004502,0,-1
2020010249766,2020,010249766,1,9,0,18,19,7,3,0,0,8,0,0,0,0,1,1,6,6,3,-1,-1,-1,-1,-1,-1,-1,-1,0,-1
2020370935859,2020,370935859,2,9,0,18,19,6,2,0,0,0,0,0,1,0,1,1,1,1,1,45,7,-1,-1,-1,-1,8,E01026450,0,-1
2020420991309,2020,420991309,2,1,0,18,19,3,7,0,0,1,0,0,0,0,3,1,6,6,2,57,9,-1,-1,-1,-1,2,E01021485,0,-1
2020549738320,2020,549738320,2,9,0,4,4,7,3,0,0,0,0,0,0,0,2,1,6,6,1,30,6,-1,-1,-1,-1,2,E01029236,0,-1
2020450917576,2020,450917576,1,90,0,18,19,1,5,0,0,1,0,0,0,0,1,1,6,6,3,45,7,-1,-1,-1,-1,-1,-1,0,-1
2020340W04312,2020,340W04312,2,9,0,9,9,5,3,0,0,8,0,0,0,0,0,1,6,6,1,53,8,-1,-1,-1,-1,7,E01027338,0,-1
2020170L20560,2020,170L20560,2,1,0,9,9,4,2,0,0,8,0,0,0,0,1,1,6,6,1,21,5,-1,-1,-1,-1,-1,-1,0,-1
2020070032955,2020,070032955,1,9,0,4,4,6,2,0,0,1,0,0,0,0,1,1,6,6,3,-1,-1,-1,-1,-1,-1,-1,-1,0,-1
2020010240548,2020,010240548,1,9,0,17,19,7,3,0,0,9,0,11,0,0,4,9,-1,-1,3,-1,-1,-1,-1,-1,-1,-1,-1,0,-1
2020401004982,2020,401004982,2,1,0,18,19,-1,-1,0,0,8,0,0,0,0,3,1,6,6,1,38,7,-1,-1,-1,-1,7,E01017524,0,-1
2020340C02682,2020,340C02682,1,9,0,18,19,5,1,0,0,4,0,0,0,0,3,1,6,6,1,-1,-1,-1,-1,-1,-1,-1,-1,0,-1
2020361003660,2020,361003660,2,1,0,18,19,8,4,0,0,1,0,0,0,0,3,1,6,6,1,35,6,-1,-1,-1,-1,9,E01026422,0,-1
2020990920834,2020,990920834,2,1,0,9,9,8,6,0,0,1,0,0,0,0,1,1,6,6,1,30,6,-1,-1,-1,-1,-1,-1,0,-1
2020470964267,2020,470964267,2,1,0,18,19,7,3,0,0,1,0,0,0,0,1,1,5,6,1,42,7,-1,-1,-1,-1,4,E01017128,0,-1
2020200976014,2020,200976014,1,9,0,18,19,4,8,0,0,0,0,0,0,0,4,1,6,6,3,-1,-1,-1,-1,-1,-1,-1,-1,0,-1
2020430293449,2020,430293449,1,1,0,18,19,7,3,0,0,1,0,0,0,0,1,1,4,7,1,16,4,-1,-1,-1,-1,5,E01016369,0,-1
2020332000410,2020,332000410,2,9,0,18,19,2,6,0,0,0,0,0,0,0,1,1,6,6,1,71,10,-1,-1,-1,-1,8,E01025771,0,-1
2020990985532,2020,990985532,3,9,0,2,2,0,0,0,0,0,0,0,0,0,2,1,6,6,3,-1,-1,-1,-1,-1,-1,-1,-1,0,-1
2020160951443,2020,160951443,1,9,4,13,13,5,1,0,0,0,0,0,0,0,2,1,6,6,1,-1,-1,-1,-1,-1,-1,6,E01012922,0,-1
2020010243975,2020,010243975,1,4,0,99,99,9,9,0,0,9,0,99,9,99,9,-1,-1,-1,3,-1,-1,-1,-1,-1,-1,-1,-1,0,-1
2020522004506,2020,522004506,2,22,0,18,19,2,6,9,9,8,0,0,0,0,3,1,6,6,1,20,4,-1,-1,-1,-1,1,E01033358,0,-1
2020140975239,2020,140975239,1,9,0,18,19,5,1,0,0,1,0,0,0,0,1,1,6,6,3,-1,-1,-1,-1,-1,-1,-1,-1,0,-1
2020420956794,2020,420956794,3,9,0,18,19,6,2,0,0,0,0,0,0,0,0,1,6,6,3,-1,-1,-1,-1,-1,-1,-1,-1,0,-1
2020420988390,2020,420988390,2,1,0,18,19,8,4,0,0,0,5,0,7,0,2,1,6,6,1,33,6,-1,-1,-1,-1,-1,-1,0,-1
2020470986972,2020,470986972,2,1,0,18,19,8,4,0,0,0,0,0,0,0,3,1,5,6,1,64,9,-1,-1,-1,-1,8,E01021233,0,-1
2020010270413,2020,010270413,2,2,0,5,5,5,1,0,0,0,0,0,0,0,1,1,6,6,3,-1,-1,-1,-1,-1,-1,-1,-1,0,-1
2020010258400,2020,010258400,1,9,0,4,4,7,3,0,0,1,0,0,0,0,2,1,6,6,1,33,6,-1,-1,-1,-1,5,E01004354,0,-1
2020052002278,2020,052002278,1,9,0,18,19,7,3,0,0,0,0,0,0,0,4,1,6,6,3,-1,-1,-1,-1,-1,-1,-1,-1,0,-1
202031C042320,2020,31C042320,1,9,0,18,19,2,6,0,0,1,0,0,0,0,1,1,6,6,3,-1,-1,-1,-1,-1,-1,-1,-1,0,-1
2020410992464,2020,410992464,2,9,0,17,19,1,5,0,0,0,0,0,0,0,0,1,5,6,2,46,8,-1,-1,-1,-1,10,E01023822,0,-1
2020040972006,2020,040972006,2,9,0,10,10,5,1,0,0,1,0,0,0,0,3,1,2,2,1,42,7,-1,-1,-1,-1,2,E01025292,0,-1
2020110986043,2020,110986043,2,9,0,10,10,7,5,0,0,1,0,0,0,0,2,1,3,7,2,28,6,-1,-1,-1,-1,5,E01020904,0,-1
2020350999853,2020,350999853,2,1,0,18,19,7,3,0,0,5,0,0,0,0,4,1,2,2,2,27,6,-1,-1,-1,-1,7,E01017963,0,-1
2020420991351,2020,420991351,1,1,0,18,19,2,3,0,0,1,0,0,0,0,1,1,3,7,1,12,3,-1,-1,-1,-1,10,E01021605,0,-1
2020160960249,2020,160960249,2,98,0,12,12,6,2,0,0,0,0,0,0,0,0,1,6,6,3,-1,-1,-1,-1,-1,-1,-1,-1,0,-1
202031C171520,2020,31C171520,2,1,0,18,19,2,6,0,0,8,0,0,0,0,1,1,6,6,1,18,4,-1,-1,-1,-1,1,E01013954,0,-1
2020070314575,2020,070314575,2,1,0,18,19,1,5,0,0,0,0,0,1,0,3,1,6,6,2,54,8,-1,-1,-1,-1,7,E01018336,0,-1
2020201015123,2020,201015123,2,1,0,18,19,-1,-1,0,0,0,0,0,0,0,3,1,6,6,1,57,9,-1,-1,-1,-1,1,E01009341,0,-1
2020010240632,2020,010240632,1,9,0,4,4,1,5,0,0,1,0,0,0,0,2,1,1,1,1,31,6,-1,-1,-1,-1,5,E01033734,0,-1
2020461005084,2020,461005084,2,4,0,18,19,1,5,0,0,1,5,0,0,0,1,1,5,6,1,38,7,-1,-1,-1,-1,1,E01024615,0,-1
2020552000593,2020,552000593,2,1,0,18,19,8,4,0,0,8,0,0,0,0,1,1,6,6,1,38,7,-1,-1,-1,-1,2,E01015280,0,-1
2020420946576,2020,420946576,2,1,0,18,19,5,1,0,0,8,0,0,0,0,2,1,6,6,1,54,8,-1,-1,-1,-1,7,E01002338,0,-1
2020010265738,2020,010265738,2,1,0,5,5,5,1,0,0,1,0,0,1,0,2,1,6,6,1,19,4,-1,-1,-1,-1,3,E01003099,0,-1
2020010235379,2020,010235379,1,4,0,18,19,8,4,0,0,0,0,0,0,0,3,1,6,6,1,17,4,-1,-1,-1,-1,5,E01002119,0,-1
2020481001417,2020,481001417,1,11,0,17,19,5,1,0,0,2,0,0,0,0,4,1,1,1,1,60,9,-1,-1,-1,-1,-1,-1,0,-1
2020460919389,2020,460919389,2,9,-1,18,19,4,8,0,0,1,0,0,0,0,1,1,6,6,3,-1,-1,-1,-1,-1,-1,-1,-1,0,-1
2020070432653,2020,070432653,2,98,0,4,4,8,4,0,0,0,0,0,0,0,2,1,1,1,1,50,8,-1,-1,-1,-1,-1,-1,0,-1
2020040915529,2020,040915529,1,9,0,18,19,3,7,0,0,1,0,0,0,0,1,1,6,6,3,-1,-1,-1,-1,-1,-1,-1,-1,0,-1
2020052001708,2020,052001708,1,9,4,13,13,2,6,0,0,0,0,0,0,0,3,1,6,6,3,-1,-1,-1,-1,-1,-1,-1,-1,0,-1
2020010247485,2020,010247485,2,98,0,99,99,9,9,99,99,9,9,99,9,99,9,9,6,6,3,-1,-1,-1,-1,-1,-1,-1,-1,0,-1
202031B106020,2020,31B106020,3,9,0,13,13,5,1,0,0,8,0,0,0,0,1,1,6,6,3,-1,-1,-1,-1,-1,-1,-1,-1,0,-1
202031C067120,2020,31C067120,2,1,0,18,19,1,5,0,0,8,0,0,0,0,1,1,6,6,2,34,6,-1,-1,-1,-1,2,E01013972,0,-1
202060Y096254,2020,60Y096254,1,9,0,1,1,7,3,0,0,0,0,0,0,0,1,1,6,6,1,43,7,-1,-1,-1,-1,-1,-1,0,-1
2020010248438,2020,010248438,2,1,0,18,19,7,3,0,0,8,2,0,0,0,1,1,6,6,1,35,6,-1,-1,-1,-1,2,E01000126,0,-1
2020460964749,2020,460964749,2,9,0,2,2,5,1,0,0,8,0,0,0,0,1,1,6,6,3,-1,-1,-1,-1,-1,-1,-1,-1,0,-1
202031B060820,2020,31B060820,2,1,0,18,19,4,1,0,0,8,0,0,0,0,0,1,2,2,1,18,4,-1,-1,-1,-1,6,E01028016,0,-1
2020440011621,2020,440011621,1,9,0,16,19,2,6,0,0,0,2,0,1,10,4,1,6,6,1,22,5,-1,-1,-1,-1,9,E01023275,0,-1
2020010253205,2020,010253205,1,1,9,18,19,2,6,0,0,1,5,0,0,99,3,1,6,6,2,34,6,-1,-1,-1,-1,5,E01033708,0,-1
2020340S01812,2020,340S01812,2,1,0,18,19,5,1,0,0,8,0,0,0,0,1,1,6,6,1,61,9,-1,-1,-1,-1,7,E01027182,0,-1
2020501014098,2020,501014098,2,1,0,7,7,5,1,0,0,3,0,0,0,0,2,1,6,6,1,28,6,-1,-1,-1,-1,3,E01015168,0,-1
2020010256845,2020,010256845,2,1,0,18,19,1,5,0,0,1,0,0,0,0,0,1,6,6,1,17,4,-1,-1,-1,-1,8,E01004069,0,-1
2020470993276,2020,470993276,1,98,0,18,19,4,1,0,0,5,0,0,0,0,3,1,6,6,3,-1,-1,-1,-1,-1,-1,-1,-1,0,-1
2020332000782,2020,332000782,1,9,0,9,9,7,5,0,0,2,0,0,0,0,1,1,3,7,1,41,7,-1,-1,-1,-1,1,E01013748,0,-1
2020430180836,2020,430180836,2,1,0,18,19,5,1,0,0,8,0,0,0,0,3,1,6,6,1,32,6,-1,-1,-1,-1,4,E01016359,0,-1
2020052001375,2020,052001375,1,9,0,9,9,5,3,0,0,5,0,0,0,0,1,1,6,6,3,-1,-1,-1,-1,-1,-1,-1,-1,0,-1
2020332000508,2020,332000508,1,1,0,18,19,7,3,0,0,0,0,0,0,0,3,1,6,6,1,30,6,-1,-1,-1,-1,-1,-1,0,-1
20201379A1407,2020,1379A1407,2,9,0,18,19,5,1,0,0,0,0,0,0,0,4,1,6,6,2,52,8,-1,-1,-1,-1,2,E01010667,0,-1
2020430397107,2020,430397107,2,1,0,18,19,7,3,0,0,4,0,0,0,0,2,1,6,6,1,36,7,-1,-1,-1,-1,10,E01030799,0,-1
2020470972651,2020,470972651,2,98,0,13,13,7,3,0,0,0,0,0,0,0,0,1,6,6,3,-1,-1,-1,-1,-1,-1,-1,-1,0,-1
2020010241381,2020,010241381,1,1,9,99,99,9,9,99,99,9,9,99,9,99,0,1,2,2,1,34,6,-1,-1,-1,-1,3,E01004344,0,-1
2020332000591,2020,332000591,2,9,0,18,19,1,5,0,0,8,0,7,0,0,1,1,6,6,3,-1,-1,-1,-1,-1,-1,-1,-1,0,-1
202031C088020,2020,31C088020,1,1,0,18,19,2,6,0,0,8,0,0,0,0,1,1,6,6,1,54,8,-1,-1,-1,-1,2,E01013872,0,-1
2020010260324,2020,010260324,2,1,0,18,19,6,2,0,0,8,1,0,0,0,1,1,2,2,2,31,6,-1,-1,-1,-1,5,E01003155,0,-1
2020420961161,2020,420961161,1,98,1,5,5,3,5,0,0,0,0,0,0,0,1,1,6,6,1,-1,-1,-1,-1,-1,-1,-1,-1,0,-1
2020010237803,2020,010237803,2,9,0,99,99,9,9,99,99,9,9,99,9,99,1,9,6,6,3,-1,-1,-1,-1,-1,-1,-1,-1,0,-1
2020350944000,2020,350944000,1,19,0,18,19,6,2,0,0,2,0,10,1,1,1,1,1,1,1,37,7,-1,-1,-1,-1,3,E01017977,0,-1
2020137561173,2020,137561173,2,1,0,3,3,5,1,0,0,4,0,0,0,0,0,1,6,6,1,50,8,-1,-1,-1,-1,10,E01011845,0,-1
2020430215144,2020,430215144,2,9,0,18,19,5,1,0,0,1,0,0,0,0,1,1,6,6,1,-1,-1,-1,-1,-1,-1,-1,-1,0,-1
2020990945867,2020,990945867,1,1,0,9,9,1,7,0,0,1,0,0,0,0,3,1,6,6,1,35,6,-1,-1,-1,-1,2,-1,0,-1
2020460922923,2020,460922923,1,9,0,3,3,2,6,0,0,0,0,0,0,0,1,1,6,6,1,30,6,-1,-1,-1,-1,3,E01030385,0,-1
2020010236259,2020,010236259,1,1,9,99,99,9,9,99,99,9,9,99,9,99,1,-1,2,2,2,24,5,-1,-1,-1,-1,1,E01003051,0,-1
2020010228984,2020,010228984,2,9,0,18,19,3,7,0,0,8,0,0,0,0,1,1,6,6,1,-1,-1,-1,-1,-1,-1,10,E01032624,0,-1
2020610039020,2020,610039020,1,1,0,18,19,2,6,0,0,1,1,0,0,0,1,1,6,6,1,32,6,-1,-1,-1,-1,-1,-1,0,-1
2020010271650,2020,010271650,2,9,0,99,99,9,9,0,0,9,0,0,0,0,1,9,6,6,3,-1,-1,-1,-1,-1,-1,-1,-1,0,-1
2020332000843,2020,332000843,1,19,0,18,19,5,1,0,0,0,1,0,0,0,1,1,6,6,1,50,8,-1,-1,-1,-1,9,E01025876,0,-1
2020332000796,2020,332000796,1,9,0,17,19,4,8,0,0,0,1,0,7,0,4,1,2,2,1,25,5,-1,-1,-1,-1,10,E01025729,0,-1
2020302000626,2020,302000626,1,1,0,18,19,5,1,0,0,0,0,0,1,11,3,1,6,6,3,24,5,-1,-1,-1,-1,2,E01019542,0,-1
2020430037596,2020,430037596,2,9,0,18,19,2,5,0,0,0,0,0,0,0,3,1,6,6,3,-1,-1,-1,-1,-1,-1,-1,-1,0,-1
2020070337369,2020,070337369,1,19,0,3,3,5,1,0,0,8,0,0,0,0,1,1,6,6,1,75,10,-1,-1,-1,-1,5,E01006475,0,-1
2020040960311,2020,040960311,1,9,0,15,15,2,6,0,0,0,0,0,0,0,1,1,6,6,3,-1,-1,-1,-1,-1,-1,-1,-1,0,-1
2020420927595,2020,420927595,2,1,0,18,19,6,2,0,0,0,0,0,0,0,2,1,4,7,1,13,3,-1,-1,-1,-1,1,E01015867,0,-1
2020040965425,2020,040965425,1,90,0,18,19,3,7,0,0,1,0,4,0,0,1,1,6,6,1,22,5,-1,-1,-1,-1,1,E01012748,0,-1
2020010261688,2020,010261688,1,9,0,18,19,5,1,0,0,0,0,0,0,0,1,1,6,6,3,-1,-1,-1,-1,-1,-1,-1,-1,0,-1
202031D065820,2020,31D065820,2,1,0,18,19,4,8,0,0,0,0,0,0,0,4,1,6,6,1,23,5,-1,-1,-1,-1,10,E01028377,0,-1
2020010263417,2020,010263417,1,1,0,18,19,1,5,0,0,2,0,99,0,0,9,1,6,6,3,-1,-1,-1,-1,-1,-1,-1,-1,0,-1
2020460918630,2020,460918630,1,9,0,18,19,8,4,0,0,0,0,0,0,0,1,1,1,1,2,54,8,-1,-1,-1,-1,4,E01024624,0,-1
2020450916233,2020,450916233,1,1,0,4,4,8,6,0,0,0,2,0,0,0,3,1,2,2,1,41,7,-1,-1,-1,-1,10,E01030353,0,-1
2020332000491,2020,332000491,2,19,0,18,19,2,4,0,0,0,0,0,0,0,3,1,6,6,3,-1,-1,-1,-1,-1,-1,-1,-1,0,-1
2020140963792,2020,140963792,1,9,0,18,19,1,5,0,0,1,0,0,0,0,1,1,5,6,1,29,6,-1,-1,-1,-1,-1,-1,0,-1