collision_index,collision_year,collision_ref_no,vehicle_reference,vehicle_type,towing_and_articulation,vehicle_manoeuvre_historic,vehicle_manoeuvre,vehicle_direction_from,vehicle_direction_to,vehicle_location_restricted_lane_historic,vehicle_location_restricted_lane,junction_location,skidding_and_overturning,hit_object_in_carriageway,vehicle_leaving_carriageway,hit_object_off_carriageway,first_point_of_impact,vehicle_left_hand_drive,journey_purpose_of_driver_historic,journey_purpose_of_driver,sex_of_driver,age_of_driver,age_band_of_driver,engine_capacity_cc,propulsion_code,age_of_vehicle,generic_make_model,driver_imd_decile,lsoa_of_driver,escooter_flag,driver_distance_banding
2020160980181,2020,160980181,1,98,0,18,19,4,8,0,0,0,0,0,0,0,1,1,5,6,2,63,9,-1,-1,-1,-1,2,E01013331,0,-1
2020420992742,2020,420992742,2,9,0,2,2,0,0,9,9,0,0,0,0,0,4,1,6,6,3,-1,-1,-1,-1,-1,-1,-1,-1,0,-1
2020440262545,2020,440262545,2,1,0,9,9,8,6,0,0,8,0,0,0,0,3,1,6,6,1,-1,-1,-1,-1,-1,-1,10,E01023000,0,-1
2020110973319,2020,110973319,2,9,0,18,19,6,2,0,0,8,0,0,0,0,3,1,1,1,1,31,6,-1,-1,-1,-1,3,E01012328,0,-1
2020010248503,2020,010248503,1,1,9,99,99,9,9,99,99,0,9,99,9,99,1,1,6,6,1,44,7,-1,-1,-1,-1,2,E01002078,0,-1
2020010240505,2020,010240505,2,1,0,15,15,1,5,0,0,0,0,8,0,0,1,1,2,2,1,39,7,-1,-1,-1,-1,6,E01002678,0,-1
202060Y138694,2020,60Y138694,1,5,0,16,19,3,6,0,0,1,0,0,0,0,3,1,6,6,1,58,9,-1,-1,-1,-1,-1,-1,0,-1
2020470978788,2020,470978788,1,1,0,16,19,8,4,9,9,0,0,0,7,10,1,1,5,6,2,48,8,-1,-1,-1,-1,9,E01017389,0,-1
2020010260759,2020,010260759,2,1,0,18,19,7,3,0,0,6,0,4,0,0,1,1,6,6,1,31,6,-1,-1,-1,-1,7,E01000493,0,-1
2020320023031,2020,320023031,2,9,0,18,19,3,7,0,0,1,0,0,0,0,2,1,6,6,3,-1,-1,-1,-1,-1,-1,-1,-1,0,-1
2020332000683,2020,332000683,2,9,0,18,19,8,4,0,0,8,0,0,0,0,1,1,6,6,2,44,7,-1,-1,-1,-1,2,E01013781,0,-1
202060Y173791,2020,60Y173791,1,21,0,11,11,2,6,0,0,0,0,0,0,0,1,1,1,1,1,37,7,-1,-1,-1,-1,-1,-1,0,-1
2020410974495,2020,410974495,2,1,0,18,19,7,3,0,0,1,0,0,1,0,1,1,5,6,1,24,5,-1,-1,-1,-1,7,E01023777,0,-1
2020140992875,2020,140992875,1,9,0,18,19,7,3,0,0,2,0,0,0,0,1,1,6,6,3,-1,-1,-1,-1,-1,-1,-1,-1,0,-1
2020010286631,2020,010286631,2,8,0,99,99,9,9,99,99,9,9,99,9,99,1,9,6,6,3,-1,-1,-1,-1,-1,-1,-1,-1,0,-1
2020360936835,2020,360936835,1,9,0,18,19,7,3,0,0,0,0,0,0,0,1,1,5,6,1,27,6,-1,-1,-1,-1,6,E01026664,0,-1
2020332000395,2020,332000395,1,9,0,16,19,7,1,0,0,0,0,0,0,0,1,1,6,6,3,-1,-1,-1,-1,-1,-1,-1,-1,0,-1
2020160990269,2020,160990269,1,19,0,18,19,4,8,0,0,4,0,0,0,0,1,1,6,6,3,-1,-1,-1,-1,-1,-1,-1,-1,0,-1
2020010285022,2020,010285022,2,1,0,18,19,5,1,0,0,1,0,0,0,0,4,1,2,2,1,34,6,-1,-1,-1,-1,3,E01001763,0,-1
2020332000810,2020,332000810,3,9,0,18,19,1,5,0,0,8,0,0,0,0,1,1,6,6,2,49,8,-1,-1,-1,-1,8,E01009819,0,-1
2020450979492,2020,450979492,2,98,0,18,19,1,5,0,0,0,0,0,0,0,1,1,1,1,1,60,9,-1,-1,-1,-1,2,E01015760,0,-1
2020481011584,2020,481011584,2,1,0,9,9,1,5,0,0,8,0,0,0,0,3,1,2,2,1,37,7,-1,-1,-1,-1,2,E01003323,0,-1
2020440447732,2020,440447732,2,19,0,18,19,8,4,0,0,0,0,0,0,0,1,1,6,6,3,-1,-1,-1,-1,-1,-1,-1,-1,0,-1
2020010283334,2020,010283334,2,3,0,99,99,9,9,99,99,0,9,99,9,99,4,1,6,6,3,-1,-1,-1,-1,-1,-1,-1,-1,0,-1
2020522100717,2020,522100717,2,90,0,3,3,2,6,0,0,1,0,0,0,0,1,1,6,6,2,19,4,-1,-1,-1,-1,2,E01014568,0,-1
202054A800520,2020,54A800520,1,9,0,4,4,7,3,0,0,1,0,0,0,0,1,1,6,6,1,40,7,-1,-1,-1,-1,-1,-1,0,-1
2020010249437,2020,010249437,1,1,9,99,99,9,9,99,99,9,9,99,9,99,2,1,2,2,1,39,7,-1,-1,-1,-1,5,E01004165,0,-1
2020010237070,2020,010237070,2,1,0,10,10,7,5,0,0,5,0,0,0,0,1,1,2,2,2,35,6,-1,-1,-1,-1,4,E01004628,0,-1
2020040968546,2020,040968546,1,1,0,18,19,3,7,0,0,6,5,0,0,0,3,1,5,6,1,15,3,-1,-1,-1,-1,1,E01025590,0,-1
2020440391699,2020,440391699,1,1,0,9,9,5,3,0,0,6,0,0,0,0,1,1,6,6,2,26,6,-1,-1,-1,-1,9,E01017146,0,-1
2020052001951,2020,052001951,1,19,0,18,19,2,6,0,0,2,0,0,0,0,4,1,6,6,3,-1,-1,-1,-1,-1,-1,-1,-1,0,-1
2020552001154,2020,552001154,1,9,0,9,9,4,2,0,0,8,5,0,0,0,4,1,6,6,1,58,9,-1,-1,-1,-1,3,E01015429,0,-1
2020332001113,2020,332001113,3,98,0,18,19,5,1,0,0,0,0,0,0,0,0,1,6,6,1,53,8,-1,-1,-1,-1,-1,-1,0,-1
2020201019444,2020,201019444,1,9,0,18,19,6,2,0,0,1,0,0,0,0,1,1,2,2,2,28,6,-1,-1,-1,-1,2,E01010528,0,-1
2020052002305,2020,052002305,1,9,0,18,19,8,4,0,0,0,0,0,0,0,4,1,6,6,3,-1,-1,-1,-1,-1,-1,-1,-1,0,-1
2020471002112,2020,471002112,2,1,0,18,19,1,7,0,0,8,0,9,7,0,4,1,5,6,1,28,6,-1,-1,-1,-1,10,E01031646,0,-1
2020370926783,2020,370926783,2,1,0,18,19,7,3,0,0,8,5,0,0,0,3,1,2,2,1,38,7,-1,-1,-1,-1,8,E01030211,0,-1
2020141002277,2020,141002277,5,9,0,2,2,0,0,0,0,0,0,0,0,0,1,1,6,6,3,-1,-1,-1,-1,-1,-1,-1,-1,0,-1
2020411008307,2020,411008307,2,1,0,18,19,4,8,0,0,0,0,0,0,0,1,1,4,7,1,15,3,-1,-1,-1,-1,10,E01023894,0,-1
2020010280248,2020,010280248,2,9,0,99,99,9,9,99,99,9,9,99,9,99,1,9,6,6,3,-1,-1,-1,-1,-1,-1,-1,-1,0,-1
2020530980053,2020,530980053,2,22,0,18,19,4,8,0,0,1,0,0,0,0,4,1,6,6,1,85,11,-1,-1,-1,-1,1,E01032932,0,-1
2020520001884,2020,520001884,2,1,0,18,19,6,2,0,0,8,0,0,0,0,4,1,6,6,1,47,8,-1,-1,-1,-1,6,E01029285,0,-1
202006L274242,2020,06L274242,1,9,0,8,8,1,5,0,0,1,0,0,0,0,1,1,6,6,1,54,8,-1,-1,-1,-1,8,E01006345,0,-1
202063B050420,2020,63B050420,1,9,0,16,19,7,2,0,0,0,0,0,7,10,3,1,6,6,2,84,11,-1,-1,-1,-1,10,W01000525,0,-1
2020137781412,2020,137781412,1,9,0,9,9,3,1,0,0,5,0,0,0,0,3,1,6,6,3,-1,-1,-1,-1,-1,-1,-1,-1,0,-1
2020470985104,2020,470985104,2,1,0,7,7,4,6,0,0,0,0,0,0,0,3,1,5,6,2,18,4,-1,-1,-1,-1,6,E01021182,0,-1
2020010262247,2020,010262247,2,9,0,18,19,5,1,0,0,1,9,0,0,99,1,9,6,6,3,-1,-1,-1,-1,-1,-1,-1,-1,0,-1
2020010270722,2020,010270722,1,-1,0,18,19,5,1,0,0,1,0,0,0,0,1,9,6,6,3,-1,-1,-1,-1,-1,-1,-1,-1,1,-1
2020122001232,2020,122001232,1,9,0,13,13,1,5,0,0,0,0,4,1,0,1,1,6,6,1,36,7,-1,-1,-1,-1,7,E01027603,0,-1
2020332000763,2020,332000763,2,9,0,18,19,5,1,0,0,0,0,0,0,0,1,1,2,2,1,34,6,-1,-1,-1,-1,8,E01025754,0,-1
2020450976814,2020,450976814,1,1,0,18,19,1,5,5,5,0,5,0,0,0,4,1,5,6,1,34,6,-1,-1,-1,-1,8,E01030538,0,-1
202031B145520,2020,31B145520,2,1,0,18,19,1,5,0,0,0,0,0,0,0,2,1,6,6,1,30,6,-1,-1,-1,-1,2,E01028053,0,-1
2020530950043,2020,530950043,1,1,0,2,2,-1,-1,0,0,0,0,0,0,0,3,1,2,2,1,22,5,-1,-1,-1,-1,6,E01032933,0,-1
2020201006723,2020,201006723,1,9,0,7,7,-1,-1,0,0,3,0,0,0,0,3,1,6,6,3,-1,-1,-1,-1,-1,-1,-1,-1,0,-1
2020010245157,2020,010245157,1,2,0,18,19,7,3,9,9,0,2,0,7,0,1,1,6,6,2,26,6,-1,-1,-1,-1,5,E01002629,0,-1
2020040979246,2020,040979246,1,9,0,18,19,5,1,0,0,0,0,0,0,0,1,1,6,6,3,59,9,-1,-1,-1,-1,-1,-1,0,-1
2020010258937,2020,010258937,1,8,0,5,5,1,5,99,99,9,0,99,9,99,9,1,6,6,2,40,7,-1,-1,-1,-1,-1,-1,0,-1
2020010267669,2020,010267669,2,9,4,18,19,1,5,0,0,0,0,0,0,0,1,1,1,1,1,-1,-1,-1,-1,-1,-1,2,E01001316,0,-1
2020010259562,2020,010259562,1,1,9,99,99,9,9,99,99,9,9,99,9,99,9,1,6,6,2,25,5,-1,-1,-1,-1,8,E01004498,0,-1
2020622000969,2020,622000969,2,1,0,18,19,8,4,0,0,8,0,0,0,0,1,1,6,6,1,29,6,-1,-1,-1,-1,8,W01001781,0,-1
2020332000945,2020,332000945,2,9,0,18,19,8,4,0,0,0,0,0,0,0,1,1,6,6,1,26,6,-1,-1,-1,-1,8,E01025768,0,-1
2020470924421,2020,470924421,1,1,0,18,19,4,8,0,0,8,0,0,0,0,2,1,5,6,1,12,3,-1,-1,-1,-1,1,E01031404,0,-1
2020622000089,2020,622000089,1,8,0,7,7,2,4,0,0,8,0,0,0,0,4,1,1,1,1,54,8,-1,-1,-1,-1,3,W01001816,0,-1
2020351002697,2020,351002697,1,9,0,4,4,2,6,0,0,8,0,0,0,0,1,1,6,6,1,23,5,-1,-1,-1,-1,4,E01026654,0,-1
2020010241092,2020,010241092,1,-1,0,18,19,2,6,0,0,2,1,0,0,0,3,1,2,2,1,21,5,-1,-1,-1,-1,3,E01004562,1,-1
2020461012069,2020,461012069,2,9,0,18,19,1,5,0,0,8,0,0,0,0,1,1,6,6,1,45,7,-1,-1,-1,-1,3,E01024559,0,-1
202006G273996,2020,06G273996,2,1,0,18,19,5,1,0,0,0,0,0,0,0,2,1,6,6,1,18,4,-1,-1,-1,-1,3,E01005972,0,-1
2020990963665,2020,990963665,2,1,0,17,19,2,7,0,0,1,0,0,0,0,3,1,5,6,1,68,10,-1,-1,-1,-1,9,-1,0,-1
2020070067270,2020,070067270,2,1,0,18,19,7,3,5,5,8,0,0,0,0,4,1,6,6,1,29,6,-1,-1,-1,-1,1,E01018317,0,-1
2020440211521,2020,440211521,1,9,0,9,9,0,1,0,0,0,0,0,0,0,3,1,6,6,3,-1,-1,-1,-1,-1,-1,6,E01015414,0,-1
202006A175230,2020,06A175230,2,1,0,14,14,4,8,0,0,0,0,0,0,0,4,1,1,1,2,27,6,-1,-1,-1,-1,4,E01005629,0,-1
2020010238304,2020,010238304,2,9,0,99,99,9,9,99,99,9,9,99,9,99,1,9,6,6,3,-1,-1,-1,-1,-1,-1,-1,-1,0,-1
2020470976910,2020,470976910,3,9,0,2,2,0,0,0,0,2,0,0,0,0,2,1,6,6,3,-1,-1,-1,-1,-1,-1,-1,-1,0,-1
2020400981919,2020,400981919,2,1,0,18,19,3,7,0,0,1,0,0,0,0,4,1,5,6,1,33,6,-1,-1,-1,-1,7,E01033431,0,-1
2020440360822,2020,440360822,2,9,0,11,11,2,6,0,0,0,0,0,0,0,3,1,6,6,3,-1,-1,-1,-1,-1,-1,-1,-1,0,-1
2020520100980,2020,520100980,1,5,0,18,19,4,8,0,0,0,0,0,0,0,1,1,6,6,1,40,7,-1,-1,-1,-1,8,E01029035,0,-1
2020430314912,2020,430314912,2,1,0,18,19,4,8,4,4,1,0,0,0,0,1,1,6,6,1,18,4,-1,-1,-1,-1,1,E01028576,0,-1
2020220981874,2020,220981874,3,1,0,16,19,4,6,0,0,0,0,0,0,0,1,1,5,6,1,28,6,-1,-1,-1,-1,8,E01032226,0,-1
2020040941147,2020,040941147,1,9,0,6,6,-1,-1,0,0,2,0,0,0,0,-1,1,6,6,3,-1,-1,-1,-1,-1,-1,-1,-1,0,-1
2020160946810,2020,160946810,2,97,0,11,11,2,7,0,0,0,0,0,0,0,4,1,6,6,1,29,6,-1,-1,-1,-1,-1,-1,0,-1
2020010250982,2020,010250982,2,9,0,99,99,9,9,99,99,1,9,99,9,99,2,9,6,6,1,-1,-1,-1,-1,-1,-1,-1,-1,0,-1
2020137C50287,2020,137C50287,1,8,0,9,9,1,5,0,0,8,0,0,0,0,1,1,1,1,1,47,8,-1,-1,-1,-1,1,E01033013,0,-1
2020137961021,2020,137961021,2,22,0,18,19,3,7,0,0,0,0,0,0,0,3,1,6,6,2,56,9,-1,-1,-1,-1,-1,-1,0,-1
2020450942714,2020,450942714,2,9,0,2,2,0,0,0,0,0,0,0,0,0,1,1,6,6,3,-1,-1,-1,-1,-1,-1,-1,-1,0,-1
2020320442003,2020,320442003,2,1,0,9,9,3,7,0,0,5,0,0,0,0,1,1,6,6,2,63,9,-1,-1,-1,-1,6,E01026282,0,-1
2020522100292,2020,522100292,2,4,0,4,4,8,4,0,0,8,0,0,0,0,2,1,6,6,1,37,7,-1,-1,-1,-1,6,E01014677,0,-1
202063B006620,2020,63B006620,1,90,0,1,1,2,8,0,0,5,0,0,0,0,3,1,6,6,1,65,9,-1,-1,-1,-1,5,W01000551,0,-1
2020010259876,2020,010259876,2,9,0,99,99,9,9,0,0,8,0,0,0,0,1,1,-1,-1,3,-1,-1,-1,-1,-1,-1,-1,-1,0,-1
2020450958301,2020,450958301,1,9,0,18,19,4,8,0,0,1,0,0,1,0,1,1,5,6,2,46,8,-1,-1,-1,-1,8,E01030722,0,-1
2020552000700,2020,552000700,2,1,0,18,19,2,6,9,9,8,0,0,0,0,4,1,6,6,1,26,6,-1,-1,-1,-1,8,E01015370,0,-1
2020470957495,2020,470957495,2,1,0,18,19,1,6,4,4,8,0,0,0,0,4,1,6,6,2,70,10,-1,-1,-1,-1,-1,-1,0,-1
2020010285620,2020,010285620,1,9,0,99,99,9,9,0,0,1,0,0,0,0,1,1,6,6,3,30,6,-1,-1,-1,-1,-1,-1,0,-1
202031A151720,2020,31A151720,2,1,0,18,19,3,7,0,0,8,0,0,0,0,3,1,6,6,1,13,3,-1,-1,-1,-1,-1,-1,0,-1
2020470963841,2020,470963841,1,1,0,18,19,2,6,0,0,0,5,4,0,0,1,1,5,6,1,24,5,-1,-1,-1,-1,5,E01031731,0,-1
2020430224970,2020,430224970,2,1,0,9,9,7,5,0,0,5,0,0,0,0,1,1,6,6,1,14,3,-1,-1,-1,-1,10,E01016270,0,-1
2020500989018,2020,500989018,2,9,0,7,7,8,2,0,0,1,0,0,0,0,2,1,6,6,3,-1,-1,-1,-1,-1,-1,-1,-1,0,-1
2020430123854,2020,430123854,2,1,0,18,19,7,3,0,0,8,0,0,0,0,4,1,6,6,2,58,9,-1,-1,-1,-1,9,E01016539,0,-1
2020990958817,2020,990958817,2,1,0,18,19,2,7,0,0,3,0,0,0,0,4,1,6,6,1,33,6,-1,-1,-1,-1,9,-1,0,-1
2020350987419,2020,350987419,1,3,0,18,19,7,3,0,0,0,1,0,0,0,3,1,5,6,2,23,5,-1,-1,-1,-1,6,E01015671,0,-1
2020010245681,2020,010245681,2,9,0,9,9,3,1,99,99,0,9,0,0,0,4,9,6,6,3,-1,-1,-1,-1,-1,-1,-1,-1,0,-1
2020340D00012,2020,340D00012,1,9,0,18,19,8,4,0,0,0,5,0,1,4,1,1,6,6,1,21,5,-1,-1,-1,-1,8,E01026993,0,-1
2020522004003,2020,522004003,1,9,0,1,1,6,2,0,0,0,0,0,0,0,2,1,6,6,1,50,8,-1,-1,-1,-1,-1,-1,0,-1
2020471007989,2020,471007989,2,1,0,18,19,6,2,0,0,1,0,0,0,0,3,1,6,6,1,59,9,-1,-1,-1,-1,9,E01031685,0,-1
2020010286362,2020,010286362,1,1,9,99,99,9,9,99,99,9,9,99,9,99,2,1,6,6,2,49,8,-1,-1,-1,-1,5,E01004646,0,-1
2020110954723,2020,110954723,2,1,0,18,19,7,3,0,0,1,0,0,0,0,1,1,1,1,1,24,5,-1,-1,-1,-1,1,E01012304,0,-1
2020010229813,2020,010229813,2,1,0,18,19,1,5,0,0,2,0,10,0,0,3,-1,1,1,1,21,5,-1,-1,-1,-1,4,E01000995,0,-1
2020320257656,2020,320257656,2,9,0,18,19,3,7,0,0,1,0,0,0,0,1,1,1,1,1,52,8,-1,-1,-1,-1,6,E01026411,0,-1
2020522004795,2020,522004795,1,9,0,18,19,7,3,0,0,8,0,0,7,1,1,1,6,6,3,30,6,-1,-1,-1,-1,-1,-1,0,-1
2020450996093,2020,450996093,1,1,0,10,10,1,3,0,0,2,0,0,0,0,2,1,4,7,1,14,3,-1,-1,-1,-1,9,E01030309,0,-1
2020302000584,2020,302000584,1,4,0,18,19,7,3,0,0,8,1,0,0,0,1,1,6,6,1,28,6,-1,-1,-1,-1,7,E01019548,0,-1
2020430031507,2020,430031507,1,1,0,18,19,4,8,0,0,2,0,0,0,0,3,1,6,6,1,35,6,-1,-1,-1,-1,10,E01016596,0,-1
202060Y001269,2020,60Y001269,1,9,0,9,9,7,5,0,0,5,0,0,0,0,1,1,6,6,1,18,4,-1,-1,-1,-1,-1,-1,0,-1
2020010251222,2020,010251222,2,1,9,99,99,9,9,99,99,9,9,99,9,99,9,1,6,6,2,24,5,-1,-1,-1,-1,3,E01004313,0,-1
2020010254920,2020,010254920,1,9,0,4,4,1,5,2,2,0,0,0,0,0,3,1,6,6,1,59,9,-1,-1,-1,-1,3,E01002015,0,-1
2020010249494,2020,010249494,2,97,0,99,99,9,9,99,99,9,9,99,9,99,9,9,6,6,3,-1,-1,-1,-1,-1,-1,-1,-1,0,-1
2020010261230,2020,010261230,1,1,0,99,99,9,9,0,0,0,0,0,0,0,1,1,2,2,2,31,6,-1,-1,-1,-1,7,E01004566,0,-1
2020010231823,2020,010231823,2,19,0,99,99,9,9,99,99,9,9,99,9,99,9,9,6,6,3,-1,-1,-1,-1,-1,-1,-1,-1,0,-1
2020200930241,2020,200930241,1,9,0,18,19,8,4,0,0,4,0,0,0,0,1,1,6,6,3,-1,-1,-1,-1,-1,-1,-1,-1,0,-1
2020360941347,2020,360941347,2,9,0,10,10,5,1,0,0,1,0,0,0,0,2,1,5,6,1,23,5,-1,-1,-1,-1,6,E01026919,0,-1
2020052002334,2020,052002334,2,1,0,18,19,8,4,0,0,1,0,0,0,0,1,1,6,6,1,54,8,-1,-1,-1,-1,-1,-1,0,-1
2020160918137,2020,160918137,3,9,0,2,2,0,0,0,0,0,0,0,0,0,1,1,6,6,3,-1,-1,-1,-1,-1,-1,-1,-1,0,-1
20201376B1163,2020,1376B1163,2,1,0,4,4,5,1,0,0,1,0,0,0,0,2,1,6,6,1,23,5,-1,-1,-1,-1,8,E01032945,0,-1
2020440217006,2020,440217006,1,1,0,18,19,5,1,0,0,8,0,0,0,0,1,1,6,6,1,56,9,-1,-1,-1,-1,4,E01017071,0,-1
2020010269399,2020,010269399,1,1,9,99,99,9,9,99,99,9,9,99,9,99,9,1,6,6,2,24,5,-1,-1,-1,-1,4,E01004547,0,-1
2020160935367,2020,160935367,1,9,0,18,19,1,5,0,0,0,0,0,0,0,3,1,1,1,1,33,6,-1,-1,-1,-1,2,E01013332,0,-1
2020450951511,2020,450951511,2,9,0,13,13,5,1,0,0,0,0,0,0,0,3,1,1,1,1,61,9,-1,-1,-1,-1,10,E01004154,0,-1
2020140940435,2020,140940435,3,9,0,2,2,0,0,6,6,1,0,0,0,0,3,1,6,6,3,-1,-1,-1,-1,-1,-1,-1,-1,0,-1
2020160923417,2020,160923417,2,1,0,18,19,2,6,0,0,8,0,0,0,0,2,1,6,6,1,36,7,-1,-1,-1,-1,7,E01013011,0,-1
2020010238450,2020,010238450,1,9,0,18,19,-1,-1,0,0,8,0,0,0,0,1,1,6,6,3,-1,-1,-1,-1,-1,-1,-1,-1,0,-1
2020991009953,2020,991009953,1,9,0,18,19,2,6,0,0,0,0,0,0,0,1,1,6,6,2,30,6,-1,-1,-1,-1,-1,-1,0,-1
2020332000810,2020,332000810,2,19,0,18,19,8,4,0,0,6,0,0,0,0,1,1,1,1,1,26,6,-1,-1,-1,-1,4,E01019491,0,-1
2020332000454,2020,332000454,2,9,0,18,19,1,5,0,0,0,1,10,0,0,2,1,6,6,1,27,6,-1,-1,-1,-1,2,E01013753,0,-1
202031C108620,2020,31C108620,2,1,0,18,19,1,5,0,0,8,0,0,0,0,3,1,2,2,2,55,8,-1,-1,-1,-1,4,E01013937,0,-1
2020990960917,2020,990960917,2,1,0,18,19,6,3,0,0,2,0,0,0,0,4,1,2,2,1,46,8,-1,-1,-1,-1,9,-1,0,-1
202006P178478,2020,06P178478,2,9,0,18,19,7,3,0,0,1,0,0,0,0,1,1,6,6,1,50,8,-1,-1,-1,-1,-1,-1,0,-1
2020052001933,2020,052001933,2,1,0,18,19,1,5,0,0,0,0,8,0,0,1,1,1,1,1,28,6,-1,-1,-1,-1,-1,-1,0,-1
2020351012757,2020,351012757,2,1,0,5,5,1,5,0,0,1,0,0,0,0,3,1,5,6,1,19,4,-1,-1,-1,-1,6,E01018042,0,-1
2020052001873,2020,052001873,1,9,0,18,19,1,5,0,0,0,0,0,0,0,0,1,6,6,3,-1,-1,-1,-1,-1,-1,-1,-1,0,-1
20201376O1176,2020,1376O1176,1,9,0,18,19,4,8,0,0,1,0,0,0,0,1,1,6,6,1,-1,-1,-1,-1,-1,-1,-1,-1,0,-1
2020522003399,2020,522003399,1,1,0,18,19,3,7,0,0,0,0,0,0,0,3,1,6,6,2,33,6,-1,-1,-1,-1,6,E01014505,0,-1
202006P269986,2020,06P269986,3,9,0,3,3,6,2,0,0,0,0,0,0,0,2,1,6,6,3,30,6,-1,-1,-1,-1,-1,-1,0,-1
2020440212246,2020,440212246,1,9,0,9,9,4,2,0,0,1,0,0,0,0,1,1,6,6,2,37,7,-1,-1,-1,-1,8,E01022757,0,-1
2020430113429,2020,430113429,2,97,0,18,19,4,8,0,0,1,0,0,0,0,1,1,6,6,1,-1,-1,-1,-1,-1,-1,-1,-1,0,-1
202060Y023721,2020,60Y023721,1,9,0,18,19,7,3,0,0,0,0,0,0,0,3,1,6,6,1,52,8,-1,-1,-1,-1,-1,-1,0,-1
2020010286722,2020,010286722,1,1,9,99,99,9,9,99,99,9,9,99,9,99,9,1,6,6,3,36,7,-1,-1,-1,-1,8,E01033493,0,-1
2020420963888,2020,420963888,1,2,0,18,19,3,7,0,0,0,1,0,7,0,0,1,6,6,1,24,5,-1,-1,-1,-1,9,E01021948,0,-1
2020041006310,2020,041006310,1,9,0,18,19,1,5,0,0,0,0,0,0,0,0,1,6,6,3,-1,-1,-1,-1,-1,-1,-1,-1,0,-1
2020010279255,2020,010279255,2,9,0,99,99,9,9,99,99,9,9,99,9,99,9,9,6,6,3,-1,-1,-1,-1,-1,-1,-1,-1,0,-1
2020430033300,2020,430033300,2,9,0,3,3,3,7,0,0,0,0,0,0,0,2,1,6,6,1,39,7,-1,-1,-1,-1,9,E01028821,0,-1
2020211018621,2020,211018621,1,9,0,13,13,7,3,0,0,0,0,0,0,0,0,1,6,6,3,-1,-1,-1,-1,-1,-1,-1,-1,0,-1
2020332000780,2020,332000780,2,1,0,18,19,6,2,0,0,0,0,0,0,0,2,1,6,6,1,58,9,-1,-1,-1,-1,9,E01025776,0,-1
2020470998912,2020,470998912,2,1,0,18,19,2,6,0,0,2,0,0,0,0,1,1,5,6,1,37,7,-1,-1,-1,-1,7,E01031471,0,-1
2020040917984,2020,040917984,2,97,0,18,19,5,1,0,0,8,5,0,0,0,1,1,6,6,1,28,6,-1,-1,-1,-1,1,E01025181,0,-1
202060Y109213,2020,60Y109213,2,9,0,2,2,0,0,0,0,0,0,0,0,0,2,1,6,6,2,46,8,-1,-1,-1,-1,-1,-1,0,-1
2020210949903,2020,210949903,2,1,0,18,19,8,4,0,0,1,0,0,0,0,4,1,6,6,1,20,4,-1,-1,-1,-1,3,E01029434,0,-1
2020200938401,2020,200938401,2,98,1,6,6,6,6,0,0,8,0,0,0,0,0,1,1,1,1,37,7,-1,-1,-1,-1,3,E01009239,0,-1
2020160972590,2020,160972590,1,9,0,9,9,7,5,0,0,6,0,0,0,0,1,1,5,6,2,36,7,-1,-1,-1,-1,7,E01027646,0,-1
2020460966024,2020,460966024,1,97,0,15,15,3,7,0,0,0,0,0,0,0,3,1,5,6,3,-1,-1,-1,-1,-1,-1,-1,-1,0,-1
2020522002064,2020,522002064,2,1,0,18,19,4,8,0,0,8,0,0,0,0,1,1,6,6,1,14,3,-1,-1,-1,-1,1,E01014585,0,-1
2020010285911,2020,010285911,2,9,0,18,19,5,1,0,0,0,0,0,0,0,1,1,6,6,3,-1,-1,-1,-1,-1,-1,-1,-1,0,-1
2020010284192,2020,010284192,2,9,0,99,99,9,9,99,99,9,9,99,9,99,1,9,6,6,3,-1,-1,-1,-1,-1,-1,-1,-1,0,-1
2020546755820,2020,546755820,2,9,0,7,7,1,3,0,0,8,0,0,0,0,3,1,6,6,2,50,8,-1,-1,-1,-1,-1,-1,0,-1
2020010280285,2020,010280285,1,1,9,99,99,9,9,99,99,9,9,99,9,99,9,1,2,2,1,28,6,-1,-1,-1,-1,2,E01032787,0,-1
2020010255569,2020,010255569,2,1,0,18,19,7,3,0,0,8,0,0,0,0,1,1,2,2,2,31,6,-1,-1,-1,-1,7,E01001968,0,-1
2020010284288,2020,010284288,1,1,9,99,99,9,9,99,99,0,9,99,9,99,1,1,2,2,1,30,6,-1,-1,-1,-1,2,E01001654,0,-1
2020332000427,2020,332000427,1,9,0,18,19,8,4,0,0,1,0,0,0,0,1,1,6,6,3,-1,-1,-1,-1,-1,-1,-1,-1,0,-1
2020522005026,2020,522005026,2,9,0,6,6,7,7,0,0,0,0,0,0,0,3,1,6,6,1,59,9,-1,-1,-1,-1,3,E01014501,0,-1
2020041005513,2020,041005513,1,9,0,18,19,7,3,0,0,1,0,0,0,0,1,1,6,6,3,59,9,-1,-1,-1,-1,-1,-1,0,-1
2020500946202,2020,500946202,1,9,0,18,19,7,3,0,0,4,0,0,0,0,1,1,6,6,3,-1,-1,-1,-1,-1,-1,-1,-1,0,-1
2020302000638,2020,302000638,2,9,0,18,19,4,8,0,0,1,0,0,0,0,4,1,6,6,3,-1,-1,-1,-1,-1,-1,5,E01019456,0,-1
2020332001223,2020,332001223,1,98,0,18,19,4,8,0,0,0,0,0,0,0,0,1,6,6,1,64,9,-1,-1,-1,-1,-1,-1,0,-1
2020430050698,2020,430050698,2,9,0,18,19,6,2,0,0,1,0,0,0,0,1,1,6,6,2,-1,-1,-1,-1,-1,-1,-1,-1,0,-1
2020420977591,2020,420977591,1,9,4,18,19,3,7,0,0,0,0,0,0,0,4,1,5,6,1,70,10,-1,-1,-1,-1,8,E01021333,0,-1
2020460925501,2020,460925501,1,21,1,12,12,8,4,0,0,0,0,0,0,0,3,1,1,1,1,22,5,-1,-1,-1,-1,-1,-1,0,-1
2020420988852,2020,420988852,1,9,0,1,1,7,2,0,0,0,0,0,0,0,2,1,6,6,3,-1,-1,-1,-1,-1,-1,-1,-1,0,-1
2020010231840,2020,010231840,1,1,0,18,19,3,7,0,0,1,0,0,0,0,1,1,6,6,1,25,5,-1,-1,-1,-1,3,E01003251,0,-1
2020010279741,2020,010279741,1,1,0,18,19,5,1,0,0,2,0,0,0,0,4,1,2,2,1,30,6,-1,-1,-1,-1,8,E01000969,0,-1