collision_index,collision_year,collision_ref_no,vehicle_reference,vehicle_type,towing_and_articulation,vehicle_manoeuvre_historic,vehicle_manoeuvre,vehicle_direction_from,vehicle_direction_to,vehicle_location_restricted_lane_historic,vehicle_location_restricted_lane,junction_location,skidding_and_overturning,hit_object_in_carriageway,vehicle_leaving_carriageway,hit_object_off_carriageway,first_point_of_impact,vehicle_left_hand_drive,journey_purpose_of_driver_historic,journey_purpose_of_driver,sex_of_driver,age_of_driver,age_band_of_driver,engine_capacity_cc,propulsion_code,age_of_vehicle,generic_make_model,driver_imd_decile,lsoa_of_driver,escooter_flag,driver_distance_banding
2020231005573,2020,231005573,2,9,0,18,19,2,6,0,0,8,5,0,0,0,4,1,1,1,1,71,10,-1,-1,-1,-1,6,E01031283,0,-1
2020160980613,2020,160980613,2,1,0,7,7,1,4,0,0,1,0,0,0,0,2,1,5,6,1,30,6,-1,-1,-1,-1,6,E01012793,0,-1
202060Y186248,2020,60Y186248,1,20,0,18,19,6,2,0,0,1,0,0,0,0,1,1,1,1,1,-1,-1,-1,-1,-1,-1,-1,-1,0,-1
2020052000017,2020,052000017,1,9,0,7,7,3,7,0,0,5,1,0,1,10,4,1,6,6,1,30,6,-1,-1,-1,-1,2,E01006441,0,-1
2020440464028,2020,440464028,6,9,0,4,4,8,4,0,0,0,0,0,0,0,2,1,1,1,1,30,6,-1,-1,-1,-1,6,E01023252,0,-1
2020010237986,2020,010237986,1,97,0,18,19,1,5,0,0,0,0,0,0,0,1,1,6,6,3,-1,-1,-1,-1,-1,-1,-1,-1,0,-1
2020332000979,2020,332000979,1,9,0,18,19,4,8,0,0,0,0,0,1,2,1,1,2,2,1,27,6,-1,-1,-1,-1,1,E01013691,0,-1
2020440091167,2020,440091167,1,1,0,7,7,7,1,0,0,8,0,0,0,0,1,1,6,6,1,49,8,-1,-1,-1,-1,2,E01022655,0,-1
2020610030220,2020,610030220,2,9,0,18,19,7,3,0,0,1,0,0,0,0,1,1,6,6,1,72,10,-1,-1,-1,-1,3,W01001678,0,-1
2020010272591,2020,010272591,2,8,0,99,99,9,9,99,99,9,9,99,9,99,1,9,6,6,1,35,6,-1,-1,-1,-1,4,E01001165,0,-1
2020440307291,2020,440307291,1,1,0,18,19,8,4,9,9,0,0,0,0,0,1,1,6,6,1,42,7,-1,-1,-1,-1,6,E01022657,0,-1
2020010278746,2020,010278746,1,9,0,99,99,9,9,0,0,1,0,0,0,0,2,1,6,6,2,30,6,-1,-1,-1,-1,3,E01032785,0,-1
2020052000984,2020,052000984,1,3,0,17,19,4,8,0,0,8,0,0,0,0,1,1,6,6,3,-1,-1,-1,-1,-1,-1,-1,-1,0,-1
2020460963452,2020,460963452,2,1,0,18,19,7,8,0,0,0,0,0,0,0,4,1,6,6,1,43,7,-1,-1,-1,-1,9,E01024369,0,-1
2020440417189,2020,440417189,2,9,0,4,4,2,6,0,0,0,0,0,0,0,2,1,1,1,1,37,7,-1,-1,-1,-1,8,E01020344,0,-1
2020052001157,2020,052001157,1,1,0,4,4,2,6,0,0,1,0,0,0,0,1,1,6,6,1,38,7,-1,-1,-1,-1,1,E01032509,0,-1
2020990940394,2020,990940394,2,1,0,18,19,4,8,0,0,0,0,0,0,0,1,1,6,6,1,27,6,-1,-1,-1,-1,1,-1,0,-1
2020161008140,2020,161008140,2,1,0,18,19,1,5,0,0,8,0,0,0,0,4,1,6,6,1,63,9,-1,-1,-1,-1,7,E01012794,0,-1
2020122000978,2020,122000978,2,1,0,16,19,6,1,0,0,0,0,0,0,0,2,1,6,6,2,74,10,-1,-1,-1,-1,8,E01027887,0,-1
2020040967490,2020,040967490,1,9,0,18,19,5,1,0,0,8,0,0,0,0,4,1,6,6,3,-1,-1,-1,-1,-1,-1,-1,-1,0,-1
2020470968980,2020,470968980,2,9,0,16,19,5,1,0,0,2,0,0,0,0,2,1,5,6,1,54,8,-1,-1,-1,-1,4,E01031522,0,-1
2020160999316,2020,160999316,1,1,0,18,19,1,5,0,0,1,1,0,0,0,0,1,5,6,2,28,6,-1,-1,-1,-1,5,E01012819,0,-1
2020100967047,2020,100967047,1,9,0,18,19,1,5,0,0,1,0,0,0,0,4,1,6,6,1,-1,-1,-1,-1,-1,-1,-1,-1,0,-1
2020010261786,2020,010261786,1,1,9,99,99,9,9,99,99,9,9,99,9,99,9,1,6,6,2,37,7,-1,-1,-1,-1,7,E01000883,0,-1
2020010266148,2020,010266148,2,1,9,18,19,5,1,0,0,1,2,99,9,99,0,1,6,6,1,61,9,-1,-1,-1,-1,2,E01002784,0,-1
2020052001699,2020,052001699,1,9,0,13,13,3,7,0,0,0,0,0,0,0,4,1,6,6,3,-1,-1,-1,-1,-1,-1,-1,-1,0,-1
2020430015768,2020,430015768,1,9,0,18,19,4,8,0,0,3,0,0,0,0,1,1,6,6,1,-1,-1,-1,-1,-1,-1,-1,-1,0,-1
2020430283164,2020,430283164,2,1,0,18,19,5,1,0,0,0,0,0,0,0,1,1,6,6,1,6,2,-1,-1,-1,-1,1,E01016742,0,-1
2020430023781,2020,430023781,1,9,0,18,19,7,3,0,0,0,0,0,0,0,1,1,1,1,1,-1,-1,-1,-1,-1,-1,-1,-1,0,-1
2020010282121,2020,010282121,2,9,0,18,19,3,7,99,99,0,9,0,0,0,1,1,6,6,3,-1,-1,-1,-1,-1,-1,-1,-1,0,-1
2020010264879,2020,010264879,3,9,0,4,4,6,2,0,0,1,0,0,0,0,1,1,6,6,1,65,9,-1,-1,-1,-1,6,E01003957,0,-1
2020410978070,2020,410978070,2,19,0,1,1,6,2,0,0,0,0,0,0,0,2,1,6,6,1,26,6,-1,-1,-1,-1,3,E01017562,0,-1
2020470920480,2020,470920480,1,9,0,18,19,2,6,0,0,0,0,0,7,4,1,1,5,6,1,62,9,-1,-1,-1,-1,4,E01031386,0,-1
2020522004108,2020,522004108,2,9,0,3,3,8,4,0,0,0,0,0,0,0,0,1,6,6,1,40,7,-1,-1,-1,-1,8,E01032668,0,-1
20201378R0565,2020,1378R0565,1,9,0,18,19,5,1,0,0,6,0,0,0,0,1,1,6,6,3,-1,-1,-1,-1,-1,-1,-1,-1,0,-1
2020430282233,2020,430282233,1,1,0,18,19,5,1,0,0,0,0,0,0,0,3,1,6,6,2,49,8,-1,-1,-1,-1,8,E01016265,0,-1
2020221013379,2020,221013379,2,1,0,9,9,3,1,0,0,5,0,0,0,0,2,1,5,6,2,16,4,-1,-1,-1,-1,2,E01032278,0,-1
2020201018717,2020,201018717,1,90,0,9,9,2,8,0,0,6,0,0,0,0,1,1,6,6,3,-1,-1,-1,-1,-1,-1,-1,-1,0,-1
2020221013264,2020,221013264,2,1,0,18,19,4,8,0,0,8,0,0,0,0,1,1,5,6,1,47,8,-1,-1,-1,-1,7,E01014112,0,-1
2020552000476,2020,552000476,2,1,0,18,19,4,8,0,0,8,0,0,0,0,4,1,2,2,1,35,6,-1,-1,-1,-1,7,E01032661,0,-1
202006N178495,2020,06N178495,1,9,0,17,19,7,4,0,0,0,1,0,8,4,1,1,1,1,1,29,6,-1,-1,-1,-1,2,E01004922,0,-1
202060Y019939,2020,60Y019939,1,9,0,4,4,5,1,0,0,1,0,0,0,0,1,1,2,2,2,27,6,-1,-1,-1,-1,-1,-1,0,-1
2020010262683,2020,010262683,2,-1,9,99,99,9,9,99,99,1,9,99,9,99,9,9,6,6,1,-1,-1,-1,-1,-1,-1,3,E01003319,1,-1
2020010259580,2020,010259580,2,1,9,99,99,9,9,99,99,9,9,99,9,99,1,1,6,6,1,-1,-1,-1,-1,-1,-1,4,E01003074,0,-1
2020161014528,2020,161014528,2,1,0,18,19,3,7,0,0,0,0,0,0,0,1,1,6,6,1,12,3,-1,-1,-1,-1,10,E01013042,0,-1
2020332000208,2020,332000208,2,1,0,18,19,6,2,0,0,0,0,0,0,0,3,1,6,6,1,37,7,-1,-1,-1,-1,9,E01025973,0,-1
2020141008414,2020,141008414,1,9,0,9,9,3,8,0,0,0,0,0,0,0,1,1,6,6,3,-1,-1,-1,-1,-1,-1,-1,-1,0,-1
2020410948362,2020,410948362,2,19,0,7,7,8,2,0,0,0,0,0,0,0,0,1,6,6,1,26,6,-1,-1,-1,-1,-1,-1,0,-1
2020470946032,2020,470946032,1,20,0,5,5,2,6,0,0,1,0,0,0,0,2,1,1,1,1,42,7,-1,-1,-1,-1,7,E01031607,0,-1
2020010285321,2020,010285321,1,97,0,99,99,9,9,0,0,0,0,0,0,0,1,1,6,6,3,-1,-1,-1,-1,-1,-1,-1,-1,0,-1
2020010280794,2020,010280794,1,1,9,99,99,9,9,99,99,9,9,99,9,99,9,1,6,6,1,33,6,-1,-1,-1,-1,7,E01004018,0,-1
2020052000074,2020,052000074,2,1,0,18,19,7,3,0,0,8,0,0,0,0,2,1,6,6,1,19,4,-1,-1,-1,-1,2,E01007091,0,-1
2020460980453,2020,460980453,2,1,0,18,19,1,5,0,0,0,0,0,0,0,2,1,5,6,1,60,9,-1,-1,-1,-1,2,E01015192,0,-1
2020470954182,2020,470954182,2,1,0,18,19,8,4,0,0,8,0,0,0,0,1,1,6,6,1,23,5,-1,-1,-1,-1,4,E01016855,0,-1
2020010242483,2020,010242483,2,1,0,5,5,3,7,0,0,2,0,0,0,0,1,1,6,6,1,50,8,-1,-1,-1,-1,10,E01004599,0,-1
2020201017354,2020,201017354,2,9,0,14,14,2,6,0,0,0,0,4,0,0,3,1,1,1,1,-1,-1,-1,-1,-1,-1,-1,-1,0,-1
2020440218274,2020,440218274,2,9,0,13,13,7,3,0,0,0,0,0,0,0,4,1,6,6,3,-1,-1,-1,-1,-1,-1,-1,-1,0,-1
2020230914810,2020,230914810,1,9,0,18,19,3,7,0,0,1,0,0,0,0,1,1,5,6,1,32,6,-1,-1,-1,-1,-1,-1,0,-1
2020547694920,2020,547694920,1,9,0,17,19,1,5,0,0,0,0,0,1,4,3,1,2,2,1,33,6,-1,-1,-1,-1,10,E01031874,0,-1
2020461011568,2020,461011568,2,2,0,17,19,1,5,0,0,1,0,10,1,0,2,1,5,6,1,25,5,-1,-1,-1,-1,3,E01024499,0,-1
2020010265360,2020,010265360,1,1,9,99,99,9,9,99,99,9,9,99,9,99,9,1,2,2,1,52,8,-1,-1,-1,-1,2,E01003975,0,-1
2020010241990,2020,010241990,2,1,9,99,99,9,9,99,99,9,9,99,9,99,1,1,6,6,1,-1,-1,-1,-1,-1,-1,-1,-1,0,-1
20201377A0538,2020,1377A0538,2,11,0,18,19,5,1,0,0,4,0,0,0,0,4,1,1,1,1,58,9,-1,-1,-1,-1,3,E01032550,0,-1
2020610040320,2020,610040320,1,9,0,18,19,-1,-1,0,0,1,0,0,0,0,1,1,6,6,1,-1,-1,-1,-1,-1,-1,-1,-1,0,-1
2020161005409,2020,161005409,1,9,0,18,19,5,1,0,0,0,0,0,0,0,1,1,2,2,2,-1,-1,-1,-1,-1,-1,10,E01013066,0,-1
2020522101281,2020,522101281,1,9,0,1,1,1,5,0,0,0,0,0,0,0,2,1,6,6,3,-1,-1,-1,-1,-1,-1,-1,-1,0,-1
2020010268048,2020,010268048,2,9,0,99,99,9,9,99,99,9,9,99,9,99,2,9,6,6,3,-1,-1,-1,-1,-1,-1,-1,-1,0,-1
2020010233228,2020,010233228,1,1,9,99,99,9,9,99,99,1,9,99,9,99,1,1,2,2,1,28,6,-1,-1,-1,-1,9,E01024440,0,-1
2020470970496,2020,470970496,1,1,0,18,19,8,4,0,0,2,0,0,0,0,1,1,5,6,1,48,8,-1,-1,-1,-1,1,E01016942,0,-1
2020460983432,2020,460983432,1,9,0,18,19,3,7,0,0,1,0,0,0,0,1,1,6,6,2,55,8,-1,-1,-1,-1,3,E01000736,0,-1
2020010269988,2020,010269988,2,20,0,5,5,5,1,0,0,1,0,0,0,0,1,2,1,1,1,45,7,-1,-1,-1,-1,-1,-1,0,-1
2020332000276,2020,332000276,1,19,0,13,13,4,8,0,0,0,0,0,0,0,4,1,1,1,1,29,6,-1,-1,-1,-1,3,E01013773,0,-1
2020530950043,2020,530950043,2,9,0,18,19,-1,-1,0,0,0,0,0,0,0,1,1,6,6,1,-1,-1,-1,-1,-1,-1,-1,-1,0,-1
202060Y034782,2020,60Y034782,2,9,0,18,19,4,8,0,0,0,1,0,1,0,3,1,1,1,1,36,7,-1,-1,-1,-1,-1,-1,0,-1
2020010255577,2020,010255577,2,9,0,18,19,7,3,0,0,5,0,0,0,0,2,1,6,6,3,-1,-1,-1,-1,-1,-1,-1,-1,0,-1
2020440010352,2020,440010352,1,1,0,17,19,1,5,0,0,1,0,0,0,0,3,1,2,2,1,49,8,-1,-1,-1,-1,6,E01023199,0,-1
2020100947606,2020,100947606,2,1,0,18,19,5,1,0,0,6,0,0,0,0,3,1,6,6,1,65,9,-1,-1,-1,-1,4,E01008471,0,-1
2020430021814,2020,430021814,1,9,0,18,19,2,6,0,0,6,0,0,0,0,3,1,6,6,1,21,5,-1,-1,-1,-1,9,E01028469,0,-1
2020010277843,2020,010277843,1,9,9,99,99,9,9,0,0,9,9,99,0,0,9,9,6,6,3,-1,-1,-1,-1,-1,-1,-1,-1,0,-1
2020010280420,2020,010280420,1,1,9,99,99,9,9,99,99,9,9,99,9,99,1,1,2,2,1,25,5,-1,-1,-1,-1,9,E01004053,0,-1
2020010267351,2020,010267351,1,1,0,18,19,1,5,0,0,1,0,0,0,0,1,1,6,6,1,28,6,-1,-1,-1,-1,6,E01003100,0,-1
2020302001683,2020,302001683,2,1,0,18,19,2,6,0,0,1,0,0,0,0,1,1,6,6,1,65,9,-1,-1,-1,-1,2,E01019463,0,-1
2020010238035,2020,010238035,2,9,0,18,19,-1,-1,0,0,0,0,0,0,0,1,1,6,6,3,-1,-1,-1,-1,-1,-1,-1,-1,0,-1
2020140992785,2020,140992785,1,9,0,18,19,2,6,0,0,0,2,0,1,1,1,1,2,2,1,33,6,-1,-1,-1,-1,1,E01007339,0,-1
2020430255837,2020,430255837,1,1,0,18,19,4,8,9,9,0,0,0,0,0,1,1,6,6,2,-1,-1,-1,-1,-1,-1,-1,-1,0,-1
2020200932013,2020,200932013,1,9,0,18,19,6,2,0,0,0,0,0,0,0,1,1,6,6,1,-1,-1,-1,-1,-1,-1,-1,-1,0,-1
2020450938966,2020,450938966,1,11,0,2,2,0,0,2,2,2,0,0,0,0,0,1,1,1,1,46,8,-1,-1,-1,-1,10,E01030892,0,-1
2020420990246,2020,420990246,1,9,0,4,4,1,5,0,0,1,0,0,0,0,1,1,6,6,2,-1,-1,-1,-1,-1,-1,-1,-1,0,-1
2020030953692,2020,030953692,2,1,0,16,19,6,1,0,0,0,0,0,0,0,1,1,5,6,2,66,10,-1,-1,-1,-1,9,E01019369,0,-1
2020160938395,2020,160938395,2,1,0,9,9,3,8,0,0,0,0,0,0,0,1,1,6,6,2,15,3,-1,-1,-1,-1,1,E01012840,0,-1
2020010233700,2020,010233700,1,19,0,4,4,3,7,7,6,1,0,0,0,0,4,1,1,1,1,18,4,-1,-1,-1,-1,6,E01024152,0,-1
2020040978086,2020,040978086,1,9,0,13,13,1,5,0,0,0,0,0,0,0,1,1,6,6,3,59,9,-1,-1,-1,-1,-1,-1,0,-1
2020170H10030,2020,170H10030,1,9,0,3,3,2,6,0,0,1,0,0,0,0,2,1,2,2,1,-1,-1,-1,-1,-1,-1,5,E01020691,0,-1
2020160946611,2020,160946611,1,3,0,18,19,8,4,0,0,0,0,0,7,11,3,1,5,6,1,21,5,-1,-1,-1,-1,-1,-1,0,-1
202060Y082534,2020,60Y082534,1,9,0,17,19,3,7,0,0,0,0,0,0,0,1,1,6,6,1,22,5,-1,-1,-1,-1,-1,-1,0,-1
2020200973670,2020,200973670,1,9,0,18,19,-1,-1,0,0,8,0,0,0,0,0,1,6,6,1,-1,-1,-1,-1,-1,-1,-1,-1,0,-1
2020010282340,2020,010282340,2,1,0,18,19,5,1,0,0,2,0,0,0,0,4,1,2,2,1,45,7,-1,-1,-1,-1,5,E01000593,0,-1
2020500955284,2020,500955284,2,1,0,16,19,4,7,0,0,0,0,0,0,0,2,1,5,6,1,57,9,-1,-1,-1,-1,8,E01015165,0,-1
2020110977302,2020,110977302,1,9,0,5,5,5,2,0,0,0,0,0,0,0,1,1,6,6,3,30,6,-1,-1,-1,-1,-1,-1,0,-1
2020440124150,2020,440124150,2,1,0,18,19,7,3,0,0,8,0,0,0,0,2,1,6,6,2,57,9,-1,-1,-1,-1,5,E01017055,0,-1
2020450998623,2020,450998623,2,1,0,18,19,7,5,0,0,1,0,0,0,0,3,1,6,6,1,20,4,-1,-1,-1,-1,9,E01030978,0,-1
2020430311072,2020,430311072,2,1,0,18,19,5,1,0,0,8,0,0,0,0,4,1,6,6,1,63,9,-1,-1,-1,-1,8,E01017818,0,-1
2020552000406,2020,552000406,2,1,0,18,19,6,2,0,0,8,0,0,0,0,3,1,6,6,1,37,7,-1,-1,-1,-1,2,E01015367,0,-1
2020010248919,2020,010248919,1,1,9,99,99,9,9,99,99,9,9,99,9,99,2,1,6,6,1,26,6,-1,-1,-1,-1,6,E01004608,0,-1
2020470954299,2020,470954299,5,9,0,4,4,6,1,0,0,0,0,0,0,0,0,1,6,6,1,55,8,-1,-1,-1,-1,9,E01020944,0,-1
20201371D0434,2020,1371D0434,2,21,0,18,19,6,2,0,0,0,0,0,0,0,2,1,1,1,1,34,6,-1,-1,-1,-1,3,E01019400,0,-1
2020100969814,2020,100969814,2,1,0,18,19,7,3,9,9,1,0,0,0,0,1,1,5,6,1,63,9,-1,-1,-1,-1,2,E01008456,0,-1
2020170L21000,2020,170L21000,2,1,0,18,19,3,7,0,0,8,0,0,0,0,1,1,6,6,1,23,5,-1,-1,-1,-1,-1,-1,0,-1
2020340W00752,2020,340W00752,2,9,0,2,2,0,0,0,0,1,0,0,0,0,2,1,6,6,3,-1,-1,-1,-1,-1,-1,-1,-1,0,-1
2020430304039,2020,430304039,2,22,0,18,19,4,8,0,0,0,0,0,0,0,3,1,6,6,1,-1,-1,-1,-1,-1,-1,6,E01016388,0,-1
2020140959770,2020,140959770,1,1,0,18,19,7,3,0,0,0,1,0,0,0,3,1,5,6,2,22,5,-1,-1,-1,-1,10,E01016796,0,-1
2020230980946,2020,230980946,2,1,0,18,19,6,2,0,0,0,0,0,1,11,3,1,5,6,1,72,10,-1,-1,-1,-1,8,E01032273,0,-1
2020122000559,2020,122000559,1,1,0,18,19,8,4,0,0,0,0,0,0,0,1,1,6,6,1,28,6,-1,-1,-1,-1,10,E01013358,0,-1
2020010263232,2020,010263232,1,1,9,99,99,9,9,99,99,9,9,99,9,99,9,1,2,2,2,29,6,-1,-1,-1,-1,6,E01004491,0,-1
2020201006677,2020,201006677,2,1,0,18,19,4,8,0,0,0,0,0,0,0,3,1,2,2,1,53,8,-1,-1,-1,-1,3,E01010105,0,-1
2020010246289,2020,010246289,2,9,0,18,19,6,2,0,0,0,0,0,0,0,1,1,6,6,3,-1,-1,-1,-1,-1,-1,-1,-1,0,-1
2020430010051,2020,430010051,1,9,0,18,19,1,5,0,0,2,0,0,0,0,1,1,6,6,1,30,6,-1,-1,-1,-1,-1,-1,0,-1
2020360974916,2020,360974916,2,1,0,18,19,1,5,0,0,1,0,0,0,0,2,1,2,2,1,24,5,-1,-1,-1,-1,1,E01026869,0,-1
2020010276490,2020,010276490,1,9,0,99,99,9,9,99,99,9,9,99,9,99,9,9,6,6,3,-1,-1,-1,-1,-1,-1,-1,-1,0,-1
2020400932629,2020,400932629,2,1,0,18,19,7,3,0,0,1,0,0,0,0,3,1,6,6,1,25,5,-1,-1,-1,-1,7,E01017584,0,-1
2020160979270,2020,160979270,1,9,0,18,19,6,2,0,0,0,0,0,0,0,4,1,6,6,1,39,7,-1,-1,-1,-1,1,E01013141,0,-1
2020370980936,2020,370980936,1,1,0,18,19,5,1,0,0,0,0,11,0,0,1,1,6,6,1,40,7,-1,-1,-1,-1,2,E01030248,0,-1
2020010234980,2020,010234980,1,9,0,8,8,2,4,0,0,5,0,0,0,0,1,1,6,6,2,50,8,-1,-1,-1,-1,-1,-1,0,-1
2020500975844,2020,500975844,2,1,0,18,19,6,2,0,0,0,0,0,1,0,4,1,6,6,1,-1,-1,-1,-1,-1,-1,-1,-1,0,-1
2020420979280,2020,420979280,1,9,0,18,19,6,2,0,0,0,0,0,0,0,4,1,6,6,1,-1,-1,-1,-1,-1,-1,-1,-1,0,-1
2020140942217,2020,140942217,1,1,0,18,19,1,5,0,0,0,0,0,0,0,1,1,6,6,1,29,6,-1,-1,-1,-1,4,E01007821,0,-1
202060Y108005,2020,60Y108005,1,9,0,1,1,2,6,9,9,2,0,0,0,0,2,1,1,1,1,25,5,-1,-1,-1,-1,-1,-1,0,-1
2020420996647,2020,420996647,3,9,0,2,2,0,0,0,0,0,0,0,0,0,2,1,6,6,3,-1,-1,-1,-1,-1,-1,-1,-1,0,-1
2020220934086,2020,220934086,1,19,0,18,19,3,7,0,0,0,0,0,1,7,1,1,5,6,1,54,8,-1,-1,-1,-1,5,E01009791,0,-1
202006J170852,2020,06J170852,2,9,0,18,19,5,1,0,0,1,0,0,0,0,4,1,6,6,1,53,8,-1,-1,-1,-1,4,E01005888,0,-1
2020420985525,2020,420985525,1,1,0,18,19,6,2,0,0,8,0,0,0,0,1,1,5,6,1,38,7,-1,-1,-1,-1,3,E01021273,0,-1
2020010269998,2020,010269998,1,1,9,99,99,9,9,99,99,0,9,99,9,99,9,1,2,2,2,26,6,-1,-1,-1,-1,4,E01004016,0,-1
2020010267598,2020,010267598,3,9,0,7,7,3,5,0,0,8,0,0,0,0,0,1,6,6,3,-1,-1,-1,-1,-1,-1,-1,-1,0,-1
2020440004648,2020,440004648,1,9,0,18,19,3,7,0,0,0,5,0,8,4,3,1,6,6,1,34,6,-1,-1,-1,-1,7,E01017047,0,-1
2020010269154,2020,010269154,2,19,0,5,5,7,3,0,0,8,0,0,0,0,0,1,6,6,3,-1,-1,-1,-1,-1,-1,-1,-1,0,-1
2020332001015,2020,332001015,1,19,0,18,19,6,2,0,0,6,0,0,7,0,1,1,1,1,1,22,5,-1,-1,-1,-1,6,E01026344,0,-1
202006E276748,2020,06E276748,2,1,0,18,19,3,7,0,0,8,0,0,0,0,1,1,1,1,1,51,8,-1,-1,-1,-1,3,E01005181,0,-1
2020010269882,2020,010269882,1,1,9,99,99,9,9,99,99,9,9,99,9,99,2,1,1,1,1,48,8,-1,-1,-1,-1,9,E01004632,0,-1
2020440118694,2020,440118694,1,9,0,18,19,2,6,0,0,8,0,0,0,0,3,1,6,6,1,22,5,-1,-1,-1,-1,10,E01022847,0,-1
2020522004050,2020,522004050,2,11,0,18,19,2,6,0,0,0,0,0,0,0,4,1,1,1,3,-1,-1,-1,-1,-1,-1,-1,-1,0,-1
2020530948736,2020,530948736,2,1,0,17,19,3,4,0,0,8,0,0,0,0,4,1,6,6,1,52,8,-1,-1,-1,-1,9,E01022125,0,-1
2020470921283,2020,470921283,1,9,0,18,19,8,4,0,0,0,0,0,0,0,1,1,6,6,3,-1,-1,-1,-1,-1,-1,-1,-1,0,-1
2020332000675,2020,332000675,2,9,0,9,9,3,1,0,0,6,0,0,0,0,1,1,6,6,2,23,5,-1,-1,-1,-1,10,E01025761,0,-1
2020200981814,2020,200981814,1,1,0,18,19,6,2,0,0,0,2,0,0,0,2,1,1,1,1,27,6,-1,-1,-1,-1,2,E01009642,0,-1
2020332001014,2020,332001014,1,9,0,18,19,4,8,0,0,0,1,0,7,3,1,1,6,6,1,28,6,-1,-1,-1,-1,1,E01013638,0,-1
2020440186003,2020,440186003,2,1,0,18,19,1,5,0,0,8,0,0,0,0,2,1,6,6,1,41,7,-1,-1,-1,-1,4,E01017093,0,-1
2020010264105,2020,010264105,2,9,0,99,99,9,9,99,99,0,9,99,9,99,9,9,6,6,3,-1,-1,-1,-1,-1,-1,-1,-1,0,-1
2020522004151,2020,522004151,2,9,0,3,3,7,3,0,0,1,0,0,0,0,1,1,6,6,2,30,6,-1,-1,-1,-1,-1,-1,0,-1
2020410991473,2020,410991473,2,1,0,3,3,6,2,0,0,1,0,0,0,0,1,1,2,2,2,37,7,-1,-1,-1,-1,5,E01023332,0,-1
2020470955042,2020,470955042,2,1,0,18,19,4,8,0,0,0,0,0,0,0,3,1,6,6,2,40,7,-1,-1,-1,-1,6,E01031606,0,-1
2020543049620,2020,543049620,1,9,0,11,11,5,1,0,0,0,0,0,0,0,0,1,6,6,3,-1,-1,-1,-1,-1,-1,-1,-1,0,-1
2020137C81206,2020,137C81206,1,9,0,9,9,7,4,0,0,8,0,0,0,0,1,1,6,6,3,-1,-1,-1,-1,-1,-1,-1,-1,0,-1
2020010280288,2020,010280288,1,9,0,9,9,3,1,0,0,6,0,0,0,0,1,1,6,6,3,-1,-1,-1,-1,-1,-1,-1,-1,0,-1
2020052000486,2020,052000486,3,9,0,18,19,3,7,0,0,0,0,0,0,0,1,2,6,6,3,-1,-1,-1,-1,-1,-1,-1,-1,0,-1
2020010247246,2020,010247246,2,1,0,18,19,5,1,0,0,1,0,0,0,0,1,1,6,6,1,40,7,-1,-1,-1,-1,7,E01000234,0,-1
2020010285585,2020,010285585,2,1,0,18,19,7,3,0,0,1,5,0,0,0,4,1,2,2,1,32,6,-1,-1,-1,-1,8,E01003861,0,-1
2020450945609,2020,450945609,1,1,0,18,19,3,7,0,0,0,0,0,0,0,4,1,5,6,1,71,10,-1,-1,-1,-1,10,E01030796,0,-1
2020100916032,2020,100916032,2,1,0,18,19,5,3,0,0,3,0,0,0,0,4,1,1,1,1,57,9,-1,-1,-1,-1,-1,-1,0,-1
2020137AE0525,2020,137AE0525,2,1,0,18,19,3,7,0,0,0,0,10,1,11,0,1,2,2,1,52,8,-1,-1,-1,-1,2,E01010910,0,-1
2020100981999,2020,100981999,1,9,0,16,19,3,7,0,0,3,0,0,0,0,1,1,6,6,1,40,7,-1,-1,-1,-1,-1,-1,0,-1
2020010278630,2020,010278630,1,1,9,99,99,9,9,99,99,9,9,99,9,99,9,1,6,6,1,13,3,-1,-1,-1,-1,2,E01000374,0,-1
2020010267285,2020,010267285,2,1,0,5,5,2,6,0,0,1,0,0,0,0,4,1,1,1,1,34,6,-1,-1,-1,-1,-1,-1,0,-1
2020161008121,2020,161008121,3,9,0,2,2,0,0,0,0,0,0,0,0,0,2,1,6,6,3,-1,-1,-1,-1,-1,-1,-1,-1,0,-1
2020010269875,2020,010269875,2,9,0,18,19,-1,-1,0,0,8,0,0,0,0,1,1,6,6,3,-1,-1,-1,-1,-1,-1,-1,-1,0,-1
2020220961260,2020,220961260,3,9,0,2,2,0,0,0,0,1,0,0,0,0,2,1,6,6,3,-1,-1,-1,-1,-1,-1,-1,-1,0,-1
2020010244906,2020,010244906,2,1,0,18,19,1,5,0,0,1,0,10,0,0,1,1,6,6,1,45,7,-1,-1,-1,-1,4,E01001674,0,-1
2020370989195,2020,370989195,1,90,0,18,19,4,8,0,0,1,0,0,0,0,1,1,6,6,1,-1,-1,-1,-1,-1,-1,-1,-1,0,-1
2020522005048,2020,522005048,2,9,0,18,19,6,2,0,0,0,0,0,0,0,1,1,6,6,3,-1,-1,-1,-1,-1,-1,-1,-1,0,-1
2020460965256,2020,460965256,2,1,0,18,19,1,5,9,9,0,0,0,0,0,4,1,5,6,2,14,3,-1,-1,-1,-1,9,E01023999,0,-1
2020460943848,2020,460943848,1,1,0,18,19,1,5,0,0,4,0,10,0,0,1,1,6,6,2,35,6,-1,-1,-1,-1,2,E01024247,0,-1
2020010275188,2020,010275188,1,1,9,99,99,9,9,99,99,9,9,99,9,99,9,1,2,2,1,44,7,-1,-1,-1,-1,5,E01004522,0,-1
202031D071420,2020,31D071420,1,3,0,18,19,5,1,0,0,8,0,0,0,0,1,1,6,6,1,18,4,-1,-1,-1,-1,10,E01028401,0,-1
2020460941252,2020,460941252,2,9,0,18,19,7,3,0,0,0,0,0,0,0,2,1,6,6,3,-1,-1,-1,-1,-1,-1,-1,-1,0,-1
202006G267675,2020,06G267675,1,9,0,18,19,6,2,0,0,8,0,0,0,0,1,1,6,6,1,25,5,-1,-1,-1,-1,2,E01012579,0,-1
2020350919152,2020,350919152,1,9,0,18,19,5,1,0,0,0,1,10,8,4,1,1,5,6,1,23,5,-1,-1,-1,-1,7,E01032024,0,-1
2020522100629,2020,522100629,4,9,0,4,4,1,5,0,0,0,0,0,0,0,2,1,6,6,1,48,8,-1,-1,-1,-1,2,E01005389,0,-1
2020010259758,2020,010259758,1,9,0,18,19,-1,-1,0,0,8,0,0,0,0,3,1,6,6,3,-1,-1,-1,-1,-1,-1,-1,-1,0,-1