collision_index,collision_year,collision_ref_no,vehicle_reference,vehicle_type,towing_and_articulation,vehicle_manoeuvre_historic,vehicle_manoeuvre,vehicle_direction_from,vehicle_direction_to,vehicle_location_restricted_lane_historic,vehicle_location_restricted_lane,junction_location,skidding_and_overturning,hit_object_in_carriageway,vehicle_leaving_carriageway,hit_object_off_carriageway,first_point_of_impact,vehicle_left_hand_drive,journey_purpose_of_driver_historic,journey_purpose_of_driver,sex_of_driver,age_of_driver,age_band_of_driver,engine_capacity_cc,propulsion_code,age_of_vehicle,generic_make_model,driver_imd_decile,lsoa_of_driver,escooter_flag,driver_distance_banding
2020990947374,2020,990947374,2,1,0,18,19,3,7,0,0,0,5,0,0,0,2,1,6,6,1,33,6,-1,-1,-1,-1,6,-1,0,-1
2020522001904,2020,522001904,1,1,0,18,19,1,5,0,0,1,0,0,0,0,1,1,6,6,1,29,6,-1,-1,-1,-1,6,E01014614,0,-1
2020420979086,2020,420979086,1,1,0,18,19,3,7,0,0,0,1,0,0,0,2,1,6,6,1,-1,-1,-1,-1,-1,-1,7,E01029899,0,-1
2020122001011,2020,122001011,2,1,0,16,19,1,5,0,0,0,1,0,0,0,1,1,6,6,1,54,8,-1,-1,-1,-1,9,E01012237,0,-1
2020010240465,2020,010240465,2,8,0,99,99,9,9,99,99,9,9,99,9,99,9,9,6,6,3,-1,-1,-1,-1,-1,-1,-1,-1,0,-1
2020010249695,2020,010249695,1,1,9,99,99,9,9,99,99,0,9,99,9,99,2,1,6,6,1,38,7,-1,-1,-1,-1,3,E01004734,0,-1
2020040986681,2020,040986681,2,97,0,18,19,3,7,0,0,1,2,0,0,0,1,1,6,6,1,23,5,-1,-1,-1,-1,2,E01025234,0,-1
2020471007622,2020,471007622,2,1,0,18,19,5,1,0,0,8,0,0,0,0,4,1,2,2,2,29,6,-1,-1,-1,-1,1,E01016885,0,-1
2020201019266,2020,201019266,1,9,0,18,19,6,8,0,0,1,0,10,1,10,1,1,6,6,1,-1,-1,-1,-1,-1,-1,-1,-1,0,-1
202031C004920,2020,31C004920,2,1,0,18,19,3,7,0,0,8,0,0,0,0,1,1,6,6,2,29,6,-1,-1,-1,-1,2,E01013919,0,-1
2020460925511,2020,460925511,2,9,0,2,2,0,0,9,9,0,0,0,0,0,4,1,6,6,3,-1,-1,-1,-1,-1,-1,-1,-1,0,-1
2020610001520,2020,610001520,1,9,0,5,5,8,4,0,0,8,0,0,0,0,1,1,6,6,3,-1,-1,-1,-1,-1,-1,-1,-1,0,-1
2020460980040,2020,460980040,2,9,0,18,19,1,5,0,0,0,0,0,0,0,2,1,6,6,3,-1,-1,-1,-1,-1,-1,-1,-1,0,-1
2020010261884,2020,010261884,2,9,0,99,99,9,9,99,99,0,9,99,9,99,1,9,6,6,3,-1,-1,-1,-1,-1,-1,-1,-1,0,-1
202031C122520,2020,31C122520,1,1,0,18,19,2,6,0,0,8,0,0,0,0,1,1,2,2,1,37,7,-1,-1,-1,-1,9,E01028180,0,-1
202031C149320,2020,31C149320,2,1,0,18,19,1,5,0,0,6,0,0,0,0,1,1,6,6,1,61,9,-1,-1,-1,-1,4,E01013964,0,-1
202006N173069,2020,06N173069,2,9,0,18,19,6,2,0,0,2,0,0,0,0,4,1,6,6,3,-1,-1,-1,-1,-1,-1,-1,-1,0,-1
2020010241434,2020,010241434,1,1,0,18,19,3,7,4,4,2,0,0,0,0,0,1,1,1,1,65,9,-1,-1,-1,-1,9,E01002929,0,-1
2020010272016,2020,010272016,1,1,9,99,99,9,9,99,99,8,9,99,9,99,9,1,6,6,1,30,6,-1,-1,-1,-1,9,E01004607,0,-1
2020070195846,2020,070195846,2,1,0,18,19,3,7,0,0,1,0,0,0,0,3,1,6,6,2,32,6,-1,-1,-1,-1,3,E01012391,0,-1
2020350958894,2020,350958894,1,9,0,16,19,4,5,0,0,1,0,0,0,0,1,1,6,6,2,-1,-1,-1,-1,-1,-1,-1,-1,0,-1
2020040959890,2020,040959890,2,9,0,9,9,3,1,0,0,5,0,0,0,0,2,1,1,1,1,51,8,-1,-1,-1,-1,3,E01012734,0,-1
2020990942243,2020,990942243,1,97,0,18,19,3,7,0,0,0,0,0,0,0,4,1,6,6,3,20,4,-1,-1,-1,-1,-1,-1,0,-1
2020010273834,2020,010273834,1,1,9,99,99,9,9,99,99,9,9,99,9,99,1,1,2,2,1,41,7,-1,-1,-1,-1,5,E01001658,0,-1
2020010263331,2020,010263331,2,9,0,7,7,1,3,0,0,2,0,0,0,0,2,1,6,6,3,-1,-1,-1,-1,-1,-1,-1,-1,0,-1
2020010241101,2020,010241101,1,9,0,18,19,5,1,0,0,6,0,0,0,0,1,1,2,2,1,34,6,-1,-1,-1,-1,7,E01002172,0,-1
2020622000489,2020,622000489,2,9,0,7,7,6,2,0,0,8,0,0,0,0,1,1,6,6,2,33,6,-1,-1,-1,-1,1,W01001166,0,-1
2020302001565,2020,302001565,2,9,0,17,19,6,3,0,0,0,0,0,0,0,1,1,6,6,1,72,10,-1,-1,-1,-1,2,E01013552,0,-1
2020010263102,2020,010263102,2,1,0,7,7,7,1,4,4,1,0,0,0,0,3,1,2,2,1,35,6,-1,-1,-1,-1,3,E01004217,0,-1
2020410956742,2020,410956742,2,1,0,18,19,3,7,0,0,0,0,0,0,0,1,1,6,6,1,56,9,-1,-1,-1,-1,10,E01023881,0,-1
2020440284055,2020,440284055,1,9,4,5,5,4,8,0,0,8,0,0,0,0,3,1,6,6,1,43,7,-1,-1,-1,-1,8,E01023195,0,-1
2020100928025,2020,100928025,2,1,-1,-1,-1,-1,-1,-1,-1,0,-1,-1,-1,0,-1,1,5,6,1,16,4,-1,-1,-1,-1,9,E01008556,0,-1
2020160947648,2020,160947648,5,9,0,2,2,0,0,6,6,2,0,0,0,0,2,1,6,6,3,-1,-1,-1,-1,-1,-1,-1,-1,0,-1
2020052001531,2020,052001531,1,9,0,18,19,7,3,0,0,0,0,0,0,0,1,1,6,6,3,-1,-1,-1,-1,-1,-1,-1,-1,0,-1
2020100969202,2020,100969202,1,19,0,15,15,7,3,0,0,0,0,0,0,0,4,1,6,6,3,-1,-1,-1,-1,-1,-1,-1,-1,0,-1
2020010256773,2020,010256773,1,9,0,4,4,1,5,0,0,2,0,11,0,0,1,1,6,6,1,58,9,-1,-1,-1,-1,2,E01002087,0,-1
2020010245893,2020,010245893,2,1,0,18,19,4,8,9,9,1,0,0,0,0,1,1,6,6,2,32,6,-1,-1,-1,-1,8,E01002993,0,-1
2020520002938,2020,520002938,2,1,0,18,19,7,3,0,0,8,0,0,0,0,1,1,6,6,2,31,6,-1,-1,-1,-1,6,E01029331,0,-1
2020430312604,2020,430312604,3,9,0,3,3,7,3,0,0,0,0,0,0,0,2,1,6,6,1,55,8,-1,-1,-1,-1,10,E01016184,0,-1
2020350952099,2020,350952099,2,9,0,17,19,6,2,0,0,1,0,0,1,0,1,1,1,1,1,27,6,-1,-1,-1,-1,4,E01026787,0,-1
2020200943636,2020,200943636,2,9,0,17,19,3,7,0,0,1,0,10,1,0,1,1,1,1,2,71,10,-1,-1,-1,-1,8,E01010171,0,-1
202060Y134640,2020,60Y134640,2,9,0,9,9,8,6,0,0,5,0,0,0,0,2,1,6,6,1,72,10,-1,-1,-1,-1,-1,-1,0,-1
2020990947452,2020,990947452,2,1,0,18,19,3,7,0,0,0,0,0,0,0,3,1,5,6,1,67,10,-1,-1,-1,-1,10,-1,0,-1
2020010236271,2020,010236271,2,9,9,99,99,9,9,99,99,9,9,99,9,99,9,9,6,6,3,-1,-1,-1,-1,-1,-1,-1,-1,0,-1
2020160963938,2020,160963938,5,9,0,2,2,0,0,0,0,0,0,4,0,0,1,1,6,6,3,-1,-1,-1,-1,-1,-1,-1,-1,0,-1
2020010230825,2020,010230825,1,1,9,99,99,9,9,99,99,9,9,99,9,99,9,-1,2,2,1,-1,-1,-1,-1,-1,-1,3,E01003998,0,-1
2020430223767,2020,430223767,2,1,0,18,19,6,1,0,0,8,0,0,0,0,2,1,6,6,1,16,4,-1,-1,-1,-1,3,E01028553,0,-1
2020040948629,2020,040948629,2,9,0,2,2,0,0,0,0,0,0,0,0,0,1,1,6,6,3,-1,-1,-1,-1,-1,-1,-1,-1,0,-1
2020010282511,2020,010282511,1,1,9,99,99,9,9,99,99,9,9,99,9,99,9,1,2,2,1,26,6,-1,-1,-1,-1,5,E01004046,0,-1
2020010238150,2020,010238150,1,9,0,18,19,3,7,0,0,0,0,0,0,0,1,1,6,6,2,34,6,-1,-1,-1,-1,2,E01033352,0,-1
2020500983861,2020,500983861,2,1,0,3,3,7,3,0,0,0,0,0,0,0,1,1,6,6,2,50,8,-1,-1,-1,-1,4,E01018972,0,-1
2020070035007,2020,070035007,2,98,4,5,5,1,5,8,6,0,0,0,0,0,0,1,6,6,3,-1,-1,-1,-1,-1,-1,-1,-1,0,-1
2020230927452,2020,230927452,1,9,0,4,4,1,5,0,0,1,0,0,0,0,1,1,6,6,1,34,6,-1,-1,-1,-1,-1,-1,0,-1
2020522002038,2020,522002038,1,1,0,18,19,5,1,0,0,4,0,0,0,0,1,1,6,6,1,25,5,-1,-1,-1,-1,2,E01014630,0,-1
2020460983419,2020,460983419,2,1,0,18,19,3,7,0,0,0,0,0,0,0,1,1,5,6,1,54,8,-1,-1,-1,-1,6,E01016142,0,-1
2020410957081,2020,410957081,2,1,0,10,10,2,8,0,0,2,5,0,0,0,1,1,1,1,2,22,5,-1,-1,-1,-1,10,E01023770,0,-1
2020332000890,2020,332000890,2,9,0,18,19,7,3,0,0,8,0,0,0,0,1,1,6,6,1,26,6,-1,-1,-1,-1,9,E01025859,0,-1
2020010269288,2020,010269288,2,1,0,18,19,1,5,0,0,1,0,0,0,0,3,1,2,2,1,56,9,-1,-1,-1,-1,4,E01004447,0,-1
2020041011609,2020,041011609,1,9,0,7,7,3,2,0,0,0,0,0,0,0,1,1,6,6,3,-1,-1,-1,-1,-1,-1,-1,-1,0,-1
2020552100198,2020,552100198,1,1,0,18,19,4,8,0,0,0,0,0,0,0,1,1,6,6,1,67,10,-1,-1,-1,-1,7,E01020480,0,-1
2020101002760,2020,101002760,1,1,0,18,19,1,5,9,9,0,0,0,0,0,1,1,6,6,1,-1,-1,-1,-1,-1,-1,-1,-1,0,-1
2020052001076,2020,052001076,2,1,0,18,19,5,1,0,0,1,0,0,0,0,4,1,2,2,1,67,10,-1,-1,-1,-1,1,E01006758,0,-1
2020070697290,2020,070697290,2,1,0,18,19,3,7,4,4,1,0,0,0,0,4,1,6,6,1,15,3,-1,-1,-1,-1,8,E01012495,0,-1
2020010240538,2020,010240538,1,8,0,3,3,2,6,0,0,3,0,0,0,0,2,1,1,1,1,57,9,-1,-1,-1,-1,3,E01000055,0,-1
2020440460728,2020,440460728,2,1,0,18,19,2,6,0,0,8,0,0,0,0,1,1,6,6,1,41,7,-1,-1,-1,-1,10,E01022590,0,-1
2020031009398,2020,031009398,2,19,0,2,2,0,0,0,0,1,0,4,0,0,2,1,6,6,3,-1,-1,-1,-1,-1,-1,-1,-1,0,-1
2020332000488,2020,332000488,2,9,0,18,19,1,5,0,0,6,0,0,0,0,0,1,6,6,1,20,4,-1,-1,-1,-1,-1,-1,0,-1
2020371021202,2020,371021202,3,9,0,4,4,1,5,0,0,1,0,0,0,0,1,1,1,1,1,50,8,-1,-1,-1,-1,5,E01026940,0,-1
2020410949825,2020,410949825,1,9,0,9,9,8,6,9,9,1,0,0,0,0,3,1,6,6,1,19,4,-1,-1,-1,-1,6,E01023903,0,-1
2020010266492,2020,010266492,2,1,0,13,13,6,2,0,0,1,0,0,0,0,1,1,1,1,1,48,8,-1,-1,-1,-1,5,E01004370,0,-1
2020430022489,2020,430022489,2,9,0,18,19,8,4,0,0,4,0,0,0,0,1,1,6,6,2,-1,-1,-1,-1,-1,-1,-1,-1,0,-1
2020430298515,2020,430298515,1,9,0,9,9,4,2,0,0,8,0,0,0,0,1,1,6,6,1,-1,-1,-1,-1,-1,-1,-1,-1,0,-1
2020010273615,2020,010273615,2,-1,0,5,5,3,7,0,0,0,1,0,0,0,3,1,6,6,1,25,5,-1,-1,-1,-1,3,E01001262,1,-1
2020351006955,2020,351006955,1,9,0,4,4,5,1,0,0,0,0,0,0,0,0,1,6,6,1,46,8,-1,-1,-1,-1,10,E01018232,0,-1
2020010241199,2020,010241199,2,9,0,99,99,9,9,99,99,9,9,99,9,99,1,9,6,6,3,-1,-1,-1,-1,-1,-1,-1,-1,0,-1
2020170M11140,2020,170M11140,1,9,0,18,19,7,3,0,0,1,0,0,0,0,1,1,6,6,3,-1,-1,-1,-1,-1,-1,-1,-1,0,-1
2020450954098,2020,450954098,2,1,0,17,19,8,5,0,0,8,0,0,0,0,2,1,5,6,1,30,6,-1,-1,-1,-1,5,E01030971,0,-1
2020010280671,2020,010280671,1,1,9,99,99,9,9,99,99,1,9,99,9,99,0,1,6,6,1,35,6,-1,-1,-1,-1,5,E01001381,0,-1
2020010283661,2020,010283661,2,3,0,15,15,8,4,0,0,0,5,0,0,0,0,1,6,6,1,34,6,-1,-1,-1,-1,6,E01003416,0,-1
2020610031720,2020,610031720,1,97,0,18,19,5,1,0,0,0,0,0,0,0,1,1,6,6,1,31,6,-1,-1,-1,-1,-1,-1,0,-1
2020370987800,2020,370987800,3,9,0,2,2,0,0,0,0,0,0,0,0,0,0,1,6,6,3,-1,-1,-1,-1,-1,-1,-1,-1,0,-1
2020440022925,2020,440022925,4,19,0,3,3,2,6,0,0,0,0,0,0,0,2,1,6,6,1,39,7,-1,-1,-1,-1,5,E01030609,0,-1
202006A373774,2020,06A373774,1,9,0,18,19,3,7,0,0,0,0,0,0,0,1,1,6,6,3,-1,-1,-1,-1,-1,-1,-1,-1,0,-1
2020302000205,2020,302000205,2,1,0,18,19,6,4,0,0,3,0,0,0,0,3,1,6,6,1,-1,-1,-1,-1,-1,-1,-1,-1,0,-1
202060Y173791,2020,60Y173791,2,9,0,18,19,2,6,0,0,0,0,0,4,6,2,1,6,6,2,36,7,-1,-1,-1,-1,-1,-1,0,-1
2020010254559,2020,010254559,1,9,0,99,99,9,9,99,99,1,9,99,9,99,1,9,6,6,1,54,8,-1,-1,-1,-1,3,E01000441,0,-1
2020440125274,2020,440125274,2,1,0,18,19,5,3,0,0,8,0,0,0,0,3,1,6,6,2,27,6,-1,-1,-1,-1,6,E01023104,0,-1
202060Y127507,2020,60Y127507,1,9,0,18,19,1,5,0,0,0,2,0,0,0,0,1,6,6,2,46,8,-1,-1,-1,-1,-1,-1,0,-1
2020170M10820,2020,170M10820,2,1,0,18,19,1,5,0,0,6,0,0,0,0,1,1,6,6,1,35,6,-1,-1,-1,-1,1,E01012037,0,-1
2020332000425,2020,332000425,2,9,0,4,4,2,6,0,0,1,0,0,3,0,2,1,6,6,1,31,6,-1,-1,-1,-1,6,E01013801,0,-1
2020010241415,2020,010241415,2,9,0,99,99,9,9,99,99,1,9,99,9,99,1,9,6,6,3,-1,-1,-1,-1,-1,-1,-1,-1,0,-1
2020010285086,2020,010285086,2,9,0,99,99,9,9,99,99,9,9,99,9,99,1,9,6,6,3,-1,-1,-1,-1,-1,-1,-1,-1,0,-1
2020160993511,2020,160993511,1,9,0,18,19,2,6,0,0,1,0,0,0,0,1,1,6,6,3,-1,-1,-1,-1,-1,-1,-1,-1,0,-1
202054A903020,2020,54A903020,2,1,0,3,3,1,5,0,0,1,0,0,0,0,1,1,6,6,1,54,8,-1,-1,-1,-1,8,E01031977,0,-1
2020010264099,2020,010264099,2,9,0,99,99,9,9,99,99,0,9,99,9,99,1,9,6,6,1,-1,-1,-1,-1,-1,-1,-1,-1,0,-1
2020010233180,2020,010233180,1,9,0,99,99,9,9,99,99,9,9,99,9,99,1,9,6,6,3,-1,-1,-1,-1,-1,-1,-1,-1,0,-1
2020460994409,2020,460994409,1,21,0,3,3,7,3,0,0,0,0,0,0,0,2,1,6,6,3,-1,-1,-1,-1,-1,-1,-1,-1,0,-1
2020430441927,2020,430441927,2,1,0,18,19,3,8,0,0,8,0,0,0,0,1,1,6,6,1,39,7,-1,-1,-1,-1,8,E01028614,0,-1
2020421003173,2020,421003173,2,1,0,18,19,7,3,0,0,0,0,0,0,0,2,1,6,6,1,56,9,-1,-1,-1,-1,3,E01015884,0,-1
2020370983278,2020,370983278,1,97,0,-1,-1,-1,-1,-1,-1,-1,-1,-1,-1,0,-1,1,6,6,1,-1,-1,-1,-1,-1,-1,-1,-1,0,-1
202060Y126649,2020,60Y126649,1,9,0,4,4,3,7,7,6,0,0,0,0,0,4,1,6,6,1,61,9,-1,-1,-1,-1,-1,-1,0,-1
2020410986924,2020,410986924,1,9,0,18,19,3,8,0,0,2,0,0,0,0,1,1,6,6,1,-1,-1,-1,-1,-1,-1,-1,-1,0,-1
2020340E01962,2020,340E01962,2,1,0,2,2,7,3,0,0,6,0,0,0,0,2,1,6,6,1,27,6,-1,-1,-1,-1,6,E01027045,0,-1
2020470971025,2020,470971025,2,1,0,18,19,1,5,0,0,8,0,0,0,0,1,1,2,2,1,28,6,-1,-1,-1,-1,8,E01031457,0,-1
2020522005145,2020,522005145,2,9,0,5,5,3,7,0,0,3,0,0,0,0,0,1,6,6,3,-1,-1,-1,-1,-1,-1,-1,-1,0,-1
2020470917964,2020,470917964,2,9,0,17,19,6,3,0,0,0,0,0,0,0,1,1,5,6,2,17,4,-1,-1,-1,-1,6,E01031499,0,-1
2020302000763,2020,302000763,2,1,0,18,19,8,4,9,9,0,0,0,0,0,1,1,6,6,1,26,6,-1,-1,-1,-1,2,E01019542,0,-1
2020522002115,2020,522002115,2,9,0,18,19,2,5,0,0,8,0,0,0,0,3,1,1,1,1,36,7,-1,-1,-1,-1,9,E01014943,0,-1
2020410946516,2020,410946516,1,9,0,7,7,7,2,0,0,3,0,0,0,0,4,1,1,1,1,60,9,-1,-1,-1,-1,10,E01023628,0,-1
202006L271634,2020,06L271634,2,9,0,18,19,7,3,0,0,4,0,0,0,0,1,1,6,6,2,30,6,-1,-1,-1,-1,-1,-1,0,-1
2020010282905,2020,010282905,2,9,0,4,4,3,7,0,0,1,0,0,0,0,2,1,6,6,3,-1,-1,-1,-1,-1,-1,-1,-1,0,-1
2020522000123,2020,522000123,2,1,0,18,19,5,1,0,0,1,0,0,0,0,4,1,6,6,1,35,6,-1,-1,-1,-1,-1,-1,0,-1
2020010261406,2020,010261406,2,9,0,18,19,1,5,0,0,1,0,0,0,0,1,1,1,1,1,53,8,-1,-1,-1,-1,3,E01001240,0,-1
2020440489030,2020,440489030,1,1,0,18,19,5,1,0,0,1,0,0,0,0,1,1,6,6,2,26,6,-1,-1,-1,-1,4,E01017104,0,-1
2020320489067,2020,320489067,1,9,0,18,19,7,3,0,0,1,0,0,0,0,0,1,6,6,3,40,7,-1,-1,-1,-1,-1,-1,0,-1
202060Y150952,2020,60Y150952,2,9,0,3,3,8,4,0,0,0,0,0,0,0,3,1,6,6,2,33,6,-1,-1,-1,-1,-1,-1,0,-1
2020470936677,2020,470936677,1,19,0,12,12,5,1,0,0,0,0,0,0,0,3,2,1,1,1,58,9,-1,-1,-1,-1,-1,-1,0,-1
20201371V1473,2020,1371V1473,2,3,0,18,19,2,6,0,0,1,2,0,0,0,0,1,6,6,1,35,6,-1,-1,-1,-1,4,E01011909,0,-1
2020010276694,2020,010276694,2,1,0,18,19,3,7,0,0,8,0,0,0,0,1,1,1,1,1,37,7,-1,-1,-1,-1,2,E01001218,0,-1
2020400959092,2020,400959092,2,9,0,18,19,2,6,0,0,1,0,0,0,0,4,1,5,6,1,34,6,-1,-1,-1,-1,9,E01026997,0,-1
2020010273315,2020,010273315,2,-1,9,99,99,9,9,99,99,9,9,99,9,99,9,1,6,6,1,33,6,-1,-1,-1,-1,1,E01001458,1,-1
2020450923276,2020,450923276,1,1,0,18,19,5,1,0,0,3,2,0,0,0,3,1,5,6,1,45,7,-1,-1,-1,-1,10,E01030682,0,-1
2020340W04842,2020,340W04842,2,1,0,18,19,6,2,0,0,8,0,0,0,0,1,1,6,6,1,45,7,-1,-1,-1,-1,9,E01027260,0,-1
2020340W05842,2020,340W05842,2,1,0,18,19,5,1,0,0,8,5,0,0,0,4,1,6,6,1,70,10,-1,-1,-1,-1,9,E01027345,0,-1
20201375Q1232,2020,1375Q1232,2,9,0,4,4,5,1,0,0,0,0,0,0,0,2,2,6,6,1,43,7,-1,-1,-1,-1,-1,-1,0,-1
2020421001993,2020,421001993,1,9,0,9,9,1,7,0,0,0,0,0,0,0,1,1,6,6,3,-1,-1,-1,-1,-1,-1,-1,-1,0,-1
2020460923925,2020,460923925,1,9,0,18,19,4,8,0,0,0,2,0,7,0,1,1,5,6,1,18,4,-1,-1,-1,-1,5,E01024577,0,-1
2020010273267,2020,010273267,2,1,0,9,9,3,1,0,0,1,0,0,0,0,1,1,1,1,1,50,8,-1,-1,-1,-1,7,E01002494,0,-1
2020100963149,2020,100963149,2,1,0,18,19,5,1,0,0,8,0,0,0,0,2,1,2,2,1,23,5,-1,-1,-1,-1,10,E01008355,0,-1
2020440367389,2020,440367389,1,1,0,18,19,1,5,0,0,0,0,0,0,0,3,1,2,2,1,52,8,-1,-1,-1,-1,5,E01017126,0,-1
2020100996733,2020,100996733,1,1,0,9,9,7,3,0,0,1,1,0,0,0,1,1,5,6,1,71,10,-1,-1,-1,-1,5,E01027500,0,-1
2020052001745,2020,052001745,1,9,0,18,19,3,7,0,0,2,0,0,0,0,1,1,6,6,3,-1,-1,-1,-1,-1,-1,-1,-1,0,-1
2020201018780,2020,201018780,1,98,0,13,13,8,4,0,0,8,0,0,0,0,1,1,6,6,2,-1,-1,-1,-1,-1,-1,-1,-1,0,-1
2020052001846,2020,052001846,1,9,0,18,19,8,4,0,0,0,0,0,0,0,1,9,6,6,3,-1,-1,-1,-1,-1,-1,-1,-1,0,-1
2020420994164,2020,420994164,1,9,0,4,4,4,8,0,0,0,0,0,0,0,1,1,6,6,3,-1,-1,-1,-1,-1,-1,-1,-1,0,-1
2020070404288,2020,070404288,2,19,0,7,7,1,5,0,0,1,0,0,0,0,0,1,6,6,3,40,7,-1,-1,-1,-1,-1,-1,0,-1
2020302000202,2020,302000202,1,9,0,18,19,8,4,0,0,0,0,0,0,0,3,1,6,6,3,-1,-1,-1,-1,-1,-1,5,E01019456,0,-1
2020040983547,2020,040983547,2,9,4,18,19,5,1,0,0,0,0,0,0,0,1,1,1,1,1,27,6,-1,-1,-1,-1,4,E01025508,0,-1
2020010257045,2020,010257045,2,1,0,18,19,1,5,9,9,2,0,0,0,0,1,1,6,6,1,28,6,-1,-1,-1,-1,5,E01003018,0,-1
2020332000732,2020,332000732,1,9,0,9,9,4,2,0,0,6,0,0,7,10,1,1,6,6,2,57,9,-1,-1,-1,-1,2,E01013624,0,-1
2020320295553,2020,320295553,1,9,0,18,19,1,5,0,0,0,0,0,0,0,1,1,6,6,3,40,7,-1,-1,-1,-1,-1,-1,0,-1
202060Y013674,2020,60Y013674,1,9,0,18,19,7,3,0,0,0,0,0,0,0,4,1,6,6,1,71,10,-1,-1,-1,-1,-1,-1,0,-1
202031C091520,2020,31C091520,2,1,0,18,19,1,5,0,0,8,0,0,0,0,2,1,2,2,1,48,8,-1,-1,-1,-1,4,E01028130,0,-1
2020451006627,2020,451006627,2,90,0,18,19,7,3,0,0,0,0,0,0,0,0,1,6,6,3,30,6,-1,-1,-1,-1,-1,-1,0,-1
2020010263968,2020,010263968,2,9,9,99,99,9,9,0,0,0,9,99,0,0,9,1,6,6,3,-1,-1,-1,-1,-1,-1,-1,-1,0,-1
2020010249429,2020,010249429,2,9,0,99,99,9,9,99,99,9,9,99,9,99,2,9,6,6,3,-1,-1,-1,-1,-1,-1,-1,-1,0,-1
2020450977747,2020,450977747,1,1,0,18,19,3,7,0,0,3,2,0,0,0,4,1,5,6,1,16,4,-1,-1,-1,-1,10,E01030992,0,-1
2020360957726,2020,360957726,2,1,0,18,19,5,1,0,0,0,0,0,0,0,2,1,5,6,1,18,4,-1,-1,-1,-1,1,E01026626,0,-1
2020010284115,2020,010284115,1,9,0,18,19,5,1,0,0,1,0,0,0,0,1,1,6,6,3,-1,-1,-1,-1,-1,-1,-1,-1,0,-1
2020302001082,2020,302001082,2,3,0,18,19,1,5,0,0,8,0,0,0,0,2,1,6,6,1,25,5,-1,-1,-1,-1,3,E01013513,0,-1
2020320654528,2020,320654528,1,19,0,18,19,5,1,0,0,0,0,0,0,0,1,1,6,6,3,40,7,-1,-1,-1,-1,-1,-1,0,-1
2020010234146,2020,010234146,1,9,0,4,4,8,4,0,0,0,0,10,7,2,1,1,6,6,1,57,9,-1,-1,-1,-1,9,E01002512,0,-1
2020440250147,2020,440250147,2,9,0,4,4,3,7,0,0,1,0,0,0,0,2,1,6,6,1,68,10,-1,-1,-1,-1,6,E01033239,0,-1
2020332000751,2020,332000751,1,9,0,18,19,5,1,0,0,2,0,0,0,0,1,1,2,2,2,26,6,-1,-1,-1,-1,8,E01025679,0,-1
2020500939220,2020,500939220,2,9,0,18,19,1,5,0,0,0,0,0,0,0,2,1,1,1,2,30,6,-1,-1,-1,-1,5,E01019974,0,-1
2020200999763,2020,200999763,1,9,0,18,19,3,7,0,0,2,0,0,0,0,0,1,6,6,3,-1,-1,-1,-1,-1,-1,-1,-1,0,-1
2020440332532,2020,440332532,2,1,0,18,19,8,4,0,0,1,0,0,0,0,1,1,6,6,1,55,8,-1,-1,-1,-1,5,E01017067,0,-1
2020350990596,2020,350990596,1,9,0,18,19,5,1,0,0,0,1,0,1,0,3,1,6,6,1,34,6,-1,-1,-1,-1,6,E01018016,0,-1
2020010254133,2020,010254133,1,1,9,99,99,9,9,99,99,9,9,99,9,99,9,1,6,6,1,48,8,-1,-1,-1,-1,3,E01002542,0,-1
2020520002638,2020,520002638,1,9,0,9,9,1,7,0,0,8,0,0,0,0,1,1,6,6,2,24,5,-1,-1,-1,-1,5,E01029253,0,-1
2020450958604,2020,450958604,2,1,0,5,5,5,7,0,0,6,1,0,0,0,2,1,5,6,1,61,9,-1,-1,-1,-1,9,E01001279,0,-1
202060Y138155,2020,60Y138155,1,3,0,8,8,2,6,0,0,1,0,0,0,0,2,1,2,2,2,43,7,-1,-1,-1,-1,-1,-1,0,-1
2020010256027,2020,010256027,2,9,0,99,99,9,9,99,99,9,9,99,9,99,2,9,6,6,3,-1,-1,-1,-1,-1,-1,-1,-1,0,-1
2020052000768,2020,052000768,1,9,0,9,9,3,1,0,0,5,0,0,0,0,0,1,6,6,3,-1,-1,-1,-1,-1,-1,-1,-1,0,-1
202006XF74330,2020,06XF74330,2,21,1,18,19,6,2,0,0,0,0,0,0,0,1,1,1,1,1,65,9,-1,-1,-1,-1,6,E01004930,0,-1
2020052000587,2020,052000587,1,9,0,18,19,7,3,0,0,1,0,0,0,0,0,1,6,6,3,-1,-1,-1,-1,-1,-1,-1,-1,0,-1
2020140953660,2020,140953660,1,1,0,18,19,5,1,0,0,2,0,0,0,0,0,1,5,6,1,6,2,-1,-1,-1,-1,6,E01007688,0,-1
2020137660369,2020,137660369,2,1,0,18,19,5,1,0,0,1,0,0,0,0,1,1,6,6,1,25,5,-1,-1,-1,-1,-1,-1,0,-1
2020010242373,2020,010242373,1,9,0,99,99,9,9,99,99,0,9,99,9,99,1,9,6,6,1,44,7,-1,-1,-1,-1,1,E01001876,0,-1
2020010265280,2020,010265280,2,1,0,9,9,3,1,0,0,4,0,0,0,0,1,1,2,2,1,40,7,-1,-1,-1,-1,10,E01023550,0,-1
2020010274852,2020,010274852,2,1,0,8,8,1,3,0,0,3,0,0,1,0,1,1,2,2,1,64,9,-1,-1,-1,-1,7,E01004175,0,-1
2020010277157,2020,010277157,2,9,0,99,99,9,9,99,99,8,9,99,9,99,0,9,6,6,3,30,6,-1,-1,-1,-1,-1,-1,0,-1
2020990999822,2020,990999822,2,1,0,18,19,5,2,5,5,1,0,0,0,0,3,1,5,6,2,45,7,-1,-1,-1,-1,9,-1,0,-1
202060Y150200,2020,60Y150200,1,9,0,9,9,4,1,0,0,8,0,0,0,0,1,1,2,2,1,20,4,-1,-1,-1,-1,-1,-1,0,-1
2020332000669,2020,332000669,2,9,0,18,19,3,7,0,0,0,0,0,0,0,2,1,6,6,1,26,6,-1,-1,-1,-1,9,E01025776,0,-1
2020340C07772,2020,340C07772,2,9,0,18,19,5,1,0,0,0,0,0,0,0,3,1,6,6,1,31,6,-1,-1,-1,-1,9,E01032335,0,-1
2020110956660,2020,110956660,1,9,0,18,19,7,3,0,0,1,0,0,0,0,1,1,6,6,3,30,6,-1,-1,-1,-1,-1,-1,0,-1
2020332000947,2020,332000947,2,19,0,2,2,0,0,6,6,0,0,0,0,0,2,1,2,2,1,-1,-1,-1,-1,-1,-1,8,E01019806,0,-1